[
    {
        "date": "2021-02-22T09:51:40.290Z",
        "value": "11.162408384467584",
        "cumulative": false
    },
    {
        "date": "2021-02-22T09:53:13.732Z",
        "value": "9.107585299744898",
        "cumulative": false
    },
    {
        "date": "2021-02-22T09:54:52.084Z",
        "value": "8.090475840111301",
        "cumulative": false
    },
    {
        "date": "2021-02-22T09:56:30.419Z",
        "value": "7.842499465420333",
        "cumulative": false
    },
    {
        "date": "2021-02-22T09:58:06.290Z",
        "value": "7.366598886986301",
        "cumulative": false
    },
    {
        "date": "2021-02-22T09:59:44.817Z",
        "value": "7.218638132220993",
        "cumulative": false
    },
    {
        "date": "2021-02-22T10:01:21.084Z",
        "value": "7.032344141931438",
        "cumulative": false
    },
    {
        "date": "2021-02-22T10:02:58.479Z",
        "value": "7.62346622170814",
        "cumulative": false
    },
    {
        "date": "2021-02-22T10:04:35.755Z",
        "value": "7.25137064848561",
        "cumulative": false
    },
    {
        "date": "2021-02-22T10:06:15.429Z",
        "value": "6.259068659232365",
        "cumulative": false
    },
    {
        "date": "2021-02-22T10:07:54.815Z",
        "value": "6.117738222746255",
        "cumulative": false
    },
    {
        "date": "2021-02-22T10:09:31.998Z",
        "value": "6.736699816645408",
        "cumulative": false
    },
    {
        "date": "2021-02-22T10:11:12.087Z",
        "value": "4.910921695525459",
        "cumulative": false
    },
    {
        "date": "2021-02-22T10:12:49.737Z",
        "value": "6.160915184189002",
        "cumulative": false
    },
    {
        "date": "2021-02-22T10:14:30.712Z",
        "value": "5.181372607846902",
        "cumulative": false
    },
    {
        "date": "2021-02-22T10:16:07.827Z",
        "value": "5.204808795262897",
        "cumulative": false
    },
    {
        "date": "2021-02-22T10:17:44.056Z",
        "value": "5.099392005932897",
        "cumulative": false
    },
    {
        "date": "2021-02-22T10:19:23.331Z",
        "value": "4.668925382653061",
        "cumulative": false
    },
    {
        "date": "2021-02-22T10:20:57.315Z",
        "value": "4.419951375325521",
        "cumulative": false
    },
    {
        "date": "2021-02-22T10:22:33.467Z",
        "value": "4.567979711415816",
        "cumulative": false
    },
    {
        "date": "2021-02-22T10:24:11.488Z",
        "value": "4.16302753316945",
        "cumulative": false
    },
    {
        "date": "2021-02-22T10:25:49.467Z",
        "value": "4.16455889540567",
        "cumulative": false
    },
    {
        "date": "2021-02-22T10:27:27.681Z",
        "value": "4.180633873067876",
        "cumulative": false
    },
    {
        "date": "2021-02-22T10:29:04.458Z",
        "value": "3.4999591376089665",
        "cumulative": false
    },
    {
        "date": "2021-02-22T10:30:45.543Z",
        "value": "3.504028695144575",
        "cumulative": false
    },
    {
        "date": "2021-02-22T10:32:21.845Z",
        "value": "3.732874040772929",
        "cumulative": false
    },
    {
        "date": "2021-02-22T10:33:58.665Z",
        "value": "4.972032165219147",
        "cumulative": false
    },
    {
        "date": "2021-02-22T10:35:37.503Z",
        "value": "3.662764842449362",
        "cumulative": false
    },
    {
        "date": "2021-02-22T10:37:20.424Z",
        "value": "4.032771240234375",
        "cumulative": false
    },
    {
        "date": "2021-02-22T10:38:59.731Z",
        "value": "3.7382164039271557",
        "cumulative": false
    },
    {
        "date": "2021-02-22T10:40:37.660Z",
        "value": "4.875309065934066",
        "cumulative": false
    },
    {
        "date": "2021-02-22T10:42:13.231Z",
        "value": "3.4756723441329656",
        "cumulative": false
    },
    {
        "date": "2021-02-22T10:43:49.293Z",
        "value": "3.4849019050598145",
        "cumulative": false
    },
    {
        "date": "2021-02-22T10:45:26.965Z",
        "value": "5.079237736553785",
        "cumulative": false
    },
    {
        "date": "2021-02-22T10:47:04.201Z",
        "value": "3.8804176082027393",
        "cumulative": false
    },
    {
        "date": "2021-02-22T10:48:42.880Z",
        "value": "3.4996534778225805",
        "cumulative": false
    },
    {
        "date": "2021-02-22T10:50:21.148Z",
        "value": "3.21186773838141",
        "cumulative": false
    },
    {
        "date": "2021-02-22T10:51:54.865Z",
        "value": "3.323063676075269",
        "cumulative": false
    },
    {
        "date": "2021-02-22T10:53:28.818Z",
        "value": "3.3917100163588554",
        "cumulative": false
    },
    {
        "date": "2021-02-22T10:55:05.775Z",
        "value": "4.971590223165011",
        "cumulative": false
    },
    {
        "date": "2021-02-22T10:56:38.734Z",
        "value": "3.7936589786230948",
        "cumulative": false
    },
    {
        "date": "2021-02-22T10:58:14.478Z",
        "value": "5.0122802734375",
        "cumulative": false
    },
    {
        "date": "2021-02-22T10:59:56.828Z",
        "value": "3.0958799784238824",
        "cumulative": false
    },
    {
        "date": "2021-02-22T11:01:34.234Z",
        "value": "3.370958372232049",
        "cumulative": false
    },
    {
        "date": "2021-02-22T11:03:11.348Z",
        "value": "3.1033669738454592",
        "cumulative": false
    },
    {
        "date": "2021-02-22T11:04:47.763Z",
        "value": "2.6671615301393996",
        "cumulative": false
    },
    {
        "date": "2021-02-22T11:06:07.702Z",
        "value": "5.055035174166357",
        "cumulative": false
    },
    {
        "date": "2021-02-22T11:07:45.045Z",
        "value": "3.400480558434311",
        "cumulative": false
    },
    {
        "date": "2021-02-22T11:09:18.949Z",
        "value": "3.4080693493150687",
        "cumulative": false
    },
    {
        "date": "2021-02-22T11:10:54.626Z",
        "value": "3.6902487895588956",
        "cumulative": false
    },
    {
        "date": "2021-02-22T11:12:30.517Z",
        "value": "2.9055720439395794",
        "cumulative": false
    },
    {
        "date": "2021-02-22T11:14:05.796Z",
        "value": "2.8668365328478367",
        "cumulative": false
    },
    {
        "date": "2021-02-22T11:15:42.279Z",
        "value": "3.26865539210563",
        "cumulative": false
    },
    {
        "date": "2021-02-22T11:17:18.606Z",
        "value": "5.434964869638614",
        "cumulative": false
    },
    {
        "date": "2021-02-22T11:18:53.614Z",
        "value": "4.769398210694986",
        "cumulative": false
    },
    {
        "date": "2021-02-22T11:20:27.137Z",
        "value": "3.024085586991053",
        "cumulative": false
    },
    {
        "date": "2021-02-22T11:22:04.665Z",
        "value": "3.3110326248379898",
        "cumulative": false
    },
    {
        "date": "2021-02-22T11:23:41.751Z",
        "value": "4.7391173070790815",
        "cumulative": false
    },
    {
        "date": "2021-02-22T11:25:16.086Z",
        "value": "2.451257594183953",
        "cumulative": false
    },
    {
        "date": "2021-02-22T11:26:53.353Z",
        "value": "4.200274572952058",
        "cumulative": false
    },
    {
        "date": "2021-02-22T11:28:35.314Z",
        "value": "3.0152764776945724",
        "cumulative": false
    },
    {
        "date": "2021-02-22T11:30:10.808Z",
        "value": "3.0369083465091764",
        "cumulative": false
    },
    {
        "date": "2021-02-22T11:31:47.534Z",
        "value": "3.2482011111395255",
        "cumulative": false
    },
    {
        "date": "2021-02-22T11:33:22.682Z",
        "value": "2.957802036830357",
        "cumulative": false
    },
    {
        "date": "2021-02-22T11:34:59.435Z",
        "value": "2.8515950520833333",
        "cumulative": false
    },
    {
        "date": "2021-02-22T11:36:32.057Z",
        "value": "3.0282099509725766",
        "cumulative": false
    },
    {
        "date": "2021-02-22T11:38:09.200Z",
        "value": "3.000091552734375",
        "cumulative": false
    },
    {
        "date": "2021-02-22T11:39:45.784Z",
        "value": "3.1089213232374147",
        "cumulative": false
    },
    {
        "date": "2021-02-22T11:41:21.032Z",
        "value": "3.240147744455645",
        "cumulative": false
    },
    {
        "date": "2021-02-22T11:42:56.673Z",
        "value": "2.6502967387920298",
        "cumulative": false
    },
    {
        "date": "2021-02-22T11:44:32.633Z",
        "value": "2.7787980984518934",
        "cumulative": false
    },
    {
        "date": "2021-02-22T11:46:07.309Z",
        "value": "2.883299577400764",
        "cumulative": false
    },
    {
        "date": "2021-02-22T11:47:44.016Z",
        "value": "4.103803603438699",
        "cumulative": false
    },
    {
        "date": "2021-02-22T11:49:16.858Z",
        "value": "2.946512609687153",
        "cumulative": false
    },
    {
        "date": "2021-02-22T11:50:59.856Z",
        "value": "3.346537841796875",
        "cumulative": false
    },
    {
        "date": "2021-02-22T11:52:32.711Z",
        "value": "3.036677955045218",
        "cumulative": false
    },
    {
        "date": "2021-02-22T11:54:09.594Z",
        "value": "4.181980096726191",
        "cumulative": false
    },
    {
        "date": "2021-02-22T11:55:45.319Z",
        "value": "2.8655517578125",
        "cumulative": false
    },
    {
        "date": "2021-02-22T11:57:20.550Z",
        "value": "2.9046008586883545",
        "cumulative": false
    },
    {
        "date": "2021-02-22T11:58:56.173Z",
        "value": "4.468610907930777",
        "cumulative": false
    },
    {
        "date": "2021-02-22T12:00:30.335Z",
        "value": "3.2112426155293683",
        "cumulative": false
    },
    {
        "date": "2021-02-22T12:02:04.444Z",
        "value": "3.0125732421875",
        "cumulative": false
    },
    {
        "date": "2021-02-22T12:03:37.649Z",
        "value": "2.778025841346154",
        "cumulative": false
    },
    {
        "date": "2021-02-22T12:05:10.463Z",
        "value": "2.8522305427547363",
        "cumulative": false
    },
    {
        "date": "2021-02-22T12:06:44.331Z",
        "value": "2.9278719728473583",
        "cumulative": false
    },
    {
        "date": "2021-02-22T12:08:24.557Z",
        "value": "4.489520277145419",
        "cumulative": false
    },
    {
        "date": "2021-02-22T12:10:00.935Z",
        "value": "3.2515416619575044",
        "cumulative": false
    },
    {
        "date": "2021-02-22T12:11:36.221Z",
        "value": "4.4787744140625",
        "cumulative": false
    },
    {
        "date": "2021-02-22T12:13:17.771Z",
        "value": "2.725223940647991",
        "cumulative": false
    },
    {
        "date": "2021-02-22T12:14:56.372Z",
        "value": "2.9356377239747116",
        "cumulative": false
    },
    {
        "date": "2021-02-22T12:16:33.780Z",
        "value": "2.7542912312951495",
        "cumulative": false
    },
    {
        "date": "2021-02-22T12:18:09.951Z",
        "value": "2.4155807495117188",
        "cumulative": false
    },
    {
        "date": "2021-02-22T12:19:41.173Z",
        "value": "4.5591355987355895",
        "cumulative": false
    },
    {
        "date": "2021-02-22T12:21:17.412Z",
        "value": "2.991378846460459",
        "cumulative": false
    },
    {
        "date": "2021-02-22T12:22:53.131Z",
        "value": "3.047597667397974",
        "cumulative": false
    },
    {
        "date": "2021-02-22T12:24:29.416Z",
        "value": "3.336111238391984",
        "cumulative": false
    },
    {
        "date": "2021-02-22T12:26:04.058Z",
        "value": "2.6469559342893834",
        "cumulative": false
    },
    {
        "date": "2021-02-22T12:27:40.678Z",
        "value": "2.5962300558474682",
        "cumulative": false
    },
    {
        "date": "2021-02-22T12:29:17.801Z",
        "value": "2.9920225621864547",
        "cumulative": false
    },
    {
        "date": "2021-02-22T12:30:53.512Z",
        "value": "5.061373601037889",
        "cumulative": false
    },
    {
        "date": "2021-02-22T12:32:29.303Z",
        "value": "4.384736906183235",
        "cumulative": false
    },
    {
        "date": "2021-02-22T12:34:06.530Z",
        "value": "2.760286323262448",
        "cumulative": false
    },
    {
        "date": "2021-02-22T12:35:41.155Z",
        "value": "3.051139866701469",
        "cumulative": false
    },
    {
        "date": "2021-02-22T12:37:15.767Z",
        "value": "4.3679099569515305",
        "cumulative": false
    },
    {
        "date": "2021-02-22T12:38:52.489Z",
        "value": "2.2056071730884623",
        "cumulative": false
    },
    {
        "date": "2021-02-22T12:40:27.938Z",
        "value": "3.882929731738392",
        "cumulative": false
    },
    {
        "date": "2021-02-22T12:42:07.918Z",
        "value": "2.75772949468766",
        "cumulative": false
    },
    {
        "date": "2021-02-22T12:43:48.214Z",
        "value": "2.7988525875031",
        "cumulative": false
    },
    {
        "date": "2021-02-22T12:45:24.842Z",
        "value": "2.993258895083197",
        "cumulative": false
    },
    {
        "date": "2021-02-22T12:46:59.774Z",
        "value": "2.7242399254623724",
        "cumulative": false
    },
    {
        "date": "2021-02-22T12:48:37.520Z",
        "value": "2.638283284505208",
        "cumulative": false
    },
    {
        "date": "2021-02-22T12:50:11.783Z",
        "value": "2.7951849489795917",
        "cumulative": false
    },
    {
        "date": "2021-02-22T12:51:48.869Z",
        "value": "2.81384408885035",
        "cumulative": false
    },
    {
        "date": "2021-02-22T12:53:25.993Z",
        "value": "2.9000152259744625",
        "cumulative": false
    },
    {
        "date": "2021-02-22T12:55:03.801Z",
        "value": "3.036654564642137",
        "cumulative": false
    },
    {
        "date": "2021-02-22T12:56:38.944Z",
        "value": "2.4545182129514322",
        "cumulative": false
    },
    {
        "date": "2021-02-22T12:58:13.403Z",
        "value": "2.6041305994914277",
        "cumulative": false
    },
    {
        "date": "2021-02-22T12:59:52.775Z",
        "value": "2.6873878012512327",
        "cumulative": false
    },
    {
        "date": "2021-02-22T13:01:25.185Z",
        "value": "3.876327067764088",
        "cumulative": false
    },
    {
        "date": "2021-02-22T13:02:59.588Z",
        "value": "2.7636816297863485",
        "cumulative": false
    },
    {
        "date": "2021-02-22T13:04:42.666Z",
        "value": "3.1509619140625",
        "cumulative": false
    },
    {
        "date": "2021-02-22T13:06:18.137Z",
        "value": "2.8386351450229186",
        "cumulative": false
    },
    {
        "date": "2021-02-22T13:07:56.669Z",
        "value": "3.9549579326923077",
        "cumulative": false
    },
    {
        "date": "2021-02-22T13:09:31.481Z",
        "value": "2.698401596966912",
        "cumulative": false
    },
    {
        "date": "2021-02-22T13:11:08.373Z",
        "value": "2.7571492195129395",
        "cumulative": false
    },
    {
        "date": "2021-02-22T13:12:44.992Z",
        "value": "4.258417015531624",
        "cumulative": false
    },
    {
        "date": "2021-02-22T13:14:21.745Z",
        "value": "3.000848587503085",
        "cumulative": false
    },
    {
        "date": "2021-02-22T13:16:01.414Z",
        "value": "2.8561617943548385",
        "cumulative": false
    },
    {
        "date": "2021-02-22T13:17:36.598Z",
        "value": "2.6538436498397435",
        "cumulative": false
    },
    {
        "date": "2021-02-22T13:19:11.145Z",
        "value": "2.7075552835381465",
        "cumulative": false
    },
    {
        "date": "2021-02-22T13:20:47.062Z",
        "value": "2.7985233075464775",
        "cumulative": false
    },
    {
        "date": "2021-02-22T13:22:22.009Z",
        "value": "4.3197536173772075",
        "cumulative": false
    },
    {
        "date": "2021-02-22T13:23:57.358Z",
        "value": "3.110226937887497",
        "cumulative": false
    },
    {
        "date": "2021-02-22T13:25:33.837Z",
        "value": "4.296232421875",
        "cumulative": false
    }
]