[
    {
        "date": "2021-02-22T09:51:40.300Z",
        "value": "11.134798627112135",
        "cumulative": false
    },
    {
        "date": "2021-02-22T09:53:13.727Z",
        "value": "8.903565646383187",
        "cumulative": false
    },
    {
        "date": "2021-02-22T09:54:52.094Z",
        "value": "7.967332463775952",
        "cumulative": false
    },
    {
        "date": "2021-02-22T09:56:30.435Z",
        "value": "8.017198350694445",
        "cumulative": false
    },
    {
        "date": "2021-02-22T09:58:06.301Z",
        "value": "7.7379968718402425",
        "cumulative": false
    },
    {
        "date": "2021-02-22T09:59:44.824Z",
        "value": "7.41092073074495",
        "cumulative": false
    },
    {
        "date": "2021-02-22T10:01:21.092Z",
        "value": "7.298703686318688",
        "cumulative": false
    },
    {
        "date": "2021-02-22T10:02:58.490Z",
        "value": "6.40255126953125",
        "cumulative": false
    },
    {
        "date": "2021-02-22T10:04:35.775Z",
        "value": "6.557997836861559",
        "cumulative": false
    },
    {
        "date": "2021-02-22T10:06:15.442Z",
        "value": "7.139419096050494",
        "cumulative": false
    },
    {
        "date": "2021-02-22T10:07:54.827Z",
        "value": "6.131332965483172",
        "cumulative": false
    },
    {
        "date": "2021-02-22T10:09:32.015Z",
        "value": "6.713667761045466",
        "cumulative": false
    },
    {
        "date": "2021-02-22T10:11:12.101Z",
        "value": "6.010893246187364",
        "cumulative": false
    },
    {
        "date": "2021-02-22T10:12:49.749Z",
        "value": "5.381471203346203",
        "cumulative": false
    },
    {
        "date": "2021-02-22T10:14:30.725Z",
        "value": "5.140008407178375",
        "cumulative": false
    },
    {
        "date": "2021-02-22T10:16:07.846Z",
        "value": "5.341393150963463",
        "cumulative": false
    },
    {
        "date": "2021-02-22T10:17:44.076Z",
        "value": "5.986062515976482",
        "cumulative": false
    },
    {
        "date": "2021-02-22T10:19:23.359Z",
        "value": "4.654278938137755",
        "cumulative": false
    },
    {
        "date": "2021-02-22T10:20:57.332Z",
        "value": "4.305368568381765",
        "cumulative": false
    },
    {
        "date": "2021-02-22T10:22:33.482Z",
        "value": "4.101434392894326",
        "cumulative": false
    },
    {
        "date": "2021-02-22T10:24:11.503Z",
        "value": "4.025916707116001",
        "cumulative": false
    },
    {
        "date": "2021-02-22T10:25:49.485Z",
        "value": "4.276199464875508",
        "cumulative": false
    },
    {
        "date": "2021-02-22T10:27:27.692Z",
        "value": "4.03281975671443",
        "cumulative": false
    },
    {
        "date": "2021-02-22T10:29:04.471Z",
        "value": "3.7824750114889705",
        "cumulative": false
    },
    {
        "date": "2021-02-22T10:30:45.561Z",
        "value": "4.178146120101687",
        "cumulative": false
    },
    {
        "date": "2021-02-22T10:32:21.862Z",
        "value": "3.943290971963487",
        "cumulative": false
    },
    {
        "date": "2021-02-22T10:33:58.666Z",
        "value": "3.9301101983762257",
        "cumulative": false
    },
    {
        "date": "2021-02-22T10:35:37.522Z",
        "value": "3.645350504156404",
        "cumulative": false
    },
    {
        "date": "2021-02-22T10:37:20.444Z",
        "value": "4.733890725160256",
        "cumulative": false
    },
    {
        "date": "2021-02-22T10:38:59.752Z",
        "value": "3.584909200668335",
        "cumulative": false
    },
    {
        "date": "2021-02-22T10:40:37.680Z",
        "value": "3.353736894063181",
        "cumulative": false
    },
    {
        "date": "2021-02-22T10:42:13.253Z",
        "value": "3.433003516770528",
        "cumulative": false
    },
    {
        "date": "2021-02-22T10:43:49.319Z",
        "value": "3.9201544829012156",
        "cumulative": false
    },
    {
        "date": "2021-02-22T10:45:26.990Z",
        "value": "3.552725241326466",
        "cumulative": false
    },
    {
        "date": "2021-02-22T10:47:04.228Z",
        "value": "3.184929037039398",
        "cumulative": false
    },
    {
        "date": "2021-02-22T10:48:42.912Z",
        "value": "3.4384672758696198",
        "cumulative": false
    },
    {
        "date": "2021-02-22T10:50:21.173Z",
        "value": "3.628086756993007",
        "cumulative": false
    },
    {
        "date": "2021-02-22T10:51:54.889Z",
        "value": "3.3251353044524476",
        "cumulative": false
    },
    {
        "date": "2021-02-22T10:53:28.837Z",
        "value": "5.129061406588804",
        "cumulative": false
    },
    {
        "date": "2021-02-22T10:55:05.793Z",
        "value": "3.4545721662487767",
        "cumulative": false
    },
    {
        "date": "2021-02-22T10:56:38.752Z",
        "value": "3.665262721950592",
        "cumulative": false
    },
    {
        "date": "2021-02-22T10:58:14.495Z",
        "value": "5.632753479716861",
        "cumulative": false
    },
    {
        "date": "2021-02-22T10:59:56.846Z",
        "value": "3.683369247300149",
        "cumulative": false
    },
    {
        "date": "2021-02-22T11:01:34.239Z",
        "value": "3.321873295414555",
        "cumulative": false
    },
    {
        "date": "2021-02-22T11:03:11.362Z",
        "value": "3.190569051106771",
        "cumulative": false
    },
    {
        "date": "2021-02-22T11:04:47.784Z",
        "value": "3.275673904493524",
        "cumulative": false
    },
    {
        "date": "2021-02-22T11:06:07.709Z",
        "value": "3.070883036514337",
        "cumulative": false
    },
    {
        "date": "2021-02-22T11:07:45.051Z",
        "value": "3.572587327407136",
        "cumulative": false
    },
    {
        "date": "2021-02-22T11:09:18.948Z",
        "value": "3.2287254113502017",
        "cumulative": false
    },
    {
        "date": "2021-02-22T11:10:54.638Z",
        "value": "4.063171756628788",
        "cumulative": false
    },
    {
        "date": "2021-02-22T11:12:30.528Z",
        "value": "3.356748945430991",
        "cumulative": false
    },
    {
        "date": "2021-02-22T11:14:05.809Z",
        "value": "3.0447583747632576",
        "cumulative": false
    },
    {
        "date": "2021-02-22T11:15:42.294Z",
        "value": "3.093791316575917",
        "cumulative": false
    },
    {
        "date": "2021-02-22T11:17:18.600Z",
        "value": "3.1375340779622394",
        "cumulative": false
    },
    {
        "date": "2021-02-22T11:18:53.629Z",
        "value": "3.1914112378192203",
        "cumulative": false
    },
    {
        "date": "2021-02-22T11:20:27.138Z",
        "value": "4.763528582364704",
        "cumulative": false
    },
    {
        "date": "2021-02-22T11:22:04.665Z",
        "value": "3.083759033576619",
        "cumulative": false
    },
    {
        "date": "2021-02-22T11:23:41.762Z",
        "value": "5.1218944660287695",
        "cumulative": false
    },
    {
        "date": "2021-02-22T11:25:16.092Z",
        "value": "3.6835024055918666",
        "cumulative": false
    },
    {
        "date": "2021-02-22T11:26:53.357Z",
        "value": "3.0445591517857142",
        "cumulative": false
    },
    {
        "date": "2021-02-22T11:28:35.322Z",
        "value": "3.0365448289876324",
        "cumulative": false
    },
    {
        "date": "2021-02-22T11:30:10.820Z",
        "value": "3.0792604127565064",
        "cumulative": false
    },
    {
        "date": "2021-02-22T11:31:47.538Z",
        "value": "4.722079598830521",
        "cumulative": false
    },
    {
        "date": "2021-02-22T11:33:22.682Z",
        "value": "2.9908970424107144",
        "cumulative": false
    },
    {
        "date": "2021-02-22T11:34:59.444Z",
        "value": "2.920896615069315",
        "cumulative": false
    },
    {
        "date": "2021-02-22T11:36:32.064Z",
        "value": "2.8697338829060386",
        "cumulative": false
    },
    {
        "date": "2021-02-22T11:38:09.203Z",
        "value": "2.844632180719921",
        "cumulative": false
    },
    {
        "date": "2021-02-22T11:39:45.791Z",
        "value": "3.1358900612931913",
        "cumulative": false
    },
    {
        "date": "2021-02-22T11:41:21.034Z",
        "value": "3.117652154737903",
        "cumulative": false
    },
    {
        "date": "2021-02-22T11:42:56.670Z",
        "value": "2.888205135569853",
        "cumulative": false
    },
    {
        "date": "2021-02-22T11:44:32.636Z",
        "value": "3.3338375999813987",
        "cumulative": false
    },
    {
        "date": "2021-02-22T11:46:07.294Z",
        "value": "3.1040080298373076",
        "cumulative": false
    },
    {
        "date": "2021-02-22T11:47:44.002Z",
        "value": "3.00618345971201",
        "cumulative": false
    },
    {
        "date": "2021-02-22T11:49:16.847Z",
        "value": "2.8842066271551725",
        "cumulative": false
    },
    {
        "date": "2021-02-22T11:50:59.860Z",
        "value": "4.035618990384616",
        "cumulative": false
    },
    {
        "date": "2021-02-22T11:52:32.712Z",
        "value": "2.881739616394043",
        "cumulative": false
    },
    {
        "date": "2021-02-22T11:54:09.594Z",
        "value": "2.8315988179125817",
        "cumulative": false
    },
    {
        "date": "2021-02-22T11:55:45.318Z",
        "value": "2.9228641633064516",
        "cumulative": false
    },
    {
        "date": "2021-02-22T11:57:20.553Z",
        "value": "3.3092906721226343",
        "cumulative": false
    },
    {
        "date": "2021-02-22T11:58:56.176Z",
        "value": "2.9800337896549545",
        "cumulative": false
    },
    {
        "date": "2021-02-22T12:00:30.336Z",
        "value": "2.726236522615708",
        "cumulative": false
    },
    {
        "date": "2021-02-22T12:02:04.432Z",
        "value": "2.913834244400651",
        "cumulative": false
    },
    {
        "date": "2021-02-22T12:03:37.634Z",
        "value": "3.0153415920017483",
        "cumulative": false
    },
    {
        "date": "2021-02-22T12:05:10.448Z",
        "value": "2.8359673795257523",
        "cumulative": false
    },
    {
        "date": "2021-02-22T12:06:44.331Z",
        "value": "4.572755735018727",
        "cumulative": false
    },
    {
        "date": "2021-02-22T12:08:24.557Z",
        "value": "3.004976455479452",
        "cumulative": false
    },
    {
        "date": "2021-02-22T12:10:00.935Z",
        "value": "3.0120901754696345",
        "cumulative": false
    },
    {
        "date": "2021-02-22T12:11:36.206Z",
        "value": "5.115197673311325",
        "cumulative": false
    },
    {
        "date": "2021-02-22T12:13:17.365Z",
        "value": "3.216202888375124",
        "cumulative": false
    },
    {
        "date": "2021-02-22T12:14:56.373Z",
        "value": "2.90529625695031",
        "cumulative": false
    },
    {
        "date": "2021-02-22T12:16:33.787Z",
        "value": "2.7721455891927085",
        "cumulative": false
    },
    {
        "date": "2021-02-22T12:18:09.951Z",
        "value": "2.901576962289223",
        "cumulative": false
    },
    {
        "date": "2021-02-22T12:19:41.176Z",
        "value": "2.7413191944284434",
        "cumulative": false
    },
    {
        "date": "2021-02-22T12:21:17.414Z",
        "value": "3.2035708012585533",
        "cumulative": false
    },
    {
        "date": "2021-02-22T12:22:53.130Z",
        "value": "2.91332698060842",
        "cumulative": false
    },
    {
        "date": "2021-02-22T12:24:29.419Z",
        "value": "3.6381096117424243",
        "cumulative": false
    },
    {
        "date": "2021-02-22T12:26:04.060Z",
        "value": "3.0030274424924164",
        "cumulative": false
    },
    {
        "date": "2021-02-22T12:27:40.678Z",
        "value": "2.7415014401830806",
        "cumulative": false
    },
    {
        "date": "2021-02-22T12:29:17.791Z",
        "value": "2.758662301289273",
        "cumulative": false
    },
    {
        "date": "2021-02-22T12:30:53.522Z",
        "value": "2.8804412841796876",
        "cumulative": false
    },
    {
        "date": "2021-02-22T12:32:29.296Z",
        "value": "2.916402574764785",
        "cumulative": false
    },
    {
        "date": "2021-02-22T12:34:06.535Z",
        "value": "4.348980791463567",
        "cumulative": false
    },
    {
        "date": "2021-02-22T12:35:41.157Z",
        "value": "2.827358839160505",
        "cumulative": false
    },
    {
        "date": "2021-02-22T12:37:15.768Z",
        "value": "4.800312660544567",
        "cumulative": false
    },
    {
        "date": "2021-02-22T12:38:52.490Z",
        "value": "3.336148272966594",
        "cumulative": false
    },
    {
        "date": "2021-02-22T12:40:27.939Z",
        "value": "2.805114070543758",
        "cumulative": false
    },
    {
        "date": "2021-02-22T12:42:07.903Z",
        "value": "2.806800251816907",
        "cumulative": false
    },
    {
        "date": "2021-02-22T12:43:48.217Z",
        "value": "2.8358724935873374",
        "cumulative": false
    },
    {
        "date": "2021-02-22T12:45:24.844Z",
        "value": "4.44101782176636",
        "cumulative": false
    },
    {
        "date": "2021-02-22T12:46:59.774Z",
        "value": "2.77061692841199",
        "cumulative": false
    },
    {
        "date": "2021-02-22T12:48:37.520Z",
        "value": "2.7232920179618767",
        "cumulative": false
    },
    {
        "date": "2021-02-22T12:50:11.788Z",
        "value": "2.6921456618460438",
        "cumulative": false
    },
    {
        "date": "2021-02-22T12:51:48.860Z",
        "value": "2.6747245111409024",
        "cumulative": false
    },
    {
        "date": "2021-02-22T12:53:25.990Z",
        "value": "2.9263270928607725",
        "cumulative": false
    },
    {
        "date": "2021-02-22T12:55:03.800Z",
        "value": "2.9104161416330645",
        "cumulative": false
    },
    {
        "date": "2021-02-22T12:56:38.943Z",
        "value": "2.6758224188112747",
        "cumulative": false
    },
    {
        "date": "2021-02-22T12:58:13.404Z",
        "value": "3.1320359971788196",
        "cumulative": false
    },
    {
        "date": "2021-02-22T12:59:52.766Z",
        "value": "2.9016068406917537",
        "cumulative": false
    },
    {
        "date": "2021-02-22T13:01:25.187Z",
        "value": "2.7981818704044117",
        "cumulative": false
    },
    {
        "date": "2021-02-22T13:02:59.590Z",
        "value": "2.696310229371921",
        "cumulative": false
    },
    {
        "date": "2021-02-22T13:04:42.661Z",
        "value": "3.822266626602564",
        "cumulative": false
    },
    {
        "date": "2021-02-22T13:06:18.136Z",
        "value": "2.697734832763672",
        "cumulative": false
    },
    {
        "date": "2021-02-22T13:07:56.661Z",
        "value": "2.682398843869145",
        "cumulative": false
    },
    {
        "date": "2021-02-22T13:09:31.499Z",
        "value": "2.7798335548020527",
        "cumulative": false
    },
    {
        "date": "2021-02-22T13:11:08.376Z",
        "value": "3.1294390843783657",
        "cumulative": false
    },
    {
        "date": "2021-02-22T13:12:44.975Z",
        "value": "2.824651735496714",
        "cumulative": false
    },
    {
        "date": "2021-02-22T13:14:21.745Z",
        "value": "2.597452047207701",
        "cumulative": false
    },
    {
        "date": "2021-02-22T13:16:01.408Z",
        "value": "2.76049633617993",
        "cumulative": false
    },
    {
        "date": "2021-02-22T13:17:36.597Z",
        "value": "2.843503908201174",
        "cumulative": false
    },
    {
        "date": "2021-02-22T13:19:11.144Z",
        "value": "2.6919640011473738",
        "cumulative": false
    },
    {
        "date": "2021-02-22T13:20:47.062Z",
        "value": "4.3625247172531045",
        "cumulative": false
    },
    {
        "date": "2021-02-22T13:22:22.009Z",
        "value": "2.8652864519630628",
        "cumulative": false
    },
    {
        "date": "2021-02-22T13:23:57.358Z",
        "value": "2.8384475119016983",
        "cumulative": false
    },
    {
        "date": "2021-02-22T13:25:33.836Z",
        "value": "4.922830235843067",
        "cumulative": false
    }
]