[
    {
        "date": "2021-02-22T09:51:40.313Z",
        "value": "11.154425512192056",
        "cumulative": false
    },
    {
        "date": "2021-02-22T09:53:13.739Z",
        "value": "9.062913252667682",
        "cumulative": false
    },
    {
        "date": "2021-02-22T09:54:52.081Z",
        "value": "8.095322659038755",
        "cumulative": false
    },
    {
        "date": "2021-02-22T09:56:30.416Z",
        "value": "8.019610014965343",
        "cumulative": false
    },
    {
        "date": "2021-02-22T09:58:06.303Z",
        "value": "7.70846435546875",
        "cumulative": false
    },
    {
        "date": "2021-02-22T09:59:44.819Z",
        "value": "7.7141910920431975",
        "cumulative": false
    },
    {
        "date": "2021-02-22T10:01:21.086Z",
        "value": "6.977342462442952",
        "cumulative": false
    },
    {
        "date": "2021-02-22T10:02:58.501Z",
        "value": "6.6716852268251055",
        "cumulative": false
    },
    {
        "date": "2021-02-22T10:04:35.780Z",
        "value": "7.391127245901134",
        "cumulative": false
    },
    {
        "date": "2021-02-22T10:06:15.452Z",
        "value": "6.825147520571676",
        "cumulative": false
    },
    {
        "date": "2021-02-22T10:07:54.832Z",
        "value": "6.128652535232843",
        "cumulative": false
    },
    {
        "date": "2021-02-22T10:09:32.029Z",
        "value": "6.096771724640377",
        "cumulative": false
    },
    {
        "date": "2021-02-22T10:11:12.112Z",
        "value": "5.355544771394295",
        "cumulative": false
    },
    {
        "date": "2021-02-22T10:12:49.755Z",
        "value": "5.21532391709433",
        "cumulative": false
    },
    {
        "date": "2021-02-22T10:14:30.714Z",
        "value": "5.892911282685728",
        "cumulative": false
    },
    {
        "date": "2021-02-22T10:16:07.856Z",
        "value": "6.35926777544796",
        "cumulative": false
    },
    {
        "date": "2021-02-22T10:17:44.069Z",
        "value": "5.244255514705882",
        "cumulative": false
    },
    {
        "date": "2021-02-22T10:19:23.371Z",
        "value": "4.920434249074836",
        "cumulative": false
    },
    {
        "date": "2021-02-22T10:20:57.331Z",
        "value": "3.478177338643791",
        "cumulative": false
    },
    {
        "date": "2021-02-22T10:22:33.489Z",
        "value": "5.3834161931818185",
        "cumulative": false
    },
    {
        "date": "2021-02-22T10:24:11.511Z",
        "value": "4.585610549472958",
        "cumulative": false
    },
    {
        "date": "2021-02-22T10:25:49.484Z",
        "value": "4.09391159843511",
        "cumulative": false
    },
    {
        "date": "2021-02-22T10:27:27.699Z",
        "value": "3.9447822831912696",
        "cumulative": false
    },
    {
        "date": "2021-02-22T10:29:04.467Z",
        "value": "5.342280210921078",
        "cumulative": false
    },
    {
        "date": "2021-02-22T10:30:45.552Z",
        "value": "3.627197409660767",
        "cumulative": false
    },
    {
        "date": "2021-02-22T10:32:21.848Z",
        "value": "3.5902515589344572",
        "cumulative": false
    },
    {
        "date": "2021-02-22T10:33:58.678Z",
        "value": "3.9389558110630287",
        "cumulative": false
    },
    {
        "date": "2021-02-22T10:35:37.515Z",
        "value": "5.642718873395854",
        "cumulative": false
    },
    {
        "date": "2021-02-22T10:37:20.454Z",
        "value": "3.494146050347222",
        "cumulative": false
    },
    {
        "date": "2021-02-22T10:38:59.759Z",
        "value": "3.6718109711273774",
        "cumulative": false
    },
    {
        "date": "2021-02-22T10:40:37.679Z",
        "value": "3.4497591082130628",
        "cumulative": false
    },
    {
        "date": "2021-02-22T10:42:13.246Z",
        "value": "3.7473440628575516",
        "cumulative": false
    },
    {
        "date": "2021-02-22T10:43:49.322Z",
        "value": "3.1378845746127753",
        "cumulative": false
    },
    {
        "date": "2021-02-22T10:45:26.987Z",
        "value": "3.1793492635091147",
        "cumulative": false
    },
    {
        "date": "2021-02-22T10:47:04.224Z",
        "value": "3.9599318379103536",
        "cumulative": false
    },
    {
        "date": "2021-02-22T10:48:42.895Z",
        "value": "3.4923266625806852",
        "cumulative": false
    },
    {
        "date": "2021-02-22T10:50:21.174Z",
        "value": "4.991723107265166",
        "cumulative": false
    },
    {
        "date": "2021-02-22T10:51:54.927Z",
        "value": "3.390762113320707",
        "cumulative": false
    },
    {
        "date": "2021-02-22T10:53:28.836Z",
        "value": "3.6267679313294234",
        "cumulative": false
    },
    {
        "date": "2021-02-22T10:55:05.781Z",
        "value": "3.402199147439148",
        "cumulative": false
    },
    {
        "date": "2021-02-22T10:56:38.742Z",
        "value": "3.4299826229319854",
        "cumulative": false
    },
    {
        "date": "2021-02-22T10:58:14.517Z",
        "value": "3.7743576049804686",
        "cumulative": false
    },
    {
        "date": "2021-02-22T10:59:56.831Z",
        "value": "3.526785568374951",
        "cumulative": false
    },
    {
        "date": "2021-02-22T11:01:34.242Z",
        "value": "5.002049391831809",
        "cumulative": false
    },
    {
        "date": "2021-02-22T11:03:11.356Z",
        "value": "3.884828629032258",
        "cumulative": false
    },
    {
        "date": "2021-02-22T11:04:47.801Z",
        "value": "3.2840207005087585",
        "cumulative": false
    },
    {
        "date": "2021-02-22T11:06:07.714Z",
        "value": "3.2205128696109853",
        "cumulative": false
    },
    {
        "date": "2021-02-22T11:07:45.067Z",
        "value": "3.8057587414253047",
        "cumulative": false
    },
    {
        "date": "2021-02-22T11:09:18.955Z",
        "value": "3.1919358645939573",
        "cumulative": false
    },
    {
        "date": "2021-02-22T11:10:54.648Z",
        "value": "3.0909801807655954",
        "cumulative": false
    },
    {
        "date": "2021-02-22T11:12:30.543Z",
        "value": "3.161568115234375",
        "cumulative": false
    },
    {
        "date": "2021-02-22T11:14:05.796Z",
        "value": "4.070067632044439",
        "cumulative": false
    },
    {
        "date": "2021-02-22T11:15:42.302Z",
        "value": "3.261680618502789",
        "cumulative": false
    },
    {
        "date": "2021-02-22T11:17:18.607Z",
        "value": "3.0105647239364495",
        "cumulative": false
    },
    {
        "date": "2021-02-22T11:18:53.633Z",
        "value": "5.212214543269231",
        "cumulative": false
    },
    {
        "date": "2021-02-22T11:20:27.150Z",
        "value": "4.828577965975531",
        "cumulative": false
    },
    {
        "date": "2021-02-22T11:22:04.664Z",
        "value": "3.138167317708333",
        "cumulative": false
    },
    {
        "date": "2021-02-22T11:23:41.767Z",
        "value": "3.1982024662078374",
        "cumulative": false
    },
    {
        "date": "2021-02-22T11:25:16.088Z",
        "value": "2.9577305426886165",
        "cumulative": false
    },
    {
        "date": "2021-02-22T11:26:53.361Z",
        "value": "2.914727860764907",
        "cumulative": false
    },
    {
        "date": "2021-02-22T11:28:35.324Z",
        "value": "3.9860975875183287",
        "cumulative": false
    },
    {
        "date": "2021-02-22T11:30:10.808Z",
        "value": "4.845626429660694",
        "cumulative": false
    },
    {
        "date": "2021-02-22T11:31:47.541Z",
        "value": "3.232575539981618",
        "cumulative": false
    },
    {
        "date": "2021-02-22T11:33:22.690Z",
        "value": "3.188618442468476",
        "cumulative": false
    },
    {
        "date": "2021-02-22T11:34:59.439Z",
        "value": "2.4324815538194446",
        "cumulative": false
    },
    {
        "date": "2021-02-22T11:36:32.062Z",
        "value": "4.133460414879932",
        "cumulative": false
    },
    {
        "date": "2021-02-22T11:38:09.203Z",
        "value": "3.3056842824538837",
        "cumulative": false
    },
    {
        "date": "2021-02-22T11:39:45.767Z",
        "value": "3.005730146051122",
        "cumulative": false
    },
    {
        "date": "2021-02-22T11:41:21.035Z",
        "value": "2.9356016119398167",
        "cumulative": false
    },
    {
        "date": "2021-02-22T11:42:56.688Z",
        "value": "4.392947998280145",
        "cumulative": false
    },
    {
        "date": "2021-02-22T11:44:32.642Z",
        "value": "2.947723946810472",
        "cumulative": false
    },
    {
        "date": "2021-02-22T11:46:07.306Z",
        "value": "2.8645133430527383",
        "cumulative": false
    },
    {
        "date": "2021-02-22T11:47:44.022Z",
        "value": "3.017635418043076",
        "cumulative": false
    },
    {
        "date": "2021-02-22T11:49:16.860Z",
        "value": "4.835034203788252",
        "cumulative": false
    },
    {
        "date": "2021-02-22T11:50:59.869Z",
        "value": "2.869958866003788",
        "cumulative": false
    },
    {
        "date": "2021-02-22T11:52:32.708Z",
        "value": "2.996963516250626",
        "cumulative": false
    },
    {
        "date": "2021-02-22T11:54:09.598Z",
        "value": "2.861523055283757",
        "cumulative": false
    },
    {
        "date": "2021-02-22T11:55:45.317Z",
        "value": "3.156513694221968",
        "cumulative": false
    },
    {
        "date": "2021-02-22T11:57:20.574Z",
        "value": "2.6509364099302357",
        "cumulative": false
    },
    {
        "date": "2021-02-22T11:58:56.186Z",
        "value": "2.7151166280110677",
        "cumulative": false
    },
    {
        "date": "2021-02-22T12:00:30.346Z",
        "value": "3.381348149463384",
        "cumulative": false
    },
    {
        "date": "2021-02-22T12:02:04.450Z",
        "value": "2.9632489565230884",
        "cumulative": false
    },
    {
        "date": "2021-02-22T12:03:37.647Z",
        "value": "4.441210364175636",
        "cumulative": false
    },
    {
        "date": "2021-02-22T12:05:10.461Z",
        "value": "2.897732698074495",
        "cumulative": false
    },
    {
        "date": "2021-02-22T12:06:44.332Z",
        "value": "3.093207783479961",
        "cumulative": false
    },
    {
        "date": "2021-02-22T12:08:24.566Z",
        "value": "2.9423365099676726",
        "cumulative": false
    },
    {
        "date": "2021-02-22T12:10:00.943Z",
        "value": "2.8779043160232844",
        "cumulative": false
    },
    {
        "date": "2021-02-22T12:11:36.222Z",
        "value": "3.3286453247070313",
        "cumulative": false
    },
    {
        "date": "2021-02-22T12:13:17.566Z",
        "value": "3.1156260724441105",
        "cumulative": false
    },
    {
        "date": "2021-02-22T12:14:56.373Z",
        "value": "4.493503477515244",
        "cumulative": false
    },
    {
        "date": "2021-02-22T12:16:33.795Z",
        "value": "3.457828683388678",
        "cumulative": false
    },
    {
        "date": "2021-02-22T12:18:09.955Z",
        "value": "2.854100757502576",
        "cumulative": false
    },
    {
        "date": "2021-02-22T12:19:41.191Z",
        "value": "2.819109594959779",
        "cumulative": false
    },
    {
        "date": "2021-02-22T12:21:17.420Z",
        "value": "3.3829881621570124",
        "cumulative": false
    },
    {
        "date": "2021-02-22T12:22:53.123Z",
        "value": "2.845604024572922",
        "cumulative": false
    },
    {
        "date": "2021-02-22T12:24:29.429Z",
        "value": "2.715018263626339",
        "cumulative": false
    },
    {
        "date": "2021-02-22T12:26:04.057Z",
        "value": "2.832488037109375",
        "cumulative": false
    },
    {
        "date": "2021-02-22T12:27:40.688Z",
        "value": "3.697147555005586",
        "cumulative": false
    },
    {
        "date": "2021-02-22T12:29:17.799Z",
        "value": "2.9211314358043863",
        "cumulative": false
    },
    {
        "date": "2021-02-22T12:30:53.527Z",
        "value": "2.718356348887211",
        "cumulative": false
    },
    {
        "date": "2021-02-22T12:32:29.304Z",
        "value": "4.8533466045673075",
        "cumulative": false
    },
    {
        "date": "2021-02-22T12:34:06.557Z",
        "value": "4.5968501312797745",
        "cumulative": false
    },
    {
        "date": "2021-02-22T12:35:41.170Z",
        "value": "2.8590549842984068",
        "cumulative": false
    },
    {
        "date": "2021-02-22T12:37:15.777Z",
        "value": "2.9157152932787698",
        "cumulative": false
    },
    {
        "date": "2021-02-22T12:38:52.500Z",
        "value": "2.7402505165289255",
        "cumulative": false
    },
    {
        "date": "2021-02-22T12:40:27.944Z",
        "value": "2.688072286626344",
        "cumulative": false
    },
    {
        "date": "2021-02-22T12:42:07.914Z",
        "value": "3.6946332974401273",
        "cumulative": false
    },
    {
        "date": "2021-02-22T12:43:48.224Z",
        "value": "4.516228634515186",
        "cumulative": false
    },
    {
        "date": "2021-02-22T12:45:24.863Z",
        "value": "2.9711181640625",
        "cumulative": false
    },
    {
        "date": "2021-02-22T12:46:59.781Z",
        "value": "2.9646943744860197",
        "cumulative": false
    },
    {
        "date": "2021-02-22T12:48:37.530Z",
        "value": "2.2840336818321076",
        "cumulative": false
    },
    {
        "date": "2021-02-22T12:50:11.803Z",
        "value": "3.8311531812821613",
        "cumulative": false
    },
    {
        "date": "2021-02-22T12:51:48.860Z",
        "value": "3.060453250486259",
        "cumulative": false
    },
    {
        "date": "2021-02-22T12:53:25.997Z",
        "value": "2.797234052301122",
        "cumulative": false
    },
    {
        "date": "2021-02-22T12:55:03.818Z",
        "value": "2.741255710803306",
        "cumulative": false
    },
    {
        "date": "2021-02-22T12:56:38.947Z",
        "value": "4.138229594639786",
        "cumulative": false
    },
    {
        "date": "2021-02-22T12:58:13.416Z",
        "value": "2.759241046736726",
        "cumulative": false
    },
    {
        "date": "2021-02-22T12:59:52.782Z",
        "value": "2.686596729208925",
        "cumulative": false
    },
    {
        "date": "2021-02-22T13:01:25.194Z",
        "value": "2.8098175500462474",
        "cumulative": false
    },
    {
        "date": "2021-02-22T13:02:59.589Z",
        "value": "4.600841084135406",
        "cumulative": false
    },
    {
        "date": "2021-02-22T13:04:42.657Z",
        "value": "2.7163502702809343",
        "cumulative": false
    },
    {
        "date": "2021-02-22T13:06:18.146Z",
        "value": "2.8047454192473724",
        "cumulative": false
    },
    {
        "date": "2021-02-22T13:07:56.670Z",
        "value": "2.6941589236026173",
        "cumulative": false
    },
    {
        "date": "2021-02-22T13:09:31.475Z",
        "value": "2.9984002364309212",
        "cumulative": false
    },
    {
        "date": "2021-02-22T13:11:08.378Z",
        "value": "2.536446332565284",
        "cumulative": false
    },
    {
        "date": "2021-02-22T13:12:44.985Z",
        "value": "2.5960543314615885",
        "cumulative": false
    },
    {
        "date": "2021-02-22T13:14:21.749Z",
        "value": "3.175043402777778",
        "cumulative": false
    },
    {
        "date": "2021-02-22T13:16:01.426Z",
        "value": "2.8157162557410627",
        "cumulative": false
    },
    {
        "date": "2021-02-22T13:17:36.604Z",
        "value": "4.252110789200098",
        "cumulative": false
    },
    {
        "date": "2021-02-22T13:19:11.157Z",
        "value": "2.757010041824495",
        "cumulative": false
    },
    {
        "date": "2021-02-22T13:20:47.071Z",
        "value": "2.9173372777675954",
        "cumulative": false
    },
    {
        "date": "2021-02-22T13:22:22.015Z",
        "value": "2.808020291899087",
        "cumulative": false
    },
    {
        "date": "2021-02-22T13:23:57.360Z",
        "value": "2.7336224724264704",
        "cumulative": false
    },
    {
        "date": "2021-02-22T13:25:33.834Z",
        "value": "3.1898412068684894",
        "cumulative": false
    }
]