[
    {
        "date": "2021-02-22T09:51:40.304Z",
        "value": "11.17455413510101",
        "cumulative": false
    },
    {
        "date": "2021-02-22T09:53:13.725Z",
        "value": "8.906143663194445",
        "cumulative": false
    },
    {
        "date": "2021-02-22T09:54:52.084Z",
        "value": "7.894836345996732",
        "cumulative": false
    },
    {
        "date": "2021-02-22T09:56:30.434Z",
        "value": "7.880483507384635",
        "cumulative": false
    },
    {
        "date": "2021-02-22T09:58:06.299Z",
        "value": "8.211397087737511",
        "cumulative": false
    },
    {
        "date": "2021-02-22T09:59:44.822Z",
        "value": "7.6619140625",
        "cumulative": false
    },
    {
        "date": "2021-02-22T10:01:21.095Z",
        "value": "7.550449554423934",
        "cumulative": false
    },
    {
        "date": "2021-02-22T10:02:58.489Z",
        "value": "6.809389715325342",
        "cumulative": false
    },
    {
        "date": "2021-02-22T10:04:35.775Z",
        "value": "6.363357504229568",
        "cumulative": false
    },
    {
        "date": "2021-02-22T10:06:15.441Z",
        "value": "6.650477764423077",
        "cumulative": false
    },
    {
        "date": "2021-02-22T10:07:54.835Z",
        "value": "6.243364282755764",
        "cumulative": false
    },
    {
        "date": "2021-02-22T10:09:32.016Z",
        "value": "5.048681066176471",
        "cumulative": false
    },
    {
        "date": "2021-02-22T10:11:12.102Z",
        "value": "5.684785468069666",
        "cumulative": false
    },
    {
        "date": "2021-02-22T10:12:49.749Z",
        "value": "6.591131751446177",
        "cumulative": false
    },
    {
        "date": "2021-02-22T10:14:30.726Z",
        "value": "5.1155383944572455",
        "cumulative": false
    },
    {
        "date": "2021-02-22T10:16:07.845Z",
        "value": "4.99096823018591",
        "cumulative": false
    },
    {
        "date": "2021-02-22T10:17:44.074Z",
        "value": "6.265722750240616",
        "cumulative": false
    },
    {
        "date": "2021-02-22T10:19:23.360Z",
        "value": "4.997791910406404",
        "cumulative": false
    },
    {
        "date": "2021-02-22T10:20:57.329Z",
        "value": "4.288963884992987",
        "cumulative": false
    },
    {
        "date": "2021-02-22T10:22:33.480Z",
        "value": "4.26170534620098",
        "cumulative": false
    },
    {
        "date": "2021-02-22T10:24:11.502Z",
        "value": "3.9427179074754903",
        "cumulative": false
    },
    {
        "date": "2021-02-22T10:25:49.482Z",
        "value": "3.8954199506821534",
        "cumulative": false
    },
    {
        "date": "2021-02-22T10:27:27.690Z",
        "value": "4.111935111215539",
        "cumulative": false
    },
    {
        "date": "2021-02-22T10:29:04.468Z",
        "value": "4.001960305606618",
        "cumulative": false
    },
    {
        "date": "2021-02-22T10:30:45.561Z",
        "value": "3.5683036900556457",
        "cumulative": false
    },
    {
        "date": "2021-02-22T10:32:21.860Z",
        "value": "3.92854443359375",
        "cumulative": false
    },
    {
        "date": "2021-02-22T10:33:58.656Z",
        "value": "5.464433839857468",
        "cumulative": false
    },
    {
        "date": "2021-02-22T10:35:37.517Z",
        "value": "3.7717389787946427",
        "cumulative": false
    },
    {
        "date": "2021-02-22T10:37:20.442Z",
        "value": "3.8431877367424243",
        "cumulative": false
    },
    {
        "date": "2021-02-22T10:38:59.754Z",
        "value": "4.150041533679497",
        "cumulative": false
    },
    {
        "date": "2021-02-22T10:40:37.680Z",
        "value": "4.050995702658798",
        "cumulative": false
    },
    {
        "date": "2021-02-22T10:42:13.246Z",
        "value": "3.467747407457595",
        "cumulative": false
    },
    {
        "date": "2021-02-22T10:43:49.315Z",
        "value": "5.915969222462203",
        "cumulative": false
    },
    {
        "date": "2021-02-22T10:45:26.986Z",
        "value": "3.5365063934868086",
        "cumulative": false
    },
    {
        "date": "2021-02-22T10:47:04.225Z",
        "value": "3.4592837915823424",
        "cumulative": false
    },
    {
        "date": "2021-02-22T10:48:42.908Z",
        "value": "3.462991956485215",
        "cumulative": false
    },
    {
        "date": "2021-02-22T10:50:21.171Z",
        "value": "3.2338339046556124",
        "cumulative": false
    },
    {
        "date": "2021-02-22T10:51:54.888Z",
        "value": "3.71409636852788",
        "cumulative": false
    },
    {
        "date": "2021-02-22T10:53:28.834Z",
        "value": "3.33365050135936",
        "cumulative": false
    },
    {
        "date": "2021-02-22T10:55:05.789Z",
        "value": "3.021246151376449",
        "cumulative": false
    },
    {
        "date": "2021-02-22T10:56:38.755Z",
        "value": "4.082080503227259",
        "cumulative": false
    },
    {
        "date": "2021-02-22T10:58:14.506Z",
        "value": "4.879345948082149",
        "cumulative": false
    },
    {
        "date": "2021-02-22T10:59:56.833Z",
        "value": "3.356297036041981",
        "cumulative": false
    },
    {
        "date": "2021-02-22T11:01:34.239Z",
        "value": "3.7475889321642613",
        "cumulative": false
    },
    {
        "date": "2021-02-22T11:03:11.364Z",
        "value": "3.074995515270253",
        "cumulative": false
    },
    {
        "date": "2021-02-22T11:04:47.789Z",
        "value": "3.3381909567212302",
        "cumulative": false
    },
    {
        "date": "2021-02-22T11:06:07.708Z",
        "value": "3.3890114524147728",
        "cumulative": false
    },
    {
        "date": "2021-02-22T11:07:45.057Z",
        "value": "3.2898372395833335",
        "cumulative": false
    },
    {
        "date": "2021-02-22T11:09:18.946Z",
        "value": "3.500290415645425",
        "cumulative": false
    },
    {
        "date": "2021-02-22T11:10:54.646Z",
        "value": "3.0925104787335194",
        "cumulative": false
    },
    {
        "date": "2021-02-22T11:12:30.531Z",
        "value": "5.351994561627029",
        "cumulative": false
    },
    {
        "date": "2021-02-22T11:14:05.805Z",
        "value": "3.6395292394301473",
        "cumulative": false
    },
    {
        "date": "2021-02-22T11:15:42.291Z",
        "value": "4.589380271323997",
        "cumulative": false
    },
    {
        "date": "2021-02-22T11:17:18.597Z",
        "value": "3.0725790423189823",
        "cumulative": false
    },
    {
        "date": "2021-02-22T11:18:53.628Z",
        "value": "3.1271285097280064",
        "cumulative": false
    },
    {
        "date": "2021-02-22T11:20:27.137Z",
        "value": "3.181768830128205",
        "cumulative": false
    },
    {
        "date": "2021-02-22T11:22:04.664Z",
        "value": "3.231016692841364",
        "cumulative": false
    },
    {
        "date": "2021-02-22T11:23:41.754Z",
        "value": "2.750918830422794",
        "cumulative": false
    },
    {
        "date": "2021-02-22T11:25:16.088Z",
        "value": "3.3776635068940495",
        "cumulative": false
    },
    {
        "date": "2021-02-22T11:26:53.355Z",
        "value": "5.180599220321931",
        "cumulative": false
    },
    {
        "date": "2021-02-22T11:28:35.323Z",
        "value": "3.087799619175627",
        "cumulative": false
    },
    {
        "date": "2021-02-22T11:30:10.813Z",
        "value": "2.908208619358488",
        "cumulative": false
    },
    {
        "date": "2021-02-22T11:31:47.534Z",
        "value": "4.968342707330767",
        "cumulative": false
    },
    {
        "date": "2021-02-22T11:33:22.683Z",
        "value": "3.2495850812038176",
        "cumulative": false
    },
    {
        "date": "2021-02-22T11:34:59.445Z",
        "value": "2.851109767467806",
        "cumulative": false
    },
    {
        "date": "2021-02-22T11:36:32.065Z",
        "value": "2.8275926776960785",
        "cumulative": false
    },
    {
        "date": "2021-02-22T11:38:09.201Z",
        "value": "2.81545866187758",
        "cumulative": false
    },
    {
        "date": "2021-02-22T11:39:45.790Z",
        "value": "2.9387972821411013",
        "cumulative": false
    },
    {
        "date": "2021-02-22T11:41:21.033Z",
        "value": "3.0065534931077695",
        "cumulative": false
    },
    {
        "date": "2021-02-22T11:42:56.671Z",
        "value": "3.0961777630974265",
        "cumulative": false
    },
    {
        "date": "2021-02-22T11:44:32.637Z",
        "value": "2.7960148141490557",
        "cumulative": false
    },
    {
        "date": "2021-02-22T11:46:07.297Z",
        "value": "3.09447900390625",
        "cumulative": false
    },
    {
        "date": "2021-02-22T11:47:44.009Z",
        "value": "4.504926990807684",
        "cumulative": false
    },
    {
        "date": "2021-02-22T11:49:16.851Z",
        "value": "3.0477270009566326",
        "cumulative": false
    },
    {
        "date": "2021-02-22T11:50:59.861Z",
        "value": "3.1112733783143938",
        "cumulative": false
    },
    {
        "date": "2021-02-22T11:52:32.711Z",
        "value": "3.4065392967162094",
        "cumulative": false
    },
    {
        "date": "2021-02-22T11:54:09.583Z",
        "value": "3.254295010194271",
        "cumulative": false
    },
    {
        "date": "2021-02-22T11:55:45.316Z",
        "value": "2.8359061144943247",
        "cumulative": false
    },
    {
        "date": "2021-02-22T11:57:20.554Z",
        "value": "5.26498479386355",
        "cumulative": false
    },
    {
        "date": "2021-02-22T11:58:56.177Z",
        "value": "2.965954831383181",
        "cumulative": false
    },
    {
        "date": "2021-02-22T12:00:30.340Z",
        "value": "2.8816326207943335",
        "cumulative": false
    },
    {
        "date": "2021-02-22T12:02:04.433Z",
        "value": "2.9738507014448925",
        "cumulative": false
    },
    {
        "date": "2021-02-22T12:03:37.626Z",
        "value": "2.7240059988839285",
        "cumulative": false
    },
    {
        "date": "2021-02-22T12:05:10.449Z",
        "value": "3.241287530637255",
        "cumulative": false
    },
    {
        "date": "2021-02-22T12:06:44.330Z",
        "value": "2.893891902263563",
        "cumulative": false
    },
    {
        "date": "2021-02-22T12:08:24.557Z",
        "value": "2.6666587773314014",
        "cumulative": false
    },
    {
        "date": "2021-02-22T12:10:00.934Z",
        "value": "3.476242354022816",
        "cumulative": false
    },
    {
        "date": "2021-02-22T12:11:36.204Z",
        "value": "4.350925203151129",
        "cumulative": false
    },
    {
        "date": "2021-02-22T12:13:17.363Z",
        "value": "2.8901654411764706",
        "cumulative": false
    },
    {
        "date": "2021-02-22T12:14:56.362Z",
        "value": "3.326072021006605",
        "cumulative": false
    },
    {
        "date": "2021-02-22T12:16:33.786Z",
        "value": "2.7445339206817594",
        "cumulative": false
    },
    {
        "date": "2021-02-22T12:18:09.945Z",
        "value": "2.968529837472098",
        "cumulative": false
    },
    {
        "date": "2021-02-22T12:19:41.178Z",
        "value": "2.9817545572916666",
        "cumulative": false
    },
    {
        "date": "2021-02-22T12:21:17.413Z",
        "value": "2.9389496527777776",
        "cumulative": false
    },
    {
        "date": "2021-02-22T12:22:53.131Z",
        "value": "3.1409045649509806",
        "cumulative": false
    },
    {
        "date": "2021-02-22T12:24:29.418Z",
        "value": "2.7802276301819218",
        "cumulative": false
    },
    {
        "date": "2021-02-22T12:26:04.061Z",
        "value": "4.965920709072606",
        "cumulative": false
    },
    {
        "date": "2021-02-22T12:27:40.677Z",
        "value": "3.282839307598039",
        "cumulative": false
    },
    {
        "date": "2021-02-22T12:29:17.789Z",
        "value": "4.1286488999840865",
        "cumulative": false
    },
    {
        "date": "2021-02-22T12:30:53.521Z",
        "value": "2.783269057301859",
        "cumulative": false
    },
    {
        "date": "2021-02-22T12:32:29.296Z",
        "value": "2.86371945763925",
        "cumulative": false
    },
    {
        "date": "2021-02-22T12:34:06.544Z",
        "value": "2.8346529447115385",
        "cumulative": false
    },
    {
        "date": "2021-02-22T12:35:41.158Z",
        "value": "2.955855006558056",
        "cumulative": false
    },
    {
        "date": "2021-02-22T12:37:15.770Z",
        "value": "2.5698661534926472",
        "cumulative": false
    },
    {
        "date": "2021-02-22T12:38:52.490Z",
        "value": "3.126835200471698",
        "cumulative": false
    },
    {
        "date": "2021-02-22T12:40:27.938Z",
        "value": "4.864068689480634",
        "cumulative": false
    },
    {
        "date": "2021-02-22T12:42:07.904Z",
        "value": "2.8520025281618024",
        "cumulative": false
    },
    {
        "date": "2021-02-22T12:43:48.213Z",
        "value": "2.696279984864237",
        "cumulative": false
    },
    {
        "date": "2021-02-22T12:45:24.854Z",
        "value": "4.662996646414822",
        "cumulative": false
    },
    {
        "date": "2021-02-22T12:46:59.773Z",
        "value": "2.980714814886084",
        "cumulative": false
    },
    {
        "date": "2021-02-22T12:48:37.519Z",
        "value": "2.668816440615836",
        "cumulative": false
    },
    {
        "date": "2021-02-22T12:50:11.793Z",
        "value": "2.633520029105392",
        "cumulative": false
    },
    {
        "date": "2021-02-22T12:51:48.859Z",
        "value": "2.646684676131966",
        "cumulative": false
    },
    {
        "date": "2021-02-22T12:53:25.990Z",
        "value": "2.751820131975172",
        "cumulative": false
    },
    {
        "date": "2021-02-22T12:55:03.806Z",
        "value": "2.8003201362781955",
        "cumulative": false
    },
    {
        "date": "2021-02-22T12:56:38.943Z",
        "value": "2.9027104396446077",
        "cumulative": false
    },
    {
        "date": "2021-02-22T12:58:13.399Z",
        "value": "2.6335784122170813",
        "cumulative": false
    },
    {
        "date": "2021-02-22T12:59:52.764Z",
        "value": "2.89372900390625",
        "cumulative": false
    },
    {
        "date": "2021-02-22T13:01:25.188Z",
        "value": "4.228808936686635",
        "cumulative": false
    },
    {
        "date": "2021-02-22T13:02:59.589Z",
        "value": "2.860838099888393",
        "cumulative": false
    },
    {
        "date": "2021-02-22T13:04:42.654Z",
        "value": "2.9202427103061868",
        "cumulative": false
    },
    {
        "date": "2021-02-22T13:06:18.135Z",
        "value": "3.1862202466018803",
        "cumulative": false
    },
    {
        "date": "2021-02-22T13:07:56.659Z",
        "value": "3.024774980108739",
        "cumulative": false
    },
    {
        "date": "2021-02-22T13:09:31.474Z",
        "value": "2.6699171422650174",
        "cumulative": false
    },
    {
        "date": "2021-02-22T13:11:08.377Z",
        "value": "5.0234280706072925",
        "cumulative": false
    },
    {
        "date": "2021-02-22T13:12:44.972Z",
        "value": "2.796592089199645",
        "cumulative": false
    },
    {
        "date": "2021-02-22T13:14:21.747Z",
        "value": "2.7203874035542626",
        "cumulative": false
    },
    {
        "date": "2021-02-22T13:16:01.409Z",
        "value": "2.81394778015793",
        "cumulative": false
    },
    {
        "date": "2021-02-22T13:17:36.589Z",
        "value": "2.604126973054847",
        "cumulative": false
    },
    {
        "date": "2021-02-22T13:19:11.145Z",
        "value": "3.094696942497702",
        "cumulative": false
    },
    {
        "date": "2021-02-22T13:20:47.065Z",
        "value": "2.7662178106671553",
        "cumulative": false
    },
    {
        "date": "2021-02-22T13:22:22.007Z",
        "value": "2.5704714872563224",
        "cumulative": false
    },
    {
        "date": "2021-02-22T13:23:57.357Z",
        "value": "3.2892935210897627",
        "cumulative": false
    },
    {
        "date": "2021-02-22T13:25:33.830Z",
        "value": "4.193726810723244",
        "cumulative": false
    }
]