[
    {
        "date": "2021-02-22T09:51:40.306Z",
        "value": "11.135691018673356",
        "cumulative": false
    },
    {
        "date": "2021-02-22T09:53:13.732Z",
        "value": "9.016276827000402",
        "cumulative": false
    },
    {
        "date": "2021-02-22T09:54:52.079Z",
        "value": "8.075511145213294",
        "cumulative": false
    },
    {
        "date": "2021-02-22T09:56:30.417Z",
        "value": "8.213762664794922",
        "cumulative": false
    },
    {
        "date": "2021-02-22T09:58:06.291Z",
        "value": "7.731100385616987",
        "cumulative": false
    },
    {
        "date": "2021-02-22T09:59:44.815Z",
        "value": "8.082124884757222",
        "cumulative": false
    },
    {
        "date": "2021-02-22T10:01:21.082Z",
        "value": "7.388118909794461",
        "cumulative": false
    },
    {
        "date": "2021-02-22T10:02:58.498Z",
        "value": "7.1199619079968945",
        "cumulative": false
    },
    {
        "date": "2021-02-22T10:04:35.769Z",
        "value": "7.1824940418134915",
        "cumulative": false
    },
    {
        "date": "2021-02-22T10:06:15.433Z",
        "value": "6.489466248764822",
        "cumulative": false
    },
    {
        "date": "2021-02-22T10:07:54.826Z",
        "value": "5.403522462423896",
        "cumulative": false
    },
    {
        "date": "2021-02-22T10:09:32.012Z",
        "value": "5.9477252998737375",
        "cumulative": false
    },
    {
        "date": "2021-02-22T10:11:12.100Z",
        "value": "5.94308491625817",
        "cumulative": false
    },
    {
        "date": "2021-02-22T10:12:49.746Z",
        "value": "5.164626870485036",
        "cumulative": false
    },
    {
        "date": "2021-02-22T10:14:30.710Z",
        "value": "5.486599073223039",
        "cumulative": false
    },
    {
        "date": "2021-02-22T10:16:07.843Z",
        "value": "5.0449836732134585",
        "cumulative": false
    },
    {
        "date": "2021-02-22T10:17:44.063Z",
        "value": "5.16738831763174",
        "cumulative": false
    },
    {
        "date": "2021-02-22T10:19:23.356Z",
        "value": "5.902289996528216",
        "cumulative": false
    },
    {
        "date": "2021-02-22T10:20:57.319Z",
        "value": "4.934819711538461",
        "cumulative": false
    },
    {
        "date": "2021-02-22T10:22:33.479Z",
        "value": "4.71915833716299",
        "cumulative": false
    },
    {
        "date": "2021-02-22T10:24:11.498Z",
        "value": "4.766015966455419",
        "cumulative": false
    },
    {
        "date": "2021-02-22T10:25:49.469Z",
        "value": "4.227127128896431",
        "cumulative": false
    },
    {
        "date": "2021-02-22T10:27:27.686Z",
        "value": "4.871707452512255",
        "cumulative": false
    },
    {
        "date": "2021-02-22T10:29:04.457Z",
        "value": "3.8313148334301617",
        "cumulative": false
    },
    {
        "date": "2021-02-22T10:30:45.549Z",
        "value": "3.751315162295387",
        "cumulative": false
    },
    {
        "date": "2021-02-22T10:32:21.840Z",
        "value": "3.879107715637703",
        "cumulative": false
    },
    {
        "date": "2021-02-22T10:33:58.668Z",
        "value": "3.764309991574755",
        "cumulative": false
    },
    {
        "date": "2021-02-22T10:35:37.509Z",
        "value": "3.894437806620986",
        "cumulative": false
    },
    {
        "date": "2021-02-22T10:37:20.431Z",
        "value": "3.967727382574797",
        "cumulative": false
    },
    {
        "date": "2021-02-22T10:38:59.750Z",
        "value": "3.7314765625",
        "cumulative": false
    },
    {
        "date": "2021-02-22T10:40:37.665Z",
        "value": "4.114725544839679",
        "cumulative": false
    },
    {
        "date": "2021-02-22T10:42:13.242Z",
        "value": "3.8293429487179487",
        "cumulative": false
    },
    {
        "date": "2021-02-22T10:43:49.308Z",
        "value": "3.467604048831071",
        "cumulative": false
    },
    {
        "date": "2021-02-22T10:45:26.980Z",
        "value": "3.221262047134653",
        "cumulative": false
    },
    {
        "date": "2021-02-22T10:47:04.207Z",
        "value": "3.725241268382353",
        "cumulative": false
    },
    {
        "date": "2021-02-22T10:48:42.885Z",
        "value": "3.8090052528986855",
        "cumulative": false
    },
    {
        "date": "2021-02-22T10:50:21.162Z",
        "value": "3.492792273462783",
        "cumulative": false
    },
    {
        "date": "2021-02-22T10:51:54.891Z",
        "value": "3.226792875081011",
        "cumulative": false
    },
    {
        "date": "2021-02-22T10:53:28.825Z",
        "value": "3.6106697968180637",
        "cumulative": false
    },
    {
        "date": "2021-02-22T10:55:05.781Z",
        "value": "3.4587380801930148",
        "cumulative": false
    },
    {
        "date": "2021-02-22T10:56:38.734Z",
        "value": "3.620686606032338",
        "cumulative": false
    },
    {
        "date": "2021-02-22T10:58:14.503Z",
        "value": "3.4665361958165324",
        "cumulative": false
    },
    {
        "date": "2021-02-22T10:59:56.828Z",
        "value": "3.38966707054183",
        "cumulative": false
    },
    {
        "date": "2021-02-22T11:01:34.238Z",
        "value": "3.2581916216322053",
        "cumulative": false
    },
    {
        "date": "2021-02-22T11:03:11.351Z",
        "value": "3.442615784117343",
        "cumulative": false
    },
    {
        "date": "2021-02-22T11:04:47.789Z",
        "value": "3.2536334859913794",
        "cumulative": false
    },
    {
        "date": "2021-02-22T11:06:07.708Z",
        "value": "3.6274648132664438",
        "cumulative": false
    },
    {
        "date": "2021-02-22T11:07:45.047Z",
        "value": "5.266246591651588",
        "cumulative": false
    },
    {
        "date": "2021-02-22T11:09:18.948Z",
        "value": "3.0379871186755953",
        "cumulative": false
    },
    {
        "date": "2021-02-22T11:10:54.639Z",
        "value": "4.694378662109375",
        "cumulative": false
    },
    {
        "date": "2021-02-22T11:12:30.531Z",
        "value": "3.7211951622596153",
        "cumulative": false
    },
    {
        "date": "2021-02-22T11:14:05.786Z",
        "value": "5.090011812384757",
        "cumulative": false
    },
    {
        "date": "2021-02-22T11:15:42.291Z",
        "value": "3.7165919914776286",
        "cumulative": false
    },
    {
        "date": "2021-02-22T11:17:18.593Z",
        "value": "3.8960813155085403",
        "cumulative": false
    },
    {
        "date": "2021-02-22T11:18:53.625Z",
        "value": "4.920929162471684",
        "cumulative": false
    },
    {
        "date": "2021-02-22T11:20:27.140Z",
        "value": "3.3217165498394268",
        "cumulative": false
    },
    {
        "date": "2021-02-22T11:22:04.661Z",
        "value": "3.2061825175989345",
        "cumulative": false
    },
    {
        "date": "2021-02-22T11:23:41.752Z",
        "value": "3.3322132457386364",
        "cumulative": false
    },
    {
        "date": "2021-02-22T11:25:16.084Z",
        "value": "3.5729277137537707",
        "cumulative": false
    },
    {
        "date": "2021-02-22T11:26:53.355Z",
        "value": "2.892082285216718",
        "cumulative": false
    },
    {
        "date": "2021-02-22T11:28:35.317Z",
        "value": "3.491891419653799",
        "cumulative": false
    },
    {
        "date": "2021-02-22T11:30:10.803Z",
        "value": "3.230332191020991",
        "cumulative": false
    },
    {
        "date": "2021-02-22T11:31:47.534Z",
        "value": "3.383531458237592",
        "cumulative": false
    },
    {
        "date": "2021-02-22T11:33:22.684Z",
        "value": "4.459415635652064",
        "cumulative": false
    },
    {
        "date": "2021-02-22T11:34:59.423Z",
        "value": "3.132657251602564",
        "cumulative": false
    },
    {
        "date": "2021-02-22T11:36:32.050Z",
        "value": "3.3626467237285538",
        "cumulative": false
    },
    {
        "date": "2021-02-22T11:38:09.198Z",
        "value": "3.5188107790646854",
        "cumulative": false
    },
    {
        "date": "2021-02-22T11:39:45.764Z",
        "value": "3.0678860686902967",
        "cumulative": false
    },
    {
        "date": "2021-02-22T11:41:21.033Z",
        "value": "3.9917863434436276",
        "cumulative": false
    },
    {
        "date": "2021-02-22T11:42:56.676Z",
        "value": "2.9698617714958413",
        "cumulative": false
    },
    {
        "date": "2021-02-22T11:44:32.627Z",
        "value": "2.912624782986111",
        "cumulative": false
    },
    {
        "date": "2021-02-22T11:46:07.291Z",
        "value": "3.091092737709604",
        "cumulative": false
    },
    {
        "date": "2021-02-22T11:47:44.009Z",
        "value": "2.928866996017157",
        "cumulative": false
    },
    {
        "date": "2021-02-22T11:49:16.855Z",
        "value": "3.260920521813169",
        "cumulative": false
    },
    {
        "date": "2021-02-22T11:50:59.837Z",
        "value": "3.2981625570486814",
        "cumulative": false
    },
    {
        "date": "2021-02-22T11:52:32.703Z",
        "value": "3.06871484375",
        "cumulative": false
    },
    {
        "date": "2021-02-22T11:54:09.587Z",
        "value": "3.382470996680862",
        "cumulative": false
    },
    {
        "date": "2021-02-22T11:55:45.312Z",
        "value": "3.0435491786858972",
        "cumulative": false
    },
    {
        "date": "2021-02-22T11:57:20.551Z",
        "value": "2.890589649321267",
        "cumulative": false
    },
    {
        "date": "2021-02-22T11:58:56.177Z",
        "value": "2.7383003421309873",
        "cumulative": false
    },
    {
        "date": "2021-02-22T12:00:30.336Z",
        "value": "3.1494113270308124",
        "cumulative": false
    },
    {
        "date": "2021-02-22T12:02:04.437Z",
        "value": "3.240356929718502",
        "cumulative": false
    },
    {
        "date": "2021-02-22T12:03:37.641Z",
        "value": "2.9069308758090613",
        "cumulative": false
    },
    {
        "date": "2021-02-22T12:05:10.453Z",
        "value": "2.76609537022035",
        "cumulative": false
    },
    {
        "date": "2021-02-22T12:06:44.321Z",
        "value": "3.1538408747071838",
        "cumulative": false
    },
    {
        "date": "2021-02-22T12:08:24.553Z",
        "value": "2.925372434129902",
        "cumulative": false
    },
    {
        "date": "2021-02-22T12:10:00.925Z",
        "value": "2.9751408970771145",
        "cumulative": false
    },
    {
        "date": "2021-02-22T12:11:36.215Z",
        "value": "2.995814957157258",
        "cumulative": false
    },
    {
        "date": "2021-02-22T12:13:17.565Z",
        "value": "2.9323811689701564",
        "cumulative": false
    },
    {
        "date": "2021-02-22T12:14:56.364Z",
        "value": "2.794997748276942",
        "cumulative": false
    },
    {
        "date": "2021-02-22T12:16:33.785Z",
        "value": "2.978691805052985",
        "cumulative": false
    },
    {
        "date": "2021-02-22T12:18:09.944Z",
        "value": "2.861517664716749",
        "cumulative": false
    },
    {
        "date": "2021-02-22T12:19:41.173Z",
        "value": "3.231731095840301",
        "cumulative": false
    },
    {
        "date": "2021-02-22T12:21:17.411Z",
        "value": "4.8423426819461195",
        "cumulative": false
    },
    {
        "date": "2021-02-22T12:22:53.117Z",
        "value": "2.6846265035962302",
        "cumulative": false
    },
    {
        "date": "2021-02-22T12:24:29.423Z",
        "value": "4.253905487060547",
        "cumulative": false
    },
    {
        "date": "2021-02-22T12:26:04.052Z",
        "value": "3.340601837940705",
        "cumulative": false
    },
    {
        "date": "2021-02-22T12:27:40.678Z",
        "value": "4.692144283958205",
        "cumulative": false
    },
    {
        "date": "2021-02-22T12:29:17.796Z",
        "value": "3.3040013727440782",
        "cumulative": false
    },
    {
        "date": "2021-02-22T12:30:53.522Z",
        "value": "3.5645283385093167",
        "cumulative": false
    },
    {
        "date": "2021-02-22T12:32:29.300Z",
        "value": "4.573397778756607",
        "cumulative": false
    },
    {
        "date": "2021-02-22T12:34:06.550Z",
        "value": "3.0138930972856968",
        "cumulative": false
    },
    {
        "date": "2021-02-22T12:35:41.162Z",
        "value": "2.9985325550561264",
        "cumulative": false
    },
    {
        "date": "2021-02-22T12:37:15.768Z",
        "value": "3.0535314078282827",
        "cumulative": false
    },
    {
        "date": "2021-02-22T12:38:52.488Z",
        "value": "3.2575046545060333",
        "cumulative": false
    },
    {
        "date": "2021-02-22T12:40:27.934Z",
        "value": "2.6749664401122293",
        "cumulative": false
    },
    {
        "date": "2021-02-22T12:42:07.895Z",
        "value": "3.2298483455882354",
        "cumulative": false
    },
    {
        "date": "2021-02-22T12:43:48.217Z",
        "value": "3.0116313281370584",
        "cumulative": false
    },
    {
        "date": "2021-02-22T12:45:24.858Z",
        "value": "3.12831085803462",
        "cumulative": false
    },
    {
        "date": "2021-02-22T12:46:59.775Z",
        "value": "4.149194980116147",
        "cumulative": false
    },
    {
        "date": "2021-02-22T12:48:37.510Z",
        "value": "2.8792828525641028",
        "cumulative": false
    },
    {
        "date": "2021-02-22T12:50:11.791Z",
        "value": "3.134489889705882",
        "cumulative": false
    },
    {
        "date": "2021-02-22T12:51:48.861Z",
        "value": "3.2932552880062644",
        "cumulative": false
    },
    {
        "date": "2021-02-22T12:53:25.993Z",
        "value": "2.8547150931686778",
        "cumulative": false
    },
    {
        "date": "2021-02-22T12:55:03.814Z",
        "value": "3.762982058057598",
        "cumulative": false
    },
    {
        "date": "2021-02-22T12:56:38.942Z",
        "value": "2.7728316872553815",
        "cumulative": false
    },
    {
        "date": "2021-02-22T12:58:13.399Z",
        "value": "2.7341516888330855",
        "cumulative": false
    },
    {
        "date": "2021-02-22T12:59:52.772Z",
        "value": "2.8933395757907774",
        "cumulative": false
    },
    {
        "date": "2021-02-22T13:01:25.175Z",
        "value": "2.730420400582108",
        "cumulative": false
    },
    {
        "date": "2021-02-22T13:02:59.583Z",
        "value": "3.0795339361012",
        "cumulative": false
    },
    {
        "date": "2021-02-22T13:04:42.652Z",
        "value": "3.1187652525988843",
        "cumulative": false
    },
    {
        "date": "2021-02-22T13:06:18.136Z",
        "value": "2.8577265625",
        "cumulative": false
    },
    {
        "date": "2021-02-22T13:07:56.666Z",
        "value": "3.175270952060371",
        "cumulative": false
    },
    {
        "date": "2021-02-22T13:09:31.469Z",
        "value": "2.85298828125",
        "cumulative": false
    },
    {
        "date": "2021-02-22T13:11:08.368Z",
        "value": "2.7356009811777273",
        "cumulative": false
    },
    {
        "date": "2021-02-22T13:12:44.986Z",
        "value": "2.6021603223515397",
        "cumulative": false
    },
    {
        "date": "2021-02-22T13:14:21.741Z",
        "value": "2.982351299894958",
        "cumulative": false
    },
    {
        "date": "2021-02-22T13:16:01.417Z",
        "value": "3.073548816499256",
        "cumulative": false
    },
    {
        "date": "2021-02-22T13:17:36.605Z",
        "value": "2.7497633495145632",
        "cumulative": false
    },
    {
        "date": "2021-02-22T13:19:11.148Z",
        "value": "2.6249848104342193",
        "cumulative": false
    },
    {
        "date": "2021-02-22T13:20:47.068Z",
        "value": "3.017578125",
        "cumulative": false
    },
    {
        "date": "2021-02-22T13:22:22.010Z",
        "value": "2.7708534390318627",
        "cumulative": false
    },
    {
        "date": "2021-02-22T13:23:57.357Z",
        "value": "2.8249771649564677",
        "cumulative": false
    },
    {
        "date": "2021-02-22T13:25:33.834Z",
        "value": "2.8538834110383067",
        "cumulative": false
    }
]