[
    {
        "date": "2021-02-22T09:51:40.306Z",
        "value": "11.123484977149209",
        "cumulative": false
    },
    {
        "date": "2021-02-22T09:53:13.734Z",
        "value": "8.955482219827585",
        "cumulative": false
    },
    {
        "date": "2021-02-22T09:54:52.081Z",
        "value": "8.09082277359501",
        "cumulative": false
    },
    {
        "date": "2021-02-22T09:56:30.418Z",
        "value": "8.291128282191613",
        "cumulative": false
    },
    {
        "date": "2021-02-22T09:58:06.293Z",
        "value": "7.600118712667541",
        "cumulative": false
    },
    {
        "date": "2021-02-22T09:59:44.818Z",
        "value": "7.468895392689278",
        "cumulative": false
    },
    {
        "date": "2021-02-22T10:01:21.085Z",
        "value": "7.400121358309232",
        "cumulative": false
    },
    {
        "date": "2021-02-22T10:02:58.482Z",
        "value": "6.650299040108008",
        "cumulative": false
    },
    {
        "date": "2021-02-22T10:04:35.765Z",
        "value": "6.42405936582681",
        "cumulative": false
    },
    {
        "date": "2021-02-22T10:06:15.432Z",
        "value": "6.3851652325324295",
        "cumulative": false
    },
    {
        "date": "2021-02-22T10:07:54.826Z",
        "value": "6.1109392438616075",
        "cumulative": false
    },
    {
        "date": "2021-02-22T10:09:32.009Z",
        "value": "6.054472351894143",
        "cumulative": false
    },
    {
        "date": "2021-02-22T10:11:12.100Z",
        "value": "5.6352919541396105",
        "cumulative": false
    },
    {
        "date": "2021-02-22T10:12:49.744Z",
        "value": "6.509485451571913",
        "cumulative": false
    },
    {
        "date": "2021-02-22T10:14:30.710Z",
        "value": "5.568253395774148",
        "cumulative": false
    },
    {
        "date": "2021-02-22T10:16:07.844Z",
        "value": "5.484277187363517",
        "cumulative": false
    },
    {
        "date": "2021-02-22T10:17:44.064Z",
        "value": "6.104456341455853",
        "cumulative": false
    },
    {
        "date": "2021-02-22T10:19:23.357Z",
        "value": "6.01306690381116",
        "cumulative": false
    },
    {
        "date": "2021-02-22T10:20:57.318Z",
        "value": "5.782787839330808",
        "cumulative": false
    },
    {
        "date": "2021-02-22T10:22:33.470Z",
        "value": "4.776682444162913",
        "cumulative": false
    },
    {
        "date": "2021-02-22T10:24:11.501Z",
        "value": "4.515431611761084",
        "cumulative": false
    },
    {
        "date": "2021-02-22T10:25:49.468Z",
        "value": "4.484213196997549",
        "cumulative": false
    },
    {
        "date": "2021-02-22T10:27:27.686Z",
        "value": "4.0413674747242645",
        "cumulative": false
    },
    {
        "date": "2021-02-22T10:29:04.458Z",
        "value": "4.310859773596939",
        "cumulative": false
    },
    {
        "date": "2021-02-22T10:30:45.549Z",
        "value": "3.7577955457899304",
        "cumulative": false
    },
    {
        "date": "2021-02-22T10:32:21.839Z",
        "value": "4.0795049493963065",
        "cumulative": false
    },
    {
        "date": "2021-02-22T10:33:58.668Z",
        "value": "3.610914541712488",
        "cumulative": false
    },
    {
        "date": "2021-02-22T10:35:37.508Z",
        "value": "3.708562338420281",
        "cumulative": false
    },
    {
        "date": "2021-02-22T10:37:20.429Z",
        "value": "4.262454986572266",
        "cumulative": false
    },
    {
        "date": "2021-02-22T10:38:59.744Z",
        "value": "3.7578660102739727",
        "cumulative": false
    },
    {
        "date": "2021-02-22T10:40:37.663Z",
        "value": "3.4406148445706406",
        "cumulative": false
    },
    {
        "date": "2021-02-22T10:42:13.242Z",
        "value": "3.49810337035124",
        "cumulative": false
    },
    {
        "date": "2021-02-22T10:43:49.305Z",
        "value": "3.1945706685384114",
        "cumulative": false
    },
    {
        "date": "2021-02-22T10:45:26.980Z",
        "value": "3.687488195398352",
        "cumulative": false
    },
    {
        "date": "2021-02-22T10:47:04.188Z",
        "value": "3.391229444934476",
        "cumulative": false
    },
    {
        "date": "2021-02-22T10:48:42.886Z",
        "value": "4.039692468587345",
        "cumulative": false
    },
    {
        "date": "2021-02-22T10:50:21.161Z",
        "value": "4.838621318882709",
        "cumulative": false
    },
    {
        "date": "2021-02-22T10:51:54.892Z",
        "value": "3.23621764520202",
        "cumulative": false
    },
    {
        "date": "2021-02-22T10:53:28.821Z",
        "value": "3.6404290401102752",
        "cumulative": false
    },
    {
        "date": "2021-02-22T10:55:05.782Z",
        "value": "3.0699336882560484",
        "cumulative": false
    },
    {
        "date": "2021-02-22T10:56:38.737Z",
        "value": "5.170126507391079",
        "cumulative": false
    },
    {
        "date": "2021-02-22T10:58:14.504Z",
        "value": "3.4560612083500266",
        "cumulative": false
    },
    {
        "date": "2021-02-22T10:59:56.829Z",
        "value": "3.300522066366793",
        "cumulative": false
    },
    {
        "date": "2021-02-22T11:01:34.239Z",
        "value": "3.6150240087697627",
        "cumulative": false
    },
    {
        "date": "2021-02-22T11:03:11.352Z",
        "value": "3.243643274987781",
        "cumulative": false
    },
    {
        "date": "2021-02-22T11:04:47.787Z",
        "value": "5.050847092399632",
        "cumulative": false
    },
    {
        "date": "2021-02-22T11:06:07.708Z",
        "value": "5.320389216125247",
        "cumulative": false
    },
    {
        "date": "2021-02-22T11:07:45.046Z",
        "value": "3.3109331564686406",
        "cumulative": false
    },
    {
        "date": "2021-02-22T11:09:18.949Z",
        "value": "2.980800505607359",
        "cumulative": false
    },
    {
        "date": "2021-02-22T11:10:54.640Z",
        "value": "4.679623604876399",
        "cumulative": false
    },
    {
        "date": "2021-02-22T11:12:30.533Z",
        "value": "3.1227441178613056",
        "cumulative": false
    },
    {
        "date": "2021-02-22T11:14:05.795Z",
        "value": "3.234248463700457",
        "cumulative": false
    },
    {
        "date": "2021-02-22T11:15:42.294Z",
        "value": "4.7216686249698725",
        "cumulative": false
    },
    {
        "date": "2021-02-22T11:17:18.593Z",
        "value": "3.105490359918335",
        "cumulative": false
    },
    {
        "date": "2021-02-22T11:18:53.621Z",
        "value": "2.972157457803327",
        "cumulative": false
    },
    {
        "date": "2021-02-22T11:20:27.141Z",
        "value": "3.4458304351230837",
        "cumulative": false
    },
    {
        "date": "2021-02-22T11:22:04.659Z",
        "value": "3.2571219308035713",
        "cumulative": false
    },
    {
        "date": "2021-02-22T11:23:41.753Z",
        "value": "3.2261311542853304",
        "cumulative": false
    },
    {
        "date": "2021-02-22T11:25:16.084Z",
        "value": "3.1174448516977815",
        "cumulative": false
    },
    {
        "date": "2021-02-22T11:26:53.357Z",
        "value": "4.710763954254518",
        "cumulative": false
    },
    {
        "date": "2021-02-22T11:28:35.320Z",
        "value": "3.3864213423295455",
        "cumulative": false
    },
    {
        "date": "2021-02-22T11:30:10.803Z",
        "value": "3.469157457872325",
        "cumulative": false
    },
    {
        "date": "2021-02-22T11:31:47.535Z",
        "value": "4.7461044069320435",
        "cumulative": false
    },
    {
        "date": "2021-02-22T11:33:22.684Z",
        "value": "4.63153305701577",
        "cumulative": false
    },
    {
        "date": "2021-02-22T11:34:59.425Z",
        "value": "4.4640516493055555",
        "cumulative": false
    },
    {
        "date": "2021-02-22T11:36:32.051Z",
        "value": "3.230177931838088",
        "cumulative": false
    },
    {
        "date": "2021-02-22T11:38:09.199Z",
        "value": "3.1732301608682265",
        "cumulative": false
    },
    {
        "date": "2021-02-22T11:39:45.764Z",
        "value": "3.4269485772824755",
        "cumulative": false
    },
    {
        "date": "2021-02-22T11:41:21.032Z",
        "value": "3.0423478668811272",
        "cumulative": false
    },
    {
        "date": "2021-02-22T11:42:56.677Z",
        "value": "3.363661411830357",
        "cumulative": false
    },
    {
        "date": "2021-02-22T11:44:32.625Z",
        "value": "2.9338865734281994",
        "cumulative": false
    },
    {
        "date": "2021-02-22T11:46:07.290Z",
        "value": "3.2648049094460228",
        "cumulative": false
    },
    {
        "date": "2021-02-22T11:47:44.010Z",
        "value": "2.802988777645406",
        "cumulative": false
    },
    {
        "date": "2021-02-22T11:49:16.857Z",
        "value": "3.054944640858929",
        "cumulative": false
    },
    {
        "date": "2021-02-22T11:50:59.837Z",
        "value": "3.624424457550049",
        "cumulative": false
    },
    {
        "date": "2021-02-22T11:52:32.703Z",
        "value": "3.0953976705194064",
        "cumulative": false
    },
    {
        "date": "2021-02-22T11:54:09.587Z",
        "value": "2.847721644810268",
        "cumulative": false
    },
    {
        "date": "2021-02-22T11:55:45.312Z",
        "value": "2.974911898493735",
        "cumulative": false
    },
    {
        "date": "2021-02-22T11:57:20.552Z",
        "value": "2.6738405863444012",
        "cumulative": false
    },
    {
        "date": "2021-02-22T11:58:56.177Z",
        "value": "3.1206585894574177",
        "cumulative": false
    },
    {
        "date": "2021-02-22T12:00:30.336Z",
        "value": "2.884369388703377",
        "cumulative": false
    },
    {
        "date": "2021-02-22T12:02:04.438Z",
        "value": "3.479940440488777",
        "cumulative": false
    },
    {
        "date": "2021-02-22T12:03:37.640Z",
        "value": "4.224943618080132",
        "cumulative": false
    },
    {
        "date": "2021-02-22T12:05:10.455Z",
        "value": "2.7594477489741163",
        "cumulative": false
    },
    {
        "date": "2021-02-22T12:06:44.321Z",
        "value": "3.1485502952097146",
        "cumulative": false
    },
    {
        "date": "2021-02-22T12:08:24.552Z",
        "value": "2.6771607757896505",
        "cumulative": false
    },
    {
        "date": "2021-02-22T12:10:00.924Z",
        "value": "4.648542348774637",
        "cumulative": false
    },
    {
        "date": "2021-02-22T12:11:36.217Z",
        "value": "2.9838267269297543",
        "cumulative": false
    },
    {
        "date": "2021-02-22T12:13:17.566Z",
        "value": "2.8715080492424243",
        "cumulative": false
    },
    {
        "date": "2021-02-22T12:14:56.364Z",
        "value": "3.1844805691082017",
        "cumulative": false
    },
    {
        "date": "2021-02-22T12:16:33.784Z",
        "value": "2.8957245081867056",
        "cumulative": false
    },
    {
        "date": "2021-02-22T12:18:09.943Z",
        "value": "4.662612770073552",
        "cumulative": false
    },
    {
        "date": "2021-02-22T12:19:41.171Z",
        "value": "4.891951851222826",
        "cumulative": false
    },
    {
        "date": "2021-02-22T12:21:17.409Z",
        "value": "2.9068234437468767",
        "cumulative": false
    },
    {
        "date": "2021-02-22T12:22:53.122Z",
        "value": "2.6462535242880545",
        "cumulative": false
    },
    {
        "date": "2021-02-22T12:24:29.420Z",
        "value": "4.239118612409298",
        "cumulative": false
    },
    {
        "date": "2021-02-22T12:26:04.067Z",
        "value": "2.831582805215618",
        "cumulative": false
    },
    {
        "date": "2021-02-22T12:27:40.678Z",
        "value": "2.917591125984502",
        "cumulative": false
    },
    {
        "date": "2021-02-22T12:29:17.793Z",
        "value": "4.34520178054953",
        "cumulative": false
    },
    {
        "date": "2021-02-22T12:30:53.522Z",
        "value": "2.8273635076396206",
        "cumulative": false
    },
    {
        "date": "2021-02-22T12:32:29.302Z",
        "value": "2.7220881811093443",
        "cumulative": false
    },
    {
        "date": "2021-02-22T12:34:06.548Z",
        "value": "3.1463695022295104",
        "cumulative": false
    },
    {
        "date": "2021-02-22T12:35:41.162Z",
        "value": "2.9795686267671133",
        "cumulative": false
    },
    {
        "date": "2021-02-22T12:37:15.768Z",
        "value": "2.939910445912816",
        "cumulative": false
    },
    {
        "date": "2021-02-22T12:38:52.488Z",
        "value": "2.8555543577516236",
        "cumulative": false
    },
    {
        "date": "2021-02-22T12:40:27.938Z",
        "value": "4.348054816923946",
        "cumulative": false
    },
    {
        "date": "2021-02-22T12:42:07.895Z",
        "value": "3.091832663796165",
        "cumulative": false
    },
    {
        "date": "2021-02-22T12:43:48.219Z",
        "value": "3.199297796258553",
        "cumulative": false
    },
    {
        "date": "2021-02-22T12:45:24.858Z",
        "value": "4.456658257378472",
        "cumulative": false
    },
    {
        "date": "2021-02-22T12:46:59.776Z",
        "value": "4.348960965932067",
        "cumulative": false
    },
    {
        "date": "2021-02-22T12:48:37.513Z",
        "value": "4.171837515782828",
        "cumulative": false
    },
    {
        "date": "2021-02-22T12:50:11.791Z",
        "value": "2.9859468843843846",
        "cumulative": false
    },
    {
        "date": "2021-02-22T12:51:48.862Z",
        "value": "2.9304345943657637",
        "cumulative": false
    },
    {
        "date": "2021-02-22T12:53:25.994Z",
        "value": "3.2125868853400736",
        "cumulative": false
    },
    {
        "date": "2021-02-22T12:55:03.823Z",
        "value": "2.842614028033088",
        "cumulative": false
    },
    {
        "date": "2021-02-22T12:56:38.943Z",
        "value": "3.144123933753189",
        "cumulative": false
    },
    {
        "date": "2021-02-22T12:58:13.401Z",
        "value": "2.7416294642857144",
        "cumulative": false
    },
    {
        "date": "2021-02-22T12:59:52.772Z",
        "value": "3.0511138916015623",
        "cumulative": false
    },
    {
        "date": "2021-02-22T13:01:25.176Z",
        "value": "2.6399956756323313",
        "cumulative": false
    },
    {
        "date": "2021-02-22T13:02:59.583Z",
        "value": "2.878585803654113",
        "cumulative": false
    },
    {
        "date": "2021-02-22T13:04:42.651Z",
        "value": "3.4343514442443848",
        "cumulative": false
    },
    {
        "date": "2021-02-22T13:06:18.134Z",
        "value": "2.92988454043593",
        "cumulative": false
    },
    {
        "date": "2021-02-22T13:07:56.666Z",
        "value": "2.697173302914916",
        "cumulative": false
    },
    {
        "date": "2021-02-22T13:09:31.470Z",
        "value": "2.8318339067915224",
        "cumulative": false
    },
    {
        "date": "2021-02-22T13:11:08.373Z",
        "value": "2.538094075520833",
        "cumulative": false
    },
    {
        "date": "2021-02-22T13:12:44.989Z",
        "value": "2.9350905198317307",
        "cumulative": false
    },
    {
        "date": "2021-02-22T13:14:21.740Z",
        "value": "2.7258421374905493",
        "cumulative": false
    },
    {
        "date": "2021-02-22T13:16:01.413Z",
        "value": "3.296300626219909",
        "cumulative": false
    },
    {
        "date": "2021-02-22T13:17:36.597Z",
        "value": "4.019509526668352",
        "cumulative": false
    },
    {
        "date": "2021-02-22T13:19:11.141Z",
        "value": "2.6253033262310606",
        "cumulative": false
    },
    {
        "date": "2021-02-22T13:20:47.070Z",
        "value": "2.9946635167006628",
        "cumulative": false
    },
    {
        "date": "2021-02-22T13:22:22.007Z",
        "value": "2.5573604460685484",
        "cumulative": false
    },
    {
        "date": "2021-02-22T13:23:57.358Z",
        "value": "4.472846699948133",
        "cumulative": false
    },
    {
        "date": "2021-02-22T13:25:33.835Z",
        "value": "2.854674771300748",
        "cumulative": false
    }
]