[
    {
        "date": "2021-02-22T09:51:40.307Z",
        "value": "11.192687655086848",
        "cumulative": false
    },
    {
        "date": "2021-02-22T09:53:13.729Z",
        "value": "8.965518876445087",
        "cumulative": false
    },
    {
        "date": "2021-02-22T09:54:52.076Z",
        "value": "8.138319350175967",
        "cumulative": false
    },
    {
        "date": "2021-02-22T09:56:30.422Z",
        "value": "7.831205958946079",
        "cumulative": false
    },
    {
        "date": "2021-02-22T09:58:06.283Z",
        "value": "7.610975493920972",
        "cumulative": false
    },
    {
        "date": "2021-02-22T09:59:44.814Z",
        "value": "7.477013259131699",
        "cumulative": false
    },
    {
        "date": "2021-02-22T10:01:21.072Z",
        "value": "6.970593131659056",
        "cumulative": false
    },
    {
        "date": "2021-02-22T10:02:58.488Z",
        "value": "6.612434319690266",
        "cumulative": false
    },
    {
        "date": "2021-02-22T10:04:35.764Z",
        "value": "7.119469050274537",
        "cumulative": false
    },
    {
        "date": "2021-02-22T10:06:15.441Z",
        "value": "4.732627868652344",
        "cumulative": false
    },
    {
        "date": "2021-02-22T10:07:54.819Z",
        "value": "6.244008135168961",
        "cumulative": false
    },
    {
        "date": "2021-02-22T10:09:32.008Z",
        "value": "5.716324379877369",
        "cumulative": false
    },
    {
        "date": "2021-02-22T10:11:12.095Z",
        "value": "6.793708493569028",
        "cumulative": false
    },
    {
        "date": "2021-02-22T10:12:49.736Z",
        "value": "5.553064213966837",
        "cumulative": false
    },
    {
        "date": "2021-02-22T10:14:30.701Z",
        "value": "5.372559586191565",
        "cumulative": false
    },
    {
        "date": "2021-02-22T10:16:07.831Z",
        "value": "4.73494322533701",
        "cumulative": false
    },
    {
        "date": "2021-02-22T10:17:44.062Z",
        "value": "4.76411977581177",
        "cumulative": false
    },
    {
        "date": "2021-02-22T10:19:23.353Z",
        "value": "4.724622354299575",
        "cumulative": false
    },
    {
        "date": "2021-02-22T10:20:57.314Z",
        "value": "4.78873171338848",
        "cumulative": false
    },
    {
        "date": "2021-02-22T10:22:33.470Z",
        "value": "4.333412664291856",
        "cumulative": false
    },
    {
        "date": "2021-02-22T10:24:11.494Z",
        "value": "3.9423558462771204",
        "cumulative": false
    },
    {
        "date": "2021-02-22T10:25:49.470Z",
        "value": "4.471009269593254",
        "cumulative": false
    },
    {
        "date": "2021-02-22T10:27:27.680Z",
        "value": "4.543463015088848",
        "cumulative": false
    },
    {
        "date": "2021-02-22T10:29:04.448Z",
        "value": "3.8022051570391415",
        "cumulative": false
    },
    {
        "date": "2021-02-22T10:30:45.542Z",
        "value": "5.1117920838548185",
        "cumulative": false
    },
    {
        "date": "2021-02-22T10:32:21.835Z",
        "value": "4.268542277614858",
        "cumulative": false
    },
    {
        "date": "2021-02-22T10:33:58.645Z",
        "value": "3.9061610391695205",
        "cumulative": false
    },
    {
        "date": "2021-02-22T10:35:37.497Z",
        "value": "3.4889876731269016",
        "cumulative": false
    },
    {
        "date": "2021-02-22T10:37:20.430Z",
        "value": "3.5278224851845064",
        "cumulative": false
    },
    {
        "date": "2021-02-22T10:38:59.740Z",
        "value": "3.6787377795477263",
        "cumulative": false
    },
    {
        "date": "2021-02-22T10:40:37.668Z",
        "value": "3.400142609126984",
        "cumulative": false
    },
    {
        "date": "2021-02-22T10:42:13.230Z",
        "value": "3.5713028817806602",
        "cumulative": false
    },
    {
        "date": "2021-02-22T10:43:49.299Z",
        "value": "3.2784499533001243",
        "cumulative": false
    },
    {
        "date": "2021-02-22T10:45:26.969Z",
        "value": "3.3987808227539062",
        "cumulative": false
    },
    {
        "date": "2021-02-22T10:47:04.196Z",
        "value": "3.583330925143495",
        "cumulative": false
    },
    {
        "date": "2021-02-22T10:48:42.871Z",
        "value": "3.526131261203806",
        "cumulative": false
    },
    {
        "date": "2021-02-22T10:50:21.150Z",
        "value": "3.665780009920635",
        "cumulative": false
    },
    {
        "date": "2021-02-22T10:51:54.909Z",
        "value": "3.2552320075757577",
        "cumulative": false
    },
    {
        "date": "2021-02-22T10:53:28.826Z",
        "value": "5.1195169878296145",
        "cumulative": false
    },
    {
        "date": "2021-02-22T10:55:05.773Z",
        "value": "3.2086325252757355",
        "cumulative": false
    },
    {
        "date": "2021-02-22T10:56:38.731Z",
        "value": "3.2177955619402003",
        "cumulative": false
    },
    {
        "date": "2021-02-22T10:58:14.499Z",
        "value": "3.896902395115842",
        "cumulative": false
    },
    {
        "date": "2021-02-22T10:59:56.829Z",
        "value": "4.986542923896402",
        "cumulative": false
    },
    {
        "date": "2021-02-22T11:01:34.232Z",
        "value": "3.4160345262096774",
        "cumulative": false
    },
    {
        "date": "2021-02-22T11:03:11.356Z",
        "value": "2.993753850246416",
        "cumulative": false
    },
    {
        "date": "2021-02-22T11:04:47.785Z",
        "value": "3.293482703573283",
        "cumulative": false
    },
    {
        "date": "2021-02-22T11:06:07.701Z",
        "value": "4.573111817617866",
        "cumulative": false
    },
    {
        "date": "2021-02-22T11:07:45.050Z",
        "value": "3.500928769267823",
        "cumulative": false
    },
    {
        "date": "2021-02-22T11:09:18.941Z",
        "value": "3.135433851024384",
        "cumulative": false
    },
    {
        "date": "2021-02-22T11:10:54.647Z",
        "value": "3.0779804304534313",
        "cumulative": false
    },
    {
        "date": "2021-02-22T11:12:30.525Z",
        "value": "3.5030335771276597",
        "cumulative": false
    },
    {
        "date": "2021-02-22T11:14:05.780Z",
        "value": "3.1996660531471184",
        "cumulative": false
    },
    {
        "date": "2021-02-22T11:15:42.284Z",
        "value": "2.9944495477390918",
        "cumulative": false
    },
    {
        "date": "2021-02-22T11:17:18.589Z",
        "value": "2.8588376618623115",
        "cumulative": false
    },
    {
        "date": "2021-02-22T11:18:53.621Z",
        "value": "5.032922287877488",
        "cumulative": false
    },
    {
        "date": "2021-02-22T11:20:27.130Z",
        "value": "2.2697751181466237",
        "cumulative": false
    },
    {
        "date": "2021-02-22T11:22:04.655Z",
        "value": "3.110243517287234",
        "cumulative": false
    },
    {
        "date": "2021-02-22T11:23:41.745Z",
        "value": "3.0122984819188963",
        "cumulative": false
    },
    {
        "date": "2021-02-22T11:25:16.081Z",
        "value": "5.210931440667012",
        "cumulative": false
    },
    {
        "date": "2021-02-22T11:26:53.353Z",
        "value": "3.2067078882334186",
        "cumulative": false
    },
    {
        "date": "2021-02-22T11:28:35.320Z",
        "value": "3.0355209722751524",
        "cumulative": false
    },
    {
        "date": "2021-02-22T11:30:10.815Z",
        "value": "2.837497127757353",
        "cumulative": false
    },
    {
        "date": "2021-02-22T11:31:47.531Z",
        "value": "2.926818754756469",
        "cumulative": false
    },
    {
        "date": "2021-02-22T11:33:22.683Z",
        "value": "3.2444741929990695",
        "cumulative": false
    },
    {
        "date": "2021-02-22T11:34:59.447Z",
        "value": "3.095087028952206",
        "cumulative": false
    },
    {
        "date": "2021-02-22T11:36:32.068Z",
        "value": "2.967611856651517",
        "cumulative": false
    },
    {
        "date": "2021-02-22T11:38:09.200Z",
        "value": "2.7886589697361934",
        "cumulative": false
    },
    {
        "date": "2021-02-22T11:39:45.766Z",
        "value": "3.337185572064112",
        "cumulative": false
    },
    {
        "date": "2021-02-22T11:41:21.034Z",
        "value": "3.5196359671798407",
        "cumulative": false
    },
    {
        "date": "2021-02-22T11:42:56.676Z",
        "value": "2.9031289457070706",
        "cumulative": false
    },
    {
        "date": "2021-02-22T11:44:32.629Z",
        "value": "4.281759914737171",
        "cumulative": false
    },
    {
        "date": "2021-02-22T11:46:07.299Z",
        "value": "3.404426224187439",
        "cumulative": false
    },
    {
        "date": "2021-02-22T11:47:44.016Z",
        "value": "3.2602271511130136",
        "cumulative": false
    },
    {
        "date": "2021-02-22T11:49:16.856Z",
        "value": "2.8131881001996706",
        "cumulative": false
    },
    {
        "date": "2021-02-22T11:50:59.862Z",
        "value": "2.9236670351447946",
        "cumulative": false
    },
    {
        "date": "2021-02-22T11:52:32.705Z",
        "value": "2.9149429191654175",
        "cumulative": false
    },
    {
        "date": "2021-02-22T11:54:09.589Z",
        "value": "2.833622601846518",
        "cumulative": false
    },
    {
        "date": "2021-02-22T11:55:45.319Z",
        "value": "2.9635040071065046",
        "cumulative": false
    },
    {
        "date": "2021-02-22T11:57:20.565Z",
        "value": "2.7332775529265256",
        "cumulative": false
    },
    {
        "date": "2021-02-22T11:58:56.181Z",
        "value": "2.8798928260803223",
        "cumulative": false
    },
    {
        "date": "2021-02-22T12:00:30.349Z",
        "value": "3.0028439891581633",
        "cumulative": false
    },
    {
        "date": "2021-02-22T12:02:04.442Z",
        "value": "2.9769508626930503",
        "cumulative": false
    },
    {
        "date": "2021-02-22T12:03:37.634Z",
        "value": "3.0750682043650794",
        "cumulative": false
    },
    {
        "date": "2021-02-22T12:05:10.452Z",
        "value": "2.7758650962752527",
        "cumulative": false
    },
    {
        "date": "2021-02-22T12:06:44.323Z",
        "value": "4.617586147470842",
        "cumulative": false
    },
    {
        "date": "2021-02-22T12:08:24.554Z",
        "value": "2.7438981598498775",
        "cumulative": false
    },
    {
        "date": "2021-02-22T12:10:00.934Z",
        "value": "2.831415881849315",
        "cumulative": false
    },
    {
        "date": "2021-02-22T12:11:36.217Z",
        "value": "3.3451845745929867",
        "cumulative": false
    },
    {
        "date": "2021-02-22T12:13:17.366Z",
        "value": "4.525268523539168",
        "cumulative": false
    },
    {
        "date": "2021-02-22T12:14:56.364Z",
        "value": "2.9537967199131514",
        "cumulative": false
    },
    {
        "date": "2021-02-22T12:16:33.787Z",
        "value": "2.6686492935547874",
        "cumulative": false
    },
    {
        "date": "2021-02-22T12:18:09.944Z",
        "value": "2.8999060836687005",
        "cumulative": false
    },
    {
        "date": "2021-02-22T12:19:41.180Z",
        "value": "4.107130602512407",
        "cumulative": false
    },
    {
        "date": "2021-02-22T12:21:17.408Z",
        "value": "3.063291034441233",
        "cumulative": false
    },
    {
        "date": "2021-02-22T12:22:53.122Z",
        "value": "2.7945310536073404",
        "cumulative": false
    },
    {
        "date": "2021-02-22T12:24:29.421Z",
        "value": "2.7567576688878677",
        "cumulative": false
    },
    {
        "date": "2021-02-22T12:26:04.061Z",
        "value": "3.141862770706687",
        "cumulative": false
    },
    {
        "date": "2021-02-22T12:27:40.678Z",
        "value": "2.8728047092233315",
        "cumulative": false
    },
    {
        "date": "2021-02-22T12:29:17.790Z",
        "value": "2.706587808377727",
        "cumulative": false
    },
    {
        "date": "2021-02-22T12:30:53.522Z",
        "value": "2.6110683522579388",
        "cumulative": false
    },
    {
        "date": "2021-02-22T12:32:29.298Z",
        "value": "4.676088897349005",
        "cumulative": false
    },
    {
        "date": "2021-02-22T12:34:06.553Z",
        "value": "2.11242185320173",
        "cumulative": false
    },
    {
        "date": "2021-02-22T12:35:41.170Z",
        "value": "2.81841046425219",
        "cumulative": false
    },
    {
        "date": "2021-02-22T12:37:15.773Z",
        "value": "2.769470827236622",
        "cumulative": false
    },
    {
        "date": "2021-02-22T12:38:52.499Z",
        "value": "4.906205059947001",
        "cumulative": false
    },
    {
        "date": "2021-02-22T12:40:27.942Z",
        "value": "2.931951530612245",
        "cumulative": false
    },
    {
        "date": "2021-02-22T12:42:07.906Z",
        "value": "2.7670208690612297",
        "cumulative": false
    },
    {
        "date": "2021-02-22T12:43:48.215Z",
        "value": "2.6385177313112744",
        "cumulative": false
    },
    {
        "date": "2021-02-22T12:45:24.854Z",
        "value": "2.695607301972349",
        "cumulative": false
    },
    {
        "date": "2021-02-22T12:46:59.776Z",
        "value": "3.0206599298910155",
        "cumulative": false
    },
    {
        "date": "2021-02-22T12:48:37.510Z",
        "value": "2.85904541015625",
        "cumulative": false
    },
    {
        "date": "2021-02-22T12:50:11.793Z",
        "value": "2.7512643371514556",
        "cumulative": false
    },
    {
        "date": "2021-02-22T12:51:48.859Z",
        "value": "2.595527844551282",
        "cumulative": false
    },
    {
        "date": "2021-02-22T12:53:25.992Z",
        "value": "3.1227809361049106",
        "cumulative": false
    },
    {
        "date": "2021-02-22T12:55:03.814Z",
        "value": "3.3025396010454964",
        "cumulative": false
    },
    {
        "date": "2021-02-22T12:56:38.941Z",
        "value": "2.7178755326704547",
        "cumulative": false
    },
    {
        "date": "2021-02-22T12:58:13.401Z",
        "value": "4.026374276439299",
        "cumulative": false
    },
    {
        "date": "2021-02-22T12:59:52.767Z",
        "value": "3.1855416246639785",
        "cumulative": false
    },
    {
        "date": "2021-02-22T13:01:25.189Z",
        "value": "3.0676276220034246",
        "cumulative": false
    },
    {
        "date": "2021-02-22T13:02:59.580Z",
        "value": "2.6621301739984786",
        "cumulative": false
    },
    {
        "date": "2021-02-22T13:04:42.650Z",
        "value": "2.765536937545821",
        "cumulative": false
    },
    {
        "date": "2021-02-22T13:06:18.135Z",
        "value": "2.7137754365005",
        "cumulative": false
    },
    {
        "date": "2021-02-22T13:07:56.662Z",
        "value": "2.6644760264656937",
        "cumulative": false
    },
    {
        "date": "2021-02-22T13:09:31.477Z",
        "value": "2.7740545187593098",
        "cumulative": false
    },
    {
        "date": "2021-02-22T13:11:08.367Z",
        "value": "2.58612405627335",
        "cumulative": false
    },
    {
        "date": "2021-02-22T13:12:44.979Z",
        "value": "2.727970600128174",
        "cumulative": false
    },
    {
        "date": "2021-02-22T13:14:21.751Z",
        "value": "2.815890814333546",
        "cumulative": false
    },
    {
        "date": "2021-02-22T13:16:01.419Z",
        "value": "2.824997091319636",
        "cumulative": false
    },
    {
        "date": "2021-02-22T13:17:36.594Z",
        "value": "2.907728536292989",
        "cumulative": false
    },
    {
        "date": "2021-02-22T13:19:11.147Z",
        "value": "2.6488942155934345",
        "cumulative": false
    },
    {
        "date": "2021-02-22T13:20:47.068Z",
        "value": "4.438548863780426",
        "cumulative": false
    },
    {
        "date": "2021-02-22T13:22:22.013Z",
        "value": "2.607577694163603",
        "cumulative": false
    },
    {
        "date": "2021-02-22T13:23:57.358Z",
        "value": "2.7095513780953637",
        "cumulative": false
    },
    {
        "date": "2021-02-22T13:25:33.833Z",
        "value": "3.168351547824045",
        "cumulative": false
    }
]