[
    {
        "date": "2021-02-22T09:51:40.295Z",
        "value": "11.101338592667782",
        "cumulative": false
    },
    {
        "date": "2021-02-22T09:53:13.723Z",
        "value": "8.946365655637255",
        "cumulative": false
    },
    {
        "date": "2021-02-22T09:54:52.089Z",
        "value": "8.17461491935484",
        "cumulative": false
    },
    {
        "date": "2021-02-22T09:56:30.431Z",
        "value": "7.902971251936983",
        "cumulative": false
    },
    {
        "date": "2021-02-22T09:58:06.297Z",
        "value": "8.349683865824684",
        "cumulative": false
    },
    {
        "date": "2021-02-22T09:59:44.824Z",
        "value": "7.529059006762599",
        "cumulative": false
    },
    {
        "date": "2021-02-22T10:01:21.085Z",
        "value": "6.923290322325051",
        "cumulative": false
    },
    {
        "date": "2021-02-22T10:02:58.484Z",
        "value": "6.908366902669271",
        "cumulative": false
    },
    {
        "date": "2021-02-22T10:04:35.764Z",
        "value": "6.555665031312004",
        "cumulative": false
    },
    {
        "date": "2021-02-22T10:06:15.436Z",
        "value": "6.355340424435566",
        "cumulative": false
    },
    {
        "date": "2021-02-22T10:07:54.822Z",
        "value": "5.333373544730392",
        "cumulative": false
    },
    {
        "date": "2021-02-22T10:09:32.007Z",
        "value": "5.862406412760417",
        "cumulative": false
    },
    {
        "date": "2021-02-22T10:11:12.093Z",
        "value": "6.312313851722874",
        "cumulative": false
    },
    {
        "date": "2021-02-22T10:12:49.742Z",
        "value": "5.632729994050275",
        "cumulative": false
    },
    {
        "date": "2021-02-22T10:14:30.717Z",
        "value": "6.0290235731336805",
        "cumulative": false
    },
    {
        "date": "2021-02-22T10:16:07.836Z",
        "value": "5.023349466063942",
        "cumulative": false
    },
    {
        "date": "2021-02-22T10:17:44.065Z",
        "value": "4.980779909620098",
        "cumulative": false
    },
    {
        "date": "2021-02-22T10:19:23.351Z",
        "value": "4.546132046568627",
        "cumulative": false
    },
    {
        "date": "2021-02-22T10:20:57.323Z",
        "value": "4.638138834635416",
        "cumulative": false
    },
    {
        "date": "2021-02-22T10:22:33.474Z",
        "value": "5.264836090686274",
        "cumulative": false
    },
    {
        "date": "2021-02-22T10:24:11.496Z",
        "value": "4.545018859083087",
        "cumulative": false
    },
    {
        "date": "2021-02-22T10:25:49.475Z",
        "value": "4.014512603727608",
        "cumulative": false
    },
    {
        "date": "2021-02-22T10:27:27.682Z",
        "value": "3.743450673421224",
        "cumulative": false
    },
    {
        "date": "2021-02-22T10:29:04.463Z",
        "value": "3.599597692489624",
        "cumulative": false
    },
    {
        "date": "2021-02-22T10:30:45.550Z",
        "value": "3.889857595682504",
        "cumulative": false
    },
    {
        "date": "2021-02-22T10:32:21.854Z",
        "value": "3.671515238961595",
        "cumulative": false
    },
    {
        "date": "2021-02-22T10:33:58.676Z",
        "value": "5.723643028846154",
        "cumulative": false
    },
    {
        "date": "2021-02-22T10:35:37.514Z",
        "value": "3.454649548163968",
        "cumulative": false
    },
    {
        "date": "2021-02-22T10:37:20.433Z",
        "value": "3.9293030187721967",
        "cumulative": false
    },
    {
        "date": "2021-02-22T10:38:59.743Z",
        "value": "3.4289213231366262",
        "cumulative": false
    },
    {
        "date": "2021-02-22T10:40:37.669Z",
        "value": "3.7166821915064103",
        "cumulative": false
    },
    {
        "date": "2021-02-22T10:42:13.257Z",
        "value": "5.341879324917846",
        "cumulative": false
    },
    {
        "date": "2021-02-22T10:43:49.305Z",
        "value": "3.4739392661858175",
        "cumulative": false
    },
    {
        "date": "2021-02-22T10:45:26.977Z",
        "value": "3.705104258709922",
        "cumulative": false
    },
    {
        "date": "2021-02-22T10:47:04.215Z",
        "value": "3.8138880112591913",
        "cumulative": false
    },
    {
        "date": "2021-02-22T10:48:42.895Z",
        "value": "3.4293291238030537",
        "cumulative": false
    },
    {
        "date": "2021-02-22T10:50:21.160Z",
        "value": "3.448309736289526",
        "cumulative": false
    },
    {
        "date": "2021-02-22T10:51:54.874Z",
        "value": "4.968995549515664",
        "cumulative": false
    },
    {
        "date": "2021-02-22T10:53:28.825Z",
        "value": "3.563372443704044",
        "cumulative": false
    },
    {
        "date": "2021-02-22T10:55:05.781Z",
        "value": "3.4879086871917386",
        "cumulative": false
    },
    {
        "date": "2021-02-22T10:56:38.741Z",
        "value": "3.330647290237551",
        "cumulative": false
    },
    {
        "date": "2021-02-22T10:58:14.486Z",
        "value": "3.215240538236913",
        "cumulative": false
    },
    {
        "date": "2021-02-22T10:59:56.841Z",
        "value": "2.922041575113932",
        "cumulative": false
    },
    {
        "date": "2021-02-22T11:01:34.232Z",
        "value": "3.1364267386642157",
        "cumulative": false
    },
    {
        "date": "2021-02-22T11:03:11.353Z",
        "value": "3.2398257885694033",
        "cumulative": false
    },
    {
        "date": "2021-02-22T11:04:47.777Z",
        "value": "3.181422910718719",
        "cumulative": false
    },
    {
        "date": "2021-02-22T11:06:07.714Z",
        "value": "4.561561455099116",
        "cumulative": false
    },
    {
        "date": "2021-02-22T11:07:45.053Z",
        "value": "2.8810585171568626",
        "cumulative": false
    },
    {
        "date": "2021-02-22T11:09:18.942Z",
        "value": "3.243735383064516",
        "cumulative": false
    },
    {
        "date": "2021-02-22T11:10:54.634Z",
        "value": "3.17624128357438",
        "cumulative": false
    },
    {
        "date": "2021-02-22T11:12:30.522Z",
        "value": "5.2755388739527325",
        "cumulative": false
    },
    {
        "date": "2021-02-22T11:14:05.802Z",
        "value": "3.116140011270998",
        "cumulative": false
    },
    {
        "date": "2021-02-22T11:15:42.287Z",
        "value": "3.2253304069472617",
        "cumulative": false
    },
    {
        "date": "2021-02-22T11:17:18.594Z",
        "value": "3.198455810546875",
        "cumulative": false
    },
    {
        "date": "2021-02-22T11:18:53.621Z",
        "value": "3.072622874426463",
        "cumulative": false
    },
    {
        "date": "2021-02-22T11:20:27.128Z",
        "value": "3.280289787861492",
        "cumulative": false
    },
    {
        "date": "2021-02-22T11:22:04.661Z",
        "value": "2.4740689146752453",
        "cumulative": false
    },
    {
        "date": "2021-02-22T11:23:41.754Z",
        "value": "3.050201416015625",
        "cumulative": false
    },
    {
        "date": "2021-02-22T11:25:16.084Z",
        "value": "4.7375395207111435",
        "cumulative": false
    },
    {
        "date": "2021-02-22T11:26:53.357Z",
        "value": "3.3366620416852597",
        "cumulative": false
    },
    {
        "date": "2021-02-22T11:28:35.316Z",
        "value": "4.1615919325086805",
        "cumulative": false
    },
    {
        "date": "2021-02-22T11:30:10.811Z",
        "value": "2.9299411093913785",
        "cumulative": false
    },
    {
        "date": "2021-02-22T11:31:47.535Z",
        "value": "2.9634387446384802",
        "cumulative": false
    },
    {
        "date": "2021-02-22T11:33:22.680Z",
        "value": "2.9841193704044118",
        "cumulative": false
    },
    {
        "date": "2021-02-22T11:34:59.439Z",
        "value": "3.0096481323242186",
        "cumulative": false
    },
    {
        "date": "2021-02-22T11:36:32.061Z",
        "value": "3.9645637063419117",
        "cumulative": false
    },
    {
        "date": "2021-02-22T11:38:09.200Z",
        "value": "3.021688185610251",
        "cumulative": false
    },
    {
        "date": "2021-02-22T11:39:45.788Z",
        "value": "2.954781245883825",
        "cumulative": false
    },
    {
        "date": "2021-02-22T11:41:21.031Z",
        "value": "2.8042116800944012",
        "cumulative": false
    },
    {
        "date": "2021-02-22T11:42:56.670Z",
        "value": "2.808098316192627",
        "cumulative": false
    },
    {
        "date": "2021-02-22T11:44:32.634Z",
        "value": "2.99712063811903",
        "cumulative": false
    },
    {
        "date": "2021-02-22T11:46:07.292Z",
        "value": "2.924620029277764",
        "cumulative": false
    },
    {
        "date": "2021-02-22T11:47:44.000Z",
        "value": "4.759421474358974",
        "cumulative": false
    },
    {
        "date": "2021-02-22T11:49:16.844Z",
        "value": "2.8388207438161417",
        "cumulative": false
    },
    {
        "date": "2021-02-22T11:50:59.855Z",
        "value": "3.1488551774162863",
        "cumulative": false
    },
    {
        "date": "2021-02-22T11:52:32.710Z",
        "value": "2.8091524871166413",
        "cumulative": false
    },
    {
        "date": "2021-02-22T11:54:09.592Z",
        "value": "2.982555588942308",
        "cumulative": false
    },
    {
        "date": "2021-02-22T11:55:45.316Z",
        "value": "4.728037217991658",
        "cumulative": false
    },
    {
        "date": "2021-02-22T11:57:20.549Z",
        "value": "2.8425193170488536",
        "cumulative": false
    },
    {
        "date": "2021-02-22T11:58:56.171Z",
        "value": "3.129853966801313",
        "cumulative": false
    },
    {
        "date": "2021-02-22T12:00:30.332Z",
        "value": "3.2314541685814953",
        "cumulative": false
    },
    {
        "date": "2021-02-22T12:02:04.432Z",
        "value": "2.909152392274845",
        "cumulative": false
    },
    {
        "date": "2021-02-22T12:03:37.635Z",
        "value": "2.952387270720109",
        "cumulative": false
    },
    {
        "date": "2021-02-22T12:05:10.448Z",
        "value": "4.4311950130100985",
        "cumulative": false
    },
    {
        "date": "2021-02-22T12:06:44.329Z",
        "value": "3.016366756663603",
        "cumulative": false
    },
    {
        "date": "2021-02-22T12:08:24.555Z",
        "value": "2.9403148119605427",
        "cumulative": false
    },
    {
        "date": "2021-02-22T12:10:00.934Z",
        "value": "2.8093797637195124",
        "cumulative": false
    },
    {
        "date": "2021-02-22T12:11:36.220Z",
        "value": "2.781588500259907",
        "cumulative": false
    },
    {
        "date": "2021-02-22T12:13:17.568Z",
        "value": "2.603973388671875",
        "cumulative": false
    },
    {
        "date": "2021-02-22T12:14:56.372Z",
        "value": "2.7455980487898284",
        "cumulative": false
    },
    {
        "date": "2021-02-22T12:16:33.787Z",
        "value": "2.8186097756410255",
        "cumulative": false
    },
    {
        "date": "2021-02-22T12:18:09.950Z",
        "value": "2.8211183822616683",
        "cumulative": false
    },
    {
        "date": "2021-02-22T12:19:41.174Z",
        "value": "4.197673322934081",
        "cumulative": false
    },
    {
        "date": "2021-02-22T12:21:17.413Z",
        "value": "2.5911970549938728",
        "cumulative": false
    },
    {
        "date": "2021-02-22T12:22:53.130Z",
        "value": "2.8342767137096776",
        "cumulative": false
    },
    {
        "date": "2021-02-22T12:24:29.416Z",
        "value": "2.831835533961777",
        "cumulative": false
    },
    {
        "date": "2021-02-22T12:26:04.058Z",
        "value": "4.863052160185069",
        "cumulative": false
    },
    {
        "date": "2021-02-22T12:27:40.682Z",
        "value": "2.8049084810400196",
        "cumulative": false
    },
    {
        "date": "2021-02-22T12:29:17.802Z",
        "value": "2.9240970263374746",
        "cumulative": false
    },
    {
        "date": "2021-02-22T12:30:53.517Z",
        "value": "2.8903592427571616",
        "cumulative": false
    },
    {
        "date": "2021-02-22T12:32:29.295Z",
        "value": "2.807738531203497",
        "cumulative": false
    },
    {
        "date": "2021-02-22T12:34:06.532Z",
        "value": "2.985832411767504",
        "cumulative": false
    },
    {
        "date": "2021-02-22T12:35:41.155Z",
        "value": "2.3198318780637255",
        "cumulative": false
    },
    {
        "date": "2021-02-22T12:37:15.771Z",
        "value": "2.780426509796627",
        "cumulative": false
    },
    {
        "date": "2021-02-22T12:38:52.489Z",
        "value": "4.4447597828079175",
        "cumulative": false
    },
    {
        "date": "2021-02-22T12:40:27.939Z",
        "value": "3.053527477967425",
        "cumulative": false
    },
    {
        "date": "2021-02-22T12:42:07.903Z",
        "value": "3.8189080132378472",
        "cumulative": false
    },
    {
        "date": "2021-02-22T12:43:48.214Z",
        "value": "2.7137612396816038",
        "cumulative": false
    },
    {
        "date": "2021-02-22T12:45:24.843Z",
        "value": "2.7433277803308824",
        "cumulative": false
    },
    {
        "date": "2021-02-22T12:46:59.774Z",
        "value": "2.7858111213235293",
        "cumulative": false
    },
    {
        "date": "2021-02-22T12:48:37.520Z",
        "value": "2.777869160970052",
        "cumulative": false
    },
    {
        "date": "2021-02-22T12:50:11.786Z",
        "value": "3.6928663066789214",
        "cumulative": false
    },
    {
        "date": "2021-02-22T12:51:48.861Z",
        "value": "2.781457411504425",
        "cumulative": false
    },
    {
        "date": "2021-02-22T12:53:25.990Z",
        "value": "2.7692734745455745",
        "cumulative": false
    },
    {
        "date": "2021-02-22T12:55:03.800Z",
        "value": "2.6136566162109376",
        "cumulative": false
    },
    {
        "date": "2021-02-22T12:56:38.949Z",
        "value": "2.6543805599212646",
        "cumulative": false
    },
    {
        "date": "2021-02-22T12:58:13.403Z",
        "value": "2.791218891402715",
        "cumulative": false
    },
    {
        "date": "2021-02-22T12:59:52.768Z",
        "value": "2.7538298067514675",
        "cumulative": false
    },
    {
        "date": "2021-02-22T13:01:25.187Z",
        "value": "4.513291266025641",
        "cumulative": false
    },
    {
        "date": "2021-02-22T13:02:59.590Z",
        "value": "2.6705309969877598",
        "cumulative": false
    },
    {
        "date": "2021-02-22T13:04:42.668Z",
        "value": "2.9356323427987063",
        "cumulative": false
    },
    {
        "date": "2021-02-22T13:06:18.136Z",
        "value": "2.635212418300654",
        "cumulative": false
    },
    {
        "date": "2021-02-22T13:07:56.668Z",
        "value": "2.7879957932692307",
        "cumulative": false
    },
    {
        "date": "2021-02-22T13:09:31.499Z",
        "value": "4.508334847383721",
        "cumulative": false
    },
    {
        "date": "2021-02-22T13:11:08.379Z",
        "value": "2.6886209048635346",
        "cumulative": false
    },
    {
        "date": "2021-02-22T13:12:44.992Z",
        "value": "2.9819706986872",
        "cumulative": false
    },
    {
        "date": "2021-02-22T13:14:21.745Z",
        "value": "3.023287904028799",
        "cumulative": false
    },
    {
        "date": "2021-02-22T13:16:01.410Z",
        "value": "2.7357872751682195",
        "cumulative": false
    },
    {
        "date": "2021-02-22T13:17:36.599Z",
        "value": "2.800951086956522",
        "cumulative": false
    },
    {
        "date": "2021-02-22T13:19:11.147Z",
        "value": "4.249322524860882",
        "cumulative": false
    },
    {
        "date": "2021-02-22T13:20:47.062Z",
        "value": "2.860968855315564",
        "cumulative": false
    },
    {
        "date": "2021-02-22T13:22:22.010Z",
        "value": "2.7682659332614055",
        "cumulative": false
    },
    {
        "date": "2021-02-22T13:23:57.358Z",
        "value": "2.670513370172764",
        "cumulative": false
    },
    {
        "date": "2021-02-22T13:25:33.837Z",
        "value": "2.659890131941047",
        "cumulative": false
    }
]