[
    {
        "date": "2021-02-22T09:51:40.306Z",
        "value": "11.137038433000757",
        "cumulative": false
    },
    {
        "date": "2021-02-22T09:53:13.733Z",
        "value": "8.999894412214713",
        "cumulative": false
    },
    {
        "date": "2021-02-22T09:54:52.084Z",
        "value": "8.077179955157646",
        "cumulative": false
    },
    {
        "date": "2021-02-22T09:56:30.436Z",
        "value": "7.883239496970663",
        "cumulative": false
    },
    {
        "date": "2021-02-22T09:58:06.304Z",
        "value": "7.6821491708868574",
        "cumulative": false
    },
    {
        "date": "2021-02-22T09:59:44.820Z",
        "value": "7.433901515151515",
        "cumulative": false
    },
    {
        "date": "2021-02-22T10:01:21.078Z",
        "value": "7.022652911324786",
        "cumulative": false
    },
    {
        "date": "2021-02-22T10:02:58.485Z",
        "value": "7.076665311557315",
        "cumulative": false
    },
    {
        "date": "2021-02-22T10:04:35.776Z",
        "value": "6.655678497360483",
        "cumulative": false
    },
    {
        "date": "2021-02-22T10:06:15.451Z",
        "value": "6.412411758529336",
        "cumulative": false
    },
    {
        "date": "2021-02-22T10:07:54.838Z",
        "value": "6.1638225559277044",
        "cumulative": false
    },
    {
        "date": "2021-02-22T10:09:32.017Z",
        "value": "6.005827048079299",
        "cumulative": false
    },
    {
        "date": "2021-02-22T10:11:12.104Z",
        "value": "5.460200066440616",
        "cumulative": false
    },
    {
        "date": "2021-02-22T10:12:49.750Z",
        "value": "5.66704622653162",
        "cumulative": false
    },
    {
        "date": "2021-02-22T10:14:30.718Z",
        "value": "5.222081801470588",
        "cumulative": false
    },
    {
        "date": "2021-02-22T10:16:07.846Z",
        "value": "5.161952972412109",
        "cumulative": false
    },
    {
        "date": "2021-02-22T10:17:44.074Z",
        "value": "5.137134958455523",
        "cumulative": false
    },
    {
        "date": "2021-02-22T10:19:23.362Z",
        "value": "4.3882841307153395",
        "cumulative": false
    },
    {
        "date": "2021-02-22T10:20:57.330Z",
        "value": "4.742975611668758",
        "cumulative": false
    },
    {
        "date": "2021-02-22T10:22:33.482Z",
        "value": "4.250457810121766",
        "cumulative": false
    },
    {
        "date": "2021-02-22T10:24:11.503Z",
        "value": "4.872522015617144",
        "cumulative": false
    },
    {
        "date": "2021-02-22T10:25:49.482Z",
        "value": "4.403820037841797",
        "cumulative": false
    },
    {
        "date": "2021-02-22T10:27:27.692Z",
        "value": "3.9998064611712074",
        "cumulative": false
    },
    {
        "date": "2021-02-22T10:29:04.454Z",
        "value": "3.99309912109375",
        "cumulative": false
    },
    {
        "date": "2021-02-22T10:30:45.560Z",
        "value": "5.063703815927618",
        "cumulative": false
    },
    {
        "date": "2021-02-22T10:32:21.861Z",
        "value": "3.713842084330897",
        "cumulative": false
    },
    {
        "date": "2021-02-22T10:33:58.660Z",
        "value": "4.014641537873641",
        "cumulative": false
    },
    {
        "date": "2021-02-22T10:35:37.518Z",
        "value": "3.6507475277437362",
        "cumulative": false
    },
    {
        "date": "2021-02-22T10:37:20.446Z",
        "value": "3.5743141301331853",
        "cumulative": false
    },
    {
        "date": "2021-02-22T10:38:59.756Z",
        "value": "3.5453373337177703",
        "cumulative": false
    },
    {
        "date": "2021-02-22T10:40:37.686Z",
        "value": "2.9532102098651962",
        "cumulative": false
    },
    {
        "date": "2021-02-22T10:42:13.249Z",
        "value": "3.416051900048876",
        "cumulative": false
    },
    {
        "date": "2021-02-22T10:43:49.319Z",
        "value": "3.926550173291973",
        "cumulative": false
    },
    {
        "date": "2021-02-22T10:45:26.989Z",
        "value": "3.8945444500938673",
        "cumulative": false
    },
    {
        "date": "2021-02-22T10:47:04.227Z",
        "value": "3.35858866058759",
        "cumulative": false
    },
    {
        "date": "2021-02-22T10:48:42.900Z",
        "value": "3.3692999708624707",
        "cumulative": false
    },
    {
        "date": "2021-02-22T10:50:21.172Z",
        "value": "4.64883251953125",
        "cumulative": false
    },
    {
        "date": "2021-02-22T10:51:54.916Z",
        "value": "3.122870613719278",
        "cumulative": false
    },
    {
        "date": "2021-02-22T10:53:28.836Z",
        "value": "4.50692291803394",
        "cumulative": false
    },
    {
        "date": "2021-02-22T10:55:05.781Z",
        "value": "3.215234474611118",
        "cumulative": false
    },
    {
        "date": "2021-02-22T10:56:38.741Z",
        "value": "3.339394521171956",
        "cumulative": false
    },
    {
        "date": "2021-02-22T10:58:14.508Z",
        "value": "3.2816131054305284",
        "cumulative": false
    },
    {
        "date": "2021-02-22T10:59:56.835Z",
        "value": "3.134517546622984",
        "cumulative": false
    },
    {
        "date": "2021-02-22T11:01:34.243Z",
        "value": "3.817538791232639",
        "cumulative": false
    },
    {
        "date": "2021-02-22T11:03:11.366Z",
        "value": "3.1073676215277777",
        "cumulative": false
    },
    {
        "date": "2021-02-22T11:04:47.793Z",
        "value": "3.7330245507416326",
        "cumulative": false
    },
    {
        "date": "2021-02-22T11:06:07.709Z",
        "value": "4.79132001452387",
        "cumulative": false
    },
    {
        "date": "2021-02-22T11:07:45.058Z",
        "value": "4.364367509243912",
        "cumulative": false
    },
    {
        "date": "2021-02-22T11:09:18.948Z",
        "value": "3.157640898476291",
        "cumulative": false
    },
    {
        "date": "2021-02-22T11:10:54.654Z",
        "value": "3.1485336615114794",
        "cumulative": false
    },
    {
        "date": "2021-02-22T11:12:30.534Z",
        "value": "3.1129888602396245",
        "cumulative": false
    },
    {
        "date": "2021-02-22T11:14:05.790Z",
        "value": "3.0542603772095958",
        "cumulative": false
    },
    {
        "date": "2021-02-22T11:15:42.294Z",
        "value": "3.0662033211471686",
        "cumulative": false
    },
    {
        "date": "2021-02-22T11:17:18.601Z",
        "value": "4.386650258059955",
        "cumulative": false
    },
    {
        "date": "2021-02-22T11:18:53.630Z",
        "value": "3.12292020173454",
        "cumulative": false
    },
    {
        "date": "2021-02-22T11:20:27.140Z",
        "value": "3.134182312532308",
        "cumulative": false
    },
    {
        "date": "2021-02-22T11:22:04.665Z",
        "value": "2.9856581577034884",
        "cumulative": false
    },
    {
        "date": "2021-02-22T11:23:41.755Z",
        "value": "3.2231088268898223",
        "cumulative": false
    },
    {
        "date": "2021-02-22T11:25:16.090Z",
        "value": "3.016575788123167",
        "cumulative": false
    },
    {
        "date": "2021-02-22T11:26:53.358Z",
        "value": "3.438256546442688",
        "cumulative": false
    },
    {
        "date": "2021-02-22T11:28:35.325Z",
        "value": "2.99868389738708",
        "cumulative": false
    },
    {
        "date": "2021-02-22T11:30:10.815Z",
        "value": "2.880215644836426",
        "cumulative": false
    },
    {
        "date": "2021-02-22T11:31:47.531Z",
        "value": "3.040856921661168",
        "cumulative": false
    },
    {
        "date": "2021-02-22T11:33:22.686Z",
        "value": "2.8985740459070795",
        "cumulative": false
    },
    {
        "date": "2021-02-22T11:34:59.449Z",
        "value": "3.5202090848494354",
        "cumulative": false
    },
    {
        "date": "2021-02-22T11:36:32.067Z",
        "value": "2.8283566301211316",
        "cumulative": false
    },
    {
        "date": "2021-02-22T11:38:09.200Z",
        "value": "3.3863937201483156",
        "cumulative": false
    },
    {
        "date": "2021-02-22T11:39:45.774Z",
        "value": "3.1092028617858887",
        "cumulative": false
    },
    {
        "date": "2021-02-22T11:41:21.035Z",
        "value": "2.9512159559461804",
        "cumulative": false
    },
    {
        "date": "2021-02-22T11:42:56.678Z",
        "value": "3.016207275390625",
        "cumulative": false
    },
    {
        "date": "2021-02-22T11:44:32.637Z",
        "value": "4.191059821208004",
        "cumulative": false
    },
    {
        "date": "2021-02-22T11:46:07.298Z",
        "value": "3.0033443820091987",
        "cumulative": false
    },
    {
        "date": "2021-02-22T11:47:44.011Z",
        "value": "3.1282332710597824",
        "cumulative": false
    },
    {
        "date": "2021-02-22T11:49:16.852Z",
        "value": "2.931491693899782",
        "cumulative": false
    },
    {
        "date": "2021-02-22T11:50:59.861Z",
        "value": "2.901143640312847",
        "cumulative": false
    },
    {
        "date": "2021-02-22T11:52:32.706Z",
        "value": "2.878086194230283",
        "cumulative": false
    },
    {
        "date": "2021-02-22T11:54:09.587Z",
        "value": "2.481344305300245",
        "cumulative": false
    },
    {
        "date": "2021-02-22T11:55:45.318Z",
        "value": "2.8810319201337977",
        "cumulative": false
    },
    {
        "date": "2021-02-22T11:57:20.563Z",
        "value": "3.342467364142923",
        "cumulative": false
    },
    {
        "date": "2021-02-22T11:58:56.179Z",
        "value": "3.2932161295369213",
        "cumulative": false
    },
    {
        "date": "2021-02-22T12:00:30.344Z",
        "value": "2.868250481730521",
        "cumulative": false
    },
    {
        "date": "2021-02-22T12:02:04.436Z",
        "value": "2.9339647982226107",
        "cumulative": false
    },
    {
        "date": "2021-02-22T12:03:37.629Z",
        "value": "4.02325634765625",
        "cumulative": false
    },
    {
        "date": "2021-02-22T12:05:10.451Z",
        "value": "2.6976744011616742",
        "cumulative": false
    },
    {
        "date": "2021-02-22T12:06:44.323Z",
        "value": "4.0016026392274515",
        "cumulative": false
    },
    {
        "date": "2021-02-22T12:08:24.558Z",
        "value": "2.776496557439755",
        "cumulative": false
    },
    {
        "date": "2021-02-22T12:10:00.933Z",
        "value": "2.9264605101909185",
        "cumulative": false
    },
    {
        "date": "2021-02-22T12:11:36.210Z",
        "value": "2.900423113380626",
        "cumulative": false
    },
    {
        "date": "2021-02-22T12:13:17.365Z",
        "value": "2.7424759403351815",
        "cumulative": false
    },
    {
        "date": "2021-02-22T12:14:56.363Z",
        "value": "3.3549791770006614",
        "cumulative": false
    },
    {
        "date": "2021-02-22T12:16:33.785Z",
        "value": "2.717180365296804",
        "cumulative": false
    },
    {
        "date": "2021-02-22T12:18:09.944Z",
        "value": "3.3230294929798427",
        "cumulative": false
    },
    {
        "date": "2021-02-22T12:19:41.178Z",
        "value": "4.3369508161783275",
        "cumulative": false
    },
    {
        "date": "2021-02-22T12:21:17.419Z",
        "value": "3.9523983368927706",
        "cumulative": false
    },
    {
        "date": "2021-02-22T12:22:53.125Z",
        "value": "2.8085219867179743",
        "cumulative": false
    },
    {
        "date": "2021-02-22T12:24:29.419Z",
        "value": "2.822171954719388",
        "cumulative": false
    },
    {
        "date": "2021-02-22T12:26:04.061Z",
        "value": "2.7761671948338686",
        "cumulative": false
    },
    {
        "date": "2021-02-22T12:27:40.678Z",
        "value": "2.718731257891414",
        "cumulative": false
    },
    {
        "date": "2021-02-22T12:29:17.788Z",
        "value": "2.7789898733807425",
        "cumulative": false
    },
    {
        "date": "2021-02-22T12:30:53.520Z",
        "value": "4.046598454586161",
        "cumulative": false
    },
    {
        "date": "2021-02-22T12:32:29.296Z",
        "value": "2.835073372297637",
        "cumulative": false
    },
    {
        "date": "2021-02-22T12:34:06.547Z",
        "value": "2.824540568864694",
        "cumulative": false
    },
    {
        "date": "2021-02-22T12:35:41.159Z",
        "value": "2.7344110409820526",
        "cumulative": false
    },
    {
        "date": "2021-02-22T12:37:15.772Z",
        "value": "2.934830134093997",
        "cumulative": false
    },
    {
        "date": "2021-02-22T12:38:52.498Z",
        "value": "2.77448136226173",
        "cumulative": false
    },
    {
        "date": "2021-02-22T12:40:27.940Z",
        "value": "3.1512340198863638",
        "cumulative": false
    },
    {
        "date": "2021-02-22T12:42:07.904Z",
        "value": "2.749130633698792",
        "cumulative": false
    },
    {
        "date": "2021-02-22T12:43:48.213Z",
        "value": "2.669379234313965",
        "cumulative": false
    },
    {
        "date": "2021-02-22T12:45:24.860Z",
        "value": "2.7907053778714563",
        "cumulative": false
    },
    {
        "date": "2021-02-22T12:46:59.775Z",
        "value": "2.711975421736726",
        "cumulative": false
    },
    {
        "date": "2021-02-22T12:48:37.510Z",
        "value": "3.2717632528230864",
        "cumulative": false
    },
    {
        "date": "2021-02-22T12:50:11.792Z",
        "value": "2.618829968131659",
        "cumulative": false
    },
    {
        "date": "2021-02-22T12:51:48.861Z",
        "value": "3.125553581809326",
        "cumulative": false
    },
    {
        "date": "2021-02-22T12:53:25.992Z",
        "value": "2.8855042457580566",
        "cumulative": false
    },
    {
        "date": "2021-02-22T12:55:03.812Z",
        "value": "2.7364788870526175",
        "cumulative": false
    },
    {
        "date": "2021-02-22T12:56:38.941Z",
        "value": "2.8099296875",
        "cumulative": false
    },
    {
        "date": "2021-02-22T12:58:13.403Z",
        "value": "3.926763119904891",
        "cumulative": false
    },
    {
        "date": "2021-02-22T12:59:52.765Z",
        "value": "2.8163110056231098",
        "cumulative": false
    },
    {
        "date": "2021-02-22T13:01:25.189Z",
        "value": "2.91866163170856",
        "cumulative": false
    },
    {
        "date": "2021-02-22T13:02:59.581Z",
        "value": "2.786430940648829",
        "cumulative": false
    },
    {
        "date": "2021-02-22T13:04:42.646Z",
        "value": "2.736569284995838",
        "cumulative": false
    },
    {
        "date": "2021-02-22T13:06:18.136Z",
        "value": "2.7145670243775277",
        "cumulative": false
    },
    {
        "date": "2021-02-22T13:07:56.661Z",
        "value": "2.363296329273897",
        "cumulative": false
    },
    {
        "date": "2021-02-22T13:09:31.478Z",
        "value": "2.7359574990072093",
        "cumulative": false
    },
    {
        "date": "2021-02-22T13:11:08.382Z",
        "value": "3.176462510052849",
        "cumulative": false
    },
    {
        "date": "2021-02-22T13:12:44.976Z",
        "value": "3.10699360528786",
        "cumulative": false
    },
    {
        "date": "2021-02-22T13:14:21.750Z",
        "value": "2.7236068615357327",
        "cumulative": false
    },
    {
        "date": "2021-02-22T13:16:01.417Z",
        "value": "2.8001973612325175",
        "cumulative": false
    },
    {
        "date": "2021-02-22T13:17:36.591Z",
        "value": "3.82751708984375",
        "cumulative": false
    },
    {
        "date": "2021-02-22T13:19:11.145Z",
        "value": "2.578405017921147",
        "cumulative": false
    },
    {
        "date": "2021-02-22T13:20:47.065Z",
        "value": "3.84732883695856",
        "cumulative": false
    },
    {
        "date": "2021-02-22T13:22:22.008Z",
        "value": "2.644082252884738",
        "cumulative": false
    },
    {
        "date": "2021-02-22T13:23:57.357Z",
        "value": "2.8068348793053404",
        "cumulative": false
    },
    {
        "date": "2021-02-22T13:25:33.831Z",
        "value": "2.7824802585310664",
        "cumulative": false
    }
]