[
    {
        "date": "2021-02-22T09:51:40.301Z",
        "value": "11.097683005136986",
        "cumulative": false
    },
    {
        "date": "2021-02-22T09:53:13.730Z",
        "value": "9.01392883892147",
        "cumulative": false
    },
    {
        "date": "2021-02-22T09:54:52.082Z",
        "value": "8.12614506740196",
        "cumulative": false
    },
    {
        "date": "2021-02-22T09:56:30.432Z",
        "value": "8.028062547134239",
        "cumulative": false
    },
    {
        "date": "2021-02-22T09:58:06.297Z",
        "value": "7.760949546574823",
        "cumulative": false
    },
    {
        "date": "2021-02-22T09:59:44.818Z",
        "value": "7.122117542085194",
        "cumulative": false
    },
    {
        "date": "2021-02-22T10:01:21.077Z",
        "value": "7.182567176955141",
        "cumulative": false
    },
    {
        "date": "2021-02-22T10:02:58.481Z",
        "value": "6.680045072115385",
        "cumulative": false
    },
    {
        "date": "2021-02-22T10:04:35.773Z",
        "value": "6.772005158425961",
        "cumulative": false
    },
    {
        "date": "2021-02-22T10:06:15.446Z",
        "value": "5.9637812296549475",
        "cumulative": false
    },
    {
        "date": "2021-02-22T10:07:54.833Z",
        "value": "6.56909489787161",
        "cumulative": false
    },
    {
        "date": "2021-02-22T10:09:32.012Z",
        "value": "6.211955389492753",
        "cumulative": false
    },
    {
        "date": "2021-02-22T10:11:12.098Z",
        "value": "5.490627140410959",
        "cumulative": false
    },
    {
        "date": "2021-02-22T10:12:49.744Z",
        "value": "5.813093765273705",
        "cumulative": false
    },
    {
        "date": "2021-02-22T10:14:30.719Z",
        "value": "5.508267310357863",
        "cumulative": false
    },
    {
        "date": "2021-02-22T10:16:07.834Z",
        "value": "5.570640111629199",
        "cumulative": false
    },
    {
        "date": "2021-02-22T10:17:44.065Z",
        "value": "5.084451789529915",
        "cumulative": false
    },
    {
        "date": "2021-02-22T10:19:23.356Z",
        "value": "4.547726291725285",
        "cumulative": false
    },
    {
        "date": "2021-02-22T10:20:57.324Z",
        "value": "6.043100992838542",
        "cumulative": false
    },
    {
        "date": "2021-02-22T10:22:33.476Z",
        "value": "6.075139024351875",
        "cumulative": false
    },
    {
        "date": "2021-02-22T10:24:11.498Z",
        "value": "6.154148793669474",
        "cumulative": false
    },
    {
        "date": "2021-02-22T10:25:49.477Z",
        "value": "3.633215376512884",
        "cumulative": false
    },
    {
        "date": "2021-02-22T10:27:27.685Z",
        "value": "3.6665883889296187",
        "cumulative": false
    },
    {
        "date": "2021-02-22T10:29:04.446Z",
        "value": "3.961273644664712",
        "cumulative": false
    },
    {
        "date": "2021-02-22T10:30:45.555Z",
        "value": "3.6105362871251443",
        "cumulative": false
    },
    {
        "date": "2021-02-22T10:32:21.855Z",
        "value": "3.8793229357587977",
        "cumulative": false
    },
    {
        "date": "2021-02-22T10:33:58.651Z",
        "value": "3.6864952490521037",
        "cumulative": false
    },
    {
        "date": "2021-02-22T10:35:37.510Z",
        "value": "4.036190359933036",
        "cumulative": false
    },
    {
        "date": "2021-02-22T10:37:20.436Z",
        "value": "3.7878409152814094",
        "cumulative": false
    },
    {
        "date": "2021-02-22T10:38:59.746Z",
        "value": "5.232678805296857",
        "cumulative": false
    },
    {
        "date": "2021-02-22T10:40:37.673Z",
        "value": "3.5566470875459557",
        "cumulative": false
    },
    {
        "date": "2021-02-22T10:42:13.239Z",
        "value": "3.276522159576416",
        "cumulative": false
    },
    {
        "date": "2021-02-22T10:43:49.308Z",
        "value": "3.5518463912574965",
        "cumulative": false
    },
    {
        "date": "2021-02-22T10:45:26.978Z",
        "value": "3.7392972020072297",
        "cumulative": false
    },
    {
        "date": "2021-02-22T10:47:04.216Z",
        "value": "3.6864205154718137",
        "cumulative": false
    },
    {
        "date": "2021-02-22T10:48:42.898Z",
        "value": "3.7502222919746036",
        "cumulative": false
    },
    {
        "date": "2021-02-22T10:50:21.161Z",
        "value": "5.140061773255814",
        "cumulative": false
    },
    {
        "date": "2021-02-22T10:51:54.896Z",
        "value": "3.5080701552390368",
        "cumulative": false
    },
    {
        "date": "2021-02-22T10:53:28.826Z",
        "value": "3.462688684463501",
        "cumulative": false
    },
    {
        "date": "2021-02-22T10:55:05.782Z",
        "value": "3.91671112948515",
        "cumulative": false
    },
    {
        "date": "2021-02-22T10:56:38.742Z",
        "value": "3.2922625071720004",
        "cumulative": false
    },
    {
        "date": "2021-02-22T10:58:14.502Z",
        "value": "3.342992631215898",
        "cumulative": false
    },
    {
        "date": "2021-02-22T10:59:56.828Z",
        "value": "3.471127977558211",
        "cumulative": false
    },
    {
        "date": "2021-02-22T11:01:34.234Z",
        "value": "3.106041193008423",
        "cumulative": false
    },
    {
        "date": "2021-02-22T11:03:11.360Z",
        "value": "3.1909021714154413",
        "cumulative": false
    },
    {
        "date": "2021-02-22T11:04:47.786Z",
        "value": "2.950457097506453",
        "cumulative": false
    },
    {
        "date": "2021-02-22T11:06:07.704Z",
        "value": "2.855510554901541",
        "cumulative": false
    },
    {
        "date": "2021-02-22T11:07:45.052Z",
        "value": "3.4391077674815147",
        "cumulative": false
    },
    {
        "date": "2021-02-22T11:09:18.943Z",
        "value": "3.3195077933517156",
        "cumulative": false
    },
    {
        "date": "2021-02-22T11:10:54.647Z",
        "value": "3.158351401458019",
        "cumulative": false
    },
    {
        "date": "2021-02-22T11:12:30.528Z",
        "value": "3.6252996832343274",
        "cumulative": false
    },
    {
        "date": "2021-02-22T11:14:05.801Z",
        "value": "4.65096428280785",
        "cumulative": false
    },
    {
        "date": "2021-02-22T11:15:42.287Z",
        "value": "3.2938231937276696",
        "cumulative": false
    },
    {
        "date": "2021-02-22T11:17:18.593Z",
        "value": "3.08732421875",
        "cumulative": false
    },
    {
        "date": "2021-02-22T11:18:53.623Z",
        "value": "3.3456866555672673",
        "cumulative": false
    },
    {
        "date": "2021-02-22T11:20:27.134Z",
        "value": "2.766196695963542",
        "cumulative": false
    },
    {
        "date": "2021-02-22T11:22:04.659Z",
        "value": "4.20498191029437",
        "cumulative": false
    },
    {
        "date": "2021-02-22T11:23:41.749Z",
        "value": "3.395311367753623",
        "cumulative": false
    },
    {
        "date": "2021-02-22T11:25:16.084Z",
        "value": "3.0480656035958904",
        "cumulative": false
    },
    {
        "date": "2021-02-22T11:26:53.351Z",
        "value": "2.876047203384653",
        "cumulative": false
    },
    {
        "date": "2021-02-22T11:28:35.320Z",
        "value": "3.0513724050214215",
        "cumulative": false
    },
    {
        "date": "2021-02-22T11:30:10.811Z",
        "value": "3.637789157068305",
        "cumulative": false
    },
    {
        "date": "2021-02-22T11:31:47.529Z",
        "value": "3.2031060808404557",
        "cumulative": false
    },
    {
        "date": "2021-02-22T11:33:22.680Z",
        "value": "2.976317703670546",
        "cumulative": false
    },
    {
        "date": "2021-02-22T11:34:59.444Z",
        "value": "4.990240478515625",
        "cumulative": false
    },
    {
        "date": "2021-02-22T11:36:32.064Z",
        "value": "4.872572973036748",
        "cumulative": false
    },
    {
        "date": "2021-02-22T11:38:09.199Z",
        "value": "5.132475687561943",
        "cumulative": false
    },
    {
        "date": "2021-02-22T11:39:45.788Z",
        "value": "2.7023289058433106",
        "cumulative": false
    },
    {
        "date": "2021-02-22T11:41:21.031Z",
        "value": "2.794996855005332",
        "cumulative": false
    },
    {
        "date": "2021-02-22T11:42:56.670Z",
        "value": "2.991592399445436",
        "cumulative": false
    },
    {
        "date": "2021-02-22T11:44:32.631Z",
        "value": "2.922634173154556",
        "cumulative": false
    },
    {
        "date": "2021-02-22T11:46:07.295Z",
        "value": "3.136464824657869",
        "cumulative": false
    },
    {
        "date": "2021-02-22T11:47:44.008Z",
        "value": "2.8538259368120107",
        "cumulative": false
    },
    {
        "date": "2021-02-22T11:49:16.850Z",
        "value": "3.3190011160714286",
        "cumulative": false
    },
    {
        "date": "2021-02-22T11:50:59.859Z",
        "value": "3.0660589629249158",
        "cumulative": false
    },
    {
        "date": "2021-02-22T11:52:32.710Z",
        "value": "4.343728020712068",
        "cumulative": false
    },
    {
        "date": "2021-02-22T11:54:09.582Z",
        "value": "2.934542786841299",
        "cumulative": false
    },
    {
        "date": "2021-02-22T11:55:45.314Z",
        "value": "2.7411460876464844",
        "cumulative": false
    },
    {
        "date": "2021-02-22T11:57:20.556Z",
        "value": "2.9118712128310844",
        "cumulative": false
    },
    {
        "date": "2021-02-22T11:58:56.178Z",
        "value": "3.1736789898845763",
        "cumulative": false
    },
    {
        "date": "2021-02-22T12:00:30.339Z",
        "value": "3.094893391927083",
        "cumulative": false
    },
    {
        "date": "2021-02-22T12:02:04.432Z",
        "value": "3.2711980461401504",
        "cumulative": false
    },
    {
        "date": "2021-02-22T12:03:37.624Z",
        "value": "4.529934210526315",
        "cumulative": false
    },
    {
        "date": "2021-02-22T12:05:10.447Z",
        "value": "3.105488758649353",
        "cumulative": false
    },
    {
        "date": "2021-02-22T12:06:44.328Z",
        "value": "2.982361316680908",
        "cumulative": false
    },
    {
        "date": "2021-02-22T12:08:24.556Z",
        "value": "3.345543824438414",
        "cumulative": false
    },
    {
        "date": "2021-02-22T12:10:00.931Z",
        "value": "2.8593209609683794",
        "cumulative": false
    },
    {
        "date": "2021-02-22T12:11:36.204Z",
        "value": "2.8758084736173113",
        "cumulative": false
    },
    {
        "date": "2021-02-22T12:13:17.363Z",
        "value": "3.083267511106005",
        "cumulative": false
    },
    {
        "date": "2021-02-22T12:14:56.362Z",
        "value": "2.7593870162963867",
        "cumulative": false
    },
    {
        "date": "2021-02-22T12:16:33.785Z",
        "value": "2.8217323452818626",
        "cumulative": false
    },
    {
        "date": "2021-02-22T12:18:09.944Z",
        "value": "2.5941381763919615",
        "cumulative": false
    },
    {
        "date": "2021-02-22T12:19:41.178Z",
        "value": "2.5798163068737767",
        "cumulative": false
    },
    {
        "date": "2021-02-22T12:21:17.416Z",
        "value": "3.0388625561735085",
        "cumulative": false
    },
    {
        "date": "2021-02-22T12:22:53.134Z",
        "value": "2.927406939338235",
        "cumulative": false
    },
    {
        "date": "2021-02-22T12:24:29.419Z",
        "value": "2.7923668064982405",
        "cumulative": false
    },
    {
        "date": "2021-02-22T12:26:04.063Z",
        "value": "3.252113334570905",
        "cumulative": false
    },
    {
        "date": "2021-02-22T12:27:40.678Z",
        "value": "4.3384588332403276",
        "cumulative": false
    },
    {
        "date": "2021-02-22T12:29:17.788Z",
        "value": "2.9281207613801774",
        "cumulative": false
    },
    {
        "date": "2021-02-22T12:30:53.521Z",
        "value": "2.8120956029647437",
        "cumulative": false
    },
    {
        "date": "2021-02-22T12:32:29.297Z",
        "value": "3.003449597546953",
        "cumulative": false
    },
    {
        "date": "2021-02-22T12:34:06.552Z",
        "value": "2.534210713704427",
        "cumulative": false
    },
    {
        "date": "2021-02-22T12:35:41.159Z",
        "value": "3.871519843696361",
        "cumulative": false
    },
    {
        "date": "2021-02-22T12:37:15.771Z",
        "value": "3.066167912137681",
        "cumulative": false
    },
    {
        "date": "2021-02-22T12:38:52.490Z",
        "value": "2.8098143193493152",
        "cumulative": false
    },
    {
        "date": "2021-02-22T12:40:27.940Z",
        "value": "2.61363039734543",
        "cumulative": false
    },
    {
        "date": "2021-02-22T12:42:07.906Z",
        "value": "2.771721624558972",
        "cumulative": false
    },
    {
        "date": "2021-02-22T12:43:48.212Z",
        "value": "3.360765540081522",
        "cumulative": false
    },
    {
        "date": "2021-02-22T12:45:24.854Z",
        "value": "2.9582487535612536",
        "cumulative": false
    },
    {
        "date": "2021-02-22T12:46:59.773Z",
        "value": "2.766270462974805",
        "cumulative": false
    },
    {
        "date": "2021-02-22T12:48:37.519Z",
        "value": "4.730477905273437",
        "cumulative": false
    },
    {
        "date": "2021-02-22T12:50:11.790Z",
        "value": "4.596671576107475",
        "cumulative": false
    },
    {
        "date": "2021-02-22T12:51:48.857Z",
        "value": "4.847158774157582",
        "cumulative": false
    },
    {
        "date": "2021-02-22T12:53:25.990Z",
        "value": "2.537974860505596",
        "cumulative": false
    },
    {
        "date": "2021-02-22T12:55:03.808Z",
        "value": "2.6258375370734472",
        "cumulative": false
    },
    {
        "date": "2021-02-22T12:56:38.943Z",
        "value": "2.7896854881119326",
        "cumulative": false
    },
    {
        "date": "2021-02-22T12:58:13.400Z",
        "value": "2.758653616547722",
        "cumulative": false
    },
    {
        "date": "2021-02-22T12:59:52.764Z",
        "value": "2.9586495467528104",
        "cumulative": false
    },
    {
        "date": "2021-02-22T13:01:25.188Z",
        "value": "2.689092408420988",
        "cumulative": false
    },
    {
        "date": "2021-02-22T13:02:59.591Z",
        "value": "3.1145060221354166",
        "cumulative": false
    },
    {
        "date": "2021-02-22T13:04:42.654Z",
        "value": "2.880451774763417",
        "cumulative": false
    },
    {
        "date": "2021-02-22T13:06:18.135Z",
        "value": "4.0902022397652305",
        "cumulative": false
    },
    {
        "date": "2021-02-22T13:07:56.659Z",
        "value": "2.7649648628982844",
        "cumulative": false
    },
    {
        "date": "2021-02-22T13:09:31.477Z",
        "value": "2.600468397140503",
        "cumulative": false
    },
    {
        "date": "2021-02-22T13:11:08.378Z",
        "value": "2.741827572541854",
        "cumulative": false
    },
    {
        "date": "2021-02-22T13:12:44.974Z",
        "value": "3.031859174831938",
        "cumulative": false
    },
    {
        "date": "2021-02-22T13:14:21.749Z",
        "value": "2.9079982383578433",
        "cumulative": false
    },
    {
        "date": "2021-02-22T13:16:01.411Z",
        "value": "3.108006867693496",
        "cumulative": false
    },
    {
        "date": "2021-02-22T13:17:36.588Z",
        "value": "4.310298730110159",
        "cumulative": false
    },
    {
        "date": "2021-02-22T13:19:11.144Z",
        "value": "2.9940928850647017",
        "cumulative": false
    },
    {
        "date": "2021-02-22T13:20:47.065Z",
        "value": "2.870283603668213",
        "cumulative": false
    },
    {
        "date": "2021-02-22T13:22:22.007Z",
        "value": "3.169750207296849",
        "cumulative": false
    },
    {
        "date": "2021-02-22T13:23:57.357Z",
        "value": "2.737012702409792",
        "cumulative": false
    },
    {
        "date": "2021-02-22T13:25:33.830Z",
        "value": "2.7316342308407737",
        "cumulative": false
    }
]