[
    {
        "date": "2021-02-22T09:51:40.307Z",
        "value": "11.151027856691918",
        "cumulative": false
    },
    {
        "date": "2021-02-22T09:53:13.734Z",
        "value": "8.905269431089744",
        "cumulative": false
    },
    {
        "date": "2021-02-22T09:54:52.082Z",
        "value": "8.546782550260847",
        "cumulative": false
    },
    {
        "date": "2021-02-22T09:56:30.419Z",
        "value": "7.819905254855972",
        "cumulative": false
    },
    {
        "date": "2021-02-22T09:58:06.293Z",
        "value": "7.535879572264077",
        "cumulative": false
    },
    {
        "date": "2021-02-22T09:59:44.820Z",
        "value": "7.791937523638427",
        "cumulative": false
    },
    {
        "date": "2021-02-22T10:01:21.087Z",
        "value": "7.065174057904412",
        "cumulative": false
    },
    {
        "date": "2021-02-22T10:02:58.481Z",
        "value": "7.237293596016076",
        "cumulative": false
    },
    {
        "date": "2021-02-22T10:04:35.758Z",
        "value": "7.379556802896647",
        "cumulative": false
    },
    {
        "date": "2021-02-22T10:06:15.434Z",
        "value": "6.315239525228194",
        "cumulative": false
    },
    {
        "date": "2021-02-22T10:07:54.827Z",
        "value": "5.906100490431387",
        "cumulative": false
    },
    {
        "date": "2021-02-22T10:09:32.001Z",
        "value": "6.834613579474343",
        "cumulative": false
    },
    {
        "date": "2021-02-22T10:11:12.100Z",
        "value": "5.89459720734627",
        "cumulative": false
    },
    {
        "date": "2021-02-22T10:12:49.744Z",
        "value": "5.1099085489908855",
        "cumulative": false
    },
    {
        "date": "2021-02-22T10:14:30.716Z",
        "value": "5.385414668491909",
        "cumulative": false
    },
    {
        "date": "2021-02-22T10:16:07.844Z",
        "value": "5.867305652006173",
        "cumulative": false
    },
    {
        "date": "2021-02-22T10:17:44.062Z",
        "value": "6.269643204287936",
        "cumulative": false
    },
    {
        "date": "2021-02-22T10:19:23.348Z",
        "value": "4.957645766773163",
        "cumulative": false
    },
    {
        "date": "2021-02-22T10:20:57.319Z",
        "value": "4.764450731464461",
        "cumulative": false
    },
    {
        "date": "2021-02-22T10:22:33.470Z",
        "value": "4.324175900829082",
        "cumulative": false
    },
    {
        "date": "2021-02-22T10:24:11.499Z",
        "value": "4.329095637955005",
        "cumulative": false
    },
    {
        "date": "2021-02-22T10:25:49.468Z",
        "value": "5.17094374902359",
        "cumulative": false
    },
    {
        "date": "2021-02-22T10:27:27.686Z",
        "value": "3.965915256076389",
        "cumulative": false
    },
    {
        "date": "2021-02-22T10:29:04.460Z",
        "value": "4.17122998046875",
        "cumulative": false
    },
    {
        "date": "2021-02-22T10:30:45.548Z",
        "value": "3.801665138711735",
        "cumulative": false
    },
    {
        "date": "2021-02-22T10:32:21.841Z",
        "value": "3.775841513170084",
        "cumulative": false
    },
    {
        "date": "2021-02-22T10:33:58.667Z",
        "value": "4.17751382982002",
        "cumulative": false
    },
    {
        "date": "2021-02-22T10:35:37.509Z",
        "value": "3.7604362936580884",
        "cumulative": false
    },
    {
        "date": "2021-02-22T10:37:20.426Z",
        "value": "3.121942018995098",
        "cumulative": false
    },
    {
        "date": "2021-02-22T10:38:59.736Z",
        "value": "4.119184710981586",
        "cumulative": false
    },
    {
        "date": "2021-02-22T10:40:37.662Z",
        "value": "3.952878731125467",
        "cumulative": false
    },
    {
        "date": "2021-02-22T10:42:13.241Z",
        "value": "3.0558293660481772",
        "cumulative": false
    },
    {
        "date": "2021-02-22T10:43:49.296Z",
        "value": "3.147808074951172",
        "cumulative": false
    },
    {
        "date": "2021-02-22T10:45:26.980Z",
        "value": "3.3899331092834473",
        "cumulative": false
    },
    {
        "date": "2021-02-22T10:47:04.190Z",
        "value": "4.518175882006449",
        "cumulative": false
    },
    {
        "date": "2021-02-22T10:48:42.887Z",
        "value": "3.720995647151296",
        "cumulative": false
    },
    {
        "date": "2021-02-22T10:50:21.160Z",
        "value": "3.506421740301724",
        "cumulative": false
    },
    {
        "date": "2021-02-22T10:51:54.892Z",
        "value": "3.4738925840796493",
        "cumulative": false
    },
    {
        "date": "2021-02-22T10:53:28.819Z",
        "value": "3.744304040576481",
        "cumulative": false
    },
    {
        "date": "2021-02-22T10:55:05.781Z",
        "value": "4.561024562376726",
        "cumulative": false
    },
    {
        "date": "2021-02-22T10:56:38.737Z",
        "value": "5.088848972581447",
        "cumulative": false
    },
    {
        "date": "2021-02-22T10:58:14.503Z",
        "value": "3.182561238606771",
        "cumulative": false
    },
    {
        "date": "2021-02-22T10:59:56.829Z",
        "value": "3.0746064119785084",
        "cumulative": false
    },
    {
        "date": "2021-02-22T11:01:34.238Z",
        "value": "3.304294481464461",
        "cumulative": false
    },
    {
        "date": "2021-02-22T11:03:11.352Z",
        "value": "3.844508223376745",
        "cumulative": false
    },
    {
        "date": "2021-02-22T11:04:47.785Z",
        "value": "3.227054158689476",
        "cumulative": false
    },
    {
        "date": "2021-02-22T11:06:07.708Z",
        "value": "3.192748283617424",
        "cumulative": false
    },
    {
        "date": "2021-02-22T11:07:45.046Z",
        "value": "3.1287890625",
        "cumulative": false
    },
    {
        "date": "2021-02-22T11:09:18.951Z",
        "value": "5.444179245132968",
        "cumulative": false
    },
    {
        "date": "2021-02-22T11:10:54.638Z",
        "value": "3.228220643251189",
        "cumulative": false
    },
    {
        "date": "2021-02-22T11:12:30.531Z",
        "value": "4.710260256616772",
        "cumulative": false
    },
    {
        "date": "2021-02-22T11:14:05.795Z",
        "value": "4.836059139403681",
        "cumulative": false
    },
    {
        "date": "2021-02-22T11:15:42.293Z",
        "value": "3.100680482153799",
        "cumulative": false
    },
    {
        "date": "2021-02-22T11:17:18.594Z",
        "value": "4.455514276275554",
        "cumulative": false
    },
    {
        "date": "2021-02-22T11:18:53.619Z",
        "value": "5.390059981856857",
        "cumulative": false
    },
    {
        "date": "2021-02-22T11:20:27.142Z",
        "value": "2.970377274023834",
        "cumulative": false
    },
    {
        "date": "2021-02-22T11:22:04.660Z",
        "value": "3.0990453389016897",
        "cumulative": false
    },
    {
        "date": "2021-02-22T11:23:41.746Z",
        "value": "4.9764480991864835",
        "cumulative": false
    },
    {
        "date": "2021-02-22T11:25:16.083Z",
        "value": "3.519198017735635",
        "cumulative": false
    },
    {
        "date": "2021-02-22T11:26:53.356Z",
        "value": "2.861585998535156",
        "cumulative": false
    },
    {
        "date": "2021-02-22T11:28:35.319Z",
        "value": "3.2650247301374162",
        "cumulative": false
    },
    {
        "date": "2021-02-22T11:30:10.803Z",
        "value": "4.5707002314814815",
        "cumulative": false
    },
    {
        "date": "2021-02-22T11:31:47.535Z",
        "value": "4.862285811486337",
        "cumulative": false
    },
    {
        "date": "2021-02-22T11:33:22.684Z",
        "value": "3.260733077076677",
        "cumulative": false
    },
    {
        "date": "2021-02-22T11:34:59.426Z",
        "value": "3.0799938725490197",
        "cumulative": false
    },
    {
        "date": "2021-02-22T11:36:32.054Z",
        "value": "2.8888083944515306",
        "cumulative": false
    },
    {
        "date": "2021-02-22T11:38:09.199Z",
        "value": "3.0239776210187057",
        "cumulative": false
    },
    {
        "date": "2021-02-22T11:39:45.775Z",
        "value": "3.912051705788158",
        "cumulative": false
    },
    {
        "date": "2021-02-22T11:41:21.031Z",
        "value": "2.957058861142113",
        "cumulative": false
    },
    {
        "date": "2021-02-22T11:42:56.678Z",
        "value": "3.173875244140625",
        "cumulative": false
    },
    {
        "date": "2021-02-22T11:44:32.625Z",
        "value": "2.959408880739796",
        "cumulative": false
    },
    {
        "date": "2021-02-22T11:46:07.297Z",
        "value": "2.9723081324882656",
        "cumulative": false
    },
    {
        "date": "2021-02-22T11:47:44.009Z",
        "value": "3.282620221200074",
        "cumulative": false
    },
    {
        "date": "2021-02-22T11:49:16.857Z",
        "value": "2.9976026348039215",
        "cumulative": false
    },
    {
        "date": "2021-02-22T11:50:59.846Z",
        "value": "2.6379806219362747",
        "cumulative": false
    },
    {
        "date": "2021-02-22T11:52:32.706Z",
        "value": "3.3687299292768045",
        "cumulative": false
    },
    {
        "date": "2021-02-22T11:54:09.588Z",
        "value": "3.3429561629241906",
        "cumulative": false
    },
    {
        "date": "2021-02-22T11:55:45.314Z",
        "value": "2.628141403198242",
        "cumulative": false
    },
    {
        "date": "2021-02-22T11:57:20.542Z",
        "value": "2.7114159720284596",
        "cumulative": false
    },
    {
        "date": "2021-02-22T11:58:56.167Z",
        "value": "2.867198944091797",
        "cumulative": false
    },
    {
        "date": "2021-02-22T12:00:30.333Z",
        "value": "3.9540003216455855",
        "cumulative": false
    },
    {
        "date": "2021-02-22T12:02:04.439Z",
        "value": "3.1776480325838414",
        "cumulative": false
    },
    {
        "date": "2021-02-22T12:03:37.641Z",
        "value": "2.937456223060345",
        "cumulative": false
    },
    {
        "date": "2021-02-22T12:05:10.457Z",
        "value": "2.9361835262639735",
        "cumulative": false
    },
    {
        "date": "2021-02-22T12:06:44.326Z",
        "value": "3.236375296506613",
        "cumulative": false
    },
    {
        "date": "2021-02-22T12:08:24.553Z",
        "value": "4.021080363196499",
        "cumulative": false
    },
    {
        "date": "2021-02-22T12:10:00.925Z",
        "value": "4.548595459773688",
        "cumulative": false
    },
    {
        "date": "2021-02-22T12:11:36.217Z",
        "value": "2.8082039028990504",
        "cumulative": false
    },
    {
        "date": "2021-02-22T12:13:17.567Z",
        "value": "2.7255717396886854",
        "cumulative": false
    },
    {
        "date": "2021-02-22T12:14:56.367Z",
        "value": "2.9285201727175245",
        "cumulative": false
    },
    {
        "date": "2021-02-22T12:16:33.784Z",
        "value": "3.316648930162637",
        "cumulative": false
    },
    {
        "date": "2021-02-22T12:18:09.946Z",
        "value": "2.8297857352396245",
        "cumulative": false
    },
    {
        "date": "2021-02-22T12:19:41.175Z",
        "value": "2.812963127367424",
        "cumulative": false
    },
    {
        "date": "2021-02-22T12:21:17.411Z",
        "value": "2.785713892227564",
        "cumulative": false
    },
    {
        "date": "2021-02-22T12:22:53.126Z",
        "value": "5.06448170489248",
        "cumulative": false
    },
    {
        "date": "2021-02-22T12:24:29.420Z",
        "value": "2.867511128270349",
        "cumulative": false
    },
    {
        "date": "2021-02-22T12:26:04.069Z",
        "value": "4.40704882967387",
        "cumulative": false
    },
    {
        "date": "2021-02-22T12:27:40.678Z",
        "value": "4.48566181684947",
        "cumulative": false
    },
    {
        "date": "2021-02-22T12:29:17.797Z",
        "value": "2.7917253082873774",
        "cumulative": false
    },
    {
        "date": "2021-02-22T12:30:53.507Z",
        "value": "4.091002042198148",
        "cumulative": false
    },
    {
        "date": "2021-02-22T12:32:29.308Z",
        "value": "5.041189627127127",
        "cumulative": false
    },
    {
        "date": "2021-02-22T12:34:06.539Z",
        "value": "2.7064852762899343",
        "cumulative": false
    },
    {
        "date": "2021-02-22T12:35:41.162Z",
        "value": "2.850159410202253",
        "cumulative": false
    },
    {
        "date": "2021-02-22T12:37:15.768Z",
        "value": "4.618495287077597",
        "cumulative": false
    },
    {
        "date": "2021-02-22T12:38:52.487Z",
        "value": "3.2447039696478073",
        "cumulative": false
    },
    {
        "date": "2021-02-22T12:40:27.938Z",
        "value": "2.6726036071777344",
        "cumulative": false
    },
    {
        "date": "2021-02-22T12:42:07.897Z",
        "value": "2.9918316432407925",
        "cumulative": false
    },
    {
        "date": "2021-02-22T12:43:48.219Z",
        "value": "4.284522569444444",
        "cumulative": false
    },
    {
        "date": "2021-02-22T12:45:24.845Z",
        "value": "4.5561767523883585",
        "cumulative": false
    },
    {
        "date": "2021-02-22T12:46:59.776Z",
        "value": "3.0159964057507986",
        "cumulative": false
    },
    {
        "date": "2021-02-22T12:48:37.521Z",
        "value": "2.844653080958946",
        "cumulative": false
    },
    {
        "date": "2021-02-22T12:50:11.781Z",
        "value": "2.666254284917092",
        "cumulative": false
    },
    {
        "date": "2021-02-22T12:51:48.867Z",
        "value": "2.8088559111160265",
        "cumulative": false
    },
    {
        "date": "2021-02-22T12:53:25.995Z",
        "value": "3.6379688598461177",
        "cumulative": false
    },
    {
        "date": "2021-02-22T12:55:03.827Z",
        "value": "2.7519100128658236",
        "cumulative": false
    },
    {
        "date": "2021-02-22T12:56:38.943Z",
        "value": "2.955584228515625",
        "cumulative": false
    },
    {
        "date": "2021-02-22T12:58:13.401Z",
        "value": "2.7574353276466836",
        "cumulative": false
    },
    {
        "date": "2021-02-22T12:59:52.776Z",
        "value": "2.780054386425395",
        "cumulative": false
    },
    {
        "date": "2021-02-22T13:01:25.179Z",
        "value": "3.0932506433370315",
        "cumulative": false
    },
    {
        "date": "2021-02-22T13:02:59.583Z",
        "value": "2.8180740655637253",
        "cumulative": false
    },
    {
        "date": "2021-02-22T13:04:42.652Z",
        "value": "2.510492063036152",
        "cumulative": false
    },
    {
        "date": "2021-02-22T13:06:18.131Z",
        "value": "3.1762023871398872",
        "cumulative": false
    },
    {
        "date": "2021-02-22T13:07:56.669Z",
        "value": "3.150235870855386",
        "cumulative": false
    },
    {
        "date": "2021-02-22T13:09:31.470Z",
        "value": "2.5260000228881836",
        "cumulative": false
    },
    {
        "date": "2021-02-22T13:11:08.374Z",
        "value": "2.5893353053501675",
        "cumulative": false
    },
    {
        "date": "2021-02-22T13:12:44.992Z",
        "value": "2.7071900367736816",
        "cumulative": false
    },
    {
        "date": "2021-02-22T13:14:21.740Z",
        "value": "3.7476888989645336",
        "cumulative": false
    },
    {
        "date": "2021-02-22T13:16:01.414Z",
        "value": "3.011594446693979",
        "cumulative": false
    },
    {
        "date": "2021-02-22T13:17:36.600Z",
        "value": "2.7711250192426107",
        "cumulative": false
    },
    {
        "date": "2021-02-22T13:19:11.142Z",
        "value": "2.7915711441660314",
        "cumulative": false
    },
    {
        "date": "2021-02-22T13:20:47.068Z",
        "value": "3.0715389591719378",
        "cumulative": false
    },
    {
        "date": "2021-02-22T13:22:22.008Z",
        "value": "3.8313722629283777",
        "cumulative": false
    },
    {
        "date": "2021-02-22T13:23:57.359Z",
        "value": "4.36281397662273",
        "cumulative": false
    },
    {
        "date": "2021-02-22T13:25:33.836Z",
        "value": "2.6704143449371935",
        "cumulative": false
    }
]