[
    {
        "date": "2021-02-22T09:51:40.301Z",
        "value": "11.12760016641065",
        "cumulative": false
    },
    {
        "date": "2021-02-22T09:53:13.726Z",
        "value": "9.01373632886585",
        "cumulative": false
    },
    {
        "date": "2021-02-22T09:54:52.089Z",
        "value": "8.037152729605994",
        "cumulative": false
    },
    {
        "date": "2021-02-22T09:56:30.433Z",
        "value": "7.961397549805178",
        "cumulative": false
    },
    {
        "date": "2021-02-22T09:58:06.299Z",
        "value": "7.689375778724408",
        "cumulative": false
    },
    {
        "date": "2021-02-22T09:59:44.820Z",
        "value": "7.210578842315369",
        "cumulative": false
    },
    {
        "date": "2021-02-22T10:01:21.090Z",
        "value": "7.04763765159455",
        "cumulative": false
    },
    {
        "date": "2021-02-22T10:02:58.488Z",
        "value": "6.164827622597984",
        "cumulative": false
    },
    {
        "date": "2021-02-22T10:04:35.774Z",
        "value": "6.46881825436828",
        "cumulative": false
    },
    {
        "date": "2021-02-22T10:06:15.442Z",
        "value": "6.138838205645161",
        "cumulative": false
    },
    {
        "date": "2021-02-22T10:07:54.835Z",
        "value": "6.182862083978328",
        "cumulative": false
    },
    {
        "date": "2021-02-22T10:09:32.015Z",
        "value": "5.962714939491422",
        "cumulative": false
    },
    {
        "date": "2021-02-22T10:11:12.099Z",
        "value": "5.353682367581989",
        "cumulative": false
    },
    {
        "date": "2021-02-22T10:12:49.756Z",
        "value": "6.301252590880102",
        "cumulative": false
    },
    {
        "date": "2021-02-22T10:14:30.724Z",
        "value": "6.230351684352718",
        "cumulative": false
    },
    {
        "date": "2021-02-22T10:16:07.837Z",
        "value": "5.663015184381779",
        "cumulative": false
    },
    {
        "date": "2021-02-22T10:17:44.073Z",
        "value": "5.337726156453024",
        "cumulative": false
    },
    {
        "date": "2021-02-22T10:19:23.358Z",
        "value": "6.165762553934828",
        "cumulative": false
    },
    {
        "date": "2021-02-22T10:20:57.332Z",
        "value": "4.708256392045454",
        "cumulative": false
    },
    {
        "date": "2021-02-22T10:22:33.480Z",
        "value": "4.444648692810458",
        "cumulative": false
    },
    {
        "date": "2021-02-22T10:24:11.501Z",
        "value": "4.315743582589286",
        "cumulative": false
    },
    {
        "date": "2021-02-22T10:25:49.483Z",
        "value": "4.091026244124746",
        "cumulative": false
    },
    {
        "date": "2021-02-22T10:27:27.689Z",
        "value": "4.301836993243243",
        "cumulative": false
    },
    {
        "date": "2021-02-22T10:29:04.469Z",
        "value": "3.7474644213350055",
        "cumulative": false
    },
    {
        "date": "2021-02-22T10:30:45.564Z",
        "value": "3.9575529141978123",
        "cumulative": false
    },
    {
        "date": "2021-02-22T10:32:21.860Z",
        "value": "3.8564412295705055",
        "cumulative": false
    },
    {
        "date": "2021-02-22T10:33:58.664Z",
        "value": "4.19057758130684",
        "cumulative": false
    },
    {
        "date": "2021-02-22T10:35:37.518Z",
        "value": "3.6005306243896484",
        "cumulative": false
    },
    {
        "date": "2021-02-22T10:37:20.442Z",
        "value": "3.7537967244626977",
        "cumulative": false
    },
    {
        "date": "2021-02-22T10:38:59.750Z",
        "value": "3.4898141571969696",
        "cumulative": false
    },
    {
        "date": "2021-02-22T10:40:37.679Z",
        "value": "3.7934032419786097",
        "cumulative": false
    },
    {
        "date": "2021-02-22T10:42:13.248Z",
        "value": "3.595491963048135",
        "cumulative": false
    },
    {
        "date": "2021-02-22T10:43:49.314Z",
        "value": "3.4594029017857144",
        "cumulative": false
    },
    {
        "date": "2021-02-22T10:45:26.986Z",
        "value": "3.7056980071858288",
        "cumulative": false
    },
    {
        "date": "2021-02-22T10:47:04.224Z",
        "value": "3.2891840574120272",
        "cumulative": false
    },
    {
        "date": "2021-02-22T10:48:42.905Z",
        "value": "4.030535189059412",
        "cumulative": false
    },
    {
        "date": "2021-02-22T10:50:21.171Z",
        "value": "5.4607786066363975",
        "cumulative": false
    },
    {
        "date": "2021-02-22T10:51:54.887Z",
        "value": "3.557227788763388",
        "cumulative": false
    },
    {
        "date": "2021-02-22T10:53:28.835Z",
        "value": "3.506694655730694",
        "cumulative": false
    },
    {
        "date": "2021-02-22T10:55:05.789Z",
        "value": "3.396398236674647",
        "cumulative": false
    },
    {
        "date": "2021-02-22T10:56:38.750Z",
        "value": "3.1374486287434897",
        "cumulative": false
    },
    {
        "date": "2021-02-22T10:58:14.494Z",
        "value": "3.7278157881224723",
        "cumulative": false
    },
    {
        "date": "2021-02-22T10:59:56.835Z",
        "value": "3.464793009237448",
        "cumulative": false
    },
    {
        "date": "2021-02-22T11:01:34.237Z",
        "value": "3.036649018331291",
        "cumulative": false
    },
    {
        "date": "2021-02-22T11:03:11.363Z",
        "value": "5.035061222834901",
        "cumulative": false
    },
    {
        "date": "2021-02-22T11:04:47.788Z",
        "value": "3.066192895436217",
        "cumulative": false
    },
    {
        "date": "2021-02-22T11:06:07.708Z",
        "value": "3.1211575040802613",
        "cumulative": false
    },
    {
        "date": "2021-02-22T11:07:45.050Z",
        "value": "3.673137900651157",
        "cumulative": false
    },
    {
        "date": "2021-02-22T11:09:18.946Z",
        "value": "3.3060591313471144",
        "cumulative": false
    },
    {
        "date": "2021-02-22T11:10:54.637Z",
        "value": "3.3365956609005782",
        "cumulative": false
    },
    {
        "date": "2021-02-22T11:12:30.529Z",
        "value": "3.1524823945144127",
        "cumulative": false
    },
    {
        "date": "2021-02-22T11:14:05.806Z",
        "value": "4.791822604790419",
        "cumulative": false
    },
    {
        "date": "2021-02-22T11:15:42.292Z",
        "value": "3.411191444265609",
        "cumulative": false
    },
    {
        "date": "2021-02-22T11:17:18.598Z",
        "value": "3.319373097412481",
        "cumulative": false
    },
    {
        "date": "2021-02-22T11:18:53.626Z",
        "value": "3.119018292170699",
        "cumulative": false
    },
    {
        "date": "2021-02-22T11:20:27.136Z",
        "value": "2.9256048387096776",
        "cumulative": false
    },
    {
        "date": "2021-02-22T11:22:04.665Z",
        "value": "3.011036466395769",
        "cumulative": false
    },
    {
        "date": "2021-02-22T11:23:41.755Z",
        "value": "3.1246385761335786",
        "cumulative": false
    },
    {
        "date": "2021-02-22T11:25:16.089Z",
        "value": "2.8198295565460696",
        "cumulative": false
    },
    {
        "date": "2021-02-22T11:26:53.354Z",
        "value": "4.516154137436224",
        "cumulative": false
    },
    {
        "date": "2021-02-22T11:28:35.321Z",
        "value": "4.625475660789884",
        "cumulative": false
    },
    {
        "date": "2021-02-22T11:30:10.813Z",
        "value": "3.552390636297903",
        "cumulative": false
    },
    {
        "date": "2021-02-22T11:31:47.535Z",
        "value": "3.3315917724731383",
        "cumulative": false
    },
    {
        "date": "2021-02-22T11:33:22.680Z",
        "value": "4.7923363238987635",
        "cumulative": false
    },
    {
        "date": "2021-02-22T11:34:59.443Z",
        "value": "3.1757213245738636",
        "cumulative": false
    },
    {
        "date": "2021-02-22T11:36:32.063Z",
        "value": "3.01387759631096",
        "cumulative": false
    },
    {
        "date": "2021-02-22T11:38:09.201Z",
        "value": "3.101324898856027",
        "cumulative": false
    },
    {
        "date": "2021-02-22T11:39:45.790Z",
        "value": "2.927381562023628",
        "cumulative": false
    },
    {
        "date": "2021-02-22T11:41:21.035Z",
        "value": "3.2433493155596635",
        "cumulative": false
    },
    {
        "date": "2021-02-22T11:42:56.670Z",
        "value": "2.9420262637611483",
        "cumulative": false
    },
    {
        "date": "2021-02-22T11:44:32.636Z",
        "value": "3.2130582391913007",
        "cumulative": false
    },
    {
        "date": "2021-02-22T11:46:07.295Z",
        "value": "2.9039454956132014",
        "cumulative": false
    },
    {
        "date": "2021-02-22T11:47:44.013Z",
        "value": "3.079600076611309",
        "cumulative": false
    },
    {
        "date": "2021-02-22T11:49:16.849Z",
        "value": "2.920938730239868",
        "cumulative": false
    },
    {
        "date": "2021-02-22T11:50:59.860Z",
        "value": "3.03585779242836",
        "cumulative": false
    },
    {
        "date": "2021-02-22T11:52:32.712Z",
        "value": "2.874419981060606",
        "cumulative": false
    },
    {
        "date": "2021-02-22T11:54:09.583Z",
        "value": "3.1485946900066843",
        "cumulative": false
    },
    {
        "date": "2021-02-22T11:55:45.315Z",
        "value": "2.990513955393145",
        "cumulative": false
    },
    {
        "date": "2021-02-22T11:57:20.555Z",
        "value": "2.873482113792783",
        "cumulative": false
    },
    {
        "date": "2021-02-22T11:58:56.176Z",
        "value": "3.094702017881016",
        "cumulative": false
    },
    {
        "date": "2021-02-22T12:00:30.339Z",
        "value": "2.76951791458771",
        "cumulative": false
    },
    {
        "date": "2021-02-22T12:02:04.432Z",
        "value": "3.460691911900939",
        "cumulative": false
    },
    {
        "date": "2021-02-22T12:03:37.637Z",
        "value": "4.86923610679189",
        "cumulative": false
    },
    {
        "date": "2021-02-22T12:05:10.449Z",
        "value": "2.9907955708328204",
        "cumulative": false
    },
    {
        "date": "2021-02-22T12:06:44.330Z",
        "value": "3.017026839717742",
        "cumulative": false
    },
    {
        "date": "2021-02-22T12:08:24.557Z",
        "value": "2.9345154300812752",
        "cumulative": false
    },
    {
        "date": "2021-02-22T12:10:00.934Z",
        "value": "2.7231458028157554",
        "cumulative": false
    },
    {
        "date": "2021-02-22T12:11:36.207Z",
        "value": "3.2406915523887765",
        "cumulative": false
    },
    {
        "date": "2021-02-22T12:13:17.364Z",
        "value": "3.0042553885112397",
        "cumulative": false
    },
    {
        "date": "2021-02-22T12:14:56.365Z",
        "value": "2.6923695150803377",
        "cumulative": false
    },
    {
        "date": "2021-02-22T12:16:33.786Z",
        "value": "4.585575129743756",
        "cumulative": false
    },
    {
        "date": "2021-02-22T12:18:09.953Z",
        "value": "2.739000546034946",
        "cumulative": false
    },
    {
        "date": "2021-02-22T12:19:41.177Z",
        "value": "2.7835306459613416",
        "cumulative": false
    },
    {
        "date": "2021-02-22T12:21:17.414Z",
        "value": "3.2697673338917688",
        "cumulative": false
    },
    {
        "date": "2021-02-22T12:22:53.129Z",
        "value": "2.9578045877844064",
        "cumulative": false
    },
    {
        "date": "2021-02-22T12:24:29.417Z",
        "value": "2.9503372061965814",
        "cumulative": false
    },
    {
        "date": "2021-02-22T12:26:04.059Z",
        "value": "2.835101949757543",
        "cumulative": false
    },
    {
        "date": "2021-02-22T12:27:40.676Z",
        "value": "4.493693416737953",
        "cumulative": false
    },
    {
        "date": "2021-02-22T12:29:17.788Z",
        "value": "3.07130850894595",
        "cumulative": false
    },
    {
        "date": "2021-02-22T12:30:53.520Z",
        "value": "3.0591762316281392",
        "cumulative": false
    },
    {
        "date": "2021-02-22T12:32:29.296Z",
        "value": "2.8463399907594087",
        "cumulative": false
    },
    {
        "date": "2021-02-22T12:34:06.541Z",
        "value": "2.674906502016129",
        "cumulative": false
    },
    {
        "date": "2021-02-22T12:35:41.158Z",
        "value": "2.742119221249355",
        "cumulative": false
    },
    {
        "date": "2021-02-22T12:37:15.767Z",
        "value": "2.8469748104319854",
        "cumulative": false
    },
    {
        "date": "2021-02-22T12:38:52.488Z",
        "value": "2.6090905717237116",
        "cumulative": false
    },
    {
        "date": "2021-02-22T12:40:27.937Z",
        "value": "4.1472352319834185",
        "cumulative": false
    },
    {
        "date": "2021-02-22T12:42:07.904Z",
        "value": "4.319435160427807",
        "cumulative": false
    },
    {
        "date": "2021-02-22T12:43:48.213Z",
        "value": "3.269795338485177",
        "cumulative": false
    },
    {
        "date": "2021-02-22T12:45:24.846Z",
        "value": "3.0641554222888554",
        "cumulative": false
    },
    {
        "date": "2021-02-22T12:46:59.773Z",
        "value": "4.498274789895673",
        "cumulative": false
    },
    {
        "date": "2021-02-22T12:48:37.519Z",
        "value": "2.940350896661932",
        "cumulative": false
    },
    {
        "date": "2021-02-22T12:50:11.789Z",
        "value": "2.785722597332202",
        "cumulative": false
    },
    {
        "date": "2021-02-22T12:51:48.859Z",
        "value": "2.8876153855096724",
        "cumulative": false
    },
    {
        "date": "2021-02-22T12:53:25.990Z",
        "value": "2.718284544905996",
        "cumulative": false
    },
    {
        "date": "2021-02-22T12:55:03.802Z",
        "value": "3.0239658696137175",
        "cumulative": false
    },
    {
        "date": "2021-02-22T12:56:38.942Z",
        "value": "2.766189762315357",
        "cumulative": false
    },
    {
        "date": "2021-02-22T12:58:13.400Z",
        "value": "3.0292162472327124",
        "cumulative": false
    },
    {
        "date": "2021-02-22T12:59:52.764Z",
        "value": "2.681382039465349",
        "cumulative": false
    },
    {
        "date": "2021-02-22T13:01:25.189Z",
        "value": "2.8395616062013973",
        "cumulative": false
    },
    {
        "date": "2021-02-22T13:02:59.590Z",
        "value": "2.751011371612549",
        "cumulative": false
    },
    {
        "date": "2021-02-22T13:04:42.657Z",
        "value": "2.857196069046443",
        "cumulative": false
    },
    {
        "date": "2021-02-22T13:06:18.134Z",
        "value": "2.6925376815025253",
        "cumulative": false
    },
    {
        "date": "2021-02-22T13:07:56.659Z",
        "value": "2.9464277134859627",
        "cumulative": false
    },
    {
        "date": "2021-02-22T13:09:31.480Z",
        "value": "2.8220603696761595",
        "cumulative": false
    },
    {
        "date": "2021-02-22T13:11:08.377Z",
        "value": "2.715906294565352",
        "cumulative": false
    },
    {
        "date": "2021-02-22T13:12:44.970Z",
        "value": "2.903869171958556",
        "cumulative": false
    },
    {
        "date": "2021-02-22T13:14:21.747Z",
        "value": "2.61305044478729",
        "cumulative": false
    },
    {
        "date": "2021-02-22T13:16:01.409Z",
        "value": "3.298852249567688",
        "cumulative": false
    },
    {
        "date": "2021-02-22T13:17:36.598Z",
        "value": "4.644662932267695",
        "cumulative": false
    },
    {
        "date": "2021-02-22T13:19:11.144Z",
        "value": "2.8110207897328574",
        "cumulative": false
    },
    {
        "date": "2021-02-22T13:20:47.063Z",
        "value": "2.8783831256109482",
        "cumulative": false
    },
    {
        "date": "2021-02-22T13:22:22.010Z",
        "value": "2.7828194402879283",
        "cumulative": false
    },
    {
        "date": "2021-02-22T13:23:57.356Z",
        "value": "2.596541341145833",
        "cumulative": false
    },
    {
        "date": "2021-02-22T13:25:33.836Z",
        "value": "3.096798672111982",
        "cumulative": false
    }
]