[
    {
        "date": "2021-02-22T09:51:40.312Z",
        "value": "11.192543889078665",
        "cumulative": false
    },
    {
        "date": "2021-02-22T09:53:13.737Z",
        "value": "8.7961181640625",
        "cumulative": false
    },
    {
        "date": "2021-02-22T09:54:52.086Z",
        "value": "8.156697744693396",
        "cumulative": false
    },
    {
        "date": "2021-02-22T09:56:30.425Z",
        "value": "8.445298021682728",
        "cumulative": false
    },
    {
        "date": "2021-02-22T09:58:06.303Z",
        "value": "7.6542983224740615",
        "cumulative": false
    },
    {
        "date": "2021-02-22T09:59:44.828Z",
        "value": "7.2831541218638",
        "cumulative": false
    },
    {
        "date": "2021-02-22T10:01:21.088Z",
        "value": "6.938386556739632",
        "cumulative": false
    },
    {
        "date": "2021-02-22T10:02:58.486Z",
        "value": "6.649934323069404",
        "cumulative": false
    },
    {
        "date": "2021-02-22T10:04:35.763Z",
        "value": "6.579654997463217",
        "cumulative": false
    },
    {
        "date": "2021-02-22T10:06:15.437Z",
        "value": "6.30186134353427",
        "cumulative": false
    },
    {
        "date": "2021-02-22T10:07:54.830Z",
        "value": "6.272818946084486",
        "cumulative": false
    },
    {
        "date": "2021-02-22T10:09:32.005Z",
        "value": "5.46364249170354",
        "cumulative": false
    },
    {
        "date": "2021-02-22T10:11:12.109Z",
        "value": "5.688356429811508",
        "cumulative": false
    },
    {
        "date": "2021-02-22T10:12:49.752Z",
        "value": "5.4150727702785995",
        "cumulative": false
    },
    {
        "date": "2021-02-22T10:14:30.726Z",
        "value": "5.512400428921569",
        "cumulative": false
    },
    {
        "date": "2021-02-22T10:16:07.853Z",
        "value": "4.294164178354085",
        "cumulative": false
    },
    {
        "date": "2021-02-22T10:17:44.070Z",
        "value": "4.938308074444037",
        "cumulative": false
    },
    {
        "date": "2021-02-22T10:19:23.357Z",
        "value": "5.0346266233766235",
        "cumulative": false
    },
    {
        "date": "2021-02-22T10:20:57.327Z",
        "value": "4.243541485261868",
        "cumulative": false
    },
    {
        "date": "2021-02-22T10:22:33.478Z",
        "value": "6.213626671984293",
        "cumulative": false
    },
    {
        "date": "2021-02-22T10:24:11.505Z",
        "value": "4.320276885405655",
        "cumulative": false
    },
    {
        "date": "2021-02-22T10:25:49.475Z",
        "value": "4.167875744047619",
        "cumulative": false
    },
    {
        "date": "2021-02-22T10:27:27.699Z",
        "value": "4.090501203440657",
        "cumulative": false
    },
    {
        "date": "2021-02-22T10:29:04.468Z",
        "value": "4.361352563501001",
        "cumulative": false
    },
    {
        "date": "2021-02-22T10:30:45.556Z",
        "value": "5.710930755118402",
        "cumulative": false
    },
    {
        "date": "2021-02-22T10:32:21.860Z",
        "value": "3.925143372778799",
        "cumulative": false
    },
    {
        "date": "2021-02-22T10:33:58.676Z",
        "value": "3.754396546858875",
        "cumulative": false
    },
    {
        "date": "2021-02-22T10:35:37.518Z",
        "value": "4.504198063054734",
        "cumulative": false
    },
    {
        "date": "2021-02-22T10:37:20.439Z",
        "value": "3.520006153681507",
        "cumulative": false
    },
    {
        "date": "2021-02-22T10:38:59.746Z",
        "value": "3.6855086069258434",
        "cumulative": false
    },
    {
        "date": "2021-02-22T10:40:37.673Z",
        "value": "3.514614208036587",
        "cumulative": false
    },
    {
        "date": "2021-02-22T10:42:13.252Z",
        "value": "3.7398224413964303",
        "cumulative": false
    },
    {
        "date": "2021-02-22T10:43:49.309Z",
        "value": "3.55189847946167",
        "cumulative": false
    },
    {
        "date": "2021-02-22T10:45:26.985Z",
        "value": "3.8786310308883594",
        "cumulative": false
    },
    {
        "date": "2021-02-22T10:47:04.211Z",
        "value": "3.299077754612659",
        "cumulative": false
    },
    {
        "date": "2021-02-22T10:48:42.902Z",
        "value": "4.0725007422078345",
        "cumulative": false
    },
    {
        "date": "2021-02-22T10:50:21.175Z",
        "value": "3.621897536057692",
        "cumulative": false
    },
    {
        "date": "2021-02-22T10:51:54.894Z",
        "value": "3.3411765420500195",
        "cumulative": false
    },
    {
        "date": "2021-02-22T10:53:28.831Z",
        "value": "3.290697568031928",
        "cumulative": false
    },
    {
        "date": "2021-02-22T10:55:05.794Z",
        "value": "4.284407784598215",
        "cumulative": false
    },
    {
        "date": "2021-02-22T10:56:38.746Z",
        "value": "5.2104235841373265",
        "cumulative": false
    },
    {
        "date": "2021-02-22T10:58:14.510Z",
        "value": "3.557541809605489",
        "cumulative": false
    },
    {
        "date": "2021-02-22T10:59:56.838Z",
        "value": "3.7870984839684017",
        "cumulative": false
    },
    {
        "date": "2021-02-22T11:01:34.244Z",
        "value": "4.833985246930804",
        "cumulative": false
    },
    {
        "date": "2021-02-22T11:03:11.358Z",
        "value": "2.903673862524462",
        "cumulative": false
    },
    {
        "date": "2021-02-22T11:04:47.794Z",
        "value": "3.4299985672055984",
        "cumulative": false
    },
    {
        "date": "2021-02-22T11:06:07.705Z",
        "value": "5.004798366435682",
        "cumulative": false
    },
    {
        "date": "2021-02-22T11:07:45.051Z",
        "value": "3.1050262451171875",
        "cumulative": false
    },
    {
        "date": "2021-02-22T11:09:18.956Z",
        "value": "3.7267682537342766",
        "cumulative": false
    },
    {
        "date": "2021-02-22T11:10:54.638Z",
        "value": "5.285117158543366",
        "cumulative": false
    },
    {
        "date": "2021-02-22T11:12:30.536Z",
        "value": "3.0296739419929595",
        "cumulative": false
    },
    {
        "date": "2021-02-22T11:14:05.803Z",
        "value": "2.991741721470174",
        "cumulative": false
    },
    {
        "date": "2021-02-22T11:15:42.299Z",
        "value": "2.892601626504096",
        "cumulative": false
    },
    {
        "date": "2021-02-22T11:17:18.620Z",
        "value": "2.990139868951613",
        "cumulative": false
    },
    {
        "date": "2021-02-22T11:18:53.625Z",
        "value": "3.2154462360476916",
        "cumulative": false
    },
    {
        "date": "2021-02-22T11:20:27.148Z",
        "value": "2.987407977764423",
        "cumulative": false
    },
    {
        "date": "2021-02-22T11:22:04.674Z",
        "value": "3.0060099123023716",
        "cumulative": false
    },
    {
        "date": "2021-02-22T11:23:41.753Z",
        "value": "2.9177733757703854",
        "cumulative": false
    },
    {
        "date": "2021-02-22T11:25:16.093Z",
        "value": "3.1440604073660716",
        "cumulative": false
    },
    {
        "date": "2021-02-22T11:26:53.362Z",
        "value": "2.9861085428994083",
        "cumulative": false
    },
    {
        "date": "2021-02-22T11:28:35.322Z",
        "value": "3.3802968941482843",
        "cumulative": false
    },
    {
        "date": "2021-02-22T11:30:10.808Z",
        "value": "2.618377463538752",
        "cumulative": false
    },
    {
        "date": "2021-02-22T11:31:47.540Z",
        "value": "3.2088483435667157",
        "cumulative": false
    },
    {
        "date": "2021-02-22T11:33:22.687Z",
        "value": "3.169534293831169",
        "cumulative": false
    },
    {
        "date": "2021-02-22T11:34:59.435Z",
        "value": "2.85054461751806",
        "cumulative": false
    },
    {
        "date": "2021-02-22T11:36:32.057Z",
        "value": "5.136688071389128",
        "cumulative": false
    },
    {
        "date": "2021-02-22T11:38:09.202Z",
        "value": "2.99037734953092",
        "cumulative": false
    },
    {
        "date": "2021-02-22T11:39:45.779Z",
        "value": "3.0583348349919395",
        "cumulative": false
    },
    {
        "date": "2021-02-22T11:41:21.033Z",
        "value": "3.097207425820707",
        "cumulative": false
    },
    {
        "date": "2021-02-22T11:42:56.681Z",
        "value": "3.3352568877471223",
        "cumulative": false
    },
    {
        "date": "2021-02-22T11:44:32.630Z",
        "value": "4.91265281974593",
        "cumulative": false
    },
    {
        "date": "2021-02-22T11:46:07.300Z",
        "value": "3.187812117034314",
        "cumulative": false
    },
    {
        "date": "2021-02-22T11:47:44.012Z",
        "value": "2.8810173483455883",
        "cumulative": false
    },
    {
        "date": "2021-02-22T11:49:16.860Z",
        "value": "3.8002419255424065",
        "cumulative": false
    },
    {
        "date": "2021-02-22T11:50:59.854Z",
        "value": "2.8636751450722984",
        "cumulative": false
    },
    {
        "date": "2021-02-22T11:52:32.710Z",
        "value": "3.0214732336619545",
        "cumulative": false
    },
    {
        "date": "2021-02-22T11:54:09.592Z",
        "value": "2.948034492389331",
        "cumulative": false
    },
    {
        "date": "2021-02-22T11:55:45.318Z",
        "value": "3.0821323922197084",
        "cumulative": false
    },
    {
        "date": "2021-02-22T11:57:20.545Z",
        "value": "2.973548412322998",
        "cumulative": false
    },
    {
        "date": "2021-02-22T11:58:56.171Z",
        "value": "3.423959086751191",
        "cumulative": false
    },
    {
        "date": "2021-02-22T12:00:30.329Z",
        "value": "2.7915571255651273",
        "cumulative": false
    },
    {
        "date": "2021-02-22T12:02:04.442Z",
        "value": "3.5601096840838107",
        "cumulative": false
    },
    {
        "date": "2021-02-22T12:03:37.642Z",
        "value": "3.0423099459134617",
        "cumulative": false
    },
    {
        "date": "2021-02-22T12:05:10.460Z",
        "value": "2.8324939055008422",
        "cumulative": false
    },
    {
        "date": "2021-02-22T12:06:44.333Z",
        "value": "2.835774258043639",
        "cumulative": false
    },
    {
        "date": "2021-02-22T12:08:24.554Z",
        "value": "3.7227957589285716",
        "cumulative": false
    },
    {
        "date": "2021-02-22T12:10:00.930Z",
        "value": "4.759090926888861",
        "cumulative": false
    },
    {
        "date": "2021-02-22T12:11:36.219Z",
        "value": "3.051216208369068",
        "cumulative": false
    },
    {
        "date": "2021-02-22T12:13:17.771Z",
        "value": "3.2611337061231054",
        "cumulative": false
    },
    {
        "date": "2021-02-22T12:14:56.374Z",
        "value": "4.3411185128348215",
        "cumulative": false
    },
    {
        "date": "2021-02-22T12:16:33.786Z",
        "value": "2.609517853320695",
        "cumulative": false
    },
    {
        "date": "2021-02-22T12:18:09.947Z",
        "value": "3.0262012849903477",
        "cumulative": false
    },
    {
        "date": "2021-02-22T12:19:41.176Z",
        "value": "4.575869546652352",
        "cumulative": false
    },
    {
        "date": "2021-02-22T12:21:17.412Z",
        "value": "2.7901985168457033",
        "cumulative": false
    },
    {
        "date": "2021-02-22T12:22:53.131Z",
        "value": "3.3508236291273583",
        "cumulative": false
    },
    {
        "date": "2021-02-22T12:24:29.418Z",
        "value": "4.873879860853719",
        "cumulative": false
    },
    {
        "date": "2021-02-22T12:26:04.070Z",
        "value": "2.7084878913969863",
        "cumulative": false
    },
    {
        "date": "2021-02-22T12:27:40.679Z",
        "value": "2.702162438396057",
        "cumulative": false
    },
    {
        "date": "2021-02-22T12:29:17.803Z",
        "value": "2.6472979270673322",
        "cumulative": false
    },
    {
        "date": "2021-02-22T12:30:53.507Z",
        "value": "2.71534730495479",
        "cumulative": false
    },
    {
        "date": "2021-02-22T12:32:29.302Z",
        "value": "2.9262821656202433",
        "cumulative": false
    },
    {
        "date": "2021-02-22T12:34:06.530Z",
        "value": "2.7283552722818047",
        "cumulative": false
    },
    {
        "date": "2021-02-22T12:35:41.163Z",
        "value": "2.7306265246726777",
        "cumulative": false
    },
    {
        "date": "2021-02-22T12:37:15.769Z",
        "value": "2.719121303630689",
        "cumulative": false
    },
    {
        "date": "2021-02-22T12:38:52.488Z",
        "value": "2.863656422448537",
        "cumulative": false
    },
    {
        "date": "2021-02-22T12:40:27.948Z",
        "value": "2.7395118246887327",
        "cumulative": false
    },
    {
        "date": "2021-02-22T12:42:07.898Z",
        "value": "3.0775304457720587",
        "cumulative": false
    },
    {
        "date": "2021-02-22T12:43:48.221Z",
        "value": "2.4641852397523785",
        "cumulative": false
    },
    {
        "date": "2021-02-22T12:45:24.832Z",
        "value": "2.973032126328812",
        "cumulative": false
    },
    {
        "date": "2021-02-22T12:46:59.777Z",
        "value": "2.921330661525974",
        "cumulative": false
    },
    {
        "date": "2021-02-22T12:48:37.517Z",
        "value": "2.6598312330688856",
        "cumulative": false
    },
    {
        "date": "2021-02-22T12:50:11.781Z",
        "value": "4.859571055497607",
        "cumulative": false
    },
    {
        "date": "2021-02-22T12:51:48.868Z",
        "value": "2.7799363892375792",
        "cumulative": false
    },
    {
        "date": "2021-02-22T12:53:25.996Z",
        "value": "2.846404060484871",
        "cumulative": false
    },
    {
        "date": "2021-02-22T12:55:03.828Z",
        "value": "2.9010241575915403",
        "cumulative": false
    },
    {
        "date": "2021-02-22T12:56:38.944Z",
        "value": "3.1155300808621122",
        "cumulative": false
    },
    {
        "date": "2021-02-22T12:58:13.403Z",
        "value": "4.636763555284904",
        "cumulative": false
    },
    {
        "date": "2021-02-22T12:59:52.775Z",
        "value": "3.0064895929074753",
        "cumulative": false
    },
    {
        "date": "2021-02-22T13:01:25.182Z",
        "value": "2.6881611197110424",
        "cumulative": false
    },
    {
        "date": "2021-02-22T13:02:59.585Z",
        "value": "3.591285720614522",
        "cumulative": false
    },
    {
        "date": "2021-02-22T13:04:42.661Z",
        "value": "2.7063584078513445",
        "cumulative": false
    },
    {
        "date": "2021-02-22T13:06:18.132Z",
        "value": "2.8157464890252974",
        "cumulative": false
    },
    {
        "date": "2021-02-22T13:07:56.669Z",
        "value": "2.804805598467393",
        "cumulative": false
    },
    {
        "date": "2021-02-22T13:09:31.471Z",
        "value": "2.8981885723039214",
        "cumulative": false
    },
    {
        "date": "2021-02-22T13:11:08.375Z",
        "value": "2.8199732303619385",
        "cumulative": false
    },
    {
        "date": "2021-02-22T13:12:44.992Z",
        "value": "3.269230769230769",
        "cumulative": false
    },
    {
        "date": "2021-02-22T13:14:21.742Z",
        "value": "2.650553624068304",
        "cumulative": false
    },
    {
        "date": "2021-02-22T13:16:01.415Z",
        "value": "3.388163513469547",
        "cumulative": false
    },
    {
        "date": "2021-02-22T13:17:36.599Z",
        "value": "2.854444110576923",
        "cumulative": false
    },
    {
        "date": "2021-02-22T13:19:11.142Z",
        "value": "2.7017046374886613",
        "cumulative": false
    },
    {
        "date": "2021-02-22T13:20:47.068Z",
        "value": "2.7031926563270465",
        "cumulative": false
    },
    {
        "date": "2021-02-22T13:22:22.009Z",
        "value": "3.544410923549107",
        "cumulative": false
    },
    {
        "date": "2021-02-22T13:23:57.360Z",
        "value": "4.575413482019797",
        "cumulative": false
    },
    {
        "date": "2021-02-22T13:25:33.838Z",
        "value": "2.894499423777873",
        "cumulative": false
    }
]