[
    {
        "date": "2021-02-22T09:51:40.312Z",
        "value": "11.17454044117647",
        "cumulative": false
    },
    {
        "date": "2021-02-22T09:53:13.741Z",
        "value": "9.063069154732254",
        "cumulative": false
    },
    {
        "date": "2021-02-22T09:54:52.088Z",
        "value": "8.133585532350782",
        "cumulative": false
    },
    {
        "date": "2021-02-22T09:56:30.425Z",
        "value": "7.8613137637867645",
        "cumulative": false
    },
    {
        "date": "2021-02-22T09:58:06.298Z",
        "value": "7.53320986655572",
        "cumulative": false
    },
    {
        "date": "2021-02-22T09:59:44.830Z",
        "value": "7.463072524240365",
        "cumulative": false
    },
    {
        "date": "2021-02-22T10:01:21.088Z",
        "value": "7.263281842454499",
        "cumulative": false
    },
    {
        "date": "2021-02-22T10:02:58.486Z",
        "value": "6.877971041932398",
        "cumulative": false
    },
    {
        "date": "2021-02-22T10:04:35.762Z",
        "value": "6.638588197769657",
        "cumulative": false
    },
    {
        "date": "2021-02-22T10:06:15.436Z",
        "value": "6.435855626578283",
        "cumulative": false
    },
    {
        "date": "2021-02-22T10:07:54.823Z",
        "value": "6.171181779566819",
        "cumulative": false
    },
    {
        "date": "2021-02-22T10:09:32.005Z",
        "value": "6.251577845982143",
        "cumulative": false
    },
    {
        "date": "2021-02-22T10:11:12.104Z",
        "value": "5.8000207149621215",
        "cumulative": false
    },
    {
        "date": "2021-02-22T10:12:49.751Z",
        "value": "6.682818711113032",
        "cumulative": false
    },
    {
        "date": "2021-02-22T10:14:30.724Z",
        "value": "6.638767240012682",
        "cumulative": false
    },
    {
        "date": "2021-02-22T10:16:07.843Z",
        "value": "5.235453067272167",
        "cumulative": false
    },
    {
        "date": "2021-02-22T10:17:44.062Z",
        "value": "5.016915675844806",
        "cumulative": false
    },
    {
        "date": "2021-02-22T10:19:23.333Z",
        "value": "5.202254198823381",
        "cumulative": false
    },
    {
        "date": "2021-02-22T10:20:57.326Z",
        "value": "4.392068386077881",
        "cumulative": false
    },
    {
        "date": "2021-02-22T10:22:33.476Z",
        "value": "4.057510120913225",
        "cumulative": false
    },
    {
        "date": "2021-02-22T10:24:11.503Z",
        "value": "6.1576756926059",
        "cumulative": false
    },
    {
        "date": "2021-02-22T10:25:49.476Z",
        "value": "3.934013171073718",
        "cumulative": false
    },
    {
        "date": "2021-02-22T10:27:27.693Z",
        "value": "4.186997658652502",
        "cumulative": false
    },
    {
        "date": "2021-02-22T10:29:04.468Z",
        "value": "5.917018030190086",
        "cumulative": false
    },
    {
        "date": "2021-02-22T10:30:45.555Z",
        "value": "3.5013171183864857",
        "cumulative": false
    },
    {
        "date": "2021-02-22T10:32:21.856Z",
        "value": "4.591276749320652",
        "cumulative": false
    },
    {
        "date": "2021-02-22T10:33:58.675Z",
        "value": "3.847567361498636",
        "cumulative": false
    },
    {
        "date": "2021-02-22T10:35:37.517Z",
        "value": "3.4932905955981184",
        "cumulative": false
    },
    {
        "date": "2021-02-22T10:37:20.438Z",
        "value": "3.677595420558426",
        "cumulative": false
    },
    {
        "date": "2021-02-22T10:38:59.745Z",
        "value": "3.567399088541667",
        "cumulative": false
    },
    {
        "date": "2021-02-22T10:40:37.673Z",
        "value": "3.6907344528331256",
        "cumulative": false
    },
    {
        "date": "2021-02-22T10:42:13.250Z",
        "value": "3.5336797805059526",
        "cumulative": false
    },
    {
        "date": "2021-02-22T10:43:49.308Z",
        "value": "2.6914605803283966",
        "cumulative": false
    },
    {
        "date": "2021-02-22T10:45:26.984Z",
        "value": "3.522921232796003",
        "cumulative": false
    },
    {
        "date": "2021-02-22T10:47:04.210Z",
        "value": "3.2823294771634615",
        "cumulative": false
    },
    {
        "date": "2021-02-22T10:48:42.901Z",
        "value": "3.5516711038256448",
        "cumulative": false
    },
    {
        "date": "2021-02-22T10:50:21.172Z",
        "value": "3.3211421928932445",
        "cumulative": false
    },
    {
        "date": "2021-02-22T10:51:54.892Z",
        "value": "3.461581143465909",
        "cumulative": false
    },
    {
        "date": "2021-02-22T10:53:28.830Z",
        "value": "3.343163716901542",
        "cumulative": false
    },
    {
        "date": "2021-02-22T10:55:05.789Z",
        "value": "3.389283364747232",
        "cumulative": false
    },
    {
        "date": "2021-02-22T10:56:38.745Z",
        "value": "4.81380859375",
        "cumulative": false
    },
    {
        "date": "2021-02-22T10:58:14.506Z",
        "value": "2.9018125490510847",
        "cumulative": false
    },
    {
        "date": "2021-02-22T10:59:56.835Z",
        "value": "2.8421400610840357",
        "cumulative": false
    },
    {
        "date": "2021-02-22T11:01:34.243Z",
        "value": "3.4614756594422045",
        "cumulative": false
    },
    {
        "date": "2021-02-22T11:03:11.356Z",
        "value": "3.2448207662563133",
        "cumulative": false
    },
    {
        "date": "2021-02-22T11:04:47.781Z",
        "value": "2.8150311638327206",
        "cumulative": false
    },
    {
        "date": "2021-02-22T11:06:07.707Z",
        "value": "3.5561537798713236",
        "cumulative": false
    },
    {
        "date": "2021-02-22T11:07:45.053Z",
        "value": "3.1285178140566625",
        "cumulative": false
    },
    {
        "date": "2021-02-22T11:09:18.955Z",
        "value": "3.174865603213674",
        "cumulative": false
    },
    {
        "date": "2021-02-22T11:10:54.634Z",
        "value": "3.1679658777573527",
        "cumulative": false
    },
    {
        "date": "2021-02-22T11:12:30.537Z",
        "value": "3.1369946722448225",
        "cumulative": false
    },
    {
        "date": "2021-02-22T11:14:05.804Z",
        "value": "3.176532006546443",
        "cumulative": false
    },
    {
        "date": "2021-02-22T11:15:42.298Z",
        "value": "3.8535965937815977",
        "cumulative": false
    },
    {
        "date": "2021-02-22T11:17:18.617Z",
        "value": "3.0919560646524236",
        "cumulative": false
    },
    {
        "date": "2021-02-22T11:18:53.624Z",
        "value": "3.35906244093372",
        "cumulative": false
    },
    {
        "date": "2021-02-22T11:20:27.147Z",
        "value": "3.069071081912879",
        "cumulative": false
    },
    {
        "date": "2021-02-22T11:22:04.675Z",
        "value": "3.1102619946487553",
        "cumulative": false
    },
    {
        "date": "2021-02-22T11:23:41.755Z",
        "value": "4.200710100446429",
        "cumulative": false
    },
    {
        "date": "2021-02-22T11:25:16.092Z",
        "value": "3.2805410057607323",
        "cumulative": false
    },
    {
        "date": "2021-02-22T11:26:53.362Z",
        "value": "5.1153079631870035",
        "cumulative": false
    },
    {
        "date": "2021-02-22T11:28:35.321Z",
        "value": "5.097537848763475",
        "cumulative": false
    },
    {
        "date": "2021-02-22T11:30:10.809Z",
        "value": "2.9928047067426107",
        "cumulative": false
    },
    {
        "date": "2021-02-22T11:31:47.540Z",
        "value": "3.0648745502190238",
        "cumulative": false
    },
    {
        "date": "2021-02-22T11:33:22.686Z",
        "value": "3.232088282040739",
        "cumulative": false
    },
    {
        "date": "2021-02-22T11:34:59.436Z",
        "value": "2.8987221717834473",
        "cumulative": false
    },
    {
        "date": "2021-02-22T11:36:32.058Z",
        "value": "2.825319183259587",
        "cumulative": false
    },
    {
        "date": "2021-02-22T11:38:09.202Z",
        "value": "5.0668243546709535",
        "cumulative": false
    },
    {
        "date": "2021-02-22T11:39:45.779Z",
        "value": "2.9071269030448716",
        "cumulative": false
    },
    {
        "date": "2021-02-22T11:41:21.033Z",
        "value": "3.106742895146072",
        "cumulative": false
    },
    {
        "date": "2021-02-22T11:42:56.679Z",
        "value": "5.083462425456578",
        "cumulative": false
    },
    {
        "date": "2021-02-22T11:44:32.628Z",
        "value": "2.7567108840420333",
        "cumulative": false
    },
    {
        "date": "2021-02-22T11:46:07.307Z",
        "value": "3.783666316699605",
        "cumulative": false
    },
    {
        "date": "2021-02-22T11:47:44.014Z",
        "value": "2.9119127061631946",
        "cumulative": false
    },
    {
        "date": "2021-02-22T11:49:16.859Z",
        "value": "2.881669501848118",
        "cumulative": false
    },
    {
        "date": "2021-02-22T11:50:59.854Z",
        "value": "3.0071894044780074",
        "cumulative": false
    },
    {
        "date": "2021-02-22T11:52:32.710Z",
        "value": "2.9365939670138888",
        "cumulative": false
    },
    {
        "date": "2021-02-22T11:54:09.592Z",
        "value": "3.024393388075965",
        "cumulative": false
    },
    {
        "date": "2021-02-22T11:55:45.318Z",
        "value": "2.9318343874007935",
        "cumulative": false
    },
    {
        "date": "2021-02-22T11:57:20.547Z",
        "value": "2.3503186876207343",
        "cumulative": false
    },
    {
        "date": "2021-02-22T11:58:56.171Z",
        "value": "2.947005895707642",
        "cumulative": false
    },
    {
        "date": "2021-02-22T12:00:30.329Z",
        "value": "2.7849186197916667",
        "cumulative": false
    },
    {
        "date": "2021-02-22T12:02:04.442Z",
        "value": "3.0459502689422124",
        "cumulative": false
    },
    {
        "date": "2021-02-22T12:03:37.643Z",
        "value": "2.787541316105769",
        "cumulative": false
    },
    {
        "date": "2021-02-22T12:05:10.461Z",
        "value": "2.9085924955224804",
        "cumulative": false
    },
    {
        "date": "2021-02-22T12:06:44.332Z",
        "value": "2.8479663011880687",
        "cumulative": false
    },
    {
        "date": "2021-02-22T12:08:24.566Z",
        "value": "2.9500666976252914",
        "cumulative": false
    },
    {
        "date": "2021-02-22T12:10:00.931Z",
        "value": "4.317161175271739",
        "cumulative": false
    },
    {
        "date": "2021-02-22T12:11:36.219Z",
        "value": "2.5569968027611303",
        "cumulative": false
    },
    {
        "date": "2021-02-22T12:13:17.774Z",
        "value": "2.524918293927819",
        "cumulative": false
    },
    {
        "date": "2021-02-22T12:14:56.372Z",
        "value": "3.074967579175067",
        "cumulative": false
    },
    {
        "date": "2021-02-22T12:16:33.782Z",
        "value": "2.8365924873737374",
        "cumulative": false
    },
    {
        "date": "2021-02-22T12:18:09.948Z",
        "value": "2.536285280713848",
        "cumulative": false
    },
    {
        "date": "2021-02-22T12:19:41.173Z",
        "value": "3.1465355966605393",
        "cumulative": false
    },
    {
        "date": "2021-02-22T12:21:17.413Z",
        "value": "2.746464187033001",
        "cumulative": false
    },
    {
        "date": "2021-02-22T12:22:53.131Z",
        "value": "2.802544222419276",
        "cumulative": false
    },
    {
        "date": "2021-02-22T12:24:29.417Z",
        "value": "2.8164040958180148",
        "cumulative": false
    },
    {
        "date": "2021-02-22T12:26:04.068Z",
        "value": "2.8162054479474854",
        "cumulative": false
    },
    {
        "date": "2021-02-22T12:27:40.679Z",
        "value": "2.827009962481472",
        "cumulative": false
    },
    {
        "date": "2021-02-22T12:29:17.801Z",
        "value": "3.455764137939206",
        "cumulative": false
    },
    {
        "date": "2021-02-22T12:30:53.507Z",
        "value": "2.7957168267697705",
        "cumulative": false
    },
    {
        "date": "2021-02-22T12:32:29.301Z",
        "value": "3.071627216954385",
        "cumulative": false
    },
    {
        "date": "2021-02-22T12:34:06.532Z",
        "value": "2.7632679332386365",
        "cumulative": false
    },
    {
        "date": "2021-02-22T12:35:41.162Z",
        "value": "2.838019394293064",
        "cumulative": false
    },
    {
        "date": "2021-02-22T12:37:15.769Z",
        "value": "3.8963131277901786",
        "cumulative": false
    },
    {
        "date": "2021-02-22T12:38:52.488Z",
        "value": "2.98279449771149",
        "cumulative": false
    },
    {
        "date": "2021-02-22T12:40:27.951Z",
        "value": "4.808541765684411",
        "cumulative": false
    },
    {
        "date": "2021-02-22T12:42:07.900Z",
        "value": "4.779430881420419",
        "cumulative": false
    },
    {
        "date": "2021-02-22T12:43:48.213Z",
        "value": "2.7442688288947044",
        "cumulative": false
    },
    {
        "date": "2021-02-22T12:45:24.833Z",
        "value": "2.8215442643147686",
        "cumulative": false
    },
    {
        "date": "2021-02-22T12:46:59.776Z",
        "value": "2.9525391119211792",
        "cumulative": false
    },
    {
        "date": "2021-02-22T12:48:37.518Z",
        "value": "2.715986728668213",
        "cumulative": false
    },
    {
        "date": "2021-02-22T12:50:11.782Z",
        "value": "2.6344669908431664",
        "cumulative": false
    },
    {
        "date": "2021-02-22T12:51:48.868Z",
        "value": "4.776133265569844",
        "cumulative": false
    },
    {
        "date": "2021-02-22T12:53:25.996Z",
        "value": "2.721924829727564",
        "cumulative": false
    },
    {
        "date": "2021-02-22T12:55:03.806Z",
        "value": "2.886690356793402",
        "cumulative": false
    },
    {
        "date": "2021-02-22T12:56:38.944Z",
        "value": "4.832417070443533",
        "cumulative": false
    },
    {
        "date": "2021-02-22T12:58:13.403Z",
        "value": "2.591595930321359",
        "cumulative": false
    },
    {
        "date": "2021-02-22T12:59:52.774Z",
        "value": "3.546585022696393",
        "cumulative": false
    },
    {
        "date": "2021-02-22T13:01:25.181Z",
        "value": "2.7161063542441717",
        "cumulative": false
    },
    {
        "date": "2021-02-22T13:02:59.587Z",
        "value": "2.7206705729166667",
        "cumulative": false
    },
    {
        "date": "2021-02-22T13:04:42.667Z",
        "value": "2.819641792527822",
        "cumulative": false
    },
    {
        "date": "2021-02-22T13:06:18.132Z",
        "value": "2.754631273674242",
        "cumulative": false
    },
    {
        "date": "2021-02-22T13:07:56.669Z",
        "value": "2.8491037029109587",
        "cumulative": false
    },
    {
        "date": "2021-02-22T13:09:31.472Z",
        "value": "2.7680262005518355",
        "cumulative": false
    },
    {
        "date": "2021-02-22T13:11:08.376Z",
        "value": "2.2682275736477786",
        "cumulative": false
    },
    {
        "date": "2021-02-22T13:12:44.991Z",
        "value": "2.7638616394073656",
        "cumulative": false
    },
    {
        "date": "2021-02-22T13:14:21.742Z",
        "value": "2.6452018229166665",
        "cumulative": false
    },
    {
        "date": "2021-02-22T13:16:01.417Z",
        "value": "2.8938530815972223",
        "cumulative": false
    },
    {
        "date": "2021-02-22T13:17:36.598Z",
        "value": "2.634906956900271",
        "cumulative": false
    },
    {
        "date": "2021-02-22T13:19:11.142Z",
        "value": "2.757867504014328",
        "cumulative": false
    },
    {
        "date": "2021-02-22T13:20:47.062Z",
        "value": "2.7155169264250505",
        "cumulative": false
    },
    {
        "date": "2021-02-22T13:22:22.008Z",
        "value": "2.8082571318655303",
        "cumulative": false
    },
    {
        "date": "2021-02-22T13:23:57.360Z",
        "value": "4.134669242527174",
        "cumulative": false
    },
    {
        "date": "2021-02-22T13:25:33.836Z",
        "value": "2.475850701876427",
        "cumulative": false
    }
]