[
    {
        "date": "2021-02-22T09:51:40.300Z",
        "value": "11.155419447230365",
        "cumulative": false
    },
    {
        "date": "2021-02-22T09:53:13.728Z",
        "value": "8.976841377576672",
        "cumulative": false
    },
    {
        "date": "2021-02-22T09:54:52.093Z",
        "value": "8.056895297181372",
        "cumulative": false
    },
    {
        "date": "2021-02-22T09:56:30.430Z",
        "value": "7.857943665747549",
        "cumulative": false
    },
    {
        "date": "2021-02-22T09:58:06.307Z",
        "value": "7.549313681189751",
        "cumulative": false
    },
    {
        "date": "2021-02-22T09:59:44.832Z",
        "value": "7.3528319328061995",
        "cumulative": false
    },
    {
        "date": "2021-02-22T10:01:21.092Z",
        "value": "6.98338855326417",
        "cumulative": false
    },
    {
        "date": "2021-02-22T10:02:58.490Z",
        "value": "6.8608214086415815",
        "cumulative": false
    },
    {
        "date": "2021-02-22T10:04:35.769Z",
        "value": "6.616077053931452",
        "cumulative": false
    },
    {
        "date": "2021-02-22T10:06:15.442Z",
        "value": "6.4869781757356675",
        "cumulative": false
    },
    {
        "date": "2021-02-22T10:07:54.828Z",
        "value": "6.313168658088236",
        "cumulative": false
    },
    {
        "date": "2021-02-22T10:09:32.014Z",
        "value": "6.03207746145096",
        "cumulative": false
    },
    {
        "date": "2021-02-22T10:11:12.101Z",
        "value": "5.8636696555397725",
        "cumulative": false
    },
    {
        "date": "2021-02-22T10:12:49.752Z",
        "value": "5.128358459472656",
        "cumulative": false
    },
    {
        "date": "2021-02-22T10:14:30.723Z",
        "value": "5.5547798904718135",
        "cumulative": false
    },
    {
        "date": "2021-02-22T10:16:07.848Z",
        "value": "5.315659658040666",
        "cumulative": false
    },
    {
        "date": "2021-02-22T10:17:44.075Z",
        "value": "5.2615613042091836",
        "cumulative": false
    },
    {
        "date": "2021-02-22T10:19:23.359Z",
        "value": "5.226621822570148",
        "cumulative": false
    },
    {
        "date": "2021-02-22T10:20:57.332Z",
        "value": "3.545417240687779",
        "cumulative": false
    },
    {
        "date": "2021-02-22T10:22:33.482Z",
        "value": "4.6575315549924925",
        "cumulative": false
    },
    {
        "date": "2021-02-22T10:24:11.504Z",
        "value": "4.544741883569834",
        "cumulative": false
    },
    {
        "date": "2021-02-22T10:25:49.483Z",
        "value": "3.9471476578912816",
        "cumulative": false
    },
    {
        "date": "2021-02-22T10:27:27.697Z",
        "value": "3.895022173930145",
        "cumulative": false
    },
    {
        "date": "2021-02-22T10:29:04.473Z",
        "value": "3.8302665150316457",
        "cumulative": false
    },
    {
        "date": "2021-02-22T10:30:45.559Z",
        "value": "4.498172564647911",
        "cumulative": false
    },
    {
        "date": "2021-02-22T10:32:21.863Z",
        "value": "3.8763803610703813",
        "cumulative": false
    },
    {
        "date": "2021-02-22T10:33:58.683Z",
        "value": "4.11095785407428",
        "cumulative": false
    },
    {
        "date": "2021-02-22T10:35:37.524Z",
        "value": "3.651025390625",
        "cumulative": false
    },
    {
        "date": "2021-02-22T10:37:20.443Z",
        "value": "4.210551183363971",
        "cumulative": false
    },
    {
        "date": "2021-02-22T10:38:59.753Z",
        "value": "3.7035755742913",
        "cumulative": false
    },
    {
        "date": "2021-02-22T10:40:37.682Z",
        "value": "3.567829341077829",
        "cumulative": false
    },
    {
        "date": "2021-02-22T10:42:13.263Z",
        "value": "3.4599766885080645",
        "cumulative": false
    },
    {
        "date": "2021-02-22T10:43:49.318Z",
        "value": "4.1120736170296714",
        "cumulative": false
    },
    {
        "date": "2021-02-22T10:45:26.991Z",
        "value": "3.7285566730816226",
        "cumulative": false
    },
    {
        "date": "2021-02-22T10:47:04.230Z",
        "value": "3.799892597235812",
        "cumulative": false
    },
    {
        "date": "2021-02-22T10:48:42.909Z",
        "value": "3.523532786432002",
        "cumulative": false
    },
    {
        "date": "2021-02-22T10:50:21.178Z",
        "value": "3.7946255207061768",
        "cumulative": false
    },
    {
        "date": "2021-02-22T10:51:54.891Z",
        "value": "3.811803029293006",
        "cumulative": false
    },
    {
        "date": "2021-02-22T10:53:28.839Z",
        "value": "3.677682821926848",
        "cumulative": false
    },
    {
        "date": "2021-02-22T10:55:05.798Z",
        "value": "3.6565982879154264",
        "cumulative": false
    },
    {
        "date": "2021-02-22T10:56:38.751Z",
        "value": "5.21646519045858",
        "cumulative": false
    },
    {
        "date": "2021-02-22T10:58:14.494Z",
        "value": "4.520086954251097",
        "cumulative": false
    },
    {
        "date": "2021-02-22T10:59:56.844Z",
        "value": "5.4583471537781145",
        "cumulative": false
    },
    {
        "date": "2021-02-22T11:01:34.239Z",
        "value": "2.9193684895833334",
        "cumulative": false
    },
    {
        "date": "2021-02-22T11:03:11.359Z",
        "value": "3.2260513305664062",
        "cumulative": false
    },
    {
        "date": "2021-02-22T11:04:47.779Z",
        "value": "3.132215872318787",
        "cumulative": false
    },
    {
        "date": "2021-02-22T11:06:07.722Z",
        "value": "3.8270895212930105",
        "cumulative": false
    },
    {
        "date": "2021-02-22T11:07:45.060Z",
        "value": "3.5386579311211666",
        "cumulative": false
    },
    {
        "date": "2021-02-22T11:09:18.959Z",
        "value": "3.2426461014093135",
        "cumulative": false
    },
    {
        "date": "2021-02-22T11:10:54.639Z",
        "value": "3.292913698682598",
        "cumulative": false
    },
    {
        "date": "2021-02-22T11:12:30.528Z",
        "value": "3.238762099267504",
        "cumulative": false
    },
    {
        "date": "2021-02-22T11:14:05.808Z",
        "value": "3.066591324344758",
        "cumulative": false
    },
    {
        "date": "2021-02-22T11:15:42.294Z",
        "value": "3.5328947368421053",
        "cumulative": false
    },
    {
        "date": "2021-02-22T11:17:18.607Z",
        "value": "3.050281758211097",
        "cumulative": false
    },
    {
        "date": "2021-02-22T11:18:53.628Z",
        "value": "2.9002188405682965",
        "cumulative": false
    },
    {
        "date": "2021-02-22T11:20:27.151Z",
        "value": "3.137049225488331",
        "cumulative": false
    },
    {
        "date": "2021-02-22T11:22:04.667Z",
        "value": "3.479292279411765",
        "cumulative": false
    },
    {
        "date": "2021-02-22T11:23:41.763Z",
        "value": "3.296443989351618",
        "cumulative": false
    },
    {
        "date": "2021-02-22T11:25:16.093Z",
        "value": "3.205571713654891",
        "cumulative": false
    },
    {
        "date": "2021-02-22T11:26:53.365Z",
        "value": "3.186198933919271",
        "cumulative": false
    },
    {
        "date": "2021-02-22T11:28:35.322Z",
        "value": "3.5577900007659315",
        "cumulative": false
    },
    {
        "date": "2021-02-22T11:30:10.817Z",
        "value": "3.1450617105668517",
        "cumulative": false
    },
    {
        "date": "2021-02-22T11:31:47.541Z",
        "value": "3.415493463010204",
        "cumulative": false
    },
    {
        "date": "2021-02-22T11:33:22.687Z",
        "value": "3.459204150997975",
        "cumulative": false
    },
    {
        "date": "2021-02-22T11:34:59.444Z",
        "value": "2.4579165322440013",
        "cumulative": false
    },
    {
        "date": "2021-02-22T11:36:32.062Z",
        "value": "3.170971264232983",
        "cumulative": false
    },
    {
        "date": "2021-02-22T11:38:09.204Z",
        "value": "3.3845068483936545",
        "cumulative": false
    },
    {
        "date": "2021-02-22T11:39:45.792Z",
        "value": "2.820371227104123",
        "cumulative": false
    },
    {
        "date": "2021-02-22T11:41:21.035Z",
        "value": "2.919273127753304",
        "cumulative": false
    },
    {
        "date": "2021-02-22T11:42:56.674Z",
        "value": "2.978772250791139",
        "cumulative": false
    },
    {
        "date": "2021-02-22T11:44:32.635Z",
        "value": "3.6572338011708223",
        "cumulative": false
    },
    {
        "date": "2021-02-22T11:46:07.311Z",
        "value": "3.127140991568915",
        "cumulative": false
    },
    {
        "date": "2021-02-22T11:47:44.003Z",
        "value": "3.1897416548295454",
        "cumulative": false
    },
    {
        "date": "2021-02-22T11:49:16.852Z",
        "value": "2.9597120715725804",
        "cumulative": false
    },
    {
        "date": "2021-02-22T11:50:59.859Z",
        "value": "3.546207203584559",
        "cumulative": false
    },
    {
        "date": "2021-02-22T11:52:32.712Z",
        "value": "3.054588698222141",
        "cumulative": false
    },
    {
        "date": "2021-02-22T11:54:09.595Z",
        "value": "2.971939204109063",
        "cumulative": false
    },
    {
        "date": "2021-02-22T11:55:45.322Z",
        "value": "2.9181601486131474",
        "cumulative": false
    },
    {
        "date": "2021-02-22T11:57:20.552Z",
        "value": "3.4701773595328285",
        "cumulative": false
    },
    {
        "date": "2021-02-22T11:58:56.176Z",
        "value": "3.1422034419293743",
        "cumulative": false
    },
    {
        "date": "2021-02-22T12:00:30.335Z",
        "value": "3.1996272436093443",
        "cumulative": false
    },
    {
        "date": "2021-02-22T12:02:04.434Z",
        "value": "2.995745189269464",
        "cumulative": false
    },
    {
        "date": "2021-02-22T12:03:37.651Z",
        "value": "3.1977994441986084",
        "cumulative": false
    },
    {
        "date": "2021-02-22T12:05:10.463Z",
        "value": "3.2950733515541675",
        "cumulative": false
    },
    {
        "date": "2021-02-22T12:06:44.329Z",
        "value": "3.1110382003362242",
        "cumulative": false
    },
    {
        "date": "2021-02-22T12:08:24.558Z",
        "value": "3.160702175564236",
        "cumulative": false
    },
    {
        "date": "2021-02-22T12:10:00.936Z",
        "value": "4.694895294008876",
        "cumulative": false
    },
    {
        "date": "2021-02-22T12:11:36.222Z",
        "value": "4.036506750052225",
        "cumulative": false
    },
    {
        "date": "2021-02-22T12:13:17.771Z",
        "value": "5.015421642026788",
        "cumulative": false
    },
    {
        "date": "2021-02-22T12:14:56.375Z",
        "value": "2.6137867647058823",
        "cumulative": false
    },
    {
        "date": "2021-02-22T12:16:33.782Z",
        "value": "2.8577178955078124",
        "cumulative": false
    },
    {
        "date": "2021-02-22T12:18:09.950Z",
        "value": "2.786881125184911",
        "cumulative": false
    },
    {
        "date": "2021-02-22T12:19:41.175Z",
        "value": "3.406201782132387",
        "cumulative": false
    },
    {
        "date": "2021-02-22T12:21:17.414Z",
        "value": "3.13732560331825",
        "cumulative": false
    },
    {
        "date": "2021-02-22T12:22:53.132Z",
        "value": "2.889797794117647",
        "cumulative": false
    },
    {
        "date": "2021-02-22T12:24:29.417Z",
        "value": "2.9005450080422794",
        "cumulative": false
    },
    {
        "date": "2021-02-22T12:26:04.057Z",
        "value": "2.9309598554033487",
        "cumulative": false
    },
    {
        "date": "2021-02-22T12:27:40.679Z",
        "value": "2.7701627669795865",
        "cumulative": false
    },
    {
        "date": "2021-02-22T12:29:17.803Z",
        "value": "3.2087596733721324",
        "cumulative": false
    },
    {
        "date": "2021-02-22T12:30:53.514Z",
        "value": "2.7510248923788265",
        "cumulative": false
    },
    {
        "date": "2021-02-22T12:32:29.296Z",
        "value": "2.6439802108272428",
        "cumulative": false
    },
    {
        "date": "2021-02-22T12:34:06.531Z",
        "value": "2.845501222808853",
        "cumulative": false
    },
    {
        "date": "2021-02-22T12:35:41.156Z",
        "value": "3.1925689338235292",
        "cumulative": false
    },
    {
        "date": "2021-02-22T12:37:15.768Z",
        "value": "2.994776773018832",
        "cumulative": false
    },
    {
        "date": "2021-02-22T12:38:52.491Z",
        "value": "2.9298327298974804",
        "cumulative": false
    },
    {
        "date": "2021-02-22T12:40:27.938Z",
        "value": "2.9411946614583333",
        "cumulative": false
    },
    {
        "date": "2021-02-22T12:42:07.909Z",
        "value": "3.3036233340992647",
        "cumulative": false
    },
    {
        "date": "2021-02-22T12:43:48.214Z",
        "value": "2.8866956446395564",
        "cumulative": false
    },
    {
        "date": "2021-02-22T12:45:24.847Z",
        "value": "3.152819575095663",
        "cumulative": false
    },
    {
        "date": "2021-02-22T12:46:59.775Z",
        "value": "3.2142640837431298",
        "cumulative": false
    },
    {
        "date": "2021-02-22T12:48:37.521Z",
        "value": "2.313373020717076",
        "cumulative": false
    },
    {
        "date": "2021-02-22T12:50:11.785Z",
        "value": "2.93383984570508",
        "cumulative": false
    },
    {
        "date": "2021-02-22T12:51:48.861Z",
        "value": "3.1673325519172515",
        "cumulative": false
    },
    {
        "date": "2021-02-22T12:53:25.990Z",
        "value": "2.6405524245831145",
        "cumulative": false
    },
    {
        "date": "2021-02-22T12:55:03.800Z",
        "value": "2.719984070169918",
        "cumulative": false
    },
    {
        "date": "2021-02-22T12:56:38.945Z",
        "value": "2.7844115901898734",
        "cumulative": false
    },
    {
        "date": "2021-02-22T12:58:13.404Z",
        "value": "3.4144382528217654",
        "cumulative": false
    },
    {
        "date": "2021-02-22T12:59:52.772Z",
        "value": "2.954945816532258",
        "cumulative": false
    },
    {
        "date": "2021-02-22T13:01:25.188Z",
        "value": "2.9875780600401884",
        "cumulative": false
    },
    {
        "date": "2021-02-22T13:02:59.590Z",
        "value": "2.8000451528897847",
        "cumulative": false
    },
    {
        "date": "2021-02-22T13:04:42.668Z",
        "value": "3.3345968807444852",
        "cumulative": false
    },
    {
        "date": "2021-02-22T13:06:18.138Z",
        "value": "2.8834809632361926",
        "cumulative": false
    },
    {
        "date": "2021-02-22T13:07:56.669Z",
        "value": "2.813535566276242",
        "cumulative": false
    },
    {
        "date": "2021-02-22T13:09:31.500Z",
        "value": "2.7486482771260996",
        "cumulative": false
    },
    {
        "date": "2021-02-22T13:11:08.375Z",
        "value": "3.280978486032197",
        "cumulative": false
    },
    {
        "date": "2021-02-22T13:12:44.993Z",
        "value": "2.9672001962671066",
        "cumulative": false
    },
    {
        "date": "2021-02-22T13:14:21.745Z",
        "value": "2.9958861588032044",
        "cumulative": false
    },
    {
        "date": "2021-02-22T13:16:01.412Z",
        "value": "2.8422565209491912",
        "cumulative": false
    },
    {
        "date": "2021-02-22T13:17:36.599Z",
        "value": "3.040682554244995",
        "cumulative": false
    },
    {
        "date": "2021-02-22T13:19:11.146Z",
        "value": "3.1318881656635686",
        "cumulative": false
    },
    {
        "date": "2021-02-22T13:20:47.062Z",
        "value": "2.9700037216409",
        "cumulative": false
    },
    {
        "date": "2021-02-22T13:22:22.010Z",
        "value": "3.0129820808531744",
        "cumulative": false
    },
    {
        "date": "2021-02-22T13:23:57.357Z",
        "value": "4.463930750739645",
        "cumulative": false
    },
    {
        "date": "2021-02-22T13:25:33.837Z",
        "value": "3.883788450490913",
        "cumulative": false
    }
]