[
    {
        "date": "2021-02-22T09:51:40.303Z",
        "value": "11.163478422619047",
        "cumulative": false
    },
    {
        "date": "2021-02-22T09:53:13.739Z",
        "value": "9.24173507984342",
        "cumulative": false
    },
    {
        "date": "2021-02-22T09:54:52.091Z",
        "value": "8.121919090152087",
        "cumulative": false
    },
    {
        "date": "2021-02-22T09:56:30.427Z",
        "value": "7.663305832104228",
        "cumulative": false
    },
    {
        "date": "2021-02-22T09:58:06.301Z",
        "value": "7.675067901611328",
        "cumulative": false
    },
    {
        "date": "2021-02-22T09:59:44.832Z",
        "value": "7.68459727872288",
        "cumulative": false
    },
    {
        "date": "2021-02-22T10:01:21.091Z",
        "value": "7.028671022445437",
        "cumulative": false
    },
    {
        "date": "2021-02-22T10:02:58.490Z",
        "value": "6.632686969238758",
        "cumulative": false
    },
    {
        "date": "2021-02-22T10:04:35.765Z",
        "value": "6.696308791035354",
        "cumulative": false
    },
    {
        "date": "2021-02-22T10:06:15.439Z",
        "value": "6.4354118502869895",
        "cumulative": false
    },
    {
        "date": "2021-02-22T10:07:54.820Z",
        "value": "6.325018765802781",
        "cumulative": false
    },
    {
        "date": "2021-02-22T10:09:32.014Z",
        "value": "5.791314712875639",
        "cumulative": false
    },
    {
        "date": "2021-02-22T10:11:12.108Z",
        "value": "5.185299873352051",
        "cumulative": false
    },
    {
        "date": "2021-02-22T10:12:49.754Z",
        "value": "5.534028297902855",
        "cumulative": false
    },
    {
        "date": "2021-02-22T10:14:30.729Z",
        "value": "5.613341331481934",
        "cumulative": false
    },
    {
        "date": "2021-02-22T10:16:07.847Z",
        "value": "5.525860479409957",
        "cumulative": false
    },
    {
        "date": "2021-02-22T10:17:44.067Z",
        "value": "4.831231478987069",
        "cumulative": false
    },
    {
        "date": "2021-02-22T10:19:23.345Z",
        "value": "4.921596847538123",
        "cumulative": false
    },
    {
        "date": "2021-02-22T10:20:57.332Z",
        "value": "4.5323762214589784",
        "cumulative": false
    },
    {
        "date": "2021-02-22T10:22:33.480Z",
        "value": "5.794091197630131",
        "cumulative": false
    },
    {
        "date": "2021-02-22T10:24:11.505Z",
        "value": "4.200305017931708",
        "cumulative": false
    },
    {
        "date": "2021-02-22T10:25:49.480Z",
        "value": "5.007841272473468",
        "cumulative": false
    },
    {
        "date": "2021-02-22T10:27:27.697Z",
        "value": "4.1982770469467106",
        "cumulative": false
    },
    {
        "date": "2021-02-22T10:29:04.476Z",
        "value": "3.7591745871735793",
        "cumulative": false
    },
    {
        "date": "2021-02-22T10:30:45.560Z",
        "value": "5.82174793507342",
        "cumulative": false
    },
    {
        "date": "2021-02-22T10:32:21.862Z",
        "value": "3.899096971489044",
        "cumulative": false
    },
    {
        "date": "2021-02-22T10:33:58.681Z",
        "value": "3.508813715916054",
        "cumulative": false
    },
    {
        "date": "2021-02-22T10:35:37.523Z",
        "value": "3.8226342513318112",
        "cumulative": false
    },
    {
        "date": "2021-02-22T10:37:20.444Z",
        "value": "4.036823162342768",
        "cumulative": false
    },
    {
        "date": "2021-02-22T10:38:59.751Z",
        "value": "3.5221242948431923",
        "cumulative": false
    },
    {
        "date": "2021-02-22T10:40:37.683Z",
        "value": "5.531354009670937",
        "cumulative": false
    },
    {
        "date": "2021-02-22T10:42:13.257Z",
        "value": "3.622743629184165",
        "cumulative": false
    },
    {
        "date": "2021-02-22T10:43:49.318Z",
        "value": "3.3680886661305145",
        "cumulative": false
    },
    {
        "date": "2021-02-22T10:45:26.992Z",
        "value": "5.865769897227533",
        "cumulative": false
    },
    {
        "date": "2021-02-22T10:47:04.231Z",
        "value": "5.220997779187817",
        "cumulative": false
    },
    {
        "date": "2021-02-22T10:48:42.910Z",
        "value": "3.62949888939951",
        "cumulative": false
    },
    {
        "date": "2021-02-22T10:50:21.182Z",
        "value": "3.5608624773663835",
        "cumulative": false
    },
    {
        "date": "2021-02-22T10:51:54.899Z",
        "value": "3.254504322300296",
        "cumulative": false
    },
    {
        "date": "2021-02-22T10:53:28.846Z",
        "value": "3.3412671593146595",
        "cumulative": false
    },
    {
        "date": "2021-02-22T10:55:05.796Z",
        "value": "3.3204970911730003",
        "cumulative": false
    },
    {
        "date": "2021-02-22T10:56:38.751Z",
        "value": "4.928230463724499",
        "cumulative": false
    },
    {
        "date": "2021-02-22T10:58:14.506Z",
        "value": "3.2002914328069507",
        "cumulative": false
    },
    {
        "date": "2021-02-22T10:59:56.841Z",
        "value": "3.6464044480096724",
        "cumulative": false
    },
    {
        "date": "2021-02-22T11:01:34.249Z",
        "value": "3.4079977368551586",
        "cumulative": false
    },
    {
        "date": "2021-02-22T11:03:11.360Z",
        "value": "3.0935170292075163",
        "cumulative": false
    },
    {
        "date": "2021-02-22T11:04:47.777Z",
        "value": "3.0023216485855095",
        "cumulative": false
    },
    {
        "date": "2021-02-22T11:06:07.711Z",
        "value": "3.834178447420635",
        "cumulative": false
    },
    {
        "date": "2021-02-22T11:07:45.056Z",
        "value": "4.600821734808003",
        "cumulative": false
    },
    {
        "date": "2021-02-22T11:09:18.960Z",
        "value": "3.246947321596908",
        "cumulative": false
    },
    {
        "date": "2021-02-22T11:10:54.637Z",
        "value": "3.026587082104228",
        "cumulative": false
    },
    {
        "date": "2021-02-22T11:12:30.535Z",
        "value": "3.298948287963867",
        "cumulative": false
    },
    {
        "date": "2021-02-22T11:14:05.807Z",
        "value": "4.473184017504931",
        "cumulative": false
    },
    {
        "date": "2021-02-22T11:15:42.302Z",
        "value": "3.1765618702721974",
        "cumulative": false
    },
    {
        "date": "2021-02-22T11:17:18.621Z",
        "value": "3.0492510157013686",
        "cumulative": false
    },
    {
        "date": "2021-02-22T11:18:53.629Z",
        "value": "3.4511156486742425",
        "cumulative": false
    },
    {
        "date": "2021-02-22T11:20:27.152Z",
        "value": "3.2168780891262756",
        "cumulative": false
    },
    {
        "date": "2021-02-22T11:22:04.678Z",
        "value": "3.0252884007585337",
        "cumulative": false
    },
    {
        "date": "2021-02-22T11:23:41.761Z",
        "value": "3.4121187410086318",
        "cumulative": false
    },
    {
        "date": "2021-02-22T11:25:16.097Z",
        "value": "2.906374216079712",
        "cumulative": false
    },
    {
        "date": "2021-02-22T11:26:53.366Z",
        "value": "2.9774723315591536",
        "cumulative": false
    },
    {
        "date": "2021-02-22T11:28:35.325Z",
        "value": "3.526261806488037",
        "cumulative": false
    },
    {
        "date": "2021-02-22T11:30:10.813Z",
        "value": "3.352681315304241",
        "cumulative": false
    },
    {
        "date": "2021-02-22T11:31:47.541Z",
        "value": "2.9287297556414806",
        "cumulative": false
    },
    {
        "date": "2021-02-22T11:33:22.689Z",
        "value": "3.000589117827604",
        "cumulative": false
    },
    {
        "date": "2021-02-22T11:34:59.439Z",
        "value": "3.2004402089783284",
        "cumulative": false
    },
    {
        "date": "2021-02-22T11:36:32.060Z",
        "value": "4.560725408643673",
        "cumulative": false
    },
    {
        "date": "2021-02-22T11:38:09.203Z",
        "value": "3.046142578125",
        "cumulative": false
    },
    {
        "date": "2021-02-22T11:39:45.784Z",
        "value": "3.831046798273404",
        "cumulative": false
    },
    {
        "date": "2021-02-22T11:41:21.035Z",
        "value": "3.234595859494518",
        "cumulative": false
    },
    {
        "date": "2021-02-22T11:42:56.680Z",
        "value": "2.9113075054985336",
        "cumulative": false
    },
    {
        "date": "2021-02-22T11:44:32.634Z",
        "value": "5.08728981302887",
        "cumulative": false
    },
    {
        "date": "2021-02-22T11:46:07.310Z",
        "value": "3.048952626992032",
        "cumulative": false
    },
    {
        "date": "2021-02-22T11:47:44.015Z",
        "value": "2.7578223134957107",
        "cumulative": false
    },
    {
        "date": "2021-02-22T11:49:16.860Z",
        "value": "3.115199196949518",
        "cumulative": false
    },
    {
        "date": "2021-02-22T11:50:59.856Z",
        "value": "3.3306717398781447",
        "cumulative": false
    },
    {
        "date": "2021-02-22T11:52:32.712Z",
        "value": "2.9015297819193013",
        "cumulative": false
    },
    {
        "date": "2021-02-22T11:54:09.595Z",
        "value": "4.887846175584024",
        "cumulative": false
    },
    {
        "date": "2021-02-22T11:55:45.320Z",
        "value": "3.022328976114748",
        "cumulative": false
    },
    {
        "date": "2021-02-22T11:57:20.548Z",
        "value": "2.8316711938681722",
        "cumulative": false
    },
    {
        "date": "2021-02-22T11:58:56.173Z",
        "value": "5.265214208891013",
        "cumulative": false
    },
    {
        "date": "2021-02-22T12:00:30.333Z",
        "value": "4.599509041878172",
        "cumulative": false
    },
    {
        "date": "2021-02-22T12:02:04.444Z",
        "value": "3.065598671109069",
        "cumulative": false
    },
    {
        "date": "2021-02-22T12:03:37.646Z",
        "value": "2.9291845849463036",
        "cumulative": false
    },
    {
        "date": "2021-02-22T12:05:10.464Z",
        "value": "2.787330642489522",
        "cumulative": false
    },
    {
        "date": "2021-02-22T12:06:44.334Z",
        "value": "2.8528675606580283",
        "cumulative": false
    },
    {
        "date": "2021-02-22T12:08:24.564Z",
        "value": "2.817279965381272",
        "cumulative": false
    },
    {
        "date": "2021-02-22T12:10:00.935Z",
        "value": "4.2530382742142985",
        "cumulative": false
    },
    {
        "date": "2021-02-22T12:11:36.219Z",
        "value": "2.793876938261035",
        "cumulative": false
    },
    {
        "date": "2021-02-22T12:13:17.772Z",
        "value": "3.1997918023003473",
        "cumulative": false
    },
    {
        "date": "2021-02-22T12:14:56.372Z",
        "value": "2.979520525251116",
        "cumulative": false
    },
    {
        "date": "2021-02-22T12:16:33.782Z",
        "value": "2.7573571963507626",
        "cumulative": false
    },
    {
        "date": "2021-02-22T12:18:09.949Z",
        "value": "2.674334907434076",
        "cumulative": false
    },
    {
        "date": "2021-02-22T12:19:41.174Z",
        "value": "3.4178695436507938",
        "cumulative": false
    },
    {
        "date": "2021-02-22T12:21:17.413Z",
        "value": "4.107440078600721",
        "cumulative": false
    },
    {
        "date": "2021-02-22T12:22:53.132Z",
        "value": "2.876967363467823",
        "cumulative": false
    },
    {
        "date": "2021-02-22T12:24:29.417Z",
        "value": "2.7385640402224682",
        "cumulative": false
    },
    {
        "date": "2021-02-22T12:26:04.068Z",
        "value": "2.955114092145647",
        "cumulative": false
    },
    {
        "date": "2021-02-22T12:27:40.679Z",
        "value": "4.092059795673077",
        "cumulative": false
    },
    {
        "date": "2021-02-22T12:29:17.802Z",
        "value": "2.866513449048239",
        "cumulative": false
    },
    {
        "date": "2021-02-22T12:30:53.510Z",
        "value": "2.7832852211632453",
        "cumulative": false
    },
    {
        "date": "2021-02-22T12:32:29.302Z",
        "value": "3.1636649700126265",
        "cumulative": false
    },
    {
        "date": "2021-02-22T12:34:06.530Z",
        "value": "2.906857362085459",
        "cumulative": false
    },
    {
        "date": "2021-02-22T12:35:41.157Z",
        "value": "2.6993903583280656",
        "cumulative": false
    },
    {
        "date": "2021-02-22T12:37:15.768Z",
        "value": "3.152037793718031",
        "cumulative": false
    },
    {
        "date": "2021-02-22T12:38:52.489Z",
        "value": "2.7014453411102295",
        "cumulative": false
    },
    {
        "date": "2021-02-22T12:40:27.951Z",
        "value": "2.712833853901071",
        "cumulative": false
    },
    {
        "date": "2021-02-22T12:42:07.910Z",
        "value": "3.261481523513794",
        "cumulative": false
    },
    {
        "date": "2021-02-22T12:43:48.214Z",
        "value": "3.071155212814997",
        "cumulative": false
    },
    {
        "date": "2021-02-22T12:45:24.837Z",
        "value": "2.6982575391417343",
        "cumulative": false
    },
    {
        "date": "2021-02-22T12:46:59.775Z",
        "value": "2.7812843273455674",
        "cumulative": false
    },
    {
        "date": "2021-02-22T12:48:37.519Z",
        "value": "2.9837871980617905",
        "cumulative": false
    },
    {
        "date": "2021-02-22T12:50:11.781Z",
        "value": "4.298712408749471",
        "cumulative": false
    },
    {
        "date": "2021-02-22T12:51:48.869Z",
        "value": "2.8533041066136855",
        "cumulative": false
    },
    {
        "date": "2021-02-22T12:53:25.998Z",
        "value": "3.5793216873910976",
        "cumulative": false
    },
    {
        "date": "2021-02-22T12:55:03.800Z",
        "value": "3.021601403142529",
        "cumulative": false
    },
    {
        "date": "2021-02-22T12:56:38.943Z",
        "value": "2.747468928920542",
        "cumulative": false
    },
    {
        "date": "2021-02-22T12:58:13.403Z",
        "value": "4.817106225111996",
        "cumulative": false
    },
    {
        "date": "2021-02-22T12:59:52.774Z",
        "value": "2.8546303068974104",
        "cumulative": false
    },
    {
        "date": "2021-02-22T13:01:25.185Z",
        "value": "2.5821155024509803",
        "cumulative": false
    },
    {
        "date": "2021-02-22T13:02:59.588Z",
        "value": "2.9303229345034247",
        "cumulative": false
    },
    {
        "date": "2021-02-22T13:04:42.667Z",
        "value": "3.1595015231918238",
        "cumulative": false
    },
    {
        "date": "2021-02-22T13:06:18.138Z",
        "value": "2.7198122171404897",
        "cumulative": false
    },
    {
        "date": "2021-02-22T13:07:56.670Z",
        "value": "4.642608052310977",
        "cumulative": false
    },
    {
        "date": "2021-02-22T13:09:31.482Z",
        "value": "2.8296460539927124",
        "cumulative": false
    },
    {
        "date": "2021-02-22T13:11:08.375Z",
        "value": "2.682288418297006",
        "cumulative": false
    },
    {
        "date": "2021-02-22T13:12:44.993Z",
        "value": "5.05158540471638",
        "cumulative": false
    },
    {
        "date": "2021-02-22T13:14:21.744Z",
        "value": "4.386141735406091",
        "cumulative": false
    },
    {
        "date": "2021-02-22T13:16:01.415Z",
        "value": "2.9004990521599265",
        "cumulative": false
    },
    {
        "date": "2021-02-22T13:17:36.599Z",
        "value": "2.7606124344405596",
        "cumulative": false
    },
    {
        "date": "2021-02-22T13:19:11.143Z",
        "value": "2.6564589882273175",
        "cumulative": false
    },
    {
        "date": "2021-02-22T13:20:47.062Z",
        "value": "2.720592467765498",
        "cumulative": false
    },
    {
        "date": "2021-02-22T13:22:22.009Z",
        "value": "2.648726151111525",
        "cumulative": false
    },
    {
        "date": "2021-02-22T13:23:57.361Z",
        "value": "4.051901936684433",
        "cumulative": false
    },
    {
        "date": "2021-02-22T13:25:33.838Z",
        "value": "2.675876874841451",
        "cumulative": false
    }
]