[
    {
        "date": "2020-12-08T11:26:30.576Z",
        "value": "45.3125",
        "cumulative": false
    },
    {
        "date": "2020-12-08T11:26:33.028Z",
        "value": "85.15625",
        "cumulative": false
    },
    {
        "date": "2020-12-08T11:26:35.541Z",
        "value": "88.28125",
        "cumulative": false
    },
    {
        "date": "2020-12-08T11:26:38.068Z",
        "value": "94.53125",
        "cumulative": false
    },
    {
        "date": "2020-12-08T11:26:40.635Z",
        "value": "93.75",
        "cumulative": false
    },
    {
        "date": "2020-12-08T11:26:43.122Z",
        "value": "92.96875",
        "cumulative": false
    },
    {
        "date": "2020-12-08T11:26:45.591Z",
        "value": "98.4375",
        "cumulative": false
    },
    {
        "date": "2020-12-08T11:26:48.089Z",
        "value": "99.21875",
        "cumulative": false
    },
    {
        "date": "2020-12-08T11:26:50.633Z",
        "value": "94.53125",
        "cumulative": false
    },
    {
        "date": "2020-12-08T11:26:53.110Z",
        "value": "98.4375",
        "cumulative": false
    },
    {
        "date": "2020-12-08T11:26:55.631Z",
        "value": "96.09375",
        "cumulative": false
    },
    {
        "date": "2020-12-08T11:26:58.252Z",
        "value": "96.09375",
        "cumulative": false
    },
    {
        "date": "2020-12-08T11:27:00.705Z",
        "value": "99.21875",
        "cumulative": false
    },
    {
        "date": "2020-12-08T11:27:03.190Z",
        "value": "99.21875",
        "cumulative": false
    },
    {
        "date": "2020-12-08T11:27:05.711Z",
        "value": "97.65625",
        "cumulative": false
    },
    {
        "date": "2020-12-08T11:27:08.196Z",
        "value": "98.4375",
        "cumulative": false
    },
    {
        "date": "2020-12-08T11:27:10.738Z",
        "value": "99.21875",
        "cumulative": false
    },
    {
        "date": "2020-12-08T11:27:13.124Z",
        "value": "97.65625",
        "cumulative": false
    },
    {
        "date": "2020-12-08T11:27:15.727Z",
        "value": "99.21875",
        "cumulative": false
    },
    {
        "date": "2020-12-08T11:27:18.140Z",
        "value": "99.21875",
        "cumulative": false
    },
    {
        "date": "2020-12-08T11:27:20.638Z",
        "value": "98.4375",
        "cumulative": false
    },
    {
        "date": "2020-12-08T11:27:23.201Z",
        "value": "99.21875",
        "cumulative": false
    },
    {
        "date": "2020-12-08T11:27:25.612Z",
        "value": "98.4375",
        "cumulative": false
    },
    {
        "date": "2020-12-08T11:27:28.119Z",
        "value": "99.21875",
        "cumulative": false
    }
]