[
    {
        "date": "2020-12-08T11:26:32.356Z",
        "value": "4.252240180969238",
        "cumulative": false
    },
    {
        "date": "2020-12-08T11:26:34.820Z",
        "value": "1.8798809051513672",
        "cumulative": false
    },
    {
        "date": "2020-12-08T11:26:37.332Z",
        "value": "1.917792797088623",
        "cumulative": false
    },
    {
        "date": "2020-12-08T11:26:39.894Z",
        "value": "1.9201931953430176",
        "cumulative": false
    },
    {
        "date": "2020-12-08T11:26:42.445Z",
        "value": "1.914625883102417",
        "cumulative": false
    },
    {
        "date": "2020-12-08T11:26:44.931Z",
        "value": "1.893442153930664",
        "cumulative": false
    },
    {
        "date": "2020-12-08T11:26:47.343Z",
        "value": "1.8368563652038574",
        "cumulative": false
    },
    {
        "date": "2020-12-08T11:26:49.879Z",
        "value": "1.9220714569091797",
        "cumulative": false
    },
    {
        "date": "2020-12-08T11:26:52.441Z",
        "value": "1.9224858283996582",
        "cumulative": false
    },
    {
        "date": "2020-12-08T11:26:54.911Z",
        "value": "1.8963518142700195",
        "cumulative": false
    },
    {
        "date": "2020-12-08T11:26:57.482Z",
        "value": "1.9379756450653076",
        "cumulative": false
    },
    {
        "date": "2020-12-08T11:26:59.999Z",
        "value": "1.847236156463623",
        "cumulative": false
    },
    {
        "date": "2020-12-08T11:27:02.488Z",
        "value": "1.884244441986084",
        "cumulative": false
    },
    {
        "date": "2020-12-08T11:27:04.940Z",
        "value": "1.8624200820922852",
        "cumulative": false
    },
    {
        "date": "2020-12-08T11:27:07.511Z",
        "value": "1.9452111721038818",
        "cumulative": false
    },
    {
        "date": "2020-12-08T11:27:10.034Z",
        "value": "1.9333693981170654",
        "cumulative": false
    },
    {
        "date": "2020-12-08T11:27:12.431Z",
        "value": "1.7826859951019287",
        "cumulative": false
    },
    {
        "date": "2020-12-08T11:27:14.969Z",
        "value": "1.937821626663208",
        "cumulative": false
    },
    {
        "date": "2020-12-08T11:27:17.449Z",
        "value": "1.8332417011260986",
        "cumulative": false
    },
    {
        "date": "2020-12-08T11:27:19.905Z",
        "value": "1.8623881340026855",
        "cumulative": false
    },
    {
        "date": "2020-12-08T11:27:22.495Z",
        "value": "1.961256504058838",
        "cumulative": false
    },
    {
        "date": "2020-12-08T11:27:24.932Z",
        "value": "1.842071771621704",
        "cumulative": false
    },
    {
        "date": "2020-12-08T11:27:27.400Z",
        "value": "1.877307653427124",
        "cumulative": false
    },
    {
        "date": "2020-12-08T11:27:29.969Z",
        "value": "1.9498968124389648",
        "cumulative": false
    }
]