[
    {
        "date": "2020-12-08T11:26:32.372Z",
        "value": "7.534027099609375e-05",
        "cumulative": false
    },
    {
        "date": "2020-12-08T11:26:34.833Z",
        "value": "6.175041198730469e-05",
        "cumulative": false
    },
    {
        "date": "2020-12-08T11:26:37.332Z",
        "value": "5.340576171875e-05",
        "cumulative": false
    },
    {
        "date": "2020-12-08T11:26:39.896Z",
        "value": "5.936622619628906e-05",
        "cumulative": false
    },
    {
        "date": "2020-12-08T11:26:42.448Z",
        "value": "5.650520324707031e-05",
        "cumulative": false
    },
    {
        "date": "2020-12-08T11:26:44.944Z",
        "value": "5.53131103515625e-05",
        "cumulative": false
    },
    {
        "date": "2020-12-08T11:26:47.350Z",
        "value": "5.364418029785156e-05",
        "cumulative": false
    },
    {
        "date": "2020-12-08T11:26:49.887Z",
        "value": "5.507469177246094e-05",
        "cumulative": false
    },
    {
        "date": "2020-12-08T11:26:52.435Z",
        "value": "5.7220458984375e-05",
        "cumulative": false
    },
    {
        "date": "2020-12-08T11:26:54.927Z",
        "value": "5.698204040527344e-05",
        "cumulative": false
    },
    {
        "date": "2020-12-08T11:26:57.494Z",
        "value": "7.176399230957031e-05",
        "cumulative": false
    },
    {
        "date": "2020-12-08T11:27:00.005Z",
        "value": "5.3882598876953125e-05",
        "cumulative": false
    },
    {
        "date": "2020-12-08T11:27:02.501Z",
        "value": "4.887580871582031e-05",
        "cumulative": false
    },
    {
        "date": "2020-12-08T11:27:04.944Z",
        "value": "6.532669067382812e-05",
        "cumulative": false
    },
    {
        "date": "2020-12-08T11:27:07.514Z",
        "value": "5.507469177246094e-05",
        "cumulative": false
    },
    {
        "date": "2020-12-08T11:27:10.040Z",
        "value": "5.078315734863281e-05",
        "cumulative": false
    },
    {
        "date": "2020-12-08T11:27:12.431Z",
        "value": "5.745887756347656e-05",
        "cumulative": false
    },
    {
        "date": "2020-12-08T11:27:14.973Z",
        "value": "6.127357482910156e-05",
        "cumulative": false
    },
    {
        "date": "2020-12-08T11:27:17.455Z",
        "value": "5.364418029785156e-05",
        "cumulative": false
    },
    {
        "date": "2020-12-08T11:27:19.900Z",
        "value": "5.1975250244140625e-05",
        "cumulative": false
    },
    {
        "date": "2020-12-08T11:27:22.502Z",
        "value": "5.7697296142578125e-05",
        "cumulative": false
    },
    {
        "date": "2020-12-08T11:27:24.935Z",
        "value": "5.793571472167969e-05",
        "cumulative": false
    },
    {
        "date": "2020-12-08T11:27:27.413Z",
        "value": "5.3882598876953125e-05",
        "cumulative": false
    },
    {
        "date": "2020-12-08T11:27:29.977Z",
        "value": "5.078315734863281e-05",
        "cumulative": false
    }
]