[
    {
        "date": "2020-12-08T11:26:30.572Z",
        "value": "41.40625",
        "cumulative": false
    },
    {
        "date": "2020-12-08T11:26:33.024Z",
        "value": "88.28125",
        "cumulative": false
    },
    {
        "date": "2020-12-08T11:26:35.540Z",
        "value": "93.75",
        "cumulative": false
    },
    {
        "date": "2020-12-08T11:26:38.062Z",
        "value": "92.1875",
        "cumulative": false
    },
    {
        "date": "2020-12-08T11:26:40.635Z",
        "value": "94.53125",
        "cumulative": false
    },
    {
        "date": "2020-12-08T11:26:43.113Z",
        "value": "94.53125",
        "cumulative": false
    },
    {
        "date": "2020-12-08T11:26:45.586Z",
        "value": "96.875",
        "cumulative": false
    },
    {
        "date": "2020-12-08T11:26:48.085Z",
        "value": "99.21875",
        "cumulative": false
    },
    {
        "date": "2020-12-08T11:26:50.627Z",
        "value": "97.65625",
        "cumulative": false
    },
    {
        "date": "2020-12-08T11:26:53.107Z",
        "value": "96.09375",
        "cumulative": false
    },
    {
        "date": "2020-12-08T11:26:55.624Z",
        "value": "98.4375",
        "cumulative": false
    },
    {
        "date": "2020-12-08T11:26:58.248Z",
        "value": "99.21875",
        "cumulative": false
    },
    {
        "date": "2020-12-08T11:27:00.702Z",
        "value": "98.4375",
        "cumulative": false
    },
    {
        "date": "2020-12-08T11:27:03.185Z",
        "value": "99.21875",
        "cumulative": false
    },
    {
        "date": "2020-12-08T11:27:05.712Z",
        "value": "96.875",
        "cumulative": false
    },
    {
        "date": "2020-12-08T11:27:08.190Z",
        "value": "98.4375",
        "cumulative": false
    },
    {
        "date": "2020-12-08T11:27:10.732Z",
        "value": "98.4375",
        "cumulative": false
    },
    {
        "date": "2020-12-08T11:27:13.120Z",
        "value": "98.4375",
        "cumulative": false
    },
    {
        "date": "2020-12-08T11:27:15.727Z",
        "value": "98.4375",
        "cumulative": false
    },
    {
        "date": "2020-12-08T11:27:18.135Z",
        "value": "99.21875",
        "cumulative": false
    },
    {
        "date": "2020-12-08T11:27:20.637Z",
        "value": "98.4375",
        "cumulative": false
    },
    {
        "date": "2020-12-08T11:27:23.196Z",
        "value": "99.21875",
        "cumulative": false
    },
    {
        "date": "2020-12-08T11:27:25.607Z",
        "value": "100.0",
        "cumulative": false
    },
    {
        "date": "2020-12-08T11:27:28.115Z",
        "value": "100.0",
        "cumulative": false
    }
]