[
    {
        "date": "2020-12-08T11:26:30.578Z",
        "value": "47.65625",
        "cumulative": false
    },
    {
        "date": "2020-12-08T11:26:33.035Z",
        "value": "89.84375",
        "cumulative": false
    },
    {
        "date": "2020-12-08T11:26:35.542Z",
        "value": "85.9375",
        "cumulative": false
    },
    {
        "date": "2020-12-08T11:26:38.070Z",
        "value": "89.0625",
        "cumulative": false
    },
    {
        "date": "2020-12-08T11:26:40.641Z",
        "value": "92.96875",
        "cumulative": false
    },
    {
        "date": "2020-12-08T11:26:43.121Z",
        "value": "96.09375",
        "cumulative": false
    },
    {
        "date": "2020-12-08T11:26:45.592Z",
        "value": "96.875",
        "cumulative": false
    },
    {
        "date": "2020-12-08T11:26:48.092Z",
        "value": "94.53125",
        "cumulative": false
    },
    {
        "date": "2020-12-08T11:26:50.635Z",
        "value": "99.21875",
        "cumulative": false
    },
    {
        "date": "2020-12-08T11:26:53.113Z",
        "value": "97.65625",
        "cumulative": false
    },
    {
        "date": "2020-12-08T11:26:55.632Z",
        "value": "96.875",
        "cumulative": false
    },
    {
        "date": "2020-12-08T11:26:58.255Z",
        "value": "98.4375",
        "cumulative": false
    },
    {
        "date": "2020-12-08T11:27:00.707Z",
        "value": "98.4375",
        "cumulative": false
    },
    {
        "date": "2020-12-08T11:27:03.192Z",
        "value": "99.21875",
        "cumulative": false
    },
    {
        "date": "2020-12-08T11:27:05.719Z",
        "value": "99.21875",
        "cumulative": false
    },
    {
        "date": "2020-12-08T11:27:08.198Z",
        "value": "100.0",
        "cumulative": false
    },
    {
        "date": "2020-12-08T11:27:10.740Z",
        "value": "98.4375",
        "cumulative": false
    },
    {
        "date": "2020-12-08T11:27:13.125Z",
        "value": "99.21875",
        "cumulative": false
    },
    {
        "date": "2020-12-08T11:27:15.728Z",
        "value": "99.21875",
        "cumulative": false
    },
    {
        "date": "2020-12-08T11:27:18.141Z",
        "value": "100.0",
        "cumulative": false
    },
    {
        "date": "2020-12-08T11:27:20.641Z",
        "value": "99.21875",
        "cumulative": false
    },
    {
        "date": "2020-12-08T11:27:23.203Z",
        "value": "99.21875",
        "cumulative": false
    },
    {
        "date": "2020-12-08T11:27:25.615Z",
        "value": "98.4375",
        "cumulative": false
    },
    {
        "date": "2020-12-08T11:27:28.117Z",
        "value": "100.0",
        "cumulative": false
    }
]