[
    {
        "date": "2020-12-08T11:26:32.382Z",
        "value": "0.05226278305053711",
        "cumulative": false
    },
    {
        "date": "2020-12-08T11:26:34.831Z",
        "value": "0.05808663368225098",
        "cumulative": false
    },
    {
        "date": "2020-12-08T11:26:37.335Z",
        "value": "0.06377482414245605",
        "cumulative": false
    },
    {
        "date": "2020-12-08T11:26:39.903Z",
        "value": "0.0646364688873291",
        "cumulative": false
    },
    {
        "date": "2020-12-08T11:26:42.459Z",
        "value": "0.058599233627319336",
        "cumulative": false
    },
    {
        "date": "2020-12-08T11:26:44.937Z",
        "value": "0.05836296081542969",
        "cumulative": false
    },
    {
        "date": "2020-12-08T11:26:47.356Z",
        "value": "0.05974745750427246",
        "cumulative": false
    },
    {
        "date": "2020-12-08T11:26:49.890Z",
        "value": "0.05866885185241699",
        "cumulative": false
    },
    {
        "date": "2020-12-08T11:26:52.441Z",
        "value": "0.056958675384521484",
        "cumulative": false
    },
    {
        "date": "2020-12-08T11:26:54.920Z",
        "value": "0.06410098075866699",
        "cumulative": false
    },
    {
        "date": "2020-12-08T11:26:57.490Z",
        "value": "0.0556178092956543",
        "cumulative": false
    },
    {
        "date": "2020-12-08T11:27:00.008Z",
        "value": "0.06416845321655273",
        "cumulative": false
    },
    {
        "date": "2020-12-08T11:27:02.509Z",
        "value": "0.055174827575683594",
        "cumulative": false
    },
    {
        "date": "2020-12-08T11:27:04.946Z",
        "value": "0.06527137756347656",
        "cumulative": false
    },
    {
        "date": "2020-12-08T11:27:07.519Z",
        "value": "0.07010173797607422",
        "cumulative": false
    },
    {
        "date": "2020-12-08T11:27:10.045Z",
        "value": "0.05571269989013672",
        "cumulative": false
    },
    {
        "date": "2020-12-08T11:27:12.433Z",
        "value": "0.07008838653564453",
        "cumulative": false
    },
    {
        "date": "2020-12-08T11:27:14.970Z",
        "value": "0.05418968200683594",
        "cumulative": false
    },
    {
        "date": "2020-12-08T11:27:17.458Z",
        "value": "0.059143781661987305",
        "cumulative": false
    },
    {
        "date": "2020-12-08T11:27:19.906Z",
        "value": "0.060857534408569336",
        "cumulative": false
    },
    {
        "date": "2020-12-08T11:27:22.506Z",
        "value": "0.06322884559631348",
        "cumulative": false
    },
    {
        "date": "2020-12-08T11:27:24.956Z",
        "value": "0.05596113204956055",
        "cumulative": false
    },
    {
        "date": "2020-12-08T11:27:27.410Z",
        "value": "0.06092071533203125",
        "cumulative": false
    },
    {
        "date": "2020-12-08T11:27:29.978Z",
        "value": "0.06122279167175293",
        "cumulative": false
    }
]