[
    {
        "date": "2020-12-08T11:26:32.362Z",
        "value": "0.11692070960998535",
        "cumulative": false
    },
    {
        "date": "2020-12-08T11:26:34.830Z",
        "value": "0.12304949760437012",
        "cumulative": false
    },
    {
        "date": "2020-12-08T11:26:37.342Z",
        "value": "0.12198901176452637",
        "cumulative": false
    },
    {
        "date": "2020-12-08T11:26:39.892Z",
        "value": "0.11934280395507812",
        "cumulative": false
    },
    {
        "date": "2020-12-08T11:26:42.450Z",
        "value": "0.12805676460266113",
        "cumulative": false
    },
    {
        "date": "2020-12-08T11:26:44.943Z",
        "value": "0.12889909744262695",
        "cumulative": false
    },
    {
        "date": "2020-12-08T11:26:47.346Z",
        "value": "0.12218403816223145",
        "cumulative": false
    },
    {
        "date": "2020-12-08T11:26:49.884Z",
        "value": "0.12687253952026367",
        "cumulative": false
    },
    {
        "date": "2020-12-08T11:26:52.433Z",
        "value": "0.11776018142700195",
        "cumulative": false
    },
    {
        "date": "2020-12-08T11:26:54.922Z",
        "value": "0.11513590812683105",
        "cumulative": false
    },
    {
        "date": "2020-12-08T11:26:57.484Z",
        "value": "0.1321561336517334",
        "cumulative": false
    },
    {
        "date": "2020-12-08T11:26:59.999Z",
        "value": "0.1160740852355957",
        "cumulative": false
    },
    {
        "date": "2020-12-08T11:27:02.492Z",
        "value": "0.11144328117370605",
        "cumulative": false
    },
    {
        "date": "2020-12-08T11:27:04.946Z",
        "value": "0.11694860458374023",
        "cumulative": false
    },
    {
        "date": "2020-12-08T11:27:07.510Z",
        "value": "0.1132345199584961",
        "cumulative": false
    },
    {
        "date": "2020-12-08T11:27:10.034Z",
        "value": "0.12072181701660156",
        "cumulative": false
    },
    {
        "date": "2020-12-08T11:27:12.434Z",
        "value": "0.11585187911987305",
        "cumulative": false
    },
    {
        "date": "2020-12-08T11:27:14.977Z",
        "value": "0.12295961380004883",
        "cumulative": false
    },
    {
        "date": "2020-12-08T11:27:17.459Z",
        "value": "0.13169193267822266",
        "cumulative": false
    },
    {
        "date": "2020-12-08T11:27:19.908Z",
        "value": "0.12691640853881836",
        "cumulative": false
    },
    {
        "date": "2020-12-08T11:27:22.498Z",
        "value": "0.12476468086242676",
        "cumulative": false
    },
    {
        "date": "2020-12-08T11:27:24.943Z",
        "value": "0.1266024112701416",
        "cumulative": false
    },
    {
        "date": "2020-12-08T11:27:27.405Z",
        "value": "0.12808871269226074",
        "cumulative": false
    },
    {
        "date": "2020-12-08T11:27:29.974Z",
        "value": "0.13054180145263672",
        "cumulative": false
    }
]