[
    {
        "date": "2020-12-08T11:26:30.572Z",
        "value": "48.4375",
        "cumulative": false
    },
    {
        "date": "2020-12-08T11:26:33.025Z",
        "value": "87.5",
        "cumulative": false
    },
    {
        "date": "2020-12-08T11:26:35.541Z",
        "value": "89.0625",
        "cumulative": false
    },
    {
        "date": "2020-12-08T11:26:38.063Z",
        "value": "89.0625",
        "cumulative": false
    },
    {
        "date": "2020-12-08T11:26:40.635Z",
        "value": "97.65625",
        "cumulative": false
    },
    {
        "date": "2020-12-08T11:26:43.115Z",
        "value": "95.3125",
        "cumulative": false
    },
    {
        "date": "2020-12-08T11:26:45.586Z",
        "value": "96.09375",
        "cumulative": false
    },
    {
        "date": "2020-12-08T11:26:48.088Z",
        "value": "98.4375",
        "cumulative": false
    },
    {
        "date": "2020-12-08T11:26:50.629Z",
        "value": "95.3125",
        "cumulative": false
    },
    {
        "date": "2020-12-08T11:26:53.106Z",
        "value": "99.21875",
        "cumulative": false
    },
    {
        "date": "2020-12-08T11:26:55.626Z",
        "value": "97.65625",
        "cumulative": false
    },
    {
        "date": "2020-12-08T11:26:58.249Z",
        "value": "96.09375",
        "cumulative": false
    },
    {
        "date": "2020-12-08T11:27:00.701Z",
        "value": "98.4375",
        "cumulative": false
    },
    {
        "date": "2020-12-08T11:27:03.186Z",
        "value": "100.0",
        "cumulative": false
    },
    {
        "date": "2020-12-08T11:27:05.713Z",
        "value": "99.21875",
        "cumulative": false
    },
    {
        "date": "2020-12-08T11:27:08.194Z",
        "value": "99.21875",
        "cumulative": false
    },
    {
        "date": "2020-12-08T11:27:10.734Z",
        "value": "100.0",
        "cumulative": false
    },
    {
        "date": "2020-12-08T11:27:13.120Z",
        "value": "99.21875",
        "cumulative": false
    },
    {
        "date": "2020-12-08T11:27:15.729Z",
        "value": "99.21875",
        "cumulative": false
    },
    {
        "date": "2020-12-08T11:27:18.135Z",
        "value": "100.0",
        "cumulative": false
    },
    {
        "date": "2020-12-08T11:27:20.636Z",
        "value": "98.4375",
        "cumulative": false
    },
    {
        "date": "2020-12-08T11:27:23.197Z",
        "value": "100.0",
        "cumulative": false
    },
    {
        "date": "2020-12-08T11:27:25.608Z",
        "value": "99.21875",
        "cumulative": false
    },
    {
        "date": "2020-12-08T11:27:28.116Z",
        "value": "100.0",
        "cumulative": false
    }
]