[
    {
        "date": "2020-12-08T11:26:30.577Z",
        "value": "7.03125",
        "cumulative": false
    },
    {
        "date": "2020-12-08T11:26:33.035Z",
        "value": "32.8125",
        "cumulative": false
    },
    {
        "date": "2020-12-08T11:26:35.542Z",
        "value": "35.15625",
        "cumulative": false
    },
    {
        "date": "2020-12-08T11:26:38.070Z",
        "value": "50.78125",
        "cumulative": false
    },
    {
        "date": "2020-12-08T11:26:40.641Z",
        "value": "52.34375",
        "cumulative": false
    },
    {
        "date": "2020-12-08T11:26:43.121Z",
        "value": "59.375",
        "cumulative": false
    },
    {
        "date": "2020-12-08T11:26:45.592Z",
        "value": "58.59375",
        "cumulative": false
    },
    {
        "date": "2020-12-08T11:26:48.092Z",
        "value": "63.28125",
        "cumulative": false
    },
    {
        "date": "2020-12-08T11:26:50.635Z",
        "value": "72.65625",
        "cumulative": false
    },
    {
        "date": "2020-12-08T11:26:53.112Z",
        "value": "64.0625",
        "cumulative": false
    },
    {
        "date": "2020-12-08T11:26:55.632Z",
        "value": "69.53125",
        "cumulative": false
    },
    {
        "date": "2020-12-08T11:26:58.255Z",
        "value": "68.75",
        "cumulative": false
    },
    {
        "date": "2020-12-08T11:27:00.707Z",
        "value": "75.0",
        "cumulative": false
    },
    {
        "date": "2020-12-08T11:27:03.192Z",
        "value": "77.34375",
        "cumulative": false
    },
    {
        "date": "2020-12-08T11:27:05.719Z",
        "value": "77.34375",
        "cumulative": false
    },
    {
        "date": "2020-12-08T11:27:08.198Z",
        "value": "71.09375",
        "cumulative": false
    },
    {
        "date": "2020-12-08T11:27:10.740Z",
        "value": "78.125",
        "cumulative": false
    },
    {
        "date": "2020-12-08T11:27:13.125Z",
        "value": "80.46875",
        "cumulative": false
    },
    {
        "date": "2020-12-08T11:27:15.728Z",
        "value": "80.46875",
        "cumulative": false
    },
    {
        "date": "2020-12-08T11:27:18.141Z",
        "value": "81.25",
        "cumulative": false
    },
    {
        "date": "2020-12-08T11:27:20.641Z",
        "value": "75.78125",
        "cumulative": false
    },
    {
        "date": "2020-12-08T11:27:23.203Z",
        "value": "84.375",
        "cumulative": false
    },
    {
        "date": "2020-12-08T11:27:25.615Z",
        "value": "82.8125",
        "cumulative": false
    },
    {
        "date": "2020-12-08T11:27:28.117Z",
        "value": "77.34375",
        "cumulative": false
    }
]