[
    {
        "date": "2020-12-08T11:26:32.373Z",
        "value": "0.01630425453186035",
        "cumulative": false
    },
    {
        "date": "2020-12-08T11:26:34.841Z",
        "value": "0.015917539596557617",
        "cumulative": false
    },
    {
        "date": "2020-12-08T11:26:37.332Z",
        "value": "0.016000747680664062",
        "cumulative": false
    },
    {
        "date": "2020-12-08T11:26:39.897Z",
        "value": "0.016503095626831055",
        "cumulative": false
    },
    {
        "date": "2020-12-08T11:26:42.450Z",
        "value": "0.01810908317565918",
        "cumulative": false
    },
    {
        "date": "2020-12-08T11:26:44.935Z",
        "value": "0.015467166900634766",
        "cumulative": false
    },
    {
        "date": "2020-12-08T11:26:47.349Z",
        "value": "0.016937971115112305",
        "cumulative": false
    },
    {
        "date": "2020-12-08T11:26:49.889Z",
        "value": "0.016173839569091797",
        "cumulative": false
    },
    {
        "date": "2020-12-08T11:26:52.440Z",
        "value": "0.016109704971313477",
        "cumulative": false
    },
    {
        "date": "2020-12-08T11:26:54.928Z",
        "value": "0.01537013053894043",
        "cumulative": false
    },
    {
        "date": "2020-12-08T11:26:57.487Z",
        "value": "0.01803445816040039",
        "cumulative": false
    },
    {
        "date": "2020-12-08T11:27:00.002Z",
        "value": "0.01641678810119629",
        "cumulative": false
    },
    {
        "date": "2020-12-08T11:27:02.502Z",
        "value": "0.01595473289489746",
        "cumulative": false
    },
    {
        "date": "2020-12-08T11:27:04.958Z",
        "value": "0.0167083740234375",
        "cumulative": false
    },
    {
        "date": "2020-12-08T11:27:07.512Z",
        "value": "0.016011953353881836",
        "cumulative": false
    },
    {
        "date": "2020-12-08T11:27:10.043Z",
        "value": "0.016376256942749023",
        "cumulative": false
    },
    {
        "date": "2020-12-08T11:27:12.438Z",
        "value": "0.016204357147216797",
        "cumulative": false
    },
    {
        "date": "2020-12-08T11:27:14.975Z",
        "value": "0.01666879653930664",
        "cumulative": false
    },
    {
        "date": "2020-12-08T11:27:17.459Z",
        "value": "0.01692819595336914",
        "cumulative": false
    },
    {
        "date": "2020-12-08T11:27:19.903Z",
        "value": "0.019083261489868164",
        "cumulative": false
    },
    {
        "date": "2020-12-08T11:27:22.503Z",
        "value": "0.015862703323364258",
        "cumulative": false
    },
    {
        "date": "2020-12-08T11:27:24.938Z",
        "value": "0.016492843627929688",
        "cumulative": false
    },
    {
        "date": "2020-12-08T11:27:27.406Z",
        "value": "0.01576542854309082",
        "cumulative": false
    },
    {
        "date": "2020-12-08T11:27:29.979Z",
        "value": "0.01604151725769043",
        "cumulative": false
    }
]