[
    {
        "date": "2020-12-08T11:26:32.361Z",
        "value": "5.14984130859375e-05",
        "cumulative": false
    },
    {
        "date": "2020-12-08T11:26:34.831Z",
        "value": "6.222724914550781e-05",
        "cumulative": false
    },
    {
        "date": "2020-12-08T11:26:37.332Z",
        "value": "5.173683166503906e-05",
        "cumulative": false
    },
    {
        "date": "2020-12-08T11:26:39.898Z",
        "value": "5.412101745605469e-05",
        "cumulative": false
    },
    {
        "date": "2020-12-08T11:26:42.451Z",
        "value": "5.2928924560546875e-05",
        "cumulative": false
    },
    {
        "date": "2020-12-08T11:26:44.931Z",
        "value": "5.5789947509765625e-05",
        "cumulative": false
    },
    {
        "date": "2020-12-08T11:26:47.344Z",
        "value": "5.555152893066406e-05",
        "cumulative": false
    },
    {
        "date": "2020-12-08T11:26:49.885Z",
        "value": "5.221366882324219e-05",
        "cumulative": false
    },
    {
        "date": "2020-12-08T11:26:52.434Z",
        "value": "5.602836608886719e-05",
        "cumulative": false
    },
    {
        "date": "2020-12-08T11:26:54.912Z",
        "value": "5.602836608886719e-05",
        "cumulative": false
    },
    {
        "date": "2020-12-08T11:26:57.481Z",
        "value": "6.151199340820312e-05",
        "cumulative": false
    },
    {
        "date": "2020-12-08T11:26:59.996Z",
        "value": "4.9591064453125e-05",
        "cumulative": false
    },
    {
        "date": "2020-12-08T11:27:02.490Z",
        "value": "5.555152893066406e-05",
        "cumulative": false
    },
    {
        "date": "2020-12-08T11:27:04.945Z",
        "value": "5.0067901611328125e-05",
        "cumulative": false
    },
    {
        "date": "2020-12-08T11:27:07.506Z",
        "value": "5.412101745605469e-05",
        "cumulative": false
    },
    {
        "date": "2020-12-08T11:27:10.033Z",
        "value": "6.318092346191406e-05",
        "cumulative": false
    },
    {
        "date": "2020-12-08T11:27:12.425Z",
        "value": "6.914138793945312e-05",
        "cumulative": false
    },
    {
        "date": "2020-12-08T11:27:14.962Z",
        "value": "5.316734313964844e-05",
        "cumulative": false
    },
    {
        "date": "2020-12-08T11:27:17.449Z",
        "value": "5.316734313964844e-05",
        "cumulative": false
    },
    {
        "date": "2020-12-08T11:27:19.906Z",
        "value": "5.53131103515625e-05",
        "cumulative": false
    },
    {
        "date": "2020-12-08T11:27:22.497Z",
        "value": "6.866455078125e-05",
        "cumulative": false
    },
    {
        "date": "2020-12-08T11:27:24.940Z",
        "value": "5.078315734863281e-05",
        "cumulative": false
    },
    {
        "date": "2020-12-08T11:27:27.408Z",
        "value": "5.793571472167969e-05",
        "cumulative": false
    },
    {
        "date": "2020-12-08T11:27:29.967Z",
        "value": "5.1021575927734375e-05",
        "cumulative": false
    }
]