[
    {
        "date": "2020-12-08T11:26:32.371Z",
        "value": "0.05553078651428223",
        "cumulative": false
    },
    {
        "date": "2020-12-08T11:26:34.834Z",
        "value": "0.058478593826293945",
        "cumulative": false
    },
    {
        "date": "2020-12-08T11:26:37.340Z",
        "value": "0.053360939025878906",
        "cumulative": false
    },
    {
        "date": "2020-12-08T11:26:39.902Z",
        "value": "0.05573844909667969",
        "cumulative": false
    },
    {
        "date": "2020-12-08T11:26:42.457Z",
        "value": "0.05149245262145996",
        "cumulative": false
    },
    {
        "date": "2020-12-08T11:26:44.948Z",
        "value": "0.05304288864135742",
        "cumulative": false
    },
    {
        "date": "2020-12-08T11:26:47.370Z",
        "value": "0.059595346450805664",
        "cumulative": false
    },
    {
        "date": "2020-12-08T11:26:49.910Z",
        "value": "0.056990861892700195",
        "cumulative": false
    },
    {
        "date": "2020-12-08T11:26:52.445Z",
        "value": "0.05154824256896973",
        "cumulative": false
    },
    {
        "date": "2020-12-08T11:26:54.926Z",
        "value": "0.06006956100463867",
        "cumulative": false
    },
    {
        "date": "2020-12-08T11:26:57.497Z",
        "value": "0.05968928337097168",
        "cumulative": false
    },
    {
        "date": "2020-12-08T11:27:00.009Z",
        "value": "0.059128522872924805",
        "cumulative": false
    },
    {
        "date": "2020-12-08T11:27:02.509Z",
        "value": "0.0549778938293457",
        "cumulative": false
    },
    {
        "date": "2020-12-08T11:27:04.951Z",
        "value": "0.062150001525878906",
        "cumulative": false
    },
    {
        "date": "2020-12-08T11:27:07.535Z",
        "value": "0.057471275329589844",
        "cumulative": false
    },
    {
        "date": "2020-12-08T11:27:10.046Z",
        "value": "0.05308365821838379",
        "cumulative": false
    },
    {
        "date": "2020-12-08T11:27:12.444Z",
        "value": "0.058074951171875",
        "cumulative": false
    },
    {
        "date": "2020-12-08T11:27:14.975Z",
        "value": "0.05484771728515625",
        "cumulative": false
    },
    {
        "date": "2020-12-08T11:27:17.471Z",
        "value": "0.05249834060668945",
        "cumulative": false
    },
    {
        "date": "2020-12-08T11:27:19.914Z",
        "value": "0.057585716247558594",
        "cumulative": false
    },
    {
        "date": "2020-12-08T11:27:22.507Z",
        "value": "0.055338144302368164",
        "cumulative": false
    },
    {
        "date": "2020-12-08T11:27:24.946Z",
        "value": "0.05600786209106445",
        "cumulative": false
    },
    {
        "date": "2020-12-08T11:27:27.420Z",
        "value": "0.06479406356811523",
        "cumulative": false
    },
    {
        "date": "2020-12-08T11:27:29.980Z",
        "value": "0.06361055374145508",
        "cumulative": false
    }
]