[
    {
        "date": "2020-12-08T11:26:32.369Z",
        "value": "0.11424779891967773",
        "cumulative": false
    },
    {
        "date": "2020-12-08T11:26:34.843Z",
        "value": "0.12254095077514648",
        "cumulative": false
    },
    {
        "date": "2020-12-08T11:26:37.341Z",
        "value": "0.11461281776428223",
        "cumulative": false
    },
    {
        "date": "2020-12-08T11:26:39.898Z",
        "value": "0.11881828308105469",
        "cumulative": false
    },
    {
        "date": "2020-12-08T11:26:42.455Z",
        "value": "0.11871600151062012",
        "cumulative": false
    },
    {
        "date": "2020-12-08T11:26:44.937Z",
        "value": "0.11477398872375488",
        "cumulative": false
    },
    {
        "date": "2020-12-08T11:26:47.359Z",
        "value": "0.12404942512512207",
        "cumulative": false
    },
    {
        "date": "2020-12-08T11:26:49.890Z",
        "value": "0.10629892349243164",
        "cumulative": false
    },
    {
        "date": "2020-12-08T11:26:52.443Z",
        "value": "0.11147594451904297",
        "cumulative": false
    },
    {
        "date": "2020-12-08T11:26:54.923Z",
        "value": "0.11524629592895508",
        "cumulative": false
    },
    {
        "date": "2020-12-08T11:26:57.491Z",
        "value": "0.11243605613708496",
        "cumulative": false
    },
    {
        "date": "2020-12-08T11:27:00.006Z",
        "value": "0.1228182315826416",
        "cumulative": false
    },
    {
        "date": "2020-12-08T11:27:02.498Z",
        "value": "0.11496758460998535",
        "cumulative": false
    },
    {
        "date": "2020-12-08T11:27:04.952Z",
        "value": "0.11665177345275879",
        "cumulative": false
    },
    {
        "date": "2020-12-08T11:27:07.515Z",
        "value": "0.1194753646850586",
        "cumulative": false
    },
    {
        "date": "2020-12-08T11:27:10.040Z",
        "value": "0.10745358467102051",
        "cumulative": false
    },
    {
        "date": "2020-12-08T11:27:12.432Z",
        "value": "0.1109919548034668",
        "cumulative": false
    },
    {
        "date": "2020-12-08T11:27:14.970Z",
        "value": "0.11726784706115723",
        "cumulative": false
    },
    {
        "date": "2020-12-08T11:27:17.466Z",
        "value": "0.12625503540039062",
        "cumulative": false
    },
    {
        "date": "2020-12-08T11:27:19.914Z",
        "value": "0.12504005432128906",
        "cumulative": false
    },
    {
        "date": "2020-12-08T11:27:22.514Z",
        "value": "0.11472225189208984",
        "cumulative": false
    },
    {
        "date": "2020-12-08T11:27:24.946Z",
        "value": "0.12357044219970703",
        "cumulative": false
    },
    {
        "date": "2020-12-08T11:27:27.421Z",
        "value": "0.11721944808959961",
        "cumulative": false
    },
    {
        "date": "2020-12-08T11:27:29.983Z",
        "value": "0.11711454391479492",
        "cumulative": false
    }
]