[
    {
        "date": "2020-12-08T11:26:32.380Z",
        "value": "4.23762321472168",
        "cumulative": false
    },
    {
        "date": "2020-12-08T11:26:34.831Z",
        "value": "1.8559632301330566",
        "cumulative": false
    },
    {
        "date": "2020-12-08T11:26:37.335Z",
        "value": "1.8961687088012695",
        "cumulative": false
    },
    {
        "date": "2020-12-08T11:26:39.903Z",
        "value": "1.9016058444976807",
        "cumulative": false
    },
    {
        "date": "2020-12-08T11:26:42.459Z",
        "value": "1.9044950008392334",
        "cumulative": false
    },
    {
        "date": "2020-12-08T11:26:44.937Z",
        "value": "1.8761069774627686",
        "cumulative": false
    },
    {
        "date": "2020-12-08T11:26:47.356Z",
        "value": "1.8300161361694336",
        "cumulative": false
    },
    {
        "date": "2020-12-08T11:26:49.890Z",
        "value": "1.9033012390136719",
        "cumulative": false
    },
    {
        "date": "2020-12-08T11:26:52.441Z",
        "value": "1.8915085792541504",
        "cumulative": false
    },
    {
        "date": "2020-12-08T11:26:54.920Z",
        "value": "1.8835883140563965",
        "cumulative": false
    },
    {
        "date": "2020-12-08T11:26:57.490Z",
        "value": "1.9246675968170166",
        "cumulative": false
    },
    {
        "date": "2020-12-08T11:27:00.008Z",
        "value": "1.8541169166564941",
        "cumulative": false
    },
    {
        "date": "2020-12-08T11:27:02.509Z",
        "value": "1.871603012084961",
        "cumulative": false
    },
    {
        "date": "2020-12-08T11:27:04.946Z",
        "value": "1.8421998023986816",
        "cumulative": false
    },
    {
        "date": "2020-12-08T11:27:07.519Z",
        "value": "1.9305150508880615",
        "cumulative": false
    },
    {
        "date": "2020-12-08T11:27:10.045Z",
        "value": "1.9215691089630127",
        "cumulative": false
    },
    {
        "date": "2020-12-08T11:27:12.433Z",
        "value": "1.7565605640411377",
        "cumulative": false
    },
    {
        "date": "2020-12-08T11:27:14.970Z",
        "value": "1.9347596168518066",
        "cumulative": false
    },
    {
        "date": "2020-12-08T11:27:17.458Z",
        "value": "1.8207581043243408",
        "cumulative": false
    },
    {
        "date": "2020-12-08T11:27:19.906Z",
        "value": "1.8477230072021484",
        "cumulative": false
    },
    {
        "date": "2020-12-08T11:27:22.506Z",
        "value": "1.9400947093963623",
        "cumulative": false
    },
    {
        "date": "2020-12-08T11:27:24.956Z",
        "value": "1.828981637954712",
        "cumulative": false
    },
    {
        "date": "2020-12-08T11:27:27.410Z",
        "value": "1.8630847930908203",
        "cumulative": false
    },
    {
        "date": "2020-12-08T11:27:29.978Z",
        "value": "1.9243156909942627",
        "cumulative": false
    }
]