[
    {
        "date": "2020-12-08T11:26:30.577Z",
        "value": "10.15625",
        "cumulative": false
    },
    {
        "date": "2020-12-08T11:26:33.030Z",
        "value": "29.6875",
        "cumulative": false
    },
    {
        "date": "2020-12-08T11:26:35.541Z",
        "value": "37.5",
        "cumulative": false
    },
    {
        "date": "2020-12-08T11:26:38.070Z",
        "value": "39.0625",
        "cumulative": false
    },
    {
        "date": "2020-12-08T11:26:40.637Z",
        "value": "51.5625",
        "cumulative": false
    },
    {
        "date": "2020-12-08T11:26:43.121Z",
        "value": "57.03125",
        "cumulative": false
    },
    {
        "date": "2020-12-08T11:26:45.593Z",
        "value": "60.9375",
        "cumulative": false
    },
    {
        "date": "2020-12-08T11:26:48.088Z",
        "value": "71.09375",
        "cumulative": false
    },
    {
        "date": "2020-12-08T11:26:50.634Z",
        "value": "60.15625",
        "cumulative": false
    },
    {
        "date": "2020-12-08T11:26:53.112Z",
        "value": "66.40625",
        "cumulative": false
    },
    {
        "date": "2020-12-08T11:26:55.632Z",
        "value": "73.4375",
        "cumulative": false
    },
    {
        "date": "2020-12-08T11:26:58.255Z",
        "value": "81.25",
        "cumulative": false
    },
    {
        "date": "2020-12-08T11:27:00.707Z",
        "value": "73.4375",
        "cumulative": false
    },
    {
        "date": "2020-12-08T11:27:03.192Z",
        "value": "81.25",
        "cumulative": false
    },
    {
        "date": "2020-12-08T11:27:05.719Z",
        "value": "79.6875",
        "cumulative": false
    },
    {
        "date": "2020-12-08T11:27:08.198Z",
        "value": "71.875",
        "cumulative": false
    },
    {
        "date": "2020-12-08T11:27:10.742Z",
        "value": "78.90625",
        "cumulative": false
    },
    {
        "date": "2020-12-08T11:27:13.125Z",
        "value": "83.59375",
        "cumulative": false
    },
    {
        "date": "2020-12-08T11:27:15.728Z",
        "value": "81.25",
        "cumulative": false
    },
    {
        "date": "2020-12-08T11:27:18.141Z",
        "value": "81.25",
        "cumulative": false
    },
    {
        "date": "2020-12-08T11:27:20.641Z",
        "value": "84.375",
        "cumulative": false
    },
    {
        "date": "2020-12-08T11:27:23.203Z",
        "value": "83.59375",
        "cumulative": false
    },
    {
        "date": "2020-12-08T11:27:25.614Z",
        "value": "84.375",
        "cumulative": false
    },
    {
        "date": "2020-12-08T11:27:28.120Z",
        "value": "85.9375",
        "cumulative": false
    }
]