[
    {
        "date": "2020-12-08T11:26:32.373Z",
        "value": "0.016344547271728516",
        "cumulative": false
    },
    {
        "date": "2020-12-08T11:26:34.835Z",
        "value": "0.015903234481811523",
        "cumulative": false
    },
    {
        "date": "2020-12-08T11:26:37.334Z",
        "value": "0.016685962677001953",
        "cumulative": false
    },
    {
        "date": "2020-12-08T11:26:39.904Z",
        "value": "0.016924619674682617",
        "cumulative": false
    },
    {
        "date": "2020-12-08T11:26:42.455Z",
        "value": "0.019443035125732422",
        "cumulative": false
    },
    {
        "date": "2020-12-08T11:26:44.947Z",
        "value": "0.016325712203979492",
        "cumulative": false
    },
    {
        "date": "2020-12-08T11:26:47.350Z",
        "value": "0.019054651260375977",
        "cumulative": false
    },
    {
        "date": "2020-12-08T11:26:49.890Z",
        "value": "0.016800403594970703",
        "cumulative": false
    },
    {
        "date": "2020-12-08T11:26:52.443Z",
        "value": "0.017062902450561523",
        "cumulative": false
    },
    {
        "date": "2020-12-08T11:26:54.926Z",
        "value": "0.016117334365844727",
        "cumulative": false
    },
    {
        "date": "2020-12-08T11:26:57.490Z",
        "value": "0.017208576202392578",
        "cumulative": false
    },
    {
        "date": "2020-12-08T11:27:00.006Z",
        "value": "0.016355514526367188",
        "cumulative": false
    },
    {
        "date": "2020-12-08T11:27:02.497Z",
        "value": "0.016962766647338867",
        "cumulative": false
    },
    {
        "date": "2020-12-08T11:27:04.948Z",
        "value": "0.01631927490234375",
        "cumulative": false
    },
    {
        "date": "2020-12-08T11:27:07.516Z",
        "value": "0.016361236572265625",
        "cumulative": false
    },
    {
        "date": "2020-12-08T11:27:10.041Z",
        "value": "0.016068458557128906",
        "cumulative": false
    },
    {
        "date": "2020-12-08T11:27:12.439Z",
        "value": "0.018219470977783203",
        "cumulative": false
    },
    {
        "date": "2020-12-08T11:27:14.982Z",
        "value": "0.017139196395874023",
        "cumulative": false
    },
    {
        "date": "2020-12-08T11:27:17.459Z",
        "value": "0.01603865623474121",
        "cumulative": false
    },
    {
        "date": "2020-12-08T11:27:19.915Z",
        "value": "0.017210721969604492",
        "cumulative": false
    },
    {
        "date": "2020-12-08T11:27:22.505Z",
        "value": "0.01759195327758789",
        "cumulative": false
    },
    {
        "date": "2020-12-08T11:27:24.940Z",
        "value": "0.017276763916015625",
        "cumulative": false
    },
    {
        "date": "2020-12-08T11:27:27.409Z",
        "value": "0.016487836837768555",
        "cumulative": false
    },
    {
        "date": "2020-12-08T11:27:29.977Z",
        "value": "0.01674962043762207",
        "cumulative": false
    }
]