[
    {
        "date": "2020-12-08T11:26:30.579Z",
        "value": "11.71875",
        "cumulative": false
    },
    {
        "date": "2020-12-08T11:26:33.033Z",
        "value": "39.84375",
        "cumulative": false
    },
    {
        "date": "2020-12-08T11:26:35.549Z",
        "value": "42.96875",
        "cumulative": false
    },
    {
        "date": "2020-12-08T11:26:38.072Z",
        "value": "49.21875",
        "cumulative": false
    },
    {
        "date": "2020-12-08T11:26:40.644Z",
        "value": "66.40625",
        "cumulative": false
    },
    {
        "date": "2020-12-08T11:26:43.123Z",
        "value": "50.78125",
        "cumulative": false
    },
    {
        "date": "2020-12-08T11:26:45.594Z",
        "value": "57.8125",
        "cumulative": false
    },
    {
        "date": "2020-12-08T11:26:48.095Z",
        "value": "76.5625",
        "cumulative": false
    },
    {
        "date": "2020-12-08T11:26:50.637Z",
        "value": "69.53125",
        "cumulative": false
    },
    {
        "date": "2020-12-08T11:26:53.115Z",
        "value": "65.625",
        "cumulative": false
    },
    {
        "date": "2020-12-08T11:26:55.634Z",
        "value": "65.625",
        "cumulative": false
    },
    {
        "date": "2020-12-08T11:26:58.258Z",
        "value": "77.34375",
        "cumulative": false
    },
    {
        "date": "2020-12-08T11:27:00.710Z",
        "value": "78.125",
        "cumulative": false
    },
    {
        "date": "2020-12-08T11:27:03.194Z",
        "value": "78.90625",
        "cumulative": false
    },
    {
        "date": "2020-12-08T11:27:05.721Z",
        "value": "71.875",
        "cumulative": false
    },
    {
        "date": "2020-12-08T11:27:08.195Z",
        "value": "78.125",
        "cumulative": false
    },
    {
        "date": "2020-12-08T11:27:10.742Z",
        "value": "82.8125",
        "cumulative": false
    },
    {
        "date": "2020-12-08T11:27:13.128Z",
        "value": "81.25",
        "cumulative": false
    },
    {
        "date": "2020-12-08T11:27:15.737Z",
        "value": "78.90625",
        "cumulative": false
    },
    {
        "date": "2020-12-08T11:27:18.144Z",
        "value": "80.46875",
        "cumulative": false
    },
    {
        "date": "2020-12-08T11:27:20.644Z",
        "value": "81.25",
        "cumulative": false
    },
    {
        "date": "2020-12-08T11:27:23.206Z",
        "value": "83.59375",
        "cumulative": false
    },
    {
        "date": "2020-12-08T11:27:25.617Z",
        "value": "85.9375",
        "cumulative": false
    },
    {
        "date": "2020-12-08T11:27:28.124Z",
        "value": "84.375",
        "cumulative": false
    }
]