[
    {
        "date": "2020-12-08T11:26:32.361Z",
        "value": "2.319678783416748",
        "cumulative": false
    },
    {
        "date": "2020-12-08T11:26:34.831Z",
        "value": "0.2528047561645508",
        "cumulative": false
    },
    {
        "date": "2020-12-08T11:26:37.332Z",
        "value": "0.255810022354126",
        "cumulative": false
    },
    {
        "date": "2020-12-08T11:26:39.898Z",
        "value": "0.2551729679107666",
        "cumulative": false
    },
    {
        "date": "2020-12-08T11:26:42.451Z",
        "value": "0.27515721321105957",
        "cumulative": false
    },
    {
        "date": "2020-12-08T11:26:44.931Z",
        "value": "0.24855303764343262",
        "cumulative": false
    },
    {
        "date": "2020-12-08T11:26:47.344Z",
        "value": "0.275925874710083",
        "cumulative": false
    },
    {
        "date": "2020-12-08T11:26:49.885Z",
        "value": "0.282672643661499",
        "cumulative": false
    },
    {
        "date": "2020-12-08T11:26:52.433Z",
        "value": "0.2565302848815918",
        "cumulative": false
    },
    {
        "date": "2020-12-08T11:26:54.912Z",
        "value": "0.24850797653198242",
        "cumulative": false
    },
    {
        "date": "2020-12-08T11:26:57.481Z",
        "value": "0.27755069732666016",
        "cumulative": false
    },
    {
        "date": "2020-12-08T11:26:59.996Z",
        "value": "0.28312230110168457",
        "cumulative": false
    },
    {
        "date": "2020-12-08T11:27:02.490Z",
        "value": "0.25118160247802734",
        "cumulative": false
    },
    {
        "date": "2020-12-08T11:27:04.945Z",
        "value": "0.26857447624206543",
        "cumulative": false
    },
    {
        "date": "2020-12-08T11:27:07.506Z",
        "value": "0.2618064880371094",
        "cumulative": false
    },
    {
        "date": "2020-12-08T11:27:10.033Z",
        "value": "0.2630650997161865",
        "cumulative": false
    },
    {
        "date": "2020-12-08T11:27:12.425Z",
        "value": "0.27733564376831055",
        "cumulative": false
    },
    {
        "date": "2020-12-08T11:27:14.962Z",
        "value": "0.25240492820739746",
        "cumulative": false
    },
    {
        "date": "2020-12-08T11:27:17.449Z",
        "value": "0.2706573009490967",
        "cumulative": false
    },
    {
        "date": "2020-12-08T11:27:19.905Z",
        "value": "0.27327942848205566",
        "cumulative": false
    },
    {
        "date": "2020-12-08T11:27:22.497Z",
        "value": "0.259962797164917",
        "cumulative": false
    },
    {
        "date": "2020-12-08T11:27:24.940Z",
        "value": "0.26604437828063965",
        "cumulative": false
    },
    {
        "date": "2020-12-08T11:27:27.408Z",
        "value": "0.27978062629699707",
        "cumulative": false
    },
    {
        "date": "2020-12-08T11:27:29.967Z",
        "value": "0.27120208740234375",
        "cumulative": false
    }
]