[
    {
        "date": "2020-12-08T11:26:30.577Z",
        "value": "12.5",
        "cumulative": false
    },
    {
        "date": "2020-12-08T11:26:33.031Z",
        "value": "28.90625",
        "cumulative": false
    },
    {
        "date": "2020-12-08T11:26:35.541Z",
        "value": "41.40625",
        "cumulative": false
    },
    {
        "date": "2020-12-08T11:26:38.071Z",
        "value": "46.875",
        "cumulative": false
    },
    {
        "date": "2020-12-08T11:26:40.637Z",
        "value": "54.6875",
        "cumulative": false
    },
    {
        "date": "2020-12-08T11:26:43.121Z",
        "value": "57.03125",
        "cumulative": false
    },
    {
        "date": "2020-12-08T11:26:45.593Z",
        "value": "64.84375",
        "cumulative": false
    },
    {
        "date": "2020-12-08T11:26:48.094Z",
        "value": "65.625",
        "cumulative": false
    },
    {
        "date": "2020-12-08T11:26:50.635Z",
        "value": "63.28125",
        "cumulative": false
    },
    {
        "date": "2020-12-08T11:26:53.111Z",
        "value": "66.40625",
        "cumulative": false
    },
    {
        "date": "2020-12-08T11:26:55.634Z",
        "value": "69.53125",
        "cumulative": false
    },
    {
        "date": "2020-12-08T11:26:58.245Z",
        "value": "75.78125",
        "cumulative": false
    },
    {
        "date": "2020-12-08T11:27:00.707Z",
        "value": "78.125",
        "cumulative": false
    },
    {
        "date": "2020-12-08T11:27:03.192Z",
        "value": "79.6875",
        "cumulative": false
    },
    {
        "date": "2020-12-08T11:27:05.713Z",
        "value": "77.34375",
        "cumulative": false
    },
    {
        "date": "2020-12-08T11:27:08.198Z",
        "value": "78.90625",
        "cumulative": false
    },
    {
        "date": "2020-12-08T11:27:10.740Z",
        "value": "78.90625",
        "cumulative": false
    },
    {
        "date": "2020-12-08T11:27:13.124Z",
        "value": "78.90625",
        "cumulative": false
    },
    {
        "date": "2020-12-08T11:27:15.729Z",
        "value": "78.125",
        "cumulative": false
    },
    {
        "date": "2020-12-08T11:27:18.141Z",
        "value": "82.8125",
        "cumulative": false
    },
    {
        "date": "2020-12-08T11:27:20.641Z",
        "value": "85.9375",
        "cumulative": false
    },
    {
        "date": "2020-12-08T11:27:23.205Z",
        "value": "84.375",
        "cumulative": false
    },
    {
        "date": "2020-12-08T11:27:25.613Z",
        "value": "78.90625",
        "cumulative": false
    },
    {
        "date": "2020-12-08T11:27:28.120Z",
        "value": "85.9375",
        "cumulative": false
    }
]