[
    {
        "date": "2020-12-08T11:26:32.358Z",
        "value": "4.259554386138916",
        "cumulative": false
    },
    {
        "date": "2020-12-08T11:26:34.831Z",
        "value": "1.8806407451629639",
        "cumulative": false
    },
    {
        "date": "2020-12-08T11:26:37.332Z",
        "value": "1.8888945579528809",
        "cumulative": false
    },
    {
        "date": "2020-12-08T11:26:39.898Z",
        "value": "1.9263410568237305",
        "cumulative": false
    },
    {
        "date": "2020-12-08T11:26:42.451Z",
        "value": "1.9286856651306152",
        "cumulative": false
    },
    {
        "date": "2020-12-08T11:26:44.930Z",
        "value": "1.88905668258667",
        "cumulative": false
    },
    {
        "date": "2020-12-08T11:26:47.344Z",
        "value": "1.8412063121795654",
        "cumulative": false
    },
    {
        "date": "2020-12-08T11:26:49.885Z",
        "value": "1.921463966369629",
        "cumulative": false
    },
    {
        "date": "2020-12-08T11:26:52.433Z",
        "value": "1.9172987937927246",
        "cumulative": false
    },
    {
        "date": "2020-12-08T11:26:54.912Z",
        "value": "1.8941326141357422",
        "cumulative": false
    },
    {
        "date": "2020-12-08T11:26:57.481Z",
        "value": "1.9266583919525146",
        "cumulative": false
    },
    {
        "date": "2020-12-08T11:26:59.996Z",
        "value": "1.8655211925506592",
        "cumulative": false
    },
    {
        "date": "2020-12-08T11:27:02.490Z",
        "value": "1.8844928741455078",
        "cumulative": false
    },
    {
        "date": "2020-12-08T11:27:04.945Z",
        "value": "1.859755277633667",
        "cumulative": false
    },
    {
        "date": "2020-12-08T11:27:07.506Z",
        "value": "1.9504978656768799",
        "cumulative": false
    },
    {
        "date": "2020-12-08T11:27:10.033Z",
        "value": "1.9214458465576172",
        "cumulative": false
    },
    {
        "date": "2020-12-08T11:27:12.425Z",
        "value": "1.7751739025115967",
        "cumulative": false
    },
    {
        "date": "2020-12-08T11:27:14.962Z",
        "value": "1.9479084014892578",
        "cumulative": false
    },
    {
        "date": "2020-12-08T11:27:17.449Z",
        "value": "1.830352783203125",
        "cumulative": false
    },
    {
        "date": "2020-12-08T11:27:19.905Z",
        "value": "1.8675687313079834",
        "cumulative": false
    },
    {
        "date": "2020-12-08T11:27:22.497Z",
        "value": "1.9569482803344727",
        "cumulative": false
    },
    {
        "date": "2020-12-08T11:27:24.940Z",
        "value": "1.858095645904541",
        "cumulative": false
    },
    {
        "date": "2020-12-08T11:27:27.408Z",
        "value": "1.8791148662567139",
        "cumulative": false
    },
    {
        "date": "2020-12-08T11:27:29.967Z",
        "value": "1.9476759433746338",
        "cumulative": false
    }
]