[
    {
        "date": "2020-12-08T11:26:30.575Z",
        "value": "10.15625",
        "cumulative": false
    },
    {
        "date": "2020-12-08T11:26:33.028Z",
        "value": "31.25",
        "cumulative": false
    },
    {
        "date": "2020-12-08T11:26:35.541Z",
        "value": "46.09375",
        "cumulative": false
    },
    {
        "date": "2020-12-08T11:26:38.068Z",
        "value": "45.3125",
        "cumulative": false
    },
    {
        "date": "2020-12-08T11:26:40.635Z",
        "value": "57.8125",
        "cumulative": false
    },
    {
        "date": "2020-12-08T11:26:43.122Z",
        "value": "57.03125",
        "cumulative": false
    },
    {
        "date": "2020-12-08T11:26:45.591Z",
        "value": "60.9375",
        "cumulative": false
    },
    {
        "date": "2020-12-08T11:26:48.089Z",
        "value": "64.84375",
        "cumulative": false
    },
    {
        "date": "2020-12-08T11:26:50.633Z",
        "value": "67.96875",
        "cumulative": false
    },
    {
        "date": "2020-12-08T11:26:53.110Z",
        "value": "68.75",
        "cumulative": false
    },
    {
        "date": "2020-12-08T11:26:55.631Z",
        "value": "78.125",
        "cumulative": false
    },
    {
        "date": "2020-12-08T11:26:58.252Z",
        "value": "66.40625",
        "cumulative": false
    },
    {
        "date": "2020-12-08T11:27:00.705Z",
        "value": "75.78125",
        "cumulative": false
    },
    {
        "date": "2020-12-08T11:27:03.190Z",
        "value": "75.0",
        "cumulative": false
    },
    {
        "date": "2020-12-08T11:27:05.711Z",
        "value": "76.5625",
        "cumulative": false
    },
    {
        "date": "2020-12-08T11:27:08.196Z",
        "value": "80.46875",
        "cumulative": false
    },
    {
        "date": "2020-12-08T11:27:10.738Z",
        "value": "82.03125",
        "cumulative": false
    },
    {
        "date": "2020-12-08T11:27:13.123Z",
        "value": "77.34375",
        "cumulative": false
    },
    {
        "date": "2020-12-08T11:27:15.727Z",
        "value": "84.375",
        "cumulative": false
    },
    {
        "date": "2020-12-08T11:27:18.140Z",
        "value": "82.8125",
        "cumulative": false
    },
    {
        "date": "2020-12-08T11:27:20.638Z",
        "value": "76.5625",
        "cumulative": false
    },
    {
        "date": "2020-12-08T11:27:23.201Z",
        "value": "82.8125",
        "cumulative": false
    },
    {
        "date": "2020-12-08T11:27:25.612Z",
        "value": "84.375",
        "cumulative": false
    },
    {
        "date": "2020-12-08T11:27:28.119Z",
        "value": "82.8125",
        "cumulative": false
    }
]