[
    {
        "date": "2020-12-08T11:26:32.363Z",
        "value": "0.06477475166320801",
        "cumulative": false
    },
    {
        "date": "2020-12-08T11:26:34.827Z",
        "value": "0.05390191078186035",
        "cumulative": false
    },
    {
        "date": "2020-12-08T11:26:37.329Z",
        "value": "0.0598292350769043",
        "cumulative": false
    },
    {
        "date": "2020-12-08T11:26:39.905Z",
        "value": "0.055589914321899414",
        "cumulative": false
    },
    {
        "date": "2020-12-08T11:26:42.450Z",
        "value": "0.057623863220214844",
        "cumulative": false
    },
    {
        "date": "2020-12-08T11:26:44.938Z",
        "value": "0.048002004623413086",
        "cumulative": false
    },
    {
        "date": "2020-12-08T11:26:47.359Z",
        "value": "0.05184316635131836",
        "cumulative": false
    },
    {
        "date": "2020-12-08T11:26:49.887Z",
        "value": "0.06487894058227539",
        "cumulative": false
    },
    {
        "date": "2020-12-08T11:26:52.432Z",
        "value": "0.054502248764038086",
        "cumulative": false
    },
    {
        "date": "2020-12-08T11:26:54.926Z",
        "value": "0.056025028228759766",
        "cumulative": false
    },
    {
        "date": "2020-12-08T11:26:57.493Z",
        "value": "0.06285381317138672",
        "cumulative": false
    },
    {
        "date": "2020-12-08T11:26:59.999Z",
        "value": "0.05759549140930176",
        "cumulative": false
    },
    {
        "date": "2020-12-08T11:27:02.493Z",
        "value": "0.056191205978393555",
        "cumulative": false
    },
    {
        "date": "2020-12-08T11:27:04.955Z",
        "value": "0.06001448631286621",
        "cumulative": false
    },
    {
        "date": "2020-12-08T11:27:07.519Z",
        "value": "0.05576610565185547",
        "cumulative": false
    },
    {
        "date": "2020-12-08T11:27:10.047Z",
        "value": "0.05393218994140625",
        "cumulative": false
    },
    {
        "date": "2020-12-08T11:27:12.434Z",
        "value": "0.05350017547607422",
        "cumulative": false
    },
    {
        "date": "2020-12-08T11:27:14.966Z",
        "value": "0.05335593223571777",
        "cumulative": false
    },
    {
        "date": "2020-12-08T11:27:17.454Z",
        "value": "0.06362128257751465",
        "cumulative": false
    },
    {
        "date": "2020-12-08T11:27:19.903Z",
        "value": "0.055355072021484375",
        "cumulative": false
    },
    {
        "date": "2020-12-08T11:27:22.504Z",
        "value": "0.050240278244018555",
        "cumulative": false
    },
    {
        "date": "2020-12-08T11:27:24.944Z",
        "value": "0.0587918758392334",
        "cumulative": false
    },
    {
        "date": "2020-12-08T11:27:27.406Z",
        "value": "0.061560869216918945",
        "cumulative": false
    },
    {
        "date": "2020-12-08T11:27:29.971Z",
        "value": "0.05333995819091797",
        "cumulative": false
    }
]