[
    {
        "date": "2020-12-08T11:26:32.372Z",
        "value": "0.0043866634368896484",
        "cumulative": false
    },
    {
        "date": "2020-12-08T11:26:34.833Z",
        "value": "0.004744291305541992",
        "cumulative": false
    },
    {
        "date": "2020-12-08T11:26:37.332Z",
        "value": "0.0041005611419677734",
        "cumulative": false
    },
    {
        "date": "2020-12-08T11:26:39.896Z",
        "value": "0.004326581954956055",
        "cumulative": false
    },
    {
        "date": "2020-12-08T11:26:42.448Z",
        "value": "0.004314899444580078",
        "cumulative": false
    },
    {
        "date": "2020-12-08T11:26:44.944Z",
        "value": "0.004518032073974609",
        "cumulative": false
    },
    {
        "date": "2020-12-08T11:26:47.349Z",
        "value": "0.004338741302490234",
        "cumulative": false
    },
    {
        "date": "2020-12-08T11:26:49.887Z",
        "value": "0.004702329635620117",
        "cumulative": false
    },
    {
        "date": "2020-12-08T11:26:52.435Z",
        "value": "0.004463672637939453",
        "cumulative": false
    },
    {
        "date": "2020-12-08T11:26:54.927Z",
        "value": "0.0045299530029296875",
        "cumulative": false
    },
    {
        "date": "2020-12-08T11:26:57.494Z",
        "value": "0.0050122737884521484",
        "cumulative": false
    },
    {
        "date": "2020-12-08T11:27:00.005Z",
        "value": "0.00445103645324707",
        "cumulative": false
    },
    {
        "date": "2020-12-08T11:27:02.501Z",
        "value": "0.004038572311401367",
        "cumulative": false
    },
    {
        "date": "2020-12-08T11:27:04.944Z",
        "value": "0.004411935806274414",
        "cumulative": false
    },
    {
        "date": "2020-12-08T11:27:07.514Z",
        "value": "0.004136323928833008",
        "cumulative": false
    },
    {
        "date": "2020-12-08T11:27:10.040Z",
        "value": "0.004341840744018555",
        "cumulative": false
    },
    {
        "date": "2020-12-08T11:27:12.431Z",
        "value": "0.004038095474243164",
        "cumulative": false
    },
    {
        "date": "2020-12-08T11:27:14.973Z",
        "value": "0.004411458969116211",
        "cumulative": false
    },
    {
        "date": "2020-12-08T11:27:17.455Z",
        "value": "0.004115104675292969",
        "cumulative": false
    },
    {
        "date": "2020-12-08T11:27:19.900Z",
        "value": "0.003987789154052734",
        "cumulative": false
    },
    {
        "date": "2020-12-08T11:27:22.502Z",
        "value": "0.004274606704711914",
        "cumulative": false
    },
    {
        "date": "2020-12-08T11:27:24.935Z",
        "value": "0.004129886627197266",
        "cumulative": false
    },
    {
        "date": "2020-12-08T11:27:27.413Z",
        "value": "0.0041637420654296875",
        "cumulative": false
    },
    {
        "date": "2020-12-08T11:27:29.977Z",
        "value": "0.004053354263305664",
        "cumulative": false
    }
]