[
    {
        "date": "2020-12-08T11:26:32.360Z",
        "value": "2.281619071960449",
        "cumulative": false
    },
    {
        "date": "2020-12-08T11:26:34.820Z",
        "value": "0.24074530601501465",
        "cumulative": false
    },
    {
        "date": "2020-12-08T11:26:37.332Z",
        "value": "0.21265387535095215",
        "cumulative": false
    },
    {
        "date": "2020-12-08T11:26:39.894Z",
        "value": "0.24151134490966797",
        "cumulative": false
    },
    {
        "date": "2020-12-08T11:26:42.446Z",
        "value": "0.23415899276733398",
        "cumulative": false
    },
    {
        "date": "2020-12-08T11:26:44.931Z",
        "value": "0.23937487602233887",
        "cumulative": false
    },
    {
        "date": "2020-12-08T11:26:47.343Z",
        "value": "0.23471760749816895",
        "cumulative": false
    },
    {
        "date": "2020-12-08T11:26:49.880Z",
        "value": "0.22243309020996094",
        "cumulative": false
    },
    {
        "date": "2020-12-08T11:26:52.441Z",
        "value": "0.23673415184020996",
        "cumulative": false
    },
    {
        "date": "2020-12-08T11:26:54.911Z",
        "value": "0.2555224895477295",
        "cumulative": false
    },
    {
        "date": "2020-12-08T11:26:57.482Z",
        "value": "0.25586676597595215",
        "cumulative": false
    },
    {
        "date": "2020-12-08T11:26:59.999Z",
        "value": "0.23286724090576172",
        "cumulative": false
    },
    {
        "date": "2020-12-08T11:27:02.488Z",
        "value": "0.2367267608642578",
        "cumulative": false
    },
    {
        "date": "2020-12-08T11:27:04.940Z",
        "value": "0.24666380882263184",
        "cumulative": false
    },
    {
        "date": "2020-12-08T11:27:07.512Z",
        "value": "0.22899651527404785",
        "cumulative": false
    },
    {
        "date": "2020-12-08T11:27:10.034Z",
        "value": "0.21441340446472168",
        "cumulative": false
    },
    {
        "date": "2020-12-08T11:27:12.431Z",
        "value": "0.22042512893676758",
        "cumulative": false
    },
    {
        "date": "2020-12-08T11:27:14.969Z",
        "value": "0.23438048362731934",
        "cumulative": false
    },
    {
        "date": "2020-12-08T11:27:17.449Z",
        "value": "0.23926424980163574",
        "cumulative": false
    },
    {
        "date": "2020-12-08T11:27:19.905Z",
        "value": "0.2203681468963623",
        "cumulative": false
    },
    {
        "date": "2020-12-08T11:27:22.495Z",
        "value": "0.21137571334838867",
        "cumulative": false
    },
    {
        "date": "2020-12-08T11:27:24.932Z",
        "value": "0.2666759490966797",
        "cumulative": false
    },
    {
        "date": "2020-12-08T11:27:27.400Z",
        "value": "0.21509933471679688",
        "cumulative": false
    },
    {
        "date": "2020-12-08T11:27:29.969Z",
        "value": "0.23765897750854492",
        "cumulative": false
    }
]