[
    {
        "date": "2020-12-08T11:26:32.369Z",
        "value": "6.437301635742188e-05",
        "cumulative": false
    },
    {
        "date": "2020-12-08T11:26:34.835Z",
        "value": "6.0558319091796875e-05",
        "cumulative": false
    },
    {
        "date": "2020-12-08T11:26:37.336Z",
        "value": "6.0558319091796875e-05",
        "cumulative": false
    },
    {
        "date": "2020-12-08T11:26:39.902Z",
        "value": "6.008148193359375e-05",
        "cumulative": false
    },
    {
        "date": "2020-12-08T11:26:42.466Z",
        "value": "5.91278076171875e-05",
        "cumulative": false
    },
    {
        "date": "2020-12-08T11:26:44.937Z",
        "value": "5.1975250244140625e-05",
        "cumulative": false
    },
    {
        "date": "2020-12-08T11:26:47.354Z",
        "value": "6.198883056640625e-05",
        "cumulative": false
    },
    {
        "date": "2020-12-08T11:26:49.892Z",
        "value": "6.437301635742188e-05",
        "cumulative": false
    },
    {
        "date": "2020-12-08T11:26:52.440Z",
        "value": "6.556510925292969e-05",
        "cumulative": false
    },
    {
        "date": "2020-12-08T11:26:54.924Z",
        "value": "9.202957153320312e-05",
        "cumulative": false
    },
    {
        "date": "2020-12-08T11:26:57.497Z",
        "value": "6.270408630371094e-05",
        "cumulative": false
    },
    {
        "date": "2020-12-08T11:27:00.016Z",
        "value": "8.130073547363281e-05",
        "cumulative": false
    },
    {
        "date": "2020-12-08T11:27:02.505Z",
        "value": "6.175041198730469e-05",
        "cumulative": false
    },
    {
        "date": "2020-12-08T11:27:04.949Z",
        "value": "5.4836273193359375e-05",
        "cumulative": false
    },
    {
        "date": "2020-12-08T11:27:07.520Z",
        "value": "7.867813110351562e-05",
        "cumulative": false
    },
    {
        "date": "2020-12-08T11:27:10.050Z",
        "value": "6.103515625e-05",
        "cumulative": false
    },
    {
        "date": "2020-12-08T11:27:12.433Z",
        "value": "5.555152893066406e-05",
        "cumulative": false
    },
    {
        "date": "2020-12-08T11:27:14.972Z",
        "value": "5.602836608886719e-05",
        "cumulative": false
    },
    {
        "date": "2020-12-08T11:27:17.461Z",
        "value": "6.222724914550781e-05",
        "cumulative": false
    },
    {
        "date": "2020-12-08T11:27:19.914Z",
        "value": "5.698204040527344e-05",
        "cumulative": false
    },
    {
        "date": "2020-12-08T11:27:22.510Z",
        "value": "5.9604644775390625e-05",
        "cumulative": false
    },
    {
        "date": "2020-12-08T11:27:24.943Z",
        "value": "5.5789947509765625e-05",
        "cumulative": false
    },
    {
        "date": "2020-12-08T11:27:27.416Z",
        "value": "6.175041198730469e-05",
        "cumulative": false
    },
    {
        "date": "2020-12-08T11:27:29.979Z",
        "value": "5.91278076171875e-05",
        "cumulative": false
    }
]