[
    {
        "date": "2020-12-08T11:26:32.366Z",
        "value": "1.596651315689087",
        "cumulative": false
    },
    {
        "date": "2020-12-08T11:26:34.822Z",
        "value": "1.4314656257629395",
        "cumulative": false
    },
    {
        "date": "2020-12-08T11:26:37.330Z",
        "value": "1.460949420928955",
        "cumulative": false
    },
    {
        "date": "2020-12-08T11:26:39.898Z",
        "value": "1.4687902927398682",
        "cumulative": false
    },
    {
        "date": "2020-12-08T11:26:42.447Z",
        "value": "1.443937063217163",
        "cumulative": false
    },
    {
        "date": "2020-12-08T11:26:44.945Z",
        "value": "1.4460163116455078",
        "cumulative": false
    },
    {
        "date": "2020-12-08T11:26:47.350Z",
        "value": "1.3441812992095947",
        "cumulative": false
    },
    {
        "date": "2020-12-08T11:26:49.886Z",
        "value": "1.4621846675872803",
        "cumulative": false
    },
    {
        "date": "2020-12-08T11:26:52.434Z",
        "value": "1.4520478248596191",
        "cumulative": false
    },
    {
        "date": "2020-12-08T11:26:54.923Z",
        "value": "1.4537835121154785",
        "cumulative": false
    },
    {
        "date": "2020-12-08T11:26:57.492Z",
        "value": "1.449946641921997",
        "cumulative": false
    },
    {
        "date": "2020-12-08T11:26:59.998Z",
        "value": "1.37939453125",
        "cumulative": false
    },
    {
        "date": "2020-12-08T11:27:02.493Z",
        "value": "1.4153354167938232",
        "cumulative": false
    },
    {
        "date": "2020-12-08T11:27:04.940Z",
        "value": "1.4117209911346436",
        "cumulative": false
    },
    {
        "date": "2020-12-08T11:27:07.510Z",
        "value": "1.4667763710021973",
        "cumulative": false
    },
    {
        "date": "2020-12-08T11:27:10.034Z",
        "value": "1.4907314777374268",
        "cumulative": false
    },
    {
        "date": "2020-12-08T11:27:12.428Z",
        "value": "1.3559443950653076",
        "cumulative": false
    },
    {
        "date": "2020-12-08T11:27:14.964Z",
        "value": "1.4805278778076172",
        "cumulative": false
    },
    {
        "date": "2020-12-08T11:27:17.463Z",
        "value": "1.3988463878631592",
        "cumulative": false
    },
    {
        "date": "2020-12-08T11:27:19.901Z",
        "value": "1.4099833965301514",
        "cumulative": false
    },
    {
        "date": "2020-12-08T11:27:22.501Z",
        "value": "1.4889650344848633",
        "cumulative": false
    },
    {
        "date": "2020-12-08T11:27:24.940Z",
        "value": "1.3850114345550537",
        "cumulative": false
    },
    {
        "date": "2020-12-08T11:27:27.403Z",
        "value": "1.4350712299346924",
        "cumulative": false
    },
    {
        "date": "2020-12-08T11:27:29.981Z",
        "value": "1.4691588878631592",
        "cumulative": false
    }
]