[
    {
        "date": "2020-12-08T11:26:32.362Z",
        "value": "2.509733200073242",
        "cumulative": false
    },
    {
        "date": "2020-12-08T11:26:34.830Z",
        "value": "0.24014854431152344",
        "cumulative": false
    },
    {
        "date": "2020-12-08T11:26:37.342Z",
        "value": "0.25252747535705566",
        "cumulative": false
    },
    {
        "date": "2020-12-08T11:26:39.892Z",
        "value": "0.2540421485900879",
        "cumulative": false
    },
    {
        "date": "2020-12-08T11:26:42.450Z",
        "value": "0.22874045372009277",
        "cumulative": false
    },
    {
        "date": "2020-12-08T11:26:44.943Z",
        "value": "0.2644798755645752",
        "cumulative": false
    },
    {
        "date": "2020-12-08T11:26:47.346Z",
        "value": "0.23783636093139648",
        "cumulative": false
    },
    {
        "date": "2020-12-08T11:26:49.884Z",
        "value": "0.23968219757080078",
        "cumulative": false
    },
    {
        "date": "2020-12-08T11:26:52.433Z",
        "value": "0.22941899299621582",
        "cumulative": false
    },
    {
        "date": "2020-12-08T11:26:54.922Z",
        "value": "0.25150370597839355",
        "cumulative": false
    },
    {
        "date": "2020-12-08T11:26:57.484Z",
        "value": "0.28083062171936035",
        "cumulative": false
    },
    {
        "date": "2020-12-08T11:26:59.999Z",
        "value": "0.23053574562072754",
        "cumulative": false
    },
    {
        "date": "2020-12-08T11:27:02.492Z",
        "value": "0.2357625961303711",
        "cumulative": false
    },
    {
        "date": "2020-12-08T11:27:04.946Z",
        "value": "0.22801518440246582",
        "cumulative": false
    },
    {
        "date": "2020-12-08T11:27:07.510Z",
        "value": "0.24737310409545898",
        "cumulative": false
    },
    {
        "date": "2020-12-08T11:27:10.034Z",
        "value": "0.24370098114013672",
        "cumulative": false
    },
    {
        "date": "2020-12-08T11:27:12.433Z",
        "value": "0.24299335479736328",
        "cumulative": false
    },
    {
        "date": "2020-12-08T11:27:14.977Z",
        "value": "0.22986173629760742",
        "cumulative": false
    },
    {
        "date": "2020-12-08T11:27:17.459Z",
        "value": "0.26793861389160156",
        "cumulative": false
    },
    {
        "date": "2020-12-08T11:27:19.908Z",
        "value": "0.23696589469909668",
        "cumulative": false
    },
    {
        "date": "2020-12-08T11:27:22.498Z",
        "value": "0.21876859664916992",
        "cumulative": false
    },
    {
        "date": "2020-12-08T11:27:24.943Z",
        "value": "0.261394739151001",
        "cumulative": false
    },
    {
        "date": "2020-12-08T11:27:27.405Z",
        "value": "0.26548290252685547",
        "cumulative": false
    },
    {
        "date": "2020-12-08T11:27:29.974Z",
        "value": "0.23331260681152344",
        "cumulative": false
    }
]