[
    {
        "date": "2020-12-08T11:26:30.573Z",
        "value": "2.311478614807129",
        "cumulative": false
    },
    {
        "date": "2020-12-08T11:26:33.033Z",
        "value": "1.6971421241760254",
        "cumulative": false
    },
    {
        "date": "2020-12-08T11:26:35.553Z",
        "value": "1.5314887762069702",
        "cumulative": false
    },
    {
        "date": "2020-12-08T11:26:38.082Z",
        "value": "1.2703522443771362",
        "cumulative": false
    },
    {
        "date": "2020-12-08T11:26:40.648Z",
        "value": "1.1256543397903442",
        "cumulative": false
    },
    {
        "date": "2020-12-08T11:26:43.123Z",
        "value": "1.100185751914978",
        "cumulative": false
    },
    {
        "date": "2020-12-08T11:26:45.596Z",
        "value": "0.9774489402770996",
        "cumulative": false
    },
    {
        "date": "2020-12-08T11:26:48.094Z",
        "value": "0.7865477204322815",
        "cumulative": false
    },
    {
        "date": "2020-12-08T11:26:50.646Z",
        "value": "0.9807464480400085",
        "cumulative": false
    },
    {
        "date": "2020-12-08T11:26:53.115Z",
        "value": "0.8646707534790039",
        "cumulative": false
    },
    {
        "date": "2020-12-08T11:26:55.635Z",
        "value": "0.6565896272659302",
        "cumulative": false
    },
    {
        "date": "2020-12-08T11:26:58.263Z",
        "value": "0.6970443725585938",
        "cumulative": false
    },
    {
        "date": "2020-12-08T11:27:00.712Z",
        "value": "0.6988730430603027",
        "cumulative": false
    },
    {
        "date": "2020-12-08T11:27:03.196Z",
        "value": "0.7491232752799988",
        "cumulative": false
    },
    {
        "date": "2020-12-08T11:27:05.721Z",
        "value": "0.6585212349891663",
        "cumulative": false
    },
    {
        "date": "2020-12-08T11:27:08.203Z",
        "value": "0.6164386868476868",
        "cumulative": false
    },
    {
        "date": "2020-12-08T11:27:10.745Z",
        "value": "0.770028293132782",
        "cumulative": false
    },
    {
        "date": "2020-12-08T11:27:13.137Z",
        "value": "0.5671093463897705",
        "cumulative": false
    },
    {
        "date": "2020-12-08T11:27:15.741Z",
        "value": "0.5799563527107239",
        "cumulative": false
    },
    {
        "date": "2020-12-08T11:27:18.152Z",
        "value": "0.4517950415611267",
        "cumulative": false
    },
    {
        "date": "2020-12-08T11:27:20.650Z",
        "value": "0.3878638446331024",
        "cumulative": false
    },
    {
        "date": "2020-12-08T11:27:23.216Z",
        "value": "0.45314618945121765",
        "cumulative": false
    },
    {
        "date": "2020-12-08T11:27:25.620Z",
        "value": "0.4937780201435089",
        "cumulative": false
    },
    {
        "date": "2020-12-08T11:27:28.129Z",
        "value": "0.47156837582588196",
        "cumulative": false
    }
]