[
    {
        "date": "2020-12-08T11:26:32.360Z",
        "value": "0.1058042049407959",
        "cumulative": false
    },
    {
        "date": "2020-12-08T11:26:34.820Z",
        "value": "0.10368704795837402",
        "cumulative": false
    },
    {
        "date": "2020-12-08T11:26:37.332Z",
        "value": "0.09746503829956055",
        "cumulative": false
    },
    {
        "date": "2020-12-08T11:26:39.894Z",
        "value": "0.09647297859191895",
        "cumulative": false
    },
    {
        "date": "2020-12-08T11:26:42.446Z",
        "value": "0.0989539623260498",
        "cumulative": false
    },
    {
        "date": "2020-12-08T11:26:44.931Z",
        "value": "0.11193370819091797",
        "cumulative": false
    },
    {
        "date": "2020-12-08T11:26:47.343Z",
        "value": "0.1084146499633789",
        "cumulative": false
    },
    {
        "date": "2020-12-08T11:26:49.880Z",
        "value": "0.10948014259338379",
        "cumulative": false
    },
    {
        "date": "2020-12-08T11:26:52.441Z",
        "value": "0.10821962356567383",
        "cumulative": false
    },
    {
        "date": "2020-12-08T11:26:54.911Z",
        "value": "0.10058856010437012",
        "cumulative": false
    },
    {
        "date": "2020-12-08T11:26:57.482Z",
        "value": "0.11054825782775879",
        "cumulative": false
    },
    {
        "date": "2020-12-08T11:26:59.999Z",
        "value": "0.10275149345397949",
        "cumulative": false
    },
    {
        "date": "2020-12-08T11:27:02.488Z",
        "value": "0.10708260536193848",
        "cumulative": false
    },
    {
        "date": "2020-12-08T11:27:04.940Z",
        "value": "0.10216045379638672",
        "cumulative": false
    },
    {
        "date": "2020-12-08T11:27:07.512Z",
        "value": "0.10020899772644043",
        "cumulative": false
    },
    {
        "date": "2020-12-08T11:27:10.034Z",
        "value": "0.0986785888671875",
        "cumulative": false
    },
    {
        "date": "2020-12-08T11:27:12.431Z",
        "value": "0.11678123474121094",
        "cumulative": false
    },
    {
        "date": "2020-12-08T11:27:14.969Z",
        "value": "0.09900236129760742",
        "cumulative": false
    },
    {
        "date": "2020-12-08T11:27:17.449Z",
        "value": "0.10106229782104492",
        "cumulative": false
    },
    {
        "date": "2020-12-08T11:27:19.905Z",
        "value": "0.10801959037780762",
        "cumulative": false
    },
    {
        "date": "2020-12-08T11:27:22.495Z",
        "value": "0.1003265380859375",
        "cumulative": false
    },
    {
        "date": "2020-12-08T11:27:24.932Z",
        "value": "0.1269066333770752",
        "cumulative": false
    },
    {
        "date": "2020-12-08T11:27:27.400Z",
        "value": "0.10445380210876465",
        "cumulative": false
    },
    {
        "date": "2020-12-08T11:27:29.970Z",
        "value": "0.10494160652160645",
        "cumulative": false
    }
]