[
    {
        "date": "2020-12-08T11:26:32.360Z",
        "value": "0.013864278793334961",
        "cumulative": false
    },
    {
        "date": "2020-12-08T11:26:34.821Z",
        "value": "0.013099193572998047",
        "cumulative": false
    },
    {
        "date": "2020-12-08T11:26:37.332Z",
        "value": "0.013008832931518555",
        "cumulative": false
    },
    {
        "date": "2020-12-08T11:26:39.894Z",
        "value": "0.012912988662719727",
        "cumulative": false
    },
    {
        "date": "2020-12-08T11:26:42.446Z",
        "value": "0.013050079345703125",
        "cumulative": false
    },
    {
        "date": "2020-12-08T11:26:44.931Z",
        "value": "0.013545513153076172",
        "cumulative": false
    },
    {
        "date": "2020-12-08T11:26:47.343Z",
        "value": "0.01459050178527832",
        "cumulative": false
    },
    {
        "date": "2020-12-08T11:26:49.880Z",
        "value": "0.013252973556518555",
        "cumulative": false
    },
    {
        "date": "2020-12-08T11:26:52.441Z",
        "value": "0.015729904174804688",
        "cumulative": false
    },
    {
        "date": "2020-12-08T11:26:54.911Z",
        "value": "0.012886762619018555",
        "cumulative": false
    },
    {
        "date": "2020-12-08T11:26:57.482Z",
        "value": "0.014292716979980469",
        "cumulative": false
    },
    {
        "date": "2020-12-08T11:26:59.999Z",
        "value": "0.013586997985839844",
        "cumulative": false
    },
    {
        "date": "2020-12-08T11:27:02.488Z",
        "value": "0.01314687728881836",
        "cumulative": false
    },
    {
        "date": "2020-12-08T11:27:04.940Z",
        "value": "0.013190984725952148",
        "cumulative": false
    },
    {
        "date": "2020-12-08T11:27:07.512Z",
        "value": "0.013730764389038086",
        "cumulative": false
    },
    {
        "date": "2020-12-08T11:27:10.034Z",
        "value": "0.013053178787231445",
        "cumulative": false
    },
    {
        "date": "2020-12-08T11:27:12.431Z",
        "value": "0.013646602630615234",
        "cumulative": false
    },
    {
        "date": "2020-12-08T11:27:14.969Z",
        "value": "0.01290583610534668",
        "cumulative": false
    },
    {
        "date": "2020-12-08T11:27:17.449Z",
        "value": "0.015302896499633789",
        "cumulative": false
    },
    {
        "date": "2020-12-08T11:27:19.905Z",
        "value": "0.013699769973754883",
        "cumulative": false
    },
    {
        "date": "2020-12-08T11:27:22.496Z",
        "value": "0.012781858444213867",
        "cumulative": false
    },
    {
        "date": "2020-12-08T11:27:24.932Z",
        "value": "0.014665603637695312",
        "cumulative": false
    },
    {
        "date": "2020-12-08T11:27:27.400Z",
        "value": "0.013855218887329102",
        "cumulative": false
    },
    {
        "date": "2020-12-08T11:27:29.970Z",
        "value": "0.012837886810302734",
        "cumulative": false
    }
]