[
    {
        "date": "2020-12-08T11:26:30.572Z",
        "value": "47.65625",
        "cumulative": false
    },
    {
        "date": "2020-12-08T11:26:33.025Z",
        "value": "81.25",
        "cumulative": false
    },
    {
        "date": "2020-12-08T11:26:35.535Z",
        "value": "90.625",
        "cumulative": false
    },
    {
        "date": "2020-12-08T11:26:38.064Z",
        "value": "92.96875",
        "cumulative": false
    },
    {
        "date": "2020-12-08T11:26:40.631Z",
        "value": "93.75",
        "cumulative": false
    },
    {
        "date": "2020-12-08T11:26:43.114Z",
        "value": "94.53125",
        "cumulative": false
    },
    {
        "date": "2020-12-08T11:26:45.588Z",
        "value": "94.53125",
        "cumulative": false
    },
    {
        "date": "2020-12-08T11:26:48.084Z",
        "value": "98.4375",
        "cumulative": false
    },
    {
        "date": "2020-12-08T11:26:50.629Z",
        "value": "97.65625",
        "cumulative": false
    },
    {
        "date": "2020-12-08T11:26:53.106Z",
        "value": "98.4375",
        "cumulative": false
    },
    {
        "date": "2020-12-08T11:26:55.626Z",
        "value": "98.4375",
        "cumulative": false
    },
    {
        "date": "2020-12-08T11:26:58.249Z",
        "value": "96.875",
        "cumulative": false
    },
    {
        "date": "2020-12-08T11:27:00.701Z",
        "value": "98.4375",
        "cumulative": false
    },
    {
        "date": "2020-12-08T11:27:03.186Z",
        "value": "98.4375",
        "cumulative": false
    },
    {
        "date": "2020-12-08T11:27:05.712Z",
        "value": "96.09375",
        "cumulative": false
    },
    {
        "date": "2020-12-08T11:27:08.192Z",
        "value": "99.21875",
        "cumulative": false
    },
    {
        "date": "2020-12-08T11:27:10.733Z",
        "value": "100.0",
        "cumulative": false
    },
    {
        "date": "2020-12-08T11:27:13.121Z",
        "value": "99.21875",
        "cumulative": false
    },
    {
        "date": "2020-12-08T11:27:15.722Z",
        "value": "98.4375",
        "cumulative": false
    },
    {
        "date": "2020-12-08T11:27:18.135Z",
        "value": "100.0",
        "cumulative": false
    },
    {
        "date": "2020-12-08T11:27:20.635Z",
        "value": "100.0",
        "cumulative": false
    },
    {
        "date": "2020-12-08T11:27:23.197Z",
        "value": "97.65625",
        "cumulative": false
    },
    {
        "date": "2020-12-08T11:27:25.608Z",
        "value": "100.0",
        "cumulative": false
    },
    {
        "date": "2020-12-08T11:27:28.113Z",
        "value": "99.21875",
        "cumulative": false
    }
]