[
    {
        "date": "2020-12-08T11:26:32.384Z",
        "value": "0.01754164695739746",
        "cumulative": false
    },
    {
        "date": "2020-12-08T11:26:34.831Z",
        "value": "0.015820980072021484",
        "cumulative": false
    },
    {
        "date": "2020-12-08T11:26:37.335Z",
        "value": "0.01789236068725586",
        "cumulative": false
    },
    {
        "date": "2020-12-08T11:26:39.903Z",
        "value": "0.016260147094726562",
        "cumulative": false
    },
    {
        "date": "2020-12-08T11:26:42.459Z",
        "value": "0.01551961898803711",
        "cumulative": false
    },
    {
        "date": "2020-12-08T11:26:44.937Z",
        "value": "0.017527341842651367",
        "cumulative": false
    },
    {
        "date": "2020-12-08T11:26:47.356Z",
        "value": "0.01719069480895996",
        "cumulative": false
    },
    {
        "date": "2020-12-08T11:26:49.890Z",
        "value": "0.01746988296508789",
        "cumulative": false
    },
    {
        "date": "2020-12-08T11:26:52.442Z",
        "value": "0.017035961151123047",
        "cumulative": false
    },
    {
        "date": "2020-12-08T11:26:54.920Z",
        "value": "0.0165865421295166",
        "cumulative": false
    },
    {
        "date": "2020-12-08T11:26:57.490Z",
        "value": "0.016984224319458008",
        "cumulative": false
    },
    {
        "date": "2020-12-08T11:27:00.008Z",
        "value": "0.01663064956665039",
        "cumulative": false
    },
    {
        "date": "2020-12-08T11:27:02.509Z",
        "value": "0.015357494354248047",
        "cumulative": false
    },
    {
        "date": "2020-12-08T11:27:04.946Z",
        "value": "0.016678333282470703",
        "cumulative": false
    },
    {
        "date": "2020-12-08T11:27:07.520Z",
        "value": "0.017530441284179688",
        "cumulative": false
    },
    {
        "date": "2020-12-08T11:27:10.045Z",
        "value": "0.016498327255249023",
        "cumulative": false
    },
    {
        "date": "2020-12-08T11:27:12.433Z",
        "value": "0.015990495681762695",
        "cumulative": false
    },
    {
        "date": "2020-12-08T11:27:14.970Z",
        "value": "0.015345573425292969",
        "cumulative": false
    },
    {
        "date": "2020-12-08T11:27:17.458Z",
        "value": "0.018688201904296875",
        "cumulative": false
    },
    {
        "date": "2020-12-08T11:27:19.907Z",
        "value": "0.015957355499267578",
        "cumulative": false
    },
    {
        "date": "2020-12-08T11:27:22.506Z",
        "value": "0.016642093658447266",
        "cumulative": false
    },
    {
        "date": "2020-12-08T11:27:24.956Z",
        "value": "0.022486209869384766",
        "cumulative": false
    },
    {
        "date": "2020-12-08T11:27:27.410Z",
        "value": "0.016913414001464844",
        "cumulative": false
    },
    {
        "date": "2020-12-08T11:27:29.979Z",
        "value": "0.01787114143371582",
        "cumulative": false
    }
]