[
    {
        "date": "2020-12-08T11:26:32.365Z",
        "value": "0.01847076416015625",
        "cumulative": false
    },
    {
        "date": "2020-12-08T11:26:34.829Z",
        "value": "0.019533395767211914",
        "cumulative": false
    },
    {
        "date": "2020-12-08T11:26:37.333Z",
        "value": "0.01935601234436035",
        "cumulative": false
    },
    {
        "date": "2020-12-08T11:26:39.893Z",
        "value": "0.018883943557739258",
        "cumulative": false
    },
    {
        "date": "2020-12-08T11:26:42.449Z",
        "value": "0.01899552345275879",
        "cumulative": false
    },
    {
        "date": "2020-12-08T11:26:44.933Z",
        "value": "0.019777297973632812",
        "cumulative": false
    },
    {
        "date": "2020-12-08T11:26:47.354Z",
        "value": "0.01964592933654785",
        "cumulative": false
    },
    {
        "date": "2020-12-08T11:26:49.886Z",
        "value": "0.018757343292236328",
        "cumulative": false
    },
    {
        "date": "2020-12-08T11:26:52.433Z",
        "value": "0.018169879913330078",
        "cumulative": false
    },
    {
        "date": "2020-12-08T11:26:54.924Z",
        "value": "0.017832517623901367",
        "cumulative": false
    },
    {
        "date": "2020-12-08T11:26:57.486Z",
        "value": "0.018468618392944336",
        "cumulative": false
    },
    {
        "date": "2020-12-08T11:27:00.005Z",
        "value": "0.01857757568359375",
        "cumulative": false
    },
    {
        "date": "2020-12-08T11:27:02.507Z",
        "value": "0.019958019256591797",
        "cumulative": false
    },
    {
        "date": "2020-12-08T11:27:04.953Z",
        "value": "0.018993139266967773",
        "cumulative": false
    },
    {
        "date": "2020-12-08T11:27:07.512Z",
        "value": "0.01852273941040039",
        "cumulative": false
    },
    {
        "date": "2020-12-08T11:27:10.042Z",
        "value": "0.018548250198364258",
        "cumulative": false
    },
    {
        "date": "2020-12-08T11:27:12.431Z",
        "value": "0.020092010498046875",
        "cumulative": false
    },
    {
        "date": "2020-12-08T11:27:14.980Z",
        "value": "0.018807172775268555",
        "cumulative": false
    },
    {
        "date": "2020-12-08T11:27:17.462Z",
        "value": "0.01889204978942871",
        "cumulative": false
    },
    {
        "date": "2020-12-08T11:27:19.913Z",
        "value": "0.01931285858154297",
        "cumulative": false
    },
    {
        "date": "2020-12-08T11:27:22.500Z",
        "value": "0.018488645553588867",
        "cumulative": false
    },
    {
        "date": "2020-12-08T11:27:24.943Z",
        "value": "0.020130634307861328",
        "cumulative": false
    },
    {
        "date": "2020-12-08T11:27:27.411Z",
        "value": "0.019804000854492188",
        "cumulative": false
    },
    {
        "date": "2020-12-08T11:27:29.980Z",
        "value": "0.019276857376098633",
        "cumulative": false
    }
]