[
    {
        "date": "2020-12-08T11:26:32.365Z",
        "value": "9.5367431640625e-05",
        "cumulative": false
    },
    {
        "date": "2020-12-08T11:26:34.829Z",
        "value": "9.489059448242188e-05",
        "cumulative": false
    },
    {
        "date": "2020-12-08T11:26:37.333Z",
        "value": "0.00010037422180175781",
        "cumulative": false
    },
    {
        "date": "2020-12-08T11:26:39.893Z",
        "value": "0.00010156631469726562",
        "cumulative": false
    },
    {
        "date": "2020-12-08T11:26:42.449Z",
        "value": "9.441375732421875e-05",
        "cumulative": false
    },
    {
        "date": "2020-12-08T11:26:44.933Z",
        "value": "8.940696716308594e-05",
        "cumulative": false
    },
    {
        "date": "2020-12-08T11:26:47.354Z",
        "value": "0.00010466575622558594",
        "cumulative": false
    },
    {
        "date": "2020-12-08T11:26:49.886Z",
        "value": "8.988380432128906e-05",
        "cumulative": false
    },
    {
        "date": "2020-12-08T11:26:52.433Z",
        "value": "9.989738464355469e-05",
        "cumulative": false
    },
    {
        "date": "2020-12-08T11:26:54.924Z",
        "value": "9.131431579589844e-05",
        "cumulative": false
    },
    {
        "date": "2020-12-08T11:26:57.486Z",
        "value": "9.202957153320312e-05",
        "cumulative": false
    },
    {
        "date": "2020-12-08T11:27:00.005Z",
        "value": "0.00012731552124023438",
        "cumulative": false
    },
    {
        "date": "2020-12-08T11:27:02.507Z",
        "value": "9.131431579589844e-05",
        "cumulative": false
    },
    {
        "date": "2020-12-08T11:27:04.953Z",
        "value": "0.0001068115234375",
        "cumulative": false
    },
    {
        "date": "2020-12-08T11:27:07.512Z",
        "value": "8.96453857421875e-05",
        "cumulative": false
    },
    {
        "date": "2020-12-08T11:27:10.042Z",
        "value": "9.202957153320312e-05",
        "cumulative": false
    },
    {
        "date": "2020-12-08T11:27:12.432Z",
        "value": "9.584426879882812e-05",
        "cumulative": false
    },
    {
        "date": "2020-12-08T11:27:14.980Z",
        "value": "9.870529174804688e-05",
        "cumulative": false
    },
    {
        "date": "2020-12-08T11:27:17.462Z",
        "value": "9.608268737792969e-05",
        "cumulative": false
    },
    {
        "date": "2020-12-08T11:27:19.913Z",
        "value": "9.417533874511719e-05",
        "cumulative": false
    },
    {
        "date": "2020-12-08T11:27:22.500Z",
        "value": "8.678436279296875e-05",
        "cumulative": false
    },
    {
        "date": "2020-12-08T11:27:24.943Z",
        "value": "0.00013113021850585938",
        "cumulative": false
    },
    {
        "date": "2020-12-08T11:27:27.411Z",
        "value": "0.00012254714965820312",
        "cumulative": false
    },
    {
        "date": "2020-12-08T11:27:29.980Z",
        "value": "9.846687316894531e-05",
        "cumulative": false
    }
]