[
    {
        "date": "2020-12-08T11:26:32.371Z",
        "value": "0.048691511154174805",
        "cumulative": false
    },
    {
        "date": "2020-12-08T11:26:34.841Z",
        "value": "0.05171537399291992",
        "cumulative": false
    },
    {
        "date": "2020-12-08T11:26:37.332Z",
        "value": "0.060425758361816406",
        "cumulative": false
    },
    {
        "date": "2020-12-08T11:26:39.897Z",
        "value": "0.05251932144165039",
        "cumulative": false
    },
    {
        "date": "2020-12-08T11:26:42.450Z",
        "value": "0.05480337142944336",
        "cumulative": false
    },
    {
        "date": "2020-12-08T11:26:44.935Z",
        "value": "0.05322766304016113",
        "cumulative": false
    },
    {
        "date": "2020-12-08T11:26:47.349Z",
        "value": "0.05582165718078613",
        "cumulative": false
    },
    {
        "date": "2020-12-08T11:26:49.889Z",
        "value": "0.056234121322631836",
        "cumulative": false
    },
    {
        "date": "2020-12-08T11:26:52.439Z",
        "value": "0.05707740783691406",
        "cumulative": false
    },
    {
        "date": "2020-12-08T11:26:54.928Z",
        "value": "0.058663129806518555",
        "cumulative": false
    },
    {
        "date": "2020-12-08T11:26:57.487Z",
        "value": "0.0581667423248291",
        "cumulative": false
    },
    {
        "date": "2020-12-08T11:27:00.002Z",
        "value": "0.05223870277404785",
        "cumulative": false
    },
    {
        "date": "2020-12-08T11:27:02.502Z",
        "value": "0.05232048034667969",
        "cumulative": false
    },
    {
        "date": "2020-12-08T11:27:04.958Z",
        "value": "0.06189608573913574",
        "cumulative": false
    },
    {
        "date": "2020-12-08T11:27:07.512Z",
        "value": "0.061174631118774414",
        "cumulative": false
    },
    {
        "date": "2020-12-08T11:27:10.043Z",
        "value": "0.053758859634399414",
        "cumulative": false
    },
    {
        "date": "2020-12-08T11:27:12.438Z",
        "value": "0.0546262264251709",
        "cumulative": false
    },
    {
        "date": "2020-12-08T11:27:14.975Z",
        "value": "0.05643606185913086",
        "cumulative": false
    },
    {
        "date": "2020-12-08T11:27:17.458Z",
        "value": "0.05415153503417969",
        "cumulative": false
    },
    {
        "date": "2020-12-08T11:27:19.902Z",
        "value": "0.0584104061126709",
        "cumulative": false
    },
    {
        "date": "2020-12-08T11:27:22.502Z",
        "value": "0.05340981483459473",
        "cumulative": false
    },
    {
        "date": "2020-12-08T11:27:24.938Z",
        "value": "0.06896758079528809",
        "cumulative": false
    },
    {
        "date": "2020-12-08T11:27:27.406Z",
        "value": "0.054097890853881836",
        "cumulative": false
    },
    {
        "date": "2020-12-08T11:27:29.979Z",
        "value": "0.06219959259033203",
        "cumulative": false
    }
]