[
    {
        "date": "2020-12-08T11:26:32.369Z",
        "value": "0.01582193374633789",
        "cumulative": false
    },
    {
        "date": "2020-12-08T11:26:34.843Z",
        "value": "0.016956329345703125",
        "cumulative": false
    },
    {
        "date": "2020-12-08T11:26:37.341Z",
        "value": "0.016962289810180664",
        "cumulative": false
    },
    {
        "date": "2020-12-08T11:26:39.898Z",
        "value": "0.01796579360961914",
        "cumulative": false
    },
    {
        "date": "2020-12-08T11:26:42.455Z",
        "value": "0.01695537567138672",
        "cumulative": false
    },
    {
        "date": "2020-12-08T11:26:44.938Z",
        "value": "0.016257286071777344",
        "cumulative": false
    },
    {
        "date": "2020-12-08T11:26:47.359Z",
        "value": "0.0205075740814209",
        "cumulative": false
    },
    {
        "date": "2020-12-08T11:26:49.890Z",
        "value": "0.016303539276123047",
        "cumulative": false
    },
    {
        "date": "2020-12-08T11:26:52.443Z",
        "value": "0.015473127365112305",
        "cumulative": false
    },
    {
        "date": "2020-12-08T11:26:54.923Z",
        "value": "0.01593947410583496",
        "cumulative": false
    },
    {
        "date": "2020-12-08T11:26:57.491Z",
        "value": "0.018373966217041016",
        "cumulative": false
    },
    {
        "date": "2020-12-08T11:27:00.006Z",
        "value": "0.01714324951171875",
        "cumulative": false
    },
    {
        "date": "2020-12-08T11:27:02.498Z",
        "value": "0.016083717346191406",
        "cumulative": false
    },
    {
        "date": "2020-12-08T11:27:04.952Z",
        "value": "0.017776966094970703",
        "cumulative": false
    },
    {
        "date": "2020-12-08T11:27:07.515Z",
        "value": "0.017354726791381836",
        "cumulative": false
    },
    {
        "date": "2020-12-08T11:27:10.040Z",
        "value": "0.015305280685424805",
        "cumulative": false
    },
    {
        "date": "2020-12-08T11:27:12.432Z",
        "value": "0.015665292739868164",
        "cumulative": false
    },
    {
        "date": "2020-12-08T11:27:14.970Z",
        "value": "0.016635894775390625",
        "cumulative": false
    },
    {
        "date": "2020-12-08T11:27:17.466Z",
        "value": "0.017209529876708984",
        "cumulative": false
    },
    {
        "date": "2020-12-08T11:27:19.914Z",
        "value": "0.01616382598876953",
        "cumulative": false
    },
    {
        "date": "2020-12-08T11:27:22.514Z",
        "value": "0.015830278396606445",
        "cumulative": false
    },
    {
        "date": "2020-12-08T11:27:24.946Z",
        "value": "0.015788793563842773",
        "cumulative": false
    },
    {
        "date": "2020-12-08T11:27:27.421Z",
        "value": "0.015904903411865234",
        "cumulative": false
    },
    {
        "date": "2020-12-08T11:27:29.983Z",
        "value": "0.015589475631713867",
        "cumulative": false
    }
]