[
    {
        "date": "2020-12-08T11:26:32.373Z",
        "value": "0.005604743957519531",
        "cumulative": false
    },
    {
        "date": "2020-12-08T11:26:34.834Z",
        "value": "0.004823923110961914",
        "cumulative": false
    },
    {
        "date": "2020-12-08T11:26:37.340Z",
        "value": "0.004776716232299805",
        "cumulative": false
    },
    {
        "date": "2020-12-08T11:26:39.902Z",
        "value": "0.005460500717163086",
        "cumulative": false
    },
    {
        "date": "2020-12-08T11:26:42.457Z",
        "value": "0.005005836486816406",
        "cumulative": false
    },
    {
        "date": "2020-12-08T11:26:44.948Z",
        "value": "0.004896879196166992",
        "cumulative": false
    },
    {
        "date": "2020-12-08T11:26:47.370Z",
        "value": "0.005305767059326172",
        "cumulative": false
    },
    {
        "date": "2020-12-08T11:26:49.910Z",
        "value": "0.0049800872802734375",
        "cumulative": false
    },
    {
        "date": "2020-12-08T11:26:52.445Z",
        "value": "0.005052804946899414",
        "cumulative": false
    },
    {
        "date": "2020-12-08T11:26:54.926Z",
        "value": "0.00492405891418457",
        "cumulative": false
    },
    {
        "date": "2020-12-08T11:26:57.497Z",
        "value": "0.005287885665893555",
        "cumulative": false
    },
    {
        "date": "2020-12-08T11:27:00.009Z",
        "value": "0.005149364471435547",
        "cumulative": false
    },
    {
        "date": "2020-12-08T11:27:02.509Z",
        "value": "0.0050601959228515625",
        "cumulative": false
    },
    {
        "date": "2020-12-08T11:27:04.951Z",
        "value": "0.004987955093383789",
        "cumulative": false
    },
    {
        "date": "2020-12-08T11:27:07.535Z",
        "value": "0.005041360855102539",
        "cumulative": false
    },
    {
        "date": "2020-12-08T11:27:10.046Z",
        "value": "0.00548863410949707",
        "cumulative": false
    },
    {
        "date": "2020-12-08T11:27:12.444Z",
        "value": "0.004778146743774414",
        "cumulative": false
    },
    {
        "date": "2020-12-08T11:27:14.975Z",
        "value": "0.005384922027587891",
        "cumulative": false
    },
    {
        "date": "2020-12-08T11:27:17.471Z",
        "value": "0.0052144527435302734",
        "cumulative": false
    },
    {
        "date": "2020-12-08T11:27:19.914Z",
        "value": "0.005355358123779297",
        "cumulative": false
    },
    {
        "date": "2020-12-08T11:27:22.507Z",
        "value": "0.005114555358886719",
        "cumulative": false
    },
    {
        "date": "2020-12-08T11:27:24.946Z",
        "value": "0.004988431930541992",
        "cumulative": false
    },
    {
        "date": "2020-12-08T11:27:27.420Z",
        "value": "0.004828691482543945",
        "cumulative": false
    },
    {
        "date": "2020-12-08T11:27:29.980Z",
        "value": "0.004801511764526367",
        "cumulative": false
    }
]