[
    {
        "date": "2020-12-08T11:26:32.365Z",
        "value": "0.015202760696411133",
        "cumulative": false
    },
    {
        "date": "2020-12-08T11:26:34.831Z",
        "value": "0.014375686645507812",
        "cumulative": false
    },
    {
        "date": "2020-12-08T11:26:37.333Z",
        "value": "0.013558387756347656",
        "cumulative": false
    },
    {
        "date": "2020-12-08T11:26:39.893Z",
        "value": "0.01720738410949707",
        "cumulative": false
    },
    {
        "date": "2020-12-08T11:26:42.450Z",
        "value": "0.015430212020874023",
        "cumulative": false
    },
    {
        "date": "2020-12-08T11:26:44.931Z",
        "value": "0.01431584358215332",
        "cumulative": false
    },
    {
        "date": "2020-12-08T11:26:47.351Z",
        "value": "0.01672673225402832",
        "cumulative": false
    },
    {
        "date": "2020-12-08T11:26:49.887Z",
        "value": "0.016667842864990234",
        "cumulative": false
    },
    {
        "date": "2020-12-08T11:26:52.438Z",
        "value": "0.015109539031982422",
        "cumulative": false
    },
    {
        "date": "2020-12-08T11:26:54.914Z",
        "value": "0.014888525009155273",
        "cumulative": false
    },
    {
        "date": "2020-12-08T11:26:57.482Z",
        "value": "0.01790618896484375",
        "cumulative": false
    },
    {
        "date": "2020-12-08T11:26:59.999Z",
        "value": "0.014626741409301758",
        "cumulative": false
    },
    {
        "date": "2020-12-08T11:27:02.502Z",
        "value": "0.013870954513549805",
        "cumulative": false
    },
    {
        "date": "2020-12-08T11:27:04.942Z",
        "value": "0.01490330696105957",
        "cumulative": false
    },
    {
        "date": "2020-12-08T11:27:07.521Z",
        "value": "0.014467477798461914",
        "cumulative": false
    },
    {
        "date": "2020-12-08T11:27:10.047Z",
        "value": "0.015086889266967773",
        "cumulative": false
    },
    {
        "date": "2020-12-08T11:27:12.427Z",
        "value": "0.014691352844238281",
        "cumulative": false
    },
    {
        "date": "2020-12-08T11:27:14.962Z",
        "value": "0.013687372207641602",
        "cumulative": false
    },
    {
        "date": "2020-12-08T11:27:17.456Z",
        "value": "0.015062332153320312",
        "cumulative": false
    },
    {
        "date": "2020-12-08T11:27:19.902Z",
        "value": "0.014725208282470703",
        "cumulative": false
    },
    {
        "date": "2020-12-08T11:27:22.498Z",
        "value": "0.013776779174804688",
        "cumulative": false
    },
    {
        "date": "2020-12-08T11:27:24.938Z",
        "value": "0.014451980590820312",
        "cumulative": false
    },
    {
        "date": "2020-12-08T11:27:27.407Z",
        "value": "0.013657331466674805",
        "cumulative": false
    },
    {
        "date": "2020-12-08T11:27:29.968Z",
        "value": "0.014302492141723633",
        "cumulative": false
    }
]