[
    {
        "date": "2020-12-08T11:26:32.384Z",
        "value": "0.12151527404785156",
        "cumulative": false
    },
    {
        "date": "2020-12-08T11:26:34.831Z",
        "value": "0.11432576179504395",
        "cumulative": false
    },
    {
        "date": "2020-12-08T11:26:37.335Z",
        "value": "0.11162662506103516",
        "cumulative": false
    },
    {
        "date": "2020-12-08T11:26:39.903Z",
        "value": "0.11839556694030762",
        "cumulative": false
    },
    {
        "date": "2020-12-08T11:26:42.459Z",
        "value": "0.11037325859069824",
        "cumulative": false
    },
    {
        "date": "2020-12-08T11:26:44.937Z",
        "value": "0.12315702438354492",
        "cumulative": false
    },
    {
        "date": "2020-12-08T11:26:47.356Z",
        "value": "0.13390278816223145",
        "cumulative": false
    },
    {
        "date": "2020-12-08T11:26:49.890Z",
        "value": "0.12117910385131836",
        "cumulative": false
    },
    {
        "date": "2020-12-08T11:26:52.442Z",
        "value": "0.1184854507446289",
        "cumulative": false
    },
    {
        "date": "2020-12-08T11:26:54.920Z",
        "value": "0.11089420318603516",
        "cumulative": false
    },
    {
        "date": "2020-12-08T11:26:57.490Z",
        "value": "0.12221121788024902",
        "cumulative": false
    },
    {
        "date": "2020-12-08T11:27:00.008Z",
        "value": "0.12238001823425293",
        "cumulative": false
    },
    {
        "date": "2020-12-08T11:27:02.509Z",
        "value": "0.12072396278381348",
        "cumulative": false
    },
    {
        "date": "2020-12-08T11:27:04.946Z",
        "value": "0.12389087677001953",
        "cumulative": false
    },
    {
        "date": "2020-12-08T11:27:07.520Z",
        "value": "0.12045717239379883",
        "cumulative": false
    },
    {
        "date": "2020-12-08T11:27:10.045Z",
        "value": "0.11957788467407227",
        "cumulative": false
    },
    {
        "date": "2020-12-08T11:27:12.433Z",
        "value": "0.12248849868774414",
        "cumulative": false
    },
    {
        "date": "2020-12-08T11:27:14.970Z",
        "value": "0.1149911880493164",
        "cumulative": false
    },
    {
        "date": "2020-12-08T11:27:17.458Z",
        "value": "0.12493276596069336",
        "cumulative": false
    },
    {
        "date": "2020-12-08T11:27:19.907Z",
        "value": "0.12784361839294434",
        "cumulative": false
    },
    {
        "date": "2020-12-08T11:27:22.506Z",
        "value": "0.11441898345947266",
        "cumulative": false
    },
    {
        "date": "2020-12-08T11:27:24.956Z",
        "value": "0.12927913665771484",
        "cumulative": false
    },
    {
        "date": "2020-12-08T11:27:27.410Z",
        "value": "0.1207723617553711",
        "cumulative": false
    },
    {
        "date": "2020-12-08T11:27:29.979Z",
        "value": "0.1308128833770752",
        "cumulative": false
    }
]