[
    {
        "date": "2020-12-08T11:26:32.365Z",
        "value": "0.11301016807556152",
        "cumulative": false
    },
    {
        "date": "2020-12-08T11:26:34.827Z",
        "value": "0.10552120208740234",
        "cumulative": false
    },
    {
        "date": "2020-12-08T11:26:37.329Z",
        "value": "0.11461663246154785",
        "cumulative": false
    },
    {
        "date": "2020-12-08T11:26:39.905Z",
        "value": "0.11546921730041504",
        "cumulative": false
    },
    {
        "date": "2020-12-08T11:26:42.450Z",
        "value": "0.12015581130981445",
        "cumulative": false
    },
    {
        "date": "2020-12-08T11:26:44.938Z",
        "value": "0.1028909683227539",
        "cumulative": false
    },
    {
        "date": "2020-12-08T11:26:47.359Z",
        "value": "0.1270155906677246",
        "cumulative": false
    },
    {
        "date": "2020-12-08T11:26:49.887Z",
        "value": "0.11657547950744629",
        "cumulative": false
    },
    {
        "date": "2020-12-08T11:26:52.432Z",
        "value": "0.11775946617126465",
        "cumulative": false
    },
    {
        "date": "2020-12-08T11:26:54.926Z",
        "value": "0.11723875999450684",
        "cumulative": false
    },
    {
        "date": "2020-12-08T11:26:57.493Z",
        "value": "0.1157231330871582",
        "cumulative": false
    },
    {
        "date": "2020-12-08T11:26:59.999Z",
        "value": "0.1138160228729248",
        "cumulative": false
    },
    {
        "date": "2020-12-08T11:27:02.493Z",
        "value": "0.11989068984985352",
        "cumulative": false
    },
    {
        "date": "2020-12-08T11:27:04.956Z",
        "value": "0.12400937080383301",
        "cumulative": false
    },
    {
        "date": "2020-12-08T11:27:07.519Z",
        "value": "0.1171867847442627",
        "cumulative": false
    },
    {
        "date": "2020-12-08T11:27:10.047Z",
        "value": "0.12334132194519043",
        "cumulative": false
    },
    {
        "date": "2020-12-08T11:27:12.434Z",
        "value": "0.12028288841247559",
        "cumulative": false
    },
    {
        "date": "2020-12-08T11:27:14.967Z",
        "value": "0.10682964324951172",
        "cumulative": false
    },
    {
        "date": "2020-12-08T11:27:17.454Z",
        "value": "0.12073135375976562",
        "cumulative": false
    },
    {
        "date": "2020-12-08T11:27:19.903Z",
        "value": "0.11214590072631836",
        "cumulative": false
    },
    {
        "date": "2020-12-08T11:27:22.504Z",
        "value": "0.11164045333862305",
        "cumulative": false
    },
    {
        "date": "2020-12-08T11:27:24.944Z",
        "value": "0.11403512954711914",
        "cumulative": false
    },
    {
        "date": "2020-12-08T11:27:27.406Z",
        "value": "0.12138152122497559",
        "cumulative": false
    },
    {
        "date": "2020-12-08T11:27:29.971Z",
        "value": "0.1122446060180664",
        "cumulative": false
    }
]