[
    {
        "date": "2020-12-08T11:26:32.371Z",
        "value": "0.0455777645111084",
        "cumulative": false
    },
    {
        "date": "2020-12-08T11:26:34.833Z",
        "value": "0.04942011833190918",
        "cumulative": false
    },
    {
        "date": "2020-12-08T11:26:37.332Z",
        "value": "0.04279828071594238",
        "cumulative": false
    },
    {
        "date": "2020-12-08T11:26:39.896Z",
        "value": "0.05102252960205078",
        "cumulative": false
    },
    {
        "date": "2020-12-08T11:26:42.448Z",
        "value": "0.04198575019836426",
        "cumulative": false
    },
    {
        "date": "2020-12-08T11:26:44.944Z",
        "value": "0.05170130729675293",
        "cumulative": false
    },
    {
        "date": "2020-12-08T11:26:47.349Z",
        "value": "0.04677557945251465",
        "cumulative": false
    },
    {
        "date": "2020-12-08T11:26:49.887Z",
        "value": "0.053323984146118164",
        "cumulative": false
    },
    {
        "date": "2020-12-08T11:26:52.435Z",
        "value": "0.0474855899810791",
        "cumulative": false
    },
    {
        "date": "2020-12-08T11:26:54.927Z",
        "value": "0.0469512939453125",
        "cumulative": false
    },
    {
        "date": "2020-12-08T11:26:57.494Z",
        "value": "0.05452775955200195",
        "cumulative": false
    },
    {
        "date": "2020-12-08T11:27:00.005Z",
        "value": "0.04790353775024414",
        "cumulative": false
    },
    {
        "date": "2020-12-08T11:27:02.501Z",
        "value": "0.04329562187194824",
        "cumulative": false
    },
    {
        "date": "2020-12-08T11:27:04.944Z",
        "value": "0.05341172218322754",
        "cumulative": false
    },
    {
        "date": "2020-12-08T11:27:07.514Z",
        "value": "0.045920610427856445",
        "cumulative": false
    },
    {
        "date": "2020-12-08T11:27:10.040Z",
        "value": "0.04498744010925293",
        "cumulative": false
    },
    {
        "date": "2020-12-08T11:27:12.431Z",
        "value": "0.04684567451477051",
        "cumulative": false
    },
    {
        "date": "2020-12-08T11:27:14.973Z",
        "value": "0.05191469192504883",
        "cumulative": false
    },
    {
        "date": "2020-12-08T11:27:17.455Z",
        "value": "0.05191802978515625",
        "cumulative": false
    },
    {
        "date": "2020-12-08T11:27:19.900Z",
        "value": "0.04320788383483887",
        "cumulative": false
    },
    {
        "date": "2020-12-08T11:27:22.502Z",
        "value": "0.04130101203918457",
        "cumulative": false
    },
    {
        "date": "2020-12-08T11:27:24.935Z",
        "value": "0.04987311363220215",
        "cumulative": false
    },
    {
        "date": "2020-12-08T11:27:27.413Z",
        "value": "0.043283939361572266",
        "cumulative": false
    },
    {
        "date": "2020-12-08T11:27:29.977Z",
        "value": "0.043749332427978516",
        "cumulative": false
    }
]