[
    {
        "date": "2020-12-08T11:26:32.384Z",
        "value": "1.5321569442749023",
        "cumulative": false
    },
    {
        "date": "2020-12-08T11:26:34.831Z",
        "value": "1.4055969715118408",
        "cumulative": false
    },
    {
        "date": "2020-12-08T11:26:37.335Z",
        "value": "1.4305670261383057",
        "cumulative": false
    },
    {
        "date": "2020-12-08T11:26:39.903Z",
        "value": "1.4351682662963867",
        "cumulative": false
    },
    {
        "date": "2020-12-08T11:26:42.459Z",
        "value": "1.4549288749694824",
        "cumulative": false
    },
    {
        "date": "2020-12-08T11:26:44.937Z",
        "value": "1.404097318649292",
        "cumulative": false
    },
    {
        "date": "2020-12-08T11:26:47.356Z",
        "value": "1.3423762321472168",
        "cumulative": false
    },
    {
        "date": "2020-12-08T11:26:49.890Z",
        "value": "1.4252076148986816",
        "cumulative": false
    },
    {
        "date": "2020-12-08T11:26:52.442Z",
        "value": "1.462061882019043",
        "cumulative": false
    },
    {
        "date": "2020-12-08T11:26:54.920Z",
        "value": "1.4307706356048584",
        "cumulative": false
    },
    {
        "date": "2020-12-08T11:26:57.490Z",
        "value": "1.4325404167175293",
        "cumulative": false
    },
    {
        "date": "2020-12-08T11:27:00.008Z",
        "value": "1.3846244812011719",
        "cumulative": false
    },
    {
        "date": "2020-12-08T11:27:02.509Z",
        "value": "1.4256489276885986",
        "cumulative": false
    },
    {
        "date": "2020-12-08T11:27:04.946Z",
        "value": "1.378364086151123",
        "cumulative": false
    },
    {
        "date": "2020-12-08T11:27:07.520Z",
        "value": "1.4750828742980957",
        "cumulative": false
    },
    {
        "date": "2020-12-08T11:27:10.045Z",
        "value": "1.4777133464813232",
        "cumulative": false
    },
    {
        "date": "2020-12-08T11:27:12.433Z",
        "value": "1.295206069946289",
        "cumulative": false
    },
    {
        "date": "2020-12-08T11:27:14.970Z",
        "value": "1.4630820751190186",
        "cumulative": false
    },
    {
        "date": "2020-12-08T11:27:17.458Z",
        "value": "1.368779182434082",
        "cumulative": false
    },
    {
        "date": "2020-12-08T11:27:19.907Z",
        "value": "1.3918488025665283",
        "cumulative": false
    },
    {
        "date": "2020-12-08T11:27:22.506Z",
        "value": "1.4643094539642334",
        "cumulative": false
    },
    {
        "date": "2020-12-08T11:27:24.956Z",
        "value": "1.3631556034088135",
        "cumulative": false
    },
    {
        "date": "2020-12-08T11:27:27.410Z",
        "value": "1.3820829391479492",
        "cumulative": false
    },
    {
        "date": "2020-12-08T11:27:29.979Z",
        "value": "1.4648420810699463",
        "cumulative": false
    }
]