[
    {
        "date": "2020-12-08T11:26:30.574Z",
        "value": "14.84375",
        "cumulative": false
    },
    {
        "date": "2020-12-08T11:26:33.033Z",
        "value": "35.15625",
        "cumulative": false
    },
    {
        "date": "2020-12-08T11:26:35.553Z",
        "value": "39.84375",
        "cumulative": false
    },
    {
        "date": "2020-12-08T11:26:38.083Z",
        "value": "52.34375",
        "cumulative": false
    },
    {
        "date": "2020-12-08T11:26:40.648Z",
        "value": "58.59375",
        "cumulative": false
    },
    {
        "date": "2020-12-08T11:26:43.123Z",
        "value": "52.34375",
        "cumulative": false
    },
    {
        "date": "2020-12-08T11:26:45.597Z",
        "value": "64.84375",
        "cumulative": false
    },
    {
        "date": "2020-12-08T11:26:48.094Z",
        "value": "66.40625",
        "cumulative": false
    },
    {
        "date": "2020-12-08T11:26:50.646Z",
        "value": "64.84375",
        "cumulative": false
    },
    {
        "date": "2020-12-08T11:26:53.115Z",
        "value": "69.53125",
        "cumulative": false
    },
    {
        "date": "2020-12-08T11:26:55.635Z",
        "value": "71.09375",
        "cumulative": false
    },
    {
        "date": "2020-12-08T11:26:58.264Z",
        "value": "77.34375",
        "cumulative": false
    },
    {
        "date": "2020-12-08T11:27:00.712Z",
        "value": "75.0",
        "cumulative": false
    },
    {
        "date": "2020-12-08T11:27:03.196Z",
        "value": "72.65625",
        "cumulative": false
    },
    {
        "date": "2020-12-08T11:27:05.722Z",
        "value": "77.34375",
        "cumulative": false
    },
    {
        "date": "2020-12-08T11:27:08.203Z",
        "value": "74.21875",
        "cumulative": false
    },
    {
        "date": "2020-12-08T11:27:10.745Z",
        "value": "75.0",
        "cumulative": false
    },
    {
        "date": "2020-12-08T11:27:13.137Z",
        "value": "79.6875",
        "cumulative": false
    },
    {
        "date": "2020-12-08T11:27:15.741Z",
        "value": "73.4375",
        "cumulative": false
    },
    {
        "date": "2020-12-08T11:27:18.152Z",
        "value": "85.9375",
        "cumulative": false
    },
    {
        "date": "2020-12-08T11:27:20.651Z",
        "value": "89.0625",
        "cumulative": false
    },
    {
        "date": "2020-12-08T11:27:23.217Z",
        "value": "80.46875",
        "cumulative": false
    },
    {
        "date": "2020-12-08T11:27:25.620Z",
        "value": "80.46875",
        "cumulative": false
    },
    {
        "date": "2020-12-08T11:27:28.129Z",
        "value": "85.9375",
        "cumulative": false
    }
]