[
    {
        "date": "2020-12-08T11:26:32.362Z",
        "value": "4.25571084022522",
        "cumulative": false
    },
    {
        "date": "2020-12-08T11:26:34.822Z",
        "value": "1.8736259937286377",
        "cumulative": false
    },
    {
        "date": "2020-12-08T11:26:37.330Z",
        "value": "1.9019660949707031",
        "cumulative": false
    },
    {
        "date": "2020-12-08T11:26:39.898Z",
        "value": "1.9172046184539795",
        "cumulative": false
    },
    {
        "date": "2020-12-08T11:26:42.447Z",
        "value": "1.9083266258239746",
        "cumulative": false
    },
    {
        "date": "2020-12-08T11:26:44.945Z",
        "value": "1.8857831954956055",
        "cumulative": false
    },
    {
        "date": "2020-12-08T11:26:47.350Z",
        "value": "1.820641279220581",
        "cumulative": false
    },
    {
        "date": "2020-12-08T11:26:49.886Z",
        "value": "1.9068806171417236",
        "cumulative": false
    },
    {
        "date": "2020-12-08T11:26:52.433Z",
        "value": "1.8853631019592285",
        "cumulative": false
    },
    {
        "date": "2020-12-08T11:26:54.923Z",
        "value": "1.8918697834014893",
        "cumulative": false
    },
    {
        "date": "2020-12-08T11:26:57.491Z",
        "value": "1.918250560760498",
        "cumulative": false
    },
    {
        "date": "2020-12-08T11:26:59.998Z",
        "value": "1.8389511108398438",
        "cumulative": false
    },
    {
        "date": "2020-12-08T11:27:02.493Z",
        "value": "1.8771429061889648",
        "cumulative": false
    },
    {
        "date": "2020-12-08T11:27:04.940Z",
        "value": "1.8403124809265137",
        "cumulative": false
    },
    {
        "date": "2020-12-08T11:27:07.510Z",
        "value": "1.905686378479004",
        "cumulative": false
    },
    {
        "date": "2020-12-08T11:27:10.034Z",
        "value": "1.9218668937683105",
        "cumulative": false
    },
    {
        "date": "2020-12-08T11:27:12.428Z",
        "value": "1.7664196491241455",
        "cumulative": false
    },
    {
        "date": "2020-12-08T11:27:14.964Z",
        "value": "1.9280095100402832",
        "cumulative": false
    },
    {
        "date": "2020-12-08T11:27:17.463Z",
        "value": "1.8260161876678467",
        "cumulative": false
    },
    {
        "date": "2020-12-08T11:27:19.901Z",
        "value": "1.8501293659210205",
        "cumulative": false
    },
    {
        "date": "2020-12-08T11:27:22.501Z",
        "value": "1.9440908432006836",
        "cumulative": false
    },
    {
        "date": "2020-12-08T11:27:24.940Z",
        "value": "1.8392817974090576",
        "cumulative": false
    },
    {
        "date": "2020-12-08T11:27:27.403Z",
        "value": "1.845933198928833",
        "cumulative": false
    },
    {
        "date": "2020-12-08T11:27:29.981Z",
        "value": "1.9314138889312744",
        "cumulative": false
    }
]