[
    {
        "date": "2020-12-08T11:26:30.571Z",
        "value": "10.9375",
        "cumulative": false
    },
    {
        "date": "2020-12-08T11:26:33.025Z",
        "value": "34.375",
        "cumulative": false
    },
    {
        "date": "2020-12-08T11:26:35.535Z",
        "value": "45.3125",
        "cumulative": false
    },
    {
        "date": "2020-12-08T11:26:38.064Z",
        "value": "47.65625",
        "cumulative": false
    },
    {
        "date": "2020-12-08T11:26:40.631Z",
        "value": "57.8125",
        "cumulative": false
    },
    {
        "date": "2020-12-08T11:26:43.114Z",
        "value": "57.03125",
        "cumulative": false
    },
    {
        "date": "2020-12-08T11:26:45.588Z",
        "value": "64.84375",
        "cumulative": false
    },
    {
        "date": "2020-12-08T11:26:48.084Z",
        "value": "66.40625",
        "cumulative": false
    },
    {
        "date": "2020-12-08T11:26:50.629Z",
        "value": "64.84375",
        "cumulative": false
    },
    {
        "date": "2020-12-08T11:26:53.106Z",
        "value": "68.75",
        "cumulative": false
    },
    {
        "date": "2020-12-08T11:26:55.626Z",
        "value": "71.875",
        "cumulative": false
    },
    {
        "date": "2020-12-08T11:26:58.249Z",
        "value": "71.875",
        "cumulative": false
    },
    {
        "date": "2020-12-08T11:27:00.701Z",
        "value": "78.125",
        "cumulative": false
    },
    {
        "date": "2020-12-08T11:27:03.186Z",
        "value": "79.6875",
        "cumulative": false
    },
    {
        "date": "2020-12-08T11:27:05.712Z",
        "value": "69.53125",
        "cumulative": false
    },
    {
        "date": "2020-12-08T11:27:08.192Z",
        "value": "75.78125",
        "cumulative": false
    },
    {
        "date": "2020-12-08T11:27:10.733Z",
        "value": "82.8125",
        "cumulative": false
    },
    {
        "date": "2020-12-08T11:27:13.121Z",
        "value": "82.03125",
        "cumulative": false
    },
    {
        "date": "2020-12-08T11:27:15.722Z",
        "value": "89.0625",
        "cumulative": false
    },
    {
        "date": "2020-12-08T11:27:18.135Z",
        "value": "82.03125",
        "cumulative": false
    },
    {
        "date": "2020-12-08T11:27:20.635Z",
        "value": "86.71875",
        "cumulative": false
    },
    {
        "date": "2020-12-08T11:27:23.197Z",
        "value": "89.0625",
        "cumulative": false
    },
    {
        "date": "2020-12-08T11:27:25.608Z",
        "value": "81.25",
        "cumulative": false
    },
    {
        "date": "2020-12-08T11:27:28.113Z",
        "value": "80.46875",
        "cumulative": false
    }
]