[
    {
        "date": "2020-12-08T11:26:32.366Z",
        "value": "6.103515625e-05",
        "cumulative": false
    },
    {
        "date": "2020-12-08T11:26:34.822Z",
        "value": "6.318092346191406e-05",
        "cumulative": false
    },
    {
        "date": "2020-12-08T11:26:37.330Z",
        "value": "6.270408630371094e-05",
        "cumulative": false
    },
    {
        "date": "2020-12-08T11:26:39.898Z",
        "value": "6.580352783203125e-05",
        "cumulative": false
    },
    {
        "date": "2020-12-08T11:26:42.447Z",
        "value": "6.031990051269531e-05",
        "cumulative": false
    },
    {
        "date": "2020-12-08T11:26:44.945Z",
        "value": "7.82012939453125e-05",
        "cumulative": false
    },
    {
        "date": "2020-12-08T11:26:47.350Z",
        "value": "7.43865966796875e-05",
        "cumulative": false
    },
    {
        "date": "2020-12-08T11:26:49.886Z",
        "value": "6.198883056640625e-05",
        "cumulative": false
    },
    {
        "date": "2020-12-08T11:26:52.434Z",
        "value": "6.771087646484375e-05",
        "cumulative": false
    },
    {
        "date": "2020-12-08T11:26:54.923Z",
        "value": "9.989738464355469e-05",
        "cumulative": false
    },
    {
        "date": "2020-12-08T11:26:57.492Z",
        "value": "6.890296936035156e-05",
        "cumulative": false
    },
    {
        "date": "2020-12-08T11:26:59.998Z",
        "value": "6.222724914550781e-05",
        "cumulative": false
    },
    {
        "date": "2020-12-08T11:27:02.493Z",
        "value": "6.270408630371094e-05",
        "cumulative": false
    },
    {
        "date": "2020-12-08T11:27:04.940Z",
        "value": "6.222724914550781e-05",
        "cumulative": false
    },
    {
        "date": "2020-12-08T11:27:07.510Z",
        "value": "6.246566772460938e-05",
        "cumulative": false
    },
    {
        "date": "2020-12-08T11:27:10.034Z",
        "value": "6.341934204101562e-05",
        "cumulative": false
    },
    {
        "date": "2020-12-08T11:27:12.428Z",
        "value": "5.817413330078125e-05",
        "cumulative": false
    },
    {
        "date": "2020-12-08T11:27:14.964Z",
        "value": "7.128715515136719e-05",
        "cumulative": false
    },
    {
        "date": "2020-12-08T11:27:17.463Z",
        "value": "6.246566772460938e-05",
        "cumulative": false
    },
    {
        "date": "2020-12-08T11:27:19.901Z",
        "value": "6.127357482910156e-05",
        "cumulative": false
    },
    {
        "date": "2020-12-08T11:27:22.501Z",
        "value": "6.151199340820312e-05",
        "cumulative": false
    },
    {
        "date": "2020-12-08T11:27:24.940Z",
        "value": "6.0558319091796875e-05",
        "cumulative": false
    },
    {
        "date": "2020-12-08T11:27:27.403Z",
        "value": "5.9604644775390625e-05",
        "cumulative": false
    },
    {
        "date": "2020-12-08T11:27:29.981Z",
        "value": "6.341934204101562e-05",
        "cumulative": false
    }
]