[
    {
        "date": "2020-12-08T11:26:30.575Z",
        "value": "2.50980544090271",
        "cumulative": false
    },
    {
        "date": "2020-12-08T11:26:33.030Z",
        "value": "1.7869242429733276",
        "cumulative": false
    },
    {
        "date": "2020-12-08T11:26:35.540Z",
        "value": "1.678680419921875",
        "cumulative": false
    },
    {
        "date": "2020-12-08T11:26:38.070Z",
        "value": "1.4963912963867188",
        "cumulative": false
    },
    {
        "date": "2020-12-08T11:26:40.637Z",
        "value": "1.2859673500061035",
        "cumulative": false
    },
    {
        "date": "2020-12-08T11:26:43.120Z",
        "value": "1.1628496646881104",
        "cumulative": false
    },
    {
        "date": "2020-12-08T11:26:45.592Z",
        "value": "1.139385461807251",
        "cumulative": false
    },
    {
        "date": "2020-12-08T11:26:48.087Z",
        "value": "0.8604989051818848",
        "cumulative": false
    },
    {
        "date": "2020-12-08T11:26:50.634Z",
        "value": "0.9319573640823364",
        "cumulative": false
    },
    {
        "date": "2020-12-08T11:26:53.112Z",
        "value": "0.8910577893257141",
        "cumulative": false
    },
    {
        "date": "2020-12-08T11:26:55.632Z",
        "value": "0.7387468218803406",
        "cumulative": false
    },
    {
        "date": "2020-12-08T11:26:58.255Z",
        "value": "0.7130898237228394",
        "cumulative": false
    },
    {
        "date": "2020-12-08T11:27:00.707Z",
        "value": "0.7498634457588196",
        "cumulative": false
    },
    {
        "date": "2020-12-08T11:27:03.192Z",
        "value": "0.5705292224884033",
        "cumulative": false
    },
    {
        "date": "2020-12-08T11:27:05.718Z",
        "value": "0.5533448457717896",
        "cumulative": false
    },
    {
        "date": "2020-12-08T11:27:08.198Z",
        "value": "0.6869409084320068",
        "cumulative": false
    },
    {
        "date": "2020-12-08T11:27:10.741Z",
        "value": "0.6413750052452087",
        "cumulative": false
    },
    {
        "date": "2020-12-08T11:27:13.125Z",
        "value": "0.4463081955909729",
        "cumulative": false
    },
    {
        "date": "2020-12-08T11:27:15.728Z",
        "value": "0.5656787157058716",
        "cumulative": false
    },
    {
        "date": "2020-12-08T11:27:18.141Z",
        "value": "0.4908604621887207",
        "cumulative": false
    },
    {
        "date": "2020-12-08T11:27:20.641Z",
        "value": "0.42665180563926697",
        "cumulative": false
    },
    {
        "date": "2020-12-08T11:27:23.203Z",
        "value": "0.4876326620578766",
        "cumulative": false
    },
    {
        "date": "2020-12-08T11:27:25.614Z",
        "value": "0.42586761713027954",
        "cumulative": false
    },
    {
        "date": "2020-12-08T11:27:28.120Z",
        "value": "0.48504024744033813",
        "cumulative": false
    }
]