[
    {
        "date": "2020-12-08T11:26:32.369Z",
        "value": "0.014332294464111328",
        "cumulative": false
    },
    {
        "date": "2020-12-08T11:26:34.835Z",
        "value": "0.014940500259399414",
        "cumulative": false
    },
    {
        "date": "2020-12-08T11:26:37.336Z",
        "value": "0.015315771102905273",
        "cumulative": false
    },
    {
        "date": "2020-12-08T11:26:39.902Z",
        "value": "0.016615867614746094",
        "cumulative": false
    },
    {
        "date": "2020-12-08T11:26:42.466Z",
        "value": "0.014744043350219727",
        "cumulative": false
    },
    {
        "date": "2020-12-08T11:26:44.937Z",
        "value": "0.013886451721191406",
        "cumulative": false
    },
    {
        "date": "2020-12-08T11:26:47.354Z",
        "value": "0.016029834747314453",
        "cumulative": false
    },
    {
        "date": "2020-12-08T11:26:49.892Z",
        "value": "0.01563882827758789",
        "cumulative": false
    },
    {
        "date": "2020-12-08T11:26:52.440Z",
        "value": "0.01573944091796875",
        "cumulative": false
    },
    {
        "date": "2020-12-08T11:26:54.924Z",
        "value": "0.01670694351196289",
        "cumulative": false
    },
    {
        "date": "2020-12-08T11:26:57.497Z",
        "value": "0.01719808578491211",
        "cumulative": false
    },
    {
        "date": "2020-12-08T11:27:00.016Z",
        "value": "0.0164337158203125",
        "cumulative": false
    },
    {
        "date": "2020-12-08T11:27:02.505Z",
        "value": "0.01633763313293457",
        "cumulative": false
    },
    {
        "date": "2020-12-08T11:27:04.949Z",
        "value": "0.014930963516235352",
        "cumulative": false
    },
    {
        "date": "2020-12-08T11:27:07.519Z",
        "value": "0.01490640640258789",
        "cumulative": false
    },
    {
        "date": "2020-12-08T11:27:10.050Z",
        "value": "0.014058828353881836",
        "cumulative": false
    },
    {
        "date": "2020-12-08T11:27:12.433Z",
        "value": "0.013972043991088867",
        "cumulative": false
    },
    {
        "date": "2020-12-08T11:27:14.972Z",
        "value": "0.014528036117553711",
        "cumulative": false
    },
    {
        "date": "2020-12-08T11:27:17.461Z",
        "value": "0.01678156852722168",
        "cumulative": false
    },
    {
        "date": "2020-12-08T11:27:19.914Z",
        "value": "0.014212608337402344",
        "cumulative": false
    },
    {
        "date": "2020-12-08T11:27:22.510Z",
        "value": "0.014483213424682617",
        "cumulative": false
    },
    {
        "date": "2020-12-08T11:27:24.943Z",
        "value": "0.01411128044128418",
        "cumulative": false
    },
    {
        "date": "2020-12-08T11:27:27.416Z",
        "value": "0.017123937606811523",
        "cumulative": false
    },
    {
        "date": "2020-12-08T11:27:29.979Z",
        "value": "0.01513051986694336",
        "cumulative": false
    }
]