[
    {
        "date": "2020-12-08T11:26:32.373Z",
        "value": "0.10975074768066406",
        "cumulative": false
    },
    {
        "date": "2020-12-08T11:26:34.835Z",
        "value": "0.11260843276977539",
        "cumulative": false
    },
    {
        "date": "2020-12-08T11:26:37.340Z",
        "value": "0.11262893676757812",
        "cumulative": false
    },
    {
        "date": "2020-12-08T11:26:39.902Z",
        "value": "0.12079286575317383",
        "cumulative": false
    },
    {
        "date": "2020-12-08T11:26:42.457Z",
        "value": "0.11407160758972168",
        "cumulative": false
    },
    {
        "date": "2020-12-08T11:26:44.948Z",
        "value": "0.11834931373596191",
        "cumulative": false
    },
    {
        "date": "2020-12-08T11:26:47.370Z",
        "value": "0.13152432441711426",
        "cumulative": false
    },
    {
        "date": "2020-12-08T11:26:49.910Z",
        "value": "0.11650252342224121",
        "cumulative": false
    },
    {
        "date": "2020-12-08T11:26:52.445Z",
        "value": "0.1090395450592041",
        "cumulative": false
    },
    {
        "date": "2020-12-08T11:26:54.926Z",
        "value": "0.12035202980041504",
        "cumulative": false
    },
    {
        "date": "2020-12-08T11:26:57.497Z",
        "value": "0.12503790855407715",
        "cumulative": false
    },
    {
        "date": "2020-12-08T11:27:00.009Z",
        "value": "0.13357019424438477",
        "cumulative": false
    },
    {
        "date": "2020-12-08T11:27:02.509Z",
        "value": "0.12434625625610352",
        "cumulative": false
    },
    {
        "date": "2020-12-08T11:27:04.951Z",
        "value": "0.1196143627166748",
        "cumulative": false
    },
    {
        "date": "2020-12-08T11:27:07.535Z",
        "value": "0.11602401733398438",
        "cumulative": false
    },
    {
        "date": "2020-12-08T11:27:10.046Z",
        "value": "0.1190335750579834",
        "cumulative": false
    },
    {
        "date": "2020-12-08T11:27:12.444Z",
        "value": "0.12224125862121582",
        "cumulative": false
    },
    {
        "date": "2020-12-08T11:27:14.975Z",
        "value": "0.12384557723999023",
        "cumulative": false
    },
    {
        "date": "2020-12-08T11:27:17.471Z",
        "value": "0.12659740447998047",
        "cumulative": false
    },
    {
        "date": "2020-12-08T11:27:19.914Z",
        "value": "0.12455487251281738",
        "cumulative": false
    },
    {
        "date": "2020-12-08T11:27:22.507Z",
        "value": "0.11419820785522461",
        "cumulative": false
    },
    {
        "date": "2020-12-08T11:27:24.947Z",
        "value": "0.11548757553100586",
        "cumulative": false
    },
    {
        "date": "2020-12-08T11:27:27.420Z",
        "value": "0.11866474151611328",
        "cumulative": false
    },
    {
        "date": "2020-12-08T11:27:29.980Z",
        "value": "0.125518798828125",
        "cumulative": false
    }
]