[
    {
        "date": "2020-12-08T11:26:32.373Z",
        "value": "2.5051846504211426",
        "cumulative": false
    },
    {
        "date": "2020-12-08T11:26:34.841Z",
        "value": "0.2897357940673828",
        "cumulative": false
    },
    {
        "date": "2020-12-08T11:26:37.332Z",
        "value": "0.26758599281311035",
        "cumulative": false
    },
    {
        "date": "2020-12-08T11:26:39.897Z",
        "value": "0.26976442337036133",
        "cumulative": false
    },
    {
        "date": "2020-12-08T11:26:42.450Z",
        "value": "0.2707560062408447",
        "cumulative": false
    },
    {
        "date": "2020-12-08T11:26:44.935Z",
        "value": "0.28432416915893555",
        "cumulative": false
    },
    {
        "date": "2020-12-08T11:26:47.349Z",
        "value": "0.2955479621887207",
        "cumulative": false
    },
    {
        "date": "2020-12-08T11:26:49.889Z",
        "value": "0.2506430149078369",
        "cumulative": false
    },
    {
        "date": "2020-12-08T11:26:52.439Z",
        "value": "0.2547295093536377",
        "cumulative": false
    },
    {
        "date": "2020-12-08T11:26:54.928Z",
        "value": "0.2692892551422119",
        "cumulative": false
    },
    {
        "date": "2020-12-08T11:26:57.487Z",
        "value": "0.3167417049407959",
        "cumulative": false
    },
    {
        "date": "2020-12-08T11:27:00.002Z",
        "value": "0.2610313892364502",
        "cumulative": false
    },
    {
        "date": "2020-12-08T11:27:02.502Z",
        "value": "0.2716391086578369",
        "cumulative": false
    },
    {
        "date": "2020-12-08T11:27:04.958Z",
        "value": "0.26781773567199707",
        "cumulative": false
    },
    {
        "date": "2020-12-08T11:27:07.512Z",
        "value": "0.2828035354614258",
        "cumulative": false
    },
    {
        "date": "2020-12-08T11:27:10.043Z",
        "value": "0.2688484191894531",
        "cumulative": false
    },
    {
        "date": "2020-12-08T11:27:12.438Z",
        "value": "0.27645111083984375",
        "cumulative": false
    },
    {
        "date": "2020-12-08T11:27:14.975Z",
        "value": "0.28316640853881836",
        "cumulative": false
    },
    {
        "date": "2020-12-08T11:27:17.458Z",
        "value": "0.27866291999816895",
        "cumulative": false
    },
    {
        "date": "2020-12-08T11:27:19.903Z",
        "value": "0.255709171295166",
        "cumulative": false
    },
    {
        "date": "2020-12-08T11:27:22.502Z",
        "value": "0.2546069622039795",
        "cumulative": false
    },
    {
        "date": "2020-12-08T11:27:24.938Z",
        "value": "0.2662806510925293",
        "cumulative": false
    },
    {
        "date": "2020-12-08T11:27:27.406Z",
        "value": "0.25186848640441895",
        "cumulative": false
    },
    {
        "date": "2020-12-08T11:27:29.979Z",
        "value": "0.3071258068084717",
        "cumulative": false
    }
]