[
    {
        "date": "2020-12-08T11:26:32.365Z",
        "value": "0.1128687858581543",
        "cumulative": false
    },
    {
        "date": "2020-12-08T11:26:34.831Z",
        "value": "0.11391329765319824",
        "cumulative": false
    },
    {
        "date": "2020-12-08T11:26:37.333Z",
        "value": "0.11716127395629883",
        "cumulative": false
    },
    {
        "date": "2020-12-08T11:26:39.893Z",
        "value": "0.1192173957824707",
        "cumulative": false
    },
    {
        "date": "2020-12-08T11:26:42.450Z",
        "value": "0.11436033248901367",
        "cumulative": false
    },
    {
        "date": "2020-12-08T11:26:44.931Z",
        "value": "0.11596345901489258",
        "cumulative": false
    },
    {
        "date": "2020-12-08T11:26:47.351Z",
        "value": "0.1204080581665039",
        "cumulative": false
    },
    {
        "date": "2020-12-08T11:26:49.887Z",
        "value": "0.1172175407409668",
        "cumulative": false
    },
    {
        "date": "2020-12-08T11:26:52.438Z",
        "value": "0.11630940437316895",
        "cumulative": false
    },
    {
        "date": "2020-12-08T11:26:54.914Z",
        "value": "0.11780691146850586",
        "cumulative": false
    },
    {
        "date": "2020-12-08T11:26:57.482Z",
        "value": "0.11877083778381348",
        "cumulative": false
    },
    {
        "date": "2020-12-08T11:26:59.999Z",
        "value": "0.1238400936126709",
        "cumulative": false
    },
    {
        "date": "2020-12-08T11:27:02.502Z",
        "value": "0.11673998832702637",
        "cumulative": false
    },
    {
        "date": "2020-12-08T11:27:04.942Z",
        "value": "0.10879802703857422",
        "cumulative": false
    },
    {
        "date": "2020-12-08T11:27:07.521Z",
        "value": "0.11545181274414062",
        "cumulative": false
    },
    {
        "date": "2020-12-08T11:27:10.047Z",
        "value": "0.10949969291687012",
        "cumulative": false
    },
    {
        "date": "2020-12-08T11:27:12.427Z",
        "value": "0.11225008964538574",
        "cumulative": false
    },
    {
        "date": "2020-12-08T11:27:14.962Z",
        "value": "0.10104036331176758",
        "cumulative": false
    },
    {
        "date": "2020-12-08T11:27:17.456Z",
        "value": "0.12485599517822266",
        "cumulative": false
    },
    {
        "date": "2020-12-08T11:27:19.902Z",
        "value": "0.12129569053649902",
        "cumulative": false
    },
    {
        "date": "2020-12-08T11:27:22.498Z",
        "value": "0.1057126522064209",
        "cumulative": false
    },
    {
        "date": "2020-12-08T11:27:24.938Z",
        "value": "0.11166810989379883",
        "cumulative": false
    },
    {
        "date": "2020-12-08T11:27:27.407Z",
        "value": "0.11517524719238281",
        "cumulative": false
    },
    {
        "date": "2020-12-08T11:27:29.968Z",
        "value": "0.11119222640991211",
        "cumulative": false
    }
]