[
    {
        "date": "2020-12-08T11:26:32.369Z",
        "value": "2.4249517917633057",
        "cumulative": false
    },
    {
        "date": "2020-12-08T11:26:34.835Z",
        "value": "0.25601625442504883",
        "cumulative": false
    },
    {
        "date": "2020-12-08T11:26:37.336Z",
        "value": "0.2568221092224121",
        "cumulative": false
    },
    {
        "date": "2020-12-08T11:26:39.901Z",
        "value": "0.2478640079498291",
        "cumulative": false
    },
    {
        "date": "2020-12-08T11:26:42.466Z",
        "value": "0.22676587104797363",
        "cumulative": false
    },
    {
        "date": "2020-12-08T11:26:44.937Z",
        "value": "0.22504043579101562",
        "cumulative": false
    },
    {
        "date": "2020-12-08T11:26:47.354Z",
        "value": "0.2676088809967041",
        "cumulative": false
    },
    {
        "date": "2020-12-08T11:26:49.892Z",
        "value": "0.259305477142334",
        "cumulative": false
    },
    {
        "date": "2020-12-08T11:26:52.440Z",
        "value": "0.24903297424316406",
        "cumulative": false
    },
    {
        "date": "2020-12-08T11:26:54.924Z",
        "value": "0.23858237266540527",
        "cumulative": false
    },
    {
        "date": "2020-12-08T11:26:57.497Z",
        "value": "0.27637410163879395",
        "cumulative": false
    },
    {
        "date": "2020-12-08T11:27:00.016Z",
        "value": "0.2700154781341553",
        "cumulative": false
    },
    {
        "date": "2020-12-08T11:27:02.505Z",
        "value": "0.2462007999420166",
        "cumulative": false
    },
    {
        "date": "2020-12-08T11:27:04.949Z",
        "value": "0.24563312530517578",
        "cumulative": false
    },
    {
        "date": "2020-12-08T11:27:07.519Z",
        "value": "0.23905658721923828",
        "cumulative": false
    },
    {
        "date": "2020-12-08T11:27:10.050Z",
        "value": "0.25870823860168457",
        "cumulative": false
    },
    {
        "date": "2020-12-08T11:27:12.433Z",
        "value": "0.25113511085510254",
        "cumulative": false
    },
    {
        "date": "2020-12-08T11:27:14.972Z",
        "value": "0.25813984870910645",
        "cumulative": false
    },
    {
        "date": "2020-12-08T11:27:17.461Z",
        "value": "0.25673794746398926",
        "cumulative": false
    },
    {
        "date": "2020-12-08T11:27:19.914Z",
        "value": "0.2603886127471924",
        "cumulative": false
    },
    {
        "date": "2020-12-08T11:27:22.510Z",
        "value": "0.24700546264648438",
        "cumulative": false
    },
    {
        "date": "2020-12-08T11:27:24.943Z",
        "value": "0.26250481605529785",
        "cumulative": false
    },
    {
        "date": "2020-12-08T11:27:27.416Z",
        "value": "0.2694697380065918",
        "cumulative": false
    },
    {
        "date": "2020-12-08T11:27:29.979Z",
        "value": "0.2663993835449219",
        "cumulative": false
    }
]