[
    {
        "date": "2020-12-08T11:26:30.572Z",
        "value": "11.71875",
        "cumulative": false
    },
    {
        "date": "2020-12-08T11:26:33.027Z",
        "value": "36.71875",
        "cumulative": false
    },
    {
        "date": "2020-12-08T11:26:35.536Z",
        "value": "50.78125",
        "cumulative": false
    },
    {
        "date": "2020-12-08T11:26:38.063Z",
        "value": "49.21875",
        "cumulative": false
    },
    {
        "date": "2020-12-08T11:26:40.630Z",
        "value": "51.5625",
        "cumulative": false
    },
    {
        "date": "2020-12-08T11:26:43.118Z",
        "value": "56.25",
        "cumulative": false
    },
    {
        "date": "2020-12-08T11:26:45.587Z",
        "value": "60.15625",
        "cumulative": false
    },
    {
        "date": "2020-12-08T11:26:48.087Z",
        "value": "64.84375",
        "cumulative": false
    },
    {
        "date": "2020-12-08T11:26:50.629Z",
        "value": "64.84375",
        "cumulative": false
    },
    {
        "date": "2020-12-08T11:26:53.106Z",
        "value": "68.75",
        "cumulative": false
    },
    {
        "date": "2020-12-08T11:26:55.629Z",
        "value": "68.75",
        "cumulative": false
    },
    {
        "date": "2020-12-08T11:26:58.248Z",
        "value": "74.21875",
        "cumulative": false
    },
    {
        "date": "2020-12-08T11:27:00.701Z",
        "value": "71.875",
        "cumulative": false
    },
    {
        "date": "2020-12-08T11:27:03.186Z",
        "value": "76.5625",
        "cumulative": false
    },
    {
        "date": "2020-12-08T11:27:05.712Z",
        "value": "78.90625",
        "cumulative": false
    },
    {
        "date": "2020-12-08T11:27:08.195Z",
        "value": "77.34375",
        "cumulative": false
    },
    {
        "date": "2020-12-08T11:27:10.737Z",
        "value": "78.90625",
        "cumulative": false
    },
    {
        "date": "2020-12-08T11:27:13.120Z",
        "value": "78.125",
        "cumulative": false
    },
    {
        "date": "2020-12-08T11:27:15.724Z",
        "value": "84.375",
        "cumulative": false
    },
    {
        "date": "2020-12-08T11:27:18.139Z",
        "value": "79.6875",
        "cumulative": false
    },
    {
        "date": "2020-12-08T11:27:20.635Z",
        "value": "79.6875",
        "cumulative": false
    },
    {
        "date": "2020-12-08T11:27:23.197Z",
        "value": "88.28125",
        "cumulative": false
    },
    {
        "date": "2020-12-08T11:27:25.612Z",
        "value": "82.03125",
        "cumulative": false
    },
    {
        "date": "2020-12-08T11:27:28.115Z",
        "value": "77.34375",
        "cumulative": false
    }
]