[
    {
        "date": "2020-12-08T11:26:30.570Z",
        "value": "2.531782627105713",
        "cumulative": false
    },
    {
        "date": "2020-12-08T11:26:33.025Z",
        "value": "1.7581980228424072",
        "cumulative": false
    },
    {
        "date": "2020-12-08T11:26:35.540Z",
        "value": "1.4796109199523926",
        "cumulative": false
    },
    {
        "date": "2020-12-08T11:26:38.064Z",
        "value": "1.2975730895996094",
        "cumulative": false
    },
    {
        "date": "2020-12-08T11:26:40.630Z",
        "value": "1.371329665184021",
        "cumulative": false
    },
    {
        "date": "2020-12-08T11:26:43.115Z",
        "value": "1.2985256910324097",
        "cumulative": false
    },
    {
        "date": "2020-12-08T11:26:45.590Z",
        "value": "1.0234997272491455",
        "cumulative": false
    },
    {
        "date": "2020-12-08T11:26:48.088Z",
        "value": "0.9958859086036682",
        "cumulative": false
    },
    {
        "date": "2020-12-08T11:26:50.629Z",
        "value": "0.8901801705360413",
        "cumulative": false
    },
    {
        "date": "2020-12-08T11:26:53.107Z",
        "value": "0.8971235156059265",
        "cumulative": false
    },
    {
        "date": "2020-12-08T11:26:55.626Z",
        "value": "0.8065438270568848",
        "cumulative": false
    },
    {
        "date": "2020-12-08T11:26:58.249Z",
        "value": "0.8618428111076355",
        "cumulative": false
    },
    {
        "date": "2020-12-08T11:27:00.701Z",
        "value": "0.6982371807098389",
        "cumulative": false
    },
    {
        "date": "2020-12-08T11:27:03.187Z",
        "value": "0.6457175612449646",
        "cumulative": false
    },
    {
        "date": "2020-12-08T11:27:05.712Z",
        "value": "0.6764369606971741",
        "cumulative": false
    },
    {
        "date": "2020-12-08T11:27:08.193Z",
        "value": "0.6358259916305542",
        "cumulative": false
    },
    {
        "date": "2020-12-08T11:27:10.734Z",
        "value": "0.5166038870811462",
        "cumulative": false
    },
    {
        "date": "2020-12-08T11:27:13.120Z",
        "value": "0.5941702723503113",
        "cumulative": false
    },
    {
        "date": "2020-12-08T11:27:15.723Z",
        "value": "0.6469972133636475",
        "cumulative": false
    },
    {
        "date": "2020-12-08T11:27:18.136Z",
        "value": "0.6623119711875916",
        "cumulative": false
    },
    {
        "date": "2020-12-08T11:27:20.636Z",
        "value": "0.4322446584701538",
        "cumulative": false
    },
    {
        "date": "2020-12-08T11:27:23.197Z",
        "value": "0.5639335513114929",
        "cumulative": false
    },
    {
        "date": "2020-12-08T11:27:25.609Z",
        "value": "0.4710996448993683",
        "cumulative": false
    },
    {
        "date": "2020-12-08T11:27:28.115Z",
        "value": "0.5585097074508667",
        "cumulative": false
    }
]