[
    {
        "date": "2020-12-08T11:26:30.572Z",
        "value": "55.46875",
        "cumulative": false
    },
    {
        "date": "2020-12-08T11:26:33.027Z",
        "value": "87.5",
        "cumulative": false
    },
    {
        "date": "2020-12-08T11:26:35.536Z",
        "value": "91.40625",
        "cumulative": false
    },
    {
        "date": "2020-12-08T11:26:38.063Z",
        "value": "96.875",
        "cumulative": false
    },
    {
        "date": "2020-12-08T11:26:40.630Z",
        "value": "92.96875",
        "cumulative": false
    },
    {
        "date": "2020-12-08T11:26:43.118Z",
        "value": "96.875",
        "cumulative": false
    },
    {
        "date": "2020-12-08T11:26:45.587Z",
        "value": "96.875",
        "cumulative": false
    },
    {
        "date": "2020-12-08T11:26:48.087Z",
        "value": "96.09375",
        "cumulative": false
    },
    {
        "date": "2020-12-08T11:26:50.629Z",
        "value": "97.65625",
        "cumulative": false
    },
    {
        "date": "2020-12-08T11:26:53.106Z",
        "value": "97.65625",
        "cumulative": false
    },
    {
        "date": "2020-12-08T11:26:55.629Z",
        "value": "100.0",
        "cumulative": false
    },
    {
        "date": "2020-12-08T11:26:58.248Z",
        "value": "98.4375",
        "cumulative": false
    },
    {
        "date": "2020-12-08T11:27:00.701Z",
        "value": "96.875",
        "cumulative": false
    },
    {
        "date": "2020-12-08T11:27:03.186Z",
        "value": "98.4375",
        "cumulative": false
    },
    {
        "date": "2020-12-08T11:27:05.712Z",
        "value": "99.21875",
        "cumulative": false
    },
    {
        "date": "2020-12-08T11:27:08.195Z",
        "value": "96.875",
        "cumulative": false
    },
    {
        "date": "2020-12-08T11:27:10.737Z",
        "value": "99.21875",
        "cumulative": false
    },
    {
        "date": "2020-12-08T11:27:13.120Z",
        "value": "97.65625",
        "cumulative": false
    },
    {
        "date": "2020-12-08T11:27:15.724Z",
        "value": "98.4375",
        "cumulative": false
    },
    {
        "date": "2020-12-08T11:27:18.139Z",
        "value": "99.21875",
        "cumulative": false
    },
    {
        "date": "2020-12-08T11:27:20.635Z",
        "value": "98.4375",
        "cumulative": false
    },
    {
        "date": "2020-12-08T11:27:23.197Z",
        "value": "100.0",
        "cumulative": false
    },
    {
        "date": "2020-12-08T11:27:25.612Z",
        "value": "98.4375",
        "cumulative": false
    },
    {
        "date": "2020-12-08T11:27:28.115Z",
        "value": "99.21875",
        "cumulative": false
    }
]