[
    {
        "date": "2020-12-08T11:26:32.381Z",
        "value": "8.463859558105469e-05",
        "cumulative": false
    },
    {
        "date": "2020-12-08T11:26:34.852Z",
        "value": "0.00011467933654785156",
        "cumulative": false
    },
    {
        "date": "2020-12-08T11:26:37.355Z",
        "value": "7.987022399902344e-05",
        "cumulative": false
    },
    {
        "date": "2020-12-08T11:26:39.917Z",
        "value": "8.58306884765625e-05",
        "cumulative": false
    },
    {
        "date": "2020-12-08T11:26:42.480Z",
        "value": "0.00010085105895996094",
        "cumulative": false
    },
    {
        "date": "2020-12-08T11:26:44.956Z",
        "value": "8.296966552734375e-05",
        "cumulative": false
    },
    {
        "date": "2020-12-08T11:26:47.373Z",
        "value": "0.00010180473327636719",
        "cumulative": false
    },
    {
        "date": "2020-12-08T11:26:49.919Z",
        "value": "9.799003601074219e-05",
        "cumulative": false
    },
    {
        "date": "2020-12-08T11:26:52.450Z",
        "value": "0.00010633468627929688",
        "cumulative": false
    },
    {
        "date": "2020-12-08T11:26:54.944Z",
        "value": "9.107589721679688e-05",
        "cumulative": false
    },
    {
        "date": "2020-12-08T11:26:57.508Z",
        "value": "9.608268737792969e-05",
        "cumulative": false
    },
    {
        "date": "2020-12-08T11:27:00.029Z",
        "value": "0.000102996826171875",
        "cumulative": false
    },
    {
        "date": "2020-12-08T11:27:02.518Z",
        "value": "8.392333984375e-05",
        "cumulative": false
    },
    {
        "date": "2020-12-08T11:27:04.966Z",
        "value": "8.20159912109375e-05",
        "cumulative": false
    },
    {
        "date": "2020-12-08T11:27:07.533Z",
        "value": "8.368492126464844e-05",
        "cumulative": false
    },
    {
        "date": "2020-12-08T11:27:10.067Z",
        "value": "0.00010323524475097656",
        "cumulative": false
    },
    {
        "date": "2020-12-08T11:27:12.453Z",
        "value": "8.296966552734375e-05",
        "cumulative": false
    },
    {
        "date": "2020-12-08T11:27:15.001Z",
        "value": "0.00012135505676269531",
        "cumulative": false
    },
    {
        "date": "2020-12-08T11:27:17.479Z",
        "value": "0.00010013580322265625",
        "cumulative": false
    },
    {
        "date": "2020-12-08T11:27:19.929Z",
        "value": "8.225440979003906e-05",
        "cumulative": false
    },
    {
        "date": "2020-12-08T11:27:22.521Z",
        "value": "0.00010204315185546875",
        "cumulative": false
    },
    {
        "date": "2020-12-08T11:27:24.970Z",
        "value": "8.845329284667969e-05",
        "cumulative": false
    },
    {
        "date": "2020-12-08T11:27:27.430Z",
        "value": "0.00011086463928222656",
        "cumulative": false
    },
    {
        "date": "2020-12-08T11:27:30.009Z",
        "value": "9.775161743164062e-05",
        "cumulative": false
    }
]