[
    {
        "date": "2020-12-08T11:26:32.360Z",
        "value": "4.2590086460113525",
        "cumulative": false
    },
    {
        "date": "2020-12-08T11:26:34.826Z",
        "value": "1.877699375152588",
        "cumulative": false
    },
    {
        "date": "2020-12-08T11:26:37.326Z",
        "value": "1.9172790050506592",
        "cumulative": false
    },
    {
        "date": "2020-12-08T11:26:39.890Z",
        "value": "1.9317028522491455",
        "cumulative": false
    },
    {
        "date": "2020-12-08T11:26:42.442Z",
        "value": "1.9058856964111328",
        "cumulative": false
    },
    {
        "date": "2020-12-08T11:26:44.927Z",
        "value": "1.8951928615570068",
        "cumulative": false
    },
    {
        "date": "2020-12-08T11:26:47.349Z",
        "value": "1.8429949283599854",
        "cumulative": false
    },
    {
        "date": "2020-12-08T11:26:49.891Z",
        "value": "1.9200341701507568",
        "cumulative": false
    },
    {
        "date": "2020-12-08T11:26:52.429Z",
        "value": "1.910782814025879",
        "cumulative": false
    },
    {
        "date": "2020-12-08T11:26:54.919Z",
        "value": "1.8905773162841797",
        "cumulative": false
    },
    {
        "date": "2020-12-08T11:26:57.488Z",
        "value": "1.9275050163269043",
        "cumulative": false
    },
    {
        "date": "2020-12-08T11:26:59.996Z",
        "value": "1.8494954109191895",
        "cumulative": false
    },
    {
        "date": "2020-12-08T11:27:02.489Z",
        "value": "1.8983635902404785",
        "cumulative": false
    },
    {
        "date": "2020-12-08T11:27:04.937Z",
        "value": "1.8618197441101074",
        "cumulative": false
    },
    {
        "date": "2020-12-08T11:27:07.507Z",
        "value": "1.942983627319336",
        "cumulative": false
    },
    {
        "date": "2020-12-08T11:27:10.035Z",
        "value": "1.9283134937286377",
        "cumulative": false
    },
    {
        "date": "2020-12-08T11:27:12.428Z",
        "value": "1.76442551612854",
        "cumulative": false
    },
    {
        "date": "2020-12-08T11:27:14.961Z",
        "value": "1.9405784606933594",
        "cumulative": false
    },
    {
        "date": "2020-12-08T11:27:17.449Z",
        "value": "1.8456542491912842",
        "cumulative": false
    },
    {
        "date": "2020-12-08T11:27:19.898Z",
        "value": "1.8583879470825195",
        "cumulative": false
    },
    {
        "date": "2020-12-08T11:27:22.496Z",
        "value": "1.9669811725616455",
        "cumulative": false
    },
    {
        "date": "2020-12-08T11:27:24.932Z",
        "value": "1.8441693782806396",
        "cumulative": false
    },
    {
        "date": "2020-12-08T11:27:27.402Z",
        "value": "1.8774547576904297",
        "cumulative": false
    },
    {
        "date": "2020-12-08T11:27:29.966Z",
        "value": "1.9302453994750977",
        "cumulative": false
    }
]