[
    {
        "date": "2020-12-08T11:26:30.569Z",
        "value": "2.461289167404175",
        "cumulative": false
    },
    {
        "date": "2020-12-08T11:26:33.026Z",
        "value": "1.7462769746780396",
        "cumulative": false
    },
    {
        "date": "2020-12-08T11:26:35.536Z",
        "value": "1.4778276681900024",
        "cumulative": false
    },
    {
        "date": "2020-12-08T11:26:38.063Z",
        "value": "1.3564929962158203",
        "cumulative": false
    },
    {
        "date": "2020-12-08T11:26:40.630Z",
        "value": "1.2531245946884155",
        "cumulative": false
    },
    {
        "date": "2020-12-08T11:26:43.118Z",
        "value": "1.1513237953186035",
        "cumulative": false
    },
    {
        "date": "2020-12-08T11:26:45.587Z",
        "value": "0.9487398862838745",
        "cumulative": false
    },
    {
        "date": "2020-12-08T11:26:48.087Z",
        "value": "1.0295454263687134",
        "cumulative": false
    },
    {
        "date": "2020-12-08T11:26:50.629Z",
        "value": "0.8774406909942627",
        "cumulative": false
    },
    {
        "date": "2020-12-08T11:26:53.106Z",
        "value": "0.8731890320777893",
        "cumulative": false
    },
    {
        "date": "2020-12-08T11:26:55.629Z",
        "value": "0.7918311357498169",
        "cumulative": false
    },
    {
        "date": "2020-12-08T11:26:58.248Z",
        "value": "0.8444686532020569",
        "cumulative": false
    },
    {
        "date": "2020-12-08T11:27:00.700Z",
        "value": "0.7552399039268494",
        "cumulative": false
    },
    {
        "date": "2020-12-08T11:27:03.186Z",
        "value": "0.6003876328468323",
        "cumulative": false
    },
    {
        "date": "2020-12-08T11:27:05.711Z",
        "value": "0.5645089745521545",
        "cumulative": false
    },
    {
        "date": "2020-12-08T11:27:08.194Z",
        "value": "0.6068681478500366",
        "cumulative": false
    },
    {
        "date": "2020-12-08T11:27:10.737Z",
        "value": "0.6256095767021179",
        "cumulative": false
    },
    {
        "date": "2020-12-08T11:27:13.120Z",
        "value": "0.577219545841217",
        "cumulative": false
    },
    {
        "date": "2020-12-08T11:27:15.723Z",
        "value": "0.4788987636566162",
        "cumulative": false
    },
    {
        "date": "2020-12-08T11:27:18.139Z",
        "value": "0.5362213253974915",
        "cumulative": false
    },
    {
        "date": "2020-12-08T11:27:20.635Z",
        "value": "0.5379056930541992",
        "cumulative": false
    },
    {
        "date": "2020-12-08T11:27:23.196Z",
        "value": "0.3606511354446411",
        "cumulative": false
    },
    {
        "date": "2020-12-08T11:27:25.612Z",
        "value": "0.506777822971344",
        "cumulative": false
    },
    {
        "date": "2020-12-08T11:27:28.115Z",
        "value": "0.5714409947395325",
        "cumulative": false
    }
]