[
    {
        "date": "2020-12-08T11:26:32.371Z",
        "value": "0.05446934700012207",
        "cumulative": false
    },
    {
        "date": "2020-12-08T11:26:34.835Z",
        "value": "0.0501713752746582",
        "cumulative": false
    },
    {
        "date": "2020-12-08T11:26:37.334Z",
        "value": "0.059556007385253906",
        "cumulative": false
    },
    {
        "date": "2020-12-08T11:26:39.904Z",
        "value": "0.050836801528930664",
        "cumulative": false
    },
    {
        "date": "2020-12-08T11:26:42.455Z",
        "value": "0.06112074851989746",
        "cumulative": false
    },
    {
        "date": "2020-12-08T11:26:44.947Z",
        "value": "0.047757625579833984",
        "cumulative": false
    },
    {
        "date": "2020-12-08T11:26:47.350Z",
        "value": "0.05992317199707031",
        "cumulative": false
    },
    {
        "date": "2020-12-08T11:26:49.890Z",
        "value": "0.055292606353759766",
        "cumulative": false
    },
    {
        "date": "2020-12-08T11:26:52.443Z",
        "value": "0.05084705352783203",
        "cumulative": false
    },
    {
        "date": "2020-12-08T11:26:54.926Z",
        "value": "0.053360939025878906",
        "cumulative": false
    },
    {
        "date": "2020-12-08T11:26:57.489Z",
        "value": "0.060166120529174805",
        "cumulative": false
    },
    {
        "date": "2020-12-08T11:27:00.006Z",
        "value": "0.05554962158203125",
        "cumulative": false
    },
    {
        "date": "2020-12-08T11:27:02.496Z",
        "value": "0.054543495178222656",
        "cumulative": false
    },
    {
        "date": "2020-12-08T11:27:04.948Z",
        "value": "0.06164407730102539",
        "cumulative": false
    },
    {
        "date": "2020-12-08T11:27:07.516Z",
        "value": "0.05707049369812012",
        "cumulative": false
    },
    {
        "date": "2020-12-08T11:27:10.041Z",
        "value": "0.05269002914428711",
        "cumulative": false
    },
    {
        "date": "2020-12-08T11:27:12.439Z",
        "value": "0.04946422576904297",
        "cumulative": false
    },
    {
        "date": "2020-12-08T11:27:14.982Z",
        "value": "0.04635286331176758",
        "cumulative": false
    },
    {
        "date": "2020-12-08T11:27:17.458Z",
        "value": "0.05069279670715332",
        "cumulative": false
    },
    {
        "date": "2020-12-08T11:27:19.915Z",
        "value": "0.052878379821777344",
        "cumulative": false
    },
    {
        "date": "2020-12-08T11:27:22.505Z",
        "value": "0.05233955383300781",
        "cumulative": false
    },
    {
        "date": "2020-12-08T11:27:24.940Z",
        "value": "0.05408334732055664",
        "cumulative": false
    },
    {
        "date": "2020-12-08T11:27:27.409Z",
        "value": "0.06436038017272949",
        "cumulative": false
    },
    {
        "date": "2020-12-08T11:27:29.977Z",
        "value": "0.05396389961242676",
        "cumulative": false
    }
]