[
    {
        "date": "2020-12-08T11:26:30.581Z",
        "value": "6.25",
        "cumulative": false
    },
    {
        "date": "2020-12-08T11:26:33.035Z",
        "value": "34.375",
        "cumulative": false
    },
    {
        "date": "2020-12-08T11:26:35.545Z",
        "value": "37.5",
        "cumulative": false
    },
    {
        "date": "2020-12-08T11:26:38.074Z",
        "value": "55.46875",
        "cumulative": false
    },
    {
        "date": "2020-12-08T11:26:40.640Z",
        "value": "55.46875",
        "cumulative": false
    },
    {
        "date": "2020-12-08T11:26:43.125Z",
        "value": "57.8125",
        "cumulative": false
    },
    {
        "date": "2020-12-08T11:26:45.597Z",
        "value": "68.75",
        "cumulative": false
    },
    {
        "date": "2020-12-08T11:26:48.097Z",
        "value": "67.96875",
        "cumulative": false
    },
    {
        "date": "2020-12-08T11:26:50.639Z",
        "value": "59.375",
        "cumulative": false
    },
    {
        "date": "2020-12-08T11:26:53.116Z",
        "value": "75.78125",
        "cumulative": false
    },
    {
        "date": "2020-12-08T11:26:55.640Z",
        "value": "70.3125",
        "cumulative": false
    },
    {
        "date": "2020-12-08T11:26:58.258Z",
        "value": "69.53125",
        "cumulative": false
    },
    {
        "date": "2020-12-08T11:27:00.710Z",
        "value": "73.4375",
        "cumulative": false
    },
    {
        "date": "2020-12-08T11:27:03.196Z",
        "value": "74.21875",
        "cumulative": false
    },
    {
        "date": "2020-12-08T11:27:05.717Z",
        "value": "75.78125",
        "cumulative": false
    },
    {
        "date": "2020-12-08T11:27:08.205Z",
        "value": "79.6875",
        "cumulative": false
    },
    {
        "date": "2020-12-08T11:27:10.744Z",
        "value": "85.15625",
        "cumulative": false
    },
    {
        "date": "2020-12-08T11:27:13.130Z",
        "value": "82.03125",
        "cumulative": false
    },
    {
        "date": "2020-12-08T11:27:15.734Z",
        "value": "83.59375",
        "cumulative": false
    },
    {
        "date": "2020-12-08T11:27:18.145Z",
        "value": "80.46875",
        "cumulative": false
    },
    {
        "date": "2020-12-08T11:27:20.645Z",
        "value": "78.90625",
        "cumulative": false
    },
    {
        "date": "2020-12-08T11:27:23.207Z",
        "value": "84.375",
        "cumulative": false
    },
    {
        "date": "2020-12-08T11:27:25.618Z",
        "value": "84.375",
        "cumulative": false
    },
    {
        "date": "2020-12-08T11:27:28.125Z",
        "value": "85.9375",
        "cumulative": false
    }
]