[
    {
        "date": "2020-12-08T11:26:32.369Z",
        "value": "0.10862159729003906",
        "cumulative": false
    },
    {
        "date": "2020-12-08T11:26:34.835Z",
        "value": "0.11811423301696777",
        "cumulative": false
    },
    {
        "date": "2020-12-08T11:26:37.336Z",
        "value": "0.10937118530273438",
        "cumulative": false
    },
    {
        "date": "2020-12-08T11:26:39.901Z",
        "value": "0.11565661430358887",
        "cumulative": false
    },
    {
        "date": "2020-12-08T11:26:42.466Z",
        "value": "0.11011743545532227",
        "cumulative": false
    },
    {
        "date": "2020-12-08T11:26:44.937Z",
        "value": "0.11294150352478027",
        "cumulative": false
    },
    {
        "date": "2020-12-08T11:26:47.354Z",
        "value": "0.11833930015563965",
        "cumulative": false
    },
    {
        "date": "2020-12-08T11:26:49.892Z",
        "value": "0.10262203216552734",
        "cumulative": false
    },
    {
        "date": "2020-12-08T11:26:52.440Z",
        "value": "0.12344813346862793",
        "cumulative": false
    },
    {
        "date": "2020-12-08T11:26:54.924Z",
        "value": "0.11578178405761719",
        "cumulative": false
    },
    {
        "date": "2020-12-08T11:26:57.497Z",
        "value": "0.14452767372131348",
        "cumulative": false
    },
    {
        "date": "2020-12-08T11:27:00.016Z",
        "value": "0.12029647827148438",
        "cumulative": false
    },
    {
        "date": "2020-12-08T11:27:02.505Z",
        "value": "0.10981917381286621",
        "cumulative": false
    },
    {
        "date": "2020-12-08T11:27:04.949Z",
        "value": "0.11261916160583496",
        "cumulative": false
    },
    {
        "date": "2020-12-08T11:27:07.519Z",
        "value": "0.10538983345031738",
        "cumulative": false
    },
    {
        "date": "2020-12-08T11:27:10.050Z",
        "value": "0.09924101829528809",
        "cumulative": false
    },
    {
        "date": "2020-12-08T11:27:12.433Z",
        "value": "0.11495161056518555",
        "cumulative": false
    },
    {
        "date": "2020-12-08T11:27:14.972Z",
        "value": "0.10867524147033691",
        "cumulative": false
    },
    {
        "date": "2020-12-08T11:27:17.461Z",
        "value": "0.11917853355407715",
        "cumulative": false
    },
    {
        "date": "2020-12-08T11:27:19.914Z",
        "value": "0.11571621894836426",
        "cumulative": false
    },
    {
        "date": "2020-12-08T11:27:22.510Z",
        "value": "0.11692547798156738",
        "cumulative": false
    },
    {
        "date": "2020-12-08T11:27:24.943Z",
        "value": "0.1079554557800293",
        "cumulative": false
    },
    {
        "date": "2020-12-08T11:27:27.416Z",
        "value": "0.11913418769836426",
        "cumulative": false
    },
    {
        "date": "2020-12-08T11:27:29.979Z",
        "value": "0.1171116828918457",
        "cumulative": false
    }
]