[
    {
        "date": "2020-12-08T11:26:32.373Z",
        "value": "2.4333834648132324",
        "cumulative": false
    },
    {
        "date": "2020-12-08T11:26:34.835Z",
        "value": "0.2501351833343506",
        "cumulative": false
    },
    {
        "date": "2020-12-08T11:26:37.334Z",
        "value": "0.23848247528076172",
        "cumulative": false
    },
    {
        "date": "2020-12-08T11:26:39.904Z",
        "value": "0.24897289276123047",
        "cumulative": false
    },
    {
        "date": "2020-12-08T11:26:42.455Z",
        "value": "0.2345447540283203",
        "cumulative": false
    },
    {
        "date": "2020-12-08T11:26:44.947Z",
        "value": "0.2588820457458496",
        "cumulative": false
    },
    {
        "date": "2020-12-08T11:26:47.350Z",
        "value": "0.27335476875305176",
        "cumulative": false
    },
    {
        "date": "2020-12-08T11:26:49.890Z",
        "value": "0.23639178276062012",
        "cumulative": false
    },
    {
        "date": "2020-12-08T11:26:52.443Z",
        "value": "0.24172401428222656",
        "cumulative": false
    },
    {
        "date": "2020-12-08T11:26:54.926Z",
        "value": "0.26520562171936035",
        "cumulative": false
    },
    {
        "date": "2020-12-08T11:26:57.490Z",
        "value": "0.2697145938873291",
        "cumulative": false
    },
    {
        "date": "2020-12-08T11:27:00.006Z",
        "value": "0.25807976722717285",
        "cumulative": false
    },
    {
        "date": "2020-12-08T11:27:02.496Z",
        "value": "0.23175501823425293",
        "cumulative": false
    },
    {
        "date": "2020-12-08T11:27:04.948Z",
        "value": "0.25883936882019043",
        "cumulative": false
    },
    {
        "date": "2020-12-08T11:27:07.516Z",
        "value": "0.23703789710998535",
        "cumulative": false
    },
    {
        "date": "2020-12-08T11:27:10.041Z",
        "value": "0.2429811954498291",
        "cumulative": false
    },
    {
        "date": "2020-12-08T11:27:12.439Z",
        "value": "0.24032068252563477",
        "cumulative": false
    },
    {
        "date": "2020-12-08T11:27:14.982Z",
        "value": "0.2258453369140625",
        "cumulative": false
    },
    {
        "date": "2020-12-08T11:27:17.459Z",
        "value": "0.251941442489624",
        "cumulative": false
    },
    {
        "date": "2020-12-08T11:27:19.915Z",
        "value": "0.23578882217407227",
        "cumulative": false
    },
    {
        "date": "2020-12-08T11:27:22.505Z",
        "value": "0.24586701393127441",
        "cumulative": false
    },
    {
        "date": "2020-12-08T11:27:24.940Z",
        "value": "0.265148401260376",
        "cumulative": false
    },
    {
        "date": "2020-12-08T11:27:27.409Z",
        "value": "0.2482593059539795",
        "cumulative": false
    },
    {
        "date": "2020-12-08T11:27:29.977Z",
        "value": "0.26146745681762695",
        "cumulative": false
    }
]