[
    {
        "date": "2020-12-08T11:26:32.373Z",
        "value": "0.11650633811950684",
        "cumulative": false
    },
    {
        "date": "2020-12-08T11:26:34.841Z",
        "value": "0.11591148376464844",
        "cumulative": false
    },
    {
        "date": "2020-12-08T11:26:37.332Z",
        "value": "0.12162423133850098",
        "cumulative": false
    },
    {
        "date": "2020-12-08T11:26:39.897Z",
        "value": "0.11762142181396484",
        "cumulative": false
    },
    {
        "date": "2020-12-08T11:26:42.450Z",
        "value": "0.1149287223815918",
        "cumulative": false
    },
    {
        "date": "2020-12-08T11:26:44.935Z",
        "value": "0.12166500091552734",
        "cumulative": false
    },
    {
        "date": "2020-12-08T11:26:47.349Z",
        "value": "0.12188887596130371",
        "cumulative": false
    },
    {
        "date": "2020-12-08T11:26:49.889Z",
        "value": "0.11531662940979004",
        "cumulative": false
    },
    {
        "date": "2020-12-08T11:26:52.440Z",
        "value": "0.11082863807678223",
        "cumulative": false
    },
    {
        "date": "2020-12-08T11:26:54.928Z",
        "value": "0.11118698120117188",
        "cumulative": false
    },
    {
        "date": "2020-12-08T11:26:57.487Z",
        "value": "0.12839984893798828",
        "cumulative": false
    },
    {
        "date": "2020-12-08T11:27:00.002Z",
        "value": "0.11887979507446289",
        "cumulative": false
    },
    {
        "date": "2020-12-08T11:27:02.502Z",
        "value": "0.10997843742370605",
        "cumulative": false
    },
    {
        "date": "2020-12-08T11:27:04.958Z",
        "value": "0.12704157829284668",
        "cumulative": false
    },
    {
        "date": "2020-12-08T11:27:07.512Z",
        "value": "0.10995125770568848",
        "cumulative": false
    },
    {
        "date": "2020-12-08T11:27:10.043Z",
        "value": "0.10911226272583008",
        "cumulative": false
    },
    {
        "date": "2020-12-08T11:27:12.438Z",
        "value": "0.11370563507080078",
        "cumulative": false
    },
    {
        "date": "2020-12-08T11:27:14.975Z",
        "value": "0.1122748851776123",
        "cumulative": false
    },
    {
        "date": "2020-12-08T11:27:17.459Z",
        "value": "0.12841010093688965",
        "cumulative": false
    },
    {
        "date": "2020-12-08T11:27:19.903Z",
        "value": "0.11906313896179199",
        "cumulative": false
    },
    {
        "date": "2020-12-08T11:27:22.502Z",
        "value": "0.11662888526916504",
        "cumulative": false
    },
    {
        "date": "2020-12-08T11:27:24.938Z",
        "value": "0.13092565536499023",
        "cumulative": false
    },
    {
        "date": "2020-12-08T11:27:27.406Z",
        "value": "0.12016582489013672",
        "cumulative": false
    },
    {
        "date": "2020-12-08T11:27:29.979Z",
        "value": "0.11920547485351562",
        "cumulative": false
    }
]