[
    {
        "date": "2020-12-08T11:26:32.369Z",
        "value": "4.255922079086304",
        "cumulative": false
    },
    {
        "date": "2020-12-08T11:26:34.835Z",
        "value": "1.8733458518981934",
        "cumulative": false
    },
    {
        "date": "2020-12-08T11:26:37.334Z",
        "value": "1.903393268585205",
        "cumulative": false
    },
    {
        "date": "2020-12-08T11:26:39.904Z",
        "value": "1.91542387008667",
        "cumulative": false
    },
    {
        "date": "2020-12-08T11:26:42.455Z",
        "value": "1.9098773002624512",
        "cumulative": false
    },
    {
        "date": "2020-12-08T11:26:44.947Z",
        "value": "1.8934423923492432",
        "cumulative": false
    },
    {
        "date": "2020-12-08T11:26:47.350Z",
        "value": "1.8306493759155273",
        "cumulative": false
    },
    {
        "date": "2020-12-08T11:26:49.890Z",
        "value": "1.9104716777801514",
        "cumulative": false
    },
    {
        "date": "2020-12-08T11:26:52.443Z",
        "value": "1.9091062545776367",
        "cumulative": false
    },
    {
        "date": "2020-12-08T11:26:54.926Z",
        "value": "1.8855822086334229",
        "cumulative": false
    },
    {
        "date": "2020-12-08T11:26:57.489Z",
        "value": "1.922102689743042",
        "cumulative": false
    },
    {
        "date": "2020-12-08T11:27:00.006Z",
        "value": "1.8433239459991455",
        "cumulative": false
    },
    {
        "date": "2020-12-08T11:27:02.496Z",
        "value": "1.8742945194244385",
        "cumulative": false
    },
    {
        "date": "2020-12-08T11:27:04.948Z",
        "value": "1.837662696838379",
        "cumulative": false
    },
    {
        "date": "2020-12-08T11:27:07.516Z",
        "value": "1.925877332687378",
        "cumulative": false
    },
    {
        "date": "2020-12-08T11:27:10.041Z",
        "value": "1.9037413597106934",
        "cumulative": false
    },
    {
        "date": "2020-12-08T11:27:12.439Z",
        "value": "1.7567601203918457",
        "cumulative": false
    },
    {
        "date": "2020-12-08T11:27:14.982Z",
        "value": "1.929269790649414",
        "cumulative": false
    },
    {
        "date": "2020-12-08T11:27:17.458Z",
        "value": "1.8193750381469727",
        "cumulative": false
    },
    {
        "date": "2020-12-08T11:27:19.915Z",
        "value": "1.8532252311706543",
        "cumulative": false
    },
    {
        "date": "2020-12-08T11:27:22.505Z",
        "value": "1.942680835723877",
        "cumulative": false
    },
    {
        "date": "2020-12-08T11:27:24.940Z",
        "value": "1.8291001319885254",
        "cumulative": false
    },
    {
        "date": "2020-12-08T11:27:27.409Z",
        "value": "1.8576054573059082",
        "cumulative": false
    },
    {
        "date": "2020-12-08T11:27:29.977Z",
        "value": "1.9236071109771729",
        "cumulative": false
    }
]