[
    {
        "date": "2020-12-08T11:26:32.369Z",
        "value": "6.508827209472656e-05",
        "cumulative": false
    },
    {
        "date": "2020-12-08T11:26:34.843Z",
        "value": "6.842613220214844e-05",
        "cumulative": false
    },
    {
        "date": "2020-12-08T11:26:37.341Z",
        "value": "8.320808410644531e-05",
        "cumulative": false
    },
    {
        "date": "2020-12-08T11:26:39.898Z",
        "value": "6.270408630371094e-05",
        "cumulative": false
    },
    {
        "date": "2020-12-08T11:26:42.455Z",
        "value": "6.651878356933594e-05",
        "cumulative": false
    },
    {
        "date": "2020-12-08T11:26:44.938Z",
        "value": "6.961822509765625e-05",
        "cumulative": false
    },
    {
        "date": "2020-12-08T11:26:47.359Z",
        "value": "6.985664367675781e-05",
        "cumulative": false
    },
    {
        "date": "2020-12-08T11:26:49.890Z",
        "value": "8.440017700195312e-05",
        "cumulative": false
    },
    {
        "date": "2020-12-08T11:26:52.443Z",
        "value": "6.604194641113281e-05",
        "cumulative": false
    },
    {
        "date": "2020-12-08T11:26:54.923Z",
        "value": "6.604194641113281e-05",
        "cumulative": false
    },
    {
        "date": "2020-12-08T11:26:57.491Z",
        "value": "6.794929504394531e-05",
        "cumulative": false
    },
    {
        "date": "2020-12-08T11:27:00.006Z",
        "value": "9.489059448242188e-05",
        "cumulative": false
    },
    {
        "date": "2020-12-08T11:27:02.498Z",
        "value": "6.842613220214844e-05",
        "cumulative": false
    },
    {
        "date": "2020-12-08T11:27:04.952Z",
        "value": "6.961822509765625e-05",
        "cumulative": false
    },
    {
        "date": "2020-12-08T11:27:07.515Z",
        "value": "6.914138793945312e-05",
        "cumulative": false
    },
    {
        "date": "2020-12-08T11:27:10.040Z",
        "value": "6.29425048828125e-05",
        "cumulative": false
    },
    {
        "date": "2020-12-08T11:27:12.432Z",
        "value": "6.604194641113281e-05",
        "cumulative": false
    },
    {
        "date": "2020-12-08T11:27:14.970Z",
        "value": "7.581710815429688e-05",
        "cumulative": false
    },
    {
        "date": "2020-12-08T11:27:17.466Z",
        "value": "6.914138793945312e-05",
        "cumulative": false
    },
    {
        "date": "2020-12-08T11:27:19.914Z",
        "value": "7.939338684082031e-05",
        "cumulative": false
    },
    {
        "date": "2020-12-08T11:27:22.514Z",
        "value": "7.390975952148438e-05",
        "cumulative": false
    },
    {
        "date": "2020-12-08T11:27:24.946Z",
        "value": "8.606910705566406e-05",
        "cumulative": false
    },
    {
        "date": "2020-12-08T11:27:27.421Z",
        "value": "6.67572021484375e-05",
        "cumulative": false
    },
    {
        "date": "2020-12-08T11:27:29.983Z",
        "value": "6.723403930664062e-05",
        "cumulative": false
    }
]