[
    {
        "date": "2020-12-08T11:26:30.575Z",
        "value": "2.545438766479492",
        "cumulative": false
    },
    {
        "date": "2020-12-08T11:26:33.035Z",
        "value": "1.8001399040222168",
        "cumulative": false
    },
    {
        "date": "2020-12-08T11:26:35.542Z",
        "value": "1.690699577331543",
        "cumulative": false
    },
    {
        "date": "2020-12-08T11:26:38.070Z",
        "value": "1.4122310876846313",
        "cumulative": false
    },
    {
        "date": "2020-12-08T11:26:40.641Z",
        "value": "1.264000415802002",
        "cumulative": false
    },
    {
        "date": "2020-12-08T11:26:43.121Z",
        "value": "1.1050647497177124",
        "cumulative": false
    },
    {
        "date": "2020-12-08T11:26:45.592Z",
        "value": "1.146605372428894",
        "cumulative": false
    },
    {
        "date": "2020-12-08T11:26:48.092Z",
        "value": "1.205551028251648",
        "cumulative": false
    },
    {
        "date": "2020-12-08T11:26:50.635Z",
        "value": "0.8011514544487",
        "cumulative": false
    },
    {
        "date": "2020-12-08T11:26:53.112Z",
        "value": "0.9483008980751038",
        "cumulative": false
    },
    {
        "date": "2020-12-08T11:26:55.631Z",
        "value": "0.8989282250404358",
        "cumulative": false
    },
    {
        "date": "2020-12-08T11:26:58.255Z",
        "value": "0.7695613503456116",
        "cumulative": false
    },
    {
        "date": "2020-12-08T11:27:00.707Z",
        "value": "0.6756060719490051",
        "cumulative": false
    },
    {
        "date": "2020-12-08T11:27:03.192Z",
        "value": "0.6984725594520569",
        "cumulative": false
    },
    {
        "date": "2020-12-08T11:27:05.718Z",
        "value": "0.626642107963562",
        "cumulative": false
    },
    {
        "date": "2020-12-08T11:27:08.198Z",
        "value": "0.7801342606544495",
        "cumulative": false
    },
    {
        "date": "2020-12-08T11:27:10.739Z",
        "value": "0.6893124580383301",
        "cumulative": false
    },
    {
        "date": "2020-12-08T11:27:13.125Z",
        "value": "0.6053520441055298",
        "cumulative": false
    },
    {
        "date": "2020-12-08T11:27:15.728Z",
        "value": "0.5438158512115479",
        "cumulative": false
    },
    {
        "date": "2020-12-08T11:27:18.141Z",
        "value": "0.5390089154243469",
        "cumulative": false
    },
    {
        "date": "2020-12-08T11:27:20.641Z",
        "value": "0.6915870904922485",
        "cumulative": false
    },
    {
        "date": "2020-12-08T11:27:23.203Z",
        "value": "0.48076096177101135",
        "cumulative": false
    },
    {
        "date": "2020-12-08T11:27:25.615Z",
        "value": "0.4779970645904541",
        "cumulative": false
    },
    {
        "date": "2020-12-08T11:27:28.117Z",
        "value": "0.5638633966445923",
        "cumulative": false
    }
]