[
    {
        "date": "2020-12-08T11:26:30.572Z",
        "value": "11.71875",
        "cumulative": false
    },
    {
        "date": "2020-12-08T11:26:33.025Z",
        "value": "38.28125",
        "cumulative": false
    },
    {
        "date": "2020-12-08T11:26:35.536Z",
        "value": "44.53125",
        "cumulative": false
    },
    {
        "date": "2020-12-08T11:26:38.065Z",
        "value": "52.34375",
        "cumulative": false
    },
    {
        "date": "2020-12-08T11:26:40.631Z",
        "value": "49.21875",
        "cumulative": false
    },
    {
        "date": "2020-12-08T11:26:43.116Z",
        "value": "62.5",
        "cumulative": false
    },
    {
        "date": "2020-12-08T11:26:45.588Z",
        "value": "64.0625",
        "cumulative": false
    },
    {
        "date": "2020-12-08T11:26:48.087Z",
        "value": "66.40625",
        "cumulative": false
    },
    {
        "date": "2020-12-08T11:26:50.629Z",
        "value": "65.625",
        "cumulative": false
    },
    {
        "date": "2020-12-08T11:26:53.107Z",
        "value": "68.75",
        "cumulative": false
    },
    {
        "date": "2020-12-08T11:26:55.627Z",
        "value": "64.84375",
        "cumulative": false
    },
    {
        "date": "2020-12-08T11:26:58.240Z",
        "value": "71.09375",
        "cumulative": false
    },
    {
        "date": "2020-12-08T11:27:00.700Z",
        "value": "68.75",
        "cumulative": false
    },
    {
        "date": "2020-12-08T11:27:03.187Z",
        "value": "81.25",
        "cumulative": false
    },
    {
        "date": "2020-12-08T11:27:05.707Z",
        "value": "73.4375",
        "cumulative": false
    },
    {
        "date": "2020-12-08T11:27:08.193Z",
        "value": "83.59375",
        "cumulative": false
    },
    {
        "date": "2020-12-08T11:27:10.735Z",
        "value": "86.71875",
        "cumulative": false
    },
    {
        "date": "2020-12-08T11:27:13.120Z",
        "value": "76.5625",
        "cumulative": false
    },
    {
        "date": "2020-12-08T11:27:15.723Z",
        "value": "87.5",
        "cumulative": false
    },
    {
        "date": "2020-12-08T11:27:18.136Z",
        "value": "81.25",
        "cumulative": false
    },
    {
        "date": "2020-12-08T11:27:20.635Z",
        "value": "83.59375",
        "cumulative": false
    },
    {
        "date": "2020-12-08T11:27:23.198Z",
        "value": "83.59375",
        "cumulative": false
    },
    {
        "date": "2020-12-08T11:27:25.608Z",
        "value": "83.59375",
        "cumulative": false
    },
    {
        "date": "2020-12-08T11:27:28.115Z",
        "value": "89.84375",
        "cumulative": false
    }
]