[
    {
        "date": "2020-12-08T11:26:30.572Z",
        "value": "12.5",
        "cumulative": false
    },
    {
        "date": "2020-12-08T11:26:33.024Z",
        "value": "30.46875",
        "cumulative": false
    },
    {
        "date": "2020-12-08T11:26:35.535Z",
        "value": "42.96875",
        "cumulative": false
    },
    {
        "date": "2020-12-08T11:26:38.063Z",
        "value": "53.90625",
        "cumulative": false
    },
    {
        "date": "2020-12-08T11:26:40.633Z",
        "value": "52.34375",
        "cumulative": false
    },
    {
        "date": "2020-12-08T11:26:43.114Z",
        "value": "67.96875",
        "cumulative": false
    },
    {
        "date": "2020-12-08T11:26:45.585Z",
        "value": "60.9375",
        "cumulative": false
    },
    {
        "date": "2020-12-08T11:26:48.085Z",
        "value": "69.53125",
        "cumulative": false
    },
    {
        "date": "2020-12-08T11:26:50.628Z",
        "value": "67.1875",
        "cumulative": false
    },
    {
        "date": "2020-12-08T11:26:53.110Z",
        "value": "67.1875",
        "cumulative": false
    },
    {
        "date": "2020-12-08T11:26:55.626Z",
        "value": "71.875",
        "cumulative": false
    },
    {
        "date": "2020-12-08T11:26:58.248Z",
        "value": "78.90625",
        "cumulative": false
    },
    {
        "date": "2020-12-08T11:27:00.701Z",
        "value": "74.21875",
        "cumulative": false
    },
    {
        "date": "2020-12-08T11:27:03.185Z",
        "value": "80.46875",
        "cumulative": false
    },
    {
        "date": "2020-12-08T11:27:05.712Z",
        "value": "80.46875",
        "cumulative": false
    },
    {
        "date": "2020-12-08T11:27:08.191Z",
        "value": "73.4375",
        "cumulative": false
    },
    {
        "date": "2020-12-08T11:27:10.733Z",
        "value": "80.46875",
        "cumulative": false
    },
    {
        "date": "2020-12-08T11:27:13.118Z",
        "value": "75.0",
        "cumulative": false
    },
    {
        "date": "2020-12-08T11:27:15.722Z",
        "value": "78.90625",
        "cumulative": false
    },
    {
        "date": "2020-12-08T11:27:18.135Z",
        "value": "82.8125",
        "cumulative": false
    },
    {
        "date": "2020-12-08T11:27:20.635Z",
        "value": "78.125",
        "cumulative": false
    },
    {
        "date": "2020-12-08T11:27:23.196Z",
        "value": "82.03125",
        "cumulative": false
    },
    {
        "date": "2020-12-08T11:27:25.608Z",
        "value": "78.90625",
        "cumulative": false
    },
    {
        "date": "2020-12-08T11:27:28.112Z",
        "value": "80.46875",
        "cumulative": false
    }
]