[
    {
        "date": "2020-12-08T11:26:30.575Z",
        "value": "5.46875",
        "cumulative": false
    },
    {
        "date": "2020-12-08T11:26:33.029Z",
        "value": "29.6875",
        "cumulative": false
    },
    {
        "date": "2020-12-08T11:26:35.543Z",
        "value": "42.1875",
        "cumulative": false
    },
    {
        "date": "2020-12-08T11:26:38.067Z",
        "value": "49.21875",
        "cumulative": false
    },
    {
        "date": "2020-12-08T11:26:40.635Z",
        "value": "53.125",
        "cumulative": false
    },
    {
        "date": "2020-12-08T11:26:43.119Z",
        "value": "63.28125",
        "cumulative": false
    },
    {
        "date": "2020-12-08T11:26:45.591Z",
        "value": "67.96875",
        "cumulative": false
    },
    {
        "date": "2020-12-08T11:26:48.092Z",
        "value": "69.53125",
        "cumulative": false
    },
    {
        "date": "2020-12-08T11:26:50.633Z",
        "value": "71.875",
        "cumulative": false
    },
    {
        "date": "2020-12-08T11:26:53.110Z",
        "value": "71.09375",
        "cumulative": false
    },
    {
        "date": "2020-12-08T11:26:55.630Z",
        "value": "75.0",
        "cumulative": false
    },
    {
        "date": "2020-12-08T11:26:58.253Z",
        "value": "69.53125",
        "cumulative": false
    },
    {
        "date": "2020-12-08T11:27:00.705Z",
        "value": "79.6875",
        "cumulative": false
    },
    {
        "date": "2020-12-08T11:27:03.190Z",
        "value": "78.125",
        "cumulative": false
    },
    {
        "date": "2020-12-08T11:27:05.717Z",
        "value": "78.125",
        "cumulative": false
    },
    {
        "date": "2020-12-08T11:27:08.196Z",
        "value": "83.59375",
        "cumulative": false
    },
    {
        "date": "2020-12-08T11:27:10.738Z",
        "value": "76.5625",
        "cumulative": false
    },
    {
        "date": "2020-12-08T11:27:13.125Z",
        "value": "82.8125",
        "cumulative": false
    },
    {
        "date": "2020-12-08T11:27:15.727Z",
        "value": "82.03125",
        "cumulative": false
    },
    {
        "date": "2020-12-08T11:27:18.141Z",
        "value": "82.03125",
        "cumulative": false
    },
    {
        "date": "2020-12-08T11:27:20.640Z",
        "value": "79.6875",
        "cumulative": false
    },
    {
        "date": "2020-12-08T11:27:23.201Z",
        "value": "79.6875",
        "cumulative": false
    },
    {
        "date": "2020-12-08T11:27:25.613Z",
        "value": "82.8125",
        "cumulative": false
    },
    {
        "date": "2020-12-08T11:27:28.119Z",
        "value": "82.03125",
        "cumulative": false
    }
]