[
    {
        "date": "2020-12-08T11:26:30.572Z",
        "value": "7.03125",
        "cumulative": false
    },
    {
        "date": "2020-12-08T11:26:33.025Z",
        "value": "26.5625",
        "cumulative": false
    },
    {
        "date": "2020-12-08T11:26:35.540Z",
        "value": "43.75",
        "cumulative": false
    },
    {
        "date": "2020-12-08T11:26:38.064Z",
        "value": "56.25",
        "cumulative": false
    },
    {
        "date": "2020-12-08T11:26:40.630Z",
        "value": "52.34375",
        "cumulative": false
    },
    {
        "date": "2020-12-08T11:26:43.116Z",
        "value": "50.0",
        "cumulative": false
    },
    {
        "date": "2020-12-08T11:26:45.591Z",
        "value": "63.28125",
        "cumulative": false
    },
    {
        "date": "2020-12-08T11:26:48.088Z",
        "value": "61.71875",
        "cumulative": false
    },
    {
        "date": "2020-12-08T11:26:50.629Z",
        "value": "67.96875",
        "cumulative": false
    },
    {
        "date": "2020-12-08T11:26:53.107Z",
        "value": "69.53125",
        "cumulative": false
    },
    {
        "date": "2020-12-08T11:26:55.626Z",
        "value": "69.53125",
        "cumulative": false
    },
    {
        "date": "2020-12-08T11:26:58.249Z",
        "value": "70.3125",
        "cumulative": false
    },
    {
        "date": "2020-12-08T11:27:00.701Z",
        "value": "76.5625",
        "cumulative": false
    },
    {
        "date": "2020-12-08T11:27:03.187Z",
        "value": "76.5625",
        "cumulative": false
    },
    {
        "date": "2020-12-08T11:27:05.713Z",
        "value": "77.34375",
        "cumulative": false
    },
    {
        "date": "2020-12-08T11:27:08.193Z",
        "value": "80.46875",
        "cumulative": false
    },
    {
        "date": "2020-12-08T11:27:10.735Z",
        "value": "82.03125",
        "cumulative": false
    },
    {
        "date": "2020-12-08T11:27:13.121Z",
        "value": "81.25",
        "cumulative": false
    },
    {
        "date": "2020-12-08T11:27:15.723Z",
        "value": "78.90625",
        "cumulative": false
    },
    {
        "date": "2020-12-08T11:27:18.136Z",
        "value": "73.4375",
        "cumulative": false
    },
    {
        "date": "2020-12-08T11:27:20.636Z",
        "value": "83.59375",
        "cumulative": false
    },
    {
        "date": "2020-12-08T11:27:23.197Z",
        "value": "78.125",
        "cumulative": false
    },
    {
        "date": "2020-12-08T11:27:25.610Z",
        "value": "85.9375",
        "cumulative": false
    },
    {
        "date": "2020-12-08T11:27:28.115Z",
        "value": "81.25",
        "cumulative": false
    }
]