[
    {
        "date": "2020-12-08T11:26:32.364Z",
        "value": "0.0055963993072509766",
        "cumulative": false
    },
    {
        "date": "2020-12-08T11:26:34.829Z",
        "value": "0.005501508712768555",
        "cumulative": false
    },
    {
        "date": "2020-12-08T11:26:37.333Z",
        "value": "0.005415916442871094",
        "cumulative": false
    },
    {
        "date": "2020-12-08T11:26:39.893Z",
        "value": "0.0054531097412109375",
        "cumulative": false
    },
    {
        "date": "2020-12-08T11:26:42.449Z",
        "value": "0.0053784847259521484",
        "cumulative": false
    },
    {
        "date": "2020-12-08T11:26:44.933Z",
        "value": "0.005082130432128906",
        "cumulative": false
    },
    {
        "date": "2020-12-08T11:26:47.354Z",
        "value": "0.006217479705810547",
        "cumulative": false
    },
    {
        "date": "2020-12-08T11:26:49.886Z",
        "value": "0.005631446838378906",
        "cumulative": false
    },
    {
        "date": "2020-12-08T11:26:52.433Z",
        "value": "0.005435943603515625",
        "cumulative": false
    },
    {
        "date": "2020-12-08T11:26:54.924Z",
        "value": "0.0054531097412109375",
        "cumulative": false
    },
    {
        "date": "2020-12-08T11:26:57.486Z",
        "value": "0.005928754806518555",
        "cumulative": false
    },
    {
        "date": "2020-12-08T11:27:00.005Z",
        "value": "0.00617671012878418",
        "cumulative": false
    },
    {
        "date": "2020-12-08T11:27:02.506Z",
        "value": "0.005402803421020508",
        "cumulative": false
    },
    {
        "date": "2020-12-08T11:27:04.953Z",
        "value": "0.005856037139892578",
        "cumulative": false
    },
    {
        "date": "2020-12-08T11:27:07.512Z",
        "value": "0.005188465118408203",
        "cumulative": false
    },
    {
        "date": "2020-12-08T11:27:10.042Z",
        "value": "0.005903959274291992",
        "cumulative": false
    },
    {
        "date": "2020-12-08T11:27:12.431Z",
        "value": "0.005732059478759766",
        "cumulative": false
    },
    {
        "date": "2020-12-08T11:27:14.980Z",
        "value": "0.005693674087524414",
        "cumulative": false
    },
    {
        "date": "2020-12-08T11:27:17.462Z",
        "value": "0.006419181823730469",
        "cumulative": false
    },
    {
        "date": "2020-12-08T11:27:19.913Z",
        "value": "0.005570888519287109",
        "cumulative": false
    },
    {
        "date": "2020-12-08T11:27:22.500Z",
        "value": "0.00594639778137207",
        "cumulative": false
    },
    {
        "date": "2020-12-08T11:27:24.943Z",
        "value": "0.006242990493774414",
        "cumulative": false
    },
    {
        "date": "2020-12-08T11:27:27.411Z",
        "value": "0.006068229675292969",
        "cumulative": false
    },
    {
        "date": "2020-12-08T11:27:29.980Z",
        "value": "0.005360603332519531",
        "cumulative": false
    }
]