[
    {
        "date": "2020-12-08T11:26:32.366Z",
        "value": "0.015226602554321289",
        "cumulative": false
    },
    {
        "date": "2020-12-08T11:26:34.822Z",
        "value": "0.014534950256347656",
        "cumulative": false
    },
    {
        "date": "2020-12-08T11:26:37.330Z",
        "value": "0.014301061630249023",
        "cumulative": false
    },
    {
        "date": "2020-12-08T11:26:39.898Z",
        "value": "0.016394376754760742",
        "cumulative": false
    },
    {
        "date": "2020-12-08T11:26:42.447Z",
        "value": "0.017335176467895508",
        "cumulative": false
    },
    {
        "date": "2020-12-08T11:26:44.945Z",
        "value": "0.015073537826538086",
        "cumulative": false
    },
    {
        "date": "2020-12-08T11:26:47.350Z",
        "value": "0.016692161560058594",
        "cumulative": false
    },
    {
        "date": "2020-12-08T11:26:49.886Z",
        "value": "0.01669597625732422",
        "cumulative": false
    },
    {
        "date": "2020-12-08T11:26:52.434Z",
        "value": "0.016934633255004883",
        "cumulative": false
    },
    {
        "date": "2020-12-08T11:26:54.923Z",
        "value": "0.01512765884399414",
        "cumulative": false
    },
    {
        "date": "2020-12-08T11:26:57.492Z",
        "value": "0.016495943069458008",
        "cumulative": false
    },
    {
        "date": "2020-12-08T11:26:59.998Z",
        "value": "0.016367435455322266",
        "cumulative": false
    },
    {
        "date": "2020-12-08T11:27:02.493Z",
        "value": "0.015497446060180664",
        "cumulative": false
    },
    {
        "date": "2020-12-08T11:27:04.940Z",
        "value": "0.017491817474365234",
        "cumulative": false
    },
    {
        "date": "2020-12-08T11:27:07.510Z",
        "value": "0.016307353973388672",
        "cumulative": false
    },
    {
        "date": "2020-12-08T11:27:10.034Z",
        "value": "0.015075922012329102",
        "cumulative": false
    },
    {
        "date": "2020-12-08T11:27:12.428Z",
        "value": "0.01489400863647461",
        "cumulative": false
    },
    {
        "date": "2020-12-08T11:27:14.964Z",
        "value": "0.017709970474243164",
        "cumulative": false
    },
    {
        "date": "2020-12-08T11:27:17.463Z",
        "value": "0.014770269393920898",
        "cumulative": false
    },
    {
        "date": "2020-12-08T11:27:19.901Z",
        "value": "0.015634536743164062",
        "cumulative": false
    },
    {
        "date": "2020-12-08T11:27:22.501Z",
        "value": "0.015986919403076172",
        "cumulative": false
    },
    {
        "date": "2020-12-08T11:27:24.940Z",
        "value": "0.016221046447753906",
        "cumulative": false
    },
    {
        "date": "2020-12-08T11:27:27.403Z",
        "value": "0.014955759048461914",
        "cumulative": false
    },
    {
        "date": "2020-12-08T11:27:29.981Z",
        "value": "0.015128612518310547",
        "cumulative": false
    }
]