[
    {
        "date": "2020-12-08T11:26:30.573Z",
        "value": "2.5517375469207764",
        "cumulative": false
    },
    {
        "date": "2020-12-08T11:26:33.029Z",
        "value": "1.787197470664978",
        "cumulative": false
    },
    {
        "date": "2020-12-08T11:26:35.543Z",
        "value": "1.4937419891357422",
        "cumulative": false
    },
    {
        "date": "2020-12-08T11:26:38.067Z",
        "value": "1.370066523551941",
        "cumulative": false
    },
    {
        "date": "2020-12-08T11:26:40.635Z",
        "value": "1.1900416612625122",
        "cumulative": false
    },
    {
        "date": "2020-12-08T11:26:43.119Z",
        "value": "0.9707933664321899",
        "cumulative": false
    },
    {
        "date": "2020-12-08T11:26:45.590Z",
        "value": "0.8855171799659729",
        "cumulative": false
    },
    {
        "date": "2020-12-08T11:26:48.091Z",
        "value": "0.8731737732887268",
        "cumulative": false
    },
    {
        "date": "2020-12-08T11:26:50.633Z",
        "value": "0.7678001523017883",
        "cumulative": false
    },
    {
        "date": "2020-12-08T11:26:53.110Z",
        "value": "0.806136429309845",
        "cumulative": false
    },
    {
        "date": "2020-12-08T11:26:55.630Z",
        "value": "0.74615478515625",
        "cumulative": false
    },
    {
        "date": "2020-12-08T11:26:58.253Z",
        "value": "0.9650929570198059",
        "cumulative": false
    },
    {
        "date": "2020-12-08T11:27:00.705Z",
        "value": "0.6175609827041626",
        "cumulative": false
    },
    {
        "date": "2020-12-08T11:27:03.190Z",
        "value": "0.7082641124725342",
        "cumulative": false
    },
    {
        "date": "2020-12-08T11:27:05.716Z",
        "value": "0.7222200632095337",
        "cumulative": false
    },
    {
        "date": "2020-12-08T11:27:08.196Z",
        "value": "0.6183514595031738",
        "cumulative": false
    },
    {
        "date": "2020-12-08T11:27:10.738Z",
        "value": "0.7127100825309753",
        "cumulative": false
    },
    {
        "date": "2020-12-08T11:27:13.125Z",
        "value": "0.5177437663078308",
        "cumulative": false
    },
    {
        "date": "2020-12-08T11:27:15.727Z",
        "value": "0.6100578308105469",
        "cumulative": false
    },
    {
        "date": "2020-12-08T11:27:18.141Z",
        "value": "0.5662152767181396",
        "cumulative": false
    },
    {
        "date": "2020-12-08T11:27:20.640Z",
        "value": "0.48078569769859314",
        "cumulative": false
    },
    {
        "date": "2020-12-08T11:27:23.201Z",
        "value": "0.6674766540527344",
        "cumulative": false
    },
    {
        "date": "2020-12-08T11:27:25.613Z",
        "value": "0.5023388266563416",
        "cumulative": false
    },
    {
        "date": "2020-12-08T11:27:28.119Z",
        "value": "0.5199305415153503",
        "cumulative": false
    }
]