[
    {
        "date": "2020-12-08T11:26:32.372Z",
        "value": "2.453676223754883",
        "cumulative": false
    },
    {
        "date": "2020-12-08T11:26:34.833Z",
        "value": "0.4215102195739746",
        "cumulative": false
    },
    {
        "date": "2020-12-08T11:26:37.332Z",
        "value": "0.4178450107574463",
        "cumulative": false
    },
    {
        "date": "2020-12-08T11:26:39.896Z",
        "value": "0.3793933391571045",
        "cumulative": false
    },
    {
        "date": "2020-12-08T11:26:42.448Z",
        "value": "0.471022367477417",
        "cumulative": false
    },
    {
        "date": "2020-12-08T11:26:44.944Z",
        "value": "0.417987585067749",
        "cumulative": false
    },
    {
        "date": "2020-12-08T11:26:47.349Z",
        "value": "0.37709832191467285",
        "cumulative": false
    },
    {
        "date": "2020-12-08T11:26:49.887Z",
        "value": "0.4166104793548584",
        "cumulative": false
    },
    {
        "date": "2020-12-08T11:26:52.435Z",
        "value": "0.41481494903564453",
        "cumulative": false
    },
    {
        "date": "2020-12-08T11:26:54.927Z",
        "value": "0.39252543449401855",
        "cumulative": false
    },
    {
        "date": "2020-12-08T11:26:57.494Z",
        "value": "0.4479222297668457",
        "cumulative": false
    },
    {
        "date": "2020-12-08T11:27:00.005Z",
        "value": "0.3778266906738281",
        "cumulative": false
    },
    {
        "date": "2020-12-08T11:27:02.501Z",
        "value": "0.3945646286010742",
        "cumulative": false
    },
    {
        "date": "2020-12-08T11:27:04.944Z",
        "value": "0.3927292823791504",
        "cumulative": false
    },
    {
        "date": "2020-12-08T11:27:07.514Z",
        "value": "0.4118764400482178",
        "cumulative": false
    },
    {
        "date": "2020-12-08T11:27:10.040Z",
        "value": "0.4637308120727539",
        "cumulative": false
    },
    {
        "date": "2020-12-08T11:27:12.431Z",
        "value": "0.36441540718078613",
        "cumulative": false
    },
    {
        "date": "2020-12-08T11:27:14.973Z",
        "value": "0.4152183532714844",
        "cumulative": false
    },
    {
        "date": "2020-12-08T11:27:17.455Z",
        "value": "0.3602004051208496",
        "cumulative": false
    },
    {
        "date": "2020-12-08T11:27:19.900Z",
        "value": "0.37694501876831055",
        "cumulative": false
    },
    {
        "date": "2020-12-08T11:27:22.502Z",
        "value": "0.46691322326660156",
        "cumulative": false
    },
    {
        "date": "2020-12-08T11:27:24.935Z",
        "value": "0.3711507320404053",
        "cumulative": false
    },
    {
        "date": "2020-12-08T11:27:27.413Z",
        "value": "0.37836670875549316",
        "cumulative": false
    },
    {
        "date": "2020-12-08T11:27:29.977Z",
        "value": "0.44708251953125",
        "cumulative": false
    }
]