[
    {
        "date": "2020-12-08T11:26:30.575Z",
        "value": "2.463191270828247",
        "cumulative": false
    },
    {
        "date": "2020-12-08T11:26:33.031Z",
        "value": "1.818902611732483",
        "cumulative": false
    },
    {
        "date": "2020-12-08T11:26:35.541Z",
        "value": "1.5200042724609375",
        "cumulative": false
    },
    {
        "date": "2020-12-08T11:26:38.071Z",
        "value": "1.4171638488769531",
        "cumulative": false
    },
    {
        "date": "2020-12-08T11:26:40.636Z",
        "value": "1.372901201248169",
        "cumulative": false
    },
    {
        "date": "2020-12-08T11:26:43.121Z",
        "value": "1.2301689386367798",
        "cumulative": false
    },
    {
        "date": "2020-12-08T11:26:45.592Z",
        "value": "0.9588868021965027",
        "cumulative": false
    },
    {
        "date": "2020-12-08T11:26:48.094Z",
        "value": "0.96927809715271",
        "cumulative": false
    },
    {
        "date": "2020-12-08T11:26:50.635Z",
        "value": "0.8886424899101257",
        "cumulative": false
    },
    {
        "date": "2020-12-08T11:26:53.111Z",
        "value": "1.019066572189331",
        "cumulative": false
    },
    {
        "date": "2020-12-08T11:26:55.633Z",
        "value": "0.8190522789955139",
        "cumulative": false
    },
    {
        "date": "2020-12-08T11:26:58.245Z",
        "value": "0.6937487721443176",
        "cumulative": false
    },
    {
        "date": "2020-12-08T11:27:00.707Z",
        "value": "0.6739819049835205",
        "cumulative": false
    },
    {
        "date": "2020-12-08T11:27:03.192Z",
        "value": "0.6190528273582458",
        "cumulative": false
    },
    {
        "date": "2020-12-08T11:27:05.713Z",
        "value": "0.6807345747947693",
        "cumulative": false
    },
    {
        "date": "2020-12-08T11:27:08.198Z",
        "value": "0.5902089476585388",
        "cumulative": false
    },
    {
        "date": "2020-12-08T11:27:10.740Z",
        "value": "0.6908287405967712",
        "cumulative": false
    },
    {
        "date": "2020-12-08T11:27:13.124Z",
        "value": "0.5790133476257324",
        "cumulative": false
    },
    {
        "date": "2020-12-08T11:27:15.729Z",
        "value": "0.5318782925605774",
        "cumulative": false
    },
    {
        "date": "2020-12-08T11:27:18.141Z",
        "value": "0.48074907064437866",
        "cumulative": false
    },
    {
        "date": "2020-12-08T11:27:20.641Z",
        "value": "0.5178691744804382",
        "cumulative": false
    },
    {
        "date": "2020-12-08T11:27:23.205Z",
        "value": "0.38512760400772095",
        "cumulative": false
    },
    {
        "date": "2020-12-08T11:27:25.613Z",
        "value": "0.5621454119682312",
        "cumulative": false
    },
    {
        "date": "2020-12-08T11:27:28.120Z",
        "value": "0.4090755879878998",
        "cumulative": false
    }
]