[
    {
        "date": "2020-12-08T11:26:32.365Z",
        "value": "7.200241088867188e-05",
        "cumulative": false
    },
    {
        "date": "2020-12-08T11:26:34.827Z",
        "value": "9.465217590332031e-05",
        "cumulative": false
    },
    {
        "date": "2020-12-08T11:26:37.329Z",
        "value": "6.985664367675781e-05",
        "cumulative": false
    },
    {
        "date": "2020-12-08T11:26:39.905Z",
        "value": "7.43865966796875e-05",
        "cumulative": false
    },
    {
        "date": "2020-12-08T11:26:42.450Z",
        "value": "7.724761962890625e-05",
        "cumulative": false
    },
    {
        "date": "2020-12-08T11:26:44.938Z",
        "value": "6.985664367675781e-05",
        "cumulative": false
    },
    {
        "date": "2020-12-08T11:26:47.360Z",
        "value": "9.1552734375e-05",
        "cumulative": false
    },
    {
        "date": "2020-12-08T11:26:49.887Z",
        "value": "9.632110595703125e-05",
        "cumulative": false
    },
    {
        "date": "2020-12-08T11:26:52.432Z",
        "value": "7.748603820800781e-05",
        "cumulative": false
    },
    {
        "date": "2020-12-08T11:26:54.926Z",
        "value": "8.749961853027344e-05",
        "cumulative": false
    },
    {
        "date": "2020-12-08T11:26:57.493Z",
        "value": "9.059906005859375e-05",
        "cumulative": false
    },
    {
        "date": "2020-12-08T11:26:59.999Z",
        "value": "7.414817810058594e-05",
        "cumulative": false
    },
    {
        "date": "2020-12-08T11:27:02.493Z",
        "value": "7.581710815429688e-05",
        "cumulative": false
    },
    {
        "date": "2020-12-08T11:27:04.956Z",
        "value": "7.43865966796875e-05",
        "cumulative": false
    },
    {
        "date": "2020-12-08T11:27:07.519Z",
        "value": "7.033348083496094e-05",
        "cumulative": false
    },
    {
        "date": "2020-12-08T11:27:10.047Z",
        "value": "7.700920104980469e-05",
        "cumulative": false
    },
    {
        "date": "2020-12-08T11:27:12.434Z",
        "value": "7.2479248046875e-05",
        "cumulative": false
    },
    {
        "date": "2020-12-08T11:27:14.967Z",
        "value": "8.440017700195312e-05",
        "cumulative": false
    },
    {
        "date": "2020-12-08T11:27:17.454Z",
        "value": "9.822845458984375e-05",
        "cumulative": false
    },
    {
        "date": "2020-12-08T11:27:19.903Z",
        "value": "7.605552673339844e-05",
        "cumulative": false
    },
    {
        "date": "2020-12-08T11:27:22.504Z",
        "value": "7.295608520507812e-05",
        "cumulative": false
    },
    {
        "date": "2020-12-08T11:27:24.944Z",
        "value": "7.557868957519531e-05",
        "cumulative": false
    },
    {
        "date": "2020-12-08T11:27:27.406Z",
        "value": "8.058547973632812e-05",
        "cumulative": false
    },
    {
        "date": "2020-12-08T11:27:29.972Z",
        "value": "8.273124694824219e-05",
        "cumulative": false
    }
]