[
    {
        "date": "2020-12-08T11:26:32.378Z",
        "value": "0.06857824325561523",
        "cumulative": false
    },
    {
        "date": "2020-12-08T11:26:34.852Z",
        "value": "0.08138751983642578",
        "cumulative": false
    },
    {
        "date": "2020-12-08T11:26:37.355Z",
        "value": "0.0683584213256836",
        "cumulative": false
    },
    {
        "date": "2020-12-08T11:26:39.917Z",
        "value": "0.07714104652404785",
        "cumulative": false
    },
    {
        "date": "2020-12-08T11:26:42.480Z",
        "value": "0.07732391357421875",
        "cumulative": false
    },
    {
        "date": "2020-12-08T11:26:44.956Z",
        "value": "0.07631397247314453",
        "cumulative": false
    },
    {
        "date": "2020-12-08T11:26:47.373Z",
        "value": "0.07209515571594238",
        "cumulative": false
    },
    {
        "date": "2020-12-08T11:26:49.919Z",
        "value": "0.07310295104980469",
        "cumulative": false
    },
    {
        "date": "2020-12-08T11:26:52.450Z",
        "value": "0.07295966148376465",
        "cumulative": false
    },
    {
        "date": "2020-12-08T11:26:54.944Z",
        "value": "0.07341551780700684",
        "cumulative": false
    },
    {
        "date": "2020-12-08T11:26:57.508Z",
        "value": "0.07976794242858887",
        "cumulative": false
    },
    {
        "date": "2020-12-08T11:27:00.029Z",
        "value": "0.0713038444519043",
        "cumulative": false
    },
    {
        "date": "2020-12-08T11:27:02.518Z",
        "value": "0.0728762149810791",
        "cumulative": false
    },
    {
        "date": "2020-12-08T11:27:04.966Z",
        "value": "0.07091212272644043",
        "cumulative": false
    },
    {
        "date": "2020-12-08T11:27:07.533Z",
        "value": "0.08214855194091797",
        "cumulative": false
    },
    {
        "date": "2020-12-08T11:27:10.067Z",
        "value": "0.08405447006225586",
        "cumulative": false
    },
    {
        "date": "2020-12-08T11:27:12.453Z",
        "value": "0.06884288787841797",
        "cumulative": false
    },
    {
        "date": "2020-12-08T11:27:15.001Z",
        "value": "0.07722115516662598",
        "cumulative": false
    },
    {
        "date": "2020-12-08T11:27:17.479Z",
        "value": "0.06842327117919922",
        "cumulative": false
    },
    {
        "date": "2020-12-08T11:27:19.929Z",
        "value": "0.07663488388061523",
        "cumulative": false
    },
    {
        "date": "2020-12-08T11:27:22.521Z",
        "value": "0.08351778984069824",
        "cumulative": false
    },
    {
        "date": "2020-12-08T11:27:24.970Z",
        "value": "0.07211899757385254",
        "cumulative": false
    },
    {
        "date": "2020-12-08T11:27:27.430Z",
        "value": "0.07624030113220215",
        "cumulative": false
    },
    {
        "date": "2020-12-08T11:27:30.009Z",
        "value": "0.0747685432434082",
        "cumulative": false
    }
]