[
    {
        "date": "2020-12-08T11:26:32.366Z",
        "value": "0.11257195472717285",
        "cumulative": false
    },
    {
        "date": "2020-12-08T11:26:34.822Z",
        "value": "0.10964822769165039",
        "cumulative": false
    },
    {
        "date": "2020-12-08T11:26:37.330Z",
        "value": "0.10938239097595215",
        "cumulative": false
    },
    {
        "date": "2020-12-08T11:26:39.898Z",
        "value": "0.1178436279296875",
        "cumulative": false
    },
    {
        "date": "2020-12-08T11:26:42.447Z",
        "value": "0.12618660926818848",
        "cumulative": false
    },
    {
        "date": "2020-12-08T11:26:44.945Z",
        "value": "0.11614799499511719",
        "cumulative": false
    },
    {
        "date": "2020-12-08T11:26:47.350Z",
        "value": "0.13222908973693848",
        "cumulative": false
    },
    {
        "date": "2020-12-08T11:26:49.886Z",
        "value": "0.12179684638977051",
        "cumulative": false
    },
    {
        "date": "2020-12-08T11:26:52.434Z",
        "value": "0.11219143867492676",
        "cumulative": false
    },
    {
        "date": "2020-12-08T11:26:54.923Z",
        "value": "0.11715459823608398",
        "cumulative": false
    },
    {
        "date": "2020-12-08T11:26:57.492Z",
        "value": "0.11593961715698242",
        "cumulative": false
    },
    {
        "date": "2020-12-08T11:26:59.998Z",
        "value": "0.12280917167663574",
        "cumulative": false
    },
    {
        "date": "2020-12-08T11:27:02.493Z",
        "value": "0.12155723571777344",
        "cumulative": false
    },
    {
        "date": "2020-12-08T11:27:04.940Z",
        "value": "0.11751341819763184",
        "cumulative": false
    },
    {
        "date": "2020-12-08T11:27:07.510Z",
        "value": "0.11638736724853516",
        "cumulative": false
    },
    {
        "date": "2020-12-08T11:27:10.034Z",
        "value": "0.1100013256072998",
        "cumulative": false
    },
    {
        "date": "2020-12-08T11:27:12.428Z",
        "value": "0.11486697196960449",
        "cumulative": false
    },
    {
        "date": "2020-12-08T11:27:14.964Z",
        "value": "0.11486101150512695",
        "cumulative": false
    },
    {
        "date": "2020-12-08T11:27:17.463Z",
        "value": "0.11567497253417969",
        "cumulative": false
    },
    {
        "date": "2020-12-08T11:27:19.901Z",
        "value": "0.1160135269165039",
        "cumulative": false
    },
    {
        "date": "2020-12-08T11:27:22.501Z",
        "value": "0.11464571952819824",
        "cumulative": false
    },
    {
        "date": "2020-12-08T11:27:24.940Z",
        "value": "0.10986709594726562",
        "cumulative": false
    },
    {
        "date": "2020-12-08T11:27:27.403Z",
        "value": "0.11220765113830566",
        "cumulative": false
    },
    {
        "date": "2020-12-08T11:27:29.981Z",
        "value": "0.11889123916625977",
        "cumulative": false
    }
]