[
    {
        "date": "2020-12-08T11:26:32.365Z",
        "value": "0.004961729049682617",
        "cumulative": false
    },
    {
        "date": "2020-12-08T11:26:34.827Z",
        "value": "0.004358768463134766",
        "cumulative": false
    },
    {
        "date": "2020-12-08T11:26:37.329Z",
        "value": "0.00463414192199707",
        "cumulative": false
    },
    {
        "date": "2020-12-08T11:26:39.905Z",
        "value": "0.004879951477050781",
        "cumulative": false
    },
    {
        "date": "2020-12-08T11:26:42.450Z",
        "value": "0.005007266998291016",
        "cumulative": false
    },
    {
        "date": "2020-12-08T11:26:44.938Z",
        "value": "0.004927396774291992",
        "cumulative": false
    },
    {
        "date": "2020-12-08T11:26:47.359Z",
        "value": "0.004834413528442383",
        "cumulative": false
    },
    {
        "date": "2020-12-08T11:26:49.887Z",
        "value": "0.004919528961181641",
        "cumulative": false
    },
    {
        "date": "2020-12-08T11:26:52.432Z",
        "value": "0.0050046443939208984",
        "cumulative": false
    },
    {
        "date": "2020-12-08T11:26:54.926Z",
        "value": "0.004760265350341797",
        "cumulative": false
    },
    {
        "date": "2020-12-08T11:26:57.493Z",
        "value": "0.005336284637451172",
        "cumulative": false
    },
    {
        "date": "2020-12-08T11:26:59.999Z",
        "value": "0.004467964172363281",
        "cumulative": false
    },
    {
        "date": "2020-12-08T11:27:02.493Z",
        "value": "0.00471806526184082",
        "cumulative": false
    },
    {
        "date": "2020-12-08T11:27:04.956Z",
        "value": "0.005247592926025391",
        "cumulative": false
    },
    {
        "date": "2020-12-08T11:27:07.519Z",
        "value": "0.0050258636474609375",
        "cumulative": false
    },
    {
        "date": "2020-12-08T11:27:10.047Z",
        "value": "0.0048105716705322266",
        "cumulative": false
    },
    {
        "date": "2020-12-08T11:27:12.434Z",
        "value": "0.004575967788696289",
        "cumulative": false
    },
    {
        "date": "2020-12-08T11:27:14.967Z",
        "value": "0.004278898239135742",
        "cumulative": false
    },
    {
        "date": "2020-12-08T11:27:17.454Z",
        "value": "0.004763364791870117",
        "cumulative": false
    },
    {
        "date": "2020-12-08T11:27:19.903Z",
        "value": "0.004521846771240234",
        "cumulative": false
    },
    {
        "date": "2020-12-08T11:27:22.504Z",
        "value": "0.004477262496948242",
        "cumulative": false
    },
    {
        "date": "2020-12-08T11:27:24.944Z",
        "value": "0.004669189453125",
        "cumulative": false
    },
    {
        "date": "2020-12-08T11:27:27.406Z",
        "value": "0.004593610763549805",
        "cumulative": false
    },
    {
        "date": "2020-12-08T11:27:29.971Z",
        "value": "0.00467681884765625",
        "cumulative": false
    }
]