[
    {
        "date": "2020-12-08T11:26:32.360Z",
        "value": "4.315376281738281e-05",
        "cumulative": false
    },
    {
        "date": "2020-12-08T11:26:34.821Z",
        "value": "4.220008850097656e-05",
        "cumulative": false
    },
    {
        "date": "2020-12-08T11:26:37.332Z",
        "value": "4.553794860839844e-05",
        "cumulative": false
    },
    {
        "date": "2020-12-08T11:26:39.894Z",
        "value": "6.151199340820312e-05",
        "cumulative": false
    },
    {
        "date": "2020-12-08T11:26:42.446Z",
        "value": "4.100799560546875e-05",
        "cumulative": false
    },
    {
        "date": "2020-12-08T11:26:44.931Z",
        "value": "4.38690185546875e-05",
        "cumulative": false
    },
    {
        "date": "2020-12-08T11:26:47.343Z",
        "value": "4.38690185546875e-05",
        "cumulative": false
    },
    {
        "date": "2020-12-08T11:26:49.880Z",
        "value": "4.482269287109375e-05",
        "cumulative": false
    },
    {
        "date": "2020-12-08T11:26:52.441Z",
        "value": "4.935264587402344e-05",
        "cumulative": false
    },
    {
        "date": "2020-12-08T11:26:54.911Z",
        "value": "4.8160552978515625e-05",
        "cumulative": false
    },
    {
        "date": "2020-12-08T11:26:57.482Z",
        "value": "5.412101745605469e-05",
        "cumulative": false
    },
    {
        "date": "2020-12-08T11:26:59.999Z",
        "value": "4.0531158447265625e-05",
        "cumulative": false
    },
    {
        "date": "2020-12-08T11:27:02.488Z",
        "value": "6.818771362304688e-05",
        "cumulative": false
    },
    {
        "date": "2020-12-08T11:27:04.940Z",
        "value": "4.5299530029296875e-05",
        "cumulative": false
    },
    {
        "date": "2020-12-08T11:27:07.512Z",
        "value": "4.57763671875e-05",
        "cumulative": false
    },
    {
        "date": "2020-12-08T11:27:10.034Z",
        "value": "4.00543212890625e-05",
        "cumulative": false
    },
    {
        "date": "2020-12-08T11:27:12.431Z",
        "value": "4.744529724121094e-05",
        "cumulative": false
    },
    {
        "date": "2020-12-08T11:27:14.969Z",
        "value": "4.792213439941406e-05",
        "cumulative": false
    },
    {
        "date": "2020-12-08T11:27:17.449Z",
        "value": "4.935264587402344e-05",
        "cumulative": false
    },
    {
        "date": "2020-12-08T11:27:19.905Z",
        "value": "4.9591064453125e-05",
        "cumulative": false
    },
    {
        "date": "2020-12-08T11:27:22.496Z",
        "value": "4.9114227294921875e-05",
        "cumulative": false
    },
    {
        "date": "2020-12-08T11:27:24.932Z",
        "value": "5.269050598144531e-05",
        "cumulative": false
    },
    {
        "date": "2020-12-08T11:27:27.400Z",
        "value": "5.53131103515625e-05",
        "cumulative": false
    },
    {
        "date": "2020-12-08T11:27:29.970Z",
        "value": "4.57763671875e-05",
        "cumulative": false
    }
]