[
    {
        "date": "2020-12-08T11:26:32.362Z",
        "value": "0.005544900894165039",
        "cumulative": false
    },
    {
        "date": "2020-12-08T11:26:34.830Z",
        "value": "0.005068063735961914",
        "cumulative": false
    },
    {
        "date": "2020-12-08T11:26:37.342Z",
        "value": "0.0053555965423583984",
        "cumulative": false
    },
    {
        "date": "2020-12-08T11:26:39.892Z",
        "value": "0.005246400833129883",
        "cumulative": false
    },
    {
        "date": "2020-12-08T11:26:42.450Z",
        "value": "0.004950761795043945",
        "cumulative": false
    },
    {
        "date": "2020-12-08T11:26:44.943Z",
        "value": "0.005107879638671875",
        "cumulative": false
    },
    {
        "date": "2020-12-08T11:26:47.346Z",
        "value": "0.006075382232666016",
        "cumulative": false
    },
    {
        "date": "2020-12-08T11:26:49.884Z",
        "value": "0.005094766616821289",
        "cumulative": false
    },
    {
        "date": "2020-12-08T11:26:52.433Z",
        "value": "0.005183219909667969",
        "cumulative": false
    },
    {
        "date": "2020-12-08T11:26:54.922Z",
        "value": "0.004713773727416992",
        "cumulative": false
    },
    {
        "date": "2020-12-08T11:26:57.484Z",
        "value": "0.005418300628662109",
        "cumulative": false
    },
    {
        "date": "2020-12-08T11:26:59.999Z",
        "value": "0.005016803741455078",
        "cumulative": false
    },
    {
        "date": "2020-12-08T11:27:02.492Z",
        "value": "0.005015134811401367",
        "cumulative": false
    },
    {
        "date": "2020-12-08T11:27:04.946Z",
        "value": "0.007910490036010742",
        "cumulative": false
    },
    {
        "date": "2020-12-08T11:27:07.510Z",
        "value": "0.005012989044189453",
        "cumulative": false
    },
    {
        "date": "2020-12-08T11:27:10.034Z",
        "value": "0.00537109375",
        "cumulative": false
    },
    {
        "date": "2020-12-08T11:27:12.434Z",
        "value": "0.004770040512084961",
        "cumulative": false
    },
    {
        "date": "2020-12-08T11:27:14.977Z",
        "value": "0.004857063293457031",
        "cumulative": false
    },
    {
        "date": "2020-12-08T11:27:17.459Z",
        "value": "0.005860328674316406",
        "cumulative": false
    },
    {
        "date": "2020-12-08T11:27:19.908Z",
        "value": "0.006559133529663086",
        "cumulative": false
    },
    {
        "date": "2020-12-08T11:27:22.498Z",
        "value": "0.005197048187255859",
        "cumulative": false
    },
    {
        "date": "2020-12-08T11:27:24.943Z",
        "value": "0.0054585933685302734",
        "cumulative": false
    },
    {
        "date": "2020-12-08T11:27:27.405Z",
        "value": "0.005614042282104492",
        "cumulative": false
    },
    {
        "date": "2020-12-08T11:27:29.974Z",
        "value": "0.005131959915161133",
        "cumulative": false
    }
]