[
    {
        "date": "2020-12-08T11:26:30.571Z",
        "value": "10.9375",
        "cumulative": false
    },
    {
        "date": "2020-12-08T11:26:33.025Z",
        "value": "25.78125",
        "cumulative": false
    },
    {
        "date": "2020-12-08T11:26:35.541Z",
        "value": "43.75",
        "cumulative": false
    },
    {
        "date": "2020-12-08T11:26:38.063Z",
        "value": "47.65625",
        "cumulative": false
    },
    {
        "date": "2020-12-08T11:26:40.635Z",
        "value": "53.90625",
        "cumulative": false
    },
    {
        "date": "2020-12-08T11:26:43.115Z",
        "value": "53.90625",
        "cumulative": false
    },
    {
        "date": "2020-12-08T11:26:45.585Z",
        "value": "61.71875",
        "cumulative": false
    },
    {
        "date": "2020-12-08T11:26:48.088Z",
        "value": "58.59375",
        "cumulative": false
    },
    {
        "date": "2020-12-08T11:26:50.629Z",
        "value": "61.71875",
        "cumulative": false
    },
    {
        "date": "2020-12-08T11:26:53.106Z",
        "value": "73.4375",
        "cumulative": false
    },
    {
        "date": "2020-12-08T11:26:55.626Z",
        "value": "64.84375",
        "cumulative": false
    },
    {
        "date": "2020-12-08T11:26:58.249Z",
        "value": "74.21875",
        "cumulative": false
    },
    {
        "date": "2020-12-08T11:27:00.701Z",
        "value": "73.4375",
        "cumulative": false
    },
    {
        "date": "2020-12-08T11:27:03.186Z",
        "value": "78.125",
        "cumulative": false
    },
    {
        "date": "2020-12-08T11:27:05.712Z",
        "value": "82.8125",
        "cumulative": false
    },
    {
        "date": "2020-12-08T11:27:08.194Z",
        "value": "75.0",
        "cumulative": false
    },
    {
        "date": "2020-12-08T11:27:10.734Z",
        "value": "82.03125",
        "cumulative": false
    },
    {
        "date": "2020-12-08T11:27:13.119Z",
        "value": "77.34375",
        "cumulative": false
    },
    {
        "date": "2020-12-08T11:27:15.729Z",
        "value": "79.6875",
        "cumulative": false
    },
    {
        "date": "2020-12-08T11:27:18.135Z",
        "value": "85.15625",
        "cumulative": false
    },
    {
        "date": "2020-12-08T11:27:20.636Z",
        "value": "78.125",
        "cumulative": false
    },
    {
        "date": "2020-12-08T11:27:23.197Z",
        "value": "89.84375",
        "cumulative": false
    },
    {
        "date": "2020-12-08T11:27:25.608Z",
        "value": "79.6875",
        "cumulative": false
    },
    {
        "date": "2020-12-08T11:27:28.116Z",
        "value": "88.28125",
        "cumulative": false
    }
]