[
    {
        "date": "2020-12-08T11:26:30.571Z",
        "value": "4.6875",
        "cumulative": false
    },
    {
        "date": "2020-12-08T11:26:33.024Z",
        "value": "28.125",
        "cumulative": false
    },
    {
        "date": "2020-12-08T11:26:35.540Z",
        "value": "46.09375",
        "cumulative": false
    },
    {
        "date": "2020-12-08T11:26:38.062Z",
        "value": "53.125",
        "cumulative": false
    },
    {
        "date": "2020-12-08T11:26:40.635Z",
        "value": "55.46875",
        "cumulative": false
    },
    {
        "date": "2020-12-08T11:26:43.113Z",
        "value": "58.59375",
        "cumulative": false
    },
    {
        "date": "2020-12-08T11:26:45.586Z",
        "value": "64.84375",
        "cumulative": false
    },
    {
        "date": "2020-12-08T11:26:48.085Z",
        "value": "71.09375",
        "cumulative": false
    },
    {
        "date": "2020-12-08T11:26:50.627Z",
        "value": "75.78125",
        "cumulative": false
    },
    {
        "date": "2020-12-08T11:26:53.107Z",
        "value": "69.53125",
        "cumulative": false
    },
    {
        "date": "2020-12-08T11:26:55.624Z",
        "value": "71.09375",
        "cumulative": false
    },
    {
        "date": "2020-12-08T11:26:58.248Z",
        "value": "70.3125",
        "cumulative": false
    },
    {
        "date": "2020-12-08T11:27:00.702Z",
        "value": "75.0",
        "cumulative": false
    },
    {
        "date": "2020-12-08T11:27:03.184Z",
        "value": "79.6875",
        "cumulative": false
    },
    {
        "date": "2020-12-08T11:27:05.712Z",
        "value": "82.8125",
        "cumulative": false
    },
    {
        "date": "2020-12-08T11:27:08.190Z",
        "value": "75.78125",
        "cumulative": false
    },
    {
        "date": "2020-12-08T11:27:10.732Z",
        "value": "81.25",
        "cumulative": false
    },
    {
        "date": "2020-12-08T11:27:13.119Z",
        "value": "75.0",
        "cumulative": false
    },
    {
        "date": "2020-12-08T11:27:15.727Z",
        "value": "83.59375",
        "cumulative": false
    },
    {
        "date": "2020-12-08T11:27:18.135Z",
        "value": "78.125",
        "cumulative": false
    },
    {
        "date": "2020-12-08T11:27:20.637Z",
        "value": "77.34375",
        "cumulative": false
    },
    {
        "date": "2020-12-08T11:27:23.196Z",
        "value": "80.46875",
        "cumulative": false
    },
    {
        "date": "2020-12-08T11:27:25.607Z",
        "value": "87.5",
        "cumulative": false
    },
    {
        "date": "2020-12-08T11:27:28.115Z",
        "value": "81.25",
        "cumulative": false
    }
]