[
    {
        "date": "2020-12-08T11:26:32.362Z",
        "value": "0.05158233642578125",
        "cumulative": false
    },
    {
        "date": "2020-12-08T11:26:34.826Z",
        "value": "0.05074000358581543",
        "cumulative": false
    },
    {
        "date": "2020-12-08T11:26:37.326Z",
        "value": "0.05295157432556152",
        "cumulative": false
    },
    {
        "date": "2020-12-08T11:26:39.890Z",
        "value": "0.046732187271118164",
        "cumulative": false
    },
    {
        "date": "2020-12-08T11:26:42.442Z",
        "value": "0.05188560485839844",
        "cumulative": false
    },
    {
        "date": "2020-12-08T11:26:44.927Z",
        "value": "0.051725149154663086",
        "cumulative": false
    },
    {
        "date": "2020-12-08T11:26:47.349Z",
        "value": "0.05428314208984375",
        "cumulative": false
    },
    {
        "date": "2020-12-08T11:26:49.891Z",
        "value": "0.0501253604888916",
        "cumulative": false
    },
    {
        "date": "2020-12-08T11:26:52.429Z",
        "value": "0.0497128963470459",
        "cumulative": false
    },
    {
        "date": "2020-12-08T11:26:54.919Z",
        "value": "0.051397085189819336",
        "cumulative": false
    },
    {
        "date": "2020-12-08T11:26:57.488Z",
        "value": "0.06508851051330566",
        "cumulative": false
    },
    {
        "date": "2020-12-08T11:26:59.996Z",
        "value": "0.05268502235412598",
        "cumulative": false
    },
    {
        "date": "2020-12-08T11:27:02.489Z",
        "value": "0.05679726600646973",
        "cumulative": false
    },
    {
        "date": "2020-12-08T11:27:04.937Z",
        "value": "0.05071258544921875",
        "cumulative": false
    },
    {
        "date": "2020-12-08T11:27:07.507Z",
        "value": "0.047516584396362305",
        "cumulative": false
    },
    {
        "date": "2020-12-08T11:27:10.035Z",
        "value": "0.06334447860717773",
        "cumulative": false
    },
    {
        "date": "2020-12-08T11:27:12.428Z",
        "value": "0.06304597854614258",
        "cumulative": false
    },
    {
        "date": "2020-12-08T11:27:14.962Z",
        "value": "0.045612335205078125",
        "cumulative": false
    },
    {
        "date": "2020-12-08T11:27:17.449Z",
        "value": "0.05852055549621582",
        "cumulative": false
    },
    {
        "date": "2020-12-08T11:27:19.898Z",
        "value": "0.04992270469665527",
        "cumulative": false
    },
    {
        "date": "2020-12-08T11:27:22.497Z",
        "value": "0.047902584075927734",
        "cumulative": false
    },
    {
        "date": "2020-12-08T11:27:24.932Z",
        "value": "0.05031251907348633",
        "cumulative": false
    },
    {
        "date": "2020-12-08T11:27:27.402Z",
        "value": "0.05037665367126465",
        "cumulative": false
    },
    {
        "date": "2020-12-08T11:27:29.966Z",
        "value": "0.048291921615600586",
        "cumulative": false
    }
]