[
    {
        "date": "2020-12-08T11:26:32.384Z",
        "value": "9.34600830078125e-05",
        "cumulative": false
    },
    {
        "date": "2020-12-08T11:26:34.831Z",
        "value": "0.00010323524475097656",
        "cumulative": false
    },
    {
        "date": "2020-12-08T11:26:37.335Z",
        "value": "8.440017700195312e-05",
        "cumulative": false
    },
    {
        "date": "2020-12-08T11:26:39.903Z",
        "value": "7.104873657226562e-05",
        "cumulative": false
    },
    {
        "date": "2020-12-08T11:26:42.459Z",
        "value": "7.152557373046875e-05",
        "cumulative": false
    },
    {
        "date": "2020-12-08T11:26:44.937Z",
        "value": "7.2479248046875e-05",
        "cumulative": false
    },
    {
        "date": "2020-12-08T11:26:47.356Z",
        "value": "7.176399230957031e-05",
        "cumulative": false
    },
    {
        "date": "2020-12-08T11:26:49.890Z",
        "value": "0.00012731552124023438",
        "cumulative": false
    },
    {
        "date": "2020-12-08T11:26:52.442Z",
        "value": "7.390975952148438e-05",
        "cumulative": false
    },
    {
        "date": "2020-12-08T11:26:54.920Z",
        "value": "7.367134094238281e-05",
        "cumulative": false
    },
    {
        "date": "2020-12-08T11:26:57.490Z",
        "value": "7.581710815429688e-05",
        "cumulative": false
    },
    {
        "date": "2020-12-08T11:27:00.008Z",
        "value": "7.867813110351562e-05",
        "cumulative": false
    },
    {
        "date": "2020-12-08T11:27:02.509Z",
        "value": "7.462501525878906e-05",
        "cumulative": false
    },
    {
        "date": "2020-12-08T11:27:04.946Z",
        "value": "9.417533874511719e-05",
        "cumulative": false
    },
    {
        "date": "2020-12-08T11:27:07.520Z",
        "value": "7.605552673339844e-05",
        "cumulative": false
    },
    {
        "date": "2020-12-08T11:27:10.045Z",
        "value": "7.43865966796875e-05",
        "cumulative": false
    },
    {
        "date": "2020-12-08T11:27:12.433Z",
        "value": "7.581710815429688e-05",
        "cumulative": false
    },
    {
        "date": "2020-12-08T11:27:14.970Z",
        "value": "7.05718994140625e-05",
        "cumulative": false
    },
    {
        "date": "2020-12-08T11:27:17.458Z",
        "value": "8.153915405273438e-05",
        "cumulative": false
    },
    {
        "date": "2020-12-08T11:27:19.907Z",
        "value": "7.510185241699219e-05",
        "cumulative": false
    },
    {
        "date": "2020-12-08T11:27:22.507Z",
        "value": "9.322166442871094e-05",
        "cumulative": false
    },
    {
        "date": "2020-12-08T11:27:24.956Z",
        "value": "8.058547973632812e-05",
        "cumulative": false
    },
    {
        "date": "2020-12-08T11:27:27.410Z",
        "value": "7.033348083496094e-05",
        "cumulative": false
    },
    {
        "date": "2020-12-08T11:27:29.979Z",
        "value": "8.20159912109375e-05",
        "cumulative": false
    }
]