[
    {
        "date": "2020-12-08T11:26:32.363Z",
        "value": "0.004257678985595703",
        "cumulative": false
    },
    {
        "date": "2020-12-08T11:26:34.826Z",
        "value": "0.003852367401123047",
        "cumulative": false
    },
    {
        "date": "2020-12-08T11:26:37.326Z",
        "value": "0.003885030746459961",
        "cumulative": false
    },
    {
        "date": "2020-12-08T11:26:39.890Z",
        "value": "0.0036163330078125",
        "cumulative": false
    },
    {
        "date": "2020-12-08T11:26:42.442Z",
        "value": "0.003857851028442383",
        "cumulative": false
    },
    {
        "date": "2020-12-08T11:26:44.927Z",
        "value": "0.003747701644897461",
        "cumulative": false
    },
    {
        "date": "2020-12-08T11:26:47.349Z",
        "value": "0.004014015197753906",
        "cumulative": false
    },
    {
        "date": "2020-12-08T11:26:49.891Z",
        "value": "0.0038084983825683594",
        "cumulative": false
    },
    {
        "date": "2020-12-08T11:26:52.429Z",
        "value": "0.004030466079711914",
        "cumulative": false
    },
    {
        "date": "2020-12-08T11:26:54.919Z",
        "value": "0.00397181510925293",
        "cumulative": false
    },
    {
        "date": "2020-12-08T11:26:57.488Z",
        "value": "0.005110263824462891",
        "cumulative": false
    },
    {
        "date": "2020-12-08T11:26:59.996Z",
        "value": "0.0036308765411376953",
        "cumulative": false
    },
    {
        "date": "2020-12-08T11:27:02.489Z",
        "value": "0.0041234493255615234",
        "cumulative": false
    },
    {
        "date": "2020-12-08T11:27:04.937Z",
        "value": "0.0042345523834228516",
        "cumulative": false
    },
    {
        "date": "2020-12-08T11:27:07.507Z",
        "value": "0.003962039947509766",
        "cumulative": false
    },
    {
        "date": "2020-12-08T11:27:10.035Z",
        "value": "0.004687070846557617",
        "cumulative": false
    },
    {
        "date": "2020-12-08T11:27:12.428Z",
        "value": "0.004070281982421875",
        "cumulative": false
    },
    {
        "date": "2020-12-08T11:27:14.962Z",
        "value": "0.0037665367126464844",
        "cumulative": false
    },
    {
        "date": "2020-12-08T11:27:17.449Z",
        "value": "0.004151344299316406",
        "cumulative": false
    },
    {
        "date": "2020-12-08T11:27:19.898Z",
        "value": "0.0037941932678222656",
        "cumulative": false
    },
    {
        "date": "2020-12-08T11:27:22.497Z",
        "value": "0.003946065902709961",
        "cumulative": false
    },
    {
        "date": "2020-12-08T11:27:24.932Z",
        "value": "0.003780364990234375",
        "cumulative": false
    },
    {
        "date": "2020-12-08T11:27:27.402Z",
        "value": "0.003618478775024414",
        "cumulative": false
    },
    {
        "date": "2020-12-08T11:27:29.966Z",
        "value": "0.0037920475006103516",
        "cumulative": false
    }
]