[
    {
        "date": "2020-12-08T11:26:30.580Z",
        "value": "52.34375",
        "cumulative": false
    },
    {
        "date": "2020-12-08T11:26:33.033Z",
        "value": "89.84375",
        "cumulative": false
    },
    {
        "date": "2020-12-08T11:26:35.549Z",
        "value": "92.1875",
        "cumulative": false
    },
    {
        "date": "2020-12-08T11:26:38.072Z",
        "value": "91.40625",
        "cumulative": false
    },
    {
        "date": "2020-12-08T11:26:40.644Z",
        "value": "97.65625",
        "cumulative": false
    },
    {
        "date": "2020-12-08T11:26:43.123Z",
        "value": "96.09375",
        "cumulative": false
    },
    {
        "date": "2020-12-08T11:26:45.594Z",
        "value": "94.53125",
        "cumulative": false
    },
    {
        "date": "2020-12-08T11:26:48.095Z",
        "value": "96.875",
        "cumulative": false
    },
    {
        "date": "2020-12-08T11:26:50.637Z",
        "value": "97.65625",
        "cumulative": false
    },
    {
        "date": "2020-12-08T11:26:53.115Z",
        "value": "98.4375",
        "cumulative": false
    },
    {
        "date": "2020-12-08T11:26:55.634Z",
        "value": "96.875",
        "cumulative": false
    },
    {
        "date": "2020-12-08T11:26:58.258Z",
        "value": "96.875",
        "cumulative": false
    },
    {
        "date": "2020-12-08T11:27:00.710Z",
        "value": "97.65625",
        "cumulative": false
    },
    {
        "date": "2020-12-08T11:27:03.194Z",
        "value": "99.21875",
        "cumulative": false
    },
    {
        "date": "2020-12-08T11:27:05.721Z",
        "value": "96.875",
        "cumulative": false
    },
    {
        "date": "2020-12-08T11:27:08.195Z",
        "value": "98.4375",
        "cumulative": false
    },
    {
        "date": "2020-12-08T11:27:10.742Z",
        "value": "99.21875",
        "cumulative": false
    },
    {
        "date": "2020-12-08T11:27:13.128Z",
        "value": "98.4375",
        "cumulative": false
    },
    {
        "date": "2020-12-08T11:27:15.737Z",
        "value": "99.21875",
        "cumulative": false
    },
    {
        "date": "2020-12-08T11:27:18.144Z",
        "value": "99.21875",
        "cumulative": false
    },
    {
        "date": "2020-12-08T11:27:20.644Z",
        "value": "98.4375",
        "cumulative": false
    },
    {
        "date": "2020-12-08T11:27:23.206Z",
        "value": "100.0",
        "cumulative": false
    },
    {
        "date": "2020-12-08T11:27:25.617Z",
        "value": "100.0",
        "cumulative": false
    },
    {
        "date": "2020-12-08T11:27:28.124Z",
        "value": "98.4375",
        "cumulative": false
    }
]