[
    {
        "date": "2020-12-08T11:26:32.361Z",
        "value": "0.013472318649291992",
        "cumulative": false
    },
    {
        "date": "2020-12-08T11:26:34.831Z",
        "value": "0.014986276626586914",
        "cumulative": false
    },
    {
        "date": "2020-12-08T11:26:37.332Z",
        "value": "0.013221979141235352",
        "cumulative": false
    },
    {
        "date": "2020-12-08T11:26:39.898Z",
        "value": "0.014426946640014648",
        "cumulative": false
    },
    {
        "date": "2020-12-08T11:26:42.451Z",
        "value": "0.013483762741088867",
        "cumulative": false
    },
    {
        "date": "2020-12-08T11:26:44.931Z",
        "value": "0.013757467269897461",
        "cumulative": false
    },
    {
        "date": "2020-12-08T11:26:47.344Z",
        "value": "0.014037609100341797",
        "cumulative": false
    },
    {
        "date": "2020-12-08T11:26:49.885Z",
        "value": "0.013712882995605469",
        "cumulative": false
    },
    {
        "date": "2020-12-08T11:26:52.434Z",
        "value": "0.014528036117553711",
        "cumulative": false
    },
    {
        "date": "2020-12-08T11:26:54.912Z",
        "value": "0.014182567596435547",
        "cumulative": false
    },
    {
        "date": "2020-12-08T11:26:57.481Z",
        "value": "0.016078472137451172",
        "cumulative": false
    },
    {
        "date": "2020-12-08T11:26:59.996Z",
        "value": "0.012988805770874023",
        "cumulative": false
    },
    {
        "date": "2020-12-08T11:27:02.490Z",
        "value": "0.013534069061279297",
        "cumulative": false
    },
    {
        "date": "2020-12-08T11:27:04.945Z",
        "value": "0.014353513717651367",
        "cumulative": false
    },
    {
        "date": "2020-12-08T11:27:07.506Z",
        "value": "0.014554023742675781",
        "cumulative": false
    },
    {
        "date": "2020-12-08T11:27:10.033Z",
        "value": "0.01283121109008789",
        "cumulative": false
    },
    {
        "date": "2020-12-08T11:27:12.425Z",
        "value": "0.01538848876953125",
        "cumulative": false
    },
    {
        "date": "2020-12-08T11:27:14.962Z",
        "value": "0.014098167419433594",
        "cumulative": false
    },
    {
        "date": "2020-12-08T11:27:17.449Z",
        "value": "0.014967679977416992",
        "cumulative": false
    },
    {
        "date": "2020-12-08T11:27:19.906Z",
        "value": "0.013992547988891602",
        "cumulative": false
    },
    {
        "date": "2020-12-08T11:27:22.497Z",
        "value": "0.012797355651855469",
        "cumulative": false
    },
    {
        "date": "2020-12-08T11:27:24.940Z",
        "value": "0.013874530792236328",
        "cumulative": false
    },
    {
        "date": "2020-12-08T11:27:27.408Z",
        "value": "0.01357412338256836",
        "cumulative": false
    },
    {
        "date": "2020-12-08T11:27:29.967Z",
        "value": "0.012765645980834961",
        "cumulative": false
    }
]