[
    {
        "date": "2020-12-08T11:26:30.578Z",
        "value": "50.0",
        "cumulative": false
    },
    {
        "date": "2020-12-08T11:26:33.030Z",
        "value": "88.28125",
        "cumulative": false
    },
    {
        "date": "2020-12-08T11:26:35.541Z",
        "value": "85.15625",
        "cumulative": false
    },
    {
        "date": "2020-12-08T11:26:38.070Z",
        "value": "89.0625",
        "cumulative": false
    },
    {
        "date": "2020-12-08T11:26:40.637Z",
        "value": "95.3125",
        "cumulative": false
    },
    {
        "date": "2020-12-08T11:26:43.121Z",
        "value": "94.53125",
        "cumulative": false
    },
    {
        "date": "2020-12-08T11:26:45.593Z",
        "value": "96.875",
        "cumulative": false
    },
    {
        "date": "2020-12-08T11:26:48.088Z",
        "value": "97.65625",
        "cumulative": false
    },
    {
        "date": "2020-12-08T11:26:50.634Z",
        "value": "99.21875",
        "cumulative": false
    },
    {
        "date": "2020-12-08T11:26:53.112Z",
        "value": "96.875",
        "cumulative": false
    },
    {
        "date": "2020-12-08T11:26:55.632Z",
        "value": "99.21875",
        "cumulative": false
    },
    {
        "date": "2020-12-08T11:26:58.255Z",
        "value": "99.21875",
        "cumulative": false
    },
    {
        "date": "2020-12-08T11:27:00.707Z",
        "value": "98.4375",
        "cumulative": false
    },
    {
        "date": "2020-12-08T11:27:03.192Z",
        "value": "97.65625",
        "cumulative": false
    },
    {
        "date": "2020-12-08T11:27:05.719Z",
        "value": "98.4375",
        "cumulative": false
    },
    {
        "date": "2020-12-08T11:27:08.198Z",
        "value": "100.0",
        "cumulative": false
    },
    {
        "date": "2020-12-08T11:27:10.742Z",
        "value": "100.0",
        "cumulative": false
    },
    {
        "date": "2020-12-08T11:27:13.125Z",
        "value": "100.0",
        "cumulative": false
    },
    {
        "date": "2020-12-08T11:27:15.728Z",
        "value": "99.21875",
        "cumulative": false
    },
    {
        "date": "2020-12-08T11:27:18.141Z",
        "value": "100.0",
        "cumulative": false
    },
    {
        "date": "2020-12-08T11:27:20.641Z",
        "value": "99.21875",
        "cumulative": false
    },
    {
        "date": "2020-12-08T11:27:23.203Z",
        "value": "98.4375",
        "cumulative": false
    },
    {
        "date": "2020-12-08T11:27:25.614Z",
        "value": "100.0",
        "cumulative": false
    },
    {
        "date": "2020-12-08T11:27:28.120Z",
        "value": "99.21875",
        "cumulative": false
    }
]