[
    {
        "date": "2020-12-08T11:26:30.570Z",
        "value": "2.507415533065796",
        "cumulative": false
    },
    {
        "date": "2020-12-08T11:26:33.024Z",
        "value": "1.8010858297348022",
        "cumulative": false
    },
    {
        "date": "2020-12-08T11:26:35.535Z",
        "value": "1.508357048034668",
        "cumulative": false
    },
    {
        "date": "2020-12-08T11:26:38.064Z",
        "value": "1.4058829545974731",
        "cumulative": false
    },
    {
        "date": "2020-12-08T11:26:40.631Z",
        "value": "1.1742161512374878",
        "cumulative": false
    },
    {
        "date": "2020-12-08T11:26:43.114Z",
        "value": "1.1367846727371216",
        "cumulative": false
    },
    {
        "date": "2020-12-08T11:26:45.587Z",
        "value": "1.0049142837524414",
        "cumulative": false
    },
    {
        "date": "2020-12-08T11:26:48.083Z",
        "value": "0.9140375256538391",
        "cumulative": false
    },
    {
        "date": "2020-12-08T11:26:50.628Z",
        "value": "0.934173583984375",
        "cumulative": false
    },
    {
        "date": "2020-12-08T11:26:53.106Z",
        "value": "0.8980681896209717",
        "cumulative": false
    },
    {
        "date": "2020-12-08T11:26:55.626Z",
        "value": "0.7901438474655151",
        "cumulative": false
    },
    {
        "date": "2020-12-08T11:26:58.249Z",
        "value": "0.9169365167617798",
        "cumulative": false
    },
    {
        "date": "2020-12-08T11:27:00.701Z",
        "value": "0.6720691919326782",
        "cumulative": false
    },
    {
        "date": "2020-12-08T11:27:03.185Z",
        "value": "0.5525881052017212",
        "cumulative": false
    },
    {
        "date": "2020-12-08T11:27:05.712Z",
        "value": "0.7680185437202454",
        "cumulative": false
    },
    {
        "date": "2020-12-08T11:27:08.192Z",
        "value": "0.7001094222068787",
        "cumulative": false
    },
    {
        "date": "2020-12-08T11:27:10.733Z",
        "value": "0.5466954112052917",
        "cumulative": false
    },
    {
        "date": "2020-12-08T11:27:13.121Z",
        "value": "0.6182609796524048",
        "cumulative": false
    },
    {
        "date": "2020-12-08T11:27:15.722Z",
        "value": "0.37256675958633423",
        "cumulative": false
    },
    {
        "date": "2020-12-08T11:27:18.135Z",
        "value": "0.4899379312992096",
        "cumulative": false
    },
    {
        "date": "2020-12-08T11:27:20.635Z",
        "value": "0.3848903179168701",
        "cumulative": false
    },
    {
        "date": "2020-12-08T11:27:23.196Z",
        "value": "0.43031543493270874",
        "cumulative": false
    },
    {
        "date": "2020-12-08T11:27:25.608Z",
        "value": "0.5396616458892822",
        "cumulative": false
    },
    {
        "date": "2020-12-08T11:27:28.113Z",
        "value": "0.5363073348999023",
        "cumulative": false
    }
]