[
    {
        "date": "2020-12-08T11:26:30.573Z",
        "value": "2.551621675491333",
        "cumulative": false
    },
    {
        "date": "2020-12-08T11:26:33.028Z",
        "value": "1.778767466545105",
        "cumulative": false
    },
    {
        "date": "2020-12-08T11:26:35.541Z",
        "value": "1.591469407081604",
        "cumulative": false
    },
    {
        "date": "2020-12-08T11:26:38.068Z",
        "value": "1.4142640829086304",
        "cumulative": false
    },
    {
        "date": "2020-12-08T11:26:40.635Z",
        "value": "1.2941105365753174",
        "cumulative": false
    },
    {
        "date": "2020-12-08T11:26:43.121Z",
        "value": "1.1911896467208862",
        "cumulative": false
    },
    {
        "date": "2020-12-08T11:26:45.591Z",
        "value": "1.049949049949646",
        "cumulative": false
    },
    {
        "date": "2020-12-08T11:26:48.089Z",
        "value": "0.9187303781509399",
        "cumulative": false
    },
    {
        "date": "2020-12-08T11:26:50.633Z",
        "value": "1.0649253129959106",
        "cumulative": false
    },
    {
        "date": "2020-12-08T11:26:53.110Z",
        "value": "0.8863906264305115",
        "cumulative": false
    },
    {
        "date": "2020-12-08T11:26:55.631Z",
        "value": "0.6925110220909119",
        "cumulative": false
    },
    {
        "date": "2020-12-08T11:26:58.252Z",
        "value": "0.9362644553184509",
        "cumulative": false
    },
    {
        "date": "2020-12-08T11:27:00.705Z",
        "value": "0.7024229764938354",
        "cumulative": false
    },
    {
        "date": "2020-12-08T11:27:03.190Z",
        "value": "0.6932249069213867",
        "cumulative": false
    },
    {
        "date": "2020-12-08T11:27:05.710Z",
        "value": "0.6516924500465393",
        "cumulative": false
    },
    {
        "date": "2020-12-08T11:27:08.196Z",
        "value": "0.5787510871887207",
        "cumulative": false
    },
    {
        "date": "2020-12-08T11:27:10.737Z",
        "value": "0.5707907676696777",
        "cumulative": false
    },
    {
        "date": "2020-12-08T11:27:13.123Z",
        "value": "0.5684507489204407",
        "cumulative": false
    },
    {
        "date": "2020-12-08T11:27:15.727Z",
        "value": "0.499207079410553",
        "cumulative": false
    },
    {
        "date": "2020-12-08T11:27:18.140Z",
        "value": "0.535272479057312",
        "cumulative": false
    },
    {
        "date": "2020-12-08T11:27:20.638Z",
        "value": "0.6121265292167664",
        "cumulative": false
    },
    {
        "date": "2020-12-08T11:27:23.201Z",
        "value": "0.4681275486946106",
        "cumulative": false
    },
    {
        "date": "2020-12-08T11:27:25.612Z",
        "value": "0.4075866639614105",
        "cumulative": false
    },
    {
        "date": "2020-12-08T11:27:28.119Z",
        "value": "0.49760159850120544",
        "cumulative": false
    }
]