[
    {
        "date": "2020-12-08T11:26:32.362Z",
        "value": "1.5387201309204102",
        "cumulative": false
    },
    {
        "date": "2020-12-08T11:26:34.830Z",
        "value": "1.4147083759307861",
        "cumulative": false
    },
    {
        "date": "2020-12-08T11:26:37.342Z",
        "value": "1.4436914920806885",
        "cumulative": false
    },
    {
        "date": "2020-12-08T11:26:39.892Z",
        "value": "1.442781686782837",
        "cumulative": false
    },
    {
        "date": "2020-12-08T11:26:42.450Z",
        "value": "1.4727668762207031",
        "cumulative": false
    },
    {
        "date": "2020-12-08T11:26:44.943Z",
        "value": "1.419907569885254",
        "cumulative": false
    },
    {
        "date": "2020-12-08T11:26:47.346Z",
        "value": "1.3755624294281006",
        "cumulative": false
    },
    {
        "date": "2020-12-08T11:26:49.884Z",
        "value": "1.4520986080169678",
        "cumulative": false
    },
    {
        "date": "2020-12-08T11:26:52.433Z",
        "value": "1.4659349918365479",
        "cumulative": false
    },
    {
        "date": "2020-12-08T11:26:54.922Z",
        "value": "1.439202070236206",
        "cumulative": false
    },
    {
        "date": "2020-12-08T11:26:57.484Z",
        "value": "1.4414877891540527",
        "cumulative": false
    },
    {
        "date": "2020-12-08T11:26:59.999Z",
        "value": "1.419863224029541",
        "cumulative": false
    },
    {
        "date": "2020-12-08T11:27:02.492Z",
        "value": "1.448974609375",
        "cumulative": false
    },
    {
        "date": "2020-12-08T11:27:04.946Z",
        "value": "1.41902494430542",
        "cumulative": false
    },
    {
        "date": "2020-12-08T11:27:07.510Z",
        "value": "1.4598252773284912",
        "cumulative": false
    },
    {
        "date": "2020-12-08T11:27:10.034Z",
        "value": "1.437772512435913",
        "cumulative": false
    },
    {
        "date": "2020-12-08T11:27:12.434Z",
        "value": "1.3349015712738037",
        "cumulative": false
    },
    {
        "date": "2020-12-08T11:27:14.977Z",
        "value": "1.4880781173706055",
        "cumulative": false
    },
    {
        "date": "2020-12-08T11:27:17.459Z",
        "value": "1.340062141418457",
        "cumulative": false
    },
    {
        "date": "2020-12-08T11:27:19.908Z",
        "value": "1.4109303951263428",
        "cumulative": false
    },
    {
        "date": "2020-12-08T11:27:22.498Z",
        "value": "1.515601634979248",
        "cumulative": false
    },
    {
        "date": "2020-12-08T11:27:24.943Z",
        "value": "1.34317946434021",
        "cumulative": false
    },
    {
        "date": "2020-12-08T11:27:27.405Z",
        "value": "1.3868494033813477",
        "cumulative": false
    },
    {
        "date": "2020-12-08T11:27:29.974Z",
        "value": "1.472290277481079",
        "cumulative": false
    }
]