[
    {
        "date": "2020-12-08T11:26:32.365Z",
        "value": "1.6186158657073975",
        "cumulative": false
    },
    {
        "date": "2020-12-08T11:26:34.831Z",
        "value": "1.4561638832092285",
        "cumulative": false
    },
    {
        "date": "2020-12-08T11:26:37.333Z",
        "value": "1.4454996585845947",
        "cumulative": false
    },
    {
        "date": "2020-12-08T11:26:39.893Z",
        "value": "1.4939866065979004",
        "cumulative": false
    },
    {
        "date": "2020-12-08T11:26:42.450Z",
        "value": "1.515331745147705",
        "cumulative": false
    },
    {
        "date": "2020-12-08T11:26:44.931Z",
        "value": "1.45755934715271",
        "cumulative": false
    },
    {
        "date": "2020-12-08T11:26:47.351Z",
        "value": "1.3751628398895264",
        "cumulative": false
    },
    {
        "date": "2020-12-08T11:26:49.887Z",
        "value": "1.4806513786315918",
        "cumulative": false
    },
    {
        "date": "2020-12-08T11:26:52.438Z",
        "value": "1.476694107055664",
        "cumulative": false
    },
    {
        "date": "2020-12-08T11:26:54.914Z",
        "value": "1.416219711303711",
        "cumulative": false
    },
    {
        "date": "2020-12-08T11:26:57.482Z",
        "value": "1.440192699432373",
        "cumulative": false
    },
    {
        "date": "2020-12-08T11:26:59.999Z",
        "value": "1.407881736755371",
        "cumulative": false
    },
    {
        "date": "2020-12-08T11:27:02.502Z",
        "value": "1.4501376152038574",
        "cumulative": false
    },
    {
        "date": "2020-12-08T11:27:04.942Z",
        "value": "1.4209399223327637",
        "cumulative": false
    },
    {
        "date": "2020-12-08T11:27:07.521Z",
        "value": "1.5292267799377441",
        "cumulative": false
    },
    {
        "date": "2020-12-08T11:27:10.047Z",
        "value": "1.5065336227416992",
        "cumulative": false
    },
    {
        "date": "2020-12-08T11:27:12.427Z",
        "value": "1.311455249786377",
        "cumulative": false
    },
    {
        "date": "2020-12-08T11:27:14.962Z",
        "value": "1.5214719772338867",
        "cumulative": false
    },
    {
        "date": "2020-12-08T11:27:17.456Z",
        "value": "1.3935208320617676",
        "cumulative": false
    },
    {
        "date": "2020-12-08T11:27:19.902Z",
        "value": "1.4364066123962402",
        "cumulative": false
    },
    {
        "date": "2020-12-08T11:27:22.498Z",
        "value": "1.5566859245300293",
        "cumulative": false
    },
    {
        "date": "2020-12-08T11:27:24.938Z",
        "value": "1.380533218383789",
        "cumulative": false
    },
    {
        "date": "2020-12-08T11:27:27.407Z",
        "value": "1.4329299926757812",
        "cumulative": false
    },
    {
        "date": "2020-12-08T11:27:29.968Z",
        "value": "1.5103213787078857",
        "cumulative": false
    }
]