[
    {
        "date": "2020-12-08T11:26:32.369Z",
        "value": "4.2651214599609375",
        "cumulative": false
    },
    {
        "date": "2020-12-08T11:26:34.833Z",
        "value": "1.8840627670288086",
        "cumulative": false
    },
    {
        "date": "2020-12-08T11:26:37.332Z",
        "value": "1.8951306343078613",
        "cumulative": false
    },
    {
        "date": "2020-12-08T11:26:39.896Z",
        "value": "1.919952630996704",
        "cumulative": false
    },
    {
        "date": "2020-12-08T11:26:42.448Z",
        "value": "1.9227135181427002",
        "cumulative": false
    },
    {
        "date": "2020-12-08T11:26:44.944Z",
        "value": "1.9017632007598877",
        "cumulative": false
    },
    {
        "date": "2020-12-08T11:26:47.349Z",
        "value": "1.8290770053863525",
        "cumulative": false
    },
    {
        "date": "2020-12-08T11:26:49.887Z",
        "value": "1.9197399616241455",
        "cumulative": false
    },
    {
        "date": "2020-12-08T11:26:52.435Z",
        "value": "1.9181392192840576",
        "cumulative": false
    },
    {
        "date": "2020-12-08T11:26:54.927Z",
        "value": "1.9060814380645752",
        "cumulative": false
    },
    {
        "date": "2020-12-08T11:26:57.494Z",
        "value": "1.9147508144378662",
        "cumulative": false
    },
    {
        "date": "2020-12-08T11:27:00.005Z",
        "value": "1.8672735691070557",
        "cumulative": false
    },
    {
        "date": "2020-12-08T11:27:02.501Z",
        "value": "1.8979308605194092",
        "cumulative": false
    },
    {
        "date": "2020-12-08T11:27:04.944Z",
        "value": "1.8663241863250732",
        "cumulative": false
    },
    {
        "date": "2020-12-08T11:27:07.514Z",
        "value": "1.944214105606079",
        "cumulative": false
    },
    {
        "date": "2020-12-08T11:27:10.039Z",
        "value": "1.9313290119171143",
        "cumulative": false
    },
    {
        "date": "2020-12-08T11:27:12.431Z",
        "value": "1.7711265087127686",
        "cumulative": false
    },
    {
        "date": "2020-12-08T11:27:14.973Z",
        "value": "1.9388620853424072",
        "cumulative": false
    },
    {
        "date": "2020-12-08T11:27:17.455Z",
        "value": "1.8417959213256836",
        "cumulative": false
    },
    {
        "date": "2020-12-08T11:27:19.900Z",
        "value": "1.8682892322540283",
        "cumulative": false
    },
    {
        "date": "2020-12-08T11:27:22.502Z",
        "value": "1.9576246738433838",
        "cumulative": false
    },
    {
        "date": "2020-12-08T11:27:24.935Z",
        "value": "1.8397979736328125",
        "cumulative": false
    },
    {
        "date": "2020-12-08T11:27:27.413Z",
        "value": "1.8866136074066162",
        "cumulative": false
    },
    {
        "date": "2020-12-08T11:27:29.977Z",
        "value": "1.9480316638946533",
        "cumulative": false
    }
]