[
    {
        "date": "2020-12-08T11:26:30.577Z",
        "value": "2.446298360824585",
        "cumulative": false
    },
    {
        "date": "2020-12-08T11:26:33.033Z",
        "value": "1.6530030965805054",
        "cumulative": false
    },
    {
        "date": "2020-12-08T11:26:35.549Z",
        "value": "1.5407387018203735",
        "cumulative": false
    },
    {
        "date": "2020-12-08T11:26:38.072Z",
        "value": "1.4332674741744995",
        "cumulative": false
    },
    {
        "date": "2020-12-08T11:26:40.644Z",
        "value": "1.1205750703811646",
        "cumulative": false
    },
    {
        "date": "2020-12-08T11:26:43.123Z",
        "value": "1.2170183658599854",
        "cumulative": false
    },
    {
        "date": "2020-12-08T11:26:45.594Z",
        "value": "1.144627332687378",
        "cumulative": false
    },
    {
        "date": "2020-12-08T11:26:48.095Z",
        "value": "0.7632942199707031",
        "cumulative": false
    },
    {
        "date": "2020-12-08T11:26:50.637Z",
        "value": "0.853358805179596",
        "cumulative": false
    },
    {
        "date": "2020-12-08T11:26:53.115Z",
        "value": "0.9100729823112488",
        "cumulative": false
    },
    {
        "date": "2020-12-08T11:26:55.634Z",
        "value": "0.9368004202842712",
        "cumulative": false
    },
    {
        "date": "2020-12-08T11:26:58.258Z",
        "value": "0.7591626048088074",
        "cumulative": false
    },
    {
        "date": "2020-12-08T11:27:00.710Z",
        "value": "0.6658210754394531",
        "cumulative": false
    },
    {
        "date": "2020-12-08T11:27:03.194Z",
        "value": "0.6181556582450867",
        "cumulative": false
    },
    {
        "date": "2020-12-08T11:27:05.720Z",
        "value": "0.8009608387947083",
        "cumulative": false
    },
    {
        "date": "2020-12-08T11:27:08.195Z",
        "value": "0.6269657015800476",
        "cumulative": false
    },
    {
        "date": "2020-12-08T11:27:10.742Z",
        "value": "0.5343862175941467",
        "cumulative": false
    },
    {
        "date": "2020-12-08T11:27:13.128Z",
        "value": "0.6422846913337708",
        "cumulative": false
    },
    {
        "date": "2020-12-08T11:27:15.737Z",
        "value": "0.5947355628013611",
        "cumulative": false
    },
    {
        "date": "2020-12-08T11:27:18.144Z",
        "value": "0.5792675614356995",
        "cumulative": false
    },
    {
        "date": "2020-12-08T11:27:20.644Z",
        "value": "0.4701843559741974",
        "cumulative": false
    },
    {
        "date": "2020-12-08T11:27:23.206Z",
        "value": "0.5581505298614502",
        "cumulative": false
    },
    {
        "date": "2020-12-08T11:27:25.617Z",
        "value": "0.36321166157722473",
        "cumulative": false
    },
    {
        "date": "2020-12-08T11:27:28.124Z",
        "value": "0.5097088813781738",
        "cumulative": false
    }
]