[
    {
        "date": "2020-12-08T11:26:32.361Z",
        "value": "4.25522255897522",
        "cumulative": false
    },
    {
        "date": "2020-12-08T11:26:34.831Z",
        "value": "1.8697776794433594",
        "cumulative": false
    },
    {
        "date": "2020-12-08T11:26:37.332Z",
        "value": "1.8845694065093994",
        "cumulative": false
    },
    {
        "date": "2020-12-08T11:26:39.893Z",
        "value": "1.9190855026245117",
        "cumulative": false
    },
    {
        "date": "2020-12-08T11:26:42.450Z",
        "value": "1.9201364517211914",
        "cumulative": false
    },
    {
        "date": "2020-12-08T11:26:44.931Z",
        "value": "1.8802845478057861",
        "cumulative": false
    },
    {
        "date": "2020-12-08T11:26:47.351Z",
        "value": "1.8306026458740234",
        "cumulative": false
    },
    {
        "date": "2020-12-08T11:26:49.887Z",
        "value": "1.9048829078674316",
        "cumulative": false
    },
    {
        "date": "2020-12-08T11:26:52.438Z",
        "value": "1.908076286315918",
        "cumulative": false
    },
    {
        "date": "2020-12-08T11:26:54.914Z",
        "value": "1.8959217071533203",
        "cumulative": false
    },
    {
        "date": "2020-12-08T11:26:57.482Z",
        "value": "1.9302914142608643",
        "cumulative": false
    },
    {
        "date": "2020-12-08T11:26:59.999Z",
        "value": "1.8577337265014648",
        "cumulative": false
    },
    {
        "date": "2020-12-08T11:27:02.502Z",
        "value": "1.8739585876464844",
        "cumulative": false
    },
    {
        "date": "2020-12-08T11:27:04.942Z",
        "value": "1.848996639251709",
        "cumulative": false
    },
    {
        "date": "2020-12-08T11:27:07.521Z",
        "value": "1.9388835430145264",
        "cumulative": false
    },
    {
        "date": "2020-12-08T11:27:10.047Z",
        "value": "1.9156813621520996",
        "cumulative": false
    },
    {
        "date": "2020-12-08T11:27:12.426Z",
        "value": "1.7693748474121094",
        "cumulative": false
    },
    {
        "date": "2020-12-08T11:27:14.962Z",
        "value": "1.9392340183258057",
        "cumulative": false
    },
    {
        "date": "2020-12-08T11:27:17.455Z",
        "value": "1.8361282348632812",
        "cumulative": false
    },
    {
        "date": "2020-12-08T11:27:19.902Z",
        "value": "1.8615696430206299",
        "cumulative": false
    },
    {
        "date": "2020-12-08T11:27:22.498Z",
        "value": "1.9521632194519043",
        "cumulative": false
    },
    {
        "date": "2020-12-08T11:27:24.938Z",
        "value": "1.8458619117736816",
        "cumulative": false
    },
    {
        "date": "2020-12-08T11:27:27.407Z",
        "value": "1.8596484661102295",
        "cumulative": false
    },
    {
        "date": "2020-12-08T11:27:29.968Z",
        "value": "1.9311201572418213",
        "cumulative": false
    }
]