[
    {
        "date": "2020-12-08T11:26:32.369Z",
        "value": "0.00518035888671875",
        "cumulative": false
    },
    {
        "date": "2020-12-08T11:26:34.843Z",
        "value": "0.005264759063720703",
        "cumulative": false
    },
    {
        "date": "2020-12-08T11:26:37.341Z",
        "value": "0.005079507827758789",
        "cumulative": false
    },
    {
        "date": "2020-12-08T11:26:39.898Z",
        "value": "0.004988193511962891",
        "cumulative": false
    },
    {
        "date": "2020-12-08T11:26:42.455Z",
        "value": "0.005021095275878906",
        "cumulative": false
    },
    {
        "date": "2020-12-08T11:26:44.937Z",
        "value": "0.004782199859619141",
        "cumulative": false
    },
    {
        "date": "2020-12-08T11:26:47.359Z",
        "value": "0.004842281341552734",
        "cumulative": false
    },
    {
        "date": "2020-12-08T11:26:49.889Z",
        "value": "0.0048367977142333984",
        "cumulative": false
    },
    {
        "date": "2020-12-08T11:26:52.443Z",
        "value": "0.004806041717529297",
        "cumulative": false
    },
    {
        "date": "2020-12-08T11:26:54.923Z",
        "value": "0.004904747009277344",
        "cumulative": false
    },
    {
        "date": "2020-12-08T11:26:57.491Z",
        "value": "0.005288124084472656",
        "cumulative": false
    },
    {
        "date": "2020-12-08T11:27:00.006Z",
        "value": "0.005421638488769531",
        "cumulative": false
    },
    {
        "date": "2020-12-08T11:27:02.498Z",
        "value": "0.0049610137939453125",
        "cumulative": false
    },
    {
        "date": "2020-12-08T11:27:04.952Z",
        "value": "0.004945278167724609",
        "cumulative": false
    },
    {
        "date": "2020-12-08T11:27:07.515Z",
        "value": "0.004486799240112305",
        "cumulative": false
    },
    {
        "date": "2020-12-08T11:27:10.040Z",
        "value": "0.0047550201416015625",
        "cumulative": false
    },
    {
        "date": "2020-12-08T11:27:12.432Z",
        "value": "0.005513429641723633",
        "cumulative": false
    },
    {
        "date": "2020-12-08T11:27:14.970Z",
        "value": "0.005083799362182617",
        "cumulative": false
    },
    {
        "date": "2020-12-08T11:27:17.466Z",
        "value": "0.004965066909790039",
        "cumulative": false
    },
    {
        "date": "2020-12-08T11:27:19.914Z",
        "value": "0.00474095344543457",
        "cumulative": false
    },
    {
        "date": "2020-12-08T11:27:22.514Z",
        "value": "0.004883527755737305",
        "cumulative": false
    },
    {
        "date": "2020-12-08T11:27:24.946Z",
        "value": "0.005299091339111328",
        "cumulative": false
    },
    {
        "date": "2020-12-08T11:27:27.421Z",
        "value": "0.00501561164855957",
        "cumulative": false
    },
    {
        "date": "2020-12-08T11:27:29.983Z",
        "value": "0.004872798919677734",
        "cumulative": false
    }
]