[
    {
        "date": "2020-12-08T11:26:32.369Z",
        "value": "1.6510028839111328",
        "cumulative": false
    },
    {
        "date": "2020-12-08T11:26:34.835Z",
        "value": "1.4159173965454102",
        "cumulative": false
    },
    {
        "date": "2020-12-08T11:26:37.336Z",
        "value": "1.45475172996521",
        "cumulative": false
    },
    {
        "date": "2020-12-08T11:26:39.901Z",
        "value": "1.4888603687286377",
        "cumulative": false
    },
    {
        "date": "2020-12-08T11:26:42.466Z",
        "value": "1.5080232620239258",
        "cumulative": false
    },
    {
        "date": "2020-12-08T11:26:44.937Z",
        "value": "1.4750754833221436",
        "cumulative": false
    },
    {
        "date": "2020-12-08T11:26:47.354Z",
        "value": "1.3570036888122559",
        "cumulative": false
    },
    {
        "date": "2020-12-08T11:26:49.892Z",
        "value": "1.4677186012268066",
        "cumulative": false
    },
    {
        "date": "2020-12-08T11:26:52.440Z",
        "value": "1.4538264274597168",
        "cumulative": false
    },
    {
        "date": "2020-12-08T11:26:54.924Z",
        "value": "1.4645135402679443",
        "cumulative": false
    },
    {
        "date": "2020-12-08T11:26:57.497Z",
        "value": "1.4050021171569824",
        "cumulative": false
    },
    {
        "date": "2020-12-08T11:27:00.016Z",
        "value": "1.3735520839691162",
        "cumulative": false
    },
    {
        "date": "2020-12-08T11:27:02.505Z",
        "value": "1.4461827278137207",
        "cumulative": false
    },
    {
        "date": "2020-12-08T11:27:04.949Z",
        "value": "1.4201462268829346",
        "cumulative": false
    },
    {
        "date": "2020-12-08T11:27:07.519Z",
        "value": "1.5244042873382568",
        "cumulative": false
    },
    {
        "date": "2020-12-08T11:27:10.050Z",
        "value": "1.4977812767028809",
        "cumulative": false
    },
    {
        "date": "2020-12-08T11:27:12.433Z",
        "value": "1.3149714469909668",
        "cumulative": false
    },
    {
        "date": "2020-12-08T11:27:14.972Z",
        "value": "1.4974079132080078",
        "cumulative": false
    },
    {
        "date": "2020-12-08T11:27:17.461Z",
        "value": "1.374040126800537",
        "cumulative": false
    },
    {
        "date": "2020-12-08T11:27:19.914Z",
        "value": "1.414823293685913",
        "cumulative": false
    },
    {
        "date": "2020-12-08T11:27:22.510Z",
        "value": "1.500650405883789",
        "cumulative": false
    },
    {
        "date": "2020-12-08T11:27:24.943Z",
        "value": "1.3923819065093994",
        "cumulative": false
    },
    {
        "date": "2020-12-08T11:27:27.416Z",
        "value": "1.401179552078247",
        "cumulative": false
    },
    {
        "date": "2020-12-08T11:27:29.979Z",
        "value": "1.4809608459472656",
        "cumulative": false
    }
]