[
    {
        "date": "2020-12-08T11:26:32.363Z",
        "value": "0.01629018783569336",
        "cumulative": false
    },
    {
        "date": "2020-12-08T11:26:34.830Z",
        "value": "0.018187761306762695",
        "cumulative": false
    },
    {
        "date": "2020-12-08T11:26:37.342Z",
        "value": "0.017040252685546875",
        "cumulative": false
    },
    {
        "date": "2020-12-08T11:26:39.892Z",
        "value": "0.01837301254272461",
        "cumulative": false
    },
    {
        "date": "2020-12-08T11:26:42.450Z",
        "value": "0.016835451126098633",
        "cumulative": false
    },
    {
        "date": "2020-12-08T11:26:44.943Z",
        "value": "0.017502307891845703",
        "cumulative": false
    },
    {
        "date": "2020-12-08T11:26:47.346Z",
        "value": "0.0179901123046875",
        "cumulative": false
    },
    {
        "date": "2020-12-08T11:26:49.884Z",
        "value": "0.018937110900878906",
        "cumulative": false
    },
    {
        "date": "2020-12-08T11:26:52.433Z",
        "value": "0.017267942428588867",
        "cumulative": false
    },
    {
        "date": "2020-12-08T11:26:54.922Z",
        "value": "0.01628899574279785",
        "cumulative": false
    },
    {
        "date": "2020-12-08T11:26:57.484Z",
        "value": "0.01801276206970215",
        "cumulative": false
    },
    {
        "date": "2020-12-08T11:26:59.999Z",
        "value": "0.017020702362060547",
        "cumulative": false
    },
    {
        "date": "2020-12-08T11:27:02.492Z",
        "value": "0.017213106155395508",
        "cumulative": false
    },
    {
        "date": "2020-12-08T11:27:04.946Z",
        "value": "0.018319129943847656",
        "cumulative": false
    },
    {
        "date": "2020-12-08T11:27:07.510Z",
        "value": "0.01654672622680664",
        "cumulative": false
    },
    {
        "date": "2020-12-08T11:27:10.034Z",
        "value": "0.01741170883178711",
        "cumulative": false
    },
    {
        "date": "2020-12-08T11:27:12.434Z",
        "value": "0.017606258392333984",
        "cumulative": false
    },
    {
        "date": "2020-12-08T11:27:14.977Z",
        "value": "0.017065048217773438",
        "cumulative": false
    },
    {
        "date": "2020-12-08T11:27:17.459Z",
        "value": "0.01892256736755371",
        "cumulative": false
    },
    {
        "date": "2020-12-08T11:27:19.908Z",
        "value": "0.016831398010253906",
        "cumulative": false
    },
    {
        "date": "2020-12-08T11:27:22.498Z",
        "value": "0.019156217575073242",
        "cumulative": false
    },
    {
        "date": "2020-12-08T11:27:24.943Z",
        "value": "0.017627716064453125",
        "cumulative": false
    },
    {
        "date": "2020-12-08T11:27:27.405Z",
        "value": "0.017722606658935547",
        "cumulative": false
    },
    {
        "date": "2020-12-08T11:27:29.974Z",
        "value": "0.018904447555541992",
        "cumulative": false
    }
]