[
    {
        "date": "2020-12-08T11:26:30.579Z",
        "value": "2.5446319580078125",
        "cumulative": false
    },
    {
        "date": "2020-12-08T11:26:33.034Z",
        "value": "1.7805736064910889",
        "cumulative": false
    },
    {
        "date": "2020-12-08T11:26:35.545Z",
        "value": "1.605287790298462",
        "cumulative": false
    },
    {
        "date": "2020-12-08T11:26:38.074Z",
        "value": "1.3176119327545166",
        "cumulative": false
    },
    {
        "date": "2020-12-08T11:26:40.640Z",
        "value": "1.1196132898330688",
        "cumulative": false
    },
    {
        "date": "2020-12-08T11:26:43.125Z",
        "value": "1.1742286682128906",
        "cumulative": false
    },
    {
        "date": "2020-12-08T11:26:45.597Z",
        "value": "0.9070932865142822",
        "cumulative": false
    },
    {
        "date": "2020-12-08T11:26:48.096Z",
        "value": "0.9440391659736633",
        "cumulative": false
    },
    {
        "date": "2020-12-08T11:26:50.639Z",
        "value": "1.1152973175048828",
        "cumulative": false
    },
    {
        "date": "2020-12-08T11:26:53.115Z",
        "value": "0.8260611295700073",
        "cumulative": false
    },
    {
        "date": "2020-12-08T11:26:55.640Z",
        "value": "0.8063446879386902",
        "cumulative": false
    },
    {
        "date": "2020-12-08T11:26:58.258Z",
        "value": "0.9586647748947144",
        "cumulative": false
    },
    {
        "date": "2020-12-08T11:27:00.710Z",
        "value": "0.7213415503501892",
        "cumulative": false
    },
    {
        "date": "2020-12-08T11:27:03.196Z",
        "value": "0.6369595527648926",
        "cumulative": false
    },
    {
        "date": "2020-12-08T11:27:05.717Z",
        "value": "0.6142735481262207",
        "cumulative": false
    },
    {
        "date": "2020-12-08T11:27:08.205Z",
        "value": "0.535200297832489",
        "cumulative": false
    },
    {
        "date": "2020-12-08T11:27:10.744Z",
        "value": "0.5311103463172913",
        "cumulative": false
    },
    {
        "date": "2020-12-08T11:27:13.130Z",
        "value": "0.5349658727645874",
        "cumulative": false
    },
    {
        "date": "2020-12-08T11:27:15.734Z",
        "value": "0.5180893540382385",
        "cumulative": false
    },
    {
        "date": "2020-12-08T11:27:18.145Z",
        "value": "0.6413299441337585",
        "cumulative": false
    },
    {
        "date": "2020-12-08T11:27:20.645Z",
        "value": "0.47565001249313354",
        "cumulative": false
    },
    {
        "date": "2020-12-08T11:27:23.207Z",
        "value": "0.4496857225894928",
        "cumulative": false
    },
    {
        "date": "2020-12-08T11:27:25.618Z",
        "value": "0.537347674369812",
        "cumulative": false
    },
    {
        "date": "2020-12-08T11:27:28.125Z",
        "value": "0.4529152512550354",
        "cumulative": false
    }
]