[
    {
        "date": "2020-12-08T11:26:30.569Z",
        "value": "2.528207778930664",
        "cumulative": false
    },
    {
        "date": "2020-12-08T11:26:33.024Z",
        "value": "1.6879000663757324",
        "cumulative": false
    },
    {
        "date": "2020-12-08T11:26:35.539Z",
        "value": "1.5419721603393555",
        "cumulative": false
    },
    {
        "date": "2020-12-08T11:26:38.063Z",
        "value": "1.272222876548767",
        "cumulative": false
    },
    {
        "date": "2020-12-08T11:26:40.630Z",
        "value": "1.1232417821884155",
        "cumulative": false
    },
    {
        "date": "2020-12-08T11:26:43.118Z",
        "value": "1.0668526887893677",
        "cumulative": false
    },
    {
        "date": "2020-12-08T11:26:45.589Z",
        "value": "1.089051604270935",
        "cumulative": false
    },
    {
        "date": "2020-12-08T11:26:48.086Z",
        "value": "0.8020532131195068",
        "cumulative": false
    },
    {
        "date": "2020-12-08T11:26:50.629Z",
        "value": "0.9942176938056946",
        "cumulative": false
    },
    {
        "date": "2020-12-08T11:26:53.106Z",
        "value": "0.7202948927879333",
        "cumulative": false
    },
    {
        "date": "2020-12-08T11:26:55.625Z",
        "value": "0.7838382124900818",
        "cumulative": false
    },
    {
        "date": "2020-12-08T11:26:58.248Z",
        "value": "0.7899492979049683",
        "cumulative": false
    },
    {
        "date": "2020-12-08T11:27:00.701Z",
        "value": "0.7069489359855652",
        "cumulative": false
    },
    {
        "date": "2020-12-08T11:27:03.186Z",
        "value": "0.6531311869621277",
        "cumulative": false
    },
    {
        "date": "2020-12-08T11:27:05.711Z",
        "value": "0.712981104850769",
        "cumulative": false
    },
    {
        "date": "2020-12-08T11:27:08.191Z",
        "value": "0.6515454053878784",
        "cumulative": false
    },
    {
        "date": "2020-12-08T11:27:10.733Z",
        "value": "0.7141769528388977",
        "cumulative": false
    },
    {
        "date": "2020-12-08T11:27:13.119Z",
        "value": "0.5759466886520386",
        "cumulative": false
    },
    {
        "date": "2020-12-08T11:27:15.722Z",
        "value": "0.6595802307128906",
        "cumulative": false
    },
    {
        "date": "2020-12-08T11:27:18.134Z",
        "value": "0.6124944686889648",
        "cumulative": false
    },
    {
        "date": "2020-12-08T11:27:20.635Z",
        "value": "0.5331105589866638",
        "cumulative": false
    },
    {
        "date": "2020-12-08T11:27:23.196Z",
        "value": "0.4773206114768982",
        "cumulative": false
    },
    {
        "date": "2020-12-08T11:27:25.608Z",
        "value": "0.4736579358577728",
        "cumulative": false
    },
    {
        "date": "2020-12-08T11:27:28.118Z",
        "value": "0.5274759531021118",
        "cumulative": false
    }
]