[
    {
        "date": "2020-12-08T11:26:32.365Z",
        "value": "1.454768180847168",
        "cumulative": false
    },
    {
        "date": "2020-12-08T11:26:34.829Z",
        "value": "1.3805170059204102",
        "cumulative": false
    },
    {
        "date": "2020-12-08T11:26:37.333Z",
        "value": "1.3997106552124023",
        "cumulative": false
    },
    {
        "date": "2020-12-08T11:26:39.893Z",
        "value": "1.442028522491455",
        "cumulative": false
    },
    {
        "date": "2020-12-08T11:26:42.449Z",
        "value": "1.415464162826538",
        "cumulative": false
    },
    {
        "date": "2020-12-08T11:26:44.933Z",
        "value": "1.3715441226959229",
        "cumulative": false
    },
    {
        "date": "2020-12-08T11:26:47.354Z",
        "value": "1.273550033569336",
        "cumulative": false
    },
    {
        "date": "2020-12-08T11:26:49.886Z",
        "value": "1.4174659252166748",
        "cumulative": false
    },
    {
        "date": "2020-12-08T11:26:52.433Z",
        "value": "1.4326808452606201",
        "cumulative": false
    },
    {
        "date": "2020-12-08T11:26:54.924Z",
        "value": "1.382901906967163",
        "cumulative": false
    },
    {
        "date": "2020-12-08T11:26:57.486Z",
        "value": "1.3699235916137695",
        "cumulative": false
    },
    {
        "date": "2020-12-08T11:27:00.005Z",
        "value": "1.3502674102783203",
        "cumulative": false
    },
    {
        "date": "2020-12-08T11:27:02.507Z",
        "value": "1.3952558040618896",
        "cumulative": false
    },
    {
        "date": "2020-12-08T11:27:04.953Z",
        "value": "1.343294382095337",
        "cumulative": false
    },
    {
        "date": "2020-12-08T11:27:07.512Z",
        "value": "1.4471323490142822",
        "cumulative": false
    },
    {
        "date": "2020-12-08T11:27:10.042Z",
        "value": "1.3945512771606445",
        "cumulative": false
    },
    {
        "date": "2020-12-08T11:27:12.431Z",
        "value": "1.263375997543335",
        "cumulative": false
    },
    {
        "date": "2020-12-08T11:27:14.980Z",
        "value": "1.4039318561553955",
        "cumulative": false
    },
    {
        "date": "2020-12-08T11:27:17.462Z",
        "value": "1.3170185089111328",
        "cumulative": false
    },
    {
        "date": "2020-12-08T11:27:19.913Z",
        "value": "1.3476622104644775",
        "cumulative": false
    },
    {
        "date": "2020-12-08T11:27:22.500Z",
        "value": "1.4697563648223877",
        "cumulative": false
    },
    {
        "date": "2020-12-08T11:27:24.943Z",
        "value": "1.3015646934509277",
        "cumulative": false
    },
    {
        "date": "2020-12-08T11:27:27.411Z",
        "value": "1.3771884441375732",
        "cumulative": false
    },
    {
        "date": "2020-12-08T11:27:29.980Z",
        "value": "1.4238214492797852",
        "cumulative": false
    }
]