[
    {
        "date": "2020-12-08T11:26:32.363Z",
        "value": "0.013399839401245117",
        "cumulative": false
    },
    {
        "date": "2020-12-08T11:26:34.826Z",
        "value": "0.012887001037597656",
        "cumulative": false
    },
    {
        "date": "2020-12-08T11:26:37.326Z",
        "value": "0.013818025588989258",
        "cumulative": false
    },
    {
        "date": "2020-12-08T11:26:39.890Z",
        "value": "0.012826919555664062",
        "cumulative": false
    },
    {
        "date": "2020-12-08T11:26:42.442Z",
        "value": "0.01268315315246582",
        "cumulative": false
    },
    {
        "date": "2020-12-08T11:26:44.927Z",
        "value": "0.013954639434814453",
        "cumulative": false
    },
    {
        "date": "2020-12-08T11:26:47.349Z",
        "value": "0.015531539916992188",
        "cumulative": false
    },
    {
        "date": "2020-12-08T11:26:49.891Z",
        "value": "0.012663125991821289",
        "cumulative": false
    },
    {
        "date": "2020-12-08T11:26:52.429Z",
        "value": "0.01389455795288086",
        "cumulative": false
    },
    {
        "date": "2020-12-08T11:26:54.919Z",
        "value": "0.012602090835571289",
        "cumulative": false
    },
    {
        "date": "2020-12-08T11:26:57.488Z",
        "value": "0.01519155502319336",
        "cumulative": false
    },
    {
        "date": "2020-12-08T11:26:59.996Z",
        "value": "0.01324319839477539",
        "cumulative": false
    },
    {
        "date": "2020-12-08T11:27:02.489Z",
        "value": "0.013892173767089844",
        "cumulative": false
    },
    {
        "date": "2020-12-08T11:27:04.937Z",
        "value": "0.014061450958251953",
        "cumulative": false
    },
    {
        "date": "2020-12-08T11:27:07.507Z",
        "value": "0.01285099983215332",
        "cumulative": false
    },
    {
        "date": "2020-12-08T11:27:10.035Z",
        "value": "0.01382899284362793",
        "cumulative": false
    },
    {
        "date": "2020-12-08T11:27:12.428Z",
        "value": "0.01438283920288086",
        "cumulative": false
    },
    {
        "date": "2020-12-08T11:27:14.962Z",
        "value": "0.012784481048583984",
        "cumulative": false
    },
    {
        "date": "2020-12-08T11:27:17.449Z",
        "value": "0.012967586517333984",
        "cumulative": false
    },
    {
        "date": "2020-12-08T11:27:19.898Z",
        "value": "0.012497901916503906",
        "cumulative": false
    },
    {
        "date": "2020-12-08T11:27:22.497Z",
        "value": "0.01219940185546875",
        "cumulative": false
    },
    {
        "date": "2020-12-08T11:27:24.932Z",
        "value": "0.012883901596069336",
        "cumulative": false
    },
    {
        "date": "2020-12-08T11:27:27.402Z",
        "value": "0.013424873352050781",
        "cumulative": false
    },
    {
        "date": "2020-12-08T11:27:29.966Z",
        "value": "0.012666702270507812",
        "cumulative": false
    }
]