[
    {
        "date": "2020-12-08T11:26:30.569Z",
        "value": "2.44671893119812",
        "cumulative": false
    },
    {
        "date": "2020-12-08T11:26:33.024Z",
        "value": "1.8466733694076538",
        "cumulative": false
    },
    {
        "date": "2020-12-08T11:26:35.541Z",
        "value": "1.6195178031921387",
        "cumulative": false
    },
    {
        "date": "2020-12-08T11:26:38.062Z",
        "value": "1.4014298915863037",
        "cumulative": false
    },
    {
        "date": "2020-12-08T11:26:40.635Z",
        "value": "1.1791362762451172",
        "cumulative": false
    },
    {
        "date": "2020-12-08T11:26:43.115Z",
        "value": "1.2730027437210083",
        "cumulative": false
    },
    {
        "date": "2020-12-08T11:26:45.585Z",
        "value": "1.0716642141342163",
        "cumulative": false
    },
    {
        "date": "2020-12-08T11:26:48.088Z",
        "value": "1.1330382823944092",
        "cumulative": false
    },
    {
        "date": "2020-12-08T11:26:50.629Z",
        "value": "0.9996225833892822",
        "cumulative": false
    },
    {
        "date": "2020-12-08T11:26:53.106Z",
        "value": "0.8287815451622009",
        "cumulative": false
    },
    {
        "date": "2020-12-08T11:26:55.626Z",
        "value": "0.9408861994743347",
        "cumulative": false
    },
    {
        "date": "2020-12-08T11:26:58.249Z",
        "value": "0.8267930150032043",
        "cumulative": false
    },
    {
        "date": "2020-12-08T11:27:00.701Z",
        "value": "0.796440064907074",
        "cumulative": false
    },
    {
        "date": "2020-12-08T11:27:03.186Z",
        "value": "0.5690138936042786",
        "cumulative": false
    },
    {
        "date": "2020-12-08T11:27:05.712Z",
        "value": "0.5763492584228516",
        "cumulative": false
    },
    {
        "date": "2020-12-08T11:27:08.194Z",
        "value": "0.7538109421730042",
        "cumulative": false
    },
    {
        "date": "2020-12-08T11:27:10.733Z",
        "value": "0.5880625247955322",
        "cumulative": false
    },
    {
        "date": "2020-12-08T11:27:13.119Z",
        "value": "0.6206099390983582",
        "cumulative": false
    },
    {
        "date": "2020-12-08T11:27:15.728Z",
        "value": "0.5890082716941833",
        "cumulative": false
    },
    {
        "date": "2020-12-08T11:27:18.135Z",
        "value": "0.45816028118133545",
        "cumulative": false
    },
    {
        "date": "2020-12-08T11:27:20.635Z",
        "value": "0.595970869064331",
        "cumulative": false
    },
    {
        "date": "2020-12-08T11:27:23.197Z",
        "value": "0.3699341416358948",
        "cumulative": false
    },
    {
        "date": "2020-12-08T11:27:25.608Z",
        "value": "0.4671957492828369",
        "cumulative": false
    },
    {
        "date": "2020-12-08T11:27:28.116Z",
        "value": "0.3750988841056824",
        "cumulative": false
    }
]