[
    {
        "date": "2020-12-08T11:26:32.369Z",
        "value": "4.252450942993164",
        "cumulative": false
    },
    {
        "date": "2020-12-08T11:26:34.834Z",
        "value": "1.8537166118621826",
        "cumulative": false
    },
    {
        "date": "2020-12-08T11:26:37.340Z",
        "value": "1.8987915515899658",
        "cumulative": false
    },
    {
        "date": "2020-12-08T11:26:39.902Z",
        "value": "1.9128706455230713",
        "cumulative": false
    },
    {
        "date": "2020-12-08T11:26:42.457Z",
        "value": "1.913081169128418",
        "cumulative": false
    },
    {
        "date": "2020-12-08T11:26:44.947Z",
        "value": "1.88533353805542",
        "cumulative": false
    },
    {
        "date": "2020-12-08T11:26:47.370Z",
        "value": "1.8196463584899902",
        "cumulative": false
    },
    {
        "date": "2020-12-08T11:26:49.910Z",
        "value": "1.8949291706085205",
        "cumulative": false
    },
    {
        "date": "2020-12-08T11:26:52.445Z",
        "value": "1.894700288772583",
        "cumulative": false
    },
    {
        "date": "2020-12-08T11:26:54.926Z",
        "value": "1.891700029373169",
        "cumulative": false
    },
    {
        "date": "2020-12-08T11:26:57.496Z",
        "value": "1.9052073955535889",
        "cumulative": false
    },
    {
        "date": "2020-12-08T11:27:00.009Z",
        "value": "1.842682123184204",
        "cumulative": false
    },
    {
        "date": "2020-12-08T11:27:02.509Z",
        "value": "1.864323377609253",
        "cumulative": false
    },
    {
        "date": "2020-12-08T11:27:04.951Z",
        "value": "1.8482952117919922",
        "cumulative": false
    },
    {
        "date": "2020-12-08T11:27:07.535Z",
        "value": "1.9135115146636963",
        "cumulative": false
    },
    {
        "date": "2020-12-08T11:27:10.046Z",
        "value": "1.9200448989868164",
        "cumulative": false
    },
    {
        "date": "2020-12-08T11:27:12.444Z",
        "value": "1.759239673614502",
        "cumulative": false
    },
    {
        "date": "2020-12-08T11:27:14.975Z",
        "value": "1.9209914207458496",
        "cumulative": false
    },
    {
        "date": "2020-12-08T11:27:17.471Z",
        "value": "1.8262948989868164",
        "cumulative": false
    },
    {
        "date": "2020-12-08T11:27:19.914Z",
        "value": "1.8511605262756348",
        "cumulative": false
    },
    {
        "date": "2020-12-08T11:27:22.507Z",
        "value": "1.943512201309204",
        "cumulative": false
    },
    {
        "date": "2020-12-08T11:27:24.946Z",
        "value": "1.8279945850372314",
        "cumulative": false
    },
    {
        "date": "2020-12-08T11:27:27.420Z",
        "value": "1.8544013500213623",
        "cumulative": false
    },
    {
        "date": "2020-12-08T11:27:29.980Z",
        "value": "1.926753282546997",
        "cumulative": false
    }
]