[
    {
        "date": "2020-12-08T11:26:32.361Z",
        "value": "4.2451417446136475",
        "cumulative": false
    },
    {
        "date": "2020-12-08T11:26:34.829Z",
        "value": "1.8565683364868164",
        "cumulative": false
    },
    {
        "date": "2020-12-08T11:26:37.333Z",
        "value": "1.882035732269287",
        "cumulative": false
    },
    {
        "date": "2020-12-08T11:26:39.893Z",
        "value": "1.9019339084625244",
        "cumulative": false
    },
    {
        "date": "2020-12-08T11:26:42.449Z",
        "value": "1.9011778831481934",
        "cumulative": false
    },
    {
        "date": "2020-12-08T11:26:44.933Z",
        "value": "1.8725478649139404",
        "cumulative": false
    },
    {
        "date": "2020-12-08T11:26:47.354Z",
        "value": "1.8149027824401855",
        "cumulative": false
    },
    {
        "date": "2020-12-08T11:26:49.885Z",
        "value": "1.894324541091919",
        "cumulative": false
    },
    {
        "date": "2020-12-08T11:26:52.433Z",
        "value": "1.8845527172088623",
        "cumulative": false
    },
    {
        "date": "2020-12-08T11:26:54.924Z",
        "value": "1.8731977939605713",
        "cumulative": false
    },
    {
        "date": "2020-12-08T11:26:57.485Z",
        "value": "1.9129343032836914",
        "cumulative": false
    },
    {
        "date": "2020-12-08T11:27:00.004Z",
        "value": "1.839322566986084",
        "cumulative": false
    },
    {
        "date": "2020-12-08T11:27:02.506Z",
        "value": "1.8667407035827637",
        "cumulative": false
    },
    {
        "date": "2020-12-08T11:27:04.952Z",
        "value": "1.828650712966919",
        "cumulative": false
    },
    {
        "date": "2020-12-08T11:27:07.512Z",
        "value": "1.9240317344665527",
        "cumulative": false
    },
    {
        "date": "2020-12-08T11:27:10.042Z",
        "value": "1.9035000801086426",
        "cumulative": false
    },
    {
        "date": "2020-12-08T11:27:12.431Z",
        "value": "1.7523655891418457",
        "cumulative": false
    },
    {
        "date": "2020-12-08T11:27:14.980Z",
        "value": "1.91721510887146",
        "cumulative": false
    },
    {
        "date": "2020-12-08T11:27:17.462Z",
        "value": "1.8178682327270508",
        "cumulative": false
    },
    {
        "date": "2020-12-08T11:27:19.913Z",
        "value": "1.8332018852233887",
        "cumulative": false
    },
    {
        "date": "2020-12-08T11:27:22.500Z",
        "value": "1.9308359622955322",
        "cumulative": false
    },
    {
        "date": "2020-12-08T11:27:24.943Z",
        "value": "1.8282568454742432",
        "cumulative": false
    },
    {
        "date": "2020-12-08T11:27:27.411Z",
        "value": "1.8524274826049805",
        "cumulative": false
    },
    {
        "date": "2020-12-08T11:27:29.980Z",
        "value": "1.928004503250122",
        "cumulative": false
    }
]