[
    {
        "date": "2020-12-08T11:26:32.381Z",
        "value": "0.005682945251464844",
        "cumulative": false
    },
    {
        "date": "2020-12-08T11:26:34.852Z",
        "value": "0.006971597671508789",
        "cumulative": false
    },
    {
        "date": "2020-12-08T11:26:37.355Z",
        "value": "0.008114099502563477",
        "cumulative": false
    },
    {
        "date": "2020-12-08T11:26:39.917Z",
        "value": "0.00753331184387207",
        "cumulative": false
    },
    {
        "date": "2020-12-08T11:26:42.480Z",
        "value": "0.007989645004272461",
        "cumulative": false
    },
    {
        "date": "2020-12-08T11:26:44.956Z",
        "value": "0.007492780685424805",
        "cumulative": false
    },
    {
        "date": "2020-12-08T11:26:47.373Z",
        "value": "0.007534980773925781",
        "cumulative": false
    },
    {
        "date": "2020-12-08T11:26:49.919Z",
        "value": "0.006998538970947266",
        "cumulative": false
    },
    {
        "date": "2020-12-08T11:26:52.450Z",
        "value": "0.0064737796783447266",
        "cumulative": false
    },
    {
        "date": "2020-12-08T11:26:54.944Z",
        "value": "0.00798654556274414",
        "cumulative": false
    },
    {
        "date": "2020-12-08T11:26:57.508Z",
        "value": "0.0072345733642578125",
        "cumulative": false
    },
    {
        "date": "2020-12-08T11:27:00.029Z",
        "value": "0.006173133850097656",
        "cumulative": false
    },
    {
        "date": "2020-12-08T11:27:02.518Z",
        "value": "0.007172822952270508",
        "cumulative": false
    },
    {
        "date": "2020-12-08T11:27:04.966Z",
        "value": "0.006246328353881836",
        "cumulative": false
    },
    {
        "date": "2020-12-08T11:27:07.533Z",
        "value": "0.006417989730834961",
        "cumulative": false
    },
    {
        "date": "2020-12-08T11:27:10.067Z",
        "value": "0.006540775299072266",
        "cumulative": false
    },
    {
        "date": "2020-12-08T11:27:12.453Z",
        "value": "0.007878541946411133",
        "cumulative": false
    },
    {
        "date": "2020-12-08T11:27:15.001Z",
        "value": "0.0068399906158447266",
        "cumulative": false
    },
    {
        "date": "2020-12-08T11:27:17.479Z",
        "value": "0.007220268249511719",
        "cumulative": false
    },
    {
        "date": "2020-12-08T11:27:19.929Z",
        "value": "0.006580352783203125",
        "cumulative": false
    },
    {
        "date": "2020-12-08T11:27:22.521Z",
        "value": "0.007505893707275391",
        "cumulative": false
    },
    {
        "date": "2020-12-08T11:27:24.970Z",
        "value": "0.0065801143646240234",
        "cumulative": false
    },
    {
        "date": "2020-12-08T11:27:27.430Z",
        "value": "0.006277799606323242",
        "cumulative": false
    },
    {
        "date": "2020-12-08T11:27:30.009Z",
        "value": "0.00646519660949707",
        "cumulative": false
    }
]