[
    {
        "date": "2020-12-08T11:26:32.373Z",
        "value": "0.005146503448486328",
        "cumulative": false
    },
    {
        "date": "2020-12-08T11:26:34.835Z",
        "value": "0.00500035285949707",
        "cumulative": false
    },
    {
        "date": "2020-12-08T11:26:37.334Z",
        "value": "0.004754781723022461",
        "cumulative": false
    },
    {
        "date": "2020-12-08T11:26:39.904Z",
        "value": "0.005179405212402344",
        "cumulative": false
    },
    {
        "date": "2020-12-08T11:26:42.455Z",
        "value": "0.004929542541503906",
        "cumulative": false
    },
    {
        "date": "2020-12-08T11:26:44.947Z",
        "value": "0.004949092864990234",
        "cumulative": false
    },
    {
        "date": "2020-12-08T11:26:47.350Z",
        "value": "0.005512237548828125",
        "cumulative": false
    },
    {
        "date": "2020-12-08T11:26:49.890Z",
        "value": "0.005105733871459961",
        "cumulative": false
    },
    {
        "date": "2020-12-08T11:26:52.443Z",
        "value": "0.004982709884643555",
        "cumulative": false
    },
    {
        "date": "2020-12-08T11:26:54.926Z",
        "value": "0.005004405975341797",
        "cumulative": false
    },
    {
        "date": "2020-12-08T11:26:57.490Z",
        "value": "0.005112409591674805",
        "cumulative": false
    },
    {
        "date": "2020-12-08T11:27:00.006Z",
        "value": "0.004882335662841797",
        "cumulative": false
    },
    {
        "date": "2020-12-08T11:27:02.497Z",
        "value": "0.005475044250488281",
        "cumulative": false
    },
    {
        "date": "2020-12-08T11:27:04.948Z",
        "value": "0.0053594112396240234",
        "cumulative": false
    },
    {
        "date": "2020-12-08T11:27:07.516Z",
        "value": "0.004952192306518555",
        "cumulative": false
    },
    {
        "date": "2020-12-08T11:27:10.041Z",
        "value": "0.005242824554443359",
        "cumulative": false
    },
    {
        "date": "2020-12-08T11:27:12.439Z",
        "value": "0.004830121994018555",
        "cumulative": false
    },
    {
        "date": "2020-12-08T11:27:14.982Z",
        "value": "0.004678249359130859",
        "cumulative": false
    },
    {
        "date": "2020-12-08T11:27:17.459Z",
        "value": "0.004945516586303711",
        "cumulative": false
    },
    {
        "date": "2020-12-08T11:27:19.915Z",
        "value": "0.004732608795166016",
        "cumulative": false
    },
    {
        "date": "2020-12-08T11:27:22.505Z",
        "value": "0.004761695861816406",
        "cumulative": false
    },
    {
        "date": "2020-12-08T11:27:24.940Z",
        "value": "0.004947662353515625",
        "cumulative": false
    },
    {
        "date": "2020-12-08T11:27:27.409Z",
        "value": "0.004954814910888672",
        "cumulative": false
    },
    {
        "date": "2020-12-08T11:27:29.977Z",
        "value": "0.005177974700927734",
        "cumulative": false
    }
]