[
    {
        "date": "2020-12-08T11:26:30.570Z",
        "value": "2.4456722736358643",
        "cumulative": false
    },
    {
        "date": "2020-12-08T11:26:33.024Z",
        "value": "1.8007407188415527",
        "cumulative": false
    },
    {
        "date": "2020-12-08T11:26:35.535Z",
        "value": "1.4785540103912354",
        "cumulative": false
    },
    {
        "date": "2020-12-08T11:26:38.063Z",
        "value": "1.2812833786010742",
        "cumulative": false
    },
    {
        "date": "2020-12-08T11:26:40.632Z",
        "value": "1.2618438005447388",
        "cumulative": false
    },
    {
        "date": "2020-12-08T11:26:43.114Z",
        "value": "1.0820168256759644",
        "cumulative": false
    },
    {
        "date": "2020-12-08T11:26:45.585Z",
        "value": "1.0203222036361694",
        "cumulative": false
    },
    {
        "date": "2020-12-08T11:26:48.085Z",
        "value": "0.9739131927490234",
        "cumulative": false
    },
    {
        "date": "2020-12-08T11:26:50.628Z",
        "value": "0.822321355342865",
        "cumulative": false
    },
    {
        "date": "2020-12-08T11:26:53.110Z",
        "value": "0.9455005526542664",
        "cumulative": false
    },
    {
        "date": "2020-12-08T11:26:55.626Z",
        "value": "0.7660453915596008",
        "cumulative": false
    },
    {
        "date": "2020-12-08T11:26:58.248Z",
        "value": "0.6933404803276062",
        "cumulative": false
    },
    {
        "date": "2020-12-08T11:27:00.701Z",
        "value": "0.7273233532905579",
        "cumulative": false
    },
    {
        "date": "2020-12-08T11:27:03.185Z",
        "value": "0.6319359540939331",
        "cumulative": false
    },
    {
        "date": "2020-12-08T11:27:05.712Z",
        "value": "0.5476238131523132",
        "cumulative": false
    },
    {
        "date": "2020-12-08T11:27:08.191Z",
        "value": "0.7439694404602051",
        "cumulative": false
    },
    {
        "date": "2020-12-08T11:27:10.733Z",
        "value": "0.6177261471748352",
        "cumulative": false
    },
    {
        "date": "2020-12-08T11:27:13.118Z",
        "value": "0.6600911617279053",
        "cumulative": false
    },
    {
        "date": "2020-12-08T11:27:15.722Z",
        "value": "0.561860978603363",
        "cumulative": false
    },
    {
        "date": "2020-12-08T11:27:18.134Z",
        "value": "0.55231112241745",
        "cumulative": false
    },
    {
        "date": "2020-12-08T11:27:20.634Z",
        "value": "0.5397602915763855",
        "cumulative": false
    },
    {
        "date": "2020-12-08T11:27:23.196Z",
        "value": "0.5086122751235962",
        "cumulative": false
    },
    {
        "date": "2020-12-08T11:27:25.608Z",
        "value": "0.567474365234375",
        "cumulative": false
    },
    {
        "date": "2020-12-08T11:27:28.112Z",
        "value": "0.5671281814575195",
        "cumulative": false
    }
]