[
    {
        "date": "2020-12-08T11:26:32.367Z",
        "value": "0.06570100784301758",
        "cumulative": false
    },
    {
        "date": "2020-12-08T11:26:34.843Z",
        "value": "0.0628514289855957",
        "cumulative": false
    },
    {
        "date": "2020-12-08T11:26:37.341Z",
        "value": "0.05923938751220703",
        "cumulative": false
    },
    {
        "date": "2020-12-08T11:26:39.898Z",
        "value": "0.05884099006652832",
        "cumulative": false
    },
    {
        "date": "2020-12-08T11:26:42.455Z",
        "value": "0.05877566337585449",
        "cumulative": false
    },
    {
        "date": "2020-12-08T11:26:44.937Z",
        "value": "0.05619382858276367",
        "cumulative": false
    },
    {
        "date": "2020-12-08T11:26:47.359Z",
        "value": "0.06510615348815918",
        "cumulative": false
    },
    {
        "date": "2020-12-08T11:26:49.889Z",
        "value": "0.0639944076538086",
        "cumulative": false
    },
    {
        "date": "2020-12-08T11:26:52.443Z",
        "value": "0.05460834503173828",
        "cumulative": false
    },
    {
        "date": "2020-12-08T11:26:54.923Z",
        "value": "0.06115365028381348",
        "cumulative": false
    },
    {
        "date": "2020-12-08T11:26:57.491Z",
        "value": "0.056972503662109375",
        "cumulative": false
    },
    {
        "date": "2020-12-08T11:27:00.006Z",
        "value": "0.06347060203552246",
        "cumulative": false
    },
    {
        "date": "2020-12-08T11:27:02.498Z",
        "value": "0.05333089828491211",
        "cumulative": false
    },
    {
        "date": "2020-12-08T11:27:04.952Z",
        "value": "0.05326485633850098",
        "cumulative": false
    },
    {
        "date": "2020-12-08T11:27:07.515Z",
        "value": "0.0596463680267334",
        "cumulative": false
    },
    {
        "date": "2020-12-08T11:27:10.039Z",
        "value": "0.052648305892944336",
        "cumulative": false
    },
    {
        "date": "2020-12-08T11:27:12.432Z",
        "value": "0.0534665584564209",
        "cumulative": false
    },
    {
        "date": "2020-12-08T11:27:14.970Z",
        "value": "0.04711747169494629",
        "cumulative": false
    },
    {
        "date": "2020-12-08T11:27:17.466Z",
        "value": "0.06155514717102051",
        "cumulative": false
    },
    {
        "date": "2020-12-08T11:27:19.914Z",
        "value": "0.06042361259460449",
        "cumulative": false
    },
    {
        "date": "2020-12-08T11:27:22.514Z",
        "value": "0.054683685302734375",
        "cumulative": false
    },
    {
        "date": "2020-12-08T11:27:24.946Z",
        "value": "0.057108163833618164",
        "cumulative": false
    },
    {
        "date": "2020-12-08T11:27:27.421Z",
        "value": "0.057564735412597656",
        "cumulative": false
    },
    {
        "date": "2020-12-08T11:27:29.983Z",
        "value": "0.05207014083862305",
        "cumulative": false
    }
]