[
    {
        "date": "2020-12-08T11:26:32.369Z",
        "value": "4.255259990692139",
        "cumulative": false
    },
    {
        "date": "2020-12-08T11:26:34.841Z",
        "value": "1.8668816089630127",
        "cumulative": false
    },
    {
        "date": "2020-12-08T11:26:37.332Z",
        "value": "1.8960726261138916",
        "cumulative": false
    },
    {
        "date": "2020-12-08T11:26:39.897Z",
        "value": "1.9086031913757324",
        "cumulative": false
    },
    {
        "date": "2020-12-08T11:26:42.450Z",
        "value": "1.9075217247009277",
        "cumulative": false
    },
    {
        "date": "2020-12-08T11:26:44.935Z",
        "value": "1.8698325157165527",
        "cumulative": false
    },
    {
        "date": "2020-12-08T11:26:47.349Z",
        "value": "1.8241569995880127",
        "cumulative": false
    },
    {
        "date": "2020-12-08T11:26:49.889Z",
        "value": "1.905689001083374",
        "cumulative": false
    },
    {
        "date": "2020-12-08T11:26:52.439Z",
        "value": "1.9015161991119385",
        "cumulative": false
    },
    {
        "date": "2020-12-08T11:26:54.928Z",
        "value": "1.8944106101989746",
        "cumulative": false
    },
    {
        "date": "2020-12-08T11:26:57.487Z",
        "value": "1.9181146621704102",
        "cumulative": false
    },
    {
        "date": "2020-12-08T11:27:00.002Z",
        "value": "1.8572721481323242",
        "cumulative": false
    },
    {
        "date": "2020-12-08T11:27:02.502Z",
        "value": "1.88246488571167",
        "cumulative": false
    },
    {
        "date": "2020-12-08T11:27:04.957Z",
        "value": "1.835076093673706",
        "cumulative": false
    },
    {
        "date": "2020-12-08T11:27:07.512Z",
        "value": "1.9355194568634033",
        "cumulative": false
    },
    {
        "date": "2020-12-08T11:27:10.043Z",
        "value": "1.9138705730438232",
        "cumulative": false
    },
    {
        "date": "2020-12-08T11:27:12.438Z",
        "value": "1.771071195602417",
        "cumulative": false
    },
    {
        "date": "2020-12-08T11:27:14.975Z",
        "value": "1.9286315441131592",
        "cumulative": false
    },
    {
        "date": "2020-12-08T11:27:17.458Z",
        "value": "1.8239953517913818",
        "cumulative": false
    },
    {
        "date": "2020-12-08T11:27:19.902Z",
        "value": "1.8408889770507812",
        "cumulative": false
    },
    {
        "date": "2020-12-08T11:27:22.502Z",
        "value": "1.9387319087982178",
        "cumulative": false
    },
    {
        "date": "2020-12-08T11:27:24.938Z",
        "value": "1.82765793800354",
        "cumulative": false
    },
    {
        "date": "2020-12-08T11:27:27.406Z",
        "value": "1.867560625076294",
        "cumulative": false
    },
    {
        "date": "2020-12-08T11:27:29.979Z",
        "value": "1.9366860389709473",
        "cumulative": false
    }
]