[
    {
        "date": "2020-12-08T11:26:30.570Z",
        "value": "2.4839677810668945",
        "cumulative": false
    },
    {
        "date": "2020-12-08T11:26:33.025Z",
        "value": "1.7152013778686523",
        "cumulative": false
    },
    {
        "date": "2020-12-08T11:26:35.536Z",
        "value": "1.581970453262329",
        "cumulative": false
    },
    {
        "date": "2020-12-08T11:26:38.064Z",
        "value": "1.2866259813308716",
        "cumulative": false
    },
    {
        "date": "2020-12-08T11:26:40.631Z",
        "value": "1.2834385633468628",
        "cumulative": false
    },
    {
        "date": "2020-12-08T11:26:43.116Z",
        "value": "1.0792027711868286",
        "cumulative": false
    },
    {
        "date": "2020-12-08T11:26:45.588Z",
        "value": "0.9686294794082642",
        "cumulative": false
    },
    {
        "date": "2020-12-08T11:26:48.087Z",
        "value": "0.9661763310432434",
        "cumulative": false
    },
    {
        "date": "2020-12-08T11:26:50.629Z",
        "value": "0.9737741351127625",
        "cumulative": false
    },
    {
        "date": "2020-12-08T11:26:53.107Z",
        "value": "0.8225682973861694",
        "cumulative": false
    },
    {
        "date": "2020-12-08T11:26:55.627Z",
        "value": "0.8624297380447388",
        "cumulative": false
    },
    {
        "date": "2020-12-08T11:26:58.240Z",
        "value": "0.8073747158050537",
        "cumulative": false
    },
    {
        "date": "2020-12-08T11:27:00.700Z",
        "value": "0.7362301349639893",
        "cumulative": false
    },
    {
        "date": "2020-12-08T11:27:03.186Z",
        "value": "0.5383034348487854",
        "cumulative": false
    },
    {
        "date": "2020-12-08T11:27:05.707Z",
        "value": "0.6574031710624695",
        "cumulative": false
    },
    {
        "date": "2020-12-08T11:27:08.192Z",
        "value": "0.4400497078895569",
        "cumulative": false
    },
    {
        "date": "2020-12-08T11:27:10.735Z",
        "value": "0.4750291705131531",
        "cumulative": false
    },
    {
        "date": "2020-12-08T11:27:13.120Z",
        "value": "0.5572013854980469",
        "cumulative": false
    },
    {
        "date": "2020-12-08T11:27:15.723Z",
        "value": "0.42827582359313965",
        "cumulative": false
    },
    {
        "date": "2020-12-08T11:27:18.135Z",
        "value": "0.47506991028785706",
        "cumulative": false
    },
    {
        "date": "2020-12-08T11:27:20.634Z",
        "value": "0.4559052586555481",
        "cumulative": false
    },
    {
        "date": "2020-12-08T11:27:23.198Z",
        "value": "0.5183642506599426",
        "cumulative": false
    },
    {
        "date": "2020-12-08T11:27:25.608Z",
        "value": "0.5175246000289917",
        "cumulative": false
    },
    {
        "date": "2020-12-08T11:27:28.115Z",
        "value": "0.30988630652427673",
        "cumulative": false
    }
]