[
    {
        "date": "2020-12-08T11:26:32.381Z",
        "value": "1.2147152423858643",
        "cumulative": false
    },
    {
        "date": "2020-12-08T11:26:34.852Z",
        "value": "1.1319830417633057",
        "cumulative": false
    },
    {
        "date": "2020-12-08T11:26:37.355Z",
        "value": "1.1765658855438232",
        "cumulative": false
    },
    {
        "date": "2020-12-08T11:26:39.917Z",
        "value": "1.2277209758758545",
        "cumulative": false
    },
    {
        "date": "2020-12-08T11:26:42.480Z",
        "value": "1.1617176532745361",
        "cumulative": false
    },
    {
        "date": "2020-12-08T11:26:44.956Z",
        "value": "1.155489444732666",
        "cumulative": false
    },
    {
        "date": "2020-12-08T11:26:47.373Z",
        "value": "1.1524546146392822",
        "cumulative": false
    },
    {
        "date": "2020-12-08T11:26:49.919Z",
        "value": "1.1630127429962158",
        "cumulative": false
    },
    {
        "date": "2020-12-08T11:26:52.450Z",
        "value": "1.1337878704071045",
        "cumulative": false
    },
    {
        "date": "2020-12-08T11:26:54.944Z",
        "value": "1.1105401515960693",
        "cumulative": false
    },
    {
        "date": "2020-12-08T11:26:57.508Z",
        "value": "1.1381826400756836",
        "cumulative": false
    },
    {
        "date": "2020-12-08T11:27:00.029Z",
        "value": "1.1507811546325684",
        "cumulative": false
    },
    {
        "date": "2020-12-08T11:27:02.518Z",
        "value": "1.1574907302856445",
        "cumulative": false
    },
    {
        "date": "2020-12-08T11:27:04.966Z",
        "value": "1.0832343101501465",
        "cumulative": false
    },
    {
        "date": "2020-12-08T11:27:07.533Z",
        "value": "1.163315773010254",
        "cumulative": false
    },
    {
        "date": "2020-12-08T11:27:10.067Z",
        "value": "1.0948762893676758",
        "cumulative": false
    },
    {
        "date": "2020-12-08T11:27:12.453Z",
        "value": "1.0686819553375244",
        "cumulative": false
    },
    {
        "date": "2020-12-08T11:27:15.001Z",
        "value": "1.1555664539337158",
        "cumulative": false
    },
    {
        "date": "2020-12-08T11:27:17.479Z",
        "value": "1.0695462226867676",
        "cumulative": false
    },
    {
        "date": "2020-12-08T11:27:19.929Z",
        "value": "1.1423563957214355",
        "cumulative": false
    },
    {
        "date": "2020-12-08T11:27:22.521Z",
        "value": "1.1344473361968994",
        "cumulative": false
    },
    {
        "date": "2020-12-08T11:27:24.970Z",
        "value": "1.1091840267181396",
        "cumulative": false
    },
    {
        "date": "2020-12-08T11:27:27.430Z",
        "value": "1.1571767330169678",
        "cumulative": false
    },
    {
        "date": "2020-12-08T11:27:30.009Z",
        "value": "1.195188045501709",
        "cumulative": false
    }
]