[
    {
        "date": "2020-12-08T11:26:32.363Z",
        "value": "2.2922229766845703",
        "cumulative": false
    },
    {
        "date": "2020-12-08T11:26:34.826Z",
        "value": "0.26442670822143555",
        "cumulative": false
    },
    {
        "date": "2020-12-08T11:26:37.326Z",
        "value": "0.24420857429504395",
        "cumulative": false
    },
    {
        "date": "2020-12-08T11:26:39.890Z",
        "value": "0.254596471786499",
        "cumulative": false
    },
    {
        "date": "2020-12-08T11:26:42.442Z",
        "value": "0.27241086959838867",
        "cumulative": false
    },
    {
        "date": "2020-12-08T11:26:44.927Z",
        "value": "0.2518439292907715",
        "cumulative": false
    },
    {
        "date": "2020-12-08T11:26:47.349Z",
        "value": "0.2650270462036133",
        "cumulative": false
    },
    {
        "date": "2020-12-08T11:26:49.891Z",
        "value": "0.2869265079498291",
        "cumulative": false
    },
    {
        "date": "2020-12-08T11:26:52.429Z",
        "value": "0.24954986572265625",
        "cumulative": false
    },
    {
        "date": "2020-12-08T11:26:54.919Z",
        "value": "0.2561991214752197",
        "cumulative": false
    },
    {
        "date": "2020-12-08T11:26:57.488Z",
        "value": "0.30132365226745605",
        "cumulative": false
    },
    {
        "date": "2020-12-08T11:26:59.996Z",
        "value": "0.24231481552124023",
        "cumulative": false
    },
    {
        "date": "2020-12-08T11:27:02.489Z",
        "value": "0.25168442726135254",
        "cumulative": false
    },
    {
        "date": "2020-12-08T11:27:04.937Z",
        "value": "0.25771069526672363",
        "cumulative": false
    },
    {
        "date": "2020-12-08T11:27:07.507Z",
        "value": "0.2507600784301758",
        "cumulative": false
    },
    {
        "date": "2020-12-08T11:27:10.035Z",
        "value": "0.2650120258331299",
        "cumulative": false
    },
    {
        "date": "2020-12-08T11:27:12.428Z",
        "value": "0.23435115814208984",
        "cumulative": false
    },
    {
        "date": "2020-12-08T11:27:14.962Z",
        "value": "0.2599978446960449",
        "cumulative": false
    },
    {
        "date": "2020-12-08T11:27:17.449Z",
        "value": "0.269989013671875",
        "cumulative": false
    },
    {
        "date": "2020-12-08T11:27:19.898Z",
        "value": "0.2623629570007324",
        "cumulative": false
    },
    {
        "date": "2020-12-08T11:27:22.497Z",
        "value": "0.2437758445739746",
        "cumulative": false
    },
    {
        "date": "2020-12-08T11:27:24.932Z",
        "value": "0.28020453453063965",
        "cumulative": false
    },
    {
        "date": "2020-12-08T11:27:27.402Z",
        "value": "0.26365065574645996",
        "cumulative": false
    },
    {
        "date": "2020-12-08T11:27:29.966Z",
        "value": "0.2739722728729248",
        "cumulative": false
    }
]