[
    {
        "date": "2020-12-08T11:26:30.569Z",
        "value": "2.6124460697174072",
        "cumulative": false
    },
    {
        "date": "2020-12-08T11:26:33.023Z",
        "value": "1.7755439281463623",
        "cumulative": false
    },
    {
        "date": "2020-12-08T11:26:35.540Z",
        "value": "1.3865514993667603",
        "cumulative": false
    },
    {
        "date": "2020-12-08T11:26:38.062Z",
        "value": "1.3930965662002563",
        "cumulative": false
    },
    {
        "date": "2020-12-08T11:26:40.635Z",
        "value": "1.1838726997375488",
        "cumulative": false
    },
    {
        "date": "2020-12-08T11:26:43.113Z",
        "value": "1.2327407598495483",
        "cumulative": false
    },
    {
        "date": "2020-12-08T11:26:45.586Z",
        "value": "0.9733266830444336",
        "cumulative": false
    },
    {
        "date": "2020-12-08T11:26:48.085Z",
        "value": "0.8377633094787598",
        "cumulative": false
    },
    {
        "date": "2020-12-08T11:26:50.627Z",
        "value": "0.8116862773895264",
        "cumulative": false
    },
    {
        "date": "2020-12-08T11:26:53.106Z",
        "value": "0.9350854754447937",
        "cumulative": false
    },
    {
        "date": "2020-12-08T11:26:55.624Z",
        "value": "0.7757272720336914",
        "cumulative": false
    },
    {
        "date": "2020-12-08T11:26:58.248Z",
        "value": "0.7577050924301147",
        "cumulative": false
    },
    {
        "date": "2020-12-08T11:27:00.702Z",
        "value": "0.6942539811134338",
        "cumulative": false
    },
    {
        "date": "2020-12-08T11:27:03.184Z",
        "value": "0.6025720834732056",
        "cumulative": false
    },
    {
        "date": "2020-12-08T11:27:05.712Z",
        "value": "0.5863414406776428",
        "cumulative": false
    },
    {
        "date": "2020-12-08T11:27:08.190Z",
        "value": "0.7597619295120239",
        "cumulative": false
    },
    {
        "date": "2020-12-08T11:27:10.732Z",
        "value": "0.5661453008651733",
        "cumulative": false
    },
    {
        "date": "2020-12-08T11:27:13.119Z",
        "value": "0.7538527846336365",
        "cumulative": false
    },
    {
        "date": "2020-12-08T11:27:15.727Z",
        "value": "0.45080500841140747",
        "cumulative": false
    },
    {
        "date": "2020-12-08T11:27:18.135Z",
        "value": "0.5855014324188232",
        "cumulative": false
    },
    {
        "date": "2020-12-08T11:27:20.637Z",
        "value": "0.6413256525993347",
        "cumulative": false
    },
    {
        "date": "2020-12-08T11:27:23.196Z",
        "value": "0.5321698188781738",
        "cumulative": false
    },
    {
        "date": "2020-12-08T11:27:25.607Z",
        "value": "0.3563968539237976",
        "cumulative": false
    },
    {
        "date": "2020-12-08T11:27:28.115Z",
        "value": "0.45093411207199097",
        "cumulative": false
    }
]