[
    {
        "date": "2020-12-08T11:26:32.365Z",
        "value": "2.3945815563201904",
        "cumulative": false
    },
    {
        "date": "2020-12-08T11:26:34.827Z",
        "value": "0.2310018539428711",
        "cumulative": false
    },
    {
        "date": "2020-12-08T11:26:37.329Z",
        "value": "0.23314189910888672",
        "cumulative": false
    },
    {
        "date": "2020-12-08T11:26:39.905Z",
        "value": "0.21685791015625",
        "cumulative": false
    },
    {
        "date": "2020-12-08T11:26:42.450Z",
        "value": "0.22630524635314941",
        "cumulative": false
    },
    {
        "date": "2020-12-08T11:26:44.938Z",
        "value": "0.24303627014160156",
        "cumulative": false
    },
    {
        "date": "2020-12-08T11:26:47.359Z",
        "value": "0.24632787704467773",
        "cumulative": false
    },
    {
        "date": "2020-12-08T11:26:49.887Z",
        "value": "0.22561430931091309",
        "cumulative": false
    },
    {
        "date": "2020-12-08T11:26:52.432Z",
        "value": "0.22321557998657227",
        "cumulative": false
    },
    {
        "date": "2020-12-08T11:26:54.926Z",
        "value": "0.24618816375732422",
        "cumulative": false
    },
    {
        "date": "2020-12-08T11:26:57.493Z",
        "value": "0.2775893211364746",
        "cumulative": false
    },
    {
        "date": "2020-12-08T11:26:59.999Z",
        "value": "0.22902178764343262",
        "cumulative": false
    },
    {
        "date": "2020-12-08T11:27:02.493Z",
        "value": "0.2277381420135498",
        "cumulative": false
    },
    {
        "date": "2020-12-08T11:27:04.956Z",
        "value": "0.23638272285461426",
        "cumulative": false
    },
    {
        "date": "2020-12-08T11:27:07.519Z",
        "value": "0.25138020515441895",
        "cumulative": false
    },
    {
        "date": "2020-12-08T11:27:10.047Z",
        "value": "0.23185467720031738",
        "cumulative": false
    },
    {
        "date": "2020-12-08T11:27:12.434Z",
        "value": "0.21065926551818848",
        "cumulative": false
    },
    {
        "date": "2020-12-08T11:27:14.967Z",
        "value": "0.22314834594726562",
        "cumulative": false
    },
    {
        "date": "2020-12-08T11:27:17.454Z",
        "value": "0.229506254196167",
        "cumulative": false
    },
    {
        "date": "2020-12-08T11:27:19.903Z",
        "value": "0.21595120429992676",
        "cumulative": false
    },
    {
        "date": "2020-12-08T11:27:22.504Z",
        "value": "0.20044398307800293",
        "cumulative": false
    },
    {
        "date": "2020-12-08T11:27:24.944Z",
        "value": "0.2255237102508545",
        "cumulative": false
    },
    {
        "date": "2020-12-08T11:27:27.406Z",
        "value": "0.2282724380493164",
        "cumulative": false
    },
    {
        "date": "2020-12-08T11:27:29.971Z",
        "value": "0.21370530128479004",
        "cumulative": false
    }
]