[
    {
        "date": "2020-12-08T11:26:32.363Z",
        "value": "0.06517744064331055",
        "cumulative": false
    },
    {
        "date": "2020-12-08T11:26:34.829Z",
        "value": "0.05872225761413574",
        "cumulative": false
    },
    {
        "date": "2020-12-08T11:26:37.333Z",
        "value": "0.060347557067871094",
        "cumulative": false
    },
    {
        "date": "2020-12-08T11:26:39.893Z",
        "value": "0.06142306327819824",
        "cumulative": false
    },
    {
        "date": "2020-12-08T11:26:42.449Z",
        "value": "0.06103014945983887",
        "cumulative": false
    },
    {
        "date": "2020-12-08T11:26:44.933Z",
        "value": "0.06487059593200684",
        "cumulative": false
    },
    {
        "date": "2020-12-08T11:26:47.354Z",
        "value": "0.07792854309082031",
        "cumulative": false
    },
    {
        "date": "2020-12-08T11:26:49.886Z",
        "value": "0.06012225151062012",
        "cumulative": false
    },
    {
        "date": "2020-12-08T11:26:52.433Z",
        "value": "0.057677268981933594",
        "cumulative": false
    },
    {
        "date": "2020-12-08T11:26:54.924Z",
        "value": "0.06233477592468262",
        "cumulative": false
    },
    {
        "date": "2020-12-08T11:26:57.486Z",
        "value": "0.06412744522094727",
        "cumulative": false
    },
    {
        "date": "2020-12-08T11:27:00.004Z",
        "value": "0.05742001533508301",
        "cumulative": false
    },
    {
        "date": "2020-12-08T11:27:02.506Z",
        "value": "0.05869626998901367",
        "cumulative": false
    },
    {
        "date": "2020-12-08T11:27:04.953Z",
        "value": "0.06106448173522949",
        "cumulative": false
    },
    {
        "date": "2020-12-08T11:27:07.512Z",
        "value": "0.06899452209472656",
        "cumulative": false
    },
    {
        "date": "2020-12-08T11:27:10.042Z",
        "value": "0.061072349548339844",
        "cumulative": false
    },
    {
        "date": "2020-12-08T11:27:12.431Z",
        "value": "0.0632028579711914",
        "cumulative": false
    },
    {
        "date": "2020-12-08T11:27:14.980Z",
        "value": "0.06484413146972656",
        "cumulative": false
    },
    {
        "date": "2020-12-08T11:27:17.462Z",
        "value": "0.06518912315368652",
        "cumulative": false
    },
    {
        "date": "2020-12-08T11:27:19.913Z",
        "value": "0.053688764572143555",
        "cumulative": false
    },
    {
        "date": "2020-12-08T11:27:22.500Z",
        "value": "0.06322407722473145",
        "cumulative": false
    },
    {
        "date": "2020-12-08T11:27:24.943Z",
        "value": "0.06797981262207031",
        "cumulative": false
    },
    {
        "date": "2020-12-08T11:27:27.411Z",
        "value": "0.0590512752532959",
        "cumulative": false
    },
    {
        "date": "2020-12-08T11:27:29.980Z",
        "value": "0.06622028350830078",
        "cumulative": false
    }
]