[
    {
        "date": "2020-12-08T11:26:30.571Z",
        "value": "11.71875",
        "cumulative": false
    },
    {
        "date": "2020-12-08T11:26:33.024Z",
        "value": "32.8125",
        "cumulative": false
    },
    {
        "date": "2020-12-08T11:26:35.539Z",
        "value": "39.0625",
        "cumulative": false
    },
    {
        "date": "2020-12-08T11:26:38.063Z",
        "value": "52.34375",
        "cumulative": false
    },
    {
        "date": "2020-12-08T11:26:40.630Z",
        "value": "53.90625",
        "cumulative": false
    },
    {
        "date": "2020-12-08T11:26:43.119Z",
        "value": "61.71875",
        "cumulative": false
    },
    {
        "date": "2020-12-08T11:26:45.589Z",
        "value": "58.59375",
        "cumulative": false
    },
    {
        "date": "2020-12-08T11:26:48.086Z",
        "value": "71.875",
        "cumulative": false
    },
    {
        "date": "2020-12-08T11:26:50.630Z",
        "value": "67.96875",
        "cumulative": false
    },
    {
        "date": "2020-12-08T11:26:53.106Z",
        "value": "73.4375",
        "cumulative": false
    },
    {
        "date": "2020-12-08T11:26:55.625Z",
        "value": "72.65625",
        "cumulative": false
    },
    {
        "date": "2020-12-08T11:26:58.248Z",
        "value": "71.875",
        "cumulative": false
    },
    {
        "date": "2020-12-08T11:27:00.701Z",
        "value": "75.0",
        "cumulative": false
    },
    {
        "date": "2020-12-08T11:27:03.186Z",
        "value": "74.21875",
        "cumulative": false
    },
    {
        "date": "2020-12-08T11:27:05.711Z",
        "value": "72.65625",
        "cumulative": false
    },
    {
        "date": "2020-12-08T11:27:08.191Z",
        "value": "75.78125",
        "cumulative": false
    },
    {
        "date": "2020-12-08T11:27:10.733Z",
        "value": "76.5625",
        "cumulative": false
    },
    {
        "date": "2020-12-08T11:27:13.119Z",
        "value": "78.125",
        "cumulative": false
    },
    {
        "date": "2020-12-08T11:27:15.722Z",
        "value": "75.78125",
        "cumulative": false
    },
    {
        "date": "2020-12-08T11:27:18.135Z",
        "value": "78.125",
        "cumulative": false
    },
    {
        "date": "2020-12-08T11:27:20.635Z",
        "value": "82.03125",
        "cumulative": false
    },
    {
        "date": "2020-12-08T11:27:23.196Z",
        "value": "81.25",
        "cumulative": false
    },
    {
        "date": "2020-12-08T11:27:25.608Z",
        "value": "83.59375",
        "cumulative": false
    },
    {
        "date": "2020-12-08T11:27:28.118Z",
        "value": "82.03125",
        "cumulative": false
    }
]