[
    {
        "date": "2020-12-08T11:26:32.381Z",
        "value": "2.754197120666504",
        "cumulative": false
    },
    {
        "date": "2020-12-08T11:26:34.852Z",
        "value": "0.3373274803161621",
        "cumulative": false
    },
    {
        "date": "2020-12-08T11:26:37.355Z",
        "value": "0.330524206161499",
        "cumulative": false
    },
    {
        "date": "2020-12-08T11:26:39.917Z",
        "value": "0.30779027938842773",
        "cumulative": false
    },
    {
        "date": "2020-12-08T11:26:42.480Z",
        "value": "0.3347766399383545",
        "cumulative": false
    },
    {
        "date": "2020-12-08T11:26:44.956Z",
        "value": "0.33663225173950195",
        "cumulative": false
    },
    {
        "date": "2020-12-08T11:26:47.373Z",
        "value": "0.3219733238220215",
        "cumulative": false
    },
    {
        "date": "2020-12-08T11:26:49.919Z",
        "value": "0.32794666290283203",
        "cumulative": false
    },
    {
        "date": "2020-12-08T11:26:52.450Z",
        "value": "0.3376765251159668",
        "cumulative": false
    },
    {
        "date": "2020-12-08T11:26:54.944Z",
        "value": "0.3873434066772461",
        "cumulative": false
    },
    {
        "date": "2020-12-08T11:26:57.508Z",
        "value": "0.3511843681335449",
        "cumulative": false
    },
    {
        "date": "2020-12-08T11:27:00.029Z",
        "value": "0.3162715435028076",
        "cumulative": false
    },
    {
        "date": "2020-12-08T11:27:02.518Z",
        "value": "0.33840417861938477",
        "cumulative": false
    },
    {
        "date": "2020-12-08T11:27:04.966Z",
        "value": "0.35778331756591797",
        "cumulative": false
    },
    {
        "date": "2020-12-08T11:27:07.533Z",
        "value": "0.32096362113952637",
        "cumulative": false
    },
    {
        "date": "2020-12-08T11:27:10.067Z",
        "value": "0.3853147029876709",
        "cumulative": false
    },
    {
        "date": "2020-12-08T11:27:12.453Z",
        "value": "0.3130834102630615",
        "cumulative": false
    },
    {
        "date": "2020-12-08T11:27:15.001Z",
        "value": "0.3598363399505615",
        "cumulative": false
    },
    {
        "date": "2020-12-08T11:27:17.479Z",
        "value": "0.3634829521179199",
        "cumulative": false
    },
    {
        "date": "2020-12-08T11:27:19.929Z",
        "value": "0.32234692573547363",
        "cumulative": false
    },
    {
        "date": "2020-12-08T11:27:22.521Z",
        "value": "0.34337449073791504",
        "cumulative": false
    },
    {
        "date": "2020-12-08T11:27:24.970Z",
        "value": "0.33007168769836426",
        "cumulative": false
    },
    {
        "date": "2020-12-08T11:27:27.430Z",
        "value": "0.3317382335662842",
        "cumulative": false
    },
    {
        "date": "2020-12-08T11:27:30.009Z",
        "value": "0.34456944465637207",
        "cumulative": false
    }
]