[
    {
        "date": "2020-12-08T11:26:32.360Z",
        "value": "1.7880847454071045",
        "cumulative": false
    },
    {
        "date": "2020-12-08T11:26:34.820Z",
        "value": "1.4708693027496338",
        "cumulative": false
    },
    {
        "date": "2020-12-08T11:26:37.332Z",
        "value": "1.5354325771331787",
        "cumulative": false
    },
    {
        "date": "2020-12-08T11:26:39.894Z",
        "value": "1.5165092945098877",
        "cumulative": false
    },
    {
        "date": "2020-12-08T11:26:42.446Z",
        "value": "1.5143439769744873",
        "cumulative": false
    },
    {
        "date": "2020-12-08T11:26:44.931Z",
        "value": "1.473686933517456",
        "cumulative": false
    },
    {
        "date": "2020-12-08T11:26:47.343Z",
        "value": "1.425175428390503",
        "cumulative": false
    },
    {
        "date": "2020-12-08T11:26:49.880Z",
        "value": "1.519038438796997",
        "cumulative": false
    },
    {
        "date": "2020-12-08T11:26:52.441Z",
        "value": "1.5013947486877441",
        "cumulative": false
    },
    {
        "date": "2020-12-08T11:26:54.911Z",
        "value": "1.4737777709960938",
        "cumulative": false
    },
    {
        "date": "2020-12-08T11:26:57.482Z",
        "value": "1.5027885437011719",
        "cumulative": false
    },
    {
        "date": "2020-12-08T11:26:59.999Z",
        "value": "1.4455666542053223",
        "cumulative": false
    },
    {
        "date": "2020-12-08T11:27:02.488Z",
        "value": "1.469689130783081",
        "cumulative": false
    },
    {
        "date": "2020-12-08T11:27:04.940Z",
        "value": "1.441481590270996",
        "cumulative": false
    },
    {
        "date": "2020-12-08T11:27:07.512Z",
        "value": "1.5547618865966797",
        "cumulative": false
    },
    {
        "date": "2020-12-08T11:27:10.034Z",
        "value": "1.5587170124053955",
        "cumulative": false
    },
    {
        "date": "2020-12-08T11:27:12.431Z",
        "value": "1.3764441013336182",
        "cumulative": false
    },
    {
        "date": "2020-12-08T11:27:14.969Z",
        "value": "1.5359294414520264",
        "cumulative": false
    },
    {
        "date": "2020-12-08T11:27:17.449Z",
        "value": "1.4253578186035156",
        "cumulative": false
    },
    {
        "date": "2020-12-08T11:27:19.905Z",
        "value": "1.4605095386505127",
        "cumulative": false
    },
    {
        "date": "2020-12-08T11:27:22.495Z",
        "value": "1.5770542621612549",
        "cumulative": false
    },
    {
        "date": "2020-12-08T11:27:24.932Z",
        "value": "1.3701047897338867",
        "cumulative": false
    },
    {
        "date": "2020-12-08T11:27:27.400Z",
        "value": "1.485576868057251",
        "cumulative": false
    },
    {
        "date": "2020-12-08T11:27:29.969Z",
        "value": "1.536259651184082",
        "cumulative": false
    }
]