[
    {
        "date": "2020-12-08T11:26:32.360Z",
        "value": "0.05791759490966797",
        "cumulative": false
    },
    {
        "date": "2020-12-08T11:26:34.831Z",
        "value": "0.05264115333557129",
        "cumulative": false
    },
    {
        "date": "2020-12-08T11:26:37.332Z",
        "value": "0.05144238471984863",
        "cumulative": false
    },
    {
        "date": "2020-12-08T11:26:39.898Z",
        "value": "0.04510068893432617",
        "cumulative": false
    },
    {
        "date": "2020-12-08T11:26:42.451Z",
        "value": "0.04459810256958008",
        "cumulative": false
    },
    {
        "date": "2020-12-08T11:26:44.931Z",
        "value": "0.05194211006164551",
        "cumulative": false
    },
    {
        "date": "2020-12-08T11:26:47.344Z",
        "value": "0.06471657752990723",
        "cumulative": false
    },
    {
        "date": "2020-12-08T11:26:49.885Z",
        "value": "0.052649736404418945",
        "cumulative": false
    },
    {
        "date": "2020-12-08T11:26:52.433Z",
        "value": "0.0460209846496582",
        "cumulative": false
    },
    {
        "date": "2020-12-08T11:26:54.912Z",
        "value": "0.05436348915100098",
        "cumulative": false
    },
    {
        "date": "2020-12-08T11:26:57.481Z",
        "value": "0.06812477111816406",
        "cumulative": false
    },
    {
        "date": "2020-12-08T11:26:59.996Z",
        "value": "0.0507655143737793",
        "cumulative": false
    },
    {
        "date": "2020-12-08T11:27:02.490Z",
        "value": "0.05047774314880371",
        "cumulative": false
    },
    {
        "date": "2020-12-08T11:27:04.945Z",
        "value": "0.05322909355163574",
        "cumulative": false
    },
    {
        "date": "2020-12-08T11:27:07.506Z",
        "value": "0.050260066986083984",
        "cumulative": false
    },
    {
        "date": "2020-12-08T11:27:10.033Z",
        "value": "0.04865837097167969",
        "cumulative": false
    },
    {
        "date": "2020-12-08T11:27:12.425Z",
        "value": "0.049118757247924805",
        "cumulative": false
    },
    {
        "date": "2020-12-08T11:27:14.962Z",
        "value": "0.051351308822631836",
        "cumulative": false
    },
    {
        "date": "2020-12-08T11:27:17.449Z",
        "value": "0.05021810531616211",
        "cumulative": false
    },
    {
        "date": "2020-12-08T11:27:19.905Z",
        "value": "0.04778003692626953",
        "cumulative": false
    },
    {
        "date": "2020-12-08T11:27:22.497Z",
        "value": "0.04523777961730957",
        "cumulative": false
    },
    {
        "date": "2020-12-08T11:27:24.940Z",
        "value": "0.05590510368347168",
        "cumulative": false
    },
    {
        "date": "2020-12-08T11:27:27.408Z",
        "value": "0.045546770095825195",
        "cumulative": false
    },
    {
        "date": "2020-12-08T11:27:29.967Z",
        "value": "0.0436553955078125",
        "cumulative": false
    }
]