[
    {
        "date": "2020-12-08T10:57:12.993Z",
        "value": "3.1970529556274414",
        "cumulative": false
    },
    {
        "date": "2020-12-08T10:57:19.133Z",
        "value": "2.691782236099243",
        "cumulative": false
    },
    {
        "date": "2020-12-08T10:57:25.087Z",
        "value": "2.648097038269043",
        "cumulative": false
    },
    {
        "date": "2020-12-08T10:57:31.304Z",
        "value": "2.950080633163452",
        "cumulative": false
    },
    {
        "date": "2020-12-08T10:57:37.262Z",
        "value": "2.6755168437957764",
        "cumulative": false
    },
    {
        "date": "2020-12-08T10:57:43.369Z",
        "value": "2.7937283515930176",
        "cumulative": false
    },
    {
        "date": "2020-12-08T10:57:49.369Z",
        "value": "2.651254177093506",
        "cumulative": false
    },
    {
        "date": "2020-12-08T10:57:55.456Z",
        "value": "2.76364803314209",
        "cumulative": false
    },
    {
        "date": "2020-12-08T10:58:01.517Z",
        "value": "2.835571765899658",
        "cumulative": false
    },
    {
        "date": "2020-12-08T10:58:07.517Z",
        "value": "2.7461419105529785",
        "cumulative": false
    }
]