[
    {
        "date": "2020-12-08T10:57:12.987Z",
        "value": "0.23625993728637695",
        "cumulative": false
    },
    {
        "date": "2020-12-08T10:57:19.133Z",
        "value": "0.25695037841796875",
        "cumulative": false
    },
    {
        "date": "2020-12-08T10:57:25.083Z",
        "value": "0.23798084259033203",
        "cumulative": false
    },
    {
        "date": "2020-12-08T10:57:31.304Z",
        "value": "0.24442076683044434",
        "cumulative": false
    },
    {
        "date": "2020-12-08T10:57:37.258Z",
        "value": "0.2471468448638916",
        "cumulative": false
    },
    {
        "date": "2020-12-08T10:57:43.360Z",
        "value": "0.24098896980285645",
        "cumulative": false
    },
    {
        "date": "2020-12-08T10:57:49.357Z",
        "value": "0.24682974815368652",
        "cumulative": false
    },
    {
        "date": "2020-12-08T10:57:55.460Z",
        "value": "0.24831223487854004",
        "cumulative": false
    },
    {
        "date": "2020-12-08T10:58:01.523Z",
        "value": "0.24417757987976074",
        "cumulative": false
    },
    {
        "date": "2020-12-08T10:58:07.517Z",
        "value": "0.24643421173095703",
        "cumulative": false
    }
]