[
    {
        "date": "2020-12-08T10:57:12.993Z",
        "value": "0.048664093017578125",
        "cumulative": false
    },
    {
        "date": "2020-12-08T10:57:19.132Z",
        "value": "0.0603795051574707",
        "cumulative": false
    },
    {
        "date": "2020-12-08T10:57:25.086Z",
        "value": "0.038381338119506836",
        "cumulative": false
    },
    {
        "date": "2020-12-08T10:57:31.304Z",
        "value": "0.04214358329772949",
        "cumulative": false
    },
    {
        "date": "2020-12-08T10:57:37.262Z",
        "value": "0.04520463943481445",
        "cumulative": false
    },
    {
        "date": "2020-12-08T10:57:43.369Z",
        "value": "0.047081708908081055",
        "cumulative": false
    },
    {
        "date": "2020-12-08T10:57:49.369Z",
        "value": "0.04605603218078613",
        "cumulative": false
    },
    {
        "date": "2020-12-08T10:57:55.456Z",
        "value": "0.04973196983337402",
        "cumulative": false
    },
    {
        "date": "2020-12-08T10:58:01.516Z",
        "value": "0.0415799617767334",
        "cumulative": false
    },
    {
        "date": "2020-12-08T10:58:07.517Z",
        "value": "0.050766706466674805",
        "cumulative": false
    }
]