[
    {
        "date": "2020-12-08T10:57:13.006Z",
        "value": "0.02187800407409668",
        "cumulative": false
    },
    {
        "date": "2020-12-08T10:57:19.135Z",
        "value": "0.024153470993041992",
        "cumulative": false
    },
    {
        "date": "2020-12-08T10:57:25.098Z",
        "value": "0.022407054901123047",
        "cumulative": false
    },
    {
        "date": "2020-12-08T10:57:31.322Z",
        "value": "0.02327728271484375",
        "cumulative": false
    },
    {
        "date": "2020-12-08T10:57:37.266Z",
        "value": "0.02180790901184082",
        "cumulative": false
    },
    {
        "date": "2020-12-08T10:57:43.388Z",
        "value": "0.023899078369140625",
        "cumulative": false
    },
    {
        "date": "2020-12-08T10:57:49.377Z",
        "value": "0.021763324737548828",
        "cumulative": false
    },
    {
        "date": "2020-12-08T10:57:55.463Z",
        "value": "0.02338409423828125",
        "cumulative": false
    },
    {
        "date": "2020-12-08T10:58:01.521Z",
        "value": "0.022977113723754883",
        "cumulative": false
    },
    {
        "date": "2020-12-08T10:58:07.526Z",
        "value": "0.025526762008666992",
        "cumulative": false
    }
]