[
    {
        "date": "2020-12-08T10:57:12.986Z",
        "value": "0.48977231979370117",
        "cumulative": false
    },
    {
        "date": "2020-12-08T10:57:19.131Z",
        "value": "0.47028493881225586",
        "cumulative": false
    },
    {
        "date": "2020-12-08T10:57:25.081Z",
        "value": "0.5275421142578125",
        "cumulative": false
    },
    {
        "date": "2020-12-08T10:57:31.300Z",
        "value": "0.4839291572570801",
        "cumulative": false
    },
    {
        "date": "2020-12-08T10:57:37.255Z",
        "value": "0.5057847499847412",
        "cumulative": false
    },
    {
        "date": "2020-12-08T10:57:43.356Z",
        "value": "0.4635298252105713",
        "cumulative": false
    },
    {
        "date": "2020-12-08T10:57:49.351Z",
        "value": "0.4701371192932129",
        "cumulative": false
    },
    {
        "date": "2020-12-08T10:57:55.455Z",
        "value": "0.5176069736480713",
        "cumulative": false
    },
    {
        "date": "2020-12-08T10:58:01.510Z",
        "value": "0.5015144348144531",
        "cumulative": false
    },
    {
        "date": "2020-12-08T10:58:07.526Z",
        "value": "0.48467087745666504",
        "cumulative": false
    }
]