[
    {
        "date": "2020-12-08T10:57:12.987Z",
        "value": "0.058936357498168945",
        "cumulative": false
    },
    {
        "date": "2020-12-08T10:57:19.133Z",
        "value": "0.06422781944274902",
        "cumulative": false
    },
    {
        "date": "2020-12-08T10:57:25.083Z",
        "value": "0.06011509895324707",
        "cumulative": false
    },
    {
        "date": "2020-12-08T10:57:31.304Z",
        "value": "0.061811208724975586",
        "cumulative": false
    },
    {
        "date": "2020-12-08T10:57:37.258Z",
        "value": "0.05952620506286621",
        "cumulative": false
    },
    {
        "date": "2020-12-08T10:57:43.360Z",
        "value": "0.05692744255065918",
        "cumulative": false
    },
    {
        "date": "2020-12-08T10:57:49.357Z",
        "value": "0.0601348876953125",
        "cumulative": false
    },
    {
        "date": "2020-12-08T10:57:55.460Z",
        "value": "0.06111288070678711",
        "cumulative": false
    },
    {
        "date": "2020-12-08T10:58:01.523Z",
        "value": "0.059447526931762695",
        "cumulative": false
    },
    {
        "date": "2020-12-08T10:58:07.517Z",
        "value": "0.05759429931640625",
        "cumulative": false
    }
]