[
    {
        "date": "2020-12-08T10:57:13.006Z",
        "value": "0.07028627395629883",
        "cumulative": false
    },
    {
        "date": "2020-12-08T10:57:19.135Z",
        "value": "0.08785724639892578",
        "cumulative": false
    },
    {
        "date": "2020-12-08T10:57:25.098Z",
        "value": "0.07670450210571289",
        "cumulative": false
    },
    {
        "date": "2020-12-08T10:57:31.322Z",
        "value": "0.0751042366027832",
        "cumulative": false
    },
    {
        "date": "2020-12-08T10:57:37.266Z",
        "value": "0.08411550521850586",
        "cumulative": false
    },
    {
        "date": "2020-12-08T10:57:43.388Z",
        "value": "0.07296895980834961",
        "cumulative": false
    },
    {
        "date": "2020-12-08T10:57:49.377Z",
        "value": "0.07609105110168457",
        "cumulative": false
    },
    {
        "date": "2020-12-08T10:57:55.463Z",
        "value": "0.08071374893188477",
        "cumulative": false
    },
    {
        "date": "2020-12-08T10:58:01.521Z",
        "value": "0.0768740177154541",
        "cumulative": false
    },
    {
        "date": "2020-12-08T10:58:07.526Z",
        "value": "0.07561111450195312",
        "cumulative": false
    }
]