[
    {
        "date": "2020-12-08T10:57:07.977Z",
        "value": "50.78125",
        "cumulative": false
    },
    {
        "date": "2020-12-08T10:57:09.373Z",
        "value": "81.25",
        "cumulative": false
    },
    {
        "date": "2020-12-08T10:57:10.609Z",
        "value": "88.28125",
        "cumulative": false
    },
    {
        "date": "2020-12-08T10:57:11.867Z",
        "value": "89.0625",
        "cumulative": false
    },
    {
        "date": "2020-12-08T10:57:14.040Z",
        "value": "90.625",
        "cumulative": false
    },
    {
        "date": "2020-12-08T10:57:15.352Z",
        "value": "89.0625",
        "cumulative": false
    },
    {
        "date": "2020-12-08T10:57:16.604Z",
        "value": "86.71875",
        "cumulative": false
    },
    {
        "date": "2020-12-08T10:57:17.871Z",
        "value": "90.625",
        "cumulative": false
    },
    {
        "date": "2020-12-08T10:57:20.025Z",
        "value": "92.96875",
        "cumulative": false
    },
    {
        "date": "2020-12-08T10:57:21.303Z",
        "value": "96.875",
        "cumulative": false
    },
    {
        "date": "2020-12-08T10:57:22.529Z",
        "value": "92.96875",
        "cumulative": false
    },
    {
        "date": "2020-12-08T10:57:23.890Z",
        "value": "96.875",
        "cumulative": false
    },
    {
        "date": "2020-12-08T10:57:25.986Z",
        "value": "93.75",
        "cumulative": false
    },
    {
        "date": "2020-12-08T10:57:27.461Z",
        "value": "95.3125",
        "cumulative": false
    },
    {
        "date": "2020-12-08T10:57:28.800Z",
        "value": "95.3125",
        "cumulative": false
    },
    {
        "date": "2020-12-08T10:57:30.131Z",
        "value": "98.4375",
        "cumulative": false
    },
    {
        "date": "2020-12-08T10:57:32.194Z",
        "value": "96.09375",
        "cumulative": false
    },
    {
        "date": "2020-12-08T10:57:33.535Z",
        "value": "97.65625",
        "cumulative": false
    },
    {
        "date": "2020-12-08T10:57:34.884Z",
        "value": "97.65625",
        "cumulative": false
    },
    {
        "date": "2020-12-08T10:57:36.146Z",
        "value": "96.875",
        "cumulative": false
    },
    {
        "date": "2020-12-08T10:57:38.314Z",
        "value": "99.21875",
        "cumulative": false
    },
    {
        "date": "2020-12-08T10:57:39.660Z",
        "value": "98.4375",
        "cumulative": false
    },
    {
        "date": "2020-12-08T10:57:40.920Z",
        "value": "99.21875",
        "cumulative": false
    },
    {
        "date": "2020-12-08T10:57:42.201Z",
        "value": "97.65625",
        "cumulative": false
    },
    {
        "date": "2020-12-08T10:57:44.384Z",
        "value": "96.09375",
        "cumulative": false
    },
    {
        "date": "2020-12-08T10:57:45.674Z",
        "value": "99.21875",
        "cumulative": false
    },
    {
        "date": "2020-12-08T10:57:46.930Z",
        "value": "100.0",
        "cumulative": false
    },
    {
        "date": "2020-12-08T10:57:48.220Z",
        "value": "99.21875",
        "cumulative": false
    },
    {
        "date": "2020-12-08T10:57:50.303Z",
        "value": "98.4375",
        "cumulative": false
    },
    {
        "date": "2020-12-08T10:57:51.625Z",
        "value": "98.4375",
        "cumulative": false
    },
    {
        "date": "2020-12-08T10:57:52.931Z",
        "value": "100.0",
        "cumulative": false
    },
    {
        "date": "2020-12-08T10:57:54.265Z",
        "value": "99.21875",
        "cumulative": false
    },
    {
        "date": "2020-12-08T10:57:56.365Z",
        "value": "100.0",
        "cumulative": false
    },
    {
        "date": "2020-12-08T10:57:57.641Z",
        "value": "98.4375",
        "cumulative": false
    },
    {
        "date": "2020-12-08T10:57:59.033Z",
        "value": "99.21875",
        "cumulative": false
    },
    {
        "date": "2020-12-08T10:58:00.398Z",
        "value": "100.0",
        "cumulative": false
    },
    {
        "date": "2020-12-08T10:58:02.382Z",
        "value": "98.4375",
        "cumulative": false
    },
    {
        "date": "2020-12-08T10:58:03.759Z",
        "value": "100.0",
        "cumulative": false
    },
    {
        "date": "2020-12-08T10:58:05.077Z",
        "value": "99.21875",
        "cumulative": false
    },
    {
        "date": "2020-12-08T10:58:06.382Z",
        "value": "99.21875",
        "cumulative": false
    }
]