[
    {
        "date": "2020-12-08T10:57:12.993Z",
        "value": "0.6913177967071533",
        "cumulative": false
    },
    {
        "date": "2020-12-08T10:57:19.132Z",
        "value": "0.7079806327819824",
        "cumulative": false
    },
    {
        "date": "2020-12-08T10:57:25.087Z",
        "value": "0.689124345779419",
        "cumulative": false
    },
    {
        "date": "2020-12-08T10:57:31.304Z",
        "value": "0.6611118316650391",
        "cumulative": false
    },
    {
        "date": "2020-12-08T10:57:37.262Z",
        "value": "0.6703426837921143",
        "cumulative": false
    },
    {
        "date": "2020-12-08T10:57:43.369Z",
        "value": "0.6537373065948486",
        "cumulative": false
    },
    {
        "date": "2020-12-08T10:57:49.369Z",
        "value": "0.6674795150756836",
        "cumulative": false
    },
    {
        "date": "2020-12-08T10:57:55.456Z",
        "value": "0.7092509269714355",
        "cumulative": false
    },
    {
        "date": "2020-12-08T10:58:01.517Z",
        "value": "0.6397085189819336",
        "cumulative": false
    },
    {
        "date": "2020-12-08T10:58:07.517Z",
        "value": "0.6920115947723389",
        "cumulative": false
    }
]