[
    {
        "date": "2020-12-08T10:57:12.986Z",
        "value": "9.647748470306396",
        "cumulative": false
    },
    {
        "date": "2020-12-08T10:57:19.131Z",
        "value": "5.096103668212891",
        "cumulative": false
    },
    {
        "date": "2020-12-08T10:57:25.080Z",
        "value": "5.036743402481079",
        "cumulative": false
    },
    {
        "date": "2020-12-08T10:57:31.300Z",
        "value": "5.3199756145477295",
        "cumulative": false
    },
    {
        "date": "2020-12-08T10:57:37.255Z",
        "value": "5.064072608947754",
        "cumulative": false
    },
    {
        "date": "2020-12-08T10:57:43.356Z",
        "value": "5.105528354644775",
        "cumulative": false
    },
    {
        "date": "2020-12-08T10:57:49.351Z",
        "value": "5.000078916549683",
        "cumulative": false
    },
    {
        "date": "2020-12-08T10:57:55.455Z",
        "value": "5.130138874053955",
        "cumulative": false
    },
    {
        "date": "2020-12-08T10:58:01.510Z",
        "value": "5.143699884414673",
        "cumulative": false
    },
    {
        "date": "2020-12-08T10:58:07.526Z",
        "value": "5.141355276107788",
        "cumulative": false
    }
]