[
    {
        "date": "2020-12-08T10:57:07.972Z",
        "value": "43.75",
        "cumulative": false
    },
    {
        "date": "2020-12-08T10:57:09.368Z",
        "value": "83.59375",
        "cumulative": false
    },
    {
        "date": "2020-12-08T10:57:10.600Z",
        "value": "81.25",
        "cumulative": false
    },
    {
        "date": "2020-12-08T10:57:11.858Z",
        "value": "89.0625",
        "cumulative": false
    },
    {
        "date": "2020-12-08T10:57:14.029Z",
        "value": "86.71875",
        "cumulative": false
    },
    {
        "date": "2020-12-08T10:57:15.341Z",
        "value": "85.9375",
        "cumulative": false
    },
    {
        "date": "2020-12-08T10:57:16.599Z",
        "value": "92.1875",
        "cumulative": false
    },
    {
        "date": "2020-12-08T10:57:17.865Z",
        "value": "93.75",
        "cumulative": false
    },
    {
        "date": "2020-12-08T10:57:20.022Z",
        "value": "97.65625",
        "cumulative": false
    },
    {
        "date": "2020-12-08T10:57:21.299Z",
        "value": "96.875",
        "cumulative": false
    },
    {
        "date": "2020-12-08T10:57:22.524Z",
        "value": "95.3125",
        "cumulative": false
    },
    {
        "date": "2020-12-08T10:57:23.886Z",
        "value": "96.875",
        "cumulative": false
    },
    {
        "date": "2020-12-08T10:57:25.988Z",
        "value": "97.65625",
        "cumulative": false
    },
    {
        "date": "2020-12-08T10:57:27.455Z",
        "value": "97.65625",
        "cumulative": false
    },
    {
        "date": "2020-12-08T10:57:28.798Z",
        "value": "93.75",
        "cumulative": false
    },
    {
        "date": "2020-12-08T10:57:30.132Z",
        "value": "96.09375",
        "cumulative": false
    },
    {
        "date": "2020-12-08T10:57:32.189Z",
        "value": "96.09375",
        "cumulative": false
    },
    {
        "date": "2020-12-08T10:57:33.534Z",
        "value": "97.65625",
        "cumulative": false
    },
    {
        "date": "2020-12-08T10:57:34.875Z",
        "value": "96.09375",
        "cumulative": false
    },
    {
        "date": "2020-12-08T10:57:36.144Z",
        "value": "96.875",
        "cumulative": false
    },
    {
        "date": "2020-12-08T10:57:38.310Z",
        "value": "95.3125",
        "cumulative": false
    },
    {
        "date": "2020-12-08T10:57:39.660Z",
        "value": "98.4375",
        "cumulative": false
    },
    {
        "date": "2020-12-08T10:57:40.914Z",
        "value": "98.4375",
        "cumulative": false
    },
    {
        "date": "2020-12-08T10:57:42.192Z",
        "value": "99.21875",
        "cumulative": false
    },
    {
        "date": "2020-12-08T10:57:44.377Z",
        "value": "96.875",
        "cumulative": false
    },
    {
        "date": "2020-12-08T10:57:45.665Z",
        "value": "99.21875",
        "cumulative": false
    },
    {
        "date": "2020-12-08T10:57:46.925Z",
        "value": "98.4375",
        "cumulative": false
    },
    {
        "date": "2020-12-08T10:57:48.219Z",
        "value": "97.65625",
        "cumulative": false
    },
    {
        "date": "2020-12-08T10:57:50.307Z",
        "value": "99.21875",
        "cumulative": false
    },
    {
        "date": "2020-12-08T10:57:51.619Z",
        "value": "96.875",
        "cumulative": false
    },
    {
        "date": "2020-12-08T10:57:52.930Z",
        "value": "97.65625",
        "cumulative": false
    },
    {
        "date": "2020-12-08T10:57:54.260Z",
        "value": "96.875",
        "cumulative": false
    },
    {
        "date": "2020-12-08T10:57:56.360Z",
        "value": "96.875",
        "cumulative": false
    },
    {
        "date": "2020-12-08T10:57:57.637Z",
        "value": "98.4375",
        "cumulative": false
    },
    {
        "date": "2020-12-08T10:57:59.027Z",
        "value": "98.4375",
        "cumulative": false
    },
    {
        "date": "2020-12-08T10:58:00.393Z",
        "value": "98.4375",
        "cumulative": false
    },
    {
        "date": "2020-12-08T10:58:02.381Z",
        "value": "100.0",
        "cumulative": false
    },
    {
        "date": "2020-12-08T10:58:03.756Z",
        "value": "98.4375",
        "cumulative": false
    },
    {
        "date": "2020-12-08T10:58:05.076Z",
        "value": "98.4375",
        "cumulative": false
    },
    {
        "date": "2020-12-08T10:58:06.383Z",
        "value": "100.0",
        "cumulative": false
    }
]