[
    {
        "date": "2020-12-08T10:57:12.987Z",
        "value": "0.6130237579345703",
        "cumulative": false
    },
    {
        "date": "2020-12-08T10:57:19.133Z",
        "value": "0.6455903053283691",
        "cumulative": false
    },
    {
        "date": "2020-12-08T10:57:25.083Z",
        "value": "0.6493711471557617",
        "cumulative": false
    },
    {
        "date": "2020-12-08T10:57:31.304Z",
        "value": "0.6084918975830078",
        "cumulative": false
    },
    {
        "date": "2020-12-08T10:57:37.258Z",
        "value": "0.6247725486755371",
        "cumulative": false
    },
    {
        "date": "2020-12-08T10:57:43.360Z",
        "value": "0.6336100101470947",
        "cumulative": false
    },
    {
        "date": "2020-12-08T10:57:49.357Z",
        "value": "0.6285576820373535",
        "cumulative": false
    },
    {
        "date": "2020-12-08T10:57:55.460Z",
        "value": "0.6439836025238037",
        "cumulative": false
    },
    {
        "date": "2020-12-08T10:58:01.523Z",
        "value": "0.630333662033081",
        "cumulative": false
    },
    {
        "date": "2020-12-08T10:58:07.517Z",
        "value": "0.626990795135498",
        "cumulative": false
    }
]