[
    {
        "date": "2020-12-08T10:57:07.979Z",
        "value": "45.3125",
        "cumulative": false
    },
    {
        "date": "2020-12-08T10:57:09.373Z",
        "value": "80.46875",
        "cumulative": false
    },
    {
        "date": "2020-12-08T10:57:10.604Z",
        "value": "85.9375",
        "cumulative": false
    },
    {
        "date": "2020-12-08T10:57:11.861Z",
        "value": "92.96875",
        "cumulative": false
    },
    {
        "date": "2020-12-08T10:57:14.038Z",
        "value": "92.1875",
        "cumulative": false
    },
    {
        "date": "2020-12-08T10:57:15.350Z",
        "value": "92.96875",
        "cumulative": false
    },
    {
        "date": "2020-12-08T10:57:16.607Z",
        "value": "88.28125",
        "cumulative": false
    },
    {
        "date": "2020-12-08T10:57:17.874Z",
        "value": "89.0625",
        "cumulative": false
    },
    {
        "date": "2020-12-08T10:57:20.024Z",
        "value": "96.09375",
        "cumulative": false
    },
    {
        "date": "2020-12-08T10:57:21.303Z",
        "value": "94.53125",
        "cumulative": false
    },
    {
        "date": "2020-12-08T10:57:22.529Z",
        "value": "93.75",
        "cumulative": false
    },
    {
        "date": "2020-12-08T10:57:23.893Z",
        "value": "94.53125",
        "cumulative": false
    },
    {
        "date": "2020-12-08T10:57:25.996Z",
        "value": "97.65625",
        "cumulative": false
    },
    {
        "date": "2020-12-08T10:57:27.460Z",
        "value": "96.09375",
        "cumulative": false
    },
    {
        "date": "2020-12-08T10:57:28.802Z",
        "value": "94.53125",
        "cumulative": false
    },
    {
        "date": "2020-12-08T10:57:30.135Z",
        "value": "98.4375",
        "cumulative": false
    },
    {
        "date": "2020-12-08T10:57:32.199Z",
        "value": "98.4375",
        "cumulative": false
    },
    {
        "date": "2020-12-08T10:57:33.537Z",
        "value": "97.65625",
        "cumulative": false
    },
    {
        "date": "2020-12-08T10:57:34.881Z",
        "value": "99.21875",
        "cumulative": false
    },
    {
        "date": "2020-12-08T10:57:36.145Z",
        "value": "97.65625",
        "cumulative": false
    },
    {
        "date": "2020-12-08T10:57:38.321Z",
        "value": "97.65625",
        "cumulative": false
    },
    {
        "date": "2020-12-08T10:57:39.659Z",
        "value": "98.4375",
        "cumulative": false
    },
    {
        "date": "2020-12-08T10:57:40.919Z",
        "value": "100.0",
        "cumulative": false
    },
    {
        "date": "2020-12-08T10:57:42.201Z",
        "value": "96.875",
        "cumulative": false
    },
    {
        "date": "2020-12-08T10:57:44.386Z",
        "value": "100.0",
        "cumulative": false
    },
    {
        "date": "2020-12-08T10:57:45.670Z",
        "value": "97.65625",
        "cumulative": false
    },
    {
        "date": "2020-12-08T10:57:46.928Z",
        "value": "97.65625",
        "cumulative": false
    },
    {
        "date": "2020-12-08T10:57:48.230Z",
        "value": "98.4375",
        "cumulative": false
    },
    {
        "date": "2020-12-08T10:57:50.306Z",
        "value": "100.0",
        "cumulative": false
    },
    {
        "date": "2020-12-08T10:57:51.626Z",
        "value": "99.21875",
        "cumulative": false
    },
    {
        "date": "2020-12-08T10:57:52.933Z",
        "value": "99.21875",
        "cumulative": false
    },
    {
        "date": "2020-12-08T10:57:54.271Z",
        "value": "100.0",
        "cumulative": false
    },
    {
        "date": "2020-12-08T10:57:56.368Z",
        "value": "99.21875",
        "cumulative": false
    },
    {
        "date": "2020-12-08T10:57:57.635Z",
        "value": "100.0",
        "cumulative": false
    },
    {
        "date": "2020-12-08T10:57:59.034Z",
        "value": "99.21875",
        "cumulative": false
    },
    {
        "date": "2020-12-08T10:58:00.399Z",
        "value": "98.4375",
        "cumulative": false
    },
    {
        "date": "2020-12-08T10:58:02.397Z",
        "value": "97.65625",
        "cumulative": false
    },
    {
        "date": "2020-12-08T10:58:03.763Z",
        "value": "99.21875",
        "cumulative": false
    },
    {
        "date": "2020-12-08T10:58:05.078Z",
        "value": "99.21875",
        "cumulative": false
    },
    {
        "date": "2020-12-08T10:58:06.386Z",
        "value": "99.21875",
        "cumulative": false
    }
]