[
    {
        "date": "2020-12-08T10:57:12.993Z",
        "value": "4.83759617805481",
        "cumulative": false
    },
    {
        "date": "2020-12-08T10:57:19.132Z",
        "value": "0.7747247219085693",
        "cumulative": false
    },
    {
        "date": "2020-12-08T10:57:25.087Z",
        "value": "0.7814822196960449",
        "cumulative": false
    },
    {
        "date": "2020-12-08T10:57:31.304Z",
        "value": "0.786614179611206",
        "cumulative": false
    },
    {
        "date": "2020-12-08T10:57:37.262Z",
        "value": "0.7888181209564209",
        "cumulative": false
    },
    {
        "date": "2020-12-08T10:57:43.369Z",
        "value": "0.7634627819061279",
        "cumulative": false
    },
    {
        "date": "2020-12-08T10:57:49.369Z",
        "value": "0.7773523330688477",
        "cumulative": false
    },
    {
        "date": "2020-12-08T10:57:55.456Z",
        "value": "0.7467715740203857",
        "cumulative": false
    },
    {
        "date": "2020-12-08T10:58:01.516Z",
        "value": "0.7865369319915771",
        "cumulative": false
    },
    {
        "date": "2020-12-08T10:58:07.517Z",
        "value": "0.7837209701538086",
        "cumulative": false
    }
]