[
    {
        "date": "2020-12-08T10:57:13.006Z",
        "value": "0.0893716812133789",
        "cumulative": false
    },
    {
        "date": "2020-12-08T10:57:19.135Z",
        "value": "0.0735924243927002",
        "cumulative": false
    },
    {
        "date": "2020-12-08T10:57:25.097Z",
        "value": "0.0682516098022461",
        "cumulative": false
    },
    {
        "date": "2020-12-08T10:57:31.322Z",
        "value": "0.0753774642944336",
        "cumulative": false
    },
    {
        "date": "2020-12-08T10:57:37.265Z",
        "value": "0.05773329734802246",
        "cumulative": false
    },
    {
        "date": "2020-12-08T10:57:43.388Z",
        "value": "0.11611461639404297",
        "cumulative": false
    },
    {
        "date": "2020-12-08T10:57:49.377Z",
        "value": "0.05519294738769531",
        "cumulative": false
    },
    {
        "date": "2020-12-08T10:57:55.463Z",
        "value": "0.0809783935546875",
        "cumulative": false
    },
    {
        "date": "2020-12-08T10:58:01.521Z",
        "value": "0.09703874588012695",
        "cumulative": false
    },
    {
        "date": "2020-12-08T10:58:07.525Z",
        "value": "0.12168002128601074",
        "cumulative": false
    }
]