[
    {
        "date": "2020-12-08T10:57:07.970Z",
        "value": "2.5621442794799805",
        "cumulative": false
    },
    {
        "date": "2020-12-08T10:57:09.365Z",
        "value": "2.0133416652679443",
        "cumulative": false
    },
    {
        "date": "2020-12-08T10:57:10.600Z",
        "value": "1.9109017848968506",
        "cumulative": false
    },
    {
        "date": "2020-12-08T10:57:11.858Z",
        "value": "1.6583242416381836",
        "cumulative": false
    },
    {
        "date": "2020-12-08T10:57:14.029Z",
        "value": "1.6111714839935303",
        "cumulative": false
    },
    {
        "date": "2020-12-08T10:57:15.341Z",
        "value": "1.7404730319976807",
        "cumulative": false
    },
    {
        "date": "2020-12-08T10:57:16.599Z",
        "value": "1.5220856666564941",
        "cumulative": false
    },
    {
        "date": "2020-12-08T10:57:17.865Z",
        "value": "1.4732192754745483",
        "cumulative": false
    },
    {
        "date": "2020-12-08T10:57:20.021Z",
        "value": "1.0657744407653809",
        "cumulative": false
    },
    {
        "date": "2020-12-08T10:57:21.298Z",
        "value": "1.1599069833755493",
        "cumulative": false
    },
    {
        "date": "2020-12-08T10:57:22.524Z",
        "value": "1.1322729587554932",
        "cumulative": false
    },
    {
        "date": "2020-12-08T10:57:23.886Z",
        "value": "1.084572434425354",
        "cumulative": false
    },
    {
        "date": "2020-12-08T10:57:25.988Z",
        "value": "0.9585291743278503",
        "cumulative": false
    },
    {
        "date": "2020-12-08T10:57:27.455Z",
        "value": "1.0407053232192993",
        "cumulative": false
    },
    {
        "date": "2020-12-08T10:57:28.798Z",
        "value": "1.2677162885665894",
        "cumulative": false
    },
    {
        "date": "2020-12-08T10:57:30.132Z",
        "value": "0.8007584810256958",
        "cumulative": false
    },
    {
        "date": "2020-12-08T10:57:32.189Z",
        "value": "0.9303615689277649",
        "cumulative": false
    },
    {
        "date": "2020-12-08T10:57:33.533Z",
        "value": "0.7700920104980469",
        "cumulative": false
    },
    {
        "date": "2020-12-08T10:57:34.875Z",
        "value": "0.9692655205726624",
        "cumulative": false
    },
    {
        "date": "2020-12-08T10:57:36.144Z",
        "value": "0.7553836107254028",
        "cumulative": false
    },
    {
        "date": "2020-12-08T10:57:38.310Z",
        "value": "0.8475380539894104",
        "cumulative": false
    },
    {
        "date": "2020-12-08T10:57:39.659Z",
        "value": "0.9397717118263245",
        "cumulative": false
    },
    {
        "date": "2020-12-08T10:57:40.914Z",
        "value": "0.8240225911140442",
        "cumulative": false
    },
    {
        "date": "2020-12-08T10:57:42.192Z",
        "value": "0.7148943543434143",
        "cumulative": false
    },
    {
        "date": "2020-12-08T10:57:44.377Z",
        "value": "0.6840988397598267",
        "cumulative": false
    },
    {
        "date": "2020-12-08T10:57:45.665Z",
        "value": "0.8019585609436035",
        "cumulative": false
    },
    {
        "date": "2020-12-08T10:57:46.925Z",
        "value": "0.6435745358467102",
        "cumulative": false
    },
    {
        "date": "2020-12-08T10:57:48.219Z",
        "value": "0.6682091355323792",
        "cumulative": false
    },
    {
        "date": "2020-12-08T10:57:50.306Z",
        "value": "0.6898807883262634",
        "cumulative": false
    },
    {
        "date": "2020-12-08T10:57:51.619Z",
        "value": "0.5971123576164246",
        "cumulative": false
    },
    {
        "date": "2020-12-08T10:57:52.929Z",
        "value": "0.6295986175537109",
        "cumulative": false
    },
    {
        "date": "2020-12-08T10:57:54.260Z",
        "value": "0.7635576725006104",
        "cumulative": false
    },
    {
        "date": "2020-12-08T10:57:56.360Z",
        "value": "0.6620985865592957",
        "cumulative": false
    },
    {
        "date": "2020-12-08T10:57:57.636Z",
        "value": "0.4997709095478058",
        "cumulative": false
    },
    {
        "date": "2020-12-08T10:57:59.027Z",
        "value": "0.6448079943656921",
        "cumulative": false
    },
    {
        "date": "2020-12-08T10:58:00.393Z",
        "value": "0.6336706876754761",
        "cumulative": false
    },
    {
        "date": "2020-12-08T10:58:02.381Z",
        "value": "0.5852766036987305",
        "cumulative": false
    },
    {
        "date": "2020-12-08T10:58:03.756Z",
        "value": "0.658664882183075",
        "cumulative": false
    },
    {
        "date": "2020-12-08T10:58:05.076Z",
        "value": "0.6101045608520508",
        "cumulative": false
    },
    {
        "date": "2020-12-08T10:58:06.383Z",
        "value": "0.44426703453063965",
        "cumulative": false
    }
]