[
    {
        "date": "2020-12-08T10:57:07.976Z",
        "value": "7.03125",
        "cumulative": false
    },
    {
        "date": "2020-12-08T10:57:09.371Z",
        "value": "22.65625",
        "cumulative": false
    },
    {
        "date": "2020-12-08T10:57:10.609Z",
        "value": "28.125",
        "cumulative": false
    },
    {
        "date": "2020-12-08T10:57:11.867Z",
        "value": "32.8125",
        "cumulative": false
    },
    {
        "date": "2020-12-08T10:57:14.040Z",
        "value": "39.84375",
        "cumulative": false
    },
    {
        "date": "2020-12-08T10:57:15.352Z",
        "value": "48.4375",
        "cumulative": false
    },
    {
        "date": "2020-12-08T10:57:16.604Z",
        "value": "34.375",
        "cumulative": false
    },
    {
        "date": "2020-12-08T10:57:17.871Z",
        "value": "44.53125",
        "cumulative": false
    },
    {
        "date": "2020-12-08T10:57:20.025Z",
        "value": "57.8125",
        "cumulative": false
    },
    {
        "date": "2020-12-08T10:57:21.303Z",
        "value": "61.71875",
        "cumulative": false
    },
    {
        "date": "2020-12-08T10:57:22.529Z",
        "value": "57.03125",
        "cumulative": false
    },
    {
        "date": "2020-12-08T10:57:23.890Z",
        "value": "64.84375",
        "cumulative": false
    },
    {
        "date": "2020-12-08T10:57:25.986Z",
        "value": "69.53125",
        "cumulative": false
    },
    {
        "date": "2020-12-08T10:57:27.461Z",
        "value": "64.0625",
        "cumulative": false
    },
    {
        "date": "2020-12-08T10:57:28.800Z",
        "value": "62.5",
        "cumulative": false
    },
    {
        "date": "2020-12-08T10:57:30.131Z",
        "value": "62.5",
        "cumulative": false
    },
    {
        "date": "2020-12-08T10:57:32.194Z",
        "value": "65.625",
        "cumulative": false
    },
    {
        "date": "2020-12-08T10:57:33.535Z",
        "value": "66.40625",
        "cumulative": false
    },
    {
        "date": "2020-12-08T10:57:34.884Z",
        "value": "73.4375",
        "cumulative": false
    },
    {
        "date": "2020-12-08T10:57:36.146Z",
        "value": "72.65625",
        "cumulative": false
    },
    {
        "date": "2020-12-08T10:57:38.314Z",
        "value": "71.09375",
        "cumulative": false
    },
    {
        "date": "2020-12-08T10:57:39.660Z",
        "value": "73.4375",
        "cumulative": false
    },
    {
        "date": "2020-12-08T10:57:40.920Z",
        "value": "76.5625",
        "cumulative": false
    },
    {
        "date": "2020-12-08T10:57:42.201Z",
        "value": "74.21875",
        "cumulative": false
    },
    {
        "date": "2020-12-08T10:57:44.384Z",
        "value": "72.65625",
        "cumulative": false
    },
    {
        "date": "2020-12-08T10:57:45.674Z",
        "value": "70.3125",
        "cumulative": false
    },
    {
        "date": "2020-12-08T10:57:46.930Z",
        "value": "75.0",
        "cumulative": false
    },
    {
        "date": "2020-12-08T10:57:48.220Z",
        "value": "75.0",
        "cumulative": false
    },
    {
        "date": "2020-12-08T10:57:50.303Z",
        "value": "75.78125",
        "cumulative": false
    },
    {
        "date": "2020-12-08T10:57:51.625Z",
        "value": "69.53125",
        "cumulative": false
    },
    {
        "date": "2020-12-08T10:57:52.931Z",
        "value": "77.34375",
        "cumulative": false
    },
    {
        "date": "2020-12-08T10:57:54.265Z",
        "value": "82.03125",
        "cumulative": false
    },
    {
        "date": "2020-12-08T10:57:56.365Z",
        "value": "82.03125",
        "cumulative": false
    },
    {
        "date": "2020-12-08T10:57:57.641Z",
        "value": "78.90625",
        "cumulative": false
    },
    {
        "date": "2020-12-08T10:57:59.033Z",
        "value": "82.8125",
        "cumulative": false
    },
    {
        "date": "2020-12-08T10:58:00.398Z",
        "value": "79.6875",
        "cumulative": false
    },
    {
        "date": "2020-12-08T10:58:02.382Z",
        "value": "75.0",
        "cumulative": false
    },
    {
        "date": "2020-12-08T10:58:03.759Z",
        "value": "83.59375",
        "cumulative": false
    },
    {
        "date": "2020-12-08T10:58:05.077Z",
        "value": "78.90625",
        "cumulative": false
    },
    {
        "date": "2020-12-08T10:58:06.382Z",
        "value": "76.5625",
        "cumulative": false
    }
]