[
    {
        "date": "2020-12-08T10:57:07.974Z",
        "value": "2.490201234817505",
        "cumulative": false
    },
    {
        "date": "2020-12-08T10:57:09.369Z",
        "value": "2.006873846054077",
        "cumulative": false
    },
    {
        "date": "2020-12-08T10:57:10.609Z",
        "value": "1.7716981172561646",
        "cumulative": false
    },
    {
        "date": "2020-12-08T10:57:11.867Z",
        "value": "1.7055374383926392",
        "cumulative": false
    },
    {
        "date": "2020-12-08T10:57:14.039Z",
        "value": "1.6054261922836304",
        "cumulative": false
    },
    {
        "date": "2020-12-08T10:57:15.352Z",
        "value": "1.436740756034851",
        "cumulative": false
    },
    {
        "date": "2020-12-08T10:57:16.604Z",
        "value": "1.7747409343719482",
        "cumulative": false
    },
    {
        "date": "2020-12-08T10:57:17.871Z",
        "value": "1.5643984079360962",
        "cumulative": false
    },
    {
        "date": "2020-12-08T10:57:20.025Z",
        "value": "1.2421112060546875",
        "cumulative": false
    },
    {
        "date": "2020-12-08T10:57:21.303Z",
        "value": "1.1809918880462646",
        "cumulative": false
    },
    {
        "date": "2020-12-08T10:57:22.529Z",
        "value": "1.2806098461151123",
        "cumulative": false
    },
    {
        "date": "2020-12-08T10:57:23.890Z",
        "value": "1.030065655708313",
        "cumulative": false
    },
    {
        "date": "2020-12-08T10:57:25.986Z",
        "value": "0.9587196111679077",
        "cumulative": false
    },
    {
        "date": "2020-12-08T10:57:27.461Z",
        "value": "1.0615453720092773",
        "cumulative": false
    },
    {
        "date": "2020-12-08T10:57:28.800Z",
        "value": "0.9427452683448792",
        "cumulative": false
    },
    {
        "date": "2020-12-08T10:57:30.131Z",
        "value": "1.1002075672149658",
        "cumulative": false
    },
    {
        "date": "2020-12-08T10:57:32.193Z",
        "value": "0.9491952657699585",
        "cumulative": false
    },
    {
        "date": "2020-12-08T10:57:33.535Z",
        "value": "0.9861528277397156",
        "cumulative": false
    },
    {
        "date": "2020-12-08T10:57:34.884Z",
        "value": "0.8016711473464966",
        "cumulative": false
    },
    {
        "date": "2020-12-08T10:57:36.146Z",
        "value": "0.9099316596984863",
        "cumulative": false
    },
    {
        "date": "2020-12-08T10:57:38.314Z",
        "value": "0.7989048361778259",
        "cumulative": false
    },
    {
        "date": "2020-12-08T10:57:39.660Z",
        "value": "0.8195378184318542",
        "cumulative": false
    },
    {
        "date": "2020-12-08T10:57:40.920Z",
        "value": "0.7623804807662964",
        "cumulative": false
    },
    {
        "date": "2020-12-08T10:57:42.201Z",
        "value": "0.7509621381759644",
        "cumulative": false
    },
    {
        "date": "2020-12-08T10:57:44.383Z",
        "value": "0.8024728894233704",
        "cumulative": false
    },
    {
        "date": "2020-12-08T10:57:45.674Z",
        "value": "0.7040435075759888",
        "cumulative": false
    },
    {
        "date": "2020-12-08T10:57:46.930Z",
        "value": "0.715606153011322",
        "cumulative": false
    },
    {
        "date": "2020-12-08T10:57:48.220Z",
        "value": "0.6793364882469177",
        "cumulative": false
    },
    {
        "date": "2020-12-08T10:57:50.302Z",
        "value": "0.7461516857147217",
        "cumulative": false
    },
    {
        "date": "2020-12-08T10:57:51.625Z",
        "value": "0.7949879169464111",
        "cumulative": false
    },
    {
        "date": "2020-12-08T10:57:52.931Z",
        "value": "0.5927926898002625",
        "cumulative": false
    },
    {
        "date": "2020-12-08T10:57:54.265Z",
        "value": "0.6368438005447388",
        "cumulative": false
    },
    {
        "date": "2020-12-08T10:57:56.364Z",
        "value": "0.4878278076648712",
        "cumulative": false
    },
    {
        "date": "2020-12-08T10:57:57.641Z",
        "value": "0.5770479440689087",
        "cumulative": false
    },
    {
        "date": "2020-12-08T10:57:59.033Z",
        "value": "0.5614098310470581",
        "cumulative": false
    },
    {
        "date": "2020-12-08T10:58:00.398Z",
        "value": "0.5576686859130859",
        "cumulative": false
    },
    {
        "date": "2020-12-08T10:58:02.382Z",
        "value": "0.6364049315452576",
        "cumulative": false
    },
    {
        "date": "2020-12-08T10:58:03.759Z",
        "value": "0.39275580644607544",
        "cumulative": false
    },
    {
        "date": "2020-12-08T10:58:05.077Z",
        "value": "0.5644199848175049",
        "cumulative": false
    },
    {
        "date": "2020-12-08T10:58:06.382Z",
        "value": "0.6715503931045532",
        "cumulative": false
    }
]