[
    {
        "date": "2020-12-08T10:57:13.006Z",
        "value": "0.8406853675842285",
        "cumulative": false
    },
    {
        "date": "2020-12-08T10:57:19.135Z",
        "value": "0.8343980312347412",
        "cumulative": false
    },
    {
        "date": "2020-12-08T10:57:25.098Z",
        "value": "0.8204491138458252",
        "cumulative": false
    },
    {
        "date": "2020-12-08T10:57:31.322Z",
        "value": "0.8075888156890869",
        "cumulative": false
    },
    {
        "date": "2020-12-08T10:57:37.266Z",
        "value": "0.8449435234069824",
        "cumulative": false
    },
    {
        "date": "2020-12-08T10:57:43.388Z",
        "value": "0.8162798881530762",
        "cumulative": false
    },
    {
        "date": "2020-12-08T10:57:49.377Z",
        "value": "0.8119068145751953",
        "cumulative": false
    },
    {
        "date": "2020-12-08T10:57:55.463Z",
        "value": "0.8370730876922607",
        "cumulative": false
    },
    {
        "date": "2020-12-08T10:58:01.521Z",
        "value": "0.8269288539886475",
        "cumulative": false
    },
    {
        "date": "2020-12-08T10:58:07.526Z",
        "value": "0.8186957836151123",
        "cumulative": false
    }
]