[
    {
        "date": "2020-12-08T10:57:07.978Z",
        "value": "51.5625",
        "cumulative": false
    },
    {
        "date": "2020-12-08T10:57:09.372Z",
        "value": "77.34375",
        "cumulative": false
    },
    {
        "date": "2020-12-08T10:57:10.604Z",
        "value": "82.8125",
        "cumulative": false
    },
    {
        "date": "2020-12-08T10:57:11.867Z",
        "value": "89.0625",
        "cumulative": false
    },
    {
        "date": "2020-12-08T10:57:14.033Z",
        "value": "86.71875",
        "cumulative": false
    },
    {
        "date": "2020-12-08T10:57:15.345Z",
        "value": "86.71875",
        "cumulative": false
    },
    {
        "date": "2020-12-08T10:57:16.604Z",
        "value": "89.84375",
        "cumulative": false
    },
    {
        "date": "2020-12-08T10:57:17.869Z",
        "value": "95.3125",
        "cumulative": false
    },
    {
        "date": "2020-12-08T10:57:20.024Z",
        "value": "92.96875",
        "cumulative": false
    },
    {
        "date": "2020-12-08T10:57:21.302Z",
        "value": "96.875",
        "cumulative": false
    },
    {
        "date": "2020-12-08T10:57:22.528Z",
        "value": "94.53125",
        "cumulative": false
    },
    {
        "date": "2020-12-08T10:57:23.891Z",
        "value": "92.96875",
        "cumulative": false
    },
    {
        "date": "2020-12-08T10:57:25.996Z",
        "value": "96.875",
        "cumulative": false
    },
    {
        "date": "2020-12-08T10:57:27.460Z",
        "value": "97.65625",
        "cumulative": false
    },
    {
        "date": "2020-12-08T10:57:28.798Z",
        "value": "96.875",
        "cumulative": false
    },
    {
        "date": "2020-12-08T10:57:30.135Z",
        "value": "95.3125",
        "cumulative": false
    },
    {
        "date": "2020-12-08T10:57:32.201Z",
        "value": "98.4375",
        "cumulative": false
    },
    {
        "date": "2020-12-08T10:57:33.538Z",
        "value": "98.4375",
        "cumulative": false
    },
    {
        "date": "2020-12-08T10:57:34.879Z",
        "value": "99.21875",
        "cumulative": false
    },
    {
        "date": "2020-12-08T10:57:36.145Z",
        "value": "98.4375",
        "cumulative": false
    },
    {
        "date": "2020-12-08T10:57:38.314Z",
        "value": "97.65625",
        "cumulative": false
    },
    {
        "date": "2020-12-08T10:57:39.659Z",
        "value": "95.3125",
        "cumulative": false
    },
    {
        "date": "2020-12-08T10:57:40.914Z",
        "value": "100.0",
        "cumulative": false
    },
    {
        "date": "2020-12-08T10:57:42.196Z",
        "value": "97.65625",
        "cumulative": false
    },
    {
        "date": "2020-12-08T10:57:44.387Z",
        "value": "98.4375",
        "cumulative": false
    },
    {
        "date": "2020-12-08T10:57:45.674Z",
        "value": "98.4375",
        "cumulative": false
    },
    {
        "date": "2020-12-08T10:57:46.928Z",
        "value": "97.65625",
        "cumulative": false
    },
    {
        "date": "2020-12-08T10:57:48.227Z",
        "value": "98.4375",
        "cumulative": false
    },
    {
        "date": "2020-12-08T10:57:50.311Z",
        "value": "100.0",
        "cumulative": false
    },
    {
        "date": "2020-12-08T10:57:51.619Z",
        "value": "99.21875",
        "cumulative": false
    },
    {
        "date": "2020-12-08T10:57:52.929Z",
        "value": "99.21875",
        "cumulative": false
    },
    {
        "date": "2020-12-08T10:57:54.268Z",
        "value": "99.21875",
        "cumulative": false
    },
    {
        "date": "2020-12-08T10:57:56.367Z",
        "value": "99.21875",
        "cumulative": false
    },
    {
        "date": "2020-12-08T10:57:57.636Z",
        "value": "97.65625",
        "cumulative": false
    },
    {
        "date": "2020-12-08T10:57:59.030Z",
        "value": "98.4375",
        "cumulative": false
    },
    {
        "date": "2020-12-08T10:58:00.397Z",
        "value": "99.21875",
        "cumulative": false
    },
    {
        "date": "2020-12-08T10:58:02.397Z",
        "value": "99.21875",
        "cumulative": false
    },
    {
        "date": "2020-12-08T10:58:03.758Z",
        "value": "99.21875",
        "cumulative": false
    },
    {
        "date": "2020-12-08T10:58:05.080Z",
        "value": "100.0",
        "cumulative": false
    },
    {
        "date": "2020-12-08T10:58:06.382Z",
        "value": "99.21875",
        "cumulative": false
    }
]