[
    {
        "date": "2020-12-08T10:57:12.986Z",
        "value": "4.7421934604644775",
        "cumulative": false
    },
    {
        "date": "2020-12-08T10:57:19.131Z",
        "value": "0.6737399101257324",
        "cumulative": false
    },
    {
        "date": "2020-12-08T10:57:25.081Z",
        "value": "0.7558343410491943",
        "cumulative": false
    },
    {
        "date": "2020-12-08T10:57:31.300Z",
        "value": "0.6847844123840332",
        "cumulative": false
    },
    {
        "date": "2020-12-08T10:57:37.255Z",
        "value": "0.7200658321380615",
        "cumulative": false
    },
    {
        "date": "2020-12-08T10:57:43.356Z",
        "value": "0.6761679649353027",
        "cumulative": false
    },
    {
        "date": "2020-12-08T10:57:49.351Z",
        "value": "0.6779236793518066",
        "cumulative": false
    },
    {
        "date": "2020-12-08T10:57:55.455Z",
        "value": "0.728344202041626",
        "cumulative": false
    },
    {
        "date": "2020-12-08T10:58:01.510Z",
        "value": "0.706378698348999",
        "cumulative": false
    },
    {
        "date": "2020-12-08T10:58:07.526Z",
        "value": "0.686530351638794",
        "cumulative": false
    }
]