[
    {
        "date": "2020-12-08T10:57:07.976Z",
        "value": "2.469156265258789",
        "cumulative": false
    },
    {
        "date": "2020-12-08T10:57:09.368Z",
        "value": "2.058926820755005",
        "cumulative": false
    },
    {
        "date": "2020-12-08T10:57:10.604Z",
        "value": "1.926024079322815",
        "cumulative": false
    },
    {
        "date": "2020-12-08T10:57:11.867Z",
        "value": "1.6919078826904297",
        "cumulative": false
    },
    {
        "date": "2020-12-08T10:57:14.033Z",
        "value": "1.7550268173217773",
        "cumulative": false
    },
    {
        "date": "2020-12-08T10:57:15.345Z",
        "value": "1.6690365076065063",
        "cumulative": false
    },
    {
        "date": "2020-12-08T10:57:16.604Z",
        "value": "1.6343955993652344",
        "cumulative": false
    },
    {
        "date": "2020-12-08T10:57:17.869Z",
        "value": "1.3974077701568604",
        "cumulative": false
    },
    {
        "date": "2020-12-08T10:57:20.024Z",
        "value": "1.407790184020996",
        "cumulative": false
    },
    {
        "date": "2020-12-08T10:57:21.302Z",
        "value": "1.2213211059570312",
        "cumulative": false
    },
    {
        "date": "2020-12-08T10:57:22.528Z",
        "value": "1.2322502136230469",
        "cumulative": false
    },
    {
        "date": "2020-12-08T10:57:23.891Z",
        "value": "1.1870964765548706",
        "cumulative": false
    },
    {
        "date": "2020-12-08T10:57:25.996Z",
        "value": "1.10194730758667",
        "cumulative": false
    },
    {
        "date": "2020-12-08T10:57:27.460Z",
        "value": "0.9067153930664062",
        "cumulative": false
    },
    {
        "date": "2020-12-08T10:57:28.798Z",
        "value": "1.086981177330017",
        "cumulative": false
    },
    {
        "date": "2020-12-08T10:57:30.135Z",
        "value": "0.9095519781112671",
        "cumulative": false
    },
    {
        "date": "2020-12-08T10:57:32.201Z",
        "value": "0.7868400812149048",
        "cumulative": false
    },
    {
        "date": "2020-12-08T10:57:33.538Z",
        "value": "1.0080045461654663",
        "cumulative": false
    },
    {
        "date": "2020-12-08T10:57:34.879Z",
        "value": "0.8854561448097229",
        "cumulative": false
    },
    {
        "date": "2020-12-08T10:57:36.145Z",
        "value": "0.9217087030410767",
        "cumulative": false
    },
    {
        "date": "2020-12-08T10:57:38.314Z",
        "value": "0.9988623857498169",
        "cumulative": false
    },
    {
        "date": "2020-12-08T10:57:39.659Z",
        "value": "0.8538138270378113",
        "cumulative": false
    },
    {
        "date": "2020-12-08T10:57:40.914Z",
        "value": "0.7240297794342041",
        "cumulative": false
    },
    {
        "date": "2020-12-08T10:57:42.196Z",
        "value": "0.7542197108268738",
        "cumulative": false
    },
    {
        "date": "2020-12-08T10:57:44.387Z",
        "value": "0.6728460788726807",
        "cumulative": false
    },
    {
        "date": "2020-12-08T10:57:45.674Z",
        "value": "0.7513327598571777",
        "cumulative": false
    },
    {
        "date": "2020-12-08T10:57:46.928Z",
        "value": "0.622739315032959",
        "cumulative": false
    },
    {
        "date": "2020-12-08T10:57:48.227Z",
        "value": "0.6530306339263916",
        "cumulative": false
    },
    {
        "date": "2020-12-08T10:57:50.311Z",
        "value": "0.6517524719238281",
        "cumulative": false
    },
    {
        "date": "2020-12-08T10:57:51.619Z",
        "value": "0.6400203704833984",
        "cumulative": false
    },
    {
        "date": "2020-12-08T10:57:52.929Z",
        "value": "0.5929614901542664",
        "cumulative": false
    },
    {
        "date": "2020-12-08T10:57:54.268Z",
        "value": "0.7699944972991943",
        "cumulative": false
    },
    {
        "date": "2020-12-08T10:57:56.366Z",
        "value": "0.6819434762001038",
        "cumulative": false
    },
    {
        "date": "2020-12-08T10:57:57.636Z",
        "value": "0.5059062242507935",
        "cumulative": false
    },
    {
        "date": "2020-12-08T10:57:59.030Z",
        "value": "0.5244090557098389",
        "cumulative": false
    },
    {
        "date": "2020-12-08T10:58:00.397Z",
        "value": "0.6275379061698914",
        "cumulative": false
    },
    {
        "date": "2020-12-08T10:58:02.397Z",
        "value": "0.6704615950584412",
        "cumulative": false
    },
    {
        "date": "2020-12-08T10:58:03.758Z",
        "value": "0.5203126668930054",
        "cumulative": false
    },
    {
        "date": "2020-12-08T10:58:05.080Z",
        "value": "0.41150784492492676",
        "cumulative": false
    },
    {
        "date": "2020-12-08T10:58:06.381Z",
        "value": "0.48846396803855896",
        "cumulative": false
    }
]