[
    {
        "date": "2020-12-08T10:57:07.978Z",
        "value": "10.15625",
        "cumulative": false
    },
    {
        "date": "2020-12-08T10:57:09.371Z",
        "value": "16.40625",
        "cumulative": false
    },
    {
        "date": "2020-12-08T10:57:10.604Z",
        "value": "21.875",
        "cumulative": false
    },
    {
        "date": "2020-12-08T10:57:11.867Z",
        "value": "35.9375",
        "cumulative": false
    },
    {
        "date": "2020-12-08T10:57:14.033Z",
        "value": "29.6875",
        "cumulative": false
    },
    {
        "date": "2020-12-08T10:57:15.345Z",
        "value": "39.84375",
        "cumulative": false
    },
    {
        "date": "2020-12-08T10:57:16.604Z",
        "value": "37.5",
        "cumulative": false
    },
    {
        "date": "2020-12-08T10:57:17.869Z",
        "value": "49.21875",
        "cumulative": false
    },
    {
        "date": "2020-12-08T10:57:20.024Z",
        "value": "43.75",
        "cumulative": false
    },
    {
        "date": "2020-12-08T10:57:21.302Z",
        "value": "49.21875",
        "cumulative": false
    },
    {
        "date": "2020-12-08T10:57:22.528Z",
        "value": "57.8125",
        "cumulative": false
    },
    {
        "date": "2020-12-08T10:57:23.891Z",
        "value": "54.6875",
        "cumulative": false
    },
    {
        "date": "2020-12-08T10:57:25.996Z",
        "value": "57.8125",
        "cumulative": false
    },
    {
        "date": "2020-12-08T10:57:27.460Z",
        "value": "68.75",
        "cumulative": false
    },
    {
        "date": "2020-12-08T10:57:28.798Z",
        "value": "58.59375",
        "cumulative": false
    },
    {
        "date": "2020-12-08T10:57:30.135Z",
        "value": "67.96875",
        "cumulative": false
    },
    {
        "date": "2020-12-08T10:57:32.201Z",
        "value": "74.21875",
        "cumulative": false
    },
    {
        "date": "2020-12-08T10:57:33.538Z",
        "value": "60.15625",
        "cumulative": false
    },
    {
        "date": "2020-12-08T10:57:34.879Z",
        "value": "64.84375",
        "cumulative": false
    },
    {
        "date": "2020-12-08T10:57:36.145Z",
        "value": "67.96875",
        "cumulative": false
    },
    {
        "date": "2020-12-08T10:57:38.314Z",
        "value": "63.28125",
        "cumulative": false
    },
    {
        "date": "2020-12-08T10:57:39.659Z",
        "value": "72.65625",
        "cumulative": false
    },
    {
        "date": "2020-12-08T10:57:40.914Z",
        "value": "71.09375",
        "cumulative": false
    },
    {
        "date": "2020-12-08T10:57:42.196Z",
        "value": "71.09375",
        "cumulative": false
    },
    {
        "date": "2020-12-08T10:57:44.387Z",
        "value": "71.875",
        "cumulative": false
    },
    {
        "date": "2020-12-08T10:57:45.674Z",
        "value": "72.65625",
        "cumulative": false
    },
    {
        "date": "2020-12-08T10:57:46.928Z",
        "value": "80.46875",
        "cumulative": false
    },
    {
        "date": "2020-12-08T10:57:48.227Z",
        "value": "77.34375",
        "cumulative": false
    },
    {
        "date": "2020-12-08T10:57:50.311Z",
        "value": "75.78125",
        "cumulative": false
    },
    {
        "date": "2020-12-08T10:57:51.619Z",
        "value": "82.03125",
        "cumulative": false
    },
    {
        "date": "2020-12-08T10:57:52.929Z",
        "value": "82.03125",
        "cumulative": false
    },
    {
        "date": "2020-12-08T10:57:54.268Z",
        "value": "75.0",
        "cumulative": false
    },
    {
        "date": "2020-12-08T10:57:56.367Z",
        "value": "73.4375",
        "cumulative": false
    },
    {
        "date": "2020-12-08T10:57:57.636Z",
        "value": "80.46875",
        "cumulative": false
    },
    {
        "date": "2020-12-08T10:57:59.030Z",
        "value": "83.59375",
        "cumulative": false
    },
    {
        "date": "2020-12-08T10:58:00.397Z",
        "value": "79.6875",
        "cumulative": false
    },
    {
        "date": "2020-12-08T10:58:02.397Z",
        "value": "77.34375",
        "cumulative": false
    },
    {
        "date": "2020-12-08T10:58:03.758Z",
        "value": "81.25",
        "cumulative": false
    },
    {
        "date": "2020-12-08T10:58:05.080Z",
        "value": "81.25",
        "cumulative": false
    },
    {
        "date": "2020-12-08T10:58:06.382Z",
        "value": "80.46875",
        "cumulative": false
    }
]