[
    {
        "date": "2020-12-08T10:57:13.006Z",
        "value": "0.2662508487701416",
        "cumulative": false
    },
    {
        "date": "2020-12-08T10:57:19.135Z",
        "value": "0.2858603000640869",
        "cumulative": false
    },
    {
        "date": "2020-12-08T10:57:25.097Z",
        "value": "0.26773977279663086",
        "cumulative": false
    },
    {
        "date": "2020-12-08T10:57:31.322Z",
        "value": "0.273331880569458",
        "cumulative": false
    },
    {
        "date": "2020-12-08T10:57:37.265Z",
        "value": "0.2957916259765625",
        "cumulative": false
    },
    {
        "date": "2020-12-08T10:57:43.388Z",
        "value": "0.27436280250549316",
        "cumulative": false
    },
    {
        "date": "2020-12-08T10:57:49.377Z",
        "value": "0.26511335372924805",
        "cumulative": false
    },
    {
        "date": "2020-12-08T10:57:55.463Z",
        "value": "0.266925573348999",
        "cumulative": false
    },
    {
        "date": "2020-12-08T10:58:01.521Z",
        "value": "0.26791834831237793",
        "cumulative": false
    },
    {
        "date": "2020-12-08T10:58:07.525Z",
        "value": "0.26038503646850586",
        "cumulative": false
    }
]