[
    {
        "date": "2020-12-08T10:57:12.993Z",
        "value": "0.2513453960418701",
        "cumulative": false
    },
    {
        "date": "2020-12-08T10:57:19.132Z",
        "value": "0.24734735488891602",
        "cumulative": false
    },
    {
        "date": "2020-12-08T10:57:25.086Z",
        "value": "0.2437124252319336",
        "cumulative": false
    },
    {
        "date": "2020-12-08T10:57:31.304Z",
        "value": "0.24462270736694336",
        "cumulative": false
    },
    {
        "date": "2020-12-08T10:57:37.262Z",
        "value": "0.2470693588256836",
        "cumulative": false
    },
    {
        "date": "2020-12-08T10:57:43.369Z",
        "value": "0.24582457542419434",
        "cumulative": false
    },
    {
        "date": "2020-12-08T10:57:49.369Z",
        "value": "0.2426621913909912",
        "cumulative": false
    },
    {
        "date": "2020-12-08T10:57:55.456Z",
        "value": "0.2323307991027832",
        "cumulative": false
    },
    {
        "date": "2020-12-08T10:58:01.516Z",
        "value": "0.24221587181091309",
        "cumulative": false
    },
    {
        "date": "2020-12-08T10:58:07.517Z",
        "value": "0.2394406795501709",
        "cumulative": false
    }
]