[
    {
        "date": "2020-12-08T10:57:12.993Z",
        "value": "0.5140793323516846",
        "cumulative": false
    },
    {
        "date": "2020-12-08T10:57:19.133Z",
        "value": "0.5072541236877441",
        "cumulative": false
    },
    {
        "date": "2020-12-08T10:57:25.087Z",
        "value": "0.5032353401184082",
        "cumulative": false
    },
    {
        "date": "2020-12-08T10:57:31.304Z",
        "value": "0.5109922885894775",
        "cumulative": false
    },
    {
        "date": "2020-12-08T10:57:37.262Z",
        "value": "0.5062062740325928",
        "cumulative": false
    },
    {
        "date": "2020-12-08T10:57:43.369Z",
        "value": "0.4876677989959717",
        "cumulative": false
    },
    {
        "date": "2020-12-08T10:57:49.369Z",
        "value": "0.4982597827911377",
        "cumulative": false
    },
    {
        "date": "2020-12-08T10:57:55.456Z",
        "value": "0.5265312194824219",
        "cumulative": false
    },
    {
        "date": "2020-12-08T10:58:01.517Z",
        "value": "0.47501468658447266",
        "cumulative": false
    },
    {
        "date": "2020-12-08T10:58:07.517Z",
        "value": "0.5100545883178711",
        "cumulative": false
    }
]