[
    {
        "date": "2020-12-08T10:57:12.987Z",
        "value": "0.019013643264770508",
        "cumulative": false
    },
    {
        "date": "2020-12-08T10:57:19.133Z",
        "value": "0.019461870193481445",
        "cumulative": false
    },
    {
        "date": "2020-12-08T10:57:25.083Z",
        "value": "0.01866459846496582",
        "cumulative": false
    },
    {
        "date": "2020-12-08T10:57:31.304Z",
        "value": "0.01902294158935547",
        "cumulative": false
    },
    {
        "date": "2020-12-08T10:57:37.258Z",
        "value": "0.019670724868774414",
        "cumulative": false
    },
    {
        "date": "2020-12-08T10:57:43.360Z",
        "value": "0.01815485954284668",
        "cumulative": false
    },
    {
        "date": "2020-12-08T10:57:49.357Z",
        "value": "0.020041465759277344",
        "cumulative": false
    },
    {
        "date": "2020-12-08T10:57:55.460Z",
        "value": "0.018817424774169922",
        "cumulative": false
    },
    {
        "date": "2020-12-08T10:58:01.523Z",
        "value": "0.018686294555664062",
        "cumulative": false
    },
    {
        "date": "2020-12-08T10:58:07.517Z",
        "value": "0.018799304962158203",
        "cumulative": false
    }
]