[
    {
        "date": "2020-12-08T10:57:13.006Z",
        "value": "0.0003559589385986328",
        "cumulative": false
    },
    {
        "date": "2020-12-08T10:57:19.135Z",
        "value": "0.0003237724304199219",
        "cumulative": false
    },
    {
        "date": "2020-12-08T10:57:25.098Z",
        "value": "0.0003235340118408203",
        "cumulative": false
    },
    {
        "date": "2020-12-08T10:57:31.322Z",
        "value": "0.00034332275390625",
        "cumulative": false
    },
    {
        "date": "2020-12-08T10:57:37.266Z",
        "value": "0.0004138946533203125",
        "cumulative": false
    },
    {
        "date": "2020-12-08T10:57:43.388Z",
        "value": "0.00034165382385253906",
        "cumulative": false
    },
    {
        "date": "2020-12-08T10:57:49.377Z",
        "value": "0.0003256797790527344",
        "cumulative": false
    },
    {
        "date": "2020-12-08T10:57:55.463Z",
        "value": "0.00032210350036621094",
        "cumulative": false
    },
    {
        "date": "2020-12-08T10:58:01.521Z",
        "value": "0.0003151893615722656",
        "cumulative": false
    },
    {
        "date": "2020-12-08T10:58:07.526Z",
        "value": "0.00029540061950683594",
        "cumulative": false
    }
]