[
    {
        "date": "2020-12-08T10:57:07.972Z",
        "value": "7.03125",
        "cumulative": false
    },
    {
        "date": "2020-12-08T10:57:09.366Z",
        "value": "21.875",
        "cumulative": false
    },
    {
        "date": "2020-12-08T10:57:10.600Z",
        "value": "32.03125",
        "cumulative": false
    },
    {
        "date": "2020-12-08T10:57:11.858Z",
        "value": "35.15625",
        "cumulative": false
    },
    {
        "date": "2020-12-08T10:57:14.029Z",
        "value": "42.1875",
        "cumulative": false
    },
    {
        "date": "2020-12-08T10:57:15.341Z",
        "value": "32.03125",
        "cumulative": false
    },
    {
        "date": "2020-12-08T10:57:16.599Z",
        "value": "44.53125",
        "cumulative": false
    },
    {
        "date": "2020-12-08T10:57:17.865Z",
        "value": "46.875",
        "cumulative": false
    },
    {
        "date": "2020-12-08T10:57:20.022Z",
        "value": "60.9375",
        "cumulative": false
    },
    {
        "date": "2020-12-08T10:57:21.299Z",
        "value": "54.6875",
        "cumulative": false
    },
    {
        "date": "2020-12-08T10:57:22.524Z",
        "value": "59.375",
        "cumulative": false
    },
    {
        "date": "2020-12-08T10:57:23.886Z",
        "value": "58.59375",
        "cumulative": false
    },
    {
        "date": "2020-12-08T10:57:25.988Z",
        "value": "67.96875",
        "cumulative": false
    },
    {
        "date": "2020-12-08T10:57:27.455Z",
        "value": "64.0625",
        "cumulative": false
    },
    {
        "date": "2020-12-08T10:57:28.798Z",
        "value": "53.125",
        "cumulative": false
    },
    {
        "date": "2020-12-08T10:57:30.132Z",
        "value": "73.4375",
        "cumulative": false
    },
    {
        "date": "2020-12-08T10:57:32.189Z",
        "value": "65.625",
        "cumulative": false
    },
    {
        "date": "2020-12-08T10:57:33.533Z",
        "value": "75.78125",
        "cumulative": false
    },
    {
        "date": "2020-12-08T10:57:34.875Z",
        "value": "66.40625",
        "cumulative": false
    },
    {
        "date": "2020-12-08T10:57:36.144Z",
        "value": "75.0",
        "cumulative": false
    },
    {
        "date": "2020-12-08T10:57:38.310Z",
        "value": "72.65625",
        "cumulative": false
    },
    {
        "date": "2020-12-08T10:57:39.659Z",
        "value": "64.84375",
        "cumulative": false
    },
    {
        "date": "2020-12-08T10:57:40.914Z",
        "value": "67.96875",
        "cumulative": false
    },
    {
        "date": "2020-12-08T10:57:42.192Z",
        "value": "73.4375",
        "cumulative": false
    },
    {
        "date": "2020-12-08T10:57:44.377Z",
        "value": "75.78125",
        "cumulative": false
    },
    {
        "date": "2020-12-08T10:57:45.665Z",
        "value": "69.53125",
        "cumulative": false
    },
    {
        "date": "2020-12-08T10:57:46.925Z",
        "value": "81.25",
        "cumulative": false
    },
    {
        "date": "2020-12-08T10:57:48.219Z",
        "value": "76.5625",
        "cumulative": false
    },
    {
        "date": "2020-12-08T10:57:50.307Z",
        "value": "81.25",
        "cumulative": false
    },
    {
        "date": "2020-12-08T10:57:51.619Z",
        "value": "80.46875",
        "cumulative": false
    },
    {
        "date": "2020-12-08T10:57:52.930Z",
        "value": "75.0",
        "cumulative": false
    },
    {
        "date": "2020-12-08T10:57:54.260Z",
        "value": "67.96875",
        "cumulative": false
    },
    {
        "date": "2020-12-08T10:57:56.360Z",
        "value": "78.90625",
        "cumulative": false
    },
    {
        "date": "2020-12-08T10:57:57.636Z",
        "value": "80.46875",
        "cumulative": false
    },
    {
        "date": "2020-12-08T10:57:59.027Z",
        "value": "78.90625",
        "cumulative": false
    },
    {
        "date": "2020-12-08T10:58:00.393Z",
        "value": "75.0",
        "cumulative": false
    },
    {
        "date": "2020-12-08T10:58:02.381Z",
        "value": "78.125",
        "cumulative": false
    },
    {
        "date": "2020-12-08T10:58:03.756Z",
        "value": "78.125",
        "cumulative": false
    },
    {
        "date": "2020-12-08T10:58:05.076Z",
        "value": "78.90625",
        "cumulative": false
    },
    {
        "date": "2020-12-08T10:58:06.383Z",
        "value": "86.71875",
        "cumulative": false
    }
]