[
    {
        "date": "2020-12-08T10:57:07.978Z",
        "value": "7.03125",
        "cumulative": false
    },
    {
        "date": "2020-12-08T10:57:09.370Z",
        "value": "21.875",
        "cumulative": false
    },
    {
        "date": "2020-12-08T10:57:10.604Z",
        "value": "32.03125",
        "cumulative": false
    },
    {
        "date": "2020-12-08T10:57:11.861Z",
        "value": "33.59375",
        "cumulative": false
    },
    {
        "date": "2020-12-08T10:57:14.038Z",
        "value": "40.625",
        "cumulative": false
    },
    {
        "date": "2020-12-08T10:57:15.350Z",
        "value": "38.28125",
        "cumulative": false
    },
    {
        "date": "2020-12-08T10:57:16.607Z",
        "value": "41.40625",
        "cumulative": false
    },
    {
        "date": "2020-12-08T10:57:17.874Z",
        "value": "52.34375",
        "cumulative": false
    },
    {
        "date": "2020-12-08T10:57:20.024Z",
        "value": "53.125",
        "cumulative": false
    },
    {
        "date": "2020-12-08T10:57:21.303Z",
        "value": "44.53125",
        "cumulative": false
    },
    {
        "date": "2020-12-08T10:57:22.529Z",
        "value": "56.25",
        "cumulative": false
    },
    {
        "date": "2020-12-08T10:57:23.893Z",
        "value": "54.6875",
        "cumulative": false
    },
    {
        "date": "2020-12-08T10:57:25.996Z",
        "value": "66.40625",
        "cumulative": false
    },
    {
        "date": "2020-12-08T10:57:27.460Z",
        "value": "57.03125",
        "cumulative": false
    },
    {
        "date": "2020-12-08T10:57:28.802Z",
        "value": "61.71875",
        "cumulative": false
    },
    {
        "date": "2020-12-08T10:57:30.135Z",
        "value": "64.0625",
        "cumulative": false
    },
    {
        "date": "2020-12-08T10:57:32.199Z",
        "value": "67.1875",
        "cumulative": false
    },
    {
        "date": "2020-12-08T10:57:33.537Z",
        "value": "71.09375",
        "cumulative": false
    },
    {
        "date": "2020-12-08T10:57:34.881Z",
        "value": "75.0",
        "cumulative": false
    },
    {
        "date": "2020-12-08T10:57:36.145Z",
        "value": "69.53125",
        "cumulative": false
    },
    {
        "date": "2020-12-08T10:57:38.321Z",
        "value": "72.65625",
        "cumulative": false
    },
    {
        "date": "2020-12-08T10:57:39.658Z",
        "value": "62.5",
        "cumulative": false
    },
    {
        "date": "2020-12-08T10:57:40.919Z",
        "value": "76.5625",
        "cumulative": false
    },
    {
        "date": "2020-12-08T10:57:42.201Z",
        "value": "71.09375",
        "cumulative": false
    },
    {
        "date": "2020-12-08T10:57:44.386Z",
        "value": "77.34375",
        "cumulative": false
    },
    {
        "date": "2020-12-08T10:57:45.670Z",
        "value": "71.875",
        "cumulative": false
    },
    {
        "date": "2020-12-08T10:57:46.928Z",
        "value": "77.34375",
        "cumulative": false
    },
    {
        "date": "2020-12-08T10:57:48.230Z",
        "value": "76.5625",
        "cumulative": false
    },
    {
        "date": "2020-12-08T10:57:50.306Z",
        "value": "78.125",
        "cumulative": false
    },
    {
        "date": "2020-12-08T10:57:51.626Z",
        "value": "72.65625",
        "cumulative": false
    },
    {
        "date": "2020-12-08T10:57:52.933Z",
        "value": "72.65625",
        "cumulative": false
    },
    {
        "date": "2020-12-08T10:57:54.271Z",
        "value": "77.34375",
        "cumulative": false
    },
    {
        "date": "2020-12-08T10:57:56.368Z",
        "value": "77.34375",
        "cumulative": false
    },
    {
        "date": "2020-12-08T10:57:57.635Z",
        "value": "79.6875",
        "cumulative": false
    },
    {
        "date": "2020-12-08T10:57:59.034Z",
        "value": "77.34375",
        "cumulative": false
    },
    {
        "date": "2020-12-08T10:58:00.399Z",
        "value": "73.4375",
        "cumulative": false
    },
    {
        "date": "2020-12-08T10:58:02.397Z",
        "value": "82.03125",
        "cumulative": false
    },
    {
        "date": "2020-12-08T10:58:03.763Z",
        "value": "80.46875",
        "cumulative": false
    },
    {
        "date": "2020-12-08T10:58:05.078Z",
        "value": "85.9375",
        "cumulative": false
    },
    {
        "date": "2020-12-08T10:58:06.386Z",
        "value": "86.71875",
        "cumulative": false
    }
]