[
    {
        "date": "2020-12-08T10:57:13.006Z",
        "value": "5.130323886871338",
        "cumulative": false
    },
    {
        "date": "2020-12-08T10:57:19.135Z",
        "value": "0.9017453193664551",
        "cumulative": false
    },
    {
        "date": "2020-12-08T10:57:25.097Z",
        "value": "0.9113724231719971",
        "cumulative": false
    },
    {
        "date": "2020-12-08T10:57:31.322Z",
        "value": "0.8832035064697266",
        "cumulative": false
    },
    {
        "date": "2020-12-08T10:57:37.266Z",
        "value": "0.9007830619812012",
        "cumulative": false
    },
    {
        "date": "2020-12-08T10:57:43.388Z",
        "value": "0.9142684936523438",
        "cumulative": false
    },
    {
        "date": "2020-12-08T10:57:49.377Z",
        "value": "0.8570084571838379",
        "cumulative": false
    },
    {
        "date": "2020-12-08T10:57:55.463Z",
        "value": "0.8775856494903564",
        "cumulative": false
    },
    {
        "date": "2020-12-08T10:58:01.521Z",
        "value": "0.8790934085845947",
        "cumulative": false
    },
    {
        "date": "2020-12-08T10:58:07.525Z",
        "value": "0.9124190807342529",
        "cumulative": false
    }
]