[
    {
        "date": "2020-12-08T10:57:13.006Z",
        "value": "9.264659643173218",
        "cumulative": false
    },
    {
        "date": "2020-12-08T10:57:19.135Z",
        "value": "5.012893438339233",
        "cumulative": false
    },
    {
        "date": "2020-12-08T10:57:25.097Z",
        "value": "4.975956916809082",
        "cumulative": false
    },
    {
        "date": "2020-12-08T10:57:31.322Z",
        "value": "5.241328954696655",
        "cumulative": false
    },
    {
        "date": "2020-12-08T10:57:37.265Z",
        "value": "4.988234758377075",
        "cumulative": false
    },
    {
        "date": "2020-12-08T10:57:43.388Z",
        "value": "5.011571645736694",
        "cumulative": false
    },
    {
        "date": "2020-12-08T10:57:49.377Z",
        "value": "4.908947229385376",
        "cumulative": false
    },
    {
        "date": "2020-12-08T10:57:55.463Z",
        "value": "5.083083629608154",
        "cumulative": false
    },
    {
        "date": "2020-12-08T10:58:01.520Z",
        "value": "5.058039665222168",
        "cumulative": false
    },
    {
        "date": "2020-12-08T10:58:07.525Z",
        "value": "5.0589988231658936",
        "cumulative": false
    }
]