[
    {
        "date": "2020-12-08T10:57:12.986Z",
        "value": "0.03176546096801758",
        "cumulative": false
    },
    {
        "date": "2020-12-08T10:57:19.131Z",
        "value": "0.047252655029296875",
        "cumulative": false
    },
    {
        "date": "2020-12-08T10:57:25.081Z",
        "value": "0.04455733299255371",
        "cumulative": false
    },
    {
        "date": "2020-12-08T10:57:31.300Z",
        "value": "0.044452667236328125",
        "cumulative": false
    },
    {
        "date": "2020-12-08T10:57:37.255Z",
        "value": "0.04082226753234863",
        "cumulative": false
    },
    {
        "date": "2020-12-08T10:57:43.356Z",
        "value": "0.03645634651184082",
        "cumulative": false
    },
    {
        "date": "2020-12-08T10:57:49.351Z",
        "value": "0.04117226600646973",
        "cumulative": false
    },
    {
        "date": "2020-12-08T10:57:55.455Z",
        "value": "0.037020206451416016",
        "cumulative": false
    },
    {
        "date": "2020-12-08T10:58:01.510Z",
        "value": "0.043312788009643555",
        "cumulative": false
    },
    {
        "date": "2020-12-08T10:58:07.526Z",
        "value": "0.03502082824707031",
        "cumulative": false
    }
]