[
    {
        "date": "2020-12-08T10:57:12.992Z",
        "value": "9.63381028175354",
        "cumulative": false
    },
    {
        "date": "2020-12-08T10:57:19.132Z",
        "value": "5.081668138504028",
        "cumulative": false
    },
    {
        "date": "2020-12-08T10:57:25.086Z",
        "value": "4.995409965515137",
        "cumulative": false
    },
    {
        "date": "2020-12-08T10:57:31.304Z",
        "value": "5.28519082069397",
        "cumulative": false
    },
    {
        "date": "2020-12-08T10:57:37.262Z",
        "value": "5.028212785720825",
        "cumulative": false
    },
    {
        "date": "2020-12-08T10:57:43.369Z",
        "value": "5.079868316650391",
        "cumulative": false
    },
    {
        "date": "2020-12-08T10:57:49.369Z",
        "value": "4.973294496536255",
        "cumulative": false
    },
    {
        "date": "2020-12-08T10:57:55.456Z",
        "value": "5.12032675743103",
        "cumulative": false
    },
    {
        "date": "2020-12-08T10:58:01.516Z",
        "value": "5.108995199203491",
        "cumulative": false
    },
    {
        "date": "2020-12-08T10:58:07.516Z",
        "value": "5.114225149154663",
        "cumulative": false
    }
]