[
    {
        "date": "2020-12-08T10:57:12.993Z",
        "value": "0.023784160614013672",
        "cumulative": false
    },
    {
        "date": "2020-12-08T10:57:19.132Z",
        "value": "0.02288198471069336",
        "cumulative": false
    },
    {
        "date": "2020-12-08T10:57:25.087Z",
        "value": "0.02234959602355957",
        "cumulative": false
    },
    {
        "date": "2020-12-08T10:57:31.304Z",
        "value": "0.02209949493408203",
        "cumulative": false
    },
    {
        "date": "2020-12-08T10:57:37.262Z",
        "value": "0.02281332015991211",
        "cumulative": false
    },
    {
        "date": "2020-12-08T10:57:43.369Z",
        "value": "0.02238321304321289",
        "cumulative": false
    },
    {
        "date": "2020-12-08T10:57:49.369Z",
        "value": "0.022989511489868164",
        "cumulative": false
    },
    {
        "date": "2020-12-08T10:57:55.456Z",
        "value": "0.02277207374572754",
        "cumulative": false
    },
    {
        "date": "2020-12-08T10:58:01.516Z",
        "value": "0.023072242736816406",
        "cumulative": false
    },
    {
        "date": "2020-12-08T10:58:07.517Z",
        "value": "0.02335381507873535",
        "cumulative": false
    }
]