[
    {
        "date": "2020-12-08T10:57:13.006Z",
        "value": "2.2735190391540527",
        "cumulative": false
    },
    {
        "date": "2020-12-08T10:57:19.135Z",
        "value": "2.164881944656372",
        "cumulative": false
    },
    {
        "date": "2020-12-08T10:57:25.098Z",
        "value": "2.1612720489501953",
        "cumulative": false
    },
    {
        "date": "2020-12-08T10:57:31.322Z",
        "value": "2.479541540145874",
        "cumulative": false
    },
    {
        "date": "2020-12-08T10:57:37.266Z",
        "value": "2.1568145751953125",
        "cumulative": false
    },
    {
        "date": "2020-12-08T10:57:43.388Z",
        "value": "2.172666072845459",
        "cumulative": false
    },
    {
        "date": "2020-12-08T10:57:49.377Z",
        "value": "2.199317216873169",
        "cumulative": false
    },
    {
        "date": "2020-12-08T10:57:55.463Z",
        "value": "2.2571585178375244",
        "cumulative": false
    },
    {
        "date": "2020-12-08T10:58:01.521Z",
        "value": "2.26235032081604",
        "cumulative": false
    },
    {
        "date": "2020-12-08T10:58:07.526Z",
        "value": "2.226297378540039",
        "cumulative": false
    }
]