[
    {
        "date": "2020-12-08T10:57:12.993Z",
        "value": "0.00029921531677246094",
        "cumulative": false
    },
    {
        "date": "2020-12-08T10:57:19.133Z",
        "value": "0.00033020973205566406",
        "cumulative": false
    },
    {
        "date": "2020-12-08T10:57:25.087Z",
        "value": "0.00031447410583496094",
        "cumulative": false
    },
    {
        "date": "2020-12-08T10:57:31.304Z",
        "value": "0.0002694129943847656",
        "cumulative": false
    },
    {
        "date": "2020-12-08T10:57:37.262Z",
        "value": "0.0002772808074951172",
        "cumulative": false
    },
    {
        "date": "2020-12-08T10:57:43.369Z",
        "value": "0.0002925395965576172",
        "cumulative": false
    },
    {
        "date": "2020-12-08T10:57:49.369Z",
        "value": "0.00032806396484375",
        "cumulative": false
    },
    {
        "date": "2020-12-08T10:57:55.456Z",
        "value": "0.0003578662872314453",
        "cumulative": false
    },
    {
        "date": "2020-12-08T10:58:01.517Z",
        "value": "0.00030159950256347656",
        "cumulative": false
    },
    {
        "date": "2020-12-08T10:58:07.517Z",
        "value": "0.00032973289489746094",
        "cumulative": false
    }
]