[
    {
        "date": "2020-12-08T10:57:07.976Z",
        "value": "2.566725254058838",
        "cumulative": false
    },
    {
        "date": "2020-12-08T10:57:09.368Z",
        "value": "2.0633857250213623",
        "cumulative": false
    },
    {
        "date": "2020-12-08T10:57:10.603Z",
        "value": "1.7933366298675537",
        "cumulative": false
    },
    {
        "date": "2020-12-08T10:57:11.861Z",
        "value": "1.651154637336731",
        "cumulative": false
    },
    {
        "date": "2020-12-08T10:57:14.038Z",
        "value": "1.590463638305664",
        "cumulative": false
    },
    {
        "date": "2020-12-08T10:57:15.350Z",
        "value": "1.572768211364746",
        "cumulative": false
    },
    {
        "date": "2020-12-08T10:57:16.607Z",
        "value": "1.5680561065673828",
        "cumulative": false
    },
    {
        "date": "2020-12-08T10:57:17.873Z",
        "value": "1.4090893268585205",
        "cumulative": false
    },
    {
        "date": "2020-12-08T10:57:20.024Z",
        "value": "1.259958028793335",
        "cumulative": false
    },
    {
        "date": "2020-12-08T10:57:21.303Z",
        "value": "1.48357355594635",
        "cumulative": false
    },
    {
        "date": "2020-12-08T10:57:22.529Z",
        "value": "1.1200352907180786",
        "cumulative": false
    },
    {
        "date": "2020-12-08T10:57:23.893Z",
        "value": "1.2864750623703003",
        "cumulative": false
    },
    {
        "date": "2020-12-08T10:57:25.995Z",
        "value": "0.8812358379364014",
        "cumulative": false
    },
    {
        "date": "2020-12-08T10:57:27.460Z",
        "value": "1.1280739307403564",
        "cumulative": false
    },
    {
        "date": "2020-12-08T10:57:28.802Z",
        "value": "1.0297681093215942",
        "cumulative": false
    },
    {
        "date": "2020-12-08T10:57:30.135Z",
        "value": "0.9180963635444641",
        "cumulative": false
    },
    {
        "date": "2020-12-08T10:57:32.198Z",
        "value": "0.8539281487464905",
        "cumulative": false
    },
    {
        "date": "2020-12-08T10:57:33.537Z",
        "value": "0.850208044052124",
        "cumulative": false
    },
    {
        "date": "2020-12-08T10:57:34.881Z",
        "value": "0.7826290726661682",
        "cumulative": false
    },
    {
        "date": "2020-12-08T10:57:36.145Z",
        "value": "0.8459184169769287",
        "cumulative": false
    },
    {
        "date": "2020-12-08T10:57:38.320Z",
        "value": "0.8327693939208984",
        "cumulative": false
    },
    {
        "date": "2020-12-08T10:57:39.658Z",
        "value": "0.9562759399414062",
        "cumulative": false
    },
    {
        "date": "2020-12-08T10:57:40.918Z",
        "value": "0.7081791162490845",
        "cumulative": false
    },
    {
        "date": "2020-12-08T10:57:42.201Z",
        "value": "0.8088701963424683",
        "cumulative": false
    },
    {
        "date": "2020-12-08T10:57:44.386Z",
        "value": "0.6033693552017212",
        "cumulative": false
    },
    {
        "date": "2020-12-08T10:57:45.670Z",
        "value": "0.7788196206092834",
        "cumulative": false
    },
    {
        "date": "2020-12-08T10:57:46.928Z",
        "value": "0.6961948275566101",
        "cumulative": false
    },
    {
        "date": "2020-12-08T10:57:48.230Z",
        "value": "0.6657168865203857",
        "cumulative": false
    },
    {
        "date": "2020-12-08T10:57:50.306Z",
        "value": "0.6603992581367493",
        "cumulative": false
    },
    {
        "date": "2020-12-08T10:57:51.626Z",
        "value": "0.7004320621490479",
        "cumulative": false
    },
    {
        "date": "2020-12-08T10:57:52.933Z",
        "value": "0.680421769618988",
        "cumulative": false
    },
    {
        "date": "2020-12-08T10:57:54.270Z",
        "value": "0.5328832864761353",
        "cumulative": false
    },
    {
        "date": "2020-12-08T10:57:56.368Z",
        "value": "0.6464924812316895",
        "cumulative": false
    },
    {
        "date": "2020-12-08T10:57:57.635Z",
        "value": "0.5027621388435364",
        "cumulative": false
    },
    {
        "date": "2020-12-08T10:57:59.034Z",
        "value": "0.5595095157623291",
        "cumulative": false
    },
    {
        "date": "2020-12-08T10:58:00.399Z",
        "value": "0.719214677810669",
        "cumulative": false
    },
    {
        "date": "2020-12-08T10:58:02.397Z",
        "value": "0.5959857702255249",
        "cumulative": false
    },
    {
        "date": "2020-12-08T10:58:03.763Z",
        "value": "0.5647843480110168",
        "cumulative": false
    },
    {
        "date": "2020-12-08T10:58:05.078Z",
        "value": "0.40578514337539673",
        "cumulative": false
    },
    {
        "date": "2020-12-08T10:58:06.386Z",
        "value": "0.37621328234672546",
        "cumulative": false
    }
]