[
    {
        "date": "2020-12-08T10:57:12.987Z",
        "value": "9.662299633026123",
        "cumulative": false
    },
    {
        "date": "2020-12-08T10:57:19.133Z",
        "value": "5.110519170761108",
        "cumulative": false
    },
    {
        "date": "2020-12-08T10:57:25.083Z",
        "value": "5.032893896102905",
        "cumulative": false
    },
    {
        "date": "2020-12-08T10:57:31.304Z",
        "value": "5.30947470664978",
        "cumulative": false
    },
    {
        "date": "2020-12-08T10:57:37.258Z",
        "value": "5.0614471435546875",
        "cumulative": false
    },
    {
        "date": "2020-12-08T10:57:43.360Z",
        "value": "5.099623203277588",
        "cumulative": false
    },
    {
        "date": "2020-12-08T10:57:49.357Z",
        "value": "5.004659414291382",
        "cumulative": false
    },
    {
        "date": "2020-12-08T10:57:55.460Z",
        "value": "5.153143644332886",
        "cumulative": false
    },
    {
        "date": "2020-12-08T10:58:01.523Z",
        "value": "5.135404348373413",
        "cumulative": false
    },
    {
        "date": "2020-12-08T10:58:07.517Z",
        "value": "5.147487163543701",
        "cumulative": false
    }
]