[
    {
        "date": "2020-12-08T10:57:12.986Z",
        "value": "0.05503392219543457",
        "cumulative": false
    },
    {
        "date": "2020-12-08T10:57:19.131Z",
        "value": "0.054451704025268555",
        "cumulative": false
    },
    {
        "date": "2020-12-08T10:57:25.081Z",
        "value": "0.05746960639953613",
        "cumulative": false
    },
    {
        "date": "2020-12-08T10:57:31.300Z",
        "value": "0.05555558204650879",
        "cumulative": false
    },
    {
        "date": "2020-12-08T10:57:37.255Z",
        "value": "0.057160139083862305",
        "cumulative": false
    },
    {
        "date": "2020-12-08T10:57:43.356Z",
        "value": "0.05774378776550293",
        "cumulative": false
    },
    {
        "date": "2020-12-08T10:57:49.351Z",
        "value": "0.05523538589477539",
        "cumulative": false
    },
    {
        "date": "2020-12-08T10:57:55.455Z",
        "value": "0.05927848815917969",
        "cumulative": false
    },
    {
        "date": "2020-12-08T10:58:01.510Z",
        "value": "0.060448408126831055",
        "cumulative": false
    },
    {
        "date": "2020-12-08T10:58:07.526Z",
        "value": "0.0560450553894043",
        "cumulative": false
    }
]