[
    {
        "date": "2020-12-08T10:57:12.986Z",
        "value": "0.6168739795684814",
        "cumulative": false
    },
    {
        "date": "2020-12-08T10:57:19.131Z",
        "value": "0.5741517543792725",
        "cumulative": false
    },
    {
        "date": "2020-12-08T10:57:25.081Z",
        "value": "0.6052401065826416",
        "cumulative": false
    },
    {
        "date": "2020-12-08T10:57:31.300Z",
        "value": "0.575639009475708",
        "cumulative": false
    },
    {
        "date": "2020-12-08T10:57:37.255Z",
        "value": "0.6169390678405762",
        "cumulative": false
    },
    {
        "date": "2020-12-08T10:57:43.356Z",
        "value": "0.6025247573852539",
        "cumulative": false
    },
    {
        "date": "2020-12-08T10:57:49.351Z",
        "value": "0.6190087795257568",
        "cumulative": false
    },
    {
        "date": "2020-12-08T10:57:55.455Z",
        "value": "0.6172761917114258",
        "cumulative": false
    },
    {
        "date": "2020-12-08T10:58:01.510Z",
        "value": "0.5933327674865723",
        "cumulative": false
    },
    {
        "date": "2020-12-08T10:58:07.526Z",
        "value": "0.5879776477813721",
        "cumulative": false
    }
]