[
    {
        "date": "2020-12-08T11:05:26.893Z",
        "value": "0.0317537784576416",
        "cumulative": false
    },
    {
        "date": "2020-12-08T11:05:29.883Z",
        "value": "0.038930654525756836",
        "cumulative": false
    },
    {
        "date": "2020-12-08T11:05:32.870Z",
        "value": "0.0325474739074707",
        "cumulative": false
    },
    {
        "date": "2020-12-08T11:05:35.863Z",
        "value": "0.03070688247680664",
        "cumulative": false
    },
    {
        "date": "2020-12-08T11:05:38.837Z",
        "value": "0.03216099739074707",
        "cumulative": false
    },
    {
        "date": "2020-12-08T11:05:41.906Z",
        "value": "0.034887075424194336",
        "cumulative": false
    },
    {
        "date": "2020-12-08T11:05:44.912Z",
        "value": "0.030019044876098633",
        "cumulative": false
    },
    {
        "date": "2020-12-08T11:05:47.858Z",
        "value": "0.03254508972167969",
        "cumulative": false
    },
    {
        "date": "2020-12-08T11:05:50.980Z",
        "value": "0.03282523155212402",
        "cumulative": false
    },
    {
        "date": "2020-12-08T11:05:54.017Z",
        "value": "0.031926870346069336",
        "cumulative": false
    },
    {
        "date": "2020-12-08T11:05:57.045Z",
        "value": "0.03232407569885254",
        "cumulative": false
    },
    {
        "date": "2020-12-08T11:06:00.073Z",
        "value": "0.03142833709716797",
        "cumulative": false
    },
    {
        "date": "2020-12-08T11:06:03.120Z",
        "value": "0.031679630279541016",
        "cumulative": false
    }
]