[
    {
        "date": "2020-12-08T11:05:26.894Z",
        "value": "0.00013184547424316406",
        "cumulative": false
    },
    {
        "date": "2020-12-08T11:05:29.887Z",
        "value": "0.00012969970703125",
        "cumulative": false
    },
    {
        "date": "2020-12-08T11:05:32.875Z",
        "value": "0.0001513957977294922",
        "cumulative": false
    },
    {
        "date": "2020-12-08T11:05:35.867Z",
        "value": "0.00013113021850585938",
        "cumulative": false
    },
    {
        "date": "2020-12-08T11:05:38.841Z",
        "value": "0.00012350082397460938",
        "cumulative": false
    },
    {
        "date": "2020-12-08T11:05:41.907Z",
        "value": "0.00013756752014160156",
        "cumulative": false
    },
    {
        "date": "2020-12-08T11:05:44.920Z",
        "value": "0.00016951560974121094",
        "cumulative": false
    },
    {
        "date": "2020-12-08T11:05:47.863Z",
        "value": "0.00015974044799804688",
        "cumulative": false
    },
    {
        "date": "2020-12-08T11:05:50.984Z",
        "value": "0.00014662742614746094",
        "cumulative": false
    },
    {
        "date": "2020-12-08T11:05:54.026Z",
        "value": "0.00014734268188476562",
        "cumulative": false
    },
    {
        "date": "2020-12-08T11:05:57.042Z",
        "value": "0.0001766681671142578",
        "cumulative": false
    },
    {
        "date": "2020-12-08T11:06:00.078Z",
        "value": "0.00014138221740722656",
        "cumulative": false
    },
    {
        "date": "2020-12-08T11:06:03.139Z",
        "value": "0.00015544891357421875",
        "cumulative": false
    }
]