[
    {
        "date": "2020-12-08T11:05:26.894Z",
        "value": "0.27759385108947754",
        "cumulative": false
    },
    {
        "date": "2020-12-08T11:05:29.887Z",
        "value": "0.2799248695373535",
        "cumulative": false
    },
    {
        "date": "2020-12-08T11:05:32.875Z",
        "value": "0.28642964363098145",
        "cumulative": false
    },
    {
        "date": "2020-12-08T11:05:35.867Z",
        "value": "0.2786867618560791",
        "cumulative": false
    },
    {
        "date": "2020-12-08T11:05:38.841Z",
        "value": "0.26741862297058105",
        "cumulative": false
    },
    {
        "date": "2020-12-08T11:05:41.907Z",
        "value": "0.28262901306152344",
        "cumulative": false
    },
    {
        "date": "2020-12-08T11:05:44.920Z",
        "value": "0.2853248119354248",
        "cumulative": false
    },
    {
        "date": "2020-12-08T11:05:47.863Z",
        "value": "0.287935733795166",
        "cumulative": false
    },
    {
        "date": "2020-12-08T11:05:50.984Z",
        "value": "0.3012275695800781",
        "cumulative": false
    },
    {
        "date": "2020-12-08T11:05:54.026Z",
        "value": "0.29900240898132324",
        "cumulative": false
    },
    {
        "date": "2020-12-08T11:05:57.042Z",
        "value": "0.3056061267852783",
        "cumulative": false
    },
    {
        "date": "2020-12-08T11:06:00.078Z",
        "value": "0.3036320209503174",
        "cumulative": false
    },
    {
        "date": "2020-12-08T11:06:03.139Z",
        "value": "0.29465198516845703",
        "cumulative": false
    }
]