[
    {
        "date": "2020-12-08T11:05:26.902Z",
        "value": "0.01202082633972168",
        "cumulative": false
    },
    {
        "date": "2020-12-08T11:05:29.889Z",
        "value": "0.011197805404663086",
        "cumulative": false
    },
    {
        "date": "2020-12-08T11:05:32.881Z",
        "value": "0.010845422744750977",
        "cumulative": false
    },
    {
        "date": "2020-12-08T11:05:35.871Z",
        "value": "0.011112213134765625",
        "cumulative": false
    },
    {
        "date": "2020-12-08T11:05:38.850Z",
        "value": "0.011081695556640625",
        "cumulative": false
    },
    {
        "date": "2020-12-08T11:05:41.907Z",
        "value": "0.010450363159179688",
        "cumulative": false
    },
    {
        "date": "2020-12-08T11:05:44.915Z",
        "value": "0.010596275329589844",
        "cumulative": false
    },
    {
        "date": "2020-12-08T11:05:47.875Z",
        "value": "0.010671377182006836",
        "cumulative": false
    },
    {
        "date": "2020-12-08T11:05:50.990Z",
        "value": "0.011111974716186523",
        "cumulative": false
    },
    {
        "date": "2020-12-08T11:05:54.030Z",
        "value": "0.010624885559082031",
        "cumulative": false
    },
    {
        "date": "2020-12-08T11:05:57.054Z",
        "value": "0.01152348518371582",
        "cumulative": false
    },
    {
        "date": "2020-12-08T11:06:00.081Z",
        "value": "0.011162519454956055",
        "cumulative": false
    },
    {
        "date": "2020-12-08T11:06:03.141Z",
        "value": "0.012686967849731445",
        "cumulative": false
    }
]