[
    {
        "date": "2020-12-08T11:05:24.408Z",
        "value": "46.875",
        "cumulative": false
    },
    {
        "date": "2020-12-08T11:05:25.746Z",
        "value": "80.46875",
        "cumulative": false
    },
    {
        "date": "2020-12-08T11:05:27.447Z",
        "value": "84.375",
        "cumulative": false
    },
    {
        "date": "2020-12-08T11:05:28.729Z",
        "value": "84.375",
        "cumulative": false
    },
    {
        "date": "2020-12-08T11:05:30.450Z",
        "value": "90.625",
        "cumulative": false
    },
    {
        "date": "2020-12-08T11:05:31.731Z",
        "value": "88.28125",
        "cumulative": false
    },
    {
        "date": "2020-12-08T11:05:33.438Z",
        "value": "95.3125",
        "cumulative": false
    },
    {
        "date": "2020-12-08T11:05:34.708Z",
        "value": "96.875",
        "cumulative": false
    },
    {
        "date": "2020-12-08T11:05:36.428Z",
        "value": "98.4375",
        "cumulative": false
    },
    {
        "date": "2020-12-08T11:05:37.698Z",
        "value": "95.3125",
        "cumulative": false
    },
    {
        "date": "2020-12-08T11:05:39.426Z",
        "value": "97.65625",
        "cumulative": false
    },
    {
        "date": "2020-12-08T11:05:40.732Z",
        "value": "98.4375",
        "cumulative": false
    },
    {
        "date": "2020-12-08T11:05:42.471Z",
        "value": "97.65625",
        "cumulative": false
    },
    {
        "date": "2020-12-08T11:05:43.750Z",
        "value": "96.875",
        "cumulative": false
    },
    {
        "date": "2020-12-08T11:05:45.447Z",
        "value": "98.4375",
        "cumulative": false
    },
    {
        "date": "2020-12-08T11:05:46.736Z",
        "value": "97.65625",
        "cumulative": false
    },
    {
        "date": "2020-12-08T11:05:48.420Z",
        "value": "99.21875",
        "cumulative": false
    },
    {
        "date": "2020-12-08T11:05:49.757Z",
        "value": "99.21875",
        "cumulative": false
    },
    {
        "date": "2020-12-08T11:05:51.562Z",
        "value": "99.21875",
        "cumulative": false
    },
    {
        "date": "2020-12-08T11:05:52.866Z",
        "value": "100.0",
        "cumulative": false
    },
    {
        "date": "2020-12-08T11:05:54.583Z",
        "value": "96.875",
        "cumulative": false
    },
    {
        "date": "2020-12-08T11:05:55.868Z",
        "value": "99.21875",
        "cumulative": false
    },
    {
        "date": "2020-12-08T11:05:57.590Z",
        "value": "100.0",
        "cumulative": false
    },
    {
        "date": "2020-12-08T11:05:58.915Z",
        "value": "99.21875",
        "cumulative": false
    },
    {
        "date": "2020-12-08T11:06:00.632Z",
        "value": "100.0",
        "cumulative": false
    },
    {
        "date": "2020-12-08T11:06:01.951Z",
        "value": "100.0",
        "cumulative": false
    }
]