[
    {
        "date": "2020-12-08T11:05:24.404Z",
        "value": "10.15625",
        "cumulative": false
    },
    {
        "date": "2020-12-08T11:05:25.742Z",
        "value": "27.34375",
        "cumulative": false
    },
    {
        "date": "2020-12-08T11:05:27.443Z",
        "value": "31.25",
        "cumulative": false
    },
    {
        "date": "2020-12-08T11:05:28.728Z",
        "value": "45.3125",
        "cumulative": false
    },
    {
        "date": "2020-12-08T11:05:30.442Z",
        "value": "42.96875",
        "cumulative": false
    },
    {
        "date": "2020-12-08T11:05:31.726Z",
        "value": "50.78125",
        "cumulative": false
    },
    {
        "date": "2020-12-08T11:05:33.430Z",
        "value": "54.6875",
        "cumulative": false
    },
    {
        "date": "2020-12-08T11:05:34.705Z",
        "value": "58.59375",
        "cumulative": false
    },
    {
        "date": "2020-12-08T11:05:36.426Z",
        "value": "68.75",
        "cumulative": false
    },
    {
        "date": "2020-12-08T11:05:37.698Z",
        "value": "64.84375",
        "cumulative": false
    },
    {
        "date": "2020-12-08T11:05:39.423Z",
        "value": "67.96875",
        "cumulative": false
    },
    {
        "date": "2020-12-08T11:05:40.734Z",
        "value": "73.4375",
        "cumulative": false
    },
    {
        "date": "2020-12-08T11:05:42.468Z",
        "value": "75.78125",
        "cumulative": false
    },
    {
        "date": "2020-12-08T11:05:43.747Z",
        "value": "72.65625",
        "cumulative": false
    },
    {
        "date": "2020-12-08T11:05:45.449Z",
        "value": "77.34375",
        "cumulative": false
    },
    {
        "date": "2020-12-08T11:05:46.730Z",
        "value": "74.21875",
        "cumulative": false
    },
    {
        "date": "2020-12-08T11:05:48.412Z",
        "value": "77.34375",
        "cumulative": false
    },
    {
        "date": "2020-12-08T11:05:49.750Z",
        "value": "71.875",
        "cumulative": false
    },
    {
        "date": "2020-12-08T11:05:51.552Z",
        "value": "71.875",
        "cumulative": false
    },
    {
        "date": "2020-12-08T11:05:52.860Z",
        "value": "80.46875",
        "cumulative": false
    },
    {
        "date": "2020-12-08T11:05:54.586Z",
        "value": "80.46875",
        "cumulative": false
    },
    {
        "date": "2020-12-08T11:05:55.865Z",
        "value": "78.125",
        "cumulative": false
    },
    {
        "date": "2020-12-08T11:05:57.584Z",
        "value": "78.125",
        "cumulative": false
    },
    {
        "date": "2020-12-08T11:05:58.911Z",
        "value": "82.03125",
        "cumulative": false
    },
    {
        "date": "2020-12-08T11:06:00.629Z",
        "value": "79.6875",
        "cumulative": false
    },
    {
        "date": "2020-12-08T11:06:01.947Z",
        "value": "85.9375",
        "cumulative": false
    }
]