[
    {
        "date": "2020-12-08T11:05:26.883Z",
        "value": "1.7681820392608643",
        "cumulative": false
    },
    {
        "date": "2020-12-08T11:05:29.879Z",
        "value": "1.4828863143920898",
        "cumulative": false
    },
    {
        "date": "2020-12-08T11:05:32.870Z",
        "value": "1.3639256954193115",
        "cumulative": false
    },
    {
        "date": "2020-12-08T11:05:35.868Z",
        "value": "1.3622181415557861",
        "cumulative": false
    },
    {
        "date": "2020-12-08T11:05:38.836Z",
        "value": "1.4146687984466553",
        "cumulative": false
    },
    {
        "date": "2020-12-08T11:05:41.905Z",
        "value": "1.3279633522033691",
        "cumulative": false
    },
    {
        "date": "2020-12-08T11:05:44.903Z",
        "value": "1.4451251029968262",
        "cumulative": false
    },
    {
        "date": "2020-12-08T11:05:47.854Z",
        "value": "1.2943873405456543",
        "cumulative": false
    },
    {
        "date": "2020-12-08T11:05:50.987Z",
        "value": "1.5255908966064453",
        "cumulative": false
    },
    {
        "date": "2020-12-08T11:05:54.023Z",
        "value": "1.4805397987365723",
        "cumulative": false
    },
    {
        "date": "2020-12-08T11:05:57.042Z",
        "value": "1.4691874980926514",
        "cumulative": false
    },
    {
        "date": "2020-12-08T11:06:00.084Z",
        "value": "1.5171241760253906",
        "cumulative": false
    },
    {
        "date": "2020-12-08T11:06:03.121Z",
        "value": "1.52390456199646",
        "cumulative": false
    }
]