[
    {
        "date": "2020-12-08T11:05:26.902Z",
        "value": "0.13233208656311035",
        "cumulative": false
    },
    {
        "date": "2020-12-08T11:05:29.889Z",
        "value": "0.12515997886657715",
        "cumulative": false
    },
    {
        "date": "2020-12-08T11:05:32.881Z",
        "value": "0.12077903747558594",
        "cumulative": false
    },
    {
        "date": "2020-12-08T11:05:35.871Z",
        "value": "0.12228131294250488",
        "cumulative": false
    },
    {
        "date": "2020-12-08T11:05:38.850Z",
        "value": "0.12578392028808594",
        "cumulative": false
    },
    {
        "date": "2020-12-08T11:05:41.907Z",
        "value": "0.12303757667541504",
        "cumulative": false
    },
    {
        "date": "2020-12-08T11:05:44.915Z",
        "value": "0.11753058433532715",
        "cumulative": false
    },
    {
        "date": "2020-12-08T11:05:47.875Z",
        "value": "0.11254715919494629",
        "cumulative": false
    },
    {
        "date": "2020-12-08T11:05:50.990Z",
        "value": "0.1171109676361084",
        "cumulative": false
    },
    {
        "date": "2020-12-08T11:05:54.030Z",
        "value": "0.11802434921264648",
        "cumulative": false
    },
    {
        "date": "2020-12-08T11:05:57.053Z",
        "value": "0.11889076232910156",
        "cumulative": false
    },
    {
        "date": "2020-12-08T11:06:00.081Z",
        "value": "0.12343907356262207",
        "cumulative": false
    },
    {
        "date": "2020-12-08T11:06:03.141Z",
        "value": "0.13236331939697266",
        "cumulative": false
    }
]