[
    {
        "date": "2020-12-08T11:05:24.401Z",
        "value": "14.84375",
        "cumulative": false
    },
    {
        "date": "2020-12-08T11:05:25.741Z",
        "value": "25.0",
        "cumulative": false
    },
    {
        "date": "2020-12-08T11:05:27.446Z",
        "value": "28.90625",
        "cumulative": false
    },
    {
        "date": "2020-12-08T11:05:28.725Z",
        "value": "44.53125",
        "cumulative": false
    },
    {
        "date": "2020-12-08T11:05:30.445Z",
        "value": "42.1875",
        "cumulative": false
    },
    {
        "date": "2020-12-08T11:05:31.728Z",
        "value": "45.3125",
        "cumulative": false
    },
    {
        "date": "2020-12-08T11:05:33.436Z",
        "value": "57.03125",
        "cumulative": false
    },
    {
        "date": "2020-12-08T11:05:34.705Z",
        "value": "57.03125",
        "cumulative": false
    },
    {
        "date": "2020-12-08T11:05:36.422Z",
        "value": "62.5",
        "cumulative": false
    },
    {
        "date": "2020-12-08T11:05:37.691Z",
        "value": "63.28125",
        "cumulative": false
    },
    {
        "date": "2020-12-08T11:05:39.417Z",
        "value": "70.3125",
        "cumulative": false
    },
    {
        "date": "2020-12-08T11:05:40.727Z",
        "value": "67.1875",
        "cumulative": false
    },
    {
        "date": "2020-12-08T11:05:42.473Z",
        "value": "72.65625",
        "cumulative": false
    },
    {
        "date": "2020-12-08T11:05:43.746Z",
        "value": "73.4375",
        "cumulative": false
    },
    {
        "date": "2020-12-08T11:05:45.451Z",
        "value": "65.625",
        "cumulative": false
    },
    {
        "date": "2020-12-08T11:05:46.730Z",
        "value": "76.5625",
        "cumulative": false
    },
    {
        "date": "2020-12-08T11:05:48.409Z",
        "value": "72.65625",
        "cumulative": false
    },
    {
        "date": "2020-12-08T11:05:49.752Z",
        "value": "70.3125",
        "cumulative": false
    },
    {
        "date": "2020-12-08T11:05:51.552Z",
        "value": "78.90625",
        "cumulative": false
    },
    {
        "date": "2020-12-08T11:05:52.862Z",
        "value": "78.90625",
        "cumulative": false
    },
    {
        "date": "2020-12-08T11:05:54.586Z",
        "value": "75.78125",
        "cumulative": false
    },
    {
        "date": "2020-12-08T11:05:55.864Z",
        "value": "82.8125",
        "cumulative": false
    },
    {
        "date": "2020-12-08T11:05:57.581Z",
        "value": "75.0",
        "cumulative": false
    },
    {
        "date": "2020-12-08T11:05:58.908Z",
        "value": "77.34375",
        "cumulative": false
    },
    {
        "date": "2020-12-08T11:06:00.626Z",
        "value": "82.03125",
        "cumulative": false
    },
    {
        "date": "2020-12-08T11:06:01.946Z",
        "value": "89.84375",
        "cumulative": false
    }
]