[
    {
        "date": "2020-12-08T11:05:24.401Z",
        "value": "10.9375",
        "cumulative": false
    },
    {
        "date": "2020-12-08T11:05:25.743Z",
        "value": "15.625",
        "cumulative": false
    },
    {
        "date": "2020-12-08T11:05:27.436Z",
        "value": "21.875",
        "cumulative": false
    },
    {
        "date": "2020-12-08T11:05:28.726Z",
        "value": "35.9375",
        "cumulative": false
    },
    {
        "date": "2020-12-08T11:05:30.444Z",
        "value": "41.40625",
        "cumulative": false
    },
    {
        "date": "2020-12-08T11:05:31.729Z",
        "value": "53.90625",
        "cumulative": false
    },
    {
        "date": "2020-12-08T11:05:33.435Z",
        "value": "54.6875",
        "cumulative": false
    },
    {
        "date": "2020-12-08T11:05:34.709Z",
        "value": "59.375",
        "cumulative": false
    },
    {
        "date": "2020-12-08T11:05:36.423Z",
        "value": "53.90625",
        "cumulative": false
    },
    {
        "date": "2020-12-08T11:05:37.689Z",
        "value": "69.53125",
        "cumulative": false
    },
    {
        "date": "2020-12-08T11:05:39.421Z",
        "value": "69.53125",
        "cumulative": false
    },
    {
        "date": "2020-12-08T11:05:40.726Z",
        "value": "64.84375",
        "cumulative": false
    },
    {
        "date": "2020-12-08T11:05:42.470Z",
        "value": "68.75",
        "cumulative": false
    },
    {
        "date": "2020-12-08T11:05:43.745Z",
        "value": "71.875",
        "cumulative": false
    },
    {
        "date": "2020-12-08T11:05:45.441Z",
        "value": "68.75",
        "cumulative": false
    },
    {
        "date": "2020-12-08T11:05:46.728Z",
        "value": "75.78125",
        "cumulative": false
    },
    {
        "date": "2020-12-08T11:05:48.409Z",
        "value": "74.21875",
        "cumulative": false
    },
    {
        "date": "2020-12-08T11:05:49.748Z",
        "value": "78.125",
        "cumulative": false
    },
    {
        "date": "2020-12-08T11:05:51.548Z",
        "value": "71.09375",
        "cumulative": false
    },
    {
        "date": "2020-12-08T11:05:52.861Z",
        "value": "78.125",
        "cumulative": false
    },
    {
        "date": "2020-12-08T11:05:54.586Z",
        "value": "75.0",
        "cumulative": false
    },
    {
        "date": "2020-12-08T11:05:55.861Z",
        "value": "82.8125",
        "cumulative": false
    },
    {
        "date": "2020-12-08T11:05:57.576Z",
        "value": "82.8125",
        "cumulative": false
    },
    {
        "date": "2020-12-08T11:05:58.907Z",
        "value": "76.5625",
        "cumulative": false
    },
    {
        "date": "2020-12-08T11:06:00.626Z",
        "value": "80.46875",
        "cumulative": false
    },
    {
        "date": "2020-12-08T11:06:01.945Z",
        "value": "81.25",
        "cumulative": false
    }
]