[
    {
        "date": "2020-12-08T11:05:26.892Z",
        "value": "0.28702473640441895",
        "cumulative": false
    },
    {
        "date": "2020-12-08T11:05:29.880Z",
        "value": "0.3172779083251953",
        "cumulative": false
    },
    {
        "date": "2020-12-08T11:05:32.870Z",
        "value": "0.31125736236572266",
        "cumulative": false
    },
    {
        "date": "2020-12-08T11:05:35.863Z",
        "value": "0.2813265323638916",
        "cumulative": false
    },
    {
        "date": "2020-12-08T11:05:38.837Z",
        "value": "0.3035852909088135",
        "cumulative": false
    },
    {
        "date": "2020-12-08T11:05:41.896Z",
        "value": "0.2704191207885742",
        "cumulative": false
    },
    {
        "date": "2020-12-08T11:05:44.903Z",
        "value": "0.2911415100097656",
        "cumulative": false
    },
    {
        "date": "2020-12-08T11:05:47.857Z",
        "value": "0.3196425437927246",
        "cumulative": false
    },
    {
        "date": "2020-12-08T11:05:50.979Z",
        "value": "0.3128070831298828",
        "cumulative": false
    },
    {
        "date": "2020-12-08T11:05:54.012Z",
        "value": "0.2823662757873535",
        "cumulative": false
    },
    {
        "date": "2020-12-08T11:05:57.046Z",
        "value": "0.2647087574005127",
        "cumulative": false
    },
    {
        "date": "2020-12-08T11:06:00.075Z",
        "value": "0.2668466567993164",
        "cumulative": false
    },
    {
        "date": "2020-12-08T11:06:03.123Z",
        "value": "0.309584379196167",
        "cumulative": false
    }
]