[
    {
        "date": "2020-12-08T11:05:24.398Z",
        "value": "2.496805429458618",
        "cumulative": false
    },
    {
        "date": "2020-12-08T11:05:25.735Z",
        "value": "1.9942588806152344",
        "cumulative": false
    },
    {
        "date": "2020-12-08T11:05:27.439Z",
        "value": "1.920229434967041",
        "cumulative": false
    },
    {
        "date": "2020-12-08T11:05:28.720Z",
        "value": "1.7240917682647705",
        "cumulative": false
    },
    {
        "date": "2020-12-08T11:05:30.439Z",
        "value": "1.386091947555542",
        "cumulative": false
    },
    {
        "date": "2020-12-08T11:05:31.727Z",
        "value": "1.275046467781067",
        "cumulative": false
    },
    {
        "date": "2020-12-08T11:05:33.431Z",
        "value": "1.1439738273620605",
        "cumulative": false
    },
    {
        "date": "2020-12-08T11:05:34.701Z",
        "value": "1.034523367881775",
        "cumulative": false
    },
    {
        "date": "2020-12-08T11:05:36.416Z",
        "value": "1.2214511632919312",
        "cumulative": false
    },
    {
        "date": "2020-12-08T11:05:37.689Z",
        "value": "1.0899944305419922",
        "cumulative": false
    },
    {
        "date": "2020-12-08T11:05:39.421Z",
        "value": "0.8966144323348999",
        "cumulative": false
    },
    {
        "date": "2020-12-08T11:05:40.724Z",
        "value": "0.933738648891449",
        "cumulative": false
    },
    {
        "date": "2020-12-08T11:05:42.472Z",
        "value": "0.701754629611969",
        "cumulative": false
    },
    {
        "date": "2020-12-08T11:05:43.740Z",
        "value": "0.775550901889801",
        "cumulative": false
    },
    {
        "date": "2020-12-08T11:05:45.448Z",
        "value": "0.7225852608680725",
        "cumulative": false
    },
    {
        "date": "2020-12-08T11:05:46.725Z",
        "value": "0.9328125715255737",
        "cumulative": false
    },
    {
        "date": "2020-12-08T11:05:48.415Z",
        "value": "0.5840481519699097",
        "cumulative": false
    },
    {
        "date": "2020-12-08T11:05:49.747Z",
        "value": "0.6427938938140869",
        "cumulative": false
    },
    {
        "date": "2020-12-08T11:05:51.551Z",
        "value": "0.5683144927024841",
        "cumulative": false
    },
    {
        "date": "2020-12-08T11:05:52.857Z",
        "value": "0.5877686738967896",
        "cumulative": false
    },
    {
        "date": "2020-12-08T11:05:54.588Z",
        "value": "0.5960846543312073",
        "cumulative": false
    },
    {
        "date": "2020-12-08T11:05:55.862Z",
        "value": "0.5222864747047424",
        "cumulative": false
    },
    {
        "date": "2020-12-08T11:05:57.586Z",
        "value": "0.49189886450767517",
        "cumulative": false
    },
    {
        "date": "2020-12-08T11:05:58.909Z",
        "value": "0.5541630983352661",
        "cumulative": false
    },
    {
        "date": "2020-12-08T11:06:00.628Z",
        "value": "0.6156275272369385",
        "cumulative": false
    },
    {
        "date": "2020-12-08T11:06:01.941Z",
        "value": "0.3953842520713806",
        "cumulative": false
    }
]