[
    {
        "date": "2020-12-08T11:05:26.902Z",
        "value": "2.6756672859191895",
        "cumulative": false
    },
    {
        "date": "2020-12-08T11:05:29.889Z",
        "value": "0.3855280876159668",
        "cumulative": false
    },
    {
        "date": "2020-12-08T11:05:32.881Z",
        "value": "0.37601542472839355",
        "cumulative": false
    },
    {
        "date": "2020-12-08T11:05:35.871Z",
        "value": "0.37810468673706055",
        "cumulative": false
    },
    {
        "date": "2020-12-08T11:05:38.850Z",
        "value": "0.3654673099517822",
        "cumulative": false
    },
    {
        "date": "2020-12-08T11:05:41.907Z",
        "value": "0.3528101444244385",
        "cumulative": false
    },
    {
        "date": "2020-12-08T11:05:44.915Z",
        "value": "0.3766331672668457",
        "cumulative": false
    },
    {
        "date": "2020-12-08T11:05:47.875Z",
        "value": "0.3578658103942871",
        "cumulative": false
    },
    {
        "date": "2020-12-08T11:05:50.990Z",
        "value": "0.38051676750183105",
        "cumulative": false
    },
    {
        "date": "2020-12-08T11:05:54.030Z",
        "value": "0.3902435302734375",
        "cumulative": false
    },
    {
        "date": "2020-12-08T11:05:57.054Z",
        "value": "0.3893311023712158",
        "cumulative": false
    },
    {
        "date": "2020-12-08T11:06:00.081Z",
        "value": "0.3987083435058594",
        "cumulative": false
    },
    {
        "date": "2020-12-08T11:06:03.141Z",
        "value": "0.4090869426727295",
        "cumulative": false
    }
]