[
    {
        "date": "2020-12-08T11:05:24.399Z",
        "value": "2.4750990867614746",
        "cumulative": false
    },
    {
        "date": "2020-12-08T11:05:25.741Z",
        "value": "2.0453367233276367",
        "cumulative": false
    },
    {
        "date": "2020-12-08T11:05:27.436Z",
        "value": "1.8474385738372803",
        "cumulative": false
    },
    {
        "date": "2020-12-08T11:05:28.725Z",
        "value": "1.636457085609436",
        "cumulative": false
    },
    {
        "date": "2020-12-08T11:05:30.444Z",
        "value": "1.5153191089630127",
        "cumulative": false
    },
    {
        "date": "2020-12-08T11:05:31.729Z",
        "value": "1.3389149904251099",
        "cumulative": false
    },
    {
        "date": "2020-12-08T11:05:33.435Z",
        "value": "1.1707266569137573",
        "cumulative": false
    },
    {
        "date": "2020-12-08T11:05:34.709Z",
        "value": "1.2032926082611084",
        "cumulative": false
    },
    {
        "date": "2020-12-08T11:05:36.422Z",
        "value": "1.137349009513855",
        "cumulative": false
    },
    {
        "date": "2020-12-08T11:05:37.688Z",
        "value": "0.8459360599517822",
        "cumulative": false
    },
    {
        "date": "2020-12-08T11:05:39.421Z",
        "value": "0.8986883163452148",
        "cumulative": false
    },
    {
        "date": "2020-12-08T11:05:40.725Z",
        "value": "0.9579311013221741",
        "cumulative": false
    },
    {
        "date": "2020-12-08T11:05:42.469Z",
        "value": "0.8690641522407532",
        "cumulative": false
    },
    {
        "date": "2020-12-08T11:05:43.745Z",
        "value": "0.8162033557891846",
        "cumulative": false
    },
    {
        "date": "2020-12-08T11:05:45.441Z",
        "value": "0.8096567988395691",
        "cumulative": false
    },
    {
        "date": "2020-12-08T11:05:46.728Z",
        "value": "0.7583615779876709",
        "cumulative": false
    },
    {
        "date": "2020-12-08T11:05:48.409Z",
        "value": "0.6825056076049805",
        "cumulative": false
    },
    {
        "date": "2020-12-08T11:05:49.748Z",
        "value": "0.7666672468185425",
        "cumulative": false
    },
    {
        "date": "2020-12-08T11:05:51.548Z",
        "value": "0.8328525424003601",
        "cumulative": false
    },
    {
        "date": "2020-12-08T11:05:52.861Z",
        "value": "0.6978743076324463",
        "cumulative": false
    },
    {
        "date": "2020-12-08T11:05:54.586Z",
        "value": "0.6541538238525391",
        "cumulative": false
    },
    {
        "date": "2020-12-08T11:05:55.861Z",
        "value": "0.5490429401397705",
        "cumulative": false
    },
    {
        "date": "2020-12-08T11:05:57.576Z",
        "value": "0.47212013602256775",
        "cumulative": false
    },
    {
        "date": "2020-12-08T11:05:58.906Z",
        "value": "0.6522684097290039",
        "cumulative": false
    },
    {
        "date": "2020-12-08T11:06:00.626Z",
        "value": "0.47419410943984985",
        "cumulative": false
    },
    {
        "date": "2020-12-08T11:06:01.945Z",
        "value": "0.6451463103294373",
        "cumulative": false
    }
]