[
    {
        "date": "2020-12-08T11:05:26.891Z",
        "value": "0.01122283935546875",
        "cumulative": false
    },
    {
        "date": "2020-12-08T11:05:29.893Z",
        "value": "0.009569644927978516",
        "cumulative": false
    },
    {
        "date": "2020-12-08T11:05:32.881Z",
        "value": "0.010466575622558594",
        "cumulative": false
    },
    {
        "date": "2020-12-08T11:05:35.871Z",
        "value": "0.010041236877441406",
        "cumulative": false
    },
    {
        "date": "2020-12-08T11:05:38.838Z",
        "value": "0.010815858840942383",
        "cumulative": false
    },
    {
        "date": "2020-12-08T11:05:41.908Z",
        "value": "0.010309696197509766",
        "cumulative": false
    },
    {
        "date": "2020-12-08T11:05:44.906Z",
        "value": "0.010411977767944336",
        "cumulative": false
    },
    {
        "date": "2020-12-08T11:05:47.865Z",
        "value": "0.009463310241699219",
        "cumulative": false
    },
    {
        "date": "2020-12-08T11:05:50.980Z",
        "value": "0.010184288024902344",
        "cumulative": false
    },
    {
        "date": "2020-12-08T11:05:54.015Z",
        "value": "0.010312557220458984",
        "cumulative": false
    },
    {
        "date": "2020-12-08T11:05:57.037Z",
        "value": "0.010471343994140625",
        "cumulative": false
    },
    {
        "date": "2020-12-08T11:06:00.077Z",
        "value": "0.010030269622802734",
        "cumulative": false
    },
    {
        "date": "2020-12-08T11:06:03.121Z",
        "value": "0.01019430160522461",
        "cumulative": false
    }
]