[
    {
        "date": "2020-12-08T11:05:26.883Z",
        "value": "0.23110294342041016",
        "cumulative": false
    },
    {
        "date": "2020-12-08T11:05:29.879Z",
        "value": "0.2303154468536377",
        "cumulative": false
    },
    {
        "date": "2020-12-08T11:05:32.870Z",
        "value": "0.25611209869384766",
        "cumulative": false
    },
    {
        "date": "2020-12-08T11:05:35.868Z",
        "value": "0.24929547309875488",
        "cumulative": false
    },
    {
        "date": "2020-12-08T11:05:38.836Z",
        "value": "0.24217820167541504",
        "cumulative": false
    },
    {
        "date": "2020-12-08T11:05:41.905Z",
        "value": "0.2674989700317383",
        "cumulative": false
    },
    {
        "date": "2020-12-08T11:05:44.903Z",
        "value": "0.23897838592529297",
        "cumulative": false
    },
    {
        "date": "2020-12-08T11:05:47.854Z",
        "value": "0.26299524307250977",
        "cumulative": false
    },
    {
        "date": "2020-12-08T11:05:50.987Z",
        "value": "0.2633373737335205",
        "cumulative": false
    },
    {
        "date": "2020-12-08T11:05:54.023Z",
        "value": "0.24846386909484863",
        "cumulative": false
    },
    {
        "date": "2020-12-08T11:05:57.042Z",
        "value": "0.24474263191223145",
        "cumulative": false
    },
    {
        "date": "2020-12-08T11:06:00.084Z",
        "value": "0.24795031547546387",
        "cumulative": false
    },
    {
        "date": "2020-12-08T11:06:03.121Z",
        "value": "0.2362842559814453",
        "cumulative": false
    }
]