[
    {
        "date": "2020-12-08T11:05:26.890Z",
        "value": "1.2978401184082031",
        "cumulative": false
    },
    {
        "date": "2020-12-08T11:05:29.895Z",
        "value": "1.2459349632263184",
        "cumulative": false
    },
    {
        "date": "2020-12-08T11:05:32.874Z",
        "value": "1.20589280128479",
        "cumulative": false
    },
    {
        "date": "2020-12-08T11:05:35.874Z",
        "value": "1.2674016952514648",
        "cumulative": false
    },
    {
        "date": "2020-12-08T11:05:38.846Z",
        "value": "1.1466739177703857",
        "cumulative": false
    },
    {
        "date": "2020-12-08T11:05:41.911Z",
        "value": "1.265364646911621",
        "cumulative": false
    },
    {
        "date": "2020-12-08T11:05:44.911Z",
        "value": "1.2354023456573486",
        "cumulative": false
    },
    {
        "date": "2020-12-08T11:05:47.863Z",
        "value": "1.1966290473937988",
        "cumulative": false
    },
    {
        "date": "2020-12-08T11:05:50.982Z",
        "value": "1.3011846542358398",
        "cumulative": false
    },
    {
        "date": "2020-12-08T11:05:54.030Z",
        "value": "1.1593680381774902",
        "cumulative": false
    },
    {
        "date": "2020-12-08T11:05:57.046Z",
        "value": "1.2443294525146484",
        "cumulative": false
    },
    {
        "date": "2020-12-08T11:06:00.080Z",
        "value": "1.213254690170288",
        "cumulative": false
    },
    {
        "date": "2020-12-08T11:06:03.125Z",
        "value": "1.264380931854248",
        "cumulative": false
    }
]