[
    {
        "date": "2020-12-08T11:05:26.890Z",
        "value": "0.01112055778503418",
        "cumulative": false
    },
    {
        "date": "2020-12-08T11:05:29.895Z",
        "value": "0.01043844223022461",
        "cumulative": false
    },
    {
        "date": "2020-12-08T11:05:32.874Z",
        "value": "0.011156558990478516",
        "cumulative": false
    },
    {
        "date": "2020-12-08T11:05:35.874Z",
        "value": "0.010845422744750977",
        "cumulative": false
    },
    {
        "date": "2020-12-08T11:05:38.846Z",
        "value": "0.011363983154296875",
        "cumulative": false
    },
    {
        "date": "2020-12-08T11:05:41.911Z",
        "value": "0.010938167572021484",
        "cumulative": false
    },
    {
        "date": "2020-12-08T11:05:44.911Z",
        "value": "0.010890007019042969",
        "cumulative": false
    },
    {
        "date": "2020-12-08T11:05:47.863Z",
        "value": "0.011259078979492188",
        "cumulative": false
    },
    {
        "date": "2020-12-08T11:05:50.982Z",
        "value": "0.011289834976196289",
        "cumulative": false
    },
    {
        "date": "2020-12-08T11:05:54.030Z",
        "value": "0.011653900146484375",
        "cumulative": false
    },
    {
        "date": "2020-12-08T11:05:57.046Z",
        "value": "0.011519193649291992",
        "cumulative": false
    },
    {
        "date": "2020-12-08T11:06:00.080Z",
        "value": "0.011683464050292969",
        "cumulative": false
    },
    {
        "date": "2020-12-08T11:06:03.125Z",
        "value": "0.011130332946777344",
        "cumulative": false
    }
]