[
    {
        "date": "2020-12-08T11:05:24.404Z",
        "value": "15.625",
        "cumulative": false
    },
    {
        "date": "2020-12-08T11:05:25.740Z",
        "value": "26.5625",
        "cumulative": false
    },
    {
        "date": "2020-12-08T11:05:27.439Z",
        "value": "28.90625",
        "cumulative": false
    },
    {
        "date": "2020-12-08T11:05:28.724Z",
        "value": "35.15625",
        "cumulative": false
    },
    {
        "date": "2020-12-08T11:05:30.447Z",
        "value": "49.21875",
        "cumulative": false
    },
    {
        "date": "2020-12-08T11:05:31.731Z",
        "value": "46.875",
        "cumulative": false
    },
    {
        "date": "2020-12-08T11:05:33.431Z",
        "value": "47.65625",
        "cumulative": false
    },
    {
        "date": "2020-12-08T11:05:34.707Z",
        "value": "54.6875",
        "cumulative": false
    },
    {
        "date": "2020-12-08T11:05:36.424Z",
        "value": "60.9375",
        "cumulative": false
    },
    {
        "date": "2020-12-08T11:05:37.691Z",
        "value": "64.84375",
        "cumulative": false
    },
    {
        "date": "2020-12-08T11:05:39.424Z",
        "value": "72.65625",
        "cumulative": false
    },
    {
        "date": "2020-12-08T11:05:40.727Z",
        "value": "75.0",
        "cumulative": false
    },
    {
        "date": "2020-12-08T11:05:42.474Z",
        "value": "71.875",
        "cumulative": false
    },
    {
        "date": "2020-12-08T11:05:43.744Z",
        "value": "77.34375",
        "cumulative": false
    },
    {
        "date": "2020-12-08T11:05:45.450Z",
        "value": "71.09375",
        "cumulative": false
    },
    {
        "date": "2020-12-08T11:05:46.731Z",
        "value": "79.6875",
        "cumulative": false
    },
    {
        "date": "2020-12-08T11:05:48.417Z",
        "value": "77.34375",
        "cumulative": false
    },
    {
        "date": "2020-12-08T11:05:49.752Z",
        "value": "78.125",
        "cumulative": false
    },
    {
        "date": "2020-12-08T11:05:51.546Z",
        "value": "84.375",
        "cumulative": false
    },
    {
        "date": "2020-12-08T11:05:52.863Z",
        "value": "80.46875",
        "cumulative": false
    },
    {
        "date": "2020-12-08T11:05:54.592Z",
        "value": "79.6875",
        "cumulative": false
    },
    {
        "date": "2020-12-08T11:05:55.863Z",
        "value": "76.5625",
        "cumulative": false
    },
    {
        "date": "2020-12-08T11:05:57.584Z",
        "value": "78.90625",
        "cumulative": false
    },
    {
        "date": "2020-12-08T11:05:58.909Z",
        "value": "83.59375",
        "cumulative": false
    },
    {
        "date": "2020-12-08T11:06:00.635Z",
        "value": "89.84375",
        "cumulative": false
    },
    {
        "date": "2020-12-08T11:06:01.949Z",
        "value": "83.59375",
        "cumulative": false
    }
]