[
    {
        "date": "2020-12-08T11:05:26.892Z",
        "value": "4.778751850128174",
        "cumulative": false
    },
    {
        "date": "2020-12-08T11:05:29.880Z",
        "value": "2.452633857727051",
        "cumulative": false
    },
    {
        "date": "2020-12-08T11:05:32.870Z",
        "value": "2.4370367527008057",
        "cumulative": false
    },
    {
        "date": "2020-12-08T11:05:35.863Z",
        "value": "2.448481798171997",
        "cumulative": false
    },
    {
        "date": "2020-12-08T11:05:38.837Z",
        "value": "2.425821542739868",
        "cumulative": false
    },
    {
        "date": "2020-12-08T11:05:41.896Z",
        "value": "2.4743642807006836",
        "cumulative": false
    },
    {
        "date": "2020-12-08T11:05:44.903Z",
        "value": "2.4499001502990723",
        "cumulative": false
    },
    {
        "date": "2020-12-08T11:05:47.856Z",
        "value": "2.4166853427886963",
        "cumulative": false
    },
    {
        "date": "2020-12-08T11:05:50.979Z",
        "value": "2.5759506225585938",
        "cumulative": false
    },
    {
        "date": "2020-12-08T11:05:54.012Z",
        "value": "2.495199680328369",
        "cumulative": false
    },
    {
        "date": "2020-12-08T11:05:57.046Z",
        "value": "2.4897825717926025",
        "cumulative": false
    },
    {
        "date": "2020-12-08T11:06:00.075Z",
        "value": "2.4948341846466064",
        "cumulative": false
    },
    {
        "date": "2020-12-08T11:06:03.123Z",
        "value": "2.4968974590301514",
        "cumulative": false
    }
]