[
    {
        "date": "2020-12-08T11:05:26.888Z",
        "value": "0.03459477424621582",
        "cumulative": false
    },
    {
        "date": "2020-12-08T11:05:29.888Z",
        "value": "0.036321163177490234",
        "cumulative": false
    },
    {
        "date": "2020-12-08T11:05:32.876Z",
        "value": "0.034494876861572266",
        "cumulative": false
    },
    {
        "date": "2020-12-08T11:05:35.866Z",
        "value": "0.03495383262634277",
        "cumulative": false
    },
    {
        "date": "2020-12-08T11:05:38.837Z",
        "value": "0.03351759910583496",
        "cumulative": false
    },
    {
        "date": "2020-12-08T11:05:41.916Z",
        "value": "0.033738136291503906",
        "cumulative": false
    },
    {
        "date": "2020-12-08T11:05:44.909Z",
        "value": "0.03504371643066406",
        "cumulative": false
    },
    {
        "date": "2020-12-08T11:05:47.868Z",
        "value": "0.03502774238586426",
        "cumulative": false
    },
    {
        "date": "2020-12-08T11:05:50.981Z",
        "value": "0.03534960746765137",
        "cumulative": false
    },
    {
        "date": "2020-12-08T11:05:54.023Z",
        "value": "0.04169058799743652",
        "cumulative": false
    },
    {
        "date": "2020-12-08T11:05:57.040Z",
        "value": "0.03357076644897461",
        "cumulative": false
    },
    {
        "date": "2020-12-08T11:06:00.085Z",
        "value": "0.03297090530395508",
        "cumulative": false
    },
    {
        "date": "2020-12-08T11:06:03.122Z",
        "value": "0.033176422119140625",
        "cumulative": false
    }
]