[
    {
        "date": "2020-12-08T11:05:26.894Z",
        "value": "0.303194522857666",
        "cumulative": false
    },
    {
        "date": "2020-12-08T11:05:29.887Z",
        "value": "0.3266305923461914",
        "cumulative": false
    },
    {
        "date": "2020-12-08T11:05:32.875Z",
        "value": "0.32973718643188477",
        "cumulative": false
    },
    {
        "date": "2020-12-08T11:05:35.867Z",
        "value": "0.31540536880493164",
        "cumulative": false
    },
    {
        "date": "2020-12-08T11:05:38.841Z",
        "value": "0.30754947662353516",
        "cumulative": false
    },
    {
        "date": "2020-12-08T11:05:41.907Z",
        "value": "0.3299751281738281",
        "cumulative": false
    },
    {
        "date": "2020-12-08T11:05:44.920Z",
        "value": "0.3316478729248047",
        "cumulative": false
    },
    {
        "date": "2020-12-08T11:05:47.863Z",
        "value": "0.3020203113555908",
        "cumulative": false
    },
    {
        "date": "2020-12-08T11:05:50.984Z",
        "value": "0.3449859619140625",
        "cumulative": false
    },
    {
        "date": "2020-12-08T11:05:54.026Z",
        "value": "0.3430798053741455",
        "cumulative": false
    },
    {
        "date": "2020-12-08T11:05:57.042Z",
        "value": "0.34006667137145996",
        "cumulative": false
    },
    {
        "date": "2020-12-08T11:06:00.078Z",
        "value": "0.3306388854980469",
        "cumulative": false
    },
    {
        "date": "2020-12-08T11:06:03.139Z",
        "value": "0.32701897621154785",
        "cumulative": false
    }
]