[
    {
        "date": "2020-12-08T11:05:26.891Z",
        "value": "2.5882515907287598",
        "cumulative": false
    },
    {
        "date": "2020-12-08T11:05:29.893Z",
        "value": "0.33910346031188965",
        "cumulative": false
    },
    {
        "date": "2020-12-08T11:05:32.881Z",
        "value": "0.38214731216430664",
        "cumulative": false
    },
    {
        "date": "2020-12-08T11:05:35.871Z",
        "value": "0.3689134120941162",
        "cumulative": false
    },
    {
        "date": "2020-12-08T11:05:38.838Z",
        "value": "0.3898322582244873",
        "cumulative": false
    },
    {
        "date": "2020-12-08T11:05:41.908Z",
        "value": "0.3697044849395752",
        "cumulative": false
    },
    {
        "date": "2020-12-08T11:05:44.906Z",
        "value": "0.3673572540283203",
        "cumulative": false
    },
    {
        "date": "2020-12-08T11:05:47.865Z",
        "value": "0.35216450691223145",
        "cumulative": false
    },
    {
        "date": "2020-12-08T11:05:50.980Z",
        "value": "0.37813639640808105",
        "cumulative": false
    },
    {
        "date": "2020-12-08T11:05:54.015Z",
        "value": "0.36911797523498535",
        "cumulative": false
    },
    {
        "date": "2020-12-08T11:05:57.037Z",
        "value": "0.36792683601379395",
        "cumulative": false
    },
    {
        "date": "2020-12-08T11:06:00.077Z",
        "value": "0.38407039642333984",
        "cumulative": false
    },
    {
        "date": "2020-12-08T11:06:03.121Z",
        "value": "0.37058091163635254",
        "cumulative": false
    }
]