[
    {
        "date": "2020-12-08T11:05:26.894Z",
        "value": "4.775573968887329",
        "cumulative": false
    },
    {
        "date": "2020-12-08T11:05:29.886Z",
        "value": "2.4318933486938477",
        "cumulative": false
    },
    {
        "date": "2020-12-08T11:05:32.875Z",
        "value": "2.4101994037628174",
        "cumulative": false
    },
    {
        "date": "2020-12-08T11:05:35.867Z",
        "value": "2.4231598377227783",
        "cumulative": false
    },
    {
        "date": "2020-12-08T11:05:38.841Z",
        "value": "2.399627685546875",
        "cumulative": false
    },
    {
        "date": "2020-12-08T11:05:41.907Z",
        "value": "2.466377019882202",
        "cumulative": false
    },
    {
        "date": "2020-12-08T11:05:44.920Z",
        "value": "2.4258718490600586",
        "cumulative": false
    },
    {
        "date": "2020-12-08T11:05:47.863Z",
        "value": "2.4050607681274414",
        "cumulative": false
    },
    {
        "date": "2020-12-08T11:05:50.983Z",
        "value": "2.5531938076019287",
        "cumulative": false
    },
    {
        "date": "2020-12-08T11:05:54.026Z",
        "value": "2.471508502960205",
        "cumulative": false
    },
    {
        "date": "2020-12-08T11:05:57.042Z",
        "value": "2.442591667175293",
        "cumulative": false
    },
    {
        "date": "2020-12-08T11:06:00.078Z",
        "value": "2.4821503162384033",
        "cumulative": false
    },
    {
        "date": "2020-12-08T11:06:03.138Z",
        "value": "2.486386775970459",
        "cumulative": false
    }
]