[
    {
        "date": "2020-12-08T11:05:24.400Z",
        "value": "16.40625",
        "cumulative": false
    },
    {
        "date": "2020-12-08T11:05:25.736Z",
        "value": "23.4375",
        "cumulative": false
    },
    {
        "date": "2020-12-08T11:05:27.439Z",
        "value": "29.6875",
        "cumulative": false
    },
    {
        "date": "2020-12-08T11:05:28.720Z",
        "value": "31.25",
        "cumulative": false
    },
    {
        "date": "2020-12-08T11:05:30.439Z",
        "value": "46.09375",
        "cumulative": false
    },
    {
        "date": "2020-12-08T11:05:31.727Z",
        "value": "57.03125",
        "cumulative": false
    },
    {
        "date": "2020-12-08T11:05:33.431Z",
        "value": "58.59375",
        "cumulative": false
    },
    {
        "date": "2020-12-08T11:05:34.701Z",
        "value": "60.9375",
        "cumulative": false
    },
    {
        "date": "2020-12-08T11:05:36.416Z",
        "value": "55.46875",
        "cumulative": false
    },
    {
        "date": "2020-12-08T11:05:37.689Z",
        "value": "60.15625",
        "cumulative": false
    },
    {
        "date": "2020-12-08T11:05:39.422Z",
        "value": "67.96875",
        "cumulative": false
    },
    {
        "date": "2020-12-08T11:05:40.724Z",
        "value": "64.84375",
        "cumulative": false
    },
    {
        "date": "2020-12-08T11:05:42.473Z",
        "value": "74.21875",
        "cumulative": false
    },
    {
        "date": "2020-12-08T11:05:43.740Z",
        "value": "73.4375",
        "cumulative": false
    },
    {
        "date": "2020-12-08T11:05:45.448Z",
        "value": "75.0",
        "cumulative": false
    },
    {
        "date": "2020-12-08T11:05:46.725Z",
        "value": "67.1875",
        "cumulative": false
    },
    {
        "date": "2020-12-08T11:05:48.415Z",
        "value": "78.125",
        "cumulative": false
    },
    {
        "date": "2020-12-08T11:05:49.747Z",
        "value": "77.34375",
        "cumulative": false
    },
    {
        "date": "2020-12-08T11:05:51.551Z",
        "value": "81.25",
        "cumulative": false
    },
    {
        "date": "2020-12-08T11:05:52.857Z",
        "value": "77.34375",
        "cumulative": false
    },
    {
        "date": "2020-12-08T11:05:54.589Z",
        "value": "78.125",
        "cumulative": false
    },
    {
        "date": "2020-12-08T11:05:55.862Z",
        "value": "76.5625",
        "cumulative": false
    },
    {
        "date": "2020-12-08T11:05:57.586Z",
        "value": "82.03125",
        "cumulative": false
    },
    {
        "date": "2020-12-08T11:05:58.909Z",
        "value": "80.46875",
        "cumulative": false
    },
    {
        "date": "2020-12-08T11:06:00.628Z",
        "value": "80.46875",
        "cumulative": false
    },
    {
        "date": "2020-12-08T11:06:01.941Z",
        "value": "86.71875",
        "cumulative": false
    }
]