[
    {
        "date": "2020-12-08T11:05:26.890Z",
        "value": "4.76223087310791",
        "cumulative": false
    },
    {
        "date": "2020-12-08T11:05:29.895Z",
        "value": "2.4304819107055664",
        "cumulative": false
    },
    {
        "date": "2020-12-08T11:05:32.873Z",
        "value": "2.403855323791504",
        "cumulative": false
    },
    {
        "date": "2020-12-08T11:05:35.873Z",
        "value": "2.4298102855682373",
        "cumulative": false
    },
    {
        "date": "2020-12-08T11:05:38.846Z",
        "value": "2.3960371017456055",
        "cumulative": false
    },
    {
        "date": "2020-12-08T11:05:41.911Z",
        "value": "2.4630961418151855",
        "cumulative": false
    },
    {
        "date": "2020-12-08T11:05:44.911Z",
        "value": "2.4192936420440674",
        "cumulative": false
    },
    {
        "date": "2020-12-08T11:05:47.862Z",
        "value": "2.38826584815979",
        "cumulative": false
    },
    {
        "date": "2020-12-08T11:05:50.982Z",
        "value": "2.55047869682312",
        "cumulative": false
    },
    {
        "date": "2020-12-08T11:05:54.029Z",
        "value": "2.4510247707366943",
        "cumulative": false
    },
    {
        "date": "2020-12-08T11:05:57.046Z",
        "value": "2.470365285873413",
        "cumulative": false
    },
    {
        "date": "2020-12-08T11:06:00.080Z",
        "value": "2.4880073070526123",
        "cumulative": false
    },
    {
        "date": "2020-12-08T11:06:03.125Z",
        "value": "2.4784646034240723",
        "cumulative": false
    }
]