[
    {
        "date": "2020-12-08T11:05:26.891Z",
        "value": "4.764794826507568",
        "cumulative": false
    },
    {
        "date": "2020-12-08T11:05:29.893Z",
        "value": "2.4350364208221436",
        "cumulative": false
    },
    {
        "date": "2020-12-08T11:05:32.881Z",
        "value": "2.409712076187134",
        "cumulative": false
    },
    {
        "date": "2020-12-08T11:05:35.871Z",
        "value": "2.4371042251586914",
        "cumulative": false
    },
    {
        "date": "2020-12-08T11:05:38.838Z",
        "value": "2.3984031677246094",
        "cumulative": false
    },
    {
        "date": "2020-12-08T11:05:41.908Z",
        "value": "2.477924108505249",
        "cumulative": false
    },
    {
        "date": "2020-12-08T11:05:44.906Z",
        "value": "2.43357515335083",
        "cumulative": false
    },
    {
        "date": "2020-12-08T11:05:47.865Z",
        "value": "2.39977765083313",
        "cumulative": false
    },
    {
        "date": "2020-12-08T11:05:50.980Z",
        "value": "2.5500736236572266",
        "cumulative": false
    },
    {
        "date": "2020-12-08T11:05:54.015Z",
        "value": "2.469656229019165",
        "cumulative": false
    },
    {
        "date": "2020-12-08T11:05:57.037Z",
        "value": "2.4706339836120605",
        "cumulative": false
    },
    {
        "date": "2020-12-08T11:06:00.077Z",
        "value": "2.4755377769470215",
        "cumulative": false
    },
    {
        "date": "2020-12-08T11:06:03.121Z",
        "value": "2.4799065589904785",
        "cumulative": false
    }
]