[
    {
        "date": "2020-12-08T11:05:24.402Z",
        "value": "50.78125",
        "cumulative": false
    },
    {
        "date": "2020-12-08T11:05:25.745Z",
        "value": "80.46875",
        "cumulative": false
    },
    {
        "date": "2020-12-08T11:05:27.436Z",
        "value": "83.59375",
        "cumulative": false
    },
    {
        "date": "2020-12-08T11:05:28.726Z",
        "value": "85.9375",
        "cumulative": false
    },
    {
        "date": "2020-12-08T11:05:30.444Z",
        "value": "92.1875",
        "cumulative": false
    },
    {
        "date": "2020-12-08T11:05:31.729Z",
        "value": "92.96875",
        "cumulative": false
    },
    {
        "date": "2020-12-08T11:05:33.435Z",
        "value": "97.65625",
        "cumulative": false
    },
    {
        "date": "2020-12-08T11:05:34.709Z",
        "value": "93.75",
        "cumulative": false
    },
    {
        "date": "2020-12-08T11:05:36.423Z",
        "value": "96.09375",
        "cumulative": false
    },
    {
        "date": "2020-12-08T11:05:37.689Z",
        "value": "97.65625",
        "cumulative": false
    },
    {
        "date": "2020-12-08T11:05:39.421Z",
        "value": "98.4375",
        "cumulative": false
    },
    {
        "date": "2020-12-08T11:05:40.726Z",
        "value": "97.65625",
        "cumulative": false
    },
    {
        "date": "2020-12-08T11:05:42.470Z",
        "value": "99.21875",
        "cumulative": false
    },
    {
        "date": "2020-12-08T11:05:43.745Z",
        "value": "98.4375",
        "cumulative": false
    },
    {
        "date": "2020-12-08T11:05:45.441Z",
        "value": "97.65625",
        "cumulative": false
    },
    {
        "date": "2020-12-08T11:05:46.728Z",
        "value": "96.09375",
        "cumulative": false
    },
    {
        "date": "2020-12-08T11:05:48.409Z",
        "value": "98.4375",
        "cumulative": false
    },
    {
        "date": "2020-12-08T11:05:49.748Z",
        "value": "96.875",
        "cumulative": false
    },
    {
        "date": "2020-12-08T11:05:51.548Z",
        "value": "100.0",
        "cumulative": false
    },
    {
        "date": "2020-12-08T11:05:52.861Z",
        "value": "97.65625",
        "cumulative": false
    },
    {
        "date": "2020-12-08T11:05:54.586Z",
        "value": "99.21875",
        "cumulative": false
    },
    {
        "date": "2020-12-08T11:05:55.861Z",
        "value": "98.4375",
        "cumulative": false
    },
    {
        "date": "2020-12-08T11:05:57.576Z",
        "value": "99.21875",
        "cumulative": false
    },
    {
        "date": "2020-12-08T11:05:58.907Z",
        "value": "98.4375",
        "cumulative": false
    },
    {
        "date": "2020-12-08T11:06:00.626Z",
        "value": "99.21875",
        "cumulative": false
    },
    {
        "date": "2020-12-08T11:06:01.945Z",
        "value": "97.65625",
        "cumulative": false
    }
]