[
    {
        "date": "2020-12-08T11:05:24.405Z",
        "value": "2.527712106704712",
        "cumulative": false
    },
    {
        "date": "2020-12-08T11:05:25.741Z",
        "value": "2.005829095840454",
        "cumulative": false
    },
    {
        "date": "2020-12-08T11:05:27.447Z",
        "value": "1.7944514751434326",
        "cumulative": false
    },
    {
        "date": "2020-12-08T11:05:28.729Z",
        "value": "1.6945061683654785",
        "cumulative": false
    },
    {
        "date": "2020-12-08T11:05:30.450Z",
        "value": "1.4651422500610352",
        "cumulative": false
    },
    {
        "date": "2020-12-08T11:05:31.731Z",
        "value": "1.4477952718734741",
        "cumulative": false
    },
    {
        "date": "2020-12-08T11:05:33.438Z",
        "value": "1.2334585189819336",
        "cumulative": false
    },
    {
        "date": "2020-12-08T11:05:34.708Z",
        "value": "1.0136221647262573",
        "cumulative": false
    },
    {
        "date": "2020-12-08T11:05:36.428Z",
        "value": "1.1891340017318726",
        "cumulative": false
    },
    {
        "date": "2020-12-08T11:05:37.698Z",
        "value": "1.0655924081802368",
        "cumulative": false
    },
    {
        "date": "2020-12-08T11:05:39.426Z",
        "value": "1.017963171005249",
        "cumulative": false
    },
    {
        "date": "2020-12-08T11:05:40.732Z",
        "value": "0.7747296094894409",
        "cumulative": false
    },
    {
        "date": "2020-12-08T11:05:42.471Z",
        "value": "0.7052087187767029",
        "cumulative": false
    },
    {
        "date": "2020-12-08T11:05:43.750Z",
        "value": "0.8539178371429443",
        "cumulative": false
    },
    {
        "date": "2020-12-08T11:05:45.447Z",
        "value": "0.8712949752807617",
        "cumulative": false
    },
    {
        "date": "2020-12-08T11:05:46.736Z",
        "value": "0.7255085110664368",
        "cumulative": false
    },
    {
        "date": "2020-12-08T11:05:48.420Z",
        "value": "0.6827475428581238",
        "cumulative": false
    },
    {
        "date": "2020-12-08T11:05:49.757Z",
        "value": "0.6841519474983215",
        "cumulative": false
    },
    {
        "date": "2020-12-08T11:05:51.562Z",
        "value": "0.6868566274642944",
        "cumulative": false
    },
    {
        "date": "2020-12-08T11:05:52.866Z",
        "value": "0.5699915885925293",
        "cumulative": false
    },
    {
        "date": "2020-12-08T11:05:54.583Z",
        "value": "0.6753303408622742",
        "cumulative": false
    },
    {
        "date": "2020-12-08T11:05:55.868Z",
        "value": "0.47371143102645874",
        "cumulative": false
    },
    {
        "date": "2020-12-08T11:05:57.590Z",
        "value": "0.5992555618286133",
        "cumulative": false
    },
    {
        "date": "2020-12-08T11:05:58.915Z",
        "value": "0.34216272830963135",
        "cumulative": false
    },
    {
        "date": "2020-12-08T11:06:00.632Z",
        "value": "0.5655713677406311",
        "cumulative": false
    },
    {
        "date": "2020-12-08T11:06:01.951Z",
        "value": "0.426004022359848",
        "cumulative": false
    }
]