[
    {
        "date": "2020-12-08T11:05:26.883Z",
        "value": "4.79128623008728",
        "cumulative": false
    },
    {
        "date": "2020-12-08T11:05:29.879Z",
        "value": "2.4622642993927",
        "cumulative": false
    },
    {
        "date": "2020-12-08T11:05:32.870Z",
        "value": "2.4396848678588867",
        "cumulative": false
    },
    {
        "date": "2020-12-08T11:05:35.868Z",
        "value": "2.4529740810394287",
        "cumulative": false
    },
    {
        "date": "2020-12-08T11:05:38.836Z",
        "value": "2.4238853454589844",
        "cumulative": false
    },
    {
        "date": "2020-12-08T11:05:41.905Z",
        "value": "2.4906671047210693",
        "cumulative": false
    },
    {
        "date": "2020-12-08T11:05:44.903Z",
        "value": "2.4471778869628906",
        "cumulative": false
    },
    {
        "date": "2020-12-08T11:05:47.854Z",
        "value": "2.4166619777679443",
        "cumulative": false
    },
    {
        "date": "2020-12-08T11:05:50.987Z",
        "value": "2.57635235786438",
        "cumulative": false
    },
    {
        "date": "2020-12-08T11:05:54.022Z",
        "value": "2.4804999828338623",
        "cumulative": false
    },
    {
        "date": "2020-12-08T11:05:57.042Z",
        "value": "2.4909207820892334",
        "cumulative": false
    },
    {
        "date": "2020-12-08T11:06:00.084Z",
        "value": "2.5038845539093018",
        "cumulative": false
    },
    {
        "date": "2020-12-08T11:06:03.121Z",
        "value": "2.4924380779266357",
        "cumulative": false
    }
]