[
    {
        "date": "2020-12-08T11:05:26.893Z",
        "value": "0.3007032871246338",
        "cumulative": false
    },
    {
        "date": "2020-12-08T11:05:29.883Z",
        "value": "0.35749197006225586",
        "cumulative": false
    },
    {
        "date": "2020-12-08T11:05:32.870Z",
        "value": "0.35712289810180664",
        "cumulative": false
    },
    {
        "date": "2020-12-08T11:05:35.863Z",
        "value": "0.3304462432861328",
        "cumulative": false
    },
    {
        "date": "2020-12-08T11:05:38.837Z",
        "value": "0.3447549343109131",
        "cumulative": false
    },
    {
        "date": "2020-12-08T11:05:41.906Z",
        "value": "0.36004114151000977",
        "cumulative": false
    },
    {
        "date": "2020-12-08T11:05:44.912Z",
        "value": "0.31304430961608887",
        "cumulative": false
    },
    {
        "date": "2020-12-08T11:05:47.858Z",
        "value": "0.3630838394165039",
        "cumulative": false
    },
    {
        "date": "2020-12-08T11:05:50.980Z",
        "value": "0.36821508407592773",
        "cumulative": false
    },
    {
        "date": "2020-12-08T11:05:54.017Z",
        "value": "0.32111191749572754",
        "cumulative": false
    },
    {
        "date": "2020-12-08T11:05:57.045Z",
        "value": "0.327129602432251",
        "cumulative": false
    },
    {
        "date": "2020-12-08T11:06:00.073Z",
        "value": "0.33362460136413574",
        "cumulative": false
    },
    {
        "date": "2020-12-08T11:06:03.120Z",
        "value": "0.33392834663391113",
        "cumulative": false
    }
]