[
    {
        "date": "2020-12-08T11:05:26.888Z",
        "value": "0.29656553268432617",
        "cumulative": false
    },
    {
        "date": "2020-12-08T11:05:29.888Z",
        "value": "0.3114473819732666",
        "cumulative": false
    },
    {
        "date": "2020-12-08T11:05:32.876Z",
        "value": "0.2871127128601074",
        "cumulative": false
    },
    {
        "date": "2020-12-08T11:05:35.866Z",
        "value": "0.29822468757629395",
        "cumulative": false
    },
    {
        "date": "2020-12-08T11:05:38.837Z",
        "value": "0.2940399646759033",
        "cumulative": false
    },
    {
        "date": "2020-12-08T11:05:41.916Z",
        "value": "0.2893209457397461",
        "cumulative": false
    },
    {
        "date": "2020-12-08T11:05:44.909Z",
        "value": "0.30010151863098145",
        "cumulative": false
    },
    {
        "date": "2020-12-08T11:05:47.868Z",
        "value": "0.29663968086242676",
        "cumulative": false
    },
    {
        "date": "2020-12-08T11:05:50.981Z",
        "value": "0.30205678939819336",
        "cumulative": false
    },
    {
        "date": "2020-12-08T11:05:54.023Z",
        "value": "0.2902979850769043",
        "cumulative": false
    },
    {
        "date": "2020-12-08T11:05:57.040Z",
        "value": "0.2997467517852783",
        "cumulative": false
    },
    {
        "date": "2020-12-08T11:06:00.085Z",
        "value": "0.2829470634460449",
        "cumulative": false
    },
    {
        "date": "2020-12-08T11:06:03.122Z",
        "value": "0.2826366424560547",
        "cumulative": false
    }
]