[
    {
        "date": "2020-12-08T11:05:26.894Z",
        "value": "0.017958402633666992",
        "cumulative": false
    },
    {
        "date": "2020-12-08T11:05:29.886Z",
        "value": "0.021124839782714844",
        "cumulative": false
    },
    {
        "date": "2020-12-08T11:05:32.875Z",
        "value": "0.022149324417114258",
        "cumulative": false
    },
    {
        "date": "2020-12-08T11:05:35.867Z",
        "value": "0.027877092361450195",
        "cumulative": false
    },
    {
        "date": "2020-12-08T11:05:38.841Z",
        "value": "0.01685786247253418",
        "cumulative": false
    },
    {
        "date": "2020-12-08T11:05:41.907Z",
        "value": "0.023781538009643555",
        "cumulative": false
    },
    {
        "date": "2020-12-08T11:05:44.920Z",
        "value": "0.0233154296875",
        "cumulative": false
    },
    {
        "date": "2020-12-08T11:05:47.863Z",
        "value": "0.0177459716796875",
        "cumulative": false
    },
    {
        "date": "2020-12-08T11:05:50.983Z",
        "value": "0.01743602752685547",
        "cumulative": false
    },
    {
        "date": "2020-12-08T11:05:54.026Z",
        "value": "0.018795013427734375",
        "cumulative": false
    },
    {
        "date": "2020-12-08T11:05:57.042Z",
        "value": "0.015534400939941406",
        "cumulative": false
    },
    {
        "date": "2020-12-08T11:06:00.078Z",
        "value": "0.016161203384399414",
        "cumulative": false
    },
    {
        "date": "2020-12-08T11:06:03.138Z",
        "value": "0.016809463500976562",
        "cumulative": false
    }
]