[
    {
        "date": "2020-12-08T11:05:26.890Z",
        "value": "0.00015044212341308594",
        "cumulative": false
    },
    {
        "date": "2020-12-08T11:05:29.895Z",
        "value": "0.00014901161193847656",
        "cumulative": false
    },
    {
        "date": "2020-12-08T11:05:32.874Z",
        "value": "0.00018835067749023438",
        "cumulative": false
    },
    {
        "date": "2020-12-08T11:05:35.874Z",
        "value": "0.00016427040100097656",
        "cumulative": false
    },
    {
        "date": "2020-12-08T11:05:38.846Z",
        "value": "0.00016021728515625",
        "cumulative": false
    },
    {
        "date": "2020-12-08T11:05:41.911Z",
        "value": "0.00015854835510253906",
        "cumulative": false
    },
    {
        "date": "2020-12-08T11:05:44.911Z",
        "value": "0.00017714500427246094",
        "cumulative": false
    },
    {
        "date": "2020-12-08T11:05:47.863Z",
        "value": "0.0001385211944580078",
        "cumulative": false
    },
    {
        "date": "2020-12-08T11:05:50.982Z",
        "value": "0.0001678466796875",
        "cumulative": false
    },
    {
        "date": "2020-12-08T11:05:54.030Z",
        "value": "0.00015115737915039062",
        "cumulative": false
    },
    {
        "date": "2020-12-08T11:05:57.046Z",
        "value": "0.0001468658447265625",
        "cumulative": false
    },
    {
        "date": "2020-12-08T11:06:00.080Z",
        "value": "0.00017499923706054688",
        "cumulative": false
    },
    {
        "date": "2020-12-08T11:06:03.125Z",
        "value": "0.00014662742614746094",
        "cumulative": false
    }
]