[
    {
        "date": "2020-12-08T11:05:26.883Z",
        "value": "0.27161622047424316",
        "cumulative": false
    },
    {
        "date": "2020-12-08T11:05:29.879Z",
        "value": "0.28073549270629883",
        "cumulative": false
    },
    {
        "date": "2020-12-08T11:05:32.870Z",
        "value": "0.28020811080932617",
        "cumulative": false
    },
    {
        "date": "2020-12-08T11:05:35.868Z",
        "value": "0.32409095764160156",
        "cumulative": false
    },
    {
        "date": "2020-12-08T11:05:38.836Z",
        "value": "0.27602624893188477",
        "cumulative": false
    },
    {
        "date": "2020-12-08T11:05:41.905Z",
        "value": "0.3392002582550049",
        "cumulative": false
    },
    {
        "date": "2020-12-08T11:05:44.903Z",
        "value": "0.2758965492248535",
        "cumulative": false
    },
    {
        "date": "2020-12-08T11:05:47.854Z",
        "value": "0.3341822624206543",
        "cumulative": false
    },
    {
        "date": "2020-12-08T11:05:50.987Z",
        "value": "0.29915571212768555",
        "cumulative": false
    },
    {
        "date": "2020-12-08T11:05:54.022Z",
        "value": "0.2748301029205322",
        "cumulative": false
    },
    {
        "date": "2020-12-08T11:05:57.042Z",
        "value": "0.2887566089630127",
        "cumulative": false
    },
    {
        "date": "2020-12-08T11:06:00.084Z",
        "value": "0.28252649307250977",
        "cumulative": false
    },
    {
        "date": "2020-12-08T11:06:03.121Z",
        "value": "0.26083946228027344",
        "cumulative": false
    }
]