[
    {
        "date": "2020-12-08T11:05:24.400Z",
        "value": "49.21875",
        "cumulative": false
    },
    {
        "date": "2020-12-08T11:05:25.739Z",
        "value": "81.25",
        "cumulative": false
    },
    {
        "date": "2020-12-08T11:05:27.439Z",
        "value": "82.8125",
        "cumulative": false
    },
    {
        "date": "2020-12-08T11:05:28.720Z",
        "value": "88.28125",
        "cumulative": false
    },
    {
        "date": "2020-12-08T11:05:30.439Z",
        "value": "93.75",
        "cumulative": false
    },
    {
        "date": "2020-12-08T11:05:31.727Z",
        "value": "92.1875",
        "cumulative": false
    },
    {
        "date": "2020-12-08T11:05:33.431Z",
        "value": "96.09375",
        "cumulative": false
    },
    {
        "date": "2020-12-08T11:05:34.701Z",
        "value": "96.875",
        "cumulative": false
    },
    {
        "date": "2020-12-08T11:05:36.416Z",
        "value": "91.40625",
        "cumulative": false
    },
    {
        "date": "2020-12-08T11:05:37.689Z",
        "value": "96.875",
        "cumulative": false
    },
    {
        "date": "2020-12-08T11:05:39.422Z",
        "value": "98.4375",
        "cumulative": false
    },
    {
        "date": "2020-12-08T11:05:40.724Z",
        "value": "95.3125",
        "cumulative": false
    },
    {
        "date": "2020-12-08T11:05:42.473Z",
        "value": "99.21875",
        "cumulative": false
    },
    {
        "date": "2020-12-08T11:05:43.740Z",
        "value": "99.21875",
        "cumulative": false
    },
    {
        "date": "2020-12-08T11:05:45.448Z",
        "value": "99.21875",
        "cumulative": false
    },
    {
        "date": "2020-12-08T11:05:46.725Z",
        "value": "97.65625",
        "cumulative": false
    },
    {
        "date": "2020-12-08T11:05:48.415Z",
        "value": "100.0",
        "cumulative": false
    },
    {
        "date": "2020-12-08T11:05:49.747Z",
        "value": "98.4375",
        "cumulative": false
    },
    {
        "date": "2020-12-08T11:05:51.551Z",
        "value": "100.0",
        "cumulative": false
    },
    {
        "date": "2020-12-08T11:05:52.857Z",
        "value": "100.0",
        "cumulative": false
    },
    {
        "date": "2020-12-08T11:05:54.589Z",
        "value": "100.0",
        "cumulative": false
    },
    {
        "date": "2020-12-08T11:05:55.862Z",
        "value": "99.21875",
        "cumulative": false
    },
    {
        "date": "2020-12-08T11:05:57.586Z",
        "value": "99.21875",
        "cumulative": false
    },
    {
        "date": "2020-12-08T11:05:58.909Z",
        "value": "98.4375",
        "cumulative": false
    },
    {
        "date": "2020-12-08T11:06:00.628Z",
        "value": "97.65625",
        "cumulative": false
    },
    {
        "date": "2020-12-08T11:06:01.941Z",
        "value": "100.0",
        "cumulative": false
    }
]