[
    {
        "date": "2020-12-08T11:05:26.894Z",
        "value": "1.4777858257293701",
        "cumulative": false
    },
    {
        "date": "2020-12-08T11:05:29.887Z",
        "value": "1.2684690952301025",
        "cumulative": false
    },
    {
        "date": "2020-12-08T11:05:32.875Z",
        "value": "1.261249303817749",
        "cumulative": false
    },
    {
        "date": "2020-12-08T11:05:35.867Z",
        "value": "1.2866802215576172",
        "cumulative": false
    },
    {
        "date": "2020-12-08T11:05:38.841Z",
        "value": "1.2957427501678467",
        "cumulative": false
    },
    {
        "date": "2020-12-08T11:05:41.907Z",
        "value": "1.2848973274230957",
        "cumulative": false
    },
    {
        "date": "2020-12-08T11:05:44.920Z",
        "value": "1.2668366432189941",
        "cumulative": false
    },
    {
        "date": "2020-12-08T11:05:47.863Z",
        "value": "1.3228459358215332",
        "cumulative": false
    },
    {
        "date": "2020-12-08T11:05:50.984Z",
        "value": "1.349808931350708",
        "cumulative": false
    },
    {
        "date": "2020-12-08T11:05:54.026Z",
        "value": "1.2914085388183594",
        "cumulative": false
    },
    {
        "date": "2020-12-08T11:05:57.042Z",
        "value": "1.2422504425048828",
        "cumulative": false
    },
    {
        "date": "2020-12-08T11:06:00.078Z",
        "value": "1.2814035415649414",
        "cumulative": false
    },
    {
        "date": "2020-12-08T11:06:03.139Z",
        "value": "1.2958605289459229",
        "cumulative": false
    }
]