[
    {
        "date": "2020-12-08T11:05:26.887Z",
        "value": "4.767964601516724",
        "cumulative": false
    },
    {
        "date": "2020-12-08T11:05:29.887Z",
        "value": "2.4343507289886475",
        "cumulative": false
    },
    {
        "date": "2020-12-08T11:05:32.876Z",
        "value": "2.4080095291137695",
        "cumulative": false
    },
    {
        "date": "2020-12-08T11:05:35.866Z",
        "value": "2.42195200920105",
        "cumulative": false
    },
    {
        "date": "2020-12-08T11:05:38.837Z",
        "value": "2.3977537155151367",
        "cumulative": false
    },
    {
        "date": "2020-12-08T11:05:41.916Z",
        "value": "2.476341962814331",
        "cumulative": false
    },
    {
        "date": "2020-12-08T11:05:44.909Z",
        "value": "2.4317383766174316",
        "cumulative": false
    },
    {
        "date": "2020-12-08T11:05:47.868Z",
        "value": "2.400285243988037",
        "cumulative": false
    },
    {
        "date": "2020-12-08T11:05:50.980Z",
        "value": "2.5540659427642822",
        "cumulative": false
    },
    {
        "date": "2020-12-08T11:05:54.023Z",
        "value": "2.4571034908294678",
        "cumulative": false
    },
    {
        "date": "2020-12-08T11:05:57.040Z",
        "value": "2.469986915588379",
        "cumulative": false
    },
    {
        "date": "2020-12-08T11:06:00.084Z",
        "value": "2.4889602661132812",
        "cumulative": false
    },
    {
        "date": "2020-12-08T11:06:03.122Z",
        "value": "2.482449769973755",
        "cumulative": false
    }
]