[
    {
        "date": "2020-12-08T11:05:24.406Z",
        "value": "2.4867031574249268",
        "cumulative": false
    },
    {
        "date": "2020-12-08T11:05:25.746Z",
        "value": "2.0330610275268555",
        "cumulative": false
    },
    {
        "date": "2020-12-08T11:05:27.448Z",
        "value": "1.7558326721191406",
        "cumulative": false
    },
    {
        "date": "2020-12-08T11:05:28.733Z",
        "value": "1.6264253854751587",
        "cumulative": false
    },
    {
        "date": "2020-12-08T11:05:30.447Z",
        "value": "1.5043907165527344",
        "cumulative": false
    },
    {
        "date": "2020-12-08T11:05:31.735Z",
        "value": "1.3547389507293701",
        "cumulative": false
    },
    {
        "date": "2020-12-08T11:05:33.441Z",
        "value": "1.2509404420852661",
        "cumulative": false
    },
    {
        "date": "2020-12-08T11:05:34.717Z",
        "value": "1.0339384078979492",
        "cumulative": false
    },
    {
        "date": "2020-12-08T11:05:36.429Z",
        "value": "1.2023508548736572",
        "cumulative": false
    },
    {
        "date": "2020-12-08T11:05:37.696Z",
        "value": "1.1269510984420776",
        "cumulative": false
    },
    {
        "date": "2020-12-08T11:05:39.427Z",
        "value": "0.7925202250480652",
        "cumulative": false
    },
    {
        "date": "2020-12-08T11:05:40.729Z",
        "value": "0.8400525450706482",
        "cumulative": false
    },
    {
        "date": "2020-12-08T11:05:42.476Z",
        "value": "0.960078239440918",
        "cumulative": false
    },
    {
        "date": "2020-12-08T11:05:43.751Z",
        "value": "0.7752775549888611",
        "cumulative": false
    },
    {
        "date": "2020-12-08T11:05:45.452Z",
        "value": "0.683651864528656",
        "cumulative": false
    },
    {
        "date": "2020-12-08T11:05:46.736Z",
        "value": "0.7775427103042603",
        "cumulative": false
    },
    {
        "date": "2020-12-08T11:05:48.423Z",
        "value": "0.7136330604553223",
        "cumulative": false
    },
    {
        "date": "2020-12-08T11:05:49.761Z",
        "value": "0.7171191573143005",
        "cumulative": false
    },
    {
        "date": "2020-12-08T11:05:51.560Z",
        "value": "0.5285377502441406",
        "cumulative": false
    },
    {
        "date": "2020-12-08T11:05:52.867Z",
        "value": "0.6168382167816162",
        "cumulative": false
    },
    {
        "date": "2020-12-08T11:05:54.588Z",
        "value": "0.7583940625190735",
        "cumulative": false
    },
    {
        "date": "2020-12-08T11:05:55.867Z",
        "value": "0.42353492975234985",
        "cumulative": false
    },
    {
        "date": "2020-12-08T11:05:57.583Z",
        "value": "0.508079469203949",
        "cumulative": false
    },
    {
        "date": "2020-12-08T11:05:58.916Z",
        "value": "0.4296642243862152",
        "cumulative": false
    },
    {
        "date": "2020-12-08T11:06:00.640Z",
        "value": "0.5475385189056396",
        "cumulative": false
    },
    {
        "date": "2020-12-08T11:06:01.950Z",
        "value": "0.36671775579452515",
        "cumulative": false
    }
]