[
    {
        "date": "2020-12-08T11:05:24.400Z",
        "value": "2.4565205574035645",
        "cumulative": false
    },
    {
        "date": "2020-12-08T11:05:25.738Z",
        "value": "1.9696414470672607",
        "cumulative": false
    },
    {
        "date": "2020-12-08T11:05:27.440Z",
        "value": "1.747192621231079",
        "cumulative": false
    },
    {
        "date": "2020-12-08T11:05:28.722Z",
        "value": "1.5761334896087646",
        "cumulative": false
    },
    {
        "date": "2020-12-08T11:05:30.445Z",
        "value": "1.4835636615753174",
        "cumulative": false
    },
    {
        "date": "2020-12-08T11:05:31.722Z",
        "value": "1.3979367017745972",
        "cumulative": false
    },
    {
        "date": "2020-12-08T11:05:33.438Z",
        "value": "1.1893417835235596",
        "cumulative": false
    },
    {
        "date": "2020-12-08T11:05:34.703Z",
        "value": "1.2820473909378052",
        "cumulative": false
    },
    {
        "date": "2020-12-08T11:05:36.420Z",
        "value": "1.180516242980957",
        "cumulative": false
    },
    {
        "date": "2020-12-08T11:05:37.690Z",
        "value": "1.0905721187591553",
        "cumulative": false
    },
    {
        "date": "2020-12-08T11:05:39.417Z",
        "value": "0.9753344655036926",
        "cumulative": false
    },
    {
        "date": "2020-12-08T11:05:40.721Z",
        "value": "0.8110343813896179",
        "cumulative": false
    },
    {
        "date": "2020-12-08T11:05:42.469Z",
        "value": "1.004745364189148",
        "cumulative": false
    },
    {
        "date": "2020-12-08T11:05:43.740Z",
        "value": "0.8392507433891296",
        "cumulative": false
    },
    {
        "date": "2020-12-08T11:05:45.450Z",
        "value": "0.5806840658187866",
        "cumulative": false
    },
    {
        "date": "2020-12-08T11:05:46.731Z",
        "value": "0.6958186030387878",
        "cumulative": false
    },
    {
        "date": "2020-12-08T11:05:48.412Z",
        "value": "0.6165995001792908",
        "cumulative": false
    },
    {
        "date": "2020-12-08T11:05:49.752Z",
        "value": "0.698340117931366",
        "cumulative": false
    },
    {
        "date": "2020-12-08T11:05:51.551Z",
        "value": "0.4589121639728546",
        "cumulative": false
    },
    {
        "date": "2020-12-08T11:05:52.860Z",
        "value": "0.696015477180481",
        "cumulative": false
    },
    {
        "date": "2020-12-08T11:05:54.591Z",
        "value": "0.47529658675193787",
        "cumulative": false
    },
    {
        "date": "2020-12-08T11:05:55.862Z",
        "value": "0.8090433478355408",
        "cumulative": false
    },
    {
        "date": "2020-12-08T11:05:57.586Z",
        "value": "0.4974319040775299",
        "cumulative": false
    },
    {
        "date": "2020-12-08T11:05:58.902Z",
        "value": "0.5376255512237549",
        "cumulative": false
    },
    {
        "date": "2020-12-08T11:06:00.633Z",
        "value": "0.6427922248840332",
        "cumulative": false
    },
    {
        "date": "2020-12-08T11:06:01.944Z",
        "value": "0.5151429176330566",
        "cumulative": false
    }
]