[
    {
        "date": "2020-12-08T11:05:26.892Z",
        "value": "0.2584817409515381",
        "cumulative": false
    },
    {
        "date": "2020-12-08T11:05:29.880Z",
        "value": "0.245527982711792",
        "cumulative": false
    },
    {
        "date": "2020-12-08T11:05:32.870Z",
        "value": "0.2423844337463379",
        "cumulative": false
    },
    {
        "date": "2020-12-08T11:05:35.863Z",
        "value": "0.23884248733520508",
        "cumulative": false
    },
    {
        "date": "2020-12-08T11:05:38.837Z",
        "value": "0.23728561401367188",
        "cumulative": false
    },
    {
        "date": "2020-12-08T11:05:41.896Z",
        "value": "0.23566937446594238",
        "cumulative": false
    },
    {
        "date": "2020-12-08T11:05:44.903Z",
        "value": "0.24019241333007812",
        "cumulative": false
    },
    {
        "date": "2020-12-08T11:05:47.857Z",
        "value": "0.2719748020172119",
        "cumulative": false
    },
    {
        "date": "2020-12-08T11:05:50.979Z",
        "value": "0.24349570274353027",
        "cumulative": false
    },
    {
        "date": "2020-12-08T11:05:54.012Z",
        "value": "0.23920488357543945",
        "cumulative": false
    },
    {
        "date": "2020-12-08T11:05:57.046Z",
        "value": "0.22771048545837402",
        "cumulative": false
    },
    {
        "date": "2020-12-08T11:06:00.075Z",
        "value": "0.2411043643951416",
        "cumulative": false
    },
    {
        "date": "2020-12-08T11:06:03.123Z",
        "value": "0.25893664360046387",
        "cumulative": false
    }
]