[
    {
        "date": "2020-12-08T11:05:26.892Z",
        "value": "2.371709108352661",
        "cumulative": false
    },
    {
        "date": "2020-12-08T11:05:29.880Z",
        "value": "0.33698558807373047",
        "cumulative": false
    },
    {
        "date": "2020-12-08T11:05:32.870Z",
        "value": "0.32408785820007324",
        "cumulative": false
    },
    {
        "date": "2020-12-08T11:05:35.863Z",
        "value": "0.32450366020202637",
        "cumulative": false
    },
    {
        "date": "2020-12-08T11:05:38.837Z",
        "value": "0.33101463317871094",
        "cumulative": false
    },
    {
        "date": "2020-12-08T11:05:41.896Z",
        "value": "0.32338380813598633",
        "cumulative": false
    },
    {
        "date": "2020-12-08T11:05:44.903Z",
        "value": "0.3269052505493164",
        "cumulative": false
    },
    {
        "date": "2020-12-08T11:05:47.857Z",
        "value": "0.35985469818115234",
        "cumulative": false
    },
    {
        "date": "2020-12-08T11:05:50.979Z",
        "value": "0.3425428867340088",
        "cumulative": false
    },
    {
        "date": "2020-12-08T11:05:54.012Z",
        "value": "0.32765626907348633",
        "cumulative": false
    },
    {
        "date": "2020-12-08T11:05:57.046Z",
        "value": "0.3063650131225586",
        "cumulative": false
    },
    {
        "date": "2020-12-08T11:06:00.075Z",
        "value": "0.32953906059265137",
        "cumulative": false
    },
    {
        "date": "2020-12-08T11:06:03.123Z",
        "value": "0.3482036590576172",
        "cumulative": false
    }
]