[
    {
        "date": "2020-12-08T11:05:26.890Z",
        "value": "2.638866662979126",
        "cumulative": false
    },
    {
        "date": "2020-12-08T11:05:29.895Z",
        "value": "0.36299800872802734",
        "cumulative": false
    },
    {
        "date": "2020-12-08T11:05:32.874Z",
        "value": "0.35656285285949707",
        "cumulative": false
    },
    {
        "date": "2020-12-08T11:05:35.874Z",
        "value": "0.367872953414917",
        "cumulative": false
    },
    {
        "date": "2020-12-08T11:05:38.846Z",
        "value": "0.3856699466705322",
        "cumulative": false
    },
    {
        "date": "2020-12-08T11:05:41.911Z",
        "value": "0.37953853607177734",
        "cumulative": false
    },
    {
        "date": "2020-12-08T11:05:44.911Z",
        "value": "0.36421632766723633",
        "cumulative": false
    },
    {
        "date": "2020-12-08T11:05:47.863Z",
        "value": "0.38190269470214844",
        "cumulative": false
    },
    {
        "date": "2020-12-08T11:05:50.982Z",
        "value": "0.4071776866912842",
        "cumulative": false
    },
    {
        "date": "2020-12-08T11:05:54.030Z",
        "value": "0.40026235580444336",
        "cumulative": false
    },
    {
        "date": "2020-12-08T11:05:57.046Z",
        "value": "0.38169384002685547",
        "cumulative": false
    },
    {
        "date": "2020-12-08T11:06:00.080Z",
        "value": "0.42026329040527344",
        "cumulative": false
    },
    {
        "date": "2020-12-08T11:06:03.125Z",
        "value": "0.3889119625091553",
        "cumulative": false
    }
]