[
    {
        "date": "2020-12-08T11:05:24.408Z",
        "value": "10.15625",
        "cumulative": false
    },
    {
        "date": "2020-12-08T11:05:25.749Z",
        "value": "24.21875",
        "cumulative": false
    },
    {
        "date": "2020-12-08T11:05:27.448Z",
        "value": "30.46875",
        "cumulative": false
    },
    {
        "date": "2020-12-08T11:05:28.733Z",
        "value": "35.9375",
        "cumulative": false
    },
    {
        "date": "2020-12-08T11:05:30.447Z",
        "value": "46.875",
        "cumulative": false
    },
    {
        "date": "2020-12-08T11:05:31.735Z",
        "value": "51.5625",
        "cumulative": false
    },
    {
        "date": "2020-12-08T11:05:33.441Z",
        "value": "50.78125",
        "cumulative": false
    },
    {
        "date": "2020-12-08T11:05:34.717Z",
        "value": "62.5",
        "cumulative": false
    },
    {
        "date": "2020-12-08T11:05:36.429Z",
        "value": "53.90625",
        "cumulative": false
    },
    {
        "date": "2020-12-08T11:05:37.696Z",
        "value": "56.25",
        "cumulative": false
    },
    {
        "date": "2020-12-08T11:05:39.428Z",
        "value": "71.09375",
        "cumulative": false
    },
    {
        "date": "2020-12-08T11:05:40.730Z",
        "value": "74.21875",
        "cumulative": false
    },
    {
        "date": "2020-12-08T11:05:42.476Z",
        "value": "69.53125",
        "cumulative": false
    },
    {
        "date": "2020-12-08T11:05:43.751Z",
        "value": "74.21875",
        "cumulative": false
    },
    {
        "date": "2020-12-08T11:05:45.452Z",
        "value": "74.21875",
        "cumulative": false
    },
    {
        "date": "2020-12-08T11:05:46.736Z",
        "value": "75.0",
        "cumulative": false
    },
    {
        "date": "2020-12-08T11:05:48.423Z",
        "value": "71.875",
        "cumulative": false
    },
    {
        "date": "2020-12-08T11:05:49.761Z",
        "value": "77.34375",
        "cumulative": false
    },
    {
        "date": "2020-12-08T11:05:51.560Z",
        "value": "80.46875",
        "cumulative": false
    },
    {
        "date": "2020-12-08T11:05:52.867Z",
        "value": "78.125",
        "cumulative": false
    },
    {
        "date": "2020-12-08T11:05:54.588Z",
        "value": "75.78125",
        "cumulative": false
    },
    {
        "date": "2020-12-08T11:05:55.867Z",
        "value": "84.375",
        "cumulative": false
    },
    {
        "date": "2020-12-08T11:05:57.583Z",
        "value": "82.03125",
        "cumulative": false
    },
    {
        "date": "2020-12-08T11:05:58.916Z",
        "value": "83.59375",
        "cumulative": false
    },
    {
        "date": "2020-12-08T11:06:00.640Z",
        "value": "81.25",
        "cumulative": false
    },
    {
        "date": "2020-12-08T11:06:01.950Z",
        "value": "86.71875",
        "cumulative": false
    }
]