[
    {
        "date": "2020-12-08T11:05:24.401Z",
        "value": "57.03125",
        "cumulative": false
    },
    {
        "date": "2020-12-08T11:05:25.743Z",
        "value": "79.6875",
        "cumulative": false
    },
    {
        "date": "2020-12-08T11:05:27.446Z",
        "value": "92.96875",
        "cumulative": false
    },
    {
        "date": "2020-12-08T11:05:28.725Z",
        "value": "90.625",
        "cumulative": false
    },
    {
        "date": "2020-12-08T11:05:30.445Z",
        "value": "93.75",
        "cumulative": false
    },
    {
        "date": "2020-12-08T11:05:31.728Z",
        "value": "91.40625",
        "cumulative": false
    },
    {
        "date": "2020-12-08T11:05:33.436Z",
        "value": "94.53125",
        "cumulative": false
    },
    {
        "date": "2020-12-08T11:05:34.705Z",
        "value": "95.3125",
        "cumulative": false
    },
    {
        "date": "2020-12-08T11:05:36.422Z",
        "value": "96.09375",
        "cumulative": false
    },
    {
        "date": "2020-12-08T11:05:37.691Z",
        "value": "92.96875",
        "cumulative": false
    },
    {
        "date": "2020-12-08T11:05:39.417Z",
        "value": "97.65625",
        "cumulative": false
    },
    {
        "date": "2020-12-08T11:05:40.727Z",
        "value": "98.4375",
        "cumulative": false
    },
    {
        "date": "2020-12-08T11:05:42.473Z",
        "value": "98.4375",
        "cumulative": false
    },
    {
        "date": "2020-12-08T11:05:43.746Z",
        "value": "99.21875",
        "cumulative": false
    },
    {
        "date": "2020-12-08T11:05:45.451Z",
        "value": "96.09375",
        "cumulative": false
    },
    {
        "date": "2020-12-08T11:05:46.730Z",
        "value": "99.21875",
        "cumulative": false
    },
    {
        "date": "2020-12-08T11:05:48.409Z",
        "value": "98.4375",
        "cumulative": false
    },
    {
        "date": "2020-12-08T11:05:49.752Z",
        "value": "98.4375",
        "cumulative": false
    },
    {
        "date": "2020-12-08T11:05:51.552Z",
        "value": "98.4375",
        "cumulative": false
    },
    {
        "date": "2020-12-08T11:05:52.862Z",
        "value": "100.0",
        "cumulative": false
    },
    {
        "date": "2020-12-08T11:05:54.586Z",
        "value": "99.21875",
        "cumulative": false
    },
    {
        "date": "2020-12-08T11:05:55.864Z",
        "value": "99.21875",
        "cumulative": false
    },
    {
        "date": "2020-12-08T11:05:57.581Z",
        "value": "99.21875",
        "cumulative": false
    },
    {
        "date": "2020-12-08T11:05:58.908Z",
        "value": "100.0",
        "cumulative": false
    },
    {
        "date": "2020-12-08T11:06:00.626Z",
        "value": "98.4375",
        "cumulative": false
    },
    {
        "date": "2020-12-08T11:06:01.947Z",
        "value": "100.0",
        "cumulative": false
    }
]