[
    {
        "date": "2020-12-08T11:05:24.402Z",
        "value": "10.15625",
        "cumulative": false
    },
    {
        "date": "2020-12-08T11:05:25.741Z",
        "value": "21.875",
        "cumulative": false
    },
    {
        "date": "2020-12-08T11:05:27.440Z",
        "value": "35.9375",
        "cumulative": false
    },
    {
        "date": "2020-12-08T11:05:28.722Z",
        "value": "36.71875",
        "cumulative": false
    },
    {
        "date": "2020-12-08T11:05:30.445Z",
        "value": "48.4375",
        "cumulative": false
    },
    {
        "date": "2020-12-08T11:05:31.722Z",
        "value": "48.4375",
        "cumulative": false
    },
    {
        "date": "2020-12-08T11:05:33.438Z",
        "value": "54.6875",
        "cumulative": false
    },
    {
        "date": "2020-12-08T11:05:34.704Z",
        "value": "57.8125",
        "cumulative": false
    },
    {
        "date": "2020-12-08T11:05:36.421Z",
        "value": "57.03125",
        "cumulative": false
    },
    {
        "date": "2020-12-08T11:05:37.690Z",
        "value": "59.375",
        "cumulative": false
    },
    {
        "date": "2020-12-08T11:05:39.418Z",
        "value": "64.84375",
        "cumulative": false
    },
    {
        "date": "2020-12-08T11:05:40.721Z",
        "value": "68.75",
        "cumulative": false
    },
    {
        "date": "2020-12-08T11:05:42.470Z",
        "value": "70.3125",
        "cumulative": false
    },
    {
        "date": "2020-12-08T11:05:43.740Z",
        "value": "67.1875",
        "cumulative": false
    },
    {
        "date": "2020-12-08T11:05:45.450Z",
        "value": "78.125",
        "cumulative": false
    },
    {
        "date": "2020-12-08T11:05:46.731Z",
        "value": "75.0",
        "cumulative": false
    },
    {
        "date": "2020-12-08T11:05:48.412Z",
        "value": "77.34375",
        "cumulative": false
    },
    {
        "date": "2020-12-08T11:05:49.752Z",
        "value": "78.125",
        "cumulative": false
    },
    {
        "date": "2020-12-08T11:05:51.552Z",
        "value": "86.71875",
        "cumulative": false
    },
    {
        "date": "2020-12-08T11:05:52.860Z",
        "value": "72.65625",
        "cumulative": false
    },
    {
        "date": "2020-12-08T11:05:54.591Z",
        "value": "83.59375",
        "cumulative": false
    },
    {
        "date": "2020-12-08T11:05:55.862Z",
        "value": "73.4375",
        "cumulative": false
    },
    {
        "date": "2020-12-08T11:05:57.586Z",
        "value": "80.46875",
        "cumulative": false
    },
    {
        "date": "2020-12-08T11:05:58.902Z",
        "value": "79.6875",
        "cumulative": false
    },
    {
        "date": "2020-12-08T11:06:00.633Z",
        "value": "78.125",
        "cumulative": false
    },
    {
        "date": "2020-12-08T11:06:01.944Z",
        "value": "85.15625",
        "cumulative": false
    }
]