[
    {
        "date": "2020-12-08T11:05:26.894Z",
        "value": "0.009159564971923828",
        "cumulative": false
    },
    {
        "date": "2020-12-08T11:05:29.887Z",
        "value": "0.009924888610839844",
        "cumulative": false
    },
    {
        "date": "2020-12-08T11:05:32.875Z",
        "value": "0.009560108184814453",
        "cumulative": false
    },
    {
        "date": "2020-12-08T11:05:35.867Z",
        "value": "0.009207010269165039",
        "cumulative": false
    },
    {
        "date": "2020-12-08T11:05:38.841Z",
        "value": "0.009590387344360352",
        "cumulative": false
    },
    {
        "date": "2020-12-08T11:05:41.907Z",
        "value": "0.009826898574829102",
        "cumulative": false
    },
    {
        "date": "2020-12-08T11:05:44.920Z",
        "value": "0.010509490966796875",
        "cumulative": false
    },
    {
        "date": "2020-12-08T11:05:47.863Z",
        "value": "0.00946664810180664",
        "cumulative": false
    },
    {
        "date": "2020-12-08T11:05:50.984Z",
        "value": "0.010324239730834961",
        "cumulative": false
    },
    {
        "date": "2020-12-08T11:05:54.026Z",
        "value": "0.009924173355102539",
        "cumulative": false
    },
    {
        "date": "2020-12-08T11:05:57.042Z",
        "value": "0.010006904602050781",
        "cumulative": false
    },
    {
        "date": "2020-12-08T11:06:00.078Z",
        "value": "0.010214805603027344",
        "cumulative": false
    },
    {
        "date": "2020-12-08T11:06:03.139Z",
        "value": "0.010004997253417969",
        "cumulative": false
    }
]