[
    {
        "date": "2020-12-08T11:05:26.891Z",
        "value": "0.0001461505889892578",
        "cumulative": false
    },
    {
        "date": "2020-12-08T11:05:29.893Z",
        "value": "0.0001571178436279297",
        "cumulative": false
    },
    {
        "date": "2020-12-08T11:05:32.881Z",
        "value": "0.00014591217041015625",
        "cumulative": false
    },
    {
        "date": "2020-12-08T11:05:35.871Z",
        "value": "0.00014901161193847656",
        "cumulative": false
    },
    {
        "date": "2020-12-08T11:05:38.838Z",
        "value": "0.0001666545867919922",
        "cumulative": false
    },
    {
        "date": "2020-12-08T11:05:41.908Z",
        "value": "0.00016021728515625",
        "cumulative": false
    },
    {
        "date": "2020-12-08T11:05:44.906Z",
        "value": "0.0001621246337890625",
        "cumulative": false
    },
    {
        "date": "2020-12-08T11:05:47.865Z",
        "value": "0.00014901161193847656",
        "cumulative": false
    },
    {
        "date": "2020-12-08T11:05:50.980Z",
        "value": "0.00015974044799804688",
        "cumulative": false
    },
    {
        "date": "2020-12-08T11:05:54.015Z",
        "value": "0.000156402587890625",
        "cumulative": false
    },
    {
        "date": "2020-12-08T11:05:57.037Z",
        "value": "0.00014472007751464844",
        "cumulative": false
    },
    {
        "date": "2020-12-08T11:06:00.077Z",
        "value": "0.00014901161193847656",
        "cumulative": false
    },
    {
        "date": "2020-12-08T11:06:03.121Z",
        "value": "0.0001747608184814453",
        "cumulative": false
    }
]