[
    {
        "date": "2020-12-08T11:05:26.883Z",
        "value": "2.3505356311798096",
        "cumulative": false
    },
    {
        "date": "2020-12-08T11:05:29.879Z",
        "value": "0.3058168888092041",
        "cumulative": false
    },
    {
        "date": "2020-12-08T11:05:32.870Z",
        "value": "0.3488917350769043",
        "cumulative": false
    },
    {
        "date": "2020-12-08T11:05:35.868Z",
        "value": "0.34377551078796387",
        "cumulative": false
    },
    {
        "date": "2020-12-08T11:05:38.836Z",
        "value": "0.3212740421295166",
        "cumulative": false
    },
    {
        "date": "2020-12-08T11:05:41.905Z",
        "value": "0.3637075424194336",
        "cumulative": false
    },
    {
        "date": "2020-12-08T11:05:44.903Z",
        "value": "0.32505369186401367",
        "cumulative": false
    },
    {
        "date": "2020-12-08T11:05:47.854Z",
        "value": "0.35373401641845703",
        "cumulative": false
    },
    {
        "date": "2020-12-08T11:05:50.987Z",
        "value": "0.32146501541137695",
        "cumulative": false
    },
    {
        "date": "2020-12-08T11:05:54.022Z",
        "value": "0.31697630882263184",
        "cumulative": false
    },
    {
        "date": "2020-12-08T11:05:57.042Z",
        "value": "0.3200979232788086",
        "cumulative": false
    },
    {
        "date": "2020-12-08T11:06:00.084Z",
        "value": "0.30450940132141113",
        "cumulative": false
    },
    {
        "date": "2020-12-08T11:06:03.121Z",
        "value": "0.3126997947692871",
        "cumulative": false
    }
]