[
    {
        "date": "2020-12-08T11:05:24.405Z",
        "value": "52.34375",
        "cumulative": false
    },
    {
        "date": "2020-12-08T11:05:25.744Z",
        "value": "89.84375",
        "cumulative": false
    },
    {
        "date": "2020-12-08T11:05:27.443Z",
        "value": "86.71875",
        "cumulative": false
    },
    {
        "date": "2020-12-08T11:05:28.728Z",
        "value": "92.96875",
        "cumulative": false
    },
    {
        "date": "2020-12-08T11:05:30.442Z",
        "value": "89.84375",
        "cumulative": false
    },
    {
        "date": "2020-12-08T11:05:31.726Z",
        "value": "92.96875",
        "cumulative": false
    },
    {
        "date": "2020-12-08T11:05:33.430Z",
        "value": "96.09375",
        "cumulative": false
    },
    {
        "date": "2020-12-08T11:05:34.705Z",
        "value": "96.09375",
        "cumulative": false
    },
    {
        "date": "2020-12-08T11:05:36.426Z",
        "value": "97.65625",
        "cumulative": false
    },
    {
        "date": "2020-12-08T11:05:37.698Z",
        "value": "95.3125",
        "cumulative": false
    },
    {
        "date": "2020-12-08T11:05:39.423Z",
        "value": "99.21875",
        "cumulative": false
    },
    {
        "date": "2020-12-08T11:05:40.734Z",
        "value": "96.875",
        "cumulative": false
    },
    {
        "date": "2020-12-08T11:05:42.468Z",
        "value": "99.21875",
        "cumulative": false
    },
    {
        "date": "2020-12-08T11:05:43.747Z",
        "value": "98.4375",
        "cumulative": false
    },
    {
        "date": "2020-12-08T11:05:45.449Z",
        "value": "98.4375",
        "cumulative": false
    },
    {
        "date": "2020-12-08T11:05:46.730Z",
        "value": "97.65625",
        "cumulative": false
    },
    {
        "date": "2020-12-08T11:05:48.412Z",
        "value": "99.21875",
        "cumulative": false
    },
    {
        "date": "2020-12-08T11:05:49.750Z",
        "value": "97.65625",
        "cumulative": false
    },
    {
        "date": "2020-12-08T11:05:51.552Z",
        "value": "98.4375",
        "cumulative": false
    },
    {
        "date": "2020-12-08T11:05:52.860Z",
        "value": "100.0",
        "cumulative": false
    },
    {
        "date": "2020-12-08T11:05:54.586Z",
        "value": "99.21875",
        "cumulative": false
    },
    {
        "date": "2020-12-08T11:05:55.865Z",
        "value": "98.4375",
        "cumulative": false
    },
    {
        "date": "2020-12-08T11:05:57.584Z",
        "value": "98.4375",
        "cumulative": false
    },
    {
        "date": "2020-12-08T11:05:58.911Z",
        "value": "98.4375",
        "cumulative": false
    },
    {
        "date": "2020-12-08T11:06:00.629Z",
        "value": "100.0",
        "cumulative": false
    },
    {
        "date": "2020-12-08T11:06:01.947Z",
        "value": "98.4375",
        "cumulative": false
    }
]