[
    {
        "date": "2020-12-08T11:05:26.883Z",
        "value": "9.632110595703125e-05",
        "cumulative": false
    },
    {
        "date": "2020-12-08T11:05:29.879Z",
        "value": "0.00010132789611816406",
        "cumulative": false
    },
    {
        "date": "2020-12-08T11:05:32.870Z",
        "value": "9.655952453613281e-05",
        "cumulative": false
    },
    {
        "date": "2020-12-08T11:05:35.868Z",
        "value": "0.00010275840759277344",
        "cumulative": false
    },
    {
        "date": "2020-12-08T11:05:38.836Z",
        "value": "0.00010228157043457031",
        "cumulative": false
    },
    {
        "date": "2020-12-08T11:05:41.906Z",
        "value": "0.00011801719665527344",
        "cumulative": false
    },
    {
        "date": "2020-12-08T11:05:44.904Z",
        "value": "0.00010442733764648438",
        "cumulative": false
    },
    {
        "date": "2020-12-08T11:05:47.854Z",
        "value": "0.00013899803161621094",
        "cumulative": false
    },
    {
        "date": "2020-12-08T11:05:50.987Z",
        "value": "0.00011587142944335938",
        "cumulative": false
    },
    {
        "date": "2020-12-08T11:05:54.023Z",
        "value": "0.00010347366333007812",
        "cumulative": false
    },
    {
        "date": "2020-12-08T11:05:57.042Z",
        "value": "0.00013828277587890625",
        "cumulative": false
    },
    {
        "date": "2020-12-08T11:06:00.084Z",
        "value": "0.00010323524475097656",
        "cumulative": false
    },
    {
        "date": "2020-12-08T11:06:03.121Z",
        "value": "0.00012350082397460938",
        "cumulative": false
    }
]