[
    {
        "date": "2020-12-08T11:05:26.890Z",
        "value": "0.30410051345825195",
        "cumulative": false
    },
    {
        "date": "2020-12-08T11:05:29.895Z",
        "value": "0.2859780788421631",
        "cumulative": false
    },
    {
        "date": "2020-12-08T11:05:32.874Z",
        "value": "0.32139039039611816",
        "cumulative": false
    },
    {
        "date": "2020-12-08T11:05:35.874Z",
        "value": "0.27173948287963867",
        "cumulative": false
    },
    {
        "date": "2020-12-08T11:05:38.846Z",
        "value": "0.3047480583190918",
        "cumulative": false
    },
    {
        "date": "2020-12-08T11:05:41.911Z",
        "value": "0.29346227645874023",
        "cumulative": false
    },
    {
        "date": "2020-12-08T11:05:44.911Z",
        "value": "0.28644847869873047",
        "cumulative": false
    },
    {
        "date": "2020-12-08T11:05:47.863Z",
        "value": "0.2783956527709961",
        "cumulative": false
    },
    {
        "date": "2020-12-08T11:05:50.982Z",
        "value": "0.31323957443237305",
        "cumulative": false
    },
    {
        "date": "2020-12-08T11:05:54.030Z",
        "value": "0.32262372970581055",
        "cumulative": false
    },
    {
        "date": "2020-12-08T11:05:57.046Z",
        "value": "0.3109111785888672",
        "cumulative": false
    },
    {
        "date": "2020-12-08T11:06:00.080Z",
        "value": "0.2919433116912842",
        "cumulative": false
    },
    {
        "date": "2020-12-08T11:06:03.125Z",
        "value": "0.2981383800506592",
        "cumulative": false
    }
]