[
    {
        "date": "2020-12-08T11:05:26.902Z",
        "value": "4.761610269546509",
        "cumulative": false
    },
    {
        "date": "2020-12-08T11:05:29.889Z",
        "value": "2.4274556636810303",
        "cumulative": false
    },
    {
        "date": "2020-12-08T11:05:32.880Z",
        "value": "2.412769317626953",
        "cumulative": false
    },
    {
        "date": "2020-12-08T11:05:35.871Z",
        "value": "2.4166438579559326",
        "cumulative": false
    },
    {
        "date": "2020-12-08T11:05:38.850Z",
        "value": "2.399066686630249",
        "cumulative": false
    },
    {
        "date": "2020-12-08T11:05:41.907Z",
        "value": "2.473710536956787",
        "cumulative": false
    },
    {
        "date": "2020-12-08T11:05:44.915Z",
        "value": "2.437608242034912",
        "cumulative": false
    },
    {
        "date": "2020-12-08T11:05:47.875Z",
        "value": "2.397282838821411",
        "cumulative": false
    },
    {
        "date": "2020-12-08T11:05:50.990Z",
        "value": "2.548612356185913",
        "cumulative": false
    },
    {
        "date": "2020-12-08T11:05:54.030Z",
        "value": "2.466972589492798",
        "cumulative": false
    },
    {
        "date": "2020-12-08T11:05:57.053Z",
        "value": "2.458425521850586",
        "cumulative": false
    },
    {
        "date": "2020-12-08T11:06:00.081Z",
        "value": "2.4793941974639893",
        "cumulative": false
    },
    {
        "date": "2020-12-08T11:06:03.141Z",
        "value": "2.471435308456421",
        "cumulative": false
    }
]