[
    {
        "date": "2020-12-08T11:05:26.888Z",
        "value": "2.6365628242492676",
        "cumulative": false
    },
    {
        "date": "2020-12-08T11:05:29.888Z",
        "value": "0.3729283809661865",
        "cumulative": false
    },
    {
        "date": "2020-12-08T11:05:32.876Z",
        "value": "0.3842954635620117",
        "cumulative": false
    },
    {
        "date": "2020-12-08T11:05:35.866Z",
        "value": "0.4122314453125",
        "cumulative": false
    },
    {
        "date": "2020-12-08T11:05:38.837Z",
        "value": "0.38553428649902344",
        "cumulative": false
    },
    {
        "date": "2020-12-08T11:05:41.916Z",
        "value": "0.3677997589111328",
        "cumulative": false
    },
    {
        "date": "2020-12-08T11:05:44.909Z",
        "value": "0.40488433837890625",
        "cumulative": false
    },
    {
        "date": "2020-12-08T11:05:47.868Z",
        "value": "0.39142751693725586",
        "cumulative": false
    },
    {
        "date": "2020-12-08T11:05:50.981Z",
        "value": "0.3926091194152832",
        "cumulative": false
    },
    {
        "date": "2020-12-08T11:05:54.023Z",
        "value": "0.3670201301574707",
        "cumulative": false
    },
    {
        "date": "2020-12-08T11:05:57.040Z",
        "value": "0.36512255668640137",
        "cumulative": false
    },
    {
        "date": "2020-12-08T11:06:00.085Z",
        "value": "0.3690364360809326",
        "cumulative": false
    },
    {
        "date": "2020-12-08T11:06:03.122Z",
        "value": "0.4006795883178711",
        "cumulative": false
    }
]