[
    {
        "date": "2020-12-08T11:05:24.399Z",
        "value": "2.42199444770813",
        "cumulative": false
    },
    {
        "date": "2020-12-08T11:05:25.738Z",
        "value": "2.040199041366577",
        "cumulative": false
    },
    {
        "date": "2020-12-08T11:05:27.445Z",
        "value": "1.7513272762298584",
        "cumulative": false
    },
    {
        "date": "2020-12-08T11:05:28.725Z",
        "value": "1.4821114540100098",
        "cumulative": false
    },
    {
        "date": "2020-12-08T11:05:30.445Z",
        "value": "1.4102858304977417",
        "cumulative": false
    },
    {
        "date": "2020-12-08T11:05:31.728Z",
        "value": "1.4466205835342407",
        "cumulative": false
    },
    {
        "date": "2020-12-08T11:05:33.436Z",
        "value": "1.1557451486587524",
        "cumulative": false
    },
    {
        "date": "2020-12-08T11:05:34.705Z",
        "value": "1.1372597217559814",
        "cumulative": false
    },
    {
        "date": "2020-12-08T11:05:36.422Z",
        "value": "1.0316643714904785",
        "cumulative": false
    },
    {
        "date": "2020-12-08T11:05:37.691Z",
        "value": "1.050911545753479",
        "cumulative": false
    },
    {
        "date": "2020-12-08T11:05:39.417Z",
        "value": "0.8505839109420776",
        "cumulative": false
    },
    {
        "date": "2020-12-08T11:05:40.727Z",
        "value": "0.8696606159210205",
        "cumulative": false
    },
    {
        "date": "2020-12-08T11:05:42.473Z",
        "value": "0.8546498417854309",
        "cumulative": false
    },
    {
        "date": "2020-12-08T11:05:43.746Z",
        "value": "0.7360774874687195",
        "cumulative": false
    },
    {
        "date": "2020-12-08T11:05:45.451Z",
        "value": "1.0816222429275513",
        "cumulative": false
    },
    {
        "date": "2020-12-08T11:05:46.730Z",
        "value": "0.6791319847106934",
        "cumulative": false
    },
    {
        "date": "2020-12-08T11:05:48.409Z",
        "value": "0.6668296456336975",
        "cumulative": false
    },
    {
        "date": "2020-12-08T11:05:49.752Z",
        "value": "0.7950313091278076",
        "cumulative": false
    },
    {
        "date": "2020-12-08T11:05:51.552Z",
        "value": "0.5588620901107788",
        "cumulative": false
    },
    {
        "date": "2020-12-08T11:05:52.862Z",
        "value": "0.5787591934204102",
        "cumulative": false
    },
    {
        "date": "2020-12-08T11:05:54.586Z",
        "value": "0.6633418202400208",
        "cumulative": false
    },
    {
        "date": "2020-12-08T11:05:55.863Z",
        "value": "0.6134012341499329",
        "cumulative": false
    },
    {
        "date": "2020-12-08T11:05:57.581Z",
        "value": "0.6090894341468811",
        "cumulative": false
    },
    {
        "date": "2020-12-08T11:05:58.908Z",
        "value": "0.5776681900024414",
        "cumulative": false
    },
    {
        "date": "2020-12-08T11:06:00.626Z",
        "value": "0.5643594861030579",
        "cumulative": false
    },
    {
        "date": "2020-12-08T11:06:01.946Z",
        "value": "0.325783371925354",
        "cumulative": false
    }
]