[
    {
        "date": "2020-12-08T11:05:26.892Z",
        "value": "0.00014209747314453125",
        "cumulative": false
    },
    {
        "date": "2020-12-08T11:05:29.880Z",
        "value": "0.00010251998901367188",
        "cumulative": false
    },
    {
        "date": "2020-12-08T11:05:32.870Z",
        "value": "9.298324584960938e-05",
        "cumulative": false
    },
    {
        "date": "2020-12-08T11:05:35.863Z",
        "value": "9.465217590332031e-05",
        "cumulative": false
    },
    {
        "date": "2020-12-08T11:05:38.837Z",
        "value": "0.00010943412780761719",
        "cumulative": false
    },
    {
        "date": "2020-12-08T11:05:41.896Z",
        "value": "0.0001087188720703125",
        "cumulative": false
    },
    {
        "date": "2020-12-08T11:05:44.903Z",
        "value": "9.775161743164062e-05",
        "cumulative": false
    },
    {
        "date": "2020-12-08T11:05:47.857Z",
        "value": "0.00010538101196289062",
        "cumulative": false
    },
    {
        "date": "2020-12-08T11:05:50.979Z",
        "value": "0.0001010894775390625",
        "cumulative": false
    },
    {
        "date": "2020-12-08T11:05:54.012Z",
        "value": "9.942054748535156e-05",
        "cumulative": false
    },
    {
        "date": "2020-12-08T11:05:57.046Z",
        "value": "9.34600830078125e-05",
        "cumulative": false
    },
    {
        "date": "2020-12-08T11:06:00.075Z",
        "value": "0.00010943412780761719",
        "cumulative": false
    },
    {
        "date": "2020-12-08T11:06:03.123Z",
        "value": "0.00010848045349121094",
        "cumulative": false
    }
]