[
    {
        "date": "2020-12-08T11:05:26.893Z",
        "value": "2.591228723526001",
        "cumulative": false
    },
    {
        "date": "2020-12-08T11:05:29.883Z",
        "value": "0.38066554069519043",
        "cumulative": false
    },
    {
        "date": "2020-12-08T11:05:32.870Z",
        "value": "0.38448023796081543",
        "cumulative": false
    },
    {
        "date": "2020-12-08T11:05:35.863Z",
        "value": "0.3732903003692627",
        "cumulative": false
    },
    {
        "date": "2020-12-08T11:05:38.837Z",
        "value": "0.3725733757019043",
        "cumulative": false
    },
    {
        "date": "2020-12-08T11:05:41.906Z",
        "value": "0.37391042709350586",
        "cumulative": false
    },
    {
        "date": "2020-12-08T11:05:44.912Z",
        "value": "0.35672760009765625",
        "cumulative": false
    },
    {
        "date": "2020-12-08T11:05:47.858Z",
        "value": "0.3847837448120117",
        "cumulative": false
    },
    {
        "date": "2020-12-08T11:05:50.980Z",
        "value": "0.39314913749694824",
        "cumulative": false
    },
    {
        "date": "2020-12-08T11:05:54.017Z",
        "value": "0.341472864151001",
        "cumulative": false
    },
    {
        "date": "2020-12-08T11:05:57.045Z",
        "value": "0.37461233139038086",
        "cumulative": false
    },
    {
        "date": "2020-12-08T11:06:00.073Z",
        "value": "0.37047266960144043",
        "cumulative": false
    },
    {
        "date": "2020-12-08T11:06:03.120Z",
        "value": "0.35932445526123047",
        "cumulative": false
    }
]