[
    {
        "date": "2020-12-08T11:05:24.402Z",
        "value": "2.397911548614502",
        "cumulative": false
    },
    {
        "date": "2020-12-08T11:05:25.738Z",
        "value": "1.9334911108016968",
        "cumulative": false
    },
    {
        "date": "2020-12-08T11:05:27.438Z",
        "value": "1.8406695127487183",
        "cumulative": false
    },
    {
        "date": "2020-12-08T11:05:28.724Z",
        "value": "1.6912662982940674",
        "cumulative": false
    },
    {
        "date": "2020-12-08T11:05:30.447Z",
        "value": "1.4074323177337646",
        "cumulative": false
    },
    {
        "date": "2020-12-08T11:05:31.731Z",
        "value": "1.4306153059005737",
        "cumulative": false
    },
    {
        "date": "2020-12-08T11:05:33.431Z",
        "value": "1.2870725393295288",
        "cumulative": false
    },
    {
        "date": "2020-12-08T11:05:34.707Z",
        "value": "1.1815695762634277",
        "cumulative": false
    },
    {
        "date": "2020-12-08T11:05:36.424Z",
        "value": "0.9467180967330933",
        "cumulative": false
    },
    {
        "date": "2020-12-08T11:05:37.691Z",
        "value": "0.9250441193580627",
        "cumulative": false
    },
    {
        "date": "2020-12-08T11:05:39.424Z",
        "value": "0.7785329818725586",
        "cumulative": false
    },
    {
        "date": "2020-12-08T11:05:40.727Z",
        "value": "0.7967284917831421",
        "cumulative": false
    },
    {
        "date": "2020-12-08T11:05:42.474Z",
        "value": "0.7109268307685852",
        "cumulative": false
    },
    {
        "date": "2020-12-08T11:05:43.744Z",
        "value": "0.7187240123748779",
        "cumulative": false
    },
    {
        "date": "2020-12-08T11:05:45.449Z",
        "value": "0.6783122420310974",
        "cumulative": false
    },
    {
        "date": "2020-12-08T11:05:46.731Z",
        "value": "0.6476019024848938",
        "cumulative": false
    },
    {
        "date": "2020-12-08T11:05:48.417Z",
        "value": "0.6526073217391968",
        "cumulative": false
    },
    {
        "date": "2020-12-08T11:05:49.752Z",
        "value": "0.6209099888801575",
        "cumulative": false
    },
    {
        "date": "2020-12-08T11:05:51.546Z",
        "value": "0.49328702688217163",
        "cumulative": false
    },
    {
        "date": "2020-12-08T11:05:52.863Z",
        "value": "0.5605983734130859",
        "cumulative": false
    },
    {
        "date": "2020-12-08T11:05:54.592Z",
        "value": "0.7171441316604614",
        "cumulative": false
    },
    {
        "date": "2020-12-08T11:05:55.863Z",
        "value": "0.6506491899490356",
        "cumulative": false
    },
    {
        "date": "2020-12-08T11:05:57.584Z",
        "value": "0.5062373280525208",
        "cumulative": false
    },
    {
        "date": "2020-12-08T11:05:58.909Z",
        "value": "0.5172537565231323",
        "cumulative": false
    },
    {
        "date": "2020-12-08T11:06:00.635Z",
        "value": "0.42332279682159424",
        "cumulative": false
    },
    {
        "date": "2020-12-08T11:06:01.949Z",
        "value": "0.49535778164863586",
        "cumulative": false
    }
]