[
    {
        "date": "2020-12-08T11:05:26.893Z",
        "value": "0.010175466537475586",
        "cumulative": false
    },
    {
        "date": "2020-12-08T11:05:29.883Z",
        "value": "0.01050567626953125",
        "cumulative": false
    },
    {
        "date": "2020-12-08T11:05:32.870Z",
        "value": "0.010599851608276367",
        "cumulative": false
    },
    {
        "date": "2020-12-08T11:05:35.863Z",
        "value": "0.010292291641235352",
        "cumulative": false
    },
    {
        "date": "2020-12-08T11:05:38.837Z",
        "value": "0.009848594665527344",
        "cumulative": false
    },
    {
        "date": "2020-12-08T11:05:41.906Z",
        "value": "0.010624170303344727",
        "cumulative": false
    },
    {
        "date": "2020-12-08T11:05:44.912Z",
        "value": "0.009663820266723633",
        "cumulative": false
    },
    {
        "date": "2020-12-08T11:05:47.858Z",
        "value": "0.01118779182434082",
        "cumulative": false
    },
    {
        "date": "2020-12-08T11:05:50.980Z",
        "value": "0.01078176498413086",
        "cumulative": false
    },
    {
        "date": "2020-12-08T11:05:54.017Z",
        "value": "0.009747982025146484",
        "cumulative": false
    },
    {
        "date": "2020-12-08T11:05:57.045Z",
        "value": "0.009719133377075195",
        "cumulative": false
    },
    {
        "date": "2020-12-08T11:06:00.073Z",
        "value": "0.010074138641357422",
        "cumulative": false
    },
    {
        "date": "2020-12-08T11:06:03.120Z",
        "value": "0.010316610336303711",
        "cumulative": false
    }
]