[
    {
        "date": "2020-12-08T11:05:24.402Z",
        "value": "2.475576400756836",
        "cumulative": false
    },
    {
        "date": "2020-12-08T11:05:25.739Z",
        "value": "1.9268158674240112",
        "cumulative": false
    },
    {
        "date": "2020-12-08T11:05:27.443Z",
        "value": "1.6838388442993164",
        "cumulative": false
    },
    {
        "date": "2020-12-08T11:05:28.728Z",
        "value": "1.5675073862075806",
        "cumulative": false
    },
    {
        "date": "2020-12-08T11:05:30.442Z",
        "value": "1.505941390991211",
        "cumulative": false
    },
    {
        "date": "2020-12-08T11:05:31.726Z",
        "value": "1.37578547000885",
        "cumulative": false
    },
    {
        "date": "2020-12-08T11:05:33.430Z",
        "value": "1.1243382692337036",
        "cumulative": false
    },
    {
        "date": "2020-12-08T11:05:34.705Z",
        "value": "1.256489872932434",
        "cumulative": false
    },
    {
        "date": "2020-12-08T11:05:36.426Z",
        "value": "0.9443877339363098",
        "cumulative": false
    },
    {
        "date": "2020-12-08T11:05:37.698Z",
        "value": "1.0587787628173828",
        "cumulative": false
    },
    {
        "date": "2020-12-08T11:05:39.423Z",
        "value": "0.8514031767845154",
        "cumulative": false
    },
    {
        "date": "2020-12-08T11:05:40.734Z",
        "value": "0.7801329493522644",
        "cumulative": false
    },
    {
        "date": "2020-12-08T11:05:42.467Z",
        "value": "0.7080187201499939",
        "cumulative": false
    },
    {
        "date": "2020-12-08T11:05:43.747Z",
        "value": "0.7257965803146362",
        "cumulative": false
    },
    {
        "date": "2020-12-08T11:05:45.449Z",
        "value": "0.6733739376068115",
        "cumulative": false
    },
    {
        "date": "2020-12-08T11:05:46.730Z",
        "value": "0.7849090695381165",
        "cumulative": false
    },
    {
        "date": "2020-12-08T11:05:48.411Z",
        "value": "0.6227208375930786",
        "cumulative": false
    },
    {
        "date": "2020-12-08T11:05:49.750Z",
        "value": "0.7986425757408142",
        "cumulative": false
    },
    {
        "date": "2020-12-08T11:05:51.551Z",
        "value": "0.6713196635246277",
        "cumulative": false
    },
    {
        "date": "2020-12-08T11:05:52.860Z",
        "value": "0.4934024512767792",
        "cumulative": false
    },
    {
        "date": "2020-12-08T11:05:54.586Z",
        "value": "0.5738283395767212",
        "cumulative": false
    },
    {
        "date": "2020-12-08T11:05:55.865Z",
        "value": "0.6025109887123108",
        "cumulative": false
    },
    {
        "date": "2020-12-08T11:05:57.584Z",
        "value": "0.6099840402603149",
        "cumulative": false
    },
    {
        "date": "2020-12-08T11:05:58.911Z",
        "value": "0.5838172435760498",
        "cumulative": false
    },
    {
        "date": "2020-12-08T11:06:00.629Z",
        "value": "0.6077551245689392",
        "cumulative": false
    },
    {
        "date": "2020-12-08T11:06:01.947Z",
        "value": "0.4722006022930145",
        "cumulative": false
    }
]