[
    {
        "date": "2020-12-08T11:05:26.902Z",
        "value": "1.184845209121704",
        "cumulative": false
    },
    {
        "date": "2020-12-08T11:05:29.889Z",
        "value": "1.1983006000518799",
        "cumulative": false
    },
    {
        "date": "2020-12-08T11:05:32.881Z",
        "value": "1.2068164348602295",
        "cumulative": false
    },
    {
        "date": "2020-12-08T11:05:35.871Z",
        "value": "1.1945164203643799",
        "cumulative": false
    },
    {
        "date": "2020-12-08T11:05:38.850Z",
        "value": "1.2117483615875244",
        "cumulative": false
    },
    {
        "date": "2020-12-08T11:05:41.908Z",
        "value": "1.3052327632904053",
        "cumulative": false
    },
    {
        "date": "2020-12-08T11:05:44.915Z",
        "value": "1.235055685043335",
        "cumulative": false
    },
    {
        "date": "2020-12-08T11:05:47.875Z",
        "value": "1.2365870475769043",
        "cumulative": false
    },
    {
        "date": "2020-12-08T11:05:50.990Z",
        "value": "1.3270518779754639",
        "cumulative": false
    },
    {
        "date": "2020-12-08T11:05:54.030Z",
        "value": "1.246023416519165",
        "cumulative": false
    },
    {
        "date": "2020-12-08T11:05:57.054Z",
        "value": "1.2310285568237305",
        "cumulative": false
    },
    {
        "date": "2020-12-08T11:06:00.081Z",
        "value": "1.1959426403045654",
        "cumulative": false
    },
    {
        "date": "2020-12-08T11:06:03.141Z",
        "value": "1.1655588150024414",
        "cumulative": false
    }
]