[
    {
        "date": "2020-12-08T11:05:26.893Z",
        "value": "0.11471438407897949",
        "cumulative": false
    },
    {
        "date": "2020-12-08T11:05:29.883Z",
        "value": "0.1242823600769043",
        "cumulative": false
    },
    {
        "date": "2020-12-08T11:05:32.870Z",
        "value": "0.12321615219116211",
        "cumulative": false
    },
    {
        "date": "2020-12-08T11:05:35.863Z",
        "value": "0.12462234497070312",
        "cumulative": false
    },
    {
        "date": "2020-12-08T11:05:38.837Z",
        "value": "0.12122368812561035",
        "cumulative": false
    },
    {
        "date": "2020-12-08T11:05:41.906Z",
        "value": "0.12090158462524414",
        "cumulative": false
    },
    {
        "date": "2020-12-08T11:05:44.912Z",
        "value": "0.11864161491394043",
        "cumulative": false
    },
    {
        "date": "2020-12-08T11:05:47.858Z",
        "value": "0.12173748016357422",
        "cumulative": false
    },
    {
        "date": "2020-12-08T11:05:50.980Z",
        "value": "0.12485909461975098",
        "cumulative": false
    },
    {
        "date": "2020-12-08T11:05:54.017Z",
        "value": "0.10960245132446289",
        "cumulative": false
    },
    {
        "date": "2020-12-08T11:05:57.045Z",
        "value": "0.11809754371643066",
        "cumulative": false
    },
    {
        "date": "2020-12-08T11:06:00.073Z",
        "value": "0.11696839332580566",
        "cumulative": false
    },
    {
        "date": "2020-12-08T11:06:03.120Z",
        "value": "0.11516070365905762",
        "cumulative": false
    }
]