[
    {
        "date": "2020-12-08T11:05:24.407Z",
        "value": "8.59375",
        "cumulative": false
    },
    {
        "date": "2020-12-08T11:05:25.744Z",
        "value": "21.09375",
        "cumulative": false
    },
    {
        "date": "2020-12-08T11:05:27.447Z",
        "value": "29.6875",
        "cumulative": false
    },
    {
        "date": "2020-12-08T11:05:28.729Z",
        "value": "37.5",
        "cumulative": false
    },
    {
        "date": "2020-12-08T11:05:30.450Z",
        "value": "42.1875",
        "cumulative": false
    },
    {
        "date": "2020-12-08T11:05:31.731Z",
        "value": "48.4375",
        "cumulative": false
    },
    {
        "date": "2020-12-08T11:05:33.438Z",
        "value": "53.125",
        "cumulative": false
    },
    {
        "date": "2020-12-08T11:05:34.708Z",
        "value": "64.0625",
        "cumulative": false
    },
    {
        "date": "2020-12-08T11:05:36.428Z",
        "value": "62.5",
        "cumulative": false
    },
    {
        "date": "2020-12-08T11:05:37.698Z",
        "value": "60.15625",
        "cumulative": false
    },
    {
        "date": "2020-12-08T11:05:39.426Z",
        "value": "62.5",
        "cumulative": false
    },
    {
        "date": "2020-12-08T11:05:40.732Z",
        "value": "70.3125",
        "cumulative": false
    },
    {
        "date": "2020-12-08T11:05:42.471Z",
        "value": "77.34375",
        "cumulative": false
    },
    {
        "date": "2020-12-08T11:05:43.750Z",
        "value": "71.875",
        "cumulative": false
    },
    {
        "date": "2020-12-08T11:05:45.447Z",
        "value": "71.09375",
        "cumulative": false
    },
    {
        "date": "2020-12-08T11:05:46.736Z",
        "value": "70.3125",
        "cumulative": false
    },
    {
        "date": "2020-12-08T11:05:48.420Z",
        "value": "75.78125",
        "cumulative": false
    },
    {
        "date": "2020-12-08T11:05:49.757Z",
        "value": "74.21875",
        "cumulative": false
    },
    {
        "date": "2020-12-08T11:05:51.562Z",
        "value": "75.0",
        "cumulative": false
    },
    {
        "date": "2020-12-08T11:05:52.866Z",
        "value": "79.6875",
        "cumulative": false
    },
    {
        "date": "2020-12-08T11:05:54.583Z",
        "value": "78.90625",
        "cumulative": false
    },
    {
        "date": "2020-12-08T11:05:55.868Z",
        "value": "86.71875",
        "cumulative": false
    },
    {
        "date": "2020-12-08T11:05:57.590Z",
        "value": "80.46875",
        "cumulative": false
    },
    {
        "date": "2020-12-08T11:05:58.915Z",
        "value": "91.40625",
        "cumulative": false
    },
    {
        "date": "2020-12-08T11:06:00.632Z",
        "value": "79.6875",
        "cumulative": false
    },
    {
        "date": "2020-12-08T11:06:01.951Z",
        "value": "87.5",
        "cumulative": false
    }
]