[
    {
        "date": "2020-12-08T11:05:26.888Z",
        "value": "1.3057031631469727",
        "cumulative": false
    },
    {
        "date": "2020-12-08T11:05:29.888Z",
        "value": "1.2165851593017578",
        "cumulative": false
    },
    {
        "date": "2020-12-08T11:05:32.876Z",
        "value": "1.190448522567749",
        "cumulative": false
    },
    {
        "date": "2020-12-08T11:05:35.866Z",
        "value": "1.1115093231201172",
        "cumulative": false
    },
    {
        "date": "2020-12-08T11:05:38.837Z",
        "value": "1.1668341159820557",
        "cumulative": false
    },
    {
        "date": "2020-12-08T11:05:41.916Z",
        "value": "1.3006782531738281",
        "cumulative": false
    },
    {
        "date": "2020-12-08T11:05:44.909Z",
        "value": "1.1696019172668457",
        "cumulative": false
    },
    {
        "date": "2020-12-08T11:05:47.868Z",
        "value": "1.1534793376922607",
        "cumulative": false
    },
    {
        "date": "2020-12-08T11:05:50.981Z",
        "value": "1.324641466140747",
        "cumulative": false
    },
    {
        "date": "2020-12-08T11:05:54.023Z",
        "value": "1.2712013721466064",
        "cumulative": false
    },
    {
        "date": "2020-12-08T11:05:57.040Z",
        "value": "1.3079371452331543",
        "cumulative": false
    },
    {
        "date": "2020-12-08T11:06:00.085Z",
        "value": "1.3034141063690186",
        "cumulative": false
    },
    {
        "date": "2020-12-08T11:06:03.122Z",
        "value": "1.218407154083252",
        "cumulative": false
    }
]