[
    {
        "date": "2020-12-08T11:05:26.891Z",
        "value": "0.2839500904083252",
        "cumulative": false
    },
    {
        "date": "2020-12-08T11:05:29.893Z",
        "value": "0.28579187393188477",
        "cumulative": false
    },
    {
        "date": "2020-12-08T11:05:32.881Z",
        "value": "0.28911352157592773",
        "cumulative": false
    },
    {
        "date": "2020-12-08T11:05:35.871Z",
        "value": "0.2935495376586914",
        "cumulative": false
    },
    {
        "date": "2020-12-08T11:05:38.838Z",
        "value": "0.29450488090515137",
        "cumulative": false
    },
    {
        "date": "2020-12-08T11:05:41.908Z",
        "value": "0.2902798652648926",
        "cumulative": false
    },
    {
        "date": "2020-12-08T11:05:44.906Z",
        "value": "0.29462575912475586",
        "cumulative": false
    },
    {
        "date": "2020-12-08T11:05:47.865Z",
        "value": "0.2817258834838867",
        "cumulative": false
    },
    {
        "date": "2020-12-08T11:05:50.980Z",
        "value": "0.2937352657318115",
        "cumulative": false
    },
    {
        "date": "2020-12-08T11:05:54.015Z",
        "value": "0.2956695556640625",
        "cumulative": false
    },
    {
        "date": "2020-12-08T11:05:57.037Z",
        "value": "0.2982218265533447",
        "cumulative": false
    },
    {
        "date": "2020-12-08T11:06:00.077Z",
        "value": "0.2957956790924072",
        "cumulative": false
    },
    {
        "date": "2020-12-08T11:06:03.121Z",
        "value": "0.2829470634460449",
        "cumulative": false
    }
]