[
    {
        "date": "2020-12-08T11:05:26.888Z",
        "value": "0.332683801651001",
        "cumulative": false
    },
    {
        "date": "2020-12-08T11:05:29.888Z",
        "value": "0.3344697952270508",
        "cumulative": false
    },
    {
        "date": "2020-12-08T11:05:32.876Z",
        "value": "0.3519444465637207",
        "cumulative": false
    },
    {
        "date": "2020-12-08T11:05:35.866Z",
        "value": "0.3776679039001465",
        "cumulative": false
    },
    {
        "date": "2020-12-08T11:05:38.837Z",
        "value": "0.3529834747314453",
        "cumulative": false
    },
    {
        "date": "2020-12-08T11:05:41.916Z",
        "value": "0.33011436462402344",
        "cumulative": false
    },
    {
        "date": "2020-12-08T11:05:44.909Z",
        "value": "0.35474586486816406",
        "cumulative": false
    },
    {
        "date": "2020-12-08T11:05:47.868Z",
        "value": "0.3551452159881592",
        "cumulative": false
    },
    {
        "date": "2020-12-08T11:05:50.981Z",
        "value": "0.3439483642578125",
        "cumulative": false
    },
    {
        "date": "2020-12-08T11:05:54.023Z",
        "value": "0.33090686798095703",
        "cumulative": false
    },
    {
        "date": "2020-12-08T11:05:57.040Z",
        "value": "0.3165159225463867",
        "cumulative": false
    },
    {
        "date": "2020-12-08T11:06:00.085Z",
        "value": "0.3339498043060303",
        "cumulative": false
    },
    {
        "date": "2020-12-08T11:06:03.122Z",
        "value": "0.3652331829071045",
        "cumulative": false
    }
]