[
    {
        "date": "2020-11-19T16:37:48.525Z",
        "value": "5.211217164993286",
        "cumulative": false
    },
    {
        "date": "2020-11-19T20:54:00.250Z",
        "value": "5.068441152572632",
        "cumulative": false
    },
    {
        "date": "2020-11-20T01:10:16.561Z",
        "value": "4.9263787269592285",
        "cumulative": false
    },
    {
        "date": "2020-11-20T05:26:51.100Z",
        "value": "4.74634861946106",
        "cumulative": false
    },
    {
        "date": "2020-11-20T06:44:47.911Z",
        "value": "1.4405105113983154",
        "cumulative": false
    }
]