[
    {
        "date": "2020-11-19T16:37:48.525Z",
        "value": "4326.59068274498",
        "cumulative": false
    },
    {
        "date": "2020-11-19T20:54:00.250Z",
        "value": "4344.496163606644",
        "cumulative": false
    },
    {
        "date": "2020-11-20T01:10:16.561Z",
        "value": "4355.512514829636",
        "cumulative": false
    },
    {
        "date": "2020-11-20T05:26:51.100Z",
        "value": "4376.81728219986",
        "cumulative": false
    },
    {
        "date": "2020-11-20T06:44:47.911Z",
        "value": "1313.7634534835815",
        "cumulative": false
    }
]