[
    {
        "date": "2020-11-19T16:37:48.525Z",
        "value": "679.2947351932526",
        "cumulative": false
    },
    {
        "date": "2020-11-19T20:54:00.250Z",
        "value": "670.0352625846863",
        "cumulative": false
    },
    {
        "date": "2020-11-20T01:10:16.561Z",
        "value": "657.583263874054",
        "cumulative": false
    },
    {
        "date": "2020-11-20T05:26:51.100Z",
        "value": "644.82200050354",
        "cumulative": false
    },
    {
        "date": "2020-11-20T06:44:47.911Z",
        "value": "194.79030847549438",
        "cumulative": false
    }
]