[
    {
        "date": "2020-11-19T16:37:48.525Z",
        "value": "45.9487521648407",
        "cumulative": false
    },
    {
        "date": "2020-11-19T20:54:00.250Z",
        "value": "43.735997676849365",
        "cumulative": false
    },
    {
        "date": "2020-11-20T01:10:16.561Z",
        "value": "43.78988480567932",
        "cumulative": false
    },
    {
        "date": "2020-11-20T05:26:51.100Z",
        "value": "43.84079337120056",
        "cumulative": false
    },
    {
        "date": "2020-11-20T06:44:47.911Z",
        "value": "13.133415460586548",
        "cumulative": false
    }
]