[
    {
        "date": "2020-11-19T16:37:48.525Z",
        "value": "9935.289602041245",
        "cumulative": false
    },
    {
        "date": "2020-11-19T20:54:00.250Z",
        "value": "9954.447910547256",
        "cumulative": false
    },
    {
        "date": "2020-11-20T01:10:16.561Z",
        "value": "9963.93952512741",
        "cumulative": false
    },
    {
        "date": "2020-11-20T05:26:51.100Z",
        "value": "9971.940941810608",
        "cumulative": false
    },
    {
        "date": "2020-11-20T06:44:47.911Z",
        "value": "2990.6957728862762",
        "cumulative": false
    }
]