[
    {
        "date": "2020-11-19T16:37:48.525Z",
        "value": "0.29067444801330566",
        "cumulative": false
    },
    {
        "date": "2020-11-19T20:54:00.250Z",
        "value": "0.3112480640411377",
        "cumulative": false
    },
    {
        "date": "2020-11-20T01:10:16.561Z",
        "value": "0.31364870071411133",
        "cumulative": false
    },
    {
        "date": "2020-11-20T05:26:51.100Z",
        "value": "0.30337095260620117",
        "cumulative": false
    },
    {
        "date": "2020-11-20T06:44:47.911Z",
        "value": "0.09597039222717285",
        "cumulative": false
    }
]