[
    {
        "date": "2020-11-19T16:37:48.525Z",
        "value": "2.912790060043335",
        "cumulative": false
    },
    {
        "date": "2020-11-19T20:54:00.250Z",
        "value": "2.8592851161956787",
        "cumulative": false
    },
    {
        "date": "2020-11-20T01:10:16.560Z",
        "value": "2.8131730556488037",
        "cumulative": false
    },
    {
        "date": "2020-11-20T05:26:51.100Z",
        "value": "2.7254741191864014",
        "cumulative": false
    },
    {
        "date": "2020-11-20T06:44:47.911Z",
        "value": "0.826549768447876",
        "cumulative": false
    }
]