[
    {
        "date": "2020-11-19T16:37:48.525Z",
        "value": "15135.144552230835",
        "cumulative": false
    },
    {
        "date": "2020-11-19T20:54:00.250Z",
        "value": "15160.300508499146",
        "cumulative": false
    },
    {
        "date": "2020-11-20T01:10:16.560Z",
        "value": "15168.516604423523",
        "cumulative": false
    },
    {
        "date": "2020-11-20T05:26:51.100Z",
        "value": "15185.847378969193",
        "cumulative": false
    },
    {
        "date": "2020-11-20T06:44:47.911Z",
        "value": "4556.813824892044",
        "cumulative": false
    }
]