[
    {
        "date": "2020-11-19T16:37:48.525Z",
        "value": "139.6060984134674",
        "cumulative": false
    },
    {
        "date": "2020-11-19T20:54:00.250Z",
        "value": "139.34619975090027",
        "cumulative": false
    },
    {
        "date": "2020-11-20T01:10:16.560Z",
        "value": "139.63821530342102",
        "cumulative": false
    },
    {
        "date": "2020-11-20T05:26:51.100Z",
        "value": "140.6511673927307",
        "cumulative": false
    },
    {
        "date": "2020-11-20T06:44:47.911Z",
        "value": "42.06784391403198",
        "cumulative": false
    }
]