[
    {
        "date": "2021-02-19T16:05:50.130Z",
        "value": "45.22452783584595",
        "cumulative": false
    },
    {
        "date": "2021-02-19T17:37:42.947Z",
        "value": "43.60309910774231",
        "cumulative": false
    },
    {
        "date": "2021-02-19T19:09:17.318Z",
        "value": "42.29490566253662",
        "cumulative": false
    },
    {
        "date": "2021-02-19T20:40:52.702Z",
        "value": "42.20119786262512",
        "cumulative": false
    },
    {
        "date": "2021-02-19T21:08:46.637Z",
        "value": "12.63734769821167",
        "cumulative": false
    }
]