[
    {
        "date": "2021-02-19T16:05:50.326Z",
        "value": "5481.632474184036",
        "cumulative": false
    },
    {
        "date": "2021-02-19T17:37:42.520Z",
        "value": "5477.194526433945",
        "cumulative": false
    },
    {
        "date": "2021-02-19T19:09:17.529Z",
        "value": "5462.0842270851135",
        "cumulative": false
    },
    {
        "date": "2021-02-19T20:40:52.600Z",
        "value": "5462.570459127426",
        "cumulative": false
    },
    {
        "date": "2021-02-19T21:08:46.151Z",
        "value": "1640.508989572525",
        "cumulative": false
    }
]