[
    {
        "date": "2021-02-19T16:05:50.324Z",
        "value": "596.6811013221741",
        "cumulative": false
    },
    {
        "date": "2021-02-19T17:37:42.191Z",
        "value": "600.9843204021454",
        "cumulative": false
    },
    {
        "date": "2021-02-19T19:09:17.017Z",
        "value": "601.6965544223785",
        "cumulative": false
    },
    {
        "date": "2021-02-19T20:40:51.996Z",
        "value": "602.7750718593597",
        "cumulative": false
    },
    {
        "date": "2021-02-19T21:08:45.615Z",
        "value": "180.44575715065002",
        "cumulative": false
    }
]