[
    {
        "date": "2021-02-19T16:05:49.935Z",
        "value": "2.6800408363342285",
        "cumulative": false
    },
    {
        "date": "2021-02-19T17:37:42.183Z",
        "value": "2.9937236309051514",
        "cumulative": false
    },
    {
        "date": "2021-02-19T19:09:16.877Z",
        "value": "2.6481082439422607",
        "cumulative": false
    },
    {
        "date": "2021-02-19T20:40:52.066Z",
        "value": "2.652737855911255",
        "cumulative": false
    },
    {
        "date": "2021-02-19T21:08:45.684Z",
        "value": "0.7929651737213135",
        "cumulative": false
    }
]