[
    {
        "date": "2021-02-19T14:34:15.007Z",
        "value": "9.888715721795965",
        "cumulative": false
    },
    {
        "date": "2021-02-19T14:35:28.656Z",
        "value": "9.14449504157579",
        "cumulative": false
    },
    {
        "date": "2021-02-19T14:36:40.165Z",
        "value": "8.425228951101468",
        "cumulative": false
    },
    {
        "date": "2021-02-19T14:37:49.058Z",
        "value": "8.06340530199508",
        "cumulative": false
    },
    {
        "date": "2021-02-19T14:38:59.322Z",
        "value": "7.813518695039846",
        "cumulative": false
    },
    {
        "date": "2021-02-19T14:40:11.627Z",
        "value": "7.844379009799774",
        "cumulative": false
    },
    {
        "date": "2021-02-19T14:41:22.113Z",
        "value": "7.481244733842189",
        "cumulative": false
    },
    {
        "date": "2021-02-19T14:42:31.106Z",
        "value": "7.288711092305152",
        "cumulative": false
    },
    {
        "date": "2021-02-19T14:43:40.424Z",
        "value": "6.993184330239696",
        "cumulative": false
    },
    {
        "date": "2021-02-19T14:44:50.782Z",
        "value": "6.5273426738980715",
        "cumulative": false
    },
    {
        "date": "2021-02-19T14:46:04.633Z",
        "value": "6.139051880663646",
        "cumulative": false
    },
    {
        "date": "2021-02-19T14:47:15.892Z",
        "value": "5.889958211704198",
        "cumulative": false
    },
    {
        "date": "2021-02-19T14:48:27.026Z",
        "value": "5.732511918058793",
        "cumulative": false
    },
    {
        "date": "2021-02-19T14:49:40.227Z",
        "value": "5.422824519230769",
        "cumulative": false
    },
    {
        "date": "2021-02-19T14:50:50.325Z",
        "value": "4.959903070922915",
        "cumulative": false
    },
    {
        "date": "2021-02-19T14:52:02.854Z",
        "value": "4.846077666737169",
        "cumulative": false
    },
    {
        "date": "2021-02-19T14:53:09.964Z",
        "value": "4.649756309340966",
        "cumulative": false
    },
    {
        "date": "2021-02-19T14:54:21.897Z",
        "value": "4.390497378136435",
        "cumulative": false
    },
    {
        "date": "2021-02-19T14:55:32.307Z",
        "value": "4.464268061281859",
        "cumulative": false
    },
    {
        "date": "2021-02-19T14:56:43.823Z",
        "value": "4.278858921906402",
        "cumulative": false
    },
    {
        "date": "2021-02-19T14:57:52.689Z",
        "value": "4.245931714574054",
        "cumulative": false
    },
    {
        "date": "2021-02-19T14:59:06.547Z",
        "value": "4.120732255844281",
        "cumulative": false
    },
    {
        "date": "2021-02-19T15:00:15.894Z",
        "value": "4.286671228580694",
        "cumulative": false
    },
    {
        "date": "2021-02-19T15:01:26.489Z",
        "value": "4.202640459266353",
        "cumulative": false
    },
    {
        "date": "2021-02-19T15:02:41.659Z",
        "value": "4.044901813932052",
        "cumulative": false
    },
    {
        "date": "2021-02-19T15:03:50.268Z",
        "value": "4.13973684722799",
        "cumulative": false
    },
    {
        "date": "2021-02-19T15:05:01.686Z",
        "value": "3.9971481163169833",
        "cumulative": false
    },
    {
        "date": "2021-02-19T15:06:12.008Z",
        "value": "3.7183262803819446",
        "cumulative": false
    },
    {
        "date": "2021-02-19T15:07:20.425Z",
        "value": "4.114679474317817",
        "cumulative": false
    },
    {
        "date": "2021-02-19T15:08:31.004Z",
        "value": "4.180612162453318",
        "cumulative": false
    },
    {
        "date": "2021-02-19T15:09:42.914Z",
        "value": "3.9943037853194103",
        "cumulative": false
    },
    {
        "date": "2021-02-19T15:10:53.079Z",
        "value": "3.889069333090379",
        "cumulative": false
    },
    {
        "date": "2021-02-19T15:12:01.112Z",
        "value": "3.699063932326773",
        "cumulative": false
    },
    {
        "date": "2021-02-19T15:13:12.418Z",
        "value": "3.702671414644714",
        "cumulative": false
    },
    {
        "date": "2021-02-19T15:14:21.493Z",
        "value": "3.841244381421233",
        "cumulative": false
    },
    {
        "date": "2021-02-19T15:15:32.308Z",
        "value": "3.7337675206801473",
        "cumulative": false
    },
    {
        "date": "2021-02-19T15:16:43.355Z",
        "value": "3.533592582212257",
        "cumulative": false
    },
    {
        "date": "2021-02-19T15:17:53.928Z",
        "value": "3.7277661339711337",
        "cumulative": false
    },
    {
        "date": "2021-02-19T15:19:04.034Z",
        "value": "3.7478157845345343",
        "cumulative": false
    },
    {
        "date": "2021-02-19T15:20:13.740Z",
        "value": "3.563164858803407",
        "cumulative": false
    },
    {
        "date": "2021-02-19T15:21:25.353Z",
        "value": "3.591285701761222",
        "cumulative": false
    },
    {
        "date": "2021-02-19T15:22:36.946Z",
        "value": "3.7379476366096367",
        "cumulative": false
    },
    {
        "date": "2021-02-19T15:23:48.322Z",
        "value": "3.653353933560646",
        "cumulative": false
    },
    {
        "date": "2021-02-19T15:24:58.520Z",
        "value": "3.614844223548626",
        "cumulative": false
    },
    {
        "date": "2021-02-19T15:26:08.960Z",
        "value": "3.5967873464973485",
        "cumulative": false
    },
    {
        "date": "2021-02-19T15:27:21.354Z",
        "value": "3.7348738253132496",
        "cumulative": false
    },
    {
        "date": "2021-02-19T15:28:33.348Z",
        "value": "3.9022951099165595",
        "cumulative": false
    },
    {
        "date": "2021-02-19T15:29:45.044Z",
        "value": "3.4651641927783756",
        "cumulative": false
    },
    {
        "date": "2021-02-19T15:30:54.958Z",
        "value": "3.525002924996468",
        "cumulative": false
    },
    {
        "date": "2021-02-19T15:32:05.842Z",
        "value": "3.604255116170664",
        "cumulative": false
    },
    {
        "date": "2021-02-19T15:33:15.502Z",
        "value": "3.7168136903208975",
        "cumulative": false
    },
    {
        "date": "2021-02-19T15:34:25.869Z",
        "value": "3.6590688894460865",
        "cumulative": false
    },
    {
        "date": "2021-02-19T15:35:37.195Z",
        "value": "3.688370171879354",
        "cumulative": false
    },
    {
        "date": "2021-02-19T15:36:45.531Z",
        "value": "3.715962456597222",
        "cumulative": false
    },
    {
        "date": "2021-02-19T15:37:56.697Z",
        "value": "3.7699153426400054",
        "cumulative": false
    },
    {
        "date": "2021-02-19T15:39:06.992Z",
        "value": "3.493147398513678",
        "cumulative": false
    },
    {
        "date": "2021-02-19T15:40:18.689Z",
        "value": "3.780255215925656",
        "cumulative": false
    },
    {
        "date": "2021-02-19T15:41:30.028Z",
        "value": "3.563810542814449",
        "cumulative": false
    },
    {
        "date": "2021-02-19T15:42:39.367Z",
        "value": "3.5894026041666667",
        "cumulative": false
    },
    {
        "date": "2021-02-19T15:43:50.754Z",
        "value": "3.5655168707888825",
        "cumulative": false
    },
    {
        "date": "2021-02-19T15:45:01.797Z",
        "value": "3.6679534582545896",
        "cumulative": false
    },
    {
        "date": "2021-02-19T15:46:12.817Z",
        "value": "3.6395625221716976",
        "cumulative": false
    },
    {
        "date": "2021-02-19T15:47:21.474Z",
        "value": "3.6579300034242106",
        "cumulative": false
    },
    {
        "date": "2021-02-19T15:48:30.944Z",
        "value": "3.662726991538953",
        "cumulative": false
    },
    {
        "date": "2021-02-19T15:49:41.798Z",
        "value": "3.5733927420197937",
        "cumulative": false
    },
    {
        "date": "2021-02-19T15:50:50.560Z",
        "value": "3.3832879056795133",
        "cumulative": false
    },
    {
        "date": "2021-02-19T15:51:59.502Z",
        "value": "3.6572716079612655",
        "cumulative": false
    },
    {
        "date": "2021-02-19T15:53:09.934Z",
        "value": "3.4923312928674806",
        "cumulative": false
    },
    {
        "date": "2021-02-19T15:54:20.968Z",
        "value": "3.415099468427835",
        "cumulative": false
    },
    {
        "date": "2021-02-19T15:55:31.243Z",
        "value": "3.6115966138814017",
        "cumulative": false
    },
    {
        "date": "2021-02-19T15:56:44.452Z",
        "value": "3.4308967100570613",
        "cumulative": false
    },
    {
        "date": "2021-02-19T15:57:55.100Z",
        "value": "3.49755083893494",
        "cumulative": false
    },
    {
        "date": "2021-02-19T15:59:05.114Z",
        "value": "3.6036802825969096",
        "cumulative": false
    },
    {
        "date": "2021-02-19T16:00:14.570Z",
        "value": "3.4031532302217355",
        "cumulative": false
    },
    {
        "date": "2021-02-19T16:01:26.824Z",
        "value": "3.369898202437553",
        "cumulative": false
    },
    {
        "date": "2021-02-19T16:02:35.525Z",
        "value": "3.6700038432809894",
        "cumulative": false
    },
    {
        "date": "2021-02-19T16:03:46.262Z",
        "value": "3.583119379896724",
        "cumulative": false
    },
    {
        "date": "2021-02-19T16:04:56.025Z",
        "value": "3.5842174120929253",
        "cumulative": false
    },
    {
        "date": "2021-02-19T16:05:42.490Z",
        "value": "3.445197105407715",
        "cumulative": false
    },
    {
        "date": "2021-02-19T16:05:55.988Z",
        "value": "2.986811515285893",
        "cumulative": false
    },
    {
        "date": "2021-02-19T16:07:08.847Z",
        "value": "3.4568680830210936",
        "cumulative": false
    },
    {
        "date": "2021-02-19T16:08:17.611Z",
        "value": "3.4765700180017256",
        "cumulative": false
    },
    {
        "date": "2021-02-19T16:09:29.069Z",
        "value": "3.4290281471631205",
        "cumulative": false
    },
    {
        "date": "2021-02-19T16:10:40.258Z",
        "value": "3.2753638879947142",
        "cumulative": false
    },
    {
        "date": "2021-02-19T16:11:53.263Z",
        "value": "3.3809256100082714",
        "cumulative": false
    },
    {
        "date": "2021-02-19T16:13:03.958Z",
        "value": "3.330300703347578",
        "cumulative": false
    },
    {
        "date": "2021-02-19T16:14:12.786Z",
        "value": "3.243540183828623",
        "cumulative": false
    },
    {
        "date": "2021-02-19T16:15:23.821Z",
        "value": "3.3609421848229584",
        "cumulative": false
    },
    {
        "date": "2021-02-19T16:16:35.896Z",
        "value": "3.5679906856367256",
        "cumulative": false
    },
    {
        "date": "2021-02-19T16:17:47.396Z",
        "value": "3.352320706948738",
        "cumulative": false
    },
    {
        "date": "2021-02-19T16:18:57.206Z",
        "value": "3.5719030264168063",
        "cumulative": false
    },
    {
        "date": "2021-02-19T16:20:04.444Z",
        "value": "3.306742286080442",
        "cumulative": false
    },
    {
        "date": "2021-02-19T16:21:12.094Z",
        "value": "3.4706460191456543",
        "cumulative": false
    },
    {
        "date": "2021-02-19T16:22:21.514Z",
        "value": "3.3221921579132547",
        "cumulative": false
    },
    {
        "date": "2021-02-19T16:23:31.746Z",
        "value": "3.50620289784065",
        "cumulative": false
    },
    {
        "date": "2021-02-19T16:24:41.633Z",
        "value": "3.260696887080112",
        "cumulative": false
    },
    {
        "date": "2021-02-19T16:25:50.084Z",
        "value": "3.324159639375704",
        "cumulative": false
    },
    {
        "date": "2021-02-19T16:27:00.142Z",
        "value": "3.592047617484904",
        "cumulative": false
    },
    {
        "date": "2021-02-19T16:28:10.967Z",
        "value": "3.3564580833507236",
        "cumulative": false
    },
    {
        "date": "2021-02-19T16:29:19.831Z",
        "value": "3.3503898969981365",
        "cumulative": false
    },
    {
        "date": "2021-02-19T16:30:30.737Z",
        "value": "3.311792815133427",
        "cumulative": false
    },
    {
        "date": "2021-02-19T16:31:40.132Z",
        "value": "3.3995189457821264",
        "cumulative": false
    },
    {
        "date": "2021-02-19T16:32:50.777Z",
        "value": "3.4391831248302553",
        "cumulative": false
    },
    {
        "date": "2021-02-19T16:34:04.376Z",
        "value": "3.4337098524305554",
        "cumulative": false
    },
    {
        "date": "2021-02-19T16:35:14.825Z",
        "value": "3.256820691472679",
        "cumulative": false
    },
    {
        "date": "2021-02-19T16:36:24.275Z",
        "value": "3.6471882878848194",
        "cumulative": false
    },
    {
        "date": "2021-02-19T16:37:35.629Z",
        "value": "3.3085966454683287",
        "cumulative": false
    },
    {
        "date": "2021-02-19T16:38:45.387Z",
        "value": "3.369659644846797",
        "cumulative": false
    },
    {
        "date": "2021-02-19T16:39:56.556Z",
        "value": "3.4453082355349345",
        "cumulative": false
    },
    {
        "date": "2021-02-19T16:41:06.239Z",
        "value": "3.416748972150785",
        "cumulative": false
    },
    {
        "date": "2021-02-19T16:42:20.401Z",
        "value": "3.316287381075399",
        "cumulative": false
    },
    {
        "date": "2021-02-19T16:43:31.617Z",
        "value": "3.6262018834147307",
        "cumulative": false
    },
    {
        "date": "2021-02-19T16:44:41.551Z",
        "value": "3.5952418006545246",
        "cumulative": false
    },
    {
        "date": "2021-02-19T16:45:51.900Z",
        "value": "3.3996022567710935",
        "cumulative": false
    },
    {
        "date": "2021-02-19T16:47:01.737Z",
        "value": "3.231316370266121",
        "cumulative": false
    },
    {
        "date": "2021-02-19T16:48:14.081Z",
        "value": "3.238400601442033",
        "cumulative": false
    },
    {
        "date": "2021-02-19T16:49:26.106Z",
        "value": "3.5644019537713736",
        "cumulative": false
    },
    {
        "date": "2021-02-19T16:50:37.522Z",
        "value": "3.429515537580978",
        "cumulative": false
    },
    {
        "date": "2021-02-19T16:51:48.446Z",
        "value": "3.509235606846473",
        "cumulative": false
    },
    {
        "date": "2021-02-19T16:52:59.034Z",
        "value": "3.2494658119658117",
        "cumulative": false
    },
    {
        "date": "2021-02-19T16:54:08.471Z",
        "value": "3.639393348587535",
        "cumulative": false
    },
    {
        "date": "2021-02-19T16:55:19.854Z",
        "value": "3.4757979297174635",
        "cumulative": false
    },
    {
        "date": "2021-02-19T16:56:31.581Z",
        "value": "3.43550388168239",
        "cumulative": false
    },
    {
        "date": "2021-02-19T16:57:42.614Z",
        "value": "3.2864750267094016",
        "cumulative": false
    },
    {
        "date": "2021-02-19T16:58:53.390Z",
        "value": "3.4398206201949018",
        "cumulative": false
    },
    {
        "date": "2021-02-19T17:00:03.740Z",
        "value": "3.337884955909263",
        "cumulative": false
    },
    {
        "date": "2021-02-19T17:01:17.788Z",
        "value": "3.5234364393836546",
        "cumulative": false
    },
    {
        "date": "2021-02-19T17:02:27.415Z",
        "value": "3.2906568196382797",
        "cumulative": false
    },
    {
        "date": "2021-02-19T17:03:38.051Z",
        "value": "3.388714894167368",
        "cumulative": false
    },
    {
        "date": "2021-02-19T17:04:50.643Z",
        "value": "3.3049523837443044",
        "cumulative": false
    },
    {
        "date": "2021-02-19T17:05:58.827Z",
        "value": "3.3814033000783805",
        "cumulative": false
    },
    {
        "date": "2021-02-19T17:07:09.350Z",
        "value": "3.355549524880988",
        "cumulative": false
    },
    {
        "date": "2021-02-19T17:08:20.209Z",
        "value": "3.139547185133194",
        "cumulative": false
    },
    {
        "date": "2021-02-19T17:09:28.564Z",
        "value": "3.2669211457215663",
        "cumulative": false
    },
    {
        "date": "2021-02-19T17:10:39.260Z",
        "value": "3.4881079020810364",
        "cumulative": false
    },
    {
        "date": "2021-02-19T17:11:51.853Z",
        "value": "3.271865831936295",
        "cumulative": false
    },
    {
        "date": "2021-02-19T17:13:01.177Z",
        "value": "3.3594353479313956",
        "cumulative": false
    },
    {
        "date": "2021-02-19T17:14:10.899Z",
        "value": "3.1764457383103846",
        "cumulative": false
    },
    {
        "date": "2021-02-19T17:15:21.275Z",
        "value": "3.3433445024376494",
        "cumulative": false
    },
    {
        "date": "2021-02-19T17:16:30.986Z",
        "value": "3.2925171764184396",
        "cumulative": false
    },
    {
        "date": "2021-02-19T17:17:41.368Z",
        "value": "3.252116850572776",
        "cumulative": false
    },
    {
        "date": "2021-02-19T17:18:51.433Z",
        "value": "3.410577096322741",
        "cumulative": false
    },
    {
        "date": "2021-02-19T17:20:01.344Z",
        "value": "3.303672140453476",
        "cumulative": false
    },
    {
        "date": "2021-02-19T17:21:13.461Z",
        "value": "3.2329495958831926",
        "cumulative": false
    },
    {
        "date": "2021-02-19T17:22:23.398Z",
        "value": "3.1993971874184286",
        "cumulative": false
    },
    {
        "date": "2021-02-19T17:23:33.848Z",
        "value": "3.256729846900391",
        "cumulative": false
    },
    {
        "date": "2021-02-19T17:24:43.705Z",
        "value": "3.175147898626456",
        "cumulative": false
    },
    {
        "date": "2021-02-19T17:25:53.977Z",
        "value": "3.2346128094899975",
        "cumulative": false
    },
    {
        "date": "2021-02-19T17:27:04.713Z",
        "value": "3.4164967237903228",
        "cumulative": false
    },
    {
        "date": "2021-02-19T17:28:19.582Z",
        "value": "3.3469897073412698",
        "cumulative": false
    },
    {
        "date": "2021-02-19T17:29:28.474Z",
        "value": "3.3927288907006456",
        "cumulative": false
    },
    {
        "date": "2021-02-19T17:30:39.832Z",
        "value": "3.5461455969646147",
        "cumulative": false
    },
    {
        "date": "2021-02-19T17:31:50.637Z",
        "value": "3.2890625",
        "cumulative": false
    },
    {
        "date": "2021-02-19T17:33:02.316Z",
        "value": "3.2406631097560976",
        "cumulative": false
    },
    {
        "date": "2021-02-19T17:34:14.489Z",
        "value": "3.3757675555573794",
        "cumulative": false
    },
    {
        "date": "2021-02-19T17:35:25.886Z",
        "value": "3.197645191551559",
        "cumulative": false
    },
    {
        "date": "2021-02-19T17:36:38.581Z",
        "value": "3.3181650603320785",
        "cumulative": false
    },
    {
        "date": "2021-02-19T17:37:23.871Z",
        "value": "3.240283250808716",
        "cumulative": false
    },
    {
        "date": "2021-02-19T17:37:46.101Z",
        "value": "2.9544319880881575",
        "cumulative": false
    },
    {
        "date": "2021-02-19T17:38:57.763Z",
        "value": "3.3075639564910118",
        "cumulative": false
    },
    {
        "date": "2021-02-19T17:40:08.577Z",
        "value": "3.1413164347627736",
        "cumulative": false
    },
    {
        "date": "2021-02-19T17:41:19.796Z",
        "value": "3.344145873850778",
        "cumulative": false
    },
    {
        "date": "2021-02-19T17:42:29.838Z",
        "value": "3.3404429856052116",
        "cumulative": false
    },
    {
        "date": "2021-02-19T17:43:40.742Z",
        "value": "3.0708576460926693",
        "cumulative": false
    },
    {
        "date": "2021-02-19T17:44:50.130Z",
        "value": "3.291056404532967",
        "cumulative": false
    },
    {
        "date": "2021-02-19T17:46:00.905Z",
        "value": "3.4345397864799447",
        "cumulative": false
    },
    {
        "date": "2021-02-19T17:47:08.962Z",
        "value": "3.3160230152027026",
        "cumulative": false
    },
    {
        "date": "2021-02-19T17:48:22.923Z",
        "value": "3.3073354136234",
        "cumulative": false
    },
    {
        "date": "2021-02-19T17:49:34.891Z",
        "value": "3.387611409205859",
        "cumulative": false
    },
    {
        "date": "2021-02-19T17:50:45.760Z",
        "value": "3.1572989895491244",
        "cumulative": false
    },
    {
        "date": "2021-02-19T17:51:55.697Z",
        "value": "3.2703532881526103",
        "cumulative": false
    },
    {
        "date": "2021-02-19T17:53:05.220Z",
        "value": "3.168546665444258",
        "cumulative": false
    },
    {
        "date": "2021-02-19T17:54:16.554Z",
        "value": "3.3464465973784088",
        "cumulative": false
    },
    {
        "date": "2021-02-19T17:55:26.575Z",
        "value": "3.4700646949505556",
        "cumulative": false
    },
    {
        "date": "2021-02-19T17:56:37.316Z",
        "value": "3.1095734321811994",
        "cumulative": false
    },
    {
        "date": "2021-02-19T17:57:48.090Z",
        "value": "3.1511932356524093",
        "cumulative": false
    },
    {
        "date": "2021-02-19T17:59:00.126Z",
        "value": "3.166150097082284",
        "cumulative": false
    },
    {
        "date": "2021-02-19T18:00:08.037Z",
        "value": "3.290980393883878",
        "cumulative": false
    },
    {
        "date": "2021-02-19T18:01:16.502Z",
        "value": "3.1622747189153437",
        "cumulative": false
    },
    {
        "date": "2021-02-19T18:02:27.231Z",
        "value": "3.2048263069968552",
        "cumulative": false
    },
    {
        "date": "2021-02-19T18:03:35.197Z",
        "value": "3.2285786545537403",
        "cumulative": false
    },
    {
        "date": "2021-02-19T18:04:45.625Z",
        "value": "3.1409865547479328",
        "cumulative": false
    },
    {
        "date": "2021-02-19T18:05:57.478Z",
        "value": "3.1918867807539684",
        "cumulative": false
    },
    {
        "date": "2021-02-19T18:07:08.599Z",
        "value": "3.1822930789045554",
        "cumulative": false
    },
    {
        "date": "2021-02-19T18:08:20.472Z",
        "value": "3.1988170542446697",
        "cumulative": false
    },
    {
        "date": "2021-02-19T18:09:30.680Z",
        "value": "3.2601880505771565",
        "cumulative": false
    },
    {
        "date": "2021-02-19T18:10:39.266Z",
        "value": "3.2978968923435925",
        "cumulative": false
    },
    {
        "date": "2021-02-19T18:11:48.450Z",
        "value": "3.3203582640385134",
        "cumulative": false
    },
    {
        "date": "2021-02-19T18:12:59.972Z",
        "value": "3.3336649514257757",
        "cumulative": false
    },
    {
        "date": "2021-02-19T18:14:10.772Z",
        "value": "3.129185463193083",
        "cumulative": false
    },
    {
        "date": "2021-02-19T18:15:19.777Z",
        "value": "3.535655210548299",
        "cumulative": false
    },
    {
        "date": "2021-02-19T18:16:29.179Z",
        "value": "3.0555833618269506",
        "cumulative": false
    },
    {
        "date": "2021-02-19T18:17:38.509Z",
        "value": "3.0876649163600436",
        "cumulative": false
    },
    {
        "date": "2021-02-19T18:18:50.338Z",
        "value": "3.343286277647021",
        "cumulative": false
    },
    {
        "date": "2021-02-19T18:20:01.828Z",
        "value": "3.367116921664089",
        "cumulative": false
    },
    {
        "date": "2021-02-19T18:21:10.919Z",
        "value": "3.1737427396924085",
        "cumulative": false
    },
    {
        "date": "2021-02-19T18:22:21.089Z",
        "value": "3.1231335601595007",
        "cumulative": false
    },
    {
        "date": "2021-02-19T18:23:32.681Z",
        "value": "3.1962850721874148",
        "cumulative": false
    },
    {
        "date": "2021-02-19T18:24:42.710Z",
        "value": "3.208686510244671",
        "cumulative": false
    },
    {
        "date": "2021-02-19T18:25:52.860Z",
        "value": "3.2863021451900236",
        "cumulative": false
    },
    {
        "date": "2021-02-19T18:27:03.040Z",
        "value": "3.1597252995604084",
        "cumulative": false
    },
    {
        "date": "2021-02-19T18:28:15.312Z",
        "value": "3.226883561643836",
        "cumulative": false
    },
    {
        "date": "2021-02-19T18:29:26.826Z",
        "value": "3.125675594332928",
        "cumulative": false
    },
    {
        "date": "2021-02-19T18:30:38.403Z",
        "value": "3.128231139316184",
        "cumulative": false
    },
    {
        "date": "2021-02-19T18:31:48.440Z",
        "value": "3.248403317501439",
        "cumulative": false
    },
    {
        "date": "2021-02-19T18:33:03.992Z",
        "value": "3.19189532866086",
        "cumulative": false
    },
    {
        "date": "2021-02-19T18:34:13.676Z",
        "value": "3.244160964755272",
        "cumulative": false
    },
    {
        "date": "2021-02-19T18:35:26.229Z",
        "value": "3.2904397108687684",
        "cumulative": false
    },
    {
        "date": "2021-02-19T18:36:35.517Z",
        "value": "3.17864990234375",
        "cumulative": false
    },
    {
        "date": "2021-02-19T18:37:45.523Z",
        "value": "3.2654672393547726",
        "cumulative": false
    },
    {
        "date": "2021-02-19T18:38:55.895Z",
        "value": "3.22522139965735",
        "cumulative": false
    },
    {
        "date": "2021-02-19T18:40:06.567Z",
        "value": "3.1700635177676686",
        "cumulative": false
    },
    {
        "date": "2021-02-19T18:41:15.661Z",
        "value": "2.9909259669422967",
        "cumulative": false
    },
    {
        "date": "2021-02-19T18:42:24.950Z",
        "value": "3.1501609409587714",
        "cumulative": false
    },
    {
        "date": "2021-02-19T18:43:35.117Z",
        "value": "3.12706960304283",
        "cumulative": false
    },
    {
        "date": "2021-02-19T18:44:46.362Z",
        "value": "3.243051061967113",
        "cumulative": false
    },
    {
        "date": "2021-02-19T18:45:54.213Z",
        "value": "3.1849015660892035",
        "cumulative": false
    },
    {
        "date": "2021-02-19T18:47:03.658Z",
        "value": "3.360532871856608",
        "cumulative": false
    },
    {
        "date": "2021-02-19T18:48:15.130Z",
        "value": "3.234152639124894",
        "cumulative": false
    },
    {
        "date": "2021-02-19T18:49:25.135Z",
        "value": "3.0797085945516933",
        "cumulative": false
    },
    {
        "date": "2021-02-19T18:50:36.551Z",
        "value": "3.182395777209052",
        "cumulative": false
    },
    {
        "date": "2021-02-19T18:51:48.559Z",
        "value": "3.2234549146947873",
        "cumulative": false
    },
    {
        "date": "2021-02-19T18:52:55.616Z",
        "value": "3.1685545329398574",
        "cumulative": false
    },
    {
        "date": "2021-02-19T18:54:05.368Z",
        "value": "3.1841997049622615",
        "cumulative": false
    },
    {
        "date": "2021-02-19T18:55:14.358Z",
        "value": "3.2518930003220774",
        "cumulative": false
    },
    {
        "date": "2021-02-19T18:56:29.080Z",
        "value": "3.155991710316051",
        "cumulative": false
    },
    {
        "date": "2021-02-19T18:57:39.715Z",
        "value": "3.2697233774986847",
        "cumulative": false
    },
    {
        "date": "2021-02-19T18:58:47.294Z",
        "value": "3.316195671204564",
        "cumulative": false
    },
    {
        "date": "2021-02-19T19:00:01.883Z",
        "value": "3.3211133026189823",
        "cumulative": false
    },
    {
        "date": "2021-02-19T19:01:10.914Z",
        "value": "3.1191383177052567",
        "cumulative": false
    },
    {
        "date": "2021-02-19T19:02:19.474Z",
        "value": "3.1739215994962215",
        "cumulative": false
    },
    {
        "date": "2021-02-19T19:03:29.567Z",
        "value": "3.126481875327826",
        "cumulative": false
    },
    {
        "date": "2021-02-19T19:04:37.868Z",
        "value": "3.2068928749830667",
        "cumulative": false
    },
    {
        "date": "2021-02-19T19:05:48.147Z",
        "value": "3.310206894047004",
        "cumulative": false
    },
    {
        "date": "2021-02-19T19:06:59.342Z",
        "value": "3.169209749231489",
        "cumulative": false
    },
    {
        "date": "2021-02-19T19:08:11.866Z",
        "value": "2.944056880443945",
        "cumulative": false
    },
    {
        "date": "2021-02-19T19:08:58.558Z",
        "value": "3.151982307434082",
        "cumulative": false
    },
    {
        "date": "2021-02-19T19:09:20.596Z",
        "value": "2.885247402770378",
        "cumulative": false
    },
    {
        "date": "2021-02-19T19:10:31.978Z",
        "value": "3.0431679827124003",
        "cumulative": false
    },
    {
        "date": "2021-02-19T19:11:42.942Z",
        "value": "3.0557106844096333",
        "cumulative": false
    },
    {
        "date": "2021-02-19T19:12:52.203Z",
        "value": "3.0678737968671363",
        "cumulative": false
    },
    {
        "date": "2021-02-19T19:14:01.800Z",
        "value": "3.129439878655246",
        "cumulative": false
    },
    {
        "date": "2021-02-19T19:15:12.859Z",
        "value": "3.1018490578133844",
        "cumulative": false
    },
    {
        "date": "2021-02-19T19:16:24.098Z",
        "value": "3.1661902606402004",
        "cumulative": false
    },
    {
        "date": "2021-02-19T19:17:35.204Z",
        "value": "3.2851891768606087",
        "cumulative": false
    },
    {
        "date": "2021-02-19T19:18:45.211Z",
        "value": "3.177670586646895",
        "cumulative": false
    },
    {
        "date": "2021-02-19T19:19:53.473Z",
        "value": "3.1816022498167156",
        "cumulative": false
    },
    {
        "date": "2021-02-19T19:21:03.462Z",
        "value": "3.2042453461763176",
        "cumulative": false
    },
    {
        "date": "2021-02-19T19:22:15.814Z",
        "value": "3.3077751644530267",
        "cumulative": false
    },
    {
        "date": "2021-02-19T19:23:27.774Z",
        "value": "3.036660909442155",
        "cumulative": false
    },
    {
        "date": "2021-02-19T19:24:38.719Z",
        "value": "3.178755226672535",
        "cumulative": false
    },
    {
        "date": "2021-02-19T19:25:47.402Z",
        "value": "3.3630602398585534",
        "cumulative": false
    },
    {
        "date": "2021-02-19T19:26:59.584Z",
        "value": "3.094759997939386",
        "cumulative": false
    },
    {
        "date": "2021-02-19T19:28:09.656Z",
        "value": "3.250954200634058",
        "cumulative": false
    },
    {
        "date": "2021-02-19T19:29:18.183Z",
        "value": "3.195484406079065",
        "cumulative": false
    },
    {
        "date": "2021-02-19T19:30:29.019Z",
        "value": "3.1139869429519593",
        "cumulative": false
    },
    {
        "date": "2021-02-19T19:31:40.399Z",
        "value": "3.065423443147067",
        "cumulative": false
    },
    {
        "date": "2021-02-19T19:32:48.478Z",
        "value": "3.1941771533150107",
        "cumulative": false
    },
    {
        "date": "2021-02-19T19:33:58.021Z",
        "value": "3.1960362468274113",
        "cumulative": false
    },
    {
        "date": "2021-02-19T19:35:08.760Z",
        "value": "3.0997542373639746",
        "cumulative": false
    },
    {
        "date": "2021-02-19T19:36:20.522Z",
        "value": "3.171115845550078",
        "cumulative": false
    },
    {
        "date": "2021-02-19T19:37:34.132Z",
        "value": "3.031259785195391",
        "cumulative": false
    },
    {
        "date": "2021-02-19T19:38:43.637Z",
        "value": "3.050051868249682",
        "cumulative": false
    },
    {
        "date": "2021-02-19T19:39:52.056Z",
        "value": "3.0607776250162466",
        "cumulative": false
    },
    {
        "date": "2021-02-19T19:41:04.761Z",
        "value": "3.1594431168876973",
        "cumulative": false
    },
    {
        "date": "2021-02-19T19:42:14.638Z",
        "value": "3.2892282389130756",
        "cumulative": false
    },
    {
        "date": "2021-02-19T19:43:26.445Z",
        "value": "3.118533423872738",
        "cumulative": false
    },
    {
        "date": "2021-02-19T19:44:37.146Z",
        "value": "3.120427529059973",
        "cumulative": false
    },
    {
        "date": "2021-02-19T19:45:47.082Z",
        "value": "3.1938458964340173",
        "cumulative": false
    },
    {
        "date": "2021-02-19T19:46:55.327Z",
        "value": "3.205552447459666",
        "cumulative": false
    },
    {
        "date": "2021-02-19T19:48:05.138Z",
        "value": "3.188963013022228",
        "cumulative": false
    },
    {
        "date": "2021-02-19T19:49:15.668Z",
        "value": "3.0520517630100534",
        "cumulative": false
    },
    {
        "date": "2021-02-19T19:50:25.967Z",
        "value": "3.479694645579268",
        "cumulative": false
    },
    {
        "date": "2021-02-19T19:51:37.676Z",
        "value": "3.0656870039682538",
        "cumulative": false
    },
    {
        "date": "2021-02-19T19:52:49.721Z",
        "value": "3.1619416981319555",
        "cumulative": false
    },
    {
        "date": "2021-02-19T19:54:00.389Z",
        "value": "3.1668292457346796",
        "cumulative": false
    },
    {
        "date": "2021-02-19T19:55:10.343Z",
        "value": "3.04112267997298",
        "cumulative": false
    },
    {
        "date": "2021-02-19T19:56:21.514Z",
        "value": "3.1897607287496874",
        "cumulative": false
    },
    {
        "date": "2021-02-19T19:57:33.113Z",
        "value": "3.231474664098319",
        "cumulative": false
    },
    {
        "date": "2021-02-19T19:58:43.675Z",
        "value": "3.171486683906502",
        "cumulative": false
    },
    {
        "date": "2021-02-19T19:59:52.381Z",
        "value": "3.0482527449324324",
        "cumulative": false
    },
    {
        "date": "2021-02-19T20:01:04.271Z",
        "value": "3.157207280778165",
        "cumulative": false
    },
    {
        "date": "2021-02-19T20:02:16.358Z",
        "value": "3.3505469948236195",
        "cumulative": false
    },
    {
        "date": "2021-02-19T20:03:24.959Z",
        "value": "2.999272703453021",
        "cumulative": false
    },
    {
        "date": "2021-02-19T20:04:35.214Z",
        "value": "2.9581935212068733",
        "cumulative": false
    },
    {
        "date": "2021-02-19T20:05:45.818Z",
        "value": "3.074133542997418",
        "cumulative": false
    },
    {
        "date": "2021-02-19T20:06:54.430Z",
        "value": "3.1827083258090147",
        "cumulative": false
    },
    {
        "date": "2021-02-19T20:08:03.132Z",
        "value": "3.2019740410782584",
        "cumulative": false
    },
    {
        "date": "2021-02-19T20:09:13.824Z",
        "value": "3.026756444839079",
        "cumulative": false
    },
    {
        "date": "2021-02-19T20:10:21.985Z",
        "value": "2.9561280111582313",
        "cumulative": false
    },
    {
        "date": "2021-02-19T20:11:31.439Z",
        "value": "2.891136895475819",
        "cumulative": false
    },
    {
        "date": "2021-02-19T20:12:40.580Z",
        "value": "3.211258561643836",
        "cumulative": false
    },
    {
        "date": "2021-02-19T20:13:51.442Z",
        "value": "3.034774639423077",
        "cumulative": false
    },
    {
        "date": "2021-02-19T20:15:00.985Z",
        "value": "2.9784121663046523",
        "cumulative": false
    },
    {
        "date": "2021-02-19T20:16:09.835Z",
        "value": "3.2340686587902345",
        "cumulative": false
    },
    {
        "date": "2021-02-19T20:17:20.527Z",
        "value": "3.116817803311422",
        "cumulative": false
    },
    {
        "date": "2021-02-19T20:18:31.130Z",
        "value": "3.1532064800613497",
        "cumulative": false
    },
    {
        "date": "2021-02-19T20:19:42.180Z",
        "value": "3.020209276590117",
        "cumulative": false
    },
    {
        "date": "2021-02-19T20:20:55.487Z",
        "value": "3.3482100640935837",
        "cumulative": false
    },
    {
        "date": "2021-02-19T20:22:05.134Z",
        "value": "3.0985462614194166",
        "cumulative": false
    },
    {
        "date": "2021-02-19T20:23:16.254Z",
        "value": "3.243820546792065",
        "cumulative": false
    },
    {
        "date": "2021-02-19T20:24:27.031Z",
        "value": "3.0042891549156088",
        "cumulative": false
    },
    {
        "date": "2021-02-19T20:25:36.562Z",
        "value": "3.1483325045132386",
        "cumulative": false
    },
    {
        "date": "2021-02-19T20:26:46.606Z",
        "value": "3.1276166466986157",
        "cumulative": false
    },
    {
        "date": "2021-02-19T20:27:58.461Z",
        "value": "2.9693551512577074",
        "cumulative": false
    },
    {
        "date": "2021-02-19T20:29:08.885Z",
        "value": "2.9991040177241586",
        "cumulative": false
    },
    {
        "date": "2021-02-19T20:30:18.129Z",
        "value": "3.1084734124723834",
        "cumulative": false
    },
    {
        "date": "2021-02-19T20:31:30.364Z",
        "value": "3.0677291942393423",
        "cumulative": false
    },
    {
        "date": "2021-02-19T20:32:43.980Z",
        "value": "3.0658098412004664",
        "cumulative": false
    },
    {
        "date": "2021-02-19T20:33:55.039Z",
        "value": "3.151148075331126",
        "cumulative": false
    },
    {
        "date": "2021-02-19T20:35:06.473Z",
        "value": "3.1002816523605152",
        "cumulative": false
    },
    {
        "date": "2021-02-19T20:36:17.484Z",
        "value": "3.2051588194821963",
        "cumulative": false
    },
    {
        "date": "2021-02-19T20:37:26.668Z",
        "value": "3.07411174878939",
        "cumulative": false
    },
    {
        "date": "2021-02-19T20:38:37.780Z",
        "value": "3.1066391728624536",
        "cumulative": false
    },
    {
        "date": "2021-02-19T20:39:47.827Z",
        "value": "3.0571088728289113",
        "cumulative": false
    },
    {
        "date": "2021-02-19T20:40:33.650Z",
        "value": "3.05441951751709",
        "cumulative": false
    },
    {
        "date": "2021-02-19T20:40:55.604Z",
        "value": "2.831866649537513",
        "cumulative": false
    },
    {
        "date": "2021-02-19T20:42:07.576Z",
        "value": "3.144347703313253",
        "cumulative": false
    },
    {
        "date": "2021-02-19T20:43:20.452Z",
        "value": "2.9174621649324695",
        "cumulative": false
    },
    {
        "date": "2021-02-19T20:44:29.999Z",
        "value": "2.9994849525020766",
        "cumulative": false
    },
    {
        "date": "2021-02-19T20:45:40.372Z",
        "value": "2.817983314520827",
        "cumulative": false
    },
    {
        "date": "2021-02-19T20:46:49.926Z",
        "value": "3.048785922877099",
        "cumulative": false
    },
    {
        "date": "2021-02-19T20:48:00.376Z",
        "value": "3.032203131463734",
        "cumulative": false
    },
    {
        "date": "2021-02-19T20:49:12.725Z",
        "value": "2.9991910000716127",
        "cumulative": false
    },
    {
        "date": "2021-02-19T20:50:23.648Z",
        "value": "2.961819076136961",
        "cumulative": false
    },
    {
        "date": "2021-02-19T20:51:35.335Z",
        "value": "3.0508829642808957",
        "cumulative": false
    },
    {
        "date": "2021-02-19T20:52:46.297Z",
        "value": "3.015018921726594",
        "cumulative": false
    },
    {
        "date": "2021-02-19T20:53:54.292Z",
        "value": "2.922089022469368",
        "cumulative": false
    },
    {
        "date": "2021-02-19T20:55:05.567Z",
        "value": "3.1467291379035682",
        "cumulative": false
    },
    {
        "date": "2021-02-19T20:56:14.804Z",
        "value": "3.0985359177534284",
        "cumulative": false
    },
    {
        "date": "2021-02-19T20:57:26.450Z",
        "value": "3.0141025379905324",
        "cumulative": false
    },
    {
        "date": "2021-02-19T20:58:38.878Z",
        "value": "3.2178367379443285",
        "cumulative": false
    },
    {
        "date": "2021-02-19T20:59:46.320Z",
        "value": "3.0983477919258684",
        "cumulative": false
    },
    {
        "date": "2021-02-19T21:00:55.971Z",
        "value": "3.1057843867628607",
        "cumulative": false
    },
    {
        "date": "2021-02-19T21:02:05.620Z",
        "value": "2.9361412813346885",
        "cumulative": false
    },
    {
        "date": "2021-02-19T21:03:13.925Z",
        "value": "3.0162165193338186",
        "cumulative": false
    },
    {
        "date": "2021-02-19T21:04:24.435Z",
        "value": "2.9226681394706033",
        "cumulative": false
    },
    {
        "date": "2021-02-19T21:05:34.950Z",
        "value": "2.8271854347787673",
        "cumulative": false
    },
    {
        "date": "2021-02-19T21:06:44.156Z",
        "value": "2.9623226616840554",
        "cumulative": false
    },
    {
        "date": "2021-02-19T21:07:57.019Z",
        "value": "2.896180518042351",
        "cumulative": false
    }
]