[
    {
        "date": "2021-02-19T16:05:50.130Z",
        "value": "0.13261771202087402",
        "cumulative": false
    },
    {
        "date": "2021-02-19T17:37:42.947Z",
        "value": "0.1233375072479248",
        "cumulative": false
    },
    {
        "date": "2021-02-19T19:09:17.318Z",
        "value": "0.12052750587463379",
        "cumulative": false
    },
    {
        "date": "2021-02-19T20:40:52.702Z",
        "value": "0.12913203239440918",
        "cumulative": false
    },
    {
        "date": "2021-02-19T21:08:46.637Z",
        "value": "0.0397951602935791",
        "cumulative": false
    }
]