[
    {
        "date": "2021-02-19T16:05:50.017Z",
        "value": "619.7206716537476",
        "cumulative": false
    },
    {
        "date": "2021-02-19T17:37:42.666Z",
        "value": "622.8625991344452",
        "cumulative": false
    },
    {
        "date": "2021-02-19T19:09:17.444Z",
        "value": "621.9766964912415",
        "cumulative": false
    },
    {
        "date": "2021-02-19T20:40:52.547Z",
        "value": "622.2386918067932",
        "cumulative": false
    },
    {
        "date": "2021-02-19T21:08:46.068Z",
        "value": "186.96340370178223",
        "cumulative": false
    }
]