[
    {
        "date": "2021-02-19T16:05:50.144Z",
        "value": "2.985140323638916",
        "cumulative": false
    },
    {
        "date": "2021-02-19T17:37:42.700Z",
        "value": "3.330014705657959",
        "cumulative": false
    },
    {
        "date": "2021-02-19T19:09:17.293Z",
        "value": "2.9568116664886475",
        "cumulative": false
    },
    {
        "date": "2021-02-19T20:40:52.654Z",
        "value": "2.9448819160461426",
        "cumulative": false
    },
    {
        "date": "2021-02-19T21:08:46.570Z",
        "value": "0.8774628639221191",
        "cumulative": false
    }
]