[
    {
        "date": "2021-02-19T16:05:50.324Z",
        "value": "43.38822913169861",
        "cumulative": false
    },
    {
        "date": "2021-02-19T17:37:42.191Z",
        "value": "41.590587854385376",
        "cumulative": false
    },
    {
        "date": "2021-02-19T19:09:17.017Z",
        "value": "40.88051199913025",
        "cumulative": false
    },
    {
        "date": "2021-02-19T20:40:51.996Z",
        "value": "40.793442249298096",
        "cumulative": false
    },
    {
        "date": "2021-02-19T21:08:45.615Z",
        "value": "12.256246328353882",
        "cumulative": false
    }
]