[
    {
        "date": "2021-02-19T16:05:50.285Z",
        "value": "261.86706805229187",
        "cumulative": false
    },
    {
        "date": "2021-02-19T17:37:42.715Z",
        "value": "260.92074751853943",
        "cumulative": false
    },
    {
        "date": "2021-02-19T19:09:17.491Z",
        "value": "262.30375504493713",
        "cumulative": false
    },
    {
        "date": "2021-02-19T20:40:52.442Z",
        "value": "262.8782114982605",
        "cumulative": false
    },
    {
        "date": "2021-02-19T21:08:45.949Z",
        "value": "79.09425258636475",
        "cumulative": false
    }
]