[
    {
        "date": "2021-02-19T16:05:50.343Z",
        "value": "0.13105082511901855",
        "cumulative": false
    },
    {
        "date": "2021-02-19T17:37:42.621Z",
        "value": "0.12256503105163574",
        "cumulative": false
    },
    {
        "date": "2021-02-19T19:09:17.461Z",
        "value": "0.12008142471313477",
        "cumulative": false
    },
    {
        "date": "2021-02-19T20:40:52.459Z",
        "value": "0.1289043426513672",
        "cumulative": false
    },
    {
        "date": "2021-02-19T21:08:46.230Z",
        "value": "0.03938555717468262",
        "cumulative": false
    }
]