[
    {
        "date": "2021-02-19T16:05:50.144Z",
        "value": "0.1351299285888672",
        "cumulative": false
    },
    {
        "date": "2021-02-19T17:37:42.700Z",
        "value": "0.12293791770935059",
        "cumulative": false
    },
    {
        "date": "2021-02-19T19:09:17.293Z",
        "value": "0.1206061840057373",
        "cumulative": false
    },
    {
        "date": "2021-02-19T20:40:52.654Z",
        "value": "0.12899112701416016",
        "cumulative": false
    },
    {
        "date": "2021-02-19T21:08:46.570Z",
        "value": "0.03944540023803711",
        "cumulative": false
    }
]