[
    {
        "date": "2021-02-19T16:05:51.992Z",
        "value": "105.03868508338928",
        "cumulative": false
    },
    {
        "date": "2021-02-19T17:37:40.840Z",
        "value": "105.64780640602112",
        "cumulative": false
    },
    {
        "date": "2021-02-19T19:09:15.528Z",
        "value": "105.80602240562439",
        "cumulative": false
    },
    {
        "date": "2021-02-19T20:40:50.663Z",
        "value": "105.87494206428528",
        "cumulative": false
    },
    {
        "date": "2021-02-19T21:08:44.220Z",
        "value": "31.724323987960815",
        "cumulative": false
    }
]