[
    {
        "date": "2021-02-19T16:05:50.324Z",
        "value": "4417.516938686371",
        "cumulative": false
    },
    {
        "date": "2021-02-19T17:37:42.191Z",
        "value": "4410.050486087799",
        "cumulative": false
    },
    {
        "date": "2021-02-19T19:09:17.017Z",
        "value": "4393.06791973114",
        "cumulative": false
    },
    {
        "date": "2021-02-19T20:40:51.996Z",
        "value": "4392.761029243469",
        "cumulative": false
    },
    {
        "date": "2021-02-19T21:08:45.615Z",
        "value": "1320.4495010375977",
        "cumulative": false
    }
]