[
    {
        "date": "2021-02-19T16:05:50.255Z",
        "value": "271.38432240486145",
        "cumulative": false
    },
    {
        "date": "2021-02-19T17:37:42.753Z",
        "value": "270.84607338905334",
        "cumulative": false
    },
    {
        "date": "2021-02-19T19:09:17.353Z",
        "value": "272.8483397960663",
        "cumulative": false
    },
    {
        "date": "2021-02-19T20:40:52.559Z",
        "value": "272.48309350013733",
        "cumulative": false
    },
    {
        "date": "2021-02-19T21:08:46.230Z",
        "value": "81.84535717964172",
        "cumulative": false
    }
]