[
    {
        "date": "2021-02-19T16:05:50.343Z",
        "value": "49.23267459869385",
        "cumulative": false
    },
    {
        "date": "2021-02-19T17:37:42.621Z",
        "value": "49.24785113334656",
        "cumulative": false
    },
    {
        "date": "2021-02-19T19:09:17.461Z",
        "value": "49.26032590866089",
        "cumulative": false
    },
    {
        "date": "2021-02-19T20:40:52.459Z",
        "value": "49.24618339538574",
        "cumulative": false
    },
    {
        "date": "2021-02-19T21:08:46.230Z",
        "value": "14.766157150268555",
        "cumulative": false
    }
]