[
    {
        "date": "2021-02-19T16:05:50.343Z",
        "value": "616.1289002895355",
        "cumulative": false
    },
    {
        "date": "2021-02-19T17:37:42.621Z",
        "value": "616.5985550880432",
        "cumulative": false
    },
    {
        "date": "2021-02-19T19:09:17.461Z",
        "value": "617.3308615684509",
        "cumulative": false
    },
    {
        "date": "2021-02-19T20:40:52.459Z",
        "value": "617.993170261383",
        "cumulative": false
    },
    {
        "date": "2021-02-19T21:08:46.230Z",
        "value": "185.15084266662598",
        "cumulative": false
    }
]