[
    {
        "date": "2021-02-19T16:05:50.136Z",
        "value": "264.4876627922058",
        "cumulative": false
    },
    {
        "date": "2021-02-19T17:37:42.880Z",
        "value": "262.70940017700195",
        "cumulative": false
    },
    {
        "date": "2021-02-19T19:09:17.595Z",
        "value": "264.152396440506",
        "cumulative": false
    },
    {
        "date": "2021-02-19T20:40:52.739Z",
        "value": "264.12591671943665",
        "cumulative": false
    },
    {
        "date": "2021-02-19T21:08:46.225Z",
        "value": "79.56398057937622",
        "cumulative": false
    }
]