[
    {
        "date": "2021-02-19T16:05:50.255Z",
        "value": "5481.777190685272",
        "cumulative": false
    },
    {
        "date": "2021-02-19T17:37:42.753Z",
        "value": "5478.803652763367",
        "cumulative": false
    },
    {
        "date": "2021-02-19T19:09:17.353Z",
        "value": "5461.951644182205",
        "cumulative": false
    },
    {
        "date": "2021-02-19T20:40:52.558Z",
        "value": "5462.701577663422",
        "cumulative": false
    },
    {
        "date": "2021-02-19T21:08:46.229Z",
        "value": "1640.542209148407",
        "cumulative": false
    }
]