[
    {
        "date": "2021-02-19T16:05:50.136Z",
        "value": "0.13505983352661133",
        "cumulative": false
    },
    {
        "date": "2021-02-19T17:37:42.880Z",
        "value": "0.1242067813873291",
        "cumulative": false
    },
    {
        "date": "2021-02-19T19:09:17.595Z",
        "value": "0.1261451244354248",
        "cumulative": false
    },
    {
        "date": "2021-02-19T20:40:52.739Z",
        "value": "0.13773822784423828",
        "cumulative": false
    },
    {
        "date": "2021-02-19T21:08:46.225Z",
        "value": "0.04046010971069336",
        "cumulative": false
    }
]