[
    {
        "date": "2021-02-19T16:05:50.228Z",
        "value": "2.836237668991089",
        "cumulative": false
    },
    {
        "date": "2021-02-19T17:37:42.334Z",
        "value": "3.271484613418579",
        "cumulative": false
    },
    {
        "date": "2021-02-19T19:09:17.198Z",
        "value": "2.7636561393737793",
        "cumulative": false
    },
    {
        "date": "2021-02-19T20:40:52.399Z",
        "value": "2.7694895267486572",
        "cumulative": false
    },
    {
        "date": "2021-02-19T21:08:45.659Z",
        "value": "0.8326661586761475",
        "cumulative": false
    }
]