[
    {
        "date": "2021-02-19T16:05:50.228Z",
        "value": "4421.6391932964325",
        "cumulative": false
    },
    {
        "date": "2021-02-19T17:37:42.334Z",
        "value": "4420.7280626297",
        "cumulative": false
    },
    {
        "date": "2021-02-19T19:09:17.198Z",
        "value": "4403.072065830231",
        "cumulative": false
    },
    {
        "date": "2021-02-19T20:40:52.399Z",
        "value": "4402.638210773468",
        "cumulative": false
    },
    {
        "date": "2021-02-19T21:08:45.659Z",
        "value": "1322.8873841762543",
        "cumulative": false
    }
]