[
    {
        "date": "2021-02-19T16:05:49.940Z",
        "value": "44.96545171737671",
        "cumulative": false
    },
    {
        "date": "2021-02-19T17:37:42.289Z",
        "value": "44.2440402507782",
        "cumulative": false
    },
    {
        "date": "2021-02-19T19:09:17.368Z",
        "value": "43.11182236671448",
        "cumulative": false
    },
    {
        "date": "2021-02-19T20:40:52.659Z",
        "value": "42.29282736778259",
        "cumulative": false
    },
    {
        "date": "2021-02-19T21:08:45.717Z",
        "value": "12.863109827041626",
        "cumulative": false
    }
]