[
    {
        "date": "2021-02-19T16:05:50.343Z",
        "value": "4386.995642662048",
        "cumulative": false
    },
    {
        "date": "2021-02-19T17:37:42.621Z",
        "value": "4385.646631002426",
        "cumulative": false
    },
    {
        "date": "2021-02-19T19:09:17.461Z",
        "value": "4368.861672401428",
        "cumulative": false
    },
    {
        "date": "2021-02-19T20:40:52.459Z",
        "value": "4368.340600728989",
        "cumulative": false
    },
    {
        "date": "2021-02-19T21:08:46.230Z",
        "value": "1312.409145116806",
        "cumulative": false
    }
]