[
    {
        "date": "2021-02-19T16:05:50.314Z",
        "value": "45.509103536605835",
        "cumulative": false
    },
    {
        "date": "2021-02-19T17:37:42.699Z",
        "value": "44.444053173065186",
        "cumulative": false
    },
    {
        "date": "2021-02-19T19:09:17.364Z",
        "value": "43.15893268585205",
        "cumulative": false
    },
    {
        "date": "2021-02-19T20:40:52.785Z",
        "value": "43.00664258003235",
        "cumulative": false
    },
    {
        "date": "2021-02-19T21:08:46.480Z",
        "value": "12.88845157623291",
        "cumulative": false
    }
]