[
    {
        "date": "2021-02-19T16:05:50.324Z",
        "value": "2.6468141078948975",
        "cumulative": false
    },
    {
        "date": "2021-02-19T17:37:42.191Z",
        "value": "2.8987176418304443",
        "cumulative": false
    },
    {
        "date": "2021-02-19T19:09:17.017Z",
        "value": "2.6544713973999023",
        "cumulative": false
    },
    {
        "date": "2021-02-19T20:40:51.996Z",
        "value": "2.6441690921783447",
        "cumulative": false
    },
    {
        "date": "2021-02-19T21:08:45.615Z",
        "value": "0.798414945602417",
        "cumulative": false
    }
]