[
    {
        "date": "2021-02-19T16:05:50.085Z",
        "value": "0.12754082679748535",
        "cumulative": false
    },
    {
        "date": "2021-02-19T17:37:42.710Z",
        "value": "0.11944842338562012",
        "cumulative": false
    },
    {
        "date": "2021-02-19T19:09:17.403Z",
        "value": "0.1208200454711914",
        "cumulative": false
    },
    {
        "date": "2021-02-19T20:40:52.575Z",
        "value": "0.12320971488952637",
        "cumulative": false
    },
    {
        "date": "2021-02-19T21:08:46.160Z",
        "value": "0.03807425498962402",
        "cumulative": false
    }
]