[
    {
        "date": "2021-02-19T16:05:50.285Z",
        "value": "0.13223934173583984",
        "cumulative": false
    },
    {
        "date": "2021-02-19T17:37:42.715Z",
        "value": "0.12178254127502441",
        "cumulative": false
    },
    {
        "date": "2021-02-19T19:09:17.491Z",
        "value": "0.11931633949279785",
        "cumulative": false
    },
    {
        "date": "2021-02-19T20:40:52.443Z",
        "value": "0.127457857131958",
        "cumulative": false
    },
    {
        "date": "2021-02-19T21:08:45.949Z",
        "value": "0.038611650466918945",
        "cumulative": false
    }
]