[
    {
        "date": "2021-02-19T14:34:14.982Z",
        "value": "8.54129189868383",
        "cumulative": false
    },
    {
        "date": "2021-02-19T14:35:28.655Z",
        "value": "9.157241950091446",
        "cumulative": false
    },
    {
        "date": "2021-02-19T14:36:40.162Z",
        "value": "8.448320578231293",
        "cumulative": false
    },
    {
        "date": "2021-02-19T14:37:49.058Z",
        "value": "7.9032735649000525",
        "cumulative": false
    },
    {
        "date": "2021-02-19T14:38:59.321Z",
        "value": "7.776484838649852",
        "cumulative": false
    },
    {
        "date": "2021-02-19T14:40:11.628Z",
        "value": "7.784598491915423",
        "cumulative": false
    },
    {
        "date": "2021-02-19T14:41:22.113Z",
        "value": "7.600553818572684",
        "cumulative": false
    },
    {
        "date": "2021-02-19T14:42:31.101Z",
        "value": "7.2306830918763385",
        "cumulative": false
    },
    {
        "date": "2021-02-19T14:43:40.421Z",
        "value": "6.757966651377735",
        "cumulative": false
    },
    {
        "date": "2021-02-19T14:44:50.772Z",
        "value": "6.480661464107539",
        "cumulative": false
    },
    {
        "date": "2021-02-19T14:46:04.632Z",
        "value": "6.122751105601715",
        "cumulative": false
    },
    {
        "date": "2021-02-19T14:47:16.064Z",
        "value": "6.114950785663842",
        "cumulative": false
    },
    {
        "date": "2021-02-19T14:48:27.023Z",
        "value": "5.7858191877768546",
        "cumulative": false
    },
    {
        "date": "2021-02-19T14:49:40.227Z",
        "value": "5.425334296630094",
        "cumulative": false
    },
    {
        "date": "2021-02-19T14:50:50.324Z",
        "value": "5.097546718836758",
        "cumulative": false
    },
    {
        "date": "2021-02-19T14:52:02.852Z",
        "value": "4.797902247259229",
        "cumulative": false
    },
    {
        "date": "2021-02-19T14:53:09.969Z",
        "value": "4.847752095221113",
        "cumulative": false
    },
    {
        "date": "2021-02-19T14:54:21.914Z",
        "value": "4.62511016821112",
        "cumulative": false
    },
    {
        "date": "2021-02-19T14:55:32.302Z",
        "value": "4.524686173179332",
        "cumulative": false
    },
    {
        "date": "2021-02-19T14:56:43.816Z",
        "value": "4.438881380315855",
        "cumulative": false
    },
    {
        "date": "2021-02-19T14:57:52.689Z",
        "value": "4.251539730121675",
        "cumulative": false
    },
    {
        "date": "2021-02-19T14:59:06.538Z",
        "value": "4.286737574636094",
        "cumulative": false
    },
    {
        "date": "2021-02-19T15:00:15.896Z",
        "value": "4.080505923448105",
        "cumulative": false
    },
    {
        "date": "2021-02-19T15:01:26.489Z",
        "value": "3.9994427342025385",
        "cumulative": false
    },
    {
        "date": "2021-02-19T15:02:41.665Z",
        "value": "4.170840539664866",
        "cumulative": false
    },
    {
        "date": "2021-02-19T15:03:50.287Z",
        "value": "4.138524181747847",
        "cumulative": false
    },
    {
        "date": "2021-02-19T15:05:01.686Z",
        "value": "4.176365176770312",
        "cumulative": false
    },
    {
        "date": "2021-02-19T15:06:12.009Z",
        "value": "3.766479426239195",
        "cumulative": false
    },
    {
        "date": "2021-02-19T15:07:20.435Z",
        "value": "3.9937475830509723",
        "cumulative": false
    },
    {
        "date": "2021-02-19T15:08:31.003Z",
        "value": "3.8918273604276408",
        "cumulative": false
    },
    {
        "date": "2021-02-19T15:09:42.909Z",
        "value": "3.937354548500435",
        "cumulative": false
    },
    {
        "date": "2021-02-19T15:10:53.073Z",
        "value": "3.6692230890320032",
        "cumulative": false
    },
    {
        "date": "2021-02-19T15:12:01.116Z",
        "value": "3.8103300726845406",
        "cumulative": false
    },
    {
        "date": "2021-02-19T15:13:12.421Z",
        "value": "3.7582784380231584",
        "cumulative": false
    },
    {
        "date": "2021-02-19T15:14:21.493Z",
        "value": "3.766397038619105",
        "cumulative": false
    },
    {
        "date": "2021-02-19T15:15:32.307Z",
        "value": "3.8886721339664545",
        "cumulative": false
    },
    {
        "date": "2021-02-19T15:16:43.513Z",
        "value": "3.7115558498748213",
        "cumulative": false
    },
    {
        "date": "2021-02-19T15:17:53.928Z",
        "value": "3.73493280384349",
        "cumulative": false
    },
    {
        "date": "2021-02-19T15:19:04.045Z",
        "value": "3.6669256524725276",
        "cumulative": false
    },
    {
        "date": "2021-02-19T15:20:13.741Z",
        "value": "3.660165371880838",
        "cumulative": false
    },
    {
        "date": "2021-02-19T15:21:25.352Z",
        "value": "3.9015036721340217",
        "cumulative": false
    },
    {
        "date": "2021-02-19T15:22:36.945Z",
        "value": "3.5810725732600734",
        "cumulative": false
    },
    {
        "date": "2021-02-19T15:23:48.308Z",
        "value": "3.751909048836389",
        "cumulative": false
    },
    {
        "date": "2021-02-19T15:24:58.521Z",
        "value": "3.643872121927854",
        "cumulative": false
    },
    {
        "date": "2021-02-19T15:26:08.959Z",
        "value": "3.733433509577015",
        "cumulative": false
    },
    {
        "date": "2021-02-19T15:27:21.350Z",
        "value": "3.869721276264245",
        "cumulative": false
    },
    {
        "date": "2021-02-19T15:28:33.350Z",
        "value": "3.806360016081363",
        "cumulative": false
    },
    {
        "date": "2021-02-19T15:29:45.041Z",
        "value": "3.7270953628759145",
        "cumulative": false
    },
    {
        "date": "2021-02-19T15:30:54.961Z",
        "value": "3.7052469067706864",
        "cumulative": false
    },
    {
        "date": "2021-02-19T15:32:05.759Z",
        "value": "3.657818682984427",
        "cumulative": false
    },
    {
        "date": "2021-02-19T15:33:15.503Z",
        "value": "3.7316932412887907",
        "cumulative": false
    },
    {
        "date": "2021-02-19T15:34:25.879Z",
        "value": "3.5726253705533595",
        "cumulative": false
    },
    {
        "date": "2021-02-19T15:35:37.213Z",
        "value": "3.5978119536713287",
        "cumulative": false
    },
    {
        "date": "2021-02-19T15:36:45.529Z",
        "value": "3.792649392211704",
        "cumulative": false
    },
    {
        "date": "2021-02-19T15:37:56.705Z",
        "value": "3.592081218839031",
        "cumulative": false
    },
    {
        "date": "2021-02-19T15:39:06.997Z",
        "value": "3.5136778846153844",
        "cumulative": false
    },
    {
        "date": "2021-02-19T15:40:18.689Z",
        "value": "3.646986189544069",
        "cumulative": false
    },
    {
        "date": "2021-02-19T15:41:30.028Z",
        "value": "3.5802690200928917",
        "cumulative": false
    },
    {
        "date": "2021-02-19T15:42:39.364Z",
        "value": "3.497430637447589",
        "cumulative": false
    },
    {
        "date": "2021-02-19T15:43:50.755Z",
        "value": "3.617491058624693",
        "cumulative": false
    },
    {
        "date": "2021-02-19T15:45:01.794Z",
        "value": "3.3294878659606044",
        "cumulative": false
    },
    {
        "date": "2021-02-19T15:46:12.813Z",
        "value": "3.566543364430923",
        "cumulative": false
    },
    {
        "date": "2021-02-19T15:47:21.494Z",
        "value": "3.4815739495492877",
        "cumulative": false
    },
    {
        "date": "2021-02-19T15:48:30.939Z",
        "value": "3.6150955121220374",
        "cumulative": false
    },
    {
        "date": "2021-02-19T15:49:41.799Z",
        "value": "3.664597363666229",
        "cumulative": false
    },
    {
        "date": "2021-02-19T15:50:50.581Z",
        "value": "3.463518805522524",
        "cumulative": false
    },
    {
        "date": "2021-02-19T15:51:59.501Z",
        "value": "3.594410763983166",
        "cumulative": false
    },
    {
        "date": "2021-02-19T15:53:09.934Z",
        "value": "3.3942035619174433",
        "cumulative": false
    },
    {
        "date": "2021-02-19T15:54:20.969Z",
        "value": "3.6506152126494715",
        "cumulative": false
    },
    {
        "date": "2021-02-19T15:55:31.225Z",
        "value": "3.394268370511239",
        "cumulative": false
    },
    {
        "date": "2021-02-19T15:56:44.460Z",
        "value": "3.5327139207230625",
        "cumulative": false
    },
    {
        "date": "2021-02-19T15:57:55.099Z",
        "value": "3.4979268215310837",
        "cumulative": false
    },
    {
        "date": "2021-02-19T15:59:05.105Z",
        "value": "3.5348577554865153",
        "cumulative": false
    },
    {
        "date": "2021-02-19T16:00:14.599Z",
        "value": "3.496936544057932",
        "cumulative": false
    },
    {
        "date": "2021-02-19T16:01:26.818Z",
        "value": "3.521724923208505",
        "cumulative": false
    },
    {
        "date": "2021-02-19T16:02:35.525Z",
        "value": "3.492605771741969",
        "cumulative": false
    },
    {
        "date": "2021-02-19T16:03:46.265Z",
        "value": "3.455978577799122",
        "cumulative": false
    },
    {
        "date": "2021-02-19T16:04:56.025Z",
        "value": "3.380607877458845",
        "cumulative": false
    },
    {
        "date": "2021-02-19T16:05:42.492Z",
        "value": "3.445197105407715",
        "cumulative": false
    },
    {
        "date": "2021-02-19T16:05:55.987Z",
        "value": "3.243616019183325",
        "cumulative": false
    },
    {
        "date": "2021-02-19T16:07:08.857Z",
        "value": "3.6532866021641",
        "cumulative": false
    },
    {
        "date": "2021-02-19T16:08:17.611Z",
        "value": "3.3829880556142577",
        "cumulative": false
    },
    {
        "date": "2021-02-19T16:09:28.870Z",
        "value": "3.544430763524703",
        "cumulative": false
    },
    {
        "date": "2021-02-19T16:10:40.256Z",
        "value": "3.275650571339261",
        "cumulative": false
    },
    {
        "date": "2021-02-19T16:11:53.255Z",
        "value": "3.462309272813024",
        "cumulative": false
    },
    {
        "date": "2021-02-19T16:13:03.959Z",
        "value": "3.458658657833233",
        "cumulative": false
    },
    {
        "date": "2021-02-19T16:14:12.782Z",
        "value": "3.4751438744084076",
        "cumulative": false
    },
    {
        "date": "2021-02-19T16:15:23.820Z",
        "value": "3.4071180555555554",
        "cumulative": false
    },
    {
        "date": "2021-02-19T16:16:35.895Z",
        "value": "3.228644029149469",
        "cumulative": false
    },
    {
        "date": "2021-02-19T16:17:47.396Z",
        "value": "3.4816227157223185",
        "cumulative": false
    },
    {
        "date": "2021-02-19T16:18:57.216Z",
        "value": "3.338202114762931",
        "cumulative": false
    },
    {
        "date": "2021-02-19T16:20:04.442Z",
        "value": "3.220725366083115",
        "cumulative": false
    },
    {
        "date": "2021-02-19T16:21:12.085Z",
        "value": "3.370576762638455",
        "cumulative": false
    },
    {
        "date": "2021-02-19T16:22:21.513Z",
        "value": "3.504578275197908",
        "cumulative": false
    },
    {
        "date": "2021-02-19T16:23:31.745Z",
        "value": "3.383400718956323",
        "cumulative": false
    },
    {
        "date": "2021-02-19T16:24:41.633Z",
        "value": "3.3076391472387567",
        "cumulative": false
    },
    {
        "date": "2021-02-19T16:25:50.084Z",
        "value": "3.520463997344286",
        "cumulative": false
    },
    {
        "date": "2021-02-19T16:27:00.144Z",
        "value": "3.3531690932765152",
        "cumulative": false
    },
    {
        "date": "2021-02-19T16:28:10.980Z",
        "value": "3.2863034135347453",
        "cumulative": false
    },
    {
        "date": "2021-02-19T16:29:19.831Z",
        "value": "3.3333733947207915",
        "cumulative": false
    },
    {
        "date": "2021-02-19T16:30:30.745Z",
        "value": "3.390784709487911",
        "cumulative": false
    },
    {
        "date": "2021-02-19T16:31:40.131Z",
        "value": "3.438520676483614",
        "cumulative": false
    },
    {
        "date": "2021-02-19T16:32:50.774Z",
        "value": "3.3595019589621935",
        "cumulative": false
    },
    {
        "date": "2021-02-19T16:34:04.377Z",
        "value": "3.202384282703868",
        "cumulative": false
    },
    {
        "date": "2021-02-19T16:35:14.823Z",
        "value": "3.3747301309242554",
        "cumulative": false
    },
    {
        "date": "2021-02-19T16:36:24.272Z",
        "value": "3.310628899117468",
        "cumulative": false
    },
    {
        "date": "2021-02-19T16:37:35.626Z",
        "value": "3.4002692635743323",
        "cumulative": false
    },
    {
        "date": "2021-02-19T16:38:45.397Z",
        "value": "3.398826899921595",
        "cumulative": false
    },
    {
        "date": "2021-02-19T16:39:56.544Z",
        "value": "3.21061984043864",
        "cumulative": false
    },
    {
        "date": "2021-02-19T16:41:06.243Z",
        "value": "3.437856097460422",
        "cumulative": false
    },
    {
        "date": "2021-02-19T16:42:20.396Z",
        "value": "3.4081883478998174",
        "cumulative": false
    },
    {
        "date": "2021-02-19T16:43:31.616Z",
        "value": "3.504380124637777",
        "cumulative": false
    },
    {
        "date": "2021-02-19T16:44:41.542Z",
        "value": "3.3320176331842983",
        "cumulative": false
    },
    {
        "date": "2021-02-19T16:45:51.907Z",
        "value": "3.3124586498144075",
        "cumulative": false
    },
    {
        "date": "2021-02-19T16:47:01.736Z",
        "value": "3.516972943474265",
        "cumulative": false
    },
    {
        "date": "2021-02-19T16:48:14.094Z",
        "value": "3.2961524738860355",
        "cumulative": false
    },
    {
        "date": "2021-02-19T16:49:26.104Z",
        "value": "3.330605474271982",
        "cumulative": false
    },
    {
        "date": "2021-02-19T16:50:37.521Z",
        "value": "3.3749734365859902",
        "cumulative": false
    },
    {
        "date": "2021-02-19T16:51:48.445Z",
        "value": "3.2831969645673342",
        "cumulative": false
    },
    {
        "date": "2021-02-19T16:52:59.032Z",
        "value": "3.279462877302183",
        "cumulative": false
    },
    {
        "date": "2021-02-19T16:54:08.470Z",
        "value": "3.4285188492410463",
        "cumulative": false
    },
    {
        "date": "2021-02-19T16:55:19.851Z",
        "value": "3.3154674064350154",
        "cumulative": false
    },
    {
        "date": "2021-02-19T16:56:31.592Z",
        "value": "3.324960770566239",
        "cumulative": false
    },
    {
        "date": "2021-02-19T16:57:42.613Z",
        "value": "3.213139174011178",
        "cumulative": false
    },
    {
        "date": "2021-02-19T16:58:53.383Z",
        "value": "3.3134320499235685",
        "cumulative": false
    },
    {
        "date": "2021-02-19T17:00:03.745Z",
        "value": "3.3658044972749153",
        "cumulative": false
    },
    {
        "date": "2021-02-19T17:01:17.790Z",
        "value": "3.5675716400146484",
        "cumulative": false
    },
    {
        "date": "2021-02-19T17:02:27.415Z",
        "value": "3.4109718502724693",
        "cumulative": false
    },
    {
        "date": "2021-02-19T17:03:38.048Z",
        "value": "3.6717183889983693",
        "cumulative": false
    },
    {
        "date": "2021-02-19T17:04:50.643Z",
        "value": "3.306905959343292",
        "cumulative": false
    },
    {
        "date": "2021-02-19T17:05:58.825Z",
        "value": "3.220082421769168",
        "cumulative": false
    },
    {
        "date": "2021-02-19T17:07:09.349Z",
        "value": "3.3622668943870013",
        "cumulative": false
    },
    {
        "date": "2021-02-19T17:08:20.206Z",
        "value": "3.4715565286624206",
        "cumulative": false
    },
    {
        "date": "2021-02-19T17:09:28.553Z",
        "value": "3.2512669613486844",
        "cumulative": false
    },
    {
        "date": "2021-02-19T17:10:39.270Z",
        "value": "3.33469061061078",
        "cumulative": false
    },
    {
        "date": "2021-02-19T17:11:51.860Z",
        "value": "3.334345284558615",
        "cumulative": false
    },
    {
        "date": "2021-02-19T17:13:01.176Z",
        "value": "3.304725968232138",
        "cumulative": false
    },
    {
        "date": "2021-02-19T17:14:10.898Z",
        "value": "3.2230689960290055",
        "cumulative": false
    },
    {
        "date": "2021-02-19T17:15:21.274Z",
        "value": "3.226277296821367",
        "cumulative": false
    },
    {
        "date": "2021-02-19T17:16:30.975Z",
        "value": "3.4297040010560678",
        "cumulative": false
    },
    {
        "date": "2021-02-19T17:17:41.372Z",
        "value": "3.41850686147034",
        "cumulative": false
    },
    {
        "date": "2021-02-19T17:18:51.275Z",
        "value": "3.118382132490962",
        "cumulative": false
    },
    {
        "date": "2021-02-19T17:20:01.343Z",
        "value": "3.230383755064526",
        "cumulative": false
    },
    {
        "date": "2021-02-19T17:21:13.459Z",
        "value": "3.33092464005011",
        "cumulative": false
    },
    {
        "date": "2021-02-19T17:22:23.402Z",
        "value": "3.3229764716569767",
        "cumulative": false
    },
    {
        "date": "2021-02-19T17:23:33.856Z",
        "value": "3.4413293155189764",
        "cumulative": false
    },
    {
        "date": "2021-02-19T17:24:43.705Z",
        "value": "3.4708478107225083",
        "cumulative": false
    },
    {
        "date": "2021-02-19T17:25:53.997Z",
        "value": "3.4317420484050447",
        "cumulative": false
    },
    {
        "date": "2021-02-19T17:27:04.714Z",
        "value": "3.4190201492198837",
        "cumulative": false
    },
    {
        "date": "2021-02-19T17:28:19.581Z",
        "value": "3.245816556285753",
        "cumulative": false
    },
    {
        "date": "2021-02-19T17:29:28.473Z",
        "value": "3.2769374531517705",
        "cumulative": false
    },
    {
        "date": "2021-02-19T17:30:39.834Z",
        "value": "3.2603734582824377",
        "cumulative": false
    },
    {
        "date": "2021-02-19T17:31:50.638Z",
        "value": "3.3764886713811633",
        "cumulative": false
    },
    {
        "date": "2021-02-19T17:33:02.319Z",
        "value": "3.2850115839779575",
        "cumulative": false
    },
    {
        "date": "2021-02-19T17:34:14.490Z",
        "value": "3.27319436881645",
        "cumulative": false
    },
    {
        "date": "2021-02-19T17:35:25.884Z",
        "value": "3.2977682957800427",
        "cumulative": false
    },
    {
        "date": "2021-02-19T17:36:38.579Z",
        "value": "3.193165085078534",
        "cumulative": false
    },
    {
        "date": "2021-02-19T17:37:23.871Z",
        "value": "3.240283250808716",
        "cumulative": false
    },
    {
        "date": "2021-02-19T17:37:46.101Z",
        "value": "3.0376845603955105",
        "cumulative": false
    },
    {
        "date": "2021-02-19T17:38:57.763Z",
        "value": "3.2628111615498128",
        "cumulative": false
    },
    {
        "date": "2021-02-19T17:40:08.574Z",
        "value": "3.207454712708746",
        "cumulative": false
    },
    {
        "date": "2021-02-19T17:41:19.796Z",
        "value": "3.202917842609609",
        "cumulative": false
    },
    {
        "date": "2021-02-19T17:42:29.836Z",
        "value": "3.052322600492207",
        "cumulative": false
    },
    {
        "date": "2021-02-19T17:43:40.738Z",
        "value": "3.0542337070167287",
        "cumulative": false
    },
    {
        "date": "2021-02-19T17:44:50.129Z",
        "value": "3.462715804846578",
        "cumulative": false
    },
    {
        "date": "2021-02-19T17:46:00.903Z",
        "value": "3.394340951356476",
        "cumulative": false
    },
    {
        "date": "2021-02-19T17:47:08.959Z",
        "value": "3.232729019657258",
        "cumulative": false
    },
    {
        "date": "2021-02-19T17:48:22.924Z",
        "value": "3.23369886167441",
        "cumulative": false
    },
    {
        "date": "2021-02-19T17:49:34.886Z",
        "value": "3.0595545868558776",
        "cumulative": false
    },
    {
        "date": "2021-02-19T17:50:45.773Z",
        "value": "3.403850700488752",
        "cumulative": false
    },
    {
        "date": "2021-02-19T17:51:55.701Z",
        "value": "3.2024155510300996",
        "cumulative": false
    },
    {
        "date": "2021-02-19T17:53:05.217Z",
        "value": "3.153153608256194",
        "cumulative": false
    },
    {
        "date": "2021-02-19T17:54:16.555Z",
        "value": "3.1139858115873444",
        "cumulative": false
    },
    {
        "date": "2021-02-19T17:55:26.574Z",
        "value": "3.2229311940426997",
        "cumulative": false
    },
    {
        "date": "2021-02-19T17:56:37.313Z",
        "value": "3.488058628517083",
        "cumulative": false
    },
    {
        "date": "2021-02-19T17:57:48.086Z",
        "value": "3.209269399112385",
        "cumulative": false
    },
    {
        "date": "2021-02-19T17:59:00.336Z",
        "value": "3.4235330173967284",
        "cumulative": false
    },
    {
        "date": "2021-02-19T18:00:08.035Z",
        "value": "3.2345969337503457",
        "cumulative": false
    },
    {
        "date": "2021-02-19T18:01:16.507Z",
        "value": "3.2857836254222974",
        "cumulative": false
    },
    {
        "date": "2021-02-19T18:02:27.243Z",
        "value": "3.3530931273719164",
        "cumulative": false
    },
    {
        "date": "2021-02-19T18:03:35.194Z",
        "value": "3.0985883763227515",
        "cumulative": false
    },
    {
        "date": "2021-02-19T18:04:45.625Z",
        "value": "3.173864244798749",
        "cumulative": false
    },
    {
        "date": "2021-02-19T18:05:57.477Z",
        "value": "3.169156311266225",
        "cumulative": false
    },
    {
        "date": "2021-02-19T18:07:08.617Z",
        "value": "3.10817579439498",
        "cumulative": false
    },
    {
        "date": "2021-02-19T18:08:20.491Z",
        "value": "3.1501260048614643",
        "cumulative": false
    },
    {
        "date": "2021-02-19T18:09:30.690Z",
        "value": "3.303111751112038",
        "cumulative": false
    },
    {
        "date": "2021-02-19T18:10:39.262Z",
        "value": "3.18236106530343",
        "cumulative": false
    },
    {
        "date": "2021-02-19T18:11:48.437Z",
        "value": "3.258004853219697",
        "cumulative": false
    },
    {
        "date": "2021-02-19T18:12:59.969Z",
        "value": "3.187791801543825",
        "cumulative": false
    },
    {
        "date": "2021-02-19T18:14:10.772Z",
        "value": "3.235093911577697",
        "cumulative": false
    },
    {
        "date": "2021-02-19T18:15:19.775Z",
        "value": "3.2262407753279883",
        "cumulative": false
    },
    {
        "date": "2021-02-19T18:16:29.179Z",
        "value": "3.2251679226736565",
        "cumulative": false
    },
    {
        "date": "2021-02-19T18:17:38.498Z",
        "value": "3.384260862213347",
        "cumulative": false
    },
    {
        "date": "2021-02-19T18:18:50.347Z",
        "value": "3.209469080968881",
        "cumulative": false
    },
    {
        "date": "2021-02-19T18:20:01.827Z",
        "value": "3.1405758477945245",
        "cumulative": false
    },
    {
        "date": "2021-02-19T18:21:10.917Z",
        "value": "3.3363461701766304",
        "cumulative": false
    },
    {
        "date": "2021-02-19T18:22:21.086Z",
        "value": "3.2568682952425374",
        "cumulative": false
    },
    {
        "date": "2021-02-19T18:23:32.689Z",
        "value": "3.1203424674758584",
        "cumulative": false
    },
    {
        "date": "2021-02-19T18:24:42.707Z",
        "value": "3.201316670098847",
        "cumulative": false
    },
    {
        "date": "2021-02-19T18:25:52.848Z",
        "value": "3.173828125",
        "cumulative": false
    },
    {
        "date": "2021-02-19T18:27:03.036Z",
        "value": "3.264586827362261",
        "cumulative": false
    },
    {
        "date": "2021-02-19T18:28:15.321Z",
        "value": "3.5039894306554205",
        "cumulative": false
    },
    {
        "date": "2021-02-19T18:29:26.826Z",
        "value": "3.1669060283687944",
        "cumulative": false
    },
    {
        "date": "2021-02-19T18:30:38.403Z",
        "value": "3.250320236404221",
        "cumulative": false
    },
    {
        "date": "2021-02-19T18:31:48.440Z",
        "value": "3.246730603223903",
        "cumulative": false
    },
    {
        "date": "2021-02-19T18:33:04.006Z",
        "value": "3.174254436200766",
        "cumulative": false
    },
    {
        "date": "2021-02-19T18:34:13.685Z",
        "value": "3.3570766619542347",
        "cumulative": false
    },
    {
        "date": "2021-02-19T18:35:26.204Z",
        "value": "3.1701556884158144",
        "cumulative": false
    },
    {
        "date": "2021-02-19T18:36:35.514Z",
        "value": "3.2274879011945883",
        "cumulative": false
    },
    {
        "date": "2021-02-19T18:37:45.523Z",
        "value": "3.2776584977824985",
        "cumulative": false
    },
    {
        "date": "2021-02-19T18:38:55.895Z",
        "value": "3.1376034308549374",
        "cumulative": false
    },
    {
        "date": "2021-02-19T18:40:06.572Z",
        "value": "3.1305920022954923",
        "cumulative": false
    },
    {
        "date": "2021-02-19T18:41:15.653Z",
        "value": "3.0627501512793915",
        "cumulative": false
    },
    {
        "date": "2021-02-19T18:42:24.950Z",
        "value": "3.3830812050821355",
        "cumulative": false
    },
    {
        "date": "2021-02-19T18:43:35.116Z",
        "value": "3.1465944602272726",
        "cumulative": false
    },
    {
        "date": "2021-02-19T18:44:46.359Z",
        "value": "3.153066317495322",
        "cumulative": false
    },
    {
        "date": "2021-02-19T18:45:54.211Z",
        "value": "3.114143058477266",
        "cumulative": false
    },
    {
        "date": "2021-02-19T18:47:03.663Z",
        "value": "3.2174940593615493",
        "cumulative": false
    },
    {
        "date": "2021-02-19T18:48:15.133Z",
        "value": "3.0670070891596524",
        "cumulative": false
    },
    {
        "date": "2021-02-19T18:49:25.135Z",
        "value": "3.1659956414916532",
        "cumulative": false
    },
    {
        "date": "2021-02-19T18:50:36.576Z",
        "value": "3.2301476439247163",
        "cumulative": false
    },
    {
        "date": "2021-02-19T18:51:48.558Z",
        "value": "3.209003843110183",
        "cumulative": false
    },
    {
        "date": "2021-02-19T18:52:55.639Z",
        "value": "3.207438849294215",
        "cumulative": false
    },
    {
        "date": "2021-02-19T18:54:05.360Z",
        "value": "3.1633212537650603",
        "cumulative": false
    },
    {
        "date": "2021-02-19T18:55:14.357Z",
        "value": "3.172870020284133",
        "cumulative": false
    },
    {
        "date": "2021-02-19T18:56:29.079Z",
        "value": "3.054925985120709",
        "cumulative": false
    },
    {
        "date": "2021-02-19T18:57:39.718Z",
        "value": "3.260127384237044",
        "cumulative": false
    },
    {
        "date": "2021-02-19T18:58:47.291Z",
        "value": "3.162872640620718",
        "cumulative": false
    },
    {
        "date": "2021-02-19T19:00:01.884Z",
        "value": "3.200846644033838",
        "cumulative": false
    },
    {
        "date": "2021-02-19T19:01:10.934Z",
        "value": "3.2758159248419996",
        "cumulative": false
    },
    {
        "date": "2021-02-19T19:02:19.474Z",
        "value": "3.1110821991993274",
        "cumulative": false
    },
    {
        "date": "2021-02-19T19:03:29.565Z",
        "value": "3.2048662823541494",
        "cumulative": false
    },
    {
        "date": "2021-02-19T19:04:37.867Z",
        "value": "3.269147164828594",
        "cumulative": false
    },
    {
        "date": "2021-02-19T19:05:48.146Z",
        "value": "3.279184416008302",
        "cumulative": false
    },
    {
        "date": "2021-02-19T19:06:59.343Z",
        "value": "3.12612280448497",
        "cumulative": false
    },
    {
        "date": "2021-02-19T19:08:11.867Z",
        "value": "3.1268659919413557",
        "cumulative": false
    },
    {
        "date": "2021-02-19T19:08:58.559Z",
        "value": "3.151982307434082",
        "cumulative": false
    },
    {
        "date": "2021-02-19T19:09:20.584Z",
        "value": "2.927709084387875",
        "cumulative": false
    },
    {
        "date": "2021-02-19T19:10:31.979Z",
        "value": "3.19011707684136",
        "cumulative": false
    },
    {
        "date": "2021-02-19T19:11:42.942Z",
        "value": "3.188760133828081",
        "cumulative": false
    },
    {
        "date": "2021-02-19T19:12:52.193Z",
        "value": "3.004320420682867",
        "cumulative": false
    },
    {
        "date": "2021-02-19T19:14:01.793Z",
        "value": "2.9087234899580334",
        "cumulative": false
    },
    {
        "date": "2021-02-19T19:15:12.856Z",
        "value": "3.103238757569502",
        "cumulative": false
    },
    {
        "date": "2021-02-19T19:16:24.098Z",
        "value": "3.11640625",
        "cumulative": false
    },
    {
        "date": "2021-02-19T19:17:35.205Z",
        "value": "3.1459129272020006",
        "cumulative": false
    },
    {
        "date": "2021-02-19T19:18:45.211Z",
        "value": "3.113767188382021",
        "cumulative": false
    },
    {
        "date": "2021-02-19T19:19:53.471Z",
        "value": "3.0611599540190735",
        "cumulative": false
    },
    {
        "date": "2021-02-19T19:21:03.462Z",
        "value": "3.154901959806612",
        "cumulative": false
    },
    {
        "date": "2021-02-19T19:22:15.818Z",
        "value": "3.277113795673687",
        "cumulative": false
    },
    {
        "date": "2021-02-19T19:23:27.773Z",
        "value": "3.358584920596259",
        "cumulative": false
    },
    {
        "date": "2021-02-19T19:24:38.717Z",
        "value": "3.0951945614763825",
        "cumulative": false
    },
    {
        "date": "2021-02-19T19:25:47.402Z",
        "value": "3.2070166432959404",
        "cumulative": false
    },
    {
        "date": "2021-02-19T19:26:59.582Z",
        "value": "3.421391507089849",
        "cumulative": false
    },
    {
        "date": "2021-02-19T19:28:09.653Z",
        "value": "3.196546478508545",
        "cumulative": false
    },
    {
        "date": "2021-02-19T19:29:18.181Z",
        "value": "3.174227753589364",
        "cumulative": false
    },
    {
        "date": "2021-02-19T19:30:29.017Z",
        "value": "3.056746710767763",
        "cumulative": false
    },
    {
        "date": "2021-02-19T19:31:40.390Z",
        "value": "2.9743233112373737",
        "cumulative": false
    },
    {
        "date": "2021-02-19T19:32:48.477Z",
        "value": "3.14924205736278",
        "cumulative": false
    },
    {
        "date": "2021-02-19T19:33:58.199Z",
        "value": "3.304251300368712",
        "cumulative": false
    },
    {
        "date": "2021-02-19T19:35:08.772Z",
        "value": "3.029181175789405",
        "cumulative": false
    },
    {
        "date": "2021-02-19T19:36:20.522Z",
        "value": "2.8827773135902204",
        "cumulative": false
    },
    {
        "date": "2021-02-19T19:37:34.120Z",
        "value": "3.1577834387567023",
        "cumulative": false
    },
    {
        "date": "2021-02-19T19:38:43.635Z",
        "value": "3.148887136385726",
        "cumulative": false
    },
    {
        "date": "2021-02-19T19:39:52.054Z",
        "value": "3.19012703180073",
        "cumulative": false
    },
    {
        "date": "2021-02-19T19:41:04.762Z",
        "value": "3.078924316012369",
        "cumulative": false
    },
    {
        "date": "2021-02-19T19:42:14.834Z",
        "value": "3.0194008885254338",
        "cumulative": false
    },
    {
        "date": "2021-02-19T19:43:26.443Z",
        "value": "3.053679799005466",
        "cumulative": false
    },
    {
        "date": "2021-02-19T19:44:37.146Z",
        "value": "3.1388630271301095",
        "cumulative": false
    },
    {
        "date": "2021-02-19T19:45:47.074Z",
        "value": "3.3887035733413398",
        "cumulative": false
    },
    {
        "date": "2021-02-19T19:46:55.311Z",
        "value": "3.1388225626395436",
        "cumulative": false
    },
    {
        "date": "2021-02-19T19:48:05.136Z",
        "value": "3.1454365416343166",
        "cumulative": false
    },
    {
        "date": "2021-02-19T19:49:15.680Z",
        "value": "2.994325469771242",
        "cumulative": false
    },
    {
        "date": "2021-02-19T19:50:25.963Z",
        "value": "3.161794587509892",
        "cumulative": false
    },
    {
        "date": "2021-02-19T19:51:37.678Z",
        "value": "3.044037430535765",
        "cumulative": false
    },
    {
        "date": "2021-02-19T19:52:49.717Z",
        "value": "3.0134226607959267",
        "cumulative": false
    },
    {
        "date": "2021-02-19T19:54:00.389Z",
        "value": "2.879347920528267",
        "cumulative": false
    },
    {
        "date": "2021-02-19T19:55:10.357Z",
        "value": "3.0585144737267322",
        "cumulative": false
    },
    {
        "date": "2021-02-19T19:56:21.513Z",
        "value": "3.2223066229355353",
        "cumulative": false
    },
    {
        "date": "2021-02-19T19:57:33.110Z",
        "value": "3.0974181892466794",
        "cumulative": false
    },
    {
        "date": "2021-02-19T19:58:43.673Z",
        "value": "3.028273344619697",
        "cumulative": false
    },
    {
        "date": "2021-02-19T19:59:52.378Z",
        "value": "3.0864249494250426",
        "cumulative": false
    },
    {
        "date": "2021-02-19T20:01:04.270Z",
        "value": "3.105270477373463",
        "cumulative": false
    },
    {
        "date": "2021-02-19T20:02:16.355Z",
        "value": "3.105525114339088",
        "cumulative": false
    },
    {
        "date": "2021-02-19T20:03:24.870Z",
        "value": "2.900247681891874",
        "cumulative": false
    },
    {
        "date": "2021-02-19T20:04:35.214Z",
        "value": "3.110039542121419",
        "cumulative": false
    },
    {
        "date": "2021-02-19T20:05:45.840Z",
        "value": "2.9887226357078607",
        "cumulative": false
    },
    {
        "date": "2021-02-19T20:06:54.428Z",
        "value": "3.072088020833333",
        "cumulative": false
    },
    {
        "date": "2021-02-19T20:08:03.131Z",
        "value": "2.9779455097042855",
        "cumulative": false
    },
    {
        "date": "2021-02-19T20:09:13.826Z",
        "value": "3.01266446818121",
        "cumulative": false
    },
    {
        "date": "2021-02-19T20:10:22.012Z",
        "value": "2.9991557284422807",
        "cumulative": false
    },
    {
        "date": "2021-02-19T20:11:31.439Z",
        "value": "3.0306294298819285",
        "cumulative": false
    },
    {
        "date": "2021-02-19T20:12:40.579Z",
        "value": "2.9964280296463244",
        "cumulative": false
    },
    {
        "date": "2021-02-19T20:13:51.441Z",
        "value": "2.9779025711430718",
        "cumulative": false
    },
    {
        "date": "2021-02-19T20:15:00.989Z",
        "value": "3.0895346144435125",
        "cumulative": false
    },
    {
        "date": "2021-02-19T20:16:09.835Z",
        "value": "3.1072825570748903",
        "cumulative": false
    },
    {
        "date": "2021-02-19T20:17:20.525Z",
        "value": "3.03158564297262",
        "cumulative": false
    },
    {
        "date": "2021-02-19T20:18:31.149Z",
        "value": "3.2149121546231942",
        "cumulative": false
    },
    {
        "date": "2021-02-19T20:19:42.177Z",
        "value": "3.018582343792961",
        "cumulative": false
    },
    {
        "date": "2021-02-19T20:20:55.486Z",
        "value": "3.159958996441042",
        "cumulative": false
    },
    {
        "date": "2021-02-19T20:22:05.143Z",
        "value": "3.067848990483539",
        "cumulative": false
    },
    {
        "date": "2021-02-19T20:23:16.260Z",
        "value": "3.165513086332755",
        "cumulative": false
    },
    {
        "date": "2021-02-19T20:24:27.028Z",
        "value": "3.0019369612068965",
        "cumulative": false
    },
    {
        "date": "2021-02-19T20:25:36.563Z",
        "value": "2.9823742568445244",
        "cumulative": false
    },
    {
        "date": "2021-02-19T20:26:46.604Z",
        "value": "3.2110553043295367",
        "cumulative": false
    },
    {
        "date": "2021-02-19T20:27:58.460Z",
        "value": "3.246509049259163",
        "cumulative": false
    },
    {
        "date": "2021-02-19T20:29:08.883Z",
        "value": "3.0125547059402047",
        "cumulative": false
    },
    {
        "date": "2021-02-19T20:30:18.125Z",
        "value": "2.9754911880187462",
        "cumulative": false
    },
    {
        "date": "2021-02-19T20:31:30.386Z",
        "value": "3.1422644460724873",
        "cumulative": false
    },
    {
        "date": "2021-02-19T20:32:43.977Z",
        "value": "3.0469422943231144",
        "cumulative": false
    },
    {
        "date": "2021-02-19T20:33:55.038Z",
        "value": "3.127972498889218",
        "cumulative": false
    },
    {
        "date": "2021-02-19T20:35:06.471Z",
        "value": "3.0805282989724247",
        "cumulative": false
    },
    {
        "date": "2021-02-19T20:36:17.481Z",
        "value": "2.8824558695942337",
        "cumulative": false
    },
    {
        "date": "2021-02-19T20:37:26.668Z",
        "value": "3.0171163434359296",
        "cumulative": false
    },
    {
        "date": "2021-02-19T20:38:37.776Z",
        "value": "3.09489232392218",
        "cumulative": false
    },
    {
        "date": "2021-02-19T20:39:47.835Z",
        "value": "3.070310845276758",
        "cumulative": false
    },
    {
        "date": "2021-02-19T20:40:33.651Z",
        "value": "3.05441951751709",
        "cumulative": false
    },
    {
        "date": "2021-02-19T20:40:55.602Z",
        "value": "2.9815552359841893",
        "cumulative": false
    },
    {
        "date": "2021-02-19T20:42:07.575Z",
        "value": "3.1708394928235544",
        "cumulative": false
    },
    {
        "date": "2021-02-19T20:43:20.451Z",
        "value": "3.002268044247197",
        "cumulative": false
    },
    {
        "date": "2021-02-19T20:44:30.000Z",
        "value": "3.0339682846166034",
        "cumulative": false
    },
    {
        "date": "2021-02-19T20:45:40.369Z",
        "value": "2.9330706946217413",
        "cumulative": false
    },
    {
        "date": "2021-02-19T20:46:50.073Z",
        "value": "3.0732161835202607",
        "cumulative": false
    },
    {
        "date": "2021-02-19T20:48:00.361Z",
        "value": "3.092055186308043",
        "cumulative": false
    },
    {
        "date": "2021-02-19T20:49:12.724Z",
        "value": "2.9502231827493643",
        "cumulative": false
    },
    {
        "date": "2021-02-19T20:50:23.643Z",
        "value": "2.9368515180145067",
        "cumulative": false
    },
    {
        "date": "2021-02-19T20:51:35.369Z",
        "value": "2.942882479216349",
        "cumulative": false
    },
    {
        "date": "2021-02-19T20:52:46.298Z",
        "value": "3.0567981785197187",
        "cumulative": false
    },
    {
        "date": "2021-02-19T20:53:54.282Z",
        "value": "3.0194243819464233",
        "cumulative": false
    },
    {
        "date": "2021-02-19T20:55:05.565Z",
        "value": "2.872304377480159",
        "cumulative": false
    },
    {
        "date": "2021-02-19T20:56:14.818Z",
        "value": "2.8892696638599307",
        "cumulative": false
    },
    {
        "date": "2021-02-19T20:57:26.436Z",
        "value": "2.922710425062535",
        "cumulative": false
    },
    {
        "date": "2021-02-19T20:58:38.877Z",
        "value": "2.945711269631736",
        "cumulative": false
    },
    {
        "date": "2021-02-19T20:59:46.319Z",
        "value": "3.134478416422037",
        "cumulative": false
    },
    {
        "date": "2021-02-19T21:00:55.967Z",
        "value": "2.978369834863744",
        "cumulative": false
    },
    {
        "date": "2021-02-19T21:02:05.620Z",
        "value": "3.0766757622054444",
        "cumulative": false
    },
    {
        "date": "2021-02-19T21:03:13.925Z",
        "value": "2.9764310801813645",
        "cumulative": false
    },
    {
        "date": "2021-02-19T21:04:24.426Z",
        "value": "2.935496054932662",
        "cumulative": false
    },
    {
        "date": "2021-02-19T21:05:34.948Z",
        "value": "3.0166401914662777",
        "cumulative": false
    },
    {
        "date": "2021-02-19T21:06:44.156Z",
        "value": "3.032239625989626",
        "cumulative": false
    },
    {
        "date": "2021-02-19T21:07:57.017Z",
        "value": "3.082505056771825",
        "cumulative": false
    }
]