[
    {
        "date": "2021-02-19T16:05:50.314Z",
        "value": "269.72764706611633",
        "cumulative": false
    },
    {
        "date": "2021-02-19T17:37:42.699Z",
        "value": "268.51950693130493",
        "cumulative": false
    },
    {
        "date": "2021-02-19T19:09:17.364Z",
        "value": "270.65294766426086",
        "cumulative": false
    },
    {
        "date": "2021-02-19T20:40:52.785Z",
        "value": "271.21703457832336",
        "cumulative": false
    },
    {
        "date": "2021-02-19T21:08:46.480Z",
        "value": "81.62593102455139",
        "cumulative": false
    }
]