[
    {
        "date": "2021-02-19T16:05:50.314Z",
        "value": "106.22797441482544",
        "cumulative": false
    },
    {
        "date": "2021-02-19T17:37:42.699Z",
        "value": "106.68272972106934",
        "cumulative": false
    },
    {
        "date": "2021-02-19T19:09:17.364Z",
        "value": "106.75760412216187",
        "cumulative": false
    },
    {
        "date": "2021-02-19T20:40:52.785Z",
        "value": "106.81773447990417",
        "cumulative": false
    },
    {
        "date": "2021-02-19T21:08:46.480Z",
        "value": "32.042611598968506",
        "cumulative": false
    }
]