[
    {
        "date": "2021-02-19T16:05:50.011Z",
        "value": "2.7185938358306885",
        "cumulative": false
    },
    {
        "date": "2021-02-19T17:37:42.128Z",
        "value": "3.005610227584839",
        "cumulative": false
    },
    {
        "date": "2021-02-19T19:09:17.019Z",
        "value": "2.6612536907196045",
        "cumulative": false
    },
    {
        "date": "2021-02-19T20:40:52.128Z",
        "value": "2.670334577560425",
        "cumulative": false
    },
    {
        "date": "2021-02-19T21:08:45.669Z",
        "value": "0.7972602844238281",
        "cumulative": false
    }
]