[
    {
        "date": "2021-02-19T16:05:50.343Z",
        "value": "46.517414569854736",
        "cumulative": false
    },
    {
        "date": "2021-02-19T17:37:42.621Z",
        "value": "45.25017833709717",
        "cumulative": false
    },
    {
        "date": "2021-02-19T19:09:17.461Z",
        "value": "44.157941579818726",
        "cumulative": false
    },
    {
        "date": "2021-02-19T20:40:52.459Z",
        "value": "44.238919734954834",
        "cumulative": false
    },
    {
        "date": "2021-02-19T21:08:46.230Z",
        "value": "13.248714447021484",
        "cumulative": false
    }
]