[
    {
        "date": "2021-02-19T16:05:50.255Z",
        "value": "605.0968053340912",
        "cumulative": false
    },
    {
        "date": "2021-02-19T17:37:42.753Z",
        "value": "608.1586050987244",
        "cumulative": false
    },
    {
        "date": "2021-02-19T19:09:17.353Z",
        "value": "608.8218207359314",
        "cumulative": false
    },
    {
        "date": "2021-02-19T20:40:52.559Z",
        "value": "609.0110273361206",
        "cumulative": false
    },
    {
        "date": "2021-02-19T21:08:46.230Z",
        "value": "182.75445652008057",
        "cumulative": false
    }
]