[
    {
        "date": "2021-02-19T16:05:50.136Z",
        "value": "49.159074783325195",
        "cumulative": false
    },
    {
        "date": "2021-02-19T17:37:42.880Z",
        "value": "49.2176558971405",
        "cumulative": false
    },
    {
        "date": "2021-02-19T19:09:17.595Z",
        "value": "49.32746148109436",
        "cumulative": false
    },
    {
        "date": "2021-02-19T20:40:52.739Z",
        "value": "49.38222312927246",
        "cumulative": false
    },
    {
        "date": "2021-02-19T21:08:46.225Z",
        "value": "14.764435052871704",
        "cumulative": false
    }
]