[
    {
        "date": "2021-02-19T16:05:50.343Z",
        "value": "106.21290445327759",
        "cumulative": false
    },
    {
        "date": "2021-02-19T17:37:42.621Z",
        "value": "106.66374778747559",
        "cumulative": false
    },
    {
        "date": "2021-02-19T19:09:17.461Z",
        "value": "106.7325348854065",
        "cumulative": false
    },
    {
        "date": "2021-02-19T20:40:52.459Z",
        "value": "106.75560021400452",
        "cumulative": false
    },
    {
        "date": "2021-02-19T21:08:46.230Z",
        "value": "32.02110719680786",
        "cumulative": false
    }
]