[
    {
        "date": "2021-02-19T16:05:50.255Z",
        "value": "4401.23601603508",
        "cumulative": false
    },
    {
        "date": "2021-02-19T17:37:42.753Z",
        "value": "4396.0062708854675",
        "cumulative": false
    },
    {
        "date": "2021-02-19T19:09:17.353Z",
        "value": "4378.152354478836",
        "cumulative": false
    },
    {
        "date": "2021-02-19T20:40:52.559Z",
        "value": "4378.971969366074",
        "cumulative": false
    },
    {
        "date": "2021-02-19T21:08:46.230Z",
        "value": "1315.2580454349518",
        "cumulative": false
    }
]