[
    {
        "date": "2021-02-19T16:05:51.992Z",
        "value": "5481.376784324646",
        "cumulative": false
    },
    {
        "date": "2021-02-19T17:37:40.840Z",
        "value": "5477.437792778015",
        "cumulative": false
    },
    {
        "date": "2021-02-19T19:09:15.528Z",
        "value": "5463.807913064957",
        "cumulative": false
    },
    {
        "date": "2021-02-19T20:40:50.663Z",
        "value": "5464.537658929825",
        "cumulative": false
    },
    {
        "date": "2021-02-19T21:08:44.219Z",
        "value": "1642.4053010940552",
        "cumulative": false
    }
]