[
    {
        "date": "2021-02-19T16:05:50.342Z",
        "value": "5481.6171860694885",
        "cumulative": false
    },
    {
        "date": "2021-02-19T17:37:42.621Z",
        "value": "5478.312099695206",
        "cumulative": false
    },
    {
        "date": "2021-02-19T19:09:17.461Z",
        "value": "5462.193604707718",
        "cumulative": false
    },
    {
        "date": "2021-02-19T20:40:52.459Z",
        "value": "5462.433408498764",
        "cumulative": false
    },
    {
        "date": "2021-02-19T21:08:46.230Z",
        "value": "1640.5349869728088",
        "cumulative": false
    }
]