[
    {
        "date": "2021-02-19T14:34:15.015Z",
        "value": "8.548525669642856",
        "cumulative": false
    },
    {
        "date": "2021-02-19T14:35:28.641Z",
        "value": "9.056670559962356",
        "cumulative": false
    },
    {
        "date": "2021-02-19T14:36:40.134Z",
        "value": "8.466535437377486",
        "cumulative": false
    },
    {
        "date": "2021-02-19T14:37:49.059Z",
        "value": "8.060001027960526",
        "cumulative": false
    },
    {
        "date": "2021-02-19T14:38:59.319Z",
        "value": "7.87097980104913",
        "cumulative": false
    },
    {
        "date": "2021-02-19T14:40:11.631Z",
        "value": "7.747512659733551",
        "cumulative": false
    },
    {
        "date": "2021-02-19T14:41:22.105Z",
        "value": "7.5332827669902915",
        "cumulative": false
    },
    {
        "date": "2021-02-19T14:42:31.098Z",
        "value": "7.301970303966657",
        "cumulative": false
    },
    {
        "date": "2021-02-19T14:43:40.418Z",
        "value": "6.977496470989097",
        "cumulative": false
    },
    {
        "date": "2021-02-19T14:44:50.768Z",
        "value": "6.637609809366069",
        "cumulative": false
    },
    {
        "date": "2021-02-19T14:46:04.625Z",
        "value": "6.073526358623439",
        "cumulative": false
    },
    {
        "date": "2021-02-19T14:47:16.087Z",
        "value": "5.958240413021793",
        "cumulative": false
    },
    {
        "date": "2021-02-19T14:48:27.020Z",
        "value": "5.698683878032345",
        "cumulative": false
    },
    {
        "date": "2021-02-19T14:49:40.219Z",
        "value": "5.35950449458366",
        "cumulative": false
    },
    {
        "date": "2021-02-19T14:50:50.314Z",
        "value": "5.116056329159471",
        "cumulative": false
    },
    {
        "date": "2021-02-19T14:52:02.849Z",
        "value": "5.020167243459487",
        "cumulative": false
    },
    {
        "date": "2021-02-19T14:53:10.162Z",
        "value": "4.7212628720030665",
        "cumulative": false
    },
    {
        "date": "2021-02-19T14:54:21.912Z",
        "value": "4.51825860206117",
        "cumulative": false
    },
    {
        "date": "2021-02-19T14:55:32.320Z",
        "value": "4.312312691199487",
        "cumulative": false
    },
    {
        "date": "2021-02-19T14:56:43.820Z",
        "value": "4.454783302209773",
        "cumulative": false
    },
    {
        "date": "2021-02-19T14:57:52.679Z",
        "value": "4.237602031886456",
        "cumulative": false
    },
    {
        "date": "2021-02-19T14:59:06.536Z",
        "value": "4.14302237175371",
        "cumulative": false
    },
    {
        "date": "2021-02-19T15:00:15.890Z",
        "value": "4.190697319319158",
        "cumulative": false
    },
    {
        "date": "2021-02-19T15:01:26.509Z",
        "value": "4.007876724604894",
        "cumulative": false
    },
    {
        "date": "2021-02-19T15:02:41.660Z",
        "value": "4.108739313089623",
        "cumulative": false
    },
    {
        "date": "2021-02-19T15:03:50.285Z",
        "value": "4.184007112708392",
        "cumulative": false
    },
    {
        "date": "2021-02-19T15:05:01.678Z",
        "value": "4.14465366382067",
        "cumulative": false
    },
    {
        "date": "2021-02-19T15:06:12.006Z",
        "value": "3.9425822513204225",
        "cumulative": false
    },
    {
        "date": "2021-02-19T15:07:20.429Z",
        "value": "3.827703397867163",
        "cumulative": false
    },
    {
        "date": "2021-02-19T15:08:31.011Z",
        "value": "4.069080068488704",
        "cumulative": false
    },
    {
        "date": "2021-02-19T15:09:42.886Z",
        "value": "3.8126509571803435",
        "cumulative": false
    },
    {
        "date": "2021-02-19T15:10:53.080Z",
        "value": "4.152469704367897",
        "cumulative": false
    },
    {
        "date": "2021-02-19T15:12:01.144Z",
        "value": "3.9811671540407745",
        "cumulative": false
    },
    {
        "date": "2021-02-19T15:13:12.423Z",
        "value": "3.639439405430359",
        "cumulative": false
    },
    {
        "date": "2021-02-19T15:14:21.491Z",
        "value": "3.8418351715686274",
        "cumulative": false
    },
    {
        "date": "2021-02-19T15:15:32.297Z",
        "value": "3.792759295289358",
        "cumulative": false
    },
    {
        "date": "2021-02-19T15:16:43.363Z",
        "value": "3.8377995629019295",
        "cumulative": false
    },
    {
        "date": "2021-02-19T15:17:53.958Z",
        "value": "3.6805313700933295",
        "cumulative": false
    },
    {
        "date": "2021-02-19T15:19:04.048Z",
        "value": "3.9563635525021086",
        "cumulative": false
    },
    {
        "date": "2021-02-19T15:20:13.739Z",
        "value": "3.9232457156578593",
        "cumulative": false
    },
    {
        "date": "2021-02-19T15:21:25.175Z",
        "value": "3.951259403727377",
        "cumulative": false
    },
    {
        "date": "2021-02-19T15:22:36.944Z",
        "value": "3.668878468434688",
        "cumulative": false
    },
    {
        "date": "2021-02-19T15:23:48.304Z",
        "value": "3.6962320625864455",
        "cumulative": false
    },
    {
        "date": "2021-02-19T15:24:58.521Z",
        "value": "3.769620828214578",
        "cumulative": false
    },
    {
        "date": "2021-02-19T15:26:08.954Z",
        "value": "3.6952645227038965",
        "cumulative": false
    },
    {
        "date": "2021-02-19T15:27:21.347Z",
        "value": "3.8042019610922257",
        "cumulative": false
    },
    {
        "date": "2021-02-19T15:28:33.349Z",
        "value": "3.731351391134702",
        "cumulative": false
    },
    {
        "date": "2021-02-19T15:29:45.059Z",
        "value": "3.557976156684644",
        "cumulative": false
    },
    {
        "date": "2021-02-19T15:30:54.958Z",
        "value": "3.8014819852415664",
        "cumulative": false
    },
    {
        "date": "2021-02-19T15:32:05.762Z",
        "value": "3.789923185157131",
        "cumulative": false
    },
    {
        "date": "2021-02-19T15:33:15.493Z",
        "value": "3.567028363956342",
        "cumulative": false
    },
    {
        "date": "2021-02-19T15:34:25.878Z",
        "value": "3.634629678490527",
        "cumulative": false
    },
    {
        "date": "2021-02-19T15:35:37.213Z",
        "value": "3.6261763996139",
        "cumulative": false
    },
    {
        "date": "2021-02-19T15:36:45.528Z",
        "value": "3.5783340492429527",
        "cumulative": false
    },
    {
        "date": "2021-02-19T15:37:56.707Z",
        "value": "3.464310684044156",
        "cumulative": false
    },
    {
        "date": "2021-02-19T15:39:06.996Z",
        "value": "3.500016431225463",
        "cumulative": false
    },
    {
        "date": "2021-02-19T15:40:18.683Z",
        "value": "3.668369581859009",
        "cumulative": false
    },
    {
        "date": "2021-02-19T15:41:30.064Z",
        "value": "3.741226388609547",
        "cumulative": false
    },
    {
        "date": "2021-02-19T15:42:39.351Z",
        "value": "3.7303213057011795",
        "cumulative": false
    },
    {
        "date": "2021-02-19T15:43:50.740Z",
        "value": "3.566404595276758",
        "cumulative": false
    },
    {
        "date": "2021-02-19T15:45:01.793Z",
        "value": "3.600620377623142",
        "cumulative": false
    },
    {
        "date": "2021-02-19T15:46:12.811Z",
        "value": "3.687207813393879",
        "cumulative": false
    },
    {
        "date": "2021-02-19T15:47:21.515Z",
        "value": "3.5263430844446657",
        "cumulative": false
    },
    {
        "date": "2021-02-19T15:48:30.937Z",
        "value": "3.5839696017540428",
        "cumulative": false
    },
    {
        "date": "2021-02-19T15:49:41.799Z",
        "value": "3.5892700855491886",
        "cumulative": false
    },
    {
        "date": "2021-02-19T15:50:50.578Z",
        "value": "3.4809856929204126",
        "cumulative": false
    },
    {
        "date": "2021-02-19T15:51:59.500Z",
        "value": "3.5618457636557337",
        "cumulative": false
    },
    {
        "date": "2021-02-19T15:53:09.927Z",
        "value": "3.436712022691982",
        "cumulative": false
    },
    {
        "date": "2021-02-19T15:54:20.963Z",
        "value": "3.5274526314043007",
        "cumulative": false
    },
    {
        "date": "2021-02-19T15:55:31.216Z",
        "value": "3.5430911035382833",
        "cumulative": false
    },
    {
        "date": "2021-02-19T15:56:44.457Z",
        "value": "3.5150390625",
        "cumulative": false
    },
    {
        "date": "2021-02-19T15:57:55.094Z",
        "value": "3.518835751770359",
        "cumulative": false
    },
    {
        "date": "2021-02-19T15:59:05.079Z",
        "value": "3.677245853926203",
        "cumulative": false
    },
    {
        "date": "2021-02-19T16:00:14.622Z",
        "value": "3.656454111282085",
        "cumulative": false
    },
    {
        "date": "2021-02-19T16:01:26.826Z",
        "value": "3.549717399691358",
        "cumulative": false
    },
    {
        "date": "2021-02-19T16:02:35.522Z",
        "value": "3.40012484016584",
        "cumulative": false
    },
    {
        "date": "2021-02-19T16:03:46.246Z",
        "value": "3.532211894762846",
        "cumulative": false
    },
    {
        "date": "2021-02-19T16:04:56.032Z",
        "value": "3.6197745156626104",
        "cumulative": false
    },
    {
        "date": "2021-02-19T16:05:42.492Z",
        "value": "3.445197105407715",
        "cumulative": false
    },
    {
        "date": "2021-02-19T16:05:55.974Z",
        "value": "3.055580326371657",
        "cumulative": false
    },
    {
        "date": "2021-02-19T16:07:08.866Z",
        "value": "3.350469612507263",
        "cumulative": false
    },
    {
        "date": "2021-02-19T16:08:17.610Z",
        "value": "3.5084431336976385",
        "cumulative": false
    },
    {
        "date": "2021-02-19T16:09:28.869Z",
        "value": "3.4074678938356167",
        "cumulative": false
    },
    {
        "date": "2021-02-19T16:10:40.251Z",
        "value": "3.5134793096598593",
        "cumulative": false
    },
    {
        "date": "2021-02-19T16:11:53.250Z",
        "value": "3.440763067623526",
        "cumulative": false
    },
    {
        "date": "2021-02-19T16:13:03.957Z",
        "value": "3.613967818708609",
        "cumulative": false
    },
    {
        "date": "2021-02-19T16:14:12.777Z",
        "value": "3.3175598755561735",
        "cumulative": false
    },
    {
        "date": "2021-02-19T16:15:23.806Z",
        "value": "3.5585078642384107",
        "cumulative": false
    },
    {
        "date": "2021-02-19T16:16:35.908Z",
        "value": "3.6591882450064435",
        "cumulative": false
    },
    {
        "date": "2021-02-19T16:17:47.391Z",
        "value": "3.3136716114203777",
        "cumulative": false
    },
    {
        "date": "2021-02-19T16:18:57.214Z",
        "value": "3.564156839053654",
        "cumulative": false
    },
    {
        "date": "2021-02-19T16:20:04.438Z",
        "value": "3.449313567245272",
        "cumulative": false
    },
    {
        "date": "2021-02-19T16:21:12.082Z",
        "value": "3.309427840273896",
        "cumulative": false
    },
    {
        "date": "2021-02-19T16:22:21.529Z",
        "value": "3.3847733186464275",
        "cumulative": false
    },
    {
        "date": "2021-02-19T16:23:31.742Z",
        "value": "3.379902202257177",
        "cumulative": false
    },
    {
        "date": "2021-02-19T16:24:41.629Z",
        "value": "3.6549777103985606",
        "cumulative": false
    },
    {
        "date": "2021-02-19T16:25:50.098Z",
        "value": "3.2807074945249326",
        "cumulative": false
    },
    {
        "date": "2021-02-19T16:27:00.152Z",
        "value": "3.530520260989011",
        "cumulative": false
    },
    {
        "date": "2021-02-19T16:28:10.977Z",
        "value": "3.6041854749204876",
        "cumulative": false
    },
    {
        "date": "2021-02-19T16:29:19.821Z",
        "value": "3.377561162433353",
        "cumulative": false
    },
    {
        "date": "2021-02-19T16:30:30.744Z",
        "value": "3.3452870399849792",
        "cumulative": false
    },
    {
        "date": "2021-02-19T16:31:40.131Z",
        "value": "3.5757254317163194",
        "cumulative": false
    },
    {
        "date": "2021-02-19T16:32:50.759Z",
        "value": "3.5098358230232236",
        "cumulative": false
    },
    {
        "date": "2021-02-19T16:34:04.371Z",
        "value": "3.3184550696423725",
        "cumulative": false
    },
    {
        "date": "2021-02-19T16:35:14.817Z",
        "value": "3.3501534353031635",
        "cumulative": false
    },
    {
        "date": "2021-02-19T16:36:24.288Z",
        "value": "3.3681037220528456",
        "cumulative": false
    },
    {
        "date": "2021-02-19T16:37:35.652Z",
        "value": "3.5091451386412267",
        "cumulative": false
    },
    {
        "date": "2021-02-19T16:38:45.464Z",
        "value": "3.515383674413653",
        "cumulative": false
    },
    {
        "date": "2021-02-19T16:39:56.541Z",
        "value": "3.227877973048897",
        "cumulative": false
    },
    {
        "date": "2021-02-19T16:41:06.224Z",
        "value": "3.3392914123782798",
        "cumulative": false
    },
    {
        "date": "2021-02-19T16:42:20.405Z",
        "value": "3.423270244944212",
        "cumulative": false
    },
    {
        "date": "2021-02-19T16:43:31.611Z",
        "value": "3.400647428802984",
        "cumulative": false
    },
    {
        "date": "2021-02-19T16:44:41.541Z",
        "value": "3.1448207677198545",
        "cumulative": false
    },
    {
        "date": "2021-02-19T16:45:51.931Z",
        "value": "3.4759174505955603",
        "cumulative": false
    },
    {
        "date": "2021-02-19T16:47:01.735Z",
        "value": "3.354113188848453",
        "cumulative": false
    },
    {
        "date": "2021-02-19T16:48:14.103Z",
        "value": "3.2632364250732016",
        "cumulative": false
    },
    {
        "date": "2021-02-19T16:49:26.102Z",
        "value": "3.2769216364823244",
        "cumulative": false
    },
    {
        "date": "2021-02-19T16:50:37.521Z",
        "value": "3.291188761114911",
        "cumulative": false
    },
    {
        "date": "2021-02-19T16:51:48.443Z",
        "value": "3.4098846266090357",
        "cumulative": false
    },
    {
        "date": "2021-02-19T16:52:59.032Z",
        "value": "3.4186635591736696",
        "cumulative": false
    },
    {
        "date": "2021-02-19T16:54:08.456Z",
        "value": "3.289535327430767",
        "cumulative": false
    },
    {
        "date": "2021-02-19T16:55:19.867Z",
        "value": "3.3314464943435937",
        "cumulative": false
    },
    {
        "date": "2021-02-19T16:56:31.595Z",
        "value": "3.2670071725374963",
        "cumulative": false
    },
    {
        "date": "2021-02-19T16:57:42.640Z",
        "value": "3.29990078125",
        "cumulative": false
    },
    {
        "date": "2021-02-19T16:58:53.390Z",
        "value": "3.147442590467549",
        "cumulative": false
    },
    {
        "date": "2021-02-19T17:00:03.749Z",
        "value": "3.5020456801965536",
        "cumulative": false
    },
    {
        "date": "2021-02-19T17:01:17.789Z",
        "value": "3.3391409951574693",
        "cumulative": false
    },
    {
        "date": "2021-02-19T17:02:27.411Z",
        "value": "3.3021782695503257",
        "cumulative": false
    },
    {
        "date": "2021-02-19T17:03:38.042Z",
        "value": "3.1864624674826576",
        "cumulative": false
    },
    {
        "date": "2021-02-19T17:04:50.632Z",
        "value": "3.4442455674927497",
        "cumulative": false
    },
    {
        "date": "2021-02-19T17:05:58.817Z",
        "value": "3.2398415237524327",
        "cumulative": false
    },
    {
        "date": "2021-02-19T17:07:09.336Z",
        "value": "3.4143223216552423",
        "cumulative": false
    },
    {
        "date": "2021-02-19T17:08:20.201Z",
        "value": "3.529873946652932",
        "cumulative": false
    },
    {
        "date": "2021-02-19T17:09:28.713Z",
        "value": "3.119129850225377",
        "cumulative": false
    },
    {
        "date": "2021-02-19T17:10:39.272Z",
        "value": "3.4787927419653437",
        "cumulative": false
    },
    {
        "date": "2021-02-19T17:11:51.864Z",
        "value": "3.199809083601286",
        "cumulative": false
    },
    {
        "date": "2021-02-19T17:13:01.155Z",
        "value": "3.1956688425733666",
        "cumulative": false
    },
    {
        "date": "2021-02-19T17:14:10.906Z",
        "value": "3.1574962230509582",
        "cumulative": false
    },
    {
        "date": "2021-02-19T17:15:21.258Z",
        "value": "3.2036561451342283",
        "cumulative": false
    },
    {
        "date": "2021-02-19T17:16:31.026Z",
        "value": "3.3734782716130733",
        "cumulative": false
    },
    {
        "date": "2021-02-19T17:17:41.371Z",
        "value": "3.334491508252284",
        "cumulative": false
    },
    {
        "date": "2021-02-19T17:18:51.246Z",
        "value": "3.25949154551201",
        "cumulative": false
    },
    {
        "date": "2021-02-19T17:20:01.340Z",
        "value": "3.0968724864726527",
        "cumulative": false
    },
    {
        "date": "2021-02-19T17:21:13.453Z",
        "value": "3.329599214945574",
        "cumulative": false
    },
    {
        "date": "2021-02-19T17:22:23.405Z",
        "value": "3.2433421884105478",
        "cumulative": false
    },
    {
        "date": "2021-02-19T17:23:33.844Z",
        "value": "3.1703334382090187",
        "cumulative": false
    },
    {
        "date": "2021-02-19T17:24:43.703Z",
        "value": "3.336676343314853",
        "cumulative": false
    },
    {
        "date": "2021-02-19T17:25:53.992Z",
        "value": "3.245555282302343",
        "cumulative": false
    },
    {
        "date": "2021-02-19T17:27:04.708Z",
        "value": "3.2237931268063584",
        "cumulative": false
    },
    {
        "date": "2021-02-19T17:28:19.574Z",
        "value": "3.3952396359772905",
        "cumulative": false
    },
    {
        "date": "2021-02-19T17:29:28.468Z",
        "value": "3.128795585859841",
        "cumulative": false
    },
    {
        "date": "2021-02-19T17:30:39.842Z",
        "value": "3.140116761005739",
        "cumulative": false
    },
    {
        "date": "2021-02-19T17:31:50.625Z",
        "value": "3.3747261563992694",
        "cumulative": false
    },
    {
        "date": "2021-02-19T17:33:02.314Z",
        "value": "3.2304950565214403",
        "cumulative": false
    },
    {
        "date": "2021-02-19T17:34:14.484Z",
        "value": "3.266856038597683",
        "cumulative": false
    },
    {
        "date": "2021-02-19T17:35:25.880Z",
        "value": "3.163694550930997",
        "cumulative": false
    },
    {
        "date": "2021-02-19T17:36:38.590Z",
        "value": "3.459724845467033",
        "cumulative": false
    },
    {
        "date": "2021-02-19T17:37:23.871Z",
        "value": "3.240283250808716",
        "cumulative": false
    },
    {
        "date": "2021-02-19T17:37:46.098Z",
        "value": "2.8789905374022164",
        "cumulative": false
    },
    {
        "date": "2021-02-19T17:38:57.753Z",
        "value": "3.1530699919988363",
        "cumulative": false
    },
    {
        "date": "2021-02-19T17:40:08.415Z",
        "value": "3.302531195818885",
        "cumulative": false
    },
    {
        "date": "2021-02-19T17:41:19.804Z",
        "value": "3.2278101821924334",
        "cumulative": false
    },
    {
        "date": "2021-02-19T17:42:29.836Z",
        "value": "3.1158711729589115",
        "cumulative": false
    },
    {
        "date": "2021-02-19T17:43:40.734Z",
        "value": "3.291451400162338",
        "cumulative": false
    },
    {
        "date": "2021-02-19T17:44:50.123Z",
        "value": "3.2438473539086687",
        "cumulative": false
    },
    {
        "date": "2021-02-19T17:46:00.899Z",
        "value": "3.11479277272568",
        "cumulative": false
    },
    {
        "date": "2021-02-19T17:47:08.945Z",
        "value": "3.1867619206773616",
        "cumulative": false
    },
    {
        "date": "2021-02-19T17:48:22.921Z",
        "value": "3.2291609607800176",
        "cumulative": false
    },
    {
        "date": "2021-02-19T17:49:34.887Z",
        "value": "3.27242635774748",
        "cumulative": false
    },
    {
        "date": "2021-02-19T17:50:45.769Z",
        "value": "3.402288101347896",
        "cumulative": false
    },
    {
        "date": "2021-02-19T17:51:55.720Z",
        "value": "3.4415237138856134",
        "cumulative": false
    },
    {
        "date": "2021-02-19T17:53:05.226Z",
        "value": "3.3582040667693542",
        "cumulative": false
    },
    {
        "date": "2021-02-19T17:54:16.553Z",
        "value": "3.3037164027982326",
        "cumulative": false
    },
    {
        "date": "2021-02-19T17:55:26.567Z",
        "value": "3.217349407254796",
        "cumulative": false
    },
    {
        "date": "2021-02-19T17:56:37.304Z",
        "value": "3.0914862146958972",
        "cumulative": false
    },
    {
        "date": "2021-02-19T17:57:48.084Z",
        "value": "3.269020920808095",
        "cumulative": false
    },
    {
        "date": "2021-02-19T17:59:00.130Z",
        "value": "3.235169832232267",
        "cumulative": false
    },
    {
        "date": "2021-02-19T18:00:08.050Z",
        "value": "3.3655036861795775",
        "cumulative": false
    },
    {
        "date": "2021-02-19T18:01:16.499Z",
        "value": "3.209246803791252",
        "cumulative": false
    },
    {
        "date": "2021-02-19T18:02:27.258Z",
        "value": "3.27598443432389",
        "cumulative": false
    },
    {
        "date": "2021-02-19T18:03:35.194Z",
        "value": "3.1370451163419912",
        "cumulative": false
    },
    {
        "date": "2021-02-19T18:04:45.624Z",
        "value": "3.110344505628127",
        "cumulative": false
    },
    {
        "date": "2021-02-19T18:05:57.476Z",
        "value": "3.33668935175173",
        "cumulative": false
    },
    {
        "date": "2021-02-19T18:07:08.630Z",
        "value": "3.3524670210040983",
        "cumulative": false
    },
    {
        "date": "2021-02-19T18:08:20.488Z",
        "value": "3.1585009061053633",
        "cumulative": false
    },
    {
        "date": "2021-02-19T18:09:30.689Z",
        "value": "2.9597032066791464",
        "cumulative": false
    },
    {
        "date": "2021-02-19T18:10:39.279Z",
        "value": "3.3849758607059885",
        "cumulative": false
    },
    {
        "date": "2021-02-19T18:11:48.429Z",
        "value": "2.9918366423713976",
        "cumulative": false
    },
    {
        "date": "2021-02-19T18:12:59.981Z",
        "value": "3.1152369010281946",
        "cumulative": false
    },
    {
        "date": "2021-02-19T18:14:10.769Z",
        "value": "3.210790225699205",
        "cumulative": false
    },
    {
        "date": "2021-02-19T18:15:19.772Z",
        "value": "3.1992203623761695",
        "cumulative": false
    },
    {
        "date": "2021-02-19T18:16:29.176Z",
        "value": "3.2469057000860015",
        "cumulative": false
    },
    {
        "date": "2021-02-19T18:17:38.532Z",
        "value": "3.3395059876522777",
        "cumulative": false
    },
    {
        "date": "2021-02-19T18:18:50.345Z",
        "value": "3.3372327085533264",
        "cumulative": false
    },
    {
        "date": "2021-02-19T18:20:01.827Z",
        "value": "3.5110508767670656",
        "cumulative": false
    },
    {
        "date": "2021-02-19T18:21:10.913Z",
        "value": "3.143083102894153",
        "cumulative": false
    },
    {
        "date": "2021-02-19T18:22:21.091Z",
        "value": "3.1386051565385125",
        "cumulative": false
    },
    {
        "date": "2021-02-19T18:23:32.698Z",
        "value": "3.2174493873933234",
        "cumulative": false
    },
    {
        "date": "2021-02-19T18:24:42.704Z",
        "value": "3.2610569629854367",
        "cumulative": false
    },
    {
        "date": "2021-02-19T18:25:52.850Z",
        "value": "3.0349358974358975",
        "cumulative": false
    },
    {
        "date": "2021-02-19T18:27:03.032Z",
        "value": "3.1275527454692993",
        "cumulative": false
    },
    {
        "date": "2021-02-19T18:28:15.319Z",
        "value": "2.9846997489997036",
        "cumulative": false
    },
    {
        "date": "2021-02-19T18:29:26.823Z",
        "value": "3.1921920194583224",
        "cumulative": false
    },
    {
        "date": "2021-02-19T18:30:38.406Z",
        "value": "3.251398510164177",
        "cumulative": false
    },
    {
        "date": "2021-02-19T18:31:48.456Z",
        "value": "3.1894283950935867",
        "cumulative": false
    },
    {
        "date": "2021-02-19T18:33:04.011Z",
        "value": "3.112578304094498",
        "cumulative": false
    },
    {
        "date": "2021-02-19T18:34:13.683Z",
        "value": "3.1789470408381617",
        "cumulative": false
    },
    {
        "date": "2021-02-19T18:35:26.185Z",
        "value": "3.1179831362454316",
        "cumulative": false
    },
    {
        "date": "2021-02-19T18:36:35.502Z",
        "value": "3.3512940097295516",
        "cumulative": false
    },
    {
        "date": "2021-02-19T18:37:45.517Z",
        "value": "3.1470448087052953",
        "cumulative": false
    },
    {
        "date": "2021-02-19T18:38:55.883Z",
        "value": "3.2818787341635476",
        "cumulative": false
    },
    {
        "date": "2021-02-19T18:40:06.563Z",
        "value": "3.274504968070091",
        "cumulative": false
    },
    {
        "date": "2021-02-19T18:41:15.648Z",
        "value": "3.260033223976868",
        "cumulative": false
    },
    {
        "date": "2021-02-19T18:42:24.945Z",
        "value": "3.2546784804375712",
        "cumulative": false
    },
    {
        "date": "2021-02-19T18:43:35.111Z",
        "value": "3.2157890779790548",
        "cumulative": false
    },
    {
        "date": "2021-02-19T18:44:46.357Z",
        "value": "3.195356913381672",
        "cumulative": false
    },
    {
        "date": "2021-02-19T18:45:54.207Z",
        "value": "3.161591474436908",
        "cumulative": false
    },
    {
        "date": "2021-02-19T18:47:03.688Z",
        "value": "3.254102471427594",
        "cumulative": false
    },
    {
        "date": "2021-02-19T18:48:15.129Z",
        "value": "3.215928138082156",
        "cumulative": false
    },
    {
        "date": "2021-02-19T18:49:25.142Z",
        "value": "3.0296212427622615",
        "cumulative": false
    },
    {
        "date": "2021-02-19T18:50:36.573Z",
        "value": "3.0314423809803004",
        "cumulative": false
    },
    {
        "date": "2021-02-19T18:51:48.555Z",
        "value": "3.0491424871116766",
        "cumulative": false
    },
    {
        "date": "2021-02-19T18:52:55.636Z",
        "value": "3.2210428987290625",
        "cumulative": false
    },
    {
        "date": "2021-02-19T18:54:05.351Z",
        "value": "3.134161859324876",
        "cumulative": false
    },
    {
        "date": "2021-02-19T18:55:14.350Z",
        "value": "3.4825821301037045",
        "cumulative": false
    },
    {
        "date": "2021-02-19T18:56:29.072Z",
        "value": "3.2671325168459027",
        "cumulative": false
    },
    {
        "date": "2021-02-19T18:57:39.719Z",
        "value": "3.189832945011935",
        "cumulative": false
    },
    {
        "date": "2021-02-19T18:58:47.276Z",
        "value": "3.240743804906701",
        "cumulative": false
    },
    {
        "date": "2021-02-19T19:00:01.905Z",
        "value": "3.196896763392857",
        "cumulative": false
    },
    {
        "date": "2021-02-19T19:01:11.157Z",
        "value": "3.1541000484496124",
        "cumulative": false
    },
    {
        "date": "2021-02-19T19:02:19.471Z",
        "value": "3.310611136986783",
        "cumulative": false
    },
    {
        "date": "2021-02-19T19:03:29.539Z",
        "value": "3.4273559339555764",
        "cumulative": false
    },
    {
        "date": "2021-02-19T19:04:37.871Z",
        "value": "3.234167507415839",
        "cumulative": false
    },
    {
        "date": "2021-02-19T19:05:48.144Z",
        "value": "3.042385039611509",
        "cumulative": false
    },
    {
        "date": "2021-02-19T19:06:59.369Z",
        "value": "3.3611164756395517",
        "cumulative": false
    },
    {
        "date": "2021-02-19T19:08:11.879Z",
        "value": "3.4335128827901147",
        "cumulative": false
    },
    {
        "date": "2021-02-19T19:08:58.559Z",
        "value": "3.151982307434082",
        "cumulative": false
    },
    {
        "date": "2021-02-19T19:09:20.581Z",
        "value": "3.0040040590766823",
        "cumulative": false
    },
    {
        "date": "2021-02-19T19:10:31.969Z",
        "value": "3.2363910700554963",
        "cumulative": false
    },
    {
        "date": "2021-02-19T19:11:42.938Z",
        "value": "3.056594260014837",
        "cumulative": false
    },
    {
        "date": "2021-02-19T19:12:52.182Z",
        "value": "3.1613906068893076",
        "cumulative": false
    },
    {
        "date": "2021-02-19T19:14:01.777Z",
        "value": "3.1614024349342635",
        "cumulative": false
    },
    {
        "date": "2021-02-19T19:15:12.852Z",
        "value": "3.1905388185599834",
        "cumulative": false
    },
    {
        "date": "2021-02-19T19:16:24.097Z",
        "value": "3.3043187358677217",
        "cumulative": false
    },
    {
        "date": "2021-02-19T19:17:35.203Z",
        "value": "3.190257691801264",
        "cumulative": false
    },
    {
        "date": "2021-02-19T19:18:45.207Z",
        "value": "3.0978020219556677",
        "cumulative": false
    },
    {
        "date": "2021-02-19T19:19:53.499Z",
        "value": "3.269223609147819",
        "cumulative": false
    },
    {
        "date": "2021-02-19T19:21:03.460Z",
        "value": "3.270103236607143",
        "cumulative": false
    },
    {
        "date": "2021-02-19T19:22:15.833Z",
        "value": "3.1170424525437257",
        "cumulative": false
    },
    {
        "date": "2021-02-19T19:23:27.768Z",
        "value": "3.050292164332784",
        "cumulative": false
    },
    {
        "date": "2021-02-19T19:24:38.707Z",
        "value": "3.278896481831206",
        "cumulative": false
    },
    {
        "date": "2021-02-19T19:25:47.405Z",
        "value": "3.2524936577490773",
        "cumulative": false
    },
    {
        "date": "2021-02-19T19:26:59.583Z",
        "value": "3.294285211005686",
        "cumulative": false
    },
    {
        "date": "2021-02-19T19:28:09.651Z",
        "value": "3.1423924814356434",
        "cumulative": false
    },
    {
        "date": "2021-02-19T19:29:18.173Z",
        "value": "3.1445724057179736",
        "cumulative": false
    },
    {
        "date": "2021-02-19T19:30:29.025Z",
        "value": "3.1431665164548828",
        "cumulative": false
    },
    {
        "date": "2021-02-19T19:31:40.394Z",
        "value": "3.065824791003185",
        "cumulative": false
    },
    {
        "date": "2021-02-19T19:32:48.469Z",
        "value": "3.111077257427637",
        "cumulative": false
    },
    {
        "date": "2021-02-19T19:33:58.234Z",
        "value": "3.1705138552045096",
        "cumulative": false
    },
    {
        "date": "2021-02-19T19:35:08.793Z",
        "value": "3.0414608500546",
        "cumulative": false
    },
    {
        "date": "2021-02-19T19:36:20.526Z",
        "value": "3.0653989916550763",
        "cumulative": false
    },
    {
        "date": "2021-02-19T19:37:34.137Z",
        "value": "3.2769933884332967",
        "cumulative": false
    },
    {
        "date": "2021-02-19T19:38:43.629Z",
        "value": "3.204305364624247",
        "cumulative": false
    },
    {
        "date": "2021-02-19T19:39:52.050Z",
        "value": "2.8945138714480483",
        "cumulative": false
    },
    {
        "date": "2021-02-19T19:41:04.759Z",
        "value": "2.9977884718642613",
        "cumulative": false
    },
    {
        "date": "2021-02-19T19:42:14.836Z",
        "value": "3.0680665504985227",
        "cumulative": false
    },
    {
        "date": "2021-02-19T19:43:26.434Z",
        "value": "2.9756487881963225",
        "cumulative": false
    },
    {
        "date": "2021-02-19T19:44:37.134Z",
        "value": "3.2725014086046826",
        "cumulative": false
    },
    {
        "date": "2021-02-19T19:45:47.063Z",
        "value": "3.152605195981555",
        "cumulative": false
    },
    {
        "date": "2021-02-19T19:46:55.320Z",
        "value": "2.9281038983982413",
        "cumulative": false
    },
    {
        "date": "2021-02-19T19:48:05.132Z",
        "value": "3.2878713000837414",
        "cumulative": false
    },
    {
        "date": "2021-02-19T19:49:15.680Z",
        "value": "3.408049409232917",
        "cumulative": false
    },
    {
        "date": "2021-02-19T19:50:25.958Z",
        "value": "3.011659246191756",
        "cumulative": false
    },
    {
        "date": "2021-02-19T19:51:37.672Z",
        "value": "3.289860400946518",
        "cumulative": false
    },
    {
        "date": "2021-02-19T19:52:49.704Z",
        "value": "3.182341591559973",
        "cumulative": false
    },
    {
        "date": "2021-02-19T19:54:00.389Z",
        "value": "2.863150105551411",
        "cumulative": false
    },
    {
        "date": "2021-02-19T19:55:10.359Z",
        "value": "3.109785213404496",
        "cumulative": false
    },
    {
        "date": "2021-02-19T19:56:21.498Z",
        "value": "3.0941965395129225",
        "cumulative": false
    },
    {
        "date": "2021-02-19T19:57:33.105Z",
        "value": "3.039714079273328",
        "cumulative": false
    },
    {
        "date": "2021-02-19T19:58:43.656Z",
        "value": "3.23131537071392",
        "cumulative": false
    },
    {
        "date": "2021-02-19T19:59:52.377Z",
        "value": "3.023434852771754",
        "cumulative": false
    },
    {
        "date": "2021-02-19T20:01:04.282Z",
        "value": "3.0416932338378175",
        "cumulative": false
    },
    {
        "date": "2021-02-19T20:02:16.354Z",
        "value": "3.327087566328587",
        "cumulative": false
    },
    {
        "date": "2021-02-19T20:03:24.865Z",
        "value": "2.937959083199172",
        "cumulative": false
    },
    {
        "date": "2021-02-19T20:04:35.206Z",
        "value": "3.171991890796883",
        "cumulative": false
    },
    {
        "date": "2021-02-19T20:05:45.884Z",
        "value": "3.1323778058244325",
        "cumulative": false
    },
    {
        "date": "2021-02-19T20:06:54.420Z",
        "value": "3.0299473658699942",
        "cumulative": false
    },
    {
        "date": "2021-02-19T20:08:03.125Z",
        "value": "3.1764840708426028",
        "cumulative": false
    },
    {
        "date": "2021-02-19T20:09:13.824Z",
        "value": "3.080370771838478",
        "cumulative": false
    },
    {
        "date": "2021-02-19T20:10:22.031Z",
        "value": "3.058556496934605",
        "cumulative": false
    },
    {
        "date": "2021-02-19T20:11:31.436Z",
        "value": "3.288037793389682",
        "cumulative": false
    },
    {
        "date": "2021-02-19T20:12:40.574Z",
        "value": "3.0287468247680347",
        "cumulative": false
    },
    {
        "date": "2021-02-19T20:13:51.437Z",
        "value": "2.988447913761852",
        "cumulative": false
    },
    {
        "date": "2021-02-19T20:15:00.990Z",
        "value": "3.090955393745041",
        "cumulative": false
    },
    {
        "date": "2021-02-19T20:16:10.130Z",
        "value": "3.098314415859989",
        "cumulative": false
    },
    {
        "date": "2021-02-19T20:17:20.523Z",
        "value": "3.143088433975564",
        "cumulative": false
    },
    {
        "date": "2021-02-19T20:18:31.154Z",
        "value": "3.1744152004435913",
        "cumulative": false
    },
    {
        "date": "2021-02-19T20:19:42.172Z",
        "value": "3.2117494175374186",
        "cumulative": false
    },
    {
        "date": "2021-02-19T20:20:55.524Z",
        "value": "3.061130383368616",
        "cumulative": false
    },
    {
        "date": "2021-02-19T20:22:05.140Z",
        "value": "2.9293003761203584",
        "cumulative": false
    },
    {
        "date": "2021-02-19T20:23:16.260Z",
        "value": "2.996181565354696",
        "cumulative": false
    },
    {
        "date": "2021-02-19T20:24:27.019Z",
        "value": "3.101903861263179",
        "cumulative": false
    },
    {
        "date": "2021-02-19T20:25:36.556Z",
        "value": "3.2919157030363224",
        "cumulative": false
    },
    {
        "date": "2021-02-19T20:26:46.598Z",
        "value": "3.0932929879926108",
        "cumulative": false
    },
    {
        "date": "2021-02-19T20:27:58.457Z",
        "value": "2.99887673778597",
        "cumulative": false
    },
    {
        "date": "2021-02-19T20:29:08.883Z",
        "value": "3.0528170351372603",
        "cumulative": false
    },
    {
        "date": "2021-02-19T20:30:18.119Z",
        "value": "2.9954269099181716",
        "cumulative": false
    },
    {
        "date": "2021-02-19T20:31:30.398Z",
        "value": "3.120793289959299",
        "cumulative": false
    },
    {
        "date": "2021-02-19T20:32:43.975Z",
        "value": "3.215857502833549",
        "cumulative": false
    },
    {
        "date": "2021-02-19T20:33:55.031Z",
        "value": "3.0315273861737677",
        "cumulative": false
    },
    {
        "date": "2021-02-19T20:35:06.467Z",
        "value": "3.1603297040297886",
        "cumulative": false
    },
    {
        "date": "2021-02-19T20:36:17.478Z",
        "value": "3.081476542530531",
        "cumulative": false
    },
    {
        "date": "2021-02-19T20:37:26.879Z",
        "value": "3.15600016923156",
        "cumulative": false
    },
    {
        "date": "2021-02-19T20:38:37.762Z",
        "value": "3.1900456460674156",
        "cumulative": false
    },
    {
        "date": "2021-02-19T20:39:47.848Z",
        "value": "3.08861943096887",
        "cumulative": false
    },
    {
        "date": "2021-02-19T20:40:33.651Z",
        "value": "3.05441951751709",
        "cumulative": false
    },
    {
        "date": "2021-02-19T20:40:55.600Z",
        "value": "2.708067456198987",
        "cumulative": false
    },
    {
        "date": "2021-02-19T20:42:07.570Z",
        "value": "3.2674728753998523",
        "cumulative": false
    },
    {
        "date": "2021-02-19T20:43:20.447Z",
        "value": "3.040873883312638",
        "cumulative": false
    },
    {
        "date": "2021-02-19T20:44:30.003Z",
        "value": "2.935988235081578",
        "cumulative": false
    },
    {
        "date": "2021-02-19T20:45:40.380Z",
        "value": "2.78567937106022",
        "cumulative": false
    },
    {
        "date": "2021-02-19T20:46:49.922Z",
        "value": "3.01751479656624",
        "cumulative": false
    },
    {
        "date": "2021-02-19T20:48:00.349Z",
        "value": "2.8323202679541133",
        "cumulative": false
    },
    {
        "date": "2021-02-19T20:49:12.713Z",
        "value": "3.234594464334894",
        "cumulative": false
    },
    {
        "date": "2021-02-19T20:50:23.633Z",
        "value": "2.8435203997979297",
        "cumulative": false
    },
    {
        "date": "2021-02-19T20:51:35.362Z",
        "value": "3.076483899944721",
        "cumulative": false
    },
    {
        "date": "2021-02-19T20:52:46.101Z",
        "value": "3.23319503022051",
        "cumulative": false
    },
    {
        "date": "2021-02-19T20:53:54.279Z",
        "value": "3.170500840943949",
        "cumulative": false
    },
    {
        "date": "2021-02-19T20:55:05.560Z",
        "value": "2.985706965473927",
        "cumulative": false
    },
    {
        "date": "2021-02-19T20:56:14.818Z",
        "value": "3.0931101127223384",
        "cumulative": false
    },
    {
        "date": "2021-02-19T20:57:26.425Z",
        "value": "2.9861084128922437",
        "cumulative": false
    },
    {
        "date": "2021-02-19T20:58:38.876Z",
        "value": "2.9912238878552095",
        "cumulative": false
    },
    {
        "date": "2021-02-19T20:59:46.336Z",
        "value": "3.0094554452209983",
        "cumulative": false
    },
    {
        "date": "2021-02-19T21:00:55.963Z",
        "value": "3.0581940676395254",
        "cumulative": false
    },
    {
        "date": "2021-02-19T21:02:05.621Z",
        "value": "3.072492900647615",
        "cumulative": false
    },
    {
        "date": "2021-02-19T21:03:13.919Z",
        "value": "3.044384753260319",
        "cumulative": false
    },
    {
        "date": "2021-02-19T21:04:24.485Z",
        "value": "3.053743155083829",
        "cumulative": false
    },
    {
        "date": "2021-02-19T21:05:34.945Z",
        "value": "2.963621134890629",
        "cumulative": false
    },
    {
        "date": "2021-02-19T21:06:44.144Z",
        "value": "2.917294954620196",
        "cumulative": false
    },
    {
        "date": "2021-02-19T21:07:57.014Z",
        "value": "3.0262964545161752",
        "cumulative": false
    }
]