[
    {
        "date": "2021-02-19T16:05:50.011Z",
        "value": "43.277034282684326",
        "cumulative": false
    },
    {
        "date": "2021-02-19T17:37:42.128Z",
        "value": "41.306329011917114",
        "cumulative": false
    },
    {
        "date": "2021-02-19T19:09:17.019Z",
        "value": "40.18292284011841",
        "cumulative": false
    },
    {
        "date": "2021-02-19T20:40:52.128Z",
        "value": "40.113080978393555",
        "cumulative": false
    },
    {
        "date": "2021-02-19T21:08:45.669Z",
        "value": "12.081470489501953",
        "cumulative": false
    }
]