[
    {
        "date": "2021-02-19T16:05:50.085Z",
        "value": "2.926948070526123",
        "cumulative": false
    },
    {
        "date": "2021-02-19T17:37:42.710Z",
        "value": "3.374690532684326",
        "cumulative": false
    },
    {
        "date": "2021-02-19T19:09:17.403Z",
        "value": "2.9778213500976562",
        "cumulative": false
    },
    {
        "date": "2021-02-19T20:40:52.575Z",
        "value": "2.887622833251953",
        "cumulative": false
    },
    {
        "date": "2021-02-19T21:08:46.160Z",
        "value": "0.8703908920288086",
        "cumulative": false
    }
]