[
    {
        "date": "2021-02-19T16:05:50.130Z",
        "value": "4452.0475125312805",
        "cumulative": false
    },
    {
        "date": "2021-02-19T17:37:42.947Z",
        "value": "4448.599272012711",
        "cumulative": false
    },
    {
        "date": "2021-02-19T19:09:17.318Z",
        "value": "4432.826413631439",
        "cumulative": false
    },
    {
        "date": "2021-02-19T20:40:52.702Z",
        "value": "4433.852531671524",
        "cumulative": false
    },
    {
        "date": "2021-02-19T21:08:46.637Z",
        "value": "1331.7077023983002",
        "cumulative": false
    }
]