[
    {
        "date": "2021-02-19T14:34:14.989Z",
        "value": "7.462614823487032",
        "cumulative": false
    },
    {
        "date": "2021-02-19T14:35:28.682Z",
        "value": "9.195454958377379",
        "cumulative": false
    },
    {
        "date": "2021-02-19T14:36:40.169Z",
        "value": "8.537674328512397",
        "cumulative": false
    },
    {
        "date": "2021-02-19T14:37:49.067Z",
        "value": "8.045188281880549",
        "cumulative": false
    },
    {
        "date": "2021-02-19T14:38:59.293Z",
        "value": "7.931122681171983",
        "cumulative": false
    },
    {
        "date": "2021-02-19T14:40:11.619Z",
        "value": "7.543559543335635",
        "cumulative": false
    },
    {
        "date": "2021-02-19T14:41:22.110Z",
        "value": "7.5944946714851085",
        "cumulative": false
    },
    {
        "date": "2021-02-19T14:42:31.128Z",
        "value": "7.362616286226786",
        "cumulative": false
    },
    {
        "date": "2021-02-19T14:43:40.424Z",
        "value": "6.977762562264405",
        "cumulative": false
    },
    {
        "date": "2021-02-19T14:44:50.776Z",
        "value": "6.505386303370032",
        "cumulative": false
    },
    {
        "date": "2021-02-19T14:46:04.608Z",
        "value": "6.221809895833333",
        "cumulative": false
    },
    {
        "date": "2021-02-19T14:47:16.072Z",
        "value": "6.0336181640625",
        "cumulative": false
    },
    {
        "date": "2021-02-19T14:48:27.003Z",
        "value": "5.636986793933055",
        "cumulative": false
    },
    {
        "date": "2021-02-19T14:49:40.214Z",
        "value": "5.323143033613167",
        "cumulative": false
    },
    {
        "date": "2021-02-19T14:50:50.327Z",
        "value": "5.244314051418439",
        "cumulative": false
    },
    {
        "date": "2021-02-19T14:52:02.843Z",
        "value": "4.927176891796322",
        "cumulative": false
    },
    {
        "date": "2021-02-19T14:53:10.154Z",
        "value": "4.753130563544234",
        "cumulative": false
    },
    {
        "date": "2021-02-19T14:54:21.913Z",
        "value": "4.372558850604944",
        "cumulative": false
    },
    {
        "date": "2021-02-19T14:55:32.313Z",
        "value": "4.404326372033442",
        "cumulative": false
    },
    {
        "date": "2021-02-19T14:56:43.795Z",
        "value": "4.3676492245441905",
        "cumulative": false
    },
    {
        "date": "2021-02-19T14:57:52.722Z",
        "value": "4.33063751780503",
        "cumulative": false
    },
    {
        "date": "2021-02-19T14:59:06.567Z",
        "value": "4.178395560375354",
        "cumulative": false
    },
    {
        "date": "2021-02-19T15:00:15.877Z",
        "value": "4.032205219716151",
        "cumulative": false
    },
    {
        "date": "2021-02-19T15:01:26.507Z",
        "value": "4.014113047523619",
        "cumulative": false
    },
    {
        "date": "2021-02-19T15:02:41.669Z",
        "value": "4.185948386761698",
        "cumulative": false
    },
    {
        "date": "2021-02-19T15:03:50.311Z",
        "value": "4.028563424236153",
        "cumulative": false
    },
    {
        "date": "2021-02-19T15:05:01.718Z",
        "value": "4.1203590681977555",
        "cumulative": false
    },
    {
        "date": "2021-02-19T15:06:12.000Z",
        "value": "3.961362714297603",
        "cumulative": false
    },
    {
        "date": "2021-02-19T15:07:20.435Z",
        "value": "4.022905464947753",
        "cumulative": false
    },
    {
        "date": "2021-02-19T15:08:31.013Z",
        "value": "3.9927399144754054",
        "cumulative": false
    },
    {
        "date": "2021-02-19T15:09:42.885Z",
        "value": "4.047438810029186",
        "cumulative": false
    },
    {
        "date": "2021-02-19T15:10:53.095Z",
        "value": "4.107595528121543",
        "cumulative": false
    },
    {
        "date": "2021-02-19T15:12:01.130Z",
        "value": "3.8135899182561306",
        "cumulative": false
    },
    {
        "date": "2021-02-19T15:13:12.435Z",
        "value": "4.022357638484389",
        "cumulative": false
    },
    {
        "date": "2021-02-19T15:14:21.519Z",
        "value": "3.725716634929744",
        "cumulative": false
    },
    {
        "date": "2021-02-19T15:15:32.275Z",
        "value": "3.785747894305307",
        "cumulative": false
    },
    {
        "date": "2021-02-19T15:16:43.366Z",
        "value": "3.83276617361739",
        "cumulative": false
    },
    {
        "date": "2021-02-19T15:17:53.921Z",
        "value": "3.784879859697124",
        "cumulative": false
    },
    {
        "date": "2021-02-19T15:19:04.037Z",
        "value": "3.716645344341339",
        "cumulative": false
    },
    {
        "date": "2021-02-19T15:20:13.721Z",
        "value": "3.5929972271638104",
        "cumulative": false
    },
    {
        "date": "2021-02-19T15:21:25.358Z",
        "value": "3.7227673258170357",
        "cumulative": false
    },
    {
        "date": "2021-02-19T15:22:36.978Z",
        "value": "3.7341336503130105",
        "cumulative": false
    },
    {
        "date": "2021-02-19T15:23:48.314Z",
        "value": "3.692509786271142",
        "cumulative": false
    },
    {
        "date": "2021-02-19T15:24:58.495Z",
        "value": "3.6807420452157467",
        "cumulative": false
    },
    {
        "date": "2021-02-19T15:26:08.934Z",
        "value": "3.627274508952211",
        "cumulative": false
    },
    {
        "date": "2021-02-19T15:27:21.165Z",
        "value": "3.7493519747426",
        "cumulative": false
    },
    {
        "date": "2021-02-19T15:28:33.331Z",
        "value": "3.848947807405799",
        "cumulative": false
    },
    {
        "date": "2021-02-19T15:29:45.076Z",
        "value": "3.531414256126427",
        "cumulative": false
    },
    {
        "date": "2021-02-19T15:30:54.960Z",
        "value": "3.595605740941468",
        "cumulative": false
    },
    {
        "date": "2021-02-19T15:32:05.744Z",
        "value": "3.8194517002279635",
        "cumulative": false
    },
    {
        "date": "2021-02-19T15:33:15.450Z",
        "value": "3.5189192353542236",
        "cumulative": false
    },
    {
        "date": "2021-02-19T15:34:25.869Z",
        "value": "3.7164341437518",
        "cumulative": false
    },
    {
        "date": "2021-02-19T15:35:37.212Z",
        "value": "3.612961303153539",
        "cumulative": false
    },
    {
        "date": "2021-02-19T15:36:45.493Z",
        "value": "3.6814304143491765",
        "cumulative": false
    },
    {
        "date": "2021-02-19T15:37:56.695Z",
        "value": "3.469459810961313",
        "cumulative": false
    },
    {
        "date": "2021-02-19T15:39:07.003Z",
        "value": "3.4406614421857387",
        "cumulative": false
    },
    {
        "date": "2021-02-19T15:40:18.692Z",
        "value": "3.4585773193690637",
        "cumulative": false
    },
    {
        "date": "2021-02-19T15:41:30.038Z",
        "value": "3.4393071425293686",
        "cumulative": false
    },
    {
        "date": "2021-02-19T15:42:39.370Z",
        "value": "3.4213190938974467",
        "cumulative": false
    },
    {
        "date": "2021-02-19T15:43:50.704Z",
        "value": "3.7670939693206598",
        "cumulative": false
    },
    {
        "date": "2021-02-19T15:45:01.807Z",
        "value": "3.661001911001911",
        "cumulative": false
    },
    {
        "date": "2021-02-19T15:46:12.855Z",
        "value": "3.4419540031836937",
        "cumulative": false
    },
    {
        "date": "2021-02-19T15:47:21.508Z",
        "value": "3.3838723154746337",
        "cumulative": false
    },
    {
        "date": "2021-02-19T15:48:30.986Z",
        "value": "3.554899761326307",
        "cumulative": false
    },
    {
        "date": "2021-02-19T15:49:41.814Z",
        "value": "3.496374924792153",
        "cumulative": false
    },
    {
        "date": "2021-02-19T15:50:50.561Z",
        "value": "3.523461644364808",
        "cumulative": false
    },
    {
        "date": "2021-02-19T15:51:59.543Z",
        "value": "3.5533369529659784",
        "cumulative": false
    },
    {
        "date": "2021-02-19T15:53:09.935Z",
        "value": "3.336063128415779",
        "cumulative": false
    },
    {
        "date": "2021-02-19T15:54:20.967Z",
        "value": "3.3026235012933447",
        "cumulative": false
    },
    {
        "date": "2021-02-19T15:55:31.216Z",
        "value": "3.5458669195978314",
        "cumulative": false
    },
    {
        "date": "2021-02-19T15:56:44.446Z",
        "value": "3.427121835797491",
        "cumulative": false
    },
    {
        "date": "2021-02-19T15:57:55.080Z",
        "value": "3.7195269897429237",
        "cumulative": false
    },
    {
        "date": "2021-02-19T15:59:05.098Z",
        "value": "3.538984054815574",
        "cumulative": false
    },
    {
        "date": "2021-02-19T16:00:14.617Z",
        "value": "3.455754763176638",
        "cumulative": false
    },
    {
        "date": "2021-02-19T16:01:26.849Z",
        "value": "3.5864688501602564",
        "cumulative": false
    },
    {
        "date": "2021-02-19T16:02:35.515Z",
        "value": "3.5360075315351582",
        "cumulative": false
    },
    {
        "date": "2021-02-19T16:03:46.258Z",
        "value": "3.4526847291160183",
        "cumulative": false
    },
    {
        "date": "2021-02-19T16:04:56.044Z",
        "value": "3.6015147722644585",
        "cumulative": false
    },
    {
        "date": "2021-02-19T16:05:42.491Z",
        "value": "3.445197105407715",
        "cumulative": false
    },
    {
        "date": "2021-02-19T16:05:55.956Z",
        "value": "3.116203206725332",
        "cumulative": false
    },
    {
        "date": "2021-02-19T16:07:08.842Z",
        "value": "3.4868418715732816",
        "cumulative": false
    },
    {
        "date": "2021-02-19T16:08:17.613Z",
        "value": "3.5588692245339097",
        "cumulative": false
    },
    {
        "date": "2021-02-19T16:09:29.094Z",
        "value": "3.47235918085904",
        "cumulative": false
    },
    {
        "date": "2021-02-19T16:10:40.273Z",
        "value": "3.3195142934269746",
        "cumulative": false
    },
    {
        "date": "2021-02-19T16:11:53.243Z",
        "value": "3.3623116174070393",
        "cumulative": false
    },
    {
        "date": "2021-02-19T16:13:03.953Z",
        "value": "3.174158521475771",
        "cumulative": false
    },
    {
        "date": "2021-02-19T16:14:12.779Z",
        "value": "3.558776272948701",
        "cumulative": false
    },
    {
        "date": "2021-02-19T16:15:23.828Z",
        "value": "3.4738435584128067",
        "cumulative": false
    },
    {
        "date": "2021-02-19T16:16:35.899Z",
        "value": "3.4606147643716576",
        "cumulative": false
    },
    {
        "date": "2021-02-19T16:17:47.393Z",
        "value": "3.3649820139269093",
        "cumulative": false
    },
    {
        "date": "2021-02-19T16:18:57.202Z",
        "value": "3.3687469874678664",
        "cumulative": false
    },
    {
        "date": "2021-02-19T16:20:04.418Z",
        "value": "3.5402917434590924",
        "cumulative": false
    },
    {
        "date": "2021-02-19T16:21:12.104Z",
        "value": "3.3370007260307593",
        "cumulative": false
    },
    {
        "date": "2021-02-19T16:22:21.532Z",
        "value": "3.456881767279739",
        "cumulative": false
    },
    {
        "date": "2021-02-19T16:23:31.766Z",
        "value": "3.247087199131741",
        "cumulative": false
    },
    {
        "date": "2021-02-19T16:24:41.659Z",
        "value": "3.376179480972854",
        "cumulative": false
    },
    {
        "date": "2021-02-19T16:25:50.073Z",
        "value": "3.219462217133621",
        "cumulative": false
    },
    {
        "date": "2021-02-19T16:27:00.132Z",
        "value": "3.5385419687329422",
        "cumulative": false
    },
    {
        "date": "2021-02-19T16:28:10.968Z",
        "value": "3.3504381766569846",
        "cumulative": false
    },
    {
        "date": "2021-02-19T16:29:19.812Z",
        "value": "3.4630212374788374",
        "cumulative": false
    },
    {
        "date": "2021-02-19T16:30:30.749Z",
        "value": "3.312371532701918",
        "cumulative": false
    },
    {
        "date": "2021-02-19T16:31:39.988Z",
        "value": "3.4301481165899435",
        "cumulative": false
    },
    {
        "date": "2021-02-19T16:32:50.770Z",
        "value": "3.3596759822670377",
        "cumulative": false
    },
    {
        "date": "2021-02-19T16:34:04.387Z",
        "value": "3.2394734507065506",
        "cumulative": false
    },
    {
        "date": "2021-02-19T16:35:14.803Z",
        "value": "3.387408589207849",
        "cumulative": false
    },
    {
        "date": "2021-02-19T16:36:24.272Z",
        "value": "3.5047958705649385",
        "cumulative": false
    },
    {
        "date": "2021-02-19T16:37:35.641Z",
        "value": "3.3651577928234118",
        "cumulative": false
    },
    {
        "date": "2021-02-19T16:38:45.471Z",
        "value": "3.28299656588512",
        "cumulative": false
    },
    {
        "date": "2021-02-19T16:39:56.563Z",
        "value": "3.3706847271867115",
        "cumulative": false
    },
    {
        "date": "2021-02-19T16:41:06.241Z",
        "value": "3.515679877742842",
        "cumulative": false
    },
    {
        "date": "2021-02-19T16:42:20.395Z",
        "value": "3.2782748244942774",
        "cumulative": false
    },
    {
        "date": "2021-02-19T16:43:31.607Z",
        "value": "3.305639614099859",
        "cumulative": false
    },
    {
        "date": "2021-02-19T16:44:41.558Z",
        "value": "3.426888095708741",
        "cumulative": false
    },
    {
        "date": "2021-02-19T16:45:51.913Z",
        "value": "3.2960473561217007",
        "cumulative": false
    },
    {
        "date": "2021-02-19T16:47:01.561Z",
        "value": "3.4132559507334626",
        "cumulative": false
    },
    {
        "date": "2021-02-19T16:48:14.091Z",
        "value": "3.5887737453095685",
        "cumulative": false
    },
    {
        "date": "2021-02-19T16:49:26.089Z",
        "value": "3.31995612915305",
        "cumulative": false
    },
    {
        "date": "2021-02-19T16:50:37.561Z",
        "value": "3.2939262058423915",
        "cumulative": false
    },
    {
        "date": "2021-02-19T16:51:48.424Z",
        "value": "3.4361605603448275",
        "cumulative": false
    },
    {
        "date": "2021-02-19T16:52:59.047Z",
        "value": "3.280617042824074",
        "cumulative": false
    },
    {
        "date": "2021-02-19T16:54:08.470Z",
        "value": "3.3112682191919562",
        "cumulative": false
    },
    {
        "date": "2021-02-19T16:55:19.875Z",
        "value": "3.482026243382558",
        "cumulative": false
    },
    {
        "date": "2021-02-19T16:56:31.589Z",
        "value": "3.337675530044212",
        "cumulative": false
    },
    {
        "date": "2021-02-19T16:57:42.627Z",
        "value": "3.3659340509289226",
        "cumulative": false
    },
    {
        "date": "2021-02-19T16:58:53.410Z",
        "value": "3.272262467523095",
        "cumulative": false
    },
    {
        "date": "2021-02-19T17:00:03.737Z",
        "value": "3.2692536456867436",
        "cumulative": false
    },
    {
        "date": "2021-02-19T17:01:17.767Z",
        "value": "3.3354289924763694",
        "cumulative": false
    },
    {
        "date": "2021-02-19T17:02:27.431Z",
        "value": "3.332269033137584",
        "cumulative": false
    },
    {
        "date": "2021-02-19T17:03:38.048Z",
        "value": "3.3361783836441603",
        "cumulative": false
    },
    {
        "date": "2021-02-19T17:04:50.656Z",
        "value": "3.477140045369629",
        "cumulative": false
    },
    {
        "date": "2021-02-19T17:05:58.841Z",
        "value": "3.1977550917183706",
        "cumulative": false
    },
    {
        "date": "2021-02-19T17:07:09.348Z",
        "value": "3.2870779288951573",
        "cumulative": false
    },
    {
        "date": "2021-02-19T17:08:20.187Z",
        "value": "3.3112893830468306",
        "cumulative": false
    },
    {
        "date": "2021-02-19T17:09:28.524Z",
        "value": "3.3761341461190546",
        "cumulative": false
    },
    {
        "date": "2021-02-19T17:10:39.248Z",
        "value": "3.3674441095026815",
        "cumulative": false
    },
    {
        "date": "2021-02-19T17:11:51.848Z",
        "value": "3.425082706669879",
        "cumulative": false
    },
    {
        "date": "2021-02-19T17:13:01.140Z",
        "value": "3.547511828785211",
        "cumulative": false
    },
    {
        "date": "2021-02-19T17:14:10.903Z",
        "value": "3.41196539463141",
        "cumulative": false
    },
    {
        "date": "2021-02-19T17:15:21.251Z",
        "value": "3.310282303911279",
        "cumulative": false
    },
    {
        "date": "2021-02-19T17:16:31.016Z",
        "value": "3.405200180891908",
        "cumulative": false
    },
    {
        "date": "2021-02-19T17:17:41.383Z",
        "value": "3.433085274154341",
        "cumulative": false
    },
    {
        "date": "2021-02-19T17:18:51.237Z",
        "value": "3.4744118567120124",
        "cumulative": false
    },
    {
        "date": "2021-02-19T17:20:01.343Z",
        "value": "3.316233281460296",
        "cumulative": false
    },
    {
        "date": "2021-02-19T17:21:13.262Z",
        "value": "3.3872252289295877",
        "cumulative": false
    },
    {
        "date": "2021-02-19T17:22:23.415Z",
        "value": "3.272979113520408",
        "cumulative": false
    },
    {
        "date": "2021-02-19T17:23:33.812Z",
        "value": "3.3118835999085023",
        "cumulative": false
    },
    {
        "date": "2021-02-19T17:24:43.683Z",
        "value": "3.2921209199202353",
        "cumulative": false
    },
    {
        "date": "2021-02-19T17:25:53.983Z",
        "value": "3.226681492909664",
        "cumulative": false
    },
    {
        "date": "2021-02-19T17:27:04.700Z",
        "value": "3.2734222284278136",
        "cumulative": false
    },
    {
        "date": "2021-02-19T17:28:19.560Z",
        "value": "3.3731135554100926",
        "cumulative": false
    },
    {
        "date": "2021-02-19T17:29:28.474Z",
        "value": "3.384093780390386",
        "cumulative": false
    },
    {
        "date": "2021-02-19T17:30:39.843Z",
        "value": "3.3006142227666073",
        "cumulative": false
    },
    {
        "date": "2021-02-19T17:31:50.634Z",
        "value": "3.2563193007767133",
        "cumulative": false
    },
    {
        "date": "2021-02-19T17:33:02.300Z",
        "value": "3.481878844279376",
        "cumulative": false
    },
    {
        "date": "2021-02-19T17:34:14.460Z",
        "value": "3.487047013580931",
        "cumulative": false
    },
    {
        "date": "2021-02-19T17:35:25.867Z",
        "value": "3.3796202603728625",
        "cumulative": false
    },
    {
        "date": "2021-02-19T17:36:38.588Z",
        "value": "3.3921255651686155",
        "cumulative": false
    },
    {
        "date": "2021-02-19T17:37:23.871Z",
        "value": "3.240283250808716",
        "cumulative": false
    },
    {
        "date": "2021-02-19T17:37:46.087Z",
        "value": "2.8717267320104365",
        "cumulative": false
    },
    {
        "date": "2021-02-19T17:38:57.742Z",
        "value": "3.2046578807008954",
        "cumulative": false
    },
    {
        "date": "2021-02-19T17:40:08.578Z",
        "value": "3.275141120829943",
        "cumulative": false
    },
    {
        "date": "2021-02-19T17:41:19.789Z",
        "value": "3.2762890625",
        "cumulative": false
    },
    {
        "date": "2021-02-19T17:42:29.856Z",
        "value": "3.3755126075372366",
        "cumulative": false
    },
    {
        "date": "2021-02-19T17:43:40.758Z",
        "value": "3.029190538814661",
        "cumulative": false
    },
    {
        "date": "2021-02-19T17:44:50.184Z",
        "value": "3.2096387214467006",
        "cumulative": false
    },
    {
        "date": "2021-02-19T17:46:00.915Z",
        "value": "3.1221970590337333",
        "cumulative": false
    },
    {
        "date": "2021-02-19T17:47:08.965Z",
        "value": "3.0515758903484125",
        "cumulative": false
    },
    {
        "date": "2021-02-19T17:48:22.910Z",
        "value": "3.1372915314663206",
        "cumulative": false
    },
    {
        "date": "2021-02-19T17:49:34.873Z",
        "value": "3.2867944565948854",
        "cumulative": false
    },
    {
        "date": "2021-02-19T17:50:45.773Z",
        "value": "3.3478560133210458",
        "cumulative": false
    },
    {
        "date": "2021-02-19T17:51:55.723Z",
        "value": "3.3740980249249866",
        "cumulative": false
    },
    {
        "date": "2021-02-19T17:53:05.226Z",
        "value": "3.3335501174563262",
        "cumulative": false
    },
    {
        "date": "2021-02-19T17:54:16.542Z",
        "value": "3.1723423758351514",
        "cumulative": false
    },
    {
        "date": "2021-02-19T17:55:26.561Z",
        "value": "3.2535864338033953",
        "cumulative": false
    },
    {
        "date": "2021-02-19T17:56:37.355Z",
        "value": "3.221594048752875",
        "cumulative": false
    },
    {
        "date": "2021-02-19T17:57:48.088Z",
        "value": "3.207971259601955",
        "cumulative": false
    },
    {
        "date": "2021-02-19T17:59:00.141Z",
        "value": "3.167365691303741",
        "cumulative": false
    },
    {
        "date": "2021-02-19T18:00:08.037Z",
        "value": "3.347899924071799",
        "cumulative": false
    },
    {
        "date": "2021-02-19T18:01:16.525Z",
        "value": "3.321940369897959",
        "cumulative": false
    },
    {
        "date": "2021-02-19T18:02:27.238Z",
        "value": "3.3727348323279553",
        "cumulative": false
    },
    {
        "date": "2021-02-19T18:03:35.137Z",
        "value": "3.313095404875315",
        "cumulative": false
    },
    {
        "date": "2021-02-19T18:04:45.626Z",
        "value": "3.3455390165809513",
        "cumulative": false
    },
    {
        "date": "2021-02-19T18:05:57.468Z",
        "value": "3.2623376403364577",
        "cumulative": false
    },
    {
        "date": "2021-02-19T18:07:08.605Z",
        "value": "3.140849030302522",
        "cumulative": false
    },
    {
        "date": "2021-02-19T18:08:20.431Z",
        "value": "3.2437041376053473",
        "cumulative": false
    },
    {
        "date": "2021-02-19T18:09:30.678Z",
        "value": "3.2066146725876616",
        "cumulative": false
    },
    {
        "date": "2021-02-19T18:10:39.282Z",
        "value": "3.2209094482679137",
        "cumulative": false
    },
    {
        "date": "2021-02-19T18:11:48.468Z",
        "value": "3.2310636422805423",
        "cumulative": false
    },
    {
        "date": "2021-02-19T18:12:59.980Z",
        "value": "3.289934159858023",
        "cumulative": false
    },
    {
        "date": "2021-02-19T18:14:10.785Z",
        "value": "3.315440955528846",
        "cumulative": false
    },
    {
        "date": "2021-02-19T18:15:19.759Z",
        "value": "3.2836112644361415",
        "cumulative": false
    },
    {
        "date": "2021-02-19T18:16:29.196Z",
        "value": "3.3178447724488325",
        "cumulative": false
    },
    {
        "date": "2021-02-19T18:17:38.534Z",
        "value": "3.316407943950564",
        "cumulative": false
    },
    {
        "date": "2021-02-19T18:18:50.337Z",
        "value": "3.1761025252861326",
        "cumulative": false
    },
    {
        "date": "2021-02-19T18:20:01.807Z",
        "value": "3.1596741495253164",
        "cumulative": false
    },
    {
        "date": "2021-02-19T18:21:10.922Z",
        "value": "3.2771284938168934",
        "cumulative": false
    },
    {
        "date": "2021-02-19T18:22:21.089Z",
        "value": "3.2614269294880986",
        "cumulative": false
    },
    {
        "date": "2021-02-19T18:23:32.720Z",
        "value": "3.2224242910278065",
        "cumulative": false
    },
    {
        "date": "2021-02-19T18:24:42.693Z",
        "value": "3.366044097522328",
        "cumulative": false
    },
    {
        "date": "2021-02-19T18:25:52.895Z",
        "value": "3.3772858915567463",
        "cumulative": false
    },
    {
        "date": "2021-02-19T18:27:03.042Z",
        "value": "3.195973521644228",
        "cumulative": false
    },
    {
        "date": "2021-02-19T18:28:15.305Z",
        "value": "3.285530935347112",
        "cumulative": false
    },
    {
        "date": "2021-02-19T18:29:26.863Z",
        "value": "3.4307718009397985",
        "cumulative": false
    },
    {
        "date": "2021-02-19T18:30:38.427Z",
        "value": "3.1817534940326633",
        "cumulative": false
    },
    {
        "date": "2021-02-19T18:31:48.465Z",
        "value": "3.136829685751259",
        "cumulative": false
    },
    {
        "date": "2021-02-19T18:33:03.991Z",
        "value": "3.247930354867043",
        "cumulative": false
    },
    {
        "date": "2021-02-19T18:34:13.674Z",
        "value": "3.2499977322206095",
        "cumulative": false
    },
    {
        "date": "2021-02-19T18:35:26.248Z",
        "value": "3.2049492507684425",
        "cumulative": false
    },
    {
        "date": "2021-02-19T18:36:35.501Z",
        "value": "3.281047307410857",
        "cumulative": false
    },
    {
        "date": "2021-02-19T18:37:45.503Z",
        "value": "3.2842285418908017",
        "cumulative": false
    },
    {
        "date": "2021-02-19T18:38:55.871Z",
        "value": "3.194575762838109",
        "cumulative": false
    },
    {
        "date": "2021-02-19T18:40:06.575Z",
        "value": "3.2105058657577614",
        "cumulative": false
    },
    {
        "date": "2021-02-19T18:41:15.678Z",
        "value": "3.5343986465640427",
        "cumulative": false
    },
    {
        "date": "2021-02-19T18:42:24.951Z",
        "value": "3.044751702750724",
        "cumulative": false
    },
    {
        "date": "2021-02-19T18:43:35.118Z",
        "value": "3.14100188898576",
        "cumulative": false
    },
    {
        "date": "2021-02-19T18:44:46.402Z",
        "value": "3.24021646637955",
        "cumulative": false
    },
    {
        "date": "2021-02-19T18:45:54.210Z",
        "value": "3.2335319680363686",
        "cumulative": false
    },
    {
        "date": "2021-02-19T18:47:03.676Z",
        "value": "3.027917154995605",
        "cumulative": false
    },
    {
        "date": "2021-02-19T18:48:15.114Z",
        "value": "3.0719765362688864",
        "cumulative": false
    },
    {
        "date": "2021-02-19T18:49:25.125Z",
        "value": "3.2286255422244605",
        "cumulative": false
    },
    {
        "date": "2021-02-19T18:50:36.553Z",
        "value": "3.002114558441102",
        "cumulative": false
    },
    {
        "date": "2021-02-19T18:51:48.564Z",
        "value": "3.04342718794835",
        "cumulative": false
    },
    {
        "date": "2021-02-19T18:52:55.625Z",
        "value": "3.2801006078793473",
        "cumulative": false
    },
    {
        "date": "2021-02-19T18:54:05.349Z",
        "value": "3.2537299780686784",
        "cumulative": false
    },
    {
        "date": "2021-02-19T18:55:14.337Z",
        "value": "3.1266322508434987",
        "cumulative": false
    },
    {
        "date": "2021-02-19T18:56:29.077Z",
        "value": "3.260210318975824",
        "cumulative": false
    },
    {
        "date": "2021-02-19T18:57:39.738Z",
        "value": "3.287358208058759",
        "cumulative": false
    },
    {
        "date": "2021-02-19T18:58:47.297Z",
        "value": "3.2085347100175747",
        "cumulative": false
    },
    {
        "date": "2021-02-19T19:00:01.911Z",
        "value": "3.3465840218094005",
        "cumulative": false
    },
    {
        "date": "2021-02-19T19:01:10.933Z",
        "value": "3.157186160651034",
        "cumulative": false
    },
    {
        "date": "2021-02-19T19:02:19.458Z",
        "value": "3.1287903261251757",
        "cumulative": false
    },
    {
        "date": "2021-02-19T19:03:29.543Z",
        "value": "3.2332388206255405",
        "cumulative": false
    },
    {
        "date": "2021-02-19T19:04:37.878Z",
        "value": "3.1870414821869852",
        "cumulative": false
    },
    {
        "date": "2021-02-19T19:05:48.155Z",
        "value": "3.21828609432475",
        "cumulative": false
    },
    {
        "date": "2021-02-19T19:06:59.358Z",
        "value": "3.1685502604166667",
        "cumulative": false
    },
    {
        "date": "2021-02-19T19:08:11.857Z",
        "value": "3.0524368998399574",
        "cumulative": false
    },
    {
        "date": "2021-02-19T19:08:58.559Z",
        "value": "3.151982307434082",
        "cumulative": false
    },
    {
        "date": "2021-02-19T19:09:20.573Z",
        "value": "3.0953243743448637",
        "cumulative": false
    },
    {
        "date": "2021-02-19T19:10:31.775Z",
        "value": "2.984339598977214",
        "cumulative": false
    },
    {
        "date": "2021-02-19T19:11:42.933Z",
        "value": "3.1810442678774122",
        "cumulative": false
    },
    {
        "date": "2021-02-19T19:12:52.166Z",
        "value": "3.0594244622564934",
        "cumulative": false
    },
    {
        "date": "2021-02-19T19:14:01.795Z",
        "value": "3.1012406915891355",
        "cumulative": false
    },
    {
        "date": "2021-02-19T19:15:12.961Z",
        "value": "2.9081545864515674",
        "cumulative": false
    },
    {
        "date": "2021-02-19T19:16:23.542Z",
        "value": "3.093922363777976",
        "cumulative": false
    },
    {
        "date": "2021-02-19T19:17:34.990Z",
        "value": "3.132745285095004",
        "cumulative": false
    },
    {
        "date": "2021-02-19T19:18:45.211Z",
        "value": "3.089204642404446",
        "cumulative": false
    },
    {
        "date": "2021-02-19T19:19:53.505Z",
        "value": "3.104168586334597",
        "cumulative": false
    },
    {
        "date": "2021-02-19T19:21:03.426Z",
        "value": "3.055872944303884",
        "cumulative": false
    },
    {
        "date": "2021-02-19T19:22:15.827Z",
        "value": "3.3568546453942103",
        "cumulative": false
    },
    {
        "date": "2021-02-19T19:23:27.741Z",
        "value": "3.1707627257262496",
        "cumulative": false
    },
    {
        "date": "2021-02-19T19:24:38.716Z",
        "value": "3.0815495534556536",
        "cumulative": false
    },
    {
        "date": "2021-02-19T19:25:47.416Z",
        "value": "3.107146068746491",
        "cumulative": false
    },
    {
        "date": "2021-02-19T19:26:59.573Z",
        "value": "3.2407982235863093",
        "cumulative": false
    },
    {
        "date": "2021-02-19T19:28:09.615Z",
        "value": "3.2354052646817095",
        "cumulative": false
    },
    {
        "date": "2021-02-19T19:29:18.183Z",
        "value": "3.3073043645860243",
        "cumulative": false
    },
    {
        "date": "2021-02-19T19:30:29.015Z",
        "value": "3.1208103278177792",
        "cumulative": false
    },
    {
        "date": "2021-02-19T19:31:40.381Z",
        "value": "3.286806952321287",
        "cumulative": false
    },
    {
        "date": "2021-02-19T19:32:48.437Z",
        "value": "3.2561198952532484",
        "cumulative": false
    },
    {
        "date": "2021-02-19T19:33:58.216Z",
        "value": "3.101837718003057",
        "cumulative": false
    },
    {
        "date": "2021-02-19T19:35:08.760Z",
        "value": "3.165613147262533",
        "cumulative": false
    },
    {
        "date": "2021-02-19T19:36:20.543Z",
        "value": "2.9345502140893713",
        "cumulative": false
    },
    {
        "date": "2021-02-19T19:37:34.143Z",
        "value": "3.1547529305033417",
        "cumulative": false
    },
    {
        "date": "2021-02-19T19:38:43.652Z",
        "value": "3.1453767123287673",
        "cumulative": false
    },
    {
        "date": "2021-02-19T19:39:51.834Z",
        "value": "3.0745015876939457",
        "cumulative": false
    },
    {
        "date": "2021-02-19T19:41:04.737Z",
        "value": "3.1411065115326444",
        "cumulative": false
    },
    {
        "date": "2021-02-19T19:42:14.658Z",
        "value": "3.165896759397375",
        "cumulative": false
    },
    {
        "date": "2021-02-19T19:43:26.450Z",
        "value": "3.2461818768687145",
        "cumulative": false
    },
    {
        "date": "2021-02-19T19:44:37.147Z",
        "value": "3.1050514651335313",
        "cumulative": false
    },
    {
        "date": "2021-02-19T19:45:47.054Z",
        "value": "3.1977343541444205",
        "cumulative": false
    },
    {
        "date": "2021-02-19T19:46:55.340Z",
        "value": "3.1909685705462074",
        "cumulative": false
    },
    {
        "date": "2021-02-19T19:48:05.132Z",
        "value": "3.000498943688304",
        "cumulative": false
    },
    {
        "date": "2021-02-19T19:49:15.648Z",
        "value": "3.1867492060221103",
        "cumulative": false
    },
    {
        "date": "2021-02-19T19:50:25.963Z",
        "value": "3.160662065391053",
        "cumulative": false
    },
    {
        "date": "2021-02-19T19:51:37.649Z",
        "value": "3.224404693462115",
        "cumulative": false
    },
    {
        "date": "2021-02-19T19:52:49.735Z",
        "value": "3.242315675592657",
        "cumulative": false
    },
    {
        "date": "2021-02-19T19:54:00.377Z",
        "value": "3.076929338707968",
        "cumulative": false
    },
    {
        "date": "2021-02-19T19:55:10.323Z",
        "value": "2.985995163178188",
        "cumulative": false
    },
    {
        "date": "2021-02-19T19:56:21.320Z",
        "value": "3.1373363054953978",
        "cumulative": false
    },
    {
        "date": "2021-02-19T19:57:33.114Z",
        "value": "3.0655410177206277",
        "cumulative": false
    },
    {
        "date": "2021-02-19T19:58:43.653Z",
        "value": "2.914870423603273",
        "cumulative": false
    },
    {
        "date": "2021-02-19T19:59:52.409Z",
        "value": "3.0958230307126544",
        "cumulative": false
    },
    {
        "date": "2021-02-19T20:01:04.454Z",
        "value": "3.1679026061742843",
        "cumulative": false
    },
    {
        "date": "2021-02-19T20:02:16.364Z",
        "value": "3.029597667040746",
        "cumulative": false
    },
    {
        "date": "2021-02-19T20:03:24.867Z",
        "value": "2.9778906678787047",
        "cumulative": false
    },
    {
        "date": "2021-02-19T20:04:35.231Z",
        "value": "2.8976670293287103",
        "cumulative": false
    },
    {
        "date": "2021-02-19T20:05:45.867Z",
        "value": "2.96670234353993",
        "cumulative": false
    },
    {
        "date": "2021-02-19T20:06:54.410Z",
        "value": "3.109171021584717",
        "cumulative": false
    },
    {
        "date": "2021-02-19T20:08:03.117Z",
        "value": "3.114530708718245",
        "cumulative": false
    },
    {
        "date": "2021-02-19T20:09:13.818Z",
        "value": "3.001273800671002",
        "cumulative": false
    },
    {
        "date": "2021-02-19T20:10:21.995Z",
        "value": "3.186488785282258",
        "cumulative": false
    },
    {
        "date": "2021-02-19T20:11:31.441Z",
        "value": "3.188638770249717",
        "cumulative": false
    },
    {
        "date": "2021-02-19T20:12:40.600Z",
        "value": "3.029193680843707",
        "cumulative": false
    },
    {
        "date": "2021-02-19T20:13:51.429Z",
        "value": "3.3155088217483852",
        "cumulative": false
    },
    {
        "date": "2021-02-19T20:15:00.968Z",
        "value": "3.1008080798265616",
        "cumulative": false
    },
    {
        "date": "2021-02-19T20:16:10.154Z",
        "value": "3.0706955460146825",
        "cumulative": false
    },
    {
        "date": "2021-02-19T20:17:20.558Z",
        "value": "3.1989501138696435",
        "cumulative": false
    },
    {
        "date": "2021-02-19T20:18:31.139Z",
        "value": "3.0760799259334415",
        "cumulative": false
    },
    {
        "date": "2021-02-19T20:19:41.971Z",
        "value": "3.082170945089405",
        "cumulative": false
    },
    {
        "date": "2021-02-19T20:20:55.504Z",
        "value": "3.1766546602093153",
        "cumulative": false
    },
    {
        "date": "2021-02-19T20:22:05.122Z",
        "value": "3.102444641294102",
        "cumulative": false
    },
    {
        "date": "2021-02-19T20:23:16.259Z",
        "value": "3.1769684751992306",
        "cumulative": false
    },
    {
        "date": "2021-02-19T20:24:27.019Z",
        "value": "2.97885463293504",
        "cumulative": false
    },
    {
        "date": "2021-02-19T20:25:36.370Z",
        "value": "3.023532959594557",
        "cumulative": false
    },
    {
        "date": "2021-02-19T20:26:46.628Z",
        "value": "3.0489484137842964",
        "cumulative": false
    },
    {
        "date": "2021-02-19T20:27:58.456Z",
        "value": "3.1380002217521836",
        "cumulative": false
    },
    {
        "date": "2021-02-19T20:29:08.895Z",
        "value": "3.0660430917181523",
        "cumulative": false
    },
    {
        "date": "2021-02-19T20:30:18.107Z",
        "value": "3.041246840915137",
        "cumulative": false
    },
    {
        "date": "2021-02-19T20:31:30.387Z",
        "value": "3.140011073156381",
        "cumulative": false
    },
    {
        "date": "2021-02-19T20:32:43.968Z",
        "value": "3.2044563096620227",
        "cumulative": false
    },
    {
        "date": "2021-02-19T20:33:55.257Z",
        "value": "3.101533523537803",
        "cumulative": false
    },
    {
        "date": "2021-02-19T20:35:06.453Z",
        "value": "3.0692849544200755",
        "cumulative": false
    },
    {
        "date": "2021-02-19T20:36:17.493Z",
        "value": "2.952718234366334",
        "cumulative": false
    },
    {
        "date": "2021-02-19T20:37:26.869Z",
        "value": "2.972568429631295",
        "cumulative": false
    },
    {
        "date": "2021-02-19T20:38:37.771Z",
        "value": "3.1203908771516944",
        "cumulative": false
    },
    {
        "date": "2021-02-19T20:39:47.840Z",
        "value": "3.2697533026421137",
        "cumulative": false
    },
    {
        "date": "2021-02-19T20:40:33.651Z",
        "value": "3.05441951751709",
        "cumulative": false
    },
    {
        "date": "2021-02-19T20:40:55.590Z",
        "value": "2.7349993340436867",
        "cumulative": false
    },
    {
        "date": "2021-02-19T20:42:07.593Z",
        "value": "3.079037766959799",
        "cumulative": false
    },
    {
        "date": "2021-02-19T20:43:20.432Z",
        "value": "2.996709221797355",
        "cumulative": false
    },
    {
        "date": "2021-02-19T20:44:29.997Z",
        "value": "3.0405448018505585",
        "cumulative": false
    },
    {
        "date": "2021-02-19T20:45:40.392Z",
        "value": "2.9900918539901613",
        "cumulative": false
    },
    {
        "date": "2021-02-19T20:46:49.914Z",
        "value": "3.199331015845522",
        "cumulative": false
    },
    {
        "date": "2021-02-19T20:48:00.366Z",
        "value": "2.945898329711645",
        "cumulative": false
    },
    {
        "date": "2021-02-19T20:49:12.744Z",
        "value": "3.0489628766851706",
        "cumulative": false
    },
    {
        "date": "2021-02-19T20:50:23.662Z",
        "value": "3.0388814461331406",
        "cumulative": false
    },
    {
        "date": "2021-02-19T20:51:35.360Z",
        "value": "3.0541959436060075",
        "cumulative": false
    },
    {
        "date": "2021-02-19T20:52:46.075Z",
        "value": "3.040525392186251",
        "cumulative": false
    },
    {
        "date": "2021-02-19T20:53:54.303Z",
        "value": "3.0485996585291475",
        "cumulative": false
    },
    {
        "date": "2021-02-19T20:55:05.572Z",
        "value": "2.9195794439935066",
        "cumulative": false
    },
    {
        "date": "2021-02-19T20:56:14.810Z",
        "value": "3.2064820752066416",
        "cumulative": false
    },
    {
        "date": "2021-02-19T20:57:26.408Z",
        "value": "2.984287376056567",
        "cumulative": false
    },
    {
        "date": "2021-02-19T20:58:38.826Z",
        "value": "3.088693820224719",
        "cumulative": false
    },
    {
        "date": "2021-02-19T20:59:46.331Z",
        "value": "2.933472755475635",
        "cumulative": false
    },
    {
        "date": "2021-02-19T21:00:55.999Z",
        "value": "3.028751209174974",
        "cumulative": false
    },
    {
        "date": "2021-02-19T21:02:05.487Z",
        "value": "3.2138731820242747",
        "cumulative": false
    },
    {
        "date": "2021-02-19T21:03:13.941Z",
        "value": "2.977446960697185",
        "cumulative": false
    },
    {
        "date": "2021-02-19T21:04:24.467Z",
        "value": "2.814257650951199",
        "cumulative": false
    },
    {
        "date": "2021-02-19T21:05:34.910Z",
        "value": "3.0763093558722265",
        "cumulative": false
    },
    {
        "date": "2021-02-19T21:06:44.126Z",
        "value": "3.0503961040635312",
        "cumulative": false
    },
    {
        "date": "2021-02-19T21:07:57.010Z",
        "value": "3.1296514048327664",
        "cumulative": false
    }
]