[
    {
        "date": "2021-02-19T16:05:50.130Z",
        "value": "251.34873938560486",
        "cumulative": false
    },
    {
        "date": "2021-02-19T17:37:42.947Z",
        "value": "250.59769010543823",
        "cumulative": false
    },
    {
        "date": "2021-02-19T19:09:17.318Z",
        "value": "251.74283003807068",
        "cumulative": false
    },
    {
        "date": "2021-02-19T20:40:52.702Z",
        "value": "251.66719222068787",
        "cumulative": false
    },
    {
        "date": "2021-02-19T21:08:46.637Z",
        "value": "75.72938895225525",
        "cumulative": false
    }
]