[
    {
        "date": "2021-02-19T16:05:50.326Z",
        "value": "612.7077577114105",
        "cumulative": false
    },
    {
        "date": "2021-02-19T17:37:42.520Z",
        "value": "615.3624911308289",
        "cumulative": false
    },
    {
        "date": "2021-02-19T19:09:17.530Z",
        "value": "615.9734284877777",
        "cumulative": false
    },
    {
        "date": "2021-02-19T20:40:52.600Z",
        "value": "617.6186301708221",
        "cumulative": false
    },
    {
        "date": "2021-02-19T21:08:46.151Z",
        "value": "184.96498441696167",
        "cumulative": false
    }
]