[
    {
        "date": "2021-02-19T16:05:50.011Z",
        "value": "288.67388248443604",
        "cumulative": false
    },
    {
        "date": "2021-02-19T17:37:42.128Z",
        "value": "287.75036120414734",
        "cumulative": false
    },
    {
        "date": "2021-02-19T19:09:17.019Z",
        "value": "289.60052275657654",
        "cumulative": false
    },
    {
        "date": "2021-02-19T20:40:52.128Z",
        "value": "289.76678800582886",
        "cumulative": false
    },
    {
        "date": "2021-02-19T21:08:45.669Z",
        "value": "87.19200849533081",
        "cumulative": false
    }
]