[
    {
        "date": "2021-02-19T16:05:50.130Z",
        "value": "5481.747927188873",
        "cumulative": false
    },
    {
        "date": "2021-02-19T17:37:42.947Z",
        "value": "5478.104536771774",
        "cumulative": false
    },
    {
        "date": "2021-02-19T19:09:17.318Z",
        "value": "5461.768203735352",
        "cumulative": false
    },
    {
        "date": "2021-02-19T20:40:52.702Z",
        "value": "5462.794188261032",
        "cumulative": false
    },
    {
        "date": "2021-02-19T21:08:46.637Z",
        "value": "1640.3704097270966",
        "cumulative": false
    }
]