[
    {
        "date": "2021-02-19T16:05:50.324Z",
        "value": "0.11549735069274902",
        "cumulative": false
    },
    {
        "date": "2021-02-19T17:37:42.191Z",
        "value": "0.10823488235473633",
        "cumulative": false
    },
    {
        "date": "2021-02-19T19:09:17.017Z",
        "value": "0.10671043395996094",
        "cumulative": false
    },
    {
        "date": "2021-02-19T20:40:51.996Z",
        "value": "0.11323904991149902",
        "cumulative": false
    },
    {
        "date": "2021-02-19T21:08:45.615Z",
        "value": "0.0349888801574707",
        "cumulative": false
    }
]