[
    {
        "date": "2021-02-19T16:05:50.136Z",
        "value": "595.6317362785339",
        "cumulative": false
    },
    {
        "date": "2021-02-19T17:37:42.880Z",
        "value": "597.6311209201813",
        "cumulative": false
    },
    {
        "date": "2021-02-19T19:09:17.595Z",
        "value": "598.3673756122589",
        "cumulative": false
    },
    {
        "date": "2021-02-19T20:40:52.739Z",
        "value": "598.1026895046234",
        "cumulative": false
    },
    {
        "date": "2021-02-19T21:08:46.225Z",
        "value": "179.93626499176025",
        "cumulative": false
    }
]