[
    {
        "date": "2021-02-19T16:05:49.935Z",
        "value": "43.912718296051025",
        "cumulative": false
    },
    {
        "date": "2021-02-19T17:37:42.183Z",
        "value": "41.86680507659912",
        "cumulative": false
    },
    {
        "date": "2021-02-19T19:09:16.877Z",
        "value": "40.53669095039368",
        "cumulative": false
    },
    {
        "date": "2021-02-19T20:40:52.066Z",
        "value": "40.51541876792908",
        "cumulative": false
    },
    {
        "date": "2021-02-19T21:08:45.684Z",
        "value": "12.18403935432434",
        "cumulative": false
    }
]