[
    {
        "date": "2021-02-19T16:05:51.993Z",
        "value": "260.3507091999054",
        "cumulative": false
    },
    {
        "date": "2021-02-19T17:37:40.841Z",
        "value": "260.4700074195862",
        "cumulative": false
    },
    {
        "date": "2021-02-19T19:09:15.528Z",
        "value": "262.1116840839386",
        "cumulative": false
    },
    {
        "date": "2021-02-19T20:40:50.663Z",
        "value": "259.24742364883423",
        "cumulative": false
    },
    {
        "date": "2021-02-19T21:08:44.220Z",
        "value": "77.7567048072815",
        "cumulative": false
    }
]