[
    {
        "date": "2021-02-19T16:05:50.085Z",
        "value": "106.035724401474",
        "cumulative": false
    },
    {
        "date": "2021-02-19T17:37:42.710Z",
        "value": "106.50571632385254",
        "cumulative": false
    },
    {
        "date": "2021-02-19T19:09:17.403Z",
        "value": "106.59907484054565",
        "cumulative": false
    },
    {
        "date": "2021-02-19T20:40:52.575Z",
        "value": "106.66306257247925",
        "cumulative": false
    },
    {
        "date": "2021-02-19T21:08:46.160Z",
        "value": "31.97673535346985",
        "cumulative": false
    }
]