[
    {
        "date": "2021-02-19T16:05:50.136Z",
        "value": "4413.836512327194",
        "cumulative": false
    },
    {
        "date": "2021-02-19T17:37:42.880Z",
        "value": "4414.6192462444305",
        "cumulative": false
    },
    {
        "date": "2021-02-19T19:09:17.595Z",
        "value": "4395.653531074524",
        "cumulative": false
    },
    {
        "date": "2021-02-19T20:40:52.739Z",
        "value": "4396.658758640289",
        "cumulative": false
    },
    {
        "date": "2021-02-19T21:08:46.225Z",
        "value": "1319.7291676998138",
        "cumulative": false
    }
]