[
    {
        "date": "2021-02-19T16:05:50.324Z",
        "value": "106.84329748153687",
        "cumulative": false
    },
    {
        "date": "2021-02-19T17:37:42.191Z",
        "value": "107.2805802822113",
        "cumulative": false
    },
    {
        "date": "2021-02-19T19:09:17.017Z",
        "value": "107.32835745811462",
        "cumulative": false
    },
    {
        "date": "2021-02-19T20:40:51.996Z",
        "value": "107.40510821342468",
        "cumulative": false
    },
    {
        "date": "2021-02-19T21:08:45.615Z",
        "value": "32.229578733444214",
        "cumulative": false
    }
]