[
    {
        "date": "2021-02-19T16:05:50.144Z",
        "value": "608.6356630325317",
        "cumulative": false
    },
    {
        "date": "2021-02-19T17:37:42.700Z",
        "value": "610.7503063678741",
        "cumulative": false
    },
    {
        "date": "2021-02-19T19:09:17.293Z",
        "value": "611.8023669719696",
        "cumulative": false
    },
    {
        "date": "2021-02-19T20:40:52.654Z",
        "value": "611.777713060379",
        "cumulative": false
    },
    {
        "date": "2021-02-19T21:08:46.570Z",
        "value": "183.1167323589325",
        "cumulative": false
    }
]