[
    {
        "date": "2021-02-19T16:05:49.935Z",
        "value": "4380.450693130493",
        "cumulative": false
    },
    {
        "date": "2021-02-19T17:37:42.183Z",
        "value": "4375.913756608963",
        "cumulative": false
    },
    {
        "date": "2021-02-19T19:09:16.877Z",
        "value": "4360.750075817108",
        "cumulative": false
    },
    {
        "date": "2021-02-19T20:40:52.067Z",
        "value": "4360.607604265213",
        "cumulative": false
    },
    {
        "date": "2021-02-19T21:08:45.684Z",
        "value": "1310.1333005428314",
        "cumulative": false
    }
]