[
    {
        "date": "2021-02-19T16:05:51.993Z",
        "value": "4408.80441570282",
        "cumulative": false
    },
    {
        "date": "2021-02-19T17:37:40.841Z",
        "value": "4405.789347887039",
        "cumulative": false
    },
    {
        "date": "2021-02-19T19:09:15.528Z",
        "value": "4390.378216981888",
        "cumulative": false
    },
    {
        "date": "2021-02-19T20:40:50.663Z",
        "value": "4392.015422105789",
        "cumulative": false
    },
    {
        "date": "2021-02-19T21:08:44.220Z",
        "value": "1321.1855163574219",
        "cumulative": false
    }
]