[
    {
        "date": "2021-02-19T16:05:50.144Z",
        "value": "106.35056400299072",
        "cumulative": false
    },
    {
        "date": "2021-02-19T17:37:42.700Z",
        "value": "106.83464407920837",
        "cumulative": false
    },
    {
        "date": "2021-02-19T19:09:17.293Z",
        "value": "106.9019627571106",
        "cumulative": false
    },
    {
        "date": "2021-02-19T20:40:52.654Z",
        "value": "106.94305086135864",
        "cumulative": false
    },
    {
        "date": "2021-02-19T21:08:46.570Z",
        "value": "32.07619524002075",
        "cumulative": false
    }
]