[
    {
        "date": "2021-02-19T14:34:15.085Z",
        "value": "9.090070456672906",
        "cumulative": false
    },
    {
        "date": "2021-02-19T14:35:28.631Z",
        "value": "9.06346229534005",
        "cumulative": false
    },
    {
        "date": "2021-02-19T14:36:40.141Z",
        "value": "8.35603461421165",
        "cumulative": false
    },
    {
        "date": "2021-02-19T14:37:49.075Z",
        "value": "7.895794916775457",
        "cumulative": false
    },
    {
        "date": "2021-02-19T14:38:59.305Z",
        "value": "7.844128112707221",
        "cumulative": false
    },
    {
        "date": "2021-02-19T14:40:11.619Z",
        "value": "7.64023106365098",
        "cumulative": false
    },
    {
        "date": "2021-02-19T14:41:22.110Z",
        "value": "7.4534479886920195",
        "cumulative": false
    },
    {
        "date": "2021-02-19T14:42:31.106Z",
        "value": "7.2275059154699735",
        "cumulative": false
    },
    {
        "date": "2021-02-19T14:43:40.421Z",
        "value": "6.937403390354493",
        "cumulative": false
    },
    {
        "date": "2021-02-19T14:44:50.773Z",
        "value": "6.49577004956787",
        "cumulative": false
    },
    {
        "date": "2021-02-19T14:46:04.616Z",
        "value": "6.232206186386769",
        "cumulative": false
    },
    {
        "date": "2021-02-19T14:47:16.077Z",
        "value": "5.981254432052604",
        "cumulative": false
    },
    {
        "date": "2021-02-19T14:48:27.006Z",
        "value": "5.672060278778201",
        "cumulative": false
    },
    {
        "date": "2021-02-19T14:49:40.201Z",
        "value": "5.2188979882120465",
        "cumulative": false
    },
    {
        "date": "2021-02-19T14:50:50.307Z",
        "value": "5.057708264531043",
        "cumulative": false
    },
    {
        "date": "2021-02-19T14:52:02.842Z",
        "value": "5.0421917447985685",
        "cumulative": false
    },
    {
        "date": "2021-02-19T14:53:10.148Z",
        "value": "4.782213452553304",
        "cumulative": false
    },
    {
        "date": "2021-02-19T14:54:21.912Z",
        "value": "4.742081954489628",
        "cumulative": false
    },
    {
        "date": "2021-02-19T14:55:32.307Z",
        "value": "4.616379604365621",
        "cumulative": false
    },
    {
        "date": "2021-02-19T14:56:43.795Z",
        "value": "4.333509364492855",
        "cumulative": false
    },
    {
        "date": "2021-02-19T14:57:52.678Z",
        "value": "4.338970224259642",
        "cumulative": false
    },
    {
        "date": "2021-02-19T14:59:06.551Z",
        "value": "4.134223032668569",
        "cumulative": false
    },
    {
        "date": "2021-02-19T15:00:15.868Z",
        "value": "4.068595908967759",
        "cumulative": false
    },
    {
        "date": "2021-02-19T15:01:26.498Z",
        "value": "4.1084002706824885",
        "cumulative": false
    },
    {
        "date": "2021-02-19T15:02:41.626Z",
        "value": "3.9953851977915953",
        "cumulative": false
    },
    {
        "date": "2021-02-19T15:03:50.269Z",
        "value": "3.959533062177835",
        "cumulative": false
    },
    {
        "date": "2021-02-19T15:05:01.677Z",
        "value": "3.9266156563431824",
        "cumulative": false
    },
    {
        "date": "2021-02-19T15:06:11.987Z",
        "value": "3.974046706147865",
        "cumulative": false
    },
    {
        "date": "2021-02-19T15:07:20.420Z",
        "value": "4.212201162357878",
        "cumulative": false
    },
    {
        "date": "2021-02-19T15:08:30.996Z",
        "value": "4.040687106412514",
        "cumulative": false
    },
    {
        "date": "2021-02-19T15:09:42.902Z",
        "value": "3.8654766660748106",
        "cumulative": false
    },
    {
        "date": "2021-02-19T15:10:53.094Z",
        "value": "3.9526638242767786",
        "cumulative": false
    },
    {
        "date": "2021-02-19T15:12:01.130Z",
        "value": "3.807739509652225",
        "cumulative": false
    },
    {
        "date": "2021-02-19T15:13:12.462Z",
        "value": "3.953043113504193",
        "cumulative": false
    },
    {
        "date": "2021-02-19T15:14:21.500Z",
        "value": "3.879776659228004",
        "cumulative": false
    },
    {
        "date": "2021-02-19T15:15:32.277Z",
        "value": "3.9155382823043183",
        "cumulative": false
    },
    {
        "date": "2021-02-19T15:16:43.335Z",
        "value": "3.990871809686495",
        "cumulative": false
    },
    {
        "date": "2021-02-19T15:17:53.917Z",
        "value": "3.794230627769316",
        "cumulative": false
    },
    {
        "date": "2021-02-19T15:19:04.034Z",
        "value": "3.7992043591116094",
        "cumulative": false
    },
    {
        "date": "2021-02-19T15:20:13.721Z",
        "value": "3.9199590087613507",
        "cumulative": false
    },
    {
        "date": "2021-02-19T15:21:25.322Z",
        "value": "3.642104694464473",
        "cumulative": false
    },
    {
        "date": "2021-02-19T15:22:36.946Z",
        "value": "3.8096932401404646",
        "cumulative": false
    },
    {
        "date": "2021-02-19T15:23:48.288Z",
        "value": "3.8013870754358052",
        "cumulative": false
    },
    {
        "date": "2021-02-19T15:24:58.488Z",
        "value": "3.88171416307568",
        "cumulative": false
    },
    {
        "date": "2021-02-19T15:26:08.936Z",
        "value": "3.7608114009427656",
        "cumulative": false
    },
    {
        "date": "2021-02-19T15:27:21.156Z",
        "value": "3.5471367233618656",
        "cumulative": false
    },
    {
        "date": "2021-02-19T15:28:33.330Z",
        "value": "3.616448778551211",
        "cumulative": false
    },
    {
        "date": "2021-02-19T15:29:45.049Z",
        "value": "3.6972324606517764",
        "cumulative": false
    },
    {
        "date": "2021-02-19T15:30:54.931Z",
        "value": "3.552854323580533",
        "cumulative": false
    },
    {
        "date": "2021-02-19T15:32:05.751Z",
        "value": "3.6756199403725627",
        "cumulative": false
    },
    {
        "date": "2021-02-19T15:33:15.465Z",
        "value": "3.710195773785561",
        "cumulative": false
    },
    {
        "date": "2021-02-19T15:34:25.860Z",
        "value": "3.615759843232616",
        "cumulative": false
    },
    {
        "date": "2021-02-19T15:35:37.207Z",
        "value": "3.594812647135757",
        "cumulative": false
    },
    {
        "date": "2021-02-19T15:36:45.501Z",
        "value": "3.8451295224440667",
        "cumulative": false
    },
    {
        "date": "2021-02-19T15:37:56.693Z",
        "value": "3.7190244443662412",
        "cumulative": false
    },
    {
        "date": "2021-02-19T15:39:06.978Z",
        "value": "3.58793483478173",
        "cumulative": false
    },
    {
        "date": "2021-02-19T15:40:18.673Z",
        "value": "3.688079414292731",
        "cumulative": false
    },
    {
        "date": "2021-02-19T15:41:30.256Z",
        "value": "3.5706446945811976",
        "cumulative": false
    },
    {
        "date": "2021-02-19T15:42:39.367Z",
        "value": "3.439817878280339",
        "cumulative": false
    },
    {
        "date": "2021-02-19T15:43:50.713Z",
        "value": "3.4184656989644973",
        "cumulative": false
    },
    {
        "date": "2021-02-19T15:45:01.777Z",
        "value": "3.6926993268280635",
        "cumulative": false
    },
    {
        "date": "2021-02-19T15:46:12.801Z",
        "value": "3.449542710566978",
        "cumulative": false
    },
    {
        "date": "2021-02-19T15:47:21.519Z",
        "value": "3.6324850362859467",
        "cumulative": false
    },
    {
        "date": "2021-02-19T15:48:30.982Z",
        "value": "3.47531648508778",
        "cumulative": false
    },
    {
        "date": "2021-02-19T15:49:41.813Z",
        "value": "3.5631689097457078",
        "cumulative": false
    },
    {
        "date": "2021-02-19T15:50:50.564Z",
        "value": "3.42969145483801",
        "cumulative": false
    },
    {
        "date": "2021-02-19T15:51:59.488Z",
        "value": "3.5286471544406113",
        "cumulative": false
    },
    {
        "date": "2021-02-19T15:53:09.926Z",
        "value": "3.568283179923731",
        "cumulative": false
    },
    {
        "date": "2021-02-19T15:54:20.967Z",
        "value": "3.4158231257502",
        "cumulative": false
    },
    {
        "date": "2021-02-19T15:55:31.217Z",
        "value": "3.271405990520343",
        "cumulative": false
    },
    {
        "date": "2021-02-19T15:56:44.446Z",
        "value": "3.4889507011429703",
        "cumulative": false
    },
    {
        "date": "2021-02-19T15:57:55.084Z",
        "value": "3.463074766095375",
        "cumulative": false
    },
    {
        "date": "2021-02-19T15:59:05.083Z",
        "value": "3.4826828414430673",
        "cumulative": false
    },
    {
        "date": "2021-02-19T16:00:14.609Z",
        "value": "3.4853483780570653",
        "cumulative": false
    },
    {
        "date": "2021-02-19T16:01:26.849Z",
        "value": "3.4086805677507725",
        "cumulative": false
    },
    {
        "date": "2021-02-19T16:02:35.518Z",
        "value": "3.296104950716846",
        "cumulative": false
    },
    {
        "date": "2021-02-19T16:03:46.235Z",
        "value": "3.4847338187909167",
        "cumulative": false
    },
    {
        "date": "2021-02-19T16:04:56.026Z",
        "value": "3.506074070494799",
        "cumulative": false
    },
    {
        "date": "2021-02-19T16:05:42.485Z",
        "value": "3.445197105407715",
        "cumulative": false
    },
    {
        "date": "2021-02-19T16:05:55.957Z",
        "value": "2.9801657617989057",
        "cumulative": false
    },
    {
        "date": "2021-02-19T16:07:08.840Z",
        "value": "3.3366230796861185",
        "cumulative": false
    },
    {
        "date": "2021-02-19T16:08:17.596Z",
        "value": "3.3943307433156993",
        "cumulative": false
    },
    {
        "date": "2021-02-19T16:09:28.896Z",
        "value": "3.297444218794732",
        "cumulative": false
    },
    {
        "date": "2021-02-19T16:10:40.271Z",
        "value": "3.506327526549443",
        "cumulative": false
    },
    {
        "date": "2021-02-19T16:11:53.239Z",
        "value": "3.249661197716192",
        "cumulative": false
    },
    {
        "date": "2021-02-19T16:13:03.939Z",
        "value": "3.355787592504396",
        "cumulative": false
    },
    {
        "date": "2021-02-19T16:14:12.766Z",
        "value": "3.2741203413077877",
        "cumulative": false
    },
    {
        "date": "2021-02-19T16:15:23.791Z",
        "value": "3.5133128836306295",
        "cumulative": false
    },
    {
        "date": "2021-02-19T16:16:35.901Z",
        "value": "3.3067677861536153",
        "cumulative": false
    },
    {
        "date": "2021-02-19T16:17:47.386Z",
        "value": "3.4568353582502023",
        "cumulative": false
    },
    {
        "date": "2021-02-19T16:18:57.205Z",
        "value": "3.4330159861358043",
        "cumulative": false
    },
    {
        "date": "2021-02-19T16:20:04.426Z",
        "value": "3.3579923628741315",
        "cumulative": false
    },
    {
        "date": "2021-02-19T16:21:12.105Z",
        "value": "3.4474143981933594",
        "cumulative": false
    },
    {
        "date": "2021-02-19T16:22:21.531Z",
        "value": "3.5558799591156873",
        "cumulative": false
    },
    {
        "date": "2021-02-19T16:23:31.769Z",
        "value": "3.31106358847381",
        "cumulative": false
    },
    {
        "date": "2021-02-19T16:24:41.624Z",
        "value": "3.40646737709205",
        "cumulative": false
    },
    {
        "date": "2021-02-19T16:25:50.066Z",
        "value": "3.3078409884198425",
        "cumulative": false
    },
    {
        "date": "2021-02-19T16:27:00.137Z",
        "value": "3.3249118693001587",
        "cumulative": false
    },
    {
        "date": "2021-02-19T16:28:10.961Z",
        "value": "3.4652247016211386",
        "cumulative": false
    },
    {
        "date": "2021-02-19T16:29:19.801Z",
        "value": "3.300698127579314",
        "cumulative": false
    },
    {
        "date": "2021-02-19T16:30:30.742Z",
        "value": "3.377425078373806",
        "cumulative": false
    },
    {
        "date": "2021-02-19T16:31:40.110Z",
        "value": "3.2969959441396424",
        "cumulative": false
    },
    {
        "date": "2021-02-19T16:32:50.762Z",
        "value": "3.3838402928784994",
        "cumulative": false
    },
    {
        "date": "2021-02-19T16:34:04.393Z",
        "value": "3.558983638368804",
        "cumulative": false
    },
    {
        "date": "2021-02-19T16:35:14.808Z",
        "value": "3.423358131437266",
        "cumulative": false
    },
    {
        "date": "2021-02-19T16:36:24.278Z",
        "value": "3.1811026668032203",
        "cumulative": false
    },
    {
        "date": "2021-02-19T16:37:35.641Z",
        "value": "3.4426814966411086",
        "cumulative": false
    },
    {
        "date": "2021-02-19T16:38:45.486Z",
        "value": "3.4167659691068515",
        "cumulative": false
    },
    {
        "date": "2021-02-19T16:39:56.563Z",
        "value": "3.4279042551500507",
        "cumulative": false
    },
    {
        "date": "2021-02-19T16:41:06.214Z",
        "value": "3.5049148215722856",
        "cumulative": false
    },
    {
        "date": "2021-02-19T16:42:20.395Z",
        "value": "3.512148769744836",
        "cumulative": false
    },
    {
        "date": "2021-02-19T16:43:31.606Z",
        "value": "3.1659867467274823",
        "cumulative": false
    },
    {
        "date": "2021-02-19T16:44:41.559Z",
        "value": "3.3801135388049453",
        "cumulative": false
    },
    {
        "date": "2021-02-19T16:45:51.918Z",
        "value": "3.414951970646438",
        "cumulative": false
    },
    {
        "date": "2021-02-19T16:47:01.729Z",
        "value": "3.4444898134144624",
        "cumulative": false
    },
    {
        "date": "2021-02-19T16:48:14.095Z",
        "value": "3.3413648973673244",
        "cumulative": false
    },
    {
        "date": "2021-02-19T16:49:26.093Z",
        "value": "3.292633868583714",
        "cumulative": false
    },
    {
        "date": "2021-02-19T16:50:37.562Z",
        "value": "3.469362107501998",
        "cumulative": false
    },
    {
        "date": "2021-02-19T16:51:48.427Z",
        "value": "3.370724797721268",
        "cumulative": false
    },
    {
        "date": "2021-02-19T16:52:59.051Z",
        "value": "3.360964552416286",
        "cumulative": false
    },
    {
        "date": "2021-02-19T16:54:08.474Z",
        "value": "3.302385128902168",
        "cumulative": false
    },
    {
        "date": "2021-02-19T16:55:19.880Z",
        "value": "3.400269234645265",
        "cumulative": false
    },
    {
        "date": "2021-02-19T16:56:31.588Z",
        "value": "3.1741464733403957",
        "cumulative": false
    },
    {
        "date": "2021-02-19T16:57:42.635Z",
        "value": "3.351988444596372",
        "cumulative": false
    },
    {
        "date": "2021-02-19T16:58:53.393Z",
        "value": "3.2708009468626345",
        "cumulative": false
    },
    {
        "date": "2021-02-19T17:00:03.744Z",
        "value": "3.3015268379585274",
        "cumulative": false
    },
    {
        "date": "2021-02-19T17:01:17.773Z",
        "value": "3.4690213884626115",
        "cumulative": false
    },
    {
        "date": "2021-02-19T17:02:27.432Z",
        "value": "3.322882107077804",
        "cumulative": false
    },
    {
        "date": "2021-02-19T17:03:38.067Z",
        "value": "3.4812743157885278",
        "cumulative": false
    },
    {
        "date": "2021-02-19T17:04:50.625Z",
        "value": "3.4114315807064455",
        "cumulative": false
    },
    {
        "date": "2021-02-19T17:05:58.824Z",
        "value": "3.443126106016731",
        "cumulative": false
    },
    {
        "date": "2021-02-19T17:07:09.320Z",
        "value": "3.2360289004924887",
        "cumulative": false
    },
    {
        "date": "2021-02-19T17:08:20.194Z",
        "value": "3.3300727338820977",
        "cumulative": false
    },
    {
        "date": "2021-02-19T17:09:28.710Z",
        "value": "3.321186388339921",
        "cumulative": false
    },
    {
        "date": "2021-02-19T17:10:39.261Z",
        "value": "3.4299788241780274",
        "cumulative": false
    },
    {
        "date": "2021-02-19T17:11:51.858Z",
        "value": "3.185588765795765",
        "cumulative": false
    },
    {
        "date": "2021-02-19T17:13:01.146Z",
        "value": "3.3013114950910643",
        "cumulative": false
    },
    {
        "date": "2021-02-19T17:14:10.916Z",
        "value": "3.3555705787449135",
        "cumulative": false
    },
    {
        "date": "2021-02-19T17:15:21.249Z",
        "value": "3.34700169488667",
        "cumulative": false
    },
    {
        "date": "2021-02-19T17:16:31.020Z",
        "value": "3.2352752986678883",
        "cumulative": false
    },
    {
        "date": "2021-02-19T17:17:41.387Z",
        "value": "3.407165051195464",
        "cumulative": false
    },
    {
        "date": "2021-02-19T17:18:51.218Z",
        "value": "3.2966529704716474",
        "cumulative": false
    },
    {
        "date": "2021-02-19T17:20:01.343Z",
        "value": "3.232378195667791",
        "cumulative": false
    },
    {
        "date": "2021-02-19T17:21:13.435Z",
        "value": "3.3521371456738382",
        "cumulative": false
    },
    {
        "date": "2021-02-19T17:22:23.422Z",
        "value": "3.2716992133110554",
        "cumulative": false
    },
    {
        "date": "2021-02-19T17:23:33.830Z",
        "value": "3.3534574777379054",
        "cumulative": false
    },
    {
        "date": "2021-02-19T17:24:43.688Z",
        "value": "3.301594396320172",
        "cumulative": false
    },
    {
        "date": "2021-02-19T17:25:53.987Z",
        "value": "3.3089468980627306",
        "cumulative": false
    },
    {
        "date": "2021-02-19T17:27:04.707Z",
        "value": "3.195741092090934",
        "cumulative": false
    },
    {
        "date": "2021-02-19T17:28:19.566Z",
        "value": "3.279530989872364",
        "cumulative": false
    },
    {
        "date": "2021-02-19T17:29:28.461Z",
        "value": "3.4201147392931754",
        "cumulative": false
    },
    {
        "date": "2021-02-19T17:30:39.842Z",
        "value": "3.3740516075721154",
        "cumulative": false
    },
    {
        "date": "2021-02-19T17:31:50.636Z",
        "value": "3.1926197028447514",
        "cumulative": false
    },
    {
        "date": "2021-02-19T17:33:02.304Z",
        "value": "3.2061260298107466",
        "cumulative": false
    },
    {
        "date": "2021-02-19T17:34:14.469Z",
        "value": "3.147411205150463",
        "cumulative": false
    },
    {
        "date": "2021-02-19T17:35:25.871Z",
        "value": "3.2765469697607816",
        "cumulative": false
    },
    {
        "date": "2021-02-19T17:36:38.586Z",
        "value": "3.376660946657829",
        "cumulative": false
    },
    {
        "date": "2021-02-19T17:37:23.871Z",
        "value": "3.240283250808716",
        "cumulative": false
    },
    {
        "date": "2021-02-19T17:37:46.089Z",
        "value": "2.8335945764280677",
        "cumulative": false
    },
    {
        "date": "2021-02-19T17:38:57.745Z",
        "value": "3.3493661697796937",
        "cumulative": false
    },
    {
        "date": "2021-02-19T17:40:08.578Z",
        "value": "3.050739034016927",
        "cumulative": false
    },
    {
        "date": "2021-02-19T17:41:19.799Z",
        "value": "3.158429320924871",
        "cumulative": false
    },
    {
        "date": "2021-02-19T17:42:29.860Z",
        "value": "2.940653001599477",
        "cumulative": false
    },
    {
        "date": "2021-02-19T17:43:40.759Z",
        "value": "3.3459845772938364",
        "cumulative": false
    },
    {
        "date": "2021-02-19T17:44:50.158Z",
        "value": "3.127362391867121",
        "cumulative": false
    },
    {
        "date": "2021-02-19T17:46:00.884Z",
        "value": "3.0997664022586715",
        "cumulative": false
    },
    {
        "date": "2021-02-19T17:47:08.955Z",
        "value": "3.283696833143346",
        "cumulative": false
    },
    {
        "date": "2021-02-19T17:48:22.916Z",
        "value": "3.1235050087858323",
        "cumulative": false
    },
    {
        "date": "2021-02-19T17:49:34.858Z",
        "value": "3.2820545350507886",
        "cumulative": false
    },
    {
        "date": "2021-02-19T17:50:45.779Z",
        "value": "3.3639999758749357",
        "cumulative": false
    },
    {
        "date": "2021-02-19T17:51:55.723Z",
        "value": "3.341554979042726",
        "cumulative": false
    },
    {
        "date": "2021-02-19T17:53:05.233Z",
        "value": "3.244523111979167",
        "cumulative": false
    },
    {
        "date": "2021-02-19T17:54:16.534Z",
        "value": "3.3186176964776295",
        "cumulative": false
    },
    {
        "date": "2021-02-19T17:55:26.563Z",
        "value": "3.193677899146964",
        "cumulative": false
    },
    {
        "date": "2021-02-19T17:56:37.346Z",
        "value": "3.3655973527626544",
        "cumulative": false
    },
    {
        "date": "2021-02-19T17:57:48.069Z",
        "value": "3.272191522696477",
        "cumulative": false
    },
    {
        "date": "2021-02-19T17:59:00.138Z",
        "value": "3.259759371664888",
        "cumulative": false
    },
    {
        "date": "2021-02-19T18:00:08.037Z",
        "value": "3.226430863048589",
        "cumulative": false
    },
    {
        "date": "2021-02-19T18:01:16.497Z",
        "value": "3.2219477005443715",
        "cumulative": false
    },
    {
        "date": "2021-02-19T18:02:27.245Z",
        "value": "3.122803508084846",
        "cumulative": false
    },
    {
        "date": "2021-02-19T18:03:35.146Z",
        "value": "3.331531021442819",
        "cumulative": false
    },
    {
        "date": "2021-02-19T18:04:45.631Z",
        "value": "3.325249474789916",
        "cumulative": false
    },
    {
        "date": "2021-02-19T18:05:57.473Z",
        "value": "3.1932028472032274",
        "cumulative": false
    },
    {
        "date": "2021-02-19T18:07:08.615Z",
        "value": "3.2356624531835205",
        "cumulative": false
    },
    {
        "date": "2021-02-19T18:08:20.478Z",
        "value": "3.3432029698141315",
        "cumulative": false
    },
    {
        "date": "2021-02-19T18:09:30.679Z",
        "value": "3.2519216826467803",
        "cumulative": false
    },
    {
        "date": "2021-02-19T18:10:39.277Z",
        "value": "3.22325966110995",
        "cumulative": false
    },
    {
        "date": "2021-02-19T18:11:48.417Z",
        "value": "3.2337588913795536",
        "cumulative": false
    },
    {
        "date": "2021-02-19T18:12:59.981Z",
        "value": "3.202941282359718",
        "cumulative": false
    },
    {
        "date": "2021-02-19T18:14:10.786Z",
        "value": "3.189752660982418",
        "cumulative": false
    },
    {
        "date": "2021-02-19T18:15:19.573Z",
        "value": "3.1070060788160907",
        "cumulative": false
    },
    {
        "date": "2021-02-19T18:16:29.190Z",
        "value": "3.3114839462377237",
        "cumulative": false
    },
    {
        "date": "2021-02-19T18:17:38.544Z",
        "value": "3.3880294685322885",
        "cumulative": false
    },
    {
        "date": "2021-02-19T18:18:50.338Z",
        "value": "3.229945967132913",
        "cumulative": false
    },
    {
        "date": "2021-02-19T18:20:01.810Z",
        "value": "3.372764059259139",
        "cumulative": false
    },
    {
        "date": "2021-02-19T18:21:10.918Z",
        "value": "3.1769850374870736",
        "cumulative": false
    },
    {
        "date": "2021-02-19T18:22:21.093Z",
        "value": "3.229482544368828",
        "cumulative": false
    },
    {
        "date": "2021-02-19T18:23:32.705Z",
        "value": "3.191405705802452",
        "cumulative": false
    },
    {
        "date": "2021-02-19T18:24:42.699Z",
        "value": "3.3685947601413755",
        "cumulative": false
    },
    {
        "date": "2021-02-19T18:25:52.854Z",
        "value": "3.0744026447164603",
        "cumulative": false
    },
    {
        "date": "2021-02-19T18:27:03.027Z",
        "value": "3.3597050465274267",
        "cumulative": false
    },
    {
        "date": "2021-02-19T18:28:15.311Z",
        "value": "3.074295399497179",
        "cumulative": false
    },
    {
        "date": "2021-02-19T18:29:26.844Z",
        "value": "3.1284386198729774",
        "cumulative": false
    },
    {
        "date": "2021-02-19T18:30:38.426Z",
        "value": "3.3685003516472345",
        "cumulative": false
    },
    {
        "date": "2021-02-19T18:31:48.468Z",
        "value": "3.085694992422659",
        "cumulative": false
    },
    {
        "date": "2021-02-19T18:33:04.006Z",
        "value": "3.3070569868654656",
        "cumulative": false
    },
    {
        "date": "2021-02-19T18:34:13.678Z",
        "value": "3.2817576355464326",
        "cumulative": false
    },
    {
        "date": "2021-02-19T18:35:26.227Z",
        "value": "3.2527033215671843",
        "cumulative": false
    },
    {
        "date": "2021-02-19T18:36:35.494Z",
        "value": "3.0405474819032485",
        "cumulative": false
    },
    {
        "date": "2021-02-19T18:37:45.500Z",
        "value": "3.301974307216906",
        "cumulative": false
    },
    {
        "date": "2021-02-19T18:38:55.879Z",
        "value": "3.1950105384046745",
        "cumulative": false
    },
    {
        "date": "2021-02-19T18:40:06.568Z",
        "value": "3.125876644495749",
        "cumulative": false
    },
    {
        "date": "2021-02-19T18:41:15.648Z",
        "value": "3.1460222540454175",
        "cumulative": false
    },
    {
        "date": "2021-02-19T18:42:24.941Z",
        "value": "3.151587736107309",
        "cumulative": false
    },
    {
        "date": "2021-02-19T18:43:35.121Z",
        "value": "3.3524852566875167",
        "cumulative": false
    },
    {
        "date": "2021-02-19T18:44:46.412Z",
        "value": "3.3250841294450817",
        "cumulative": false
    },
    {
        "date": "2021-02-19T18:45:54.196Z",
        "value": "3.247299203080229",
        "cumulative": false
    },
    {
        "date": "2021-02-19T18:47:03.683Z",
        "value": "3.173661630767727",
        "cumulative": false
    },
    {
        "date": "2021-02-19T18:48:15.121Z",
        "value": "3.209825144845498",
        "cumulative": false
    },
    {
        "date": "2021-02-19T18:49:25.135Z",
        "value": "3.2165482954545452",
        "cumulative": false
    },
    {
        "date": "2021-02-19T18:50:36.562Z",
        "value": "3.073126896978789",
        "cumulative": false
    },
    {
        "date": "2021-02-19T18:51:48.546Z",
        "value": "3.3564108860898942",
        "cumulative": false
    },
    {
        "date": "2021-02-19T18:52:55.633Z",
        "value": "3.1578748552846636",
        "cumulative": false
    },
    {
        "date": "2021-02-19T18:54:05.343Z",
        "value": "3.214844719052344",
        "cumulative": false
    },
    {
        "date": "2021-02-19T18:55:14.343Z",
        "value": "3.1284182216144485",
        "cumulative": false
    },
    {
        "date": "2021-02-19T18:56:29.058Z",
        "value": "3.2528609588366595",
        "cumulative": false
    },
    {
        "date": "2021-02-19T18:57:39.743Z",
        "value": "3.2576333092233685",
        "cumulative": false
    },
    {
        "date": "2021-02-19T18:58:47.278Z",
        "value": "3.1833483915561827",
        "cumulative": false
    },
    {
        "date": "2021-02-19T19:00:01.905Z",
        "value": "3.249816459760274",
        "cumulative": false
    },
    {
        "date": "2021-02-19T19:01:11.149Z",
        "value": "3.197560633703803",
        "cumulative": false
    },
    {
        "date": "2021-02-19T19:02:19.464Z",
        "value": "3.4619984382988243",
        "cumulative": false
    },
    {
        "date": "2021-02-19T19:03:29.532Z",
        "value": "3.2436301656738644",
        "cumulative": false
    },
    {
        "date": "2021-02-19T19:04:37.861Z",
        "value": "3.217894615050585",
        "cumulative": false
    },
    {
        "date": "2021-02-19T19:05:48.139Z",
        "value": "3.1512338481205084",
        "cumulative": false
    },
    {
        "date": "2021-02-19T19:06:59.357Z",
        "value": "3.0754494264129826",
        "cumulative": false
    },
    {
        "date": "2021-02-19T19:08:11.872Z",
        "value": "3.288472773755974",
        "cumulative": false
    },
    {
        "date": "2021-02-19T19:08:58.559Z",
        "value": "3.151982307434082",
        "cumulative": false
    },
    {
        "date": "2021-02-19T19:09:20.576Z",
        "value": "3.0743675745490036",
        "cumulative": false
    },
    {
        "date": "2021-02-19T19:10:31.968Z",
        "value": "3.151825469771242",
        "cumulative": false
    },
    {
        "date": "2021-02-19T19:11:42.935Z",
        "value": "3.175537043515646",
        "cumulative": false
    },
    {
        "date": "2021-02-19T19:12:52.172Z",
        "value": "3.056056495456711",
        "cumulative": false
    },
    {
        "date": "2021-02-19T19:14:01.776Z",
        "value": "3.0352313120647407",
        "cumulative": false
    },
    {
        "date": "2021-02-19T19:15:12.844Z",
        "value": "3.2854693666643984",
        "cumulative": false
    },
    {
        "date": "2021-02-19T19:16:24.090Z",
        "value": "3.2678268720518866",
        "cumulative": false
    },
    {
        "date": "2021-02-19T19:17:35.196Z",
        "value": "3.1839962747604407",
        "cumulative": false
    },
    {
        "date": "2021-02-19T19:18:45.212Z",
        "value": "3.0122420556434597",
        "cumulative": false
    },
    {
        "date": "2021-02-19T19:19:53.512Z",
        "value": "2.9119333060881156",
        "cumulative": false
    },
    {
        "date": "2021-02-19T19:21:03.451Z",
        "value": "3.373385024609149",
        "cumulative": false
    },
    {
        "date": "2021-02-19T19:22:15.835Z",
        "value": "3.175531698174707",
        "cumulative": false
    },
    {
        "date": "2021-02-19T19:23:27.746Z",
        "value": "3.127669615780117",
        "cumulative": false
    },
    {
        "date": "2021-02-19T19:24:38.718Z",
        "value": "3.0564238666470414",
        "cumulative": false
    },
    {
        "date": "2021-02-19T19:25:47.415Z",
        "value": "3.1659259542243956",
        "cumulative": false
    },
    {
        "date": "2021-02-19T19:26:59.578Z",
        "value": "3.2019878662846555",
        "cumulative": false
    },
    {
        "date": "2021-02-19T19:28:09.630Z",
        "value": "2.971681006109911",
        "cumulative": false
    },
    {
        "date": "2021-02-19T19:29:18.171Z",
        "value": "3.1262722142571353",
        "cumulative": false
    },
    {
        "date": "2021-02-19T19:30:29.020Z",
        "value": "3.0625897231053725",
        "cumulative": false
    },
    {
        "date": "2021-02-19T19:31:40.380Z",
        "value": "3.099774369720169",
        "cumulative": false
    },
    {
        "date": "2021-02-19T19:32:48.462Z",
        "value": "3.064123201666892",
        "cumulative": false
    },
    {
        "date": "2021-02-19T19:33:58.225Z",
        "value": "3.2739063388794083",
        "cumulative": false
    },
    {
        "date": "2021-02-19T19:35:08.776Z",
        "value": "3.3072261794270106",
        "cumulative": false
    },
    {
        "date": "2021-02-19T19:36:20.758Z",
        "value": "3.207567372569711",
        "cumulative": false
    },
    {
        "date": "2021-02-19T19:37:34.148Z",
        "value": "3.1219691325708765",
        "cumulative": false
    },
    {
        "date": "2021-02-19T19:38:43.639Z",
        "value": "3.1447162316532817",
        "cumulative": false
    },
    {
        "date": "2021-02-19T19:39:52.034Z",
        "value": "3.1129168444254836",
        "cumulative": false
    },
    {
        "date": "2021-02-19T19:41:04.750Z",
        "value": "3.0248620882977266",
        "cumulative": false
    },
    {
        "date": "2021-02-19T19:42:14.665Z",
        "value": "3.0850519548382676",
        "cumulative": false
    },
    {
        "date": "2021-02-19T19:43:26.429Z",
        "value": "3.2552569429879754",
        "cumulative": false
    },
    {
        "date": "2021-02-19T19:44:37.127Z",
        "value": "2.8641499831464663",
        "cumulative": false
    },
    {
        "date": "2021-02-19T19:45:47.059Z",
        "value": "3.057828231936036",
        "cumulative": false
    },
    {
        "date": "2021-02-19T19:46:55.345Z",
        "value": "3.2370352281058383",
        "cumulative": false
    },
    {
        "date": "2021-02-19T19:48:05.123Z",
        "value": "3.0527520430715462",
        "cumulative": false
    },
    {
        "date": "2021-02-19T19:49:15.671Z",
        "value": "3.127921685151173",
        "cumulative": false
    },
    {
        "date": "2021-02-19T19:50:25.952Z",
        "value": "3.112572561031571",
        "cumulative": false
    },
    {
        "date": "2021-02-19T19:51:37.657Z",
        "value": "3.2225128668889194",
        "cumulative": false
    },
    {
        "date": "2021-02-19T19:52:49.714Z",
        "value": "3.0337659447594025",
        "cumulative": false
    },
    {
        "date": "2021-02-19T19:54:00.381Z",
        "value": "3.1602639286471588",
        "cumulative": false
    },
    {
        "date": "2021-02-19T19:55:10.344Z",
        "value": "3.1926041981432984",
        "cumulative": false
    },
    {
        "date": "2021-02-19T19:56:21.314Z",
        "value": "2.9740849786643184",
        "cumulative": false
    },
    {
        "date": "2021-02-19T19:57:33.099Z",
        "value": "3.1475779461332993",
        "cumulative": false
    },
    {
        "date": "2021-02-19T19:58:43.638Z",
        "value": "2.972963497145318",
        "cumulative": false
    },
    {
        "date": "2021-02-19T19:59:52.418Z",
        "value": "2.894756342427333",
        "cumulative": false
    },
    {
        "date": "2021-02-19T20:01:04.458Z",
        "value": "3.2233269705079763",
        "cumulative": false
    },
    {
        "date": "2021-02-19T20:02:16.264Z",
        "value": "3.042993561861364",
        "cumulative": false
    },
    {
        "date": "2021-02-19T20:03:24.862Z",
        "value": "3.149182553088803",
        "cumulative": false
    },
    {
        "date": "2021-02-19T20:04:35.212Z",
        "value": "3.10845703125",
        "cumulative": false
    },
    {
        "date": "2021-02-19T20:05:45.877Z",
        "value": "3.0616525809190462",
        "cumulative": false
    },
    {
        "date": "2021-02-19T20:06:54.414Z",
        "value": "2.908196597175802",
        "cumulative": false
    },
    {
        "date": "2021-02-19T20:08:03.116Z",
        "value": "3.0746586931278816",
        "cumulative": false
    },
    {
        "date": "2021-02-19T20:09:13.818Z",
        "value": "3.2173176214118824",
        "cumulative": false
    },
    {
        "date": "2021-02-19T20:10:22.008Z",
        "value": "2.8681081605229246",
        "cumulative": false
    },
    {
        "date": "2021-02-19T20:11:31.429Z",
        "value": "2.959381112525834",
        "cumulative": false
    },
    {
        "date": "2021-02-19T20:12:40.606Z",
        "value": "3.137801589262187",
        "cumulative": false
    },
    {
        "date": "2021-02-19T20:13:51.435Z",
        "value": "3.110000056694485",
        "cumulative": false
    },
    {
        "date": "2021-02-19T20:15:00.976Z",
        "value": "3.0715243190232724",
        "cumulative": false
    },
    {
        "date": "2021-02-19T20:16:10.152Z",
        "value": "3.1874272877492427",
        "cumulative": false
    },
    {
        "date": "2021-02-19T20:17:20.519Z",
        "value": "3.024570892744535",
        "cumulative": false
    },
    {
        "date": "2021-02-19T20:18:31.149Z",
        "value": "2.892727938565341",
        "cumulative": false
    },
    {
        "date": "2021-02-19T20:19:42.160Z",
        "value": "3.069335414154609",
        "cumulative": false
    },
    {
        "date": "2021-02-19T20:20:55.523Z",
        "value": "3.1112771600638762",
        "cumulative": false
    },
    {
        "date": "2021-02-19T20:22:05.128Z",
        "value": "3.144874366554054",
        "cumulative": false
    },
    {
        "date": "2021-02-19T20:23:16.244Z",
        "value": "3.088957505419075",
        "cumulative": false
    },
    {
        "date": "2021-02-19T20:24:27.011Z",
        "value": "3.052122443969501",
        "cumulative": false
    },
    {
        "date": "2021-02-19T20:25:36.543Z",
        "value": "3.0991349407404756",
        "cumulative": false
    },
    {
        "date": "2021-02-19T20:26:46.598Z",
        "value": "3.1626857198570852",
        "cumulative": false
    },
    {
        "date": "2021-02-19T20:27:58.455Z",
        "value": "2.9705610262250888",
        "cumulative": false
    },
    {
        "date": "2021-02-19T20:29:08.898Z",
        "value": "3.01537501290256",
        "cumulative": false
    },
    {
        "date": "2021-02-19T20:30:18.111Z",
        "value": "2.987857336769167",
        "cumulative": false
    },
    {
        "date": "2021-02-19T20:31:30.392Z",
        "value": "3.0681223971282945",
        "cumulative": false
    },
    {
        "date": "2021-02-19T20:32:43.971Z",
        "value": "2.9794944907134435",
        "cumulative": false
    },
    {
        "date": "2021-02-19T20:33:55.055Z",
        "value": "3.1281896203206716",
        "cumulative": false
    },
    {
        "date": "2021-02-19T20:35:06.461Z",
        "value": "3.1245468256894897",
        "cumulative": false
    },
    {
        "date": "2021-02-19T20:36:17.470Z",
        "value": "2.9753566142583665",
        "cumulative": false
    },
    {
        "date": "2021-02-19T20:37:26.880Z",
        "value": "3.0936913401543995",
        "cumulative": false
    },
    {
        "date": "2021-02-19T20:38:37.753Z",
        "value": "3.1150890436230094",
        "cumulative": false
    },
    {
        "date": "2021-02-19T20:39:47.845Z",
        "value": "3.0748861035586454",
        "cumulative": false
    },
    {
        "date": "2021-02-19T20:40:33.651Z",
        "value": "3.05441951751709",
        "cumulative": false
    },
    {
        "date": "2021-02-19T20:40:55.610Z",
        "value": "2.7711338003367234",
        "cumulative": false
    },
    {
        "date": "2021-02-19T20:42:07.599Z",
        "value": "3.0955556314586645",
        "cumulative": false
    },
    {
        "date": "2021-02-19T20:43:20.439Z",
        "value": "3.0092899053423237",
        "cumulative": false
    },
    {
        "date": "2021-02-19T20:44:30.006Z",
        "value": "3.1281712780030237",
        "cumulative": false
    },
    {
        "date": "2021-02-19T20:45:40.398Z",
        "value": "3.1577101841097437",
        "cumulative": false
    },
    {
        "date": "2021-02-19T20:46:49.921Z",
        "value": "2.8736867294460744",
        "cumulative": false
    },
    {
        "date": "2021-02-19T20:48:00.340Z",
        "value": "3.0195222813073994",
        "cumulative": false
    },
    {
        "date": "2021-02-19T20:49:12.709Z",
        "value": "2.9636306288819876",
        "cumulative": false
    },
    {
        "date": "2021-02-19T20:50:23.651Z",
        "value": "2.8424370259781684",
        "cumulative": false
    },
    {
        "date": "2021-02-19T20:51:35.369Z",
        "value": "2.9299917443492656",
        "cumulative": false
    },
    {
        "date": "2021-02-19T20:52:46.084Z",
        "value": "3.1160746425462094",
        "cumulative": false
    },
    {
        "date": "2021-02-19T20:53:54.296Z",
        "value": "2.9264513823621554",
        "cumulative": false
    },
    {
        "date": "2021-02-19T20:55:05.566Z",
        "value": "2.9059986131920663",
        "cumulative": false
    },
    {
        "date": "2021-02-19T20:56:14.816Z",
        "value": "2.916085105917367",
        "cumulative": false
    },
    {
        "date": "2021-02-19T20:57:26.417Z",
        "value": "3.0080358213942966",
        "cumulative": false
    },
    {
        "date": "2021-02-19T20:58:38.871Z",
        "value": "3.0078050921233324",
        "cumulative": false
    },
    {
        "date": "2021-02-19T20:59:46.328Z",
        "value": "3.051713213154414",
        "cumulative": false
    },
    {
        "date": "2021-02-19T21:00:56.191Z",
        "value": "3.0601124010587992",
        "cumulative": false
    },
    {
        "date": "2021-02-19T21:02:05.618Z",
        "value": "3.0598575828928",
        "cumulative": false
    },
    {
        "date": "2021-02-19T21:03:13.913Z",
        "value": "2.8761553814508103",
        "cumulative": false
    },
    {
        "date": "2021-02-19T21:04:24.480Z",
        "value": "3.0344872954222013",
        "cumulative": false
    },
    {
        "date": "2021-02-19T21:05:34.939Z",
        "value": "2.9776528523317833",
        "cumulative": false
    },
    {
        "date": "2021-02-19T21:06:44.133Z",
        "value": "2.979507280792435",
        "cumulative": false
    },
    {
        "date": "2021-02-19T21:07:57.007Z",
        "value": "2.984697015224359",
        "cumulative": false
    }
]