[
    {
        "date": "2021-02-19T14:34:14.981Z",
        "value": "9.279156553398058",
        "cumulative": false
    },
    {
        "date": "2021-02-19T14:35:28.669Z",
        "value": "9.03909632034632",
        "cumulative": false
    },
    {
        "date": "2021-02-19T14:36:40.163Z",
        "value": "8.331151478142626",
        "cumulative": false
    },
    {
        "date": "2021-02-19T14:37:49.056Z",
        "value": "8.07533452404743",
        "cumulative": false
    },
    {
        "date": "2021-02-19T14:38:59.284Z",
        "value": "7.870524299553443",
        "cumulative": false
    },
    {
        "date": "2021-02-19T14:40:11.611Z",
        "value": "7.643621795973062",
        "cumulative": false
    },
    {
        "date": "2021-02-19T14:41:22.103Z",
        "value": "7.548148473976929",
        "cumulative": false
    },
    {
        "date": "2021-02-19T14:42:31.115Z",
        "value": "7.337902384373289",
        "cumulative": false
    },
    {
        "date": "2021-02-19T14:43:40.411Z",
        "value": "6.898932905443322",
        "cumulative": false
    },
    {
        "date": "2021-02-19T14:44:50.779Z",
        "value": "6.408450946834993",
        "cumulative": false
    },
    {
        "date": "2021-02-19T14:46:04.606Z",
        "value": "6.110289342357123",
        "cumulative": false
    },
    {
        "date": "2021-02-19T14:47:15.895Z",
        "value": "5.867329983866442",
        "cumulative": false
    },
    {
        "date": "2021-02-19T14:48:27.024Z",
        "value": "5.628193161294804",
        "cumulative": false
    },
    {
        "date": "2021-02-19T14:49:40.226Z",
        "value": "5.456693138017311",
        "cumulative": false
    },
    {
        "date": "2021-02-19T14:50:50.314Z",
        "value": "5.0155931186446345",
        "cumulative": false
    },
    {
        "date": "2021-02-19T14:52:02.836Z",
        "value": "4.973929405987537",
        "cumulative": false
    },
    {
        "date": "2021-02-19T14:53:09.937Z",
        "value": "4.666595776214917",
        "cumulative": false
    },
    {
        "date": "2021-02-19T14:54:21.897Z",
        "value": "4.831549992507991",
        "cumulative": false
    },
    {
        "date": "2021-02-19T14:55:32.313Z",
        "value": "4.55949917919036",
        "cumulative": false
    },
    {
        "date": "2021-02-19T14:56:43.795Z",
        "value": "4.147023292824074",
        "cumulative": false
    },
    {
        "date": "2021-02-19T14:57:52.685Z",
        "value": "4.1859573183119",
        "cumulative": false
    },
    {
        "date": "2021-02-19T14:59:06.548Z",
        "value": "4.196838957854268",
        "cumulative": false
    },
    {
        "date": "2021-02-19T15:00:15.885Z",
        "value": "4.083563797203805",
        "cumulative": false
    },
    {
        "date": "2021-02-19T15:01:26.493Z",
        "value": "4.129217459220106",
        "cumulative": false
    },
    {
        "date": "2021-02-19T15:02:41.660Z",
        "value": "4.148031245566118",
        "cumulative": false
    },
    {
        "date": "2021-02-19T15:03:50.297Z",
        "value": "3.97245971745994",
        "cumulative": false
    },
    {
        "date": "2021-02-19T15:05:01.688Z",
        "value": "3.9774488800833097",
        "cumulative": false
    },
    {
        "date": "2021-02-19T15:06:11.991Z",
        "value": "3.963163014846743",
        "cumulative": false
    },
    {
        "date": "2021-02-19T15:07:20.417Z",
        "value": "4.201384032137009",
        "cumulative": false
    },
    {
        "date": "2021-02-19T15:08:31.004Z",
        "value": "3.934299236172242",
        "cumulative": false
    },
    {
        "date": "2021-02-19T15:09:42.915Z",
        "value": "3.6763872989835096",
        "cumulative": false
    },
    {
        "date": "2021-02-19T15:10:53.069Z",
        "value": "3.7978448686214774",
        "cumulative": false
    },
    {
        "date": "2021-02-19T15:12:01.118Z",
        "value": "3.785212732677964",
        "cumulative": false
    },
    {
        "date": "2021-02-19T15:13:12.419Z",
        "value": "3.800945032948648",
        "cumulative": false
    },
    {
        "date": "2021-02-19T15:14:21.497Z",
        "value": "3.967667119213861",
        "cumulative": false
    },
    {
        "date": "2021-02-19T15:15:32.294Z",
        "value": "3.8759153983053647",
        "cumulative": false
    },
    {
        "date": "2021-02-19T15:16:43.353Z",
        "value": "3.7974326911532654",
        "cumulative": false
    },
    {
        "date": "2021-02-19T15:17:53.905Z",
        "value": "3.7805829535590276",
        "cumulative": false
    },
    {
        "date": "2021-02-19T15:19:04.038Z",
        "value": "3.7054400260485796",
        "cumulative": false
    },
    {
        "date": "2021-02-19T15:20:13.693Z",
        "value": "3.8089714028356814",
        "cumulative": false
    },
    {
        "date": "2021-02-19T15:21:25.341Z",
        "value": "3.8427435238208187",
        "cumulative": false
    },
    {
        "date": "2021-02-19T15:22:36.959Z",
        "value": "3.511960799186179",
        "cumulative": false
    },
    {
        "date": "2021-02-19T15:23:48.319Z",
        "value": "3.5486468690814394",
        "cumulative": false
    },
    {
        "date": "2021-02-19T15:24:58.517Z",
        "value": "3.4988293229021465",
        "cumulative": false
    },
    {
        "date": "2021-02-19T15:26:08.943Z",
        "value": "3.7468971551847607",
        "cumulative": false
    },
    {
        "date": "2021-02-19T15:27:21.343Z",
        "value": "3.7913224837052963",
        "cumulative": false
    },
    {
        "date": "2021-02-19T15:28:33.310Z",
        "value": "3.563924913308572",
        "cumulative": false
    },
    {
        "date": "2021-02-19T15:29:45.049Z",
        "value": "3.69757509347211",
        "cumulative": false
    },
    {
        "date": "2021-02-19T15:30:54.952Z",
        "value": "3.8025133784162928",
        "cumulative": false
    },
    {
        "date": "2021-02-19T15:32:05.716Z",
        "value": "3.752648538484136",
        "cumulative": false
    },
    {
        "date": "2021-02-19T15:33:15.453Z",
        "value": "3.7651356348848504",
        "cumulative": false
    },
    {
        "date": "2021-02-19T15:34:25.866Z",
        "value": "3.701827329628522",
        "cumulative": false
    },
    {
        "date": "2021-02-19T15:35:37.191Z",
        "value": "3.5182287800623517",
        "cumulative": false
    },
    {
        "date": "2021-02-19T15:36:45.700Z",
        "value": "3.6172273485536612",
        "cumulative": false
    },
    {
        "date": "2021-02-19T15:37:56.681Z",
        "value": "3.6446161466370883",
        "cumulative": false
    },
    {
        "date": "2021-02-19T15:39:06.990Z",
        "value": "3.6017714313217586",
        "cumulative": false
    },
    {
        "date": "2021-02-19T15:40:18.689Z",
        "value": "3.5228242403912744",
        "cumulative": false
    },
    {
        "date": "2021-02-19T15:41:30.028Z",
        "value": "3.570167824074074",
        "cumulative": false
    },
    {
        "date": "2021-02-19T15:42:39.368Z",
        "value": "3.5681548178445346",
        "cumulative": false
    },
    {
        "date": "2021-02-19T15:43:50.748Z",
        "value": "3.464813232421875",
        "cumulative": false
    },
    {
        "date": "2021-02-19T15:45:01.795Z",
        "value": "3.425192508971292",
        "cumulative": false
    },
    {
        "date": "2021-02-19T15:46:12.819Z",
        "value": "3.480104942788717",
        "cumulative": false
    },
    {
        "date": "2021-02-19T15:47:21.472Z",
        "value": "3.579078122740746",
        "cumulative": false
    },
    {
        "date": "2021-02-19T15:48:30.968Z",
        "value": "3.7050164071238814",
        "cumulative": false
    },
    {
        "date": "2021-02-19T15:49:41.801Z",
        "value": "3.362758808040672",
        "cumulative": false
    },
    {
        "date": "2021-02-19T15:50:50.543Z",
        "value": "3.548209861472801",
        "cumulative": false
    },
    {
        "date": "2021-02-19T15:51:59.508Z",
        "value": "3.689184083748535",
        "cumulative": false
    },
    {
        "date": "2021-02-19T15:53:09.928Z",
        "value": "3.582489057556802",
        "cumulative": false
    },
    {
        "date": "2021-02-19T15:54:20.949Z",
        "value": "3.5405604475635593",
        "cumulative": false
    },
    {
        "date": "2021-02-19T15:55:31.223Z",
        "value": "3.6843385318765662",
        "cumulative": false
    },
    {
        "date": "2021-02-19T15:56:44.437Z",
        "value": "3.4107657538519964",
        "cumulative": false
    },
    {
        "date": "2021-02-19T15:57:55.104Z",
        "value": "3.5031309480834865",
        "cumulative": false
    },
    {
        "date": "2021-02-19T15:59:05.120Z",
        "value": "3.5925126524184856",
        "cumulative": false
    },
    {
        "date": "2021-02-19T16:00:14.599Z",
        "value": "3.5888553753516175",
        "cumulative": false
    },
    {
        "date": "2021-02-19T16:01:26.834Z",
        "value": "3.620160607405946",
        "cumulative": false
    },
    {
        "date": "2021-02-19T16:02:35.519Z",
        "value": "3.5671141752395714",
        "cumulative": false
    },
    {
        "date": "2021-02-19T16:03:46.262Z",
        "value": "3.513951525730082",
        "cumulative": false
    },
    {
        "date": "2021-02-19T16:04:56.029Z",
        "value": "3.402356115028841",
        "cumulative": false
    },
    {
        "date": "2021-02-19T16:05:42.485Z",
        "value": "3.445197105407715",
        "cumulative": false
    },
    {
        "date": "2021-02-19T16:05:55.994Z",
        "value": "3.391999678938356",
        "cumulative": false
    },
    {
        "date": "2021-02-19T16:07:08.820Z",
        "value": "3.42259305264993",
        "cumulative": false
    },
    {
        "date": "2021-02-19T16:08:17.619Z",
        "value": "3.5171255103845165",
        "cumulative": false
    },
    {
        "date": "2021-02-19T16:09:29.078Z",
        "value": "3.5057300820152313",
        "cumulative": false
    },
    {
        "date": "2021-02-19T16:10:40.267Z",
        "value": "3.392941561612216",
        "cumulative": false
    },
    {
        "date": "2021-02-19T16:11:53.248Z",
        "value": "3.34949266897776",
        "cumulative": false
    },
    {
        "date": "2021-02-19T16:13:03.949Z",
        "value": "3.3968454151306973",
        "cumulative": false
    },
    {
        "date": "2021-02-19T16:14:12.793Z",
        "value": "3.511011634058509",
        "cumulative": false
    },
    {
        "date": "2021-02-19T16:15:24.164Z",
        "value": "3.2959913781758843",
        "cumulative": false
    },
    {
        "date": "2021-02-19T16:16:35.885Z",
        "value": "3.448936199768848",
        "cumulative": false
    },
    {
        "date": "2021-02-19T16:17:47.393Z",
        "value": "3.334215594533426",
        "cumulative": false
    },
    {
        "date": "2021-02-19T16:18:57.186Z",
        "value": "3.420078571886917",
        "cumulative": false
    },
    {
        "date": "2021-02-19T16:20:04.450Z",
        "value": "3.2602418227994936",
        "cumulative": false
    },
    {
        "date": "2021-02-19T16:21:12.094Z",
        "value": "3.4940752687707413",
        "cumulative": false
    },
    {
        "date": "2021-02-19T16:22:21.520Z",
        "value": "3.329374814559481",
        "cumulative": false
    },
    {
        "date": "2021-02-19T16:23:31.756Z",
        "value": "3.4636511910507446",
        "cumulative": false
    },
    {
        "date": "2021-02-19T16:24:41.647Z",
        "value": "3.3283954632555943",
        "cumulative": false
    },
    {
        "date": "2021-02-19T16:25:50.055Z",
        "value": "3.3448345881272528",
        "cumulative": false
    },
    {
        "date": "2021-02-19T16:27:00.122Z",
        "value": "3.475660049229452",
        "cumulative": false
    },
    {
        "date": "2021-02-19T16:28:10.971Z",
        "value": "3.53124673663325",
        "cumulative": false
    },
    {
        "date": "2021-02-19T16:29:19.833Z",
        "value": "3.386993086609124",
        "cumulative": false
    },
    {
        "date": "2021-02-19T16:30:30.746Z",
        "value": "3.372454285166894",
        "cumulative": false
    },
    {
        "date": "2021-02-19T16:31:40.334Z",
        "value": "3.540938763477089",
        "cumulative": false
    },
    {
        "date": "2021-02-19T16:32:50.766Z",
        "value": "3.3848932600461135",
        "cumulative": false
    },
    {
        "date": "2021-02-19T16:34:04.379Z",
        "value": "3.304224502801364",
        "cumulative": false
    },
    {
        "date": "2021-02-19T16:35:14.800Z",
        "value": "3.434272607534642",
        "cumulative": false
    },
    {
        "date": "2021-02-19T16:36:24.260Z",
        "value": "3.2968839670014347",
        "cumulative": false
    },
    {
        "date": "2021-02-19T16:37:35.629Z",
        "value": "3.395559815694407",
        "cumulative": false
    },
    {
        "date": "2021-02-19T16:38:45.407Z",
        "value": "3.4101074089540884",
        "cumulative": false
    },
    {
        "date": "2021-02-19T16:39:56.561Z",
        "value": "3.34626761199422",
        "cumulative": false
    },
    {
        "date": "2021-02-19T16:41:06.261Z",
        "value": "3.4755492616661994",
        "cumulative": false
    },
    {
        "date": "2021-02-19T16:42:20.392Z",
        "value": "3.136468630708009",
        "cumulative": false
    },
    {
        "date": "2021-02-19T16:43:31.598Z",
        "value": "3.329669130359613",
        "cumulative": false
    },
    {
        "date": "2021-02-19T16:44:41.547Z",
        "value": "3.1887008613074204",
        "cumulative": false
    },
    {
        "date": "2021-02-19T16:45:51.901Z",
        "value": "3.394528056009812",
        "cumulative": false
    },
    {
        "date": "2021-02-19T16:47:01.722Z",
        "value": "3.439025226213326",
        "cumulative": false
    },
    {
        "date": "2021-02-19T16:48:14.088Z",
        "value": "3.409330538617886",
        "cumulative": false
    },
    {
        "date": "2021-02-19T16:49:26.279Z",
        "value": "3.1292109699170125",
        "cumulative": false
    },
    {
        "date": "2021-02-19T16:50:37.533Z",
        "value": "3.345649433739925",
        "cumulative": false
    },
    {
        "date": "2021-02-19T16:51:48.452Z",
        "value": "3.3718774308373916",
        "cumulative": false
    },
    {
        "date": "2021-02-19T16:52:59.037Z",
        "value": "3.2470903240266393",
        "cumulative": false
    },
    {
        "date": "2021-02-19T16:54:08.478Z",
        "value": "3.2214535517830045",
        "cumulative": false
    },
    {
        "date": "2021-02-19T16:55:19.862Z",
        "value": "3.5454639410097193",
        "cumulative": false
    },
    {
        "date": "2021-02-19T16:56:31.573Z",
        "value": "3.4448839171229553",
        "cumulative": false
    },
    {
        "date": "2021-02-19T16:57:42.619Z",
        "value": "3.2253634162392006",
        "cumulative": false
    },
    {
        "date": "2021-02-19T16:58:53.398Z",
        "value": "3.311315447515213",
        "cumulative": false
    },
    {
        "date": "2021-02-19T17:00:03.721Z",
        "value": "3.4580450197351253",
        "cumulative": false
    },
    {
        "date": "2021-02-19T17:01:17.758Z",
        "value": "3.1653922598874704",
        "cumulative": false
    },
    {
        "date": "2021-02-19T17:02:27.414Z",
        "value": "3.384665478623891",
        "cumulative": false
    },
    {
        "date": "2021-02-19T17:03:38.038Z",
        "value": "3.3240839279855643",
        "cumulative": false
    },
    {
        "date": "2021-02-19T17:04:50.659Z",
        "value": "3.3491907429245282",
        "cumulative": false
    },
    {
        "date": "2021-02-19T17:05:58.828Z",
        "value": "3.241054053404002",
        "cumulative": false
    },
    {
        "date": "2021-02-19T17:07:09.350Z",
        "value": "3.465310627140411",
        "cumulative": false
    },
    {
        "date": "2021-02-19T17:08:20.189Z",
        "value": "3.2621295569240543",
        "cumulative": false
    },
    {
        "date": "2021-02-19T17:09:28.533Z",
        "value": "3.3621796413908136",
        "cumulative": false
    },
    {
        "date": "2021-02-19T17:10:39.261Z",
        "value": "3.309482902497972",
        "cumulative": false
    },
    {
        "date": "2021-02-19T17:11:51.836Z",
        "value": "3.415431731873883",
        "cumulative": false
    },
    {
        "date": "2021-02-19T17:13:01.126Z",
        "value": "3.3023731500821194",
        "cumulative": false
    },
    {
        "date": "2021-02-19T17:14:10.887Z",
        "value": "3.290303338434278",
        "cumulative": false
    },
    {
        "date": "2021-02-19T17:15:21.247Z",
        "value": "3.4154875896549495",
        "cumulative": false
    },
    {
        "date": "2021-02-19T17:16:30.995Z",
        "value": "3.316848218055165",
        "cumulative": false
    },
    {
        "date": "2021-02-19T17:17:41.374Z",
        "value": "3.3531952711640214",
        "cumulative": false
    },
    {
        "date": "2021-02-19T17:18:51.445Z",
        "value": "3.402274622243398",
        "cumulative": false
    },
    {
        "date": "2021-02-19T17:20:01.350Z",
        "value": "3.3176597153986522",
        "cumulative": false
    },
    {
        "date": "2021-02-19T17:21:13.435Z",
        "value": "3.234103814965857",
        "cumulative": false
    },
    {
        "date": "2021-02-19T17:22:23.405Z",
        "value": "3.5645346354166665",
        "cumulative": false
    },
    {
        "date": "2021-02-19T17:23:33.853Z",
        "value": "3.363536642550911",
        "cumulative": false
    },
    {
        "date": "2021-02-19T17:24:43.712Z",
        "value": "3.393888655816418",
        "cumulative": false
    },
    {
        "date": "2021-02-19T17:25:53.912Z",
        "value": "3.2493721729727945",
        "cumulative": false
    },
    {
        "date": "2021-02-19T17:27:04.691Z",
        "value": "3.4946041091963576",
        "cumulative": false
    },
    {
        "date": "2021-02-19T17:28:19.560Z",
        "value": "3.3167183696974964",
        "cumulative": false
    },
    {
        "date": "2021-02-19T17:29:28.491Z",
        "value": "3.197407718120805",
        "cumulative": false
    },
    {
        "date": "2021-02-19T17:30:39.833Z",
        "value": "3.3972276674633317",
        "cumulative": false
    },
    {
        "date": "2021-02-19T17:31:50.609Z",
        "value": "3.383012196072319",
        "cumulative": false
    },
    {
        "date": "2021-02-19T17:33:02.289Z",
        "value": "3.162947770342951",
        "cumulative": false
    },
    {
        "date": "2021-02-19T17:34:14.489Z",
        "value": "3.430108352580578",
        "cumulative": false
    },
    {
        "date": "2021-02-19T17:35:25.880Z",
        "value": "3.1810605490869195",
        "cumulative": false
    },
    {
        "date": "2021-02-19T17:36:38.582Z",
        "value": "3.2842902571987698",
        "cumulative": false
    },
    {
        "date": "2021-02-19T17:37:23.871Z",
        "value": "3.240283250808716",
        "cumulative": false
    },
    {
        "date": "2021-02-19T17:37:46.100Z",
        "value": "2.8279690490839484",
        "cumulative": false
    },
    {
        "date": "2021-02-19T17:38:57.779Z",
        "value": "3.2318133424207534",
        "cumulative": false
    },
    {
        "date": "2021-02-19T17:40:08.580Z",
        "value": "3.033734743300632",
        "cumulative": false
    },
    {
        "date": "2021-02-19T17:41:19.804Z",
        "value": "3.3780534368598185",
        "cumulative": false
    },
    {
        "date": "2021-02-19T17:42:29.844Z",
        "value": "3.206594681925864",
        "cumulative": false
    },
    {
        "date": "2021-02-19T17:43:40.746Z",
        "value": "3.054738460130458",
        "cumulative": false
    },
    {
        "date": "2021-02-19T17:44:50.148Z",
        "value": "3.215042655634034",
        "cumulative": false
    },
    {
        "date": "2021-02-19T17:46:00.913Z",
        "value": "2.996227156082118",
        "cumulative": false
    },
    {
        "date": "2021-02-19T17:47:08.968Z",
        "value": "3.3741305618074793",
        "cumulative": false
    },
    {
        "date": "2021-02-19T17:48:22.904Z",
        "value": "3.3207253970320227",
        "cumulative": false
    },
    {
        "date": "2021-02-19T17:49:34.902Z",
        "value": "3.329523520160137",
        "cumulative": false
    },
    {
        "date": "2021-02-19T17:50:45.773Z",
        "value": "3.301415334780321",
        "cumulative": false
    },
    {
        "date": "2021-02-19T17:51:55.702Z",
        "value": "3.2042241202581287",
        "cumulative": false
    },
    {
        "date": "2021-02-19T17:53:05.217Z",
        "value": "3.4199673594746325",
        "cumulative": false
    },
    {
        "date": "2021-02-19T17:54:16.535Z",
        "value": "3.127625974434913",
        "cumulative": false
    },
    {
        "date": "2021-02-19T17:55:26.582Z",
        "value": "3.2458431542234902",
        "cumulative": false
    },
    {
        "date": "2021-02-19T17:56:37.323Z",
        "value": "3.1985922099014337",
        "cumulative": false
    },
    {
        "date": "2021-02-19T17:57:48.112Z",
        "value": "3.260841018260487",
        "cumulative": false
    },
    {
        "date": "2021-02-19T17:59:00.131Z",
        "value": "3.240068257416603",
        "cumulative": false
    },
    {
        "date": "2021-02-19T18:00:08.044Z",
        "value": "3.2490326330037664",
        "cumulative": false
    },
    {
        "date": "2021-02-19T18:01:16.508Z",
        "value": "3.2323024355132004",
        "cumulative": false
    },
    {
        "date": "2021-02-19T18:02:27.231Z",
        "value": "3.426714016800139",
        "cumulative": false
    },
    {
        "date": "2021-02-19T18:03:35.204Z",
        "value": "3.2709882759497964",
        "cumulative": false
    },
    {
        "date": "2021-02-19T18:04:45.613Z",
        "value": "3.153321121135799",
        "cumulative": false
    },
    {
        "date": "2021-02-19T18:05:57.473Z",
        "value": "3.1597020104306863",
        "cumulative": false
    },
    {
        "date": "2021-02-19T18:07:08.603Z",
        "value": "3.3687835462489493",
        "cumulative": false
    },
    {
        "date": "2021-02-19T18:08:20.431Z",
        "value": "3.2992064281267295",
        "cumulative": false
    },
    {
        "date": "2021-02-19T18:09:30.679Z",
        "value": "3.218273141301425",
        "cumulative": false
    },
    {
        "date": "2021-02-19T18:10:39.272Z",
        "value": "3.41688968093958",
        "cumulative": false
    },
    {
        "date": "2021-02-19T18:11:48.460Z",
        "value": "3.3213333927860367",
        "cumulative": false
    },
    {
        "date": "2021-02-19T18:12:59.966Z",
        "value": "3.2136527859881054",
        "cumulative": false
    },
    {
        "date": "2021-02-19T18:14:10.794Z",
        "value": "3.245009114955676",
        "cumulative": false
    },
    {
        "date": "2021-02-19T18:15:19.792Z",
        "value": "3.2540413615760113",
        "cumulative": false
    },
    {
        "date": "2021-02-19T18:16:29.188Z",
        "value": "3.102903556034483",
        "cumulative": false
    },
    {
        "date": "2021-02-19T18:17:38.519Z",
        "value": "3.159550700375259",
        "cumulative": false
    },
    {
        "date": "2021-02-19T18:18:50.326Z",
        "value": "3.137027529761905",
        "cumulative": false
    },
    {
        "date": "2021-02-19T18:20:01.831Z",
        "value": "3.289426592580667",
        "cumulative": false
    },
    {
        "date": "2021-02-19T18:21:10.916Z",
        "value": "3.350688082765621",
        "cumulative": false
    },
    {
        "date": "2021-02-19T18:22:21.092Z",
        "value": "3.1425791532311136",
        "cumulative": false
    },
    {
        "date": "2021-02-19T18:23:32.685Z",
        "value": "3.394173442329306",
        "cumulative": false
    },
    {
        "date": "2021-02-19T18:24:42.707Z",
        "value": "3.2835914164524866",
        "cumulative": false
    },
    {
        "date": "2021-02-19T18:25:52.887Z",
        "value": "3.2634236556533414",
        "cumulative": false
    },
    {
        "date": "2021-02-19T18:27:03.045Z",
        "value": "3.165510987266612",
        "cumulative": false
    },
    {
        "date": "2021-02-19T18:28:15.296Z",
        "value": "3.2346544115053613",
        "cumulative": false
    },
    {
        "date": "2021-02-19T18:29:26.841Z",
        "value": "3.216560414411977",
        "cumulative": false
    },
    {
        "date": "2021-02-19T18:30:38.408Z",
        "value": "3.002393970125242",
        "cumulative": false
    },
    {
        "date": "2021-02-19T18:31:48.453Z",
        "value": "3.2883570734967718",
        "cumulative": false
    },
    {
        "date": "2021-02-19T18:33:03.998Z",
        "value": "3.184016102365872",
        "cumulative": false
    },
    {
        "date": "2021-02-19T18:34:13.646Z",
        "value": "3.227335051033934",
        "cumulative": false
    },
    {
        "date": "2021-02-19T18:35:26.239Z",
        "value": "3.075517223454394",
        "cumulative": false
    },
    {
        "date": "2021-02-19T18:36:35.526Z",
        "value": "3.2692789434915723",
        "cumulative": false
    },
    {
        "date": "2021-02-19T18:37:45.508Z",
        "value": "3.1984555794179523",
        "cumulative": false
    },
    {
        "date": "2021-02-19T18:38:55.856Z",
        "value": "3.195936764952957",
        "cumulative": false
    },
    {
        "date": "2021-02-19T18:40:06.572Z",
        "value": "2.9160989109027176",
        "cumulative": false
    },
    {
        "date": "2021-02-19T18:41:15.673Z",
        "value": "3.203449036131699",
        "cumulative": false
    },
    {
        "date": "2021-02-19T18:42:24.954Z",
        "value": "3.1725999764013944",
        "cumulative": false
    },
    {
        "date": "2021-02-19T18:43:35.108Z",
        "value": "3.1242209008871216",
        "cumulative": false
    },
    {
        "date": "2021-02-19T18:44:46.370Z",
        "value": "3.199096912455734",
        "cumulative": false
    },
    {
        "date": "2021-02-19T18:45:54.191Z",
        "value": "3.2857489493175764",
        "cumulative": false
    },
    {
        "date": "2021-02-19T18:47:03.668Z",
        "value": "3.1757152627323535",
        "cumulative": false
    },
    {
        "date": "2021-02-19T18:48:15.116Z",
        "value": "3.334255166832669",
        "cumulative": false
    },
    {
        "date": "2021-02-19T18:49:25.140Z",
        "value": "3.177840928464266",
        "cumulative": false
    },
    {
        "date": "2021-02-19T18:50:36.539Z",
        "value": "3.1656563728587477",
        "cumulative": false
    },
    {
        "date": "2021-02-19T18:51:48.575Z",
        "value": "3.124720909651858",
        "cumulative": false
    },
    {
        "date": "2021-02-19T18:52:55.616Z",
        "value": "3.2308045838410506",
        "cumulative": false
    },
    {
        "date": "2021-02-19T18:54:05.339Z",
        "value": "3.4017580684796855",
        "cumulative": false
    },
    {
        "date": "2021-02-19T18:55:14.338Z",
        "value": "3.2087062774876305",
        "cumulative": false
    },
    {
        "date": "2021-02-19T18:56:29.087Z",
        "value": "3.3187584033438",
        "cumulative": false
    },
    {
        "date": "2021-02-19T18:57:39.726Z",
        "value": "3.274533778839532",
        "cumulative": false
    },
    {
        "date": "2021-02-19T18:58:47.301Z",
        "value": "3.2601329730308217",
        "cumulative": false
    },
    {
        "date": "2021-02-19T19:00:01.897Z",
        "value": "3.3565401290660426",
        "cumulative": false
    },
    {
        "date": "2021-02-19T19:01:10.921Z",
        "value": "3.151112315418956",
        "cumulative": false
    },
    {
        "date": "2021-02-19T19:02:19.456Z",
        "value": "3.3396895153329824",
        "cumulative": false
    },
    {
        "date": "2021-02-19T19:03:29.540Z",
        "value": "3.2157713702609714",
        "cumulative": false
    },
    {
        "date": "2021-02-19T19:04:37.869Z",
        "value": "3.236936666937581",
        "cumulative": false
    },
    {
        "date": "2021-02-19T19:05:48.152Z",
        "value": "3.0743171879632376",
        "cumulative": false
    },
    {
        "date": "2021-02-19T19:06:59.359Z",
        "value": "3.1668224028976573",
        "cumulative": false
    },
    {
        "date": "2021-02-19T19:08:11.846Z",
        "value": "3.197432762167367",
        "cumulative": false
    },
    {
        "date": "2021-02-19T19:08:58.559Z",
        "value": "3.151982307434082",
        "cumulative": false
    },
    {
        "date": "2021-02-19T19:09:20.612Z",
        "value": "3.2102990963103055",
        "cumulative": false
    },
    {
        "date": "2021-02-19T19:10:31.971Z",
        "value": "3.262066314910416",
        "cumulative": false
    },
    {
        "date": "2021-02-19T19:11:42.948Z",
        "value": "3.1788749282869873",
        "cumulative": false
    },
    {
        "date": "2021-02-19T19:12:52.213Z",
        "value": "3.129072967593816",
        "cumulative": false
    },
    {
        "date": "2021-02-19T19:14:01.789Z",
        "value": "3.155847654147605",
        "cumulative": false
    },
    {
        "date": "2021-02-19T19:15:12.855Z",
        "value": "3.258083723643567",
        "cumulative": false
    },
    {
        "date": "2021-02-19T19:16:24.099Z",
        "value": "3.1163681758553765",
        "cumulative": false
    },
    {
        "date": "2021-02-19T19:17:35.013Z",
        "value": "3.0746714716372283",
        "cumulative": false
    },
    {
        "date": "2021-02-19T19:18:45.200Z",
        "value": "3.189875136814319",
        "cumulative": false
    },
    {
        "date": "2021-02-19T19:19:53.525Z",
        "value": "3.1854204323096313",
        "cumulative": false
    },
    {
        "date": "2021-02-19T19:21:03.464Z",
        "value": "3.2930705601021684",
        "cumulative": false
    },
    {
        "date": "2021-02-19T19:22:15.816Z",
        "value": "3.109680208898535",
        "cumulative": false
    },
    {
        "date": "2021-02-19T19:23:27.750Z",
        "value": "3.1974460225363",
        "cumulative": false
    },
    {
        "date": "2021-02-19T19:24:38.724Z",
        "value": "3.055545517066162",
        "cumulative": false
    },
    {
        "date": "2021-02-19T19:25:47.410Z",
        "value": "3.113051718328841",
        "cumulative": false
    },
    {
        "date": "2021-02-19T19:26:59.589Z",
        "value": "2.9638113839285714",
        "cumulative": false
    },
    {
        "date": "2021-02-19T19:28:09.657Z",
        "value": "3.380891572089779",
        "cumulative": false
    },
    {
        "date": "2021-02-19T19:29:18.179Z",
        "value": "3.0641244500748077",
        "cumulative": false
    },
    {
        "date": "2021-02-19T19:30:29.017Z",
        "value": "3.1131406980140186",
        "cumulative": false
    },
    {
        "date": "2021-02-19T19:31:40.389Z",
        "value": "3.153282696327262",
        "cumulative": false
    },
    {
        "date": "2021-02-19T19:32:48.485Z",
        "value": "3.128203125",
        "cumulative": false
    },
    {
        "date": "2021-02-19T19:33:58.204Z",
        "value": "3.2616809544494414",
        "cumulative": false
    },
    {
        "date": "2021-02-19T19:35:08.761Z",
        "value": "3.0348989285354553",
        "cumulative": false
    },
    {
        "date": "2021-02-19T19:36:20.532Z",
        "value": "3.181073288690476",
        "cumulative": false
    },
    {
        "date": "2021-02-19T19:37:34.132Z",
        "value": "3.16378553752302",
        "cumulative": false
    },
    {
        "date": "2021-02-19T19:38:43.646Z",
        "value": "2.9317391576862932",
        "cumulative": false
    },
    {
        "date": "2021-02-19T19:39:52.011Z",
        "value": "3.0143099069054706",
        "cumulative": false
    },
    {
        "date": "2021-02-19T19:41:04.770Z",
        "value": "2.981293022598363",
        "cumulative": false
    },
    {
        "date": "2021-02-19T19:42:14.645Z",
        "value": "3.2806262516688918",
        "cumulative": false
    },
    {
        "date": "2021-02-19T19:43:26.447Z",
        "value": "3.226144727316602",
        "cumulative": false
    },
    {
        "date": "2021-02-19T19:44:37.160Z",
        "value": "2.957897976405902",
        "cumulative": false
    },
    {
        "date": "2021-02-19T19:45:47.049Z",
        "value": "3.197339535971477",
        "cumulative": false
    },
    {
        "date": "2021-02-19T19:46:55.334Z",
        "value": "3.082106045745753",
        "cumulative": false
    },
    {
        "date": "2021-02-19T19:48:05.147Z",
        "value": "3.021546799982853",
        "cumulative": false
    },
    {
        "date": "2021-02-19T19:49:15.641Z",
        "value": "3.07088347058716",
        "cumulative": false
    },
    {
        "date": "2021-02-19T19:50:25.951Z",
        "value": "3.000672464386035",
        "cumulative": false
    },
    {
        "date": "2021-02-19T19:51:37.701Z",
        "value": "3.1359098204476794",
        "cumulative": false
    },
    {
        "date": "2021-02-19T19:52:49.728Z",
        "value": "2.998861675613497",
        "cumulative": false
    },
    {
        "date": "2021-02-19T19:54:00.394Z",
        "value": "3.114698001463267",
        "cumulative": false
    },
    {
        "date": "2021-02-19T19:55:10.335Z",
        "value": "3.299259383668516",
        "cumulative": false
    },
    {
        "date": "2021-02-19T19:56:21.520Z",
        "value": "3.0535965602517985",
        "cumulative": false
    },
    {
        "date": "2021-02-19T19:57:33.120Z",
        "value": "3.1104258236849627",
        "cumulative": false
    },
    {
        "date": "2021-02-19T19:58:43.640Z",
        "value": "3.0973218426981184",
        "cumulative": false
    },
    {
        "date": "2021-02-19T19:59:52.384Z",
        "value": "3.1253342479334227",
        "cumulative": false
    },
    {
        "date": "2021-02-19T20:01:04.453Z",
        "value": "3.141564091245072",
        "cumulative": false
    },
    {
        "date": "2021-02-19T20:02:16.367Z",
        "value": "3.1141617088987115",
        "cumulative": false
    },
    {
        "date": "2021-02-19T20:03:24.978Z",
        "value": "3.033624314169847",
        "cumulative": false
    },
    {
        "date": "2021-02-19T20:04:35.230Z",
        "value": "3.15416351758752",
        "cumulative": false
    },
    {
        "date": "2021-02-19T20:05:45.839Z",
        "value": "3.118765217702664",
        "cumulative": false
    },
    {
        "date": "2021-02-19T20:06:54.446Z",
        "value": "3.140249357876712",
        "cumulative": false
    },
    {
        "date": "2021-02-19T20:08:03.136Z",
        "value": "3.1821866052837064",
        "cumulative": false
    },
    {
        "date": "2021-02-19T20:09:13.829Z",
        "value": "3.178985392703714",
        "cumulative": false
    },
    {
        "date": "2021-02-19T20:10:21.981Z",
        "value": "3.1453524738202545",
        "cumulative": false
    },
    {
        "date": "2021-02-19T20:11:31.443Z",
        "value": "3.2555376776895355",
        "cumulative": false
    },
    {
        "date": "2021-02-19T20:12:40.585Z",
        "value": "3.0173095769269844",
        "cumulative": false
    },
    {
        "date": "2021-02-19T20:13:51.407Z",
        "value": "3.1915519974496926",
        "cumulative": false
    },
    {
        "date": "2021-02-19T20:15:00.972Z",
        "value": "3.1186366889312978",
        "cumulative": false
    },
    {
        "date": "2021-02-19T20:16:10.157Z",
        "value": "3.0003265583499337",
        "cumulative": false
    },
    {
        "date": "2021-02-19T20:17:20.532Z",
        "value": "3.2376602160964683",
        "cumulative": false
    },
    {
        "date": "2021-02-19T20:18:31.127Z",
        "value": "3.168167160356873",
        "cumulative": false
    },
    {
        "date": "2021-02-19T20:19:42.179Z",
        "value": "3.361333340618642",
        "cumulative": false
    },
    {
        "date": "2021-02-19T20:20:55.492Z",
        "value": "3.140658150283946",
        "cumulative": false
    },
    {
        "date": "2021-02-19T20:22:05.117Z",
        "value": "3.0237048139620866",
        "cumulative": false
    },
    {
        "date": "2021-02-19T20:23:16.249Z",
        "value": "3.1234120199622915",
        "cumulative": false
    },
    {
        "date": "2021-02-19T20:24:27.021Z",
        "value": "3.0564199666030536",
        "cumulative": false
    },
    {
        "date": "2021-02-19T20:25:36.342Z",
        "value": "3.1559383253405615",
        "cumulative": false
    },
    {
        "date": "2021-02-19T20:26:46.618Z",
        "value": "3.0721936728634334",
        "cumulative": false
    },
    {
        "date": "2021-02-19T20:27:58.468Z",
        "value": "3.178505192878338",
        "cumulative": false
    },
    {
        "date": "2021-02-19T20:29:08.892Z",
        "value": "3.1503801016971984",
        "cumulative": false
    },
    {
        "date": "2021-02-19T20:30:18.116Z",
        "value": "3.0772517914687922",
        "cumulative": false
    },
    {
        "date": "2021-02-19T20:31:30.372Z",
        "value": "3.1823063877897115",
        "cumulative": false
    },
    {
        "date": "2021-02-19T20:32:43.960Z",
        "value": "3.1193446945056045",
        "cumulative": false
    },
    {
        "date": "2021-02-19T20:33:55.049Z",
        "value": "3.074393641085791",
        "cumulative": false
    },
    {
        "date": "2021-02-19T20:35:06.481Z",
        "value": "3.1957732627088644",
        "cumulative": false
    },
    {
        "date": "2021-02-19T20:36:17.496Z",
        "value": "3.087312424718951",
        "cumulative": false
    },
    {
        "date": "2021-02-19T20:37:26.858Z",
        "value": "3.1492695171480145",
        "cumulative": false
    },
    {
        "date": "2021-02-19T20:38:37.764Z",
        "value": "3.07461486463213",
        "cumulative": false
    },
    {
        "date": "2021-02-19T20:39:47.831Z",
        "value": "3.1485625458883995",
        "cumulative": false
    },
    {
        "date": "2021-02-19T20:40:33.651Z",
        "value": "3.05441951751709",
        "cumulative": false
    },
    {
        "date": "2021-02-19T20:40:55.579Z",
        "value": "2.6916005538189727",
        "cumulative": false
    },
    {
        "date": "2021-02-19T20:42:07.583Z",
        "value": "2.8232560955389556",
        "cumulative": false
    },
    {
        "date": "2021-02-19T20:43:20.434Z",
        "value": "3.1130258620689655",
        "cumulative": false
    },
    {
        "date": "2021-02-19T20:44:29.981Z",
        "value": "3.0760684052430367",
        "cumulative": false
    },
    {
        "date": "2021-02-19T20:45:40.382Z",
        "value": "2.784709757323377",
        "cumulative": false
    },
    {
        "date": "2021-02-19T20:46:49.930Z",
        "value": "2.924175505760045",
        "cumulative": false
    },
    {
        "date": "2021-02-19T20:48:00.388Z",
        "value": "2.9328605499311795",
        "cumulative": false
    },
    {
        "date": "2021-02-19T20:49:12.728Z",
        "value": "2.853067067884769",
        "cumulative": false
    },
    {
        "date": "2021-02-19T20:50:23.653Z",
        "value": "2.9750520568989267",
        "cumulative": false
    },
    {
        "date": "2021-02-19T20:51:35.339Z",
        "value": "3.046271157571579",
        "cumulative": false
    },
    {
        "date": "2021-02-19T20:52:46.081Z",
        "value": "2.977200550527366",
        "cumulative": false
    },
    {
        "date": "2021-02-19T20:53:54.293Z",
        "value": "2.994915404315606",
        "cumulative": false
    },
    {
        "date": "2021-02-19T20:55:05.574Z",
        "value": "2.931362022595295",
        "cumulative": false
    },
    {
        "date": "2021-02-19T20:56:14.802Z",
        "value": "3.168859408729088",
        "cumulative": false
    },
    {
        "date": "2021-02-19T20:57:26.454Z",
        "value": "3.0200347984092155",
        "cumulative": false
    },
    {
        "date": "2021-02-19T20:58:38.812Z",
        "value": "3.000671485004026",
        "cumulative": false
    },
    {
        "date": "2021-02-19T20:59:46.321Z",
        "value": "3.061044843331099",
        "cumulative": false
    },
    {
        "date": "2021-02-19T21:00:55.982Z",
        "value": "3.026494863264112",
        "cumulative": false
    },
    {
        "date": "2021-02-19T21:02:05.490Z",
        "value": "2.965154648898091",
        "cumulative": false
    },
    {
        "date": "2021-02-19T21:03:13.932Z",
        "value": "2.9406806656713345",
        "cumulative": false
    },
    {
        "date": "2021-02-19T21:04:24.460Z",
        "value": "3.036148887602881",
        "cumulative": false
    },
    {
        "date": "2021-02-19T21:05:34.933Z",
        "value": "2.9688028322537017",
        "cumulative": false
    },
    {
        "date": "2021-02-19T21:06:44.158Z",
        "value": "3.203573683341662",
        "cumulative": false
    },
    {
        "date": "2021-02-19T21:07:57.026Z",
        "value": "2.9613512976694913",
        "cumulative": false
    }
]