[
    {
        "date": "2021-02-19T16:05:50.130Z",
        "value": "2.9196584224700928",
        "cumulative": false
    },
    {
        "date": "2021-02-19T17:37:42.947Z",
        "value": "3.228658676147461",
        "cumulative": false
    },
    {
        "date": "2021-02-19T19:09:17.318Z",
        "value": "2.909273862838745",
        "cumulative": false
    },
    {
        "date": "2021-02-19T20:40:52.702Z",
        "value": "2.888221263885498",
        "cumulative": false
    },
    {
        "date": "2021-02-19T21:08:46.637Z",
        "value": "0.8545866012573242",
        "cumulative": false
    }
]