[
    {
        "date": "2021-02-19T16:05:50.314Z",
        "value": "602.2835512161255",
        "cumulative": false
    },
    {
        "date": "2021-02-19T17:37:42.699Z",
        "value": "603.9085807800293",
        "cumulative": false
    },
    {
        "date": "2021-02-19T19:09:17.364Z",
        "value": "604.4378733634949",
        "cumulative": false
    },
    {
        "date": "2021-02-19T20:40:52.785Z",
        "value": "605.598733663559",
        "cumulative": false
    },
    {
        "date": "2021-02-19T21:08:46.480Z",
        "value": "182.11359071731567",
        "cumulative": false
    }
]