[
    {
        "date": "2021-02-19T16:05:50.011Z",
        "value": "631.7597110271454",
        "cumulative": false
    },
    {
        "date": "2021-02-19T17:37:42.128Z",
        "value": "633.8264183998108",
        "cumulative": false
    },
    {
        "date": "2021-02-19T19:09:17.019Z",
        "value": "635.0590550899506",
        "cumulative": false
    },
    {
        "date": "2021-02-19T20:40:52.128Z",
        "value": "635.194792509079",
        "cumulative": false
    },
    {
        "date": "2021-02-19T21:08:45.669Z",
        "value": "191.12663388252258",
        "cumulative": false
    }
]