[
    {
        "date": "2021-02-19T16:05:50.228Z",
        "value": "45.638835191726685",
        "cumulative": false
    },
    {
        "date": "2021-02-19T17:37:42.334Z",
        "value": "42.95159888267517",
        "cumulative": false
    },
    {
        "date": "2021-02-19T19:09:17.198Z",
        "value": "41.13984203338623",
        "cumulative": false
    },
    {
        "date": "2021-02-19T20:40:52.399Z",
        "value": "41.21751356124878",
        "cumulative": false
    },
    {
        "date": "2021-02-19T21:08:45.659Z",
        "value": "12.356293201446533",
        "cumulative": false
    }
]