[
    {
        "date": "2021-02-19T14:34:15.029Z",
        "value": "9.307766910955133",
        "cumulative": false
    },
    {
        "date": "2021-02-19T14:35:28.674Z",
        "value": "9.127488494169286",
        "cumulative": false
    },
    {
        "date": "2021-02-19T14:36:40.169Z",
        "value": "8.37898643208522",
        "cumulative": false
    },
    {
        "date": "2021-02-19T14:37:49.063Z",
        "value": "7.959742731227106",
        "cumulative": false
    },
    {
        "date": "2021-02-19T14:38:59.288Z",
        "value": "7.837320373501115",
        "cumulative": false
    },
    {
        "date": "2021-02-19T14:40:11.611Z",
        "value": "7.675089099443672",
        "cumulative": false
    },
    {
        "date": "2021-02-19T14:41:22.110Z",
        "value": "7.533816580045021",
        "cumulative": false
    },
    {
        "date": "2021-02-19T14:42:31.119Z",
        "value": "7.314223538518052",
        "cumulative": false
    },
    {
        "date": "2021-02-19T14:43:40.398Z",
        "value": "6.939630223278336",
        "cumulative": false
    },
    {
        "date": "2021-02-19T14:44:50.791Z",
        "value": "6.573945466462557",
        "cumulative": false
    },
    {
        "date": "2021-02-19T14:46:04.604Z",
        "value": "6.330456215478695",
        "cumulative": false
    },
    {
        "date": "2021-02-19T14:47:16.067Z",
        "value": "5.958663967059337",
        "cumulative": false
    },
    {
        "date": "2021-02-19T14:48:27.009Z",
        "value": "5.647664758236835",
        "cumulative": false
    },
    {
        "date": "2021-02-19T14:49:40.208Z",
        "value": "5.352951412043211",
        "cumulative": false
    },
    {
        "date": "2021-02-19T14:50:50.317Z",
        "value": "5.095571149932157",
        "cumulative": false
    },
    {
        "date": "2021-02-19T14:52:02.834Z",
        "value": "5.0619492598051785",
        "cumulative": false
    },
    {
        "date": "2021-02-19T14:53:09.937Z",
        "value": "4.618702484795135",
        "cumulative": false
    },
    {
        "date": "2021-02-19T14:54:21.903Z",
        "value": "4.846114653010034",
        "cumulative": false
    },
    {
        "date": "2021-02-19T14:55:32.308Z",
        "value": "4.4345380222296695",
        "cumulative": false
    },
    {
        "date": "2021-02-19T14:56:43.783Z",
        "value": "4.448569825542005",
        "cumulative": false
    },
    {
        "date": "2021-02-19T14:57:52.692Z",
        "value": "4.521158854166667",
        "cumulative": false
    },
    {
        "date": "2021-02-19T14:59:06.569Z",
        "value": "4.214396801022239",
        "cumulative": false
    },
    {
        "date": "2021-02-19T15:00:15.890Z",
        "value": "4.10117714621804",
        "cumulative": false
    },
    {
        "date": "2021-02-19T15:01:26.499Z",
        "value": "4.037537464299946",
        "cumulative": false
    },
    {
        "date": "2021-02-19T15:02:41.668Z",
        "value": "3.9576151794169374",
        "cumulative": false
    },
    {
        "date": "2021-02-19T15:03:50.306Z",
        "value": "4.026134540733126",
        "cumulative": false
    },
    {
        "date": "2021-02-19T15:05:01.695Z",
        "value": "4.027415033912711",
        "cumulative": false
    },
    {
        "date": "2021-02-19T15:06:11.986Z",
        "value": "4.068886582167832",
        "cumulative": false
    },
    {
        "date": "2021-02-19T15:07:20.425Z",
        "value": "3.9774005525337373",
        "cumulative": false
    },
    {
        "date": "2021-02-19T15:08:31.008Z",
        "value": "3.7111609507415255",
        "cumulative": false
    },
    {
        "date": "2021-02-19T15:09:42.920Z",
        "value": "3.868388243604494",
        "cumulative": false
    },
    {
        "date": "2021-02-19T15:10:53.078Z",
        "value": "4.034150206367925",
        "cumulative": false
    },
    {
        "date": "2021-02-19T15:12:01.122Z",
        "value": "3.8551578310292602",
        "cumulative": false
    },
    {
        "date": "2021-02-19T15:13:12.424Z",
        "value": "3.9671170161320615",
        "cumulative": false
    },
    {
        "date": "2021-02-19T15:14:21.501Z",
        "value": "3.9437930377418",
        "cumulative": false
    },
    {
        "date": "2021-02-19T15:15:32.293Z",
        "value": "3.7199270259821913",
        "cumulative": false
    },
    {
        "date": "2021-02-19T15:16:43.357Z",
        "value": "3.6764343454258674",
        "cumulative": false
    },
    {
        "date": "2021-02-19T15:17:53.914Z",
        "value": "3.7213586527418894",
        "cumulative": false
    },
    {
        "date": "2021-02-19T15:19:04.030Z",
        "value": "3.755755319326052",
        "cumulative": false
    },
    {
        "date": "2021-02-19T15:20:13.698Z",
        "value": "3.6807638819388844",
        "cumulative": false
    },
    {
        "date": "2021-02-19T15:21:25.344Z",
        "value": "3.752040123886414",
        "cumulative": false
    },
    {
        "date": "2021-02-19T15:22:36.966Z",
        "value": "3.701598770719719",
        "cumulative": false
    },
    {
        "date": "2021-02-19T15:23:48.313Z",
        "value": "3.6422067265667026",
        "cumulative": false
    },
    {
        "date": "2021-02-19T15:24:58.518Z",
        "value": "3.882236132972899",
        "cumulative": false
    },
    {
        "date": "2021-02-19T15:26:08.945Z",
        "value": "3.7998167503020945",
        "cumulative": false
    },
    {
        "date": "2021-02-19T15:27:21.152Z",
        "value": "3.669111085404548",
        "cumulative": false
    },
    {
        "date": "2021-02-19T15:28:33.151Z",
        "value": "3.768177194950442",
        "cumulative": false
    },
    {
        "date": "2021-02-19T15:29:45.057Z",
        "value": "3.5076862009237875",
        "cumulative": false
    },
    {
        "date": "2021-02-19T15:30:54.958Z",
        "value": "3.6802526013604524",
        "cumulative": false
    },
    {
        "date": "2021-02-19T15:32:05.723Z",
        "value": "3.4244753562221293",
        "cumulative": false
    },
    {
        "date": "2021-02-19T15:33:15.450Z",
        "value": "3.735042809169627",
        "cumulative": false
    },
    {
        "date": "2021-02-19T15:34:25.872Z",
        "value": "3.5458061835106385",
        "cumulative": false
    },
    {
        "date": "2021-02-19T15:35:37.199Z",
        "value": "3.5603879407775767",
        "cumulative": false
    },
    {
        "date": "2021-02-19T15:36:45.703Z",
        "value": "3.6442824478127673",
        "cumulative": false
    },
    {
        "date": "2021-02-19T15:37:56.684Z",
        "value": "3.6207725743751773",
        "cumulative": false
    },
    {
        "date": "2021-02-19T15:39:06.994Z",
        "value": "3.6708830482939367",
        "cumulative": false
    },
    {
        "date": "2021-02-19T15:40:18.691Z",
        "value": "3.446839633641932",
        "cumulative": false
    },
    {
        "date": "2021-02-19T15:41:30.026Z",
        "value": "3.53676106590689",
        "cumulative": false
    },
    {
        "date": "2021-02-19T15:42:39.364Z",
        "value": "3.6385867414522792",
        "cumulative": false
    },
    {
        "date": "2021-02-19T15:43:50.733Z",
        "value": "3.5236019197859014",
        "cumulative": false
    },
    {
        "date": "2021-02-19T15:45:01.800Z",
        "value": "3.6007801402698862",
        "cumulative": false
    },
    {
        "date": "2021-02-19T15:46:12.837Z",
        "value": "3.4634709700837387",
        "cumulative": false
    },
    {
        "date": "2021-02-19T15:47:21.481Z",
        "value": "3.534211262269053",
        "cumulative": false
    },
    {
        "date": "2021-02-19T15:48:30.976Z",
        "value": "3.581610354771358",
        "cumulative": false
    },
    {
        "date": "2021-02-19T15:49:41.804Z",
        "value": "3.3625124445981074",
        "cumulative": false
    },
    {
        "date": "2021-02-19T15:50:50.549Z",
        "value": "3.6059418141744124",
        "cumulative": false
    },
    {
        "date": "2021-02-19T15:51:59.512Z",
        "value": "3.4245144587646417",
        "cumulative": false
    },
    {
        "date": "2021-02-19T15:53:09.932Z",
        "value": "3.346650719582705",
        "cumulative": false
    },
    {
        "date": "2021-02-19T15:54:20.952Z",
        "value": "3.478371044506743",
        "cumulative": false
    },
    {
        "date": "2021-02-19T15:55:31.218Z",
        "value": "3.6423567012032088",
        "cumulative": false
    },
    {
        "date": "2021-02-19T15:56:44.439Z",
        "value": "3.474687298184558",
        "cumulative": false
    },
    {
        "date": "2021-02-19T15:57:55.108Z",
        "value": "3.5737592527465165",
        "cumulative": false
    },
    {
        "date": "2021-02-19T15:59:05.122Z",
        "value": "3.354204094597004",
        "cumulative": false
    },
    {
        "date": "2021-02-19T16:00:14.610Z",
        "value": "3.7085579365548202",
        "cumulative": false
    },
    {
        "date": "2021-02-19T16:01:26.839Z",
        "value": "3.3628411016223985",
        "cumulative": false
    },
    {
        "date": "2021-02-19T16:02:35.523Z",
        "value": "3.636200216393328",
        "cumulative": false
    },
    {
        "date": "2021-02-19T16:03:46.267Z",
        "value": "3.429463743932039",
        "cumulative": false
    },
    {
        "date": "2021-02-19T16:04:56.034Z",
        "value": "3.571612402570214",
        "cumulative": false
    },
    {
        "date": "2021-02-19T16:05:42.486Z",
        "value": "3.445197105407715",
        "cumulative": false
    },
    {
        "date": "2021-02-19T16:05:55.994Z",
        "value": "3.2173223968670257",
        "cumulative": false
    },
    {
        "date": "2021-02-19T16:07:08.824Z",
        "value": "3.373518950667388",
        "cumulative": false
    },
    {
        "date": "2021-02-19T16:08:17.623Z",
        "value": "3.394465750500276",
        "cumulative": false
    },
    {
        "date": "2021-02-19T16:09:29.082Z",
        "value": "3.670263619540461",
        "cumulative": false
    },
    {
        "date": "2021-02-19T16:10:40.277Z",
        "value": "3.2269315839662016",
        "cumulative": false
    },
    {
        "date": "2021-02-19T16:11:53.244Z",
        "value": "3.3259701936141304",
        "cumulative": false
    },
    {
        "date": "2021-02-19T16:13:03.954Z",
        "value": "3.3998753783453695",
        "cumulative": false
    },
    {
        "date": "2021-02-19T16:14:12.795Z",
        "value": "3.358721853105632",
        "cumulative": false
    },
    {
        "date": "2021-02-19T16:15:24.164Z",
        "value": "3.2628118221258133",
        "cumulative": false
    },
    {
        "date": "2021-02-19T16:16:35.891Z",
        "value": "3.355299666121199",
        "cumulative": false
    },
    {
        "date": "2021-02-19T16:17:47.382Z",
        "value": "3.471851642153486",
        "cumulative": false
    },
    {
        "date": "2021-02-19T16:18:57.190Z",
        "value": "3.239219142150028",
        "cumulative": false
    },
    {
        "date": "2021-02-19T16:20:04.439Z",
        "value": "3.336541485083617",
        "cumulative": false
    },
    {
        "date": "2021-02-19T16:21:12.101Z",
        "value": "3.540912425161556",
        "cumulative": false
    },
    {
        "date": "2021-02-19T16:22:21.524Z",
        "value": "3.364760541600833",
        "cumulative": false
    },
    {
        "date": "2021-02-19T16:23:31.761Z",
        "value": "3.5312106553035565",
        "cumulative": false
    },
    {
        "date": "2021-02-19T16:24:41.649Z",
        "value": "3.375698716658499",
        "cumulative": false
    },
    {
        "date": "2021-02-19T16:25:50.056Z",
        "value": "3.3498408224730367",
        "cumulative": false
    },
    {
        "date": "2021-02-19T16:27:00.127Z",
        "value": "3.404524262937841",
        "cumulative": false
    },
    {
        "date": "2021-02-19T16:28:10.967Z",
        "value": "3.2148149040184975",
        "cumulative": false
    },
    {
        "date": "2021-02-19T16:29:19.835Z",
        "value": "3.2505799230986194",
        "cumulative": false
    },
    {
        "date": "2021-02-19T16:30:30.744Z",
        "value": "3.4582549326743464",
        "cumulative": false
    },
    {
        "date": "2021-02-19T16:31:40.335Z",
        "value": "3.4586451872614505",
        "cumulative": false
    },
    {
        "date": "2021-02-19T16:32:50.753Z",
        "value": "3.497029417922948",
        "cumulative": false
    },
    {
        "date": "2021-02-19T16:34:04.383Z",
        "value": "3.3230123597475454",
        "cumulative": false
    },
    {
        "date": "2021-02-19T16:35:14.790Z",
        "value": "3.4308938763098804",
        "cumulative": false
    },
    {
        "date": "2021-02-19T16:36:24.262Z",
        "value": "3.4593621993921775",
        "cumulative": false
    },
    {
        "date": "2021-02-19T16:37:35.628Z",
        "value": "3.4131518389297812",
        "cumulative": false
    },
    {
        "date": "2021-02-19T16:38:45.418Z",
        "value": "3.4146016669820844",
        "cumulative": false
    },
    {
        "date": "2021-02-19T16:39:56.556Z",
        "value": "3.1908839216956033",
        "cumulative": false
    },
    {
        "date": "2021-02-19T16:41:06.245Z",
        "value": "3.311253920250896",
        "cumulative": false
    },
    {
        "date": "2021-02-19T16:42:20.394Z",
        "value": "3.391331838276572",
        "cumulative": false
    },
    {
        "date": "2021-02-19T16:43:31.600Z",
        "value": "3.3288344548667754",
        "cumulative": false
    },
    {
        "date": "2021-02-19T16:44:41.546Z",
        "value": "3.2215018145713503",
        "cumulative": false
    },
    {
        "date": "2021-02-19T16:45:51.906Z",
        "value": "3.2604531623605206",
        "cumulative": false
    },
    {
        "date": "2021-02-19T16:47:01.556Z",
        "value": "3.325422613450894",
        "cumulative": false
    },
    {
        "date": "2021-02-19T16:48:14.091Z",
        "value": "3.2592055783462035",
        "cumulative": false
    },
    {
        "date": "2021-02-19T16:49:26.280Z",
        "value": "3.5855592386189348",
        "cumulative": false
    },
    {
        "date": "2021-02-19T16:50:37.548Z",
        "value": "3.3364527818152454",
        "cumulative": false
    },
    {
        "date": "2021-02-19T16:51:48.423Z",
        "value": "3.1543260010395757",
        "cumulative": false
    },
    {
        "date": "2021-02-19T16:52:59.042Z",
        "value": "3.5317076059797388",
        "cumulative": false
    },
    {
        "date": "2021-02-19T16:54:08.482Z",
        "value": "3.480538288506192",
        "cumulative": false
    },
    {
        "date": "2021-02-19T16:55:19.868Z",
        "value": "3.2320278924926136",
        "cumulative": false
    },
    {
        "date": "2021-02-19T16:56:31.576Z",
        "value": "3.4200765176901498",
        "cumulative": false
    },
    {
        "date": "2021-02-19T16:57:42.621Z",
        "value": "3.3281563485239323",
        "cumulative": false
    },
    {
        "date": "2021-02-19T16:58:53.409Z",
        "value": "3.175538225971886",
        "cumulative": false
    },
    {
        "date": "2021-02-19T17:00:03.729Z",
        "value": "3.4071613365782794",
        "cumulative": false
    },
    {
        "date": "2021-02-19T17:01:17.760Z",
        "value": "3.2899787354082077",
        "cumulative": false
    },
    {
        "date": "2021-02-19T17:02:27.416Z",
        "value": "3.359439274814225",
        "cumulative": false
    },
    {
        "date": "2021-02-19T17:03:38.041Z",
        "value": "3.4861266327107154",
        "cumulative": false
    },
    {
        "date": "2021-02-19T17:04:50.665Z",
        "value": "3.338949209942221",
        "cumulative": false
    },
    {
        "date": "2021-02-19T17:05:58.832Z",
        "value": "3.226443074725438",
        "cumulative": false
    },
    {
        "date": "2021-02-19T17:07:09.353Z",
        "value": "3.2994149548172533",
        "cumulative": false
    },
    {
        "date": "2021-02-19T17:08:20.196Z",
        "value": "3.404548716795794",
        "cumulative": false
    },
    {
        "date": "2021-02-19T17:09:28.523Z",
        "value": "3.3133717398001097",
        "cumulative": false
    },
    {
        "date": "2021-02-19T17:10:39.245Z",
        "value": "3.3459889960679403",
        "cumulative": false
    },
    {
        "date": "2021-02-19T17:11:51.838Z",
        "value": "3.2483404600545036",
        "cumulative": false
    },
    {
        "date": "2021-02-19T17:13:01.129Z",
        "value": "3.31174294247197",
        "cumulative": false
    },
    {
        "date": "2021-02-19T17:14:10.888Z",
        "value": "3.4389354009638473",
        "cumulative": false
    },
    {
        "date": "2021-02-19T17:15:21.239Z",
        "value": "3.4952558676626593",
        "cumulative": false
    },
    {
        "date": "2021-02-19T17:16:31.001Z",
        "value": "3.3417054420869827",
        "cumulative": false
    },
    {
        "date": "2021-02-19T17:17:41.376Z",
        "value": "3.2399862651556903",
        "cumulative": false
    },
    {
        "date": "2021-02-19T17:18:51.442Z",
        "value": "3.1624127076143225",
        "cumulative": false
    },
    {
        "date": "2021-02-19T17:20:01.354Z",
        "value": "3.1935497925846876",
        "cumulative": false
    },
    {
        "date": "2021-02-19T17:21:13.426Z",
        "value": "3.186622187937675",
        "cumulative": false
    },
    {
        "date": "2021-02-19T17:22:23.408Z",
        "value": "3.3483959478275303",
        "cumulative": false
    },
    {
        "date": "2021-02-19T17:23:33.857Z",
        "value": "3.2487971085607517",
        "cumulative": false
    },
    {
        "date": "2021-02-19T17:24:43.717Z",
        "value": "3.2840887102448635",
        "cumulative": false
    },
    {
        "date": "2021-02-19T17:25:53.913Z",
        "value": "3.1276779846902527",
        "cumulative": false
    },
    {
        "date": "2021-02-19T17:27:04.691Z",
        "value": "3.3162137728573424",
        "cumulative": false
    },
    {
        "date": "2021-02-19T17:28:19.556Z",
        "value": "3.453853727362937",
        "cumulative": false
    },
    {
        "date": "2021-02-19T17:29:28.494Z",
        "value": "3.1278189021945173",
        "cumulative": false
    },
    {
        "date": "2021-02-19T17:30:39.838Z",
        "value": "3.5293098474030287",
        "cumulative": false
    },
    {
        "date": "2021-02-19T17:31:50.612Z",
        "value": "3.307760602844802",
        "cumulative": false
    },
    {
        "date": "2021-02-19T17:33:02.306Z",
        "value": "3.201646714874625",
        "cumulative": false
    },
    {
        "date": "2021-02-19T17:34:14.452Z",
        "value": "3.2633801552032584",
        "cumulative": false
    },
    {
        "date": "2021-02-19T17:35:25.889Z",
        "value": "3.3506493438996805",
        "cumulative": false
    },
    {
        "date": "2021-02-19T17:36:38.585Z",
        "value": "3.1822256792032455",
        "cumulative": false
    },
    {
        "date": "2021-02-19T17:37:23.871Z",
        "value": "3.240283250808716",
        "cumulative": false
    },
    {
        "date": "2021-02-19T17:37:46.102Z",
        "value": "3.106975495293345",
        "cumulative": false
    },
    {
        "date": "2021-02-19T17:38:57.783Z",
        "value": "3.0706762777472174",
        "cumulative": false
    },
    {
        "date": "2021-02-19T17:40:08.584Z",
        "value": "3.4480669884823847",
        "cumulative": false
    },
    {
        "date": "2021-02-19T17:41:19.808Z",
        "value": "3.288805963138028",
        "cumulative": false
    },
    {
        "date": "2021-02-19T17:42:29.848Z",
        "value": "3.1983778294433445",
        "cumulative": false
    },
    {
        "date": "2021-02-19T17:43:40.746Z",
        "value": "3.2272184763787246",
        "cumulative": false
    },
    {
        "date": "2021-02-19T17:44:50.152Z",
        "value": "3.2319414815659195",
        "cumulative": false
    },
    {
        "date": "2021-02-19T17:46:00.916Z",
        "value": "3.276811231303419",
        "cumulative": false
    },
    {
        "date": "2021-02-19T17:47:08.972Z",
        "value": "3.2685031741021326",
        "cumulative": false
    },
    {
        "date": "2021-02-19T17:48:22.905Z",
        "value": "3.1252212763307714",
        "cumulative": false
    },
    {
        "date": "2021-02-19T17:49:34.892Z",
        "value": "3.1352502552963166",
        "cumulative": false
    },
    {
        "date": "2021-02-19T17:50:45.778Z",
        "value": "3.326973583711592",
        "cumulative": false
    },
    {
        "date": "2021-02-19T17:51:55.705Z",
        "value": "3.2010138054949056",
        "cumulative": false
    },
    {
        "date": "2021-02-19T17:53:05.219Z",
        "value": "3.3381688117722716",
        "cumulative": false
    },
    {
        "date": "2021-02-19T17:54:16.531Z",
        "value": "3.3158555204313673",
        "cumulative": false
    },
    {
        "date": "2021-02-19T17:55:26.580Z",
        "value": "3.3148052469460825",
        "cumulative": false
    },
    {
        "date": "2021-02-19T17:56:37.327Z",
        "value": "3.3287140376984126",
        "cumulative": false
    },
    {
        "date": "2021-02-19T17:57:48.120Z",
        "value": "3.3130919240900383",
        "cumulative": false
    },
    {
        "date": "2021-02-19T17:59:00.133Z",
        "value": "3.109368892849166",
        "cumulative": false
    },
    {
        "date": "2021-02-19T18:00:08.046Z",
        "value": "3.2564078663793103",
        "cumulative": false
    },
    {
        "date": "2021-02-19T18:01:16.518Z",
        "value": "3.2479094928456806",
        "cumulative": false
    },
    {
        "date": "2021-02-19T18:02:27.232Z",
        "value": "3.1044076378187166",
        "cumulative": false
    },
    {
        "date": "2021-02-19T18:03:35.207Z",
        "value": "3.2534612309078286",
        "cumulative": false
    },
    {
        "date": "2021-02-19T18:04:45.620Z",
        "value": "3.3031430580900243",
        "cumulative": false
    },
    {
        "date": "2021-02-19T18:05:57.488Z",
        "value": "3.0574650954131655",
        "cumulative": false
    },
    {
        "date": "2021-02-19T18:07:08.606Z",
        "value": "3.219929948330684",
        "cumulative": false
    },
    {
        "date": "2021-02-19T18:08:20.435Z",
        "value": "3.1400629610517057",
        "cumulative": false
    },
    {
        "date": "2021-02-19T18:09:30.686Z",
        "value": "3.412665919039027",
        "cumulative": false
    },
    {
        "date": "2021-02-19T18:10:39.277Z",
        "value": "3.1834629652047592",
        "cumulative": false
    },
    {
        "date": "2021-02-19T18:11:48.465Z",
        "value": "3.094842348004332",
        "cumulative": false
    },
    {
        "date": "2021-02-19T18:12:59.968Z",
        "value": "3.3215975752423916",
        "cumulative": false
    },
    {
        "date": "2021-02-19T18:14:10.796Z",
        "value": "3.3719778071178688",
        "cumulative": false
    },
    {
        "date": "2021-02-19T18:15:19.797Z",
        "value": "3.1470613756151904",
        "cumulative": false
    },
    {
        "date": "2021-02-19T18:16:29.191Z",
        "value": "3.1649619514173497",
        "cumulative": false
    },
    {
        "date": "2021-02-19T18:17:38.531Z",
        "value": "3.251910959555771",
        "cumulative": false
    },
    {
        "date": "2021-02-19T18:18:50.328Z",
        "value": "3.2796909558718608",
        "cumulative": false
    },
    {
        "date": "2021-02-19T18:20:01.834Z",
        "value": "3.221061399885352",
        "cumulative": false
    },
    {
        "date": "2021-02-19T18:21:10.919Z",
        "value": "3.1234619647140818",
        "cumulative": false
    },
    {
        "date": "2021-02-19T18:22:21.092Z",
        "value": "3.2205484415572707",
        "cumulative": false
    },
    {
        "date": "2021-02-19T18:23:32.702Z",
        "value": "3.277868253124169",
        "cumulative": false
    },
    {
        "date": "2021-02-19T18:24:42.694Z",
        "value": "3.2002335828309127",
        "cumulative": false
    },
    {
        "date": "2021-02-19T18:25:52.893Z",
        "value": "3.1377995587005527",
        "cumulative": false
    },
    {
        "date": "2021-02-19T18:27:03.048Z",
        "value": "3.1155939081304704",
        "cumulative": false
    },
    {
        "date": "2021-02-19T18:28:15.301Z",
        "value": "3.525533992149134",
        "cumulative": false
    },
    {
        "date": "2021-02-19T18:29:26.847Z",
        "value": "3.1970187616171004",
        "cumulative": false
    },
    {
        "date": "2021-02-19T18:30:38.419Z",
        "value": "3.3468758241033756",
        "cumulative": false
    },
    {
        "date": "2021-02-19T18:31:48.457Z",
        "value": "3.241685857491195",
        "cumulative": false
    },
    {
        "date": "2021-02-19T18:33:04.002Z",
        "value": "3.1942074867174037",
        "cumulative": false
    },
    {
        "date": "2021-02-19T18:34:13.649Z",
        "value": "3.176859802684029",
        "cumulative": false
    },
    {
        "date": "2021-02-19T18:35:26.244Z",
        "value": "3.3336152991806043",
        "cumulative": false
    },
    {
        "date": "2021-02-19T18:36:35.536Z",
        "value": "3.1670131769654977",
        "cumulative": false
    },
    {
        "date": "2021-02-19T18:37:45.499Z",
        "value": "3.1039870052224177",
        "cumulative": false
    },
    {
        "date": "2021-02-19T18:38:55.859Z",
        "value": "3.298051174331761",
        "cumulative": false
    },
    {
        "date": "2021-02-19T18:40:06.574Z",
        "value": "3.1066170994909013",
        "cumulative": false
    },
    {
        "date": "2021-02-19T18:41:15.688Z",
        "value": "3.126534929501979",
        "cumulative": false
    },
    {
        "date": "2021-02-19T18:42:24.965Z",
        "value": "3.2316113530726653",
        "cumulative": false
    },
    {
        "date": "2021-02-19T18:43:35.117Z",
        "value": "3.2916708846830987",
        "cumulative": false
    },
    {
        "date": "2021-02-19T18:44:46.375Z",
        "value": "3.089157611025377",
        "cumulative": false
    },
    {
        "date": "2021-02-19T18:45:54.197Z",
        "value": "3.080336462795301",
        "cumulative": false
    },
    {
        "date": "2021-02-19T18:47:03.671Z",
        "value": "3.1420138643744706",
        "cumulative": false
    },
    {
        "date": "2021-02-19T18:48:15.119Z",
        "value": "3.197074275362319",
        "cumulative": false
    },
    {
        "date": "2021-02-19T18:49:25.145Z",
        "value": "3.3373593372381847",
        "cumulative": false
    },
    {
        "date": "2021-02-19T18:50:36.548Z",
        "value": "3.1961344636059335",
        "cumulative": false
    },
    {
        "date": "2021-02-19T18:51:48.588Z",
        "value": "3.23962627253004",
        "cumulative": false
    },
    {
        "date": "2021-02-19T18:52:55.619Z",
        "value": "3.2489456803831334",
        "cumulative": false
    },
    {
        "date": "2021-02-19T18:54:05.343Z",
        "value": "3.1747377692280354",
        "cumulative": false
    },
    {
        "date": "2021-02-19T18:55:14.339Z",
        "value": "3.3469070014674323",
        "cumulative": false
    },
    {
        "date": "2021-02-19T18:56:29.093Z",
        "value": "3.085358234666149",
        "cumulative": false
    },
    {
        "date": "2021-02-19T18:57:39.730Z",
        "value": "3.0917895813883702",
        "cumulative": false
    },
    {
        "date": "2021-02-19T18:58:47.306Z",
        "value": "3.171730535027837",
        "cumulative": false
    },
    {
        "date": "2021-02-19T19:00:01.902Z",
        "value": "3.129844700049491",
        "cumulative": false
    },
    {
        "date": "2021-02-19T19:01:10.925Z",
        "value": "3.2492383027365235",
        "cumulative": false
    },
    {
        "date": "2021-02-19T19:02:19.459Z",
        "value": "3.057387438187713",
        "cumulative": false
    },
    {
        "date": "2021-02-19T19:03:29.542Z",
        "value": "3.355186024526435",
        "cumulative": false
    },
    {
        "date": "2021-02-19T19:04:37.878Z",
        "value": "3.4029146030720643",
        "cumulative": false
    },
    {
        "date": "2021-02-19T19:05:48.157Z",
        "value": "3.0323965842627856",
        "cumulative": false
    },
    {
        "date": "2021-02-19T19:06:59.363Z",
        "value": "3.2159292276941684",
        "cumulative": false
    },
    {
        "date": "2021-02-19T19:08:11.837Z",
        "value": "3.291739811445865",
        "cumulative": false
    },
    {
        "date": "2021-02-19T19:08:58.558Z",
        "value": "3.151982307434082",
        "cumulative": false
    },
    {
        "date": "2021-02-19T19:09:20.617Z",
        "value": "2.7794056485462737",
        "cumulative": false
    },
    {
        "date": "2021-02-19T19:10:31.802Z",
        "value": "3.162519607929052",
        "cumulative": false
    },
    {
        "date": "2021-02-19T19:11:42.944Z",
        "value": "3.3738168414718017",
        "cumulative": false
    },
    {
        "date": "2021-02-19T19:12:52.216Z",
        "value": "3.0222410831151834",
        "cumulative": false
    },
    {
        "date": "2021-02-19T19:14:01.792Z",
        "value": "3.1566108342679446",
        "cumulative": false
    },
    {
        "date": "2021-02-19T19:15:12.953Z",
        "value": "3.2331711184823093",
        "cumulative": false
    },
    {
        "date": "2021-02-19T19:16:24.102Z",
        "value": "3.185029388593673",
        "cumulative": false
    },
    {
        "date": "2021-02-19T19:17:35.004Z",
        "value": "3.179698289217422",
        "cumulative": false
    },
    {
        "date": "2021-02-19T19:18:45.199Z",
        "value": "3.1739903231298165",
        "cumulative": false
    },
    {
        "date": "2021-02-19T19:19:53.530Z",
        "value": "3.1707292600059738",
        "cumulative": false
    },
    {
        "date": "2021-02-19T19:21:03.468Z",
        "value": "3.09769188342808",
        "cumulative": false
    },
    {
        "date": "2021-02-19T19:22:15.821Z",
        "value": "3.3623803858576142",
        "cumulative": false
    },
    {
        "date": "2021-02-19T19:23:27.752Z",
        "value": "3.0892455615058525",
        "cumulative": false
    },
    {
        "date": "2021-02-19T19:24:38.712Z",
        "value": "3.336036117134904",
        "cumulative": false
    },
    {
        "date": "2021-02-19T19:25:47.413Z",
        "value": "3.1725937317464954",
        "cumulative": false
    },
    {
        "date": "2021-02-19T19:26:59.586Z",
        "value": "3.1875317628252513",
        "cumulative": false
    },
    {
        "date": "2021-02-19T19:28:09.655Z",
        "value": "3.2562508773161145",
        "cumulative": false
    },
    {
        "date": "2021-02-19T19:29:18.183Z",
        "value": "3.1801172496025436",
        "cumulative": false
    },
    {
        "date": "2021-02-19T19:30:29.008Z",
        "value": "3.1834849281775974",
        "cumulative": false
    },
    {
        "date": "2021-02-19T19:31:40.369Z",
        "value": "2.950421525186567",
        "cumulative": false
    },
    {
        "date": "2021-02-19T19:32:48.484Z",
        "value": "3.027139144447824",
        "cumulative": false
    },
    {
        "date": "2021-02-19T19:33:58.211Z",
        "value": "3.045894557119205",
        "cumulative": false
    },
    {
        "date": "2021-02-19T19:35:08.764Z",
        "value": "3.13034480476223",
        "cumulative": false
    },
    {
        "date": "2021-02-19T19:36:20.536Z",
        "value": "3.032697619943309",
        "cumulative": false
    },
    {
        "date": "2021-02-19T19:37:34.138Z",
        "value": "3.169788719789047",
        "cumulative": false
    },
    {
        "date": "2021-02-19T19:38:43.648Z",
        "value": "3.0335190051184653",
        "cumulative": false
    },
    {
        "date": "2021-02-19T19:39:51.845Z",
        "value": "3.12327866307947",
        "cumulative": false
    },
    {
        "date": "2021-02-19T19:41:04.773Z",
        "value": "3.106404088526811",
        "cumulative": false
    },
    {
        "date": "2021-02-19T19:42:14.646Z",
        "value": "3.4931419287048566",
        "cumulative": false
    },
    {
        "date": "2021-02-19T19:43:26.449Z",
        "value": "3.138387793431089",
        "cumulative": false
    },
    {
        "date": "2021-02-19T19:44:37.163Z",
        "value": "3.1924020900974024",
        "cumulative": false
    },
    {
        "date": "2021-02-19T19:45:47.049Z",
        "value": "3.0469076557523884",
        "cumulative": false
    },
    {
        "date": "2021-02-19T19:46:55.337Z",
        "value": "3.186245353533728",
        "cumulative": false
    },
    {
        "date": "2021-02-19T19:48:05.148Z",
        "value": "3.1614445034519383",
        "cumulative": false
    },
    {
        "date": "2021-02-19T19:49:15.643Z",
        "value": "3.0890685808518996",
        "cumulative": false
    },
    {
        "date": "2021-02-19T19:50:25.956Z",
        "value": "3.1531877957544654",
        "cumulative": false
    },
    {
        "date": "2021-02-19T19:51:37.704Z",
        "value": "3.1017757451487467",
        "cumulative": false
    },
    {
        "date": "2021-02-19T19:52:49.732Z",
        "value": "3.1292331349855944",
        "cumulative": false
    },
    {
        "date": "2021-02-19T19:54:00.389Z",
        "value": "3.0295254877071085",
        "cumulative": false
    },
    {
        "date": "2021-02-19T19:55:10.339Z",
        "value": "3.0388226333153785",
        "cumulative": false
    },
    {
        "date": "2021-02-19T19:56:21.521Z",
        "value": "3.2115459715279653",
        "cumulative": false
    },
    {
        "date": "2021-02-19T19:57:33.110Z",
        "value": "3.234360365634006",
        "cumulative": false
    },
    {
        "date": "2021-02-19T19:58:43.646Z",
        "value": "3.1481684715769336",
        "cumulative": false
    },
    {
        "date": "2021-02-19T19:59:52.390Z",
        "value": "3.104705943811408",
        "cumulative": false
    },
    {
        "date": "2021-02-19T20:01:04.454Z",
        "value": "3.1894004589787723",
        "cumulative": false
    },
    {
        "date": "2021-02-19T20:02:16.370Z",
        "value": "2.988781015561638",
        "cumulative": false
    },
    {
        "date": "2021-02-19T20:03:24.969Z",
        "value": "3.183510469004617",
        "cumulative": false
    },
    {
        "date": "2021-02-19T20:04:35.231Z",
        "value": "3.14517774217413",
        "cumulative": false
    },
    {
        "date": "2021-02-19T20:05:45.842Z",
        "value": "2.891116727317454",
        "cumulative": false
    },
    {
        "date": "2021-02-19T20:06:54.436Z",
        "value": "3.0179366936336716",
        "cumulative": false
    },
    {
        "date": "2021-02-19T20:08:03.139Z",
        "value": "3.112893890530412",
        "cumulative": false
    },
    {
        "date": "2021-02-19T20:09:13.828Z",
        "value": "3.116567240024597",
        "cumulative": false
    },
    {
        "date": "2021-02-19T20:10:21.988Z",
        "value": "3.026581178425529",
        "cumulative": false
    },
    {
        "date": "2021-02-19T20:11:31.450Z",
        "value": "3.063820926401706",
        "cumulative": false
    },
    {
        "date": "2021-02-19T20:12:40.585Z",
        "value": "3.0776333725948866",
        "cumulative": false
    },
    {
        "date": "2021-02-19T20:13:51.434Z",
        "value": "3.009907287722109",
        "cumulative": false
    },
    {
        "date": "2021-02-19T20:15:00.972Z",
        "value": "3.0125720717802538",
        "cumulative": false
    },
    {
        "date": "2021-02-19T20:16:10.158Z",
        "value": "3.1166865182348795",
        "cumulative": false
    },
    {
        "date": "2021-02-19T20:17:20.542Z",
        "value": "3.178313817276838",
        "cumulative": false
    },
    {
        "date": "2021-02-19T20:18:31.131Z",
        "value": "3.0931615013896807",
        "cumulative": false
    },
    {
        "date": "2021-02-19T20:19:42.155Z",
        "value": "2.9378514957074664",
        "cumulative": false
    },
    {
        "date": "2021-02-19T20:20:55.496Z",
        "value": "3.0748789536768766",
        "cumulative": false
    },
    {
        "date": "2021-02-19T20:22:05.110Z",
        "value": "3.1920920969330333",
        "cumulative": false
    },
    {
        "date": "2021-02-19T20:23:16.254Z",
        "value": "3.3416273415560376",
        "cumulative": false
    },
    {
        "date": "2021-02-19T20:24:27.025Z",
        "value": "3.0438679828902715",
        "cumulative": false
    },
    {
        "date": "2021-02-19T20:25:36.351Z",
        "value": "3.0257748634749397",
        "cumulative": false
    },
    {
        "date": "2021-02-19T20:26:46.623Z",
        "value": "3.0793592239746603",
        "cumulative": false
    },
    {
        "date": "2021-02-19T20:27:58.470Z",
        "value": "3.193808132641231",
        "cumulative": false
    },
    {
        "date": "2021-02-19T20:29:08.895Z",
        "value": "3.100788549395438",
        "cumulative": false
    },
    {
        "date": "2021-02-19T20:30:18.101Z",
        "value": "3.0742561701703033",
        "cumulative": false
    },
    {
        "date": "2021-02-19T20:31:30.375Z",
        "value": "2.9371529701349717",
        "cumulative": false
    },
    {
        "date": "2021-02-19T20:32:43.954Z",
        "value": "2.944361600968188",
        "cumulative": false
    },
    {
        "date": "2021-02-19T20:33:55.052Z",
        "value": "3.1006391747623705",
        "cumulative": false
    },
    {
        "date": "2021-02-19T20:35:06.477Z",
        "value": "3.0201681967662375",
        "cumulative": false
    },
    {
        "date": "2021-02-19T20:36:17.503Z",
        "value": "2.9498575924841552",
        "cumulative": false
    },
    {
        "date": "2021-02-19T20:37:26.869Z",
        "value": "3.13638134765625",
        "cumulative": false
    },
    {
        "date": "2021-02-19T20:38:37.768Z",
        "value": "3.2430681120360263",
        "cumulative": false
    },
    {
        "date": "2021-02-19T20:39:47.832Z",
        "value": "3.152827510127315",
        "cumulative": false
    },
    {
        "date": "2021-02-19T20:40:33.650Z",
        "value": "3.05441951751709",
        "cumulative": false
    },
    {
        "date": "2021-02-19T20:40:55.582Z",
        "value": "2.9251553359501075",
        "cumulative": false
    },
    {
        "date": "2021-02-19T20:42:07.586Z",
        "value": "3.061025122105644",
        "cumulative": false
    },
    {
        "date": "2021-02-19T20:43:20.424Z",
        "value": "3.1540865626678305",
        "cumulative": false
    },
    {
        "date": "2021-02-19T20:44:29.977Z",
        "value": "3.0681829491169657",
        "cumulative": false
    },
    {
        "date": "2021-02-19T20:45:40.387Z",
        "value": "3.1200046875",
        "cumulative": false
    },
    {
        "date": "2021-02-19T20:46:49.931Z",
        "value": "3.0548684351606363",
        "cumulative": false
    },
    {
        "date": "2021-02-19T20:48:00.390Z",
        "value": "2.9128879820703655",
        "cumulative": false
    },
    {
        "date": "2021-02-19T20:49:12.732Z",
        "value": "3.0114422947055646",
        "cumulative": false
    },
    {
        "date": "2021-02-19T20:50:23.657Z",
        "value": "2.8586609949226305",
        "cumulative": false
    },
    {
        "date": "2021-02-19T20:51:35.345Z",
        "value": "3.1360791131606294",
        "cumulative": false
    },
    {
        "date": "2021-02-19T20:52:46.086Z",
        "value": "2.934305924058195",
        "cumulative": false
    },
    {
        "date": "2021-02-19T20:53:54.297Z",
        "value": "3.036610083737546",
        "cumulative": false
    },
    {
        "date": "2021-02-19T20:55:05.576Z",
        "value": "3.144941123932326",
        "cumulative": false
    },
    {
        "date": "2021-02-19T20:56:14.804Z",
        "value": "3.032458705357143",
        "cumulative": false
    },
    {
        "date": "2021-02-19T20:57:26.456Z",
        "value": "2.995028231076339",
        "cumulative": false
    },
    {
        "date": "2021-02-19T20:58:38.818Z",
        "value": "2.9058768263557178",
        "cumulative": false
    },
    {
        "date": "2021-02-19T20:59:46.326Z",
        "value": "3.0701084505772007",
        "cumulative": false
    },
    {
        "date": "2021-02-19T21:00:55.986Z",
        "value": "2.815749463328129",
        "cumulative": false
    },
    {
        "date": "2021-02-19T21:02:05.493Z",
        "value": "3.0378377289407563",
        "cumulative": false
    },
    {
        "date": "2021-02-19T21:03:13.936Z",
        "value": "2.8812813258062215",
        "cumulative": false
    },
    {
        "date": "2021-02-19T21:04:24.463Z",
        "value": "3.0654703776041665",
        "cumulative": false
    },
    {
        "date": "2021-02-19T21:05:34.922Z",
        "value": "2.850780133928571",
        "cumulative": false
    },
    {
        "date": "2021-02-19T21:06:44.142Z",
        "value": "3.187103102505537",
        "cumulative": false
    },
    {
        "date": "2021-02-19T21:07:57.029Z",
        "value": "3.0281539825726287",
        "cumulative": false
    }
]