[
    {
        "date": "2021-02-19T16:05:50.255Z",
        "value": "3.0355911254882812",
        "cumulative": false
    },
    {
        "date": "2021-02-19T17:37:42.753Z",
        "value": "3.385636568069458",
        "cumulative": false
    },
    {
        "date": "2021-02-19T19:09:17.353Z",
        "value": "3.0535781383514404",
        "cumulative": false
    },
    {
        "date": "2021-02-19T20:40:52.559Z",
        "value": "3.063671827316284",
        "cumulative": false
    },
    {
        "date": "2021-02-19T21:08:46.229Z",
        "value": "0.9127168655395508",
        "cumulative": false
    }
]