[
    {
        "date": "2021-02-19T16:05:51.993Z",
        "value": "0.15527725219726562",
        "cumulative": false
    },
    {
        "date": "2021-02-19T17:37:40.841Z",
        "value": "0.15032052993774414",
        "cumulative": false
    },
    {
        "date": "2021-02-19T19:09:15.528Z",
        "value": "0.1434624195098877",
        "cumulative": false
    },
    {
        "date": "2021-02-19T20:40:50.664Z",
        "value": "0.15299534797668457",
        "cumulative": false
    },
    {
        "date": "2021-02-19T21:08:44.220Z",
        "value": "0.04714608192443848",
        "cumulative": false
    }
]