[
    {
        "date": "2021-02-19T16:05:50.017Z",
        "value": "0.13681745529174805",
        "cumulative": false
    },
    {
        "date": "2021-02-19T17:37:42.666Z",
        "value": "0.12601518630981445",
        "cumulative": false
    },
    {
        "date": "2021-02-19T19:09:17.444Z",
        "value": "0.12833261489868164",
        "cumulative": false
    },
    {
        "date": "2021-02-19T20:40:52.547Z",
        "value": "0.13759183883666992",
        "cumulative": false
    },
    {
        "date": "2021-02-19T21:08:46.068Z",
        "value": "0.0410921573638916",
        "cumulative": false
    }
]