[
    {
        "date": "2021-02-19T16:05:50.085Z",
        "value": "45.39508533477783",
        "cumulative": false
    },
    {
        "date": "2021-02-19T17:37:42.710Z",
        "value": "44.2556414604187",
        "cumulative": false
    },
    {
        "date": "2021-02-19T19:09:17.403Z",
        "value": "42.95842933654785",
        "cumulative": false
    },
    {
        "date": "2021-02-19T20:40:52.575Z",
        "value": "42.333956241607666",
        "cumulative": false
    },
    {
        "date": "2021-02-19T21:08:46.160Z",
        "value": "12.777769565582275",
        "cumulative": false
    }
]