[
    {
        "date": "2021-02-19T14:34:15.039Z",
        "value": "8.068680913927116",
        "cumulative": false
    },
    {
        "date": "2021-02-19T14:35:28.656Z",
        "value": "9.036821921349116",
        "cumulative": false
    },
    {
        "date": "2021-02-19T14:36:40.166Z",
        "value": "8.446495402053037",
        "cumulative": false
    },
    {
        "date": "2021-02-19T14:37:49.064Z",
        "value": "7.989074617720222",
        "cumulative": false
    },
    {
        "date": "2021-02-19T14:38:59.288Z",
        "value": "7.876474572563274",
        "cumulative": false
    },
    {
        "date": "2021-02-19T14:40:11.616Z",
        "value": "7.749240923037586",
        "cumulative": false
    },
    {
        "date": "2021-02-19T14:41:22.108Z",
        "value": "7.6202267229462874",
        "cumulative": false
    },
    {
        "date": "2021-02-19T14:42:31.125Z",
        "value": "7.396768877053042",
        "cumulative": false
    },
    {
        "date": "2021-02-19T14:43:40.422Z",
        "value": "6.898142731134793",
        "cumulative": false
    },
    {
        "date": "2021-02-19T14:44:50.773Z",
        "value": "6.65728955802969",
        "cumulative": false
    },
    {
        "date": "2021-02-19T14:46:04.611Z",
        "value": "6.105470907553162",
        "cumulative": false
    },
    {
        "date": "2021-02-19T14:47:16.072Z",
        "value": "5.848993213878598",
        "cumulative": false
    },
    {
        "date": "2021-02-19T14:48:27.001Z",
        "value": "5.609759240002919",
        "cumulative": false
    },
    {
        "date": "2021-02-19T14:49:40.209Z",
        "value": "5.238614906757279",
        "cumulative": false
    },
    {
        "date": "2021-02-19T14:50:50.323Z",
        "value": "5.130864709949467",
        "cumulative": false
    },
    {
        "date": "2021-02-19T14:52:02.841Z",
        "value": "4.872151928866802",
        "cumulative": false
    },
    {
        "date": "2021-02-19T14:53:10.149Z",
        "value": "4.614203661752772",
        "cumulative": false
    },
    {
        "date": "2021-02-19T14:54:21.909Z",
        "value": "4.61288449462819",
        "cumulative": false
    },
    {
        "date": "2021-02-19T14:55:32.306Z",
        "value": "4.365007904083843",
        "cumulative": false
    },
    {
        "date": "2021-02-19T14:56:43.790Z",
        "value": "4.367738651269144",
        "cumulative": false
    },
    {
        "date": "2021-02-19T14:57:52.719Z",
        "value": "4.358303462886155",
        "cumulative": false
    },
    {
        "date": "2021-02-19T14:59:06.562Z",
        "value": "4.1634980799788135",
        "cumulative": false
    },
    {
        "date": "2021-02-19T15:00:15.864Z",
        "value": "4.1822857013849735",
        "cumulative": false
    },
    {
        "date": "2021-02-19T15:01:26.495Z",
        "value": "4.471049248417722",
        "cumulative": false
    },
    {
        "date": "2021-02-19T15:02:41.645Z",
        "value": "4.111498652442682",
        "cumulative": false
    },
    {
        "date": "2021-02-19T15:03:50.306Z",
        "value": "4.0839868655249365",
        "cumulative": false
    },
    {
        "date": "2021-02-19T15:05:01.696Z",
        "value": "4.174155903259362",
        "cumulative": false
    },
    {
        "date": "2021-02-19T15:06:12.002Z",
        "value": "3.8901007741418527",
        "cumulative": false
    },
    {
        "date": "2021-02-19T15:07:20.431Z",
        "value": "4.085777812239728",
        "cumulative": false
    },
    {
        "date": "2021-02-19T15:08:31.014Z",
        "value": "3.7905343023158107",
        "cumulative": false
    },
    {
        "date": "2021-02-19T15:09:42.888Z",
        "value": "4.03005139228352",
        "cumulative": false
    },
    {
        "date": "2021-02-19T15:10:53.092Z",
        "value": "3.9804775726990402",
        "cumulative": false
    },
    {
        "date": "2021-02-19T15:12:01.126Z",
        "value": "3.7864884210864145",
        "cumulative": false
    },
    {
        "date": "2021-02-19T15:13:12.430Z",
        "value": "4.004074715053395",
        "cumulative": false
    },
    {
        "date": "2021-02-19T15:14:21.500Z",
        "value": "3.882955469381909",
        "cumulative": false
    },
    {
        "date": "2021-02-19T15:15:32.276Z",
        "value": "3.938189113213486",
        "cumulative": false
    },
    {
        "date": "2021-02-19T15:16:43.334Z",
        "value": "4.011641245039683",
        "cumulative": false
    },
    {
        "date": "2021-02-19T15:17:53.916Z",
        "value": "3.793087919309079",
        "cumulative": false
    },
    {
        "date": "2021-02-19T15:19:04.031Z",
        "value": "3.675646121318422",
        "cumulative": false
    },
    {
        "date": "2021-02-19T15:20:13.714Z",
        "value": "3.7187587978603602",
        "cumulative": false
    },
    {
        "date": "2021-02-19T15:21:25.352Z",
        "value": "3.6299432750938085",
        "cumulative": false
    },
    {
        "date": "2021-02-19T15:22:36.970Z",
        "value": "3.685535021551724",
        "cumulative": false
    },
    {
        "date": "2021-02-19T15:23:48.313Z",
        "value": "3.8048176389259063",
        "cumulative": false
    },
    {
        "date": "2021-02-19T15:24:58.481Z",
        "value": "3.6193628333702716",
        "cumulative": false
    },
    {
        "date": "2021-02-19T15:26:08.928Z",
        "value": "3.612188642117087",
        "cumulative": false
    },
    {
        "date": "2021-02-19T15:27:21.157Z",
        "value": "3.5668042559956397",
        "cumulative": false
    },
    {
        "date": "2021-02-19T15:28:33.326Z",
        "value": "3.6170126050952187",
        "cumulative": false
    },
    {
        "date": "2021-02-19T15:29:45.068Z",
        "value": "3.8025203301304655",
        "cumulative": false
    },
    {
        "date": "2021-02-19T15:30:54.950Z",
        "value": "3.746964337188009",
        "cumulative": false
    },
    {
        "date": "2021-02-19T15:32:05.740Z",
        "value": "3.732063062263258",
        "cumulative": false
    },
    {
        "date": "2021-02-19T15:33:15.451Z",
        "value": "3.476031139184397",
        "cumulative": false
    },
    {
        "date": "2021-02-19T15:34:25.862Z",
        "value": "3.550805643734388",
        "cumulative": false
    },
    {
        "date": "2021-02-19T15:35:37.206Z",
        "value": "3.569422225272024",
        "cumulative": false
    },
    {
        "date": "2021-02-19T15:36:45.487Z",
        "value": "3.5394490446552926",
        "cumulative": false
    },
    {
        "date": "2021-02-19T15:37:56.691Z",
        "value": "3.4946677453278796",
        "cumulative": false
    },
    {
        "date": "2021-02-19T15:39:06.978Z",
        "value": "3.5773898588189352",
        "cumulative": false
    },
    {
        "date": "2021-02-19T15:40:18.671Z",
        "value": "3.7758684449484465",
        "cumulative": false
    },
    {
        "date": "2021-02-19T15:41:30.038Z",
        "value": "3.617876296302719",
        "cumulative": false
    },
    {
        "date": "2021-02-19T15:42:39.367Z",
        "value": "3.6447785421244165",
        "cumulative": false
    },
    {
        "date": "2021-02-19T15:43:50.700Z",
        "value": "3.6692328137556927",
        "cumulative": false
    },
    {
        "date": "2021-02-19T15:45:01.783Z",
        "value": "3.533056872555183",
        "cumulative": false
    },
    {
        "date": "2021-02-19T15:46:12.820Z",
        "value": "3.5622631705381016",
        "cumulative": false
    },
    {
        "date": "2021-02-19T15:47:21.512Z",
        "value": "3.434589594221835",
        "cumulative": false
    },
    {
        "date": "2021-02-19T15:48:30.985Z",
        "value": "3.2116474557791217",
        "cumulative": false
    },
    {
        "date": "2021-02-19T15:49:41.812Z",
        "value": "3.666696439913618",
        "cumulative": false
    },
    {
        "date": "2021-02-19T15:50:50.559Z",
        "value": "3.6120593290561827",
        "cumulative": false
    },
    {
        "date": "2021-02-19T15:51:59.524Z",
        "value": "3.5954860562957816",
        "cumulative": false
    },
    {
        "date": "2021-02-19T15:53:09.930Z",
        "value": "3.610599415520459",
        "cumulative": false
    },
    {
        "date": "2021-02-19T15:54:20.965Z",
        "value": "3.7939705796545744",
        "cumulative": false
    },
    {
        "date": "2021-02-19T15:55:31.213Z",
        "value": "3.5965283070799456",
        "cumulative": false
    },
    {
        "date": "2021-02-19T15:56:44.444Z",
        "value": "3.4119651188670534",
        "cumulative": false
    },
    {
        "date": "2021-02-19T15:57:55.076Z",
        "value": "3.5916536306752036",
        "cumulative": false
    },
    {
        "date": "2021-02-19T15:59:05.095Z",
        "value": "3.675826723735269",
        "cumulative": false
    },
    {
        "date": "2021-02-19T16:00:14.612Z",
        "value": "3.455950324018828",
        "cumulative": false
    },
    {
        "date": "2021-02-19T16:01:26.847Z",
        "value": "3.3834716932735116",
        "cumulative": false
    },
    {
        "date": "2021-02-19T16:02:35.512Z",
        "value": "3.5129220330804047",
        "cumulative": false
    },
    {
        "date": "2021-02-19T16:03:46.244Z",
        "value": "3.444157927852349",
        "cumulative": false
    },
    {
        "date": "2021-02-19T16:04:56.037Z",
        "value": "3.5083062287414966",
        "cumulative": false
    },
    {
        "date": "2021-02-19T16:05:42.485Z",
        "value": "3.445197105407715",
        "cumulative": false
    },
    {
        "date": "2021-02-19T16:05:55.756Z",
        "value": "3.0398548054245285",
        "cumulative": false
    },
    {
        "date": "2021-02-19T16:07:08.838Z",
        "value": "3.293486575220022",
        "cumulative": false
    },
    {
        "date": "2021-02-19T16:08:17.609Z",
        "value": "3.2427562154451377",
        "cumulative": false
    },
    {
        "date": "2021-02-19T16:09:29.090Z",
        "value": "3.487869617550872",
        "cumulative": false
    },
    {
        "date": "2021-02-19T16:10:40.271Z",
        "value": "3.5672450991536095",
        "cumulative": false
    },
    {
        "date": "2021-02-19T16:11:53.244Z",
        "value": "3.4959416073148915",
        "cumulative": false
    },
    {
        "date": "2021-02-19T16:13:03.936Z",
        "value": "3.1249424323266646",
        "cumulative": false
    },
    {
        "date": "2021-02-19T16:14:12.780Z",
        "value": "3.270711454583218",
        "cumulative": false
    },
    {
        "date": "2021-02-19T16:15:23.825Z",
        "value": "3.4256379531340264",
        "cumulative": false
    },
    {
        "date": "2021-02-19T16:16:35.897Z",
        "value": "3.6619538802601648",
        "cumulative": false
    },
    {
        "date": "2021-02-19T16:17:47.390Z",
        "value": "3.35205507535461",
        "cumulative": false
    },
    {
        "date": "2021-02-19T16:18:57.202Z",
        "value": "3.4601575164751903",
        "cumulative": false
    },
    {
        "date": "2021-02-19T16:20:04.418Z",
        "value": "3.470437159971983",
        "cumulative": false
    },
    {
        "date": "2021-02-19T16:21:12.094Z",
        "value": "3.4071722787185754",
        "cumulative": false
    },
    {
        "date": "2021-02-19T16:22:21.533Z",
        "value": "3.5099954959816686",
        "cumulative": false
    },
    {
        "date": "2021-02-19T16:23:31.767Z",
        "value": "3.376582612025055",
        "cumulative": false
    },
    {
        "date": "2021-02-19T16:24:41.645Z",
        "value": "3.370238405498448",
        "cumulative": false
    },
    {
        "date": "2021-02-19T16:25:50.075Z",
        "value": "3.264859058817879",
        "cumulative": false
    },
    {
        "date": "2021-02-19T16:27:00.133Z",
        "value": "3.5899491879419365",
        "cumulative": false
    },
    {
        "date": "2021-02-19T16:28:10.950Z",
        "value": "3.483271673532813",
        "cumulative": false
    },
    {
        "date": "2021-02-19T16:29:19.808Z",
        "value": "3.4387177861906086",
        "cumulative": false
    },
    {
        "date": "2021-02-19T16:30:30.747Z",
        "value": "3.285679936925054",
        "cumulative": false
    },
    {
        "date": "2021-02-19T16:31:40.106Z",
        "value": "3.3696053465502387",
        "cumulative": false
    },
    {
        "date": "2021-02-19T16:32:50.759Z",
        "value": "3.4585827094549124",
        "cumulative": false
    },
    {
        "date": "2021-02-19T16:34:04.387Z",
        "value": "3.482564357069672",
        "cumulative": false
    },
    {
        "date": "2021-02-19T16:35:14.802Z",
        "value": "3.407736576573611",
        "cumulative": false
    },
    {
        "date": "2021-02-19T16:36:24.271Z",
        "value": "3.289823049861587",
        "cumulative": false
    },
    {
        "date": "2021-02-19T16:37:35.639Z",
        "value": "3.493356515993494",
        "cumulative": false
    },
    {
        "date": "2021-02-19T16:38:45.472Z",
        "value": "3.4245789521549335",
        "cumulative": false
    },
    {
        "date": "2021-02-19T16:39:56.562Z",
        "value": "3.517085347605893",
        "cumulative": false
    },
    {
        "date": "2021-02-19T16:41:06.227Z",
        "value": "3.3360098172000576",
        "cumulative": false
    },
    {
        "date": "2021-02-19T16:42:20.395Z",
        "value": "3.346650901773416",
        "cumulative": false
    },
    {
        "date": "2021-02-19T16:43:31.605Z",
        "value": "3.436097645429363",
        "cumulative": false
    },
    {
        "date": "2021-02-19T16:44:41.558Z",
        "value": "3.309718794217906",
        "cumulative": false
    },
    {
        "date": "2021-02-19T16:45:51.914Z",
        "value": "3.3443188924402447",
        "cumulative": false
    },
    {
        "date": "2021-02-19T16:47:01.540Z",
        "value": "3.348723528579984",
        "cumulative": false
    },
    {
        "date": "2021-02-19T16:48:14.093Z",
        "value": "3.489534953172783",
        "cumulative": false
    },
    {
        "date": "2021-02-19T16:49:26.085Z",
        "value": "3.3542643497526794",
        "cumulative": false
    },
    {
        "date": "2021-02-19T16:50:37.564Z",
        "value": "3.406276170222144",
        "cumulative": false
    },
    {
        "date": "2021-02-19T16:51:48.424Z",
        "value": "3.1806758638595167",
        "cumulative": false
    },
    {
        "date": "2021-02-19T16:52:59.049Z",
        "value": "3.2999539223717234",
        "cumulative": false
    },
    {
        "date": "2021-02-19T16:54:08.465Z",
        "value": "3.4622880813670047",
        "cumulative": false
    },
    {
        "date": "2021-02-19T16:55:19.876Z",
        "value": "3.3998285215307775",
        "cumulative": false
    },
    {
        "date": "2021-02-19T16:56:31.591Z",
        "value": "3.311597378014582",
        "cumulative": false
    },
    {
        "date": "2021-02-19T16:57:42.631Z",
        "value": "3.3952365301724137",
        "cumulative": false
    },
    {
        "date": "2021-02-19T16:58:53.408Z",
        "value": "3.4059205973168654",
        "cumulative": false
    },
    {
        "date": "2021-02-19T17:00:03.731Z",
        "value": "3.3172836407568744",
        "cumulative": false
    },
    {
        "date": "2021-02-19T17:01:17.775Z",
        "value": "3.4263597215924944",
        "cumulative": false
    },
    {
        "date": "2021-02-19T17:02:27.429Z",
        "value": "3.1203718705610797",
        "cumulative": false
    },
    {
        "date": "2021-02-19T17:03:38.060Z",
        "value": "3.175915043478984",
        "cumulative": false
    },
    {
        "date": "2021-02-19T17:04:50.617Z",
        "value": "3.5336807795933316",
        "cumulative": false
    },
    {
        "date": "2021-02-19T17:05:58.842Z",
        "value": "3.366861586262824",
        "cumulative": false
    },
    {
        "date": "2021-02-19T17:07:09.348Z",
        "value": "3.4321454439042767",
        "cumulative": false
    },
    {
        "date": "2021-02-19T17:08:20.188Z",
        "value": "3.0963979208839407",
        "cumulative": false
    },
    {
        "date": "2021-02-19T17:09:28.527Z",
        "value": "3.2939453125",
        "cumulative": false
    },
    {
        "date": "2021-02-19T17:10:39.261Z",
        "value": "3.1531764439174106",
        "cumulative": false
    },
    {
        "date": "2021-02-19T17:11:51.848Z",
        "value": "3.3608838097523837",
        "cumulative": false
    },
    {
        "date": "2021-02-19T17:13:01.142Z",
        "value": "3.2606970813261547",
        "cumulative": false
    },
    {
        "date": "2021-02-19T17:14:10.906Z",
        "value": "3.3536986821941737",
        "cumulative": false
    },
    {
        "date": "2021-02-19T17:15:21.246Z",
        "value": "3.184855576457139",
        "cumulative": false
    },
    {
        "date": "2021-02-19T17:16:31.026Z",
        "value": "3.2448537335192698",
        "cumulative": false
    },
    {
        "date": "2021-02-19T17:17:41.386Z",
        "value": "3.2117552718495936",
        "cumulative": false
    },
    {
        "date": "2021-02-19T17:18:51.217Z",
        "value": "3.40132549725097",
        "cumulative": false
    },
    {
        "date": "2021-02-19T17:20:01.344Z",
        "value": "3.4266070308479155",
        "cumulative": false
    },
    {
        "date": "2021-02-19T17:21:13.263Z",
        "value": "3.2158618031793558",
        "cumulative": false
    },
    {
        "date": "2021-02-19T17:22:23.419Z",
        "value": "3.4837618876145147",
        "cumulative": false
    },
    {
        "date": "2021-02-19T17:23:33.804Z",
        "value": "3.3566976190084277",
        "cumulative": false
    },
    {
        "date": "2021-02-19T17:24:43.688Z",
        "value": "3.4161262713482365",
        "cumulative": false
    },
    {
        "date": "2021-02-19T17:25:53.988Z",
        "value": "3.2211345488478322",
        "cumulative": false
    },
    {
        "date": "2021-02-19T17:27:04.701Z",
        "value": "3.5348406164816977",
        "cumulative": false
    },
    {
        "date": "2021-02-19T17:28:19.560Z",
        "value": "3.2620639461346466",
        "cumulative": false
    },
    {
        "date": "2021-02-19T17:29:28.460Z",
        "value": "3.2665211521533046",
        "cumulative": false
    },
    {
        "date": "2021-02-19T17:30:39.845Z",
        "value": "3.248219193340627",
        "cumulative": false
    },
    {
        "date": "2021-02-19T17:31:50.636Z",
        "value": "3.430273955570292",
        "cumulative": false
    },
    {
        "date": "2021-02-19T17:33:02.301Z",
        "value": "3.1972677885281087",
        "cumulative": false
    },
    {
        "date": "2021-02-19T17:34:14.461Z",
        "value": "3.22102053370228",
        "cumulative": false
    },
    {
        "date": "2021-02-19T17:35:25.864Z",
        "value": "3.3029207814156947",
        "cumulative": false
    },
    {
        "date": "2021-02-19T17:36:38.588Z",
        "value": "3.295758695991942",
        "cumulative": false
    },
    {
        "date": "2021-02-19T17:37:23.871Z",
        "value": "3.240283250808716",
        "cumulative": false
    },
    {
        "date": "2021-02-19T17:37:46.088Z",
        "value": "2.6688462370612833",
        "cumulative": false
    },
    {
        "date": "2021-02-19T17:38:57.739Z",
        "value": "3.481047433803301",
        "cumulative": false
    },
    {
        "date": "2021-02-19T17:40:08.580Z",
        "value": "2.988108261951517",
        "cumulative": false
    },
    {
        "date": "2021-02-19T17:41:19.794Z",
        "value": "3.34061758375485",
        "cumulative": false
    },
    {
        "date": "2021-02-19T17:42:29.857Z",
        "value": "3.210014713578626",
        "cumulative": false
    },
    {
        "date": "2021-02-19T17:43:40.758Z",
        "value": "3.117250716823811",
        "cumulative": false
    },
    {
        "date": "2021-02-19T17:44:50.184Z",
        "value": "3.348901324924264",
        "cumulative": false
    },
    {
        "date": "2021-02-19T17:46:00.907Z",
        "value": "3.2072878737991943",
        "cumulative": false
    },
    {
        "date": "2021-02-19T17:47:08.964Z",
        "value": "3.1623010666575793",
        "cumulative": false
    },
    {
        "date": "2021-02-19T17:48:22.913Z",
        "value": "3.054415552770816",
        "cumulative": false
    },
    {
        "date": "2021-02-19T17:49:34.864Z",
        "value": "3.4955391753850873",
        "cumulative": false
    },
    {
        "date": "2021-02-19T17:50:45.776Z",
        "value": "3.251773100716109",
        "cumulative": false
    },
    {
        "date": "2021-02-19T17:51:55.724Z",
        "value": "3.2263681853320785",
        "cumulative": false
    },
    {
        "date": "2021-02-19T17:53:05.229Z",
        "value": "3.27984970963579",
        "cumulative": false
    },
    {
        "date": "2021-02-19T17:54:16.545Z",
        "value": "3.4065187571041724",
        "cumulative": false
    },
    {
        "date": "2021-02-19T17:55:26.562Z",
        "value": "3.3615242239932885",
        "cumulative": false
    },
    {
        "date": "2021-02-19T17:56:37.358Z",
        "value": "3.367039771996398",
        "cumulative": false
    },
    {
        "date": "2021-02-19T17:57:48.071Z",
        "value": "3.3836065406766154",
        "cumulative": false
    },
    {
        "date": "2021-02-19T17:59:00.141Z",
        "value": "3.4072186935607114",
        "cumulative": false
    },
    {
        "date": "2021-02-19T18:00:08.039Z",
        "value": "3.370122755131129",
        "cumulative": false
    },
    {
        "date": "2021-02-19T18:01:16.525Z",
        "value": "3.1322885930793993",
        "cumulative": false
    },
    {
        "date": "2021-02-19T18:02:27.241Z",
        "value": "3.137303027620397",
        "cumulative": false
    },
    {
        "date": "2021-02-19T18:03:35.138Z",
        "value": "3.3375926658003507",
        "cumulative": false
    },
    {
        "date": "2021-02-19T18:04:45.629Z",
        "value": "3.3089754836120293",
        "cumulative": false
    },
    {
        "date": "2021-02-19T18:05:57.470Z",
        "value": "3.2332613332290796",
        "cumulative": false
    },
    {
        "date": "2021-02-19T18:07:08.609Z",
        "value": "3.446610726451422",
        "cumulative": false
    },
    {
        "date": "2021-02-19T18:08:20.465Z",
        "value": "3.2942004053447835",
        "cumulative": false
    },
    {
        "date": "2021-02-19T18:09:30.677Z",
        "value": "2.970104757509275",
        "cumulative": false
    },
    {
        "date": "2021-02-19T18:10:39.289Z",
        "value": "3.2401293712275407",
        "cumulative": false
    },
    {
        "date": "2021-02-19T18:11:48.453Z",
        "value": "3.3266564651390387",
        "cumulative": false
    },
    {
        "date": "2021-02-19T18:12:59.984Z",
        "value": "3.1840213348016095",
        "cumulative": false
    },
    {
        "date": "2021-02-19T18:14:10.787Z",
        "value": "3.2936018962877203",
        "cumulative": false
    },
    {
        "date": "2021-02-19T18:15:19.572Z",
        "value": "3.1726392421385885",
        "cumulative": false
    },
    {
        "date": "2021-02-19T18:16:29.198Z",
        "value": "3.2957199481355044",
        "cumulative": false
    },
    {
        "date": "2021-02-19T18:17:38.537Z",
        "value": "3.279066791985396",
        "cumulative": false
    },
    {
        "date": "2021-02-19T18:18:50.339Z",
        "value": "3.134126199648554",
        "cumulative": false
    },
    {
        "date": "2021-02-19T18:20:01.810Z",
        "value": "3.080670456659226",
        "cumulative": false
    },
    {
        "date": "2021-02-19T18:21:10.926Z",
        "value": "3.1700832032358783",
        "cumulative": false
    },
    {
        "date": "2021-02-19T18:22:21.094Z",
        "value": "3.178419990864799",
        "cumulative": false
    },
    {
        "date": "2021-02-19T18:23:32.722Z",
        "value": "3.3710016980870527",
        "cumulative": false
    },
    {
        "date": "2021-02-19T18:24:42.698Z",
        "value": "3.2291173534940674",
        "cumulative": false
    },
    {
        "date": "2021-02-19T18:25:52.900Z",
        "value": "3.3382857774904635",
        "cumulative": false
    },
    {
        "date": "2021-02-19T18:27:03.037Z",
        "value": "3.3966285888796626",
        "cumulative": false
    },
    {
        "date": "2021-02-19T18:28:15.307Z",
        "value": "3.1434712045595106",
        "cumulative": false
    },
    {
        "date": "2021-02-19T18:29:26.865Z",
        "value": "3.3420112809715095",
        "cumulative": false
    },
    {
        "date": "2021-02-19T18:30:38.425Z",
        "value": "3.3431144339139345",
        "cumulative": false
    },
    {
        "date": "2021-02-19T18:31:48.467Z",
        "value": "3.080550456661891",
        "cumulative": false
    },
    {
        "date": "2021-02-19T18:33:03.999Z",
        "value": "3.284584622423188",
        "cumulative": false
    },
    {
        "date": "2021-02-19T18:34:13.676Z",
        "value": "3.1124244122124494",
        "cumulative": false
    },
    {
        "date": "2021-02-19T18:35:26.249Z",
        "value": "3.3153558142006805",
        "cumulative": false
    },
    {
        "date": "2021-02-19T18:36:35.490Z",
        "value": "3.123713065763337",
        "cumulative": false
    },
    {
        "date": "2021-02-19T18:37:45.497Z",
        "value": "3.4085908573056107",
        "cumulative": false
    },
    {
        "date": "2021-02-19T18:38:55.875Z",
        "value": "3.1274707005665445",
        "cumulative": false
    },
    {
        "date": "2021-02-19T18:40:06.564Z",
        "value": "3.203367313123787",
        "cumulative": false
    },
    {
        "date": "2021-02-19T18:41:15.659Z",
        "value": "3.0021722560975608",
        "cumulative": false
    },
    {
        "date": "2021-02-19T18:42:24.951Z",
        "value": "3.1600711541330946",
        "cumulative": false
    },
    {
        "date": "2021-02-19T18:43:35.121Z",
        "value": "3.1759383434547908",
        "cumulative": false
    },
    {
        "date": "2021-02-19T18:44:46.405Z",
        "value": "3.2389597536606662",
        "cumulative": false
    },
    {
        "date": "2021-02-19T18:45:54.188Z",
        "value": "3.2131720210681882",
        "cumulative": false
    },
    {
        "date": "2021-02-19T18:47:03.679Z",
        "value": "3.1188541366416858",
        "cumulative": false
    },
    {
        "date": "2021-02-19T18:48:15.116Z",
        "value": "3.197420925938708",
        "cumulative": false
    },
    {
        "date": "2021-02-19T18:49:25.124Z",
        "value": "3.2444266887626263",
        "cumulative": false
    },
    {
        "date": "2021-02-19T18:50:36.556Z",
        "value": "3.2053121220475242",
        "cumulative": false
    },
    {
        "date": "2021-02-19T18:51:48.547Z",
        "value": "3.207105112406178",
        "cumulative": false
    },
    {
        "date": "2021-02-19T18:52:55.629Z",
        "value": "3.3857480905059134",
        "cumulative": false
    },
    {
        "date": "2021-02-19T18:54:05.349Z",
        "value": "3.2494479945968413",
        "cumulative": false
    },
    {
        "date": "2021-02-19T18:55:14.338Z",
        "value": "3.226965716780086",
        "cumulative": false
    },
    {
        "date": "2021-02-19T18:56:29.054Z",
        "value": "3.1216516285211267",
        "cumulative": false
    },
    {
        "date": "2021-02-19T18:57:39.740Z",
        "value": "3.0888551904176906",
        "cumulative": false
    },
    {
        "date": "2021-02-19T18:58:47.297Z",
        "value": "3.1412733330237743",
        "cumulative": false
    },
    {
        "date": "2021-02-19T19:00:01.912Z",
        "value": "3.2927225620741614",
        "cumulative": false
    },
    {
        "date": "2021-02-19T19:01:11.147Z",
        "value": "3.300714498957212",
        "cumulative": false
    },
    {
        "date": "2021-02-19T19:02:19.460Z",
        "value": "3.147432665804248",
        "cumulative": false
    },
    {
        "date": "2021-02-19T19:03:29.544Z",
        "value": "3.124208447071753",
        "cumulative": false
    },
    {
        "date": "2021-02-19T19:04:37.874Z",
        "value": "3.138972623736623",
        "cumulative": false
    },
    {
        "date": "2021-02-19T19:05:48.137Z",
        "value": "3.0120876072644527",
        "cumulative": false
    },
    {
        "date": "2021-02-19T19:06:59.355Z",
        "value": "3.131347925572256",
        "cumulative": false
    },
    {
        "date": "2021-02-19T19:08:11.859Z",
        "value": "3.2788465875893595",
        "cumulative": false
    },
    {
        "date": "2021-02-19T19:08:58.558Z",
        "value": "3.151982307434082",
        "cumulative": false
    },
    {
        "date": "2021-02-19T19:09:20.572Z",
        "value": "2.7743020337856743",
        "cumulative": false
    },
    {
        "date": "2021-02-19T19:10:31.762Z",
        "value": "3.2086415187376724",
        "cumulative": false
    },
    {
        "date": "2021-02-19T19:11:42.940Z",
        "value": "3.1786909635848537",
        "cumulative": false
    },
    {
        "date": "2021-02-19T19:12:52.165Z",
        "value": "3.168401042372594",
        "cumulative": false
    },
    {
        "date": "2021-02-19T19:14:01.795Z",
        "value": "3.164758284740473",
        "cumulative": false
    },
    {
        "date": "2021-02-19T19:15:12.960Z",
        "value": "3.157045141653397",
        "cumulative": false
    },
    {
        "date": "2021-02-19T19:16:23.542Z",
        "value": "3.2906643396902293",
        "cumulative": false
    },
    {
        "date": "2021-02-19T19:17:35.195Z",
        "value": "2.867377472141128",
        "cumulative": false
    },
    {
        "date": "2021-02-19T19:18:45.211Z",
        "value": "2.957216749647367",
        "cumulative": false
    },
    {
        "date": "2021-02-19T19:19:53.508Z",
        "value": "3.178182156286507",
        "cumulative": false
    },
    {
        "date": "2021-02-19T19:21:03.438Z",
        "value": "3.2278946862175104",
        "cumulative": false
    },
    {
        "date": "2021-02-19T19:22:15.827Z",
        "value": "3.181073481335212",
        "cumulative": false
    },
    {
        "date": "2021-02-19T19:23:27.741Z",
        "value": "3.0532530043308648",
        "cumulative": false
    },
    {
        "date": "2021-02-19T19:24:38.718Z",
        "value": "3.102877546947954",
        "cumulative": false
    },
    {
        "date": "2021-02-19T19:25:47.411Z",
        "value": "3.256440284869894",
        "cumulative": false
    },
    {
        "date": "2021-02-19T19:26:59.574Z",
        "value": "3.0747566616193263",
        "cumulative": false
    },
    {
        "date": "2021-02-19T19:28:09.629Z",
        "value": "3.2127378239382507",
        "cumulative": false
    },
    {
        "date": "2021-02-19T19:29:18.181Z",
        "value": "3.080533817027952",
        "cumulative": false
    },
    {
        "date": "2021-02-19T19:30:29.017Z",
        "value": "3.002573738956968",
        "cumulative": false
    },
    {
        "date": "2021-02-19T19:31:40.381Z",
        "value": "3.274027752663072",
        "cumulative": false
    },
    {
        "date": "2021-02-19T19:32:48.451Z",
        "value": "3.0074247555487275",
        "cumulative": false
    },
    {
        "date": "2021-02-19T19:33:58.218Z",
        "value": "3.0767549352794625",
        "cumulative": false
    },
    {
        "date": "2021-02-19T19:35:08.763Z",
        "value": "3.047100656575429",
        "cumulative": false
    },
    {
        "date": "2021-02-19T19:36:20.546Z",
        "value": "3.016656858766234",
        "cumulative": false
    },
    {
        "date": "2021-02-19T19:37:34.144Z",
        "value": "2.9723924241297235",
        "cumulative": false
    },
    {
        "date": "2021-02-19T19:38:43.637Z",
        "value": "3.008775137880011",
        "cumulative": false
    },
    {
        "date": "2021-02-19T19:39:52.028Z",
        "value": "3.171731901915548",
        "cumulative": false
    },
    {
        "date": "2021-02-19T19:41:04.737Z",
        "value": "3.06823253530887",
        "cumulative": false
    },
    {
        "date": "2021-02-19T19:42:14.661Z",
        "value": "3.074676592284905",
        "cumulative": false
    },
    {
        "date": "2021-02-19T19:43:26.439Z",
        "value": "3.1561929499570445",
        "cumulative": false
    },
    {
        "date": "2021-02-19T19:44:37.138Z",
        "value": "3.11993717118407",
        "cumulative": false
    },
    {
        "date": "2021-02-19T19:45:47.055Z",
        "value": "3.238722068158502",
        "cumulative": false
    },
    {
        "date": "2021-02-19T19:46:55.346Z",
        "value": "3.2486365281224154",
        "cumulative": false
    },
    {
        "date": "2021-02-19T19:48:05.133Z",
        "value": "3.081046570471482",
        "cumulative": false
    },
    {
        "date": "2021-02-19T19:49:15.664Z",
        "value": "3.0642978162650603",
        "cumulative": false
    },
    {
        "date": "2021-02-19T19:50:25.965Z",
        "value": "3.1460677553520764",
        "cumulative": false
    },
    {
        "date": "2021-02-19T19:51:37.652Z",
        "value": "2.9182094481457983",
        "cumulative": false
    },
    {
        "date": "2021-02-19T19:52:49.736Z",
        "value": "3.22567728073155",
        "cumulative": false
    },
    {
        "date": "2021-02-19T19:54:00.377Z",
        "value": "3.2764324871213155",
        "cumulative": false
    },
    {
        "date": "2021-02-19T19:55:10.330Z",
        "value": "3.0836324605855854",
        "cumulative": false
    },
    {
        "date": "2021-02-19T19:56:21.310Z",
        "value": "3.2214334512473175",
        "cumulative": false
    },
    {
        "date": "2021-02-19T19:57:33.114Z",
        "value": "3.186415233878653",
        "cumulative": false
    },
    {
        "date": "2021-02-19T19:58:43.654Z",
        "value": "3.145861917290806",
        "cumulative": false
    },
    {
        "date": "2021-02-19T19:59:52.409Z",
        "value": "3.033215217889184",
        "cumulative": false
    },
    {
        "date": "2021-02-19T20:01:04.455Z",
        "value": "2.99698883632444",
        "cumulative": false
    },
    {
        "date": "2021-02-19T20:02:16.343Z",
        "value": "3.0527332175925928",
        "cumulative": false
    },
    {
        "date": "2021-02-19T20:03:24.855Z",
        "value": "3.2405697925225967",
        "cumulative": false
    },
    {
        "date": "2021-02-19T20:04:35.240Z",
        "value": "3.0592071550166757",
        "cumulative": false
    },
    {
        "date": "2021-02-19T20:05:45.869Z",
        "value": "3.000945729139029",
        "cumulative": false
    },
    {
        "date": "2021-02-19T20:06:54.406Z",
        "value": "3.118950253041655",
        "cumulative": false
    },
    {
        "date": "2021-02-19T20:08:03.111Z",
        "value": "3.216862650920751",
        "cumulative": false
    },
    {
        "date": "2021-02-19T20:09:13.822Z",
        "value": "3.032002963756963",
        "cumulative": false
    },
    {
        "date": "2021-02-19T20:10:22.003Z",
        "value": "3.043855677628859",
        "cumulative": false
    },
    {
        "date": "2021-02-19T20:11:31.426Z",
        "value": "2.963717739940633",
        "cumulative": false
    },
    {
        "date": "2021-02-19T20:12:40.603Z",
        "value": "3.238670078780092",
        "cumulative": false
    },
    {
        "date": "2021-02-19T20:13:51.432Z",
        "value": "3.1797482431220097",
        "cumulative": false
    },
    {
        "date": "2021-02-19T20:15:00.977Z",
        "value": "3.111637443438914",
        "cumulative": false
    },
    {
        "date": "2021-02-19T20:16:10.154Z",
        "value": "2.8727795433547767",
        "cumulative": false
    },
    {
        "date": "2021-02-19T20:17:20.546Z",
        "value": "3.23464651298269",
        "cumulative": false
    },
    {
        "date": "2021-02-19T20:18:31.140Z",
        "value": "3.0472995235198703",
        "cumulative": false
    },
    {
        "date": "2021-02-19T20:19:41.974Z",
        "value": "3.172315905615791",
        "cumulative": false
    },
    {
        "date": "2021-02-19T20:20:55.505Z",
        "value": "3.11775135822623",
        "cumulative": false
    },
    {
        "date": "2021-02-19T20:22:05.122Z",
        "value": "3.136066227505352",
        "cumulative": false
    },
    {
        "date": "2021-02-19T20:23:16.248Z",
        "value": "3.0666702145776568",
        "cumulative": false
    },
    {
        "date": "2021-02-19T20:24:27.021Z",
        "value": "3.0009436325317855",
        "cumulative": false
    },
    {
        "date": "2021-02-19T20:25:36.376Z",
        "value": "3.0723360762347394",
        "cumulative": false
    },
    {
        "date": "2021-02-19T20:26:46.631Z",
        "value": "3.080043545564415",
        "cumulative": false
    },
    {
        "date": "2021-02-19T20:27:58.456Z",
        "value": "3.1662380841203834",
        "cumulative": false
    },
    {
        "date": "2021-02-19T20:29:08.896Z",
        "value": "3.0643221693190714",
        "cumulative": false
    },
    {
        "date": "2021-02-19T20:30:18.110Z",
        "value": "2.8535208361125934",
        "cumulative": false
    },
    {
        "date": "2021-02-19T20:31:30.390Z",
        "value": "3.1545398362016908",
        "cumulative": false
    },
    {
        "date": "2021-02-19T20:32:43.969Z",
        "value": "3.0944999568370166",
        "cumulative": false
    },
    {
        "date": "2021-02-19T20:33:55.257Z",
        "value": "3.2067884121531485",
        "cumulative": false
    },
    {
        "date": "2021-02-19T20:35:06.457Z",
        "value": "3.128109497333963",
        "cumulative": false
    },
    {
        "date": "2021-02-19T20:36:17.471Z",
        "value": "3.155141911268556",
        "cumulative": false
    },
    {
        "date": "2021-02-19T20:37:26.871Z",
        "value": "3.0716045939067573",
        "cumulative": false
    },
    {
        "date": "2021-02-19T20:38:37.749Z",
        "value": "3.1125151791135397",
        "cumulative": false
    },
    {
        "date": "2021-02-19T20:39:47.840Z",
        "value": "2.93459008097166",
        "cumulative": false
    },
    {
        "date": "2021-02-19T20:40:33.651Z",
        "value": "3.05441951751709",
        "cumulative": false
    },
    {
        "date": "2021-02-19T20:40:55.601Z",
        "value": "2.833344930836707",
        "cumulative": false
    },
    {
        "date": "2021-02-19T20:42:07.595Z",
        "value": "2.9626842353865706",
        "cumulative": false
    },
    {
        "date": "2021-02-19T20:43:20.435Z",
        "value": "3.0411984148784903",
        "cumulative": false
    },
    {
        "date": "2021-02-19T20:44:30.004Z",
        "value": "2.965383156700435",
        "cumulative": false
    },
    {
        "date": "2021-02-19T20:45:40.393Z",
        "value": "2.9383116738914157",
        "cumulative": false
    },
    {
        "date": "2021-02-19T20:46:49.915Z",
        "value": "3.001114643650687",
        "cumulative": false
    },
    {
        "date": "2021-02-19T20:48:00.352Z",
        "value": "3.2162459116925595",
        "cumulative": false
    },
    {
        "date": "2021-02-19T20:49:12.729Z",
        "value": "3.0183443223209423",
        "cumulative": false
    },
    {
        "date": "2021-02-19T20:50:23.656Z",
        "value": "3.0089268838205645",
        "cumulative": false
    },
    {
        "date": "2021-02-19T20:51:35.368Z",
        "value": "2.9134007982286394",
        "cumulative": false
    },
    {
        "date": "2021-02-19T20:52:46.076Z",
        "value": "3.0226055194805195",
        "cumulative": false
    },
    {
        "date": "2021-02-19T20:53:54.302Z",
        "value": "3.0986972894233493",
        "cumulative": false
    },
    {
        "date": "2021-02-19T20:55:05.574Z",
        "value": "2.939263328876538",
        "cumulative": false
    },
    {
        "date": "2021-02-19T20:56:14.815Z",
        "value": "3.179155676898691",
        "cumulative": false
    },
    {
        "date": "2021-02-19T20:57:26.411Z",
        "value": "3.0490808036806065",
        "cumulative": false
    },
    {
        "date": "2021-02-19T20:58:38.830Z",
        "value": "3.098032444877999",
        "cumulative": false
    },
    {
        "date": "2021-02-19T20:59:46.332Z",
        "value": "2.9408214729721003",
        "cumulative": false
    },
    {
        "date": "2021-02-19T21:00:56.192Z",
        "value": "2.9111825067243386",
        "cumulative": false
    },
    {
        "date": "2021-02-19T21:02:05.611Z",
        "value": "3.04782358935422",
        "cumulative": false
    },
    {
        "date": "2021-02-19T21:03:13.943Z",
        "value": "2.9362971670945233",
        "cumulative": false
    },
    {
        "date": "2021-02-19T21:04:24.475Z",
        "value": "3.0548398656337534",
        "cumulative": false
    },
    {
        "date": "2021-02-19T21:05:34.916Z",
        "value": "3.0370926076571587",
        "cumulative": false
    },
    {
        "date": "2021-02-19T21:06:44.128Z",
        "value": "3.0164132834141273",
        "cumulative": false
    },
    {
        "date": "2021-02-19T21:07:57.008Z",
        "value": "2.98739840908296",
        "cumulative": false
    }
]