[
    {
        "date": "2021-02-19T16:05:50.136Z",
        "value": "106.46845984458923",
        "cumulative": false
    },
    {
        "date": "2021-02-19T17:37:42.880Z",
        "value": "106.89361095428467",
        "cumulative": false
    },
    {
        "date": "2021-02-19T19:09:17.595Z",
        "value": "106.91813063621521",
        "cumulative": false
    },
    {
        "date": "2021-02-19T20:40:52.739Z",
        "value": "106.95303320884705",
        "cumulative": false
    },
    {
        "date": "2021-02-19T21:08:46.225Z",
        "value": "32.07859206199646",
        "cumulative": false
    }
]