[
    {
        "date": "2021-02-19T16:05:50.228Z",
        "value": "106.50495386123657",
        "cumulative": false
    },
    {
        "date": "2021-02-19T17:37:42.334Z",
        "value": "107.09043431282043",
        "cumulative": false
    },
    {
        "date": "2021-02-19T19:09:17.198Z",
        "value": "107.07441425323486",
        "cumulative": false
    },
    {
        "date": "2021-02-19T20:40:52.399Z",
        "value": "107.06988906860352",
        "cumulative": false
    },
    {
        "date": "2021-02-19T21:08:45.659Z",
        "value": "32.13560080528259",
        "cumulative": false
    }
]