[
    {
        "date": "2021-02-19T16:05:50.324Z",
        "value": "5481.929969549179",
        "cumulative": false
    },
    {
        "date": "2021-02-19T17:37:42.191Z",
        "value": "5478.266016244888",
        "cumulative": false
    },
    {
        "date": "2021-02-19T19:09:17.017Z",
        "value": "5462.634773731232",
        "cumulative": false
    },
    {
        "date": "2021-02-19T20:40:51.996Z",
        "value": "5463.203168153763",
        "cumulative": false
    },
    {
        "date": "2021-02-19T21:08:45.615Z",
        "value": "1641.1955556869507",
        "cumulative": false
    }
]