[
    {
        "date": "2021-02-19T16:05:50.255Z",
        "value": "0.13382387161254883",
        "cumulative": false
    },
    {
        "date": "2021-02-19T17:37:42.753Z",
        "value": "0.12300801277160645",
        "cumulative": false
    },
    {
        "date": "2021-02-19T19:09:17.353Z",
        "value": "0.1217503547668457",
        "cumulative": false
    },
    {
        "date": "2021-02-19T20:40:52.559Z",
        "value": "0.12938547134399414",
        "cumulative": false
    },
    {
        "date": "2021-02-19T21:08:46.230Z",
        "value": "0.040314674377441406",
        "cumulative": false
    }
]