[
    {
        "date": "2021-02-19T16:05:50.326Z",
        "value": "45.9667010307312",
        "cumulative": false
    },
    {
        "date": "2021-02-19T17:37:42.520Z",
        "value": "44.567519664764404",
        "cumulative": false
    },
    {
        "date": "2021-02-19T19:09:17.530Z",
        "value": "43.28311228752136",
        "cumulative": false
    },
    {
        "date": "2021-02-19T20:40:52.600Z",
        "value": "43.10119843482971",
        "cumulative": false
    },
    {
        "date": "2021-02-19T21:08:46.151Z",
        "value": "12.886622190475464",
        "cumulative": false
    }
]