[
    {
        "date": "2021-02-19T16:05:50.136Z",
        "value": "5481.769954442978",
        "cumulative": false
    },
    {
        "date": "2021-02-19T17:37:42.880Z",
        "value": "5478.908556461334",
        "cumulative": false
    },
    {
        "date": "2021-02-19T19:09:17.595Z",
        "value": "5461.653262376785",
        "cumulative": false
    },
    {
        "date": "2021-02-19T20:40:52.739Z",
        "value": "5462.52925825119",
        "cumulative": false
    },
    {
        "date": "2021-02-19T21:08:46.225Z",
        "value": "1640.117912054062",
        "cumulative": false
    }
]