[
    {
        "date": "2021-02-19T16:05:51.993Z",
        "value": "4.1278300285339355",
        "cumulative": false
    },
    {
        "date": "2021-02-19T17:37:40.841Z",
        "value": "4.200973749160767",
        "cumulative": false
    },
    {
        "date": "2021-02-19T19:09:15.528Z",
        "value": "4.098467111587524",
        "cumulative": false
    },
    {
        "date": "2021-02-19T20:40:50.663Z",
        "value": "4.17889142036438",
        "cumulative": false
    },
    {
        "date": "2021-02-19T21:08:44.220Z",
        "value": "1.2175426483154297",
        "cumulative": false
    }
]