[
    {
        "date": "2021-02-19T16:05:50.144Z",
        "value": "49.21799373626709",
        "cumulative": false
    },
    {
        "date": "2021-02-19T17:37:42.700Z",
        "value": "49.123619079589844",
        "cumulative": false
    },
    {
        "date": "2021-02-19T19:09:17.293Z",
        "value": "49.100807189941406",
        "cumulative": false
    },
    {
        "date": "2021-02-19T20:40:52.654Z",
        "value": "49.20169234275818",
        "cumulative": false
    },
    {
        "date": "2021-02-19T21:08:46.570Z",
        "value": "14.780016899108887",
        "cumulative": false
    }
]