[
    {
        "date": "2021-02-19T16:05:49.940Z",
        "value": "0.13622426986694336",
        "cumulative": false
    },
    {
        "date": "2021-02-19T17:37:42.289Z",
        "value": "0.12790465354919434",
        "cumulative": false
    },
    {
        "date": "2021-02-19T19:09:17.368Z",
        "value": "0.12474775314331055",
        "cumulative": false
    },
    {
        "date": "2021-02-19T20:40:52.659Z",
        "value": "0.13021111488342285",
        "cumulative": false
    },
    {
        "date": "2021-02-19T21:08:45.717Z",
        "value": "0.040109872817993164",
        "cumulative": false
    }
]