[
    {
        "date": "2021-02-19T16:05:50.326Z",
        "value": "4387.73221206665",
        "cumulative": false
    },
    {
        "date": "2021-02-19T17:37:42.520Z",
        "value": "4382.246465682983",
        "cumulative": false
    },
    {
        "date": "2021-02-19T19:09:17.530Z",
        "value": "4366.431000709534",
        "cumulative": false
    },
    {
        "date": "2021-02-19T20:40:52.600Z",
        "value": "4364.688600063324",
        "cumulative": false
    },
    {
        "date": "2021-02-19T21:08:46.151Z",
        "value": "1311.6612753868103",
        "cumulative": false
    }
]