[
    {
        "date": "2021-02-19T16:05:50.017Z",
        "value": "49.10040879249573",
        "cumulative": false
    },
    {
        "date": "2021-02-19T17:37:42.666Z",
        "value": "49.10734558105469",
        "cumulative": false
    },
    {
        "date": "2021-02-19T19:09:17.444Z",
        "value": "49.195059061050415",
        "cumulative": false
    },
    {
        "date": "2021-02-19T20:40:52.547Z",
        "value": "49.23570942878723",
        "cumulative": false
    },
    {
        "date": "2021-02-19T21:08:46.068Z",
        "value": "14.727646350860596",
        "cumulative": false
    }
]