[
    {
        "date": "2021-02-19T16:05:50.085Z",
        "value": "5481.868265867233",
        "cumulative": false
    },
    {
        "date": "2021-02-19T17:37:42.710Z",
        "value": "5477.644191026688",
        "cumulative": false
    },
    {
        "date": "2021-02-19T19:09:17.403Z",
        "value": "5462.101238489151",
        "cumulative": false
    },
    {
        "date": "2021-02-19T20:40:52.575Z",
        "value": "5462.727997303009",
        "cumulative": false
    },
    {
        "date": "2021-02-19T21:08:46.159Z",
        "value": "1640.2567477226257",
        "cumulative": false
    }
]