[
    {
        "date": "2021-02-19T16:05:49.940Z",
        "value": "5481.74201130867",
        "cumulative": false
    },
    {
        "date": "2021-02-19T17:37:42.289Z",
        "value": "5478.896397829056",
        "cumulative": false
    },
    {
        "date": "2021-02-19T19:09:17.368Z",
        "value": "5462.457674741745",
        "cumulative": false
    },
    {
        "date": "2021-02-19T20:40:52.659Z",
        "value": "5462.681842088699",
        "cumulative": false
    },
    {
        "date": "2021-02-19T21:08:45.717Z",
        "value": "1640.3407199382782",
        "cumulative": false
    }
]