[
    {
        "date": "2021-02-19T16:05:49.940Z",
        "value": "49.22907900810242",
        "cumulative": false
    },
    {
        "date": "2021-02-19T17:37:42.289Z",
        "value": "49.13184094429016",
        "cumulative": false
    },
    {
        "date": "2021-02-19T19:09:17.368Z",
        "value": "49.114500522613525",
        "cumulative": false
    },
    {
        "date": "2021-02-19T20:40:52.659Z",
        "value": "49.026742458343506",
        "cumulative": false
    },
    {
        "date": "2021-02-19T21:08:45.717Z",
        "value": "14.708878517150879",
        "cumulative": false
    }
]