[
    {
        "date": "2021-02-19T16:05:50.011Z",
        "value": "106.22249102592468",
        "cumulative": false
    },
    {
        "date": "2021-02-19T17:37:42.128Z",
        "value": "106.7362060546875",
        "cumulative": false
    },
    {
        "date": "2021-02-19T19:09:17.019Z",
        "value": "106.78578042984009",
        "cumulative": false
    },
    {
        "date": "2021-02-19T20:40:52.128Z",
        "value": "106.82897305488586",
        "cumulative": false
    },
    {
        "date": "2021-02-19T21:08:45.669Z",
        "value": "32.055540800094604",
        "cumulative": false
    }
]