[
    {
        "date": "2021-02-19T16:05:50.144Z",
        "value": "4398.478355884552",
        "cumulative": false
    },
    {
        "date": "2021-02-19T17:37:42.700Z",
        "value": "4395.179597854614",
        "cumulative": false
    },
    {
        "date": "2021-02-19T19:09:17.293Z",
        "value": "4376.284468889236",
        "cumulative": false
    },
    {
        "date": "2021-02-19T20:40:52.654Z",
        "value": "4377.330937623978",
        "cumulative": false
    },
    {
        "date": "2021-02-19T21:08:46.570Z",
        "value": "1315.3739960193634",
        "cumulative": false
    }
]