[
    {
        "date": "2021-02-19T16:05:50.343Z",
        "value": "3.066789388656616",
        "cumulative": false
    },
    {
        "date": "2021-02-19T17:37:42.621Z",
        "value": "3.4396305084228516",
        "cumulative": false
    },
    {
        "date": "2021-02-19T19:09:17.461Z",
        "value": "3.0688257217407227",
        "cumulative": false
    },
    {
        "date": "2021-02-19T20:40:52.459Z",
        "value": "3.0966811180114746",
        "cumulative": false
    },
    {
        "date": "2021-02-19T21:08:46.230Z",
        "value": "0.9236536026000977",
        "cumulative": false
    }
]