[
    {
        "date": "2021-02-19T16:05:50.326Z",
        "value": "106.05174374580383",
        "cumulative": false
    },
    {
        "date": "2021-02-19T17:37:42.520Z",
        "value": "106.58183264732361",
        "cumulative": false
    },
    {
        "date": "2021-02-19T19:09:17.529Z",
        "value": "106.61467981338501",
        "cumulative": false
    },
    {
        "date": "2021-02-19T20:40:52.600Z",
        "value": "106.67811489105225",
        "cumulative": false
    },
    {
        "date": "2021-02-19T21:08:46.151Z",
        "value": "32.00205111503601",
        "cumulative": false
    }
]