[
    {
        "date": "2021-02-19T14:34:15.067Z",
        "value": "8.729009683098592",
        "cumulative": false
    },
    {
        "date": "2021-02-19T14:35:28.667Z",
        "value": "9.064880337166482",
        "cumulative": false
    },
    {
        "date": "2021-02-19T14:36:40.162Z",
        "value": "8.415822081446457",
        "cumulative": false
    },
    {
        "date": "2021-02-19T14:37:49.057Z",
        "value": "8.120706195784766",
        "cumulative": false
    },
    {
        "date": "2021-02-19T14:38:59.299Z",
        "value": "7.91687018682259",
        "cumulative": false
    },
    {
        "date": "2021-02-19T14:40:11.621Z",
        "value": "7.7197990224494095",
        "cumulative": false
    },
    {
        "date": "2021-02-19T14:41:22.118Z",
        "value": "7.47643840490582",
        "cumulative": false
    },
    {
        "date": "2021-02-19T14:42:31.113Z",
        "value": "7.416053569146217",
        "cumulative": false
    },
    {
        "date": "2021-02-19T14:43:40.412Z",
        "value": "6.913363206150739",
        "cumulative": false
    },
    {
        "date": "2021-02-19T14:44:50.788Z",
        "value": "6.551370748597475",
        "cumulative": false
    },
    {
        "date": "2021-02-19T14:46:04.634Z",
        "value": "6.148071589975349",
        "cumulative": false
    },
    {
        "date": "2021-02-19T14:47:15.894Z",
        "value": "5.929844858156028",
        "cumulative": false
    },
    {
        "date": "2021-02-19T14:48:27.028Z",
        "value": "5.741632928475034",
        "cumulative": false
    },
    {
        "date": "2021-02-19T14:49:40.227Z",
        "value": "5.429725330312673",
        "cumulative": false
    },
    {
        "date": "2021-02-19T14:50:50.311Z",
        "value": "5.196892257397888",
        "cumulative": false
    },
    {
        "date": "2021-02-19T14:52:02.856Z",
        "value": "5.032673646346767",
        "cumulative": false
    },
    {
        "date": "2021-02-19T14:53:09.939Z",
        "value": "4.525133521155974",
        "cumulative": false
    },
    {
        "date": "2021-02-19T14:54:21.897Z",
        "value": "4.577276668026613",
        "cumulative": false
    },
    {
        "date": "2021-02-19T14:55:32.313Z",
        "value": "4.397951673876072",
        "cumulative": false
    },
    {
        "date": "2021-02-19T14:56:43.818Z",
        "value": "4.280916670429913",
        "cumulative": false
    },
    {
        "date": "2021-02-19T14:57:52.687Z",
        "value": "4.235279104374308",
        "cumulative": false
    },
    {
        "date": "2021-02-19T14:59:06.550Z",
        "value": "4.0541105803699455",
        "cumulative": false
    },
    {
        "date": "2021-02-19T15:00:15.884Z",
        "value": "4.129124497836836",
        "cumulative": false
    },
    {
        "date": "2021-02-19T15:01:26.493Z",
        "value": "4.144554115334876",
        "cumulative": false
    },
    {
        "date": "2021-02-19T15:02:41.661Z",
        "value": "4.181187749862145",
        "cumulative": false
    },
    {
        "date": "2021-02-19T15:03:50.289Z",
        "value": "4.116592267237672",
        "cumulative": false
    },
    {
        "date": "2021-02-19T15:05:01.687Z",
        "value": "4.113079993659904",
        "cumulative": false
    },
    {
        "date": "2021-02-19T15:06:11.994Z",
        "value": "3.7214983506431105",
        "cumulative": false
    },
    {
        "date": "2021-02-19T15:07:20.418Z",
        "value": "3.9907259368281376",
        "cumulative": false
    },
    {
        "date": "2021-02-19T15:08:31.006Z",
        "value": "3.8678458508754345",
        "cumulative": false
    },
    {
        "date": "2021-02-19T15:09:42.915Z",
        "value": "3.86442584292213",
        "cumulative": false
    },
    {
        "date": "2021-02-19T15:10:53.081Z",
        "value": "3.8407133973444716",
        "cumulative": false
    },
    {
        "date": "2021-02-19T15:12:01.115Z",
        "value": "3.6982274206490726",
        "cumulative": false
    },
    {
        "date": "2021-02-19T15:13:12.419Z",
        "value": "3.798637801048029",
        "cumulative": false
    },
    {
        "date": "2021-02-19T15:14:21.498Z",
        "value": "3.9177415538893943",
        "cumulative": false
    },
    {
        "date": "2021-02-19T15:15:32.294Z",
        "value": "3.8399631135073014",
        "cumulative": false
    },
    {
        "date": "2021-02-19T15:16:43.355Z",
        "value": "3.8170912499081693",
        "cumulative": false
    },
    {
        "date": "2021-02-19T15:17:53.906Z",
        "value": "3.755734921536063",
        "cumulative": false
    },
    {
        "date": "2021-02-19T15:19:04.038Z",
        "value": "3.6358774115369847",
        "cumulative": false
    },
    {
        "date": "2021-02-19T15:20:13.696Z",
        "value": "3.796989967439107",
        "cumulative": false
    },
    {
        "date": "2021-02-19T15:21:25.342Z",
        "value": "3.6489051797945207",
        "cumulative": false
    },
    {
        "date": "2021-02-19T15:22:36.958Z",
        "value": "3.9566634946353263",
        "cumulative": false
    },
    {
        "date": "2021-02-19T15:23:48.325Z",
        "value": "3.6750832036652836",
        "cumulative": false
    },
    {
        "date": "2021-02-19T15:24:58.516Z",
        "value": "3.552894594237906",
        "cumulative": false
    },
    {
        "date": "2021-02-19T15:26:08.960Z",
        "value": "3.6544804978487027",
        "cumulative": false
    },
    {
        "date": "2021-02-19T15:27:21.353Z",
        "value": "3.4962954225229614",
        "cumulative": false
    },
    {
        "date": "2021-02-19T15:28:33.339Z",
        "value": "3.7009066292268886",
        "cumulative": false
    },
    {
        "date": "2021-02-19T15:29:45.048Z",
        "value": "3.609028774025166",
        "cumulative": false
    },
    {
        "date": "2021-02-19T15:30:54.957Z",
        "value": "3.7516679586823454",
        "cumulative": false
    },
    {
        "date": "2021-02-19T15:32:05.740Z",
        "value": "3.7328486373496856",
        "cumulative": false
    },
    {
        "date": "2021-02-19T15:33:15.454Z",
        "value": "3.5984695638464683",
        "cumulative": false
    },
    {
        "date": "2021-02-19T15:34:25.873Z",
        "value": "3.6314422946597995",
        "cumulative": false
    },
    {
        "date": "2021-02-19T15:35:37.187Z",
        "value": "3.647793476055195",
        "cumulative": false
    },
    {
        "date": "2021-02-19T15:36:45.531Z",
        "value": "3.594030467895241",
        "cumulative": false
    },
    {
        "date": "2021-02-19T15:37:56.683Z",
        "value": "3.6386072332208808",
        "cumulative": false
    },
    {
        "date": "2021-02-19T15:39:06.991Z",
        "value": "3.6485203274623803",
        "cumulative": false
    },
    {
        "date": "2021-02-19T15:40:18.690Z",
        "value": "3.417882089157476",
        "cumulative": false
    },
    {
        "date": "2021-02-19T15:41:30.031Z",
        "value": "3.519589502079151",
        "cumulative": false
    },
    {
        "date": "2021-02-19T15:42:39.369Z",
        "value": "3.481338824144963",
        "cumulative": false
    },
    {
        "date": "2021-02-19T15:43:50.750Z",
        "value": "3.7184779770194987",
        "cumulative": false
    },
    {
        "date": "2021-02-19T15:45:01.796Z",
        "value": "3.4898956763207005",
        "cumulative": false
    },
    {
        "date": "2021-02-19T15:46:12.818Z",
        "value": "3.666857301746421",
        "cumulative": false
    },
    {
        "date": "2021-02-19T15:47:21.480Z",
        "value": "3.4533888574450713",
        "cumulative": false
    },
    {
        "date": "2021-02-19T15:48:30.966Z",
        "value": "3.526414428033307",
        "cumulative": false
    },
    {
        "date": "2021-02-19T15:49:41.799Z",
        "value": "3.4691817715458275",
        "cumulative": false
    },
    {
        "date": "2021-02-19T15:50:50.560Z",
        "value": "3.7968491991413473",
        "cumulative": false
    },
    {
        "date": "2021-02-19T15:51:59.508Z",
        "value": "3.40389904675183",
        "cumulative": false
    },
    {
        "date": "2021-02-19T15:53:09.927Z",
        "value": "3.3371266332165948",
        "cumulative": false
    },
    {
        "date": "2021-02-19T15:54:20.951Z",
        "value": "3.624803312804548",
        "cumulative": false
    },
    {
        "date": "2021-02-19T15:55:31.244Z",
        "value": "3.5487276216290087",
        "cumulative": false
    },
    {
        "date": "2021-02-19T15:56:44.438Z",
        "value": "3.484764062053444",
        "cumulative": false
    },
    {
        "date": "2021-02-19T15:57:55.098Z",
        "value": "3.5109816912675473",
        "cumulative": false
    },
    {
        "date": "2021-02-19T15:59:05.121Z",
        "value": "3.49640051200565",
        "cumulative": false
    },
    {
        "date": "2021-02-19T16:00:14.582Z",
        "value": "3.4232542044294103",
        "cumulative": false
    },
    {
        "date": "2021-02-19T16:01:26.834Z",
        "value": "3.555360027562792",
        "cumulative": false
    },
    {
        "date": "2021-02-19T16:02:35.517Z",
        "value": "3.2008366939261093",
        "cumulative": false
    },
    {
        "date": "2021-02-19T16:03:46.263Z",
        "value": "3.494639438865459",
        "cumulative": false
    },
    {
        "date": "2021-02-19T16:04:56.028Z",
        "value": "3.3642613156215506",
        "cumulative": false
    },
    {
        "date": "2021-02-19T16:05:42.488Z",
        "value": "3.445197105407715",
        "cumulative": false
    },
    {
        "date": "2021-02-19T16:05:55.990Z",
        "value": "2.698101057341329",
        "cumulative": false
    },
    {
        "date": "2021-02-19T16:07:08.840Z",
        "value": "3.467864446160859",
        "cumulative": false
    },
    {
        "date": "2021-02-19T16:08:17.617Z",
        "value": "3.405831173678207",
        "cumulative": false
    },
    {
        "date": "2021-02-19T16:09:29.071Z",
        "value": "3.2526293118527847",
        "cumulative": false
    },
    {
        "date": "2021-02-19T16:10:40.263Z",
        "value": "3.5400439724464143",
        "cumulative": false
    },
    {
        "date": "2021-02-19T16:11:53.272Z",
        "value": "3.2723276849193326",
        "cumulative": false
    },
    {
        "date": "2021-02-19T16:13:03.950Z",
        "value": "3.4473465002866197",
        "cumulative": false
    },
    {
        "date": "2021-02-19T16:14:12.793Z",
        "value": "3.447054027950209",
        "cumulative": false
    },
    {
        "date": "2021-02-19T16:15:24.163Z",
        "value": "3.425852525716051",
        "cumulative": false
    },
    {
        "date": "2021-02-19T16:16:35.896Z",
        "value": "3.2698769334929367",
        "cumulative": false
    },
    {
        "date": "2021-02-19T16:17:47.397Z",
        "value": "3.408184478751069",
        "cumulative": false
    },
    {
        "date": "2021-02-19T16:18:57.191Z",
        "value": "3.3325251721435616",
        "cumulative": false
    },
    {
        "date": "2021-02-19T16:20:04.449Z",
        "value": "3.4812914851468166",
        "cumulative": false
    },
    {
        "date": "2021-02-19T16:21:12.094Z",
        "value": "3.2643854726125663",
        "cumulative": false
    },
    {
        "date": "2021-02-19T16:22:21.520Z",
        "value": "3.2682791474858357",
        "cumulative": false
    },
    {
        "date": "2021-02-19T16:23:31.755Z",
        "value": "3.492813228195739",
        "cumulative": false
    },
    {
        "date": "2021-02-19T16:24:41.644Z",
        "value": "3.388190354355044",
        "cumulative": false
    },
    {
        "date": "2021-02-19T16:25:50.079Z",
        "value": "3.2381085747978435",
        "cumulative": false
    },
    {
        "date": "2021-02-19T16:27:00.122Z",
        "value": "3.316389762581169",
        "cumulative": false
    },
    {
        "date": "2021-02-19T16:28:10.970Z",
        "value": "3.2930278495053824",
        "cumulative": false
    },
    {
        "date": "2021-02-19T16:29:19.830Z",
        "value": "3.2375928952952697",
        "cumulative": false
    },
    {
        "date": "2021-02-19T16:30:30.752Z",
        "value": "3.6309444304435483",
        "cumulative": false
    },
    {
        "date": "2021-02-19T16:31:40.135Z",
        "value": "3.22025363797805",
        "cumulative": false
    },
    {
        "date": "2021-02-19T16:32:50.767Z",
        "value": "3.483158669743731",
        "cumulative": false
    },
    {
        "date": "2021-02-19T16:34:04.378Z",
        "value": "3.307916836680386",
        "cumulative": false
    },
    {
        "date": "2021-02-19T16:35:14.825Z",
        "value": "3.3881262017650537",
        "cumulative": false
    },
    {
        "date": "2021-02-19T16:36:24.262Z",
        "value": "3.298284792432598",
        "cumulative": false
    },
    {
        "date": "2021-02-19T16:37:35.630Z",
        "value": "3.4104048243446106",
        "cumulative": false
    },
    {
        "date": "2021-02-19T16:38:45.407Z",
        "value": "3.300666598325276",
        "cumulative": false
    },
    {
        "date": "2021-02-19T16:39:56.563Z",
        "value": "3.5025957209149876",
        "cumulative": false
    },
    {
        "date": "2021-02-19T16:41:06.255Z",
        "value": "3.3327144890332496",
        "cumulative": false
    },
    {
        "date": "2021-02-19T16:42:20.393Z",
        "value": "3.372126455396628",
        "cumulative": false
    },
    {
        "date": "2021-02-19T16:43:31.598Z",
        "value": "3.4453138164768133",
        "cumulative": false
    },
    {
        "date": "2021-02-19T16:44:41.548Z",
        "value": "3.479014172676282",
        "cumulative": false
    },
    {
        "date": "2021-02-19T16:45:51.900Z",
        "value": "3.4635286493515265",
        "cumulative": false
    },
    {
        "date": "2021-02-19T16:47:01.729Z",
        "value": "3.50665026666079",
        "cumulative": false
    },
    {
        "date": "2021-02-19T16:48:14.084Z",
        "value": "3.169079679146736",
        "cumulative": false
    },
    {
        "date": "2021-02-19T16:49:26.091Z",
        "value": "3.3641556817078695",
        "cumulative": false
    },
    {
        "date": "2021-02-19T16:50:37.531Z",
        "value": "3.3722771936699574",
        "cumulative": false
    },
    {
        "date": "2021-02-19T16:51:48.451Z",
        "value": "3.4006458389578835",
        "cumulative": false
    },
    {
        "date": "2021-02-19T16:52:59.037Z",
        "value": "3.0800399044597278",
        "cumulative": false
    },
    {
        "date": "2021-02-19T16:54:08.476Z",
        "value": "3.353744884548842",
        "cumulative": false
    },
    {
        "date": "2021-02-19T16:55:19.860Z",
        "value": "3.3698475927515417",
        "cumulative": false
    },
    {
        "date": "2021-02-19T16:56:31.570Z",
        "value": "3.295553188131313",
        "cumulative": false
    },
    {
        "date": "2021-02-19T16:57:42.617Z",
        "value": "3.2838836471325923",
        "cumulative": false
    },
    {
        "date": "2021-02-19T16:58:53.397Z",
        "value": "3.1955276113013698",
        "cumulative": false
    },
    {
        "date": "2021-02-19T17:00:03.719Z",
        "value": "3.6222255064900204",
        "cumulative": false
    },
    {
        "date": "2021-02-19T17:01:17.759Z",
        "value": "3.4312375122686483",
        "cumulative": false
    },
    {
        "date": "2021-02-19T17:02:27.419Z",
        "value": "3.3268424442836215",
        "cumulative": false
    },
    {
        "date": "2021-02-19T17:03:38.050Z",
        "value": "3.4820226201434736",
        "cumulative": false
    },
    {
        "date": "2021-02-19T17:04:50.653Z",
        "value": "3.3667874687161796",
        "cumulative": false
    },
    {
        "date": "2021-02-19T17:05:58.817Z",
        "value": "3.396794041986501",
        "cumulative": false
    },
    {
        "date": "2021-02-19T17:07:09.351Z",
        "value": "3.309318677593713",
        "cumulative": false
    },
    {
        "date": "2021-02-19T17:08:20.213Z",
        "value": "3.1243671618009867",
        "cumulative": false
    },
    {
        "date": "2021-02-19T17:09:28.535Z",
        "value": "3.3988784751474306",
        "cumulative": false
    },
    {
        "date": "2021-02-19T17:10:39.263Z",
        "value": "3.2178552842615344",
        "cumulative": false
    },
    {
        "date": "2021-02-19T17:11:51.832Z",
        "value": "3.358956773072273",
        "cumulative": false
    },
    {
        "date": "2021-02-19T17:13:01.126Z",
        "value": "3.4837534512169386",
        "cumulative": false
    },
    {
        "date": "2021-02-19T17:14:10.903Z",
        "value": "3.2792806164406554",
        "cumulative": false
    },
    {
        "date": "2021-02-19T17:15:21.275Z",
        "value": "3.265872069803078",
        "cumulative": false
    },
    {
        "date": "2021-02-19T17:16:30.996Z",
        "value": "3.33850146393399",
        "cumulative": false
    },
    {
        "date": "2021-02-19T17:17:41.372Z",
        "value": "3.36484250266099",
        "cumulative": false
    },
    {
        "date": "2021-02-19T17:18:51.446Z",
        "value": "3.3706288267334608",
        "cumulative": false
    },
    {
        "date": "2021-02-19T17:20:01.348Z",
        "value": "3.256101115167727",
        "cumulative": false
    },
    {
        "date": "2021-02-19T17:21:13.464Z",
        "value": "3.162896035895045",
        "cumulative": false
    },
    {
        "date": "2021-02-19T17:22:23.404Z",
        "value": "3.419376492976326",
        "cumulative": false
    },
    {
        "date": "2021-02-19T17:23:33.853Z",
        "value": "3.250287102106592",
        "cumulative": false
    },
    {
        "date": "2021-02-19T17:24:43.710Z",
        "value": "3.2185537956621006",
        "cumulative": false
    },
    {
        "date": "2021-02-19T17:25:53.901Z",
        "value": "3.2138429134799233",
        "cumulative": false
    },
    {
        "date": "2021-02-19T17:27:04.691Z",
        "value": "3.42322265625",
        "cumulative": false
    },
    {
        "date": "2021-02-19T17:28:19.586Z",
        "value": "3.238640427268444",
        "cumulative": false
    },
    {
        "date": "2021-02-19T17:29:28.490Z",
        "value": "3.2398374278654813",
        "cumulative": false
    },
    {
        "date": "2021-02-19T17:30:39.831Z",
        "value": "3.49411369585718",
        "cumulative": false
    },
    {
        "date": "2021-02-19T17:31:50.621Z",
        "value": "3.5364963023263347",
        "cumulative": false
    },
    {
        "date": "2021-02-19T17:33:02.284Z",
        "value": "3.286098432499273",
        "cumulative": false
    },
    {
        "date": "2021-02-19T17:34:14.489Z",
        "value": "3.3106726997610143",
        "cumulative": false
    },
    {
        "date": "2021-02-19T17:35:25.879Z",
        "value": "3.231481739831349",
        "cumulative": false
    },
    {
        "date": "2021-02-19T17:36:38.580Z",
        "value": "3.3084219497408984",
        "cumulative": false
    },
    {
        "date": "2021-02-19T17:37:23.871Z",
        "value": "3.240283250808716",
        "cumulative": false
    },
    {
        "date": "2021-02-19T17:37:46.099Z",
        "value": "3.039477768615408",
        "cumulative": false
    },
    {
        "date": "2021-02-19T17:38:57.776Z",
        "value": "3.311301757280893",
        "cumulative": false
    },
    {
        "date": "2021-02-19T17:40:08.579Z",
        "value": "3.1838263341024113",
        "cumulative": false
    },
    {
        "date": "2021-02-19T17:41:19.803Z",
        "value": "3.2786871300423854",
        "cumulative": false
    },
    {
        "date": "2021-02-19T17:42:29.842Z",
        "value": "3.2854342647303594",
        "cumulative": false
    },
    {
        "date": "2021-02-19T17:43:40.752Z",
        "value": "3.246849702689174",
        "cumulative": false
    },
    {
        "date": "2021-02-19T17:44:50.136Z",
        "value": "3.2326365667558368",
        "cumulative": false
    },
    {
        "date": "2021-02-19T17:46:00.911Z",
        "value": "3.088453667691751",
        "cumulative": false
    },
    {
        "date": "2021-02-19T17:47:08.965Z",
        "value": "3.1515693530701756",
        "cumulative": false
    },
    {
        "date": "2021-02-19T17:48:22.905Z",
        "value": "3.157452197238209",
        "cumulative": false
    },
    {
        "date": "2021-02-19T17:49:34.903Z",
        "value": "3.2999726106010017",
        "cumulative": false
    },
    {
        "date": "2021-02-19T17:50:45.768Z",
        "value": "3.373679807757224",
        "cumulative": false
    },
    {
        "date": "2021-02-19T17:51:55.701Z",
        "value": "3.20797012925599",
        "cumulative": false
    },
    {
        "date": "2021-02-19T17:53:05.225Z",
        "value": "3.2738528524285297",
        "cumulative": false
    },
    {
        "date": "2021-02-19T17:54:16.556Z",
        "value": "3.2616878394916844",
        "cumulative": false
    },
    {
        "date": "2021-02-19T17:55:26.592Z",
        "value": "3.2781294899425286",
        "cumulative": false
    },
    {
        "date": "2021-02-19T17:56:37.320Z",
        "value": "3.3304555404589373",
        "cumulative": false
    },
    {
        "date": "2021-02-19T17:57:48.101Z",
        "value": "3.170727724619978",
        "cumulative": false
    },
    {
        "date": "2021-02-19T17:59:00.127Z",
        "value": "3.269790265598798",
        "cumulative": false
    },
    {
        "date": "2021-02-19T18:00:08.042Z",
        "value": "3.3775621282922685",
        "cumulative": false
    },
    {
        "date": "2021-02-19T18:01:16.508Z",
        "value": "3.1005445625362738",
        "cumulative": false
    },
    {
        "date": "2021-02-19T18:02:27.231Z",
        "value": "3.2758184862297033",
        "cumulative": false
    },
    {
        "date": "2021-02-19T18:03:35.203Z",
        "value": "3.1852541529259053",
        "cumulative": false
    },
    {
        "date": "2021-02-19T18:04:45.617Z",
        "value": "3.408032898509174",
        "cumulative": false
    },
    {
        "date": "2021-02-19T18:05:57.471Z",
        "value": "3.181429195568574",
        "cumulative": false
    },
    {
        "date": "2021-02-19T18:07:08.602Z",
        "value": "3.1429160038287316",
        "cumulative": false
    },
    {
        "date": "2021-02-19T18:08:20.431Z",
        "value": "3.1992562767883537",
        "cumulative": false
    },
    {
        "date": "2021-02-19T18:09:30.681Z",
        "value": "3.33430632456802",
        "cumulative": false
    },
    {
        "date": "2021-02-19T18:10:39.272Z",
        "value": "3.2334102132115814",
        "cumulative": false
    },
    {
        "date": "2021-02-19T18:11:48.459Z",
        "value": "3.0567444862967004",
        "cumulative": false
    },
    {
        "date": "2021-02-19T18:12:59.965Z",
        "value": "3.2598353794642856",
        "cumulative": false
    },
    {
        "date": "2021-02-19T18:14:10.782Z",
        "value": "3.1420155825650373",
        "cumulative": false
    },
    {
        "date": "2021-02-19T18:15:19.787Z",
        "value": "3.2788024384165166",
        "cumulative": false
    },
    {
        "date": "2021-02-19T18:16:29.185Z",
        "value": "3.178949829314352",
        "cumulative": false
    },
    {
        "date": "2021-02-19T18:17:38.518Z",
        "value": "3.3254208396867204",
        "cumulative": false
    },
    {
        "date": "2021-02-19T18:18:50.325Z",
        "value": "3.2379313030834562",
        "cumulative": false
    },
    {
        "date": "2021-02-19T18:20:01.830Z",
        "value": "3.085072054666827",
        "cumulative": false
    },
    {
        "date": "2021-02-19T18:21:10.916Z",
        "value": "3.2137671298668034",
        "cumulative": false
    },
    {
        "date": "2021-02-19T18:22:21.093Z",
        "value": "3.16459594179162",
        "cumulative": false
    },
    {
        "date": "2021-02-19T18:23:32.684Z",
        "value": "3.185805706800465",
        "cumulative": false
    },
    {
        "date": "2021-02-19T18:24:42.713Z",
        "value": "3.1566090346165323",
        "cumulative": false
    },
    {
        "date": "2021-02-19T18:25:52.866Z",
        "value": "3.231811277115163",
        "cumulative": false
    },
    {
        "date": "2021-02-19T18:27:03.046Z",
        "value": "3.27130639486755",
        "cumulative": false
    },
    {
        "date": "2021-02-19T18:28:15.311Z",
        "value": "3.063432197302596",
        "cumulative": false
    },
    {
        "date": "2021-02-19T18:29:26.839Z",
        "value": "3.3665871776123373",
        "cumulative": false
    },
    {
        "date": "2021-02-19T18:30:38.406Z",
        "value": "3.303714383567454",
        "cumulative": false
    },
    {
        "date": "2021-02-19T18:31:48.453Z",
        "value": "3.319657217019544",
        "cumulative": false
    },
    {
        "date": "2021-02-19T18:33:03.996Z",
        "value": "3.1706108676775995",
        "cumulative": false
    },
    {
        "date": "2021-02-19T18:34:13.645Z",
        "value": "3.26544924041528",
        "cumulative": false
    },
    {
        "date": "2021-02-19T18:35:26.236Z",
        "value": "3.054309071588965",
        "cumulative": false
    },
    {
        "date": "2021-02-19T18:36:35.524Z",
        "value": "3.2488410929798492",
        "cumulative": false
    },
    {
        "date": "2021-02-19T18:37:45.509Z",
        "value": "3.2932933141864815",
        "cumulative": false
    },
    {
        "date": "2021-02-19T18:38:55.897Z",
        "value": "3.2294368924665857",
        "cumulative": false
    },
    {
        "date": "2021-02-19T18:40:06.587Z",
        "value": "3.3070313548939314",
        "cumulative": false
    },
    {
        "date": "2021-02-19T18:41:15.671Z",
        "value": "3.0463934492847855",
        "cumulative": false
    },
    {
        "date": "2021-02-19T18:42:24.954Z",
        "value": "3.120767396632566",
        "cumulative": false
    },
    {
        "date": "2021-02-19T18:43:35.106Z",
        "value": "3.2463310207072618",
        "cumulative": false
    },
    {
        "date": "2021-02-19T18:44:46.368Z",
        "value": "3.3671062074858567",
        "cumulative": false
    },
    {
        "date": "2021-02-19T18:45:54.213Z",
        "value": "3.2198960443348144",
        "cumulative": false
    },
    {
        "date": "2021-02-19T18:47:03.667Z",
        "value": "3.286860355685336",
        "cumulative": false
    },
    {
        "date": "2021-02-19T18:48:15.133Z",
        "value": "3.2650477617636495",
        "cumulative": false
    },
    {
        "date": "2021-02-19T18:49:25.139Z",
        "value": "3.079901005993151",
        "cumulative": false
    },
    {
        "date": "2021-02-19T18:50:36.534Z",
        "value": "3.3191560444078947",
        "cumulative": false
    },
    {
        "date": "2021-02-19T18:51:48.571Z",
        "value": "3.26003603653169",
        "cumulative": false
    },
    {
        "date": "2021-02-19T18:52:55.616Z",
        "value": "3.1773798676779617",
        "cumulative": false
    },
    {
        "date": "2021-02-19T18:54:05.343Z",
        "value": "3.171272170608108",
        "cumulative": false
    },
    {
        "date": "2021-02-19T18:55:14.361Z",
        "value": "3.2408189207244655",
        "cumulative": false
    },
    {
        "date": "2021-02-19T18:56:29.086Z",
        "value": "2.9912209522087827",
        "cumulative": false
    },
    {
        "date": "2021-02-19T18:57:39.709Z",
        "value": "3.0294488778612303",
        "cumulative": false
    },
    {
        "date": "2021-02-19T18:58:47.302Z",
        "value": "3.1260685634005263",
        "cumulative": false
    },
    {
        "date": "2021-02-19T19:00:01.897Z",
        "value": "3.2733560301658864",
        "cumulative": false
    },
    {
        "date": "2021-02-19T19:01:10.920Z",
        "value": "3.3229822619207976",
        "cumulative": false
    },
    {
        "date": "2021-02-19T19:02:19.472Z",
        "value": "3.1665183707218865",
        "cumulative": false
    },
    {
        "date": "2021-02-19T19:03:29.542Z",
        "value": "3.246793193990256",
        "cumulative": false
    },
    {
        "date": "2021-02-19T19:04:37.864Z",
        "value": "3.2297906425561798",
        "cumulative": false
    },
    {
        "date": "2021-02-19T19:05:48.150Z",
        "value": "3.2366558393699463",
        "cumulative": false
    },
    {
        "date": "2021-02-19T19:06:59.357Z",
        "value": "3.148274136595184",
        "cumulative": false
    },
    {
        "date": "2021-02-19T19:08:11.848Z",
        "value": "3.220036133341229",
        "cumulative": false
    },
    {
        "date": "2021-02-19T19:08:58.558Z",
        "value": "3.151982307434082",
        "cumulative": false
    },
    {
        "date": "2021-02-19T19:09:20.604Z",
        "value": "2.9336772717927633",
        "cumulative": false
    },
    {
        "date": "2021-02-19T19:10:31.981Z",
        "value": "3.0863270861037235",
        "cumulative": false
    },
    {
        "date": "2021-02-19T19:11:42.948Z",
        "value": "3.2447149982807177",
        "cumulative": false
    },
    {
        "date": "2021-02-19T19:12:52.212Z",
        "value": "3.177917674343055",
        "cumulative": false
    },
    {
        "date": "2021-02-19T19:14:01.786Z",
        "value": "3.215799826921847",
        "cumulative": false
    },
    {
        "date": "2021-02-19T19:15:12.854Z",
        "value": "3.353278203841743",
        "cumulative": false
    },
    {
        "date": "2021-02-19T19:16:24.099Z",
        "value": "3.2267723880597017",
        "cumulative": false
    },
    {
        "date": "2021-02-19T19:17:35.012Z",
        "value": "3.2348755568803607",
        "cumulative": false
    },
    {
        "date": "2021-02-19T19:18:45.198Z",
        "value": "3.1088569010776457",
        "cumulative": false
    },
    {
        "date": "2021-02-19T19:19:53.523Z",
        "value": "3.261048370462046",
        "cumulative": false
    },
    {
        "date": "2021-02-19T19:21:03.462Z",
        "value": "3.0610811661073827",
        "cumulative": false
    },
    {
        "date": "2021-02-19T19:22:15.816Z",
        "value": "3.1363714644160585",
        "cumulative": false
    },
    {
        "date": "2021-02-19T19:23:27.756Z",
        "value": "3.048263721817432",
        "cumulative": false
    },
    {
        "date": "2021-02-19T19:24:38.723Z",
        "value": "3.147117390232076",
        "cumulative": false
    },
    {
        "date": "2021-02-19T19:25:47.408Z",
        "value": "3.169318616207951",
        "cumulative": false
    },
    {
        "date": "2021-02-19T19:26:59.587Z",
        "value": "3.1816167423911583",
        "cumulative": false
    },
    {
        "date": "2021-02-19T19:28:09.660Z",
        "value": "3.271608641623207",
        "cumulative": false
    },
    {
        "date": "2021-02-19T19:29:18.177Z",
        "value": "2.9106307929733295",
        "cumulative": false
    },
    {
        "date": "2021-02-19T19:30:29.018Z",
        "value": "3.2265126233313985",
        "cumulative": false
    },
    {
        "date": "2021-02-19T19:31:40.394Z",
        "value": "3.1394315435082873",
        "cumulative": false
    },
    {
        "date": "2021-02-19T19:32:48.481Z",
        "value": "3.35161208068903",
        "cumulative": false
    },
    {
        "date": "2021-02-19T19:33:58.198Z",
        "value": "3.244215200843088",
        "cumulative": false
    },
    {
        "date": "2021-02-19T19:35:08.757Z",
        "value": "3.1211870041889087",
        "cumulative": false
    },
    {
        "date": "2021-02-19T19:36:20.531Z",
        "value": "3.0822329774871062",
        "cumulative": false
    },
    {
        "date": "2021-02-19T19:37:34.130Z",
        "value": "3.218338512312131",
        "cumulative": false
    },
    {
        "date": "2021-02-19T19:38:43.642Z",
        "value": "3.066121937836307",
        "cumulative": false
    },
    {
        "date": "2021-02-19T19:39:52.022Z",
        "value": "3.0764645655270657",
        "cumulative": false
    },
    {
        "date": "2021-02-19T19:41:04.764Z",
        "value": "3.0407409749632057",
        "cumulative": false
    },
    {
        "date": "2021-02-19T19:42:14.642Z",
        "value": "3.2737630208333335",
        "cumulative": false
    },
    {
        "date": "2021-02-19T19:43:26.446Z",
        "value": "3.204938175864449",
        "cumulative": false
    },
    {
        "date": "2021-02-19T19:44:37.164Z",
        "value": "3.1064429351501217",
        "cumulative": false
    },
    {
        "date": "2021-02-19T19:45:47.073Z",
        "value": "3.014213171275973",
        "cumulative": false
    },
    {
        "date": "2021-02-19T19:46:55.331Z",
        "value": "3.0091701216025295",
        "cumulative": false
    },
    {
        "date": "2021-02-19T19:48:05.151Z",
        "value": "3.053587964806908",
        "cumulative": false
    },
    {
        "date": "2021-02-19T19:49:15.637Z",
        "value": "3.0474700513768314",
        "cumulative": false
    },
    {
        "date": "2021-02-19T19:50:25.958Z",
        "value": "3.0834769344164745",
        "cumulative": false
    },
    {
        "date": "2021-02-19T19:51:37.699Z",
        "value": "3.041383388994911",
        "cumulative": false
    },
    {
        "date": "2021-02-19T19:52:49.727Z",
        "value": "2.9088416466346154",
        "cumulative": false
    },
    {
        "date": "2021-02-19T19:54:00.393Z",
        "value": "3.0039627259036146",
        "cumulative": false
    },
    {
        "date": "2021-02-19T19:55:10.338Z",
        "value": "3.0968270650724086",
        "cumulative": false
    },
    {
        "date": "2021-02-19T19:56:21.518Z",
        "value": "3.199768201141694",
        "cumulative": false
    },
    {
        "date": "2021-02-19T19:57:33.120Z",
        "value": "3.2104538066275166",
        "cumulative": false
    },
    {
        "date": "2021-02-19T19:58:43.658Z",
        "value": "3.081591681199",
        "cumulative": false
    },
    {
        "date": "2021-02-19T19:59:52.383Z",
        "value": "3.0280658482142857",
        "cumulative": false
    },
    {
        "date": "2021-02-19T20:01:04.276Z",
        "value": "3.210294317623526",
        "cumulative": false
    },
    {
        "date": "2021-02-19T20:02:16.365Z",
        "value": "2.9859262184115525",
        "cumulative": false
    },
    {
        "date": "2021-02-19T20:03:24.969Z",
        "value": "3.058233330122621",
        "cumulative": false
    },
    {
        "date": "2021-02-19T20:04:35.220Z",
        "value": "3.032909563741037",
        "cumulative": false
    },
    {
        "date": "2021-02-19T20:05:45.835Z",
        "value": "3.3505166854224377",
        "cumulative": false
    },
    {
        "date": "2021-02-19T20:06:54.444Z",
        "value": "3.0544716655344204",
        "cumulative": false
    },
    {
        "date": "2021-02-19T20:08:03.134Z",
        "value": "3.0846589891573326",
        "cumulative": false
    },
    {
        "date": "2021-02-19T20:09:13.830Z",
        "value": "3.2257818001760565",
        "cumulative": false
    },
    {
        "date": "2021-02-19T20:10:21.974Z",
        "value": "3.047334201153898",
        "cumulative": false
    },
    {
        "date": "2021-02-19T20:11:31.441Z",
        "value": "3.2115670723781937",
        "cumulative": false
    },
    {
        "date": "2021-02-19T20:12:40.585Z",
        "value": "3.142948938229354",
        "cumulative": false
    },
    {
        "date": "2021-02-19T20:13:51.421Z",
        "value": "3.0486434462947134",
        "cumulative": false
    },
    {
        "date": "2021-02-19T20:15:00.978Z",
        "value": "3.014942331194623",
        "cumulative": false
    },
    {
        "date": "2021-02-19T20:16:10.153Z",
        "value": "3.3400874879741616",
        "cumulative": false
    },
    {
        "date": "2021-02-19T20:17:20.529Z",
        "value": "2.996260036209068",
        "cumulative": false
    },
    {
        "date": "2021-02-19T20:18:31.126Z",
        "value": "3.103320989944637",
        "cumulative": false
    },
    {
        "date": "2021-02-19T20:19:42.186Z",
        "value": "3.092820600272851",
        "cumulative": false
    },
    {
        "date": "2021-02-19T20:20:55.491Z",
        "value": "2.9172163120567376",
        "cumulative": false
    },
    {
        "date": "2021-02-19T20:22:05.118Z",
        "value": "3.0004012542517007",
        "cumulative": false
    },
    {
        "date": "2021-02-19T20:23:16.248Z",
        "value": "3.1284105087020757",
        "cumulative": false
    },
    {
        "date": "2021-02-19T20:24:27.019Z",
        "value": "3.0567243227895307",
        "cumulative": false
    },
    {
        "date": "2021-02-19T20:25:36.355Z",
        "value": "3.120029412803844",
        "cumulative": false
    },
    {
        "date": "2021-02-19T20:26:46.614Z",
        "value": "3.2105064120655444",
        "cumulative": false
    },
    {
        "date": "2021-02-19T20:27:58.465Z",
        "value": "3.1322972144822234",
        "cumulative": false
    },
    {
        "date": "2021-02-19T20:29:08.889Z",
        "value": "3.0153945137723714",
        "cumulative": false
    },
    {
        "date": "2021-02-19T20:30:18.130Z",
        "value": "3.0603647091005133",
        "cumulative": false
    },
    {
        "date": "2021-02-19T20:31:30.368Z",
        "value": "3.075633878353043",
        "cumulative": false
    },
    {
        "date": "2021-02-19T20:32:43.975Z",
        "value": "3.219190742316419",
        "cumulative": false
    },
    {
        "date": "2021-02-19T20:33:55.047Z",
        "value": "3.1607103115727004",
        "cumulative": false
    },
    {
        "date": "2021-02-19T20:35:06.481Z",
        "value": "3.1556699208288697",
        "cumulative": false
    },
    {
        "date": "2021-02-19T20:36:17.491Z",
        "value": "3.098044951736201",
        "cumulative": false
    },
    {
        "date": "2021-02-19T20:37:26.651Z",
        "value": "3.0321156254216137",
        "cumulative": false
    },
    {
        "date": "2021-02-19T20:38:37.775Z",
        "value": "3.1882273099986747",
        "cumulative": false
    },
    {
        "date": "2021-02-19T20:39:47.831Z",
        "value": "2.9874374512607225",
        "cumulative": false
    },
    {
        "date": "2021-02-19T20:40:33.651Z",
        "value": "3.05441951751709",
        "cumulative": false
    },
    {
        "date": "2021-02-19T20:40:55.596Z",
        "value": "2.616418079494201",
        "cumulative": false
    },
    {
        "date": "2021-02-19T20:42:07.582Z",
        "value": "3.0400648543925493",
        "cumulative": false
    },
    {
        "date": "2021-02-19T20:43:20.455Z",
        "value": "3.0199774919894122",
        "cumulative": false
    },
    {
        "date": "2021-02-19T20:44:29.981Z",
        "value": "3.0047366960441333",
        "cumulative": false
    },
    {
        "date": "2021-02-19T20:45:40.380Z",
        "value": "3.176953019196912",
        "cumulative": false
    },
    {
        "date": "2021-02-19T20:46:49.933Z",
        "value": "2.892971466603883",
        "cumulative": false
    },
    {
        "date": "2021-02-19T20:48:00.388Z",
        "value": "3.032967989266745",
        "cumulative": false
    },
    {
        "date": "2021-02-19T20:49:12.727Z",
        "value": "3.145260111345439",
        "cumulative": false
    },
    {
        "date": "2021-02-19T20:50:23.650Z",
        "value": "3.082761184074635",
        "cumulative": false
    },
    {
        "date": "2021-02-19T20:51:35.338Z",
        "value": "2.9239451975180626",
        "cumulative": false
    },
    {
        "date": "2021-02-19T20:52:46.083Z",
        "value": "2.9832292492432977",
        "cumulative": false
    },
    {
        "date": "2021-02-19T20:53:54.293Z",
        "value": "2.92944826398577",
        "cumulative": false
    },
    {
        "date": "2021-02-19T20:55:05.572Z",
        "value": "2.8487475112534626",
        "cumulative": false
    },
    {
        "date": "2021-02-19T20:56:14.797Z",
        "value": "2.8497462002942866",
        "cumulative": false
    },
    {
        "date": "2021-02-19T20:57:26.454Z",
        "value": "2.9225653471459934",
        "cumulative": false
    },
    {
        "date": "2021-02-19T20:58:38.827Z",
        "value": "3.135199089644223",
        "cumulative": false
    },
    {
        "date": "2021-02-19T20:59:46.317Z",
        "value": "2.9186484436580398",
        "cumulative": false
    },
    {
        "date": "2021-02-19T21:00:55.981Z",
        "value": "3.0552328308016103",
        "cumulative": false
    },
    {
        "date": "2021-02-19T21:02:05.604Z",
        "value": "2.953497616643196",
        "cumulative": false
    },
    {
        "date": "2021-02-19T21:03:13.930Z",
        "value": "2.8073392156692587",
        "cumulative": false
    },
    {
        "date": "2021-02-19T21:04:24.459Z",
        "value": "3.10642549052774",
        "cumulative": false
    },
    {
        "date": "2021-02-19T21:05:34.954Z",
        "value": "3.0512920673076924",
        "cumulative": false
    },
    {
        "date": "2021-02-19T21:06:44.157Z",
        "value": "2.939083459242335",
        "cumulative": false
    },
    {
        "date": "2021-02-19T21:07:57.025Z",
        "value": "2.9922569659842844",
        "cumulative": false
    }
]