[
    {
        "date": "2021-02-19T16:05:49.935Z",
        "value": "279.41972374916077",
        "cumulative": false
    },
    {
        "date": "2021-02-19T17:37:42.183Z",
        "value": "279.20182371139526",
        "cumulative": false
    },
    {
        "date": "2021-02-19T19:09:16.877Z",
        "value": "280.67201828956604",
        "cumulative": false
    },
    {
        "date": "2021-02-19T20:40:52.066Z",
        "value": "280.5742173194885",
        "cumulative": false
    },
    {
        "date": "2021-02-19T21:08:45.684Z",
        "value": "84.2367525100708",
        "cumulative": false
    }
]