[
    {
        "date": "2021-02-19T16:05:50.255Z",
        "value": "106.11983394622803",
        "cumulative": false
    },
    {
        "date": "2021-02-19T17:37:42.753Z",
        "value": "106.53746557235718",
        "cumulative": false
    },
    {
        "date": "2021-02-19T19:09:17.353Z",
        "value": "106.56979751586914",
        "cumulative": false
    },
    {
        "date": "2021-02-19T20:40:52.559Z",
        "value": "106.5856466293335",
        "cumulative": false
    },
    {
        "date": "2021-02-19T21:08:46.229Z",
        "value": "31.977944374084473",
        "cumulative": false
    }
]