[
    {
        "date": "2021-02-19T16:05:50.314Z",
        "value": "49.276288986206055",
        "cumulative": false
    },
    {
        "date": "2021-02-19T17:37:42.699Z",
        "value": "49.244529247283936",
        "cumulative": false
    },
    {
        "date": "2021-02-19T19:09:17.364Z",
        "value": "49.234710931777954",
        "cumulative": false
    },
    {
        "date": "2021-02-19T20:40:52.785Z",
        "value": "49.19902181625366",
        "cumulative": false
    },
    {
        "date": "2021-02-19T21:08:46.480Z",
        "value": "14.75211787223816",
        "cumulative": false
    }
]