[
    {
        "date": "2021-02-19T16:05:50.144Z",
        "value": "271.0405442714691",
        "cumulative": false
    },
    {
        "date": "2021-02-19T17:37:42.700Z",
        "value": "269.9465477466583",
        "cumulative": false
    },
    {
        "date": "2021-02-19T19:09:17.293Z",
        "value": "272.4984748363495",
        "cumulative": false
    },
    {
        "date": "2021-02-19T20:40:52.654Z",
        "value": "272.14963722229004",
        "cumulative": false
    },
    {
        "date": "2021-02-19T21:08:46.570Z",
        "value": "81.61818814277649",
        "cumulative": false
    }
]