[
    {
        "date": "2021-02-19T16:05:50.255Z",
        "value": "45.61745524406433",
        "cumulative": false
    },
    {
        "date": "2021-02-19T17:37:42.753Z",
        "value": "44.542428493499756",
        "cumulative": false
    },
    {
        "date": "2021-02-19T19:09:17.353Z",
        "value": "43.23609948158264",
        "cumulative": false
    },
    {
        "date": "2021-02-19T20:40:52.559Z",
        "value": "43.2861602306366",
        "cumulative": false
    },
    {
        "date": "2021-02-19T21:08:46.229Z",
        "value": "12.99485182762146",
        "cumulative": false
    }
]