[
    {
        "date": "2021-02-19T14:34:15.022Z",
        "value": "9.54759454273566",
        "cumulative": false
    },
    {
        "date": "2021-02-19T14:35:28.636Z",
        "value": "9.08855520035558",
        "cumulative": false
    },
    {
        "date": "2021-02-19T14:36:40.125Z",
        "value": "8.398062978878492",
        "cumulative": false
    },
    {
        "date": "2021-02-19T14:37:49.063Z",
        "value": "7.971430070284828",
        "cumulative": false
    },
    {
        "date": "2021-02-19T14:38:59.313Z",
        "value": "7.898835011017629",
        "cumulative": false
    },
    {
        "date": "2021-02-19T14:40:11.626Z",
        "value": "7.702641986514523",
        "cumulative": false
    },
    {
        "date": "2021-02-19T14:41:22.116Z",
        "value": "7.505609969140181",
        "cumulative": false
    },
    {
        "date": "2021-02-19T14:42:31.103Z",
        "value": "7.434565900710869",
        "cumulative": false
    },
    {
        "date": "2021-02-19T14:43:40.429Z",
        "value": "6.878180229755784",
        "cumulative": false
    },
    {
        "date": "2021-02-19T14:44:50.768Z",
        "value": "6.4495013836393085",
        "cumulative": false
    },
    {
        "date": "2021-02-19T14:46:04.617Z",
        "value": "6.075166021151669",
        "cumulative": false
    },
    {
        "date": "2021-02-19T14:47:16.084Z",
        "value": "5.878724709535256",
        "cumulative": false
    },
    {
        "date": "2021-02-19T14:48:27.013Z",
        "value": "5.6900084053404365",
        "cumulative": false
    },
    {
        "date": "2021-02-19T14:49:40.215Z",
        "value": "5.418153540438221",
        "cumulative": false
    },
    {
        "date": "2021-02-19T14:50:50.307Z",
        "value": "5.000328309020342",
        "cumulative": false
    },
    {
        "date": "2021-02-19T14:52:02.850Z",
        "value": "4.972146715587746",
        "cumulative": false
    },
    {
        "date": "2021-02-19T14:53:10.157Z",
        "value": "4.590850443353994",
        "cumulative": false
    },
    {
        "date": "2021-02-19T14:54:21.919Z",
        "value": "4.510556968400373",
        "cumulative": false
    },
    {
        "date": "2021-02-19T14:55:32.319Z",
        "value": "4.629467167003908",
        "cumulative": false
    },
    {
        "date": "2021-02-19T14:56:43.810Z",
        "value": "4.3096374653991845",
        "cumulative": false
    },
    {
        "date": "2021-02-19T14:57:52.683Z",
        "value": "4.296332231866765",
        "cumulative": false
    },
    {
        "date": "2021-02-19T14:59:06.541Z",
        "value": "4.319622904484946",
        "cumulative": false
    },
    {
        "date": "2021-02-19T15:00:15.882Z",
        "value": "4.229747824656332",
        "cumulative": false
    },
    {
        "date": "2021-02-19T15:01:26.508Z",
        "value": "4.233790873344371",
        "cumulative": false
    },
    {
        "date": "2021-02-19T15:02:41.649Z",
        "value": "4.252838965862815",
        "cumulative": false
    },
    {
        "date": "2021-02-19T15:03:50.277Z",
        "value": "4.026490501424263",
        "cumulative": false
    },
    {
        "date": "2021-02-19T15:05:01.674Z",
        "value": "3.8298821787114656",
        "cumulative": false
    },
    {
        "date": "2021-02-19T15:06:11.999Z",
        "value": "3.87137881515775",
        "cumulative": false
    },
    {
        "date": "2021-02-19T15:07:20.407Z",
        "value": "3.806053227765321",
        "cumulative": false
    },
    {
        "date": "2021-02-19T15:08:31.006Z",
        "value": "4.1146517156199245",
        "cumulative": false
    },
    {
        "date": "2021-02-19T15:09:42.910Z",
        "value": "3.8963661204590254",
        "cumulative": false
    },
    {
        "date": "2021-02-19T15:10:53.104Z",
        "value": "3.845711009274081",
        "cumulative": false
    },
    {
        "date": "2021-02-19T15:12:01.140Z",
        "value": "3.677526589950502",
        "cumulative": false
    },
    {
        "date": "2021-02-19T15:13:12.449Z",
        "value": "3.841119536356209",
        "cumulative": false
    },
    {
        "date": "2021-02-19T15:14:21.487Z",
        "value": "3.9342351147467656",
        "cumulative": false
    },
    {
        "date": "2021-02-19T15:15:32.300Z",
        "value": "3.860323275497428",
        "cumulative": false
    },
    {
        "date": "2021-02-19T15:16:43.344Z",
        "value": "3.784991779085826",
        "cumulative": false
    },
    {
        "date": "2021-02-19T15:17:53.938Z",
        "value": "3.805515250255923",
        "cumulative": false
    },
    {
        "date": "2021-02-19T15:19:04.043Z",
        "value": "3.6686584993462703",
        "cumulative": false
    },
    {
        "date": "2021-02-19T15:20:13.734Z",
        "value": "3.7349909814277824",
        "cumulative": false
    },
    {
        "date": "2021-02-19T15:21:25.169Z",
        "value": "3.796582187834046",
        "cumulative": false
    },
    {
        "date": "2021-02-19T15:22:36.954Z",
        "value": "3.710987953860505",
        "cumulative": false
    },
    {
        "date": "2021-02-19T15:23:48.294Z",
        "value": "3.8246969078386823",
        "cumulative": false
    },
    {
        "date": "2021-02-19T15:24:58.504Z",
        "value": "3.6602859192068817",
        "cumulative": false
    },
    {
        "date": "2021-02-19T15:26:08.948Z",
        "value": "3.739544041474155",
        "cumulative": false
    },
    {
        "date": "2021-02-19T15:27:21.341Z",
        "value": "3.713977281895439",
        "cumulative": false
    },
    {
        "date": "2021-02-19T15:28:33.345Z",
        "value": "3.7353019559747365",
        "cumulative": false
    },
    {
        "date": "2021-02-19T15:29:45.055Z",
        "value": "3.521137286665102",
        "cumulative": false
    },
    {
        "date": "2021-02-19T15:30:54.947Z",
        "value": "3.606653510939204",
        "cumulative": false
    },
    {
        "date": "2021-02-19T15:32:05.765Z",
        "value": "3.6009830710780855",
        "cumulative": false
    },
    {
        "date": "2021-02-19T15:33:15.480Z",
        "value": "3.5780389663132697",
        "cumulative": false
    },
    {
        "date": "2021-02-19T15:34:25.873Z",
        "value": "3.7581608811749",
        "cumulative": false
    },
    {
        "date": "2021-02-19T15:35:37.222Z",
        "value": "3.623935936651507",
        "cumulative": false
    },
    {
        "date": "2021-02-19T15:36:45.512Z",
        "value": "3.820617232119678",
        "cumulative": false
    },
    {
        "date": "2021-02-19T15:37:56.706Z",
        "value": "3.657030030336361",
        "cumulative": false
    },
    {
        "date": "2021-02-19T15:39:06.991Z",
        "value": "3.6045472931210005",
        "cumulative": false
    },
    {
        "date": "2021-02-19T15:40:18.683Z",
        "value": "3.893685486156088",
        "cumulative": false
    },
    {
        "date": "2021-02-19T15:41:30.263Z",
        "value": "3.773983562933102",
        "cumulative": false
    },
    {
        "date": "2021-02-19T15:42:39.375Z",
        "value": "3.56922430762965",
        "cumulative": false
    },
    {
        "date": "2021-02-19T15:43:50.730Z",
        "value": "3.5257571969951598",
        "cumulative": false
    },
    {
        "date": "2021-02-19T15:45:01.785Z",
        "value": "3.456162114926805",
        "cumulative": false
    },
    {
        "date": "2021-02-19T15:46:12.805Z",
        "value": "3.5322892967077086",
        "cumulative": false
    },
    {
        "date": "2021-02-19T15:47:21.526Z",
        "value": "3.5733293376163426",
        "cumulative": false
    },
    {
        "date": "2021-02-19T15:48:30.966Z",
        "value": "3.503165299194869",
        "cumulative": false
    },
    {
        "date": "2021-02-19T15:49:41.812Z",
        "value": "3.3452880112767582",
        "cumulative": false
    },
    {
        "date": "2021-02-19T15:50:50.571Z",
        "value": "3.4475444414874423",
        "cumulative": false
    },
    {
        "date": "2021-02-19T15:51:59.494Z",
        "value": "3.436766191337571",
        "cumulative": false
    },
    {
        "date": "2021-02-19T15:53:09.931Z",
        "value": "3.503255632078235",
        "cumulative": false
    },
    {
        "date": "2021-02-19T15:54:20.972Z",
        "value": "3.476981974214771",
        "cumulative": false
    },
    {
        "date": "2021-02-19T15:55:31.224Z",
        "value": "3.508586379716981",
        "cumulative": false
    },
    {
        "date": "2021-02-19T15:56:44.452Z",
        "value": "3.494304617014697",
        "cumulative": false
    },
    {
        "date": "2021-02-19T15:57:55.091Z",
        "value": "3.6122407896641575",
        "cumulative": false
    },
    {
        "date": "2021-02-19T15:59:05.074Z",
        "value": "3.5443937315530016",
        "cumulative": false
    },
    {
        "date": "2021-02-19T16:00:14.617Z",
        "value": "3.5696900975063937",
        "cumulative": false
    },
    {
        "date": "2021-02-19T16:01:26.857Z",
        "value": "3.4094628679931924",
        "cumulative": false
    },
    {
        "date": "2021-02-19T16:02:35.528Z",
        "value": "3.5966246966019417",
        "cumulative": false
    },
    {
        "date": "2021-02-19T16:03:46.243Z",
        "value": "3.4955983164612676",
        "cumulative": false
    },
    {
        "date": "2021-02-19T16:04:56.035Z",
        "value": "3.546238959692994",
        "cumulative": false
    },
    {
        "date": "2021-02-19T16:05:42.491Z",
        "value": "3.445197105407715",
        "cumulative": false
    },
    {
        "date": "2021-02-19T16:05:55.964Z",
        "value": "2.6680536260614387",
        "cumulative": false
    },
    {
        "date": "2021-02-19T16:07:08.850Z",
        "value": "3.1305906818860043",
        "cumulative": false
    },
    {
        "date": "2021-02-19T16:08:17.605Z",
        "value": "3.316307288766704",
        "cumulative": false
    },
    {
        "date": "2021-02-19T16:09:28.886Z",
        "value": "3.5103806062414735",
        "cumulative": false
    },
    {
        "date": "2021-02-19T16:10:40.253Z",
        "value": "3.4056282698210985",
        "cumulative": false
    },
    {
        "date": "2021-02-19T16:11:53.245Z",
        "value": "3.4199230706688093",
        "cumulative": false
    },
    {
        "date": "2021-02-19T16:13:03.946Z",
        "value": "3.37653797312449",
        "cumulative": false
    },
    {
        "date": "2021-02-19T16:14:12.773Z",
        "value": "3.295134669002002",
        "cumulative": false
    },
    {
        "date": "2021-02-19T16:15:23.798Z",
        "value": "3.451265002116988",
        "cumulative": false
    },
    {
        "date": "2021-02-19T16:16:35.907Z",
        "value": "3.262739458476027",
        "cumulative": false
    },
    {
        "date": "2021-02-19T16:17:47.389Z",
        "value": "3.7024312731613453",
        "cumulative": false
    },
    {
        "date": "2021-02-19T16:18:57.211Z",
        "value": "3.501781358593959",
        "cumulative": false
    },
    {
        "date": "2021-02-19T16:20:04.432Z",
        "value": "3.3405861396636",
        "cumulative": false
    },
    {
        "date": "2021-02-19T16:21:12.100Z",
        "value": "3.3719926645183174",
        "cumulative": false
    },
    {
        "date": "2021-02-19T16:22:21.531Z",
        "value": "3.190372816139767",
        "cumulative": false
    },
    {
        "date": "2021-02-19T16:23:31.754Z",
        "value": "3.359526823213269",
        "cumulative": false
    },
    {
        "date": "2021-02-19T16:24:41.619Z",
        "value": "3.3532148606054477",
        "cumulative": false
    },
    {
        "date": "2021-02-19T16:25:50.072Z",
        "value": "3.2458925743596807",
        "cumulative": false
    },
    {
        "date": "2021-02-19T16:27:00.142Z",
        "value": "3.455890733241646",
        "cumulative": false
    },
    {
        "date": "2021-02-19T16:28:10.968Z",
        "value": "3.3541180693112316",
        "cumulative": false
    },
    {
        "date": "2021-02-19T16:29:19.809Z",
        "value": "3.320172330075948",
        "cumulative": false
    },
    {
        "date": "2021-02-19T16:30:30.742Z",
        "value": "3.2108623215900285",
        "cumulative": false
    },
    {
        "date": "2021-02-19T16:31:40.124Z",
        "value": "3.3014615459899237",
        "cumulative": false
    },
    {
        "date": "2021-02-19T16:32:50.766Z",
        "value": "3.3353757445386747",
        "cumulative": false
    },
    {
        "date": "2021-02-19T16:34:04.396Z",
        "value": "3.480345775462963",
        "cumulative": false
    },
    {
        "date": "2021-02-19T16:35:14.812Z",
        "value": "3.392753425756961",
        "cumulative": false
    },
    {
        "date": "2021-02-19T16:36:24.281Z",
        "value": "3.3722472368002543",
        "cumulative": false
    },
    {
        "date": "2021-02-19T16:37:35.648Z",
        "value": "3.394573511537935",
        "cumulative": false
    },
    {
        "date": "2021-02-19T16:38:45.489Z",
        "value": "3.4039443597560974",
        "cumulative": false
    },
    {
        "date": "2021-02-19T16:39:56.551Z",
        "value": "3.4170419771715674",
        "cumulative": false
    },
    {
        "date": "2021-02-19T16:41:06.220Z",
        "value": "3.33138666269893",
        "cumulative": false
    },
    {
        "date": "2021-02-19T16:42:20.402Z",
        "value": "3.3636626745457603",
        "cumulative": false
    },
    {
        "date": "2021-02-19T16:43:31.609Z",
        "value": "3.0899925919866202",
        "cumulative": false
    },
    {
        "date": "2021-02-19T16:44:41.549Z",
        "value": "3.479160937943514",
        "cumulative": false
    },
    {
        "date": "2021-02-19T16:45:51.920Z",
        "value": "3.2921150172437113",
        "cumulative": false
    },
    {
        "date": "2021-02-19T16:47:01.733Z",
        "value": "3.3643320226459252",
        "cumulative": false
    },
    {
        "date": "2021-02-19T16:48:14.101Z",
        "value": "3.3138874024923894",
        "cumulative": false
    },
    {
        "date": "2021-02-19T16:49:26.101Z",
        "value": "3.2395951013278643",
        "cumulative": false
    },
    {
        "date": "2021-02-19T16:50:37.562Z",
        "value": "3.4675587574196927",
        "cumulative": false
    },
    {
        "date": "2021-02-19T16:51:48.435Z",
        "value": "3.4234740973380595",
        "cumulative": false
    },
    {
        "date": "2021-02-19T16:52:59.045Z",
        "value": "3.392955619747899",
        "cumulative": false
    },
    {
        "date": "2021-02-19T16:54:08.476Z",
        "value": "3.2912591699986447",
        "cumulative": false
    },
    {
        "date": "2021-02-19T16:55:19.883Z",
        "value": "3.2976700130693213",
        "cumulative": false
    },
    {
        "date": "2021-02-19T16:56:31.592Z",
        "value": "3.210598153957529",
        "cumulative": false
    },
    {
        "date": "2021-02-19T16:57:42.637Z",
        "value": "3.1520181368726963",
        "cumulative": false
    },
    {
        "date": "2021-02-19T16:58:53.391Z",
        "value": "3.2741966881229234",
        "cumulative": false
    },
    {
        "date": "2021-02-19T17:00:03.748Z",
        "value": "3.3483512038141603",
        "cumulative": false
    },
    {
        "date": "2021-02-19T17:01:17.782Z",
        "value": "3.4327562111151995",
        "cumulative": false
    },
    {
        "date": "2021-02-19T17:02:27.422Z",
        "value": "3.145316602982763",
        "cumulative": false
    },
    {
        "date": "2021-02-19T17:03:38.056Z",
        "value": "3.3162161503662606",
        "cumulative": false
    },
    {
        "date": "2021-02-19T17:04:50.626Z",
        "value": "3.2043465574528938",
        "cumulative": false
    },
    {
        "date": "2021-02-19T17:05:58.805Z",
        "value": "3.293590645984891",
        "cumulative": false
    },
    {
        "date": "2021-02-19T17:07:09.325Z",
        "value": "3.3957657871109337",
        "cumulative": false
    },
    {
        "date": "2021-02-19T17:08:20.196Z",
        "value": "3.388566862547762",
        "cumulative": false
    },
    {
        "date": "2021-02-19T17:09:28.722Z",
        "value": "3.3609699648123326",
        "cumulative": false
    },
    {
        "date": "2021-02-19T17:10:39.269Z",
        "value": "3.549229271885522",
        "cumulative": false
    },
    {
        "date": "2021-02-19T17:11:51.860Z",
        "value": "3.3013586732166447",
        "cumulative": false
    },
    {
        "date": "2021-02-19T17:13:01.147Z",
        "value": "3.2653490149456523",
        "cumulative": false
    },
    {
        "date": "2021-02-19T17:14:10.918Z",
        "value": "3.4897033130239317",
        "cumulative": false
    },
    {
        "date": "2021-02-19T17:15:21.253Z",
        "value": "3.3500524575158885",
        "cumulative": false
    },
    {
        "date": "2021-02-19T17:16:31.024Z",
        "value": "3.2317057978057457",
        "cumulative": false
    },
    {
        "date": "2021-02-19T17:17:41.372Z",
        "value": "3.2502769431089744",
        "cumulative": false
    },
    {
        "date": "2021-02-19T17:18:51.220Z",
        "value": "3.297154553400055",
        "cumulative": false
    },
    {
        "date": "2021-02-19T17:20:01.345Z",
        "value": "3.3336001266535322",
        "cumulative": false
    },
    {
        "date": "2021-02-19T17:21:13.443Z",
        "value": "3.197251761704887",
        "cumulative": false
    },
    {
        "date": "2021-02-19T17:22:23.424Z",
        "value": "3.421414013975155",
        "cumulative": false
    },
    {
        "date": "2021-02-19T17:23:33.838Z",
        "value": "3.2030068206374933",
        "cumulative": false
    },
    {
        "date": "2021-02-19T17:24:43.691Z",
        "value": "3.398212915859173",
        "cumulative": false
    },
    {
        "date": "2021-02-19T17:25:53.984Z",
        "value": "3.396309528622251",
        "cumulative": false
    },
    {
        "date": "2021-02-19T17:27:04.708Z",
        "value": "3.2475041361529158",
        "cumulative": false
    },
    {
        "date": "2021-02-19T17:28:19.572Z",
        "value": "3.2884838954165523",
        "cumulative": false
    },
    {
        "date": "2021-02-19T17:29:28.463Z",
        "value": "3.360268663764783",
        "cumulative": false
    },
    {
        "date": "2021-02-19T17:30:39.836Z",
        "value": "3.1628470381659155",
        "cumulative": false
    },
    {
        "date": "2021-02-19T17:31:50.637Z",
        "value": "3.3079403389207727",
        "cumulative": false
    },
    {
        "date": "2021-02-19T17:33:02.307Z",
        "value": "3.2694020526009315",
        "cumulative": false
    },
    {
        "date": "2021-02-19T17:34:14.476Z",
        "value": "3.5321170897079277",
        "cumulative": false
    },
    {
        "date": "2021-02-19T17:35:25.874Z",
        "value": "3.146771764120793",
        "cumulative": false
    },
    {
        "date": "2021-02-19T17:36:38.585Z",
        "value": "3.1249227255377057",
        "cumulative": false
    },
    {
        "date": "2021-02-19T17:37:23.871Z",
        "value": "3.240283250808716",
        "cumulative": false
    },
    {
        "date": "2021-02-19T17:37:46.092Z",
        "value": "2.9568364947396577",
        "cumulative": false
    },
    {
        "date": "2021-02-19T17:38:57.749Z",
        "value": "3.098327868927422",
        "cumulative": false
    },
    {
        "date": "2021-02-19T17:40:08.562Z",
        "value": "3.102346896873349",
        "cumulative": false
    },
    {
        "date": "2021-02-19T17:41:19.800Z",
        "value": "3.271236179310572",
        "cumulative": false
    },
    {
        "date": "2021-02-19T17:42:29.857Z",
        "value": "3.2553555364379543",
        "cumulative": false
    },
    {
        "date": "2021-02-19T17:43:40.727Z",
        "value": "3.1535704547610015",
        "cumulative": false
    },
    {
        "date": "2021-02-19T17:44:50.159Z",
        "value": "3.3054164755081876",
        "cumulative": false
    },
    {
        "date": "2021-02-19T17:46:00.904Z",
        "value": "3.1195217942252462",
        "cumulative": false
    },
    {
        "date": "2021-02-19T17:47:08.941Z",
        "value": "3.1729077693823915",
        "cumulative": false
    },
    {
        "date": "2021-02-19T17:48:22.919Z",
        "value": "3.224602837763903",
        "cumulative": false
    },
    {
        "date": "2021-02-19T17:49:34.876Z",
        "value": "3.2299421451510444",
        "cumulative": false
    },
    {
        "date": "2021-02-19T17:50:45.776Z",
        "value": "3.295033287252619",
        "cumulative": false
    },
    {
        "date": "2021-02-19T17:51:55.717Z",
        "value": "3.326664331824559",
        "cumulative": false
    },
    {
        "date": "2021-02-19T17:53:05.236Z",
        "value": "3.2218263902591424",
        "cumulative": false
    },
    {
        "date": "2021-02-19T17:54:16.537Z",
        "value": "3.263657028610642",
        "cumulative": false
    },
    {
        "date": "2021-02-19T17:55:26.565Z",
        "value": "3.1032303652931343",
        "cumulative": false
    },
    {
        "date": "2021-02-19T17:56:37.335Z",
        "value": "3.162094557418408",
        "cumulative": false
    },
    {
        "date": "2021-02-19T17:57:48.082Z",
        "value": "3.154272336785821",
        "cumulative": false
    },
    {
        "date": "2021-02-19T17:59:00.140Z",
        "value": "3.2161023863346916",
        "cumulative": false
    },
    {
        "date": "2021-02-19T18:00:08.044Z",
        "value": "3.4515420108140327",
        "cumulative": false
    },
    {
        "date": "2021-02-19T18:01:16.498Z",
        "value": "3.225079823369565",
        "cumulative": false
    },
    {
        "date": "2021-02-19T18:02:27.251Z",
        "value": "3.354841440334386",
        "cumulative": false
    },
    {
        "date": "2021-02-19T18:03:35.186Z",
        "value": "3.250529729001232",
        "cumulative": false
    },
    {
        "date": "2021-02-19T18:04:45.626Z",
        "value": "3.3357842598776717",
        "cumulative": false
    },
    {
        "date": "2021-02-19T18:05:57.480Z",
        "value": "3.336336449129418",
        "cumulative": false
    },
    {
        "date": "2021-02-19T18:07:08.621Z",
        "value": "3.2063123326498104",
        "cumulative": false
    },
    {
        "date": "2021-02-19T18:08:20.482Z",
        "value": "3.3939300011950286",
        "cumulative": false
    },
    {
        "date": "2021-02-19T18:09:30.684Z",
        "value": "3.164861727197117",
        "cumulative": false
    },
    {
        "date": "2021-02-19T18:10:39.279Z",
        "value": "3.3290865423781284",
        "cumulative": false
    },
    {
        "date": "2021-02-19T18:11:48.423Z",
        "value": "3.4537162914035204",
        "cumulative": false
    },
    {
        "date": "2021-02-19T18:12:59.985Z",
        "value": "3.1312090447919516",
        "cumulative": false
    },
    {
        "date": "2021-02-19T18:14:10.774Z",
        "value": "3.300007071568495",
        "cumulative": false
    },
    {
        "date": "2021-02-19T18:15:19.765Z",
        "value": "3.2433444033101044",
        "cumulative": false
    },
    {
        "date": "2021-02-19T18:16:29.191Z",
        "value": "3.166216428645259",
        "cumulative": false
    },
    {
        "date": "2021-02-19T18:17:38.539Z",
        "value": "3.2224956831199463",
        "cumulative": false
    },
    {
        "date": "2021-02-19T18:18:50.342Z",
        "value": "3.231959431526728",
        "cumulative": false
    },
    {
        "date": "2021-02-19T18:20:01.818Z",
        "value": "3.313637035472973",
        "cumulative": false
    },
    {
        "date": "2021-02-19T18:21:10.906Z",
        "value": "3.168371641513265",
        "cumulative": false
    },
    {
        "date": "2021-02-19T18:22:21.100Z",
        "value": "3.136453129336664",
        "cumulative": false
    },
    {
        "date": "2021-02-19T18:23:32.710Z",
        "value": "3.2922318132417887",
        "cumulative": false
    },
    {
        "date": "2021-02-19T18:24:42.702Z",
        "value": "3.262040125831211",
        "cumulative": false
    },
    {
        "date": "2021-02-19T18:25:52.856Z",
        "value": "3.1474839469178084",
        "cumulative": false
    },
    {
        "date": "2021-02-19T18:27:03.031Z",
        "value": "3.3182678390427434",
        "cumulative": false
    },
    {
        "date": "2021-02-19T18:28:15.315Z",
        "value": "3.2232426642595606",
        "cumulative": false
    },
    {
        "date": "2021-02-19T18:29:26.846Z",
        "value": "3.112252857330531",
        "cumulative": false
    },
    {
        "date": "2021-02-19T18:30:38.430Z",
        "value": "3.1823601109125317",
        "cumulative": false
    },
    {
        "date": "2021-02-19T18:31:48.469Z",
        "value": "3.099431384764036",
        "cumulative": false
    },
    {
        "date": "2021-02-19T18:33:04.009Z",
        "value": "3.110180626132833",
        "cumulative": false
    },
    {
        "date": "2021-02-19T18:34:13.681Z",
        "value": "3.0432064677291124",
        "cumulative": false
    },
    {
        "date": "2021-02-19T18:35:26.234Z",
        "value": "3.1809318518780008",
        "cumulative": false
    },
    {
        "date": "2021-02-19T18:36:35.501Z",
        "value": "3.1142645679129775",
        "cumulative": false
    },
    {
        "date": "2021-02-19T18:37:45.501Z",
        "value": "3.2745501618417223",
        "cumulative": false
    },
    {
        "date": "2021-02-19T18:38:55.881Z",
        "value": "3.1458749629958556",
        "cumulative": false
    },
    {
        "date": "2021-02-19T18:40:06.565Z",
        "value": "3.1608245890353803",
        "cumulative": false
    },
    {
        "date": "2021-02-19T18:41:15.644Z",
        "value": "3.0213270489878963",
        "cumulative": false
    },
    {
        "date": "2021-02-19T18:42:24.942Z",
        "value": "3.310030997053394",
        "cumulative": false
    },
    {
        "date": "2021-02-19T18:43:35.123Z",
        "value": "3.462187662534674",
        "cumulative": false
    },
    {
        "date": "2021-02-19T18:44:46.414Z",
        "value": "3.210683640870024",
        "cumulative": false
    },
    {
        "date": "2021-02-19T18:45:54.200Z",
        "value": "3.175007545667693",
        "cumulative": false
    },
    {
        "date": "2021-02-19T18:47:03.685Z",
        "value": "3.345231843365024",
        "cumulative": false
    },
    {
        "date": "2021-02-19T18:48:15.124Z",
        "value": "3.157213222226094",
        "cumulative": false
    },
    {
        "date": "2021-02-19T18:49:25.149Z",
        "value": "3.074058414585159",
        "cumulative": false
    },
    {
        "date": "2021-02-19T18:50:36.567Z",
        "value": "3.341318574754572",
        "cumulative": false
    },
    {
        "date": "2021-02-19T18:51:48.552Z",
        "value": "3.218405641563007",
        "cumulative": false
    },
    {
        "date": "2021-02-19T18:52:55.633Z",
        "value": "3.175695448563816",
        "cumulative": false
    },
    {
        "date": "2021-02-19T18:54:05.343Z",
        "value": "3.243812589413448",
        "cumulative": false
    },
    {
        "date": "2021-02-19T18:55:14.345Z",
        "value": "3.1591774636172785",
        "cumulative": false
    },
    {
        "date": "2021-02-19T18:56:29.060Z",
        "value": "3.299107605042686",
        "cumulative": false
    },
    {
        "date": "2021-02-19T18:57:39.744Z",
        "value": "3.2175195878324994",
        "cumulative": false
    },
    {
        "date": "2021-02-19T18:58:47.278Z",
        "value": "3.241456941793893",
        "cumulative": false
    },
    {
        "date": "2021-02-19T19:00:01.906Z",
        "value": "3.3585484375",
        "cumulative": false
    },
    {
        "date": "2021-02-19T19:01:11.152Z",
        "value": "3.3241976852351165",
        "cumulative": false
    },
    {
        "date": "2021-02-19T19:02:19.466Z",
        "value": "3.3265987693982453",
        "cumulative": false
    },
    {
        "date": "2021-02-19T19:03:29.534Z",
        "value": "3.0885157814287756",
        "cumulative": false
    },
    {
        "date": "2021-02-19T19:04:37.865Z",
        "value": "3.178990455941209",
        "cumulative": false
    },
    {
        "date": "2021-02-19T19:05:48.142Z",
        "value": "3.2551037864963503",
        "cumulative": false
    },
    {
        "date": "2021-02-19T19:06:59.362Z",
        "value": "3.1233433314732144",
        "cumulative": false
    },
    {
        "date": "2021-02-19T19:08:11.875Z",
        "value": "3.218436528832873",
        "cumulative": false
    },
    {
        "date": "2021-02-19T19:08:58.559Z",
        "value": "3.151982307434082",
        "cumulative": false
    },
    {
        "date": "2021-02-19T19:09:20.576Z",
        "value": "2.7972951428643587",
        "cumulative": false
    },
    {
        "date": "2021-02-19T19:10:31.967Z",
        "value": "3.205345679904227",
        "cumulative": false
    },
    {
        "date": "2021-02-19T19:11:42.936Z",
        "value": "3.008735854987427",
        "cumulative": false
    },
    {
        "date": "2021-02-19T19:12:52.175Z",
        "value": "3.0606730143229166",
        "cumulative": false
    },
    {
        "date": "2021-02-19T19:14:01.773Z",
        "value": "3.104798404957333",
        "cumulative": false
    },
    {
        "date": "2021-02-19T19:15:12.844Z",
        "value": "3.06414290993213",
        "cumulative": false
    },
    {
        "date": "2021-02-19T19:16:24.089Z",
        "value": "3.2143111492120062",
        "cumulative": false
    },
    {
        "date": "2021-02-19T19:17:35.196Z",
        "value": "3.101350067644308",
        "cumulative": false
    },
    {
        "date": "2021-02-19T19:18:45.214Z",
        "value": "3.12806326486014",
        "cumulative": false
    },
    {
        "date": "2021-02-19T19:19:53.512Z",
        "value": "3.134810076183329",
        "cumulative": false
    },
    {
        "date": "2021-02-19T19:21:03.453Z",
        "value": "3.227572622301903",
        "cumulative": false
    },
    {
        "date": "2021-02-19T19:22:15.833Z",
        "value": "3.0263238763859555",
        "cumulative": false
    },
    {
        "date": "2021-02-19T19:23:27.756Z",
        "value": "3.1175902288732393",
        "cumulative": false
    },
    {
        "date": "2021-02-19T19:24:38.718Z",
        "value": "3.0240427348428143",
        "cumulative": false
    },
    {
        "date": "2021-02-19T19:25:47.409Z",
        "value": "3.1844363190406977",
        "cumulative": false
    },
    {
        "date": "2021-02-19T19:26:59.581Z",
        "value": "3.1228215351573283",
        "cumulative": false
    },
    {
        "date": "2021-02-19T19:28:09.643Z",
        "value": "3.066540557684341",
        "cumulative": false
    },
    {
        "date": "2021-02-19T19:29:18.166Z",
        "value": "3.212085783883427",
        "cumulative": false
    },
    {
        "date": "2021-02-19T19:30:29.023Z",
        "value": "2.993090934995855",
        "cumulative": false
    },
    {
        "date": "2021-02-19T19:31:40.382Z",
        "value": "3.094616215015005",
        "cumulative": false
    },
    {
        "date": "2021-02-19T19:32:48.466Z",
        "value": "3.007268936775935",
        "cumulative": false
    },
    {
        "date": "2021-02-19T19:33:58.227Z",
        "value": "3.068219793296818",
        "cumulative": false
    },
    {
        "date": "2021-02-19T19:35:08.781Z",
        "value": "3.159882769133361",
        "cumulative": false
    },
    {
        "date": "2021-02-19T19:36:20.558Z",
        "value": "3.0430281426601185",
        "cumulative": false
    },
    {
        "date": "2021-02-19T19:37:34.150Z",
        "value": "3.0664186084219187",
        "cumulative": false
    },
    {
        "date": "2021-02-19T19:38:43.639Z",
        "value": "3.2249877962422904",
        "cumulative": false
    },
    {
        "date": "2021-02-19T19:39:52.041Z",
        "value": "3.075890410258508",
        "cumulative": false
    },
    {
        "date": "2021-02-19T19:41:04.752Z",
        "value": "3.043856989487716",
        "cumulative": false
    },
    {
        "date": "2021-02-19T19:42:14.655Z",
        "value": "3.2317269527054244",
        "cumulative": false
    },
    {
        "date": "2021-02-19T19:43:26.431Z",
        "value": "3.1474063534768213",
        "cumulative": false
    },
    {
        "date": "2021-02-19T19:44:37.130Z",
        "value": "3.0283473056068693",
        "cumulative": false
    },
    {
        "date": "2021-02-19T19:45:47.062Z",
        "value": "3.0008555749284693",
        "cumulative": false
    },
    {
        "date": "2021-02-19T19:46:55.339Z",
        "value": "3.1465800072862695",
        "cumulative": false
    },
    {
        "date": "2021-02-19T19:48:05.126Z",
        "value": "3.198886999102871",
        "cumulative": false
    },
    {
        "date": "2021-02-19T19:49:15.674Z",
        "value": "3.2442306307603688",
        "cumulative": false
    },
    {
        "date": "2021-02-19T19:50:25.954Z",
        "value": "3.156931687115539",
        "cumulative": false
    },
    {
        "date": "2021-02-19T19:51:37.660Z",
        "value": "3.1021514480973025",
        "cumulative": false
    },
    {
        "date": "2021-02-19T19:52:49.704Z",
        "value": "3.232490502372403",
        "cumulative": false
    },
    {
        "date": "2021-02-19T19:54:00.383Z",
        "value": "3.0490447874493927",
        "cumulative": false
    },
    {
        "date": "2021-02-19T19:55:10.346Z",
        "value": "3.2033759544497102",
        "cumulative": false
    },
    {
        "date": "2021-02-19T19:56:21.316Z",
        "value": "3.101176044232348",
        "cumulative": false
    },
    {
        "date": "2021-02-19T19:57:33.101Z",
        "value": "3.0104515698684535",
        "cumulative": false
    },
    {
        "date": "2021-02-19T19:58:43.640Z",
        "value": "2.980913814811757",
        "cumulative": false
    },
    {
        "date": "2021-02-19T19:59:52.421Z",
        "value": "3.0775060191620334",
        "cumulative": false
    },
    {
        "date": "2021-02-19T20:01:04.456Z",
        "value": "3.1075008505054433",
        "cumulative": false
    },
    {
        "date": "2021-02-19T20:02:16.351Z",
        "value": "3.0363497668678003",
        "cumulative": false
    },
    {
        "date": "2021-02-19T20:03:24.865Z",
        "value": "3.12092587307066",
        "cumulative": false
    },
    {
        "date": "2021-02-19T20:04:35.209Z",
        "value": "3.0033649718893076",
        "cumulative": false
    },
    {
        "date": "2021-02-19T20:05:45.881Z",
        "value": "3.17170540164236",
        "cumulative": false
    },
    {
        "date": "2021-02-19T20:06:54.417Z",
        "value": "3.1548153098495892",
        "cumulative": false
    },
    {
        "date": "2021-02-19T20:08:03.119Z",
        "value": "3.0675178460315267",
        "cumulative": false
    },
    {
        "date": "2021-02-19T20:09:13.805Z",
        "value": "3.0621193244739757",
        "cumulative": false
    },
    {
        "date": "2021-02-19T20:10:22.010Z",
        "value": "3.1317088157714443",
        "cumulative": false
    },
    {
        "date": "2021-02-19T20:11:31.431Z",
        "value": "3.0232841950684226",
        "cumulative": false
    },
    {
        "date": "2021-02-19T20:12:40.607Z",
        "value": "3.2073678752579093",
        "cumulative": false
    },
    {
        "date": "2021-02-19T20:13:51.436Z",
        "value": "3.143448731351718",
        "cumulative": false
    },
    {
        "date": "2021-02-19T20:15:00.981Z",
        "value": "3.145968464797914",
        "cumulative": false
    },
    {
        "date": "2021-02-19T20:16:10.152Z",
        "value": "3.219884064629606",
        "cumulative": false
    },
    {
        "date": "2021-02-19T20:17:20.521Z",
        "value": "3.0833808655504455",
        "cumulative": false
    },
    {
        "date": "2021-02-19T20:18:31.150Z",
        "value": "3.0362902052859044",
        "cumulative": false
    },
    {
        "date": "2021-02-19T20:19:42.168Z",
        "value": "3.0724235039988574",
        "cumulative": false
    },
    {
        "date": "2021-02-19T20:20:55.528Z",
        "value": "3.1345578219099512",
        "cumulative": false
    },
    {
        "date": "2021-02-19T20:22:05.130Z",
        "value": "3.1037131669763736",
        "cumulative": false
    },
    {
        "date": "2021-02-19T20:23:16.241Z",
        "value": "3.0469104663745776",
        "cumulative": false
    },
    {
        "date": "2021-02-19T20:24:27.005Z",
        "value": "3.180619174540347",
        "cumulative": false
    },
    {
        "date": "2021-02-19T20:25:36.544Z",
        "value": "3.1818267897493837",
        "cumulative": false
    },
    {
        "date": "2021-02-19T20:26:46.594Z",
        "value": "3.2996296981322653",
        "cumulative": false
    },
    {
        "date": "2021-02-19T20:27:58.456Z",
        "value": "3.1315813845924523",
        "cumulative": false
    },
    {
        "date": "2021-02-19T20:29:08.902Z",
        "value": "3.1040991774084126",
        "cumulative": false
    },
    {
        "date": "2021-02-19T20:30:18.113Z",
        "value": "3.1360447168155168",
        "cumulative": false
    },
    {
        "date": "2021-02-19T20:31:30.394Z",
        "value": "3.0546563331117023",
        "cumulative": false
    },
    {
        "date": "2021-02-19T20:32:43.972Z",
        "value": "3.1254706258827682",
        "cumulative": false
    },
    {
        "date": "2021-02-19T20:33:55.056Z",
        "value": "3.0774693527262413",
        "cumulative": false
    },
    {
        "date": "2021-02-19T20:35:06.463Z",
        "value": "3.1551401164674537",
        "cumulative": false
    },
    {
        "date": "2021-02-19T20:36:17.471Z",
        "value": "3.16353630027498",
        "cumulative": false
    },
    {
        "date": "2021-02-19T20:37:26.877Z",
        "value": "3.1456330716172585",
        "cumulative": false
    },
    {
        "date": "2021-02-19T20:38:37.755Z",
        "value": "3.0518529675320156",
        "cumulative": false
    },
    {
        "date": "2021-02-19T20:39:47.845Z",
        "value": "2.901973091993787",
        "cumulative": false
    },
    {
        "date": "2021-02-19T20:40:33.651Z",
        "value": "3.05441951751709",
        "cumulative": false
    },
    {
        "date": "2021-02-19T20:40:55.612Z",
        "value": "2.6708265353078984",
        "cumulative": false
    },
    {
        "date": "2021-02-19T20:42:07.592Z",
        "value": "3.0501886032919847",
        "cumulative": false
    },
    {
        "date": "2021-02-19T20:43:20.441Z",
        "value": "3.004983375032921",
        "cumulative": false
    },
    {
        "date": "2021-02-19T20:44:30.007Z",
        "value": "2.9386421915631322",
        "cumulative": false
    },
    {
        "date": "2021-02-19T20:45:40.401Z",
        "value": "3.1268997213348446",
        "cumulative": false
    },
    {
        "date": "2021-02-19T20:46:49.926Z",
        "value": "3.0766113035759175",
        "cumulative": false
    },
    {
        "date": "2021-02-19T20:48:00.340Z",
        "value": "3.187536033589572",
        "cumulative": false
    },
    {
        "date": "2021-02-19T20:49:12.708Z",
        "value": "3.055750045712594",
        "cumulative": false
    },
    {
        "date": "2021-02-19T20:50:23.641Z",
        "value": "2.9838334491888636",
        "cumulative": false
    },
    {
        "date": "2021-02-19T20:51:35.365Z",
        "value": "2.905094474688914",
        "cumulative": false
    },
    {
        "date": "2021-02-19T20:52:46.094Z",
        "value": "2.8986064333219645",
        "cumulative": false
    },
    {
        "date": "2021-02-19T20:53:54.297Z",
        "value": "3.1401831664313318",
        "cumulative": false
    },
    {
        "date": "2021-02-19T20:55:05.567Z",
        "value": "3.1082488375790702",
        "cumulative": false
    },
    {
        "date": "2021-02-19T20:56:14.814Z",
        "value": "2.9156748414681015",
        "cumulative": false
    },
    {
        "date": "2021-02-19T20:57:26.418Z",
        "value": "3.02303297656928",
        "cumulative": false
    },
    {
        "date": "2021-02-19T20:58:38.872Z",
        "value": "3.0096602929575447",
        "cumulative": false
    },
    {
        "date": "2021-02-19T20:59:46.333Z",
        "value": "2.992914499431362",
        "cumulative": false
    },
    {
        "date": "2021-02-19T21:00:55.994Z",
        "value": "2.891653915372877",
        "cumulative": false
    },
    {
        "date": "2021-02-19T21:02:05.619Z",
        "value": "3.039701054380994",
        "cumulative": false
    },
    {
        "date": "2021-02-19T21:03:13.912Z",
        "value": "2.966923336330935",
        "cumulative": false
    },
    {
        "date": "2021-02-19T21:04:24.484Z",
        "value": "3.0451576824753173",
        "cumulative": false
    },
    {
        "date": "2021-02-19T21:05:34.943Z",
        "value": "3.120192392144463",
        "cumulative": false
    },
    {
        "date": "2021-02-19T21:06:44.138Z",
        "value": "3.0621221076928826",
        "cumulative": false
    },
    {
        "date": "2021-02-19T21:07:57.008Z",
        "value": "3.027214672010641",
        "cumulative": false
    }
]