[
    {
        "date": "2021-02-19T16:05:49.935Z",
        "value": "619.469996213913",
        "cumulative": false
    },
    {
        "date": "2021-02-19T17:37:42.183Z",
        "value": "622.4554085731506",
        "cumulative": false
    },
    {
        "date": "2021-02-19T19:09:16.877Z",
        "value": "621.7449994087219",
        "cumulative": false
    },
    {
        "date": "2021-02-19T20:40:52.067Z",
        "value": "622.5557961463928",
        "cumulative": false
    },
    {
        "date": "2021-02-19T21:08:45.684Z",
        "value": "186.8029501438141",
        "cumulative": false
    }
]