[
    {
        "date": "2021-02-19T16:05:50.324Z",
        "value": "265.80717611312866",
        "cumulative": false
    },
    {
        "date": "2021-02-19T17:37:42.191Z",
        "value": "266.401700258255",
        "cumulative": false
    },
    {
        "date": "2021-02-19T19:09:17.017Z",
        "value": "267.9786105155945",
        "cumulative": false
    },
    {
        "date": "2021-02-19T20:40:51.996Z",
        "value": "267.74691104888916",
        "cumulative": false
    },
    {
        "date": "2021-02-19T21:08:45.615Z",
        "value": "80.31205368041992",
        "cumulative": false
    }
]