[
    {
        "date": "2021-02-19T16:05:51.993Z",
        "value": "599.7126641273499",
        "cumulative": false
    },
    {
        "date": "2021-02-19T17:37:40.841Z",
        "value": "600.7207758426666",
        "cumulative": false
    },
    {
        "date": "2021-02-19T19:09:15.528Z",
        "value": "601.960923910141",
        "cumulative": false
    },
    {
        "date": "2021-02-19T20:40:50.663Z",
        "value": "601.5749983787537",
        "cumulative": false
    },
    {
        "date": "2021-02-19T21:08:44.220Z",
        "value": "180.1588077545166",
        "cumulative": false
    }
]