[
    {
        "date": "2021-02-19T16:05:50.227Z",
        "value": "5479.94905257225",
        "cumulative": false
    },
    {
        "date": "2021-02-19T17:37:42.334Z",
        "value": "5478.808007240295",
        "cumulative": false
    },
    {
        "date": "2021-02-19T19:09:17.198Z",
        "value": "5462.382966756821",
        "cumulative": false
    },
    {
        "date": "2021-02-19T20:40:52.399Z",
        "value": "5462.99036192894",
        "cumulative": false
    },
    {
        "date": "2021-02-19T21:08:45.659Z",
        "value": "1640.6526863574982",
        "cumulative": false
    }
]