[
    {
        "date": "2021-02-19T16:05:50.085Z",
        "value": "626.9483706951141",
        "cumulative": false
    },
    {
        "date": "2021-02-19T17:37:42.710Z",
        "value": "630.3976130485535",
        "cumulative": false
    },
    {
        "date": "2021-02-19T19:09:17.403Z",
        "value": "629.8913471698761",
        "cumulative": false
    },
    {
        "date": "2021-02-19T20:40:52.575Z",
        "value": "631.4616026878357",
        "cumulative": false
    },
    {
        "date": "2021-02-19T21:08:46.160Z",
        "value": "188.71768832206726",
        "cumulative": false
    }
]