[
    {
        "date": "2021-02-19T14:34:15.009Z",
        "value": "9.729293845159438",
        "cumulative": false
    },
    {
        "date": "2021-02-19T14:35:28.648Z",
        "value": "9.075256014858233",
        "cumulative": false
    },
    {
        "date": "2021-02-19T14:36:40.158Z",
        "value": "8.482006499935082",
        "cumulative": false
    },
    {
        "date": "2021-02-19T14:37:49.051Z",
        "value": "7.922455613820272",
        "cumulative": false
    },
    {
        "date": "2021-02-19T14:38:59.320Z",
        "value": "7.873126912586482",
        "cumulative": false
    },
    {
        "date": "2021-02-19T14:40:11.631Z",
        "value": "7.8070323411312845",
        "cumulative": false
    },
    {
        "date": "2021-02-19T14:41:22.095Z",
        "value": "7.62008216310654",
        "cumulative": false
    },
    {
        "date": "2021-02-19T14:42:31.099Z",
        "value": "7.407695542033921",
        "cumulative": false
    },
    {
        "date": "2021-02-19T14:43:40.420Z",
        "value": "6.9857828209590105",
        "cumulative": false
    },
    {
        "date": "2021-02-19T14:44:50.771Z",
        "value": "6.609269238945578",
        "cumulative": false
    },
    {
        "date": "2021-02-19T14:46:04.628Z",
        "value": "6.210755113397364",
        "cumulative": false
    },
    {
        "date": "2021-02-19T14:47:16.072Z",
        "value": "6.079351995736787",
        "cumulative": false
    },
    {
        "date": "2021-02-19T14:48:27.021Z",
        "value": "5.7551001274625415",
        "cumulative": false
    },
    {
        "date": "2021-02-19T14:49:40.224Z",
        "value": "5.454251278448758",
        "cumulative": false
    },
    {
        "date": "2021-02-19T14:50:50.321Z",
        "value": "5.028699656104571",
        "cumulative": false
    },
    {
        "date": "2021-02-19T14:52:02.850Z",
        "value": "5.0810973200965766",
        "cumulative": false
    },
    {
        "date": "2021-02-19T14:53:10.146Z",
        "value": "4.736114470459237",
        "cumulative": false
    },
    {
        "date": "2021-02-19T14:54:21.913Z",
        "value": "4.641158191149027",
        "cumulative": false
    },
    {
        "date": "2021-02-19T14:55:32.294Z",
        "value": "4.361634559921281",
        "cumulative": false
    },
    {
        "date": "2021-02-19T14:56:43.820Z",
        "value": "4.32318305213639",
        "cumulative": false
    },
    {
        "date": "2021-02-19T14:57:52.679Z",
        "value": "4.337897800330639",
        "cumulative": false
    },
    {
        "date": "2021-02-19T14:59:06.537Z",
        "value": "4.240284186910227",
        "cumulative": false
    },
    {
        "date": "2021-02-19T15:00:15.891Z",
        "value": "4.060431833564448",
        "cumulative": false
    },
    {
        "date": "2021-02-19T15:01:26.491Z",
        "value": "3.9083156646139443",
        "cumulative": false
    },
    {
        "date": "2021-02-19T15:02:41.662Z",
        "value": "4.13193955988746",
        "cumulative": false
    },
    {
        "date": "2021-02-19T15:03:50.285Z",
        "value": "3.8985631379835244",
        "cumulative": false
    },
    {
        "date": "2021-02-19T15:05:01.680Z",
        "value": "4.134711401061513",
        "cumulative": false
    },
    {
        "date": "2021-02-19T15:06:12.007Z",
        "value": "3.9436222035889403",
        "cumulative": false
    },
    {
        "date": "2021-02-19T15:07:20.431Z",
        "value": "3.8756449623302207",
        "cumulative": false
    },
    {
        "date": "2021-02-19T15:08:31.001Z",
        "value": "4.004364157105336",
        "cumulative": false
    },
    {
        "date": "2021-02-19T15:09:42.886Z",
        "value": "3.906055081843092",
        "cumulative": false
    },
    {
        "date": "2021-02-19T15:10:53.073Z",
        "value": "3.931020589572468",
        "cumulative": false
    },
    {
        "date": "2021-02-19T15:12:01.131Z",
        "value": "3.7574960238995874",
        "cumulative": false
    },
    {
        "date": "2021-02-19T15:13:12.422Z",
        "value": "3.9450909662609064",
        "cumulative": false
    },
    {
        "date": "2021-02-19T15:14:21.492Z",
        "value": "3.7611722095577376",
        "cumulative": false
    },
    {
        "date": "2021-02-19T15:15:32.304Z",
        "value": "3.8920808450878934",
        "cumulative": false
    },
    {
        "date": "2021-02-19T15:16:43.513Z",
        "value": "3.9663037271594686",
        "cumulative": false
    },
    {
        "date": "2021-02-19T15:17:53.940Z",
        "value": "3.7788823628597124",
        "cumulative": false
    },
    {
        "date": "2021-02-19T15:19:04.049Z",
        "value": "3.7369567623987856",
        "cumulative": false
    },
    {
        "date": "2021-02-19T15:20:13.738Z",
        "value": "3.621569635589128",
        "cumulative": false
    },
    {
        "date": "2021-02-19T15:21:25.346Z",
        "value": "3.888212379476584",
        "cumulative": false
    },
    {
        "date": "2021-02-19T15:22:36.944Z",
        "value": "3.8302408854166665",
        "cumulative": false
    },
    {
        "date": "2021-02-19T15:23:48.305Z",
        "value": "3.811679181268183",
        "cumulative": false
    },
    {
        "date": "2021-02-19T15:24:58.520Z",
        "value": "3.61465511740684",
        "cumulative": false
    },
    {
        "date": "2021-02-19T15:26:08.955Z",
        "value": "3.6155605599679395",
        "cumulative": false
    },
    {
        "date": "2021-02-19T15:27:21.346Z",
        "value": "3.6123731946354884",
        "cumulative": false
    },
    {
        "date": "2021-02-19T15:28:33.348Z",
        "value": "3.6192724512849477",
        "cumulative": false
    },
    {
        "date": "2021-02-19T15:29:45.045Z",
        "value": "3.696306641165882",
        "cumulative": false
    },
    {
        "date": "2021-02-19T15:30:54.959Z",
        "value": "3.7382766461279813",
        "cumulative": false
    },
    {
        "date": "2021-02-19T15:32:05.758Z",
        "value": "3.8084121013374483",
        "cumulative": false
    },
    {
        "date": "2021-02-19T15:33:15.497Z",
        "value": "3.8375585772027674",
        "cumulative": false
    },
    {
        "date": "2021-02-19T15:34:25.877Z",
        "value": "3.696725080413359",
        "cumulative": false
    },
    {
        "date": "2021-02-19T15:35:37.211Z",
        "value": "3.8100177219935825",
        "cumulative": false
    },
    {
        "date": "2021-02-19T15:36:45.525Z",
        "value": "3.5293065964366517",
        "cumulative": false
    },
    {
        "date": "2021-02-19T15:37:56.706Z",
        "value": "3.6345026163641685",
        "cumulative": false
    },
    {
        "date": "2021-02-19T15:39:06.996Z",
        "value": "3.7321218798306632",
        "cumulative": false
    },
    {
        "date": "2021-02-19T15:40:18.685Z",
        "value": "3.7923892570848854",
        "cumulative": false
    },
    {
        "date": "2021-02-19T15:41:30.048Z",
        "value": "3.703777424654806",
        "cumulative": false
    },
    {
        "date": "2021-02-19T15:42:39.351Z",
        "value": "3.6017927546535677",
        "cumulative": false
    },
    {
        "date": "2021-02-19T15:43:50.754Z",
        "value": "3.4552996841615125",
        "cumulative": false
    },
    {
        "date": "2021-02-19T15:45:01.792Z",
        "value": "3.626825331125828",
        "cumulative": false
    },
    {
        "date": "2021-02-19T15:46:12.810Z",
        "value": "3.482700043746196",
        "cumulative": false
    },
    {
        "date": "2021-02-19T15:47:21.493Z",
        "value": "3.585724371487846",
        "cumulative": false
    },
    {
        "date": "2021-02-19T15:48:30.936Z",
        "value": "3.5310520658557047",
        "cumulative": false
    },
    {
        "date": "2021-02-19T15:49:41.799Z",
        "value": "3.588892983490566",
        "cumulative": false
    },
    {
        "date": "2021-02-19T15:50:50.580Z",
        "value": "3.371783729161261",
        "cumulative": false
    },
    {
        "date": "2021-02-19T15:51:59.500Z",
        "value": "3.3700424132843985",
        "cumulative": false
    },
    {
        "date": "2021-02-19T15:53:09.928Z",
        "value": "3.5429664427052567",
        "cumulative": false
    },
    {
        "date": "2021-02-19T15:54:20.963Z",
        "value": "3.367957663420894",
        "cumulative": false
    },
    {
        "date": "2021-02-19T15:55:31.218Z",
        "value": "3.4825723968089375",
        "cumulative": false
    },
    {
        "date": "2021-02-19T15:56:44.459Z",
        "value": "3.5901127903865526",
        "cumulative": false
    },
    {
        "date": "2021-02-19T15:57:55.096Z",
        "value": "3.5176981640834675",
        "cumulative": false
    },
    {
        "date": "2021-02-19T15:59:05.104Z",
        "value": "3.5506659272927137",
        "cumulative": false
    },
    {
        "date": "2021-02-19T16:00:14.604Z",
        "value": "3.548995842798183",
        "cumulative": false
    },
    {
        "date": "2021-02-19T16:01:26.813Z",
        "value": "3.531319038625998",
        "cumulative": false
    },
    {
        "date": "2021-02-19T16:02:35.523Z",
        "value": "3.5080621617312464",
        "cumulative": false
    },
    {
        "date": "2021-02-19T16:03:46.269Z",
        "value": "3.4798327179394812",
        "cumulative": false
    },
    {
        "date": "2021-02-19T16:04:56.030Z",
        "value": "3.544252930948231",
        "cumulative": false
    },
    {
        "date": "2021-02-19T16:05:42.491Z",
        "value": "3.445197105407715",
        "cumulative": false
    },
    {
        "date": "2021-02-19T16:05:55.973Z",
        "value": "3.287577182961085",
        "cumulative": false
    },
    {
        "date": "2021-02-19T16:07:08.860Z",
        "value": "3.563236252533342",
        "cumulative": false
    },
    {
        "date": "2021-02-19T16:08:17.609Z",
        "value": "3.3516021546765025",
        "cumulative": false
    },
    {
        "date": "2021-02-19T16:09:28.869Z",
        "value": "3.4577272298317516",
        "cumulative": false
    },
    {
        "date": "2021-02-19T16:10:40.253Z",
        "value": "3.479360876007789",
        "cumulative": false
    },
    {
        "date": "2021-02-19T16:11:53.250Z",
        "value": "3.3285304863387006",
        "cumulative": false
    },
    {
        "date": "2021-02-19T16:13:03.957Z",
        "value": "3.4631521844917894",
        "cumulative": false
    },
    {
        "date": "2021-02-19T16:14:12.780Z",
        "value": "3.3559337669546956",
        "cumulative": false
    },
    {
        "date": "2021-02-19T16:15:23.811Z",
        "value": "3.4457095580791037",
        "cumulative": false
    },
    {
        "date": "2021-02-19T16:16:35.907Z",
        "value": "3.2480871643764972",
        "cumulative": false
    },
    {
        "date": "2021-02-19T16:17:47.394Z",
        "value": "3.468313854074238",
        "cumulative": false
    },
    {
        "date": "2021-02-19T16:18:57.215Z",
        "value": "3.497252280667702",
        "cumulative": false
    },
    {
        "date": "2021-02-19T16:20:04.441Z",
        "value": "3.436321181045429",
        "cumulative": false
    },
    {
        "date": "2021-02-19T16:21:12.081Z",
        "value": "3.4342969664009946",
        "cumulative": false
    },
    {
        "date": "2021-02-19T16:22:21.513Z",
        "value": "3.325556156962994",
        "cumulative": false
    },
    {
        "date": "2021-02-19T16:23:31.743Z",
        "value": "3.481172609861846",
        "cumulative": false
    },
    {
        "date": "2021-02-19T16:24:41.631Z",
        "value": "3.2998030697818885",
        "cumulative": false
    },
    {
        "date": "2021-02-19T16:25:50.097Z",
        "value": "3.452997250444718",
        "cumulative": false
    },
    {
        "date": "2021-02-19T16:27:00.153Z",
        "value": "3.4128773738615363",
        "cumulative": false
    },
    {
        "date": "2021-02-19T16:28:10.979Z",
        "value": "3.2905646862326186",
        "cumulative": false
    },
    {
        "date": "2021-02-19T16:29:19.831Z",
        "value": "3.321745189275757",
        "cumulative": false
    },
    {
        "date": "2021-02-19T16:30:30.744Z",
        "value": "3.314944491312464",
        "cumulative": false
    },
    {
        "date": "2021-02-19T16:31:40.131Z",
        "value": "3.424648853058511",
        "cumulative": false
    },
    {
        "date": "2021-02-19T16:32:50.768Z",
        "value": "3.2693770404908435",
        "cumulative": false
    },
    {
        "date": "2021-02-19T16:34:04.371Z",
        "value": "3.3678627459294437",
        "cumulative": false
    },
    {
        "date": "2021-02-19T16:35:14.819Z",
        "value": "3.413390393645462",
        "cumulative": false
    },
    {
        "date": "2021-02-19T16:36:24.287Z",
        "value": "3.3902271894161555",
        "cumulative": false
    },
    {
        "date": "2021-02-19T16:37:35.634Z",
        "value": "3.380751269475669",
        "cumulative": false
    },
    {
        "date": "2021-02-19T16:38:45.436Z",
        "value": "3.6009844080338267",
        "cumulative": false
    },
    {
        "date": "2021-02-19T16:39:56.542Z",
        "value": "3.3935899310698896",
        "cumulative": false
    },
    {
        "date": "2021-02-19T16:41:06.228Z",
        "value": "3.359227496877755",
        "cumulative": false
    },
    {
        "date": "2021-02-19T16:42:20.393Z",
        "value": "3.3707309676404345",
        "cumulative": false
    },
    {
        "date": "2021-02-19T16:43:31.613Z",
        "value": "3.3437770898490617",
        "cumulative": false
    },
    {
        "date": "2021-02-19T16:44:41.541Z",
        "value": "3.363307155596865",
        "cumulative": false
    },
    {
        "date": "2021-02-19T16:45:51.930Z",
        "value": "3.3382450075487236",
        "cumulative": false
    },
    {
        "date": "2021-02-19T16:47:01.735Z",
        "value": "3.3963419596354165",
        "cumulative": false
    },
    {
        "date": "2021-02-19T16:48:14.103Z",
        "value": "3.2521946090349565",
        "cumulative": false
    },
    {
        "date": "2021-02-19T16:49:26.103Z",
        "value": "3.3527370444191344",
        "cumulative": false
    },
    {
        "date": "2021-02-19T16:50:37.517Z",
        "value": "3.269394682412597",
        "cumulative": false
    },
    {
        "date": "2021-02-19T16:51:48.444Z",
        "value": "3.4564366400226003",
        "cumulative": false
    },
    {
        "date": "2021-02-19T16:52:59.030Z",
        "value": "3.3711270870021672",
        "cumulative": false
    },
    {
        "date": "2021-02-19T16:54:08.463Z",
        "value": "3.4168558560255895",
        "cumulative": false
    },
    {
        "date": "2021-02-19T16:55:19.850Z",
        "value": "3.4654147229290357",
        "cumulative": false
    },
    {
        "date": "2021-02-19T16:56:31.595Z",
        "value": "3.3176624156069745",
        "cumulative": false
    },
    {
        "date": "2021-02-19T16:57:42.619Z",
        "value": "3.407353916350478",
        "cumulative": false
    },
    {
        "date": "2021-02-19T16:58:53.381Z",
        "value": "3.3678028607821537",
        "cumulative": false
    },
    {
        "date": "2021-02-19T17:00:03.745Z",
        "value": "3.261875524481903",
        "cumulative": false
    },
    {
        "date": "2021-02-19T17:01:17.790Z",
        "value": "3.3768526545246433",
        "cumulative": false
    },
    {
        "date": "2021-02-19T17:02:27.413Z",
        "value": "3.1699464768131795",
        "cumulative": false
    },
    {
        "date": "2021-02-19T17:03:38.045Z",
        "value": "3.2464189952018065",
        "cumulative": false
    },
    {
        "date": "2021-02-19T17:04:50.642Z",
        "value": "3.330044282384946",
        "cumulative": false
    },
    {
        "date": "2021-02-19T17:05:58.822Z",
        "value": "3.324351941402063",
        "cumulative": false
    },
    {
        "date": "2021-02-19T17:07:09.345Z",
        "value": "3.6156932450756494",
        "cumulative": false
    },
    {
        "date": "2021-02-19T17:08:20.204Z",
        "value": "3.319637522977941",
        "cumulative": false
    },
    {
        "date": "2021-02-19T17:09:28.536Z",
        "value": "3.4226813654240766",
        "cumulative": false
    },
    {
        "date": "2021-02-19T17:10:39.270Z",
        "value": "3.329033017425196",
        "cumulative": false
    },
    {
        "date": "2021-02-19T17:11:51.864Z",
        "value": "3.285180062071918",
        "cumulative": false
    },
    {
        "date": "2021-02-19T17:13:01.171Z",
        "value": "3.2772858520872994",
        "cumulative": false
    },
    {
        "date": "2021-02-19T17:14:10.894Z",
        "value": "3.236212791459713",
        "cumulative": false
    },
    {
        "date": "2021-02-19T17:15:21.260Z",
        "value": "3.3362513218946748",
        "cumulative": false
    },
    {
        "date": "2021-02-19T17:16:30.995Z",
        "value": "3.349536448097979",
        "cumulative": false
    },
    {
        "date": "2021-02-19T17:17:41.370Z",
        "value": "3.4380482042972935",
        "cumulative": false
    },
    {
        "date": "2021-02-19T17:18:51.257Z",
        "value": "3.5602799803918352",
        "cumulative": false
    },
    {
        "date": "2021-02-19T17:20:01.341Z",
        "value": "3.452428247612287",
        "cumulative": false
    },
    {
        "date": "2021-02-19T17:21:13.456Z",
        "value": "3.3133939407073507",
        "cumulative": false
    },
    {
        "date": "2021-02-19T17:22:23.405Z",
        "value": "3.425536667205692",
        "cumulative": false
    },
    {
        "date": "2021-02-19T17:23:33.855Z",
        "value": "3.2695042228537137",
        "cumulative": false
    },
    {
        "date": "2021-02-19T17:24:43.705Z",
        "value": "3.2958509382237984",
        "cumulative": false
    },
    {
        "date": "2021-02-19T17:25:53.994Z",
        "value": "3.112557305230035",
        "cumulative": false
    },
    {
        "date": "2021-02-19T17:27:04.711Z",
        "value": "3.126994297920348",
        "cumulative": false
    },
    {
        "date": "2021-02-19T17:28:19.576Z",
        "value": "3.231507016824149",
        "cumulative": false
    },
    {
        "date": "2021-02-19T17:29:28.472Z",
        "value": "3.2022249398870923",
        "cumulative": false
    },
    {
        "date": "2021-02-19T17:30:39.843Z",
        "value": "3.458304011074886",
        "cumulative": false
    },
    {
        "date": "2021-02-19T17:31:50.633Z",
        "value": "3.3938272692493556",
        "cumulative": false
    },
    {
        "date": "2021-02-19T17:33:02.316Z",
        "value": "3.334117051310874",
        "cumulative": false
    },
    {
        "date": "2021-02-19T17:34:14.485Z",
        "value": "3.431746666529062",
        "cumulative": false
    },
    {
        "date": "2021-02-19T17:35:25.881Z",
        "value": "3.2670138708644796",
        "cumulative": false
    },
    {
        "date": "2021-02-19T17:36:38.592Z",
        "value": "3.5126997969847378",
        "cumulative": false
    },
    {
        "date": "2021-02-19T17:37:23.871Z",
        "value": "3.240283250808716",
        "cumulative": false
    },
    {
        "date": "2021-02-19T17:37:46.099Z",
        "value": "3.168266010182208",
        "cumulative": false
    },
    {
        "date": "2021-02-19T17:38:57.757Z",
        "value": "3.223279384834509",
        "cumulative": false
    },
    {
        "date": "2021-02-19T17:40:08.572Z",
        "value": "3.2488187074161425",
        "cumulative": false
    },
    {
        "date": "2021-02-19T17:41:19.792Z",
        "value": "3.186058571525332",
        "cumulative": false
    },
    {
        "date": "2021-02-19T17:42:29.836Z",
        "value": "3.0615450649488927",
        "cumulative": false
    },
    {
        "date": "2021-02-19T17:43:40.735Z",
        "value": "3.348528993746447",
        "cumulative": false
    },
    {
        "date": "2021-02-19T17:44:50.124Z",
        "value": "3.3445648616614774",
        "cumulative": false
    },
    {
        "date": "2021-02-19T17:46:00.900Z",
        "value": "3.3077046931003586",
        "cumulative": false
    },
    {
        "date": "2021-02-19T17:47:08.958Z",
        "value": "3.1913272140775035",
        "cumulative": false
    },
    {
        "date": "2021-02-19T17:48:22.923Z",
        "value": "3.047815313365651",
        "cumulative": false
    },
    {
        "date": "2021-02-19T17:49:34.885Z",
        "value": "3.2414397380857296",
        "cumulative": false
    },
    {
        "date": "2021-02-19T17:50:45.769Z",
        "value": "3.3493256690379405",
        "cumulative": false
    },
    {
        "date": "2021-02-19T17:51:55.730Z",
        "value": "3.0891811133904916",
        "cumulative": false
    },
    {
        "date": "2021-02-19T17:53:05.215Z",
        "value": "3.1663007935513883",
        "cumulative": false
    },
    {
        "date": "2021-02-19T17:54:16.554Z",
        "value": "3.3921992218346935",
        "cumulative": false
    },
    {
        "date": "2021-02-19T17:55:26.569Z",
        "value": "3.317920695231431",
        "cumulative": false
    },
    {
        "date": "2021-02-19T17:56:37.310Z",
        "value": "3.3449891911711775",
        "cumulative": false
    },
    {
        "date": "2021-02-19T17:57:48.085Z",
        "value": "3.305843451953227",
        "cumulative": false
    },
    {
        "date": "2021-02-19T17:59:00.337Z",
        "value": "3.438467635474377",
        "cumulative": false
    },
    {
        "date": "2021-02-19T18:00:08.052Z",
        "value": "3.198299287056011",
        "cumulative": false
    },
    {
        "date": "2021-02-19T18:01:16.499Z",
        "value": "3.3296850674931653",
        "cumulative": false
    },
    {
        "date": "2021-02-19T18:02:27.259Z",
        "value": "3.1598542264421625",
        "cumulative": false
    },
    {
        "date": "2021-02-19T18:03:35.195Z",
        "value": "3.2666488114489005",
        "cumulative": false
    },
    {
        "date": "2021-02-19T18:04:45.624Z",
        "value": "3.275899750227066",
        "cumulative": false
    },
    {
        "date": "2021-02-19T18:05:57.477Z",
        "value": "3.174560609976738",
        "cumulative": false
    },
    {
        "date": "2021-02-19T18:07:08.630Z",
        "value": "3.168630125661376",
        "cumulative": false
    },
    {
        "date": "2021-02-19T18:08:20.490Z",
        "value": "3.1315342893777265",
        "cumulative": false
    },
    {
        "date": "2021-02-19T18:09:30.690Z",
        "value": "3.2226279764764283",
        "cumulative": false
    },
    {
        "date": "2021-02-19T18:10:39.266Z",
        "value": "3.4476170722713864",
        "cumulative": false
    },
    {
        "date": "2021-02-19T18:11:48.431Z",
        "value": "3.1439187983030914",
        "cumulative": false
    },
    {
        "date": "2021-02-19T18:12:59.967Z",
        "value": "3.4698993733026016",
        "cumulative": false
    },
    {
        "date": "2021-02-19T18:14:10.771Z",
        "value": "3.3209856492312833",
        "cumulative": false
    },
    {
        "date": "2021-02-19T18:15:19.774Z",
        "value": "3.3051893259921723",
        "cumulative": false
    },
    {
        "date": "2021-02-19T18:16:29.180Z",
        "value": "3.263468003623435",
        "cumulative": false
    },
    {
        "date": "2021-02-19T18:17:38.503Z",
        "value": "3.2709189825200164",
        "cumulative": false
    },
    {
        "date": "2021-02-19T18:18:50.348Z",
        "value": "3.1739107983732877",
        "cumulative": false
    },
    {
        "date": "2021-02-19T18:20:01.824Z",
        "value": "3.2673737576081328",
        "cumulative": false
    },
    {
        "date": "2021-02-19T18:21:10.915Z",
        "value": "2.989768994713149",
        "cumulative": false
    },
    {
        "date": "2021-02-19T18:22:21.086Z",
        "value": "3.3645195269241417",
        "cumulative": false
    },
    {
        "date": "2021-02-19T18:23:32.689Z",
        "value": "3.2829035167315865",
        "cumulative": false
    },
    {
        "date": "2021-02-19T18:24:42.705Z",
        "value": "3.2365738424212864",
        "cumulative": false
    },
    {
        "date": "2021-02-19T18:25:52.847Z",
        "value": "3.1310191420189404",
        "cumulative": false
    },
    {
        "date": "2021-02-19T18:27:03.033Z",
        "value": "3.3280915959445454",
        "cumulative": false
    },
    {
        "date": "2021-02-19T18:28:15.322Z",
        "value": "3.4116346489325586",
        "cumulative": false
    },
    {
        "date": "2021-02-19T18:29:26.825Z",
        "value": "3.30704294327949",
        "cumulative": false
    },
    {
        "date": "2021-02-19T18:30:38.401Z",
        "value": "3.2490323304994306",
        "cumulative": false
    },
    {
        "date": "2021-02-19T18:31:48.447Z",
        "value": "3.1506778790134646",
        "cumulative": false
    },
    {
        "date": "2021-02-19T18:33:04.004Z",
        "value": "3.274883146367521",
        "cumulative": false
    },
    {
        "date": "2021-02-19T18:34:13.685Z",
        "value": "3.300382076641285",
        "cumulative": false
    },
    {
        "date": "2021-02-19T18:35:26.192Z",
        "value": "3.16876097926426",
        "cumulative": false
    },
    {
        "date": "2021-02-19T18:36:35.509Z",
        "value": "3.2302087456119217",
        "cumulative": false
    },
    {
        "date": "2021-02-19T18:37:45.521Z",
        "value": "3.086533397750586",
        "cumulative": false
    },
    {
        "date": "2021-02-19T18:38:55.890Z",
        "value": "3.2203734949574643",
        "cumulative": false
    },
    {
        "date": "2021-02-19T18:40:06.571Z",
        "value": "3.14134401339043",
        "cumulative": false
    },
    {
        "date": "2021-02-19T18:41:15.650Z",
        "value": "3.163262640920978",
        "cumulative": false
    },
    {
        "date": "2021-02-19T18:42:24.947Z",
        "value": "3.045683903603119",
        "cumulative": false
    },
    {
        "date": "2021-02-19T18:43:35.113Z",
        "value": "3.150103887281197",
        "cumulative": false
    },
    {
        "date": "2021-02-19T18:44:46.357Z",
        "value": "3.13752451001895",
        "cumulative": false
    },
    {
        "date": "2021-02-19T18:45:54.209Z",
        "value": "3.173387869256939",
        "cumulative": false
    },
    {
        "date": "2021-02-19T18:47:03.678Z",
        "value": "3.3972260647564374",
        "cumulative": false
    },
    {
        "date": "2021-02-19T18:48:15.131Z",
        "value": "3.09154100709607",
        "cumulative": false
    },
    {
        "date": "2021-02-19T18:49:25.133Z",
        "value": "3.1409013701855986",
        "cumulative": false
    },
    {
        "date": "2021-02-19T18:50:36.575Z",
        "value": "3.197858858656609",
        "cumulative": false
    },
    {
        "date": "2021-02-19T18:51:48.556Z",
        "value": "3.1495160547856744",
        "cumulative": false
    },
    {
        "date": "2021-02-19T18:52:55.637Z",
        "value": "3.3711950531639006",
        "cumulative": false
    },
    {
        "date": "2021-02-19T18:54:05.359Z",
        "value": "3.266092959718208",
        "cumulative": false
    },
    {
        "date": "2021-02-19T18:55:14.353Z",
        "value": "3.2968327861899973",
        "cumulative": false
    },
    {
        "date": "2021-02-19T18:56:29.076Z",
        "value": "3.403321705599144",
        "cumulative": false
    },
    {
        "date": "2021-02-19T18:57:39.712Z",
        "value": "3.1142875276957165",
        "cumulative": false
    },
    {
        "date": "2021-02-19T18:58:47.281Z",
        "value": "3.051351858508119",
        "cumulative": false
    },
    {
        "date": "2021-02-19T19:00:01.904Z",
        "value": "3.274731745896033",
        "cumulative": false
    },
    {
        "date": "2021-02-19T19:01:11.135Z",
        "value": "3.2329363676667944",
        "cumulative": false
    },
    {
        "date": "2021-02-19T19:02:19.473Z",
        "value": "3.5740128244120033",
        "cumulative": false
    },
    {
        "date": "2021-02-19T19:03:29.556Z",
        "value": "3.162458767361111",
        "cumulative": false
    },
    {
        "date": "2021-02-19T19:04:37.873Z",
        "value": "3.0432602654471843",
        "cumulative": false
    },
    {
        "date": "2021-02-19T19:05:48.137Z",
        "value": "3.0879361035101787",
        "cumulative": false
    },
    {
        "date": "2021-02-19T19:06:59.362Z",
        "value": "3.291994199845452",
        "cumulative": false
    },
    {
        "date": "2021-02-19T19:08:11.882Z",
        "value": "3.2155190409919028",
        "cumulative": false
    },
    {
        "date": "2021-02-19T19:08:58.559Z",
        "value": "3.151982307434082",
        "cumulative": false
    },
    {
        "date": "2021-02-19T19:09:20.582Z",
        "value": "2.879379752073632",
        "cumulative": false
    },
    {
        "date": "2021-02-19T19:10:31.974Z",
        "value": "3.2519652989498646",
        "cumulative": false
    },
    {
        "date": "2021-02-19T19:11:42.939Z",
        "value": "3.17841229771577",
        "cumulative": false
    },
    {
        "date": "2021-02-19T19:12:52.191Z",
        "value": "2.9797174651628033",
        "cumulative": false
    },
    {
        "date": "2021-02-19T19:14:01.779Z",
        "value": "3.1321888762730525",
        "cumulative": false
    },
    {
        "date": "2021-02-19T19:15:12.852Z",
        "value": "3.076129057757167",
        "cumulative": false
    },
    {
        "date": "2021-02-19T19:16:24.098Z",
        "value": "3.10291000286322",
        "cumulative": false
    },
    {
        "date": "2021-02-19T19:17:35.205Z",
        "value": "3.1126452707727394",
        "cumulative": false
    },
    {
        "date": "2021-02-19T19:18:45.209Z",
        "value": "3.3643764103528446",
        "cumulative": false
    },
    {
        "date": "2021-02-19T19:19:53.463Z",
        "value": "3.059933322049601",
        "cumulative": false
    },
    {
        "date": "2021-02-19T19:21:03.460Z",
        "value": "3.240290147926963",
        "cumulative": false
    },
    {
        "date": "2021-02-19T19:22:15.817Z",
        "value": "3.0822697935146017",
        "cumulative": false
    },
    {
        "date": "2021-02-19T19:23:27.771Z",
        "value": "3.2391230421737096",
        "cumulative": false
    },
    {
        "date": "2021-02-19T19:24:38.712Z",
        "value": "3.136494493306351",
        "cumulative": false
    },
    {
        "date": "2021-02-19T19:25:47.401Z",
        "value": "3.228921682369011",
        "cumulative": false
    },
    {
        "date": "2021-02-19T19:26:59.579Z",
        "value": "3.2018292922845553",
        "cumulative": false
    },
    {
        "date": "2021-02-19T19:28:09.652Z",
        "value": "3.2246019559826955",
        "cumulative": false
    },
    {
        "date": "2021-02-19T19:29:18.174Z",
        "value": "3.162787393032844",
        "cumulative": false
    },
    {
        "date": "2021-02-19T19:30:29.015Z",
        "value": "3.0713977028272894",
        "cumulative": false
    },
    {
        "date": "2021-02-19T19:31:40.394Z",
        "value": "3.369216803223185",
        "cumulative": false
    },
    {
        "date": "2021-02-19T19:32:48.472Z",
        "value": "3.0504685575738915",
        "cumulative": false
    },
    {
        "date": "2021-02-19T19:33:58.218Z",
        "value": "3.2144636187637063",
        "cumulative": false
    },
    {
        "date": "2021-02-19T19:35:08.793Z",
        "value": "3.248826757265406",
        "cumulative": false
    },
    {
        "date": "2021-02-19T19:36:20.526Z",
        "value": "3.107439216842397",
        "cumulative": false
    },
    {
        "date": "2021-02-19T19:37:34.135Z",
        "value": "3.039245369811776",
        "cumulative": false
    },
    {
        "date": "2021-02-19T19:38:43.632Z",
        "value": "3.2709509742596654",
        "cumulative": false
    },
    {
        "date": "2021-02-19T19:39:52.053Z",
        "value": "3.1583203125",
        "cumulative": false
    },
    {
        "date": "2021-02-19T19:41:04.761Z",
        "value": "3.0902329867755602",
        "cumulative": false
    },
    {
        "date": "2021-02-19T19:42:14.842Z",
        "value": "3.037865553830228",
        "cumulative": false
    },
    {
        "date": "2021-02-19T19:43:26.442Z",
        "value": "3.1100590589100587",
        "cumulative": false
    },
    {
        "date": "2021-02-19T19:44:37.145Z",
        "value": "3.0194695777335596",
        "cumulative": false
    },
    {
        "date": "2021-02-19T19:45:47.064Z",
        "value": "3.1424571783472803",
        "cumulative": false
    },
    {
        "date": "2021-02-19T19:46:55.307Z",
        "value": "3.2598594725815704",
        "cumulative": false
    },
    {
        "date": "2021-02-19T19:48:05.133Z",
        "value": "2.92093575645827",
        "cumulative": false
    },
    {
        "date": "2021-02-19T19:49:15.679Z",
        "value": "3.1921190268558655",
        "cumulative": false
    },
    {
        "date": "2021-02-19T19:50:25.962Z",
        "value": "3.3503143327798193",
        "cumulative": false
    },
    {
        "date": "2021-02-19T19:51:37.675Z",
        "value": "3.135182828250074",
        "cumulative": false
    },
    {
        "date": "2021-02-19T19:52:49.714Z",
        "value": "3.155815657543501",
        "cumulative": false
    },
    {
        "date": "2021-02-19T19:54:00.390Z",
        "value": "3.2206510486803124",
        "cumulative": false
    },
    {
        "date": "2021-02-19T19:55:10.357Z",
        "value": "3.0356808842728977",
        "cumulative": false
    },
    {
        "date": "2021-02-19T19:56:21.507Z",
        "value": "3.164956450356189",
        "cumulative": false
    },
    {
        "date": "2021-02-19T19:57:33.108Z",
        "value": "3.0008098196476065",
        "cumulative": false
    },
    {
        "date": "2021-02-19T19:58:43.671Z",
        "value": "3.2743444633908685",
        "cumulative": false
    },
    {
        "date": "2021-02-19T19:59:52.377Z",
        "value": "3.077448692436458",
        "cumulative": false
    },
    {
        "date": "2021-02-19T20:01:04.283Z",
        "value": "2.9602484576180257",
        "cumulative": false
    },
    {
        "date": "2021-02-19T20:02:16.358Z",
        "value": "3.115753871884164",
        "cumulative": false
    },
    {
        "date": "2021-02-19T20:03:24.868Z",
        "value": "3.1027157990828806",
        "cumulative": false
    },
    {
        "date": "2021-02-19T20:04:35.214Z",
        "value": "3.078125",
        "cumulative": false
    },
    {
        "date": "2021-02-19T20:05:45.870Z",
        "value": "2.9248361006278216",
        "cumulative": false
    },
    {
        "date": "2021-02-19T20:06:54.422Z",
        "value": "3.032760898282695",
        "cumulative": false
    },
    {
        "date": "2021-02-19T20:08:03.128Z",
        "value": "3.0665443653062567",
        "cumulative": false
    },
    {
        "date": "2021-02-19T20:09:13.825Z",
        "value": "3.2316411336263022",
        "cumulative": false
    },
    {
        "date": "2021-02-19T20:10:22.031Z",
        "value": "3.2021495053649534",
        "cumulative": false
    },
    {
        "date": "2021-02-19T20:11:31.438Z",
        "value": "3.0362081151335762",
        "cumulative": false
    },
    {
        "date": "2021-02-19T20:12:40.576Z",
        "value": "3.189864110762548",
        "cumulative": false
    },
    {
        "date": "2021-02-19T20:13:51.438Z",
        "value": "3.194862798669563",
        "cumulative": false
    },
    {
        "date": "2021-02-19T20:15:00.989Z",
        "value": "3.0111675862388725",
        "cumulative": false
    },
    {
        "date": "2021-02-19T20:16:09.831Z",
        "value": "3.081235605015056",
        "cumulative": false
    },
    {
        "date": "2021-02-19T20:17:20.524Z",
        "value": "2.9918143861705246",
        "cumulative": false
    },
    {
        "date": "2021-02-19T20:18:31.151Z",
        "value": "2.9800777982994147",
        "cumulative": false
    },
    {
        "date": "2021-02-19T20:19:42.174Z",
        "value": "3.0266220814641107",
        "cumulative": false
    },
    {
        "date": "2021-02-19T20:20:55.488Z",
        "value": "2.978195057744565",
        "cumulative": false
    },
    {
        "date": "2021-02-19T20:22:05.143Z",
        "value": "3.035165396866391",
        "cumulative": false
    },
    {
        "date": "2021-02-19T20:23:16.263Z",
        "value": "3.0126013336820083",
        "cumulative": false
    },
    {
        "date": "2021-02-19T20:24:27.024Z",
        "value": "3.1561995933509914",
        "cumulative": false
    },
    {
        "date": "2021-02-19T20:25:36.561Z",
        "value": "3.00200551629651",
        "cumulative": false
    },
    {
        "date": "2021-02-19T20:26:46.602Z",
        "value": "3.1468778881700556",
        "cumulative": false
    },
    {
        "date": "2021-02-19T20:27:58.458Z",
        "value": "3.1267720160854284",
        "cumulative": false
    },
    {
        "date": "2021-02-19T20:29:08.881Z",
        "value": "2.882854550283286",
        "cumulative": false
    },
    {
        "date": "2021-02-19T20:30:18.122Z",
        "value": "3.2712183468010108",
        "cumulative": false
    },
    {
        "date": "2021-02-19T20:31:30.400Z",
        "value": "3.1306265738668158",
        "cumulative": false
    },
    {
        "date": "2021-02-19T20:32:43.976Z",
        "value": "3.0653404598327243",
        "cumulative": false
    },
    {
        "date": "2021-02-19T20:33:55.037Z",
        "value": "3.066363965298712",
        "cumulative": false
    },
    {
        "date": "2021-02-19T20:35:06.469Z",
        "value": "3.0275036874466874",
        "cumulative": false
    },
    {
        "date": "2021-02-19T20:36:17.478Z",
        "value": "2.9986275766653128",
        "cumulative": false
    },
    {
        "date": "2021-02-19T20:37:26.687Z",
        "value": "3.0390284055486285",
        "cumulative": false
    },
    {
        "date": "2021-02-19T20:38:37.775Z",
        "value": "2.9226715319800167",
        "cumulative": false
    },
    {
        "date": "2021-02-19T20:39:47.848Z",
        "value": "3.007494196300029",
        "cumulative": false
    },
    {
        "date": "2021-02-19T20:40:33.651Z",
        "value": "3.05441951751709",
        "cumulative": false
    },
    {
        "date": "2021-02-19T20:40:55.601Z",
        "value": "2.814391176992006",
        "cumulative": false
    },
    {
        "date": "2021-02-19T20:42:07.573Z",
        "value": "2.956547667634726",
        "cumulative": false
    },
    {
        "date": "2021-02-19T20:43:20.448Z",
        "value": "2.9552259332225588",
        "cumulative": false
    },
    {
        "date": "2021-02-19T20:44:30.000Z",
        "value": "3.006269978060084",
        "cumulative": false
    },
    {
        "date": "2021-02-19T20:45:40.370Z",
        "value": "2.93107177051551",
        "cumulative": false
    },
    {
        "date": "2021-02-19T20:46:50.073Z",
        "value": "2.9594391425933972",
        "cumulative": false
    },
    {
        "date": "2021-02-19T20:48:00.349Z",
        "value": "2.8957687458664023",
        "cumulative": false
    },
    {
        "date": "2021-02-19T20:49:12.724Z",
        "value": "3.0388632015306123",
        "cumulative": false
    },
    {
        "date": "2021-02-19T20:50:23.636Z",
        "value": "3.007253935842803",
        "cumulative": false
    },
    {
        "date": "2021-02-19T20:51:35.365Z",
        "value": "3.2404582844869823",
        "cumulative": false
    },
    {
        "date": "2021-02-19T20:52:46.103Z",
        "value": "3.0858207753735187",
        "cumulative": false
    },
    {
        "date": "2021-02-19T20:53:54.280Z",
        "value": "2.909718068846358",
        "cumulative": false
    },
    {
        "date": "2021-02-19T20:55:05.563Z",
        "value": "3.042666366676879",
        "cumulative": false
    },
    {
        "date": "2021-02-19T20:56:14.824Z",
        "value": "2.8039771532730087",
        "cumulative": false
    },
    {
        "date": "2021-02-19T20:57:26.434Z",
        "value": "3.0953055983062048",
        "cumulative": false
    },
    {
        "date": "2021-02-19T20:58:38.877Z",
        "value": "2.900197157557355",
        "cumulative": false
    },
    {
        "date": "2021-02-19T20:59:46.335Z",
        "value": "2.9860160383597885",
        "cumulative": false
    },
    {
        "date": "2021-02-19T21:00:55.965Z",
        "value": "2.9719745956848715",
        "cumulative": false
    },
    {
        "date": "2021-02-19T21:02:05.620Z",
        "value": "3.014599094253193",
        "cumulative": false
    },
    {
        "date": "2021-02-19T21:03:13.923Z",
        "value": "3.0126619165402646",
        "cumulative": false
    },
    {
        "date": "2021-02-19T21:04:24.482Z",
        "value": "3.0325027316433566",
        "cumulative": false
    },
    {
        "date": "2021-02-19T21:05:34.945Z",
        "value": "3.0074990251183307",
        "cumulative": false
    },
    {
        "date": "2021-02-19T21:06:44.155Z",
        "value": "3.019883590805062",
        "cumulative": false
    },
    {
        "date": "2021-02-19T21:07:57.015Z",
        "value": "3.055900380958583",
        "cumulative": false
    }
]