[
    {
        "date": "2021-02-19T16:05:50.285Z",
        "value": "106.12251424789429",
        "cumulative": false
    },
    {
        "date": "2021-02-19T17:37:42.715Z",
        "value": "106.59164333343506",
        "cumulative": false
    },
    {
        "date": "2021-02-19T19:09:17.491Z",
        "value": "106.67628073692322",
        "cumulative": false
    },
    {
        "date": "2021-02-19T20:40:52.442Z",
        "value": "106.73732876777649",
        "cumulative": false
    },
    {
        "date": "2021-02-19T21:08:45.949Z",
        "value": "32.03860116004944",
        "cumulative": false
    }
]