[
    {
        "date": "2021-02-19T16:05:49.940Z",
        "value": "265.1267874240875",
        "cumulative": false
    },
    {
        "date": "2021-02-19T17:37:42.289Z",
        "value": "263.91214179992676",
        "cumulative": false
    },
    {
        "date": "2021-02-19T19:09:17.368Z",
        "value": "265.3673017024994",
        "cumulative": false
    },
    {
        "date": "2021-02-19T20:40:52.659Z",
        "value": "266.9258997440338",
        "cumulative": false
    },
    {
        "date": "2021-02-19T21:08:45.717Z",
        "value": "79.92924571037292",
        "cumulative": false
    }
]