[
    {
        "date": "2021-02-19T14:34:15.004Z",
        "value": "8.030496051747312",
        "cumulative": false
    },
    {
        "date": "2021-02-19T14:35:28.658Z",
        "value": "9.060099827622974",
        "cumulative": false
    },
    {
        "date": "2021-02-19T14:36:40.157Z",
        "value": "8.38531419606513",
        "cumulative": false
    },
    {
        "date": "2021-02-19T14:37:49.055Z",
        "value": "8.003422532126168",
        "cumulative": false
    },
    {
        "date": "2021-02-19T14:38:59.307Z",
        "value": "7.867251774814225",
        "cumulative": false
    },
    {
        "date": "2021-02-19T14:40:11.620Z",
        "value": "7.708256740196078",
        "cumulative": false
    },
    {
        "date": "2021-02-19T14:41:22.109Z",
        "value": "7.421430439330544",
        "cumulative": false
    },
    {
        "date": "2021-02-19T14:42:31.108Z",
        "value": "7.36370475285476",
        "cumulative": false
    },
    {
        "date": "2021-02-19T14:43:40.420Z",
        "value": "6.782353803955392",
        "cumulative": false
    },
    {
        "date": "2021-02-19T14:44:50.785Z",
        "value": "6.497968573546019",
        "cumulative": false
    },
    {
        "date": "2021-02-19T14:46:04.632Z",
        "value": "6.200829913720539",
        "cumulative": false
    },
    {
        "date": "2021-02-19T14:47:15.896Z",
        "value": "5.841964031845323",
        "cumulative": false
    },
    {
        "date": "2021-02-19T14:48:27.023Z",
        "value": "5.8529194370567375",
        "cumulative": false
    },
    {
        "date": "2021-02-19T14:49:40.224Z",
        "value": "5.277865841384863",
        "cumulative": false
    },
    {
        "date": "2021-02-19T14:50:50.306Z",
        "value": "5.009963493946335",
        "cumulative": false
    },
    {
        "date": "2021-02-19T14:52:02.852Z",
        "value": "5.048826573669579",
        "cumulative": false
    },
    {
        "date": "2021-02-19T14:53:09.936Z",
        "value": "4.742992991457188",
        "cumulative": false
    },
    {
        "date": "2021-02-19T14:54:21.894Z",
        "value": "4.400750296456473",
        "cumulative": false
    },
    {
        "date": "2021-02-19T14:55:32.307Z",
        "value": "4.317721493286168",
        "cumulative": false
    },
    {
        "date": "2021-02-19T14:56:43.817Z",
        "value": "4.516815863715278",
        "cumulative": false
    },
    {
        "date": "2021-02-19T14:57:52.682Z",
        "value": "4.259632256101627",
        "cumulative": false
    },
    {
        "date": "2021-02-19T14:59:06.540Z",
        "value": "4.22852414695255",
        "cumulative": false
    },
    {
        "date": "2021-02-19T15:00:15.884Z",
        "value": "4.141288204595693",
        "cumulative": false
    },
    {
        "date": "2021-02-19T15:01:26.490Z",
        "value": "4.173674356151588",
        "cumulative": false
    },
    {
        "date": "2021-02-19T15:02:41.656Z",
        "value": "4.00920137063709",
        "cumulative": false
    },
    {
        "date": "2021-02-19T15:03:50.270Z",
        "value": "4.152048174865134",
        "cumulative": false
    },
    {
        "date": "2021-02-19T15:05:01.681Z",
        "value": "3.917580142362055",
        "cumulative": false
    },
    {
        "date": "2021-02-19T15:06:11.990Z",
        "value": "3.9203965273584274",
        "cumulative": false
    },
    {
        "date": "2021-02-19T15:07:20.412Z",
        "value": "4.087739601433536",
        "cumulative": false
    },
    {
        "date": "2021-02-19T15:08:31.001Z",
        "value": "3.9683309962606836",
        "cumulative": false
    },
    {
        "date": "2021-02-19T15:09:42.912Z",
        "value": "3.8081380208333333",
        "cumulative": false
    },
    {
        "date": "2021-02-19T15:10:53.076Z",
        "value": "3.669978215144231",
        "cumulative": false
    },
    {
        "date": "2021-02-19T15:12:01.105Z",
        "value": "3.8925449156482466",
        "cumulative": false
    },
    {
        "date": "2021-02-19T15:13:12.414Z",
        "value": "3.6582118491764377",
        "cumulative": false
    },
    {
        "date": "2021-02-19T15:14:21.489Z",
        "value": "3.758667840154032",
        "cumulative": false
    },
    {
        "date": "2021-02-19T15:15:32.303Z",
        "value": "3.5753358469394967",
        "cumulative": false
    },
    {
        "date": "2021-02-19T15:16:43.350Z",
        "value": "3.6528469067343665",
        "cumulative": false
    },
    {
        "date": "2021-02-19T15:17:53.920Z",
        "value": "3.6245368536876144",
        "cumulative": false
    },
    {
        "date": "2021-02-19T15:19:04.033Z",
        "value": "3.8915339443242343",
        "cumulative": false
    },
    {
        "date": "2021-02-19T15:20:13.698Z",
        "value": "3.669814759549795",
        "cumulative": false
    },
    {
        "date": "2021-02-19T15:21:25.346Z",
        "value": "3.72198700486568",
        "cumulative": false
    },
    {
        "date": "2021-02-19T15:22:36.943Z",
        "value": "3.7886317430344305",
        "cumulative": false
    },
    {
        "date": "2021-02-19T15:23:48.318Z",
        "value": "3.711395026467435",
        "cumulative": false
    },
    {
        "date": "2021-02-19T15:24:58.512Z",
        "value": "3.6601568278476333",
        "cumulative": false
    },
    {
        "date": "2021-02-19T15:26:08.953Z",
        "value": "4.062249560597265",
        "cumulative": false
    },
    {
        "date": "2021-02-19T15:27:21.346Z",
        "value": "3.642833635425487",
        "cumulative": false
    },
    {
        "date": "2021-02-19T15:28:33.335Z",
        "value": "3.5446578434535434",
        "cumulative": false
    },
    {
        "date": "2021-02-19T15:29:45.038Z",
        "value": "3.638848653461836",
        "cumulative": false
    },
    {
        "date": "2021-02-19T15:30:54.950Z",
        "value": "3.6447225000844137",
        "cumulative": false
    },
    {
        "date": "2021-02-19T15:32:05.831Z",
        "value": "3.4678250410596974",
        "cumulative": false
    },
    {
        "date": "2021-02-19T15:33:15.445Z",
        "value": "3.6373045826060686",
        "cumulative": false
    },
    {
        "date": "2021-02-19T15:34:25.869Z",
        "value": "3.378725106685633",
        "cumulative": false
    },
    {
        "date": "2021-02-19T15:35:37.180Z",
        "value": "3.6911048030546625",
        "cumulative": false
    },
    {
        "date": "2021-02-19T15:36:45.525Z",
        "value": "3.6565582300985464",
        "cumulative": false
    },
    {
        "date": "2021-02-19T15:37:56.695Z",
        "value": "3.65436374022612",
        "cumulative": false
    },
    {
        "date": "2021-02-19T15:39:06.987Z",
        "value": "3.5301120777753874",
        "cumulative": false
    },
    {
        "date": "2021-02-19T15:40:18.686Z",
        "value": "3.548037330463142",
        "cumulative": false
    },
    {
        "date": "2021-02-19T15:41:30.026Z",
        "value": "3.7462203764341995",
        "cumulative": false
    },
    {
        "date": "2021-02-19T15:42:39.364Z",
        "value": "3.5247162322671306",
        "cumulative": false
    },
    {
        "date": "2021-02-19T15:43:50.748Z",
        "value": "3.659437010664147",
        "cumulative": false
    },
    {
        "date": "2021-02-19T15:45:01.794Z",
        "value": "3.538671168990447",
        "cumulative": false
    },
    {
        "date": "2021-02-19T15:46:12.814Z",
        "value": "3.640698522808908",
        "cumulative": false
    },
    {
        "date": "2021-02-19T15:47:21.477Z",
        "value": "3.5512858260212887",
        "cumulative": false
    },
    {
        "date": "2021-02-19T15:48:30.954Z",
        "value": "3.6453170280251626",
        "cumulative": false
    },
    {
        "date": "2021-02-19T15:49:41.797Z",
        "value": "3.5935552076398136",
        "cumulative": false
    },
    {
        "date": "2021-02-19T15:50:50.557Z",
        "value": "3.4299651305206202",
        "cumulative": false
    },
    {
        "date": "2021-02-19T15:51:59.503Z",
        "value": "3.4515297367887676",
        "cumulative": false
    },
    {
        "date": "2021-02-19T15:53:09.929Z",
        "value": "3.555494866187565",
        "cumulative": false
    },
    {
        "date": "2021-02-19T15:54:20.948Z",
        "value": "3.390836918407069",
        "cumulative": false
    },
    {
        "date": "2021-02-19T15:55:31.243Z",
        "value": "3.4777861750518",
        "cumulative": false
    },
    {
        "date": "2021-02-19T15:56:44.454Z",
        "value": "3.5181458238397365",
        "cumulative": false
    },
    {
        "date": "2021-02-19T15:57:55.097Z",
        "value": "3.5660400390625",
        "cumulative": false
    },
    {
        "date": "2021-02-19T15:59:05.118Z",
        "value": "3.4744905580098493",
        "cumulative": false
    },
    {
        "date": "2021-02-19T16:00:14.574Z",
        "value": "3.5717705155778723",
        "cumulative": false
    },
    {
        "date": "2021-02-19T16:01:26.825Z",
        "value": "3.6217675024224807",
        "cumulative": false
    },
    {
        "date": "2021-02-19T16:02:35.521Z",
        "value": "3.4113426963773312",
        "cumulative": false
    },
    {
        "date": "2021-02-19T16:03:46.257Z",
        "value": "3.458494159707552",
        "cumulative": false
    },
    {
        "date": "2021-02-19T16:04:56.022Z",
        "value": "3.5619839347093656",
        "cumulative": false
    },
    {
        "date": "2021-02-19T16:05:42.485Z",
        "value": "3.445197105407715",
        "cumulative": false
    },
    {
        "date": "2021-02-19T16:05:55.985Z",
        "value": "2.951475497159091",
        "cumulative": false
    },
    {
        "date": "2021-02-19T16:07:08.840Z",
        "value": "3.607088193221831",
        "cumulative": false
    },
    {
        "date": "2021-02-19T16:08:17.610Z",
        "value": "3.443804256495542",
        "cumulative": false
    },
    {
        "date": "2021-02-19T16:09:29.066Z",
        "value": "3.3917236328125",
        "cumulative": false
    },
    {
        "date": "2021-02-19T16:10:40.259Z",
        "value": "3.3046476569004994",
        "cumulative": false
    },
    {
        "date": "2021-02-19T16:11:53.265Z",
        "value": "3.3383330620659724",
        "cumulative": false
    },
    {
        "date": "2021-02-19T16:13:03.940Z",
        "value": "3.3202039630564",
        "cumulative": false
    },
    {
        "date": "2021-02-19T16:14:12.788Z",
        "value": "3.4718288352272726",
        "cumulative": false
    },
    {
        "date": "2021-02-19T16:15:24.161Z",
        "value": "3.6039856048538232",
        "cumulative": false
    },
    {
        "date": "2021-02-19T16:16:35.895Z",
        "value": "3.219699755953198",
        "cumulative": false
    },
    {
        "date": "2021-02-19T16:17:47.378Z",
        "value": "3.414924203645274",
        "cumulative": false
    },
    {
        "date": "2021-02-19T16:18:57.197Z",
        "value": "3.3373894977285055",
        "cumulative": false
    },
    {
        "date": "2021-02-19T16:20:04.446Z",
        "value": "3.4239285043056316",
        "cumulative": false
    },
    {
        "date": "2021-02-19T16:21:12.093Z",
        "value": "3.4455055444909535",
        "cumulative": false
    },
    {
        "date": "2021-02-19T16:22:21.515Z",
        "value": "3.3173801133222773",
        "cumulative": false
    },
    {
        "date": "2021-02-19T16:23:31.749Z",
        "value": "3.2330500577928167",
        "cumulative": false
    },
    {
        "date": "2021-02-19T16:24:41.639Z",
        "value": "3.4952177370563215",
        "cumulative": false
    },
    {
        "date": "2021-02-19T16:25:50.079Z",
        "value": "3.3462755439110916",
        "cumulative": false
    },
    {
        "date": "2021-02-19T16:27:00.123Z",
        "value": "3.1395555469396195",
        "cumulative": false
    },
    {
        "date": "2021-02-19T16:28:10.967Z",
        "value": "3.3916507455542577",
        "cumulative": false
    },
    {
        "date": "2021-02-19T16:29:19.831Z",
        "value": "3.521620130325112",
        "cumulative": false
    },
    {
        "date": "2021-02-19T16:30:30.747Z",
        "value": "3.254795976507714",
        "cumulative": false
    },
    {
        "date": "2021-02-19T16:31:40.132Z",
        "value": "3.2268608866835202",
        "cumulative": false
    },
    {
        "date": "2021-02-19T16:32:50.765Z",
        "value": "3.3265387618528517",
        "cumulative": false
    },
    {
        "date": "2021-02-19T16:34:04.376Z",
        "value": "3.3448342063210226",
        "cumulative": false
    },
    {
        "date": "2021-02-19T16:35:14.824Z",
        "value": "3.463616920548585",
        "cumulative": false
    },
    {
        "date": "2021-02-19T16:36:24.274Z",
        "value": "3.3043327951482935",
        "cumulative": false
    },
    {
        "date": "2021-02-19T16:37:35.629Z",
        "value": "3.532622058399973",
        "cumulative": false
    },
    {
        "date": "2021-02-19T16:38:45.384Z",
        "value": "3.5060510637940308",
        "cumulative": false
    },
    {
        "date": "2021-02-19T16:39:56.559Z",
        "value": "3.4621316455860023",
        "cumulative": false
    },
    {
        "date": "2021-02-19T16:41:06.242Z",
        "value": "3.3225562310987904",
        "cumulative": false
    },
    {
        "date": "2021-02-19T16:42:20.394Z",
        "value": "3.2170472889072848",
        "cumulative": false
    },
    {
        "date": "2021-02-19T16:43:31.616Z",
        "value": "3.3684646791806667",
        "cumulative": false
    },
    {
        "date": "2021-02-19T16:44:41.548Z",
        "value": "3.342191464394452",
        "cumulative": false
    },
    {
        "date": "2021-02-19T16:45:51.896Z",
        "value": "3.478687064671959",
        "cumulative": false
    },
    {
        "date": "2021-02-19T16:47:01.738Z",
        "value": "3.498974727857913",
        "cumulative": false
    },
    {
        "date": "2021-02-19T16:48:14.083Z",
        "value": "3.2906477255390563",
        "cumulative": false
    },
    {
        "date": "2021-02-19T16:49:26.088Z",
        "value": "3.1874480991373613",
        "cumulative": false
    },
    {
        "date": "2021-02-19T16:50:37.523Z",
        "value": "3.369769929933496",
        "cumulative": false
    },
    {
        "date": "2021-02-19T16:51:48.448Z",
        "value": "3.2682717230843177",
        "cumulative": false
    },
    {
        "date": "2021-02-19T16:52:59.034Z",
        "value": "3.2803627872306937",
        "cumulative": false
    },
    {
        "date": "2021-02-19T16:54:08.474Z",
        "value": "3.376882486476043",
        "cumulative": false
    },
    {
        "date": "2021-02-19T16:55:19.857Z",
        "value": "3.404629799404186",
        "cumulative": false
    },
    {
        "date": "2021-02-19T16:56:31.569Z",
        "value": "3.3416097316668947",
        "cumulative": false
    },
    {
        "date": "2021-02-19T16:57:42.615Z",
        "value": "3.280081032454028",
        "cumulative": false
    },
    {
        "date": "2021-02-19T16:58:53.393Z",
        "value": "3.412984981719617",
        "cumulative": false
    },
    {
        "date": "2021-02-19T17:00:03.715Z",
        "value": "3.3556943092491918",
        "cumulative": false
    },
    {
        "date": "2021-02-19T17:01:17.771Z",
        "value": "3.26591354224958",
        "cumulative": false
    },
    {
        "date": "2021-02-19T17:02:27.417Z",
        "value": "3.3819265834538523",
        "cumulative": false
    },
    {
        "date": "2021-02-19T17:03:38.051Z",
        "value": "3.2176756617197064",
        "cumulative": false
    },
    {
        "date": "2021-02-19T17:04:50.647Z",
        "value": "3.1933977835171405",
        "cumulative": false
    },
    {
        "date": "2021-02-19T17:05:58.830Z",
        "value": "3.3217624787075963",
        "cumulative": false
    },
    {
        "date": "2021-02-19T17:07:09.350Z",
        "value": "3.1921460783119957",
        "cumulative": false
    },
    {
        "date": "2021-02-19T17:08:20.211Z",
        "value": "3.3066361696250355",
        "cumulative": false
    },
    {
        "date": "2021-02-19T17:09:28.562Z",
        "value": "3.364160963326446",
        "cumulative": false
    },
    {
        "date": "2021-02-19T17:10:39.260Z",
        "value": "3.236089725643897",
        "cumulative": false
    },
    {
        "date": "2021-02-19T17:11:51.828Z",
        "value": "3.1364147886760945",
        "cumulative": false
    },
    {
        "date": "2021-02-19T17:13:01.154Z",
        "value": "3.1585116206851462",
        "cumulative": false
    },
    {
        "date": "2021-02-19T17:14:10.901Z",
        "value": "3.320890125203307",
        "cumulative": false
    },
    {
        "date": "2021-02-19T17:15:21.278Z",
        "value": "3.089945282416321",
        "cumulative": false
    },
    {
        "date": "2021-02-19T17:16:30.996Z",
        "value": "3.2511596344145133",
        "cumulative": false
    },
    {
        "date": "2021-02-19T17:17:41.371Z",
        "value": "3.3158638361768804",
        "cumulative": false
    },
    {
        "date": "2021-02-19T17:18:51.442Z",
        "value": "3.2730493100355176",
        "cumulative": false
    },
    {
        "date": "2021-02-19T17:20:01.346Z",
        "value": "3.5022342604354257",
        "cumulative": false
    },
    {
        "date": "2021-02-19T17:21:13.463Z",
        "value": "3.372423933225897",
        "cumulative": false
    },
    {
        "date": "2021-02-19T17:22:23.400Z",
        "value": "3.381153106689453",
        "cumulative": false
    },
    {
        "date": "2021-02-19T17:23:33.851Z",
        "value": "3.5984950086805556",
        "cumulative": false
    },
    {
        "date": "2021-02-19T17:24:43.708Z",
        "value": "3.404539131716205",
        "cumulative": false
    },
    {
        "date": "2021-02-19T17:25:53.971Z",
        "value": "3.1671935022606745",
        "cumulative": false
    },
    {
        "date": "2021-02-19T17:27:04.694Z",
        "value": "3.3096567666160595",
        "cumulative": false
    },
    {
        "date": "2021-02-19T17:28:19.586Z",
        "value": "3.3070436210412666",
        "cumulative": false
    },
    {
        "date": "2021-02-19T17:29:28.479Z",
        "value": "3.131211306014151",
        "cumulative": false
    },
    {
        "date": "2021-02-19T17:30:39.832Z",
        "value": "3.173311641186452",
        "cumulative": false
    },
    {
        "date": "2021-02-19T17:31:50.644Z",
        "value": "3.334969775169683",
        "cumulative": false
    },
    {
        "date": "2021-02-19T17:33:02.294Z",
        "value": "3.3081723238844742",
        "cumulative": false
    },
    {
        "date": "2021-02-19T17:34:14.490Z",
        "value": "3.1187364097737897",
        "cumulative": false
    },
    {
        "date": "2021-02-19T17:35:25.888Z",
        "value": "3.1893694268675556",
        "cumulative": false
    },
    {
        "date": "2021-02-19T17:36:38.580Z",
        "value": "3.44009910630528",
        "cumulative": false
    },
    {
        "date": "2021-02-19T17:37:23.871Z",
        "value": "3.240283250808716",
        "cumulative": false
    },
    {
        "date": "2021-02-19T17:37:46.096Z",
        "value": "2.806924781821102",
        "cumulative": false
    },
    {
        "date": "2021-02-19T17:38:57.774Z",
        "value": "3.237700696220517",
        "cumulative": false
    },
    {
        "date": "2021-02-19T17:40:08.585Z",
        "value": "3.1669298079570485",
        "cumulative": false
    },
    {
        "date": "2021-02-19T17:41:19.803Z",
        "value": "3.133379672699594",
        "cumulative": false
    },
    {
        "date": "2021-02-19T17:42:29.843Z",
        "value": "3.2991804361612176",
        "cumulative": false
    },
    {
        "date": "2021-02-19T17:43:40.751Z",
        "value": "3.162972904718457",
        "cumulative": false
    },
    {
        "date": "2021-02-19T17:44:50.133Z",
        "value": "3.111130367698192",
        "cumulative": false
    },
    {
        "date": "2021-02-19T17:46:00.908Z",
        "value": "3.1479990991463755",
        "cumulative": false
    },
    {
        "date": "2021-02-19T17:47:08.959Z",
        "value": "3.151855892482644",
        "cumulative": false
    },
    {
        "date": "2021-02-19T17:48:22.910Z",
        "value": "3.2016989865422723",
        "cumulative": false
    },
    {
        "date": "2021-02-19T17:49:34.900Z",
        "value": "3.112757168636301",
        "cumulative": false
    },
    {
        "date": "2021-02-19T17:50:45.764Z",
        "value": "3.1839571344660857",
        "cumulative": false
    },
    {
        "date": "2021-02-19T17:51:55.697Z",
        "value": "3.0897864633537595",
        "cumulative": false
    },
    {
        "date": "2021-02-19T17:53:05.223Z",
        "value": "3.205604771205357",
        "cumulative": false
    },
    {
        "date": "2021-02-19T17:54:16.555Z",
        "value": "3.3980989799986134",
        "cumulative": false
    },
    {
        "date": "2021-02-19T17:55:26.587Z",
        "value": "3.291213551625239",
        "cumulative": false
    },
    {
        "date": "2021-02-19T17:56:37.318Z",
        "value": "3.2448843453991882",
        "cumulative": false
    },
    {
        "date": "2021-02-19T17:57:48.098Z",
        "value": "3.0942590150610405",
        "cumulative": false
    },
    {
        "date": "2021-02-19T17:59:00.125Z",
        "value": "3.246170807278236",
        "cumulative": false
    },
    {
        "date": "2021-02-19T18:00:08.044Z",
        "value": "3.285077551665051",
        "cumulative": false
    },
    {
        "date": "2021-02-19T18:01:16.505Z",
        "value": "3.34513955321712",
        "cumulative": false
    },
    {
        "date": "2021-02-19T18:02:27.223Z",
        "value": "3.2088815500070385",
        "cumulative": false
    },
    {
        "date": "2021-02-19T18:03:35.201Z",
        "value": "3.214341158045135",
        "cumulative": false
    },
    {
        "date": "2021-02-19T18:04:45.617Z",
        "value": "3.1985908492170982",
        "cumulative": false
    },
    {
        "date": "2021-02-19T18:05:57.468Z",
        "value": "3.3958415544398175",
        "cumulative": false
    },
    {
        "date": "2021-02-19T18:07:08.600Z",
        "value": "3.134056082896913",
        "cumulative": false
    },
    {
        "date": "2021-02-19T18:08:20.454Z",
        "value": "3.363282322556288",
        "cumulative": false
    },
    {
        "date": "2021-02-19T18:09:30.692Z",
        "value": "3.238664031124498",
        "cumulative": false
    },
    {
        "date": "2021-02-19T18:10:39.268Z",
        "value": "3.279394870062717",
        "cumulative": false
    },
    {
        "date": "2021-02-19T18:11:48.455Z",
        "value": "3.0870566438111746",
        "cumulative": false
    },
    {
        "date": "2021-02-19T18:12:59.964Z",
        "value": "3.1689199363756426",
        "cumulative": false
    },
    {
        "date": "2021-02-19T18:14:10.774Z",
        "value": "3.128298942138457",
        "cumulative": false
    },
    {
        "date": "2021-02-19T18:15:19.778Z",
        "value": "3.321898063727185",
        "cumulative": false
    },
    {
        "date": "2021-02-19T18:16:29.183Z",
        "value": "3.2501020760371766",
        "cumulative": false
    },
    {
        "date": "2021-02-19T18:17:38.511Z",
        "value": "3.2603657651038818",
        "cumulative": false
    },
    {
        "date": "2021-02-19T18:18:50.319Z",
        "value": "3.2005934838904424",
        "cumulative": false
    },
    {
        "date": "2021-02-19T18:20:01.829Z",
        "value": "3.2854467675948373",
        "cumulative": false
    },
    {
        "date": "2021-02-19T18:21:10.907Z",
        "value": "3.1321303345916847",
        "cumulative": false
    },
    {
        "date": "2021-02-19T18:22:21.093Z",
        "value": "3.2678008880019522",
        "cumulative": false
    },
    {
        "date": "2021-02-19T18:23:32.683Z",
        "value": "2.9783525092112444",
        "cumulative": false
    },
    {
        "date": "2021-02-19T18:24:42.712Z",
        "value": "3.086299659931554",
        "cumulative": false
    },
    {
        "date": "2021-02-19T18:25:52.862Z",
        "value": "3.0567695752818036",
        "cumulative": false
    },
    {
        "date": "2021-02-19T18:27:03.042Z",
        "value": "3.1159002640024385",
        "cumulative": false
    },
    {
        "date": "2021-02-19T18:28:15.312Z",
        "value": "3.2470154146872527",
        "cumulative": false
    },
    {
        "date": "2021-02-19T18:29:26.828Z",
        "value": "3.156682540205642",
        "cumulative": false
    },
    {
        "date": "2021-02-19T18:30:38.404Z",
        "value": "3.157992200331919",
        "cumulative": false
    },
    {
        "date": "2021-02-19T18:31:48.447Z",
        "value": "3.2622141875704624",
        "cumulative": false
    },
    {
        "date": "2021-02-19T18:33:03.994Z",
        "value": "3.3931558526855214",
        "cumulative": false
    },
    {
        "date": "2021-02-19T18:34:13.655Z",
        "value": "3.1741787329652253",
        "cumulative": false
    },
    {
        "date": "2021-02-19T18:35:26.233Z",
        "value": "3.0002309967425544",
        "cumulative": false
    },
    {
        "date": "2021-02-19T18:36:35.521Z",
        "value": "3.2989778465987567",
        "cumulative": false
    },
    {
        "date": "2021-02-19T18:37:45.509Z",
        "value": "3.439777605830671",
        "cumulative": false
    },
    {
        "date": "2021-02-19T18:38:55.896Z",
        "value": "3.1489071112719786",
        "cumulative": false
    },
    {
        "date": "2021-02-19T18:40:06.583Z",
        "value": "3.21848325003435",
        "cumulative": false
    },
    {
        "date": "2021-02-19T18:41:15.665Z",
        "value": "3.4618459484400055",
        "cumulative": false
    },
    {
        "date": "2021-02-19T18:42:24.952Z",
        "value": "3.4838788496995354",
        "cumulative": false
    },
    {
        "date": "2021-02-19T18:43:35.119Z",
        "value": "3.3818343365778687",
        "cumulative": false
    },
    {
        "date": "2021-02-19T18:44:46.367Z",
        "value": "3.23272283146438",
        "cumulative": false
    },
    {
        "date": "2021-02-19T18:45:54.213Z",
        "value": "3.1501993793654455",
        "cumulative": false
    },
    {
        "date": "2021-02-19T18:47:03.661Z",
        "value": "3.215201469401233",
        "cumulative": false
    },
    {
        "date": "2021-02-19T18:48:15.132Z",
        "value": "3.171107719719973",
        "cumulative": false
    },
    {
        "date": "2021-02-19T18:49:25.137Z",
        "value": "2.996552385119213",
        "cumulative": false
    },
    {
        "date": "2021-02-19T18:50:36.535Z",
        "value": "3.1986190926315436",
        "cumulative": false
    },
    {
        "date": "2021-02-19T18:51:48.565Z",
        "value": "3.0548442980319566",
        "cumulative": false
    },
    {
        "date": "2021-02-19T18:52:55.615Z",
        "value": "3.246597053313174",
        "cumulative": false
    },
    {
        "date": "2021-02-19T18:54:05.343Z",
        "value": "3.216361838958732",
        "cumulative": false
    },
    {
        "date": "2021-02-19T18:55:14.359Z",
        "value": "3.1112577975253286",
        "cumulative": false
    },
    {
        "date": "2021-02-19T18:56:29.082Z",
        "value": "3.0876828703703705",
        "cumulative": false
    },
    {
        "date": "2021-02-19T18:57:39.708Z",
        "value": "3.355038551152533",
        "cumulative": false
    },
    {
        "date": "2021-02-19T18:58:47.298Z",
        "value": "3.3727054405554133",
        "cumulative": false
    },
    {
        "date": "2021-02-19T19:00:01.896Z",
        "value": "3.1669216451602313",
        "cumulative": false
    },
    {
        "date": "2021-02-19T19:01:10.917Z",
        "value": "3.208970405629139",
        "cumulative": false
    },
    {
        "date": "2021-02-19T19:02:19.476Z",
        "value": "3.201109966690042",
        "cumulative": false
    },
    {
        "date": "2021-02-19T19:03:29.567Z",
        "value": "3.3588628674704997",
        "cumulative": false
    },
    {
        "date": "2021-02-19T19:04:37.862Z",
        "value": "3.2349988666009164",
        "cumulative": false
    },
    {
        "date": "2021-02-19T19:05:48.147Z",
        "value": "3.2945527683513443",
        "cumulative": false
    },
    {
        "date": "2021-02-19T19:06:59.351Z",
        "value": "3.2119231378484936",
        "cumulative": false
    },
    {
        "date": "2021-02-19T19:08:11.860Z",
        "value": "3.3164373867753625",
        "cumulative": false
    },
    {
        "date": "2021-02-19T19:08:58.559Z",
        "value": "3.151982307434082",
        "cumulative": false
    },
    {
        "date": "2021-02-19T19:09:20.599Z",
        "value": "2.9808637520497405",
        "cumulative": false
    },
    {
        "date": "2021-02-19T19:10:31.981Z",
        "value": "3.0952759123868625",
        "cumulative": false
    },
    {
        "date": "2021-02-19T19:11:42.951Z",
        "value": "3.021318209553696",
        "cumulative": false
    },
    {
        "date": "2021-02-19T19:12:52.211Z",
        "value": "3.4918670134338137",
        "cumulative": false
    },
    {
        "date": "2021-02-19T19:14:01.803Z",
        "value": "2.980786324378814",
        "cumulative": false
    },
    {
        "date": "2021-02-19T19:15:12.853Z",
        "value": "3.150546658996653",
        "cumulative": false
    },
    {
        "date": "2021-02-19T19:16:24.099Z",
        "value": "3.0437837031471005",
        "cumulative": false
    },
    {
        "date": "2021-02-19T19:17:35.195Z",
        "value": "3.1716028389143935",
        "cumulative": false
    },
    {
        "date": "2021-02-19T19:18:45.212Z",
        "value": "3.180487304138561",
        "cumulative": false
    },
    {
        "date": "2021-02-19T19:19:53.500Z",
        "value": "3.146406427272424",
        "cumulative": false
    },
    {
        "date": "2021-02-19T19:21:03.462Z",
        "value": "3.1684508649963288",
        "cumulative": false
    },
    {
        "date": "2021-02-19T19:22:15.817Z",
        "value": "3.106476647593465",
        "cumulative": false
    },
    {
        "date": "2021-02-19T19:23:27.759Z",
        "value": "3.0144938736510793",
        "cumulative": false
    },
    {
        "date": "2021-02-19T19:24:38.722Z",
        "value": "3.2484535335105664",
        "cumulative": false
    },
    {
        "date": "2021-02-19T19:25:47.405Z",
        "value": "3.260527414332731",
        "cumulative": false
    },
    {
        "date": "2021-02-19T19:26:59.585Z",
        "value": "3.1754709948495528",
        "cumulative": false
    },
    {
        "date": "2021-02-19T19:28:09.659Z",
        "value": "2.963479891049249",
        "cumulative": false
    },
    {
        "date": "2021-02-19T19:29:18.184Z",
        "value": "3.1177632209934614",
        "cumulative": false
    },
    {
        "date": "2021-02-19T19:30:29.020Z",
        "value": "2.9829584662675654",
        "cumulative": false
    },
    {
        "date": "2021-02-19T19:31:40.399Z",
        "value": "3.118016874180865",
        "cumulative": false
    },
    {
        "date": "2021-02-19T19:32:48.481Z",
        "value": "3.0414600240456866",
        "cumulative": false
    },
    {
        "date": "2021-02-19T19:33:58.197Z",
        "value": "3.0059163109102602",
        "cumulative": false
    },
    {
        "date": "2021-02-19T19:35:08.752Z",
        "value": "3.0787722532368345",
        "cumulative": false
    },
    {
        "date": "2021-02-19T19:36:20.525Z",
        "value": "3.305109704987221",
        "cumulative": false
    },
    {
        "date": "2021-02-19T19:37:34.132Z",
        "value": "3.328716035379282",
        "cumulative": false
    },
    {
        "date": "2021-02-19T19:38:43.640Z",
        "value": "3.216835280631272",
        "cumulative": false
    },
    {
        "date": "2021-02-19T19:39:52.057Z",
        "value": "2.960190763052209",
        "cumulative": false
    },
    {
        "date": "2021-02-19T19:41:04.763Z",
        "value": "3.1818465929063553",
        "cumulative": false
    },
    {
        "date": "2021-02-19T19:42:14.640Z",
        "value": "3.0390260948129253",
        "cumulative": false
    },
    {
        "date": "2021-02-19T19:43:26.446Z",
        "value": "3.1028037698478608",
        "cumulative": false
    },
    {
        "date": "2021-02-19T19:44:37.157Z",
        "value": "2.983878127704067",
        "cumulative": false
    },
    {
        "date": "2021-02-19T19:45:47.084Z",
        "value": "3.10798901236631",
        "cumulative": false
    },
    {
        "date": "2021-02-19T19:46:55.330Z",
        "value": "2.9479661066729324",
        "cumulative": false
    },
    {
        "date": "2021-02-19T19:48:05.141Z",
        "value": "3.02066400999664",
        "cumulative": false
    },
    {
        "date": "2021-02-19T19:49:15.655Z",
        "value": "3.154932331885457",
        "cumulative": false
    },
    {
        "date": "2021-02-19T19:50:25.967Z",
        "value": "3.085751926073407",
        "cumulative": false
    },
    {
        "date": "2021-02-19T19:51:37.679Z",
        "value": "3.0233506181550838",
        "cumulative": false
    },
    {
        "date": "2021-02-19T19:52:49.724Z",
        "value": "2.996577507663488",
        "cumulative": false
    },
    {
        "date": "2021-02-19T19:54:00.391Z",
        "value": "3.0678272361526946",
        "cumulative": false
    },
    {
        "date": "2021-02-19T19:55:10.344Z",
        "value": "3.1224502559152736",
        "cumulative": false
    },
    {
        "date": "2021-02-19T19:56:21.518Z",
        "value": "3.1997542268237082",
        "cumulative": false
    },
    {
        "date": "2021-02-19T19:57:33.116Z",
        "value": "3.0045342514975215",
        "cumulative": false
    },
    {
        "date": "2021-02-19T19:58:43.677Z",
        "value": "3.1305585175835655",
        "cumulative": false
    },
    {
        "date": "2021-02-19T19:59:52.386Z",
        "value": "2.9727757404060067",
        "cumulative": false
    },
    {
        "date": "2021-02-19T20:01:04.274Z",
        "value": "2.9458401720063025",
        "cumulative": false
    },
    {
        "date": "2021-02-19T20:02:16.362Z",
        "value": "3.0027355248193737",
        "cumulative": false
    },
    {
        "date": "2021-02-19T20:03:24.961Z",
        "value": "2.8828261796919668",
        "cumulative": false
    },
    {
        "date": "2021-02-19T20:04:35.206Z",
        "value": "3.0861465549443086",
        "cumulative": false
    },
    {
        "date": "2021-02-19T20:05:45.821Z",
        "value": "3.043807933478735",
        "cumulative": false
    },
    {
        "date": "2021-02-19T20:06:54.431Z",
        "value": "3.2213291581391688",
        "cumulative": false
    },
    {
        "date": "2021-02-19T20:08:03.133Z",
        "value": "3.1354332356404666",
        "cumulative": false
    },
    {
        "date": "2021-02-19T20:09:13.829Z",
        "value": "2.886578841332378",
        "cumulative": false
    },
    {
        "date": "2021-02-19T20:10:21.972Z",
        "value": "2.9975509898150725",
        "cumulative": false
    },
    {
        "date": "2021-02-19T20:11:31.441Z",
        "value": "3.3219201550246877",
        "cumulative": false
    },
    {
        "date": "2021-02-19T20:12:40.583Z",
        "value": "3.0225832350106354",
        "cumulative": false
    },
    {
        "date": "2021-02-19T20:13:51.444Z",
        "value": "3.1946196974369516",
        "cumulative": false
    },
    {
        "date": "2021-02-19T20:15:00.985Z",
        "value": "3.055090240881677",
        "cumulative": false
    },
    {
        "date": "2021-02-19T20:16:09.841Z",
        "value": "2.955001667167185",
        "cumulative": false
    },
    {
        "date": "2021-02-19T20:17:20.527Z",
        "value": "2.9904521342470276",
        "cumulative": false
    },
    {
        "date": "2021-02-19T20:18:31.125Z",
        "value": "3.0202289294666587",
        "cumulative": false
    },
    {
        "date": "2021-02-19T20:19:42.185Z",
        "value": "3.266703881382626",
        "cumulative": false
    },
    {
        "date": "2021-02-19T20:20:55.490Z",
        "value": "3.1503205798921132",
        "cumulative": false
    },
    {
        "date": "2021-02-19T20:22:05.129Z",
        "value": "3.03059209610674",
        "cumulative": false
    },
    {
        "date": "2021-02-19T20:23:16.245Z",
        "value": "3.2069548819639664",
        "cumulative": false
    },
    {
        "date": "2021-02-19T20:24:27.019Z",
        "value": "3.042191865428394",
        "cumulative": false
    },
    {
        "date": "2021-02-19T20:25:36.539Z",
        "value": "3.091286922089041",
        "cumulative": false
    },
    {
        "date": "2021-02-19T20:26:46.612Z",
        "value": "2.9574624215569876",
        "cumulative": false
    },
    {
        "date": "2021-02-19T20:27:58.462Z",
        "value": "3.3471987524919014",
        "cumulative": false
    },
    {
        "date": "2021-02-19T20:29:08.887Z",
        "value": "3.1067130209825264",
        "cumulative": false
    },
    {
        "date": "2021-02-19T20:30:18.132Z",
        "value": "3.284961589991648",
        "cumulative": false
    },
    {
        "date": "2021-02-19T20:31:30.368Z",
        "value": "3.025257504111842",
        "cumulative": false
    },
    {
        "date": "2021-02-19T20:32:43.978Z",
        "value": "3.177220127348266",
        "cumulative": false
    },
    {
        "date": "2021-02-19T20:33:55.041Z",
        "value": "3.054731509809635",
        "cumulative": false
    },
    {
        "date": "2021-02-19T20:35:06.475Z",
        "value": "3.0052464027189267",
        "cumulative": false
    },
    {
        "date": "2021-02-19T20:36:17.491Z",
        "value": "2.9874804415855354",
        "cumulative": false
    },
    {
        "date": "2021-02-19T20:37:26.649Z",
        "value": "3.1597641395390768",
        "cumulative": false
    },
    {
        "date": "2021-02-19T20:38:37.781Z",
        "value": "3.2750872411436487",
        "cumulative": false
    },
    {
        "date": "2021-02-19T20:39:47.829Z",
        "value": "3.049420222437466",
        "cumulative": false
    },
    {
        "date": "2021-02-19T20:40:33.651Z",
        "value": "3.05441951751709",
        "cumulative": false
    },
    {
        "date": "2021-02-19T20:40:55.604Z",
        "value": "2.40286376953125",
        "cumulative": false
    },
    {
        "date": "2021-02-19T20:42:07.580Z",
        "value": "3.072473798479353",
        "cumulative": false
    },
    {
        "date": "2021-02-19T20:43:20.453Z",
        "value": "3.014780286389257",
        "cumulative": false
    },
    {
        "date": "2021-02-19T20:44:29.999Z",
        "value": "3.13530651981878",
        "cumulative": false
    },
    {
        "date": "2021-02-19T20:45:40.378Z",
        "value": "2.916163319300057",
        "cumulative": false
    },
    {
        "date": "2021-02-19T20:46:49.930Z",
        "value": "2.9982173904161824",
        "cumulative": false
    },
    {
        "date": "2021-02-19T20:48:00.389Z",
        "value": "2.836541038490335",
        "cumulative": false
    },
    {
        "date": "2021-02-19T20:49:12.726Z",
        "value": "3.180679965670715",
        "cumulative": false
    },
    {
        "date": "2021-02-19T20:50:23.649Z",
        "value": "3.0203070289128364",
        "cumulative": false
    },
    {
        "date": "2021-02-19T20:51:35.337Z",
        "value": "2.864700280673617",
        "cumulative": false
    },
    {
        "date": "2021-02-19T20:52:46.092Z",
        "value": "2.834591622231337",
        "cumulative": false
    },
    {
        "date": "2021-02-19T20:53:54.292Z",
        "value": "3.039865871833085",
        "cumulative": false
    },
    {
        "date": "2021-02-19T20:55:05.570Z",
        "value": "2.9849229600694445",
        "cumulative": false
    },
    {
        "date": "2021-02-19T20:56:14.794Z",
        "value": "3.0890524311983767",
        "cumulative": false
    },
    {
        "date": "2021-02-19T20:57:26.454Z",
        "value": "3.0686634627479874",
        "cumulative": false
    },
    {
        "date": "2021-02-19T20:58:38.867Z",
        "value": "3.0508438017669794",
        "cumulative": false
    },
    {
        "date": "2021-02-19T20:59:46.320Z",
        "value": "3.042752861456059",
        "cumulative": false
    },
    {
        "date": "2021-02-19T21:00:55.978Z",
        "value": "2.999717170423497",
        "cumulative": false
    },
    {
        "date": "2021-02-19T21:02:05.621Z",
        "value": "2.9036581472892",
        "cumulative": false
    },
    {
        "date": "2021-02-19T21:03:13.929Z",
        "value": "3.12088829340232",
        "cumulative": false
    },
    {
        "date": "2021-02-19T21:04:24.453Z",
        "value": "2.962254259501966",
        "cumulative": false
    },
    {
        "date": "2021-02-19T21:05:34.953Z",
        "value": "3.038458160993938",
        "cumulative": false
    },
    {
        "date": "2021-02-19T21:06:44.155Z",
        "value": "3.0808779451626354",
        "cumulative": false
    },
    {
        "date": "2021-02-19T21:07:57.022Z",
        "value": "3.0476264750874127",
        "cumulative": false
    }
]