[
    {
        "date": "2021-02-19T16:05:50.228Z",
        "value": "264.46976709365845",
        "cumulative": false
    },
    {
        "date": "2021-02-19T17:37:42.334Z",
        "value": "263.89242672920227",
        "cumulative": false
    },
    {
        "date": "2021-02-19T19:09:17.198Z",
        "value": "266.26898860931396",
        "cumulative": false
    },
    {
        "date": "2021-02-19T20:40:52.399Z",
        "value": "266.5716347694397",
        "cumulative": false
    },
    {
        "date": "2021-02-19T21:08:45.659Z",
        "value": "79.90716171264648",
        "cumulative": false
    }
]