[
    {
        "date": "2021-02-19T16:05:50.012Z",
        "value": "0.12582898139953613",
        "cumulative": false
    },
    {
        "date": "2021-02-19T17:37:42.128Z",
        "value": "0.11604738235473633",
        "cumulative": false
    },
    {
        "date": "2021-02-19T19:09:17.019Z",
        "value": "0.11254119873046875",
        "cumulative": false
    },
    {
        "date": "2021-02-19T20:40:52.128Z",
        "value": "0.12149238586425781",
        "cumulative": false
    },
    {
        "date": "2021-02-19T21:08:45.669Z",
        "value": "0.03693103790283203",
        "cumulative": false
    }
]