[
    {
        "date": "2021-02-19T16:05:50.017Z",
        "value": "4378.5885055065155",
        "cumulative": false
    },
    {
        "date": "2021-02-19T17:37:42.666Z",
        "value": "4374.2257652282715",
        "cumulative": false
    },
    {
        "date": "2021-02-19T19:09:17.444Z",
        "value": "4357.6300439834595",
        "cumulative": false
    },
    {
        "date": "2021-02-19T20:40:52.547Z",
        "value": "4358.2193348407745",
        "cumulative": false
    },
    {
        "date": "2021-02-19T21:08:46.068Z",
        "value": "1309.0248517990112",
        "cumulative": false
    }
]