[
    {
        "date": "2021-02-19T16:05:50.136Z",
        "value": "49.11536717414856",
        "cumulative": false
    },
    {
        "date": "2021-02-19T17:37:42.880Z",
        "value": "44.329521894454956",
        "cumulative": false
    },
    {
        "date": "2021-02-19T19:09:17.595Z",
        "value": "43.97237205505371",
        "cumulative": false
    },
    {
        "date": "2021-02-19T20:40:52.739Z",
        "value": "44.02290439605713",
        "cumulative": false
    },
    {
        "date": "2021-02-19T21:08:46.225Z",
        "value": "13.089812994003296",
        "cumulative": false
    }
]