[
    {
        "date": "2021-02-19T14:34:15.003Z",
        "value": "8.240860110461584",
        "cumulative": false
    },
    {
        "date": "2021-02-19T14:35:28.639Z",
        "value": "9.109790514744603",
        "cumulative": false
    },
    {
        "date": "2021-02-19T14:36:40.153Z",
        "value": "8.430900096525097",
        "cumulative": false
    },
    {
        "date": "2021-02-19T14:37:49.074Z",
        "value": "8.017205544268606",
        "cumulative": false
    },
    {
        "date": "2021-02-19T14:38:59.294Z",
        "value": "7.843598619579946",
        "cumulative": false
    },
    {
        "date": "2021-02-19T14:40:11.617Z",
        "value": "7.722515603770381",
        "cumulative": false
    },
    {
        "date": "2021-02-19T14:41:22.110Z",
        "value": "7.561761387647911",
        "cumulative": false
    },
    {
        "date": "2021-02-19T14:42:31.124Z",
        "value": "7.373684689647446",
        "cumulative": false
    },
    {
        "date": "2021-02-19T14:43:40.419Z",
        "value": "6.85259644541779",
        "cumulative": false
    },
    {
        "date": "2021-02-19T14:44:50.774Z",
        "value": "6.453606823549258",
        "cumulative": false
    },
    {
        "date": "2021-02-19T14:46:04.617Z",
        "value": "6.103581020959663",
        "cumulative": false
    },
    {
        "date": "2021-02-19T14:47:16.072Z",
        "value": "5.987050881194452",
        "cumulative": false
    },
    {
        "date": "2021-02-19T14:48:27.017Z",
        "value": "5.706525558831596",
        "cumulative": false
    },
    {
        "date": "2021-02-19T14:49:40.204Z",
        "value": "5.222991230413105",
        "cumulative": false
    },
    {
        "date": "2021-02-19T14:50:50.313Z",
        "value": "5.209245536322168",
        "cumulative": false
    },
    {
        "date": "2021-02-19T14:52:02.843Z",
        "value": "4.844491114572737",
        "cumulative": false
    },
    {
        "date": "2021-02-19T14:53:10.151Z",
        "value": "4.61539223627369",
        "cumulative": false
    },
    {
        "date": "2021-02-19T14:54:21.912Z",
        "value": "4.5044828869047615",
        "cumulative": false
    },
    {
        "date": "2021-02-19T14:55:32.314Z",
        "value": "4.453648811070686",
        "cumulative": false
    },
    {
        "date": "2021-02-19T14:56:43.794Z",
        "value": "4.546006646839001",
        "cumulative": false
    },
    {
        "date": "2021-02-19T14:57:52.722Z",
        "value": "4.092936588229416",
        "cumulative": false
    },
    {
        "date": "2021-02-19T14:59:06.556Z",
        "value": "4.39459399495631",
        "cumulative": false
    },
    {
        "date": "2021-02-19T15:00:15.867Z",
        "value": "4.286313426391975",
        "cumulative": false
    },
    {
        "date": "2021-02-19T15:01:26.499Z",
        "value": "4.138654456779971",
        "cumulative": false
    },
    {
        "date": "2021-02-19T15:02:41.631Z",
        "value": "4.309665160404232",
        "cumulative": false
    },
    {
        "date": "2021-02-19T15:03:50.270Z",
        "value": "4.215632265454048",
        "cumulative": false
    },
    {
        "date": "2021-02-19T15:05:01.695Z",
        "value": "3.814028924502452",
        "cumulative": false
    },
    {
        "date": "2021-02-19T15:06:11.993Z",
        "value": "3.9420823741356195",
        "cumulative": false
    },
    {
        "date": "2021-02-19T15:07:20.432Z",
        "value": "4.084656741235859",
        "cumulative": false
    },
    {
        "date": "2021-02-19T15:08:30.998Z",
        "value": "3.871250524328859",
        "cumulative": false
    },
    {
        "date": "2021-02-19T15:09:42.895Z",
        "value": "3.9627601873645353",
        "cumulative": false
    },
    {
        "date": "2021-02-19T15:10:53.094Z",
        "value": "4.0305724694517835",
        "cumulative": false
    },
    {
        "date": "2021-02-19T15:12:01.129Z",
        "value": "3.767568519467213",
        "cumulative": false
    },
    {
        "date": "2021-02-19T15:13:12.461Z",
        "value": "3.872215208968496",
        "cumulative": false
    },
    {
        "date": "2021-02-19T15:14:21.500Z",
        "value": "3.9570089329688733",
        "cumulative": false
    },
    {
        "date": "2021-02-19T15:15:32.277Z",
        "value": "3.8949961127853294",
        "cumulative": false
    },
    {
        "date": "2021-02-19T15:16:43.334Z",
        "value": "3.8950376937331534",
        "cumulative": false
    },
    {
        "date": "2021-02-19T15:17:53.916Z",
        "value": "3.722440491708154",
        "cumulative": false
    },
    {
        "date": "2021-02-19T15:19:04.033Z",
        "value": "3.7618800409917683",
        "cumulative": false
    },
    {
        "date": "2021-02-19T15:20:13.719Z",
        "value": "3.718226116398243",
        "cumulative": false
    },
    {
        "date": "2021-02-19T15:21:25.352Z",
        "value": "3.7756057789261406",
        "cumulative": false
    },
    {
        "date": "2021-02-19T15:22:36.955Z",
        "value": "3.7280991222967423",
        "cumulative": false
    },
    {
        "date": "2021-02-19T15:23:48.313Z",
        "value": "3.6879922704758985",
        "cumulative": false
    },
    {
        "date": "2021-02-19T15:24:58.488Z",
        "value": "3.7323838628361075",
        "cumulative": false
    },
    {
        "date": "2021-02-19T15:26:08.930Z",
        "value": "3.6903424224979378",
        "cumulative": false
    },
    {
        "date": "2021-02-19T15:27:21.157Z",
        "value": "3.8669884912404004",
        "cumulative": false
    },
    {
        "date": "2021-02-19T15:28:33.327Z",
        "value": "3.6510744961825283",
        "cumulative": false
    },
    {
        "date": "2021-02-19T15:29:45.068Z",
        "value": "3.5584069063346884",
        "cumulative": false
    },
    {
        "date": "2021-02-19T15:30:54.951Z",
        "value": "3.6190075860507247",
        "cumulative": false
    },
    {
        "date": "2021-02-19T15:32:05.746Z",
        "value": "3.53025444135274",
        "cumulative": false
    },
    {
        "date": "2021-02-19T15:33:15.467Z",
        "value": "3.5701416015625",
        "cumulative": false
    },
    {
        "date": "2021-02-19T15:34:25.863Z",
        "value": "3.754260257213492",
        "cumulative": false
    },
    {
        "date": "2021-02-19T15:35:37.208Z",
        "value": "3.5334563656482962",
        "cumulative": false
    },
    {
        "date": "2021-02-19T15:36:45.487Z",
        "value": "3.5579193043164525",
        "cumulative": false
    },
    {
        "date": "2021-02-19T15:37:56.692Z",
        "value": "3.721739426937849",
        "cumulative": false
    },
    {
        "date": "2021-02-19T15:39:06.977Z",
        "value": "3.4768968416167274",
        "cumulative": false
    },
    {
        "date": "2021-02-19T15:40:18.672Z",
        "value": "3.5464203650210084",
        "cumulative": false
    },
    {
        "date": "2021-02-19T15:41:30.046Z",
        "value": "3.670800541177274",
        "cumulative": false
    },
    {
        "date": "2021-02-19T15:42:39.367Z",
        "value": "3.3394498877762433",
        "cumulative": false
    },
    {
        "date": "2021-02-19T15:43:50.711Z",
        "value": "3.7204076257314016",
        "cumulative": false
    },
    {
        "date": "2021-02-19T15:45:01.771Z",
        "value": "3.6933663945694364",
        "cumulative": false
    },
    {
        "date": "2021-02-19T15:46:12.820Z",
        "value": "3.694120557233888",
        "cumulative": false
    },
    {
        "date": "2021-02-19T15:47:21.513Z",
        "value": "3.674921100526642",
        "cumulative": false
    },
    {
        "date": "2021-02-19T15:48:30.985Z",
        "value": "3.558287160911416",
        "cumulative": false
    },
    {
        "date": "2021-02-19T15:49:41.813Z",
        "value": "3.651683703985052",
        "cumulative": false
    },
    {
        "date": "2021-02-19T15:50:50.560Z",
        "value": "3.5778331689413436",
        "cumulative": false
    },
    {
        "date": "2021-02-19T15:51:59.524Z",
        "value": "3.270599685197648",
        "cumulative": false
    },
    {
        "date": "2021-02-19T15:53:09.925Z",
        "value": "3.7287361557147563",
        "cumulative": false
    },
    {
        "date": "2021-02-19T15:54:20.966Z",
        "value": "3.654272700167612",
        "cumulative": false
    },
    {
        "date": "2021-02-19T15:55:31.215Z",
        "value": "3.3262740113838065",
        "cumulative": false
    },
    {
        "date": "2021-02-19T15:56:44.446Z",
        "value": "3.477367504222973",
        "cumulative": false
    },
    {
        "date": "2021-02-19T15:57:55.082Z",
        "value": "3.6021935096153848",
        "cumulative": false
    },
    {
        "date": "2021-02-19T15:59:05.096Z",
        "value": "3.4322918468110126",
        "cumulative": false
    },
    {
        "date": "2021-02-19T16:00:14.609Z",
        "value": "3.8287365513549565",
        "cumulative": false
    },
    {
        "date": "2021-02-19T16:01:26.849Z",
        "value": "3.3917189725783476",
        "cumulative": false
    },
    {
        "date": "2021-02-19T16:02:35.516Z",
        "value": "3.737669767540872",
        "cumulative": false
    },
    {
        "date": "2021-02-19T16:03:46.234Z",
        "value": "3.2829679538750334",
        "cumulative": false
    },
    {
        "date": "2021-02-19T16:04:56.024Z",
        "value": "3.5409316877921317",
        "cumulative": false
    },
    {
        "date": "2021-02-19T16:05:42.485Z",
        "value": "3.445197105407715",
        "cumulative": false
    },
    {
        "date": "2021-02-19T16:05:55.756Z",
        "value": "2.9196874561833988",
        "cumulative": false
    },
    {
        "date": "2021-02-19T16:07:08.842Z",
        "value": "3.303040387876416",
        "cumulative": false
    },
    {
        "date": "2021-02-19T16:08:17.597Z",
        "value": "3.5378897222505437",
        "cumulative": false
    },
    {
        "date": "2021-02-19T16:09:29.067Z",
        "value": "3.3372876594300056",
        "cumulative": false
    },
    {
        "date": "2021-02-19T16:10:40.272Z",
        "value": "3.2877113384314294",
        "cumulative": false
    },
    {
        "date": "2021-02-19T16:11:53.254Z",
        "value": "3.5311334533772163",
        "cumulative": false
    },
    {
        "date": "2021-02-19T16:13:03.937Z",
        "value": "3.531633493810743",
        "cumulative": false
    },
    {
        "date": "2021-02-19T16:14:12.782Z",
        "value": "3.3171699904158065",
        "cumulative": false
    },
    {
        "date": "2021-02-19T16:15:23.796Z",
        "value": "3.461623155493692",
        "cumulative": false
    },
    {
        "date": "2021-02-19T16:16:35.899Z",
        "value": "3.5044454460470087",
        "cumulative": false
    },
    {
        "date": "2021-02-19T16:17:47.384Z",
        "value": "3.535796161963125",
        "cumulative": false
    },
    {
        "date": "2021-02-19T16:18:57.204Z",
        "value": "3.589755533943817",
        "cumulative": false
    },
    {
        "date": "2021-02-19T16:20:04.421Z",
        "value": "3.54460554804722",
        "cumulative": false
    },
    {
        "date": "2021-02-19T16:21:12.100Z",
        "value": "3.2849045641901213",
        "cumulative": false
    },
    {
        "date": "2021-02-19T16:22:21.533Z",
        "value": "3.4135712662863518",
        "cumulative": false
    },
    {
        "date": "2021-02-19T16:23:31.769Z",
        "value": "3.4100570905347016",
        "cumulative": false
    },
    {
        "date": "2021-02-19T16:24:41.648Z",
        "value": "3.4058827896564328",
        "cumulative": false
    },
    {
        "date": "2021-02-19T16:25:50.077Z",
        "value": "3.34096801890642",
        "cumulative": false
    },
    {
        "date": "2021-02-19T16:27:00.135Z",
        "value": "3.3677940571618596",
        "cumulative": false
    },
    {
        "date": "2021-02-19T16:28:10.952Z",
        "value": "3.282597175515169",
        "cumulative": false
    },
    {
        "date": "2021-02-19T16:29:19.801Z",
        "value": "3.789732605597305",
        "cumulative": false
    },
    {
        "date": "2021-02-19T16:30:30.745Z",
        "value": "3.3385003651919867",
        "cumulative": false
    },
    {
        "date": "2021-02-19T16:31:40.109Z",
        "value": "3.3098891260536525",
        "cumulative": false
    },
    {
        "date": "2021-02-19T16:32:50.761Z",
        "value": "3.35170937921159",
        "cumulative": false
    },
    {
        "date": "2021-02-19T16:34:04.390Z",
        "value": "3.411341440536158",
        "cumulative": false
    },
    {
        "date": "2021-02-19T16:35:14.805Z",
        "value": "3.5387997270849723",
        "cumulative": false
    },
    {
        "date": "2021-02-19T16:36:24.273Z",
        "value": "3.45067013035763",
        "cumulative": false
    },
    {
        "date": "2021-02-19T16:37:35.640Z",
        "value": "3.388785190874295",
        "cumulative": false
    },
    {
        "date": "2021-02-19T16:38:45.482Z",
        "value": "3.466232532372126",
        "cumulative": false
    },
    {
        "date": "2021-02-19T16:39:56.564Z",
        "value": "3.253840149536492",
        "cumulative": false
    },
    {
        "date": "2021-02-19T16:41:06.227Z",
        "value": "3.3233153680185237",
        "cumulative": false
    },
    {
        "date": "2021-02-19T16:42:20.395Z",
        "value": "3.4465186874439797",
        "cumulative": false
    },
    {
        "date": "2021-02-19T16:43:31.606Z",
        "value": "3.4506320884358477",
        "cumulative": false
    },
    {
        "date": "2021-02-19T16:44:41.559Z",
        "value": "3.4237160813233376",
        "cumulative": false
    },
    {
        "date": "2021-02-19T16:45:51.917Z",
        "value": "3.2864344336530498",
        "cumulative": false
    },
    {
        "date": "2021-02-19T16:47:01.729Z",
        "value": "3.2920085955605445",
        "cumulative": false
    },
    {
        "date": "2021-02-19T16:48:14.095Z",
        "value": "3.4304371377880343",
        "cumulative": false
    },
    {
        "date": "2021-02-19T16:49:26.087Z",
        "value": "3.314605777138158",
        "cumulative": false
    },
    {
        "date": "2021-02-19T16:50:37.562Z",
        "value": "3.475032213666058",
        "cumulative": false
    },
    {
        "date": "2021-02-19T16:51:48.426Z",
        "value": "3.2232855308219177",
        "cumulative": false
    },
    {
        "date": "2021-02-19T16:52:59.052Z",
        "value": "3.120403908304119",
        "cumulative": false
    },
    {
        "date": "2021-02-19T16:54:08.471Z",
        "value": "3.379156312448319",
        "cumulative": false
    },
    {
        "date": "2021-02-19T16:55:19.878Z",
        "value": "3.433745048415493",
        "cumulative": false
    },
    {
        "date": "2021-02-19T16:56:31.586Z",
        "value": "3.4101930451247453",
        "cumulative": false
    },
    {
        "date": "2021-02-19T16:57:42.633Z",
        "value": "3.2865995498861373",
        "cumulative": false
    },
    {
        "date": "2021-02-19T16:58:53.399Z",
        "value": "3.525551792680508",
        "cumulative": false
    },
    {
        "date": "2021-02-19T17:00:03.742Z",
        "value": "3.445912505500271",
        "cumulative": false
    },
    {
        "date": "2021-02-19T17:01:17.777Z",
        "value": "3.321864662690457",
        "cumulative": false
    },
    {
        "date": "2021-02-19T17:02:27.430Z",
        "value": "3.2947874227311043",
        "cumulative": false
    },
    {
        "date": "2021-02-19T17:03:38.065Z",
        "value": "3.2459289649810708",
        "cumulative": false
    },
    {
        "date": "2021-02-19T17:04:50.609Z",
        "value": "3.3428517517155543",
        "cumulative": false
    },
    {
        "date": "2021-02-19T17:05:58.828Z",
        "value": "3.493677748892224",
        "cumulative": false
    },
    {
        "date": "2021-02-19T17:07:09.341Z",
        "value": "3.316673480512401",
        "cumulative": false
    },
    {
        "date": "2021-02-19T17:08:20.191Z",
        "value": "3.2695469747709605",
        "cumulative": false
    },
    {
        "date": "2021-02-19T17:09:28.709Z",
        "value": "3.451172888557343",
        "cumulative": false
    },
    {
        "date": "2021-02-19T17:10:39.261Z",
        "value": "3.3904660438960854",
        "cumulative": false
    },
    {
        "date": "2021-02-19T17:11:51.853Z",
        "value": "3.5149251392155505",
        "cumulative": false
    },
    {
        "date": "2021-02-19T17:13:01.145Z",
        "value": "3.2481762745859215",
        "cumulative": false
    },
    {
        "date": "2021-02-19T17:14:10.906Z",
        "value": "3.341613372863097",
        "cumulative": false
    },
    {
        "date": "2021-02-19T17:15:21.247Z",
        "value": "3.341299519998548",
        "cumulative": false
    },
    {
        "date": "2021-02-19T17:16:31.026Z",
        "value": "3.1406939807720375",
        "cumulative": false
    },
    {
        "date": "2021-02-19T17:17:41.389Z",
        "value": "3.6158402401604497",
        "cumulative": false
    },
    {
        "date": "2021-02-19T17:18:51.220Z",
        "value": "3.259007771809896",
        "cumulative": false
    },
    {
        "date": "2021-02-19T17:20:01.341Z",
        "value": "3.2985032883933263",
        "cumulative": false
    },
    {
        "date": "2021-02-19T17:21:13.264Z",
        "value": "3.4387543413790915",
        "cumulative": false
    },
    {
        "date": "2021-02-19T17:22:23.420Z",
        "value": "3.280542843840843",
        "cumulative": false
    },
    {
        "date": "2021-02-19T17:23:33.806Z",
        "value": "3.346507276915696",
        "cumulative": false
    },
    {
        "date": "2021-02-19T17:24:43.688Z",
        "value": "3.384705967795485",
        "cumulative": false
    },
    {
        "date": "2021-02-19T17:25:53.988Z",
        "value": "3.236369750771172",
        "cumulative": false
    },
    {
        "date": "2021-02-19T17:27:04.707Z",
        "value": "3.342518222454897",
        "cumulative": false
    },
    {
        "date": "2021-02-19T17:28:19.561Z",
        "value": "3.324697967110573",
        "cumulative": false
    },
    {
        "date": "2021-02-19T17:29:28.461Z",
        "value": "3.4353014737521517",
        "cumulative": false
    },
    {
        "date": "2021-02-19T17:30:39.840Z",
        "value": "3.567901278409091",
        "cumulative": false
    },
    {
        "date": "2021-02-19T17:31:50.636Z",
        "value": "3.317070270966241",
        "cumulative": false
    },
    {
        "date": "2021-02-19T17:33:02.301Z",
        "value": "3.173471270610517",
        "cumulative": false
    },
    {
        "date": "2021-02-19T17:34:14.466Z",
        "value": "3.318501120300204",
        "cumulative": false
    },
    {
        "date": "2021-02-19T17:35:25.868Z",
        "value": "3.3622095352564103",
        "cumulative": false
    },
    {
        "date": "2021-02-19T17:36:38.589Z",
        "value": "3.1554337644659287",
        "cumulative": false
    },
    {
        "date": "2021-02-19T17:37:23.871Z",
        "value": "3.240283250808716",
        "cumulative": false
    },
    {
        "date": "2021-02-19T17:37:46.089Z",
        "value": "2.703278026247062",
        "cumulative": false
    },
    {
        "date": "2021-02-19T17:38:57.742Z",
        "value": "3.146139770645434",
        "cumulative": false
    },
    {
        "date": "2021-02-19T17:40:08.581Z",
        "value": "2.9793451148343375",
        "cumulative": false
    },
    {
        "date": "2021-02-19T17:41:19.797Z",
        "value": "3.378923869771733",
        "cumulative": false
    },
    {
        "date": "2021-02-19T17:42:29.859Z",
        "value": "3.326175269468583",
        "cumulative": false
    },
    {
        "date": "2021-02-19T17:43:40.758Z",
        "value": "3.2627103987068966",
        "cumulative": false
    },
    {
        "date": "2021-02-19T17:44:50.173Z",
        "value": "3.247642253140445",
        "cumulative": false
    },
    {
        "date": "2021-02-19T17:46:00.885Z",
        "value": "3.2623681640625",
        "cumulative": false
    },
    {
        "date": "2021-02-19T17:47:08.963Z",
        "value": "3.2354864468232045",
        "cumulative": false
    },
    {
        "date": "2021-02-19T17:48:22.915Z",
        "value": "3.3304862447136716",
        "cumulative": false
    },
    {
        "date": "2021-02-19T17:49:34.834Z",
        "value": "3.252434183557773",
        "cumulative": false
    },
    {
        "date": "2021-02-19T17:50:45.778Z",
        "value": "3.28054766468776",
        "cumulative": false
    },
    {
        "date": "2021-02-19T17:51:55.724Z",
        "value": "3.439459829090389",
        "cumulative": false
    },
    {
        "date": "2021-02-19T17:53:05.232Z",
        "value": "3.2946153626824817",
        "cumulative": false
    },
    {
        "date": "2021-02-19T17:54:16.545Z",
        "value": "3.175992948514921",
        "cumulative": false
    },
    {
        "date": "2021-02-19T17:55:26.564Z",
        "value": "3.0741239668638154",
        "cumulative": false
    },
    {
        "date": "2021-02-19T17:56:37.360Z",
        "value": "3.109950284090909",
        "cumulative": false
    },
    {
        "date": "2021-02-19T17:57:48.068Z",
        "value": "3.199294714239412",
        "cumulative": false
    },
    {
        "date": "2021-02-19T17:59:00.137Z",
        "value": "3.2092988473001403",
        "cumulative": false
    },
    {
        "date": "2021-02-19T18:00:08.041Z",
        "value": "3.2387576492270256",
        "cumulative": false
    },
    {
        "date": "2021-02-19T18:01:16.519Z",
        "value": "3.158854956047287",
        "cumulative": false
    },
    {
        "date": "2021-02-19T18:02:27.241Z",
        "value": "3.1979158467149453",
        "cumulative": false
    },
    {
        "date": "2021-02-19T18:03:35.144Z",
        "value": "3.270303189385268",
        "cumulative": false
    },
    {
        "date": "2021-02-19T18:04:45.630Z",
        "value": "3.320804853544525",
        "cumulative": false
    },
    {
        "date": "2021-02-19T18:05:57.472Z",
        "value": "3.26498916402988",
        "cumulative": false
    },
    {
        "date": "2021-02-19T18:07:08.611Z",
        "value": "3.198777584771677",
        "cumulative": false
    },
    {
        "date": "2021-02-19T18:08:20.476Z",
        "value": "3.1810078146877627",
        "cumulative": false
    },
    {
        "date": "2021-02-19T18:09:30.679Z",
        "value": "3.2092091181506848",
        "cumulative": false
    },
    {
        "date": "2021-02-19T18:10:39.286Z",
        "value": "3.167001983055865",
        "cumulative": false
    },
    {
        "date": "2021-02-19T18:11:48.430Z",
        "value": "3.3139470213533277",
        "cumulative": false
    },
    {
        "date": "2021-02-19T18:12:59.979Z",
        "value": "3.226852192784863",
        "cumulative": false
    },
    {
        "date": "2021-02-19T18:14:10.787Z",
        "value": "3.4048680768461743",
        "cumulative": false
    },
    {
        "date": "2021-02-19T18:15:19.573Z",
        "value": "3.3302332003429176",
        "cumulative": false
    },
    {
        "date": "2021-02-19T18:16:29.188Z",
        "value": "3.221929881198347",
        "cumulative": false
    },
    {
        "date": "2021-02-19T18:17:38.546Z",
        "value": "3.2006786193029493",
        "cumulative": false
    },
    {
        "date": "2021-02-19T18:18:50.340Z",
        "value": "3.154556764270177",
        "cumulative": false
    },
    {
        "date": "2021-02-19T18:20:01.810Z",
        "value": "3.062717072007231",
        "cumulative": false
    },
    {
        "date": "2021-02-19T18:21:10.928Z",
        "value": "3.272158507711151",
        "cumulative": false
    },
    {
        "date": "2021-02-19T18:22:21.095Z",
        "value": "3.2913811804845308",
        "cumulative": false
    },
    {
        "date": "2021-02-19T18:23:32.707Z",
        "value": "3.1205825293624163",
        "cumulative": false
    },
    {
        "date": "2021-02-19T18:24:42.698Z",
        "value": "3.153963386537894",
        "cumulative": false
    },
    {
        "date": "2021-02-19T18:25:52.900Z",
        "value": "3.260045599708505",
        "cumulative": false
    },
    {
        "date": "2021-02-19T18:27:03.039Z",
        "value": "3.1609301744637075",
        "cumulative": false
    },
    {
        "date": "2021-02-19T18:28:15.310Z",
        "value": "3.0799186223979182",
        "cumulative": false
    },
    {
        "date": "2021-02-19T18:29:26.866Z",
        "value": "3.2094548212005107",
        "cumulative": false
    },
    {
        "date": "2021-02-19T18:30:38.424Z",
        "value": "3.270555036067326",
        "cumulative": false
    },
    {
        "date": "2021-02-19T18:31:48.468Z",
        "value": "3.4313459259067",
        "cumulative": false
    },
    {
        "date": "2021-02-19T18:33:04.003Z",
        "value": "3.2199783446618038",
        "cumulative": false
    },
    {
        "date": "2021-02-19T18:34:13.679Z",
        "value": "3.2899410185053886",
        "cumulative": false
    },
    {
        "date": "2021-02-19T18:35:26.249Z",
        "value": "3.181951550971907",
        "cumulative": false
    },
    {
        "date": "2021-02-19T18:36:35.493Z",
        "value": "3.418763145488831",
        "cumulative": false
    },
    {
        "date": "2021-02-19T18:37:45.500Z",
        "value": "3.4624519663576954",
        "cumulative": false
    },
    {
        "date": "2021-02-19T18:38:55.877Z",
        "value": "3.3530742285346506",
        "cumulative": false
    },
    {
        "date": "2021-02-19T18:40:06.567Z",
        "value": "3.394064174576212",
        "cumulative": false
    },
    {
        "date": "2021-02-19T18:41:15.651Z",
        "value": "3.4194886611646407",
        "cumulative": false
    },
    {
        "date": "2021-02-19T18:42:24.952Z",
        "value": "3.4097013588596137",
        "cumulative": false
    },
    {
        "date": "2021-02-19T18:43:35.122Z",
        "value": "3.1624375092922987",
        "cumulative": false
    },
    {
        "date": "2021-02-19T18:44:46.409Z",
        "value": "3.230901492150474",
        "cumulative": false
    },
    {
        "date": "2021-02-19T18:45:54.189Z",
        "value": "3.0079558750368514",
        "cumulative": false
    },
    {
        "date": "2021-02-19T18:47:03.682Z",
        "value": "3.1223204237772104",
        "cumulative": false
    },
    {
        "date": "2021-02-19T18:48:15.118Z",
        "value": "3.2807636881554183",
        "cumulative": false
    },
    {
        "date": "2021-02-19T18:49:25.127Z",
        "value": "3.206802520708369",
        "cumulative": false
    },
    {
        "date": "2021-02-19T18:50:36.559Z",
        "value": "3.203197388548951",
        "cumulative": false
    },
    {
        "date": "2021-02-19T18:51:48.543Z",
        "value": "3.308410592497869",
        "cumulative": false
    },
    {
        "date": "2021-02-19T18:52:55.630Z",
        "value": "3.329826628090394",
        "cumulative": false
    },
    {
        "date": "2021-02-19T18:54:05.342Z",
        "value": "3.242967373441312",
        "cumulative": false
    },
    {
        "date": "2021-02-19T18:55:14.340Z",
        "value": "3.107593052531301",
        "cumulative": false
    },
    {
        "date": "2021-02-19T18:56:29.055Z",
        "value": "3.1494319004736915",
        "cumulative": false
    },
    {
        "date": "2021-02-19T18:57:39.742Z",
        "value": "3.1866890876809615",
        "cumulative": false
    },
    {
        "date": "2021-02-19T18:58:47.279Z",
        "value": "2.988783769296741",
        "cumulative": false
    },
    {
        "date": "2021-02-19T19:00:01.905Z",
        "value": "3.2509089585376962",
        "cumulative": false
    },
    {
        "date": "2021-02-19T19:01:11.147Z",
        "value": "3.1015478950963473",
        "cumulative": false
    },
    {
        "date": "2021-02-19T19:02:19.463Z",
        "value": "3.276519718741713",
        "cumulative": false
    },
    {
        "date": "2021-02-19T19:03:29.529Z",
        "value": "3.3700207982224626",
        "cumulative": false
    },
    {
        "date": "2021-02-19T19:04:37.859Z",
        "value": "3.0590536676296063",
        "cumulative": false
    },
    {
        "date": "2021-02-19T19:05:48.135Z",
        "value": "3.225056751761723",
        "cumulative": false
    },
    {
        "date": "2021-02-19T19:06:59.356Z",
        "value": "3.1870629478372337",
        "cumulative": false
    },
    {
        "date": "2021-02-19T19:08:11.868Z",
        "value": "3.158506120954241",
        "cumulative": false
    },
    {
        "date": "2021-02-19T19:08:58.558Z",
        "value": "3.151982307434082",
        "cumulative": false
    },
    {
        "date": "2021-02-19T19:09:20.569Z",
        "value": "2.6505646683426023",
        "cumulative": false
    },
    {
        "date": "2021-02-19T19:10:31.764Z",
        "value": "3.2018465183814144",
        "cumulative": false
    },
    {
        "date": "2021-02-19T19:11:42.946Z",
        "value": "3.1552975326560233",
        "cumulative": false
    },
    {
        "date": "2021-02-19T19:12:52.170Z",
        "value": "3.2315947194343067",
        "cumulative": false
    },
    {
        "date": "2021-02-19T19:14:01.796Z",
        "value": "3.310420627376426",
        "cumulative": false
    },
    {
        "date": "2021-02-19T19:15:12.960Z",
        "value": "3.3511250364975345",
        "cumulative": false
    },
    {
        "date": "2021-02-19T19:16:23.522Z",
        "value": "3.242111425241713",
        "cumulative": false
    },
    {
        "date": "2021-02-19T19:17:35.196Z",
        "value": "3.1452681906068216",
        "cumulative": false
    },
    {
        "date": "2021-02-19T19:18:45.210Z",
        "value": "3.1382110764800233",
        "cumulative": false
    },
    {
        "date": "2021-02-19T19:19:53.510Z",
        "value": "3.2253225885476056",
        "cumulative": false
    },
    {
        "date": "2021-02-19T19:21:03.448Z",
        "value": "3.1971938755855525",
        "cumulative": false
    },
    {
        "date": "2021-02-19T19:22:15.830Z",
        "value": "3.282065825591216",
        "cumulative": false
    },
    {
        "date": "2021-02-19T19:23:27.744Z",
        "value": "3.2203480356532146",
        "cumulative": false
    },
    {
        "date": "2021-02-19T19:24:38.716Z",
        "value": "3.168408986463904",
        "cumulative": false
    },
    {
        "date": "2021-02-19T19:25:47.417Z",
        "value": "3.269002155172414",
        "cumulative": false
    },
    {
        "date": "2021-02-19T19:26:59.576Z",
        "value": "3.0673874266085326",
        "cumulative": false
    },
    {
        "date": "2021-02-19T19:28:09.630Z",
        "value": "3.04316528254006",
        "cumulative": false
    },
    {
        "date": "2021-02-19T19:29:18.182Z",
        "value": "3.203878719104819",
        "cumulative": false
    },
    {
        "date": "2021-02-19T19:30:29.018Z",
        "value": "2.887380020769605",
        "cumulative": false
    },
    {
        "date": "2021-02-19T19:31:40.379Z",
        "value": "3.0828088678148773",
        "cumulative": false
    },
    {
        "date": "2021-02-19T19:32:48.458Z",
        "value": "3.1457684314106187",
        "cumulative": false
    },
    {
        "date": "2021-02-19T19:33:58.221Z",
        "value": "3.171322250255028",
        "cumulative": false
    },
    {
        "date": "2021-02-19T19:35:08.763Z",
        "value": "2.9930438659991627",
        "cumulative": false
    },
    {
        "date": "2021-02-19T19:36:20.549Z",
        "value": "3.0574786895056936",
        "cumulative": false
    },
    {
        "date": "2021-02-19T19:37:34.146Z",
        "value": "3.2700234054377564",
        "cumulative": false
    },
    {
        "date": "2021-02-19T19:38:43.638Z",
        "value": "3.018765517979452",
        "cumulative": false
    },
    {
        "date": "2021-02-19T19:39:52.030Z",
        "value": "2.991966401418392",
        "cumulative": false
    },
    {
        "date": "2021-02-19T19:41:04.741Z",
        "value": "3.1903686209309057",
        "cumulative": false
    },
    {
        "date": "2021-02-19T19:42:14.664Z",
        "value": "3.25891621335419",
        "cumulative": false
    },
    {
        "date": "2021-02-19T19:43:26.438Z",
        "value": "2.9866708696157938",
        "cumulative": false
    },
    {
        "date": "2021-02-19T19:44:37.127Z",
        "value": "3.009488917849749",
        "cumulative": false
    },
    {
        "date": "2021-02-19T19:45:47.057Z",
        "value": "3.08056626573741",
        "cumulative": false
    },
    {
        "date": "2021-02-19T19:46:55.353Z",
        "value": "3.191055661944143",
        "cumulative": false
    },
    {
        "date": "2021-02-19T19:48:05.133Z",
        "value": "3.077862547210443",
        "cumulative": false
    },
    {
        "date": "2021-02-19T19:49:15.668Z",
        "value": "3.066359720166763",
        "cumulative": false
    },
    {
        "date": "2021-02-19T19:50:25.966Z",
        "value": "3.050430341926632",
        "cumulative": false
    },
    {
        "date": "2021-02-19T19:51:37.655Z",
        "value": "3.0392268639675697",
        "cumulative": false
    },
    {
        "date": "2021-02-19T19:52:49.723Z",
        "value": "3.117973862105466",
        "cumulative": false
    },
    {
        "date": "2021-02-19T19:54:00.378Z",
        "value": "3.08911281895173",
        "cumulative": false
    },
    {
        "date": "2021-02-19T19:55:10.340Z",
        "value": "3.128963917048092",
        "cumulative": false
    },
    {
        "date": "2021-02-19T19:56:21.313Z",
        "value": "2.934707181243143",
        "cumulative": false
    },
    {
        "date": "2021-02-19T19:57:33.115Z",
        "value": "3.355349012241242",
        "cumulative": false
    },
    {
        "date": "2021-02-19T19:58:43.655Z",
        "value": "3.189843424298221",
        "cumulative": false
    },
    {
        "date": "2021-02-19T19:59:52.417Z",
        "value": "3.09456384452412",
        "cumulative": false
    },
    {
        "date": "2021-02-19T20:01:04.456Z",
        "value": "3.0022153792842743",
        "cumulative": false
    },
    {
        "date": "2021-02-19T20:02:16.270Z",
        "value": "3.142302092742496",
        "cumulative": false
    },
    {
        "date": "2021-02-19T20:03:24.860Z",
        "value": "3.031003256596482",
        "cumulative": false
    },
    {
        "date": "2021-02-19T20:04:35.237Z",
        "value": "3.155200923102981",
        "cumulative": false
    },
    {
        "date": "2021-02-19T20:05:45.872Z",
        "value": "3.1791131118593956",
        "cumulative": false
    },
    {
        "date": "2021-02-19T20:06:54.412Z",
        "value": "3.2696041925110997",
        "cumulative": false
    },
    {
        "date": "2021-02-19T20:08:03.114Z",
        "value": "3.001897298533233",
        "cumulative": false
    },
    {
        "date": "2021-02-19T20:09:13.823Z",
        "value": "3.176380414791051",
        "cumulative": false
    },
    {
        "date": "2021-02-19T20:10:22.006Z",
        "value": "3.441249137421136",
        "cumulative": false
    },
    {
        "date": "2021-02-19T20:11:31.428Z",
        "value": "3.085920747375037",
        "cumulative": false
    },
    {
        "date": "2021-02-19T20:12:40.606Z",
        "value": "3.19391613631784",
        "cumulative": false
    },
    {
        "date": "2021-02-19T20:13:51.435Z",
        "value": "3.0407368296451356",
        "cumulative": false
    },
    {
        "date": "2021-02-19T20:15:00.979Z",
        "value": "3.0919674236280077",
        "cumulative": false
    },
    {
        "date": "2021-02-19T20:16:10.157Z",
        "value": "3.1229748645698576",
        "cumulative": false
    },
    {
        "date": "2021-02-19T20:17:20.521Z",
        "value": "3.079206726673255",
        "cumulative": false
    },
    {
        "date": "2021-02-19T20:18:31.141Z",
        "value": "2.9275094831253545",
        "cumulative": false
    },
    {
        "date": "2021-02-19T20:19:41.976Z",
        "value": "2.924122946453121",
        "cumulative": false
    },
    {
        "date": "2021-02-19T20:20:55.517Z",
        "value": "2.9205732067921866",
        "cumulative": false
    },
    {
        "date": "2021-02-19T20:22:05.123Z",
        "value": "2.9005743117559524",
        "cumulative": false
    },
    {
        "date": "2021-02-19T20:23:16.249Z",
        "value": "3.0645743667809673",
        "cumulative": false
    },
    {
        "date": "2021-02-19T20:24:27.022Z",
        "value": "3.183795901172969",
        "cumulative": false
    },
    {
        "date": "2021-02-19T20:25:36.543Z",
        "value": "3.0162281303071046",
        "cumulative": false
    },
    {
        "date": "2021-02-19T20:26:46.626Z",
        "value": "3.1158345170454544",
        "cumulative": false
    },
    {
        "date": "2021-02-19T20:27:58.454Z",
        "value": "3.23675370424172",
        "cumulative": false
    },
    {
        "date": "2021-02-19T20:29:08.897Z",
        "value": "3.03913670859217",
        "cumulative": false
    },
    {
        "date": "2021-02-19T20:30:18.111Z",
        "value": "3.152771226415094",
        "cumulative": false
    },
    {
        "date": "2021-02-19T20:31:30.391Z",
        "value": "3.0455845521502374",
        "cumulative": false
    },
    {
        "date": "2021-02-19T20:32:43.970Z",
        "value": "3.038559917625523",
        "cumulative": false
    },
    {
        "date": "2021-02-19T20:33:55.257Z",
        "value": "3.0414206496406204",
        "cumulative": false
    },
    {
        "date": "2021-02-19T20:35:06.459Z",
        "value": "3.1434688178206387",
        "cumulative": false
    },
    {
        "date": "2021-02-19T20:36:17.470Z",
        "value": "3.039844022402371",
        "cumulative": false
    },
    {
        "date": "2021-02-19T20:37:26.878Z",
        "value": "3.2252704411044233",
        "cumulative": false
    },
    {
        "date": "2021-02-19T20:38:37.750Z",
        "value": "2.841840289837455",
        "cumulative": false
    },
    {
        "date": "2021-02-19T20:39:47.842Z",
        "value": "3.2169125892731496",
        "cumulative": false
    },
    {
        "date": "2021-02-19T20:40:33.651Z",
        "value": "3.05441951751709",
        "cumulative": false
    },
    {
        "date": "2021-02-19T20:40:55.607Z",
        "value": "2.7136405960954018",
        "cumulative": false
    },
    {
        "date": "2021-02-19T20:42:07.597Z",
        "value": "2.8988505927843415",
        "cumulative": false
    },
    {
        "date": "2021-02-19T20:43:20.437Z",
        "value": "3.0452881547870843",
        "cumulative": false
    },
    {
        "date": "2021-02-19T20:44:30.006Z",
        "value": "2.9080460977413285",
        "cumulative": false
    },
    {
        "date": "2021-02-19T20:45:40.395Z",
        "value": "2.98858391218981",
        "cumulative": false
    },
    {
        "date": "2021-02-19T20:46:49.920Z",
        "value": "3.0422511654005526",
        "cumulative": false
    },
    {
        "date": "2021-02-19T20:48:00.333Z",
        "value": "2.9611466189736766",
        "cumulative": false
    },
    {
        "date": "2021-02-19T20:49:12.729Z",
        "value": "2.8417014823054636",
        "cumulative": false
    },
    {
        "date": "2021-02-19T20:50:23.647Z",
        "value": "3.054749872644976",
        "cumulative": false
    },
    {
        "date": "2021-02-19T20:51:35.370Z",
        "value": "2.9832128292427416",
        "cumulative": false
    },
    {
        "date": "2021-02-19T20:52:46.081Z",
        "value": "3.0113546934394515",
        "cumulative": false
    },
    {
        "date": "2021-02-19T20:53:54.298Z",
        "value": "2.940852253686327",
        "cumulative": false
    },
    {
        "date": "2021-02-19T20:55:05.575Z",
        "value": "3.183089901147075",
        "cumulative": false
    },
    {
        "date": "2021-02-19T20:56:14.817Z",
        "value": "3.0116578034288826",
        "cumulative": false
    },
    {
        "date": "2021-02-19T20:57:26.415Z",
        "value": "2.965664617452644",
        "cumulative": false
    },
    {
        "date": "2021-02-19T20:58:38.834Z",
        "value": "2.909274552094362",
        "cumulative": false
    },
    {
        "date": "2021-02-19T20:59:46.326Z",
        "value": "3.1389753198212085",
        "cumulative": false
    },
    {
        "date": "2021-02-19T21:00:56.192Z",
        "value": "2.904990403071017",
        "cumulative": false
    },
    {
        "date": "2021-02-19T21:02:05.617Z",
        "value": "2.9987454116005403",
        "cumulative": false
    },
    {
        "date": "2021-02-19T21:03:13.926Z",
        "value": "3.0463350936876603",
        "cumulative": false
    },
    {
        "date": "2021-02-19T21:04:24.478Z",
        "value": "3.1801834478207907",
        "cumulative": false
    },
    {
        "date": "2021-02-19T21:05:34.937Z",
        "value": "3.023610660443291",
        "cumulative": false
    },
    {
        "date": "2021-02-19T21:06:44.131Z",
        "value": "2.9532909894437",
        "cumulative": false
    },
    {
        "date": "2021-02-19T21:07:57.011Z",
        "value": "3.258748693313163",
        "cumulative": false
    }
]