[
    {
        "date": "2021-02-19T16:05:50.130Z",
        "value": "49.20954132080078",
        "cumulative": false
    },
    {
        "date": "2021-02-19T17:37:42.947Z",
        "value": "49.136723279953",
        "cumulative": false
    },
    {
        "date": "2021-02-19T19:09:17.318Z",
        "value": "49.09552979469299",
        "cumulative": false
    },
    {
        "date": "2021-02-19T20:40:52.702Z",
        "value": "49.134546756744385",
        "cumulative": false
    },
    {
        "date": "2021-02-19T21:08:46.637Z",
        "value": "14.731476783752441",
        "cumulative": false
    }
]