[
    {
        "date": "2021-02-19T16:05:50.017Z",
        "value": "45.40096616744995",
        "cumulative": false
    },
    {
        "date": "2021-02-19T17:37:42.666Z",
        "value": "44.26011776924133",
        "cumulative": false
    },
    {
        "date": "2021-02-19T19:09:17.444Z",
        "value": "43.96502900123596",
        "cumulative": false
    },
    {
        "date": "2021-02-19T20:40:52.547Z",
        "value": "44.04383039474487",
        "cumulative": false
    },
    {
        "date": "2021-02-19T21:08:46.068Z",
        "value": "13.07416033744812",
        "cumulative": false
    }
]