[
    {
        "date": "2021-02-19T16:05:49.935Z",
        "value": "49.087788581848145",
        "cumulative": false
    },
    {
        "date": "2021-02-19T17:37:42.183Z",
        "value": "49.103659868240356",
        "cumulative": false
    },
    {
        "date": "2021-02-19T19:09:16.877Z",
        "value": "49.01645755767822",
        "cumulative": false
    },
    {
        "date": "2021-02-19T20:40:52.067Z",
        "value": "49.023098945617676",
        "cumulative": false
    },
    {
        "date": "2021-02-19T21:08:45.684Z",
        "value": "14.700363874435425",
        "cumulative": false
    }
]