[
    {
        "date": "2021-02-19T16:05:50.017Z",
        "value": "279.8124158382416",
        "cumulative": false
    },
    {
        "date": "2021-02-19T17:37:42.666Z",
        "value": "278.914822101593",
        "cumulative": false
    },
    {
        "date": "2021-02-19T19:09:17.444Z",
        "value": "279.36821126937866",
        "cumulative": false
    },
    {
        "date": "2021-02-19T20:40:52.547Z",
        "value": "279.0954945087433",
        "cumulative": false
    },
    {
        "date": "2021-02-19T21:08:46.068Z",
        "value": "83.91876149177551",
        "cumulative": false
    }
]