[
    {
        "date": "2021-02-19T16:05:50.017Z",
        "value": "2.866034507751465",
        "cumulative": false
    },
    {
        "date": "2021-02-19T17:37:42.666Z",
        "value": "3.323686361312866",
        "cumulative": false
    },
    {
        "date": "2021-02-19T19:09:17.444Z",
        "value": "3.083937168121338",
        "cumulative": false
    },
    {
        "date": "2021-02-19T20:40:52.547Z",
        "value": "3.1112990379333496",
        "cumulative": false
    },
    {
        "date": "2021-02-19T21:08:46.068Z",
        "value": "0.8973453044891357",
        "cumulative": false
    }
]