[
    {
        "date": "2021-02-19T14:34:14.987Z",
        "value": "9.105356419157035",
        "cumulative": false
    },
    {
        "date": "2021-02-19T14:35:28.635Z",
        "value": "9.07147319747741",
        "cumulative": false
    },
    {
        "date": "2021-02-19T14:36:40.125Z",
        "value": "8.444982215447155",
        "cumulative": false
    },
    {
        "date": "2021-02-19T14:37:49.057Z",
        "value": "8.023536061405768",
        "cumulative": false
    },
    {
        "date": "2021-02-19T14:38:59.311Z",
        "value": "7.926390334858001",
        "cumulative": false
    },
    {
        "date": "2021-02-19T14:40:11.622Z",
        "value": "7.812635927990209",
        "cumulative": false
    },
    {
        "date": "2021-02-19T14:41:22.098Z",
        "value": "7.584163654766588",
        "cumulative": false
    },
    {
        "date": "2021-02-19T14:42:31.092Z",
        "value": "7.424504380419076",
        "cumulative": false
    },
    {
        "date": "2021-02-19T14:43:40.425Z",
        "value": "6.8942795448313685",
        "cumulative": false
    },
    {
        "date": "2021-02-19T14:44:50.763Z",
        "value": "6.463693264604228",
        "cumulative": false
    },
    {
        "date": "2021-02-19T14:46:04.617Z",
        "value": "6.192864116491297",
        "cumulative": false
    },
    {
        "date": "2021-02-19T14:47:16.081Z",
        "value": "5.779075804776739",
        "cumulative": false
    },
    {
        "date": "2021-02-19T14:48:27.010Z",
        "value": "5.614706282999754",
        "cumulative": false
    },
    {
        "date": "2021-02-19T14:49:40.210Z",
        "value": "5.256239322980793",
        "cumulative": false
    },
    {
        "date": "2021-02-19T14:50:50.305Z",
        "value": "5.165003232338017",
        "cumulative": false
    },
    {
        "date": "2021-02-19T14:52:02.843Z",
        "value": "4.8477399636910095",
        "cumulative": false
    },
    {
        "date": "2021-02-19T14:53:10.154Z",
        "value": "4.711347634692329",
        "cumulative": false
    },
    {
        "date": "2021-02-19T14:54:21.901Z",
        "value": "4.433302739971347",
        "cumulative": false
    },
    {
        "date": "2021-02-19T14:55:32.312Z",
        "value": "4.5302216480826765",
        "cumulative": false
    },
    {
        "date": "2021-02-19T14:56:43.803Z",
        "value": "4.37969659556696",
        "cumulative": false
    },
    {
        "date": "2021-02-19T14:57:52.666Z",
        "value": "4.246114381602113",
        "cumulative": false
    },
    {
        "date": "2021-02-19T14:59:06.524Z",
        "value": "4.297753539318304",
        "cumulative": false
    },
    {
        "date": "2021-02-19T15:00:15.877Z",
        "value": "3.981576308088442",
        "cumulative": false
    },
    {
        "date": "2021-02-19T15:01:26.499Z",
        "value": "4.208943452380953",
        "cumulative": false
    },
    {
        "date": "2021-02-19T15:02:41.643Z",
        "value": "4.131062720919023",
        "cumulative": false
    },
    {
        "date": "2021-02-19T15:03:50.273Z",
        "value": "4.178699114709443",
        "cumulative": false
    },
    {
        "date": "2021-02-19T15:05:01.668Z",
        "value": "3.8476245848944144",
        "cumulative": false
    },
    {
        "date": "2021-02-19T15:06:11.995Z",
        "value": "3.8034484004105713",
        "cumulative": false
    },
    {
        "date": "2021-02-19T15:07:20.402Z",
        "value": "4.004818668314343",
        "cumulative": false
    },
    {
        "date": "2021-02-19T15:08:31.002Z",
        "value": "3.816876544013848",
        "cumulative": false
    },
    {
        "date": "2021-02-19T15:09:42.904Z",
        "value": "3.7562058285081745",
        "cumulative": false
    },
    {
        "date": "2021-02-19T15:10:53.099Z",
        "value": "3.9062949647724268",
        "cumulative": false
    },
    {
        "date": "2021-02-19T15:12:01.134Z",
        "value": "3.903899414869799",
        "cumulative": false
    },
    {
        "date": "2021-02-19T15:13:12.420Z",
        "value": "3.816269860024329",
        "cumulative": false
    },
    {
        "date": "2021-02-19T15:14:21.476Z",
        "value": "3.9344578288612566",
        "cumulative": false
    },
    {
        "date": "2021-02-19T15:15:32.278Z",
        "value": "3.8830005234838847",
        "cumulative": false
    },
    {
        "date": "2021-02-19T15:16:43.352Z",
        "value": "3.7971178459914876",
        "cumulative": false
    },
    {
        "date": "2021-02-19T15:17:53.944Z",
        "value": "3.6718315489432705",
        "cumulative": false
    },
    {
        "date": "2021-02-19T15:19:04.035Z",
        "value": "3.5385029084240576",
        "cumulative": false
    },
    {
        "date": "2021-02-19T15:20:13.726Z",
        "value": "3.786988593514329",
        "cumulative": false
    },
    {
        "date": "2021-02-19T15:21:25.161Z",
        "value": "3.8966936769738663",
        "cumulative": false
    },
    {
        "date": "2021-02-19T15:22:36.929Z",
        "value": "3.80771977427728",
        "cumulative": false
    },
    {
        "date": "2021-02-19T15:23:48.285Z",
        "value": "3.6387327340594346",
        "cumulative": false
    },
    {
        "date": "2021-02-19T15:24:58.497Z",
        "value": "3.6988606416621326",
        "cumulative": false
    },
    {
        "date": "2021-02-19T15:26:08.939Z",
        "value": "3.7515779030304035",
        "cumulative": false
    },
    {
        "date": "2021-02-19T15:27:21.330Z",
        "value": "3.74657951228618",
        "cumulative": false
    },
    {
        "date": "2021-02-19T15:28:33.334Z",
        "value": "3.8156015127112775",
        "cumulative": false
    },
    {
        "date": "2021-02-19T15:29:45.041Z",
        "value": "3.527043095341435",
        "cumulative": false
    },
    {
        "date": "2021-02-19T15:30:54.940Z",
        "value": "3.768252502800336",
        "cumulative": false
    },
    {
        "date": "2021-02-19T15:32:05.752Z",
        "value": "3.6215791023993145",
        "cumulative": false
    },
    {
        "date": "2021-02-19T15:33:15.468Z",
        "value": "3.655339591733871",
        "cumulative": false
    },
    {
        "date": "2021-02-19T15:34:25.864Z",
        "value": "3.577963803702657",
        "cumulative": false
    },
    {
        "date": "2021-02-19T15:35:37.213Z",
        "value": "3.5352554581086832",
        "cumulative": false
    },
    {
        "date": "2021-02-19T15:36:45.517Z",
        "value": "3.5302650188577585",
        "cumulative": false
    },
    {
        "date": "2021-02-19T15:37:56.697Z",
        "value": "3.5474600699264296",
        "cumulative": false
    },
    {
        "date": "2021-02-19T15:39:06.986Z",
        "value": "3.6324301362889395",
        "cumulative": false
    },
    {
        "date": "2021-02-19T15:40:18.673Z",
        "value": "3.549778582207531",
        "cumulative": false
    },
    {
        "date": "2021-02-19T15:41:30.257Z",
        "value": "3.627468707997312",
        "cumulative": false
    },
    {
        "date": "2021-02-19T15:42:39.342Z",
        "value": "3.5163402582865544",
        "cumulative": false
    },
    {
        "date": "2021-02-19T15:43:50.729Z",
        "value": "3.656158994175627",
        "cumulative": false
    },
    {
        "date": "2021-02-19T15:45:01.782Z",
        "value": "3.638285485817244",
        "cumulative": false
    },
    {
        "date": "2021-02-19T15:46:12.801Z",
        "value": "3.484992792421746",
        "cumulative": false
    },
    {
        "date": "2021-02-19T15:47:21.522Z",
        "value": "3.6341763288170923",
        "cumulative": false
    },
    {
        "date": "2021-02-19T15:48:30.926Z",
        "value": "3.603713144420904",
        "cumulative": false
    },
    {
        "date": "2021-02-19T15:49:41.792Z",
        "value": "3.6010987161807195",
        "cumulative": false
    },
    {
        "date": "2021-02-19T15:50:50.570Z",
        "value": "3.6057005857137745",
        "cumulative": false
    },
    {
        "date": "2021-02-19T15:51:59.492Z",
        "value": "3.501945147447183",
        "cumulative": false
    },
    {
        "date": "2021-02-19T15:53:09.927Z",
        "value": "3.5195539293613494",
        "cumulative": false
    },
    {
        "date": "2021-02-19T15:54:20.959Z",
        "value": "3.5061650084178004",
        "cumulative": false
    },
    {
        "date": "2021-02-19T15:55:31.208Z",
        "value": "3.4905672403807415",
        "cumulative": false
    },
    {
        "date": "2021-02-19T15:56:44.449Z",
        "value": "3.588972841344837",
        "cumulative": false
    },
    {
        "date": "2021-02-19T15:57:55.087Z",
        "value": "3.437235698441035",
        "cumulative": false
    },
    {
        "date": "2021-02-19T15:59:05.070Z",
        "value": "3.2771352767390356",
        "cumulative": false
    },
    {
        "date": "2021-02-19T16:00:14.613Z",
        "value": "3.2140398345421577",
        "cumulative": false
    },
    {
        "date": "2021-02-19T16:01:26.834Z",
        "value": "3.6377910936689153",
        "cumulative": false
    },
    {
        "date": "2021-02-19T16:02:35.519Z",
        "value": "3.5400279981285405",
        "cumulative": false
    },
    {
        "date": "2021-02-19T16:03:46.238Z",
        "value": "3.5638907184562805",
        "cumulative": false
    },
    {
        "date": "2021-02-19T16:04:56.029Z",
        "value": "3.560642301181625",
        "cumulative": false
    },
    {
        "date": "2021-02-19T16:05:42.488Z",
        "value": "3.445197105407715",
        "cumulative": false
    },
    {
        "date": "2021-02-19T16:05:55.959Z",
        "value": "3.0931877284993035",
        "cumulative": false
    },
    {
        "date": "2021-02-19T16:07:08.856Z",
        "value": "3.4634344638922276",
        "cumulative": false
    },
    {
        "date": "2021-02-19T16:08:17.602Z",
        "value": "3.374844336557898",
        "cumulative": false
    },
    {
        "date": "2021-02-19T16:09:28.877Z",
        "value": "3.421395596590909",
        "cumulative": false
    },
    {
        "date": "2021-02-19T16:10:40.248Z",
        "value": "3.5288205744785985",
        "cumulative": false
    },
    {
        "date": "2021-02-19T16:11:53.243Z",
        "value": "3.450989910070742",
        "cumulative": false
    },
    {
        "date": "2021-02-19T16:13:03.953Z",
        "value": "3.644599746919014",
        "cumulative": false
    },
    {
        "date": "2021-02-19T16:14:12.771Z",
        "value": "3.4051299180478147",
        "cumulative": false
    },
    {
        "date": "2021-02-19T16:15:23.802Z",
        "value": "3.360922708506081",
        "cumulative": false
    },
    {
        "date": "2021-02-19T16:16:35.904Z",
        "value": "3.3660597200920246",
        "cumulative": false
    },
    {
        "date": "2021-02-19T16:17:47.388Z",
        "value": "3.337569426434993",
        "cumulative": false
    },
    {
        "date": "2021-02-19T16:18:57.210Z",
        "value": "3.4904953505007152",
        "cumulative": false
    },
    {
        "date": "2021-02-19T16:20:04.434Z",
        "value": "3.289558567700783",
        "cumulative": false
    },
    {
        "date": "2021-02-19T16:21:12.105Z",
        "value": "3.625135455215186",
        "cumulative": false
    },
    {
        "date": "2021-02-19T16:22:21.527Z",
        "value": "3.5631281588596724",
        "cumulative": false
    },
    {
        "date": "2021-02-19T16:23:31.739Z",
        "value": "3.303480128107172",
        "cumulative": false
    },
    {
        "date": "2021-02-19T16:24:41.621Z",
        "value": "3.276258155257186",
        "cumulative": false
    },
    {
        "date": "2021-02-19T16:25:50.079Z",
        "value": "3.292397116924255",
        "cumulative": false
    },
    {
        "date": "2021-02-19T16:27:00.146Z",
        "value": "3.154940133741781",
        "cumulative": false
    },
    {
        "date": "2021-02-19T16:28:10.973Z",
        "value": "3.4129102873322146",
        "cumulative": false
    },
    {
        "date": "2021-02-19T16:29:19.808Z",
        "value": "3.3752057932154833",
        "cumulative": false
    },
    {
        "date": "2021-02-19T16:30:30.740Z",
        "value": "3.377926923383102",
        "cumulative": false
    },
    {
        "date": "2021-02-19T16:31:40.126Z",
        "value": "3.3459526020321038",
        "cumulative": false
    },
    {
        "date": "2021-02-19T16:32:50.764Z",
        "value": "3.2905556603252872",
        "cumulative": false
    },
    {
        "date": "2021-02-19T16:34:04.383Z",
        "value": "3.4784575216634823",
        "cumulative": false
    },
    {
        "date": "2021-02-19T16:35:14.810Z",
        "value": "3.440832660117006",
        "cumulative": false
    },
    {
        "date": "2021-02-19T16:36:24.281Z",
        "value": "3.393697920249725",
        "cumulative": false
    },
    {
        "date": "2021-02-19T16:37:35.647Z",
        "value": "3.219665477761982",
        "cumulative": false
    },
    {
        "date": "2021-02-19T16:38:45.471Z",
        "value": "3.3107922762478483",
        "cumulative": false
    },
    {
        "date": "2021-02-19T16:39:56.536Z",
        "value": "3.5099717042903467",
        "cumulative": false
    },
    {
        "date": "2021-02-19T16:41:06.219Z",
        "value": "3.496589947943907",
        "cumulative": false
    },
    {
        "date": "2021-02-19T16:42:20.400Z",
        "value": "3.3816499009186787",
        "cumulative": false
    },
    {
        "date": "2021-02-19T16:43:31.608Z",
        "value": "3.3493835706751054",
        "cumulative": false
    },
    {
        "date": "2021-02-19T16:44:41.548Z",
        "value": "3.4775873396359485",
        "cumulative": false
    },
    {
        "date": "2021-02-19T16:45:51.921Z",
        "value": "3.336822222766458",
        "cumulative": false
    },
    {
        "date": "2021-02-19T16:47:01.733Z",
        "value": "3.5317356038059162",
        "cumulative": false
    },
    {
        "date": "2021-02-19T16:48:14.100Z",
        "value": "3.215949784232666",
        "cumulative": false
    },
    {
        "date": "2021-02-19T16:49:26.100Z",
        "value": "3.2729446456047633",
        "cumulative": false
    },
    {
        "date": "2021-02-19T16:50:37.520Z",
        "value": "3.1657924646829234",
        "cumulative": false
    },
    {
        "date": "2021-02-19T16:51:48.440Z",
        "value": "3.5125443653393815",
        "cumulative": false
    },
    {
        "date": "2021-02-19T16:52:59.034Z",
        "value": "3.5964494088571843",
        "cumulative": false
    },
    {
        "date": "2021-02-19T16:54:08.471Z",
        "value": "3.4468046875",
        "cumulative": false
    },
    {
        "date": "2021-02-19T16:55:19.866Z",
        "value": "3.3545459676594875",
        "cumulative": false
    },
    {
        "date": "2021-02-19T16:56:31.593Z",
        "value": "3.2867922624538743",
        "cumulative": false
    },
    {
        "date": "2021-02-19T16:57:42.639Z",
        "value": "3.240488196454414",
        "cumulative": false
    },
    {
        "date": "2021-02-19T16:58:53.388Z",
        "value": "3.321763620274733",
        "cumulative": false
    },
    {
        "date": "2021-02-19T17:00:03.752Z",
        "value": "3.4095176968111174",
        "cumulative": false
    },
    {
        "date": "2021-02-19T17:01:17.782Z",
        "value": "3.352269370719178",
        "cumulative": false
    },
    {
        "date": "2021-02-19T17:02:27.413Z",
        "value": "3.230482942635551",
        "cumulative": false
    },
    {
        "date": "2021-02-19T17:03:38.040Z",
        "value": "3.3455687943504366",
        "cumulative": false
    },
    {
        "date": "2021-02-19T17:04:50.628Z",
        "value": "3.2690779489200428",
        "cumulative": false
    },
    {
        "date": "2021-02-19T17:05:58.813Z",
        "value": "3.4075349506578947",
        "cumulative": false
    },
    {
        "date": "2021-02-19T17:07:09.331Z",
        "value": "3.4178316521536827",
        "cumulative": false
    },
    {
        "date": "2021-02-19T17:08:20.197Z",
        "value": "3.368902771258047",
        "cumulative": false
    },
    {
        "date": "2021-02-19T17:09:28.722Z",
        "value": "3.282253865957519",
        "cumulative": false
    },
    {
        "date": "2021-02-19T17:10:39.271Z",
        "value": "3.277863832853026",
        "cumulative": false
    },
    {
        "date": "2021-02-19T17:11:51.863Z",
        "value": "3.250095415823212",
        "cumulative": false
    },
    {
        "date": "2021-02-19T17:13:01.145Z",
        "value": "3.3014474573627286",
        "cumulative": false
    },
    {
        "date": "2021-02-19T17:14:10.907Z",
        "value": "3.3798490925107902",
        "cumulative": false
    },
    {
        "date": "2021-02-19T17:15:21.254Z",
        "value": "3.2960543314615887",
        "cumulative": false
    },
    {
        "date": "2021-02-19T17:16:31.025Z",
        "value": "3.4692852151284903",
        "cumulative": false
    },
    {
        "date": "2021-02-19T17:17:41.372Z",
        "value": "3.30527162858567",
        "cumulative": false
    },
    {
        "date": "2021-02-19T17:18:51.237Z",
        "value": "3.2657469708797175",
        "cumulative": false
    },
    {
        "date": "2021-02-19T17:20:01.346Z",
        "value": "3.439320792139104",
        "cumulative": false
    },
    {
        "date": "2021-02-19T17:21:13.447Z",
        "value": "3.448250325520833",
        "cumulative": false
    },
    {
        "date": "2021-02-19T17:22:23.425Z",
        "value": "3.46920329950967",
        "cumulative": false
    },
    {
        "date": "2021-02-19T17:23:33.843Z",
        "value": "3.308820500911385",
        "cumulative": false
    },
    {
        "date": "2021-02-19T17:24:43.693Z",
        "value": "3.1377868734801404",
        "cumulative": false
    },
    {
        "date": "2021-02-19T17:25:53.990Z",
        "value": "3.3942684284300793",
        "cumulative": false
    },
    {
        "date": "2021-02-19T17:27:04.710Z",
        "value": "3.250007914254703",
        "cumulative": false
    },
    {
        "date": "2021-02-19T17:28:19.574Z",
        "value": "3.1386393134785444",
        "cumulative": false
    },
    {
        "date": "2021-02-19T17:29:28.465Z",
        "value": "3.376135040933952",
        "cumulative": false
    },
    {
        "date": "2021-02-19T17:30:39.835Z",
        "value": "3.2631875405961317",
        "cumulative": false
    },
    {
        "date": "2021-02-19T17:31:50.637Z",
        "value": "3.1883342727926727",
        "cumulative": false
    },
    {
        "date": "2021-02-19T17:33:02.311Z",
        "value": "3.248050418207508",
        "cumulative": false
    },
    {
        "date": "2021-02-19T17:34:14.479Z",
        "value": "3.282712239948779",
        "cumulative": false
    },
    {
        "date": "2021-02-19T17:35:25.877Z",
        "value": "3.273291131331457",
        "cumulative": false
    },
    {
        "date": "2021-02-19T17:36:38.587Z",
        "value": "3.4110846496083105",
        "cumulative": false
    },
    {
        "date": "2021-02-19T17:37:23.871Z",
        "value": "3.240283250808716",
        "cumulative": false
    },
    {
        "date": "2021-02-19T17:37:46.095Z",
        "value": "2.920787404405793",
        "cumulative": false
    },
    {
        "date": "2021-02-19T17:38:57.751Z",
        "value": "3.108927332675849",
        "cumulative": false
    },
    {
        "date": "2021-02-19T17:40:08.425Z",
        "value": "3.1989560737527114",
        "cumulative": false
    },
    {
        "date": "2021-02-19T17:41:19.801Z",
        "value": "3.1421548413632023",
        "cumulative": false
    },
    {
        "date": "2021-02-19T17:42:29.846Z",
        "value": "3.2802529076369065",
        "cumulative": false
    },
    {
        "date": "2021-02-19T17:43:40.730Z",
        "value": "3.1609008757446255",
        "cumulative": false
    },
    {
        "date": "2021-02-19T17:44:50.144Z",
        "value": "3.1784904599535695",
        "cumulative": false
    },
    {
        "date": "2021-02-19T17:46:00.895Z",
        "value": "3.310666074352486",
        "cumulative": false
    },
    {
        "date": "2021-02-19T17:47:08.942Z",
        "value": "3.3370352831351506",
        "cumulative": false
    },
    {
        "date": "2021-02-19T17:48:22.921Z",
        "value": "3.329524217453678",
        "cumulative": false
    },
    {
        "date": "2021-02-19T17:49:34.885Z",
        "value": "3.2605455624159947",
        "cumulative": false
    },
    {
        "date": "2021-02-19T17:50:45.767Z",
        "value": "3.2195449754744807",
        "cumulative": false
    },
    {
        "date": "2021-02-19T17:51:55.718Z",
        "value": "3.0606238428987043",
        "cumulative": false
    },
    {
        "date": "2021-02-19T17:53:05.238Z",
        "value": "3.2640403588786966",
        "cumulative": false
    },
    {
        "date": "2021-02-19T17:54:16.547Z",
        "value": "3.150483923744183",
        "cumulative": false
    },
    {
        "date": "2021-02-19T17:55:26.567Z",
        "value": "3.1821450566772325",
        "cumulative": false
    },
    {
        "date": "2021-02-19T17:56:37.314Z",
        "value": "3.229697565980881",
        "cumulative": false
    },
    {
        "date": "2021-02-19T17:57:48.083Z",
        "value": "3.119896446034209",
        "cumulative": false
    },
    {
        "date": "2021-02-19T17:59:00.124Z",
        "value": "3.255220782554538",
        "cumulative": false
    },
    {
        "date": "2021-02-19T18:00:08.047Z",
        "value": "3.257380805093078",
        "cumulative": false
    },
    {
        "date": "2021-02-19T18:01:16.498Z",
        "value": "3.3250859083255535",
        "cumulative": false
    },
    {
        "date": "2021-02-19T18:02:27.255Z",
        "value": "3.167574884841583",
        "cumulative": false
    },
    {
        "date": "2021-02-19T18:03:35.192Z",
        "value": "3.2214560167433537",
        "cumulative": false
    },
    {
        "date": "2021-02-19T18:04:45.627Z",
        "value": "3.270029105392157",
        "cumulative": false
    },
    {
        "date": "2021-02-19T18:05:57.483Z",
        "value": "3.2256284916201117",
        "cumulative": false
    },
    {
        "date": "2021-02-19T18:07:08.618Z",
        "value": "3.3732357159831614",
        "cumulative": false
    },
    {
        "date": "2021-02-19T18:08:20.486Z",
        "value": "3.239189729711329",
        "cumulative": false
    },
    {
        "date": "2021-02-19T18:09:30.686Z",
        "value": "3.219553717100545",
        "cumulative": false
    },
    {
        "date": "2021-02-19T18:10:39.278Z",
        "value": "3.272446145100757",
        "cumulative": false
    },
    {
        "date": "2021-02-19T18:11:48.424Z",
        "value": "3.356914105214598",
        "cumulative": false
    },
    {
        "date": "2021-02-19T18:12:59.986Z",
        "value": "3.3471137441053402",
        "cumulative": false
    },
    {
        "date": "2021-02-19T18:14:10.766Z",
        "value": "3.2179639994472082",
        "cumulative": false
    },
    {
        "date": "2021-02-19T18:15:19.771Z",
        "value": "3.3074545637419535",
        "cumulative": false
    },
    {
        "date": "2021-02-19T18:16:29.172Z",
        "value": "3.1856060858774553",
        "cumulative": false
    },
    {
        "date": "2021-02-19T18:17:38.531Z",
        "value": "3.2848993274796108",
        "cumulative": false
    },
    {
        "date": "2021-02-19T18:18:50.344Z",
        "value": "3.191230309527853",
        "cumulative": false
    },
    {
        "date": "2021-02-19T18:20:01.821Z",
        "value": "3.2201517711357037",
        "cumulative": false
    },
    {
        "date": "2021-02-19T18:21:10.910Z",
        "value": "3.0764276720357424",
        "cumulative": false
    },
    {
        "date": "2021-02-19T18:22:21.099Z",
        "value": "3.200338290636351",
        "cumulative": false
    },
    {
        "date": "2021-02-19T18:23:32.708Z",
        "value": "3.10080235103014",
        "cumulative": false
    },
    {
        "date": "2021-02-19T18:24:42.702Z",
        "value": "3.239458924766291",
        "cumulative": false
    },
    {
        "date": "2021-02-19T18:25:52.849Z",
        "value": "3.2885747588841263",
        "cumulative": false
    },
    {
        "date": "2021-02-19T18:27:03.032Z",
        "value": "3.406095847742067",
        "cumulative": false
    },
    {
        "date": "2021-02-19T18:28:15.317Z",
        "value": "3.150405685622971",
        "cumulative": false
    },
    {
        "date": "2021-02-19T18:29:26.842Z",
        "value": "3.2482838428318823",
        "cumulative": false
    },
    {
        "date": "2021-02-19T18:30:38.432Z",
        "value": "3.381373696117712",
        "cumulative": false
    },
    {
        "date": "2021-02-19T18:31:48.468Z",
        "value": "3.400290146015646",
        "cumulative": false
    },
    {
        "date": "2021-02-19T18:33:04.010Z",
        "value": "3.237467037940806",
        "cumulative": false
    },
    {
        "date": "2021-02-19T18:34:13.681Z",
        "value": "3.227939225634999",
        "cumulative": false
    },
    {
        "date": "2021-02-19T18:35:26.213Z",
        "value": "3.32582272765457",
        "cumulative": false
    },
    {
        "date": "2021-02-19T18:36:35.501Z",
        "value": "3.186087372902446",
        "cumulative": false
    },
    {
        "date": "2021-02-19T18:37:45.513Z",
        "value": "3.2900596543724725",
        "cumulative": false
    },
    {
        "date": "2021-02-19T18:38:55.882Z",
        "value": "3.324641527057732",
        "cumulative": false
    },
    {
        "date": "2021-02-19T18:40:06.558Z",
        "value": "3.432361079197304",
        "cumulative": false
    },
    {
        "date": "2021-02-19T18:41:15.644Z",
        "value": "3.255006020012643",
        "cumulative": false
    },
    {
        "date": "2021-02-19T18:42:24.953Z",
        "value": "3.2213569253177967",
        "cumulative": false
    },
    {
        "date": "2021-02-19T18:43:35.110Z",
        "value": "3.162966921408394",
        "cumulative": false
    },
    {
        "date": "2021-02-19T18:44:46.414Z",
        "value": "3.1690790536175713",
        "cumulative": false
    },
    {
        "date": "2021-02-19T18:45:54.203Z",
        "value": "3.0586646485950526",
        "cumulative": false
    },
    {
        "date": "2021-02-19T18:47:03.686Z",
        "value": "3.336001211846914",
        "cumulative": false
    },
    {
        "date": "2021-02-19T18:48:15.126Z",
        "value": "3.119862831786088",
        "cumulative": false
    },
    {
        "date": "2021-02-19T18:49:25.152Z",
        "value": "3.204813220886604",
        "cumulative": false
    },
    {
        "date": "2021-02-19T18:50:36.569Z",
        "value": "3.3358824183376456",
        "cumulative": false
    },
    {
        "date": "2021-02-19T18:51:48.553Z",
        "value": "3.1659980136366523",
        "cumulative": false
    },
    {
        "date": "2021-02-19T18:52:55.634Z",
        "value": "3.2559964824838623",
        "cumulative": false
    },
    {
        "date": "2021-02-19T18:54:05.344Z",
        "value": "3.313463480998835",
        "cumulative": false
    },
    {
        "date": "2021-02-19T18:55:14.345Z",
        "value": "3.3114752421078024",
        "cumulative": false
    },
    {
        "date": "2021-02-19T18:56:29.068Z",
        "value": "3.250245072696615",
        "cumulative": false
    },
    {
        "date": "2021-02-19T18:57:39.743Z",
        "value": "3.345558014374488",
        "cumulative": false
    },
    {
        "date": "2021-02-19T18:58:47.279Z",
        "value": "3.0262520621068107",
        "cumulative": false
    },
    {
        "date": "2021-02-19T19:00:01.907Z",
        "value": "3.184319362017804",
        "cumulative": false
    },
    {
        "date": "2021-02-19T19:01:11.156Z",
        "value": "3.2647597737517335",
        "cumulative": false
    },
    {
        "date": "2021-02-19T19:02:19.468Z",
        "value": "3.2434043945837816",
        "cumulative": false
    },
    {
        "date": "2021-02-19T19:03:29.536Z",
        "value": "3.1559221718174086",
        "cumulative": false
    },
    {
        "date": "2021-02-19T19:04:37.868Z",
        "value": "3.2417119981938387",
        "cumulative": false
    },
    {
        "date": "2021-02-19T19:05:48.148Z",
        "value": "3.1350220307542305",
        "cumulative": false
    },
    {
        "date": "2021-02-19T19:06:59.368Z",
        "value": "3.1550902802333805",
        "cumulative": false
    },
    {
        "date": "2021-02-19T19:08:11.877Z",
        "value": "3.2616504058125972",
        "cumulative": false
    },
    {
        "date": "2021-02-19T19:08:58.565Z",
        "value": "3.151982307434082",
        "cumulative": false
    },
    {
        "date": "2021-02-19T19:09:20.587Z",
        "value": "2.8543560155612937",
        "cumulative": false
    },
    {
        "date": "2021-02-19T19:10:31.968Z",
        "value": "3.0484904004516435",
        "cumulative": false
    },
    {
        "date": "2021-02-19T19:11:42.937Z",
        "value": "3.1603960032485485",
        "cumulative": false
    },
    {
        "date": "2021-02-19T19:12:52.178Z",
        "value": "3.09493050216662",
        "cumulative": false
    },
    {
        "date": "2021-02-19T19:14:01.773Z",
        "value": "3.1473419810475782",
        "cumulative": false
    },
    {
        "date": "2021-02-19T19:15:12.846Z",
        "value": "3.1407867636337126",
        "cumulative": false
    },
    {
        "date": "2021-02-19T19:16:24.092Z",
        "value": "3.176353298370919",
        "cumulative": false
    },
    {
        "date": "2021-02-19T19:17:35.196Z",
        "value": "3.2307986061915557",
        "cumulative": false
    },
    {
        "date": "2021-02-19T19:18:45.206Z",
        "value": "3.091463833883388",
        "cumulative": false
    },
    {
        "date": "2021-02-19T19:19:53.513Z",
        "value": "3.1589286158463783",
        "cumulative": false
    },
    {
        "date": "2021-02-19T19:21:03.459Z",
        "value": "3.105206936997319",
        "cumulative": false
    },
    {
        "date": "2021-02-19T19:22:15.833Z",
        "value": "3.2764843308989557",
        "cumulative": false
    },
    {
        "date": "2021-02-19T19:23:27.765Z",
        "value": "2.95920442672941",
        "cumulative": false
    },
    {
        "date": "2021-02-19T19:24:38.706Z",
        "value": "3.0883432286171195",
        "cumulative": false
    },
    {
        "date": "2021-02-19T19:25:47.411Z",
        "value": "2.842585820737092",
        "cumulative": false
    },
    {
        "date": "2021-02-19T19:26:59.582Z",
        "value": "3.2161976678609343",
        "cumulative": false
    },
    {
        "date": "2021-02-19T19:28:09.646Z",
        "value": "3.1009603240473442",
        "cumulative": false
    },
    {
        "date": "2021-02-19T19:29:18.171Z",
        "value": "3.1287919115882916",
        "cumulative": false
    },
    {
        "date": "2021-02-19T19:30:29.025Z",
        "value": "2.978226204497695",
        "cumulative": false
    },
    {
        "date": "2021-02-19T19:31:40.382Z",
        "value": "3.1410306893053903",
        "cumulative": false
    },
    {
        "date": "2021-02-19T19:32:48.467Z",
        "value": "3.1399805651741635",
        "cumulative": false
    },
    {
        "date": "2021-02-19T19:33:58.231Z",
        "value": "3.081633007346113",
        "cumulative": false
    },
    {
        "date": "2021-02-19T19:35:08.790Z",
        "value": "3.1644037249895427",
        "cumulative": false
    },
    {
        "date": "2021-02-19T19:36:20.551Z",
        "value": "3.0824242701365665",
        "cumulative": false
    },
    {
        "date": "2021-02-19T19:37:34.152Z",
        "value": "2.9971353797490785",
        "cumulative": false
    },
    {
        "date": "2021-02-19T19:38:43.634Z",
        "value": "3.182637538359977",
        "cumulative": false
    },
    {
        "date": "2021-02-19T19:39:52.047Z",
        "value": "3.2575021904205608",
        "cumulative": false
    },
    {
        "date": "2021-02-19T19:41:04.758Z",
        "value": "2.98035106239563",
        "cumulative": false
    },
    {
        "date": "2021-02-19T19:42:14.657Z",
        "value": "3.1324498307543522",
        "cumulative": false
    },
    {
        "date": "2021-02-19T19:43:26.432Z",
        "value": "3.0470332969895466",
        "cumulative": false
    },
    {
        "date": "2021-02-19T19:44:37.131Z",
        "value": "3.084757605471025",
        "cumulative": false
    },
    {
        "date": "2021-02-19T19:45:47.063Z",
        "value": "3.065450851393189",
        "cumulative": false
    },
    {
        "date": "2021-02-19T19:46:55.334Z",
        "value": "3.1219673540290147",
        "cumulative": false
    },
    {
        "date": "2021-02-19T19:48:05.129Z",
        "value": "3.178278533267526",
        "cumulative": false
    },
    {
        "date": "2021-02-19T19:49:15.680Z",
        "value": "3.3301463151439856",
        "cumulative": false
    },
    {
        "date": "2021-02-19T19:50:25.955Z",
        "value": "2.953618464123603",
        "cumulative": false
    },
    {
        "date": "2021-02-19T19:51:37.663Z",
        "value": "3.161477397510981",
        "cumulative": false
    },
    {
        "date": "2021-02-19T19:52:49.704Z",
        "value": "3.2180421301200566",
        "cumulative": false
    },
    {
        "date": "2021-02-19T19:54:00.386Z",
        "value": "3.218628184531576",
        "cumulative": false
    },
    {
        "date": "2021-02-19T19:55:10.346Z",
        "value": "3.228765784096999",
        "cumulative": false
    },
    {
        "date": "2021-02-19T19:56:21.317Z",
        "value": "3.373318876934236",
        "cumulative": false
    },
    {
        "date": "2021-02-19T19:57:33.102Z",
        "value": "3.1737502727669478",
        "cumulative": false
    },
    {
        "date": "2021-02-19T19:58:43.643Z",
        "value": "3.0738254227517294",
        "cumulative": false
    },
    {
        "date": "2021-02-19T19:59:52.390Z",
        "value": "2.9024681637216405",
        "cumulative": false
    },
    {
        "date": "2021-02-19T20:01:04.277Z",
        "value": "3.02324336577133",
        "cumulative": false
    },
    {
        "date": "2021-02-19T20:02:16.351Z",
        "value": "3.1424134223349243",
        "cumulative": false
    },
    {
        "date": "2021-02-19T20:03:24.865Z",
        "value": "3.2627254120291096",
        "cumulative": false
    },
    {
        "date": "2021-02-19T20:04:35.205Z",
        "value": "3.0467123278960933",
        "cumulative": false
    },
    {
        "date": "2021-02-19T20:05:45.883Z",
        "value": "3.189091028792135",
        "cumulative": false
    },
    {
        "date": "2021-02-19T20:06:54.419Z",
        "value": "3.213069193400705",
        "cumulative": false
    },
    {
        "date": "2021-02-19T20:08:03.122Z",
        "value": "2.993753859721846",
        "cumulative": false
    },
    {
        "date": "2021-02-19T20:09:13.811Z",
        "value": "3.0021939364346593",
        "cumulative": false
    },
    {
        "date": "2021-02-19T20:10:22.031Z",
        "value": "3.138607606841894",
        "cumulative": false
    },
    {
        "date": "2021-02-19T20:11:31.434Z",
        "value": "3.0020602300459376",
        "cumulative": false
    },
    {
        "date": "2021-02-19T20:12:40.585Z",
        "value": "3.2352184570039184",
        "cumulative": false
    },
    {
        "date": "2021-02-19T20:13:51.437Z",
        "value": "3.066989210679509",
        "cumulative": false
    },
    {
        "date": "2021-02-19T20:15:00.990Z",
        "value": "3.1759963775460562",
        "cumulative": false
    },
    {
        "date": "2021-02-19T20:16:10.137Z",
        "value": "3.110402988429696",
        "cumulative": false
    },
    {
        "date": "2021-02-19T20:17:20.522Z",
        "value": "3.1711394179461583",
        "cumulative": false
    },
    {
        "date": "2021-02-19T20:18:31.152Z",
        "value": "3.2203963430304277",
        "cumulative": false
    },
    {
        "date": "2021-02-19T20:19:42.168Z",
        "value": "2.9371601122815463",
        "cumulative": false
    },
    {
        "date": "2021-02-19T20:20:55.529Z",
        "value": "3.287832831076618",
        "cumulative": false
    },
    {
        "date": "2021-02-19T20:22:05.134Z",
        "value": "2.8617119761560694",
        "cumulative": false
    },
    {
        "date": "2021-02-19T20:23:16.251Z",
        "value": "2.968473213054866",
        "cumulative": false
    },
    {
        "date": "2021-02-19T20:24:27.010Z",
        "value": "2.9733855956471937",
        "cumulative": false
    },
    {
        "date": "2021-02-19T20:25:36.547Z",
        "value": "3.197041513069705",
        "cumulative": false
    },
    {
        "date": "2021-02-19T20:26:46.595Z",
        "value": "3.302691161909314",
        "cumulative": false
    },
    {
        "date": "2021-02-19T20:27:58.453Z",
        "value": "3.159617382866172",
        "cumulative": false
    },
    {
        "date": "2021-02-19T20:29:08.897Z",
        "value": "3.041310953120661",
        "cumulative": false
    },
    {
        "date": "2021-02-19T20:30:18.114Z",
        "value": "3.1182689611375034",
        "cumulative": false
    },
    {
        "date": "2021-02-19T20:31:30.395Z",
        "value": "3.2660412577117217",
        "cumulative": false
    },
    {
        "date": "2021-02-19T20:32:43.975Z",
        "value": "3.2010166279704997",
        "cumulative": false
    },
    {
        "date": "2021-02-19T20:33:55.055Z",
        "value": "3.0202776929766135",
        "cumulative": false
    },
    {
        "date": "2021-02-19T20:35:06.465Z",
        "value": "3.088398111277613",
        "cumulative": false
    },
    {
        "date": "2021-02-19T20:36:17.476Z",
        "value": "3.142529070031214",
        "cumulative": false
    },
    {
        "date": "2021-02-19T20:37:26.878Z",
        "value": "3.065076495273794",
        "cumulative": false
    },
    {
        "date": "2021-02-19T20:38:37.759Z",
        "value": "3.1747804076158075",
        "cumulative": false
    },
    {
        "date": "2021-02-19T20:39:47.847Z",
        "value": "3.0219251268165617",
        "cumulative": false
    },
    {
        "date": "2021-02-19T20:40:33.654Z",
        "value": "3.05441951751709",
        "cumulative": false
    },
    {
        "date": "2021-02-19T20:40:55.614Z",
        "value": "2.835044842631265",
        "cumulative": false
    },
    {
        "date": "2021-02-19T20:42:07.569Z",
        "value": "2.9648061899038463",
        "cumulative": false
    },
    {
        "date": "2021-02-19T20:43:20.444Z",
        "value": "2.901047891277269",
        "cumulative": false
    },
    {
        "date": "2021-02-19T20:44:30.006Z",
        "value": "2.778565584946823",
        "cumulative": false
    },
    {
        "date": "2021-02-19T20:45:40.380Z",
        "value": "3.080752770169323",
        "cumulative": false
    },
    {
        "date": "2021-02-19T20:46:49.920Z",
        "value": "3.0203392170416983",
        "cumulative": false
    },
    {
        "date": "2021-02-19T20:48:00.341Z",
        "value": "2.999033676324738",
        "cumulative": false
    },
    {
        "date": "2021-02-19T20:49:12.704Z",
        "value": "2.8706629213720585",
        "cumulative": false
    },
    {
        "date": "2021-02-19T20:50:23.631Z",
        "value": "3.025351403339639",
        "cumulative": false
    },
    {
        "date": "2021-02-19T20:51:35.365Z",
        "value": "3.2023146086546523",
        "cumulative": false
    },
    {
        "date": "2021-02-19T20:52:46.100Z",
        "value": "3.0235827379300777",
        "cumulative": false
    },
    {
        "date": "2021-02-19T20:53:54.277Z",
        "value": "2.948431174508893",
        "cumulative": false
    },
    {
        "date": "2021-02-19T20:55:05.558Z",
        "value": "3.138686903320034",
        "cumulative": false
    },
    {
        "date": "2021-02-19T20:56:14.815Z",
        "value": "2.9811763960721276",
        "cumulative": false
    },
    {
        "date": "2021-02-19T20:57:26.419Z",
        "value": "2.9250732918239906",
        "cumulative": false
    },
    {
        "date": "2021-02-19T20:58:38.875Z",
        "value": "2.998287594724049",
        "cumulative": false
    },
    {
        "date": "2021-02-19T20:59:46.335Z",
        "value": "2.9600404317243627",
        "cumulative": false
    },
    {
        "date": "2021-02-19T21:00:55.977Z",
        "value": "3.027183648446616",
        "cumulative": false
    },
    {
        "date": "2021-02-19T21:02:05.620Z",
        "value": "2.9875483768484288",
        "cumulative": false
    },
    {
        "date": "2021-02-19T21:03:13.913Z",
        "value": "2.9640158432511403",
        "cumulative": false
    },
    {
        "date": "2021-02-19T21:04:24.484Z",
        "value": "2.9350081571049693",
        "cumulative": false
    },
    {
        "date": "2021-02-19T21:05:34.943Z",
        "value": "2.9257057835378255",
        "cumulative": false
    },
    {
        "date": "2021-02-19T21:06:44.142Z",
        "value": "2.927388928406644",
        "cumulative": false
    },
    {
        "date": "2021-02-19T21:07:57.009Z",
        "value": "3.073531884262242",
        "cumulative": false
    }
]