[
    {
        "date": "2021-02-19T16:05:50.255Z",
        "value": "49.153342723846436",
        "cumulative": false
    },
    {
        "date": "2021-02-19T17:37:42.753Z",
        "value": "49.20416474342346",
        "cumulative": false
    },
    {
        "date": "2021-02-19T19:09:17.353Z",
        "value": "49.14790368080139",
        "cumulative": false
    },
    {
        "date": "2021-02-19T20:40:52.559Z",
        "value": "49.17062330245972",
        "cumulative": false
    },
    {
        "date": "2021-02-19T21:08:46.230Z",
        "value": "14.758522272109985",
        "cumulative": false
    }
]