[
    {
        "date": "2021-02-19T16:05:49.935Z",
        "value": "5481.676456212997",
        "cumulative": false
    },
    {
        "date": "2021-02-19T17:37:42.183Z",
        "value": "5478.7138912677765",
        "cumulative": false
    },
    {
        "date": "2021-02-19T19:09:16.877Z",
        "value": "5462.60346698761",
        "cumulative": false
    },
    {
        "date": "2021-02-19T20:40:52.066Z",
        "value": "5463.2397544384",
        "cumulative": false
    },
    {
        "date": "2021-02-19T21:08:45.684Z",
        "value": "1641.0350608825684",
        "cumulative": false
    }
]