[
    {
        "date": "2021-02-19T16:05:50.017Z",
        "value": "106.03118515014648",
        "cumulative": false
    },
    {
        "date": "2021-02-19T17:37:42.666Z",
        "value": "106.43918681144714",
        "cumulative": false
    },
    {
        "date": "2021-02-19T19:09:17.444Z",
        "value": "106.49919772148132",
        "cumulative": false
    },
    {
        "date": "2021-02-19T20:40:52.547Z",
        "value": "106.51160287857056",
        "cumulative": false
    },
    {
        "date": "2021-02-19T21:08:46.068Z",
        "value": "31.945839881896973",
        "cumulative": false
    }
]