[
    {
        "date": "2021-02-19T16:05:50.314Z",
        "value": "2.9769349098205566",
        "cumulative": false
    },
    {
        "date": "2021-02-19T17:37:42.699Z",
        "value": "3.3599326610565186",
        "cumulative": false
    },
    {
        "date": "2021-02-19T19:09:17.364Z",
        "value": "2.981572151184082",
        "cumulative": false
    },
    {
        "date": "2021-02-19T20:40:52.785Z",
        "value": "2.9538583755493164",
        "cumulative": false
    },
    {
        "date": "2021-02-19T21:08:46.480Z",
        "value": "0.8823630809783936",
        "cumulative": false
    }
]