[
    {
        "date": "2021-02-19T16:05:50.285Z",
        "value": "4418.388882160187",
        "cumulative": false
    },
    {
        "date": "2021-02-19T17:37:42.715Z",
        "value": "4419.920121192932",
        "cumulative": false
    },
    {
        "date": "2021-02-19T19:09:17.491Z",
        "value": "4404.460001945496",
        "cumulative": false
    },
    {
        "date": "2021-02-19T20:40:52.442Z",
        "value": "4403.586977005005",
        "cumulative": false
    },
    {
        "date": "2021-02-19T21:08:45.949Z",
        "value": "1323.0347249507904",
        "cumulative": false
    }
]