[
    {
        "date": "2021-02-19T16:05:50.085Z",
        "value": "49.20589208602905",
        "cumulative": false
    },
    {
        "date": "2021-02-19T17:37:42.710Z",
        "value": "49.16228795051575",
        "cumulative": false
    },
    {
        "date": "2021-02-19T19:09:17.403Z",
        "value": "49.24528908729553",
        "cumulative": false
    },
    {
        "date": "2021-02-19T20:40:52.575Z",
        "value": "49.14045023918152",
        "cumulative": false
    },
    {
        "date": "2021-02-19T21:08:46.160Z",
        "value": "14.748577117919922",
        "cumulative": false
    }
]