[
    {
        "date": "2021-02-19T16:05:50.228Z",
        "value": "49.01031231880188",
        "cumulative": false
    },
    {
        "date": "2021-02-19T17:37:42.334Z",
        "value": "49.03103590011597",
        "cumulative": false
    },
    {
        "date": "2021-02-19T19:09:17.198Z",
        "value": "48.94271373748779",
        "cumulative": false
    },
    {
        "date": "2021-02-19T20:40:52.399Z",
        "value": "48.98643636703491",
        "cumulative": false
    },
    {
        "date": "2021-02-19T21:08:45.659Z",
        "value": "14.731314420700073",
        "cumulative": false
    }
]