[
    {
        "date": "2021-02-19T16:05:49.940Z",
        "value": "4414.729960680008",
        "cumulative": false
    },
    {
        "date": "2021-02-19T17:37:42.289Z",
        "value": "4411.429829835892",
        "cumulative": false
    },
    {
        "date": "2021-02-19T19:09:17.368Z",
        "value": "4394.358455181122",
        "cumulative": false
    },
    {
        "date": "2021-02-19T20:40:52.659Z",
        "value": "4391.70521068573",
        "cumulative": false
    },
    {
        "date": "2021-02-19T21:08:45.717Z",
        "value": "1319.009346961975",
        "cumulative": false
    }
]