[
    {
        "date": "2021-02-19T16:05:50.314Z",
        "value": "0.13132786750793457",
        "cumulative": false
    },
    {
        "date": "2021-02-19T17:37:42.699Z",
        "value": "0.12401223182678223",
        "cumulative": false
    },
    {
        "date": "2021-02-19T19:09:17.364Z",
        "value": "0.11978745460510254",
        "cumulative": false
    },
    {
        "date": "2021-02-19T20:40:52.785Z",
        "value": "0.1282186508178711",
        "cumulative": false
    },
    {
        "date": "2021-02-19T21:08:46.480Z",
        "value": "0.039504289627075195",
        "cumulative": false
    }
]