[
    {
        "date": "2021-02-19T16:05:51.993Z",
        "value": "52.55032658576965",
        "cumulative": false
    },
    {
        "date": "2021-02-19T17:37:40.841Z",
        "value": "50.41109776496887",
        "cumulative": false
    },
    {
        "date": "2021-02-19T19:09:15.528Z",
        "value": "49.31134629249573",
        "cumulative": false
    },
    {
        "date": "2021-02-19T20:40:50.663Z",
        "value": "51.53936767578125",
        "cumulative": false
    },
    {
        "date": "2021-02-19T21:08:44.220Z",
        "value": "15.3103187084198",
        "cumulative": false
    }
]