[
    {
        "date": "2021-02-19T16:05:50.136Z",
        "value": "2.9360814094543457",
        "cumulative": false
    },
    {
        "date": "2021-02-19T17:37:42.880Z",
        "value": "3.383793592453003",
        "cumulative": false
    },
    {
        "date": "2021-02-19T19:09:17.595Z",
        "value": "3.135849952697754",
        "cumulative": false
    },
    {
        "date": "2021-02-19T20:40:52.739Z",
        "value": "3.1459944248199463",
        "cumulative": false
    },
    {
        "date": "2021-02-19T21:08:46.225Z",
        "value": "0.915198564529419",
        "cumulative": false
    }
]