[
    {
        "date": "2021-02-19T16:05:50.011Z",
        "value": "4360.008647680283",
        "cumulative": false
    },
    {
        "date": "2021-02-19T17:37:42.128Z",
        "value": "4356.517860651016",
        "cumulative": false
    },
    {
        "date": "2021-02-19T19:09:17.019Z",
        "value": "4339.397156238556",
        "cumulative": false
    },
    {
        "date": "2021-02-19T20:40:52.128Z",
        "value": "4339.122294664383",
        "cumulative": false
    },
    {
        "date": "2021-02-19T21:08:45.669Z",
        "value": "1303.0913095474243",
        "cumulative": false
    }
]