[
    {
        "date": "2021-02-19T16:05:49.935Z",
        "value": "0.12455558776855469",
        "cumulative": false
    },
    {
        "date": "2021-02-19T17:37:42.183Z",
        "value": "0.11817693710327148",
        "cumulative": false
    },
    {
        "date": "2021-02-19T19:09:16.877Z",
        "value": "0.1128237247467041",
        "cumulative": false
    },
    {
        "date": "2021-02-19T20:40:52.067Z",
        "value": "0.11767315864562988",
        "cumulative": false
    },
    {
        "date": "2021-02-19T21:08:45.684Z",
        "value": "0.037131309509277344",
        "cumulative": false
    }
]