[
    {
        "date": "2021-02-19T16:05:50.144Z",
        "value": "5481.82905125618",
        "cumulative": false
    },
    {
        "date": "2021-02-19T17:37:42.699Z",
        "value": "5478.881434679031",
        "cumulative": false
    },
    {
        "date": "2021-02-19T19:09:17.293Z",
        "value": "5462.145495414734",
        "cumulative": false
    },
    {
        "date": "2021-02-19T20:40:52.654Z",
        "value": "5462.790162086487",
        "cumulative": false
    },
    {
        "date": "2021-02-19T21:08:46.569Z",
        "value": "1640.5033581256866",
        "cumulative": false
    }
]