[
    {
        "date": "2021-02-19T16:05:49.935Z",
        "value": "106.53093981742859",
        "cumulative": false
    },
    {
        "date": "2021-02-19T17:37:42.183Z",
        "value": "107.06053686141968",
        "cumulative": false
    },
    {
        "date": "2021-02-19T19:09:16.877Z",
        "value": "107.12229299545288",
        "cumulative": false
    },
    {
        "date": "2021-02-19T20:40:52.066Z",
        "value": "107.19320797920227",
        "cumulative": false
    },
    {
        "date": "2021-02-19T21:08:45.684Z",
        "value": "32.147557973861694",
        "cumulative": false
    }
]