[
    {
        "date": "2021-02-19T16:05:49.940Z",
        "value": "598.1271736621857",
        "cumulative": false
    },
    {
        "date": "2021-02-19T17:37:42.289Z",
        "value": "599.7863259315491",
        "cumulative": false
    },
    {
        "date": "2021-02-19T19:09:17.368Z",
        "value": "600.3915486335754",
        "cumulative": false
    },
    {
        "date": "2021-02-19T20:40:52.659Z",
        "value": "602.6474995613098",
        "cumulative": false
    },
    {
        "date": "2021-02-19T21:08:45.717Z",
        "value": "180.83776330947876",
        "cumulative": false
    }
]