[
    {
        "date": "2021-02-19T16:05:50.130Z",
        "value": "574.2921843528748",
        "cumulative": false
    },
    {
        "date": "2021-02-19T17:37:42.947Z",
        "value": "575.8509120941162",
        "cumulative": false
    },
    {
        "date": "2021-02-19T19:09:17.318Z",
        "value": "575.6881792545319",
        "cumulative": false
    },
    {
        "date": "2021-02-19T20:40:52.702Z",
        "value": "575.796270608902",
        "cumulative": false
    },
    {
        "date": "2021-02-19T21:08:46.637Z",
        "value": "172.5253291130066",
        "cumulative": false
    }
]