[
    {
        "date": "2021-02-19T16:05:50.326Z",
        "value": "0.13914060592651367",
        "cumulative": false
    },
    {
        "date": "2021-02-19T17:37:42.520Z",
        "value": "0.1275951862335205",
        "cumulative": false
    },
    {
        "date": "2021-02-19T19:09:17.530Z",
        "value": "0.1268143653869629",
        "cumulative": false
    },
    {
        "date": "2021-02-19T20:40:52.600Z",
        "value": "0.13528752326965332",
        "cumulative": false
    },
    {
        "date": "2021-02-19T21:08:46.151Z",
        "value": "0.04114556312561035",
        "cumulative": false
    }
]