[
    {
        "date": "2021-02-19T16:05:50.011Z",
        "value": "5481.782132148743",
        "cumulative": false
    },
    {
        "date": "2021-02-19T17:37:42.127Z",
        "value": "5478.1586124897",
        "cumulative": false
    },
    {
        "date": "2021-02-19T19:09:17.019Z",
        "value": "5462.683610916138",
        "cumulative": false
    },
    {
        "date": "2021-02-19T20:40:52.128Z",
        "value": "5462.712130784988",
        "cumulative": false
    },
    {
        "date": "2021-02-19T21:08:45.669Z",
        "value": "1641.034873008728",
        "cumulative": false
    }
]