[
    {
        "date": "2021-02-19T16:05:50.285Z",
        "value": "49.21603965759277",
        "cumulative": false
    },
    {
        "date": "2021-02-19T17:37:42.715Z",
        "value": "49.10375356674194",
        "cumulative": false
    },
    {
        "date": "2021-02-19T19:09:17.491Z",
        "value": "49.08317852020264",
        "cumulative": false
    },
    {
        "date": "2021-02-19T20:40:52.443Z",
        "value": "49.08176398277283",
        "cumulative": false
    },
    {
        "date": "2021-02-19T21:08:45.949Z",
        "value": "14.706777572631836",
        "cumulative": false
    }
]