[
    {
        "date": "2021-02-19T16:05:50.085Z",
        "value": "282.8012855052948",
        "cumulative": false
    },
    {
        "date": "2021-02-19T17:37:42.710Z",
        "value": "282.02981781959534",
        "cumulative": false
    },
    {
        "date": "2021-02-19T19:09:17.403Z",
        "value": "283.9331090450287",
        "cumulative": false
    },
    {
        "date": "2021-02-19T20:40:52.575Z",
        "value": "284.83956813812256",
        "cumulative": false
    },
    {
        "date": "2021-02-19T21:08:46.160Z",
        "value": "85.15970516204834",
        "cumulative": false
    }
]