[
    {
        "date": "2021-02-19T16:05:50.017Z",
        "value": "5481.65700507164",
        "cumulative": false
    },
    {
        "date": "2021-02-19T17:37:42.666Z",
        "value": "5479.2595381736755",
        "cumulative": false
    },
    {
        "date": "2021-02-19T19:09:17.444Z",
        "value": "5461.846507310867",
        "cumulative": false
    },
    {
        "date": "2021-02-19T20:40:52.547Z",
        "value": "5462.593554735184",
        "cumulative": false
    },
    {
        "date": "2021-02-19T21:08:46.068Z",
        "value": "1640.5931010246277",
        "cumulative": false
    }
]