[
    {
        "date": "2021-02-19T16:05:50.326Z",
        "value": "49.268763303756714",
        "cumulative": false
    },
    {
        "date": "2021-02-19T17:37:42.520Z",
        "value": "49.23713707923889",
        "cumulative": false
    },
    {
        "date": "2021-02-19T19:09:17.530Z",
        "value": "49.23697376251221",
        "cumulative": false
    },
    {
        "date": "2021-02-19T20:40:52.600Z",
        "value": "49.20262098312378",
        "cumulative": false
    },
    {
        "date": "2021-02-19T21:08:46.151Z",
        "value": "14.74614930152893",
        "cumulative": false
    }
]