[
    {
        "date": "2021-02-19T16:05:49.940Z",
        "value": "2.994757890701294",
        "cumulative": false
    },
    {
        "date": "2021-02-19T17:37:42.289Z",
        "value": "3.392577886581421",
        "cumulative": false
    },
    {
        "date": "2021-02-19T19:09:17.368Z",
        "value": "3.0592644214630127",
        "cumulative": false
    },
    {
        "date": "2021-02-19T20:40:52.659Z",
        "value": "2.9352900981903076",
        "cumulative": false
    },
    {
        "date": "2021-02-19T21:08:45.717Z",
        "value": "0.8886404037475586",
        "cumulative": false
    }
]