[
    {
        "date": "2021-02-19T16:05:50.228Z",
        "value": "589.7255260944366",
        "cumulative": false
    },
    {
        "date": "2021-02-19T17:37:42.334Z",
        "value": "591.7276511192322",
        "cumulative": false
    },
    {
        "date": "2021-02-19T19:09:17.198Z",
        "value": "593.0076541900635",
        "cumulative": false
    },
    {
        "date": "2021-02-19T20:40:52.399Z",
        "value": "593.6162910461426",
        "cumulative": false
    },
    {
        "date": "2021-02-19T21:08:45.659Z",
        "value": "177.76527166366577",
        "cumulative": false
    }
]