[
    {
        "date": "2021-02-19T16:05:50.314Z",
        "value": "4405.611985206604",
        "cumulative": false
    },
    {
        "date": "2021-02-19T17:37:42.699Z",
        "value": "4402.331360578537",
        "cumulative": false
    },
    {
        "date": "2021-02-19T19:09:17.364Z",
        "value": "4384.151622056961",
        "cumulative": false
    },
    {
        "date": "2021-02-19T20:40:52.785Z",
        "value": "4383.756059169769",
        "cumulative": false
    },
    {
        "date": "2021-02-19T21:08:46.480Z",
        "value": "1315.903959274292",
        "cumulative": false
    }
]