[
    {
        "date": "2021-02-19T16:05:50.012Z",
        "value": "48.99594283103943",
        "cumulative": false
    },
    {
        "date": "2021-02-19T17:37:42.128Z",
        "value": "48.89977955818176",
        "cumulative": false
    },
    {
        "date": "2021-02-19T19:09:17.019Z",
        "value": "48.88437867164612",
        "cumulative": false
    },
    {
        "date": "2021-02-19T20:40:52.128Z",
        "value": "48.89437460899353",
        "cumulative": false
    },
    {
        "date": "2021-02-19T21:08:45.669Z",
        "value": "14.6537184715271",
        "cumulative": false
    }
]