[
    {
        "date": "2021-02-19T16:05:50.326Z",
        "value": "2.9480745792388916",
        "cumulative": false
    },
    {
        "date": "2021-02-19T17:37:42.520Z",
        "value": "3.3213653564453125",
        "cumulative": false
    },
    {
        "date": "2021-02-19T19:09:17.530Z",
        "value": "2.9439737796783447",
        "cumulative": false
    },
    {
        "date": "2021-02-19T20:40:52.600Z",
        "value": "2.932884693145752",
        "cumulative": false
    },
    {
        "date": "2021-02-19T21:08:46.151Z",
        "value": "0.8896453380584717",
        "cumulative": false
    }
]