[
    {
        "date": "2021-02-19T16:05:50.130Z",
        "value": "106.57314562797546",
        "cumulative": false
    },
    {
        "date": "2021-02-19T17:37:42.947Z",
        "value": "106.96484398841858",
        "cumulative": false
    },
    {
        "date": "2021-02-19T19:09:17.318Z",
        "value": "107.09054398536682",
        "cumulative": false
    },
    {
        "date": "2021-02-19T20:40:52.702Z",
        "value": "107.1250958442688",
        "cumulative": false
    },
    {
        "date": "2021-02-19T21:08:46.637Z",
        "value": "32.14478302001953",
        "cumulative": false
    }
]