[
    {
        "date": "2021-02-19T16:05:50.324Z",
        "value": "48.93091535568237",
        "cumulative": false
    },
    {
        "date": "2021-02-19T17:37:42.191Z",
        "value": "48.95138883590698",
        "cumulative": false
    },
    {
        "date": "2021-02-19T19:09:17.017Z",
        "value": "48.921637773513794",
        "cumulative": false
    },
    {
        "date": "2021-02-19T20:40:51.996Z",
        "value": "48.964197397232056",
        "cumulative": false
    },
    {
        "date": "2021-02-19T21:08:45.615Z",
        "value": "14.669014930725098",
        "cumulative": false
    }
]