[
    {
        "date": "2021-02-19T16:05:50.285Z",
        "value": "2.9898102283477783",
        "cumulative": false
    },
    {
        "date": "2021-02-19T17:37:42.715Z",
        "value": "3.289724826812744",
        "cumulative": false
    },
    {
        "date": "2021-02-19T19:09:17.491Z",
        "value": "2.961209774017334",
        "cumulative": false
    },
    {
        "date": "2021-02-19T20:40:52.442Z",
        "value": "2.943167209625244",
        "cumulative": false
    },
    {
        "date": "2021-02-19T21:08:45.949Z",
        "value": "0.8613555431365967",
        "cumulative": false
    }
]