[
    {
        "date": "2021-02-19T16:05:49.940Z",
        "value": "106.43257665634155",
        "cumulative": false
    },
    {
        "date": "2021-02-19T17:37:42.289Z",
        "value": "106.87173652648926",
        "cumulative": false
    },
    {
        "date": "2021-02-19T19:09:17.368Z",
        "value": "106.93003416061401",
        "cumulative": false
    },
    {
        "date": "2021-02-19T20:40:52.659Z",
        "value": "107.0181610584259",
        "cumulative": false
    },
    {
        "date": "2021-02-19T21:08:45.717Z",
        "value": "32.06362533569336",
        "cumulative": false
    }
]