[
    {
        "date": "2021-02-19T16:05:50.313Z",
        "value": "5481.744813203812",
        "cumulative": false
    },
    {
        "date": "2021-02-19T17:37:42.699Z",
        "value": "5478.614705324173",
        "cumulative": false
    },
    {
        "date": "2021-02-19T19:09:17.364Z",
        "value": "5461.495050430298",
        "cumulative": false
    },
    {
        "date": "2021-02-19T20:40:52.785Z",
        "value": "5462.677303314209",
        "cumulative": false
    },
    {
        "date": "2021-02-19T21:08:46.480Z",
        "value": "1640.248529434204",
        "cumulative": false
    }
]