[
    {
        "date": "2021-02-19T16:05:50.085Z",
        "value": "4368.42741894722",
        "cumulative": false
    },
    {
        "date": "2021-02-19T17:37:42.710Z",
        "value": "4361.798975467682",
        "cumulative": false
    },
    {
        "date": "2021-02-19T19:09:17.403Z",
        "value": "4346.375347614288",
        "cumulative": false
    },
    {
        "date": "2021-02-19T20:40:52.575Z",
        "value": "4345.278524875641",
        "cumulative": false
    },
    {
        "date": "2021-02-19T21:08:46.160Z",
        "value": "1305.9678070545197",
        "cumulative": false
    }
]