[
    {
        "date": "2021-02-19T14:34:15.079Z",
        "value": "9.179431991407982",
        "cumulative": false
    },
    {
        "date": "2021-02-19T14:35:28.676Z",
        "value": "9.093629261363636",
        "cumulative": false
    },
    {
        "date": "2021-02-19T14:36:40.166Z",
        "value": "8.485367947776846",
        "cumulative": false
    },
    {
        "date": "2021-02-19T14:37:49.062Z",
        "value": "7.954846647710808",
        "cumulative": false
    },
    {
        "date": "2021-02-19T14:38:59.287Z",
        "value": "7.881279077422753",
        "cumulative": false
    },
    {
        "date": "2021-02-19T14:40:11.612Z",
        "value": "7.727394286160466",
        "cumulative": false
    },
    {
        "date": "2021-02-19T14:41:22.105Z",
        "value": "7.529371473524305",
        "cumulative": false
    },
    {
        "date": "2021-02-19T14:42:31.123Z",
        "value": "7.424768879253447",
        "cumulative": false
    },
    {
        "date": "2021-02-19T14:43:40.396Z",
        "value": "6.856632250191424",
        "cumulative": false
    },
    {
        "date": "2021-02-19T14:44:50.792Z",
        "value": "6.585185785311105",
        "cumulative": false
    },
    {
        "date": "2021-02-19T14:46:04.605Z",
        "value": "6.2398064740965555",
        "cumulative": false
    },
    {
        "date": "2021-02-19T14:47:16.067Z",
        "value": "5.888508587850593",
        "cumulative": false
    },
    {
        "date": "2021-02-19T14:48:26.998Z",
        "value": "5.772684678234501",
        "cumulative": false
    },
    {
        "date": "2021-02-19T14:49:40.208Z",
        "value": "5.363887392241379",
        "cumulative": false
    },
    {
        "date": "2021-02-19T14:50:50.320Z",
        "value": "5.131396670141937",
        "cumulative": false
    },
    {
        "date": "2021-02-19T14:52:02.835Z",
        "value": "4.867017596890418",
        "cumulative": false
    },
    {
        "date": "2021-02-19T14:53:10.149Z",
        "value": "4.680585452120475",
        "cumulative": false
    },
    {
        "date": "2021-02-19T14:54:21.907Z",
        "value": "4.524672222314104",
        "cumulative": false
    },
    {
        "date": "2021-02-19T14:55:32.308Z",
        "value": "4.325241638994307",
        "cumulative": false
    },
    {
        "date": "2021-02-19T14:56:43.789Z",
        "value": "4.4262261989312774",
        "cumulative": false
    },
    {
        "date": "2021-02-19T14:57:52.694Z",
        "value": "4.26095703125",
        "cumulative": false
    },
    {
        "date": "2021-02-19T14:59:06.570Z",
        "value": "4.232740802320339",
        "cumulative": false
    },
    {
        "date": "2021-02-19T15:00:15.886Z",
        "value": "4.2495155613975575",
        "cumulative": false
    },
    {
        "date": "2021-02-19T15:01:26.502Z",
        "value": "4.070302499221561",
        "cumulative": false
    },
    {
        "date": "2021-02-19T15:02:41.667Z",
        "value": "4.043845642186674",
        "cumulative": false
    },
    {
        "date": "2021-02-19T15:03:50.306Z",
        "value": "4.173170174996463",
        "cumulative": false
    },
    {
        "date": "2021-02-19T15:05:01.706Z",
        "value": "3.9545995256397375",
        "cumulative": false
    },
    {
        "date": "2021-02-19T15:06:11.987Z",
        "value": "3.9389916518710737",
        "cumulative": false
    },
    {
        "date": "2021-02-19T15:07:20.425Z",
        "value": "4.00892737283585",
        "cumulative": false
    },
    {
        "date": "2021-02-19T15:08:31.002Z",
        "value": "3.892717807749813",
        "cumulative": false
    },
    {
        "date": "2021-02-19T15:09:42.922Z",
        "value": "3.8834182689279415",
        "cumulative": false
    },
    {
        "date": "2021-02-19T15:10:53.083Z",
        "value": "4.056960741930172",
        "cumulative": false
    },
    {
        "date": "2021-02-19T15:12:01.123Z",
        "value": "3.990011027460865",
        "cumulative": false
    },
    {
        "date": "2021-02-19T15:13:12.427Z",
        "value": "3.806797990502295",
        "cumulative": false
    },
    {
        "date": "2021-02-19T15:14:21.510Z",
        "value": "3.891907271339383",
        "cumulative": false
    },
    {
        "date": "2021-02-19T15:15:32.270Z",
        "value": "3.756357071343815",
        "cumulative": false
    },
    {
        "date": "2021-02-19T15:16:43.360Z",
        "value": "3.69958362523352",
        "cumulative": false
    },
    {
        "date": "2021-02-19T15:17:53.913Z",
        "value": "3.8184746362166533",
        "cumulative": false
    },
    {
        "date": "2021-02-19T15:19:04.028Z",
        "value": "3.6697533962047717",
        "cumulative": false
    },
    {
        "date": "2021-02-19T15:20:13.701Z",
        "value": "3.8062206375838925",
        "cumulative": false
    },
    {
        "date": "2021-02-19T15:21:25.350Z",
        "value": "3.601915767931393",
        "cumulative": false
    },
    {
        "date": "2021-02-19T15:22:36.970Z",
        "value": "3.507771945983138",
        "cumulative": false
    },
    {
        "date": "2021-02-19T15:23:48.305Z",
        "value": "3.564313529366066",
        "cumulative": false
    },
    {
        "date": "2021-02-19T15:24:58.523Z",
        "value": "3.679872804493595",
        "cumulative": false
    },
    {
        "date": "2021-02-19T15:26:08.944Z",
        "value": "3.6705443170190994",
        "cumulative": false
    },
    {
        "date": "2021-02-19T15:27:21.157Z",
        "value": "3.6135215604118245",
        "cumulative": false
    },
    {
        "date": "2021-02-19T15:28:33.139Z",
        "value": "3.774927197938759",
        "cumulative": false
    },
    {
        "date": "2021-02-19T15:29:45.065Z",
        "value": "3.5345462926365716",
        "cumulative": false
    },
    {
        "date": "2021-02-19T15:30:54.951Z",
        "value": "3.599843865538451",
        "cumulative": false
    },
    {
        "date": "2021-02-19T15:32:05.729Z",
        "value": "3.573845634338314",
        "cumulative": false
    },
    {
        "date": "2021-02-19T15:33:15.439Z",
        "value": "3.680771539966793",
        "cumulative": false
    },
    {
        "date": "2021-02-19T15:34:25.852Z",
        "value": "3.6049877760054785",
        "cumulative": false
    },
    {
        "date": "2021-02-19T15:35:37.203Z",
        "value": "3.5391661606366007",
        "cumulative": false
    },
    {
        "date": "2021-02-19T15:36:45.703Z",
        "value": "3.7102532366660075",
        "cumulative": false
    },
    {
        "date": "2021-02-19T15:37:56.686Z",
        "value": "3.532971449665021",
        "cumulative": false
    },
    {
        "date": "2021-02-19T15:39:06.996Z",
        "value": "3.524688647363151",
        "cumulative": false
    },
    {
        "date": "2021-02-19T15:40:18.687Z",
        "value": "3.597285938339828",
        "cumulative": false
    },
    {
        "date": "2021-02-19T15:41:30.034Z",
        "value": "3.6932886862353946",
        "cumulative": false
    },
    {
        "date": "2021-02-19T15:42:39.365Z",
        "value": "3.6361256982705847",
        "cumulative": false
    },
    {
        "date": "2021-02-19T15:43:50.715Z",
        "value": "3.591778040893063",
        "cumulative": false
    },
    {
        "date": "2021-02-19T15:45:01.802Z",
        "value": "3.6018286275584797",
        "cumulative": false
    },
    {
        "date": "2021-02-19T15:46:12.844Z",
        "value": "3.6067635719872144",
        "cumulative": false
    },
    {
        "date": "2021-02-19T15:47:21.483Z",
        "value": "3.414779575892857",
        "cumulative": false
    },
    {
        "date": "2021-02-19T15:48:30.979Z",
        "value": "3.4583294267199274",
        "cumulative": false
    },
    {
        "date": "2021-02-19T15:49:41.805Z",
        "value": "3.576649767287234",
        "cumulative": false
    },
    {
        "date": "2021-02-19T15:50:50.556Z",
        "value": "3.350780580739577",
        "cumulative": false
    },
    {
        "date": "2021-02-19T15:51:59.514Z",
        "value": "3.4574435703923734",
        "cumulative": false
    },
    {
        "date": "2021-02-19T15:53:09.931Z",
        "value": "3.535611533857729",
        "cumulative": false
    },
    {
        "date": "2021-02-19T15:54:20.955Z",
        "value": "3.5913507704085244",
        "cumulative": false
    },
    {
        "date": "2021-02-19T15:55:31.220Z",
        "value": "3.423425572519084",
        "cumulative": false
    },
    {
        "date": "2021-02-19T15:56:44.441Z",
        "value": "3.408370949900086",
        "cumulative": false
    },
    {
        "date": "2021-02-19T15:57:55.083Z",
        "value": "3.6033188292480336",
        "cumulative": false
    },
    {
        "date": "2021-02-19T15:59:05.104Z",
        "value": "3.6531479779411766",
        "cumulative": false
    },
    {
        "date": "2021-02-19T16:00:14.612Z",
        "value": "3.372107309553012",
        "cumulative": false
    },
    {
        "date": "2021-02-19T16:01:26.842Z",
        "value": "3.381693610978439",
        "cumulative": false
    },
    {
        "date": "2021-02-19T16:02:35.521Z",
        "value": "3.610065751799738",
        "cumulative": false
    },
    {
        "date": "2021-02-19T16:03:46.253Z",
        "value": "3.501974953723107",
        "cumulative": false
    },
    {
        "date": "2021-02-19T16:04:56.041Z",
        "value": "3.369784188607113",
        "cumulative": false
    },
    {
        "date": "2021-02-19T16:05:42.488Z",
        "value": "3.445197105407715",
        "cumulative": false
    },
    {
        "date": "2021-02-19T16:05:55.984Z",
        "value": "3.188050303117783",
        "cumulative": false
    },
    {
        "date": "2021-02-19T16:07:08.828Z",
        "value": "3.301651071331706",
        "cumulative": false
    },
    {
        "date": "2021-02-19T16:08:17.625Z",
        "value": "3.3437648841024554",
        "cumulative": false
    },
    {
        "date": "2021-02-19T16:09:29.085Z",
        "value": "3.6308290417385676",
        "cumulative": false
    },
    {
        "date": "2021-02-19T16:10:40.277Z",
        "value": "3.359337253525725",
        "cumulative": false
    },
    {
        "date": "2021-02-19T16:11:53.246Z",
        "value": "3.3896468251238305",
        "cumulative": false
    },
    {
        "date": "2021-02-19T16:13:03.957Z",
        "value": "3.3512643045774646",
        "cumulative": false
    },
    {
        "date": "2021-02-19T16:14:12.777Z",
        "value": "3.3936723425033244",
        "cumulative": false
    },
    {
        "date": "2021-02-19T16:15:24.154Z",
        "value": "3.626585977461637",
        "cumulative": false
    },
    {
        "date": "2021-02-19T16:16:35.892Z",
        "value": "3.299740254510309",
        "cumulative": false
    },
    {
        "date": "2021-02-19T16:17:47.389Z",
        "value": "3.5308351274727148",
        "cumulative": false
    },
    {
        "date": "2021-02-19T16:18:57.193Z",
        "value": "3.3008994396611824",
        "cumulative": false
    },
    {
        "date": "2021-02-19T16:20:04.437Z",
        "value": "3.2895399180150244",
        "cumulative": false
    },
    {
        "date": "2021-02-19T16:21:12.103Z",
        "value": "3.514338516706603",
        "cumulative": false
    },
    {
        "date": "2021-02-19T16:22:21.525Z",
        "value": "3.3670851422799175",
        "cumulative": false
    },
    {
        "date": "2021-02-19T16:23:31.763Z",
        "value": "3.380062285771587",
        "cumulative": false
    },
    {
        "date": "2021-02-19T16:24:41.649Z",
        "value": "3.422411125901606",
        "cumulative": false
    },
    {
        "date": "2021-02-19T16:25:50.059Z",
        "value": "3.3582422780272307",
        "cumulative": false
    },
    {
        "date": "2021-02-19T16:27:00.127Z",
        "value": "3.3037011586603517",
        "cumulative": false
    },
    {
        "date": "2021-02-19T16:28:10.965Z",
        "value": "3.3836138274372085",
        "cumulative": false
    },
    {
        "date": "2021-02-19T16:29:19.836Z",
        "value": "3.3325439721706545",
        "cumulative": false
    },
    {
        "date": "2021-02-19T16:30:30.746Z",
        "value": "3.197909801705152",
        "cumulative": false
    },
    {
        "date": "2021-02-19T16:31:40.128Z",
        "value": "3.1897554854725656",
        "cumulative": false
    },
    {
        "date": "2021-02-19T16:32:50.756Z",
        "value": "3.451904754924953",
        "cumulative": false
    },
    {
        "date": "2021-02-19T16:34:04.384Z",
        "value": "3.405646853146853",
        "cumulative": false
    },
    {
        "date": "2021-02-19T16:35:14.789Z",
        "value": "3.448146913109756",
        "cumulative": false
    },
    {
        "date": "2021-02-19T16:36:24.266Z",
        "value": "3.4640523014685884",
        "cumulative": false
    },
    {
        "date": "2021-02-19T16:37:35.632Z",
        "value": "3.3844911927191292",
        "cumulative": false
    },
    {
        "date": "2021-02-19T16:38:45.464Z",
        "value": "3.3123630895261766",
        "cumulative": false
    },
    {
        "date": "2021-02-19T16:39:56.558Z",
        "value": "3.22364704732192",
        "cumulative": false
    },
    {
        "date": "2021-02-19T16:41:06.244Z",
        "value": "3.5862824089375174",
        "cumulative": false
    },
    {
        "date": "2021-02-19T16:42:20.386Z",
        "value": "3.3698486909566023",
        "cumulative": false
    },
    {
        "date": "2021-02-19T16:43:31.603Z",
        "value": "3.34585570440645",
        "cumulative": false
    },
    {
        "date": "2021-02-19T16:44:41.551Z",
        "value": "3.2263953849337748",
        "cumulative": false
    },
    {
        "date": "2021-02-19T16:45:51.909Z",
        "value": "3.162583171610757",
        "cumulative": false
    },
    {
        "date": "2021-02-19T16:47:01.770Z",
        "value": "3.3302012233428417",
        "cumulative": false
    },
    {
        "date": "2021-02-19T16:48:14.087Z",
        "value": "3.2780222039473683",
        "cumulative": false
    },
    {
        "date": "2021-02-19T16:49:26.280Z",
        "value": "3.1681885475899234",
        "cumulative": false
    },
    {
        "date": "2021-02-19T16:50:37.559Z",
        "value": "3.315246644121948",
        "cumulative": false
    },
    {
        "date": "2021-02-19T16:51:48.422Z",
        "value": "3.3246664084022037",
        "cumulative": false
    },
    {
        "date": "2021-02-19T16:52:59.043Z",
        "value": "3.4220292361395255",
        "cumulative": false
    },
    {
        "date": "2021-02-19T16:54:08.481Z",
        "value": "3.3033531232872018",
        "cumulative": false
    },
    {
        "date": "2021-02-19T16:55:19.868Z",
        "value": "3.2732265805949625",
        "cumulative": false
    },
    {
        "date": "2021-02-19T16:56:31.578Z",
        "value": "3.282450079373573",
        "cumulative": false
    },
    {
        "date": "2021-02-19T16:57:42.621Z",
        "value": "3.1730723416140902",
        "cumulative": false
    },
    {
        "date": "2021-02-19T16:58:53.408Z",
        "value": "3.2788574349691606",
        "cumulative": false
    },
    {
        "date": "2021-02-19T17:00:03.731Z",
        "value": "3.298785215818041",
        "cumulative": false
    },
    {
        "date": "2021-02-19T17:01:17.763Z",
        "value": "3.2523893170142038",
        "cumulative": false
    },
    {
        "date": "2021-02-19T17:02:27.418Z",
        "value": "3.1692917233956432",
        "cumulative": false
    },
    {
        "date": "2021-02-19T17:03:38.045Z",
        "value": "3.3441311103118307",
        "cumulative": false
    },
    {
        "date": "2021-02-19T17:04:50.666Z",
        "value": "3.4631764875620177",
        "cumulative": false
    },
    {
        "date": "2021-02-19T17:05:58.836Z",
        "value": "3.3728998530943173",
        "cumulative": false
    },
    {
        "date": "2021-02-19T17:07:09.353Z",
        "value": "3.335746700424101",
        "cumulative": false
    },
    {
        "date": "2021-02-19T17:08:20.197Z",
        "value": "3.3289346762852463",
        "cumulative": false
    },
    {
        "date": "2021-02-19T17:09:28.522Z",
        "value": "3.497366104262599",
        "cumulative": false
    },
    {
        "date": "2021-02-19T17:10:39.245Z",
        "value": "3.3089774933600054",
        "cumulative": false
    },
    {
        "date": "2021-02-19T17:11:51.837Z",
        "value": "3.6257725545804793",
        "cumulative": false
    },
    {
        "date": "2021-02-19T17:13:01.131Z",
        "value": "3.4544042720401245",
        "cumulative": false
    },
    {
        "date": "2021-02-19T17:14:10.902Z",
        "value": "3.267837177357526",
        "cumulative": false
    },
    {
        "date": "2021-02-19T17:15:21.239Z",
        "value": "3.3014019810413404",
        "cumulative": false
    },
    {
        "date": "2021-02-19T17:16:31.001Z",
        "value": "3.2950743873728348",
        "cumulative": false
    },
    {
        "date": "2021-02-19T17:17:41.387Z",
        "value": "3.3134448340461473",
        "cumulative": false
    },
    {
        "date": "2021-02-19T17:18:51.440Z",
        "value": "3.4807156426127213",
        "cumulative": false
    },
    {
        "date": "2021-02-19T17:20:01.349Z",
        "value": "3.237002771044126",
        "cumulative": false
    },
    {
        "date": "2021-02-19T17:21:13.259Z",
        "value": "3.2788691160057772",
        "cumulative": false
    },
    {
        "date": "2021-02-19T17:22:23.410Z",
        "value": "3.3730851659234964",
        "cumulative": false
    },
    {
        "date": "2021-02-19T17:23:33.856Z",
        "value": "3.344112037298672",
        "cumulative": false
    },
    {
        "date": "2021-02-19T17:24:43.698Z",
        "value": "3.3917422731499607",
        "cumulative": false
    },
    {
        "date": "2021-02-19T17:25:53.914Z",
        "value": "3.320570880441674",
        "cumulative": false
    },
    {
        "date": "2021-02-19T17:27:04.694Z",
        "value": "3.1496331935975608",
        "cumulative": false
    },
    {
        "date": "2021-02-19T17:28:19.558Z",
        "value": "3.20224609375",
        "cumulative": false
    },
    {
        "date": "2021-02-19T17:29:28.469Z",
        "value": "3.3548846600506756",
        "cumulative": false
    },
    {
        "date": "2021-02-19T17:30:39.840Z",
        "value": "3.380983720784342",
        "cumulative": false
    },
    {
        "date": "2021-02-19T17:31:50.613Z",
        "value": "3.233388421474359",
        "cumulative": false
    },
    {
        "date": "2021-02-19T17:33:02.306Z",
        "value": "3.3721684099289133",
        "cumulative": false
    },
    {
        "date": "2021-02-19T17:34:14.314Z",
        "value": "3.2927693741331483",
        "cumulative": false
    },
    {
        "date": "2021-02-19T17:35:25.888Z",
        "value": "3.3979840292952743",
        "cumulative": false
    },
    {
        "date": "2021-02-19T17:36:38.586Z",
        "value": "3.45767029563701",
        "cumulative": false
    },
    {
        "date": "2021-02-19T17:37:23.871Z",
        "value": "3.240283250808716",
        "cumulative": false
    },
    {
        "date": "2021-02-19T17:37:46.102Z",
        "value": "3.032689619868135",
        "cumulative": false
    },
    {
        "date": "2021-02-19T17:38:57.774Z",
        "value": "3.303490372686427",
        "cumulative": false
    },
    {
        "date": "2021-02-19T17:40:08.585Z",
        "value": "3.227467066928428",
        "cumulative": false
    },
    {
        "date": "2021-02-19T17:41:19.808Z",
        "value": "3.3409456359152654",
        "cumulative": false
    },
    {
        "date": "2021-02-19T17:42:29.850Z",
        "value": "3.1321286195623164",
        "cumulative": false
    },
    {
        "date": "2021-02-19T17:43:40.748Z",
        "value": "3.109135744979274",
        "cumulative": false
    },
    {
        "date": "2021-02-19T17:44:50.157Z",
        "value": "3.215791927228899",
        "cumulative": false
    },
    {
        "date": "2021-02-19T17:46:00.916Z",
        "value": "3.2212020210597827",
        "cumulative": false
    },
    {
        "date": "2021-02-19T17:47:08.973Z",
        "value": "3.2969577502455105",
        "cumulative": false
    },
    {
        "date": "2021-02-19T17:48:22.909Z",
        "value": "3.140499806423377",
        "cumulative": false
    },
    {
        "date": "2021-02-19T17:49:34.895Z",
        "value": "3.2584142175705897",
        "cumulative": false
    },
    {
        "date": "2021-02-19T17:50:45.779Z",
        "value": "3.1990326883195075",
        "cumulative": false
    },
    {
        "date": "2021-02-19T17:51:55.716Z",
        "value": "3.273276504880694",
        "cumulative": false
    },
    {
        "date": "2021-02-19T17:53:05.221Z",
        "value": "3.192707809987942",
        "cumulative": false
    },
    {
        "date": "2021-02-19T17:54:16.536Z",
        "value": "3.0385902327444843",
        "cumulative": false
    },
    {
        "date": "2021-02-19T17:55:26.560Z",
        "value": "3.2457096602582918",
        "cumulative": false
    },
    {
        "date": "2021-02-19T17:56:37.347Z",
        "value": "3.283574046478776",
        "cumulative": false
    },
    {
        "date": "2021-02-19T17:57:48.123Z",
        "value": "3.2896447845230674",
        "cumulative": false
    },
    {
        "date": "2021-02-19T17:59:00.139Z",
        "value": "3.3902039519685885",
        "cumulative": false
    },
    {
        "date": "2021-02-19T18:00:08.042Z",
        "value": "3.093592612750195",
        "cumulative": false
    },
    {
        "date": "2021-02-19T18:01:16.522Z",
        "value": "3.0372680939616252",
        "cumulative": false
    },
    {
        "date": "2021-02-19T18:02:27.234Z",
        "value": "3.0943947626756683",
        "cumulative": false
    },
    {
        "date": "2021-02-19T18:03:35.197Z",
        "value": "3.2282708509016604",
        "cumulative": false
    },
    {
        "date": "2021-02-19T18:04:45.623Z",
        "value": "3.2091737910766764",
        "cumulative": false
    },
    {
        "date": "2021-02-19T18:05:57.486Z",
        "value": "3.15762345421123",
        "cumulative": false
    },
    {
        "date": "2021-02-19T18:07:08.603Z",
        "value": "3.3307573677289604",
        "cumulative": false
    },
    {
        "date": "2021-02-19T18:08:20.433Z",
        "value": "3.2886330557812076",
        "cumulative": false
    },
    {
        "date": "2021-02-19T18:09:30.685Z",
        "value": "3.115833154541854",
        "cumulative": false
    },
    {
        "date": "2021-02-19T18:10:39.278Z",
        "value": "3.2738392398959513",
        "cumulative": false
    },
    {
        "date": "2021-02-19T18:11:48.464Z",
        "value": "3.2408190815388656",
        "cumulative": false
    },
    {
        "date": "2021-02-19T18:12:59.970Z",
        "value": "3.197165517668428",
        "cumulative": false
    },
    {
        "date": "2021-02-19T18:14:10.793Z",
        "value": "3.1693301159649776",
        "cumulative": false
    },
    {
        "date": "2021-02-19T18:15:19.796Z",
        "value": "3.0889563160211266",
        "cumulative": false
    },
    {
        "date": "2021-02-19T18:16:29.191Z",
        "value": "3.293746458769177",
        "cumulative": false
    },
    {
        "date": "2021-02-19T18:17:38.530Z",
        "value": "3.2233231569118073",
        "cumulative": false
    },
    {
        "date": "2021-02-19T18:18:50.328Z",
        "value": "3.1937239843304335",
        "cumulative": false
    },
    {
        "date": "2021-02-19T18:20:01.810Z",
        "value": "3.1692021423466734",
        "cumulative": false
    },
    {
        "date": "2021-02-19T18:21:10.918Z",
        "value": "3.2817170751210236",
        "cumulative": false
    },
    {
        "date": "2021-02-19T18:22:21.084Z",
        "value": "3.150842098543753",
        "cumulative": false
    },
    {
        "date": "2021-02-19T18:23:32.719Z",
        "value": "3.2636222635360963",
        "cumulative": false
    },
    {
        "date": "2021-02-19T18:24:42.693Z",
        "value": "3.320817182127744",
        "cumulative": false
    },
    {
        "date": "2021-02-19T18:25:52.892Z",
        "value": "3.3374199956679806",
        "cumulative": false
    },
    {
        "date": "2021-02-19T18:27:03.048Z",
        "value": "3.253346676997245",
        "cumulative": false
    },
    {
        "date": "2021-02-19T18:28:15.300Z",
        "value": "3.2449590917893105",
        "cumulative": false
    },
    {
        "date": "2021-02-19T18:29:26.855Z",
        "value": "3.3088211143628588",
        "cumulative": false
    },
    {
        "date": "2021-02-19T18:30:38.423Z",
        "value": "3.1750443892045452",
        "cumulative": false
    },
    {
        "date": "2021-02-19T18:31:48.458Z",
        "value": "3.1847637629104875",
        "cumulative": false
    },
    {
        "date": "2021-02-19T18:33:04.003Z",
        "value": "3.2064077665812887",
        "cumulative": false
    },
    {
        "date": "2021-02-19T18:34:13.649Z",
        "value": "3.063412018068243",
        "cumulative": false
    },
    {
        "date": "2021-02-19T18:35:26.244Z",
        "value": "3.3284871866414836",
        "cumulative": false
    },
    {
        "date": "2021-02-19T18:36:35.533Z",
        "value": "3.1608614876060446",
        "cumulative": false
    },
    {
        "date": "2021-02-19T18:37:45.499Z",
        "value": "3.323666203782225",
        "cumulative": false
    },
    {
        "date": "2021-02-19T18:38:55.859Z",
        "value": "3.13036110737352",
        "cumulative": false
    },
    {
        "date": "2021-02-19T18:40:06.573Z",
        "value": "3.1195514319240543",
        "cumulative": false
    },
    {
        "date": "2021-02-19T18:41:15.688Z",
        "value": "3.168201992109753",
        "cumulative": false
    },
    {
        "date": "2021-02-19T18:42:24.966Z",
        "value": "3.299800235485385",
        "cumulative": false
    },
    {
        "date": "2021-02-19T18:43:35.117Z",
        "value": "3.3390929950942194",
        "cumulative": false
    },
    {
        "date": "2021-02-19T18:44:46.378Z",
        "value": "3.41971208653011",
        "cumulative": false
    },
    {
        "date": "2021-02-19T18:45:54.205Z",
        "value": "3.178528659963375",
        "cumulative": false
    },
    {
        "date": "2021-02-19T18:47:03.672Z",
        "value": "3.1824787217788324",
        "cumulative": false
    },
    {
        "date": "2021-02-19T18:48:15.111Z",
        "value": "3.200128959760274",
        "cumulative": false
    },
    {
        "date": "2021-02-19T18:49:25.144Z",
        "value": "3.306285237356201",
        "cumulative": false
    },
    {
        "date": "2021-02-19T18:50:36.550Z",
        "value": "3.090974950777112",
        "cumulative": false
    },
    {
        "date": "2021-02-19T18:51:48.588Z",
        "value": "3.0414769412756026",
        "cumulative": false
    },
    {
        "date": "2021-02-19T18:52:55.619Z",
        "value": "3.3570598710990502",
        "cumulative": false
    },
    {
        "date": "2021-02-19T18:54:05.345Z",
        "value": "3.120675108202803",
        "cumulative": false
    },
    {
        "date": "2021-02-19T18:55:14.339Z",
        "value": "3.2142064837432613",
        "cumulative": false
    },
    {
        "date": "2021-02-19T18:56:29.201Z",
        "value": "3.3140027457332493",
        "cumulative": false
    },
    {
        "date": "2021-02-19T18:57:39.736Z",
        "value": "3.176693633436945",
        "cumulative": false
    },
    {
        "date": "2021-02-19T18:58:47.307Z",
        "value": "3.2032894198642876",
        "cumulative": false
    },
    {
        "date": "2021-02-19T19:00:01.913Z",
        "value": "3.275016969037687",
        "cumulative": false
    },
    {
        "date": "2021-02-19T19:01:10.930Z",
        "value": "3.2548138920785945",
        "cumulative": false
    },
    {
        "date": "2021-02-19T19:02:19.451Z",
        "value": "3.336412232357257",
        "cumulative": false
    },
    {
        "date": "2021-02-19T19:03:29.549Z",
        "value": "3.1288286404875367",
        "cumulative": false
    },
    {
        "date": "2021-02-19T19:04:37.877Z",
        "value": "3.113004159471307",
        "cumulative": false
    },
    {
        "date": "2021-02-19T19:05:48.160Z",
        "value": "3.1698994437038555",
        "cumulative": false
    },
    {
        "date": "2021-02-19T19:06:59.362Z",
        "value": "3.149810862189039",
        "cumulative": false
    },
    {
        "date": "2021-02-19T19:08:11.846Z",
        "value": "3.0542641547117215",
        "cumulative": false
    },
    {
        "date": "2021-02-19T19:08:58.559Z",
        "value": "3.151982307434082",
        "cumulative": false
    },
    {
        "date": "2021-02-19T19:09:20.616Z",
        "value": "3.0778612042907696",
        "cumulative": false
    },
    {
        "date": "2021-02-19T19:10:31.785Z",
        "value": "3.1758237092391304",
        "cumulative": false
    },
    {
        "date": "2021-02-19T19:11:42.944Z",
        "value": "3.2356450465864115",
        "cumulative": false
    },
    {
        "date": "2021-02-19T19:12:52.216Z",
        "value": "3.1198233923621244",
        "cumulative": false
    },
    {
        "date": "2021-02-19T19:14:01.788Z",
        "value": "3.0207333557029985",
        "cumulative": false
    },
    {
        "date": "2021-02-19T19:15:12.848Z",
        "value": "2.9916589508806664",
        "cumulative": false
    },
    {
        "date": "2021-02-19T19:16:24.088Z",
        "value": "3.1377498851102943",
        "cumulative": false
    },
    {
        "date": "2021-02-19T19:17:35.000Z",
        "value": "3.199219820498767",
        "cumulative": false
    },
    {
        "date": "2021-02-19T19:18:45.197Z",
        "value": "3.0654891186894884",
        "cumulative": false
    },
    {
        "date": "2021-02-19T19:19:53.528Z",
        "value": "3.2738661306026238",
        "cumulative": false
    },
    {
        "date": "2021-02-19T19:21:03.467Z",
        "value": "3.226561701937483",
        "cumulative": false
    },
    {
        "date": "2021-02-19T19:22:15.828Z",
        "value": "3.3340294198626585",
        "cumulative": false
    },
    {
        "date": "2021-02-19T19:23:27.748Z",
        "value": "3.159072968614484",
        "cumulative": false
    },
    {
        "date": "2021-02-19T19:24:38.713Z",
        "value": "3.0343725019984014",
        "cumulative": false
    },
    {
        "date": "2021-02-19T19:25:47.413Z",
        "value": "3.247489092477962",
        "cumulative": false
    },
    {
        "date": "2021-02-19T19:26:59.567Z",
        "value": "3.2109936857876713",
        "cumulative": false
    },
    {
        "date": "2021-02-19T19:28:09.636Z",
        "value": "3.086344807106692",
        "cumulative": false
    },
    {
        "date": "2021-02-19T19:29:18.184Z",
        "value": "3.135543282560184",
        "cumulative": false
    },
    {
        "date": "2021-02-19T19:30:29.010Z",
        "value": "3.1097262126539325",
        "cumulative": false
    },
    {
        "date": "2021-02-19T19:31:40.368Z",
        "value": "3.334668345593302",
        "cumulative": false
    },
    {
        "date": "2021-02-19T19:32:48.476Z",
        "value": "2.99608852463585",
        "cumulative": false
    },
    {
        "date": "2021-02-19T19:33:58.209Z",
        "value": "3.1336890114100817",
        "cumulative": false
    },
    {
        "date": "2021-02-19T19:35:08.765Z",
        "value": "3.356826429494153",
        "cumulative": false
    },
    {
        "date": "2021-02-19T19:36:20.535Z",
        "value": "3.0752785244172025",
        "cumulative": false
    },
    {
        "date": "2021-02-19T19:37:34.139Z",
        "value": "3.3295365249027506",
        "cumulative": false
    },
    {
        "date": "2021-02-19T19:38:43.648Z",
        "value": "3.2112927038354075",
        "cumulative": false
    },
    {
        "date": "2021-02-19T19:39:51.847Z",
        "value": "3.0524067230973815",
        "cumulative": false
    },
    {
        "date": "2021-02-19T19:41:04.756Z",
        "value": "3.1128991968733173",
        "cumulative": false
    },
    {
        "date": "2021-02-19T19:42:14.652Z",
        "value": "3.271843798511149",
        "cumulative": false
    },
    {
        "date": "2021-02-19T19:43:26.450Z",
        "value": "3.2614721070137977",
        "cumulative": false
    },
    {
        "date": "2021-02-19T19:44:37.160Z",
        "value": "3.293168235111209",
        "cumulative": false
    },
    {
        "date": "2021-02-19T19:45:47.053Z",
        "value": "3.1734373977153707",
        "cumulative": false
    },
    {
        "date": "2021-02-19T19:46:55.342Z",
        "value": "3.174162501226131",
        "cumulative": false
    },
    {
        "date": "2021-02-19T19:48:05.138Z",
        "value": "2.9330942826214463",
        "cumulative": false
    },
    {
        "date": "2021-02-19T19:49:15.644Z",
        "value": "3.1025993138435233",
        "cumulative": false
    },
    {
        "date": "2021-02-19T19:50:25.959Z",
        "value": "3.1498687287414966",
        "cumulative": false
    },
    {
        "date": "2021-02-19T19:51:37.658Z",
        "value": "3.323836550245098",
        "cumulative": false
    },
    {
        "date": "2021-02-19T19:52:49.731Z",
        "value": "3.140730416836181",
        "cumulative": false
    },
    {
        "date": "2021-02-19T19:54:00.387Z",
        "value": "3.044529905513635",
        "cumulative": false
    },
    {
        "date": "2021-02-19T19:55:10.339Z",
        "value": "3.1494359694354435",
        "cumulative": false
    },
    {
        "date": "2021-02-19T19:56:21.520Z",
        "value": "3.2093422258697135",
        "cumulative": false
    },
    {
        "date": "2021-02-19T19:57:33.106Z",
        "value": "3.285377151297725",
        "cumulative": false
    },
    {
        "date": "2021-02-19T19:58:43.648Z",
        "value": "3.1667207036445864",
        "cumulative": false
    },
    {
        "date": "2021-02-19T19:59:52.391Z",
        "value": "3.194093743555815",
        "cumulative": false
    },
    {
        "date": "2021-02-19T20:01:04.454Z",
        "value": "3.1682736380303824",
        "cumulative": false
    },
    {
        "date": "2021-02-19T20:02:16.368Z",
        "value": "3.0350308276423057",
        "cumulative": false
    },
    {
        "date": "2021-02-19T20:03:24.968Z",
        "value": "3.3066742797312223",
        "cumulative": false
    },
    {
        "date": "2021-02-19T20:04:35.222Z",
        "value": "3.1305075648601157",
        "cumulative": false
    },
    {
        "date": "2021-02-19T20:05:45.848Z",
        "value": "2.9957480593567656",
        "cumulative": false
    },
    {
        "date": "2021-02-19T20:06:54.434Z",
        "value": "3.020945876039025",
        "cumulative": false
    },
    {
        "date": "2021-02-19T20:08:03.141Z",
        "value": "3.2104500891265597",
        "cumulative": false
    },
    {
        "date": "2021-02-19T20:09:13.827Z",
        "value": "2.931646195229453",
        "cumulative": false
    },
    {
        "date": "2021-02-19T20:10:21.989Z",
        "value": "3.114076462580285",
        "cumulative": false
    },
    {
        "date": "2021-02-19T20:11:31.454Z",
        "value": "3.198271721132217",
        "cumulative": false
    },
    {
        "date": "2021-02-19T20:12:40.591Z",
        "value": "3.0642835679945053",
        "cumulative": false
    },
    {
        "date": "2021-02-19T20:13:51.431Z",
        "value": "3.051653486662902",
        "cumulative": false
    },
    {
        "date": "2021-02-19T20:15:00.969Z",
        "value": "3.085927728946637",
        "cumulative": false
    },
    {
        "date": "2021-02-19T20:16:10.157Z",
        "value": "3.0734905925900655",
        "cumulative": false
    },
    {
        "date": "2021-02-19T20:17:20.550Z",
        "value": "3.1099061078274164",
        "cumulative": false
    },
    {
        "date": "2021-02-19T20:18:31.133Z",
        "value": "3.152361413921189",
        "cumulative": false
    },
    {
        "date": "2021-02-19T20:19:41.968Z",
        "value": "2.9911998963292175",
        "cumulative": false
    },
    {
        "date": "2021-02-19T20:20:55.497Z",
        "value": "3.1816903623014787",
        "cumulative": false
    },
    {
        "date": "2021-02-19T20:22:05.120Z",
        "value": "3.1414585966426944",
        "cumulative": false
    },
    {
        "date": "2021-02-19T20:23:16.255Z",
        "value": "2.945387855477648",
        "cumulative": false
    },
    {
        "date": "2021-02-19T20:24:27.025Z",
        "value": "2.932941177106392",
        "cumulative": false
    },
    {
        "date": "2021-02-19T20:25:36.358Z",
        "value": "3.038998007550336",
        "cumulative": false
    },
    {
        "date": "2021-02-19T20:26:46.622Z",
        "value": "2.9659529584585953",
        "cumulative": false
    },
    {
        "date": "2021-02-19T20:27:58.471Z",
        "value": "2.9717621793978255",
        "cumulative": false
    },
    {
        "date": "2021-02-19T20:29:08.894Z",
        "value": "3.1712627942902514",
        "cumulative": false
    },
    {
        "date": "2021-02-19T20:30:18.088Z",
        "value": "3.077508523858508",
        "cumulative": false
    },
    {
        "date": "2021-02-19T20:31:30.375Z",
        "value": "2.9977238155718338",
        "cumulative": false
    },
    {
        "date": "2021-02-19T20:32:43.955Z",
        "value": "3.008469180212642",
        "cumulative": false
    },
    {
        "date": "2021-02-19T20:33:55.054Z",
        "value": "2.965650822055223",
        "cumulative": false
    },
    {
        "date": "2021-02-19T20:35:06.458Z",
        "value": "3.1659176004496663",
        "cumulative": false
    },
    {
        "date": "2021-02-19T20:36:17.501Z",
        "value": "3.2483071829785755",
        "cumulative": false
    },
    {
        "date": "2021-02-19T20:37:26.869Z",
        "value": "3.0361554307711884",
        "cumulative": false
    },
    {
        "date": "2021-02-19T20:38:37.769Z",
        "value": "3.2733498432975785",
        "cumulative": false
    },
    {
        "date": "2021-02-19T20:39:47.837Z",
        "value": "3.1942121735759073",
        "cumulative": false
    },
    {
        "date": "2021-02-19T20:40:33.651Z",
        "value": "3.05441951751709",
        "cumulative": false
    },
    {
        "date": "2021-02-19T20:40:55.583Z",
        "value": "2.206466998541372",
        "cumulative": false
    },
    {
        "date": "2021-02-19T20:42:07.589Z",
        "value": "3.0223721834671884",
        "cumulative": false
    },
    {
        "date": "2021-02-19T20:43:20.427Z",
        "value": "3.001108994888716",
        "cumulative": false
    },
    {
        "date": "2021-02-19T20:44:29.982Z",
        "value": "2.8279440378511613",
        "cumulative": false
    },
    {
        "date": "2021-02-19T20:45:40.388Z",
        "value": "3.036880987527226",
        "cumulative": false
    },
    {
        "date": "2021-02-19T20:46:49.914Z",
        "value": "2.9414322179985857",
        "cumulative": false
    },
    {
        "date": "2021-02-19T20:48:00.389Z",
        "value": "3.0749218521162858",
        "cumulative": false
    },
    {
        "date": "2021-02-19T20:49:12.734Z",
        "value": "2.8981809501713305",
        "cumulative": false
    },
    {
        "date": "2021-02-19T20:50:23.659Z",
        "value": "3.0365250227399945",
        "cumulative": false
    },
    {
        "date": "2021-02-19T20:51:35.349Z",
        "value": "2.977047186051268",
        "cumulative": false
    },
    {
        "date": "2021-02-19T20:52:46.082Z",
        "value": "2.913278592687075",
        "cumulative": false
    },
    {
        "date": "2021-02-19T20:53:54.300Z",
        "value": "3.0431695290020926",
        "cumulative": false
    },
    {
        "date": "2021-02-19T20:55:05.574Z",
        "value": "2.8987335465912127",
        "cumulative": false
    },
    {
        "date": "2021-02-19T20:56:14.807Z",
        "value": "2.995181158012023",
        "cumulative": false
    },
    {
        "date": "2021-02-19T20:57:26.436Z",
        "value": "3.1321252004845754",
        "cumulative": false
    },
    {
        "date": "2021-02-19T20:58:38.818Z",
        "value": "3.048436762574164",
        "cumulative": false
    },
    {
        "date": "2021-02-19T20:59:46.327Z",
        "value": "2.9397273718328756",
        "cumulative": false
    },
    {
        "date": "2021-02-19T21:00:55.985Z",
        "value": "3.0943858203621346",
        "cumulative": false
    },
    {
        "date": "2021-02-19T21:02:05.495Z",
        "value": "3.1324596774193547",
        "cumulative": false
    },
    {
        "date": "2021-02-19T21:03:13.937Z",
        "value": "3.0451284411011525",
        "cumulative": false
    },
    {
        "date": "2021-02-19T21:04:24.461Z",
        "value": "3.1369345807014626",
        "cumulative": false
    },
    {
        "date": "2021-02-19T21:05:34.915Z",
        "value": "2.898578258378813",
        "cumulative": false
    },
    {
        "date": "2021-02-19T21:06:44.142Z",
        "value": "2.979954715519515",
        "cumulative": false
    },
    {
        "date": "2021-02-19T21:07:57.028Z",
        "value": "3.01197509439321",
        "cumulative": false
    }
]