[
    {
        "date": "2021-02-19T16:05:50.326Z",
        "value": "276.8180811405182",
        "cumulative": false
    },
    {
        "date": "2021-02-19T17:37:42.520Z",
        "value": "275.7501196861267",
        "cumulative": false
    },
    {
        "date": "2021-02-19T19:09:17.530Z",
        "value": "277.47424387931824",
        "cumulative": false
    },
    {
        "date": "2021-02-19T20:40:52.600Z",
        "value": "278.2131223678589",
        "cumulative": false
    },
    {
        "date": "2021-02-19T21:08:46.151Z",
        "value": "83.31711626052856",
        "cumulative": false
    }
]