[
    {
        "date": "2021-02-19T16:05:50.285Z",
        "value": "592.8177828788757",
        "cumulative": false
    },
    {
        "date": "2021-02-19T17:37:42.715Z",
        "value": "594.0780291557312",
        "cumulative": false
    },
    {
        "date": "2021-02-19T19:09:17.491Z",
        "value": "593.360922574997",
        "cumulative": false
    },
    {
        "date": "2021-02-19T20:40:52.442Z",
        "value": "594.4962632656097",
        "cumulative": false
    },
    {
        "date": "2021-02-19T21:08:45.949Z",
        "value": "178.14170479774475",
        "cumulative": false
    }
]