[
    {
        "date": "2021-02-19T16:05:50.285Z",
        "value": "5480.045045375824",
        "cumulative": false
    },
    {
        "date": "2021-02-19T17:37:42.715Z",
        "value": "5478.389823675156",
        "cumulative": false
    },
    {
        "date": "2021-02-19T19:09:17.491Z",
        "value": "5462.032112121582",
        "cumulative": false
    },
    {
        "date": "2021-02-19T20:40:52.442Z",
        "value": "5462.654828548431",
        "cumulative": false
    },
    {
        "date": "2021-02-19T21:08:45.948Z",
        "value": "1640.5853004455566",
        "cumulative": false
    }
]