[
    {
        "date": "2021-02-19T16:05:50.343Z",
        "value": "273.33180928230286",
        "cumulative": false
    },
    {
        "date": "2021-02-19T17:37:42.621Z",
        "value": "271.34294080734253",
        "cumulative": false
    },
    {
        "date": "2021-02-19T19:09:17.461Z",
        "value": "272.6613612174988",
        "cumulative": false
    },
    {
        "date": "2021-02-19T20:40:52.459Z",
        "value": "272.6333487033844",
        "cumulative": false
    },
    {
        "date": "2021-02-19T21:08:46.230Z",
        "value": "81.97598123550415",
        "cumulative": false
    }
]