[
    {
        "date": "2021-02-19T16:05:50.144Z",
        "value": "44.98566007614136",
        "cumulative": false
    },
    {
        "date": "2021-02-19T17:37:42.700Z",
        "value": "43.593766927719116",
        "cumulative": false
    },
    {
        "date": "2021-02-19T19:09:17.293Z",
        "value": "42.47999691963196",
        "cumulative": false
    },
    {
        "date": "2021-02-19T20:40:52.654Z",
        "value": "42.313257932662964",
        "cumulative": false
    },
    {
        "date": "2021-02-19T21:08:46.570Z",
        "value": "12.621321201324463",
        "cumulative": false
    }
]