[
    {
        "date": "2021-02-19T16:05:50.285Z",
        "value": "48.510708808898926",
        "cumulative": false
    },
    {
        "date": "2021-02-19T17:37:42.715Z",
        "value": "44.36402153968811",
        "cumulative": false
    },
    {
        "date": "2021-02-19T19:09:17.491Z",
        "value": "43.06744718551636",
        "cumulative": false
    },
    {
        "date": "2021-02-19T20:40:52.442Z",
        "value": "42.803658962249756",
        "cumulative": false
    },
    {
        "date": "2021-02-19T21:08:45.949Z",
        "value": "12.669272184371948",
        "cumulative": false
    }
]