[
    {
        "date": "2021-02-19T14:34:15.088Z",
        "value": "8.919606989823246",
        "cumulative": false
    },
    {
        "date": "2021-02-19T14:35:28.677Z",
        "value": "9.08310814994339",
        "cumulative": false
    },
    {
        "date": "2021-02-19T14:36:40.166Z",
        "value": "8.421915678651844",
        "cumulative": false
    },
    {
        "date": "2021-02-19T14:37:49.062Z",
        "value": "8.027048820281124",
        "cumulative": false
    },
    {
        "date": "2021-02-19T14:38:59.288Z",
        "value": "7.885259984439834",
        "cumulative": false
    },
    {
        "date": "2021-02-19T14:40:11.614Z",
        "value": "7.749462007156359",
        "cumulative": false
    },
    {
        "date": "2021-02-19T14:41:22.101Z",
        "value": "7.511752199290875",
        "cumulative": false
    },
    {
        "date": "2021-02-19T14:42:31.121Z",
        "value": "7.283903768239927",
        "cumulative": false
    },
    {
        "date": "2021-02-19T14:43:40.398Z",
        "value": "6.898651274875622",
        "cumulative": false
    },
    {
        "date": "2021-02-19T14:44:50.782Z",
        "value": "6.7178957312091505",
        "cumulative": false
    },
    {
        "date": "2021-02-19T14:46:04.603Z",
        "value": "6.204046775592828",
        "cumulative": false
    },
    {
        "date": "2021-02-19T14:47:16.065Z",
        "value": "5.9642525337837835",
        "cumulative": false
    },
    {
        "date": "2021-02-19T14:48:26.998Z",
        "value": "5.607857537297219",
        "cumulative": false
    },
    {
        "date": "2021-02-19T14:49:40.209Z",
        "value": "5.213347878344481",
        "cumulative": false
    },
    {
        "date": "2021-02-19T14:50:50.321Z",
        "value": "5.082593077576444",
        "cumulative": false
    },
    {
        "date": "2021-02-19T14:52:02.833Z",
        "value": "5.206499654514346",
        "cumulative": false
    },
    {
        "date": "2021-02-19T14:53:10.148Z",
        "value": "4.635361639551465",
        "cumulative": false
    },
    {
        "date": "2021-02-19T14:54:21.906Z",
        "value": "4.596861084605598",
        "cumulative": false
    },
    {
        "date": "2021-02-19T14:55:32.306Z",
        "value": "4.572000724117772",
        "cumulative": false
    },
    {
        "date": "2021-02-19T14:56:43.787Z",
        "value": "4.185662310356201",
        "cumulative": false
    },
    {
        "date": "2021-02-19T14:57:52.693Z",
        "value": "4.1805241708892105",
        "cumulative": false
    },
    {
        "date": "2021-02-19T14:59:06.567Z",
        "value": "4.066272125070942",
        "cumulative": false
    },
    {
        "date": "2021-02-19T15:00:15.882Z",
        "value": "4.23570744812253",
        "cumulative": false
    },
    {
        "date": "2021-02-19T15:01:26.499Z",
        "value": "3.9189114493031476",
        "cumulative": false
    },
    {
        "date": "2021-02-19T15:02:41.664Z",
        "value": "3.765616726237755",
        "cumulative": false
    },
    {
        "date": "2021-02-19T15:03:50.302Z",
        "value": "4.104924642283233",
        "cumulative": false
    },
    {
        "date": "2021-02-19T15:05:01.706Z",
        "value": "4.185495878857163",
        "cumulative": false
    },
    {
        "date": "2021-02-19T15:06:11.983Z",
        "value": "3.834357110932534",
        "cumulative": false
    },
    {
        "date": "2021-02-19T15:07:20.426Z",
        "value": "3.9335396510160496",
        "cumulative": false
    },
    {
        "date": "2021-02-19T15:08:31.006Z",
        "value": "4.007737320392829",
        "cumulative": false
    },
    {
        "date": "2021-02-19T15:09:42.919Z",
        "value": "3.879575761572793",
        "cumulative": false
    },
    {
        "date": "2021-02-19T15:10:53.083Z",
        "value": "3.932860301461312",
        "cumulative": false
    },
    {
        "date": "2021-02-19T15:12:01.122Z",
        "value": "3.907617412126222",
        "cumulative": false
    },
    {
        "date": "2021-02-19T15:13:12.426Z",
        "value": "3.6817686987704916",
        "cumulative": false
    },
    {
        "date": "2021-02-19T15:14:21.511Z",
        "value": "3.9852530739524146",
        "cumulative": false
    },
    {
        "date": "2021-02-19T15:15:32.266Z",
        "value": "3.8227562570801474",
        "cumulative": false
    },
    {
        "date": "2021-02-19T15:16:43.358Z",
        "value": "3.738878645122783",
        "cumulative": false
    },
    {
        "date": "2021-02-19T15:17:53.911Z",
        "value": "3.8437908160797214",
        "cumulative": false
    },
    {
        "date": "2021-02-19T15:19:04.026Z",
        "value": "3.974091622906142",
        "cumulative": false
    },
    {
        "date": "2021-02-19T15:20:13.702Z",
        "value": "3.7225872714474417",
        "cumulative": false
    },
    {
        "date": "2021-02-19T15:21:25.348Z",
        "value": "3.787818298419879",
        "cumulative": false
    },
    {
        "date": "2021-02-19T15:22:36.968Z",
        "value": "3.609071062291856",
        "cumulative": false
    },
    {
        "date": "2021-02-19T15:23:48.304Z",
        "value": "3.6852069805194807",
        "cumulative": false
    },
    {
        "date": "2021-02-19T15:24:58.507Z",
        "value": "3.675646390055775",
        "cumulative": false
    },
    {
        "date": "2021-02-19T15:26:08.920Z",
        "value": "3.775575735393107",
        "cumulative": false
    },
    {
        "date": "2021-02-19T15:27:21.153Z",
        "value": "3.892360787560992",
        "cumulative": false
    },
    {
        "date": "2021-02-19T15:28:33.135Z",
        "value": "3.647878258373852",
        "cumulative": false
    },
    {
        "date": "2021-02-19T15:29:45.062Z",
        "value": "3.8074265011192954",
        "cumulative": false
    },
    {
        "date": "2021-02-19T15:30:54.946Z",
        "value": "3.609340103294249",
        "cumulative": false
    },
    {
        "date": "2021-02-19T15:32:05.731Z",
        "value": "3.579560029040573",
        "cumulative": false
    },
    {
        "date": "2021-02-19T15:33:15.428Z",
        "value": "3.696678521771568",
        "cumulative": false
    },
    {
        "date": "2021-02-19T15:34:25.846Z",
        "value": "3.552026939798774",
        "cumulative": false
    },
    {
        "date": "2021-02-19T15:35:37.199Z",
        "value": "3.5578896420268054",
        "cumulative": false
    },
    {
        "date": "2021-02-19T15:36:45.502Z",
        "value": "3.529831411513821",
        "cumulative": false
    },
    {
        "date": "2021-02-19T15:37:56.681Z",
        "value": "3.479152917720107",
        "cumulative": false
    },
    {
        "date": "2021-02-19T15:39:06.995Z",
        "value": "3.433600224758576",
        "cumulative": false
    },
    {
        "date": "2021-02-19T15:40:18.683Z",
        "value": "3.626552302759111",
        "cumulative": false
    },
    {
        "date": "2021-02-19T15:41:30.030Z",
        "value": "3.686412003473159",
        "cumulative": false
    },
    {
        "date": "2021-02-19T15:42:39.363Z",
        "value": "3.4725661621748456",
        "cumulative": false
    },
    {
        "date": "2021-02-19T15:43:50.694Z",
        "value": "3.5674876952562626",
        "cumulative": false
    },
    {
        "date": "2021-02-19T15:45:01.801Z",
        "value": "3.4189943127881746",
        "cumulative": false
    },
    {
        "date": "2021-02-19T15:46:12.848Z",
        "value": "3.7804663289881435",
        "cumulative": false
    },
    {
        "date": "2021-02-19T15:47:21.498Z",
        "value": "3.615279789869114",
        "cumulative": false
    },
    {
        "date": "2021-02-19T15:48:30.980Z",
        "value": "3.5151650928499243",
        "cumulative": false
    },
    {
        "date": "2021-02-19T15:49:41.807Z",
        "value": "3.5887683912937742",
        "cumulative": false
    },
    {
        "date": "2021-02-19T15:50:50.554Z",
        "value": "3.4051479408881398",
        "cumulative": false
    },
    {
        "date": "2021-02-19T15:51:59.514Z",
        "value": "3.5033505844821162",
        "cumulative": false
    },
    {
        "date": "2021-02-19T15:53:09.930Z",
        "value": "3.604539946973791",
        "cumulative": false
    },
    {
        "date": "2021-02-19T15:54:20.957Z",
        "value": "3.620415204627571",
        "cumulative": false
    },
    {
        "date": "2021-02-19T15:55:31.217Z",
        "value": "3.46642220897592",
        "cumulative": false
    },
    {
        "date": "2021-02-19T15:56:44.441Z",
        "value": "3.5834416549768235",
        "cumulative": false
    },
    {
        "date": "2021-02-19T15:57:55.072Z",
        "value": "3.502124991512765",
        "cumulative": false
    },
    {
        "date": "2021-02-19T15:59:05.101Z",
        "value": "3.5795196698361393",
        "cumulative": false
    },
    {
        "date": "2021-02-19T16:00:14.611Z",
        "value": "3.5699973739495796",
        "cumulative": false
    },
    {
        "date": "2021-02-19T16:01:26.842Z",
        "value": "3.3824629412697296",
        "cumulative": false
    },
    {
        "date": "2021-02-19T16:02:35.506Z",
        "value": "3.451522018314473",
        "cumulative": false
    },
    {
        "date": "2021-02-19T16:03:46.251Z",
        "value": "3.6268002049954657",
        "cumulative": false
    },
    {
        "date": "2021-02-19T16:04:56.040Z",
        "value": "3.5013683631575505",
        "cumulative": false
    },
    {
        "date": "2021-02-19T16:05:42.485Z",
        "value": "3.445197105407715",
        "cumulative": false
    },
    {
        "date": "2021-02-19T16:05:55.969Z",
        "value": "2.9848407153742555",
        "cumulative": false
    },
    {
        "date": "2021-02-19T16:07:08.827Z",
        "value": "3.3714537125571917",
        "cumulative": false
    },
    {
        "date": "2021-02-19T16:08:17.622Z",
        "value": "3.252569423665869",
        "cumulative": false
    },
    {
        "date": "2021-02-19T16:09:29.084Z",
        "value": "3.354342269243139",
        "cumulative": false
    },
    {
        "date": "2021-02-19T16:10:40.267Z",
        "value": "3.3818351407397333",
        "cumulative": false
    },
    {
        "date": "2021-02-19T16:11:53.246Z",
        "value": "3.3940370799309045",
        "cumulative": false
    },
    {
        "date": "2021-02-19T16:13:03.950Z",
        "value": "3.625171539642756",
        "cumulative": false
    },
    {
        "date": "2021-02-19T16:14:12.771Z",
        "value": "3.621856174698795",
        "cumulative": false
    },
    {
        "date": "2021-02-19T16:15:24.150Z",
        "value": "3.5676873597174543",
        "cumulative": false
    },
    {
        "date": "2021-02-19T16:16:35.894Z",
        "value": "3.5134794987687923",
        "cumulative": false
    },
    {
        "date": "2021-02-19T16:17:47.388Z",
        "value": "3.470304236582659",
        "cumulative": false
    },
    {
        "date": "2021-02-19T16:18:57.195Z",
        "value": "3.5878513576267483",
        "cumulative": false
    },
    {
        "date": "2021-02-19T16:20:04.414Z",
        "value": "3.469923742442351",
        "cumulative": false
    },
    {
        "date": "2021-02-19T16:21:12.103Z",
        "value": "3.3233100187234887",
        "cumulative": false
    },
    {
        "date": "2021-02-19T16:22:21.525Z",
        "value": "3.3665283599242835",
        "cumulative": false
    },
    {
        "date": "2021-02-19T16:23:31.763Z",
        "value": "3.434097764450254",
        "cumulative": false
    },
    {
        "date": "2021-02-19T16:24:41.651Z",
        "value": "3.3381661523489488",
        "cumulative": false
    },
    {
        "date": "2021-02-19T16:25:50.061Z",
        "value": "3.3109350703279614",
        "cumulative": false
    },
    {
        "date": "2021-02-19T16:27:00.128Z",
        "value": "3.6100262219606756",
        "cumulative": false
    },
    {
        "date": "2021-02-19T16:28:10.965Z",
        "value": "3.3951223273026314",
        "cumulative": false
    },
    {
        "date": "2021-02-19T16:29:19.819Z",
        "value": "3.1950951773264085",
        "cumulative": false
    },
    {
        "date": "2021-02-19T16:30:30.746Z",
        "value": "3.4361458486474565",
        "cumulative": false
    },
    {
        "date": "2021-02-19T16:31:40.092Z",
        "value": "3.387184366196002",
        "cumulative": false
    },
    {
        "date": "2021-02-19T16:32:50.776Z",
        "value": "3.2482738852437065",
        "cumulative": false
    },
    {
        "date": "2021-02-19T16:34:04.383Z",
        "value": "3.3919385733437415",
        "cumulative": false
    },
    {
        "date": "2021-02-19T16:35:14.797Z",
        "value": "3.5434695195777413",
        "cumulative": false
    },
    {
        "date": "2021-02-19T16:36:24.267Z",
        "value": "3.4181082589285716",
        "cumulative": false
    },
    {
        "date": "2021-02-19T16:37:35.633Z",
        "value": "3.4880589384191176",
        "cumulative": false
    },
    {
        "date": "2021-02-19T16:38:45.467Z",
        "value": "3.331568738403656",
        "cumulative": false
    },
    {
        "date": "2021-02-19T16:39:56.559Z",
        "value": "3.3729637856758212",
        "cumulative": false
    },
    {
        "date": "2021-02-19T16:41:06.239Z",
        "value": "3.209036711388398",
        "cumulative": false
    },
    {
        "date": "2021-02-19T16:42:20.386Z",
        "value": "3.285848202741143",
        "cumulative": false
    },
    {
        "date": "2021-02-19T16:43:31.603Z",
        "value": "3.4151139393223544",
        "cumulative": false
    },
    {
        "date": "2021-02-19T16:44:41.553Z",
        "value": "3.2657075602770176",
        "cumulative": false
    },
    {
        "date": "2021-02-19T16:45:51.909Z",
        "value": "3.4930173900834403",
        "cumulative": false
    },
    {
        "date": "2021-02-19T16:47:01.563Z",
        "value": "3.3916740458366825",
        "cumulative": false
    },
    {
        "date": "2021-02-19T16:48:14.086Z",
        "value": "3.429576894098682",
        "cumulative": false
    },
    {
        "date": "2021-02-19T16:49:26.277Z",
        "value": "3.231319806031419",
        "cumulative": false
    },
    {
        "date": "2021-02-19T16:50:37.560Z",
        "value": "3.265792980138484",
        "cumulative": false
    },
    {
        "date": "2021-02-19T16:51:48.421Z",
        "value": "3.3658017694712905",
        "cumulative": false
    },
    {
        "date": "2021-02-19T16:52:59.044Z",
        "value": "3.380884598105507",
        "cumulative": false
    },
    {
        "date": "2021-02-19T16:54:08.477Z",
        "value": "3.4785794593437007",
        "cumulative": false
    },
    {
        "date": "2021-02-19T16:55:19.870Z",
        "value": "3.2499739652759265",
        "cumulative": false
    },
    {
        "date": "2021-02-19T16:56:31.584Z",
        "value": "3.4013901127394766",
        "cumulative": false
    },
    {
        "date": "2021-02-19T16:57:42.624Z",
        "value": "3.34146342724325",
        "cumulative": false
    },
    {
        "date": "2021-02-19T16:58:53.408Z",
        "value": "3.2747921352827762",
        "cumulative": false
    },
    {
        "date": "2021-02-19T17:00:03.736Z",
        "value": "3.3489444545381137",
        "cumulative": false
    },
    {
        "date": "2021-02-19T17:01:17.764Z",
        "value": "3.361483721444659",
        "cumulative": false
    },
    {
        "date": "2021-02-19T17:02:27.422Z",
        "value": "3.277773934698395",
        "cumulative": false
    },
    {
        "date": "2021-02-19T17:03:38.045Z",
        "value": "3.5154561227702885",
        "cumulative": false
    },
    {
        "date": "2021-02-19T17:04:50.666Z",
        "value": "3.354947494597515",
        "cumulative": false
    },
    {
        "date": "2021-02-19T17:05:58.838Z",
        "value": "3.2004732295502367",
        "cumulative": false
    },
    {
        "date": "2021-02-19T17:07:09.352Z",
        "value": "3.275893620835637",
        "cumulative": false
    },
    {
        "date": "2021-02-19T17:08:20.184Z",
        "value": "3.3521133946240105",
        "cumulative": false
    },
    {
        "date": "2021-02-19T17:09:28.522Z",
        "value": "3.3068323994158573",
        "cumulative": false
    },
    {
        "date": "2021-02-19T17:10:39.246Z",
        "value": "3.3565414671567306",
        "cumulative": false
    },
    {
        "date": "2021-02-19T17:11:51.840Z",
        "value": "3.306164946286381",
        "cumulative": false
    },
    {
        "date": "2021-02-19T17:13:01.134Z",
        "value": "3.3967657662147794",
        "cumulative": false
    },
    {
        "date": "2021-02-19T17:14:10.901Z",
        "value": "3.1791918141988553",
        "cumulative": false
    },
    {
        "date": "2021-02-19T17:15:21.250Z",
        "value": "3.2665219241059336",
        "cumulative": false
    },
    {
        "date": "2021-02-19T17:16:31.005Z",
        "value": "3.30247546581042",
        "cumulative": false
    },
    {
        "date": "2021-02-19T17:17:41.386Z",
        "value": "3.3562643536745407",
        "cumulative": false
    },
    {
        "date": "2021-02-19T17:18:51.439Z",
        "value": "3.466547725010124",
        "cumulative": false
    },
    {
        "date": "2021-02-19T17:20:01.349Z",
        "value": "3.248612783166034",
        "cumulative": false
    },
    {
        "date": "2021-02-19T17:21:13.259Z",
        "value": "3.4742723360097987",
        "cumulative": false
    },
    {
        "date": "2021-02-19T17:22:23.412Z",
        "value": "3.359562257297804",
        "cumulative": false
    },
    {
        "date": "2021-02-19T17:23:33.836Z",
        "value": "3.2858278010568123",
        "cumulative": false
    },
    {
        "date": "2021-02-19T17:24:43.686Z",
        "value": "3.2645340516963364",
        "cumulative": false
    },
    {
        "date": "2021-02-19T17:25:53.915Z",
        "value": "3.338551124899112",
        "cumulative": false
    },
    {
        "date": "2021-02-19T17:27:04.697Z",
        "value": "3.280679250511596",
        "cumulative": false
    },
    {
        "date": "2021-02-19T17:28:19.560Z",
        "value": "3.2173003956800303",
        "cumulative": false
    },
    {
        "date": "2021-02-19T17:29:28.471Z",
        "value": "3.2381600824260475",
        "cumulative": false
    },
    {
        "date": "2021-02-19T17:30:39.841Z",
        "value": "3.2757924013434088",
        "cumulative": false
    },
    {
        "date": "2021-02-19T17:31:50.625Z",
        "value": "3.446203225187016",
        "cumulative": false
    },
    {
        "date": "2021-02-19T17:33:02.308Z",
        "value": "3.320860136838766",
        "cumulative": false
    },
    {
        "date": "2021-02-19T17:34:14.458Z",
        "value": "3.333718430462076",
        "cumulative": false
    },
    {
        "date": "2021-02-19T17:35:25.887Z",
        "value": "3.4034155408321825",
        "cumulative": false
    },
    {
        "date": "2021-02-19T17:36:38.586Z",
        "value": "3.465177210365854",
        "cumulative": false
    },
    {
        "date": "2021-02-19T17:37:23.871Z",
        "value": "3.240283250808716",
        "cumulative": false
    },
    {
        "date": "2021-02-19T17:37:46.086Z",
        "value": "3.0208332485181084",
        "cumulative": false
    },
    {
        "date": "2021-02-19T17:38:57.752Z",
        "value": "3.2662581887701836",
        "cumulative": false
    },
    {
        "date": "2021-02-19T17:40:08.585Z",
        "value": "3.1888104345294357",
        "cumulative": false
    },
    {
        "date": "2021-02-19T17:41:19.809Z",
        "value": "3.4120864847369856",
        "cumulative": false
    },
    {
        "date": "2021-02-19T17:42:29.851Z",
        "value": "3.3628561426044477",
        "cumulative": false
    },
    {
        "date": "2021-02-19T17:43:40.748Z",
        "value": "3.3011820874183004",
        "cumulative": false
    },
    {
        "date": "2021-02-19T17:44:50.176Z",
        "value": "3.30638810363323",
        "cumulative": false
    },
    {
        "date": "2021-02-19T17:46:00.915Z",
        "value": "3.082637782750135",
        "cumulative": false
    },
    {
        "date": "2021-02-19T17:47:08.963Z",
        "value": "3.269934714891769",
        "cumulative": false
    },
    {
        "date": "2021-02-19T17:48:22.907Z",
        "value": "3.105441761554199",
        "cumulative": false
    },
    {
        "date": "2021-02-19T17:49:34.894Z",
        "value": "3.2894073981771577",
        "cumulative": false
    },
    {
        "date": "2021-02-19T17:50:45.781Z",
        "value": "3.133511453075186",
        "cumulative": false
    },
    {
        "date": "2021-02-19T17:51:55.717Z",
        "value": "3.3041098592372427",
        "cumulative": false
    },
    {
        "date": "2021-02-19T17:53:05.228Z",
        "value": "3.3443881048387096",
        "cumulative": false
    },
    {
        "date": "2021-02-19T17:54:16.540Z",
        "value": "3.409087558962264",
        "cumulative": false
    },
    {
        "date": "2021-02-19T17:55:26.550Z",
        "value": "3.2489120935815365",
        "cumulative": false
    },
    {
        "date": "2021-02-19T17:56:37.348Z",
        "value": "3.1273949092741935",
        "cumulative": false
    },
    {
        "date": "2021-02-19T17:57:48.106Z",
        "value": "3.114476484982569",
        "cumulative": false
    },
    {
        "date": "2021-02-19T17:59:00.139Z",
        "value": "3.1295265603683493",
        "cumulative": false
    },
    {
        "date": "2021-02-19T18:00:08.042Z",
        "value": "3.25565408810867",
        "cumulative": false
    },
    {
        "date": "2021-02-19T18:01:16.524Z",
        "value": "3.297306605747768",
        "cumulative": false
    },
    {
        "date": "2021-02-19T18:02:27.236Z",
        "value": "3.358965156492123",
        "cumulative": false
    },
    {
        "date": "2021-02-19T18:03:35.136Z",
        "value": "3.2750078755040324",
        "cumulative": false
    },
    {
        "date": "2021-02-19T18:04:45.624Z",
        "value": "3.2125010388962765",
        "cumulative": false
    },
    {
        "date": "2021-02-19T18:05:57.494Z",
        "value": "3.2184987637917115",
        "cumulative": false
    },
    {
        "date": "2021-02-19T18:07:08.604Z",
        "value": "3.149492430255336",
        "cumulative": false
    },
    {
        "date": "2021-02-19T18:08:20.429Z",
        "value": "3.079300347222222",
        "cumulative": false
    },
    {
        "date": "2021-02-19T18:09:30.685Z",
        "value": "3.0509446330655443",
        "cumulative": false
    },
    {
        "date": "2021-02-19T18:10:39.280Z",
        "value": "3.089091536357161",
        "cumulative": false
    },
    {
        "date": "2021-02-19T18:11:48.467Z",
        "value": "3.206773576080931",
        "cumulative": false
    },
    {
        "date": "2021-02-19T18:12:59.976Z",
        "value": "3.174393061155914",
        "cumulative": false
    },
    {
        "date": "2021-02-19T18:14:10.785Z",
        "value": "3.124204799107143",
        "cumulative": false
    },
    {
        "date": "2021-02-19T18:15:19.780Z",
        "value": "3.247374713124655",
        "cumulative": false
    },
    {
        "date": "2021-02-19T18:16:29.194Z",
        "value": "3.1070334375897475",
        "cumulative": false
    },
    {
        "date": "2021-02-19T18:17:38.532Z",
        "value": "3.087503074513256",
        "cumulative": false
    },
    {
        "date": "2021-02-19T18:18:50.329Z",
        "value": "3.3042718281036834",
        "cumulative": false
    },
    {
        "date": "2021-02-19T18:20:01.807Z",
        "value": "3.2654361945009183",
        "cumulative": false
    },
    {
        "date": "2021-02-19T18:21:10.920Z",
        "value": "3.2730157482322544",
        "cumulative": false
    },
    {
        "date": "2021-02-19T18:22:21.087Z",
        "value": "3.2412657974168817",
        "cumulative": false
    },
    {
        "date": "2021-02-19T18:23:32.719Z",
        "value": "3.151990281752521",
        "cumulative": false
    },
    {
        "date": "2021-02-19T18:24:42.692Z",
        "value": "3.266808423328071",
        "cumulative": false
    },
    {
        "date": "2021-02-19T18:25:52.894Z",
        "value": "3.2164619107295223",
        "cumulative": false
    },
    {
        "date": "2021-02-19T18:27:03.048Z",
        "value": "3.1599126629818595",
        "cumulative": false
    },
    {
        "date": "2021-02-19T18:28:15.304Z",
        "value": "3.288166016632285",
        "cumulative": false
    },
    {
        "date": "2021-02-19T18:29:26.860Z",
        "value": "3.4773171803098935",
        "cumulative": false
    },
    {
        "date": "2021-02-19T18:30:38.424Z",
        "value": "3.3122671826392818",
        "cumulative": false
    },
    {
        "date": "2021-02-19T18:31:48.463Z",
        "value": "3.0037366842697444",
        "cumulative": false
    },
    {
        "date": "2021-02-19T18:33:04.005Z",
        "value": "3.3710802402420947",
        "cumulative": false
    },
    {
        "date": "2021-02-19T18:34:13.659Z",
        "value": "3.2268076729320825",
        "cumulative": false
    },
    {
        "date": "2021-02-19T18:35:26.247Z",
        "value": "3.2081991162477266",
        "cumulative": false
    },
    {
        "date": "2021-02-19T18:36:35.530Z",
        "value": "3.2502204722775563",
        "cumulative": false
    },
    {
        "date": "2021-02-19T18:37:45.500Z",
        "value": "3.2321864536830356",
        "cumulative": false
    },
    {
        "date": "2021-02-19T18:38:55.868Z",
        "value": "3.2391723597905346",
        "cumulative": false
    },
    {
        "date": "2021-02-19T18:40:06.574Z",
        "value": "3.2461762308515043",
        "cumulative": false
    },
    {
        "date": "2021-02-19T18:41:15.688Z",
        "value": "3.274881011074029",
        "cumulative": false
    },
    {
        "date": "2021-02-19T18:42:24.952Z",
        "value": "3.2578271471748126",
        "cumulative": false
    },
    {
        "date": "2021-02-19T18:43:35.117Z",
        "value": "3.122316833989273",
        "cumulative": false
    },
    {
        "date": "2021-02-19T18:44:46.378Z",
        "value": "3.4428812886332416",
        "cumulative": false
    },
    {
        "date": "2021-02-19T18:45:54.210Z",
        "value": "3.1431339314896865",
        "cumulative": false
    },
    {
        "date": "2021-02-19T18:47:03.672Z",
        "value": "3.36476458442152",
        "cumulative": false
    },
    {
        "date": "2021-02-19T18:48:15.113Z",
        "value": "3.1639965382392097",
        "cumulative": false
    },
    {
        "date": "2021-02-19T18:49:25.145Z",
        "value": "3.2159092535494636",
        "cumulative": false
    },
    {
        "date": "2021-02-19T18:50:36.550Z",
        "value": "3.1918545518900108",
        "cumulative": false
    },
    {
        "date": "2021-02-19T18:51:48.587Z",
        "value": "3.3418940009645612",
        "cumulative": false
    },
    {
        "date": "2021-02-19T18:52:55.620Z",
        "value": "3.2339157367507076",
        "cumulative": false
    },
    {
        "date": "2021-02-19T18:54:05.346Z",
        "value": "3.2486403823357612",
        "cumulative": false
    },
    {
        "date": "2021-02-19T18:55:14.336Z",
        "value": "3.192157333933246",
        "cumulative": false
    },
    {
        "date": "2021-02-19T18:56:29.076Z",
        "value": "3.3813609972677594",
        "cumulative": false
    },
    {
        "date": "2021-02-19T18:57:39.736Z",
        "value": "3.3059317290336017",
        "cumulative": false
    },
    {
        "date": "2021-02-19T18:58:47.308Z",
        "value": "3.0645878040057224",
        "cumulative": false
    },
    {
        "date": "2021-02-19T19:00:01.907Z",
        "value": "3.227647285840303",
        "cumulative": false
    },
    {
        "date": "2021-02-19T19:01:10.928Z",
        "value": "3.396241624628621",
        "cumulative": false
    },
    {
        "date": "2021-02-19T19:02:19.453Z",
        "value": "3.236914330786401",
        "cumulative": false
    },
    {
        "date": "2021-02-19T19:03:29.541Z",
        "value": "3.318419941170417",
        "cumulative": false
    },
    {
        "date": "2021-02-19T19:04:37.877Z",
        "value": "3.0942393639135255",
        "cumulative": false
    },
    {
        "date": "2021-02-19T19:05:48.161Z",
        "value": "3.1409740917465654",
        "cumulative": false
    },
    {
        "date": "2021-02-19T19:06:59.362Z",
        "value": "3.2209501914114513",
        "cumulative": false
    },
    {
        "date": "2021-02-19T19:08:11.852Z",
        "value": "3.2603307269559987",
        "cumulative": false
    },
    {
        "date": "2021-02-19T19:08:58.559Z",
        "value": "3.151982307434082",
        "cumulative": false
    },
    {
        "date": "2021-02-19T19:09:20.616Z",
        "value": "2.57959960379783",
        "cumulative": false
    },
    {
        "date": "2021-02-19T19:10:31.775Z",
        "value": "3.0930668674365407",
        "cumulative": false
    },
    {
        "date": "2021-02-19T19:11:42.944Z",
        "value": "3.11114053973397",
        "cumulative": false
    },
    {
        "date": "2021-02-19T19:12:52.212Z",
        "value": "3.020066896414269",
        "cumulative": false
    },
    {
        "date": "2021-02-19T19:14:01.791Z",
        "value": "3.191498200026491",
        "cumulative": false
    },
    {
        "date": "2021-02-19T19:15:12.850Z",
        "value": "3.012654088526811",
        "cumulative": false
    },
    {
        "date": "2021-02-19T19:16:24.074Z",
        "value": "3.212154423051255",
        "cumulative": false
    },
    {
        "date": "2021-02-19T19:17:34.995Z",
        "value": "3.117323074257256",
        "cumulative": false
    },
    {
        "date": "2021-02-19T19:18:45.211Z",
        "value": "3.2251293516995614",
        "cumulative": false
    },
    {
        "date": "2021-02-19T19:19:53.505Z",
        "value": "3.2344349936006824",
        "cumulative": false
    },
    {
        "date": "2021-02-19T19:21:03.452Z",
        "value": "3.1661601462254065",
        "cumulative": false
    },
    {
        "date": "2021-02-19T19:22:15.824Z",
        "value": "3.067514219635269",
        "cumulative": false
    },
    {
        "date": "2021-02-19T19:23:27.750Z",
        "value": "3.021282532294833",
        "cumulative": false
    },
    {
        "date": "2021-02-19T19:24:38.715Z",
        "value": "3.2955997599548152",
        "cumulative": false
    },
    {
        "date": "2021-02-19T19:25:47.415Z",
        "value": "3.067843718413073",
        "cumulative": false
    },
    {
        "date": "2021-02-19T19:26:59.571Z",
        "value": "3.2455731628071836",
        "cumulative": false
    },
    {
        "date": "2021-02-19T19:28:09.599Z",
        "value": "3.0657250889679717",
        "cumulative": false
    },
    {
        "date": "2021-02-19T19:29:18.189Z",
        "value": "3.0872450828807994",
        "cumulative": false
    },
    {
        "date": "2021-02-19T19:30:29.012Z",
        "value": "3.4013309277784747",
        "cumulative": false
    },
    {
        "date": "2021-02-19T19:31:40.377Z",
        "value": "3.2831156401780897",
        "cumulative": false
    },
    {
        "date": "2021-02-19T19:32:48.446Z",
        "value": "3.2904952063428876",
        "cumulative": false
    },
    {
        "date": "2021-02-19T19:33:58.213Z",
        "value": "3.0688669217687075",
        "cumulative": false
    },
    {
        "date": "2021-02-19T19:35:08.763Z",
        "value": "3.171660278947744",
        "cumulative": false
    },
    {
        "date": "2021-02-19T19:36:20.539Z",
        "value": "3.2054143228483336",
        "cumulative": false
    },
    {
        "date": "2021-02-19T19:37:34.142Z",
        "value": "3.1437734856757453",
        "cumulative": false
    },
    {
        "date": "2021-02-19T19:38:43.651Z",
        "value": "3.139540711783235",
        "cumulative": false
    },
    {
        "date": "2021-02-19T19:39:51.848Z",
        "value": "3.0867290354894106",
        "cumulative": false
    },
    {
        "date": "2021-02-19T19:41:04.756Z",
        "value": "3.1087941182731607",
        "cumulative": false
    },
    {
        "date": "2021-02-19T19:42:14.653Z",
        "value": "3.1412063255079627",
        "cumulative": false
    },
    {
        "date": "2021-02-19T19:43:26.450Z",
        "value": "3.2300540315960595",
        "cumulative": false
    },
    {
        "date": "2021-02-19T19:44:37.145Z",
        "value": "3.2094344451647845",
        "cumulative": false
    },
    {
        "date": "2021-02-19T19:45:47.051Z",
        "value": "3.0834302969858154",
        "cumulative": false
    },
    {
        "date": "2021-02-19T19:46:55.342Z",
        "value": "3.04703621031746",
        "cumulative": false
    },
    {
        "date": "2021-02-19T19:48:05.129Z",
        "value": "3.0474325419445956",
        "cumulative": false
    },
    {
        "date": "2021-02-19T19:49:15.647Z",
        "value": "3.1054779773622045",
        "cumulative": false
    },
    {
        "date": "2021-02-19T19:50:25.961Z",
        "value": "3.267692254685777",
        "cumulative": false
    },
    {
        "date": "2021-02-19T19:51:37.658Z",
        "value": "3.188017084357444",
        "cumulative": false
    },
    {
        "date": "2021-02-19T19:52:49.734Z",
        "value": "3.108640377458345",
        "cumulative": false
    },
    {
        "date": "2021-02-19T19:54:00.386Z",
        "value": "3.1546150718351855",
        "cumulative": false
    },
    {
        "date": "2021-02-19T19:55:10.331Z",
        "value": "3.15649267870509",
        "cumulative": false
    },
    {
        "date": "2021-02-19T19:56:21.520Z",
        "value": "3.231429676899593",
        "cumulative": false
    },
    {
        "date": "2021-02-19T19:57:33.108Z",
        "value": "3.2733895839141343",
        "cumulative": false
    },
    {
        "date": "2021-02-19T19:58:43.650Z",
        "value": "3.0502977582924626",
        "cumulative": false
    },
    {
        "date": "2021-02-19T19:59:52.408Z",
        "value": "3.221217784662356",
        "cumulative": false
    },
    {
        "date": "2021-02-19T20:01:04.454Z",
        "value": "3.1519276352481875",
        "cumulative": false
    },
    {
        "date": "2021-02-19T20:02:16.365Z",
        "value": "3.0234082440832832",
        "cumulative": false
    },
    {
        "date": "2021-02-19T20:03:24.955Z",
        "value": "3.159157309066124",
        "cumulative": false
    },
    {
        "date": "2021-02-19T20:04:35.227Z",
        "value": "2.9768020163003883",
        "cumulative": false
    },
    {
        "date": "2021-02-19T20:05:45.861Z",
        "value": "3.0958277376980052",
        "cumulative": false
    },
    {
        "date": "2021-02-19T20:06:54.434Z",
        "value": "3.07470957375093",
        "cumulative": false
    },
    {
        "date": "2021-02-19T20:08:03.146Z",
        "value": "3.172774824468859",
        "cumulative": false
    },
    {
        "date": "2021-02-19T20:09:13.821Z",
        "value": "3.265447847585075",
        "cumulative": false
    },
    {
        "date": "2021-02-19T20:10:21.994Z",
        "value": "3.4183001893939395",
        "cumulative": false
    },
    {
        "date": "2021-02-19T20:11:31.455Z",
        "value": "3.1045742784525108",
        "cumulative": false
    },
    {
        "date": "2021-02-19T20:12:40.597Z",
        "value": "2.9765124803063823",
        "cumulative": false
    },
    {
        "date": "2021-02-19T20:13:51.426Z",
        "value": "3.1494880109366137",
        "cumulative": false
    },
    {
        "date": "2021-02-19T20:15:00.964Z",
        "value": "3.09045813353381",
        "cumulative": false
    },
    {
        "date": "2021-02-19T20:16:10.153Z",
        "value": "3.0909828629032257",
        "cumulative": false
    },
    {
        "date": "2021-02-19T20:17:20.556Z",
        "value": "3.1010422510229674",
        "cumulative": false
    },
    {
        "date": "2021-02-19T20:18:31.137Z",
        "value": "3.0896435624668084",
        "cumulative": false
    },
    {
        "date": "2021-02-19T20:19:41.970Z",
        "value": "3.1430438968306738",
        "cumulative": false
    },
    {
        "date": "2021-02-19T20:20:55.503Z",
        "value": "3.0698990291489627",
        "cumulative": false
    },
    {
        "date": "2021-02-19T20:22:05.121Z",
        "value": "3.1949919530184174",
        "cumulative": false
    },
    {
        "date": "2021-02-19T20:23:16.257Z",
        "value": "3.0990287162162162",
        "cumulative": false
    },
    {
        "date": "2021-02-19T20:24:27.016Z",
        "value": "3.0479267690373564",
        "cumulative": false
    },
    {
        "date": "2021-02-19T20:25:36.367Z",
        "value": "3.1626117152893136",
        "cumulative": false
    },
    {
        "date": "2021-02-19T20:26:46.624Z",
        "value": "3.1215788686285553",
        "cumulative": false
    },
    {
        "date": "2021-02-19T20:27:58.473Z",
        "value": "3.041812702760858",
        "cumulative": false
    },
    {
        "date": "2021-02-19T20:29:08.895Z",
        "value": "3.1458070500564195",
        "cumulative": false
    },
    {
        "date": "2021-02-19T20:30:18.103Z",
        "value": "2.8495383773868457",
        "cumulative": false
    },
    {
        "date": "2021-02-19T20:31:30.378Z",
        "value": "3.2403046772742146",
        "cumulative": false
    },
    {
        "date": "2021-02-19T20:32:43.962Z",
        "value": "2.985078104911288",
        "cumulative": false
    },
    {
        "date": "2021-02-19T20:33:55.061Z",
        "value": "3.022954491765659",
        "cumulative": false
    },
    {
        "date": "2021-02-19T20:35:06.452Z",
        "value": "3.1243736647233487",
        "cumulative": false
    },
    {
        "date": "2021-02-19T20:36:17.491Z",
        "value": "2.9086277630341306",
        "cumulative": false
    },
    {
        "date": "2021-02-19T20:37:26.869Z",
        "value": "3.0172611999108794",
        "cumulative": false
    },
    {
        "date": "2021-02-19T20:38:37.770Z",
        "value": "2.9774263725584684",
        "cumulative": false
    },
    {
        "date": "2021-02-19T20:39:47.839Z",
        "value": "3.128680459606632",
        "cumulative": false
    },
    {
        "date": "2021-02-19T20:40:33.650Z",
        "value": "3.05441951751709",
        "cumulative": false
    },
    {
        "date": "2021-02-19T20:40:55.585Z",
        "value": "3.0389099570807545",
        "cumulative": false
    },
    {
        "date": "2021-02-19T20:42:07.591Z",
        "value": "2.894300031232404",
        "cumulative": false
    },
    {
        "date": "2021-02-19T20:43:20.429Z",
        "value": "2.79542759011311",
        "cumulative": false
    },
    {
        "date": "2021-02-19T20:44:29.990Z",
        "value": "3.1690049419188537",
        "cumulative": false
    },
    {
        "date": "2021-02-19T20:45:40.389Z",
        "value": "2.9969226156884874",
        "cumulative": false
    },
    {
        "date": "2021-02-19T20:46:49.908Z",
        "value": "3.021812553496181",
        "cumulative": false
    },
    {
        "date": "2021-02-19T20:48:00.388Z",
        "value": "3.009318585440563",
        "cumulative": false
    },
    {
        "date": "2021-02-19T20:49:12.746Z",
        "value": "2.9014718286099863",
        "cumulative": false
    },
    {
        "date": "2021-02-19T20:50:23.665Z",
        "value": "2.8732549644577903",
        "cumulative": false
    },
    {
        "date": "2021-02-19T20:51:35.351Z",
        "value": "2.962909716565462",
        "cumulative": false
    },
    {
        "date": "2021-02-19T20:52:46.071Z",
        "value": "3.1770651112432065",
        "cumulative": false
    },
    {
        "date": "2021-02-19T20:53:54.301Z",
        "value": "3.0486794139352607",
        "cumulative": false
    },
    {
        "date": "2021-02-19T20:55:05.570Z",
        "value": "3.0420936884842518",
        "cumulative": false
    },
    {
        "date": "2021-02-19T20:56:14.808Z",
        "value": "2.9784397478288254",
        "cumulative": false
    },
    {
        "date": "2021-02-19T20:57:26.419Z",
        "value": "3.022566258469791",
        "cumulative": false
    },
    {
        "date": "2021-02-19T20:58:38.824Z",
        "value": "3.1127726517291263",
        "cumulative": false
    },
    {
        "date": "2021-02-19T20:59:46.328Z",
        "value": "3.06039832128824",
        "cumulative": false
    },
    {
        "date": "2021-02-19T21:00:55.990Z",
        "value": "2.8872913550448733",
        "cumulative": false
    },
    {
        "date": "2021-02-19T21:02:05.496Z",
        "value": "2.957167933702897",
        "cumulative": false
    },
    {
        "date": "2021-02-19T21:03:13.938Z",
        "value": "3.006545530396815",
        "cumulative": false
    },
    {
        "date": "2021-02-19T21:04:24.463Z",
        "value": "2.96982785998388",
        "cumulative": false
    },
    {
        "date": "2021-02-19T21:05:34.894Z",
        "value": "2.7245504559957685",
        "cumulative": false
    },
    {
        "date": "2021-02-19T21:06:44.144Z",
        "value": "2.864327833202699",
        "cumulative": false
    },
    {
        "date": "2021-02-19T21:07:57.017Z",
        "value": "2.816754074355889",
        "cumulative": false
    }
]