[
    {
        "date": "2021-02-19T16:05:51.993Z",
        "value": "50.636876344680786",
        "cumulative": false
    },
    {
        "date": "2021-02-19T17:37:40.841Z",
        "value": "50.047463178634644",
        "cumulative": false
    },
    {
        "date": "2021-02-19T19:09:15.528Z",
        "value": "49.99778985977173",
        "cumulative": false
    },
    {
        "date": "2021-02-19T20:40:50.663Z",
        "value": "49.95361828804016",
        "cumulative": false
    },
    {
        "date": "2021-02-19T21:08:44.220Z",
        "value": "15.004940748214722",
        "cumulative": false
    }
]