[
    {
        "date": "2021-02-19T16:05:50.228Z",
        "value": "0.12422704696655273",
        "cumulative": false
    },
    {
        "date": "2021-02-19T17:37:42.334Z",
        "value": "0.11531305313110352",
        "cumulative": false
    },
    {
        "date": "2021-02-19T19:09:17.198Z",
        "value": "0.1136319637298584",
        "cumulative": false
    },
    {
        "date": "2021-02-19T20:40:52.399Z",
        "value": "0.12089681625366211",
        "cumulative": false
    },
    {
        "date": "2021-02-19T21:08:45.659Z",
        "value": "0.036994218826293945",
        "cumulative": false
    }
]