[
    {
        "date": "2020-12-08T10:52:56.447Z",
        "value": "7.03125",
        "cumulative": false
    },
    {
        "date": "2020-12-08T10:52:57.399Z",
        "value": "16.40625",
        "cumulative": false
    },
    {
        "date": "2020-12-08T10:52:58.261Z",
        "value": "22.65625",
        "cumulative": false
    },
    {
        "date": "2020-12-08T10:52:59.153Z",
        "value": "24.21875",
        "cumulative": false
    },
    {
        "date": "2020-12-08T10:52:59.967Z",
        "value": "42.1875",
        "cumulative": false
    },
    {
        "date": "2020-12-08T10:53:00.840Z",
        "value": "34.375",
        "cumulative": false
    },
    {
        "date": "2020-12-08T10:53:01.678Z",
        "value": "37.5",
        "cumulative": false
    },
    {
        "date": "2020-12-08T10:53:02.554Z",
        "value": "32.8125",
        "cumulative": false
    },
    {
        "date": "2020-12-08T10:53:03.384Z",
        "value": "33.59375",
        "cumulative": false
    },
    {
        "date": "2020-12-08T10:53:04.282Z",
        "value": "44.53125",
        "cumulative": false
    },
    {
        "date": "2020-12-08T10:53:05.131Z",
        "value": "45.3125",
        "cumulative": false
    },
    {
        "date": "2020-12-08T10:53:05.959Z",
        "value": "34.375",
        "cumulative": false
    },
    {
        "date": "2020-12-08T10:53:06.861Z",
        "value": "56.25",
        "cumulative": false
    },
    {
        "date": "2020-12-08T10:53:07.728Z",
        "value": "38.28125",
        "cumulative": false
    },
    {
        "date": "2020-12-08T10:53:08.575Z",
        "value": "44.53125",
        "cumulative": false
    },
    {
        "date": "2020-12-08T10:53:09.476Z",
        "value": "48.4375",
        "cumulative": false
    },
    {
        "date": "2020-12-08T10:53:11.758Z",
        "value": "53.125",
        "cumulative": false
    },
    {
        "date": "2020-12-08T10:53:12.621Z",
        "value": "50.78125",
        "cumulative": false
    },
    {
        "date": "2020-12-08T10:53:13.458Z",
        "value": "58.59375",
        "cumulative": false
    },
    {
        "date": "2020-12-08T10:53:14.323Z",
        "value": "54.6875",
        "cumulative": false
    },
    {
        "date": "2020-12-08T10:53:15.151Z",
        "value": "48.4375",
        "cumulative": false
    },
    {
        "date": "2020-12-08T10:53:16.023Z",
        "value": "53.125",
        "cumulative": false
    },
    {
        "date": "2020-12-08T10:53:16.884Z",
        "value": "61.71875",
        "cumulative": false
    },
    {
        "date": "2020-12-08T10:53:17.744Z",
        "value": "67.1875",
        "cumulative": false
    },
    {
        "date": "2020-12-08T10:53:18.565Z",
        "value": "58.59375",
        "cumulative": false
    },
    {
        "date": "2020-12-08T10:53:19.481Z",
        "value": "54.6875",
        "cumulative": false
    },
    {
        "date": "2020-12-08T10:53:20.390Z",
        "value": "61.71875",
        "cumulative": false
    },
    {
        "date": "2020-12-08T10:53:21.340Z",
        "value": "60.15625",
        "cumulative": false
    },
    {
        "date": "2020-12-08T10:53:22.259Z",
        "value": "53.125",
        "cumulative": false
    },
    {
        "date": "2020-12-08T10:53:23.090Z",
        "value": "64.84375",
        "cumulative": false
    },
    {
        "date": "2020-12-08T10:53:23.972Z",
        "value": "60.9375",
        "cumulative": false
    },
    {
        "date": "2020-12-08T10:53:24.834Z",
        "value": "54.6875",
        "cumulative": false
    },
    {
        "date": "2020-12-08T10:53:27.129Z",
        "value": "61.71875",
        "cumulative": false
    },
    {
        "date": "2020-12-08T10:53:28.062Z",
        "value": "59.375",
        "cumulative": false
    },
    {
        "date": "2020-12-08T10:53:28.961Z",
        "value": "60.9375",
        "cumulative": false
    },
    {
        "date": "2020-12-08T10:53:29.808Z",
        "value": "61.71875",
        "cumulative": false
    },
    {
        "date": "2020-12-08T10:53:30.709Z",
        "value": "61.71875",
        "cumulative": false
    },
    {
        "date": "2020-12-08T10:53:31.561Z",
        "value": "63.28125",
        "cumulative": false
    },
    {
        "date": "2020-12-08T10:53:32.420Z",
        "value": "64.0625",
        "cumulative": false
    },
    {
        "date": "2020-12-08T10:53:33.277Z",
        "value": "58.59375",
        "cumulative": false
    },
    {
        "date": "2020-12-08T10:53:34.120Z",
        "value": "63.28125",
        "cumulative": false
    },
    {
        "date": "2020-12-08T10:53:35.043Z",
        "value": "73.4375",
        "cumulative": false
    },
    {
        "date": "2020-12-08T10:53:35.927Z",
        "value": "62.5",
        "cumulative": false
    },
    {
        "date": "2020-12-08T10:53:36.775Z",
        "value": "64.84375",
        "cumulative": false
    },
    {
        "date": "2020-12-08T10:53:37.635Z",
        "value": "64.84375",
        "cumulative": false
    },
    {
        "date": "2020-12-08T10:53:38.506Z",
        "value": "67.1875",
        "cumulative": false
    },
    {
        "date": "2020-12-08T10:53:39.356Z",
        "value": "69.53125",
        "cumulative": false
    },
    {
        "date": "2020-12-08T10:53:40.236Z",
        "value": "71.09375",
        "cumulative": false
    },
    {
        "date": "2020-12-08T10:53:42.492Z",
        "value": "65.625",
        "cumulative": false
    },
    {
        "date": "2020-12-08T10:53:43.370Z",
        "value": "67.1875",
        "cumulative": false
    },
    {
        "date": "2020-12-08T10:53:44.216Z",
        "value": "70.3125",
        "cumulative": false
    },
    {
        "date": "2020-12-08T10:53:45.062Z",
        "value": "67.96875",
        "cumulative": false
    },
    {
        "date": "2020-12-08T10:53:45.922Z",
        "value": "62.5",
        "cumulative": false
    },
    {
        "date": "2020-12-08T10:53:46.776Z",
        "value": "64.0625",
        "cumulative": false
    },
    {
        "date": "2020-12-08T10:53:47.627Z",
        "value": "73.4375",
        "cumulative": false
    },
    {
        "date": "2020-12-08T10:53:48.518Z",
        "value": "72.65625",
        "cumulative": false
    },
    {
        "date": "2020-12-08T10:53:49.384Z",
        "value": "75.78125",
        "cumulative": false
    },
    {
        "date": "2020-12-08T10:53:50.244Z",
        "value": "66.40625",
        "cumulative": false
    },
    {
        "date": "2020-12-08T10:53:51.103Z",
        "value": "72.65625",
        "cumulative": false
    },
    {
        "date": "2020-12-08T10:53:51.964Z",
        "value": "71.09375",
        "cumulative": false
    },
    {
        "date": "2020-12-08T10:53:52.852Z",
        "value": "73.4375",
        "cumulative": false
    },
    {
        "date": "2020-12-08T10:53:53.721Z",
        "value": "71.09375",
        "cumulative": false
    },
    {
        "date": "2020-12-08T10:53:54.611Z",
        "value": "71.09375",
        "cumulative": false
    },
    {
        "date": "2020-12-08T10:53:55.479Z",
        "value": "68.75",
        "cumulative": false
    },
    {
        "date": "2020-12-08T10:53:57.725Z",
        "value": "71.875",
        "cumulative": false
    },
    {
        "date": "2020-12-08T10:53:58.614Z",
        "value": "70.3125",
        "cumulative": false
    },
    {
        "date": "2020-12-08T10:53:59.475Z",
        "value": "74.21875",
        "cumulative": false
    },
    {
        "date": "2020-12-08T10:54:00.316Z",
        "value": "65.625",
        "cumulative": false
    },
    {
        "date": "2020-12-08T10:54:01.189Z",
        "value": "72.65625",
        "cumulative": false
    },
    {
        "date": "2020-12-08T10:54:02.039Z",
        "value": "78.125",
        "cumulative": false
    },
    {
        "date": "2020-12-08T10:54:02.940Z",
        "value": "70.3125",
        "cumulative": false
    },
    {
        "date": "2020-12-08T10:54:03.871Z",
        "value": "64.0625",
        "cumulative": false
    },
    {
        "date": "2020-12-08T10:54:04.772Z",
        "value": "71.875",
        "cumulative": false
    },
    {
        "date": "2020-12-08T10:54:05.680Z",
        "value": "73.4375",
        "cumulative": false
    },
    {
        "date": "2020-12-08T10:54:06.553Z",
        "value": "64.0625",
        "cumulative": false
    },
    {
        "date": "2020-12-08T10:54:07.458Z",
        "value": "75.0",
        "cumulative": false
    },
    {
        "date": "2020-12-08T10:54:08.344Z",
        "value": "72.65625",
        "cumulative": false
    },
    {
        "date": "2020-12-08T10:54:09.215Z",
        "value": "66.40625",
        "cumulative": false
    },
    {
        "date": "2020-12-08T10:54:10.068Z",
        "value": "75.0",
        "cumulative": false
    },
    {
        "date": "2020-12-08T10:54:10.954Z",
        "value": "75.0",
        "cumulative": false
    },
    {
        "date": "2020-12-08T10:54:13.133Z",
        "value": "68.75",
        "cumulative": false
    },
    {
        "date": "2020-12-08T10:54:14.039Z",
        "value": "72.65625",
        "cumulative": false
    },
    {
        "date": "2020-12-08T10:54:14.955Z",
        "value": "71.875",
        "cumulative": false
    },
    {
        "date": "2020-12-08T10:54:15.836Z",
        "value": "82.03125",
        "cumulative": false
    },
    {
        "date": "2020-12-08T10:54:16.736Z",
        "value": "78.125",
        "cumulative": false
    },
    {
        "date": "2020-12-08T10:54:17.641Z",
        "value": "77.34375",
        "cumulative": false
    },
    {
        "date": "2020-12-08T10:54:18.501Z",
        "value": "72.65625",
        "cumulative": false
    },
    {
        "date": "2020-12-08T10:54:19.405Z",
        "value": "77.34375",
        "cumulative": false
    },
    {
        "date": "2020-12-08T10:54:20.324Z",
        "value": "78.125",
        "cumulative": false
    },
    {
        "date": "2020-12-08T10:54:21.247Z",
        "value": "71.09375",
        "cumulative": false
    },
    {
        "date": "2020-12-08T10:54:22.175Z",
        "value": "80.46875",
        "cumulative": false
    },
    {
        "date": "2020-12-08T10:54:23.055Z",
        "value": "76.5625",
        "cumulative": false
    },
    {
        "date": "2020-12-08T10:54:23.895Z",
        "value": "78.125",
        "cumulative": false
    },
    {
        "date": "2020-12-08T10:54:24.822Z",
        "value": "78.125",
        "cumulative": false
    },
    {
        "date": "2020-12-08T10:54:25.679Z",
        "value": "77.34375",
        "cumulative": false
    },
    {
        "date": "2020-12-08T10:54:26.583Z",
        "value": "72.65625",
        "cumulative": false
    },
    {
        "date": "2020-12-08T10:54:28.794Z",
        "value": "81.25",
        "cumulative": false
    },
    {
        "date": "2020-12-08T10:54:29.702Z",
        "value": "79.6875",
        "cumulative": false
    },
    {
        "date": "2020-12-08T10:54:30.541Z",
        "value": "75.78125",
        "cumulative": false
    },
    {
        "date": "2020-12-08T10:54:31.412Z",
        "value": "66.40625",
        "cumulative": false
    },
    {
        "date": "2020-12-08T10:54:32.264Z",
        "value": "78.90625",
        "cumulative": false
    },
    {
        "date": "2020-12-08T10:54:33.170Z",
        "value": "75.78125",
        "cumulative": false
    },
    {
        "date": "2020-12-08T10:54:34.044Z",
        "value": "78.125",
        "cumulative": false
    },
    {
        "date": "2020-12-08T10:54:34.891Z",
        "value": "78.90625",
        "cumulative": false
    },
    {
        "date": "2020-12-08T10:54:35.763Z",
        "value": "76.5625",
        "cumulative": false
    },
    {
        "date": "2020-12-08T10:54:36.652Z",
        "value": "76.5625",
        "cumulative": false
    },
    {
        "date": "2020-12-08T10:54:37.513Z",
        "value": "77.34375",
        "cumulative": false
    },
    {
        "date": "2020-12-08T10:54:38.362Z",
        "value": "79.6875",
        "cumulative": false
    },
    {
        "date": "2020-12-08T10:54:39.238Z",
        "value": "75.0",
        "cumulative": false
    },
    {
        "date": "2020-12-08T10:54:40.121Z",
        "value": "72.65625",
        "cumulative": false
    },
    {
        "date": "2020-12-08T10:54:40.998Z",
        "value": "76.5625",
        "cumulative": false
    },
    {
        "date": "2020-12-08T10:54:41.856Z",
        "value": "79.6875",
        "cumulative": false
    },
    {
        "date": "2020-12-08T10:54:44.056Z",
        "value": "85.9375",
        "cumulative": false
    },
    {
        "date": "2020-12-08T10:54:44.970Z",
        "value": "74.21875",
        "cumulative": false
    },
    {
        "date": "2020-12-08T10:54:45.830Z",
        "value": "76.5625",
        "cumulative": false
    },
    {
        "date": "2020-12-08T10:54:46.699Z",
        "value": "78.90625",
        "cumulative": false
    },
    {
        "date": "2020-12-08T10:54:47.555Z",
        "value": "80.46875",
        "cumulative": false
    },
    {
        "date": "2020-12-08T10:54:48.413Z",
        "value": "75.0",
        "cumulative": false
    },
    {
        "date": "2020-12-08T10:54:49.264Z",
        "value": "77.34375",
        "cumulative": false
    },
    {
        "date": "2020-12-08T10:54:50.178Z",
        "value": "76.5625",
        "cumulative": false
    },
    {
        "date": "2020-12-08T10:54:51.065Z",
        "value": "73.4375",
        "cumulative": false
    },
    {
        "date": "2020-12-08T10:54:51.960Z",
        "value": "80.46875",
        "cumulative": false
    },
    {
        "date": "2020-12-08T10:54:52.797Z",
        "value": "78.90625",
        "cumulative": false
    },
    {
        "date": "2020-12-08T10:54:53.686Z",
        "value": "82.03125",
        "cumulative": false
    },
    {
        "date": "2020-12-08T10:54:54.535Z",
        "value": "81.25",
        "cumulative": false
    },
    {
        "date": "2020-12-08T10:54:55.391Z",
        "value": "84.375",
        "cumulative": false
    },
    {
        "date": "2020-12-08T10:54:56.239Z",
        "value": "83.59375",
        "cumulative": false
    },
    {
        "date": "2020-12-08T10:54:57.138Z",
        "value": "72.65625",
        "cumulative": false
    },
    {
        "date": "2020-12-08T10:54:59.309Z",
        "value": "79.6875",
        "cumulative": false
    },
    {
        "date": "2020-12-08T10:55:00.186Z",
        "value": "82.8125",
        "cumulative": false
    },
    {
        "date": "2020-12-08T10:55:01.057Z",
        "value": "82.8125",
        "cumulative": false
    },
    {
        "date": "2020-12-08T10:55:01.912Z",
        "value": "75.0",
        "cumulative": false
    },
    {
        "date": "2020-12-08T10:55:02.804Z",
        "value": "78.125",
        "cumulative": false
    },
    {
        "date": "2020-12-08T10:55:03.700Z",
        "value": "81.25",
        "cumulative": false
    },
    {
        "date": "2020-12-08T10:55:04.557Z",
        "value": "78.90625",
        "cumulative": false
    },
    {
        "date": "2020-12-08T10:55:05.416Z",
        "value": "81.25",
        "cumulative": false
    },
    {
        "date": "2020-12-08T10:55:06.283Z",
        "value": "78.125",
        "cumulative": false
    },
    {
        "date": "2020-12-08T10:55:07.169Z",
        "value": "78.125",
        "cumulative": false
    },
    {
        "date": "2020-12-08T10:55:08.042Z",
        "value": "78.90625",
        "cumulative": false
    },
    {
        "date": "2020-12-08T10:55:08.874Z",
        "value": "79.6875",
        "cumulative": false
    },
    {
        "date": "2020-12-08T10:55:09.779Z",
        "value": "75.78125",
        "cumulative": false
    },
    {
        "date": "2020-12-08T10:55:10.682Z",
        "value": "82.03125",
        "cumulative": false
    },
    {
        "date": "2020-12-08T10:55:11.570Z",
        "value": "82.8125",
        "cumulative": false
    },
    {
        "date": "2020-12-08T10:55:12.409Z",
        "value": "82.8125",
        "cumulative": false
    },
    {
        "date": "2020-12-08T10:55:14.595Z",
        "value": "78.90625",
        "cumulative": false
    },
    {
        "date": "2020-12-08T10:55:15.471Z",
        "value": "82.8125",
        "cumulative": false
    },
    {
        "date": "2020-12-08T10:55:16.362Z",
        "value": "83.59375",
        "cumulative": false
    },
    {
        "date": "2020-12-08T10:55:17.240Z",
        "value": "78.90625",
        "cumulative": false
    },
    {
        "date": "2020-12-08T10:55:18.105Z",
        "value": "82.03125",
        "cumulative": false
    },
    {
        "date": "2020-12-08T10:55:18.967Z",
        "value": "78.90625",
        "cumulative": false
    },
    {
        "date": "2020-12-08T10:55:19.829Z",
        "value": "83.59375",
        "cumulative": false
    },
    {
        "date": "2020-12-08T10:55:20.687Z",
        "value": "78.90625",
        "cumulative": false
    },
    {
        "date": "2020-12-08T10:55:21.589Z",
        "value": "81.25",
        "cumulative": false
    },
    {
        "date": "2020-12-08T10:55:22.471Z",
        "value": "75.0",
        "cumulative": false
    },
    {
        "date": "2020-12-08T10:55:23.307Z",
        "value": "76.5625",
        "cumulative": false
    },
    {
        "date": "2020-12-08T10:55:24.208Z",
        "value": "75.78125",
        "cumulative": false
    },
    {
        "date": "2020-12-08T10:55:25.093Z",
        "value": "81.25",
        "cumulative": false
    },
    {
        "date": "2020-12-08T10:55:25.993Z",
        "value": "81.25",
        "cumulative": false
    },
    {
        "date": "2020-12-08T10:55:26.887Z",
        "value": "75.78125",
        "cumulative": false
    },
    {
        "date": "2020-12-08T10:55:27.821Z",
        "value": "80.46875",
        "cumulative": false
    },
    {
        "date": "2020-12-08T10:55:30.040Z",
        "value": "85.9375",
        "cumulative": false
    },
    {
        "date": "2020-12-08T10:55:30.938Z",
        "value": "83.59375",
        "cumulative": false
    },
    {
        "date": "2020-12-08T10:55:31.827Z",
        "value": "78.90625",
        "cumulative": false
    },
    {
        "date": "2020-12-08T10:55:32.699Z",
        "value": "82.03125",
        "cumulative": false
    },
    {
        "date": "2020-12-08T10:55:33.541Z",
        "value": "79.6875",
        "cumulative": false
    },
    {
        "date": "2020-12-08T10:55:34.391Z",
        "value": "83.59375",
        "cumulative": false
    },
    {
        "date": "2020-12-08T10:55:35.282Z",
        "value": "84.375",
        "cumulative": false
    },
    {
        "date": "2020-12-08T10:55:36.117Z",
        "value": "82.8125",
        "cumulative": false
    },
    {
        "date": "2020-12-08T10:55:36.982Z",
        "value": "85.9375",
        "cumulative": false
    },
    {
        "date": "2020-12-08T10:55:37.879Z",
        "value": "84.375",
        "cumulative": false
    },
    {
        "date": "2020-12-08T10:55:38.785Z",
        "value": "82.8125",
        "cumulative": false
    },
    {
        "date": "2020-12-08T10:55:39.723Z",
        "value": "79.6875",
        "cumulative": false
    },
    {
        "date": "2020-12-08T10:55:40.631Z",
        "value": "85.15625",
        "cumulative": false
    },
    {
        "date": "2020-12-08T10:55:41.512Z",
        "value": "79.6875",
        "cumulative": false
    },
    {
        "date": "2020-12-08T10:55:42.384Z",
        "value": "82.03125",
        "cumulative": false
    },
    {
        "date": "2020-12-08T10:55:43.253Z",
        "value": "84.375",
        "cumulative": false
    },
    {
        "date": "2020-12-08T10:55:45.500Z",
        "value": "82.03125",
        "cumulative": false
    },
    {
        "date": "2020-12-08T10:55:46.393Z",
        "value": "77.34375",
        "cumulative": false
    },
    {
        "date": "2020-12-08T10:55:47.294Z",
        "value": "82.03125",
        "cumulative": false
    },
    {
        "date": "2020-12-08T10:55:48.169Z",
        "value": "75.0",
        "cumulative": false
    },
    {
        "date": "2020-12-08T10:55:49.066Z",
        "value": "82.03125",
        "cumulative": false
    },
    {
        "date": "2020-12-08T10:55:49.982Z",
        "value": "81.25",
        "cumulative": false
    },
    {
        "date": "2020-12-08T10:55:50.892Z",
        "value": "89.0625",
        "cumulative": false
    },
    {
        "date": "2020-12-08T10:55:51.740Z",
        "value": "79.6875",
        "cumulative": false
    },
    {
        "date": "2020-12-08T10:55:52.603Z",
        "value": "82.03125",
        "cumulative": false
    },
    {
        "date": "2020-12-08T10:55:53.486Z",
        "value": "87.5",
        "cumulative": false
    },
    {
        "date": "2020-12-08T10:55:54.340Z",
        "value": "82.03125",
        "cumulative": false
    },
    {
        "date": "2020-12-08T10:55:55.205Z",
        "value": "81.25",
        "cumulative": false
    },
    {
        "date": "2020-12-08T10:55:56.073Z",
        "value": "82.03125",
        "cumulative": false
    },
    {
        "date": "2020-12-08T10:55:56.938Z",
        "value": "84.375",
        "cumulative": false
    },
    {
        "date": "2020-12-08T10:55:57.839Z",
        "value": "84.375",
        "cumulative": false
    },
    {
        "date": "2020-12-08T10:55:58.716Z",
        "value": "84.375",
        "cumulative": false
    },
    {
        "date": "2020-12-08T10:56:00.965Z",
        "value": "82.03125",
        "cumulative": false
    },
    {
        "date": "2020-12-08T10:56:01.844Z",
        "value": "82.8125",
        "cumulative": false
    },
    {
        "date": "2020-12-08T10:56:02.684Z",
        "value": "88.28125",
        "cumulative": false
    },
    {
        "date": "2020-12-08T10:56:03.564Z",
        "value": "85.15625",
        "cumulative": false
    },
    {
        "date": "2020-12-08T10:56:04.418Z",
        "value": "78.90625",
        "cumulative": false
    },
    {
        "date": "2020-12-08T10:56:05.283Z",
        "value": "81.25",
        "cumulative": false
    },
    {
        "date": "2020-12-08T10:56:06.156Z",
        "value": "79.6875",
        "cumulative": false
    },
    {
        "date": "2020-12-08T10:56:07.021Z",
        "value": "82.8125",
        "cumulative": false
    },
    {
        "date": "2020-12-08T10:56:07.898Z",
        "value": "84.375",
        "cumulative": false
    },
    {
        "date": "2020-12-08T10:56:08.737Z",
        "value": "86.71875",
        "cumulative": false
    },
    {
        "date": "2020-12-08T10:56:09.619Z",
        "value": "82.03125",
        "cumulative": false
    },
    {
        "date": "2020-12-08T10:56:10.473Z",
        "value": "81.25",
        "cumulative": false
    },
    {
        "date": "2020-12-08T10:56:11.341Z",
        "value": "81.25",
        "cumulative": false
    },
    {
        "date": "2020-12-08T10:56:12.209Z",
        "value": "84.375",
        "cumulative": false
    },
    {
        "date": "2020-12-08T10:56:13.077Z",
        "value": "80.46875",
        "cumulative": false
    },
    {
        "date": "2020-12-08T10:56:13.981Z",
        "value": "86.71875",
        "cumulative": false
    }
]