[
    {
        "date": "2020-12-08T10:53:09.994Z",
        "value": "16.458953857421875",
        "cumulative": false
    },
    {
        "date": "2020-12-08T10:53:25.384Z",
        "value": "12.625976324081421",
        "cumulative": false
    },
    {
        "date": "2020-12-08T10:53:40.805Z",
        "value": "12.580487251281738",
        "cumulative": false
    },
    {
        "date": "2020-12-08T10:53:56.016Z",
        "value": "13.099989175796509",
        "cumulative": false
    },
    {
        "date": "2020-12-08T10:54:11.493Z",
        "value": "13.160870790481567",
        "cumulative": false
    },
    {
        "date": "2020-12-08T10:54:27.156Z",
        "value": "12.792110681533813",
        "cumulative": false
    },
    {
        "date": "2020-12-08T10:54:42.395Z",
        "value": "13.227863311767578",
        "cumulative": false
    },
    {
        "date": "2020-12-08T10:54:57.680Z",
        "value": "12.894224405288696",
        "cumulative": false
    },
    {
        "date": "2020-12-08T10:55:12.973Z",
        "value": "12.851025104522705",
        "cumulative": false
    },
    {
        "date": "2020-12-08T10:55:28.398Z",
        "value": "12.538503170013428",
        "cumulative": false
    },
    {
        "date": "2020-12-08T10:55:43.813Z",
        "value": "12.883349657058716",
        "cumulative": false
    },
    {
        "date": "2020-12-08T10:55:59.259Z",
        "value": "12.82447361946106",
        "cumulative": false
    },
    {
        "date": "2020-12-08T10:56:14.542Z",
        "value": "13.212972402572632",
        "cumulative": false
    }
]