[
    {
        "date": "2020-12-08T10:53:09.994Z",
        "value": "0.8840503692626953",
        "cumulative": false
    },
    {
        "date": "2020-12-08T10:53:25.384Z",
        "value": "0.8615648746490479",
        "cumulative": false
    },
    {
        "date": "2020-12-08T10:53:40.805Z",
        "value": "0.814551830291748",
        "cumulative": false
    },
    {
        "date": "2020-12-08T10:53:56.016Z",
        "value": "0.8981180191040039",
        "cumulative": false
    },
    {
        "date": "2020-12-08T10:54:11.493Z",
        "value": "0.9112520217895508",
        "cumulative": false
    },
    {
        "date": "2020-12-08T10:54:27.156Z",
        "value": "0.7628762722015381",
        "cumulative": false
    },
    {
        "date": "2020-12-08T10:54:42.395Z",
        "value": "0.8580529689788818",
        "cumulative": false
    },
    {
        "date": "2020-12-08T10:54:57.680Z",
        "value": "0.811143159866333",
        "cumulative": false
    },
    {
        "date": "2020-12-08T10:55:12.973Z",
        "value": "0.8044259548187256",
        "cumulative": false
    },
    {
        "date": "2020-12-08T10:55:28.398Z",
        "value": "0.7283611297607422",
        "cumulative": false
    },
    {
        "date": "2020-12-08T10:55:43.813Z",
        "value": "0.8228185176849365",
        "cumulative": false
    },
    {
        "date": "2020-12-08T10:55:59.259Z",
        "value": "0.7750372886657715",
        "cumulative": false
    },
    {
        "date": "2020-12-08T10:56:14.542Z",
        "value": "0.8577399253845215",
        "cumulative": false
    }
]