[
    {
        "date": "2020-12-08T10:53:09.994Z",
        "value": "0.0008757114410400391",
        "cumulative": false
    },
    {
        "date": "2020-12-08T10:53:25.384Z",
        "value": "0.0010333061218261719",
        "cumulative": false
    },
    {
        "date": "2020-12-08T10:53:40.805Z",
        "value": "0.0009772777557373047",
        "cumulative": false
    },
    {
        "date": "2020-12-08T10:53:56.016Z",
        "value": "0.0010526180267333984",
        "cumulative": false
    },
    {
        "date": "2020-12-08T10:54:11.493Z",
        "value": "0.0009281635284423828",
        "cumulative": false
    },
    {
        "date": "2020-12-08T10:54:27.156Z",
        "value": "0.0008287429809570312",
        "cumulative": false
    },
    {
        "date": "2020-12-08T10:54:42.395Z",
        "value": "0.0007808208465576172",
        "cumulative": false
    },
    {
        "date": "2020-12-08T10:54:57.680Z",
        "value": "0.0007493495941162109",
        "cumulative": false
    },
    {
        "date": "2020-12-08T10:55:12.973Z",
        "value": "0.0007925033569335938",
        "cumulative": false
    },
    {
        "date": "2020-12-08T10:55:28.398Z",
        "value": "0.000827789306640625",
        "cumulative": false
    },
    {
        "date": "2020-12-08T10:55:43.814Z",
        "value": "0.0008285045623779297",
        "cumulative": false
    },
    {
        "date": "2020-12-08T10:55:59.259Z",
        "value": "0.0008099079132080078",
        "cumulative": false
    },
    {
        "date": "2020-12-08T10:56:14.542Z",
        "value": "0.0008223056793212891",
        "cumulative": false
    }
]