[
    {
        "date": "2020-12-08T10:52:56.445Z",
        "value": "2.5555922985076904",
        "cumulative": false
    },
    {
        "date": "2020-12-08T10:52:57.395Z",
        "value": "2.064326763153076",
        "cumulative": false
    },
    {
        "date": "2020-12-08T10:52:58.261Z",
        "value": "1.9921314716339111",
        "cumulative": false
    },
    {
        "date": "2020-12-08T10:52:59.153Z",
        "value": "1.917853832244873",
        "cumulative": false
    },
    {
        "date": "2020-12-08T10:52:59.967Z",
        "value": "1.6332995891571045",
        "cumulative": false
    },
    {
        "date": "2020-12-08T10:53:00.840Z",
        "value": "1.7980183362960815",
        "cumulative": false
    },
    {
        "date": "2020-12-08T10:53:01.678Z",
        "value": "1.7025682926177979",
        "cumulative": false
    },
    {
        "date": "2020-12-08T10:53:02.554Z",
        "value": "1.6463299989700317",
        "cumulative": false
    },
    {
        "date": "2020-12-08T10:53:03.384Z",
        "value": "1.6339352130889893",
        "cumulative": false
    },
    {
        "date": "2020-12-08T10:53:04.282Z",
        "value": "1.4047244787216187",
        "cumulative": false
    },
    {
        "date": "2020-12-08T10:53:05.131Z",
        "value": "1.5516835451126099",
        "cumulative": false
    },
    {
        "date": "2020-12-08T10:53:05.959Z",
        "value": "1.5845946073532104",
        "cumulative": false
    },
    {
        "date": "2020-12-08T10:53:06.861Z",
        "value": "1.338607668876648",
        "cumulative": false
    },
    {
        "date": "2020-12-08T10:53:07.728Z",
        "value": "1.5809565782546997",
        "cumulative": false
    },
    {
        "date": "2020-12-08T10:53:08.575Z",
        "value": "1.4466009140014648",
        "cumulative": false
    },
    {
        "date": "2020-12-08T10:53:09.476Z",
        "value": "1.3527907133102417",
        "cumulative": false
    },
    {
        "date": "2020-12-08T10:53:11.758Z",
        "value": "1.3370740413665771",
        "cumulative": false
    },
    {
        "date": "2020-12-08T10:53:12.621Z",
        "value": "1.4855810403823853",
        "cumulative": false
    },
    {
        "date": "2020-12-08T10:53:13.457Z",
        "value": "1.1932168006896973",
        "cumulative": false
    },
    {
        "date": "2020-12-08T10:53:14.323Z",
        "value": "1.3084698915481567",
        "cumulative": false
    },
    {
        "date": "2020-12-08T10:53:15.151Z",
        "value": "1.269816279411316",
        "cumulative": false
    },
    {
        "date": "2020-12-08T10:53:16.023Z",
        "value": "1.337411880493164",
        "cumulative": false
    },
    {
        "date": "2020-12-08T10:53:16.884Z",
        "value": "1.1416606903076172",
        "cumulative": false
    },
    {
        "date": "2020-12-08T10:53:17.744Z",
        "value": "1.049548864364624",
        "cumulative": false
    },
    {
        "date": "2020-12-08T10:53:18.565Z",
        "value": "1.2233068943023682",
        "cumulative": false
    },
    {
        "date": "2020-12-08T10:53:19.481Z",
        "value": "1.2033840417861938",
        "cumulative": false
    },
    {
        "date": "2020-12-08T10:53:20.390Z",
        "value": "1.0040125846862793",
        "cumulative": false
    },
    {
        "date": "2020-12-08T10:53:21.340Z",
        "value": "1.030107855796814",
        "cumulative": false
    },
    {
        "date": "2020-12-08T10:53:22.259Z",
        "value": "1.0486760139465332",
        "cumulative": false
    },
    {
        "date": "2020-12-08T10:53:23.090Z",
        "value": "0.9933327436447144",
        "cumulative": false
    },
    {
        "date": "2020-12-08T10:53:23.972Z",
        "value": "1.0447847843170166",
        "cumulative": false
    },
    {
        "date": "2020-12-08T10:53:24.834Z",
        "value": "1.212944507598877",
        "cumulative": false
    },
    {
        "date": "2020-12-08T10:53:27.129Z",
        "value": "1.1359727382659912",
        "cumulative": false
    },
    {
        "date": "2020-12-08T10:53:28.062Z",
        "value": "1.0139641761779785",
        "cumulative": false
    },
    {
        "date": "2020-12-08T10:53:28.961Z",
        "value": "0.9675567150115967",
        "cumulative": false
    },
    {
        "date": "2020-12-08T10:53:29.808Z",
        "value": "1.0419716835021973",
        "cumulative": false
    },
    {
        "date": "2020-12-08T10:53:30.709Z",
        "value": "0.9896036982536316",
        "cumulative": false
    },
    {
        "date": "2020-12-08T10:53:31.560Z",
        "value": "0.9846696853637695",
        "cumulative": false
    },
    {
        "date": "2020-12-08T10:53:32.420Z",
        "value": "0.9869177937507629",
        "cumulative": false
    },
    {
        "date": "2020-12-08T10:53:33.277Z",
        "value": "1.195196270942688",
        "cumulative": false
    },
    {
        "date": "2020-12-08T10:53:34.120Z",
        "value": "0.982384443283081",
        "cumulative": false
    },
    {
        "date": "2020-12-08T10:53:35.043Z",
        "value": "0.8133094906806946",
        "cumulative": false
    },
    {
        "date": "2020-12-08T10:53:35.927Z",
        "value": "1.0365866422653198",
        "cumulative": false
    },
    {
        "date": "2020-12-08T10:53:36.774Z",
        "value": "0.9739495515823364",
        "cumulative": false
    },
    {
        "date": "2020-12-08T10:53:37.635Z",
        "value": "0.9331619739532471",
        "cumulative": false
    },
    {
        "date": "2020-12-08T10:53:38.506Z",
        "value": "0.956879734992981",
        "cumulative": false
    },
    {
        "date": "2020-12-08T10:53:39.355Z",
        "value": "0.8376603126525879",
        "cumulative": false
    },
    {
        "date": "2020-12-08T10:53:40.236Z",
        "value": "0.9335763454437256",
        "cumulative": false
    },
    {
        "date": "2020-12-08T10:53:42.492Z",
        "value": "0.9894153475761414",
        "cumulative": false
    },
    {
        "date": "2020-12-08T10:53:43.370Z",
        "value": "0.9588909149169922",
        "cumulative": false
    },
    {
        "date": "2020-12-08T10:53:44.216Z",
        "value": "0.8432382345199585",
        "cumulative": false
    },
    {
        "date": "2020-12-08T10:53:45.062Z",
        "value": "0.7931609749794006",
        "cumulative": false
    },
    {
        "date": "2020-12-08T10:53:45.922Z",
        "value": "1.0069407224655151",
        "cumulative": false
    },
    {
        "date": "2020-12-08T10:53:46.776Z",
        "value": "1.076492428779602",
        "cumulative": false
    },
    {
        "date": "2020-12-08T10:53:47.626Z",
        "value": "0.7534772157669067",
        "cumulative": false
    },
    {
        "date": "2020-12-08T10:53:48.518Z",
        "value": "0.7107086181640625",
        "cumulative": false
    },
    {
        "date": "2020-12-08T10:53:49.384Z",
        "value": "0.7852962017059326",
        "cumulative": false
    },
    {
        "date": "2020-12-08T10:53:50.244Z",
        "value": "0.8340489268302917",
        "cumulative": false
    },
    {
        "date": "2020-12-08T10:53:51.103Z",
        "value": "0.8486241102218628",
        "cumulative": false
    },
    {
        "date": "2020-12-08T10:53:51.964Z",
        "value": "0.8369970321655273",
        "cumulative": false
    },
    {
        "date": "2020-12-08T10:53:52.852Z",
        "value": "0.8354594707489014",
        "cumulative": false
    },
    {
        "date": "2020-12-08T10:53:53.721Z",
        "value": "0.739453136920929",
        "cumulative": false
    },
    {
        "date": "2020-12-08T10:53:54.611Z",
        "value": "0.7648365497589111",
        "cumulative": false
    },
    {
        "date": "2020-12-08T10:53:55.478Z",
        "value": "0.8605765104293823",
        "cumulative": false
    },
    {
        "date": "2020-12-08T10:53:57.724Z",
        "value": "0.8015145659446716",
        "cumulative": false
    },
    {
        "date": "2020-12-08T10:53:58.614Z",
        "value": "0.835034191608429",
        "cumulative": false
    },
    {
        "date": "2020-12-08T10:53:59.475Z",
        "value": "0.777941107749939",
        "cumulative": false
    },
    {
        "date": "2020-12-08T10:54:00.316Z",
        "value": "0.9665722250938416",
        "cumulative": false
    },
    {
        "date": "2020-12-08T10:54:01.189Z",
        "value": "0.7543713450431824",
        "cumulative": false
    },
    {
        "date": "2020-12-08T10:54:02.039Z",
        "value": "0.6321355700492859",
        "cumulative": false
    },
    {
        "date": "2020-12-08T10:54:02.940Z",
        "value": "0.7408349514007568",
        "cumulative": false
    },
    {
        "date": "2020-12-08T10:54:03.871Z",
        "value": "0.9064985513687134",
        "cumulative": false
    },
    {
        "date": "2020-12-08T10:54:04.772Z",
        "value": "0.7822794318199158",
        "cumulative": false
    },
    {
        "date": "2020-12-08T10:54:05.680Z",
        "value": "0.772570013999939",
        "cumulative": false
    },
    {
        "date": "2020-12-08T10:54:06.553Z",
        "value": "1.019547939300537",
        "cumulative": false
    },
    {
        "date": "2020-12-08T10:54:07.458Z",
        "value": "0.7362011671066284",
        "cumulative": false
    },
    {
        "date": "2020-12-08T10:54:08.344Z",
        "value": "0.7432591915130615",
        "cumulative": false
    },
    {
        "date": "2020-12-08T10:54:09.214Z",
        "value": "0.9265256524085999",
        "cumulative": false
    },
    {
        "date": "2020-12-08T10:54:10.068Z",
        "value": "0.6775667071342468",
        "cumulative": false
    },
    {
        "date": "2020-12-08T10:54:10.953Z",
        "value": "0.7313077449798584",
        "cumulative": false
    },
    {
        "date": "2020-12-08T10:54:13.133Z",
        "value": "0.9973408579826355",
        "cumulative": false
    },
    {
        "date": "2020-12-08T10:54:14.039Z",
        "value": "0.7023141980171204",
        "cumulative": false
    },
    {
        "date": "2020-12-08T10:54:14.955Z",
        "value": "0.6986349821090698",
        "cumulative": false
    },
    {
        "date": "2020-12-08T10:54:15.836Z",
        "value": "0.6010575890541077",
        "cumulative": false
    },
    {
        "date": "2020-12-08T10:54:16.736Z",
        "value": "0.6141791343688965",
        "cumulative": false
    },
    {
        "date": "2020-12-08T10:54:17.641Z",
        "value": "0.6048373579978943",
        "cumulative": false
    },
    {
        "date": "2020-12-08T10:54:18.501Z",
        "value": "0.8647099137306213",
        "cumulative": false
    },
    {
        "date": "2020-12-08T10:54:19.405Z",
        "value": "0.6041211485862732",
        "cumulative": false
    },
    {
        "date": "2020-12-08T10:54:20.324Z",
        "value": "0.670508861541748",
        "cumulative": false
    },
    {
        "date": "2020-12-08T10:54:21.247Z",
        "value": "0.7153930068016052",
        "cumulative": false
    },
    {
        "date": "2020-12-08T10:54:22.175Z",
        "value": "0.5586898326873779",
        "cumulative": false
    },
    {
        "date": "2020-12-08T10:54:23.055Z",
        "value": "0.6135286092758179",
        "cumulative": false
    },
    {
        "date": "2020-12-08T10:54:23.895Z",
        "value": "0.5988438725471497",
        "cumulative": false
    },
    {
        "date": "2020-12-08T10:54:24.822Z",
        "value": "0.6733531951904297",
        "cumulative": false
    },
    {
        "date": "2020-12-08T10:54:25.679Z",
        "value": "0.6510502099990845",
        "cumulative": false
    },
    {
        "date": "2020-12-08T10:54:26.583Z",
        "value": "0.745255172252655",
        "cumulative": false
    },
    {
        "date": "2020-12-08T10:54:28.794Z",
        "value": "0.5810902118682861",
        "cumulative": false
    },
    {
        "date": "2020-12-08T10:54:29.701Z",
        "value": "0.5910643935203552",
        "cumulative": false
    },
    {
        "date": "2020-12-08T10:54:30.541Z",
        "value": "0.7006233334541321",
        "cumulative": false
    },
    {
        "date": "2020-12-08T10:54:31.412Z",
        "value": "0.8242397308349609",
        "cumulative": false
    },
    {
        "date": "2020-12-08T10:54:32.264Z",
        "value": "0.6158176064491272",
        "cumulative": false
    },
    {
        "date": "2020-12-08T10:54:33.170Z",
        "value": "0.7107087969779968",
        "cumulative": false
    },
    {
        "date": "2020-12-08T10:54:34.044Z",
        "value": "0.6936823129653931",
        "cumulative": false
    },
    {
        "date": "2020-12-08T10:54:34.891Z",
        "value": "0.7380779385566711",
        "cumulative": false
    },
    {
        "date": "2020-12-08T10:54:35.763Z",
        "value": "0.6409094333648682",
        "cumulative": false
    },
    {
        "date": "2020-12-08T10:54:36.651Z",
        "value": "0.5732933878898621",
        "cumulative": false
    },
    {
        "date": "2020-12-08T10:54:37.512Z",
        "value": "0.6458230018615723",
        "cumulative": false
    },
    {
        "date": "2020-12-08T10:54:38.362Z",
        "value": "0.639072835445404",
        "cumulative": false
    },
    {
        "date": "2020-12-08T10:54:39.238Z",
        "value": "0.7397533059120178",
        "cumulative": false
    },
    {
        "date": "2020-12-08T10:54:40.121Z",
        "value": "0.7547149062156677",
        "cumulative": false
    },
    {
        "date": "2020-12-08T10:54:40.998Z",
        "value": "0.6516650319099426",
        "cumulative": false
    },
    {
        "date": "2020-12-08T10:54:41.855Z",
        "value": "0.5931938290596008",
        "cumulative": false
    },
    {
        "date": "2020-12-08T10:54:44.055Z",
        "value": "0.4606248736381531",
        "cumulative": false
    },
    {
        "date": "2020-12-08T10:54:44.970Z",
        "value": "0.7273696660995483",
        "cumulative": false
    },
    {
        "date": "2020-12-08T10:54:45.830Z",
        "value": "0.669623613357544",
        "cumulative": false
    },
    {
        "date": "2020-12-08T10:54:46.699Z",
        "value": "0.5872541666030884",
        "cumulative": false
    },
    {
        "date": "2020-12-08T10:54:47.555Z",
        "value": "0.4928014576435089",
        "cumulative": false
    },
    {
        "date": "2020-12-08T10:54:48.413Z",
        "value": "0.6502662897109985",
        "cumulative": false
    },
    {
        "date": "2020-12-08T10:54:49.264Z",
        "value": "0.5801599025726318",
        "cumulative": false
    },
    {
        "date": "2020-12-08T10:54:50.177Z",
        "value": "0.5858778357505798",
        "cumulative": false
    },
    {
        "date": "2020-12-08T10:54:51.065Z",
        "value": "0.7988727688789368",
        "cumulative": false
    },
    {
        "date": "2020-12-08T10:54:51.960Z",
        "value": "0.5971542000770569",
        "cumulative": false
    },
    {
        "date": "2020-12-08T10:54:52.797Z",
        "value": "0.551591694355011",
        "cumulative": false
    },
    {
        "date": "2020-12-08T10:54:53.686Z",
        "value": "0.6639164686203003",
        "cumulative": false
    },
    {
        "date": "2020-12-08T10:54:54.535Z",
        "value": "0.5774540305137634",
        "cumulative": false
    },
    {
        "date": "2020-12-08T10:54:55.391Z",
        "value": "0.516933798789978",
        "cumulative": false
    },
    {
        "date": "2020-12-08T10:54:56.239Z",
        "value": "0.5281146168708801",
        "cumulative": false
    },
    {
        "date": "2020-12-08T10:54:57.138Z",
        "value": "0.8043268918991089",
        "cumulative": false
    },
    {
        "date": "2020-12-08T10:54:59.308Z",
        "value": "0.5016098022460938",
        "cumulative": false
    },
    {
        "date": "2020-12-08T10:55:00.185Z",
        "value": "0.550946056842804",
        "cumulative": false
    },
    {
        "date": "2020-12-08T10:55:01.057Z",
        "value": "0.4836259186267853",
        "cumulative": false
    },
    {
        "date": "2020-12-08T10:55:01.912Z",
        "value": "0.6739165782928467",
        "cumulative": false
    },
    {
        "date": "2020-12-08T10:55:02.804Z",
        "value": "0.5281287431716919",
        "cumulative": false
    },
    {
        "date": "2020-12-08T10:55:03.700Z",
        "value": "0.6364209055900574",
        "cumulative": false
    },
    {
        "date": "2020-12-08T10:55:04.557Z",
        "value": "0.5401298403739929",
        "cumulative": false
    },
    {
        "date": "2020-12-08T10:55:05.416Z",
        "value": "0.5835177302360535",
        "cumulative": false
    },
    {
        "date": "2020-12-08T10:55:06.283Z",
        "value": "0.5663831830024719",
        "cumulative": false
    },
    {
        "date": "2020-12-08T10:55:07.169Z",
        "value": "0.5731203556060791",
        "cumulative": false
    },
    {
        "date": "2020-12-08T10:55:08.042Z",
        "value": "0.5085629820823669",
        "cumulative": false
    },
    {
        "date": "2020-12-08T10:55:08.874Z",
        "value": "0.5661702156066895",
        "cumulative": false
    },
    {
        "date": "2020-12-08T10:55:09.779Z",
        "value": "0.6543715000152588",
        "cumulative": false
    },
    {
        "date": "2020-12-08T10:55:10.682Z",
        "value": "0.5444526672363281",
        "cumulative": false
    },
    {
        "date": "2020-12-08T10:55:11.570Z",
        "value": "0.43407487869262695",
        "cumulative": false
    },
    {
        "date": "2020-12-08T10:55:12.409Z",
        "value": "0.5188122391700745",
        "cumulative": false
    },
    {
        "date": "2020-12-08T10:55:14.595Z",
        "value": "0.5645527839660645",
        "cumulative": false
    },
    {
        "date": "2020-12-08T10:55:15.471Z",
        "value": "0.4267963469028473",
        "cumulative": false
    },
    {
        "date": "2020-12-08T10:55:16.362Z",
        "value": "0.5061758160591125",
        "cumulative": false
    },
    {
        "date": "2020-12-08T10:55:17.240Z",
        "value": "0.6196976900100708",
        "cumulative": false
    },
    {
        "date": "2020-12-08T10:55:18.105Z",
        "value": "0.5132248997688293",
        "cumulative": false
    },
    {
        "date": "2020-12-08T10:55:18.967Z",
        "value": "0.5483458638191223",
        "cumulative": false
    },
    {
        "date": "2020-12-08T10:55:19.829Z",
        "value": "0.6281081438064575",
        "cumulative": false
    },
    {
        "date": "2020-12-08T10:55:20.687Z",
        "value": "0.6065614223480225",
        "cumulative": false
    },
    {
        "date": "2020-12-08T10:55:21.589Z",
        "value": "0.49782368540763855",
        "cumulative": false
    },
    {
        "date": "2020-12-08T10:55:22.471Z",
        "value": "0.6789962649345398",
        "cumulative": false
    },
    {
        "date": "2020-12-08T10:55:23.307Z",
        "value": "0.5872932076454163",
        "cumulative": false
    },
    {
        "date": "2020-12-08T10:55:24.208Z",
        "value": "0.6439478993415833",
        "cumulative": false
    },
    {
        "date": "2020-12-08T10:55:25.093Z",
        "value": "0.5629655718803406",
        "cumulative": false
    },
    {
        "date": "2020-12-08T10:55:25.993Z",
        "value": "0.4632470905780792",
        "cumulative": false
    },
    {
        "date": "2020-12-08T10:55:26.887Z",
        "value": "0.6520673632621765",
        "cumulative": false
    },
    {
        "date": "2020-12-08T10:55:27.821Z",
        "value": "0.5180899500846863",
        "cumulative": false
    },
    {
        "date": "2020-12-08T10:55:30.040Z",
        "value": "0.43177932500839233",
        "cumulative": false
    },
    {
        "date": "2020-12-08T10:55:30.938Z",
        "value": "0.5377964973449707",
        "cumulative": false
    },
    {
        "date": "2020-12-08T10:55:31.827Z",
        "value": "0.6732390522956848",
        "cumulative": false
    },
    {
        "date": "2020-12-08T10:55:32.699Z",
        "value": "0.5833574533462524",
        "cumulative": false
    },
    {
        "date": "2020-12-08T10:55:33.541Z",
        "value": "0.5564174652099609",
        "cumulative": false
    },
    {
        "date": "2020-12-08T10:55:34.391Z",
        "value": "0.5062548518180847",
        "cumulative": false
    },
    {
        "date": "2020-12-08T10:55:35.282Z",
        "value": "0.4674386978149414",
        "cumulative": false
    },
    {
        "date": "2020-12-08T10:55:36.117Z",
        "value": "0.4940166175365448",
        "cumulative": false
    },
    {
        "date": "2020-12-08T10:55:36.982Z",
        "value": "0.43217384815216064",
        "cumulative": false
    },
    {
        "date": "2020-12-08T10:55:37.878Z",
        "value": "0.5671827793121338",
        "cumulative": false
    },
    {
        "date": "2020-12-08T10:55:38.785Z",
        "value": "0.49206387996673584",
        "cumulative": false
    },
    {
        "date": "2020-12-08T10:55:39.723Z",
        "value": "0.6069185137748718",
        "cumulative": false
    },
    {
        "date": "2020-12-08T10:55:40.631Z",
        "value": "0.47941529750823975",
        "cumulative": false
    },
    {
        "date": "2020-12-08T10:55:41.512Z",
        "value": "0.5988889336585999",
        "cumulative": false
    },
    {
        "date": "2020-12-08T10:55:42.384Z",
        "value": "0.4807649552822113",
        "cumulative": false
    },
    {
        "date": "2020-12-08T10:55:43.253Z",
        "value": "0.4669199287891388",
        "cumulative": false
    },
    {
        "date": "2020-12-08T10:55:45.500Z",
        "value": "0.5494202375411987",
        "cumulative": false
    },
    {
        "date": "2020-12-08T10:55:46.393Z",
        "value": "0.6255115866661072",
        "cumulative": false
    },
    {
        "date": "2020-12-08T10:55:47.293Z",
        "value": "0.5463370084762573",
        "cumulative": false
    },
    {
        "date": "2020-12-08T10:55:48.169Z",
        "value": "0.5962247848510742",
        "cumulative": false
    },
    {
        "date": "2020-12-08T10:55:49.065Z",
        "value": "0.5279088020324707",
        "cumulative": false
    },
    {
        "date": "2020-12-08T10:55:49.982Z",
        "value": "0.5020042061805725",
        "cumulative": false
    },
    {
        "date": "2020-12-08T10:55:50.892Z",
        "value": "0.41378989815711975",
        "cumulative": false
    },
    {
        "date": "2020-12-08T10:55:51.740Z",
        "value": "0.5329920053482056",
        "cumulative": false
    },
    {
        "date": "2020-12-08T10:55:52.603Z",
        "value": "0.5246672630310059",
        "cumulative": false
    },
    {
        "date": "2020-12-08T10:55:53.486Z",
        "value": "0.3488205075263977",
        "cumulative": false
    },
    {
        "date": "2020-12-08T10:55:54.340Z",
        "value": "0.5515100359916687",
        "cumulative": false
    },
    {
        "date": "2020-12-08T10:55:55.205Z",
        "value": "0.5695812106132507",
        "cumulative": false
    },
    {
        "date": "2020-12-08T10:55:56.073Z",
        "value": "0.5218270421028137",
        "cumulative": false
    },
    {
        "date": "2020-12-08T10:55:56.938Z",
        "value": "0.4774075746536255",
        "cumulative": false
    },
    {
        "date": "2020-12-08T10:55:57.839Z",
        "value": "0.5351812243461609",
        "cumulative": false
    },
    {
        "date": "2020-12-08T10:55:58.716Z",
        "value": "0.4727131426334381",
        "cumulative": false
    },
    {
        "date": "2020-12-08T10:56:00.965Z",
        "value": "0.502915620803833",
        "cumulative": false
    },
    {
        "date": "2020-12-08T10:56:01.844Z",
        "value": "0.43084579706192017",
        "cumulative": false
    },
    {
        "date": "2020-12-08T10:56:02.684Z",
        "value": "0.3180868923664093",
        "cumulative": false
    },
    {
        "date": "2020-12-08T10:56:03.564Z",
        "value": "0.3973567485809326",
        "cumulative": false
    },
    {
        "date": "2020-12-08T10:56:04.418Z",
        "value": "0.5459299087524414",
        "cumulative": false
    },
    {
        "date": "2020-12-08T10:56:05.283Z",
        "value": "0.45854759216308594",
        "cumulative": false
    },
    {
        "date": "2020-12-08T10:56:06.156Z",
        "value": "0.5628032088279724",
        "cumulative": false
    },
    {
        "date": "2020-12-08T10:56:07.021Z",
        "value": "0.4797793924808502",
        "cumulative": false
    },
    {
        "date": "2020-12-08T10:56:07.898Z",
        "value": "0.4612104892730713",
        "cumulative": false
    },
    {
        "date": "2020-12-08T10:56:08.737Z",
        "value": "0.46394944190979004",
        "cumulative": false
    },
    {
        "date": "2020-12-08T10:56:09.619Z",
        "value": "0.37924638390541077",
        "cumulative": false
    },
    {
        "date": "2020-12-08T10:56:10.473Z",
        "value": "0.542698323726654",
        "cumulative": false
    },
    {
        "date": "2020-12-08T10:56:11.341Z",
        "value": "0.4924044609069824",
        "cumulative": false
    },
    {
        "date": "2020-12-08T10:56:12.208Z",
        "value": "0.4202116131782532",
        "cumulative": false
    },
    {
        "date": "2020-12-08T10:56:13.076Z",
        "value": "0.503953218460083",
        "cumulative": false
    },
    {
        "date": "2020-12-08T10:56:13.981Z",
        "value": "0.3917657136917114",
        "cumulative": false
    }
]