[
    {
        "date": "2020-12-08T10:53:09.994Z",
        "value": "0.17974400520324707",
        "cumulative": false
    },
    {
        "date": "2020-12-08T10:53:25.384Z",
        "value": "0.17139101028442383",
        "cumulative": false
    },
    {
        "date": "2020-12-08T10:53:40.805Z",
        "value": "0.17046189308166504",
        "cumulative": false
    },
    {
        "date": "2020-12-08T10:53:56.016Z",
        "value": "0.18245553970336914",
        "cumulative": false
    },
    {
        "date": "2020-12-08T10:54:11.493Z",
        "value": "0.20032024383544922",
        "cumulative": false
    },
    {
        "date": "2020-12-08T10:54:27.156Z",
        "value": "0.1536388397216797",
        "cumulative": false
    },
    {
        "date": "2020-12-08T10:54:42.395Z",
        "value": "0.1620936393737793",
        "cumulative": false
    },
    {
        "date": "2020-12-08T10:54:57.680Z",
        "value": "0.16017603874206543",
        "cumulative": false
    },
    {
        "date": "2020-12-08T10:55:12.973Z",
        "value": "0.15114593505859375",
        "cumulative": false
    },
    {
        "date": "2020-12-08T10:55:28.398Z",
        "value": "0.16016173362731934",
        "cumulative": false
    },
    {
        "date": "2020-12-08T10:55:43.813Z",
        "value": "0.1775493621826172",
        "cumulative": false
    },
    {
        "date": "2020-12-08T10:55:59.259Z",
        "value": "0.1452944278717041",
        "cumulative": false
    },
    {
        "date": "2020-12-08T10:56:14.542Z",
        "value": "0.1788957118988037",
        "cumulative": false
    }
]