[
    {
        "date": "2020-12-08T10:53:09.994Z",
        "value": "2.201474905014038",
        "cumulative": false
    },
    {
        "date": "2020-12-08T10:53:25.384Z",
        "value": "2.1369967460632324",
        "cumulative": false
    },
    {
        "date": "2020-12-08T10:53:40.805Z",
        "value": "1.9929404258728027",
        "cumulative": false
    },
    {
        "date": "2020-12-08T10:53:56.016Z",
        "value": "2.30268931388855",
        "cumulative": false
    },
    {
        "date": "2020-12-08T10:54:11.493Z",
        "value": "2.2120585441589355",
        "cumulative": false
    },
    {
        "date": "2020-12-08T10:54:27.156Z",
        "value": "1.8963665962219238",
        "cumulative": false
    },
    {
        "date": "2020-12-08T10:54:42.395Z",
        "value": "2.162256956100464",
        "cumulative": false
    },
    {
        "date": "2020-12-08T10:54:57.680Z",
        "value": "2.022757053375244",
        "cumulative": false
    },
    {
        "date": "2020-12-08T10:55:12.973Z",
        "value": "2.080793857574463",
        "cumulative": false
    },
    {
        "date": "2020-12-08T10:55:28.398Z",
        "value": "1.8131239414215088",
        "cumulative": false
    },
    {
        "date": "2020-12-08T10:55:43.814Z",
        "value": "2.0461857318878174",
        "cumulative": false
    },
    {
        "date": "2020-12-08T10:55:59.259Z",
        "value": "1.9446301460266113",
        "cumulative": false
    },
    {
        "date": "2020-12-08T10:56:14.542Z",
        "value": "2.124810218811035",
        "cumulative": false
    }
]