[
    {
        "date": "2020-09-11T09:23:00Z",
        "value": "0.021337565",
        "cumulative": false
    },
    {
        "date": "2020-09-11T09:23:16Z",
        "value": "0.48741623",
        "cumulative": false
    },
    {
        "date": "2020-09-11T09:23:32Z",
        "value": "0.689464615",
        "cumulative": false
    },
    {
        "date": "2020-09-11T09:23:52Z",
        "value": "0.761421831",
        "cumulative": false
    },
    {
        "date": "2020-09-11T09:24:05Z",
        "value": "1.381987387",
        "cumulative": false
    },
    {
        "date": "2020-09-11T09:24:16Z",
        "value": "1.410407503",
        "cumulative": false
    },
    {
        "date": "2020-09-11T09:24:33Z",
        "value": "1.130787086",
        "cumulative": false
    },
    {
        "date": "2020-09-11T09:24:44Z",
        "value": "1.133525739",
        "cumulative": false
    },
    {
        "date": "2020-09-11T09:24:57Z",
        "value": "1.020565298",
        "cumulative": false
    },
    {
        "date": "2020-09-11T09:25:08Z",
        "value": "0.811531075",
        "cumulative": false
    },
    {
        "date": "2020-09-11T09:25:22Z",
        "value": "0.891247108",
        "cumulative": false
    },
    {
        "date": "2020-09-11T09:25:35Z",
        "value": "0.966701774",
        "cumulative": false
    },
    {
        "date": "2020-09-11T09:25:47Z",
        "value": "0.94943898",
        "cumulative": false
    },
    {
        "date": "2020-09-11T09:26:01Z",
        "value": "0.7680152",
        "cumulative": false
    },
    {
        "date": "2020-09-11T09:26:17Z",
        "value": "0.985400594",
        "cumulative": false
    },
    {
        "date": "2020-09-11T09:26:31Z",
        "value": "0.784193602",
        "cumulative": false
    },
    {
        "date": "2020-09-11T09:26:50Z",
        "value": "0.984562499",
        "cumulative": false
    },
    {
        "date": "2020-09-11T09:27:09Z",
        "value": "0.78215111",
        "cumulative": false
    },
    {
        "date": "2020-09-11T09:27:28Z",
        "value": "0.957323817",
        "cumulative": false
    },
    {
        "date": "2020-09-11T09:27:42Z",
        "value": "0.989643918",
        "cumulative": false
    },
    {
        "date": "2020-09-11T09:27:57Z",
        "value": "0.607132209",
        "cumulative": false
    },
    {
        "date": "2020-09-11T09:28:16Z",
        "value": "0.949739824",
        "cumulative": false
    },
    {
        "date": "2020-09-11T09:28:27Z",
        "value": "1.012522685",
        "cumulative": false
    },
    {
        "date": "2020-09-11T09:28:44Z",
        "value": "0.805397391",
        "cumulative": false
    },
    {
        "date": "2020-09-11T09:28:59Z",
        "value": "0.58972539",
        "cumulative": false
    },
    {
        "date": "2020-09-11T09:29:12Z",
        "value": "0.904205863",
        "cumulative": false
    },
    {
        "date": "2020-09-11T09:29:26Z",
        "value": "0.970133952",
        "cumulative": false
    },
    {
        "date": "2020-09-11T09:29:37Z",
        "value": "0.982335491",
        "cumulative": false
    },
    {
        "date": "2020-09-11T09:29:51Z",
        "value": "0.983243971",
        "cumulative": false
    },
    {
        "date": "2020-09-11T09:30:02Z",
        "value": "0.678209012",
        "cumulative": false
    },
    {
        "date": "2020-09-11T09:30:15Z",
        "value": "0.62931137",
        "cumulative": false
    },
    {
        "date": "2020-09-11T09:30:30Z",
        "value": "0.833588466",
        "cumulative": false
    },
    {
        "date": "2020-09-11T09:30:41Z",
        "value": "0.941155221",
        "cumulative": false
    },
    {
        "date": "2020-09-11T09:31:00Z",
        "value": "0.940724616",
        "cumulative": false
    },
    {
        "date": "2020-09-11T09:31:12Z",
        "value": "0.970610421",
        "cumulative": false
    },
    {
        "date": "2020-09-11T09:31:24Z",
        "value": "0.861144486",
        "cumulative": false
    },
    {
        "date": "2020-09-11T09:31:34Z",
        "value": "0.683682701",
        "cumulative": false
    },
    {
        "date": "2020-09-11T09:31:49Z",
        "value": "0.602480744",
        "cumulative": false
    },
    {
        "date": "2020-09-11T09:32:00Z",
        "value": "0.669553655",
        "cumulative": false
    },
    {
        "date": "2020-09-11T09:32:16Z",
        "value": "0.974602736",
        "cumulative": false
    },
    {
        "date": "2020-09-11T09:32:34Z",
        "value": "0.957127989",
        "cumulative": false
    },
    {
        "date": "2020-09-11T09:32:52Z",
        "value": "0.977479368",
        "cumulative": false
    },
    {
        "date": "2020-09-11T09:33:03Z",
        "value": "0.939228107",
        "cumulative": false
    },
    {
        "date": "2020-09-11T09:33:14Z",
        "value": "0.960208753",
        "cumulative": false
    },
    {
        "date": "2020-09-11T09:33:29Z",
        "value": "0.661887007",
        "cumulative": false
    },
    {
        "date": "2020-09-11T09:33:46Z",
        "value": "0.640971589",
        "cumulative": false
    },
    {
        "date": "2020-09-11T09:34:06Z",
        "value": "0.659237688",
        "cumulative": false
    },
    {
        "date": "2020-09-11T09:34:19Z",
        "value": "0.959653822",
        "cumulative": false
    },
    {
        "date": "2020-09-11T09:34:36Z",
        "value": "0.941107723",
        "cumulative": false
    },
    {
        "date": "2020-09-11T09:34:49Z",
        "value": "0.982128173",
        "cumulative": false
    },
    {
        "date": "2020-09-11T09:35:01Z",
        "value": "0.952277654",
        "cumulative": false
    },
    {
        "date": "2020-09-11T09:35:16Z",
        "value": "0.951419286",
        "cumulative": false
    },
    {
        "date": "2020-09-11T09:35:33Z",
        "value": "0.983582485",
        "cumulative": false
    },
    {
        "date": "2020-09-11T09:35:45Z",
        "value": "0.949308414",
        "cumulative": false
    },
    {
        "date": "2020-09-11T09:36:05Z",
        "value": "0.644157598",
        "cumulative": false
    },
    {
        "date": "2020-09-11T09:36:24Z",
        "value": "0.605486755",
        "cumulative": false
    },
    {
        "date": "2020-09-11T09:36:40Z",
        "value": "0.631285829",
        "cumulative": false
    },
    {
        "date": "2020-09-11T09:36:52Z",
        "value": "0.687604984",
        "cumulative": false
    },
    {
        "date": "2020-09-11T09:37:11Z",
        "value": "0.978327043",
        "cumulative": false
    },
    {
        "date": "2020-09-11T09:37:30Z",
        "value": "0.960767822",
        "cumulative": false
    },
    {
        "date": "2020-09-11T09:37:47Z",
        "value": "0.969613768",
        "cumulative": false
    },
    {
        "date": "2020-09-11T09:38:02Z",
        "value": "0.937819356",
        "cumulative": false
    },
    {
        "date": "2020-09-11T09:38:13Z",
        "value": "0.971789971",
        "cumulative": false
    },
    {
        "date": "2020-09-11T09:38:24Z",
        "value": "0.935856181",
        "cumulative": false
    },
    {
        "date": "2020-09-11T09:38:43Z",
        "value": "0.955724477",
        "cumulative": false
    },
    {
        "date": "2020-09-11T09:38:56Z",
        "value": "0.929909507",
        "cumulative": false
    },
    {
        "date": "2020-09-11T09:39:08Z",
        "value": "0.695007032",
        "cumulative": false
    },
    {
        "date": "2020-09-11T09:39:18Z",
        "value": "0.632399793",
        "cumulative": false
    },
    {
        "date": "2020-09-11T09:39:32Z",
        "value": "0.627049922",
        "cumulative": false
    },
    {
        "date": "2020-09-11T09:39:49Z",
        "value": "0.629671765",
        "cumulative": false
    },
    {
        "date": "2020-09-11T09:40:05Z",
        "value": "0.610012647",
        "cumulative": false
    },
    {
        "date": "2020-09-11T09:40:15Z",
        "value": "0.710628469",
        "cumulative": false
    },
    {
        "date": "2020-09-11T09:40:32Z",
        "value": "0.948838548",
        "cumulative": false
    },
    {
        "date": "2020-09-11T09:40:49Z",
        "value": "0.957100445",
        "cumulative": false
    },
    {
        "date": "2020-09-11T09:41:08Z",
        "value": "0.957148853",
        "cumulative": false
    },
    {
        "date": "2020-09-11T09:41:28Z",
        "value": "0.95495791",
        "cumulative": false
    },
    {
        "date": "2020-09-11T09:41:44Z",
        "value": "0.943631199",
        "cumulative": false
    },
    {
        "date": "2020-09-11T09:41:58Z",
        "value": "0.951421345",
        "cumulative": false
    },
    {
        "date": "2020-09-11T09:42:12Z",
        "value": "0.957554086",
        "cumulative": false
    },
    {
        "date": "2020-09-11T09:42:27Z",
        "value": "0.940554691",
        "cumulative": false
    },
    {
        "date": "2020-09-11T09:42:44Z",
        "value": "0.946094826",
        "cumulative": false
    },
    {
        "date": "2020-09-11T09:42:55Z",
        "value": "0.893846605",
        "cumulative": false
    },
    {
        "date": "2020-09-11T09:43:13Z",
        "value": "0.584420783",
        "cumulative": false
    },
    {
        "date": "2020-09-11T09:43:25Z",
        "value": "0.661536845",
        "cumulative": false
    },
    {
        "date": "2020-09-11T09:43:44Z",
        "value": "0.606525964",
        "cumulative": false
    },
    {
        "date": "2020-09-11T09:43:56Z",
        "value": "0.607321082",
        "cumulative": false
    },
    {
        "date": "2020-09-11T09:44:08Z",
        "value": "0.65902938",
        "cumulative": false
    },
    {
        "date": "2020-09-11T09:44:27Z",
        "value": "0.640343238",
        "cumulative": false
    },
    {
        "date": "2020-09-11T09:44:41Z",
        "value": "0.827621124",
        "cumulative": false
    },
    {
        "date": "2020-09-11T09:44:53Z",
        "value": "0.953969321",
        "cumulative": false
    },
    {
        "date": "2020-09-11T09:45:08Z",
        "value": "0.934646721",
        "cumulative": false
    },
    {
        "date": "2020-09-11T09:45:27Z",
        "value": "0.926639785",
        "cumulative": false
    },
    {
        "date": "2020-09-11T09:45:47Z",
        "value": "0.919758311",
        "cumulative": false
    },
    {
        "date": "2020-09-11T09:46:03Z",
        "value": "0.914380299",
        "cumulative": false
    },
    {
        "date": "2020-09-11T09:46:19Z",
        "value": "0.936109056",
        "cumulative": false
    },
    {
        "date": "2020-09-11T09:46:30Z",
        "value": "0.914083609",
        "cumulative": false
    },
    {
        "date": "2020-09-11T09:46:47Z",
        "value": "0.908636271",
        "cumulative": false
    },
    {
        "date": "2020-09-11T09:47:04Z",
        "value": "0.930360232",
        "cumulative": false
    },
    {
        "date": "2020-09-11T09:47:21Z",
        "value": "0.932186049",
        "cumulative": false
    },
    {
        "date": "2020-09-11T09:47:36Z",
        "value": "0.94163657",
        "cumulative": false
    },
    {
        "date": "2020-09-11T09:47:55Z",
        "value": "0.930888342",
        "cumulative": false
    },
    {
        "date": "2020-09-11T09:48:13Z",
        "value": "0.620943784",
        "cumulative": false
    },
    {
        "date": "2020-09-11T09:48:30Z",
        "value": "0.626411307",
        "cumulative": false
    },
    {
        "date": "2020-09-11T09:48:45Z",
        "value": "0.606590402",
        "cumulative": false
    },
    {
        "date": "2020-09-11T09:48:56Z",
        "value": "0.625582344",
        "cumulative": false
    },
    {
        "date": "2020-09-11T09:49:11Z",
        "value": "0.61073437",
        "cumulative": false
    },
    {
        "date": "2020-09-11T09:49:25Z",
        "value": "0.665407045",
        "cumulative": false
    },
    {
        "date": "2020-09-11T09:49:38Z",
        "value": "0.640469972",
        "cumulative": false
    },
    {
        "date": "2020-09-11T09:49:52Z",
        "value": "0.598335458",
        "cumulative": false
    },
    {
        "date": "2020-09-11T09:50:05Z",
        "value": "0.59826921",
        "cumulative": false
    },
    {
        "date": "2020-09-11T09:50:24Z",
        "value": "0.925612719",
        "cumulative": false
    },
    {
        "date": "2020-09-11T09:50:38Z",
        "value": "0.933707148",
        "cumulative": false
    },
    {
        "date": "2020-09-11T09:50:52Z",
        "value": "0.883217157",
        "cumulative": false
    },
    {
        "date": "2020-09-11T09:51:12Z",
        "value": "0.935128377",
        "cumulative": false
    },
    {
        "date": "2020-09-11T09:51:28Z",
        "value": "0.932189895",
        "cumulative": false
    },
    {
        "date": "2020-09-11T09:51:44Z",
        "value": "0.916932039",
        "cumulative": false
    },
    {
        "date": "2020-09-11T09:52:01Z",
        "value": "0.936896817",
        "cumulative": false
    },
    {
        "date": "2020-09-11T09:52:18Z",
        "value": "0.953723953",
        "cumulative": false
    },
    {
        "date": "2020-09-11T09:52:32Z",
        "value": "0.921077453",
        "cumulative": false
    },
    {
        "date": "2020-09-11T09:52:52Z",
        "value": "0.931392524",
        "cumulative": false
    },
    {
        "date": "2020-09-11T09:53:10Z",
        "value": "0.933897462",
        "cumulative": false
    },
    {
        "date": "2020-09-11T09:53:27Z",
        "value": "0.935169164",
        "cumulative": false
    },
    {
        "date": "2020-09-11T09:53:46Z",
        "value": "0.935317892",
        "cumulative": false
    },
    {
        "date": "2020-09-11T09:53:59Z",
        "value": "0.938701212",
        "cumulative": false
    },
    {
        "date": "2020-09-11T09:54:18Z",
        "value": "0.962627651",
        "cumulative": false
    },
    {
        "date": "2020-09-11T09:54:30Z",
        "value": "0.622149881",
        "cumulative": false
    },
    {
        "date": "2020-09-11T09:54:47Z",
        "value": "0.603290851",
        "cumulative": false
    },
    {
        "date": "2020-09-11T09:55:03Z",
        "value": "0.613549549",
        "cumulative": false
    },
    {
        "date": "2020-09-11T09:55:18Z",
        "value": "0.68416901",
        "cumulative": false
    },
    {
        "date": "2020-09-11T09:55:29Z",
        "value": "0.633255872",
        "cumulative": false
    },
    {
        "date": "2020-09-11T09:55:43Z",
        "value": "0.677695813",
        "cumulative": false
    },
    {
        "date": "2020-09-11T09:56:01Z",
        "value": "0.602461346",
        "cumulative": false
    },
    {
        "date": "2020-09-11T09:56:20Z",
        "value": "0.60175729",
        "cumulative": false
    },
    {
        "date": "2020-09-11T09:56:37Z",
        "value": "0.651773176",
        "cumulative": false
    },
    {
        "date": "2020-09-11T09:56:53Z",
        "value": "0.633748419",
        "cumulative": false
    },
    {
        "date": "2020-09-11T09:57:11Z",
        "value": "0.872866598",
        "cumulative": false
    },
    {
        "date": "2020-09-11T09:57:25Z",
        "value": "0.954353818",
        "cumulative": false
    },
    {
        "date": "2020-09-11T09:57:41Z",
        "value": "0.950335052",
        "cumulative": false
    },
    {
        "date": "2020-09-11T09:57:56Z",
        "value": "0.939658734",
        "cumulative": false
    },
    {
        "date": "2020-09-11T09:58:10Z",
        "value": "0.940664925",
        "cumulative": false
    },
    {
        "date": "2020-09-11T09:58:21Z",
        "value": "0.964594309",
        "cumulative": false
    },
    {
        "date": "2020-09-11T09:58:37Z",
        "value": "0.947258013",
        "cumulative": false
    },
    {
        "date": "2020-09-11T09:58:52Z",
        "value": "0.935047094",
        "cumulative": false
    },
    {
        "date": "2020-09-11T09:59:05Z",
        "value": "0.922529935",
        "cumulative": false
    },
    {
        "date": "2020-09-11T09:59:23Z",
        "value": "0.935948179",
        "cumulative": false
    },
    {
        "date": "2020-09-11T09:59:40Z",
        "value": "0.918930245",
        "cumulative": false
    },
    {
        "date": "2020-09-11T09:59:58Z",
        "value": "0.941529822",
        "cumulative": false
    },
    {
        "date": "2020-09-11T10:00:10Z",
        "value": "0.917311699",
        "cumulative": false
    },
    {
        "date": "2020-09-11T10:00:30Z",
        "value": "0.94475312",
        "cumulative": false
    },
    {
        "date": "2020-09-11T10:00:50Z",
        "value": "0.939266054",
        "cumulative": false
    },
    {
        "date": "2020-09-11T10:01:01Z",
        "value": "0.939445508",
        "cumulative": false
    },
    {
        "date": "2020-09-11T10:01:15Z",
        "value": "0.943562637",
        "cumulative": false
    },
    {
        "date": "2020-09-11T10:01:32Z",
        "value": "0.919611663",
        "cumulative": false
    },
    {
        "date": "2020-09-11T10:01:49Z",
        "value": "0.949132383",
        "cumulative": false
    },
    {
        "date": "2020-09-11T10:02:09Z",
        "value": "0.918543263",
        "cumulative": false
    },
    {
        "date": "2020-09-11T10:02:19Z",
        "value": "0.846458766",
        "cumulative": false
    },
    {
        "date": "2020-09-11T10:02:34Z",
        "value": "0.592773794",
        "cumulative": false
    },
    {
        "date": "2020-09-11T10:02:50Z",
        "value": "0.598726235",
        "cumulative": false
    },
    {
        "date": "2020-09-11T10:03:06Z",
        "value": "0.643596147",
        "cumulative": false
    },
    {
        "date": "2020-09-11T10:03:17Z",
        "value": "0.626838748",
        "cumulative": false
    },
    {
        "date": "2020-09-11T10:03:33Z",
        "value": "0.652058855",
        "cumulative": false
    },
    {
        "date": "2020-09-11T10:03:44Z",
        "value": "0.635904797",
        "cumulative": false
    },
    {
        "date": "2020-09-11T10:03:59Z",
        "value": "0.665816731",
        "cumulative": false
    },
    {
        "date": "2020-09-11T10:04:15Z",
        "value": "0.635643555",
        "cumulative": false
    },
    {
        "date": "2020-09-11T10:04:29Z",
        "value": "0.666695794",
        "cumulative": false
    },
    {
        "date": "2020-09-11T10:04:40Z",
        "value": "0.671286021",
        "cumulative": false
    },
    {
        "date": "2020-09-11T10:04:59Z",
        "value": "0.663139472",
        "cumulative": false
    },
    {
        "date": "2020-09-11T10:05:16Z",
        "value": "0.613364132",
        "cumulative": false
    },
    {
        "date": "2020-09-11T10:05:32Z",
        "value": "0.607824087",
        "cumulative": false
    },
    {
        "date": "2020-09-11T10:05:46Z",
        "value": "0.937995097",
        "cumulative": false
    },
    {
        "date": "2020-09-11T10:06:02Z",
        "value": "0.945948362",
        "cumulative": false
    },
    {
        "date": "2020-09-11T10:06:18Z",
        "value": "0.93343703",
        "cumulative": false
    },
    {
        "date": "2020-09-11T10:06:32Z",
        "value": "0.955994809",
        "cumulative": false
    },
    {
        "date": "2020-09-11T10:06:43Z",
        "value": "0.906355872",
        "cumulative": false
    },
    {
        "date": "2020-09-11T10:06:58Z",
        "value": "0.925958647",
        "cumulative": false
    },
    {
        "date": "2020-09-11T10:07:13Z",
        "value": "0.954185384",
        "cumulative": false
    },
    {
        "date": "2020-09-11T10:07:28Z",
        "value": "0.924284102",
        "cumulative": false
    },
    {
        "date": "2020-09-11T10:07:41Z",
        "value": "0.913786875",
        "cumulative": false
    },
    {
        "date": "2020-09-11T10:07:59Z",
        "value": "0.91706292",
        "cumulative": false
    },
    {
        "date": "2020-09-11T10:08:15Z",
        "value": "0.920169894",
        "cumulative": false
    },
    {
        "date": "2020-09-11T10:08:31Z",
        "value": "0.934138084",
        "cumulative": false
    },
    {
        "date": "2020-09-11T10:08:47Z",
        "value": "0.938525925",
        "cumulative": false
    },
    {
        "date": "2020-09-11T10:09:05Z",
        "value": "0.934235199",
        "cumulative": false
    },
    {
        "date": "2020-09-11T10:09:23Z",
        "value": "0.925502767",
        "cumulative": false
    },
    {
        "date": "2020-09-11T10:09:42Z",
        "value": "0.909584396",
        "cumulative": false
    },
    {
        "date": "2020-09-11T10:09:55Z",
        "value": "0.953209658",
        "cumulative": false
    },
    {
        "date": "2020-09-11T10:10:13Z",
        "value": "0.908166728",
        "cumulative": false
    },
    {
        "date": "2020-09-11T10:10:26Z",
        "value": "0.936757566",
        "cumulative": false
    },
    {
        "date": "2020-09-11T10:10:39Z",
        "value": "0.941186144",
        "cumulative": false
    },
    {
        "date": "2020-09-11T10:10:51Z",
        "value": "0.928689266",
        "cumulative": false
    },
    {
        "date": "2020-09-11T10:11:02Z",
        "value": "0.927742282",
        "cumulative": false
    },
    {
        "date": "2020-09-11T10:11:13Z",
        "value": "0.943153492",
        "cumulative": false
    },
    {
        "date": "2020-09-11T10:11:33Z",
        "value": "0.933041037",
        "cumulative": false
    },
    {
        "date": "2020-09-11T10:11:43Z",
        "value": "0.945984508",
        "cumulative": false
    },
    {
        "date": "2020-09-11T10:12:00Z",
        "value": "0.921525773",
        "cumulative": false
    },
    {
        "date": "2020-09-11T10:12:19Z",
        "value": "0.922421962",
        "cumulative": false
    },
    {
        "date": "2020-09-11T10:12:32Z",
        "value": "0.611088816",
        "cumulative": false
    },
    {
        "date": "2020-09-11T10:12:51Z",
        "value": "0.647346385",
        "cumulative": false
    },
    {
        "date": "2020-09-11T10:13:09Z",
        "value": "0.604610522",
        "cumulative": false
    },
    {
        "date": "2020-09-11T10:13:29Z",
        "value": "0.608181111",
        "cumulative": false
    },
    {
        "date": "2020-09-11T10:13:46Z",
        "value": "0.59890033",
        "cumulative": false
    },
    {
        "date": "2020-09-11T10:13:59Z",
        "value": "0.691078924",
        "cumulative": false
    },
    {
        "date": "2020-09-11T10:14:14Z",
        "value": "0.705472737",
        "cumulative": false
    },
    {
        "date": "2020-09-11T10:14:25Z",
        "value": "0.599702035",
        "cumulative": false
    },
    {
        "date": "2020-09-11T10:14:44Z",
        "value": "0.627185094",
        "cumulative": false
    },
    {
        "date": "2020-09-11T10:14:58Z",
        "value": "0.592842153",
        "cumulative": false
    },
    {
        "date": "2020-09-11T10:15:15Z",
        "value": "0.649012811",
        "cumulative": false
    },
    {
        "date": "2020-09-11T10:15:29Z",
        "value": "0.619128705",
        "cumulative": false
    },
    {
        "date": "2020-09-11T10:15:46Z",
        "value": "0.650312969",
        "cumulative": false
    },
    {
        "date": "2020-09-11T10:15:59Z",
        "value": "0.662069182",
        "cumulative": false
    },
    {
        "date": "2020-09-11T10:16:11Z",
        "value": "0.586075109",
        "cumulative": false
    },
    {
        "date": "2020-09-11T10:16:22Z",
        "value": "0.652954832",
        "cumulative": false
    },
    {
        "date": "2020-09-11T10:16:36Z",
        "value": "0.720259837",
        "cumulative": false
    },
    {
        "date": "2020-09-11T10:16:49Z",
        "value": "0.91336442",
        "cumulative": false
    },
    {
        "date": "2020-09-11T10:17:08Z",
        "value": "0.925781833",
        "cumulative": false
    },
    {
        "date": "2020-09-11T10:17:23Z",
        "value": "0.949412355",
        "cumulative": false
    },
    {
        "date": "2020-09-11T10:17:35Z",
        "value": "0.96018067",
        "cumulative": false
    },
    {
        "date": "2020-09-11T10:17:53Z",
        "value": "0.923815748",
        "cumulative": false
    },
    {
        "date": "2020-09-11T10:18:08Z",
        "value": "0.931897245",
        "cumulative": false
    },
    {
        "date": "2020-09-11T10:18:18Z",
        "value": "0.922906701",
        "cumulative": false
    },
    {
        "date": "2020-09-11T10:18:38Z",
        "value": "0.907220781",
        "cumulative": false
    },
    {
        "date": "2020-09-11T10:18:55Z",
        "value": "0.937659889",
        "cumulative": false
    },
    {
        "date": "2020-09-11T10:19:13Z",
        "value": "0.947046344",
        "cumulative": false
    },
    {
        "date": "2020-09-11T10:19:24Z",
        "value": "0.912232806",
        "cumulative": false
    },
    {
        "date": "2020-09-11T10:19:34Z",
        "value": "0.905482672",
        "cumulative": false
    },
    {
        "date": "2020-09-11T10:19:54Z",
        "value": "0.926504899",
        "cumulative": false
    },
    {
        "date": "2020-09-11T10:20:10Z",
        "value": "0.915844176",
        "cumulative": false
    },
    {
        "date": "2020-09-11T10:20:28Z",
        "value": "0.917040891",
        "cumulative": false
    },
    {
        "date": "2020-09-11T10:20:41Z",
        "value": "0.911803055",
        "cumulative": false
    },
    {
        "date": "2020-09-11T10:20:53Z",
        "value": "0.880144868",
        "cumulative": false
    },
    {
        "date": "2020-09-11T10:21:06Z",
        "value": "0.911598787",
        "cumulative": false
    },
    {
        "date": "2020-09-11T10:21:25Z",
        "value": "0.941175571",
        "cumulative": false
    },
    {
        "date": "2020-09-11T10:21:38Z",
        "value": "0.900235359",
        "cumulative": false
    },
    {
        "date": "2020-09-11T10:21:54Z",
        "value": "0.897657055",
        "cumulative": false
    },
    {
        "date": "2020-09-11T10:22:04Z",
        "value": "0.888708394",
        "cumulative": false
    },
    {
        "date": "2020-09-11T10:22:17Z",
        "value": "0.908313763",
        "cumulative": false
    },
    {
        "date": "2020-09-11T10:22:34Z",
        "value": "0.926667751",
        "cumulative": false
    },
    {
        "date": "2020-09-11T10:22:53Z",
        "value": "0.920317316",
        "cumulative": false
    },
    {
        "date": "2020-09-11T10:23:10Z",
        "value": "0.911715364",
        "cumulative": false
    },
    {
        "date": "2020-09-11T10:23:28Z",
        "value": "0.950748682",
        "cumulative": false
    },
    {
        "date": "2020-09-11T10:23:41Z",
        "value": "0.925775205",
        "cumulative": false
    },
    {
        "date": "2020-09-11T10:24:00Z",
        "value": "0.913373243",
        "cumulative": false
    },
    {
        "date": "2020-09-11T10:24:20Z",
        "value": "0.929464001",
        "cumulative": false
    },
    {
        "date": "2020-09-11T10:24:38Z",
        "value": "0.904624246",
        "cumulative": false
    },
    {
        "date": "2020-09-11T10:24:48Z",
        "value": "0.884987555",
        "cumulative": false
    },
    {
        "date": "2020-09-11T10:25:07Z",
        "value": "0.913309772",
        "cumulative": false
    }
]