[
    {
        "date": "2020-09-11T09:22:55Z",
        "value": "0.0009593963623046875",
        "cumulative": true
    },
    {
        "date": "2020-09-11T09:23:06Z",
        "value": "0.33046531677246094",
        "cumulative": true
    },
    {
        "date": "2020-09-11T09:23:20Z",
        "value": "23.797243118286133",
        "cumulative": true
    },
    {
        "date": "2020-09-11T09:23:31Z",
        "value": "47.83297348022461",
        "cumulative": true
    },
    {
        "date": "2020-09-11T09:23:47Z",
        "value": "153.81487655639648",
        "cumulative": true
    },
    {
        "date": "2020-09-11T09:23:58Z",
        "value": "564.3254909515381",
        "cumulative": true
    },
    {
        "date": "2020-09-11T09:24:14Z",
        "value": "2189.5738067626953",
        "cumulative": true
    },
    {
        "date": "2020-09-11T09:24:28Z",
        "value": "3647.4507913589478",
        "cumulative": true
    },
    {
        "date": "2020-09-11T09:24:39Z",
        "value": "5335.9425048828125",
        "cumulative": true
    },
    {
        "date": "2020-09-11T09:24:56Z",
        "value": "7236.163694381714",
        "cumulative": true
    },
    {
        "date": "2020-09-11T09:25:13Z",
        "value": "9392.486270904541",
        "cumulative": true
    },
    {
        "date": "2020-09-11T09:25:30Z",
        "value": "11632.003707885742",
        "cumulative": true
    },
    {
        "date": "2020-09-11T09:25:47Z",
        "value": "14309.739165306091",
        "cumulative": true
    },
    {
        "date": "2020-09-11T09:25:58Z",
        "value": "15924.296283721924",
        "cumulative": true
    },
    {
        "date": "2020-09-11T09:26:17Z",
        "value": "18274.343015670776",
        "cumulative": true
    },
    {
        "date": "2020-09-11T09:26:28Z",
        "value": "20199.692929267883",
        "cumulative": true
    },
    {
        "date": "2020-09-11T09:26:48Z",
        "value": "22803.834367752075",
        "cumulative": true
    },
    {
        "date": "2020-09-11T09:27:02Z",
        "value": "24852.884413719177",
        "cumulative": true
    },
    {
        "date": "2020-09-11T09:27:20Z",
        "value": "28132.888912200928",
        "cumulative": true
    },
    {
        "date": "2020-09-11T09:27:39Z",
        "value": "29441.306594848633",
        "cumulative": true
    },
    {
        "date": "2020-09-11T09:27:51Z",
        "value": "32360.681728363037",
        "cumulative": true
    },
    {
        "date": "2020-09-11T09:28:08Z",
        "value": "35344.63641357422",
        "cumulative": true
    },
    {
        "date": "2020-09-11T09:28:22Z",
        "value": "36396.18677139282",
        "cumulative": true
    },
    {
        "date": "2020-09-11T09:28:33Z",
        "value": "37171.462436676025",
        "cumulative": true
    },
    {
        "date": "2020-09-11T09:28:45Z",
        "value": "39462.65647697449",
        "cumulative": true
    },
    {
        "date": "2020-09-11T09:29:02Z",
        "value": "43727.63143348694",
        "cumulative": true
    },
    {
        "date": "2020-09-11T09:29:17Z",
        "value": "44847.17115497589",
        "cumulative": true
    },
    {
        "date": "2020-09-11T09:29:29Z",
        "value": "45668.61482715607",
        "cumulative": true
    },
    {
        "date": "2020-09-11T09:29:39Z",
        "value": "46374.89448261261",
        "cumulative": true
    },
    {
        "date": "2020-09-11T09:29:51Z",
        "value": "47322.75553226471",
        "cumulative": true
    },
    {
        "date": "2020-09-11T09:30:02Z",
        "value": "50499.936076164246",
        "cumulative": true
    },
    {
        "date": "2020-09-11T09:30:21Z",
        "value": "55331.53830623627",
        "cumulative": true
    },
    {
        "date": "2020-09-11T09:30:33Z",
        "value": "56194.71276664734",
        "cumulative": true
    },
    {
        "date": "2020-09-11T09:30:51Z",
        "value": "57422.48797035217",
        "cumulative": true
    },
    {
        "date": "2020-09-11T09:31:03Z",
        "value": "58245.56527137756",
        "cumulative": true
    },
    {
        "date": "2020-09-11T09:31:21Z",
        "value": "59519.622999191284",
        "cumulative": true
    },
    {
        "date": "2020-09-11T09:31:38Z",
        "value": "64303.342104911804",
        "cumulative": true
    },
    {
        "date": "2020-09-11T09:31:54Z",
        "value": "68442.0746641159",
        "cumulative": true
    },
    {
        "date": "2020-09-11T09:32:10Z",
        "value": "70630.58527755737",
        "cumulative": true
    },
    {
        "date": "2020-09-11T09:32:28Z",
        "value": "71861.23023223877",
        "cumulative": true
    },
    {
        "date": "2020-09-11T09:32:48Z",
        "value": "73202.12100982666",
        "cumulative": true
    },
    {
        "date": "2020-09-11T09:33:01Z",
        "value": "74044.9981842041",
        "cumulative": true
    },
    {
        "date": "2020-09-11T09:33:16Z",
        "value": "75083.76970100403",
        "cumulative": true
    },
    {
        "date": "2020-09-11T09:33:31Z",
        "value": "78775.9004907608",
        "cumulative": true
    },
    {
        "date": "2020-09-11T09:33:45Z",
        "value": "82493.16714382172",
        "cumulative": true
    },
    {
        "date": "2020-09-11T09:33:58Z",
        "value": "86061.37247562408",
        "cumulative": true
    },
    {
        "date": "2020-09-11T09:34:12Z",
        "value": "88657.46499156952",
        "cumulative": true
    },
    {
        "date": "2020-09-11T09:34:26Z",
        "value": "89550.88551807404",
        "cumulative": true
    },
    {
        "date": "2020-09-11T09:34:43Z",
        "value": "90675.33814907074",
        "cumulative": true
    },
    {
        "date": "2020-09-11T09:34:58Z",
        "value": "91672.52930736542",
        "cumulative": true
    },
    {
        "date": "2020-09-11T09:35:15Z",
        "value": "92762.8779630661",
        "cumulative": true
    },
    {
        "date": "2020-09-11T09:35:33Z",
        "value": "93959.02503299713",
        "cumulative": true
    },
    {
        "date": "2020-09-11T09:35:49Z",
        "value": "95438.06478691101",
        "cumulative": true
    },
    {
        "date": "2020-09-11T09:36:07Z",
        "value": "100175.73862457275",
        "cumulative": true
    },
    {
        "date": "2020-09-11T09:36:26Z",
        "value": "104970.14516830444",
        "cumulative": true
    },
    {
        "date": "2020-09-11T09:36:40Z",
        "value": "108549.32072639465",
        "cumulative": true
    },
    {
        "date": "2020-09-11T09:36:55Z",
        "value": "111750.54282283783",
        "cumulative": true
    },
    {
        "date": "2020-09-11T09:37:06Z",
        "value": "112489.8917798996",
        "cumulative": true
    },
    {
        "date": "2020-09-11T09:37:25Z",
        "value": "113725.70298290253",
        "cumulative": true
    },
    {
        "date": "2020-09-11T09:37:39Z",
        "value": "114717.00175189972",
        "cumulative": true
    },
    {
        "date": "2020-09-11T09:37:49Z",
        "value": "115379.74189472198",
        "cumulative": true
    },
    {
        "date": "2020-09-11T09:38:05Z",
        "value": "116383.23386096954",
        "cumulative": true
    },
    {
        "date": "2020-09-11T09:38:18Z",
        "value": "117279.23989391327",
        "cumulative": true
    },
    {
        "date": "2020-09-11T09:38:38Z",
        "value": "118548.74133014679",
        "cumulative": true
    },
    {
        "date": "2020-09-11T09:38:52Z",
        "value": "119449.4817686081",
        "cumulative": true
    },
    {
        "date": "2020-09-11T09:39:04Z",
        "value": "122104.14019012451",
        "cumulative": true
    },
    {
        "date": "2020-09-11T09:39:15Z",
        "value": "125007.5572013855",
        "cumulative": true
    },
    {
        "date": "2020-09-11T09:39:26Z",
        "value": "127941.59883499146",
        "cumulative": true
    },
    {
        "date": "2020-09-11T09:39:43Z",
        "value": "132068.64993095398",
        "cumulative": true
    },
    {
        "date": "2020-09-11T09:40:03Z",
        "value": "137341.37499809265",
        "cumulative": true
    },
    {
        "date": "2020-09-11T09:40:21Z",
        "value": "141161.94622135162",
        "cumulative": true
    },
    {
        "date": "2020-09-11T09:40:34Z",
        "value": "142001.96070194244",
        "cumulative": true
    },
    {
        "date": "2020-09-11T09:40:47Z",
        "value": "142830.75774860382",
        "cumulative": true
    },
    {
        "date": "2020-09-11T09:41:04Z",
        "value": "143985.99035167694",
        "cumulative": true
    },
    {
        "date": "2020-09-11T09:41:16Z",
        "value": "144738.36147594452",
        "cumulative": true
    },
    {
        "date": "2020-09-11T09:41:36Z",
        "value": "146051.69865512848",
        "cumulative": true
    },
    {
        "date": "2020-09-11T09:41:53Z",
        "value": "147221.46942806244",
        "cumulative": true
    },
    {
        "date": "2020-09-11T09:42:09Z",
        "value": "148186.5476140976",
        "cumulative": true
    },
    {
        "date": "2020-09-11T09:42:28Z",
        "value": "149469.8729467392",
        "cumulative": true
    },
    {
        "date": "2020-09-11T09:42:45Z",
        "value": "150572.44924259186",
        "cumulative": true
    },
    {
        "date": "2020-09-11T09:43:00Z",
        "value": "152349.90168571472",
        "cumulative": true
    },
    {
        "date": "2020-09-11T09:43:20Z",
        "value": "157562.35019683838",
        "cumulative": true
    },
    {
        "date": "2020-09-11T09:43:38Z",
        "value": "162591.8098297119",
        "cumulative": true
    },
    {
        "date": "2020-09-11T09:43:57Z",
        "value": "167358.83024406433",
        "cumulative": true
    },
    {
        "date": "2020-09-11T09:44:13Z",
        "value": "172032.26585769653",
        "cumulative": true
    },
    {
        "date": "2020-09-11T09:44:32Z",
        "value": "177159.6939754486",
        "cumulative": true
    },
    {
        "date": "2020-09-11T09:44:44Z",
        "value": "178306.90803813934",
        "cumulative": true
    },
    {
        "date": "2020-09-11T09:44:56Z",
        "value": "179141.96707439423",
        "cumulative": true
    },
    {
        "date": "2020-09-11T09:45:16Z",
        "value": "180447.69272899628",
        "cumulative": true
    },
    {
        "date": "2020-09-11T09:45:33Z",
        "value": "181522.04827594757",
        "cumulative": true
    },
    {
        "date": "2020-09-11T09:45:46Z",
        "value": "182343.87508678436",
        "cumulative": true
    },
    {
        "date": "2020-09-11T09:46:04Z",
        "value": "183545.17001247406",
        "cumulative": true
    },
    {
        "date": "2020-09-11T09:46:15Z",
        "value": "184217.42955303192",
        "cumulative": true
    },
    {
        "date": "2020-09-11T09:46:34Z",
        "value": "185487.91261196136",
        "cumulative": true
    },
    {
        "date": "2020-09-11T09:46:51Z",
        "value": "186590.58042430878",
        "cumulative": true
    },
    {
        "date": "2020-09-11T09:47:04Z",
        "value": "187469.27786159515",
        "cumulative": true
    },
    {
        "date": "2020-09-11T09:47:21Z",
        "value": "188532.79676151276",
        "cumulative": true
    },
    {
        "date": "2020-09-11T09:47:33Z",
        "value": "189340.8239107132",
        "cumulative": true
    },
    {
        "date": "2020-09-11T09:47:48Z",
        "value": "190301.14089107513",
        "cumulative": true
    },
    {
        "date": "2020-09-11T09:48:07Z",
        "value": "193620.1141242981",
        "cumulative": true
    },
    {
        "date": "2020-09-11T09:48:17Z",
        "value": "196383.1371459961",
        "cumulative": true
    },
    {
        "date": "2020-09-11T09:48:31Z",
        "value": "199959.95330429077",
        "cumulative": true
    },
    {
        "date": "2020-09-11T09:48:49Z",
        "value": "204585.94577217102",
        "cumulative": true
    },
    {
        "date": "2020-09-11T09:49:05Z",
        "value": "208959.6277217865",
        "cumulative": true
    },
    {
        "date": "2020-09-11T09:49:24Z",
        "value": "213986.10912895203",
        "cumulative": true
    },
    {
        "date": "2020-09-11T09:49:40Z",
        "value": "218332.2191696167",
        "cumulative": true
    },
    {
        "date": "2020-09-11T09:49:55Z",
        "value": "222010.99453926086",
        "cumulative": true
    },
    {
        "date": "2020-09-11T09:50:13Z",
        "value": "224850.57609272003",
        "cumulative": true
    },
    {
        "date": "2020-09-11T09:50:26Z",
        "value": "225705.91486644745",
        "cumulative": true
    },
    {
        "date": "2020-09-11T09:50:44Z",
        "value": "226849.8576040268",
        "cumulative": true
    },
    {
        "date": "2020-09-11T09:51:03Z",
        "value": "228055.75173664093",
        "cumulative": true
    },
    {
        "date": "2020-09-11T09:51:14Z",
        "value": "228854.09432315826",
        "cumulative": true
    },
    {
        "date": "2020-09-11T09:51:25Z",
        "value": "229524.91263866425",
        "cumulative": true
    },
    {
        "date": "2020-09-11T09:51:43Z",
        "value": "230693.0810842514",
        "cumulative": true
    },
    {
        "date": "2020-09-11T09:51:58Z",
        "value": "231693.94370174408",
        "cumulative": true
    },
    {
        "date": "2020-09-11T09:52:16Z",
        "value": "232860.71471881866",
        "cumulative": true
    },
    {
        "date": "2020-09-11T09:52:33Z",
        "value": "234028.2033700943",
        "cumulative": true
    },
    {
        "date": "2020-09-11T09:52:47Z",
        "value": "234877.07833957672",
        "cumulative": true
    },
    {
        "date": "2020-09-11T09:52:59Z",
        "value": "235696.47076320648",
        "cumulative": true
    },
    {
        "date": "2020-09-11T09:53:14Z",
        "value": "236608.07788562775",
        "cumulative": true
    },
    {
        "date": "2020-09-11T09:53:32Z",
        "value": "237865.008893013",
        "cumulative": true
    },
    {
        "date": "2020-09-11T09:53:46Z",
        "value": "238751.87452602386",
        "cumulative": true
    },
    {
        "date": "2020-09-11T09:54:02Z",
        "value": "239774.27159404755",
        "cumulative": true
    },
    {
        "date": "2020-09-11T09:54:19Z",
        "value": "240950.50456905365",
        "cumulative": true
    },
    {
        "date": "2020-09-11T09:54:36Z",
        "value": "245259.5321006775",
        "cumulative": true
    },
    {
        "date": "2020-09-11T09:54:51Z",
        "value": "249187.46279144287",
        "cumulative": true
    },
    {
        "date": "2020-09-11T09:55:11Z",
        "value": "254469.47167396545",
        "cumulative": true
    },
    {
        "date": "2020-09-11T09:55:27Z",
        "value": "258770.51295280457",
        "cumulative": true
    },
    {
        "date": "2020-09-11T09:55:42Z",
        "value": "263158.3099822998",
        "cumulative": true
    },
    {
        "date": "2020-09-11T09:55:59Z",
        "value": "267432.9793987274",
        "cumulative": true
    },
    {
        "date": "2020-09-11T09:56:11Z",
        "value": "270601.12066078186",
        "cumulative": true
    },
    {
        "date": "2020-09-11T09:56:23Z",
        "value": "273555.50174331665",
        "cumulative": true
    },
    {
        "date": "2020-09-11T09:56:40Z",
        "value": "278201.2218837738",
        "cumulative": true
    },
    {
        "date": "2020-09-11T09:56:53Z",
        "value": "281741.02566719055",
        "cumulative": true
    },
    {
        "date": "2020-09-11T09:57:13Z",
        "value": "284187.63852500916",
        "cumulative": true
    },
    {
        "date": "2020-09-11T09:57:27Z",
        "value": "285191.55268859863",
        "cumulative": true
    },
    {
        "date": "2020-09-11T09:57:46Z",
        "value": "286447.30001831055",
        "cumulative": true
    },
    {
        "date": "2020-09-11T09:57:58Z",
        "value": "287272.17206192017",
        "cumulative": true
    },
    {
        "date": "2020-09-11T09:58:08Z",
        "value": "287917.89757728577",
        "cumulative": true
    },
    {
        "date": "2020-09-11T09:58:22Z",
        "value": "288830.16629981995",
        "cumulative": true
    },
    {
        "date": "2020-09-11T09:58:34Z",
        "value": "289643.97272491455",
        "cumulative": true
    },
    {
        "date": "2020-09-11T09:58:52Z",
        "value": "290852.60701179504",
        "cumulative": true
    },
    {
        "date": "2020-09-11T09:59:11Z",
        "value": "292117.0624256134",
        "cumulative": true
    },
    {
        "date": "2020-09-11T09:59:25Z",
        "value": "293004.7969894409",
        "cumulative": true
    },
    {
        "date": "2020-09-11T09:59:38Z",
        "value": "293837.7601299286",
        "cumulative": true
    },
    {
        "date": "2020-09-11T09:59:55Z",
        "value": "294934.6027908325",
        "cumulative": true
    },
    {
        "date": "2020-09-11T10:00:13Z",
        "value": "296120.4910144806",
        "cumulative": true
    },
    {
        "date": "2020-09-11T10:00:28Z",
        "value": "297062.3420124054",
        "cumulative": true
    },
    {
        "date": "2020-09-11T10:00:39Z",
        "value": "297815.8511734009",
        "cumulative": true
    },
    {
        "date": "2020-09-11T10:00:56Z",
        "value": "298964.1433162689",
        "cumulative": true
    },
    {
        "date": "2020-09-11T10:01:14Z",
        "value": "300196.17143058777",
        "cumulative": true
    },
    {
        "date": "2020-09-11T10:01:31Z",
        "value": "301281.1596927643",
        "cumulative": true
    },
    {
        "date": "2020-09-11T10:01:51Z",
        "value": "302649.7010746002",
        "cumulative": true
    },
    {
        "date": "2020-09-11T10:02:03Z",
        "value": "303417.6979942322",
        "cumulative": true
    },
    {
        "date": "2020-09-11T10:02:18Z",
        "value": "304521.8012647629",
        "cumulative": true
    },
    {
        "date": "2020-09-11T10:02:30Z",
        "value": "307726.98117733",
        "cumulative": true
    },
    {
        "date": "2020-09-11T10:02:41Z",
        "value": "310213.2108564377",
        "cumulative": true
    },
    {
        "date": "2020-09-11T10:02:57Z",
        "value": "314744.5461435318",
        "cumulative": true
    },
    {
        "date": "2020-09-11T10:03:11Z",
        "value": "318723.5934972763",
        "cumulative": true
    },
    {
        "date": "2020-09-11T10:03:29Z",
        "value": "323651.6363954544",
        "cumulative": true
    },
    {
        "date": "2020-09-11T10:03:48Z",
        "value": "328676.41164684296",
        "cumulative": true
    },
    {
        "date": "2020-09-11T10:04:00Z",
        "value": "332162.07291698456",
        "cumulative": true
    },
    {
        "date": "2020-09-11T10:04:15Z",
        "value": "336325.10910511017",
        "cumulative": true
    },
    {
        "date": "2020-09-11T10:04:29Z",
        "value": "340067.2673101425",
        "cumulative": true
    },
    {
        "date": "2020-09-11T10:04:44Z",
        "value": "344605.52586460114",
        "cumulative": true
    },
    {
        "date": "2020-09-11T10:04:59Z",
        "value": "348764.36807727814",
        "cumulative": true
    },
    {
        "date": "2020-09-11T10:05:19Z",
        "value": "353896.26394176483",
        "cumulative": true
    },
    {
        "date": "2020-09-11T10:05:38Z",
        "value": "357936.13759994507",
        "cumulative": true
    },
    {
        "date": "2020-09-11T10:05:51Z",
        "value": "358771.5136947632",
        "cumulative": true
    },
    {
        "date": "2020-09-11T10:06:04Z",
        "value": "359608.0478916168",
        "cumulative": true
    },
    {
        "date": "2020-09-11T10:06:21Z",
        "value": "360712.718793869",
        "cumulative": true
    },
    {
        "date": "2020-09-11T10:06:37Z",
        "value": "361879.10065078735",
        "cumulative": true
    },
    {
        "date": "2020-09-11T10:06:52Z",
        "value": "362750.2125263214",
        "cumulative": true
    },
    {
        "date": "2020-09-11T10:07:09Z",
        "value": "363879.8479423523",
        "cumulative": true
    },
    {
        "date": "2020-09-11T10:07:26Z",
        "value": "365103.7773513794",
        "cumulative": true
    },
    {
        "date": "2020-09-11T10:07:44Z",
        "value": "366171.22670173645",
        "cumulative": true
    },
    {
        "date": "2020-09-11T10:07:59Z",
        "value": "367229.6006965637",
        "cumulative": true
    },
    {
        "date": "2020-09-11T10:08:12Z",
        "value": "368040.39360809326",
        "cumulative": true
    },
    {
        "date": "2020-09-11T10:08:26Z",
        "value": "368885.54457473755",
        "cumulative": true
    },
    {
        "date": "2020-09-11T10:08:37Z",
        "value": "369629.8584804535",
        "cumulative": true
    },
    {
        "date": "2020-09-11T10:08:51Z",
        "value": "370539.5678768158",
        "cumulative": true
    },
    {
        "date": "2020-09-11T10:09:09Z",
        "value": "371753.2221298218",
        "cumulative": true
    },
    {
        "date": "2020-09-11T10:09:20Z",
        "value": "372552.265335083",
        "cumulative": true
    },
    {
        "date": "2020-09-11T10:09:38Z",
        "value": "373621.6566352844",
        "cumulative": true
    },
    {
        "date": "2020-09-11T10:09:52Z",
        "value": "374542.8118686676",
        "cumulative": true
    },
    {
        "date": "2020-09-11T10:10:07Z",
        "value": "375563.17948532104",
        "cumulative": true
    },
    {
        "date": "2020-09-11T10:10:19Z",
        "value": "376329.4460697174",
        "cumulative": true
    },
    {
        "date": "2020-09-11T10:10:39Z",
        "value": "377612.5120334625",
        "cumulative": true
    },
    {
        "date": "2020-09-11T10:10:51Z",
        "value": "378401.0274410248",
        "cumulative": true
    },
    {
        "date": "2020-09-11T10:11:04Z",
        "value": "379285.31450271606",
        "cumulative": true
    },
    {
        "date": "2020-09-11T10:11:23Z",
        "value": "380539.63489151",
        "cumulative": true
    },
    {
        "date": "2020-09-11T10:11:34Z",
        "value": "381250.1744556427",
        "cumulative": true
    },
    {
        "date": "2020-09-11T10:11:44Z",
        "value": "381929.3451023102",
        "cumulative": true
    },
    {
        "date": "2020-09-11T10:11:56Z",
        "value": "382686.450006485",
        "cumulative": true
    },
    {
        "date": "2020-09-11T10:12:08Z",
        "value": "383489.21331596375",
        "cumulative": true
    },
    {
        "date": "2020-09-11T10:12:28Z",
        "value": "386543.61297130585",
        "cumulative": true
    },
    {
        "date": "2020-09-11T10:12:42Z",
        "value": "390306.0416460037",
        "cumulative": true
    },
    {
        "date": "2020-09-11T10:13:01Z",
        "value": "395616.67384815216",
        "cumulative": true
    },
    {
        "date": "2020-09-11T10:13:19Z",
        "value": "400130.1682481766",
        "cumulative": true
    },
    {
        "date": "2020-09-11T10:13:39Z",
        "value": "405657.23244953156",
        "cumulative": true
    },
    {
        "date": "2020-09-11T10:13:50Z",
        "value": "408482.30455875397",
        "cumulative": true
    },
    {
        "date": "2020-09-11T10:14:01Z",
        "value": "411517.52285671234",
        "cumulative": true
    },
    {
        "date": "2020-09-11T10:14:16Z",
        "value": "415886.174738884",
        "cumulative": true
    },
    {
        "date": "2020-09-11T10:14:29Z",
        "value": "419255.8399915695",
        "cumulative": true
    },
    {
        "date": "2020-09-11T10:14:48Z",
        "value": "424029.039765358",
        "cumulative": true
    },
    {
        "date": "2020-09-11T10:15:07Z",
        "value": "429355.9987478256",
        "cumulative": true
    },
    {
        "date": "2020-09-11T10:15:22Z",
        "value": "433552.71255016327",
        "cumulative": true
    },
    {
        "date": "2020-09-11T10:15:42Z",
        "value": "438792.1300840378",
        "cumulative": true
    },
    {
        "date": "2020-09-11T10:16:00Z",
        "value": "443760.59011363983",
        "cumulative": true
    },
    {
        "date": "2020-09-11T10:16:18Z",
        "value": "448335.39116191864",
        "cumulative": true
    },
    {
        "date": "2020-09-11T10:16:32Z",
        "value": "451625.91734981537",
        "cumulative": true
    },
    {
        "date": "2020-09-11T10:16:49Z",
        "value": "452721.9234132767",
        "cumulative": true
    },
    {
        "date": "2020-09-11T10:17:02Z",
        "value": "453596.56322956085",
        "cumulative": true
    },
    {
        "date": "2020-09-11T10:17:18Z",
        "value": "454653.28719234467",
        "cumulative": true
    },
    {
        "date": "2020-09-11T10:17:34Z",
        "value": "455678.3582582474",
        "cumulative": true
    },
    {
        "date": "2020-09-11T10:17:45Z",
        "value": "456401.656165123",
        "cumulative": true
    },
    {
        "date": "2020-09-11T10:18:04Z",
        "value": "457664.60389614105",
        "cumulative": true
    },
    {
        "date": "2020-09-11T10:18:17Z",
        "value": "458514.4311208725",
        "cumulative": true
    },
    {
        "date": "2020-09-11T10:18:34Z",
        "value": "459647.5085668564",
        "cumulative": true
    },
    {
        "date": "2020-09-11T10:18:48Z",
        "value": "460655.6132040024",
        "cumulative": true
    },
    {
        "date": "2020-09-11T10:18:59Z",
        "value": "461325.1931219101",
        "cumulative": true
    },
    {
        "date": "2020-09-11T10:19:13Z",
        "value": "462314.02433109283",
        "cumulative": true
    },
    {
        "date": "2020-09-11T10:19:25Z",
        "value": "463012.79878139496",
        "cumulative": true
    },
    {
        "date": "2020-09-11T10:19:45Z",
        "value": "464345.49647426605",
        "cumulative": true
    },
    {
        "date": "2020-09-11T10:19:59Z",
        "value": "465170.71690273285",
        "cumulative": true
    },
    {
        "date": "2020-09-11T10:20:15Z",
        "value": "466188.71710300446",
        "cumulative": true
    },
    {
        "date": "2020-09-11T10:20:29Z",
        "value": "467132.03470897675",
        "cumulative": true
    },
    {
        "date": "2020-09-11T10:20:40Z",
        "value": "467827.5046072006",
        "cumulative": true
    },
    {
        "date": "2020-09-11T10:20:55Z",
        "value": "468774.55502414703",
        "cumulative": true
    },
    {
        "date": "2020-09-11T10:21:14Z",
        "value": "470059.0822534561",
        "cumulative": true
    },
    {
        "date": "2020-09-11T10:21:30Z",
        "value": "471067.37663936615",
        "cumulative": true
    },
    {
        "date": "2020-09-11T10:21:46Z",
        "value": "472074.0531549454",
        "cumulative": true
    },
    {
        "date": "2020-09-11T10:22:03Z",
        "value": "473150.0736207962",
        "cumulative": true
    },
    {
        "date": "2020-09-11T10:22:18Z",
        "value": "474124.60109233856",
        "cumulative": true
    },
    {
        "date": "2020-09-11T10:22:30Z",
        "value": "474863.96199321747",
        "cumulative": true
    },
    {
        "date": "2020-09-11T10:22:43Z",
        "value": "475770.91419506073",
        "cumulative": true
    },
    {
        "date": "2020-09-11T10:23:01Z",
        "value": "476892.01459026337",
        "cumulative": true
    },
    {
        "date": "2020-09-11T10:23:21Z",
        "value": "478189.260638237",
        "cumulative": true
    },
    {
        "date": "2020-09-11T10:23:36Z",
        "value": "479174.579161644",
        "cumulative": true
    },
    {
        "date": "2020-09-11T10:23:47Z",
        "value": "479882.2971982956",
        "cumulative": true
    },
    {
        "date": "2020-09-11T10:24:06Z",
        "value": "481173.93643665314",
        "cumulative": true
    },
    {
        "date": "2020-09-11T10:24:24Z",
        "value": "482282.1107568741",
        "cumulative": true
    },
    {
        "date": "2020-09-11T10:24:43Z",
        "value": "483497.3982515335",
        "cumulative": true
    },
    {
        "date": "2020-09-11T10:24:53Z",
        "value": "484172.27501392365",
        "cumulative": true
    },
    {
        "date": "2020-09-11T10:25:06Z",
        "value": "484986.5908956528",
        "cumulative": true
    }
]