[
    {
        "date": "2020-09-11T09:23:10Z",
        "value": "0.233235684",
        "cumulative": false
    },
    {
        "date": "2020-09-11T09:23:28Z",
        "value": "0.681262676",
        "cumulative": false
    },
    {
        "date": "2020-09-11T09:23:47Z",
        "value": "0.607689392",
        "cumulative": false
    },
    {
        "date": "2020-09-11T09:23:59Z",
        "value": "1.139999749",
        "cumulative": false
    },
    {
        "date": "2020-09-11T09:24:18Z",
        "value": "1.407175521",
        "cumulative": false
    },
    {
        "date": "2020-09-11T09:24:31Z",
        "value": "1.101928435",
        "cumulative": false
    },
    {
        "date": "2020-09-11T09:24:45Z",
        "value": "1.189890388",
        "cumulative": false
    },
    {
        "date": "2020-09-11T09:25:04Z",
        "value": "0.91920012",
        "cumulative": false
    },
    {
        "date": "2020-09-11T09:25:17Z",
        "value": "1.001213157",
        "cumulative": false
    },
    {
        "date": "2020-09-11T09:25:32Z",
        "value": "1.018483562",
        "cumulative": false
    },
    {
        "date": "2020-09-11T09:25:46Z",
        "value": "0.867438913",
        "cumulative": false
    },
    {
        "date": "2020-09-11T09:26:00Z",
        "value": "0.832897807",
        "cumulative": false
    },
    {
        "date": "2020-09-11T09:26:15Z",
        "value": "0.964689471",
        "cumulative": false
    },
    {
        "date": "2020-09-11T09:26:35Z",
        "value": "0.811968033",
        "cumulative": false
    },
    {
        "date": "2020-09-11T09:26:50Z",
        "value": "1.045448875",
        "cumulative": false
    },
    {
        "date": "2020-09-11T09:27:07Z",
        "value": "0.853204963",
        "cumulative": false
    },
    {
        "date": "2020-09-11T09:27:17Z",
        "value": "0.802830407",
        "cumulative": false
    },
    {
        "date": "2020-09-11T09:27:36Z",
        "value": "1.040009719",
        "cumulative": false
    },
    {
        "date": "2020-09-11T09:27:53Z",
        "value": "0.739112108",
        "cumulative": false
    },
    {
        "date": "2020-09-11T09:28:07Z",
        "value": "0.881159113",
        "cumulative": false
    },
    {
        "date": "2020-09-11T09:28:20Z",
        "value": "1.046277738",
        "cumulative": false
    },
    {
        "date": "2020-09-11T09:28:40Z",
        "value": "0.960334722",
        "cumulative": false
    },
    {
        "date": "2020-09-11T09:28:55Z",
        "value": "0.631642147",
        "cumulative": false
    },
    {
        "date": "2020-09-11T09:29:15Z",
        "value": "0.847205098",
        "cumulative": false
    },
    {
        "date": "2020-09-11T09:29:29Z",
        "value": "0.962267687",
        "cumulative": false
    },
    {
        "date": "2020-09-11T09:29:41Z",
        "value": "0.997523754",
        "cumulative": false
    },
    {
        "date": "2020-09-11T09:29:54Z",
        "value": "0.90542837",
        "cumulative": false
    },
    {
        "date": "2020-09-11T09:30:11Z",
        "value": "0.646039796",
        "cumulative": false
    },
    {
        "date": "2020-09-11T09:30:31Z",
        "value": "0.830709753",
        "cumulative": false
    },
    {
        "date": "2020-09-11T09:30:50Z",
        "value": "0.975764597",
        "cumulative": false
    },
    {
        "date": "2020-09-11T09:31:03Z",
        "value": "1.001659405",
        "cumulative": false
    },
    {
        "date": "2020-09-11T09:31:21Z",
        "value": "0.988996989",
        "cumulative": false
    },
    {
        "date": "2020-09-11T09:31:40Z",
        "value": "0.670797744",
        "cumulative": false
    },
    {
        "date": "2020-09-11T09:31:58Z",
        "value": "0.66603352",
        "cumulative": false
    },
    {
        "date": "2020-09-11T09:32:09Z",
        "value": "0.939980762",
        "cumulative": false
    },
    {
        "date": "2020-09-11T09:32:28Z",
        "value": "0.996491724",
        "cumulative": false
    },
    {
        "date": "2020-09-11T09:32:44Z",
        "value": "1.00699323",
        "cumulative": false
    },
    {
        "date": "2020-09-11T09:33:01Z",
        "value": "0.966906588",
        "cumulative": false
    },
    {
        "date": "2020-09-11T09:33:18Z",
        "value": "0.938731508",
        "cumulative": false
    },
    {
        "date": "2020-09-11T09:33:32Z",
        "value": "0.635878909",
        "cumulative": false
    },
    {
        "date": "2020-09-11T09:33:46Z",
        "value": "0.644306233",
        "cumulative": false
    },
    {
        "date": "2020-09-11T09:33:58Z",
        "value": "0.638131543",
        "cumulative": false
    },
    {
        "date": "2020-09-11T09:34:14Z",
        "value": "0.812700805",
        "cumulative": false
    },
    {
        "date": "2020-09-11T09:34:25Z",
        "value": "0.96560016",
        "cumulative": false
    },
    {
        "date": "2020-09-11T09:34:40Z",
        "value": "0.9522682",
        "cumulative": false
    },
    {
        "date": "2020-09-11T09:34:54Z",
        "value": "0.971062996",
        "cumulative": false
    },
    {
        "date": "2020-09-11T09:35:04Z",
        "value": "0.944524731",
        "cumulative": false
    },
    {
        "date": "2020-09-11T09:35:17Z",
        "value": "0.976172796",
        "cumulative": false
    },
    {
        "date": "2020-09-11T09:35:30Z",
        "value": "0.974462473",
        "cumulative": false
    },
    {
        "date": "2020-09-11T09:35:44Z",
        "value": "0.96715193",
        "cumulative": false
    },
    {
        "date": "2020-09-11T09:36:02Z",
        "value": "0.663936451",
        "cumulative": false
    },
    {
        "date": "2020-09-11T09:36:21Z",
        "value": "0.630684893",
        "cumulative": false
    },
    {
        "date": "2020-09-11T09:36:33Z",
        "value": "0.620436863",
        "cumulative": false
    },
    {
        "date": "2020-09-11T09:36:51Z",
        "value": "0.670591628",
        "cumulative": false
    },
    {
        "date": "2020-09-11T09:37:01Z",
        "value": "0.988712813",
        "cumulative": false
    },
    {
        "date": "2020-09-11T09:37:12Z",
        "value": "1.006730626",
        "cumulative": false
    },
    {
        "date": "2020-09-11T09:37:22Z",
        "value": "0.977706695",
        "cumulative": false
    },
    {
        "date": "2020-09-11T09:37:38Z",
        "value": "0.995619151",
        "cumulative": false
    },
    {
        "date": "2020-09-11T09:37:51Z",
        "value": "0.955003514",
        "cumulative": false
    },
    {
        "date": "2020-09-11T09:38:01Z",
        "value": "0.932489188",
        "cumulative": false
    },
    {
        "date": "2020-09-11T09:38:17Z",
        "value": "0.965004964",
        "cumulative": false
    },
    {
        "date": "2020-09-11T09:38:32Z",
        "value": "0.953164608",
        "cumulative": false
    },
    {
        "date": "2020-09-11T09:38:43Z",
        "value": "0.944997682",
        "cumulative": false
    },
    {
        "date": "2020-09-11T09:39:00Z",
        "value": "0.879950877",
        "cumulative": false
    },
    {
        "date": "2020-09-11T09:39:11Z",
        "value": "0.708165923",
        "cumulative": false
    },
    {
        "date": "2020-09-11T09:39:28Z",
        "value": "0.66463301",
        "cumulative": false
    },
    {
        "date": "2020-09-11T09:39:39Z",
        "value": "0.599590619",
        "cumulative": false
    },
    {
        "date": "2020-09-11T09:39:57Z",
        "value": "0.63341127",
        "cumulative": false
    },
    {
        "date": "2020-09-11T09:40:15Z",
        "value": "0.674668843",
        "cumulative": false
    },
    {
        "date": "2020-09-11T09:40:35Z",
        "value": "0.951462198",
        "cumulative": false
    },
    {
        "date": "2020-09-11T09:40:47Z",
        "value": "0.960208013",
        "cumulative": false
    },
    {
        "date": "2020-09-11T09:40:58Z",
        "value": "0.996581053",
        "cumulative": false
    },
    {
        "date": "2020-09-11T09:41:18Z",
        "value": "0.95232707",
        "cumulative": false
    },
    {
        "date": "2020-09-11T09:41:37Z",
        "value": "0.971179356",
        "cumulative": false
    },
    {
        "date": "2020-09-11T09:41:49Z",
        "value": "0.960337638",
        "cumulative": false
    },
    {
        "date": "2020-09-11T09:42:08Z",
        "value": "0.975228591",
        "cumulative": false
    },
    {
        "date": "2020-09-11T09:42:22Z",
        "value": "1.011727654",
        "cumulative": false
    },
    {
        "date": "2020-09-11T09:42:36Z",
        "value": "0.970172768",
        "cumulative": false
    },
    {
        "date": "2020-09-11T09:42:49Z",
        "value": "0.976746873",
        "cumulative": false
    },
    {
        "date": "2020-09-11T09:43:04Z",
        "value": "0.703137815",
        "cumulative": false
    },
    {
        "date": "2020-09-11T09:43:17Z",
        "value": "0.645933721",
        "cumulative": false
    },
    {
        "date": "2020-09-11T09:43:34Z",
        "value": "0.678264635",
        "cumulative": false
    },
    {
        "date": "2020-09-11T09:43:50Z",
        "value": "0.597818229",
        "cumulative": false
    },
    {
        "date": "2020-09-11T09:44:08Z",
        "value": "0.65847118",
        "cumulative": false
    },
    {
        "date": "2020-09-11T09:44:20Z",
        "value": "0.691879503",
        "cumulative": false
    },
    {
        "date": "2020-09-11T09:44:37Z",
        "value": "0.710110371",
        "cumulative": false
    },
    {
        "date": "2020-09-11T09:44:52Z",
        "value": "0.960246676",
        "cumulative": false
    },
    {
        "date": "2020-09-11T09:45:07Z",
        "value": "0.959723349",
        "cumulative": false
    },
    {
        "date": "2020-09-11T09:45:19Z",
        "value": "0.958693548",
        "cumulative": false
    },
    {
        "date": "2020-09-11T09:45:33Z",
        "value": "0.957136465",
        "cumulative": false
    },
    {
        "date": "2020-09-11T09:45:51Z",
        "value": "0.912436719",
        "cumulative": false
    },
    {
        "date": "2020-09-11T09:46:03Z",
        "value": "0.937816136",
        "cumulative": false
    },
    {
        "date": "2020-09-11T09:46:16Z",
        "value": "0.939333722",
        "cumulative": false
    },
    {
        "date": "2020-09-11T09:46:36Z",
        "value": "0.917352849",
        "cumulative": false
    },
    {
        "date": "2020-09-11T09:46:48Z",
        "value": "0.940463408",
        "cumulative": false
    },
    {
        "date": "2020-09-11T09:47:07Z",
        "value": "0.936770218",
        "cumulative": false
    },
    {
        "date": "2020-09-11T09:47:22Z",
        "value": "0.951396421",
        "cumulative": false
    },
    {
        "date": "2020-09-11T09:47:32Z",
        "value": "0.986112737",
        "cumulative": false
    },
    {
        "date": "2020-09-11T09:47:47Z",
        "value": "0.967626253",
        "cumulative": false
    },
    {
        "date": "2020-09-11T09:48:01Z",
        "value": "0.849468356",
        "cumulative": false
    },
    {
        "date": "2020-09-11T09:48:15Z",
        "value": "0.681268274",
        "cumulative": false
    },
    {
        "date": "2020-09-11T09:48:28Z",
        "value": "0.660969613",
        "cumulative": false
    },
    {
        "date": "2020-09-11T09:48:42Z",
        "value": "0.700678529",
        "cumulative": false
    },
    {
        "date": "2020-09-11T09:48:59Z",
        "value": "0.641715679",
        "cumulative": false
    },
    {
        "date": "2020-09-11T09:49:14Z",
        "value": "0.690075436",
        "cumulative": false
    },
    {
        "date": "2020-09-11T09:49:28Z",
        "value": "0.691817593",
        "cumulative": false
    },
    {
        "date": "2020-09-11T09:49:45Z",
        "value": "0.684135411",
        "cumulative": false
    },
    {
        "date": "2020-09-11T09:50:03Z",
        "value": "0.619377972",
        "cumulative": false
    },
    {
        "date": "2020-09-11T09:50:22Z",
        "value": "0.898778709",
        "cumulative": false
    },
    {
        "date": "2020-09-11T09:50:37Z",
        "value": "0.942114768",
        "cumulative": false
    },
    {
        "date": "2020-09-11T09:50:54Z",
        "value": "0.917532745",
        "cumulative": false
    },
    {
        "date": "2020-09-11T09:51:04Z",
        "value": "0.945108871",
        "cumulative": false
    },
    {
        "date": "2020-09-11T09:51:21Z",
        "value": "0.957058037",
        "cumulative": false
    },
    {
        "date": "2020-09-11T09:51:33Z",
        "value": "0.926771803",
        "cumulative": false
    },
    {
        "date": "2020-09-11T09:51:46Z",
        "value": "0.938166533",
        "cumulative": false
    },
    {
        "date": "2020-09-11T09:52:04Z",
        "value": "0.960895792",
        "cumulative": false
    },
    {
        "date": "2020-09-11T09:52:15Z",
        "value": "0.955486307",
        "cumulative": false
    },
    {
        "date": "2020-09-11T09:52:30Z",
        "value": "0.921804651",
        "cumulative": false
    },
    {
        "date": "2020-09-11T09:52:45Z",
        "value": "0.972996491",
        "cumulative": false
    },
    {
        "date": "2020-09-11T09:52:57Z",
        "value": "0.92300674",
        "cumulative": false
    },
    {
        "date": "2020-09-11T09:53:08Z",
        "value": "0.931999455",
        "cumulative": false
    },
    {
        "date": "2020-09-11T09:53:18Z",
        "value": "0.941535741",
        "cumulative": false
    },
    {
        "date": "2020-09-11T09:53:34Z",
        "value": "0.927485915",
        "cumulative": false
    },
    {
        "date": "2020-09-11T09:53:54Z",
        "value": "0.941378524",
        "cumulative": false
    },
    {
        "date": "2020-09-11T09:54:05Z",
        "value": "0.944006032",
        "cumulative": false
    },
    {
        "date": "2020-09-11T09:54:22Z",
        "value": "0.909666764",
        "cumulative": false
    },
    {
        "date": "2020-09-11T09:54:32Z",
        "value": "0.577359377",
        "cumulative": false
    },
    {
        "date": "2020-09-11T09:54:46Z",
        "value": "0.649213012",
        "cumulative": false
    },
    {
        "date": "2020-09-11T09:55:04Z",
        "value": "0.621903145",
        "cumulative": false
    },
    {
        "date": "2020-09-11T09:55:21Z",
        "value": "0.668195119",
        "cumulative": false
    },
    {
        "date": "2020-09-11T09:55:35Z",
        "value": "0.665312139",
        "cumulative": false
    },
    {
        "date": "2020-09-11T09:55:54Z",
        "value": "0.646695941",
        "cumulative": false
    },
    {
        "date": "2020-09-11T09:56:05Z",
        "value": "0.635518382",
        "cumulative": false
    },
    {
        "date": "2020-09-11T09:56:15Z",
        "value": "0.607180434",
        "cumulative": false
    },
    {
        "date": "2020-09-11T09:56:31Z",
        "value": "0.654117373",
        "cumulative": false
    },
    {
        "date": "2020-09-11T09:56:45Z",
        "value": "0.635433973",
        "cumulative": false
    },
    {
        "date": "2020-09-11T09:56:59Z",
        "value": "0.708683822",
        "cumulative": false
    },
    {
        "date": "2020-09-11T09:57:14Z",
        "value": "0.953987307",
        "cumulative": false
    },
    {
        "date": "2020-09-11T09:57:27Z",
        "value": "0.961142784",
        "cumulative": false
    },
    {
        "date": "2020-09-11T09:57:44Z",
        "value": "0.962235653",
        "cumulative": false
    },
    {
        "date": "2020-09-11T09:57:56Z",
        "value": "0.981671776",
        "cumulative": false
    },
    {
        "date": "2020-09-11T09:58:15Z",
        "value": "0.965664235",
        "cumulative": false
    },
    {
        "date": "2020-09-11T09:58:28Z",
        "value": "0.970680626",
        "cumulative": false
    },
    {
        "date": "2020-09-11T09:58:42Z",
        "value": "0.942920877",
        "cumulative": false
    },
    {
        "date": "2020-09-11T09:58:56Z",
        "value": "0.952753123",
        "cumulative": false
    },
    {
        "date": "2020-09-11T09:59:09Z",
        "value": "0.951875971",
        "cumulative": false
    },
    {
        "date": "2020-09-11T09:59:24Z",
        "value": "0.937736819",
        "cumulative": false
    },
    {
        "date": "2020-09-11T09:59:39Z",
        "value": "0.935881527",
        "cumulative": false
    },
    {
        "date": "2020-09-11T09:59:53Z",
        "value": "0.922106387",
        "cumulative": false
    },
    {
        "date": "2020-09-11T10:00:05Z",
        "value": "0.943595132",
        "cumulative": false
    },
    {
        "date": "2020-09-11T10:00:21Z",
        "value": "0.951346256",
        "cumulative": false
    },
    {
        "date": "2020-09-11T10:00:36Z",
        "value": "0.931121938",
        "cumulative": false
    },
    {
        "date": "2020-09-11T10:00:47Z",
        "value": "0.962573178",
        "cumulative": false
    },
    {
        "date": "2020-09-11T10:01:03Z",
        "value": "0.948414623",
        "cumulative": false
    },
    {
        "date": "2020-09-11T10:01:16Z",
        "value": "0.95079421",
        "cumulative": false
    },
    {
        "date": "2020-09-11T10:01:30Z",
        "value": "0.9221448",
        "cumulative": false
    },
    {
        "date": "2020-09-11T10:01:46Z",
        "value": "0.950329272",
        "cumulative": false
    },
    {
        "date": "2020-09-11T10:01:58Z",
        "value": "0.954262926",
        "cumulative": false
    },
    {
        "date": "2020-09-11T10:02:11Z",
        "value": "0.902147266",
        "cumulative": false
    },
    {
        "date": "2020-09-11T10:02:28Z",
        "value": "0.76676453",
        "cumulative": false
    },
    {
        "date": "2020-09-11T10:02:38Z",
        "value": "0.613976779",
        "cumulative": false
    },
    {
        "date": "2020-09-11T10:02:51Z",
        "value": "0.624360898",
        "cumulative": false
    },
    {
        "date": "2020-09-11T10:03:09Z",
        "value": "0.756073458",
        "cumulative": false
    },
    {
        "date": "2020-09-11T10:03:24Z",
        "value": "0.692717532",
        "cumulative": false
    },
    {
        "date": "2020-09-11T10:03:42Z",
        "value": "0.634763741",
        "cumulative": false
    },
    {
        "date": "2020-09-11T10:03:57Z",
        "value": "0.675668384",
        "cumulative": false
    },
    {
        "date": "2020-09-11T10:04:10Z",
        "value": "0.658275474",
        "cumulative": false
    },
    {
        "date": "2020-09-11T10:04:28Z",
        "value": "0.668681285",
        "cumulative": false
    },
    {
        "date": "2020-09-11T10:04:48Z",
        "value": "0.683231366",
        "cumulative": false
    },
    {
        "date": "2020-09-11T10:05:01Z",
        "value": "0.673838636",
        "cumulative": false
    },
    {
        "date": "2020-09-11T10:05:17Z",
        "value": "0.622174573",
        "cumulative": false
    },
    {
        "date": "2020-09-11T10:05:27Z",
        "value": "0.573307574",
        "cumulative": false
    },
    {
        "date": "2020-09-11T10:05:40Z",
        "value": "0.861733935",
        "cumulative": false
    },
    {
        "date": "2020-09-11T10:06:00Z",
        "value": "0.92841327",
        "cumulative": false
    },
    {
        "date": "2020-09-11T10:06:14Z",
        "value": "0.934472184",
        "cumulative": false
    },
    {
        "date": "2020-09-11T10:06:26Z",
        "value": "0.948149997",
        "cumulative": false
    },
    {
        "date": "2020-09-11T10:06:46Z",
        "value": "0.947963429",
        "cumulative": false
    },
    {
        "date": "2020-09-11T10:07:00Z",
        "value": "0.94091385",
        "cumulative": false
    },
    {
        "date": "2020-09-11T10:07:17Z",
        "value": "0.961137056",
        "cumulative": false
    },
    {
        "date": "2020-09-11T10:07:34Z",
        "value": "0.933269695",
        "cumulative": false
    },
    {
        "date": "2020-09-11T10:07:50Z",
        "value": "0.924317532",
        "cumulative": false
    },
    {
        "date": "2020-09-11T10:08:03Z",
        "value": "0.937430983",
        "cumulative": false
    },
    {
        "date": "2020-09-11T10:08:19Z",
        "value": "0.947912171",
        "cumulative": false
    },
    {
        "date": "2020-09-11T10:08:39Z",
        "value": "0.949954957",
        "cumulative": false
    },
    {
        "date": "2020-09-11T10:08:55Z",
        "value": "0.964366758",
        "cumulative": false
    },
    {
        "date": "2020-09-11T10:09:13Z",
        "value": "0.937844157",
        "cumulative": false
    },
    {
        "date": "2020-09-11T10:09:30Z",
        "value": "0.912960562",
        "cumulative": false
    },
    {
        "date": "2020-09-11T10:09:47Z",
        "value": "0.951906612",
        "cumulative": false
    },
    {
        "date": "2020-09-11T10:10:05Z",
        "value": "0.952461849",
        "cumulative": false
    },
    {
        "date": "2020-09-11T10:10:22Z",
        "value": "0.921513239",
        "cumulative": false
    },
    {
        "date": "2020-09-11T10:10:35Z",
        "value": "0.94227879",
        "cumulative": false
    },
    {
        "date": "2020-09-11T10:10:55Z",
        "value": "0.957321902",
        "cumulative": false
    },
    {
        "date": "2020-09-11T10:11:11Z",
        "value": "0.950227081",
        "cumulative": false
    },
    {
        "date": "2020-09-11T10:11:23Z",
        "value": "0.941051933",
        "cumulative": false
    },
    {
        "date": "2020-09-11T10:11:35Z",
        "value": "0.967768706",
        "cumulative": false
    },
    {
        "date": "2020-09-11T10:11:46Z",
        "value": "0.953736875",
        "cumulative": false
    },
    {
        "date": "2020-09-11T10:11:57Z",
        "value": "0.910957976",
        "cumulative": false
    },
    {
        "date": "2020-09-11T10:12:12Z",
        "value": "0.944152264",
        "cumulative": false
    },
    {
        "date": "2020-09-11T10:12:27Z",
        "value": "0.796339512",
        "cumulative": false
    },
    {
        "date": "2020-09-11T10:12:47Z",
        "value": "0.656080196",
        "cumulative": false
    },
    {
        "date": "2020-09-11T10:13:06Z",
        "value": "0.644437371",
        "cumulative": false
    },
    {
        "date": "2020-09-11T10:13:17Z",
        "value": "0.620064001",
        "cumulative": false
    },
    {
        "date": "2020-09-11T10:13:28Z",
        "value": "0.717627615",
        "cumulative": false
    },
    {
        "date": "2020-09-11T10:13:47Z",
        "value": "0.640179399",
        "cumulative": false
    },
    {
        "date": "2020-09-11T10:14:05Z",
        "value": "0.688832391",
        "cumulative": false
    },
    {
        "date": "2020-09-11T10:14:19Z",
        "value": "0.714730944",
        "cumulative": false
    },
    {
        "date": "2020-09-11T10:14:34Z",
        "value": "0.646478578",
        "cumulative": false
    },
    {
        "date": "2020-09-11T10:14:47Z",
        "value": "0.637527238",
        "cumulative": false
    },
    {
        "date": "2020-09-11T10:14:58Z",
        "value": "0.63661294",
        "cumulative": false
    },
    {
        "date": "2020-09-11T10:15:13Z",
        "value": "0.68003373",
        "cumulative": false
    },
    {
        "date": "2020-09-11T10:15:31Z",
        "value": "0.661757646",
        "cumulative": false
    },
    {
        "date": "2020-09-11T10:15:48Z",
        "value": "0.665581138",
        "cumulative": false
    },
    {
        "date": "2020-09-11T10:16:06Z",
        "value": "0.639137458",
        "cumulative": false
    },
    {
        "date": "2020-09-11T10:16:20Z",
        "value": "0.646786161",
        "cumulative": false
    },
    {
        "date": "2020-09-11T10:16:37Z",
        "value": "0.718403792",
        "cumulative": false
    },
    {
        "date": "2020-09-11T10:16:55Z",
        "value": "0.949509554",
        "cumulative": false
    },
    {
        "date": "2020-09-11T10:17:07Z",
        "value": "0.933830712",
        "cumulative": false
    },
    {
        "date": "2020-09-11T10:17:24Z",
        "value": "0.957829157",
        "cumulative": false
    },
    {
        "date": "2020-09-11T10:17:41Z",
        "value": "0.949336711",
        "cumulative": false
    },
    {
        "date": "2020-09-11T10:17:56Z",
        "value": "0.954025899",
        "cumulative": false
    },
    {
        "date": "2020-09-11T10:18:11Z",
        "value": "0.953694115",
        "cumulative": false
    },
    {
        "date": "2020-09-11T10:18:29Z",
        "value": "0.942458628",
        "cumulative": false
    },
    {
        "date": "2020-09-11T10:18:46Z",
        "value": "0.926426343",
        "cumulative": false
    },
    {
        "date": "2020-09-11T10:18:59Z",
        "value": "0.945066091",
        "cumulative": false
    },
    {
        "date": "2020-09-11T10:19:17Z",
        "value": "0.951789246",
        "cumulative": false
    },
    {
        "date": "2020-09-11T10:19:27Z",
        "value": "0.910037394",
        "cumulative": false
    },
    {
        "date": "2020-09-11T10:19:37Z",
        "value": "0.924218925",
        "cumulative": false
    },
    {
        "date": "2020-09-11T10:19:49Z",
        "value": "0.924365663",
        "cumulative": false
    },
    {
        "date": "2020-09-11T10:20:02Z",
        "value": "0.913661753",
        "cumulative": false
    },
    {
        "date": "2020-09-11T10:20:15Z",
        "value": "0.944578592",
        "cumulative": false
    },
    {
        "date": "2020-09-11T10:20:30Z",
        "value": "0.935415649",
        "cumulative": false
    },
    {
        "date": "2020-09-11T10:20:45Z",
        "value": "0.896390712",
        "cumulative": false
    },
    {
        "date": "2020-09-11T10:20:56Z",
        "value": "0.914720599",
        "cumulative": false
    },
    {
        "date": "2020-09-11T10:21:06Z",
        "value": "0.886974111",
        "cumulative": false
    },
    {
        "date": "2020-09-11T10:21:21Z",
        "value": "0.948357115",
        "cumulative": false
    },
    {
        "date": "2020-09-11T10:21:37Z",
        "value": "0.903555341",
        "cumulative": false
    },
    {
        "date": "2020-09-11T10:21:52Z",
        "value": "0.90703776",
        "cumulative": false
    },
    {
        "date": "2020-09-11T10:22:08Z",
        "value": "0.922616113",
        "cumulative": false
    },
    {
        "date": "2020-09-11T10:22:25Z",
        "value": "0.91844957",
        "cumulative": false
    },
    {
        "date": "2020-09-11T10:22:45Z",
        "value": "0.94771926",
        "cumulative": false
    },
    {
        "date": "2020-09-11T10:22:59Z",
        "value": "0.940162783",
        "cumulative": false
    },
    {
        "date": "2020-09-11T10:23:09Z",
        "value": "0.908085",
        "cumulative": false
    },
    {
        "date": "2020-09-11T10:23:29Z",
        "value": "0.93826935",
        "cumulative": false
    },
    {
        "date": "2020-09-11T10:23:40Z",
        "value": "0.981475248",
        "cumulative": false
    },
    {
        "date": "2020-09-11T10:23:57Z",
        "value": "0.946035219",
        "cumulative": false
    },
    {
        "date": "2020-09-11T10:24:16Z",
        "value": "0.942585125",
        "cumulative": false
    },
    {
        "date": "2020-09-11T10:24:33Z",
        "value": "0.922746594",
        "cumulative": false
    },
    {
        "date": "2020-09-11T10:24:43Z",
        "value": "0.86118947",
        "cumulative": false
    },
    {
        "date": "2020-09-11T10:25:01Z",
        "value": "0.950357431",
        "cumulative": false
    },
    {
        "date": "2020-09-11T10:25:15Z",
        "value": "0.367896888",
        "cumulative": false
    }
]