[
    {
        "date": "2020-09-11T09:21:01Z",
        "value": "0.006572758",
        "cumulative": false
    },
    {
        "date": "2020-09-11T09:21:17Z",
        "value": "0.0",
        "cumulative": false
    },
    {
        "date": "2020-09-11T09:21:35Z",
        "value": "0.0",
        "cumulative": false
    },
    {
        "date": "2020-09-11T09:21:51Z",
        "value": "0.0",
        "cumulative": false
    },
    {
        "date": "2020-09-11T09:22:05Z",
        "value": "0.0",
        "cumulative": false
    },
    {
        "date": "2020-09-11T09:22:29Z",
        "value": "0.0",
        "cumulative": false
    },
    {
        "date": "2020-09-11T09:22:40Z",
        "value": "0.0",
        "cumulative": false
    },
    {
        "date": "2020-09-11T09:23:01Z",
        "value": "0.0",
        "cumulative": false
    },
    {
        "date": "2020-09-11T09:23:18Z",
        "value": "0.501596481",
        "cumulative": false
    },
    {
        "date": "2020-09-11T09:23:31Z",
        "value": "0.678607178",
        "cumulative": false
    },
    {
        "date": "2020-09-11T09:23:47Z",
        "value": "0.618160463",
        "cumulative": false
    },
    {
        "date": "2020-09-11T09:24:01Z",
        "value": "1.136364149",
        "cumulative": false
    },
    {
        "date": "2020-09-11T09:24:18Z",
        "value": "1.420146459",
        "cumulative": false
    },
    {
        "date": "2020-09-11T09:24:30Z",
        "value": "1.151665039",
        "cumulative": false
    },
    {
        "date": "2020-09-11T09:24:43Z",
        "value": "1.060750696",
        "cumulative": false
    },
    {
        "date": "2020-09-11T09:24:54Z",
        "value": "1.023015369",
        "cumulative": false
    },
    {
        "date": "2020-09-11T09:25:14Z",
        "value": "0.925688132",
        "cumulative": false
    },
    {
        "date": "2020-09-11T09:25:33Z",
        "value": "0.951702523",
        "cumulative": false
    },
    {
        "date": "2020-09-11T09:25:49Z",
        "value": "0.822218167",
        "cumulative": false
    },
    {
        "date": "2020-09-11T09:25:59Z",
        "value": "0.71124358",
        "cumulative": false
    },
    {
        "date": "2020-09-11T09:26:14Z",
        "value": "0.821846768",
        "cumulative": false
    },
    {
        "date": "2020-09-11T09:26:31Z",
        "value": "0.753421136",
        "cumulative": false
    },
    {
        "date": "2020-09-11T09:26:43Z",
        "value": "0.955463816",
        "cumulative": false
    },
    {
        "date": "2020-09-11T09:26:59Z",
        "value": "0.955151307",
        "cumulative": false
    },
    {
        "date": "2020-09-11T09:27:12Z",
        "value": "0.593801765",
        "cumulative": false
    },
    {
        "date": "2020-09-11T09:27:31Z",
        "value": "0.97694072",
        "cumulative": false
    },
    {
        "date": "2020-09-11T09:27:49Z",
        "value": "0.786636817",
        "cumulative": false
    },
    {
        "date": "2020-09-11T09:28:02Z",
        "value": "0.637460805",
        "cumulative": false
    },
    {
        "date": "2020-09-11T09:28:13Z",
        "value": "0.975779745",
        "cumulative": false
    },
    {
        "date": "2020-09-11T09:28:29Z",
        "value": "1.007045349",
        "cumulative": false
    },
    {
        "date": "2020-09-11T09:28:45Z",
        "value": "0.746503804",
        "cumulative": false
    },
    {
        "date": "2020-09-11T09:29:03Z",
        "value": "0.60085143",
        "cumulative": false
    },
    {
        "date": "2020-09-11T09:29:17Z",
        "value": "0.945347579",
        "cumulative": false
    },
    {
        "date": "2020-09-11T09:29:28Z",
        "value": "0.963494368",
        "cumulative": false
    },
    {
        "date": "2020-09-11T09:29:45Z",
        "value": "0.9466346",
        "cumulative": false
    },
    {
        "date": "2020-09-11T09:29:59Z",
        "value": "0.763357048",
        "cumulative": false
    },
    {
        "date": "2020-09-11T09:30:15Z",
        "value": "0.598809753",
        "cumulative": false
    },
    {
        "date": "2020-09-11T09:30:33Z",
        "value": "0.826327707",
        "cumulative": false
    },
    {
        "date": "2020-09-11T09:30:50Z",
        "value": "0.950355547",
        "cumulative": false
    },
    {
        "date": "2020-09-11T09:31:07Z",
        "value": "0.946342691",
        "cumulative": false
    },
    {
        "date": "2020-09-11T09:31:22Z",
        "value": "0.910210296",
        "cumulative": false
    },
    {
        "date": "2020-09-11T09:31:38Z",
        "value": "0.652813572",
        "cumulative": false
    },
    {
        "date": "2020-09-11T09:31:56Z",
        "value": "0.617671572",
        "cumulative": false
    },
    {
        "date": "2020-09-11T09:32:13Z",
        "value": "0.896112973",
        "cumulative": false
    },
    {
        "date": "2020-09-11T09:32:33Z",
        "value": "0.943042006",
        "cumulative": false
    },
    {
        "date": "2020-09-11T09:32:46Z",
        "value": "0.951363841",
        "cumulative": false
    },
    {
        "date": "2020-09-11T09:33:04Z",
        "value": "0.941217688",
        "cumulative": false
    },
    {
        "date": "2020-09-11T09:33:24Z",
        "value": "0.820276216",
        "cumulative": false
    },
    {
        "date": "2020-09-11T09:33:36Z",
        "value": "0.622861878",
        "cumulative": false
    },
    {
        "date": "2020-09-11T09:33:53Z",
        "value": "0.609321484",
        "cumulative": false
    },
    {
        "date": "2020-09-11T09:34:12Z",
        "value": "0.727736383",
        "cumulative": false
    },
    {
        "date": "2020-09-11T09:34:30Z",
        "value": "0.915452728",
        "cumulative": false
    },
    {
        "date": "2020-09-11T09:34:47Z",
        "value": "0.945322669",
        "cumulative": false
    },
    {
        "date": "2020-09-11T09:34:58Z",
        "value": "0.935384925",
        "cumulative": false
    },
    {
        "date": "2020-09-11T09:35:10Z",
        "value": "0.895961825",
        "cumulative": false
    },
    {
        "date": "2020-09-11T09:35:23Z",
        "value": "0.945868603",
        "cumulative": false
    },
    {
        "date": "2020-09-11T09:35:42Z",
        "value": "0.937982566",
        "cumulative": false
    },
    {
        "date": "2020-09-11T09:35:56Z",
        "value": "0.676768064",
        "cumulative": false
    },
    {
        "date": "2020-09-11T09:36:15Z",
        "value": "0.580475852",
        "cumulative": false
    },
    {
        "date": "2020-09-11T09:36:31Z",
        "value": "0.55643298",
        "cumulative": false
    },
    {
        "date": "2020-09-11T09:36:49Z",
        "value": "0.615869578",
        "cumulative": false
    },
    {
        "date": "2020-09-11T09:37:00Z",
        "value": "0.901167841",
        "cumulative": false
    },
    {
        "date": "2020-09-11T09:37:15Z",
        "value": "0.950345858",
        "cumulative": false
    },
    {
        "date": "2020-09-11T09:37:35Z",
        "value": "0.93763394",
        "cumulative": false
    },
    {
        "date": "2020-09-11T09:37:54Z",
        "value": "0.912709893",
        "cumulative": false
    },
    {
        "date": "2020-09-11T09:38:12Z",
        "value": "0.927896798",
        "cumulative": false
    },
    {
        "date": "2020-09-11T09:38:30Z",
        "value": "0.919928076",
        "cumulative": false
    },
    {
        "date": "2020-09-11T09:38:46Z",
        "value": "0.923989172",
        "cumulative": false
    },
    {
        "date": "2020-09-11T09:38:59Z",
        "value": "0.831489241",
        "cumulative": false
    },
    {
        "date": "2020-09-11T09:39:13Z",
        "value": "0.658894257",
        "cumulative": false
    },
    {
        "date": "2020-09-11T09:39:32Z",
        "value": "0.580145066",
        "cumulative": false
    },
    {
        "date": "2020-09-11T09:39:44Z",
        "value": "0.567381131",
        "cumulative": false
    },
    {
        "date": "2020-09-11T09:39:56Z",
        "value": "0.615529777",
        "cumulative": false
    },
    {
        "date": "2020-09-11T09:40:09Z",
        "value": "0.59587021",
        "cumulative": false
    },
    {
        "date": "2020-09-11T09:40:20Z",
        "value": "0.778389643",
        "cumulative": false
    },
    {
        "date": "2020-09-11T09:40:35Z",
        "value": "0.945401663",
        "cumulative": false
    },
    {
        "date": "2020-09-11T09:40:49Z",
        "value": "0.937039148",
        "cumulative": false
    },
    {
        "date": "2020-09-11T09:41:00Z",
        "value": "0.953511399",
        "cumulative": false
    },
    {
        "date": "2020-09-11T09:41:15Z",
        "value": "0.918159836",
        "cumulative": false
    },
    {
        "date": "2020-09-11T09:41:28Z",
        "value": "0.957806633",
        "cumulative": false
    },
    {
        "date": "2020-09-11T09:41:41Z",
        "value": "0.91817675",
        "cumulative": false
    },
    {
        "date": "2020-09-11T09:41:53Z",
        "value": "0.958884391",
        "cumulative": false
    },
    {
        "date": "2020-09-11T09:42:10Z",
        "value": "0.944935097",
        "cumulative": false
    },
    {
        "date": "2020-09-11T09:42:21Z",
        "value": "0.94636491",
        "cumulative": false
    },
    {
        "date": "2020-09-11T09:42:32Z",
        "value": "0.936402846",
        "cumulative": false
    },
    {
        "date": "2020-09-11T09:42:50Z",
        "value": "0.931458551",
        "cumulative": false
    },
    {
        "date": "2020-09-11T09:43:05Z",
        "value": "0.655803422",
        "cumulative": false
    },
    {
        "date": "2020-09-11T09:43:23Z",
        "value": "0.599515103",
        "cumulative": false
    },
    {
        "date": "2020-09-11T09:43:37Z",
        "value": "0.626043867",
        "cumulative": false
    },
    {
        "date": "2020-09-11T09:43:56Z",
        "value": "0.556126783",
        "cumulative": false
    },
    {
        "date": "2020-09-11T09:44:09Z",
        "value": "0.621017932",
        "cumulative": false
    },
    {
        "date": "2020-09-11T09:44:20Z",
        "value": "0.660558848",
        "cumulative": false
    },
    {
        "date": "2020-09-11T09:44:30Z",
        "value": "0.603892924",
        "cumulative": false
    },
    {
        "date": "2020-09-11T09:44:43Z",
        "value": "0.840497925",
        "cumulative": false
    },
    {
        "date": "2020-09-11T09:44:58Z",
        "value": "0.923310809",
        "cumulative": false
    },
    {
        "date": "2020-09-11T09:45:14Z",
        "value": "0.94448505",
        "cumulative": false
    },
    {
        "date": "2020-09-11T09:45:30Z",
        "value": "0.933757214",
        "cumulative": false
    },
    {
        "date": "2020-09-11T09:45:49Z",
        "value": "0.926211873",
        "cumulative": false
    },
    {
        "date": "2020-09-11T09:46:02Z",
        "value": "0.919468496",
        "cumulative": false
    },
    {
        "date": "2020-09-11T09:46:17Z",
        "value": "0.944992569",
        "cumulative": false
    },
    {
        "date": "2020-09-11T09:46:36Z",
        "value": "0.90624874",
        "cumulative": false
    },
    {
        "date": "2020-09-11T09:46:49Z",
        "value": "0.938261341",
        "cumulative": false
    },
    {
        "date": "2020-09-11T09:47:01Z",
        "value": "0.934131205",
        "cumulative": false
    },
    {
        "date": "2020-09-11T09:47:17Z",
        "value": "0.942970257",
        "cumulative": false
    },
    {
        "date": "2020-09-11T09:47:32Z",
        "value": "0.941724817",
        "cumulative": false
    },
    {
        "date": "2020-09-11T09:47:43Z",
        "value": "0.936977348",
        "cumulative": false
    },
    {
        "date": "2020-09-11T09:47:57Z",
        "value": "0.925070111",
        "cumulative": false
    },
    {
        "date": "2020-09-11T09:48:07Z",
        "value": "0.594558191",
        "cumulative": false
    },
    {
        "date": "2020-09-11T09:48:23Z",
        "value": "0.572551628",
        "cumulative": false
    },
    {
        "date": "2020-09-11T09:48:34Z",
        "value": "0.624463002",
        "cumulative": false
    },
    {
        "date": "2020-09-11T09:48:45Z",
        "value": "0.59379709",
        "cumulative": false
    },
    {
        "date": "2020-09-11T09:49:04Z",
        "value": "0.594892019",
        "cumulative": false
    },
    {
        "date": "2020-09-11T09:49:15Z",
        "value": "0.606384105",
        "cumulative": false
    },
    {
        "date": "2020-09-11T09:49:34Z",
        "value": "0.630756932",
        "cumulative": false
    },
    {
        "date": "2020-09-11T09:49:53Z",
        "value": "0.579627291",
        "cumulative": false
    },
    {
        "date": "2020-09-11T09:50:07Z",
        "value": "0.618428747",
        "cumulative": false
    },
    {
        "date": "2020-09-11T09:50:21Z",
        "value": "0.924358556",
        "cumulative": false
    },
    {
        "date": "2020-09-11T09:50:35Z",
        "value": "0.9466783",
        "cumulative": false
    },
    {
        "date": "2020-09-11T09:50:46Z",
        "value": "0.889516629",
        "cumulative": false
    },
    {
        "date": "2020-09-11T09:51:00Z",
        "value": "0.906681422",
        "cumulative": false
    },
    {
        "date": "2020-09-11T09:51:12Z",
        "value": "0.943950167",
        "cumulative": false
    },
    {
        "date": "2020-09-11T09:51:26Z",
        "value": "0.930714553",
        "cumulative": false
    },
    {
        "date": "2020-09-11T09:51:44Z",
        "value": "0.914122433",
        "cumulative": false
    },
    {
        "date": "2020-09-11T09:52:01Z",
        "value": "0.924394023",
        "cumulative": false
    },
    {
        "date": "2020-09-11T09:52:11Z",
        "value": "0.947408107",
        "cumulative": false
    },
    {
        "date": "2020-09-11T09:52:22Z",
        "value": "0.914085688",
        "cumulative": false
    },
    {
        "date": "2020-09-11T09:52:39Z",
        "value": "0.926335095",
        "cumulative": false
    },
    {
        "date": "2020-09-11T09:52:57Z",
        "value": "0.92686794",
        "cumulative": false
    },
    {
        "date": "2020-09-11T09:53:09Z",
        "value": "0.924622564",
        "cumulative": false
    },
    {
        "date": "2020-09-11T09:53:20Z",
        "value": "0.924497278",
        "cumulative": false
    },
    {
        "date": "2020-09-11T09:53:38Z",
        "value": "0.925460843",
        "cumulative": false
    },
    {
        "date": "2020-09-11T09:53:53Z",
        "value": "0.952152673",
        "cumulative": false
    },
    {
        "date": "2020-09-11T09:54:04Z",
        "value": "0.930929839",
        "cumulative": false
    },
    {
        "date": "2020-09-11T09:54:20Z",
        "value": "0.95695732",
        "cumulative": false
    },
    {
        "date": "2020-09-11T09:54:36Z",
        "value": "0.584531112",
        "cumulative": false
    },
    {
        "date": "2020-09-11T09:54:49Z",
        "value": "0.572582374",
        "cumulative": false
    },
    {
        "date": "2020-09-11T09:55:09Z",
        "value": "0.60297033",
        "cumulative": false
    },
    {
        "date": "2020-09-11T09:55:28Z",
        "value": "0.638499248",
        "cumulative": false
    },
    {
        "date": "2020-09-11T09:55:46Z",
        "value": "0.648555452",
        "cumulative": false
    },
    {
        "date": "2020-09-11T09:56:05Z",
        "value": "0.569892999",
        "cumulative": false
    },
    {
        "date": "2020-09-11T09:56:15Z",
        "value": "0.576722972",
        "cumulative": false
    },
    {
        "date": "2020-09-11T09:56:34Z",
        "value": "0.623305868",
        "cumulative": false
    },
    {
        "date": "2020-09-11T09:56:51Z",
        "value": "0.599869322",
        "cumulative": false
    },
    {
        "date": "2020-09-11T09:57:08Z",
        "value": "0.84113521",
        "cumulative": false
    },
    {
        "date": "2020-09-11T09:57:21Z",
        "value": "0.945687806",
        "cumulative": false
    },
    {
        "date": "2020-09-11T09:57:32Z",
        "value": "0.956244321",
        "cumulative": false
    },
    {
        "date": "2020-09-11T09:57:49Z",
        "value": "0.932134574",
        "cumulative": false
    },
    {
        "date": "2020-09-11T09:57:59Z",
        "value": "0.957572897",
        "cumulative": false
    },
    {
        "date": "2020-09-11T09:58:15Z",
        "value": "0.95411657",
        "cumulative": false
    },
    {
        "date": "2020-09-11T09:58:25Z",
        "value": "0.975203135",
        "cumulative": false
    },
    {
        "date": "2020-09-11T09:58:40Z",
        "value": "0.939971475",
        "cumulative": false
    },
    {
        "date": "2020-09-11T09:59:00Z",
        "value": "0.943311693",
        "cumulative": false
    },
    {
        "date": "2020-09-11T09:59:17Z",
        "value": "0.933643677",
        "cumulative": false
    },
    {
        "date": "2020-09-11T09:59:28Z",
        "value": "0.906786381",
        "cumulative": false
    },
    {
        "date": "2020-09-11T09:59:41Z",
        "value": "0.89668412",
        "cumulative": false
    },
    {
        "date": "2020-09-11T09:59:59Z",
        "value": "0.930230238",
        "cumulative": false
    },
    {
        "date": "2020-09-11T10:00:12Z",
        "value": "0.919118102",
        "cumulative": false
    },
    {
        "date": "2020-09-11T10:00:25Z",
        "value": "0.926132301",
        "cumulative": false
    },
    {
        "date": "2020-09-11T10:00:42Z",
        "value": "0.927206431",
        "cumulative": false
    },
    {
        "date": "2020-09-11T10:00:54Z",
        "value": "0.941684126",
        "cumulative": false
    },
    {
        "date": "2020-09-11T10:01:13Z",
        "value": "0.942444366",
        "cumulative": false
    },
    {
        "date": "2020-09-11T10:01:27Z",
        "value": "0.913492398",
        "cumulative": false
    },
    {
        "date": "2020-09-11T10:01:45Z",
        "value": "0.924200424",
        "cumulative": false
    },
    {
        "date": "2020-09-11T10:01:56Z",
        "value": "0.950581772",
        "cumulative": false
    },
    {
        "date": "2020-09-11T10:02:12Z",
        "value": "0.902777068",
        "cumulative": false
    },
    {
        "date": "2020-09-11T10:02:31Z",
        "value": "0.66255145",
        "cumulative": false
    },
    {
        "date": "2020-09-11T10:02:44Z",
        "value": "0.546198231",
        "cumulative": false
    },
    {
        "date": "2020-09-11T10:02:55Z",
        "value": "0.637628998",
        "cumulative": false
    },
    {
        "date": "2020-09-11T10:03:07Z",
        "value": "0.633777832",
        "cumulative": false
    },
    {
        "date": "2020-09-11T10:03:22Z",
        "value": "0.655166176",
        "cumulative": false
    },
    {
        "date": "2020-09-11T10:03:36Z",
        "value": "0.604404517",
        "cumulative": false
    },
    {
        "date": "2020-09-11T10:03:47Z",
        "value": "0.615662323",
        "cumulative": false
    },
    {
        "date": "2020-09-11T10:04:04Z",
        "value": "0.62133025",
        "cumulative": false
    },
    {
        "date": "2020-09-11T10:04:23Z",
        "value": "0.641743836",
        "cumulative": false
    },
    {
        "date": "2020-09-11T10:04:37Z",
        "value": "0.642337764",
        "cumulative": false
    },
    {
        "date": "2020-09-11T10:04:56Z",
        "value": "0.641326205",
        "cumulative": false
    },
    {
        "date": "2020-09-11T10:05:06Z",
        "value": "0.653275567",
        "cumulative": false
    },
    {
        "date": "2020-09-11T10:05:26Z",
        "value": "0.532526162",
        "cumulative": false
    },
    {
        "date": "2020-09-11T10:05:36Z",
        "value": "0.759120742",
        "cumulative": false
    },
    {
        "date": "2020-09-11T10:05:54Z",
        "value": "0.907471652",
        "cumulative": false
    },
    {
        "date": "2020-09-11T10:06:06Z",
        "value": "0.954084639",
        "cumulative": false
    },
    {
        "date": "2020-09-11T10:06:24Z",
        "value": "0.927124371",
        "cumulative": false
    },
    {
        "date": "2020-09-11T10:06:43Z",
        "value": "0.925614301",
        "cumulative": false
    },
    {
        "date": "2020-09-11T10:07:00Z",
        "value": "0.943174368",
        "cumulative": false
    },
    {
        "date": "2020-09-11T10:07:12Z",
        "value": "0.946650539",
        "cumulative": false
    },
    {
        "date": "2020-09-11T10:07:25Z",
        "value": "0.939044813",
        "cumulative": false
    },
    {
        "date": "2020-09-11T10:07:39Z",
        "value": "0.899929423",
        "cumulative": false
    },
    {
        "date": "2020-09-11T10:07:50Z",
        "value": "0.92514061",
        "cumulative": false
    },
    {
        "date": "2020-09-11T10:08:05Z",
        "value": "0.916762578",
        "cumulative": false
    },
    {
        "date": "2020-09-11T10:08:20Z",
        "value": "0.891513352",
        "cumulative": false
    },
    {
        "date": "2020-09-11T10:08:39Z",
        "value": "0.938879589",
        "cumulative": false
    },
    {
        "date": "2020-09-11T10:08:55Z",
        "value": "0.947899743",
        "cumulative": false
    },
    {
        "date": "2020-09-11T10:09:08Z",
        "value": "0.903286332",
        "cumulative": false
    },
    {
        "date": "2020-09-11T10:09:19Z",
        "value": "0.915831072",
        "cumulative": false
    },
    {
        "date": "2020-09-11T10:09:37Z",
        "value": "0.910827259",
        "cumulative": false
    },
    {
        "date": "2020-09-11T10:09:53Z",
        "value": "0.937633787",
        "cumulative": false
    },
    {
        "date": "2020-09-11T10:10:04Z",
        "value": "0.943809397",
        "cumulative": false
    },
    {
        "date": "2020-09-11T10:10:17Z",
        "value": "0.887237856",
        "cumulative": false
    },
    {
        "date": "2020-09-11T10:10:34Z",
        "value": "0.929217048",
        "cumulative": false
    },
    {
        "date": "2020-09-11T10:10:48Z",
        "value": "0.927726004",
        "cumulative": false
    },
    {
        "date": "2020-09-11T10:11:01Z",
        "value": "0.934973781",
        "cumulative": false
    },
    {
        "date": "2020-09-11T10:11:13Z",
        "value": "0.918492655",
        "cumulative": false
    },
    {
        "date": "2020-09-11T10:11:28Z",
        "value": "0.909617232",
        "cumulative": false
    },
    {
        "date": "2020-09-11T10:11:43Z",
        "value": "0.942924288",
        "cumulative": false
    },
    {
        "date": "2020-09-11T10:11:55Z",
        "value": "0.890896415",
        "cumulative": false
    },
    {
        "date": "2020-09-11T10:12:07Z",
        "value": "0.934514671",
        "cumulative": false
    },
    {
        "date": "2020-09-11T10:12:20Z",
        "value": "0.878807621",
        "cumulative": false
    },
    {
        "date": "2020-09-11T10:12:38Z",
        "value": "0.587795895",
        "cumulative": false
    },
    {
        "date": "2020-09-11T10:12:53Z",
        "value": "0.641655466",
        "cumulative": false
    },
    {
        "date": "2020-09-11T10:13:06Z",
        "value": "0.592881934",
        "cumulative": false
    },
    {
        "date": "2020-09-11T10:13:18Z",
        "value": "0.587407849",
        "cumulative": false
    },
    {
        "date": "2020-09-11T10:13:34Z",
        "value": "0.60021776",
        "cumulative": false
    },
    {
        "date": "2020-09-11T10:13:44Z",
        "value": "0.600830422",
        "cumulative": false
    },
    {
        "date": "2020-09-11T10:14:02Z",
        "value": "0.635749239",
        "cumulative": false
    },
    {
        "date": "2020-09-11T10:14:20Z",
        "value": "0.668086151",
        "cumulative": false
    },
    {
        "date": "2020-09-11T10:14:39Z",
        "value": "0.583617158",
        "cumulative": false
    },
    {
        "date": "2020-09-11T10:14:50Z",
        "value": "0.57683824",
        "cumulative": false
    },
    {
        "date": "2020-09-11T10:15:03Z",
        "value": "0.614332644",
        "cumulative": false
    },
    {
        "date": "2020-09-11T10:15:20Z",
        "value": "0.638371209",
        "cumulative": false
    },
    {
        "date": "2020-09-11T10:15:33Z",
        "value": "0.585340801",
        "cumulative": false
    },
    {
        "date": "2020-09-11T10:15:44Z",
        "value": "0.622723261",
        "cumulative": false
    },
    {
        "date": "2020-09-11T10:15:56Z",
        "value": "0.654825555",
        "cumulative": false
    },
    {
        "date": "2020-09-11T10:16:14Z",
        "value": "0.558139064",
        "cumulative": false
    },
    {
        "date": "2020-09-11T10:16:25Z",
        "value": "0.56245907",
        "cumulative": false
    },
    {
        "date": "2020-09-11T10:16:42Z",
        "value": "0.818955608",
        "cumulative": false
    },
    {
        "date": "2020-09-11T10:16:58Z",
        "value": "0.938212036",
        "cumulative": false
    },
    {
        "date": "2020-09-11T10:17:12Z",
        "value": "0.918764189",
        "cumulative": false
    },
    {
        "date": "2020-09-11T10:17:23Z",
        "value": "0.93797826",
        "cumulative": false
    },
    {
        "date": "2020-09-11T10:17:40Z",
        "value": "0.929938959",
        "cumulative": false
    },
    {
        "date": "2020-09-11T10:17:59Z",
        "value": "0.92729594",
        "cumulative": false
    },
    {
        "date": "2020-09-11T10:18:19Z",
        "value": "0.924676992",
        "cumulative": false
    },
    {
        "date": "2020-09-11T10:18:33Z",
        "value": "0.905047191",
        "cumulative": false
    },
    {
        "date": "2020-09-11T10:18:44Z",
        "value": "0.906051253",
        "cumulative": false
    },
    {
        "date": "2020-09-11T10:19:02Z",
        "value": "0.951251057",
        "cumulative": false
    },
    {
        "date": "2020-09-11T10:19:13Z",
        "value": "0.915528824",
        "cumulative": false
    },
    {
        "date": "2020-09-11T10:19:27Z",
        "value": "0.917480678",
        "cumulative": false
    },
    {
        "date": "2020-09-11T10:19:38Z",
        "value": "0.920894545",
        "cumulative": false
    },
    {
        "date": "2020-09-11T10:19:48Z",
        "value": "0.889631402",
        "cumulative": false
    },
    {
        "date": "2020-09-11T10:19:58Z",
        "value": "0.92661214",
        "cumulative": false
    },
    {
        "date": "2020-09-11T10:20:10Z",
        "value": "0.894739354",
        "cumulative": false
    },
    {
        "date": "2020-09-11T10:20:23Z",
        "value": "0.922006499",
        "cumulative": false
    },
    {
        "date": "2020-09-11T10:20:41Z",
        "value": "0.916102375",
        "cumulative": false
    },
    {
        "date": "2020-09-11T10:20:54Z",
        "value": "0.881237453",
        "cumulative": false
    },
    {
        "date": "2020-09-11T10:21:12Z",
        "value": "0.906527374",
        "cumulative": false
    },
    {
        "date": "2020-09-11T10:21:32Z",
        "value": "0.917601887",
        "cumulative": false
    },
    {
        "date": "2020-09-11T10:21:44Z",
        "value": "0.85492034",
        "cumulative": false
    },
    {
        "date": "2020-09-11T10:22:00Z",
        "value": "0.890222363",
        "cumulative": false
    },
    {
        "date": "2020-09-11T10:22:19Z",
        "value": "0.916998016",
        "cumulative": false
    },
    {
        "date": "2020-09-11T10:22:36Z",
        "value": "0.929872635",
        "cumulative": false
    },
    {
        "date": "2020-09-11T10:22:54Z",
        "value": "0.903259413",
        "cumulative": false
    },
    {
        "date": "2020-09-11T10:23:09Z",
        "value": "0.897267148",
        "cumulative": false
    },
    {
        "date": "2020-09-11T10:23:24Z",
        "value": "0.934653299",
        "cumulative": false
    },
    {
        "date": "2020-09-11T10:23:42Z",
        "value": "0.932525002",
        "cumulative": false
    },
    {
        "date": "2020-09-11T10:23:55Z",
        "value": "0.89584877",
        "cumulative": false
    },
    {
        "date": "2020-09-11T10:24:08Z",
        "value": "0.927790348",
        "cumulative": false
    },
    {
        "date": "2020-09-11T10:24:23Z",
        "value": "0.914907401",
        "cumulative": false
    },
    {
        "date": "2020-09-11T10:24:36Z",
        "value": "0.893135472",
        "cumulative": false
    },
    {
        "date": "2020-09-11T10:24:49Z",
        "value": "0.89694306",
        "cumulative": false
    },
    {
        "date": "2020-09-11T10:25:07Z",
        "value": "0.903055314",
        "cumulative": false
    }
]