[
    {
        "date": "2020-09-11T09:23:01Z",
        "value": "1.796875",
        "cumulative": false
    },
    {
        "date": "2020-09-11T09:23:15Z",
        "value": "113.93359375",
        "cumulative": false
    },
    {
        "date": "2020-09-11T09:23:26Z",
        "value": "114.0",
        "cumulative": false
    },
    {
        "date": "2020-09-11T09:23:43Z",
        "value": "114.0546875",
        "cumulative": false
    },
    {
        "date": "2020-09-11T09:23:59Z",
        "value": "115.1875",
        "cumulative": false
    },
    {
        "date": "2020-09-11T09:24:11Z",
        "value": "117.22265625",
        "cumulative": false
    },
    {
        "date": "2020-09-11T09:24:30Z",
        "value": "119.953125",
        "cumulative": false
    },
    {
        "date": "2020-09-11T09:24:40Z",
        "value": "124.35546875",
        "cumulative": false
    },
    {
        "date": "2020-09-11T09:24:55Z",
        "value": "126.98828125",
        "cumulative": false
    },
    {
        "date": "2020-09-11T09:25:08Z",
        "value": "130.375",
        "cumulative": false
    },
    {
        "date": "2020-09-11T09:25:22Z",
        "value": "134.6640625",
        "cumulative": false
    },
    {
        "date": "2020-09-11T09:25:36Z",
        "value": "140.07421875",
        "cumulative": false
    },
    {
        "date": "2020-09-11T09:25:47Z",
        "value": "140.07421875",
        "cumulative": false
    },
    {
        "date": "2020-09-11T09:26:04Z",
        "value": "139.6171875",
        "cumulative": false
    },
    {
        "date": "2020-09-11T09:26:20Z",
        "value": "125.12890625",
        "cumulative": false
    },
    {
        "date": "2020-09-11T09:26:36Z",
        "value": "154.69921875",
        "cumulative": false
    },
    {
        "date": "2020-09-11T09:26:50Z",
        "value": "127.08203125",
        "cumulative": false
    },
    {
        "date": "2020-09-11T09:27:04Z",
        "value": "187.80078125",
        "cumulative": false
    },
    {
        "date": "2020-09-11T09:27:14Z",
        "value": "176.15625",
        "cumulative": false
    },
    {
        "date": "2020-09-11T09:27:32Z",
        "value": "129.70703125",
        "cumulative": false
    },
    {
        "date": "2020-09-11T09:27:47Z",
        "value": "176.7421875",
        "cumulative": false
    },
    {
        "date": "2020-09-11T09:28:05Z",
        "value": "176.7421875",
        "cumulative": false
    },
    {
        "date": "2020-09-11T09:28:21Z",
        "value": "176.7421875",
        "cumulative": false
    },
    {
        "date": "2020-09-11T09:28:38Z",
        "value": "173.69140625",
        "cumulative": false
    },
    {
        "date": "2020-09-11T09:28:53Z",
        "value": "155.19140625",
        "cumulative": false
    },
    {
        "date": "2020-09-11T09:29:12Z",
        "value": "136.625",
        "cumulative": false
    },
    {
        "date": "2020-09-11T09:29:22Z",
        "value": "192.18359375",
        "cumulative": false
    },
    {
        "date": "2020-09-11T09:29:39Z",
        "value": "192.3046875",
        "cumulative": false
    },
    {
        "date": "2020-09-11T09:29:57Z",
        "value": "183.52734375",
        "cumulative": false
    },
    {
        "date": "2020-09-11T09:30:07Z",
        "value": "183.52734375",
        "cumulative": false
    },
    {
        "date": "2020-09-11T09:30:26Z",
        "value": "211.70703125",
        "cumulative": false
    },
    {
        "date": "2020-09-11T09:30:41Z",
        "value": "211.70703125",
        "cumulative": false
    },
    {
        "date": "2020-09-11T09:30:53Z",
        "value": "211.70703125",
        "cumulative": false
    },
    {
        "date": "2020-09-11T09:31:12Z",
        "value": "211.70703125",
        "cumulative": false
    },
    {
        "date": "2020-09-11T09:31:30Z",
        "value": "177.27734375",
        "cumulative": false
    },
    {
        "date": "2020-09-11T09:31:41Z",
        "value": "187.40234375",
        "cumulative": false
    },
    {
        "date": "2020-09-11T09:31:52Z",
        "value": "177.34375",
        "cumulative": false
    },
    {
        "date": "2020-09-11T09:32:09Z",
        "value": "236.328125",
        "cumulative": false
    },
    {
        "date": "2020-09-11T09:32:20Z",
        "value": "236.328125",
        "cumulative": false
    },
    {
        "date": "2020-09-11T09:32:38Z",
        "value": "206.734375",
        "cumulative": false
    },
    {
        "date": "2020-09-11T09:32:56Z",
        "value": "147.75",
        "cumulative": false
    },
    {
        "date": "2020-09-11T09:33:10Z",
        "value": "236.328125",
        "cumulative": false
    },
    {
        "date": "2020-09-11T09:33:27Z",
        "value": "192.84375",
        "cumulative": false
    },
    {
        "date": "2020-09-11T09:33:39Z",
        "value": "240.56640625",
        "cumulative": false
    },
    {
        "date": "2020-09-11T09:33:55Z",
        "value": "243.69140625",
        "cumulative": false
    },
    {
        "date": "2020-09-11T09:34:06Z",
        "value": "192.84375",
        "cumulative": false
    },
    {
        "date": "2020-09-11T09:34:25Z",
        "value": "155.45703125",
        "cumulative": false
    },
    {
        "date": "2020-09-11T09:34:42Z",
        "value": "224.83203125",
        "cumulative": false
    },
    {
        "date": "2020-09-11T09:34:53Z",
        "value": "155.45703125",
        "cumulative": false
    },
    {
        "date": "2020-09-11T09:35:10Z",
        "value": "155.4609375",
        "cumulative": false
    },
    {
        "date": "2020-09-11T09:35:24Z",
        "value": "255.20703125",
        "cumulative": false
    },
    {
        "date": "2020-09-11T09:35:41Z",
        "value": "155.5",
        "cumulative": false
    },
    {
        "date": "2020-09-11T09:35:54Z",
        "value": "212.46484375",
        "cumulative": false
    },
    {
        "date": "2020-09-11T09:36:09Z",
        "value": "212.46484375",
        "cumulative": false
    },
    {
        "date": "2020-09-11T09:36:27Z",
        "value": "238.08984375",
        "cumulative": false
    },
    {
        "date": "2020-09-11T09:36:46Z",
        "value": "212.46484375",
        "cumulative": false
    },
    {
        "date": "2020-09-11T09:37:05Z",
        "value": "287.421875",
        "cumulative": false
    },
    {
        "date": "2020-09-11T09:37:21Z",
        "value": "165.29296875",
        "cumulative": false
    },
    {
        "date": "2020-09-11T09:37:37Z",
        "value": "165.296875",
        "cumulative": false
    },
    {
        "date": "2020-09-11T09:37:55Z",
        "value": "165.296875",
        "cumulative": false
    },
    {
        "date": "2020-09-11T09:38:11Z",
        "value": "165.40234375",
        "cumulative": false
    },
    {
        "date": "2020-09-11T09:38:27Z",
        "value": "165.29296875",
        "cumulative": false
    },
    {
        "date": "2020-09-11T09:38:45Z",
        "value": "256.41796875",
        "cumulative": false
    },
    {
        "date": "2020-09-11T09:39:04Z",
        "value": "353.66015625",
        "cumulative": false
    },
    {
        "date": "2020-09-11T09:39:18Z",
        "value": "237.27734375",
        "cumulative": false
    },
    {
        "date": "2020-09-11T09:39:30Z",
        "value": "237.27734375",
        "cumulative": false
    },
    {
        "date": "2020-09-11T09:39:40Z",
        "value": "340.02734375",
        "cumulative": false
    },
    {
        "date": "2020-09-11T09:39:53Z",
        "value": "237.27734375",
        "cumulative": false
    },
    {
        "date": "2020-09-11T09:40:10Z",
        "value": "237.27734375",
        "cumulative": false
    },
    {
        "date": "2020-09-11T09:40:22Z",
        "value": "177.79296875",
        "cumulative": false
    },
    {
        "date": "2020-09-11T09:40:34Z",
        "value": "177.71875",
        "cumulative": false
    },
    {
        "date": "2020-09-11T09:40:46Z",
        "value": "177.71875",
        "cumulative": false
    },
    {
        "date": "2020-09-11T09:40:59Z",
        "value": "177.71875",
        "cumulative": false
    },
    {
        "date": "2020-09-11T09:41:13Z",
        "value": "177.72265625",
        "cumulative": false
    },
    {
        "date": "2020-09-11T09:41:29Z",
        "value": "236.59765625",
        "cumulative": false
    },
    {
        "date": "2020-09-11T09:41:41Z",
        "value": "177.71875",
        "cumulative": false
    },
    {
        "date": "2020-09-11T09:41:57Z",
        "value": "343.34375",
        "cumulative": false
    },
    {
        "date": "2020-09-11T09:42:10Z",
        "value": "177.72265625",
        "cumulative": false
    },
    {
        "date": "2020-09-11T09:42:24Z",
        "value": "220.09765625",
        "cumulative": false
    },
    {
        "date": "2020-09-11T09:42:34Z",
        "value": "177.79296875",
        "cumulative": false
    },
    {
        "date": "2020-09-11T09:42:46Z",
        "value": "177.71875",
        "cumulative": false
    },
    {
        "date": "2020-09-11T09:43:02Z",
        "value": "268.5625",
        "cumulative": false
    },
    {
        "date": "2020-09-11T09:43:13Z",
        "value": "282.78515625",
        "cumulative": false
    },
    {
        "date": "2020-09-11T09:43:28Z",
        "value": "338.6328125",
        "cumulative": false
    },
    {
        "date": "2020-09-11T09:43:45Z",
        "value": "327.6875",
        "cumulative": false
    },
    {
        "date": "2020-09-11T09:43:57Z",
        "value": "328.4375",
        "cumulative": false
    },
    {
        "date": "2020-09-11T09:44:09Z",
        "value": "384.9375",
        "cumulative": false
    },
    {
        "date": "2020-09-11T09:44:27Z",
        "value": "268.5625",
        "cumulative": false
    },
    {
        "date": "2020-09-11T09:44:45Z",
        "value": "193.3671875",
        "cumulative": false
    },
    {
        "date": "2020-09-11T09:44:55Z",
        "value": "193.36328125",
        "cumulative": false
    },
    {
        "date": "2020-09-11T09:45:11Z",
        "value": "193.36328125",
        "cumulative": false
    },
    {
        "date": "2020-09-11T09:45:28Z",
        "value": "276.11328125",
        "cumulative": false
    },
    {
        "date": "2020-09-11T09:45:42Z",
        "value": "193.3671875",
        "cumulative": false
    },
    {
        "date": "2020-09-11T09:45:58Z",
        "value": "193.3671875",
        "cumulative": false
    },
    {
        "date": "2020-09-11T09:46:17Z",
        "value": "231.98828125",
        "cumulative": false
    },
    {
        "date": "2020-09-11T09:46:28Z",
        "value": "374.8671875",
        "cumulative": false
    },
    {
        "date": "2020-09-11T09:46:39Z",
        "value": "193.3671875",
        "cumulative": false
    },
    {
        "date": "2020-09-11T09:46:56Z",
        "value": "414.1171875",
        "cumulative": false
    },
    {
        "date": "2020-09-11T09:47:09Z",
        "value": "193.38671875",
        "cumulative": false
    },
    {
        "date": "2020-09-11T09:47:19Z",
        "value": "193.3671875",
        "cumulative": false
    },
    {
        "date": "2020-09-11T09:47:34Z",
        "value": "363.73828125",
        "cumulative": false
    },
    {
        "date": "2020-09-11T09:47:50Z",
        "value": "382.23828125",
        "cumulative": false
    },
    {
        "date": "2020-09-11T09:48:02Z",
        "value": "308.05859375",
        "cumulative": false
    },
    {
        "date": "2020-09-11T09:48:18Z",
        "value": "450.05859375",
        "cumulative": false
    },
    {
        "date": "2020-09-11T09:48:33Z",
        "value": "449.4375",
        "cumulative": false
    },
    {
        "date": "2020-09-11T09:48:44Z",
        "value": "447.30859375",
        "cumulative": false
    },
    {
        "date": "2020-09-11T09:49:04Z",
        "value": "308.05859375",
        "cumulative": false
    },
    {
        "date": "2020-09-11T09:49:16Z",
        "value": "494.8125",
        "cumulative": false
    },
    {
        "date": "2020-09-11T09:49:31Z",
        "value": "486.80859375",
        "cumulative": false
    },
    {
        "date": "2020-09-11T09:49:47Z",
        "value": "308.05859375",
        "cumulative": false
    },
    {
        "date": "2020-09-11T09:50:04Z",
        "value": "308.0625",
        "cumulative": false
    },
    {
        "date": "2020-09-11T09:50:18Z",
        "value": "213.15234375",
        "cumulative": false
    },
    {
        "date": "2020-09-11T09:50:32Z",
        "value": "213.1171875",
        "cumulative": false
    },
    {
        "date": "2020-09-11T09:50:50Z",
        "value": "213.11328125",
        "cumulative": false
    },
    {
        "date": "2020-09-11T09:51:05Z",
        "value": "402.4921875",
        "cumulative": false
    },
    {
        "date": "2020-09-11T09:51:20Z",
        "value": "213.15234375",
        "cumulative": false
    },
    {
        "date": "2020-09-11T09:51:32Z",
        "value": "213.11328125",
        "cumulative": false
    },
    {
        "date": "2020-09-11T09:51:45Z",
        "value": "213.1171875",
        "cumulative": false
    },
    {
        "date": "2020-09-11T09:51:58Z",
        "value": "431.48828125",
        "cumulative": false
    },
    {
        "date": "2020-09-11T09:52:16Z",
        "value": "495.15625",
        "cumulative": false
    },
    {
        "date": "2020-09-11T09:52:32Z",
        "value": "213.11328125",
        "cumulative": false
    },
    {
        "date": "2020-09-11T09:52:49Z",
        "value": "350.86328125",
        "cumulative": false
    },
    {
        "date": "2020-09-11T09:53:00Z",
        "value": "213.1171875",
        "cumulative": false
    },
    {
        "date": "2020-09-11T09:53:12Z",
        "value": "213.15234375",
        "cumulative": false
    },
    {
        "date": "2020-09-11T09:53:30Z",
        "value": "457.23828125",
        "cumulative": false
    },
    {
        "date": "2020-09-11T09:53:42Z",
        "value": "235.8671875",
        "cumulative": false
    },
    {
        "date": "2020-09-11T09:53:58Z",
        "value": "488.8671875",
        "cumulative": false
    },
    {
        "date": "2020-09-11T09:54:08Z",
        "value": "213.11328125",
        "cumulative": false
    },
    {
        "date": "2020-09-11T09:54:25Z",
        "value": "357.94921875",
        "cumulative": false
    },
    {
        "date": "2020-09-11T09:54:40Z",
        "value": "357.94921875",
        "cumulative": false
    },
    {
        "date": "2020-09-11T09:54:50Z",
        "value": "357.94921875",
        "cumulative": false
    },
    {
        "date": "2020-09-11T09:55:09Z",
        "value": "554.453125",
        "cumulative": false
    },
    {
        "date": "2020-09-11T09:55:20Z",
        "value": "357.953125",
        "cumulative": false
    },
    {
        "date": "2020-09-11T09:55:31Z",
        "value": "357.94921875",
        "cumulative": false
    },
    {
        "date": "2020-09-11T09:55:42Z",
        "value": "595.078125",
        "cumulative": false
    },
    {
        "date": "2020-09-11T09:55:59Z",
        "value": "357.94921875",
        "cumulative": false
    },
    {
        "date": "2020-09-11T09:56:10Z",
        "value": "516.07421875",
        "cumulative": false
    },
    {
        "date": "2020-09-11T09:56:26Z",
        "value": "357.953125",
        "cumulative": false
    },
    {
        "date": "2020-09-11T09:56:44Z",
        "value": "357.94921875",
        "cumulative": false
    },
    {
        "date": "2020-09-11T09:56:57Z",
        "value": "357.953125",
        "cumulative": false
    },
    {
        "date": "2020-09-11T09:57:14Z",
        "value": "594.94921875",
        "cumulative": false
    },
    {
        "date": "2020-09-11T09:57:27Z",
        "value": "238.07421875",
        "cumulative": false
    },
    {
        "date": "2020-09-11T09:57:43Z",
        "value": "238.07421875",
        "cumulative": false
    },
    {
        "date": "2020-09-11T09:57:58Z",
        "value": "390.05859375",
        "cumulative": false
    },
    {
        "date": "2020-09-11T09:58:14Z",
        "value": "494.82421875",
        "cumulative": false
    },
    {
        "date": "2020-09-11T09:58:32Z",
        "value": "333.82421875",
        "cumulative": false
    },
    {
        "date": "2020-09-11T09:58:43Z",
        "value": "569.82421875",
        "cumulative": false
    },
    {
        "date": "2020-09-11T09:58:53Z",
        "value": "238.07421875",
        "cumulative": false
    },
    {
        "date": "2020-09-11T09:59:07Z",
        "value": "238.07421875",
        "cumulative": false
    },
    {
        "date": "2020-09-11T09:59:24Z",
        "value": "349.07421875",
        "cumulative": false
    },
    {
        "date": "2020-09-11T09:59:35Z",
        "value": "238.07421875",
        "cumulative": false
    },
    {
        "date": "2020-09-11T09:59:55Z",
        "value": "238.07421875",
        "cumulative": false
    },
    {
        "date": "2020-09-11T10:00:09Z",
        "value": "371.19921875",
        "cumulative": false
    },
    {
        "date": "2020-09-11T10:00:23Z",
        "value": "238.07421875",
        "cumulative": false
    },
    {
        "date": "2020-09-11T10:00:42Z",
        "value": "238.07421875",
        "cumulative": false
    },
    {
        "date": "2020-09-11T10:00:58Z",
        "value": "238.18359375",
        "cumulative": false
    },
    {
        "date": "2020-09-11T10:01:09Z",
        "value": "238.07421875",
        "cumulative": false
    },
    {
        "date": "2020-09-11T10:01:24Z",
        "value": "238.18359375",
        "cumulative": false
    },
    {
        "date": "2020-09-11T10:01:43Z",
        "value": "238.07421875",
        "cumulative": false
    },
    {
        "date": "2020-09-11T10:01:56Z",
        "value": "238.07421875",
        "cumulative": false
    },
    {
        "date": "2020-09-11T10:02:13Z",
        "value": "238.07421875",
        "cumulative": false
    },
    {
        "date": "2020-09-11T10:02:26Z",
        "value": "420.9140625",
        "cumulative": false
    },
    {
        "date": "2020-09-11T10:02:42Z",
        "value": "455.41796875",
        "cumulative": false
    },
    {
        "date": "2020-09-11T10:02:57Z",
        "value": "420.91796875",
        "cumulative": false
    },
    {
        "date": "2020-09-11T10:03:11Z",
        "value": "420.94140625",
        "cumulative": false
    },
    {
        "date": "2020-09-11T10:03:27Z",
        "value": "524.4140625",
        "cumulative": false
    },
    {
        "date": "2020-09-11T10:03:37Z",
        "value": "620.91796875",
        "cumulative": false
    },
    {
        "date": "2020-09-11T10:03:49Z",
        "value": "718.66796875",
        "cumulative": false
    },
    {
        "date": "2020-09-11T10:04:00Z",
        "value": "550.29296875",
        "cumulative": false
    },
    {
        "date": "2020-09-11T10:04:10Z",
        "value": "420.91796875",
        "cumulative": false
    },
    {
        "date": "2020-09-11T10:04:26Z",
        "value": "420.91796875",
        "cumulative": false
    },
    {
        "date": "2020-09-11T10:04:36Z",
        "value": "633.1640625",
        "cumulative": false
    },
    {
        "date": "2020-09-11T10:04:51Z",
        "value": "420.91796875",
        "cumulative": false
    },
    {
        "date": "2020-09-11T10:05:06Z",
        "value": "420.91796875",
        "cumulative": false
    },
    {
        "date": "2020-09-11T10:05:24Z",
        "value": "420.94140625",
        "cumulative": false
    },
    {
        "date": "2020-09-11T10:05:36Z",
        "value": "269.6171875",
        "cumulative": false
    },
    {
        "date": "2020-09-11T10:05:54Z",
        "value": "688.30078125",
        "cumulative": false
    },
    {
        "date": "2020-09-11T10:06:11Z",
        "value": "269.55859375",
        "cumulative": false
    },
    {
        "date": "2020-09-11T10:06:24Z",
        "value": "269.55078125",
        "cumulative": false
    },
    {
        "date": "2020-09-11T10:06:34Z",
        "value": "530.42578125",
        "cumulative": false
    },
    {
        "date": "2020-09-11T10:06:50Z",
        "value": "391.55078125",
        "cumulative": false
    },
    {
        "date": "2020-09-11T10:07:03Z",
        "value": "665.93359375",
        "cumulative": false
    },
    {
        "date": "2020-09-11T10:07:19Z",
        "value": "269.59375",
        "cumulative": false
    },
    {
        "date": "2020-09-11T10:07:31Z",
        "value": "564.42578125",
        "cumulative": false
    },
    {
        "date": "2020-09-11T10:07:41Z",
        "value": "269.55859375",
        "cumulative": false
    },
    {
        "date": "2020-09-11T10:07:57Z",
        "value": "269.55859375",
        "cumulative": false
    },
    {
        "date": "2020-09-11T10:08:11Z",
        "value": "561.42578125",
        "cumulative": false
    },
    {
        "date": "2020-09-11T10:08:29Z",
        "value": "269.55859375",
        "cumulative": false
    },
    {
        "date": "2020-09-11T10:08:47Z",
        "value": "269.55859375",
        "cumulative": false
    },
    {
        "date": "2020-09-11T10:09:07Z",
        "value": "269.55078125",
        "cumulative": false
    },
    {
        "date": "2020-09-11T10:09:18Z",
        "value": "269.55859375",
        "cumulative": false
    },
    {
        "date": "2020-09-11T10:09:38Z",
        "value": "269.55078125",
        "cumulative": false
    },
    {
        "date": "2020-09-11T10:09:54Z",
        "value": "269.59375",
        "cumulative": false
    },
    {
        "date": "2020-09-11T10:10:08Z",
        "value": "269.55859375",
        "cumulative": false
    },
    {
        "date": "2020-09-11T10:10:25Z",
        "value": "269.55859375",
        "cumulative": false
    },
    {
        "date": "2020-09-11T10:10:39Z",
        "value": "269.55859375",
        "cumulative": false
    },
    {
        "date": "2020-09-11T10:10:58Z",
        "value": "667.05859375",
        "cumulative": false
    },
    {
        "date": "2020-09-11T10:11:10Z",
        "value": "480.92578125",
        "cumulative": false
    },
    {
        "date": "2020-09-11T10:11:29Z",
        "value": "269.55859375",
        "cumulative": false
    },
    {
        "date": "2020-09-11T10:11:47Z",
        "value": "612.55859375",
        "cumulative": false
    },
    {
        "date": "2020-09-11T10:11:59Z",
        "value": "653.05078125",
        "cumulative": false
    },
    {
        "date": "2020-09-11T10:12:14Z",
        "value": "269.55078125",
        "cumulative": false
    },
    {
        "date": "2020-09-11T10:12:31Z",
        "value": "500.40625",
        "cumulative": false
    },
    {
        "date": "2020-09-11T10:12:44Z",
        "value": "500.4140625",
        "cumulative": false
    },
    {
        "date": "2020-09-11T10:12:59Z",
        "value": "500.4140625",
        "cumulative": false
    },
    {
        "date": "2020-09-11T10:13:18Z",
        "value": "567.62890625",
        "cumulative": false
    },
    {
        "date": "2020-09-11T10:13:34Z",
        "value": "500.4140625",
        "cumulative": false
    },
    {
        "date": "2020-09-11T10:13:48Z",
        "value": "544.28125",
        "cumulative": false
    },
    {
        "date": "2020-09-11T10:14:04Z",
        "value": "500.4140625",
        "cumulative": false
    },
    {
        "date": "2020-09-11T10:14:16Z",
        "value": "500.44140625",
        "cumulative": false
    },
    {
        "date": "2020-09-11T10:14:33Z",
        "value": "500.4140625",
        "cumulative": false
    },
    {
        "date": "2020-09-11T10:14:43Z",
        "value": "500.4140625",
        "cumulative": false
    },
    {
        "date": "2020-09-11T10:14:55Z",
        "value": "500.44140625",
        "cumulative": false
    },
    {
        "date": "2020-09-11T10:15:10Z",
        "value": "500.40625",
        "cumulative": false
    },
    {
        "date": "2020-09-11T10:15:28Z",
        "value": "500.4140625",
        "cumulative": false
    },
    {
        "date": "2020-09-11T10:15:43Z",
        "value": "500.4140625",
        "cumulative": false
    },
    {
        "date": "2020-09-11T10:16:00Z",
        "value": "500.40625",
        "cumulative": false
    },
    {
        "date": "2020-09-11T10:16:19Z",
        "value": "500.4140625",
        "cumulative": false
    },
    {
        "date": "2020-09-11T10:16:38Z",
        "value": "309.3046875",
        "cumulative": false
    },
    {
        "date": "2020-09-11T10:16:53Z",
        "value": "309.30859375",
        "cumulative": false
    },
    {
        "date": "2020-09-11T10:17:05Z",
        "value": "309.30859375",
        "cumulative": false
    },
    {
        "date": "2020-09-11T10:17:20Z",
        "value": "309.37109375",
        "cumulative": false
    },
    {
        "date": "2020-09-11T10:17:38Z",
        "value": "309.35546875",
        "cumulative": false
    },
    {
        "date": "2020-09-11T10:17:56Z",
        "value": "309.30859375",
        "cumulative": false
    },
    {
        "date": "2020-09-11T10:18:14Z",
        "value": "309.30859375",
        "cumulative": false
    },
    {
        "date": "2020-09-11T10:18:29Z",
        "value": "848.05859375",
        "cumulative": false
    },
    {
        "date": "2020-09-11T10:18:41Z",
        "value": "309.3046875",
        "cumulative": false
    },
    {
        "date": "2020-09-11T10:19:00Z",
        "value": "309.3046875",
        "cumulative": false
    },
    {
        "date": "2020-09-11T10:19:14Z",
        "value": "540.0546875",
        "cumulative": false
    },
    {
        "date": "2020-09-11T10:19:31Z",
        "value": "309.3046875",
        "cumulative": false
    },
    {
        "date": "2020-09-11T10:19:50Z",
        "value": "509.80859375",
        "cumulative": false
    },
    {
        "date": "2020-09-11T10:20:04Z",
        "value": "309.3046875",
        "cumulative": false
    },
    {
        "date": "2020-09-11T10:20:18Z",
        "value": "309.30859375",
        "cumulative": false
    },
    {
        "date": "2020-09-11T10:20:37Z",
        "value": "310.0546875",
        "cumulative": false
    },
    {
        "date": "2020-09-11T10:20:56Z",
        "value": "309.3046875",
        "cumulative": false
    },
    {
        "date": "2020-09-11T10:21:09Z",
        "value": "545.1796875",
        "cumulative": false
    },
    {
        "date": "2020-09-11T10:21:20Z",
        "value": "309.35546875",
        "cumulative": false
    },
    {
        "date": "2020-09-11T10:21:33Z",
        "value": "309.30859375",
        "cumulative": false
    },
    {
        "date": "2020-09-11T10:21:46Z",
        "value": "815.80859375",
        "cumulative": false
    },
    {
        "date": "2020-09-11T10:22:03Z",
        "value": "309.35546875",
        "cumulative": false
    },
    {
        "date": "2020-09-11T10:22:18Z",
        "value": "309.3046875",
        "cumulative": false
    },
    {
        "date": "2020-09-11T10:22:35Z",
        "value": "309.30859375",
        "cumulative": false
    },
    {
        "date": "2020-09-11T10:22:51Z",
        "value": "309.3046875",
        "cumulative": false
    },
    {
        "date": "2020-09-11T10:23:07Z",
        "value": "309.30859375",
        "cumulative": false
    },
    {
        "date": "2020-09-11T10:23:24Z",
        "value": "681.0546875",
        "cumulative": false
    },
    {
        "date": "2020-09-11T10:23:39Z",
        "value": "724.80859375",
        "cumulative": false
    },
    {
        "date": "2020-09-11T10:23:58Z",
        "value": "309.30859375",
        "cumulative": false
    },
    {
        "date": "2020-09-11T10:24:09Z",
        "value": "309.30859375",
        "cumulative": false
    },
    {
        "date": "2020-09-11T10:24:21Z",
        "value": "868.8359375",
        "cumulative": false
    },
    {
        "date": "2020-09-11T10:24:41Z",
        "value": "309.30859375",
        "cumulative": false
    },
    {
        "date": "2020-09-11T10:24:52Z",
        "value": "524.68359375",
        "cumulative": false
    },
    {
        "date": "2020-09-11T10:25:12Z",
        "value": "118.1875",
        "cumulative": false
    }
]