[
    {
        "date": "2020-09-11T09:20:58Z",
        "value": "4.00543212890625e-05",
        "cumulative": true
    },
    {
        "date": "2020-09-11T09:21:17Z",
        "value": "4.00543212890625e-05",
        "cumulative": true
    },
    {
        "date": "2020-09-11T09:21:39Z",
        "value": "4.00543212890625e-05",
        "cumulative": true
    },
    {
        "date": "2020-09-11T09:21:50Z",
        "value": "4.00543212890625e-05",
        "cumulative": true
    },
    {
        "date": "2020-09-11T09:22:17Z",
        "value": "4.00543212890625e-05",
        "cumulative": true
    },
    {
        "date": "2020-09-11T09:22:29Z",
        "value": "4.00543212890625e-05",
        "cumulative": true
    },
    {
        "date": "2020-09-11T09:22:49Z",
        "value": "4.00543212890625e-05",
        "cumulative": true
    },
    {
        "date": "2020-09-11T09:22:59Z",
        "value": "4.00543212890625e-05",
        "cumulative": true
    },
    {
        "date": "2020-09-11T09:23:16Z",
        "value": "13.295625686645508",
        "cumulative": true
    },
    {
        "date": "2020-09-11T09:23:34Z",
        "value": "54.05644989013672",
        "cumulative": true
    },
    {
        "date": "2020-09-11T09:23:47Z",
        "value": "153.07841873168945",
        "cumulative": true
    },
    {
        "date": "2020-09-11T09:24:07Z",
        "value": "1229.4915971755981",
        "cumulative": true
    },
    {
        "date": "2020-09-11T09:24:18Z",
        "value": "2387.226858139038",
        "cumulative": true
    },
    {
        "date": "2020-09-11T09:24:28Z",
        "value": "3656.982804298401",
        "cumulative": true
    },
    {
        "date": "2020-09-11T09:24:45Z",
        "value": "5801.364954948425",
        "cumulative": true
    },
    {
        "date": "2020-09-11T09:25:00Z",
        "value": "7962.61377620697",
        "cumulative": true
    },
    {
        "date": "2020-09-11T09:25:13Z",
        "value": "9263.811156272888",
        "cumulative": true
    },
    {
        "date": "2020-09-11T09:25:27Z",
        "value": "11418.240142822266",
        "cumulative": true
    },
    {
        "date": "2020-09-11T09:25:39Z",
        "value": "13808.849305152893",
        "cumulative": true
    },
    {
        "date": "2020-09-11T09:25:57Z",
        "value": "15615.961534500122",
        "cumulative": true
    },
    {
        "date": "2020-09-11T09:26:08Z",
        "value": "17623.70170879364",
        "cumulative": true
    },
    {
        "date": "2020-09-11T09:26:24Z",
        "value": "18853.900749206543",
        "cumulative": true
    },
    {
        "date": "2020-09-11T09:26:37Z",
        "value": "22009.78457927704",
        "cumulative": true
    },
    {
        "date": "2020-09-11T09:26:56Z",
        "value": "23321.116753578186",
        "cumulative": true
    },
    {
        "date": "2020-09-11T09:27:06Z",
        "value": "26075.569049835205",
        "cumulative": true
    },
    {
        "date": "2020-09-11T09:27:23Z",
        "value": "28335.128323554993",
        "cumulative": true
    },
    {
        "date": "2020-09-11T09:27:39Z",
        "value": "29407.341713905334",
        "cumulative": true
    },
    {
        "date": "2020-09-11T09:27:52Z",
        "value": "32496.70009613037",
        "cumulative": true
    },
    {
        "date": "2020-09-11T09:28:10Z",
        "value": "35468.42756938934",
        "cumulative": true
    },
    {
        "date": "2020-09-11T09:28:22Z",
        "value": "36349.51920032501",
        "cumulative": true
    },
    {
        "date": "2020-09-11T09:28:35Z",
        "value": "37267.51997470856",
        "cumulative": true
    },
    {
        "date": "2020-09-11T09:28:53Z",
        "value": "41650.49057865143",
        "cumulative": true
    },
    {
        "date": "2020-09-11T09:29:04Z",
        "value": "43958.065110206604",
        "cumulative": true
    },
    {
        "date": "2020-09-11T09:29:22Z",
        "value": "45164.115416526794",
        "cumulative": true
    },
    {
        "date": "2020-09-11T09:29:38Z",
        "value": "46296.612612724304",
        "cumulative": true
    },
    {
        "date": "2020-09-11T09:29:52Z",
        "value": "47396.181012153625",
        "cumulative": true
    },
    {
        "date": "2020-09-11T09:30:08Z",
        "value": "51838.04916858673",
        "cumulative": true
    },
    {
        "date": "2020-09-11T09:30:25Z",
        "value": "55637.7223739624",
        "cumulative": true
    },
    {
        "date": "2020-09-11T09:30:39Z",
        "value": "56647.66419219971",
        "cumulative": true
    },
    {
        "date": "2020-09-11T09:30:57Z",
        "value": "57826.58127593994",
        "cumulative": true
    },
    {
        "date": "2020-09-11T09:31:14Z",
        "value": "59036.3177986145",
        "cumulative": true
    },
    {
        "date": "2020-09-11T09:31:30Z",
        "value": "62100.89785003662",
        "cumulative": true
    },
    {
        "date": "2020-09-11T09:31:49Z",
        "value": "67032.12683296204",
        "cumulative": true
    },
    {
        "date": "2020-09-11T09:32:09Z",
        "value": "70550.68332099915",
        "cumulative": true
    },
    {
        "date": "2020-09-11T09:32:29Z",
        "value": "71902.2322807312",
        "cumulative": true
    },
    {
        "date": "2020-09-11T09:32:47Z",
        "value": "73110.78232574463",
        "cumulative": true
    },
    {
        "date": "2020-09-11T09:33:00Z",
        "value": "73959.97933578491",
        "cumulative": true
    },
    {
        "date": "2020-09-11T09:33:11Z",
        "value": "74724.03992652893",
        "cumulative": true
    },
    {
        "date": "2020-09-11T09:33:29Z",
        "value": "78008.79155635834",
        "cumulative": true
    },
    {
        "date": "2020-09-11T09:33:45Z",
        "value": "82504.4103307724",
        "cumulative": true
    },
    {
        "date": "2020-09-11T09:34:03Z",
        "value": "87289.04512310028",
        "cumulative": true
    },
    {
        "date": "2020-09-11T09:34:14Z",
        "value": "88767.4852399826",
        "cumulative": true
    },
    {
        "date": "2020-09-11T09:34:34Z",
        "value": "90070.28299999237",
        "cumulative": true
    },
    {
        "date": "2020-09-11T09:34:49Z",
        "value": "91111.84905338287",
        "cumulative": true
    },
    {
        "date": "2020-09-11T09:35:02Z",
        "value": "91913.08706188202",
        "cumulative": true
    },
    {
        "date": "2020-09-11T09:35:16Z",
        "value": "92852.51122570038",
        "cumulative": true
    },
    {
        "date": "2020-09-11T09:35:33Z",
        "value": "93954.58676052094",
        "cumulative": true
    },
    {
        "date": "2020-09-11T09:35:51Z",
        "value": "96016.08362579346",
        "cumulative": true
    },
    {
        "date": "2020-09-11T09:36:09Z",
        "value": "100974.66131591797",
        "cumulative": true
    },
    {
        "date": "2020-09-11T09:36:25Z",
        "value": "104767.70566177368",
        "cumulative": true
    },
    {
        "date": "2020-09-11T09:36:44Z",
        "value": "109716.78499031067",
        "cumulative": true
    },
    {
        "date": "2020-09-11T09:37:00Z",
        "value": "112120.24569988251",
        "cumulative": true
    },
    {
        "date": "2020-09-11T09:37:14Z",
        "value": "113030.90332317352",
        "cumulative": true
    },
    {
        "date": "2020-09-11T09:37:28Z",
        "value": "113951.1270532608",
        "cumulative": true
    },
    {
        "date": "2020-09-11T09:37:42Z",
        "value": "114857.53305530548",
        "cumulative": true
    },
    {
        "date": "2020-09-11T09:37:58Z",
        "value": "115892.70739459991",
        "cumulative": true
    },
    {
        "date": "2020-09-11T09:38:16Z",
        "value": "117100.31513118744",
        "cumulative": true
    },
    {
        "date": "2020-09-11T09:38:28Z",
        "value": "117920.25258159637",
        "cumulative": true
    },
    {
        "date": "2020-09-11T09:38:41Z",
        "value": "118731.15248012543",
        "cumulative": true
    },
    {
        "date": "2020-09-11T09:39:01Z",
        "value": "120839.9559173584",
        "cumulative": true
    },
    {
        "date": "2020-09-11T09:39:16Z",
        "value": "125365.45934677124",
        "cumulative": true
    },
    {
        "date": "2020-09-11T09:39:27Z",
        "value": "128068.95256233215",
        "cumulative": true
    },
    {
        "date": "2020-09-11T09:39:40Z",
        "value": "131497.56744766235",
        "cumulative": true
    },
    {
        "date": "2020-09-11T09:39:55Z",
        "value": "135364.64916992188",
        "cumulative": true
    },
    {
        "date": "2020-09-11T09:40:08Z",
        "value": "138844.3945198059",
        "cumulative": true
    },
    {
        "date": "2020-09-11T09:40:28Z",
        "value": "141577.21979808807",
        "cumulative": true
    },
    {
        "date": "2020-09-11T09:40:45Z",
        "value": "142708.0470304489",
        "cumulative": true
    },
    {
        "date": "2020-09-11T09:40:55Z",
        "value": "143362.0722951889",
        "cumulative": true
    },
    {
        "date": "2020-09-11T09:41:06Z",
        "value": "144093.91865062714",
        "cumulative": true
    },
    {
        "date": "2020-09-11T09:41:23Z",
        "value": "145235.50201129913",
        "cumulative": true
    },
    {
        "date": "2020-09-11T09:41:33Z",
        "value": "145887.07852840424",
        "cumulative": true
    },
    {
        "date": "2020-09-11T09:41:52Z",
        "value": "147133.50836849213",
        "cumulative": true
    },
    {
        "date": "2020-09-11T09:42:11Z",
        "value": "148384.44033908844",
        "cumulative": true
    },
    {
        "date": "2020-09-11T09:42:26Z",
        "value": "149348.90895175934",
        "cumulative": true
    },
    {
        "date": "2020-09-11T09:42:45Z",
        "value": "150581.67758846283",
        "cumulative": true
    },
    {
        "date": "2020-09-11T09:43:03Z",
        "value": "153144.30974197388",
        "cumulative": true
    },
    {
        "date": "2020-09-11T09:43:19Z",
        "value": "157298.16308021545",
        "cumulative": true
    },
    {
        "date": "2020-09-11T09:43:35Z",
        "value": "161797.7563495636",
        "cumulative": true
    },
    {
        "date": "2020-09-11T09:43:54Z",
        "value": "166426.32733535767",
        "cumulative": true
    },
    {
        "date": "2020-09-11T09:44:13Z",
        "value": "171817.6745853424",
        "cumulative": true
    },
    {
        "date": "2020-09-11T09:44:28Z",
        "value": "175835.61196517944",
        "cumulative": true
    },
    {
        "date": "2020-09-11T09:44:41Z",
        "value": "178113.14834690094",
        "cumulative": true
    },
    {
        "date": "2020-09-11T09:44:57Z",
        "value": "179170.74822330475",
        "cumulative": true
    },
    {
        "date": "2020-09-11T09:45:11Z",
        "value": "180090.38414669037",
        "cumulative": true
    },
    {
        "date": "2020-09-11T09:45:24Z",
        "value": "180995.08090877533",
        "cumulative": true
    },
    {
        "date": "2020-09-11T09:45:44Z",
        "value": "182248.85931301117",
        "cumulative": true
    },
    {
        "date": "2020-09-11T09:45:55Z",
        "value": "182906.3028230667",
        "cumulative": true
    },
    {
        "date": "2020-09-11T09:46:05Z",
        "value": "183636.93147182465",
        "cumulative": true
    },
    {
        "date": "2020-09-11T09:46:16Z",
        "value": "184297.05905628204",
        "cumulative": true
    },
    {
        "date": "2020-09-11T09:46:26Z",
        "value": "184978.3631620407",
        "cumulative": true
    },
    {
        "date": "2020-09-11T09:46:38Z",
        "value": "185750.28516101837",
        "cumulative": true
    },
    {
        "date": "2020-09-11T09:46:52Z",
        "value": "186685.826048851",
        "cumulative": true
    },
    {
        "date": "2020-09-11T09:47:04Z",
        "value": "187468.46611118317",
        "cumulative": true
    },
    {
        "date": "2020-09-11T09:47:19Z",
        "value": "188416.55418682098",
        "cumulative": true
    },
    {
        "date": "2020-09-11T09:47:32Z",
        "value": "189318.15179157257",
        "cumulative": true
    },
    {
        "date": "2020-09-11T09:47:46Z",
        "value": "190161.6023683548",
        "cumulative": true
    },
    {
        "date": "2020-09-11T09:48:00Z",
        "value": "191902.1466369629",
        "cumulative": true
    },
    {
        "date": "2020-09-11T09:48:15Z",
        "value": "195816.05438041687",
        "cumulative": true
    },
    {
        "date": "2020-09-11T09:48:35Z",
        "value": "200932.15781211853",
        "cumulative": true
    },
    {
        "date": "2020-09-11T09:48:50Z",
        "value": "204766.72106170654",
        "cumulative": true
    },
    {
        "date": "2020-09-11T09:49:00Z",
        "value": "207285.48564338684",
        "cumulative": true
    },
    {
        "date": "2020-09-11T09:49:11Z",
        "value": "210439.36386871338",
        "cumulative": true
    },
    {
        "date": "2020-09-11T09:49:27Z",
        "value": "214683.59309196472",
        "cumulative": true
    },
    {
        "date": "2020-09-11T09:49:44Z",
        "value": "219282.27969932556",
        "cumulative": true
    },
    {
        "date": "2020-09-11T09:50:00Z",
        "value": "223109.87238693237",
        "cumulative": true
    },
    {
        "date": "2020-09-11T09:50:13Z",
        "value": "224841.90094280243",
        "cumulative": true
    },
    {
        "date": "2020-09-11T09:50:32Z",
        "value": "226050.31459331512",
        "cumulative": true
    },
    {
        "date": "2020-09-11T09:50:49Z",
        "value": "227176.82437038422",
        "cumulative": true
    },
    {
        "date": "2020-09-11T09:51:01Z",
        "value": "227885.6119222641",
        "cumulative": true
    },
    {
        "date": "2020-09-11T09:51:16Z",
        "value": "228910.70933055878",
        "cumulative": true
    },
    {
        "date": "2020-09-11T09:51:31Z",
        "value": "229845.51787662506",
        "cumulative": true
    },
    {
        "date": "2020-09-11T09:51:49Z",
        "value": "231041.7473745346",
        "cumulative": true
    },
    {
        "date": "2020-09-11T09:52:07Z",
        "value": "232257.5619096756",
        "cumulative": true
    },
    {
        "date": "2020-09-11T09:52:24Z",
        "value": "233346.89479351044",
        "cumulative": true
    },
    {
        "date": "2020-09-11T09:52:43Z",
        "value": "234682.92006397247",
        "cumulative": true
    },
    {
        "date": "2020-09-11T09:52:58Z",
        "value": "235594.24995708466",
        "cumulative": true
    },
    {
        "date": "2020-09-11T09:53:16Z",
        "value": "236747.65872097015",
        "cumulative": true
    },
    {
        "date": "2020-09-11T09:53:30Z",
        "value": "237691.1972436905",
        "cumulative": true
    },
    {
        "date": "2020-09-11T09:53:44Z",
        "value": "238594.02802562714",
        "cumulative": true
    },
    {
        "date": "2020-09-11T09:54:03Z",
        "value": "239854.8732881546",
        "cumulative": true
    },
    {
        "date": "2020-09-11T09:54:21Z",
        "value": "241235.2036781311",
        "cumulative": true
    },
    {
        "date": "2020-09-11T09:54:31Z",
        "value": "243680.64880943298",
        "cumulative": true
    },
    {
        "date": "2020-09-11T09:54:48Z",
        "value": "248317.22262382507",
        "cumulative": true
    },
    {
        "date": "2020-09-11T09:55:06Z",
        "value": "252850.0570487976",
        "cumulative": true
    },
    {
        "date": "2020-09-11T09:55:18Z",
        "value": "256226.43285942078",
        "cumulative": true
    },
    {
        "date": "2020-09-11T09:55:31Z",
        "value": "259970.68992614746",
        "cumulative": true
    },
    {
        "date": "2020-09-11T09:55:43Z",
        "value": "263418.48616600037",
        "cumulative": true
    },
    {
        "date": "2020-09-11T09:55:57Z",
        "value": "266872.3047542572",
        "cumulative": true
    },
    {
        "date": "2020-09-11T09:56:14Z",
        "value": "271362.4909877777",
        "cumulative": true
    },
    {
        "date": "2020-09-11T09:56:27Z",
        "value": "274807.94342803955",
        "cumulative": true
    },
    {
        "date": "2020-09-11T09:56:39Z",
        "value": "278181.70032310486",
        "cumulative": true
    },
    {
        "date": "2020-09-11T09:56:50Z",
        "value": "280881.1077823639",
        "cumulative": true
    },
    {
        "date": "2020-09-11T09:57:08Z",
        "value": "283881.50290966034",
        "cumulative": true
    },
    {
        "date": "2020-09-11T09:57:24Z",
        "value": "284970.3862066269",
        "cumulative": true
    },
    {
        "date": "2020-09-11T09:57:43Z",
        "value": "286216.0868501663",
        "cumulative": true
    },
    {
        "date": "2020-09-11T09:57:56Z",
        "value": "287074.08729839325",
        "cumulative": true
    },
    {
        "date": "2020-09-11T09:58:09Z",
        "value": "287947.39762210846",
        "cumulative": true
    },
    {
        "date": "2020-09-11T09:58:28Z",
        "value": "289221.3706636429",
        "cumulative": true
    },
    {
        "date": "2020-09-11T09:58:39Z",
        "value": "289986.0355024338",
        "cumulative": true
    },
    {
        "date": "2020-09-11T09:58:50Z",
        "value": "290654.76386737823",
        "cumulative": true
    },
    {
        "date": "2020-09-11T09:59:09Z",
        "value": "291934.7475423813",
        "cumulative": true
    },
    {
        "date": "2020-09-11T09:59:26Z",
        "value": "293011.16952991486",
        "cumulative": true
    },
    {
        "date": "2020-09-11T09:59:39Z",
        "value": "293865.9244451523",
        "cumulative": true
    },
    {
        "date": "2020-09-11T09:59:50Z",
        "value": "294619.1895570755",
        "cumulative": true
    },
    {
        "date": "2020-09-11T10:00:07Z",
        "value": "295682.8799562454",
        "cumulative": true
    },
    {
        "date": "2020-09-11T10:00:21Z",
        "value": "296724.84540843964",
        "cumulative": true
    },
    {
        "date": "2020-09-11T10:00:41Z",
        "value": "297987.730553627",
        "cumulative": true
    },
    {
        "date": "2020-09-11T10:00:53Z",
        "value": "298724.28954410553",
        "cumulative": true
    },
    {
        "date": "2020-09-11T10:01:06Z",
        "value": "299667.0280790329",
        "cumulative": true
    },
    {
        "date": "2020-09-11T10:01:26Z",
        "value": "300938.46573352814",
        "cumulative": true
    },
    {
        "date": "2020-09-11T10:01:38Z",
        "value": "301670.81371212006",
        "cumulative": true
    },
    {
        "date": "2020-09-11T10:01:57Z",
        "value": "303047.09568309784",
        "cumulative": true
    },
    {
        "date": "2020-09-11T10:02:12Z",
        "value": "303936.32117557526",
        "cumulative": true
    },
    {
        "date": "2020-09-11T10:02:32Z",
        "value": "308050.3647861481",
        "cumulative": true
    },
    {
        "date": "2020-09-11T10:02:42Z",
        "value": "310717.0625667572",
        "cumulative": true
    },
    {
        "date": "2020-09-11T10:02:57Z",
        "value": "314454.0418930054",
        "cumulative": true
    },
    {
        "date": "2020-09-11T10:03:14Z",
        "value": "319516.71126556396",
        "cumulative": true
    },
    {
        "date": "2020-09-11T10:03:32Z",
        "value": "324344.7817592621",
        "cumulative": true
    },
    {
        "date": "2020-09-11T10:03:50Z",
        "value": "329372.1918067932",
        "cumulative": true
    },
    {
        "date": "2020-09-11T10:04:08Z",
        "value": "334171.7808856964",
        "cumulative": true
    },
    {
        "date": "2020-09-11T10:04:21Z",
        "value": "337902.03696632385",
        "cumulative": true
    },
    {
        "date": "2020-09-11T10:04:34Z",
        "value": "341669.9358139038",
        "cumulative": true
    },
    {
        "date": "2020-09-11T10:04:49Z",
        "value": "346068.6748714447",
        "cumulative": true
    },
    {
        "date": "2020-09-11T10:05:05Z",
        "value": "350671.3099498749",
        "cumulative": true
    },
    {
        "date": "2020-09-11T10:05:20Z",
        "value": "354095.20300865173",
        "cumulative": true
    },
    {
        "date": "2020-09-11T10:05:35Z",
        "value": "357686.93888378143",
        "cumulative": true
    },
    {
        "date": "2020-09-11T10:05:47Z",
        "value": "358455.0405302048",
        "cumulative": true
    },
    {
        "date": "2020-09-11T10:06:03Z",
        "value": "359523.03832530975",
        "cumulative": true
    },
    {
        "date": "2020-09-11T10:06:21Z",
        "value": "360738.27381801605",
        "cumulative": true
    },
    {
        "date": "2020-09-11T10:06:39Z",
        "value": "361891.56346035004",
        "cumulative": true
    },
    {
        "date": "2020-09-11T10:06:49Z",
        "value": "362548.1820573807",
        "cumulative": true
    },
    {
        "date": "2020-09-11T10:07:03Z",
        "value": "363515.49633693695",
        "cumulative": true
    },
    {
        "date": "2020-09-11T10:07:18Z",
        "value": "364547.031870842",
        "cumulative": true
    },
    {
        "date": "2020-09-11T10:07:31Z",
        "value": "365344.5930814743",
        "cumulative": true
    },
    {
        "date": "2020-09-11T10:07:48Z",
        "value": "366450.1123800278",
        "cumulative": true
    },
    {
        "date": "2020-09-11T10:08:01Z",
        "value": "367286.8709573746",
        "cumulative": true
    },
    {
        "date": "2020-09-11T10:08:19Z",
        "value": "368411.99220371246",
        "cumulative": true
    },
    {
        "date": "2020-09-11T10:08:31Z",
        "value": "369312.0718832016",
        "cumulative": true
    },
    {
        "date": "2020-09-11T10:08:47Z",
        "value": "370314.82527828217",
        "cumulative": true
    },
    {
        "date": "2020-09-11T10:09:02Z",
        "value": "371271.3894357681",
        "cumulative": true
    },
    {
        "date": "2020-09-11T10:09:15Z",
        "value": "372098.990275383",
        "cumulative": true
    },
    {
        "date": "2020-09-11T10:09:33Z",
        "value": "373332.823592186",
        "cumulative": true
    },
    {
        "date": "2020-09-11T10:09:50Z",
        "value": "374438.76642131805",
        "cumulative": true
    },
    {
        "date": "2020-09-11T10:10:02Z",
        "value": "375200.8366537094",
        "cumulative": true
    },
    {
        "date": "2020-09-11T10:10:20Z",
        "value": "376370.84576129913",
        "cumulative": true
    },
    {
        "date": "2020-09-11T10:10:36Z",
        "value": "377377.9613580704",
        "cumulative": true
    },
    {
        "date": "2020-09-11T10:10:53Z",
        "value": "378483.0834264755",
        "cumulative": true
    },
    {
        "date": "2020-09-11T10:11:06Z",
        "value": "379445.0102109909",
        "cumulative": true
    },
    {
        "date": "2020-09-11T10:11:18Z",
        "value": "380243.5993356705",
        "cumulative": true
    },
    {
        "date": "2020-09-11T10:11:30Z",
        "value": "381042.64126110077",
        "cumulative": true
    },
    {
        "date": "2020-09-11T10:11:45Z",
        "value": "381950.6624536514",
        "cumulative": true
    },
    {
        "date": "2020-09-11T10:12:03Z",
        "value": "383173.62191295624",
        "cumulative": true
    },
    {
        "date": "2020-09-11T10:12:15Z",
        "value": "383937.26481723785",
        "cumulative": true
    },
    {
        "date": "2020-09-11T10:12:25Z",
        "value": "385586.18784713745",
        "cumulative": true
    },
    {
        "date": "2020-09-11T10:12:37Z",
        "value": "388591.5112628937",
        "cumulative": true
    },
    {
        "date": "2020-09-11T10:12:52Z",
        "value": "393035.18778800964",
        "cumulative": true
    },
    {
        "date": "2020-09-11T10:13:12Z",
        "value": "398239.31973457336",
        "cumulative": true
    },
    {
        "date": "2020-09-11T10:13:25Z",
        "value": "401575.144323349",
        "cumulative": true
    },
    {
        "date": "2020-09-11T10:13:39Z",
        "value": "405609.7243232727",
        "cumulative": true
    },
    {
        "date": "2020-09-11T10:13:57Z",
        "value": "410322.965013504",
        "cumulative": true
    },
    {
        "date": "2020-09-11T10:14:15Z",
        "value": "415810.52822494507",
        "cumulative": true
    },
    {
        "date": "2020-09-11T10:14:35Z",
        "value": "420691.918132782",
        "cumulative": true
    },
    {
        "date": "2020-09-11T10:14:52Z",
        "value": "425325.7997932434",
        "cumulative": true
    },
    {
        "date": "2020-09-11T10:15:04Z",
        "value": "428385.7478084564",
        "cumulative": true
    },
    {
        "date": "2020-09-11T10:15:17Z",
        "value": "432138.88319015503",
        "cumulative": true
    },
    {
        "date": "2020-09-11T10:15:35Z",
        "value": "436777.52133750916",
        "cumulative": true
    },
    {
        "date": "2020-09-11T10:15:49Z",
        "value": "440803.68595695496",
        "cumulative": true
    },
    {
        "date": "2020-09-11T10:16:09Z",
        "value": "446120.861289978",
        "cumulative": true
    },
    {
        "date": "2020-09-11T10:16:20Z",
        "value": "448991.3178424835",
        "cumulative": true
    },
    {
        "date": "2020-09-11T10:16:40Z",
        "value": "452082.1716194153",
        "cumulative": true
    },
    {
        "date": "2020-09-11T10:16:54Z",
        "value": "452982.32647514343",
        "cumulative": true
    },
    {
        "date": "2020-09-11T10:17:06Z",
        "value": "453889.2280216217",
        "cumulative": true
    },
    {
        "date": "2020-09-11T10:17:21Z",
        "value": "454898.68136024475",
        "cumulative": true
    },
    {
        "date": "2020-09-11T10:17:33Z",
        "value": "455605.4600944519",
        "cumulative": true
    },
    {
        "date": "2020-09-11T10:17:53Z",
        "value": "456914.95507240295",
        "cumulative": true
    },
    {
        "date": "2020-09-11T10:18:11Z",
        "value": "458080.92466163635",
        "cumulative": true
    },
    {
        "date": "2020-09-11T10:18:29Z",
        "value": "459289.88286590576",
        "cumulative": true
    },
    {
        "date": "2020-09-11T10:18:48Z",
        "value": "460427.0644378662",
        "cumulative": true
    },
    {
        "date": "2020-09-11T10:19:06Z",
        "value": "461674.68810653687",
        "cumulative": true
    },
    {
        "date": "2020-09-11T10:19:20Z",
        "value": "462618.04784965515",
        "cumulative": true
    },
    {
        "date": "2020-09-11T10:19:31Z",
        "value": "463323.58768463135",
        "cumulative": true
    },
    {
        "date": "2020-09-11T10:19:51Z",
        "value": "464629.08438682556",
        "cumulative": true
    },
    {
        "date": "2020-09-11T10:20:10Z",
        "value": "465784.2304019928",
        "cumulative": true
    },
    {
        "date": "2020-09-11T10:20:23Z",
        "value": "466655.22869873047",
        "cumulative": true
    },
    {
        "date": "2020-09-11T10:20:37Z",
        "value": "467646.1781921387",
        "cumulative": true
    },
    {
        "date": "2020-09-11T10:20:55Z",
        "value": "468724.95396614075",
        "cumulative": true
    },
    {
        "date": "2020-09-11T10:21:09Z",
        "value": "469662.0603122711",
        "cumulative": true
    },
    {
        "date": "2020-09-11T10:21:23Z",
        "value": "470507.2768306732",
        "cumulative": true
    },
    {
        "date": "2020-09-11T10:21:38Z",
        "value": "471436.1188354492",
        "cumulative": true
    },
    {
        "date": "2020-09-11T10:21:49Z",
        "value": "472170.23687934875",
        "cumulative": true
    },
    {
        "date": "2020-09-11T10:22:03Z",
        "value": "473069.595035553",
        "cumulative": true
    },
    {
        "date": "2020-09-11T10:22:16Z",
        "value": "473977.6870326996",
        "cumulative": true
    },
    {
        "date": "2020-09-11T10:22:27Z",
        "value": "474694.81336021423",
        "cumulative": true
    },
    {
        "date": "2020-09-11T10:22:39Z",
        "value": "475394.379655838",
        "cumulative": true
    },
    {
        "date": "2020-09-11T10:22:58Z",
        "value": "476706.9057941437",
        "cumulative": true
    },
    {
        "date": "2020-09-11T10:23:16Z",
        "value": "477813.5919017792",
        "cumulative": true
    },
    {
        "date": "2020-09-11T10:23:35Z",
        "value": "479058.88760375977",
        "cumulative": true
    },
    {
        "date": "2020-09-11T10:23:51Z",
        "value": "480082.607875824",
        "cumulative": true
    },
    {
        "date": "2020-09-11T10:24:07Z",
        "value": "481147.2825641632",
        "cumulative": true
    },
    {
        "date": "2020-09-11T10:24:25Z",
        "value": "482319.38801956177",
        "cumulative": true
    },
    {
        "date": "2020-09-11T10:24:45Z",
        "value": "483517.08389282227",
        "cumulative": true
    },
    {
        "date": "2020-09-11T10:24:57Z",
        "value": "484430.8183231354",
        "cumulative": true
    }
]