[
    {
        "date": "2020-09-11T09:22:39Z",
        "value": "0.0009593963623046875",
        "cumulative": true
    },
    {
        "date": "2020-09-11T09:22:58Z",
        "value": "0.0009593963623046875",
        "cumulative": true
    },
    {
        "date": "2020-09-11T09:23:18Z",
        "value": "19.66190242767334",
        "cumulative": true
    },
    {
        "date": "2020-09-11T09:23:30Z",
        "value": "45.72839546203613",
        "cumulative": true
    },
    {
        "date": "2020-09-11T09:23:42Z",
        "value": "92.15827560424805",
        "cumulative": true
    },
    {
        "date": "2020-09-11T09:24:02Z",
        "value": "788.3698806762695",
        "cumulative": true
    },
    {
        "date": "2020-09-11T09:24:12Z",
        "value": "1834.6359663009644",
        "cumulative": true
    },
    {
        "date": "2020-09-11T09:24:29Z",
        "value": "3867.756414413452",
        "cumulative": true
    },
    {
        "date": "2020-09-11T09:24:39Z",
        "value": "5404.768744468689",
        "cumulative": true
    },
    {
        "date": "2020-09-11T09:24:53Z",
        "value": "7093.016296386719",
        "cumulative": true
    },
    {
        "date": "2020-09-11T09:25:07Z",
        "value": "8893.537055015564",
        "cumulative": true
    },
    {
        "date": "2020-09-11T09:25:21Z",
        "value": "11027.796880722046",
        "cumulative": true
    },
    {
        "date": "2020-09-11T09:25:32Z",
        "value": "12007.968760490417",
        "cumulative": true
    },
    {
        "date": "2020-09-11T09:25:50Z",
        "value": "14540.538061141968",
        "cumulative": true
    },
    {
        "date": "2020-09-11T09:26:09Z",
        "value": "17701.657244682312",
        "cumulative": true
    },
    {
        "date": "2020-09-11T09:26:23Z",
        "value": "18639.19034576416",
        "cumulative": true
    },
    {
        "date": "2020-09-11T09:26:40Z",
        "value": "22239.735577583313",
        "cumulative": true
    },
    {
        "date": "2020-09-11T09:26:59Z",
        "value": "23963.955335617065",
        "cumulative": true
    },
    {
        "date": "2020-09-11T09:27:19Z",
        "value": "28010.72217273712",
        "cumulative": true
    },
    {
        "date": "2020-09-11T09:27:38Z",
        "value": "29354.485043525696",
        "cumulative": true
    },
    {
        "date": "2020-09-11T09:27:54Z",
        "value": "33186.448424339294",
        "cumulative": true
    },
    {
        "date": "2020-09-11T09:28:13Z",
        "value": "35722.51709365845",
        "cumulative": true
    },
    {
        "date": "2020-09-11T09:28:31Z",
        "value": "37019.14625930786",
        "cumulative": true
    },
    {
        "date": "2020-09-11T09:28:43Z",
        "value": "39050.45345020294",
        "cumulative": true
    },
    {
        "date": "2020-09-11T09:28:59Z",
        "value": "42870.032938957214",
        "cumulative": true
    },
    {
        "date": "2020-09-11T09:29:09Z",
        "value": "44372.31243610382",
        "cumulative": true
    },
    {
        "date": "2020-09-11T09:29:25Z",
        "value": "45421.50284099579",
        "cumulative": true
    },
    {
        "date": "2020-09-11T09:29:42Z",
        "value": "46538.238003730774",
        "cumulative": true
    },
    {
        "date": "2020-09-11T09:30:00Z",
        "value": "49893.587743759155",
        "cumulative": true
    },
    {
        "date": "2020-09-11T09:30:14Z",
        "value": "53691.642139434814",
        "cumulative": true
    },
    {
        "date": "2020-09-11T09:30:32Z",
        "value": "56137.969071388245",
        "cumulative": true
    },
    {
        "date": "2020-09-11T09:30:43Z",
        "value": "56914.1657705307",
        "cumulative": true
    },
    {
        "date": "2020-09-11T09:30:59Z",
        "value": "57989.749274253845",
        "cumulative": true
    },
    {
        "date": "2020-09-11T09:31:17Z",
        "value": "59268.65010356903",
        "cumulative": true
    },
    {
        "date": "2020-09-11T09:31:33Z",
        "value": "62765.889678001404",
        "cumulative": true
    },
    {
        "date": "2020-09-11T09:31:50Z",
        "value": "67304.95020771027",
        "cumulative": true
    },
    {
        "date": "2020-09-11T09:32:09Z",
        "value": "70553.63756752014",
        "cumulative": true
    },
    {
        "date": "2020-09-11T09:32:23Z",
        "value": "71526.03441810608",
        "cumulative": true
    },
    {
        "date": "2020-09-11T09:32:38Z",
        "value": "72563.50266456604",
        "cumulative": true
    },
    {
        "date": "2020-09-11T09:32:52Z",
        "value": "73507.80293083191",
        "cumulative": true
    },
    {
        "date": "2020-09-11T09:33:04Z",
        "value": "74297.5084323883",
        "cumulative": true
    },
    {
        "date": "2020-09-11T09:33:22Z",
        "value": "76478.35981273651",
        "cumulative": true
    },
    {
        "date": "2020-09-11T09:33:37Z",
        "value": "80412.2431268692",
        "cumulative": true
    },
    {
        "date": "2020-09-11T09:33:54Z",
        "value": "84971.96077442169",
        "cumulative": true
    },
    {
        "date": "2020-09-11T09:34:07Z",
        "value": "88319.21879863739",
        "cumulative": true
    },
    {
        "date": "2020-09-11T09:34:23Z",
        "value": "89390.3612985611",
        "cumulative": true
    },
    {
        "date": "2020-09-11T09:34:36Z",
        "value": "90192.30531215668",
        "cumulative": true
    },
    {
        "date": "2020-09-11T09:34:55Z",
        "value": "91482.8192987442",
        "cumulative": true
    },
    {
        "date": "2020-09-11T09:35:07Z",
        "value": "92280.81750583649",
        "cumulative": true
    },
    {
        "date": "2020-09-11T09:35:21Z",
        "value": "93239.61399555206",
        "cumulative": true
    },
    {
        "date": "2020-09-11T09:35:38Z",
        "value": "94315.5781621933",
        "cumulative": true
    },
    {
        "date": "2020-09-11T09:35:53Z",
        "value": "96542.97511100769",
        "cumulative": true
    },
    {
        "date": "2020-09-11T09:36:07Z",
        "value": "100277.09469413757",
        "cumulative": true
    },
    {
        "date": "2020-09-11T09:36:22Z",
        "value": "104020.46039390564",
        "cumulative": true
    },
    {
        "date": "2020-09-11T09:36:32Z",
        "value": "106663.68648338318",
        "cumulative": true
    },
    {
        "date": "2020-09-11T09:36:47Z",
        "value": "110565.39365005493",
        "cumulative": true
    },
    {
        "date": "2020-09-11T09:37:01Z",
        "value": "112201.76161956787",
        "cumulative": true
    },
    {
        "date": "2020-09-11T09:37:16Z",
        "value": "113174.93476867676",
        "cumulative": true
    },
    {
        "date": "2020-09-11T09:37:30Z",
        "value": "114086.87384033203",
        "cumulative": true
    },
    {
        "date": "2020-09-11T09:37:49Z",
        "value": "115347.05471992493",
        "cumulative": true
    },
    {
        "date": "2020-09-11T09:38:08Z",
        "value": "116586.93953895569",
        "cumulative": true
    },
    {
        "date": "2020-09-11T09:38:22Z",
        "value": "117550.39324951172",
        "cumulative": true
    },
    {
        "date": "2020-09-11T09:38:36Z",
        "value": "118462.32949829102",
        "cumulative": true
    },
    {
        "date": "2020-09-11T09:38:49Z",
        "value": "119298.15006256104",
        "cumulative": true
    },
    {
        "date": "2020-09-11T09:39:02Z",
        "value": "121253.88958072662",
        "cumulative": true
    },
    {
        "date": "2020-09-11T09:39:15Z",
        "value": "125104.17054843903",
        "cumulative": true
    },
    {
        "date": "2020-09-11T09:39:27Z",
        "value": "128216.4705324173",
        "cumulative": true
    },
    {
        "date": "2020-09-11T09:39:43Z",
        "value": "132162.55181407928",
        "cumulative": true
    },
    {
        "date": "2020-09-11T09:39:58Z",
        "value": "136263.28054141998",
        "cumulative": true
    },
    {
        "date": "2020-09-11T09:40:15Z",
        "value": "140769.55838680267",
        "cumulative": true
    },
    {
        "date": "2020-09-11T09:40:29Z",
        "value": "141712.47864341736",
        "cumulative": true
    },
    {
        "date": "2020-09-11T09:40:42Z",
        "value": "142552.0762386322",
        "cumulative": true
    },
    {
        "date": "2020-09-11T09:40:53Z",
        "value": "143289.65594673157",
        "cumulative": true
    },
    {
        "date": "2020-09-11T09:41:07Z",
        "value": "144170.58095359802",
        "cumulative": true
    },
    {
        "date": "2020-09-11T09:41:26Z",
        "value": "145415.0002117157",
        "cumulative": true
    },
    {
        "date": "2020-09-11T09:41:45Z",
        "value": "146687.247341156",
        "cumulative": true
    },
    {
        "date": "2020-09-11T09:41:56Z",
        "value": "147381.7753162384",
        "cumulative": true
    },
    {
        "date": "2020-09-11T09:42:15Z",
        "value": "148630.39673614502",
        "cumulative": true
    },
    {
        "date": "2020-09-11T09:42:32Z",
        "value": "149774.85875701904",
        "cumulative": true
    },
    {
        "date": "2020-09-11T09:42:46Z",
        "value": "150714.27330207825",
        "cumulative": true
    },
    {
        "date": "2020-09-11T09:43:04Z",
        "value": "153535.0811777115",
        "cumulative": true
    },
    {
        "date": "2020-09-11T09:43:16Z",
        "value": "156566.45398426056",
        "cumulative": true
    },
    {
        "date": "2020-09-11T09:43:32Z",
        "value": "161103.13626384735",
        "cumulative": true
    },
    {
        "date": "2020-09-11T09:43:46Z",
        "value": "164562.12556552887",
        "cumulative": true
    },
    {
        "date": "2020-09-11T09:44:02Z",
        "value": "168807.17107486725",
        "cumulative": true
    },
    {
        "date": "2020-09-11T09:44:18Z",
        "value": "173226.68519306183",
        "cumulative": true
    },
    {
        "date": "2020-09-11T09:44:35Z",
        "value": "177762.6035671234",
        "cumulative": true
    },
    {
        "date": "2020-09-11T09:44:51Z",
        "value": "178836.7444896698",
        "cumulative": true
    },
    {
        "date": "2020-09-11T09:45:11Z",
        "value": "180121.12783622742",
        "cumulative": true
    },
    {
        "date": "2020-09-11T09:45:28Z",
        "value": "181222.63504600525",
        "cumulative": true
    },
    {
        "date": "2020-09-11T09:45:39Z",
        "value": "181980.34844398499",
        "cumulative": true
    },
    {
        "date": "2020-09-11T09:45:52Z",
        "value": "182773.62298965454",
        "cumulative": true
    },
    {
        "date": "2020-09-11T09:46:09Z",
        "value": "183941.63235473633",
        "cumulative": true
    },
    {
        "date": "2020-09-11T09:46:25Z",
        "value": "184932.0380744934",
        "cumulative": true
    },
    {
        "date": "2020-09-11T09:46:38Z",
        "value": "185779.19446372986",
        "cumulative": true
    },
    {
        "date": "2020-09-11T09:46:48Z",
        "value": "186466.34023284912",
        "cumulative": true
    },
    {
        "date": "2020-09-11T09:47:00Z",
        "value": "187243.19450569153",
        "cumulative": true
    },
    {
        "date": "2020-09-11T09:47:15Z",
        "value": "188210.27176856995",
        "cumulative": true
    },
    {
        "date": "2020-09-11T09:47:26Z",
        "value": "188962.66256713867",
        "cumulative": true
    },
    {
        "date": "2020-09-11T09:47:46Z",
        "value": "190218.33297348022",
        "cumulative": true
    },
    {
        "date": "2020-09-11T09:48:02Z",
        "value": "192337.5847940445",
        "cumulative": true
    },
    {
        "date": "2020-09-11T09:48:13Z",
        "value": "195288.83830547333",
        "cumulative": true
    },
    {
        "date": "2020-09-11T09:48:27Z",
        "value": "198969.54548740387",
        "cumulative": true
    },
    {
        "date": "2020-09-11T09:48:42Z",
        "value": "202795.02626895905",
        "cumulative": true
    },
    {
        "date": "2020-09-11T09:48:52Z",
        "value": "205654.25585842133",
        "cumulative": true
    },
    {
        "date": "2020-09-11T09:49:06Z",
        "value": "209004.4579076767",
        "cumulative": true
    },
    {
        "date": "2020-09-11T09:49:24Z",
        "value": "213960.72639369965",
        "cumulative": true
    },
    {
        "date": "2020-09-11T09:49:36Z",
        "value": "217371.86270999908",
        "cumulative": true
    },
    {
        "date": "2020-09-11T09:49:50Z",
        "value": "220715.8444662094",
        "cumulative": true
    },
    {
        "date": "2020-09-11T09:50:02Z",
        "value": "223732.74687862396",
        "cumulative": true
    },
    {
        "date": "2020-09-11T09:50:14Z",
        "value": "224949.16980934143",
        "cumulative": true
    },
    {
        "date": "2020-09-11T09:50:34Z",
        "value": "226232.3136692047",
        "cumulative": true
    },
    {
        "date": "2020-09-11T09:50:48Z",
        "value": "227143.62497901917",
        "cumulative": true
    },
    {
        "date": "2020-09-11T09:51:03Z",
        "value": "228110.7730178833",
        "cumulative": true
    },
    {
        "date": "2020-09-11T09:51:22Z",
        "value": "229306.9317302704",
        "cumulative": true
    },
    {
        "date": "2020-09-11T09:51:34Z",
        "value": "230095.62116241455",
        "cumulative": true
    },
    {
        "date": "2020-09-11T09:51:53Z",
        "value": "231402.66081047058",
        "cumulative": true
    },
    {
        "date": "2020-09-11T09:52:08Z",
        "value": "232401.73005867004",
        "cumulative": true
    },
    {
        "date": "2020-09-11T09:52:22Z",
        "value": "233298.9594631195",
        "cumulative": true
    },
    {
        "date": "2020-09-11T09:52:35Z",
        "value": "234100.64192962646",
        "cumulative": true
    },
    {
        "date": "2020-09-11T09:52:49Z",
        "value": "235070.03495788574",
        "cumulative": true
    },
    {
        "date": "2020-09-11T09:53:05Z",
        "value": "236093.06289863586",
        "cumulative": true
    },
    {
        "date": "2020-09-11T09:53:16Z",
        "value": "236788.39987754822",
        "cumulative": true
    },
    {
        "date": "2020-09-11T09:53:33Z",
        "value": "237952.52617835999",
        "cumulative": true
    },
    {
        "date": "2020-09-11T09:53:47Z",
        "value": "238821.09105873108",
        "cumulative": true
    },
    {
        "date": "2020-09-11T09:54:05Z",
        "value": "240080.319770813",
        "cumulative": true
    },
    {
        "date": "2020-09-11T09:54:20Z",
        "value": "241241.19090557098",
        "cumulative": true
    },
    {
        "date": "2020-09-11T09:54:32Z",
        "value": "244033.13273334503",
        "cumulative": true
    },
    {
        "date": "2020-09-11T09:54:46Z",
        "value": "247834.5027627945",
        "cumulative": true
    },
    {
        "date": "2020-09-11T09:55:02Z",
        "value": "252032.8437204361",
        "cumulative": true
    },
    {
        "date": "2020-09-11T09:55:19Z",
        "value": "256694.4529695511",
        "cumulative": true
    },
    {
        "date": "2020-09-11T09:55:34Z",
        "value": "260692.76830005646",
        "cumulative": true
    },
    {
        "date": "2020-09-11T09:55:49Z",
        "value": "265139.7671995163",
        "cumulative": true
    },
    {
        "date": "2020-09-11T09:56:08Z",
        "value": "269830.2641878128",
        "cumulative": true
    },
    {
        "date": "2020-09-11T09:56:20Z",
        "value": "272903.8491010666",
        "cumulative": true
    },
    {
        "date": "2020-09-11T09:56:34Z",
        "value": "276894.7512617111",
        "cumulative": true
    },
    {
        "date": "2020-09-11T09:56:48Z",
        "value": "280480.53896808624",
        "cumulative": true
    },
    {
        "date": "2020-09-11T09:57:04Z",
        "value": "283631.7320213318",
        "cumulative": true
    },
    {
        "date": "2020-09-11T09:57:20Z",
        "value": "284787.1560821533",
        "cumulative": true
    },
    {
        "date": "2020-09-11T09:57:32Z",
        "value": "285515.78838920593",
        "cumulative": true
    },
    {
        "date": "2020-09-11T09:57:51Z",
        "value": "286758.48611831665",
        "cumulative": true
    },
    {
        "date": "2020-09-11T09:58:05Z",
        "value": "287735.1999530792",
        "cumulative": true
    },
    {
        "date": "2020-09-11T09:58:17Z",
        "value": "288561.7799606323",
        "cumulative": true
    },
    {
        "date": "2020-09-11T09:58:33Z",
        "value": "289630.9908847809",
        "cumulative": true
    },
    {
        "date": "2020-09-11T09:58:49Z",
        "value": "290700.95017433167",
        "cumulative": true
    },
    {
        "date": "2020-09-11T09:59:08Z",
        "value": "291946.5627861023",
        "cumulative": true
    },
    {
        "date": "2020-09-11T09:59:24Z",
        "value": "292998.5327205658",
        "cumulative": true
    },
    {
        "date": "2020-09-11T09:59:36Z",
        "value": "293806.11332702637",
        "cumulative": true
    },
    {
        "date": "2020-09-11T09:59:49Z",
        "value": "294563.1421508789",
        "cumulative": true
    },
    {
        "date": "2020-09-11T10:00:04Z",
        "value": "295552.95351600647",
        "cumulative": true
    },
    {
        "date": "2020-09-11T10:00:17Z",
        "value": "296401.76522636414",
        "cumulative": true
    },
    {
        "date": "2020-09-11T10:00:33Z",
        "value": "297455.4826030731",
        "cumulative": true
    },
    {
        "date": "2020-09-11T10:00:46Z",
        "value": "298304.9093284607",
        "cumulative": true
    },
    {
        "date": "2020-09-11T10:01:03Z",
        "value": "299424.3565235138",
        "cumulative": true
    },
    {
        "date": "2020-09-11T10:01:22Z",
        "value": "300788.42305755615",
        "cumulative": true
    },
    {
        "date": "2020-09-11T10:01:41Z",
        "value": "301932.59940719604",
        "cumulative": true
    },
    {
        "date": "2020-09-11T10:01:54Z",
        "value": "302895.7424697876",
        "cumulative": true
    },
    {
        "date": "2020-09-11T10:02:14Z",
        "value": "304160.4052295685",
        "cumulative": true
    },
    {
        "date": "2020-09-11T10:02:31Z",
        "value": "307950.6012029648",
        "cumulative": true
    },
    {
        "date": "2020-09-11T10:02:47Z",
        "value": "311937.3392648697",
        "cumulative": true
    },
    {
        "date": "2020-09-11T10:03:01Z",
        "value": "316050.3554391861",
        "cumulative": true
    },
    {
        "date": "2020-09-11T10:03:21Z",
        "value": "321533.4975557327",
        "cumulative": true
    },
    {
        "date": "2020-09-11T10:03:40Z",
        "value": "326758.18118572235",
        "cumulative": true
    },
    {
        "date": "2020-09-11T10:03:53Z",
        "value": "330496.6794099808",
        "cumulative": true
    },
    {
        "date": "2020-09-11T10:04:11Z",
        "value": "335296.76842594147",
        "cumulative": true
    },
    {
        "date": "2020-09-11T10:04:27Z",
        "value": "339566.1114835739",
        "cumulative": true
    },
    {
        "date": "2020-09-11T10:04:45Z",
        "value": "344905.27589321136",
        "cumulative": true
    },
    {
        "date": "2020-09-11T10:05:01Z",
        "value": "349600.87887096405",
        "cumulative": true
    },
    {
        "date": "2020-09-11T10:05:18Z",
        "value": "353834.4908800125",
        "cumulative": true
    },
    {
        "date": "2020-09-11T10:05:37Z",
        "value": "357976.1561946869",
        "cumulative": true
    },
    {
        "date": "2020-09-11T10:05:52Z",
        "value": "358872.32430648804",
        "cumulative": true
    },
    {
        "date": "2020-09-11T10:06:11Z",
        "value": "360165.84174728394",
        "cumulative": true
    },
    {
        "date": "2020-09-11T10:06:27Z",
        "value": "361210.13576698303",
        "cumulative": true
    },
    {
        "date": "2020-09-11T10:06:42Z",
        "value": "362229.7450790405",
        "cumulative": true
    },
    {
        "date": "2020-09-11T10:06:54Z",
        "value": "363028.00434684753",
        "cumulative": true
    },
    {
        "date": "2020-09-11T10:07:10Z",
        "value": "364089.86750793457",
        "cumulative": true
    },
    {
        "date": "2020-09-11T10:07:27Z",
        "value": "365153.288772583",
        "cumulative": true
    },
    {
        "date": "2020-09-11T10:07:43Z",
        "value": "366219.2016105652",
        "cumulative": true
    },
    {
        "date": "2020-09-11T10:07:55Z",
        "value": "367018.07384109497",
        "cumulative": true
    },
    {
        "date": "2020-09-11T10:08:05Z",
        "value": "367594.22935295105",
        "cumulative": true
    },
    {
        "date": "2020-09-11T10:08:21Z",
        "value": "368660.08480262756",
        "cumulative": true
    },
    {
        "date": "2020-09-11T10:08:35Z",
        "value": "369506.59645462036",
        "cumulative": true
    },
    {
        "date": "2020-09-11T10:08:45Z",
        "value": "370206.3305358887",
        "cumulative": true
    },
    {
        "date": "2020-09-11T10:09:00Z",
        "value": "371270.207572937",
        "cumulative": true
    },
    {
        "date": "2020-09-11T10:09:10Z",
        "value": "371870.1281681061",
        "cumulative": true
    },
    {
        "date": "2020-09-11T10:09:23Z",
        "value": "372697.9451007843",
        "cumulative": true
    },
    {
        "date": "2020-09-11T10:09:42Z",
        "value": "373937.5411605835",
        "cumulative": true
    },
    {
        "date": "2020-09-11T10:09:54Z",
        "value": "374772.45722961426",
        "cumulative": true
    },
    {
        "date": "2020-09-11T10:10:09Z",
        "value": "375789.38300323486",
        "cumulative": true
    },
    {
        "date": "2020-09-11T10:10:25Z",
        "value": "376814.91606903076",
        "cumulative": true
    },
    {
        "date": "2020-09-11T10:10:38Z",
        "value": "377653.41924095154",
        "cumulative": true
    },
    {
        "date": "2020-09-11T10:10:55Z",
        "value": "378746.0412425995",
        "cumulative": true
    },
    {
        "date": "2020-09-11T10:11:05Z",
        "value": "379378.01519203186",
        "cumulative": true
    },
    {
        "date": "2020-09-11T10:11:17Z",
        "value": "380155.668718338",
        "cumulative": true
    },
    {
        "date": "2020-09-11T10:11:29Z",
        "value": "380914.9269390106",
        "cumulative": true
    },
    {
        "date": "2020-09-11T10:11:45Z",
        "value": "381990.0899448395",
        "cumulative": true
    },
    {
        "date": "2020-09-11T10:12:03Z",
        "value": "383235.748418808",
        "cumulative": true
    },
    {
        "date": "2020-09-11T10:12:21Z",
        "value": "384603.25130176544",
        "cumulative": true
    },
    {
        "date": "2020-09-11T10:12:38Z",
        "value": "389257.3965806961",
        "cumulative": true
    },
    {
        "date": "2020-09-11T10:12:53Z",
        "value": "393592.982626915",
        "cumulative": true
    },
    {
        "date": "2020-09-11T10:13:05Z",
        "value": "396479.7620458603",
        "cumulative": true
    },
    {
        "date": "2020-09-11T10:13:19Z",
        "value": "400164.37693309784",
        "cumulative": true
    },
    {
        "date": "2020-09-11T10:13:31Z",
        "value": "403172.57081127167",
        "cumulative": true
    },
    {
        "date": "2020-09-11T10:13:46Z",
        "value": "407188.2187166214",
        "cumulative": true
    },
    {
        "date": "2020-09-11T10:14:04Z",
        "value": "412490.4439611435",
        "cumulative": true
    },
    {
        "date": "2020-09-11T10:14:16Z",
        "value": "416028.7416162491",
        "cumulative": true
    },
    {
        "date": "2020-09-11T10:14:28Z",
        "value": "418761.88860988617",
        "cumulative": true
    },
    {
        "date": "2020-09-11T10:14:43Z",
        "value": "423136.92224788666",
        "cumulative": true
    },
    {
        "date": "2020-09-11T10:15:02Z",
        "value": "428052.027340889",
        "cumulative": true
    },
    {
        "date": "2020-09-11T10:15:21Z",
        "value": "433380.11744976044",
        "cumulative": true
    },
    {
        "date": "2020-09-11T10:15:38Z",
        "value": "437722.7668428421",
        "cumulative": true
    },
    {
        "date": "2020-09-11T10:15:50Z",
        "value": "441028.6275510788",
        "cumulative": true
    },
    {
        "date": "2020-09-11T10:16:06Z",
        "value": "445548.2326478958",
        "cumulative": true
    },
    {
        "date": "2020-09-11T10:16:22Z",
        "value": "449588.8767232895",
        "cumulative": true
    },
    {
        "date": "2020-09-11T10:16:41Z",
        "value": "452278.5509080887",
        "cumulative": true
    },
    {
        "date": "2020-09-11T10:16:53Z",
        "value": "453023.6305036545",
        "cumulative": true
    },
    {
        "date": "2020-09-11T10:17:09Z",
        "value": "454039.9628019333",
        "cumulative": true
    },
    {
        "date": "2020-09-11T10:17:23Z",
        "value": "454985.84120082855",
        "cumulative": true
    },
    {
        "date": "2020-09-11T10:17:39Z",
        "value": "456028.98861789703",
        "cumulative": true
    },
    {
        "date": "2020-09-11T10:17:51Z",
        "value": "456851.01708316803",
        "cumulative": true
    },
    {
        "date": "2020-09-11T10:18:04Z",
        "value": "457722.6386384964",
        "cumulative": true
    },
    {
        "date": "2020-09-11T10:18:24Z",
        "value": "458998.95195293427",
        "cumulative": true
    },
    {
        "date": "2020-09-11T10:18:34Z",
        "value": "459674.93706035614",
        "cumulative": true
    },
    {
        "date": "2020-09-11T10:18:53Z",
        "value": "461002.05127620697",
        "cumulative": true
    },
    {
        "date": "2020-09-11T10:19:09Z",
        "value": "462009.68182086945",
        "cumulative": true
    },
    {
        "date": "2020-09-11T10:19:22Z",
        "value": "462785.96052646637",
        "cumulative": true
    },
    {
        "date": "2020-09-11T10:19:42Z",
        "value": "464079.63568019867",
        "cumulative": true
    },
    {
        "date": "2020-09-11T10:19:59Z",
        "value": "465180.9547281265",
        "cumulative": true
    },
    {
        "date": "2020-09-11T10:20:19Z",
        "value": "466473.115855217",
        "cumulative": true
    },
    {
        "date": "2020-09-11T10:20:34Z",
        "value": "467406.7087011337",
        "cumulative": true
    },
    {
        "date": "2020-09-11T10:20:52Z",
        "value": "468561.33785152435",
        "cumulative": true
    },
    {
        "date": "2020-09-11T10:21:07Z",
        "value": "469519.5372991562",
        "cumulative": true
    },
    {
        "date": "2020-09-11T10:21:23Z",
        "value": "470625.5644273758",
        "cumulative": true
    },
    {
        "date": "2020-09-11T10:21:38Z",
        "value": "471512.0602674484",
        "cumulative": true
    },
    {
        "date": "2020-09-11T10:21:53Z",
        "value": "472503.49556064606",
        "cumulative": true
    },
    {
        "date": "2020-09-11T10:22:11Z",
        "value": "473761.58388614655",
        "cumulative": true
    },
    {
        "date": "2020-09-11T10:22:25Z",
        "value": "474526.3893022537",
        "cumulative": true
    },
    {
        "date": "2020-09-11T10:22:40Z",
        "value": "475527.82222270966",
        "cumulative": true
    },
    {
        "date": "2020-09-11T10:22:51Z",
        "value": "476244.1182909012",
        "cumulative": true
    },
    {
        "date": "2020-09-11T10:23:03Z",
        "value": "477125.3246526718",
        "cumulative": true
    },
    {
        "date": "2020-09-11T10:23:14Z",
        "value": "477798.7106142044",
        "cumulative": true
    },
    {
        "date": "2020-09-11T10:23:33Z",
        "value": "478960.0344324112",
        "cumulative": true
    },
    {
        "date": "2020-09-11T10:23:46Z",
        "value": "479857.93424510956",
        "cumulative": true
    },
    {
        "date": "2020-09-11T10:23:56Z",
        "value": "480512.61165714264",
        "cumulative": true
    },
    {
        "date": "2020-09-11T10:24:11Z",
        "value": "481494.95167064667",
        "cumulative": true
    },
    {
        "date": "2020-09-11T10:24:29Z",
        "value": "482629.9654150009",
        "cumulative": true
    },
    {
        "date": "2020-09-11T10:24:40Z",
        "value": "483308.828953743",
        "cumulative": true
    },
    {
        "date": "2020-09-11T10:24:56Z",
        "value": "484337.23440265656",
        "cumulative": true
    },
    {
        "date": "2020-09-11T10:25:16Z",
        "value": "485191.7240076065",
        "cumulative": true
    }
]