[
    {
        "date": "2020-09-11T09:22:58Z",
        "value": "4.00543212890625e-05",
        "cumulative": true
    },
    {
        "date": "2020-09-11T09:23:14Z",
        "value": "10.854666709899902",
        "cumulative": true
    },
    {
        "date": "2020-09-11T09:23:32Z",
        "value": "50.38906383514404",
        "cumulative": true
    },
    {
        "date": "2020-09-11T09:23:44Z",
        "value": "106.71742725372314",
        "cumulative": true
    },
    {
        "date": "2020-09-11T09:23:58Z",
        "value": "515.3294496536255",
        "cumulative": true
    },
    {
        "date": "2020-09-11T09:24:13Z",
        "value": "1954.2974195480347",
        "cumulative": true
    },
    {
        "date": "2020-09-11T09:24:30Z",
        "value": "4091.9687271118164",
        "cumulative": true
    },
    {
        "date": "2020-09-11T09:24:41Z",
        "value": "5536.909177780151",
        "cumulative": true
    },
    {
        "date": "2020-09-11T09:24:56Z",
        "value": "7238.438066482544",
        "cumulative": true
    },
    {
        "date": "2020-09-11T09:25:07Z",
        "value": "8902.852869033813",
        "cumulative": true
    },
    {
        "date": "2020-09-11T09:25:24Z",
        "value": "11247.642402648926",
        "cumulative": true
    },
    {
        "date": "2020-09-11T09:25:38Z",
        "value": "13705.816111564636",
        "cumulative": true
    },
    {
        "date": "2020-09-11T09:25:58Z",
        "value": "15822.844893455505",
        "cumulative": true
    },
    {
        "date": "2020-09-11T09:26:13Z",
        "value": "17935.49361038208",
        "cumulative": true
    },
    {
        "date": "2020-09-11T09:26:26Z",
        "value": "19652.621844291687",
        "cumulative": true
    },
    {
        "date": "2020-09-11T09:26:41Z",
        "value": "22322.425121307373",
        "cumulative": true
    },
    {
        "date": "2020-09-11T09:27:00Z",
        "value": "24202.030709266663",
        "cumulative": true
    },
    {
        "date": "2020-09-11T09:27:15Z",
        "value": "27758.528621673584",
        "cumulative": true
    },
    {
        "date": "2020-09-11T09:27:26Z",
        "value": "28535.628244400024",
        "cumulative": true
    },
    {
        "date": "2020-09-11T09:27:39Z",
        "value": "29476.82444190979",
        "cumulative": true
    },
    {
        "date": "2020-09-11T09:27:57Z",
        "value": "34068.0065946579",
        "cumulative": true
    },
    {
        "date": "2020-09-11T09:28:13Z",
        "value": "35744.56266593933",
        "cumulative": true
    },
    {
        "date": "2020-09-11T09:28:28Z",
        "value": "36828.59669113159",
        "cumulative": true
    },
    {
        "date": "2020-09-11T09:28:42Z",
        "value": "38743.58000278473",
        "cumulative": true
    },
    {
        "date": "2020-09-11T09:29:00Z",
        "value": "43197.43563747406",
        "cumulative": true
    },
    {
        "date": "2020-09-11T09:29:18Z",
        "value": "44966.01268196106",
        "cumulative": true
    },
    {
        "date": "2020-09-11T09:29:33Z",
        "value": "45939.146129608154",
        "cumulative": true
    },
    {
        "date": "2020-09-11T09:29:49Z",
        "value": "47037.128997802734",
        "cumulative": true
    },
    {
        "date": "2020-09-11T09:30:06Z",
        "value": "51401.36196041107",
        "cumulative": true
    },
    {
        "date": "2020-09-11T09:30:19Z",
        "value": "54910.07866191864",
        "cumulative": true
    },
    {
        "date": "2020-09-11T09:30:34Z",
        "value": "56293.410811424255",
        "cumulative": true
    },
    {
        "date": "2020-09-11T09:30:45Z",
        "value": "57090.540345191956",
        "cumulative": true
    },
    {
        "date": "2020-09-11T09:30:57Z",
        "value": "57887.20998287201",
        "cumulative": true
    },
    {
        "date": "2020-09-11T09:31:14Z",
        "value": "59053.20116138458",
        "cumulative": true
    },
    {
        "date": "2020-09-11T09:31:32Z",
        "value": "62449.48924922943",
        "cumulative": true
    },
    {
        "date": "2020-09-11T09:31:48Z",
        "value": "66726.47931575775",
        "cumulative": true
    },
    {
        "date": "2020-09-11T09:32:08Z",
        "value": "70484.0055398941",
        "cumulative": true
    },
    {
        "date": "2020-09-11T09:32:21Z",
        "value": "71355.42204761505",
        "cumulative": true
    },
    {
        "date": "2020-09-11T09:32:35Z",
        "value": "72291.95943546295",
        "cumulative": true
    },
    {
        "date": "2020-09-11T09:32:50Z",
        "value": "73380.32901096344",
        "cumulative": true
    },
    {
        "date": "2020-09-11T09:33:05Z",
        "value": "74317.8746213913",
        "cumulative": true
    },
    {
        "date": "2020-09-11T09:33:20Z",
        "value": "75806.21021270752",
        "cumulative": true
    },
    {
        "date": "2020-09-11T09:33:33Z",
        "value": "79316.44045257568",
        "cumulative": true
    },
    {
        "date": "2020-09-11T09:33:49Z",
        "value": "83693.69451713562",
        "cumulative": true
    },
    {
        "date": "2020-09-11T09:34:01Z",
        "value": "86845.55069160461",
        "cumulative": true
    },
    {
        "date": "2020-09-11T09:34:13Z",
        "value": "88704.75877666473",
        "cumulative": true
    },
    {
        "date": "2020-09-11T09:34:23Z",
        "value": "89371.53718662262",
        "cumulative": true
    },
    {
        "date": "2020-09-11T09:34:42Z",
        "value": "90655.43308734894",
        "cumulative": true
    },
    {
        "date": "2020-09-11T09:35:02Z",
        "value": "91902.02016735077",
        "cumulative": true
    },
    {
        "date": "2020-09-11T09:35:21Z",
        "value": "93153.87791156769",
        "cumulative": true
    },
    {
        "date": "2020-09-11T09:35:38Z",
        "value": "94281.0688753128",
        "cumulative": true
    },
    {
        "date": "2020-09-11T09:35:54Z",
        "value": "96729.53897094727",
        "cumulative": true
    },
    {
        "date": "2020-09-11T09:36:04Z",
        "value": "99467.58338165283",
        "cumulative": true
    },
    {
        "date": "2020-09-11T09:36:17Z",
        "value": "102770.97902297974",
        "cumulative": true
    },
    {
        "date": "2020-09-11T09:36:31Z",
        "value": "106152.70772743225",
        "cumulative": true
    },
    {
        "date": "2020-09-11T09:36:47Z",
        "value": "110387.54890441895",
        "cumulative": true
    },
    {
        "date": "2020-09-11T09:37:00Z",
        "value": "112133.52498626709",
        "cumulative": true
    },
    {
        "date": "2020-09-11T09:37:19Z",
        "value": "113383.1763420105",
        "cumulative": true
    },
    {
        "date": "2020-09-11T09:37:31Z",
        "value": "114133.77282524109",
        "cumulative": true
    },
    {
        "date": "2020-09-11T09:37:48Z",
        "value": "115302.65648460388",
        "cumulative": true
    },
    {
        "date": "2020-09-11T09:38:02Z",
        "value": "116196.54761505127",
        "cumulative": true
    },
    {
        "date": "2020-09-11T09:38:16Z",
        "value": "117123.4760799408",
        "cumulative": true
    },
    {
        "date": "2020-09-11T09:38:27Z",
        "value": "117851.71805763245",
        "cumulative": true
    },
    {
        "date": "2020-09-11T09:38:44Z",
        "value": "118928.31561279297",
        "cumulative": true
    },
    {
        "date": "2020-09-11T09:38:58Z",
        "value": "119967.92129802704",
        "cumulative": true
    },
    {
        "date": "2020-09-11T09:39:08Z",
        "value": "123010.83107089996",
        "cumulative": true
    },
    {
        "date": "2020-09-11T09:39:25Z",
        "value": "127520.8027048111",
        "cumulative": true
    },
    {
        "date": "2020-09-11T09:39:40Z",
        "value": "131300.4880475998",
        "cumulative": true
    },
    {
        "date": "2020-09-11T09:39:58Z",
        "value": "136172.6312494278",
        "cumulative": true
    },
    {
        "date": "2020-09-11T09:40:11Z",
        "value": "139688.85735225677",
        "cumulative": true
    },
    {
        "date": "2020-09-11T09:40:28Z",
        "value": "141601.82165145874",
        "cumulative": true
    },
    {
        "date": "2020-09-11T09:40:38Z",
        "value": "142248.2496623993",
        "cumulative": true
    },
    {
        "date": "2020-09-11T09:40:53Z",
        "value": "143264.3918838501",
        "cumulative": true
    },
    {
        "date": "2020-09-11T09:41:10Z",
        "value": "144328.9439125061",
        "cumulative": true
    },
    {
        "date": "2020-09-11T09:41:26Z",
        "value": "145386.0558166504",
        "cumulative": true
    },
    {
        "date": "2020-09-11T09:41:44Z",
        "value": "146613.84917640686",
        "cumulative": true
    },
    {
        "date": "2020-09-11T09:42:01Z",
        "value": "147754.74055480957",
        "cumulative": true
    },
    {
        "date": "2020-09-11T09:42:12Z",
        "value": "148486.14220237732",
        "cumulative": true
    },
    {
        "date": "2020-09-11T09:42:29Z",
        "value": "149541.48918914795",
        "cumulative": true
    },
    {
        "date": "2020-09-11T09:42:42Z",
        "value": "150399.0748271942",
        "cumulative": true
    },
    {
        "date": "2020-09-11T09:43:01Z",
        "value": "152694.44931316376",
        "cumulative": true
    },
    {
        "date": "2020-09-11T09:43:14Z",
        "value": "155844.1355161667",
        "cumulative": true
    },
    {
        "date": "2020-09-11T09:43:26Z",
        "value": "159457.6297864914",
        "cumulative": true
    },
    {
        "date": "2020-09-11T09:43:42Z",
        "value": "163465.88958072662",
        "cumulative": true
    },
    {
        "date": "2020-09-11T09:43:58Z",
        "value": "167617.87947368622",
        "cumulative": true
    },
    {
        "date": "2020-09-11T09:44:17Z",
        "value": "172913.7176141739",
        "cumulative": true
    },
    {
        "date": "2020-09-11T09:44:37Z",
        "value": "177817.73902893066",
        "cumulative": true
    },
    {
        "date": "2020-09-11T09:44:56Z",
        "value": "179134.03549957275",
        "cumulative": true
    },
    {
        "date": "2020-09-11T09:45:12Z",
        "value": "180192.68953323364",
        "cumulative": true
    },
    {
        "date": "2020-09-11T09:45:26Z",
        "value": "181117.52885055542",
        "cumulative": true
    },
    {
        "date": "2020-09-11T09:45:44Z",
        "value": "182227.63084602356",
        "cumulative": true
    },
    {
        "date": "2020-09-11T09:46:03Z",
        "value": "183421.8009300232",
        "cumulative": true
    },
    {
        "date": "2020-09-11T09:46:15Z",
        "value": "184288.6245727539",
        "cumulative": true
    },
    {
        "date": "2020-09-11T09:46:26Z",
        "value": "184983.66976356506",
        "cumulative": true
    },
    {
        "date": "2020-09-11T09:46:39Z",
        "value": "185761.10296440125",
        "cumulative": true
    },
    {
        "date": "2020-09-11T09:46:56Z",
        "value": "186932.44729232788",
        "cumulative": true
    },
    {
        "date": "2020-09-11T09:47:14Z",
        "value": "188134.016582489",
        "cumulative": true
    },
    {
        "date": "2020-09-11T09:47:30Z",
        "value": "189179.99075508118",
        "cumulative": true
    },
    {
        "date": "2020-09-11T09:47:45Z",
        "value": "190153.06163215637",
        "cumulative": true
    },
    {
        "date": "2020-09-11T09:47:57Z",
        "value": "191231.25610637665",
        "cumulative": true
    },
    {
        "date": "2020-09-11T09:48:16Z",
        "value": "196198.84105968475",
        "cumulative": true
    },
    {
        "date": "2020-09-11T09:48:34Z",
        "value": "200672.12339687347",
        "cumulative": true
    },
    {
        "date": "2020-09-11T09:48:51Z",
        "value": "205274.53589725494",
        "cumulative": true
    },
    {
        "date": "2020-09-11T09:49:02Z",
        "value": "208004.76974582672",
        "cumulative": true
    },
    {
        "date": "2020-09-11T09:49:16Z",
        "value": "211574.75027942657",
        "cumulative": true
    },
    {
        "date": "2020-09-11T09:49:27Z",
        "value": "214646.52570438385",
        "cumulative": true
    },
    {
        "date": "2020-09-11T09:49:41Z",
        "value": "218583.77233600616",
        "cumulative": true
    },
    {
        "date": "2020-09-11T09:49:57Z",
        "value": "222336.72168445587",
        "cumulative": true
    },
    {
        "date": "2020-09-11T09:50:08Z",
        "value": "224511.58996772766",
        "cumulative": true
    },
    {
        "date": "2020-09-11T09:50:18Z",
        "value": "225178.5225162506",
        "cumulative": true
    },
    {
        "date": "2020-09-11T09:50:32Z",
        "value": "226047.95998382568",
        "cumulative": true
    },
    {
        "date": "2020-09-11T09:50:46Z",
        "value": "226964.93375587463",
        "cumulative": true
    },
    {
        "date": "2020-09-11T09:51:00Z",
        "value": "227873.50272750854",
        "cumulative": true
    },
    {
        "date": "2020-09-11T09:51:12Z",
        "value": "228680.46794891357",
        "cumulative": true
    },
    {
        "date": "2020-09-11T09:51:27Z",
        "value": "229574.78491783142",
        "cumulative": true
    },
    {
        "date": "2020-09-11T09:51:46Z",
        "value": "230864.2875919342",
        "cumulative": true
    },
    {
        "date": "2020-09-11T09:52:01Z",
        "value": "231848.10461044312",
        "cumulative": true
    },
    {
        "date": "2020-09-11T09:52:17Z",
        "value": "232918.4405040741",
        "cumulative": true
    },
    {
        "date": "2020-09-11T09:52:31Z",
        "value": "233850.45789909363",
        "cumulative": true
    },
    {
        "date": "2020-09-11T09:52:43Z",
        "value": "234683.76595306396",
        "cumulative": true
    },
    {
        "date": "2020-09-11T09:52:58Z",
        "value": "235604.93487930298",
        "cumulative": true
    },
    {
        "date": "2020-09-11T09:53:15Z",
        "value": "236723.3146057129",
        "cumulative": true
    },
    {
        "date": "2020-09-11T09:53:27Z",
        "value": "237469.74572753906",
        "cumulative": true
    },
    {
        "date": "2020-09-11T09:53:44Z",
        "value": "238611.83366966248",
        "cumulative": true
    },
    {
        "date": "2020-09-11T09:54:04Z",
        "value": "239912.73335647583",
        "cumulative": true
    },
    {
        "date": "2020-09-11T09:54:19Z",
        "value": "240923.08437919617",
        "cumulative": true
    },
    {
        "date": "2020-09-11T09:54:34Z",
        "value": "244400.10727787018",
        "cumulative": true
    },
    {
        "date": "2020-09-11T09:54:51Z",
        "value": "249053.6647863388",
        "cumulative": true
    },
    {
        "date": "2020-09-11T09:55:08Z",
        "value": "253507.06943416595",
        "cumulative": true
    },
    {
        "date": "2020-09-11T09:55:23Z",
        "value": "257635.38217258453",
        "cumulative": true
    },
    {
        "date": "2020-09-11T09:55:39Z",
        "value": "262326.1833753586",
        "cumulative": true
    },
    {
        "date": "2020-09-11T09:55:52Z",
        "value": "265697.56938648224",
        "cumulative": true
    },
    {
        "date": "2020-09-11T09:56:12Z",
        "value": "270648.8982591629",
        "cumulative": true
    },
    {
        "date": "2020-09-11T09:56:29Z",
        "value": "275331.55078983307",
        "cumulative": true
    },
    {
        "date": "2020-09-11T09:56:48Z",
        "value": "280440.20343494415",
        "cumulative": true
    },
    {
        "date": "2020-09-11T09:57:06Z",
        "value": "283727.8130893707",
        "cumulative": true
    },
    {
        "date": "2020-09-11T09:57:20Z",
        "value": "284736.2859172821",
        "cumulative": true
    },
    {
        "date": "2020-09-11T09:57:35Z",
        "value": "285651.19905662537",
        "cumulative": true
    },
    {
        "date": "2020-09-11T09:57:46Z",
        "value": "286419.59508514404",
        "cumulative": true
    },
    {
        "date": "2020-09-11T09:57:58Z",
        "value": "287261.85901641846",
        "cumulative": true
    },
    {
        "date": "2020-09-11T09:58:16Z",
        "value": "288387.570980072",
        "cumulative": true
    },
    {
        "date": "2020-09-11T09:58:29Z",
        "value": "289243.069355011",
        "cumulative": true
    },
    {
        "date": "2020-09-11T09:58:40Z",
        "value": "289999.2529335022",
        "cumulative": true
    },
    {
        "date": "2020-09-11T09:58:53Z",
        "value": "290870.53169059753",
        "cumulative": true
    },
    {
        "date": "2020-09-11T09:59:08Z",
        "value": "291909.6149749756",
        "cumulative": true
    },
    {
        "date": "2020-09-11T09:59:19Z",
        "value": "292609.24382019043",
        "cumulative": true
    },
    {
        "date": "2020-09-11T09:59:38Z",
        "value": "293799.87770843506",
        "cumulative": true
    },
    {
        "date": "2020-09-11T09:59:50Z",
        "value": "294630.97186279297",
        "cumulative": true
    },
    {
        "date": "2020-09-11T10:00:07Z",
        "value": "295715.8208065033",
        "cumulative": true
    },
    {
        "date": "2020-09-11T10:00:18Z",
        "value": "296419.0290966034",
        "cumulative": true
    },
    {
        "date": "2020-09-11T10:00:29Z",
        "value": "297183.53829574585",
        "cumulative": true
    },
    {
        "date": "2020-09-11T10:00:49Z",
        "value": "298480.62451553345",
        "cumulative": true
    },
    {
        "date": "2020-09-11T10:01:08Z",
        "value": "299771.63810539246",
        "cumulative": true
    },
    {
        "date": "2020-09-11T10:01:22Z",
        "value": "300739.40204048157",
        "cumulative": true
    },
    {
        "date": "2020-09-11T10:01:34Z",
        "value": "301422.3198261261",
        "cumulative": true
    },
    {
        "date": "2020-09-11T10:01:46Z",
        "value": "302247.0780620575",
        "cumulative": true
    },
    {
        "date": "2020-09-11T10:02:05Z",
        "value": "303502.41727638245",
        "cumulative": true
    },
    {
        "date": "2020-09-11T10:02:24Z",
        "value": "306451.9942483902",
        "cumulative": true
    },
    {
        "date": "2020-09-11T10:02:35Z",
        "value": "308703.15431690216",
        "cumulative": true
    },
    {
        "date": "2020-09-11T10:02:54Z",
        "value": "313915.37691783905",
        "cumulative": true
    },
    {
        "date": "2020-09-11T10:03:12Z",
        "value": "318784.240067482",
        "cumulative": true
    },
    {
        "date": "2020-09-11T10:03:24Z",
        "value": "322444.0930109024",
        "cumulative": true
    },
    {
        "date": "2020-09-11T10:03:36Z",
        "value": "325373.50911045074",
        "cumulative": true
    },
    {
        "date": "2020-09-11T10:03:51Z",
        "value": "329794.0723924637",
        "cumulative": true
    },
    {
        "date": "2020-09-11T10:04:08Z",
        "value": "334364.64340877533",
        "cumulative": true
    },
    {
        "date": "2020-09-11T10:04:20Z",
        "value": "337803.104142189",
        "cumulative": true
    },
    {
        "date": "2020-09-11T10:04:33Z",
        "value": "341242.7626180649",
        "cumulative": true
    },
    {
        "date": "2020-09-11T10:04:45Z",
        "value": "344794.2106542587",
        "cumulative": true
    },
    {
        "date": "2020-09-11T10:04:57Z",
        "value": "348427.8617448807",
        "cumulative": true
    },
    {
        "date": "2020-09-11T10:05:09Z",
        "value": "351466.75521945953",
        "cumulative": true
    },
    {
        "date": "2020-09-11T10:05:25Z",
        "value": "355379.8675584793",
        "cumulative": true
    },
    {
        "date": "2020-09-11T10:05:42Z",
        "value": "358174.35192871094",
        "cumulative": true
    },
    {
        "date": "2020-09-11T10:06:00Z",
        "value": "359316.98896980286",
        "cumulative": true
    },
    {
        "date": "2020-09-11T10:06:17Z",
        "value": "360417.1651611328",
        "cumulative": true
    },
    {
        "date": "2020-09-11T10:06:36Z",
        "value": "361714.46510887146",
        "cumulative": true
    },
    {
        "date": "2020-09-11T10:06:50Z",
        "value": "362678.26943969727",
        "cumulative": true
    },
    {
        "date": "2020-09-11T10:07:05Z",
        "value": "363583.0185947418",
        "cumulative": true
    },
    {
        "date": "2020-09-11T10:07:17Z",
        "value": "364381.9673843384",
        "cumulative": true
    },
    {
        "date": "2020-09-11T10:07:27Z",
        "value": "365093.7262954712",
        "cumulative": true
    },
    {
        "date": "2020-09-11T10:07:45Z",
        "value": "366240.70801353455",
        "cumulative": true
    },
    {
        "date": "2020-09-11T10:07:57Z",
        "value": "367044.59395217896",
        "cumulative": true
    },
    {
        "date": "2020-09-11T10:08:15Z",
        "value": "368284.3638095856",
        "cumulative": true
    },
    {
        "date": "2020-09-11T10:08:32Z",
        "value": "369348.7092704773",
        "cumulative": true
    },
    {
        "date": "2020-09-11T10:08:51Z",
        "value": "370524.0139656067",
        "cumulative": true
    },
    {
        "date": "2020-09-11T10:09:07Z",
        "value": "371607.2555770874",
        "cumulative": true
    },
    {
        "date": "2020-09-11T10:09:20Z",
        "value": "372539.37436676025",
        "cumulative": true
    },
    {
        "date": "2020-09-11T10:09:33Z",
        "value": "373338.898771286",
        "cumulative": true
    },
    {
        "date": "2020-09-11T10:09:44Z",
        "value": "373968.7534713745",
        "cumulative": true
    },
    {
        "date": "2020-09-11T10:10:00Z",
        "value": "375201.4549808502",
        "cumulative": true
    },
    {
        "date": "2020-09-11T10:10:19Z",
        "value": "376312.9605369568",
        "cumulative": true
    },
    {
        "date": "2020-09-11T10:10:35Z",
        "value": "377377.24482536316",
        "cumulative": true
    },
    {
        "date": "2020-09-11T10:10:53Z",
        "value": "378514.60898017883",
        "cumulative": true
    },
    {
        "date": "2020-09-11T10:11:04Z",
        "value": "379235.32455062866",
        "cumulative": true
    },
    {
        "date": "2020-09-11T10:11:14Z",
        "value": "379959.5346984863",
        "cumulative": true
    },
    {
        "date": "2020-09-11T10:11:26Z",
        "value": "380684.98964881897",
        "cumulative": true
    },
    {
        "date": "2020-09-11T10:11:38Z",
        "value": "381449.53771591187",
        "cumulative": true
    },
    {
        "date": "2020-09-11T10:11:53Z",
        "value": "382454.9076061249",
        "cumulative": true
    },
    {
        "date": "2020-09-11T10:12:10Z",
        "value": "383572.6596317291",
        "cumulative": true
    },
    {
        "date": "2020-09-11T10:12:22Z",
        "value": "384916.4407644272",
        "cumulative": true
    },
    {
        "date": "2020-09-11T10:12:35Z",
        "value": "388281.9145860672",
        "cumulative": true
    },
    {
        "date": "2020-09-11T10:12:47Z",
        "value": "391650.05394268036",
        "cumulative": true
    },
    {
        "date": "2020-09-11T10:13:06Z",
        "value": "396687.2995958328",
        "cumulative": true
    },
    {
        "date": "2020-09-11T10:13:18Z",
        "value": "399733.0758714676",
        "cumulative": true
    },
    {
        "date": "2020-09-11T10:13:31Z",
        "value": "403096.4451971054",
        "cumulative": true
    },
    {
        "date": "2020-09-11T10:13:44Z",
        "value": "406664.6224565506",
        "cumulative": true
    },
    {
        "date": "2020-09-11T10:13:58Z",
        "value": "410499.3290719986",
        "cumulative": true
    },
    {
        "date": "2020-09-11T10:14:14Z",
        "value": "415207.7400922775",
        "cumulative": true
    },
    {
        "date": "2020-09-11T10:14:30Z",
        "value": "419243.6255159378",
        "cumulative": true
    },
    {
        "date": "2020-09-11T10:14:46Z",
        "value": "423783.42504024506",
        "cumulative": true
    },
    {
        "date": "2020-09-11T10:15:05Z",
        "value": "428704.63199710846",
        "cumulative": true
    },
    {
        "date": "2020-09-11T10:15:23Z",
        "value": "433850.35261821747",
        "cumulative": true
    },
    {
        "date": "2020-09-11T10:15:37Z",
        "value": "437429.08369350433",
        "cumulative": true
    },
    {
        "date": "2020-09-11T10:15:48Z",
        "value": "440592.2158842087",
        "cumulative": true
    },
    {
        "date": "2020-09-11T10:16:02Z",
        "value": "444164.00984859467",
        "cumulative": true
    },
    {
        "date": "2020-09-11T10:16:21Z",
        "value": "449396.2180776596",
        "cumulative": true
    },
    {
        "date": "2020-09-11T10:16:38Z",
        "value": "451966.2753839493",
        "cumulative": true
    },
    {
        "date": "2020-09-11T10:16:51Z",
        "value": "452904.28356838226",
        "cumulative": true
    },
    {
        "date": "2020-09-11T10:17:07Z",
        "value": "453911.720328331",
        "cumulative": true
    },
    {
        "date": "2020-09-11T10:17:27Z",
        "value": "455255.2997198105",
        "cumulative": true
    },
    {
        "date": "2020-09-11T10:17:47Z",
        "value": "456596.70616054535",
        "cumulative": true
    },
    {
        "date": "2020-09-11T10:18:05Z",
        "value": "457693.20499897003",
        "cumulative": true
    },
    {
        "date": "2020-09-11T10:18:20Z",
        "value": "458699.4756040573",
        "cumulative": true
    },
    {
        "date": "2020-09-11T10:18:39Z",
        "value": "459963.9849691391",
        "cumulative": true
    },
    {
        "date": "2020-09-11T10:18:59Z",
        "value": "461294.4574804306",
        "cumulative": true
    },
    {
        "date": "2020-09-11T10:19:13Z",
        "value": "462119.30651950836",
        "cumulative": true
    },
    {
        "date": "2020-09-11T10:19:32Z",
        "value": "463399.6424036026",
        "cumulative": true
    },
    {
        "date": "2020-09-11T10:19:43Z",
        "value": "464089.84709072113",
        "cumulative": true
    },
    {
        "date": "2020-09-11T10:19:55Z",
        "value": "464929.2225999832",
        "cumulative": true
    },
    {
        "date": "2020-09-11T10:20:11Z",
        "value": "465998.09261608124",
        "cumulative": true
    },
    {
        "date": "2020-09-11T10:20:26Z",
        "value": "467005.1206102371",
        "cumulative": true
    },
    {
        "date": "2020-09-11T10:20:37Z",
        "value": "467676.8878660202",
        "cumulative": true
    },
    {
        "date": "2020-09-11T10:20:47Z",
        "value": "468341.33999729156",
        "cumulative": true
    },
    {
        "date": "2020-09-11T10:20:57Z",
        "value": "468961.4155550003",
        "cumulative": true
    },
    {
        "date": "2020-09-11T10:21:10Z",
        "value": "469730.70080280304",
        "cumulative": true
    },
    {
        "date": "2020-09-11T10:21:23Z",
        "value": "470514.62315273285",
        "cumulative": true
    },
    {
        "date": "2020-09-11T10:21:42Z",
        "value": "471772.03865146637",
        "cumulative": true
    },
    {
        "date": "2020-09-11T10:21:56Z",
        "value": "472716.850312233",
        "cumulative": true
    },
    {
        "date": "2020-09-11T10:22:14Z",
        "value": "473795.19520282745",
        "cumulative": true
    },
    {
        "date": "2020-09-11T10:22:29Z",
        "value": "474792.35795116425",
        "cumulative": true
    },
    {
        "date": "2020-09-11T10:22:42Z",
        "value": "475739.3067922592",
        "cumulative": true
    },
    {
        "date": "2020-09-11T10:22:55Z",
        "value": "476490.7558412552",
        "cumulative": true
    },
    {
        "date": "2020-09-11T10:23:11Z",
        "value": "477481.46294498444",
        "cumulative": true
    },
    {
        "date": "2020-09-11T10:23:29Z",
        "value": "478761.6658887863",
        "cumulative": true
    },
    {
        "date": "2020-09-11T10:23:44Z",
        "value": "479767.97309207916",
        "cumulative": true
    },
    {
        "date": "2020-09-11T10:23:57Z",
        "value": "480524.0073518753",
        "cumulative": true
    },
    {
        "date": "2020-09-11T10:24:11Z",
        "value": "481445.9092359543",
        "cumulative": true
    },
    {
        "date": "2020-09-11T10:24:22Z",
        "value": "482150.65912914276",
        "cumulative": true
    },
    {
        "date": "2020-09-11T10:24:35Z",
        "value": "482928.0001039505",
        "cumulative": true
    },
    {
        "date": "2020-09-11T10:24:45Z",
        "value": "483594.62447452545",
        "cumulative": true
    },
    {
        "date": "2020-09-11T10:25:01Z",
        "value": "484618.6221399307",
        "cumulative": true
    },
    {
        "date": "2020-09-11T10:25:16Z",
        "value": "485141.1333618164",
        "cumulative": true
    }
]