[
    {
        "date": "2020-09-11T09:23:15Z",
        "value": "0.467836227",
        "cumulative": false
    },
    {
        "date": "2020-09-11T09:23:26Z",
        "value": "0.618473381",
        "cumulative": false
    },
    {
        "date": "2020-09-11T09:23:43Z",
        "value": "0.532800743",
        "cumulative": false
    },
    {
        "date": "2020-09-11T09:23:59Z",
        "value": "0.685141741",
        "cumulative": false
    },
    {
        "date": "2020-09-11T09:24:11Z",
        "value": "0.841615439",
        "cumulative": false
    },
    {
        "date": "2020-09-11T09:24:30Z",
        "value": "0.859532432",
        "cumulative": false
    },
    {
        "date": "2020-09-11T09:24:40Z",
        "value": "0.815107024",
        "cumulative": false
    },
    {
        "date": "2020-09-11T09:24:55Z",
        "value": "0.884398168",
        "cumulative": false
    },
    {
        "date": "2020-09-11T09:25:08Z",
        "value": "0.750498862",
        "cumulative": false
    },
    {
        "date": "2020-09-11T09:25:22Z",
        "value": "0.783843577",
        "cumulative": false
    },
    {
        "date": "2020-09-11T09:25:36Z",
        "value": "0.831485874",
        "cumulative": false
    },
    {
        "date": "2020-09-11T09:25:47Z",
        "value": "0.874953872",
        "cumulative": false
    },
    {
        "date": "2020-09-11T09:26:04Z",
        "value": "0.713957726",
        "cumulative": false
    },
    {
        "date": "2020-09-11T09:26:20Z",
        "value": "0.97707324",
        "cumulative": false
    },
    {
        "date": "2020-09-11T09:26:36Z",
        "value": "0.701114156",
        "cumulative": false
    },
    {
        "date": "2020-09-11T09:26:50Z",
        "value": "0.977773468",
        "cumulative": false
    },
    {
        "date": "2020-09-11T09:27:04Z",
        "value": "0.808738183",
        "cumulative": false
    },
    {
        "date": "2020-09-11T09:27:14Z",
        "value": "0.649347914",
        "cumulative": false
    },
    {
        "date": "2020-09-11T09:27:32Z",
        "value": "0.980710819",
        "cumulative": false
    },
    {
        "date": "2020-09-11T09:27:47Z",
        "value": "0.809182749",
        "cumulative": false
    },
    {
        "date": "2020-09-11T09:28:05Z",
        "value": "0.697404206",
        "cumulative": false
    },
    {
        "date": "2020-09-11T09:28:21Z",
        "value": "0.973568765",
        "cumulative": false
    },
    {
        "date": "2020-09-11T09:28:38Z",
        "value": "0.919651495",
        "cumulative": false
    },
    {
        "date": "2020-09-11T09:28:53Z",
        "value": "0.586069459",
        "cumulative": false
    },
    {
        "date": "2020-09-11T09:29:12Z",
        "value": "0.760764429",
        "cumulative": false
    },
    {
        "date": "2020-09-11T09:29:22Z",
        "value": "0.961677532",
        "cumulative": false
    },
    {
        "date": "2020-09-11T09:29:39Z",
        "value": "0.953736313",
        "cumulative": false
    },
    {
        "date": "2020-09-11T09:29:57Z",
        "value": "0.8635896",
        "cumulative": false
    },
    {
        "date": "2020-09-11T09:30:07Z",
        "value": "0.613623256",
        "cumulative": false
    },
    {
        "date": "2020-09-11T09:30:26Z",
        "value": "0.713793318",
        "cumulative": false
    },
    {
        "date": "2020-09-11T09:30:41Z",
        "value": "0.94569467",
        "cumulative": false
    },
    {
        "date": "2020-09-11T09:30:53Z",
        "value": "0.93863528",
        "cumulative": false
    },
    {
        "date": "2020-09-11T09:31:12Z",
        "value": "0.946882675",
        "cumulative": false
    },
    {
        "date": "2020-09-11T09:31:30Z",
        "value": "0.786991221",
        "cumulative": false
    },
    {
        "date": "2020-09-11T09:31:41Z",
        "value": "0.644236795",
        "cumulative": false
    },
    {
        "date": "2020-09-11T09:31:52Z",
        "value": "0.576255713",
        "cumulative": false
    },
    {
        "date": "2020-09-11T09:32:09Z",
        "value": "0.829627325",
        "cumulative": false
    },
    {
        "date": "2020-09-11T09:32:20Z",
        "value": "0.972362906",
        "cumulative": false
    },
    {
        "date": "2020-09-11T09:32:38Z",
        "value": "0.964946468",
        "cumulative": false
    },
    {
        "date": "2020-09-11T09:32:56Z",
        "value": "0.958361473",
        "cumulative": false
    },
    {
        "date": "2020-09-11T09:33:10Z",
        "value": "0.948800916",
        "cumulative": false
    },
    {
        "date": "2020-09-11T09:33:27Z",
        "value": "0.719338389",
        "cumulative": false
    },
    {
        "date": "2020-09-11T09:33:39Z",
        "value": "0.608674335",
        "cumulative": false
    },
    {
        "date": "2020-09-11T09:33:55Z",
        "value": "0.619007212",
        "cumulative": false
    },
    {
        "date": "2020-09-11T09:34:06Z",
        "value": "0.637452777",
        "cumulative": false
    },
    {
        "date": "2020-09-11T09:34:25Z",
        "value": "0.975884451",
        "cumulative": false
    },
    {
        "date": "2020-09-11T09:34:42Z",
        "value": "0.946141799",
        "cumulative": false
    },
    {
        "date": "2020-09-11T09:34:53Z",
        "value": "0.971265534",
        "cumulative": false
    },
    {
        "date": "2020-09-11T09:35:10Z",
        "value": "0.947832743",
        "cumulative": false
    },
    {
        "date": "2020-09-11T09:35:24Z",
        "value": "0.982578508",
        "cumulative": false
    },
    {
        "date": "2020-09-11T09:35:41Z",
        "value": "0.970332156",
        "cumulative": false
    },
    {
        "date": "2020-09-11T09:35:54Z",
        "value": "0.759599208",
        "cumulative": false
    },
    {
        "date": "2020-09-11T09:36:09Z",
        "value": "0.596296333",
        "cumulative": false
    },
    {
        "date": "2020-09-11T09:36:27Z",
        "value": "0.554339273",
        "cumulative": false
    },
    {
        "date": "2020-09-11T09:36:46Z",
        "value": "0.60781384",
        "cumulative": false
    },
    {
        "date": "2020-09-11T09:37:05Z",
        "value": "0.911271029",
        "cumulative": false
    },
    {
        "date": "2020-09-11T09:37:21Z",
        "value": "0.969488351",
        "cumulative": false
    },
    {
        "date": "2020-09-11T09:37:37Z",
        "value": "0.981800401",
        "cumulative": false
    },
    {
        "date": "2020-09-11T09:37:55Z",
        "value": "0.96323348",
        "cumulative": false
    },
    {
        "date": "2020-09-11T09:38:11Z",
        "value": "0.962086265",
        "cumulative": false
    },
    {
        "date": "2020-09-11T09:38:27Z",
        "value": "0.953762496",
        "cumulative": false
    },
    {
        "date": "2020-09-11T09:38:45Z",
        "value": "0.95565619",
        "cumulative": false
    },
    {
        "date": "2020-09-11T09:39:04Z",
        "value": "0.850138502",
        "cumulative": false
    },
    {
        "date": "2020-09-11T09:39:18Z",
        "value": "0.593493008",
        "cumulative": false
    },
    {
        "date": "2020-09-11T09:39:30Z",
        "value": "0.639902832",
        "cumulative": false
    },
    {
        "date": "2020-09-11T09:39:40Z",
        "value": "0.558963527",
        "cumulative": false
    },
    {
        "date": "2020-09-11T09:39:53Z",
        "value": "0.62779602",
        "cumulative": false
    },
    {
        "date": "2020-09-11T09:40:10Z",
        "value": "0.590819874",
        "cumulative": false
    },
    {
        "date": "2020-09-11T09:40:22Z",
        "value": "0.854712977",
        "cumulative": false
    },
    {
        "date": "2020-09-11T09:40:34Z",
        "value": "0.957058056",
        "cumulative": false
    },
    {
        "date": "2020-09-11T09:40:46Z",
        "value": "0.964061605",
        "cumulative": false
    },
    {
        "date": "2020-09-11T09:40:59Z",
        "value": "0.978189502",
        "cumulative": false
    },
    {
        "date": "2020-09-11T09:41:13Z",
        "value": "0.936418691",
        "cumulative": false
    },
    {
        "date": "2020-09-11T09:41:29Z",
        "value": "0.978656203",
        "cumulative": false
    },
    {
        "date": "2020-09-11T09:41:41Z",
        "value": "0.944336801",
        "cumulative": false
    },
    {
        "date": "2020-09-11T09:41:57Z",
        "value": "0.972105712",
        "cumulative": false
    },
    {
        "date": "2020-09-11T09:42:10Z",
        "value": "0.966393435",
        "cumulative": false
    },
    {
        "date": "2020-09-11T09:42:24Z",
        "value": "0.956457068",
        "cumulative": false
    },
    {
        "date": "2020-09-11T09:42:34Z",
        "value": "0.95225052",
        "cumulative": false
    },
    {
        "date": "2020-09-11T09:42:46Z",
        "value": "0.983651618",
        "cumulative": false
    },
    {
        "date": "2020-09-11T09:43:02Z",
        "value": "0.753320966",
        "cumulative": false
    },
    {
        "date": "2020-09-11T09:43:13Z",
        "value": "0.565498239",
        "cumulative": false
    },
    {
        "date": "2020-09-11T09:43:28Z",
        "value": "0.666899146",
        "cumulative": false
    },
    {
        "date": "2020-09-11T09:43:45Z",
        "value": "0.563800325",
        "cumulative": false
    },
    {
        "date": "2020-09-11T09:43:57Z",
        "value": "0.630533797",
        "cumulative": false
    },
    {
        "date": "2020-09-11T09:44:09Z",
        "value": "0.647920048",
        "cumulative": false
    },
    {
        "date": "2020-09-11T09:44:27Z",
        "value": "0.630244215",
        "cumulative": false
    },
    {
        "date": "2020-09-11T09:44:45Z",
        "value": "0.851746551",
        "cumulative": false
    },
    {
        "date": "2020-09-11T09:44:55Z",
        "value": "0.959981625",
        "cumulative": false
    },
    {
        "date": "2020-09-11T09:45:11Z",
        "value": "0.966786371",
        "cumulative": false
    },
    {
        "date": "2020-09-11T09:45:28Z",
        "value": "0.951530474",
        "cumulative": false
    },
    {
        "date": "2020-09-11T09:45:42Z",
        "value": "0.987687952",
        "cumulative": false
    },
    {
        "date": "2020-09-11T09:45:58Z",
        "value": "0.946379956",
        "cumulative": false
    },
    {
        "date": "2020-09-11T09:46:17Z",
        "value": "0.956367491",
        "cumulative": false
    },
    {
        "date": "2020-09-11T09:46:28Z",
        "value": "0.957124936",
        "cumulative": false
    },
    {
        "date": "2020-09-11T09:46:39Z",
        "value": "0.929870126",
        "cumulative": false
    },
    {
        "date": "2020-09-11T09:46:56Z",
        "value": "0.985079457",
        "cumulative": false
    },
    {
        "date": "2020-09-11T09:47:09Z",
        "value": "0.964516641",
        "cumulative": false
    },
    {
        "date": "2020-09-11T09:47:19Z",
        "value": "0.960387326",
        "cumulative": false
    },
    {
        "date": "2020-09-11T09:47:34Z",
        "value": "0.975729826",
        "cumulative": false
    },
    {
        "date": "2020-09-11T09:47:50Z",
        "value": "0.960242049",
        "cumulative": false
    },
    {
        "date": "2020-09-11T09:48:02Z",
        "value": "0.784634642",
        "cumulative": false
    },
    {
        "date": "2020-09-11T09:48:18Z",
        "value": "0.64620501",
        "cumulative": false
    },
    {
        "date": "2020-09-11T09:48:33Z",
        "value": "0.566303481",
        "cumulative": false
    },
    {
        "date": "2020-09-11T09:48:44Z",
        "value": "0.606230167",
        "cumulative": false
    },
    {
        "date": "2020-09-11T09:49:04Z",
        "value": "0.596093862",
        "cumulative": false
    },
    {
        "date": "2020-09-11T09:49:16Z",
        "value": "0.603173206",
        "cumulative": false
    },
    {
        "date": "2020-09-11T09:49:31Z",
        "value": "0.653521995",
        "cumulative": false
    },
    {
        "date": "2020-09-11T09:49:47Z",
        "value": "0.554768078",
        "cumulative": false
    },
    {
        "date": "2020-09-11T09:50:04Z",
        "value": "0.600304844",
        "cumulative": false
    },
    {
        "date": "2020-09-11T09:50:18Z",
        "value": "0.932043689",
        "cumulative": false
    },
    {
        "date": "2020-09-11T09:50:32Z",
        "value": "0.951356758",
        "cumulative": false
    },
    {
        "date": "2020-09-11T09:50:50Z",
        "value": "0.941247149",
        "cumulative": false
    },
    {
        "date": "2020-09-11T09:51:05Z",
        "value": "0.953780666",
        "cumulative": false
    },
    {
        "date": "2020-09-11T09:51:20Z",
        "value": "0.984542458",
        "cumulative": false
    },
    {
        "date": "2020-09-11T09:51:32Z",
        "value": "0.944866298",
        "cumulative": false
    },
    {
        "date": "2020-09-11T09:51:45Z",
        "value": "0.964685386",
        "cumulative": false
    },
    {
        "date": "2020-09-11T09:51:58Z",
        "value": "0.953244449",
        "cumulative": false
    },
    {
        "date": "2020-09-11T09:52:16Z",
        "value": "0.976003311",
        "cumulative": false
    },
    {
        "date": "2020-09-11T09:52:32Z",
        "value": "0.958459415",
        "cumulative": false
    },
    {
        "date": "2020-09-11T09:52:49Z",
        "value": "0.968704875",
        "cumulative": false
    },
    {
        "date": "2020-09-11T09:53:00Z",
        "value": "0.945188375",
        "cumulative": false
    },
    {
        "date": "2020-09-11T09:53:12Z",
        "value": "0.98604248",
        "cumulative": false
    },
    {
        "date": "2020-09-11T09:53:30Z",
        "value": "0.985606313",
        "cumulative": false
    },
    {
        "date": "2020-09-11T09:53:42Z",
        "value": "0.971815503",
        "cumulative": false
    },
    {
        "date": "2020-09-11T09:53:58Z",
        "value": "0.953556245",
        "cumulative": false
    },
    {
        "date": "2020-09-11T09:54:08Z",
        "value": "0.979159031",
        "cumulative": false
    },
    {
        "date": "2020-09-11T09:54:25Z",
        "value": "0.840177443",
        "cumulative": false
    },
    {
        "date": "2020-09-11T09:54:40Z",
        "value": "0.599733022",
        "cumulative": false
    },
    {
        "date": "2020-09-11T09:54:50Z",
        "value": "0.573800913",
        "cumulative": false
    },
    {
        "date": "2020-09-11T09:55:09Z",
        "value": "0.598884088",
        "cumulative": false
    },
    {
        "date": "2020-09-11T09:55:20Z",
        "value": "0.620679745",
        "cumulative": false
    },
    {
        "date": "2020-09-11T09:55:31Z",
        "value": "0.637611334",
        "cumulative": false
    },
    {
        "date": "2020-09-11T09:55:42Z",
        "value": "0.648944537",
        "cumulative": false
    },
    {
        "date": "2020-09-11T09:55:59Z",
        "value": "0.586290188",
        "cumulative": false
    },
    {
        "date": "2020-09-11T09:56:10Z",
        "value": "0.561093955",
        "cumulative": false
    },
    {
        "date": "2020-09-11T09:56:26Z",
        "value": "0.602503689",
        "cumulative": false
    },
    {
        "date": "2020-09-11T09:56:44Z",
        "value": "0.615582449",
        "cumulative": false
    },
    {
        "date": "2020-09-11T09:56:57Z",
        "value": "0.640505198",
        "cumulative": false
    },
    {
        "date": "2020-09-11T09:57:14Z",
        "value": "0.972402069",
        "cumulative": false
    },
    {
        "date": "2020-09-11T09:57:27Z",
        "value": "0.987156829",
        "cumulative": false
    },
    {
        "date": "2020-09-11T09:57:43Z",
        "value": "0.965871418",
        "cumulative": false
    },
    {
        "date": "2020-09-11T09:57:58Z",
        "value": "0.979664668",
        "cumulative": false
    },
    {
        "date": "2020-09-11T09:58:14Z",
        "value": "0.970618965",
        "cumulative": false
    },
    {
        "date": "2020-09-11T09:58:32Z",
        "value": "0.980436684",
        "cumulative": false
    },
    {
        "date": "2020-09-11T09:58:43Z",
        "value": "0.961986212",
        "cumulative": false
    },
    {
        "date": "2020-09-11T09:58:53Z",
        "value": "0.970132447",
        "cumulative": false
    },
    {
        "date": "2020-09-11T09:59:07Z",
        "value": "0.963535964",
        "cumulative": false
    },
    {
        "date": "2020-09-11T09:59:24Z",
        "value": "0.954425689",
        "cumulative": false
    },
    {
        "date": "2020-09-11T09:59:35Z",
        "value": "0.977978782",
        "cumulative": false
    },
    {
        "date": "2020-09-11T09:59:55Z",
        "value": "0.946481884",
        "cumulative": false
    },
    {
        "date": "2020-09-11T10:00:09Z",
        "value": "0.959052327",
        "cumulative": false
    },
    {
        "date": "2020-09-11T10:00:23Z",
        "value": "0.976981672",
        "cumulative": false
    },
    {
        "date": "2020-09-11T10:00:42Z",
        "value": "0.953328158",
        "cumulative": false
    },
    {
        "date": "2020-09-11T10:00:58Z",
        "value": "0.983107857",
        "cumulative": false
    },
    {
        "date": "2020-09-11T10:01:09Z",
        "value": "0.985222411",
        "cumulative": false
    },
    {
        "date": "2020-09-11T10:01:24Z",
        "value": "0.978656875",
        "cumulative": false
    },
    {
        "date": "2020-09-11T10:01:43Z",
        "value": "0.931324718",
        "cumulative": false
    },
    {
        "date": "2020-09-11T10:01:56Z",
        "value": "0.984112761",
        "cumulative": false
    },
    {
        "date": "2020-09-11T10:02:13Z",
        "value": "0.931851846",
        "cumulative": false
    },
    {
        "date": "2020-09-11T10:02:26Z",
        "value": "0.723570091",
        "cumulative": false
    },
    {
        "date": "2020-09-11T10:02:42Z",
        "value": "0.534609635",
        "cumulative": false
    },
    {
        "date": "2020-09-11T10:02:57Z",
        "value": "0.615223228",
        "cumulative": false
    },
    {
        "date": "2020-09-11T10:03:11Z",
        "value": "0.66288123",
        "cumulative": false
    },
    {
        "date": "2020-09-11T10:03:27Z",
        "value": "0.608425502",
        "cumulative": false
    },
    {
        "date": "2020-09-11T10:03:37Z",
        "value": "0.620908178",
        "cumulative": false
    },
    {
        "date": "2020-09-11T10:03:49Z",
        "value": "0.655305687",
        "cumulative": false
    },
    {
        "date": "2020-09-11T10:04:00Z",
        "value": "0.617551778",
        "cumulative": false
    },
    {
        "date": "2020-09-11T10:04:10Z",
        "value": "0.638042344",
        "cumulative": false
    },
    {
        "date": "2020-09-11T10:04:26Z",
        "value": "0.634161447",
        "cumulative": false
    },
    {
        "date": "2020-09-11T10:04:36Z",
        "value": "0.660302959",
        "cumulative": false
    },
    {
        "date": "2020-09-11T10:04:51Z",
        "value": "0.658578745",
        "cumulative": false
    },
    {
        "date": "2020-09-11T10:05:06Z",
        "value": "0.656526217",
        "cumulative": false
    },
    {
        "date": "2020-09-11T10:05:24Z",
        "value": "0.531947038",
        "cumulative": false
    },
    {
        "date": "2020-09-11T10:05:36Z",
        "value": "0.735330706",
        "cumulative": false
    },
    {
        "date": "2020-09-11T10:05:54Z",
        "value": "0.940581442",
        "cumulative": false
    },
    {
        "date": "2020-09-11T10:06:11Z",
        "value": "0.980120703",
        "cumulative": false
    },
    {
        "date": "2020-09-11T10:06:24Z",
        "value": "0.965307188",
        "cumulative": false
    },
    {
        "date": "2020-09-11T10:06:34Z",
        "value": "0.96906966",
        "cumulative": false
    },
    {
        "date": "2020-09-11T10:06:50Z",
        "value": "0.940542525",
        "cumulative": false
    },
    {
        "date": "2020-09-11T10:07:03Z",
        "value": "0.982587604",
        "cumulative": false
    },
    {
        "date": "2020-09-11T10:07:19Z",
        "value": "0.981595881",
        "cumulative": false
    },
    {
        "date": "2020-09-11T10:07:31Z",
        "value": "0.952518187",
        "cumulative": false
    },
    {
        "date": "2020-09-11T10:07:41Z",
        "value": "0.945159599",
        "cumulative": false
    },
    {
        "date": "2020-09-11T10:07:57Z",
        "value": "0.967162942",
        "cumulative": false
    },
    {
        "date": "2020-09-11T10:08:11Z",
        "value": "0.941387218",
        "cumulative": false
    },
    {
        "date": "2020-09-11T10:08:29Z",
        "value": "0.956183887",
        "cumulative": false
    },
    {
        "date": "2020-09-11T10:08:47Z",
        "value": "0.967341866",
        "cumulative": false
    },
    {
        "date": "2020-09-11T10:09:07Z",
        "value": "0.976578991",
        "cumulative": false
    },
    {
        "date": "2020-09-11T10:09:18Z",
        "value": "0.922704376",
        "cumulative": false
    },
    {
        "date": "2020-09-11T10:09:38Z",
        "value": "0.953907089",
        "cumulative": false
    },
    {
        "date": "2020-09-11T10:09:54Z",
        "value": "0.97651896",
        "cumulative": false
    },
    {
        "date": "2020-09-11T10:10:08Z",
        "value": "0.975860591",
        "cumulative": false
    },
    {
        "date": "2020-09-11T10:10:25Z",
        "value": "0.946241767",
        "cumulative": false
    },
    {
        "date": "2020-09-11T10:10:39Z",
        "value": "0.958927252",
        "cumulative": false
    },
    {
        "date": "2020-09-11T10:10:58Z",
        "value": "0.96185809",
        "cumulative": false
    },
    {
        "date": "2020-09-11T10:11:10Z",
        "value": "0.957944685",
        "cumulative": false
    },
    {
        "date": "2020-09-11T10:11:29Z",
        "value": "0.974303987",
        "cumulative": false
    },
    {
        "date": "2020-09-11T10:11:47Z",
        "value": "0.971891081",
        "cumulative": false
    },
    {
        "date": "2020-09-11T10:11:59Z",
        "value": "0.930652351",
        "cumulative": false
    },
    {
        "date": "2020-09-11T10:12:14Z",
        "value": "0.968577802",
        "cumulative": false
    },
    {
        "date": "2020-09-11T10:12:31Z",
        "value": "0.691832195",
        "cumulative": false
    },
    {
        "date": "2020-09-11T10:12:44Z",
        "value": "0.588021666",
        "cumulative": false
    },
    {
        "date": "2020-09-11T10:12:59Z",
        "value": "0.619534935",
        "cumulative": false
    },
    {
        "date": "2020-09-11T10:13:18Z",
        "value": "0.601147609",
        "cumulative": false
    },
    {
        "date": "2020-09-11T10:13:34Z",
        "value": "0.596985199",
        "cumulative": false
    },
    {
        "date": "2020-09-11T10:13:48Z",
        "value": "0.578617068",
        "cumulative": false
    },
    {
        "date": "2020-09-11T10:14:04Z",
        "value": "0.673341695",
        "cumulative": false
    },
    {
        "date": "2020-09-11T10:14:16Z",
        "value": "0.701330338",
        "cumulative": false
    },
    {
        "date": "2020-09-11T10:14:33Z",
        "value": "0.56636685",
        "cumulative": false
    },
    {
        "date": "2020-09-11T10:14:43Z",
        "value": "0.639458814",
        "cumulative": false
    },
    {
        "date": "2020-09-11T10:14:55Z",
        "value": "0.584586957",
        "cumulative": false
    },
    {
        "date": "2020-09-11T10:15:10Z",
        "value": "0.616170856",
        "cumulative": false
    },
    {
        "date": "2020-09-11T10:15:28Z",
        "value": "0.639061655",
        "cumulative": false
    },
    {
        "date": "2020-09-11T10:15:43Z",
        "value": "0.663428468",
        "cumulative": false
    },
    {
        "date": "2020-09-11T10:16:00Z",
        "value": "0.657396329",
        "cumulative": false
    },
    {
        "date": "2020-09-11T10:16:19Z",
        "value": "0.630703468",
        "cumulative": false
    },
    {
        "date": "2020-09-11T10:16:38Z",
        "value": "0.781771738",
        "cumulative": false
    },
    {
        "date": "2020-09-11T10:16:53Z",
        "value": "0.971027901",
        "cumulative": false
    },
    {
        "date": "2020-09-11T10:17:05Z",
        "value": "0.997418591",
        "cumulative": false
    },
    {
        "date": "2020-09-11T10:17:20Z",
        "value": "0.975318093",
        "cumulative": false
    },
    {
        "date": "2020-09-11T10:17:38Z",
        "value": "0.967219026",
        "cumulative": false
    },
    {
        "date": "2020-09-11T10:17:56Z",
        "value": "0.99827688",
        "cumulative": false
    },
    {
        "date": "2020-09-11T10:18:14Z",
        "value": "0.978434324",
        "cumulative": false
    },
    {
        "date": "2020-09-11T10:18:29Z",
        "value": "0.982756695",
        "cumulative": false
    },
    {
        "date": "2020-09-11T10:18:41Z",
        "value": "0.956763122",
        "cumulative": false
    },
    {
        "date": "2020-09-11T10:19:00Z",
        "value": "0.973476433",
        "cumulative": false
    },
    {
        "date": "2020-09-11T10:19:14Z",
        "value": "0.98815841",
        "cumulative": false
    },
    {
        "date": "2020-09-11T10:19:31Z",
        "value": "0.973188542",
        "cumulative": false
    },
    {
        "date": "2020-09-11T10:19:50Z",
        "value": "0.958189326",
        "cumulative": false
    },
    {
        "date": "2020-09-11T10:20:04Z",
        "value": "0.979609229",
        "cumulative": false
    },
    {
        "date": "2020-09-11T10:20:18Z",
        "value": "0.982973323",
        "cumulative": false
    },
    {
        "date": "2020-09-11T10:20:37Z",
        "value": "0.949811515",
        "cumulative": false
    },
    {
        "date": "2020-09-11T10:20:56Z",
        "value": "0.974015703",
        "cumulative": false
    },
    {
        "date": "2020-09-11T10:21:09Z",
        "value": "0.954366518",
        "cumulative": false
    },
    {
        "date": "2020-09-11T10:21:20Z",
        "value": "0.992277474",
        "cumulative": false
    },
    {
        "date": "2020-09-11T10:21:33Z",
        "value": "0.974457922",
        "cumulative": false
    },
    {
        "date": "2020-09-11T10:21:46Z",
        "value": "0.893569611",
        "cumulative": false
    },
    {
        "date": "2020-09-11T10:22:03Z",
        "value": "0.965216989",
        "cumulative": false
    },
    {
        "date": "2020-09-11T10:22:18Z",
        "value": "0.959206318",
        "cumulative": false
    },
    {
        "date": "2020-09-11T10:22:35Z",
        "value": "0.978296585",
        "cumulative": false
    },
    {
        "date": "2020-09-11T10:22:51Z",
        "value": "0.958480133",
        "cumulative": false
    },
    {
        "date": "2020-09-11T10:23:07Z",
        "value": "0.977086123",
        "cumulative": false
    },
    {
        "date": "2020-09-11T10:23:24Z",
        "value": "0.958478963",
        "cumulative": false
    },
    {
        "date": "2020-09-11T10:23:39Z",
        "value": "0.985447492",
        "cumulative": false
    },
    {
        "date": "2020-09-11T10:23:58Z",
        "value": "0.967638439",
        "cumulative": false
    },
    {
        "date": "2020-09-11T10:24:09Z",
        "value": "0.994037103",
        "cumulative": false
    },
    {
        "date": "2020-09-11T10:24:21Z",
        "value": "0.964468073",
        "cumulative": false
    },
    {
        "date": "2020-09-11T10:24:41Z",
        "value": "0.943588026",
        "cumulative": false
    },
    {
        "date": "2020-09-11T10:24:52Z",
        "value": "0.943935242",
        "cumulative": false
    },
    {
        "date": "2020-09-11T10:25:12Z",
        "value": "0.731311052",
        "cumulative": false
    }
]