[
    {
        "date": "2020-09-11T09:21:04Z",
        "value": "0.01320373",
        "cumulative": false
    },
    {
        "date": "2020-09-11T09:21:24Z",
        "value": "0.0",
        "cumulative": false
    },
    {
        "date": "2020-09-11T09:21:41Z",
        "value": "0.0",
        "cumulative": false
    },
    {
        "date": "2020-09-11T09:21:53Z",
        "value": "0.0",
        "cumulative": false
    },
    {
        "date": "2020-09-11T09:22:09Z",
        "value": "0.0",
        "cumulative": false
    },
    {
        "date": "2020-09-11T09:22:31Z",
        "value": "0.0",
        "cumulative": false
    },
    {
        "date": "2020-09-11T09:22:48Z",
        "value": "0.0",
        "cumulative": false
    },
    {
        "date": "2020-09-11T09:23:03Z",
        "value": "0.114110274",
        "cumulative": false
    },
    {
        "date": "2020-09-11T09:23:17Z",
        "value": "0.415860852",
        "cumulative": false
    },
    {
        "date": "2020-09-11T09:23:30Z",
        "value": "0.687455119",
        "cumulative": false
    },
    {
        "date": "2020-09-11T09:23:41Z",
        "value": "0.542711641",
        "cumulative": false
    },
    {
        "date": "2020-09-11T09:23:56Z",
        "value": "0.868401692",
        "cumulative": false
    },
    {
        "date": "2020-09-11T09:24:09Z",
        "value": "1.122443149",
        "cumulative": false
    },
    {
        "date": "2020-09-11T09:24:26Z",
        "value": "1.111359419",
        "cumulative": false
    },
    {
        "date": "2020-09-11T09:24:42Z",
        "value": "1.020685505",
        "cumulative": false
    },
    {
        "date": "2020-09-11T09:24:54Z",
        "value": "0.988178047",
        "cumulative": false
    },
    {
        "date": "2020-09-11T09:25:12Z",
        "value": "0.927353135",
        "cumulative": false
    },
    {
        "date": "2020-09-11T09:25:22Z",
        "value": "0.752388196",
        "cumulative": false
    },
    {
        "date": "2020-09-11T09:25:40Z",
        "value": "0.810587662",
        "cumulative": false
    },
    {
        "date": "2020-09-11T09:25:50Z",
        "value": "1.028676042",
        "cumulative": false
    },
    {
        "date": "2020-09-11T09:26:07Z",
        "value": "0.67906035",
        "cumulative": false
    },
    {
        "date": "2020-09-11T09:26:19Z",
        "value": "0.915817817",
        "cumulative": false
    },
    {
        "date": "2020-09-11T09:26:38Z",
        "value": "0.719606424",
        "cumulative": false
    },
    {
        "date": "2020-09-11T09:26:51Z",
        "value": "0.914660089",
        "cumulative": false
    },
    {
        "date": "2020-09-11T09:27:06Z",
        "value": "0.730580892",
        "cumulative": false
    },
    {
        "date": "2020-09-11T09:27:19Z",
        "value": "0.756445501",
        "cumulative": false
    },
    {
        "date": "2020-09-11T09:27:35Z",
        "value": "0.932707689",
        "cumulative": false
    },
    {
        "date": "2020-09-11T09:27:51Z",
        "value": "0.702037413",
        "cumulative": false
    },
    {
        "date": "2020-09-11T09:28:07Z",
        "value": "0.769676601",
        "cumulative": false
    },
    {
        "date": "2020-09-11T09:28:20Z",
        "value": "0.940236486",
        "cumulative": false
    },
    {
        "date": "2020-09-11T09:28:36Z",
        "value": "0.958472856",
        "cumulative": false
    },
    {
        "date": "2020-09-11T09:28:55Z",
        "value": "0.56438873",
        "cumulative": false
    },
    {
        "date": "2020-09-11T09:29:14Z",
        "value": "0.781800879",
        "cumulative": false
    },
    {
        "date": "2020-09-11T09:29:25Z",
        "value": "0.92684117",
        "cumulative": false
    },
    {
        "date": "2020-09-11T09:29:39Z",
        "value": "0.947046198",
        "cumulative": false
    },
    {
        "date": "2020-09-11T09:29:55Z",
        "value": "0.874187262",
        "cumulative": false
    },
    {
        "date": "2020-09-11T09:30:14Z",
        "value": "0.608684368",
        "cumulative": false
    },
    {
        "date": "2020-09-11T09:30:30Z",
        "value": "0.801016732",
        "cumulative": false
    },
    {
        "date": "2020-09-11T09:30:44Z",
        "value": "0.946670712",
        "cumulative": false
    },
    {
        "date": "2020-09-11T09:30:57Z",
        "value": "0.931759792",
        "cumulative": false
    },
    {
        "date": "2020-09-11T09:31:14Z",
        "value": "0.967696562",
        "cumulative": false
    },
    {
        "date": "2020-09-11T09:31:33Z",
        "value": "0.740738883",
        "cumulative": false
    },
    {
        "date": "2020-09-11T09:31:50Z",
        "value": "0.589095912",
        "cumulative": false
    },
    {
        "date": "2020-09-11T09:32:09Z",
        "value": "0.798881405",
        "cumulative": false
    },
    {
        "date": "2020-09-11T09:32:21Z",
        "value": "0.966670963",
        "cumulative": false
    },
    {
        "date": "2020-09-11T09:32:33Z",
        "value": "0.947758792",
        "cumulative": false
    },
    {
        "date": "2020-09-11T09:32:50Z",
        "value": "0.971693697",
        "cumulative": false
    },
    {
        "date": "2020-09-11T09:33:07Z",
        "value": "0.931750162",
        "cumulative": false
    },
    {
        "date": "2020-09-11T09:33:22Z",
        "value": "0.781478458",
        "cumulative": false
    },
    {
        "date": "2020-09-11T09:33:41Z",
        "value": "0.605448043",
        "cumulative": false
    },
    {
        "date": "2020-09-11T09:34:01Z",
        "value": "0.619270991",
        "cumulative": false
    },
    {
        "date": "2020-09-11T09:34:15Z",
        "value": "0.80517258",
        "cumulative": false
    },
    {
        "date": "2020-09-11T09:34:33Z",
        "value": "0.94451752",
        "cumulative": false
    },
    {
        "date": "2020-09-11T09:34:52Z",
        "value": "0.960530038",
        "cumulative": false
    },
    {
        "date": "2020-09-11T09:35:02Z",
        "value": "0.91737818",
        "cumulative": false
    },
    {
        "date": "2020-09-11T09:35:17Z",
        "value": "0.944727089",
        "cumulative": false
    },
    {
        "date": "2020-09-11T09:35:31Z",
        "value": "0.964596705",
        "cumulative": false
    },
    {
        "date": "2020-09-11T09:35:42Z",
        "value": "0.950207178",
        "cumulative": false
    },
    {
        "date": "2020-09-11T09:36:01Z",
        "value": "0.667624633",
        "cumulative": false
    },
    {
        "date": "2020-09-11T09:36:14Z",
        "value": "0.590960242",
        "cumulative": false
    },
    {
        "date": "2020-09-11T09:36:27Z",
        "value": "0.544242107",
        "cumulative": false
    },
    {
        "date": "2020-09-11T09:36:43Z",
        "value": "0.61833807",
        "cumulative": false
    },
    {
        "date": "2020-09-11T09:36:54Z",
        "value": "0.707373111",
        "cumulative": false
    },
    {
        "date": "2020-09-11T09:37:10Z",
        "value": "0.960645781",
        "cumulative": false
    },
    {
        "date": "2020-09-11T09:37:26Z",
        "value": "0.928332671",
        "cumulative": false
    },
    {
        "date": "2020-09-11T09:37:36Z",
        "value": "0.940909239",
        "cumulative": false
    },
    {
        "date": "2020-09-11T09:37:49Z",
        "value": "0.921628032",
        "cumulative": false
    },
    {
        "date": "2020-09-11T09:38:02Z",
        "value": "0.914589318",
        "cumulative": false
    },
    {
        "date": "2020-09-11T09:38:21Z",
        "value": "0.924906152",
        "cumulative": false
    },
    {
        "date": "2020-09-11T09:38:38Z",
        "value": "0.923268414",
        "cumulative": false
    },
    {
        "date": "2020-09-11T09:38:50Z",
        "value": "0.93835727",
        "cumulative": false
    },
    {
        "date": "2020-09-11T09:39:02Z",
        "value": "0.792067727",
        "cumulative": false
    },
    {
        "date": "2020-09-11T09:39:19Z",
        "value": "0.609760072",
        "cumulative": false
    },
    {
        "date": "2020-09-11T09:39:33Z",
        "value": "0.562085205",
        "cumulative": false
    },
    {
        "date": "2020-09-11T09:39:53Z",
        "value": "0.607960529",
        "cumulative": false
    },
    {
        "date": "2020-09-11T09:40:09Z",
        "value": "0.592752113",
        "cumulative": false
    },
    {
        "date": "2020-09-11T09:40:28Z",
        "value": "0.85181054",
        "cumulative": false
    },
    {
        "date": "2020-09-11T09:40:40Z",
        "value": "0.942675864",
        "cumulative": false
    },
    {
        "date": "2020-09-11T09:40:58Z",
        "value": "0.962025395",
        "cumulative": false
    },
    {
        "date": "2020-09-11T09:41:17Z",
        "value": "0.933457794",
        "cumulative": false
    },
    {
        "date": "2020-09-11T09:41:33Z",
        "value": "0.9543714",
        "cumulative": false
    },
    {
        "date": "2020-09-11T09:41:48Z",
        "value": "0.946610644",
        "cumulative": false
    },
    {
        "date": "2020-09-11T09:42:02Z",
        "value": "0.946711581",
        "cumulative": false
    },
    {
        "date": "2020-09-11T09:42:21Z",
        "value": "0.939439359",
        "cumulative": false
    },
    {
        "date": "2020-09-11T09:42:33Z",
        "value": "0.925582585",
        "cumulative": false
    },
    {
        "date": "2020-09-11T09:42:51Z",
        "value": "0.935088017",
        "cumulative": false
    },
    {
        "date": "2020-09-11T09:43:09Z",
        "value": "0.601745539",
        "cumulative": false
    },
    {
        "date": "2020-09-11T09:43:25Z",
        "value": "0.637555583",
        "cumulative": false
    },
    {
        "date": "2020-09-11T09:43:38Z",
        "value": "0.615303402",
        "cumulative": false
    },
    {
        "date": "2020-09-11T09:43:53Z",
        "value": "0.536517631",
        "cumulative": false
    },
    {
        "date": "2020-09-11T09:44:08Z",
        "value": "0.653029653",
        "cumulative": false
    },
    {
        "date": "2020-09-11T09:44:23Z",
        "value": "0.653481351",
        "cumulative": false
    },
    {
        "date": "2020-09-11T09:44:33Z",
        "value": "0.587643906",
        "cumulative": false
    },
    {
        "date": "2020-09-11T09:44:44Z",
        "value": "0.934392815",
        "cumulative": false
    },
    {
        "date": "2020-09-11T09:45:01Z",
        "value": "0.931739923",
        "cumulative": false
    },
    {
        "date": "2020-09-11T09:45:19Z",
        "value": "0.943805579",
        "cumulative": false
    },
    {
        "date": "2020-09-11T09:45:38Z",
        "value": "0.938893037",
        "cumulative": false
    },
    {
        "date": "2020-09-11T09:45:54Z",
        "value": "0.912857178",
        "cumulative": false
    },
    {
        "date": "2020-09-11T09:46:07Z",
        "value": "0.940566671",
        "cumulative": false
    },
    {
        "date": "2020-09-11T09:46:26Z",
        "value": "0.931864265",
        "cumulative": false
    },
    {
        "date": "2020-09-11T09:46:42Z",
        "value": "0.914027754",
        "cumulative": false
    },
    {
        "date": "2020-09-11T09:46:53Z",
        "value": "0.949117715",
        "cumulative": false
    },
    {
        "date": "2020-09-11T09:47:07Z",
        "value": "0.933157476",
        "cumulative": false
    },
    {
        "date": "2020-09-11T09:47:20Z",
        "value": "0.931395087",
        "cumulative": false
    },
    {
        "date": "2020-09-11T09:47:38Z",
        "value": "0.954736759",
        "cumulative": false
    },
    {
        "date": "2020-09-11T09:47:53Z",
        "value": "0.927893851",
        "cumulative": false
    },
    {
        "date": "2020-09-11T09:48:13Z",
        "value": "0.644907779",
        "cumulative": false
    },
    {
        "date": "2020-09-11T09:48:32Z",
        "value": "0.567360511",
        "cumulative": false
    },
    {
        "date": "2020-09-11T09:48:42Z",
        "value": "0.617587601",
        "cumulative": false
    },
    {
        "date": "2020-09-11T09:48:55Z",
        "value": "0.55320943",
        "cumulative": false
    },
    {
        "date": "2020-09-11T09:49:11Z",
        "value": "0.59367873",
        "cumulative": false
    },
    {
        "date": "2020-09-11T09:49:24Z",
        "value": "0.632219444",
        "cumulative": false
    },
    {
        "date": "2020-09-11T09:49:44Z",
        "value": "0.59612305",
        "cumulative": false
    },
    {
        "date": "2020-09-11T09:50:00Z",
        "value": "0.556773903",
        "cumulative": false
    },
    {
        "date": "2020-09-11T09:50:17Z",
        "value": "0.824036667",
        "cumulative": false
    },
    {
        "date": "2020-09-11T09:50:28Z",
        "value": "0.921045223",
        "cumulative": false
    },
    {
        "date": "2020-09-11T09:50:42Z",
        "value": "0.926363828",
        "cumulative": false
    },
    {
        "date": "2020-09-11T09:50:56Z",
        "value": "0.89588552",
        "cumulative": false
    },
    {
        "date": "2020-09-11T09:51:12Z",
        "value": "0.93379017",
        "cumulative": false
    },
    {
        "date": "2020-09-11T09:51:27Z",
        "value": "0.926559203",
        "cumulative": false
    },
    {
        "date": "2020-09-11T09:51:44Z",
        "value": "0.933227713",
        "cumulative": false
    },
    {
        "date": "2020-09-11T09:51:57Z",
        "value": "0.93078864",
        "cumulative": false
    },
    {
        "date": "2020-09-11T09:52:16Z",
        "value": "0.950495115",
        "cumulative": false
    },
    {
        "date": "2020-09-11T09:52:36Z",
        "value": "0.925026816",
        "cumulative": false
    },
    {
        "date": "2020-09-11T09:52:47Z",
        "value": "0.957311049",
        "cumulative": false
    },
    {
        "date": "2020-09-11T09:53:00Z",
        "value": "0.909851529",
        "cumulative": false
    },
    {
        "date": "2020-09-11T09:53:13Z",
        "value": "0.94088836",
        "cumulative": false
    },
    {
        "date": "2020-09-11T09:53:32Z",
        "value": "0.928298275",
        "cumulative": false
    },
    {
        "date": "2020-09-11T09:53:50Z",
        "value": "0.959333419",
        "cumulative": false
    },
    {
        "date": "2020-09-11T09:54:06Z",
        "value": "0.941152332",
        "cumulative": false
    },
    {
        "date": "2020-09-11T09:54:24Z",
        "value": "0.851681048",
        "cumulative": false
    },
    {
        "date": "2020-09-11T09:54:38Z",
        "value": "0.584986045",
        "cumulative": false
    },
    {
        "date": "2020-09-11T09:54:51Z",
        "value": "0.584646549",
        "cumulative": false
    },
    {
        "date": "2020-09-11T09:55:02Z",
        "value": "0.55682676",
        "cumulative": false
    },
    {
        "date": "2020-09-11T09:55:20Z",
        "value": "0.623177062",
        "cumulative": false
    },
    {
        "date": "2020-09-11T09:55:30Z",
        "value": "0.631697761",
        "cumulative": false
    },
    {
        "date": "2020-09-11T09:55:47Z",
        "value": "0.65080058",
        "cumulative": false
    },
    {
        "date": "2020-09-11T09:56:04Z",
        "value": "0.57037619",
        "cumulative": false
    },
    {
        "date": "2020-09-11T09:56:22Z",
        "value": "0.580056756",
        "cumulative": false
    },
    {
        "date": "2020-09-11T09:56:35Z",
        "value": "0.643215829",
        "cumulative": false
    },
    {
        "date": "2020-09-11T09:56:54Z",
        "value": "0.618291245",
        "cumulative": false
    },
    {
        "date": "2020-09-11T09:57:09Z",
        "value": "0.876865774",
        "cumulative": false
    },
    {
        "date": "2020-09-11T09:57:27Z",
        "value": "0.948069614",
        "cumulative": false
    },
    {
        "date": "2020-09-11T09:57:45Z",
        "value": "0.950258001",
        "cumulative": false
    },
    {
        "date": "2020-09-11T09:58:00Z",
        "value": "0.949588171",
        "cumulative": false
    },
    {
        "date": "2020-09-11T09:58:14Z",
        "value": "0.939553947",
        "cumulative": false
    },
    {
        "date": "2020-09-11T09:58:28Z",
        "value": "0.961287121",
        "cumulative": false
    },
    {
        "date": "2020-09-11T09:58:41Z",
        "value": "0.941810542",
        "cumulative": false
    },
    {
        "date": "2020-09-11T09:58:58Z",
        "value": "0.944633021",
        "cumulative": false
    },
    {
        "date": "2020-09-11T09:59:12Z",
        "value": "0.936565888",
        "cumulative": false
    },
    {
        "date": "2020-09-11T09:59:27Z",
        "value": "0.921387864",
        "cumulative": false
    },
    {
        "date": "2020-09-11T09:59:41Z",
        "value": "0.923130806",
        "cumulative": false
    },
    {
        "date": "2020-09-11T09:59:55Z",
        "value": "0.923595484",
        "cumulative": false
    },
    {
        "date": "2020-09-11T10:00:05Z",
        "value": "0.928053478",
        "cumulative": false
    },
    {
        "date": "2020-09-11T10:00:21Z",
        "value": "0.942367252",
        "cumulative": false
    },
    {
        "date": "2020-09-11T10:00:40Z",
        "value": "0.929126837",
        "cumulative": false
    },
    {
        "date": "2020-09-11T10:00:52Z",
        "value": "0.947530092",
        "cumulative": false
    },
    {
        "date": "2020-09-11T10:01:10Z",
        "value": "0.946339954",
        "cumulative": false
    },
    {
        "date": "2020-09-11T10:01:21Z",
        "value": "0.96034568",
        "cumulative": false
    },
    {
        "date": "2020-09-11T10:01:33Z",
        "value": "0.89190085",
        "cumulative": false
    },
    {
        "date": "2020-09-11T10:01:43Z",
        "value": "0.938255743",
        "cumulative": false
    },
    {
        "date": "2020-09-11T10:01:57Z",
        "value": "0.948169465",
        "cumulative": false
    },
    {
        "date": "2020-09-11T10:02:14Z",
        "value": "0.914731931",
        "cumulative": false
    },
    {
        "date": "2020-09-11T10:02:27Z",
        "value": "0.674302999",
        "cumulative": false
    },
    {
        "date": "2020-09-11T10:02:38Z",
        "value": "0.565350367",
        "cumulative": false
    },
    {
        "date": "2020-09-11T10:02:49Z",
        "value": "0.563317244",
        "cumulative": false
    },
    {
        "date": "2020-09-11T10:03:07Z",
        "value": "0.63136294",
        "cumulative": false
    },
    {
        "date": "2020-09-11T10:03:20Z",
        "value": "0.634041048",
        "cumulative": false
    },
    {
        "date": "2020-09-11T10:03:34Z",
        "value": "0.60396262",
        "cumulative": false
    },
    {
        "date": "2020-09-11T10:03:44Z",
        "value": "0.579749366",
        "cumulative": false
    },
    {
        "date": "2020-09-11T10:03:58Z",
        "value": "0.650884821",
        "cumulative": false
    },
    {
        "date": "2020-09-11T10:04:13Z",
        "value": "0.585149633",
        "cumulative": false
    },
    {
        "date": "2020-09-11T10:04:27Z",
        "value": "0.659590596",
        "cumulative": false
    },
    {
        "date": "2020-09-11T10:04:43Z",
        "value": "0.627871099",
        "cumulative": false
    },
    {
        "date": "2020-09-11T10:05:00Z",
        "value": "0.63145651",
        "cumulative": false
    },
    {
        "date": "2020-09-11T10:05:11Z",
        "value": "0.609836061",
        "cumulative": false
    },
    {
        "date": "2020-09-11T10:05:23Z",
        "value": "0.500648546",
        "cumulative": false
    },
    {
        "date": "2020-09-11T10:05:36Z",
        "value": "0.719231393",
        "cumulative": false
    },
    {
        "date": "2020-09-11T10:05:49Z",
        "value": "0.901759441",
        "cumulative": false
    },
    {
        "date": "2020-09-11T10:06:06Z",
        "value": "0.957937488",
        "cumulative": false
    },
    {
        "date": "2020-09-11T10:06:16Z",
        "value": "0.919404298",
        "cumulative": false
    },
    {
        "date": "2020-09-11T10:06:28Z",
        "value": "0.951700104",
        "cumulative": false
    },
    {
        "date": "2020-09-11T10:06:40Z",
        "value": "0.92379439",
        "cumulative": false
    },
    {
        "date": "2020-09-11T10:06:55Z",
        "value": "0.924293612",
        "cumulative": false
    },
    {
        "date": "2020-09-11T10:07:07Z",
        "value": "0.968786083",
        "cumulative": false
    },
    {
        "date": "2020-09-11T10:07:23Z",
        "value": "0.944614141",
        "cumulative": false
    },
    {
        "date": "2020-09-11T10:07:39Z",
        "value": "0.90485858",
        "cumulative": false
    },
    {
        "date": "2020-09-11T10:07:50Z",
        "value": "0.933796872",
        "cumulative": false
    },
    {
        "date": "2020-09-11T10:08:01Z",
        "value": "0.920498532",
        "cumulative": false
    },
    {
        "date": "2020-09-11T10:08:17Z",
        "value": "0.911479277",
        "cumulative": false
    },
    {
        "date": "2020-09-11T10:08:33Z",
        "value": "0.90868494",
        "cumulative": false
    },
    {
        "date": "2020-09-11T10:08:50Z",
        "value": "0.950299629",
        "cumulative": false
    },
    {
        "date": "2020-09-11T10:09:03Z",
        "value": "0.931484909",
        "cumulative": false
    },
    {
        "date": "2020-09-11T10:09:17Z",
        "value": "0.90592085",
        "cumulative": false
    },
    {
        "date": "2020-09-11T10:09:33Z",
        "value": "0.940720812",
        "cumulative": false
    },
    {
        "date": "2020-09-11T10:09:45Z",
        "value": "0.927458411",
        "cumulative": false
    },
    {
        "date": "2020-09-11T10:09:56Z",
        "value": "0.960457832",
        "cumulative": false
    },
    {
        "date": "2020-09-11T10:10:15Z",
        "value": "0.917955587",
        "cumulative": false
    },
    {
        "date": "2020-09-11T10:10:34Z",
        "value": "0.929404111",
        "cumulative": false
    },
    {
        "date": "2020-09-11T10:10:53Z",
        "value": "0.935107672",
        "cumulative": false
    },
    {
        "date": "2020-09-11T10:11:10Z",
        "value": "0.931629089",
        "cumulative": false
    },
    {
        "date": "2020-09-11T10:11:27Z",
        "value": "0.917435986",
        "cumulative": false
    },
    {
        "date": "2020-09-11T10:11:44Z",
        "value": "0.945743109",
        "cumulative": false
    },
    {
        "date": "2020-09-11T10:11:58Z",
        "value": "0.906335902",
        "cumulative": false
    },
    {
        "date": "2020-09-11T10:12:14Z",
        "value": "0.946649385",
        "cumulative": false
    },
    {
        "date": "2020-09-11T10:12:25Z",
        "value": "0.7417459",
        "cumulative": false
    },
    {
        "date": "2020-09-11T10:12:44Z",
        "value": "0.591166365",
        "cumulative": false
    },
    {
        "date": "2020-09-11T10:13:03Z",
        "value": "0.625385276",
        "cumulative": false
    },
    {
        "date": "2020-09-11T10:13:13Z",
        "value": "0.576807477",
        "cumulative": false
    },
    {
        "date": "2020-09-11T10:13:29Z",
        "value": "0.572176813",
        "cumulative": false
    },
    {
        "date": "2020-09-11T10:13:46Z",
        "value": "0.578651382",
        "cumulative": false
    },
    {
        "date": "2020-09-11T10:13:58Z",
        "value": "0.665591871",
        "cumulative": false
    },
    {
        "date": "2020-09-11T10:14:13Z",
        "value": "0.659320075",
        "cumulative": false
    },
    {
        "date": "2020-09-11T10:14:33Z",
        "value": "0.600334019",
        "cumulative": false
    },
    {
        "date": "2020-09-11T10:14:51Z",
        "value": "0.586610428",
        "cumulative": false
    },
    {
        "date": "2020-09-11T10:15:10Z",
        "value": "0.62283991",
        "cumulative": false
    },
    {
        "date": "2020-09-11T10:15:27Z",
        "value": "0.597478547",
        "cumulative": false
    },
    {
        "date": "2020-09-11T10:15:44Z",
        "value": "0.625829749",
        "cumulative": false
    },
    {
        "date": "2020-09-11T10:16:00Z",
        "value": "0.599461162",
        "cumulative": false
    },
    {
        "date": "2020-09-11T10:16:17Z",
        "value": "0.586506649",
        "cumulative": false
    },
    {
        "date": "2020-09-11T10:16:36Z",
        "value": "0.696624892",
        "cumulative": false
    },
    {
        "date": "2020-09-11T10:16:54Z",
        "value": "0.923066596",
        "cumulative": false
    },
    {
        "date": "2020-09-11T10:17:10Z",
        "value": "0.920282716",
        "cumulative": false
    },
    {
        "date": "2020-09-11T10:17:27Z",
        "value": "0.933751057",
        "cumulative": false
    },
    {
        "date": "2020-09-11T10:17:44Z",
        "value": "0.944974504",
        "cumulative": false
    },
    {
        "date": "2020-09-11T10:18:00Z",
        "value": "0.942109986",
        "cumulative": false
    },
    {
        "date": "2020-09-11T10:18:18Z",
        "value": "0.930472561",
        "cumulative": false
    },
    {
        "date": "2020-09-11T10:18:32Z",
        "value": "0.926980332",
        "cumulative": false
    },
    {
        "date": "2020-09-11T10:18:48Z",
        "value": "0.895448201",
        "cumulative": false
    },
    {
        "date": "2020-09-11T10:19:04Z",
        "value": "0.944636486",
        "cumulative": false
    },
    {
        "date": "2020-09-11T10:19:21Z",
        "value": "0.925833087",
        "cumulative": false
    },
    {
        "date": "2020-09-11T10:19:37Z",
        "value": "0.923699034",
        "cumulative": false
    },
    {
        "date": "2020-09-11T10:19:50Z",
        "value": "0.914177942",
        "cumulative": false
    },
    {
        "date": "2020-09-11T10:20:07Z",
        "value": "0.918837148",
        "cumulative": false
    },
    {
        "date": "2020-09-11T10:20:20Z",
        "value": "0.935947997",
        "cumulative": false
    },
    {
        "date": "2020-09-11T10:20:33Z",
        "value": "0.882918448",
        "cumulative": false
    },
    {
        "date": "2020-09-11T10:20:49Z",
        "value": "0.927372379",
        "cumulative": false
    },
    {
        "date": "2020-09-11T10:21:09Z",
        "value": "0.891783237",
        "cumulative": false
    },
    {
        "date": "2020-09-11T10:21:20Z",
        "value": "0.928386002",
        "cumulative": false
    },
    {
        "date": "2020-09-11T10:21:38Z",
        "value": "0.896820192",
        "cumulative": false
    },
    {
        "date": "2020-09-11T10:21:50Z",
        "value": "0.866829492",
        "cumulative": false
    },
    {
        "date": "2020-09-11T10:22:10Z",
        "value": "0.917180309",
        "cumulative": false
    },
    {
        "date": "2020-09-11T10:22:28Z",
        "value": "0.895658852",
        "cumulative": false
    },
    {
        "date": "2020-09-11T10:22:40Z",
        "value": "0.945230037",
        "cumulative": false
    },
    {
        "date": "2020-09-11T10:22:56Z",
        "value": "0.912119137",
        "cumulative": false
    },
    {
        "date": "2020-09-11T10:23:12Z",
        "value": "0.900985489",
        "cumulative": false
    },
    {
        "date": "2020-09-11T10:23:23Z",
        "value": "0.931793269",
        "cumulative": false
    },
    {
        "date": "2020-09-11T10:23:41Z",
        "value": "0.919839021",
        "cumulative": false
    },
    {
        "date": "2020-09-11T10:23:52Z",
        "value": "0.898656595",
        "cumulative": false
    },
    {
        "date": "2020-09-11T10:24:03Z",
        "value": "0.91976321",
        "cumulative": false
    },
    {
        "date": "2020-09-11T10:24:14Z",
        "value": "0.911984115",
        "cumulative": false
    },
    {
        "date": "2020-09-11T10:24:24Z",
        "value": "0.925809256",
        "cumulative": false
    },
    {
        "date": "2020-09-11T10:24:43Z",
        "value": "0.862254348",
        "cumulative": false
    },
    {
        "date": "2020-09-11T10:25:01Z",
        "value": "0.94421738",
        "cumulative": false
    },
    {
        "date": "2020-09-11T10:25:12Z",
        "value": "0.491035044",
        "cumulative": false
    }
]