[
    {
        "date": "2020-09-11T09:20:45Z",
        "value": "1.7109375",
        "cumulative": false
    },
    {
        "date": "2020-09-11T09:21:00Z",
        "value": "2.7578125",
        "cumulative": false
    },
    {
        "date": "2020-09-11T09:21:18Z",
        "value": "2.7578125",
        "cumulative": false
    },
    {
        "date": "2020-09-11T09:21:45Z",
        "value": "2.7578125",
        "cumulative": false
    },
    {
        "date": "2020-09-11T09:21:59Z",
        "value": "2.7578125",
        "cumulative": false
    },
    {
        "date": "2020-09-11T09:22:10Z",
        "value": "2.7578125",
        "cumulative": false
    },
    {
        "date": "2020-09-11T09:22:28Z",
        "value": "2.7578125",
        "cumulative": false
    },
    {
        "date": "2020-09-11T09:22:38Z",
        "value": "2.7578125",
        "cumulative": false
    },
    {
        "date": "2020-09-11T09:23:06Z",
        "value": "112.92578125",
        "cumulative": false
    },
    {
        "date": "2020-09-11T09:23:17Z",
        "value": "112.8359375",
        "cumulative": false
    },
    {
        "date": "2020-09-11T09:23:28Z",
        "value": "112.88671875",
        "cumulative": false
    },
    {
        "date": "2020-09-11T09:23:38Z",
        "value": "113.0234375",
        "cumulative": false
    },
    {
        "date": "2020-09-11T09:23:57Z",
        "value": "114.1953125",
        "cumulative": false
    },
    {
        "date": "2020-09-11T09:24:08Z",
        "value": "116.2421875",
        "cumulative": false
    },
    {
        "date": "2020-09-11T09:24:23Z",
        "value": "122.25",
        "cumulative": false
    },
    {
        "date": "2020-09-11T09:24:40Z",
        "value": "116.9375",
        "cumulative": false
    },
    {
        "date": "2020-09-11T09:24:51Z",
        "value": "126.1015625",
        "cumulative": false
    },
    {
        "date": "2020-09-11T09:25:05Z",
        "value": "129.30859375",
        "cumulative": false
    },
    {
        "date": "2020-09-11T09:25:18Z",
        "value": "133.59765625",
        "cumulative": false
    },
    {
        "date": "2020-09-11T09:25:36Z",
        "value": "139.01171875",
        "cumulative": false
    },
    {
        "date": "2020-09-11T09:25:54Z",
        "value": "134.20703125",
        "cumulative": false
    },
    {
        "date": "2020-09-11T09:26:09Z",
        "value": "124.08203125",
        "cumulative": false
    },
    {
        "date": "2020-09-11T09:26:28Z",
        "value": "171.96484375",
        "cumulative": false
    },
    {
        "date": "2020-09-11T09:26:47Z",
        "value": "153.6328125",
        "cumulative": false
    },
    {
        "date": "2020-09-11T09:27:07Z",
        "value": "186.73828125",
        "cumulative": false
    },
    {
        "date": "2020-09-11T09:27:25Z",
        "value": "175.25",
        "cumulative": false
    },
    {
        "date": "2020-09-11T09:27:44Z",
        "value": "175.71484375",
        "cumulative": false
    },
    {
        "date": "2020-09-11T09:27:56Z",
        "value": "175.67578125",
        "cumulative": false
    },
    {
        "date": "2020-09-11T09:28:11Z",
        "value": "175.6796875",
        "cumulative": false
    },
    {
        "date": "2020-09-11T09:28:27Z",
        "value": "175.6796875",
        "cumulative": false
    },
    {
        "date": "2020-09-11T09:28:39Z",
        "value": "154.25",
        "cumulative": false
    },
    {
        "date": "2020-09-11T09:28:52Z",
        "value": "154.25",
        "cumulative": false
    },
    {
        "date": "2020-09-11T09:29:11Z",
        "value": "209.78515625",
        "cumulative": false
    },
    {
        "date": "2020-09-11T09:29:27Z",
        "value": "191.125",
        "cumulative": false
    },
    {
        "date": "2020-09-11T09:29:41Z",
        "value": "209.78515625",
        "cumulative": false
    },
    {
        "date": "2020-09-11T09:29:59Z",
        "value": "182.4609375",
        "cumulative": false
    },
    {
        "date": "2020-09-11T09:30:12Z",
        "value": "193.2109375",
        "cumulative": false
    },
    {
        "date": "2020-09-11T09:30:22Z",
        "value": "151.58203125",
        "cumulative": false
    },
    {
        "date": "2020-09-11T09:30:32Z",
        "value": "210.6484375",
        "cumulative": false
    },
    {
        "date": "2020-09-11T09:30:43Z",
        "value": "210.6484375",
        "cumulative": false
    },
    {
        "date": "2020-09-11T09:31:00Z",
        "value": "210.6484375",
        "cumulative": false
    },
    {
        "date": "2020-09-11T09:31:17Z",
        "value": "210.6484375",
        "cumulative": false
    },
    {
        "date": "2020-09-11T09:31:29Z",
        "value": "176.27734375",
        "cumulative": false
    },
    {
        "date": "2020-09-11T09:31:39Z",
        "value": "176.27734375",
        "cumulative": false
    },
    {
        "date": "2020-09-11T09:31:50Z",
        "value": "219.84375",
        "cumulative": false
    },
    {
        "date": "2020-09-11T09:32:10Z",
        "value": "176.16015625",
        "cumulative": false
    },
    {
        "date": "2020-09-11T09:32:27Z",
        "value": "235.34375",
        "cumulative": false
    },
    {
        "date": "2020-09-11T09:32:38Z",
        "value": "235.26171875",
        "cumulative": false
    },
    {
        "date": "2020-09-11T09:32:50Z",
        "value": "235.3671875",
        "cumulative": false
    },
    {
        "date": "2020-09-11T09:33:09Z",
        "value": "205.671875",
        "cumulative": false
    },
    {
        "date": "2020-09-11T09:33:22Z",
        "value": "238.46484375",
        "cumulative": false
    },
    {
        "date": "2020-09-11T09:33:40Z",
        "value": "191.8125",
        "cumulative": false
    },
    {
        "date": "2020-09-11T09:33:56Z",
        "value": "191.83984375",
        "cumulative": false
    },
    {
        "date": "2020-09-11T09:34:11Z",
        "value": "204.7421875",
        "cumulative": false
    },
    {
        "date": "2020-09-11T09:34:28Z",
        "value": "154.39453125",
        "cumulative": false
    },
    {
        "date": "2020-09-11T09:34:39Z",
        "value": "154.45703125",
        "cumulative": false
    },
    {
        "date": "2020-09-11T09:34:57Z",
        "value": "154.6328125",
        "cumulative": false
    },
    {
        "date": "2020-09-11T09:35:10Z",
        "value": "181.3046875",
        "cumulative": false
    },
    {
        "date": "2020-09-11T09:35:29Z",
        "value": "169.6796875",
        "cumulative": false
    },
    {
        "date": "2020-09-11T09:35:43Z",
        "value": "154.46484375",
        "cumulative": false
    },
    {
        "date": "2020-09-11T09:35:54Z",
        "value": "211.46484375",
        "cumulative": false
    },
    {
        "date": "2020-09-11T09:36:06Z",
        "value": "211.43359375",
        "cumulative": false
    },
    {
        "date": "2020-09-11T09:36:19Z",
        "value": "211.43359375",
        "cumulative": false
    },
    {
        "date": "2020-09-11T09:36:31Z",
        "value": "288.90234375",
        "cumulative": false
    },
    {
        "date": "2020-09-11T09:36:49Z",
        "value": "264.40234375",
        "cumulative": false
    },
    {
        "date": "2020-09-11T09:37:05Z",
        "value": "164.23046875",
        "cumulative": false
    },
    {
        "date": "2020-09-11T09:37:21Z",
        "value": "164.23046875",
        "cumulative": false
    },
    {
        "date": "2020-09-11T09:37:31Z",
        "value": "164.23046875",
        "cumulative": false
    },
    {
        "date": "2020-09-11T09:37:44Z",
        "value": "164.23046875",
        "cumulative": false
    },
    {
        "date": "2020-09-11T09:37:54Z",
        "value": "283.23046875",
        "cumulative": false
    },
    {
        "date": "2020-09-11T09:38:06Z",
        "value": "270.98046875",
        "cumulative": false
    },
    {
        "date": "2020-09-11T09:38:21Z",
        "value": "186.85546875",
        "cumulative": false
    },
    {
        "date": "2020-09-11T09:38:40Z",
        "value": "277.48046875",
        "cumulative": false
    },
    {
        "date": "2020-09-11T09:38:57Z",
        "value": "236.46484375",
        "cumulative": false
    },
    {
        "date": "2020-09-11T09:39:07Z",
        "value": "236.21484375",
        "cumulative": false
    },
    {
        "date": "2020-09-11T09:39:20Z",
        "value": "236.22265625",
        "cumulative": false
    },
    {
        "date": "2020-09-11T09:39:38Z",
        "value": "335.08984375",
        "cumulative": false
    },
    {
        "date": "2020-09-11T09:39:50Z",
        "value": "236.22265625",
        "cumulative": false
    },
    {
        "date": "2020-09-11T09:40:01Z",
        "value": "236.22265625",
        "cumulative": false
    },
    {
        "date": "2020-09-11T09:40:16Z",
        "value": "176.65625",
        "cumulative": false
    },
    {
        "date": "2020-09-11T09:40:31Z",
        "value": "295.91015625",
        "cumulative": false
    },
    {
        "date": "2020-09-11T09:40:45Z",
        "value": "299.65625",
        "cumulative": false
    },
    {
        "date": "2020-09-11T09:41:05Z",
        "value": "176.66015625",
        "cumulative": false
    },
    {
        "date": "2020-09-11T09:41:25Z",
        "value": "232.16015625",
        "cumulative": false
    },
    {
        "date": "2020-09-11T09:41:40Z",
        "value": "176.66015625",
        "cumulative": false
    },
    {
        "date": "2020-09-11T09:41:58Z",
        "value": "294.40625",
        "cumulative": false
    },
    {
        "date": "2020-09-11T09:42:15Z",
        "value": "176.66015625",
        "cumulative": false
    },
    {
        "date": "2020-09-11T09:42:29Z",
        "value": "176.65625",
        "cumulative": false
    },
    {
        "date": "2020-09-11T09:42:46Z",
        "value": "176.65625",
        "cumulative": false
    },
    {
        "date": "2020-09-11T09:43:00Z",
        "value": "267.5",
        "cumulative": false
    },
    {
        "date": "2020-09-11T09:43:11Z",
        "value": "267.50390625",
        "cumulative": false
    },
    {
        "date": "2020-09-11T09:43:22Z",
        "value": "292.5",
        "cumulative": false
    },
    {
        "date": "2020-09-11T09:43:35Z",
        "value": "267.59765625",
        "cumulative": false
    },
    {
        "date": "2020-09-11T09:43:46Z",
        "value": "267.50390625",
        "cumulative": false
    },
    {
        "date": "2020-09-11T09:44:03Z",
        "value": "345.1640625",
        "cumulative": false
    },
    {
        "date": "2020-09-11T09:44:19Z",
        "value": "267.6328125",
        "cumulative": false
    },
    {
        "date": "2020-09-11T09:44:32Z",
        "value": "267.59765625",
        "cumulative": false
    },
    {
        "date": "2020-09-11T09:44:42Z",
        "value": "405.4296875",
        "cumulative": false
    },
    {
        "date": "2020-09-11T09:44:53Z",
        "value": "192.3046875",
        "cumulative": false
    },
    {
        "date": "2020-09-11T09:45:08Z",
        "value": "212.42578125",
        "cumulative": false
    },
    {
        "date": "2020-09-11T09:45:21Z",
        "value": "192.3046875",
        "cumulative": false
    },
    {
        "date": "2020-09-11T09:45:36Z",
        "value": "192.30078125",
        "cumulative": false
    },
    {
        "date": "2020-09-11T09:45:53Z",
        "value": "192.30078125",
        "cumulative": false
    },
    {
        "date": "2020-09-11T09:46:09Z",
        "value": "192.30078125",
        "cumulative": false
    },
    {
        "date": "2020-09-11T09:46:23Z",
        "value": "342.8046875",
        "cumulative": false
    },
    {
        "date": "2020-09-11T09:46:43Z",
        "value": "192.3046875",
        "cumulative": false
    },
    {
        "date": "2020-09-11T09:47:03Z",
        "value": "192.32421875",
        "cumulative": false
    },
    {
        "date": "2020-09-11T09:47:16Z",
        "value": "192.3046875",
        "cumulative": false
    },
    {
        "date": "2020-09-11T09:47:31Z",
        "value": "192.3046875",
        "cumulative": false
    },
    {
        "date": "2020-09-11T09:47:43Z",
        "value": "192.32421875",
        "cumulative": false
    },
    {
        "date": "2020-09-11T09:47:57Z",
        "value": "307.2109375",
        "cumulative": false
    },
    {
        "date": "2020-09-11T09:48:16Z",
        "value": "474.25",
        "cumulative": false
    },
    {
        "date": "2020-09-11T09:48:32Z",
        "value": "412.0",
        "cumulative": false
    },
    {
        "date": "2020-09-11T09:48:46Z",
        "value": "307.1015625",
        "cumulative": false
    },
    {
        "date": "2020-09-11T09:49:01Z",
        "value": "307.1015625",
        "cumulative": false
    },
    {
        "date": "2020-09-11T09:49:18Z",
        "value": "319.875",
        "cumulative": false
    },
    {
        "date": "2020-09-11T09:49:35Z",
        "value": "316.375",
        "cumulative": false
    },
    {
        "date": "2020-09-11T09:49:49Z",
        "value": "307.1015625",
        "cumulative": false
    },
    {
        "date": "2020-09-11T09:49:59Z",
        "value": "307.0859375",
        "cumulative": false
    },
    {
        "date": "2020-09-11T09:50:16Z",
        "value": "212.0546875",
        "cumulative": false
    },
    {
        "date": "2020-09-11T09:50:29Z",
        "value": "212.08984375",
        "cumulative": false
    },
    {
        "date": "2020-09-11T09:50:45Z",
        "value": "212.05078125",
        "cumulative": false
    },
    {
        "date": "2020-09-11T09:51:02Z",
        "value": "240.80078125",
        "cumulative": false
    },
    {
        "date": "2020-09-11T09:51:21Z",
        "value": "212.22265625",
        "cumulative": false
    },
    {
        "date": "2020-09-11T09:51:31Z",
        "value": "212.05078125",
        "cumulative": false
    },
    {
        "date": "2020-09-11T09:51:47Z",
        "value": "212.05078125",
        "cumulative": false
    },
    {
        "date": "2020-09-11T09:52:04Z",
        "value": "212.08984375",
        "cumulative": false
    },
    {
        "date": "2020-09-11T09:52:18Z",
        "value": "398.92578125",
        "cumulative": false
    },
    {
        "date": "2020-09-11T09:52:29Z",
        "value": "448.92578125",
        "cumulative": false
    },
    {
        "date": "2020-09-11T09:52:41Z",
        "value": "471.9296875",
        "cumulative": false
    },
    {
        "date": "2020-09-11T09:53:00Z",
        "value": "212.0546875",
        "cumulative": false
    },
    {
        "date": "2020-09-11T09:53:14Z",
        "value": "403.80078125",
        "cumulative": false
    },
    {
        "date": "2020-09-11T09:53:28Z",
        "value": "212.05078125",
        "cumulative": false
    },
    {
        "date": "2020-09-11T09:53:41Z",
        "value": "212.08984375",
        "cumulative": false
    },
    {
        "date": "2020-09-11T09:53:54Z",
        "value": "212.05078125",
        "cumulative": false
    },
    {
        "date": "2020-09-11T09:54:05Z",
        "value": "449.55078125",
        "cumulative": false
    },
    {
        "date": "2020-09-11T09:54:17Z",
        "value": "224.8046875",
        "cumulative": false
    },
    {
        "date": "2020-09-11T09:54:31Z",
        "value": "356.88671875",
        "cumulative": false
    },
    {
        "date": "2020-09-11T09:54:51Z",
        "value": "357.00390625",
        "cumulative": false
    },
    {
        "date": "2020-09-11T09:55:04Z",
        "value": "535.51171875",
        "cumulative": false
    },
    {
        "date": "2020-09-11T09:55:17Z",
        "value": "488.265625",
        "cumulative": false
    },
    {
        "date": "2020-09-11T09:55:34Z",
        "value": "414.88671875",
        "cumulative": false
    },
    {
        "date": "2020-09-11T09:55:47Z",
        "value": "356.890625",
        "cumulative": false
    },
    {
        "date": "2020-09-11T09:56:05Z",
        "value": "471.140625",
        "cumulative": false
    },
    {
        "date": "2020-09-11T09:56:23Z",
        "value": "357.00390625",
        "cumulative": false
    },
    {
        "date": "2020-09-11T09:56:34Z",
        "value": "357.00390625",
        "cumulative": false
    },
    {
        "date": "2020-09-11T09:56:45Z",
        "value": "356.890625",
        "cumulative": false
    },
    {
        "date": "2020-09-11T09:57:04Z",
        "value": "237.01171875",
        "cumulative": false
    },
    {
        "date": "2020-09-11T09:57:22Z",
        "value": "237.01171875",
        "cumulative": false
    },
    {
        "date": "2020-09-11T09:57:41Z",
        "value": "237.01171875",
        "cumulative": false
    },
    {
        "date": "2020-09-11T09:57:57Z",
        "value": "237.01171875",
        "cumulative": false
    },
    {
        "date": "2020-09-11T09:58:17Z",
        "value": "349.01171875",
        "cumulative": false
    },
    {
        "date": "2020-09-11T09:58:33Z",
        "value": "450.38671875",
        "cumulative": false
    },
    {
        "date": "2020-09-11T09:58:43Z",
        "value": "237.01171875",
        "cumulative": false
    },
    {
        "date": "2020-09-11T09:59:01Z",
        "value": "503.01171875",
        "cumulative": false
    },
    {
        "date": "2020-09-11T09:59:19Z",
        "value": "237.01171875",
        "cumulative": false
    },
    {
        "date": "2020-09-11T09:59:35Z",
        "value": "237.01171875",
        "cumulative": false
    },
    {
        "date": "2020-09-11T09:59:52Z",
        "value": "237.01171875",
        "cumulative": false
    },
    {
        "date": "2020-09-11T10:00:05Z",
        "value": "237.01171875",
        "cumulative": false
    },
    {
        "date": "2020-09-11T10:00:20Z",
        "value": "237.01171875",
        "cumulative": false
    },
    {
        "date": "2020-09-11T10:00:38Z",
        "value": "474.76171875",
        "cumulative": false
    },
    {
        "date": "2020-09-11T10:00:50Z",
        "value": "353.26171875",
        "cumulative": false
    },
    {
        "date": "2020-09-11T10:01:02Z",
        "value": "237.01171875",
        "cumulative": false
    },
    {
        "date": "2020-09-11T10:01:13Z",
        "value": "587.76171875",
        "cumulative": false
    },
    {
        "date": "2020-09-11T10:01:29Z",
        "value": "504.26171875",
        "cumulative": false
    },
    {
        "date": "2020-09-11T10:01:49Z",
        "value": "237.01171875",
        "cumulative": false
    },
    {
        "date": "2020-09-11T10:02:04Z",
        "value": "528.13671875",
        "cumulative": false
    },
    {
        "date": "2020-09-11T10:02:19Z",
        "value": "514.6015625",
        "cumulative": false
    },
    {
        "date": "2020-09-11T10:02:36Z",
        "value": "541.15625",
        "cumulative": false
    },
    {
        "date": "2020-09-11T10:02:56Z",
        "value": "428.7265625",
        "cumulative": false
    },
    {
        "date": "2020-09-11T10:03:09Z",
        "value": "419.8515625",
        "cumulative": false
    },
    {
        "date": "2020-09-11T10:03:19Z",
        "value": "419.87890625",
        "cumulative": false
    },
    {
        "date": "2020-09-11T10:03:37Z",
        "value": "419.8515625",
        "cumulative": false
    },
    {
        "date": "2020-09-11T10:03:53Z",
        "value": "568.2265625",
        "cumulative": false
    },
    {
        "date": "2020-09-11T10:04:11Z",
        "value": "419.8515625",
        "cumulative": false
    },
    {
        "date": "2020-09-11T10:04:30Z",
        "value": "419.8515625",
        "cumulative": false
    },
    {
        "date": "2020-09-11T10:04:49Z",
        "value": "697.2265625",
        "cumulative": false
    },
    {
        "date": "2020-09-11T10:05:03Z",
        "value": "419.8515625",
        "cumulative": false
    },
    {
        "date": "2020-09-11T10:05:17Z",
        "value": "419.8515625",
        "cumulative": false
    },
    {
        "date": "2020-09-11T10:05:34Z",
        "value": "268.48828125",
        "cumulative": false
    },
    {
        "date": "2020-09-11T10:05:54Z",
        "value": "554.23828125",
        "cumulative": false
    },
    {
        "date": "2020-09-11T10:06:09Z",
        "value": "268.48828125",
        "cumulative": false
    },
    {
        "date": "2020-09-11T10:06:23Z",
        "value": "268.48828125",
        "cumulative": false
    },
    {
        "date": "2020-09-11T10:06:43Z",
        "value": "268.55859375",
        "cumulative": false
    },
    {
        "date": "2020-09-11T10:07:02Z",
        "value": "328.1171875",
        "cumulative": false
    },
    {
        "date": "2020-09-11T10:07:19Z",
        "value": "268.48828125",
        "cumulative": false
    },
    {
        "date": "2020-09-11T10:07:39Z",
        "value": "604.23828125",
        "cumulative": false
    },
    {
        "date": "2020-09-11T10:07:59Z",
        "value": "384.8671875",
        "cumulative": false
    },
    {
        "date": "2020-09-11T10:08:13Z",
        "value": "268.4921875",
        "cumulative": false
    },
    {
        "date": "2020-09-11T10:08:25Z",
        "value": "268.48828125",
        "cumulative": false
    },
    {
        "date": "2020-09-11T10:08:39Z",
        "value": "268.4921875",
        "cumulative": false
    },
    {
        "date": "2020-09-11T10:08:55Z",
        "value": "268.4921875",
        "cumulative": false
    },
    {
        "date": "2020-09-11T10:09:08Z",
        "value": "362.48828125",
        "cumulative": false
    },
    {
        "date": "2020-09-11T10:09:25Z",
        "value": "268.53125",
        "cumulative": false
    },
    {
        "date": "2020-09-11T10:09:35Z",
        "value": "268.4921875",
        "cumulative": false
    },
    {
        "date": "2020-09-11T10:09:55Z",
        "value": "268.48828125",
        "cumulative": false
    },
    {
        "date": "2020-09-11T10:10:10Z",
        "value": "701.4921875",
        "cumulative": false
    },
    {
        "date": "2020-09-11T10:10:22Z",
        "value": "680.48828125",
        "cumulative": false
    },
    {
        "date": "2020-09-11T10:10:39Z",
        "value": "268.53125",
        "cumulative": false
    },
    {
        "date": "2020-09-11T10:10:50Z",
        "value": "653.2421875",
        "cumulative": false
    },
    {
        "date": "2020-09-11T10:11:05Z",
        "value": "268.4921875",
        "cumulative": false
    },
    {
        "date": "2020-09-11T10:11:15Z",
        "value": "268.53125",
        "cumulative": false
    },
    {
        "date": "2020-09-11T10:11:30Z",
        "value": "387.9921875",
        "cumulative": false
    },
    {
        "date": "2020-09-11T10:11:49Z",
        "value": "268.48828125",
        "cumulative": false
    },
    {
        "date": "2020-09-11T10:12:00Z",
        "value": "268.4921875",
        "cumulative": false
    },
    {
        "date": "2020-09-11T10:12:12Z",
        "value": "268.53125",
        "cumulative": false
    },
    {
        "date": "2020-09-11T10:12:25Z",
        "value": "499.37890625",
        "cumulative": false
    },
    {
        "date": "2020-09-11T10:12:43Z",
        "value": "499.34765625",
        "cumulative": false
    },
    {
        "date": "2020-09-11T10:12:57Z",
        "value": "813.59375",
        "cumulative": false
    },
    {
        "date": "2020-09-11T10:13:09Z",
        "value": "499.34765625",
        "cumulative": false
    },
    {
        "date": "2020-09-11T10:13:24Z",
        "value": "499.34765625",
        "cumulative": false
    },
    {
        "date": "2020-09-11T10:13:41Z",
        "value": "499.34375",
        "cumulative": false
    },
    {
        "date": "2020-09-11T10:13:53Z",
        "value": "869.37890625",
        "cumulative": false
    },
    {
        "date": "2020-09-11T10:14:07Z",
        "value": "557.00390625",
        "cumulative": false
    },
    {
        "date": "2020-09-11T10:14:25Z",
        "value": "499.34375",
        "cumulative": false
    },
    {
        "date": "2020-09-11T10:14:35Z",
        "value": "499.34375",
        "cumulative": false
    },
    {
        "date": "2020-09-11T10:14:54Z",
        "value": "763.22265625",
        "cumulative": false
    },
    {
        "date": "2020-09-11T10:15:13Z",
        "value": "499.37890625",
        "cumulative": false
    },
    {
        "date": "2020-09-11T10:15:25Z",
        "value": "499.34375",
        "cumulative": false
    },
    {
        "date": "2020-09-11T10:15:41Z",
        "value": "499.34375",
        "cumulative": false
    },
    {
        "date": "2020-09-11T10:15:54Z",
        "value": "811.72265625",
        "cumulative": false
    },
    {
        "date": "2020-09-11T10:16:11Z",
        "value": "499.34375",
        "cumulative": false
    },
    {
        "date": "2020-09-11T10:16:30Z",
        "value": "211.6171875",
        "cumulative": false
    },
    {
        "date": "2020-09-11T10:16:45Z",
        "value": "308.2421875",
        "cumulative": false
    },
    {
        "date": "2020-09-11T10:17:02Z",
        "value": "308.34765625",
        "cumulative": false
    },
    {
        "date": "2020-09-11T10:17:19Z",
        "value": "308.23828125",
        "cumulative": false
    },
    {
        "date": "2020-09-11T10:17:36Z",
        "value": "308.2421875",
        "cumulative": false
    },
    {
        "date": "2020-09-11T10:17:53Z",
        "value": "308.2421875",
        "cumulative": false
    },
    {
        "date": "2020-09-11T10:18:06Z",
        "value": "308.2421875",
        "cumulative": false
    },
    {
        "date": "2020-09-11T10:18:25Z",
        "value": "308.2421875",
        "cumulative": false
    },
    {
        "date": "2020-09-11T10:18:39Z",
        "value": "834.7421875",
        "cumulative": false
    },
    {
        "date": "2020-09-11T10:18:50Z",
        "value": "308.4140625",
        "cumulative": false
    },
    {
        "date": "2020-09-11T10:19:06Z",
        "value": "308.2421875",
        "cumulative": false
    },
    {
        "date": "2020-09-11T10:19:25Z",
        "value": "308.2421875",
        "cumulative": false
    },
    {
        "date": "2020-09-11T10:19:43Z",
        "value": "308.23828125",
        "cumulative": false
    },
    {
        "date": "2020-09-11T10:19:56Z",
        "value": "764.48828125",
        "cumulative": false
    },
    {
        "date": "2020-09-11T10:20:09Z",
        "value": "308.2421875",
        "cumulative": false
    },
    {
        "date": "2020-09-11T10:20:23Z",
        "value": "308.23828125",
        "cumulative": false
    },
    {
        "date": "2020-09-11T10:20:37Z",
        "value": "635.73828125",
        "cumulative": false
    },
    {
        "date": "2020-09-11T10:20:54Z",
        "value": "308.23828125",
        "cumulative": false
    },
    {
        "date": "2020-09-11T10:21:05Z",
        "value": "308.23828125",
        "cumulative": false
    },
    {
        "date": "2020-09-11T10:21:19Z",
        "value": "799.96484375",
        "cumulative": false
    },
    {
        "date": "2020-09-11T10:21:31Z",
        "value": "308.2421875",
        "cumulative": false
    },
    {
        "date": "2020-09-11T10:21:47Z",
        "value": "308.23828125",
        "cumulative": false
    },
    {
        "date": "2020-09-11T10:22:04Z",
        "value": "308.2421875",
        "cumulative": false
    },
    {
        "date": "2020-09-11T10:22:19Z",
        "value": "308.23828125",
        "cumulative": false
    },
    {
        "date": "2020-09-11T10:22:36Z",
        "value": "308.2421875",
        "cumulative": false
    },
    {
        "date": "2020-09-11T10:22:52Z",
        "value": "308.23828125",
        "cumulative": false
    },
    {
        "date": "2020-09-11T10:23:03Z",
        "value": "588.61328125",
        "cumulative": false
    },
    {
        "date": "2020-09-11T10:23:20Z",
        "value": "308.34375",
        "cumulative": false
    },
    {
        "date": "2020-09-11T10:23:33Z",
        "value": "308.23828125",
        "cumulative": false
    },
    {
        "date": "2020-09-11T10:23:47Z",
        "value": "308.2421875",
        "cumulative": false
    },
    {
        "date": "2020-09-11T10:24:00Z",
        "value": "621.4921875",
        "cumulative": false
    },
    {
        "date": "2020-09-11T10:24:19Z",
        "value": "308.2421875",
        "cumulative": false
    },
    {
        "date": "2020-09-11T10:24:36Z",
        "value": "519.61328125",
        "cumulative": false
    },
    {
        "date": "2020-09-11T10:24:47Z",
        "value": "560.86328125",
        "cumulative": false
    },
    {
        "date": "2020-09-11T10:25:00Z",
        "value": "308.2421875",
        "cumulative": false
    },
    {
        "date": "2020-09-11T10:25:17Z",
        "value": "117.12109375",
        "cumulative": false
    }
]