[
    {
        "date": "2020-09-11T09:20:54Z",
        "value": "0.0009593963623046875",
        "cumulative": true
    },
    {
        "date": "2020-09-11T09:21:06Z",
        "value": "0.0009593963623046875",
        "cumulative": true
    },
    {
        "date": "2020-09-11T09:21:36Z",
        "value": "0.0009593963623046875",
        "cumulative": true
    },
    {
        "date": "2020-09-11T09:21:56Z",
        "value": "0.0009593963623046875",
        "cumulative": true
    },
    {
        "date": "2020-09-11T09:22:17Z",
        "value": "0.0009593963623046875",
        "cumulative": true
    },
    {
        "date": "2020-09-11T09:22:28Z",
        "value": "0.0009593963623046875",
        "cumulative": true
    },
    {
        "date": "2020-09-11T09:22:58Z",
        "value": "0.0009593963623046875",
        "cumulative": true
    },
    {
        "date": "2020-09-11T09:23:13Z",
        "value": "7.300226211547852",
        "cumulative": true
    },
    {
        "date": "2020-09-11T09:23:26Z",
        "value": "32.47100067138672",
        "cumulative": true
    },
    {
        "date": "2020-09-11T09:23:43Z",
        "value": "93.83831310272217",
        "cumulative": true
    },
    {
        "date": "2020-09-11T09:23:55Z",
        "value": "349.08795166015625",
        "cumulative": true
    },
    {
        "date": "2020-09-11T09:24:12Z",
        "value": "1831.43674659729",
        "cumulative": true
    },
    {
        "date": "2020-09-11T09:24:24Z",
        "value": "3387.8707962036133",
        "cumulative": true
    },
    {
        "date": "2020-09-11T09:24:36Z",
        "value": "4624.04074382782",
        "cumulative": true
    },
    {
        "date": "2020-09-11T09:24:49Z",
        "value": "6679.4096422195435",
        "cumulative": true
    },
    {
        "date": "2020-09-11T09:25:03Z",
        "value": "8612.259479522705",
        "cumulative": true
    },
    {
        "date": "2020-09-11T09:25:15Z",
        "value": "9801.987803459167",
        "cumulative": true
    },
    {
        "date": "2020-09-11T09:25:34Z",
        "value": "12523.858025550842",
        "cumulative": true
    },
    {
        "date": "2020-09-11T09:25:52Z",
        "value": "14683.170990943909",
        "cumulative": true
    },
    {
        "date": "2020-09-11T09:26:06Z",
        "value": "17499.641414642334",
        "cumulative": true
    },
    {
        "date": "2020-09-11T09:26:26Z",
        "value": "19477.644059181213",
        "cumulative": true
    },
    {
        "date": "2020-09-11T09:26:38Z",
        "value": "22104.11159324646",
        "cumulative": true
    },
    {
        "date": "2020-09-11T09:26:49Z",
        "value": "22834.8936252594",
        "cumulative": true
    },
    {
        "date": "2020-09-11T09:27:07Z",
        "value": "26185.035948753357",
        "cumulative": true
    },
    {
        "date": "2020-09-11T09:27:24Z",
        "value": "28357.022241592407",
        "cumulative": true
    },
    {
        "date": "2020-09-11T09:27:42Z",
        "value": "29648.09360218048",
        "cumulative": true
    },
    {
        "date": "2020-09-11T09:27:54Z",
        "value": "33060.36436367035",
        "cumulative": true
    },
    {
        "date": "2020-09-11T09:28:10Z",
        "value": "35469.219378471375",
        "cumulative": true
    },
    {
        "date": "2020-09-11T09:28:21Z",
        "value": "36276.60048007965",
        "cumulative": true
    },
    {
        "date": "2020-09-11T09:28:35Z",
        "value": "37307.460616111755",
        "cumulative": true
    },
    {
        "date": "2020-09-11T09:28:48Z",
        "value": "40197.16461658478",
        "cumulative": true
    },
    {
        "date": "2020-09-11T09:29:03Z",
        "value": "43909.63732910156",
        "cumulative": true
    },
    {
        "date": "2020-09-11T09:29:22Z",
        "value": "45158.26438140869",
        "cumulative": true
    },
    {
        "date": "2020-09-11T09:29:38Z",
        "value": "46252.35085296631",
        "cumulative": true
    },
    {
        "date": "2020-09-11T09:29:52Z",
        "value": "47584.1965637207",
        "cumulative": true
    },
    {
        "date": "2020-09-11T09:30:11Z",
        "value": "52650.63709259033",
        "cumulative": true
    },
    {
        "date": "2020-09-11T09:30:23Z",
        "value": "55471.86269760132",
        "cumulative": true
    },
    {
        "date": "2020-09-11T09:30:34Z",
        "value": "56276.50663757324",
        "cumulative": true
    },
    {
        "date": "2020-09-11T09:30:49Z",
        "value": "57263.95951843262",
        "cumulative": true
    },
    {
        "date": "2020-09-11T09:31:06Z",
        "value": "58436.17967605591",
        "cumulative": true
    },
    {
        "date": "2020-09-11T09:31:23Z",
        "value": "59947.805713653564",
        "cumulative": true
    },
    {
        "date": "2020-09-11T09:31:42Z",
        "value": "65257.509326934814",
        "cumulative": true
    },
    {
        "date": "2020-09-11T09:31:56Z",
        "value": "68720.78814888",
        "cumulative": true
    },
    {
        "date": "2020-09-11T09:32:10Z",
        "value": "70591.19951915741",
        "cumulative": true
    },
    {
        "date": "2020-09-11T09:32:27Z",
        "value": "71719.83701992035",
        "cumulative": true
    },
    {
        "date": "2020-09-11T09:32:37Z",
        "value": "72447.08513355255",
        "cumulative": true
    },
    {
        "date": "2020-09-11T09:32:48Z",
        "value": "73191.65724468231",
        "cumulative": true
    },
    {
        "date": "2020-09-11T09:33:00Z",
        "value": "73960.87932872772",
        "cumulative": true
    },
    {
        "date": "2020-09-11T09:33:15Z",
        "value": "74995.97235774994",
        "cumulative": true
    },
    {
        "date": "2020-09-11T09:33:29Z",
        "value": "78118.56809997559",
        "cumulative": true
    },
    {
        "date": "2020-09-11T09:33:45Z",
        "value": "82459.28538322449",
        "cumulative": true
    },
    {
        "date": "2020-09-11T09:34:04Z",
        "value": "87573.10601997375",
        "cumulative": true
    },
    {
        "date": "2020-09-11T09:34:21Z",
        "value": "89237.54982376099",
        "cumulative": true
    },
    {
        "date": "2020-09-11T09:34:38Z",
        "value": "90324.54164505005",
        "cumulative": true
    },
    {
        "date": "2020-09-11T09:34:54Z",
        "value": "91357.1548500061",
        "cumulative": true
    },
    {
        "date": "2020-09-11T09:35:08Z",
        "value": "92272.82015609741",
        "cumulative": true
    },
    {
        "date": "2020-09-11T09:35:24Z",
        "value": "93368.9371547699",
        "cumulative": true
    },
    {
        "date": "2020-09-11T09:35:36Z",
        "value": "94107.44497489929",
        "cumulative": true
    },
    {
        "date": "2020-09-11T09:35:52Z",
        "value": "96310.08694171906",
        "cumulative": true
    },
    {
        "date": "2020-09-11T09:36:05Z",
        "value": "99789.3031129837",
        "cumulative": true
    },
    {
        "date": "2020-09-11T09:36:22Z",
        "value": "103961.69151210785",
        "cumulative": true
    },
    {
        "date": "2020-09-11T09:36:36Z",
        "value": "107491.37179660797",
        "cumulative": true
    },
    {
        "date": "2020-09-11T09:36:48Z",
        "value": "110782.02607440948",
        "cumulative": true
    },
    {
        "date": "2020-09-11T09:37:02Z",
        "value": "112207.8364276886",
        "cumulative": true
    },
    {
        "date": "2020-09-11T09:37:16Z",
        "value": "113092.130859375",
        "cumulative": true
    },
    {
        "date": "2020-09-11T09:37:33Z",
        "value": "114206.03352928162",
        "cumulative": true
    },
    {
        "date": "2020-09-11T09:37:43Z",
        "value": "114916.51461601257",
        "cumulative": true
    },
    {
        "date": "2020-09-11T09:37:54Z",
        "value": "115653.24649620056",
        "cumulative": true
    },
    {
        "date": "2020-09-11T09:38:04Z",
        "value": "116318.42242240906",
        "cumulative": true
    },
    {
        "date": "2020-09-11T09:38:19Z",
        "value": "117273.61159515381",
        "cumulative": true
    },
    {
        "date": "2020-09-11T09:38:36Z",
        "value": "118395.0808391571",
        "cumulative": true
    },
    {
        "date": "2020-09-11T09:38:52Z",
        "value": "119407.47730064392",
        "cumulative": true
    },
    {
        "date": "2020-09-11T09:39:11Z",
        "value": "123916.38974285126",
        "cumulative": true
    },
    {
        "date": "2020-09-11T09:39:30Z",
        "value": "129005.36739253998",
        "cumulative": true
    },
    {
        "date": "2020-09-11T09:39:45Z",
        "value": "132507.3179216385",
        "cumulative": true
    },
    {
        "date": "2020-09-11T09:40:04Z",
        "value": "137612.24845790863",
        "cumulative": true
    },
    {
        "date": "2020-09-11T09:40:18Z",
        "value": "140892.88504219055",
        "cumulative": true
    },
    {
        "date": "2020-09-11T09:40:38Z",
        "value": "142180.6759109497",
        "cumulative": true
    },
    {
        "date": "2020-09-11T09:40:53Z",
        "value": "143191.43979644775",
        "cumulative": true
    },
    {
        "date": "2020-09-11T09:41:10Z",
        "value": "144315.0900363922",
        "cumulative": true
    },
    {
        "date": "2020-09-11T09:41:29Z",
        "value": "145526.67654037476",
        "cumulative": true
    },
    {
        "date": "2020-09-11T09:41:49Z",
        "value": "146852.74634742737",
        "cumulative": true
    },
    {
        "date": "2020-09-11T09:42:04Z",
        "value": "147831.70350837708",
        "cumulative": true
    },
    {
        "date": "2020-09-11T09:42:19Z",
        "value": "148840.61192703247",
        "cumulative": true
    },
    {
        "date": "2020-09-11T09:42:31Z",
        "value": "149592.60578155518",
        "cumulative": true
    },
    {
        "date": "2020-09-11T09:42:50Z",
        "value": "150829.07979393005",
        "cumulative": true
    },
    {
        "date": "2020-09-11T09:43:06Z",
        "value": "153788.3836889267",
        "cumulative": true
    },
    {
        "date": "2020-09-11T09:43:25Z",
        "value": "159069.6215658188",
        "cumulative": true
    },
    {
        "date": "2020-09-11T09:43:44Z",
        "value": "163875.968916893",
        "cumulative": true
    },
    {
        "date": "2020-09-11T09:44:02Z",
        "value": "168616.65089702606",
        "cumulative": true
    },
    {
        "date": "2020-09-11T09:44:18Z",
        "value": "173381.6531305313",
        "cumulative": true
    },
    {
        "date": "2020-09-11T09:44:34Z",
        "value": "177620.70402526855",
        "cumulative": true
    },
    {
        "date": "2020-09-11T09:44:45Z",
        "value": "178305.04378128052",
        "cumulative": true
    },
    {
        "date": "2020-09-11T09:44:58Z",
        "value": "179160.62231826782",
        "cumulative": true
    },
    {
        "date": "2020-09-11T09:45:09Z",
        "value": "179875.0730381012",
        "cumulative": true
    },
    {
        "date": "2020-09-11T09:45:25Z",
        "value": "180945.12137031555",
        "cumulative": true
    },
    {
        "date": "2020-09-11T09:45:42Z",
        "value": "182073.21614265442",
        "cumulative": true
    },
    {
        "date": "2020-09-11T09:45:56Z",
        "value": "182941.46467590332",
        "cumulative": true
    },
    {
        "date": "2020-09-11T09:46:07Z",
        "value": "183696.37956237793",
        "cumulative": true
    },
    {
        "date": "2020-09-11T09:46:26Z",
        "value": "184920.83450508118",
        "cumulative": true
    },
    {
        "date": "2020-09-11T09:46:44Z",
        "value": "186075.78594970703",
        "cumulative": true
    },
    {
        "date": "2020-09-11T09:47:02Z",
        "value": "187265.58254623413",
        "cumulative": true
    },
    {
        "date": "2020-09-11T09:47:20Z",
        "value": "188388.5852909088",
        "cumulative": true
    },
    {
        "date": "2020-09-11T09:47:35Z",
        "value": "189435.2637310028",
        "cumulative": true
    },
    {
        "date": "2020-09-11T09:47:51Z",
        "value": "190444.10258865356",
        "cumulative": true
    },
    {
        "date": "2020-09-11T09:48:02Z",
        "value": "192255.35931682587",
        "cumulative": true
    },
    {
        "date": "2020-09-11T09:48:17Z",
        "value": "196249.19817256927",
        "cumulative": true
    },
    {
        "date": "2020-09-11T09:48:29Z",
        "value": "199459.8713979721",
        "cumulative": true
    },
    {
        "date": "2020-09-11T09:48:47Z",
        "value": "203873.64159297943",
        "cumulative": true
    },
    {
        "date": "2020-09-11T09:49:00Z",
        "value": "207215.90671634674",
        "cumulative": true
    },
    {
        "date": "2020-09-11T09:49:11Z",
        "value": "210156.5437707901",
        "cumulative": true
    },
    {
        "date": "2020-09-11T09:49:24Z",
        "value": "213903.88136005402",
        "cumulative": true
    },
    {
        "date": "2020-09-11T09:49:42Z",
        "value": "218582.872256279",
        "cumulative": true
    },
    {
        "date": "2020-09-11T09:49:54Z",
        "value": "221592.9986600876",
        "cumulative": true
    },
    {
        "date": "2020-09-11T09:50:09Z",
        "value": "224486.498128891",
        "cumulative": true
    },
    {
        "date": "2020-09-11T09:50:23Z",
        "value": "225439.26695632935",
        "cumulative": true
    },
    {
        "date": "2020-09-11T09:50:34Z",
        "value": "226120.6178264618",
        "cumulative": true
    },
    {
        "date": "2020-09-11T09:50:46Z",
        "value": "226894.30729103088",
        "cumulative": true
    },
    {
        "date": "2020-09-11T09:51:03Z",
        "value": "227966.6593875885",
        "cumulative": true
    },
    {
        "date": "2020-09-11T09:51:17Z",
        "value": "228938.36988830566",
        "cumulative": true
    },
    {
        "date": "2020-09-11T09:51:35Z",
        "value": "230105.01776123047",
        "cumulative": true
    },
    {
        "date": "2020-09-11T09:51:47Z",
        "value": "230801.87108421326",
        "cumulative": true
    },
    {
        "date": "2020-09-11T09:52:06Z",
        "value": "232128.24082183838",
        "cumulative": true
    },
    {
        "date": "2020-09-11T09:52:21Z",
        "value": "233108.1509990692",
        "cumulative": true
    },
    {
        "date": "2020-09-11T09:52:32Z",
        "value": "233808.75992774963",
        "cumulative": true
    },
    {
        "date": "2020-09-11T09:52:46Z",
        "value": "234772.67315673828",
        "cumulative": true
    },
    {
        "date": "2020-09-11T09:53:05Z",
        "value": "235970.70984649658",
        "cumulative": true
    },
    {
        "date": "2020-09-11T09:53:21Z",
        "value": "237019.3448791504",
        "cumulative": true
    },
    {
        "date": "2020-09-11T09:53:39Z",
        "value": "238182.29657554626",
        "cumulative": true
    },
    {
        "date": "2020-09-11T09:53:57Z",
        "value": "239441.26482772827",
        "cumulative": true
    },
    {
        "date": "2020-09-11T09:54:17Z",
        "value": "240775.97488594055",
        "cumulative": true
    },
    {
        "date": "2020-09-11T09:54:33Z",
        "value": "243983.2524576187",
        "cumulative": true
    },
    {
        "date": "2020-09-11T09:54:45Z",
        "value": "247274.04129123688",
        "cumulative": true
    },
    {
        "date": "2020-09-11T09:55:03Z",
        "value": "251997.34788036346",
        "cumulative": true
    },
    {
        "date": "2020-09-11T09:55:15Z",
        "value": "255524.62758731842",
        "cumulative": true
    },
    {
        "date": "2020-09-11T09:55:32Z",
        "value": "260088.09138774872",
        "cumulative": true
    },
    {
        "date": "2020-09-11T09:55:46Z",
        "value": "264157.7774362564",
        "cumulative": true
    },
    {
        "date": "2020-09-11T09:55:58Z",
        "value": "267157.9644231796",
        "cumulative": true
    },
    {
        "date": "2020-09-11T09:56:09Z",
        "value": "269720.56369686127",
        "cumulative": true
    },
    {
        "date": "2020-09-11T09:56:25Z",
        "value": "274239.3634214401",
        "cumulative": true
    },
    {
        "date": "2020-09-11T09:56:38Z",
        "value": "277725.21120738983",
        "cumulative": true
    },
    {
        "date": "2020-09-11T09:56:52Z",
        "value": "281399.8338289261",
        "cumulative": true
    },
    {
        "date": "2020-09-11T09:57:03Z",
        "value": "283430.37945365906",
        "cumulative": true
    },
    {
        "date": "2020-09-11T09:57:14Z",
        "value": "284204.17590522766",
        "cumulative": true
    },
    {
        "date": "2020-09-11T09:57:24Z",
        "value": "284866.69754981995",
        "cumulative": true
    },
    {
        "date": "2020-09-11T09:57:40Z",
        "value": "285899.3006515503",
        "cumulative": true
    },
    {
        "date": "2020-09-11T09:57:51Z",
        "value": "286597.58747673035",
        "cumulative": true
    },
    {
        "date": "2020-09-11T09:58:05Z",
        "value": "287571.75679397583",
        "cumulative": true
    },
    {
        "date": "2020-09-11T09:58:24Z",
        "value": "288871.80295181274",
        "cumulative": true
    },
    {
        "date": "2020-09-11T09:58:44Z",
        "value": "290179.809091568",
        "cumulative": true
    },
    {
        "date": "2020-09-11T09:59:02Z",
        "value": "291397.075963974",
        "cumulative": true
    },
    {
        "date": "2020-09-11T09:59:19Z",
        "value": "292493.45593070984",
        "cumulative": true
    },
    {
        "date": "2020-09-11T09:59:38Z",
        "value": "293713.88751220703",
        "cumulative": true
    },
    {
        "date": "2020-09-11T09:59:54Z",
        "value": "294743.2179069519",
        "cumulative": true
    },
    {
        "date": "2020-09-11T10:00:08Z",
        "value": "295651.12962150574",
        "cumulative": true
    },
    {
        "date": "2020-09-11T10:00:19Z",
        "value": "296413.0733833313",
        "cumulative": true
    },
    {
        "date": "2020-09-11T10:00:31Z",
        "value": "297255.6979446411",
        "cumulative": true
    },
    {
        "date": "2020-09-11T10:00:48Z",
        "value": "298306.9759731293",
        "cumulative": true
    },
    {
        "date": "2020-09-11T10:01:00Z",
        "value": "299133.38454818726",
        "cumulative": true
    },
    {
        "date": "2020-09-11T10:01:13Z",
        "value": "299990.6594028473",
        "cumulative": true
    },
    {
        "date": "2020-09-11T10:01:29Z",
        "value": "301043.67768859863",
        "cumulative": true
    },
    {
        "date": "2020-09-11T10:01:44Z",
        "value": "301962.8530845642",
        "cumulative": true
    },
    {
        "date": "2020-09-11T10:02:00Z",
        "value": "303148.58117103577",
        "cumulative": true
    },
    {
        "date": "2020-09-11T10:02:20Z",
        "value": "304811.18958568573",
        "cumulative": true
    },
    {
        "date": "2020-09-11T10:02:32Z",
        "value": "307933.67621326447",
        "cumulative": true
    },
    {
        "date": "2020-09-11T10:02:47Z",
        "value": "311790.93343257904",
        "cumulative": true
    },
    {
        "date": "2020-09-11T10:03:04Z",
        "value": "316454.2835111618",
        "cumulative": true
    },
    {
        "date": "2020-09-11T10:03:19Z",
        "value": "320715.45595264435",
        "cumulative": true
    },
    {
        "date": "2020-09-11T10:03:37Z",
        "value": "325718.2964105606",
        "cumulative": true
    },
    {
        "date": "2020-09-11T10:03:50Z",
        "value": "329247.0523900986",
        "cumulative": true
    },
    {
        "date": "2020-09-11T10:04:01Z",
        "value": "332236.9568719864",
        "cumulative": true
    },
    {
        "date": "2020-09-11T10:04:12Z",
        "value": "335427.0531492233",
        "cumulative": true
    },
    {
        "date": "2020-09-11T10:04:23Z",
        "value": "338303.10860157013",
        "cumulative": true
    },
    {
        "date": "2020-09-11T10:04:33Z",
        "value": "341194.94006824493",
        "cumulative": true
    },
    {
        "date": "2020-09-11T10:04:51Z",
        "value": "346471.20657634735",
        "cumulative": true
    },
    {
        "date": "2020-09-11T10:05:05Z",
        "value": "350540.72144031525",
        "cumulative": true
    },
    {
        "date": "2020-09-11T10:05:23Z",
        "value": "354680.27379512787",
        "cumulative": true
    },
    {
        "date": "2020-09-11T10:05:36Z",
        "value": "357599.9914112091",
        "cumulative": true
    },
    {
        "date": "2020-09-11T10:05:52Z",
        "value": "358635.0548591614",
        "cumulative": true
    },
    {
        "date": "2020-09-11T10:06:12Z",
        "value": "359931.41602134705",
        "cumulative": true
    },
    {
        "date": "2020-09-11T10:06:27Z",
        "value": "360957.75353240967",
        "cumulative": true
    },
    {
        "date": "2020-09-11T10:06:44Z",
        "value": "362056.1122188568",
        "cumulative": true
    },
    {
        "date": "2020-09-11T10:06:57Z",
        "value": "362868.74574279785",
        "cumulative": true
    },
    {
        "date": "2020-09-11T10:07:16Z",
        "value": "364165.2232322693",
        "cumulative": true
    },
    {
        "date": "2020-09-11T10:07:30Z",
        "value": "365170.08832359314",
        "cumulative": true
    },
    {
        "date": "2020-09-11T10:07:50Z",
        "value": "366355.7128162384",
        "cumulative": true
    },
    {
        "date": "2020-09-11T10:08:09Z",
        "value": "367633.3235549927",
        "cumulative": true
    },
    {
        "date": "2020-09-11T10:08:25Z",
        "value": "368636.0838356018",
        "cumulative": true
    },
    {
        "date": "2020-09-11T10:08:37Z",
        "value": "369453.64110183716",
        "cumulative": true
    },
    {
        "date": "2020-09-11T10:08:52Z",
        "value": "370485.62303352356",
        "cumulative": true
    },
    {
        "date": "2020-09-11T10:09:07Z",
        "value": "371398.88287734985",
        "cumulative": true
    },
    {
        "date": "2020-09-11T10:09:20Z",
        "value": "372233.46610450745",
        "cumulative": true
    },
    {
        "date": "2020-09-11T10:09:38Z",
        "value": "373442.47606658936",
        "cumulative": true
    },
    {
        "date": "2020-09-11T10:09:57Z",
        "value": "374737.94476890564",
        "cumulative": true
    },
    {
        "date": "2020-09-11T10:10:07Z",
        "value": "375356.16041374207",
        "cumulative": true
    },
    {
        "date": "2020-09-11T10:10:17Z",
        "value": "376071.5951385498",
        "cumulative": true
    },
    {
        "date": "2020-09-11T10:10:35Z",
        "value": "377187.0486469269",
        "cumulative": true
    },
    {
        "date": "2020-09-11T10:10:47Z",
        "value": "377970.6169757843",
        "cumulative": true
    },
    {
        "date": "2020-09-11T10:11:05Z",
        "value": "379116.3982887268",
        "cumulative": true
    },
    {
        "date": "2020-09-11T10:11:19Z",
        "value": "380067.2775325775",
        "cumulative": true
    },
    {
        "date": "2020-09-11T10:11:35Z",
        "value": "381117.962015152",
        "cumulative": true
    },
    {
        "date": "2020-09-11T10:11:51Z",
        "value": "382181.7542247772",
        "cumulative": true
    },
    {
        "date": "2020-09-11T10:12:08Z",
        "value": "383281.54726600647",
        "cumulative": true
    },
    {
        "date": "2020-09-11T10:12:22Z",
        "value": "384715.6216468811",
        "cumulative": true
    },
    {
        "date": "2020-09-11T10:12:34Z",
        "value": "388073.5698547363",
        "cumulative": true
    },
    {
        "date": "2020-09-11T10:12:48Z",
        "value": "391587.3541660309",
        "cumulative": true
    },
    {
        "date": "2020-09-11T10:13:02Z",
        "value": "395715.23804473877",
        "cumulative": true
    },
    {
        "date": "2020-09-11T10:13:22Z",
        "value": "400635.8204345703",
        "cumulative": true
    },
    {
        "date": "2020-09-11T10:13:35Z",
        "value": "404221.08927345276",
        "cumulative": true
    },
    {
        "date": "2020-09-11T10:13:52Z",
        "value": "408753.50831985474",
        "cumulative": true
    },
    {
        "date": "2020-09-11T10:14:08Z",
        "value": "413212.4705429077",
        "cumulative": true
    },
    {
        "date": "2020-09-11T10:14:20Z",
        "value": "416681.1314163208",
        "cumulative": true
    },
    {
        "date": "2020-09-11T10:14:40Z",
        "value": "421825.94256591797",
        "cumulative": true
    },
    {
        "date": "2020-09-11T10:14:59Z",
        "value": "426840.2372226715",
        "cumulative": true
    },
    {
        "date": "2020-09-11T10:15:10Z",
        "value": "430038.53447532654",
        "cumulative": true
    },
    {
        "date": "2020-09-11T10:15:28Z",
        "value": "434573.83502197266",
        "cumulative": true
    },
    {
        "date": "2020-09-11T10:15:43Z",
        "value": "438707.47837257385",
        "cumulative": true
    },
    {
        "date": "2020-09-11T10:15:54Z",
        "value": "442072.014125824",
        "cumulative": true
    },
    {
        "date": "2020-09-11T10:16:12Z",
        "value": "446504.0065727234",
        "cumulative": true
    },
    {
        "date": "2020-09-11T10:16:24Z",
        "value": "449596.6796798706",
        "cumulative": true
    },
    {
        "date": "2020-09-11T10:16:38Z",
        "value": "451751.3211593628",
        "cumulative": true
    },
    {
        "date": "2020-09-11T10:16:51Z",
        "value": "452658.76814842224",
        "cumulative": true
    },
    {
        "date": "2020-09-11T10:17:05Z",
        "value": "453471.3576030731",
        "cumulative": true
    },
    {
        "date": "2020-09-11T10:17:18Z",
        "value": "454390.80648231506",
        "cumulative": true
    },
    {
        "date": "2020-09-11T10:17:38Z",
        "value": "455683.9174346924",
        "cumulative": true
    },
    {
        "date": "2020-09-11T10:17:49Z",
        "value": "456429.8084964752",
        "cumulative": true
    },
    {
        "date": "2020-09-11T10:18:04Z",
        "value": "457401.9280204773",
        "cumulative": true
    },
    {
        "date": "2020-09-11T10:18:15Z",
        "value": "458114.1870422363",
        "cumulative": true
    },
    {
        "date": "2020-09-11T10:18:26Z",
        "value": "458815.45774650574",
        "cumulative": true
    },
    {
        "date": "2020-09-11T10:18:41Z",
        "value": "459781.4342098236",
        "cumulative": true
    },
    {
        "date": "2020-09-11T10:19:00Z",
        "value": "461086.14151000977",
        "cumulative": true
    },
    {
        "date": "2020-09-11T10:19:12Z",
        "value": "461819.63950920105",
        "cumulative": true
    },
    {
        "date": "2020-09-11T10:19:29Z",
        "value": "462947.5246887207",
        "cumulative": true
    },
    {
        "date": "2020-09-11T10:19:45Z",
        "value": "464075.6848964691",
        "cumulative": true
    },
    {
        "date": "2020-09-11T10:20:00Z",
        "value": "465019.3409252167",
        "cumulative": true
    },
    {
        "date": "2020-09-11T10:20:17Z",
        "value": "466088.0534706116",
        "cumulative": true
    },
    {
        "date": "2020-09-11T10:20:34Z",
        "value": "467161.24148750305",
        "cumulative": true
    },
    {
        "date": "2020-09-11T10:20:45Z",
        "value": "467867.11907958984",
        "cumulative": true
    },
    {
        "date": "2020-09-11T10:20:58Z",
        "value": "468775.89423179626",
        "cumulative": true
    },
    {
        "date": "2020-09-11T10:21:10Z",
        "value": "469457.9259262085",
        "cumulative": true
    },
    {
        "date": "2020-09-11T10:21:22Z",
        "value": "470213.1602554321",
        "cumulative": true
    },
    {
        "date": "2020-09-11T10:21:34Z",
        "value": "471126.0967941284",
        "cumulative": true
    },
    {
        "date": "2020-09-11T10:21:52Z",
        "value": "472165.47123908997",
        "cumulative": true
    },
    {
        "date": "2020-09-11T10:22:11Z",
        "value": "473475.40489578247",
        "cumulative": true
    },
    {
        "date": "2020-09-11T10:22:22Z",
        "value": "474146.88805770874",
        "cumulative": true
    },
    {
        "date": "2020-09-11T10:22:36Z",
        "value": "474947.20993995667",
        "cumulative": true
    },
    {
        "date": "2020-09-11T10:22:52Z",
        "value": "475983.6629219055",
        "cumulative": true
    },
    {
        "date": "2020-09-11T10:23:07Z",
        "value": "477035.8857784271",
        "cumulative": true
    },
    {
        "date": "2020-09-11T10:23:23Z",
        "value": "478152.1494655609",
        "cumulative": true
    },
    {
        "date": "2020-09-11T10:23:40Z",
        "value": "479211.17290115356",
        "cumulative": true
    },
    {
        "date": "2020-09-11T10:23:57Z",
        "value": "480264.4357318878",
        "cumulative": true
    },
    {
        "date": "2020-09-11T10:24:08Z",
        "value": "480959.51248168945",
        "cumulative": true
    },
    {
        "date": "2020-09-11T10:24:23Z",
        "value": "481944.60260391235",
        "cumulative": true
    },
    {
        "date": "2020-09-11T10:24:39Z",
        "value": "482986.843503952",
        "cumulative": true
    },
    {
        "date": "2020-09-11T10:24:50Z",
        "value": "483663.97865486145",
        "cumulative": true
    },
    {
        "date": "2020-09-11T10:25:07Z",
        "value": "484888.300157547",
        "cumulative": true
    }
]