[
    {
        "date": "2020-09-11T09:22:49Z",
        "value": "1.734375",
        "cumulative": false
    },
    {
        "date": "2020-09-11T09:23:00Z",
        "value": "3.078125",
        "cumulative": false
    },
    {
        "date": "2020-09-11T09:23:16Z",
        "value": "113.9453125",
        "cumulative": false
    },
    {
        "date": "2020-09-11T09:23:32Z",
        "value": "114.01953125",
        "cumulative": false
    },
    {
        "date": "2020-09-11T09:23:52Z",
        "value": "114.83203125",
        "cumulative": false
    },
    {
        "date": "2020-09-11T09:24:05Z",
        "value": "116.14453125",
        "cumulative": false
    },
    {
        "date": "2020-09-11T09:24:16Z",
        "value": "118.4453125",
        "cumulative": false
    },
    {
        "date": "2020-09-11T09:24:33Z",
        "value": "122.3984375",
        "cumulative": false
    },
    {
        "date": "2020-09-11T09:24:44Z",
        "value": "126.94140625",
        "cumulative": false
    },
    {
        "date": "2020-09-11T09:24:57Z",
        "value": "129.01171875",
        "cumulative": false
    },
    {
        "date": "2020-09-11T09:25:08Z",
        "value": "130.37109375",
        "cumulative": false
    },
    {
        "date": "2020-09-11T09:25:22Z",
        "value": "134.66015625",
        "cumulative": false
    },
    {
        "date": "2020-09-11T09:25:35Z",
        "value": "140.078125",
        "cumulative": false
    },
    {
        "date": "2020-09-11T09:25:47Z",
        "value": "140.078125",
        "cumulative": false
    },
    {
        "date": "2020-09-11T09:26:01Z",
        "value": "146.99609375",
        "cumulative": false
    },
    {
        "date": "2020-09-11T09:26:17Z",
        "value": "154.4375",
        "cumulative": false
    },
    {
        "date": "2020-09-11T09:26:31Z",
        "value": "173.03515625",
        "cumulative": false
    },
    {
        "date": "2020-09-11T09:26:50Z",
        "value": "154.67578125",
        "cumulative": false
    },
    {
        "date": "2020-09-11T09:27:09Z",
        "value": "187.796875",
        "cumulative": false
    },
    {
        "date": "2020-09-11T09:27:28Z",
        "value": "129.703125",
        "cumulative": false
    },
    {
        "date": "2020-09-11T09:27:42Z",
        "value": "147.40234375",
        "cumulative": false
    },
    {
        "date": "2020-09-11T09:27:57Z",
        "value": "176.73828125",
        "cumulative": false
    },
    {
        "date": "2020-09-11T09:28:16Z",
        "value": "176.73828125",
        "cumulative": false
    },
    {
        "date": "2020-09-11T09:28:27Z",
        "value": "176.73828125",
        "cumulative": false
    },
    {
        "date": "2020-09-11T09:28:44Z",
        "value": "155.31640625",
        "cumulative": false
    },
    {
        "date": "2020-09-11T09:28:59Z",
        "value": "155.3125",
        "cumulative": false
    },
    {
        "date": "2020-09-11T09:29:12Z",
        "value": "155.2421875",
        "cumulative": false
    },
    {
        "date": "2020-09-11T09:29:26Z",
        "value": "173.9296875",
        "cumulative": false
    },
    {
        "date": "2020-09-11T09:29:37Z",
        "value": "210.93359375",
        "cumulative": false
    },
    {
        "date": "2020-09-11T09:29:51Z",
        "value": "183.74609375",
        "cumulative": false
    },
    {
        "date": "2020-09-11T09:30:02Z",
        "value": "183.51953125",
        "cumulative": false
    },
    {
        "date": "2020-09-11T09:30:15Z",
        "value": "199.65234375",
        "cumulative": false
    },
    {
        "date": "2020-09-11T09:30:30Z",
        "value": "211.703125",
        "cumulative": false
    },
    {
        "date": "2020-09-11T09:30:41Z",
        "value": "211.703125",
        "cumulative": false
    },
    {
        "date": "2020-09-11T09:31:00Z",
        "value": "211.703125",
        "cumulative": false
    },
    {
        "date": "2020-09-11T09:31:12Z",
        "value": "211.703125",
        "cumulative": false
    },
    {
        "date": "2020-09-11T09:31:24Z",
        "value": "177.6640625",
        "cumulative": false
    },
    {
        "date": "2020-09-11T09:31:34Z",
        "value": "177.34765625",
        "cumulative": false
    },
    {
        "date": "2020-09-11T09:31:49Z",
        "value": "177.4140625",
        "cumulative": false
    },
    {
        "date": "2020-09-11T09:32:00Z",
        "value": "147.81640625",
        "cumulative": false
    },
    {
        "date": "2020-09-11T09:32:16Z",
        "value": "236.33203125",
        "cumulative": false
    },
    {
        "date": "2020-09-11T09:32:34Z",
        "value": "256.0234375",
        "cumulative": false
    },
    {
        "date": "2020-09-11T09:32:52Z",
        "value": "201.1953125",
        "cumulative": false
    },
    {
        "date": "2020-09-11T09:33:03Z",
        "value": "245.08203125",
        "cumulative": false
    },
    {
        "date": "2020-09-11T09:33:14Z",
        "value": "236.33203125",
        "cumulative": false
    },
    {
        "date": "2020-09-11T09:33:29Z",
        "value": "263.8515625",
        "cumulative": false
    },
    {
        "date": "2020-09-11T09:33:46Z",
        "value": "238.3515625",
        "cumulative": false
    },
    {
        "date": "2020-09-11T09:34:06Z",
        "value": "192.82421875",
        "cumulative": false
    },
    {
        "date": "2020-09-11T09:34:19Z",
        "value": "155.5625",
        "cumulative": false
    },
    {
        "date": "2020-09-11T09:34:36Z",
        "value": "155.62890625",
        "cumulative": false
    },
    {
        "date": "2020-09-11T09:34:49Z",
        "value": "200.7109375",
        "cumulative": false
    },
    {
        "date": "2020-09-11T09:35:01Z",
        "value": "179.9609375",
        "cumulative": false
    },
    {
        "date": "2020-09-11T09:35:16Z",
        "value": "155.52734375",
        "cumulative": false
    },
    {
        "date": "2020-09-11T09:35:33Z",
        "value": "155.62890625",
        "cumulative": false
    },
    {
        "date": "2020-09-11T09:35:45Z",
        "value": "156.0859375",
        "cumulative": false
    },
    {
        "date": "2020-09-11T09:36:05Z",
        "value": "212.46875",
        "cumulative": false
    },
    {
        "date": "2020-09-11T09:36:24Z",
        "value": "212.5",
        "cumulative": false
    },
    {
        "date": "2020-09-11T09:36:40Z",
        "value": "212.53125",
        "cumulative": false
    },
    {
        "date": "2020-09-11T09:36:52Z",
        "value": "170.546875",
        "cumulative": false
    },
    {
        "date": "2020-09-11T09:37:11Z",
        "value": "165.40625",
        "cumulative": false
    },
    {
        "date": "2020-09-11T09:37:30Z",
        "value": "305.30078125",
        "cumulative": false
    },
    {
        "date": "2020-09-11T09:37:47Z",
        "value": "165.30078125",
        "cumulative": false
    },
    {
        "date": "2020-09-11T09:38:02Z",
        "value": "165.34375",
        "cumulative": false
    },
    {
        "date": "2020-09-11T09:38:13Z",
        "value": "165.40625",
        "cumulative": false
    },
    {
        "date": "2020-09-11T09:38:24Z",
        "value": "298.05078125",
        "cumulative": false
    },
    {
        "date": "2020-09-11T09:38:43Z",
        "value": "165.37109375",
        "cumulative": false
    },
    {
        "date": "2020-09-11T09:38:56Z",
        "value": "165.37109375",
        "cumulative": false
    },
    {
        "date": "2020-09-11T09:39:08Z",
        "value": "237.2890625",
        "cumulative": false
    },
    {
        "date": "2020-09-11T09:39:18Z",
        "value": "237.296875",
        "cumulative": false
    },
    {
        "date": "2020-09-11T09:39:32Z",
        "value": "237.28125",
        "cumulative": false
    },
    {
        "date": "2020-09-11T09:39:49Z",
        "value": "237.2890625",
        "cumulative": false
    },
    {
        "date": "2020-09-11T09:40:05Z",
        "value": "237.28125",
        "cumulative": false
    },
    {
        "date": "2020-09-11T09:40:15Z",
        "value": "177.91796875",
        "cumulative": false
    },
    {
        "date": "2020-09-11T09:40:32Z",
        "value": "177.7265625",
        "cumulative": false
    },
    {
        "date": "2020-09-11T09:40:49Z",
        "value": "177.72265625",
        "cumulative": false
    },
    {
        "date": "2020-09-11T09:41:08Z",
        "value": "177.8125",
        "cumulative": false
    },
    {
        "date": "2020-09-11T09:41:28Z",
        "value": "177.83203125",
        "cumulative": false
    },
    {
        "date": "2020-09-11T09:41:44Z",
        "value": "177.80859375",
        "cumulative": false
    },
    {
        "date": "2020-09-11T09:41:58Z",
        "value": "180.31640625",
        "cumulative": false
    },
    {
        "date": "2020-09-11T09:42:12Z",
        "value": "177.72265625",
        "cumulative": false
    },
    {
        "date": "2020-09-11T09:42:27Z",
        "value": "177.921875",
        "cumulative": false
    },
    {
        "date": "2020-09-11T09:42:44Z",
        "value": "177.8125",
        "cumulative": false
    },
    {
        "date": "2020-09-11T09:42:55Z",
        "value": "268.56640625",
        "cumulative": false
    },
    {
        "date": "2020-09-11T09:43:13Z",
        "value": "373.19140625",
        "cumulative": false
    },
    {
        "date": "2020-09-11T09:43:25Z",
        "value": "396.31640625",
        "cumulative": false
    },
    {
        "date": "2020-09-11T09:43:44Z",
        "value": "268.6640625",
        "cumulative": false
    },
    {
        "date": "2020-09-11T09:43:56Z",
        "value": "390.56640625",
        "cumulative": false
    },
    {
        "date": "2020-09-11T09:44:08Z",
        "value": "268.56640625",
        "cumulative": false
    },
    {
        "date": "2020-09-11T09:44:27Z",
        "value": "276.19140625",
        "cumulative": false
    },
    {
        "date": "2020-09-11T09:44:41Z",
        "value": "193.4140625",
        "cumulative": false
    },
    {
        "date": "2020-09-11T09:44:53Z",
        "value": "193.390625",
        "cumulative": false
    },
    {
        "date": "2020-09-11T09:45:08Z",
        "value": "379.9921875",
        "cumulative": false
    },
    {
        "date": "2020-09-11T09:45:27Z",
        "value": "193.390625",
        "cumulative": false
    },
    {
        "date": "2020-09-11T09:45:47Z",
        "value": "344.12109375",
        "cumulative": false
    },
    {
        "date": "2020-09-11T09:46:03Z",
        "value": "387.49609375",
        "cumulative": false
    },
    {
        "date": "2020-09-11T09:46:19Z",
        "value": "392.37109375",
        "cumulative": false
    },
    {
        "date": "2020-09-11T09:46:30Z",
        "value": "193.37109375",
        "cumulative": false
    },
    {
        "date": "2020-09-11T09:46:47Z",
        "value": "193.390625",
        "cumulative": false
    },
    {
        "date": "2020-09-11T09:47:04Z",
        "value": "390.62109375",
        "cumulative": false
    },
    {
        "date": "2020-09-11T09:47:21Z",
        "value": "193.390625",
        "cumulative": false
    },
    {
        "date": "2020-09-11T09:47:36Z",
        "value": "193.390625",
        "cumulative": false
    },
    {
        "date": "2020-09-11T09:47:55Z",
        "value": "193.390625",
        "cumulative": false
    },
    {
        "date": "2020-09-11T09:48:13Z",
        "value": "340.05859375",
        "cumulative": false
    },
    {
        "date": "2020-09-11T09:48:30Z",
        "value": "417.3125",
        "cumulative": false
    },
    {
        "date": "2020-09-11T09:48:45Z",
        "value": "446.1875",
        "cumulative": false
    },
    {
        "date": "2020-09-11T09:48:56Z",
        "value": "460.5625",
        "cumulative": false
    },
    {
        "date": "2020-09-11T09:49:11Z",
        "value": "318.9375",
        "cumulative": false
    },
    {
        "date": "2020-09-11T09:49:25Z",
        "value": "308.0625",
        "cumulative": false
    },
    {
        "date": "2020-09-11T09:49:38Z",
        "value": "308.16796875",
        "cumulative": false
    },
    {
        "date": "2020-09-11T09:49:52Z",
        "value": "323.68359375",
        "cumulative": false
    },
    {
        "date": "2020-09-11T09:50:05Z",
        "value": "231.9140625",
        "cumulative": false
    },
    {
        "date": "2020-09-11T09:50:24Z",
        "value": "213.15234375",
        "cumulative": false
    },
    {
        "date": "2020-09-11T09:50:38Z",
        "value": "213.1171875",
        "cumulative": false
    },
    {
        "date": "2020-09-11T09:50:52Z",
        "value": "213.15234375",
        "cumulative": false
    },
    {
        "date": "2020-09-11T09:51:12Z",
        "value": "272.61328125",
        "cumulative": false
    },
    {
        "date": "2020-09-11T09:51:28Z",
        "value": "213.15234375",
        "cumulative": false
    },
    {
        "date": "2020-09-11T09:51:44Z",
        "value": "213.15234375",
        "cumulative": false
    },
    {
        "date": "2020-09-11T09:52:01Z",
        "value": "479.3671875",
        "cumulative": false
    },
    {
        "date": "2020-09-11T09:52:18Z",
        "value": "213.11328125",
        "cumulative": false
    },
    {
        "date": "2020-09-11T09:52:32Z",
        "value": "213.11328125",
        "cumulative": false
    },
    {
        "date": "2020-09-11T09:52:52Z",
        "value": "441.9921875",
        "cumulative": false
    },
    {
        "date": "2020-09-11T09:53:10Z",
        "value": "213.15234375",
        "cumulative": false
    },
    {
        "date": "2020-09-11T09:53:27Z",
        "value": "420.1171875",
        "cumulative": false
    },
    {
        "date": "2020-09-11T09:53:46Z",
        "value": "213.1171875",
        "cumulative": false
    },
    {
        "date": "2020-09-11T09:53:59Z",
        "value": "213.11328125",
        "cumulative": false
    },
    {
        "date": "2020-09-11T09:54:18Z",
        "value": "213.1796875",
        "cumulative": false
    },
    {
        "date": "2020-09-11T09:54:30Z",
        "value": "416.33203125",
        "cumulative": false
    },
    {
        "date": "2020-09-11T09:54:47Z",
        "value": "357.94921875",
        "cumulative": false
    },
    {
        "date": "2020-09-11T09:55:03Z",
        "value": "357.94921875",
        "cumulative": false
    },
    {
        "date": "2020-09-11T09:55:18Z",
        "value": "358.06640625",
        "cumulative": false
    },
    {
        "date": "2020-09-11T09:55:29Z",
        "value": "357.95703125",
        "cumulative": false
    },
    {
        "date": "2020-09-11T09:55:43Z",
        "value": "357.94921875",
        "cumulative": false
    },
    {
        "date": "2020-09-11T09:56:01Z",
        "value": "427.70703125",
        "cumulative": false
    },
    {
        "date": "2020-09-11T09:56:20Z",
        "value": "487.57421875",
        "cumulative": false
    },
    {
        "date": "2020-09-11T09:56:37Z",
        "value": "357.94921875",
        "cumulative": false
    },
    {
        "date": "2020-09-11T09:56:53Z",
        "value": "358.06640625",
        "cumulative": false
    },
    {
        "date": "2020-09-11T09:57:11Z",
        "value": "342.203125",
        "cumulative": false
    },
    {
        "date": "2020-09-11T09:57:25Z",
        "value": "238.08203125",
        "cumulative": false
    },
    {
        "date": "2020-09-11T09:57:41Z",
        "value": "238.0859375",
        "cumulative": false
    },
    {
        "date": "2020-09-11T09:57:56Z",
        "value": "238.19140625",
        "cumulative": false
    },
    {
        "date": "2020-09-11T09:58:10Z",
        "value": "238.08203125",
        "cumulative": false
    },
    {
        "date": "2020-09-11T09:58:21Z",
        "value": "238.08203125",
        "cumulative": false
    },
    {
        "date": "2020-09-11T09:58:37Z",
        "value": "238.19140625",
        "cumulative": false
    },
    {
        "date": "2020-09-11T09:58:52Z",
        "value": "491.0859375",
        "cumulative": false
    },
    {
        "date": "2020-09-11T09:59:05Z",
        "value": "238.08203125",
        "cumulative": false
    },
    {
        "date": "2020-09-11T09:59:23Z",
        "value": "249.4609375",
        "cumulative": false
    },
    {
        "date": "2020-09-11T09:59:40Z",
        "value": "483.08203125",
        "cumulative": false
    },
    {
        "date": "2020-09-11T09:59:58Z",
        "value": "238.08203125",
        "cumulative": false
    },
    {
        "date": "2020-09-11T10:00:10Z",
        "value": "238.19140625",
        "cumulative": false
    },
    {
        "date": "2020-09-11T10:00:30Z",
        "value": "238.08203125",
        "cumulative": false
    },
    {
        "date": "2020-09-11T10:00:50Z",
        "value": "238.08203125",
        "cumulative": false
    },
    {
        "date": "2020-09-11T10:01:01Z",
        "value": "238.19140625",
        "cumulative": false
    },
    {
        "date": "2020-09-11T10:01:15Z",
        "value": "238.08203125",
        "cumulative": false
    },
    {
        "date": "2020-09-11T10:01:32Z",
        "value": "565.4609375",
        "cumulative": false
    },
    {
        "date": "2020-09-11T10:01:49Z",
        "value": "238.0859375",
        "cumulative": false
    },
    {
        "date": "2020-09-11T10:02:09Z",
        "value": "238.0859375",
        "cumulative": false
    },
    {
        "date": "2020-09-11T10:02:19Z",
        "value": "554.296875",
        "cumulative": false
    },
    {
        "date": "2020-09-11T10:02:34Z",
        "value": "522.80078125",
        "cumulative": false
    },
    {
        "date": "2020-09-11T10:02:50Z",
        "value": "528.80078125",
        "cumulative": false
    },
    {
        "date": "2020-09-11T10:03:06Z",
        "value": "701.55078125",
        "cumulative": false
    },
    {
        "date": "2020-09-11T10:03:17Z",
        "value": "420.92578125",
        "cumulative": false
    },
    {
        "date": "2020-09-11T10:03:33Z",
        "value": "534.05078125",
        "cumulative": false
    },
    {
        "date": "2020-09-11T10:03:44Z",
        "value": "420.92578125",
        "cumulative": false
    },
    {
        "date": "2020-09-11T10:03:59Z",
        "value": "420.92578125",
        "cumulative": false
    },
    {
        "date": "2020-09-11T10:04:15Z",
        "value": "420.92578125",
        "cumulative": false
    },
    {
        "date": "2020-09-11T10:04:29Z",
        "value": "712.421875",
        "cumulative": false
    },
    {
        "date": "2020-09-11T10:04:40Z",
        "value": "723.546875",
        "cumulative": false
    },
    {
        "date": "2020-09-11T10:04:59Z",
        "value": "420.92578125",
        "cumulative": false
    },
    {
        "date": "2020-09-11T10:05:16Z",
        "value": "420.92578125",
        "cumulative": false
    },
    {
        "date": "2020-09-11T10:05:32Z",
        "value": "420.92578125",
        "cumulative": false
    },
    {
        "date": "2020-09-11T10:05:46Z",
        "value": "269.73046875",
        "cumulative": false
    },
    {
        "date": "2020-09-11T10:06:02Z",
        "value": "500.8125",
        "cumulative": false
    },
    {
        "date": "2020-09-11T10:06:18Z",
        "value": "527.4375",
        "cumulative": false
    },
    {
        "date": "2020-09-11T10:06:32Z",
        "value": "269.5625",
        "cumulative": false
    },
    {
        "date": "2020-09-11T10:06:43Z",
        "value": "269.56640625",
        "cumulative": false
    },
    {
        "date": "2020-09-11T10:06:58Z",
        "value": "269.5625",
        "cumulative": false
    },
    {
        "date": "2020-09-11T10:07:13Z",
        "value": "269.6796875",
        "cumulative": false
    },
    {
        "date": "2020-09-11T10:07:28Z",
        "value": "269.60546875",
        "cumulative": false
    },
    {
        "date": "2020-09-11T10:07:41Z",
        "value": "269.56640625",
        "cumulative": false
    },
    {
        "date": "2020-09-11T10:07:59Z",
        "value": "276.06640625",
        "cumulative": false
    },
    {
        "date": "2020-09-11T10:08:15Z",
        "value": "416.44140625",
        "cumulative": false
    },
    {
        "date": "2020-09-11T10:08:31Z",
        "value": "269.56640625",
        "cumulative": false
    },
    {
        "date": "2020-09-11T10:08:47Z",
        "value": "269.56640625",
        "cumulative": false
    },
    {
        "date": "2020-09-11T10:09:05Z",
        "value": "269.5625",
        "cumulative": false
    },
    {
        "date": "2020-09-11T10:09:23Z",
        "value": "269.5625",
        "cumulative": false
    },
    {
        "date": "2020-09-11T10:09:42Z",
        "value": "269.60546875",
        "cumulative": false
    },
    {
        "date": "2020-09-11T10:09:55Z",
        "value": "269.60546875",
        "cumulative": false
    },
    {
        "date": "2020-09-11T10:10:13Z",
        "value": "356.5625",
        "cumulative": false
    },
    {
        "date": "2020-09-11T10:10:26Z",
        "value": "269.60546875",
        "cumulative": false
    },
    {
        "date": "2020-09-11T10:10:39Z",
        "value": "269.60546875",
        "cumulative": false
    },
    {
        "date": "2020-09-11T10:10:51Z",
        "value": "269.60546875",
        "cumulative": false
    },
    {
        "date": "2020-09-11T10:11:02Z",
        "value": "524.3125",
        "cumulative": false
    },
    {
        "date": "2020-09-11T10:11:13Z",
        "value": "269.56640625",
        "cumulative": false
    },
    {
        "date": "2020-09-11T10:11:33Z",
        "value": "269.5625",
        "cumulative": false
    },
    {
        "date": "2020-09-11T10:11:43Z",
        "value": "716.5625",
        "cumulative": false
    },
    {
        "date": "2020-09-11T10:12:00Z",
        "value": "269.60546875",
        "cumulative": false
    },
    {
        "date": "2020-09-11T10:12:19Z",
        "value": "209.6953125",
        "cumulative": false
    },
    {
        "date": "2020-09-11T10:12:32Z",
        "value": "760.0390625",
        "cumulative": false
    },
    {
        "date": "2020-09-11T10:12:51Z",
        "value": "511.9140625",
        "cumulative": false
    },
    {
        "date": "2020-09-11T10:13:09Z",
        "value": "500.421875",
        "cumulative": false
    },
    {
        "date": "2020-09-11T10:13:29Z",
        "value": "500.421875",
        "cumulative": false
    },
    {
        "date": "2020-09-11T10:13:46Z",
        "value": "521.171875",
        "cumulative": false
    },
    {
        "date": "2020-09-11T10:13:59Z",
        "value": "500.421875",
        "cumulative": false
    },
    {
        "date": "2020-09-11T10:14:14Z",
        "value": "816.546875",
        "cumulative": false
    },
    {
        "date": "2020-09-11T10:14:25Z",
        "value": "500.44921875",
        "cumulative": false
    },
    {
        "date": "2020-09-11T10:14:44Z",
        "value": "681.421875",
        "cumulative": false
    },
    {
        "date": "2020-09-11T10:14:58Z",
        "value": "820.2890625",
        "cumulative": false
    },
    {
        "date": "2020-09-11T10:15:15Z",
        "value": "500.4140625",
        "cumulative": false
    },
    {
        "date": "2020-09-11T10:15:29Z",
        "value": "633.296875",
        "cumulative": false
    },
    {
        "date": "2020-09-11T10:15:46Z",
        "value": "707.5390625",
        "cumulative": false
    },
    {
        "date": "2020-09-11T10:15:59Z",
        "value": "500.44921875",
        "cumulative": false
    },
    {
        "date": "2020-09-11T10:16:11Z",
        "value": "500.4140625",
        "cumulative": false
    },
    {
        "date": "2020-09-11T10:16:22Z",
        "value": "745.4140625",
        "cumulative": false
    },
    {
        "date": "2020-09-11T10:16:36Z",
        "value": "734.56640625",
        "cumulative": false
    },
    {
        "date": "2020-09-11T10:16:49Z",
        "value": "309.3125",
        "cumulative": false
    },
    {
        "date": "2020-09-11T10:17:08Z",
        "value": "309.3125",
        "cumulative": false
    },
    {
        "date": "2020-09-11T10:17:23Z",
        "value": "309.36328125",
        "cumulative": false
    },
    {
        "date": "2020-09-11T10:17:35Z",
        "value": "309.31640625",
        "cumulative": false
    },
    {
        "date": "2020-09-11T10:17:53Z",
        "value": "309.36328125",
        "cumulative": false
    },
    {
        "date": "2020-09-11T10:18:08Z",
        "value": "802.44140625",
        "cumulative": false
    },
    {
        "date": "2020-09-11T10:18:18Z",
        "value": "846.69140625",
        "cumulative": false
    },
    {
        "date": "2020-09-11T10:18:38Z",
        "value": "311.81640625",
        "cumulative": false
    },
    {
        "date": "2020-09-11T10:18:55Z",
        "value": "309.31640625",
        "cumulative": false
    },
    {
        "date": "2020-09-11T10:19:13Z",
        "value": "309.3125",
        "cumulative": false
    },
    {
        "date": "2020-09-11T10:19:24Z",
        "value": "309.3125",
        "cumulative": false
    },
    {
        "date": "2020-09-11T10:19:34Z",
        "value": "451.0625",
        "cumulative": false
    },
    {
        "date": "2020-09-11T10:19:54Z",
        "value": "309.3125",
        "cumulative": false
    },
    {
        "date": "2020-09-11T10:20:10Z",
        "value": "309.31640625",
        "cumulative": false
    },
    {
        "date": "2020-09-11T10:20:28Z",
        "value": "309.36328125",
        "cumulative": false
    },
    {
        "date": "2020-09-11T10:20:41Z",
        "value": "309.31640625",
        "cumulative": false
    },
    {
        "date": "2020-09-11T10:20:53Z",
        "value": "547.69140625",
        "cumulative": false
    },
    {
        "date": "2020-09-11T10:21:06Z",
        "value": "309.3125",
        "cumulative": false
    },
    {
        "date": "2020-09-11T10:21:25Z",
        "value": "309.3125",
        "cumulative": false
    },
    {
        "date": "2020-09-11T10:21:38Z",
        "value": "309.3125",
        "cumulative": false
    },
    {
        "date": "2020-09-11T10:21:54Z",
        "value": "309.31640625",
        "cumulative": false
    },
    {
        "date": "2020-09-11T10:22:04Z",
        "value": "309.31640625",
        "cumulative": false
    },
    {
        "date": "2020-09-11T10:22:17Z",
        "value": "731.94140625",
        "cumulative": false
    },
    {
        "date": "2020-09-11T10:22:34Z",
        "value": "309.36328125",
        "cumulative": false
    },
    {
        "date": "2020-09-11T10:22:53Z",
        "value": "730.1875",
        "cumulative": false
    },
    {
        "date": "2020-09-11T10:23:10Z",
        "value": "309.36328125",
        "cumulative": false
    },
    {
        "date": "2020-09-11T10:23:28Z",
        "value": "309.31640625",
        "cumulative": false
    },
    {
        "date": "2020-09-11T10:23:41Z",
        "value": "309.3125",
        "cumulative": false
    },
    {
        "date": "2020-09-11T10:24:00Z",
        "value": "514.44140625",
        "cumulative": false
    },
    {
        "date": "2020-09-11T10:24:20Z",
        "value": "309.31640625",
        "cumulative": false
    },
    {
        "date": "2020-09-11T10:24:38Z",
        "value": "309.31640625",
        "cumulative": false
    },
    {
        "date": "2020-09-11T10:24:48Z",
        "value": "309.31640625",
        "cumulative": false
    },
    {
        "date": "2020-09-11T10:25:07Z",
        "value": "309.3125",
        "cumulative": false
    }
]