[
    {
        "date": "2020-09-11T09:20:45Z",
        "value": "1.671875",
        "cumulative": false
    },
    {
        "date": "2020-09-11T09:20:56Z",
        "value": "2.875",
        "cumulative": false
    },
    {
        "date": "2020-09-11T09:21:15Z",
        "value": "2.875",
        "cumulative": false
    },
    {
        "date": "2020-09-11T09:21:32Z",
        "value": "2.875",
        "cumulative": false
    },
    {
        "date": "2020-09-11T09:21:46Z",
        "value": "2.875",
        "cumulative": false
    },
    {
        "date": "2020-09-11T09:22:02Z",
        "value": "2.875",
        "cumulative": false
    },
    {
        "date": "2020-09-11T09:22:25Z",
        "value": "2.875",
        "cumulative": false
    },
    {
        "date": "2020-09-11T09:22:42Z",
        "value": "2.875",
        "cumulative": false
    },
    {
        "date": "2020-09-11T09:23:02Z",
        "value": "2.875",
        "cumulative": false
    },
    {
        "date": "2020-09-11T09:23:15Z",
        "value": "112.8984375",
        "cumulative": false
    },
    {
        "date": "2020-09-11T09:23:27Z",
        "value": "112.96484375",
        "cumulative": false
    },
    {
        "date": "2020-09-11T09:23:44Z",
        "value": "113.18359375",
        "cumulative": false
    },
    {
        "date": "2020-09-11T09:24:02Z",
        "value": "115.5546875",
        "cumulative": false
    },
    {
        "date": "2020-09-11T09:24:19Z",
        "value": "120.35546875",
        "cumulative": false
    },
    {
        "date": "2020-09-11T09:24:35Z",
        "value": "121.25",
        "cumulative": false
    },
    {
        "date": "2020-09-11T09:24:53Z",
        "value": "117.5859375",
        "cumulative": false
    },
    {
        "date": "2020-09-11T09:25:11Z",
        "value": "118.96875",
        "cumulative": false
    },
    {
        "date": "2020-09-11T09:25:28Z",
        "value": "125.046875",
        "cumulative": false
    },
    {
        "date": "2020-09-11T09:25:40Z",
        "value": "121.81640625",
        "cumulative": false
    },
    {
        "date": "2020-09-11T09:25:54Z",
        "value": "153.83203125",
        "cumulative": false
    },
    {
        "date": "2020-09-11T09:26:13Z",
        "value": "145.98046875",
        "cumulative": false
    },
    {
        "date": "2020-09-11T09:26:32Z",
        "value": "171.99609375",
        "cumulative": false
    },
    {
        "date": "2020-09-11T09:26:43Z",
        "value": "153.55859375",
        "cumulative": false
    },
    {
        "date": "2020-09-11T09:27:00Z",
        "value": "186.76953125",
        "cumulative": false
    },
    {
        "date": "2020-09-11T09:27:11Z",
        "value": "186.76953125",
        "cumulative": false
    },
    {
        "date": "2020-09-11T09:27:27Z",
        "value": "163.55078125",
        "cumulative": false
    },
    {
        "date": "2020-09-11T09:27:44Z",
        "value": "205.11328125",
        "cumulative": false
    },
    {
        "date": "2020-09-11T09:28:00Z",
        "value": "205.11328125",
        "cumulative": false
    },
    {
        "date": "2020-09-11T09:28:19Z",
        "value": "131.73046875",
        "cumulative": false
    },
    {
        "date": "2020-09-11T09:28:36Z",
        "value": "154.21484375",
        "cumulative": false
    },
    {
        "date": "2020-09-11T09:28:55Z",
        "value": "167.66015625",
        "cumulative": false
    },
    {
        "date": "2020-09-11T09:29:10Z",
        "value": "172.70703125",
        "cumulative": false
    },
    {
        "date": "2020-09-11T09:29:23Z",
        "value": "135.64453125",
        "cumulative": false
    },
    {
        "date": "2020-09-11T09:29:38Z",
        "value": "172.78125",
        "cumulative": false
    },
    {
        "date": "2020-09-11T09:29:49Z",
        "value": "209.71484375",
        "cumulative": false
    },
    {
        "date": "2020-09-11T09:30:00Z",
        "value": "200.9453125",
        "cumulative": false
    },
    {
        "date": "2020-09-11T09:30:14Z",
        "value": "200.93359375",
        "cumulative": false
    },
    {
        "date": "2020-09-11T09:30:33Z",
        "value": "187.3046875",
        "cumulative": false
    },
    {
        "date": "2020-09-11T09:30:51Z",
        "value": "186.8671875",
        "cumulative": false
    },
    {
        "date": "2020-09-11T09:31:10Z",
        "value": "230.19140625",
        "cumulative": false
    },
    {
        "date": "2020-09-11T09:31:29Z",
        "value": "226.44140625",
        "cumulative": false
    },
    {
        "date": "2020-09-11T09:31:49Z",
        "value": "176.24609375",
        "cumulative": false
    },
    {
        "date": "2020-09-11T09:31:59Z",
        "value": "176.31640625",
        "cumulative": false
    },
    {
        "date": "2020-09-11T09:32:16Z",
        "value": "146.65625",
        "cumulative": false
    },
    {
        "date": "2020-09-11T09:32:32Z",
        "value": "146.65625",
        "cumulative": false
    },
    {
        "date": "2020-09-11T09:32:47Z",
        "value": "205.7890625",
        "cumulative": false
    },
    {
        "date": "2020-09-11T09:32:59Z",
        "value": "205.8125",
        "cumulative": false
    },
    {
        "date": "2020-09-11T09:33:15Z",
        "value": "205.7109375",
        "cumulative": false
    },
    {
        "date": "2020-09-11T09:33:30Z",
        "value": "191.8203125",
        "cumulative": false
    },
    {
        "date": "2020-09-11T09:33:47Z",
        "value": "210.0703125",
        "cumulative": false
    },
    {
        "date": "2020-09-11T09:34:03Z",
        "value": "195.41796875",
        "cumulative": false
    },
    {
        "date": "2020-09-11T09:34:20Z",
        "value": "154.47265625",
        "cumulative": false
    },
    {
        "date": "2020-09-11T09:34:32Z",
        "value": "154.47265625",
        "cumulative": false
    },
    {
        "date": "2020-09-11T09:34:46Z",
        "value": "171.34765625",
        "cumulative": false
    },
    {
        "date": "2020-09-11T09:35:05Z",
        "value": "154.4296875",
        "cumulative": false
    },
    {
        "date": "2020-09-11T09:35:24Z",
        "value": "208.30859375",
        "cumulative": false
    },
    {
        "date": "2020-09-11T09:35:44Z",
        "value": "154.47265625",
        "cumulative": false
    },
    {
        "date": "2020-09-11T09:35:57Z",
        "value": "238.71875",
        "cumulative": false
    },
    {
        "date": "2020-09-11T09:36:12Z",
        "value": "246.125",
        "cumulative": false
    },
    {
        "date": "2020-09-11T09:36:26Z",
        "value": "211.46875",
        "cumulative": false
    },
    {
        "date": "2020-09-11T09:36:42Z",
        "value": "219.46875",
        "cumulative": false
    },
    {
        "date": "2020-09-11T09:36:55Z",
        "value": "193.39453125",
        "cumulative": false
    },
    {
        "date": "2020-09-11T09:37:08Z",
        "value": "164.375",
        "cumulative": false
    },
    {
        "date": "2020-09-11T09:37:22Z",
        "value": "164.375",
        "cumulative": false
    },
    {
        "date": "2020-09-11T09:37:37Z",
        "value": "164.26953125",
        "cumulative": false
    },
    {
        "date": "2020-09-11T09:37:50Z",
        "value": "269.26953125",
        "cumulative": false
    },
    {
        "date": "2020-09-11T09:38:08Z",
        "value": "274.5",
        "cumulative": false
    },
    {
        "date": "2020-09-11T09:38:24Z",
        "value": "164.265625",
        "cumulative": false
    },
    {
        "date": "2020-09-11T09:38:41Z",
        "value": "164.26953125",
        "cumulative": false
    },
    {
        "date": "2020-09-11T09:38:51Z",
        "value": "164.26953125",
        "cumulative": false
    },
    {
        "date": "2020-09-11T09:39:06Z",
        "value": "236.2578125",
        "cumulative": false
    },
    {
        "date": "2020-09-11T09:39:25Z",
        "value": "249.3828125",
        "cumulative": false
    },
    {
        "date": "2020-09-11T09:39:38Z",
        "value": "236.2578125",
        "cumulative": false
    },
    {
        "date": "2020-09-11T09:39:54Z",
        "value": "236.296875",
        "cumulative": false
    },
    {
        "date": "2020-09-11T09:40:04Z",
        "value": "236.2578125",
        "cumulative": false
    },
    {
        "date": "2020-09-11T09:40:22Z",
        "value": "176.765625",
        "cumulative": false
    },
    {
        "date": "2020-09-11T09:40:40Z",
        "value": "189.06640625",
        "cumulative": false
    },
    {
        "date": "2020-09-11T09:40:54Z",
        "value": "176.765625",
        "cumulative": false
    },
    {
        "date": "2020-09-11T09:41:10Z",
        "value": "176.6953125",
        "cumulative": false
    },
    {
        "date": "2020-09-11T09:41:24Z",
        "value": "176.69140625",
        "cumulative": false
    },
    {
        "date": "2020-09-11T09:41:34Z",
        "value": "296.44140625",
        "cumulative": false
    },
    {
        "date": "2020-09-11T09:41:49Z",
        "value": "298.4453125",
        "cumulative": false
    },
    {
        "date": "2020-09-11T09:42:01Z",
        "value": "176.6953125",
        "cumulative": false
    },
    {
        "date": "2020-09-11T09:42:17Z",
        "value": "176.765625",
        "cumulative": false
    },
    {
        "date": "2020-09-11T09:42:34Z",
        "value": "176.765625",
        "cumulative": false
    },
    {
        "date": "2020-09-11T09:42:54Z",
        "value": "176.765625",
        "cumulative": false
    },
    {
        "date": "2020-09-11T09:43:06Z",
        "value": "267.53515625",
        "cumulative": false
    },
    {
        "date": "2020-09-11T09:43:21Z",
        "value": "335.53515625",
        "cumulative": false
    },
    {
        "date": "2020-09-11T09:43:39Z",
        "value": "362.78515625",
        "cumulative": false
    },
    {
        "date": "2020-09-11T09:43:53Z",
        "value": "267.53515625",
        "cumulative": false
    },
    {
        "date": "2020-09-11T09:44:04Z",
        "value": "267.6328125",
        "cumulative": false
    },
    {
        "date": "2020-09-11T09:44:17Z",
        "value": "267.6328125",
        "cumulative": false
    },
    {
        "date": "2020-09-11T09:44:33Z",
        "value": "267.53515625",
        "cumulative": false
    },
    {
        "date": "2020-09-11T09:44:45Z",
        "value": "192.33984375",
        "cumulative": false
    },
    {
        "date": "2020-09-11T09:44:56Z",
        "value": "279.2109375",
        "cumulative": false
    },
    {
        "date": "2020-09-11T09:45:14Z",
        "value": "192.33984375",
        "cumulative": false
    },
    {
        "date": "2020-09-11T09:45:32Z",
        "value": "192.3359375",
        "cumulative": false
    },
    {
        "date": "2020-09-11T09:45:48Z",
        "value": "192.359375",
        "cumulative": false
    },
    {
        "date": "2020-09-11T09:46:04Z",
        "value": "192.359375",
        "cumulative": false
    },
    {
        "date": "2020-09-11T09:46:20Z",
        "value": "192.3359375",
        "cumulative": false
    },
    {
        "date": "2020-09-11T09:46:34Z",
        "value": "192.359375",
        "cumulative": false
    },
    {
        "date": "2020-09-11T09:46:49Z",
        "value": "192.3359375",
        "cumulative": false
    },
    {
        "date": "2020-09-11T09:47:08Z",
        "value": "192.3359375",
        "cumulative": false
    },
    {
        "date": "2020-09-11T09:47:20Z",
        "value": "293.08984375",
        "cumulative": false
    },
    {
        "date": "2020-09-11T09:47:40Z",
        "value": "192.33984375",
        "cumulative": false
    },
    {
        "date": "2020-09-11T09:47:55Z",
        "value": "192.359375",
        "cumulative": false
    },
    {
        "date": "2020-09-11T09:48:05Z",
        "value": "307.02734375",
        "cumulative": false
    },
    {
        "date": "2020-09-11T09:48:21Z",
        "value": "490.90234375",
        "cumulative": false
    },
    {
        "date": "2020-09-11T09:48:36Z",
        "value": "307.13671875",
        "cumulative": false
    },
    {
        "date": "2020-09-11T09:48:53Z",
        "value": "307.1171875",
        "cumulative": false
    },
    {
        "date": "2020-09-11T09:49:05Z",
        "value": "307.03125",
        "cumulative": false
    },
    {
        "date": "2020-09-11T09:49:16Z",
        "value": "423.53125",
        "cumulative": false
    },
    {
        "date": "2020-09-11T09:49:36Z",
        "value": "307.13671875",
        "cumulative": false
    },
    {
        "date": "2020-09-11T09:49:47Z",
        "value": "307.02734375",
        "cumulative": false
    },
    {
        "date": "2020-09-11T09:50:02Z",
        "value": "307.03125",
        "cumulative": false
    },
    {
        "date": "2020-09-11T09:50:14Z",
        "value": "212.08203125",
        "cumulative": false
    },
    {
        "date": "2020-09-11T09:50:24Z",
        "value": "212.12109375",
        "cumulative": false
    },
    {
        "date": "2020-09-11T09:50:35Z",
        "value": "212.08203125",
        "cumulative": false
    },
    {
        "date": "2020-09-11T09:50:52Z",
        "value": "212.0859375",
        "cumulative": false
    },
    {
        "date": "2020-09-11T09:51:08Z",
        "value": "212.12109375",
        "cumulative": false
    },
    {
        "date": "2020-09-11T09:51:25Z",
        "value": "241.5859375",
        "cumulative": false
    },
    {
        "date": "2020-09-11T09:51:41Z",
        "value": "212.12109375",
        "cumulative": false
    },
    {
        "date": "2020-09-11T09:51:59Z",
        "value": "212.12109375",
        "cumulative": false
    },
    {
        "date": "2020-09-11T09:52:16Z",
        "value": "212.12109375",
        "cumulative": false
    },
    {
        "date": "2020-09-11T09:52:34Z",
        "value": "461.20703125",
        "cumulative": false
    },
    {
        "date": "2020-09-11T09:52:46Z",
        "value": "212.0859375",
        "cumulative": false
    },
    {
        "date": "2020-09-11T09:53:03Z",
        "value": "212.12109375",
        "cumulative": false
    },
    {
        "date": "2020-09-11T09:53:18Z",
        "value": "212.08203125",
        "cumulative": false
    },
    {
        "date": "2020-09-11T09:53:30Z",
        "value": "212.12109375",
        "cumulative": false
    },
    {
        "date": "2020-09-11T09:53:46Z",
        "value": "212.0859375",
        "cumulative": false
    },
    {
        "date": "2020-09-11T09:54:05Z",
        "value": "391.20703125",
        "cumulative": false
    },
    {
        "date": "2020-09-11T09:54:23Z",
        "value": "356.92578125",
        "cumulative": false
    },
    {
        "date": "2020-09-11T09:54:36Z",
        "value": "357.03515625",
        "cumulative": false
    },
    {
        "date": "2020-09-11T09:54:49Z",
        "value": "445.30078125",
        "cumulative": false
    },
    {
        "date": "2020-09-11T09:55:08Z",
        "value": "357.03515625",
        "cumulative": false
    },
    {
        "date": "2020-09-11T09:55:23Z",
        "value": "356.92578125",
        "cumulative": false
    },
    {
        "date": "2020-09-11T09:55:35Z",
        "value": "356.92578125",
        "cumulative": false
    },
    {
        "date": "2020-09-11T09:55:54Z",
        "value": "356.92578125",
        "cumulative": false
    },
    {
        "date": "2020-09-11T09:56:08Z",
        "value": "477.80078125",
        "cumulative": false
    },
    {
        "date": "2020-09-11T09:56:27Z",
        "value": "419.55078125",
        "cumulative": false
    },
    {
        "date": "2020-09-11T09:56:45Z",
        "value": "521.54296875",
        "cumulative": false
    },
    {
        "date": "2020-09-11T09:57:03Z",
        "value": "237.046875",
        "cumulative": false
    },
    {
        "date": "2020-09-11T09:57:14Z",
        "value": "372.79296875",
        "cumulative": false
    },
    {
        "date": "2020-09-11T09:57:28Z",
        "value": "237.046875",
        "cumulative": false
    },
    {
        "date": "2020-09-11T09:57:41Z",
        "value": "237.046875",
        "cumulative": false
    },
    {
        "date": "2020-09-11T09:57:56Z",
        "value": "237.04296875",
        "cumulative": false
    },
    {
        "date": "2020-09-11T09:58:11Z",
        "value": "431.91796875",
        "cumulative": false
    },
    {
        "date": "2020-09-11T09:58:21Z",
        "value": "237.04296875",
        "cumulative": false
    },
    {
        "date": "2020-09-11T09:58:41Z",
        "value": "237.04296875",
        "cumulative": false
    },
    {
        "date": "2020-09-11T09:58:56Z",
        "value": "237.046875",
        "cumulative": false
    },
    {
        "date": "2020-09-11T09:59:07Z",
        "value": "237.04296875",
        "cumulative": false
    },
    {
        "date": "2020-09-11T09:59:21Z",
        "value": "569.29296875",
        "cumulative": false
    },
    {
        "date": "2020-09-11T09:59:32Z",
        "value": "237.04296875",
        "cumulative": false
    },
    {
        "date": "2020-09-11T09:59:50Z",
        "value": "237.04296875",
        "cumulative": false
    },
    {
        "date": "2020-09-11T10:00:03Z",
        "value": "237.15234375",
        "cumulative": false
    },
    {
        "date": "2020-09-11T10:00:18Z",
        "value": "237.04296875",
        "cumulative": false
    },
    {
        "date": "2020-09-11T10:00:31Z",
        "value": "237.15234375",
        "cumulative": false
    },
    {
        "date": "2020-09-11T10:00:46Z",
        "value": "237.046875",
        "cumulative": false
    },
    {
        "date": "2020-09-11T10:01:05Z",
        "value": "237.046875",
        "cumulative": false
    },
    {
        "date": "2020-09-11T10:01:16Z",
        "value": "565.91796875",
        "cumulative": false
    },
    {
        "date": "2020-09-11T10:01:26Z",
        "value": "237.15234375",
        "cumulative": false
    },
    {
        "date": "2020-09-11T10:01:45Z",
        "value": "515.546875",
        "cumulative": false
    },
    {
        "date": "2020-09-11T10:02:01Z",
        "value": "554.16796875",
        "cumulative": false
    },
    {
        "date": "2020-09-11T10:02:12Z",
        "value": "237.15234375",
        "cumulative": false
    },
    {
        "date": "2020-09-11T10:02:24Z",
        "value": "419.88671875",
        "cumulative": false
    },
    {
        "date": "2020-09-11T10:02:40Z",
        "value": "419.8828125",
        "cumulative": false
    },
    {
        "date": "2020-09-11T10:02:56Z",
        "value": "419.8828125",
        "cumulative": false
    },
    {
        "date": "2020-09-11T10:03:11Z",
        "value": "419.91015625",
        "cumulative": false
    },
    {
        "date": "2020-09-11T10:03:27Z",
        "value": "419.91015625",
        "cumulative": false
    },
    {
        "date": "2020-09-11T10:03:42Z",
        "value": "419.8828125",
        "cumulative": false
    },
    {
        "date": "2020-09-11T10:04:02Z",
        "value": "517.6328125",
        "cumulative": false
    },
    {
        "date": "2020-09-11T10:04:18Z",
        "value": "419.88671875",
        "cumulative": false
    },
    {
        "date": "2020-09-11T10:04:36Z",
        "value": "419.88671875",
        "cumulative": false
    },
    {
        "date": "2020-09-11T10:04:51Z",
        "value": "419.88671875",
        "cumulative": false
    },
    {
        "date": "2020-09-11T10:05:04Z",
        "value": "419.8828125",
        "cumulative": false
    },
    {
        "date": "2020-09-11T10:05:15Z",
        "value": "419.88671875",
        "cumulative": false
    },
    {
        "date": "2020-09-11T10:05:31Z",
        "value": "687.8828125",
        "cumulative": false
    },
    {
        "date": "2020-09-11T10:05:49Z",
        "value": "268.52734375",
        "cumulative": false
    },
    {
        "date": "2020-09-11T10:06:06Z",
        "value": "488.77734375",
        "cumulative": false
    },
    {
        "date": "2020-09-11T10:06:17Z",
        "value": "268.5234375",
        "cumulative": false
    },
    {
        "date": "2020-09-11T10:06:31Z",
        "value": "268.5234375",
        "cumulative": false
    },
    {
        "date": "2020-09-11T10:06:43Z",
        "value": "268.69140625",
        "cumulative": false
    },
    {
        "date": "2020-09-11T10:06:55Z",
        "value": "685.65234375",
        "cumulative": false
    },
    {
        "date": "2020-09-11T10:07:14Z",
        "value": "344.5234375",
        "cumulative": false
    },
    {
        "date": "2020-09-11T10:07:34Z",
        "value": "268.52734375",
        "cumulative": false
    },
    {
        "date": "2020-09-11T10:07:44Z",
        "value": "268.56640625",
        "cumulative": false
    },
    {
        "date": "2020-09-11T10:08:01Z",
        "value": "268.5234375",
        "cumulative": false
    },
    {
        "date": "2020-09-11T10:08:20Z",
        "value": "707.6484375",
        "cumulative": false
    },
    {
        "date": "2020-09-11T10:08:32Z",
        "value": "617.52734375",
        "cumulative": false
    },
    {
        "date": "2020-09-11T10:08:46Z",
        "value": "268.56640625",
        "cumulative": false
    },
    {
        "date": "2020-09-11T10:08:57Z",
        "value": "268.5234375",
        "cumulative": false
    },
    {
        "date": "2020-09-11T10:09:17Z",
        "value": "508.5234375",
        "cumulative": false
    },
    {
        "date": "2020-09-11T10:09:34Z",
        "value": "268.56640625",
        "cumulative": false
    },
    {
        "date": "2020-09-11T10:09:46Z",
        "value": "268.56640625",
        "cumulative": false
    },
    {
        "date": "2020-09-11T10:10:03Z",
        "value": "268.5234375",
        "cumulative": false
    },
    {
        "date": "2020-09-11T10:10:19Z",
        "value": "268.5234375",
        "cumulative": false
    },
    {
        "date": "2020-09-11T10:10:38Z",
        "value": "507.1484375",
        "cumulative": false
    },
    {
        "date": "2020-09-11T10:10:49Z",
        "value": "268.52734375",
        "cumulative": false
    },
    {
        "date": "2020-09-11T10:11:03Z",
        "value": "701.7734375",
        "cumulative": false
    },
    {
        "date": "2020-09-11T10:11:19Z",
        "value": "494.5234375",
        "cumulative": false
    },
    {
        "date": "2020-09-11T10:11:34Z",
        "value": "268.5234375",
        "cumulative": false
    },
    {
        "date": "2020-09-11T10:11:49Z",
        "value": "268.5234375",
        "cumulative": false
    },
    {
        "date": "2020-09-11T10:12:05Z",
        "value": "268.5234375",
        "cumulative": false
    },
    {
        "date": "2020-09-11T10:12:18Z",
        "value": "268.56640625",
        "cumulative": false
    },
    {
        "date": "2020-09-11T10:12:33Z",
        "value": "499.41015625",
        "cumulative": false
    },
    {
        "date": "2020-09-11T10:12:45Z",
        "value": "499.375",
        "cumulative": false
    },
    {
        "date": "2020-09-11T10:13:04Z",
        "value": "776.7578125",
        "cumulative": false
    },
    {
        "date": "2020-09-11T10:13:24Z",
        "value": "811.125",
        "cumulative": false
    },
    {
        "date": "2020-09-11T10:13:43Z",
        "value": "861.875",
        "cumulative": false
    },
    {
        "date": "2020-09-11T10:13:59Z",
        "value": "499.41015625",
        "cumulative": false
    },
    {
        "date": "2020-09-11T10:14:10Z",
        "value": "499.375",
        "cumulative": false
    },
    {
        "date": "2020-09-11T10:14:23Z",
        "value": "499.3828125",
        "cumulative": false
    },
    {
        "date": "2020-09-11T10:14:39Z",
        "value": "591.2578125",
        "cumulative": false
    },
    {
        "date": "2020-09-11T10:14:50Z",
        "value": "499.375",
        "cumulative": false
    },
    {
        "date": "2020-09-11T10:15:05Z",
        "value": "499.41015625",
        "cumulative": false
    },
    {
        "date": "2020-09-11T10:15:16Z",
        "value": "499.375",
        "cumulative": false
    },
    {
        "date": "2020-09-11T10:15:28Z",
        "value": "499.41015625",
        "cumulative": false
    },
    {
        "date": "2020-09-11T10:15:45Z",
        "value": "499.375",
        "cumulative": false
    },
    {
        "date": "2020-09-11T10:16:00Z",
        "value": "499.41015625",
        "cumulative": false
    },
    {
        "date": "2020-09-11T10:16:15Z",
        "value": "861.0078125",
        "cumulative": false
    },
    {
        "date": "2020-09-11T10:16:31Z",
        "value": "611.0078125",
        "cumulative": false
    },
    {
        "date": "2020-09-11T10:16:42Z",
        "value": "308.34375",
        "cumulative": false
    },
    {
        "date": "2020-09-11T10:17:02Z",
        "value": "308.41015625",
        "cumulative": false
    },
    {
        "date": "2020-09-11T10:17:13Z",
        "value": "308.3828125",
        "cumulative": false
    },
    {
        "date": "2020-09-11T10:17:28Z",
        "value": "308.2734375",
        "cumulative": false
    },
    {
        "date": "2020-09-11T10:17:46Z",
        "value": "308.27734375",
        "cumulative": false
    },
    {
        "date": "2020-09-11T10:17:59Z",
        "value": "308.37890625",
        "cumulative": false
    },
    {
        "date": "2020-09-11T10:18:19Z",
        "value": "308.2734375",
        "cumulative": false
    },
    {
        "date": "2020-09-11T10:18:37Z",
        "value": "308.27734375",
        "cumulative": false
    },
    {
        "date": "2020-09-11T10:18:49Z",
        "value": "592.65234375",
        "cumulative": false
    },
    {
        "date": "2020-09-11T10:19:04Z",
        "value": "612.6484375",
        "cumulative": false
    },
    {
        "date": "2020-09-11T10:19:20Z",
        "value": "308.2734375",
        "cumulative": false
    },
    {
        "date": "2020-09-11T10:19:31Z",
        "value": "308.2734375",
        "cumulative": false
    },
    {
        "date": "2020-09-11T10:19:46Z",
        "value": "308.27734375",
        "cumulative": false
    },
    {
        "date": "2020-09-11T10:19:59Z",
        "value": "308.27734375",
        "cumulative": false
    },
    {
        "date": "2020-09-11T10:20:14Z",
        "value": "308.2734375",
        "cumulative": false
    },
    {
        "date": "2020-09-11T10:20:27Z",
        "value": "625.8984375",
        "cumulative": false
    },
    {
        "date": "2020-09-11T10:20:44Z",
        "value": "308.37890625",
        "cumulative": false
    },
    {
        "date": "2020-09-11T10:20:58Z",
        "value": "433.7734375",
        "cumulative": false
    },
    {
        "date": "2020-09-11T10:21:10Z",
        "value": "308.44921875",
        "cumulative": false
    },
    {
        "date": "2020-09-11T10:21:25Z",
        "value": "308.2734375",
        "cumulative": false
    },
    {
        "date": "2020-09-11T10:21:44Z",
        "value": "308.27734375",
        "cumulative": false
    },
    {
        "date": "2020-09-11T10:22:00Z",
        "value": "308.2734375",
        "cumulative": false
    },
    {
        "date": "2020-09-11T10:22:13Z",
        "value": "308.27734375",
        "cumulative": false
    },
    {
        "date": "2020-09-11T10:22:24Z",
        "value": "308.32421875",
        "cumulative": false
    },
    {
        "date": "2020-09-11T10:22:36Z",
        "value": "308.27734375",
        "cumulative": false
    },
    {
        "date": "2020-09-11T10:22:51Z",
        "value": "308.2734375",
        "cumulative": false
    },
    {
        "date": "2020-09-11T10:23:10Z",
        "value": "308.32421875",
        "cumulative": false
    },
    {
        "date": "2020-09-11T10:23:25Z",
        "value": "308.32421875",
        "cumulative": false
    },
    {
        "date": "2020-09-11T10:23:45Z",
        "value": "814.1484375",
        "cumulative": false
    },
    {
        "date": "2020-09-11T10:23:58Z",
        "value": "308.27734375",
        "cumulative": false
    },
    {
        "date": "2020-09-11T10:24:09Z",
        "value": "308.27734375",
        "cumulative": false
    },
    {
        "date": "2020-09-11T10:24:22Z",
        "value": "308.32421875",
        "cumulative": false
    },
    {
        "date": "2020-09-11T10:24:32Z",
        "value": "308.2734375",
        "cumulative": false
    },
    {
        "date": "2020-09-11T10:24:47Z",
        "value": "442.1484375",
        "cumulative": false
    },
    {
        "date": "2020-09-11T10:25:01Z",
        "value": "308.27734375",
        "cumulative": false
    },
    {
        "date": "2020-09-11T10:25:11Z",
        "value": "117.15625",
        "cumulative": false
    }
]