[
    {
        "date": "2020-09-11T09:22:56Z",
        "value": "1.75390625",
        "cumulative": false
    },
    {
        "date": "2020-09-11T09:23:09Z",
        "value": "113.9140625",
        "cumulative": false
    },
    {
        "date": "2020-09-11T09:23:25Z",
        "value": "113.8671875",
        "cumulative": false
    },
    {
        "date": "2020-09-11T09:23:40Z",
        "value": "114.0234375",
        "cumulative": false
    },
    {
        "date": "2020-09-11T09:23:51Z",
        "value": "114.3125",
        "cumulative": false
    },
    {
        "date": "2020-09-11T09:24:09Z",
        "value": "117.078125",
        "cumulative": false
    },
    {
        "date": "2020-09-11T09:24:25Z",
        "value": "121.86328125",
        "cumulative": false
    },
    {
        "date": "2020-09-11T09:24:45Z",
        "value": "126.64453125",
        "cumulative": false
    },
    {
        "date": "2020-09-11T09:25:04Z",
        "value": "134.078125",
        "cumulative": false
    },
    {
        "date": "2020-09-11T09:25:16Z",
        "value": "143.6953125",
        "cumulative": false
    },
    {
        "date": "2020-09-11T09:25:27Z",
        "value": "139.21484375",
        "cumulative": false
    },
    {
        "date": "2020-09-11T09:25:45Z",
        "value": "133.71875",
        "cumulative": false
    },
    {
        "date": "2020-09-11T09:26:00Z",
        "value": "155.91796875",
        "cumulative": false
    },
    {
        "date": "2020-09-11T09:26:11Z",
        "value": "154.2265625",
        "cumulative": false
    },
    {
        "date": "2020-09-11T09:26:26Z",
        "value": "172.89453125",
        "cumulative": false
    },
    {
        "date": "2020-09-11T09:26:39Z",
        "value": "154.578125",
        "cumulative": false
    },
    {
        "date": "2020-09-11T09:26:53Z",
        "value": "154.5625",
        "cumulative": false
    },
    {
        "date": "2020-09-11T09:27:09Z",
        "value": "187.6640625",
        "cumulative": false
    },
    {
        "date": "2020-09-11T09:27:23Z",
        "value": "176.19140625",
        "cumulative": false
    },
    {
        "date": "2020-09-11T09:27:43Z",
        "value": "206.10546875",
        "cumulative": false
    },
    {
        "date": "2020-09-11T09:27:54Z",
        "value": "206.0078125",
        "cumulative": false
    },
    {
        "date": "2020-09-11T09:28:12Z",
        "value": "132.6953125",
        "cumulative": false
    },
    {
        "date": "2020-09-11T09:28:26Z",
        "value": "176.609375",
        "cumulative": false
    },
    {
        "date": "2020-09-11T09:28:45Z",
        "value": "155.17578125",
        "cumulative": false
    },
    {
        "date": "2020-09-11T09:28:58Z",
        "value": "155.21875",
        "cumulative": false
    },
    {
        "date": "2020-09-11T09:29:18Z",
        "value": "175.078125",
        "cumulative": false
    },
    {
        "date": "2020-09-11T09:29:31Z",
        "value": "163.42578125",
        "cumulative": false
    },
    {
        "date": "2020-09-11T09:29:48Z",
        "value": "173.578125",
        "cumulative": false
    },
    {
        "date": "2020-09-11T09:30:04Z",
        "value": "201.82421875",
        "cumulative": false
    },
    {
        "date": "2020-09-11T09:30:20Z",
        "value": "234.32421875",
        "cumulative": false
    },
    {
        "date": "2020-09-11T09:30:33Z",
        "value": "164.69921875",
        "cumulative": false
    },
    {
        "date": "2020-09-11T09:30:43Z",
        "value": "141.4453125",
        "cumulative": false
    },
    {
        "date": "2020-09-11T09:30:54Z",
        "value": "146.01171875",
        "cumulative": false
    },
    {
        "date": "2020-09-11T09:31:11Z",
        "value": "211.5703125",
        "cumulative": false
    },
    {
        "date": "2020-09-11T09:31:25Z",
        "value": "207.765625",
        "cumulative": false
    },
    {
        "date": "2020-09-11T09:31:35Z",
        "value": "235.515625",
        "cumulative": false
    },
    {
        "date": "2020-09-11T09:31:46Z",
        "value": "177.1484375",
        "cumulative": false
    },
    {
        "date": "2020-09-11T09:32:03Z",
        "value": "177.125",
        "cumulative": false
    },
    {
        "date": "2020-09-11T09:32:13Z",
        "value": "152.73828125",
        "cumulative": false
    },
    {
        "date": "2020-09-11T09:32:28Z",
        "value": "177.11328125",
        "cumulative": false
    },
    {
        "date": "2020-09-11T09:32:43Z",
        "value": "230.921875",
        "cumulative": false
    },
    {
        "date": "2020-09-11T09:32:57Z",
        "value": "147.546875",
        "cumulative": false
    },
    {
        "date": "2020-09-11T09:33:08Z",
        "value": "264.390625",
        "cumulative": false
    },
    {
        "date": "2020-09-11T09:33:18Z",
        "value": "192.7421875",
        "cumulative": false
    },
    {
        "date": "2020-09-11T09:33:36Z",
        "value": "192.7109375",
        "cumulative": false
    },
    {
        "date": "2020-09-11T09:33:48Z",
        "value": "192.73828125",
        "cumulative": false
    },
    {
        "date": "2020-09-11T09:34:05Z",
        "value": "229.55859375",
        "cumulative": false
    },
    {
        "date": "2020-09-11T09:34:20Z",
        "value": "155.3203125",
        "cumulative": false
    },
    {
        "date": "2020-09-11T09:34:32Z",
        "value": "155.38671875",
        "cumulative": false
    },
    {
        "date": "2020-09-11T09:34:48Z",
        "value": "155.4609375",
        "cumulative": false
    },
    {
        "date": "2020-09-11T09:35:04Z",
        "value": "155.3203125",
        "cumulative": false
    },
    {
        "date": "2020-09-11T09:35:22Z",
        "value": "155.484375",
        "cumulative": false
    },
    {
        "date": "2020-09-11T09:35:34Z",
        "value": "266.734375",
        "cumulative": false
    },
    {
        "date": "2020-09-11T09:35:51Z",
        "value": "240.953125",
        "cumulative": false
    },
    {
        "date": "2020-09-11T09:36:01Z",
        "value": "212.328125",
        "cumulative": false
    },
    {
        "date": "2020-09-11T09:36:13Z",
        "value": "212.328125",
        "cumulative": false
    },
    {
        "date": "2020-09-11T09:36:28Z",
        "value": "263.171875",
        "cumulative": false
    },
    {
        "date": "2020-09-11T09:36:46Z",
        "value": "212.328125",
        "cumulative": false
    },
    {
        "date": "2020-09-11T09:36:56Z",
        "value": "165.15625",
        "cumulative": false
    },
    {
        "date": "2020-09-11T09:37:09Z",
        "value": "273.53125",
        "cumulative": false
    },
    {
        "date": "2020-09-11T09:37:27Z",
        "value": "165.15625",
        "cumulative": false
    },
    {
        "date": "2020-09-11T09:37:39Z",
        "value": "175.13671875",
        "cumulative": false
    },
    {
        "date": "2020-09-11T09:37:56Z",
        "value": "165.26171875",
        "cumulative": false
    },
    {
        "date": "2020-09-11T09:38:09Z",
        "value": "220.40625",
        "cumulative": false
    },
    {
        "date": "2020-09-11T09:38:28Z",
        "value": "235.28125",
        "cumulative": false
    },
    {
        "date": "2020-09-11T09:38:47Z",
        "value": "165.26171875",
        "cumulative": false
    },
    {
        "date": "2020-09-11T09:38:59Z",
        "value": "237.1484375",
        "cumulative": false
    },
    {
        "date": "2020-09-11T09:39:13Z",
        "value": "334.140625",
        "cumulative": false
    },
    {
        "date": "2020-09-11T09:39:27Z",
        "value": "248.390625",
        "cumulative": false
    },
    {
        "date": "2020-09-11T09:39:37Z",
        "value": "263.515625",
        "cumulative": false
    },
    {
        "date": "2020-09-11T09:39:55Z",
        "value": "237.15625",
        "cumulative": false
    },
    {
        "date": "2020-09-11T09:40:10Z",
        "value": "237.140625",
        "cumulative": false
    },
    {
        "date": "2020-09-11T09:40:22Z",
        "value": "177.58203125",
        "cumulative": false
    },
    {
        "date": "2020-09-11T09:40:33Z",
        "value": "177.65234375",
        "cumulative": false
    },
    {
        "date": "2020-09-11T09:40:44Z",
        "value": "177.65234375",
        "cumulative": false
    },
    {
        "date": "2020-09-11T09:41:01Z",
        "value": "309.33203125",
        "cumulative": false
    },
    {
        "date": "2020-09-11T09:41:19Z",
        "value": "177.58203125",
        "cumulative": false
    },
    {
        "date": "2020-09-11T09:41:30Z",
        "value": "177.5859375",
        "cumulative": false
    },
    {
        "date": "2020-09-11T09:41:45Z",
        "value": "177.58203125",
        "cumulative": false
    },
    {
        "date": "2020-09-11T09:42:01Z",
        "value": "177.58203125",
        "cumulative": false
    },
    {
        "date": "2020-09-11T09:42:12Z",
        "value": "177.5859375",
        "cumulative": false
    },
    {
        "date": "2020-09-11T09:42:26Z",
        "value": "177.65234375",
        "cumulative": false
    },
    {
        "date": "2020-09-11T09:42:44Z",
        "value": "178.7109375",
        "cumulative": false
    },
    {
        "date": "2020-09-11T09:42:58Z",
        "value": "268.42578125",
        "cumulative": false
    },
    {
        "date": "2020-09-11T09:43:15Z",
        "value": "268.42578125",
        "cumulative": false
    },
    {
        "date": "2020-09-11T09:43:25Z",
        "value": "268.5234375",
        "cumulative": false
    },
    {
        "date": "2020-09-11T09:43:37Z",
        "value": "288.5234375",
        "cumulative": false
    },
    {
        "date": "2020-09-11T09:43:48Z",
        "value": "268.42578125",
        "cumulative": false
    },
    {
        "date": "2020-09-11T09:43:59Z",
        "value": "268.5234375",
        "cumulative": false
    },
    {
        "date": "2020-09-11T09:44:11Z",
        "value": "268.5234375",
        "cumulative": false
    },
    {
        "date": "2020-09-11T09:44:24Z",
        "value": "268.42578125",
        "cumulative": false
    },
    {
        "date": "2020-09-11T09:44:38Z",
        "value": "289.2265625",
        "cumulative": false
    },
    {
        "date": "2020-09-11T09:44:50Z",
        "value": "193.2265625",
        "cumulative": false
    },
    {
        "date": "2020-09-11T09:45:09Z",
        "value": "193.2265625",
        "cumulative": false
    },
    {
        "date": "2020-09-11T09:45:19Z",
        "value": "193.22265625",
        "cumulative": false
    },
    {
        "date": "2020-09-11T09:45:29Z",
        "value": "193.2265625",
        "cumulative": false
    },
    {
        "date": "2020-09-11T09:45:45Z",
        "value": "382.97265625",
        "cumulative": false
    },
    {
        "date": "2020-09-11T09:46:05Z",
        "value": "264.22265625",
        "cumulative": false
    },
    {
        "date": "2020-09-11T09:46:23Z",
        "value": "299.6015625",
        "cumulative": false
    },
    {
        "date": "2020-09-11T09:46:39Z",
        "value": "193.2265625",
        "cumulative": false
    },
    {
        "date": "2020-09-11T09:46:56Z",
        "value": "193.24609375",
        "cumulative": false
    },
    {
        "date": "2020-09-11T09:47:09Z",
        "value": "193.22265625",
        "cumulative": false
    },
    {
        "date": "2020-09-11T09:47:28Z",
        "value": "193.2265625",
        "cumulative": false
    },
    {
        "date": "2020-09-11T09:47:46Z",
        "value": "269.72265625",
        "cumulative": false
    },
    {
        "date": "2020-09-11T09:47:58Z",
        "value": "307.921875",
        "cumulative": false
    },
    {
        "date": "2020-09-11T09:48:08Z",
        "value": "307.921875",
        "cumulative": false
    },
    {
        "date": "2020-09-11T09:48:20Z",
        "value": "307.91796875",
        "cumulative": false
    },
    {
        "date": "2020-09-11T09:48:37Z",
        "value": "459.421875",
        "cumulative": false
    },
    {
        "date": "2020-09-11T09:48:56Z",
        "value": "308.02734375",
        "cumulative": false
    },
    {
        "date": "2020-09-11T09:49:14Z",
        "value": "308.02734375",
        "cumulative": false
    },
    {
        "date": "2020-09-11T09:49:27Z",
        "value": "308.02734375",
        "cumulative": false
    },
    {
        "date": "2020-09-11T09:49:46Z",
        "value": "308.02734375",
        "cumulative": false
    },
    {
        "date": "2020-09-11T09:50:02Z",
        "value": "307.921875",
        "cumulative": false
    },
    {
        "date": "2020-09-11T09:50:17Z",
        "value": "212.9765625",
        "cumulative": false
    },
    {
        "date": "2020-09-11T09:50:35Z",
        "value": "213.01171875",
        "cumulative": false
    },
    {
        "date": "2020-09-11T09:50:51Z",
        "value": "212.97265625",
        "cumulative": false
    },
    {
        "date": "2020-09-11T09:51:01Z",
        "value": "212.97265625",
        "cumulative": false
    },
    {
        "date": "2020-09-11T09:51:11Z",
        "value": "212.97265625",
        "cumulative": false
    },
    {
        "date": "2020-09-11T09:51:28Z",
        "value": "450.72265625",
        "cumulative": false
    },
    {
        "date": "2020-09-11T09:51:40Z",
        "value": "401.8515625",
        "cumulative": false
    },
    {
        "date": "2020-09-11T09:51:54Z",
        "value": "474.72265625",
        "cumulative": false
    },
    {
        "date": "2020-09-11T09:52:04Z",
        "value": "213.01171875",
        "cumulative": false
    },
    {
        "date": "2020-09-11T09:52:20Z",
        "value": "212.9765625",
        "cumulative": false
    },
    {
        "date": "2020-09-11T09:52:38Z",
        "value": "212.97265625",
        "cumulative": false
    },
    {
        "date": "2020-09-11T09:52:53Z",
        "value": "212.97265625",
        "cumulative": false
    },
    {
        "date": "2020-09-11T09:53:11Z",
        "value": "212.9765625",
        "cumulative": false
    },
    {
        "date": "2020-09-11T09:53:28Z",
        "value": "213.08984375",
        "cumulative": false
    },
    {
        "date": "2020-09-11T09:53:44Z",
        "value": "248.34765625",
        "cumulative": false
    },
    {
        "date": "2020-09-11T09:53:59Z",
        "value": "212.97265625",
        "cumulative": false
    },
    {
        "date": "2020-09-11T09:54:11Z",
        "value": "212.9765625",
        "cumulative": false
    },
    {
        "date": "2020-09-11T09:54:26Z",
        "value": "365.9375",
        "cumulative": false
    },
    {
        "date": "2020-09-11T09:54:46Z",
        "value": "357.8125",
        "cumulative": false
    },
    {
        "date": "2020-09-11T09:54:59Z",
        "value": "534.9375",
        "cumulative": false
    },
    {
        "date": "2020-09-11T09:55:10Z",
        "value": "501.80078125",
        "cumulative": false
    },
    {
        "date": "2020-09-11T09:55:29Z",
        "value": "357.8125",
        "cumulative": false
    },
    {
        "date": "2020-09-11T09:55:48Z",
        "value": "357.9140625",
        "cumulative": false
    },
    {
        "date": "2020-09-11T09:56:07Z",
        "value": "357.8125",
        "cumulative": false
    },
    {
        "date": "2020-09-11T09:56:27Z",
        "value": "357.92578125",
        "cumulative": false
    },
    {
        "date": "2020-09-11T09:56:42Z",
        "value": "552.93359375",
        "cumulative": false
    },
    {
        "date": "2020-09-11T09:56:56Z",
        "value": "357.80859375",
        "cumulative": false
    },
    {
        "date": "2020-09-11T09:57:09Z",
        "value": "237.93359375",
        "cumulative": false
    },
    {
        "date": "2020-09-11T09:57:28Z",
        "value": "237.93359375",
        "cumulative": false
    },
    {
        "date": "2020-09-11T09:57:46Z",
        "value": "237.98828125",
        "cumulative": false
    },
    {
        "date": "2020-09-11T09:58:03Z",
        "value": "237.93359375",
        "cumulative": false
    },
    {
        "date": "2020-09-11T09:58:21Z",
        "value": "237.93359375",
        "cumulative": false
    },
    {
        "date": "2020-09-11T09:58:41Z",
        "value": "237.93359375",
        "cumulative": false
    },
    {
        "date": "2020-09-11T09:58:53Z",
        "value": "237.93359375",
        "cumulative": false
    },
    {
        "date": "2020-09-11T09:59:08Z",
        "value": "238.04296875",
        "cumulative": false
    },
    {
        "date": "2020-09-11T09:59:26Z",
        "value": "237.93359375",
        "cumulative": false
    },
    {
        "date": "2020-09-11T09:59:42Z",
        "value": "237.93359375",
        "cumulative": false
    },
    {
        "date": "2020-09-11T09:59:58Z",
        "value": "237.93359375",
        "cumulative": false
    },
    {
        "date": "2020-09-11T10:00:09Z",
        "value": "500.80859375",
        "cumulative": false
    },
    {
        "date": "2020-09-11T10:00:24Z",
        "value": "237.93359375",
        "cumulative": false
    },
    {
        "date": "2020-09-11T10:00:38Z",
        "value": "396.18359375",
        "cumulative": false
    },
    {
        "date": "2020-09-11T10:00:53Z",
        "value": "237.93359375",
        "cumulative": false
    },
    {
        "date": "2020-09-11T10:01:11Z",
        "value": "237.93359375",
        "cumulative": false
    },
    {
        "date": "2020-09-11T10:01:25Z",
        "value": "237.93359375",
        "cumulative": false
    },
    {
        "date": "2020-09-11T10:01:41Z",
        "value": "292.05859375",
        "cumulative": false
    },
    {
        "date": "2020-09-11T10:02:00Z",
        "value": "237.93359375",
        "cumulative": false
    },
    {
        "date": "2020-09-11T10:02:18Z",
        "value": "420.78125",
        "cumulative": false
    },
    {
        "date": "2020-09-11T10:02:34Z",
        "value": "420.7734375",
        "cumulative": false
    },
    {
        "date": "2020-09-11T10:02:46Z",
        "value": "420.7734375",
        "cumulative": false
    },
    {
        "date": "2020-09-11T10:02:59Z",
        "value": "420.7734375",
        "cumulative": false
    },
    {
        "date": "2020-09-11T10:03:11Z",
        "value": "420.7734375",
        "cumulative": false
    },
    {
        "date": "2020-09-11T10:03:25Z",
        "value": "420.80078125",
        "cumulative": false
    },
    {
        "date": "2020-09-11T10:03:36Z",
        "value": "420.7734375",
        "cumulative": false
    },
    {
        "date": "2020-09-11T10:03:55Z",
        "value": "420.80078125",
        "cumulative": false
    },
    {
        "date": "2020-09-11T10:04:09Z",
        "value": "476.8984375",
        "cumulative": false
    },
    {
        "date": "2020-09-11T10:04:28Z",
        "value": "420.7734375",
        "cumulative": false
    },
    {
        "date": "2020-09-11T10:04:42Z",
        "value": "420.80078125",
        "cumulative": false
    },
    {
        "date": "2020-09-11T10:04:53Z",
        "value": "420.828125",
        "cumulative": false
    },
    {
        "date": "2020-09-11T10:05:11Z",
        "value": "420.80078125",
        "cumulative": false
    },
    {
        "date": "2020-09-11T10:05:29Z",
        "value": "420.7734375",
        "cumulative": false
    },
    {
        "date": "2020-09-11T10:05:45Z",
        "value": "340.66015625",
        "cumulative": false
    },
    {
        "date": "2020-09-11T10:06:03Z",
        "value": "269.4140625",
        "cumulative": false
    },
    {
        "date": "2020-09-11T10:06:16Z",
        "value": "269.41015625",
        "cumulative": false
    },
    {
        "date": "2020-09-11T10:06:33Z",
        "value": "269.41015625",
        "cumulative": false
    },
    {
        "date": "2020-09-11T10:06:51Z",
        "value": "269.4140625",
        "cumulative": false
    },
    {
        "date": "2020-09-11T10:07:08Z",
        "value": "269.453125",
        "cumulative": false
    },
    {
        "date": "2020-09-11T10:07:20Z",
        "value": "269.41015625",
        "cumulative": false
    },
    {
        "date": "2020-09-11T10:07:32Z",
        "value": "269.4140625",
        "cumulative": false
    },
    {
        "date": "2020-09-11T10:07:51Z",
        "value": "493.9140625",
        "cumulative": false
    },
    {
        "date": "2020-09-11T10:08:09Z",
        "value": "269.41015625",
        "cumulative": false
    },
    {
        "date": "2020-09-11T10:08:28Z",
        "value": "583.91015625",
        "cumulative": false
    },
    {
        "date": "2020-09-11T10:08:42Z",
        "value": "269.41015625",
        "cumulative": false
    },
    {
        "date": "2020-09-11T10:08:53Z",
        "value": "269.453125",
        "cumulative": false
    },
    {
        "date": "2020-09-11T10:09:08Z",
        "value": "496.16015625",
        "cumulative": false
    },
    {
        "date": "2020-09-11T10:09:27Z",
        "value": "269.4140625",
        "cumulative": false
    },
    {
        "date": "2020-09-11T10:09:40Z",
        "value": "269.41015625",
        "cumulative": false
    },
    {
        "date": "2020-09-11T10:09:51Z",
        "value": "269.4140625",
        "cumulative": false
    },
    {
        "date": "2020-09-11T10:10:02Z",
        "value": "269.453125",
        "cumulative": false
    },
    {
        "date": "2020-09-11T10:10:15Z",
        "value": "269.4140625",
        "cumulative": false
    },
    {
        "date": "2020-09-11T10:10:31Z",
        "value": "269.4140625",
        "cumulative": false
    },
    {
        "date": "2020-09-11T10:10:44Z",
        "value": "269.41015625",
        "cumulative": false
    },
    {
        "date": "2020-09-11T10:10:54Z",
        "value": "478.28515625",
        "cumulative": false
    },
    {
        "date": "2020-09-11T10:11:12Z",
        "value": "269.4140625",
        "cumulative": false
    },
    {
        "date": "2020-09-11T10:11:25Z",
        "value": "269.41015625",
        "cumulative": false
    },
    {
        "date": "2020-09-11T10:11:40Z",
        "value": "269.41015625",
        "cumulative": false
    },
    {
        "date": "2020-09-11T10:11:54Z",
        "value": "269.4140625",
        "cumulative": false
    },
    {
        "date": "2020-09-11T10:12:10Z",
        "value": "269.4140625",
        "cumulative": false
    },
    {
        "date": "2020-09-11T10:12:24Z",
        "value": "500.26953125",
        "cumulative": false
    },
    {
        "date": "2020-09-11T10:12:37Z",
        "value": "561.140625",
        "cumulative": false
    },
    {
        "date": "2020-09-11T10:12:48Z",
        "value": "500.26953125",
        "cumulative": false
    },
    {
        "date": "2020-09-11T10:13:01Z",
        "value": "500.265625",
        "cumulative": false
    },
    {
        "date": "2020-09-11T10:13:19Z",
        "value": "500.26953125",
        "cumulative": false
    },
    {
        "date": "2020-09-11T10:13:36Z",
        "value": "500.265625",
        "cumulative": false
    },
    {
        "date": "2020-09-11T10:13:47Z",
        "value": "500.265625",
        "cumulative": false
    },
    {
        "date": "2020-09-11T10:14:05Z",
        "value": "503.39453125",
        "cumulative": false
    },
    {
        "date": "2020-09-11T10:14:23Z",
        "value": "500.30078125",
        "cumulative": false
    },
    {
        "date": "2020-09-11T10:14:38Z",
        "value": "500.26953125",
        "cumulative": false
    },
    {
        "date": "2020-09-11T10:14:49Z",
        "value": "500.26953125",
        "cumulative": false
    },
    {
        "date": "2020-09-11T10:15:03Z",
        "value": "876.640625",
        "cumulative": false
    },
    {
        "date": "2020-09-11T10:15:22Z",
        "value": "627.140625",
        "cumulative": false
    },
    {
        "date": "2020-09-11T10:15:37Z",
        "value": "541.390625",
        "cumulative": false
    },
    {
        "date": "2020-09-11T10:15:51Z",
        "value": "738.140625",
        "cumulative": false
    },
    {
        "date": "2020-09-11T10:16:01Z",
        "value": "500.265625",
        "cumulative": false
    },
    {
        "date": "2020-09-11T10:16:17Z",
        "value": "500.265625",
        "cumulative": false
    },
    {
        "date": "2020-09-11T10:16:34Z",
        "value": "309.1640625",
        "cumulative": false
    },
    {
        "date": "2020-09-11T10:16:53Z",
        "value": "309.1640625",
        "cumulative": false
    },
    {
        "date": "2020-09-11T10:17:12Z",
        "value": "760.16015625",
        "cumulative": false
    },
    {
        "date": "2020-09-11T10:17:22Z",
        "value": "864.28515625",
        "cumulative": false
    },
    {
        "date": "2020-09-11T10:17:39Z",
        "value": "309.16015625",
        "cumulative": false
    },
    {
        "date": "2020-09-11T10:17:55Z",
        "value": "309.1640625",
        "cumulative": false
    },
    {
        "date": "2020-09-11T10:18:11Z",
        "value": "309.16015625",
        "cumulative": false
    },
    {
        "date": "2020-09-11T10:18:23Z",
        "value": "856.78515625",
        "cumulative": false
    },
    {
        "date": "2020-09-11T10:18:40Z",
        "value": "309.16015625",
        "cumulative": false
    },
    {
        "date": "2020-09-11T10:18:59Z",
        "value": "766.6640625",
        "cumulative": false
    },
    {
        "date": "2020-09-11T10:19:14Z",
        "value": "619.53515625",
        "cumulative": false
    },
    {
        "date": "2020-09-11T10:19:27Z",
        "value": "309.1640625",
        "cumulative": false
    },
    {
        "date": "2020-09-11T10:19:39Z",
        "value": "309.1640625",
        "cumulative": false
    },
    {
        "date": "2020-09-11T10:19:53Z",
        "value": "309.16015625",
        "cumulative": false
    },
    {
        "date": "2020-09-11T10:20:08Z",
        "value": "309.1640625",
        "cumulative": false
    },
    {
        "date": "2020-09-11T10:20:23Z",
        "value": "309.16015625",
        "cumulative": false
    },
    {
        "date": "2020-09-11T10:20:40Z",
        "value": "309.1640625",
        "cumulative": false
    },
    {
        "date": "2020-09-11T10:20:58Z",
        "value": "588.53515625",
        "cumulative": false
    },
    {
        "date": "2020-09-11T10:21:13Z",
        "value": "309.1640625",
        "cumulative": false
    },
    {
        "date": "2020-09-11T10:21:24Z",
        "value": "662.9140625",
        "cumulative": false
    },
    {
        "date": "2020-09-11T10:21:38Z",
        "value": "309.16015625",
        "cumulative": false
    },
    {
        "date": "2020-09-11T10:21:51Z",
        "value": "598.78515625",
        "cumulative": false
    },
    {
        "date": "2020-09-11T10:22:08Z",
        "value": "309.16015625",
        "cumulative": false
    },
    {
        "date": "2020-09-11T10:22:21Z",
        "value": "309.16015625",
        "cumulative": false
    },
    {
        "date": "2020-09-11T10:22:39Z",
        "value": "309.16015625",
        "cumulative": false
    },
    {
        "date": "2020-09-11T10:22:58Z",
        "value": "532.2890625",
        "cumulative": false
    },
    {
        "date": "2020-09-11T10:23:12Z",
        "value": "309.16015625",
        "cumulative": false
    },
    {
        "date": "2020-09-11T10:23:24Z",
        "value": "701.03515625",
        "cumulative": false
    },
    {
        "date": "2020-09-11T10:23:37Z",
        "value": "309.1640625",
        "cumulative": false
    },
    {
        "date": "2020-09-11T10:23:51Z",
        "value": "309.2109375",
        "cumulative": false
    },
    {
        "date": "2020-09-11T10:24:08Z",
        "value": "309.1640625",
        "cumulative": false
    },
    {
        "date": "2020-09-11T10:24:19Z",
        "value": "309.1640625",
        "cumulative": false
    },
    {
        "date": "2020-09-11T10:24:35Z",
        "value": "309.16015625",
        "cumulative": false
    },
    {
        "date": "2020-09-11T10:24:50Z",
        "value": "309.1640625",
        "cumulative": false
    },
    {
        "date": "2020-09-11T10:25:05Z",
        "value": "309.16015625",
        "cumulative": false
    }
]