[
    {
        "date": "2020-09-11T09:22:54Z",
        "value": "1.70703125",
        "cumulative": false
    },
    {
        "date": "2020-09-11T09:23:10Z",
        "value": "113.75",
        "cumulative": false
    },
    {
        "date": "2020-09-11T09:23:28Z",
        "value": "113.828125",
        "cumulative": false
    },
    {
        "date": "2020-09-11T09:23:47Z",
        "value": "114.04296875",
        "cumulative": false
    },
    {
        "date": "2020-09-11T09:23:59Z",
        "value": "115.328125",
        "cumulative": false
    },
    {
        "date": "2020-09-11T09:24:18Z",
        "value": "121.41796875",
        "cumulative": false
    },
    {
        "date": "2020-09-11T09:24:31Z",
        "value": "125.75390625",
        "cumulative": false
    },
    {
        "date": "2020-09-11T09:24:45Z",
        "value": "117.58984375",
        "cumulative": false
    },
    {
        "date": "2020-09-11T09:25:04Z",
        "value": "130.46484375",
        "cumulative": false
    },
    {
        "date": "2020-09-11T09:25:17Z",
        "value": "143.6953125",
        "cumulative": false
    },
    {
        "date": "2020-09-11T09:25:32Z",
        "value": "151.51953125",
        "cumulative": false
    },
    {
        "date": "2020-09-11T09:25:46Z",
        "value": "122.78125",
        "cumulative": false
    },
    {
        "date": "2020-09-11T09:26:00Z",
        "value": "137.734375",
        "cumulative": false
    },
    {
        "date": "2020-09-11T09:26:15Z",
        "value": "125.3125",
        "cumulative": false
    },
    {
        "date": "2020-09-11T09:26:35Z",
        "value": "126.91796875",
        "cumulative": false
    },
    {
        "date": "2020-09-11T09:26:50Z",
        "value": "154.5703125",
        "cumulative": false
    },
    {
        "date": "2020-09-11T09:27:07Z",
        "value": "187.6640625",
        "cumulative": false
    },
    {
        "date": "2020-09-11T09:27:17Z",
        "value": "164.4453125",
        "cumulative": false
    },
    {
        "date": "2020-09-11T09:27:36Z",
        "value": "129.703125",
        "cumulative": false
    },
    {
        "date": "2020-09-11T09:27:53Z",
        "value": "206.01171875",
        "cumulative": false
    },
    {
        "date": "2020-09-11T09:28:07Z",
        "value": "176.734375",
        "cumulative": false
    },
    {
        "date": "2020-09-11T09:28:20Z",
        "value": "176.68359375",
        "cumulative": false
    },
    {
        "date": "2020-09-11T09:28:40Z",
        "value": "155.17578125",
        "cumulative": false
    },
    {
        "date": "2020-09-11T09:28:55Z",
        "value": "155.18359375",
        "cumulative": false
    },
    {
        "date": "2020-09-11T09:29:15Z",
        "value": "192.23828125",
        "cumulative": false
    },
    {
        "date": "2020-09-11T09:29:29Z",
        "value": "210.8046875",
        "cumulative": false
    },
    {
        "date": "2020-09-11T09:29:41Z",
        "value": "173.50390625",
        "cumulative": false
    },
    {
        "date": "2020-09-11T09:29:54Z",
        "value": "201.84375",
        "cumulative": false
    },
    {
        "date": "2020-09-11T09:30:11Z",
        "value": "233.21484375",
        "cumulative": false
    },
    {
        "date": "2020-09-11T09:30:31Z",
        "value": "211.765625",
        "cumulative": false
    },
    {
        "date": "2020-09-11T09:30:50Z",
        "value": "211.578125",
        "cumulative": false
    },
    {
        "date": "2020-09-11T09:31:03Z",
        "value": "188.140625",
        "cumulative": false
    },
    {
        "date": "2020-09-11T09:31:21Z",
        "value": "186.2734375",
        "cumulative": false
    },
    {
        "date": "2020-09-11T09:31:40Z",
        "value": "210.46875",
        "cumulative": false
    },
    {
        "date": "2020-09-11T09:31:58Z",
        "value": "177.1484375",
        "cumulative": false
    },
    {
        "date": "2020-09-11T09:32:09Z",
        "value": "177.17578125",
        "cumulative": false
    },
    {
        "date": "2020-09-11T09:32:28Z",
        "value": "177.0234375",
        "cumulative": false
    },
    {
        "date": "2020-09-11T09:32:44Z",
        "value": "177.06640625",
        "cumulative": false
    },
    {
        "date": "2020-09-11T09:33:01Z",
        "value": "206.6171875",
        "cumulative": false
    },
    {
        "date": "2020-09-11T09:33:18Z",
        "value": "192.69921875",
        "cumulative": false
    },
    {
        "date": "2020-09-11T09:33:32Z",
        "value": "192.7265625",
        "cumulative": false
    },
    {
        "date": "2020-09-11T09:33:46Z",
        "value": "192.7265625",
        "cumulative": false
    },
    {
        "date": "2020-09-11T09:33:58Z",
        "value": "216.44921875",
        "cumulative": false
    },
    {
        "date": "2020-09-11T09:34:14Z",
        "value": "155.33984375",
        "cumulative": false
    },
    {
        "date": "2020-09-11T09:34:25Z",
        "value": "200.0859375",
        "cumulative": false
    },
    {
        "date": "2020-09-11T09:34:40Z",
        "value": "155.33984375",
        "cumulative": false
    },
    {
        "date": "2020-09-11T09:34:54Z",
        "value": "155.33984375",
        "cumulative": false
    },
    {
        "date": "2020-09-11T09:35:04Z",
        "value": "155.50390625",
        "cumulative": false
    },
    {
        "date": "2020-09-11T09:35:17Z",
        "value": "155.3359375",
        "cumulative": false
    },
    {
        "date": "2020-09-11T09:35:30Z",
        "value": "155.33984375",
        "cumulative": false
    },
    {
        "date": "2020-09-11T09:35:44Z",
        "value": "155.33984375",
        "cumulative": false
    },
    {
        "date": "2020-09-11T09:36:02Z",
        "value": "212.34375",
        "cumulative": false
    },
    {
        "date": "2020-09-11T09:36:21Z",
        "value": "292.46875",
        "cumulative": false
    },
    {
        "date": "2020-09-11T09:36:33Z",
        "value": "219.46875",
        "cumulative": false
    },
    {
        "date": "2020-09-11T09:36:51Z",
        "value": "252.2734375",
        "cumulative": false
    },
    {
        "date": "2020-09-11T09:37:01Z",
        "value": "165.171875",
        "cumulative": false
    },
    {
        "date": "2020-09-11T09:37:12Z",
        "value": "165.28125",
        "cumulative": false
    },
    {
        "date": "2020-09-11T09:37:22Z",
        "value": "165.24609375",
        "cumulative": false
    },
    {
        "date": "2020-09-11T09:37:38Z",
        "value": "165.31640625",
        "cumulative": false
    },
    {
        "date": "2020-09-11T09:37:51Z",
        "value": "165.171875",
        "cumulative": false
    },
    {
        "date": "2020-09-11T09:38:01Z",
        "value": "165.171875",
        "cumulative": false
    },
    {
        "date": "2020-09-11T09:38:17Z",
        "value": "202.546875",
        "cumulative": false
    },
    {
        "date": "2020-09-11T09:38:32Z",
        "value": "165.2421875",
        "cumulative": false
    },
    {
        "date": "2020-09-11T09:38:43Z",
        "value": "165.17578125",
        "cumulative": false
    },
    {
        "date": "2020-09-11T09:39:00Z",
        "value": "318.40625",
        "cumulative": false
    },
    {
        "date": "2020-09-11T09:39:11Z",
        "value": "321.03125",
        "cumulative": false
    },
    {
        "date": "2020-09-11T09:39:28Z",
        "value": "336.03125",
        "cumulative": false
    },
    {
        "date": "2020-09-11T09:39:39Z",
        "value": "237.1640625",
        "cumulative": false
    },
    {
        "date": "2020-09-11T09:39:57Z",
        "value": "237.1640625",
        "cumulative": false
    },
    {
        "date": "2020-09-11T09:40:15Z",
        "value": "258.53125",
        "cumulative": false
    },
    {
        "date": "2020-09-11T09:40:35Z",
        "value": "177.6015625",
        "cumulative": false
    },
    {
        "date": "2020-09-11T09:40:47Z",
        "value": "177.796875",
        "cumulative": false
    },
    {
        "date": "2020-09-11T09:40:58Z",
        "value": "177.6875",
        "cumulative": false
    },
    {
        "date": "2020-09-11T09:41:18Z",
        "value": "177.79296875",
        "cumulative": false
    },
    {
        "date": "2020-09-11T09:41:37Z",
        "value": "177.59765625",
        "cumulative": false
    },
    {
        "date": "2020-09-11T09:41:49Z",
        "value": "203.7265625",
        "cumulative": false
    },
    {
        "date": "2020-09-11T09:42:08Z",
        "value": "177.796875",
        "cumulative": false
    },
    {
        "date": "2020-09-11T09:42:22Z",
        "value": "177.76171875",
        "cumulative": false
    },
    {
        "date": "2020-09-11T09:42:36Z",
        "value": "177.796875",
        "cumulative": false
    },
    {
        "date": "2020-09-11T09:42:49Z",
        "value": "177.6015625",
        "cumulative": false
    },
    {
        "date": "2020-09-11T09:43:04Z",
        "value": "268.44140625",
        "cumulative": false
    },
    {
        "date": "2020-09-11T09:43:17Z",
        "value": "342.81640625",
        "cumulative": false
    },
    {
        "date": "2020-09-11T09:43:34Z",
        "value": "316.31640625",
        "cumulative": false
    },
    {
        "date": "2020-09-11T09:43:50Z",
        "value": "268.5390625",
        "cumulative": false
    },
    {
        "date": "2020-09-11T09:44:08Z",
        "value": "398.19140625",
        "cumulative": false
    },
    {
        "date": "2020-09-11T09:44:20Z",
        "value": "268.5390625",
        "cumulative": false
    },
    {
        "date": "2020-09-11T09:44:37Z",
        "value": "193.26171875",
        "cumulative": false
    },
    {
        "date": "2020-09-11T09:44:52Z",
        "value": "233.86328125",
        "cumulative": false
    },
    {
        "date": "2020-09-11T09:45:07Z",
        "value": "193.26171875",
        "cumulative": false
    },
    {
        "date": "2020-09-11T09:45:19Z",
        "value": "193.26171875",
        "cumulative": false
    },
    {
        "date": "2020-09-11T09:45:33Z",
        "value": "193.3359375",
        "cumulative": false
    },
    {
        "date": "2020-09-11T09:45:51Z",
        "value": "294.3671875",
        "cumulative": false
    },
    {
        "date": "2020-09-11T09:46:03Z",
        "value": "305.21875",
        "cumulative": false
    },
    {
        "date": "2020-09-11T09:46:16Z",
        "value": "193.23828125",
        "cumulative": false
    },
    {
        "date": "2020-09-11T09:46:36Z",
        "value": "336.9921875",
        "cumulative": false
    },
    {
        "date": "2020-09-11T09:46:48Z",
        "value": "193.2421875",
        "cumulative": false
    },
    {
        "date": "2020-09-11T09:47:07Z",
        "value": "193.26171875",
        "cumulative": false
    },
    {
        "date": "2020-09-11T09:47:22Z",
        "value": "199.61328125",
        "cumulative": false
    },
    {
        "date": "2020-09-11T09:47:32Z",
        "value": "193.26171875",
        "cumulative": false
    },
    {
        "date": "2020-09-11T09:47:47Z",
        "value": "193.26171875",
        "cumulative": false
    },
    {
        "date": "2020-09-11T09:48:01Z",
        "value": "307.9375",
        "cumulative": false
    },
    {
        "date": "2020-09-11T09:48:15Z",
        "value": "345.18359375",
        "cumulative": false
    },
    {
        "date": "2020-09-11T09:48:28Z",
        "value": "307.93359375",
        "cumulative": false
    },
    {
        "date": "2020-09-11T09:48:42Z",
        "value": "307.9375",
        "cumulative": false
    },
    {
        "date": "2020-09-11T09:48:59Z",
        "value": "308.04296875",
        "cumulative": false
    },
    {
        "date": "2020-09-11T09:49:14Z",
        "value": "307.93359375",
        "cumulative": false
    },
    {
        "date": "2020-09-11T09:49:28Z",
        "value": "308.04296875",
        "cumulative": false
    },
    {
        "date": "2020-09-11T09:49:45Z",
        "value": "307.9375",
        "cumulative": false
    },
    {
        "date": "2020-09-11T09:50:03Z",
        "value": "494.68359375",
        "cumulative": false
    },
    {
        "date": "2020-09-11T09:50:22Z",
        "value": "213.02734375",
        "cumulative": false
    },
    {
        "date": "2020-09-11T09:50:37Z",
        "value": "213.02734375",
        "cumulative": false
    },
    {
        "date": "2020-09-11T09:50:54Z",
        "value": "372.8671875",
        "cumulative": false
    },
    {
        "date": "2020-09-11T09:51:04Z",
        "value": "349.9921875",
        "cumulative": false
    },
    {
        "date": "2020-09-11T09:51:21Z",
        "value": "213.02734375",
        "cumulative": false
    },
    {
        "date": "2020-09-11T09:51:33Z",
        "value": "383.23828125",
        "cumulative": false
    },
    {
        "date": "2020-09-11T09:51:46Z",
        "value": "337.1171875",
        "cumulative": false
    },
    {
        "date": "2020-09-11T09:52:04Z",
        "value": "213.02734375",
        "cumulative": false
    },
    {
        "date": "2020-09-11T09:52:15Z",
        "value": "213.02734375",
        "cumulative": false
    },
    {
        "date": "2020-09-11T09:52:30Z",
        "value": "213.02734375",
        "cumulative": false
    },
    {
        "date": "2020-09-11T09:52:45Z",
        "value": "212.9921875",
        "cumulative": false
    },
    {
        "date": "2020-09-11T09:52:57Z",
        "value": "454.1171875",
        "cumulative": false
    },
    {
        "date": "2020-09-11T09:53:08Z",
        "value": "212.98828125",
        "cumulative": false
    },
    {
        "date": "2020-09-11T09:53:18Z",
        "value": "213.02734375",
        "cumulative": false
    },
    {
        "date": "2020-09-11T09:53:34Z",
        "value": "212.98828125",
        "cumulative": false
    },
    {
        "date": "2020-09-11T09:53:54Z",
        "value": "212.98828125",
        "cumulative": false
    },
    {
        "date": "2020-09-11T09:54:05Z",
        "value": "325.36328125",
        "cumulative": false
    },
    {
        "date": "2020-09-11T09:54:22Z",
        "value": "358.1796875",
        "cumulative": false
    },
    {
        "date": "2020-09-11T09:54:32Z",
        "value": "357.94140625",
        "cumulative": false
    },
    {
        "date": "2020-09-11T09:54:46Z",
        "value": "554.828125",
        "cumulative": false
    },
    {
        "date": "2020-09-11T09:55:04Z",
        "value": "357.82421875",
        "cumulative": false
    },
    {
        "date": "2020-09-11T09:55:21Z",
        "value": "357.94140625",
        "cumulative": false
    },
    {
        "date": "2020-09-11T09:55:35Z",
        "value": "357.828125",
        "cumulative": false
    },
    {
        "date": "2020-09-11T09:55:54Z",
        "value": "357.828125",
        "cumulative": false
    },
    {
        "date": "2020-09-11T09:56:05Z",
        "value": "357.94140625",
        "cumulative": false
    },
    {
        "date": "2020-09-11T09:56:15Z",
        "value": "357.94140625",
        "cumulative": false
    },
    {
        "date": "2020-09-11T09:56:31Z",
        "value": "415.32421875",
        "cumulative": false
    },
    {
        "date": "2020-09-11T09:56:45Z",
        "value": "357.828125",
        "cumulative": false
    },
    {
        "date": "2020-09-11T09:56:59Z",
        "value": "237.94921875",
        "cumulative": false
    },
    {
        "date": "2020-09-11T09:57:14Z",
        "value": "472.35546875",
        "cumulative": false
    },
    {
        "date": "2020-09-11T09:57:27Z",
        "value": "237.94921875",
        "cumulative": false
    },
    {
        "date": "2020-09-11T09:57:44Z",
        "value": "237.94921875",
        "cumulative": false
    },
    {
        "date": "2020-09-11T09:57:56Z",
        "value": "238.0390625",
        "cumulative": false
    },
    {
        "date": "2020-09-11T09:58:15Z",
        "value": "237.94921875",
        "cumulative": false
    },
    {
        "date": "2020-09-11T09:58:28Z",
        "value": "237.94921875",
        "cumulative": false
    },
    {
        "date": "2020-09-11T09:58:42Z",
        "value": "253.82421875",
        "cumulative": false
    },
    {
        "date": "2020-09-11T09:58:56Z",
        "value": "238.00390625",
        "cumulative": false
    },
    {
        "date": "2020-09-11T09:59:09Z",
        "value": "237.94921875",
        "cumulative": false
    },
    {
        "date": "2020-09-11T09:59:24Z",
        "value": "337.69921875",
        "cumulative": false
    },
    {
        "date": "2020-09-11T09:59:39Z",
        "value": "237.94921875",
        "cumulative": false
    },
    {
        "date": "2020-09-11T09:59:53Z",
        "value": "502.19921875",
        "cumulative": false
    },
    {
        "date": "2020-09-11T10:00:05Z",
        "value": "237.94921875",
        "cumulative": false
    },
    {
        "date": "2020-09-11T10:00:21Z",
        "value": "237.94921875",
        "cumulative": false
    },
    {
        "date": "2020-09-11T10:00:36Z",
        "value": "237.94921875",
        "cumulative": false
    },
    {
        "date": "2020-09-11T10:00:47Z",
        "value": "237.94921875",
        "cumulative": false
    },
    {
        "date": "2020-09-11T10:01:03Z",
        "value": "496.44921875",
        "cumulative": false
    },
    {
        "date": "2020-09-11T10:01:16Z",
        "value": "511.57421875",
        "cumulative": false
    },
    {
        "date": "2020-09-11T10:01:30Z",
        "value": "237.94921875",
        "cumulative": false
    },
    {
        "date": "2020-09-11T10:01:46Z",
        "value": "238.05859375",
        "cumulative": false
    },
    {
        "date": "2020-09-11T10:01:58Z",
        "value": "237.94921875",
        "cumulative": false
    },
    {
        "date": "2020-09-11T10:02:11Z",
        "value": "552.69921875",
        "cumulative": false
    },
    {
        "date": "2020-09-11T10:02:28Z",
        "value": "420.84375",
        "cumulative": false
    },
    {
        "date": "2020-09-11T10:02:38Z",
        "value": "420.81640625",
        "cumulative": false
    },
    {
        "date": "2020-09-11T10:02:51Z",
        "value": "647.9140625",
        "cumulative": false
    },
    {
        "date": "2020-09-11T10:03:09Z",
        "value": "463.9140625",
        "cumulative": false
    },
    {
        "date": "2020-09-11T10:03:24Z",
        "value": "420.7890625",
        "cumulative": false
    },
    {
        "date": "2020-09-11T10:03:42Z",
        "value": "446.4140625",
        "cumulative": false
    },
    {
        "date": "2020-09-11T10:03:57Z",
        "value": "420.7890625",
        "cumulative": false
    },
    {
        "date": "2020-09-11T10:04:10Z",
        "value": "420.7890625",
        "cumulative": false
    },
    {
        "date": "2020-09-11T10:04:28Z",
        "value": "629.4140625",
        "cumulative": false
    },
    {
        "date": "2020-09-11T10:04:48Z",
        "value": "420.81640625",
        "cumulative": false
    },
    {
        "date": "2020-09-11T10:05:01Z",
        "value": "420.81640625",
        "cumulative": false
    },
    {
        "date": "2020-09-11T10:05:17Z",
        "value": "420.81640625",
        "cumulative": false
    },
    {
        "date": "2020-09-11T10:05:27Z",
        "value": "503.7890625",
        "cumulative": false
    },
    {
        "date": "2020-09-11T10:05:40Z",
        "value": "269.4296875",
        "cumulative": false
    },
    {
        "date": "2020-09-11T10:06:00Z",
        "value": "269.42578125",
        "cumulative": false
    },
    {
        "date": "2020-09-11T10:06:14Z",
        "value": "594.9296875",
        "cumulative": false
    },
    {
        "date": "2020-09-11T10:06:26Z",
        "value": "591.42578125",
        "cumulative": false
    },
    {
        "date": "2020-09-11T10:06:46Z",
        "value": "269.4296875",
        "cumulative": false
    },
    {
        "date": "2020-09-11T10:07:00Z",
        "value": "269.4296875",
        "cumulative": false
    },
    {
        "date": "2020-09-11T10:07:17Z",
        "value": "269.4296875",
        "cumulative": false
    },
    {
        "date": "2020-09-11T10:07:34Z",
        "value": "269.4296875",
        "cumulative": false
    },
    {
        "date": "2020-09-11T10:07:50Z",
        "value": "269.4296875",
        "cumulative": false
    },
    {
        "date": "2020-09-11T10:08:03Z",
        "value": "430.42578125",
        "cumulative": false
    },
    {
        "date": "2020-09-11T10:08:19Z",
        "value": "294.05078125",
        "cumulative": false
    },
    {
        "date": "2020-09-11T10:08:39Z",
        "value": "269.4296875",
        "cumulative": false
    },
    {
        "date": "2020-09-11T10:08:55Z",
        "value": "269.52734375",
        "cumulative": false
    },
    {
        "date": "2020-09-11T10:09:13Z",
        "value": "269.59375",
        "cumulative": false
    },
    {
        "date": "2020-09-11T10:09:30Z",
        "value": "269.42578125",
        "cumulative": false
    },
    {
        "date": "2020-09-11T10:09:47Z",
        "value": "269.42578125",
        "cumulative": false
    },
    {
        "date": "2020-09-11T10:10:05Z",
        "value": "637.6953125",
        "cumulative": false
    },
    {
        "date": "2020-09-11T10:10:22Z",
        "value": "269.59375",
        "cumulative": false
    },
    {
        "date": "2020-09-11T10:10:35Z",
        "value": "269.42578125",
        "cumulative": false
    },
    {
        "date": "2020-09-11T10:10:55Z",
        "value": "269.4296875",
        "cumulative": false
    },
    {
        "date": "2020-09-11T10:11:11Z",
        "value": "269.4296875",
        "cumulative": false
    },
    {
        "date": "2020-09-11T10:11:23Z",
        "value": "648.5546875",
        "cumulative": false
    },
    {
        "date": "2020-09-11T10:11:35Z",
        "value": "269.49609375",
        "cumulative": false
    },
    {
        "date": "2020-09-11T10:11:46Z",
        "value": "464.34375",
        "cumulative": false
    },
    {
        "date": "2020-09-11T10:11:57Z",
        "value": "269.46875",
        "cumulative": false
    },
    {
        "date": "2020-09-11T10:12:12Z",
        "value": "269.42578125",
        "cumulative": false
    },
    {
        "date": "2020-09-11T10:12:27Z",
        "value": "500.31640625",
        "cumulative": false
    },
    {
        "date": "2020-09-11T10:12:47Z",
        "value": "876.65625",
        "cumulative": false
    },
    {
        "date": "2020-09-11T10:13:06Z",
        "value": "500.28125",
        "cumulative": false
    },
    {
        "date": "2020-09-11T10:13:17Z",
        "value": "500.28125",
        "cumulative": false
    },
    {
        "date": "2020-09-11T10:13:28Z",
        "value": "558.78125",
        "cumulative": false
    },
    {
        "date": "2020-09-11T10:13:47Z",
        "value": "500.28125",
        "cumulative": false
    },
    {
        "date": "2020-09-11T10:14:05Z",
        "value": "669.41015625",
        "cumulative": false
    },
    {
        "date": "2020-09-11T10:14:19Z",
        "value": "500.28125",
        "cumulative": false
    },
    {
        "date": "2020-09-11T10:14:34Z",
        "value": "753.28515625",
        "cumulative": false
    },
    {
        "date": "2020-09-11T10:14:47Z",
        "value": "650.65625",
        "cumulative": false
    },
    {
        "date": "2020-09-11T10:14:58Z",
        "value": "500.31640625",
        "cumulative": false
    },
    {
        "date": "2020-09-11T10:15:13Z",
        "value": "500.31640625",
        "cumulative": false
    },
    {
        "date": "2020-09-11T10:15:31Z",
        "value": "500.28125",
        "cumulative": false
    },
    {
        "date": "2020-09-11T10:15:48Z",
        "value": "500.31640625",
        "cumulative": false
    },
    {
        "date": "2020-09-11T10:16:06Z",
        "value": "500.28125",
        "cumulative": false
    },
    {
        "date": "2020-09-11T10:16:20Z",
        "value": "561.51171875",
        "cumulative": false
    },
    {
        "date": "2020-09-11T10:16:37Z",
        "value": "309.17578125",
        "cumulative": false
    },
    {
        "date": "2020-09-11T10:16:55Z",
        "value": "309.1796875",
        "cumulative": false
    },
    {
        "date": "2020-09-11T10:17:07Z",
        "value": "780.0546875",
        "cumulative": false
    },
    {
        "date": "2020-09-11T10:17:24Z",
        "value": "309.28515625",
        "cumulative": false
    },
    {
        "date": "2020-09-11T10:17:41Z",
        "value": "309.17578125",
        "cumulative": false
    },
    {
        "date": "2020-09-11T10:17:56Z",
        "value": "309.1796875",
        "cumulative": false
    },
    {
        "date": "2020-09-11T10:18:11Z",
        "value": "309.17578125",
        "cumulative": false
    },
    {
        "date": "2020-09-11T10:18:29Z",
        "value": "309.32421875",
        "cumulative": false
    },
    {
        "date": "2020-09-11T10:18:46Z",
        "value": "309.28515625",
        "cumulative": false
    },
    {
        "date": "2020-09-11T10:18:59Z",
        "value": "553.0546875",
        "cumulative": false
    },
    {
        "date": "2020-09-11T10:19:17Z",
        "value": "309.1796875",
        "cumulative": false
    },
    {
        "date": "2020-09-11T10:19:27Z",
        "value": "309.1796875",
        "cumulative": false
    },
    {
        "date": "2020-09-11T10:19:37Z",
        "value": "309.1796875",
        "cumulative": false
    },
    {
        "date": "2020-09-11T10:19:49Z",
        "value": "309.1796875",
        "cumulative": false
    },
    {
        "date": "2020-09-11T10:20:02Z",
        "value": "309.17578125",
        "cumulative": false
    },
    {
        "date": "2020-09-11T10:20:15Z",
        "value": "309.17578125",
        "cumulative": false
    },
    {
        "date": "2020-09-11T10:20:30Z",
        "value": "309.1796875",
        "cumulative": false
    },
    {
        "date": "2020-09-11T10:20:45Z",
        "value": "309.17578125",
        "cumulative": false
    },
    {
        "date": "2020-09-11T10:20:56Z",
        "value": "309.17578125",
        "cumulative": false
    },
    {
        "date": "2020-09-11T10:21:06Z",
        "value": "309.17578125",
        "cumulative": false
    },
    {
        "date": "2020-09-11T10:21:21Z",
        "value": "309.1796875",
        "cumulative": false
    },
    {
        "date": "2020-09-11T10:21:37Z",
        "value": "309.17578125",
        "cumulative": false
    },
    {
        "date": "2020-09-11T10:21:52Z",
        "value": "309.1796875",
        "cumulative": false
    },
    {
        "date": "2020-09-11T10:22:08Z",
        "value": "309.17578125",
        "cumulative": false
    },
    {
        "date": "2020-09-11T10:22:25Z",
        "value": "309.1796875",
        "cumulative": false
    },
    {
        "date": "2020-09-11T10:22:45Z",
        "value": "309.1796875",
        "cumulative": false
    },
    {
        "date": "2020-09-11T10:22:59Z",
        "value": "309.3515625",
        "cumulative": false
    },
    {
        "date": "2020-09-11T10:23:09Z",
        "value": "309.39453125",
        "cumulative": false
    },
    {
        "date": "2020-09-11T10:23:29Z",
        "value": "508.0546875",
        "cumulative": false
    },
    {
        "date": "2020-09-11T10:23:40Z",
        "value": "309.17578125",
        "cumulative": false
    },
    {
        "date": "2020-09-11T10:23:57Z",
        "value": "309.1796875",
        "cumulative": false
    },
    {
        "date": "2020-09-11T10:24:16Z",
        "value": "765.67578125",
        "cumulative": false
    },
    {
        "date": "2020-09-11T10:24:33Z",
        "value": "309.17578125",
        "cumulative": false
    },
    {
        "date": "2020-09-11T10:24:43Z",
        "value": "309.17578125",
        "cumulative": false
    },
    {
        "date": "2020-09-11T10:25:01Z",
        "value": "309.1796875",
        "cumulative": false
    },
    {
        "date": "2020-09-11T10:25:15Z",
        "value": "118.05859375",
        "cumulative": false
    }
]