[
    {
        "date": "2020-09-11T09:20:56Z",
        "value": "0.008876764",
        "cumulative": false
    },
    {
        "date": "2020-09-11T09:21:15Z",
        "value": "0.0",
        "cumulative": false
    },
    {
        "date": "2020-09-11T09:21:32Z",
        "value": "0.0",
        "cumulative": false
    },
    {
        "date": "2020-09-11T09:21:46Z",
        "value": "0.0",
        "cumulative": false
    },
    {
        "date": "2020-09-11T09:22:02Z",
        "value": "0.0",
        "cumulative": false
    },
    {
        "date": "2020-09-11T09:22:25Z",
        "value": "0.0",
        "cumulative": false
    },
    {
        "date": "2020-09-11T09:22:42Z",
        "value": "0.0",
        "cumulative": false
    },
    {
        "date": "2020-09-11T09:23:02Z",
        "value": "0.0",
        "cumulative": false
    },
    {
        "date": "2020-09-11T09:23:15Z",
        "value": "0.464085216",
        "cumulative": false
    },
    {
        "date": "2020-09-11T09:23:27Z",
        "value": "0.629680072",
        "cumulative": false
    },
    {
        "date": "2020-09-11T09:23:44Z",
        "value": "0.535243373",
        "cumulative": false
    },
    {
        "date": "2020-09-11T09:24:02Z",
        "value": "1.058100685",
        "cumulative": false
    },
    {
        "date": "2020-09-11T09:24:19Z",
        "value": "1.351087351",
        "cumulative": false
    },
    {
        "date": "2020-09-11T09:24:35Z",
        "value": "1.132892693",
        "cumulative": false
    },
    {
        "date": "2020-09-11T09:24:53Z",
        "value": "1.00689251",
        "cumulative": false
    },
    {
        "date": "2020-09-11T09:25:11Z",
        "value": "0.951209773",
        "cumulative": false
    },
    {
        "date": "2020-09-11T09:25:28Z",
        "value": "0.913971936",
        "cumulative": false
    },
    {
        "date": "2020-09-11T09:25:40Z",
        "value": "0.797660779",
        "cumulative": false
    },
    {
        "date": "2020-09-11T09:25:54Z",
        "value": "1.053032751",
        "cumulative": false
    },
    {
        "date": "2020-09-11T09:26:13Z",
        "value": "0.793720837",
        "cumulative": false
    },
    {
        "date": "2020-09-11T09:26:32Z",
        "value": "0.80843351",
        "cumulative": false
    },
    {
        "date": "2020-09-11T09:26:43Z",
        "value": "0.964590735",
        "cumulative": false
    },
    {
        "date": "2020-09-11T09:27:00Z",
        "value": "0.970424647",
        "cumulative": false
    },
    {
        "date": "2020-09-11T09:27:11Z",
        "value": "0.587404954",
        "cumulative": false
    },
    {
        "date": "2020-09-11T09:27:27Z",
        "value": "0.978434167",
        "cumulative": false
    },
    {
        "date": "2020-09-11T09:27:44Z",
        "value": "0.949266997",
        "cumulative": false
    },
    {
        "date": "2020-09-11T09:28:00Z",
        "value": "0.580934284",
        "cumulative": false
    },
    {
        "date": "2020-09-11T09:28:19Z",
        "value": "1.020658901",
        "cumulative": false
    },
    {
        "date": "2020-09-11T09:28:36Z",
        "value": "1.01577484",
        "cumulative": false
    },
    {
        "date": "2020-09-11T09:28:55Z",
        "value": "0.578730914",
        "cumulative": false
    },
    {
        "date": "2020-09-11T09:29:10Z",
        "value": "0.773926059",
        "cumulative": false
    },
    {
        "date": "2020-09-11T09:29:23Z",
        "value": "0.971497394",
        "cumulative": false
    },
    {
        "date": "2020-09-11T09:29:38Z",
        "value": "0.965944912",
        "cumulative": false
    },
    {
        "date": "2020-09-11T09:29:49Z",
        "value": "0.945909589",
        "cumulative": false
    },
    {
        "date": "2020-09-11T09:30:00Z",
        "value": "0.716538307",
        "cumulative": false
    },
    {
        "date": "2020-09-11T09:30:14Z",
        "value": "0.6183637",
        "cumulative": false
    },
    {
        "date": "2020-09-11T09:30:33Z",
        "value": "0.830731973",
        "cumulative": false
    },
    {
        "date": "2020-09-11T09:30:51Z",
        "value": "0.940509659",
        "cumulative": false
    },
    {
        "date": "2020-09-11T09:31:10Z",
        "value": "0.954709904",
        "cumulative": false
    },
    {
        "date": "2020-09-11T09:31:29Z",
        "value": "0.821173625",
        "cumulative": false
    },
    {
        "date": "2020-09-11T09:31:49Z",
        "value": "0.616056166",
        "cumulative": false
    },
    {
        "date": "2020-09-11T09:31:59Z",
        "value": "0.658228746",
        "cumulative": false
    },
    {
        "date": "2020-09-11T09:32:16Z",
        "value": "0.954389997",
        "cumulative": false
    },
    {
        "date": "2020-09-11T09:32:32Z",
        "value": "0.952457973",
        "cumulative": false
    },
    {
        "date": "2020-09-11T09:32:47Z",
        "value": "0.955216826",
        "cumulative": false
    },
    {
        "date": "2020-09-11T09:32:59Z",
        "value": "0.942791509",
        "cumulative": false
    },
    {
        "date": "2020-09-11T09:33:15Z",
        "value": "0.930414672",
        "cumulative": false
    },
    {
        "date": "2020-09-11T09:33:30Z",
        "value": "0.638217653",
        "cumulative": false
    },
    {
        "date": "2020-09-11T09:33:47Z",
        "value": "0.616423928",
        "cumulative": false
    },
    {
        "date": "2020-09-11T09:34:03Z",
        "value": "0.633041219",
        "cumulative": false
    },
    {
        "date": "2020-09-11T09:34:20Z",
        "value": "0.863913495",
        "cumulative": false
    },
    {
        "date": "2020-09-11T09:34:32Z",
        "value": "0.910064225",
        "cumulative": false
    },
    {
        "date": "2020-09-11T09:34:46Z",
        "value": "0.942356383",
        "cumulative": false
    },
    {
        "date": "2020-09-11T09:35:05Z",
        "value": "0.925261907",
        "cumulative": false
    },
    {
        "date": "2020-09-11T09:35:24Z",
        "value": "0.935033136",
        "cumulative": false
    },
    {
        "date": "2020-09-11T09:35:44Z",
        "value": "0.942993709",
        "cumulative": false
    },
    {
        "date": "2020-09-11T09:35:57Z",
        "value": "0.669420598",
        "cumulative": false
    },
    {
        "date": "2020-09-11T09:36:12Z",
        "value": "0.591209489",
        "cumulative": false
    },
    {
        "date": "2020-09-11T09:36:26Z",
        "value": "0.565149879",
        "cumulative": false
    },
    {
        "date": "2020-09-11T09:36:42Z",
        "value": "0.624061885",
        "cumulative": false
    },
    {
        "date": "2020-09-11T09:36:55Z",
        "value": "0.750518953",
        "cumulative": false
    },
    {
        "date": "2020-09-11T09:37:08Z",
        "value": "0.947260159",
        "cumulative": false
    },
    {
        "date": "2020-09-11T09:37:22Z",
        "value": "0.940735842",
        "cumulative": false
    },
    {
        "date": "2020-09-11T09:37:37Z",
        "value": "0.943666057",
        "cumulative": false
    },
    {
        "date": "2020-09-11T09:37:50Z",
        "value": "0.923601434",
        "cumulative": false
    },
    {
        "date": "2020-09-11T09:38:08Z",
        "value": "0.916226498",
        "cumulative": false
    },
    {
        "date": "2020-09-11T09:38:24Z",
        "value": "0.916017727",
        "cumulative": false
    },
    {
        "date": "2020-09-11T09:38:41Z",
        "value": "0.920556781",
        "cumulative": false
    },
    {
        "date": "2020-09-11T09:38:51Z",
        "value": "0.933138646",
        "cumulative": false
    },
    {
        "date": "2020-09-11T09:39:06Z",
        "value": "0.770809101",
        "cumulative": false
    },
    {
        "date": "2020-09-11T09:39:25Z",
        "value": "0.60576651",
        "cumulative": false
    },
    {
        "date": "2020-09-11T09:39:38Z",
        "value": "0.583769173",
        "cumulative": false
    },
    {
        "date": "2020-09-11T09:39:54Z",
        "value": "0.617937279",
        "cumulative": false
    },
    {
        "date": "2020-09-11T09:40:04Z",
        "value": "0.547379731",
        "cumulative": false
    },
    {
        "date": "2020-09-11T09:40:22Z",
        "value": "0.791217957",
        "cumulative": false
    },
    {
        "date": "2020-09-11T09:40:40Z",
        "value": "0.913299367",
        "cumulative": false
    },
    {
        "date": "2020-09-11T09:40:54Z",
        "value": "0.94309054",
        "cumulative": false
    },
    {
        "date": "2020-09-11T09:41:10Z",
        "value": "0.934771566",
        "cumulative": false
    },
    {
        "date": "2020-09-11T09:41:24Z",
        "value": "0.920398083",
        "cumulative": false
    },
    {
        "date": "2020-09-11T09:41:34Z",
        "value": "0.924911848",
        "cumulative": false
    },
    {
        "date": "2020-09-11T09:41:49Z",
        "value": "0.940558399",
        "cumulative": false
    },
    {
        "date": "2020-09-11T09:42:01Z",
        "value": "0.921418156",
        "cumulative": false
    },
    {
        "date": "2020-09-11T09:42:17Z",
        "value": "0.915664048",
        "cumulative": false
    },
    {
        "date": "2020-09-11T09:42:34Z",
        "value": "0.912453815",
        "cumulative": false
    },
    {
        "date": "2020-09-11T09:42:54Z",
        "value": "0.932130556",
        "cumulative": false
    },
    {
        "date": "2020-09-11T09:43:06Z",
        "value": "0.542394184",
        "cumulative": false
    },
    {
        "date": "2020-09-11T09:43:21Z",
        "value": "0.618485486",
        "cumulative": false
    },
    {
        "date": "2020-09-11T09:43:39Z",
        "value": "0.62867325",
        "cumulative": false
    },
    {
        "date": "2020-09-11T09:43:53Z",
        "value": "0.546127407",
        "cumulative": false
    },
    {
        "date": "2020-09-11T09:44:04Z",
        "value": "0.648477617",
        "cumulative": false
    },
    {
        "date": "2020-09-11T09:44:17Z",
        "value": "0.665018351",
        "cumulative": false
    },
    {
        "date": "2020-09-11T09:44:33Z",
        "value": "0.621787288",
        "cumulative": false
    },
    {
        "date": "2020-09-11T09:44:45Z",
        "value": "0.928641807",
        "cumulative": false
    },
    {
        "date": "2020-09-11T09:44:56Z",
        "value": "0.922209719",
        "cumulative": false
    },
    {
        "date": "2020-09-11T09:45:14Z",
        "value": "0.925739934",
        "cumulative": false
    },
    {
        "date": "2020-09-11T09:45:32Z",
        "value": "0.926663271",
        "cumulative": false
    },
    {
        "date": "2020-09-11T09:45:48Z",
        "value": "0.919822695",
        "cumulative": false
    },
    {
        "date": "2020-09-11T09:46:04Z",
        "value": "0.907176961",
        "cumulative": false
    },
    {
        "date": "2020-09-11T09:46:20Z",
        "value": "0.92594706",
        "cumulative": false
    },
    {
        "date": "2020-09-11T09:46:34Z",
        "value": "0.882242191",
        "cumulative": false
    },
    {
        "date": "2020-09-11T09:46:49Z",
        "value": "0.931546763",
        "cumulative": false
    },
    {
        "date": "2020-09-11T09:47:08Z",
        "value": "0.929546661",
        "cumulative": false
    },
    {
        "date": "2020-09-11T09:47:20Z",
        "value": "0.922341063",
        "cumulative": false
    },
    {
        "date": "2020-09-11T09:47:40Z",
        "value": "0.932749677",
        "cumulative": false
    },
    {
        "date": "2020-09-11T09:47:55Z",
        "value": "0.928315393",
        "cumulative": false
    },
    {
        "date": "2020-09-11T09:48:05Z",
        "value": "0.64064451",
        "cumulative": false
    },
    {
        "date": "2020-09-11T09:48:21Z",
        "value": "0.60835461",
        "cumulative": false
    },
    {
        "date": "2020-09-11T09:48:36Z",
        "value": "0.597344474",
        "cumulative": false
    },
    {
        "date": "2020-09-11T09:48:53Z",
        "value": "0.590746255",
        "cumulative": false
    },
    {
        "date": "2020-09-11T09:49:05Z",
        "value": "0.587501659",
        "cumulative": false
    },
    {
        "date": "2020-09-11T09:49:16Z",
        "value": "0.590501422",
        "cumulative": false
    },
    {
        "date": "2020-09-11T09:49:36Z",
        "value": "0.637995628",
        "cumulative": false
    },
    {
        "date": "2020-09-11T09:49:47Z",
        "value": "0.53845838",
        "cumulative": false
    },
    {
        "date": "2020-09-11T09:50:02Z",
        "value": "0.572595714",
        "cumulative": false
    },
    {
        "date": "2020-09-11T09:50:14Z",
        "value": "0.82663578",
        "cumulative": false
    },
    {
        "date": "2020-09-11T09:50:24Z",
        "value": "0.91754563",
        "cumulative": false
    },
    {
        "date": "2020-09-11T09:50:35Z",
        "value": "0.927949966",
        "cumulative": false
    },
    {
        "date": "2020-09-11T09:50:52Z",
        "value": "0.882713842",
        "cumulative": false
    },
    {
        "date": "2020-09-11T09:51:08Z",
        "value": "0.925733907",
        "cumulative": false
    },
    {
        "date": "2020-09-11T09:51:25Z",
        "value": "0.912583195",
        "cumulative": false
    },
    {
        "date": "2020-09-11T09:51:41Z",
        "value": "0.926533363",
        "cumulative": false
    },
    {
        "date": "2020-09-11T09:51:59Z",
        "value": "0.921809659",
        "cumulative": false
    },
    {
        "date": "2020-09-11T09:52:16Z",
        "value": "0.94476596",
        "cumulative": false
    },
    {
        "date": "2020-09-11T09:52:34Z",
        "value": "0.915116322",
        "cumulative": false
    },
    {
        "date": "2020-09-11T09:52:46Z",
        "value": "0.934498236",
        "cumulative": false
    },
    {
        "date": "2020-09-11T09:53:03Z",
        "value": "0.916858272",
        "cumulative": false
    },
    {
        "date": "2020-09-11T09:53:18Z",
        "value": "0.952559679",
        "cumulative": false
    },
    {
        "date": "2020-09-11T09:53:30Z",
        "value": "0.913444984",
        "cumulative": false
    },
    {
        "date": "2020-09-11T09:53:46Z",
        "value": "0.931729266",
        "cumulative": false
    },
    {
        "date": "2020-09-11T09:54:05Z",
        "value": "0.935465994",
        "cumulative": false
    },
    {
        "date": "2020-09-11T09:54:23Z",
        "value": "0.86979251",
        "cumulative": false
    },
    {
        "date": "2020-09-11T09:54:36Z",
        "value": "0.614599986",
        "cumulative": false
    },
    {
        "date": "2020-09-11T09:54:49Z",
        "value": "0.593753016",
        "cumulative": false
    },
    {
        "date": "2020-09-11T09:55:08Z",
        "value": "0.59824806",
        "cumulative": false
    },
    {
        "date": "2020-09-11T09:55:23Z",
        "value": "0.637713025",
        "cumulative": false
    },
    {
        "date": "2020-09-11T09:55:35Z",
        "value": "0.641878562",
        "cumulative": false
    },
    {
        "date": "2020-09-11T09:55:54Z",
        "value": "0.622998258",
        "cumulative": false
    },
    {
        "date": "2020-09-11T09:56:08Z",
        "value": "0.60319263",
        "cumulative": false
    },
    {
        "date": "2020-09-11T09:56:27Z",
        "value": "0.597587477",
        "cumulative": false
    },
    {
        "date": "2020-09-11T09:56:45Z",
        "value": "0.616839708",
        "cumulative": false
    },
    {
        "date": "2020-09-11T09:57:03Z",
        "value": "0.733431913",
        "cumulative": false
    },
    {
        "date": "2020-09-11T09:57:14Z",
        "value": "0.937561552",
        "cumulative": false
    },
    {
        "date": "2020-09-11T09:57:28Z",
        "value": "0.949155539",
        "cumulative": false
    },
    {
        "date": "2020-09-11T09:57:41Z",
        "value": "0.945448567",
        "cumulative": false
    },
    {
        "date": "2020-09-11T09:57:56Z",
        "value": "0.929073274",
        "cumulative": false
    },
    {
        "date": "2020-09-11T09:58:11Z",
        "value": "0.945580511",
        "cumulative": false
    },
    {
        "date": "2020-09-11T09:58:21Z",
        "value": "0.962185414",
        "cumulative": false
    },
    {
        "date": "2020-09-11T09:58:41Z",
        "value": "0.946925323",
        "cumulative": false
    },
    {
        "date": "2020-09-11T09:58:56Z",
        "value": "0.925465858",
        "cumulative": false
    },
    {
        "date": "2020-09-11T09:59:07Z",
        "value": "0.933176384",
        "cumulative": false
    },
    {
        "date": "2020-09-11T09:59:21Z",
        "value": "0.919387894",
        "cumulative": false
    },
    {
        "date": "2020-09-11T09:59:32Z",
        "value": "0.922663987",
        "cumulative": false
    },
    {
        "date": "2020-09-11T09:59:50Z",
        "value": "0.904219917",
        "cumulative": false
    },
    {
        "date": "2020-09-11T10:00:03Z",
        "value": "0.90661482",
        "cumulative": false
    },
    {
        "date": "2020-09-11T10:00:18Z",
        "value": "0.948078473",
        "cumulative": false
    },
    {
        "date": "2020-09-11T10:00:31Z",
        "value": "0.922191755",
        "cumulative": false
    },
    {
        "date": "2020-09-11T10:00:46Z",
        "value": "0.917664864",
        "cumulative": false
    },
    {
        "date": "2020-09-11T10:01:05Z",
        "value": "0.939069395",
        "cumulative": false
    },
    {
        "date": "2020-09-11T10:01:16Z",
        "value": "0.945328291",
        "cumulative": false
    },
    {
        "date": "2020-09-11T10:01:26Z",
        "value": "0.914481633",
        "cumulative": false
    },
    {
        "date": "2020-09-11T10:01:45Z",
        "value": "0.932813396",
        "cumulative": false
    },
    {
        "date": "2020-09-11T10:02:01Z",
        "value": "0.951424249",
        "cumulative": false
    },
    {
        "date": "2020-09-11T10:02:12Z",
        "value": "0.903081584",
        "cumulative": false
    },
    {
        "date": "2020-09-11T10:02:24Z",
        "value": "0.72949209",
        "cumulative": false
    },
    {
        "date": "2020-09-11T10:02:40Z",
        "value": "0.551695488",
        "cumulative": false
    },
    {
        "date": "2020-09-11T10:02:56Z",
        "value": "0.611234287",
        "cumulative": false
    },
    {
        "date": "2020-09-11T10:03:11Z",
        "value": "0.672786074",
        "cumulative": false
    },
    {
        "date": "2020-09-11T10:03:27Z",
        "value": "0.633326738",
        "cumulative": false
    },
    {
        "date": "2020-09-11T10:03:42Z",
        "value": "0.642144194",
        "cumulative": false
    },
    {
        "date": "2020-09-11T10:04:02Z",
        "value": "0.632807846",
        "cumulative": false
    },
    {
        "date": "2020-09-11T10:04:18Z",
        "value": "0.639875683",
        "cumulative": false
    },
    {
        "date": "2020-09-11T10:04:36Z",
        "value": "0.666759819",
        "cumulative": false
    },
    {
        "date": "2020-09-11T10:04:51Z",
        "value": "0.664142933",
        "cumulative": false
    },
    {
        "date": "2020-09-11T10:05:04Z",
        "value": "0.644753069",
        "cumulative": false
    },
    {
        "date": "2020-09-11T10:05:15Z",
        "value": "0.591082654",
        "cumulative": false
    },
    {
        "date": "2020-09-11T10:05:31Z",
        "value": "0.584519135",
        "cumulative": false
    },
    {
        "date": "2020-09-11T10:05:49Z",
        "value": "0.900305673",
        "cumulative": false
    },
    {
        "date": "2020-09-11T10:06:06Z",
        "value": "0.928465678",
        "cumulative": false
    },
    {
        "date": "2020-09-11T10:06:17Z",
        "value": "0.926867686",
        "cumulative": false
    },
    {
        "date": "2020-09-11T10:06:31Z",
        "value": "0.947281762",
        "cumulative": false
    },
    {
        "date": "2020-09-11T10:06:43Z",
        "value": "0.928656062",
        "cumulative": false
    },
    {
        "date": "2020-09-11T10:06:55Z",
        "value": "0.916620599",
        "cumulative": false
    },
    {
        "date": "2020-09-11T10:07:14Z",
        "value": "0.940637947",
        "cumulative": false
    },
    {
        "date": "2020-09-11T10:07:34Z",
        "value": "0.929388604",
        "cumulative": false
    },
    {
        "date": "2020-09-11T10:07:44Z",
        "value": "0.887104896",
        "cumulative": false
    },
    {
        "date": "2020-09-11T10:08:01Z",
        "value": "0.933106264",
        "cumulative": false
    },
    {
        "date": "2020-09-11T10:08:20Z",
        "value": "0.902583064",
        "cumulative": false
    },
    {
        "date": "2020-09-11T10:08:32Z",
        "value": "0.919322384",
        "cumulative": false
    },
    {
        "date": "2020-09-11T10:08:46Z",
        "value": "0.940759112",
        "cumulative": false
    },
    {
        "date": "2020-09-11T10:08:57Z",
        "value": "0.921948642",
        "cumulative": false
    },
    {
        "date": "2020-09-11T10:09:17Z",
        "value": "0.915887831",
        "cumulative": false
    },
    {
        "date": "2020-09-11T10:09:34Z",
        "value": "0.926335503",
        "cumulative": false
    },
    {
        "date": "2020-09-11T10:09:46Z",
        "value": "0.923559965",
        "cumulative": false
    },
    {
        "date": "2020-09-11T10:10:03Z",
        "value": "0.93720438",
        "cumulative": false
    },
    {
        "date": "2020-09-11T10:10:19Z",
        "value": "0.912403084",
        "cumulative": false
    },
    {
        "date": "2020-09-11T10:10:38Z",
        "value": "0.926947574",
        "cumulative": false
    },
    {
        "date": "2020-09-11T10:10:49Z",
        "value": "0.928342341",
        "cumulative": false
    },
    {
        "date": "2020-09-11T10:11:03Z",
        "value": "0.913302414",
        "cumulative": false
    },
    {
        "date": "2020-09-11T10:11:19Z",
        "value": "0.906692656",
        "cumulative": false
    },
    {
        "date": "2020-09-11T10:11:34Z",
        "value": "0.945490976",
        "cumulative": false
    },
    {
        "date": "2020-09-11T10:11:49Z",
        "value": "0.937119618",
        "cumulative": false
    },
    {
        "date": "2020-09-11T10:12:05Z",
        "value": "0.906204515",
        "cumulative": false
    },
    {
        "date": "2020-09-11T10:12:18Z",
        "value": "0.92272888",
        "cumulative": false
    },
    {
        "date": "2020-09-11T10:12:33Z",
        "value": "0.638404217",
        "cumulative": false
    },
    {
        "date": "2020-09-11T10:12:45Z",
        "value": "0.622436069",
        "cumulative": false
    },
    {
        "date": "2020-09-11T10:13:04Z",
        "value": "0.63804745",
        "cumulative": false
    },
    {
        "date": "2020-09-11T10:13:24Z",
        "value": "0.559751858",
        "cumulative": false
    },
    {
        "date": "2020-09-11T10:13:43Z",
        "value": "0.641829795",
        "cumulative": false
    },
    {
        "date": "2020-09-11T10:13:59Z",
        "value": "0.645111487",
        "cumulative": false
    },
    {
        "date": "2020-09-11T10:14:10Z",
        "value": "0.686952812",
        "cumulative": false
    },
    {
        "date": "2020-09-11T10:14:23Z",
        "value": "0.614272119",
        "cumulative": false
    },
    {
        "date": "2020-09-11T10:14:39Z",
        "value": "0.636406486",
        "cumulative": false
    },
    {
        "date": "2020-09-11T10:14:50Z",
        "value": "0.605100543",
        "cumulative": false
    },
    {
        "date": "2020-09-11T10:15:05Z",
        "value": "0.630886227",
        "cumulative": false
    },
    {
        "date": "2020-09-11T10:15:16Z",
        "value": "0.611136475",
        "cumulative": false
    },
    {
        "date": "2020-09-11T10:15:28Z",
        "value": "0.621031046",
        "cumulative": false
    },
    {
        "date": "2020-09-11T10:15:45Z",
        "value": "0.627730371",
        "cumulative": false
    },
    {
        "date": "2020-09-11T10:16:00Z",
        "value": "0.618798434",
        "cumulative": false
    },
    {
        "date": "2020-09-11T10:16:15Z",
        "value": "0.603311958",
        "cumulative": false
    },
    {
        "date": "2020-09-11T10:16:31Z",
        "value": "0.610722396",
        "cumulative": false
    },
    {
        "date": "2020-09-11T10:16:42Z",
        "value": "0.894230014",
        "cumulative": false
    },
    {
        "date": "2020-09-11T10:17:02Z",
        "value": "0.959072976",
        "cumulative": false
    },
    {
        "date": "2020-09-11T10:17:13Z",
        "value": "0.884608716",
        "cumulative": false
    },
    {
        "date": "2020-09-11T10:17:28Z",
        "value": "0.947102145",
        "cumulative": false
    },
    {
        "date": "2020-09-11T10:17:46Z",
        "value": "0.94537465",
        "cumulative": false
    },
    {
        "date": "2020-09-11T10:17:59Z",
        "value": "0.926474663",
        "cumulative": false
    },
    {
        "date": "2020-09-11T10:18:19Z",
        "value": "0.930889389",
        "cumulative": false
    },
    {
        "date": "2020-09-11T10:18:37Z",
        "value": "0.936284474",
        "cumulative": false
    },
    {
        "date": "2020-09-11T10:18:49Z",
        "value": "0.896658682",
        "cumulative": false
    },
    {
        "date": "2020-09-11T10:19:04Z",
        "value": "0.94535927",
        "cumulative": false
    },
    {
        "date": "2020-09-11T10:19:20Z",
        "value": "0.935483411",
        "cumulative": false
    },
    {
        "date": "2020-09-11T10:19:31Z",
        "value": "0.939787512",
        "cumulative": false
    },
    {
        "date": "2020-09-11T10:19:46Z",
        "value": "0.926435366",
        "cumulative": false
    },
    {
        "date": "2020-09-11T10:19:59Z",
        "value": "0.917188579",
        "cumulative": false
    },
    {
        "date": "2020-09-11T10:20:14Z",
        "value": "0.921592444",
        "cumulative": false
    },
    {
        "date": "2020-09-11T10:20:27Z",
        "value": "0.92103265",
        "cumulative": false
    },
    {
        "date": "2020-09-11T10:20:44Z",
        "value": "0.904021985",
        "cumulative": false
    },
    {
        "date": "2020-09-11T10:20:58Z",
        "value": "0.911280728",
        "cumulative": false
    },
    {
        "date": "2020-09-11T10:21:10Z",
        "value": "0.911468201",
        "cumulative": false
    },
    {
        "date": "2020-09-11T10:21:25Z",
        "value": "0.937988606",
        "cumulative": false
    },
    {
        "date": "2020-09-11T10:21:44Z",
        "value": "0.885645928",
        "cumulative": false
    },
    {
        "date": "2020-09-11T10:22:00Z",
        "value": "0.891868623",
        "cumulative": false
    },
    {
        "date": "2020-09-11T10:22:13Z",
        "value": "0.899805122",
        "cumulative": false
    },
    {
        "date": "2020-09-11T10:22:24Z",
        "value": "0.917074875",
        "cumulative": false
    },
    {
        "date": "2020-09-11T10:22:36Z",
        "value": "0.938146553",
        "cumulative": false
    },
    {
        "date": "2020-09-11T10:22:51Z",
        "value": "0.918431228",
        "cumulative": false
    },
    {
        "date": "2020-09-11T10:23:10Z",
        "value": "0.90836475",
        "cumulative": false
    },
    {
        "date": "2020-09-11T10:23:25Z",
        "value": "0.924986978",
        "cumulative": false
    },
    {
        "date": "2020-09-11T10:23:45Z",
        "value": "0.928507111",
        "cumulative": false
    },
    {
        "date": "2020-09-11T10:23:58Z",
        "value": "0.90400279",
        "cumulative": false
    },
    {
        "date": "2020-09-11T10:24:09Z",
        "value": "0.929432765",
        "cumulative": false
    },
    {
        "date": "2020-09-11T10:24:22Z",
        "value": "0.912589625",
        "cumulative": false
    },
    {
        "date": "2020-09-11T10:24:32Z",
        "value": "0.910688904",
        "cumulative": false
    },
    {
        "date": "2020-09-11T10:24:47Z",
        "value": "0.888387071",
        "cumulative": false
    },
    {
        "date": "2020-09-11T10:25:01Z",
        "value": "0.935007408",
        "cumulative": false
    },
    {
        "date": "2020-09-11T10:25:11Z",
        "value": "0.550952328",
        "cumulative": false
    }
]