[
    {
        "date": "2020-09-11T09:20:57Z",
        "value": "0.0009593963623046875",
        "cumulative": true
    },
    {
        "date": "2020-09-11T09:21:16Z",
        "value": "0.0009593963623046875",
        "cumulative": true
    },
    {
        "date": "2020-09-11T09:21:44Z",
        "value": "0.0009593963623046875",
        "cumulative": true
    },
    {
        "date": "2020-09-11T09:21:56Z",
        "value": "0.0009593963623046875",
        "cumulative": true
    },
    {
        "date": "2020-09-11T09:22:15Z",
        "value": "0.0009593963623046875",
        "cumulative": true
    },
    {
        "date": "2020-09-11T09:22:25Z",
        "value": "0.0009593963623046875",
        "cumulative": true
    },
    {
        "date": "2020-09-11T09:22:45Z",
        "value": "0.0009593963623046875",
        "cumulative": true
    },
    {
        "date": "2020-09-11T09:22:55Z",
        "value": "0.0009593963623046875",
        "cumulative": true
    },
    {
        "date": "2020-09-11T09:23:17Z",
        "value": "14.695230484008789",
        "cumulative": true
    },
    {
        "date": "2020-09-11T09:23:37Z",
        "value": "60.91670227050781",
        "cumulative": true
    },
    {
        "date": "2020-09-11T09:23:49Z",
        "value": "185.6094331741333",
        "cumulative": true
    },
    {
        "date": "2020-09-11T09:24:02Z",
        "value": "779.2792272567749",
        "cumulative": true
    },
    {
        "date": "2020-09-11T09:24:20Z",
        "value": "2827.023706436157",
        "cumulative": true
    },
    {
        "date": "2020-09-11T09:24:37Z",
        "value": "4721.230020523071",
        "cumulative": true
    },
    {
        "date": "2020-09-11T09:24:56Z",
        "value": "7238.691020965576",
        "cumulative": true
    },
    {
        "date": "2020-09-11T09:25:08Z",
        "value": "8919.570255279541",
        "cumulative": true
    },
    {
        "date": "2020-09-11T09:25:27Z",
        "value": "11428.33309173584",
        "cumulative": true
    },
    {
        "date": "2020-09-11T09:25:46Z",
        "value": "14252.916625976562",
        "cumulative": true
    },
    {
        "date": "2020-09-11T09:25:58Z",
        "value": "15839.815770149231",
        "cumulative": true
    },
    {
        "date": "2020-09-11T09:26:17Z",
        "value": "18206.105414390564",
        "cumulative": true
    },
    {
        "date": "2020-09-11T09:26:33Z",
        "value": "21575.01103591919",
        "cumulative": true
    },
    {
        "date": "2020-09-11T09:26:49Z",
        "value": "22862.68313884735",
        "cumulative": true
    },
    {
        "date": "2020-09-11T09:27:05Z",
        "value": "25569.441793441772",
        "cumulative": true
    },
    {
        "date": "2020-09-11T09:27:19Z",
        "value": "28042.255145072937",
        "cumulative": true
    },
    {
        "date": "2020-09-11T09:27:34Z",
        "value": "29106.633442878723",
        "cumulative": true
    },
    {
        "date": "2020-09-11T09:27:47Z",
        "value": "31135.80112552643",
        "cumulative": true
    },
    {
        "date": "2020-09-11T09:28:02Z",
        "value": "34918.21616268158",
        "cumulative": true
    },
    {
        "date": "2020-09-11T09:28:18Z",
        "value": "36028.62419986725",
        "cumulative": true
    },
    {
        "date": "2020-09-11T09:28:28Z",
        "value": "36798.98177623749",
        "cumulative": true
    },
    {
        "date": "2020-09-11T09:28:45Z",
        "value": "39430.967328071594",
        "cumulative": true
    },
    {
        "date": "2020-09-11T09:29:04Z",
        "value": "44002.79785346985",
        "cumulative": true
    },
    {
        "date": "2020-09-11T09:29:24Z",
        "value": "45270.81838417053",
        "cumulative": true
    },
    {
        "date": "2020-09-11T09:29:42Z",
        "value": "46505.2817363739",
        "cumulative": true
    },
    {
        "date": "2020-09-11T09:30:00Z",
        "value": "49843.35579967499",
        "cumulative": true
    },
    {
        "date": "2020-09-11T09:30:15Z",
        "value": "53856.714144706726",
        "cumulative": true
    },
    {
        "date": "2020-09-11T09:30:34Z",
        "value": "56250.747166633606",
        "cumulative": true
    },
    {
        "date": "2020-09-11T09:30:47Z",
        "value": "57136.21182727814",
        "cumulative": true
    },
    {
        "date": "2020-09-11T09:31:06Z",
        "value": "58424.654046058655",
        "cumulative": true
    },
    {
        "date": "2020-09-11T09:31:19Z",
        "value": "59357.02246952057",
        "cumulative": true
    },
    {
        "date": "2020-09-11T09:31:29Z",
        "value": "61616.732706069946",
        "cumulative": true
    },
    {
        "date": "2020-09-11T09:31:48Z",
        "value": "66663.03907394409",
        "cumulative": true
    },
    {
        "date": "2020-09-11T09:32:00Z",
        "value": "69908.8408985138",
        "cumulative": true
    },
    {
        "date": "2020-09-11T09:32:19Z",
        "value": "71162.77656364441",
        "cumulative": true
    },
    {
        "date": "2020-09-11T09:32:37Z",
        "value": "72433.69994926453",
        "cumulative": true
    },
    {
        "date": "2020-09-11T09:32:51Z",
        "value": "73377.52824401855",
        "cumulative": true
    },
    {
        "date": "2020-09-11T09:33:05Z",
        "value": "74302.95825576782",
        "cumulative": true
    },
    {
        "date": "2020-09-11T09:33:17Z",
        "value": "75055.06560707092",
        "cumulative": true
    },
    {
        "date": "2020-09-11T09:33:32Z",
        "value": "78868.1505651474",
        "cumulative": true
    },
    {
        "date": "2020-09-11T09:33:43Z",
        "value": "82038.07376384735",
        "cumulative": true
    },
    {
        "date": "2020-09-11T09:33:57Z",
        "value": "85668.07141780853",
        "cumulative": true
    },
    {
        "date": "2020-09-11T09:34:14Z",
        "value": "88695.36657238007",
        "cumulative": true
    },
    {
        "date": "2020-09-11T09:34:28Z",
        "value": "89638.41796779633",
        "cumulative": true
    },
    {
        "date": "2020-09-11T09:34:42Z",
        "value": "90552.48531246185",
        "cumulative": true
    },
    {
        "date": "2020-09-11T09:34:56Z",
        "value": "91451.60907840729",
        "cumulative": true
    },
    {
        "date": "2020-09-11T09:35:15Z",
        "value": "92706.41255664825",
        "cumulative": true
    },
    {
        "date": "2020-09-11T09:35:29Z",
        "value": "93674.51933193207",
        "cumulative": true
    },
    {
        "date": "2020-09-11T09:35:49Z",
        "value": "95297.37313461304",
        "cumulative": true
    },
    {
        "date": "2020-09-11T09:36:05Z",
        "value": "99630.7431564331",
        "cumulative": true
    },
    {
        "date": "2020-09-11T09:36:19Z",
        "value": "103212.59128570557",
        "cumulative": true
    },
    {
        "date": "2020-09-11T09:36:38Z",
        "value": "108040.11986732483",
        "cumulative": true
    },
    {
        "date": "2020-09-11T09:36:51Z",
        "value": "111388.65075969696",
        "cumulative": true
    },
    {
        "date": "2020-09-11T09:37:10Z",
        "value": "112711.32215213776",
        "cumulative": true
    },
    {
        "date": "2020-09-11T09:37:25Z",
        "value": "113649.94419765472",
        "cumulative": true
    },
    {
        "date": "2020-09-11T09:37:38Z",
        "value": "114562.40225696564",
        "cumulative": true
    },
    {
        "date": "2020-09-11T09:37:52Z",
        "value": "115446.79871463776",
        "cumulative": true
    },
    {
        "date": "2020-09-11T09:38:08Z",
        "value": "116514.63484859467",
        "cumulative": true
    },
    {
        "date": "2020-09-11T09:38:21Z",
        "value": "117361.46304988861",
        "cumulative": true
    },
    {
        "date": "2020-09-11T09:38:34Z",
        "value": "118196.85238552094",
        "cumulative": true
    },
    {
        "date": "2020-09-11T09:38:51Z",
        "value": "119313.53056430817",
        "cumulative": true
    },
    {
        "date": "2020-09-11T09:39:06Z",
        "value": "122603.65650939941",
        "cumulative": true
    },
    {
        "date": "2020-09-11T09:39:19Z",
        "value": "125959.80566978455",
        "cumulative": true
    },
    {
        "date": "2020-09-11T09:39:38Z",
        "value": "130741.027135849",
        "cumulative": true
    },
    {
        "date": "2020-09-11T09:39:57Z",
        "value": "135880.97833061218",
        "cumulative": true
    },
    {
        "date": "2020-09-11T09:40:09Z",
        "value": "138963.95286750793",
        "cumulative": true
    },
    {
        "date": "2020-09-11T09:40:20Z",
        "value": "140982.51222896576",
        "cumulative": true
    },
    {
        "date": "2020-09-11T09:40:33Z",
        "value": "141798.99503803253",
        "cumulative": true
    },
    {
        "date": "2020-09-11T09:40:45Z",
        "value": "142619.85355091095",
        "cumulative": true
    },
    {
        "date": "2020-09-11T09:41:03Z",
        "value": "143798.65410518646",
        "cumulative": true
    },
    {
        "date": "2020-09-11T09:41:21Z",
        "value": "144957.93767642975",
        "cumulative": true
    },
    {
        "date": "2020-09-11T09:41:33Z",
        "value": "145765.1761636734",
        "cumulative": true
    },
    {
        "date": "2020-09-11T09:41:48Z",
        "value": "146760.84256076813",
        "cumulative": true
    },
    {
        "date": "2020-09-11T09:42:01Z",
        "value": "147650.08222866058",
        "cumulative": true
    },
    {
        "date": "2020-09-11T09:42:20Z",
        "value": "148829.43973636627",
        "cumulative": true
    },
    {
        "date": "2020-09-11T09:42:32Z",
        "value": "149588.10860538483",
        "cumulative": true
    },
    {
        "date": "2020-09-11T09:42:46Z",
        "value": "150581.8741788864",
        "cumulative": true
    },
    {
        "date": "2020-09-11T09:43:03Z",
        "value": "153060.83114242554",
        "cumulative": true
    },
    {
        "date": "2020-09-11T09:43:14Z",
        "value": "155718.05443954468",
        "cumulative": true
    },
    {
        "date": "2020-09-11T09:43:29Z",
        "value": "160230.96819496155",
        "cumulative": true
    },
    {
        "date": "2020-09-11T09:43:42Z",
        "value": "163270.22319984436",
        "cumulative": true
    },
    {
        "date": "2020-09-11T09:43:54Z",
        "value": "166194.6535243988",
        "cumulative": true
    },
    {
        "date": "2020-09-11T09:44:09Z",
        "value": "170657.83794021606",
        "cumulative": true
    },
    {
        "date": "2020-09-11T09:44:23Z",
        "value": "174659.8026752472",
        "cumulative": true
    },
    {
        "date": "2020-09-11T09:44:34Z",
        "value": "177569.5107946396",
        "cumulative": true
    },
    {
        "date": "2020-09-11T09:44:51Z",
        "value": "178657.98437976837",
        "cumulative": true
    },
    {
        "date": "2020-09-11T09:45:02Z",
        "value": "179416.71661663055",
        "cumulative": true
    },
    {
        "date": "2020-09-11T09:45:13Z",
        "value": "180112.80823993683",
        "cumulative": true
    },
    {
        "date": "2020-09-11T09:45:28Z",
        "value": "181040.2380285263",
        "cumulative": true
    },
    {
        "date": "2020-09-11T09:45:44Z",
        "value": "182124.25760936737",
        "cumulative": true
    },
    {
        "date": "2020-09-11T09:46:03Z",
        "value": "183381.30753421783",
        "cumulative": true
    },
    {
        "date": "2020-09-11T09:46:21Z",
        "value": "184570.6026506424",
        "cumulative": true
    },
    {
        "date": "2020-09-11T09:46:41Z",
        "value": "185794.2559118271",
        "cumulative": true
    },
    {
        "date": "2020-09-11T09:46:59Z",
        "value": "186987.2266664505",
        "cumulative": true
    },
    {
        "date": "2020-09-11T09:47:14Z",
        "value": "188006.6391324997",
        "cumulative": true
    },
    {
        "date": "2020-09-11T09:47:34Z",
        "value": "189302.09028339386",
        "cumulative": true
    },
    {
        "date": "2020-09-11T09:47:44Z",
        "value": "189982.65144062042",
        "cumulative": true
    },
    {
        "date": "2020-09-11T09:47:56Z",
        "value": "190771.41518306732",
        "cumulative": true
    },
    {
        "date": "2020-09-11T09:48:15Z",
        "value": "195794.36504745483",
        "cumulative": true
    },
    {
        "date": "2020-09-11T09:48:33Z",
        "value": "200387.82774734497",
        "cumulative": true
    },
    {
        "date": "2020-09-11T09:48:46Z",
        "value": "203664.8608932495",
        "cumulative": true
    },
    {
        "date": "2020-09-11T09:48:57Z",
        "value": "206474.6676120758",
        "cumulative": true
    },
    {
        "date": "2020-09-11T09:49:09Z",
        "value": "209812.5954837799",
        "cumulative": true
    },
    {
        "date": "2020-09-11T09:49:21Z",
        "value": "213037.9145488739",
        "cumulative": true
    },
    {
        "date": "2020-09-11T09:49:35Z",
        "value": "216689.25518417358",
        "cumulative": true
    },
    {
        "date": "2020-09-11T09:49:49Z",
        "value": "220120.28584480286",
        "cumulative": true
    },
    {
        "date": "2020-09-11T09:50:07Z",
        "value": "224349.8801355362",
        "cumulative": true
    },
    {
        "date": "2020-09-11T09:50:24Z",
        "value": "225377.265294075",
        "cumulative": true
    },
    {
        "date": "2020-09-11T09:50:42Z",
        "value": "226542.5618944168",
        "cumulative": true
    },
    {
        "date": "2020-09-11T09:50:58Z",
        "value": "227530.39117717743",
        "cumulative": true
    },
    {
        "date": "2020-09-11T09:51:13Z",
        "value": "228565.50200748444",
        "cumulative": true
    },
    {
        "date": "2020-09-11T09:51:29Z",
        "value": "229559.22816371918",
        "cumulative": true
    },
    {
        "date": "2020-09-11T09:51:47Z",
        "value": "230749.85991573334",
        "cumulative": true
    },
    {
        "date": "2020-09-11T09:52:00Z",
        "value": "231596.10273075104",
        "cumulative": true
    },
    {
        "date": "2020-09-11T09:52:11Z",
        "value": "232348.54640102386",
        "cumulative": true
    },
    {
        "date": "2020-09-11T09:52:24Z",
        "value": "233201.59504032135",
        "cumulative": true
    },
    {
        "date": "2020-09-11T09:52:39Z",
        "value": "234194.8214673996",
        "cumulative": true
    },
    {
        "date": "2020-09-11T09:52:53Z",
        "value": "235068.6447687149",
        "cumulative": true
    },
    {
        "date": "2020-09-11T09:53:04Z",
        "value": "235849.11871242523",
        "cumulative": true
    },
    {
        "date": "2020-09-11T09:53:16Z",
        "value": "236574.26291942596",
        "cumulative": true
    },
    {
        "date": "2020-09-11T09:53:30Z",
        "value": "237515.62123012543",
        "cumulative": true
    },
    {
        "date": "2020-09-11T09:53:50Z",
        "value": "238850.0826997757",
        "cumulative": true
    },
    {
        "date": "2020-09-11T09:54:03Z",
        "value": "239721.0779314041",
        "cumulative": true
    },
    {
        "date": "2020-09-11T09:54:17Z",
        "value": "240682.8959054947",
        "cumulative": true
    },
    {
        "date": "2020-09-11T09:54:28Z",
        "value": "242964.05123519897",
        "cumulative": true
    },
    {
        "date": "2020-09-11T09:54:43Z",
        "value": "246770.87041854858",
        "cumulative": true
    },
    {
        "date": "2020-09-11T09:54:59Z",
        "value": "250756.00499534607",
        "cumulative": true
    },
    {
        "date": "2020-09-11T09:55:16Z",
        "value": "255628.9013824463",
        "cumulative": true
    },
    {
        "date": "2020-09-11T09:55:32Z",
        "value": "260275.18111991882",
        "cumulative": true
    },
    {
        "date": "2020-09-11T09:55:46Z",
        "value": "264070.6780509949",
        "cumulative": true
    },
    {
        "date": "2020-09-11T09:55:59Z",
        "value": "267247.12286376953",
        "cumulative": true
    },
    {
        "date": "2020-09-11T09:56:15Z",
        "value": "271249.41729545593",
        "cumulative": true
    },
    {
        "date": "2020-09-11T09:56:31Z",
        "value": "275891.4799556732",
        "cumulative": true
    },
    {
        "date": "2020-09-11T09:56:50Z",
        "value": "280715.46975517273",
        "cumulative": true
    },
    {
        "date": "2020-09-11T09:57:03Z",
        "value": "283349.8098936081",
        "cumulative": true
    },
    {
        "date": "2020-09-11T09:57:14Z",
        "value": "284116.90381526947",
        "cumulative": true
    },
    {
        "date": "2020-09-11T09:57:24Z",
        "value": "284765.1839914322",
        "cumulative": true
    },
    {
        "date": "2020-09-11T09:57:36Z",
        "value": "285589.1353635788",
        "cumulative": true
    },
    {
        "date": "2020-09-11T09:57:51Z",
        "value": "286524.0078420639",
        "cumulative": true
    },
    {
        "date": "2020-09-11T09:58:06Z",
        "value": "287516.2257375717",
        "cumulative": true
    },
    {
        "date": "2020-09-11T09:58:22Z",
        "value": "288613.2439508438",
        "cumulative": true
    },
    {
        "date": "2020-09-11T09:58:33Z",
        "value": "289386.6213903427",
        "cumulative": true
    },
    {
        "date": "2020-09-11T09:58:52Z",
        "value": "290642.42735385895",
        "cumulative": true
    },
    {
        "date": "2020-09-11T09:59:04Z",
        "value": "291366.7863473892",
        "cumulative": true
    },
    {
        "date": "2020-09-11T09:59:18Z",
        "value": "292355.2049417496",
        "cumulative": true
    },
    {
        "date": "2020-09-11T09:59:37Z",
        "value": "293592.8973894119",
        "cumulative": true
    },
    {
        "date": "2020-09-11T09:59:48Z",
        "value": "294276.5311059952",
        "cumulative": true
    },
    {
        "date": "2020-09-11T10:00:06Z",
        "value": "295488.4759168625",
        "cumulative": true
    },
    {
        "date": "2020-09-11T10:00:22Z",
        "value": "296541.63946819305",
        "cumulative": true
    },
    {
        "date": "2020-09-11T10:00:33Z",
        "value": "297246.3857717514",
        "cumulative": true
    },
    {
        "date": "2020-09-11T10:00:49Z",
        "value": "298282.33277606964",
        "cumulative": true
    },
    {
        "date": "2020-09-11T10:01:07Z",
        "value": "299512.8130559921",
        "cumulative": true
    },
    {
        "date": "2020-09-11T10:01:24Z",
        "value": "300603.94479465485",
        "cumulative": true
    },
    {
        "date": "2020-09-11T10:01:41Z",
        "value": "301694.6222829819",
        "cumulative": true
    },
    {
        "date": "2020-09-11T10:01:53Z",
        "value": "302521.0934019089",
        "cumulative": true
    },
    {
        "date": "2020-09-11T10:02:08Z",
        "value": "303485.5795660019",
        "cumulative": true
    },
    {
        "date": "2020-09-11T10:02:27Z",
        "value": "306781.2587108612",
        "cumulative": true
    },
    {
        "date": "2020-09-11T10:02:44Z",
        "value": "310930.89253616333",
        "cumulative": true
    },
    {
        "date": "2020-09-11T10:03:00Z",
        "value": "315298.7029800415",
        "cumulative": true
    },
    {
        "date": "2020-09-11T10:03:18Z",
        "value": "320432.06616973877",
        "cumulative": true
    },
    {
        "date": "2020-09-11T10:03:36Z",
        "value": "325163.4589767456",
        "cumulative": true
    },
    {
        "date": "2020-09-11T10:03:55Z",
        "value": "330451.6083545685",
        "cumulative": true
    },
    {
        "date": "2020-09-11T10:04:11Z",
        "value": "334993.25626945496",
        "cumulative": true
    },
    {
        "date": "2020-09-11T10:04:27Z",
        "value": "339365.5721549988",
        "cumulative": true
    },
    {
        "date": "2020-09-11T10:04:40Z",
        "value": "342990.21336746216",
        "cumulative": true
    },
    {
        "date": "2020-09-11T10:04:56Z",
        "value": "347782.8748855591",
        "cumulative": true
    },
    {
        "date": "2020-09-11T10:05:12Z",
        "value": "352046.99589157104",
        "cumulative": true
    },
    {
        "date": "2020-09-11T10:05:30Z",
        "value": "356403.5569858551",
        "cumulative": true
    },
    {
        "date": "2020-09-11T10:05:47Z",
        "value": "358223.0376958847",
        "cumulative": true
    },
    {
        "date": "2020-09-11T10:06:03Z",
        "value": "359256.12209033966",
        "cumulative": true
    },
    {
        "date": "2020-09-11T10:06:14Z",
        "value": "360032.50124645233",
        "cumulative": true
    },
    {
        "date": "2020-09-11T10:06:26Z",
        "value": "360825.97533130646",
        "cumulative": true
    },
    {
        "date": "2020-09-11T10:06:37Z",
        "value": "361475.7946691513",
        "cumulative": true
    },
    {
        "date": "2020-09-11T10:06:48Z",
        "value": "362210.52023983",
        "cumulative": true
    },
    {
        "date": "2020-09-11T10:07:06Z",
        "value": "363430.5627126694",
        "cumulative": true
    },
    {
        "date": "2020-09-11T10:07:17Z",
        "value": "364195.7941522598",
        "cumulative": true
    },
    {
        "date": "2020-09-11T10:07:34Z",
        "value": "365334.8400850296",
        "cumulative": true
    },
    {
        "date": "2020-09-11T10:07:45Z",
        "value": "365964.79671382904",
        "cumulative": true
    },
    {
        "date": "2020-09-11T10:08:01Z",
        "value": "366991.2463674545",
        "cumulative": true
    },
    {
        "date": "2020-09-11T10:08:11Z",
        "value": "367733.6878194809",
        "cumulative": true
    },
    {
        "date": "2020-09-11T10:08:25Z",
        "value": "368546.83562374115",
        "cumulative": true
    },
    {
        "date": "2020-09-11T10:08:39Z",
        "value": "369443.21839237213",
        "cumulative": true
    },
    {
        "date": "2020-09-11T10:08:50Z",
        "value": "370202.77066898346",
        "cumulative": true
    },
    {
        "date": "2020-09-11T10:09:04Z",
        "value": "371188.6950407028",
        "cumulative": true
    },
    {
        "date": "2020-09-11T10:09:18Z",
        "value": "372051.5017118454",
        "cumulative": true
    },
    {
        "date": "2020-09-11T10:09:30Z",
        "value": "372815.8180856705",
        "cumulative": true
    },
    {
        "date": "2020-09-11T10:09:43Z",
        "value": "373657.0526685715",
        "cumulative": true
    },
    {
        "date": "2020-09-11T10:09:54Z",
        "value": "374403.1312456131",
        "cumulative": true
    },
    {
        "date": "2020-09-11T10:10:14Z",
        "value": "375706.04805469513",
        "cumulative": true
    },
    {
        "date": "2020-09-11T10:10:33Z",
        "value": "376924.03049755096",
        "cumulative": true
    },
    {
        "date": "2020-09-11T10:10:49Z",
        "value": "377957.96636867523",
        "cumulative": true
    },
    {
        "date": "2020-09-11T10:11:02Z",
        "value": "378862.4123659134",
        "cumulative": true
    },
    {
        "date": "2020-09-11T10:11:19Z",
        "value": "379958.10140895844",
        "cumulative": true
    },
    {
        "date": "2020-09-11T10:11:39Z",
        "value": "381288.17323589325",
        "cumulative": true
    },
    {
        "date": "2020-09-11T10:11:59Z",
        "value": "382617.3740911484",
        "cumulative": true
    },
    {
        "date": "2020-09-11T10:12:14Z",
        "value": "383597.7351388931",
        "cumulative": true
    },
    {
        "date": "2020-09-11T10:12:31Z",
        "value": "387190.73306179047",
        "cumulative": true
    },
    {
        "date": "2020-09-11T10:12:43Z",
        "value": "390047.3615026474",
        "cumulative": true
    },
    {
        "date": "2020-09-11T10:13:01Z",
        "value": "395326.55171871185",
        "cumulative": true
    },
    {
        "date": "2020-09-11T10:13:15Z",
        "value": "398858.6999139786",
        "cumulative": true
    },
    {
        "date": "2020-09-11T10:13:34Z",
        "value": "403774.42331409454",
        "cumulative": true
    },
    {
        "date": "2020-09-11T10:13:49Z",
        "value": "407503.6787118912",
        "cumulative": true
    },
    {
        "date": "2020-09-11T10:13:59Z",
        "value": "410840.4594221115",
        "cumulative": true
    },
    {
        "date": "2020-09-11T10:14:14Z",
        "value": "414881.4546995163",
        "cumulative": true
    },
    {
        "date": "2020-09-11T10:14:29Z",
        "value": "418909.50138378143",
        "cumulative": true
    },
    {
        "date": "2020-09-11T10:14:46Z",
        "value": "423508.2283716202",
        "cumulative": true
    },
    {
        "date": "2020-09-11T10:15:05Z",
        "value": "428331.63791561127",
        "cumulative": true
    },
    {
        "date": "2020-09-11T10:15:19Z",
        "value": "432365.64382076263",
        "cumulative": true
    },
    {
        "date": "2020-09-11T10:15:38Z",
        "value": "437395.4576025009",
        "cumulative": true
    },
    {
        "date": "2020-09-11T10:15:49Z",
        "value": "440434.2910909653",
        "cumulative": true
    },
    {
        "date": "2020-09-11T10:15:59Z",
        "value": "443216.8618707657",
        "cumulative": true
    },
    {
        "date": "2020-09-11T10:16:10Z",
        "value": "445814.99257946014",
        "cumulative": true
    },
    {
        "date": "2020-09-11T10:16:28Z",
        "value": "450527.1477994919",
        "cumulative": true
    },
    {
        "date": "2020-09-11T10:16:39Z",
        "value": "451667.56881046295",
        "cumulative": true
    },
    {
        "date": "2020-09-11T10:16:51Z",
        "value": "452539.12892627716",
        "cumulative": true
    },
    {
        "date": "2020-09-11T10:17:07Z",
        "value": "453550.5456895828",
        "cumulative": true
    },
    {
        "date": "2020-09-11T10:17:18Z",
        "value": "454231.649266243",
        "cumulative": true
    },
    {
        "date": "2020-09-11T10:17:29Z",
        "value": "454942.7957468033",
        "cumulative": true
    },
    {
        "date": "2020-09-11T10:17:39Z",
        "value": "455640.8302488327",
        "cumulative": true
    },
    {
        "date": "2020-09-11T10:17:52Z",
        "value": "456563.6380395889",
        "cumulative": true
    },
    {
        "date": "2020-09-11T10:18:10Z",
        "value": "457692.88603305817",
        "cumulative": true
    },
    {
        "date": "2020-09-11T10:18:23Z",
        "value": "458578.61622333527",
        "cumulative": true
    },
    {
        "date": "2020-09-11T10:18:37Z",
        "value": "459399.4255990982",
        "cumulative": true
    },
    {
        "date": "2020-09-11T10:18:47Z",
        "value": "460046.46011829376",
        "cumulative": true
    },
    {
        "date": "2020-09-11T10:19:04Z",
        "value": "461262.9482355118",
        "cumulative": true
    },
    {
        "date": "2020-09-11T10:19:20Z",
        "value": "462274.06444454193",
        "cumulative": true
    },
    {
        "date": "2020-09-11T10:19:31Z",
        "value": "462944.3831567764",
        "cumulative": true
    },
    {
        "date": "2020-09-11T10:19:48Z",
        "value": "464039.15521144867",
        "cumulative": true
    },
    {
        "date": "2020-09-11T10:20:08Z",
        "value": "465325.9849424362",
        "cumulative": true
    },
    {
        "date": "2020-09-11T10:20:20Z",
        "value": "466086.69813632965",
        "cumulative": true
    },
    {
        "date": "2020-09-11T10:20:30Z",
        "value": "466764.7629480362",
        "cumulative": true
    },
    {
        "date": "2020-09-11T10:20:48Z",
        "value": "467975.1263895035",
        "cumulative": true
    },
    {
        "date": "2020-09-11T10:20:58Z",
        "value": "468646.7557477951",
        "cumulative": true
    },
    {
        "date": "2020-09-11T10:21:15Z",
        "value": "469673.8473329544",
        "cumulative": true
    },
    {
        "date": "2020-09-11T10:21:31Z",
        "value": "470733.65154361725",
        "cumulative": true
    },
    {
        "date": "2020-09-11T10:21:42Z",
        "value": "471352.9292383194",
        "cumulative": true
    },
    {
        "date": "2020-09-11T10:21:59Z",
        "value": "472444.6333589554",
        "cumulative": true
    },
    {
        "date": "2020-09-11T10:22:17Z",
        "value": "473681.0107164383",
        "cumulative": true
    },
    {
        "date": "2020-09-11T10:22:33Z",
        "value": "474691.56665706635",
        "cumulative": true
    },
    {
        "date": "2020-09-11T10:22:49Z",
        "value": "475693.3305311203",
        "cumulative": true
    },
    {
        "date": "2020-09-11T10:23:05Z",
        "value": "476766.2280988693",
        "cumulative": true
    },
    {
        "date": "2020-09-11T10:23:23Z",
        "value": "477951.2387037277",
        "cumulative": true
    },
    {
        "date": "2020-09-11T10:23:39Z",
        "value": "479051.2712068558",
        "cumulative": true
    },
    {
        "date": "2020-09-11T10:23:51Z",
        "value": "479746.7440919876",
        "cumulative": true
    },
    {
        "date": "2020-09-11T10:24:04Z",
        "value": "480548.044383049",
        "cumulative": true
    },
    {
        "date": "2020-09-11T10:24:22Z",
        "value": "481795.9775094986",
        "cumulative": true
    },
    {
        "date": "2020-09-11T10:24:35Z",
        "value": "482573.09427547455",
        "cumulative": true
    },
    {
        "date": "2020-09-11T10:24:52Z",
        "value": "483752.53728580475",
        "cumulative": true
    },
    {
        "date": "2020-09-11T10:25:10Z",
        "value": "484757.05201625824",
        "cumulative": true
    }
]