[
    {
        "date": "2020-09-11T09:20:44Z",
        "value": "1.52734375",
        "cumulative": false
    },
    {
        "date": "2020-09-11T09:21:04Z",
        "value": "2.76953125",
        "cumulative": false
    },
    {
        "date": "2020-09-11T09:21:24Z",
        "value": "2.76953125",
        "cumulative": false
    },
    {
        "date": "2020-09-11T09:21:41Z",
        "value": "2.76953125",
        "cumulative": false
    },
    {
        "date": "2020-09-11T09:21:53Z",
        "value": "2.76953125",
        "cumulative": false
    },
    {
        "date": "2020-09-11T09:22:09Z",
        "value": "2.76953125",
        "cumulative": false
    },
    {
        "date": "2020-09-11T09:22:31Z",
        "value": "2.76953125",
        "cumulative": false
    },
    {
        "date": "2020-09-11T09:22:48Z",
        "value": "2.76953125",
        "cumulative": false
    },
    {
        "date": "2020-09-11T09:23:03Z",
        "value": "111.015625",
        "cumulative": false
    },
    {
        "date": "2020-09-11T09:23:17Z",
        "value": "113.06640625",
        "cumulative": false
    },
    {
        "date": "2020-09-11T09:23:30Z",
        "value": "113.1171875",
        "cumulative": false
    },
    {
        "date": "2020-09-11T09:23:41Z",
        "value": "113.1328125",
        "cumulative": false
    },
    {
        "date": "2020-09-11T09:23:56Z",
        "value": "113.9453125",
        "cumulative": false
    },
    {
        "date": "2020-09-11T09:24:09Z",
        "value": "116.3671875",
        "cumulative": false
    },
    {
        "date": "2020-09-11T09:24:26Z",
        "value": "119.5859375",
        "cumulative": false
    },
    {
        "date": "2020-09-11T09:24:42Z",
        "value": "123.41015625",
        "cumulative": false
    },
    {
        "date": "2020-09-11T09:24:54Z",
        "value": "126.09765625",
        "cumulative": false
    },
    {
        "date": "2020-09-11T09:25:12Z",
        "value": "133.12109375",
        "cumulative": false
    },
    {
        "date": "2020-09-11T09:25:22Z",
        "value": "138.36328125",
        "cumulative": false
    },
    {
        "date": "2020-09-11T09:25:40Z",
        "value": "144.984375",
        "cumulative": false
    },
    {
        "date": "2020-09-11T09:25:50Z",
        "value": "144.984375",
        "cumulative": false
    },
    {
        "date": "2020-09-11T09:26:07Z",
        "value": "153.3359375",
        "cumulative": false
    },
    {
        "date": "2020-09-11T09:26:19Z",
        "value": "153.3359375",
        "cumulative": false
    },
    {
        "date": "2020-09-11T09:26:38Z",
        "value": "153.70703125",
        "cumulative": false
    },
    {
        "date": "2020-09-11T09:26:51Z",
        "value": "153.70703125",
        "cumulative": false
    },
    {
        "date": "2020-09-11T09:27:06Z",
        "value": "163.625",
        "cumulative": false
    },
    {
        "date": "2020-09-11T09:27:19Z",
        "value": "163.625",
        "cumulative": false
    },
    {
        "date": "2020-09-11T09:27:35Z",
        "value": "163.625",
        "cumulative": false
    },
    {
        "date": "2020-09-11T09:27:51Z",
        "value": "175.859375",
        "cumulative": false
    },
    {
        "date": "2020-09-11T09:28:07Z",
        "value": "190.55859375",
        "cumulative": false
    },
    {
        "date": "2020-09-11T09:28:20Z",
        "value": "190.55859375",
        "cumulative": false
    },
    {
        "date": "2020-09-11T09:28:36Z",
        "value": "190.55859375",
        "cumulative": false
    },
    {
        "date": "2020-09-11T09:28:55Z",
        "value": "176.0546875",
        "cumulative": false
    },
    {
        "date": "2020-09-11T09:29:14Z",
        "value": "154.29296875",
        "cumulative": false
    },
    {
        "date": "2020-09-11T09:29:25Z",
        "value": "154.296875",
        "cumulative": false
    },
    {
        "date": "2020-09-11T09:29:39Z",
        "value": "191.4296875",
        "cumulative": false
    },
    {
        "date": "2020-09-11T09:29:55Z",
        "value": "201.08984375",
        "cumulative": false
    },
    {
        "date": "2020-09-11T09:30:14Z",
        "value": "201.0859375",
        "cumulative": false
    },
    {
        "date": "2020-09-11T09:30:30Z",
        "value": "163.95703125",
        "cumulative": false
    },
    {
        "date": "2020-09-11T09:30:44Z",
        "value": "163.95703125",
        "cumulative": false
    },
    {
        "date": "2020-09-11T09:30:57Z",
        "value": "181.45703125",
        "cumulative": false
    },
    {
        "date": "2020-09-11T09:31:14Z",
        "value": "163.95703125",
        "cumulative": false
    },
    {
        "date": "2020-09-11T09:31:33Z",
        "value": "223.15234375",
        "cumulative": false
    },
    {
        "date": "2020-09-11T09:31:50Z",
        "value": "223.23046875",
        "cumulative": false
    },
    {
        "date": "2020-09-11T09:32:09Z",
        "value": "176.33984375",
        "cumulative": false
    },
    {
        "date": "2020-09-11T09:32:21Z",
        "value": "176.33984375",
        "cumulative": false
    },
    {
        "date": "2020-09-11T09:32:33Z",
        "value": "176.2734375",
        "cumulative": false
    },
    {
        "date": "2020-09-11T09:32:50Z",
        "value": "176.33984375",
        "cumulative": false
    },
    {
        "date": "2020-09-11T09:33:07Z",
        "value": "235.53125",
        "cumulative": false
    },
    {
        "date": "2020-09-11T09:33:22Z",
        "value": "191.99609375",
        "cumulative": false
    },
    {
        "date": "2020-09-11T09:33:41Z",
        "value": "192.05078125",
        "cumulative": false
    },
    {
        "date": "2020-09-11T09:34:01Z",
        "value": "191.99609375",
        "cumulative": false
    },
    {
        "date": "2020-09-11T09:34:15Z",
        "value": "154.64453125",
        "cumulative": false
    },
    {
        "date": "2020-09-11T09:34:33Z",
        "value": "154.6796875",
        "cumulative": false
    },
    {
        "date": "2020-09-11T09:34:52Z",
        "value": "154.64453125",
        "cumulative": false
    },
    {
        "date": "2020-09-11T09:35:02Z",
        "value": "154.58203125",
        "cumulative": false
    },
    {
        "date": "2020-09-11T09:35:17Z",
        "value": "188.18359375",
        "cumulative": false
    },
    {
        "date": "2020-09-11T09:35:31Z",
        "value": "154.578125",
        "cumulative": false
    },
    {
        "date": "2020-09-11T09:35:42Z",
        "value": "154.58203125",
        "cumulative": false
    },
    {
        "date": "2020-09-11T09:36:01Z",
        "value": "211.6484375",
        "cumulative": false
    },
    {
        "date": "2020-09-11T09:36:14Z",
        "value": "211.6484375",
        "cumulative": false
    },
    {
        "date": "2020-09-11T09:36:27Z",
        "value": "211.6484375",
        "cumulative": false
    },
    {
        "date": "2020-09-11T09:36:43Z",
        "value": "302.5234375",
        "cumulative": false
    },
    {
        "date": "2020-09-11T09:36:54Z",
        "value": "164.453125",
        "cumulative": false
    },
    {
        "date": "2020-09-11T09:37:10Z",
        "value": "164.41796875",
        "cumulative": false
    },
    {
        "date": "2020-09-11T09:37:26Z",
        "value": "164.5234375",
        "cumulative": false
    },
    {
        "date": "2020-09-11T09:37:36Z",
        "value": "164.5234375",
        "cumulative": false
    },
    {
        "date": "2020-09-11T09:37:49Z",
        "value": "188.9140625",
        "cumulative": false
    },
    {
        "date": "2020-09-11T09:38:02Z",
        "value": "164.5234375",
        "cumulative": false
    },
    {
        "date": "2020-09-11T09:38:21Z",
        "value": "164.5234375",
        "cumulative": false
    },
    {
        "date": "2020-09-11T09:38:38Z",
        "value": "164.41796875",
        "cumulative": false
    },
    {
        "date": "2020-09-11T09:38:50Z",
        "value": "212.2890625",
        "cumulative": false
    },
    {
        "date": "2020-09-11T09:39:02Z",
        "value": "236.40234375",
        "cumulative": false
    },
    {
        "date": "2020-09-11T09:39:19Z",
        "value": "323.03125",
        "cumulative": false
    },
    {
        "date": "2020-09-11T09:39:33Z",
        "value": "294.15234375",
        "cumulative": false
    },
    {
        "date": "2020-09-11T09:39:53Z",
        "value": "236.41796875",
        "cumulative": false
    },
    {
        "date": "2020-09-11T09:40:09Z",
        "value": "236.40625",
        "cumulative": false
    },
    {
        "date": "2020-09-11T09:40:28Z",
        "value": "263.46875",
        "cumulative": false
    },
    {
        "date": "2020-09-11T09:40:40Z",
        "value": "176.84375",
        "cumulative": false
    },
    {
        "date": "2020-09-11T09:40:58Z",
        "value": "339.19921875",
        "cumulative": false
    },
    {
        "date": "2020-09-11T09:41:17Z",
        "value": "252.07421875",
        "cumulative": false
    },
    {
        "date": "2020-09-11T09:41:33Z",
        "value": "176.95703125",
        "cumulative": false
    },
    {
        "date": "2020-09-11T09:41:48Z",
        "value": "177.05078125",
        "cumulative": false
    },
    {
        "date": "2020-09-11T09:42:02Z",
        "value": "176.93359375",
        "cumulative": false
    },
    {
        "date": "2020-09-11T09:42:21Z",
        "value": "177.0390625",
        "cumulative": false
    },
    {
        "date": "2020-09-11T09:42:33Z",
        "value": "176.84375",
        "cumulative": false
    },
    {
        "date": "2020-09-11T09:42:51Z",
        "value": "276.46875",
        "cumulative": false
    },
    {
        "date": "2020-09-11T09:43:09Z",
        "value": "267.78125",
        "cumulative": false
    },
    {
        "date": "2020-09-11T09:43:25Z",
        "value": "267.68359375",
        "cumulative": false
    },
    {
        "date": "2020-09-11T09:43:38Z",
        "value": "342.41796875",
        "cumulative": false
    },
    {
        "date": "2020-09-11T09:43:53Z",
        "value": "292.18359375",
        "cumulative": false
    },
    {
        "date": "2020-09-11T09:44:08Z",
        "value": "383.15625",
        "cumulative": false
    },
    {
        "date": "2020-09-11T09:44:23Z",
        "value": "267.78125",
        "cumulative": false
    },
    {
        "date": "2020-09-11T09:44:33Z",
        "value": "267.78125",
        "cumulative": false
    },
    {
        "date": "2020-09-11T09:44:44Z",
        "value": "192.5078125",
        "cumulative": false
    },
    {
        "date": "2020-09-11T09:45:01Z",
        "value": "192.48828125",
        "cumulative": false
    },
    {
        "date": "2020-09-11T09:45:19Z",
        "value": "192.484375",
        "cumulative": false
    },
    {
        "date": "2020-09-11T09:45:38Z",
        "value": "216.61328125",
        "cumulative": false
    },
    {
        "date": "2020-09-11T09:45:54Z",
        "value": "192.48828125",
        "cumulative": false
    },
    {
        "date": "2020-09-11T09:46:07Z",
        "value": "192.5078125",
        "cumulative": false
    },
    {
        "date": "2020-09-11T09:46:26Z",
        "value": "380.359375",
        "cumulative": false
    },
    {
        "date": "2020-09-11T09:46:42Z",
        "value": "397.734375",
        "cumulative": false
    },
    {
        "date": "2020-09-11T09:46:53Z",
        "value": "192.5078125",
        "cumulative": false
    },
    {
        "date": "2020-09-11T09:47:07Z",
        "value": "192.4921875",
        "cumulative": false
    },
    {
        "date": "2020-09-11T09:47:20Z",
        "value": "307.86328125",
        "cumulative": false
    },
    {
        "date": "2020-09-11T09:47:38Z",
        "value": "389.859375",
        "cumulative": false
    },
    {
        "date": "2020-09-11T09:47:53Z",
        "value": "192.484375",
        "cumulative": false
    },
    {
        "date": "2020-09-11T09:48:13Z",
        "value": "307.26953125",
        "cumulative": false
    },
    {
        "date": "2020-09-11T09:48:32Z",
        "value": "307.18359375",
        "cumulative": false
    },
    {
        "date": "2020-09-11T09:48:42Z",
        "value": "432.43359375",
        "cumulative": false
    },
    {
        "date": "2020-09-11T09:48:55Z",
        "value": "307.18359375",
        "cumulative": false
    },
    {
        "date": "2020-09-11T09:49:11Z",
        "value": "413.55859375",
        "cumulative": false
    },
    {
        "date": "2020-09-11T09:49:24Z",
        "value": "307.28515625",
        "cumulative": false
    },
    {
        "date": "2020-09-11T09:49:44Z",
        "value": "307.26171875",
        "cumulative": false
    },
    {
        "date": "2020-09-11T09:50:00Z",
        "value": "307.17578125",
        "cumulative": false
    },
    {
        "date": "2020-09-11T09:50:17Z",
        "value": "212.23828125",
        "cumulative": false
    },
    {
        "date": "2020-09-11T09:50:28Z",
        "value": "336.11328125",
        "cumulative": false
    },
    {
        "date": "2020-09-11T09:50:42Z",
        "value": "212.23828125",
        "cumulative": false
    },
    {
        "date": "2020-09-11T09:50:56Z",
        "value": "212.234375",
        "cumulative": false
    },
    {
        "date": "2020-09-11T09:51:12Z",
        "value": "439.484375",
        "cumulative": false
    },
    {
        "date": "2020-09-11T09:51:27Z",
        "value": "280.609375",
        "cumulative": false
    },
    {
        "date": "2020-09-11T09:51:44Z",
        "value": "212.23828125",
        "cumulative": false
    },
    {
        "date": "2020-09-11T09:51:57Z",
        "value": "212.26171875",
        "cumulative": false
    },
    {
        "date": "2020-09-11T09:52:16Z",
        "value": "212.2734375",
        "cumulative": false
    },
    {
        "date": "2020-09-11T09:52:36Z",
        "value": "218.11328125",
        "cumulative": false
    },
    {
        "date": "2020-09-11T09:52:47Z",
        "value": "212.26171875",
        "cumulative": false
    },
    {
        "date": "2020-09-11T09:53:00Z",
        "value": "212.25",
        "cumulative": false
    },
    {
        "date": "2020-09-11T09:53:13Z",
        "value": "212.234375",
        "cumulative": false
    },
    {
        "date": "2020-09-11T09:53:32Z",
        "value": "212.25",
        "cumulative": false
    },
    {
        "date": "2020-09-11T09:53:50Z",
        "value": "212.2734375",
        "cumulative": false
    },
    {
        "date": "2020-09-11T09:54:06Z",
        "value": "212.23828125",
        "cumulative": false
    },
    {
        "date": "2020-09-11T09:54:24Z",
        "value": "357.1875",
        "cumulative": false
    },
    {
        "date": "2020-09-11T09:54:38Z",
        "value": "537.3203125",
        "cumulative": false
    },
    {
        "date": "2020-09-11T09:54:51Z",
        "value": "357.1875",
        "cumulative": false
    },
    {
        "date": "2020-09-11T09:55:02Z",
        "value": "357.07421875",
        "cumulative": false
    },
    {
        "date": "2020-09-11T09:55:20Z",
        "value": "357.1875",
        "cumulative": false
    },
    {
        "date": "2020-09-11T09:55:30Z",
        "value": "453.32421875",
        "cumulative": false
    },
    {
        "date": "2020-09-11T09:55:47Z",
        "value": "357.07421875",
        "cumulative": false
    },
    {
        "date": "2020-09-11T09:56:04Z",
        "value": "357.07421875",
        "cumulative": false
    },
    {
        "date": "2020-09-11T09:56:22Z",
        "value": "357.1875",
        "cumulative": false
    },
    {
        "date": "2020-09-11T09:56:35Z",
        "value": "539.8203125",
        "cumulative": false
    },
    {
        "date": "2020-09-11T09:56:54Z",
        "value": "357.1875",
        "cumulative": false
    },
    {
        "date": "2020-09-11T09:57:09Z",
        "value": "237.1953125",
        "cumulative": false
    },
    {
        "date": "2020-09-11T09:57:27Z",
        "value": "237.1953125",
        "cumulative": false
    },
    {
        "date": "2020-09-11T09:57:45Z",
        "value": "237.1953125",
        "cumulative": false
    },
    {
        "date": "2020-09-11T09:58:00Z",
        "value": "237.1953125",
        "cumulative": false
    },
    {
        "date": "2020-09-11T09:58:14Z",
        "value": "237.25",
        "cumulative": false
    },
    {
        "date": "2020-09-11T09:58:28Z",
        "value": "237.1953125",
        "cumulative": false
    },
    {
        "date": "2020-09-11T09:58:41Z",
        "value": "237.25",
        "cumulative": false
    },
    {
        "date": "2020-09-11T09:58:58Z",
        "value": "237.3046875",
        "cumulative": false
    },
    {
        "date": "2020-09-11T09:59:12Z",
        "value": "237.29296875",
        "cumulative": false
    },
    {
        "date": "2020-09-11T09:59:27Z",
        "value": "268.3203125",
        "cumulative": false
    },
    {
        "date": "2020-09-11T09:59:41Z",
        "value": "237.1953125",
        "cumulative": false
    },
    {
        "date": "2020-09-11T09:59:55Z",
        "value": "237.1953125",
        "cumulative": false
    },
    {
        "date": "2020-09-11T10:00:05Z",
        "value": "237.1953125",
        "cumulative": false
    },
    {
        "date": "2020-09-11T10:00:21Z",
        "value": "237.1953125",
        "cumulative": false
    },
    {
        "date": "2020-09-11T10:00:40Z",
        "value": "237.1953125",
        "cumulative": false
    },
    {
        "date": "2020-09-11T10:00:52Z",
        "value": "237.1953125",
        "cumulative": false
    },
    {
        "date": "2020-09-11T10:01:10Z",
        "value": "237.1953125",
        "cumulative": false
    },
    {
        "date": "2020-09-11T10:01:21Z",
        "value": "237.1953125",
        "cumulative": false
    },
    {
        "date": "2020-09-11T10:01:33Z",
        "value": "237.25",
        "cumulative": false
    },
    {
        "date": "2020-09-11T10:01:43Z",
        "value": "237.1953125",
        "cumulative": false
    },
    {
        "date": "2020-09-11T10:01:57Z",
        "value": "439.6953125",
        "cumulative": false
    },
    {
        "date": "2020-09-11T10:02:14Z",
        "value": "360.6953125",
        "cumulative": false
    },
    {
        "date": "2020-09-11T10:02:27Z",
        "value": "483.91015625",
        "cumulative": false
    },
    {
        "date": "2020-09-11T10:02:38Z",
        "value": "589.91015625",
        "cumulative": false
    },
    {
        "date": "2020-09-11T10:02:49Z",
        "value": "692.66015625",
        "cumulative": false
    },
    {
        "date": "2020-09-11T10:03:07Z",
        "value": "554.6875",
        "cumulative": false
    },
    {
        "date": "2020-09-11T10:03:20Z",
        "value": "530.91015625",
        "cumulative": false
    },
    {
        "date": "2020-09-11T10:03:34Z",
        "value": "501.53515625",
        "cumulative": false
    },
    {
        "date": "2020-09-11T10:03:44Z",
        "value": "500.16015625",
        "cumulative": false
    },
    {
        "date": "2020-09-11T10:03:58Z",
        "value": "420.0625",
        "cumulative": false
    },
    {
        "date": "2020-09-11T10:04:13Z",
        "value": "420.03515625",
        "cumulative": false
    },
    {
        "date": "2020-09-11T10:04:27Z",
        "value": "600.41015625",
        "cumulative": false
    },
    {
        "date": "2020-09-11T10:04:43Z",
        "value": "493.03515625",
        "cumulative": false
    },
    {
        "date": "2020-09-11T10:05:00Z",
        "value": "420.03515625",
        "cumulative": false
    },
    {
        "date": "2020-09-11T10:05:11Z",
        "value": "420.0625",
        "cumulative": false
    },
    {
        "date": "2020-09-11T10:05:23Z",
        "value": "420.0625",
        "cumulative": false
    },
    {
        "date": "2020-09-11T10:05:36Z",
        "value": "268.671875",
        "cumulative": false
    },
    {
        "date": "2020-09-11T10:05:49Z",
        "value": "327.42578125",
        "cumulative": false
    },
    {
        "date": "2020-09-11T10:06:06Z",
        "value": "658.42578125",
        "cumulative": false
    },
    {
        "date": "2020-09-11T10:06:16Z",
        "value": "268.671875",
        "cumulative": false
    },
    {
        "date": "2020-09-11T10:06:28Z",
        "value": "268.67578125",
        "cumulative": false
    },
    {
        "date": "2020-09-11T10:06:40Z",
        "value": "268.671875",
        "cumulative": false
    },
    {
        "date": "2020-09-11T10:06:55Z",
        "value": "268.671875",
        "cumulative": false
    },
    {
        "date": "2020-09-11T10:07:07Z",
        "value": "268.83984375",
        "cumulative": false
    },
    {
        "date": "2020-09-11T10:07:23Z",
        "value": "268.7421875",
        "cumulative": false
    },
    {
        "date": "2020-09-11T10:07:39Z",
        "value": "667.921875",
        "cumulative": false
    },
    {
        "date": "2020-09-11T10:07:50Z",
        "value": "268.67578125",
        "cumulative": false
    },
    {
        "date": "2020-09-11T10:08:01Z",
        "value": "268.671875",
        "cumulative": false
    },
    {
        "date": "2020-09-11T10:08:17Z",
        "value": "268.7421875",
        "cumulative": false
    },
    {
        "date": "2020-09-11T10:08:33Z",
        "value": "268.671875",
        "cumulative": false
    },
    {
        "date": "2020-09-11T10:08:50Z",
        "value": "268.671875",
        "cumulative": false
    },
    {
        "date": "2020-09-11T10:09:03Z",
        "value": "268.67578125",
        "cumulative": false
    },
    {
        "date": "2020-09-11T10:09:17Z",
        "value": "586.546875",
        "cumulative": false
    },
    {
        "date": "2020-09-11T10:09:33Z",
        "value": "423.421875",
        "cumulative": false
    },
    {
        "date": "2020-09-11T10:09:45Z",
        "value": "454.30078125",
        "cumulative": false
    },
    {
        "date": "2020-09-11T10:09:56Z",
        "value": "268.671875",
        "cumulative": false
    },
    {
        "date": "2020-09-11T10:10:15Z",
        "value": "268.67578125",
        "cumulative": false
    },
    {
        "date": "2020-09-11T10:10:34Z",
        "value": "446.30078125",
        "cumulative": false
    },
    {
        "date": "2020-09-11T10:10:53Z",
        "value": "268.671875",
        "cumulative": false
    },
    {
        "date": "2020-09-11T10:11:10Z",
        "value": "676.546875",
        "cumulative": false
    },
    {
        "date": "2020-09-11T10:11:27Z",
        "value": "268.83984375",
        "cumulative": false
    },
    {
        "date": "2020-09-11T10:11:44Z",
        "value": "268.7734375",
        "cumulative": false
    },
    {
        "date": "2020-09-11T10:11:58Z",
        "value": "268.671875",
        "cumulative": false
    },
    {
        "date": "2020-09-11T10:12:14Z",
        "value": "268.671875",
        "cumulative": false
    },
    {
        "date": "2020-09-11T10:12:25Z",
        "value": "499.52734375",
        "cumulative": false
    },
    {
        "date": "2020-09-11T10:12:44Z",
        "value": "499.53125",
        "cumulative": false
    },
    {
        "date": "2020-09-11T10:13:03Z",
        "value": "499.53125",
        "cumulative": false
    },
    {
        "date": "2020-09-11T10:13:13Z",
        "value": "499.53125",
        "cumulative": false
    },
    {
        "date": "2020-09-11T10:13:29Z",
        "value": "499.53125",
        "cumulative": false
    },
    {
        "date": "2020-09-11T10:13:46Z",
        "value": "516.15625",
        "cumulative": false
    },
    {
        "date": "2020-09-11T10:13:58Z",
        "value": "771.77734375",
        "cumulative": false
    },
    {
        "date": "2020-09-11T10:14:13Z",
        "value": "646.40625",
        "cumulative": false
    },
    {
        "date": "2020-09-11T10:14:33Z",
        "value": "499.5625",
        "cumulative": false
    },
    {
        "date": "2020-09-11T10:14:51Z",
        "value": "499.52734375",
        "cumulative": false
    },
    {
        "date": "2020-09-11T10:15:10Z",
        "value": "499.52734375",
        "cumulative": false
    },
    {
        "date": "2020-09-11T10:15:27Z",
        "value": "646.40234375",
        "cumulative": false
    },
    {
        "date": "2020-09-11T10:15:44Z",
        "value": "800.03125",
        "cumulative": false
    },
    {
        "date": "2020-09-11T10:16:00Z",
        "value": "499.52734375",
        "cumulative": false
    },
    {
        "date": "2020-09-11T10:16:17Z",
        "value": "693.02734375",
        "cumulative": false
    },
    {
        "date": "2020-09-11T10:16:36Z",
        "value": "308.421875",
        "cumulative": false
    },
    {
        "date": "2020-09-11T10:16:54Z",
        "value": "308.42578125",
        "cumulative": false
    },
    {
        "date": "2020-09-11T10:17:10Z",
        "value": "308.52734375",
        "cumulative": false
    },
    {
        "date": "2020-09-11T10:17:27Z",
        "value": "563.55078125",
        "cumulative": false
    },
    {
        "date": "2020-09-11T10:17:44Z",
        "value": "308.42578125",
        "cumulative": false
    },
    {
        "date": "2020-09-11T10:18:00Z",
        "value": "308.421875",
        "cumulative": false
    },
    {
        "date": "2020-09-11T10:18:18Z",
        "value": "308.59765625",
        "cumulative": false
    },
    {
        "date": "2020-09-11T10:18:32Z",
        "value": "308.421875",
        "cumulative": false
    },
    {
        "date": "2020-09-11T10:18:48Z",
        "value": "308.42578125",
        "cumulative": false
    },
    {
        "date": "2020-09-11T10:19:04Z",
        "value": "688.796875",
        "cumulative": false
    },
    {
        "date": "2020-09-11T10:19:21Z",
        "value": "308.421875",
        "cumulative": false
    },
    {
        "date": "2020-09-11T10:19:37Z",
        "value": "308.42578125",
        "cumulative": false
    },
    {
        "date": "2020-09-11T10:19:50Z",
        "value": "495.80078125",
        "cumulative": false
    },
    {
        "date": "2020-09-11T10:20:07Z",
        "value": "308.53125",
        "cumulative": false
    },
    {
        "date": "2020-09-11T10:20:20Z",
        "value": "308.42578125",
        "cumulative": false
    },
    {
        "date": "2020-09-11T10:20:33Z",
        "value": "308.52734375",
        "cumulative": false
    },
    {
        "date": "2020-09-11T10:20:49Z",
        "value": "308.42578125",
        "cumulative": false
    },
    {
        "date": "2020-09-11T10:21:09Z",
        "value": "787.546875",
        "cumulative": false
    },
    {
        "date": "2020-09-11T10:21:20Z",
        "value": "308.47265625",
        "cumulative": false
    },
    {
        "date": "2020-09-11T10:21:38Z",
        "value": "308.421875",
        "cumulative": false
    },
    {
        "date": "2020-09-11T10:21:50Z",
        "value": "431.046875",
        "cumulative": false
    },
    {
        "date": "2020-09-11T10:22:10Z",
        "value": "308.421875",
        "cumulative": false
    },
    {
        "date": "2020-09-11T10:22:28Z",
        "value": "841.67578125",
        "cumulative": false
    },
    {
        "date": "2020-09-11T10:22:40Z",
        "value": "308.421875",
        "cumulative": false
    },
    {
        "date": "2020-09-11T10:22:56Z",
        "value": "308.42578125",
        "cumulative": false
    },
    {
        "date": "2020-09-11T10:23:12Z",
        "value": "308.421875",
        "cumulative": false
    },
    {
        "date": "2020-09-11T10:23:23Z",
        "value": "308.421875",
        "cumulative": false
    },
    {
        "date": "2020-09-11T10:23:41Z",
        "value": "308.47265625",
        "cumulative": false
    },
    {
        "date": "2020-09-11T10:23:52Z",
        "value": "308.421875",
        "cumulative": false
    },
    {
        "date": "2020-09-11T10:24:03Z",
        "value": "308.421875",
        "cumulative": false
    },
    {
        "date": "2020-09-11T10:24:14Z",
        "value": "308.421875",
        "cumulative": false
    },
    {
        "date": "2020-09-11T10:24:24Z",
        "value": "308.421875",
        "cumulative": false
    },
    {
        "date": "2020-09-11T10:24:43Z",
        "value": "308.421875",
        "cumulative": false
    },
    {
        "date": "2020-09-11T10:25:01Z",
        "value": "308.42578125",
        "cumulative": false
    },
    {
        "date": "2020-09-11T10:25:12Z",
        "value": "117.3046875",
        "cumulative": false
    }
]