[
    {
        "date": "2020-09-11T09:21:00Z",
        "value": "0.004946297",
        "cumulative": false
    },
    {
        "date": "2020-09-11T09:21:18Z",
        "value": "0.0",
        "cumulative": false
    },
    {
        "date": "2020-09-11T09:21:45Z",
        "value": "0.0",
        "cumulative": false
    },
    {
        "date": "2020-09-11T09:21:59Z",
        "value": "0.0",
        "cumulative": false
    },
    {
        "date": "2020-09-11T09:22:10Z",
        "value": "0.0",
        "cumulative": false
    },
    {
        "date": "2020-09-11T09:22:28Z",
        "value": "0.0",
        "cumulative": false
    },
    {
        "date": "2020-09-11T09:22:38Z",
        "value": "0.0",
        "cumulative": false
    },
    {
        "date": "2020-09-11T09:23:06Z",
        "value": "0.070932915",
        "cumulative": false
    },
    {
        "date": "2020-09-11T09:23:17Z",
        "value": "0.427451391",
        "cumulative": false
    },
    {
        "date": "2020-09-11T09:23:28Z",
        "value": "0.5790314",
        "cumulative": false
    },
    {
        "date": "2020-09-11T09:23:38Z",
        "value": "0.495390473",
        "cumulative": false
    },
    {
        "date": "2020-09-11T09:23:57Z",
        "value": "0.730290702",
        "cumulative": false
    },
    {
        "date": "2020-09-11T09:24:08Z",
        "value": "1.313375392",
        "cumulative": false
    },
    {
        "date": "2020-09-11T09:24:23Z",
        "value": "1.260219467",
        "cumulative": false
    },
    {
        "date": "2020-09-11T09:24:40Z",
        "value": "1.002326548",
        "cumulative": false
    },
    {
        "date": "2020-09-11T09:24:51Z",
        "value": "0.967377162",
        "cumulative": false
    },
    {
        "date": "2020-09-11T09:25:05Z",
        "value": "0.877216623",
        "cumulative": false
    },
    {
        "date": "2020-09-11T09:25:18Z",
        "value": "0.874866733",
        "cumulative": false
    },
    {
        "date": "2020-09-11T09:25:36Z",
        "value": "0.902386208",
        "cumulative": false
    },
    {
        "date": "2020-09-11T09:25:54Z",
        "value": "0.961747226",
        "cumulative": false
    },
    {
        "date": "2020-09-11T09:26:09Z",
        "value": "0.701550593",
        "cumulative": false
    },
    {
        "date": "2020-09-11T09:26:28Z",
        "value": "0.874902478",
        "cumulative": false
    },
    {
        "date": "2020-09-11T09:26:47Z",
        "value": "0.880289183",
        "cumulative": false
    },
    {
        "date": "2020-09-11T09:27:07Z",
        "value": "0.795286894",
        "cumulative": false
    },
    {
        "date": "2020-09-11T09:27:25Z",
        "value": "0.868486346",
        "cumulative": false
    },
    {
        "date": "2020-09-11T09:27:44Z",
        "value": "0.940736962",
        "cumulative": false
    },
    {
        "date": "2020-09-11T09:27:56Z",
        "value": "0.519971889",
        "cumulative": false
    },
    {
        "date": "2020-09-11T09:28:11Z",
        "value": "0.888229764",
        "cumulative": false
    },
    {
        "date": "2020-09-11T09:28:27Z",
        "value": "0.975332401",
        "cumulative": false
    },
    {
        "date": "2020-09-11T09:28:39Z",
        "value": "0.847569859",
        "cumulative": false
    },
    {
        "date": "2020-09-11T09:28:52Z",
        "value": "0.541978599",
        "cumulative": false
    },
    {
        "date": "2020-09-11T09:29:11Z",
        "value": "0.721423285",
        "cumulative": false
    },
    {
        "date": "2020-09-11T09:29:27Z",
        "value": "0.937344544",
        "cumulative": false
    },
    {
        "date": "2020-09-11T09:29:41Z",
        "value": "0.952297438",
        "cumulative": false
    },
    {
        "date": "2020-09-11T09:29:59Z",
        "value": "0.794507817",
        "cumulative": false
    },
    {
        "date": "2020-09-11T09:30:12Z",
        "value": "0.56715324",
        "cumulative": false
    },
    {
        "date": "2020-09-11T09:30:22Z",
        "value": "0.605533874",
        "cumulative": false
    },
    {
        "date": "2020-09-11T09:30:32Z",
        "value": "0.939108449",
        "cumulative": false
    },
    {
        "date": "2020-09-11T09:30:43Z",
        "value": "0.922872658",
        "cumulative": false
    },
    {
        "date": "2020-09-11T09:31:00Z",
        "value": "0.917052041",
        "cumulative": false
    },
    {
        "date": "2020-09-11T09:31:17Z",
        "value": "0.937090139",
        "cumulative": false
    },
    {
        "date": "2020-09-11T09:31:29Z",
        "value": "0.692740574",
        "cumulative": false
    },
    {
        "date": "2020-09-11T09:31:39Z",
        "value": "0.61427273",
        "cumulative": false
    },
    {
        "date": "2020-09-11T09:31:50Z",
        "value": "0.56550214",
        "cumulative": false
    },
    {
        "date": "2020-09-11T09:32:10Z",
        "value": "0.773219996",
        "cumulative": false
    },
    {
        "date": "2020-09-11T09:32:27Z",
        "value": "0.94555536",
        "cumulative": false
    },
    {
        "date": "2020-09-11T09:32:38Z",
        "value": "0.948957657",
        "cumulative": false
    },
    {
        "date": "2020-09-11T09:32:50Z",
        "value": "0.945182392",
        "cumulative": false
    },
    {
        "date": "2020-09-11T09:33:09Z",
        "value": "0.91822727",
        "cumulative": false
    },
    {
        "date": "2020-09-11T09:33:22Z",
        "value": "0.787278085",
        "cumulative": false
    },
    {
        "date": "2020-09-11T09:33:40Z",
        "value": "0.565302856",
        "cumulative": false
    },
    {
        "date": "2020-09-11T09:33:56Z",
        "value": "0.587433123",
        "cumulative": false
    },
    {
        "date": "2020-09-11T09:34:11Z",
        "value": "0.685231915",
        "cumulative": false
    },
    {
        "date": "2020-09-11T09:34:28Z",
        "value": "0.940128211",
        "cumulative": false
    },
    {
        "date": "2020-09-11T09:34:39Z",
        "value": "0.925814476",
        "cumulative": false
    },
    {
        "date": "2020-09-11T09:34:57Z",
        "value": "0.944919059",
        "cumulative": false
    },
    {
        "date": "2020-09-11T09:35:10Z",
        "value": "0.896109528",
        "cumulative": false
    },
    {
        "date": "2020-09-11T09:35:29Z",
        "value": "0.932221921",
        "cumulative": false
    },
    {
        "date": "2020-09-11T09:35:43Z",
        "value": "0.925093126",
        "cumulative": false
    },
    {
        "date": "2020-09-11T09:35:54Z",
        "value": "0.666698981",
        "cumulative": false
    },
    {
        "date": "2020-09-11T09:36:06Z",
        "value": "0.552884124",
        "cumulative": false
    },
    {
        "date": "2020-09-11T09:36:19Z",
        "value": "0.565539402",
        "cumulative": false
    },
    {
        "date": "2020-09-11T09:36:31Z",
        "value": "0.504675864",
        "cumulative": false
    },
    {
        "date": "2020-09-11T09:36:49Z",
        "value": "0.586715507",
        "cumulative": false
    },
    {
        "date": "2020-09-11T09:37:05Z",
        "value": "0.913420105",
        "cumulative": false
    },
    {
        "date": "2020-09-11T09:37:21Z",
        "value": "0.922718247",
        "cumulative": false
    },
    {
        "date": "2020-09-11T09:37:31Z",
        "value": "0.934223175",
        "cumulative": false
    },
    {
        "date": "2020-09-11T09:37:44Z",
        "value": "0.926088574",
        "cumulative": false
    },
    {
        "date": "2020-09-11T09:37:54Z",
        "value": "0.884389861",
        "cumulative": false
    },
    {
        "date": "2020-09-11T09:38:06Z",
        "value": "0.904414954",
        "cumulative": false
    },
    {
        "date": "2020-09-11T09:38:21Z",
        "value": "0.90209815",
        "cumulative": false
    },
    {
        "date": "2020-09-11T09:38:40Z",
        "value": "0.905805073",
        "cumulative": false
    },
    {
        "date": "2020-09-11T09:38:57Z",
        "value": "0.896517741",
        "cumulative": false
    },
    {
        "date": "2020-09-11T09:39:07Z",
        "value": "0.63528717",
        "cumulative": false
    },
    {
        "date": "2020-09-11T09:39:20Z",
        "value": "0.566845295",
        "cumulative": false
    },
    {
        "date": "2020-09-11T09:39:38Z",
        "value": "0.553593774",
        "cumulative": false
    },
    {
        "date": "2020-09-11T09:39:50Z",
        "value": "0.572278847",
        "cumulative": false
    },
    {
        "date": "2020-09-11T09:40:01Z",
        "value": "0.575938281",
        "cumulative": false
    },
    {
        "date": "2020-09-11T09:40:16Z",
        "value": "0.62153925",
        "cumulative": false
    },
    {
        "date": "2020-09-11T09:40:31Z",
        "value": "0.905743595",
        "cumulative": false
    },
    {
        "date": "2020-09-11T09:40:45Z",
        "value": "0.911698303",
        "cumulative": false
    },
    {
        "date": "2020-09-11T09:41:05Z",
        "value": "0.924212879",
        "cumulative": false
    },
    {
        "date": "2020-09-11T09:41:25Z",
        "value": "0.909764619",
        "cumulative": false
    },
    {
        "date": "2020-09-11T09:41:40Z",
        "value": "0.910528823",
        "cumulative": false
    },
    {
        "date": "2020-09-11T09:41:58Z",
        "value": "0.91959987",
        "cumulative": false
    },
    {
        "date": "2020-09-11T09:42:15Z",
        "value": "0.912195249",
        "cumulative": false
    },
    {
        "date": "2020-09-11T09:42:29Z",
        "value": "0.924028049",
        "cumulative": false
    },
    {
        "date": "2020-09-11T09:42:46Z",
        "value": "0.916622501",
        "cumulative": false
    },
    {
        "date": "2020-09-11T09:43:00Z",
        "value": "0.720940553",
        "cumulative": false
    },
    {
        "date": "2020-09-11T09:43:11Z",
        "value": "0.538712178",
        "cumulative": false
    },
    {
        "date": "2020-09-11T09:43:22Z",
        "value": "0.605715254",
        "cumulative": false
    },
    {
        "date": "2020-09-11T09:43:35Z",
        "value": "0.582801657",
        "cumulative": false
    },
    {
        "date": "2020-09-11T09:43:46Z",
        "value": "0.523927071",
        "cumulative": false
    },
    {
        "date": "2020-09-11T09:44:03Z",
        "value": "0.581876891",
        "cumulative": false
    },
    {
        "date": "2020-09-11T09:44:19Z",
        "value": "0.618012456",
        "cumulative": false
    },
    {
        "date": "2020-09-11T09:44:32Z",
        "value": "0.56873141",
        "cumulative": false
    },
    {
        "date": "2020-09-11T09:44:42Z",
        "value": "0.849255503",
        "cumulative": false
    },
    {
        "date": "2020-09-11T09:44:53Z",
        "value": "0.9233392",
        "cumulative": false
    },
    {
        "date": "2020-09-11T09:45:08Z",
        "value": "0.905742442",
        "cumulative": false
    },
    {
        "date": "2020-09-11T09:45:21Z",
        "value": "0.909502094",
        "cumulative": false
    },
    {
        "date": "2020-09-11T09:45:36Z",
        "value": "0.910613373",
        "cumulative": false
    },
    {
        "date": "2020-09-11T09:45:53Z",
        "value": "0.8832294",
        "cumulative": false
    },
    {
        "date": "2020-09-11T09:46:09Z",
        "value": "0.916253236",
        "cumulative": false
    },
    {
        "date": "2020-09-11T09:46:23Z",
        "value": "0.894067825",
        "cumulative": false
    },
    {
        "date": "2020-09-11T09:46:43Z",
        "value": "0.890282315",
        "cumulative": false
    },
    {
        "date": "2020-09-11T09:47:03Z",
        "value": "0.913512298",
        "cumulative": false
    },
    {
        "date": "2020-09-11T09:47:16Z",
        "value": "0.926378932",
        "cumulative": false
    },
    {
        "date": "2020-09-11T09:47:31Z",
        "value": "0.928400652",
        "cumulative": false
    },
    {
        "date": "2020-09-11T09:47:43Z",
        "value": "0.906544518",
        "cumulative": false
    },
    {
        "date": "2020-09-11T09:47:57Z",
        "value": "0.895760195",
        "cumulative": false
    },
    {
        "date": "2020-09-11T09:48:16Z",
        "value": "0.576126271",
        "cumulative": false
    },
    {
        "date": "2020-09-11T09:48:32Z",
        "value": "0.527549111",
        "cumulative": false
    },
    {
        "date": "2020-09-11T09:48:46Z",
        "value": "0.560753187",
        "cumulative": false
    },
    {
        "date": "2020-09-11T09:49:01Z",
        "value": "0.54995678",
        "cumulative": false
    },
    {
        "date": "2020-09-11T09:49:18Z",
        "value": "0.579314677",
        "cumulative": false
    },
    {
        "date": "2020-09-11T09:49:35Z",
        "value": "0.593097891",
        "cumulative": false
    },
    {
        "date": "2020-09-11T09:49:49Z",
        "value": "0.535583309",
        "cumulative": false
    },
    {
        "date": "2020-09-11T09:49:59Z",
        "value": "0.526746263",
        "cumulative": false
    },
    {
        "date": "2020-09-11T09:50:16Z",
        "value": "0.785274072",
        "cumulative": false
    },
    {
        "date": "2020-09-11T09:50:29Z",
        "value": "0.905355517",
        "cumulative": false
    },
    {
        "date": "2020-09-11T09:50:45Z",
        "value": "0.894295216",
        "cumulative": false
    },
    {
        "date": "2020-09-11T09:51:02Z",
        "value": "0.872400851",
        "cumulative": false
    },
    {
        "date": "2020-09-11T09:51:21Z",
        "value": "0.927260972",
        "cumulative": false
    },
    {
        "date": "2020-09-11T09:51:31Z",
        "value": "0.880079739",
        "cumulative": false
    },
    {
        "date": "2020-09-11T09:51:47Z",
        "value": "0.904231298",
        "cumulative": false
    },
    {
        "date": "2020-09-11T09:52:04Z",
        "value": "0.919223967",
        "cumulative": false
    },
    {
        "date": "2020-09-11T09:52:18Z",
        "value": "0.91272376",
        "cumulative": false
    },
    {
        "date": "2020-09-11T09:52:29Z",
        "value": "0.911566452",
        "cumulative": false
    },
    {
        "date": "2020-09-11T09:52:41Z",
        "value": "0.934150878",
        "cumulative": false
    },
    {
        "date": "2020-09-11T09:53:00Z",
        "value": "0.898144191",
        "cumulative": false
    },
    {
        "date": "2020-09-11T09:53:14Z",
        "value": "0.924983615",
        "cumulative": false
    },
    {
        "date": "2020-09-11T09:53:28Z",
        "value": "0.91292858",
        "cumulative": false
    },
    {
        "date": "2020-09-11T09:53:41Z",
        "value": "0.916433737",
        "cumulative": false
    },
    {
        "date": "2020-09-11T09:53:54Z",
        "value": "0.920999123",
        "cumulative": false
    },
    {
        "date": "2020-09-11T09:54:05Z",
        "value": "0.912676621",
        "cumulative": false
    },
    {
        "date": "2020-09-11T09:54:17Z",
        "value": "0.93811408",
        "cumulative": false
    },
    {
        "date": "2020-09-11T09:54:31Z",
        "value": "0.588437897",
        "cumulative": false
    },
    {
        "date": "2020-09-11T09:54:51Z",
        "value": "0.585510078",
        "cumulative": false
    },
    {
        "date": "2020-09-11T09:55:04Z",
        "value": "0.543849906",
        "cumulative": false
    },
    {
        "date": "2020-09-11T09:55:17Z",
        "value": "0.604739363",
        "cumulative": false
    },
    {
        "date": "2020-09-11T09:55:34Z",
        "value": "0.583488352",
        "cumulative": false
    },
    {
        "date": "2020-09-11T09:55:47Z",
        "value": "0.645478036",
        "cumulative": false
    },
    {
        "date": "2020-09-11T09:56:05Z",
        "value": "0.534713955",
        "cumulative": false
    },
    {
        "date": "2020-09-11T09:56:23Z",
        "value": "0.555379478",
        "cumulative": false
    },
    {
        "date": "2020-09-11T09:56:34Z",
        "value": "0.603246049",
        "cumulative": false
    },
    {
        "date": "2020-09-11T09:56:45Z",
        "value": "0.543507938",
        "cumulative": false
    },
    {
        "date": "2020-09-11T09:57:04Z",
        "value": "0.7169923",
        "cumulative": false
    },
    {
        "date": "2020-09-11T09:57:22Z",
        "value": "0.930665567",
        "cumulative": false
    },
    {
        "date": "2020-09-11T09:57:41Z",
        "value": "0.936890439",
        "cumulative": false
    },
    {
        "date": "2020-09-11T09:57:57Z",
        "value": "0.916793133",
        "cumulative": false
    },
    {
        "date": "2020-09-11T09:58:17Z",
        "value": "0.917482745",
        "cumulative": false
    },
    {
        "date": "2020-09-11T09:58:33Z",
        "value": "0.934158978",
        "cumulative": false
    },
    {
        "date": "2020-09-11T09:58:43Z",
        "value": "0.925293536",
        "cumulative": false
    },
    {
        "date": "2020-09-11T09:59:01Z",
        "value": "0.918112394",
        "cumulative": false
    },
    {
        "date": "2020-09-11T09:59:19Z",
        "value": "0.918459501",
        "cumulative": false
    },
    {
        "date": "2020-09-11T09:59:35Z",
        "value": "0.912063136",
        "cumulative": false
    },
    {
        "date": "2020-09-11T09:59:52Z",
        "value": "0.891741998",
        "cumulative": false
    },
    {
        "date": "2020-09-11T10:00:05Z",
        "value": "0.89212792",
        "cumulative": false
    },
    {
        "date": "2020-09-11T10:00:20Z",
        "value": "0.925298102",
        "cumulative": false
    },
    {
        "date": "2020-09-11T10:00:38Z",
        "value": "0.896151258",
        "cumulative": false
    },
    {
        "date": "2020-09-11T10:00:50Z",
        "value": "0.929607828",
        "cumulative": false
    },
    {
        "date": "2020-09-11T10:01:02Z",
        "value": "0.933509799",
        "cumulative": false
    },
    {
        "date": "2020-09-11T10:01:13Z",
        "value": "0.921644055",
        "cumulative": false
    },
    {
        "date": "2020-09-11T10:01:29Z",
        "value": "0.892580745",
        "cumulative": false
    },
    {
        "date": "2020-09-11T10:01:49Z",
        "value": "0.931341151",
        "cumulative": false
    },
    {
        "date": "2020-09-11T10:02:04Z",
        "value": "0.898910661",
        "cumulative": false
    },
    {
        "date": "2020-09-11T10:02:19Z",
        "value": "0.84362979",
        "cumulative": false
    },
    {
        "date": "2020-09-11T10:02:36Z",
        "value": "0.562908712",
        "cumulative": false
    },
    {
        "date": "2020-09-11T10:02:56Z",
        "value": "0.570768765",
        "cumulative": false
    },
    {
        "date": "2020-09-11T10:03:09Z",
        "value": "0.614648646",
        "cumulative": false
    },
    {
        "date": "2020-09-11T10:03:19Z",
        "value": "0.605176245",
        "cumulative": false
    },
    {
        "date": "2020-09-11T10:03:37Z",
        "value": "0.580940473",
        "cumulative": false
    },
    {
        "date": "2020-09-11T10:03:53Z",
        "value": "0.614879203",
        "cumulative": false
    },
    {
        "date": "2020-09-11T10:04:11Z",
        "value": "0.576463955",
        "cumulative": false
    },
    {
        "date": "2020-09-11T10:04:30Z",
        "value": "0.597720669",
        "cumulative": false
    },
    {
        "date": "2020-09-11T10:04:49Z",
        "value": "0.634552538",
        "cumulative": false
    },
    {
        "date": "2020-09-11T10:05:03Z",
        "value": "0.597466678",
        "cumulative": false
    },
    {
        "date": "2020-09-11T10:05:17Z",
        "value": "0.547214025",
        "cumulative": false
    },
    {
        "date": "2020-09-11T10:05:34Z",
        "value": "0.586881738",
        "cumulative": false
    },
    {
        "date": "2020-09-11T10:05:54Z",
        "value": "0.908516906",
        "cumulative": false
    },
    {
        "date": "2020-09-11T10:06:09Z",
        "value": "0.933641737",
        "cumulative": false
    },
    {
        "date": "2020-09-11T10:06:23Z",
        "value": "0.910421436",
        "cumulative": false
    },
    {
        "date": "2020-09-11T10:06:43Z",
        "value": "0.929879599",
        "cumulative": false
    },
    {
        "date": "2020-09-11T10:07:02Z",
        "value": "0.913846152",
        "cumulative": false
    },
    {
        "date": "2020-09-11T10:07:19Z",
        "value": "0.939077469",
        "cumulative": false
    },
    {
        "date": "2020-09-11T10:07:39Z",
        "value": "0.8954218",
        "cumulative": false
    },
    {
        "date": "2020-09-11T10:07:59Z",
        "value": "0.921678412",
        "cumulative": false
    },
    {
        "date": "2020-09-11T10:08:13Z",
        "value": "0.924258365",
        "cumulative": false
    },
    {
        "date": "2020-09-11T10:08:25Z",
        "value": "0.875920117",
        "cumulative": false
    },
    {
        "date": "2020-09-11T10:08:39Z",
        "value": "0.905617516",
        "cumulative": false
    },
    {
        "date": "2020-09-11T10:08:55Z",
        "value": "0.913175737",
        "cumulative": false
    },
    {
        "date": "2020-09-11T10:09:08Z",
        "value": "0.919008706",
        "cumulative": false
    },
    {
        "date": "2020-09-11T10:09:25Z",
        "value": "0.901522971",
        "cumulative": false
    },
    {
        "date": "2020-09-11T10:09:35Z",
        "value": "0.90991881",
        "cumulative": false
    },
    {
        "date": "2020-09-11T10:09:55Z",
        "value": "0.918233559",
        "cumulative": false
    },
    {
        "date": "2020-09-11T10:10:10Z",
        "value": "0.912756961",
        "cumulative": false
    },
    {
        "date": "2020-09-11T10:10:22Z",
        "value": "0.89122089",
        "cumulative": false
    },
    {
        "date": "2020-09-11T10:10:39Z",
        "value": "0.914516905",
        "cumulative": false
    },
    {
        "date": "2020-09-11T10:10:50Z",
        "value": "0.901846496",
        "cumulative": false
    },
    {
        "date": "2020-09-11T10:11:05Z",
        "value": "0.912187361",
        "cumulative": false
    },
    {
        "date": "2020-09-11T10:11:15Z",
        "value": "0.896705721",
        "cumulative": false
    },
    {
        "date": "2020-09-11T10:11:30Z",
        "value": "0.910931989",
        "cumulative": false
    },
    {
        "date": "2020-09-11T10:11:49Z",
        "value": "0.937197792",
        "cumulative": false
    },
    {
        "date": "2020-09-11T10:12:00Z",
        "value": "0.867507793",
        "cumulative": false
    },
    {
        "date": "2020-09-11T10:12:12Z",
        "value": "0.914998385",
        "cumulative": false
    },
    {
        "date": "2020-09-11T10:12:25Z",
        "value": "0.732681386",
        "cumulative": false
    },
    {
        "date": "2020-09-11T10:12:43Z",
        "value": "0.560862271",
        "cumulative": false
    },
    {
        "date": "2020-09-11T10:12:57Z",
        "value": "0.594847204",
        "cumulative": false
    },
    {
        "date": "2020-09-11T10:13:09Z",
        "value": "0.544745779",
        "cumulative": false
    },
    {
        "date": "2020-09-11T10:13:24Z",
        "value": "0.56675632",
        "cumulative": false
    },
    {
        "date": "2020-09-11T10:13:41Z",
        "value": "0.60049601",
        "cumulative": false
    },
    {
        "date": "2020-09-11T10:13:53Z",
        "value": "0.57360559",
        "cumulative": false
    },
    {
        "date": "2020-09-11T10:14:07Z",
        "value": "0.583189346",
        "cumulative": false
    },
    {
        "date": "2020-09-11T10:14:25Z",
        "value": "0.607398673",
        "cumulative": false
    },
    {
        "date": "2020-09-11T10:14:35Z",
        "value": "0.571273689",
        "cumulative": false
    },
    {
        "date": "2020-09-11T10:14:54Z",
        "value": "0.57625466",
        "cumulative": false
    },
    {
        "date": "2020-09-11T10:15:13Z",
        "value": "0.567125665",
        "cumulative": false
    },
    {
        "date": "2020-09-11T10:15:25Z",
        "value": "0.586012214",
        "cumulative": false
    },
    {
        "date": "2020-09-11T10:15:41Z",
        "value": "0.573268822",
        "cumulative": false
    },
    {
        "date": "2020-09-11T10:15:54Z",
        "value": "0.632666012",
        "cumulative": false
    },
    {
        "date": "2020-09-11T10:16:11Z",
        "value": "0.526345722",
        "cumulative": false
    },
    {
        "date": "2020-09-11T10:16:30Z",
        "value": "0.560945685",
        "cumulative": false
    },
    {
        "date": "2020-09-11T10:16:45Z",
        "value": "0.902545893",
        "cumulative": false
    },
    {
        "date": "2020-09-11T10:17:02Z",
        "value": "0.936381508",
        "cumulative": false
    },
    {
        "date": "2020-09-11T10:17:19Z",
        "value": "0.920211637",
        "cumulative": false
    },
    {
        "date": "2020-09-11T10:17:36Z",
        "value": "0.931001274",
        "cumulative": false
    },
    {
        "date": "2020-09-11T10:17:53Z",
        "value": "0.918360528",
        "cumulative": false
    },
    {
        "date": "2020-09-11T10:18:06Z",
        "value": "0.928606166",
        "cumulative": false
    },
    {
        "date": "2020-09-11T10:18:25Z",
        "value": "0.920743895",
        "cumulative": false
    },
    {
        "date": "2020-09-11T10:18:39Z",
        "value": "0.912660892",
        "cumulative": false
    },
    {
        "date": "2020-09-11T10:18:50Z",
        "value": "0.891031075",
        "cumulative": false
    },
    {
        "date": "2020-09-11T10:19:06Z",
        "value": "0.932428386",
        "cumulative": false
    },
    {
        "date": "2020-09-11T10:19:25Z",
        "value": "0.901374949",
        "cumulative": false
    },
    {
        "date": "2020-09-11T10:19:43Z",
        "value": "0.901976156",
        "cumulative": false
    },
    {
        "date": "2020-09-11T10:19:56Z",
        "value": "0.910272057",
        "cumulative": false
    },
    {
        "date": "2020-09-11T10:20:09Z",
        "value": "0.889955391",
        "cumulative": false
    },
    {
        "date": "2020-09-11T10:20:23Z",
        "value": "0.902622414",
        "cumulative": false
    },
    {
        "date": "2020-09-11T10:20:37Z",
        "value": "0.88381663",
        "cumulative": false
    },
    {
        "date": "2020-09-11T10:20:54Z",
        "value": "0.900547122",
        "cumulative": false
    },
    {
        "date": "2020-09-11T10:21:05Z",
        "value": "0.873256618",
        "cumulative": false
    },
    {
        "date": "2020-09-11T10:21:19Z",
        "value": "0.958659716",
        "cumulative": false
    },
    {
        "date": "2020-09-11T10:21:31Z",
        "value": "0.878095856",
        "cumulative": false
    },
    {
        "date": "2020-09-11T10:21:47Z",
        "value": "0.850872574",
        "cumulative": false
    },
    {
        "date": "2020-09-11T10:22:04Z",
        "value": "0.899650829",
        "cumulative": false
    },
    {
        "date": "2020-09-11T10:22:19Z",
        "value": "0.896047156",
        "cumulative": false
    },
    {
        "date": "2020-09-11T10:22:36Z",
        "value": "0.91845408",
        "cumulative": false
    },
    {
        "date": "2020-09-11T10:22:52Z",
        "value": "0.90895539",
        "cumulative": false
    },
    {
        "date": "2020-09-11T10:23:03Z",
        "value": "0.88835581",
        "cumulative": false
    },
    {
        "date": "2020-09-11T10:23:20Z",
        "value": "0.922484121",
        "cumulative": false
    },
    {
        "date": "2020-09-11T10:23:33Z",
        "value": "0.929570464",
        "cumulative": false
    },
    {
        "date": "2020-09-11T10:23:47Z",
        "value": "0.923887405",
        "cumulative": false
    },
    {
        "date": "2020-09-11T10:24:00Z",
        "value": "0.882241313",
        "cumulative": false
    },
    {
        "date": "2020-09-11T10:24:19Z",
        "value": "0.914019644",
        "cumulative": false
    },
    {
        "date": "2020-09-11T10:24:36Z",
        "value": "0.880790524",
        "cumulative": false
    },
    {
        "date": "2020-09-11T10:24:47Z",
        "value": "0.872698131",
        "cumulative": false
    },
    {
        "date": "2020-09-11T10:25:00Z",
        "value": "0.923946393",
        "cumulative": false
    },
    {
        "date": "2020-09-11T10:25:17Z",
        "value": "0.356831787",
        "cumulative": false
    }
]