[
    {
        "date": "2020-09-11T09:20:54Z",
        "value": "4.00543212890625e-05",
        "cumulative": true
    },
    {
        "date": "2020-09-11T09:21:06Z",
        "value": "4.00543212890625e-05",
        "cumulative": true
    },
    {
        "date": "2020-09-11T09:21:36Z",
        "value": "4.00543212890625e-05",
        "cumulative": true
    },
    {
        "date": "2020-09-11T09:21:56Z",
        "value": "4.00543212890625e-05",
        "cumulative": true
    },
    {
        "date": "2020-09-11T09:22:17Z",
        "value": "4.00543212890625e-05",
        "cumulative": true
    },
    {
        "date": "2020-09-11T09:22:28Z",
        "value": "4.00543212890625e-05",
        "cumulative": true
    },
    {
        "date": "2020-09-11T09:22:58Z",
        "value": "4.00543212890625e-05",
        "cumulative": true
    },
    {
        "date": "2020-09-11T09:23:13Z",
        "value": "7.514734268188477",
        "cumulative": true
    },
    {
        "date": "2020-09-11T09:23:26Z",
        "value": "33.15752410888672",
        "cumulative": true
    },
    {
        "date": "2020-09-11T09:23:43Z",
        "value": "95.24944305419922",
        "cumulative": true
    },
    {
        "date": "2020-09-11T09:23:55Z",
        "value": "350.7375440597534",
        "cumulative": true
    },
    {
        "date": "2020-09-11T09:24:12Z",
        "value": "1832.8374605178833",
        "cumulative": true
    },
    {
        "date": "2020-09-11T09:24:24Z",
        "value": "3387.619511604309",
        "cumulative": true
    },
    {
        "date": "2020-09-11T09:24:36Z",
        "value": "4622.68800163269",
        "cumulative": true
    },
    {
        "date": "2020-09-11T09:24:49Z",
        "value": "6673.827152252197",
        "cumulative": true
    },
    {
        "date": "2020-09-11T09:25:03Z",
        "value": "8607.057131767273",
        "cumulative": true
    },
    {
        "date": "2020-09-11T09:25:15Z",
        "value": "9796.229217529297",
        "cumulative": true
    },
    {
        "date": "2020-09-11T09:25:34Z",
        "value": "12516.256750106812",
        "cumulative": true
    },
    {
        "date": "2020-09-11T09:25:52Z",
        "value": "14675.339109420776",
        "cumulative": true
    },
    {
        "date": "2020-09-11T09:26:06Z",
        "value": "17491.894209861755",
        "cumulative": true
    },
    {
        "date": "2020-09-11T09:26:26Z",
        "value": "19469.497074127197",
        "cumulative": true
    },
    {
        "date": "2020-09-11T09:26:38Z",
        "value": "22093.80848789215",
        "cumulative": true
    },
    {
        "date": "2020-09-11T09:26:49Z",
        "value": "22823.859610557556",
        "cumulative": true
    },
    {
        "date": "2020-09-11T09:27:07Z",
        "value": "26171.339458465576",
        "cumulative": true
    },
    {
        "date": "2020-09-11T09:27:24Z",
        "value": "28344.253846168518",
        "cumulative": true
    },
    {
        "date": "2020-09-11T09:27:42Z",
        "value": "29637.179195404053",
        "cumulative": true
    },
    {
        "date": "2020-09-11T09:27:54Z",
        "value": "33050.82011795044",
        "cumulative": true
    },
    {
        "date": "2020-09-11T09:28:10Z",
        "value": "35455.07781791687",
        "cumulative": true
    },
    {
        "date": "2020-09-11T09:28:21Z",
        "value": "36259.68629646301",
        "cumulative": true
    },
    {
        "date": "2020-09-11T09:28:35Z",
        "value": "37287.88606452942",
        "cumulative": true
    },
    {
        "date": "2020-09-11T09:28:48Z",
        "value": "40174.189781188965",
        "cumulative": true
    },
    {
        "date": "2020-09-11T09:29:03Z",
        "value": "43896.47803020477",
        "cumulative": true
    },
    {
        "date": "2020-09-11T09:29:22Z",
        "value": "45144.09216976166",
        "cumulative": true
    },
    {
        "date": "2020-09-11T09:29:38Z",
        "value": "46236.80975818634",
        "cumulative": true
    },
    {
        "date": "2020-09-11T09:29:52Z",
        "value": "47567.86661052704",
        "cumulative": true
    },
    {
        "date": "2020-09-11T09:30:11Z",
        "value": "52631.871066093445",
        "cumulative": true
    },
    {
        "date": "2020-09-11T09:30:23Z",
        "value": "55451.583954811096",
        "cumulative": true
    },
    {
        "date": "2020-09-11T09:30:34Z",
        "value": "56254.97368335724",
        "cumulative": true
    },
    {
        "date": "2020-09-11T09:30:49Z",
        "value": "57242.03822994232",
        "cumulative": true
    },
    {
        "date": "2020-09-11T09:31:06Z",
        "value": "58413.056183815",
        "cumulative": true
    },
    {
        "date": "2020-09-11T09:31:23Z",
        "value": "59922.62374019623",
        "cumulative": true
    },
    {
        "date": "2020-09-11T09:31:42Z",
        "value": "65229.820662498474",
        "cumulative": true
    },
    {
        "date": "2020-09-11T09:31:56Z",
        "value": "68689.06083393097",
        "cumulative": true
    },
    {
        "date": "2020-09-11T09:32:10Z",
        "value": "70558.77883148193",
        "cumulative": true
    },
    {
        "date": "2020-09-11T09:32:27Z",
        "value": "71685.82341003418",
        "cumulative": true
    },
    {
        "date": "2020-09-11T09:32:37Z",
        "value": "72412.46869468689",
        "cumulative": true
    },
    {
        "date": "2020-09-11T09:32:48Z",
        "value": "73158.38001441956",
        "cumulative": true
    },
    {
        "date": "2020-09-11T09:33:00Z",
        "value": "73926.26999664307",
        "cumulative": true
    },
    {
        "date": "2020-09-11T09:33:15Z",
        "value": "74962.93417549133",
        "cumulative": true
    },
    {
        "date": "2020-09-11T09:33:29Z",
        "value": "78090.3470659256",
        "cumulative": true
    },
    {
        "date": "2020-09-11T09:33:45Z",
        "value": "82427.19516849518",
        "cumulative": true
    },
    {
        "date": "2020-09-11T09:34:04Z",
        "value": "87528.55149745941",
        "cumulative": true
    },
    {
        "date": "2020-09-11T09:34:21Z",
        "value": "89187.97762775421",
        "cumulative": true
    },
    {
        "date": "2020-09-11T09:34:38Z",
        "value": "90274.27890872955",
        "cumulative": true
    },
    {
        "date": "2020-09-11T09:34:54Z",
        "value": "91306.86260509491",
        "cumulative": true
    },
    {
        "date": "2020-09-11T09:35:08Z",
        "value": "92224.37254428864",
        "cumulative": true
    },
    {
        "date": "2020-09-11T09:35:24Z",
        "value": "93318.14385509491",
        "cumulative": true
    },
    {
        "date": "2020-09-11T09:35:36Z",
        "value": "94054.50127315521",
        "cumulative": true
    },
    {
        "date": "2020-09-11T09:35:52Z",
        "value": "96253.21697235107",
        "cumulative": true
    },
    {
        "date": "2020-09-11T09:36:05Z",
        "value": "99727.87515830994",
        "cumulative": true
    },
    {
        "date": "2020-09-11T09:36:22Z",
        "value": "103890.27277183533",
        "cumulative": true
    },
    {
        "date": "2020-09-11T09:36:36Z",
        "value": "107424.48108291626",
        "cumulative": true
    },
    {
        "date": "2020-09-11T09:36:48Z",
        "value": "110711.06696128845",
        "cumulative": true
    },
    {
        "date": "2020-09-11T09:37:02Z",
        "value": "112135.06104564667",
        "cumulative": true
    },
    {
        "date": "2020-09-11T09:37:16Z",
        "value": "113018.11327266693",
        "cumulative": true
    },
    {
        "date": "2020-09-11T09:37:33Z",
        "value": "114127.80347537994",
        "cumulative": true
    },
    {
        "date": "2020-09-11T09:37:43Z",
        "value": "114839.98897647858",
        "cumulative": true
    },
    {
        "date": "2020-09-11T09:37:54Z",
        "value": "115571.52553844452",
        "cumulative": true
    },
    {
        "date": "2020-09-11T09:38:04Z",
        "value": "116235.98896312714",
        "cumulative": true
    },
    {
        "date": "2020-09-11T09:38:19Z",
        "value": "117188.19766139984",
        "cumulative": true
    },
    {
        "date": "2020-09-11T09:38:36Z",
        "value": "118309.93200588226",
        "cumulative": true
    },
    {
        "date": "2020-09-11T09:38:52Z",
        "value": "119320.11154651642",
        "cumulative": true
    },
    {
        "date": "2020-09-11T09:39:11Z",
        "value": "123824.88230323792",
        "cumulative": true
    },
    {
        "date": "2020-09-11T09:39:30Z",
        "value": "128920.90948867798",
        "cumulative": true
    },
    {
        "date": "2020-09-11T09:39:45Z",
        "value": "132419.8251171112",
        "cumulative": true
    },
    {
        "date": "2020-09-11T09:40:04Z",
        "value": "137523.9637298584",
        "cumulative": true
    },
    {
        "date": "2020-09-11T09:40:18Z",
        "value": "140811.46308231354",
        "cumulative": true
    },
    {
        "date": "2020-09-11T09:40:38Z",
        "value": "142095.23804569244",
        "cumulative": true
    },
    {
        "date": "2020-09-11T09:40:53Z",
        "value": "143106.14500904083",
        "cumulative": true
    },
    {
        "date": "2020-09-11T09:41:10Z",
        "value": "144230.28589344025",
        "cumulative": true
    },
    {
        "date": "2020-09-11T09:41:29Z",
        "value": "145440.07157230377",
        "cumulative": true
    },
    {
        "date": "2020-09-11T09:41:49Z",
        "value": "146764.45819950104",
        "cumulative": true
    },
    {
        "date": "2020-09-11T09:42:04Z",
        "value": "147741.2646780014",
        "cumulative": true
    },
    {
        "date": "2020-09-11T09:42:19Z",
        "value": "148747.8385705948",
        "cumulative": true
    },
    {
        "date": "2020-09-11T09:42:31Z",
        "value": "149498.90678310394",
        "cumulative": true
    },
    {
        "date": "2020-09-11T09:42:50Z",
        "value": "150735.2593126297",
        "cumulative": true
    },
    {
        "date": "2020-09-11T09:43:06Z",
        "value": "153696.74807548523",
        "cumulative": true
    },
    {
        "date": "2020-09-11T09:43:25Z",
        "value": "158980.06618118286",
        "cumulative": true
    },
    {
        "date": "2020-09-11T09:43:44Z",
        "value": "163782.1512260437",
        "cumulative": true
    },
    {
        "date": "2020-09-11T09:44:02Z",
        "value": "168510.23373413086",
        "cumulative": true
    },
    {
        "date": "2020-09-11T09:44:18Z",
        "value": "173270.95282363892",
        "cumulative": true
    },
    {
        "date": "2020-09-11T09:44:34Z",
        "value": "177503.74847316742",
        "cumulative": true
    },
    {
        "date": "2020-09-11T09:44:45Z",
        "value": "178187.40148067474",
        "cumulative": true
    },
    {
        "date": "2020-09-11T09:44:58Z",
        "value": "179041.06084537506",
        "cumulative": true
    },
    {
        "date": "2020-09-11T09:45:09Z",
        "value": "179754.1047487259",
        "cumulative": true
    },
    {
        "date": "2020-09-11T09:45:25Z",
        "value": "180825.85995197296",
        "cumulative": true
    },
    {
        "date": "2020-09-11T09:45:42Z",
        "value": "181953.11493587494",
        "cumulative": true
    },
    {
        "date": "2020-09-11T09:45:56Z",
        "value": "182818.38931179047",
        "cumulative": true
    },
    {
        "date": "2020-09-11T09:46:07Z",
        "value": "183573.41913700104",
        "cumulative": true
    },
    {
        "date": "2020-09-11T09:46:26Z",
        "value": "184794.3510198593",
        "cumulative": true
    },
    {
        "date": "2020-09-11T09:46:44Z",
        "value": "185949.97181987762",
        "cumulative": true
    },
    {
        "date": "2020-09-11T09:47:02Z",
        "value": "187136.23055171967",
        "cumulative": true
    },
    {
        "date": "2020-09-11T09:47:20Z",
        "value": "188263.77822971344",
        "cumulative": true
    },
    {
        "date": "2020-09-11T09:47:35Z",
        "value": "189307.81577014923",
        "cumulative": true
    },
    {
        "date": "2020-09-11T09:47:51Z",
        "value": "190314.14020824432",
        "cumulative": true
    },
    {
        "date": "2020-09-11T09:48:02Z",
        "value": "192126.26882362366",
        "cumulative": true
    },
    {
        "date": "2020-09-11T09:48:17Z",
        "value": "196113.6074962616",
        "cumulative": true
    },
    {
        "date": "2020-09-11T09:48:29Z",
        "value": "199323.73826789856",
        "cumulative": true
    },
    {
        "date": "2020-09-11T09:48:47Z",
        "value": "203732.59078407288",
        "cumulative": true
    },
    {
        "date": "2020-09-11T09:49:00Z",
        "value": "207074.9047164917",
        "cumulative": true
    },
    {
        "date": "2020-09-11T09:49:11Z",
        "value": "210019.11322402954",
        "cumulative": true
    },
    {
        "date": "2020-09-11T09:49:24Z",
        "value": "213758.0877456665",
        "cumulative": true
    },
    {
        "date": "2020-09-11T09:49:42Z",
        "value": "218437.60575675964",
        "cumulative": true
    },
    {
        "date": "2020-09-11T09:49:54Z",
        "value": "221442.1214542389",
        "cumulative": true
    },
    {
        "date": "2020-09-11T09:50:09Z",
        "value": "224333.985789299",
        "cumulative": true
    },
    {
        "date": "2020-09-11T09:50:23Z",
        "value": "225290.00918483734",
        "cumulative": true
    },
    {
        "date": "2020-09-11T09:50:34Z",
        "value": "225970.6263628006",
        "cumulative": true
    },
    {
        "date": "2020-09-11T09:50:46Z",
        "value": "226743.56358242035",
        "cumulative": true
    },
    {
        "date": "2020-09-11T09:51:03Z",
        "value": "227815.66138362885",
        "cumulative": true
    },
    {
        "date": "2020-09-11T09:51:17Z",
        "value": "228787.8377981186",
        "cumulative": true
    },
    {
        "date": "2020-09-11T09:51:35Z",
        "value": "229954.06742191315",
        "cumulative": true
    },
    {
        "date": "2020-09-11T09:51:47Z",
        "value": "230650.95117855072",
        "cumulative": true
    },
    {
        "date": "2020-09-11T09:52:06Z",
        "value": "231980.73666095734",
        "cumulative": true
    },
    {
        "date": "2020-09-11T09:52:21Z",
        "value": "232958.2646074295",
        "cumulative": true
    },
    {
        "date": "2020-09-11T09:52:32Z",
        "value": "233660.53501224518",
        "cumulative": true
    },
    {
        "date": "2020-09-11T09:52:46Z",
        "value": "234624.22391223907",
        "cumulative": true
    },
    {
        "date": "2020-09-11T09:53:05Z",
        "value": "235822.8551015854",
        "cumulative": true
    },
    {
        "date": "2020-09-11T09:53:21Z",
        "value": "236870.3476819992",
        "cumulative": true
    },
    {
        "date": "2020-09-11T09:53:39Z",
        "value": "238031.1799211502",
        "cumulative": true
    },
    {
        "date": "2020-09-11T09:53:57Z",
        "value": "239291.65484333038",
        "cumulative": true
    },
    {
        "date": "2020-09-11T09:54:17Z",
        "value": "240624.58533000946",
        "cumulative": true
    },
    {
        "date": "2020-09-11T09:54:33Z",
        "value": "243830.70512199402",
        "cumulative": true
    },
    {
        "date": "2020-09-11T09:54:45Z",
        "value": "247123.71388816833",
        "cumulative": true
    },
    {
        "date": "2020-09-11T09:55:03Z",
        "value": "251842.3733215332",
        "cumulative": true
    },
    {
        "date": "2020-09-11T09:55:15Z",
        "value": "255365.53027915955",
        "cumulative": true
    },
    {
        "date": "2020-09-11T09:55:32Z",
        "value": "259927.313457489",
        "cumulative": true
    },
    {
        "date": "2020-09-11T09:55:46Z",
        "value": "263994.6198234558",
        "cumulative": true
    },
    {
        "date": "2020-09-11T09:55:58Z",
        "value": "266992.94183158875",
        "cumulative": true
    },
    {
        "date": "2020-09-11T09:56:09Z",
        "value": "269557.2490119934",
        "cumulative": true
    },
    {
        "date": "2020-09-11T09:56:25Z",
        "value": "274071.3186092377",
        "cumulative": true
    },
    {
        "date": "2020-09-11T09:56:38Z",
        "value": "277554.6321296692",
        "cumulative": true
    },
    {
        "date": "2020-09-11T09:56:52Z",
        "value": "281236.7479133606",
        "cumulative": true
    },
    {
        "date": "2020-09-11T09:57:03Z",
        "value": "283270.0184392929",
        "cumulative": true
    },
    {
        "date": "2020-09-11T09:57:14Z",
        "value": "284045.2763299942",
        "cumulative": true
    },
    {
        "date": "2020-09-11T09:57:24Z",
        "value": "284708.26201343536",
        "cumulative": true
    },
    {
        "date": "2020-09-11T09:57:40Z",
        "value": "285741.3914632797",
        "cumulative": true
    },
    {
        "date": "2020-09-11T09:57:51Z",
        "value": "286438.5492582321",
        "cumulative": true
    },
    {
        "date": "2020-09-11T09:58:05Z",
        "value": "287412.4444093704",
        "cumulative": true
    },
    {
        "date": "2020-09-11T09:58:24Z",
        "value": "288711.4538450241",
        "cumulative": true
    },
    {
        "date": "2020-09-11T09:58:44Z",
        "value": "290019.4318418503",
        "cumulative": true
    },
    {
        "date": "2020-09-11T09:59:02Z",
        "value": "291235.5593690872",
        "cumulative": true
    },
    {
        "date": "2020-09-11T09:59:19Z",
        "value": "292331.3182897568",
        "cumulative": true
    },
    {
        "date": "2020-09-11T09:59:38Z",
        "value": "293553.44946575165",
        "cumulative": true
    },
    {
        "date": "2020-09-11T09:59:54Z",
        "value": "294582.3663072586",
        "cumulative": true
    },
    {
        "date": "2020-09-11T10:00:08Z",
        "value": "295491.15165424347",
        "cumulative": true
    },
    {
        "date": "2020-09-11T10:00:19Z",
        "value": "296251.9521551132",
        "cumulative": true
    },
    {
        "date": "2020-09-11T10:00:31Z",
        "value": "297093.6805868149",
        "cumulative": true
    },
    {
        "date": "2020-09-11T10:00:48Z",
        "value": "298143.26176929474",
        "cumulative": true
    },
    {
        "date": "2020-09-11T10:01:00Z",
        "value": "298970.1293439865",
        "cumulative": true
    },
    {
        "date": "2020-09-11T10:01:13Z",
        "value": "299828.9363164902",
        "cumulative": true
    },
    {
        "date": "2020-09-11T10:01:29Z",
        "value": "300879.78245830536",
        "cumulative": true
    },
    {
        "date": "2020-09-11T10:01:44Z",
        "value": "301796.53819561005",
        "cumulative": true
    },
    {
        "date": "2020-09-11T10:02:00Z",
        "value": "302983.3829164505",
        "cumulative": true
    },
    {
        "date": "2020-09-11T10:02:20Z",
        "value": "304648.3488559723",
        "cumulative": true
    },
    {
        "date": "2020-09-11T10:02:32Z",
        "value": "307768.55834198",
        "cumulative": true
    },
    {
        "date": "2020-09-11T10:02:47Z",
        "value": "311632.830745697",
        "cumulative": true
    },
    {
        "date": "2020-09-11T10:03:04Z",
        "value": "316292.12520217896",
        "cumulative": true
    },
    {
        "date": "2020-09-11T10:03:19Z",
        "value": "320550.7014350891",
        "cumulative": true
    },
    {
        "date": "2020-09-11T10:03:37Z",
        "value": "325542.98505973816",
        "cumulative": true
    },
    {
        "date": "2020-09-11T10:03:50Z",
        "value": "329066.83099746704",
        "cumulative": true
    },
    {
        "date": "2020-09-11T10:04:01Z",
        "value": "332055.592962265",
        "cumulative": true
    },
    {
        "date": "2020-09-11T10:04:12Z",
        "value": "335245.267621994",
        "cumulative": true
    },
    {
        "date": "2020-09-11T10:04:23Z",
        "value": "338116.0955104828",
        "cumulative": true
    },
    {
        "date": "2020-09-11T10:04:33Z",
        "value": "341014.19633865356",
        "cumulative": true
    },
    {
        "date": "2020-09-11T10:04:51Z",
        "value": "346294.6716117859",
        "cumulative": true
    },
    {
        "date": "2020-09-11T10:05:05Z",
        "value": "350364.7234592438",
        "cumulative": true
    },
    {
        "date": "2020-09-11T10:05:23Z",
        "value": "354503.4976348877",
        "cumulative": true
    },
    {
        "date": "2020-09-11T10:05:36Z",
        "value": "357419.7516031265",
        "cumulative": true
    },
    {
        "date": "2020-09-11T10:05:52Z",
        "value": "358457.406039238",
        "cumulative": true
    },
    {
        "date": "2020-09-11T10:06:12Z",
        "value": "359753.179520607",
        "cumulative": true
    },
    {
        "date": "2020-09-11T10:06:27Z",
        "value": "360779.63939380646",
        "cumulative": true
    },
    {
        "date": "2020-09-11T10:06:44Z",
        "value": "361881.19428157806",
        "cumulative": true
    },
    {
        "date": "2020-09-11T10:06:57Z",
        "value": "362695.6377477646",
        "cumulative": true
    },
    {
        "date": "2020-09-11T10:07:16Z",
        "value": "363987.8420114517",
        "cumulative": true
    },
    {
        "date": "2020-09-11T10:07:30Z",
        "value": "364994.620095253",
        "cumulative": true
    },
    {
        "date": "2020-09-11T10:07:50Z",
        "value": "366181.7136449814",
        "cumulative": true
    },
    {
        "date": "2020-09-11T10:08:09Z",
        "value": "367459.67856121063",
        "cumulative": true
    },
    {
        "date": "2020-09-11T10:08:25Z",
        "value": "368460.61043834686",
        "cumulative": true
    },
    {
        "date": "2020-09-11T10:08:37Z",
        "value": "369280.29769420624",
        "cumulative": true
    },
    {
        "date": "2020-09-11T10:08:52Z",
        "value": "370311.15315532684",
        "cumulative": true
    },
    {
        "date": "2020-09-11T10:09:07Z",
        "value": "371222.9051351547",
        "cumulative": true
    },
    {
        "date": "2020-09-11T10:09:20Z",
        "value": "372056.9343881607",
        "cumulative": true
    },
    {
        "date": "2020-09-11T10:09:38Z",
        "value": "373265.0707998276",
        "cumulative": true
    },
    {
        "date": "2020-09-11T10:09:57Z",
        "value": "374561.80452251434",
        "cumulative": true
    },
    {
        "date": "2020-09-11T10:10:07Z",
        "value": "375173.7687673569",
        "cumulative": true
    },
    {
        "date": "2020-09-11T10:10:17Z",
        "value": "375891.30914592743",
        "cumulative": true
    },
    {
        "date": "2020-09-11T10:10:35Z",
        "value": "377008.4413022995",
        "cumulative": true
    },
    {
        "date": "2020-09-11T10:10:47Z",
        "value": "377789.0307455063",
        "cumulative": true
    },
    {
        "date": "2020-09-11T10:11:05Z",
        "value": "378936.7578172684",
        "cumulative": true
    },
    {
        "date": "2020-09-11T10:11:19Z",
        "value": "379886.722281456",
        "cumulative": true
    },
    {
        "date": "2020-09-11T10:11:35Z",
        "value": "380939.499751091",
        "cumulative": true
    },
    {
        "date": "2020-09-11T10:11:51Z",
        "value": "382002.5268716812",
        "cumulative": true
    },
    {
        "date": "2020-09-11T10:12:08Z",
        "value": "383100.5756006241",
        "cumulative": true
    },
    {
        "date": "2020-09-11T10:12:22Z",
        "value": "384536.63138103485",
        "cumulative": true
    },
    {
        "date": "2020-09-11T10:12:34Z",
        "value": "387903.693526268",
        "cumulative": true
    },
    {
        "date": "2020-09-11T10:12:48Z",
        "value": "391415.48899555206",
        "cumulative": true
    },
    {
        "date": "2020-09-11T10:13:02Z",
        "value": "395540.5955648422",
        "cumulative": true
    },
    {
        "date": "2020-09-11T10:13:22Z",
        "value": "400451.5626554489",
        "cumulative": true
    },
    {
        "date": "2020-09-11T10:13:35Z",
        "value": "404038.3732481003",
        "cumulative": true
    },
    {
        "date": "2020-09-11T10:13:52Z",
        "value": "408571.8581418991",
        "cumulative": true
    },
    {
        "date": "2020-09-11T10:14:08Z",
        "value": "413034.1914072037",
        "cumulative": true
    },
    {
        "date": "2020-09-11T10:14:20Z",
        "value": "416503.7424249649",
        "cumulative": true
    },
    {
        "date": "2020-09-11T10:14:40Z",
        "value": "421634.1762971878",
        "cumulative": true
    },
    {
        "date": "2020-09-11T10:14:59Z",
        "value": "426650.4509534836",
        "cumulative": true
    },
    {
        "date": "2020-09-11T10:15:10Z",
        "value": "429842.8324403763",
        "cumulative": true
    },
    {
        "date": "2020-09-11T10:15:28Z",
        "value": "434377.9520330429",
        "cumulative": true
    },
    {
        "date": "2020-09-11T10:15:43Z",
        "value": "438503.26889133453",
        "cumulative": true
    },
    {
        "date": "2020-09-11T10:15:54Z",
        "value": "441863.2966337204",
        "cumulative": true
    },
    {
        "date": "2020-09-11T10:16:12Z",
        "value": "446289.9678182602",
        "cumulative": true
    },
    {
        "date": "2020-09-11T10:16:24Z",
        "value": "449386.6581888199",
        "cumulative": true
    },
    {
        "date": "2020-09-11T10:16:38Z",
        "value": "451541.4413690567",
        "cumulative": true
    },
    {
        "date": "2020-09-11T10:16:51Z",
        "value": "452448.6795434952",
        "cumulative": true
    },
    {
        "date": "2020-09-11T10:17:05Z",
        "value": "453261.68020534515",
        "cumulative": true
    },
    {
        "date": "2020-09-11T10:17:18Z",
        "value": "454178.8287591934",
        "cumulative": true
    },
    {
        "date": "2020-09-11T10:17:38Z",
        "value": "455471.4057664871",
        "cumulative": true
    },
    {
        "date": "2020-09-11T10:17:49Z",
        "value": "456218.19950580597",
        "cumulative": true
    },
    {
        "date": "2020-09-11T10:18:04Z",
        "value": "457191.7078809738",
        "cumulative": true
    },
    {
        "date": "2020-09-11T10:18:15Z",
        "value": "457904.7087087631",
        "cumulative": true
    },
    {
        "date": "2020-09-11T10:18:26Z",
        "value": "458606.4376745224",
        "cumulative": true
    },
    {
        "date": "2020-09-11T10:18:41Z",
        "value": "459572.0453004837",
        "cumulative": true
    },
    {
        "date": "2020-09-11T10:19:00Z",
        "value": "460870.74173641205",
        "cumulative": true
    },
    {
        "date": "2020-09-11T10:19:12Z",
        "value": "461605.180314064",
        "cumulative": true
    },
    {
        "date": "2020-09-11T10:19:29Z",
        "value": "462729.98554706573",
        "cumulative": true
    },
    {
        "date": "2020-09-11T10:19:45Z",
        "value": "463860.4391775131",
        "cumulative": true
    },
    {
        "date": "2020-09-11T10:20:00Z",
        "value": "464799.9254026413",
        "cumulative": true
    },
    {
        "date": "2020-09-11T10:20:17Z",
        "value": "465873.43409633636",
        "cumulative": true
    },
    {
        "date": "2020-09-11T10:20:34Z",
        "value": "466947.0182275772",
        "cumulative": true
    },
    {
        "date": "2020-09-11T10:20:45Z",
        "value": "467653.83597660065",
        "cumulative": true
    },
    {
        "date": "2020-09-11T10:20:58Z",
        "value": "468558.60915088654",
        "cumulative": true
    },
    {
        "date": "2020-09-11T10:21:10Z",
        "value": "469239.4247598648",
        "cumulative": true
    },
    {
        "date": "2020-09-11T10:21:22Z",
        "value": "469992.08653736115",
        "cumulative": true
    },
    {
        "date": "2020-09-11T10:21:34Z",
        "value": "470907.7710695267",
        "cumulative": true
    },
    {
        "date": "2020-09-11T10:21:52Z",
        "value": "471947.23713207245",
        "cumulative": true
    },
    {
        "date": "2020-09-11T10:22:11Z",
        "value": "473256.2316560745",
        "cumulative": true
    },
    {
        "date": "2020-09-11T10:22:22Z",
        "value": "473926.85282611847",
        "cumulative": true
    },
    {
        "date": "2020-09-11T10:22:36Z",
        "value": "474726.33836841583",
        "cumulative": true
    },
    {
        "date": "2020-09-11T10:22:52Z",
        "value": "475764.6345129013",
        "cumulative": true
    },
    {
        "date": "2020-09-11T10:23:07Z",
        "value": "476817.9753637314",
        "cumulative": true
    },
    {
        "date": "2020-09-11T10:23:23Z",
        "value": "477930.7174940109",
        "cumulative": true
    },
    {
        "date": "2020-09-11T10:23:40Z",
        "value": "478994.1777868271",
        "cumulative": true
    },
    {
        "date": "2020-09-11T10:23:57Z",
        "value": "480045.61601161957",
        "cumulative": true
    },
    {
        "date": "2020-09-11T10:24:08Z",
        "value": "480741.23379039764",
        "cumulative": true
    },
    {
        "date": "2020-09-11T10:24:23Z",
        "value": "481725.61723423004",
        "cumulative": true
    },
    {
        "date": "2020-09-11T10:24:39Z",
        "value": "482765.1768980026",
        "cumulative": true
    },
    {
        "date": "2020-09-11T10:24:50Z",
        "value": "483438.85920238495",
        "cumulative": true
    },
    {
        "date": "2020-09-11T10:25:07Z",
        "value": "484666.0451402664",
        "cumulative": true
    }
]