[
    {
        "date": "2020-09-11T09:22:39Z",
        "value": "4.00543212890625e-05",
        "cumulative": true
    },
    {
        "date": "2020-09-11T09:22:58Z",
        "value": "4.00543212890625e-05",
        "cumulative": true
    },
    {
        "date": "2020-09-11T09:23:18Z",
        "value": "19.851574897766113",
        "cumulative": true
    },
    {
        "date": "2020-09-11T09:23:30Z",
        "value": "46.051268577575684",
        "cumulative": true
    },
    {
        "date": "2020-09-11T09:23:42Z",
        "value": "93.04677677154541",
        "cumulative": true
    },
    {
        "date": "2020-09-11T09:24:02Z",
        "value": "789.734992980957",
        "cumulative": true
    },
    {
        "date": "2020-09-11T09:24:12Z",
        "value": "1836.0466985702515",
        "cumulative": true
    },
    {
        "date": "2020-09-11T09:24:29Z",
        "value": "3870.2016315460205",
        "cumulative": true
    },
    {
        "date": "2020-09-11T09:24:39Z",
        "value": "5409.180785179138",
        "cumulative": true
    },
    {
        "date": "2020-09-11T09:24:53Z",
        "value": "7098.489643096924",
        "cumulative": true
    },
    {
        "date": "2020-09-11T09:25:07Z",
        "value": "8900.011811256409",
        "cumulative": true
    },
    {
        "date": "2020-09-11T09:25:21Z",
        "value": "11034.31993675232",
        "cumulative": true
    },
    {
        "date": "2020-09-11T09:25:32Z",
        "value": "12014.422221183777",
        "cumulative": true
    },
    {
        "date": "2020-09-11T09:25:50Z",
        "value": "14545.243656158447",
        "cumulative": true
    },
    {
        "date": "2020-09-11T09:26:09Z",
        "value": "17707.30229473114",
        "cumulative": true
    },
    {
        "date": "2020-09-11T09:26:23Z",
        "value": "18644.112871170044",
        "cumulative": true
    },
    {
        "date": "2020-09-11T09:26:40Z",
        "value": "22245.201899528503",
        "cumulative": true
    },
    {
        "date": "2020-09-11T09:26:59Z",
        "value": "23964.76937866211",
        "cumulative": true
    },
    {
        "date": "2020-09-11T09:27:19Z",
        "value": "28004.90197658539",
        "cumulative": true
    },
    {
        "date": "2020-09-11T09:27:38Z",
        "value": "29347.993916511536",
        "cumulative": true
    },
    {
        "date": "2020-09-11T09:27:54Z",
        "value": "33177.92104244232",
        "cumulative": true
    },
    {
        "date": "2020-09-11T09:28:13Z",
        "value": "35707.077962875366",
        "cumulative": true
    },
    {
        "date": "2020-09-11T09:28:31Z",
        "value": "37005.16724586487",
        "cumulative": true
    },
    {
        "date": "2020-09-11T09:28:43Z",
        "value": "39037.28072834015",
        "cumulative": true
    },
    {
        "date": "2020-09-11T09:28:59Z",
        "value": "42850.95882701874",
        "cumulative": true
    },
    {
        "date": "2020-09-11T09:29:09Z",
        "value": "44345.56521320343",
        "cumulative": true
    },
    {
        "date": "2020-09-11T09:29:25Z",
        "value": "45390.555958747864",
        "cumulative": true
    },
    {
        "date": "2020-09-11T09:29:42Z",
        "value": "46507.220271110535",
        "cumulative": true
    },
    {
        "date": "2020-09-11T09:30:00Z",
        "value": "49866.32055473328",
        "cumulative": true
    },
    {
        "date": "2020-09-11T09:30:14Z",
        "value": "53657.79809951782",
        "cumulative": true
    },
    {
        "date": "2020-09-11T09:30:32Z",
        "value": "56104.74375629425",
        "cumulative": true
    },
    {
        "date": "2020-09-11T09:30:43Z",
        "value": "56878.9510011673",
        "cumulative": true
    },
    {
        "date": "2020-09-11T09:30:59Z",
        "value": "57953.8785238266",
        "cumulative": true
    },
    {
        "date": "2020-09-11T09:31:17Z",
        "value": "59231.022992134094",
        "cumulative": true
    },
    {
        "date": "2020-09-11T09:31:33Z",
        "value": "62720.83991146088",
        "cumulative": true
    },
    {
        "date": "2020-09-11T09:31:50Z",
        "value": "67259.01177883148",
        "cumulative": true
    },
    {
        "date": "2020-09-11T09:32:09Z",
        "value": "70507.49525642395",
        "cumulative": true
    },
    {
        "date": "2020-09-11T09:32:23Z",
        "value": "71479.69070243835",
        "cumulative": true
    },
    {
        "date": "2020-09-11T09:32:38Z",
        "value": "72517.48192977905",
        "cumulative": true
    },
    {
        "date": "2020-09-11T09:32:52Z",
        "value": "73463.67259407043",
        "cumulative": true
    },
    {
        "date": "2020-09-11T09:33:04Z",
        "value": "74249.3609085083",
        "cumulative": true
    },
    {
        "date": "2020-09-11T09:33:22Z",
        "value": "76428.58547306061",
        "cumulative": true
    },
    {
        "date": "2020-09-11T09:33:37Z",
        "value": "80361.3779039383",
        "cumulative": true
    },
    {
        "date": "2020-09-11T09:33:54Z",
        "value": "84920.17259502411",
        "cumulative": true
    },
    {
        "date": "2020-09-11T09:34:07Z",
        "value": "88269.36415576935",
        "cumulative": true
    },
    {
        "date": "2020-09-11T09:34:23Z",
        "value": "89342.31798648834",
        "cumulative": true
    },
    {
        "date": "2020-09-11T09:34:36Z",
        "value": "90144.94495487213",
        "cumulative": true
    },
    {
        "date": "2020-09-11T09:34:55Z",
        "value": "91434.24069309235",
        "cumulative": true
    },
    {
        "date": "2020-09-11T09:35:07Z",
        "value": "92231.69110584259",
        "cumulative": true
    },
    {
        "date": "2020-09-11T09:35:21Z",
        "value": "93188.0486459732",
        "cumulative": true
    },
    {
        "date": "2020-09-11T09:35:38Z",
        "value": "94266.36397457123",
        "cumulative": true
    },
    {
        "date": "2020-09-11T09:35:53Z",
        "value": "96489.65447998047",
        "cumulative": true
    },
    {
        "date": "2020-09-11T09:36:07Z",
        "value": "100226.08611106873",
        "cumulative": true
    },
    {
        "date": "2020-09-11T09:36:22Z",
        "value": "103968.09092712402",
        "cumulative": true
    },
    {
        "date": "2020-09-11T09:36:32Z",
        "value": "106609.15354728699",
        "cumulative": true
    },
    {
        "date": "2020-09-11T09:36:47Z",
        "value": "110506.7687664032",
        "cumulative": true
    },
    {
        "date": "2020-09-11T09:37:01Z",
        "value": "112139.94560432434",
        "cumulative": true
    },
    {
        "date": "2020-09-11T09:37:16Z",
        "value": "113115.83049964905",
        "cumulative": true
    },
    {
        "date": "2020-09-11T09:37:30Z",
        "value": "114029.31249046326",
        "cumulative": true
    },
    {
        "date": "2020-09-11T09:37:49Z",
        "value": "115286.96758651733",
        "cumulative": true
    },
    {
        "date": "2020-09-11T09:38:08Z",
        "value": "116526.0092086792",
        "cumulative": true
    },
    {
        "date": "2020-09-11T09:38:22Z",
        "value": "117490.58581733704",
        "cumulative": true
    },
    {
        "date": "2020-09-11T09:38:36Z",
        "value": "118401.0251159668",
        "cumulative": true
    },
    {
        "date": "2020-09-11T09:38:49Z",
        "value": "119235.60593795776",
        "cumulative": true
    },
    {
        "date": "2020-09-11T09:39:02Z",
        "value": "121193.72927188873",
        "cumulative": true
    },
    {
        "date": "2020-09-11T09:39:15Z",
        "value": "125041.11481571198",
        "cumulative": true
    },
    {
        "date": "2020-09-11T09:39:27Z",
        "value": "128149.0393152237",
        "cumulative": true
    },
    {
        "date": "2020-09-11T09:39:43Z",
        "value": "132093.61338710785",
        "cumulative": true
    },
    {
        "date": "2020-09-11T09:39:58Z",
        "value": "136188.82775592804",
        "cumulative": true
    },
    {
        "date": "2020-09-11T09:40:15Z",
        "value": "140691.73728752136",
        "cumulative": true
    },
    {
        "date": "2020-09-11T09:40:29Z",
        "value": "141632.22383880615",
        "cumulative": true
    },
    {
        "date": "2020-09-11T09:40:42Z",
        "value": "142472.2155456543",
        "cumulative": true
    },
    {
        "date": "2020-09-11T09:40:53Z",
        "value": "143209.92540931702",
        "cumulative": true
    },
    {
        "date": "2020-09-11T09:41:07Z",
        "value": "144090.29363059998",
        "cumulative": true
    },
    {
        "date": "2020-09-11T09:41:26Z",
        "value": "145332.78220367432",
        "cumulative": true
    },
    {
        "date": "2020-09-11T09:41:45Z",
        "value": "146600.98803710938",
        "cumulative": true
    },
    {
        "date": "2020-09-11T09:41:56Z",
        "value": "147294.59799575806",
        "cumulative": true
    },
    {
        "date": "2020-09-11T09:42:15Z",
        "value": "148542.09592819214",
        "cumulative": true
    },
    {
        "date": "2020-09-11T09:42:32Z",
        "value": "149687.5519065857",
        "cumulative": true
    },
    {
        "date": "2020-09-11T09:42:46Z",
        "value": "150630.84309387207",
        "cumulative": true
    },
    {
        "date": "2020-09-11T09:43:04Z",
        "value": "153446.37303066254",
        "cumulative": true
    },
    {
        "date": "2020-09-11T09:43:16Z",
        "value": "156488.5773191452",
        "cumulative": true
    },
    {
        "date": "2020-09-11T09:43:32Z",
        "value": "161022.4360818863",
        "cumulative": true
    },
    {
        "date": "2020-09-11T09:43:46Z",
        "value": "164475.70275211334",
        "cumulative": true
    },
    {
        "date": "2020-09-11T09:44:02Z",
        "value": "168723.97232151031",
        "cumulative": true
    },
    {
        "date": "2020-09-11T09:44:18Z",
        "value": "173132.63724422455",
        "cumulative": true
    },
    {
        "date": "2020-09-11T09:44:35Z",
        "value": "177665.4586238861",
        "cumulative": true
    },
    {
        "date": "2020-09-11T09:44:51Z",
        "value": "178737.63917160034",
        "cumulative": true
    },
    {
        "date": "2020-09-11T09:45:11Z",
        "value": "180023.9778728485",
        "cumulative": true
    },
    {
        "date": "2020-09-11T09:45:28Z",
        "value": "181124.7939300537",
        "cumulative": true
    },
    {
        "date": "2020-09-11T09:45:39Z",
        "value": "181882.3071899414",
        "cumulative": true
    },
    {
        "date": "2020-09-11T09:45:52Z",
        "value": "182674.797000885",
        "cumulative": true
    },
    {
        "date": "2020-09-11T09:46:09Z",
        "value": "183842.8342781067",
        "cumulative": true
    },
    {
        "date": "2020-09-11T09:46:25Z",
        "value": "184831.48907279968",
        "cumulative": true
    },
    {
        "date": "2020-09-11T09:46:38Z",
        "value": "185682.88061141968",
        "cumulative": true
    },
    {
        "date": "2020-09-11T09:46:48Z",
        "value": "186370.29314613342",
        "cumulative": true
    },
    {
        "date": "2020-09-11T09:47:00Z",
        "value": "187146.26549720764",
        "cumulative": true
    },
    {
        "date": "2020-09-11T09:47:15Z",
        "value": "188109.31891441345",
        "cumulative": true
    },
    {
        "date": "2020-09-11T09:47:26Z",
        "value": "188861.74063110352",
        "cumulative": true
    },
    {
        "date": "2020-09-11T09:47:46Z",
        "value": "190116.39542770386",
        "cumulative": true
    },
    {
        "date": "2020-09-11T09:48:02Z",
        "value": "192236.88435268402",
        "cumulative": true
    },
    {
        "date": "2020-09-11T09:48:13Z",
        "value": "195192.04700756073",
        "cumulative": true
    },
    {
        "date": "2020-09-11T09:48:27Z",
        "value": "198866.20509243011",
        "cumulative": true
    },
    {
        "date": "2020-09-11T09:48:42Z",
        "value": "202697.9542245865",
        "cumulative": true
    },
    {
        "date": "2020-09-11T09:48:52Z",
        "value": "205556.865149498",
        "cumulative": true
    },
    {
        "date": "2020-09-11T09:49:06Z",
        "value": "208895.99045467377",
        "cumulative": true
    },
    {
        "date": "2020-09-11T09:49:24Z",
        "value": "213852.90038013458",
        "cumulative": true
    },
    {
        "date": "2020-09-11T09:49:36Z",
        "value": "217259.14845180511",
        "cumulative": true
    },
    {
        "date": "2020-09-11T09:49:50Z",
        "value": "220605.92797756195",
        "cumulative": true
    },
    {
        "date": "2020-09-11T09:50:02Z",
        "value": "223609.6922712326",
        "cumulative": true
    },
    {
        "date": "2020-09-11T09:50:14Z",
        "value": "224827.9215259552",
        "cumulative": true
    },
    {
        "date": "2020-09-11T09:50:34Z",
        "value": "226110.61464500427",
        "cumulative": true
    },
    {
        "date": "2020-09-11T09:50:48Z",
        "value": "227022.55225753784",
        "cumulative": true
    },
    {
        "date": "2020-09-11T09:51:03Z",
        "value": "227990.2509174347",
        "cumulative": true
    },
    {
        "date": "2020-09-11T09:51:22Z",
        "value": "229190.54379081726",
        "cumulative": true
    },
    {
        "date": "2020-09-11T09:51:34Z",
        "value": "229980.79632759094",
        "cumulative": true
    },
    {
        "date": "2020-09-11T09:51:53Z",
        "value": "231285.7479953766",
        "cumulative": true
    },
    {
        "date": "2020-09-11T09:52:08Z",
        "value": "232282.53142929077",
        "cumulative": true
    },
    {
        "date": "2020-09-11T09:52:22Z",
        "value": "233181.9635066986",
        "cumulative": true
    },
    {
        "date": "2020-09-11T09:52:35Z",
        "value": "233982.42446136475",
        "cumulative": true
    },
    {
        "date": "2020-09-11T09:52:49Z",
        "value": "234953.5677204132",
        "cumulative": true
    },
    {
        "date": "2020-09-11T09:53:05Z",
        "value": "235973.4735622406",
        "cumulative": true
    },
    {
        "date": "2020-09-11T09:53:16Z",
        "value": "236667.60678100586",
        "cumulative": true
    },
    {
        "date": "2020-09-11T09:53:33Z",
        "value": "237830.40135383606",
        "cumulative": true
    },
    {
        "date": "2020-09-11T09:53:47Z",
        "value": "238698.16695022583",
        "cumulative": true
    },
    {
        "date": "2020-09-11T09:54:05Z",
        "value": "239956.55444335938",
        "cumulative": true
    },
    {
        "date": "2020-09-11T09:54:20Z",
        "value": "241115.64275455475",
        "cumulative": true
    },
    {
        "date": "2020-09-11T09:54:32Z",
        "value": "243916.27631664276",
        "cumulative": true
    },
    {
        "date": "2020-09-11T09:54:46Z",
        "value": "247714.4598531723",
        "cumulative": true
    },
    {
        "date": "2020-09-11T09:55:02Z",
        "value": "251919.8338689804",
        "cumulative": true
    },
    {
        "date": "2020-09-11T09:55:19Z",
        "value": "256578.13107204437",
        "cumulative": true
    },
    {
        "date": "2020-09-11T09:55:34Z",
        "value": "260568.06307125092",
        "cumulative": true
    },
    {
        "date": "2020-09-11T09:55:49Z",
        "value": "265025.82842350006",
        "cumulative": true
    },
    {
        "date": "2020-09-11T09:56:08Z",
        "value": "269708.17351055145",
        "cumulative": true
    },
    {
        "date": "2020-09-11T09:56:20Z",
        "value": "272768.89744091034",
        "cumulative": true
    },
    {
        "date": "2020-09-11T09:56:34Z",
        "value": "276759.4177675247",
        "cumulative": true
    },
    {
        "date": "2020-09-11T09:56:48Z",
        "value": "280348.59958171844",
        "cumulative": true
    },
    {
        "date": "2020-09-11T09:57:04Z",
        "value": "283491.7207889557",
        "cumulative": true
    },
    {
        "date": "2020-09-11T09:57:20Z",
        "value": "284652.54459381104",
        "cumulative": true
    },
    {
        "date": "2020-09-11T09:57:32Z",
        "value": "285380.60307502747",
        "cumulative": true
    },
    {
        "date": "2020-09-11T09:57:51Z",
        "value": "286620.95669555664",
        "cumulative": true
    },
    {
        "date": "2020-09-11T09:58:05Z",
        "value": "287600.01989364624",
        "cumulative": true
    },
    {
        "date": "2020-09-11T09:58:17Z",
        "value": "288425.1246356964",
        "cumulative": true
    },
    {
        "date": "2020-09-11T09:58:33Z",
        "value": "289494.29740715027",
        "cumulative": true
    },
    {
        "date": "2020-09-11T09:58:49Z",
        "value": "290565.8820667267",
        "cumulative": true
    },
    {
        "date": "2020-09-11T09:59:08Z",
        "value": "291811.4744491577",
        "cumulative": true
    },
    {
        "date": "2020-09-11T09:59:24Z",
        "value": "292862.8898487091",
        "cumulative": true
    },
    {
        "date": "2020-09-11T09:59:36Z",
        "value": "293670.63436317444",
        "cumulative": true
    },
    {
        "date": "2020-09-11T09:59:49Z",
        "value": "294426.9842224121",
        "cumulative": true
    },
    {
        "date": "2020-09-11T10:00:04Z",
        "value": "295416.1077518463",
        "cumulative": true
    },
    {
        "date": "2020-09-11T10:00:17Z",
        "value": "296267.20868492126",
        "cumulative": true
    },
    {
        "date": "2020-09-11T10:00:33Z",
        "value": "297320.1308269501",
        "cumulative": true
    },
    {
        "date": "2020-09-11T10:00:46Z",
        "value": "298169.5923900604",
        "cumulative": true
    },
    {
        "date": "2020-09-11T10:01:03Z",
        "value": "299288.12297439575",
        "cumulative": true
    },
    {
        "date": "2020-09-11T10:01:22Z",
        "value": "300657.36527633667",
        "cumulative": true
    },
    {
        "date": "2020-09-11T10:01:41Z",
        "value": "301797.5390224457",
        "cumulative": true
    },
    {
        "date": "2020-09-11T10:01:54Z",
        "value": "302761.99434280396",
        "cumulative": true
    },
    {
        "date": "2020-09-11T10:02:14Z",
        "value": "304025.8602542877",
        "cumulative": true
    },
    {
        "date": "2020-09-11T10:02:31Z",
        "value": "307821.0182619095",
        "cumulative": true
    },
    {
        "date": "2020-09-11T10:02:47Z",
        "value": "311797.41959285736",
        "cumulative": true
    },
    {
        "date": "2020-09-11T10:03:01Z",
        "value": "315909.87682819366",
        "cumulative": true
    },
    {
        "date": "2020-09-11T10:03:21Z",
        "value": "321391.7346506119",
        "cumulative": true
    },
    {
        "date": "2020-09-11T10:03:40Z",
        "value": "326620.3849592209",
        "cumulative": true
    },
    {
        "date": "2020-09-11T10:03:53Z",
        "value": "330345.4566793442",
        "cumulative": true
    },
    {
        "date": "2020-09-11T10:04:11Z",
        "value": "335147.70765018463",
        "cumulative": true
    },
    {
        "date": "2020-09-11T10:04:27Z",
        "value": "339410.791762352",
        "cumulative": true
    },
    {
        "date": "2020-09-11T10:04:45Z",
        "value": "344745.115653038",
        "cumulative": true
    },
    {
        "date": "2020-09-11T10:05:01Z",
        "value": "349434.73699092865",
        "cumulative": true
    },
    {
        "date": "2020-09-11T10:05:18Z",
        "value": "353662.4588403702",
        "cumulative": true
    },
    {
        "date": "2020-09-11T10:05:37Z",
        "value": "357805.81174468994",
        "cumulative": true
    },
    {
        "date": "2020-09-11T10:05:52Z",
        "value": "358697.11104774475",
        "cumulative": true
    },
    {
        "date": "2020-09-11T10:06:11Z",
        "value": "359992.9228782654",
        "cumulative": true
    },
    {
        "date": "2020-09-11T10:06:27Z",
        "value": "361038.53478622437",
        "cumulative": true
    },
    {
        "date": "2020-09-11T10:06:42Z",
        "value": "362058.8152523041",
        "cumulative": true
    },
    {
        "date": "2020-09-11T10:06:54Z",
        "value": "362855.0582771301",
        "cumulative": true
    },
    {
        "date": "2020-09-11T10:07:10Z",
        "value": "363919.69059181213",
        "cumulative": true
    },
    {
        "date": "2020-09-11T10:07:27Z",
        "value": "364984.34368515015",
        "cumulative": true
    },
    {
        "date": "2020-09-11T10:07:43Z",
        "value": "366046.603477478",
        "cumulative": true
    },
    {
        "date": "2020-09-11T10:07:55Z",
        "value": "366843.73007011414",
        "cumulative": true
    },
    {
        "date": "2020-09-11T10:08:05Z",
        "value": "367421.1433467865",
        "cumulative": true
    },
    {
        "date": "2020-09-11T10:08:21Z",
        "value": "368485.4727935791",
        "cumulative": true
    },
    {
        "date": "2020-09-11T10:08:35Z",
        "value": "369334.7979698181",
        "cumulative": true
    },
    {
        "date": "2020-09-11T10:08:45Z",
        "value": "370038.4916667938",
        "cumulative": true
    },
    {
        "date": "2020-09-11T10:09:00Z",
        "value": "371102.134683609",
        "cumulative": true
    },
    {
        "date": "2020-09-11T10:09:10Z",
        "value": "371701.6348953247",
        "cumulative": true
    },
    {
        "date": "2020-09-11T10:09:23Z",
        "value": "372529.2286567688",
        "cumulative": true
    },
    {
        "date": "2020-09-11T10:09:42Z",
        "value": "373766.59025382996",
        "cumulative": true
    },
    {
        "date": "2020-09-11T10:09:54Z",
        "value": "374603.5741882324",
        "cumulative": true
    },
    {
        "date": "2020-09-11T10:10:09Z",
        "value": "375617.84229660034",
        "cumulative": true
    },
    {
        "date": "2020-09-11T10:10:25Z",
        "value": "376642.2965736389",
        "cumulative": true
    },
    {
        "date": "2020-09-11T10:10:38Z",
        "value": "377477.3383464813",
        "cumulative": true
    },
    {
        "date": "2020-09-11T10:10:55Z",
        "value": "378572.06442451477",
        "cumulative": true
    },
    {
        "date": "2020-09-11T10:11:05Z",
        "value": "379201.1198310852",
        "cumulative": true
    },
    {
        "date": "2020-09-11T10:11:17Z",
        "value": "379980.0470314026",
        "cumulative": true
    },
    {
        "date": "2020-09-11T10:11:29Z",
        "value": "380744.66257858276",
        "cumulative": true
    },
    {
        "date": "2020-09-11T10:11:45Z",
        "value": "381816.3693790436",
        "cumulative": true
    },
    {
        "date": "2020-09-11T10:12:03Z",
        "value": "383063.2435283661",
        "cumulative": true
    },
    {
        "date": "2020-09-11T10:12:21Z",
        "value": "384435.3844175339",
        "cumulative": true
    },
    {
        "date": "2020-09-11T10:12:38Z",
        "value": "389078.5980825424",
        "cumulative": true
    },
    {
        "date": "2020-09-11T10:12:53Z",
        "value": "393412.0859365463",
        "cumulative": true
    },
    {
        "date": "2020-09-11T10:13:05Z",
        "value": "396288.09955501556",
        "cumulative": true
    },
    {
        "date": "2020-09-11T10:13:19Z",
        "value": "399975.58420848846",
        "cumulative": true
    },
    {
        "date": "2020-09-11T10:13:31Z",
        "value": "402986.6138944626",
        "cumulative": true
    },
    {
        "date": "2020-09-11T10:13:46Z",
        "value": "407004.06092739105",
        "cumulative": true
    },
    {
        "date": "2020-09-11T10:14:04Z",
        "value": "412309.77948474884",
        "cumulative": true
    },
    {
        "date": "2020-09-11T10:14:16Z",
        "value": "415840.5048017502",
        "cumulative": true
    },
    {
        "date": "2020-09-11T10:14:28Z",
        "value": "418578.25595378876",
        "cumulative": true
    },
    {
        "date": "2020-09-11T10:14:43Z",
        "value": "422949.3354520798",
        "cumulative": true
    },
    {
        "date": "2020-09-11T10:15:02Z",
        "value": "427871.10034275055",
        "cumulative": true
    },
    {
        "date": "2020-09-11T10:15:21Z",
        "value": "433202.9880666733",
        "cumulative": true
    },
    {
        "date": "2020-09-11T10:15:38Z",
        "value": "437551.0902967453",
        "cumulative": true
    },
    {
        "date": "2020-09-11T10:15:50Z",
        "value": "440855.99250507355",
        "cumulative": true
    },
    {
        "date": "2020-09-11T10:16:06Z",
        "value": "445376.38997364044",
        "cumulative": true
    },
    {
        "date": "2020-09-11T10:16:22Z",
        "value": "449416.67001247406",
        "cumulative": true
    },
    {
        "date": "2020-09-11T10:16:41Z",
        "value": "452107.8537054062",
        "cumulative": true
    },
    {
        "date": "2020-09-11T10:16:53Z",
        "value": "452852.45829868317",
        "cumulative": true
    },
    {
        "date": "2020-09-11T10:17:09Z",
        "value": "453870.2185277939",
        "cumulative": true
    },
    {
        "date": "2020-09-11T10:17:23Z",
        "value": "454815.35087680817",
        "cumulative": true
    },
    {
        "date": "2020-09-11T10:17:39Z",
        "value": "455859.6603899002",
        "cumulative": true
    },
    {
        "date": "2020-09-11T10:17:51Z",
        "value": "456683.02764606476",
        "cumulative": true
    },
    {
        "date": "2020-09-11T10:18:04Z",
        "value": "457558.5463285446",
        "cumulative": true
    },
    {
        "date": "2020-09-11T10:18:24Z",
        "value": "458834.82075977325",
        "cumulative": true
    },
    {
        "date": "2020-09-11T10:18:34Z",
        "value": "459512.0455980301",
        "cumulative": true
    },
    {
        "date": "2020-09-11T10:18:53Z",
        "value": "460842.5489053726",
        "cumulative": true
    },
    {
        "date": "2020-09-11T10:19:09Z",
        "value": "461849.5691957474",
        "cumulative": true
    },
    {
        "date": "2020-09-11T10:19:22Z",
        "value": "462623.1912679672",
        "cumulative": true
    },
    {
        "date": "2020-09-11T10:19:42Z",
        "value": "463917.83624744415",
        "cumulative": true
    },
    {
        "date": "2020-09-11T10:19:59Z",
        "value": "465022.56621456146",
        "cumulative": true
    },
    {
        "date": "2020-09-11T10:20:19Z",
        "value": "466314.88116168976",
        "cumulative": true
    },
    {
        "date": "2020-09-11T10:20:34Z",
        "value": "467249.09300136566",
        "cumulative": true
    },
    {
        "date": "2020-09-11T10:20:52Z",
        "value": "468402.9724664688",
        "cumulative": true
    },
    {
        "date": "2020-09-11T10:21:07Z",
        "value": "469360.6733121872",
        "cumulative": true
    },
    {
        "date": "2020-09-11T10:21:23Z",
        "value": "470469.0366926193",
        "cumulative": true
    },
    {
        "date": "2020-09-11T10:21:38Z",
        "value": "471354.31073474884",
        "cumulative": true
    },
    {
        "date": "2020-09-11T10:21:53Z",
        "value": "472343.77325725555",
        "cumulative": true
    },
    {
        "date": "2020-09-11T10:22:11Z",
        "value": "473603.35750484467",
        "cumulative": true
    },
    {
        "date": "2020-09-11T10:22:25Z",
        "value": "474368.83892154694",
        "cumulative": true
    },
    {
        "date": "2020-09-11T10:22:40Z",
        "value": "475367.31223011017",
        "cumulative": true
    },
    {
        "date": "2020-09-11T10:22:51Z",
        "value": "476081.6552667618",
        "cumulative": true
    },
    {
        "date": "2020-09-11T10:23:03Z",
        "value": "476963.3653821945",
        "cumulative": true
    },
    {
        "date": "2020-09-11T10:23:14Z",
        "value": "477634.8850812912",
        "cumulative": true
    },
    {
        "date": "2020-09-11T10:23:33Z",
        "value": "478793.21712970734",
        "cumulative": true
    },
    {
        "date": "2020-09-11T10:23:46Z",
        "value": "479691.7453355789",
        "cumulative": true
    },
    {
        "date": "2020-09-11T10:23:56Z",
        "value": "480345.2684278488",
        "cumulative": true
    },
    {
        "date": "2020-09-11T10:24:11Z",
        "value": "481328.31258678436",
        "cumulative": true
    },
    {
        "date": "2020-09-11T10:24:29Z",
        "value": "482462.6725587845",
        "cumulative": true
    },
    {
        "date": "2020-09-11T10:24:40Z",
        "value": "483142.628865242",
        "cumulative": true
    },
    {
        "date": "2020-09-11T10:24:56Z",
        "value": "484167.8586206436",
        "cumulative": true
    },
    {
        "date": "2020-09-11T10:25:16Z",
        "value": "485021.1182489395",
        "cumulative": true
    }
]