[
    {
        "date": "2020-09-11T09:22:35Z",
        "value": "4.00543212890625e-05",
        "cumulative": true
    },
    {
        "date": "2020-09-11T09:23:01Z",
        "value": "4.00543212890625e-05",
        "cumulative": true
    },
    {
        "date": "2020-09-11T09:23:17Z",
        "value": "15.803306579589844",
        "cumulative": true
    },
    {
        "date": "2020-09-11T09:23:30Z",
        "value": "46.52052402496338",
        "cumulative": true
    },
    {
        "date": "2020-09-11T09:23:47Z",
        "value": "140.19609451293945",
        "cumulative": true
    },
    {
        "date": "2020-09-11T09:24:03Z",
        "value": "947.5881118774414",
        "cumulative": true
    },
    {
        "date": "2020-09-11T09:24:14Z",
        "value": "2091.6259841918945",
        "cumulative": true
    },
    {
        "date": "2020-09-11T09:24:26Z",
        "value": "3522.840425491333",
        "cumulative": true
    },
    {
        "date": "2020-09-11T09:24:41Z",
        "value": "5536.882022857666",
        "cumulative": true
    },
    {
        "date": "2020-09-11T09:24:58Z",
        "value": "7363.210070610046",
        "cumulative": true
    },
    {
        "date": "2020-09-11T09:25:09Z",
        "value": "9017.797562599182",
        "cumulative": true
    },
    {
        "date": "2020-09-11T09:25:23Z",
        "value": "11169.112621307373",
        "cumulative": true
    },
    {
        "date": "2020-09-11T09:25:39Z",
        "value": "13803.004725456238",
        "cumulative": true
    },
    {
        "date": "2020-09-11T09:25:58Z",
        "value": "15808.542006492615",
        "cumulative": true
    },
    {
        "date": "2020-09-11T09:26:16Z",
        "value": "18152.504937171936",
        "cumulative": true
    },
    {
        "date": "2020-09-11T09:26:28Z",
        "value": "19916.686633110046",
        "cumulative": true
    },
    {
        "date": "2020-09-11T09:26:41Z",
        "value": "22312.86092567444",
        "cumulative": true
    },
    {
        "date": "2020-09-11T09:26:57Z",
        "value": "23433.570066452026",
        "cumulative": true
    },
    {
        "date": "2020-09-11T09:27:12Z",
        "value": "27595.29773902893",
        "cumulative": true
    },
    {
        "date": "2020-09-11T09:27:28Z",
        "value": "28667.587705612183",
        "cumulative": true
    },
    {
        "date": "2020-09-11T09:27:42Z",
        "value": "29711.419795036316",
        "cumulative": true
    },
    {
        "date": "2020-09-11T09:28:00Z",
        "value": "34807.142627716064",
        "cumulative": true
    },
    {
        "date": "2020-09-11T09:28:17Z",
        "value": "36042.27984237671",
        "cumulative": true
    },
    {
        "date": "2020-09-11T09:28:31Z",
        "value": "37029.504623413086",
        "cumulative": true
    },
    {
        "date": "2020-09-11T09:28:43Z",
        "value": "39066.134375572205",
        "cumulative": true
    },
    {
        "date": "2020-09-11T09:29:02Z",
        "value": "43900.281042099",
        "cumulative": true
    },
    {
        "date": "2020-09-11T09:29:13Z",
        "value": "44604.56432723999",
        "cumulative": true
    },
    {
        "date": "2020-09-11T09:29:27Z",
        "value": "45562.59778404236",
        "cumulative": true
    },
    {
        "date": "2020-09-11T09:29:40Z",
        "value": "46441.34175682068",
        "cumulative": true
    },
    {
        "date": "2020-09-11T09:29:57Z",
        "value": "48905.45725727081",
        "cumulative": true
    },
    {
        "date": "2020-09-11T09:30:15Z",
        "value": "53753.09202861786",
        "cumulative": true
    },
    {
        "date": "2020-09-11T09:30:29Z",
        "value": "55941.28157329559",
        "cumulative": true
    },
    {
        "date": "2020-09-11T09:30:48Z",
        "value": "57240.18814563751",
        "cumulative": true
    },
    {
        "date": "2020-09-11T09:31:01Z",
        "value": "58165.066014289856",
        "cumulative": true
    },
    {
        "date": "2020-09-11T09:31:14Z",
        "value": "59072.310336112976",
        "cumulative": true
    },
    {
        "date": "2020-09-11T09:31:27Z",
        "value": "61003.070781707764",
        "cumulative": true
    },
    {
        "date": "2020-09-11T09:31:42Z",
        "value": "65459.3798828125",
        "cumulative": true
    },
    {
        "date": "2020-09-11T09:31:55Z",
        "value": "68500.47352790833",
        "cumulative": true
    },
    {
        "date": "2020-09-11T09:32:09Z",
        "value": "70573.73794555664",
        "cumulative": true
    },
    {
        "date": "2020-09-11T09:32:25Z",
        "value": "71676.98884963989",
        "cumulative": true
    },
    {
        "date": "2020-09-11T09:32:42Z",
        "value": "72796.90441894531",
        "cumulative": true
    },
    {
        "date": "2020-09-11T09:32:57Z",
        "value": "73817.44856262207",
        "cumulative": true
    },
    {
        "date": "2020-09-11T09:33:12Z",
        "value": "74784.04077720642",
        "cumulative": true
    },
    {
        "date": "2020-09-11T09:33:23Z",
        "value": "76585.50512599945",
        "cumulative": true
    },
    {
        "date": "2020-09-11T09:33:42Z",
        "value": "81843.70792293549",
        "cumulative": true
    },
    {
        "date": "2020-09-11T09:33:53Z",
        "value": "84737.68504047394",
        "cumulative": true
    },
    {
        "date": "2020-09-11T09:34:12Z",
        "value": "88639.65649223328",
        "cumulative": true
    },
    {
        "date": "2020-09-11T09:34:25Z",
        "value": "89482.98406028748",
        "cumulative": true
    },
    {
        "date": "2020-09-11T09:34:44Z",
        "value": "90732.33221244812",
        "cumulative": true
    },
    {
        "date": "2020-09-11T09:34:57Z",
        "value": "91571.72965049744",
        "cumulative": true
    },
    {
        "date": "2020-09-11T09:35:12Z",
        "value": "92548.63527870178",
        "cumulative": true
    },
    {
        "date": "2020-09-11T09:35:26Z",
        "value": "93474.49802589417",
        "cumulative": true
    },
    {
        "date": "2020-09-11T09:35:44Z",
        "value": "94717.84490966797",
        "cumulative": true
    },
    {
        "date": "2020-09-11T09:36:00Z",
        "value": "98503.67842769623",
        "cumulative": true
    },
    {
        "date": "2020-09-11T09:36:13Z",
        "value": "101742.84041118622",
        "cumulative": true
    },
    {
        "date": "2020-09-11T09:36:31Z",
        "value": "106158.96831226349",
        "cumulative": true
    },
    {
        "date": "2020-09-11T09:36:48Z",
        "value": "110613.29899120331",
        "cumulative": true
    },
    {
        "date": "2020-09-11T09:36:58Z",
        "value": "111959.7857170105",
        "cumulative": true
    },
    {
        "date": "2020-09-11T09:37:10Z",
        "value": "112741.86764717102",
        "cumulative": true
    },
    {
        "date": "2020-09-11T09:37:29Z",
        "value": "113985.68601226807",
        "cumulative": true
    },
    {
        "date": "2020-09-11T09:37:46Z",
        "value": "115117.49184989929",
        "cumulative": true
    },
    {
        "date": "2020-09-11T09:37:59Z",
        "value": "115972.68439674377",
        "cumulative": true
    },
    {
        "date": "2020-09-11T09:38:11Z",
        "value": "116765.95527648926",
        "cumulative": true
    },
    {
        "date": "2020-09-11T09:38:22Z",
        "value": "117457.28446388245",
        "cumulative": true
    },
    {
        "date": "2020-09-11T09:38:35Z",
        "value": "118341.12725639343",
        "cumulative": true
    },
    {
        "date": "2020-09-11T09:38:55Z",
        "value": "119614.84130859375",
        "cumulative": true
    },
    {
        "date": "2020-09-11T09:39:07Z",
        "value": "122893.8306760788",
        "cumulative": true
    },
    {
        "date": "2020-09-11T09:39:23Z",
        "value": "127087.90556049347",
        "cumulative": true
    },
    {
        "date": "2020-09-11T09:39:36Z",
        "value": "130282.29206752777",
        "cumulative": true
    },
    {
        "date": "2020-09-11T09:39:55Z",
        "value": "135475.95865154266",
        "cumulative": true
    },
    {
        "date": "2020-09-11T09:40:09Z",
        "value": "139165.03417301178",
        "cumulative": true
    },
    {
        "date": "2020-09-11T09:40:26Z",
        "value": "141398.3150959015",
        "cumulative": true
    },
    {
        "date": "2020-09-11T09:40:40Z",
        "value": "142323.00514030457",
        "cumulative": true
    },
    {
        "date": "2020-09-11T09:40:55Z",
        "value": "143353.46168136597",
        "cumulative": true
    },
    {
        "date": "2020-09-11T09:41:07Z",
        "value": "144151.0990562439",
        "cumulative": true
    },
    {
        "date": "2020-09-11T09:41:21Z",
        "value": "145064.77040481567",
        "cumulative": true
    },
    {
        "date": "2020-09-11T09:41:36Z",
        "value": "146057.08462524414",
        "cumulative": true
    },
    {
        "date": "2020-09-11T09:41:52Z",
        "value": "147118.5394115448",
        "cumulative": true
    },
    {
        "date": "2020-09-11T09:42:07Z",
        "value": "148097.19582748413",
        "cumulative": true
    },
    {
        "date": "2020-09-11T09:42:26Z",
        "value": "149324.11631011963",
        "cumulative": true
    },
    {
        "date": "2020-09-11T09:42:42Z",
        "value": "150376.82112121582",
        "cumulative": true
    },
    {
        "date": "2020-09-11T09:42:53Z",
        "value": "151097.01670265198",
        "cumulative": true
    },
    {
        "date": "2020-09-11T09:43:04Z",
        "value": "153425.17132282257",
        "cumulative": true
    },
    {
        "date": "2020-09-11T09:43:18Z",
        "value": "157238.0540151596",
        "cumulative": true
    },
    {
        "date": "2020-09-11T09:43:31Z",
        "value": "160715.5129919052",
        "cumulative": true
    },
    {
        "date": "2020-09-11T09:43:50Z",
        "value": "165487.26648807526",
        "cumulative": true
    },
    {
        "date": "2020-09-11T09:44:03Z",
        "value": "168930.2025899887",
        "cumulative": true
    },
    {
        "date": "2020-09-11T09:44:14Z",
        "value": "172068.07307338715",
        "cumulative": true
    },
    {
        "date": "2020-09-11T09:44:30Z",
        "value": "176540.95090961456",
        "cumulative": true
    },
    {
        "date": "2020-09-11T09:44:46Z",
        "value": "178466.8754901886",
        "cumulative": true
    },
    {
        "date": "2020-09-11T09:44:58Z",
        "value": "179212.01764678955",
        "cumulative": true
    },
    {
        "date": "2020-09-11T09:45:10Z",
        "value": "180050.6091632843",
        "cumulative": true
    },
    {
        "date": "2020-09-11T09:45:21Z",
        "value": "180732.96610069275",
        "cumulative": true
    },
    {
        "date": "2020-09-11T09:45:32Z",
        "value": "181421.52445030212",
        "cumulative": true
    },
    {
        "date": "2020-09-11T09:45:45Z",
        "value": "182313.03684806824",
        "cumulative": true
    },
    {
        "date": "2020-09-11T09:45:56Z",
        "value": "182980.46151733398",
        "cumulative": true
    },
    {
        "date": "2020-09-11T09:46:13Z",
        "value": "184148.396402359",
        "cumulative": true
    },
    {
        "date": "2020-09-11T09:46:24Z",
        "value": "184850.41610717773",
        "cumulative": true
    },
    {
        "date": "2020-09-11T09:46:40Z",
        "value": "185865.92361450195",
        "cumulative": true
    },
    {
        "date": "2020-09-11T09:46:52Z",
        "value": "186656.3626499176",
        "cumulative": true
    },
    {
        "date": "2020-09-11T09:47:04Z",
        "value": "187438.90997505188",
        "cumulative": true
    },
    {
        "date": "2020-09-11T09:47:23Z",
        "value": "188667.8302307129",
        "cumulative": true
    },
    {
        "date": "2020-09-11T09:47:41Z",
        "value": "189883.63662528992",
        "cumulative": true
    },
    {
        "date": "2020-09-11T09:47:53Z",
        "value": "190628.50773239136",
        "cumulative": true
    },
    {
        "date": "2020-09-11T09:48:08Z",
        "value": "193991.3600435257",
        "cumulative": true
    },
    {
        "date": "2020-09-11T09:48:25Z",
        "value": "198371.28053951263",
        "cumulative": true
    },
    {
        "date": "2020-09-11T09:48:43Z",
        "value": "202950.69609737396",
        "cumulative": true
    },
    {
        "date": "2020-09-11T09:48:55Z",
        "value": "206162.2817811966",
        "cumulative": true
    },
    {
        "date": "2020-09-11T09:49:06Z",
        "value": "209004.28483867645",
        "cumulative": true
    },
    {
        "date": "2020-09-11T09:49:18Z",
        "value": "212286.32957553864",
        "cumulative": true
    },
    {
        "date": "2020-09-11T09:49:35Z",
        "value": "216937.27182865143",
        "cumulative": true
    },
    {
        "date": "2020-09-11T09:49:46Z",
        "value": "219668.4212694168",
        "cumulative": true
    },
    {
        "date": "2020-09-11T09:50:00Z",
        "value": "223059.58481502533",
        "cumulative": true
    },
    {
        "date": "2020-09-11T09:50:12Z",
        "value": "224744.6565876007",
        "cumulative": true
    },
    {
        "date": "2020-09-11T09:50:28Z",
        "value": "225821.57193374634",
        "cumulative": true
    },
    {
        "date": "2020-09-11T09:50:39Z",
        "value": "226508.04467582703",
        "cumulative": true
    },
    {
        "date": "2020-09-11T09:50:57Z",
        "value": "227662.9267730713",
        "cumulative": true
    },
    {
        "date": "2020-09-11T09:51:17Z",
        "value": "228915.96590805054",
        "cumulative": true
    },
    {
        "date": "2020-09-11T09:51:34Z",
        "value": "230023.73859596252",
        "cumulative": true
    },
    {
        "date": "2020-09-11T09:51:46Z",
        "value": "230830.05356788635",
        "cumulative": true
    },
    {
        "date": "2020-09-11T09:52:03Z",
        "value": "231996.3725414276",
        "cumulative": true
    },
    {
        "date": "2020-09-11T09:52:21Z",
        "value": "233177.76451301575",
        "cumulative": true
    },
    {
        "date": "2020-09-11T09:52:35Z",
        "value": "234032.61238098145",
        "cumulative": true
    },
    {
        "date": "2020-09-11T09:52:53Z",
        "value": "235204.27323532104",
        "cumulative": true
    },
    {
        "date": "2020-09-11T09:53:10Z",
        "value": "236369.7405796051",
        "cumulative": true
    },
    {
        "date": "2020-09-11T09:53:28Z",
        "value": "237511.98502922058",
        "cumulative": true
    },
    {
        "date": "2020-09-11T09:53:46Z",
        "value": "238705.0940132141",
        "cumulative": true
    },
    {
        "date": "2020-09-11T09:54:00Z",
        "value": "239672.10837745667",
        "cumulative": true
    },
    {
        "date": "2020-09-11T09:54:18Z",
        "value": "240867.9880847931",
        "cumulative": true
    },
    {
        "date": "2020-09-11T09:54:35Z",
        "value": "244819.52301311493",
        "cumulative": true
    },
    {
        "date": "2020-09-11T09:54:47Z",
        "value": "247823.58106708527",
        "cumulative": true
    },
    {
        "date": "2020-09-11T09:55:05Z",
        "value": "252818.82063770294",
        "cumulative": true
    },
    {
        "date": "2020-09-11T09:55:16Z",
        "value": "255767.88713741302",
        "cumulative": true
    },
    {
        "date": "2020-09-11T09:55:27Z",
        "value": "258725.8403482437",
        "cumulative": true
    },
    {
        "date": "2020-09-11T09:55:43Z",
        "value": "263369.43242931366",
        "cumulative": true
    },
    {
        "date": "2020-09-11T09:55:58Z",
        "value": "267073.4771203995",
        "cumulative": true
    },
    {
        "date": "2020-09-11T09:56:16Z",
        "value": "271706.43214702606",
        "cumulative": true
    },
    {
        "date": "2020-09-11T09:56:32Z",
        "value": "276047.4707078934",
        "cumulative": true
    },
    {
        "date": "2020-09-11T09:56:49Z",
        "value": "280634.1649675369",
        "cumulative": true
    },
    {
        "date": "2020-09-11T09:57:00Z",
        "value": "283302.35252571106",
        "cumulative": true
    },
    {
        "date": "2020-09-11T09:57:18Z",
        "value": "284489.163187027",
        "cumulative": true
    },
    {
        "date": "2020-09-11T09:57:37Z",
        "value": "285804.57180404663",
        "cumulative": true
    },
    {
        "date": "2020-09-11T09:57:51Z",
        "value": "286698.298746109",
        "cumulative": true
    },
    {
        "date": "2020-09-11T09:58:07Z",
        "value": "287740.23374938965",
        "cumulative": true
    },
    {
        "date": "2020-09-11T09:58:23Z",
        "value": "288909.3267803192",
        "cumulative": true
    },
    {
        "date": "2020-09-11T09:58:43Z",
        "value": "290192.01037979126",
        "cumulative": true
    },
    {
        "date": "2020-09-11T09:58:57Z",
        "value": "291119.0119457245",
        "cumulative": true
    },
    {
        "date": "2020-09-11T09:59:08Z",
        "value": "291856.23544692993",
        "cumulative": true
    },
    {
        "date": "2020-09-11T09:59:25Z",
        "value": "292950.60609436035",
        "cumulative": true
    },
    {
        "date": "2020-09-11T09:59:37Z",
        "value": "293754.10258102417",
        "cumulative": true
    },
    {
        "date": "2020-09-11T09:59:53Z",
        "value": "294803.96391296387",
        "cumulative": true
    },
    {
        "date": "2020-09-11T10:00:11Z",
        "value": "295959.5461063385",
        "cumulative": true
    },
    {
        "date": "2020-09-11T10:00:28Z",
        "value": "297120.2550582886",
        "cumulative": true
    },
    {
        "date": "2020-09-11T10:00:42Z",
        "value": "297977.76365852356",
        "cumulative": true
    },
    {
        "date": "2020-09-11T10:00:56Z",
        "value": "298894.1441383362",
        "cumulative": true
    },
    {
        "date": "2020-09-11T10:01:08Z",
        "value": "299720.7345504761",
        "cumulative": true
    },
    {
        "date": "2020-09-11T10:01:24Z",
        "value": "300787.42586135864",
        "cumulative": true
    },
    {
        "date": "2020-09-11T10:01:42Z",
        "value": "301958.97690200806",
        "cumulative": true
    },
    {
        "date": "2020-09-11T10:02:01Z",
        "value": "303246.9151058197",
        "cumulative": true
    },
    {
        "date": "2020-09-11T10:02:12Z",
        "value": "303899.69633865356",
        "cumulative": true
    },
    {
        "date": "2020-09-11T10:02:28Z",
        "value": "307184.5147867203",
        "cumulative": true
    },
    {
        "date": "2020-09-11T10:02:47Z",
        "value": "311739.81761074066",
        "cumulative": true
    },
    {
        "date": "2020-09-11T10:03:01Z",
        "value": "315746.04690265656",
        "cumulative": true
    },
    {
        "date": "2020-09-11T10:03:20Z",
        "value": "321326.857796669",
        "cumulative": true
    },
    {
        "date": "2020-09-11T10:03:38Z",
        "value": "326087.2136926651",
        "cumulative": true
    },
    {
        "date": "2020-09-11T10:03:48Z",
        "value": "328793.28943920135",
        "cumulative": true
    },
    {
        "date": "2020-09-11T10:03:59Z",
        "value": "331737.71761608124",
        "cumulative": true
    },
    {
        "date": "2020-09-11T10:04:11Z",
        "value": "335045.1548318863",
        "cumulative": true
    },
    {
        "date": "2020-09-11T10:04:28Z",
        "value": "339924.90906238556",
        "cumulative": true
    },
    {
        "date": "2020-09-11T10:04:39Z",
        "value": "343098.48132419586",
        "cumulative": true
    },
    {
        "date": "2020-09-11T10:04:53Z",
        "value": "347244.84397029877",
        "cumulative": true
    },
    {
        "date": "2020-09-11T10:05:11Z",
        "value": "351803.74794483185",
        "cumulative": true
    },
    {
        "date": "2020-09-11T10:05:25Z",
        "value": "355187.5777235031",
        "cumulative": true
    },
    {
        "date": "2020-09-11T10:05:37Z",
        "value": "357865.36663627625",
        "cumulative": true
    },
    {
        "date": "2020-09-11T10:05:56Z",
        "value": "359040.9049243927",
        "cumulative": true
    },
    {
        "date": "2020-09-11T10:06:09Z",
        "value": "359992.6894798279",
        "cumulative": true
    },
    {
        "date": "2020-09-11T10:06:26Z",
        "value": "361056.52269744873",
        "cumulative": true
    },
    {
        "date": "2020-09-11T10:06:44Z",
        "value": "362179.2489414215",
        "cumulative": true
    },
    {
        "date": "2020-09-11T10:06:56Z",
        "value": "362997.2057762146",
        "cumulative": true
    },
    {
        "date": "2020-09-11T10:07:08Z",
        "value": "363754.7919483185",
        "cumulative": true
    },
    {
        "date": "2020-09-11T10:07:24Z",
        "value": "364854.39772224426",
        "cumulative": true
    },
    {
        "date": "2020-09-11T10:07:36Z",
        "value": "365578.5769958496",
        "cumulative": true
    },
    {
        "date": "2020-09-11T10:07:50Z",
        "value": "366537.8263568878",
        "cumulative": true
    },
    {
        "date": "2020-09-11T10:08:04Z",
        "value": "367443.50528144836",
        "cumulative": true
    },
    {
        "date": "2020-09-11T10:08:21Z",
        "value": "368520.0727672577",
        "cumulative": true
    },
    {
        "date": "2020-09-11T10:08:37Z",
        "value": "369561.5000591278",
        "cumulative": true
    },
    {
        "date": "2020-09-11T10:08:54Z",
        "value": "370676.26366233826",
        "cumulative": true
    },
    {
        "date": "2020-09-11T10:09:13Z",
        "value": "371951.7210903168",
        "cumulative": true
    },
    {
        "date": "2020-09-11T10:09:27Z",
        "value": "372837.6226196289",
        "cumulative": true
    },
    {
        "date": "2020-09-11T10:09:43Z",
        "value": "373861.9140815735",
        "cumulative": true
    },
    {
        "date": "2020-09-11T10:09:53Z",
        "value": "374609.7467136383",
        "cumulative": true
    },
    {
        "date": "2020-09-11T10:10:13Z",
        "value": "375877.6335964203",
        "cumulative": true
    },
    {
        "date": "2020-09-11T10:10:28Z",
        "value": "376825.36170196533",
        "cumulative": true
    },
    {
        "date": "2020-09-11T10:10:47Z",
        "value": "378070.7822628021",
        "cumulative": true
    },
    {
        "date": "2020-09-11T10:11:01Z",
        "value": "378982.42652511597",
        "cumulative": true
    },
    {
        "date": "2020-09-11T10:11:20Z",
        "value": "380250.78548812866",
        "cumulative": true
    },
    {
        "date": "2020-09-11T10:11:38Z",
        "value": "381521.33062553406",
        "cumulative": true
    },
    {
        "date": "2020-09-11T10:11:50Z",
        "value": "382318.9905357361",
        "cumulative": true
    },
    {
        "date": "2020-09-11T10:12:04Z",
        "value": "383163.84928131104",
        "cumulative": true
    },
    {
        "date": "2020-09-11T10:12:22Z",
        "value": "384853.30376529694",
        "cumulative": true
    },
    {
        "date": "2020-09-11T10:12:33Z",
        "value": "387752.3143777847",
        "cumulative": true
    },
    {
        "date": "2020-09-11T10:12:48Z",
        "value": "391809.1544389725",
        "cumulative": true
    },
    {
        "date": "2020-09-11T10:13:06Z",
        "value": "396710.04284000397",
        "cumulative": true
    },
    {
        "date": "2020-09-11T10:13:23Z",
        "value": "400972.1506586075",
        "cumulative": true
    },
    {
        "date": "2020-09-11T10:13:37Z",
        "value": "404932.51397037506",
        "cumulative": true
    },
    {
        "date": "2020-09-11T10:13:52Z",
        "value": "408810.8449487686",
        "cumulative": true
    },
    {
        "date": "2020-09-11T10:14:07Z",
        "value": "413116.3413915634",
        "cumulative": true
    },
    {
        "date": "2020-09-11T10:14:19Z",
        "value": "416481.28381443024",
        "cumulative": true
    },
    {
        "date": "2020-09-11T10:14:34Z",
        "value": "420517.7820196152",
        "cumulative": true
    },
    {
        "date": "2020-09-11T10:14:48Z",
        "value": "424020.28425884247",
        "cumulative": true
    },
    {
        "date": "2020-09-11T10:15:01Z",
        "value": "427689.0601682663",
        "cumulative": true
    },
    {
        "date": "2020-09-11T10:15:14Z",
        "value": "431136.4040441513",
        "cumulative": true
    },
    {
        "date": "2020-09-11T10:15:28Z",
        "value": "434684.3155679703",
        "cumulative": true
    },
    {
        "date": "2020-09-11T10:15:40Z",
        "value": "438028.9894800186",
        "cumulative": true
    },
    {
        "date": "2020-09-11T10:15:59Z",
        "value": "443423.548327446",
        "cumulative": true
    },
    {
        "date": "2020-09-11T10:16:19Z",
        "value": "448776.6775960922",
        "cumulative": true
    },
    {
        "date": "2020-09-11T10:16:36Z",
        "value": "451803.48351955414",
        "cumulative": true
    },
    {
        "date": "2020-09-11T10:16:53Z",
        "value": "452872.66934871674",
        "cumulative": true
    },
    {
        "date": "2020-09-11T10:17:10Z",
        "value": "453950.4734773636",
        "cumulative": true
    },
    {
        "date": "2020-09-11T10:17:28Z",
        "value": "455179.249499321",
        "cumulative": true
    },
    {
        "date": "2020-09-11T10:17:39Z",
        "value": "455889.1475057602",
        "cumulative": true
    },
    {
        "date": "2020-09-11T10:17:59Z",
        "value": "457214.73206043243",
        "cumulative": true
    },
    {
        "date": "2020-09-11T10:18:09Z",
        "value": "457884.0919866562",
        "cumulative": true
    },
    {
        "date": "2020-09-11T10:18:25Z",
        "value": "458924.637629509",
        "cumulative": true
    },
    {
        "date": "2020-09-11T10:18:42Z",
        "value": "460016.470202446",
        "cumulative": true
    },
    {
        "date": "2020-09-11T10:18:53Z",
        "value": "460783.78570461273",
        "cumulative": true
    },
    {
        "date": "2020-09-11T10:19:05Z",
        "value": "461568.34673023224",
        "cumulative": true
    },
    {
        "date": "2020-09-11T10:19:16Z",
        "value": "462245.72106838226",
        "cumulative": true
    },
    {
        "date": "2020-09-11T10:19:32Z",
        "value": "463272.46931934357",
        "cumulative": true
    },
    {
        "date": "2020-09-11T10:19:44Z",
        "value": "464117.2345056534",
        "cumulative": true
    },
    {
        "date": "2020-09-11T10:20:01Z",
        "value": "465220.84523296356",
        "cumulative": true
    },
    {
        "date": "2020-09-11T10:20:17Z",
        "value": "466228.25839328766",
        "cumulative": true
    },
    {
        "date": "2020-09-11T10:20:29Z",
        "value": "466958.51380062103",
        "cumulative": true
    },
    {
        "date": "2020-09-11T10:20:48Z",
        "value": "468240.3751115799",
        "cumulative": true
    },
    {
        "date": "2020-09-11T10:21:02Z",
        "value": "469047.6575803757",
        "cumulative": true
    },
    {
        "date": "2020-09-11T10:21:19Z",
        "value": "470256.43698596954",
        "cumulative": true
    },
    {
        "date": "2020-09-11T10:21:34Z",
        "value": "471147.1698026657",
        "cumulative": true
    },
    {
        "date": "2020-09-11T10:21:45Z",
        "value": "471847.3203840256",
        "cumulative": true
    },
    {
        "date": "2020-09-11T10:22:03Z",
        "value": "472982.5199728012",
        "cumulative": true
    },
    {
        "date": "2020-09-11T10:22:18Z",
        "value": "473963.11534404755",
        "cumulative": true
    },
    {
        "date": "2020-09-11T10:22:29Z",
        "value": "474658.8786058426",
        "cumulative": true
    },
    {
        "date": "2020-09-11T10:22:44Z",
        "value": "475683.47477054596",
        "cumulative": true
    },
    {
        "date": "2020-09-11T10:23:04Z",
        "value": "476977.96193790436",
        "cumulative": true
    },
    {
        "date": "2020-09-11T10:23:20Z",
        "value": "478024.47248363495",
        "cumulative": true
    },
    {
        "date": "2020-09-11T10:23:32Z",
        "value": "478784.45562648773",
        "cumulative": true
    },
    {
        "date": "2020-09-11T10:23:45Z",
        "value": "479666.22728824615",
        "cumulative": true
    },
    {
        "date": "2020-09-11T10:24:01Z",
        "value": "480705.5551767349",
        "cumulative": true
    },
    {
        "date": "2020-09-11T10:24:12Z",
        "value": "481409.22354602814",
        "cumulative": true
    },
    {
        "date": "2020-09-11T10:24:27Z",
        "value": "482383.4655866623",
        "cumulative": true
    },
    {
        "date": "2020-09-11T10:24:45Z",
        "value": "483490.24368190765",
        "cumulative": true
    },
    {
        "date": "2020-09-11T10:24:58Z",
        "value": "484368.5622320175",
        "cumulative": true
    },
    {
        "date": "2020-09-11T10:25:15Z",
        "value": "485042.0650167465",
        "cumulative": true
    }
]