[
    {
        "date": "2020-09-11T09:20:58Z",
        "value": "0.0009593963623046875",
        "cumulative": true
    },
    {
        "date": "2020-09-11T09:21:17Z",
        "value": "0.0009593963623046875",
        "cumulative": true
    },
    {
        "date": "2020-09-11T09:21:39Z",
        "value": "0.0009593963623046875",
        "cumulative": true
    },
    {
        "date": "2020-09-11T09:21:50Z",
        "value": "0.0009593963623046875",
        "cumulative": true
    },
    {
        "date": "2020-09-11T09:22:17Z",
        "value": "0.0009593963623046875",
        "cumulative": true
    },
    {
        "date": "2020-09-11T09:22:29Z",
        "value": "0.0009593963623046875",
        "cumulative": true
    },
    {
        "date": "2020-09-11T09:22:49Z",
        "value": "0.0009593963623046875",
        "cumulative": true
    },
    {
        "date": "2020-09-11T09:22:59Z",
        "value": "0.0009593963623046875",
        "cumulative": true
    },
    {
        "date": "2020-09-11T09:23:16Z",
        "value": "13.415202140808105",
        "cumulative": true
    },
    {
        "date": "2020-09-11T09:23:34Z",
        "value": "55.42812442779541",
        "cumulative": true
    },
    {
        "date": "2020-09-11T09:23:47Z",
        "value": "154.97091960906982",
        "cumulative": true
    },
    {
        "date": "2020-09-11T09:24:07Z",
        "value": "1231.7403163909912",
        "cumulative": true
    },
    {
        "date": "2020-09-11T09:24:18Z",
        "value": "2390.8838987350464",
        "cumulative": true
    },
    {
        "date": "2020-09-11T09:24:28Z",
        "value": "3660.8928451538086",
        "cumulative": true
    },
    {
        "date": "2020-09-11T09:24:45Z",
        "value": "5807.287837982178",
        "cumulative": true
    },
    {
        "date": "2020-09-11T09:25:00Z",
        "value": "7969.880638122559",
        "cumulative": true
    },
    {
        "date": "2020-09-11T09:25:13Z",
        "value": "9269.607513427734",
        "cumulative": true
    },
    {
        "date": "2020-09-11T09:25:27Z",
        "value": "11427.020833015442",
        "cumulative": true
    },
    {
        "date": "2020-09-11T09:25:39Z",
        "value": "13821.349927902222",
        "cumulative": true
    },
    {
        "date": "2020-09-11T09:25:57Z",
        "value": "15629.146986961365",
        "cumulative": true
    },
    {
        "date": "2020-09-11T09:26:08Z",
        "value": "17640.1270942688",
        "cumulative": true
    },
    {
        "date": "2020-09-11T09:26:24Z",
        "value": "18871.654561042786",
        "cumulative": true
    },
    {
        "date": "2020-09-11T09:26:37Z",
        "value": "22034.39931869507",
        "cumulative": true
    },
    {
        "date": "2020-09-11T09:26:56Z",
        "value": "23346.347146987915",
        "cumulative": true
    },
    {
        "date": "2020-09-11T09:27:06Z",
        "value": "26097.432641029358",
        "cumulative": true
    },
    {
        "date": "2020-09-11T09:27:23Z",
        "value": "28357.65404701233",
        "cumulative": true
    },
    {
        "date": "2020-09-11T09:27:39Z",
        "value": "29433.12767791748",
        "cumulative": true
    },
    {
        "date": "2020-09-11T09:27:52Z",
        "value": "32525.631405830383",
        "cumulative": true
    },
    {
        "date": "2020-09-11T09:28:10Z",
        "value": "35500.73595619202",
        "cumulative": true
    },
    {
        "date": "2020-09-11T09:28:22Z",
        "value": "36380.91658592224",
        "cumulative": true
    },
    {
        "date": "2020-09-11T09:28:35Z",
        "value": "37298.9361782074",
        "cumulative": true
    },
    {
        "date": "2020-09-11T09:28:53Z",
        "value": "41689.33967208862",
        "cumulative": true
    },
    {
        "date": "2020-09-11T09:29:04Z",
        "value": "43994.809953689575",
        "cumulative": true
    },
    {
        "date": "2020-09-11T09:29:22Z",
        "value": "45201.94458961487",
        "cumulative": true
    },
    {
        "date": "2020-09-11T09:29:38Z",
        "value": "46336.88593482971",
        "cumulative": true
    },
    {
        "date": "2020-09-11T09:29:52Z",
        "value": "47435.64376449585",
        "cumulative": true
    },
    {
        "date": "2020-09-11T09:30:08Z",
        "value": "51874.236364364624",
        "cumulative": true
    },
    {
        "date": "2020-09-11T09:30:25Z",
        "value": "55668.80935382843",
        "cumulative": true
    },
    {
        "date": "2020-09-11T09:30:39Z",
        "value": "56680.39390659332",
        "cumulative": true
    },
    {
        "date": "2020-09-11T09:30:57Z",
        "value": "57859.138016700745",
        "cumulative": true
    },
    {
        "date": "2020-09-11T09:31:14Z",
        "value": "59067.6790933609",
        "cumulative": true
    },
    {
        "date": "2020-09-11T09:31:30Z",
        "value": "62133.72900867462",
        "cumulative": true
    },
    {
        "date": "2020-09-11T09:31:49Z",
        "value": "67072.04756069183",
        "cumulative": true
    },
    {
        "date": "2020-09-11T09:32:09Z",
        "value": "70591.15959072113",
        "cumulative": true
    },
    {
        "date": "2020-09-11T09:32:29Z",
        "value": "71941.92909526825",
        "cumulative": true
    },
    {
        "date": "2020-09-11T09:32:47Z",
        "value": "73148.01271915436",
        "cumulative": true
    },
    {
        "date": "2020-09-11T09:33:00Z",
        "value": "73995.39312458038",
        "cumulative": true
    },
    {
        "date": "2020-09-11T09:33:11Z",
        "value": "74759.10646343231",
        "cumulative": true
    },
    {
        "date": "2020-09-11T09:33:29Z",
        "value": "78041.46190261841",
        "cumulative": true
    },
    {
        "date": "2020-09-11T09:33:45Z",
        "value": "82534.55792808533",
        "cumulative": true
    },
    {
        "date": "2020-09-11T09:34:03Z",
        "value": "87309.90794754028",
        "cumulative": true
    },
    {
        "date": "2020-09-11T09:34:14Z",
        "value": "88791.15422821045",
        "cumulative": true
    },
    {
        "date": "2020-09-11T09:34:34Z",
        "value": "90094.23944664001",
        "cumulative": true
    },
    {
        "date": "2020-09-11T09:34:49Z",
        "value": "91134.44555282593",
        "cumulative": true
    },
    {
        "date": "2020-09-11T09:35:02Z",
        "value": "91935.11089324951",
        "cumulative": true
    },
    {
        "date": "2020-09-11T09:35:16Z",
        "value": "92873.68427276611",
        "cumulative": true
    },
    {
        "date": "2020-09-11T09:35:33Z",
        "value": "93976.24520301819",
        "cumulative": true
    },
    {
        "date": "2020-09-11T09:35:51Z",
        "value": "96038.67243862152",
        "cumulative": true
    },
    {
        "date": "2020-09-11T09:36:09Z",
        "value": "100999.58458995819",
        "cumulative": true
    },
    {
        "date": "2020-09-11T09:36:25Z",
        "value": "104796.56403064728",
        "cumulative": true
    },
    {
        "date": "2020-09-11T09:36:44Z",
        "value": "109752.06032276154",
        "cumulative": true
    },
    {
        "date": "2020-09-11T09:37:00Z",
        "value": "112156.79166603088",
        "cumulative": true
    },
    {
        "date": "2020-09-11T09:37:14Z",
        "value": "113069.58658790588",
        "cumulative": true
    },
    {
        "date": "2020-09-11T09:37:28Z",
        "value": "113990.39479064941",
        "cumulative": true
    },
    {
        "date": "2020-09-11T09:37:42Z",
        "value": "114893.04993057251",
        "cumulative": true
    },
    {
        "date": "2020-09-11T09:37:58Z",
        "value": "115930.07196807861",
        "cumulative": true
    },
    {
        "date": "2020-09-11T09:38:16Z",
        "value": "117138.23927307129",
        "cumulative": true
    },
    {
        "date": "2020-09-11T09:38:28Z",
        "value": "117959.40374183655",
        "cumulative": true
    },
    {
        "date": "2020-09-11T09:38:41Z",
        "value": "118765.83532905579",
        "cumulative": true
    },
    {
        "date": "2020-09-11T09:39:01Z",
        "value": "120869.06161594391",
        "cumulative": true
    },
    {
        "date": "2020-09-11T09:39:16Z",
        "value": "125398.39013195038",
        "cumulative": true
    },
    {
        "date": "2020-09-11T09:39:27Z",
        "value": "128097.76746463776",
        "cumulative": true
    },
    {
        "date": "2020-09-11T09:39:40Z",
        "value": "131533.07652187347",
        "cumulative": true
    },
    {
        "date": "2020-09-11T09:39:55Z",
        "value": "135394.51082897186",
        "cumulative": true
    },
    {
        "date": "2020-09-11T09:40:08Z",
        "value": "138876.37517261505",
        "cumulative": true
    },
    {
        "date": "2020-09-11T09:40:28Z",
        "value": "141613.08931350708",
        "cumulative": true
    },
    {
        "date": "2020-09-11T09:40:45Z",
        "value": "142739.42464447021",
        "cumulative": true
    },
    {
        "date": "2020-09-11T09:40:55Z",
        "value": "143396.50894737244",
        "cumulative": true
    },
    {
        "date": "2020-09-11T09:41:06Z",
        "value": "144128.2611026764",
        "cumulative": true
    },
    {
        "date": "2020-09-11T09:41:23Z",
        "value": "145272.51257705688",
        "cumulative": true
    },
    {
        "date": "2020-09-11T09:41:33Z",
        "value": "145922.11233901978",
        "cumulative": true
    },
    {
        "date": "2020-09-11T09:41:52Z",
        "value": "147169.43154525757",
        "cumulative": true
    },
    {
        "date": "2020-09-11T09:42:11Z",
        "value": "148421.69421577454",
        "cumulative": true
    },
    {
        "date": "2020-09-11T09:42:26Z",
        "value": "149387.8918132782",
        "cumulative": true
    },
    {
        "date": "2020-09-11T09:42:45Z",
        "value": "150618.2598991394",
        "cumulative": true
    },
    {
        "date": "2020-09-11T09:43:03Z",
        "value": "153176.25639247894",
        "cumulative": true
    },
    {
        "date": "2020-09-11T09:43:19Z",
        "value": "157326.72169589996",
        "cumulative": true
    },
    {
        "date": "2020-09-11T09:43:35Z",
        "value": "161828.6706533432",
        "cumulative": true
    },
    {
        "date": "2020-09-11T09:43:54Z",
        "value": "166459.3634710312",
        "cumulative": true
    },
    {
        "date": "2020-09-11T09:44:13Z",
        "value": "171845.5507440567",
        "cumulative": true
    },
    {
        "date": "2020-09-11T09:44:28Z",
        "value": "175865.86215305328",
        "cumulative": true
    },
    {
        "date": "2020-09-11T09:44:41Z",
        "value": "178139.648771286",
        "cumulative": true
    },
    {
        "date": "2020-09-11T09:44:57Z",
        "value": "179198.89208602905",
        "cumulative": true
    },
    {
        "date": "2020-09-11T09:45:11Z",
        "value": "180116.94984054565",
        "cumulative": true
    },
    {
        "date": "2020-09-11T09:45:24Z",
        "value": "181025.58999443054",
        "cumulative": true
    },
    {
        "date": "2020-09-11T09:45:44Z",
        "value": "182278.2695865631",
        "cumulative": true
    },
    {
        "date": "2020-09-11T09:45:55Z",
        "value": "182933.77457809448",
        "cumulative": true
    },
    {
        "date": "2020-09-11T09:46:05Z",
        "value": "183666.70322608948",
        "cumulative": true
    },
    {
        "date": "2020-09-11T09:46:16Z",
        "value": "184329.2553691864",
        "cumulative": true
    },
    {
        "date": "2020-09-11T09:46:26Z",
        "value": "185010.67017364502",
        "cumulative": true
    },
    {
        "date": "2020-09-11T09:46:38Z",
        "value": "185783.27945518494",
        "cumulative": true
    },
    {
        "date": "2020-09-11T09:46:52Z",
        "value": "186717.9024810791",
        "cumulative": true
    },
    {
        "date": "2020-09-11T09:47:04Z",
        "value": "187501.98254776",
        "cumulative": true
    },
    {
        "date": "2020-09-11T09:47:19Z",
        "value": "188451.54175376892",
        "cumulative": true
    },
    {
        "date": "2020-09-11T09:47:32Z",
        "value": "189353.27256393433",
        "cumulative": true
    },
    {
        "date": "2020-09-11T09:47:46Z",
        "value": "190198.49443626404",
        "cumulative": true
    },
    {
        "date": "2020-09-11T09:48:00Z",
        "value": "191942.67347240448",
        "cumulative": true
    },
    {
        "date": "2020-09-11T09:48:15Z",
        "value": "195851.80433559418",
        "cumulative": true
    },
    {
        "date": "2020-09-11T09:48:35Z",
        "value": "200970.5894460678",
        "cumulative": true
    },
    {
        "date": "2020-09-11T09:48:50Z",
        "value": "204809.70940685272",
        "cumulative": true
    },
    {
        "date": "2020-09-11T09:49:00Z",
        "value": "207328.9186487198",
        "cumulative": true
    },
    {
        "date": "2020-09-11T09:49:11Z",
        "value": "210485.97243595123",
        "cumulative": true
    },
    {
        "date": "2020-09-11T09:49:27Z",
        "value": "214736.47639369965",
        "cumulative": true
    },
    {
        "date": "2020-09-11T09:49:44Z",
        "value": "219334.66113567352",
        "cumulative": true
    },
    {
        "date": "2020-09-11T09:50:00Z",
        "value": "223162.4032907486",
        "cumulative": true
    },
    {
        "date": "2020-09-11T09:50:13Z",
        "value": "224893.86518669128",
        "cumulative": true
    },
    {
        "date": "2020-09-11T09:50:32Z",
        "value": "226100.38723945618",
        "cumulative": true
    },
    {
        "date": "2020-09-11T09:50:49Z",
        "value": "227227.73518371582",
        "cumulative": true
    },
    {
        "date": "2020-09-11T09:51:01Z",
        "value": "227936.0547065735",
        "cumulative": true
    },
    {
        "date": "2020-09-11T09:51:16Z",
        "value": "228960.70008468628",
        "cumulative": true
    },
    {
        "date": "2020-09-11T09:51:31Z",
        "value": "229896.64544296265",
        "cumulative": true
    },
    {
        "date": "2020-09-11T09:51:49Z",
        "value": "231094.02103996277",
        "cumulative": true
    },
    {
        "date": "2020-09-11T09:52:07Z",
        "value": "232309.15754890442",
        "cumulative": true
    },
    {
        "date": "2020-09-11T09:52:24Z",
        "value": "233400.13248634338",
        "cumulative": true
    },
    {
        "date": "2020-09-11T09:52:43Z",
        "value": "234734.2083759308",
        "cumulative": true
    },
    {
        "date": "2020-09-11T09:52:58Z",
        "value": "235646.80620765686",
        "cumulative": true
    },
    {
        "date": "2020-09-11T09:53:16Z",
        "value": "236796.86618995667",
        "cumulative": true
    },
    {
        "date": "2020-09-11T09:53:30Z",
        "value": "237741.0632648468",
        "cumulative": true
    },
    {
        "date": "2020-09-11T09:53:44Z",
        "value": "238641.8078365326",
        "cumulative": true
    },
    {
        "date": "2020-09-11T09:54:03Z",
        "value": "239906.7910041809",
        "cumulative": true
    },
    {
        "date": "2020-09-11T09:54:21Z",
        "value": "241289.27496242523",
        "cumulative": true
    },
    {
        "date": "2020-09-11T09:54:31Z",
        "value": "243727.13309955597",
        "cumulative": true
    },
    {
        "date": "2020-09-11T09:54:48Z",
        "value": "248368.41455173492",
        "cumulative": true
    },
    {
        "date": "2020-09-11T09:55:06Z",
        "value": "252911.0461950302",
        "cumulative": true
    },
    {
        "date": "2020-09-11T09:55:18Z",
        "value": "256286.45159053802",
        "cumulative": true
    },
    {
        "date": "2020-09-11T09:55:31Z",
        "value": "260038.17962551117",
        "cumulative": true
    },
    {
        "date": "2020-09-11T09:55:43Z",
        "value": "263477.552523613",
        "cumulative": true
    },
    {
        "date": "2020-09-11T09:55:57Z",
        "value": "266932.8915243149",
        "cumulative": true
    },
    {
        "date": "2020-09-11T09:56:14Z",
        "value": "271425.86975574493",
        "cumulative": true
    },
    {
        "date": "2020-09-11T09:56:27Z",
        "value": "274874.29249858856",
        "cumulative": true
    },
    {
        "date": "2020-09-11T09:56:39Z",
        "value": "278251.63718509674",
        "cumulative": true
    },
    {
        "date": "2020-09-11T09:56:50Z",
        "value": "280955.5672903061",
        "cumulative": true
    },
    {
        "date": "2020-09-11T09:57:08Z",
        "value": "283952.789850235",
        "cumulative": true
    },
    {
        "date": "2020-09-11T09:57:24Z",
        "value": "285042.9649486542",
        "cumulative": true
    },
    {
        "date": "2020-09-11T09:57:43Z",
        "value": "286286.89299201965",
        "cumulative": true
    },
    {
        "date": "2020-09-11T09:57:56Z",
        "value": "287147.4528942108",
        "cumulative": true
    },
    {
        "date": "2020-09-11T09:58:09Z",
        "value": "288017.9255580902",
        "cumulative": true
    },
    {
        "date": "2020-09-11T09:58:28Z",
        "value": "289293.88413238525",
        "cumulative": true
    },
    {
        "date": "2020-09-11T09:58:39Z",
        "value": "290060.29144096375",
        "cumulative": true
    },
    {
        "date": "2020-09-11T09:58:50Z",
        "value": "290727.0398712158",
        "cumulative": true
    },
    {
        "date": "2020-09-11T09:59:09Z",
        "value": "292007.1453075409",
        "cumulative": true
    },
    {
        "date": "2020-09-11T09:59:26Z",
        "value": "293079.0606651306",
        "cumulative": true
    },
    {
        "date": "2020-09-11T09:59:39Z",
        "value": "293936.85978889465",
        "cumulative": true
    },
    {
        "date": "2020-09-11T09:59:50Z",
        "value": "294693.0158557892",
        "cumulative": true
    },
    {
        "date": "2020-09-11T10:00:07Z",
        "value": "295757.1067008972",
        "cumulative": true
    },
    {
        "date": "2020-09-11T10:00:21Z",
        "value": "296799.74191093445",
        "cumulative": true
    },
    {
        "date": "2020-09-11T10:00:41Z",
        "value": "298065.112783432",
        "cumulative": true
    },
    {
        "date": "2020-09-11T10:00:53Z",
        "value": "298800.9497413635",
        "cumulative": true
    },
    {
        "date": "2020-09-11T10:01:06Z",
        "value": "299740.18971443176",
        "cumulative": true
    },
    {
        "date": "2020-09-11T10:01:26Z",
        "value": "301014.46991539",
        "cumulative": true
    },
    {
        "date": "2020-09-11T10:01:38Z",
        "value": "301744.7073364258",
        "cumulative": true
    },
    {
        "date": "2020-09-11T10:01:57Z",
        "value": "303120.16719818115",
        "cumulative": true
    },
    {
        "date": "2020-09-11T10:02:12Z",
        "value": "304010.14013290405",
        "cumulative": true
    },
    {
        "date": "2020-09-11T10:02:32Z",
        "value": "308117.1468038559",
        "cumulative": true
    },
    {
        "date": "2020-09-11T10:02:42Z",
        "value": "310784.6843805313",
        "cumulative": true
    },
    {
        "date": "2020-09-11T10:02:57Z",
        "value": "314513.5442838669",
        "cumulative": true
    },
    {
        "date": "2020-09-11T10:03:14Z",
        "value": "319586.6773843765",
        "cumulative": true
    },
    {
        "date": "2020-09-11T10:03:32Z",
        "value": "324417.4367055893",
        "cumulative": true
    },
    {
        "date": "2020-09-11T10:03:50Z",
        "value": "329446.8768777847",
        "cumulative": true
    },
    {
        "date": "2020-09-11T10:04:08Z",
        "value": "334247.2460985184",
        "cumulative": true
    },
    {
        "date": "2020-09-11T10:04:21Z",
        "value": "337981.8408231735",
        "cumulative": true
    },
    {
        "date": "2020-09-11T10:04:34Z",
        "value": "341750.69223308563",
        "cumulative": true
    },
    {
        "date": "2020-09-11T10:04:49Z",
        "value": "346156.263504982",
        "cumulative": true
    },
    {
        "date": "2020-09-11T10:05:05Z",
        "value": "350758.6147451401",
        "cumulative": true
    },
    {
        "date": "2020-09-11T10:05:20Z",
        "value": "354181.02721881866",
        "cumulative": true
    },
    {
        "date": "2020-09-11T10:05:35Z",
        "value": "357775.5051269531",
        "cumulative": true
    },
    {
        "date": "2020-09-11T10:05:47Z",
        "value": "358542.1812839508",
        "cumulative": true
    },
    {
        "date": "2020-09-11T10:06:03Z",
        "value": "359611.5464115143",
        "cumulative": true
    },
    {
        "date": "2020-09-11T10:06:21Z",
        "value": "360826.6883068085",
        "cumulative": true
    },
    {
        "date": "2020-09-11T10:06:39Z",
        "value": "361976.1085739136",
        "cumulative": true
    },
    {
        "date": "2020-09-11T10:06:49Z",
        "value": "362633.4405345917",
        "cumulative": true
    },
    {
        "date": "2020-09-11T10:07:03Z",
        "value": "363602.2076187134",
        "cumulative": true
    },
    {
        "date": "2020-09-11T10:07:18Z",
        "value": "364631.5257472992",
        "cumulative": true
    },
    {
        "date": "2020-09-11T10:07:31Z",
        "value": "365430.8317127228",
        "cumulative": true
    },
    {
        "date": "2020-09-11T10:07:48Z",
        "value": "366538.8402996063",
        "cumulative": true
    },
    {
        "date": "2020-09-11T10:08:01Z",
        "value": "367374.1788215637",
        "cumulative": true
    },
    {
        "date": "2020-09-11T10:08:19Z",
        "value": "368506.6467189789",
        "cumulative": true
    },
    {
        "date": "2020-09-11T10:08:31Z",
        "value": "369402.39678382874",
        "cumulative": true
    },
    {
        "date": "2020-09-11T10:08:47Z",
        "value": "370406.186378479",
        "cumulative": true
    },
    {
        "date": "2020-09-11T10:09:02Z",
        "value": "371360.29943466187",
        "cumulative": true
    },
    {
        "date": "2020-09-11T10:09:15Z",
        "value": "372186.65733909607",
        "cumulative": true
    },
    {
        "date": "2020-09-11T10:09:33Z",
        "value": "373417.3618659973",
        "cumulative": true
    },
    {
        "date": "2020-09-11T10:09:50Z",
        "value": "374526.7707118988",
        "cumulative": true
    },
    {
        "date": "2020-09-11T10:10:02Z",
        "value": "375288.44828414917",
        "cumulative": true
    },
    {
        "date": "2020-09-11T10:10:20Z",
        "value": "376458.64940071106",
        "cumulative": true
    },
    {
        "date": "2020-09-11T10:10:36Z",
        "value": "377470.4141845703",
        "cumulative": true
    },
    {
        "date": "2020-09-11T10:10:53Z",
        "value": "378576.0821170807",
        "cumulative": true
    },
    {
        "date": "2020-09-11T10:11:06Z",
        "value": "379538.6629009247",
        "cumulative": true
    },
    {
        "date": "2020-09-11T10:11:18Z",
        "value": "380336.9466304779",
        "cumulative": true
    },
    {
        "date": "2020-09-11T10:11:30Z",
        "value": "381134.3165779114",
        "cumulative": true
    },
    {
        "date": "2020-09-11T10:11:45Z",
        "value": "382043.05056762695",
        "cumulative": true
    },
    {
        "date": "2020-09-11T10:12:03Z",
        "value": "383262.4730949402",
        "cumulative": true
    },
    {
        "date": "2020-09-11T10:12:15Z",
        "value": "384027.6336517334",
        "cumulative": true
    },
    {
        "date": "2020-09-11T10:12:25Z",
        "value": "385670.2095556259",
        "cumulative": true
    },
    {
        "date": "2020-09-11T10:12:37Z",
        "value": "388675.0060567856",
        "cumulative": true
    },
    {
        "date": "2020-09-11T10:12:52Z",
        "value": "393128.569067955",
        "cumulative": true
    },
    {
        "date": "2020-09-11T10:13:12Z",
        "value": "398330.18299388885",
        "cumulative": true
    },
    {
        "date": "2020-09-11T10:13:25Z",
        "value": "401670.3716020584",
        "cumulative": true
    },
    {
        "date": "2020-09-11T10:13:39Z",
        "value": "405712.32696437836",
        "cumulative": true
    },
    {
        "date": "2020-09-11T10:13:57Z",
        "value": "410420.08856868744",
        "cumulative": true
    },
    {
        "date": "2020-09-11T10:14:15Z",
        "value": "415904.1623468399",
        "cumulative": true
    },
    {
        "date": "2020-09-11T10:14:35Z",
        "value": "420795.28567790985",
        "cumulative": true
    },
    {
        "date": "2020-09-11T10:14:52Z",
        "value": "425424.35233974457",
        "cumulative": true
    },
    {
        "date": "2020-09-11T10:15:04Z",
        "value": "428484.5585756302",
        "cumulative": true
    },
    {
        "date": "2020-09-11T10:15:17Z",
        "value": "432243.9902391434",
        "cumulative": true
    },
    {
        "date": "2020-09-11T10:15:35Z",
        "value": "436885.86925029755",
        "cumulative": true
    },
    {
        "date": "2020-09-11T10:15:49Z",
        "value": "440912.4663705826",
        "cumulative": true
    },
    {
        "date": "2020-09-11T10:16:09Z",
        "value": "446230.04306697845",
        "cumulative": true
    },
    {
        "date": "2020-09-11T10:16:20Z",
        "value": "449107.77911281586",
        "cumulative": true
    },
    {
        "date": "2020-09-11T10:16:40Z",
        "value": "452201.5327272415",
        "cumulative": true
    },
    {
        "date": "2020-09-11T10:16:54Z",
        "value": "453098.3964090347",
        "cumulative": true
    },
    {
        "date": "2020-09-11T10:17:06Z",
        "value": "454006.3918142319",
        "cumulative": true
    },
    {
        "date": "2020-09-11T10:17:21Z",
        "value": "455015.54200458527",
        "cumulative": true
    },
    {
        "date": "2020-09-11T10:17:33Z",
        "value": "455720.5015668869",
        "cumulative": true
    },
    {
        "date": "2020-09-11T10:17:53Z",
        "value": "457027.17358112335",
        "cumulative": true
    },
    {
        "date": "2020-09-11T10:18:11Z",
        "value": "458194.3147611618",
        "cumulative": true
    },
    {
        "date": "2020-09-11T10:18:29Z",
        "value": "459405.9285802841",
        "cumulative": true
    },
    {
        "date": "2020-09-11T10:18:48Z",
        "value": "460542.6952047348",
        "cumulative": true
    },
    {
        "date": "2020-09-11T10:19:06Z",
        "value": "461790.7725496292",
        "cumulative": true
    },
    {
        "date": "2020-09-11T10:19:20Z",
        "value": "462736.73965740204",
        "cumulative": true
    },
    {
        "date": "2020-09-11T10:19:31Z",
        "value": "463447.1732664108",
        "cumulative": true
    },
    {
        "date": "2020-09-11T10:19:51Z",
        "value": "464753.0901594162",
        "cumulative": true
    },
    {
        "date": "2020-09-11T10:20:10Z",
        "value": "465907.4341688156",
        "cumulative": true
    },
    {
        "date": "2020-09-11T10:20:23Z",
        "value": "466780.5570383072",
        "cumulative": true
    },
    {
        "date": "2020-09-11T10:20:37Z",
        "value": "467775.3941373825",
        "cumulative": true
    },
    {
        "date": "2020-09-11T10:20:55Z",
        "value": "468851.7429513931",
        "cumulative": true
    },
    {
        "date": "2020-09-11T10:21:09Z",
        "value": "469793.04051685333",
        "cumulative": true
    },
    {
        "date": "2020-09-11T10:21:23Z",
        "value": "470636.0068216324",
        "cumulative": true
    },
    {
        "date": "2020-09-11T10:21:38Z",
        "value": "471570.44522190094",
        "cumulative": true
    },
    {
        "date": "2020-09-11T10:21:49Z",
        "value": "472304.21375751495",
        "cumulative": true
    },
    {
        "date": "2020-09-11T10:22:03Z",
        "value": "473203.7632379532",
        "cumulative": true
    },
    {
        "date": "2020-09-11T10:22:16Z",
        "value": "474113.6627378464",
        "cumulative": true
    },
    {
        "date": "2020-09-11T10:22:27Z",
        "value": "474831.07365322113",
        "cumulative": true
    },
    {
        "date": "2020-09-11T10:22:39Z",
        "value": "475530.7351961136",
        "cumulative": true
    },
    {
        "date": "2020-09-11T10:22:58Z",
        "value": "476848.9514684677",
        "cumulative": true
    },
    {
        "date": "2020-09-11T10:23:16Z",
        "value": "477952.1983137131",
        "cumulative": true
    },
    {
        "date": "2020-09-11T10:23:35Z",
        "value": "479198.02624988556",
        "cumulative": true
    },
    {
        "date": "2020-09-11T10:23:51Z",
        "value": "480222.69725704193",
        "cumulative": true
    },
    {
        "date": "2020-09-11T10:24:07Z",
        "value": "481286.4849843979",
        "cumulative": true
    },
    {
        "date": "2020-09-11T10:24:25Z",
        "value": "482459.9669942856",
        "cumulative": true
    },
    {
        "date": "2020-09-11T10:24:45Z",
        "value": "483658.75168323517",
        "cumulative": true
    },
    {
        "date": "2020-09-11T10:24:57Z",
        "value": "484573.16438007355",
        "cumulative": true
    }
]