[
    {
        "date": "2020-09-11T09:20:44Z",
        "value": "1.484375",
        "cumulative": false
    },
    {
        "date": "2020-09-11T09:21:01Z",
        "value": "2.9140625",
        "cumulative": false
    },
    {
        "date": "2020-09-11T09:21:17Z",
        "value": "2.9140625",
        "cumulative": false
    },
    {
        "date": "2020-09-11T09:21:35Z",
        "value": "2.9140625",
        "cumulative": false
    },
    {
        "date": "2020-09-11T09:21:51Z",
        "value": "2.9140625",
        "cumulative": false
    },
    {
        "date": "2020-09-11T09:22:05Z",
        "value": "2.9140625",
        "cumulative": false
    },
    {
        "date": "2020-09-11T09:22:29Z",
        "value": "2.9140625",
        "cumulative": false
    },
    {
        "date": "2020-09-11T09:22:40Z",
        "value": "2.9140625",
        "cumulative": false
    },
    {
        "date": "2020-09-11T09:23:01Z",
        "value": "2.9140625",
        "cumulative": false
    },
    {
        "date": "2020-09-11T09:23:18Z",
        "value": "113.1015625",
        "cumulative": false
    },
    {
        "date": "2020-09-11T09:23:31Z",
        "value": "113.16796875",
        "cumulative": false
    },
    {
        "date": "2020-09-11T09:23:47Z",
        "value": "113.359375",
        "cumulative": false
    },
    {
        "date": "2020-09-11T09:24:01Z",
        "value": "115.02734375",
        "cumulative": false
    },
    {
        "date": "2020-09-11T09:24:18Z",
        "value": "120.69140625",
        "cumulative": false
    },
    {
        "date": "2020-09-11T09:24:30Z",
        "value": "121.40234375",
        "cumulative": false
    },
    {
        "date": "2020-09-11T09:24:43Z",
        "value": "123.5859375",
        "cumulative": false
    },
    {
        "date": "2020-09-11T09:24:54Z",
        "value": "126.41015625",
        "cumulative": false
    },
    {
        "date": "2020-09-11T09:25:14Z",
        "value": "143.01953125",
        "cumulative": false
    },
    {
        "date": "2020-09-11T09:25:33Z",
        "value": "150.83984375",
        "cumulative": false
    },
    {
        "date": "2020-09-11T09:25:49Z",
        "value": "145.171875",
        "cumulative": false
    },
    {
        "date": "2020-09-11T09:25:59Z",
        "value": "131.7421875",
        "cumulative": false
    },
    {
        "date": "2020-09-11T09:26:14Z",
        "value": "153.40625",
        "cumulative": false
    },
    {
        "date": "2020-09-11T09:26:31Z",
        "value": "172.2265625",
        "cumulative": false
    },
    {
        "date": "2020-09-11T09:26:43Z",
        "value": "150.515625",
        "cumulative": false
    },
    {
        "date": "2020-09-11T09:26:59Z",
        "value": "186.9921875",
        "cumulative": false
    },
    {
        "date": "2020-09-11T09:27:12Z",
        "value": "163.79296875",
        "cumulative": false
    },
    {
        "date": "2020-09-11T09:27:31Z",
        "value": "175.34765625",
        "cumulative": false
    },
    {
        "date": "2020-09-11T09:27:49Z",
        "value": "205.33984375",
        "cumulative": false
    },
    {
        "date": "2020-09-11T09:28:02Z",
        "value": "176.02734375",
        "cumulative": false
    },
    {
        "date": "2020-09-11T09:28:13Z",
        "value": "176.00390625",
        "cumulative": false
    },
    {
        "date": "2020-09-11T09:28:29Z",
        "value": "175.93359375",
        "cumulative": false
    },
    {
        "date": "2020-09-11T09:28:45Z",
        "value": "154.37890625",
        "cumulative": false
    },
    {
        "date": "2020-09-11T09:29:03Z",
        "value": "172.12890625",
        "cumulative": false
    },
    {
        "date": "2020-09-11T09:29:17Z",
        "value": "154.44140625",
        "cumulative": false
    },
    {
        "date": "2020-09-11T09:29:28Z",
        "value": "172.81640625",
        "cumulative": false
    },
    {
        "date": "2020-09-11T09:29:45Z",
        "value": "191.44140625",
        "cumulative": false
    },
    {
        "date": "2020-09-11T09:29:59Z",
        "value": "222.28125",
        "cumulative": false
    },
    {
        "date": "2020-09-11T09:30:15Z",
        "value": "201.15625",
        "cumulative": false
    },
    {
        "date": "2020-09-11T09:30:33Z",
        "value": "187.52734375",
        "cumulative": false
    },
    {
        "date": "2020-09-11T09:30:50Z",
        "value": "210.8984375",
        "cumulative": false
    },
    {
        "date": "2020-09-11T09:31:07Z",
        "value": "187.4609375",
        "cumulative": false
    },
    {
        "date": "2020-09-11T09:31:22Z",
        "value": "176.546875",
        "cumulative": false
    },
    {
        "date": "2020-09-11T09:31:38Z",
        "value": "176.4921875",
        "cumulative": false
    },
    {
        "date": "2020-09-11T09:31:56Z",
        "value": "176.4765625",
        "cumulative": false
    },
    {
        "date": "2020-09-11T09:32:13Z",
        "value": "146.875",
        "cumulative": false
    },
    {
        "date": "2020-09-11T09:32:33Z",
        "value": "176.3828125",
        "cumulative": false
    },
    {
        "date": "2020-09-11T09:32:46Z",
        "value": "146.875",
        "cumulative": false
    },
    {
        "date": "2020-09-11T09:33:04Z",
        "value": "146.875",
        "cumulative": false
    },
    {
        "date": "2020-09-11T09:33:24Z",
        "value": "192.06640625",
        "cumulative": false
    },
    {
        "date": "2020-09-11T09:33:36Z",
        "value": "192.0390625",
        "cumulative": false
    },
    {
        "date": "2020-09-11T09:33:53Z",
        "value": "192.01171875",
        "cumulative": false
    },
    {
        "date": "2020-09-11T09:34:12Z",
        "value": "164.3984375",
        "cumulative": false
    },
    {
        "date": "2020-09-11T09:34:30Z",
        "value": "185.64453125",
        "cumulative": false
    },
    {
        "date": "2020-09-11T09:34:47Z",
        "value": "154.64453125",
        "cumulative": false
    },
    {
        "date": "2020-09-11T09:34:58Z",
        "value": "154.6484375",
        "cumulative": false
    },
    {
        "date": "2020-09-11T09:35:10Z",
        "value": "154.6484375",
        "cumulative": false
    },
    {
        "date": "2020-09-11T09:35:23Z",
        "value": "206.01953125",
        "cumulative": false
    },
    {
        "date": "2020-09-11T09:35:42Z",
        "value": "265.4375",
        "cumulative": false
    },
    {
        "date": "2020-09-11T09:35:56Z",
        "value": "219.0625",
        "cumulative": false
    },
    {
        "date": "2020-09-11T09:36:15Z",
        "value": "215.78125",
        "cumulative": false
    },
    {
        "date": "2020-09-11T09:36:31Z",
        "value": "211.6875",
        "cumulative": false
    },
    {
        "date": "2020-09-11T09:36:49Z",
        "value": "263.53125",
        "cumulative": false
    },
    {
        "date": "2020-09-11T09:37:00Z",
        "value": "206.109375",
        "cumulative": false
    },
    {
        "date": "2020-09-11T09:37:15Z",
        "value": "164.484375",
        "cumulative": false
    },
    {
        "date": "2020-09-11T09:37:35Z",
        "value": "164.58984375",
        "cumulative": false
    },
    {
        "date": "2020-09-11T09:37:54Z",
        "value": "164.58984375",
        "cumulative": false
    },
    {
        "date": "2020-09-11T09:38:12Z",
        "value": "164.58984375",
        "cumulative": false
    },
    {
        "date": "2020-09-11T09:38:30Z",
        "value": "301.85546875",
        "cumulative": false
    },
    {
        "date": "2020-09-11T09:38:46Z",
        "value": "164.484375",
        "cumulative": false
    },
    {
        "date": "2020-09-11T09:38:59Z",
        "value": "267.859375",
        "cumulative": false
    },
    {
        "date": "2020-09-11T09:39:13Z",
        "value": "236.46875",
        "cumulative": false
    },
    {
        "date": "2020-09-11T09:39:32Z",
        "value": "236.4765625",
        "cumulative": false
    },
    {
        "date": "2020-09-11T09:39:44Z",
        "value": "236.4765625",
        "cumulative": false
    },
    {
        "date": "2020-09-11T09:39:56Z",
        "value": "341.46875",
        "cumulative": false
    },
    {
        "date": "2020-09-11T09:40:09Z",
        "value": "236.5390625",
        "cumulative": false
    },
    {
        "date": "2020-09-11T09:40:20Z",
        "value": "276.7890625",
        "cumulative": false
    },
    {
        "date": "2020-09-11T09:40:35Z",
        "value": "176.9765625",
        "cumulative": false
    },
    {
        "date": "2020-09-11T09:40:49Z",
        "value": "177.109375",
        "cumulative": false
    },
    {
        "date": "2020-09-11T09:41:00Z",
        "value": "176.9140625",
        "cumulative": false
    },
    {
        "date": "2020-09-11T09:41:15Z",
        "value": "177.0",
        "cumulative": false
    },
    {
        "date": "2020-09-11T09:41:28Z",
        "value": "176.91015625",
        "cumulative": false
    },
    {
        "date": "2020-09-11T09:41:41Z",
        "value": "176.91015625",
        "cumulative": false
    },
    {
        "date": "2020-09-11T09:41:53Z",
        "value": "176.91015625",
        "cumulative": false
    },
    {
        "date": "2020-09-11T09:42:10Z",
        "value": "176.9140625",
        "cumulative": false
    },
    {
        "date": "2020-09-11T09:42:21Z",
        "value": "176.91015625",
        "cumulative": false
    },
    {
        "date": "2020-09-11T09:42:32Z",
        "value": "177.109375",
        "cumulative": false
    },
    {
        "date": "2020-09-11T09:42:50Z",
        "value": "288.50390625",
        "cumulative": false
    },
    {
        "date": "2020-09-11T09:43:05Z",
        "value": "379.87890625",
        "cumulative": false
    },
    {
        "date": "2020-09-11T09:43:23Z",
        "value": "281.87890625",
        "cumulative": false
    },
    {
        "date": "2020-09-11T09:43:37Z",
        "value": "267.8515625",
        "cumulative": false
    },
    {
        "date": "2020-09-11T09:43:56Z",
        "value": "278.62890625",
        "cumulative": false
    },
    {
        "date": "2020-09-11T09:44:09Z",
        "value": "267.8515625",
        "cumulative": false
    },
    {
        "date": "2020-09-11T09:44:20Z",
        "value": "267.796875",
        "cumulative": false
    },
    {
        "date": "2020-09-11T09:44:30Z",
        "value": "385.12890625",
        "cumulative": false
    },
    {
        "date": "2020-09-11T09:44:43Z",
        "value": "192.5546875",
        "cumulative": false
    },
    {
        "date": "2020-09-11T09:44:58Z",
        "value": "302.68359375",
        "cumulative": false
    },
    {
        "date": "2020-09-11T09:45:14Z",
        "value": "192.55859375",
        "cumulative": false
    },
    {
        "date": "2020-09-11T09:45:30Z",
        "value": "192.55859375",
        "cumulative": false
    },
    {
        "date": "2020-09-11T09:45:49Z",
        "value": "192.578125",
        "cumulative": false
    },
    {
        "date": "2020-09-11T09:46:02Z",
        "value": "192.578125",
        "cumulative": false
    },
    {
        "date": "2020-09-11T09:46:17Z",
        "value": "388.6796875",
        "cumulative": false
    },
    {
        "date": "2020-09-11T09:46:36Z",
        "value": "349.80859375",
        "cumulative": false
    },
    {
        "date": "2020-09-11T09:46:49Z",
        "value": "192.5546875",
        "cumulative": false
    },
    {
        "date": "2020-09-11T09:47:01Z",
        "value": "192.578125",
        "cumulative": false
    },
    {
        "date": "2020-09-11T09:47:17Z",
        "value": "192.5546875",
        "cumulative": false
    },
    {
        "date": "2020-09-11T09:47:32Z",
        "value": "192.578125",
        "cumulative": false
    },
    {
        "date": "2020-09-11T09:47:43Z",
        "value": "192.578125",
        "cumulative": false
    },
    {
        "date": "2020-09-11T09:47:57Z",
        "value": "307.35546875",
        "cumulative": false
    },
    {
        "date": "2020-09-11T09:48:07Z",
        "value": "307.25",
        "cumulative": false
    },
    {
        "date": "2020-09-11T09:48:23Z",
        "value": "345.625",
        "cumulative": false
    },
    {
        "date": "2020-09-11T09:48:34Z",
        "value": "307.25390625",
        "cumulative": false
    },
    {
        "date": "2020-09-11T09:48:45Z",
        "value": "464.12890625",
        "cumulative": false
    },
    {
        "date": "2020-09-11T09:49:04Z",
        "value": "307.25",
        "cumulative": false
    },
    {
        "date": "2020-09-11T09:49:15Z",
        "value": "307.359375",
        "cumulative": false
    },
    {
        "date": "2020-09-11T09:49:34Z",
        "value": "307.25390625",
        "cumulative": false
    },
    {
        "date": "2020-09-11T09:49:53Z",
        "value": "307.25390625",
        "cumulative": false
    },
    {
        "date": "2020-09-11T09:50:07Z",
        "value": "212.38671875",
        "cumulative": false
    },
    {
        "date": "2020-09-11T09:50:21Z",
        "value": "457.9296875",
        "cumulative": false
    },
    {
        "date": "2020-09-11T09:50:35Z",
        "value": "212.3046875",
        "cumulative": false
    },
    {
        "date": "2020-09-11T09:50:46Z",
        "value": "364.9296875",
        "cumulative": false
    },
    {
        "date": "2020-09-11T09:51:00Z",
        "value": "212.31640625",
        "cumulative": false
    },
    {
        "date": "2020-09-11T09:51:12Z",
        "value": "308.5546875",
        "cumulative": false
    },
    {
        "date": "2020-09-11T09:51:26Z",
        "value": "212.33203125",
        "cumulative": false
    },
    {
        "date": "2020-09-11T09:51:44Z",
        "value": "212.30859375",
        "cumulative": false
    },
    {
        "date": "2020-09-11T09:52:01Z",
        "value": "212.34375",
        "cumulative": false
    },
    {
        "date": "2020-09-11T09:52:11Z",
        "value": "212.34375",
        "cumulative": false
    },
    {
        "date": "2020-09-11T09:52:22Z",
        "value": "212.34375",
        "cumulative": false
    },
    {
        "date": "2020-09-11T09:52:39Z",
        "value": "471.3046875",
        "cumulative": false
    },
    {
        "date": "2020-09-11T09:52:57Z",
        "value": "478.93359375",
        "cumulative": false
    },
    {
        "date": "2020-09-11T09:53:09Z",
        "value": "475.9296875",
        "cumulative": false
    },
    {
        "date": "2020-09-11T09:53:20Z",
        "value": "212.30859375",
        "cumulative": false
    },
    {
        "date": "2020-09-11T09:53:38Z",
        "value": "212.34375",
        "cumulative": false
    },
    {
        "date": "2020-09-11T09:53:53Z",
        "value": "212.3046875",
        "cumulative": false
    },
    {
        "date": "2020-09-11T09:54:04Z",
        "value": "212.3046875",
        "cumulative": false
    },
    {
        "date": "2020-09-11T09:54:20Z",
        "value": "355.72265625",
        "cumulative": false
    },
    {
        "date": "2020-09-11T09:54:36Z",
        "value": "573.0078125",
        "cumulative": false
    },
    {
        "date": "2020-09-11T09:54:49Z",
        "value": "394.01953125",
        "cumulative": false
    },
    {
        "date": "2020-09-11T09:55:09Z",
        "value": "504.01953125",
        "cumulative": false
    },
    {
        "date": "2020-09-11T09:55:28Z",
        "value": "396.890625",
        "cumulative": false
    },
    {
        "date": "2020-09-11T09:55:46Z",
        "value": "357.2578125",
        "cumulative": false
    },
    {
        "date": "2020-09-11T09:56:05Z",
        "value": "357.2578125",
        "cumulative": false
    },
    {
        "date": "2020-09-11T09:56:15Z",
        "value": "357.2578125",
        "cumulative": false
    },
    {
        "date": "2020-09-11T09:56:34Z",
        "value": "357.2578125",
        "cumulative": false
    },
    {
        "date": "2020-09-11T09:56:51Z",
        "value": "357.14453125",
        "cumulative": false
    },
    {
        "date": "2020-09-11T09:57:08Z",
        "value": "237.265625",
        "cumulative": false
    },
    {
        "date": "2020-09-11T09:57:21Z",
        "value": "237.3203125",
        "cumulative": false
    },
    {
        "date": "2020-09-11T09:57:32Z",
        "value": "237.265625",
        "cumulative": false
    },
    {
        "date": "2020-09-11T09:57:49Z",
        "value": "447.265625",
        "cumulative": false
    },
    {
        "date": "2020-09-11T09:57:59Z",
        "value": "237.375",
        "cumulative": false
    },
    {
        "date": "2020-09-11T09:58:15Z",
        "value": "237.3203125",
        "cumulative": false
    },
    {
        "date": "2020-09-11T09:58:25Z",
        "value": "237.265625",
        "cumulative": false
    },
    {
        "date": "2020-09-11T09:58:40Z",
        "value": "237.265625",
        "cumulative": false
    },
    {
        "date": "2020-09-11T09:59:00Z",
        "value": "237.265625",
        "cumulative": false
    },
    {
        "date": "2020-09-11T09:59:17Z",
        "value": "237.265625",
        "cumulative": false
    },
    {
        "date": "2020-09-11T09:59:28Z",
        "value": "237.265625",
        "cumulative": false
    },
    {
        "date": "2020-09-11T09:59:41Z",
        "value": "237.375",
        "cumulative": false
    },
    {
        "date": "2020-09-11T09:59:59Z",
        "value": "237.265625",
        "cumulative": false
    },
    {
        "date": "2020-09-11T10:00:12Z",
        "value": "509.015625",
        "cumulative": false
    },
    {
        "date": "2020-09-11T10:00:25Z",
        "value": "526.640625",
        "cumulative": false
    },
    {
        "date": "2020-09-11T10:00:42Z",
        "value": "237.265625",
        "cumulative": false
    },
    {
        "date": "2020-09-11T10:00:54Z",
        "value": "356.890625",
        "cumulative": false
    },
    {
        "date": "2020-09-11T10:01:13Z",
        "value": "529.015625",
        "cumulative": false
    },
    {
        "date": "2020-09-11T10:01:27Z",
        "value": "237.265625",
        "cumulative": false
    },
    {
        "date": "2020-09-11T10:01:45Z",
        "value": "496.265625",
        "cumulative": false
    },
    {
        "date": "2020-09-11T10:01:56Z",
        "value": "237.265625",
        "cumulative": false
    },
    {
        "date": "2020-09-11T10:02:12Z",
        "value": "237.265625",
        "cumulative": false
    },
    {
        "date": "2020-09-11T10:02:31Z",
        "value": "420.10546875",
        "cumulative": false
    },
    {
        "date": "2020-09-11T10:02:44Z",
        "value": "420.10546875",
        "cumulative": false
    },
    {
        "date": "2020-09-11T10:02:55Z",
        "value": "420.1328125",
        "cumulative": false
    },
    {
        "date": "2020-09-11T10:03:07Z",
        "value": "420.1328125",
        "cumulative": false
    },
    {
        "date": "2020-09-11T10:03:22Z",
        "value": "420.10546875",
        "cumulative": false
    },
    {
        "date": "2020-09-11T10:03:36Z",
        "value": "420.10546875",
        "cumulative": false
    },
    {
        "date": "2020-09-11T10:03:47Z",
        "value": "420.10546875",
        "cumulative": false
    },
    {
        "date": "2020-09-11T10:04:04Z",
        "value": "473.73046875",
        "cumulative": false
    },
    {
        "date": "2020-09-11T10:04:23Z",
        "value": "577.23046875",
        "cumulative": false
    },
    {
        "date": "2020-09-11T10:04:37Z",
        "value": "420.10546875",
        "cumulative": false
    },
    {
        "date": "2020-09-11T10:04:56Z",
        "value": "420.10546875",
        "cumulative": false
    },
    {
        "date": "2020-09-11T10:05:06Z",
        "value": "420.1328125",
        "cumulative": false
    },
    {
        "date": "2020-09-11T10:05:26Z",
        "value": "655.48046875",
        "cumulative": false
    },
    {
        "date": "2020-09-11T10:05:36Z",
        "value": "268.7421875",
        "cumulative": false
    },
    {
        "date": "2020-09-11T10:05:54Z",
        "value": "460.8671875",
        "cumulative": false
    },
    {
        "date": "2020-09-11T10:06:06Z",
        "value": "268.91015625",
        "cumulative": false
    },
    {
        "date": "2020-09-11T10:06:24Z",
        "value": "268.7421875",
        "cumulative": false
    },
    {
        "date": "2020-09-11T10:06:43Z",
        "value": "268.84375",
        "cumulative": false
    },
    {
        "date": "2020-09-11T10:07:00Z",
        "value": "268.74609375",
        "cumulative": false
    },
    {
        "date": "2020-09-11T10:07:12Z",
        "value": "268.7421875",
        "cumulative": false
    },
    {
        "date": "2020-09-11T10:07:25Z",
        "value": "268.74609375",
        "cumulative": false
    },
    {
        "date": "2020-09-11T10:07:39Z",
        "value": "268.74609375",
        "cumulative": false
    },
    {
        "date": "2020-09-11T10:07:50Z",
        "value": "268.74609375",
        "cumulative": false
    },
    {
        "date": "2020-09-11T10:08:05Z",
        "value": "268.74609375",
        "cumulative": false
    },
    {
        "date": "2020-09-11T10:08:20Z",
        "value": "640.1171875",
        "cumulative": false
    },
    {
        "date": "2020-09-11T10:08:39Z",
        "value": "268.74609375",
        "cumulative": false
    },
    {
        "date": "2020-09-11T10:08:55Z",
        "value": "268.74609375",
        "cumulative": false
    },
    {
        "date": "2020-09-11T10:09:08Z",
        "value": "543.7421875",
        "cumulative": false
    },
    {
        "date": "2020-09-11T10:09:19Z",
        "value": "268.74609375",
        "cumulative": false
    },
    {
        "date": "2020-09-11T10:09:37Z",
        "value": "582.49609375",
        "cumulative": false
    },
    {
        "date": "2020-09-11T10:09:53Z",
        "value": "694.74609375",
        "cumulative": false
    },
    {
        "date": "2020-09-11T10:10:04Z",
        "value": "268.7421875",
        "cumulative": false
    },
    {
        "date": "2020-09-11T10:10:17Z",
        "value": "383.74609375",
        "cumulative": false
    },
    {
        "date": "2020-09-11T10:10:34Z",
        "value": "268.78515625",
        "cumulative": false
    },
    {
        "date": "2020-09-11T10:10:48Z",
        "value": "268.74609375",
        "cumulative": false
    },
    {
        "date": "2020-09-11T10:11:01Z",
        "value": "268.7421875",
        "cumulative": false
    },
    {
        "date": "2020-09-11T10:11:13Z",
        "value": "268.74609375",
        "cumulative": false
    },
    {
        "date": "2020-09-11T10:11:28Z",
        "value": "268.78515625",
        "cumulative": false
    },
    {
        "date": "2020-09-11T10:11:43Z",
        "value": "268.78515625",
        "cumulative": false
    },
    {
        "date": "2020-09-11T10:11:55Z",
        "value": "607.24609375",
        "cumulative": false
    },
    {
        "date": "2020-09-11T10:12:07Z",
        "value": "566.6171875",
        "cumulative": false
    },
    {
        "date": "2020-09-11T10:12:20Z",
        "value": "499.59765625",
        "cumulative": false
    },
    {
        "date": "2020-09-11T10:12:38Z",
        "value": "871.84765625",
        "cumulative": false
    },
    {
        "date": "2020-09-11T10:12:53Z",
        "value": "499.6015625",
        "cumulative": false
    },
    {
        "date": "2020-09-11T10:13:06Z",
        "value": "499.59765625",
        "cumulative": false
    },
    {
        "date": "2020-09-11T10:13:18Z",
        "value": "499.6328125",
        "cumulative": false
    },
    {
        "date": "2020-09-11T10:13:34Z",
        "value": "499.6015625",
        "cumulative": false
    },
    {
        "date": "2020-09-11T10:13:44Z",
        "value": "499.6015625",
        "cumulative": false
    },
    {
        "date": "2020-09-11T10:14:02Z",
        "value": "499.59765625",
        "cumulative": false
    },
    {
        "date": "2020-09-11T10:14:20Z",
        "value": "499.6328125",
        "cumulative": false
    },
    {
        "date": "2020-09-11T10:14:39Z",
        "value": "568.2265625",
        "cumulative": false
    },
    {
        "date": "2020-09-11T10:14:50Z",
        "value": "691.8515625",
        "cumulative": false
    },
    {
        "date": "2020-09-11T10:15:03Z",
        "value": "837.22265625",
        "cumulative": false
    },
    {
        "date": "2020-09-11T10:15:20Z",
        "value": "505.015625",
        "cumulative": false
    },
    {
        "date": "2020-09-11T10:15:33Z",
        "value": "499.6015625",
        "cumulative": false
    },
    {
        "date": "2020-09-11T10:15:44Z",
        "value": "646.3515625",
        "cumulative": false
    },
    {
        "date": "2020-09-11T10:15:56Z",
        "value": "806.34765625",
        "cumulative": false
    },
    {
        "date": "2020-09-11T10:16:14Z",
        "value": "499.6015625",
        "cumulative": false
    },
    {
        "date": "2020-09-11T10:16:25Z",
        "value": "499.6015625",
        "cumulative": false
    },
    {
        "date": "2020-09-11T10:16:42Z",
        "value": "308.54296875",
        "cumulative": false
    },
    {
        "date": "2020-09-11T10:16:58Z",
        "value": "308.4921875",
        "cumulative": false
    },
    {
        "date": "2020-09-11T10:17:12Z",
        "value": "870.3671875",
        "cumulative": false
    },
    {
        "date": "2020-09-11T10:17:23Z",
        "value": "308.54296875",
        "cumulative": false
    },
    {
        "date": "2020-09-11T10:17:40Z",
        "value": "308.4921875",
        "cumulative": false
    },
    {
        "date": "2020-09-11T10:17:59Z",
        "value": "308.4921875",
        "cumulative": false
    },
    {
        "date": "2020-09-11T10:18:19Z",
        "value": "308.54296875",
        "cumulative": false
    },
    {
        "date": "2020-09-11T10:18:33Z",
        "value": "397.4921875",
        "cumulative": false
    },
    {
        "date": "2020-09-11T10:18:44Z",
        "value": "783.2421875",
        "cumulative": false
    },
    {
        "date": "2020-09-11T10:19:02Z",
        "value": "308.4921875",
        "cumulative": false
    },
    {
        "date": "2020-09-11T10:19:13Z",
        "value": "317.6171875",
        "cumulative": false
    },
    {
        "date": "2020-09-11T10:19:27Z",
        "value": "308.49609375",
        "cumulative": false
    },
    {
        "date": "2020-09-11T10:19:38Z",
        "value": "308.49609375",
        "cumulative": false
    },
    {
        "date": "2020-09-11T10:19:48Z",
        "value": "308.49609375",
        "cumulative": false
    },
    {
        "date": "2020-09-11T10:19:58Z",
        "value": "308.49609375",
        "cumulative": false
    },
    {
        "date": "2020-09-11T10:20:10Z",
        "value": "308.49609375",
        "cumulative": false
    },
    {
        "date": "2020-09-11T10:20:23Z",
        "value": "308.54296875",
        "cumulative": false
    },
    {
        "date": "2020-09-11T10:20:41Z",
        "value": "308.49609375",
        "cumulative": false
    },
    {
        "date": "2020-09-11T10:20:54Z",
        "value": "308.4921875",
        "cumulative": false
    },
    {
        "date": "2020-09-11T10:21:12Z",
        "value": "308.49609375",
        "cumulative": false
    },
    {
        "date": "2020-09-11T10:21:32Z",
        "value": "308.49609375",
        "cumulative": false
    },
    {
        "date": "2020-09-11T10:21:44Z",
        "value": "308.49609375",
        "cumulative": false
    },
    {
        "date": "2020-09-11T10:22:00Z",
        "value": "308.4921875",
        "cumulative": false
    },
    {
        "date": "2020-09-11T10:22:19Z",
        "value": "308.4921875",
        "cumulative": false
    },
    {
        "date": "2020-09-11T10:22:36Z",
        "value": "308.49609375",
        "cumulative": false
    },
    {
        "date": "2020-09-11T10:22:54Z",
        "value": "308.49609375",
        "cumulative": false
    },
    {
        "date": "2020-09-11T10:23:09Z",
        "value": "634.74609375",
        "cumulative": false
    },
    {
        "date": "2020-09-11T10:23:24Z",
        "value": "800.3671875",
        "cumulative": false
    },
    {
        "date": "2020-09-11T10:23:42Z",
        "value": "308.4921875",
        "cumulative": false
    },
    {
        "date": "2020-09-11T10:23:55Z",
        "value": "723.4921875",
        "cumulative": false
    },
    {
        "date": "2020-09-11T10:24:08Z",
        "value": "308.49609375",
        "cumulative": false
    },
    {
        "date": "2020-09-11T10:24:23Z",
        "value": "308.4921875",
        "cumulative": false
    },
    {
        "date": "2020-09-11T10:24:36Z",
        "value": "320.3671875",
        "cumulative": false
    },
    {
        "date": "2020-09-11T10:24:49Z",
        "value": "308.49609375",
        "cumulative": false
    },
    {
        "date": "2020-09-11T10:25:07Z",
        "value": "308.4921875",
        "cumulative": false
    }
]