[
    {
        "date": "2020-09-11T09:20:57Z",
        "value": "0.0009593963623046875",
        "cumulative": true
    },
    {
        "date": "2020-09-11T09:21:07Z",
        "value": "0.0009593963623046875",
        "cumulative": true
    },
    {
        "date": "2020-09-11T09:21:26Z",
        "value": "0.0009593963623046875",
        "cumulative": true
    },
    {
        "date": "2020-09-11T09:21:41Z",
        "value": "0.0009593963623046875",
        "cumulative": true
    },
    {
        "date": "2020-09-11T09:21:58Z",
        "value": "0.0009593963623046875",
        "cumulative": true
    },
    {
        "date": "2020-09-11T09:22:10Z",
        "value": "0.0009593963623046875",
        "cumulative": true
    },
    {
        "date": "2020-09-11T09:22:31Z",
        "value": "0.0009593963623046875",
        "cumulative": true
    },
    {
        "date": "2020-09-11T09:22:42Z",
        "value": "0.0009593963623046875",
        "cumulative": true
    },
    {
        "date": "2020-09-11T09:22:59Z",
        "value": "0.0009593963623046875",
        "cumulative": true
    },
    {
        "date": "2020-09-11T09:23:13Z",
        "value": "7.232071876525879",
        "cumulative": true
    },
    {
        "date": "2020-09-11T09:23:24Z",
        "value": "30.525081634521484",
        "cumulative": true
    },
    {
        "date": "2020-09-11T09:23:40Z",
        "value": "77.87865829467773",
        "cumulative": true
    },
    {
        "date": "2020-09-11T09:23:51Z",
        "value": "243.33715915679932",
        "cumulative": true
    },
    {
        "date": "2020-09-11T09:24:11Z",
        "value": "1728.6699047088623",
        "cumulative": true
    },
    {
        "date": "2020-09-11T09:24:29Z",
        "value": "3856.034677505493",
        "cumulative": true
    },
    {
        "date": "2020-09-11T09:24:44Z",
        "value": "5722.032979011536",
        "cumulative": true
    },
    {
        "date": "2020-09-11T09:25:04Z",
        "value": "8674.229131698608",
        "cumulative": true
    },
    {
        "date": "2020-09-11T09:25:17Z",
        "value": "10278.08968448639",
        "cumulative": true
    },
    {
        "date": "2020-09-11T09:25:31Z",
        "value": "11727.818134307861",
        "cumulative": true
    },
    {
        "date": "2020-09-11T09:25:47Z",
        "value": "14322.418013572693",
        "cumulative": true
    },
    {
        "date": "2020-09-11T09:25:58Z",
        "value": "15897.471261024475",
        "cumulative": true
    },
    {
        "date": "2020-09-11T09:26:18Z",
        "value": "18297.878105163574",
        "cumulative": true
    },
    {
        "date": "2020-09-11T09:26:37Z",
        "value": "22060.090299606323",
        "cumulative": true
    },
    {
        "date": "2020-09-11T09:26:50Z",
        "value": "22953.903244018555",
        "cumulative": true
    },
    {
        "date": "2020-09-11T09:27:07Z",
        "value": "26191.524264335632",
        "cumulative": true
    },
    {
        "date": "2020-09-11T09:27:19Z",
        "value": "28013.690123558044",
        "cumulative": true
    },
    {
        "date": "2020-09-11T09:27:33Z",
        "value": "28998.08611011505",
        "cumulative": true
    },
    {
        "date": "2020-09-11T09:27:47Z",
        "value": "31050.669545173645",
        "cumulative": true
    },
    {
        "date": "2020-09-11T09:28:04Z",
        "value": "35064.28515815735",
        "cumulative": true
    },
    {
        "date": "2020-09-11T09:28:19Z",
        "value": "36120.826360702515",
        "cumulative": true
    },
    {
        "date": "2020-09-11T09:28:34Z",
        "value": "37213.153495788574",
        "cumulative": true
    },
    {
        "date": "2020-09-11T09:28:51Z",
        "value": "41014.51756668091",
        "cumulative": true
    },
    {
        "date": "2020-09-11T09:29:03Z",
        "value": "43931.56573963165",
        "cumulative": true
    },
    {
        "date": "2020-09-11T09:29:16Z",
        "value": "44778.923562049866",
        "cumulative": true
    },
    {
        "date": "2020-09-11T09:29:35Z",
        "value": "46041.13129520416",
        "cumulative": true
    },
    {
        "date": "2020-09-11T09:29:50Z",
        "value": "47083.80518627167",
        "cumulative": true
    },
    {
        "date": "2020-09-11T09:30:06Z",
        "value": "51442.58441448212",
        "cumulative": true
    },
    {
        "date": "2020-09-11T09:30:25Z",
        "value": "55667.91177082062",
        "cumulative": true
    },
    {
        "date": "2020-09-11T09:30:43Z",
        "value": "56908.94387340546",
        "cumulative": true
    },
    {
        "date": "2020-09-11T09:30:59Z",
        "value": "58003.16412448883",
        "cumulative": true
    },
    {
        "date": "2020-09-11T09:31:14Z",
        "value": "59026.77407550812",
        "cumulative": true
    },
    {
        "date": "2020-09-11T09:31:30Z",
        "value": "61961.86118030548",
        "cumulative": true
    },
    {
        "date": "2020-09-11T09:31:45Z",
        "value": "66068.19252109528",
        "cumulative": true
    },
    {
        "date": "2020-09-11T09:31:57Z",
        "value": "69108.41960811615",
        "cumulative": true
    },
    {
        "date": "2020-09-11T09:32:15Z",
        "value": "70980.92495059967",
        "cumulative": true
    },
    {
        "date": "2020-09-11T09:32:29Z",
        "value": "71883.57804203033",
        "cumulative": true
    },
    {
        "date": "2020-09-11T09:32:46Z",
        "value": "73086.01240444183",
        "cumulative": true
    },
    {
        "date": "2020-09-11T09:33:01Z",
        "value": "74092.69350528717",
        "cumulative": true
    },
    {
        "date": "2020-09-11T09:33:20Z",
        "value": "75911.18782997131",
        "cumulative": true
    },
    {
        "date": "2020-09-11T09:33:37Z",
        "value": "80381.73457145691",
        "cumulative": true
    },
    {
        "date": "2020-09-11T09:33:49Z",
        "value": "83570.2531375885",
        "cumulative": true
    },
    {
        "date": "2020-09-11T09:34:03Z",
        "value": "87458.15073013306",
        "cumulative": true
    },
    {
        "date": "2020-09-11T09:34:20Z",
        "value": "89189.86201763153",
        "cumulative": true
    },
    {
        "date": "2020-09-11T09:34:34Z",
        "value": "90102.69178295135",
        "cumulative": true
    },
    {
        "date": "2020-09-11T09:34:47Z",
        "value": "90935.74913692474",
        "cumulative": true
    },
    {
        "date": "2020-09-11T09:35:01Z",
        "value": "91866.39095020294",
        "cumulative": true
    },
    {
        "date": "2020-09-11T09:35:19Z",
        "value": "93077.5047044754",
        "cumulative": true
    },
    {
        "date": "2020-09-11T09:35:31Z",
        "value": "93852.13490772247",
        "cumulative": true
    },
    {
        "date": "2020-09-11T09:35:42Z",
        "value": "94615.69016170502",
        "cumulative": true
    },
    {
        "date": "2020-09-11T09:35:59Z",
        "value": "98218.83089256287",
        "cumulative": true
    },
    {
        "date": "2020-09-11T09:36:11Z",
        "value": "101184.89625167847",
        "cumulative": true
    },
    {
        "date": "2020-09-11T09:36:24Z",
        "value": "104363.85231018066",
        "cumulative": true
    },
    {
        "date": "2020-09-11T09:36:43Z",
        "value": "109490.36592674255",
        "cumulative": true
    },
    {
        "date": "2020-09-11T09:37:02Z",
        "value": "112234.14757061005",
        "cumulative": true
    },
    {
        "date": "2020-09-11T09:37:17Z",
        "value": "113221.62548542023",
        "cumulative": true
    },
    {
        "date": "2020-09-11T09:37:33Z",
        "value": "114299.27982997894",
        "cumulative": true
    },
    {
        "date": "2020-09-11T09:37:52Z",
        "value": "115551.96777248383",
        "cumulative": true
    },
    {
        "date": "2020-09-11T09:38:05Z",
        "value": "116403.46923923492",
        "cumulative": true
    },
    {
        "date": "2020-09-11T09:38:15Z",
        "value": "117059.73330020905",
        "cumulative": true
    },
    {
        "date": "2020-09-11T09:38:35Z",
        "value": "118361.94695186615",
        "cumulative": true
    },
    {
        "date": "2020-09-11T09:38:48Z",
        "value": "119220.45755290985",
        "cumulative": true
    },
    {
        "date": "2020-09-11T09:39:04Z",
        "value": "121877.05289840698",
        "cumulative": true
    },
    {
        "date": "2020-09-11T09:39:21Z",
        "value": "126492.1925315857",
        "cumulative": true
    },
    {
        "date": "2020-09-11T09:39:35Z",
        "value": "130193.30060005188",
        "cumulative": true
    },
    {
        "date": "2020-09-11T09:39:47Z",
        "value": "133102.7972316742",
        "cumulative": true
    },
    {
        "date": "2020-09-11T09:40:05Z",
        "value": "137804.6543598175",
        "cumulative": true
    },
    {
        "date": "2020-09-11T09:40:24Z",
        "value": "141344.92658138275",
        "cumulative": true
    },
    {
        "date": "2020-09-11T09:40:36Z",
        "value": "142121.78506183624",
        "cumulative": true
    },
    {
        "date": "2020-09-11T09:40:54Z",
        "value": "143346.10202503204",
        "cumulative": true
    },
    {
        "date": "2020-09-11T09:41:08Z",
        "value": "144264.08782863617",
        "cumulative": true
    },
    {
        "date": "2020-09-11T09:41:23Z",
        "value": "145194.47836971283",
        "cumulative": true
    },
    {
        "date": "2020-09-11T09:41:33Z",
        "value": "145905.7525434494",
        "cumulative": true
    },
    {
        "date": "2020-09-11T09:41:45Z",
        "value": "146664.13845539093",
        "cumulative": true
    },
    {
        "date": "2020-09-11T09:41:58Z",
        "value": "147509.02766895294",
        "cumulative": true
    },
    {
        "date": "2020-09-11T09:42:10Z",
        "value": "148319.08990383148",
        "cumulative": true
    },
    {
        "date": "2020-09-11T09:42:23Z",
        "value": "149152.10373401642",
        "cumulative": true
    },
    {
        "date": "2020-09-11T09:42:36Z",
        "value": "150004.326212883",
        "cumulative": true
    },
    {
        "date": "2020-09-11T09:42:50Z",
        "value": "150917.80181598663",
        "cumulative": true
    },
    {
        "date": "2020-09-11T09:43:03Z",
        "value": "153330.65628242493",
        "cumulative": true
    },
    {
        "date": "2020-09-11T09:43:15Z",
        "value": "156081.65231323242",
        "cumulative": true
    },
    {
        "date": "2020-09-11T09:43:31Z",
        "value": "160773.9206314087",
        "cumulative": true
    },
    {
        "date": "2020-09-11T09:43:43Z",
        "value": "163885.2410182953",
        "cumulative": true
    },
    {
        "date": "2020-09-11T09:43:55Z",
        "value": "166864.84016036987",
        "cumulative": true
    },
    {
        "date": "2020-09-11T09:44:12Z",
        "value": "171635.12767982483",
        "cumulative": true
    },
    {
        "date": "2020-09-11T09:44:22Z",
        "value": "174545.85926437378",
        "cumulative": true
    },
    {
        "date": "2020-09-11T09:44:34Z",
        "value": "177731.40256404877",
        "cumulative": true
    },
    {
        "date": "2020-09-11T09:44:47Z",
        "value": "178556.62284374237",
        "cumulative": true
    },
    {
        "date": "2020-09-11T09:44:59Z",
        "value": "179317.21865177155",
        "cumulative": true
    },
    {
        "date": "2020-09-11T09:45:15Z",
        "value": "180391.9330625534",
        "cumulative": true
    },
    {
        "date": "2020-09-11T09:45:33Z",
        "value": "181561.22929477692",
        "cumulative": true
    },
    {
        "date": "2020-09-11T09:45:43Z",
        "value": "182225.9355020523",
        "cumulative": true
    },
    {
        "date": "2020-09-11T09:45:59Z",
        "value": "183278.69553089142",
        "cumulative": true
    },
    {
        "date": "2020-09-11T09:46:17Z",
        "value": "184396.3137178421",
        "cumulative": true
    },
    {
        "date": "2020-09-11T09:46:34Z",
        "value": "185524.83209705353",
        "cumulative": true
    },
    {
        "date": "2020-09-11T09:46:51Z",
        "value": "186623.18812656403",
        "cumulative": true
    },
    {
        "date": "2020-09-11T09:47:05Z",
        "value": "187524.79882335663",
        "cumulative": true
    },
    {
        "date": "2020-09-11T09:47:19Z",
        "value": "188448.24463367462",
        "cumulative": true
    },
    {
        "date": "2020-09-11T09:47:38Z",
        "value": "189754.7581205368",
        "cumulative": true
    },
    {
        "date": "2020-09-11T09:47:53Z",
        "value": "190726.81085300446",
        "cumulative": true
    },
    {
        "date": "2020-09-11T09:48:06Z",
        "value": "193546.56473350525",
        "cumulative": true
    },
    {
        "date": "2020-09-11T09:48:19Z",
        "value": "196925.75281333923",
        "cumulative": true
    },
    {
        "date": "2020-09-11T09:48:33Z",
        "value": "200597.04642868042",
        "cumulative": true
    },
    {
        "date": "2020-09-11T09:48:48Z",
        "value": "204194.04428863525",
        "cumulative": true
    },
    {
        "date": "2020-09-11T09:49:06Z",
        "value": "209140.257106781",
        "cumulative": true
    },
    {
        "date": "2020-09-11T09:49:20Z",
        "value": "212740.19512367249",
        "cumulative": true
    },
    {
        "date": "2020-09-11T09:49:32Z",
        "value": "216274.48510169983",
        "cumulative": true
    },
    {
        "date": "2020-09-11T09:49:51Z",
        "value": "221040.03150558472",
        "cumulative": true
    },
    {
        "date": "2020-09-11T09:50:07Z",
        "value": "224553.80798625946",
        "cumulative": true
    },
    {
        "date": "2020-09-11T09:50:21Z",
        "value": "225390.20271778107",
        "cumulative": true
    },
    {
        "date": "2020-09-11T09:50:39Z",
        "value": "226579.94434452057",
        "cumulative": true
    },
    {
        "date": "2020-09-11T09:50:58Z",
        "value": "227745.0586194992",
        "cumulative": true
    },
    {
        "date": "2020-09-11T09:51:09Z",
        "value": "228476.70474910736",
        "cumulative": true
    },
    {
        "date": "2020-09-11T09:51:19Z",
        "value": "229138.27284908295",
        "cumulative": true
    },
    {
        "date": "2020-09-11T09:51:35Z",
        "value": "230226.78209590912",
        "cumulative": true
    },
    {
        "date": "2020-09-11T09:51:55Z",
        "value": "231454.31320285797",
        "cumulative": true
    },
    {
        "date": "2020-09-11T09:52:14Z",
        "value": "232756.1202135086",
        "cumulative": true
    },
    {
        "date": "2020-09-11T09:52:27Z",
        "value": "233590.73766422272",
        "cumulative": true
    },
    {
        "date": "2020-09-11T09:52:45Z",
        "value": "234786.1794462204",
        "cumulative": true
    },
    {
        "date": "2020-09-11T09:52:58Z",
        "value": "235603.54018688202",
        "cumulative": true
    },
    {
        "date": "2020-09-11T09:53:10Z",
        "value": "236436.84374904633",
        "cumulative": true
    },
    {
        "date": "2020-09-11T09:53:28Z",
        "value": "237586.14074230194",
        "cumulative": true
    },
    {
        "date": "2020-09-11T09:53:38Z",
        "value": "238251.60845279694",
        "cumulative": true
    },
    {
        "date": "2020-09-11T09:53:52Z",
        "value": "239238.2098455429",
        "cumulative": true
    },
    {
        "date": "2020-09-11T09:54:08Z",
        "value": "240278.93430805206",
        "cumulative": true
    },
    {
        "date": "2020-09-11T09:54:27Z",
        "value": "242833.1019191742",
        "cumulative": true
    },
    {
        "date": "2020-09-11T09:54:40Z",
        "value": "246261.46207618713",
        "cumulative": true
    },
    {
        "date": "2020-09-11T09:54:56Z",
        "value": "250160.15231323242",
        "cumulative": true
    },
    {
        "date": "2020-09-11T09:55:08Z",
        "value": "253563.09012413025",
        "cumulative": true
    },
    {
        "date": "2020-09-11T09:55:24Z",
        "value": "257993.26786994934",
        "cumulative": true
    },
    {
        "date": "2020-09-11T09:55:40Z",
        "value": "262618.54574775696",
        "cumulative": true
    },
    {
        "date": "2020-09-11T09:55:53Z",
        "value": "265999.04390335083",
        "cumulative": true
    },
    {
        "date": "2020-09-11T09:56:11Z",
        "value": "270529.20753860474",
        "cumulative": true
    },
    {
        "date": "2020-09-11T09:56:23Z",
        "value": "273601.3042564392",
        "cumulative": true
    },
    {
        "date": "2020-09-11T09:56:39Z",
        "value": "277946.14818573",
        "cumulative": true
    },
    {
        "date": "2020-09-11T09:56:55Z",
        "value": "282376.68013191223",
        "cumulative": true
    },
    {
        "date": "2020-09-11T09:57:09Z",
        "value": "283989.4404821396",
        "cumulative": true
    },
    {
        "date": "2020-09-11T09:57:23Z",
        "value": "284889.49321842194",
        "cumulative": true
    },
    {
        "date": "2020-09-11T09:57:38Z",
        "value": "285932.293759346",
        "cumulative": true
    },
    {
        "date": "2020-09-11T09:57:58Z",
        "value": "287244.28903865814",
        "cumulative": true
    },
    {
        "date": "2020-09-11T09:58:17Z",
        "value": "288575.34316921234",
        "cumulative": true
    },
    {
        "date": "2020-09-11T09:58:27Z",
        "value": "289213.6172628403",
        "cumulative": true
    },
    {
        "date": "2020-09-11T09:58:47Z",
        "value": "290524.97664928436",
        "cumulative": true
    },
    {
        "date": "2020-09-11T09:59:02Z",
        "value": "291536.55904102325",
        "cumulative": true
    },
    {
        "date": "2020-09-11T09:59:15Z",
        "value": "292370.4316453934",
        "cumulative": true
    },
    {
        "date": "2020-09-11T09:59:32Z",
        "value": "293489.7460203171",
        "cumulative": true
    },
    {
        "date": "2020-09-11T09:59:51Z",
        "value": "294713.5538301468",
        "cumulative": true
    },
    {
        "date": "2020-09-11T10:00:05Z",
        "value": "295633.03450489044",
        "cumulative": true
    },
    {
        "date": "2020-09-11T10:00:18Z",
        "value": "296461.3330793381",
        "cumulative": true
    },
    {
        "date": "2020-09-11T10:00:35Z",
        "value": "297631.70432949066",
        "cumulative": true
    },
    {
        "date": "2020-09-11T10:00:54Z",
        "value": "298898.13822078705",
        "cumulative": true
    },
    {
        "date": "2020-09-11T10:01:09Z",
        "value": "299946.76664066315",
        "cumulative": true
    },
    {
        "date": "2020-09-11T10:01:22Z",
        "value": "300792.03691005707",
        "cumulative": true
    },
    {
        "date": "2020-09-11T10:01:35Z",
        "value": "301622.9671430588",
        "cumulative": true
    },
    {
        "date": "2020-09-11T10:01:49Z",
        "value": "302501.9829835892",
        "cumulative": true
    },
    {
        "date": "2020-09-11T10:02:02Z",
        "value": "303352.0330095291",
        "cumulative": true
    },
    {
        "date": "2020-09-11T10:02:20Z",
        "value": "305020.05773735046",
        "cumulative": true
    },
    {
        "date": "2020-09-11T10:02:34Z",
        "value": "308616.62989616394",
        "cumulative": true
    },
    {
        "date": "2020-09-11T10:02:47Z",
        "value": "311982.5215187073",
        "cumulative": true
    },
    {
        "date": "2020-09-11T10:03:01Z",
        "value": "315807.46851730347",
        "cumulative": true
    },
    {
        "date": "2020-09-11T10:03:17Z",
        "value": "320311.5805301666",
        "cumulative": true
    },
    {
        "date": "2020-09-11T10:03:30Z",
        "value": "323817.56409835815",
        "cumulative": true
    },
    {
        "date": "2020-09-11T10:03:41Z",
        "value": "326776.21753692627",
        "cumulative": true
    },
    {
        "date": "2020-09-11T10:03:57Z",
        "value": "331577.8673591614",
        "cumulative": true
    },
    {
        "date": "2020-09-11T10:04:14Z",
        "value": "336124.6117477417",
        "cumulative": true
    },
    {
        "date": "2020-09-11T10:04:33Z",
        "value": "341173.5311203003",
        "cumulative": true
    },
    {
        "date": "2020-09-11T10:04:45Z",
        "value": "344817.1344127655",
        "cumulative": true
    },
    {
        "date": "2020-09-11T10:05:03Z",
        "value": "350116.76439476013",
        "cumulative": true
    },
    {
        "date": "2020-09-11T10:05:14Z",
        "value": "352908.6319351196",
        "cumulative": true
    },
    {
        "date": "2020-09-11T10:05:28Z",
        "value": "356111.65162086487",
        "cumulative": true
    },
    {
        "date": "2020-09-11T10:05:45Z",
        "value": "358506.2508687973",
        "cumulative": true
    },
    {
        "date": "2020-09-11T10:06:00Z",
        "value": "359416.1671819687",
        "cumulative": true
    },
    {
        "date": "2020-09-11T10:06:16Z",
        "value": "360431.7632226944",
        "cumulative": true
    },
    {
        "date": "2020-09-11T10:06:35Z",
        "value": "361722.7425394058",
        "cumulative": true
    },
    {
        "date": "2020-09-11T10:06:47Z",
        "value": "362534.3035287857",
        "cumulative": true
    },
    {
        "date": "2020-09-11T10:07:02Z",
        "value": "363560.6090192795",
        "cumulative": true
    },
    {
        "date": "2020-09-11T10:07:15Z",
        "value": "364375.5244092941",
        "cumulative": true
    },
    {
        "date": "2020-09-11T10:07:29Z",
        "value": "365252.62355327606",
        "cumulative": true
    },
    {
        "date": "2020-09-11T10:07:40Z",
        "value": "366008.4435853958",
        "cumulative": true
    },
    {
        "date": "2020-09-11T10:07:52Z",
        "value": "366758.418387413",
        "cumulative": true
    },
    {
        "date": "2020-09-11T10:08:03Z",
        "value": "367550.2045946121",
        "cumulative": true
    },
    {
        "date": "2020-09-11T10:08:19Z",
        "value": "368617.32769298553",
        "cumulative": true
    },
    {
        "date": "2020-09-11T10:08:33Z",
        "value": "369428.87073612213",
        "cumulative": true
    },
    {
        "date": "2020-09-11T10:08:49Z",
        "value": "370504.38226413727",
        "cumulative": true
    },
    {
        "date": "2020-09-11T10:09:01Z",
        "value": "371309.99025440216",
        "cumulative": true
    },
    {
        "date": "2020-09-11T10:09:14Z",
        "value": "372136.5287389755",
        "cumulative": true
    },
    {
        "date": "2020-09-11T10:09:30Z",
        "value": "373185.64367961884",
        "cumulative": true
    },
    {
        "date": "2020-09-11T10:09:48Z",
        "value": "374450.26209545135",
        "cumulative": true
    },
    {
        "date": "2020-09-11T10:10:03Z",
        "value": "375341.6177892685",
        "cumulative": true
    },
    {
        "date": "2020-09-11T10:10:18Z",
        "value": "376336.0193567276",
        "cumulative": true
    },
    {
        "date": "2020-09-11T10:10:38Z",
        "value": "377665.9309244156",
        "cumulative": true
    },
    {
        "date": "2020-09-11T10:10:51Z",
        "value": "378503.6773900986",
        "cumulative": true
    },
    {
        "date": "2020-09-11T10:11:07Z",
        "value": "379526.6641378403",
        "cumulative": true
    },
    {
        "date": "2020-09-11T10:11:20Z",
        "value": "380372.23574352264",
        "cumulative": true
    },
    {
        "date": "2020-09-11T10:11:38Z",
        "value": "381656.7499895096",
        "cumulative": true
    },
    {
        "date": "2020-09-11T10:11:54Z",
        "value": "382576.55386066437",
        "cumulative": true
    },
    {
        "date": "2020-09-11T10:12:08Z",
        "value": "383559.8186826706",
        "cumulative": true
    },
    {
        "date": "2020-09-11T10:12:23Z",
        "value": "385270.8377304077",
        "cumulative": true
    },
    {
        "date": "2020-09-11T10:12:36Z",
        "value": "388651.1799182892",
        "cumulative": true
    },
    {
        "date": "2020-09-11T10:12:54Z",
        "value": "393745.3318157196",
        "cumulative": true
    },
    {
        "date": "2020-09-11T10:13:06Z",
        "value": "396886.0147037506",
        "cumulative": true
    },
    {
        "date": "2020-09-11T10:13:21Z",
        "value": "400480.4093017578",
        "cumulative": true
    },
    {
        "date": "2020-09-11T10:13:37Z",
        "value": "405032.7008590698",
        "cumulative": true
    },
    {
        "date": "2020-09-11T10:13:52Z",
        "value": "409228.2348918915",
        "cumulative": true
    },
    {
        "date": "2020-09-11T10:14:05Z",
        "value": "412593.7441711426",
        "cumulative": true
    },
    {
        "date": "2020-09-11T10:14:16Z",
        "value": "415963.8665790558",
        "cumulative": true
    },
    {
        "date": "2020-09-11T10:14:35Z",
        "value": "421007.4314289093",
        "cumulative": true
    },
    {
        "date": "2020-09-11T10:14:47Z",
        "value": "424041.87766456604",
        "cumulative": true
    },
    {
        "date": "2020-09-11T10:15:03Z",
        "value": "428087.9078464508",
        "cumulative": true
    },
    {
        "date": "2020-09-11T10:15:21Z",
        "value": "433467.6972770691",
        "cumulative": true
    },
    {
        "date": "2020-09-11T10:15:35Z",
        "value": "436997.8659172058",
        "cumulative": true
    },
    {
        "date": "2020-09-11T10:15:47Z",
        "value": "440237.17696380615",
        "cumulative": true
    },
    {
        "date": "2020-09-11T10:15:58Z",
        "value": "443429.00369644165",
        "cumulative": true
    },
    {
        "date": "2020-09-11T10:16:14Z",
        "value": "447599.2294559479",
        "cumulative": true
    },
    {
        "date": "2020-09-11T10:16:26Z",
        "value": "450525.2964744568",
        "cumulative": true
    },
    {
        "date": "2020-09-11T10:16:42Z",
        "value": "452323.2133731842",
        "cumulative": true
    },
    {
        "date": "2020-09-11T10:16:59Z",
        "value": "453399.03150367737",
        "cumulative": true
    },
    {
        "date": "2020-09-11T10:17:13Z",
        "value": "454350.1670951843",
        "cumulative": true
    },
    {
        "date": "2020-09-11T10:17:27Z",
        "value": "455332.7705039978",
        "cumulative": true
    },
    {
        "date": "2020-09-11T10:17:47Z",
        "value": "456675.78629112244",
        "cumulative": true
    },
    {
        "date": "2020-09-11T10:18:07Z",
        "value": "457971.8587207794",
        "cumulative": true
    },
    {
        "date": "2020-09-11T10:18:22Z",
        "value": "459025.1917915344",
        "cumulative": true
    },
    {
        "date": "2020-09-11T10:18:34Z",
        "value": "459705.0129623413",
        "cumulative": true
    },
    {
        "date": "2020-09-11T10:18:54Z",
        "value": "461038.85029411316",
        "cumulative": true
    },
    {
        "date": "2020-09-11T10:19:05Z",
        "value": "461727.798368454",
        "cumulative": true
    },
    {
        "date": "2020-09-11T10:19:23Z",
        "value": "462867.656085968",
        "cumulative": true
    },
    {
        "date": "2020-09-11T10:19:40Z",
        "value": "464057.83065986633",
        "cumulative": true
    },
    {
        "date": "2020-09-11T10:19:51Z",
        "value": "464731.55155944824",
        "cumulative": true
    },
    {
        "date": "2020-09-11T10:20:01Z",
        "value": "465401.4239387512",
        "cumulative": true
    },
    {
        "date": "2020-09-11T10:20:20Z",
        "value": "466560.4809589386",
        "cumulative": true
    },
    {
        "date": "2020-09-11T10:20:33Z",
        "value": "467418.62199401855",
        "cumulative": true
    },
    {
        "date": "2020-09-11T10:20:47Z",
        "value": "468301.1074333191",
        "cumulative": true
    },
    {
        "date": "2020-09-11T10:20:58Z",
        "value": "469092.52080345154",
        "cumulative": true
    },
    {
        "date": "2020-09-11T10:21:13Z",
        "value": "470005.3915119171",
        "cumulative": true
    },
    {
        "date": "2020-09-11T10:21:23Z",
        "value": "470697.3801307678",
        "cumulative": true
    },
    {
        "date": "2020-09-11T10:21:36Z",
        "value": "471443.18886756897",
        "cumulative": true
    },
    {
        "date": "2020-09-11T10:21:50Z",
        "value": "472448.3857078552",
        "cumulative": true
    },
    {
        "date": "2020-09-11T10:22:02Z",
        "value": "473122.90847206116",
        "cumulative": true
    },
    {
        "date": "2020-09-11T10:22:16Z",
        "value": "474125.864988327",
        "cumulative": true
    },
    {
        "date": "2020-09-11T10:22:27Z",
        "value": "474797.3385410309",
        "cumulative": true
    },
    {
        "date": "2020-09-11T10:22:43Z",
        "value": "475810.3086948395",
        "cumulative": true
    },
    {
        "date": "2020-09-11T10:23:02Z",
        "value": "477021.1726036072",
        "cumulative": true
    },
    {
        "date": "2020-09-11T10:23:17Z",
        "value": "477942.9771671295",
        "cumulative": true
    },
    {
        "date": "2020-09-11T10:23:30Z",
        "value": "478826.7589187622",
        "cumulative": true
    },
    {
        "date": "2020-09-11T10:23:46Z",
        "value": "479872.9245223999",
        "cumulative": true
    },
    {
        "date": "2020-09-11T10:23:59Z",
        "value": "480684.6028404236",
        "cumulative": true
    },
    {
        "date": "2020-09-11T10:24:13Z",
        "value": "481596.65889930725",
        "cumulative": true
    },
    {
        "date": "2020-09-11T10:24:30Z",
        "value": "482669.9933052063",
        "cumulative": true
    },
    {
        "date": "2020-09-11T10:24:49Z",
        "value": "483923.4333934784",
        "cumulative": true
    },
    {
        "date": "2020-09-11T10:24:59Z",
        "value": "484596.437374115",
        "cumulative": true
    },
    {
        "date": "2020-09-11T10:25:13Z",
        "value": "485207.7421503067",
        "cumulative": true
    }
]