[
    {
        "date": "2020-09-11T09:22:55Z",
        "value": "4.00543212890625e-05",
        "cumulative": true
    },
    {
        "date": "2020-09-11T09:23:06Z",
        "value": "0.3232603073120117",
        "cumulative": true
    },
    {
        "date": "2020-09-11T09:23:20Z",
        "value": "23.72941493988037",
        "cumulative": true
    },
    {
        "date": "2020-09-11T09:23:31Z",
        "value": "47.92503833770752",
        "cumulative": true
    },
    {
        "date": "2020-09-11T09:23:47Z",
        "value": "154.25089836120605",
        "cumulative": true
    },
    {
        "date": "2020-09-11T09:23:58Z",
        "value": "564.9947566986084",
        "cumulative": true
    },
    {
        "date": "2020-09-11T09:24:14Z",
        "value": "2189.527732849121",
        "cumulative": true
    },
    {
        "date": "2020-09-11T09:24:28Z",
        "value": "3646.9003381729126",
        "cumulative": true
    },
    {
        "date": "2020-09-11T09:24:39Z",
        "value": "5332.6701583862305",
        "cumulative": true
    },
    {
        "date": "2020-09-11T09:24:56Z",
        "value": "7232.180488586426",
        "cumulative": true
    },
    {
        "date": "2020-09-11T09:25:13Z",
        "value": "9389.464626312256",
        "cumulative": true
    },
    {
        "date": "2020-09-11T09:25:30Z",
        "value": "11630.508087158203",
        "cumulative": true
    },
    {
        "date": "2020-09-11T09:25:47Z",
        "value": "14307.483731269836",
        "cumulative": true
    },
    {
        "date": "2020-09-11T09:25:58Z",
        "value": "15920.48275756836",
        "cumulative": true
    },
    {
        "date": "2020-09-11T09:26:17Z",
        "value": "18270.866771697998",
        "cumulative": true
    },
    {
        "date": "2020-09-11T09:26:28Z",
        "value": "20196.941967964172",
        "cumulative": true
    },
    {
        "date": "2020-09-11T09:26:48Z",
        "value": "22799.34607887268",
        "cumulative": true
    },
    {
        "date": "2020-09-11T09:27:02Z",
        "value": "24849.008297920227",
        "cumulative": true
    },
    {
        "date": "2020-09-11T09:27:20Z",
        "value": "28132.46168899536",
        "cumulative": true
    },
    {
        "date": "2020-09-11T09:27:39Z",
        "value": "29442.052228927612",
        "cumulative": true
    },
    {
        "date": "2020-09-11T09:27:51Z",
        "value": "32361.082708358765",
        "cumulative": true
    },
    {
        "date": "2020-09-11T09:28:08Z",
        "value": "35345.29065513611",
        "cumulative": true
    },
    {
        "date": "2020-09-11T09:28:22Z",
        "value": "36394.96185874939",
        "cumulative": true
    },
    {
        "date": "2020-09-11T09:28:33Z",
        "value": "37169.158838272095",
        "cumulative": true
    },
    {
        "date": "2020-09-11T09:28:45Z",
        "value": "39460.558712005615",
        "cumulative": true
    },
    {
        "date": "2020-09-11T09:29:02Z",
        "value": "43729.8645324707",
        "cumulative": true
    },
    {
        "date": "2020-09-11T09:29:17Z",
        "value": "44851.145241737366",
        "cumulative": true
    },
    {
        "date": "2020-09-11T09:29:29Z",
        "value": "45673.44876194",
        "cumulative": true
    },
    {
        "date": "2020-09-11T09:29:39Z",
        "value": "46383.05048465729",
        "cumulative": true
    },
    {
        "date": "2020-09-11T09:29:51Z",
        "value": "47330.08578205109",
        "cumulative": true
    },
    {
        "date": "2020-09-11T09:30:02Z",
        "value": "50509.73335361481",
        "cumulative": true
    },
    {
        "date": "2020-09-11T09:30:21Z",
        "value": "55340.087553977966",
        "cumulative": true
    },
    {
        "date": "2020-09-11T09:30:33Z",
        "value": "56205.69116592407",
        "cumulative": true
    },
    {
        "date": "2020-09-11T09:30:51Z",
        "value": "57434.01221084595",
        "cumulative": true
    },
    {
        "date": "2020-09-11T09:31:03Z",
        "value": "58255.95693778992",
        "cumulative": true
    },
    {
        "date": "2020-09-11T09:31:21Z",
        "value": "59531.66588306427",
        "cumulative": true
    },
    {
        "date": "2020-09-11T09:31:38Z",
        "value": "64318.14221858978",
        "cumulative": true
    },
    {
        "date": "2020-09-11T09:31:54Z",
        "value": "68459.81897258759",
        "cumulative": true
    },
    {
        "date": "2020-09-11T09:32:10Z",
        "value": "70640.77271270752",
        "cumulative": true
    },
    {
        "date": "2020-09-11T09:32:28Z",
        "value": "71872.30013465881",
        "cumulative": true
    },
    {
        "date": "2020-09-11T09:32:48Z",
        "value": "73211.55337905884",
        "cumulative": true
    },
    {
        "date": "2020-09-11T09:33:01Z",
        "value": "74054.80550384521",
        "cumulative": true
    },
    {
        "date": "2020-09-11T09:33:16Z",
        "value": "75094.60788154602",
        "cumulative": true
    },
    {
        "date": "2020-09-11T09:33:31Z",
        "value": "78788.72258281708",
        "cumulative": true
    },
    {
        "date": "2020-09-11T09:33:45Z",
        "value": "82517.6474237442",
        "cumulative": true
    },
    {
        "date": "2020-09-11T09:33:58Z",
        "value": "86081.88977336884",
        "cumulative": true
    },
    {
        "date": "2020-09-11T09:34:12Z",
        "value": "88682.05715465546",
        "cumulative": true
    },
    {
        "date": "2020-09-11T09:34:26Z",
        "value": "89578.17263317108",
        "cumulative": true
    },
    {
        "date": "2020-09-11T09:34:43Z",
        "value": "90702.89577579498",
        "cumulative": true
    },
    {
        "date": "2020-09-11T09:34:58Z",
        "value": "91699.51331233978",
        "cumulative": true
    },
    {
        "date": "2020-09-11T09:35:15Z",
        "value": "92789.36749362946",
        "cumulative": true
    },
    {
        "date": "2020-09-11T09:35:33Z",
        "value": "93986.68195819855",
        "cumulative": true
    },
    {
        "date": "2020-09-11T09:35:49Z",
        "value": "95464.88321304321",
        "cumulative": true
    },
    {
        "date": "2020-09-11T09:36:07Z",
        "value": "100200.91875648499",
        "cumulative": true
    },
    {
        "date": "2020-09-11T09:36:26Z",
        "value": "104999.83365631104",
        "cumulative": true
    },
    {
        "date": "2020-09-11T09:36:40Z",
        "value": "108576.63283348083",
        "cumulative": true
    },
    {
        "date": "2020-09-11T09:36:55Z",
        "value": "111781.00450611115",
        "cumulative": true
    },
    {
        "date": "2020-09-11T09:37:06Z",
        "value": "112520.5435667038",
        "cumulative": true
    },
    {
        "date": "2020-09-11T09:37:25Z",
        "value": "113754.39057254791",
        "cumulative": true
    },
    {
        "date": "2020-09-11T09:37:39Z",
        "value": "114744.5236082077",
        "cumulative": true
    },
    {
        "date": "2020-09-11T09:37:49Z",
        "value": "115406.74723148346",
        "cumulative": true
    },
    {
        "date": "2020-09-11T09:38:05Z",
        "value": "116410.11322879791",
        "cumulative": true
    },
    {
        "date": "2020-09-11T09:38:18Z",
        "value": "117305.79869937897",
        "cumulative": true
    },
    {
        "date": "2020-09-11T09:38:38Z",
        "value": "118576.1260728836",
        "cumulative": true
    },
    {
        "date": "2020-09-11T09:38:52Z",
        "value": "119477.39133739471",
        "cumulative": true
    },
    {
        "date": "2020-09-11T09:39:04Z",
        "value": "122133.5041770935",
        "cumulative": true
    },
    {
        "date": "2020-09-11T09:39:15Z",
        "value": "125038.92211341858",
        "cumulative": true
    },
    {
        "date": "2020-09-11T09:39:26Z",
        "value": "127978.07171440125",
        "cumulative": true
    },
    {
        "date": "2020-09-11T09:39:43Z",
        "value": "132111.1884059906",
        "cumulative": true
    },
    {
        "date": "2020-09-11T09:40:03Z",
        "value": "137391.01207351685",
        "cumulative": true
    },
    {
        "date": "2020-09-11T09:40:21Z",
        "value": "141212.25693416595",
        "cumulative": true
    },
    {
        "date": "2020-09-11T09:40:34Z",
        "value": "142052.39587306976",
        "cumulative": true
    },
    {
        "date": "2020-09-11T09:40:47Z",
        "value": "142879.1421957016",
        "cumulative": true
    },
    {
        "date": "2020-09-11T09:41:04Z",
        "value": "144034.88372325897",
        "cumulative": true
    },
    {
        "date": "2020-09-11T09:41:16Z",
        "value": "144788.19873142242",
        "cumulative": true
    },
    {
        "date": "2020-09-11T09:41:36Z",
        "value": "146105.42451763153",
        "cumulative": true
    },
    {
        "date": "2020-09-11T09:41:53Z",
        "value": "147272.5397310257",
        "cumulative": true
    },
    {
        "date": "2020-09-11T09:42:09Z",
        "value": "148236.1530675888",
        "cumulative": true
    },
    {
        "date": "2020-09-11T09:42:28Z",
        "value": "149517.92446804047",
        "cumulative": true
    },
    {
        "date": "2020-09-11T09:42:45Z",
        "value": "150621.13560009003",
        "cumulative": true
    },
    {
        "date": "2020-09-11T09:43:00Z",
        "value": "152399.41172409058",
        "cumulative": true
    },
    {
        "date": "2020-09-11T09:43:20Z",
        "value": "157607.06581306458",
        "cumulative": true
    },
    {
        "date": "2020-09-11T09:43:38Z",
        "value": "162640.85710716248",
        "cumulative": true
    },
    {
        "date": "2020-09-11T09:43:57Z",
        "value": "167421.78413963318",
        "cumulative": true
    },
    {
        "date": "2020-09-11T09:44:13Z",
        "value": "172092.00843429565",
        "cumulative": true
    },
    {
        "date": "2020-09-11T09:44:32Z",
        "value": "177222.27213478088",
        "cumulative": true
    },
    {
        "date": "2020-09-11T09:44:44Z",
        "value": "178371.4320306778",
        "cumulative": true
    },
    {
        "date": "2020-09-11T09:44:56Z",
        "value": "179206.36886692047",
        "cumulative": true
    },
    {
        "date": "2020-09-11T09:45:16Z",
        "value": "180512.69252109528",
        "cumulative": true
    },
    {
        "date": "2020-09-11T09:45:33Z",
        "value": "181583.60994625092",
        "cumulative": true
    },
    {
        "date": "2020-09-11T09:45:46Z",
        "value": "182404.19762706757",
        "cumulative": true
    },
    {
        "date": "2020-09-11T09:46:04Z",
        "value": "183609.57228565216",
        "cumulative": true
    },
    {
        "date": "2020-09-11T09:46:15Z",
        "value": "184281.83188915253",
        "cumulative": true
    },
    {
        "date": "2020-09-11T09:46:34Z",
        "value": "185554.04512882233",
        "cumulative": true
    },
    {
        "date": "2020-09-11T09:46:51Z",
        "value": "186655.95209407806",
        "cumulative": true
    },
    {
        "date": "2020-09-11T09:47:04Z",
        "value": "187535.33662319183",
        "cumulative": true
    },
    {
        "date": "2020-09-11T09:47:21Z",
        "value": "188597.8585729599",
        "cumulative": true
    },
    {
        "date": "2020-09-11T09:47:33Z",
        "value": "189408.81983089447",
        "cumulative": true
    },
    {
        "date": "2020-09-11T09:47:48Z",
        "value": "190363.42597866058",
        "cumulative": true
    },
    {
        "date": "2020-09-11T09:48:07Z",
        "value": "193687.40629768372",
        "cumulative": true
    },
    {
        "date": "2020-09-11T09:48:17Z",
        "value": "196458.30499267578",
        "cumulative": true
    },
    {
        "date": "2020-09-11T09:48:31Z",
        "value": "200044.85746765137",
        "cumulative": true
    },
    {
        "date": "2020-09-11T09:48:49Z",
        "value": "204669.97627067566",
        "cumulative": true
    },
    {
        "date": "2020-09-11T09:49:05Z",
        "value": "209048.37099075317",
        "cumulative": true
    },
    {
        "date": "2020-09-11T09:49:24Z",
        "value": "214074.37748336792",
        "cumulative": true
    },
    {
        "date": "2020-09-11T09:49:40Z",
        "value": "218423.142911911",
        "cumulative": true
    },
    {
        "date": "2020-09-11T09:49:55Z",
        "value": "222104.28868484497",
        "cumulative": true
    },
    {
        "date": "2020-09-11T09:50:13Z",
        "value": "224946.55746555328",
        "cumulative": true
    },
    {
        "date": "2020-09-11T09:50:26Z",
        "value": "225803.64598941803",
        "cumulative": true
    },
    {
        "date": "2020-09-11T09:50:44Z",
        "value": "226954.51087474823",
        "cumulative": true
    },
    {
        "date": "2020-09-11T09:51:03Z",
        "value": "228155.9621667862",
        "cumulative": true
    },
    {
        "date": "2020-09-11T09:51:14Z",
        "value": "228955.5184545517",
        "cumulative": true
    },
    {
        "date": "2020-09-11T09:51:25Z",
        "value": "229624.40788173676",
        "cumulative": true
    },
    {
        "date": "2020-09-11T09:51:43Z",
        "value": "230792.79963970184",
        "cumulative": true
    },
    {
        "date": "2020-09-11T09:51:58Z",
        "value": "231793.13880443573",
        "cumulative": true
    },
    {
        "date": "2020-09-11T09:52:16Z",
        "value": "232961.8705072403",
        "cumulative": true
    },
    {
        "date": "2020-09-11T09:52:33Z",
        "value": "234129.49404621124",
        "cumulative": true
    },
    {
        "date": "2020-09-11T09:52:47Z",
        "value": "234978.24998378754",
        "cumulative": true
    },
    {
        "date": "2020-09-11T09:52:59Z",
        "value": "235796.2634420395",
        "cumulative": true
    },
    {
        "date": "2020-09-11T09:53:14Z",
        "value": "236708.67447185516",
        "cumulative": true
    },
    {
        "date": "2020-09-11T09:53:32Z",
        "value": "237966.71422290802",
        "cumulative": true
    },
    {
        "date": "2020-09-11T09:53:46Z",
        "value": "238854.49403858185",
        "cumulative": true
    },
    {
        "date": "2020-09-11T09:54:02Z",
        "value": "239874.6108007431",
        "cumulative": true
    },
    {
        "date": "2020-09-11T09:54:19Z",
        "value": "241052.95255374908",
        "cumulative": true
    },
    {
        "date": "2020-09-11T09:54:36Z",
        "value": "245360.7106628418",
        "cumulative": true
    },
    {
        "date": "2020-09-11T09:54:51Z",
        "value": "249286.23272132874",
        "cumulative": true
    },
    {
        "date": "2020-09-11T09:55:11Z",
        "value": "254571.2306919098",
        "cumulative": true
    },
    {
        "date": "2020-09-11T09:55:27Z",
        "value": "258875.78910827637",
        "cumulative": true
    },
    {
        "date": "2020-09-11T09:55:42Z",
        "value": "263268.23836898804",
        "cumulative": true
    },
    {
        "date": "2020-09-11T09:55:59Z",
        "value": "267545.41229629517",
        "cumulative": true
    },
    {
        "date": "2020-09-11T09:56:11Z",
        "value": "270712.64910697937",
        "cumulative": true
    },
    {
        "date": "2020-09-11T09:56:23Z",
        "value": "273670.89570999146",
        "cumulative": true
    },
    {
        "date": "2020-09-11T09:56:40Z",
        "value": "278326.48146629333",
        "cumulative": true
    },
    {
        "date": "2020-09-11T09:56:53Z",
        "value": "281867.97740745544",
        "cumulative": true
    },
    {
        "date": "2020-09-11T09:57:13Z",
        "value": "284308.4789161682",
        "cumulative": true
    },
    {
        "date": "2020-09-11T09:57:27Z",
        "value": "285315.05878829956",
        "cumulative": true
    },
    {
        "date": "2020-09-11T09:57:46Z",
        "value": "286570.5386943817",
        "cumulative": true
    },
    {
        "date": "2020-09-11T09:57:58Z",
        "value": "287395.8814525604",
        "cumulative": true
    },
    {
        "date": "2020-09-11T09:58:08Z",
        "value": "288040.5763988495",
        "cumulative": true
    },
    {
        "date": "2020-09-11T09:58:22Z",
        "value": "288949.7721195221",
        "cumulative": true
    },
    {
        "date": "2020-09-11T09:58:34Z",
        "value": "289765.2373485565",
        "cumulative": true
    },
    {
        "date": "2020-09-11T09:58:52Z",
        "value": "290972.30013656616",
        "cumulative": true
    },
    {
        "date": "2020-09-11T09:59:11Z",
        "value": "292236.6035079956",
        "cumulative": true
    },
    {
        "date": "2020-09-11T09:59:25Z",
        "value": "293122.2662372589",
        "cumulative": true
    },
    {
        "date": "2020-09-11T09:59:38Z",
        "value": "293954.70586013794",
        "cumulative": true
    },
    {
        "date": "2020-09-11T09:59:55Z",
        "value": "295054.41266059875",
        "cumulative": true
    },
    {
        "date": "2020-09-11T10:00:13Z",
        "value": "296242.81178855896",
        "cumulative": true
    },
    {
        "date": "2020-09-11T10:00:28Z",
        "value": "297184.11269950867",
        "cumulative": true
    },
    {
        "date": "2020-09-11T10:00:39Z",
        "value": "297937.8100261688",
        "cumulative": true
    },
    {
        "date": "2020-09-11T10:00:56Z",
        "value": "299088.7232952118",
        "cumulative": true
    },
    {
        "date": "2020-09-11T10:01:14Z",
        "value": "300318.54812812805",
        "cumulative": true
    },
    {
        "date": "2020-09-11T10:01:31Z",
        "value": "301402.5127658844",
        "cumulative": true
    },
    {
        "date": "2020-09-11T10:01:51Z",
        "value": "302774.39441108704",
        "cumulative": true
    },
    {
        "date": "2020-09-11T10:02:03Z",
        "value": "303540.7419910431",
        "cumulative": true
    },
    {
        "date": "2020-09-11T10:02:18Z",
        "value": "304647.0527715683",
        "cumulative": true
    },
    {
        "date": "2020-09-11T10:02:30Z",
        "value": "307851.06814289093",
        "cumulative": true
    },
    {
        "date": "2020-09-11T10:02:41Z",
        "value": "310341.88740825653",
        "cumulative": true
    },
    {
        "date": "2020-09-11T10:02:57Z",
        "value": "314886.09467983246",
        "cumulative": true
    },
    {
        "date": "2020-09-11T10:03:11Z",
        "value": "318872.63627529144",
        "cumulative": true
    },
    {
        "date": "2020-09-11T10:03:29Z",
        "value": "323792.6263113022",
        "cumulative": true
    },
    {
        "date": "2020-09-11T10:03:48Z",
        "value": "328826.5565690994",
        "cumulative": true
    },
    {
        "date": "2020-09-11T10:04:00Z",
        "value": "332316.1155138016",
        "cumulative": true
    },
    {
        "date": "2020-09-11T10:04:15Z",
        "value": "336476.11928653717",
        "cumulative": true
    },
    {
        "date": "2020-09-11T10:04:29Z",
        "value": "340229.1631155014",
        "cumulative": true
    },
    {
        "date": "2020-09-11T10:04:44Z",
        "value": "344771.50359630585",
        "cumulative": true
    },
    {
        "date": "2020-09-11T10:04:59Z",
        "value": "348942.2429113388",
        "cumulative": true
    },
    {
        "date": "2020-09-11T10:05:19Z",
        "value": "354073.68686389923",
        "cumulative": true
    },
    {
        "date": "2020-09-11T10:05:38Z",
        "value": "358103.7615222931",
        "cumulative": true
    },
    {
        "date": "2020-09-11T10:05:51Z",
        "value": "358937.24778556824",
        "cumulative": true
    },
    {
        "date": "2020-09-11T10:06:04Z",
        "value": "359775.0170593262",
        "cumulative": true
    },
    {
        "date": "2020-09-11T10:06:21Z",
        "value": "360879.7722816467",
        "cumulative": true
    },
    {
        "date": "2020-09-11T10:06:37Z",
        "value": "362050.5440120697",
        "cumulative": true
    },
    {
        "date": "2020-09-11T10:06:52Z",
        "value": "362921.05302238464",
        "cumulative": true
    },
    {
        "date": "2020-09-11T10:07:09Z",
        "value": "364050.6077747345",
        "cumulative": true
    },
    {
        "date": "2020-09-11T10:07:26Z",
        "value": "365277.82085227966",
        "cumulative": true
    },
    {
        "date": "2020-09-11T10:07:44Z",
        "value": "366346.77754592896",
        "cumulative": true
    },
    {
        "date": "2020-09-11T10:07:59Z",
        "value": "367404.0163898468",
        "cumulative": true
    },
    {
        "date": "2020-09-11T10:08:12Z",
        "value": "368211.522441864",
        "cumulative": true
    },
    {
        "date": "2020-09-11T10:08:26Z",
        "value": "369056.06650161743",
        "cumulative": true
    },
    {
        "date": "2020-09-11T10:08:37Z",
        "value": "369797.2664203644",
        "cumulative": true
    },
    {
        "date": "2020-09-11T10:08:51Z",
        "value": "370706.0887298584",
        "cumulative": true
    },
    {
        "date": "2020-09-11T10:09:09Z",
        "value": "371920.64981651306",
        "cumulative": true
    },
    {
        "date": "2020-09-11T10:09:20Z",
        "value": "372718.9006290436",
        "cumulative": true
    },
    {
        "date": "2020-09-11T10:09:38Z",
        "value": "373790.5070114136",
        "cumulative": true
    },
    {
        "date": "2020-09-11T10:09:52Z",
        "value": "374708.64043426514",
        "cumulative": true
    },
    {
        "date": "2020-09-11T10:10:07Z",
        "value": "375730.638879776",
        "cumulative": true
    },
    {
        "date": "2020-09-11T10:10:19Z",
        "value": "376499.2438907623",
        "cumulative": true
    },
    {
        "date": "2020-09-11T10:10:39Z",
        "value": "377783.54420280457",
        "cumulative": true
    },
    {
        "date": "2020-09-11T10:10:51Z",
        "value": "378569.555059433",
        "cumulative": true
    },
    {
        "date": "2020-09-11T10:11:04Z",
        "value": "379452.24631881714",
        "cumulative": true
    },
    {
        "date": "2020-09-11T10:11:23Z",
        "value": "380708.73401260376",
        "cumulative": true
    },
    {
        "date": "2020-09-11T10:11:34Z",
        "value": "381416.8281402588",
        "cumulative": true
    },
    {
        "date": "2020-09-11T10:11:44Z",
        "value": "382096.4880962372",
        "cumulative": true
    },
    {
        "date": "2020-09-11T10:11:56Z",
        "value": "382852.3787651062",
        "cumulative": true
    },
    {
        "date": "2020-09-11T10:12:08Z",
        "value": "383657.691324234",
        "cumulative": true
    },
    {
        "date": "2020-09-11T10:12:28Z",
        "value": "386715.84560108185",
        "cumulative": true
    },
    {
        "date": "2020-09-11T10:12:42Z",
        "value": "390480.761967659",
        "cumulative": true
    },
    {
        "date": "2020-09-11T10:13:01Z",
        "value": "395795.0513315201",
        "cumulative": true
    },
    {
        "date": "2020-09-11T10:13:19Z",
        "value": "400316.1426420212",
        "cumulative": true
    },
    {
        "date": "2020-09-11T10:13:39Z",
        "value": "405847.82590961456",
        "cumulative": true
    },
    {
        "date": "2020-09-11T10:13:50Z",
        "value": "408674.11937999725",
        "cumulative": true
    },
    {
        "date": "2020-09-11T10:14:01Z",
        "value": "411708.3179254532",
        "cumulative": true
    },
    {
        "date": "2020-09-11T10:14:16Z",
        "value": "416087.4998693466",
        "cumulative": true
    },
    {
        "date": "2020-09-11T10:14:29Z",
        "value": "419451.40425395966",
        "cumulative": true
    },
    {
        "date": "2020-09-11T10:14:48Z",
        "value": "424234.1384344101",
        "cumulative": true
    },
    {
        "date": "2020-09-11T10:15:07Z",
        "value": "429558.1816968918",
        "cumulative": true
    },
    {
        "date": "2020-09-11T10:15:22Z",
        "value": "433753.0668478012",
        "cumulative": true
    },
    {
        "date": "2020-09-11T10:15:42Z",
        "value": "438994.89598178864",
        "cumulative": true
    },
    {
        "date": "2020-09-11T10:16:00Z",
        "value": "443963.26537036896",
        "cumulative": true
    },
    {
        "date": "2020-09-11T10:16:18Z",
        "value": "448538.6257429123",
        "cumulative": true
    },
    {
        "date": "2020-09-11T10:16:32Z",
        "value": "451825.22478961945",
        "cumulative": true
    },
    {
        "date": "2020-09-11T10:16:49Z",
        "value": "452926.8125677109",
        "cumulative": true
    },
    {
        "date": "2020-09-11T10:17:02Z",
        "value": "453802.44291591644",
        "cumulative": true
    },
    {
        "date": "2020-09-11T10:17:18Z",
        "value": "454858.283621788",
        "cumulative": true
    },
    {
        "date": "2020-09-11T10:17:34Z",
        "value": "455884.0631990433",
        "cumulative": true
    },
    {
        "date": "2020-09-11T10:17:45Z",
        "value": "456604.6864786148",
        "cumulative": true
    },
    {
        "date": "2020-09-11T10:18:04Z",
        "value": "457865.32997226715",
        "cumulative": true
    },
    {
        "date": "2020-09-11T10:18:17Z",
        "value": "458714.9600133896",
        "cumulative": true
    },
    {
        "date": "2020-09-11T10:18:34Z",
        "value": "459846.9833803177",
        "cumulative": true
    },
    {
        "date": "2020-09-11T10:18:48Z",
        "value": "460853.88674259186",
        "cumulative": true
    },
    {
        "date": "2020-09-11T10:18:59Z",
        "value": "461525.53444576263",
        "cumulative": true
    },
    {
        "date": "2020-09-11T10:19:13Z",
        "value": "462514.28985500336",
        "cumulative": true
    },
    {
        "date": "2020-09-11T10:19:25Z",
        "value": "463209.90277957916",
        "cumulative": true
    },
    {
        "date": "2020-09-11T10:19:45Z",
        "value": "464546.96957302094",
        "cumulative": true
    },
    {
        "date": "2020-09-11T10:19:59Z",
        "value": "465365.1787137985",
        "cumulative": true
    },
    {
        "date": "2020-09-11T10:20:15Z",
        "value": "466384.78100681305",
        "cumulative": true
    },
    {
        "date": "2020-09-11T10:20:29Z",
        "value": "467325.1520643234",
        "cumulative": true
    },
    {
        "date": "2020-09-11T10:20:40Z",
        "value": "468021.5240659714",
        "cumulative": true
    },
    {
        "date": "2020-09-11T10:20:55Z",
        "value": "468967.8826227188",
        "cumulative": true
    },
    {
        "date": "2020-09-11T10:21:14Z",
        "value": "470251.9332590103",
        "cumulative": true
    },
    {
        "date": "2020-09-11T10:21:30Z",
        "value": "471260.20320796967",
        "cumulative": true
    },
    {
        "date": "2020-09-11T10:21:46Z",
        "value": "472267.53914928436",
        "cumulative": true
    },
    {
        "date": "2020-09-11T10:22:03Z",
        "value": "473341.63118457794",
        "cumulative": true
    },
    {
        "date": "2020-09-11T10:22:18Z",
        "value": "474318.1802854538",
        "cumulative": true
    },
    {
        "date": "2020-09-11T10:22:30Z",
        "value": "475055.7672986984",
        "cumulative": true
    },
    {
        "date": "2020-09-11T10:22:43Z",
        "value": "475963.90902996063",
        "cumulative": true
    },
    {
        "date": "2020-09-11T10:23:01Z",
        "value": "477082.3743429184",
        "cumulative": true
    },
    {
        "date": "2020-09-11T10:23:21Z",
        "value": "478377.804520607",
        "cumulative": true
    },
    {
        "date": "2020-09-11T10:23:36Z",
        "value": "479364.2860136032",
        "cumulative": true
    },
    {
        "date": "2020-09-11T10:23:47Z",
        "value": "480071.9847612381",
        "cumulative": true
    },
    {
        "date": "2020-09-11T10:24:06Z",
        "value": "481360.06129932404",
        "cumulative": true
    },
    {
        "date": "2020-09-11T10:24:24Z",
        "value": "482466.6863851547",
        "cumulative": true
    },
    {
        "date": "2020-09-11T10:24:43Z",
        "value": "483682.3308172226",
        "cumulative": true
    },
    {
        "date": "2020-09-11T10:24:53Z",
        "value": "484358.85697841644",
        "cumulative": true
    },
    {
        "date": "2020-09-11T10:25:06Z",
        "value": "485171.3739347458",
        "cumulative": true
    }
]