[
    {
        "date": "2020-09-11T09:22:35Z",
        "value": "0.0009593963623046875",
        "cumulative": true
    },
    {
        "date": "2020-09-11T09:23:01Z",
        "value": "0.0009593963623046875",
        "cumulative": true
    },
    {
        "date": "2020-09-11T09:23:17Z",
        "value": "15.353854179382324",
        "cumulative": true
    },
    {
        "date": "2020-09-11T09:23:30Z",
        "value": "45.78787708282471",
        "cumulative": true
    },
    {
        "date": "2020-09-11T09:23:47Z",
        "value": "139.16836547851562",
        "cumulative": true
    },
    {
        "date": "2020-09-11T09:24:03Z",
        "value": "946.3748941421509",
        "cumulative": true
    },
    {
        "date": "2020-09-11T09:24:14Z",
        "value": "2090.5339193344116",
        "cumulative": true
    },
    {
        "date": "2020-09-11T09:24:26Z",
        "value": "3523.2120065689087",
        "cumulative": true
    },
    {
        "date": "2020-09-11T09:24:41Z",
        "value": "5536.2994775772095",
        "cumulative": true
    },
    {
        "date": "2020-09-11T09:24:58Z",
        "value": "7364.530649185181",
        "cumulative": true
    },
    {
        "date": "2020-09-11T09:25:09Z",
        "value": "9019.792377471924",
        "cumulative": true
    },
    {
        "date": "2020-09-11T09:25:23Z",
        "value": "11171.237900733948",
        "cumulative": true
    },
    {
        "date": "2020-09-11T09:25:39Z",
        "value": "13804.712957382202",
        "cumulative": true
    },
    {
        "date": "2020-09-11T09:25:58Z",
        "value": "15810.567687988281",
        "cumulative": true
    },
    {
        "date": "2020-09-11T09:26:16Z",
        "value": "18150.069831848145",
        "cumulative": true
    },
    {
        "date": "2020-09-11T09:26:28Z",
        "value": "19916.657722473145",
        "cumulative": true
    },
    {
        "date": "2020-09-11T09:26:41Z",
        "value": "22310.475798606873",
        "cumulative": true
    },
    {
        "date": "2020-09-11T09:26:57Z",
        "value": "23426.280426979065",
        "cumulative": true
    },
    {
        "date": "2020-09-11T09:27:12Z",
        "value": "27583.184792518616",
        "cumulative": true
    },
    {
        "date": "2020-09-11T09:27:28Z",
        "value": "28654.127650260925",
        "cumulative": true
    },
    {
        "date": "2020-09-11T09:27:42Z",
        "value": "29697.69207382202",
        "cumulative": true
    },
    {
        "date": "2020-09-11T09:28:00Z",
        "value": "34790.18620014191",
        "cumulative": true
    },
    {
        "date": "2020-09-11T09:28:17Z",
        "value": "36026.38790798187",
        "cumulative": true
    },
    {
        "date": "2020-09-11T09:28:31Z",
        "value": "37010.86713695526",
        "cumulative": true
    },
    {
        "date": "2020-09-11T09:28:43Z",
        "value": "39045.13653564453",
        "cumulative": true
    },
    {
        "date": "2020-09-11T09:29:02Z",
        "value": "43870.309118270874",
        "cumulative": true
    },
    {
        "date": "2020-09-11T09:29:13Z",
        "value": "44574.52984523773",
        "cumulative": true
    },
    {
        "date": "2020-09-11T09:29:27Z",
        "value": "45531.01281261444",
        "cumulative": true
    },
    {
        "date": "2020-09-11T09:29:40Z",
        "value": "46412.66829776764",
        "cumulative": true
    },
    {
        "date": "2020-09-11T09:29:57Z",
        "value": "48877.593505859375",
        "cumulative": true
    },
    {
        "date": "2020-09-11T09:30:15Z",
        "value": "53713.605419158936",
        "cumulative": true
    },
    {
        "date": "2020-09-11T09:30:29Z",
        "value": "55900.91002845764",
        "cumulative": true
    },
    {
        "date": "2020-09-11T09:30:48Z",
        "value": "57202.92241859436",
        "cumulative": true
    },
    {
        "date": "2020-09-11T09:31:01Z",
        "value": "58123.59482002258",
        "cumulative": true
    },
    {
        "date": "2020-09-11T09:31:14Z",
        "value": "59031.84206390381",
        "cumulative": true
    },
    {
        "date": "2020-09-11T09:31:27Z",
        "value": "60960.53625392914",
        "cumulative": true
    },
    {
        "date": "2020-09-11T09:31:42Z",
        "value": "65410.62011241913",
        "cumulative": true
    },
    {
        "date": "2020-09-11T09:31:55Z",
        "value": "68448.19317150116",
        "cumulative": true
    },
    {
        "date": "2020-09-11T09:32:09Z",
        "value": "70519.4698343277",
        "cumulative": true
    },
    {
        "date": "2020-09-11T09:32:25Z",
        "value": "71623.53688144684",
        "cumulative": true
    },
    {
        "date": "2020-09-11T09:32:42Z",
        "value": "72745.43752193451",
        "cumulative": true
    },
    {
        "date": "2020-09-11T09:32:57Z",
        "value": "73763.53678417206",
        "cumulative": true
    },
    {
        "date": "2020-09-11T09:33:12Z",
        "value": "74729.00033855438",
        "cumulative": true
    },
    {
        "date": "2020-09-11T09:33:23Z",
        "value": "76533.06986236572",
        "cumulative": true
    },
    {
        "date": "2020-09-11T09:33:42Z",
        "value": "81791.96559524536",
        "cumulative": true
    },
    {
        "date": "2020-09-11T09:33:53Z",
        "value": "84685.22179412842",
        "cumulative": true
    },
    {
        "date": "2020-09-11T09:34:12Z",
        "value": "88581.60088253021",
        "cumulative": true
    },
    {
        "date": "2020-09-11T09:34:25Z",
        "value": "89426.07650661469",
        "cumulative": true
    },
    {
        "date": "2020-09-11T09:34:44Z",
        "value": "90674.86825275421",
        "cumulative": true
    },
    {
        "date": "2020-09-11T09:34:57Z",
        "value": "91511.70268726349",
        "cumulative": true
    },
    {
        "date": "2020-09-11T09:35:12Z",
        "value": "92490.19863033295",
        "cumulative": true
    },
    {
        "date": "2020-09-11T09:35:26Z",
        "value": "93410.04117107391",
        "cumulative": true
    },
    {
        "date": "2020-09-11T09:35:44Z",
        "value": "94655.00692653656",
        "cumulative": true
    },
    {
        "date": "2020-09-11T09:36:00Z",
        "value": "98433.7170753479",
        "cumulative": true
    },
    {
        "date": "2020-09-11T09:36:13Z",
        "value": "101665.94977378845",
        "cumulative": true
    },
    {
        "date": "2020-09-11T09:36:31Z",
        "value": "106075.81432533264",
        "cumulative": true
    },
    {
        "date": "2020-09-11T09:36:48Z",
        "value": "110533.00796508789",
        "cumulative": true
    },
    {
        "date": "2020-09-11T09:36:58Z",
        "value": "111881.17924022675",
        "cumulative": true
    },
    {
        "date": "2020-09-11T09:37:10Z",
        "value": "112661.58875179291",
        "cumulative": true
    },
    {
        "date": "2020-09-11T09:37:29Z",
        "value": "113904.12527561188",
        "cumulative": true
    },
    {
        "date": "2020-09-11T09:37:46Z",
        "value": "115035.17748355865",
        "cumulative": true
    },
    {
        "date": "2020-09-11T09:37:59Z",
        "value": "115890.77638149261",
        "cumulative": true
    },
    {
        "date": "2020-09-11T09:38:11Z",
        "value": "116684.53921985626",
        "cumulative": true
    },
    {
        "date": "2020-09-11T09:38:22Z",
        "value": "117374.64680957794",
        "cumulative": true
    },
    {
        "date": "2020-09-11T09:38:35Z",
        "value": "118257.74826145172",
        "cumulative": true
    },
    {
        "date": "2020-09-11T09:38:55Z",
        "value": "119532.33921146393",
        "cumulative": true
    },
    {
        "date": "2020-09-11T09:39:07Z",
        "value": "122808.36278915405",
        "cumulative": true
    },
    {
        "date": "2020-09-11T09:39:23Z",
        "value": "127003.56647491455",
        "cumulative": true
    },
    {
        "date": "2020-09-11T09:39:36Z",
        "value": "130197.64155387878",
        "cumulative": true
    },
    {
        "date": "2020-09-11T09:39:55Z",
        "value": "135392.1992301941",
        "cumulative": true
    },
    {
        "date": "2020-09-11T09:40:09Z",
        "value": "139073.67005729675",
        "cumulative": true
    },
    {
        "date": "2020-09-11T09:40:26Z",
        "value": "141305.95164775848",
        "cumulative": true
    },
    {
        "date": "2020-09-11T09:40:40Z",
        "value": "142229.57449436188",
        "cumulative": true
    },
    {
        "date": "2020-09-11T09:40:55Z",
        "value": "143258.35578250885",
        "cumulative": true
    },
    {
        "date": "2020-09-11T09:41:07Z",
        "value": "144055.31816768646",
        "cumulative": true
    },
    {
        "date": "2020-09-11T09:41:21Z",
        "value": "144967.3709821701",
        "cumulative": true
    },
    {
        "date": "2020-09-11T09:41:36Z",
        "value": "145962.5063943863",
        "cumulative": true
    },
    {
        "date": "2020-09-11T09:41:52Z",
        "value": "147018.86740589142",
        "cumulative": true
    },
    {
        "date": "2020-09-11T09:42:07Z",
        "value": "147993.26188373566",
        "cumulative": true
    },
    {
        "date": "2020-09-11T09:42:26Z",
        "value": "149219.75948429108",
        "cumulative": true
    },
    {
        "date": "2020-09-11T09:42:42Z",
        "value": "150275.11847019196",
        "cumulative": true
    },
    {
        "date": "2020-09-11T09:42:53Z",
        "value": "150994.7642030716",
        "cumulative": true
    },
    {
        "date": "2020-09-11T09:43:04Z",
        "value": "153322.70758628845",
        "cumulative": true
    },
    {
        "date": "2020-09-11T09:43:18Z",
        "value": "157141.44251441956",
        "cumulative": true
    },
    {
        "date": "2020-09-11T09:43:31Z",
        "value": "160620.4788017273",
        "cumulative": true
    },
    {
        "date": "2020-09-11T09:43:50Z",
        "value": "165380.30144309998",
        "cumulative": true
    },
    {
        "date": "2020-09-11T09:44:03Z",
        "value": "168814.7966117859",
        "cumulative": true
    },
    {
        "date": "2020-09-11T09:44:14Z",
        "value": "171946.56559181213",
        "cumulative": true
    },
    {
        "date": "2020-09-11T09:44:30Z",
        "value": "176413.5586681366",
        "cumulative": true
    },
    {
        "date": "2020-09-11T09:44:46Z",
        "value": "178337.93151378632",
        "cumulative": true
    },
    {
        "date": "2020-09-11T09:44:58Z",
        "value": "179085.94563770294",
        "cumulative": true
    },
    {
        "date": "2020-09-11T09:45:10Z",
        "value": "179920.12355327606",
        "cumulative": true
    },
    {
        "date": "2020-09-11T09:45:21Z",
        "value": "180601.3643541336",
        "cumulative": true
    },
    {
        "date": "2020-09-11T09:45:32Z",
        "value": "181287.680018425",
        "cumulative": true
    },
    {
        "date": "2020-09-11T09:45:45Z",
        "value": "182179.33708286285",
        "cumulative": true
    },
    {
        "date": "2020-09-11T09:45:56Z",
        "value": "182847.23398685455",
        "cumulative": true
    },
    {
        "date": "2020-09-11T09:46:13Z",
        "value": "184013.48045635223",
        "cumulative": true
    },
    {
        "date": "2020-09-11T09:46:24Z",
        "value": "184715.44251918793",
        "cumulative": true
    },
    {
        "date": "2020-09-11T09:46:40Z",
        "value": "185729.95001125336",
        "cumulative": true
    },
    {
        "date": "2020-09-11T09:46:52Z",
        "value": "186521.90315914154",
        "cumulative": true
    },
    {
        "date": "2020-09-11T09:47:04Z",
        "value": "187303.81830310822",
        "cumulative": true
    },
    {
        "date": "2020-09-11T09:47:23Z",
        "value": "188531.8322877884",
        "cumulative": true
    },
    {
        "date": "2020-09-11T09:47:41Z",
        "value": "189747.202170372",
        "cumulative": true
    },
    {
        "date": "2020-09-11T09:47:53Z",
        "value": "190488.7373971939",
        "cumulative": true
    },
    {
        "date": "2020-09-11T09:48:08Z",
        "value": "193854.12586784363",
        "cumulative": true
    },
    {
        "date": "2020-09-11T09:48:25Z",
        "value": "198233.62735557556",
        "cumulative": true
    },
    {
        "date": "2020-09-11T09:48:43Z",
        "value": "202813.38716506958",
        "cumulative": true
    },
    {
        "date": "2020-09-11T09:48:55Z",
        "value": "206022.09600830078",
        "cumulative": true
    },
    {
        "date": "2020-09-11T09:49:06Z",
        "value": "208859.7526512146",
        "cumulative": true
    },
    {
        "date": "2020-09-11T09:49:18Z",
        "value": "212138.48624801636",
        "cumulative": true
    },
    {
        "date": "2020-09-11T09:49:35Z",
        "value": "216784.79019737244",
        "cumulative": true
    },
    {
        "date": "2020-09-11T09:49:46Z",
        "value": "219512.66910362244",
        "cumulative": true
    },
    {
        "date": "2020-09-11T09:50:00Z",
        "value": "222904.71517181396",
        "cumulative": true
    },
    {
        "date": "2020-09-11T09:50:12Z",
        "value": "224590.67783260345",
        "cumulative": true
    },
    {
        "date": "2020-09-11T09:50:28Z",
        "value": "225666.8916940689",
        "cumulative": true
    },
    {
        "date": "2020-09-11T09:50:39Z",
        "value": "226352.76524066925",
        "cumulative": true
    },
    {
        "date": "2020-09-11T09:50:57Z",
        "value": "227507.76180171967",
        "cumulative": true
    },
    {
        "date": "2020-09-11T09:51:17Z",
        "value": "228763.64844036102",
        "cumulative": true
    },
    {
        "date": "2020-09-11T09:51:34Z",
        "value": "229868.89306354523",
        "cumulative": true
    },
    {
        "date": "2020-09-11T09:51:46Z",
        "value": "230674.7902727127",
        "cumulative": true
    },
    {
        "date": "2020-09-11T09:52:03Z",
        "value": "231842.79652881622",
        "cumulative": true
    },
    {
        "date": "2020-09-11T09:52:21Z",
        "value": "233025.25130558014",
        "cumulative": true
    },
    {
        "date": "2020-09-11T09:52:35Z",
        "value": "233880.12104701996",
        "cumulative": true
    },
    {
        "date": "2020-09-11T09:52:53Z",
        "value": "235051.80224704742",
        "cumulative": true
    },
    {
        "date": "2020-09-11T09:53:10Z",
        "value": "236214.51283168793",
        "cumulative": true
    },
    {
        "date": "2020-09-11T09:53:28Z",
        "value": "237357.84528446198",
        "cumulative": true
    },
    {
        "date": "2020-09-11T09:53:46Z",
        "value": "238548.72371959686",
        "cumulative": true
    },
    {
        "date": "2020-09-11T09:54:00Z",
        "value": "239513.67691516876",
        "cumulative": true
    },
    {
        "date": "2020-09-11T09:54:18Z",
        "value": "240709.17842006683",
        "cumulative": true
    },
    {
        "date": "2020-09-11T09:54:35Z",
        "value": "244666.11092948914",
        "cumulative": true
    },
    {
        "date": "2020-09-11T09:54:47Z",
        "value": "247668.63846588135",
        "cumulative": true
    },
    {
        "date": "2020-09-11T09:55:05Z",
        "value": "252664.63270187378",
        "cumulative": true
    },
    {
        "date": "2020-09-11T09:55:16Z",
        "value": "255614.8106250763",
        "cumulative": true
    },
    {
        "date": "2020-09-11T09:55:27Z",
        "value": "258569.65300369263",
        "cumulative": true
    },
    {
        "date": "2020-09-11T09:55:43Z",
        "value": "263208.0953464508",
        "cumulative": true
    },
    {
        "date": "2020-09-11T09:55:58Z",
        "value": "266908.99784469604",
        "cumulative": true
    },
    {
        "date": "2020-09-11T09:56:16Z",
        "value": "271537.56785202026",
        "cumulative": true
    },
    {
        "date": "2020-09-11T09:56:32Z",
        "value": "275879.53233909607",
        "cumulative": true
    },
    {
        "date": "2020-09-11T09:56:49Z",
        "value": "280471.63105010986",
        "cumulative": true
    },
    {
        "date": "2020-09-11T09:57:00Z",
        "value": "283132.642870903",
        "cumulative": true
    },
    {
        "date": "2020-09-11T09:57:18Z",
        "value": "284322.76835536957",
        "cumulative": true
    },
    {
        "date": "2020-09-11T09:57:37Z",
        "value": "285638.60002040863",
        "cumulative": true
    },
    {
        "date": "2020-09-11T09:57:51Z",
        "value": "286530.7082166672",
        "cumulative": true
    },
    {
        "date": "2020-09-11T09:58:07Z",
        "value": "287571.86421108246",
        "cumulative": true
    },
    {
        "date": "2020-09-11T09:58:23Z",
        "value": "288740.4261865616",
        "cumulative": true
    },
    {
        "date": "2020-09-11T09:58:43Z",
        "value": "290024.61392498016",
        "cumulative": true
    },
    {
        "date": "2020-09-11T09:58:57Z",
        "value": "290951.54675769806",
        "cumulative": true
    },
    {
        "date": "2020-09-11T09:59:08Z",
        "value": "291689.09607982635",
        "cumulative": true
    },
    {
        "date": "2020-09-11T09:59:25Z",
        "value": "292784.17910289764",
        "cumulative": true
    },
    {
        "date": "2020-09-11T09:59:37Z",
        "value": "293590.23923778534",
        "cumulative": true
    },
    {
        "date": "2020-09-11T09:59:53Z",
        "value": "294636.45629405975",
        "cumulative": true
    },
    {
        "date": "2020-09-11T10:00:11Z",
        "value": "295791.65383434296",
        "cumulative": true
    },
    {
        "date": "2020-09-11T10:00:28Z",
        "value": "296951.3856725693",
        "cumulative": true
    },
    {
        "date": "2020-09-11T10:00:42Z",
        "value": "297807.80374622345",
        "cumulative": true
    },
    {
        "date": "2020-09-11T10:00:56Z",
        "value": "298725.5987138748",
        "cumulative": true
    },
    {
        "date": "2020-09-11T10:01:08Z",
        "value": "299553.65608119965",
        "cumulative": true
    },
    {
        "date": "2020-09-11T10:01:24Z",
        "value": "300619.60035800934",
        "cumulative": true
    },
    {
        "date": "2020-09-11T10:01:42Z",
        "value": "301789.40965366364",
        "cumulative": true
    },
    {
        "date": "2020-09-11T10:02:01Z",
        "value": "303077.41034030914",
        "cumulative": true
    },
    {
        "date": "2020-09-11T10:02:12Z",
        "value": "303730.53325366974",
        "cumulative": true
    },
    {
        "date": "2020-09-11T10:02:28Z",
        "value": "307013.2223186493",
        "cumulative": true
    },
    {
        "date": "2020-09-11T10:02:47Z",
        "value": "311571.3470249176",
        "cumulative": true
    },
    {
        "date": "2020-09-11T10:03:01Z",
        "value": "315581.8478565216",
        "cumulative": true
    },
    {
        "date": "2020-09-11T10:03:20Z",
        "value": "321155.8057937622",
        "cumulative": true
    },
    {
        "date": "2020-09-11T10:03:38Z",
        "value": "325909.59341812134",
        "cumulative": true
    },
    {
        "date": "2020-09-11T10:03:48Z",
        "value": "328608.79755973816",
        "cumulative": true
    },
    {
        "date": "2020-09-11T10:03:59Z",
        "value": "331547.9601402283",
        "cumulative": true
    },
    {
        "date": "2020-09-11T10:04:11Z",
        "value": "334846.2335910797",
        "cumulative": true
    },
    {
        "date": "2020-09-11T10:04:28Z",
        "value": "339718.99548339844",
        "cumulative": true
    },
    {
        "date": "2020-09-11T10:04:39Z",
        "value": "342889.3740940094",
        "cumulative": true
    },
    {
        "date": "2020-09-11T10:04:53Z",
        "value": "347029.09307289124",
        "cumulative": true
    },
    {
        "date": "2020-09-11T10:05:11Z",
        "value": "351577.3099155426",
        "cumulative": true
    },
    {
        "date": "2020-09-11T10:05:25Z",
        "value": "354958.14827156067",
        "cumulative": true
    },
    {
        "date": "2020-09-11T10:05:37Z",
        "value": "357632.52023983",
        "cumulative": true
    },
    {
        "date": "2020-09-11T10:05:56Z",
        "value": "358807.8403367996",
        "cumulative": true
    },
    {
        "date": "2020-09-11T10:06:09Z",
        "value": "359759.93186092377",
        "cumulative": true
    },
    {
        "date": "2020-09-11T10:06:26Z",
        "value": "360823.5771303177",
        "cumulative": true
    },
    {
        "date": "2020-09-11T10:06:44Z",
        "value": "361950.235165596",
        "cumulative": true
    },
    {
        "date": "2020-09-11T10:06:56Z",
        "value": "362767.87035655975",
        "cumulative": true
    },
    {
        "date": "2020-09-11T10:07:08Z",
        "value": "363526.33016872406",
        "cumulative": true
    },
    {
        "date": "2020-09-11T10:07:24Z",
        "value": "364624.22341632843",
        "cumulative": true
    },
    {
        "date": "2020-09-11T10:07:36Z",
        "value": "365348.5349550247",
        "cumulative": true
    },
    {
        "date": "2020-09-11T10:07:50Z",
        "value": "366310.55853557587",
        "cumulative": true
    },
    {
        "date": "2020-09-11T10:08:04Z",
        "value": "367214.2121191025",
        "cumulative": true
    },
    {
        "date": "2020-09-11T10:08:21Z",
        "value": "368289.5658941269",
        "cumulative": true
    },
    {
        "date": "2020-09-11T10:08:37Z",
        "value": "369331.2487478256",
        "cumulative": true
    },
    {
        "date": "2020-09-11T10:08:54Z",
        "value": "370447.9088125229",
        "cumulative": true
    },
    {
        "date": "2020-09-11T10:09:13Z",
        "value": "371723.4096517563",
        "cumulative": true
    },
    {
        "date": "2020-09-11T10:09:27Z",
        "value": "372608.71287441254",
        "cumulative": true
    },
    {
        "date": "2020-09-11T10:09:43Z",
        "value": "373634.6274213791",
        "cumulative": true
    },
    {
        "date": "2020-09-11T10:09:53Z",
        "value": "374380.6124486923",
        "cumulative": true
    },
    {
        "date": "2020-09-11T10:10:13Z",
        "value": "375651.23120212555",
        "cumulative": true
    },
    {
        "date": "2020-09-11T10:10:28Z",
        "value": "376596.3523759842",
        "cumulative": true
    },
    {
        "date": "2020-09-11T10:10:47Z",
        "value": "377839.53174495697",
        "cumulative": true
    },
    {
        "date": "2020-09-11T10:11:01Z",
        "value": "378750.5500974655",
        "cumulative": true
    },
    {
        "date": "2020-09-11T10:11:20Z",
        "value": "380019.44476032257",
        "cumulative": true
    },
    {
        "date": "2020-09-11T10:11:38Z",
        "value": "381289.9815855026",
        "cumulative": true
    },
    {
        "date": "2020-09-11T10:11:50Z",
        "value": "382087.938542366",
        "cumulative": true
    },
    {
        "date": "2020-09-11T10:12:04Z",
        "value": "382932.99317646027",
        "cumulative": true
    },
    {
        "date": "2020-09-11T10:12:22Z",
        "value": "384622.6005458832",
        "cumulative": true
    },
    {
        "date": "2020-09-11T10:12:33Z",
        "value": "387525.1790962219",
        "cumulative": true
    },
    {
        "date": "2020-09-11T10:12:48Z",
        "value": "391579.6993942261",
        "cumulative": true
    },
    {
        "date": "2020-09-11T10:13:06Z",
        "value": "396471.27975845337",
        "cumulative": true
    },
    {
        "date": "2020-09-11T10:13:23Z",
        "value": "400734.45447540283",
        "cumulative": true
    },
    {
        "date": "2020-09-11T10:13:37Z",
        "value": "404695.19882011414",
        "cumulative": true
    },
    {
        "date": "2020-09-11T10:13:52Z",
        "value": "408570.18684768677",
        "cumulative": true
    },
    {
        "date": "2020-09-11T10:14:07Z",
        "value": "412868.9302253723",
        "cumulative": true
    },
    {
        "date": "2020-09-11T10:14:19Z",
        "value": "416233.4685783386",
        "cumulative": true
    },
    {
        "date": "2020-09-11T10:14:34Z",
        "value": "420261.97902297974",
        "cumulative": true
    },
    {
        "date": "2020-09-11T10:14:48Z",
        "value": "423767.4966278076",
        "cumulative": true
    },
    {
        "date": "2020-09-11T10:15:01Z",
        "value": "427439.50860214233",
        "cumulative": true
    },
    {
        "date": "2020-09-11T10:15:14Z",
        "value": "430885.06858825684",
        "cumulative": true
    },
    {
        "date": "2020-09-11T10:15:28Z",
        "value": "434432.7854156494",
        "cumulative": true
    },
    {
        "date": "2020-09-11T10:15:40Z",
        "value": "437772.67196655273",
        "cumulative": true
    },
    {
        "date": "2020-09-11T10:15:59Z",
        "value": "443164.1544532776",
        "cumulative": true
    },
    {
        "date": "2020-09-11T10:16:19Z",
        "value": "448515.3867778778",
        "cumulative": true
    },
    {
        "date": "2020-09-11T10:16:36Z",
        "value": "451542.6212730408",
        "cumulative": true
    },
    {
        "date": "2020-09-11T10:16:53Z",
        "value": "452612.3580570221",
        "cumulative": true
    },
    {
        "date": "2020-09-11T10:17:10Z",
        "value": "453692.113363266",
        "cumulative": true
    },
    {
        "date": "2020-09-11T10:17:28Z",
        "value": "454920.8716621399",
        "cumulative": true
    },
    {
        "date": "2020-09-11T10:17:39Z",
        "value": "455631.6685066223",
        "cumulative": true
    },
    {
        "date": "2020-09-11T10:17:59Z",
        "value": "456961.03852272034",
        "cumulative": true
    },
    {
        "date": "2020-09-11T10:18:09Z",
        "value": "457630.90204048157",
        "cumulative": true
    },
    {
        "date": "2020-09-11T10:18:25Z",
        "value": "458671.2846889496",
        "cumulative": true
    },
    {
        "date": "2020-09-11T10:18:42Z",
        "value": "459765.72427749634",
        "cumulative": true
    },
    {
        "date": "2020-09-11T10:18:53Z",
        "value": "460529.26150894165",
        "cumulative": true
    },
    {
        "date": "2020-09-11T10:19:05Z",
        "value": "461316.73211479187",
        "cumulative": true
    },
    {
        "date": "2020-09-11T10:19:16Z",
        "value": "461993.47130584717",
        "cumulative": true
    },
    {
        "date": "2020-09-11T10:19:32Z",
        "value": "463020.7365722656",
        "cumulative": true
    },
    {
        "date": "2020-09-11T10:19:44Z",
        "value": "463868.97981643677",
        "cumulative": true
    },
    {
        "date": "2020-09-11T10:20:01Z",
        "value": "464967.95479393005",
        "cumulative": true
    },
    {
        "date": "2020-09-11T10:20:17Z",
        "value": "465976.8983325958",
        "cumulative": true
    },
    {
        "date": "2020-09-11T10:20:29Z",
        "value": "466708.6568813324",
        "cumulative": true
    },
    {
        "date": "2020-09-11T10:20:48Z",
        "value": "467992.60938072205",
        "cumulative": true
    },
    {
        "date": "2020-09-11T10:21:02Z",
        "value": "468799.87839889526",
        "cumulative": true
    },
    {
        "date": "2020-09-11T10:21:19Z",
        "value": "470003.6985645294",
        "cumulative": true
    },
    {
        "date": "2020-09-11T10:21:34Z",
        "value": "470895.5701904297",
        "cumulative": true
    },
    {
        "date": "2020-09-11T10:21:45Z",
        "value": "471592.65372657776",
        "cumulative": true
    },
    {
        "date": "2020-09-11T10:22:03Z",
        "value": "472725.3317756653",
        "cumulative": true
    },
    {
        "date": "2020-09-11T10:22:18Z",
        "value": "473709.36706352234",
        "cumulative": true
    },
    {
        "date": "2020-09-11T10:22:29Z",
        "value": "474405.1400909424",
        "cumulative": true
    },
    {
        "date": "2020-09-11T10:22:44Z",
        "value": "475427.46932411194",
        "cumulative": true
    },
    {
        "date": "2020-09-11T10:23:04Z",
        "value": "476716.54134368896",
        "cumulative": true
    },
    {
        "date": "2020-09-11T10:23:20Z",
        "value": "477761.19652175903",
        "cumulative": true
    },
    {
        "date": "2020-09-11T10:23:32Z",
        "value": "478520.22885131836",
        "cumulative": true
    },
    {
        "date": "2020-09-11T10:23:45Z",
        "value": "479403.8399810791",
        "cumulative": true
    },
    {
        "date": "2020-09-11T10:24:01Z",
        "value": "480441.17041015625",
        "cumulative": true
    },
    {
        "date": "2020-09-11T10:24:12Z",
        "value": "481144.62431907654",
        "cumulative": true
    },
    {
        "date": "2020-09-11T10:24:27Z",
        "value": "482119.5287322998",
        "cumulative": true
    },
    {
        "date": "2020-09-11T10:24:45Z",
        "value": "483226.4119873047",
        "cumulative": true
    },
    {
        "date": "2020-09-11T10:24:58Z",
        "value": "484100.4919490814",
        "cumulative": true
    },
    {
        "date": "2020-09-11T10:25:15Z",
        "value": "484774.001783371",
        "cumulative": true
    }
]