[
    {
        "date": "2020-09-11T09:23:09Z",
        "value": "0.296417127",
        "cumulative": false
    },
    {
        "date": "2020-09-11T09:23:25Z",
        "value": "0.834915473",
        "cumulative": false
    },
    {
        "date": "2020-09-11T09:23:40Z",
        "value": "0.790003305",
        "cumulative": false
    },
    {
        "date": "2020-09-11T09:23:51Z",
        "value": "0.816197982",
        "cumulative": false
    },
    {
        "date": "2020-09-11T09:24:09Z",
        "value": "1.502563667",
        "cumulative": false
    },
    {
        "date": "2020-09-11T09:24:25Z",
        "value": "1.343714787",
        "cumulative": false
    },
    {
        "date": "2020-09-11T09:24:45Z",
        "value": "1.174874485",
        "cumulative": false
    },
    {
        "date": "2020-09-11T09:25:04Z",
        "value": "0.934155428",
        "cumulative": false
    },
    {
        "date": "2020-09-11T09:25:16Z",
        "value": "1.0421035",
        "cumulative": false
    },
    {
        "date": "2020-09-11T09:25:27Z",
        "value": "1.038943018",
        "cumulative": false
    },
    {
        "date": "2020-09-11T09:25:45Z",
        "value": "0.946803138",
        "cumulative": false
    },
    {
        "date": "2020-09-11T09:26:00Z",
        "value": "0.881224601",
        "cumulative": false
    },
    {
        "date": "2020-09-11T09:26:11Z",
        "value": "0.959393451",
        "cumulative": false
    },
    {
        "date": "2020-09-11T09:26:26Z",
        "value": "0.997753964",
        "cumulative": false
    },
    {
        "date": "2020-09-11T09:26:39Z",
        "value": "0.820365709",
        "cumulative": false
    },
    {
        "date": "2020-09-11T09:26:53Z",
        "value": "1.061777038",
        "cumulative": false
    },
    {
        "date": "2020-09-11T09:27:09Z",
        "value": "0.778490391",
        "cumulative": false
    },
    {
        "date": "2020-09-11T09:27:23Z",
        "value": "0.954586937",
        "cumulative": false
    },
    {
        "date": "2020-09-11T09:27:43Z",
        "value": "1.025054605",
        "cumulative": false
    },
    {
        "date": "2020-09-11T09:27:54Z",
        "value": "0.641591218",
        "cumulative": false
    },
    {
        "date": "2020-09-11T09:28:12Z",
        "value": "0.962954572",
        "cumulative": false
    },
    {
        "date": "2020-09-11T09:28:26Z",
        "value": "1.082096126",
        "cumulative": false
    },
    {
        "date": "2020-09-11T09:28:45Z",
        "value": "0.864529314",
        "cumulative": false
    },
    {
        "date": "2020-09-11T09:28:58Z",
        "value": "0.677414864",
        "cumulative": false
    },
    {
        "date": "2020-09-11T09:29:18Z",
        "value": "0.936950928",
        "cumulative": false
    },
    {
        "date": "2020-09-11T09:29:31Z",
        "value": "0.995925842",
        "cumulative": false
    },
    {
        "date": "2020-09-11T09:29:48Z",
        "value": "1.031963586",
        "cumulative": false
    },
    {
        "date": "2020-09-11T09:30:04Z",
        "value": "0.775570987",
        "cumulative": false
    },
    {
        "date": "2020-09-11T09:30:20Z",
        "value": "0.700964808",
        "cumulative": false
    },
    {
        "date": "2020-09-11T09:30:33Z",
        "value": "1.004745579",
        "cumulative": false
    },
    {
        "date": "2020-09-11T09:30:43Z",
        "value": "1.019254527",
        "cumulative": false
    },
    {
        "date": "2020-09-11T09:30:54Z",
        "value": "1.006587763",
        "cumulative": false
    },
    {
        "date": "2020-09-11T09:31:11Z",
        "value": "1.018910399",
        "cumulative": false
    },
    {
        "date": "2020-09-11T09:31:25Z",
        "value": "0.921109385",
        "cumulative": false
    },
    {
        "date": "2020-09-11T09:31:35Z",
        "value": "0.731697814",
        "cumulative": false
    },
    {
        "date": "2020-09-11T09:31:46Z",
        "value": "0.680587448",
        "cumulative": false
    },
    {
        "date": "2020-09-11T09:32:03Z",
        "value": "0.740377234",
        "cumulative": false
    },
    {
        "date": "2020-09-11T09:32:13Z",
        "value": "1.016865677",
        "cumulative": false
    },
    {
        "date": "2020-09-11T09:32:28Z",
        "value": "1.008972695",
        "cumulative": false
    },
    {
        "date": "2020-09-11T09:32:43Z",
        "value": "1.031644038",
        "cumulative": false
    },
    {
        "date": "2020-09-11T09:32:57Z",
        "value": "1.005403861",
        "cumulative": false
    },
    {
        "date": "2020-09-11T09:33:08Z",
        "value": "1.008057892",
        "cumulative": false
    },
    {
        "date": "2020-09-11T09:33:18Z",
        "value": "0.9862137",
        "cumulative": false
    },
    {
        "date": "2020-09-11T09:33:36Z",
        "value": "0.695957997",
        "cumulative": false
    },
    {
        "date": "2020-09-11T09:33:48Z",
        "value": "0.700322008",
        "cumulative": false
    },
    {
        "date": "2020-09-11T09:34:05Z",
        "value": "0.726035668",
        "cumulative": false
    },
    {
        "date": "2020-09-11T09:34:20Z",
        "value": "0.989124679",
        "cumulative": false
    },
    {
        "date": "2020-09-11T09:34:32Z",
        "value": "0.976409516",
        "cumulative": false
    },
    {
        "date": "2020-09-11T09:34:48Z",
        "value": "1.004526745",
        "cumulative": false
    },
    {
        "date": "2020-09-11T09:35:04Z",
        "value": "0.972770982",
        "cumulative": false
    },
    {
        "date": "2020-09-11T09:35:22Z",
        "value": "1.002522358",
        "cumulative": false
    },
    {
        "date": "2020-09-11T09:35:34Z",
        "value": "0.988503988",
        "cumulative": false
    },
    {
        "date": "2020-09-11T09:35:51Z",
        "value": "0.850926067",
        "cumulative": false
    },
    {
        "date": "2020-09-11T09:36:01Z",
        "value": "0.727793038",
        "cumulative": false
    },
    {
        "date": "2020-09-11T09:36:13Z",
        "value": "0.659372857",
        "cumulative": false
    },
    {
        "date": "2020-09-11T09:36:28Z",
        "value": "0.618554542",
        "cumulative": false
    },
    {
        "date": "2020-09-11T09:36:46Z",
        "value": "0.675800248",
        "cumulative": false
    },
    {
        "date": "2020-09-11T09:36:56Z",
        "value": "0.894268265",
        "cumulative": false
    },
    {
        "date": "2020-09-11T09:37:09Z",
        "value": "1.004992607",
        "cumulative": false
    },
    {
        "date": "2020-09-11T09:37:27Z",
        "value": "0.969896731",
        "cumulative": false
    },
    {
        "date": "2020-09-11T09:37:39Z",
        "value": "0.97310061",
        "cumulative": false
    },
    {
        "date": "2020-09-11T09:37:56Z",
        "value": "0.938732643",
        "cumulative": false
    },
    {
        "date": "2020-09-11T09:38:09Z",
        "value": "0.98425789",
        "cumulative": false
    },
    {
        "date": "2020-09-11T09:38:28Z",
        "value": "0.960141619",
        "cumulative": false
    },
    {
        "date": "2020-09-11T09:38:47Z",
        "value": "0.957127232",
        "cumulative": false
    },
    {
        "date": "2020-09-11T09:38:59Z",
        "value": "0.875261947",
        "cumulative": false
    },
    {
        "date": "2020-09-11T09:39:13Z",
        "value": "0.733257538",
        "cumulative": false
    },
    {
        "date": "2020-09-11T09:39:27Z",
        "value": "0.703922375",
        "cumulative": false
    },
    {
        "date": "2020-09-11T09:39:37Z",
        "value": "0.631510225",
        "cumulative": false
    },
    {
        "date": "2020-09-11T09:39:55Z",
        "value": "0.704324106",
        "cumulative": false
    },
    {
        "date": "2020-09-11T09:40:10Z",
        "value": "0.667714233",
        "cumulative": false
    },
    {
        "date": "2020-09-11T09:40:22Z",
        "value": "0.879321591",
        "cumulative": false
    },
    {
        "date": "2020-09-11T09:40:33Z",
        "value": "0.938031888",
        "cumulative": false
    },
    {
        "date": "2020-09-11T09:40:44Z",
        "value": "0.955076494",
        "cumulative": false
    },
    {
        "date": "2020-09-11T09:41:01Z",
        "value": "0.97600464",
        "cumulative": false
    },
    {
        "date": "2020-09-11T09:41:19Z",
        "value": "0.952324561",
        "cumulative": false
    },
    {
        "date": "2020-09-11T09:41:30Z",
        "value": "0.97891166",
        "cumulative": false
    },
    {
        "date": "2020-09-11T09:41:45Z",
        "value": "0.953424852",
        "cumulative": false
    },
    {
        "date": "2020-09-11T09:42:01Z",
        "value": "0.969576085",
        "cumulative": false
    },
    {
        "date": "2020-09-11T09:42:12Z",
        "value": "0.947782802",
        "cumulative": false
    },
    {
        "date": "2020-09-11T09:42:26Z",
        "value": "0.948551131",
        "cumulative": false
    },
    {
        "date": "2020-09-11T09:42:44Z",
        "value": "0.953755685",
        "cumulative": false
    },
    {
        "date": "2020-09-11T09:42:58Z",
        "value": "0.816969981",
        "cumulative": false
    },
    {
        "date": "2020-09-11T09:43:15Z",
        "value": "0.639657117",
        "cumulative": false
    },
    {
        "date": "2020-09-11T09:43:25Z",
        "value": "0.761171153",
        "cumulative": false
    },
    {
        "date": "2020-09-11T09:43:37Z",
        "value": "0.699935889",
        "cumulative": false
    },
    {
        "date": "2020-09-11T09:43:48Z",
        "value": "0.649067923",
        "cumulative": false
    },
    {
        "date": "2020-09-11T09:43:59Z",
        "value": "0.671459906",
        "cumulative": false
    },
    {
        "date": "2020-09-11T09:44:11Z",
        "value": "0.701213105",
        "cumulative": false
    },
    {
        "date": "2020-09-11T09:44:24Z",
        "value": "0.731237835",
        "cumulative": false
    },
    {
        "date": "2020-09-11T09:44:38Z",
        "value": "0.794250124",
        "cumulative": false
    },
    {
        "date": "2020-09-11T09:44:50Z",
        "value": "0.970719206",
        "cumulative": false
    },
    {
        "date": "2020-09-11T09:45:09Z",
        "value": "0.960553963",
        "cumulative": false
    },
    {
        "date": "2020-09-11T09:45:19Z",
        "value": "0.96264188",
        "cumulative": false
    },
    {
        "date": "2020-09-11T09:45:29Z",
        "value": "0.940263824",
        "cumulative": false
    },
    {
        "date": "2020-09-11T09:45:45Z",
        "value": "0.941222168",
        "cumulative": false
    },
    {
        "date": "2020-09-11T09:46:05Z",
        "value": "0.953895059",
        "cumulative": false
    },
    {
        "date": "2020-09-11T09:46:23Z",
        "value": "0.950279101",
        "cumulative": false
    },
    {
        "date": "2020-09-11T09:46:39Z",
        "value": "0.931265155",
        "cumulative": false
    },
    {
        "date": "2020-09-11T09:46:56Z",
        "value": "0.978413193",
        "cumulative": false
    },
    {
        "date": "2020-09-11T09:47:09Z",
        "value": "0.96015489",
        "cumulative": false
    },
    {
        "date": "2020-09-11T09:47:28Z",
        "value": "0.965423033",
        "cumulative": false
    },
    {
        "date": "2020-09-11T09:47:46Z",
        "value": "0.952494755",
        "cumulative": false
    },
    {
        "date": "2020-09-11T09:47:58Z",
        "value": "0.924811035",
        "cumulative": false
    },
    {
        "date": "2020-09-11T09:48:08Z",
        "value": "0.662169412",
        "cumulative": false
    },
    {
        "date": "2020-09-11T09:48:20Z",
        "value": "0.661331372",
        "cumulative": false
    },
    {
        "date": "2020-09-11T09:48:37Z",
        "value": "0.686024162",
        "cumulative": false
    },
    {
        "date": "2020-09-11T09:48:56Z",
        "value": "0.681859598",
        "cumulative": false
    },
    {
        "date": "2020-09-11T09:49:14Z",
        "value": "0.671422733",
        "cumulative": false
    },
    {
        "date": "2020-09-11T09:49:27Z",
        "value": "0.700895887",
        "cumulative": false
    },
    {
        "date": "2020-09-11T09:49:46Z",
        "value": "0.703697456",
        "cumulative": false
    },
    {
        "date": "2020-09-11T09:50:02Z",
        "value": "0.645488985",
        "cumulative": false
    },
    {
        "date": "2020-09-11T09:50:17Z",
        "value": "0.901077836",
        "cumulative": false
    },
    {
        "date": "2020-09-11T09:50:35Z",
        "value": "0.954377818",
        "cumulative": false
    },
    {
        "date": "2020-09-11T09:50:51Z",
        "value": "0.92864839",
        "cumulative": false
    },
    {
        "date": "2020-09-11T09:51:01Z",
        "value": "0.91784815",
        "cumulative": false
    },
    {
        "date": "2020-09-11T09:51:11Z",
        "value": "0.975929881",
        "cumulative": false
    },
    {
        "date": "2020-09-11T09:51:28Z",
        "value": "0.945793183",
        "cumulative": false
    },
    {
        "date": "2020-09-11T09:51:40Z",
        "value": "0.956465725",
        "cumulative": false
    },
    {
        "date": "2020-09-11T09:51:54Z",
        "value": "0.940235222",
        "cumulative": false
    },
    {
        "date": "2020-09-11T09:52:04Z",
        "value": "0.975598507",
        "cumulative": false
    },
    {
        "date": "2020-09-11T09:52:20Z",
        "value": "0.967435452",
        "cumulative": false
    },
    {
        "date": "2020-09-11T09:52:38Z",
        "value": "0.952195235",
        "cumulative": false
    },
    {
        "date": "2020-09-11T09:52:53Z",
        "value": "0.956943813",
        "cumulative": false
    },
    {
        "date": "2020-09-11T09:53:11Z",
        "value": "0.960943545",
        "cumulative": false
    },
    {
        "date": "2020-09-11T09:53:28Z",
        "value": "0.957936499",
        "cumulative": false
    },
    {
        "date": "2020-09-11T09:53:44Z",
        "value": "0.952030876",
        "cumulative": false
    },
    {
        "date": "2020-09-11T09:53:59Z",
        "value": "0.996908551",
        "cumulative": false
    },
    {
        "date": "2020-09-11T09:54:11Z",
        "value": "0.979545316",
        "cumulative": false
    },
    {
        "date": "2020-09-11T09:54:26Z",
        "value": "0.823914241",
        "cumulative": false
    },
    {
        "date": "2020-09-11T09:54:46Z",
        "value": "0.678001282",
        "cumulative": false
    },
    {
        "date": "2020-09-11T09:54:59Z",
        "value": "0.719776342",
        "cumulative": false
    },
    {
        "date": "2020-09-11T09:55:10Z",
        "value": "0.767992219",
        "cumulative": false
    },
    {
        "date": "2020-09-11T09:55:29Z",
        "value": "0.736684331",
        "cumulative": false
    },
    {
        "date": "2020-09-11T09:55:48Z",
        "value": "0.734089396",
        "cumulative": false
    },
    {
        "date": "2020-09-11T09:56:07Z",
        "value": "0.634076835",
        "cumulative": false
    },
    {
        "date": "2020-09-11T09:56:27Z",
        "value": "0.657618239",
        "cumulative": false
    },
    {
        "date": "2020-09-11T09:56:42Z",
        "value": "0.686589106",
        "cumulative": false
    },
    {
        "date": "2020-09-11T09:56:56Z",
        "value": "0.717513067",
        "cumulative": false
    },
    {
        "date": "2020-09-11T09:57:09Z",
        "value": "0.970500118",
        "cumulative": false
    },
    {
        "date": "2020-09-11T09:57:28Z",
        "value": "1.004764518",
        "cumulative": false
    },
    {
        "date": "2020-09-11T09:57:46Z",
        "value": "0.971116621",
        "cumulative": false
    },
    {
        "date": "2020-09-11T09:58:03Z",
        "value": "0.993729632",
        "cumulative": false
    },
    {
        "date": "2020-09-11T09:58:21Z",
        "value": "0.972380196",
        "cumulative": false
    },
    {
        "date": "2020-09-11T09:58:41Z",
        "value": "0.972274572",
        "cumulative": false
    },
    {
        "date": "2020-09-11T09:58:53Z",
        "value": "0.983291865",
        "cumulative": false
    },
    {
        "date": "2020-09-11T09:59:08Z",
        "value": "0.972085938",
        "cumulative": false
    },
    {
        "date": "2020-09-11T09:59:26Z",
        "value": "0.965744531",
        "cumulative": false
    },
    {
        "date": "2020-09-11T09:59:42Z",
        "value": "0.950768589",
        "cumulative": false
    },
    {
        "date": "2020-09-11T09:59:58Z",
        "value": "0.955630798",
        "cumulative": false
    },
    {
        "date": "2020-09-11T10:00:09Z",
        "value": "0.944029051",
        "cumulative": false
    },
    {
        "date": "2020-09-11T10:00:24Z",
        "value": "0.991291728",
        "cumulative": false
    },
    {
        "date": "2020-09-11T10:00:38Z",
        "value": "0.942255518",
        "cumulative": false
    },
    {
        "date": "2020-09-11T10:00:53Z",
        "value": "0.987196092",
        "cumulative": false
    },
    {
        "date": "2020-09-11T10:01:11Z",
        "value": "0.973995144",
        "cumulative": false
    },
    {
        "date": "2020-09-11T10:01:25Z",
        "value": "0.990382174",
        "cumulative": false
    },
    {
        "date": "2020-09-11T10:01:41Z",
        "value": "0.920246378",
        "cumulative": false
    },
    {
        "date": "2020-09-11T10:02:00Z",
        "value": "0.985068399",
        "cumulative": false
    },
    {
        "date": "2020-09-11T10:02:18Z",
        "value": "0.913912463",
        "cumulative": false
    },
    {
        "date": "2020-09-11T10:02:34Z",
        "value": "0.62490559",
        "cumulative": false
    },
    {
        "date": "2020-09-11T10:02:46Z",
        "value": "0.660399402",
        "cumulative": false
    },
    {
        "date": "2020-09-11T10:02:59Z",
        "value": "0.707811786",
        "cumulative": false
    },
    {
        "date": "2020-09-11T10:03:11Z",
        "value": "0.731741107",
        "cumulative": false
    },
    {
        "date": "2020-09-11T10:03:25Z",
        "value": "0.734914159",
        "cumulative": false
    },
    {
        "date": "2020-09-11T10:03:36Z",
        "value": "0.635445159",
        "cumulative": false
    },
    {
        "date": "2020-09-11T10:03:55Z",
        "value": "0.731859114",
        "cumulative": false
    },
    {
        "date": "2020-09-11T10:04:09Z",
        "value": "0.716476857",
        "cumulative": false
    },
    {
        "date": "2020-09-11T10:04:28Z",
        "value": "0.735324437",
        "cumulative": false
    },
    {
        "date": "2020-09-11T10:04:42Z",
        "value": "0.763624276",
        "cumulative": false
    },
    {
        "date": "2020-09-11T10:04:53Z",
        "value": "0.720597186",
        "cumulative": false
    },
    {
        "date": "2020-09-11T10:05:11Z",
        "value": "0.693063202",
        "cumulative": false
    },
    {
        "date": "2020-09-11T10:05:29Z",
        "value": "0.631373975",
        "cumulative": false
    },
    {
        "date": "2020-09-11T10:05:45Z",
        "value": "0.916230353",
        "cumulative": false
    },
    {
        "date": "2020-09-11T10:06:03Z",
        "value": "0.971980045",
        "cumulative": false
    },
    {
        "date": "2020-09-11T10:06:16Z",
        "value": "0.960127897",
        "cumulative": false
    },
    {
        "date": "2020-09-11T10:06:33Z",
        "value": "0.968995439",
        "cumulative": false
    },
    {
        "date": "2020-09-11T10:06:51Z",
        "value": "0.948458863",
        "cumulative": false
    },
    {
        "date": "2020-09-11T10:07:08Z",
        "value": "0.983306836",
        "cumulative": false
    },
    {
        "date": "2020-09-11T10:07:20Z",
        "value": "0.985550899",
        "cumulative": false
    },
    {
        "date": "2020-09-11T10:07:32Z",
        "value": "0.949499",
        "cumulative": false
    },
    {
        "date": "2020-09-11T10:07:51Z",
        "value": "0.938006521",
        "cumulative": false
    },
    {
        "date": "2020-09-11T10:08:09Z",
        "value": "0.981268447",
        "cumulative": false
    },
    {
        "date": "2020-09-11T10:08:28Z",
        "value": "0.928067021",
        "cumulative": false
    },
    {
        "date": "2020-09-11T10:08:42Z",
        "value": "0.959966278",
        "cumulative": false
    },
    {
        "date": "2020-09-11T10:08:53Z",
        "value": "0.987217568",
        "cumulative": false
    },
    {
        "date": "2020-09-11T10:09:08Z",
        "value": "0.966500602",
        "cumulative": false
    },
    {
        "date": "2020-09-11T10:09:27Z",
        "value": "0.967763155",
        "cumulative": false
    },
    {
        "date": "2020-09-11T10:09:40Z",
        "value": "0.955070293",
        "cumulative": false
    },
    {
        "date": "2020-09-11T10:09:51Z",
        "value": "0.981330414",
        "cumulative": false
    },
    {
        "date": "2020-09-11T10:10:02Z",
        "value": "0.949916067",
        "cumulative": false
    },
    {
        "date": "2020-09-11T10:10:15Z",
        "value": "0.944454998",
        "cumulative": false
    },
    {
        "date": "2020-09-11T10:10:31Z",
        "value": "0.970895886",
        "cumulative": false
    },
    {
        "date": "2020-09-11T10:10:44Z",
        "value": "0.982003318",
        "cumulative": false
    },
    {
        "date": "2020-09-11T10:10:54Z",
        "value": "0.957531383",
        "cumulative": false
    },
    {
        "date": "2020-09-11T10:11:12Z",
        "value": "0.968404042",
        "cumulative": false
    },
    {
        "date": "2020-09-11T10:11:25Z",
        "value": "0.945756338",
        "cumulative": false
    },
    {
        "date": "2020-09-11T10:11:40Z",
        "value": "0.975905033",
        "cumulative": false
    },
    {
        "date": "2020-09-11T10:11:54Z",
        "value": "0.935046092",
        "cumulative": false
    },
    {
        "date": "2020-09-11T10:12:10Z",
        "value": "0.982055017",
        "cumulative": false
    },
    {
        "date": "2020-09-11T10:12:24Z",
        "value": "0.833180326",
        "cumulative": false
    },
    {
        "date": "2020-09-11T10:12:37Z",
        "value": "0.677950434",
        "cumulative": false
    },
    {
        "date": "2020-09-11T10:12:48Z",
        "value": "0.76379871",
        "cumulative": false
    },
    {
        "date": "2020-09-11T10:13:01Z",
        "value": "0.701801563",
        "cumulative": false
    },
    {
        "date": "2020-09-11T10:13:19Z",
        "value": "0.64955699",
        "cumulative": false
    },
    {
        "date": "2020-09-11T10:13:36Z",
        "value": "0.704283359",
        "cumulative": false
    },
    {
        "date": "2020-09-11T10:13:47Z",
        "value": "0.635491491",
        "cumulative": false
    },
    {
        "date": "2020-09-11T10:14:05Z",
        "value": "0.71920663",
        "cumulative": false
    },
    {
        "date": "2020-09-11T10:14:23Z",
        "value": "0.735354638",
        "cumulative": false
    },
    {
        "date": "2020-09-11T10:14:38Z",
        "value": "0.716961744",
        "cumulative": false
    },
    {
        "date": "2020-09-11T10:14:49Z",
        "value": "0.663511655",
        "cumulative": false
    },
    {
        "date": "2020-09-11T10:15:03Z",
        "value": "0.718697571",
        "cumulative": false
    },
    {
        "date": "2020-09-11T10:15:22Z",
        "value": "0.72203523",
        "cumulative": false
    },
    {
        "date": "2020-09-11T10:15:37Z",
        "value": "0.673123233",
        "cumulative": false
    },
    {
        "date": "2020-09-11T10:15:51Z",
        "value": "0.76370943",
        "cumulative": false
    },
    {
        "date": "2020-09-11T10:16:01Z",
        "value": "0.673449359",
        "cumulative": false
    },
    {
        "date": "2020-09-11T10:16:17Z",
        "value": "0.699120742",
        "cumulative": false
    },
    {
        "date": "2020-09-11T10:16:34Z",
        "value": "0.751042312",
        "cumulative": false
    },
    {
        "date": "2020-09-11T10:16:53Z",
        "value": "0.963746427",
        "cumulative": false
    },
    {
        "date": "2020-09-11T10:17:12Z",
        "value": "0.969081418",
        "cumulative": false
    },
    {
        "date": "2020-09-11T10:17:22Z",
        "value": "0.978977422",
        "cumulative": false
    },
    {
        "date": "2020-09-11T10:17:39Z",
        "value": "0.972803544",
        "cumulative": false
    },
    {
        "date": "2020-09-11T10:17:55Z",
        "value": "0.981603728",
        "cumulative": false
    },
    {
        "date": "2020-09-11T10:18:11Z",
        "value": "0.972792272",
        "cumulative": false
    },
    {
        "date": "2020-09-11T10:18:23Z",
        "value": "0.9508838",
        "cumulative": false
    },
    {
        "date": "2020-09-11T10:18:40Z",
        "value": "0.955173152",
        "cumulative": false
    },
    {
        "date": "2020-09-11T10:18:59Z",
        "value": "0.960936624",
        "cumulative": false
    },
    {
        "date": "2020-09-11T10:19:14Z",
        "value": "0.970800782",
        "cumulative": false
    },
    {
        "date": "2020-09-11T10:19:27Z",
        "value": "0.946532451",
        "cumulative": false
    },
    {
        "date": "2020-09-11T10:19:39Z",
        "value": "0.975694764",
        "cumulative": false
    },
    {
        "date": "2020-09-11T10:19:53Z",
        "value": "0.947275536",
        "cumulative": false
    },
    {
        "date": "2020-09-11T10:20:08Z",
        "value": "0.947744471",
        "cumulative": false
    },
    {
        "date": "2020-09-11T10:20:23Z",
        "value": "0.964686505",
        "cumulative": false
    },
    {
        "date": "2020-09-11T10:20:40Z",
        "value": "0.950328935",
        "cumulative": false
    },
    {
        "date": "2020-09-11T10:20:58Z",
        "value": "0.930983998",
        "cumulative": false
    },
    {
        "date": "2020-09-11T10:21:13Z",
        "value": "0.950069266",
        "cumulative": false
    },
    {
        "date": "2020-09-11T10:21:24Z",
        "value": "0.976209128",
        "cumulative": false
    },
    {
        "date": "2020-09-11T10:21:38Z",
        "value": "0.936174007",
        "cumulative": false
    },
    {
        "date": "2020-09-11T10:21:51Z",
        "value": "0.911951915",
        "cumulative": false
    },
    {
        "date": "2020-09-11T10:22:08Z",
        "value": "0.95127739",
        "cumulative": false
    },
    {
        "date": "2020-09-11T10:22:21Z",
        "value": "0.955753918",
        "cumulative": false
    },
    {
        "date": "2020-09-11T10:22:39Z",
        "value": "0.958783142",
        "cumulative": false
    },
    {
        "date": "2020-09-11T10:22:58Z",
        "value": "0.944830411",
        "cumulative": false
    },
    {
        "date": "2020-09-11T10:23:12Z",
        "value": "0.95480433",
        "cumulative": false
    },
    {
        "date": "2020-09-11T10:23:24Z",
        "value": "0.9717632",
        "cumulative": false
    },
    {
        "date": "2020-09-11T10:23:37Z",
        "value": "0.976786451",
        "cumulative": false
    },
    {
        "date": "2020-09-11T10:23:51Z",
        "value": "0.945692999",
        "cumulative": false
    },
    {
        "date": "2020-09-11T10:24:08Z",
        "value": "0.97133293",
        "cumulative": false
    },
    {
        "date": "2020-09-11T10:24:19Z",
        "value": "0.954851424",
        "cumulative": false
    },
    {
        "date": "2020-09-11T10:24:35Z",
        "value": "0.942481232",
        "cumulative": false
    },
    {
        "date": "2020-09-11T10:24:50Z",
        "value": "0.934504029",
        "cumulative": false
    },
    {
        "date": "2020-09-11T10:25:05Z",
        "value": "0.927819432",
        "cumulative": false
    }
]