[
    {
        "date": "2020-09-11T09:20:57Z",
        "value": "4.00543212890625e-05",
        "cumulative": true
    },
    {
        "date": "2020-09-11T09:21:07Z",
        "value": "4.00543212890625e-05",
        "cumulative": true
    },
    {
        "date": "2020-09-11T09:21:26Z",
        "value": "4.00543212890625e-05",
        "cumulative": true
    },
    {
        "date": "2020-09-11T09:21:41Z",
        "value": "4.00543212890625e-05",
        "cumulative": true
    },
    {
        "date": "2020-09-11T09:21:58Z",
        "value": "4.00543212890625e-05",
        "cumulative": true
    },
    {
        "date": "2020-09-11T09:22:10Z",
        "value": "4.00543212890625e-05",
        "cumulative": true
    },
    {
        "date": "2020-09-11T09:22:31Z",
        "value": "4.00543212890625e-05",
        "cumulative": true
    },
    {
        "date": "2020-09-11T09:22:42Z",
        "value": "4.00543212890625e-05",
        "cumulative": true
    },
    {
        "date": "2020-09-11T09:22:59Z",
        "value": "4.00543212890625e-05",
        "cumulative": true
    },
    {
        "date": "2020-09-11T09:23:13Z",
        "value": "7.041007995605469",
        "cumulative": true
    },
    {
        "date": "2020-09-11T09:23:24Z",
        "value": "30.050771713256836",
        "cumulative": true
    },
    {
        "date": "2020-09-11T09:23:40Z",
        "value": "76.60494136810303",
        "cumulative": true
    },
    {
        "date": "2020-09-11T09:23:51Z",
        "value": "241.2538948059082",
        "cumulative": true
    },
    {
        "date": "2020-09-11T09:24:11Z",
        "value": "1726.1232919692993",
        "cumulative": true
    },
    {
        "date": "2020-09-11T09:24:29Z",
        "value": "3854.6854848861694",
        "cumulative": true
    },
    {
        "date": "2020-09-11T09:24:44Z",
        "value": "5717.414068222046",
        "cumulative": true
    },
    {
        "date": "2020-09-11T09:25:04Z",
        "value": "8667.472533226013",
        "cumulative": true
    },
    {
        "date": "2020-09-11T09:25:17Z",
        "value": "10271.454795837402",
        "cumulative": true
    },
    {
        "date": "2020-09-11T09:25:31Z",
        "value": "11720.139850616455",
        "cumulative": true
    },
    {
        "date": "2020-09-11T09:25:47Z",
        "value": "14314.481323242188",
        "cumulative": true
    },
    {
        "date": "2020-09-11T09:25:58Z",
        "value": "15888.370820999146",
        "cumulative": true
    },
    {
        "date": "2020-09-11T09:26:18Z",
        "value": "18290.737513542175",
        "cumulative": true
    },
    {
        "date": "2020-09-11T09:26:37Z",
        "value": "22050.662711143494",
        "cumulative": true
    },
    {
        "date": "2020-09-11T09:26:50Z",
        "value": "22944.089844703674",
        "cumulative": true
    },
    {
        "date": "2020-09-11T09:27:07Z",
        "value": "26178.45756340027",
        "cumulative": true
    },
    {
        "date": "2020-09-11T09:27:19Z",
        "value": "27996.66983985901",
        "cumulative": true
    },
    {
        "date": "2020-09-11T09:27:33Z",
        "value": "28981.631393432617",
        "cumulative": true
    },
    {
        "date": "2020-09-11T09:27:47Z",
        "value": "31034.319204330444",
        "cumulative": true
    },
    {
        "date": "2020-09-11T09:28:04Z",
        "value": "35047.258564949036",
        "cumulative": true
    },
    {
        "date": "2020-09-11T09:28:19Z",
        "value": "36102.2653093338",
        "cumulative": true
    },
    {
        "date": "2020-09-11T09:28:34Z",
        "value": "37195.34904766083",
        "cumulative": true
    },
    {
        "date": "2020-09-11T09:28:51Z",
        "value": "40991.74618053436",
        "cumulative": true
    },
    {
        "date": "2020-09-11T09:29:03Z",
        "value": "43906.433000564575",
        "cumulative": true
    },
    {
        "date": "2020-09-11T09:29:16Z",
        "value": "44752.8371219635",
        "cumulative": true
    },
    {
        "date": "2020-09-11T09:29:35Z",
        "value": "46014.23302459717",
        "cumulative": true
    },
    {
        "date": "2020-09-11T09:29:50Z",
        "value": "47057.038537979126",
        "cumulative": true
    },
    {
        "date": "2020-09-11T09:30:06Z",
        "value": "51407.923681259155",
        "cumulative": true
    },
    {
        "date": "2020-09-11T09:30:25Z",
        "value": "55620.69463920593",
        "cumulative": true
    },
    {
        "date": "2020-09-11T09:30:43Z",
        "value": "56858.8203125",
        "cumulative": true
    },
    {
        "date": "2020-09-11T09:30:59Z",
        "value": "57953.616121292114",
        "cumulative": true
    },
    {
        "date": "2020-09-11T09:31:14Z",
        "value": "58977.55453300476",
        "cumulative": true
    },
    {
        "date": "2020-09-11T09:31:30Z",
        "value": "61905.457540512085",
        "cumulative": true
    },
    {
        "date": "2020-09-11T09:31:45Z",
        "value": "66010.2602558136",
        "cumulative": true
    },
    {
        "date": "2020-09-11T09:31:57Z",
        "value": "69049.60719108582",
        "cumulative": true
    },
    {
        "date": "2020-09-11T09:32:15Z",
        "value": "70920.74498176575",
        "cumulative": true
    },
    {
        "date": "2020-09-11T09:32:29Z",
        "value": "71819.99374961853",
        "cumulative": true
    },
    {
        "date": "2020-09-11T09:32:46Z",
        "value": "73021.01418495178",
        "cumulative": true
    },
    {
        "date": "2020-09-11T09:33:01Z",
        "value": "74021.63227081299",
        "cumulative": true
    },
    {
        "date": "2020-09-11T09:33:20Z",
        "value": "75838.33736515045",
        "cumulative": true
    },
    {
        "date": "2020-09-11T09:33:37Z",
        "value": "80304.0026102066",
        "cumulative": true
    },
    {
        "date": "2020-09-11T09:33:49Z",
        "value": "83488.68225574493",
        "cumulative": true
    },
    {
        "date": "2020-09-11T09:34:03Z",
        "value": "87369.96150493622",
        "cumulative": true
    },
    {
        "date": "2020-09-11T09:34:20Z",
        "value": "89101.45955276489",
        "cumulative": true
    },
    {
        "date": "2020-09-11T09:34:34Z",
        "value": "90012.64346313477",
        "cumulative": true
    },
    {
        "date": "2020-09-11T09:34:47Z",
        "value": "90842.19953918457",
        "cumulative": true
    },
    {
        "date": "2020-09-11T09:35:01Z",
        "value": "91773.36578178406",
        "cumulative": true
    },
    {
        "date": "2020-09-11T09:35:19Z",
        "value": "92984.65273094177",
        "cumulative": true
    },
    {
        "date": "2020-09-11T09:35:31Z",
        "value": "93760.3261795044",
        "cumulative": true
    },
    {
        "date": "2020-09-11T09:35:42Z",
        "value": "94521.41032409668",
        "cumulative": true
    },
    {
        "date": "2020-09-11T09:35:59Z",
        "value": "98119.89351177216",
        "cumulative": true
    },
    {
        "date": "2020-09-11T09:36:11Z",
        "value": "101084.09834384918",
        "cumulative": true
    },
    {
        "date": "2020-09-11T09:36:24Z",
        "value": "104261.78406238556",
        "cumulative": true
    },
    {
        "date": "2020-09-11T09:36:43Z",
        "value": "109382.8375082016",
        "cumulative": true
    },
    {
        "date": "2020-09-11T09:37:02Z",
        "value": "112127.32377433777",
        "cumulative": true
    },
    {
        "date": "2020-09-11T09:37:17Z",
        "value": "113115.48148918152",
        "cumulative": true
    },
    {
        "date": "2020-09-11T09:37:33Z",
        "value": "114191.98895072937",
        "cumulative": true
    },
    {
        "date": "2020-09-11T09:37:52Z",
        "value": "115441.07675361633",
        "cumulative": true
    },
    {
        "date": "2020-09-11T09:38:05Z",
        "value": "116292.27737236023",
        "cumulative": true
    },
    {
        "date": "2020-09-11T09:38:15Z",
        "value": "116951.1086730957",
        "cumulative": true
    },
    {
        "date": "2020-09-11T09:38:35Z",
        "value": "118249.71666145325",
        "cumulative": true
    },
    {
        "date": "2020-09-11T09:38:48Z",
        "value": "119108.14799118042",
        "cumulative": true
    },
    {
        "date": "2020-09-11T09:39:04Z",
        "value": "121756.8911409378",
        "cumulative": true
    },
    {
        "date": "2020-09-11T09:39:21Z",
        "value": "126367.32290363312",
        "cumulative": true
    },
    {
        "date": "2020-09-11T09:39:35Z",
        "value": "130063.26284503937",
        "cumulative": true
    },
    {
        "date": "2020-09-11T09:39:47Z",
        "value": "132975.2564611435",
        "cumulative": true
    },
    {
        "date": "2020-09-11T09:40:05Z",
        "value": "137670.09510326385",
        "cumulative": true
    },
    {
        "date": "2020-09-11T09:40:24Z",
        "value": "141207.41595458984",
        "cumulative": true
    },
    {
        "date": "2020-09-11T09:40:36Z",
        "value": "141985.43174552917",
        "cumulative": true
    },
    {
        "date": "2020-09-11T09:40:54Z",
        "value": "143206.41529083252",
        "cumulative": true
    },
    {
        "date": "2020-09-11T09:41:08Z",
        "value": "144122.06399536133",
        "cumulative": true
    },
    {
        "date": "2020-09-11T09:41:23Z",
        "value": "145048.35285377502",
        "cumulative": true
    },
    {
        "date": "2020-09-11T09:41:33Z",
        "value": "145760.63849067688",
        "cumulative": true
    },
    {
        "date": "2020-09-11T09:41:45Z",
        "value": "146520.59727668762",
        "cumulative": true
    },
    {
        "date": "2020-09-11T09:41:58Z",
        "value": "147364.71851348877",
        "cumulative": true
    },
    {
        "date": "2020-09-11T09:42:10Z",
        "value": "148174.16321754456",
        "cumulative": true
    },
    {
        "date": "2020-09-11T09:42:23Z",
        "value": "149006.54653167725",
        "cumulative": true
    },
    {
        "date": "2020-09-11T09:42:36Z",
        "value": "149858.37578773499",
        "cumulative": true
    },
    {
        "date": "2020-09-11T09:42:50Z",
        "value": "150771.72727775574",
        "cumulative": true
    },
    {
        "date": "2020-09-11T09:43:03Z",
        "value": "153179.14704799652",
        "cumulative": true
    },
    {
        "date": "2020-09-11T09:43:15Z",
        "value": "155923.77305698395",
        "cumulative": true
    },
    {
        "date": "2020-09-11T09:43:31Z",
        "value": "160608.9226140976",
        "cumulative": true
    },
    {
        "date": "2020-09-11T09:43:43Z",
        "value": "163725.35678386688",
        "cumulative": true
    },
    {
        "date": "2020-09-11T09:43:55Z",
        "value": "166696.4943666458",
        "cumulative": true
    },
    {
        "date": "2020-09-11T09:44:12Z",
        "value": "171464.13591098785",
        "cumulative": true
    },
    {
        "date": "2020-09-11T09:44:22Z",
        "value": "174377.59174251556",
        "cumulative": true
    },
    {
        "date": "2020-09-11T09:44:34Z",
        "value": "177550.4922657013",
        "cumulative": true
    },
    {
        "date": "2020-09-11T09:44:47Z",
        "value": "178374.46598625183",
        "cumulative": true
    },
    {
        "date": "2020-09-11T09:44:59Z",
        "value": "179133.51921081543",
        "cumulative": true
    },
    {
        "date": "2020-09-11T09:45:15Z",
        "value": "180210.21508407593",
        "cumulative": true
    },
    {
        "date": "2020-09-11T09:45:33Z",
        "value": "181379.34382629395",
        "cumulative": true
    },
    {
        "date": "2020-09-11T09:45:43Z",
        "value": "182046.10815811157",
        "cumulative": true
    },
    {
        "date": "2020-09-11T09:45:59Z",
        "value": "183097.2089328766",
        "cumulative": true
    },
    {
        "date": "2020-09-11T09:46:17Z",
        "value": "184216.1129837036",
        "cumulative": true
    },
    {
        "date": "2020-09-11T09:46:34Z",
        "value": "185344.14438438416",
        "cumulative": true
    },
    {
        "date": "2020-09-11T09:46:51Z",
        "value": "186438.95736312866",
        "cumulative": true
    },
    {
        "date": "2020-09-11T09:47:05Z",
        "value": "187342.98771095276",
        "cumulative": true
    },
    {
        "date": "2020-09-11T09:47:19Z",
        "value": "188265.29639053345",
        "cumulative": true
    },
    {
        "date": "2020-09-11T09:47:38Z",
        "value": "189567.49622917175",
        "cumulative": true
    },
    {
        "date": "2020-09-11T09:47:53Z",
        "value": "190539.64176368713",
        "cumulative": true
    },
    {
        "date": "2020-09-11T09:48:06Z",
        "value": "193351.62163829803",
        "cumulative": true
    },
    {
        "date": "2020-09-11T09:48:19Z",
        "value": "196730.06027317047",
        "cumulative": true
    },
    {
        "date": "2020-09-11T09:48:33Z",
        "value": "200395.49290561676",
        "cumulative": true
    },
    {
        "date": "2020-09-11T09:48:48Z",
        "value": "203991.0480413437",
        "cumulative": true
    },
    {
        "date": "2020-09-11T09:49:06Z",
        "value": "208927.96127414703",
        "cumulative": true
    },
    {
        "date": "2020-09-11T09:49:20Z",
        "value": "212524.77084255219",
        "cumulative": true
    },
    {
        "date": "2020-09-11T09:49:32Z",
        "value": "216051.10373401642",
        "cumulative": true
    },
    {
        "date": "2020-09-11T09:49:51Z",
        "value": "220816.11290073395",
        "cumulative": true
    },
    {
        "date": "2020-09-11T09:50:07Z",
        "value": "224326.32478523254",
        "cumulative": true
    },
    {
        "date": "2020-09-11T09:50:21Z",
        "value": "225159.83386802673",
        "cumulative": true
    },
    {
        "date": "2020-09-11T09:50:39Z",
        "value": "226351.61190795898",
        "cumulative": true
    },
    {
        "date": "2020-09-11T09:50:58Z",
        "value": "227511.53752326965",
        "cumulative": true
    },
    {
        "date": "2020-09-11T09:51:09Z",
        "value": "228243.45122146606",
        "cumulative": true
    },
    {
        "date": "2020-09-11T09:51:19Z",
        "value": "228903.68851280212",
        "cumulative": true
    },
    {
        "date": "2020-09-11T09:51:35Z",
        "value": "229990.97954940796",
        "cumulative": true
    },
    {
        "date": "2020-09-11T09:51:55Z",
        "value": "231217.73188209534",
        "cumulative": true
    },
    {
        "date": "2020-09-11T09:52:14Z",
        "value": "232518.28572654724",
        "cumulative": true
    },
    {
        "date": "2020-09-11T09:52:27Z",
        "value": "233354.9965286255",
        "cumulative": true
    },
    {
        "date": "2020-09-11T09:52:45Z",
        "value": "234547.50855827332",
        "cumulative": true
    },
    {
        "date": "2020-09-11T09:52:58Z",
        "value": "235361.99990272522",
        "cumulative": true
    },
    {
        "date": "2020-09-11T09:53:10Z",
        "value": "236191.9040374756",
        "cumulative": true
    },
    {
        "date": "2020-09-11T09:53:28Z",
        "value": "237341.83564567566",
        "cumulative": true
    },
    {
        "date": "2020-09-11T09:53:38Z",
        "value": "238003.61720466614",
        "cumulative": true
    },
    {
        "date": "2020-09-11T09:53:52Z",
        "value": "238991.68502807617",
        "cumulative": true
    },
    {
        "date": "2020-09-11T09:54:08Z",
        "value": "240032.5412788391",
        "cumulative": true
    },
    {
        "date": "2020-09-11T09:54:27Z",
        "value": "242587.32812976837",
        "cumulative": true
    },
    {
        "date": "2020-09-11T09:54:40Z",
        "value": "246007.09697246552",
        "cumulative": true
    },
    {
        "date": "2020-09-11T09:54:56Z",
        "value": "249899.9030866623",
        "cumulative": true
    },
    {
        "date": "2020-09-11T09:55:08Z",
        "value": "253307.92459964752",
        "cumulative": true
    },
    {
        "date": "2020-09-11T09:55:24Z",
        "value": "257736.6658964157",
        "cumulative": true
    },
    {
        "date": "2020-09-11T09:55:40Z",
        "value": "262356.38151073456",
        "cumulative": true
    },
    {
        "date": "2020-09-11T09:55:53Z",
        "value": "265731.080491066",
        "cumulative": true
    },
    {
        "date": "2020-09-11T09:56:11Z",
        "value": "270261.52817440033",
        "cumulative": true
    },
    {
        "date": "2020-09-11T09:56:23Z",
        "value": "273332.2494020462",
        "cumulative": true
    },
    {
        "date": "2020-09-11T09:56:39Z",
        "value": "277677.8099336624",
        "cumulative": true
    },
    {
        "date": "2020-09-11T09:56:55Z",
        "value": "282104.2808675766",
        "cumulative": true
    },
    {
        "date": "2020-09-11T09:57:09Z",
        "value": "283711.9510307312",
        "cumulative": true
    },
    {
        "date": "2020-09-11T09:57:23Z",
        "value": "284612.2653236389",
        "cumulative": true
    },
    {
        "date": "2020-09-11T09:57:38Z",
        "value": "285652.8786125183",
        "cumulative": true
    },
    {
        "date": "2020-09-11T09:57:58Z",
        "value": "286965.60902023315",
        "cumulative": true
    },
    {
        "date": "2020-09-11T09:58:17Z",
        "value": "288297.09844589233",
        "cumulative": true
    },
    {
        "date": "2020-09-11T09:58:27Z",
        "value": "288934.63865852356",
        "cumulative": true
    },
    {
        "date": "2020-09-11T09:58:47Z",
        "value": "290243.1202812195",
        "cumulative": true
    },
    {
        "date": "2020-09-11T09:59:02Z",
        "value": "291253.58336257935",
        "cumulative": true
    },
    {
        "date": "2020-09-11T09:59:15Z",
        "value": "292090.0736656189",
        "cumulative": true
    },
    {
        "date": "2020-09-11T09:59:32Z",
        "value": "293208.464389801",
        "cumulative": true
    },
    {
        "date": "2020-09-11T09:59:51Z",
        "value": "294435.76385879517",
        "cumulative": true
    },
    {
        "date": "2020-09-11T10:00:05Z",
        "value": "295356.81704711914",
        "cumulative": true
    },
    {
        "date": "2020-09-11T10:00:18Z",
        "value": "296181.7069606781",
        "cumulative": true
    },
    {
        "date": "2020-09-11T10:00:35Z",
        "value": "297352.41991233826",
        "cumulative": true
    },
    {
        "date": "2020-09-11T10:00:54Z",
        "value": "298614.887134552",
        "cumulative": true
    },
    {
        "date": "2020-09-11T10:01:09Z",
        "value": "299665.43520736694",
        "cumulative": true
    },
    {
        "date": "2020-09-11T10:01:22Z",
        "value": "300509.74704170227",
        "cumulative": true
    },
    {
        "date": "2020-09-11T10:01:35Z",
        "value": "301334.047328949",
        "cumulative": true
    },
    {
        "date": "2020-09-11T10:01:49Z",
        "value": "302214.90904045105",
        "cumulative": true
    },
    {
        "date": "2020-09-11T10:02:02Z",
        "value": "303064.41231536865",
        "cumulative": true
    },
    {
        "date": "2020-09-11T10:02:20Z",
        "value": "304729.12697315216",
        "cumulative": true
    },
    {
        "date": "2020-09-11T10:02:34Z",
        "value": "308310.1684656143",
        "cumulative": true
    },
    {
        "date": "2020-09-11T10:02:47Z",
        "value": "311665.8920660019",
        "cumulative": true
    },
    {
        "date": "2020-09-11T10:03:01Z",
        "value": "315490.61274814606",
        "cumulative": true
    },
    {
        "date": "2020-09-11T10:03:17Z",
        "value": "319990.0672941208",
        "cumulative": true
    },
    {
        "date": "2020-09-11T10:03:30Z",
        "value": "323490.95736026764",
        "cumulative": true
    },
    {
        "date": "2020-09-11T10:03:41Z",
        "value": "326444.56865024567",
        "cumulative": true
    },
    {
        "date": "2020-09-11T10:03:57Z",
        "value": "331241.4010705948",
        "cumulative": true
    },
    {
        "date": "2020-09-11T10:04:14Z",
        "value": "335783.0368413925",
        "cumulative": true
    },
    {
        "date": "2020-09-11T10:04:33Z",
        "value": "340827.94748592377",
        "cumulative": true
    },
    {
        "date": "2020-09-11T10:04:45Z",
        "value": "344466.09042072296",
        "cumulative": true
    },
    {
        "date": "2020-09-11T10:05:03Z",
        "value": "349754.0869169235",
        "cumulative": true
    },
    {
        "date": "2020-09-11T10:05:14Z",
        "value": "352544.89999103546",
        "cumulative": true
    },
    {
        "date": "2020-09-11T10:05:28Z",
        "value": "355741.6195421219",
        "cumulative": true
    },
    {
        "date": "2020-09-11T10:05:45Z",
        "value": "358131.4882030487",
        "cumulative": true
    },
    {
        "date": "2020-09-11T10:06:00Z",
        "value": "359044.34035873413",
        "cumulative": true
    },
    {
        "date": "2020-09-11T10:06:16Z",
        "value": "360058.01327323914",
        "cumulative": true
    },
    {
        "date": "2020-09-11T10:06:35Z",
        "value": "361343.88570022583",
        "cumulative": true
    },
    {
        "date": "2020-09-11T10:06:47Z",
        "value": "362152.38062667847",
        "cumulative": true
    },
    {
        "date": "2020-09-11T10:07:02Z",
        "value": "363179.5885105133",
        "cumulative": true
    },
    {
        "date": "2020-09-11T10:07:15Z",
        "value": "363992.3201904297",
        "cumulative": true
    },
    {
        "date": "2020-09-11T10:07:29Z",
        "value": "364867.6716995239",
        "cumulative": true
    },
    {
        "date": "2020-09-11T10:07:40Z",
        "value": "365625.37829589844",
        "cumulative": true
    },
    {
        "date": "2020-09-11T10:07:52Z",
        "value": "366375.27446365356",
        "cumulative": true
    },
    {
        "date": "2020-09-11T10:08:03Z",
        "value": "367166.2143917084",
        "cumulative": true
    },
    {
        "date": "2020-09-11T10:08:19Z",
        "value": "368228.5008831024",
        "cumulative": true
    },
    {
        "date": "2020-09-11T10:08:33Z",
        "value": "369038.0882701874",
        "cumulative": true
    },
    {
        "date": "2020-09-11T10:08:49Z",
        "value": "370111.1722755432",
        "cumulative": true
    },
    {
        "date": "2020-09-11T10:09:01Z",
        "value": "370915.680185318",
        "cumulative": true
    },
    {
        "date": "2020-09-11T10:09:14Z",
        "value": "371741.6788158417",
        "cumulative": true
    },
    {
        "date": "2020-09-11T10:09:30Z",
        "value": "372787.3221664429",
        "cumulative": true
    },
    {
        "date": "2020-09-11T10:09:48Z",
        "value": "374051.76297187805",
        "cumulative": true
    },
    {
        "date": "2020-09-11T10:10:03Z",
        "value": "374941.4576740265",
        "cumulative": true
    },
    {
        "date": "2020-09-11T10:10:18Z",
        "value": "375933.4317073822",
        "cumulative": true
    },
    {
        "date": "2020-09-11T10:10:38Z",
        "value": "377262.3145980835",
        "cumulative": true
    },
    {
        "date": "2020-09-11T10:10:51Z",
        "value": "378100.11802864075",
        "cumulative": true
    },
    {
        "date": "2020-09-11T10:11:07Z",
        "value": "379123.27860450745",
        "cumulative": true
    },
    {
        "date": "2020-09-11T10:11:20Z",
        "value": "379967.12339019775",
        "cumulative": true
    },
    {
        "date": "2020-09-11T10:11:38Z",
        "value": "381250.1116504669",
        "cumulative": true
    },
    {
        "date": "2020-09-11T10:11:54Z",
        "value": "382168.55857658386",
        "cumulative": true
    },
    {
        "date": "2020-09-11T10:12:08Z",
        "value": "383149.14307022095",
        "cumulative": true
    },
    {
        "date": "2020-09-11T10:12:23Z",
        "value": "384856.5747232437",
        "cumulative": true
    },
    {
        "date": "2020-09-11T10:12:36Z",
        "value": "388225.88794612885",
        "cumulative": true
    },
    {
        "date": "2020-09-11T10:12:54Z",
        "value": "393319.10781764984",
        "cumulative": true
    },
    {
        "date": "2020-09-11T10:13:06Z",
        "value": "396459.8918104172",
        "cumulative": true
    },
    {
        "date": "2020-09-11T10:13:21Z",
        "value": "400048.71971797943",
        "cumulative": true
    },
    {
        "date": "2020-09-11T10:13:37Z",
        "value": "404602.3318872452",
        "cumulative": true
    },
    {
        "date": "2020-09-11T10:13:52Z",
        "value": "408785.6551656723",
        "cumulative": true
    },
    {
        "date": "2020-09-11T10:14:05Z",
        "value": "412147.80269908905",
        "cumulative": true
    },
    {
        "date": "2020-09-11T10:14:16Z",
        "value": "415513.0224905014",
        "cumulative": true
    },
    {
        "date": "2020-09-11T10:14:35Z",
        "value": "420551.56133937836",
        "cumulative": true
    },
    {
        "date": "2020-09-11T10:14:47Z",
        "value": "423581.6082086563",
        "cumulative": true
    },
    {
        "date": "2020-09-11T10:15:03Z",
        "value": "427622.35735988617",
        "cumulative": true
    },
    {
        "date": "2020-09-11T10:15:21Z",
        "value": "432995.62296390533",
        "cumulative": true
    },
    {
        "date": "2020-09-11T10:15:35Z",
        "value": "436525.5289030075",
        "cumulative": true
    },
    {
        "date": "2020-09-11T10:15:47Z",
        "value": "439757.74215602875",
        "cumulative": true
    },
    {
        "date": "2020-09-11T10:15:58Z",
        "value": "442942.27739429474",
        "cumulative": true
    },
    {
        "date": "2020-09-11T10:16:14Z",
        "value": "447114.41662693024",
        "cumulative": true
    },
    {
        "date": "2020-09-11T10:16:26Z",
        "value": "450038.9819173813",
        "cumulative": true
    },
    {
        "date": "2020-09-11T10:16:42Z",
        "value": "451839.31208896637",
        "cumulative": true
    },
    {
        "date": "2020-09-11T10:16:59Z",
        "value": "452913.6424894333",
        "cumulative": true
    },
    {
        "date": "2020-09-11T10:17:13Z",
        "value": "453861.992102623",
        "cumulative": true
    },
    {
        "date": "2020-09-11T10:17:27Z",
        "value": "454842.94125270844",
        "cumulative": true
    },
    {
        "date": "2020-09-11T10:17:47Z",
        "value": "456182.50568675995",
        "cumulative": true
    },
    {
        "date": "2020-09-11T10:18:07Z",
        "value": "457479.7576932907",
        "cumulative": true
    },
    {
        "date": "2020-09-11T10:18:22Z",
        "value": "458533.2094888687",
        "cumulative": true
    },
    {
        "date": "2020-09-11T10:18:34Z",
        "value": "459215.0489015579",
        "cumulative": true
    },
    {
        "date": "2020-09-11T10:18:54Z",
        "value": "460546.43990802765",
        "cumulative": true
    },
    {
        "date": "2020-09-11T10:19:05Z",
        "value": "461236.2052183151",
        "cumulative": true
    },
    {
        "date": "2020-09-11T10:19:23Z",
        "value": "462376.28435611725",
        "cumulative": true
    },
    {
        "date": "2020-09-11T10:19:40Z",
        "value": "463565.3754854202",
        "cumulative": true
    },
    {
        "date": "2020-09-11T10:19:51Z",
        "value": "464234.71417713165",
        "cumulative": true
    },
    {
        "date": "2020-09-11T10:20:01Z",
        "value": "464904.7903871536",
        "cumulative": true
    },
    {
        "date": "2020-09-11T10:20:20Z",
        "value": "466066.02866077423",
        "cumulative": true
    },
    {
        "date": "2020-09-11T10:20:33Z",
        "value": "466928.21795368195",
        "cumulative": true
    },
    {
        "date": "2020-09-11T10:20:47Z",
        "value": "467809.10607242584",
        "cumulative": true
    },
    {
        "date": "2020-09-11T10:20:58Z",
        "value": "468599.7773447037",
        "cumulative": true
    },
    {
        "date": "2020-09-11T10:21:13Z",
        "value": "469513.5370836258",
        "cumulative": true
    },
    {
        "date": "2020-09-11T10:21:23Z",
        "value": "470203.18071460724",
        "cumulative": true
    },
    {
        "date": "2020-09-11T10:21:36Z",
        "value": "470952.00761699677",
        "cumulative": true
    },
    {
        "date": "2020-09-11T10:21:50Z",
        "value": "471957.14179325104",
        "cumulative": true
    },
    {
        "date": "2020-09-11T10:22:02Z",
        "value": "472632.1358060837",
        "cumulative": true
    },
    {
        "date": "2020-09-11T10:22:16Z",
        "value": "473633.40985393524",
        "cumulative": true
    },
    {
        "date": "2020-09-11T10:22:27Z",
        "value": "474303.5648126602",
        "cumulative": true
    },
    {
        "date": "2020-09-11T10:22:43Z",
        "value": "475316.74156856537",
        "cumulative": true
    },
    {
        "date": "2020-09-11T10:23:02Z",
        "value": "476529.64078998566",
        "cumulative": true
    },
    {
        "date": "2020-09-11T10:23:17Z",
        "value": "477450.03018665314",
        "cumulative": true
    },
    {
        "date": "2020-09-11T10:23:30Z",
        "value": "478333.63963603973",
        "cumulative": true
    },
    {
        "date": "2020-09-11T10:23:46Z",
        "value": "479378.32434368134",
        "cumulative": true
    },
    {
        "date": "2020-09-11T10:23:59Z",
        "value": "480194.5674123764",
        "cumulative": true
    },
    {
        "date": "2020-09-11T10:24:13Z",
        "value": "481104.58476543427",
        "cumulative": true
    },
    {
        "date": "2020-09-11T10:24:30Z",
        "value": "482175.23551654816",
        "cumulative": true
    },
    {
        "date": "2020-09-11T10:24:49Z",
        "value": "483430.5619459152",
        "cumulative": true
    },
    {
        "date": "2020-09-11T10:24:59Z",
        "value": "484101.0018854141",
        "cumulative": true
    },
    {
        "date": "2020-09-11T10:25:13Z",
        "value": "484709.17837142944",
        "cumulative": true
    }
]