[
    {
        "date": "2020-09-11T09:22:58Z",
        "value": "0.0009593963623046875",
        "cumulative": true
    },
    {
        "date": "2020-09-11T09:23:14Z",
        "value": "10.902814865112305",
        "cumulative": true
    },
    {
        "date": "2020-09-11T09:23:32Z",
        "value": "50.392656326293945",
        "cumulative": true
    },
    {
        "date": "2020-09-11T09:23:44Z",
        "value": "106.5814037322998",
        "cumulative": true
    },
    {
        "date": "2020-09-11T09:23:58Z",
        "value": "515.0514488220215",
        "cumulative": true
    },
    {
        "date": "2020-09-11T09:24:13Z",
        "value": "1953.8877334594727",
        "cumulative": true
    },
    {
        "date": "2020-09-11T09:24:30Z",
        "value": "4090.2824354171753",
        "cumulative": true
    },
    {
        "date": "2020-09-11T09:24:41Z",
        "value": "5535.3194761276245",
        "cumulative": true
    },
    {
        "date": "2020-09-11T09:24:56Z",
        "value": "7238.928521156311",
        "cumulative": true
    },
    {
        "date": "2020-09-11T09:25:07Z",
        "value": "8903.246912956238",
        "cumulative": true
    },
    {
        "date": "2020-09-11T09:25:24Z",
        "value": "11249.522368431091",
        "cumulative": true
    },
    {
        "date": "2020-09-11T09:25:38Z",
        "value": "13705.392364501953",
        "cumulative": true
    },
    {
        "date": "2020-09-11T09:25:58Z",
        "value": "15824.71392250061",
        "cumulative": true
    },
    {
        "date": "2020-09-11T09:26:13Z",
        "value": "17939.625082969666",
        "cumulative": true
    },
    {
        "date": "2020-09-11T09:26:26Z",
        "value": "19656.36565208435",
        "cumulative": true
    },
    {
        "date": "2020-09-11T09:26:41Z",
        "value": "22326.579590797424",
        "cumulative": true
    },
    {
        "date": "2020-09-11T09:27:00Z",
        "value": "24205.71537208557",
        "cumulative": true
    },
    {
        "date": "2020-09-11T09:27:15Z",
        "value": "27765.528031349182",
        "cumulative": true
    },
    {
        "date": "2020-09-11T09:27:26Z",
        "value": "28542.928908348083",
        "cumulative": true
    },
    {
        "date": "2020-09-11T09:27:39Z",
        "value": "29483.628991127014",
        "cumulative": true
    },
    {
        "date": "2020-09-11T09:27:57Z",
        "value": "34076.02377319336",
        "cumulative": true
    },
    {
        "date": "2020-09-11T09:28:13Z",
        "value": "35753.76101779938",
        "cumulative": true
    },
    {
        "date": "2020-09-11T09:28:28Z",
        "value": "36837.634596824646",
        "cumulative": true
    },
    {
        "date": "2020-09-11T09:28:42Z",
        "value": "38752.659618377686",
        "cumulative": true
    },
    {
        "date": "2020-09-11T09:29:00Z",
        "value": "43209.21103096008",
        "cumulative": true
    },
    {
        "date": "2020-09-11T09:29:18Z",
        "value": "44977.33858203888",
        "cumulative": true
    },
    {
        "date": "2020-09-11T09:29:33Z",
        "value": "45949.6841135025",
        "cumulative": true
    },
    {
        "date": "2020-09-11T09:29:49Z",
        "value": "47046.539998054504",
        "cumulative": true
    },
    {
        "date": "2020-09-11T09:30:06Z",
        "value": "51423.431144714355",
        "cumulative": true
    },
    {
        "date": "2020-09-11T09:30:19Z",
        "value": "54924.52946853638",
        "cumulative": true
    },
    {
        "date": "2020-09-11T09:30:34Z",
        "value": "56310.84630012512",
        "cumulative": true
    },
    {
        "date": "2020-09-11T09:30:45Z",
        "value": "57103.61973762512",
        "cumulative": true
    },
    {
        "date": "2020-09-11T09:30:57Z",
        "value": "57901.10718154907",
        "cumulative": true
    },
    {
        "date": "2020-09-11T09:31:14Z",
        "value": "59069.73010826111",
        "cumulative": true
    },
    {
        "date": "2020-09-11T09:31:32Z",
        "value": "62462.552516937256",
        "cumulative": true
    },
    {
        "date": "2020-09-11T09:31:48Z",
        "value": "66736.36255836487",
        "cumulative": true
    },
    {
        "date": "2020-09-11T09:32:08Z",
        "value": "70502.73019218445",
        "cumulative": true
    },
    {
        "date": "2020-09-11T09:32:21Z",
        "value": "71371.93259811401",
        "cumulative": true
    },
    {
        "date": "2020-09-11T09:32:35Z",
        "value": "72312.53353691101",
        "cumulative": true
    },
    {
        "date": "2020-09-11T09:32:50Z",
        "value": "73399.68205070496",
        "cumulative": true
    },
    {
        "date": "2020-09-11T09:33:05Z",
        "value": "74336.66695976257",
        "cumulative": true
    },
    {
        "date": "2020-09-11T09:33:20Z",
        "value": "75826.48895740509",
        "cumulative": true
    },
    {
        "date": "2020-09-11T09:33:33Z",
        "value": "79339.62715816498",
        "cumulative": true
    },
    {
        "date": "2020-09-11T09:33:49Z",
        "value": "83731.90005588531",
        "cumulative": true
    },
    {
        "date": "2020-09-11T09:34:01Z",
        "value": "86894.14796161652",
        "cumulative": true
    },
    {
        "date": "2020-09-11T09:34:13Z",
        "value": "88755.86608886719",
        "cumulative": true
    },
    {
        "date": "2020-09-11T09:34:23Z",
        "value": "89425.6570968628",
        "cumulative": true
    },
    {
        "date": "2020-09-11T09:34:42Z",
        "value": "90708.63030052185",
        "cumulative": true
    },
    {
        "date": "2020-09-11T09:35:02Z",
        "value": "91955.27353286743",
        "cumulative": true
    },
    {
        "date": "2020-09-11T09:35:21Z",
        "value": "93207.76134300232",
        "cumulative": true
    },
    {
        "date": "2020-09-11T09:35:38Z",
        "value": "94333.44534111023",
        "cumulative": true
    },
    {
        "date": "2020-09-11T09:35:54Z",
        "value": "96785.73973941803",
        "cumulative": true
    },
    {
        "date": "2020-09-11T09:36:04Z",
        "value": "99523.06090450287",
        "cumulative": true
    },
    {
        "date": "2020-09-11T09:36:17Z",
        "value": "102830.24266147614",
        "cumulative": true
    },
    {
        "date": "2020-09-11T09:36:31Z",
        "value": "106212.8985452652",
        "cumulative": true
    },
    {
        "date": "2020-09-11T09:36:47Z",
        "value": "110451.0037355423",
        "cumulative": true
    },
    {
        "date": "2020-09-11T09:37:00Z",
        "value": "112198.72005939484",
        "cumulative": true
    },
    {
        "date": "2020-09-11T09:37:19Z",
        "value": "113447.11913013458",
        "cumulative": true
    },
    {
        "date": "2020-09-11T09:37:31Z",
        "value": "114196.09920787811",
        "cumulative": true
    },
    {
        "date": "2020-09-11T09:37:48Z",
        "value": "115364.18603420258",
        "cumulative": true
    },
    {
        "date": "2020-09-11T09:38:02Z",
        "value": "116259.87781620026",
        "cumulative": true
    },
    {
        "date": "2020-09-11T09:38:16Z",
        "value": "117186.16625881195",
        "cumulative": true
    },
    {
        "date": "2020-09-11T09:38:27Z",
        "value": "117914.9821805954",
        "cumulative": true
    },
    {
        "date": "2020-09-11T09:38:44Z",
        "value": "118992.02240085602",
        "cumulative": true
    },
    {
        "date": "2020-09-11T09:38:58Z",
        "value": "120031.86478424072",
        "cumulative": true
    },
    {
        "date": "2020-09-11T09:39:08Z",
        "value": "123069.73269844055",
        "cumulative": true
    },
    {
        "date": "2020-09-11T09:39:25Z",
        "value": "127590.20624732971",
        "cumulative": true
    },
    {
        "date": "2020-09-11T09:39:40Z",
        "value": "131374.0331478119",
        "cumulative": true
    },
    {
        "date": "2020-09-11T09:39:58Z",
        "value": "136248.13814926147",
        "cumulative": true
    },
    {
        "date": "2020-09-11T09:40:11Z",
        "value": "139773.32755088806",
        "cumulative": true
    },
    {
        "date": "2020-09-11T09:40:28Z",
        "value": "141685.70604038239",
        "cumulative": true
    },
    {
        "date": "2020-09-11T09:40:38Z",
        "value": "142332.56722927094",
        "cumulative": true
    },
    {
        "date": "2020-09-11T09:40:53Z",
        "value": "143346.43234157562",
        "cumulative": true
    },
    {
        "date": "2020-09-11T09:41:10Z",
        "value": "144408.22585964203",
        "cumulative": true
    },
    {
        "date": "2020-09-11T09:41:26Z",
        "value": "145464.20315265656",
        "cumulative": true
    },
    {
        "date": "2020-09-11T09:41:44Z",
        "value": "146691.01074886322",
        "cumulative": true
    },
    {
        "date": "2020-09-11T09:42:01Z",
        "value": "147831.8186750412",
        "cumulative": true
    },
    {
        "date": "2020-09-11T09:42:12Z",
        "value": "148562.38190937042",
        "cumulative": true
    },
    {
        "date": "2020-09-11T09:42:29Z",
        "value": "149618.91227054596",
        "cumulative": true
    },
    {
        "date": "2020-09-11T09:42:42Z",
        "value": "150480.4367876053",
        "cumulative": true
    },
    {
        "date": "2020-09-11T09:43:01Z",
        "value": "152774.72584724426",
        "cumulative": true
    },
    {
        "date": "2020-09-11T09:43:14Z",
        "value": "155925.92763328552",
        "cumulative": true
    },
    {
        "date": "2020-09-11T09:43:26Z",
        "value": "159547.72897338867",
        "cumulative": true
    },
    {
        "date": "2020-09-11T09:43:42Z",
        "value": "163563.44530296326",
        "cumulative": true
    },
    {
        "date": "2020-09-11T09:43:58Z",
        "value": "167726.99433517456",
        "cumulative": true
    },
    {
        "date": "2020-09-11T09:44:17Z",
        "value": "173027.05109024048",
        "cumulative": true
    },
    {
        "date": "2020-09-11T09:44:37Z",
        "value": "177930.64330005646",
        "cumulative": true
    },
    {
        "date": "2020-09-11T09:44:56Z",
        "value": "179247.10870456696",
        "cumulative": true
    },
    {
        "date": "2020-09-11T09:45:12Z",
        "value": "180307.6746931076",
        "cumulative": true
    },
    {
        "date": "2020-09-11T09:45:26Z",
        "value": "181232.51691150665",
        "cumulative": true
    },
    {
        "date": "2020-09-11T09:45:44Z",
        "value": "182344.47126293182",
        "cumulative": true
    },
    {
        "date": "2020-09-11T09:46:03Z",
        "value": "183541.74283885956",
        "cumulative": true
    },
    {
        "date": "2020-09-11T09:46:15Z",
        "value": "184409.1705980301",
        "cumulative": true
    },
    {
        "date": "2020-09-11T09:46:26Z",
        "value": "185103.92154979706",
        "cumulative": true
    },
    {
        "date": "2020-09-11T09:46:39Z",
        "value": "185882.23841953278",
        "cumulative": true
    },
    {
        "date": "2020-09-11T09:46:56Z",
        "value": "187055.36326694489",
        "cumulative": true
    },
    {
        "date": "2020-09-11T09:47:14Z",
        "value": "188253.5905752182",
        "cumulative": true
    },
    {
        "date": "2020-09-11T09:47:30Z",
        "value": "189299.05658054352",
        "cumulative": true
    },
    {
        "date": "2020-09-11T09:47:45Z",
        "value": "190270.90269565582",
        "cumulative": true
    },
    {
        "date": "2020-09-11T09:47:57Z",
        "value": "191352.6811580658",
        "cumulative": true
    },
    {
        "date": "2020-09-11T09:48:16Z",
        "value": "196332.59419822693",
        "cumulative": true
    },
    {
        "date": "2020-09-11T09:48:34Z",
        "value": "200815.42734146118",
        "cumulative": true
    },
    {
        "date": "2020-09-11T09:48:51Z",
        "value": "205425.52079200745",
        "cumulative": true
    },
    {
        "date": "2020-09-11T09:49:02Z",
        "value": "208147.09480285645",
        "cumulative": true
    },
    {
        "date": "2020-09-11T09:49:16Z",
        "value": "211719.03782844543",
        "cumulative": true
    },
    {
        "date": "2020-09-11T09:49:27Z",
        "value": "214796.31108665466",
        "cumulative": true
    },
    {
        "date": "2020-09-11T09:49:41Z",
        "value": "218736.87665748596",
        "cumulative": true
    },
    {
        "date": "2020-09-11T09:49:57Z",
        "value": "222495.05752372742",
        "cumulative": true
    },
    {
        "date": "2020-09-11T09:50:08Z",
        "value": "224668.73002147675",
        "cumulative": true
    },
    {
        "date": "2020-09-11T09:50:18Z",
        "value": "225337.11069011688",
        "cumulative": true
    },
    {
        "date": "2020-09-11T09:50:32Z",
        "value": "226210.1558523178",
        "cumulative": true
    },
    {
        "date": "2020-09-11T09:50:46Z",
        "value": "227129.19900035858",
        "cumulative": true
    },
    {
        "date": "2020-09-11T09:51:00Z",
        "value": "228038.87379169464",
        "cumulative": true
    },
    {
        "date": "2020-09-11T09:51:12Z",
        "value": "228847.37166500092",
        "cumulative": true
    },
    {
        "date": "2020-09-11T09:51:27Z",
        "value": "229742.18977832794",
        "cumulative": true
    },
    {
        "date": "2020-09-11T09:51:46Z",
        "value": "231032.14648151398",
        "cumulative": true
    },
    {
        "date": "2020-09-11T09:52:01Z",
        "value": "232016.8462820053",
        "cumulative": true
    },
    {
        "date": "2020-09-11T09:52:17Z",
        "value": "233088.4473695755",
        "cumulative": true
    },
    {
        "date": "2020-09-11T09:52:31Z",
        "value": "234020.55716228485",
        "cumulative": true
    },
    {
        "date": "2020-09-11T09:52:43Z",
        "value": "234855.66818523407",
        "cumulative": true
    },
    {
        "date": "2020-09-11T09:52:58Z",
        "value": "235773.06551074982",
        "cumulative": true
    },
    {
        "date": "2020-09-11T09:53:15Z",
        "value": "236895.85113620758",
        "cumulative": true
    },
    {
        "date": "2020-09-11T09:53:27Z",
        "value": "237644.16135692596",
        "cumulative": true
    },
    {
        "date": "2020-09-11T09:53:44Z",
        "value": "238784.02526950836",
        "cumulative": true
    },
    {
        "date": "2020-09-11T09:54:04Z",
        "value": "240084.79487133026",
        "cumulative": true
    },
    {
        "date": "2020-09-11T09:54:19Z",
        "value": "241095.01200580597",
        "cumulative": true
    },
    {
        "date": "2020-09-11T09:54:34Z",
        "value": "244575.20808792114",
        "cumulative": true
    },
    {
        "date": "2020-09-11T09:54:51Z",
        "value": "249223.5854358673",
        "cumulative": true
    },
    {
        "date": "2020-09-11T09:55:08Z",
        "value": "253674.2317867279",
        "cumulative": true
    },
    {
        "date": "2020-09-11T09:55:23Z",
        "value": "257808.5925064087",
        "cumulative": true
    },
    {
        "date": "2020-09-11T09:55:39Z",
        "value": "262505.8251838684",
        "cumulative": true
    },
    {
        "date": "2020-09-11T09:55:52Z",
        "value": "265880.2295150757",
        "cumulative": true
    },
    {
        "date": "2020-09-11T09:56:12Z",
        "value": "270835.93407058716",
        "cumulative": true
    },
    {
        "date": "2020-09-11T09:56:29Z",
        "value": "275520.3950614929",
        "cumulative": true
    },
    {
        "date": "2020-09-11T09:56:48Z",
        "value": "280636.4553871155",
        "cumulative": true
    },
    {
        "date": "2020-09-11T09:57:06Z",
        "value": "283927.87684726715",
        "cumulative": true
    },
    {
        "date": "2020-09-11T09:57:20Z",
        "value": "284937.0029478073",
        "cumulative": true
    },
    {
        "date": "2020-09-11T09:57:35Z",
        "value": "285854.5443277359",
        "cumulative": true
    },
    {
        "date": "2020-09-11T09:57:46Z",
        "value": "286622.3906736374",
        "cumulative": true
    },
    {
        "date": "2020-09-11T09:57:58Z",
        "value": "287463.93604946136",
        "cumulative": true
    },
    {
        "date": "2020-09-11T09:58:16Z",
        "value": "288591.21455669403",
        "cumulative": true
    },
    {
        "date": "2020-09-11T09:58:29Z",
        "value": "289446.62971782684",
        "cumulative": true
    },
    {
        "date": "2020-09-11T09:58:40Z",
        "value": "290200.42714595795",
        "cumulative": true
    },
    {
        "date": "2020-09-11T09:58:53Z",
        "value": "291070.2846803665",
        "cumulative": true
    },
    {
        "date": "2020-09-11T09:59:08Z",
        "value": "292111.2036409378",
        "cumulative": true
    },
    {
        "date": "2020-09-11T09:59:19Z",
        "value": "292811.1718645096",
        "cumulative": true
    },
    {
        "date": "2020-09-11T09:59:38Z",
        "value": "294003.920214653",
        "cumulative": true
    },
    {
        "date": "2020-09-11T09:59:50Z",
        "value": "294836.5104036331",
        "cumulative": true
    },
    {
        "date": "2020-09-11T10:00:07Z",
        "value": "295922.24173069",
        "cumulative": true
    },
    {
        "date": "2020-09-11T10:00:18Z",
        "value": "296625.3983888626",
        "cumulative": true
    },
    {
        "date": "2020-09-11T10:00:29Z",
        "value": "297390.2180929184",
        "cumulative": true
    },
    {
        "date": "2020-09-11T10:00:49Z",
        "value": "298689.307847023",
        "cumulative": true
    },
    {
        "date": "2020-09-11T10:01:08Z",
        "value": "299981.48919582367",
        "cumulative": true
    },
    {
        "date": "2020-09-11T10:01:22Z",
        "value": "300950.2335138321",
        "cumulative": true
    },
    {
        "date": "2020-09-11T10:01:34Z",
        "value": "301630.37327861786",
        "cumulative": true
    },
    {
        "date": "2020-09-11T10:01:46Z",
        "value": "302457.3929796219",
        "cumulative": true
    },
    {
        "date": "2020-09-11T10:02:05Z",
        "value": "303712.21698093414",
        "cumulative": true
    },
    {
        "date": "2020-09-11T10:02:24Z",
        "value": "306664.4648742676",
        "cumulative": true
    },
    {
        "date": "2020-09-11T10:02:35Z",
        "value": "308917.36161613464",
        "cumulative": true
    },
    {
        "date": "2020-09-11T10:02:54Z",
        "value": "314147.1175289154",
        "cumulative": true
    },
    {
        "date": "2020-09-11T10:03:12Z",
        "value": "319018.7685852051",
        "cumulative": true
    },
    {
        "date": "2020-09-11T10:03:24Z",
        "value": "322678.58424949646",
        "cumulative": true
    },
    {
        "date": "2020-09-11T10:03:36Z",
        "value": "325606.34681892395",
        "cumulative": true
    },
    {
        "date": "2020-09-11T10:03:51Z",
        "value": "330036.9994468689",
        "cumulative": true
    },
    {
        "date": "2020-09-11T10:04:08Z",
        "value": "334609.23696517944",
        "cumulative": true
    },
    {
        "date": "2020-09-11T10:04:20Z",
        "value": "338052.24310112",
        "cumulative": true
    },
    {
        "date": "2020-09-11T10:04:33Z",
        "value": "341496.92765808105",
        "cumulative": true
    },
    {
        "date": "2020-09-11T10:04:45Z",
        "value": "345057.2410373688",
        "cumulative": true
    },
    {
        "date": "2020-09-11T10:04:57Z",
        "value": "348691.4088153839",
        "cumulative": true
    },
    {
        "date": "2020-09-11T10:05:09Z",
        "value": "351734.659488678",
        "cumulative": true
    },
    {
        "date": "2020-09-11T10:05:25Z",
        "value": "355641.7788848877",
        "cumulative": true
    },
    {
        "date": "2020-09-11T10:05:42Z",
        "value": "358440.81770420074",
        "cumulative": true
    },
    {
        "date": "2020-09-11T10:06:00Z",
        "value": "359583.34424495697",
        "cumulative": true
    },
    {
        "date": "2020-09-11T10:06:17Z",
        "value": "360685.2039041519",
        "cumulative": true
    },
    {
        "date": "2020-09-11T10:06:36Z",
        "value": "361982.1901025772",
        "cumulative": true
    },
    {
        "date": "2020-09-11T10:06:50Z",
        "value": "362946.7489080429",
        "cumulative": true
    },
    {
        "date": "2020-09-11T10:07:05Z",
        "value": "363851.8537912369",
        "cumulative": true
    },
    {
        "date": "2020-09-11T10:07:17Z",
        "value": "364655.2237081528",
        "cumulative": true
    },
    {
        "date": "2020-09-11T10:07:27Z",
        "value": "365368.356713295",
        "cumulative": true
    },
    {
        "date": "2020-09-11T10:07:45Z",
        "value": "366512.3396501541",
        "cumulative": true
    },
    {
        "date": "2020-09-11T10:07:57Z",
        "value": "367315.68713855743",
        "cumulative": true
    },
    {
        "date": "2020-09-11T10:08:15Z",
        "value": "368552.46041965485",
        "cumulative": true
    },
    {
        "date": "2020-09-11T10:08:32Z",
        "value": "369617.28670978546",
        "cumulative": true
    },
    {
        "date": "2020-09-11T10:08:51Z",
        "value": "370789.8572092056",
        "cumulative": true
    },
    {
        "date": "2020-09-11T10:09:07Z",
        "value": "371873.22058582306",
        "cumulative": true
    },
    {
        "date": "2020-09-11T10:09:20Z",
        "value": "372805.15644168854",
        "cumulative": true
    },
    {
        "date": "2020-09-11T10:09:33Z",
        "value": "373603.56876277924",
        "cumulative": true
    },
    {
        "date": "2020-09-11T10:09:44Z",
        "value": "374233.91481494904",
        "cumulative": true
    },
    {
        "date": "2020-09-11T10:10:00Z",
        "value": "375465.0407304764",
        "cumulative": true
    },
    {
        "date": "2020-09-11T10:10:19Z",
        "value": "376577.45541477203",
        "cumulative": true
    },
    {
        "date": "2020-09-11T10:10:35Z",
        "value": "377637.7161645889",
        "cumulative": true
    },
    {
        "date": "2020-09-11T10:10:53Z",
        "value": "378774.8744134903",
        "cumulative": true
    },
    {
        "date": "2020-09-11T10:11:04Z",
        "value": "379496.26275730133",
        "cumulative": true
    },
    {
        "date": "2020-09-11T10:11:14Z",
        "value": "380221.2508459091",
        "cumulative": true
    },
    {
        "date": "2020-09-11T10:11:26Z",
        "value": "380947.27941799164",
        "cumulative": true
    },
    {
        "date": "2020-09-11T10:11:38Z",
        "value": "381711.5094919205",
        "cumulative": true
    },
    {
        "date": "2020-09-11T10:11:53Z",
        "value": "382717.3085565567",
        "cumulative": true
    },
    {
        "date": "2020-09-11T10:12:10Z",
        "value": "383836.0841207504",
        "cumulative": true
    },
    {
        "date": "2020-09-11T10:12:22Z",
        "value": "385184.92352867126",
        "cumulative": true
    },
    {
        "date": "2020-09-11T10:12:35Z",
        "value": "388553.1283111572",
        "cumulative": true
    },
    {
        "date": "2020-09-11T10:12:47Z",
        "value": "391920.4857406616",
        "cumulative": true
    },
    {
        "date": "2020-09-11T10:13:06Z",
        "value": "396957.3172187805",
        "cumulative": true
    },
    {
        "date": "2020-09-11T10:13:18Z",
        "value": "400008.3624763489",
        "cumulative": true
    },
    {
        "date": "2020-09-11T10:13:31Z",
        "value": "403374.02573394775",
        "cumulative": true
    },
    {
        "date": "2020-09-11T10:13:44Z",
        "value": "406945.0949726105",
        "cumulative": true
    },
    {
        "date": "2020-09-11T10:13:58Z",
        "value": "410789.4525165558",
        "cumulative": true
    },
    {
        "date": "2020-09-11T10:14:14Z",
        "value": "415507.6244068146",
        "cumulative": true
    },
    {
        "date": "2020-09-11T10:14:30Z",
        "value": "419547.83984565735",
        "cumulative": true
    },
    {
        "date": "2020-09-11T10:14:46Z",
        "value": "424085.34670066833",
        "cumulative": true
    },
    {
        "date": "2020-09-11T10:15:05Z",
        "value": "429015.95368766785",
        "cumulative": true
    },
    {
        "date": "2020-09-11T10:15:23Z",
        "value": "434160.8123817444",
        "cumulative": true
    },
    {
        "date": "2020-09-11T10:15:37Z",
        "value": "437743.8866252899",
        "cumulative": true
    },
    {
        "date": "2020-09-11T10:15:48Z",
        "value": "440915.1475944519",
        "cumulative": true
    },
    {
        "date": "2020-09-11T10:16:02Z",
        "value": "444486.35163116455",
        "cumulative": true
    },
    {
        "date": "2020-09-11T10:16:21Z",
        "value": "449721.3396396637",
        "cumulative": true
    },
    {
        "date": "2020-09-11T10:16:38Z",
        "value": "452293.5499572754",
        "cumulative": true
    },
    {
        "date": "2020-09-11T10:16:51Z",
        "value": "453234.33936309814",
        "cumulative": true
    },
    {
        "date": "2020-09-11T10:17:07Z",
        "value": "454243.56849861145",
        "cumulative": true
    },
    {
        "date": "2020-09-11T10:17:27Z",
        "value": "455587.79846572876",
        "cumulative": true
    },
    {
        "date": "2020-09-11T10:17:47Z",
        "value": "456931.42655944824",
        "cumulative": true
    },
    {
        "date": "2020-09-11T10:18:05Z",
        "value": "458028.95123291016",
        "cumulative": true
    },
    {
        "date": "2020-09-11T10:18:20Z",
        "value": "459037.1268424988",
        "cumulative": true
    },
    {
        "date": "2020-09-11T10:18:39Z",
        "value": "460299.39441490173",
        "cumulative": true
    },
    {
        "date": "2020-09-11T10:18:59Z",
        "value": "461631.51102638245",
        "cumulative": true
    },
    {
        "date": "2020-09-11T10:19:13Z",
        "value": "462454.34836387634",
        "cumulative": true
    },
    {
        "date": "2020-09-11T10:19:32Z",
        "value": "463731.2242870331",
        "cumulative": true
    },
    {
        "date": "2020-09-11T10:19:43Z",
        "value": "464421.51827430725",
        "cumulative": true
    },
    {
        "date": "2020-09-11T10:19:55Z",
        "value": "465260.81785964966",
        "cumulative": true
    },
    {
        "date": "2020-09-11T10:20:11Z",
        "value": "466331.60337638855",
        "cumulative": true
    },
    {
        "date": "2020-09-11T10:20:26Z",
        "value": "467338.88715553284",
        "cumulative": true
    },
    {
        "date": "2020-09-11T10:20:37Z",
        "value": "468009.61309432983",
        "cumulative": true
    },
    {
        "date": "2020-09-11T10:20:47Z",
        "value": "468673.6058063507",
        "cumulative": true
    },
    {
        "date": "2020-09-11T10:20:57Z",
        "value": "469293.93569374084",
        "cumulative": true
    },
    {
        "date": "2020-09-11T10:21:10Z",
        "value": "470061.09243774414",
        "cumulative": true
    },
    {
        "date": "2020-09-11T10:21:23Z",
        "value": "470845.28131484985",
        "cumulative": true
    },
    {
        "date": "2020-09-11T10:21:42Z",
        "value": "472101.05728149414",
        "cumulative": true
    },
    {
        "date": "2020-09-11T10:21:56Z",
        "value": "473049.38802337646",
        "cumulative": true
    },
    {
        "date": "2020-09-11T10:22:14Z",
        "value": "474127.63276672363",
        "cumulative": true
    },
    {
        "date": "2020-09-11T10:22:29Z",
        "value": "475128.42883491516",
        "cumulative": true
    },
    {
        "date": "2020-09-11T10:22:42Z",
        "value": "476073.58977127075",
        "cumulative": true
    },
    {
        "date": "2020-09-11T10:22:55Z",
        "value": "476825.35904312134",
        "cumulative": true
    },
    {
        "date": "2020-09-11T10:23:11Z",
        "value": "477813.449344635",
        "cumulative": true
    },
    {
        "date": "2020-09-11T10:23:29Z",
        "value": "479094.4194946289",
        "cumulative": true
    },
    {
        "date": "2020-09-11T10:23:44Z",
        "value": "480101.4117527008",
        "cumulative": true
    },
    {
        "date": "2020-09-11T10:23:57Z",
        "value": "480858.1745929718",
        "cumulative": true
    },
    {
        "date": "2020-09-11T10:24:11Z",
        "value": "481780.6231365204",
        "cumulative": true
    },
    {
        "date": "2020-09-11T10:24:22Z",
        "value": "482484.6501979828",
        "cumulative": true
    },
    {
        "date": "2020-09-11T10:24:35Z",
        "value": "483263.1082019806",
        "cumulative": true
    },
    {
        "date": "2020-09-11T10:24:45Z",
        "value": "483927.68568992615",
        "cumulative": true
    },
    {
        "date": "2020-09-11T10:25:01Z",
        "value": "484951.10450172424",
        "cumulative": true
    },
    {
        "date": "2020-09-11T10:25:16Z",
        "value": "485473.93612003326",
        "cumulative": true
    }
]