[
    {
        "date": "2020-09-11T09:20:57Z",
        "value": "4.00543212890625e-05",
        "cumulative": true
    },
    {
        "date": "2020-09-11T09:21:16Z",
        "value": "4.00543212890625e-05",
        "cumulative": true
    },
    {
        "date": "2020-09-11T09:21:44Z",
        "value": "4.00543212890625e-05",
        "cumulative": true
    },
    {
        "date": "2020-09-11T09:21:56Z",
        "value": "4.00543212890625e-05",
        "cumulative": true
    },
    {
        "date": "2020-09-11T09:22:15Z",
        "value": "4.00543212890625e-05",
        "cumulative": true
    },
    {
        "date": "2020-09-11T09:22:25Z",
        "value": "4.00543212890625e-05",
        "cumulative": true
    },
    {
        "date": "2020-09-11T09:22:45Z",
        "value": "4.00543212890625e-05",
        "cumulative": true
    },
    {
        "date": "2020-09-11T09:22:55Z",
        "value": "4.00543212890625e-05",
        "cumulative": true
    },
    {
        "date": "2020-09-11T09:23:17Z",
        "value": "14.378958702087402",
        "cumulative": true
    },
    {
        "date": "2020-09-11T09:23:37Z",
        "value": "60.72338390350342",
        "cumulative": true
    },
    {
        "date": "2020-09-11T09:23:49Z",
        "value": "185.32424354553223",
        "cumulative": true
    },
    {
        "date": "2020-09-11T09:24:02Z",
        "value": "778.9365539550781",
        "cumulative": true
    },
    {
        "date": "2020-09-11T09:24:20Z",
        "value": "2826.354712486267",
        "cumulative": true
    },
    {
        "date": "2020-09-11T09:24:37Z",
        "value": "4720.381751060486",
        "cumulative": true
    },
    {
        "date": "2020-09-11T09:24:56Z",
        "value": "7238.376412391663",
        "cumulative": true
    },
    {
        "date": "2020-09-11T09:25:08Z",
        "value": "8919.959414482117",
        "cumulative": true
    },
    {
        "date": "2020-09-11T09:25:27Z",
        "value": "11429.098965644836",
        "cumulative": true
    },
    {
        "date": "2020-09-11T09:25:46Z",
        "value": "14254.103949546814",
        "cumulative": true
    },
    {
        "date": "2020-09-11T09:25:58Z",
        "value": "15840.3418674469",
        "cumulative": true
    },
    {
        "date": "2020-09-11T09:26:17Z",
        "value": "18203.96534347534",
        "cumulative": true
    },
    {
        "date": "2020-09-11T09:26:33Z",
        "value": "21576.309599876404",
        "cumulative": true
    },
    {
        "date": "2020-09-11T09:26:49Z",
        "value": "22865.1646900177",
        "cumulative": true
    },
    {
        "date": "2020-09-11T09:27:05Z",
        "value": "25570.086234092712",
        "cumulative": true
    },
    {
        "date": "2020-09-11T09:27:19Z",
        "value": "28043.094049453735",
        "cumulative": true
    },
    {
        "date": "2020-09-11T09:27:34Z",
        "value": "29107.481355667114",
        "cumulative": true
    },
    {
        "date": "2020-09-11T09:27:47Z",
        "value": "31135.394527435303",
        "cumulative": true
    },
    {
        "date": "2020-09-11T09:28:02Z",
        "value": "34920.32835006714",
        "cumulative": true
    },
    {
        "date": "2020-09-11T09:28:18Z",
        "value": "36033.70352554321",
        "cumulative": true
    },
    {
        "date": "2020-09-11T09:28:28Z",
        "value": "36803.65239715576",
        "cumulative": true
    },
    {
        "date": "2020-09-11T09:28:45Z",
        "value": "39433.929748535156",
        "cumulative": true
    },
    {
        "date": "2020-09-11T09:29:04Z",
        "value": "44000.204157829285",
        "cumulative": true
    },
    {
        "date": "2020-09-11T09:29:24Z",
        "value": "45268.346119880676",
        "cumulative": true
    },
    {
        "date": "2020-09-11T09:29:42Z",
        "value": "46505.02778720856",
        "cumulative": true
    },
    {
        "date": "2020-09-11T09:30:00Z",
        "value": "49844.90958023071",
        "cumulative": true
    },
    {
        "date": "2020-09-11T09:30:15Z",
        "value": "53853.197174072266",
        "cumulative": true
    },
    {
        "date": "2020-09-11T09:30:34Z",
        "value": "56249.54794692993",
        "cumulative": true
    },
    {
        "date": "2020-09-11T09:30:47Z",
        "value": "57133.861322402954",
        "cumulative": true
    },
    {
        "date": "2020-09-11T09:31:06Z",
        "value": "58423.0284576416",
        "cumulative": true
    },
    {
        "date": "2020-09-11T09:31:19Z",
        "value": "59356.62884140015",
        "cumulative": true
    },
    {
        "date": "2020-09-11T09:31:29Z",
        "value": "61618.106083869934",
        "cumulative": true
    },
    {
        "date": "2020-09-11T09:31:48Z",
        "value": "66663.83374500275",
        "cumulative": true
    },
    {
        "date": "2020-09-11T09:32:00Z",
        "value": "69909.72167682648",
        "cumulative": true
    },
    {
        "date": "2020-09-11T09:32:19Z",
        "value": "71169.1869726181",
        "cumulative": true
    },
    {
        "date": "2020-09-11T09:32:37Z",
        "value": "72438.21103000641",
        "cumulative": true
    },
    {
        "date": "2020-09-11T09:32:51Z",
        "value": "73382.22424602509",
        "cumulative": true
    },
    {
        "date": "2020-09-11T09:33:05Z",
        "value": "74308.18561840057",
        "cumulative": true
    },
    {
        "date": "2020-09-11T09:33:17Z",
        "value": "75059.7529668808",
        "cumulative": true
    },
    {
        "date": "2020-09-11T09:33:32Z",
        "value": "78864.62791061401",
        "cumulative": true
    },
    {
        "date": "2020-09-11T09:33:43Z",
        "value": "82037.75741004944",
        "cumulative": true
    },
    {
        "date": "2020-09-11T09:33:57Z",
        "value": "85684.39046859741",
        "cumulative": true
    },
    {
        "date": "2020-09-11T09:34:14Z",
        "value": "88709.97112083435",
        "cumulative": true
    },
    {
        "date": "2020-09-11T09:34:28Z",
        "value": "89653.56255722046",
        "cumulative": true
    },
    {
        "date": "2020-09-11T09:34:42Z",
        "value": "90567.9077835083",
        "cumulative": true
    },
    {
        "date": "2020-09-11T09:34:56Z",
        "value": "91465.86471939087",
        "cumulative": true
    },
    {
        "date": "2020-09-11T09:35:15Z",
        "value": "92715.56237411499",
        "cumulative": true
    },
    {
        "date": "2020-09-11T09:35:29Z",
        "value": "93686.7967300415",
        "cumulative": true
    },
    {
        "date": "2020-09-11T09:35:49Z",
        "value": "95312.72498607635",
        "cumulative": true
    },
    {
        "date": "2020-09-11T09:36:05Z",
        "value": "99645.13155460358",
        "cumulative": true
    },
    {
        "date": "2020-09-11T09:36:19Z",
        "value": "103236.56345272064",
        "cumulative": true
    },
    {
        "date": "2020-09-11T09:36:38Z",
        "value": "108056.80309009552",
        "cumulative": true
    },
    {
        "date": "2020-09-11T09:36:51Z",
        "value": "111417.04856491089",
        "cumulative": true
    },
    {
        "date": "2020-09-11T09:37:10Z",
        "value": "112740.03768539429",
        "cumulative": true
    },
    {
        "date": "2020-09-11T09:37:25Z",
        "value": "113677.73168182373",
        "cumulative": true
    },
    {
        "date": "2020-09-11T09:37:38Z",
        "value": "114590.72375488281",
        "cumulative": true
    },
    {
        "date": "2020-09-11T09:37:52Z",
        "value": "115477.43678283691",
        "cumulative": true
    },
    {
        "date": "2020-09-11T09:38:08Z",
        "value": "116551.47301673889",
        "cumulative": true
    },
    {
        "date": "2020-09-11T09:38:21Z",
        "value": "117395.46116638184",
        "cumulative": true
    },
    {
        "date": "2020-09-11T09:38:34Z",
        "value": "118232.95280456543",
        "cumulative": true
    },
    {
        "date": "2020-09-11T09:38:51Z",
        "value": "119350.52713394165",
        "cumulative": true
    },
    {
        "date": "2020-09-11T09:39:06Z",
        "value": "122639.05231761932",
        "cumulative": true
    },
    {
        "date": "2020-09-11T09:39:19Z",
        "value": "125995.49803638458",
        "cumulative": true
    },
    {
        "date": "2020-09-11T09:39:38Z",
        "value": "130764.67265224457",
        "cumulative": true
    },
    {
        "date": "2020-09-11T09:39:57Z",
        "value": "135912.9572954178",
        "cumulative": true
    },
    {
        "date": "2020-09-11T09:40:09Z",
        "value": "138989.33305454254",
        "cumulative": true
    },
    {
        "date": "2020-09-11T09:40:20Z",
        "value": "141004.5934009552",
        "cumulative": true
    },
    {
        "date": "2020-09-11T09:40:33Z",
        "value": "141819.94060134888",
        "cumulative": true
    },
    {
        "date": "2020-09-11T09:40:45Z",
        "value": "142641.80081367493",
        "cumulative": true
    },
    {
        "date": "2020-09-11T09:41:03Z",
        "value": "143823.24082756042",
        "cumulative": true
    },
    {
        "date": "2020-09-11T09:41:21Z",
        "value": "144982.38225746155",
        "cumulative": true
    },
    {
        "date": "2020-09-11T09:41:33Z",
        "value": "145788.39813804626",
        "cumulative": true
    },
    {
        "date": "2020-09-11T09:41:48Z",
        "value": "146782.00896072388",
        "cumulative": true
    },
    {
        "date": "2020-09-11T09:42:01Z",
        "value": "147673.92474365234",
        "cumulative": true
    },
    {
        "date": "2020-09-11T09:42:20Z",
        "value": "148854.80150794983",
        "cumulative": true
    },
    {
        "date": "2020-09-11T09:42:32Z",
        "value": "149610.236661911",
        "cumulative": true
    },
    {
        "date": "2020-09-11T09:42:46Z",
        "value": "150602.39525413513",
        "cumulative": true
    },
    {
        "date": "2020-09-11T09:43:03Z",
        "value": "153081.9073228836",
        "cumulative": true
    },
    {
        "date": "2020-09-11T09:43:14Z",
        "value": "155736.43532466888",
        "cumulative": true
    },
    {
        "date": "2020-09-11T09:43:29Z",
        "value": "160258.9618730545",
        "cumulative": true
    },
    {
        "date": "2020-09-11T09:43:42Z",
        "value": "163296.77044582367",
        "cumulative": true
    },
    {
        "date": "2020-09-11T09:43:54Z",
        "value": "166226.54986476898",
        "cumulative": true
    },
    {
        "date": "2020-09-11T09:44:09Z",
        "value": "170681.8944826126",
        "cumulative": true
    },
    {
        "date": "2020-09-11T09:44:23Z",
        "value": "174683.16914653778",
        "cumulative": true
    },
    {
        "date": "2020-09-11T09:44:34Z",
        "value": "177600.66388893127",
        "cumulative": true
    },
    {
        "date": "2020-09-11T09:44:51Z",
        "value": "178687.8610496521",
        "cumulative": true
    },
    {
        "date": "2020-09-11T09:45:02Z",
        "value": "179445.99178886414",
        "cumulative": true
    },
    {
        "date": "2020-09-11T09:45:13Z",
        "value": "180144.47499465942",
        "cumulative": true
    },
    {
        "date": "2020-09-11T09:45:28Z",
        "value": "181066.87573814392",
        "cumulative": true
    },
    {
        "date": "2020-09-11T09:45:44Z",
        "value": "182151.44454193115",
        "cumulative": true
    },
    {
        "date": "2020-09-11T09:46:03Z",
        "value": "183409.84795570374",
        "cumulative": true
    },
    {
        "date": "2020-09-11T09:46:21Z",
        "value": "184597.98656272888",
        "cumulative": true
    },
    {
        "date": "2020-09-11T09:46:41Z",
        "value": "185822.8449230194",
        "cumulative": true
    },
    {
        "date": "2020-09-11T09:46:59Z",
        "value": "187014.98414039612",
        "cumulative": true
    },
    {
        "date": "2020-09-11T09:47:14Z",
        "value": "188034.41411209106",
        "cumulative": true
    },
    {
        "date": "2020-09-11T09:47:34Z",
        "value": "189332.86851882935",
        "cumulative": true
    },
    {
        "date": "2020-09-11T09:47:44Z",
        "value": "190011.8945980072",
        "cumulative": true
    },
    {
        "date": "2020-09-11T09:47:56Z",
        "value": "190804.08966064453",
        "cumulative": true
    },
    {
        "date": "2020-09-11T09:48:15Z",
        "value": "195831.215426445",
        "cumulative": true
    },
    {
        "date": "2020-09-11T09:48:33Z",
        "value": "200434.86787128448",
        "cumulative": true
    },
    {
        "date": "2020-09-11T09:48:46Z",
        "value": "203709.73527622223",
        "cumulative": true
    },
    {
        "date": "2020-09-11T09:48:57Z",
        "value": "206520.80971050262",
        "cumulative": true
    },
    {
        "date": "2020-09-11T09:49:09Z",
        "value": "209860.47647953033",
        "cumulative": true
    },
    {
        "date": "2020-09-11T09:49:21Z",
        "value": "213088.31858348846",
        "cumulative": true
    },
    {
        "date": "2020-09-11T09:49:35Z",
        "value": "216743.77424526215",
        "cumulative": true
    },
    {
        "date": "2020-09-11T09:49:49Z",
        "value": "220180.68945980072",
        "cumulative": true
    },
    {
        "date": "2020-09-11T09:50:07Z",
        "value": "224413.26270866394",
        "cumulative": true
    },
    {
        "date": "2020-09-11T09:50:24Z",
        "value": "225441.0525112152",
        "cumulative": true
    },
    {
        "date": "2020-09-11T09:50:42Z",
        "value": "226603.2329235077",
        "cumulative": true
    },
    {
        "date": "2020-09-11T09:50:58Z",
        "value": "227590.80244255066",
        "cumulative": true
    },
    {
        "date": "2020-09-11T09:51:13Z",
        "value": "228627.8497619629",
        "cumulative": true
    },
    {
        "date": "2020-09-11T09:51:29Z",
        "value": "229622.88403892517",
        "cumulative": true
    },
    {
        "date": "2020-09-11T09:51:47Z",
        "value": "230813.79157066345",
        "cumulative": true
    },
    {
        "date": "2020-09-11T09:52:00Z",
        "value": "231662.4718990326",
        "cumulative": true
    },
    {
        "date": "2020-09-11T09:52:11Z",
        "value": "232411.0980014801",
        "cumulative": true
    },
    {
        "date": "2020-09-11T09:52:24Z",
        "value": "233264.45134735107",
        "cumulative": true
    },
    {
        "date": "2020-09-11T09:52:39Z",
        "value": "234255.36361694336",
        "cumulative": true
    },
    {
        "date": "2020-09-11T09:52:53Z",
        "value": "235130.03853416443",
        "cumulative": true
    },
    {
        "date": "2020-09-11T09:53:04Z",
        "value": "235911.41199111938",
        "cumulative": true
    },
    {
        "date": "2020-09-11T09:53:16Z",
        "value": "236638.7509841919",
        "cumulative": true
    },
    {
        "date": "2020-09-11T09:53:30Z",
        "value": "237577.41838264465",
        "cumulative": true
    },
    {
        "date": "2020-09-11T09:53:50Z",
        "value": "238912.41788482666",
        "cumulative": true
    },
    {
        "date": "2020-09-11T09:54:03Z",
        "value": "239783.57736968994",
        "cumulative": true
    },
    {
        "date": "2020-09-11T09:54:17Z",
        "value": "240746.78675079346",
        "cumulative": true
    },
    {
        "date": "2020-09-11T09:54:28Z",
        "value": "243024.82032299042",
        "cumulative": true
    },
    {
        "date": "2020-09-11T09:54:43Z",
        "value": "246824.84671115875",
        "cumulative": true
    },
    {
        "date": "2020-09-11T09:54:59Z",
        "value": "250817.92867183685",
        "cumulative": true
    },
    {
        "date": "2020-09-11T09:55:16Z",
        "value": "255685.05870342255",
        "cumulative": true
    },
    {
        "date": "2020-09-11T09:55:32Z",
        "value": "260327.27063274384",
        "cumulative": true
    },
    {
        "date": "2020-09-11T09:55:46Z",
        "value": "264128.64678668976",
        "cumulative": true
    },
    {
        "date": "2020-09-11T09:55:59Z",
        "value": "267306.9256429672",
        "cumulative": true
    },
    {
        "date": "2020-09-11T09:56:15Z",
        "value": "271305.0319223404",
        "cumulative": true
    },
    {
        "date": "2020-09-11T09:56:31Z",
        "value": "275946.9695520401",
        "cumulative": true
    },
    {
        "date": "2020-09-11T09:56:50Z",
        "value": "280774.68550777435",
        "cumulative": true
    },
    {
        "date": "2020-09-11T09:57:03Z",
        "value": "283410.1286315918",
        "cumulative": true
    },
    {
        "date": "2020-09-11T09:57:14Z",
        "value": "284171.0372695923",
        "cumulative": true
    },
    {
        "date": "2020-09-11T09:57:24Z",
        "value": "284821.3496417999",
        "cumulative": true
    },
    {
        "date": "2020-09-11T09:57:36Z",
        "value": "285646.842754364",
        "cumulative": true
    },
    {
        "date": "2020-09-11T09:57:51Z",
        "value": "286579.97644615173",
        "cumulative": true
    },
    {
        "date": "2020-09-11T09:58:06Z",
        "value": "287570.03759765625",
        "cumulative": true
    },
    {
        "date": "2020-09-11T09:58:22Z",
        "value": "288664.1418914795",
        "cumulative": true
    },
    {
        "date": "2020-09-11T09:58:33Z",
        "value": "289439.50796699524",
        "cumulative": true
    },
    {
        "date": "2020-09-11T09:58:52Z",
        "value": "290695.2747554779",
        "cumulative": true
    },
    {
        "date": "2020-09-11T09:59:04Z",
        "value": "291420.09296798706",
        "cumulative": true
    },
    {
        "date": "2020-09-11T09:59:18Z",
        "value": "292408.48575782776",
        "cumulative": true
    },
    {
        "date": "2020-09-11T09:59:37Z",
        "value": "293643.6097679138",
        "cumulative": true
    },
    {
        "date": "2020-09-11T09:59:48Z",
        "value": "294326.77882003784",
        "cumulative": true
    },
    {
        "date": "2020-09-11T10:00:06Z",
        "value": "295536.6811923981",
        "cumulative": true
    },
    {
        "date": "2020-09-11T10:00:22Z",
        "value": "296589.2765712738",
        "cumulative": true
    },
    {
        "date": "2020-09-11T10:00:33Z",
        "value": "297293.2757129669",
        "cumulative": true
    },
    {
        "date": "2020-09-11T10:00:49Z",
        "value": "298329.37930107117",
        "cumulative": true
    },
    {
        "date": "2020-09-11T10:01:07Z",
        "value": "299558.79351997375",
        "cumulative": true
    },
    {
        "date": "2020-09-11T10:01:24Z",
        "value": "300651.36648368835",
        "cumulative": true
    },
    {
        "date": "2020-09-11T10:01:41Z",
        "value": "301741.7925853729",
        "cumulative": true
    },
    {
        "date": "2020-09-11T10:01:53Z",
        "value": "302567.4665546417",
        "cumulative": true
    },
    {
        "date": "2020-09-11T10:02:08Z",
        "value": "303534.1760940552",
        "cumulative": true
    },
    {
        "date": "2020-09-11T10:02:27Z",
        "value": "306831.87041187286",
        "cumulative": true
    },
    {
        "date": "2020-09-11T10:02:44Z",
        "value": "310981.3280553818",
        "cumulative": true
    },
    {
        "date": "2020-09-11T10:03:00Z",
        "value": "315351.4467039108",
        "cumulative": true
    },
    {
        "date": "2020-09-11T10:03:18Z",
        "value": "320485.0194425583",
        "cumulative": true
    },
    {
        "date": "2020-09-11T10:03:36Z",
        "value": "325225.5968866348",
        "cumulative": true
    },
    {
        "date": "2020-09-11T10:03:55Z",
        "value": "330512.82739543915",
        "cumulative": true
    },
    {
        "date": "2020-09-11T10:04:11Z",
        "value": "335055.6512918472",
        "cumulative": true
    },
    {
        "date": "2020-09-11T10:04:27Z",
        "value": "339426.23518657684",
        "cumulative": true
    },
    {
        "date": "2020-09-11T10:04:40Z",
        "value": "343045.9184331894",
        "cumulative": true
    },
    {
        "date": "2020-09-11T10:04:56Z",
        "value": "347836.0163831711",
        "cumulative": true
    },
    {
        "date": "2020-09-11T10:05:12Z",
        "value": "352095.41818904877",
        "cumulative": true
    },
    {
        "date": "2020-09-11T10:05:30Z",
        "value": "356456.92051029205",
        "cumulative": true
    },
    {
        "date": "2020-09-11T10:05:47Z",
        "value": "358276.96051597595",
        "cumulative": true
    },
    {
        "date": "2020-09-11T10:06:03Z",
        "value": "359308.4941005707",
        "cumulative": true
    },
    {
        "date": "2020-09-11T10:06:14Z",
        "value": "360082.3722400665",
        "cumulative": true
    },
    {
        "date": "2020-09-11T10:06:26Z",
        "value": "360876.325422287",
        "cumulative": true
    },
    {
        "date": "2020-09-11T10:06:37Z",
        "value": "361525.33386039734",
        "cumulative": true
    },
    {
        "date": "2020-09-11T10:06:48Z",
        "value": "362261.5523490906",
        "cumulative": true
    },
    {
        "date": "2020-09-11T10:07:06Z",
        "value": "363484.9246520996",
        "cumulative": true
    },
    {
        "date": "2020-09-11T10:07:17Z",
        "value": "364248.95887184143",
        "cumulative": true
    },
    {
        "date": "2020-09-11T10:07:34Z",
        "value": "365385.0948486328",
        "cumulative": true
    },
    {
        "date": "2020-09-11T10:07:45Z",
        "value": "366012.74504470825",
        "cumulative": true
    },
    {
        "date": "2020-09-11T10:08:01Z",
        "value": "367041.1264190674",
        "cumulative": true
    },
    {
        "date": "2020-09-11T10:08:11Z",
        "value": "367783.22071647644",
        "cumulative": true
    },
    {
        "date": "2020-09-11T10:08:25Z",
        "value": "368597.6563014984",
        "cumulative": true
    },
    {
        "date": "2020-09-11T10:08:39Z",
        "value": "369494.57194137573",
        "cumulative": true
    },
    {
        "date": "2020-09-11T10:08:50Z",
        "value": "370254.64664649963",
        "cumulative": true
    },
    {
        "date": "2020-09-11T10:09:04Z",
        "value": "371239.3647136688",
        "cumulative": true
    },
    {
        "date": "2020-09-11T10:09:18Z",
        "value": "372099.7425842285",
        "cumulative": true
    },
    {
        "date": "2020-09-11T10:09:30Z",
        "value": "372865.58191871643",
        "cumulative": true
    },
    {
        "date": "2020-09-11T10:09:43Z",
        "value": "373707.03990364075",
        "cumulative": true
    },
    {
        "date": "2020-09-11T10:09:54Z",
        "value": "374453.83385658264",
        "cumulative": true
    },
    {
        "date": "2020-09-11T10:10:14Z",
        "value": "375762.3263874054",
        "cumulative": true
    },
    {
        "date": "2020-09-11T10:10:33Z",
        "value": "376980.1182785034",
        "cumulative": true
    },
    {
        "date": "2020-09-11T10:10:49Z",
        "value": "378009.59013175964",
        "cumulative": true
    },
    {
        "date": "2020-09-11T10:11:02Z",
        "value": "378917.60749053955",
        "cumulative": true
    },
    {
        "date": "2020-09-11T10:11:19Z",
        "value": "380010.3995189667",
        "cumulative": true
    },
    {
        "date": "2020-09-11T10:11:39Z",
        "value": "381340.09611701965",
        "cumulative": true
    },
    {
        "date": "2020-09-11T10:11:59Z",
        "value": "382668.2933292389",
        "cumulative": true
    },
    {
        "date": "2020-09-11T10:12:14Z",
        "value": "383649.51662635803",
        "cumulative": true
    },
    {
        "date": "2020-09-11T10:12:31Z",
        "value": "387245.9422893524",
        "cumulative": true
    },
    {
        "date": "2020-09-11T10:12:43Z",
        "value": "390102.52107810974",
        "cumulative": true
    },
    {
        "date": "2020-09-11T10:13:01Z",
        "value": "395376.2960700989",
        "cumulative": true
    },
    {
        "date": "2020-09-11T10:13:15Z",
        "value": "398912.2719745636",
        "cumulative": true
    },
    {
        "date": "2020-09-11T10:13:34Z",
        "value": "403829.5622253418",
        "cumulative": true
    },
    {
        "date": "2020-09-11T10:13:49Z",
        "value": "407556.90898895264",
        "cumulative": true
    },
    {
        "date": "2020-09-11T10:13:59Z",
        "value": "410889.4393424988",
        "cumulative": true
    },
    {
        "date": "2020-09-11T10:14:14Z",
        "value": "414923.65716362",
        "cumulative": true
    },
    {
        "date": "2020-09-11T10:14:29Z",
        "value": "418957.02836990356",
        "cumulative": true
    },
    {
        "date": "2020-09-11T10:14:46Z",
        "value": "423557.7599391937",
        "cumulative": true
    },
    {
        "date": "2020-09-11T10:15:05Z",
        "value": "428391.2825126648",
        "cumulative": true
    },
    {
        "date": "2020-09-11T10:15:19Z",
        "value": "432428.58713150024",
        "cumulative": true
    },
    {
        "date": "2020-09-11T10:15:38Z",
        "value": "437461.18267822266",
        "cumulative": true
    },
    {
        "date": "2020-09-11T10:15:49Z",
        "value": "440498.3841972351",
        "cumulative": true
    },
    {
        "date": "2020-09-11T10:15:59Z",
        "value": "443283.1442089081",
        "cumulative": true
    },
    {
        "date": "2020-09-11T10:16:10Z",
        "value": "445885.8328704834",
        "cumulative": true
    },
    {
        "date": "2020-09-11T10:16:28Z",
        "value": "450594.6317577362",
        "cumulative": true
    },
    {
        "date": "2020-09-11T10:16:39Z",
        "value": "451738.55616378784",
        "cumulative": true
    },
    {
        "date": "2020-09-11T10:16:51Z",
        "value": "452607.19447898865",
        "cumulative": true
    },
    {
        "date": "2020-09-11T10:17:07Z",
        "value": "453621.45784950256",
        "cumulative": true
    },
    {
        "date": "2020-09-11T10:17:18Z",
        "value": "454302.87430381775",
        "cumulative": true
    },
    {
        "date": "2020-09-11T10:17:29Z",
        "value": "455014.50773239136",
        "cumulative": true
    },
    {
        "date": "2020-09-11T10:17:39Z",
        "value": "455713.20667648315",
        "cumulative": true
    },
    {
        "date": "2020-09-11T10:17:52Z",
        "value": "456638.31808280945",
        "cumulative": true
    },
    {
        "date": "2020-09-11T10:18:10Z",
        "value": "457765.8049468994",
        "cumulative": true
    },
    {
        "date": "2020-09-11T10:18:23Z",
        "value": "458650.5251426697",
        "cumulative": true
    },
    {
        "date": "2020-09-11T10:18:37Z",
        "value": "459472.0186214447",
        "cumulative": true
    },
    {
        "date": "2020-09-11T10:18:47Z",
        "value": "460117.09109306335",
        "cumulative": true
    },
    {
        "date": "2020-09-11T10:19:04Z",
        "value": "461338.9977493286",
        "cumulative": true
    },
    {
        "date": "2020-09-11T10:19:20Z",
        "value": "462351.01434135437",
        "cumulative": true
    },
    {
        "date": "2020-09-11T10:19:31Z",
        "value": "463019.23163414",
        "cumulative": true
    },
    {
        "date": "2020-09-11T10:19:48Z",
        "value": "464115.632440567",
        "cumulative": true
    },
    {
        "date": "2020-09-11T10:20:08Z",
        "value": "465401.1424789429",
        "cumulative": true
    },
    {
        "date": "2020-09-11T10:20:20Z",
        "value": "466162.20930480957",
        "cumulative": true
    },
    {
        "date": "2020-09-11T10:20:30Z",
        "value": "466841.4408893585",
        "cumulative": true
    },
    {
        "date": "2020-09-11T10:20:48Z",
        "value": "468047.58439826965",
        "cumulative": true
    },
    {
        "date": "2020-09-11T10:20:58Z",
        "value": "468721.18636131287",
        "cumulative": true
    },
    {
        "date": "2020-09-11T10:21:15Z",
        "value": "469746.5428943634",
        "cumulative": true
    },
    {
        "date": "2020-09-11T10:21:31Z",
        "value": "470807.65556526184",
        "cumulative": true
    },
    {
        "date": "2020-09-11T10:21:42Z",
        "value": "471427.8032550812",
        "cumulative": true
    },
    {
        "date": "2020-09-11T10:21:59Z",
        "value": "472519.58235549927",
        "cumulative": true
    },
    {
        "date": "2020-09-11T10:22:17Z",
        "value": "473755.37260246277",
        "cumulative": true
    },
    {
        "date": "2020-09-11T10:22:33Z",
        "value": "474768.43754959106",
        "cumulative": true
    },
    {
        "date": "2020-09-11T10:22:49Z",
        "value": "475768.9117012024",
        "cumulative": true
    },
    {
        "date": "2020-09-11T10:23:05Z",
        "value": "476842.203458786",
        "cumulative": true
    },
    {
        "date": "2020-09-11T10:23:23Z",
        "value": "478024.9615421295",
        "cumulative": true
    },
    {
        "date": "2020-09-11T10:23:39Z",
        "value": "479122.81482315063",
        "cumulative": true
    },
    {
        "date": "2020-09-11T10:23:51Z",
        "value": "479818.87137794495",
        "cumulative": true
    },
    {
        "date": "2020-09-11T10:24:04Z",
        "value": "480620.00762939453",
        "cumulative": true
    },
    {
        "date": "2020-09-11T10:24:22Z",
        "value": "481868.6565132141",
        "cumulative": true
    },
    {
        "date": "2020-09-11T10:24:35Z",
        "value": "482646.22142601013",
        "cumulative": true
    },
    {
        "date": "2020-09-11T10:24:52Z",
        "value": "483825.9791984558",
        "cumulative": true
    },
    {
        "date": "2020-09-11T10:25:10Z",
        "value": "484831.7342300415",
        "cumulative": true
    }
]