[
    {
        "date": "2020-11-21T12:45:09.555Z",
        "value": "6712.492744922638",
        "cumulative": false
    },
    {
        "date": "2020-11-21T14:37:55.850Z",
        "value": "6694.22101354599",
        "cumulative": false
    },
    {
        "date": "2020-11-21T16:30:56.285Z",
        "value": "6709.0410006046295",
        "cumulative": false
    },
    {
        "date": "2020-11-21T18:24:05.894Z",
        "value": "6716.41827082634",
        "cumulative": false
    },
    {
        "date": "2020-11-21T18:58:35.655Z",
        "value": "2016.272834777832",
        "cumulative": false
    }
]