[
    {
        "date": "2020-11-21T12:45:10.566Z",
        "value": "2370.884914636612",
        "cumulative": false
    },
    {
        "date": "2020-11-21T14:37:54.293Z",
        "value": "2383.131753206253",
        "cumulative": false
    },
    {
        "date": "2020-11-21T16:30:55.166Z",
        "value": "2392.3481006622314",
        "cumulative": false
    },
    {
        "date": "2020-11-21T18:24:04.425Z",
        "value": "2394.4542644023895",
        "cumulative": false
    },
    {
        "date": "2020-11-21T18:58:34.349Z",
        "value": "718.0935933589935",
        "cumulative": false
    }
]