[
    {
        "date": "2020-11-21T12:45:09.429Z",
        "value": "3.024209499359131",
        "cumulative": false
    },
    {
        "date": "2020-11-21T14:37:55.524Z",
        "value": "3.0272560119628906",
        "cumulative": false
    },
    {
        "date": "2020-11-21T16:30:56.159Z",
        "value": "2.9473938941955566",
        "cumulative": false
    },
    {
        "date": "2020-11-21T18:24:05.830Z",
        "value": "2.866454839706421",
        "cumulative": false
    },
    {
        "date": "2020-11-21T18:58:34.943Z",
        "value": "0.8512775897979736",
        "cumulative": false
    }
]