[
    {
        "date": "2020-11-21T12:45:08.907Z",
        "value": "2832.6112430095673",
        "cumulative": false
    },
    {
        "date": "2020-11-21T14:37:55.592Z",
        "value": "2809.1805272102356",
        "cumulative": false
    },
    {
        "date": "2020-11-21T16:30:56.216Z",
        "value": "2822.6686074733734",
        "cumulative": false
    },
    {
        "date": "2020-11-21T18:24:05.344Z",
        "value": "2828.8282895088196",
        "cumulative": false
    },
    {
        "date": "2020-11-21T18:58:34.983Z",
        "value": "852.9038963317871",
        "cumulative": false
    }
]