[
    {
        "date": "2020-11-21T12:45:09.555Z",
        "value": "113.35986733436584",
        "cumulative": false
    },
    {
        "date": "2020-11-21T14:37:55.850Z",
        "value": "113.62670350074768",
        "cumulative": false
    },
    {
        "date": "2020-11-21T16:30:56.285Z",
        "value": "113.55102276802063",
        "cumulative": false
    },
    {
        "date": "2020-11-21T18:24:05.894Z",
        "value": "113.43506669998169",
        "cumulative": false
    },
    {
        "date": "2020-11-21T18:58:35.655Z",
        "value": "33.998806953430176",
        "cumulative": false
    }
]