[
    {
        "date": "2020-11-21T12:45:08.907Z",
        "value": "2459.5630531311035",
        "cumulative": false
    },
    {
        "date": "2020-11-21T14:37:55.592Z",
        "value": "2466.2168622016907",
        "cumulative": false
    },
    {
        "date": "2020-11-21T16:30:56.216Z",
        "value": "2466.6238877773285",
        "cumulative": false
    },
    {
        "date": "2020-11-21T18:24:05.344Z",
        "value": "2467.525365591049",
        "cumulative": false
    },
    {
        "date": "2020-11-21T18:58:34.983Z",
        "value": "738.5315334796906",
        "cumulative": false
    }
]