[
    {
        "date": "2020-11-21T12:45:10.566Z",
        "value": "111.87664365768433",
        "cumulative": false
    },
    {
        "date": "2020-11-21T14:37:54.293Z",
        "value": "112.82455325126648",
        "cumulative": false
    },
    {
        "date": "2020-11-21T16:30:55.166Z",
        "value": "112.89056468009949",
        "cumulative": false
    },
    {
        "date": "2020-11-21T18:24:04.425Z",
        "value": "112.4542088508606",
        "cumulative": false
    },
    {
        "date": "2020-11-21T18:58:34.349Z",
        "value": "33.84938359260559",
        "cumulative": false
    }
]