[
    {
        "date": "2020-11-21T12:45:09.555Z",
        "value": "3.033416748046875",
        "cumulative": false
    },
    {
        "date": "2020-11-21T14:37:55.850Z",
        "value": "3.054654359817505",
        "cumulative": false
    },
    {
        "date": "2020-11-21T16:30:56.285Z",
        "value": "2.984429121017456",
        "cumulative": false
    },
    {
        "date": "2020-11-21T18:24:05.894Z",
        "value": "2.9966676235198975",
        "cumulative": false
    },
    {
        "date": "2020-11-21T18:58:35.655Z",
        "value": "0.9090688228607178",
        "cumulative": false
    }
]