[
    {
        "date": "2020-11-21T12:45:09.555Z",
        "value": "2643.836610555649",
        "cumulative": false
    },
    {
        "date": "2020-11-21T14:37:55.850Z",
        "value": "2643.6928017139435",
        "cumulative": false
    },
    {
        "date": "2020-11-21T16:30:56.286Z",
        "value": "2628.635431289673",
        "cumulative": false
    },
    {
        "date": "2020-11-21T18:24:05.894Z",
        "value": "2632.7076687812805",
        "cumulative": false
    },
    {
        "date": "2020-11-21T18:58:35.655Z",
        "value": "793.3349494934082",
        "cumulative": false
    }
]