[
    {
        "date": "2020-11-21T12:45:09.429Z",
        "value": "49.228522300720215",
        "cumulative": false
    },
    {
        "date": "2020-11-21T14:37:55.524Z",
        "value": "49.16669487953186",
        "cumulative": false
    },
    {
        "date": "2020-11-21T16:30:56.160Z",
        "value": "49.06463813781738",
        "cumulative": false
    },
    {
        "date": "2020-11-21T18:24:05.830Z",
        "value": "48.97747802734375",
        "cumulative": false
    },
    {
        "date": "2020-11-21T18:58:34.943Z",
        "value": "14.689509868621826",
        "cumulative": false
    }
]