[
    {
        "date": "2020-11-21T12:45:09.429Z",
        "value": "1085.8300273418427",
        "cumulative": false
    },
    {
        "date": "2020-11-21T14:37:55.524Z",
        "value": "1090.4708378314972",
        "cumulative": false
    },
    {
        "date": "2020-11-21T16:30:56.160Z",
        "value": "1090.8369662761688",
        "cumulative": false
    },
    {
        "date": "2020-11-21T18:24:05.830Z",
        "value": "1094.0352849960327",
        "cumulative": false
    },
    {
        "date": "2020-11-21T18:58:34.943Z",
        "value": "328.89254546165466",
        "cumulative": false
    }
]