[
    {
        "date": "2020-11-21T12:45:10.566Z",
        "value": "0.2170696258544922",
        "cumulative": false
    },
    {
        "date": "2020-11-21T14:37:54.293Z",
        "value": "0.19257211685180664",
        "cumulative": false
    },
    {
        "date": "2020-11-21T16:30:55.166Z",
        "value": "0.18551135063171387",
        "cumulative": false
    },
    {
        "date": "2020-11-21T18:24:04.425Z",
        "value": "0.20576691627502441",
        "cumulative": false
    },
    {
        "date": "2020-11-21T18:58:34.349Z",
        "value": "0.0636138916015625",
        "cumulative": false
    }
]