[
    {
        "date": "2020-11-21T12:45:09.555Z",
        "value": "49.105579137802124",
        "cumulative": false
    },
    {
        "date": "2020-11-21T14:37:55.850Z",
        "value": "48.9964063167572",
        "cumulative": false
    },
    {
        "date": "2020-11-21T16:30:56.286Z",
        "value": "49.03936195373535",
        "cumulative": false
    },
    {
        "date": "2020-11-21T18:24:05.894Z",
        "value": "48.97820067405701",
        "cumulative": false
    },
    {
        "date": "2020-11-21T18:58:35.655Z",
        "value": "14.686256885528564",
        "cumulative": false
    }
]