[
    {
        "date": "2020-11-21T12:45:10.566Z",
        "value": "2953.144599199295",
        "cumulative": false
    },
    {
        "date": "2020-11-21T14:37:54.293Z",
        "value": "2919.3654630184174",
        "cumulative": false
    },
    {
        "date": "2020-11-21T16:30:55.166Z",
        "value": "2922.6792089939117",
        "cumulative": false
    },
    {
        "date": "2020-11-21T18:24:04.425Z",
        "value": "2926.726999759674",
        "cumulative": false
    },
    {
        "date": "2020-11-21T18:58:34.349Z",
        "value": "880.0889391899109",
        "cumulative": false
    }
]