[
    {
        "date": "2020-11-21T12:45:09.429Z",
        "value": "6712.05490231514",
        "cumulative": false
    },
    {
        "date": "2020-11-21T14:37:55.524Z",
        "value": "6694.638974189758",
        "cumulative": false
    },
    {
        "date": "2020-11-21T16:30:56.159Z",
        "value": "6708.909335851669",
        "cumulative": false
    },
    {
        "date": "2020-11-21T18:24:05.830Z",
        "value": "6716.359858036041",
        "cumulative": false
    },
    {
        "date": "2020-11-21T18:58:34.943Z",
        "value": "2016.337337732315",
        "cumulative": false
    }
]