[
    {
        "date": "2020-11-21T12:45:10.566Z",
        "value": "6710.871216058731",
        "cumulative": false
    },
    {
        "date": "2020-11-21T14:37:54.292Z",
        "value": "6692.9558181762695",
        "cumulative": false
    },
    {
        "date": "2020-11-21T16:30:55.165Z",
        "value": "6709.674619674683",
        "cumulative": false
    },
    {
        "date": "2020-11-21T18:24:04.425Z",
        "value": "6716.22958612442",
        "cumulative": false
    },
    {
        "date": "2020-11-21T18:58:34.349Z",
        "value": "2017.261831998825",
        "cumulative": false
    }
]