[
    {
        "date": "2020-11-21T12:45:08.907Z",
        "value": "113.1475510597229",
        "cumulative": false
    },
    {
        "date": "2020-11-21T14:37:55.592Z",
        "value": "113.1513078212738",
        "cumulative": false
    },
    {
        "date": "2020-11-21T16:30:56.216Z",
        "value": "113.40240859985352",
        "cumulative": false
    },
    {
        "date": "2020-11-21T18:24:05.344Z",
        "value": "113.65485119819641",
        "cumulative": false
    },
    {
        "date": "2020-11-21T18:58:34.983Z",
        "value": "34.115537881851196",
        "cumulative": false
    }
]