[
    {
        "date": "2020-11-21T12:45:09.429Z",
        "value": "2824.429531097412",
        "cumulative": false
    },
    {
        "date": "2020-11-21T14:37:55.524Z",
        "value": "2798.020434141159",
        "cumulative": false
    },
    {
        "date": "2020-11-21T16:30:56.160Z",
        "value": "2814.196846485138",
        "cumulative": false
    },
    {
        "date": "2020-11-21T18:24:05.830Z",
        "value": "2821.129821062088",
        "cumulative": false
    },
    {
        "date": "2020-11-21T18:58:34.943Z",
        "value": "849.2290964126587",
        "cumulative": false
    }
]