[
    {
        "date": "2020-11-21T12:45:10.566Z",
        "value": "1016.899861574173",
        "cumulative": false
    },
    {
        "date": "2020-11-21T14:37:54.293Z",
        "value": "1021.2045390605927",
        "cumulative": false
    },
    {
        "date": "2020-11-21T16:30:55.166Z",
        "value": "1019.2402694225311",
        "cumulative": false
    },
    {
        "date": "2020-11-21T18:24:04.425Z",
        "value": "1006.6972422599792",
        "cumulative": false
    },
    {
        "date": "2020-11-21T18:58:34.349Z",
        "value": "301.03668880462646",
        "cumulative": false
    }
]