[
    {
        "date": "2020-11-21T12:45:09.429Z",
        "value": "0.16898894309997559",
        "cumulative": false
    },
    {
        "date": "2020-11-21T14:37:55.524Z",
        "value": "0.16121149063110352",
        "cumulative": false
    },
    {
        "date": "2020-11-21T16:30:56.160Z",
        "value": "0.15555238723754883",
        "cumulative": false
    },
    {
        "date": "2020-11-21T18:24:05.830Z",
        "value": "0.15949273109436035",
        "cumulative": false
    },
    {
        "date": "2020-11-21T18:58:34.943Z",
        "value": "0.04902529716491699",
        "cumulative": false
    }
]