[
    {
        "date": "2020-11-21T12:45:09.555Z",
        "value": "0.16046619415283203",
        "cumulative": false
    },
    {
        "date": "2020-11-21T14:37:55.850Z",
        "value": "0.15455889701843262",
        "cumulative": false
    },
    {
        "date": "2020-11-21T16:30:56.286Z",
        "value": "0.15105438232421875",
        "cumulative": false
    },
    {
        "date": "2020-11-21T18:24:05.894Z",
        "value": "0.1607835292816162",
        "cumulative": false
    },
    {
        "date": "2020-11-21T18:58:35.655Z",
        "value": "0.04914689064025879",
        "cumulative": false
    }
]