[
    {
        "date": "2020-11-21T12:45:10.566Z",
        "value": "4.417649984359741",
        "cumulative": false
    },
    {
        "date": "2020-11-21T14:37:54.293Z",
        "value": "4.35036301612854",
        "cumulative": false
    },
    {
        "date": "2020-11-21T16:30:55.166Z",
        "value": "4.379027366638184",
        "cumulative": false
    },
    {
        "date": "2020-11-21T18:24:04.425Z",
        "value": "4.503628253936768",
        "cumulative": false
    },
    {
        "date": "2020-11-21T18:58:34.349Z",
        "value": "1.284632682800293",
        "cumulative": false
    }
]