[
    {
        "date": "2020-11-21T12:45:09.429Z",
        "value": "113.03633642196655",
        "cumulative": false
    },
    {
        "date": "2020-11-21T14:37:55.524Z",
        "value": "113.02357888221741",
        "cumulative": false
    },
    {
        "date": "2020-11-21T16:30:56.159Z",
        "value": "113.26484870910645",
        "cumulative": false
    },
    {
        "date": "2020-11-21T18:24:05.830Z",
        "value": "113.46012330055237",
        "cumulative": false
    },
    {
        "date": "2020-11-21T18:58:34.943Z",
        "value": "34.06413745880127",
        "cumulative": false
    }
]