[
    {
        "date": "2020-11-21T12:45:10.566Z",
        "value": "202.7900514602661",
        "cumulative": false
    },
    {
        "date": "2020-11-21T14:37:54.293Z",
        "value": "201.98966121673584",
        "cumulative": false
    },
    {
        "date": "2020-11-21T16:30:55.166Z",
        "value": "208.15328359603882",
        "cumulative": false
    },
    {
        "date": "2020-11-21T18:24:04.425Z",
        "value": "221.03775811195374",
        "cumulative": false
    },
    {
        "date": "2020-11-21T18:58:34.349Z",
        "value": "67.79027581214905",
        "cumulative": false
    }
]