[
    {
        "date": "2020-11-21T12:45:09.555Z",
        "value": "1139.6560416221619",
        "cumulative": false
    },
    {
        "date": "2020-11-21T14:37:55.850Z",
        "value": "1136.4384064674377",
        "cumulative": false
    },
    {
        "date": "2020-11-21T16:30:56.285Z",
        "value": "1145.9898545742035",
        "cumulative": false
    },
    {
        "date": "2020-11-21T18:24:05.894Z",
        "value": "1146.0386843681335",
        "cumulative": false
    },
    {
        "date": "2020-11-21T18:58:35.655Z",
        "value": "343.693927526474",
        "cumulative": false
    }
]