[
    {
        "date": "2020-11-21T12:45:08.907Z",
        "value": "0.16576910018920898",
        "cumulative": false
    },
    {
        "date": "2020-11-21T14:37:55.592Z",
        "value": "0.1581864356994629",
        "cumulative": false
    },
    {
        "date": "2020-11-21T16:30:56.216Z",
        "value": "0.15413165092468262",
        "cumulative": false
    },
    {
        "date": "2020-11-21T18:24:05.344Z",
        "value": "0.15626263618469238",
        "cumulative": false
    },
    {
        "date": "2020-11-21T18:58:34.983Z",
        "value": "0.047785282135009766",
        "cumulative": false
    }
]