[
    {
        "date": "2020-11-21T12:45:08.907Z",
        "value": "172.16924405097961",
        "cumulative": false
    },
    {
        "date": "2020-11-21T14:37:55.592Z",
        "value": "168.64256620407104",
        "cumulative": false
    },
    {
        "date": "2020-11-21T16:30:56.216Z",
        "value": "166.30679535865784",
        "cumulative": false
    },
    {
        "date": "2020-11-21T18:24:05.344Z",
        "value": "162.2255630493164",
        "cumulative": false
    },
    {
        "date": "2020-11-21T18:58:34.983Z",
        "value": "48.37476086616516",
        "cumulative": false
    }
]