[
    {
        "date": "2020-11-21T12:45:09.555Z",
        "value": "2592.775471687317",
        "cumulative": false
    },
    {
        "date": "2020-11-21T14:37:55.850Z",
        "value": "2580.4148483276367",
        "cumulative": false
    },
    {
        "date": "2020-11-21T16:30:56.285Z",
        "value": "2602.284429550171",
        "cumulative": false
    },
    {
        "date": "2020-11-21T18:24:05.894Z",
        "value": "2604.6139512062073",
        "cumulative": false
    },
    {
        "date": "2020-11-21T18:58:35.655Z",
        "value": "779.4738335609436",
        "cumulative": false
    }
]