[
    {
        "date": "2020-11-21T12:45:08.907Z",
        "value": "49.17614388465881",
        "cumulative": false
    },
    {
        "date": "2020-11-21T14:37:55.592Z",
        "value": "49.103240728378296",
        "cumulative": false
    },
    {
        "date": "2020-11-21T16:30:56.216Z",
        "value": "49.00950002670288",
        "cumulative": false
    },
    {
        "date": "2020-11-21T18:24:05.345Z",
        "value": "48.93086504936218",
        "cumulative": false
    },
    {
        "date": "2020-11-21T18:58:34.983Z",
        "value": "14.671742677688599",
        "cumulative": false
    }
]