[
    {
        "date": "2020-11-21T12:45:09.429Z",
        "value": "174.99987077713013",
        "cumulative": false
    },
    {
        "date": "2020-11-21T14:37:55.524Z",
        "value": "172.09054923057556",
        "cumulative": false
    },
    {
        "date": "2020-11-21T16:30:56.159Z",
        "value": "170.10438203811646",
        "cumulative": false
    },
    {
        "date": "2020-11-21T18:24:05.830Z",
        "value": "166.0496940612793",
        "cumulative": false
    },
    {
        "date": "2020-11-21T18:58:34.943Z",
        "value": "49.383103370666504",
        "cumulative": false
    }
]