[
    {
        "date": "2020-11-21T12:45:08.907Z",
        "value": "2.9557976722717285",
        "cumulative": false
    },
    {
        "date": "2020-11-21T14:37:55.592Z",
        "value": "2.9720404148101807",
        "cumulative": false
    },
    {
        "date": "2020-11-21T16:30:56.216Z",
        "value": "2.887895107269287",
        "cumulative": false
    },
    {
        "date": "2020-11-21T18:24:05.344Z",
        "value": "2.785501480102539",
        "cumulative": false
    },
    {
        "date": "2020-11-21T18:58:34.983Z",
        "value": "0.8300161361694336",
        "cumulative": false
    }
]