[
    {
        "date": "2020-11-21T12:45:09.429Z",
        "value": "2461.337415933609",
        "cumulative": false
    },
    {
        "date": "2020-11-21T14:37:55.524Z",
        "value": "2468.6784117221832",
        "cumulative": false
    },
    {
        "date": "2020-11-21T16:30:56.160Z",
        "value": "2468.338707923889",
        "cumulative": false
    },
    {
        "date": "2020-11-21T18:24:05.830Z",
        "value": "2469.6815090179443",
        "cumulative": false
    },
    {
        "date": "2020-11-21T18:58:34.943Z",
        "value": "739.1786422729492",
        "cumulative": false
    }
]