[
    {
        "date": "2020-11-21T12:45:09.555Z",
        "value": "170.5652916431427",
        "cumulative": false
    },
    {
        "date": "2020-11-21T14:37:55.850Z",
        "value": "167.84263396263123",
        "cumulative": false
    },
    {
        "date": "2020-11-21T16:30:56.285Z",
        "value": "166.40541696548462",
        "cumulative": false
    },
    {
        "date": "2020-11-21T18:24:05.894Z",
        "value": "167.48724794387817",
        "cumulative": false
    },
    {
        "date": "2020-11-21T18:58:35.655Z",
        "value": "50.12684464454651",
        "cumulative": false
    }
]