[
    {
        "date": "2020-11-21T12:45:08.907Z",
        "value": "1082.4062995910645",
        "cumulative": false
    },
    {
        "date": "2020-11-21T14:37:55.592Z",
        "value": "1085.5494186878204",
        "cumulative": false
    },
    {
        "date": "2020-11-21T16:30:56.216Z",
        "value": "1087.9962666034698",
        "cumulative": false
    },
    {
        "date": "2020-11-21T18:24:05.344Z",
        "value": "1092.2917113304138",
        "cumulative": false
    },
    {
        "date": "2020-11-21T18:58:34.983Z",
        "value": "327.388267993927",
        "cumulative": false
    }
]