[
    {
        "date": "2020-11-21T12:45:10.566Z",
        "value": "50.64042592048645",
        "cumulative": false
    },
    {
        "date": "2020-11-21T14:37:54.293Z",
        "value": "49.896913290023804",
        "cumulative": false
    },
    {
        "date": "2020-11-21T16:30:55.166Z",
        "value": "49.7986536026001",
        "cumulative": false
    },
    {
        "date": "2020-11-21T18:24:04.425Z",
        "value": "50.149717569351196",
        "cumulative": false
    },
    {
        "date": "2020-11-21T18:58:34.349Z",
        "value": "15.054704666137695",
        "cumulative": false
    }
]