[
    {
        "date": "2020-11-21T12:45:08.907Z",
        "value": "6712.1951014995575",
        "cumulative": false
    },
    {
        "date": "2020-11-21T14:37:55.592Z",
        "value": "6694.9741497039795",
        "cumulative": false
    },
    {
        "date": "2020-11-21T16:30:56.215Z",
        "value": "6709.04949259758",
        "cumulative": false
    },
    {
        "date": "2020-11-21T18:24:05.344Z",
        "value": "6716.398409843445",
        "cumulative": false
    },
    {
        "date": "2020-11-21T18:58:34.983Z",
        "value": "2016.863540649414",
        "cumulative": false
    }
]