[
    {
        "date": "2020-12-08T11:10:31.761Z",
        "value": "3.172485589981079",
        "cumulative": false
    },
    {
        "date": "2020-12-08T11:10:37.543Z",
        "value": "0.9565787315368652",
        "cumulative": false
    },
    {
        "date": "2020-12-08T11:10:43.547Z",
        "value": "0.957219123840332",
        "cumulative": false
    },
    {
        "date": "2020-12-08T11:10:49.198Z",
        "value": "0.970522403717041",
        "cumulative": false
    },
    {
        "date": "2020-12-08T11:10:55.235Z",
        "value": "0.932837724685669",
        "cumulative": false
    },
    {
        "date": "2020-12-08T11:11:00.940Z",
        "value": "0.9591867923736572",
        "cumulative": false
    },
    {
        "date": "2020-12-08T11:11:06.796Z",
        "value": "0.9701480865478516",
        "cumulative": false
    },
    {
        "date": "2020-12-08T11:11:12.627Z",
        "value": "0.9732570648193359",
        "cumulative": false
    },
    {
        "date": "2020-12-08T11:11:18.576Z",
        "value": "0.9709444046020508",
        "cumulative": false
    },
    {
        "date": "2020-12-08T11:11:24.507Z",
        "value": "1.0164473056793213",
        "cumulative": false
    },
    {
        "date": "2020-12-08T11:11:30.408Z",
        "value": "0.9607832431793213",
        "cumulative": false
    },
    {
        "date": "2020-12-08T11:11:36.207Z",
        "value": "1.0069961547851562",
        "cumulative": false
    },
    {
        "date": "2020-12-08T11:11:41.916Z",
        "value": "0.9947607517242432",
        "cumulative": false
    },
    {
        "date": "2020-12-08T11:11:47.917Z",
        "value": "0.9876961708068848",
        "cumulative": false
    },
    {
        "date": "2020-12-08T11:11:54.051Z",
        "value": "0.9711716175079346",
        "cumulative": false
    }
]