[
    {
        "date": "2020-12-08T11:10:27.141Z",
        "value": "2.5621440410614014",
        "cumulative": false
    },
    {
        "date": "2020-12-08T11:10:28.356Z",
        "value": "1.7797462940216064",
        "cumulative": false
    },
    {
        "date": "2020-12-08T11:10:29.524Z",
        "value": "1.881983757019043",
        "cumulative": false
    },
    {
        "date": "2020-12-08T11:10:30.734Z",
        "value": "1.382429838180542",
        "cumulative": false
    },
    {
        "date": "2020-12-08T11:10:32.628Z",
        "value": "1.398737907409668",
        "cumulative": false
    },
    {
        "date": "2020-12-08T11:10:33.871Z",
        "value": "1.4622745513916016",
        "cumulative": false
    },
    {
        "date": "2020-12-08T11:10:35.263Z",
        "value": "1.207515001296997",
        "cumulative": false
    },
    {
        "date": "2020-12-08T11:10:36.510Z",
        "value": "1.216030240058899",
        "cumulative": false
    },
    {
        "date": "2020-12-08T11:10:38.379Z",
        "value": "0.9215009212493896",
        "cumulative": false
    },
    {
        "date": "2020-12-08T11:10:39.653Z",
        "value": "0.891813337802887",
        "cumulative": false
    },
    {
        "date": "2020-12-08T11:10:40.868Z",
        "value": "1.015370488166809",
        "cumulative": false
    },
    {
        "date": "2020-12-08T11:10:42.294Z",
        "value": "0.9555758237838745",
        "cumulative": false
    },
    {
        "date": "2020-12-08T11:10:44.490Z",
        "value": "0.8781437873840332",
        "cumulative": false
    },
    {
        "date": "2020-12-08T11:10:45.699Z",
        "value": "0.8838351368904114",
        "cumulative": false
    },
    {
        "date": "2020-12-08T11:10:46.864Z",
        "value": "1.1390085220336914",
        "cumulative": false
    },
    {
        "date": "2020-12-08T11:10:48.083Z",
        "value": "0.6925632357597351",
        "cumulative": false
    },
    {
        "date": "2020-12-08T11:10:50.220Z",
        "value": "0.7162405252456665",
        "cumulative": false
    },
    {
        "date": "2020-12-08T11:10:51.629Z",
        "value": "0.7036548256874084",
        "cumulative": false
    },
    {
        "date": "2020-12-08T11:10:52.819Z",
        "value": "0.812583327293396",
        "cumulative": false
    },
    {
        "date": "2020-12-08T11:10:54.064Z",
        "value": "0.7321040034294128",
        "cumulative": false
    },
    {
        "date": "2020-12-08T11:10:56.113Z",
        "value": "0.757264256477356",
        "cumulative": false
    },
    {
        "date": "2020-12-08T11:10:57.392Z",
        "value": "0.780424952507019",
        "cumulative": false
    },
    {
        "date": "2020-12-08T11:10:58.620Z",
        "value": "0.6288273930549622",
        "cumulative": false
    },
    {
        "date": "2020-12-08T11:10:59.836Z",
        "value": "0.6863576769828796",
        "cumulative": false
    },
    {
        "date": "2020-12-08T11:11:01.926Z",
        "value": "0.6356379985809326",
        "cumulative": false
    },
    {
        "date": "2020-12-08T11:11:03.165Z",
        "value": "0.6834415793418884",
        "cumulative": false
    },
    {
        "date": "2020-12-08T11:11:04.363Z",
        "value": "0.5512089729309082",
        "cumulative": false
    },
    {
        "date": "2020-12-08T11:11:05.619Z",
        "value": "0.627592146396637",
        "cumulative": false
    },
    {
        "date": "2020-12-08T11:11:07.866Z",
        "value": "0.5595152378082275",
        "cumulative": false
    },
    {
        "date": "2020-12-08T11:11:09.081Z",
        "value": "0.6676159501075745",
        "cumulative": false
    },
    {
        "date": "2020-12-08T11:11:10.319Z",
        "value": "0.6197934746742249",
        "cumulative": false
    },
    {
        "date": "2020-12-08T11:11:11.501Z",
        "value": "0.5925493240356445",
        "cumulative": false
    },
    {
        "date": "2020-12-08T11:11:13.649Z",
        "value": "0.689753532409668",
        "cumulative": false
    },
    {
        "date": "2020-12-08T11:11:14.983Z",
        "value": "0.5009416341781616",
        "cumulative": false
    },
    {
        "date": "2020-12-08T11:11:16.223Z",
        "value": "0.5051729679107666",
        "cumulative": false
    },
    {
        "date": "2020-12-08T11:11:17.433Z",
        "value": "0.5585881471633911",
        "cumulative": false
    },
    {
        "date": "2020-12-08T11:11:19.648Z",
        "value": "0.5979602932929993",
        "cumulative": false
    },
    {
        "date": "2020-12-08T11:11:20.860Z",
        "value": "0.5796000957489014",
        "cumulative": false
    },
    {
        "date": "2020-12-08T11:11:22.119Z",
        "value": "0.5879977941513062",
        "cumulative": false
    },
    {
        "date": "2020-12-08T11:11:23.359Z",
        "value": "0.4829862713813782",
        "cumulative": false
    },
    {
        "date": "2020-12-08T11:11:25.545Z",
        "value": "0.6607021689414978",
        "cumulative": false
    },
    {
        "date": "2020-12-08T11:11:26.791Z",
        "value": "0.5494331121444702",
        "cumulative": false
    },
    {
        "date": "2020-12-08T11:11:28.047Z",
        "value": "0.4374052584171295",
        "cumulative": false
    },
    {
        "date": "2020-12-08T11:11:29.293Z",
        "value": "0.6414814591407776",
        "cumulative": false
    },
    {
        "date": "2020-12-08T11:11:31.405Z",
        "value": "0.46618157625198364",
        "cumulative": false
    },
    {
        "date": "2020-12-08T11:11:32.605Z",
        "value": "0.4558715224266052",
        "cumulative": false
    },
    {
        "date": "2020-12-08T11:11:33.834Z",
        "value": "0.4617699086666107",
        "cumulative": false
    },
    {
        "date": "2020-12-08T11:11:35.091Z",
        "value": "0.3547138571739197",
        "cumulative": false
    },
    {
        "date": "2020-12-08T11:11:37.261Z",
        "value": "0.3678031861782074",
        "cumulative": false
    },
    {
        "date": "2020-12-08T11:11:38.454Z",
        "value": "0.4524037837982178",
        "cumulative": false
    },
    {
        "date": "2020-12-08T11:11:39.654Z",
        "value": "0.4514053165912628",
        "cumulative": false
    },
    {
        "date": "2020-12-08T11:11:40.837Z",
        "value": "0.404899537563324",
        "cumulative": false
    },
    {
        "date": "2020-12-08T11:11:42.989Z",
        "value": "0.4570271074771881",
        "cumulative": false
    },
    {
        "date": "2020-12-08T11:11:44.251Z",
        "value": "0.5019299387931824",
        "cumulative": false
    },
    {
        "date": "2020-12-08T11:11:45.527Z",
        "value": "0.48967811465263367",
        "cumulative": false
    },
    {
        "date": "2020-12-08T11:11:46.790Z",
        "value": "0.5311626195907593",
        "cumulative": false
    },
    {
        "date": "2020-12-08T11:11:48.992Z",
        "value": "0.4513568580150604",
        "cumulative": false
    },
    {
        "date": "2020-12-08T11:11:50.254Z",
        "value": "0.4604930877685547",
        "cumulative": false
    },
    {
        "date": "2020-12-08T11:11:51.616Z",
        "value": "0.42875832319259644",
        "cumulative": false
    },
    {
        "date": "2020-12-08T11:11:52.880Z",
        "value": "0.4834686517715454",
        "cumulative": false
    }
]