[
    {
        "date": "2020-12-08T11:10:27.147Z",
        "value": "7.03125",
        "cumulative": false
    },
    {
        "date": "2020-12-08T11:10:28.363Z",
        "value": "29.6875",
        "cumulative": false
    },
    {
        "date": "2020-12-08T11:10:29.531Z",
        "value": "35.15625",
        "cumulative": false
    },
    {
        "date": "2020-12-08T11:10:30.740Z",
        "value": "47.65625",
        "cumulative": false
    },
    {
        "date": "2020-12-08T11:10:32.637Z",
        "value": "45.3125",
        "cumulative": false
    },
    {
        "date": "2020-12-08T11:10:33.875Z",
        "value": "57.03125",
        "cumulative": false
    },
    {
        "date": "2020-12-08T11:10:35.269Z",
        "value": "55.46875",
        "cumulative": false
    },
    {
        "date": "2020-12-08T11:10:36.515Z",
        "value": "61.71875",
        "cumulative": false
    },
    {
        "date": "2020-12-08T11:10:38.386Z",
        "value": "64.0625",
        "cumulative": false
    },
    {
        "date": "2020-12-08T11:10:39.658Z",
        "value": "52.34375",
        "cumulative": false
    },
    {
        "date": "2020-12-08T11:10:40.873Z",
        "value": "67.1875",
        "cumulative": false
    },
    {
        "date": "2020-12-08T11:10:42.295Z",
        "value": "60.15625",
        "cumulative": false
    },
    {
        "date": "2020-12-08T11:10:44.497Z",
        "value": "71.875",
        "cumulative": false
    },
    {
        "date": "2020-12-08T11:10:45.704Z",
        "value": "65.625",
        "cumulative": false
    },
    {
        "date": "2020-12-08T11:10:46.869Z",
        "value": "65.625",
        "cumulative": false
    },
    {
        "date": "2020-12-08T11:10:48.094Z",
        "value": "71.875",
        "cumulative": false
    },
    {
        "date": "2020-12-08T11:10:50.225Z",
        "value": "77.34375",
        "cumulative": false
    },
    {
        "date": "2020-12-08T11:10:51.633Z",
        "value": "74.21875",
        "cumulative": false
    },
    {
        "date": "2020-12-08T11:10:52.825Z",
        "value": "73.4375",
        "cumulative": false
    },
    {
        "date": "2020-12-08T11:10:54.071Z",
        "value": "69.53125",
        "cumulative": false
    },
    {
        "date": "2020-12-08T11:10:56.118Z",
        "value": "75.0",
        "cumulative": false
    },
    {
        "date": "2020-12-08T11:10:57.397Z",
        "value": "67.1875",
        "cumulative": false
    },
    {
        "date": "2020-12-08T11:10:58.625Z",
        "value": "79.6875",
        "cumulative": false
    },
    {
        "date": "2020-12-08T11:10:59.845Z",
        "value": "73.4375",
        "cumulative": false
    },
    {
        "date": "2020-12-08T11:11:01.936Z",
        "value": "85.9375",
        "cumulative": false
    },
    {
        "date": "2020-12-08T11:11:03.170Z",
        "value": "75.0",
        "cumulative": false
    },
    {
        "date": "2020-12-08T11:11:04.368Z",
        "value": "82.8125",
        "cumulative": false
    },
    {
        "date": "2020-12-08T11:11:05.625Z",
        "value": "78.90625",
        "cumulative": false
    },
    {
        "date": "2020-12-08T11:11:07.870Z",
        "value": "78.90625",
        "cumulative": false
    },
    {
        "date": "2020-12-08T11:11:09.086Z",
        "value": "82.03125",
        "cumulative": false
    },
    {
        "date": "2020-12-08T11:11:10.323Z",
        "value": "84.375",
        "cumulative": false
    },
    {
        "date": "2020-12-08T11:11:11.506Z",
        "value": "82.03125",
        "cumulative": false
    },
    {
        "date": "2020-12-08T11:11:13.666Z",
        "value": "82.03125",
        "cumulative": false
    },
    {
        "date": "2020-12-08T11:11:14.993Z",
        "value": "78.90625",
        "cumulative": false
    },
    {
        "date": "2020-12-08T11:11:16.228Z",
        "value": "81.25",
        "cumulative": false
    },
    {
        "date": "2020-12-08T11:11:17.438Z",
        "value": "78.90625",
        "cumulative": false
    },
    {
        "date": "2020-12-08T11:11:19.661Z",
        "value": "81.25",
        "cumulative": false
    },
    {
        "date": "2020-12-08T11:11:20.865Z",
        "value": "82.8125",
        "cumulative": false
    },
    {
        "date": "2020-12-08T11:11:22.124Z",
        "value": "86.71875",
        "cumulative": false
    },
    {
        "date": "2020-12-08T11:11:23.364Z",
        "value": "82.8125",
        "cumulative": false
    },
    {
        "date": "2020-12-08T11:11:25.554Z",
        "value": "78.125",
        "cumulative": false
    },
    {
        "date": "2020-12-08T11:11:26.795Z",
        "value": "84.375",
        "cumulative": false
    },
    {
        "date": "2020-12-08T11:11:28.051Z",
        "value": "86.71875",
        "cumulative": false
    },
    {
        "date": "2020-12-08T11:11:29.298Z",
        "value": "85.9375",
        "cumulative": false
    },
    {
        "date": "2020-12-08T11:11:31.415Z",
        "value": "91.40625",
        "cumulative": false
    },
    {
        "date": "2020-12-08T11:11:32.610Z",
        "value": "79.6875",
        "cumulative": false
    },
    {
        "date": "2020-12-08T11:11:33.839Z",
        "value": "87.5",
        "cumulative": false
    },
    {
        "date": "2020-12-08T11:11:35.096Z",
        "value": "85.15625",
        "cumulative": false
    },
    {
        "date": "2020-12-08T11:11:37.276Z",
        "value": "83.59375",
        "cumulative": false
    },
    {
        "date": "2020-12-08T11:11:38.456Z",
        "value": "84.375",
        "cumulative": false
    },
    {
        "date": "2020-12-08T11:11:39.659Z",
        "value": "84.375",
        "cumulative": false
    },
    {
        "date": "2020-12-08T11:11:40.843Z",
        "value": "84.375",
        "cumulative": false
    },
    {
        "date": "2020-12-08T11:11:42.995Z",
        "value": "85.9375",
        "cumulative": false
    },
    {
        "date": "2020-12-08T11:11:44.257Z",
        "value": "86.71875",
        "cumulative": false
    },
    {
        "date": "2020-12-08T11:11:45.532Z",
        "value": "82.8125",
        "cumulative": false
    },
    {
        "date": "2020-12-08T11:11:46.797Z",
        "value": "82.03125",
        "cumulative": false
    },
    {
        "date": "2020-12-08T11:11:48.999Z",
        "value": "87.5",
        "cumulative": false
    },
    {
        "date": "2020-12-08T11:11:50.259Z",
        "value": "87.5",
        "cumulative": false
    },
    {
        "date": "2020-12-08T11:11:51.621Z",
        "value": "83.59375",
        "cumulative": false
    },
    {
        "date": "2020-12-08T11:11:52.881Z",
        "value": "83.59375",
        "cumulative": false
    }
]