[
    {
        "date": "2020-12-08T11:10:31.755Z",
        "value": "6.786435127258301",
        "cumulative": false
    },
    {
        "date": "2020-12-08T11:10:37.547Z",
        "value": "4.7145514488220215",
        "cumulative": false
    },
    {
        "date": "2020-12-08T11:10:43.558Z",
        "value": "4.885115385055542",
        "cumulative": false
    },
    {
        "date": "2020-12-08T11:10:49.208Z",
        "value": "4.42277455329895",
        "cumulative": false
    },
    {
        "date": "2020-12-08T11:10:55.234Z",
        "value": "4.6508800983428955",
        "cumulative": false
    },
    {
        "date": "2020-12-08T11:11:00.958Z",
        "value": "4.539214134216309",
        "cumulative": false
    },
    {
        "date": "2020-12-08T11:11:06.814Z",
        "value": "4.5256407260894775",
        "cumulative": false
    },
    {
        "date": "2020-12-08T11:11:12.642Z",
        "value": "4.486296892166138",
        "cumulative": false
    },
    {
        "date": "2020-12-08T11:11:18.595Z",
        "value": "4.692738056182861",
        "cumulative": false
    },
    {
        "date": "2020-12-08T11:11:24.525Z",
        "value": "4.257458925247192",
        "cumulative": false
    },
    {
        "date": "2020-12-08T11:11:30.426Z",
        "value": "4.344526767730713",
        "cumulative": false
    },
    {
        "date": "2020-12-08T11:11:36.241Z",
        "value": "4.435183763504028",
        "cumulative": false
    },
    {
        "date": "2020-12-08T11:11:41.934Z",
        "value": "4.4570770263671875",
        "cumulative": false
    },
    {
        "date": "2020-12-08T11:11:47.935Z",
        "value": "4.4566967487335205",
        "cumulative": false
    },
    {
        "date": "2020-12-08T11:11:54.065Z",
        "value": "4.550006866455078",
        "cumulative": false
    }
]