[
    {
        "date": "2020-12-08T11:10:31.759Z",
        "value": "3.402050256729126",
        "cumulative": false
    },
    {
        "date": "2020-12-08T11:10:37.543Z",
        "value": "1.2475788593292236",
        "cumulative": false
    },
    {
        "date": "2020-12-08T11:10:43.543Z",
        "value": "1.0969958305358887",
        "cumulative": false
    },
    {
        "date": "2020-12-08T11:10:49.199Z",
        "value": "1.156273603439331",
        "cumulative": false
    },
    {
        "date": "2020-12-08T11:10:55.219Z",
        "value": "1.1495320796966553",
        "cumulative": false
    },
    {
        "date": "2020-12-08T11:11:00.936Z",
        "value": "1.1613490581512451",
        "cumulative": false
    },
    {
        "date": "2020-12-08T11:11:06.794Z",
        "value": "1.188434362411499",
        "cumulative": false
    },
    {
        "date": "2020-12-08T11:11:12.624Z",
        "value": "1.1392087936401367",
        "cumulative": false
    },
    {
        "date": "2020-12-08T11:11:18.580Z",
        "value": "1.1689097881317139",
        "cumulative": false
    },
    {
        "date": "2020-12-08T11:11:24.502Z",
        "value": "1.2120280265808105",
        "cumulative": false
    },
    {
        "date": "2020-12-08T11:11:30.409Z",
        "value": "1.0989375114440918",
        "cumulative": false
    },
    {
        "date": "2020-12-08T11:11:36.210Z",
        "value": "1.107386589050293",
        "cumulative": false
    },
    {
        "date": "2020-12-08T11:11:41.910Z",
        "value": "1.1349849700927734",
        "cumulative": false
    },
    {
        "date": "2020-12-08T11:11:47.916Z",
        "value": "1.1688458919525146",
        "cumulative": false
    },
    {
        "date": "2020-12-08T11:11:54.044Z",
        "value": "1.2030744552612305",
        "cumulative": false
    }
]