[
    {
        "date": "2020-12-08T11:10:31.761Z",
        "value": "0.6942148208618164",
        "cumulative": false
    },
    {
        "date": "2020-12-08T11:10:37.543Z",
        "value": "0.7427659034729004",
        "cumulative": false
    },
    {
        "date": "2020-12-08T11:10:43.547Z",
        "value": "0.7074708938598633",
        "cumulative": false
    },
    {
        "date": "2020-12-08T11:10:49.198Z",
        "value": "0.7183558940887451",
        "cumulative": false
    },
    {
        "date": "2020-12-08T11:10:55.235Z",
        "value": "0.6704199314117432",
        "cumulative": false
    },
    {
        "date": "2020-12-08T11:11:00.940Z",
        "value": "0.6797840595245361",
        "cumulative": false
    },
    {
        "date": "2020-12-08T11:11:06.796Z",
        "value": "0.6687781810760498",
        "cumulative": false
    },
    {
        "date": "2020-12-08T11:11:12.627Z",
        "value": "0.7066991329193115",
        "cumulative": false
    },
    {
        "date": "2020-12-08T11:11:18.576Z",
        "value": "0.717534065246582",
        "cumulative": false
    },
    {
        "date": "2020-12-08T11:11:24.507Z",
        "value": "0.6853632926940918",
        "cumulative": false
    },
    {
        "date": "2020-12-08T11:11:30.408Z",
        "value": "0.7286293506622314",
        "cumulative": false
    },
    {
        "date": "2020-12-08T11:11:36.207Z",
        "value": "0.6624917984008789",
        "cumulative": false
    },
    {
        "date": "2020-12-08T11:11:41.916Z",
        "value": "0.7095282077789307",
        "cumulative": false
    },
    {
        "date": "2020-12-08T11:11:47.917Z",
        "value": "0.6893913745880127",
        "cumulative": false
    },
    {
        "date": "2020-12-08T11:11:54.051Z",
        "value": "0.6544406414031982",
        "cumulative": false
    }
]