[
    {
        "date": "2020-12-08T11:10:27.145Z",
        "value": "2.566725492477417",
        "cumulative": false
    },
    {
        "date": "2020-12-08T11:10:28.360Z",
        "value": "1.857132077217102",
        "cumulative": false
    },
    {
        "date": "2020-12-08T11:10:29.531Z",
        "value": "1.7770463228225708",
        "cumulative": false
    },
    {
        "date": "2020-12-08T11:10:30.739Z",
        "value": "1.4410427808761597",
        "cumulative": false
    },
    {
        "date": "2020-12-08T11:10:32.637Z",
        "value": "1.3966513872146606",
        "cumulative": false
    },
    {
        "date": "2020-12-08T11:10:33.875Z",
        "value": "1.2917838096618652",
        "cumulative": false
    },
    {
        "date": "2020-12-08T11:10:35.269Z",
        "value": "1.2486087083816528",
        "cumulative": false
    },
    {
        "date": "2020-12-08T11:10:36.515Z",
        "value": "1.1761348247528076",
        "cumulative": false
    },
    {
        "date": "2020-12-08T11:10:38.386Z",
        "value": "0.9736940264701843",
        "cumulative": false
    },
    {
        "date": "2020-12-08T11:10:39.657Z",
        "value": "1.2128729820251465",
        "cumulative": false
    },
    {
        "date": "2020-12-08T11:10:40.873Z",
        "value": "0.9298685789108276",
        "cumulative": false
    },
    {
        "date": "2020-12-08T11:10:42.295Z",
        "value": "1.2212626934051514",
        "cumulative": false
    },
    {
        "date": "2020-12-08T11:10:44.496Z",
        "value": "0.7915987968444824",
        "cumulative": false
    },
    {
        "date": "2020-12-08T11:10:45.704Z",
        "value": "0.9172595739364624",
        "cumulative": false
    },
    {
        "date": "2020-12-08T11:10:46.869Z",
        "value": "0.9809228777885437",
        "cumulative": false
    },
    {
        "date": "2020-12-08T11:10:48.094Z",
        "value": "0.8150421977043152",
        "cumulative": false
    },
    {
        "date": "2020-12-08T11:10:50.225Z",
        "value": "0.7067253589630127",
        "cumulative": false
    },
    {
        "date": "2020-12-08T11:10:51.633Z",
        "value": "0.6823703646659851",
        "cumulative": false
    },
    {
        "date": "2020-12-08T11:10:52.824Z",
        "value": "0.7284404039382935",
        "cumulative": false
    },
    {
        "date": "2020-12-08T11:10:54.071Z",
        "value": "0.8841238617897034",
        "cumulative": false
    },
    {
        "date": "2020-12-08T11:10:56.118Z",
        "value": "0.6817110776901245",
        "cumulative": false
    },
    {
        "date": "2020-12-08T11:10:57.397Z",
        "value": "0.8428187370300293",
        "cumulative": false
    },
    {
        "date": "2020-12-08T11:10:58.624Z",
        "value": "0.5860136151313782",
        "cumulative": false
    },
    {
        "date": "2020-12-08T11:10:59.845Z",
        "value": "0.720917820930481",
        "cumulative": false
    },
    {
        "date": "2020-12-08T11:11:01.936Z",
        "value": "0.43139317631721497",
        "cumulative": false
    },
    {
        "date": "2020-12-08T11:11:03.170Z",
        "value": "0.6313318610191345",
        "cumulative": false
    },
    {
        "date": "2020-12-08T11:11:04.367Z",
        "value": "0.538511335849762",
        "cumulative": false
    },
    {
        "date": "2020-12-08T11:11:05.625Z",
        "value": "0.6940711736679077",
        "cumulative": false
    },
    {
        "date": "2020-12-08T11:11:07.870Z",
        "value": "0.5728579759597778",
        "cumulative": false
    },
    {
        "date": "2020-12-08T11:11:09.086Z",
        "value": "0.5164778828620911",
        "cumulative": false
    },
    {
        "date": "2020-12-08T11:11:10.323Z",
        "value": "0.4916631579399109",
        "cumulative": false
    },
    {
        "date": "2020-12-08T11:11:11.506Z",
        "value": "0.4720616042613983",
        "cumulative": false
    },
    {
        "date": "2020-12-08T11:11:13.665Z",
        "value": "0.5273145437240601",
        "cumulative": false
    },
    {
        "date": "2020-12-08T11:11:14.993Z",
        "value": "0.6005154252052307",
        "cumulative": false
    },
    {
        "date": "2020-12-08T11:11:16.228Z",
        "value": "0.471842497587204",
        "cumulative": false
    },
    {
        "date": "2020-12-08T11:11:17.438Z",
        "value": "0.5989481806755066",
        "cumulative": false
    },
    {
        "date": "2020-12-08T11:11:19.660Z",
        "value": "0.5252292156219482",
        "cumulative": false
    },
    {
        "date": "2020-12-08T11:11:20.865Z",
        "value": "0.5276282429695129",
        "cumulative": false
    },
    {
        "date": "2020-12-08T11:11:22.124Z",
        "value": "0.4472043216228485",
        "cumulative": false
    },
    {
        "date": "2020-12-08T11:11:23.364Z",
        "value": "0.42731934785842896",
        "cumulative": false
    },
    {
        "date": "2020-12-08T11:11:25.554Z",
        "value": "0.5552897453308105",
        "cumulative": false
    },
    {
        "date": "2020-12-08T11:11:26.795Z",
        "value": "0.5421016812324524",
        "cumulative": false
    },
    {
        "date": "2020-12-08T11:11:28.051Z",
        "value": "0.4159161448478699",
        "cumulative": false
    },
    {
        "date": "2020-12-08T11:11:29.298Z",
        "value": "0.4355236887931824",
        "cumulative": false
    },
    {
        "date": "2020-12-08T11:11:31.415Z",
        "value": "0.3457232713699341",
        "cumulative": false
    },
    {
        "date": "2020-12-08T11:11:32.610Z",
        "value": "0.5053278207778931",
        "cumulative": false
    },
    {
        "date": "2020-12-08T11:11:33.839Z",
        "value": "0.3735466003417969",
        "cumulative": false
    },
    {
        "date": "2020-12-08T11:11:35.096Z",
        "value": "0.4382055103778839",
        "cumulative": false
    },
    {
        "date": "2020-12-08T11:11:37.276Z",
        "value": "0.43902507424354553",
        "cumulative": false
    },
    {
        "date": "2020-12-08T11:11:38.456Z",
        "value": "0.40413326025009155",
        "cumulative": false
    },
    {
        "date": "2020-12-08T11:11:39.659Z",
        "value": "0.4466135799884796",
        "cumulative": false
    },
    {
        "date": "2020-12-08T11:11:40.842Z",
        "value": "0.4193878769874573",
        "cumulative": false
    },
    {
        "date": "2020-12-08T11:11:42.994Z",
        "value": "0.49250003695487976",
        "cumulative": false
    },
    {
        "date": "2020-12-08T11:11:44.257Z",
        "value": "0.42667338252067566",
        "cumulative": false
    },
    {
        "date": "2020-12-08T11:11:45.532Z",
        "value": "0.38461926579475403",
        "cumulative": false
    },
    {
        "date": "2020-12-08T11:11:46.797Z",
        "value": "0.5473023056983948",
        "cumulative": false
    },
    {
        "date": "2020-12-08T11:11:48.999Z",
        "value": "0.37455689907073975",
        "cumulative": false
    },
    {
        "date": "2020-12-08T11:11:50.259Z",
        "value": "0.3671115040779114",
        "cumulative": false
    },
    {
        "date": "2020-12-08T11:11:51.620Z",
        "value": "0.49184930324554443",
        "cumulative": false
    },
    {
        "date": "2020-12-08T11:11:52.881Z",
        "value": "0.4140874743461609",
        "cumulative": false
    }
]