[
    {
        "date": "2020-12-08T11:10:27.148Z",
        "value": "51.5625",
        "cumulative": false
    },
    {
        "date": "2020-12-08T11:10:28.366Z",
        "value": "83.59375",
        "cumulative": false
    },
    {
        "date": "2020-12-08T11:10:29.529Z",
        "value": "85.15625",
        "cumulative": false
    },
    {
        "date": "2020-12-08T11:10:30.739Z",
        "value": "92.96875",
        "cumulative": false
    },
    {
        "date": "2020-12-08T11:10:32.633Z",
        "value": "89.84375",
        "cumulative": false
    },
    {
        "date": "2020-12-08T11:10:33.876Z",
        "value": "92.1875",
        "cumulative": false
    },
    {
        "date": "2020-12-08T11:10:35.270Z",
        "value": "96.09375",
        "cumulative": false
    },
    {
        "date": "2020-12-08T11:10:36.515Z",
        "value": "95.3125",
        "cumulative": false
    },
    {
        "date": "2020-12-08T11:10:38.384Z",
        "value": "95.3125",
        "cumulative": false
    },
    {
        "date": "2020-12-08T11:10:39.658Z",
        "value": "96.09375",
        "cumulative": false
    },
    {
        "date": "2020-12-08T11:10:40.873Z",
        "value": "99.21875",
        "cumulative": false
    },
    {
        "date": "2020-12-08T11:10:42.298Z",
        "value": "94.53125",
        "cumulative": false
    },
    {
        "date": "2020-12-08T11:10:44.496Z",
        "value": "100.0",
        "cumulative": false
    },
    {
        "date": "2020-12-08T11:10:45.705Z",
        "value": "99.21875",
        "cumulative": false
    },
    {
        "date": "2020-12-08T11:10:46.869Z",
        "value": "96.875",
        "cumulative": false
    },
    {
        "date": "2020-12-08T11:10:48.086Z",
        "value": "97.65625",
        "cumulative": false
    },
    {
        "date": "2020-12-08T11:10:50.226Z",
        "value": "98.4375",
        "cumulative": false
    },
    {
        "date": "2020-12-08T11:10:51.634Z",
        "value": "97.65625",
        "cumulative": false
    },
    {
        "date": "2020-12-08T11:10:52.824Z",
        "value": "100.0",
        "cumulative": false
    },
    {
        "date": "2020-12-08T11:10:54.069Z",
        "value": "96.09375",
        "cumulative": false
    },
    {
        "date": "2020-12-08T11:10:56.118Z",
        "value": "100.0",
        "cumulative": false
    },
    {
        "date": "2020-12-08T11:10:57.397Z",
        "value": "97.65625",
        "cumulative": false
    },
    {
        "date": "2020-12-08T11:10:58.625Z",
        "value": "97.65625",
        "cumulative": false
    },
    {
        "date": "2020-12-08T11:10:59.841Z",
        "value": "98.4375",
        "cumulative": false
    },
    {
        "date": "2020-12-08T11:11:01.931Z",
        "value": "97.65625",
        "cumulative": false
    },
    {
        "date": "2020-12-08T11:11:03.170Z",
        "value": "98.4375",
        "cumulative": false
    },
    {
        "date": "2020-12-08T11:11:04.368Z",
        "value": "99.21875",
        "cumulative": false
    },
    {
        "date": "2020-12-08T11:11:05.625Z",
        "value": "99.21875",
        "cumulative": false
    },
    {
        "date": "2020-12-08T11:11:07.871Z",
        "value": "99.21875",
        "cumulative": false
    },
    {
        "date": "2020-12-08T11:11:09.086Z",
        "value": "99.21875",
        "cumulative": false
    },
    {
        "date": "2020-12-08T11:11:10.324Z",
        "value": "100.0",
        "cumulative": false
    },
    {
        "date": "2020-12-08T11:11:11.506Z",
        "value": "96.09375",
        "cumulative": false
    },
    {
        "date": "2020-12-08T11:11:13.655Z",
        "value": "96.875",
        "cumulative": false
    },
    {
        "date": "2020-12-08T11:11:14.988Z",
        "value": "100.0",
        "cumulative": false
    },
    {
        "date": "2020-12-08T11:11:16.228Z",
        "value": "99.21875",
        "cumulative": false
    },
    {
        "date": "2020-12-08T11:11:17.439Z",
        "value": "98.4375",
        "cumulative": false
    },
    {
        "date": "2020-12-08T11:11:19.658Z",
        "value": "99.21875",
        "cumulative": false
    },
    {
        "date": "2020-12-08T11:11:20.865Z",
        "value": "99.21875",
        "cumulative": false
    },
    {
        "date": "2020-12-08T11:11:22.125Z",
        "value": "100.0",
        "cumulative": false
    },
    {
        "date": "2020-12-08T11:11:23.364Z",
        "value": "99.21875",
        "cumulative": false
    },
    {
        "date": "2020-12-08T11:11:25.550Z",
        "value": "97.65625",
        "cumulative": false
    },
    {
        "date": "2020-12-08T11:11:26.795Z",
        "value": "100.0",
        "cumulative": false
    },
    {
        "date": "2020-12-08T11:11:28.052Z",
        "value": "99.21875",
        "cumulative": false
    },
    {
        "date": "2020-12-08T11:11:29.298Z",
        "value": "100.0",
        "cumulative": false
    },
    {
        "date": "2020-12-08T11:11:31.410Z",
        "value": "98.4375",
        "cumulative": false
    },
    {
        "date": "2020-12-08T11:11:32.611Z",
        "value": "99.21875",
        "cumulative": false
    },
    {
        "date": "2020-12-08T11:11:33.840Z",
        "value": "100.0",
        "cumulative": false
    },
    {
        "date": "2020-12-08T11:11:35.096Z",
        "value": "100.0",
        "cumulative": false
    },
    {
        "date": "2020-12-08T11:11:37.267Z",
        "value": "100.0",
        "cumulative": false
    },
    {
        "date": "2020-12-08T11:11:38.455Z",
        "value": "100.0",
        "cumulative": false
    },
    {
        "date": "2020-12-08T11:11:39.660Z",
        "value": "99.21875",
        "cumulative": false
    },
    {
        "date": "2020-12-08T11:11:40.843Z",
        "value": "100.0",
        "cumulative": false
    },
    {
        "date": "2020-12-08T11:11:42.995Z",
        "value": "100.0",
        "cumulative": false
    },
    {
        "date": "2020-12-08T11:11:44.256Z",
        "value": "99.21875",
        "cumulative": false
    },
    {
        "date": "2020-12-08T11:11:45.530Z",
        "value": "99.21875",
        "cumulative": false
    },
    {
        "date": "2020-12-08T11:11:46.787Z",
        "value": "100.0",
        "cumulative": false
    },
    {
        "date": "2020-12-08T11:11:48.997Z",
        "value": "99.21875",
        "cumulative": false
    },
    {
        "date": "2020-12-08T11:11:50.259Z",
        "value": "98.4375",
        "cumulative": false
    },
    {
        "date": "2020-12-08T11:11:51.621Z",
        "value": "100.0",
        "cumulative": false
    },
    {
        "date": "2020-12-08T11:11:52.874Z",
        "value": "100.0",
        "cumulative": false
    }
]