[
    {
        "date": "2020-12-08T11:10:31.759Z",
        "value": "0.2825610637664795",
        "cumulative": false
    },
    {
        "date": "2020-12-08T11:10:37.543Z",
        "value": "0.2741570472717285",
        "cumulative": false
    },
    {
        "date": "2020-12-08T11:10:43.543Z",
        "value": "0.32042503356933594",
        "cumulative": false
    },
    {
        "date": "2020-12-08T11:10:49.199Z",
        "value": "0.30275487899780273",
        "cumulative": false
    },
    {
        "date": "2020-12-08T11:10:55.219Z",
        "value": "0.3096790313720703",
        "cumulative": false
    },
    {
        "date": "2020-12-08T11:11:00.936Z",
        "value": "0.2675318717956543",
        "cumulative": false
    },
    {
        "date": "2020-12-08T11:11:06.794Z",
        "value": "0.2891356945037842",
        "cumulative": false
    },
    {
        "date": "2020-12-08T11:11:12.624Z",
        "value": "0.29719066619873047",
        "cumulative": false
    },
    {
        "date": "2020-12-08T11:11:18.580Z",
        "value": "0.2900245189666748",
        "cumulative": false
    },
    {
        "date": "2020-12-08T11:11:24.502Z",
        "value": "0.3108837604522705",
        "cumulative": false
    },
    {
        "date": "2020-12-08T11:11:30.409Z",
        "value": "0.27219247817993164",
        "cumulative": false
    },
    {
        "date": "2020-12-08T11:11:36.210Z",
        "value": "0.2684175968170166",
        "cumulative": false
    },
    {
        "date": "2020-12-08T11:11:41.910Z",
        "value": "0.3292374610900879",
        "cumulative": false
    },
    {
        "date": "2020-12-08T11:11:47.916Z",
        "value": "0.271254301071167",
        "cumulative": false
    },
    {
        "date": "2020-12-08T11:11:54.044Z",
        "value": "0.28287792205810547",
        "cumulative": false
    }
]