[
    {
        "date": "2020-12-08T11:10:27.148Z",
        "value": "45.3125",
        "cumulative": false
    },
    {
        "date": "2020-12-08T11:10:28.366Z",
        "value": "83.59375",
        "cumulative": false
    },
    {
        "date": "2020-12-08T11:10:29.531Z",
        "value": "84.375",
        "cumulative": false
    },
    {
        "date": "2020-12-08T11:10:30.740Z",
        "value": "93.75",
        "cumulative": false
    },
    {
        "date": "2020-12-08T11:10:32.637Z",
        "value": "94.53125",
        "cumulative": false
    },
    {
        "date": "2020-12-08T11:10:33.875Z",
        "value": "96.09375",
        "cumulative": false
    },
    {
        "date": "2020-12-08T11:10:35.269Z",
        "value": "95.3125",
        "cumulative": false
    },
    {
        "date": "2020-12-08T11:10:36.515Z",
        "value": "93.75",
        "cumulative": false
    },
    {
        "date": "2020-12-08T11:10:38.386Z",
        "value": "96.09375",
        "cumulative": false
    },
    {
        "date": "2020-12-08T11:10:39.658Z",
        "value": "96.875",
        "cumulative": false
    },
    {
        "date": "2020-12-08T11:10:40.873Z",
        "value": "98.4375",
        "cumulative": false
    },
    {
        "date": "2020-12-08T11:10:42.295Z",
        "value": "97.65625",
        "cumulative": false
    },
    {
        "date": "2020-12-08T11:10:44.497Z",
        "value": "99.21875",
        "cumulative": false
    },
    {
        "date": "2020-12-08T11:10:45.704Z",
        "value": "97.65625",
        "cumulative": false
    },
    {
        "date": "2020-12-08T11:10:46.869Z",
        "value": "95.3125",
        "cumulative": false
    },
    {
        "date": "2020-12-08T11:10:48.094Z",
        "value": "100.0",
        "cumulative": false
    },
    {
        "date": "2020-12-08T11:10:50.225Z",
        "value": "96.09375",
        "cumulative": false
    },
    {
        "date": "2020-12-08T11:10:51.633Z",
        "value": "99.21875",
        "cumulative": false
    },
    {
        "date": "2020-12-08T11:10:52.825Z",
        "value": "99.21875",
        "cumulative": false
    },
    {
        "date": "2020-12-08T11:10:54.071Z",
        "value": "97.65625",
        "cumulative": false
    },
    {
        "date": "2020-12-08T11:10:56.118Z",
        "value": "97.65625",
        "cumulative": false
    },
    {
        "date": "2020-12-08T11:10:57.397Z",
        "value": "99.21875",
        "cumulative": false
    },
    {
        "date": "2020-12-08T11:10:58.625Z",
        "value": "99.21875",
        "cumulative": false
    },
    {
        "date": "2020-12-08T11:10:59.845Z",
        "value": "96.875",
        "cumulative": false
    },
    {
        "date": "2020-12-08T11:11:01.936Z",
        "value": "100.0",
        "cumulative": false
    },
    {
        "date": "2020-12-08T11:11:03.170Z",
        "value": "99.21875",
        "cumulative": false
    },
    {
        "date": "2020-12-08T11:11:04.368Z",
        "value": "99.21875",
        "cumulative": false
    },
    {
        "date": "2020-12-08T11:11:05.625Z",
        "value": "98.4375",
        "cumulative": false
    },
    {
        "date": "2020-12-08T11:11:07.870Z",
        "value": "100.0",
        "cumulative": false
    },
    {
        "date": "2020-12-08T11:11:09.086Z",
        "value": "100.0",
        "cumulative": false
    },
    {
        "date": "2020-12-08T11:11:10.323Z",
        "value": "99.21875",
        "cumulative": false
    },
    {
        "date": "2020-12-08T11:11:11.506Z",
        "value": "99.21875",
        "cumulative": false
    },
    {
        "date": "2020-12-08T11:11:13.666Z",
        "value": "100.0",
        "cumulative": false
    },
    {
        "date": "2020-12-08T11:11:14.993Z",
        "value": "100.0",
        "cumulative": false
    },
    {
        "date": "2020-12-08T11:11:16.228Z",
        "value": "99.21875",
        "cumulative": false
    },
    {
        "date": "2020-12-08T11:11:17.438Z",
        "value": "97.65625",
        "cumulative": false
    },
    {
        "date": "2020-12-08T11:11:19.661Z",
        "value": "98.4375",
        "cumulative": false
    },
    {
        "date": "2020-12-08T11:11:20.865Z",
        "value": "99.21875",
        "cumulative": false
    },
    {
        "date": "2020-12-08T11:11:22.124Z",
        "value": "98.4375",
        "cumulative": false
    },
    {
        "date": "2020-12-08T11:11:23.364Z",
        "value": "99.21875",
        "cumulative": false
    },
    {
        "date": "2020-12-08T11:11:25.555Z",
        "value": "100.0",
        "cumulative": false
    },
    {
        "date": "2020-12-08T11:11:26.795Z",
        "value": "96.875",
        "cumulative": false
    },
    {
        "date": "2020-12-08T11:11:28.051Z",
        "value": "99.21875",
        "cumulative": false
    },
    {
        "date": "2020-12-08T11:11:29.298Z",
        "value": "99.21875",
        "cumulative": false
    },
    {
        "date": "2020-12-08T11:11:31.415Z",
        "value": "100.0",
        "cumulative": false
    },
    {
        "date": "2020-12-08T11:11:32.610Z",
        "value": "100.0",
        "cumulative": false
    },
    {
        "date": "2020-12-08T11:11:33.839Z",
        "value": "99.21875",
        "cumulative": false
    },
    {
        "date": "2020-12-08T11:11:35.096Z",
        "value": "100.0",
        "cumulative": false
    },
    {
        "date": "2020-12-08T11:11:37.276Z",
        "value": "100.0",
        "cumulative": false
    },
    {
        "date": "2020-12-08T11:11:38.456Z",
        "value": "98.4375",
        "cumulative": false
    },
    {
        "date": "2020-12-08T11:11:39.659Z",
        "value": "99.21875",
        "cumulative": false
    },
    {
        "date": "2020-12-08T11:11:40.843Z",
        "value": "100.0",
        "cumulative": false
    },
    {
        "date": "2020-12-08T11:11:42.995Z",
        "value": "98.4375",
        "cumulative": false
    },
    {
        "date": "2020-12-08T11:11:44.257Z",
        "value": "100.0",
        "cumulative": false
    },
    {
        "date": "2020-12-08T11:11:45.532Z",
        "value": "100.0",
        "cumulative": false
    },
    {
        "date": "2020-12-08T11:11:46.797Z",
        "value": "99.21875",
        "cumulative": false
    },
    {
        "date": "2020-12-08T11:11:48.999Z",
        "value": "100.0",
        "cumulative": false
    },
    {
        "date": "2020-12-08T11:11:50.259Z",
        "value": "100.0",
        "cumulative": false
    },
    {
        "date": "2020-12-08T11:11:51.621Z",
        "value": "98.4375",
        "cumulative": false
    },
    {
        "date": "2020-12-08T11:11:52.881Z",
        "value": "98.4375",
        "cumulative": false
    }
]