[
    {
        "date": "2020-12-08T11:10:31.759Z",
        "value": "6.884626865386963",
        "cumulative": false
    },
    {
        "date": "2020-12-08T11:10:37.543Z",
        "value": "4.765609264373779",
        "cumulative": false
    },
    {
        "date": "2020-12-08T11:10:43.543Z",
        "value": "5.037423372268677",
        "cumulative": false
    },
    {
        "date": "2020-12-08T11:10:49.199Z",
        "value": "4.576608657836914",
        "cumulative": false
    },
    {
        "date": "2020-12-08T11:10:55.219Z",
        "value": "4.908780336380005",
        "cumulative": false
    },
    {
        "date": "2020-12-08T11:11:00.936Z",
        "value": "4.699359178543091",
        "cumulative": false
    },
    {
        "date": "2020-12-08T11:11:06.794Z",
        "value": "4.765096187591553",
        "cumulative": false
    },
    {
        "date": "2020-12-08T11:11:12.624Z",
        "value": "4.709739685058594",
        "cumulative": false
    },
    {
        "date": "2020-12-08T11:11:18.580Z",
        "value": "4.841354608535767",
        "cumulative": false
    },
    {
        "date": "2020-12-08T11:11:24.502Z",
        "value": "4.7856667041778564",
        "cumulative": false
    },
    {
        "date": "2020-12-08T11:11:30.409Z",
        "value": "4.793943881988525",
        "cumulative": false
    },
    {
        "date": "2020-12-08T11:11:36.210Z",
        "value": "4.721500396728516",
        "cumulative": false
    },
    {
        "date": "2020-12-08T11:11:41.910Z",
        "value": "4.588651180267334",
        "cumulative": false
    },
    {
        "date": "2020-12-08T11:11:47.916Z",
        "value": "4.870388984680176",
        "cumulative": false
    },
    {
        "date": "2020-12-08T11:11:54.044Z",
        "value": "4.9737162590026855",
        "cumulative": false
    }
]