[
    {
        "date": "2020-12-08T11:10:31.761Z",
        "value": "0.0003025531768798828",
        "cumulative": false
    },
    {
        "date": "2020-12-08T11:10:37.543Z",
        "value": "0.0002903938293457031",
        "cumulative": false
    },
    {
        "date": "2020-12-08T11:10:43.547Z",
        "value": "0.00028133392333984375",
        "cumulative": false
    },
    {
        "date": "2020-12-08T11:10:49.198Z",
        "value": "0.0003132820129394531",
        "cumulative": false
    },
    {
        "date": "2020-12-08T11:10:55.235Z",
        "value": "0.00027871131896972656",
        "cumulative": false
    },
    {
        "date": "2020-12-08T11:11:00.940Z",
        "value": "0.000286102294921875",
        "cumulative": false
    },
    {
        "date": "2020-12-08T11:11:06.797Z",
        "value": "0.0002932548522949219",
        "cumulative": false
    },
    {
        "date": "2020-12-08T11:11:12.627Z",
        "value": "0.0002846717834472656",
        "cumulative": false
    },
    {
        "date": "2020-12-08T11:11:18.576Z",
        "value": "0.00028586387634277344",
        "cumulative": false
    },
    {
        "date": "2020-12-08T11:11:24.507Z",
        "value": "0.00028777122497558594",
        "cumulative": false
    },
    {
        "date": "2020-12-08T11:11:30.408Z",
        "value": "0.0003027915954589844",
        "cumulative": false
    },
    {
        "date": "2020-12-08T11:11:36.207Z",
        "value": "0.00031447410583496094",
        "cumulative": false
    },
    {
        "date": "2020-12-08T11:11:41.916Z",
        "value": "0.0003120899200439453",
        "cumulative": false
    },
    {
        "date": "2020-12-08T11:11:47.917Z",
        "value": "0.0003113746643066406",
        "cumulative": false
    },
    {
        "date": "2020-12-08T11:11:54.051Z",
        "value": "0.0003123283386230469",
        "cumulative": false
    }
]