[
    {
        "date": "2020-12-08T11:10:31.755Z",
        "value": "0.022052288055419922",
        "cumulative": false
    },
    {
        "date": "2020-12-08T11:10:37.547Z",
        "value": "0.023120880126953125",
        "cumulative": false
    },
    {
        "date": "2020-12-08T11:10:43.558Z",
        "value": "0.023607254028320312",
        "cumulative": false
    },
    {
        "date": "2020-12-08T11:10:49.208Z",
        "value": "0.024591922760009766",
        "cumulative": false
    },
    {
        "date": "2020-12-08T11:10:55.234Z",
        "value": "0.0244748592376709",
        "cumulative": false
    },
    {
        "date": "2020-12-08T11:11:00.958Z",
        "value": "0.023131132125854492",
        "cumulative": false
    },
    {
        "date": "2020-12-08T11:11:06.814Z",
        "value": "0.025992393493652344",
        "cumulative": false
    },
    {
        "date": "2020-12-08T11:11:12.642Z",
        "value": "0.023665428161621094",
        "cumulative": false
    },
    {
        "date": "2020-12-08T11:11:18.595Z",
        "value": "0.024837493896484375",
        "cumulative": false
    },
    {
        "date": "2020-12-08T11:11:24.525Z",
        "value": "0.025193214416503906",
        "cumulative": false
    },
    {
        "date": "2020-12-08T11:11:30.427Z",
        "value": "0.024075984954833984",
        "cumulative": false
    },
    {
        "date": "2020-12-08T11:11:36.241Z",
        "value": "0.023195981979370117",
        "cumulative": false
    },
    {
        "date": "2020-12-08T11:11:41.934Z",
        "value": "0.03425884246826172",
        "cumulative": false
    },
    {
        "date": "2020-12-08T11:11:47.935Z",
        "value": "0.024286270141601562",
        "cumulative": false
    },
    {
        "date": "2020-12-08T11:11:54.065Z",
        "value": "0.026524066925048828",
        "cumulative": false
    }
]