[
    {
        "date": "2020-12-08T11:10:31.755Z",
        "value": "3.5045254230499268",
        "cumulative": false
    },
    {
        "date": "2020-12-08T11:10:37.547Z",
        "value": "1.1890912055969238",
        "cumulative": false
    },
    {
        "date": "2020-12-08T11:10:43.558Z",
        "value": "1.1877834796905518",
        "cumulative": false
    },
    {
        "date": "2020-12-08T11:10:49.208Z",
        "value": "1.205289363861084",
        "cumulative": false
    },
    {
        "date": "2020-12-08T11:10:55.234Z",
        "value": "1.178086757659912",
        "cumulative": false
    },
    {
        "date": "2020-12-08T11:11:00.958Z",
        "value": "1.2044310569763184",
        "cumulative": false
    },
    {
        "date": "2020-12-08T11:11:06.814Z",
        "value": "1.1975436210632324",
        "cumulative": false
    },
    {
        "date": "2020-12-08T11:11:12.642Z",
        "value": "1.2512731552124023",
        "cumulative": false
    },
    {
        "date": "2020-12-08T11:11:18.595Z",
        "value": "1.2328996658325195",
        "cumulative": false
    },
    {
        "date": "2020-12-08T11:11:24.525Z",
        "value": "1.390174388885498",
        "cumulative": false
    },
    {
        "date": "2020-12-08T11:11:30.426Z",
        "value": "1.1695199012756348",
        "cumulative": false
    },
    {
        "date": "2020-12-08T11:11:36.241Z",
        "value": "1.2074229717254639",
        "cumulative": false
    },
    {
        "date": "2020-12-08T11:11:41.934Z",
        "value": "1.211651086807251",
        "cumulative": false
    },
    {
        "date": "2020-12-08T11:11:47.935Z",
        "value": "1.2453539371490479",
        "cumulative": false
    },
    {
        "date": "2020-12-08T11:11:54.065Z",
        "value": "1.2627975940704346",
        "cumulative": false
    }
]