[
    {
        "date": "2020-12-08T11:10:31.761Z",
        "value": "1.7452349662780762",
        "cumulative": false
    },
    {
        "date": "2020-12-08T11:10:37.543Z",
        "value": "1.8076560497283936",
        "cumulative": false
    },
    {
        "date": "2020-12-08T11:10:43.547Z",
        "value": "2.173366069793701",
        "cumulative": false
    },
    {
        "date": "2020-12-08T11:10:49.198Z",
        "value": "1.606717824935913",
        "cumulative": false
    },
    {
        "date": "2020-12-08T11:10:55.235Z",
        "value": "2.0969696044921875",
        "cumulative": false
    },
    {
        "date": "2020-12-08T11:11:00.940Z",
        "value": "1.8560588359832764",
        "cumulative": false
    },
    {
        "date": "2020-12-08T11:11:06.796Z",
        "value": "1.9027457237243652",
        "cumulative": false
    },
    {
        "date": "2020-12-08T11:11:12.627Z",
        "value": "1.798440933227539",
        "cumulative": false
    },
    {
        "date": "2020-12-08T11:11:18.576Z",
        "value": "1.9776663780212402",
        "cumulative": false
    },
    {
        "date": "2020-12-08T11:11:24.507Z",
        "value": "1.8870720863342285",
        "cumulative": false
    },
    {
        "date": "2020-12-08T11:11:30.408Z",
        "value": "1.855414628982544",
        "cumulative": false
    },
    {
        "date": "2020-12-08T11:11:36.207Z",
        "value": "1.8496737480163574",
        "cumulative": false
    },
    {
        "date": "2020-12-08T11:11:41.916Z",
        "value": "1.6336078643798828",
        "cumulative": false
    },
    {
        "date": "2020-12-08T11:11:47.917Z",
        "value": "2.002786636352539",
        "cumulative": false
    },
    {
        "date": "2020-12-08T11:11:54.051Z",
        "value": "2.2076213359832764",
        "cumulative": false
    }
]