[
    {
        "date": "2020-12-08T11:10:27.142Z",
        "value": "7.03125",
        "cumulative": false
    },
    {
        "date": "2020-12-08T11:10:28.358Z",
        "value": "30.46875",
        "cumulative": false
    },
    {
        "date": "2020-12-08T11:10:29.525Z",
        "value": "35.15625",
        "cumulative": false
    },
    {
        "date": "2020-12-08T11:10:30.734Z",
        "value": "48.4375",
        "cumulative": false
    },
    {
        "date": "2020-12-08T11:10:32.628Z",
        "value": "48.4375",
        "cumulative": false
    },
    {
        "date": "2020-12-08T11:10:33.871Z",
        "value": "44.53125",
        "cumulative": false
    },
    {
        "date": "2020-12-08T11:10:35.264Z",
        "value": "57.03125",
        "cumulative": false
    },
    {
        "date": "2020-12-08T11:10:36.510Z",
        "value": "57.03125",
        "cumulative": false
    },
    {
        "date": "2020-12-08T11:10:38.380Z",
        "value": "68.75",
        "cumulative": false
    },
    {
        "date": "2020-12-08T11:10:39.653Z",
        "value": "64.84375",
        "cumulative": false
    },
    {
        "date": "2020-12-08T11:10:40.868Z",
        "value": "65.625",
        "cumulative": false
    },
    {
        "date": "2020-12-08T11:10:42.294Z",
        "value": "64.84375",
        "cumulative": false
    },
    {
        "date": "2020-12-08T11:10:44.491Z",
        "value": "67.96875",
        "cumulative": false
    },
    {
        "date": "2020-12-08T11:10:45.699Z",
        "value": "66.40625",
        "cumulative": false
    },
    {
        "date": "2020-12-08T11:10:46.864Z",
        "value": "62.5",
        "cumulative": false
    },
    {
        "date": "2020-12-08T11:10:48.083Z",
        "value": "77.34375",
        "cumulative": false
    },
    {
        "date": "2020-12-08T11:10:50.220Z",
        "value": "73.4375",
        "cumulative": false
    },
    {
        "date": "2020-12-08T11:10:51.629Z",
        "value": "73.4375",
        "cumulative": false
    },
    {
        "date": "2020-12-08T11:10:52.819Z",
        "value": "70.3125",
        "cumulative": false
    },
    {
        "date": "2020-12-08T11:10:54.064Z",
        "value": "73.4375",
        "cumulative": false
    },
    {
        "date": "2020-12-08T11:10:56.113Z",
        "value": "71.875",
        "cumulative": false
    },
    {
        "date": "2020-12-08T11:10:57.392Z",
        "value": "71.875",
        "cumulative": false
    },
    {
        "date": "2020-12-08T11:10:58.620Z",
        "value": "79.6875",
        "cumulative": false
    },
    {
        "date": "2020-12-08T11:10:59.836Z",
        "value": "76.5625",
        "cumulative": false
    },
    {
        "date": "2020-12-08T11:11:01.926Z",
        "value": "79.6875",
        "cumulative": false
    },
    {
        "date": "2020-12-08T11:11:03.165Z",
        "value": "78.125",
        "cumulative": false
    },
    {
        "date": "2020-12-08T11:11:04.363Z",
        "value": "79.6875",
        "cumulative": false
    },
    {
        "date": "2020-12-08T11:11:05.619Z",
        "value": "79.6875",
        "cumulative": false
    },
    {
        "date": "2020-12-08T11:11:07.866Z",
        "value": "84.375",
        "cumulative": false
    },
    {
        "date": "2020-12-08T11:11:09.081Z",
        "value": "75.78125",
        "cumulative": false
    },
    {
        "date": "2020-12-08T11:11:10.319Z",
        "value": "77.34375",
        "cumulative": false
    },
    {
        "date": "2020-12-08T11:11:11.501Z",
        "value": "77.34375",
        "cumulative": false
    },
    {
        "date": "2020-12-08T11:11:13.649Z",
        "value": "78.125",
        "cumulative": false
    },
    {
        "date": "2020-12-08T11:11:14.983Z",
        "value": "85.15625",
        "cumulative": false
    },
    {
        "date": "2020-12-08T11:11:16.223Z",
        "value": "82.03125",
        "cumulative": false
    },
    {
        "date": "2020-12-08T11:11:17.433Z",
        "value": "82.03125",
        "cumulative": false
    },
    {
        "date": "2020-12-08T11:11:19.648Z",
        "value": "77.34375",
        "cumulative": false
    },
    {
        "date": "2020-12-08T11:11:20.860Z",
        "value": "85.15625",
        "cumulative": false
    },
    {
        "date": "2020-12-08T11:11:22.119Z",
        "value": "82.03125",
        "cumulative": false
    },
    {
        "date": "2020-12-08T11:11:23.359Z",
        "value": "80.46875",
        "cumulative": false
    },
    {
        "date": "2020-12-08T11:11:25.545Z",
        "value": "78.125",
        "cumulative": false
    },
    {
        "date": "2020-12-08T11:11:26.791Z",
        "value": "82.03125",
        "cumulative": false
    },
    {
        "date": "2020-12-08T11:11:28.047Z",
        "value": "83.59375",
        "cumulative": false
    },
    {
        "date": "2020-12-08T11:11:29.293Z",
        "value": "80.46875",
        "cumulative": false
    },
    {
        "date": "2020-12-08T11:11:31.405Z",
        "value": "83.59375",
        "cumulative": false
    },
    {
        "date": "2020-12-08T11:11:32.605Z",
        "value": "81.25",
        "cumulative": false
    },
    {
        "date": "2020-12-08T11:11:33.834Z",
        "value": "82.8125",
        "cumulative": false
    },
    {
        "date": "2020-12-08T11:11:35.091Z",
        "value": "85.15625",
        "cumulative": false
    },
    {
        "date": "2020-12-08T11:11:37.262Z",
        "value": "89.84375",
        "cumulative": false
    },
    {
        "date": "2020-12-08T11:11:38.454Z",
        "value": "82.8125",
        "cumulative": false
    },
    {
        "date": "2020-12-08T11:11:39.654Z",
        "value": "84.375",
        "cumulative": false
    },
    {
        "date": "2020-12-08T11:11:40.837Z",
        "value": "86.71875",
        "cumulative": false
    },
    {
        "date": "2020-12-08T11:11:42.989Z",
        "value": "86.71875",
        "cumulative": false
    },
    {
        "date": "2020-12-08T11:11:44.251Z",
        "value": "84.375",
        "cumulative": false
    },
    {
        "date": "2020-12-08T11:11:45.527Z",
        "value": "80.46875",
        "cumulative": false
    },
    {
        "date": "2020-12-08T11:11:46.791Z",
        "value": "84.375",
        "cumulative": false
    },
    {
        "date": "2020-12-08T11:11:48.992Z",
        "value": "85.15625",
        "cumulative": false
    },
    {
        "date": "2020-12-08T11:11:50.254Z",
        "value": "82.03125",
        "cumulative": false
    },
    {
        "date": "2020-12-08T11:11:51.616Z",
        "value": "83.59375",
        "cumulative": false
    },
    {
        "date": "2020-12-08T11:11:52.880Z",
        "value": "85.15625",
        "cumulative": false
    }
]