[
    {
        "date": "2020-12-08T11:10:31.755Z",
        "value": "0.00030493736267089844",
        "cumulative": false
    },
    {
        "date": "2020-12-08T11:10:37.547Z",
        "value": "0.00027871131896972656",
        "cumulative": false
    },
    {
        "date": "2020-12-08T11:10:43.559Z",
        "value": "0.0003001689910888672",
        "cumulative": false
    },
    {
        "date": "2020-12-08T11:10:49.208Z",
        "value": "0.00030112266540527344",
        "cumulative": false
    },
    {
        "date": "2020-12-08T11:10:55.234Z",
        "value": "0.0002963542938232422",
        "cumulative": false
    },
    {
        "date": "2020-12-08T11:11:00.958Z",
        "value": "0.00027751922607421875",
        "cumulative": false
    },
    {
        "date": "2020-12-08T11:11:06.814Z",
        "value": "0.0002856254577636719",
        "cumulative": false
    },
    {
        "date": "2020-12-08T11:11:12.642Z",
        "value": "0.0003142356872558594",
        "cumulative": false
    },
    {
        "date": "2020-12-08T11:11:18.595Z",
        "value": "0.00030493736267089844",
        "cumulative": false
    },
    {
        "date": "2020-12-08T11:11:24.526Z",
        "value": "0.0003228187561035156",
        "cumulative": false
    },
    {
        "date": "2020-12-08T11:11:30.427Z",
        "value": "0.000301361083984375",
        "cumulative": false
    },
    {
        "date": "2020-12-08T11:11:36.241Z",
        "value": "0.000301361083984375",
        "cumulative": false
    },
    {
        "date": "2020-12-08T11:11:41.934Z",
        "value": "0.0003292560577392578",
        "cumulative": false
    },
    {
        "date": "2020-12-08T11:11:47.935Z",
        "value": "0.00028967857360839844",
        "cumulative": false
    },
    {
        "date": "2020-12-08T11:11:54.065Z",
        "value": "0.00032520294189453125",
        "cumulative": false
    }
]