[
    {
        "date": "2020-12-08T11:10:31.756Z",
        "value": "3.3272995948791504",
        "cumulative": false
    },
    {
        "date": "2020-12-08T11:10:37.542Z",
        "value": "1.050037145614624",
        "cumulative": false
    },
    {
        "date": "2020-12-08T11:10:43.547Z",
        "value": "1.0587120056152344",
        "cumulative": false
    },
    {
        "date": "2020-12-08T11:10:49.205Z",
        "value": "1.143151044845581",
        "cumulative": false
    },
    {
        "date": "2020-12-08T11:10:55.218Z",
        "value": "1.0700531005859375",
        "cumulative": false
    },
    {
        "date": "2020-12-08T11:11:00.939Z",
        "value": "1.1426613330841064",
        "cumulative": false
    },
    {
        "date": "2020-12-08T11:11:06.795Z",
        "value": "1.0519871711730957",
        "cumulative": false
    },
    {
        "date": "2020-12-08T11:11:12.625Z",
        "value": "1.1009953022003174",
        "cumulative": false
    },
    {
        "date": "2020-12-08T11:11:18.577Z",
        "value": "1.1123356819152832",
        "cumulative": false
    },
    {
        "date": "2020-12-08T11:11:24.510Z",
        "value": "1.068850040435791",
        "cumulative": false
    },
    {
        "date": "2020-12-08T11:11:30.414Z",
        "value": "1.1665692329406738",
        "cumulative": false
    },
    {
        "date": "2020-12-08T11:11:36.215Z",
        "value": "1.0937135219573975",
        "cumulative": false
    },
    {
        "date": "2020-12-08T11:11:41.913Z",
        "value": "1.0397391319274902",
        "cumulative": false
    },
    {
        "date": "2020-12-08T11:11:47.916Z",
        "value": "1.015308141708374",
        "cumulative": false
    },
    {
        "date": "2020-12-08T11:11:54.048Z",
        "value": "1.076582670211792",
        "cumulative": false
    }
]