[
    {
        "date": "2020-12-08T11:10:31.756Z",
        "value": "0.023726701736450195",
        "cumulative": false
    },
    {
        "date": "2020-12-08T11:10:37.542Z",
        "value": "0.021728038787841797",
        "cumulative": false
    },
    {
        "date": "2020-12-08T11:10:43.547Z",
        "value": "0.021204471588134766",
        "cumulative": false
    },
    {
        "date": "2020-12-08T11:10:49.205Z",
        "value": "0.02187824249267578",
        "cumulative": false
    },
    {
        "date": "2020-12-08T11:10:55.219Z",
        "value": "0.021889925003051758",
        "cumulative": false
    },
    {
        "date": "2020-12-08T11:11:00.939Z",
        "value": "0.02199268341064453",
        "cumulative": false
    },
    {
        "date": "2020-12-08T11:11:06.795Z",
        "value": "0.022637605667114258",
        "cumulative": false
    },
    {
        "date": "2020-12-08T11:11:12.625Z",
        "value": "0.021707773208618164",
        "cumulative": false
    },
    {
        "date": "2020-12-08T11:11:18.577Z",
        "value": "0.025450944900512695",
        "cumulative": false
    },
    {
        "date": "2020-12-08T11:11:24.510Z",
        "value": "0.02346348762512207",
        "cumulative": false
    },
    {
        "date": "2020-12-08T11:11:30.414Z",
        "value": "0.026688575744628906",
        "cumulative": false
    },
    {
        "date": "2020-12-08T11:11:36.215Z",
        "value": "0.023539304733276367",
        "cumulative": false
    },
    {
        "date": "2020-12-08T11:11:41.913Z",
        "value": "0.0222322940826416",
        "cumulative": false
    },
    {
        "date": "2020-12-08T11:11:47.916Z",
        "value": "0.021800994873046875",
        "cumulative": false
    },
    {
        "date": "2020-12-08T11:11:54.048Z",
        "value": "0.021472692489624023",
        "cumulative": false
    }
]