[
    {
        "date": "2020-12-08T11:10:31.755Z",
        "value": "0.7141613960266113",
        "cumulative": false
    },
    {
        "date": "2020-12-08T11:10:37.547Z",
        "value": "0.9480013847351074",
        "cumulative": false
    },
    {
        "date": "2020-12-08T11:10:43.558Z",
        "value": "1.2133300304412842",
        "cumulative": false
    },
    {
        "date": "2020-12-08T11:10:49.208Z",
        "value": "0.5483639240264893",
        "cumulative": false
    },
    {
        "date": "2020-12-08T11:10:55.234Z",
        "value": "0.9065721035003662",
        "cumulative": false
    },
    {
        "date": "2020-12-08T11:11:00.958Z",
        "value": "0.6463625431060791",
        "cumulative": false
    },
    {
        "date": "2020-12-08T11:11:06.814Z",
        "value": "0.6863086223602295",
        "cumulative": false
    },
    {
        "date": "2020-12-08T11:11:12.642Z",
        "value": "0.5308966636657715",
        "cumulative": false
    },
    {
        "date": "2020-12-08T11:11:18.595Z",
        "value": "0.5008864402770996",
        "cumulative": false
    },
    {
        "date": "2020-12-08T11:11:24.526Z",
        "value": "0.48111939430236816",
        "cumulative": false
    },
    {
        "date": "2020-12-08T11:11:30.427Z",
        "value": "0.7297608852386475",
        "cumulative": false
    },
    {
        "date": "2020-12-08T11:11:36.241Z",
        "value": "0.6254756450653076",
        "cumulative": false
    },
    {
        "date": "2020-12-08T11:11:41.934Z",
        "value": "0.7952895164489746",
        "cumulative": false
    },
    {
        "date": "2020-12-08T11:11:47.935Z",
        "value": "0.6267971992492676",
        "cumulative": false
    },
    {
        "date": "2020-12-08T11:11:54.065Z",
        "value": "0.3708500862121582",
        "cumulative": false
    }
]