[
    {
        "date": "2020-12-08T11:10:31.756Z",
        "value": "0.2761363983154297",
        "cumulative": false
    },
    {
        "date": "2020-12-08T11:10:37.542Z",
        "value": "0.2529566287994385",
        "cumulative": false
    },
    {
        "date": "2020-12-08T11:10:43.547Z",
        "value": "0.2434086799621582",
        "cumulative": false
    },
    {
        "date": "2020-12-08T11:10:49.205Z",
        "value": "0.2723958492279053",
        "cumulative": false
    },
    {
        "date": "2020-12-08T11:10:55.218Z",
        "value": "0.2635233402252197",
        "cumulative": false
    },
    {
        "date": "2020-12-08T11:11:00.939Z",
        "value": "0.24169492721557617",
        "cumulative": false
    },
    {
        "date": "2020-12-08T11:11:06.795Z",
        "value": "0.2742278575897217",
        "cumulative": false
    },
    {
        "date": "2020-12-08T11:11:12.625Z",
        "value": "0.26622915267944336",
        "cumulative": false
    },
    {
        "date": "2020-12-08T11:11:18.577Z",
        "value": "0.25902557373046875",
        "cumulative": false
    },
    {
        "date": "2020-12-08T11:11:24.510Z",
        "value": "0.25327563285827637",
        "cumulative": false
    },
    {
        "date": "2020-12-08T11:11:30.414Z",
        "value": "0.2556426525115967",
        "cumulative": false
    },
    {
        "date": "2020-12-08T11:11:36.215Z",
        "value": "0.25699329376220703",
        "cumulative": false
    },
    {
        "date": "2020-12-08T11:11:41.913Z",
        "value": "0.2933158874511719",
        "cumulative": false
    },
    {
        "date": "2020-12-08T11:11:47.916Z",
        "value": "0.24401187896728516",
        "cumulative": false
    },
    {
        "date": "2020-12-08T11:11:54.048Z",
        "value": "0.248016357421875",
        "cumulative": false
    }
]