[
    {
        "date": "2020-12-08T11:10:27.146Z",
        "value": "2.490200996398926",
        "cumulative": false
    },
    {
        "date": "2020-12-08T11:10:28.361Z",
        "value": "1.8081496953964233",
        "cumulative": false
    },
    {
        "date": "2020-12-08T11:10:29.530Z",
        "value": "1.6675405502319336",
        "cumulative": false
    },
    {
        "date": "2020-12-08T11:10:30.739Z",
        "value": "1.524425983428955",
        "cumulative": false
    },
    {
        "date": "2020-12-08T11:10:32.633Z",
        "value": "1.5468814373016357",
        "cumulative": false
    },
    {
        "date": "2020-12-08T11:10:33.876Z",
        "value": "1.1509196758270264",
        "cumulative": false
    },
    {
        "date": "2020-12-08T11:10:35.268Z",
        "value": "1.4749778509140015",
        "cumulative": false
    },
    {
        "date": "2020-12-08T11:10:36.520Z",
        "value": "1.2362234592437744",
        "cumulative": false
    },
    {
        "date": "2020-12-08T11:10:38.384Z",
        "value": "1.0124000310897827",
        "cumulative": false
    },
    {
        "date": "2020-12-08T11:10:39.658Z",
        "value": "0.9590442180633545",
        "cumulative": false
    },
    {
        "date": "2020-12-08T11:10:40.873Z",
        "value": "1.0415350198745728",
        "cumulative": false
    },
    {
        "date": "2020-12-08T11:10:42.298Z",
        "value": "0.9760004878044128",
        "cumulative": false
    },
    {
        "date": "2020-12-08T11:10:44.495Z",
        "value": "0.8291041851043701",
        "cumulative": false
    },
    {
        "date": "2020-12-08T11:10:45.704Z",
        "value": "0.9513524174690247",
        "cumulative": false
    },
    {
        "date": "2020-12-08T11:10:46.869Z",
        "value": "0.8256957530975342",
        "cumulative": false
    },
    {
        "date": "2020-12-08T11:10:48.088Z",
        "value": "0.9966585040092468",
        "cumulative": false
    },
    {
        "date": "2020-12-08T11:10:50.226Z",
        "value": "0.8761743307113647",
        "cumulative": false
    },
    {
        "date": "2020-12-08T11:10:51.634Z",
        "value": "0.7871131896972656",
        "cumulative": false
    },
    {
        "date": "2020-12-08T11:10:52.824Z",
        "value": "0.826178252696991",
        "cumulative": false
    },
    {
        "date": "2020-12-08T11:10:54.068Z",
        "value": "0.7407268285751343",
        "cumulative": false
    },
    {
        "date": "2020-12-08T11:10:56.118Z",
        "value": "0.5964807271957397",
        "cumulative": false
    },
    {
        "date": "2020-12-08T11:10:57.397Z",
        "value": "0.6200148463249207",
        "cumulative": false
    },
    {
        "date": "2020-12-08T11:10:58.625Z",
        "value": "0.6255314946174622",
        "cumulative": false
    },
    {
        "date": "2020-12-08T11:10:59.841Z",
        "value": "0.6416587829589844",
        "cumulative": false
    },
    {
        "date": "2020-12-08T11:11:01.931Z",
        "value": "0.6857260465621948",
        "cumulative": false
    },
    {
        "date": "2020-12-08T11:11:03.170Z",
        "value": "0.6180058717727661",
        "cumulative": false
    },
    {
        "date": "2020-12-08T11:11:04.367Z",
        "value": "0.6273071765899658",
        "cumulative": false
    },
    {
        "date": "2020-12-08T11:11:05.625Z",
        "value": "0.7208762764930725",
        "cumulative": false
    },
    {
        "date": "2020-12-08T11:11:07.871Z",
        "value": "0.6379267573356628",
        "cumulative": false
    },
    {
        "date": "2020-12-08T11:11:09.086Z",
        "value": "0.6640102863311768",
        "cumulative": false
    },
    {
        "date": "2020-12-08T11:11:10.324Z",
        "value": "0.586153507232666",
        "cumulative": false
    },
    {
        "date": "2020-12-08T11:11:11.506Z",
        "value": "0.6014043688774109",
        "cumulative": false
    },
    {
        "date": "2020-12-08T11:11:13.655Z",
        "value": "0.4104166626930237",
        "cumulative": false
    },
    {
        "date": "2020-12-08T11:11:14.988Z",
        "value": "0.5233770608901978",
        "cumulative": false
    },
    {
        "date": "2020-12-08T11:11:16.230Z",
        "value": "0.48458874225616455",
        "cumulative": false
    },
    {
        "date": "2020-12-08T11:11:17.438Z",
        "value": "0.5869295001029968",
        "cumulative": false
    },
    {
        "date": "2020-12-08T11:11:19.653Z",
        "value": "0.5541941523551941",
        "cumulative": false
    },
    {
        "date": "2020-12-08T11:11:20.865Z",
        "value": "0.3801864683628082",
        "cumulative": false
    },
    {
        "date": "2020-12-08T11:11:22.124Z",
        "value": "0.6163303256034851",
        "cumulative": false
    },
    {
        "date": "2020-12-08T11:11:23.364Z",
        "value": "0.5095112919807434",
        "cumulative": false
    },
    {
        "date": "2020-12-08T11:11:25.550Z",
        "value": "0.44181904196739197",
        "cumulative": false
    },
    {
        "date": "2020-12-08T11:11:26.795Z",
        "value": "0.3758278489112854",
        "cumulative": false
    },
    {
        "date": "2020-12-08T11:11:28.052Z",
        "value": "0.5519694089889526",
        "cumulative": false
    },
    {
        "date": "2020-12-08T11:11:29.298Z",
        "value": "0.5154769420623779",
        "cumulative": false
    },
    {
        "date": "2020-12-08T11:11:31.410Z",
        "value": "0.5819661021232605",
        "cumulative": false
    },
    {
        "date": "2020-12-08T11:11:32.611Z",
        "value": "0.5017291307449341",
        "cumulative": false
    },
    {
        "date": "2020-12-08T11:11:33.839Z",
        "value": "0.42538177967071533",
        "cumulative": false
    },
    {
        "date": "2020-12-08T11:11:35.096Z",
        "value": "0.4282127320766449",
        "cumulative": false
    },
    {
        "date": "2020-12-08T11:11:37.267Z",
        "value": "0.47182321548461914",
        "cumulative": false
    },
    {
        "date": "2020-12-08T11:11:38.456Z",
        "value": "0.47575128078460693",
        "cumulative": false
    },
    {
        "date": "2020-12-08T11:11:39.659Z",
        "value": "0.33493897318840027",
        "cumulative": false
    },
    {
        "date": "2020-12-08T11:11:40.842Z",
        "value": "0.4272898733615875",
        "cumulative": false
    },
    {
        "date": "2020-12-08T11:11:42.995Z",
        "value": "0.30534470081329346",
        "cumulative": false
    },
    {
        "date": "2020-12-08T11:11:44.256Z",
        "value": "0.26638445258140564",
        "cumulative": false
    },
    {
        "date": "2020-12-08T11:11:45.532Z",
        "value": "0.4454345703125",
        "cumulative": false
    },
    {
        "date": "2020-12-08T11:11:46.796Z",
        "value": "0.46045833826065063",
        "cumulative": false
    },
    {
        "date": "2020-12-08T11:11:48.997Z",
        "value": "0.4572112560272217",
        "cumulative": false
    },
    {
        "date": "2020-12-08T11:11:50.259Z",
        "value": "0.39192190766334534",
        "cumulative": false
    },
    {
        "date": "2020-12-08T11:11:51.621Z",
        "value": "0.44427111744880676",
        "cumulative": false
    },
    {
        "date": "2020-12-08T11:11:52.886Z",
        "value": "0.4559190571308136",
        "cumulative": false
    }
]