[
    {
        "date": "2020-12-08T11:10:31.755Z",
        "value": "0.82318115234375",
        "cumulative": false
    },
    {
        "date": "2020-12-08T11:10:37.547Z",
        "value": "0.8618602752685547",
        "cumulative": false
    },
    {
        "date": "2020-12-08T11:10:43.558Z",
        "value": "0.8383944034576416",
        "cumulative": false
    },
    {
        "date": "2020-12-08T11:10:49.208Z",
        "value": "0.8850088119506836",
        "cumulative": false
    },
    {
        "date": "2020-12-08T11:10:55.234Z",
        "value": "0.8660573959350586",
        "cumulative": false
    },
    {
        "date": "2020-12-08T11:11:00.958Z",
        "value": "0.9034590721130371",
        "cumulative": false
    },
    {
        "date": "2020-12-08T11:11:06.814Z",
        "value": "0.8566436767578125",
        "cumulative": false
    },
    {
        "date": "2020-12-08T11:11:12.642Z",
        "value": "0.9158122539520264",
        "cumulative": false
    },
    {
        "date": "2020-12-08T11:11:18.595Z",
        "value": "0.9323444366455078",
        "cumulative": false
    },
    {
        "date": "2020-12-08T11:11:24.526Z",
        "value": "0.8472774028778076",
        "cumulative": false
    },
    {
        "date": "2020-12-08T11:11:30.427Z",
        "value": "0.9202260971069336",
        "cumulative": false
    },
    {
        "date": "2020-12-08T11:11:36.241Z",
        "value": "0.8608918190002441",
        "cumulative": false
    },
    {
        "date": "2020-12-08T11:11:41.934Z",
        "value": "0.8464486598968506",
        "cumulative": false
    },
    {
        "date": "2020-12-08T11:11:47.935Z",
        "value": "0.8601858615875244",
        "cumulative": false
    },
    {
        "date": "2020-12-08T11:11:54.065Z",
        "value": "0.9033591747283936",
        "cumulative": false
    }
]