[
    {
        "date": "2020-12-08T11:10:27.147Z",
        "value": "10.15625",
        "cumulative": false
    },
    {
        "date": "2020-12-08T11:10:28.363Z",
        "value": "25.78125",
        "cumulative": false
    },
    {
        "date": "2020-12-08T11:10:29.529Z",
        "value": "34.375",
        "cumulative": false
    },
    {
        "date": "2020-12-08T11:10:30.739Z",
        "value": "50.0",
        "cumulative": false
    },
    {
        "date": "2020-12-08T11:10:32.633Z",
        "value": "43.75",
        "cumulative": false
    },
    {
        "date": "2020-12-08T11:10:33.876Z",
        "value": "50.0",
        "cumulative": false
    },
    {
        "date": "2020-12-08T11:10:35.270Z",
        "value": "51.5625",
        "cumulative": false
    },
    {
        "date": "2020-12-08T11:10:36.515Z",
        "value": "53.125",
        "cumulative": false
    },
    {
        "date": "2020-12-08T11:10:38.384Z",
        "value": "60.15625",
        "cumulative": false
    },
    {
        "date": "2020-12-08T11:10:39.658Z",
        "value": "64.84375",
        "cumulative": false
    },
    {
        "date": "2020-12-08T11:10:40.873Z",
        "value": "65.625",
        "cumulative": false
    },
    {
        "date": "2020-12-08T11:10:42.298Z",
        "value": "62.5",
        "cumulative": false
    },
    {
        "date": "2020-12-08T11:10:44.496Z",
        "value": "67.96875",
        "cumulative": false
    },
    {
        "date": "2020-12-08T11:10:45.705Z",
        "value": "82.03125",
        "cumulative": false
    },
    {
        "date": "2020-12-08T11:10:46.869Z",
        "value": "73.4375",
        "cumulative": false
    },
    {
        "date": "2020-12-08T11:10:48.086Z",
        "value": "69.53125",
        "cumulative": false
    },
    {
        "date": "2020-12-08T11:10:50.226Z",
        "value": "80.46875",
        "cumulative": false
    },
    {
        "date": "2020-12-08T11:10:51.634Z",
        "value": "72.65625",
        "cumulative": false
    },
    {
        "date": "2020-12-08T11:10:52.824Z",
        "value": "75.78125",
        "cumulative": false
    },
    {
        "date": "2020-12-08T11:10:54.069Z",
        "value": "73.4375",
        "cumulative": false
    },
    {
        "date": "2020-12-08T11:10:56.118Z",
        "value": "71.09375",
        "cumulative": false
    },
    {
        "date": "2020-12-08T11:10:57.397Z",
        "value": "76.5625",
        "cumulative": false
    },
    {
        "date": "2020-12-08T11:10:58.625Z",
        "value": "80.46875",
        "cumulative": false
    },
    {
        "date": "2020-12-08T11:10:59.841Z",
        "value": "83.59375",
        "cumulative": false
    },
    {
        "date": "2020-12-08T11:11:01.931Z",
        "value": "77.34375",
        "cumulative": false
    },
    {
        "date": "2020-12-08T11:11:03.170Z",
        "value": "73.4375",
        "cumulative": false
    },
    {
        "date": "2020-12-08T11:11:04.368Z",
        "value": "79.6875",
        "cumulative": false
    },
    {
        "date": "2020-12-08T11:11:05.625Z",
        "value": "74.21875",
        "cumulative": false
    },
    {
        "date": "2020-12-08T11:11:07.871Z",
        "value": "78.90625",
        "cumulative": false
    },
    {
        "date": "2020-12-08T11:11:09.086Z",
        "value": "75.78125",
        "cumulative": false
    },
    {
        "date": "2020-12-08T11:11:10.324Z",
        "value": "81.25",
        "cumulative": false
    },
    {
        "date": "2020-12-08T11:11:11.506Z",
        "value": "75.78125",
        "cumulative": false
    },
    {
        "date": "2020-12-08T11:11:13.655Z",
        "value": "79.6875",
        "cumulative": false
    },
    {
        "date": "2020-12-08T11:11:14.988Z",
        "value": "79.6875",
        "cumulative": false
    },
    {
        "date": "2020-12-08T11:11:16.228Z",
        "value": "85.15625",
        "cumulative": false
    },
    {
        "date": "2020-12-08T11:11:17.439Z",
        "value": "80.46875",
        "cumulative": false
    },
    {
        "date": "2020-12-08T11:11:19.658Z",
        "value": "79.6875",
        "cumulative": false
    },
    {
        "date": "2020-12-08T11:11:20.865Z",
        "value": "83.59375",
        "cumulative": false
    },
    {
        "date": "2020-12-08T11:11:22.125Z",
        "value": "79.6875",
        "cumulative": false
    },
    {
        "date": "2020-12-08T11:11:23.364Z",
        "value": "83.59375",
        "cumulative": false
    },
    {
        "date": "2020-12-08T11:11:25.550Z",
        "value": "86.71875",
        "cumulative": false
    },
    {
        "date": "2020-12-08T11:11:26.795Z",
        "value": "85.9375",
        "cumulative": false
    },
    {
        "date": "2020-12-08T11:11:28.052Z",
        "value": "85.9375",
        "cumulative": false
    },
    {
        "date": "2020-12-08T11:11:29.298Z",
        "value": "80.46875",
        "cumulative": false
    },
    {
        "date": "2020-12-08T11:11:31.410Z",
        "value": "85.9375",
        "cumulative": false
    },
    {
        "date": "2020-12-08T11:11:32.611Z",
        "value": "88.28125",
        "cumulative": false
    },
    {
        "date": "2020-12-08T11:11:33.839Z",
        "value": "79.6875",
        "cumulative": false
    },
    {
        "date": "2020-12-08T11:11:35.096Z",
        "value": "84.375",
        "cumulative": false
    },
    {
        "date": "2020-12-08T11:11:37.267Z",
        "value": "88.28125",
        "cumulative": false
    },
    {
        "date": "2020-12-08T11:11:38.455Z",
        "value": "84.375",
        "cumulative": false
    },
    {
        "date": "2020-12-08T11:11:39.659Z",
        "value": "82.03125",
        "cumulative": false
    },
    {
        "date": "2020-12-08T11:11:40.843Z",
        "value": "86.71875",
        "cumulative": false
    },
    {
        "date": "2020-12-08T11:11:42.995Z",
        "value": "82.03125",
        "cumulative": false
    },
    {
        "date": "2020-12-08T11:11:44.256Z",
        "value": "88.28125",
        "cumulative": false
    },
    {
        "date": "2020-12-08T11:11:45.530Z",
        "value": "82.8125",
        "cumulative": false
    },
    {
        "date": "2020-12-08T11:11:46.787Z",
        "value": "81.25",
        "cumulative": false
    },
    {
        "date": "2020-12-08T11:11:48.997Z",
        "value": "87.5",
        "cumulative": false
    },
    {
        "date": "2020-12-08T11:11:50.259Z",
        "value": "80.46875",
        "cumulative": false
    },
    {
        "date": "2020-12-08T11:11:51.621Z",
        "value": "89.0625",
        "cumulative": false
    },
    {
        "date": "2020-12-08T11:11:52.874Z",
        "value": "85.15625",
        "cumulative": false
    }
]