[
    {
        "date": "2020-12-08T11:10:31.756Z",
        "value": "0.0007245540618896484",
        "cumulative": false
    },
    {
        "date": "2020-12-08T11:10:37.542Z",
        "value": "0.00026488304138183594",
        "cumulative": false
    },
    {
        "date": "2020-12-08T11:10:43.547Z",
        "value": "0.0003228187561035156",
        "cumulative": false
    },
    {
        "date": "2020-12-08T11:10:49.205Z",
        "value": "0.0002722740173339844",
        "cumulative": false
    },
    {
        "date": "2020-12-08T11:10:55.219Z",
        "value": "0.00030159950256347656",
        "cumulative": false
    },
    {
        "date": "2020-12-08T11:11:00.939Z",
        "value": "0.00025534629821777344",
        "cumulative": false
    },
    {
        "date": "2020-12-08T11:11:06.795Z",
        "value": "0.0002963542938232422",
        "cumulative": false
    },
    {
        "date": "2020-12-08T11:11:12.625Z",
        "value": "0.00027298927307128906",
        "cumulative": false
    },
    {
        "date": "2020-12-08T11:11:18.577Z",
        "value": "0.0002636909484863281",
        "cumulative": false
    },
    {
        "date": "2020-12-08T11:11:24.511Z",
        "value": "0.00026035308837890625",
        "cumulative": false
    },
    {
        "date": "2020-12-08T11:11:30.414Z",
        "value": "0.0002510547637939453",
        "cumulative": false
    },
    {
        "date": "2020-12-08T11:11:36.215Z",
        "value": "0.0002586841583251953",
        "cumulative": false
    },
    {
        "date": "2020-12-08T11:11:41.913Z",
        "value": "0.00027632713317871094",
        "cumulative": false
    },
    {
        "date": "2020-12-08T11:11:47.916Z",
        "value": "0.00028061866760253906",
        "cumulative": false
    },
    {
        "date": "2020-12-08T11:11:54.048Z",
        "value": "0.0002460479736328125",
        "cumulative": false
    }
]