[
    {
        "date": "2020-12-08T11:10:31.759Z",
        "value": "0.021313190460205078",
        "cumulative": false
    },
    {
        "date": "2020-12-08T11:10:37.543Z",
        "value": "0.024698495864868164",
        "cumulative": false
    },
    {
        "date": "2020-12-08T11:10:43.543Z",
        "value": "0.022780656814575195",
        "cumulative": false
    },
    {
        "date": "2020-12-08T11:10:49.199Z",
        "value": "0.024409770965576172",
        "cumulative": false
    },
    {
        "date": "2020-12-08T11:10:55.219Z",
        "value": "0.023326396942138672",
        "cumulative": false
    },
    {
        "date": "2020-12-08T11:11:00.936Z",
        "value": "0.02331233024597168",
        "cumulative": false
    },
    {
        "date": "2020-12-08T11:11:06.794Z",
        "value": "0.023010730743408203",
        "cumulative": false
    },
    {
        "date": "2020-12-08T11:11:12.624Z",
        "value": "0.026562213897705078",
        "cumulative": false
    },
    {
        "date": "2020-12-08T11:11:18.580Z",
        "value": "0.02324676513671875",
        "cumulative": false
    },
    {
        "date": "2020-12-08T11:11:24.502Z",
        "value": "0.02373647689819336",
        "cumulative": false
    },
    {
        "date": "2020-12-08T11:11:30.409Z",
        "value": "0.025154590606689453",
        "cumulative": false
    },
    {
        "date": "2020-12-08T11:11:36.210Z",
        "value": "0.023182153701782227",
        "cumulative": false
    },
    {
        "date": "2020-12-08T11:11:41.910Z",
        "value": "0.023496627807617188",
        "cumulative": false
    },
    {
        "date": "2020-12-08T11:11:47.916Z",
        "value": "0.022678136825561523",
        "cumulative": false
    },
    {
        "date": "2020-12-08T11:11:54.044Z",
        "value": "0.024395227432250977",
        "cumulative": false
    }
]