[
    {
        "date": "2020-12-08T11:10:27.148Z",
        "value": "7.03125",
        "cumulative": false
    },
    {
        "date": "2020-12-08T11:10:28.362Z",
        "value": "29.6875",
        "cumulative": false
    },
    {
        "date": "2020-12-08T11:10:29.530Z",
        "value": "42.1875",
        "cumulative": false
    },
    {
        "date": "2020-12-08T11:10:30.739Z",
        "value": "40.625",
        "cumulative": false
    },
    {
        "date": "2020-12-08T11:10:32.633Z",
        "value": "38.28125",
        "cumulative": false
    },
    {
        "date": "2020-12-08T11:10:33.876Z",
        "value": "57.03125",
        "cumulative": false
    },
    {
        "date": "2020-12-08T11:10:35.268Z",
        "value": "46.875",
        "cumulative": false
    },
    {
        "date": "2020-12-08T11:10:36.521Z",
        "value": "56.25",
        "cumulative": false
    },
    {
        "date": "2020-12-08T11:10:38.384Z",
        "value": "58.59375",
        "cumulative": false
    },
    {
        "date": "2020-12-08T11:10:39.658Z",
        "value": "63.28125",
        "cumulative": false
    },
    {
        "date": "2020-12-08T11:10:40.873Z",
        "value": "57.8125",
        "cumulative": false
    },
    {
        "date": "2020-12-08T11:10:42.298Z",
        "value": "71.875",
        "cumulative": false
    },
    {
        "date": "2020-12-08T11:10:44.495Z",
        "value": "77.34375",
        "cumulative": false
    },
    {
        "date": "2020-12-08T11:10:45.704Z",
        "value": "66.40625",
        "cumulative": false
    },
    {
        "date": "2020-12-08T11:10:46.869Z",
        "value": "68.75",
        "cumulative": false
    },
    {
        "date": "2020-12-08T11:10:48.088Z",
        "value": "67.96875",
        "cumulative": false
    },
    {
        "date": "2020-12-08T11:10:50.226Z",
        "value": "73.4375",
        "cumulative": false
    },
    {
        "date": "2020-12-08T11:10:51.634Z",
        "value": "70.3125",
        "cumulative": false
    },
    {
        "date": "2020-12-08T11:10:52.824Z",
        "value": "74.21875",
        "cumulative": false
    },
    {
        "date": "2020-12-08T11:10:54.069Z",
        "value": "75.0",
        "cumulative": false
    },
    {
        "date": "2020-12-08T11:10:56.118Z",
        "value": "84.375",
        "cumulative": false
    },
    {
        "date": "2020-12-08T11:10:57.397Z",
        "value": "81.25",
        "cumulative": false
    },
    {
        "date": "2020-12-08T11:10:58.625Z",
        "value": "81.25",
        "cumulative": false
    },
    {
        "date": "2020-12-08T11:10:59.841Z",
        "value": "77.34375",
        "cumulative": false
    },
    {
        "date": "2020-12-08T11:11:01.931Z",
        "value": "75.0",
        "cumulative": false
    },
    {
        "date": "2020-12-08T11:11:03.170Z",
        "value": "73.4375",
        "cumulative": false
    },
    {
        "date": "2020-12-08T11:11:04.368Z",
        "value": "76.5625",
        "cumulative": false
    },
    {
        "date": "2020-12-08T11:11:05.625Z",
        "value": "75.0",
        "cumulative": false
    },
    {
        "date": "2020-12-08T11:11:07.871Z",
        "value": "75.78125",
        "cumulative": false
    },
    {
        "date": "2020-12-08T11:11:09.086Z",
        "value": "75.78125",
        "cumulative": false
    },
    {
        "date": "2020-12-08T11:11:10.324Z",
        "value": "76.5625",
        "cumulative": false
    },
    {
        "date": "2020-12-08T11:11:11.506Z",
        "value": "77.34375",
        "cumulative": false
    },
    {
        "date": "2020-12-08T11:11:13.655Z",
        "value": "85.15625",
        "cumulative": false
    },
    {
        "date": "2020-12-08T11:11:14.988Z",
        "value": "78.90625",
        "cumulative": false
    },
    {
        "date": "2020-12-08T11:11:16.230Z",
        "value": "85.15625",
        "cumulative": false
    },
    {
        "date": "2020-12-08T11:11:17.438Z",
        "value": "80.46875",
        "cumulative": false
    },
    {
        "date": "2020-12-08T11:11:19.653Z",
        "value": "80.46875",
        "cumulative": false
    },
    {
        "date": "2020-12-08T11:11:20.865Z",
        "value": "87.5",
        "cumulative": false
    },
    {
        "date": "2020-12-08T11:11:22.125Z",
        "value": "79.6875",
        "cumulative": false
    },
    {
        "date": "2020-12-08T11:11:23.364Z",
        "value": "82.8125",
        "cumulative": false
    },
    {
        "date": "2020-12-08T11:11:25.550Z",
        "value": "84.375",
        "cumulative": false
    },
    {
        "date": "2020-12-08T11:11:26.795Z",
        "value": "83.59375",
        "cumulative": false
    },
    {
        "date": "2020-12-08T11:11:28.052Z",
        "value": "78.125",
        "cumulative": false
    },
    {
        "date": "2020-12-08T11:11:29.298Z",
        "value": "82.03125",
        "cumulative": false
    },
    {
        "date": "2020-12-08T11:11:31.410Z",
        "value": "78.90625",
        "cumulative": false
    },
    {
        "date": "2020-12-08T11:11:32.611Z",
        "value": "78.90625",
        "cumulative": false
    },
    {
        "date": "2020-12-08T11:11:33.839Z",
        "value": "81.25",
        "cumulative": false
    },
    {
        "date": "2020-12-08T11:11:35.096Z",
        "value": "87.5",
        "cumulative": false
    },
    {
        "date": "2020-12-08T11:11:37.267Z",
        "value": "82.03125",
        "cumulative": false
    },
    {
        "date": "2020-12-08T11:11:38.456Z",
        "value": "85.15625",
        "cumulative": false
    },
    {
        "date": "2020-12-08T11:11:39.660Z",
        "value": "86.71875",
        "cumulative": false
    },
    {
        "date": "2020-12-08T11:11:40.843Z",
        "value": "85.15625",
        "cumulative": false
    },
    {
        "date": "2020-12-08T11:11:42.995Z",
        "value": "89.0625",
        "cumulative": false
    },
    {
        "date": "2020-12-08T11:11:44.256Z",
        "value": "92.1875",
        "cumulative": false
    },
    {
        "date": "2020-12-08T11:11:45.532Z",
        "value": "83.59375",
        "cumulative": false
    },
    {
        "date": "2020-12-08T11:11:46.796Z",
        "value": "79.6875",
        "cumulative": false
    },
    {
        "date": "2020-12-08T11:11:48.997Z",
        "value": "84.375",
        "cumulative": false
    },
    {
        "date": "2020-12-08T11:11:50.259Z",
        "value": "85.15625",
        "cumulative": false
    },
    {
        "date": "2020-12-08T11:11:51.621Z",
        "value": "82.8125",
        "cumulative": false
    },
    {
        "date": "2020-12-08T11:11:52.886Z",
        "value": "82.03125",
        "cumulative": false
    }
]