[
    {
        "date": "2020-12-08T11:10:31.761Z",
        "value": "0.9933979511260986",
        "cumulative": false
    },
    {
        "date": "2020-12-08T11:10:37.543Z",
        "value": "1.0043232440948486",
        "cumulative": false
    },
    {
        "date": "2020-12-08T11:10:43.547Z",
        "value": "0.938542366027832",
        "cumulative": false
    },
    {
        "date": "2020-12-08T11:10:49.198Z",
        "value": "1.0268189907073975",
        "cumulative": false
    },
    {
        "date": "2020-12-08T11:10:55.235Z",
        "value": "0.9625132083892822",
        "cumulative": false
    },
    {
        "date": "2020-12-08T11:11:00.940Z",
        "value": "0.9531867504119873",
        "cumulative": false
    },
    {
        "date": "2020-12-08T11:11:06.796Z",
        "value": "0.9647219181060791",
        "cumulative": false
    },
    {
        "date": "2020-12-08T11:11:12.627Z",
        "value": "0.974236011505127",
        "cumulative": false
    },
    {
        "date": "2020-12-08T11:11:18.576Z",
        "value": "0.9361672401428223",
        "cumulative": false
    },
    {
        "date": "2020-12-08T11:11:24.507Z",
        "value": "0.967069149017334",
        "cumulative": false
    },
    {
        "date": "2020-12-08T11:11:30.408Z",
        "value": "0.9887874126434326",
        "cumulative": false
    },
    {
        "date": "2020-12-08T11:11:36.207Z",
        "value": "0.9830474853515625",
        "cumulative": false
    },
    {
        "date": "2020-12-08T11:11:41.916Z",
        "value": "0.9992458820343018",
        "cumulative": false
    },
    {
        "date": "2020-12-08T11:11:47.917Z",
        "value": "0.9291219711303711",
        "cumulative": false
    },
    {
        "date": "2020-12-08T11:11:54.051Z",
        "value": "0.9230740070343018",
        "cumulative": false
    }
]