[
    {
        "date": "2020-12-08T11:10:31.759Z",
        "value": "0.0002586841583251953",
        "cumulative": false
    },
    {
        "date": "2020-12-08T11:10:37.543Z",
        "value": "0.00029397010803222656",
        "cumulative": false
    },
    {
        "date": "2020-12-08T11:10:43.543Z",
        "value": "0.0002894401550292969",
        "cumulative": false
    },
    {
        "date": "2020-12-08T11:10:49.199Z",
        "value": "0.0002930164337158203",
        "cumulative": false
    },
    {
        "date": "2020-12-08T11:10:55.219Z",
        "value": "0.00030493736267089844",
        "cumulative": false
    },
    {
        "date": "2020-12-08T11:11:00.936Z",
        "value": "0.0002994537353515625",
        "cumulative": false
    },
    {
        "date": "2020-12-08T11:11:06.794Z",
        "value": "0.00029468536376953125",
        "cumulative": false
    },
    {
        "date": "2020-12-08T11:11:12.624Z",
        "value": "0.00030350685119628906",
        "cumulative": false
    },
    {
        "date": "2020-12-08T11:11:18.580Z",
        "value": "0.0003254413604736328",
        "cumulative": false
    },
    {
        "date": "2020-12-08T11:11:24.502Z",
        "value": "0.0003008842468261719",
        "cumulative": false
    },
    {
        "date": "2020-12-08T11:11:30.409Z",
        "value": "0.0002925395965576172",
        "cumulative": false
    },
    {
        "date": "2020-12-08T11:11:36.210Z",
        "value": "0.0002970695495605469",
        "cumulative": false
    },
    {
        "date": "2020-12-08T11:11:41.910Z",
        "value": "0.0002789497375488281",
        "cumulative": false
    },
    {
        "date": "2020-12-08T11:11:47.916Z",
        "value": "0.00027370452880859375",
        "cumulative": false
    },
    {
        "date": "2020-12-08T11:11:54.044Z",
        "value": "0.0003273487091064453",
        "cumulative": false
    }
]