[
    {
        "date": "2020-12-08T11:10:27.145Z",
        "value": "2.46915602684021",
        "cumulative": false
    },
    {
        "date": "2020-12-08T11:10:28.361Z",
        "value": "1.8992648124694824",
        "cumulative": false
    },
    {
        "date": "2020-12-08T11:10:29.528Z",
        "value": "1.8564738035202026",
        "cumulative": false
    },
    {
        "date": "2020-12-08T11:10:30.739Z",
        "value": "1.4411174058914185",
        "cumulative": false
    },
    {
        "date": "2020-12-08T11:10:32.633Z",
        "value": "1.5236626863479614",
        "cumulative": false
    },
    {
        "date": "2020-12-08T11:10:33.876Z",
        "value": "1.3597427606582642",
        "cumulative": false
    },
    {
        "date": "2020-12-08T11:10:35.269Z",
        "value": "1.3981313705444336",
        "cumulative": false
    },
    {
        "date": "2020-12-08T11:10:36.515Z",
        "value": "1.2010293006896973",
        "cumulative": false
    },
    {
        "date": "2020-12-08T11:10:38.384Z",
        "value": "1.1115845441818237",
        "cumulative": false
    },
    {
        "date": "2020-12-08T11:10:39.658Z",
        "value": "1.0026159286499023",
        "cumulative": false
    },
    {
        "date": "2020-12-08T11:10:40.873Z",
        "value": "1.0020908117294312",
        "cumulative": false
    },
    {
        "date": "2020-12-08T11:10:42.298Z",
        "value": "1.056417465209961",
        "cumulative": false
    },
    {
        "date": "2020-12-08T11:10:44.495Z",
        "value": "0.9515290856361389",
        "cumulative": false
    },
    {
        "date": "2020-12-08T11:10:45.705Z",
        "value": "0.6381808519363403",
        "cumulative": false
    },
    {
        "date": "2020-12-08T11:10:46.869Z",
        "value": "0.8396644592285156",
        "cumulative": false
    },
    {
        "date": "2020-12-08T11:10:48.086Z",
        "value": "0.8286084532737732",
        "cumulative": false
    },
    {
        "date": "2020-12-08T11:10:50.226Z",
        "value": "0.6068078875541687",
        "cumulative": false
    },
    {
        "date": "2020-12-08T11:10:51.634Z",
        "value": "0.8273996114730835",
        "cumulative": false
    },
    {
        "date": "2020-12-08T11:10:52.824Z",
        "value": "0.714864194393158",
        "cumulative": false
    },
    {
        "date": "2020-12-08T11:10:54.069Z",
        "value": "0.8043414950370789",
        "cumulative": false
    },
    {
        "date": "2020-12-08T11:10:56.118Z",
        "value": "0.7261356115341187",
        "cumulative": false
    },
    {
        "date": "2020-12-08T11:10:57.397Z",
        "value": "0.7470317482948303",
        "cumulative": false
    },
    {
        "date": "2020-12-08T11:10:58.625Z",
        "value": "0.6030023694038391",
        "cumulative": false
    },
    {
        "date": "2020-12-08T11:10:59.841Z",
        "value": "0.5482569336891174",
        "cumulative": false
    },
    {
        "date": "2020-12-08T11:11:01.931Z",
        "value": "0.6827000379562378",
        "cumulative": false
    },
    {
        "date": "2020-12-08T11:11:03.170Z",
        "value": "0.7603108286857605",
        "cumulative": false
    },
    {
        "date": "2020-12-08T11:11:04.368Z",
        "value": "0.5684343576431274",
        "cumulative": false
    },
    {
        "date": "2020-12-08T11:11:05.625Z",
        "value": "0.6064173579216003",
        "cumulative": false
    },
    {
        "date": "2020-12-08T11:11:07.870Z",
        "value": "0.6147550344467163",
        "cumulative": false
    },
    {
        "date": "2020-12-08T11:11:09.086Z",
        "value": "0.6545126438140869",
        "cumulative": false
    },
    {
        "date": "2020-12-08T11:11:10.323Z",
        "value": "0.5461317300796509",
        "cumulative": false
    },
    {
        "date": "2020-12-08T11:11:11.506Z",
        "value": "0.7539392113685608",
        "cumulative": false
    },
    {
        "date": "2020-12-08T11:11:13.655Z",
        "value": "0.5904679894447327",
        "cumulative": false
    },
    {
        "date": "2020-12-08T11:11:14.988Z",
        "value": "0.45526644587516785",
        "cumulative": false
    },
    {
        "date": "2020-12-08T11:11:16.228Z",
        "value": "0.47469136118888855",
        "cumulative": false
    },
    {
        "date": "2020-12-08T11:11:17.438Z",
        "value": "0.6116567254066467",
        "cumulative": false
    },
    {
        "date": "2020-12-08T11:11:19.658Z",
        "value": "0.5786360502243042",
        "cumulative": false
    },
    {
        "date": "2020-12-08T11:11:20.865Z",
        "value": "0.4737500846385956",
        "cumulative": false
    },
    {
        "date": "2020-12-08T11:11:22.124Z",
        "value": "0.45895418524742126",
        "cumulative": false
    },
    {
        "date": "2020-12-08T11:11:23.364Z",
        "value": "0.5229682326316833",
        "cumulative": false
    },
    {
        "date": "2020-12-08T11:11:25.550Z",
        "value": "0.46842634677886963",
        "cumulative": false
    },
    {
        "date": "2020-12-08T11:11:26.795Z",
        "value": "0.3677929639816284",
        "cumulative": false
    },
    {
        "date": "2020-12-08T11:11:28.052Z",
        "value": "0.39985600113868713",
        "cumulative": false
    },
    {
        "date": "2020-12-08T11:11:29.298Z",
        "value": "0.5243813395500183",
        "cumulative": false
    },
    {
        "date": "2020-12-08T11:11:31.410Z",
        "value": "0.4507390260696411",
        "cumulative": false
    },
    {
        "date": "2020-12-08T11:11:32.610Z",
        "value": "0.3380416929721832",
        "cumulative": false
    },
    {
        "date": "2020-12-08T11:11:33.839Z",
        "value": "0.4628516733646393",
        "cumulative": false
    },
    {
        "date": "2020-12-08T11:11:35.096Z",
        "value": "0.4027395248413086",
        "cumulative": false
    },
    {
        "date": "2020-12-08T11:11:37.267Z",
        "value": "0.39486151933670044",
        "cumulative": false
    },
    {
        "date": "2020-12-08T11:11:38.455Z",
        "value": "0.4367966055870056",
        "cumulative": false
    },
    {
        "date": "2020-12-08T11:11:39.659Z",
        "value": "0.5277423858642578",
        "cumulative": false
    },
    {
        "date": "2020-12-08T11:11:40.842Z",
        "value": "0.41065406799316406",
        "cumulative": false
    },
    {
        "date": "2020-12-08T11:11:42.995Z",
        "value": "0.4117394983768463",
        "cumulative": false
    },
    {
        "date": "2020-12-08T11:11:44.256Z",
        "value": "0.3463572561740875",
        "cumulative": false
    },
    {
        "date": "2020-12-08T11:11:45.530Z",
        "value": "0.47056135535240173",
        "cumulative": false
    },
    {
        "date": "2020-12-08T11:11:46.787Z",
        "value": "0.4304765462875366",
        "cumulative": false
    },
    {
        "date": "2020-12-08T11:11:48.997Z",
        "value": "0.4140925407409668",
        "cumulative": false
    },
    {
        "date": "2020-12-08T11:11:50.259Z",
        "value": "0.5754320621490479",
        "cumulative": false
    },
    {
        "date": "2020-12-08T11:11:51.621Z",
        "value": "0.3369867205619812",
        "cumulative": false
    },
    {
        "date": "2020-12-08T11:11:52.874Z",
        "value": "0.3776492476463318",
        "cumulative": false
    }
]