[
    {
        "date": "2020-12-08T11:10:31.755Z",
        "value": "0.3141486644744873",
        "cumulative": false
    },
    {
        "date": "2020-12-08T11:10:37.547Z",
        "value": "0.3555278778076172",
        "cumulative": false
    },
    {
        "date": "2020-12-08T11:10:43.558Z",
        "value": "0.29570579528808594",
        "cumulative": false
    },
    {
        "date": "2020-12-08T11:10:49.208Z",
        "value": "0.3556976318359375",
        "cumulative": false
    },
    {
        "date": "2020-12-08T11:10:55.234Z",
        "value": "0.3101997375488281",
        "cumulative": false
    },
    {
        "date": "2020-12-08T11:11:00.958Z",
        "value": "0.3109617233276367",
        "cumulative": false
    },
    {
        "date": "2020-12-08T11:11:06.814Z",
        "value": "0.31427669525146484",
        "cumulative": false
    },
    {
        "date": "2020-12-08T11:11:12.642Z",
        "value": "0.3076329231262207",
        "cumulative": false
    },
    {
        "date": "2020-12-08T11:11:18.595Z",
        "value": "0.32776498794555664",
        "cumulative": false
    },
    {
        "date": "2020-12-08T11:11:24.525Z",
        "value": "0.307706356048584",
        "cumulative": false
    },
    {
        "date": "2020-12-08T11:11:30.426Z",
        "value": "0.31453466415405273",
        "cumulative": false
    },
    {
        "date": "2020-12-08T11:11:36.241Z",
        "value": "0.31037425994873047",
        "cumulative": false
    },
    {
        "date": "2020-12-08T11:11:41.934Z",
        "value": "0.30363011360168457",
        "cumulative": false
    },
    {
        "date": "2020-12-08T11:11:47.935Z",
        "value": "0.29831695556640625",
        "cumulative": false
    },
    {
        "date": "2020-12-08T11:11:54.065Z",
        "value": "0.29851341247558594",
        "cumulative": false
    }
]