[
    {
        "date": "2020-12-08T11:10:31.755Z",
        "value": "1.4080612659454346",
        "cumulative": false
    },
    {
        "date": "2020-12-08T11:10:37.547Z",
        "value": "1.3366711139678955",
        "cumulative": false
    },
    {
        "date": "2020-12-08T11:10:43.558Z",
        "value": "1.3259942531585693",
        "cumulative": false
    },
    {
        "date": "2020-12-08T11:10:49.208Z",
        "value": "1.4035217761993408",
        "cumulative": false
    },
    {
        "date": "2020-12-08T11:10:55.234Z",
        "value": "1.3651928901672363",
        "cumulative": false
    },
    {
        "date": "2020-12-08T11:11:00.958Z",
        "value": "1.4505910873413086",
        "cumulative": false
    },
    {
        "date": "2020-12-08T11:11:06.814Z",
        "value": "1.4445900917053223",
        "cumulative": false
    },
    {
        "date": "2020-12-08T11:11:12.642Z",
        "value": "1.4567022323608398",
        "cumulative": false
    },
    {
        "date": "2020-12-08T11:11:18.595Z",
        "value": "1.6737000942230225",
        "cumulative": false
    },
    {
        "date": "2020-12-08T11:11:24.526Z",
        "value": "1.2056653499603271",
        "cumulative": false
    },
    {
        "date": "2020-12-08T11:11:30.427Z",
        "value": "1.186107873916626",
        "cumulative": false
    },
    {
        "date": "2020-12-08T11:11:36.241Z",
        "value": "1.4075217247009277",
        "cumulative": false
    },
    {
        "date": "2020-12-08T11:11:41.934Z",
        "value": "1.2654695510864258",
        "cumulative": false
    },
    {
        "date": "2020-12-08T11:11:47.935Z",
        "value": "1.4014668464660645",
        "cumulative": false
    },
    {
        "date": "2020-12-08T11:11:54.065Z",
        "value": "1.6876373291015625",
        "cumulative": false
    }
]