[
    {
        "date": "2020-12-08T11:10:31.756Z",
        "value": "1.0800364017486572",
        "cumulative": false
    },
    {
        "date": "2020-12-08T11:10:37.542Z",
        "value": "1.0767161846160889",
        "cumulative": false
    },
    {
        "date": "2020-12-08T11:10:43.547Z",
        "value": "1.0999116897583008",
        "cumulative": false
    },
    {
        "date": "2020-12-08T11:10:49.205Z",
        "value": "1.217637538909912",
        "cumulative": false
    },
    {
        "date": "2020-12-08T11:10:55.219Z",
        "value": "1.099090576171875",
        "cumulative": false
    },
    {
        "date": "2020-12-08T11:11:00.939Z",
        "value": "1.0310232639312744",
        "cumulative": false
    },
    {
        "date": "2020-12-08T11:11:06.795Z",
        "value": "1.0284769535064697",
        "cumulative": false
    },
    {
        "date": "2020-12-08T11:11:12.625Z",
        "value": "1.0648763179779053",
        "cumulative": false
    },
    {
        "date": "2020-12-08T11:11:18.577Z",
        "value": "1.1508557796478271",
        "cumulative": false
    },
    {
        "date": "2020-12-08T11:11:24.510Z",
        "value": "0.9867367744445801",
        "cumulative": false
    },
    {
        "date": "2020-12-08T11:11:30.414Z",
        "value": "1.2103617191314697",
        "cumulative": false
    },
    {
        "date": "2020-12-08T11:11:36.215Z",
        "value": "1.0845153331756592",
        "cumulative": false
    },
    {
        "date": "2020-12-08T11:11:41.913Z",
        "value": "1.1012442111968994",
        "cumulative": false
    },
    {
        "date": "2020-12-08T11:11:47.916Z",
        "value": "1.0394248962402344",
        "cumulative": false
    },
    {
        "date": "2020-12-08T11:11:54.048Z",
        "value": "1.1522467136383057",
        "cumulative": false
    }
]