[
    {
        "date": "2020-11-22T17:13:04.582Z",
        "value": "11.127053905443756",
        "cumulative": false
    },
    {
        "date": "2020-11-22T17:13:58.393Z",
        "value": "10.07303253282764",
        "cumulative": false
    },
    {
        "date": "2020-11-22T17:14:47.427Z",
        "value": "9.116566005864355",
        "cumulative": false
    },
    {
        "date": "2020-11-22T17:15:39.852Z",
        "value": "8.419547303082192",
        "cumulative": false
    },
    {
        "date": "2020-11-22T17:16:28.255Z",
        "value": "8.33397582659372",
        "cumulative": false
    },
    {
        "date": "2020-11-22T17:17:22.250Z",
        "value": "7.991775992531447",
        "cumulative": false
    },
    {
        "date": "2020-11-22T17:18:12.694Z",
        "value": "7.765145787512219",
        "cumulative": false
    },
    {
        "date": "2020-11-22T17:19:05.417Z",
        "value": "7.417459103021318",
        "cumulative": false
    },
    {
        "date": "2020-11-22T17:19:56.055Z",
        "value": "7.7360384031329925",
        "cumulative": false
    },
    {
        "date": "2020-11-22T17:20:48.005Z",
        "value": "7.684071541661493",
        "cumulative": false
    },
    {
        "date": "2020-11-22T17:21:38.470Z",
        "value": "7.13736021752451",
        "cumulative": false
    },
    {
        "date": "2020-11-22T17:22:31.947Z",
        "value": "6.9890625",
        "cumulative": false
    },
    {
        "date": "2020-11-22T17:23:22.764Z",
        "value": "6.954637384317952",
        "cumulative": false
    },
    {
        "date": "2020-11-22T17:24:17.452Z",
        "value": "7.166743731257891",
        "cumulative": false
    },
    {
        "date": "2020-11-22T17:25:07.459Z",
        "value": "6.938462668318089",
        "cumulative": false
    },
    {
        "date": "2020-11-22T17:26:00.419Z",
        "value": "6.771490598192402",
        "cumulative": false
    },
    {
        "date": "2020-11-22T17:26:51.031Z",
        "value": "6.778093405330883",
        "cumulative": false
    },
    {
        "date": "2020-11-22T17:27:43.173Z",
        "value": "6.897078760620494",
        "cumulative": false
    },
    {
        "date": "2020-11-22T17:28:34.083Z",
        "value": "6.270633820564516",
        "cumulative": false
    },
    {
        "date": "2020-11-22T17:29:25.731Z",
        "value": "6.691175182907846",
        "cumulative": false
    },
    {
        "date": "2020-11-22T17:30:16.094Z",
        "value": "6.0720575968424475",
        "cumulative": false
    },
    {
        "date": "2020-11-22T17:31:08.430Z",
        "value": "6.8863088292845545",
        "cumulative": false
    },
    {
        "date": "2020-11-22T17:31:57.158Z",
        "value": "5.990129697712418",
        "cumulative": false
    },
    {
        "date": "2020-11-22T17:32:51.518Z",
        "value": "4.597636037922113",
        "cumulative": false
    },
    {
        "date": "2020-11-22T17:33:41.972Z",
        "value": "5.624250051346056",
        "cumulative": false
    },
    {
        "date": "2020-11-22T17:34:32.661Z",
        "value": "6.240709769061583",
        "cumulative": false
    },
    {
        "date": "2020-11-22T17:35:22.559Z",
        "value": "5.54845805413167",
        "cumulative": false
    },
    {
        "date": "2020-11-22T17:36:15.109Z",
        "value": "4.90666482300885",
        "cumulative": false
    },
    {
        "date": "2020-11-22T17:37:15.231Z",
        "value": "4.779559697911244",
        "cumulative": false
    },
    {
        "date": "2020-11-22T17:38:07.162Z",
        "value": "5.01898453346856",
        "cumulative": false
    },
    {
        "date": "2020-11-22T17:38:57.500Z",
        "value": "5.336823204700716",
        "cumulative": false
    },
    {
        "date": "2020-11-22T17:39:52.611Z",
        "value": "4.92164276567999",
        "cumulative": false
    },
    {
        "date": "2020-11-22T17:40:43.096Z",
        "value": "4.314332962036133",
        "cumulative": false
    },
    {
        "date": "2020-11-22T17:41:36.436Z",
        "value": "4.785666364964431",
        "cumulative": false
    },
    {
        "date": "2020-11-22T17:42:26.540Z",
        "value": "4.7094445997668855",
        "cumulative": false
    },
    {
        "date": "2020-11-22T17:43:16.384Z",
        "value": "4.5791806105455",
        "cumulative": false
    },
    {
        "date": "2020-11-22T17:44:05.671Z",
        "value": "4.831570255055147",
        "cumulative": false
    },
    {
        "date": "2020-11-22T17:44:57.697Z",
        "value": "4.531670450026511",
        "cumulative": false
    },
    {
        "date": "2020-11-22T17:45:47.619Z",
        "value": "5.262398781886328",
        "cumulative": false
    },
    {
        "date": "2020-11-22T17:46:41.089Z",
        "value": "4.100971775428921",
        "cumulative": false
    },
    {
        "date": "2020-11-22T17:47:30.266Z",
        "value": "4.446837940705128",
        "cumulative": false
    },
    {
        "date": "2020-11-22T17:48:21.350Z",
        "value": "4.24652293166953",
        "cumulative": false
    },
    {
        "date": "2020-11-22T17:49:11.701Z",
        "value": "4.235906862745098",
        "cumulative": false
    },
    {
        "date": "2020-11-22T17:50:04.460Z",
        "value": "3.895350933074951",
        "cumulative": false
    },
    {
        "date": "2020-11-22T17:50:55.382Z",
        "value": "3.7954014856037546",
        "cumulative": false
    },
    {
        "date": "2020-11-22T17:51:46.820Z",
        "value": "5.350796911851415",
        "cumulative": false
    },
    {
        "date": "2020-11-22T17:52:35.647Z",
        "value": "3.718487060173381",
        "cumulative": false
    },
    {
        "date": "2020-11-22T17:53:28.453Z",
        "value": "3.913758509743557",
        "cumulative": false
    },
    {
        "date": "2020-11-22T17:54:18.699Z",
        "value": "3.8967529296875",
        "cumulative": false
    },
    {
        "date": "2020-11-22T17:55:11.413Z",
        "value": "3.5578279011631593",
        "cumulative": false
    },
    {
        "date": "2020-11-22T17:55:59.517Z",
        "value": "5.809582066512036",
        "cumulative": false
    },
    {
        "date": "2020-11-22T17:56:52.850Z",
        "value": "4.383263494857295",
        "cumulative": false
    },
    {
        "date": "2020-11-22T17:57:43.556Z",
        "value": "3.810956992650692",
        "cumulative": false
    },
    {
        "date": "2020-11-22T17:58:34.108Z",
        "value": "4.059896677964453",
        "cumulative": false
    },
    {
        "date": "2020-11-22T17:59:22.471Z",
        "value": "4.2075987202567315",
        "cumulative": false
    },
    {
        "date": "2020-11-22T18:00:22.972Z",
        "value": "3.0203929227941178",
        "cumulative": false
    },
    {
        "date": "2020-11-22T18:01:10.984Z",
        "value": "3.546318287341939",
        "cumulative": false
    },
    {
        "date": "2020-11-22T18:02:03.617Z",
        "value": "3.9472411837805894",
        "cumulative": false
    },
    {
        "date": "2020-11-22T18:02:53.099Z",
        "value": "4.193539150146609",
        "cumulative": false
    },
    {
        "date": "2020-11-22T18:03:47.198Z",
        "value": "4.372247738183161",
        "cumulative": false
    },
    {
        "date": "2020-11-22T18:04:37.198Z",
        "value": "3.6507124700466123",
        "cumulative": false
    },
    {
        "date": "2020-11-22T18:05:28.892Z",
        "value": "3.7106325654644268",
        "cumulative": false
    },
    {
        "date": "2020-11-22T18:06:18.712Z",
        "value": "3.3638560236276174",
        "cumulative": false
    },
    {
        "date": "2020-11-22T18:07:10.564Z",
        "value": "3.64743695858781",
        "cumulative": false
    },
    {
        "date": "2020-11-22T18:07:58.599Z",
        "value": "3.64673388671875",
        "cumulative": false
    },
    {
        "date": "2020-11-22T18:08:49.581Z",
        "value": "3.489349695966749",
        "cumulative": false
    },
    {
        "date": "2020-11-22T18:09:37.689Z",
        "value": "3.855054189644608",
        "cumulative": false
    },
    {
        "date": "2020-11-22T18:10:28.449Z",
        "value": "5.397393152191963",
        "cumulative": false
    },
    {
        "date": "2020-11-22T18:11:17.036Z",
        "value": "3.32332093481924",
        "cumulative": false
    },
    {
        "date": "2020-11-22T18:12:08.521Z",
        "value": "3.2936506600215516",
        "cumulative": false
    },
    {
        "date": "2020-11-22T18:12:57.661Z",
        "value": "4.2547283496732025",
        "cumulative": false
    },
    {
        "date": "2020-11-22T18:13:51.163Z",
        "value": "4.957157019412879",
        "cumulative": false
    },
    {
        "date": "2020-11-22T18:14:40.669Z",
        "value": "3.1199757320998223",
        "cumulative": false
    },
    {
        "date": "2020-11-22T18:15:32.181Z",
        "value": "3.3307904440259177",
        "cumulative": false
    },
    {
        "date": "2020-11-22T18:16:22.153Z",
        "value": "3.7935437868023554",
        "cumulative": false
    },
    {
        "date": "2020-11-22T18:17:13.706Z",
        "value": "3.2505290965544873",
        "cumulative": false
    },
    {
        "date": "2020-11-22T18:18:02.453Z",
        "value": "3.372583437805773",
        "cumulative": false
    },
    {
        "date": "2020-11-22T18:18:54.210Z",
        "value": "3.350627878943531",
        "cumulative": false
    },
    {
        "date": "2020-11-22T18:19:43.623Z",
        "value": "3.444934205334596",
        "cumulative": false
    },
    {
        "date": "2020-11-22T18:20:36.648Z",
        "value": "3.4493543836805554",
        "cumulative": false
    },
    {
        "date": "2020-11-22T18:21:25.380Z",
        "value": "3.3618097174657535",
        "cumulative": false
    },
    {
        "date": "2020-11-22T18:22:17.582Z",
        "value": "3.2443890739889705",
        "cumulative": false
    },
    {
        "date": "2020-11-22T18:23:06.803Z",
        "value": "3.234675168991089",
        "cumulative": false
    },
    {
        "date": "2020-11-22T18:24:07.827Z",
        "value": "3.1963842928283563",
        "cumulative": false
    },
    {
        "date": "2020-11-22T18:24:56.674Z",
        "value": "4.90405145858076",
        "cumulative": false
    },
    {
        "date": "2020-11-22T18:25:47.240Z",
        "value": "3.0976089347188576",
        "cumulative": false
    },
    {
        "date": "2020-11-22T18:26:34.394Z",
        "value": "3.3325507944649795",
        "cumulative": false
    },
    {
        "date": "2020-11-22T18:27:24.469Z",
        "value": "3.0986124888863276",
        "cumulative": false
    },
    {
        "date": "2020-11-22T18:28:15.549Z",
        "value": "3.0631163708086784",
        "cumulative": false
    },
    {
        "date": "2020-11-22T18:29:06.343Z",
        "value": "3.7781239073426574",
        "cumulative": false
    },
    {
        "date": "2020-11-22T18:29:55.312Z",
        "value": "3.7741903686523437",
        "cumulative": false
    },
    {
        "date": "2020-11-22T18:30:47.666Z",
        "value": "4.524302164713542",
        "cumulative": false
    },
    {
        "date": "2020-11-22T18:31:08.463Z",
        "value": "3.136551202512255",
        "cumulative": false
    },
    {
        "date": "2020-11-22T18:32:02.957Z",
        "value": "4.399596327607088",
        "cumulative": false
    },
    {
        "date": "2020-11-22T18:32:51.748Z",
        "value": "3.9827948710798062",
        "cumulative": false
    },
    {
        "date": "2020-11-22T18:33:44.025Z",
        "value": "3.228154908420988",
        "cumulative": false
    },
    {
        "date": "2020-11-22T18:34:33.777Z",
        "value": "4.562308218363463",
        "cumulative": false
    },
    {
        "date": "2020-11-22T18:35:25.156Z",
        "value": "3.6625337804638365",
        "cumulative": false
    },
    {
        "date": "2020-11-22T18:36:14.045Z",
        "value": "3.1333437385447214",
        "cumulative": false
    },
    {
        "date": "2020-11-22T18:37:06.140Z",
        "value": "3.3536621328538225",
        "cumulative": false
    },
    {
        "date": "2020-11-22T18:37:56.027Z",
        "value": "3.7428218909846547",
        "cumulative": false
    },
    {
        "date": "2020-11-22T18:38:47.715Z",
        "value": "3.2142929556531725",
        "cumulative": false
    },
    {
        "date": "2020-11-22T18:39:36.004Z",
        "value": "3.1048988491881127",
        "cumulative": false
    },
    {
        "date": "2020-11-22T18:40:26.899Z",
        "value": "3.4606978273080067",
        "cumulative": false
    },
    {
        "date": "2020-11-22T18:41:16.141Z",
        "value": "3.060536227893636",
        "cumulative": false
    },
    {
        "date": "2020-11-22T18:42:07.893Z",
        "value": "3.9904649522569446",
        "cumulative": false
    },
    {
        "date": "2020-11-22T18:42:57.486Z",
        "value": "3.2494596155678352",
        "cumulative": false
    },
    {
        "date": "2020-11-22T18:43:51.754Z",
        "value": "3.3634531058517156",
        "cumulative": false
    },
    {
        "date": "2020-11-22T18:44:39.934Z",
        "value": "3.649614640778186",
        "cumulative": false
    },
    {
        "date": "2020-11-22T18:45:32.975Z",
        "value": "4.244407143087024",
        "cumulative": false
    },
    {
        "date": "2020-11-22T18:46:23.736Z",
        "value": "2.9287185668945312",
        "cumulative": false
    },
    {
        "date": "2020-11-22T18:47:15.085Z",
        "value": "4.042874498949253",
        "cumulative": false
    },
    {
        "date": "2020-11-22T18:48:04.567Z",
        "value": "3.0371676127115887",
        "cumulative": false
    },
    {
        "date": "2020-11-22T18:48:55.333Z",
        "value": "5.153132790758349",
        "cumulative": false
    },
    {
        "date": "2020-11-22T18:49:43.532Z",
        "value": "3.171177747140523",
        "cumulative": false
    },
    {
        "date": "2020-11-22T18:50:36.603Z",
        "value": "2.6429265173951526",
        "cumulative": false
    },
    {
        "date": "2020-11-22T18:51:26.710Z",
        "value": "3.059334811836451",
        "cumulative": false
    },
    {
        "date": "2020-11-22T18:52:18.400Z",
        "value": "4.578170343811095",
        "cumulative": false
    },
    {
        "date": "2020-11-22T18:53:06.288Z",
        "value": "3.042777200932559",
        "cumulative": false
    },
    {
        "date": "2020-11-22T18:53:58.795Z",
        "value": "2.956392883480826",
        "cumulative": false
    },
    {
        "date": "2020-11-22T18:54:54.465Z",
        "value": "2.8297835294931026",
        "cumulative": false
    },
    {
        "date": "2020-11-22T18:55:45.801Z",
        "value": "3.0361194417152637",
        "cumulative": false
    },
    {
        "date": "2020-11-22T18:56:34.434Z",
        "value": "3.564350830554652",
        "cumulative": false
    },
    {
        "date": "2020-11-22T18:57:27.979Z",
        "value": "2.91557766936903",
        "cumulative": false
    },
    {
        "date": "2020-11-22T18:58:17.497Z",
        "value": "2.803349256515503",
        "cumulative": false
    },
    {
        "date": "2020-11-22T18:59:10.329Z",
        "value": "2.99740699830094",
        "cumulative": false
    },
    {
        "date": "2020-11-22T18:59:59.906Z",
        "value": "3.2167390392672632",
        "cumulative": false
    },
    {
        "date": "2020-11-22T19:00:50.690Z",
        "value": "3.0685616594394167",
        "cumulative": false
    },
    {
        "date": "2020-11-22T19:01:39.437Z",
        "value": "3.519472847732843",
        "cumulative": false
    },
    {
        "date": "2020-11-22T19:02:30.075Z",
        "value": "3.1752002833377517",
        "cumulative": false
    },
    {
        "date": "2020-11-22T19:03:16.092Z",
        "value": "4.258652925011188",
        "cumulative": false
    },
    {
        "date": "2020-11-22T19:04:08.214Z",
        "value": "2.9220535577512257",
        "cumulative": false
    },
    {
        "date": "2020-11-22T19:04:57.404Z",
        "value": "3.0227979767628206",
        "cumulative": false
    },
    {
        "date": "2020-11-22T19:05:48.888Z",
        "value": "3.067538948946221",
        "cumulative": false
    },
    {
        "date": "2020-11-22T19:06:37.591Z",
        "value": "3.220745773451426",
        "cumulative": false
    },
    {
        "date": "2020-11-22T19:07:29.820Z",
        "value": "3.080568790435791",
        "cumulative": false
    },
    {
        "date": "2020-11-22T19:08:17.853Z",
        "value": "2.9499931625761033",
        "cumulative": false
    },
    {
        "date": "2020-11-22T19:09:09.830Z",
        "value": "4.533425615418632",
        "cumulative": false
    },
    {
        "date": "2020-11-22T19:10:00.614Z",
        "value": "2.8641766397883734",
        "cumulative": false
    },
    {
        "date": "2020-11-22T19:10:51.370Z",
        "value": "3.1048575460994035",
        "cumulative": false
    },
    {
        "date": "2020-11-22T19:11:39.395Z",
        "value": "3.0853347778320312",
        "cumulative": false
    },
    {
        "date": "2020-11-22T19:12:32.104Z",
        "value": "2.7810536475500762",
        "cumulative": false
    },
    {
        "date": "2020-11-22T19:13:19.825Z",
        "value": "5.058572200977934",
        "cumulative": false
    },
    {
        "date": "2020-11-22T19:14:12.989Z",
        "value": "3.589029824369971",
        "cumulative": false
    },
    {
        "date": "2020-11-22T19:15:00.666Z",
        "value": "3.0629728415266797",
        "cumulative": false
    },
    {
        "date": "2020-11-22T19:15:51.533Z",
        "value": "3.263086038855734",
        "cumulative": false
    },
    {
        "date": "2020-11-22T19:16:42.535Z",
        "value": "3.4158691100500937",
        "cumulative": false
    },
    {
        "date": "2020-11-22T19:17:43.621Z",
        "value": "2.561251106345316",
        "cumulative": false
    },
    {
        "date": "2020-11-22T19:18:31.980Z",
        "value": "2.912910228283061",
        "cumulative": false
    },
    {
        "date": "2020-11-22T19:19:25.181Z",
        "value": "3.2387421027704395",
        "cumulative": false
    },
    {
        "date": "2020-11-22T19:20:14.142Z",
        "value": "3.4764686284899287",
        "cumulative": false
    },
    {
        "date": "2020-11-22T19:21:07.132Z",
        "value": "3.690095030926883",
        "cumulative": false
    },
    {
        "date": "2020-11-22T19:21:56.905Z",
        "value": "3.0526143562893906",
        "cumulative": false
    },
    {
        "date": "2020-11-22T19:22:46.537Z",
        "value": "3.0544259896862647",
        "cumulative": false
    },
    {
        "date": "2020-11-22T19:23:37.470Z",
        "value": "2.869888936049802",
        "cumulative": false
    },
    {
        "date": "2020-11-22T19:24:30.576Z",
        "value": "2.981148436526237",
        "cumulative": false
    },
    {
        "date": "2020-11-22T19:25:20.158Z",
        "value": "3.068654541015625",
        "cumulative": false
    },
    {
        "date": "2020-11-22T19:26:10.760Z",
        "value": "2.9089199122536944",
        "cumulative": false
    },
    {
        "date": "2020-11-22T19:26:59.815Z",
        "value": "3.2477517520680146",
        "cumulative": false
    },
    {
        "date": "2020-11-22T19:27:51.042Z",
        "value": "4.829964608933909",
        "cumulative": false
    },
    {
        "date": "2020-11-22T19:28:42.799Z",
        "value": "2.7703139361213234",
        "cumulative": false
    },
    {
        "date": "2020-11-22T19:29:34.043Z",
        "value": "2.821680281757099",
        "cumulative": false
    },
    {
        "date": "2020-11-22T19:30:22.456Z",
        "value": "3.6782143586601306",
        "cumulative": false
    },
    {
        "date": "2020-11-22T19:31:12.490Z",
        "value": "4.3977679628314394",
        "cumulative": false
    },
    {
        "date": "2020-11-22T19:31:59.721Z",
        "value": "2.690857274226281",
        "cumulative": false
    },
    {
        "date": "2020-11-22T19:32:51.248Z",
        "value": "2.798405238560268",
        "cumulative": false
    },
    {
        "date": "2020-11-22T19:33:40.920Z",
        "value": "3.326826916922683",
        "cumulative": false
    },
    {
        "date": "2020-11-22T19:34:31.920Z",
        "value": "2.825841346153846",
        "cumulative": false
    },
    {
        "date": "2020-11-22T19:35:20.871Z",
        "value": "2.9553815091426126",
        "cumulative": false
    },
    {
        "date": "2020-11-22T19:36:13.428Z",
        "value": "2.8612064430341992",
        "cumulative": false
    },
    {
        "date": "2020-11-22T19:37:03.552Z",
        "value": "2.9806771326546717",
        "cumulative": false
    },
    {
        "date": "2020-11-22T19:37:54.459Z",
        "value": "2.9212854778955855",
        "cumulative": false
    },
    {
        "date": "2020-11-22T19:38:42.409Z",
        "value": "2.8589254181445694",
        "cumulative": false
    },
    {
        "date": "2020-11-22T19:39:33.383Z",
        "value": "2.844788674747243",
        "cumulative": false
    },
    {
        "date": "2020-11-22T19:40:22.863Z",
        "value": "2.8512983322143555",
        "cumulative": false
    },
    {
        "date": "2020-11-22T19:41:26.351Z",
        "value": "2.7866974844741015",
        "cumulative": false
    },
    {
        "date": "2020-11-22T19:42:16.106Z",
        "value": "4.562495360748218",
        "cumulative": false
    },
    {
        "date": "2020-11-22T19:43:08.290Z",
        "value": "2.7312594132506693",
        "cumulative": false
    },
    {
        "date": "2020-11-22T19:43:57.344Z",
        "value": "2.898682711283047",
        "cumulative": false
    },
    {
        "date": "2020-11-22T19:44:50.109Z",
        "value": "2.7372630112289253",
        "cumulative": false
    },
    {
        "date": "2020-11-22T19:45:39.876Z",
        "value": "2.7162580320821004",
        "cumulative": false
    },
    {
        "date": "2020-11-22T19:46:32.114Z",
        "value": "3.323711756993007",
        "cumulative": false
    },
    {
        "date": "2020-11-22T19:47:20.242Z",
        "value": "3.354991455078125",
        "cumulative": false
    },
    {
        "date": "2020-11-22T19:48:12.072Z",
        "value": "4.0982477097284224",
        "cumulative": false
    },
    {
        "date": "2020-11-22T19:48:44.758Z",
        "value": "2.805228187080753",
        "cumulative": false
    },
    {
        "date": "2020-11-22T19:49:37.933Z",
        "value": "3.9219496988143803",
        "cumulative": false
    },
    {
        "date": "2020-11-22T19:50:26.633Z",
        "value": "3.5337235267401836",
        "cumulative": false
    },
    {
        "date": "2020-11-22T19:51:17.500Z",
        "value": "2.891104203614237",
        "cumulative": false
    },
    {
        "date": "2020-11-22T19:52:06.329Z",
        "value": "4.157286215509039",
        "cumulative": false
    },
    {
        "date": "2020-11-22T19:52:58.542Z",
        "value": "3.306360861340409",
        "cumulative": false
    },
    {
        "date": "2020-11-22T19:53:46.163Z",
        "value": "2.830689311843231",
        "cumulative": false
    },
    {
        "date": "2020-11-22T19:54:39.333Z",
        "value": "3.05199807911925",
        "cumulative": false
    },
    {
        "date": "2020-11-22T19:55:26.247Z",
        "value": "3.3895597726182864",
        "cumulative": false
    },
    {
        "date": "2020-11-22T19:56:17.595Z",
        "value": "2.8617785103377624",
        "cumulative": false
    },
    {
        "date": "2020-11-22T19:57:07.811Z",
        "value": "2.810031546798407",
        "cumulative": false
    },
    {
        "date": "2020-11-22T19:57:59.120Z",
        "value": "3.185260927287582",
        "cumulative": false
    },
    {
        "date": "2020-11-22T19:58:48.269Z",
        "value": "2.7844906820486814",
        "cumulative": false
    },
    {
        "date": "2020-11-22T19:59:39.422Z",
        "value": "3.6229531644570705",
        "cumulative": false
    },
    {
        "date": "2020-11-22T20:00:27.805Z",
        "value": "2.956895781726372",
        "cumulative": false
    },
    {
        "date": "2020-11-22T20:01:18.376Z",
        "value": "3.0686298445159315",
        "cumulative": false
    },
    {
        "date": "2020-11-22T20:02:08.858Z",
        "value": "3.3137810202205884",
        "cumulative": false
    },
    {
        "date": "2020-11-22T20:02:59.383Z",
        "value": "3.896013191136715",
        "cumulative": false
    },
    {
        "date": "2020-11-22T20:03:46.560Z",
        "value": "2.6777791669291835",
        "cumulative": false
    },
    {
        "date": "2020-11-22T20:04:36.958Z",
        "value": "3.668967203066625",
        "cumulative": false
    },
    {
        "date": "2020-11-22T20:05:25.869Z",
        "value": "2.7849472045898436",
        "cumulative": false
    },
    {
        "date": "2020-11-22T20:06:18.591Z",
        "value": "4.839028438079778",
        "cumulative": false
    },
    {
        "date": "2020-11-22T20:07:09.253Z",
        "value": "2.896076644199346",
        "cumulative": false
    },
    {
        "date": "2020-11-22T20:08:01.144Z",
        "value": "2.477631080644063",
        "cumulative": false
    },
    {
        "date": "2020-11-22T20:08:49.898Z",
        "value": "2.780087308044742",
        "cumulative": false
    },
    {
        "date": "2020-11-22T20:09:40.578Z",
        "value": "4.277170966214565",
        "cumulative": false
    },
    {
        "date": "2020-11-22T20:10:28.728Z",
        "value": "2.7911873919219365",
        "cumulative": false
    },
    {
        "date": "2020-11-22T20:11:21.839Z",
        "value": "2.7290318491887904",
        "cumulative": false
    },
    {
        "date": "2020-11-22T20:12:20.186Z",
        "value": "2.6279215537155127",
        "cumulative": false
    },
    {
        "date": "2020-11-22T20:13:11.883Z",
        "value": "2.814014365174949",
        "cumulative": false
    },
    {
        "date": "2020-11-22T20:13:58.362Z",
        "value": "3.2999381150374107",
        "cumulative": false
    },
    {
        "date": "2020-11-22T20:14:51.023Z",
        "value": "2.70080756661639",
        "cumulative": false
    },
    {
        "date": "2020-11-22T20:15:40.165Z",
        "value": "2.6252169609069824",
        "cumulative": false
    },
    {
        "date": "2020-11-22T20:16:32.453Z",
        "value": "2.7792338549606197",
        "cumulative": false
    },
    {
        "date": "2020-11-22T20:17:20.527Z",
        "value": "2.9735299387285785",
        "cumulative": false
    },
    {
        "date": "2020-11-22T20:18:10.368Z",
        "value": "2.8477203231052037",
        "cumulative": false
    },
    {
        "date": "2020-11-22T20:19:00.027Z",
        "value": "3.265459367340686",
        "cumulative": false
    },
    {
        "date": "2020-11-22T20:19:51.137Z",
        "value": "2.9375233008019617",
        "cumulative": false
    },
    {
        "date": "2020-11-22T20:20:39.250Z",
        "value": "4.040353511691654",
        "cumulative": false
    },
    {
        "date": "2020-11-22T20:21:30.254Z",
        "value": "2.733257697610294",
        "cumulative": false
    },
    {
        "date": "2020-11-22T20:22:19.249Z",
        "value": "2.7946048677884616",
        "cumulative": false
    },
    {
        "date": "2020-11-22T20:23:10.792Z",
        "value": "2.854754393498943",
        "cumulative": false
    },
    {
        "date": "2020-11-22T20:23:59.247Z",
        "value": "3.0009722106172014",
        "cumulative": false
    },
    {
        "date": "2020-11-22T20:24:50.689Z",
        "value": "2.905500888824463",
        "cumulative": false
    },
    {
        "date": "2020-11-22T20:25:37.190Z",
        "value": "2.7649095478183665",
        "cumulative": false
    },
    {
        "date": "2020-11-22T20:26:29.525Z",
        "value": "4.312920566774764",
        "cumulative": false
    },
    {
        "date": "2020-11-22T20:27:18.400Z",
        "value": "2.667420709698496",
        "cumulative": false
    },
    {
        "date": "2020-11-22T20:28:10.357Z",
        "value": "2.9189952750095216",
        "cumulative": false
    },
    {
        "date": "2020-11-22T20:28:58.543Z",
        "value": "2.881514485677083",
        "cumulative": false
    },
    {
        "date": "2020-11-22T20:29:50.685Z",
        "value": "2.607537259920132",
        "cumulative": false
    },
    {
        "date": "2020-11-22T20:30:38.658Z",
        "value": "4.7880389214518555",
        "cumulative": false
    },
    {
        "date": "2020-11-22T20:31:29.418Z",
        "value": "3.3561083265333234",
        "cumulative": false
    },
    {
        "date": "2020-11-22T20:32:16.119Z",
        "value": "2.884678776556324",
        "cumulative": false
    },
    {
        "date": "2020-11-22T20:33:09.681Z",
        "value": "3.0545866510443695",
        "cumulative": false
    },
    {
        "date": "2020-11-22T20:33:57.510Z",
        "value": "3.186143452567314",
        "cumulative": false
    },
    {
        "date": "2020-11-22T20:34:57.495Z",
        "value": "2.434948491115196",
        "cumulative": false
    },
    {
        "date": "2020-11-22T20:35:45.121Z",
        "value": "2.741724944843256",
        "cumulative": false
    },
    {
        "date": "2020-11-22T20:36:36.425Z",
        "value": "3.037003734618326",
        "cumulative": false
    },
    {
        "date": "2020-11-22T20:37:26.026Z",
        "value": "3.2740201507521673",
        "cumulative": false
    },
    {
        "date": "2020-11-22T20:38:15.998Z",
        "value": "3.4718787504615953",
        "cumulative": false
    },
    {
        "date": "2020-11-22T20:39:05.267Z",
        "value": "2.871562541032038",
        "cumulative": false
    },
    {
        "date": "2020-11-22T20:39:58.334Z",
        "value": "2.8762940418107705",
        "cumulative": false
    },
    {
        "date": "2020-11-22T20:40:47.254Z",
        "value": "2.7418227398132426",
        "cumulative": false
    },
    {
        "date": "2020-11-22T20:41:38.862Z",
        "value": "2.786081568225726",
        "cumulative": false
    },
    {
        "date": "2020-11-22T20:42:25.302Z",
        "value": "2.89039404296875",
        "cumulative": false
    },
    {
        "date": "2020-11-22T20:43:14.394Z",
        "value": "2.725044258004926",
        "cumulative": false
    },
    {
        "date": "2020-11-22T20:44:03.045Z",
        "value": "3.0905656403186272",
        "cumulative": false
    },
    {
        "date": "2020-11-22T20:44:53.533Z",
        "value": "4.622099826677184",
        "cumulative": false
    },
    {
        "date": "2020-11-22T20:45:41.361Z",
        "value": "2.643058028875613",
        "cumulative": false
    },
    {
        "date": "2020-11-22T20:46:30.402Z",
        "value": "2.6684644594637423",
        "cumulative": false
    },
    {
        "date": "2020-11-22T20:47:18.478Z",
        "value": "3.499802453533497",
        "cumulative": false
    },
    {
        "date": "2020-11-22T20:48:09.882Z",
        "value": "4.156376591435185",
        "cumulative": false
    },
    {
        "date": "2020-11-22T20:49:00.170Z",
        "value": "2.5504502790461694",
        "cumulative": false
    },
    {
        "date": "2020-11-22T20:49:51.664Z",
        "value": "2.6543816460503473",
        "cumulative": false
    },
    {
        "date": "2020-11-22T20:50:40.320Z",
        "value": "3.16724370359703",
        "cumulative": false
    },
    {
        "date": "2020-11-22T20:51:31.645Z",
        "value": "2.7028260216346154",
        "cumulative": false
    },
    {
        "date": "2020-11-22T20:52:19.484Z",
        "value": "2.8164975041279354",
        "cumulative": false
    },
    {
        "date": "2020-11-22T20:53:12.250Z",
        "value": "2.7192362100676033",
        "cumulative": false
    },
    {
        "date": "2020-11-22T20:54:02.951Z",
        "value": "2.8417773930713386",
        "cumulative": false
    },
    {
        "date": "2020-11-22T20:54:55.235Z",
        "value": "2.765715099516369",
        "cumulative": false
    },
    {
        "date": "2020-11-22T20:55:44.126Z",
        "value": "2.70900014142001",
        "cumulative": false
    },
    {
        "date": "2020-11-22T20:56:33.993Z",
        "value": "2.7305418126723344",
        "cumulative": false
    },
    {
        "date": "2020-11-22T20:57:21.142Z",
        "value": "2.72524356842041",
        "cumulative": false
    }
]