[
    {
        "date": "2020-11-22T17:13:04.648Z",
        "value": "11.159141820790817",
        "cumulative": false
    },
    {
        "date": "2020-11-22T17:13:58.395Z",
        "value": "9.886469822303921",
        "cumulative": false
    },
    {
        "date": "2020-11-22T17:14:47.342Z",
        "value": "8.806439961472602",
        "cumulative": false
    },
    {
        "date": "2020-11-22T17:15:39.851Z",
        "value": "8.733228739754098",
        "cumulative": false
    },
    {
        "date": "2020-11-22T17:16:28.304Z",
        "value": "8.192461330087939",
        "cumulative": false
    },
    {
        "date": "2020-11-22T17:17:22.254Z",
        "value": "7.845769882202148",
        "cumulative": false
    },
    {
        "date": "2020-11-22T17:18:12.709Z",
        "value": "7.888063438265932",
        "cumulative": false
    },
    {
        "date": "2020-11-22T17:19:05.418Z",
        "value": "7.98832876892999",
        "cumulative": false
    },
    {
        "date": "2020-11-22T17:19:56.054Z",
        "value": "7.580000048232752",
        "cumulative": false
    },
    {
        "date": "2020-11-22T17:20:48.020Z",
        "value": "8.025844147245763",
        "cumulative": false
    },
    {
        "date": "2020-11-22T17:21:38.390Z",
        "value": "7.042841998525073",
        "cumulative": false
    },
    {
        "date": "2020-11-22T17:22:31.947Z",
        "value": "7.009548491081305",
        "cumulative": false
    },
    {
        "date": "2020-11-22T17:23:22.667Z",
        "value": "7.223613260112283",
        "cumulative": false
    },
    {
        "date": "2020-11-22T17:24:17.255Z",
        "value": "6.934306066176471",
        "cumulative": false
    },
    {
        "date": "2020-11-22T17:25:07.379Z",
        "value": "6.880363772347174",
        "cumulative": false
    },
    {
        "date": "2020-11-22T17:26:00.420Z",
        "value": "6.505909307399214",
        "cumulative": false
    },
    {
        "date": "2020-11-22T17:26:51.013Z",
        "value": "6.624773341049383",
        "cumulative": false
    },
    {
        "date": "2020-11-22T17:27:43.175Z",
        "value": "6.663572157930565",
        "cumulative": false
    },
    {
        "date": "2020-11-22T17:28:34.001Z",
        "value": "6.546144066787347",
        "cumulative": false
    },
    {
        "date": "2020-11-22T17:29:25.737Z",
        "value": "6.1784594481605355",
        "cumulative": false
    },
    {
        "date": "2020-11-22T17:30:16.013Z",
        "value": "6.134502685173381",
        "cumulative": false
    },
    {
        "date": "2020-11-22T17:31:08.433Z",
        "value": "7.062037647332506",
        "cumulative": false
    },
    {
        "date": "2020-11-22T17:31:57.309Z",
        "value": "6.041498640471814",
        "cumulative": false
    },
    {
        "date": "2020-11-22T17:32:51.512Z",
        "value": "6.292046817780022",
        "cumulative": false
    },
    {
        "date": "2020-11-22T17:33:41.868Z",
        "value": "5.586046750142694",
        "cumulative": false
    },
    {
        "date": "2020-11-22T17:34:32.655Z",
        "value": "5.22260763792865",
        "cumulative": false
    },
    {
        "date": "2020-11-22T17:35:22.507Z",
        "value": "5.84664223820059",
        "cumulative": false
    },
    {
        "date": "2020-11-22T17:36:15.112Z",
        "value": "6.3881966591474795",
        "cumulative": false
    },
    {
        "date": "2020-11-22T17:37:15.192Z",
        "value": "4.7601118087768555",
        "cumulative": false
    },
    {
        "date": "2020-11-22T17:38:07.163Z",
        "value": "5.299469478546627",
        "cumulative": false
    },
    {
        "date": "2020-11-22T17:38:57.485Z",
        "value": "4.652223587036133",
        "cumulative": false
    },
    {
        "date": "2020-11-22T17:39:52.614Z",
        "value": "5.67677129561144",
        "cumulative": false
    },
    {
        "date": "2020-11-22T17:40:43.007Z",
        "value": "4.726868571475367",
        "cumulative": false
    },
    {
        "date": "2020-11-22T17:41:36.442Z",
        "value": "4.858267656402737",
        "cumulative": false
    },
    {
        "date": "2020-11-22T17:42:26.578Z",
        "value": "5.063736444262638",
        "cumulative": false
    },
    {
        "date": "2020-11-22T17:43:16.388Z",
        "value": "4.887303908586739",
        "cumulative": false
    },
    {
        "date": "2020-11-22T17:44:05.674Z",
        "value": "4.305040522593446",
        "cumulative": false
    },
    {
        "date": "2020-11-22T17:44:57.693Z",
        "value": "4.409708913485607",
        "cumulative": false
    },
    {
        "date": "2020-11-22T17:45:47.558Z",
        "value": "5.602219000808577",
        "cumulative": false
    },
    {
        "date": "2020-11-22T17:46:41.090Z",
        "value": "4.92334020357406",
        "cumulative": false
    },
    {
        "date": "2020-11-22T17:47:30.224Z",
        "value": "4.182888508312808",
        "cumulative": false
    },
    {
        "date": "2020-11-22T17:48:21.354Z",
        "value": "5.090203477828939",
        "cumulative": false
    },
    {
        "date": "2020-11-22T17:49:11.663Z",
        "value": "3.9959064606697328",
        "cumulative": false
    },
    {
        "date": "2020-11-22T17:50:04.458Z",
        "value": "4.605391777886284",
        "cumulative": false
    },
    {
        "date": "2020-11-22T17:50:55.304Z",
        "value": "3.706027917011985",
        "cumulative": false
    },
    {
        "date": "2020-11-22T17:51:46.874Z",
        "value": "3.852809932108382",
        "cumulative": false
    },
    {
        "date": "2020-11-22T17:52:35.565Z",
        "value": "3.958575489075203",
        "cumulative": false
    },
    {
        "date": "2020-11-22T17:53:28.458Z",
        "value": "3.8295030643473296",
        "cumulative": false
    },
    {
        "date": "2020-11-22T17:54:18.624Z",
        "value": "3.7936878505864353",
        "cumulative": false
    },
    {
        "date": "2020-11-22T17:55:11.421Z",
        "value": "5.675995913143989",
        "cumulative": false
    },
    {
        "date": "2020-11-22T17:55:59.582Z",
        "value": "3.6496600526751894",
        "cumulative": false
    },
    {
        "date": "2020-11-22T17:56:52.848Z",
        "value": "3.5804905150293256",
        "cumulative": false
    },
    {
        "date": "2020-11-22T17:57:43.517Z",
        "value": "3.5929589395557113",
        "cumulative": false
    },
    {
        "date": "2020-11-22T17:58:34.113Z",
        "value": "3.96450164858368",
        "cumulative": false
    },
    {
        "date": "2020-11-22T17:59:22.441Z",
        "value": "3.5030460357666016",
        "cumulative": false
    },
    {
        "date": "2020-11-22T18:00:22.982Z",
        "value": "3.554644979545127",
        "cumulative": false
    },
    {
        "date": "2020-11-22T18:01:10.960Z",
        "value": "3.8291258403094877",
        "cumulative": false
    },
    {
        "date": "2020-11-22T18:02:03.603Z",
        "value": "4.231851900540866",
        "cumulative": false
    },
    {
        "date": "2020-11-22T18:02:53.060Z",
        "value": "4.191745662861663",
        "cumulative": false
    },
    {
        "date": "2020-11-22T18:03:47.215Z",
        "value": "4.393107674104124",
        "cumulative": false
    },
    {
        "date": "2020-11-22T18:04:37.126Z",
        "value": "3.7456019810267858",
        "cumulative": false
    },
    {
        "date": "2020-11-22T18:05:28.892Z",
        "value": "4.806984812583349",
        "cumulative": false
    },
    {
        "date": "2020-11-22T18:06:18.659Z",
        "value": "2.66719388961792",
        "cumulative": false
    },
    {
        "date": "2020-11-22T18:07:10.575Z",
        "value": "3.5757341384887695",
        "cumulative": false
    },
    {
        "date": "2020-11-22T18:07:58.578Z",
        "value": "3.4073269635262573",
        "cumulative": false
    },
    {
        "date": "2020-11-22T18:08:49.584Z",
        "value": "4.377187003604594",
        "cumulative": false
    },
    {
        "date": "2020-11-22T18:09:37.637Z",
        "value": "4.415605900419805",
        "cumulative": false
    },
    {
        "date": "2020-11-22T18:10:28.456Z",
        "value": "3.856387433007566",
        "cumulative": false
    },
    {
        "date": "2020-11-22T18:11:17.016Z",
        "value": "3.0915321499693627",
        "cumulative": false
    },
    {
        "date": "2020-11-22T18:12:08.531Z",
        "value": "3.398353638687754",
        "cumulative": false
    },
    {
        "date": "2020-11-22T18:12:57.567Z",
        "value": "4.976153684129902",
        "cumulative": false
    },
    {
        "date": "2020-11-22T18:13:51.169Z",
        "value": "3.3616972155448717",
        "cumulative": false
    },
    {
        "date": "2020-11-22T18:14:40.527Z",
        "value": "4.025719009652981",
        "cumulative": false
    },
    {
        "date": "2020-11-22T18:15:32.198Z",
        "value": "4.812105292813512",
        "cumulative": false
    },
    {
        "date": "2020-11-22T18:16:22.144Z",
        "value": "3.4395816578584557",
        "cumulative": false
    },
    {
        "date": "2020-11-22T18:17:13.708Z",
        "value": "3.758486793154762",
        "cumulative": false
    },
    {
        "date": "2020-11-22T18:18:02.410Z",
        "value": "3.218070342018262",
        "cumulative": false
    },
    {
        "date": "2020-11-22T18:18:54.221Z",
        "value": "4.685771166793699",
        "cumulative": false
    },
    {
        "date": "2020-11-22T18:19:43.614Z",
        "value": "3.1838792682731696",
        "cumulative": false
    },
    {
        "date": "2020-11-22T18:20:36.652Z",
        "value": "3.3950197834613896",
        "cumulative": false
    },
    {
        "date": "2020-11-22T18:21:25.372Z",
        "value": "3.546471284093689",
        "cumulative": false
    },
    {
        "date": "2020-11-22T18:22:17.574Z",
        "value": "4.759606694240196",
        "cumulative": false
    },
    {
        "date": "2020-11-22T18:23:06.773Z",
        "value": "3.4614214728860295",
        "cumulative": false
    },
    {
        "date": "2020-11-22T18:24:07.827Z",
        "value": "3.5652812302714647",
        "cumulative": false
    },
    {
        "date": "2020-11-22T18:24:56.840Z",
        "value": "3.345398675827753",
        "cumulative": false
    },
    {
        "date": "2020-11-22T18:25:47.237Z",
        "value": "5.117327685499515",
        "cumulative": false
    },
    {
        "date": "2020-11-22T18:26:34.357Z",
        "value": "3.277197758838384",
        "cumulative": false
    },
    {
        "date": "2020-11-22T18:27:24.474Z",
        "value": "3.0458535587086395",
        "cumulative": false
    },
    {
        "date": "2020-11-22T18:28:15.418Z",
        "value": "4.099628275417871",
        "cumulative": false
    },
    {
        "date": "2020-11-22T18:29:06.326Z",
        "value": "5.512783513416312",
        "cumulative": false
    },
    {
        "date": "2020-11-22T18:29:55.307Z",
        "value": "4.121062592860494",
        "cumulative": false
    },
    {
        "date": "2020-11-22T18:30:47.678Z",
        "value": "2.9716209998497596",
        "cumulative": false
    },
    {
        "date": "2020-11-22T18:31:08.564Z",
        "value": "3.3276147959183673",
        "cumulative": false
    },
    {
        "date": "2020-11-22T18:32:02.946Z",
        "value": "2.9119490081188726",
        "cumulative": false
    },
    {
        "date": "2020-11-22T18:32:51.688Z",
        "value": "3.326162510702055",
        "cumulative": false
    },
    {
        "date": "2020-11-22T18:33:44.034Z",
        "value": "5.2296875",
        "cumulative": false
    },
    {
        "date": "2020-11-22T18:34:33.837Z",
        "value": "3.230542850973618",
        "cumulative": false
    },
    {
        "date": "2020-11-22T18:35:25.168Z",
        "value": "3.0905935764312744",
        "cumulative": false
    },
    {
        "date": "2020-11-22T18:36:13.895Z",
        "value": "3.139557004442402",
        "cumulative": false
    },
    {
        "date": "2020-11-22T18:37:06.132Z",
        "value": "4.087193842322493",
        "cumulative": false
    },
    {
        "date": "2020-11-22T18:37:56.019Z",
        "value": "3.4615615112285845",
        "cumulative": false
    },
    {
        "date": "2020-11-22T18:38:47.722Z",
        "value": "5.1208450576006355",
        "cumulative": false
    },
    {
        "date": "2020-11-22T18:39:35.923Z",
        "value": "3.0621574829461653",
        "cumulative": false
    },
    {
        "date": "2020-11-22T18:40:26.891Z",
        "value": "2.9809132803857854",
        "cumulative": false
    },
    {
        "date": "2020-11-22T18:41:16.078Z",
        "value": "3.4066997049174783",
        "cumulative": false
    },
    {
        "date": "2020-11-22T18:42:07.893Z",
        "value": "3.144324448529412",
        "cumulative": false
    },
    {
        "date": "2020-11-22T18:42:57.409Z",
        "value": "3.349038305579585",
        "cumulative": false
    },
    {
        "date": "2020-11-22T18:43:51.767Z",
        "value": "2.947731580706121",
        "cumulative": false
    },
    {
        "date": "2020-11-22T18:44:39.935Z",
        "value": "3.5979654947916666",
        "cumulative": false
    },
    {
        "date": "2020-11-22T18:45:32.978Z",
        "value": "3.319068562797822",
        "cumulative": false
    },
    {
        "date": "2020-11-22T18:46:23.655Z",
        "value": "3.6810334988725866",
        "cumulative": false
    },
    {
        "date": "2020-11-22T18:47:15.079Z",
        "value": "3.0430427814938685",
        "cumulative": false
    },
    {
        "date": "2020-11-22T18:48:04.514Z",
        "value": "2.8990906166337327",
        "cumulative": false
    },
    {
        "date": "2020-11-22T18:48:55.323Z",
        "value": "5.2855255505583125",
        "cumulative": false
    },
    {
        "date": "2020-11-22T18:49:43.592Z",
        "value": "2.9780644435508576",
        "cumulative": false
    },
    {
        "date": "2020-11-22T18:50:36.598Z",
        "value": "3.8047018049943175",
        "cumulative": false
    },
    {
        "date": "2020-11-22T18:51:26.626Z",
        "value": "3.1330343446775113",
        "cumulative": false
    },
    {
        "date": "2020-11-22T18:52:18.401Z",
        "value": "2.9493146238073837",
        "cumulative": false
    },
    {
        "date": "2020-11-22T18:53:06.247Z",
        "value": "3.1881011092674534",
        "cumulative": false
    },
    {
        "date": "2020-11-22T18:53:58.790Z",
        "value": "4.984963854425949",
        "cumulative": false
    },
    {
        "date": "2020-11-22T18:54:54.432Z",
        "value": "2.871842384338379",
        "cumulative": false
    },
    {
        "date": "2020-11-22T18:55:45.815Z",
        "value": "3.3508814251612105",
        "cumulative": false
    },
    {
        "date": "2020-11-22T18:56:34.440Z",
        "value": "2.8732874393463135",
        "cumulative": false
    },
    {
        "date": "2020-11-22T18:57:27.970Z",
        "value": "4.236319457285503",
        "cumulative": false
    },
    {
        "date": "2020-11-22T18:58:17.455Z",
        "value": "2.845077162768606",
        "cumulative": false
    },
    {
        "date": "2020-11-22T18:59:10.327Z",
        "value": "3.425271171900456",
        "cumulative": false
    },
    {
        "date": "2020-11-22T18:59:59.985Z",
        "value": "3.3201552926124496",
        "cumulative": false
    },
    {
        "date": "2020-11-22T19:00:50.692Z",
        "value": "3.3219728022962363",
        "cumulative": false
    },
    {
        "date": "2020-11-22T19:01:39.423Z",
        "value": "3.0472730254736304",
        "cumulative": false
    },
    {
        "date": "2020-11-22T19:02:30.072Z",
        "value": "2.9979153629536923",
        "cumulative": false
    },
    {
        "date": "2020-11-22T19:03:16.042Z",
        "value": "4.542214452563488",
        "cumulative": false
    },
    {
        "date": "2020-11-22T19:04:08.215Z",
        "value": "3.5339472411569637",
        "cumulative": false
    },
    {
        "date": "2020-11-22T19:04:57.362Z",
        "value": "2.923192156711823",
        "cumulative": false
    },
    {
        "date": "2020-11-22T19:05:48.889Z",
        "value": "3.914275872808124",
        "cumulative": false
    },
    {
        "date": "2020-11-22T19:06:37.580Z",
        "value": "2.953038861674647",
        "cumulative": false
    },
    {
        "date": "2020-11-22T19:07:29.817Z",
        "value": "3.684123060438368",
        "cumulative": false
    },
    {
        "date": "2020-11-22T19:08:17.765Z",
        "value": "2.847503097905776",
        "cumulative": false
    },
    {
        "date": "2020-11-22T19:09:09.826Z",
        "value": "3.016756924715909",
        "cumulative": false
    },
    {
        "date": "2020-11-22T19:10:00.535Z",
        "value": "3.050014588891006",
        "cumulative": false
    },
    {
        "date": "2020-11-22T19:10:51.365Z",
        "value": "3.0099492182544716",
        "cumulative": false
    },
    {
        "date": "2020-11-22T19:11:39.325Z",
        "value": "2.9974985857024476",
        "cumulative": false
    },
    {
        "date": "2020-11-22T19:12:32.101Z",
        "value": "4.879826824636724",
        "cumulative": false
    },
    {
        "date": "2020-11-22T19:13:19.886Z",
        "value": "2.9215901692708335",
        "cumulative": false
    },
    {
        "date": "2020-11-22T19:14:12.978Z",
        "value": "2.7689439283205033",
        "cumulative": false
    },
    {
        "date": "2020-11-22T19:15:00.614Z",
        "value": "2.8949607681826874",
        "cumulative": false
    },
    {
        "date": "2020-11-22T19:15:51.530Z",
        "value": "3.1191347879580302",
        "cumulative": false
    },
    {
        "date": "2020-11-22T19:16:42.478Z",
        "value": "2.8557963371276855",
        "cumulative": false
    },
    {
        "date": "2020-11-22T19:17:43.610Z",
        "value": "2.957341001658016",
        "cumulative": false
    },
    {
        "date": "2020-11-22T19:18:31.962Z",
        "value": "3.068328160673516",
        "cumulative": false
    },
    {
        "date": "2020-11-22T19:19:25.192Z",
        "value": "3.520716271033654",
        "cumulative": false
    },
    {
        "date": "2020-11-22T19:20:14.084Z",
        "value": "3.5864905910940323",
        "cumulative": false
    },
    {
        "date": "2020-11-22T19:21:07.137Z",
        "value": "3.777138071015044",
        "cumulative": false
    },
    {
        "date": "2020-11-22T19:21:56.707Z",
        "value": "3.14078369140625",
        "cumulative": false
    },
    {
        "date": "2020-11-22T19:22:46.542Z",
        "value": "4.225545937321394",
        "cumulative": false
    },
    {
        "date": "2020-11-22T19:23:37.437Z",
        "value": "2.322880506515503",
        "cumulative": false
    },
    {
        "date": "2020-11-22T19:24:30.585Z",
        "value": "3.019632577896118",
        "cumulative": false
    },
    {
        "date": "2020-11-22T19:25:20.160Z",
        "value": "2.8430252827601086",
        "cumulative": false
    },
    {
        "date": "2020-11-22T19:26:10.766Z",
        "value": "3.832732885813783",
        "cumulative": false
    },
    {
        "date": "2020-11-22T19:26:59.770Z",
        "value": "3.8145199252994195",
        "cumulative": false
    },
    {
        "date": "2020-11-22T19:27:51.041Z",
        "value": "3.2733005595838587",
        "cumulative": false
    },
    {
        "date": "2020-11-22T19:28:42.777Z",
        "value": "2.6593467562806374",
        "cumulative": false
    },
    {
        "date": "2020-11-22T19:29:34.042Z",
        "value": "2.9012659584603657",
        "cumulative": false
    },
    {
        "date": "2020-11-22T19:30:22.383Z",
        "value": "4.4369159773284315",
        "cumulative": false
    },
    {
        "date": "2020-11-22T19:31:12.496Z",
        "value": "2.8845838341346153",
        "cumulative": false
    },
    {
        "date": "2020-11-22T19:31:59.564Z",
        "value": "3.5449347621884164",
        "cumulative": false
    },
    {
        "date": "2020-11-22T19:32:51.256Z",
        "value": "4.446990221151015",
        "cumulative": false
    },
    {
        "date": "2020-11-22T19:33:40.913Z",
        "value": "2.945041073069853",
        "cumulative": false
    },
    {
        "date": "2020-11-22T19:34:31.893Z",
        "value": "3.294278833845366",
        "cumulative": false
    },
    {
        "date": "2020-11-22T19:35:20.833Z",
        "value": "2.773547701511335",
        "cumulative": false
    },
    {
        "date": "2020-11-22T19:36:13.423Z",
        "value": "4.153844817867124",
        "cumulative": false
    },
    {
        "date": "2020-11-22T19:37:03.535Z",
        "value": "2.785599528369816",
        "cumulative": false
    },
    {
        "date": "2020-11-22T19:37:54.454Z",
        "value": "2.930740734762397",
        "cumulative": false
    },
    {
        "date": "2020-11-22T19:38:42.419Z",
        "value": "3.062966303816047",
        "cumulative": false
    },
    {
        "date": "2020-11-22T19:39:33.388Z",
        "value": "4.2557363472732845",
        "cumulative": false
    },
    {
        "date": "2020-11-22T19:40:22.816Z",
        "value": "3.005688955269608",
        "cumulative": false
    },
    {
        "date": "2020-11-22T19:41:26.361Z",
        "value": "3.1360706676136365",
        "cumulative": false
    },
    {
        "date": "2020-11-22T19:42:16.273Z",
        "value": "2.9219466920882935",
        "cumulative": false
    },
    {
        "date": "2020-11-22T19:43:08.286Z",
        "value": "4.717319729025219",
        "cumulative": false
    },
    {
        "date": "2020-11-22T19:43:57.322Z",
        "value": "2.8650435014204545",
        "cumulative": false
    },
    {
        "date": "2020-11-22T19:44:50.095Z",
        "value": "2.68998910599396",
        "cumulative": false
    },
    {
        "date": "2020-11-22T19:45:39.627Z",
        "value": "3.575525578892799",
        "cumulative": false
    },
    {
        "date": "2020-11-22T19:46:32.116Z",
        "value": "4.982249382349262",
        "cumulative": false
    },
    {
        "date": "2020-11-22T19:47:20.242Z",
        "value": "3.6682400003909916",
        "cumulative": false
    },
    {
        "date": "2020-11-22T19:48:12.079Z",
        "value": "2.6497789692674947",
        "cumulative": false
    },
    {
        "date": "2020-11-22T19:48:43.851Z",
        "value": "2.942600546077806",
        "cumulative": false
    },
    {
        "date": "2020-11-22T19:49:37.938Z",
        "value": "2.6328388288909315",
        "cumulative": false
    },
    {
        "date": "2020-11-22T19:50:26.561Z",
        "value": "3.054260086686644",
        "cumulative": false
    },
    {
        "date": "2020-11-22T19:51:17.502Z",
        "value": "4.82409911745529",
        "cumulative": false
    },
    {
        "date": "2020-11-22T19:52:06.376Z",
        "value": "2.837353760992462",
        "cumulative": false
    },
    {
        "date": "2020-11-22T19:52:58.544Z",
        "value": "2.7649502754211426",
        "cumulative": false
    },
    {
        "date": "2020-11-22T19:53:46.170Z",
        "value": "2.80623779296875",
        "cumulative": false
    },
    {
        "date": "2020-11-22T19:54:39.336Z",
        "value": "3.6943499992241806",
        "cumulative": false
    },
    {
        "date": "2020-11-22T19:55:26.244Z",
        "value": "3.15028571876447",
        "cumulative": false
    },
    {
        "date": "2020-11-22T19:56:17.587Z",
        "value": "4.736041777012712",
        "cumulative": false
    },
    {
        "date": "2020-11-22T19:57:07.720Z",
        "value": "2.779496508573009",
        "cumulative": false
    },
    {
        "date": "2020-11-22T19:57:59.126Z",
        "value": "2.7287981151479537",
        "cumulative": false
    },
    {
        "date": "2020-11-22T19:58:48.216Z",
        "value": "3.0679210316051138",
        "cumulative": false
    },
    {
        "date": "2020-11-22T19:59:39.430Z",
        "value": "2.852380087209302",
        "cumulative": false
    },
    {
        "date": "2020-11-22T20:00:27.716Z",
        "value": "3.0504636137543253",
        "cumulative": false
    },
    {
        "date": "2020-11-22T20:01:18.374Z",
        "value": "2.701245093181539",
        "cumulative": false
    },
    {
        "date": "2020-11-22T20:02:08.848Z",
        "value": "3.2977955005787036",
        "cumulative": false
    },
    {
        "date": "2020-11-22T20:02:59.365Z",
        "value": "2.9788256786078966",
        "cumulative": false
    },
    {
        "date": "2020-11-22T20:03:46.459Z",
        "value": "3.3630574544270835",
        "cumulative": false
    },
    {
        "date": "2020-11-22T20:04:37.060Z",
        "value": "2.8102962021843645",
        "cumulative": false
    },
    {
        "date": "2020-11-22T20:05:25.814Z",
        "value": "2.6398038110339113",
        "cumulative": false
    },
    {
        "date": "2020-11-22T20:06:18.584Z",
        "value": "4.945991974255583",
        "cumulative": false
    },
    {
        "date": "2020-11-22T20:07:09.313Z",
        "value": "2.7070211971507354",
        "cumulative": false
    },
    {
        "date": "2020-11-22T20:08:01.141Z",
        "value": "3.490514555578356",
        "cumulative": false
    },
    {
        "date": "2020-11-22T20:08:49.809Z",
        "value": "2.8828080408105023",
        "cumulative": false
    },
    {
        "date": "2020-11-22T20:09:40.576Z",
        "value": "2.742538857249032",
        "cumulative": false
    },
    {
        "date": "2020-11-22T20:10:28.676Z",
        "value": "2.920483854550762",
        "cumulative": false
    },
    {
        "date": "2020-11-22T20:11:21.838Z",
        "value": "4.636182764856876",
        "cumulative": false
    },
    {
        "date": "2020-11-22T20:12:20.153Z",
        "value": "2.6678247451782227",
        "cumulative": false
    },
    {
        "date": "2020-11-22T20:13:11.880Z",
        "value": "3.0868762788318453",
        "cumulative": false
    },
    {
        "date": "2020-11-22T20:13:58.368Z",
        "value": "2.67869234085083",
        "cumulative": false
    },
    {
        "date": "2020-11-22T20:14:51.025Z",
        "value": "3.9698869152181953",
        "cumulative": false
    },
    {
        "date": "2020-11-22T20:15:40.095Z",
        "value": "2.644062929933176",
        "cumulative": false
    },
    {
        "date": "2020-11-22T20:16:32.446Z",
        "value": "3.1860031769305963",
        "cumulative": false
    },
    {
        "date": "2020-11-22T20:17:20.577Z",
        "value": "3.067996274892076",
        "cumulative": false
    },
    {
        "date": "2020-11-22T20:18:10.371Z",
        "value": "3.0691755300504737",
        "cumulative": false
    },
    {
        "date": "2020-11-22T20:19:00.013Z",
        "value": "2.847268975214414",
        "cumulative": false
    },
    {
        "date": "2020-11-22T20:19:51.134Z",
        "value": "2.7549637241864833",
        "cumulative": false
    },
    {
        "date": "2020-11-22T20:20:39.182Z",
        "value": "4.29403842986344",
        "cumulative": false
    },
    {
        "date": "2020-11-22T20:21:30.258Z",
        "value": "3.273089766028003",
        "cumulative": false
    },
    {
        "date": "2020-11-22T20:22:19.198Z",
        "value": "2.704071736453202",
        "cumulative": false
    },
    {
        "date": "2020-11-22T20:23:10.793Z",
        "value": "3.628999138624322",
        "cumulative": false
    },
    {
        "date": "2020-11-22T20:23:59.231Z",
        "value": "2.7519947175056703",
        "cumulative": false
    },
    {
        "date": "2020-11-22T20:24:50.677Z",
        "value": "3.4772047254774305",
        "cumulative": false
    },
    {
        "date": "2020-11-22T20:25:37.110Z",
        "value": "2.694130365054826",
        "cumulative": false
    },
    {
        "date": "2020-11-22T20:26:29.530Z",
        "value": "2.843949512768817",
        "cumulative": false
    },
    {
        "date": "2020-11-22T20:27:18.323Z",
        "value": "2.8525623848767783",
        "cumulative": false
    },
    {
        "date": "2020-11-22T20:28:10.349Z",
        "value": "2.8346525949828747",
        "cumulative": false
    },
    {
        "date": "2020-11-22T20:28:58.481Z",
        "value": "2.8129603936926313",
        "cumulative": false
    },
    {
        "date": "2020-11-22T20:29:50.688Z",
        "value": "4.640876816380449",
        "cumulative": false
    },
    {
        "date": "2020-11-22T20:30:38.717Z",
        "value": "2.7411345774993237",
        "cumulative": false
    },
    {
        "date": "2020-11-22T20:31:29.426Z",
        "value": "2.5836020550769794",
        "cumulative": false
    },
    {
        "date": "2020-11-22T20:32:16.065Z",
        "value": "2.726939978008669",
        "cumulative": false
    },
    {
        "date": "2020-11-22T20:33:09.676Z",
        "value": "2.9231916336408523",
        "cumulative": false
    },
    {
        "date": "2020-11-22T20:33:57.456Z",
        "value": "2.7002463340759277",
        "cumulative": false
    },
    {
        "date": "2020-11-22T20:34:57.494Z",
        "value": "2.7870755839100347",
        "cumulative": false
    },
    {
        "date": "2020-11-22T20:35:45.098Z",
        "value": "2.8810597907946476",
        "cumulative": false
    },
    {
        "date": "2020-11-22T20:36:36.433Z",
        "value": "3.303594501201923",
        "cumulative": false
    },
    {
        "date": "2020-11-22T20:37:25.976Z",
        "value": "3.4101693179249546",
        "cumulative": false
    },
    {
        "date": "2020-11-22T20:38:16.009Z",
        "value": "3.557820555485125",
        "cumulative": false
    },
    {
        "date": "2020-11-22T20:39:05.189Z",
        "value": "2.9655209495907737",
        "cumulative": false
    },
    {
        "date": "2020-11-22T20:39:58.325Z",
        "value": "3.9941789507525245",
        "cumulative": false
    },
    {
        "date": "2020-11-22T20:40:47.201Z",
        "value": "2.234006404876709",
        "cumulative": false
    },
    {
        "date": "2020-11-22T20:41:38.866Z",
        "value": "2.855611562728882",
        "cumulative": false
    },
    {
        "date": "2020-11-22T20:42:25.278Z",
        "value": "2.691057133721647",
        "cumulative": false
    },
    {
        "date": "2020-11-22T20:43:14.398Z",
        "value": "3.641709433040078",
        "cumulative": false
    },
    {
        "date": "2020-11-22T20:44:03.001Z",
        "value": "3.6146852620693912",
        "cumulative": false
    },
    {
        "date": "2020-11-22T20:44:53.539Z",
        "value": "3.0975661057692307",
        "cumulative": false
    },
    {
        "date": "2020-11-22T20:45:41.337Z",
        "value": "2.557910634957108",
        "cumulative": false
    },
    {
        "date": "2020-11-22T20:46:30.405Z",
        "value": "2.748256032059832",
        "cumulative": false
    },
    {
        "date": "2020-11-22T20:47:18.396Z",
        "value": "4.248021024816176",
        "cumulative": false
    },
    {
        "date": "2020-11-22T20:48:09.884Z",
        "value": "2.743801081730769",
        "cumulative": false
    },
    {
        "date": "2020-11-22T20:49:00.023Z",
        "value": "3.371391825895039",
        "cumulative": false
    },
    {
        "date": "2020-11-22T20:49:51.681Z",
        "value": "4.248522938438328",
        "cumulative": false
    },
    {
        "date": "2020-11-22T20:50:40.298Z",
        "value": "2.79251708984375",
        "cumulative": false
    },
    {
        "date": "2020-11-22T20:51:31.643Z",
        "value": "3.1409407702092933",
        "cumulative": false
    },
    {
        "date": "2020-11-22T20:52:19.437Z",
        "value": "2.6372067852644836",
        "cumulative": false
    },
    {
        "date": "2020-11-22T20:53:12.249Z",
        "value": "3.9479727396150914",
        "cumulative": false
    },
    {
        "date": "2020-11-22T20:54:02.950Z",
        "value": "2.660145249295955",
        "cumulative": false
    },
    {
        "date": "2020-11-22T20:54:55.247Z",
        "value": "2.78467250855501",
        "cumulative": false
    },
    {
        "date": "2020-11-22T20:55:44.131Z",
        "value": "2.899489072437622",
        "cumulative": false
    },
    {
        "date": "2020-11-22T20:56:33.983Z",
        "value": "4.071070293351716",
        "cumulative": false
    },
    {
        "date": "2020-11-22T20:57:21.105Z",
        "value": "2.860677801393995",
        "cumulative": false
    }
]