[
    {
        "date": "2020-11-22T17:13:04.747Z",
        "value": "11.139188701923077",
        "cumulative": false
    },
    {
        "date": "2020-11-22T17:13:58.397Z",
        "value": "9.98671875",
        "cumulative": false
    },
    {
        "date": "2020-11-22T17:14:47.273Z",
        "value": "9.36705112469516",
        "cumulative": false
    },
    {
        "date": "2020-11-22T17:15:39.846Z",
        "value": "8.461010468555417",
        "cumulative": false
    },
    {
        "date": "2020-11-22T17:16:28.368Z",
        "value": "8.006741182423818",
        "cumulative": false
    },
    {
        "date": "2020-11-22T17:17:22.256Z",
        "value": "8.013933229114945",
        "cumulative": false
    },
    {
        "date": "2020-11-22T17:18:12.679Z",
        "value": "7.226840788398693",
        "cumulative": false
    },
    {
        "date": "2020-11-22T17:19:05.409Z",
        "value": "7.9077678131163704",
        "cumulative": false
    },
    {
        "date": "2020-11-22T17:19:56.131Z",
        "value": "7.6765594482421875",
        "cumulative": false
    },
    {
        "date": "2020-11-22T17:20:48.035Z",
        "value": "7.519986152648926",
        "cumulative": false
    },
    {
        "date": "2020-11-22T17:21:38.548Z",
        "value": "7.340707403651115",
        "cumulative": false
    },
    {
        "date": "2020-11-22T17:22:31.965Z",
        "value": "6.460599532781862",
        "cumulative": false
    },
    {
        "date": "2020-11-22T17:23:22.736Z",
        "value": "6.986152844551282",
        "cumulative": false
    },
    {
        "date": "2020-11-22T17:24:17.247Z",
        "value": "7.487984643624642",
        "cumulative": false
    },
    {
        "date": "2020-11-22T17:25:07.469Z",
        "value": "6.662560096153846",
        "cumulative": false
    },
    {
        "date": "2020-11-22T17:26:00.421Z",
        "value": "6.82291969007998",
        "cumulative": false
    },
    {
        "date": "2020-11-22T17:26:51.076Z",
        "value": "6.380350036466261",
        "cumulative": false
    },
    {
        "date": "2020-11-22T17:27:43.178Z",
        "value": "6.365699554771505",
        "cumulative": false
    },
    {
        "date": "2020-11-22T17:28:34.119Z",
        "value": "6.321781412760417",
        "cumulative": false
    },
    {
        "date": "2020-11-22T17:29:25.727Z",
        "value": "6.343687900641026",
        "cumulative": false
    },
    {
        "date": "2020-11-22T17:30:16.207Z",
        "value": "6.038863624106263",
        "cumulative": false
    },
    {
        "date": "2020-11-22T17:31:08.428Z",
        "value": "6.131509266213111",
        "cumulative": false
    },
    {
        "date": "2020-11-22T17:31:57.282Z",
        "value": "5.837937418619791",
        "cumulative": false
    },
    {
        "date": "2020-11-22T17:32:51.514Z",
        "value": "5.522837201286765",
        "cumulative": false
    },
    {
        "date": "2020-11-22T17:33:42.037Z",
        "value": "5.732339998570884",
        "cumulative": false
    },
    {
        "date": "2020-11-22T17:34:32.656Z",
        "value": "5.544993082682292",
        "cumulative": false
    },
    {
        "date": "2020-11-22T17:35:22.501Z",
        "value": "5.0698448787409705",
        "cumulative": false
    },
    {
        "date": "2020-11-22T17:36:15.102Z",
        "value": "6.34888307530581",
        "cumulative": false
    },
    {
        "date": "2020-11-22T17:37:15.466Z",
        "value": "5.293892485307128",
        "cumulative": false
    },
    {
        "date": "2020-11-22T17:38:07.168Z",
        "value": "6.228732407283885",
        "cumulative": false
    },
    {
        "date": "2020-11-22T17:38:57.602Z",
        "value": "4.908842770960172",
        "cumulative": false
    },
    {
        "date": "2020-11-22T17:39:52.607Z",
        "value": "4.553528944072098",
        "cumulative": false
    },
    {
        "date": "2020-11-22T17:40:43.057Z",
        "value": "4.846556597525246",
        "cumulative": false
    },
    {
        "date": "2020-11-22T17:41:36.447Z",
        "value": "4.941768373625687",
        "cumulative": false
    },
    {
        "date": "2020-11-22T17:42:26.615Z",
        "value": "4.837754249572754",
        "cumulative": false
    },
    {
        "date": "2020-11-22T17:43:16.390Z",
        "value": "4.6270692406631095",
        "cumulative": false
    },
    {
        "date": "2020-11-22T17:44:05.732Z",
        "value": "4.414797782897949",
        "cumulative": false
    },
    {
        "date": "2020-11-22T17:44:57.695Z",
        "value": "4.627959970927909",
        "cumulative": false
    },
    {
        "date": "2020-11-22T17:45:47.803Z",
        "value": "4.123789558895406",
        "cumulative": false
    },
    {
        "date": "2020-11-22T17:46:41.090Z",
        "value": "4.358627916613541",
        "cumulative": false
    },
    {
        "date": "2020-11-22T17:47:30.082Z",
        "value": "5.929766098745866",
        "cumulative": false
    },
    {
        "date": "2020-11-22T17:48:21.351Z",
        "value": "4.200523987283274",
        "cumulative": false
    },
    {
        "date": "2020-11-22T17:49:11.741Z",
        "value": "4.230170300542092",
        "cumulative": false
    },
    {
        "date": "2020-11-22T17:50:04.459Z",
        "value": "4.326659289478551",
        "cumulative": false
    },
    {
        "date": "2020-11-22T17:50:55.325Z",
        "value": "4.640172158518145",
        "cumulative": false
    },
    {
        "date": "2020-11-22T17:51:46.824Z",
        "value": "3.431572193591939",
        "cumulative": false
    },
    {
        "date": "2020-11-22T17:52:35.756Z",
        "value": "3.552444142929572",
        "cumulative": false
    },
    {
        "date": "2020-11-22T17:53:28.459Z",
        "value": "3.792764992615636",
        "cumulative": false
    },
    {
        "date": "2020-11-22T17:54:18.728Z",
        "value": "3.489484541742582",
        "cumulative": false
    },
    {
        "date": "2020-11-22T17:55:11.409Z",
        "value": "4.965083304826471",
        "cumulative": false
    },
    {
        "date": "2020-11-22T17:55:59.684Z",
        "value": "3.817323957170759",
        "cumulative": false
    },
    {
        "date": "2020-11-22T17:56:52.849Z",
        "value": "4.013698603983382",
        "cumulative": false
    },
    {
        "date": "2020-11-22T17:57:43.580Z",
        "value": "3.8250471988751262",
        "cumulative": false
    },
    {
        "date": "2020-11-22T17:58:34.116Z",
        "value": "4.006317535004058",
        "cumulative": false
    },
    {
        "date": "2020-11-22T17:59:22.422Z",
        "value": "4.550030517578125",
        "cumulative": false
    },
    {
        "date": "2020-11-22T18:00:22.978Z",
        "value": "3.7422734474649233",
        "cumulative": false
    },
    {
        "date": "2020-11-22T18:01:11.014Z",
        "value": "3.96484375",
        "cumulative": false
    },
    {
        "date": "2020-11-22T18:02:03.611Z",
        "value": "3.463362564179767",
        "cumulative": false
    },
    {
        "date": "2020-11-22T18:02:53.137Z",
        "value": "4.108422159665992",
        "cumulative": false
    },
    {
        "date": "2020-11-22T18:03:47.217Z",
        "value": "3.7290699238679847",
        "cumulative": false
    },
    {
        "date": "2020-11-22T18:04:37.151Z",
        "value": "4.321173215379902",
        "cumulative": false
    },
    {
        "date": "2020-11-22T18:05:28.893Z",
        "value": "3.7293468100598237",
        "cumulative": false
    },
    {
        "date": "2020-11-22T18:06:18.691Z",
        "value": "3.248703591998755",
        "cumulative": false
    },
    {
        "date": "2020-11-22T18:07:10.566Z",
        "value": "3.5184783935546875",
        "cumulative": false
    },
    {
        "date": "2020-11-22T18:07:58.538Z",
        "value": "4.573843907828283",
        "cumulative": false
    },
    {
        "date": "2020-11-22T18:08:49.580Z",
        "value": "2.694404020288671",
        "cumulative": false
    },
    {
        "date": "2020-11-22T18:09:37.665Z",
        "value": "3.8111308704723013",
        "cumulative": false
    },
    {
        "date": "2020-11-22T18:10:28.455Z",
        "value": "2.9638185417963885",
        "cumulative": false
    },
    {
        "date": "2020-11-22T18:11:17.013Z",
        "value": "4.109597959474886",
        "cumulative": false
    },
    {
        "date": "2020-11-22T18:12:08.523Z",
        "value": "3.3050343975817698",
        "cumulative": false
    },
    {
        "date": "2020-11-22T18:12:57.702Z",
        "value": "4.313142151391807",
        "cumulative": false
    },
    {
        "date": "2020-11-22T18:13:51.172Z",
        "value": "3.073802947998047",
        "cumulative": false
    },
    {
        "date": "2020-11-22T18:14:40.612Z",
        "value": "3.4539380073547363",
        "cumulative": false
    },
    {
        "date": "2020-11-22T18:15:32.197Z",
        "value": "3.320995059950297",
        "cumulative": false
    },
    {
        "date": "2020-11-22T18:16:22.213Z",
        "value": "3.3180459378945706",
        "cumulative": false
    },
    {
        "date": "2020-11-22T18:17:13.708Z",
        "value": "3.1932779947916665",
        "cumulative": false
    },
    {
        "date": "2020-11-22T18:18:02.485Z",
        "value": "3.123954228525171",
        "cumulative": false
    },
    {
        "date": "2020-11-22T18:18:54.221Z",
        "value": "3.4410361725820136",
        "cumulative": false
    },
    {
        "date": "2020-11-22T18:19:43.640Z",
        "value": "3.481924632238963",
        "cumulative": false
    },
    {
        "date": "2020-11-22T18:20:36.645Z",
        "value": "3.7625672346683157",
        "cumulative": false
    },
    {
        "date": "2020-11-22T18:21:25.445Z",
        "value": "3.416780041110131",
        "cumulative": false
    },
    {
        "date": "2020-11-22T18:22:17.579Z",
        "value": "4.729729029387051",
        "cumulative": false
    },
    {
        "date": "2020-11-22T18:23:06.816Z",
        "value": "3.598067840467236",
        "cumulative": false
    },
    {
        "date": "2020-11-22T18:24:07.825Z",
        "value": "3.307138797322752",
        "cumulative": false
    },
    {
        "date": "2020-11-22T18:24:56.934Z",
        "value": "3.2348265288978495",
        "cumulative": false
    },
    {
        "date": "2020-11-22T18:25:47.238Z",
        "value": "4.611860996462264",
        "cumulative": false
    },
    {
        "date": "2020-11-22T18:26:34.443Z",
        "value": "3.0127542690595974",
        "cumulative": false
    },
    {
        "date": "2020-11-22T18:27:24.480Z",
        "value": "5.129654044304333",
        "cumulative": false
    },
    {
        "date": "2020-11-22T18:28:15.480Z",
        "value": "3.5374679266237745",
        "cumulative": false
    },
    {
        "date": "2020-11-22T18:29:06.334Z",
        "value": "5.049876693168433",
        "cumulative": false
    },
    {
        "date": "2020-11-22T18:29:55.341Z",
        "value": "3.575594815340909",
        "cumulative": false
    },
    {
        "date": "2020-11-22T18:30:47.859Z",
        "value": "2.998851521809896",
        "cumulative": false
    },
    {
        "date": "2020-11-22T18:31:09.331Z",
        "value": "3.0189385516826923",
        "cumulative": false
    },
    {
        "date": "2020-11-22T18:32:02.956Z",
        "value": "3.881797572544643",
        "cumulative": false
    },
    {
        "date": "2020-11-22T18:32:51.625Z",
        "value": "5.691040242748042",
        "cumulative": false
    },
    {
        "date": "2020-11-22T18:33:44.036Z",
        "value": "3.64287486379203",
        "cumulative": false
    },
    {
        "date": "2020-11-22T18:34:33.883Z",
        "value": "3.0362878323026905",
        "cumulative": false
    },
    {
        "date": "2020-11-22T18:35:25.168Z",
        "value": "3.5825011055424527",
        "cumulative": false
    },
    {
        "date": "2020-11-22T18:36:14.031Z",
        "value": "2.88849507250817",
        "cumulative": false
    },
    {
        "date": "2020-11-22T18:37:06.139Z",
        "value": "3.4852855915618837",
        "cumulative": false
    },
    {
        "date": "2020-11-22T18:37:56.098Z",
        "value": "3.2330620288848877",
        "cumulative": false
    },
    {
        "date": "2020-11-22T18:38:47.738Z",
        "value": "3.115057945251465",
        "cumulative": false
    },
    {
        "date": "2020-11-22T18:39:36.060Z",
        "value": "2.98531714510966",
        "cumulative": false
    },
    {
        "date": "2020-11-22T18:40:26.891Z",
        "value": "2.7071676815257355",
        "cumulative": false
    },
    {
        "date": "2020-11-22T18:41:16.141Z",
        "value": "3.0730447562253453",
        "cumulative": false
    },
    {
        "date": "2020-11-22T18:42:07.883Z",
        "value": "4.977237622916124",
        "cumulative": false
    },
    {
        "date": "2020-11-22T18:42:57.504Z",
        "value": "3.125711934549825",
        "cumulative": false
    },
    {
        "date": "2020-11-22T18:43:51.759Z",
        "value": "3.2321155024509802",
        "cumulative": false
    },
    {
        "date": "2020-11-22T18:44:39.991Z",
        "value": "2.967474671803653",
        "cumulative": false
    },
    {
        "date": "2020-11-22T18:45:32.984Z",
        "value": "3.0050172211021504",
        "cumulative": false
    },
    {
        "date": "2020-11-22T18:46:23.765Z",
        "value": "2.997582499186198",
        "cumulative": false
    },
    {
        "date": "2020-11-22T18:47:15.081Z",
        "value": "3.524920622996795",
        "cumulative": false
    },
    {
        "date": "2020-11-22T18:48:04.678Z",
        "value": "2.898299298107742",
        "cumulative": false
    },
    {
        "date": "2020-11-22T18:48:55.318Z",
        "value": "3.7268938306237853",
        "cumulative": false
    },
    {
        "date": "2020-11-22T18:49:43.564Z",
        "value": "2.974101765950521",
        "cumulative": false
    },
    {
        "date": "2020-11-22T18:50:36.599Z",
        "value": "2.796637082567402",
        "cumulative": false
    },
    {
        "date": "2020-11-22T18:51:26.759Z",
        "value": "3.043259535378557",
        "cumulative": false
    },
    {
        "date": "2020-11-22T18:52:18.404Z",
        "value": "3.0525604732452876",
        "cumulative": false
    },
    {
        "date": "2020-11-22T18:53:06.372Z",
        "value": "2.7828473700335397",
        "cumulative": false
    },
    {
        "date": "2020-11-22T18:53:58.792Z",
        "value": "4.899916379969419",
        "cumulative": false
    },
    {
        "date": "2020-11-22T18:54:54.544Z",
        "value": "3.008541712746461",
        "cumulative": false
    },
    {
        "date": "2020-11-22T18:55:45.825Z",
        "value": "4.658063467182497",
        "cumulative": false
    },
    {
        "date": "2020-11-22T18:56:34.533Z",
        "value": "2.887083908073313",
        "cumulative": false
    },
    {
        "date": "2020-11-22T18:57:27.973Z",
        "value": "2.8910118631246746",
        "cumulative": false
    },
    {
        "date": "2020-11-22T18:58:17.492Z",
        "value": "3.2704278222790175",
        "cumulative": false
    },
    {
        "date": "2020-11-22T18:59:10.329Z",
        "value": "3.023588791541729",
        "cumulative": false
    },
    {
        "date": "2020-11-22T19:00:00.020Z",
        "value": "3.346649169921875",
        "cumulative": false
    },
    {
        "date": "2020-11-22T19:00:50.685Z",
        "value": "3.075668210905742",
        "cumulative": false
    },
    {
        "date": "2020-11-22T19:01:39.472Z",
        "value": "2.9930002689361572",
        "cumulative": false
    },
    {
        "date": "2020-11-22T19:02:30.066Z",
        "value": "3.3890646229619565",
        "cumulative": false
    },
    {
        "date": "2020-11-22T19:03:16.269Z",
        "value": "2.9647081958699903",
        "cumulative": false
    },
    {
        "date": "2020-11-22T19:04:08.210Z",
        "value": "3.2418799506725744",
        "cumulative": false
    },
    {
        "date": "2020-11-22T19:04:57.207Z",
        "value": "4.985265426888093",
        "cumulative": false
    },
    {
        "date": "2020-11-22T19:05:48.918Z",
        "value": "3.0875186249043853",
        "cumulative": false
    },
    {
        "date": "2020-11-22T19:06:37.635Z",
        "value": "3.1480999382174746",
        "cumulative": false
    },
    {
        "date": "2020-11-22T19:07:29.825Z",
        "value": "3.3263530302329882",
        "cumulative": false
    },
    {
        "date": "2020-11-22T19:08:17.801Z",
        "value": "3.5537407167496218",
        "cumulative": false
    },
    {
        "date": "2020-11-22T19:09:09.835Z",
        "value": "2.715339491817044",
        "cumulative": false
    },
    {
        "date": "2020-11-22T19:10:00.704Z",
        "value": "2.8210192354965584",
        "cumulative": false
    },
    {
        "date": "2020-11-22T19:10:51.369Z",
        "value": "2.9567481990793114",
        "cumulative": false
    },
    {
        "date": "2020-11-22T19:11:39.412Z",
        "value": "2.7789247543597084",
        "cumulative": false
    },
    {
        "date": "2020-11-22T19:12:32.100Z",
        "value": "4.053717375839657",
        "cumulative": false
    },
    {
        "date": "2020-11-22T19:13:19.968Z",
        "value": "3.020999000186012",
        "cumulative": false
    },
    {
        "date": "2020-11-22T19:14:12.982Z",
        "value": "3.2923520741691106",
        "cumulative": false
    },
    {
        "date": "2020-11-22T19:15:00.691Z",
        "value": "3.0875981005908746",
        "cumulative": false
    },
    {
        "date": "2020-11-22T19:15:51.526Z",
        "value": "3.2099738843513257",
        "cumulative": false
    },
    {
        "date": "2020-11-22T19:16:42.471Z",
        "value": "3.8505425347222224",
        "cumulative": false
    },
    {
        "date": "2020-11-22T19:17:43.616Z",
        "value": "3.023048618861607",
        "cumulative": false
    },
    {
        "date": "2020-11-22T19:18:32.006Z",
        "value": "3.16172601969603",
        "cumulative": false
    },
    {
        "date": "2020-11-22T19:19:25.185Z",
        "value": "2.853565641639199",
        "cumulative": false
    },
    {
        "date": "2020-11-22T19:20:14.178Z",
        "value": "3.536740363529015",
        "cumulative": false
    },
    {
        "date": "2020-11-22T19:21:07.141Z",
        "value": "3.115516382334184",
        "cumulative": false
    },
    {
        "date": "2020-11-22T19:21:56.729Z",
        "value": "3.687563668045343",
        "cumulative": false
    },
    {
        "date": "2020-11-22T19:22:46.546Z",
        "value": "3.1040346544395465",
        "cumulative": false
    },
    {
        "date": "2020-11-22T19:23:37.467Z",
        "value": "2.772291285608655",
        "cumulative": false
    },
    {
        "date": "2020-11-22T19:24:30.576Z",
        "value": "2.985945638020833",
        "cumulative": false
    },
    {
        "date": "2020-11-22T19:25:20.095Z",
        "value": "3.9308504971590907",
        "cumulative": false
    },
    {
        "date": "2020-11-22T19:26:10.754Z",
        "value": "2.345456590839461",
        "cumulative": false
    },
    {
        "date": "2020-11-22T19:26:59.803Z",
        "value": "3.373672832142223",
        "cumulative": false
    },
    {
        "date": "2020-11-22T19:27:51.041Z",
        "value": "2.6037111199213885",
        "cumulative": false
    },
    {
        "date": "2020-11-22T19:28:42.783Z",
        "value": "3.5079364017653294",
        "cumulative": false
    },
    {
        "date": "2020-11-22T19:29:34.045Z",
        "value": "2.824861290488717",
        "cumulative": false
    },
    {
        "date": "2020-11-22T19:30:22.511Z",
        "value": "3.7719983012736344",
        "cumulative": false
    },
    {
        "date": "2020-11-22T19:31:12.498Z",
        "value": "2.65101318359375",
        "cumulative": false
    },
    {
        "date": "2020-11-22T19:31:59.662Z",
        "value": "2.9674534797668457",
        "cumulative": false
    },
    {
        "date": "2020-11-22T19:32:51.254Z",
        "value": "2.8676900275142008",
        "cumulative": false
    },
    {
        "date": "2020-11-22T19:33:40.993Z",
        "value": "2.8652116871843436",
        "cumulative": false
    },
    {
        "date": "2020-11-22T19:34:31.896Z",
        "value": "2.779910925662879",
        "cumulative": false
    },
    {
        "date": "2020-11-22T19:35:20.889Z",
        "value": "2.72212310224218",
        "cumulative": false
    },
    {
        "date": "2020-11-22T19:36:13.417Z",
        "value": "2.993901179387019",
        "cumulative": false
    },
    {
        "date": "2020-11-22T19:37:03.559Z",
        "value": "3.018100799076141",
        "cumulative": false
    },
    {
        "date": "2020-11-22T19:37:54.455Z",
        "value": "3.3198160435692543",
        "cumulative": false
    },
    {
        "date": "2020-11-22T19:38:42.501Z",
        "value": "2.9190511395854335",
        "cumulative": false
    },
    {
        "date": "2020-11-22T19:39:33.379Z",
        "value": "4.154396034185388",
        "cumulative": false
    },
    {
        "date": "2020-11-22T19:40:22.870Z",
        "value": "3.1146626800739416",
        "cumulative": false
    },
    {
        "date": "2020-11-22T19:41:26.363Z",
        "value": "2.897831732105361",
        "cumulative": false
    },
    {
        "date": "2020-11-22T19:42:16.362Z",
        "value": "2.845308099718382",
        "cumulative": false
    },
    {
        "date": "2020-11-22T19:43:08.285Z",
        "value": "4.149688974056604",
        "cumulative": false
    },
    {
        "date": "2020-11-22T19:43:57.424Z",
        "value": "2.6618352521929824",
        "cumulative": false
    },
    {
        "date": "2020-11-22T19:44:50.099Z",
        "value": "4.6907470537830065",
        "cumulative": false
    },
    {
        "date": "2020-11-22T19:45:39.795Z",
        "value": "3.12367613549326",
        "cumulative": false
    },
    {
        "date": "2020-11-22T19:46:32.117Z",
        "value": "4.584473921525324",
        "cumulative": false
    },
    {
        "date": "2020-11-22T19:47:20.266Z",
        "value": "3.199868631164587",
        "cumulative": false
    },
    {
        "date": "2020-11-22T19:48:12.080Z",
        "value": "2.702672831217448",
        "cumulative": false
    },
    {
        "date": "2020-11-22T19:48:43.976Z",
        "value": "2.6800555889423077",
        "cumulative": false
    },
    {
        "date": "2020-11-22T19:49:37.941Z",
        "value": "3.473109363374256",
        "cumulative": false
    },
    {
        "date": "2020-11-22T19:50:26.515Z",
        "value": "5.255819013926326",
        "cumulative": false
    },
    {
        "date": "2020-11-22T19:51:17.491Z",
        "value": "3.3247760473419987",
        "cumulative": false
    },
    {
        "date": "2020-11-22T19:52:06.429Z",
        "value": "2.715972094941349",
        "cumulative": false
    },
    {
        "date": "2020-11-22T19:52:58.531Z",
        "value": "3.2158450417390765",
        "cumulative": false
    },
    {
        "date": "2020-11-22T19:53:46.139Z",
        "value": "2.638123436223448",
        "cumulative": false
    },
    {
        "date": "2020-11-22T19:54:39.330Z",
        "value": "3.028980262651011",
        "cumulative": false
    },
    {
        "date": "2020-11-22T19:55:26.315Z",
        "value": "2.9142634868621826",
        "cumulative": false
    },
    {
        "date": "2020-11-22T19:56:17.597Z",
        "value": "2.821913242340088",
        "cumulative": false
    },
    {
        "date": "2020-11-22T19:57:07.851Z",
        "value": "2.6776754445043105",
        "cumulative": false
    },
    {
        "date": "2020-11-22T19:57:59.127Z",
        "value": "2.4939113242953432",
        "cumulative": false
    },
    {
        "date": "2020-11-22T19:58:48.282Z",
        "value": "2.7964839897682445",
        "cumulative": false
    },
    {
        "date": "2020-11-22T19:59:39.400Z",
        "value": "4.627802752181558",
        "cumulative": false
    },
    {
        "date": "2020-11-22T20:00:27.818Z",
        "value": "2.868823356005973",
        "cumulative": false
    },
    {
        "date": "2020-11-22T20:01:18.374Z",
        "value": "2.9168823368163053",
        "cumulative": false
    },
    {
        "date": "2020-11-22T20:02:08.902Z",
        "value": "2.708536474188229",
        "cumulative": false
    },
    {
        "date": "2020-11-22T20:02:59.375Z",
        "value": "2.759600764448925",
        "cumulative": false
    },
    {
        "date": "2020-11-22T20:03:46.571Z",
        "value": "2.752788289388021",
        "cumulative": false
    },
    {
        "date": "2020-11-22T20:04:37.061Z",
        "value": "3.2331595552884616",
        "cumulative": false
    },
    {
        "date": "2020-11-22T20:05:25.972Z",
        "value": "2.6720464281311638",
        "cumulative": false
    },
    {
        "date": "2020-11-22T20:06:18.589Z",
        "value": "3.470873277080756",
        "cumulative": false
    },
    {
        "date": "2020-11-22T20:07:09.293Z",
        "value": "2.719549560546875",
        "cumulative": false
    },
    {
        "date": "2020-11-22T20:08:01.150Z",
        "value": "2.5850810929840686",
        "cumulative": false
    },
    {
        "date": "2020-11-22T20:08:49.965Z",
        "value": "2.802089784203506",
        "cumulative": false
    },
    {
        "date": "2020-11-22T20:09:40.575Z",
        "value": "2.800264873201885",
        "cumulative": false
    },
    {
        "date": "2020-11-22T20:10:28.795Z",
        "value": "2.5888430001934983",
        "cumulative": false
    },
    {
        "date": "2020-11-22T20:11:21.837Z",
        "value": "4.605692134938838",
        "cumulative": false
    },
    {
        "date": "2020-11-22T20:12:20.261Z",
        "value": "2.762307748514914",
        "cumulative": false
    },
    {
        "date": "2020-11-22T20:13:11.879Z",
        "value": "4.363272912219851",
        "cumulative": false
    },
    {
        "date": "2020-11-22T20:13:58.480Z",
        "value": "2.65667956858828",
        "cumulative": false
    },
    {
        "date": "2020-11-22T20:14:51.024Z",
        "value": "2.70169955426861",
        "cumulative": false
    },
    {
        "date": "2020-11-22T20:15:40.129Z",
        "value": "3.0545511391971076",
        "cumulative": false
    },
    {
        "date": "2020-11-22T20:16:32.449Z",
        "value": "2.7906403243690656",
        "cumulative": false
    },
    {
        "date": "2020-11-22T20:17:20.600Z",
        "value": "3.115302562713623",
        "cumulative": false
    },
    {
        "date": "2020-11-22T20:18:10.371Z",
        "value": "2.8558277657361533",
        "cumulative": false
    },
    {
        "date": "2020-11-22T20:19:00.070Z",
        "value": "2.7984836101531982",
        "cumulative": false
    },
    {
        "date": "2020-11-22T20:19:51.133Z",
        "value": "3.1695066486173276",
        "cumulative": false
    },
    {
        "date": "2020-11-22T20:20:39.417Z",
        "value": "2.782297203384653",
        "cumulative": false
    },
    {
        "date": "2020-11-22T20:21:30.250Z",
        "value": "3.038429222316078",
        "cumulative": false
    },
    {
        "date": "2020-11-22T20:22:19.064Z",
        "value": "4.731633734151047",
        "cumulative": false
    },
    {
        "date": "2020-11-22T20:23:10.797Z",
        "value": "2.876796257489801",
        "cumulative": false
    },
    {
        "date": "2020-11-22T20:23:59.296Z",
        "value": "2.9240473533163267",
        "cumulative": false
    },
    {
        "date": "2020-11-22T20:24:50.680Z",
        "value": "3.1198929826183432",
        "cumulative": false
    },
    {
        "date": "2020-11-22T20:25:37.143Z",
        "value": "3.2938429309475805",
        "cumulative": false
    },
    {
        "date": "2020-11-22T20:26:29.526Z",
        "value": "2.582356942340622",
        "cumulative": false
    },
    {
        "date": "2020-11-22T20:27:18.510Z",
        "value": "2.653691924778761",
        "cumulative": false
    },
    {
        "date": "2020-11-22T20:28:10.353Z",
        "value": "2.773598541980895",
        "cumulative": false
    },
    {
        "date": "2020-11-22T20:28:58.571Z",
        "value": "2.6253248430179594",
        "cumulative": false
    },
    {
        "date": "2020-11-22T20:29:50.683Z",
        "value": "3.7931135519032217",
        "cumulative": false
    },
    {
        "date": "2020-11-22T20:30:38.813Z",
        "value": "2.8223688034784224",
        "cumulative": false
    },
    {
        "date": "2020-11-22T20:31:29.430Z",
        "value": "3.1010393756109482",
        "cumulative": false
    },
    {
        "date": "2020-11-22T20:32:16.142Z",
        "value": "2.895850448685541",
        "cumulative": false
    },
    {
        "date": "2020-11-22T20:33:09.671Z",
        "value": "2.989311713676948",
        "cumulative": false
    },
    {
        "date": "2020-11-22T20:33:57.447Z",
        "value": "3.6296630859375",
        "cumulative": false
    },
    {
        "date": "2020-11-22T20:34:57.497Z",
        "value": "2.8387887137276784",
        "cumulative": false
    },
    {
        "date": "2020-11-22T20:35:45.130Z",
        "value": "2.9782071475651364",
        "cumulative": false
    },
    {
        "date": "2020-11-22T20:36:36.412Z",
        "value": "2.6740276963425456",
        "cumulative": false
    },
    {
        "date": "2020-11-22T20:37:26.045Z",
        "value": "3.362585070323043",
        "cumulative": false
    },
    {
        "date": "2020-11-22T20:38:16.012Z",
        "value": "2.9409052634725765",
        "cumulative": false
    },
    {
        "date": "2020-11-22T20:39:05.215Z",
        "value": "3.487859987745098",
        "cumulative": false
    },
    {
        "date": "2020-11-22T20:39:58.330Z",
        "value": "2.91217382320529",
        "cumulative": false
    },
    {
        "date": "2020-11-22T20:40:47.236Z",
        "value": "2.647459417321762",
        "cumulative": false
    },
    {
        "date": "2020-11-22T20:41:38.860Z",
        "value": "2.8228179931640627",
        "cumulative": false
    },
    {
        "date": "2020-11-22T20:42:25.231Z",
        "value": "3.7190548058712123",
        "cumulative": false
    },
    {
        "date": "2020-11-22T20:43:14.403Z",
        "value": "2.2561083026960786",
        "cumulative": false
    },
    {
        "date": "2020-11-22T20:44:03.020Z",
        "value": "3.211701826615767",
        "cumulative": false
    },
    {
        "date": "2020-11-22T20:44:53.541Z",
        "value": "2.5168645533351492",
        "cumulative": false
    },
    {
        "date": "2020-11-22T20:45:41.339Z",
        "value": "3.316042826055936",
        "cumulative": false
    },
    {
        "date": "2020-11-22T20:46:30.409Z",
        "value": "2.689942149071374",
        "cumulative": false
    },
    {
        "date": "2020-11-22T20:47:18.521Z",
        "value": "3.584356056875875",
        "cumulative": false
    },
    {
        "date": "2020-11-22T20:48:09.887Z",
        "value": "2.5252031962076824",
        "cumulative": false
    },
    {
        "date": "2020-11-22T20:49:00.106Z",
        "value": "2.8230528831481934",
        "cumulative": false
    },
    {
        "date": "2020-11-22T20:49:51.510Z",
        "value": "2.727965946133488",
        "cumulative": false
    },
    {
        "date": "2020-11-22T20:50:40.357Z",
        "value": "2.7361796677714647",
        "cumulative": false
    },
    {
        "date": "2020-11-22T20:51:31.645Z",
        "value": "2.661572886119257",
        "cumulative": false
    },
    {
        "date": "2020-11-22T20:52:19.509Z",
        "value": "2.608320159762952",
        "cumulative": false
    },
    {
        "date": "2020-11-22T20:53:12.259Z",
        "value": "2.8535291576817023",
        "cumulative": false
    },
    {
        "date": "2020-11-22T20:54:02.961Z",
        "value": "2.8716488792782737",
        "cumulative": false
    },
    {
        "date": "2020-11-22T20:54:55.236Z",
        "value": "3.1925807509671484",
        "cumulative": false
    },
    {
        "date": "2020-11-22T20:55:44.199Z",
        "value": "2.7759172993321575",
        "cumulative": false
    },
    {
        "date": "2020-11-22T20:56:33.988Z",
        "value": "3.9572606635857066",
        "cumulative": false
    },
    {
        "date": "2020-11-22T20:57:21.152Z",
        "value": "2.9697517111008414",
        "cumulative": false
    }
]