[
    {
        "date": "2020-11-22T17:13:04.662Z",
        "value": "11.137460249510763",
        "cumulative": false
    },
    {
        "date": "2020-11-22T17:13:58.394Z",
        "value": "9.951173838926596",
        "cumulative": false
    },
    {
        "date": "2020-11-22T17:14:47.394Z",
        "value": "8.906379953522505",
        "cumulative": false
    },
    {
        "date": "2020-11-22T17:15:39.854Z",
        "value": "8.477112353372434",
        "cumulative": false
    },
    {
        "date": "2020-11-22T17:16:28.164Z",
        "value": "8.303125",
        "cumulative": false
    },
    {
        "date": "2020-11-22T17:17:22.253Z",
        "value": "7.716466903686523",
        "cumulative": false
    },
    {
        "date": "2020-11-22T17:18:12.639Z",
        "value": "7.841792316668714",
        "cumulative": false
    },
    {
        "date": "2020-11-22T17:19:05.406Z",
        "value": "7.585210479466261",
        "cumulative": false
    },
    {
        "date": "2020-11-22T17:19:55.916Z",
        "value": "8.094625591949487",
        "cumulative": false
    },
    {
        "date": "2020-11-22T17:20:48.008Z",
        "value": "7.562508616727941",
        "cumulative": false
    },
    {
        "date": "2020-11-22T17:21:38.302Z",
        "value": "7.784579823180892",
        "cumulative": false
    },
    {
        "date": "2020-11-22T17:22:31.948Z",
        "value": "7.016777619222176",
        "cumulative": false
    },
    {
        "date": "2020-11-22T17:23:22.732Z",
        "value": "7.147327378216912",
        "cumulative": false
    },
    {
        "date": "2020-11-22T17:24:17.244Z",
        "value": "6.928098621587644",
        "cumulative": false
    },
    {
        "date": "2020-11-22T17:25:07.418Z",
        "value": "6.956758106203008",
        "cumulative": false
    },
    {
        "date": "2020-11-22T17:26:00.418Z",
        "value": "6.3030865009014425",
        "cumulative": false
    },
    {
        "date": "2020-11-22T17:26:51.053Z",
        "value": "6.528650121015542",
        "cumulative": false
    },
    {
        "date": "2020-11-22T17:27:43.174Z",
        "value": "6.892859756773009",
        "cumulative": false
    },
    {
        "date": "2020-11-22T17:28:33.929Z",
        "value": "6.957994475159754",
        "cumulative": false
    },
    {
        "date": "2020-11-22T17:29:25.731Z",
        "value": "6.182039668642242",
        "cumulative": false
    },
    {
        "date": "2020-11-22T17:30:16.032Z",
        "value": "6.051573656445238",
        "cumulative": false
    },
    {
        "date": "2020-11-22T17:31:08.431Z",
        "value": "5.591756184895833",
        "cumulative": false
    },
    {
        "date": "2020-11-22T17:31:57.116Z",
        "value": "6.13228555718475",
        "cumulative": false
    },
    {
        "date": "2020-11-22T17:32:51.520Z",
        "value": "5.8963752159705525",
        "cumulative": false
    },
    {
        "date": "2020-11-22T17:33:41.902Z",
        "value": "5.341586538461539",
        "cumulative": false
    },
    {
        "date": "2020-11-22T17:34:32.661Z",
        "value": "5.284548210836241",
        "cumulative": false
    },
    {
        "date": "2020-11-22T17:35:22.539Z",
        "value": "5.337247371673584",
        "cumulative": false
    },
    {
        "date": "2020-11-22T17:36:15.111Z",
        "value": "5.314456715303309",
        "cumulative": false
    },
    {
        "date": "2020-11-22T17:37:15.187Z",
        "value": "5.155671218345905",
        "cumulative": false
    },
    {
        "date": "2020-11-22T17:38:07.165Z",
        "value": "4.466134685359589",
        "cumulative": false
    },
    {
        "date": "2020-11-22T17:38:57.417Z",
        "value": "5.568644542011019",
        "cumulative": false
    },
    {
        "date": "2020-11-22T17:39:52.611Z",
        "value": "4.710912459935898",
        "cumulative": false
    },
    {
        "date": "2020-11-22T17:40:43.019Z",
        "value": "4.758374244379242",
        "cumulative": false
    },
    {
        "date": "2020-11-22T17:41:36.440Z",
        "value": "4.863261576988594",
        "cumulative": false
    },
    {
        "date": "2020-11-22T17:42:26.510Z",
        "value": "5.041778507960014",
        "cumulative": false
    },
    {
        "date": "2020-11-22T17:43:16.386Z",
        "value": "6.135180788897005",
        "cumulative": false
    },
    {
        "date": "2020-11-22T17:44:05.637Z",
        "value": "4.142513308904867",
        "cumulative": false
    },
    {
        "date": "2020-11-22T17:44:57.697Z",
        "value": "5.097997454620114",
        "cumulative": false
    },
    {
        "date": "2020-11-22T17:45:47.720Z",
        "value": "4.291240945080863",
        "cumulative": false
    },
    {
        "date": "2020-11-22T17:46:41.089Z",
        "value": "3.8301325464396285",
        "cumulative": false
    },
    {
        "date": "2020-11-22T17:47:30.243Z",
        "value": "4.009024612761347",
        "cumulative": false
    },
    {
        "date": "2020-11-22T17:48:21.351Z",
        "value": "5.5862734036106145",
        "cumulative": false
    },
    {
        "date": "2020-11-22T17:49:11.694Z",
        "value": "4.520853857374145",
        "cumulative": false
    },
    {
        "date": "2020-11-22T17:50:04.456Z",
        "value": "4.142973515190704",
        "cumulative": false
    },
    {
        "date": "2020-11-22T17:50:55.297Z",
        "value": "4.030613708925556",
        "cumulative": false
    },
    {
        "date": "2020-11-22T17:51:46.821Z",
        "value": "3.416170753342334",
        "cumulative": false
    },
    {
        "date": "2020-11-22T17:52:35.560Z",
        "value": "3.787256876627604",
        "cumulative": false
    },
    {
        "date": "2020-11-22T17:53:28.454Z",
        "value": "3.8294447459748984",
        "cumulative": false
    },
    {
        "date": "2020-11-22T17:54:18.638Z",
        "value": "4.033188819885254",
        "cumulative": false
    },
    {
        "date": "2020-11-22T17:55:11.416Z",
        "value": "5.791631020790289",
        "cumulative": false
    },
    {
        "date": "2020-11-22T17:55:59.598Z",
        "value": "3.3688592515999454",
        "cumulative": false
    },
    {
        "date": "2020-11-22T17:56:52.851Z",
        "value": "4.049705947979089",
        "cumulative": false
    },
    {
        "date": "2020-11-22T17:57:43.460Z",
        "value": "4.639967152441357",
        "cumulative": false
    },
    {
        "date": "2020-11-22T17:58:34.116Z",
        "value": "3.275703258644917",
        "cumulative": false
    },
    {
        "date": "2020-11-22T17:59:22.275Z",
        "value": "5.217114995653918",
        "cumulative": false
    },
    {
        "date": "2020-11-22T18:00:22.979Z",
        "value": "3.496105635141988",
        "cumulative": false
    },
    {
        "date": "2020-11-22T18:01:10.896Z",
        "value": "4.086489722842262",
        "cumulative": false
    },
    {
        "date": "2020-11-22T18:02:03.614Z",
        "value": "4.018159790039062",
        "cumulative": false
    },
    {
        "date": "2020-11-22T18:02:52.989Z",
        "value": "5.476769151858383",
        "cumulative": false
    },
    {
        "date": "2020-11-22T18:03:47.198Z",
        "value": "5.458945203414572",
        "cumulative": false
    },
    {
        "date": "2020-11-22T18:04:37.120Z",
        "value": "3.831231217665855",
        "cumulative": false
    },
    {
        "date": "2020-11-22T18:05:28.892Z",
        "value": "3.6881997287003494",
        "cumulative": false
    },
    {
        "date": "2020-11-22T18:06:18.653Z",
        "value": "3.7262517755681817",
        "cumulative": false
    },
    {
        "date": "2020-11-22T18:07:10.565Z",
        "value": "3.6016038602941176",
        "cumulative": false
    },
    {
        "date": "2020-11-22T18:07:58.568Z",
        "value": "3.3130711146763394",
        "cumulative": false
    },
    {
        "date": "2020-11-22T18:08:49.582Z",
        "value": "3.277806435861895",
        "cumulative": false
    },
    {
        "date": "2020-11-22T18:09:37.697Z",
        "value": "3.204983043864097",
        "cumulative": false
    },
    {
        "date": "2020-11-22T18:10:28.453Z",
        "value": "3.319858484100877",
        "cumulative": false
    },
    {
        "date": "2020-11-22T18:11:16.971Z",
        "value": "3.128148760114397",
        "cumulative": false
    },
    {
        "date": "2020-11-22T18:12:08.520Z",
        "value": "3.182263604525862",
        "cumulative": false
    },
    {
        "date": "2020-11-22T18:12:57.707Z",
        "value": "3.5120604918883727",
        "cumulative": false
    },
    {
        "date": "2020-11-22T18:13:51.166Z",
        "value": "3.3083079504588295",
        "cumulative": false
    },
    {
        "date": "2020-11-22T18:14:40.560Z",
        "value": "3.345679714255137",
        "cumulative": false
    },
    {
        "date": "2020-11-22T18:15:32.198Z",
        "value": "3.59555614657989",
        "cumulative": false
    },
    {
        "date": "2020-11-22T18:16:22.159Z",
        "value": "3.376526272681452",
        "cumulative": false
    },
    {
        "date": "2020-11-22T18:17:13.712Z",
        "value": "3.62491455078125",
        "cumulative": false
    },
    {
        "date": "2020-11-22T18:18:02.420Z",
        "value": "3.207198712004333",
        "cumulative": false
    },
    {
        "date": "2020-11-22T18:18:54.223Z",
        "value": "3.3490353659314036",
        "cumulative": false
    },
    {
        "date": "2020-11-22T18:19:43.559Z",
        "value": "3.677891444493007",
        "cumulative": false
    },
    {
        "date": "2020-11-22T18:20:36.650Z",
        "value": "3.5714612535901598",
        "cumulative": false
    },
    {
        "date": "2020-11-22T18:21:25.293Z",
        "value": "3.3926386233269596",
        "cumulative": false
    },
    {
        "date": "2020-11-22T18:22:17.585Z",
        "value": "3.3982024314362715",
        "cumulative": false
    },
    {
        "date": "2020-11-22T18:23:06.775Z",
        "value": "3.4080525876976284",
        "cumulative": false
    },
    {
        "date": "2020-11-22T18:24:07.829Z",
        "value": "5.698432182644151",
        "cumulative": false
    },
    {
        "date": "2020-11-22T18:24:56.745Z",
        "value": "4.828934194481637",
        "cumulative": false
    },
    {
        "date": "2020-11-22T18:25:47.235Z",
        "value": "4.307839331512043",
        "cumulative": false
    },
    {
        "date": "2020-11-22T18:26:34.372Z",
        "value": "3.1482592385912698",
        "cumulative": false
    },
    {
        "date": "2020-11-22T18:27:24.471Z",
        "value": "3.505259917584382",
        "cumulative": false
    },
    {
        "date": "2020-11-22T18:28:15.440Z",
        "value": "3.204597981770833",
        "cumulative": false
    },
    {
        "date": "2020-11-22T18:29:06.345Z",
        "value": "3.576661113664216",
        "cumulative": false
    },
    {
        "date": "2020-11-22T18:29:55.334Z",
        "value": "3.2746357038909313",
        "cumulative": false
    },
    {
        "date": "2020-11-22T18:30:47.673Z",
        "value": "3.6235991172833053",
        "cumulative": false
    },
    {
        "date": "2020-11-22T18:31:08.632Z",
        "value": "3.5859448258113176",
        "cumulative": false
    },
    {
        "date": "2020-11-22T18:32:02.959Z",
        "value": "3.348547872674711",
        "cumulative": false
    },
    {
        "date": "2020-11-22T18:32:51.759Z",
        "value": "3.3149793889891144",
        "cumulative": false
    },
    {
        "date": "2020-11-22T18:33:44.026Z",
        "value": "3.561581668499511",
        "cumulative": false
    },
    {
        "date": "2020-11-22T18:34:33.701Z",
        "value": "4.866961057408501",
        "cumulative": false
    },
    {
        "date": "2020-11-22T18:35:25.162Z",
        "value": "3.187620162963867",
        "cumulative": false
    },
    {
        "date": "2020-11-22T18:36:13.853Z",
        "value": "3.184458153559145",
        "cumulative": false
    },
    {
        "date": "2020-11-22T18:37:06.124Z",
        "value": "2.914607765400304",
        "cumulative": false
    },
    {
        "date": "2020-11-22T18:37:55.884Z",
        "value": "4.94196736878453",
        "cumulative": false
    },
    {
        "date": "2020-11-22T18:38:47.721Z",
        "value": "3.2537375057444855",
        "cumulative": false
    },
    {
        "date": "2020-11-22T18:39:35.835Z",
        "value": "4.644606467552305",
        "cumulative": false
    },
    {
        "date": "2020-11-22T18:40:26.900Z",
        "value": "3.0789557804426755",
        "cumulative": false
    },
    {
        "date": "2020-11-22T18:41:16.141Z",
        "value": "3.0910486557904413",
        "cumulative": false
    },
    {
        "date": "2020-11-22T18:42:07.896Z",
        "value": "3.4105502424568965",
        "cumulative": false
    },
    {
        "date": "2020-11-22T18:42:57.449Z",
        "value": "3.1121979754072684",
        "cumulative": false
    },
    {
        "date": "2020-11-22T18:43:51.762Z",
        "value": "2.978688753568209",
        "cumulative": false
    },
    {
        "date": "2020-11-22T18:44:39.978Z",
        "value": "3.039612266612882",
        "cumulative": false
    },
    {
        "date": "2020-11-22T18:45:32.976Z",
        "value": "3.8954696104728446",
        "cumulative": false
    },
    {
        "date": "2020-11-22T18:46:23.586Z",
        "value": "4.9638095555068285",
        "cumulative": false
    },
    {
        "date": "2020-11-22T18:47:15.075Z",
        "value": "3.177099609375",
        "cumulative": false
    },
    {
        "date": "2020-11-22T18:48:04.535Z",
        "value": "3.3277566878904756",
        "cumulative": false
    },
    {
        "date": "2020-11-22T18:48:55.334Z",
        "value": "2.835204569498698",
        "cumulative": false
    },
    {
        "date": "2020-11-22T18:49:43.498Z",
        "value": "3.2287504582111435",
        "cumulative": false
    },
    {
        "date": "2020-11-22T18:50:36.606Z",
        "value": "3.5638997004582333",
        "cumulative": false
    },
    {
        "date": "2020-11-22T18:51:26.647Z",
        "value": "2.9464307892628203",
        "cumulative": false
    },
    {
        "date": "2020-11-22T18:52:18.395Z",
        "value": "2.909374415815055",
        "cumulative": false
    },
    {
        "date": "2020-11-22T18:53:06.274Z",
        "value": "2.913332462310791",
        "cumulative": false
    },
    {
        "date": "2020-11-22T18:53:58.798Z",
        "value": "3.074192592075893",
        "cumulative": false
    },
    {
        "date": "2020-11-22T18:54:54.413Z",
        "value": "3.041637552195582",
        "cumulative": false
    },
    {
        "date": "2020-11-22T18:55:45.804Z",
        "value": "2.782825766088756",
        "cumulative": false
    },
    {
        "date": "2020-11-22T18:56:34.365Z",
        "value": "3.8804393589660813",
        "cumulative": false
    },
    {
        "date": "2020-11-22T18:57:27.980Z",
        "value": "2.9013721955128204",
        "cumulative": false
    },
    {
        "date": "2020-11-22T18:58:17.436Z",
        "value": "3.0806070042951075",
        "cumulative": false
    },
    {
        "date": "2020-11-22T18:59:10.330Z",
        "value": "3.3294853308769072",
        "cumulative": false
    },
    {
        "date": "2020-11-22T18:59:59.896Z",
        "value": "3.4527484997840308",
        "cumulative": false
    },
    {
        "date": "2020-11-22T19:00:50.692Z",
        "value": "4.950427861349525",
        "cumulative": false
    },
    {
        "date": "2020-11-22T19:01:39.408Z",
        "value": "2.9310595677706925",
        "cumulative": false
    },
    {
        "date": "2020-11-22T19:02:30.074Z",
        "value": "3.8579845171411726",
        "cumulative": false
    },
    {
        "date": "2020-11-22T19:03:16.197Z",
        "value": "2.9504216854784366",
        "cumulative": false
    },
    {
        "date": "2020-11-22T19:04:08.211Z",
        "value": "2.7362054248097265",
        "cumulative": false
    },
    {
        "date": "2020-11-22T19:04:57.396Z",
        "value": "2.865444527664457",
        "cumulative": false
    },
    {
        "date": "2020-11-22T19:05:48.889Z",
        "value": "4.644116603406482",
        "cumulative": false
    },
    {
        "date": "2020-11-22T19:06:37.586Z",
        "value": "3.512399384469697",
        "cumulative": false
    },
    {
        "date": "2020-11-22T19:07:29.821Z",
        "value": "3.2657468441167388",
        "cumulative": false
    },
    {
        "date": "2020-11-22T19:08:17.777Z",
        "value": "3.089967984801576",
        "cumulative": false
    },
    {
        "date": "2020-11-22T19:09:09.825Z",
        "value": "2.704259006190727",
        "cumulative": false
    },
    {
        "date": "2020-11-22T19:10:00.543Z",
        "value": "2.9305572509765625",
        "cumulative": false
    },
    {
        "date": "2020-11-22T19:10:51.369Z",
        "value": "2.9840550915948274",
        "cumulative": false
    },
    {
        "date": "2020-11-22T19:11:39.344Z",
        "value": "3.1793878078460693",
        "cumulative": false
    },
    {
        "date": "2020-11-22T19:12:32.101Z",
        "value": "5.000019168065599",
        "cumulative": false
    },
    {
        "date": "2020-11-22T19:13:19.905Z",
        "value": "2.733391522841776",
        "cumulative": false
    },
    {
        "date": "2020-11-22T19:14:12.772Z",
        "value": "3.330143121254622",
        "cumulative": false
    },
    {
        "date": "2020-11-22T19:15:00.573Z",
        "value": "3.850098154242096",
        "cumulative": false
    },
    {
        "date": "2020-11-22T19:15:51.537Z",
        "value": "2.6793588766953813",
        "cumulative": false
    },
    {
        "date": "2020-11-22T19:16:42.332Z",
        "value": "4.629161164415619",
        "cumulative": false
    },
    {
        "date": "2020-11-22T19:17:43.622Z",
        "value": "2.8121320558126266",
        "cumulative": false
    },
    {
        "date": "2020-11-22T19:18:31.885Z",
        "value": "3.342805408296131",
        "cumulative": false
    },
    {
        "date": "2020-11-22T19:19:25.189Z",
        "value": "3.3060458374023436",
        "cumulative": false
    },
    {
        "date": "2020-11-22T19:20:14.035Z",
        "value": "4.891582486943841",
        "cumulative": false
    },
    {
        "date": "2020-11-22T19:21:07.134Z",
        "value": "4.880045201034527",
        "cumulative": false
    },
    {
        "date": "2020-11-22T19:21:56.823Z",
        "value": "3.2765746253043213",
        "cumulative": false
    },
    {
        "date": "2020-11-22T19:22:46.540Z",
        "value": "2.983651770119032",
        "cumulative": false
    },
    {
        "date": "2020-11-22T19:23:37.408Z",
        "value": "3.1802867542613638",
        "cumulative": false
    },
    {
        "date": "2020-11-22T19:24:30.583Z",
        "value": "3.014326491013072",
        "cumulative": false
    },
    {
        "date": "2020-11-22T19:25:20.136Z",
        "value": "2.798028000262605",
        "cumulative": false
    },
    {
        "date": "2020-11-22T19:26:10.762Z",
        "value": "2.7724200833228325",
        "cumulative": false
    },
    {
        "date": "2020-11-22T19:26:59.821Z",
        "value": "2.717821473282201",
        "cumulative": false
    },
    {
        "date": "2020-11-22T19:27:51.048Z",
        "value": "2.8727682170730136",
        "cumulative": false
    },
    {
        "date": "2020-11-22T19:28:42.725Z",
        "value": "2.7418109348842075",
        "cumulative": false
    },
    {
        "date": "2020-11-22T19:29:34.042Z",
        "value": "2.7460887978575053",
        "cumulative": false
    },
    {
        "date": "2020-11-22T19:30:22.506Z",
        "value": "2.9891846802857547",
        "cumulative": false
    },
    {
        "date": "2020-11-22T19:31:12.492Z",
        "value": "2.8286195785280257",
        "cumulative": false
    },
    {
        "date": "2020-11-22T19:31:59.603Z",
        "value": "2.9354431988441783",
        "cumulative": false
    },
    {
        "date": "2020-11-22T19:32:51.252Z",
        "value": "3.2775172833447512",
        "cumulative": false
    },
    {
        "date": "2020-11-22T19:33:40.927Z",
        "value": "2.9083443590389786",
        "cumulative": false
    },
    {
        "date": "2020-11-22T19:34:31.905Z",
        "value": "3.1543971641390933",
        "cumulative": false
    },
    {
        "date": "2020-11-22T19:35:20.852Z",
        "value": "2.764217601102941",
        "cumulative": false
    },
    {
        "date": "2020-11-22T19:36:13.430Z",
        "value": "2.9142906094606658",
        "cumulative": false
    },
    {
        "date": "2020-11-22T19:37:03.490Z",
        "value": "3.1935244117861306",
        "cumulative": false
    },
    {
        "date": "2020-11-22T19:37:54.461Z",
        "value": "2.9785858672577423",
        "cumulative": false
    },
    {
        "date": "2020-11-22T19:38:42.334Z",
        "value": "3.0389172293260036",
        "cumulative": false
    },
    {
        "date": "2020-11-22T19:39:33.385Z",
        "value": "2.9001652167882055",
        "cumulative": false
    },
    {
        "date": "2020-11-22T19:40:22.850Z",
        "value": "2.950508931879941",
        "cumulative": false
    },
    {
        "date": "2020-11-22T19:41:26.352Z",
        "value": "5.2009945461987925",
        "cumulative": false
    },
    {
        "date": "2020-11-22T19:42:16.184Z",
        "value": "4.31054015039212",
        "cumulative": false
    },
    {
        "date": "2020-11-22T19:43:08.290Z",
        "value": "3.8028994584913023",
        "cumulative": false
    },
    {
        "date": "2020-11-22T19:43:57.320Z",
        "value": "2.8259678619431643",
        "cumulative": false
    },
    {
        "date": "2020-11-22T19:44:50.110Z",
        "value": "3.100537612181779",
        "cumulative": false
    },
    {
        "date": "2020-11-22T19:45:39.764Z",
        "value": "2.8276595577116934",
        "cumulative": false
    },
    {
        "date": "2020-11-22T19:46:32.118Z",
        "value": "3.1556564031862746",
        "cumulative": false
    },
    {
        "date": "2020-11-22T19:47:20.267Z",
        "value": "2.9083563112745097",
        "cumulative": false
    },
    {
        "date": "2020-11-22T19:48:12.070Z",
        "value": "3.2241981191645763",
        "cumulative": false
    },
    {
        "date": "2020-11-22T19:48:44.760Z",
        "value": "3.2040996514187867",
        "cumulative": false
    },
    {
        "date": "2020-11-22T19:49:37.936Z",
        "value": "2.981830487603695",
        "cumulative": false
    },
    {
        "date": "2020-11-22T19:50:26.638Z",
        "value": "2.952802027274951",
        "cumulative": false
    },
    {
        "date": "2020-11-22T19:51:17.500Z",
        "value": "3.246360721631639",
        "cumulative": false
    },
    {
        "date": "2020-11-22T19:52:06.248Z",
        "value": "4.4802796635183",
        "cumulative": false
    },
    {
        "date": "2020-11-22T19:52:58.544Z",
        "value": "2.867666721343994",
        "cumulative": false
    },
    {
        "date": "2020-11-22T19:53:46.121Z",
        "value": "2.8397175561970274",
        "cumulative": false
    },
    {
        "date": "2020-11-22T19:54:39.335Z",
        "value": "2.65823850378526",
        "cumulative": false
    },
    {
        "date": "2020-11-22T19:55:26.106Z",
        "value": "4.646033732899237",
        "cumulative": false
    },
    {
        "date": "2020-11-22T19:56:17.594Z",
        "value": "2.905929744944853",
        "cumulative": false
    },
    {
        "date": "2020-11-22T19:57:07.633Z",
        "value": "4.228905816052583",
        "cumulative": false
    },
    {
        "date": "2020-11-22T19:57:59.122Z",
        "value": "2.797214839931574",
        "cumulative": false
    },
    {
        "date": "2020-11-22T19:58:48.272Z",
        "value": "2.807797660079657",
        "cumulative": false
    },
    {
        "date": "2020-11-22T19:59:39.426Z",
        "value": "3.098140041307471",
        "cumulative": false
    },
    {
        "date": "2020-11-22T20:00:27.784Z",
        "value": "2.794966175203634",
        "cumulative": false
    },
    {
        "date": "2020-11-22T20:01:18.373Z",
        "value": "2.7539532001201925",
        "cumulative": false
    },
    {
        "date": "2020-11-22T20:02:08.883Z",
        "value": "2.7728185301962593",
        "cumulative": false
    },
    {
        "date": "2020-11-22T20:02:59.383Z",
        "value": "3.5029221459994937",
        "cumulative": false
    },
    {
        "date": "2020-11-22T20:03:46.412Z",
        "value": "4.650462817942613",
        "cumulative": false
    },
    {
        "date": "2020-11-22T20:04:36.960Z",
        "value": "2.926545662715517",
        "cumulative": false
    },
    {
        "date": "2020-11-22T20:05:25.839Z",
        "value": "3.0484608090016576",
        "cumulative": false
    },
    {
        "date": "2020-11-22T20:06:18.583Z",
        "value": "2.627606201171875",
        "cumulative": false
    },
    {
        "date": "2020-11-22T20:07:09.216Z",
        "value": "2.9352449806787635",
        "cumulative": false
    },
    {
        "date": "2020-11-22T20:08:01.145Z",
        "value": "3.294513408954327",
        "cumulative": false
    },
    {
        "date": "2020-11-22T20:08:49.833Z",
        "value": "2.7165001502403845",
        "cumulative": false
    },
    {
        "date": "2020-11-22T20:09:40.576Z",
        "value": "2.6562891890734046",
        "cumulative": false
    },
    {
        "date": "2020-11-22T20:10:28.704Z",
        "value": "2.6986281871795654",
        "cumulative": false
    },
    {
        "date": "2020-11-22T20:11:21.839Z",
        "value": "2.8356246307116595",
        "cumulative": false
    },
    {
        "date": "2020-11-22T20:12:20.137Z",
        "value": "2.799779431573276",
        "cumulative": false
    },
    {
        "date": "2020-11-22T20:13:11.884Z",
        "value": "2.601671192744007",
        "cumulative": false
    },
    {
        "date": "2020-11-22T20:13:58.288Z",
        "value": "3.6147491202866737",
        "cumulative": false
    },
    {
        "date": "2020-11-22T20:14:51.025Z",
        "value": "2.696192157451923",
        "cumulative": false
    },
    {
        "date": "2020-11-22T20:15:40.086Z",
        "value": "2.8527094638185804",
        "cumulative": false
    },
    {
        "date": "2020-11-22T20:16:32.453Z",
        "value": "3.0906367459450452",
        "cumulative": false
    },
    {
        "date": "2020-11-22T20:17:20.512Z",
        "value": "3.203883303251882",
        "cumulative": false
    },
    {
        "date": "2020-11-22T20:18:10.369Z",
        "value": "4.686475643718042",
        "cumulative": false
    },
    {
        "date": "2020-11-22T20:18:59.994Z",
        "value": "2.743089079174258",
        "cumulative": false
    },
    {
        "date": "2020-11-22T20:19:51.139Z",
        "value": "3.5869166947439353",
        "cumulative": false
    },
    {
        "date": "2020-11-22T20:20:39.343Z",
        "value": "2.7516783187331537",
        "cumulative": false
    },
    {
        "date": "2020-11-22T20:21:30.254Z",
        "value": "2.580952899251806",
        "cumulative": false
    },
    {
        "date": "2020-11-22T20:22:19.230Z",
        "value": "2.6658144361932687",
        "cumulative": false
    },
    {
        "date": "2020-11-22T20:23:10.790Z",
        "value": "4.421051687292676",
        "cumulative": false
    },
    {
        "date": "2020-11-22T20:23:59.234Z",
        "value": "3.307945333501344",
        "cumulative": false
    },
    {
        "date": "2020-11-22T20:24:50.675Z",
        "value": "3.0691534729192402",
        "cumulative": false
    },
    {
        "date": "2020-11-22T20:25:37.114Z",
        "value": "2.8857545560090063",
        "cumulative": false
    },
    {
        "date": "2020-11-22T20:26:29.524Z",
        "value": "2.557939278187566",
        "cumulative": false
    },
    {
        "date": "2020-11-22T20:27:18.324Z",
        "value": "2.7448394775390623",
        "cumulative": false
    },
    {
        "date": "2020-11-22T20:28:10.337Z",
        "value": "2.808172075066557",
        "cumulative": false
    },
    {
        "date": "2020-11-22T20:28:58.500Z",
        "value": "2.9893276691436768",
        "cumulative": false
    },
    {
        "date": "2020-11-22T20:29:50.686Z",
        "value": "4.766246448863637",
        "cumulative": false
    },
    {
        "date": "2020-11-22T20:30:38.744Z",
        "value": "2.5880337052355666",
        "cumulative": false
    },
    {
        "date": "2020-11-22T20:31:29.416Z",
        "value": "3.1478642380147903",
        "cumulative": false
    },
    {
        "date": "2020-11-22T20:32:16.014Z",
        "value": "3.640690734956655",
        "cumulative": false
    },
    {
        "date": "2020-11-22T20:33:09.683Z",
        "value": "2.517166212273949",
        "cumulative": false
    },
    {
        "date": "2020-11-22T20:33:57.296Z",
        "value": "4.433992837322814",
        "cumulative": false
    },
    {
        "date": "2020-11-22T20:34:57.491Z",
        "value": "2.6529407307777637",
        "cumulative": false
    },
    {
        "date": "2020-11-22T20:35:45.024Z",
        "value": "3.14849853515625",
        "cumulative": false
    },
    {
        "date": "2020-11-22T20:36:36.431Z",
        "value": "3.117366943359375",
        "cumulative": false
    },
    {
        "date": "2020-11-22T20:37:25.906Z",
        "value": "4.66272244217987",
        "cumulative": false
    },
    {
        "date": "2020-11-22T20:38:16.004Z",
        "value": "4.671098510091394",
        "cumulative": false
    },
    {
        "date": "2020-11-22T20:39:05.175Z",
        "value": "3.10079307811549",
        "cumulative": false
    },
    {
        "date": "2020-11-22T20:39:58.333Z",
        "value": "2.771779782313365",
        "cumulative": false
    },
    {
        "date": "2020-11-22T20:40:47.190Z",
        "value": "3.015218838778409",
        "cumulative": false
    },
    {
        "date": "2020-11-22T20:41:38.861Z",
        "value": "2.8339187602124185",
        "cumulative": false
    },
    {
        "date": "2020-11-22T20:42:25.258Z",
        "value": "2.6581446543461134",
        "cumulative": false
    },
    {
        "date": "2020-11-22T20:43:14.398Z",
        "value": "2.6256881221648185",
        "cumulative": false
    },
    {
        "date": "2020-11-22T20:44:03.047Z",
        "value": "2.595941323054006",
        "cumulative": false
    },
    {
        "date": "2020-11-22T20:44:53.534Z",
        "value": "2.732997835236068",
        "cumulative": false
    },
    {
        "date": "2020-11-22T20:45:41.289Z",
        "value": "2.613750730242048",
        "cumulative": false
    },
    {
        "date": "2020-11-22T20:46:30.402Z",
        "value": "2.626902365539427",
        "cumulative": false
    },
    {
        "date": "2020-11-22T20:47:18.520Z",
        "value": "2.845647588506475",
        "cumulative": false
    },
    {
        "date": "2020-11-22T20:48:09.881Z",
        "value": "2.675204564654638",
        "cumulative": false
    },
    {
        "date": "2020-11-22T20:49:00.059Z",
        "value": "2.8162724743150687",
        "cumulative": false
    },
    {
        "date": "2020-11-22T20:49:51.666Z",
        "value": "3.137982270367833",
        "cumulative": false
    },
    {
        "date": "2020-11-22T20:50:40.329Z",
        "value": "2.7730203608030912",
        "cumulative": false
    },
    {
        "date": "2020-11-22T20:51:31.643Z",
        "value": "2.993506577435662",
        "cumulative": false
    },
    {
        "date": "2020-11-22T20:52:19.473Z",
        "value": "2.6402300666360294",
        "cumulative": false
    },
    {
        "date": "2020-11-22T20:53:12.247Z",
        "value": "2.766578278401122",
        "cumulative": false
    },
    {
        "date": "2020-11-22T20:54:02.896Z",
        "value": "3.0566150158435317",
        "cumulative": false
    },
    {
        "date": "2020-11-22T20:54:55.228Z",
        "value": "2.8042609246222527",
        "cumulative": false
    },
    {
        "date": "2020-11-22T20:55:44.045Z",
        "value": "2.9008626613288717",
        "cumulative": false
    },
    {
        "date": "2020-11-22T20:56:33.994Z",
        "value": "2.740278713538364",
        "cumulative": false
    },
    {
        "date": "2020-11-22T20:57:21.114Z",
        "value": "2.805039236196887",
        "cumulative": false
    }
]