[
    {
        "date": "2020-11-22T17:13:04.716Z",
        "value": "11.133433077266352",
        "cumulative": false
    },
    {
        "date": "2020-11-22T17:13:58.388Z",
        "value": "9.897900641025641",
        "cumulative": false
    },
    {
        "date": "2020-11-22T17:14:47.337Z",
        "value": "9.041680070465686",
        "cumulative": false
    },
    {
        "date": "2020-11-22T17:15:39.847Z",
        "value": "8.54259152879902",
        "cumulative": false
    },
    {
        "date": "2020-11-22T17:16:28.284Z",
        "value": "8.111610630580357",
        "cumulative": false
    },
    {
        "date": "2020-11-22T17:17:22.248Z",
        "value": "7.809789776545699",
        "cumulative": false
    },
    {
        "date": "2020-11-22T17:18:12.585Z",
        "value": "7.825832948170343",
        "cumulative": false
    },
    {
        "date": "2020-11-22T17:19:05.404Z",
        "value": "7.849841557716837",
        "cumulative": false
    },
    {
        "date": "2020-11-22T17:19:56.000Z",
        "value": "7.815765801001252",
        "cumulative": false
    },
    {
        "date": "2020-11-22T17:20:48.014Z",
        "value": "7.027642463235294",
        "cumulative": false
    },
    {
        "date": "2020-11-22T17:21:38.357Z",
        "value": "7.2769104375316935",
        "cumulative": false
    },
    {
        "date": "2020-11-22T17:22:31.966Z",
        "value": "7.435409277152642",
        "cumulative": false
    },
    {
        "date": "2020-11-22T17:23:22.521Z",
        "value": "6.447211441532258",
        "cumulative": false
    },
    {
        "date": "2020-11-22T17:24:17.441Z",
        "value": "7.194498447900665",
        "cumulative": false
    },
    {
        "date": "2020-11-22T17:25:07.329Z",
        "value": "6.8757663849861395",
        "cumulative": false
    },
    {
        "date": "2020-11-22T17:26:00.421Z",
        "value": "7.224911060625872",
        "cumulative": false
    },
    {
        "date": "2020-11-22T17:26:50.971Z",
        "value": "6.607845151327489",
        "cumulative": false
    },
    {
        "date": "2020-11-22T17:27:43.176Z",
        "value": "6.623448262923407",
        "cumulative": false
    },
    {
        "date": "2020-11-22T17:28:33.982Z",
        "value": "6.529687888102335",
        "cumulative": false
    },
    {
        "date": "2020-11-22T17:29:25.725Z",
        "value": "6.361611421411514",
        "cumulative": false
    },
    {
        "date": "2020-11-22T17:30:15.971Z",
        "value": "6.177446337169027",
        "cumulative": false
    },
    {
        "date": "2020-11-22T17:31:08.428Z",
        "value": "6.046424734580384",
        "cumulative": false
    },
    {
        "date": "2020-11-22T17:31:57.186Z",
        "value": "6.086419238523574",
        "cumulative": false
    },
    {
        "date": "2020-11-22T17:32:51.513Z",
        "value": "4.997184117635091",
        "cumulative": false
    },
    {
        "date": "2020-11-22T17:33:41.858Z",
        "value": "5.262198105678763",
        "cumulative": false
    },
    {
        "date": "2020-11-22T17:34:32.657Z",
        "value": "5.859038211925739",
        "cumulative": false
    },
    {
        "date": "2020-11-22T17:35:22.490Z",
        "value": "5.398660326760913",
        "cumulative": false
    },
    {
        "date": "2020-11-22T17:36:15.104Z",
        "value": "5.158533105022831",
        "cumulative": false
    },
    {
        "date": "2020-11-22T17:37:15.257Z",
        "value": "5.442503886320153",
        "cumulative": false
    },
    {
        "date": "2020-11-22T17:38:07.167Z",
        "value": "5.336243107779323",
        "cumulative": false
    },
    {
        "date": "2020-11-22T17:38:57.482Z",
        "value": "4.6988507264464925",
        "cumulative": false
    },
    {
        "date": "2020-11-22T17:39:52.608Z",
        "value": "5.0721705659906915",
        "cumulative": false
    },
    {
        "date": "2020-11-22T17:40:42.838Z",
        "value": "6.170105362734864",
        "cumulative": false
    },
    {
        "date": "2020-11-22T17:41:36.443Z",
        "value": "4.433598171335597",
        "cumulative": false
    },
    {
        "date": "2020-11-22T17:42:26.466Z",
        "value": "5.795721712432199",
        "cumulative": false
    },
    {
        "date": "2020-11-22T17:43:16.386Z",
        "value": "4.4962816883521235",
        "cumulative": false
    },
    {
        "date": "2020-11-22T17:44:05.571Z",
        "value": "4.379876817975726",
        "cumulative": false
    },
    {
        "date": "2020-11-22T17:44:57.693Z",
        "value": "6.042600940446569",
        "cumulative": false
    },
    {
        "date": "2020-11-22T17:45:47.637Z",
        "value": "4.077854369043255",
        "cumulative": false
    },
    {
        "date": "2020-11-22T17:46:41.090Z",
        "value": "4.680282340633903",
        "cumulative": false
    },
    {
        "date": "2020-11-22T17:47:30.166Z",
        "value": "3.6948909759521484",
        "cumulative": false
    },
    {
        "date": "2020-11-22T17:48:21.349Z",
        "value": "6.070992583800662",
        "cumulative": false
    },
    {
        "date": "2020-11-22T17:49:11.602Z",
        "value": "4.2200296336206895",
        "cumulative": false
    },
    {
        "date": "2020-11-22T17:50:04.459Z",
        "value": "3.7615440166102045",
        "cumulative": false
    },
    {
        "date": "2020-11-22T17:50:55.223Z",
        "value": "4.187154523493571",
        "cumulative": false
    },
    {
        "date": "2020-11-22T17:51:46.815Z",
        "value": "4.602194734169461",
        "cumulative": false
    },
    {
        "date": "2020-11-22T17:52:35.472Z",
        "value": "4.275839556525735",
        "cumulative": false
    },
    {
        "date": "2020-11-22T17:53:28.448Z",
        "value": "3.161438821940061",
        "cumulative": false
    },
    {
        "date": "2020-11-22T17:54:18.510Z",
        "value": "5.078944490042327",
        "cumulative": false
    },
    {
        "date": "2020-11-22T17:55:11.407Z",
        "value": "5.881047270569621",
        "cumulative": false
    },
    {
        "date": "2020-11-22T17:55:59.496Z",
        "value": "4.343719498047875",
        "cumulative": false
    },
    {
        "date": "2020-11-22T17:56:52.848Z",
        "value": "4.3863035456881425",
        "cumulative": false
    },
    {
        "date": "2020-11-22T17:57:43.444Z",
        "value": "3.6422852518040605",
        "cumulative": false
    },
    {
        "date": "2020-11-22T17:58:34.114Z",
        "value": "3.5362787554340978",
        "cumulative": false
    },
    {
        "date": "2020-11-22T17:59:22.386Z",
        "value": "3.4041711303302677",
        "cumulative": false
    },
    {
        "date": "2020-11-22T18:00:22.976Z",
        "value": "5.628995529982023",
        "cumulative": false
    },
    {
        "date": "2020-11-22T18:01:10.889Z",
        "value": "3.4470026662335194",
        "cumulative": false
    },
    {
        "date": "2020-11-22T18:02:03.604Z",
        "value": "3.5910537138013194",
        "cumulative": false
    },
    {
        "date": "2020-11-22T18:02:53.061Z",
        "value": "3.3713551386296987",
        "cumulative": false
    },
    {
        "date": "2020-11-22T18:03:47.200Z",
        "value": "4.695921538978495",
        "cumulative": false
    },
    {
        "date": "2020-11-22T18:04:37.104Z",
        "value": "3.425597905177696",
        "cumulative": false
    },
    {
        "date": "2020-11-22T18:05:28.892Z",
        "value": "3.599020004272461",
        "cumulative": false
    },
    {
        "date": "2020-11-22T18:06:18.605Z",
        "value": "3.2693249187638274",
        "cumulative": false
    },
    {
        "date": "2020-11-22T18:07:10.564Z",
        "value": "3.4053856169871795",
        "cumulative": false
    },
    {
        "date": "2020-11-22T18:07:58.493Z",
        "value": "3.3368868209059777",
        "cumulative": false
    },
    {
        "date": "2020-11-22T18:08:49.585Z",
        "value": "3.5963281738892365",
        "cumulative": false
    },
    {
        "date": "2020-11-22T18:09:37.624Z",
        "value": "3.3619217218137254",
        "cumulative": false
    },
    {
        "date": "2020-11-22T18:10:28.456Z",
        "value": "4.853982180586627",
        "cumulative": false
    },
    {
        "date": "2020-11-22T18:11:16.879Z",
        "value": "4.67971883355615",
        "cumulative": false
    },
    {
        "date": "2020-11-22T18:12:08.528Z",
        "value": "3.3179518755744484",
        "cumulative": false
    },
    {
        "date": "2020-11-22T18:12:57.655Z",
        "value": "3.5954017639160156",
        "cumulative": false
    },
    {
        "date": "2020-11-22T18:13:51.172Z",
        "value": "3.3518560798654566",
        "cumulative": false
    },
    {
        "date": "2020-11-22T18:14:40.456Z",
        "value": "3.944066068914268",
        "cumulative": false
    },
    {
        "date": "2020-11-22T18:15:32.192Z",
        "value": "3.893430437360491",
        "cumulative": false
    },
    {
        "date": "2020-11-22T18:16:22.076Z",
        "value": "4.0946360677083335",
        "cumulative": false
    },
    {
        "date": "2020-11-22T18:17:13.708Z",
        "value": "3.300584154728702",
        "cumulative": false
    },
    {
        "date": "2020-11-22T18:18:02.433Z",
        "value": "3.0937390220246823",
        "cumulative": false
    },
    {
        "date": "2020-11-22T18:18:54.220Z",
        "value": "3.3923544743227203",
        "cumulative": false
    },
    {
        "date": "2020-11-22T18:19:43.524Z",
        "value": "3.2335579318213488",
        "cumulative": false
    },
    {
        "date": "2020-11-22T18:20:36.645Z",
        "value": "3.751946220012626",
        "cumulative": false
    },
    {
        "date": "2020-11-22T18:21:25.360Z",
        "value": "3.181620073608646",
        "cumulative": false
    },
    {
        "date": "2020-11-22T18:22:17.581Z",
        "value": "3.47099016108919",
        "cumulative": false
    },
    {
        "date": "2020-11-22T18:23:06.678Z",
        "value": "3.6827773367869874",
        "cumulative": false
    },
    {
        "date": "2020-11-22T18:24:07.826Z",
        "value": "4.013727659820228",
        "cumulative": false
    },
    {
        "date": "2020-11-22T18:24:56.728Z",
        "value": "4.803239889705883",
        "cumulative": false
    },
    {
        "date": "2020-11-22T18:25:47.233Z",
        "value": "3.3496574312372513",
        "cumulative": false
    },
    {
        "date": "2020-11-22T18:26:34.318Z",
        "value": "3.2419923322474062",
        "cumulative": false
    },
    {
        "date": "2020-11-22T18:27:24.480Z",
        "value": "3.430536004754755",
        "cumulative": false
    },
    {
        "date": "2020-11-22T18:28:15.359Z",
        "value": "4.179917675973866",
        "cumulative": false
    },
    {
        "date": "2020-11-22T18:29:06.340Z",
        "value": "4.022186537721324",
        "cumulative": false
    },
    {
        "date": "2020-11-22T18:29:55.211Z",
        "value": "4.482904467701269",
        "cumulative": false
    },
    {
        "date": "2020-11-22T18:30:47.862Z",
        "value": "3.294292412990821",
        "cumulative": false
    },
    {
        "date": "2020-11-22T18:31:07.689Z",
        "value": "3.087143292585745",
        "cumulative": false
    },
    {
        "date": "2020-11-22T18:32:02.949Z",
        "value": "2.953534154647436",
        "cumulative": false
    },
    {
        "date": "2020-11-22T18:32:51.658Z",
        "value": "3.6120186600030637",
        "cumulative": false
    },
    {
        "date": "2020-11-22T18:33:44.037Z",
        "value": "3.398262771905637",
        "cumulative": false
    },
    {
        "date": "2020-11-22T18:34:33.821Z",
        "value": "3.182832928093112",
        "cumulative": false
    },
    {
        "date": "2020-11-22T18:35:25.170Z",
        "value": "3.0263556367607527",
        "cumulative": false
    },
    {
        "date": "2020-11-22T18:36:13.945Z",
        "value": "2.8897683443835267",
        "cumulative": false
    },
    {
        "date": "2020-11-22T18:37:06.140Z",
        "value": "3.464292689732143",
        "cumulative": false
    },
    {
        "date": "2020-11-22T18:37:55.973Z",
        "value": "3.084260843632666",
        "cumulative": false
    },
    {
        "date": "2020-11-22T18:38:47.722Z",
        "value": "2.946347464767157",
        "cumulative": false
    },
    {
        "date": "2020-11-22T18:39:35.893Z",
        "value": "3.1559125114889706",
        "cumulative": false
    },
    {
        "date": "2020-11-22T18:40:26.891Z",
        "value": "4.398916225843934",
        "cumulative": false
    },
    {
        "date": "2020-11-22T18:41:15.941Z",
        "value": "4.315963961693549",
        "cumulative": false
    },
    {
        "date": "2020-11-22T18:42:07.885Z",
        "value": "4.915099566372247",
        "cumulative": false
    },
    {
        "date": "2020-11-22T18:42:57.379Z",
        "value": "2.9822244951801915",
        "cumulative": false
    },
    {
        "date": "2020-11-22T18:43:51.762Z",
        "value": "4.974650916361576",
        "cumulative": false
    },
    {
        "date": "2020-11-22T18:44:39.901Z",
        "value": "3.1769079192867125",
        "cumulative": false
    },
    {
        "date": "2020-11-22T18:45:32.983Z",
        "value": "3.018470262733822",
        "cumulative": false
    },
    {
        "date": "2020-11-22T18:46:23.652Z",
        "value": "3.2064141672876305",
        "cumulative": false
    },
    {
        "date": "2020-11-22T18:47:15.084Z",
        "value": "3.1514923878205128",
        "cumulative": false
    },
    {
        "date": "2020-11-22T18:48:04.464Z",
        "value": "3.4964569542795565",
        "cumulative": false
    },
    {
        "date": "2020-11-22T18:48:55.325Z",
        "value": "3.1714464579120323",
        "cumulative": false
    },
    {
        "date": "2020-11-22T18:49:43.485Z",
        "value": "3.117250504032258",
        "cumulative": false
    },
    {
        "date": "2020-11-22T18:50:36.601Z",
        "value": "2.694157918294271",
        "cumulative": false
    },
    {
        "date": "2020-11-22T18:51:26.609Z",
        "value": "2.9398973034274194",
        "cumulative": false
    },
    {
        "date": "2020-11-22T18:52:18.410Z",
        "value": "3.126771456104468",
        "cumulative": false
    },
    {
        "date": "2020-11-22T18:53:06.238Z",
        "value": "3.038752237955729",
        "cumulative": false
    },
    {
        "date": "2020-11-22T18:53:58.793Z",
        "value": "2.8979633395167426",
        "cumulative": false
    },
    {
        "date": "2020-11-22T18:54:54.355Z",
        "value": "3.3864377391581635",
        "cumulative": false
    },
    {
        "date": "2020-11-22T18:55:45.804Z",
        "value": "3.376266124636628",
        "cumulative": false
    },
    {
        "date": "2020-11-22T18:56:34.424Z",
        "value": "2.8448260688684077",
        "cumulative": false
    },
    {
        "date": "2020-11-22T18:57:27.975Z",
        "value": "3.080426674700798",
        "cumulative": false
    },
    {
        "date": "2020-11-22T18:58:17.289Z",
        "value": "4.968932288468624",
        "cumulative": false
    },
    {
        "date": "2020-11-22T18:59:10.330Z",
        "value": "2.9747094077178833",
        "cumulative": false
    },
    {
        "date": "2020-11-22T18:59:59.848Z",
        "value": "4.377561309633876",
        "cumulative": false
    },
    {
        "date": "2020-11-22T19:00:50.687Z",
        "value": "3.038060332819874",
        "cumulative": false
    },
    {
        "date": "2020-11-22T19:01:39.338Z",
        "value": "3.0508499145507812",
        "cumulative": false
    },
    {
        "date": "2020-11-22T19:02:30.073Z",
        "value": "5.049576533034311",
        "cumulative": false
    },
    {
        "date": "2020-11-22T19:03:16.115Z",
        "value": "2.9180957126710654",
        "cumulative": false
    },
    {
        "date": "2020-11-22T19:04:08.210Z",
        "value": "3.3101620926816238",
        "cumulative": false
    },
    {
        "date": "2020-11-22T19:04:57.312Z",
        "value": "2.769435167312622",
        "cumulative": false
    },
    {
        "date": "2020-11-22T19:05:48.904Z",
        "value": "5.042858223935763",
        "cumulative": false
    },
    {
        "date": "2020-11-22T19:06:37.496Z",
        "value": "3.1638186069821246",
        "cumulative": false
    },
    {
        "date": "2020-11-22T19:07:29.830Z",
        "value": "2.9220994257293973",
        "cumulative": false
    },
    {
        "date": "2020-11-22T19:08:17.707Z",
        "value": "3.2730561032819976",
        "cumulative": false
    },
    {
        "date": "2020-11-22T19:09:09.834Z",
        "value": "3.6950268611361876",
        "cumulative": false
    },
    {
        "date": "2020-11-22T19:10:00.441Z",
        "value": "3.355419921875",
        "cumulative": false
    },
    {
        "date": "2020-11-22T19:10:51.366Z",
        "value": "2.5897960938536",
        "cumulative": false
    },
    {
        "date": "2020-11-22T19:11:39.214Z",
        "value": "4.369397537036032",
        "cumulative": false
    },
    {
        "date": "2020-11-22T19:12:32.101Z",
        "value": "5.138827630537975",
        "cumulative": false
    },
    {
        "date": "2020-11-22T19:13:19.801Z",
        "value": "3.586850058403738",
        "cumulative": false
    },
    {
        "date": "2020-11-22T19:14:12.984Z",
        "value": "3.5206050036036602",
        "cumulative": false
    },
    {
        "date": "2020-11-22T19:15:00.559Z",
        "value": "2.943903077605186",
        "cumulative": false
    },
    {
        "date": "2020-11-22T19:15:51.526Z",
        "value": "2.861931585496472",
        "cumulative": false
    },
    {
        "date": "2020-11-22T19:16:42.436Z",
        "value": "2.8167802179138794",
        "cumulative": false
    },
    {
        "date": "2020-11-22T19:17:43.619Z",
        "value": "4.888800277670776",
        "cumulative": false
    },
    {
        "date": "2020-11-22T19:18:31.889Z",
        "value": "2.8093286479462476",
        "cumulative": false
    },
    {
        "date": "2020-11-22T19:19:25.182Z",
        "value": "2.9870421706989245",
        "cumulative": false
    },
    {
        "date": "2020-11-22T19:20:14.098Z",
        "value": "2.821665524610104",
        "cumulative": false
    },
    {
        "date": "2020-11-22T19:21:07.142Z",
        "value": "4.078075360459433",
        "cumulative": false
    },
    {
        "date": "2020-11-22T19:21:56.708Z",
        "value": "2.8903669768688727",
        "cumulative": false
    },
    {
        "date": "2020-11-22T19:22:46.549Z",
        "value": "2.9240243434906006",
        "cumulative": false
    },
    {
        "date": "2020-11-22T19:23:37.380Z",
        "value": "2.7890857257674226",
        "cumulative": false
    },
    {
        "date": "2020-11-22T19:24:30.575Z",
        "value": "2.876815655048077",
        "cumulative": false
    },
    {
        "date": "2020-11-22T19:25:20.053Z",
        "value": "2.7651227331102115",
        "cumulative": false
    },
    {
        "date": "2020-11-22T19:26:10.756Z",
        "value": "3.0374022215269085",
        "cumulative": false
    },
    {
        "date": "2020-11-22T19:26:59.753Z",
        "value": "2.8316193163964303",
        "cumulative": false
    },
    {
        "date": "2020-11-22T19:27:51.041Z",
        "value": "4.286507853281133",
        "cumulative": false
    },
    {
        "date": "2020-11-22T19:28:42.631Z",
        "value": "3.97741720978164",
        "cumulative": false
    },
    {
        "date": "2020-11-22T19:29:34.042Z",
        "value": "2.898245418772978",
        "cumulative": false
    },
    {
        "date": "2020-11-22T19:30:22.454Z",
        "value": "2.999311923980713",
        "cumulative": false
    },
    {
        "date": "2020-11-22T19:31:12.492Z",
        "value": "2.8282034672246557",
        "cumulative": false
    },
    {
        "date": "2020-11-22T19:31:59.508Z",
        "value": "3.3800693249374216",
        "cumulative": false
    },
    {
        "date": "2020-11-22T19:32:51.249Z",
        "value": "3.3357292054191467",
        "cumulative": false
    },
    {
        "date": "2020-11-22T19:33:40.842Z",
        "value": "3.5841458333333334",
        "cumulative": false
    },
    {
        "date": "2020-11-22T19:34:31.900Z",
        "value": "2.8644244520949544",
        "cumulative": false
    },
    {
        "date": "2020-11-22T19:35:20.844Z",
        "value": "2.6823393969941347",
        "cumulative": false
    },
    {
        "date": "2020-11-22T19:36:13.423Z",
        "value": "2.991402540671694",
        "cumulative": false
    },
    {
        "date": "2020-11-22T19:37:03.462Z",
        "value": "2.814417197951505",
        "cumulative": false
    },
    {
        "date": "2020-11-22T19:37:54.458Z",
        "value": "3.241466915246212",
        "cumulative": false
    },
    {
        "date": "2020-11-22T19:38:42.412Z",
        "value": "2.765210010458925",
        "cumulative": false
    },
    {
        "date": "2020-11-22T19:39:33.380Z",
        "value": "3.0633084704437166",
        "cumulative": false
    },
    {
        "date": "2020-11-22T19:40:22.744Z",
        "value": "3.2310133156008614",
        "cumulative": false
    },
    {
        "date": "2020-11-22T19:41:26.360Z",
        "value": "3.5952220629620295",
        "cumulative": false
    },
    {
        "date": "2020-11-22T19:42:16.157Z",
        "value": "4.252424520944741",
        "cumulative": false
    },
    {
        "date": "2020-11-22T19:43:08.288Z",
        "value": "2.9206113450567313",
        "cumulative": false
    },
    {
        "date": "2020-11-22T19:43:57.292Z",
        "value": "2.8315615446671196",
        "cumulative": false
    },
    {
        "date": "2020-11-22T19:44:50.101Z",
        "value": "3.012102190080706",
        "cumulative": false
    },
    {
        "date": "2020-11-22T19:45:39.678Z",
        "value": "3.702518259985207",
        "cumulative": false
    },
    {
        "date": "2020-11-22T19:46:32.118Z",
        "value": "3.5542292147806003",
        "cumulative": false
    },
    {
        "date": "2020-11-22T19:47:20.143Z",
        "value": "4.046920848004695",
        "cumulative": false
    },
    {
        "date": "2020-11-22T19:48:12.079Z",
        "value": "2.9101970853518613",
        "cumulative": false
    },
    {
        "date": "2020-11-22T19:48:43.442Z",
        "value": "2.7710119692719624",
        "cumulative": false
    },
    {
        "date": "2020-11-22T19:49:37.942Z",
        "value": "2.644562299679487",
        "cumulative": false
    },
    {
        "date": "2020-11-22T19:50:26.551Z",
        "value": "3.1895665785845586",
        "cumulative": false
    },
    {
        "date": "2020-11-22T19:51:17.491Z",
        "value": "2.945193780637255",
        "cumulative": false
    },
    {
        "date": "2020-11-22T19:52:06.369Z",
        "value": "2.8320045938297196",
        "cumulative": false
    },
    {
        "date": "2020-11-22T19:52:58.534Z",
        "value": "2.722744455645161",
        "cumulative": false
    },
    {
        "date": "2020-11-22T19:53:46.054Z",
        "value": "2.61696237887288",
        "cumulative": false
    },
    {
        "date": "2020-11-22T19:54:39.334Z",
        "value": "3.099949178890306",
        "cumulative": false
    },
    {
        "date": "2020-11-22T19:55:26.207Z",
        "value": "2.7447585849499374",
        "cumulative": false
    },
    {
        "date": "2020-11-22T19:56:17.582Z",
        "value": "2.7032159543504903",
        "cumulative": false
    },
    {
        "date": "2020-11-22T19:57:07.697Z",
        "value": "2.8515758707847363",
        "cumulative": false
    },
    {
        "date": "2020-11-22T19:57:59.127Z",
        "value": "4.044680123226517",
        "cumulative": false
    },
    {
        "date": "2020-11-22T19:58:48.079Z",
        "value": "4.064755859375",
        "cumulative": false
    },
    {
        "date": "2020-11-22T19:59:39.401Z",
        "value": "4.593203965053763",
        "cumulative": false
    },
    {
        "date": "2020-11-22T20:00:27.700Z",
        "value": "2.717498779296875",
        "cumulative": false
    },
    {
        "date": "2020-11-22T20:01:18.370Z",
        "value": "4.624994892455544",
        "cumulative": false
    },
    {
        "date": "2020-11-22T20:02:08.801Z",
        "value": "2.8678191890561484",
        "cumulative": false
    },
    {
        "date": "2020-11-22T20:02:59.382Z",
        "value": "2.7319846929505816",
        "cumulative": false
    },
    {
        "date": "2020-11-22T20:03:46.464Z",
        "value": "2.906284929210134",
        "cumulative": false
    },
    {
        "date": "2020-11-22T20:04:37.061Z",
        "value": "2.8514733868306936",
        "cumulative": false
    },
    {
        "date": "2020-11-22T20:05:25.768Z",
        "value": "3.2346780711206895",
        "cumulative": false
    },
    {
        "date": "2020-11-22T20:06:18.589Z",
        "value": "2.887578549592391",
        "cumulative": false
    },
    {
        "date": "2020-11-22T20:07:09.207Z",
        "value": "2.801603210297767",
        "cumulative": false
    },
    {
        "date": "2020-11-22T20:08:01.143Z",
        "value": "2.54627259572347",
        "cumulative": false
    },
    {
        "date": "2020-11-22T20:08:49.816Z",
        "value": "2.7240785660282256",
        "cumulative": false
    },
    {
        "date": "2020-11-22T20:09:40.578Z",
        "value": "2.832964423379484",
        "cumulative": false
    },
    {
        "date": "2020-11-22T20:10:28.667Z",
        "value": "2.8010646275111606",
        "cumulative": false
    },
    {
        "date": "2020-11-22T20:11:21.838Z",
        "value": "2.692765807331304",
        "cumulative": false
    },
    {
        "date": "2020-11-22T20:12:20.074Z",
        "value": "3.1099312918526785",
        "cumulative": false
    },
    {
        "date": "2020-11-22T20:13:11.883Z",
        "value": "3.1129183716190596",
        "cumulative": false
    },
    {
        "date": "2020-11-22T20:13:58.364Z",
        "value": "2.6466878880248337",
        "cumulative": false
    },
    {
        "date": "2020-11-22T20:14:51.022Z",
        "value": "2.839487408577128",
        "cumulative": false
    },
    {
        "date": "2020-11-22T20:15:39.929Z",
        "value": "4.687719225868844",
        "cumulative": false
    },
    {
        "date": "2020-11-22T20:16:32.449Z",
        "value": "2.774693711976514",
        "cumulative": false
    },
    {
        "date": "2020-11-22T20:17:20.457Z",
        "value": "4.069879114275148",
        "cumulative": false
    },
    {
        "date": "2020-11-22T20:18:10.363Z",
        "value": "2.8372640784773204",
        "cumulative": false
    },
    {
        "date": "2020-11-22T20:18:59.927Z",
        "value": "2.850385938371931",
        "cumulative": false
    },
    {
        "date": "2020-11-22T20:19:51.134Z",
        "value": "4.7770153303431115",
        "cumulative": false
    },
    {
        "date": "2020-11-22T20:20:39.267Z",
        "value": "2.7149284713312563",
        "cumulative": false
    },
    {
        "date": "2020-11-22T20:21:30.251Z",
        "value": "3.087291889245014",
        "cumulative": false
    },
    {
        "date": "2020-11-22T20:22:19.162Z",
        "value": "2.5876641273498535",
        "cumulative": false
    },
    {
        "date": "2020-11-22T20:23:10.798Z",
        "value": "4.7290144858845276",
        "cumulative": false
    },
    {
        "date": "2020-11-22T20:23:59.165Z",
        "value": "2.9571959087379565",
        "cumulative": false
    },
    {
        "date": "2020-11-22T20:24:50.685Z",
        "value": "2.754853375190127",
        "cumulative": false
    },
    {
        "date": "2020-11-22T20:25:37.050Z",
        "value": "3.0646400269138754",
        "cumulative": false
    },
    {
        "date": "2020-11-22T20:26:29.520Z",
        "value": "3.455503812548362",
        "cumulative": false
    },
    {
        "date": "2020-11-22T20:27:18.244Z",
        "value": "3.132078067555147",
        "cumulative": false
    },
    {
        "date": "2020-11-22T20:28:10.354Z",
        "value": "2.454786749104893",
        "cumulative": false
    },
    {
        "date": "2020-11-22T20:28:58.363Z",
        "value": "4.170080007325809",
        "cumulative": false
    },
    {
        "date": "2020-11-22T20:29:50.682Z",
        "value": "4.873946795886076",
        "cumulative": false
    },
    {
        "date": "2020-11-22T20:30:38.631Z",
        "value": "3.3801773313492065",
        "cumulative": false
    },
    {
        "date": "2020-11-22T20:31:29.430Z",
        "value": "3.2900924319221607",
        "cumulative": false
    },
    {
        "date": "2020-11-22T20:32:16.003Z",
        "value": "2.764729419566414",
        "cumulative": false
    },
    {
        "date": "2020-11-22T20:33:09.674Z",
        "value": "2.70501955093876",
        "cumulative": false
    },
    {
        "date": "2020-11-22T20:33:57.415Z",
        "value": "2.6669127125139354",
        "cumulative": false
    },
    {
        "date": "2020-11-22T20:34:57.498Z",
        "value": "4.62186918175398",
        "cumulative": false
    },
    {
        "date": "2020-11-22T20:35:45.029Z",
        "value": "2.6572884642811867",
        "cumulative": false
    },
    {
        "date": "2020-11-22T20:36:36.412Z",
        "value": "2.8368968795821115",
        "cumulative": false
    },
    {
        "date": "2020-11-22T20:37:25.967Z",
        "value": "2.681384443315116",
        "cumulative": false
    },
    {
        "date": "2020-11-22T20:38:16.015Z",
        "value": "3.8782482874358504",
        "cumulative": false
    },
    {
        "date": "2020-11-22T20:39:05.194Z",
        "value": "2.7226208256740194",
        "cumulative": false
    },
    {
        "date": "2020-11-22T20:39:58.332Z",
        "value": "2.740767478942871",
        "cumulative": false
    },
    {
        "date": "2020-11-22T20:40:47.147Z",
        "value": "2.6530032537679755",
        "cumulative": false
    },
    {
        "date": "2020-11-22T20:41:38.860Z",
        "value": "2.7323507612179485",
        "cumulative": false
    },
    {
        "date": "2020-11-22T20:42:25.190Z",
        "value": "2.6153555028019926",
        "cumulative": false
    },
    {
        "date": "2020-11-22T20:43:14.403Z",
        "value": "2.8649429951501877",
        "cumulative": false
    },
    {
        "date": "2020-11-22T20:44:02.982Z",
        "value": "2.684564420720211",
        "cumulative": false
    },
    {
        "date": "2020-11-22T20:44:53.542Z",
        "value": "4.095963347470793",
        "cumulative": false
    },
    {
        "date": "2020-11-22T20:45:41.186Z",
        "value": "3.7650038992869876",
        "cumulative": false
    },
    {
        "date": "2020-11-22T20:46:30.418Z",
        "value": "2.7598505955116424",
        "cumulative": false
    },
    {
        "date": "2020-11-22T20:47:18.464Z",
        "value": "2.8336474895477295",
        "cumulative": false
    },
    {
        "date": "2020-11-22T20:48:09.886Z",
        "value": "2.6772288602941177",
        "cumulative": false
    },
    {
        "date": "2020-11-22T20:48:59.956Z",
        "value": "3.2047134112953692",
        "cumulative": false
    },
    {
        "date": "2020-11-22T20:49:51.511Z",
        "value": "3.151060800703745",
        "cumulative": false
    },
    {
        "date": "2020-11-22T20:50:40.229Z",
        "value": "3.4216708984375",
        "cumulative": false
    },
    {
        "date": "2020-11-22T20:51:31.649Z",
        "value": "2.7344948418483774",
        "cumulative": false
    },
    {
        "date": "2020-11-22T20:52:19.457Z",
        "value": "2.5564267931329425",
        "cumulative": false
    },
    {
        "date": "2020-11-22T20:53:12.252Z",
        "value": "2.85923099078341",
        "cumulative": false
    },
    {
        "date": "2020-11-22T20:54:02.862Z",
        "value": "2.6956951775013933",
        "cumulative": false
    },
    {
        "date": "2020-11-22T20:54:55.227Z",
        "value": "3.09627106021149",
        "cumulative": false
    },
    {
        "date": "2020-11-22T20:55:44.121Z",
        "value": "2.634069353765213",
        "cumulative": false
    },
    {
        "date": "2020-11-22T20:56:33.990Z",
        "value": "2.921456223942823",
        "cumulative": false
    },
    {
        "date": "2020-11-22T20:57:21.024Z",
        "value": "3.0886374080882355",
        "cumulative": false
    }
]