[
    {
        "date": "2020-11-22T17:13:04.712Z",
        "value": "11.145546034124266",
        "cumulative": false
    },
    {
        "date": "2020-11-22T17:13:58.391Z",
        "value": "9.902459757424475",
        "cumulative": false
    },
    {
        "date": "2020-11-22T17:14:47.374Z",
        "value": "9.135966951884921",
        "cumulative": false
    },
    {
        "date": "2020-11-22T17:15:39.846Z",
        "value": "8.638981290604697",
        "cumulative": false
    },
    {
        "date": "2020-11-22T17:16:28.315Z",
        "value": "8.091587716817497",
        "cumulative": false
    },
    {
        "date": "2020-11-22T17:17:22.249Z",
        "value": "7.930416927954292",
        "cumulative": false
    },
    {
        "date": "2020-11-22T17:18:12.642Z",
        "value": "7.829600367052802",
        "cumulative": false
    },
    {
        "date": "2020-11-22T17:19:05.405Z",
        "value": "7.734159613715278",
        "cumulative": false
    },
    {
        "date": "2020-11-22T17:19:55.986Z",
        "value": "8.242124899839743",
        "cumulative": false
    },
    {
        "date": "2020-11-22T17:20:48.013Z",
        "value": "7.5765877825469365",
        "cumulative": false
    },
    {
        "date": "2020-11-22T17:21:38.377Z",
        "value": "7.41577996751026",
        "cumulative": false
    },
    {
        "date": "2020-11-22T17:22:31.968Z",
        "value": "7.1818014764469655",
        "cumulative": false
    },
    {
        "date": "2020-11-22T17:23:22.651Z",
        "value": "7.226756914724996",
        "cumulative": false
    },
    {
        "date": "2020-11-22T17:24:17.442Z",
        "value": "6.866665475736789",
        "cumulative": false
    },
    {
        "date": "2020-11-22T17:25:07.371Z",
        "value": "6.9215571384803924",
        "cumulative": false
    },
    {
        "date": "2020-11-22T17:26:00.423Z",
        "value": "6.707193849586216",
        "cumulative": false
    },
    {
        "date": "2020-11-22T17:26:51.092Z",
        "value": "6.389566341336755",
        "cumulative": false
    },
    {
        "date": "2020-11-22T17:27:43.168Z",
        "value": "6.600262880067568",
        "cumulative": false
    },
    {
        "date": "2020-11-22T17:28:34.036Z",
        "value": "6.435763031126482",
        "cumulative": false
    },
    {
        "date": "2020-11-22T17:29:25.729Z",
        "value": "6.390225010702054",
        "cumulative": false
    },
    {
        "date": "2020-11-22T17:30:15.968Z",
        "value": "6.513048206676136",
        "cumulative": false
    },
    {
        "date": "2020-11-22T17:31:08.431Z",
        "value": "6.051204427083333",
        "cumulative": false
    },
    {
        "date": "2020-11-22T17:31:57.167Z",
        "value": "5.946149412081643",
        "cumulative": false
    },
    {
        "date": "2020-11-22T17:32:51.517Z",
        "value": "5.711214524872449",
        "cumulative": false
    },
    {
        "date": "2020-11-22T17:33:41.843Z",
        "value": "5.7330305459949935",
        "cumulative": false
    },
    {
        "date": "2020-11-22T17:34:32.659Z",
        "value": "5.604600694444445",
        "cumulative": false
    },
    {
        "date": "2020-11-22T17:35:22.438Z",
        "value": "6.161789082928651",
        "cumulative": false
    },
    {
        "date": "2020-11-22T17:36:15.110Z",
        "value": "5.231721047794117",
        "cumulative": false
    },
    {
        "date": "2020-11-22T17:37:15.008Z",
        "value": "6.652469429347826",
        "cumulative": false
    },
    {
        "date": "2020-11-22T17:38:07.168Z",
        "value": "5.002850650912364",
        "cumulative": false
    },
    {
        "date": "2020-11-22T17:38:57.562Z",
        "value": "4.918844980736301",
        "cumulative": false
    },
    {
        "date": "2020-11-22T17:39:52.609Z",
        "value": "4.271845569349315",
        "cumulative": false
    },
    {
        "date": "2020-11-22T17:40:43.046Z",
        "value": "4.941521110954705",
        "cumulative": false
    },
    {
        "date": "2020-11-22T17:41:36.443Z",
        "value": "5.121318514384921",
        "cumulative": false
    },
    {
        "date": "2020-11-22T17:42:26.614Z",
        "value": "4.7290765671502974",
        "cumulative": false
    },
    {
        "date": "2020-11-22T17:43:16.386Z",
        "value": "4.700086336626023",
        "cumulative": false
    },
    {
        "date": "2020-11-22T17:44:05.672Z",
        "value": "4.8285186977630286",
        "cumulative": false
    },
    {
        "date": "2020-11-22T17:44:57.696Z",
        "value": "4.473435189179196",
        "cumulative": false
    },
    {
        "date": "2020-11-22T17:45:47.704Z",
        "value": "4.230212089342949",
        "cumulative": false
    },
    {
        "date": "2020-11-22T17:46:41.094Z",
        "value": "4.229725564936156",
        "cumulative": false
    },
    {
        "date": "2020-11-22T17:47:30.154Z",
        "value": "4.461024403751885",
        "cumulative": false
    },
    {
        "date": "2020-11-22T17:48:21.349Z",
        "value": "3.9914967256433824",
        "cumulative": false
    },
    {
        "date": "2020-11-22T17:49:11.689Z",
        "value": "3.9414601479807208",
        "cumulative": false
    },
    {
        "date": "2020-11-22T17:50:04.461Z",
        "value": "3.7309551164215686",
        "cumulative": false
    },
    {
        "date": "2020-11-22T17:50:55.294Z",
        "value": "3.8376138673822284",
        "cumulative": false
    },
    {
        "date": "2020-11-22T17:51:46.818Z",
        "value": "4.051231971153846",
        "cumulative": false
    },
    {
        "date": "2020-11-22T17:52:35.615Z",
        "value": "3.777462023122769",
        "cumulative": false
    },
    {
        "date": "2020-11-22T17:53:28.450Z",
        "value": "3.9215860376602563",
        "cumulative": false
    },
    {
        "date": "2020-11-22T17:54:18.632Z",
        "value": "3.3971952103440226",
        "cumulative": false
    },
    {
        "date": "2020-11-22T17:55:11.411Z",
        "value": "3.6556654986213237",
        "cumulative": false
    },
    {
        "date": "2020-11-22T17:55:59.591Z",
        "value": "3.7202834004103535",
        "cumulative": false
    },
    {
        "date": "2020-11-22T17:56:52.850Z",
        "value": "4.437020250873689",
        "cumulative": false
    },
    {
        "date": "2020-11-22T17:57:43.461Z",
        "value": "3.835455322265625",
        "cumulative": false
    },
    {
        "date": "2020-11-22T17:58:34.114Z",
        "value": "3.899132930871212",
        "cumulative": false
    },
    {
        "date": "2020-11-22T17:59:22.379Z",
        "value": "4.416337642021186",
        "cumulative": false
    },
    {
        "date": "2020-11-22T18:00:22.971Z",
        "value": "4.174077715192523",
        "cumulative": false
    },
    {
        "date": "2020-11-22T18:01:10.925Z",
        "value": "3.7523560062531502",
        "cumulative": false
    },
    {
        "date": "2020-11-22T18:02:03.616Z",
        "value": "5.4692772587082725",
        "cumulative": false
    },
    {
        "date": "2020-11-22T18:02:53.086Z",
        "value": "4.0734837134184305",
        "cumulative": false
    },
    {
        "date": "2020-11-22T18:03:47.198Z",
        "value": "3.2910915784776233",
        "cumulative": false
    },
    {
        "date": "2020-11-22T18:04:37.145Z",
        "value": "3.350954415628055",
        "cumulative": false
    },
    {
        "date": "2020-11-22T18:05:28.897Z",
        "value": "5.138794637355189",
        "cumulative": false
    },
    {
        "date": "2020-11-22T18:06:18.634Z",
        "value": "3.461341511803501",
        "cumulative": false
    },
    {
        "date": "2020-11-22T18:07:10.564Z",
        "value": "3.4418037228467986",
        "cumulative": false
    },
    {
        "date": "2020-11-22T18:07:58.536Z",
        "value": "3.5527631123860677",
        "cumulative": false
    },
    {
        "date": "2020-11-22T18:08:49.586Z",
        "value": "3.585367520028131",
        "cumulative": false
    },
    {
        "date": "2020-11-22T18:09:37.675Z",
        "value": "3.6362604555876357",
        "cumulative": false
    },
    {
        "date": "2020-11-22T18:10:28.453Z",
        "value": "3.2866282743566178",
        "cumulative": false
    },
    {
        "date": "2020-11-22T18:11:16.985Z",
        "value": "3.3671699419413526",
        "cumulative": false
    },
    {
        "date": "2020-11-22T18:12:08.522Z",
        "value": "3.206259466677296",
        "cumulative": false
    },
    {
        "date": "2020-11-22T18:12:57.601Z",
        "value": "5.61353942589475",
        "cumulative": false
    },
    {
        "date": "2020-11-22T18:13:51.164Z",
        "value": "2.822444294329574",
        "cumulative": false
    },
    {
        "date": "2020-11-22T18:14:40.435Z",
        "value": "5.556269766335053",
        "cumulative": false
    },
    {
        "date": "2020-11-22T18:15:32.194Z",
        "value": "3.4638646738256114",
        "cumulative": false
    },
    {
        "date": "2020-11-22T18:16:22.157Z",
        "value": "3.496672937569677",
        "cumulative": false
    },
    {
        "date": "2020-11-22T18:17:13.704Z",
        "value": "3.3297095063640287",
        "cumulative": false
    },
    {
        "date": "2020-11-22T18:18:02.428Z",
        "value": "3.2258094049269155",
        "cumulative": false
    },
    {
        "date": "2020-11-22T18:18:54.211Z",
        "value": "4.0253122262265055",
        "cumulative": false
    },
    {
        "date": "2020-11-22T18:19:43.566Z",
        "value": "3.2556109992825255",
        "cumulative": false
    },
    {
        "date": "2020-11-22T18:20:36.648Z",
        "value": "5.115971211605152",
        "cumulative": false
    },
    {
        "date": "2020-11-22T18:21:25.368Z",
        "value": "3.5115780486874235",
        "cumulative": false
    },
    {
        "date": "2020-11-22T18:22:17.583Z",
        "value": "5.065762389539985",
        "cumulative": false
    },
    {
        "date": "2020-11-22T18:23:06.772Z",
        "value": "3.48067333984375",
        "cumulative": false
    },
    {
        "date": "2020-11-22T18:24:07.827Z",
        "value": "3.3738748301630435",
        "cumulative": false
    },
    {
        "date": "2020-11-22T18:24:56.865Z",
        "value": "3.297382915257422",
        "cumulative": false
    },
    {
        "date": "2020-11-22T18:25:47.241Z",
        "value": "3.300170468828557",
        "cumulative": false
    },
    {
        "date": "2020-11-22T18:26:34.254Z",
        "value": "4.855161052104855",
        "cumulative": false
    },
    {
        "date": "2020-11-22T18:27:24.481Z",
        "value": "3.26821384182224",
        "cumulative": false
    },
    {
        "date": "2020-11-22T18:28:15.426Z",
        "value": "3.322551163383152",
        "cumulative": false
    },
    {
        "date": "2020-11-22T18:29:06.343Z",
        "value": "3.4162245806525737",
        "cumulative": false
    },
    {
        "date": "2020-11-22T18:29:55.322Z",
        "value": "3.0746149383814987",
        "cumulative": false
    },
    {
        "date": "2020-11-22T18:30:47.859Z",
        "value": "3.072320520525148",
        "cumulative": false
    },
    {
        "date": "2020-11-22T18:31:08.915Z",
        "value": "3.629678326810176",
        "cumulative": false
    },
    {
        "date": "2020-11-22T18:32:02.953Z",
        "value": "2.981016535058244",
        "cumulative": false
    },
    {
        "date": "2020-11-22T18:32:51.698Z",
        "value": "4.426901196676587",
        "cumulative": false
    },
    {
        "date": "2020-11-22T18:33:44.039Z",
        "value": "3.1118983965048725",
        "cumulative": false
    },
    {
        "date": "2020-11-22T18:34:33.840Z",
        "value": "3.2089620353349675",
        "cumulative": false
    },
    {
        "date": "2020-11-22T18:35:25.169Z",
        "value": "3.2896650945861206",
        "cumulative": false
    },
    {
        "date": "2020-11-22T18:36:13.988Z",
        "value": "3.215349920864763",
        "cumulative": false
    },
    {
        "date": "2020-11-22T18:37:06.345Z",
        "value": "3.1886952039930554",
        "cumulative": false
    },
    {
        "date": "2020-11-22T18:37:55.948Z",
        "value": "5.112755408653846",
        "cumulative": false
    },
    {
        "date": "2020-11-22T18:38:47.720Z",
        "value": "3.1603574488945156",
        "cumulative": false
    },
    {
        "date": "2020-11-22T18:39:35.908Z",
        "value": "3.4187104565663473",
        "cumulative": false
    },
    {
        "date": "2020-11-22T18:40:26.900Z",
        "value": "3.043864637780469",
        "cumulative": false
    },
    {
        "date": "2020-11-22T18:41:16.030Z",
        "value": "3.9004875227849105",
        "cumulative": false
    },
    {
        "date": "2020-11-22T18:42:07.889Z",
        "value": "3.0655725990853657",
        "cumulative": false
    },
    {
        "date": "2020-11-22T18:42:57.417Z",
        "value": "3.3803493125765933",
        "cumulative": false
    },
    {
        "date": "2020-11-22T18:43:51.762Z",
        "value": "3.081883607645751",
        "cumulative": false
    },
    {
        "date": "2020-11-22T18:44:40.009Z",
        "value": "2.946100050403226",
        "cumulative": false
    },
    {
        "date": "2020-11-22T18:45:32.975Z",
        "value": "3.305256809543919",
        "cumulative": false
    },
    {
        "date": "2020-11-22T18:46:23.687Z",
        "value": "3.2944934226778657",
        "cumulative": false
    },
    {
        "date": "2020-11-22T18:47:15.094Z",
        "value": "3.8692593509203768",
        "cumulative": false
    },
    {
        "date": "2020-11-22T18:48:04.456Z",
        "value": "4.333645167495265",
        "cumulative": false
    },
    {
        "date": "2020-11-22T18:48:55.333Z",
        "value": "3.04996888403799",
        "cumulative": false
    },
    {
        "date": "2020-11-22T18:49:43.545Z",
        "value": "3.0233889690035496",
        "cumulative": false
    },
    {
        "date": "2020-11-22T18:50:36.603Z",
        "value": "3.015938645966199",
        "cumulative": false
    },
    {
        "date": "2020-11-22T18:51:26.588Z",
        "value": "3.2142231011420526",
        "cumulative": false
    },
    {
        "date": "2020-11-22T18:52:18.406Z",
        "value": "3.0092705620659723",
        "cumulative": false
    },
    {
        "date": "2020-11-22T18:53:06.174Z",
        "value": "4.164605318453493",
        "cumulative": false
    },
    {
        "date": "2020-11-22T18:53:58.795Z",
        "value": "3.347623458563113",
        "cumulative": false
    },
    {
        "date": "2020-11-22T18:54:54.239Z",
        "value": "5.390898680124224",
        "cumulative": false
    },
    {
        "date": "2020-11-22T18:55:45.801Z",
        "value": "2.9209706856690665",
        "cumulative": false
    },
    {
        "date": "2020-11-22T18:56:34.492Z",
        "value": "2.9767927852862037",
        "cumulative": false
    },
    {
        "date": "2020-11-22T18:57:27.983Z",
        "value": "2.6535834904340097",
        "cumulative": false
    },
    {
        "date": "2020-11-22T18:58:17.465Z",
        "value": "3.025850801973849",
        "cumulative": false
    },
    {
        "date": "2020-11-22T18:59:10.331Z",
        "value": "3.30694337875124",
        "cumulative": false
    },
    {
        "date": "2020-11-22T18:59:59.984Z",
        "value": "2.9194231790209573",
        "cumulative": false
    },
    {
        "date": "2020-11-22T19:00:50.690Z",
        "value": "3.2523652135746257",
        "cumulative": false
    },
    {
        "date": "2020-11-22T19:01:39.443Z",
        "value": "3.072608430125369",
        "cumulative": false
    },
    {
        "date": "2020-11-22T19:02:30.074Z",
        "value": "2.936494792950456",
        "cumulative": false
    },
    {
        "date": "2020-11-22T19:03:16.191Z",
        "value": "3.023299538877589",
        "cumulative": false
    },
    {
        "date": "2020-11-22T19:04:08.214Z",
        "value": "2.9836092384912636",
        "cumulative": false
    },
    {
        "date": "2020-11-22T19:04:57.295Z",
        "value": "3.286468152966315",
        "cumulative": false
    },
    {
        "date": "2020-11-22T19:05:48.888Z",
        "value": "2.808218443627451",
        "cumulative": false
    },
    {
        "date": "2020-11-22T19:06:37.577Z",
        "value": "2.9335797217584427",
        "cumulative": false
    },
    {
        "date": "2020-11-22T19:07:29.833Z",
        "value": "2.897352989047181",
        "cumulative": false
    },
    {
        "date": "2020-11-22T19:08:17.776Z",
        "value": "2.8507176225230557",
        "cumulative": false
    },
    {
        "date": "2020-11-22T19:09:09.834Z",
        "value": "3.099356085120809",
        "cumulative": false
    },
    {
        "date": "2020-11-22T19:10:00.597Z",
        "value": "2.8871517541273586",
        "cumulative": false
    },
    {
        "date": "2020-11-22T19:10:51.370Z",
        "value": "3.100055088141026",
        "cumulative": false
    },
    {
        "date": "2020-11-22T19:11:39.335Z",
        "value": "2.792539451665629",
        "cumulative": false
    },
    {
        "date": "2020-11-22T19:12:32.104Z",
        "value": "2.897188553155637",
        "cumulative": false
    },
    {
        "date": "2020-11-22T19:13:19.888Z",
        "value": "2.9445818043718432",
        "cumulative": false
    },
    {
        "date": "2020-11-22T19:14:12.988Z",
        "value": "3.644127558662007",
        "cumulative": false
    },
    {
        "date": "2020-11-22T19:15:00.578Z",
        "value": "3.158794148763021",
        "cumulative": false
    },
    {
        "date": "2020-11-22T19:15:51.533Z",
        "value": "3.2096635588420974",
        "cumulative": false
    },
    {
        "date": "2020-11-22T19:16:42.426Z",
        "value": "3.781674461814454",
        "cumulative": false
    },
    {
        "date": "2020-11-22T19:17:43.621Z",
        "value": "3.3902626037597656",
        "cumulative": false
    },
    {
        "date": "2020-11-22T19:18:31.923Z",
        "value": "3.036861296622984",
        "cumulative": false
    },
    {
        "date": "2020-11-22T19:19:25.188Z",
        "value": "4.759762317821722",
        "cumulative": false
    },
    {
        "date": "2020-11-22T19:20:14.127Z",
        "value": "3.337549618617684",
        "cumulative": false
    },
    {
        "date": "2020-11-22T19:21:07.125Z",
        "value": "2.7472659238333548",
        "cumulative": false
    },
    {
        "date": "2020-11-22T19:21:56.851Z",
        "value": "2.821173555107527",
        "cumulative": false
    },
    {
        "date": "2020-11-22T19:22:46.554Z",
        "value": "4.502027263834114",
        "cumulative": false
    },
    {
        "date": "2020-11-22T19:23:37.399Z",
        "value": "2.858683749768861",
        "cumulative": false
    },
    {
        "date": "2020-11-22T19:24:30.575Z",
        "value": "2.8841001929306405",
        "cumulative": false
    },
    {
        "date": "2020-11-22T19:25:20.101Z",
        "value": "2.988416544596354",
        "cumulative": false
    },
    {
        "date": "2020-11-22T19:26:10.763Z",
        "value": "3.0638236626253668",
        "cumulative": false
    },
    {
        "date": "2020-11-22T19:26:59.807Z",
        "value": "3.1000857145889946",
        "cumulative": false
    },
    {
        "date": "2020-11-22T19:27:51.042Z",
        "value": "2.79481314009979",
        "cumulative": false
    },
    {
        "date": "2020-11-22T19:28:42.735Z",
        "value": "2.870135024257991",
        "cumulative": false
    },
    {
        "date": "2020-11-22T19:29:34.044Z",
        "value": "2.7899872448979592",
        "cumulative": false
    },
    {
        "date": "2020-11-22T19:30:22.401Z",
        "value": "5.004958438552189",
        "cumulative": false
    },
    {
        "date": "2020-11-22T19:31:12.490Z",
        "value": "2.4116861979166666",
        "cumulative": false
    },
    {
        "date": "2020-11-22T19:31:59.485Z",
        "value": "4.989769482313927",
        "cumulative": false
    },
    {
        "date": "2020-11-22T19:32:51.246Z",
        "value": "2.9105913670366794",
        "cumulative": false
    },
    {
        "date": "2020-11-22T19:33:40.927Z",
        "value": "2.961935564294175",
        "cumulative": false
    },
    {
        "date": "2020-11-22T19:34:31.903Z",
        "value": "2.83664464104105",
        "cumulative": false
    },
    {
        "date": "2020-11-22T19:35:20.841Z",
        "value": "2.780969435168851",
        "cumulative": false
    },
    {
        "date": "2020-11-22T19:36:13.427Z",
        "value": "3.510022287651322",
        "cumulative": false
    },
    {
        "date": "2020-11-22T19:37:03.505Z",
        "value": "2.8261526925223213",
        "cumulative": false
    },
    {
        "date": "2020-11-22T19:37:54.459Z",
        "value": "4.541148671662126",
        "cumulative": false
    },
    {
        "date": "2020-11-22T19:38:42.408Z",
        "value": "3.0929308321886446",
        "cumulative": false
    },
    {
        "date": "2020-11-22T19:39:33.383Z",
        "value": "4.593693203183755",
        "cumulative": false
    },
    {
        "date": "2020-11-22T19:40:22.844Z",
        "value": "3.0165986328125",
        "cumulative": false
    },
    {
        "date": "2020-11-22T19:41:26.351Z",
        "value": "2.8873269009312037",
        "cumulative": false
    },
    {
        "date": "2020-11-22T19:42:16.286Z",
        "value": "2.871510162219717",
        "cumulative": false
    },
    {
        "date": "2020-11-22T19:43:08.289Z",
        "value": "2.8403612446581197",
        "cumulative": false
    },
    {
        "date": "2020-11-22T19:43:57.230Z",
        "value": "4.288501077447056",
        "cumulative": false
    },
    {
        "date": "2020-11-22T19:44:50.104Z",
        "value": "2.8563314330526244",
        "cumulative": false
    },
    {
        "date": "2020-11-22T19:45:39.747Z",
        "value": "2.9226777449898096",
        "cumulative": false
    },
    {
        "date": "2020-11-22T19:46:32.119Z",
        "value": "3.0022025314031864",
        "cumulative": false
    },
    {
        "date": "2020-11-22T19:47:20.256Z",
        "value": "2.7691199378629703",
        "cumulative": false
    },
    {
        "date": "2020-11-22T19:48:12.078Z",
        "value": "2.66333176351393",
        "cumulative": false
    },
    {
        "date": "2020-11-22T19:48:44.338Z",
        "value": "3.214643325357754",
        "cumulative": false
    },
    {
        "date": "2020-11-22T19:49:37.944Z",
        "value": "2.6791454653097797",
        "cumulative": false
    },
    {
        "date": "2020-11-22T19:50:26.586Z",
        "value": "3.9729187980530756",
        "cumulative": false
    },
    {
        "date": "2020-11-22T19:51:17.500Z",
        "value": "2.732387712393803",
        "cumulative": false
    },
    {
        "date": "2020-11-22T19:52:06.380Z",
        "value": "2.8290981256284566",
        "cumulative": false
    },
    {
        "date": "2020-11-22T19:52:58.537Z",
        "value": "2.954597464639075",
        "cumulative": false
    },
    {
        "date": "2020-11-22T19:53:46.100Z",
        "value": "2.894261853448276",
        "cumulative": false
    },
    {
        "date": "2020-11-22T19:54:39.333Z",
        "value": "2.848589138454861",
        "cumulative": false
    },
    {
        "date": "2020-11-22T19:55:26.191Z",
        "value": "4.718015170426528",
        "cumulative": false
    },
    {
        "date": "2020-11-22T19:56:17.588Z",
        "value": "2.8599901764760376",
        "cumulative": false
    },
    {
        "date": "2020-11-22T19:57:07.711Z",
        "value": "3.072106115338577",
        "cumulative": false
    },
    {
        "date": "2020-11-22T19:57:59.119Z",
        "value": "2.75283805695436",
        "cumulative": false
    },
    {
        "date": "2020-11-22T19:58:48.171Z",
        "value": "3.551903778332541",
        "cumulative": false
    },
    {
        "date": "2020-11-22T19:59:39.405Z",
        "value": "2.768578506097561",
        "cumulative": false
    },
    {
        "date": "2020-11-22T20:00:27.733Z",
        "value": "3.06627747778799",
        "cumulative": false
    },
    {
        "date": "2020-11-22T20:01:18.377Z",
        "value": "2.7998273645936265",
        "cumulative": false
    },
    {
        "date": "2020-11-22T20:02:08.914Z",
        "value": "2.700760439577224",
        "cumulative": false
    },
    {
        "date": "2020-11-22T20:02:59.382Z",
        "value": "3.007571262668919",
        "cumulative": false
    },
    {
        "date": "2020-11-22T20:03:46.506Z",
        "value": "2.997879450500247",
        "cumulative": false
    },
    {
        "date": "2020-11-22T20:04:37.059Z",
        "value": "3.571927841395548",
        "cumulative": false
    },
    {
        "date": "2020-11-22T20:05:25.755Z",
        "value": "4.0339373964251894",
        "cumulative": false
    },
    {
        "date": "2020-11-22T20:06:18.590Z",
        "value": "2.7911913105085784",
        "cumulative": false
    },
    {
        "date": "2020-11-22T20:07:09.267Z",
        "value": "2.7772318315796145",
        "cumulative": false
    },
    {
        "date": "2020-11-22T20:08:01.145Z",
        "value": "2.7726173867984696",
        "cumulative": false
    },
    {
        "date": "2020-11-22T20:08:49.777Z",
        "value": "2.9434463978410514",
        "cumulative": false
    },
    {
        "date": "2020-11-22T20:09:40.579Z",
        "value": "2.7875559973338295",
        "cumulative": false
    },
    {
        "date": "2020-11-22T20:10:28.608Z",
        "value": "3.861603182200224",
        "cumulative": false
    },
    {
        "date": "2020-11-22T20:11:21.843Z",
        "value": "3.1133947035845586",
        "cumulative": false
    },
    {
        "date": "2020-11-22T20:12:19.972Z",
        "value": "5.0820564829192545",
        "cumulative": false
    },
    {
        "date": "2020-11-22T20:13:11.884Z",
        "value": "2.701442441968719",
        "cumulative": false
    },
    {
        "date": "2020-11-22T20:13:58.417Z",
        "value": "2.747016324455724",
        "cumulative": false
    },
    {
        "date": "2020-11-22T20:14:51.018Z",
        "value": "2.488467506915174",
        "cumulative": false
    },
    {
        "date": "2020-11-22T20:15:40.124Z",
        "value": "2.796336375437938",
        "cumulative": false
    },
    {
        "date": "2020-11-22T20:16:32.451Z",
        "value": "3.0448458232576887",
        "cumulative": false
    },
    {
        "date": "2020-11-22T20:17:20.598Z",
        "value": "2.7035030788845487",
        "cumulative": false
    },
    {
        "date": "2020-11-22T20:18:10.367Z",
        "value": "3.0367183882543602",
        "cumulative": false
    },
    {
        "date": "2020-11-22T20:19:00.035Z",
        "value": "2.8265564504977876",
        "cumulative": false
    },
    {
        "date": "2020-11-22T20:19:51.136Z",
        "value": "2.710322243961055",
        "cumulative": false
    },
    {
        "date": "2020-11-22T20:20:39.336Z",
        "value": "2.8138271233974357",
        "cumulative": false
    },
    {
        "date": "2020-11-22T20:21:30.252Z",
        "value": "2.78123529905914",
        "cumulative": false
    },
    {
        "date": "2020-11-22T20:22:19.138Z",
        "value": "3.055228561777275",
        "cumulative": false
    },
    {
        "date": "2020-11-22T20:23:10.802Z",
        "value": "2.628735830269608",
        "cumulative": false
    },
    {
        "date": "2020-11-22T20:23:59.241Z",
        "value": "2.7355464812247985",
        "cumulative": false
    },
    {
        "date": "2020-11-22T20:24:50.687Z",
        "value": "2.717730353860294",
        "cumulative": false
    },
    {
        "date": "2020-11-22T20:25:37.114Z",
        "value": "2.651823825398804",
        "cumulative": false
    },
    {
        "date": "2020-11-22T20:26:29.523Z",
        "value": "2.8936760355029585",
        "cumulative": false
    },
    {
        "date": "2020-11-22T20:27:18.389Z",
        "value": "2.7093108088188425",
        "cumulative": false
    },
    {
        "date": "2020-11-22T20:28:10.357Z",
        "value": "2.9238541666666666",
        "cumulative": false
    },
    {
        "date": "2020-11-22T20:28:58.483Z",
        "value": "2.644789680300436",
        "cumulative": false
    },
    {
        "date": "2020-11-22T20:29:50.684Z",
        "value": "2.743390730315564",
        "cumulative": false
    },
    {
        "date": "2020-11-22T20:30:38.720Z",
        "value": "2.7655317826704544",
        "cumulative": false
    },
    {
        "date": "2020-11-22T20:31:29.430Z",
        "value": "3.4029470117740055",
        "cumulative": false
    },
    {
        "date": "2020-11-22T20:32:16.028Z",
        "value": "2.9672368367513022",
        "cumulative": false
    },
    {
        "date": "2020-11-22T20:33:09.679Z",
        "value": "3.017313240400327",
        "cumulative": false
    },
    {
        "date": "2020-11-22T20:33:57.415Z",
        "value": "3.5833990715231505",
        "cumulative": false
    },
    {
        "date": "2020-11-22T20:34:57.499Z",
        "value": "3.181444985525949",
        "cumulative": false
    },
    {
        "date": "2020-11-22T20:35:45.062Z",
        "value": "2.832299017137097",
        "cumulative": false
    },
    {
        "date": "2020-11-22T20:36:36.415Z",
        "value": "4.518637366956942",
        "cumulative": false
    },
    {
        "date": "2020-11-22T20:37:26.000Z",
        "value": "3.146259388620797",
        "cumulative": false
    },
    {
        "date": "2020-11-22T20:38:16.013Z",
        "value": "2.5986548514599006",
        "cumulative": false
    },
    {
        "date": "2020-11-22T20:39:05.214Z",
        "value": "2.6681992874816713",
        "cumulative": false
    },
    {
        "date": "2020-11-22T20:39:58.332Z",
        "value": "4.263121610796155",
        "cumulative": false
    },
    {
        "date": "2020-11-22T20:40:47.177Z",
        "value": "2.6978439541728303",
        "cumulative": false
    },
    {
        "date": "2020-11-22T20:41:38.861Z",
        "value": "2.7312865218495936",
        "cumulative": false
    },
    {
        "date": "2020-11-22T20:42:25.232Z",
        "value": "2.8323794047037762",
        "cumulative": false
    },
    {
        "date": "2020-11-22T20:43:14.407Z",
        "value": "2.9087831381482387",
        "cumulative": false
    },
    {
        "date": "2020-11-22T20:44:03.029Z",
        "value": "2.9415492845618205",
        "cumulative": false
    },
    {
        "date": "2020-11-22T20:44:53.538Z",
        "value": "2.6616510984276522",
        "cumulative": false
    },
    {
        "date": "2020-11-22T20:45:41.297Z",
        "value": "2.7229987714932933",
        "cumulative": false
    },
    {
        "date": "2020-11-22T20:46:30.403Z",
        "value": "2.647393674266582",
        "cumulative": false
    },
    {
        "date": "2020-11-22T20:47:18.409Z",
        "value": "4.78722117003367",
        "cumulative": false
    },
    {
        "date": "2020-11-22T20:48:09.888Z",
        "value": "2.2923725328947366",
        "cumulative": false
    },
    {
        "date": "2020-11-22T20:48:59.930Z",
        "value": "4.784901014799804",
        "cumulative": false
    },
    {
        "date": "2020-11-22T20:49:51.516Z",
        "value": "2.7445433156370656",
        "cumulative": false
    },
    {
        "date": "2020-11-22T20:50:40.324Z",
        "value": "2.808041779891304",
        "cumulative": false
    },
    {
        "date": "2020-11-22T20:51:31.646Z",
        "value": "2.676109660071499",
        "cumulative": false
    },
    {
        "date": "2020-11-22T20:52:19.446Z",
        "value": "2.667141822076613",
        "cumulative": false
    },
    {
        "date": "2020-11-22T20:53:12.253Z",
        "value": "3.3328283041971964",
        "cumulative": false
    },
    {
        "date": "2020-11-22T20:54:02.910Z",
        "value": "2.6751953125",
        "cumulative": false
    },
    {
        "date": "2020-11-22T20:54:55.230Z",
        "value": "4.343085250495418",
        "cumulative": false
    },
    {
        "date": "2020-11-22T20:55:44.117Z",
        "value": "2.9404004740918803",
        "cumulative": false
    },
    {
        "date": "2020-11-22T20:56:33.992Z",
        "value": "4.4031398846828775",
        "cumulative": false
    },
    {
        "date": "2020-11-22T20:57:21.110Z",
        "value": "2.871421875",
        "cumulative": false
    }
]