[
    {
        "date": "2020-11-22T17:13:06.551Z",
        "value": "11.174883552467596",
        "cumulative": false
    },
    {
        "date": "2020-11-22T17:13:58.395Z",
        "value": "9.92696594854798",
        "cumulative": false
    },
    {
        "date": "2020-11-22T17:14:47.166Z",
        "value": "9.02041376810014",
        "cumulative": false
    },
    {
        "date": "2020-11-22T17:15:39.849Z",
        "value": "8.526464721526908",
        "cumulative": false
    },
    {
        "date": "2020-11-22T17:16:28.297Z",
        "value": "8.118006504845205",
        "cumulative": false
    },
    {
        "date": "2020-11-22T17:17:22.255Z",
        "value": "8.053755253760587",
        "cumulative": false
    },
    {
        "date": "2020-11-22T17:18:12.600Z",
        "value": "8.061844099813433",
        "cumulative": false
    },
    {
        "date": "2020-11-22T17:19:05.411Z",
        "value": "8.468298029174425",
        "cumulative": false
    },
    {
        "date": "2020-11-22T17:19:56.047Z",
        "value": "7.823445759483831",
        "cumulative": false
    },
    {
        "date": "2020-11-22T17:20:48.010Z",
        "value": "8.017720247821352",
        "cumulative": false
    },
    {
        "date": "2020-11-22T17:21:38.316Z",
        "value": "7.710347923136646",
        "cumulative": false
    },
    {
        "date": "2020-11-22T17:22:31.964Z",
        "value": "7.275238579474343",
        "cumulative": false
    },
    {
        "date": "2020-11-22T17:23:22.641Z",
        "value": "6.96769763577369",
        "cumulative": false
    },
    {
        "date": "2020-11-22T17:24:17.252Z",
        "value": "7.335678203104004",
        "cumulative": false
    },
    {
        "date": "2020-11-22T17:25:07.401Z",
        "value": "6.931658441968688",
        "cumulative": false
    },
    {
        "date": "2020-11-22T17:26:00.419Z",
        "value": "6.740057311395202",
        "cumulative": false
    },
    {
        "date": "2020-11-22T17:26:50.957Z",
        "value": "6.690250137925599",
        "cumulative": false
    },
    {
        "date": "2020-11-22T17:27:43.174Z",
        "value": "6.619837010477761",
        "cumulative": false
    },
    {
        "date": "2020-11-22T17:28:33.880Z",
        "value": "6.941618593299312",
        "cumulative": false
    },
    {
        "date": "2020-11-22T17:29:25.736Z",
        "value": "6.4532826206140355",
        "cumulative": false
    },
    {
        "date": "2020-11-22T17:30:16.034Z",
        "value": "5.106654879833878",
        "cumulative": false
    },
    {
        "date": "2020-11-22T17:31:08.427Z",
        "value": "5.984909119897959",
        "cumulative": false
    },
    {
        "date": "2020-11-22T17:31:57.111Z",
        "value": "6.234607263513514",
        "cumulative": false
    },
    {
        "date": "2020-11-22T17:32:51.511Z",
        "value": "5.564558440563726",
        "cumulative": false
    },
    {
        "date": "2020-11-22T17:33:41.894Z",
        "value": "5.566118632277397",
        "cumulative": false
    },
    {
        "date": "2020-11-22T17:34:32.654Z",
        "value": "5.865903501157407",
        "cumulative": false
    },
    {
        "date": "2020-11-22T17:35:22.421Z",
        "value": "5.846068837691327",
        "cumulative": false
    },
    {
        "date": "2020-11-22T17:36:15.098Z",
        "value": "6.233097242272419",
        "cumulative": false
    },
    {
        "date": "2020-11-22T17:37:15.142Z",
        "value": "5.353292014382102",
        "cumulative": false
    },
    {
        "date": "2020-11-22T17:38:07.164Z",
        "value": "5.338253940989378",
        "cumulative": false
    },
    {
        "date": "2020-11-22T17:38:57.498Z",
        "value": "5.503109280885557",
        "cumulative": false
    },
    {
        "date": "2020-11-22T17:39:52.614Z",
        "value": "5.1330557735603755",
        "cumulative": false
    },
    {
        "date": "2020-11-22T17:40:42.841Z",
        "value": "6.4234486241494455",
        "cumulative": false
    },
    {
        "date": "2020-11-22T17:41:36.442Z",
        "value": "5.814680953929353",
        "cumulative": false
    },
    {
        "date": "2020-11-22T17:42:26.528Z",
        "value": "4.885566455200501",
        "cumulative": false
    },
    {
        "date": "2020-11-22T17:43:16.387Z",
        "value": "4.541456035539215",
        "cumulative": false
    },
    {
        "date": "2020-11-22T17:44:05.602Z",
        "value": "4.5971750004500285",
        "cumulative": false
    },
    {
        "date": "2020-11-22T17:44:57.694Z",
        "value": "4.90619094972688",
        "cumulative": false
    },
    {
        "date": "2020-11-22T17:45:47.669Z",
        "value": "4.118783804086538",
        "cumulative": false
    },
    {
        "date": "2020-11-22T17:46:41.089Z",
        "value": "4.177366226438492",
        "cumulative": false
    },
    {
        "date": "2020-11-22T17:47:30.158Z",
        "value": "3.7171690804617747",
        "cumulative": false
    },
    {
        "date": "2020-11-22T17:48:21.352Z",
        "value": "4.066997928706479",
        "cumulative": false
    },
    {
        "date": "2020-11-22T17:49:11.662Z",
        "value": "3.990414368872549",
        "cumulative": false
    },
    {
        "date": "2020-11-22T17:50:04.457Z",
        "value": "4.347077900027166",
        "cumulative": false
    },
    {
        "date": "2020-11-22T17:50:55.262Z",
        "value": "3.818890954475632",
        "cumulative": false
    },
    {
        "date": "2020-11-22T17:51:46.823Z",
        "value": "3.834026943108974",
        "cumulative": false
    },
    {
        "date": "2020-11-22T17:52:35.586Z",
        "value": "3.358323427562378",
        "cumulative": false
    },
    {
        "date": "2020-11-22T17:53:28.457Z",
        "value": "3.664190735479798",
        "cumulative": false
    },
    {
        "date": "2020-11-22T17:54:18.625Z",
        "value": "3.804199467746048",
        "cumulative": false
    },
    {
        "date": "2020-11-22T17:55:11.406Z",
        "value": "3.8660136791718553",
        "cumulative": false
    },
    {
        "date": "2020-11-22T17:55:59.532Z",
        "value": "3.505823741062623",
        "cumulative": false
    },
    {
        "date": "2020-11-22T17:56:52.848Z",
        "value": "3.682380353457172",
        "cumulative": false
    },
    {
        "date": "2020-11-22T17:57:43.449Z",
        "value": "4.617687647136999",
        "cumulative": false
    },
    {
        "date": "2020-11-22T17:58:34.114Z",
        "value": "4.133155590173663",
        "cumulative": false
    },
    {
        "date": "2020-11-22T17:59:22.458Z",
        "value": "3.3180259786626345",
        "cumulative": false
    },
    {
        "date": "2020-11-22T18:00:22.980Z",
        "value": "5.590638224283854",
        "cumulative": false
    },
    {
        "date": "2020-11-22T18:01:10.747Z",
        "value": "5.840345538082607",
        "cumulative": false
    },
    {
        "date": "2020-11-22T18:02:03.603Z",
        "value": "3.54791993312428",
        "cumulative": false
    },
    {
        "date": "2020-11-22T18:02:53.117Z",
        "value": "3.514268132338552",
        "cumulative": false
    },
    {
        "date": "2020-11-22T18:03:47.218Z",
        "value": "4.5758822103154415",
        "cumulative": false
    },
    {
        "date": "2020-11-22T18:04:37.090Z",
        "value": "3.7733488566493407",
        "cumulative": false
    },
    {
        "date": "2020-11-22T18:05:28.892Z",
        "value": "3.0666343853198383",
        "cumulative": false
    },
    {
        "date": "2020-11-22T18:06:18.582Z",
        "value": "3.931519247071517",
        "cumulative": false
    },
    {
        "date": "2020-11-22T18:07:10.567Z",
        "value": "3.653797607421875",
        "cumulative": false
    },
    {
        "date": "2020-11-22T18:07:58.513Z",
        "value": "3.5413187125794234",
        "cumulative": false
    },
    {
        "date": "2020-11-22T18:08:49.585Z",
        "value": "3.538057960304054",
        "cumulative": false
    },
    {
        "date": "2020-11-22T18:09:37.632Z",
        "value": "3.2487036443059627",
        "cumulative": false
    },
    {
        "date": "2020-11-22T18:10:28.455Z",
        "value": "3.7100077589897262",
        "cumulative": false
    },
    {
        "date": "2020-11-22T18:11:16.969Z",
        "value": "3.3585781129715166",
        "cumulative": false
    },
    {
        "date": "2020-11-22T18:12:08.523Z",
        "value": "3.249802635095919",
        "cumulative": false
    },
    {
        "date": "2020-11-22T18:12:57.668Z",
        "value": "3.395246577215853",
        "cumulative": false
    },
    {
        "date": "2020-11-22T18:13:51.175Z",
        "value": "3.6607017780172413",
        "cumulative": false
    },
    {
        "date": "2020-11-22T18:14:40.509Z",
        "value": "3.7094288020086084",
        "cumulative": false
    },
    {
        "date": "2020-11-22T18:15:32.198Z",
        "value": "3.3339146205357144",
        "cumulative": false
    },
    {
        "date": "2020-11-22T18:16:22.081Z",
        "value": "3.4750024322851805",
        "cumulative": false
    },
    {
        "date": "2020-11-22T18:17:13.707Z",
        "value": "3.4013540860423115",
        "cumulative": false
    },
    {
        "date": "2020-11-22T18:18:02.397Z",
        "value": "3.397350383254717",
        "cumulative": false
    },
    {
        "date": "2020-11-22T18:18:54.222Z",
        "value": "3.724829483270794",
        "cumulative": false
    },
    {
        "date": "2020-11-22T18:19:43.539Z",
        "value": "3.288358900282118",
        "cumulative": false
    },
    {
        "date": "2020-11-22T18:20:36.643Z",
        "value": "3.5400277348519538",
        "cumulative": false
    },
    {
        "date": "2020-11-22T18:21:25.283Z",
        "value": "3.7388233471942205",
        "cumulative": false
    },
    {
        "date": "2020-11-22T18:22:17.575Z",
        "value": "3.357820451397836",
        "cumulative": false
    },
    {
        "date": "2020-11-22T18:23:06.745Z",
        "value": "3.413959016773954",
        "cumulative": false
    },
    {
        "date": "2020-11-22T18:24:07.824Z",
        "value": "3.8085196117709903",
        "cumulative": false
    },
    {
        "date": "2020-11-22T18:24:56.795Z",
        "value": "3.586288196582512",
        "cumulative": false
    },
    {
        "date": "2020-11-22T18:25:47.241Z",
        "value": "3.496099180832912",
        "cumulative": false
    },
    {
        "date": "2020-11-22T18:26:34.254Z",
        "value": "3.793165247408999",
        "cumulative": false
    },
    {
        "date": "2020-11-22T18:27:24.478Z",
        "value": "3.2264736328125",
        "cumulative": false
    },
    {
        "date": "2020-11-22T18:28:15.348Z",
        "value": "4.316443884966778",
        "cumulative": false
    },
    {
        "date": "2020-11-22T18:29:06.326Z",
        "value": "4.588214506519784",
        "cumulative": false
    },
    {
        "date": "2020-11-22T18:29:55.259Z",
        "value": "3.4519055424904335",
        "cumulative": false
    },
    {
        "date": "2020-11-22T18:30:47.681Z",
        "value": "3.324282685714737",
        "cumulative": false
    },
    {
        "date": "2020-11-22T18:31:08.362Z",
        "value": "3.2512255713328764",
        "cumulative": false
    },
    {
        "date": "2020-11-22T18:32:02.947Z",
        "value": "3.1576919093276516",
        "cumulative": false
    },
    {
        "date": "2020-11-22T18:32:51.481Z",
        "value": "5.197948128380147",
        "cumulative": false
    },
    {
        "date": "2020-11-22T18:33:44.037Z",
        "value": "3.186959285043805",
        "cumulative": false
    },
    {
        "date": "2020-11-22T18:34:33.828Z",
        "value": "3.2282641718317393",
        "cumulative": false
    },
    {
        "date": "2020-11-22T18:35:25.168Z",
        "value": "3.367961491514979",
        "cumulative": false
    },
    {
        "date": "2020-11-22T18:36:13.957Z",
        "value": "4.014422516324627",
        "cumulative": false
    },
    {
        "date": "2020-11-22T18:37:06.132Z",
        "value": "5.350561083954066",
        "cumulative": false
    },
    {
        "date": "2020-11-22T18:37:56.031Z",
        "value": "3.3861974308146765",
        "cumulative": false
    },
    {
        "date": "2020-11-22T18:38:47.737Z",
        "value": "4.778391373910676",
        "cumulative": false
    },
    {
        "date": "2020-11-22T18:39:35.846Z",
        "value": "3.9408560995729816",
        "cumulative": false
    },
    {
        "date": "2020-11-22T18:40:26.890Z",
        "value": "3.1851000273779726",
        "cumulative": false
    },
    {
        "date": "2020-11-22T18:41:16.056Z",
        "value": "2.9736234603389615",
        "cumulative": false
    },
    {
        "date": "2020-11-22T18:42:07.886Z",
        "value": "4.9280876276538566",
        "cumulative": false
    },
    {
        "date": "2020-11-22T18:42:57.438Z",
        "value": "3.099125668377096",
        "cumulative": false
    },
    {
        "date": "2020-11-22T18:43:51.771Z",
        "value": "3.1738540187026514",
        "cumulative": false
    },
    {
        "date": "2020-11-22T18:44:39.871Z",
        "value": "3.2111379847099624",
        "cumulative": false
    },
    {
        "date": "2020-11-22T18:45:32.981Z",
        "value": "3.401885538856305",
        "cumulative": false
    },
    {
        "date": "2020-11-22T18:46:23.547Z",
        "value": "4.821840071694032",
        "cumulative": false
    },
    {
        "date": "2020-11-22T18:47:15.084Z",
        "value": "3.0390000881109023",
        "cumulative": false
    },
    {
        "date": "2020-11-22T18:48:04.533Z",
        "value": "2.4891782939304194",
        "cumulative": false
    },
    {
        "date": "2020-11-22T18:48:55.315Z",
        "value": "2.992326510682398",
        "cumulative": false
    },
    {
        "date": "2020-11-22T18:49:43.404Z",
        "value": "3.8108691872019076",
        "cumulative": false
    },
    {
        "date": "2020-11-22T18:50:36.596Z",
        "value": "3.483128309917717",
        "cumulative": false
    },
    {
        "date": "2020-11-22T18:51:26.653Z",
        "value": "2.965440723994007",
        "cumulative": false
    },
    {
        "date": "2020-11-22T18:52:18.403Z",
        "value": "3.109363115906085",
        "cumulative": false
    },
    {
        "date": "2020-11-22T18:53:06.157Z",
        "value": "3.809758151307398",
        "cumulative": false
    },
    {
        "date": "2020-11-22T18:53:58.790Z",
        "value": "4.626869533372962",
        "cumulative": false
    },
    {
        "date": "2020-11-22T18:54:54.395Z",
        "value": "3.187371826171875",
        "cumulative": false
    },
    {
        "date": "2020-11-22T18:55:45.815Z",
        "value": "3.381410862617342",
        "cumulative": false
    },
    {
        "date": "2020-11-22T18:56:34.430Z",
        "value": "3.074444524541843",
        "cumulative": false
    },
    {
        "date": "2020-11-22T18:57:27.969Z",
        "value": "3.0550184709538306",
        "cumulative": false
    },
    {
        "date": "2020-11-22T18:58:17.291Z",
        "value": "5.2754048993510585",
        "cumulative": false
    },
    {
        "date": "2020-11-22T18:59:10.327Z",
        "value": "4.663464582762869",
        "cumulative": false
    },
    {
        "date": "2020-11-22T18:59:59.940Z",
        "value": "3.1476677533677946",
        "cumulative": false
    },
    {
        "date": "2020-11-22T19:00:50.690Z",
        "value": "2.890428116358723",
        "cumulative": false
    },
    {
        "date": "2020-11-22T19:01:39.357Z",
        "value": "3.18749268703197",
        "cumulative": false
    },
    {
        "date": "2020-11-22T19:02:30.075Z",
        "value": "3.5761411093114837",
        "cumulative": false
    },
    {
        "date": "2020-11-22T19:03:16.138Z",
        "value": "2.9515835914386095",
        "cumulative": false
    },
    {
        "date": "2020-11-22T19:04:08.219Z",
        "value": "2.924804445296999",
        "cumulative": false
    },
    {
        "date": "2020-11-22T19:04:57.287Z",
        "value": "2.7903995513916016",
        "cumulative": false
    },
    {
        "date": "2020-11-22T19:05:48.916Z",
        "value": "3.030250584153824",
        "cumulative": false
    },
    {
        "date": "2020-11-22T19:06:37.557Z",
        "value": "2.9168260761335785",
        "cumulative": false
    },
    {
        "date": "2020-11-22T19:07:29.817Z",
        "value": "3.1856445047201847",
        "cumulative": false
    },
    {
        "date": "2020-11-22T19:08:17.724Z",
        "value": "2.962174397343248",
        "cumulative": false
    },
    {
        "date": "2020-11-22T19:09:09.827Z",
        "value": "2.9622611177884615",
        "cumulative": false
    },
    {
        "date": "2020-11-22T19:10:00.553Z",
        "value": "2.6787532201718443",
        "cumulative": false
    },
    {
        "date": "2020-11-22T19:10:51.363Z",
        "value": "2.8503930910669193",
        "cumulative": false
    },
    {
        "date": "2020-11-22T19:11:39.324Z",
        "value": "2.93044345200153",
        "cumulative": false
    },
    {
        "date": "2020-11-22T19:12:32.095Z",
        "value": "3.0057248696295145",
        "cumulative": false
    },
    {
        "date": "2020-11-22T19:13:19.832Z",
        "value": "2.8109436637080867",
        "cumulative": false
    },
    {
        "date": "2020-11-22T19:14:12.977Z",
        "value": "2.923845509626548",
        "cumulative": false
    },
    {
        "date": "2020-11-22T19:15:00.562Z",
        "value": "3.7432960704928613",
        "cumulative": false
    },
    {
        "date": "2020-11-22T19:15:51.528Z",
        "value": "3.230310381918416",
        "cumulative": false
    },
    {
        "date": "2020-11-22T19:16:42.507Z",
        "value": "2.7437325307001466",
        "cumulative": false
    },
    {
        "date": "2020-11-22T19:17:43.612Z",
        "value": "4.990386962890625",
        "cumulative": false
    },
    {
        "date": "2020-11-22T19:18:31.760Z",
        "value": "5.0858565823544275",
        "cumulative": false
    },
    {
        "date": "2020-11-22T19:19:25.185Z",
        "value": "2.869048130919621",
        "cumulative": false
    },
    {
        "date": "2020-11-22T19:20:14.153Z",
        "value": "2.9027422104329745",
        "cumulative": false
    },
    {
        "date": "2020-11-22T19:21:07.139Z",
        "value": "3.8920320847112695",
        "cumulative": false
    },
    {
        "date": "2020-11-22T19:21:56.672Z",
        "value": "3.197705870467799",
        "cumulative": false
    },
    {
        "date": "2020-11-22T19:22:46.544Z",
        "value": "2.6176573870933217",
        "cumulative": false
    },
    {
        "date": "2020-11-22T19:23:37.358Z",
        "value": "3.376579839704069",
        "cumulative": false
    },
    {
        "date": "2020-11-22T19:24:30.585Z",
        "value": "3.032195068359375",
        "cumulative": false
    },
    {
        "date": "2020-11-22T19:25:20.068Z",
        "value": "2.983280066287879",
        "cumulative": false
    },
    {
        "date": "2020-11-22T19:26:10.752Z",
        "value": "2.971725612331081",
        "cumulative": false
    },
    {
        "date": "2020-11-22T19:26:59.768Z",
        "value": "2.784511890579179",
        "cumulative": false
    },
    {
        "date": "2020-11-22T19:27:51.042Z",
        "value": "3.193416353532471",
        "cumulative": false
    },
    {
        "date": "2020-11-22T19:28:42.735Z",
        "value": "2.8159599431453683",
        "cumulative": false
    },
    {
        "date": "2020-11-22T19:29:34.042Z",
        "value": "2.8008199115652492",
        "cumulative": false
    },
    {
        "date": "2020-11-22T19:30:22.483Z",
        "value": "2.905350965390779",
        "cumulative": false
    },
    {
        "date": "2020-11-22T19:31:12.496Z",
        "value": "3.141402040678879",
        "cumulative": false
    },
    {
        "date": "2020-11-22T19:31:59.554Z",
        "value": "3.186178488163558",
        "cumulative": false
    },
    {
        "date": "2020-11-22T19:32:51.257Z",
        "value": "2.8547779870411705",
        "cumulative": false
    },
    {
        "date": "2020-11-22T19:33:40.852Z",
        "value": "2.9665101085772103",
        "cumulative": false
    },
    {
        "date": "2020-11-22T19:34:31.895Z",
        "value": "2.9799608165634677",
        "cumulative": false
    },
    {
        "date": "2020-11-22T19:35:20.814Z",
        "value": "2.924745773724553",
        "cumulative": false
    },
    {
        "date": "2020-11-22T19:36:13.415Z",
        "value": "3.2091614876485304",
        "cumulative": false
    },
    {
        "date": "2020-11-22T19:37:03.465Z",
        "value": "2.8223358638702876",
        "cumulative": false
    },
    {
        "date": "2020-11-22T19:37:54.453Z",
        "value": "3.1202209249084247",
        "cumulative": false
    },
    {
        "date": "2020-11-22T19:38:42.333Z",
        "value": "3.325385965326781",
        "cumulative": false
    },
    {
        "date": "2020-11-22T19:39:33.377Z",
        "value": "2.8769347562644936",
        "cumulative": false
    },
    {
        "date": "2020-11-22T19:40:22.786Z",
        "value": "2.9598712359185444",
        "cumulative": false
    },
    {
        "date": "2020-11-22T19:41:26.363Z",
        "value": "3.306736120930744",
        "cumulative": false
    },
    {
        "date": "2020-11-22T19:42:16.238Z",
        "value": "3.072568936653325",
        "cumulative": false
    },
    {
        "date": "2020-11-22T19:43:08.286Z",
        "value": "3.053194514661274",
        "cumulative": false
    },
    {
        "date": "2020-11-22T19:43:57.218Z",
        "value": "3.310888523761375",
        "cumulative": false
    },
    {
        "date": "2020-11-22T19:44:50.094Z",
        "value": "2.7961904296875",
        "cumulative": false
    },
    {
        "date": "2020-11-22T19:45:39.656Z",
        "value": "3.872244212001661",
        "cumulative": false
    },
    {
        "date": "2020-11-22T19:46:32.115Z",
        "value": "4.163115445143885",
        "cumulative": false
    },
    {
        "date": "2020-11-22T19:47:20.196Z",
        "value": "3.061014229910714",
        "cumulative": false
    },
    {
        "date": "2020-11-22T19:48:12.079Z",
        "value": "2.9295502480409503",
        "cumulative": false
    },
    {
        "date": "2020-11-22T19:48:43.785Z",
        "value": "2.847578602084372",
        "cumulative": false
    },
    {
        "date": "2020-11-22T19:49:37.938Z",
        "value": "2.813131806344697",
        "cumulative": false
    },
    {
        "date": "2020-11-22T19:50:26.366Z",
        "value": "4.9184750905006975",
        "cumulative": false
    },
    {
        "date": "2020-11-22T19:51:17.490Z",
        "value": "2.797806584402378",
        "cumulative": false
    },
    {
        "date": "2020-11-22T19:52:06.384Z",
        "value": "2.833076636436572",
        "cumulative": false
    },
    {
        "date": "2020-11-22T19:52:58.541Z",
        "value": "2.9442874241562382",
        "cumulative": false
    },
    {
        "date": "2020-11-22T19:53:46.063Z",
        "value": "3.58368946284204",
        "cumulative": false
    },
    {
        "date": "2020-11-22T19:54:39.330Z",
        "value": "4.901526613904407",
        "cumulative": false
    },
    {
        "date": "2020-11-22T19:55:26.247Z",
        "value": "3.0143413790422886",
        "cumulative": false
    },
    {
        "date": "2020-11-22T19:56:17.596Z",
        "value": "4.412729779411765",
        "cumulative": false
    },
    {
        "date": "2020-11-22T19:57:07.649Z",
        "value": "3.5695069875776397",
        "cumulative": false
    },
    {
        "date": "2020-11-22T19:57:59.125Z",
        "value": "2.8507145161921152",
        "cumulative": false
    },
    {
        "date": "2020-11-22T19:58:48.190Z",
        "value": "2.694735127110635",
        "cumulative": false
    },
    {
        "date": "2020-11-22T19:59:39.414Z",
        "value": "4.6148438549785",
        "cumulative": false
    },
    {
        "date": "2020-11-22T20:00:27.750Z",
        "value": "2.789050220737796",
        "cumulative": false
    },
    {
        "date": "2020-11-22T20:01:18.374Z",
        "value": "2.887307646780303",
        "cumulative": false
    },
    {
        "date": "2020-11-22T20:02:08.783Z",
        "value": "2.885121768600252",
        "cumulative": false
    },
    {
        "date": "2020-11-22T20:02:59.371Z",
        "value": "3.056200074077468",
        "cumulative": false
    },
    {
        "date": "2020-11-22T20:03:46.354Z",
        "value": "4.480963206539827",
        "cumulative": false
    },
    {
        "date": "2020-11-22T20:04:37.059Z",
        "value": "2.7313973410087717",
        "cumulative": false
    },
    {
        "date": "2020-11-22T20:05:25.844Z",
        "value": "2.321328954758987",
        "cumulative": false
    },
    {
        "date": "2020-11-22T20:06:18.584Z",
        "value": "2.7380306321747447",
        "cumulative": false
    },
    {
        "date": "2020-11-22T20:07:09.124Z",
        "value": "3.46425563891097",
        "cumulative": false
    },
    {
        "date": "2020-11-22T20:08:01.143Z",
        "value": "3.254545665922619",
        "cumulative": false
    },
    {
        "date": "2020-11-22T20:08:49.837Z",
        "value": "2.732035836594912",
        "cumulative": false
    },
    {
        "date": "2020-11-22T20:09:40.576Z",
        "value": "2.8435588210978837",
        "cumulative": false
    },
    {
        "date": "2020-11-22T20:10:28.588Z",
        "value": "3.5193907445790815",
        "cumulative": false
    },
    {
        "date": "2020-11-22T20:11:21.835Z",
        "value": "4.3499724899513135",
        "cumulative": false
    },
    {
        "date": "2020-11-22T20:12:20.112Z",
        "value": "2.926913174715909",
        "cumulative": false
    },
    {
        "date": "2020-11-22T20:13:11.877Z",
        "value": "3.1221361725697876",
        "cumulative": false
    },
    {
        "date": "2020-11-22T20:13:58.378Z",
        "value": "2.7825738598135334",
        "cumulative": false
    },
    {
        "date": "2020-11-22T20:14:51.025Z",
        "value": "2.8144110104325217",
        "cumulative": false
    },
    {
        "date": "2020-11-22T20:15:39.932Z",
        "value": "4.9916593490108365",
        "cumulative": false
    },
    {
        "date": "2020-11-22T20:16:32.447Z",
        "value": "4.43833965121851",
        "cumulative": false
    },
    {
        "date": "2020-11-22T20:17:20.513Z",
        "value": "2.89427695214599",
        "cumulative": false
    },
    {
        "date": "2020-11-22T20:18:10.371Z",
        "value": "2.6744133751256913",
        "cumulative": false
    },
    {
        "date": "2020-11-22T20:18:59.941Z",
        "value": "2.956872052311348",
        "cumulative": false
    },
    {
        "date": "2020-11-22T20:19:51.132Z",
        "value": "3.3206407500476374",
        "cumulative": false
    },
    {
        "date": "2020-11-22T20:20:39.291Z",
        "value": "2.7333098341962523",
        "cumulative": false
    },
    {
        "date": "2020-11-22T20:21:30.253Z",
        "value": "2.7277027917286705",
        "cumulative": false
    },
    {
        "date": "2020-11-22T20:22:19.134Z",
        "value": "2.6420179094587053",
        "cumulative": false
    },
    {
        "date": "2020-11-22T20:23:10.795Z",
        "value": "2.8381191584617578",
        "cumulative": false
    },
    {
        "date": "2020-11-22T20:23:59.222Z",
        "value": "2.7240794462316176",
        "cumulative": false
    },
    {
        "date": "2020-11-22T20:24:50.677Z",
        "value": "2.924891439995925",
        "cumulative": false
    },
    {
        "date": "2020-11-22T20:25:37.075Z",
        "value": "2.7825668115486666",
        "cumulative": false
    },
    {
        "date": "2020-11-22T20:26:29.531Z",
        "value": "2.7766175881410255",
        "cumulative": false
    },
    {
        "date": "2020-11-22T20:27:18.340Z",
        "value": "2.524804400837818",
        "cumulative": false
    },
    {
        "date": "2020-11-22T20:28:10.349Z",
        "value": "2.6898570667613635",
        "cumulative": false
    },
    {
        "date": "2020-11-22T20:28:58.486Z",
        "value": "2.721034538739801",
        "cumulative": false
    },
    {
        "date": "2020-11-22T20:29:50.683Z",
        "value": "2.8030257627646327",
        "cumulative": false
    },
    {
        "date": "2020-11-22T20:30:38.669Z",
        "value": "2.6435094227687377",
        "cumulative": false
    },
    {
        "date": "2020-11-22T20:31:29.427Z",
        "value": "2.7414568417827656",
        "cumulative": false
    },
    {
        "date": "2020-11-22T20:32:16.004Z",
        "value": "3.488212131208232",
        "cumulative": false
    },
    {
        "date": "2020-11-22T20:33:09.669Z",
        "value": "3.003460183970515",
        "cumulative": false
    },
    {
        "date": "2020-11-22T20:33:57.484Z",
        "value": "2.5936986898979715",
        "cumulative": false
    },
    {
        "date": "2020-11-22T20:34:57.495Z",
        "value": "4.7855173746744795",
        "cumulative": false
    },
    {
        "date": "2020-11-22T20:35:44.898Z",
        "value": "4.8498602690413035",
        "cumulative": false
    },
    {
        "date": "2020-11-22T20:36:36.421Z",
        "value": "2.693590610200947",
        "cumulative": false
    },
    {
        "date": "2020-11-22T20:37:26.029Z",
        "value": "2.7466489190924657",
        "cumulative": false
    },
    {
        "date": "2020-11-22T20:38:16.012Z",
        "value": "3.6951808342342916",
        "cumulative": false
    },
    {
        "date": "2020-11-22T20:39:05.152Z",
        "value": "3.028132873906567",
        "cumulative": false
    },
    {
        "date": "2020-11-22T20:39:58.328Z",
        "value": "2.4846196183953033",
        "cumulative": false
    },
    {
        "date": "2020-11-22T20:40:47.124Z",
        "value": "3.2056883862515413",
        "cumulative": false
    },
    {
        "date": "2020-11-22T20:41:38.862Z",
        "value": "2.85917822265625",
        "cumulative": false
    },
    {
        "date": "2020-11-22T20:42:25.200Z",
        "value": "2.8205382644489245",
        "cumulative": false
    },
    {
        "date": "2020-11-22T20:43:14.400Z",
        "value": "2.7887032833614867",
        "cumulative": false
    },
    {
        "date": "2020-11-22T20:44:03.008Z",
        "value": "2.656661435422776",
        "cumulative": false
    },
    {
        "date": "2020-11-22T20:44:53.540Z",
        "value": "3.016722951547438",
        "cumulative": false
    },
    {
        "date": "2020-11-22T20:45:41.291Z",
        "value": "2.6783934356556327",
        "cumulative": false
    },
    {
        "date": "2020-11-22T20:46:30.404Z",
        "value": "2.663368978341887",
        "cumulative": false
    },
    {
        "date": "2020-11-22T20:47:18.496Z",
        "value": "2.766525719998151",
        "cumulative": false
    },
    {
        "date": "2020-11-22T20:48:09.884Z",
        "value": "2.9790179373204024",
        "cumulative": false
    },
    {
        "date": "2020-11-22T20:49:00.012Z",
        "value": "3.026492445301291",
        "cumulative": false
    },
    {
        "date": "2020-11-22T20:49:51.664Z",
        "value": "2.6877959720672124",
        "cumulative": false
    },
    {
        "date": "2020-11-22T20:50:40.233Z",
        "value": "2.797325459215442",
        "cumulative": false
    },
    {
        "date": "2020-11-22T20:51:31.643Z",
        "value": "2.846959101280315",
        "cumulative": false
    },
    {
        "date": "2020-11-22T20:52:19.423Z",
        "value": "2.7778836717198363",
        "cumulative": false
    },
    {
        "date": "2020-11-22T20:53:12.252Z",
        "value": "3.0339946353189493",
        "cumulative": false
    },
    {
        "date": "2020-11-22T20:54:02.873Z",
        "value": "2.6851026746961804",
        "cumulative": false
    },
    {
        "date": "2020-11-22T20:54:55.244Z",
        "value": "2.9704896882631258",
        "cumulative": false
    },
    {
        "date": "2020-11-22T20:55:44.043Z",
        "value": "3.176046391969086",
        "cumulative": false
    },
    {
        "date": "2020-11-22T20:56:33.982Z",
        "value": "2.7446036177853648",
        "cumulative": false
    },
    {
        "date": "2020-11-22T20:57:21.079Z",
        "value": "2.8209795799548156",
        "cumulative": false
    }
]