[
    {
        "date": "2020-11-22T17:13:06.585Z",
        "value": "11.127835181451612",
        "cumulative": false
    },
    {
        "date": "2020-11-22T17:13:58.398Z",
        "value": "10.010153679731083",
        "cumulative": false
    },
    {
        "date": "2020-11-22T17:14:47.389Z",
        "value": "8.929078682755152",
        "cumulative": false
    },
    {
        "date": "2020-11-22T17:15:39.850Z",
        "value": "8.684598383131618",
        "cumulative": false
    },
    {
        "date": "2020-11-22T17:16:28.254Z",
        "value": "8.184661654906465",
        "cumulative": false
    },
    {
        "date": "2020-11-22T17:17:22.253Z",
        "value": "8.013034030123874",
        "cumulative": false
    },
    {
        "date": "2020-11-22T17:18:12.625Z",
        "value": "7.846088409423828",
        "cumulative": false
    },
    {
        "date": "2020-11-22T17:19:05.406Z",
        "value": "7.668452780977983",
        "cumulative": false
    },
    {
        "date": "2020-11-22T17:19:56.111Z",
        "value": "7.695553249782986",
        "cumulative": false
    },
    {
        "date": "2020-11-22T17:20:48.010Z",
        "value": "8.054578499842172",
        "cumulative": false
    },
    {
        "date": "2020-11-22T17:21:38.289Z",
        "value": "7.951354262408088",
        "cumulative": false
    },
    {
        "date": "2020-11-22T17:22:31.947Z",
        "value": "7.172881433823529",
        "cumulative": false
    },
    {
        "date": "2020-11-22T17:23:22.524Z",
        "value": "6.374061734068627",
        "cumulative": false
    },
    {
        "date": "2020-11-22T17:24:17.249Z",
        "value": "6.965497185202206",
        "cumulative": false
    },
    {
        "date": "2020-11-22T17:25:07.391Z",
        "value": "6.8092269549086755",
        "cumulative": false
    },
    {
        "date": "2020-11-22T17:26:00.419Z",
        "value": "6.827221834880967",
        "cumulative": false
    },
    {
        "date": "2020-11-22T17:26:51.024Z",
        "value": "6.67135994360668",
        "cumulative": false
    },
    {
        "date": "2020-11-22T17:27:43.179Z",
        "value": "6.6479743083003955",
        "cumulative": false
    },
    {
        "date": "2020-11-22T17:28:34.031Z",
        "value": "6.357764834449405",
        "cumulative": false
    },
    {
        "date": "2020-11-22T17:29:25.736Z",
        "value": "6.5852578125",
        "cumulative": false
    },
    {
        "date": "2020-11-22T17:30:16.057Z",
        "value": "6.117799287683823",
        "cumulative": false
    },
    {
        "date": "2020-11-22T17:31:08.433Z",
        "value": "6.1774570225068395",
        "cumulative": false
    },
    {
        "date": "2020-11-22T17:31:57.054Z",
        "value": "6.033915201822917",
        "cumulative": false
    },
    {
        "date": "2020-11-22T17:32:51.511Z",
        "value": "6.215522580030488",
        "cumulative": false
    },
    {
        "date": "2020-11-22T17:33:41.941Z",
        "value": "5.306482160312806",
        "cumulative": false
    },
    {
        "date": "2020-11-22T17:34:32.660Z",
        "value": "5.375719150641026",
        "cumulative": false
    },
    {
        "date": "2020-11-22T17:35:22.590Z",
        "value": "5.258224890029325",
        "cumulative": false
    },
    {
        "date": "2020-11-22T17:36:15.111Z",
        "value": "5.151075205996399",
        "cumulative": false
    },
    {
        "date": "2020-11-22T17:37:15.192Z",
        "value": "5.2572230433558556",
        "cumulative": false
    },
    {
        "date": "2020-11-22T17:38:07.162Z",
        "value": "5.952600503516624",
        "cumulative": false
    },
    {
        "date": "2020-11-22T17:38:57.434Z",
        "value": "5.048223642202524",
        "cumulative": false
    },
    {
        "date": "2020-11-22T17:39:52.613Z",
        "value": "4.652217741935484",
        "cumulative": false
    },
    {
        "date": "2020-11-22T17:40:42.990Z",
        "value": "4.809141128782242",
        "cumulative": false
    },
    {
        "date": "2020-11-22T17:41:36.442Z",
        "value": "4.429299929740958",
        "cumulative": false
    },
    {
        "date": "2020-11-22T17:42:26.501Z",
        "value": "5.485168583559241",
        "cumulative": false
    },
    {
        "date": "2020-11-22T17:43:16.388Z",
        "value": "4.192422116873065",
        "cumulative": false
    },
    {
        "date": "2020-11-22T17:44:05.684Z",
        "value": "3.9912819415173866",
        "cumulative": false
    },
    {
        "date": "2020-11-22T17:44:57.686Z",
        "value": "4.635928408877628",
        "cumulative": false
    },
    {
        "date": "2020-11-22T17:45:47.689Z",
        "value": "4.167561477359208",
        "cumulative": false
    },
    {
        "date": "2020-11-22T17:46:40.896Z",
        "value": "5.94475629091653",
        "cumulative": false
    },
    {
        "date": "2020-11-22T17:47:30.235Z",
        "value": "3.524749696138087",
        "cumulative": false
    },
    {
        "date": "2020-11-22T17:48:21.352Z",
        "value": "5.166845306148374",
        "cumulative": false
    },
    {
        "date": "2020-11-22T17:49:11.667Z",
        "value": "4.260375737677348",
        "cumulative": false
    },
    {
        "date": "2020-11-22T17:50:04.458Z",
        "value": "3.9161947750498505",
        "cumulative": false
    },
    {
        "date": "2020-11-22T17:50:55.254Z",
        "value": "4.229191119854267",
        "cumulative": false
    },
    {
        "date": "2020-11-22T17:51:46.874Z",
        "value": "4.2619578081891145",
        "cumulative": false
    },
    {
        "date": "2020-11-22T17:52:35.486Z",
        "value": "4.264832803281711",
        "cumulative": false
    },
    {
        "date": "2020-11-22T17:53:28.456Z",
        "value": "3.7090874725073313",
        "cumulative": false
    },
    {
        "date": "2020-11-22T17:54:18.475Z",
        "value": "5.942945341374076",
        "cumulative": false
    },
    {
        "date": "2020-11-22T17:55:11.418Z",
        "value": "3.4768756752289733",
        "cumulative": false
    },
    {
        "date": "2020-11-22T17:55:59.557Z",
        "value": "3.831057646780303",
        "cumulative": false
    },
    {
        "date": "2020-11-22T17:56:52.851Z",
        "value": "3.788526232489224",
        "cumulative": false
    },
    {
        "date": "2020-11-22T17:57:43.467Z",
        "value": "3.5907626860511064",
        "cumulative": false
    },
    {
        "date": "2020-11-22T17:58:34.116Z",
        "value": "4.240685245646766",
        "cumulative": false
    },
    {
        "date": "2020-11-22T17:59:22.438Z",
        "value": "3.607525088922764",
        "cumulative": false
    },
    {
        "date": "2020-11-22T18:00:22.981Z",
        "value": "3.583296364885036",
        "cumulative": false
    },
    {
        "date": "2020-11-22T18:01:10.917Z",
        "value": "3.69623173807652",
        "cumulative": false
    },
    {
        "date": "2020-11-22T18:02:03.600Z",
        "value": "3.5308551826862375",
        "cumulative": false
    },
    {
        "date": "2020-11-22T18:02:53.113Z",
        "value": "3.804360227342221",
        "cumulative": false
    },
    {
        "date": "2020-11-22T18:03:47.198Z",
        "value": "3.6745047283987713",
        "cumulative": false
    },
    {
        "date": "2020-11-22T18:04:37.132Z",
        "value": "3.6930995183303272",
        "cumulative": false
    },
    {
        "date": "2020-11-22T18:05:28.893Z",
        "value": "5.360626594387755",
        "cumulative": false
    },
    {
        "date": "2020-11-22T18:06:18.640Z",
        "value": "3.5416702893150505",
        "cumulative": false
    },
    {
        "date": "2020-11-22T18:07:10.571Z",
        "value": "3.6212271588593135",
        "cumulative": false
    },
    {
        "date": "2020-11-22T18:07:58.528Z",
        "value": "3.5472721354166667",
        "cumulative": false
    },
    {
        "date": "2020-11-22T18:08:49.579Z",
        "value": "3.452468107468682",
        "cumulative": false
    },
    {
        "date": "2020-11-22T18:09:37.623Z",
        "value": "4.056114783653846",
        "cumulative": false
    },
    {
        "date": "2020-11-22T18:10:28.454Z",
        "value": "3.665781468837535",
        "cumulative": false
    },
    {
        "date": "2020-11-22T18:11:16.999Z",
        "value": "3.5201085194820116",
        "cumulative": false
    },
    {
        "date": "2020-11-22T18:12:08.529Z",
        "value": "3.3050321544689534",
        "cumulative": false
    },
    {
        "date": "2020-11-22T18:12:57.695Z",
        "value": "3.565478515625",
        "cumulative": false
    },
    {
        "date": "2020-11-22T18:13:51.167Z",
        "value": "2.954429570189015",
        "cumulative": false
    },
    {
        "date": "2020-11-22T18:14:40.548Z",
        "value": "3.7015092538190366",
        "cumulative": false
    },
    {
        "date": "2020-11-22T18:15:32.196Z",
        "value": "3.3879303033729644",
        "cumulative": false
    },
    {
        "date": "2020-11-22T18:16:22.124Z",
        "value": "3.709957897143524",
        "cumulative": false
    },
    {
        "date": "2020-11-22T18:17:13.712Z",
        "value": "3.4990772920496322",
        "cumulative": false
    },
    {
        "date": "2020-11-22T18:18:02.431Z",
        "value": "3.126270395464602",
        "cumulative": false
    },
    {
        "date": "2020-11-22T18:18:54.225Z",
        "value": "4.802752986319085",
        "cumulative": false
    },
    {
        "date": "2020-11-22T18:19:43.510Z",
        "value": "3.8016962644432772",
        "cumulative": false
    },
    {
        "date": "2020-11-22T18:20:36.651Z",
        "value": "3.610185471946931",
        "cumulative": false
    },
    {
        "date": "2020-11-22T18:21:25.332Z",
        "value": "3.944247093515327",
        "cumulative": false
    },
    {
        "date": "2020-11-22T18:22:17.586Z",
        "value": "3.532021121122087",
        "cumulative": false
    },
    {
        "date": "2020-11-22T18:23:06.792Z",
        "value": "3.734218143488154",
        "cumulative": false
    },
    {
        "date": "2020-11-22T18:24:07.830Z",
        "value": "5.382782309586138",
        "cumulative": false
    },
    {
        "date": "2020-11-22T18:24:56.649Z",
        "value": "5.138935102165044",
        "cumulative": false
    },
    {
        "date": "2020-11-22T18:25:47.238Z",
        "value": "3.3969105311802457",
        "cumulative": false
    },
    {
        "date": "2020-11-22T18:26:34.336Z",
        "value": "3.1016074984681374",
        "cumulative": false
    },
    {
        "date": "2020-11-22T18:27:24.472Z",
        "value": "2.9795094949317864",
        "cumulative": false
    },
    {
        "date": "2020-11-22T18:28:15.455Z",
        "value": "3.0714395892905775",
        "cumulative": false
    },
    {
        "date": "2020-11-22T18:29:06.345Z",
        "value": "5.5998427884615385",
        "cumulative": false
    },
    {
        "date": "2020-11-22T18:29:55.284Z",
        "value": "3.8100764795100734",
        "cumulative": false
    },
    {
        "date": "2020-11-22T18:30:47.675Z",
        "value": "3.061862083107834",
        "cumulative": false
    },
    {
        "date": "2020-11-22T18:31:08.710Z",
        "value": "3.118068124541789",
        "cumulative": false
    },
    {
        "date": "2020-11-22T18:32:02.955Z",
        "value": "3.4274731574524386",
        "cumulative": false
    },
    {
        "date": "2020-11-22T18:32:51.745Z",
        "value": "3.1291969111362494",
        "cumulative": false
    },
    {
        "date": "2020-11-22T18:33:44.032Z",
        "value": "4.828894233799798",
        "cumulative": false
    },
    {
        "date": "2020-11-22T18:34:33.784Z",
        "value": "3.809704601862488",
        "cumulative": false
    },
    {
        "date": "2020-11-22T18:35:25.161Z",
        "value": "3.3949326523789414",
        "cumulative": false
    },
    {
        "date": "2020-11-22T18:36:13.830Z",
        "value": "3.4056200981140137",
        "cumulative": false
    },
    {
        "date": "2020-11-22T18:37:06.124Z",
        "value": "2.983454941116231",
        "cumulative": false
    },
    {
        "date": "2020-11-22T18:37:56.064Z",
        "value": "3.069727579752604",
        "cumulative": false
    },
    {
        "date": "2020-11-22T18:38:47.719Z",
        "value": "5.221044921875",
        "cumulative": false
    },
    {
        "date": "2020-11-22T18:39:35.824Z",
        "value": "4.976133578431373",
        "cumulative": false
    },
    {
        "date": "2020-11-22T18:40:26.892Z",
        "value": "3.3349951171875",
        "cumulative": false
    },
    {
        "date": "2020-11-22T18:41:16.118Z",
        "value": "2.6354841643688727",
        "cumulative": false
    },
    {
        "date": "2020-11-22T18:42:07.891Z",
        "value": "3.0261158662683822",
        "cumulative": false
    },
    {
        "date": "2020-11-22T18:42:57.415Z",
        "value": "3.1507194902254567",
        "cumulative": false
    },
    {
        "date": "2020-11-22T18:43:51.763Z",
        "value": "3.0790242700673063",
        "cumulative": false
    },
    {
        "date": "2020-11-22T18:44:39.955Z",
        "value": "3.292378236384596",
        "cumulative": false
    },
    {
        "date": "2020-11-22T18:45:32.978Z",
        "value": "3.262623903779644",
        "cumulative": false
    },
    {
        "date": "2020-11-22T18:46:23.680Z",
        "value": "3.0594618055555554",
        "cumulative": false
    },
    {
        "date": "2020-11-22T18:47:15.077Z",
        "value": "3.49444580078125",
        "cumulative": false
    },
    {
        "date": "2020-11-22T18:48:04.551Z",
        "value": "3.163717352175245",
        "cumulative": false
    },
    {
        "date": "2020-11-22T18:48:55.335Z",
        "value": "3.1303918587571498",
        "cumulative": false
    },
    {
        "date": "2020-11-22T18:49:43.456Z",
        "value": "3.493969487208946",
        "cumulative": false
    },
    {
        "date": "2020-11-22T18:50:36.606Z",
        "value": "3.897233916491997",
        "cumulative": false
    },
    {
        "date": "2020-11-22T18:51:26.688Z",
        "value": "2.8879239407685726",
        "cumulative": false
    },
    {
        "date": "2020-11-22T18:52:18.399Z",
        "value": "2.869385516826923",
        "cumulative": false
    },
    {
        "date": "2020-11-22T18:53:06.322Z",
        "value": "2.8517326586174243",
        "cumulative": false
    },
    {
        "date": "2020-11-22T18:53:58.792Z",
        "value": "3.1130102305774825",
        "cumulative": false
    },
    {
        "date": "2020-11-22T18:54:54.424Z",
        "value": "3.0968706528219396",
        "cumulative": false
    },
    {
        "date": "2020-11-22T18:55:45.805Z",
        "value": "4.347604632885763",
        "cumulative": false
    },
    {
        "date": "2020-11-22T18:56:34.392Z",
        "value": "3.2287142826960635",
        "cumulative": false
    },
    {
        "date": "2020-11-22T18:57:27.981Z",
        "value": "2.977218553351051",
        "cumulative": false
    },
    {
        "date": "2020-11-22T18:58:17.433Z",
        "value": "2.984897189670139",
        "cumulative": false
    },
    {
        "date": "2020-11-22T18:59:10.326Z",
        "value": "2.910348603219697",
        "cumulative": false
    },
    {
        "date": "2020-11-22T18:59:59.894Z",
        "value": "3.961173581765269",
        "cumulative": false
    },
    {
        "date": "2020-11-22T19:00:50.697Z",
        "value": "2.776086513964138",
        "cumulative": false
    },
    {
        "date": "2020-11-22T19:01:39.439Z",
        "value": "2.856189595133035",
        "cumulative": false
    },
    {
        "date": "2020-11-22T19:02:30.074Z",
        "value": "3.1318677075513013",
        "cumulative": false
    },
    {
        "date": "2020-11-22T19:03:16.162Z",
        "value": "2.990017856576611",
        "cumulative": false
    },
    {
        "date": "2020-11-22T19:04:08.214Z",
        "value": "4.8401841883183305",
        "cumulative": false
    },
    {
        "date": "2020-11-22T19:04:57.391Z",
        "value": "2.6318801312530575",
        "cumulative": false
    },
    {
        "date": "2020-11-22T19:05:48.889Z",
        "value": "4.128508280932419",
        "cumulative": false
    },
    {
        "date": "2020-11-22T19:06:37.576Z",
        "value": "3.2933970710769325",
        "cumulative": false
    },
    {
        "date": "2020-11-22T19:07:29.816Z",
        "value": "2.878258291531655",
        "cumulative": false
    },
    {
        "date": "2020-11-22T19:08:17.718Z",
        "value": "3.3176903357872596",
        "cumulative": false
    },
    {
        "date": "2020-11-22T19:09:09.829Z",
        "value": "3.044005811857286",
        "cumulative": false
    },
    {
        "date": "2020-11-22T19:10:00.461Z",
        "value": "3.53226401179941",
        "cumulative": false
    },
    {
        "date": "2020-11-22T19:10:51.365Z",
        "value": "2.9274947687561097",
        "cumulative": false
    },
    {
        "date": "2020-11-22T19:11:39.179Z",
        "value": "5.1999890690997885",
        "cumulative": false
    },
    {
        "date": "2020-11-22T19:12:32.102Z",
        "value": "2.778658430888803",
        "cumulative": false
    },
    {
        "date": "2020-11-22T19:13:19.870Z",
        "value": "3.041886393229167",
        "cumulative": false
    },
    {
        "date": "2020-11-22T19:14:12.972Z",
        "value": "3.066033023527299",
        "cumulative": false
    },
    {
        "date": "2020-11-22T19:15:00.565Z",
        "value": "2.977666149400685",
        "cumulative": false
    },
    {
        "date": "2020-11-22T19:15:51.539Z",
        "value": "3.3271450365360695",
        "cumulative": false
    },
    {
        "date": "2020-11-22T19:16:42.495Z",
        "value": "2.932382475069868",
        "cumulative": false
    },
    {
        "date": "2020-11-22T19:17:43.618Z",
        "value": "2.8716586973608993",
        "cumulative": false
    },
    {
        "date": "2020-11-22T19:18:31.912Z",
        "value": "3.0042819297038785",
        "cumulative": false
    },
    {
        "date": "2020-11-22T19:19:25.190Z",
        "value": "2.9054253472222222",
        "cumulative": false
    },
    {
        "date": "2020-11-22T19:20:14.154Z",
        "value": "3.127404617936644",
        "cumulative": false
    },
    {
        "date": "2020-11-22T19:21:07.133Z",
        "value": "3.0723130967881946",
        "cumulative": false
    },
    {
        "date": "2020-11-22T19:21:56.724Z",
        "value": "3.1356435557713653",
        "cumulative": false
    },
    {
        "date": "2020-11-22T19:22:46.540Z",
        "value": "4.767292131696428",
        "cumulative": false
    },
    {
        "date": "2020-11-22T19:23:37.411Z",
        "value": "2.982802253080286",
        "cumulative": false
    },
    {
        "date": "2020-11-22T19:24:30.583Z",
        "value": "3.028333581012228",
        "cumulative": false
    },
    {
        "date": "2020-11-22T19:25:20.088Z",
        "value": "3.0035008513621797",
        "cumulative": false
    },
    {
        "date": "2020-11-22T19:26:10.767Z",
        "value": "2.962770416326253",
        "cumulative": false
    },
    {
        "date": "2020-11-22T19:26:59.763Z",
        "value": "3.5463097205528844",
        "cumulative": false
    },
    {
        "date": "2020-11-22T19:27:51.042Z",
        "value": "3.1108888086484594",
        "cumulative": false
    },
    {
        "date": "2020-11-22T19:28:42.744Z",
        "value": "2.9931784237132355",
        "cumulative": false
    },
    {
        "date": "2020-11-22T19:29:34.041Z",
        "value": "2.833263439532067",
        "cumulative": false
    },
    {
        "date": "2020-11-22T19:30:22.500Z",
        "value": "3.0694430721507353",
        "cumulative": false
    },
    {
        "date": "2020-11-22T19:31:12.494Z",
        "value": "2.609660045113277",
        "cumulative": false
    },
    {
        "date": "2020-11-22T19:31:59.583Z",
        "value": "3.2290506687903937",
        "cumulative": false
    },
    {
        "date": "2020-11-22T19:32:51.251Z",
        "value": "2.8912964024941847",
        "cumulative": false
    },
    {
        "date": "2020-11-22T19:33:40.897Z",
        "value": "3.2178689046933373",
        "cumulative": false
    },
    {
        "date": "2020-11-22T19:34:31.905Z",
        "value": "3.0045154047947302",
        "cumulative": false
    },
    {
        "date": "2020-11-22T19:35:20.900Z",
        "value": "2.7265644204768926",
        "cumulative": false
    },
    {
        "date": "2020-11-22T19:36:13.429Z",
        "value": "4.397482207578954",
        "cumulative": false
    },
    {
        "date": "2020-11-22T19:37:03.431Z",
        "value": "3.3457318474264706",
        "cumulative": false
    },
    {
        "date": "2020-11-22T19:37:54.451Z",
        "value": "3.2121272952965154",
        "cumulative": false
    },
    {
        "date": "2020-11-22T19:38:42.371Z",
        "value": "3.4124433514403547",
        "cumulative": false
    },
    {
        "date": "2020-11-22T19:39:33.389Z",
        "value": "3.1061213994250654",
        "cumulative": false
    },
    {
        "date": "2020-11-22T19:40:22.849Z",
        "value": "3.1641819723765225",
        "cumulative": false
    },
    {
        "date": "2020-11-22T19:41:26.360Z",
        "value": "4.836341661992022",
        "cumulative": false
    },
    {
        "date": "2020-11-22T19:42:16.091Z",
        "value": "4.698957579297184",
        "cumulative": false
    },
    {
        "date": "2020-11-22T19:43:08.287Z",
        "value": "2.9536200932094028",
        "cumulative": false
    },
    {
        "date": "2020-11-22T19:43:57.301Z",
        "value": "2.709438668045343",
        "cumulative": false
    },
    {
        "date": "2020-11-22T19:44:50.108Z",
        "value": "2.6664593925315567",
        "cumulative": false
    },
    {
        "date": "2020-11-22T19:45:39.769Z",
        "value": "2.7363980694274237",
        "cumulative": false
    },
    {
        "date": "2020-11-22T19:46:32.114Z",
        "value": "5.112492307692308",
        "cumulative": false
    },
    {
        "date": "2020-11-22T19:47:20.220Z",
        "value": "3.418489523714133",
        "cumulative": false
    },
    {
        "date": "2020-11-22T19:48:12.069Z",
        "value": "2.747266523474496",
        "cumulative": false
    },
    {
        "date": "2020-11-22T19:48:44.326Z",
        "value": "2.7776678389235094",
        "cumulative": false
    },
    {
        "date": "2020-11-22T19:49:37.936Z",
        "value": "3.0524938313545986",
        "cumulative": false
    },
    {
        "date": "2020-11-22T19:50:26.619Z",
        "value": "2.7855222768193815",
        "cumulative": false
    },
    {
        "date": "2020-11-22T19:51:17.500Z",
        "value": "4.47098087651286",
        "cumulative": false
    },
    {
        "date": "2020-11-22T19:52:06.326Z",
        "value": "3.4502699889235315",
        "cumulative": false
    },
    {
        "date": "2020-11-22T19:52:58.546Z",
        "value": "3.0273792163745776",
        "cumulative": false
    },
    {
        "date": "2020-11-22T19:53:46.095Z",
        "value": "3.0663864612579346",
        "cumulative": false
    },
    {
        "date": "2020-11-22T19:54:39.335Z",
        "value": "2.6908407138056836",
        "cumulative": false
    },
    {
        "date": "2020-11-22T19:55:26.290Z",
        "value": "2.7715609111483137",
        "cumulative": false
    },
    {
        "date": "2020-11-22T19:56:17.587Z",
        "value": "4.888961884469697",
        "cumulative": false
    },
    {
        "date": "2020-11-22T19:57:07.629Z",
        "value": "4.538249655330882",
        "cumulative": false
    },
    {
        "date": "2020-11-22T19:57:59.123Z",
        "value": "3.0391828469669115",
        "cumulative": false
    },
    {
        "date": "2020-11-22T19:58:48.250Z",
        "value": "2.442711444929534",
        "cumulative": false
    },
    {
        "date": "2020-11-22T19:59:39.429Z",
        "value": "2.748654114966299",
        "cumulative": false
    },
    {
        "date": "2020-11-22T20:00:27.730Z",
        "value": "2.8776136424443495",
        "cumulative": false
    },
    {
        "date": "2020-11-22T20:01:18.370Z",
        "value": "2.766250399242802",
        "cumulative": false
    },
    {
        "date": "2020-11-22T20:02:08.850Z",
        "value": "2.9711213040565805",
        "cumulative": false
    },
    {
        "date": "2020-11-22T20:02:59.371Z",
        "value": "2.9414880322844614",
        "cumulative": false
    },
    {
        "date": "2020-11-22T20:03:46.495Z",
        "value": "2.795743185376364",
        "cumulative": false
    },
    {
        "date": "2020-11-22T20:04:36.961Z",
        "value": "3.15190380859375",
        "cumulative": false
    },
    {
        "date": "2020-11-22T20:05:25.856Z",
        "value": "2.903387570848652",
        "cumulative": false
    },
    {
        "date": "2020-11-22T20:06:18.583Z",
        "value": "2.862054050220716",
        "cumulative": false
    },
    {
        "date": "2020-11-22T20:07:09.159Z",
        "value": "3.2142130533854165",
        "cumulative": false
    },
    {
        "date": "2020-11-22T20:08:01.146Z",
        "value": "3.5817647794397867",
        "cumulative": false
    },
    {
        "date": "2020-11-22T20:08:49.874Z",
        "value": "2.6684684865285924",
        "cumulative": false
    },
    {
        "date": "2020-11-22T20:09:40.574Z",
        "value": "2.6557446915064102",
        "cumulative": false
    },
    {
        "date": "2020-11-22T20:10:28.753Z",
        "value": "2.638297669232649",
        "cumulative": false
    },
    {
        "date": "2020-11-22T20:11:21.838Z",
        "value": "2.891832415870378",
        "cumulative": false
    },
    {
        "date": "2020-11-22T20:12:20.143Z",
        "value": "2.8467009058691044",
        "cumulative": false
    },
    {
        "date": "2020-11-22T20:13:11.880Z",
        "value": "4.060943161231884",
        "cumulative": false
    },
    {
        "date": "2020-11-22T20:13:58.315Z",
        "value": "2.990895784818209",
        "cumulative": false
    },
    {
        "date": "2020-11-22T20:14:51.025Z",
        "value": "2.770602318548387",
        "cumulative": false
    },
    {
        "date": "2020-11-22T20:15:40.073Z",
        "value": "2.7688676137772816",
        "cumulative": false
    },
    {
        "date": "2020-11-22T20:16:32.446Z",
        "value": "2.713744043255132",
        "cumulative": false
    },
    {
        "date": "2020-11-22T20:17:20.499Z",
        "value": "3.6913719901132196",
        "cumulative": false
    },
    {
        "date": "2020-11-22T20:18:10.370Z",
        "value": "2.5782416533636483",
        "cumulative": false
    },
    {
        "date": "2020-11-22T20:19:00.033Z",
        "value": "2.682343719128688",
        "cumulative": false
    },
    {
        "date": "2020-11-22T20:19:51.139Z",
        "value": "2.8938398848066815",
        "cumulative": false
    },
    {
        "date": "2020-11-22T20:20:39.307Z",
        "value": "2.803935383371385",
        "cumulative": false
    },
    {
        "date": "2020-11-22T20:21:30.254Z",
        "value": "4.576377096972177",
        "cumulative": false
    },
    {
        "date": "2020-11-22T20:22:19.220Z",
        "value": "2.4725712068860077",
        "cumulative": false
    },
    {
        "date": "2020-11-22T20:23:10.787Z",
        "value": "3.841264678210747",
        "cumulative": false
    },
    {
        "date": "2020-11-22T20:23:59.237Z",
        "value": "3.0924970473795255",
        "cumulative": false
    },
    {
        "date": "2020-11-22T20:24:50.676Z",
        "value": "2.6738490582938685",
        "cumulative": false
    },
    {
        "date": "2020-11-22T20:25:37.061Z",
        "value": "3.113064399132362",
        "cumulative": false
    },
    {
        "date": "2020-11-22T20:26:29.527Z",
        "value": "2.835648964603712",
        "cumulative": false
    },
    {
        "date": "2020-11-22T20:27:18.251Z",
        "value": "3.346374331674041",
        "cumulative": false
    },
    {
        "date": "2020-11-22T20:28:10.344Z",
        "value": "2.7622087018114616",
        "cumulative": false
    },
    {
        "date": "2020-11-22T20:28:58.326Z",
        "value": "4.9361882919746565",
        "cumulative": false
    },
    {
        "date": "2020-11-22T20:29:50.687Z",
        "value": "2.6233794504643964",
        "cumulative": false
    },
    {
        "date": "2020-11-22T20:30:38.704Z",
        "value": "2.8384994969223483",
        "cumulative": false
    },
    {
        "date": "2020-11-22T20:31:29.422Z",
        "value": "2.8816512886135057",
        "cumulative": false
    },
    {
        "date": "2020-11-22T20:32:16.012Z",
        "value": "2.8154878284707587",
        "cumulative": false
    },
    {
        "date": "2020-11-22T20:33:09.672Z",
        "value": "3.0958632132307216",
        "cumulative": false
    },
    {
        "date": "2020-11-22T20:33:57.456Z",
        "value": "2.761099714573806",
        "cumulative": false
    },
    {
        "date": "2020-11-22T20:34:57.493Z",
        "value": "2.6900098847179876",
        "cumulative": false
    },
    {
        "date": "2020-11-22T20:35:45.041Z",
        "value": "2.848210812614649",
        "cumulative": false
    },
    {
        "date": "2020-11-22T20:36:36.432Z",
        "value": "2.7437149818497475",
        "cumulative": false
    },
    {
        "date": "2020-11-22T20:37:26.032Z",
        "value": "2.9388583009723583",
        "cumulative": false
    },
    {
        "date": "2020-11-22T20:38:16.006Z",
        "value": "2.898785452557425",
        "cumulative": false
    },
    {
        "date": "2020-11-22T20:39:05.199Z",
        "value": "2.9468946721524696",
        "cumulative": false
    },
    {
        "date": "2020-11-22T20:39:58.327Z",
        "value": "4.536848294005102",
        "cumulative": false
    },
    {
        "date": "2020-11-22T20:40:47.179Z",
        "value": "2.8298121191043983",
        "cumulative": false
    },
    {
        "date": "2020-11-22T20:41:38.862Z",
        "value": "2.8719487246788535",
        "cumulative": false
    },
    {
        "date": "2020-11-22T20:42:25.211Z",
        "value": "2.848252954727564",
        "cumulative": false
    },
    {
        "date": "2020-11-22T20:43:14.398Z",
        "value": "2.8125819121051197",
        "cumulative": false
    },
    {
        "date": "2020-11-22T20:44:02.987Z",
        "value": "3.357794971955128",
        "cumulative": false
    },
    {
        "date": "2020-11-22T20:44:53.537Z",
        "value": "2.95054818802521",
        "cumulative": false
    },
    {
        "date": "2020-11-22T20:45:41.308Z",
        "value": "2.855656215122768",
        "cumulative": false
    },
    {
        "date": "2020-11-22T20:46:30.403Z",
        "value": "2.7067605567863064",
        "cumulative": false
    },
    {
        "date": "2020-11-22T20:47:18.513Z",
        "value": "2.9032709099264706",
        "cumulative": false
    },
    {
        "date": "2020-11-22T20:48:09.879Z",
        "value": "2.5116950819942043",
        "cumulative": false
    },
    {
        "date": "2020-11-22T20:49:00.041Z",
        "value": "3.043082930926851",
        "cumulative": false
    },
    {
        "date": "2020-11-22T20:49:51.679Z",
        "value": "2.734710701247092",
        "cumulative": false
    },
    {
        "date": "2020-11-22T20:50:40.288Z",
        "value": "3.0799188103206725",
        "cumulative": false
    },
    {
        "date": "2020-11-22T20:51:31.642Z",
        "value": "2.8503563974417894",
        "cumulative": false
    },
    {
        "date": "2020-11-22T20:52:19.512Z",
        "value": "2.6133825551560963",
        "cumulative": false
    },
    {
        "date": "2020-11-22T20:53:12.248Z",
        "value": "4.255229248910972",
        "cumulative": false
    },
    {
        "date": "2020-11-22T20:54:02.842Z",
        "value": "3.2261480764180672",
        "cumulative": false
    },
    {
        "date": "2020-11-22T20:54:55.241Z",
        "value": "3.055416799872123",
        "cumulative": false
    },
    {
        "date": "2020-11-22T20:55:44.080Z",
        "value": "3.2407667175766344",
        "cumulative": false
    },
    {
        "date": "2020-11-22T20:56:33.992Z",
        "value": "2.9596867644505327",
        "cumulative": false
    },
    {
        "date": "2020-11-22T20:57:21.122Z",
        "value": "2.9743380132345068",
        "cumulative": false
    }
]