[
    {
        "date": "2020-12-08T11:00:19.867Z",
        "value": "6.6693315505981445",
        "cumulative": false
    },
    {
        "date": "2020-12-08T11:00:30.850Z",
        "value": "5.765214681625366",
        "cumulative": false
    },
    {
        "date": "2020-12-08T11:00:41.976Z",
        "value": "5.884256601333618",
        "cumulative": false
    },
    {
        "date": "2020-12-08T11:00:52.854Z",
        "value": "5.67355489730835",
        "cumulative": false
    },
    {
        "date": "2020-12-08T11:01:03.736Z",
        "value": "5.90108060836792",
        "cumulative": false
    },
    {
        "date": "2020-12-08T11:01:14.532Z",
        "value": "5.860773324966431",
        "cumulative": false
    },
    {
        "date": "2020-12-08T11:01:25.132Z",
        "value": "5.6602783203125",
        "cumulative": false
    },
    {
        "date": "2020-12-08T11:01:35.839Z",
        "value": "5.847444772720337",
        "cumulative": false
    },
    {
        "date": "2020-12-08T11:01:46.721Z",
        "value": "6.0484373569488525",
        "cumulative": false
    },
    {
        "date": "2020-12-08T11:01:57.438Z",
        "value": "5.852968454360962",
        "cumulative": false
    }
]