[
    {
        "date": "2020-12-08T11:00:19.867Z",
        "value": "4.1840980052948",
        "cumulative": false
    },
    {
        "date": "2020-12-08T11:00:30.850Z",
        "value": "1.9469165802001953",
        "cumulative": false
    },
    {
        "date": "2020-12-08T11:00:41.976Z",
        "value": "1.875274419784546",
        "cumulative": false
    },
    {
        "date": "2020-12-08T11:00:52.854Z",
        "value": "1.8687615394592285",
        "cumulative": false
    },
    {
        "date": "2020-12-08T11:01:03.736Z",
        "value": "1.808537483215332",
        "cumulative": false
    },
    {
        "date": "2020-12-08T11:01:14.532Z",
        "value": "1.8639640808105469",
        "cumulative": false
    },
    {
        "date": "2020-12-08T11:01:25.132Z",
        "value": "1.8181025981903076",
        "cumulative": false
    },
    {
        "date": "2020-12-08T11:01:35.839Z",
        "value": "1.812758207321167",
        "cumulative": false
    },
    {
        "date": "2020-12-08T11:01:46.721Z",
        "value": "1.81227445602417",
        "cumulative": false
    },
    {
        "date": "2020-12-08T11:01:57.438Z",
        "value": "1.7902710437774658",
        "cumulative": false
    }
]