[
    {
        "date": "2020-12-08T11:00:09.905Z",
        "value": "12.5",
        "cumulative": false
    },
    {
        "date": "2020-12-08T11:00:11.191Z",
        "value": "22.65625",
        "cumulative": false
    },
    {
        "date": "2020-12-08T11:00:12.366Z",
        "value": "35.15625",
        "cumulative": false
    },
    {
        "date": "2020-12-08T11:00:13.606Z",
        "value": "36.71875",
        "cumulative": false
    },
    {
        "date": "2020-12-08T11:00:14.857Z",
        "value": "39.0625",
        "cumulative": false
    },
    {
        "date": "2020-12-08T11:00:16.129Z",
        "value": "58.59375",
        "cumulative": false
    },
    {
        "date": "2020-12-08T11:00:17.372Z",
        "value": "57.03125",
        "cumulative": false
    },
    {
        "date": "2020-12-08T11:00:18.811Z",
        "value": "46.875",
        "cumulative": false
    },
    {
        "date": "2020-12-08T11:00:21.241Z",
        "value": "58.59375",
        "cumulative": false
    },
    {
        "date": "2020-12-08T11:00:22.505Z",
        "value": "64.0625",
        "cumulative": false
    },
    {
        "date": "2020-12-08T11:00:23.712Z",
        "value": "68.75",
        "cumulative": false
    },
    {
        "date": "2020-12-08T11:00:24.944Z",
        "value": "57.03125",
        "cumulative": false
    },
    {
        "date": "2020-12-08T11:00:26.155Z",
        "value": "66.40625",
        "cumulative": false
    },
    {
        "date": "2020-12-08T11:00:27.347Z",
        "value": "62.5",
        "cumulative": false
    },
    {
        "date": "2020-12-08T11:00:28.564Z",
        "value": "63.28125",
        "cumulative": false
    },
    {
        "date": "2020-12-08T11:00:29.834Z",
        "value": "67.96875",
        "cumulative": false
    },
    {
        "date": "2020-12-08T11:00:32.357Z",
        "value": "71.09375",
        "cumulative": false
    },
    {
        "date": "2020-12-08T11:00:33.562Z",
        "value": "69.53125",
        "cumulative": false
    },
    {
        "date": "2020-12-08T11:00:34.782Z",
        "value": "66.40625",
        "cumulative": false
    },
    {
        "date": "2020-12-08T11:00:36.010Z",
        "value": "67.1875",
        "cumulative": false
    },
    {
        "date": "2020-12-08T11:00:37.241Z",
        "value": "71.875",
        "cumulative": false
    },
    {
        "date": "2020-12-08T11:00:38.462Z",
        "value": "69.53125",
        "cumulative": false
    },
    {
        "date": "2020-12-08T11:00:39.677Z",
        "value": "68.75",
        "cumulative": false
    },
    {
        "date": "2020-12-08T11:00:40.950Z",
        "value": "64.0625",
        "cumulative": false
    },
    {
        "date": "2020-12-08T11:00:43.464Z",
        "value": "67.1875",
        "cumulative": false
    },
    {
        "date": "2020-12-08T11:00:44.741Z",
        "value": "71.09375",
        "cumulative": false
    },
    {
        "date": "2020-12-08T11:00:45.966Z",
        "value": "76.5625",
        "cumulative": false
    },
    {
        "date": "2020-12-08T11:00:47.117Z",
        "value": "71.09375",
        "cumulative": false
    },
    {
        "date": "2020-12-08T11:00:48.296Z",
        "value": "71.09375",
        "cumulative": false
    },
    {
        "date": "2020-12-08T11:00:49.567Z",
        "value": "71.09375",
        "cumulative": false
    },
    {
        "date": "2020-12-08T11:00:50.757Z",
        "value": "78.90625",
        "cumulative": false
    },
    {
        "date": "2020-12-08T11:00:51.913Z",
        "value": "76.5625",
        "cumulative": false
    },
    {
        "date": "2020-12-08T11:00:54.239Z",
        "value": "72.65625",
        "cumulative": false
    },
    {
        "date": "2020-12-08T11:00:55.412Z",
        "value": "77.34375",
        "cumulative": false
    },
    {
        "date": "2020-12-08T11:00:56.588Z",
        "value": "71.875",
        "cumulative": false
    },
    {
        "date": "2020-12-08T11:00:57.744Z",
        "value": "75.0",
        "cumulative": false
    },
    {
        "date": "2020-12-08T11:00:58.948Z",
        "value": "73.4375",
        "cumulative": false
    },
    {
        "date": "2020-12-08T11:01:00.412Z",
        "value": "72.65625",
        "cumulative": false
    },
    {
        "date": "2020-12-08T11:01:01.593Z",
        "value": "77.34375",
        "cumulative": false
    },
    {
        "date": "2020-12-08T11:01:02.738Z",
        "value": "73.4375",
        "cumulative": false
    },
    {
        "date": "2020-12-08T11:01:04.964Z",
        "value": "86.71875",
        "cumulative": false
    },
    {
        "date": "2020-12-08T11:01:06.155Z",
        "value": "70.3125",
        "cumulative": false
    },
    {
        "date": "2020-12-08T11:01:07.321Z",
        "value": "85.15625",
        "cumulative": false
    },
    {
        "date": "2020-12-08T11:01:08.526Z",
        "value": "85.9375",
        "cumulative": false
    },
    {
        "date": "2020-12-08T11:01:09.784Z",
        "value": "77.34375",
        "cumulative": false
    },
    {
        "date": "2020-12-08T11:01:10.948Z",
        "value": "82.8125",
        "cumulative": false
    },
    {
        "date": "2020-12-08T11:01:12.332Z",
        "value": "75.78125",
        "cumulative": false
    },
    {
        "date": "2020-12-08T11:01:13.537Z",
        "value": "77.34375",
        "cumulative": false
    },
    {
        "date": "2020-12-08T11:01:15.774Z",
        "value": "71.875",
        "cumulative": false
    },
    {
        "date": "2020-12-08T11:01:16.953Z",
        "value": "80.46875",
        "cumulative": false
    },
    {
        "date": "2020-12-08T11:01:18.164Z",
        "value": "82.03125",
        "cumulative": false
    },
    {
        "date": "2020-12-08T11:01:19.466Z",
        "value": "81.25",
        "cumulative": false
    },
    {
        "date": "2020-12-08T11:01:20.672Z",
        "value": "82.03125",
        "cumulative": false
    },
    {
        "date": "2020-12-08T11:01:21.835Z",
        "value": "81.25",
        "cumulative": false
    },
    {
        "date": "2020-12-08T11:01:23.006Z",
        "value": "78.125",
        "cumulative": false
    },
    {
        "date": "2020-12-08T11:01:24.192Z",
        "value": "77.34375",
        "cumulative": false
    },
    {
        "date": "2020-12-08T11:01:26.363Z",
        "value": "82.03125",
        "cumulative": false
    },
    {
        "date": "2020-12-08T11:01:27.543Z",
        "value": "75.78125",
        "cumulative": false
    },
    {
        "date": "2020-12-08T11:01:28.774Z",
        "value": "84.375",
        "cumulative": false
    },
    {
        "date": "2020-12-08T11:01:30.050Z",
        "value": "85.9375",
        "cumulative": false
    },
    {
        "date": "2020-12-08T11:01:31.287Z",
        "value": "82.03125",
        "cumulative": false
    },
    {
        "date": "2020-12-08T11:01:32.527Z",
        "value": "78.90625",
        "cumulative": false
    },
    {
        "date": "2020-12-08T11:01:33.706Z",
        "value": "75.78125",
        "cumulative": false
    },
    {
        "date": "2020-12-08T11:01:34.869Z",
        "value": "78.125",
        "cumulative": false
    },
    {
        "date": "2020-12-08T11:01:37.093Z",
        "value": "78.90625",
        "cumulative": false
    },
    {
        "date": "2020-12-08T11:01:38.289Z",
        "value": "81.25",
        "cumulative": false
    },
    {
        "date": "2020-12-08T11:01:39.596Z",
        "value": "81.25",
        "cumulative": false
    },
    {
        "date": "2020-12-08T11:01:40.772Z",
        "value": "82.03125",
        "cumulative": false
    },
    {
        "date": "2020-12-08T11:01:41.955Z",
        "value": "80.46875",
        "cumulative": false
    },
    {
        "date": "2020-12-08T11:01:43.375Z",
        "value": "82.8125",
        "cumulative": false
    },
    {
        "date": "2020-12-08T11:01:44.565Z",
        "value": "82.03125",
        "cumulative": false
    },
    {
        "date": "2020-12-08T11:01:45.767Z",
        "value": "89.0625",
        "cumulative": false
    },
    {
        "date": "2020-12-08T11:01:48.008Z",
        "value": "78.125",
        "cumulative": false
    },
    {
        "date": "2020-12-08T11:01:49.327Z",
        "value": "78.90625",
        "cumulative": false
    },
    {
        "date": "2020-12-08T11:01:50.594Z",
        "value": "86.71875",
        "cumulative": false
    },
    {
        "date": "2020-12-08T11:01:51.790Z",
        "value": "82.8125",
        "cumulative": false
    },
    {
        "date": "2020-12-08T11:01:52.968Z",
        "value": "90.625",
        "cumulative": false
    },
    {
        "date": "2020-12-08T11:01:54.143Z",
        "value": "79.6875",
        "cumulative": false
    },
    {
        "date": "2020-12-08T11:01:55.311Z",
        "value": "87.5",
        "cumulative": false
    },
    {
        "date": "2020-12-08T11:01:56.488Z",
        "value": "85.15625",
        "cumulative": false
    }
]