[
    {
        "date": "2020-12-08T11:00:19.859Z",
        "value": "0.04713726043701172",
        "cumulative": false
    },
    {
        "date": "2020-12-08T11:00:30.868Z",
        "value": "0.05013322830200195",
        "cumulative": false
    },
    {
        "date": "2020-12-08T11:00:41.987Z",
        "value": "0.04889988899230957",
        "cumulative": false
    },
    {
        "date": "2020-12-08T11:00:52.848Z",
        "value": "0.0463869571685791",
        "cumulative": false
    },
    {
        "date": "2020-12-08T11:01:03.726Z",
        "value": "0.04235577583312988",
        "cumulative": false
    },
    {
        "date": "2020-12-08T11:01:14.526Z",
        "value": "0.05009579658508301",
        "cumulative": false
    },
    {
        "date": "2020-12-08T11:01:25.141Z",
        "value": "0.04718470573425293",
        "cumulative": false
    },
    {
        "date": "2020-12-08T11:01:35.845Z",
        "value": "0.043860435485839844",
        "cumulative": false
    },
    {
        "date": "2020-12-08T11:01:46.718Z",
        "value": "0.043853044509887695",
        "cumulative": false
    },
    {
        "date": "2020-12-08T11:01:57.442Z",
        "value": "0.043813228607177734",
        "cumulative": false
    }
]