[
    {
        "date": "2020-12-08T11:00:09.908Z",
        "value": "10.9375",
        "cumulative": false
    },
    {
        "date": "2020-12-08T11:00:11.193Z",
        "value": "30.46875",
        "cumulative": false
    },
    {
        "date": "2020-12-08T11:00:12.370Z",
        "value": "32.8125",
        "cumulative": false
    },
    {
        "date": "2020-12-08T11:00:13.620Z",
        "value": "32.8125",
        "cumulative": false
    },
    {
        "date": "2020-12-08T11:00:14.860Z",
        "value": "46.875",
        "cumulative": false
    },
    {
        "date": "2020-12-08T11:00:16.132Z",
        "value": "46.875",
        "cumulative": false
    },
    {
        "date": "2020-12-08T11:00:17.377Z",
        "value": "46.875",
        "cumulative": false
    },
    {
        "date": "2020-12-08T11:00:18.812Z",
        "value": "50.78125",
        "cumulative": false
    },
    {
        "date": "2020-12-08T11:00:21.242Z",
        "value": "57.8125",
        "cumulative": false
    },
    {
        "date": "2020-12-08T11:00:22.503Z",
        "value": "59.375",
        "cumulative": false
    },
    {
        "date": "2020-12-08T11:00:23.716Z",
        "value": "52.34375",
        "cumulative": false
    },
    {
        "date": "2020-12-08T11:00:24.950Z",
        "value": "57.8125",
        "cumulative": false
    },
    {
        "date": "2020-12-08T11:00:26.157Z",
        "value": "60.15625",
        "cumulative": false
    },
    {
        "date": "2020-12-08T11:00:27.352Z",
        "value": "64.0625",
        "cumulative": false
    },
    {
        "date": "2020-12-08T11:00:28.565Z",
        "value": "61.71875",
        "cumulative": false
    },
    {
        "date": "2020-12-08T11:00:29.839Z",
        "value": "60.9375",
        "cumulative": false
    },
    {
        "date": "2020-12-08T11:00:32.355Z",
        "value": "64.0625",
        "cumulative": false
    },
    {
        "date": "2020-12-08T11:00:33.566Z",
        "value": "67.1875",
        "cumulative": false
    },
    {
        "date": "2020-12-08T11:00:34.782Z",
        "value": "66.40625",
        "cumulative": false
    },
    {
        "date": "2020-12-08T11:00:36.012Z",
        "value": "78.125",
        "cumulative": false
    },
    {
        "date": "2020-12-08T11:00:37.244Z",
        "value": "68.75",
        "cumulative": false
    },
    {
        "date": "2020-12-08T11:00:38.469Z",
        "value": "72.65625",
        "cumulative": false
    },
    {
        "date": "2020-12-08T11:00:39.682Z",
        "value": "73.4375",
        "cumulative": false
    },
    {
        "date": "2020-12-08T11:00:40.955Z",
        "value": "75.0",
        "cumulative": false
    },
    {
        "date": "2020-12-08T11:00:43.464Z",
        "value": "71.875",
        "cumulative": false
    },
    {
        "date": "2020-12-08T11:00:44.745Z",
        "value": "71.875",
        "cumulative": false
    },
    {
        "date": "2020-12-08T11:00:45.968Z",
        "value": "60.9375",
        "cumulative": false
    },
    {
        "date": "2020-12-08T11:00:47.119Z",
        "value": "66.40625",
        "cumulative": false
    },
    {
        "date": "2020-12-08T11:00:48.304Z",
        "value": "70.3125",
        "cumulative": false
    },
    {
        "date": "2020-12-08T11:00:49.573Z",
        "value": "78.125",
        "cumulative": false
    },
    {
        "date": "2020-12-08T11:00:50.765Z",
        "value": "77.34375",
        "cumulative": false
    },
    {
        "date": "2020-12-08T11:00:51.910Z",
        "value": "67.1875",
        "cumulative": false
    },
    {
        "date": "2020-12-08T11:00:54.234Z",
        "value": "74.21875",
        "cumulative": false
    },
    {
        "date": "2020-12-08T11:00:55.419Z",
        "value": "77.34375",
        "cumulative": false
    },
    {
        "date": "2020-12-08T11:00:56.588Z",
        "value": "68.75",
        "cumulative": false
    },
    {
        "date": "2020-12-08T11:00:57.746Z",
        "value": "76.5625",
        "cumulative": false
    },
    {
        "date": "2020-12-08T11:00:58.953Z",
        "value": "79.6875",
        "cumulative": false
    },
    {
        "date": "2020-12-08T11:01:00.410Z",
        "value": "79.6875",
        "cumulative": false
    },
    {
        "date": "2020-12-08T11:01:01.590Z",
        "value": "75.0",
        "cumulative": false
    },
    {
        "date": "2020-12-08T11:01:02.739Z",
        "value": "71.09375",
        "cumulative": false
    },
    {
        "date": "2020-12-08T11:01:04.958Z",
        "value": "74.21875",
        "cumulative": false
    },
    {
        "date": "2020-12-08T11:01:06.160Z",
        "value": "73.4375",
        "cumulative": false
    },
    {
        "date": "2020-12-08T11:01:07.322Z",
        "value": "80.46875",
        "cumulative": false
    },
    {
        "date": "2020-12-08T11:01:08.533Z",
        "value": "82.03125",
        "cumulative": false
    },
    {
        "date": "2020-12-08T11:01:09.781Z",
        "value": "67.96875",
        "cumulative": false
    },
    {
        "date": "2020-12-08T11:01:10.950Z",
        "value": "79.6875",
        "cumulative": false
    },
    {
        "date": "2020-12-08T11:01:12.337Z",
        "value": "77.34375",
        "cumulative": false
    },
    {
        "date": "2020-12-08T11:01:13.548Z",
        "value": "75.78125",
        "cumulative": false
    },
    {
        "date": "2020-12-08T11:01:15.772Z",
        "value": "82.03125",
        "cumulative": false
    },
    {
        "date": "2020-12-08T11:01:16.957Z",
        "value": "78.125",
        "cumulative": false
    },
    {
        "date": "2020-12-08T11:01:18.168Z",
        "value": "74.21875",
        "cumulative": false
    },
    {
        "date": "2020-12-08T11:01:19.473Z",
        "value": "82.03125",
        "cumulative": false
    },
    {
        "date": "2020-12-08T11:01:20.668Z",
        "value": "74.21875",
        "cumulative": false
    },
    {
        "date": "2020-12-08T11:01:21.838Z",
        "value": "82.8125",
        "cumulative": false
    },
    {
        "date": "2020-12-08T11:01:23.012Z",
        "value": "77.34375",
        "cumulative": false
    },
    {
        "date": "2020-12-08T11:01:24.189Z",
        "value": "84.375",
        "cumulative": false
    },
    {
        "date": "2020-12-08T11:01:26.362Z",
        "value": "79.6875",
        "cumulative": false
    },
    {
        "date": "2020-12-08T11:01:27.546Z",
        "value": "84.375",
        "cumulative": false
    },
    {
        "date": "2020-12-08T11:01:28.779Z",
        "value": "76.5625",
        "cumulative": false
    },
    {
        "date": "2020-12-08T11:01:30.047Z",
        "value": "84.375",
        "cumulative": false
    },
    {
        "date": "2020-12-08T11:01:31.289Z",
        "value": "84.375",
        "cumulative": false
    },
    {
        "date": "2020-12-08T11:01:32.531Z",
        "value": "75.78125",
        "cumulative": false
    },
    {
        "date": "2020-12-08T11:01:33.705Z",
        "value": "79.6875",
        "cumulative": false
    },
    {
        "date": "2020-12-08T11:01:34.876Z",
        "value": "77.34375",
        "cumulative": false
    },
    {
        "date": "2020-12-08T11:01:37.096Z",
        "value": "83.59375",
        "cumulative": false
    },
    {
        "date": "2020-12-08T11:01:38.291Z",
        "value": "88.28125",
        "cumulative": false
    },
    {
        "date": "2020-12-08T11:01:39.602Z",
        "value": "83.59375",
        "cumulative": false
    },
    {
        "date": "2020-12-08T11:01:40.777Z",
        "value": "83.59375",
        "cumulative": false
    },
    {
        "date": "2020-12-08T11:01:41.957Z",
        "value": "85.15625",
        "cumulative": false
    },
    {
        "date": "2020-12-08T11:01:43.374Z",
        "value": "79.6875",
        "cumulative": false
    },
    {
        "date": "2020-12-08T11:01:44.568Z",
        "value": "88.28125",
        "cumulative": false
    },
    {
        "date": "2020-12-08T11:01:45.770Z",
        "value": "84.375",
        "cumulative": false
    },
    {
        "date": "2020-12-08T11:01:48.006Z",
        "value": "85.9375",
        "cumulative": false
    },
    {
        "date": "2020-12-08T11:01:49.331Z",
        "value": "80.46875",
        "cumulative": false
    },
    {
        "date": "2020-12-08T11:01:50.599Z",
        "value": "77.34375",
        "cumulative": false
    },
    {
        "date": "2020-12-08T11:01:51.794Z",
        "value": "85.15625",
        "cumulative": false
    },
    {
        "date": "2020-12-08T11:01:52.969Z",
        "value": "83.59375",
        "cumulative": false
    },
    {
        "date": "2020-12-08T11:01:54.146Z",
        "value": "78.125",
        "cumulative": false
    },
    {
        "date": "2020-12-08T11:01:55.316Z",
        "value": "83.59375",
        "cumulative": false
    },
    {
        "date": "2020-12-08T11:01:56.492Z",
        "value": "84.375",
        "cumulative": false
    }
]