[
    {
        "date": "2020-12-08T11:00:19.867Z",
        "value": "0.0006818771362304688",
        "cumulative": false
    },
    {
        "date": "2020-12-08T11:00:30.850Z",
        "value": "0.0006422996520996094",
        "cumulative": false
    },
    {
        "date": "2020-12-08T11:00:41.976Z",
        "value": "0.0006501674652099609",
        "cumulative": false
    },
    {
        "date": "2020-12-08T11:00:52.854Z",
        "value": "0.0005881786346435547",
        "cumulative": false
    },
    {
        "date": "2020-12-08T11:01:03.736Z",
        "value": "0.0005619525909423828",
        "cumulative": false
    },
    {
        "date": "2020-12-08T11:01:14.532Z",
        "value": "0.0005431175231933594",
        "cumulative": false
    },
    {
        "date": "2020-12-08T11:01:25.133Z",
        "value": "0.0005223751068115234",
        "cumulative": false
    },
    {
        "date": "2020-12-08T11:01:35.839Z",
        "value": "0.0006089210510253906",
        "cumulative": false
    },
    {
        "date": "2020-12-08T11:01:46.721Z",
        "value": "0.0005397796630859375",
        "cumulative": false
    },
    {
        "date": "2020-12-08T11:01:57.438Z",
        "value": "0.0005443096160888672",
        "cumulative": false
    }
]