[
    {
        "date": "2020-12-08T11:00:19.859Z",
        "value": "0.0007266998291015625",
        "cumulative": false
    },
    {
        "date": "2020-12-08T11:00:30.868Z",
        "value": "0.0006079673767089844",
        "cumulative": false
    },
    {
        "date": "2020-12-08T11:00:41.987Z",
        "value": "0.0006554126739501953",
        "cumulative": false
    },
    {
        "date": "2020-12-08T11:00:52.848Z",
        "value": "0.00060272216796875",
        "cumulative": false
    },
    {
        "date": "2020-12-08T11:01:03.726Z",
        "value": "0.0005548000335693359",
        "cumulative": false
    },
    {
        "date": "2020-12-08T11:01:14.526Z",
        "value": "0.0005624294281005859",
        "cumulative": false
    },
    {
        "date": "2020-12-08T11:01:25.141Z",
        "value": "0.0005700588226318359",
        "cumulative": false
    },
    {
        "date": "2020-12-08T11:01:35.845Z",
        "value": "0.00066375732421875",
        "cumulative": false
    },
    {
        "date": "2020-12-08T11:01:46.718Z",
        "value": "0.0006735324859619141",
        "cumulative": false
    },
    {
        "date": "2020-12-08T11:01:57.442Z",
        "value": "0.0005853176116943359",
        "cumulative": false
    }
]