[
    {
        "date": "2020-12-08T11:00:19.859Z",
        "value": "5.12012505531311",
        "cumulative": false
    },
    {
        "date": "2020-12-08T11:00:30.868Z",
        "value": "2.3074047565460205",
        "cumulative": false
    },
    {
        "date": "2020-12-08T11:00:41.987Z",
        "value": "2.313777208328247",
        "cumulative": false
    },
    {
        "date": "2020-12-08T11:00:52.848Z",
        "value": "2.2614426612854004",
        "cumulative": false
    },
    {
        "date": "2020-12-08T11:01:03.726Z",
        "value": "2.1302194595336914",
        "cumulative": false
    },
    {
        "date": "2020-12-08T11:01:14.526Z",
        "value": "2.192298650741577",
        "cumulative": false
    },
    {
        "date": "2020-12-08T11:01:25.141Z",
        "value": "2.250331163406372",
        "cumulative": false
    },
    {
        "date": "2020-12-08T11:01:35.845Z",
        "value": "2.2659499645233154",
        "cumulative": false
    },
    {
        "date": "2020-12-08T11:01:46.718Z",
        "value": "2.245494842529297",
        "cumulative": false
    },
    {
        "date": "2020-12-08T11:01:57.442Z",
        "value": "2.265185832977295",
        "cumulative": false
    }
]