[
    {
        "date": "2020-12-08T11:00:09.905Z",
        "value": "49.21875",
        "cumulative": false
    },
    {
        "date": "2020-12-08T11:00:11.193Z",
        "value": "83.59375",
        "cumulative": false
    },
    {
        "date": "2020-12-08T11:00:12.366Z",
        "value": "84.375",
        "cumulative": false
    },
    {
        "date": "2020-12-08T11:00:13.606Z",
        "value": "84.375",
        "cumulative": false
    },
    {
        "date": "2020-12-08T11:00:14.857Z",
        "value": "91.40625",
        "cumulative": false
    },
    {
        "date": "2020-12-08T11:00:16.129Z",
        "value": "95.3125",
        "cumulative": false
    },
    {
        "date": "2020-12-08T11:00:17.372Z",
        "value": "89.84375",
        "cumulative": false
    },
    {
        "date": "2020-12-08T11:00:18.811Z",
        "value": "89.84375",
        "cumulative": false
    },
    {
        "date": "2020-12-08T11:00:21.242Z",
        "value": "96.09375",
        "cumulative": false
    },
    {
        "date": "2020-12-08T11:00:22.505Z",
        "value": "93.75",
        "cumulative": false
    },
    {
        "date": "2020-12-08T11:00:23.712Z",
        "value": "98.4375",
        "cumulative": false
    },
    {
        "date": "2020-12-08T11:00:24.944Z",
        "value": "93.75",
        "cumulative": false
    },
    {
        "date": "2020-12-08T11:00:26.155Z",
        "value": "96.875",
        "cumulative": false
    },
    {
        "date": "2020-12-08T11:00:27.347Z",
        "value": "93.75",
        "cumulative": false
    },
    {
        "date": "2020-12-08T11:00:28.564Z",
        "value": "98.4375",
        "cumulative": false
    },
    {
        "date": "2020-12-08T11:00:29.834Z",
        "value": "93.75",
        "cumulative": false
    },
    {
        "date": "2020-12-08T11:00:32.357Z",
        "value": "100.0",
        "cumulative": false
    },
    {
        "date": "2020-12-08T11:00:33.562Z",
        "value": "97.65625",
        "cumulative": false
    },
    {
        "date": "2020-12-08T11:00:34.782Z",
        "value": "95.3125",
        "cumulative": false
    },
    {
        "date": "2020-12-08T11:00:36.010Z",
        "value": "97.65625",
        "cumulative": false
    },
    {
        "date": "2020-12-08T11:00:37.241Z",
        "value": "98.4375",
        "cumulative": false
    },
    {
        "date": "2020-12-08T11:00:38.462Z",
        "value": "97.65625",
        "cumulative": false
    },
    {
        "date": "2020-12-08T11:00:39.677Z",
        "value": "95.3125",
        "cumulative": false
    },
    {
        "date": "2020-12-08T11:00:40.950Z",
        "value": "96.875",
        "cumulative": false
    },
    {
        "date": "2020-12-08T11:00:43.464Z",
        "value": "95.3125",
        "cumulative": false
    },
    {
        "date": "2020-12-08T11:00:44.741Z",
        "value": "100.0",
        "cumulative": false
    },
    {
        "date": "2020-12-08T11:00:45.966Z",
        "value": "97.65625",
        "cumulative": false
    },
    {
        "date": "2020-12-08T11:00:47.117Z",
        "value": "96.875",
        "cumulative": false
    },
    {
        "date": "2020-12-08T11:00:48.296Z",
        "value": "96.09375",
        "cumulative": false
    },
    {
        "date": "2020-12-08T11:00:49.567Z",
        "value": "98.4375",
        "cumulative": false
    },
    {
        "date": "2020-12-08T11:00:50.757Z",
        "value": "96.09375",
        "cumulative": false
    },
    {
        "date": "2020-12-08T11:00:51.913Z",
        "value": "98.4375",
        "cumulative": false
    },
    {
        "date": "2020-12-08T11:00:54.239Z",
        "value": "98.4375",
        "cumulative": false
    },
    {
        "date": "2020-12-08T11:00:55.412Z",
        "value": "98.4375",
        "cumulative": false
    },
    {
        "date": "2020-12-08T11:00:56.588Z",
        "value": "99.21875",
        "cumulative": false
    },
    {
        "date": "2020-12-08T11:00:57.744Z",
        "value": "99.21875",
        "cumulative": false
    },
    {
        "date": "2020-12-08T11:00:58.948Z",
        "value": "99.21875",
        "cumulative": false
    },
    {
        "date": "2020-12-08T11:01:00.412Z",
        "value": "99.21875",
        "cumulative": false
    },
    {
        "date": "2020-12-08T11:01:01.593Z",
        "value": "98.4375",
        "cumulative": false
    },
    {
        "date": "2020-12-08T11:01:02.738Z",
        "value": "99.21875",
        "cumulative": false
    },
    {
        "date": "2020-12-08T11:01:04.964Z",
        "value": "99.21875",
        "cumulative": false
    },
    {
        "date": "2020-12-08T11:01:06.155Z",
        "value": "99.21875",
        "cumulative": false
    },
    {
        "date": "2020-12-08T11:01:07.321Z",
        "value": "99.21875",
        "cumulative": false
    },
    {
        "date": "2020-12-08T11:01:08.526Z",
        "value": "99.21875",
        "cumulative": false
    },
    {
        "date": "2020-12-08T11:01:09.784Z",
        "value": "100.0",
        "cumulative": false
    },
    {
        "date": "2020-12-08T11:01:10.948Z",
        "value": "98.4375",
        "cumulative": false
    },
    {
        "date": "2020-12-08T11:01:12.333Z",
        "value": "98.4375",
        "cumulative": false
    },
    {
        "date": "2020-12-08T11:01:13.537Z",
        "value": "99.21875",
        "cumulative": false
    },
    {
        "date": "2020-12-08T11:01:15.774Z",
        "value": "98.4375",
        "cumulative": false
    },
    {
        "date": "2020-12-08T11:01:16.953Z",
        "value": "99.21875",
        "cumulative": false
    },
    {
        "date": "2020-12-08T11:01:18.164Z",
        "value": "100.0",
        "cumulative": false
    },
    {
        "date": "2020-12-08T11:01:19.466Z",
        "value": "100.0",
        "cumulative": false
    },
    {
        "date": "2020-12-08T11:01:20.672Z",
        "value": "100.0",
        "cumulative": false
    },
    {
        "date": "2020-12-08T11:01:21.835Z",
        "value": "99.21875",
        "cumulative": false
    },
    {
        "date": "2020-12-08T11:01:23.006Z",
        "value": "98.4375",
        "cumulative": false
    },
    {
        "date": "2020-12-08T11:01:24.192Z",
        "value": "98.4375",
        "cumulative": false
    },
    {
        "date": "2020-12-08T11:01:26.363Z",
        "value": "99.21875",
        "cumulative": false
    },
    {
        "date": "2020-12-08T11:01:27.543Z",
        "value": "98.4375",
        "cumulative": false
    },
    {
        "date": "2020-12-08T11:01:28.774Z",
        "value": "99.21875",
        "cumulative": false
    },
    {
        "date": "2020-12-08T11:01:30.050Z",
        "value": "97.65625",
        "cumulative": false
    },
    {
        "date": "2020-12-08T11:01:31.287Z",
        "value": "100.0",
        "cumulative": false
    },
    {
        "date": "2020-12-08T11:01:32.527Z",
        "value": "100.0",
        "cumulative": false
    },
    {
        "date": "2020-12-08T11:01:33.706Z",
        "value": "98.4375",
        "cumulative": false
    },
    {
        "date": "2020-12-08T11:01:34.869Z",
        "value": "98.4375",
        "cumulative": false
    },
    {
        "date": "2020-12-08T11:01:37.093Z",
        "value": "98.4375",
        "cumulative": false
    },
    {
        "date": "2020-12-08T11:01:38.289Z",
        "value": "100.0",
        "cumulative": false
    },
    {
        "date": "2020-12-08T11:01:39.596Z",
        "value": "98.4375",
        "cumulative": false
    },
    {
        "date": "2020-12-08T11:01:40.772Z",
        "value": "98.4375",
        "cumulative": false
    },
    {
        "date": "2020-12-08T11:01:41.955Z",
        "value": "99.21875",
        "cumulative": false
    },
    {
        "date": "2020-12-08T11:01:43.375Z",
        "value": "100.0",
        "cumulative": false
    },
    {
        "date": "2020-12-08T11:01:44.565Z",
        "value": "99.21875",
        "cumulative": false
    },
    {
        "date": "2020-12-08T11:01:45.768Z",
        "value": "99.21875",
        "cumulative": false
    },
    {
        "date": "2020-12-08T11:01:48.008Z",
        "value": "100.0",
        "cumulative": false
    },
    {
        "date": "2020-12-08T11:01:49.327Z",
        "value": "100.0",
        "cumulative": false
    },
    {
        "date": "2020-12-08T11:01:50.594Z",
        "value": "100.0",
        "cumulative": false
    },
    {
        "date": "2020-12-08T11:01:51.790Z",
        "value": "99.21875",
        "cumulative": false
    },
    {
        "date": "2020-12-08T11:01:52.968Z",
        "value": "100.0",
        "cumulative": false
    },
    {
        "date": "2020-12-08T11:01:54.143Z",
        "value": "100.0",
        "cumulative": false
    },
    {
        "date": "2020-12-08T11:01:55.311Z",
        "value": "100.0",
        "cumulative": false
    },
    {
        "date": "2020-12-08T11:01:56.488Z",
        "value": "100.0",
        "cumulative": false
    }
]