[
    {
        "date": "2020-12-08T11:00:09.906Z",
        "value": "2.4433865547180176",
        "cumulative": false
    },
    {
        "date": "2020-12-08T11:00:11.190Z",
        "value": "1.8260036706924438",
        "cumulative": false
    },
    {
        "date": "2020-12-08T11:00:12.370Z",
        "value": "1.6204683780670166",
        "cumulative": false
    },
    {
        "date": "2020-12-08T11:00:13.620Z",
        "value": "1.6953336000442505",
        "cumulative": false
    },
    {
        "date": "2020-12-08T11:00:14.860Z",
        "value": "1.463421106338501",
        "cumulative": false
    },
    {
        "date": "2020-12-08T11:00:16.132Z",
        "value": "1.4841067790985107",
        "cumulative": false
    },
    {
        "date": "2020-12-08T11:00:17.377Z",
        "value": "1.3625214099884033",
        "cumulative": false
    },
    {
        "date": "2020-12-08T11:00:18.812Z",
        "value": "1.4385682344436646",
        "cumulative": false
    },
    {
        "date": "2020-12-08T11:00:21.242Z",
        "value": "1.2860342264175415",
        "cumulative": false
    },
    {
        "date": "2020-12-08T11:00:22.503Z",
        "value": "1.1781888008117676",
        "cumulative": false
    },
    {
        "date": "2020-12-08T11:00:23.716Z",
        "value": "1.2264113426208496",
        "cumulative": false
    },
    {
        "date": "2020-12-08T11:00:24.950Z",
        "value": "1.0950286388397217",
        "cumulative": false
    },
    {
        "date": "2020-12-08T11:00:26.157Z",
        "value": "1.225311517715454",
        "cumulative": false
    },
    {
        "date": "2020-12-08T11:00:27.351Z",
        "value": "1.0185362100601196",
        "cumulative": false
    },
    {
        "date": "2020-12-08T11:00:28.565Z",
        "value": "0.9344542026519775",
        "cumulative": false
    },
    {
        "date": "2020-12-08T11:00:29.839Z",
        "value": "0.9279223084449768",
        "cumulative": false
    },
    {
        "date": "2020-12-08T11:00:32.354Z",
        "value": "1.0648037195205688",
        "cumulative": false
    },
    {
        "date": "2020-12-08T11:00:33.566Z",
        "value": "0.9200579524040222",
        "cumulative": false
    },
    {
        "date": "2020-12-08T11:00:34.782Z",
        "value": "1.011087417602539",
        "cumulative": false
    },
    {
        "date": "2020-12-08T11:00:36.012Z",
        "value": "0.6528357267379761",
        "cumulative": false
    },
    {
        "date": "2020-12-08T11:00:37.244Z",
        "value": "0.9185488224029541",
        "cumulative": false
    },
    {
        "date": "2020-12-08T11:00:38.468Z",
        "value": "0.7179879546165466",
        "cumulative": false
    },
    {
        "date": "2020-12-08T11:00:39.682Z",
        "value": "0.7965300679206848",
        "cumulative": false
    },
    {
        "date": "2020-12-08T11:00:40.955Z",
        "value": "0.7697076201438904",
        "cumulative": false
    },
    {
        "date": "2020-12-08T11:00:43.464Z",
        "value": "0.7545986771583557",
        "cumulative": false
    },
    {
        "date": "2020-12-08T11:00:44.745Z",
        "value": "0.7364732623100281",
        "cumulative": false
    },
    {
        "date": "2020-12-08T11:00:45.968Z",
        "value": "1.0553746223449707",
        "cumulative": false
    },
    {
        "date": "2020-12-08T11:00:47.119Z",
        "value": "0.8813941478729248",
        "cumulative": false
    },
    {
        "date": "2020-12-08T11:00:48.304Z",
        "value": "0.8390049338340759",
        "cumulative": false
    },
    {
        "date": "2020-12-08T11:00:49.573Z",
        "value": "0.5695605278015137",
        "cumulative": false
    },
    {
        "date": "2020-12-08T11:00:50.764Z",
        "value": "0.7754853367805481",
        "cumulative": false
    },
    {
        "date": "2020-12-08T11:00:51.910Z",
        "value": "0.8807265162467957",
        "cumulative": false
    },
    {
        "date": "2020-12-08T11:00:54.234Z",
        "value": "0.7799260020256042",
        "cumulative": false
    },
    {
        "date": "2020-12-08T11:00:55.419Z",
        "value": "0.6696380376815796",
        "cumulative": false
    },
    {
        "date": "2020-12-08T11:00:56.588Z",
        "value": "1.0161386728286743",
        "cumulative": false
    },
    {
        "date": "2020-12-08T11:00:57.746Z",
        "value": "0.7087548971176147",
        "cumulative": false
    },
    {
        "date": "2020-12-08T11:00:58.953Z",
        "value": "0.6151993274688721",
        "cumulative": false
    },
    {
        "date": "2020-12-08T11:01:00.410Z",
        "value": "0.6304231882095337",
        "cumulative": false
    },
    {
        "date": "2020-12-08T11:01:01.589Z",
        "value": "0.7202394008636475",
        "cumulative": false
    },
    {
        "date": "2020-12-08T11:01:02.739Z",
        "value": "0.8214768171310425",
        "cumulative": false
    },
    {
        "date": "2020-12-08T11:01:04.958Z",
        "value": "0.6580482721328735",
        "cumulative": false
    },
    {
        "date": "2020-12-08T11:01:06.160Z",
        "value": "0.6946547627449036",
        "cumulative": false
    },
    {
        "date": "2020-12-08T11:01:07.322Z",
        "value": "0.5661730170249939",
        "cumulative": false
    },
    {
        "date": "2020-12-08T11:01:08.533Z",
        "value": "0.5534955263137817",
        "cumulative": false
    },
    {
        "date": "2020-12-08T11:01:09.781Z",
        "value": "0.8474292159080505",
        "cumulative": false
    },
    {
        "date": "2020-12-08T11:01:10.949Z",
        "value": "0.6068991422653198",
        "cumulative": false
    },
    {
        "date": "2020-12-08T11:01:12.337Z",
        "value": "0.6182870864868164",
        "cumulative": false
    },
    {
        "date": "2020-12-08T11:01:13.547Z",
        "value": "0.6387163400650024",
        "cumulative": false
    },
    {
        "date": "2020-12-08T11:01:15.772Z",
        "value": "0.5193551182746887",
        "cumulative": false
    },
    {
        "date": "2020-12-08T11:01:16.957Z",
        "value": "0.5883736610412598",
        "cumulative": false
    },
    {
        "date": "2020-12-08T11:01:18.168Z",
        "value": "0.6960093975067139",
        "cumulative": false
    },
    {
        "date": "2020-12-08T11:01:19.473Z",
        "value": "0.5584697723388672",
        "cumulative": false
    },
    {
        "date": "2020-12-08T11:01:20.668Z",
        "value": "0.6618492007255554",
        "cumulative": false
    },
    {
        "date": "2020-12-08T11:01:21.838Z",
        "value": "0.5138075947761536",
        "cumulative": false
    },
    {
        "date": "2020-12-08T11:01:23.012Z",
        "value": "0.5478793382644653",
        "cumulative": false
    },
    {
        "date": "2020-12-08T11:01:24.189Z",
        "value": "0.5490842461585999",
        "cumulative": false
    },
    {
        "date": "2020-12-08T11:01:26.362Z",
        "value": "0.5889038443565369",
        "cumulative": false
    },
    {
        "date": "2020-12-08T11:01:27.546Z",
        "value": "0.49928170442581177",
        "cumulative": false
    },
    {
        "date": "2020-12-08T11:01:28.779Z",
        "value": "0.5996942520141602",
        "cumulative": false
    },
    {
        "date": "2020-12-08T11:01:30.047Z",
        "value": "0.5247076749801636",
        "cumulative": false
    },
    {
        "date": "2020-12-08T11:01:31.289Z",
        "value": "0.5221821069717407",
        "cumulative": false
    },
    {
        "date": "2020-12-08T11:01:32.531Z",
        "value": "0.5872544646263123",
        "cumulative": false
    },
    {
        "date": "2020-12-08T11:01:33.705Z",
        "value": "0.5314981937408447",
        "cumulative": false
    },
    {
        "date": "2020-12-08T11:01:34.876Z",
        "value": "0.6362866163253784",
        "cumulative": false
    },
    {
        "date": "2020-12-08T11:01:37.095Z",
        "value": "0.44908565282821655",
        "cumulative": false
    },
    {
        "date": "2020-12-08T11:01:38.291Z",
        "value": "0.4129639267921448",
        "cumulative": false
    },
    {
        "date": "2020-12-08T11:01:39.601Z",
        "value": "0.4726899266242981",
        "cumulative": false
    },
    {
        "date": "2020-12-08T11:01:40.777Z",
        "value": "0.5136601328849792",
        "cumulative": false
    },
    {
        "date": "2020-12-08T11:01:41.957Z",
        "value": "0.46408385038375854",
        "cumulative": false
    },
    {
        "date": "2020-12-08T11:01:43.374Z",
        "value": "0.5185427665710449",
        "cumulative": false
    },
    {
        "date": "2020-12-08T11:01:44.568Z",
        "value": "0.4327903687953949",
        "cumulative": false
    },
    {
        "date": "2020-12-08T11:01:45.770Z",
        "value": "0.4841468930244446",
        "cumulative": false
    },
    {
        "date": "2020-12-08T11:01:48.006Z",
        "value": "0.45257267355918884",
        "cumulative": false
    },
    {
        "date": "2020-12-08T11:01:49.331Z",
        "value": "0.5378026366233826",
        "cumulative": false
    },
    {
        "date": "2020-12-08T11:01:50.599Z",
        "value": "0.617700457572937",
        "cumulative": false
    },
    {
        "date": "2020-12-08T11:01:51.794Z",
        "value": "0.4915276765823364",
        "cumulative": false
    },
    {
        "date": "2020-12-08T11:01:52.969Z",
        "value": "0.39988964796066284",
        "cumulative": false
    },
    {
        "date": "2020-12-08T11:01:54.145Z",
        "value": "0.6007709503173828",
        "cumulative": false
    },
    {
        "date": "2020-12-08T11:01:55.316Z",
        "value": "0.4417017102241516",
        "cumulative": false
    },
    {
        "date": "2020-12-08T11:01:56.492Z",
        "value": "0.459127277135849",
        "cumulative": false
    }
]