[
    {
        "date": "2020-12-08T11:00:19.867Z",
        "value": "0.04448699951171875",
        "cumulative": false
    },
    {
        "date": "2020-12-08T11:00:30.850Z",
        "value": "0.04736924171447754",
        "cumulative": false
    },
    {
        "date": "2020-12-08T11:00:41.976Z",
        "value": "0.04228615760803223",
        "cumulative": false
    },
    {
        "date": "2020-12-08T11:00:52.854Z",
        "value": "0.03962397575378418",
        "cumulative": false
    },
    {
        "date": "2020-12-08T11:01:03.736Z",
        "value": "0.03871440887451172",
        "cumulative": false
    },
    {
        "date": "2020-12-08T11:01:14.532Z",
        "value": "0.039034128189086914",
        "cumulative": false
    },
    {
        "date": "2020-12-08T11:01:25.132Z",
        "value": "0.03789258003234863",
        "cumulative": false
    },
    {
        "date": "2020-12-08T11:01:35.839Z",
        "value": "0.037659645080566406",
        "cumulative": false
    },
    {
        "date": "2020-12-08T11:01:46.721Z",
        "value": "0.037894248962402344",
        "cumulative": false
    },
    {
        "date": "2020-12-08T11:01:57.438Z",
        "value": "0.03714561462402344",
        "cumulative": false
    }
]