[
    {
        "date": "2020-12-08T11:00:19.859Z",
        "value": "0.6017742156982422",
        "cumulative": false
    },
    {
        "date": "2020-12-08T11:00:30.868Z",
        "value": "0.6123876571655273",
        "cumulative": false
    },
    {
        "date": "2020-12-08T11:00:41.987Z",
        "value": "0.5843613147735596",
        "cumulative": false
    },
    {
        "date": "2020-12-08T11:00:52.848Z",
        "value": "0.5874910354614258",
        "cumulative": false
    },
    {
        "date": "2020-12-08T11:01:03.726Z",
        "value": "0.5562577247619629",
        "cumulative": false
    },
    {
        "date": "2020-12-08T11:01:14.526Z",
        "value": "0.5650761127471924",
        "cumulative": false
    },
    {
        "date": "2020-12-08T11:01:25.141Z",
        "value": "0.5623443126678467",
        "cumulative": false
    },
    {
        "date": "2020-12-08T11:01:35.845Z",
        "value": "0.5811831951141357",
        "cumulative": false
    },
    {
        "date": "2020-12-08T11:01:46.718Z",
        "value": "0.5726244449615479",
        "cumulative": false
    },
    {
        "date": "2020-12-08T11:01:57.442Z",
        "value": "0.5778419971466064",
        "cumulative": false
    }
]