[
    {
        "date": "2020-12-08T11:00:19.867Z",
        "value": "0.1268019676208496",
        "cumulative": false
    },
    {
        "date": "2020-12-08T11:00:30.850Z",
        "value": "0.12644696235656738",
        "cumulative": false
    },
    {
        "date": "2020-12-08T11:00:41.976Z",
        "value": "0.12665009498596191",
        "cumulative": false
    },
    {
        "date": "2020-12-08T11:00:52.854Z",
        "value": "0.12104034423828125",
        "cumulative": false
    },
    {
        "date": "2020-12-08T11:01:03.736Z",
        "value": "0.12044310569763184",
        "cumulative": false
    },
    {
        "date": "2020-12-08T11:01:14.532Z",
        "value": "0.1195383071899414",
        "cumulative": false
    },
    {
        "date": "2020-12-08T11:01:25.133Z",
        "value": "0.11934494972229004",
        "cumulative": false
    },
    {
        "date": "2020-12-08T11:01:35.839Z",
        "value": "0.11942529678344727",
        "cumulative": false
    },
    {
        "date": "2020-12-08T11:01:46.721Z",
        "value": "0.11449027061462402",
        "cumulative": false
    },
    {
        "date": "2020-12-08T11:01:57.438Z",
        "value": "0.11802554130554199",
        "cumulative": false
    }
]