[
    {
        "date": "2020-12-08T11:00:19.867Z",
        "value": "12.484230041503906",
        "cumulative": false
    },
    {
        "date": "2020-12-08T11:00:30.849Z",
        "value": "9.369395017623901",
        "cumulative": false
    },
    {
        "date": "2020-12-08T11:00:41.976Z",
        "value": "9.379631996154785",
        "cumulative": false
    },
    {
        "date": "2020-12-08T11:00:52.854Z",
        "value": "9.165541410446167",
        "cumulative": false
    },
    {
        "date": "2020-12-08T11:01:03.736Z",
        "value": "9.275997638702393",
        "cumulative": false
    },
    {
        "date": "2020-12-08T11:01:14.531Z",
        "value": "9.339810848236084",
        "cumulative": false
    },
    {
        "date": "2020-12-08T11:01:25.132Z",
        "value": "9.106883525848389",
        "cumulative": false
    },
    {
        "date": "2020-12-08T11:01:35.839Z",
        "value": "9.233802318572998",
        "cumulative": false
    },
    {
        "date": "2020-12-08T11:01:46.721Z",
        "value": "9.427980661392212",
        "cumulative": false
    },
    {
        "date": "2020-12-08T11:01:57.438Z",
        "value": "9.212891101837158",
        "cumulative": false
    }
]