[
    {
        "date": "2020-12-08T11:00:19.867Z",
        "value": "0.4896047115325928",
        "cumulative": false
    },
    {
        "date": "2020-12-08T11:00:30.850Z",
        "value": "0.4855673313140869",
        "cumulative": false
    },
    {
        "date": "2020-12-08T11:00:41.976Z",
        "value": "0.4770529270172119",
        "cumulative": false
    },
    {
        "date": "2020-12-08T11:00:52.854Z",
        "value": "0.4729597568511963",
        "cumulative": false
    },
    {
        "date": "2020-12-08T11:01:03.736Z",
        "value": "0.45899176597595215",
        "cumulative": false
    },
    {
        "date": "2020-12-08T11:01:14.531Z",
        "value": "0.4790346622467041",
        "cumulative": false
    },
    {
        "date": "2020-12-08T11:01:25.132Z",
        "value": "0.47956228256225586",
        "cumulative": false
    },
    {
        "date": "2020-12-08T11:01:35.839Z",
        "value": "0.46434760093688965",
        "cumulative": false
    },
    {
        "date": "2020-12-08T11:01:46.721Z",
        "value": "0.4601926803588867",
        "cumulative": false
    },
    {
        "date": "2020-12-08T11:01:57.438Z",
        "value": "0.4461507797241211",
        "cumulative": false
    }
]