[
    {
        "date": "2020-12-08T11:00:19.867Z",
        "value": "0.9692249298095703",
        "cumulative": false
    },
    {
        "date": "2020-12-08T11:00:30.850Z",
        "value": "0.9972379207611084",
        "cumulative": false
    },
    {
        "date": "2020-12-08T11:00:41.976Z",
        "value": "0.9734616279602051",
        "cumulative": false
    },
    {
        "date": "2020-12-08T11:00:52.854Z",
        "value": "0.9890127182006836",
        "cumulative": false
    },
    {
        "date": "2020-12-08T11:01:03.736Z",
        "value": "0.9476683139801025",
        "cumulative": false
    },
    {
        "date": "2020-12-08T11:01:14.532Z",
        "value": "0.9769232273101807",
        "cumulative": false
    },
    {
        "date": "2020-12-08T11:01:25.132Z",
        "value": "0.991180419921875",
        "cumulative": false
    },
    {
        "date": "2020-12-08T11:01:35.839Z",
        "value": "0.9515578746795654",
        "cumulative": false
    },
    {
        "date": "2020-12-08T11:01:46.721Z",
        "value": "0.9541518688201904",
        "cumulative": false
    },
    {
        "date": "2020-12-08T11:01:57.438Z",
        "value": "0.9677853584289551",
        "cumulative": false
    }
]