[
    {
        "date": "2020-12-08T11:00:19.859Z",
        "value": "1.5412731170654297",
        "cumulative": false
    },
    {
        "date": "2020-12-08T11:00:30.868Z",
        "value": "1.5846140384674072",
        "cumulative": false
    },
    {
        "date": "2020-12-08T11:00:41.987Z",
        "value": "1.5572535991668701",
        "cumulative": false
    },
    {
        "date": "2020-12-08T11:00:52.848Z",
        "value": "1.420163631439209",
        "cumulative": false
    },
    {
        "date": "2020-12-08T11:01:03.726Z",
        "value": "1.40305495262146",
        "cumulative": false
    },
    {
        "date": "2020-12-08T11:01:14.526Z",
        "value": "1.4050800800323486",
        "cumulative": false
    },
    {
        "date": "2020-12-08T11:01:25.141Z",
        "value": "1.3558635711669922",
        "cumulative": false
    },
    {
        "date": "2020-12-08T11:01:35.845Z",
        "value": "1.4263896942138672",
        "cumulative": false
    },
    {
        "date": "2020-12-08T11:01:46.718Z",
        "value": "1.399526596069336",
        "cumulative": false
    },
    {
        "date": "2020-12-08T11:01:57.442Z",
        "value": "1.4062385559082031",
        "cumulative": false
    }
]