[
    {
        "date": "2020-12-08T11:00:09.903Z",
        "value": "2.520179033279419",
        "cumulative": false
    },
    {
        "date": "2020-12-08T11:00:11.188Z",
        "value": "1.8796045780181885",
        "cumulative": false
    },
    {
        "date": "2020-12-08T11:00:12.366Z",
        "value": "1.6458323001861572",
        "cumulative": false
    },
    {
        "date": "2020-12-08T11:00:13.606Z",
        "value": "1.690225601196289",
        "cumulative": false
    },
    {
        "date": "2020-12-08T11:00:14.857Z",
        "value": "1.5812933444976807",
        "cumulative": false
    },
    {
        "date": "2020-12-08T11:00:16.129Z",
        "value": "1.282349705696106",
        "cumulative": false
    },
    {
        "date": "2020-12-08T11:00:17.372Z",
        "value": "1.433922529220581",
        "cumulative": false
    },
    {
        "date": "2020-12-08T11:00:18.811Z",
        "value": "1.4825592041015625",
        "cumulative": false
    },
    {
        "date": "2020-12-08T11:00:21.241Z",
        "value": "1.1650564670562744",
        "cumulative": false
    },
    {
        "date": "2020-12-08T11:00:22.505Z",
        "value": "1.0830962657928467",
        "cumulative": false
    },
    {
        "date": "2020-12-08T11:00:23.712Z",
        "value": "0.8219354748725891",
        "cumulative": false
    },
    {
        "date": "2020-12-08T11:00:24.944Z",
        "value": "1.18965744972229",
        "cumulative": false
    },
    {
        "date": "2020-12-08T11:00:26.155Z",
        "value": "0.9444901347160339",
        "cumulative": false
    },
    {
        "date": "2020-12-08T11:00:27.347Z",
        "value": "1.0982626676559448",
        "cumulative": false
    },
    {
        "date": "2020-12-08T11:00:28.564Z",
        "value": "0.9740975499153137",
        "cumulative": false
    },
    {
        "date": "2020-12-08T11:00:29.834Z",
        "value": "1.0025532245635986",
        "cumulative": false
    },
    {
        "date": "2020-12-08T11:00:32.357Z",
        "value": "0.9127900004386902",
        "cumulative": false
    },
    {
        "date": "2020-12-08T11:00:33.562Z",
        "value": "0.9245559573173523",
        "cumulative": false
    },
    {
        "date": "2020-12-08T11:00:34.782Z",
        "value": "0.9768285155296326",
        "cumulative": false
    },
    {
        "date": "2020-12-08T11:00:36.010Z",
        "value": "0.8632524609565735",
        "cumulative": false
    },
    {
        "date": "2020-12-08T11:00:37.241Z",
        "value": "0.9268168210983276",
        "cumulative": false
    },
    {
        "date": "2020-12-08T11:00:38.462Z",
        "value": "0.8884291052818298",
        "cumulative": false
    },
    {
        "date": "2020-12-08T11:00:39.677Z",
        "value": "0.9001846313476562",
        "cumulative": false
    },
    {
        "date": "2020-12-08T11:00:40.949Z",
        "value": "0.9746922254562378",
        "cumulative": false
    },
    {
        "date": "2020-12-08T11:00:43.464Z",
        "value": "0.9245973229408264",
        "cumulative": false
    },
    {
        "date": "2020-12-08T11:00:44.741Z",
        "value": "0.7044583559036255",
        "cumulative": false
    },
    {
        "date": "2020-12-08T11:00:45.966Z",
        "value": "0.8179327845573425",
        "cumulative": false
    },
    {
        "date": "2020-12-08T11:00:47.117Z",
        "value": "0.771289050579071",
        "cumulative": false
    },
    {
        "date": "2020-12-08T11:00:48.296Z",
        "value": "0.835411012172699",
        "cumulative": false
    },
    {
        "date": "2020-12-08T11:00:49.567Z",
        "value": "0.7653644680976868",
        "cumulative": false
    },
    {
        "date": "2020-12-08T11:00:50.757Z",
        "value": "0.628514289855957",
        "cumulative": false
    },
    {
        "date": "2020-12-08T11:00:51.913Z",
        "value": "0.6723599433898926",
        "cumulative": false
    },
    {
        "date": "2020-12-08T11:00:54.239Z",
        "value": "0.8304892182350159",
        "cumulative": false
    },
    {
        "date": "2020-12-08T11:00:55.412Z",
        "value": "0.6558377742767334",
        "cumulative": false
    },
    {
        "date": "2020-12-08T11:00:56.588Z",
        "value": "0.7648151516914368",
        "cumulative": false
    },
    {
        "date": "2020-12-08T11:00:57.744Z",
        "value": "0.6364387273788452",
        "cumulative": false
    },
    {
        "date": "2020-12-08T11:00:58.948Z",
        "value": "0.720046877861023",
        "cumulative": false
    },
    {
        "date": "2020-12-08T11:01:00.412Z",
        "value": "0.7612026929855347",
        "cumulative": false
    },
    {
        "date": "2020-12-08T11:01:01.593Z",
        "value": "0.7058842182159424",
        "cumulative": false
    },
    {
        "date": "2020-12-08T11:01:02.738Z",
        "value": "0.6836248636245728",
        "cumulative": false
    },
    {
        "date": "2020-12-08T11:01:04.964Z",
        "value": "0.4410562515258789",
        "cumulative": false
    },
    {
        "date": "2020-12-08T11:01:06.155Z",
        "value": "0.7974424958229065",
        "cumulative": false
    },
    {
        "date": "2020-12-08T11:01:07.321Z",
        "value": "0.5135724544525146",
        "cumulative": false
    },
    {
        "date": "2020-12-08T11:01:08.526Z",
        "value": "0.43197500705718994",
        "cumulative": false
    },
    {
        "date": "2020-12-08T11:01:09.784Z",
        "value": "0.5743897557258606",
        "cumulative": false
    },
    {
        "date": "2020-12-08T11:01:10.948Z",
        "value": "0.47987276315689087",
        "cumulative": false
    },
    {
        "date": "2020-12-08T11:01:12.332Z",
        "value": "0.6796204447746277",
        "cumulative": false
    },
    {
        "date": "2020-12-08T11:01:13.537Z",
        "value": "0.6306080222129822",
        "cumulative": false
    },
    {
        "date": "2020-12-08T11:01:15.774Z",
        "value": "0.6621739864349365",
        "cumulative": false
    },
    {
        "date": "2020-12-08T11:01:16.953Z",
        "value": "0.5085316896438599",
        "cumulative": false
    },
    {
        "date": "2020-12-08T11:01:18.163Z",
        "value": "0.5250404477119446",
        "cumulative": false
    },
    {
        "date": "2020-12-08T11:01:19.466Z",
        "value": "0.5762950778007507",
        "cumulative": false
    },
    {
        "date": "2020-12-08T11:01:20.672Z",
        "value": "0.5546937584877014",
        "cumulative": false
    },
    {
        "date": "2020-12-08T11:01:21.835Z",
        "value": "0.5091103911399841",
        "cumulative": false
    },
    {
        "date": "2020-12-08T11:01:23.006Z",
        "value": "0.5752555131912231",
        "cumulative": false
    },
    {
        "date": "2020-12-08T11:01:24.192Z",
        "value": "0.7216384410858154",
        "cumulative": false
    },
    {
        "date": "2020-12-08T11:01:26.363Z",
        "value": "0.46566250920295715",
        "cumulative": false
    },
    {
        "date": "2020-12-08T11:01:27.543Z",
        "value": "0.6588162183761597",
        "cumulative": false
    },
    {
        "date": "2020-12-08T11:01:28.774Z",
        "value": "0.39417681097984314",
        "cumulative": false
    },
    {
        "date": "2020-12-08T11:01:30.050Z",
        "value": "0.4490342140197754",
        "cumulative": false
    },
    {
        "date": "2020-12-08T11:01:31.287Z",
        "value": "0.5304153561592102",
        "cumulative": false
    },
    {
        "date": "2020-12-08T11:01:32.527Z",
        "value": "0.5722201466560364",
        "cumulative": false
    },
    {
        "date": "2020-12-08T11:01:33.706Z",
        "value": "0.6910649538040161",
        "cumulative": false
    },
    {
        "date": "2020-12-08T11:01:34.869Z",
        "value": "0.6314942836761475",
        "cumulative": false
    },
    {
        "date": "2020-12-08T11:01:37.093Z",
        "value": "0.5226987600326538",
        "cumulative": false
    },
    {
        "date": "2020-12-08T11:01:38.289Z",
        "value": "0.5787479281425476",
        "cumulative": false
    },
    {
        "date": "2020-12-08T11:01:39.596Z",
        "value": "0.5364243984222412",
        "cumulative": false
    },
    {
        "date": "2020-12-08T11:01:40.772Z",
        "value": "0.5407711863517761",
        "cumulative": false
    },
    {
        "date": "2020-12-08T11:01:41.955Z",
        "value": "0.5068239569664001",
        "cumulative": false
    },
    {
        "date": "2020-12-08T11:01:43.375Z",
        "value": "0.4780919849872589",
        "cumulative": false
    },
    {
        "date": "2020-12-08T11:01:44.565Z",
        "value": "0.5401182174682617",
        "cumulative": false
    },
    {
        "date": "2020-12-08T11:01:45.767Z",
        "value": "0.41445210576057434",
        "cumulative": false
    },
    {
        "date": "2020-12-08T11:01:48.008Z",
        "value": "0.4915531575679779",
        "cumulative": false
    },
    {
        "date": "2020-12-08T11:01:49.326Z",
        "value": "0.5861570239067078",
        "cumulative": false
    },
    {
        "date": "2020-12-08T11:01:50.594Z",
        "value": "0.40049901604652405",
        "cumulative": false
    },
    {
        "date": "2020-12-08T11:01:51.790Z",
        "value": "0.4640766978263855",
        "cumulative": false
    },
    {
        "date": "2020-12-08T11:01:52.968Z",
        "value": "0.38070225715637207",
        "cumulative": false
    },
    {
        "date": "2020-12-08T11:01:54.143Z",
        "value": "0.5911070108413696",
        "cumulative": false
    },
    {
        "date": "2020-12-08T11:01:55.311Z",
        "value": "0.36449411511421204",
        "cumulative": false
    },
    {
        "date": "2020-12-08T11:01:56.488Z",
        "value": "0.3798491656780243",
        "cumulative": false
    }
]