[
    {
        "date": "2020-12-08T11:00:19.859Z",
        "value": "12.217964887619019",
        "cumulative": false
    },
    {
        "date": "2020-12-08T11:00:30.868Z",
        "value": "9.234432458877563",
        "cumulative": false
    },
    {
        "date": "2020-12-08T11:00:41.987Z",
        "value": "9.230521440505981",
        "cumulative": false
    },
    {
        "date": "2020-12-08T11:00:52.848Z",
        "value": "9.05403470993042",
        "cumulative": false
    },
    {
        "date": "2020-12-08T11:01:03.725Z",
        "value": "9.151769399642944",
        "cumulative": false
    },
    {
        "date": "2020-12-08T11:01:14.526Z",
        "value": "9.225705862045288",
        "cumulative": false
    },
    {
        "date": "2020-12-08T11:01:25.141Z",
        "value": "9.04866647720337",
        "cumulative": false
    },
    {
        "date": "2020-12-08T11:01:35.845Z",
        "value": "9.132207870483398",
        "cumulative": false
    },
    {
        "date": "2020-12-08T11:01:46.717Z",
        "value": "9.293415546417236",
        "cumulative": false
    },
    {
        "date": "2020-12-08T11:01:57.442Z",
        "value": "9.113016128540039",
        "cumulative": false
    }
]