[
    {
        "date": "2020-12-08T11:00:09.911Z",
        "value": "52.34375",
        "cumulative": false
    },
    {
        "date": "2020-12-08T11:00:11.197Z",
        "value": "87.5",
        "cumulative": false
    },
    {
        "date": "2020-12-08T11:00:12.370Z",
        "value": "91.40625",
        "cumulative": false
    },
    {
        "date": "2020-12-08T11:00:13.620Z",
        "value": "86.71875",
        "cumulative": false
    },
    {
        "date": "2020-12-08T11:00:14.860Z",
        "value": "92.96875",
        "cumulative": false
    },
    {
        "date": "2020-12-08T11:00:16.132Z",
        "value": "93.75",
        "cumulative": false
    },
    {
        "date": "2020-12-08T11:00:17.377Z",
        "value": "95.3125",
        "cumulative": false
    },
    {
        "date": "2020-12-08T11:00:18.812Z",
        "value": "89.0625",
        "cumulative": false
    },
    {
        "date": "2020-12-08T11:00:21.243Z",
        "value": "93.75",
        "cumulative": false
    },
    {
        "date": "2020-12-08T11:00:22.503Z",
        "value": "94.53125",
        "cumulative": false
    },
    {
        "date": "2020-12-08T11:00:23.716Z",
        "value": "94.53125",
        "cumulative": false
    },
    {
        "date": "2020-12-08T11:00:24.950Z",
        "value": "99.21875",
        "cumulative": false
    },
    {
        "date": "2020-12-08T11:00:26.157Z",
        "value": "94.53125",
        "cumulative": false
    },
    {
        "date": "2020-12-08T11:00:27.352Z",
        "value": "97.65625",
        "cumulative": false
    },
    {
        "date": "2020-12-08T11:00:28.565Z",
        "value": "97.65625",
        "cumulative": false
    },
    {
        "date": "2020-12-08T11:00:29.839Z",
        "value": "96.875",
        "cumulative": false
    },
    {
        "date": "2020-12-08T11:00:32.355Z",
        "value": "95.3125",
        "cumulative": false
    },
    {
        "date": "2020-12-08T11:00:33.566Z",
        "value": "96.875",
        "cumulative": false
    },
    {
        "date": "2020-12-08T11:00:34.783Z",
        "value": "100.0",
        "cumulative": false
    },
    {
        "date": "2020-12-08T11:00:36.012Z",
        "value": "100.0",
        "cumulative": false
    },
    {
        "date": "2020-12-08T11:00:37.244Z",
        "value": "96.875",
        "cumulative": false
    },
    {
        "date": "2020-12-08T11:00:38.469Z",
        "value": "98.4375",
        "cumulative": false
    },
    {
        "date": "2020-12-08T11:00:39.682Z",
        "value": "98.4375",
        "cumulative": false
    },
    {
        "date": "2020-12-08T11:00:40.955Z",
        "value": "99.21875",
        "cumulative": false
    },
    {
        "date": "2020-12-08T11:00:43.465Z",
        "value": "96.875",
        "cumulative": false
    },
    {
        "date": "2020-12-08T11:00:44.745Z",
        "value": "100.0",
        "cumulative": false
    },
    {
        "date": "2020-12-08T11:00:45.968Z",
        "value": "95.3125",
        "cumulative": false
    },
    {
        "date": "2020-12-08T11:00:47.119Z",
        "value": "96.875",
        "cumulative": false
    },
    {
        "date": "2020-12-08T11:00:48.305Z",
        "value": "99.21875",
        "cumulative": false
    },
    {
        "date": "2020-12-08T11:00:49.573Z",
        "value": "99.21875",
        "cumulative": false
    },
    {
        "date": "2020-12-08T11:00:50.765Z",
        "value": "95.3125",
        "cumulative": false
    },
    {
        "date": "2020-12-08T11:00:51.910Z",
        "value": "96.875",
        "cumulative": false
    },
    {
        "date": "2020-12-08T11:00:54.234Z",
        "value": "98.4375",
        "cumulative": false
    },
    {
        "date": "2020-12-08T11:00:55.419Z",
        "value": "98.4375",
        "cumulative": false
    },
    {
        "date": "2020-12-08T11:00:56.588Z",
        "value": "96.875",
        "cumulative": false
    },
    {
        "date": "2020-12-08T11:00:57.746Z",
        "value": "99.21875",
        "cumulative": false
    },
    {
        "date": "2020-12-08T11:00:58.953Z",
        "value": "98.4375",
        "cumulative": false
    },
    {
        "date": "2020-12-08T11:01:00.410Z",
        "value": "100.0",
        "cumulative": false
    },
    {
        "date": "2020-12-08T11:01:01.590Z",
        "value": "100.0",
        "cumulative": false
    },
    {
        "date": "2020-12-08T11:01:02.739Z",
        "value": "96.09375",
        "cumulative": false
    },
    {
        "date": "2020-12-08T11:01:04.958Z",
        "value": "98.4375",
        "cumulative": false
    },
    {
        "date": "2020-12-08T11:01:06.160Z",
        "value": "96.875",
        "cumulative": false
    },
    {
        "date": "2020-12-08T11:01:07.322Z",
        "value": "98.4375",
        "cumulative": false
    },
    {
        "date": "2020-12-08T11:01:08.533Z",
        "value": "99.21875",
        "cumulative": false
    },
    {
        "date": "2020-12-08T11:01:09.781Z",
        "value": "98.4375",
        "cumulative": false
    },
    {
        "date": "2020-12-08T11:01:10.950Z",
        "value": "98.4375",
        "cumulative": false
    },
    {
        "date": "2020-12-08T11:01:12.337Z",
        "value": "98.4375",
        "cumulative": false
    },
    {
        "date": "2020-12-08T11:01:13.548Z",
        "value": "99.21875",
        "cumulative": false
    },
    {
        "date": "2020-12-08T11:01:15.772Z",
        "value": "100.0",
        "cumulative": false
    },
    {
        "date": "2020-12-08T11:01:16.957Z",
        "value": "99.21875",
        "cumulative": false
    },
    {
        "date": "2020-12-08T11:01:18.168Z",
        "value": "100.0",
        "cumulative": false
    },
    {
        "date": "2020-12-08T11:01:19.473Z",
        "value": "99.21875",
        "cumulative": false
    },
    {
        "date": "2020-12-08T11:01:20.668Z",
        "value": "97.65625",
        "cumulative": false
    },
    {
        "date": "2020-12-08T11:01:21.839Z",
        "value": "98.4375",
        "cumulative": false
    },
    {
        "date": "2020-12-08T11:01:23.012Z",
        "value": "100.0",
        "cumulative": false
    },
    {
        "date": "2020-12-08T11:01:24.189Z",
        "value": "98.4375",
        "cumulative": false
    },
    {
        "date": "2020-12-08T11:01:26.362Z",
        "value": "99.21875",
        "cumulative": false
    },
    {
        "date": "2020-12-08T11:01:27.546Z",
        "value": "98.4375",
        "cumulative": false
    },
    {
        "date": "2020-12-08T11:01:28.779Z",
        "value": "98.4375",
        "cumulative": false
    },
    {
        "date": "2020-12-08T11:01:30.047Z",
        "value": "97.65625",
        "cumulative": false
    },
    {
        "date": "2020-12-08T11:01:31.289Z",
        "value": "100.0",
        "cumulative": false
    },
    {
        "date": "2020-12-08T11:01:32.531Z",
        "value": "98.4375",
        "cumulative": false
    },
    {
        "date": "2020-12-08T11:01:33.705Z",
        "value": "99.21875",
        "cumulative": false
    },
    {
        "date": "2020-12-08T11:01:34.876Z",
        "value": "99.21875",
        "cumulative": false
    },
    {
        "date": "2020-12-08T11:01:37.096Z",
        "value": "100.0",
        "cumulative": false
    },
    {
        "date": "2020-12-08T11:01:38.291Z",
        "value": "99.21875",
        "cumulative": false
    },
    {
        "date": "2020-12-08T11:01:39.602Z",
        "value": "100.0",
        "cumulative": false
    },
    {
        "date": "2020-12-08T11:01:40.777Z",
        "value": "99.21875",
        "cumulative": false
    },
    {
        "date": "2020-12-08T11:01:41.957Z",
        "value": "99.21875",
        "cumulative": false
    },
    {
        "date": "2020-12-08T11:01:43.374Z",
        "value": "99.21875",
        "cumulative": false
    },
    {
        "date": "2020-12-08T11:01:44.568Z",
        "value": "98.4375",
        "cumulative": false
    },
    {
        "date": "2020-12-08T11:01:45.770Z",
        "value": "99.21875",
        "cumulative": false
    },
    {
        "date": "2020-12-08T11:01:48.006Z",
        "value": "99.21875",
        "cumulative": false
    },
    {
        "date": "2020-12-08T11:01:49.331Z",
        "value": "99.21875",
        "cumulative": false
    },
    {
        "date": "2020-12-08T11:01:50.599Z",
        "value": "100.0",
        "cumulative": false
    },
    {
        "date": "2020-12-08T11:01:51.794Z",
        "value": "97.65625",
        "cumulative": false
    },
    {
        "date": "2020-12-08T11:01:52.969Z",
        "value": "100.0",
        "cumulative": false
    },
    {
        "date": "2020-12-08T11:01:54.146Z",
        "value": "98.4375",
        "cumulative": false
    },
    {
        "date": "2020-12-08T11:01:55.316Z",
        "value": "99.21875",
        "cumulative": false
    },
    {
        "date": "2020-12-08T11:01:56.492Z",
        "value": "99.21875",
        "cumulative": false
    }
]