[
    {
        "date": "2020-11-21T10:49:08.300Z",
        "value": "11.127835181451612",
        "cumulative": false
    },
    {
        "date": "2020-11-21T10:49:37.625Z",
        "value": "11.060235928336432",
        "cumulative": false
    },
    {
        "date": "2020-11-21T10:50:07.696Z",
        "value": "9.910797472033686",
        "cumulative": false
    },
    {
        "date": "2020-11-21T10:50:39.614Z",
        "value": "9.478395462997982",
        "cumulative": false
    },
    {
        "date": "2020-11-21T10:51:08.398Z",
        "value": "9.041659188340992",
        "cumulative": false
    },
    {
        "date": "2020-11-21T10:51:37.548Z",
        "value": "8.77560837204392",
        "cumulative": false
    },
    {
        "date": "2020-11-21T10:52:07.668Z",
        "value": "8.450359344482422",
        "cumulative": false
    },
    {
        "date": "2020-11-21T10:52:38.666Z",
        "value": "8.216870379704302",
        "cumulative": false
    },
    {
        "date": "2020-11-21T10:53:08.208Z",
        "value": "8.110686771453373",
        "cumulative": false
    },
    {
        "date": "2020-11-21T10:53:38.012Z",
        "value": "8.359213226010102",
        "cumulative": false
    },
    {
        "date": "2020-11-21T10:54:07.786Z",
        "value": "8.382666973039216",
        "cumulative": false
    },
    {
        "date": "2020-11-21T10:54:39.127Z",
        "value": "7.862926240808823",
        "cumulative": false
    },
    {
        "date": "2020-11-21T10:55:08.632Z",
        "value": "7.347336473651961",
        "cumulative": false
    },
    {
        "date": "2020-11-21T10:55:38.625Z",
        "value": "7.886173023897059",
        "cumulative": false
    },
    {
        "date": "2020-11-21T10:56:07.682Z",
        "value": "7.758651942422945",
        "cumulative": false
    },
    {
        "date": "2020-11-21T10:56:40.457Z",
        "value": "7.817619558612738",
        "cumulative": false
    },
    {
        "date": "2020-11-21T10:57:09.810Z",
        "value": "7.704956906623878",
        "cumulative": false
    },
    {
        "date": "2020-11-21T10:57:39.232Z",
        "value": "7.730081791934288",
        "cumulative": false
    },
    {
        "date": "2020-11-21T10:58:09.085Z",
        "value": "7.505107576884921",
        "cumulative": false
    },
    {
        "date": "2020-11-21T10:58:40.731Z",
        "value": "7.64102587890625",
        "cumulative": false
    },
    {
        "date": "2020-11-21T10:59:10.298Z",
        "value": "7.369201899509804",
        "cumulative": false
    },
    {
        "date": "2020-11-21T10:59:40.511Z",
        "value": "7.418065410501119",
        "cumulative": false
    },
    {
        "date": "2020-11-21T11:00:09.856Z",
        "value": "7.262574438955269",
        "cumulative": false
    },
    {
        "date": "2020-11-21T11:00:42.577Z",
        "value": "7.345802369156504",
        "cumulative": false
    },
    {
        "date": "2020-11-21T11:01:12.121Z",
        "value": "6.873921294599218",
        "cumulative": false
    },
    {
        "date": "2020-11-21T11:01:41.081Z",
        "value": "6.866806891025641",
        "cumulative": false
    },
    {
        "date": "2020-11-21T11:02:10.824Z",
        "value": "6.814577701154692",
        "cumulative": false
    },
    {
        "date": "2020-11-21T11:02:43.031Z",
        "value": "6.793814265683423",
        "cumulative": false
    },
    {
        "date": "2020-11-21T11:03:13.200Z",
        "value": "6.750293434519078",
        "cumulative": false
    },
    {
        "date": "2020-11-21T11:03:42.023Z",
        "value": "7.081488437766411",
        "cumulative": false
    },
    {
        "date": "2020-11-21T11:04:10.564Z",
        "value": "6.611623910757212",
        "cumulative": false
    },
    {
        "date": "2020-11-21T11:04:42.255Z",
        "value": "6.442222438599707",
        "cumulative": false
    },
    {
        "date": "2020-11-21T11:05:11.946Z",
        "value": "6.631976415240575",
        "cumulative": false
    },
    {
        "date": "2020-11-21T11:05:42.159Z",
        "value": "6.280897750183285",
        "cumulative": false
    },
    {
        "date": "2020-11-21T11:06:11.634Z",
        "value": "6.724848259846914",
        "cumulative": false
    },
    {
        "date": "2020-11-21T11:06:44.520Z",
        "value": "6.127180888802889",
        "cumulative": false
    },
    {
        "date": "2020-11-21T11:07:14.527Z",
        "value": "5.990727286946786",
        "cumulative": false
    },
    {
        "date": "2020-11-21T11:07:43.971Z",
        "value": "6.4994941230292795",
        "cumulative": false
    },
    {
        "date": "2020-11-21T11:08:13.415Z",
        "value": "6.0818013540081175",
        "cumulative": false
    },
    {
        "date": "2020-11-21T11:08:45.736Z",
        "value": "6.988278692716857",
        "cumulative": false
    },
    {
        "date": "2020-11-21T11:09:14.689Z",
        "value": "5.665517788343934",
        "cumulative": false
    },
    {
        "date": "2020-11-21T11:09:44.889Z",
        "value": "6.6063579776422765",
        "cumulative": false
    },
    {
        "date": "2020-11-21T11:10:14.734Z",
        "value": "5.976695797914628",
        "cumulative": false
    },
    {
        "date": "2020-11-21T11:10:46.911Z",
        "value": "5.969326395812562",
        "cumulative": false
    },
    {
        "date": "2020-11-21T11:11:15.939Z",
        "value": "5.843919607309195",
        "cumulative": false
    },
    {
        "date": "2020-11-21T11:11:45.649Z",
        "value": "6.128497695635817",
        "cumulative": false
    },
    {
        "date": "2020-11-21T11:12:14.892Z",
        "value": "5.704195545837942",
        "cumulative": false
    },
    {
        "date": "2020-11-21T11:12:46.515Z",
        "value": "5.497308009530792",
        "cumulative": false
    },
    {
        "date": "2020-11-21T11:13:16.229Z",
        "value": "6.743780730266631",
        "cumulative": false
    },
    {
        "date": "2020-11-21T11:13:46.086Z",
        "value": "5.324675285410216",
        "cumulative": false
    },
    {
        "date": "2020-11-21T11:14:14.814Z",
        "value": "5.515827217487374",
        "cumulative": false
    },
    {
        "date": "2020-11-21T11:14:44.806Z",
        "value": "5.446088137571839",
        "cumulative": false
    },
    {
        "date": "2020-11-21T11:15:14.479Z",
        "value": "4.837769197839831",
        "cumulative": false
    },
    {
        "date": "2020-11-21T11:15:44.496Z",
        "value": "5.703261524409204",
        "cumulative": false
    },
    {
        "date": "2020-11-21T11:16:13.637Z",
        "value": "5.223666059292428",
        "cumulative": false
    },
    {
        "date": "2020-11-21T11:17:12.764Z",
        "value": "5.254459536172511",
        "cumulative": false
    },
    {
        "date": "2020-11-21T11:17:41.818Z",
        "value": "5.2739196393474845",
        "cumulative": false
    },
    {
        "date": "2020-11-21T11:18:11.458Z",
        "value": "5.050871508049243",
        "cumulative": false
    },
    {
        "date": "2020-11-21T11:18:41.291Z",
        "value": "5.3469606164383565",
        "cumulative": false
    },
    {
        "date": "2020-11-21T11:19:12.018Z",
        "value": "5.182945316673344",
        "cumulative": false
    },
    {
        "date": "2020-11-21T11:19:43.105Z",
        "value": "5.090863667105993",
        "cumulative": false
    },
    {
        "date": "2020-11-21T11:20:12.975Z",
        "value": "6.2352763273278065",
        "cumulative": false
    },
    {
        "date": "2020-11-21T11:20:42.737Z",
        "value": "4.919888236122151",
        "cumulative": false
    },
    {
        "date": "2020-11-21T11:21:14.593Z",
        "value": "5.057685701272233",
        "cumulative": false
    },
    {
        "date": "2020-11-21T11:21:43.291Z",
        "value": "4.67187249599359",
        "cumulative": false
    },
    {
        "date": "2020-11-21T11:22:12.365Z",
        "value": "4.621308636301743",
        "cumulative": false
    },
    {
        "date": "2020-11-21T11:22:41.932Z",
        "value": "5.046243990384616",
        "cumulative": false
    },
    {
        "date": "2020-11-21T11:23:13.726Z",
        "value": "4.8307094712885155",
        "cumulative": false
    },
    {
        "date": "2020-11-21T11:23:42.818Z",
        "value": "4.563541187959559",
        "cumulative": false
    },
    {
        "date": "2020-11-21T11:24:12.525Z",
        "value": "4.333424311487951",
        "cumulative": false
    },
    {
        "date": "2020-11-21T11:24:41.616Z",
        "value": "4.605856215533088",
        "cumulative": false
    },
    {
        "date": "2020-11-21T11:25:12.132Z",
        "value": "3.8661028879083243",
        "cumulative": false
    },
    {
        "date": "2020-11-21T11:25:41.703Z",
        "value": "4.744174764523355",
        "cumulative": false
    },
    {
        "date": "2020-11-21T11:26:10.813Z",
        "value": "4.620732808057638",
        "cumulative": false
    },
    {
        "date": "2020-11-21T11:26:40.662Z",
        "value": "4.602437514593711",
        "cumulative": false
    },
    {
        "date": "2020-11-21T11:27:11.242Z",
        "value": "4.411587584252451",
        "cumulative": false
    },
    {
        "date": "2020-11-21T11:27:40.135Z",
        "value": "3.946765820888643",
        "cumulative": false
    },
    {
        "date": "2020-11-21T11:28:07.463Z",
        "value": "5.414061968248026",
        "cumulative": false
    },
    {
        "date": "2020-11-21T11:28:36.321Z",
        "value": "4.462816767331932",
        "cumulative": false
    },
    {
        "date": "2020-11-21T11:29:06.615Z",
        "value": "4.321425806226023",
        "cumulative": false
    },
    {
        "date": "2020-11-21T11:29:35.490Z",
        "value": "4.770909473870491",
        "cumulative": false
    },
    {
        "date": "2020-11-21T11:30:04.846Z",
        "value": "4.25742121179966",
        "cumulative": false
    },
    {
        "date": "2020-11-21T11:30:32.895Z",
        "value": "4.737323902422701",
        "cumulative": false
    },
    {
        "date": "2020-11-21T11:31:04.247Z",
        "value": "6.037985383944154",
        "cumulative": false
    },
    {
        "date": "2020-11-21T11:31:33.197Z",
        "value": "5.745141607988945",
        "cumulative": false
    },
    {
        "date": "2020-11-21T11:32:03.087Z",
        "value": "4.040076664515904",
        "cumulative": false
    },
    {
        "date": "2020-11-21T11:32:34.271Z",
        "value": "3.920609537760417",
        "cumulative": false
    },
    {
        "date": "2020-11-21T11:33:05.751Z",
        "value": "3.676564940472396",
        "cumulative": false
    },
    {
        "date": "2020-11-21T11:33:34.029Z",
        "value": "3.645100113613154",
        "cumulative": false
    },
    {
        "date": "2020-11-21T11:34:03.522Z",
        "value": "6.10703125",
        "cumulative": false
    },
    {
        "date": "2020-11-21T11:34:33.216Z",
        "value": "4.461659190418956",
        "cumulative": false
    },
    {
        "date": "2020-11-21T11:35:05.404Z",
        "value": "3.586287112281829",
        "cumulative": false
    },
    {
        "date": "2020-11-21T11:35:33.394Z",
        "value": "3.8847201029459635",
        "cumulative": false
    },
    {
        "date": "2020-11-21T11:36:01.988Z",
        "value": "5.289974809715979",
        "cumulative": false
    },
    {
        "date": "2020-11-21T11:36:31.461Z",
        "value": "3.8764619488018774",
        "cumulative": false
    },
    {
        "date": "2020-11-21T11:37:01.591Z",
        "value": "3.8602996826171876",
        "cumulative": false
    },
    {
        "date": "2020-11-21T11:37:31.905Z",
        "value": "3.9733943495639537",
        "cumulative": false
    },
    {
        "date": "2020-11-21T11:38:01.344Z",
        "value": "3.8116041017534212",
        "cumulative": false
    },
    {
        "date": "2020-11-21T11:38:29.891Z",
        "value": "5.069372624716058",
        "cumulative": false
    },
    {
        "date": "2020-11-21T11:39:01.751Z",
        "value": "4.556299476179747",
        "cumulative": false
    },
    {
        "date": "2020-11-21T11:39:31.822Z",
        "value": "3.9042755909455127",
        "cumulative": false
    },
    {
        "date": "2020-11-21T11:40:01.086Z",
        "value": "3.521368049172794",
        "cumulative": false
    },
    {
        "date": "2020-11-21T11:40:30.132Z",
        "value": "3.634976256127451",
        "cumulative": false
    },
    {
        "date": "2020-11-21T11:41:01.343Z",
        "value": "4.68541227547654",
        "cumulative": false
    },
    {
        "date": "2020-11-21T11:41:30.986Z",
        "value": "3.900619969223485",
        "cumulative": false
    },
    {
        "date": "2020-11-21T11:42:00.242Z",
        "value": "3.6994978362438724",
        "cumulative": false
    },
    {
        "date": "2020-11-21T11:42:31.466Z",
        "value": "5.1255092592592595",
        "cumulative": false
    },
    {
        "date": "2020-11-21T11:43:02.655Z",
        "value": "3.681258470184949",
        "cumulative": false
    },
    {
        "date": "2020-11-21T11:43:32.384Z",
        "value": "3.709955512152778",
        "cumulative": false
    },
    {
        "date": "2020-11-21T11:44:02.280Z",
        "value": "4.142319426625122",
        "cumulative": false
    },
    {
        "date": "2020-11-21T11:44:51.112Z",
        "value": "4.320948223039216",
        "cumulative": false
    },
    {
        "date": "2020-11-21T11:45:22.189Z",
        "value": "5.650950198692476",
        "cumulative": false
    },
    {
        "date": "2020-11-21T11:45:51.978Z",
        "value": "3.569650062626839",
        "cumulative": false
    },
    {
        "date": "2020-11-21T11:46:20.587Z",
        "value": "3.4863920400494672",
        "cumulative": false
    },
    {
        "date": "2020-11-21T11:46:50.718Z",
        "value": "3.5495849234351",
        "cumulative": false
    },
    {
        "date": "2020-11-21T11:47:22.825Z",
        "value": "3.171661257276348",
        "cumulative": false
    },
    {
        "date": "2020-11-21T11:47:52.631Z",
        "value": "3.3559897153904665",
        "cumulative": false
    },
    {
        "date": "2020-11-21T11:48:20.669Z",
        "value": "3.4661716098699094",
        "cumulative": false
    },
    {
        "date": "2020-11-21T11:48:48.606Z",
        "value": "4.234595413403133",
        "cumulative": false
    },
    {
        "date": "2020-11-21T11:49:18.868Z",
        "value": "3.9194277808779763",
        "cumulative": false
    },
    {
        "date": "2020-11-21T11:49:49.023Z",
        "value": "3.3251313974505328",
        "cumulative": false
    },
    {
        "date": "2020-11-21T11:50:17.957Z",
        "value": "3.6114229177199193",
        "cumulative": false
    },
    {
        "date": "2020-11-21T11:50:47.010Z",
        "value": "3.27587890625",
        "cumulative": false
    },
    {
        "date": "2020-11-21T11:51:18.075Z",
        "value": "3.676912692224555",
        "cumulative": false
    },
    {
        "date": "2020-11-21T11:51:48.393Z",
        "value": "4.702948978425341",
        "cumulative": false
    },
    {
        "date": "2020-11-21T11:52:19.381Z",
        "value": "3.6894286389196167",
        "cumulative": false
    },
    {
        "date": "2020-11-21T11:52:48.347Z",
        "value": "2.9390390284480077",
        "cumulative": false
    },
    {
        "date": "2020-11-21T11:53:18.211Z",
        "value": "3.2549102783203123",
        "cumulative": false
    },
    {
        "date": "2020-11-21T11:53:46.698Z",
        "value": "3.265733083089193",
        "cumulative": false
    },
    {
        "date": "2020-11-21T11:54:15.718Z",
        "value": "3.212895393371582",
        "cumulative": false
    },
    {
        "date": "2020-11-21T11:54:44.133Z",
        "value": "3.2597671106427484",
        "cumulative": false
    },
    {
        "date": "2020-11-21T11:55:15.480Z",
        "value": "3.496343198029891",
        "cumulative": false
    },
    {
        "date": "2020-11-21T11:55:43.887Z",
        "value": "3.46052685546875",
        "cumulative": false
    },
    {
        "date": "2020-11-21T11:56:15.550Z",
        "value": "3.2559370945069204",
        "cumulative": false
    },
    {
        "date": "2020-11-21T11:56:44.533Z",
        "value": "3.465754989750129",
        "cumulative": false
    },
    {
        "date": "2020-11-21T11:57:16.000Z",
        "value": "3.500406041823781",
        "cumulative": false
    },
    {
        "date": "2020-11-21T11:57:44.848Z",
        "value": "5.531545802715158",
        "cumulative": false
    },
    {
        "date": "2020-11-21T11:58:14.195Z",
        "value": "4.676473415303145",
        "cumulative": false
    },
    {
        "date": "2020-11-21T11:58:42.246Z",
        "value": "3.295807654116334",
        "cumulative": false
    },
    {
        "date": "2020-11-21T11:59:13.382Z",
        "value": "3.7132843017578123",
        "cumulative": false
    },
    {
        "date": "2020-11-21T11:59:42.090Z",
        "value": "3.4958532925309806",
        "cumulative": false
    },
    {
        "date": "2020-11-21T12:00:10.864Z",
        "value": "3.418089280386976",
        "cumulative": false
    },
    {
        "date": "2020-11-21T12:00:39.920Z",
        "value": "3.947640910708933",
        "cumulative": false
    },
    {
        "date": "2020-11-21T12:01:11.468Z",
        "value": "5.604105542300748",
        "cumulative": false
    },
    {
        "date": "2020-11-21T12:01:40.866Z",
        "value": "3.473935241102006",
        "cumulative": false
    },
    {
        "date": "2020-11-21T12:02:10.884Z",
        "value": "3.491615349264706",
        "cumulative": false
    },
    {
        "date": "2020-11-21T12:02:40.480Z",
        "value": "3.7306953134850587",
        "cumulative": false
    },
    {
        "date": "2020-11-21T12:03:12.058Z",
        "value": "3.2026819864908855",
        "cumulative": false
    },
    {
        "date": "2020-11-21T12:03:42.531Z",
        "value": "3.9022086007254466",
        "cumulative": false
    },
    {
        "date": "2020-11-21T12:04:11.157Z",
        "value": "4.023970089489284",
        "cumulative": false
    },
    {
        "date": "2020-11-21T12:04:40.636Z",
        "value": "4.444173552107335",
        "cumulative": false
    },
    {
        "date": "2020-11-21T12:05:12.790Z",
        "value": "3.780084987939228",
        "cumulative": false
    },
    {
        "date": "2020-11-21T12:05:41.507Z",
        "value": "4.090946791956914",
        "cumulative": false
    },
    {
        "date": "2020-11-21T12:06:10.899Z",
        "value": "3.4386872455902306",
        "cumulative": false
    },
    {
        "date": "2020-11-21T12:06:40.038Z",
        "value": "3.1188085534378227",
        "cumulative": false
    },
    {
        "date": "2020-11-21T12:07:13.724Z",
        "value": "3.162564212328767",
        "cumulative": false
    },
    {
        "date": "2020-11-21T12:07:41.829Z",
        "value": "5.5868344168793875",
        "cumulative": false
    },
    {
        "date": "2020-11-21T12:08:11.559Z",
        "value": "3.469460992992136",
        "cumulative": false
    },
    {
        "date": "2020-11-21T12:08:41.314Z",
        "value": "4.277716742621528",
        "cumulative": false
    },
    {
        "date": "2020-11-21T12:09:13.268Z",
        "value": "3.346096182349629",
        "cumulative": false
    },
    {
        "date": "2020-11-21T12:09:43.512Z",
        "value": "3.878381345821434",
        "cumulative": false
    },
    {
        "date": "2020-11-21T12:10:12.413Z",
        "value": "3.1013427610508626",
        "cumulative": false
    },
    {
        "date": "2020-11-21T12:10:41.890Z",
        "value": "3.3334178621806796",
        "cumulative": false
    },
    {
        "date": "2020-11-21T12:11:13.063Z",
        "value": "2.8706785837809243",
        "cumulative": false
    },
    {
        "date": "2020-11-21T12:11:42.570Z",
        "value": "3.1763159658394606",
        "cumulative": false
    },
    {
        "date": "2020-11-21T12:12:29.612Z",
        "value": "3.264601368277524",
        "cumulative": false
    },
    {
        "date": "2020-11-21T12:12:58.157Z",
        "value": "3.2859130859375",
        "cumulative": false
    },
    {
        "date": "2020-11-21T12:13:27.919Z",
        "value": "3.6556705191115704",
        "cumulative": false
    },
    {
        "date": "2020-11-21T12:13:56.872Z",
        "value": "3.294714791434152",
        "cumulative": false
    },
    {
        "date": "2020-11-21T12:14:25.052Z",
        "value": "3.738421683771035",
        "cumulative": false
    },
    {
        "date": "2020-11-21T12:14:53.546Z",
        "value": "3.433478620940564",
        "cumulative": false
    },
    {
        "date": "2020-11-21T12:15:24.437Z",
        "value": "3.6734781193811807",
        "cumulative": false
    },
    {
        "date": "2020-11-21T12:15:53.805Z",
        "value": "3.1331566564133624",
        "cumulative": false
    },
    {
        "date": "2020-11-21T12:16:23.487Z",
        "value": "3.2851263355360674",
        "cumulative": false
    },
    {
        "date": "2020-11-21T12:16:52.607Z",
        "value": "3.1628101031630322",
        "cumulative": false
    },
    {
        "date": "2020-11-21T12:17:23.948Z",
        "value": "2.9067497702205882",
        "cumulative": false
    },
    {
        "date": "2020-11-21T12:17:53.293Z",
        "value": "3.470075023263027",
        "cumulative": false
    },
    {
        "date": "2020-11-21T12:18:22.591Z",
        "value": "3.376685357862903",
        "cumulative": false
    },
    {
        "date": "2020-11-21T12:18:52.120Z",
        "value": "3.053595753205128",
        "cumulative": false
    },
    {
        "date": "2020-11-21T12:19:22.975Z",
        "value": "3.409093765711413",
        "cumulative": false
    },
    {
        "date": "2020-11-21T12:19:52.122Z",
        "value": "3.247134304484319",
        "cumulative": false
    },
    {
        "date": "2020-11-21T12:20:21.471Z",
        "value": "3.381030491420201",
        "cumulative": false
    },
    {
        "date": "2020-11-21T12:20:50.165Z",
        "value": "3.131997464883207",
        "cumulative": false
    },
    {
        "date": "2020-11-21T12:21:23.338Z",
        "value": "3.1327399499022484",
        "cumulative": false
    },
    {
        "date": "2020-11-21T12:21:51.922Z",
        "value": "3.4502496513374337",
        "cumulative": false
    },
    {
        "date": "2020-11-21T12:22:20.195Z",
        "value": "3.1561051604135244",
        "cumulative": false
    },
    {
        "date": "2020-11-21T12:22:49.910Z",
        "value": "4.8773796016137165",
        "cumulative": false
    },
    {
        "date": "2020-11-21T12:23:19.251Z",
        "value": "3.880278629594683",
        "cumulative": false
    },
    {
        "date": "2020-11-21T12:23:48.327Z",
        "value": "3.4232823827245213",
        "cumulative": false
    },
    {
        "date": "2020-11-21T12:24:17.699Z",
        "value": "3.439126491546631",
        "cumulative": false
    },
    {
        "date": "2020-11-21T12:24:49.532Z",
        "value": "3.0172691052227343",
        "cumulative": false
    },
    {
        "date": "2020-11-21T12:25:18.733Z",
        "value": "3.1207667759486606",
        "cumulative": false
    },
    {
        "date": "2020-11-21T12:25:47.051Z",
        "value": "5.3026436237373735",
        "cumulative": false
    },
    {
        "date": "2020-11-21T12:26:16.160Z",
        "value": "5.002188648897059",
        "cumulative": false
    },
    {
        "date": "2020-11-21T12:26:47.296Z",
        "value": "3.3791727941176473",
        "cumulative": false
    },
    {
        "date": "2020-11-21T12:27:15.523Z",
        "value": "2.6755663105085783",
        "cumulative": false
    },
    {
        "date": "2020-11-21T12:27:44.990Z",
        "value": "3.089513681449142",
        "cumulative": false
    },
    {
        "date": "2020-11-21T12:28:14.002Z",
        "value": "3.212633106806507",
        "cumulative": false
    },
    {
        "date": "2020-11-21T12:28:45.271Z",
        "value": "3.1496167269101334",
        "cumulative": false
    },
    {
        "date": "2020-11-21T12:29:14.064Z",
        "value": "3.3666089134938932",
        "cumulative": false
    },
    {
        "date": "2020-11-21T12:29:43.016Z",
        "value": "3.3085066603106474",
        "cumulative": false
    },
    {
        "date": "2020-11-21T12:30:12.474Z",
        "value": "3.1401735336061507",
        "cumulative": false
    },
    {
        "date": "2020-11-21T12:30:41.873Z",
        "value": "3.570963134765625",
        "cumulative": false
    },
    {
        "date": "2020-11-21T12:31:12.342Z",
        "value": "3.225647212009804",
        "cumulative": false
    },
    {
        "date": "2020-11-21T12:31:42.475Z",
        "value": "3.204522691416936",
        "cumulative": false
    },
    {
        "date": "2020-11-21T12:32:12.410Z",
        "value": "3.5227714987362133",
        "cumulative": false
    },
    {
        "date": "2020-11-21T12:32:43.236Z",
        "value": "3.9938208107056656",
        "cumulative": false
    },
    {
        "date": "2020-11-21T12:33:12.264Z",
        "value": "2.9505790643328447",
        "cumulative": false
    },
    {
        "date": "2020-11-21T12:33:42.141Z",
        "value": "2.964214993990385",
        "cumulative": false
    },
    {
        "date": "2020-11-21T12:34:10.602Z",
        "value": "2.934317819067693",
        "cumulative": false
    },
    {
        "date": "2020-11-21T12:34:41.890Z",
        "value": "3.2204518505054702",
        "cumulative": false
    },
    {
        "date": "2020-11-21T12:35:10.711Z",
        "value": "3.1876148897058822",
        "cumulative": false
    },
    {
        "date": "2020-11-21T12:35:38.354Z",
        "value": "4.409434442934782",
        "cumulative": false
    },
    {
        "date": "2020-11-21T12:36:06.913Z",
        "value": "3.330231006328876",
        "cumulative": false
    },
    {
        "date": "2020-11-21T12:36:37.480Z",
        "value": "3.0548858195106305",
        "cumulative": false
    },
    {
        "date": "2020-11-21T12:37:05.861Z",
        "value": "3.0995924207899304",
        "cumulative": false
    },
    {
        "date": "2020-11-21T12:37:35.571Z",
        "value": "2.9848539738361435",
        "cumulative": false
    },
    {
        "date": "2020-11-21T12:38:03.821Z",
        "value": "4.058129061353851",
        "cumulative": false
    },
    {
        "date": "2020-11-21T12:38:36.199Z",
        "value": "2.829207885868163",
        "cumulative": false
    },
    {
        "date": "2020-11-21T12:39:05.196Z",
        "value": "2.9310015888435195",
        "cumulative": false
    },
    {
        "date": "2020-11-21T12:39:34.033Z",
        "value": "3.230740017361111",
        "cumulative": false
    },
    {
        "date": "2020-11-21T12:40:02.828Z",
        "value": "3.0910083416571537",
        "cumulative": false
    },
    {
        "date": "2020-11-21T12:40:33.876Z",
        "value": "4.996103020151391",
        "cumulative": false
    },
    {
        "date": "2020-11-21T12:41:02.897Z",
        "value": "2.7067660874816535",
        "cumulative": false
    },
    {
        "date": "2020-11-21T12:41:32.691Z",
        "value": "4.203401891196647",
        "cumulative": false
    },
    {
        "date": "2020-11-21T12:42:01.363Z",
        "value": "3.386319811796722",
        "cumulative": false
    },
    {
        "date": "2020-11-21T12:42:32.641Z",
        "value": "2.990481193139332",
        "cumulative": false
    },
    {
        "date": "2020-11-21T12:43:01.800Z",
        "value": "3.434661571796124",
        "cumulative": false
    },
    {
        "date": "2020-11-21T12:43:30.350Z",
        "value": "3.1956661885502884",
        "cumulative": false
    },
    {
        "date": "2020-11-21T12:43:59.579Z",
        "value": "3.638995955475664",
        "cumulative": false
    },
    {
        "date": "2020-11-21T12:44:30.255Z",
        "value": "3.0366953144092133",
        "cumulative": false
    },
    {
        "date": "2020-11-21T12:45:00.242Z",
        "value": "5.282714328141499",
        "cumulative": false
    },
    {
        "date": "2020-11-21T12:45:29.318Z",
        "value": "2.883023131127451",
        "cumulative": false
    },
    {
        "date": "2020-11-21T12:45:59.010Z",
        "value": "3.1382802635732325",
        "cumulative": false
    },
    {
        "date": "2020-11-21T12:46:29.444Z",
        "value": "3.1613870554956898",
        "cumulative": false
    },
    {
        "date": "2020-11-21T12:46:59.231Z",
        "value": "3.0484751630005267",
        "cumulative": false
    },
    {
        "date": "2020-11-21T12:47:28.132Z",
        "value": "3.4311863533893034",
        "cumulative": false
    },
    {
        "date": "2020-11-21T12:47:57.393Z",
        "value": "3.037678044016768",
        "cumulative": false
    },
    {
        "date": "2020-11-21T12:48:45.057Z",
        "value": "2.988413989059324",
        "cumulative": false
    },
    {
        "date": "2020-11-21T12:49:14.279Z",
        "value": "3.1299293885940775",
        "cumulative": false
    },
    {
        "date": "2020-11-21T12:49:42.916Z",
        "value": "3.0204732875631315",
        "cumulative": false
    },
    {
        "date": "2020-11-21T12:50:12.351Z",
        "value": "3.2765707176492174",
        "cumulative": false
    },
    {
        "date": "2020-11-21T12:50:42.761Z",
        "value": "3.1942683814937234",
        "cumulative": false
    },
    {
        "date": "2020-11-21T12:51:11.661Z",
        "value": "3.23935698616121",
        "cumulative": false
    },
    {
        "date": "2020-11-21T12:51:40.317Z",
        "value": "4.896064851721939",
        "cumulative": false
    },
    {
        "date": "2020-11-21T12:52:09.945Z",
        "value": "3.09158831395734",
        "cumulative": false
    },
    {
        "date": "2020-11-21T12:52:40.430Z",
        "value": "3.1673002582293726",
        "cumulative": false
    },
    {
        "date": "2020-11-21T12:53:09.605Z",
        "value": "3.1303067407852563",
        "cumulative": false
    },
    {
        "date": "2020-11-21T12:53:38.392Z",
        "value": "3.0711802896071623",
        "cumulative": false
    },
    {
        "date": "2020-11-21T12:54:08.139Z",
        "value": "3.663432429387019",
        "cumulative": false
    },
    {
        "date": "2020-11-21T12:54:39.634Z",
        "value": "3.2334367340686274",
        "cumulative": false
    },
    {
        "date": "2020-11-21T12:55:08.204Z",
        "value": "3.091141901096376",
        "cumulative": false
    },
    {
        "date": "2020-11-21T12:55:35.921Z",
        "value": "2.9496694903098306",
        "cumulative": false
    },
    {
        "date": "2020-11-21T12:56:03.862Z",
        "value": "3.142660845588235",
        "cumulative": false
    },
    {
        "date": "2020-11-21T12:56:33.444Z",
        "value": "2.7102428954820863",
        "cumulative": false
    },
    {
        "date": "2020-11-21T12:57:01.592Z",
        "value": "3.3342015482704173",
        "cumulative": false
    },
    {
        "date": "2020-11-21T12:57:30.250Z",
        "value": "3.040897498546136",
        "cumulative": false
    },
    {
        "date": "2020-11-21T12:57:58.562Z",
        "value": "3.3661622917963885",
        "cumulative": false
    },
    {
        "date": "2020-11-21T12:58:28.555Z",
        "value": "3.127759267769608",
        "cumulative": false
    },
    {
        "date": "2020-11-21T12:58:57.661Z",
        "value": "2.827408422059366",
        "cumulative": false
    },
    {
        "date": "2020-11-21T12:59:26.000Z",
        "value": "4.595865841104002",
        "cumulative": false
    },
    {
        "date": "2020-11-21T12:59:54.891Z",
        "value": "3.4872431394432772",
        "cumulative": false
    },
    {
        "date": "2020-11-21T13:00:26.161Z",
        "value": "3.315491503156969",
        "cumulative": false
    },
    {
        "date": "2020-11-21T13:00:54.709Z",
        "value": "3.577061036178136",
        "cumulative": false
    },
    {
        "date": "2020-11-21T13:01:24.077Z",
        "value": "3.2194970047461027",
        "cumulative": false
    },
    {
        "date": "2020-11-21T13:01:53.062Z",
        "value": "3.339741008984741",
        "cumulative": false
    },
    {
        "date": "2020-11-21T13:02:25.035Z",
        "value": "5.031998917040638",
        "cumulative": false
    },
    {
        "date": "2020-11-21T13:02:53.843Z",
        "value": "4.8534636993287705",
        "cumulative": false
    },
    {
        "date": "2020-11-21T13:03:22.924Z",
        "value": "3.085777827671596",
        "cumulative": false
    },
    {
        "date": "2020-11-21T13:03:51.094Z",
        "value": "2.837679515165441",
        "cumulative": false
    },
    {
        "date": "2020-11-21T13:04:22.363Z",
        "value": "2.7823728663298484",
        "cumulative": false
    },
    {
        "date": "2020-11-21T13:04:51.442Z",
        "value": "2.8429822069886983",
        "cumulative": false
    },
    {
        "date": "2020-11-21T13:05:20.003Z",
        "value": "5.253829807692307",
        "cumulative": false
    },
    {
        "date": "2020-11-21T13:05:49.830Z",
        "value": "3.5820926577762515",
        "cumulative": false
    },
    {
        "date": "2020-11-21T13:06:21.246Z",
        "value": "2.8405197199296444",
        "cumulative": false
    },
    {
        "date": "2020-11-21T13:06:49.842Z",
        "value": "3.065451812744141",
        "cumulative": false
    },
    {
        "date": "2020-11-21T13:07:18.790Z",
        "value": "4.710765095014303",
        "cumulative": false
    },
    {
        "date": "2020-11-21T13:07:47.276Z",
        "value": "2.9840941900321147",
        "cumulative": false
    },
    {
        "date": "2020-11-21T13:08:17.565Z",
        "value": "2.9754653930664063",
        "cumulative": false
    },
    {
        "date": "2020-11-21T13:08:46.374Z",
        "value": "3.1300074748009354",
        "cumulative": false
    },
    {
        "date": "2020-11-21T13:09:14.835Z",
        "value": "3.0352748598637587",
        "cumulative": false
    },
    {
        "date": "2020-11-21T13:09:43.241Z",
        "value": "4.266875436833828",
        "cumulative": false
    },
    {
        "date": "2020-11-21T13:10:13.385Z",
        "value": "3.6984756472226774",
        "cumulative": false
    },
    {
        "date": "2020-11-21T13:10:41.851Z",
        "value": "3.0083668870192306",
        "cumulative": false
    },
    {
        "date": "2020-11-21T13:11:10.814Z",
        "value": "2.8851792279411765",
        "cumulative": false
    },
    {
        "date": "2020-11-21T13:11:39.948Z",
        "value": "2.912885359221814",
        "cumulative": false
    },
    {
        "date": "2020-11-21T13:12:11.025Z",
        "value": "3.9007629215542523",
        "cumulative": false
    },
    {
        "date": "2020-11-21T13:12:40.761Z",
        "value": "3.077364042207792",
        "cumulative": false
    },
    {
        "date": "2020-11-21T13:13:09.988Z",
        "value": "2.945019052542892",
        "cumulative": false
    },
    {
        "date": "2020-11-21T13:13:39.118Z",
        "value": "4.452266589506173",
        "cumulative": false
    },
    {
        "date": "2020-11-21T13:14:10.166Z",
        "value": "2.9953334263392857",
        "cumulative": false
    },
    {
        "date": "2020-11-21T13:14:38.879Z",
        "value": "3.046017795138889",
        "cumulative": false
    },
    {
        "date": "2020-11-21T13:15:07.471Z",
        "value": "3.389490927419355",
        "cumulative": false
    },
    {
        "date": "2020-11-21T13:15:53.633Z",
        "value": "3.557730162377451",
        "cumulative": false
    },
    {
        "date": "2020-11-21T13:16:25.741Z",
        "value": "4.96188189014229",
        "cumulative": false
    },
    {
        "date": "2020-11-21T13:16:54.479Z",
        "value": "2.9451044044901065",
        "cumulative": false
    },
    {
        "date": "2020-11-21T13:17:23.174Z",
        "value": "2.9082593603342213",
        "cumulative": false
    },
    {
        "date": "2020-11-21T13:17:52.131Z",
        "value": "2.960564476126472",
        "cumulative": false
    },
    {
        "date": "2020-11-21T13:18:23.079Z",
        "value": "2.7240985945159313",
        "cumulative": false
    },
    {
        "date": "2020-11-21T13:18:51.530Z",
        "value": "2.7973070744326827",
        "cumulative": false
    },
    {
        "date": "2020-11-21T13:19:21.410Z",
        "value": "2.8605256154945953",
        "cumulative": false
    },
    {
        "date": "2020-11-21T13:19:49.425Z",
        "value": "3.501824498481458",
        "cumulative": false
    },
    {
        "date": "2020-11-21T13:20:20.143Z",
        "value": "3.2611817859468006",
        "cumulative": false
    },
    {
        "date": "2020-11-21T13:20:48.834Z",
        "value": "2.729971302638255",
        "cumulative": false
    },
    {
        "date": "2020-11-21T13:21:19.571Z",
        "value": "2.9910623301630435",
        "cumulative": false
    },
    {
        "date": "2020-11-21T13:21:48.511Z",
        "value": "2.7456736428971285",
        "cumulative": false
    },
    {
        "date": "2020-11-21T13:22:19.835Z",
        "value": "3.070902586925642",
        "cumulative": false
    },
    {
        "date": "2020-11-21T13:22:48.475Z",
        "value": "4.067554936918024",
        "cumulative": false
    },
    {
        "date": "2020-11-21T13:23:17.580Z",
        "value": "2.9761995298672566",
        "cumulative": false
    },
    {
        "date": "2020-11-21T13:23:46.931Z",
        "value": "2.5324299623482256",
        "cumulative": false
    },
    {
        "date": "2020-11-21T13:24:18.221Z",
        "value": "2.7748433430989583",
        "cumulative": false
    },
    {
        "date": "2020-11-21T13:24:46.956Z",
        "value": "2.7652125040690105",
        "cumulative": false
    },
    {
        "date": "2020-11-21T13:25:15.306Z",
        "value": "2.7584829330444336",
        "cumulative": false
    },
    {
        "date": "2020-11-21T13:25:45.397Z",
        "value": "2.772899449717926",
        "cumulative": false
    },
    {
        "date": "2020-11-21T13:26:16.448Z",
        "value": "2.9400210173233696",
        "cumulative": false
    },
    {
        "date": "2020-11-21T13:26:45.202Z",
        "value": "2.90884423828125",
        "cumulative": false
    },
    {
        "date": "2020-11-21T13:27:13.590Z",
        "value": "2.7978707107843137",
        "cumulative": false
    },
    {
        "date": "2020-11-21T13:27:42.458Z",
        "value": "2.880782702737603",
        "cumulative": false
    },
    {
        "date": "2020-11-21T13:28:12.890Z",
        "value": "2.972755919274761",
        "cumulative": false
    },
    {
        "date": "2020-11-21T13:28:41.941Z",
        "value": "4.94430832762486",
        "cumulative": false
    },
    {
        "date": "2020-11-21T13:29:10.603Z",
        "value": "4.115855441003932",
        "cumulative": false
    },
    {
        "date": "2020-11-21T13:29:39.827Z",
        "value": "2.844519863609506",
        "cumulative": false
    },
    {
        "date": "2020-11-21T13:30:11.777Z",
        "value": "3.3242820739746093",
        "cumulative": false
    },
    {
        "date": "2020-11-21T13:30:40.021Z",
        "value": "2.994946709994612",
        "cumulative": false
    },
    {
        "date": "2020-11-21T13:31:07.939Z",
        "value": "2.7575922490304294",
        "cumulative": false
    },
    {
        "date": "2020-11-21T13:31:36.334Z",
        "value": "3.3891946989283572",
        "cumulative": false
    },
    {
        "date": "2020-11-21T13:32:06.885Z",
        "value": "5.008048769183647",
        "cumulative": false
    },
    {
        "date": "2020-11-21T13:32:34.900Z",
        "value": "2.9996875382216244",
        "cumulative": false
    },
    {
        "date": "2020-11-21T13:33:04.782Z",
        "value": "3.011231330422794",
        "cumulative": false
    },
    {
        "date": "2020-11-21T13:33:34.083Z",
        "value": "3.19356254334258",
        "cumulative": false
    },
    {
        "date": "2020-11-21T13:34:04.767Z",
        "value": "2.725689442952474",
        "cumulative": false
    },
    {
        "date": "2020-11-21T13:34:33.341Z",
        "value": "3.3464515322730657",
        "cumulative": false
    },
    {
        "date": "2020-11-21T13:35:01.462Z",
        "value": "3.488810277017784",
        "cumulative": false
    },
    {
        "date": "2020-11-21T13:35:31.014Z",
        "value": "3.984165361583141",
        "cumulative": false
    },
    {
        "date": "2020-11-21T13:36:02.140Z",
        "value": "3.2798028761340725",
        "cumulative": false
    },
    {
        "date": "2020-11-21T13:36:31.302Z",
        "value": "3.6473432763319145",
        "cumulative": false
    },
    {
        "date": "2020-11-21T13:37:00.182Z",
        "value": "2.8951940163593193",
        "cumulative": false
    },
    {
        "date": "2020-11-21T13:37:29.574Z",
        "value": "2.716141298213364",
        "cumulative": false
    },
    {
        "date": "2020-11-21T13:38:00.427Z",
        "value": "2.7601365952647523",
        "cumulative": false
    },
    {
        "date": "2020-11-21T13:38:28.773Z",
        "value": "5.038287731333758",
        "cumulative": false
    },
    {
        "date": "2020-11-21T13:38:57.461Z",
        "value": "3.0060518633466513",
        "cumulative": false
    },
    {
        "date": "2020-11-21T13:39:25.974Z",
        "value": "3.7291758703807045",
        "cumulative": false
    },
    {
        "date": "2020-11-21T13:39:56.172Z",
        "value": "2.879380040656465",
        "cumulative": false
    },
    {
        "date": "2020-11-21T13:40:24.771Z",
        "value": "3.37526538779498",
        "cumulative": false
    },
    {
        "date": "2020-11-21T13:40:53.268Z",
        "value": "2.7123188578132926",
        "cumulative": false
    },
    {
        "date": "2020-11-21T13:41:22.054Z",
        "value": "2.8859034946986606",
        "cumulative": false
    },
    {
        "date": "2020-11-21T13:41:52.980Z",
        "value": "2.5897472699483237",
        "cumulative": false
    },
    {
        "date": "2020-11-21T13:42:21.133Z",
        "value": "2.7500715667126228",
        "cumulative": false
    },
    {
        "date": "2020-11-21T13:43:07.337Z",
        "value": "2.8038169671169455",
        "cumulative": false
    },
    {
        "date": "2020-11-21T13:43:36.397Z",
        "value": "2.8288392310049018",
        "cumulative": false
    },
    {
        "date": "2020-11-21T13:44:07.501Z",
        "value": "3.137855382661846",
        "cumulative": false
    },
    {
        "date": "2020-11-21T13:44:35.813Z",
        "value": "2.8739677308097717",
        "cumulative": false
    },
    {
        "date": "2020-11-21T13:45:04.260Z",
        "value": "3.281735791289521",
        "cumulative": false
    },
    {
        "date": "2020-11-21T13:45:32.908Z",
        "value": "2.9894205729166665",
        "cumulative": false
    },
    {
        "date": "2020-11-21T13:46:05.409Z",
        "value": "3.223865759383428",
        "cumulative": false
    },
    {
        "date": "2020-11-21T13:46:35.308Z",
        "value": "2.7657126577840114",
        "cumulative": false
    },
    {
        "date": "2020-11-21T13:47:03.741Z",
        "value": "2.8411619163784585",
        "cumulative": false
    },
    {
        "date": "2020-11-21T13:47:32.655Z",
        "value": "2.7943667398263186",
        "cumulative": false
    },
    {
        "date": "2020-11-21T13:48:03.147Z",
        "value": "2.605017807904412",
        "cumulative": false
    },
    {
        "date": "2020-11-21T13:48:32.421Z",
        "value": "3.0037145723480148",
        "cumulative": false
    },
    {
        "date": "2020-11-21T13:49:01.014Z",
        "value": "2.98741944484447",
        "cumulative": false
    },
    {
        "date": "2020-11-21T13:49:30.651Z",
        "value": "2.7031069711538462",
        "cumulative": false
    },
    {
        "date": "2020-11-21T13:50:01.342Z",
        "value": "2.980693128613625",
        "cumulative": false
    },
    {
        "date": "2020-11-21T13:50:30.145Z",
        "value": "2.8686386489673636",
        "cumulative": false
    },
    {
        "date": "2020-11-21T13:50:59.014Z",
        "value": "3.0056326729910716",
        "cumulative": false
    },
    {
        "date": "2020-11-21T13:51:27.713Z",
        "value": "2.7561377939551766",
        "cumulative": false
    },
    {
        "date": "2020-11-21T13:52:11.997Z",
        "value": "2.768062110520528",
        "cumulative": false
    },
    {
        "date": "2020-11-21T13:52:40.470Z",
        "value": "3.0455717060327565",
        "cumulative": false
    },
    {
        "date": "2020-11-21T13:53:09.006Z",
        "value": "2.785574320874183",
        "cumulative": false
    },
    {
        "date": "2020-11-21T13:53:39.691Z",
        "value": "4.4503479773386285",
        "cumulative": false
    },
    {
        "date": "2020-11-21T13:54:09.724Z",
        "value": "3.4616986867205446",
        "cumulative": false
    },
    {
        "date": "2020-11-21T13:54:37.574Z",
        "value": "3.041096455342061",
        "cumulative": false
    },
    {
        "date": "2020-11-21T13:55:05.699Z",
        "value": "3.073512077331543",
        "cumulative": false
    },
    {
        "date": "2020-11-21T13:55:36.078Z",
        "value": "2.7109177487359193",
        "cumulative": false
    },
    {
        "date": "2020-11-21T13:56:04.794Z",
        "value": "2.7943057105654763",
        "cumulative": false
    },
    {
        "date": "2020-11-21T13:56:33.039Z",
        "value": "4.911562894570707",
        "cumulative": false
    },
    {
        "date": "2020-11-21T13:57:02.206Z",
        "value": "4.5743144914215685",
        "cumulative": false
    },
    {
        "date": "2020-11-21T13:57:31.494Z",
        "value": "3.0467279411764707",
        "cumulative": false
    },
    {
        "date": "2020-11-21T13:58:00.363Z",
        "value": "2.4627489276960786",
        "cumulative": false
    },
    {
        "date": "2020-11-21T13:58:32.035Z",
        "value": "2.759066233915441",
        "cumulative": false
    },
    {
        "date": "2020-11-21T13:59:00.762Z",
        "value": "2.8914672294163815",
        "cumulative": false
    },
    {
        "date": "2020-11-21T13:59:31.464Z",
        "value": "2.785958630655615",
        "cumulative": false
    },
    {
        "date": "2020-11-21T14:00:00.349Z",
        "value": "2.9829710088484545",
        "cumulative": false
    },
    {
        "date": "2020-11-21T14:00:29.120Z",
        "value": "2.9654965608016304",
        "cumulative": false
    },
    {
        "date": "2020-11-21T14:00:58.267Z",
        "value": "2.8148057725694446",
        "cumulative": false
    },
    {
        "date": "2020-11-21T14:01:29.572Z",
        "value": "3.169132080078125",
        "cumulative": false
    },
    {
        "date": "2020-11-21T14:01:58.894Z",
        "value": "2.9194297640931373",
        "cumulative": false
    },
    {
        "date": "2020-11-21T14:02:28.079Z",
        "value": "2.889545219628202",
        "cumulative": false
    },
    {
        "date": "2020-11-21T14:02:57.627Z",
        "value": "3.2318677715226714",
        "cumulative": false
    },
    {
        "date": "2020-11-21T14:03:27.721Z",
        "value": "3.615733076886433",
        "cumulative": false
    },
    {
        "date": "2020-11-21T14:03:55.350Z",
        "value": "2.690621563416422",
        "cumulative": false
    },
    {
        "date": "2020-11-21T14:04:24.043Z",
        "value": "2.6797548577724357",
        "cumulative": false
    },
    {
        "date": "2020-11-21T14:04:52.801Z",
        "value": "2.6725272349248534",
        "cumulative": false
    },
    {
        "date": "2020-11-21T14:05:23.625Z",
        "value": "2.9137300819657943",
        "cumulative": false
    },
    {
        "date": "2020-11-21T14:05:52.241Z",
        "value": "2.8815911499735027",
        "cumulative": false
    },
    {
        "date": "2020-11-21T14:06:20.351Z",
        "value": "4.107438941949062",
        "cumulative": false
    },
    {
        "date": "2020-11-21T14:06:48.514Z",
        "value": "3.0436060978816104",
        "cumulative": false
    },
    {
        "date": "2020-11-21T14:07:18.629Z",
        "value": "2.80195255223607",
        "cumulative": false
    },
    {
        "date": "2020-11-21T14:07:46.966Z",
        "value": "2.788080851236979",
        "cumulative": false
    },
    {
        "date": "2020-11-21T14:08:17.210Z",
        "value": "2.750389479472141",
        "cumulative": false
    },
    {
        "date": "2020-11-21T14:08:45.294Z",
        "value": "3.7146646642281933",
        "cumulative": false
    },
    {
        "date": "2020-11-21T14:09:18.092Z",
        "value": "2.602975945723684",
        "cumulative": false
    },
    {
        "date": "2020-11-21T14:09:46.628Z",
        "value": "2.7008765394494203",
        "cumulative": false
    },
    {
        "date": "2020-11-21T14:10:14.482Z",
        "value": "2.9246169998123124",
        "cumulative": false
    },
    {
        "date": "2020-11-21T14:10:42.984Z",
        "value": "2.8335394469812276",
        "cumulative": false
    },
    {
        "date": "2020-11-21T14:11:13.400Z",
        "value": "4.6237635536006545",
        "cumulative": false
    },
    {
        "date": "2020-11-21T14:11:42.465Z",
        "value": "2.5002826011344177",
        "cumulative": false
    },
    {
        "date": "2020-11-21T14:12:12.199Z",
        "value": "3.8671815453506095",
        "cumulative": false
    },
    {
        "date": "2020-11-21T14:12:41.383Z",
        "value": "3.114033021572285",
        "cumulative": false
    },
    {
        "date": "2020-11-21T14:13:12.073Z",
        "value": "2.7111860220120887",
        "cumulative": false
    },
    {
        "date": "2020-11-21T14:13:41.663Z",
        "value": "3.142508580134465",
        "cumulative": false
    },
    {
        "date": "2020-11-21T14:14:09.192Z",
        "value": "2.863145065211939",
        "cumulative": false
    },
    {
        "date": "2020-11-21T14:14:37.484Z",
        "value": "3.3382154256544987",
        "cumulative": false
    },
    {
        "date": "2020-11-21T14:15:07.813Z",
        "value": "2.7878434674364616",
        "cumulative": false
    },
    {
        "date": "2020-11-21T14:15:36.742Z",
        "value": "4.977269914862724",
        "cumulative": false
    },
    {
        "date": "2020-11-21T14:16:05.708Z",
        "value": "2.648877406636997",
        "cumulative": false
    },
    {
        "date": "2020-11-21T14:16:34.625Z",
        "value": "2.877425130208333",
        "cumulative": false
    },
    {
        "date": "2020-11-21T14:17:04.876Z",
        "value": "2.919603650323276",
        "cumulative": false
    },
    {
        "date": "2020-11-21T14:17:33.883Z",
        "value": "2.8438215185392517",
        "cumulative": false
    },
    {
        "date": "2020-11-21T14:18:03.587Z",
        "value": "3.136248931125622",
        "cumulative": false
    },
    {
        "date": "2020-11-21T14:18:32.725Z",
        "value": "2.788653614075203",
        "cumulative": false
    },
    {
        "date": "2020-11-21T14:19:21.379Z",
        "value": "2.738058198758257",
        "cumulative": false
    },
    {
        "date": "2020-11-21T14:19:49.376Z",
        "value": "2.8954282236799003",
        "cumulative": false
    },
    {
        "date": "2020-11-21T14:20:18.750Z",
        "value": "2.784900765467172",
        "cumulative": false
    },
    {
        "date": "2020-11-21T14:20:47.683Z",
        "value": "2.9899558349131605",
        "cumulative": false
    },
    {
        "date": "2020-11-21T14:21:18.636Z",
        "value": "2.9394077398838143",
        "cumulative": false
    },
    {
        "date": "2020-11-21T14:21:47.779Z",
        "value": "2.987135604536626",
        "cumulative": false
    },
    {
        "date": "2020-11-21T14:22:16.881Z",
        "value": "4.584527463329081",
        "cumulative": false
    },
    {
        "date": "2020-11-21T14:22:45.476Z",
        "value": "2.855307800907525",
        "cumulative": false
    },
    {
        "date": "2020-11-21T14:23:15.957Z",
        "value": "2.9043692487030635",
        "cumulative": false
    },
    {
        "date": "2020-11-21T14:23:44.210Z",
        "value": "2.9040760216346153",
        "cumulative": false
    },
    {
        "date": "2020-11-21T14:24:13.226Z",
        "value": "2.8537039164624183",
        "cumulative": false
    },
    {
        "date": "2020-11-21T14:24:42.032Z",
        "value": "3.424567432892628",
        "cumulative": false
    },
    {
        "date": "2020-11-21T14:25:14.055Z",
        "value": "3.0108297225140057",
        "cumulative": false
    },
    {
        "date": "2020-11-21T14:25:42.114Z",
        "value": "2.8897120371586134",
        "cumulative": false
    },
    {
        "date": "2020-11-21T14:26:11.279Z",
        "value": "2.7507117214395",
        "cumulative": false
    },
    {
        "date": "2020-11-21T14:26:40.658Z",
        "value": "2.9409458295036766",
        "cumulative": false
    },
    {
        "date": "2020-11-21T14:27:11.717Z",
        "value": "2.547064601307297",
        "cumulative": false
    },
    {
        "date": "2020-11-21T14:27:40.519Z",
        "value": "3.108768234521886",
        "cumulative": false
    },
    {
        "date": "2020-11-21T14:28:09.350Z",
        "value": "2.7886508242601447",
        "cumulative": false
    },
    {
        "date": "2020-11-21T14:28:37.138Z",
        "value": "3.1319265401229766",
        "cumulative": false
    },
    {
        "date": "2020-11-21T14:29:08.363Z",
        "value": "2.8903124042585784",
        "cumulative": false
    },
    {
        "date": "2020-11-21T14:29:36.310Z",
        "value": "2.6410979174348572",
        "cumulative": false
    },
    {
        "date": "2020-11-21T14:30:03.990Z",
        "value": "4.4127054689627006",
        "cumulative": false
    },
    {
        "date": "2020-11-21T14:30:33.213Z",
        "value": "3.279950310202206",
        "cumulative": false
    },
    {
        "date": "2020-11-21T14:31:04.456Z",
        "value": "3.120341971707161",
        "cumulative": false
    },
    {
        "date": "2020-11-21T14:31:33.306Z",
        "value": "3.296766800289302",
        "cumulative": false
    },
    {
        "date": "2020-11-21T14:32:03.169Z",
        "value": "3.0207310397052014",
        "cumulative": false
    },
    {
        "date": "2020-11-21T14:32:31.717Z",
        "value": "3.0402885950675946",
        "cumulative": false
    },
    {
        "date": "2020-11-21T14:33:01.512Z",
        "value": "4.700584135814012",
        "cumulative": false
    },
    {
        "date": "2020-11-21T14:33:31.247Z",
        "value": "4.573487677678337",
        "cumulative": false
    },
    {
        "date": "2020-11-21T14:34:01.339Z",
        "value": "2.8777313232421875",
        "cumulative": false
    },
    {
        "date": "2020-11-21T14:34:30.241Z",
        "value": "2.6395962584252453",
        "cumulative": false
    },
    {
        "date": "2020-11-21T14:35:00.870Z",
        "value": "2.603475780552722",
        "cumulative": false
    },
    {
        "date": "2020-11-21T14:35:29.366Z",
        "value": "2.6805425240842866",
        "cumulative": false
    },
    {
        "date": "2020-11-21T14:35:59.338Z",
        "value": "4.991476442307692",
        "cumulative": false
    },
    {
        "date": "2020-11-21T14:36:29.209Z",
        "value": "3.336896772931929",
        "cumulative": false
    },
    {
        "date": "2020-11-21T14:37:00.243Z",
        "value": "2.6867273119334327",
        "cumulative": false
    },
    {
        "date": "2020-11-21T14:37:28.210Z",
        "value": "2.8630399068196613",
        "cumulative": false
    },
    {
        "date": "2020-11-21T14:37:55.920Z",
        "value": "4.523858934409481",
        "cumulative": false
    },
    {
        "date": "2020-11-21T14:38:24.603Z",
        "value": "2.802179027451828",
        "cumulative": false
    },
    {
        "date": "2020-11-21T14:38:55.198Z",
        "value": "2.7758336385091145",
        "cumulative": false
    },
    {
        "date": "2020-11-21T14:39:24.670Z",
        "value": "2.932903046796006",
        "cumulative": false
    },
    {
        "date": "2020-11-21T14:39:53.930Z",
        "value": "2.851313586342253",
        "cumulative": false
    },
    {
        "date": "2020-11-21T14:40:22.007Z",
        "value": "4.020803528525249",
        "cumulative": false
    },
    {
        "date": "2020-11-21T14:40:51.839Z",
        "value": "3.466088015115517",
        "cumulative": false
    },
    {
        "date": "2020-11-21T14:41:20.539Z",
        "value": "2.7896228966346155",
        "cumulative": false
    },
    {
        "date": "2020-11-21T14:41:48.788Z",
        "value": "2.7199759689031864",
        "cumulative": false
    },
    {
        "date": "2020-11-21T14:42:17.595Z",
        "value": "2.728537645526961",
        "cumulative": false
    },
    {
        "date": "2020-11-21T14:42:48.994Z",
        "value": "3.700744449917522",
        "cumulative": false
    },
    {
        "date": "2020-11-21T14:43:17.915Z",
        "value": "2.863410190070346",
        "cumulative": false
    },
    {
        "date": "2020-11-21T14:43:46.641Z",
        "value": "2.7725413602941176",
        "cumulative": false
    },
    {
        "date": "2020-11-21T14:44:14.806Z",
        "value": "4.246824845679012",
        "cumulative": false
    },
    {
        "date": "2020-11-21T14:44:45.675Z",
        "value": "2.8189326072225764",
        "cumulative": false
    },
    {
        "date": "2020-11-21T14:45:15.221Z",
        "value": "2.8738392223011364",
        "cumulative": false
    },
    {
        "date": "2020-11-21T14:45:43.810Z",
        "value": "3.1932629597385143",
        "cumulative": false
    },
    {
        "date": "2020-11-21T14:46:30.389Z",
        "value": "3.3280445772058824",
        "cumulative": false
    },
    {
        "date": "2020-11-21T14:47:01.096Z",
        "value": "4.728666597231125",
        "cumulative": false
    },
    {
        "date": "2020-11-21T14:47:30.301Z",
        "value": "2.772281331256342",
        "cumulative": false
    },
    {
        "date": "2020-11-21T14:47:59.703Z",
        "value": "2.751009758688483",
        "cumulative": false
    },
    {
        "date": "2020-11-21T14:48:27.799Z",
        "value": "2.797843061955965",
        "cumulative": false
    },
    {
        "date": "2020-11-21T14:48:58.231Z",
        "value": "2.5974714690563725",
        "cumulative": false
    },
    {
        "date": "2020-11-21T14:49:27.689Z",
        "value": "2.640928566334939",
        "cumulative": false
    },
    {
        "date": "2020-11-21T14:49:56.663Z",
        "value": "2.6992909243024132",
        "cumulative": false
    },
    {
        "date": "2020-11-21T14:50:24.676Z",
        "value": "3.3228650495524295",
        "cumulative": false
    },
    {
        "date": "2020-11-21T14:50:55.674Z",
        "value": "3.0821344284784224",
        "cumulative": false
    },
    {
        "date": "2020-11-21T14:51:23.818Z",
        "value": "2.5630368368689753",
        "cumulative": false
    },
    {
        "date": "2020-11-21T14:51:52.204Z",
        "value": "2.80558778398319",
        "cumulative": false
    },
    {
        "date": "2020-11-21T14:52:20.995Z",
        "value": "2.602081138040042",
        "cumulative": false
    },
    {
        "date": "2020-11-21T14:52:51.582Z",
        "value": "2.8837374359251484",
        "cumulative": false
    },
    {
        "date": "2020-11-21T14:53:20.035Z",
        "value": "3.8374340081476555",
        "cumulative": false
    },
    {
        "date": "2020-11-21T14:53:49.630Z",
        "value": "2.79482897193031",
        "cumulative": false
    },
    {
        "date": "2020-11-21T14:54:18.120Z",
        "value": "2.4345969156191627",
        "cumulative": false
    },
    {
        "date": "2020-11-21T14:54:49.508Z",
        "value": "2.641670735677083",
        "cumulative": false
    },
    {
        "date": "2020-11-21T14:55:19.930Z",
        "value": "2.625061543782552",
        "cumulative": false
    },
    {
        "date": "2020-11-21T14:55:48.851Z",
        "value": "2.6243367195129395",
        "cumulative": false
    },
    {
        "date": "2020-11-21T14:56:16.621Z",
        "value": "2.6172924854208923",
        "cumulative": false
    },
    {
        "date": "2020-11-21T14:56:47.769Z",
        "value": "2.770061507997777",
        "cumulative": false
    },
    {
        "date": "2020-11-21T14:57:17.782Z",
        "value": "2.73157421875",
        "cumulative": false
    },
    {
        "date": "2020-11-21T14:57:46.965Z",
        "value": "2.6768118782439445",
        "cumulative": false
    },
    {
        "date": "2020-11-21T14:58:15.454Z",
        "value": "2.7090741622546486",
        "cumulative": false
    },
    {
        "date": "2020-11-21T14:58:46.403Z",
        "value": "2.8174564597473606",
        "cumulative": false
    },
    {
        "date": "2020-11-21T14:59:16.039Z",
        "value": "4.728088219267654",
        "cumulative": false
    },
    {
        "date": "2020-11-21T14:59:44.732Z",
        "value": "3.9413462986745307",
        "cumulative": false
    },
    {
        "date": "2020-11-21T15:00:13.264Z",
        "value": "2.7027039087119222",
        "cumulative": false
    },
    {
        "date": "2020-11-21T15:00:44.405Z",
        "value": "3.1896503448486326",
        "cumulative": false
    },
    {
        "date": "2020-11-21T15:01:13.564Z",
        "value": "2.836340542497306",
        "cumulative": false
    },
    {
        "date": "2020-11-21T15:01:42.462Z",
        "value": "2.5981037440334127",
        "cumulative": false
    },
    {
        "date": "2020-11-21T15:02:11.910Z",
        "value": "3.232329956347422",
        "cumulative": false
    },
    {
        "date": "2020-11-21T15:02:43.314Z",
        "value": "4.774553859298426",
        "cumulative": false
    },
    {
        "date": "2020-11-21T15:03:12.343Z",
        "value": "2.8516551874388454",
        "cumulative": false
    },
    {
        "date": "2020-11-21T15:03:41.913Z",
        "value": "2.864777688419118",
        "cumulative": false
    },
    {
        "date": "2020-11-21T15:04:09.856Z",
        "value": "3.0202956554974154",
        "cumulative": false
    },
    {
        "date": "2020-11-21T15:04:42.065Z",
        "value": "2.582137044270833",
        "cumulative": false
    },
    {
        "date": "2020-11-21T15:05:12.005Z",
        "value": "3.1781468467106895",
        "cumulative": false
    },
    {
        "date": "2020-11-21T15:05:40.230Z",
        "value": "3.310985949612403",
        "cumulative": false
    },
    {
        "date": "2020-11-21T15:06:09.815Z",
        "value": "3.820898287490399",
        "cumulative": false
    },
    {
        "date": "2020-11-21T15:06:41.216Z",
        "value": "3.1036213817684333",
        "cumulative": false
    },
    {
        "date": "2020-11-21T15:07:10.591Z",
        "value": "3.4763606871613777",
        "cumulative": false
    },
    {
        "date": "2020-11-21T15:07:39.869Z",
        "value": "2.7322168534908102",
        "cumulative": false
    },
    {
        "date": "2020-11-21T15:08:08.965Z",
        "value": "2.598095652734778",
        "cumulative": false
    },
    {
        "date": "2020-11-21T15:08:39.431Z",
        "value": "2.6199129223195468",
        "cumulative": false
    },
    {
        "date": "2020-11-21T15:09:07.161Z",
        "value": "4.827031150287173",
        "cumulative": false
    },
    {
        "date": "2020-11-21T15:09:36.260Z",
        "value": "2.8654484160958904",
        "cumulative": false
    },
    {
        "date": "2020-11-21T15:10:05.887Z",
        "value": "3.53324211968316",
        "cumulative": false
    },
    {
        "date": "2020-11-21T15:10:36.284Z",
        "value": "2.7440935305710124",
        "cumulative": false
    },
    {
        "date": "2020-11-21T15:11:05.254Z",
        "value": "3.1961242226251314",
        "cumulative": false
    },
    {
        "date": "2020-11-21T15:11:33.993Z",
        "value": "2.5974929941178337",
        "cumulative": false
    },
    {
        "date": "2020-11-21T15:12:01.950Z",
        "value": "2.7411864749969",
        "cumulative": false
    },
    {
        "date": "2020-11-21T15:12:33.380Z",
        "value": "2.4919384320576987",
        "cumulative": false
    },
    {
        "date": "2020-11-21T15:13:02.548Z",
        "value": "2.632507084865196",
        "cumulative": false
    },
    {
        "date": "2020-11-21T15:13:48.373Z",
        "value": "2.670412385844749",
        "cumulative": false
    },
    {
        "date": "2020-11-21T15:14:16.578Z",
        "value": "2.6980595607383577",
        "cumulative": false
    },
    {
        "date": "2020-11-21T15:14:46.416Z",
        "value": "2.9889059271694216",
        "cumulative": false
    },
    {
        "date": "2020-11-21T15:15:14.795Z",
        "value": "2.7400735522073414",
        "cumulative": false
    },
    {
        "date": "2020-11-21T15:15:43.164Z",
        "value": "3.112613940591535",
        "cumulative": false
    },
    {
        "date": "2020-11-21T15:16:11.852Z",
        "value": "2.860826918658088",
        "cumulative": false
    },
    {
        "date": "2020-11-21T15:16:42.106Z",
        "value": "3.079568334207372",
        "cumulative": false
    },
    {
        "date": "2020-11-21T15:17:11.905Z",
        "value": "2.663440926622466",
        "cumulative": false
    },
    {
        "date": "2020-11-21T15:17:40.609Z",
        "value": "2.722231657608696",
        "cumulative": false
    },
    {
        "date": "2020-11-21T15:18:10.102Z",
        "value": "2.6693692158975657",
        "cumulative": false
    },
    {
        "date": "2020-11-21T15:18:41.471Z",
        "value": "2.5062310431985293",
        "cumulative": false
    },
    {
        "date": "2020-11-21T15:19:10.190Z",
        "value": "2.855666243408809",
        "cumulative": false
    },
    {
        "date": "2020-11-21T15:19:39.319Z",
        "value": "2.8497111940164173",
        "cumulative": false
    },
    {
        "date": "2020-11-21T15:20:08.422Z",
        "value": "2.581084735576923",
        "cumulative": false
    },
    {
        "date": "2020-11-21T15:20:39.367Z",
        "value": "2.806272143272373",
        "cumulative": false
    },
    {
        "date": "2020-11-21T15:21:08.610Z",
        "value": "2.758049544237634",
        "cumulative": false
    },
    {
        "date": "2020-11-21T15:21:37.088Z",
        "value": "2.8768397739955356",
        "cumulative": false
    },
    {
        "date": "2020-11-21T15:22:04.982Z",
        "value": "2.6403547190656567",
        "cumulative": false
    }
]