[
    {
        "date": "2020-11-21T10:49:04.195Z",
        "value": "11.133433077266352",
        "cumulative": false
    },
    {
        "date": "2020-11-21T10:49:37.653Z",
        "value": "11.04501702724359",
        "cumulative": false
    },
    {
        "date": "2020-11-21T10:50:07.561Z",
        "value": "9.971681602328431",
        "cumulative": false
    },
    {
        "date": "2020-11-21T10:50:39.615Z",
        "value": "9.394201899509804",
        "cumulative": false
    },
    {
        "date": "2020-11-21T10:51:08.445Z",
        "value": "8.97953802614796",
        "cumulative": false
    },
    {
        "date": "2020-11-21T10:51:37.662Z",
        "value": "8.641757497479839",
        "cumulative": false
    },
    {
        "date": "2020-11-21T10:52:07.560Z",
        "value": "8.464168884674232",
        "cumulative": false
    },
    {
        "date": "2020-11-21T10:52:38.665Z",
        "value": "8.312481066645407",
        "cumulative": false
    },
    {
        "date": "2020-11-21T10:53:08.121Z",
        "value": "8.210132783166458",
        "cumulative": false
    },
    {
        "date": "2020-11-21T10:53:37.945Z",
        "value": "7.636138556985294",
        "cumulative": false
    },
    {
        "date": "2020-11-21T10:54:07.652Z",
        "value": "7.855402391290568",
        "cumulative": false
    },
    {
        "date": "2020-11-21T10:54:39.128Z",
        "value": "8.072307668786692",
        "cumulative": false
    },
    {
        "date": "2020-11-21T10:55:08.431Z",
        "value": "7.506156754032258",
        "cumulative": false
    },
    {
        "date": "2020-11-21T10:55:38.435Z",
        "value": "7.9443764400921655",
        "cumulative": false
    },
    {
        "date": "2020-11-21T10:56:07.676Z",
        "value": "7.8039447415259575",
        "cumulative": false
    },
    {
        "date": "2020-11-21T10:56:40.459Z",
        "value": "7.996097836035565",
        "cumulative": false
    },
    {
        "date": "2020-11-21T10:57:09.774Z",
        "value": "7.6565000952743905",
        "cumulative": false
    },
    {
        "date": "2020-11-21T10:57:39.366Z",
        "value": "7.7325976365015165",
        "cumulative": false
    },
    {
        "date": "2020-11-21T10:58:09.161Z",
        "value": "7.628203784773969",
        "cumulative": false
    },
    {
        "date": "2020-11-21T10:58:40.732Z",
        "value": "7.495721585910005",
        "cumulative": false
    },
    {
        "date": "2020-11-21T10:59:10.225Z",
        "value": "7.399318450777401",
        "cumulative": false
    },
    {
        "date": "2020-11-21T10:59:40.500Z",
        "value": "7.295429904733316",
        "cumulative": false
    },
    {
        "date": "2020-11-21T11:00:09.829Z",
        "value": "7.281132230924317",
        "cumulative": false
    },
    {
        "date": "2020-11-21T11:00:42.578Z",
        "value": "6.769055684407552",
        "cumulative": false
    },
    {
        "date": "2020-11-21T11:01:12.051Z",
        "value": "6.870583417338709",
        "cumulative": false
    },
    {
        "date": "2020-11-21T11:01:41.003Z",
        "value": "7.122881922592826",
        "cumulative": false
    },
    {
        "date": "2020-11-21T11:02:10.559Z",
        "value": "6.873640756758433",
        "cumulative": false
    },
    {
        "date": "2020-11-21T11:02:43.035Z",
        "value": "6.827250007927448",
        "cumulative": false
    },
    {
        "date": "2020-11-21T11:03:13.129Z",
        "value": "6.899893375318878",
        "cumulative": false
    },
    {
        "date": "2020-11-21T11:03:42.100Z",
        "value": "6.826790496239889",
        "cumulative": false
    },
    {
        "date": "2020-11-21T11:04:10.628Z",
        "value": "6.426318784402202",
        "cumulative": false
    },
    {
        "date": "2020-11-21T11:04:42.252Z",
        "value": "6.672312894780585",
        "cumulative": false
    },
    {
        "date": "2020-11-21T11:05:11.818Z",
        "value": "7.284261597384257",
        "cumulative": false
    },
    {
        "date": "2020-11-21T11:05:42.034Z",
        "value": "6.347282647142048",
        "cumulative": false
    },
    {
        "date": "2020-11-21T11:06:11.837Z",
        "value": "7.0171885593873276",
        "cumulative": false
    },
    {
        "date": "2020-11-21T11:06:44.520Z",
        "value": "6.328066621329313",
        "cumulative": false
    },
    {
        "date": "2020-11-21T11:07:14.430Z",
        "value": "6.361882890973773",
        "cumulative": false
    },
    {
        "date": "2020-11-21T11:07:43.731Z",
        "value": "6.958186345927187",
        "cumulative": false
    },
    {
        "date": "2020-11-21T11:08:13.258Z",
        "value": "6.059132148093842",
        "cumulative": false
    },
    {
        "date": "2020-11-21T11:08:45.734Z",
        "value": "6.328475560897436",
        "cumulative": false
    },
    {
        "date": "2020-11-21T11:09:14.644Z",
        "value": "5.759969711303711",
        "cumulative": false
    },
    {
        "date": "2020-11-21T11:09:44.772Z",
        "value": "7.108178132169258",
        "cumulative": false
    },
    {
        "date": "2020-11-21T11:10:14.570Z",
        "value": "6.007884801280426",
        "cumulative": false
    },
    {
        "date": "2020-11-21T11:10:46.912Z",
        "value": "5.524427025719026",
        "cumulative": false
    },
    {
        "date": "2020-11-21T11:11:15.941Z",
        "value": "5.874902460563696",
        "cumulative": false
    },
    {
        "date": "2020-11-21T11:11:45.567Z",
        "value": "6.114809191223885",
        "cumulative": false
    },
    {
        "date": "2020-11-21T11:12:14.831Z",
        "value": "6.028377757352941",
        "cumulative": false
    },
    {
        "date": "2020-11-21T11:12:46.512Z",
        "value": "5.013965322901472",
        "cumulative": false
    },
    {
        "date": "2020-11-21T11:13:16.272Z",
        "value": "6.1596733740774905",
        "cumulative": false
    },
    {
        "date": "2020-11-21T11:13:45.799Z",
        "value": "6.686164952531645",
        "cumulative": false
    },
    {
        "date": "2020-11-21T11:14:14.499Z",
        "value": "5.641816076228879",
        "cumulative": false
    },
    {
        "date": "2020-11-21T11:14:44.803Z",
        "value": "5.907373206004011",
        "cumulative": false
    },
    {
        "date": "2020-11-21T11:15:14.490Z",
        "value": "5.253001353045499",
        "cumulative": false
    },
    {
        "date": "2020-11-21T11:15:44.588Z",
        "value": "5.222521381993448",
        "cumulative": false
    },
    {
        "date": "2020-11-21T11:16:13.656Z",
        "value": "5.012879846885451",
        "cumulative": false
    },
    {
        "date": "2020-11-21T11:17:12.763Z",
        "value": "6.668669447387006",
        "cumulative": false
    },
    {
        "date": "2020-11-21T11:17:41.791Z",
        "value": "5.07215865872211",
        "cumulative": false
    },
    {
        "date": "2020-11-21T11:18:11.354Z",
        "value": "5.0682610505254155",
        "cumulative": false
    },
    {
        "date": "2020-11-21T11:18:41.189Z",
        "value": "4.7572553569048255",
        "cumulative": false
    },
    {
        "date": "2020-11-21T11:19:12.021Z",
        "value": "5.631921852089443",
        "cumulative": false
    },
    {
        "date": "2020-11-21T11:19:43.091Z",
        "value": "4.921020986519608",
        "cumulative": false
    },
    {
        "date": "2020-11-21T11:20:13.034Z",
        "value": "5.195544719696045",
        "cumulative": false
    },
    {
        "date": "2020-11-21T11:20:42.448Z",
        "value": "4.555962216537611",
        "cumulative": false
    },
    {
        "date": "2020-11-21T11:21:14.594Z",
        "value": "4.683314302884615",
        "cumulative": false
    },
    {
        "date": "2020-11-21T11:21:43.282Z",
        "value": "5.041842115504359",
        "cumulative": false
    },
    {
        "date": "2020-11-21T11:22:12.298Z",
        "value": "4.961394614361702",
        "cumulative": false
    },
    {
        "date": "2020-11-21T11:22:42.021Z",
        "value": "4.827658567433383",
        "cumulative": false
    },
    {
        "date": "2020-11-21T11:23:13.726Z",
        "value": "5.666534613472533",
        "cumulative": false
    },
    {
        "date": "2020-11-21T11:23:42.715Z",
        "value": "5.573525233957219",
        "cumulative": false
    },
    {
        "date": "2020-11-21T11:24:12.441Z",
        "value": "4.293065688189338",
        "cumulative": false
    },
    {
        "date": "2020-11-21T11:24:41.715Z",
        "value": "4.885690689086914",
        "cumulative": false
    },
    {
        "date": "2020-11-21T11:25:12.133Z",
        "value": "4.5273574389862326",
        "cumulative": false
    },
    {
        "date": "2020-11-21T11:25:41.642Z",
        "value": "4.979514432102628",
        "cumulative": false
    },
    {
        "date": "2020-11-21T11:26:10.615Z",
        "value": "5.031464107452877",
        "cumulative": false
    },
    {
        "date": "2020-11-21T11:26:40.520Z",
        "value": "5.067611328125",
        "cumulative": false
    },
    {
        "date": "2020-11-21T11:27:11.243Z",
        "value": "4.154710378898327",
        "cumulative": false
    },
    {
        "date": "2020-11-21T11:27:40.098Z",
        "value": "3.9326415299670088",
        "cumulative": false
    },
    {
        "date": "2020-11-21T11:28:07.413Z",
        "value": "4.153950761939673",
        "cumulative": false
    },
    {
        "date": "2020-11-21T11:28:36.224Z",
        "value": "3.984349687761288",
        "cumulative": false
    },
    {
        "date": "2020-11-21T11:29:06.614Z",
        "value": "4.561153527462121",
        "cumulative": false
    },
    {
        "date": "2020-11-21T11:29:35.544Z",
        "value": "3.9763002840548936",
        "cumulative": false
    },
    {
        "date": "2020-11-21T11:30:04.693Z",
        "value": "4.242038892663044",
        "cumulative": false
    },
    {
        "date": "2020-11-21T11:30:32.737Z",
        "value": "4.432461099970292",
        "cumulative": false
    },
    {
        "date": "2020-11-21T11:31:04.246Z",
        "value": "4.63234128234207",
        "cumulative": false
    },
    {
        "date": "2020-11-21T11:31:33.277Z",
        "value": "5.46093123328877",
        "cumulative": false
    },
    {
        "date": "2020-11-21T11:32:03.073Z",
        "value": "4.048742968351607",
        "cumulative": false
    },
    {
        "date": "2020-11-21T11:32:34.324Z",
        "value": "4.025719684103261",
        "cumulative": false
    },
    {
        "date": "2020-11-21T11:33:05.751Z",
        "value": "4.218463091998248",
        "cumulative": false
    },
    {
        "date": "2020-11-21T11:33:33.944Z",
        "value": "4.840331549710306",
        "cumulative": false
    },
    {
        "date": "2020-11-21T11:34:03.612Z",
        "value": "4.810308410315628",
        "cumulative": false
    },
    {
        "date": "2020-11-21T11:34:33.188Z",
        "value": "5.092851379107981",
        "cumulative": false
    },
    {
        "date": "2020-11-21T11:35:05.404Z",
        "value": "3.988452559280979",
        "cumulative": false
    },
    {
        "date": "2020-11-21T11:35:33.342Z",
        "value": "4.131032787924911",
        "cumulative": false
    },
    {
        "date": "2020-11-21T11:36:02.308Z",
        "value": "3.578674981277233",
        "cumulative": false
    },
    {
        "date": "2020-11-21T11:36:31.539Z",
        "value": "3.709677521024702",
        "cumulative": false
    },
    {
        "date": "2020-11-21T11:37:01.588Z",
        "value": "3.28234179201043",
        "cumulative": false
    },
    {
        "date": "2020-11-21T11:37:31.894Z",
        "value": "3.9992251242988273",
        "cumulative": false
    },
    {
        "date": "2020-11-21T11:38:01.294Z",
        "value": "3.6755550753685737",
        "cumulative": false
    },
    {
        "date": "2020-11-21T11:38:29.852Z",
        "value": "3.6476519881019565",
        "cumulative": false
    },
    {
        "date": "2020-11-21T11:39:01.749Z",
        "value": "4.1558389102711395",
        "cumulative": false
    },
    {
        "date": "2020-11-21T11:39:31.775Z",
        "value": "3.854244895109235",
        "cumulative": false
    },
    {
        "date": "2020-11-21T11:40:01.003Z",
        "value": "3.107248343673407",
        "cumulative": false
    },
    {
        "date": "2020-11-21T11:40:30.107Z",
        "value": "3.714876689608135",
        "cumulative": false
    },
    {
        "date": "2020-11-21T11:41:01.343Z",
        "value": "3.535424296835363",
        "cumulative": false
    },
    {
        "date": "2020-11-21T11:41:30.979Z",
        "value": "3.499925374984741",
        "cumulative": false
    },
    {
        "date": "2020-11-21T11:42:00.175Z",
        "value": "3.613236185503296",
        "cumulative": false
    },
    {
        "date": "2020-11-21T11:42:31.324Z",
        "value": "3.651641082763672",
        "cumulative": false
    },
    {
        "date": "2020-11-21T11:43:02.659Z",
        "value": "3.569504476392998",
        "cumulative": false
    },
    {
        "date": "2020-11-21T11:43:32.346Z",
        "value": "3.634689818778539",
        "cumulative": false
    },
    {
        "date": "2020-11-21T11:44:02.195Z",
        "value": "4.536775263607446",
        "cumulative": false
    },
    {
        "date": "2020-11-21T11:44:50.618Z",
        "value": "5.537967055389553",
        "cumulative": false
    },
    {
        "date": "2020-11-21T11:45:22.189Z",
        "value": "3.704775189322524",
        "cumulative": false
    },
    {
        "date": "2020-11-21T11:45:51.909Z",
        "value": "4.271546624011983",
        "cumulative": false
    },
    {
        "date": "2020-11-21T11:46:20.482Z",
        "value": "4.076210224252751",
        "cumulative": false
    },
    {
        "date": "2020-11-21T11:46:50.716Z",
        "value": "3.5569513494318183",
        "cumulative": false
    },
    {
        "date": "2020-11-21T11:47:22.824Z",
        "value": "3.4548084486498043",
        "cumulative": false
    },
    {
        "date": "2020-11-21T11:47:52.550Z",
        "value": "3.4812829021057348",
        "cumulative": false
    },
    {
        "date": "2020-11-21T11:48:20.469Z",
        "value": "5.28846250453744",
        "cumulative": false
    },
    {
        "date": "2020-11-21T11:48:48.624Z",
        "value": "4.050467817473475",
        "cumulative": false
    },
    {
        "date": "2020-11-21T11:49:18.867Z",
        "value": "5.136031484962406",
        "cumulative": false
    },
    {
        "date": "2020-11-21T11:49:48.875Z",
        "value": "4.468429524138991",
        "cumulative": false
    },
    {
        "date": "2020-11-21T11:50:17.851Z",
        "value": "3.747514542794938",
        "cumulative": false
    },
    {
        "date": "2020-11-21T11:50:46.919Z",
        "value": "3.4729161879595587",
        "cumulative": false
    },
    {
        "date": "2020-11-21T11:51:18.074Z",
        "value": "3.847772155145202",
        "cumulative": false
    },
    {
        "date": "2020-11-21T11:51:48.386Z",
        "value": "4.728471096013352",
        "cumulative": false
    },
    {
        "date": "2020-11-21T11:52:19.194Z",
        "value": "3.682560704433029",
        "cumulative": false
    },
    {
        "date": "2020-11-21T11:52:48.331Z",
        "value": "3.5611572265625",
        "cumulative": false
    },
    {
        "date": "2020-11-21T11:53:18.213Z",
        "value": "3.5451771129261362",
        "cumulative": false
    },
    {
        "date": "2020-11-21T11:53:46.650Z",
        "value": "3.6794187523159585",
        "cumulative": false
    },
    {
        "date": "2020-11-21T11:54:15.680Z",
        "value": "3.6842131931945135",
        "cumulative": false
    },
    {
        "date": "2020-11-21T11:54:44.197Z",
        "value": "3.197378984527737",
        "cumulative": false
    },
    {
        "date": "2020-11-21T11:55:15.479Z",
        "value": "6.000768497161107",
        "cumulative": false
    },
    {
        "date": "2020-11-21T11:55:43.741Z",
        "value": "4.977072797151771",
        "cumulative": false
    },
    {
        "date": "2020-11-21T11:56:15.523Z",
        "value": "3.3014311042535174",
        "cumulative": false
    },
    {
        "date": "2020-11-21T11:56:44.483Z",
        "value": "3.3809534957497553",
        "cumulative": false
    },
    {
        "date": "2020-11-21T11:57:16.000Z",
        "value": "3.46282792356547",
        "cumulative": false
    },
    {
        "date": "2020-11-21T11:57:44.913Z",
        "value": "3.420423554211128",
        "cumulative": false
    },
    {
        "date": "2020-11-21T11:58:14.015Z",
        "value": "5.641653838904247",
        "cumulative": false
    },
    {
        "date": "2020-11-21T11:58:42.198Z",
        "value": "3.3180857340494794",
        "cumulative": false
    },
    {
        "date": "2020-11-21T11:59:13.382Z",
        "value": "3.3285948738219244",
        "cumulative": false
    },
    {
        "date": "2020-11-21T11:59:42.058Z",
        "value": "3.385876225490196",
        "cumulative": false
    },
    {
        "date": "2020-11-21T12:00:10.866Z",
        "value": "3.612978052209925",
        "cumulative": false
    },
    {
        "date": "2020-11-21T12:00:39.693Z",
        "value": "5.539222180166541",
        "cumulative": false
    },
    {
        "date": "2020-11-21T12:01:11.464Z",
        "value": "4.575727423720473",
        "cumulative": false
    },
    {
        "date": "2020-11-21T12:01:40.879Z",
        "value": "3.388518577398256",
        "cumulative": false
    },
    {
        "date": "2020-11-21T12:02:10.886Z",
        "value": "3.1376840617799537",
        "cumulative": false
    },
    {
        "date": "2020-11-21T12:02:40.654Z",
        "value": "3.362405762461948",
        "cumulative": false
    },
    {
        "date": "2020-11-21T12:03:12.060Z",
        "value": "5.014053403945666",
        "cumulative": false
    },
    {
        "date": "2020-11-21T12:03:42.542Z",
        "value": "3.386281929764093",
        "cumulative": false
    },
    {
        "date": "2020-11-21T12:04:11.153Z",
        "value": "3.628073117134042",
        "cumulative": false
    },
    {
        "date": "2020-11-21T12:04:40.725Z",
        "value": "3.8758683320063696",
        "cumulative": false
    },
    {
        "date": "2020-11-21T12:05:12.790Z",
        "value": "3.160696369327911",
        "cumulative": false
    },
    {
        "date": "2020-11-21T12:05:41.506Z",
        "value": "3.8835189374001744",
        "cumulative": false
    },
    {
        "date": "2020-11-21T12:06:10.749Z",
        "value": "4.831634729832914",
        "cumulative": false
    },
    {
        "date": "2020-11-21T12:06:39.998Z",
        "value": "3.165938779172776",
        "cumulative": false
    },
    {
        "date": "2020-11-21T12:07:13.722Z",
        "value": "3.4302504595588235",
        "cumulative": false
    },
    {
        "date": "2020-11-21T12:07:41.791Z",
        "value": "4.989749318248821",
        "cumulative": false
    },
    {
        "date": "2020-11-21T12:08:11.514Z",
        "value": "2.991154082833904",
        "cumulative": false
    },
    {
        "date": "2020-11-21T12:08:40.916Z",
        "value": "3.3666607799973716",
        "cumulative": false
    },
    {
        "date": "2020-11-21T12:09:13.267Z",
        "value": "3.2691787679816913",
        "cumulative": false
    },
    {
        "date": "2020-11-21T12:09:43.477Z",
        "value": "3.458162679852982",
        "cumulative": false
    },
    {
        "date": "2020-11-21T12:10:12.294Z",
        "value": "4.443631368017309",
        "cumulative": false
    },
    {
        "date": "2020-11-21T12:10:41.519Z",
        "value": "3.2522125771604937",
        "cumulative": false
    },
    {
        "date": "2020-11-21T12:11:13.067Z",
        "value": "3.314469529706028",
        "cumulative": false
    },
    {
        "date": "2020-11-21T12:11:42.548Z",
        "value": "3.233429439484127",
        "cumulative": false
    },
    {
        "date": "2020-11-21T12:12:29.572Z",
        "value": "3.3095685862531568",
        "cumulative": false
    },
    {
        "date": "2020-11-21T12:12:57.766Z",
        "value": "4.015976661142677",
        "cumulative": false
    },
    {
        "date": "2020-11-21T12:13:27.919Z",
        "value": "3.5324222186871546",
        "cumulative": false
    },
    {
        "date": "2020-11-21T12:13:56.842Z",
        "value": "3.2754756061025074",
        "cumulative": false
    },
    {
        "date": "2020-11-21T12:14:25.035Z",
        "value": "3.2594672713301045",
        "cumulative": false
    },
    {
        "date": "2020-11-21T12:14:53.418Z",
        "value": "4.967337336681869",
        "cumulative": false
    },
    {
        "date": "2020-11-21T12:15:24.437Z",
        "value": "3.2764560556749243",
        "cumulative": false
    },
    {
        "date": "2020-11-21T12:15:53.763Z",
        "value": "3.5079743001782204",
        "cumulative": false
    },
    {
        "date": "2020-11-21T12:16:23.384Z",
        "value": "3.1976054476920486",
        "cumulative": false
    },
    {
        "date": "2020-11-21T12:16:52.348Z",
        "value": "4.852410955394326",
        "cumulative": false
    },
    {
        "date": "2020-11-21T12:17:23.948Z",
        "value": "3.0608618951612905",
        "cumulative": false
    },
    {
        "date": "2020-11-21T12:17:53.292Z",
        "value": "3.3666481971740723",
        "cumulative": false
    },
    {
        "date": "2020-11-21T12:18:22.385Z",
        "value": "5.340330941336496",
        "cumulative": false
    },
    {
        "date": "2020-11-21T12:18:52.102Z",
        "value": "3.2294470930052137",
        "cumulative": false
    },
    {
        "date": "2020-11-21T12:19:22.975Z",
        "value": "3.0133527749348716",
        "cumulative": false
    },
    {
        "date": "2020-11-21T12:19:52.072Z",
        "value": "3.1252994537353516",
        "cumulative": false
    },
    {
        "date": "2020-11-21T12:20:21.403Z",
        "value": "3.4683337359034465",
        "cumulative": false
    },
    {
        "date": "2020-11-21T12:20:50.202Z",
        "value": "3.0692145894970415",
        "cumulative": false
    },
    {
        "date": "2020-11-21T12:21:23.672Z",
        "value": "3.106017607261252",
        "cumulative": false
    },
    {
        "date": "2020-11-21T12:21:52.001Z",
        "value": "2.9618429487179485",
        "cumulative": false
    },
    {
        "date": "2020-11-21T12:22:20.162Z",
        "value": "3.6046621285232843",
        "cumulative": false
    },
    {
        "date": "2020-11-21T12:22:49.907Z",
        "value": "3.430590341605392",
        "cumulative": false
    },
    {
        "date": "2020-11-21T12:23:19.315Z",
        "value": "3.2140076929209185",
        "cumulative": false
    },
    {
        "date": "2020-11-21T12:23:48.473Z",
        "value": "3.0434790826612903",
        "cumulative": false
    },
    {
        "date": "2020-11-21T12:24:17.642Z",
        "value": "2.9144407732213438",
        "cumulative": false
    },
    {
        "date": "2020-11-21T12:24:49.531Z",
        "value": "3.503396295041454",
        "cumulative": false
    },
    {
        "date": "2020-11-21T12:25:18.679Z",
        "value": "3.133021501486233",
        "cumulative": false
    },
    {
        "date": "2020-11-21T12:25:47.032Z",
        "value": "2.9930041743259803",
        "cumulative": false
    },
    {
        "date": "2020-11-21T12:26:16.099Z",
        "value": "3.183884935978702",
        "cumulative": false
    },
    {
        "date": "2020-11-21T12:26:47.293Z",
        "value": "4.4481590554672215",
        "cumulative": false
    },
    {
        "date": "2020-11-21T12:27:15.353Z",
        "value": "4.374069115423387",
        "cumulative": false
    },
    {
        "date": "2020-11-21T12:27:44.852Z",
        "value": "4.944453445020481",
        "cumulative": false
    },
    {
        "date": "2020-11-21T12:28:14.068Z",
        "value": "3.0415509131646927",
        "cumulative": false
    },
    {
        "date": "2020-11-21T12:28:45.271Z",
        "value": "5.001344986706764",
        "cumulative": false
    },
    {
        "date": "2020-11-21T12:29:14.051Z",
        "value": "3.2289726443407014",
        "cumulative": false
    },
    {
        "date": "2020-11-21T12:29:43.164Z",
        "value": "3.095923320588979",
        "cumulative": false
    },
    {
        "date": "2020-11-21T12:30:12.599Z",
        "value": "3.2707545000465723",
        "cumulative": false
    },
    {
        "date": "2020-11-21T12:30:41.874Z",
        "value": "3.206777412487431",
        "cumulative": false
    },
    {
        "date": "2020-11-21T12:31:12.285Z",
        "value": "3.561100701393165",
        "cumulative": false
    },
    {
        "date": "2020-11-21T12:31:42.483Z",
        "value": "3.238250886706901",
        "cumulative": false
    },
    {
        "date": "2020-11-21T12:32:12.409Z",
        "value": "3.1887794665012406",
        "cumulative": false
    },
    {
        "date": "2020-11-21T12:32:43.234Z",
        "value": "2.7612317403157554",
        "cumulative": false
    },
    {
        "date": "2020-11-21T12:33:12.213Z",
        "value": "2.9853704637096774",
        "cumulative": false
    },
    {
        "date": "2020-11-21T12:33:42.082Z",
        "value": "3.211579118156073",
        "cumulative": false
    },
    {
        "date": "2020-11-21T12:34:10.372Z",
        "value": "3.130860828218006",
        "cumulative": false
    },
    {
        "date": "2020-11-21T12:34:41.890Z",
        "value": "2.9792248838628868",
        "cumulative": false
    },
    {
        "date": "2020-11-21T12:35:10.650Z",
        "value": "3.502881108498087",
        "cumulative": false
    },
    {
        "date": "2020-11-21T12:35:38.451Z",
        "value": "3.46414687539497",
        "cumulative": false
    },
    {
        "date": "2020-11-21T12:36:06.989Z",
        "value": "2.9125069004416284",
        "cumulative": false
    },
    {
        "date": "2020-11-21T12:36:37.477Z",
        "value": "3.1881965799534573",
        "cumulative": false
    },
    {
        "date": "2020-11-21T12:37:05.736Z",
        "value": "5.073951073775022",
        "cumulative": false
    },
    {
        "date": "2020-11-21T12:37:35.466Z",
        "value": "3.0496159517367007",
        "cumulative": false
    },
    {
        "date": "2020-11-21T12:38:04.047Z",
        "value": "4.472577759029832",
        "cumulative": false
    },
    {
        "date": "2020-11-21T12:38:36.199Z",
        "value": "3.139222375622706",
        "cumulative": false
    },
    {
        "date": "2020-11-21T12:39:05.114Z",
        "value": "3.1361024039132253",
        "cumulative": false
    },
    {
        "date": "2020-11-21T12:39:33.818Z",
        "value": "5.135655734350445",
        "cumulative": false
    },
    {
        "date": "2020-11-21T12:40:02.671Z",
        "value": "2.997401799624267",
        "cumulative": false
    },
    {
        "date": "2020-11-21T12:40:33.877Z",
        "value": "3.4492148548789174",
        "cumulative": false
    },
    {
        "date": "2020-11-21T12:41:02.857Z",
        "value": "2.853606700897217",
        "cumulative": false
    },
    {
        "date": "2020-11-21T12:41:32.577Z",
        "value": "5.158320123311241",
        "cumulative": false
    },
    {
        "date": "2020-11-21T12:42:01.211Z",
        "value": "3.274440556462348",
        "cumulative": false
    },
    {
        "date": "2020-11-21T12:42:32.640Z",
        "value": "3.013509564695105",
        "cumulative": false
    },
    {
        "date": "2020-11-21T12:43:01.811Z",
        "value": "3.3719978880083734",
        "cumulative": false
    },
    {
        "date": "2020-11-21T12:43:30.282Z",
        "value": "3.8531954777372968",
        "cumulative": false
    },
    {
        "date": "2020-11-21T12:43:59.539Z",
        "value": "3.5050746783088234",
        "cumulative": false
    },
    {
        "date": "2020-11-21T12:44:30.254Z",
        "value": "2.665839245458162",
        "cumulative": false
    },
    {
        "date": "2020-11-21T12:45:00.288Z",
        "value": "4.4699370523117",
        "cumulative": false
    },
    {
        "date": "2020-11-21T12:45:29.001Z",
        "value": "5.256948180379747",
        "cumulative": false
    },
    {
        "date": "2020-11-21T12:45:58.726Z",
        "value": "3.6945514512928828",
        "cumulative": false
    },
    {
        "date": "2020-11-21T12:46:29.448Z",
        "value": "3.660231163042116",
        "cumulative": false
    },
    {
        "date": "2020-11-21T12:46:59.232Z",
        "value": "3.0458869710127203",
        "cumulative": false
    },
    {
        "date": "2020-11-21T12:47:28.227Z",
        "value": "2.9801177978515625",
        "cumulative": false
    },
    {
        "date": "2020-11-21T12:47:57.415Z",
        "value": "2.918411305915552",
        "cumulative": false
    },
    {
        "date": "2020-11-21T12:48:45.056Z",
        "value": "5.056946584488958",
        "cumulative": false
    },
    {
        "date": "2020-11-21T12:49:14.276Z",
        "value": "2.9053878319916326",
        "cumulative": false
    },
    {
        "date": "2020-11-21T12:49:42.814Z",
        "value": "3.098511577468231",
        "cumulative": false
    },
    {
        "date": "2020-11-21T12:50:12.239Z",
        "value": "2.9254178052519326",
        "cumulative": false
    },
    {
        "date": "2020-11-21T12:50:42.762Z",
        "value": "4.190791960685484",
        "cumulative": false
    },
    {
        "date": "2020-11-21T12:51:11.664Z",
        "value": "2.993701650582108",
        "cumulative": false
    },
    {
        "date": "2020-11-21T12:51:40.373Z",
        "value": "3.0450422763824463",
        "cumulative": false
    },
    {
        "date": "2020-11-21T12:52:09.693Z",
        "value": "2.879364013671875",
        "cumulative": false
    },
    {
        "date": "2020-11-21T12:52:40.432Z",
        "value": "2.9824266326121793",
        "cumulative": false
    },
    {
        "date": "2020-11-21T12:53:09.590Z",
        "value": "2.890807421388543",
        "cumulative": false
    },
    {
        "date": "2020-11-21T12:53:38.324Z",
        "value": "3.1613156582446806",
        "cumulative": false
    },
    {
        "date": "2020-11-21T12:54:08.243Z",
        "value": "2.949622091424711",
        "cumulative": false
    },
    {
        "date": "2020-11-21T12:54:39.635Z",
        "value": "4.417878448918717",
        "cumulative": false
    },
    {
        "date": "2020-11-21T12:55:08.109Z",
        "value": "4.101385639483066",
        "cumulative": false
    },
    {
        "date": "2020-11-21T12:55:35.860Z",
        "value": "2.9802488439223347",
        "cumulative": false
    },
    {
        "date": "2020-11-21T12:56:03.962Z",
        "value": "3.146848440170288",
        "cumulative": false
    },
    {
        "date": "2020-11-21T12:56:33.444Z",
        "value": "2.951110763454318",
        "cumulative": false
    },
    {
        "date": "2020-11-21T12:57:01.528Z",
        "value": "3.5293873200876096",
        "cumulative": false
    },
    {
        "date": "2020-11-21T12:57:30.074Z",
        "value": "3.4723677862258184",
        "cumulative": false
    },
    {
        "date": "2020-11-21T12:57:58.445Z",
        "value": "3.7286337890625",
        "cumulative": false
    },
    {
        "date": "2020-11-21T12:58:28.550Z",
        "value": "2.963295710256085",
        "cumulative": false
    },
    {
        "date": "2020-11-21T12:58:57.633Z",
        "value": "2.7856719761882944",
        "cumulative": false
    },
    {
        "date": "2020-11-21T12:59:25.967Z",
        "value": "3.1221880018503003",
        "cumulative": false
    },
    {
        "date": "2020-11-21T12:59:54.777Z",
        "value": "2.9255596998676143",
        "cumulative": false
    },
    {
        "date": "2020-11-21T13:00:26.160Z",
        "value": "3.3933522234059343",
        "cumulative": false
    },
    {
        "date": "2020-11-21T13:00:54.772Z",
        "value": "2.880329000538793",
        "cumulative": false
    },
    {
        "date": "2020-11-21T13:01:23.949Z",
        "value": "3.1814364716721264",
        "cumulative": false
    },
    {
        "date": "2020-11-21T13:01:52.911Z",
        "value": "3.3799489611185383",
        "cumulative": false
    },
    {
        "date": "2020-11-21T13:02:25.036Z",
        "value": "3.7037215694304435",
        "cumulative": false
    },
    {
        "date": "2020-11-21T13:02:53.924Z",
        "value": "4.425699086452763",
        "cumulative": false
    },
    {
        "date": "2020-11-21T13:03:22.919Z",
        "value": "3.0463274576905914",
        "cumulative": false
    },
    {
        "date": "2020-11-21T13:03:51.150Z",
        "value": "2.9519621958374507",
        "cumulative": false
    },
    {
        "date": "2020-11-21T13:04:22.362Z",
        "value": "3.166187427662037",
        "cumulative": false
    },
    {
        "date": "2020-11-21T13:04:51.356Z",
        "value": "3.851434651211169",
        "cumulative": false
    },
    {
        "date": "2020-11-21T13:05:20.107Z",
        "value": "3.7017200731331794",
        "cumulative": false
    },
    {
        "date": "2020-11-21T13:05:49.821Z",
        "value": "4.215922366762302",
        "cumulative": false
    },
    {
        "date": "2020-11-21T13:06:21.249Z",
        "value": "3.0453247506055585",
        "cumulative": false
    },
    {
        "date": "2020-11-21T13:06:49.801Z",
        "value": "3.292796823471588",
        "cumulative": false
    },
    {
        "date": "2020-11-21T13:07:19.104Z",
        "value": "2.8728040641169663",
        "cumulative": false
    },
    {
        "date": "2020-11-21T13:07:47.375Z",
        "value": "2.9677625275415838",
        "cumulative": false
    },
    {
        "date": "2020-11-21T13:08:17.565Z",
        "value": "2.706342913293898",
        "cumulative": false
    },
    {
        "date": "2020-11-21T13:08:46.362Z",
        "value": "3.118900841805839",
        "cumulative": false
    },
    {
        "date": "2020-11-21T13:09:14.788Z",
        "value": "2.9076154155115925",
        "cumulative": false
    },
    {
        "date": "2020-11-21T13:09:43.215Z",
        "value": "2.8034228919770503",
        "cumulative": false
    },
    {
        "date": "2020-11-21T13:10:13.384Z",
        "value": "3.3908272537530637",
        "cumulative": false
    },
    {
        "date": "2020-11-21T13:10:41.810Z",
        "value": "3.064127038465119",
        "cumulative": false
    },
    {
        "date": "2020-11-21T13:11:10.745Z",
        "value": "2.5862632601868873",
        "cumulative": false
    },
    {
        "date": "2020-11-21T13:11:39.941Z",
        "value": "2.95413813515315",
        "cumulative": false
    },
    {
        "date": "2020-11-21T13:12:11.024Z",
        "value": "2.804005987205099",
        "cumulative": false
    },
    {
        "date": "2020-11-21T13:12:40.750Z",
        "value": "2.8182849884033203",
        "cumulative": false
    },
    {
        "date": "2020-11-21T13:13:09.930Z",
        "value": "2.8949427730413286",
        "cumulative": false
    },
    {
        "date": "2020-11-21T13:13:38.986Z",
        "value": "2.984025065104167",
        "cumulative": false
    },
    {
        "date": "2020-11-21T13:14:10.166Z",
        "value": "2.932856031188363",
        "cumulative": false
    },
    {
        "date": "2020-11-21T13:14:38.845Z",
        "value": "3.0022089709974313",
        "cumulative": false
    },
    {
        "date": "2020-11-21T13:15:07.417Z",
        "value": "3.7678999641650956",
        "cumulative": false
    },
    {
        "date": "2020-11-21T13:15:53.161Z",
        "value": "4.772667143924303",
        "cumulative": false
    },
    {
        "date": "2020-11-21T13:16:25.740Z",
        "value": "2.9898339794651836",
        "cumulative": false
    },
    {
        "date": "2020-11-21T13:16:54.415Z",
        "value": "3.5309960240311065",
        "cumulative": false
    },
    {
        "date": "2020-11-21T13:17:23.072Z",
        "value": "3.40725489697974",
        "cumulative": false
    },
    {
        "date": "2020-11-21T13:17:52.141Z",
        "value": "2.8693230067317192",
        "cumulative": false
    },
    {
        "date": "2020-11-21T13:18:23.078Z",
        "value": "2.8774557253482405",
        "cumulative": false
    },
    {
        "date": "2020-11-21T13:18:51.448Z",
        "value": "3.0008141521057348",
        "cumulative": false
    },
    {
        "date": "2020-11-21T13:19:21.232Z",
        "value": "4.617381151472723",
        "cumulative": false
    },
    {
        "date": "2020-11-21T13:19:49.439Z",
        "value": "3.220817100464191",
        "cumulative": false
    },
    {
        "date": "2020-11-21T13:20:20.141Z",
        "value": "4.680823151629073",
        "cumulative": false
    },
    {
        "date": "2020-11-21T13:20:48.681Z",
        "value": "3.856342010685732",
        "cumulative": false
    },
    {
        "date": "2020-11-21T13:21:19.475Z",
        "value": "3.1069498720063953",
        "cumulative": false
    },
    {
        "date": "2020-11-21T13:21:48.441Z",
        "value": "2.9194785922181374",
        "cumulative": false
    },
    {
        "date": "2020-11-21T13:22:19.836Z",
        "value": "3.2378669507575757",
        "cumulative": false
    },
    {
        "date": "2020-11-21T13:22:48.470Z",
        "value": "4.02063414197317",
        "cumulative": false
    },
    {
        "date": "2020-11-21T13:23:17.407Z",
        "value": "3.0664144251807457",
        "cumulative": false
    },
    {
        "date": "2020-11-21T13:23:46.916Z",
        "value": "2.944054457720588",
        "cumulative": false
    },
    {
        "date": "2020-11-21T13:24:18.221Z",
        "value": "3.0136653304377914",
        "cumulative": false
    },
    {
        "date": "2020-11-21T13:24:46.915Z",
        "value": "3.0788236474802373",
        "cumulative": false
    },
    {
        "date": "2020-11-21T13:25:15.272Z",
        "value": "3.142757048318024",
        "cumulative": false
    },
    {
        "date": "2020-11-21T13:25:45.472Z",
        "value": "2.7272643744654204",
        "cumulative": false
    },
    {
        "date": "2020-11-21T13:26:16.448Z",
        "value": "5.389719548438609",
        "cumulative": false
    },
    {
        "date": "2020-11-21T13:26:45.059Z",
        "value": "4.4303519084641705",
        "cumulative": false
    },
    {
        "date": "2020-11-21T13:27:13.568Z",
        "value": "2.8010919281689683",
        "cumulative": false
    },
    {
        "date": "2020-11-21T13:27:42.419Z",
        "value": "2.884790469055773",
        "cumulative": false
    },
    {
        "date": "2020-11-21T13:28:12.890Z",
        "value": "2.920954720677452",
        "cumulative": false
    },
    {
        "date": "2020-11-21T13:28:42.001Z",
        "value": "2.898568998507368",
        "cumulative": false
    },
    {
        "date": "2020-11-21T13:29:10.437Z",
        "value": "5.087719806326967",
        "cumulative": false
    },
    {
        "date": "2020-11-21T13:29:39.768Z",
        "value": "2.84871826171875",
        "cumulative": false
    },
    {
        "date": "2020-11-21T13:30:11.775Z",
        "value": "2.822574676029266",
        "cumulative": false
    },
    {
        "date": "2020-11-21T13:30:40.003Z",
        "value": "2.9220710179631064",
        "cumulative": false
    },
    {
        "date": "2020-11-21T13:31:07.947Z",
        "value": "3.101374873408565",
        "cumulative": false
    },
    {
        "date": "2020-11-21T13:31:36.093Z",
        "value": "4.979816229813273",
        "cumulative": false
    },
    {
        "date": "2020-11-21T13:32:06.884Z",
        "value": "4.045262262139108",
        "cumulative": false
    },
    {
        "date": "2020-11-21T13:32:34.912Z",
        "value": "2.89467422453092",
        "cumulative": false
    },
    {
        "date": "2020-11-21T13:33:04.789Z",
        "value": "2.7200930859575014",
        "cumulative": false
    },
    {
        "date": "2020-11-21T13:33:34.249Z",
        "value": "2.9046541056253172",
        "cumulative": false
    },
    {
        "date": "2020-11-21T13:34:04.766Z",
        "value": "4.513892117426693",
        "cumulative": false
    },
    {
        "date": "2020-11-21T13:34:33.352Z",
        "value": "2.8809431487438726",
        "cumulative": false
    },
    {
        "date": "2020-11-21T13:35:01.457Z",
        "value": "3.0373795286534704",
        "cumulative": false
    },
    {
        "date": "2020-11-21T13:35:31.097Z",
        "value": "3.296471934713376",
        "cumulative": false
    },
    {
        "date": "2020-11-21T13:36:02.141Z",
        "value": "2.751510231928816",
        "cumulative": false
    },
    {
        "date": "2020-11-21T13:36:31.298Z",
        "value": "3.3447164948453607",
        "cumulative": false
    },
    {
        "date": "2020-11-21T13:37:00.035Z",
        "value": "4.256572760397952",
        "cumulative": false
    },
    {
        "date": "2020-11-21T13:37:29.532Z",
        "value": "2.771252166956867",
        "cumulative": false
    },
    {
        "date": "2020-11-21T13:38:00.420Z",
        "value": "2.949957395067402",
        "cumulative": false
    },
    {
        "date": "2020-11-21T13:38:28.741Z",
        "value": "4.497519439121462",
        "cumulative": false
    },
    {
        "date": "2020-11-21T13:38:57.413Z",
        "value": "2.6634436202375857",
        "cumulative": false
    },
    {
        "date": "2020-11-21T13:39:25.578Z",
        "value": "2.9007101992706006",
        "cumulative": false
    },
    {
        "date": "2020-11-21T13:39:56.172Z",
        "value": "2.8574109283534685",
        "cumulative": false
    },
    {
        "date": "2020-11-21T13:40:24.731Z",
        "value": "2.9875115402034558",
        "cumulative": false
    },
    {
        "date": "2020-11-21T13:40:53.149Z",
        "value": "3.9919247270849723",
        "cumulative": false
    },
    {
        "date": "2020-11-21T13:41:21.688Z",
        "value": "2.78975887345679",
        "cumulative": false
    },
    {
        "date": "2020-11-21T13:41:52.979Z",
        "value": "2.8377748270750986",
        "cumulative": false
    },
    {
        "date": "2020-11-21T13:42:21.106Z",
        "value": "2.803739517454117",
        "cumulative": false
    },
    {
        "date": "2020-11-21T13:43:07.305Z",
        "value": "2.823965238320707",
        "cumulative": false
    },
    {
        "date": "2020-11-21T13:43:36.001Z",
        "value": "3.466556926688763",
        "cumulative": false
    },
    {
        "date": "2020-11-21T13:44:07.500Z",
        "value": "3.029267907082705",
        "cumulative": false
    },
    {
        "date": "2020-11-21T13:44:35.779Z",
        "value": "2.908806154744346",
        "cumulative": false
    },
    {
        "date": "2020-11-21T13:45:04.246Z",
        "value": "2.7804856809643566",
        "cumulative": false
    },
    {
        "date": "2020-11-21T13:45:32.783Z",
        "value": "4.404599485393812",
        "cumulative": false
    },
    {
        "date": "2020-11-21T13:46:05.408Z",
        "value": "2.8322030618048535",
        "cumulative": false
    },
    {
        "date": "2020-11-21T13:46:35.270Z",
        "value": "3.0017385117072273",
        "cumulative": false
    },
    {
        "date": "2020-11-21T13:47:03.634Z",
        "value": "2.803100783355795",
        "cumulative": false
    },
    {
        "date": "2020-11-21T13:47:32.405Z",
        "value": "4.433581549323269",
        "cumulative": false
    },
    {
        "date": "2020-11-21T13:48:03.145Z",
        "value": "2.706285660780314",
        "cumulative": false
    },
    {
        "date": "2020-11-21T13:48:32.416Z",
        "value": "2.9023375511169434",
        "cumulative": false
    },
    {
        "date": "2020-11-21T13:49:00.804Z",
        "value": "4.879973275320871",
        "cumulative": false
    },
    {
        "date": "2020-11-21T13:49:30.643Z",
        "value": "2.8425460254779047",
        "cumulative": false
    },
    {
        "date": "2020-11-21T13:50:01.346Z",
        "value": "2.6675636358702395",
        "cumulative": false
    },
    {
        "date": "2020-11-21T13:50:30.092Z",
        "value": "2.772730827331543",
        "cumulative": false
    },
    {
        "date": "2020-11-21T13:50:58.937Z",
        "value": "3.042268129514065",
        "cumulative": false
    },
    {
        "date": "2020-11-21T13:51:27.758Z",
        "value": "2.7357529258351825",
        "cumulative": false
    },
    {
        "date": "2020-11-21T13:52:11.212Z",
        "value": "2.77584360655999",
        "cumulative": false
    },
    {
        "date": "2020-11-21T13:52:40.574Z",
        "value": "2.641141326121795",
        "cumulative": false
    },
    {
        "date": "2020-11-21T13:53:08.983Z",
        "value": "3.1895340265012253",
        "cumulative": false
    },
    {
        "date": "2020-11-21T13:53:39.691Z",
        "value": "2.972631357230392",
        "cumulative": false
    },
    {
        "date": "2020-11-21T13:54:09.807Z",
        "value": "2.833064114317602",
        "cumulative": false
    },
    {
        "date": "2020-11-21T13:54:37.738Z",
        "value": "2.7395024781586024",
        "cumulative": false
    },
    {
        "date": "2020-11-21T13:55:05.638Z",
        "value": "2.622692010391432",
        "cumulative": false
    },
    {
        "date": "2020-11-21T13:55:36.078Z",
        "value": "3.1254354671556124",
        "cumulative": false
    },
    {
        "date": "2020-11-21T13:56:04.730Z",
        "value": "2.735632186717772",
        "cumulative": false
    },
    {
        "date": "2020-11-21T13:56:33.023Z",
        "value": "2.712775495940564",
        "cumulative": false
    },
    {
        "date": "2020-11-21T13:57:02.136Z",
        "value": "2.84777361577713",
        "cumulative": false
    },
    {
        "date": "2020-11-21T13:57:31.493Z",
        "value": "4.072527443126223",
        "cumulative": false
    },
    {
        "date": "2020-11-21T13:58:00.190Z",
        "value": "4.0711747101814515",
        "cumulative": false
    },
    {
        "date": "2020-11-21T13:58:31.911Z",
        "value": "4.610685583877368",
        "cumulative": false
    },
    {
        "date": "2020-11-21T13:59:00.817Z",
        "value": "2.7475674536920365",
        "cumulative": false
    },
    {
        "date": "2020-11-21T13:59:31.469Z",
        "value": "4.668945993505927",
        "cumulative": false
    },
    {
        "date": "2020-11-21T14:00:00.337Z",
        "value": "2.880555191660315",
        "cumulative": false
    },
    {
        "date": "2020-11-21T14:00:29.274Z",
        "value": "2.754151378049166",
        "cumulative": false
    },
    {
        "date": "2020-11-21T14:00:58.402Z",
        "value": "2.9365899000248383",
        "cumulative": false
    },
    {
        "date": "2020-11-21T14:01:29.571Z",
        "value": "2.8729251115510306",
        "cumulative": false
    },
    {
        "date": "2020-11-21T14:01:58.831Z",
        "value": "3.2461662104564346",
        "cumulative": false
    },
    {
        "date": "2020-11-21T14:02:28.069Z",
        "value": "2.908371480820273",
        "cumulative": false
    },
    {
        "date": "2020-11-21T14:02:57.629Z",
        "value": "2.837401859103598",
        "cumulative": false
    },
    {
        "date": "2020-11-21T14:03:27.721Z",
        "value": "2.560171922047933",
        "cumulative": false
    },
    {
        "date": "2020-11-21T14:03:55.300Z",
        "value": "2.7351651755712365",
        "cumulative": false
    },
    {
        "date": "2020-11-21T14:04:23.977Z",
        "value": "2.859302971601636",
        "cumulative": false
    },
    {
        "date": "2020-11-21T14:04:52.553Z",
        "value": "2.8147074381510415",
        "cumulative": false
    },
    {
        "date": "2020-11-21T14:05:23.623Z",
        "value": "2.7188629661339423",
        "cumulative": false
    },
    {
        "date": "2020-11-21T14:05:52.183Z",
        "value": "3.1501220703125",
        "cumulative": false
    },
    {
        "date": "2020-11-21T14:06:20.453Z",
        "value": "3.1428978035736854",
        "cumulative": false
    },
    {
        "date": "2020-11-21T14:06:48.606Z",
        "value": "2.65816412250384",
        "cumulative": false
    },
    {
        "date": "2020-11-21T14:07:18.624Z",
        "value": "2.8901912608045213",
        "cumulative": false
    },
    {
        "date": "2020-11-21T14:07:46.827Z",
        "value": "4.737253238978264",
        "cumulative": false
    },
    {
        "date": "2020-11-21T14:08:17.118Z",
        "value": "2.797545385009904",
        "cumulative": false
    },
    {
        "date": "2020-11-21T14:08:45.520Z",
        "value": "4.114086865908531",
        "cumulative": false
    },
    {
        "date": "2020-11-21T14:09:18.095Z",
        "value": "2.870185551995936",
        "cumulative": false
    },
    {
        "date": "2020-11-21T14:09:46.539Z",
        "value": "2.865393502371652",
        "cumulative": false
    },
    {
        "date": "2020-11-21T14:10:14.262Z",
        "value": "4.794582201086956",
        "cumulative": false
    },
    {
        "date": "2020-11-21T14:10:42.840Z",
        "value": "2.7484824142381474",
        "cumulative": false
    },
    {
        "date": "2020-11-21T14:11:13.400Z",
        "value": "3.1169064948361824",
        "cumulative": false
    },
    {
        "date": "2020-11-21T14:11:42.432Z",
        "value": "2.617530345916748",
        "cumulative": false
    },
    {
        "date": "2020-11-21T14:12:12.101Z",
        "value": "4.770981033329085",
        "cumulative": false
    },
    {
        "date": "2020-11-21T14:12:41.239Z",
        "value": "2.981644388628296",
        "cumulative": false
    },
    {
        "date": "2020-11-21T14:13:12.072Z",
        "value": "2.7899823484167587",
        "cumulative": false
    },
    {
        "date": "2020-11-21T14:13:41.678Z",
        "value": "3.1010870682565788",
        "cumulative": false
    },
    {
        "date": "2020-11-21T14:14:09.124Z",
        "value": "3.5117761800361103",
        "cumulative": false
    },
    {
        "date": "2020-11-21T14:14:37.444Z",
        "value": "3.1821714154411764",
        "cumulative": false
    },
    {
        "date": "2020-11-21T14:15:07.811Z",
        "value": "2.4658999552446623",
        "cumulative": false
    },
    {
        "date": "2020-11-21T14:15:36.792Z",
        "value": "4.213893260256132",
        "cumulative": false
    },
    {
        "date": "2020-11-21T14:16:05.459Z",
        "value": "4.934882318037975",
        "cumulative": false
    },
    {
        "date": "2020-11-21T14:16:34.344Z",
        "value": "3.4184842829941116",
        "cumulative": false
    },
    {
        "date": "2020-11-21T14:17:04.876Z",
        "value": "3.3476276067780146",
        "cumulative": false
    },
    {
        "date": "2020-11-21T14:17:33.895Z",
        "value": "2.810830670560176",
        "cumulative": false
    },
    {
        "date": "2020-11-21T14:18:03.690Z",
        "value": "2.7347249677104335",
        "cumulative": false
    },
    {
        "date": "2020-11-21T14:18:32.778Z",
        "value": "2.6938215274874584",
        "cumulative": false
    },
    {
        "date": "2020-11-21T14:19:21.378Z",
        "value": "4.697950773626092",
        "cumulative": false
    },
    {
        "date": "2020-11-21T14:19:49.380Z",
        "value": "2.692105492520284",
        "cumulative": false
    },
    {
        "date": "2020-11-21T14:20:18.652Z",
        "value": "2.8805233534946235",
        "cumulative": false
    },
    {
        "date": "2020-11-21T14:20:47.604Z",
        "value": "2.721585181451613",
        "cumulative": false
    },
    {
        "date": "2020-11-21T14:21:18.635Z",
        "value": "3.946391205400782",
        "cumulative": false
    },
    {
        "date": "2020-11-21T14:21:47.785Z",
        "value": "2.7619676776960786",
        "cumulative": false
    },
    {
        "date": "2020-11-21T14:22:16.943Z",
        "value": "2.7859153747558594",
        "cumulative": false
    },
    {
        "date": "2020-11-21T14:22:45.233Z",
        "value": "2.6926596312396294",
        "cumulative": false
    },
    {
        "date": "2020-11-21T14:23:15.957Z",
        "value": "2.770809294871795",
        "cumulative": false
    },
    {
        "date": "2020-11-21T14:23:44.201Z",
        "value": "2.65011018251868",
        "cumulative": false
    },
    {
        "date": "2020-11-21T14:24:13.162Z",
        "value": "2.9228315179130164",
        "cumulative": false
    },
    {
        "date": "2020-11-21T14:24:42.137Z",
        "value": "2.7312935991704372",
        "cumulative": false
    },
    {
        "date": "2020-11-21T14:25:14.055Z",
        "value": "4.1504833535297045",
        "cumulative": false
    },
    {
        "date": "2020-11-21T14:25:42.019Z",
        "value": "3.8401327150178255",
        "cumulative": false
    },
    {
        "date": "2020-11-21T14:26:11.214Z",
        "value": "2.797048232134651",
        "cumulative": false
    },
    {
        "date": "2020-11-21T14:26:40.765Z",
        "value": "2.8834104537963867",
        "cumulative": false
    },
    {
        "date": "2020-11-21T14:27:11.718Z",
        "value": "2.7112890136107635",
        "cumulative": false
    },
    {
        "date": "2020-11-21T14:27:40.457Z",
        "value": "3.268837511733417",
        "cumulative": false
    },
    {
        "date": "2020-11-21T14:28:09.187Z",
        "value": "3.210269988529266",
        "cumulative": false
    },
    {
        "date": "2020-11-21T14:28:37.044Z",
        "value": "3.4847288411458335",
        "cumulative": false
    },
    {
        "date": "2020-11-21T14:29:08.366Z",
        "value": "2.7671576881021807",
        "cumulative": false
    },
    {
        "date": "2020-11-21T14:29:36.283Z",
        "value": "2.5911324688416424",
        "cumulative": false
    },
    {
        "date": "2020-11-21T14:30:03.948Z",
        "value": "2.937424449710236",
        "cumulative": false
    },
    {
        "date": "2020-11-21T14:30:33.113Z",
        "value": "2.727310708002369",
        "cumulative": false
    },
    {
        "date": "2020-11-21T14:31:04.455Z",
        "value": "3.1554470486111112",
        "cumulative": false
    },
    {
        "date": "2020-11-21T14:31:33.364Z",
        "value": "2.688011556319726",
        "cumulative": false
    },
    {
        "date": "2020-11-21T14:32:03.037Z",
        "value": "2.976480780505509",
        "cumulative": false
    },
    {
        "date": "2020-11-21T14:32:31.559Z",
        "value": "3.1436626141934045",
        "cumulative": false
    },
    {
        "date": "2020-11-21T14:33:01.511Z",
        "value": "3.504584199638777",
        "cumulative": false
    },
    {
        "date": "2020-11-21T14:33:31.333Z",
        "value": "4.150852272727272",
        "cumulative": false
    },
    {
        "date": "2020-11-21T14:34:01.337Z",
        "value": "2.8299972012844212",
        "cumulative": false
    },
    {
        "date": "2020-11-21T14:34:30.303Z",
        "value": "2.735040355576828",
        "cumulative": false
    },
    {
        "date": "2020-11-21T14:35:00.870Z",
        "value": "2.9382747004817316",
        "cumulative": false
    },
    {
        "date": "2020-11-21T14:35:29.281Z",
        "value": "3.6066152960120808",
        "cumulative": false
    },
    {
        "date": "2020-11-21T14:35:59.441Z",
        "value": "3.472282164164742",
        "cumulative": false
    },
    {
        "date": "2020-11-21T14:36:29.190Z",
        "value": "3.9484960496000694",
        "cumulative": false
    },
    {
        "date": "2020-11-21T14:37:00.240Z",
        "value": "2.830501418281489",
        "cumulative": false
    },
    {
        "date": "2020-11-21T14:37:28.169Z",
        "value": "3.093744549879503",
        "cumulative": false
    },
    {
        "date": "2020-11-21T14:37:56.223Z",
        "value": "2.7180231630412583",
        "cumulative": false
    },
    {
        "date": "2020-11-21T14:38:24.651Z",
        "value": "2.8029099041087386",
        "cumulative": false
    },
    {
        "date": "2020-11-21T14:38:55.197Z",
        "value": "2.5752488227739727",
        "cumulative": false
    },
    {
        "date": "2020-11-21T14:39:24.650Z",
        "value": "2.887438597574579",
        "cumulative": false
    },
    {
        "date": "2020-11-21T14:39:53.862Z",
        "value": "2.7436710480720765",
        "cumulative": false
    },
    {
        "date": "2020-11-21T14:40:21.953Z",
        "value": "2.628793089258841",
        "cumulative": false
    },
    {
        "date": "2020-11-21T14:40:51.838Z",
        "value": "3.215797274720435",
        "cumulative": false
    },
    {
        "date": "2020-11-21T14:41:20.488Z",
        "value": "2.859105160361842",
        "cumulative": false
    },
    {
        "date": "2020-11-21T14:41:48.723Z",
        "value": "2.4611857096354166",
        "cumulative": false
    },
    {
        "date": "2020-11-21T14:42:17.583Z",
        "value": "2.7618226550874256",
        "cumulative": false
    },
    {
        "date": "2020-11-21T14:42:48.993Z",
        "value": "2.635824682505708",
        "cumulative": false
    },
    {
        "date": "2020-11-21T14:43:17.900Z",
        "value": "2.6725704669952393",
        "cumulative": false
    },
    {
        "date": "2020-11-21T14:43:46.584Z",
        "value": "2.73821291043357",
        "cumulative": false
    },
    {
        "date": "2020-11-21T14:44:14.642Z",
        "value": "2.8159764607747397",
        "cumulative": false
    },
    {
        "date": "2020-11-21T14:44:45.678Z",
        "value": "2.782329130454882",
        "cumulative": false
    },
    {
        "date": "2020-11-21T14:45:15.178Z",
        "value": "2.8184312794306505",
        "cumulative": false
    },
    {
        "date": "2020-11-21T14:45:43.750Z",
        "value": "3.544045637959472",
        "cumulative": false
    },
    {
        "date": "2020-11-21T14:46:29.910Z",
        "value": "4.530851853004648",
        "cumulative": false
    },
    {
        "date": "2020-11-21T14:47:01.096Z",
        "value": "2.8102689793866262",
        "cumulative": false
    },
    {
        "date": "2020-11-21T14:47:30.237Z",
        "value": "3.3149513660919174",
        "cumulative": false
    },
    {
        "date": "2020-11-21T14:47:59.596Z",
        "value": "3.2096526779014507",
        "cumulative": false
    },
    {
        "date": "2020-11-21T14:48:27.788Z",
        "value": "2.702492453835227",
        "cumulative": false
    },
    {
        "date": "2020-11-21T14:48:58.230Z",
        "value": "2.7192210983321115",
        "cumulative": false
    },
    {
        "date": "2020-11-21T14:49:27.595Z",
        "value": "2.867738260248656",
        "cumulative": false
    },
    {
        "date": "2020-11-21T14:49:56.478Z",
        "value": "4.386566826773491",
        "cumulative": false
    },
    {
        "date": "2020-11-21T14:50:24.691Z",
        "value": "3.02200037301061",
        "cumulative": false
    },
    {
        "date": "2020-11-21T14:50:55.674Z",
        "value": "4.514869204260652",
        "cumulative": false
    },
    {
        "date": "2020-11-21T14:51:23.669Z",
        "value": "3.6435277809809348",
        "cumulative": false
    },
    {
        "date": "2020-11-21T14:51:52.090Z",
        "value": "2.9298567938665125",
        "cumulative": false
    },
    {
        "date": "2020-11-21T14:52:20.927Z",
        "value": "2.7574051202512253",
        "cumulative": false
    },
    {
        "date": "2020-11-21T14:52:51.582Z",
        "value": "3.0378861860795454",
        "cumulative": false
    },
    {
        "date": "2020-11-21T14:53:20.024Z",
        "value": "3.784406883738506",
        "cumulative": false
    },
    {
        "date": "2020-11-21T14:53:49.449Z",
        "value": "2.951807866902112",
        "cumulative": false
    },
    {
        "date": "2020-11-21T14:54:18.104Z",
        "value": "2.7832351983762256",
        "cumulative": false
    },
    {
        "date": "2020-11-21T14:54:49.508Z",
        "value": "2.864969747049825",
        "cumulative": false
    },
    {
        "date": "2020-11-21T14:55:19.891Z",
        "value": "2.909905595741724",
        "cumulative": false
    },
    {
        "date": "2020-11-21T14:55:48.809Z",
        "value": "2.962220753553252",
        "cumulative": false
    },
    {
        "date": "2020-11-21T14:56:16.691Z",
        "value": "2.5860685197489004",
        "cumulative": false
    },
    {
        "date": "2020-11-21T14:56:47.769Z",
        "value": "5.136498624911285",
        "cumulative": false
    },
    {
        "date": "2020-11-21T14:57:17.641Z",
        "value": "4.245204464824879",
        "cumulative": false
    },
    {
        "date": "2020-11-21T14:57:46.930Z",
        "value": "2.657520956145779",
        "cumulative": false
    },
    {
        "date": "2020-11-21T14:58:15.413Z",
        "value": "2.7282065076137476",
        "cumulative": false
    },
    {
        "date": "2020-11-21T14:58:46.402Z",
        "value": "2.761055694672649",
        "cumulative": false
    },
    {
        "date": "2020-11-21T14:59:16.091Z",
        "value": "2.7416615059705283",
        "cumulative": false
    },
    {
        "date": "2020-11-21T14:59:44.560Z",
        "value": "4.875159528933149",
        "cumulative": false
    },
    {
        "date": "2020-11-21T15:00:13.197Z",
        "value": "2.702134450276693",
        "cumulative": false
    },
    {
        "date": "2020-11-21T15:00:44.405Z",
        "value": "2.6845860556950645",
        "cumulative": false
    },
    {
        "date": "2020-11-21T15:01:13.534Z",
        "value": "2.789988924229231",
        "cumulative": false
    },
    {
        "date": "2020-11-21T15:01:42.479Z",
        "value": "2.9490424262152777",
        "cumulative": false
    },
    {
        "date": "2020-11-21T15:02:11.672Z",
        "value": "4.7399874621498865",
        "cumulative": false
    },
    {
        "date": "2020-11-21T15:02:43.315Z",
        "value": "3.8541077140748032",
        "cumulative": false
    },
    {
        "date": "2020-11-21T15:03:12.356Z",
        "value": "2.748427796313425",
        "cumulative": false
    },
    {
        "date": "2020-11-21T15:03:41.936Z",
        "value": "2.58996825796851",
        "cumulative": false
    },
    {
        "date": "2020-11-21T15:04:10.032Z",
        "value": "2.763980550006342",
        "cumulative": false
    },
    {
        "date": "2020-11-21T15:04:42.064Z",
        "value": "4.329125565976714",
        "cumulative": false
    },
    {
        "date": "2020-11-21T15:05:12.017Z",
        "value": "2.7361186906403185",
        "cumulative": false
    },
    {
        "date": "2020-11-21T15:05:40.224Z",
        "value": "2.871828797043011",
        "cumulative": false
    },
    {
        "date": "2020-11-21T15:06:09.904Z",
        "value": "3.1227871218152865",
        "cumulative": false
    },
    {
        "date": "2020-11-21T15:06:41.218Z",
        "value": "2.6251266091303815",
        "cumulative": false
    },
    {
        "date": "2020-11-21T15:07:10.586Z",
        "value": "3.1737989146217513",
        "cumulative": false
    },
    {
        "date": "2020-11-21T15:07:39.739Z",
        "value": "4.050548250538987",
        "cumulative": false
    },
    {
        "date": "2020-11-21T15:08:08.923Z",
        "value": "2.636621618783602",
        "cumulative": false
    },
    {
        "date": "2020-11-21T15:08:39.429Z",
        "value": "2.790708055683211",
        "cumulative": false
    },
    {
        "date": "2020-11-21T15:09:07.128Z",
        "value": "4.312556659050707",
        "cumulative": false
    },
    {
        "date": "2020-11-21T15:09:36.216Z",
        "value": "2.557517190175514",
        "cumulative": false
    },
    {
        "date": "2020-11-21T15:10:05.492Z",
        "value": "2.7462803608391377",
        "cumulative": false
    },
    {
        "date": "2020-11-21T15:10:36.284Z",
        "value": "2.720578333229543",
        "cumulative": false
    },
    {
        "date": "2020-11-21T15:11:05.213Z",
        "value": "2.8433670503239967",
        "cumulative": false
    },
    {
        "date": "2020-11-21T15:11:33.871Z",
        "value": "3.8191169600708106",
        "cumulative": false
    },
    {
        "date": "2020-11-21T15:12:01.586Z",
        "value": "2.6465205439814814",
        "cumulative": false
    },
    {
        "date": "2020-11-21T15:12:33.380Z",
        "value": "2.695334694602273",
        "cumulative": false
    },
    {
        "date": "2020-11-21T15:13:02.528Z",
        "value": "2.6833253890749007",
        "cumulative": false
    },
    {
        "date": "2020-11-21T15:13:48.339Z",
        "value": "2.685554273200758",
        "cumulative": false
    },
    {
        "date": "2020-11-21T15:14:16.180Z",
        "value": "3.311538233901515",
        "cumulative": false
    },
    {
        "date": "2020-11-21T15:14:46.416Z",
        "value": "2.8816925708584717",
        "cumulative": false
    },
    {
        "date": "2020-11-21T15:15:14.769Z",
        "value": "2.792366200374877",
        "cumulative": false
    },
    {
        "date": "2020-11-21T15:15:43.138Z",
        "value": "2.627965586965971",
        "cumulative": false
    },
    {
        "date": "2020-11-21T15:16:11.719Z",
        "value": "4.220646069579687",
        "cumulative": false
    },
    {
        "date": "2020-11-21T15:16:42.109Z",
        "value": "2.69664675690407",
        "cumulative": false
    },
    {
        "date": "2020-11-21T15:17:11.867Z",
        "value": "2.8500467636123403",
        "cumulative": false
    },
    {
        "date": "2020-11-21T15:17:40.496Z",
        "value": "2.682806972287736",
        "cumulative": false
    },
    {
        "date": "2020-11-21T15:18:09.856Z",
        "value": "4.257586024938183",
        "cumulative": false
    },
    {
        "date": "2020-11-21T15:18:41.471Z",
        "value": "2.598824688416422",
        "cumulative": false
    },
    {
        "date": "2020-11-21T15:19:10.188Z",
        "value": "2.769350290298462",
        "cumulative": false
    },
    {
        "date": "2020-11-21T15:19:39.109Z",
        "value": "4.701283046177456",
        "cumulative": false
    },
    {
        "date": "2020-11-21T15:20:08.398Z",
        "value": "2.7157924314951587",
        "cumulative": false
    },
    {
        "date": "2020-11-21T15:20:39.368Z",
        "value": "2.540418372410371",
        "cumulative": false
    },
    {
        "date": "2020-11-21T15:21:08.557Z",
        "value": "2.632960319519043",
        "cumulative": false
    },
    {
        "date": "2020-11-21T15:21:37.021Z",
        "value": "2.8915426618727826",
        "cumulative": false
    },
    {
        "date": "2020-11-21T15:22:05.026Z",
        "value": "2.626936993420242",
        "cumulative": false
    }
]