[
    {
        "date": "2020-11-21T10:49:07.748Z",
        "value": "11.174883552467596",
        "cumulative": false
    },
    {
        "date": "2020-11-21T10:49:37.678Z",
        "value": "11.046592881944445",
        "cumulative": false
    },
    {
        "date": "2020-11-21T10:50:07.581Z",
        "value": "9.874994548150733",
        "cumulative": false
    },
    {
        "date": "2020-11-21T10:50:39.617Z",
        "value": "9.37956038798498",
        "cumulative": false
    },
    {
        "date": "2020-11-21T10:51:08.518Z",
        "value": "8.996303171406998",
        "cumulative": false
    },
    {
        "date": "2020-11-21T10:51:37.863Z",
        "value": "8.752117305018329",
        "cumulative": false
    },
    {
        "date": "2020-11-21T10:52:07.776Z",
        "value": "8.608382890236319",
        "cumulative": false
    },
    {
        "date": "2020-11-21T10:52:38.666Z",
        "value": "8.748460777467411",
        "cumulative": false
    },
    {
        "date": "2020-11-21T10:53:08.261Z",
        "value": "8.211256218905472",
        "cumulative": false
    },
    {
        "date": "2020-11-21T10:53:38.141Z",
        "value": "8.346364379084967",
        "cumulative": false
    },
    {
        "date": "2020-11-21T10:54:07.790Z",
        "value": "8.21552188470497",
        "cumulative": false
    },
    {
        "date": "2020-11-21T10:54:39.131Z",
        "value": "7.959935759543179",
        "cumulative": false
    },
    {
        "date": "2020-11-21T10:55:08.647Z",
        "value": "7.795272334929435",
        "cumulative": false
    },
    {
        "date": "2020-11-21T10:55:38.523Z",
        "value": "8.133881706026605",
        "cumulative": false
    },
    {
        "date": "2020-11-21T10:56:07.877Z",
        "value": "7.83314168053501",
        "cumulative": false
    },
    {
        "date": "2020-11-21T10:56:40.461Z",
        "value": "7.739840790719697",
        "cumulative": false
    },
    {
        "date": "2020-11-21T10:57:09.806Z",
        "value": "7.743792362862547",
        "cumulative": false
    },
    {
        "date": "2020-11-21T10:57:39.555Z",
        "value": "7.725546798631476",
        "cumulative": false
    },
    {
        "date": "2020-11-21T10:58:08.913Z",
        "value": "7.955541380075438",
        "cumulative": false
    },
    {
        "date": "2020-11-21T10:58:40.734Z",
        "value": "7.557059641290727",
        "cumulative": false
    },
    {
        "date": "2020-11-21T10:59:10.356Z",
        "value": "6.672355834694989",
        "cumulative": false
    },
    {
        "date": "2020-11-21T10:59:40.756Z",
        "value": "7.281161810427296",
        "cumulative": false
    },
    {
        "date": "2020-11-21T11:00:10.047Z",
        "value": "7.384765003974563",
        "cumulative": false
    },
    {
        "date": "2020-11-21T11:00:42.581Z",
        "value": "6.910409964767157",
        "cumulative": false
    },
    {
        "date": "2020-11-21T11:01:12.185Z",
        "value": "7.028340378852739",
        "cumulative": false
    },
    {
        "date": "2020-11-21T11:01:41.164Z",
        "value": "7.170604435350529",
        "cumulative": false
    },
    {
        "date": "2020-11-21T11:02:10.916Z",
        "value": "7.110570292570153",
        "cumulative": false
    },
    {
        "date": "2020-11-21T11:02:43.034Z",
        "value": "7.337818090466485",
        "cumulative": false
    },
    {
        "date": "2020-11-21T11:03:13.240Z",
        "value": "6.877323774857954",
        "cumulative": false
    },
    {
        "date": "2020-11-21T11:03:42.137Z",
        "value": "6.795164085659585",
        "cumulative": false
    },
    {
        "date": "2020-11-21T11:04:10.879Z",
        "value": "6.910538214468794",
        "cumulative": false
    },
    {
        "date": "2020-11-21T11:04:42.254Z",
        "value": "6.642762933631405",
        "cumulative": false
    },
    {
        "date": "2020-11-21T11:05:11.876Z",
        "value": "7.437525595388105",
        "cumulative": false
    },
    {
        "date": "2020-11-21T11:05:42.105Z",
        "value": "6.713470358707558",
        "cumulative": false
    },
    {
        "date": "2020-11-21T11:06:11.993Z",
        "value": "6.566978970864661",
        "cumulative": false
    },
    {
        "date": "2020-11-21T11:06:44.523Z",
        "value": "6.424088345274007",
        "cumulative": false
    },
    {
        "date": "2020-11-21T11:07:14.525Z",
        "value": "6.436972903765841",
        "cumulative": false
    },
    {
        "date": "2020-11-21T11:07:44.017Z",
        "value": "6.5014454911394814",
        "cumulative": false
    },
    {
        "date": "2020-11-21T11:08:13.673Z",
        "value": "6.127911870531312",
        "cumulative": false
    },
    {
        "date": "2020-11-21T11:08:45.738Z",
        "value": "6.098452613467262",
        "cumulative": false
    },
    {
        "date": "2020-11-21T11:09:14.688Z",
        "value": "5.718807765415737",
        "cumulative": false
    },
    {
        "date": "2020-11-21T11:09:45.048Z",
        "value": "5.905340325342466",
        "cumulative": false
    },
    {
        "date": "2020-11-21T11:10:14.804Z",
        "value": "5.997274241727941",
        "cumulative": false
    },
    {
        "date": "2020-11-21T11:10:46.915Z",
        "value": "6.19896300258082",
        "cumulative": false
    },
    {
        "date": "2020-11-21T11:11:16.044Z",
        "value": "5.597172400851837",
        "cumulative": false
    },
    {
        "date": "2020-11-21T11:11:45.821Z",
        "value": "5.66173577724359",
        "cumulative": false
    },
    {
        "date": "2020-11-21T11:12:15.184Z",
        "value": "5.290961159185421",
        "cumulative": false
    },
    {
        "date": "2020-11-21T11:12:46.516Z",
        "value": "5.701166942866162",
        "cumulative": false
    },
    {
        "date": "2020-11-21T11:13:16.477Z",
        "value": "5.8065245928416624",
        "cumulative": false
    },
    {
        "date": "2020-11-21T11:13:46.105Z",
        "value": "5.6272474315068495",
        "cumulative": false
    },
    {
        "date": "2020-11-21T11:14:14.714Z",
        "value": "5.373685878174309",
        "cumulative": false
    },
    {
        "date": "2020-11-21T11:14:44.809Z",
        "value": "5.470854799567854",
        "cumulative": false
    },
    {
        "date": "2020-11-21T11:15:14.561Z",
        "value": "6.069453409781288",
        "cumulative": false
    },
    {
        "date": "2020-11-21T11:15:44.681Z",
        "value": "5.6211757402548725",
        "cumulative": false
    },
    {
        "date": "2020-11-21T11:16:13.819Z",
        "value": "5.100748220613392",
        "cumulative": false
    },
    {
        "date": "2020-11-21T11:17:12.768Z",
        "value": "6.423630777994791",
        "cumulative": false
    },
    {
        "date": "2020-11-21T11:17:41.722Z",
        "value": "6.565340011999495",
        "cumulative": false
    },
    {
        "date": "2020-11-21T11:18:11.504Z",
        "value": "5.238233753039806",
        "cumulative": false
    },
    {
        "date": "2020-11-21T11:18:41.573Z",
        "value": "4.96409986163772",
        "cumulative": false
    },
    {
        "date": "2020-11-21T11:19:12.022Z",
        "value": "5.792924033324853",
        "cumulative": false
    },
    {
        "date": "2020-11-21T11:19:43.134Z",
        "value": "5.135036011980223",
        "cumulative": false
    },
    {
        "date": "2020-11-21T11:20:13.225Z",
        "value": "4.393738629066781",
        "cumulative": false
    },
    {
        "date": "2020-11-21T11:20:42.798Z",
        "value": "4.928775720561036",
        "cumulative": false
    },
    {
        "date": "2020-11-21T11:21:14.596Z",
        "value": "5.057095703125",
        "cumulative": false
    },
    {
        "date": "2020-11-21T11:21:43.364Z",
        "value": "4.632272192693059",
        "cumulative": false
    },
    {
        "date": "2020-11-21T11:22:12.510Z",
        "value": "4.915391152871622",
        "cumulative": false
    },
    {
        "date": "2020-11-21T11:22:42.022Z",
        "value": "4.471368008461632",
        "cumulative": false
    },
    {
        "date": "2020-11-21T11:23:13.730Z",
        "value": "4.7412495838089805",
        "cumulative": false
    },
    {
        "date": "2020-11-21T11:23:42.902Z",
        "value": "4.598390989863998",
        "cumulative": false
    },
    {
        "date": "2020-11-21T11:24:12.766Z",
        "value": "4.298821920057429",
        "cumulative": false
    },
    {
        "date": "2020-11-21T11:24:42.023Z",
        "value": "4.419901168793146",
        "cumulative": false
    },
    {
        "date": "2020-11-21T11:25:12.136Z",
        "value": "4.644613472072558",
        "cumulative": false
    },
    {
        "date": "2020-11-21T11:25:41.768Z",
        "value": "4.763331689383071",
        "cumulative": false
    },
    {
        "date": "2020-11-21T11:26:10.944Z",
        "value": "4.392205132378472",
        "cumulative": false
    },
    {
        "date": "2020-11-21T11:26:40.609Z",
        "value": "4.5658254202988795",
        "cumulative": false
    },
    {
        "date": "2020-11-21T11:27:11.240Z",
        "value": "4.248683303502322",
        "cumulative": false
    },
    {
        "date": "2020-11-21T11:27:40.144Z",
        "value": "4.321731279481132",
        "cumulative": false
    },
    {
        "date": "2020-11-21T11:28:07.762Z",
        "value": "4.692212417917449",
        "cumulative": false
    },
    {
        "date": "2020-11-21T11:28:36.554Z",
        "value": "4.17400638640873",
        "cumulative": false
    },
    {
        "date": "2020-11-21T11:29:06.618Z",
        "value": "4.214400779342186",
        "cumulative": false
    },
    {
        "date": "2020-11-21T11:29:35.523Z",
        "value": "4.443441411500336",
        "cumulative": false
    },
    {
        "date": "2020-11-21T11:30:04.937Z",
        "value": "4.323238413102294",
        "cumulative": false
    },
    {
        "date": "2020-11-21T11:30:33.148Z",
        "value": "4.257288313939094",
        "cumulative": false
    },
    {
        "date": "2020-11-21T11:31:04.250Z",
        "value": "4.623719519859225",
        "cumulative": false
    },
    {
        "date": "2020-11-21T11:31:33.429Z",
        "value": "4.350247748614532",
        "cumulative": false
    },
    {
        "date": "2020-11-21T11:32:03.247Z",
        "value": "4.166344437247219",
        "cumulative": false
    },
    {
        "date": "2020-11-21T11:32:34.369Z",
        "value": "4.574130869249242",
        "cumulative": false
    },
    {
        "date": "2020-11-21T11:33:05.756Z",
        "value": "4.04623291015625",
        "cumulative": false
    },
    {
        "date": "2020-11-21T11:33:33.999Z",
        "value": "4.983983077242525",
        "cumulative": false
    },
    {
        "date": "2020-11-21T11:34:03.732Z",
        "value": "5.175553619604316",
        "cumulative": false
    },
    {
        "date": "2020-11-21T11:34:33.471Z",
        "value": "4.123591208944515",
        "cumulative": false
    },
    {
        "date": "2020-11-21T11:35:05.409Z",
        "value": "3.9613887528437814",
        "cumulative": false
    },
    {
        "date": "2020-11-21T11:35:33.447Z",
        "value": "4.157369379940712",
        "cumulative": false
    },
    {
        "date": "2020-11-21T11:36:02.487Z",
        "value": "3.5796606300850593",
        "cumulative": false
    },
    {
        "date": "2020-11-21T11:36:31.783Z",
        "value": "3.8685963350183825",
        "cumulative": false
    },
    {
        "date": "2020-11-21T11:37:01.596Z",
        "value": "3.766696506076389",
        "cumulative": false
    },
    {
        "date": "2020-11-21T11:37:31.949Z",
        "value": "3.611257515701593",
        "cumulative": false
    },
    {
        "date": "2020-11-21T11:38:01.435Z",
        "value": "4.047568665919282",
        "cumulative": false
    },
    {
        "date": "2020-11-21T11:38:30.171Z",
        "value": "3.651190154246795",
        "cumulative": false
    },
    {
        "date": "2020-11-21T11:39:01.754Z",
        "value": "5.488731000772255",
        "cumulative": false
    },
    {
        "date": "2020-11-21T11:39:31.789Z",
        "value": "5.130256068014384",
        "cumulative": false
    },
    {
        "date": "2020-11-21T11:40:01.192Z",
        "value": "3.37574442485558",
        "cumulative": false
    },
    {
        "date": "2020-11-21T11:40:30.317Z",
        "value": "4.074512500481065",
        "cumulative": false
    },
    {
        "date": "2020-11-21T11:41:01.350Z",
        "value": "3.812490224084563",
        "cumulative": false
    },
    {
        "date": "2020-11-21T11:41:31.067Z",
        "value": "4.144440909376571",
        "cumulative": false
    },
    {
        "date": "2020-11-21T11:42:00.392Z",
        "value": "3.067345473345588",
        "cumulative": false
    },
    {
        "date": "2020-11-21T11:42:31.720Z",
        "value": "3.5719277738320705",
        "cumulative": false
    },
    {
        "date": "2020-11-21T11:43:02.662Z",
        "value": "3.730719914512029",
        "cumulative": false
    },
    {
        "date": "2020-11-21T11:43:32.512Z",
        "value": "3.422128018465909",
        "cumulative": false
    },
    {
        "date": "2020-11-21T11:44:02.510Z",
        "value": "3.7494632673250865",
        "cumulative": false
    },
    {
        "date": "2020-11-21T11:44:51.325Z",
        "value": "3.7708261527267157",
        "cumulative": false
    },
    {
        "date": "2020-11-21T11:45:22.196Z",
        "value": "5.426562394511207",
        "cumulative": false
    },
    {
        "date": "2020-11-21T11:45:51.924Z",
        "value": "5.80178203292207",
        "cumulative": false
    },
    {
        "date": "2020-11-21T11:46:20.663Z",
        "value": "3.572400726783769",
        "cumulative": false
    },
    {
        "date": "2020-11-21T11:46:50.840Z",
        "value": "3.491792020143835",
        "cumulative": false
    },
    {
        "date": "2020-11-21T11:47:22.833Z",
        "value": "3.3491751722110217",
        "cumulative": false
    },
    {
        "date": "2020-11-21T11:47:52.695Z",
        "value": "3.5794300159534536",
        "cumulative": false
    },
    {
        "date": "2020-11-21T11:48:20.810Z",
        "value": "3.3091659154647437",
        "cumulative": false
    },
    {
        "date": "2020-11-21T11:48:48.802Z",
        "value": "4.3055788532050325",
        "cumulative": false
    },
    {
        "date": "2020-11-21T11:49:18.875Z",
        "value": "4.802299476554664",
        "cumulative": false
    },
    {
        "date": "2020-11-21T11:49:49.024Z",
        "value": "3.44203053652968",
        "cumulative": false
    },
    {
        "date": "2020-11-21T11:50:18.036Z",
        "value": "3.5825132396708685",
        "cumulative": false
    },
    {
        "date": "2020-11-21T11:50:47.202Z",
        "value": "3.6858816964285714",
        "cumulative": false
    },
    {
        "date": "2020-11-21T11:51:18.082Z",
        "value": "3.3283110472951547",
        "cumulative": false
    },
    {
        "date": "2020-11-21T11:51:48.563Z",
        "value": "3.4688514859068627",
        "cumulative": false
    },
    {
        "date": "2020-11-21T11:52:19.440Z",
        "value": "3.488216493187881",
        "cumulative": false
    },
    {
        "date": "2020-11-21T11:52:48.662Z",
        "value": "3.4547793865203857",
        "cumulative": false
    },
    {
        "date": "2020-11-21T11:53:18.216Z",
        "value": "5.826462850259921",
        "cumulative": false
    },
    {
        "date": "2020-11-21T11:53:46.782Z",
        "value": "3.3895474388485862",
        "cumulative": false
    },
    {
        "date": "2020-11-21T11:54:15.785Z",
        "value": "3.568093771462912",
        "cumulative": false
    },
    {
        "date": "2020-11-21T11:54:44.381Z",
        "value": "5.627918622692553",
        "cumulative": false
    },
    {
        "date": "2020-11-21T11:55:15.484Z",
        "value": "3.637297615172371",
        "cumulative": false
    },
    {
        "date": "2020-11-21T11:55:43.932Z",
        "value": "3.261779520934794",
        "cumulative": false
    },
    {
        "date": "2020-11-21T11:56:15.679Z",
        "value": "2.625997306474673",
        "cumulative": false
    },
    {
        "date": "2020-11-21T11:56:44.669Z",
        "value": "3.893574969951923",
        "cumulative": false
    },
    {
        "date": "2020-11-21T11:57:16.004Z",
        "value": "4.118627058195073",
        "cumulative": false
    },
    {
        "date": "2020-11-21T11:57:44.791Z",
        "value": "5.276518622639165",
        "cumulative": false
    },
    {
        "date": "2020-11-21T11:58:14.307Z",
        "value": "5.191104612818125",
        "cumulative": false
    },
    {
        "date": "2020-11-21T11:58:42.357Z",
        "value": "3.8148340442052415",
        "cumulative": false
    },
    {
        "date": "2020-11-21T11:59:13.386Z",
        "value": "5.225327186357926",
        "cumulative": false
    },
    {
        "date": "2020-11-21T11:59:42.059Z",
        "value": "5.511259045635926",
        "cumulative": false
    },
    {
        "date": "2020-11-21T12:00:11.093Z",
        "value": "3.216454725393447",
        "cumulative": false
    },
    {
        "date": "2020-11-21T12:00:40.090Z",
        "value": "3.5505074637276786",
        "cumulative": false
    },
    {
        "date": "2020-11-21T12:01:11.468Z",
        "value": "4.568437733252472",
        "cumulative": false
    },
    {
        "date": "2020-11-21T12:01:40.970Z",
        "value": "3.3151352391098485",
        "cumulative": false
    },
    {
        "date": "2020-11-21T12:02:11.070Z",
        "value": "3.5967612591911764",
        "cumulative": false
    },
    {
        "date": "2020-11-21T12:02:40.508Z",
        "value": "3.124508597975049",
        "cumulative": false
    },
    {
        "date": "2020-11-21T12:03:12.065Z",
        "value": "2.7295590211891207",
        "cumulative": false
    },
    {
        "date": "2020-11-21T12:03:42.650Z",
        "value": "3.3229885282204954",
        "cumulative": false
    },
    {
        "date": "2020-11-21T12:04:11.322Z",
        "value": "3.79488799902811",
        "cumulative": false
    },
    {
        "date": "2020-11-21T12:04:41.029Z",
        "value": "3.6901791274564073",
        "cumulative": false
    },
    {
        "date": "2020-11-21T12:05:12.795Z",
        "value": "3.4738646278206273",
        "cumulative": false
    },
    {
        "date": "2020-11-21T12:05:41.465Z",
        "value": "4.949664956853737",
        "cumulative": false
    },
    {
        "date": "2020-11-21T12:06:10.968Z",
        "value": "3.23720555016206",
        "cumulative": false
    },
    {
        "date": "2020-11-21T12:06:40.414Z",
        "value": "3.400748602456012",
        "cumulative": false
    },
    {
        "date": "2020-11-21T12:07:13.726Z",
        "value": "3.6621294498142",
        "cumulative": false
    },
    {
        "date": "2020-11-21T12:07:42.047Z",
        "value": "3.660792459880428",
        "cumulative": false
    },
    {
        "date": "2020-11-21T12:08:11.806Z",
        "value": "3.113096237182617",
        "cumulative": false
    },
    {
        "date": "2020-11-21T12:08:41.453Z",
        "value": "3.6919749540441176",
        "cumulative": false
    },
    {
        "date": "2020-11-21T12:09:13.270Z",
        "value": "3.048519092967048",
        "cumulative": false
    },
    {
        "date": "2020-11-21T12:09:43.568Z",
        "value": "3.4035347887264784",
        "cumulative": false
    },
    {
        "date": "2020-11-21T12:10:12.541Z",
        "value": "3.4215687627377718",
        "cumulative": false
    },
    {
        "date": "2020-11-21T12:10:42.082Z",
        "value": "3.402329628140319",
        "cumulative": false
    },
    {
        "date": "2020-11-21T12:11:13.067Z",
        "value": "3.5410245678800365",
        "cumulative": false
    },
    {
        "date": "2020-11-21T12:11:42.672Z",
        "value": "3.5167279411764705",
        "cumulative": false
    },
    {
        "date": "2020-11-21T12:12:29.644Z",
        "value": "3.5281583021313363",
        "cumulative": false
    },
    {
        "date": "2020-11-21T12:12:58.213Z",
        "value": "2.9745217715992647",
        "cumulative": false
    },
    {
        "date": "2020-11-21T12:13:27.922Z",
        "value": "4.987695701568725",
        "cumulative": false
    },
    {
        "date": "2020-11-21T12:13:56.825Z",
        "value": "4.649225682388117",
        "cumulative": false
    },
    {
        "date": "2020-11-21T12:14:25.186Z",
        "value": "3.703021107796032",
        "cumulative": false
    },
    {
        "date": "2020-11-21T12:14:53.698Z",
        "value": "3.237797142094017",
        "cumulative": false
    },
    {
        "date": "2020-11-21T12:15:24.441Z",
        "value": "3.406305726076253",
        "cumulative": false
    },
    {
        "date": "2020-11-21T12:15:53.830Z",
        "value": "4.013037881361166",
        "cumulative": false
    },
    {
        "date": "2020-11-21T12:16:23.455Z",
        "value": "4.168057092610449",
        "cumulative": false
    },
    {
        "date": "2020-11-21T12:16:52.696Z",
        "value": "4.0134994573082485",
        "cumulative": false
    },
    {
        "date": "2020-11-21T12:17:23.953Z",
        "value": "3.4947390672637195",
        "cumulative": false
    },
    {
        "date": "2020-11-21T12:17:53.384Z",
        "value": "3.366995097586504",
        "cumulative": false
    },
    {
        "date": "2020-11-21T12:18:22.652Z",
        "value": "3.872362057487469",
        "cumulative": false
    },
    {
        "date": "2020-11-21T12:18:52.215Z",
        "value": "3.2445691670879677",
        "cumulative": false
    },
    {
        "date": "2020-11-21T12:19:22.980Z",
        "value": "4.076992532481318",
        "cumulative": false
    },
    {
        "date": "2020-11-21T12:19:52.110Z",
        "value": "3.3656989414694896",
        "cumulative": false
    },
    {
        "date": "2020-11-21T12:20:21.678Z",
        "value": "3.1596032941562804",
        "cumulative": false
    },
    {
        "date": "2020-11-21T12:20:50.220Z",
        "value": "3.2805049353475364",
        "cumulative": false
    },
    {
        "date": "2020-11-21T12:21:22.182Z",
        "value": "3.2661648842534894",
        "cumulative": false
    },
    {
        "date": "2020-11-21T12:21:52.103Z",
        "value": "3.179476404671717",
        "cumulative": false
    },
    {
        "date": "2020-11-21T12:22:20.175Z",
        "value": "5.282463377202547",
        "cumulative": false
    },
    {
        "date": "2020-11-21T12:22:49.911Z",
        "value": "3.201130563595119",
        "cumulative": false
    },
    {
        "date": "2020-11-21T12:23:19.408Z",
        "value": "3.2636856397873144",
        "cumulative": false
    },
    {
        "date": "2020-11-21T12:23:48.650Z",
        "value": "3.421510347538238",
        "cumulative": false
    },
    {
        "date": "2020-11-21T12:24:17.834Z",
        "value": "4.080109219527364",
        "cumulative": false
    },
    {
        "date": "2020-11-21T12:24:49.536Z",
        "value": "5.342605039571694",
        "cumulative": false
    },
    {
        "date": "2020-11-21T12:25:18.802Z",
        "value": "3.451326861784826",
        "cumulative": false
    },
    {
        "date": "2020-11-21T12:25:47.212Z",
        "value": "4.815513088916122",
        "cumulative": false
    },
    {
        "date": "2020-11-21T12:26:16.218Z",
        "value": "3.9867599961180122",
        "cumulative": false
    },
    {
        "date": "2020-11-21T12:26:47.298Z",
        "value": "3.2385804521276595",
        "cumulative": false
    },
    {
        "date": "2020-11-21T12:27:15.554Z",
        "value": "3.0060274677891887",
        "cumulative": false
    },
    {
        "date": "2020-11-21T12:27:44.909Z",
        "value": "4.949281737100242",
        "cumulative": false
    },
    {
        "date": "2020-11-21T12:28:14.235Z",
        "value": "3.1647689187315087",
        "cumulative": false
    },
    {
        "date": "2020-11-21T12:28:45.276Z",
        "value": "3.2326921559343433",
        "cumulative": false
    },
    {
        "date": "2020-11-21T12:29:14.084Z",
        "value": "3.2791128921027743",
        "cumulative": false
    },
    {
        "date": "2020-11-21T12:29:43.348Z",
        "value": "3.4322553916177907",
        "cumulative": false
    },
    {
        "date": "2020-11-21T12:30:12.352Z",
        "value": "4.8877787330818725",
        "cumulative": false
    },
    {
        "date": "2020-11-21T12:30:41.876Z",
        "value": "3.1193283501723057",
        "cumulative": false
    },
    {
        "date": "2020-11-21T12:31:12.412Z",
        "value": "2.5229444316789214",
        "cumulative": false
    },
    {
        "date": "2020-11-21T12:31:42.741Z",
        "value": "3.059161750637755",
        "cumulative": false
    },
    {
        "date": "2020-11-21T12:32:12.599Z",
        "value": "3.825690890798887",
        "cumulative": false
    },
    {
        "date": "2020-11-21T12:32:43.238Z",
        "value": "3.5548297443977592",
        "cumulative": false
    },
    {
        "date": "2020-11-21T12:33:12.347Z",
        "value": "3.0307473856409004",
        "cumulative": false
    },
    {
        "date": "2020-11-21T12:33:42.235Z",
        "value": "3.205234685019841",
        "cumulative": false
    },
    {
        "date": "2020-11-21T12:34:10.721Z",
        "value": "3.91663743622449",
        "cumulative": false
    },
    {
        "date": "2020-11-21T12:34:41.892Z",
        "value": "4.728239197661911",
        "cumulative": false
    },
    {
        "date": "2020-11-21T12:35:10.755Z",
        "value": "3.282767001065341",
        "cumulative": false
    },
    {
        "date": "2020-11-21T12:35:38.476Z",
        "value": "3.4604200280230977",
        "cumulative": false
    },
    {
        "date": "2020-11-21T12:36:07.217Z",
        "value": "3.14793338699859",
        "cumulative": false
    },
    {
        "date": "2020-11-21T12:36:37.476Z",
        "value": "3.1873602787290714",
        "cumulative": false
    },
    {
        "date": "2020-11-21T12:37:05.783Z",
        "value": "5.3898399106917845",
        "cumulative": false
    },
    {
        "date": "2020-11-21T12:37:35.514Z",
        "value": "4.742527638964951",
        "cumulative": false
    },
    {
        "date": "2020-11-21T12:38:04.194Z",
        "value": "3.2564582843828322",
        "cumulative": false
    },
    {
        "date": "2020-11-21T12:38:36.201Z",
        "value": "2.977608290912519",
        "cumulative": false
    },
    {
        "date": "2020-11-21T12:39:05.194Z",
        "value": "3.2810879896313363",
        "cumulative": false
    },
    {
        "date": "2020-11-21T12:39:34.081Z",
        "value": "3.6862495236280486",
        "cumulative": false
    },
    {
        "date": "2020-11-21T12:40:03.073Z",
        "value": "3.0165649654832345",
        "cumulative": false
    },
    {
        "date": "2020-11-21T12:40:33.878Z",
        "value": "3.0300966293092757",
        "cumulative": false
    },
    {
        "date": "2020-11-21T12:41:02.886Z",
        "value": "2.8709471566336497",
        "cumulative": false
    },
    {
        "date": "2020-11-21T12:41:32.832Z",
        "value": "3.128563449807363",
        "cumulative": false
    },
    {
        "date": "2020-11-21T12:42:01.410Z",
        "value": "3.016146312040441",
        "cumulative": false
    },
    {
        "date": "2020-11-21T12:42:32.641Z",
        "value": "3.3280934295198317",
        "cumulative": false
    },
    {
        "date": "2020-11-21T12:43:01.904Z",
        "value": "3.0464336990294654",
        "cumulative": false
    },
    {
        "date": "2020-11-21T12:43:30.508Z",
        "value": "3.080880909455128",
        "cumulative": false
    },
    {
        "date": "2020-11-21T12:43:59.864Z",
        "value": "2.7585133890349804",
        "cumulative": false
    },
    {
        "date": "2020-11-21T12:44:30.255Z",
        "value": "2.9746049360795452",
        "cumulative": false
    },
    {
        "date": "2020-11-21T12:45:00.470Z",
        "value": "3.052693290652091",
        "cumulative": false
    },
    {
        "date": "2020-11-21T12:45:29.278Z",
        "value": "3.1294595948785804",
        "cumulative": false
    },
    {
        "date": "2020-11-21T12:45:58.903Z",
        "value": "2.888486482217702",
        "cumulative": false
    },
    {
        "date": "2020-11-21T12:46:29.445Z",
        "value": "3.0274908894478845",
        "cumulative": false
    },
    {
        "date": "2020-11-21T12:46:59.296Z",
        "value": "3.8882835638479647",
        "cumulative": false
    },
    {
        "date": "2020-11-21T12:47:28.314Z",
        "value": "3.3587761783170915",
        "cumulative": false
    },
    {
        "date": "2020-11-21T12:47:57.560Z",
        "value": "2.8424102097079667",
        "cumulative": false
    },
    {
        "date": "2020-11-21T12:48:45.057Z",
        "value": "5.089526875813802",
        "cumulative": false
    },
    {
        "date": "2020-11-21T12:49:14.190Z",
        "value": "5.202392793987622",
        "cumulative": false
    },
    {
        "date": "2020-11-21T12:49:42.963Z",
        "value": "2.9940201327115066",
        "cumulative": false
    },
    {
        "date": "2020-11-21T12:50:12.616Z",
        "value": "3.0063897000366926",
        "cumulative": false
    },
    {
        "date": "2020-11-21T12:50:42.762Z",
        "value": "4.042603563819639",
        "cumulative": false
    },
    {
        "date": "2020-11-21T12:51:11.684Z",
        "value": "3.3108420226926976",
        "cumulative": false
    },
    {
        "date": "2020-11-21T12:51:40.569Z",
        "value": "2.686742734069227",
        "cumulative": false
    },
    {
        "date": "2020-11-21T12:52:10.025Z",
        "value": "3.4929102284987668",
        "cumulative": false
    },
    {
        "date": "2020-11-21T12:52:40.432Z",
        "value": "3.17070361328125",
        "cumulative": false
    },
    {
        "date": "2020-11-21T12:53:09.666Z",
        "value": "3.092222152217742",
        "cumulative": false
    },
    {
        "date": "2020-11-21T12:53:38.521Z",
        "value": "3.1091862858952704",
        "cumulative": false
    },
    {
        "date": "2020-11-21T12:54:08.239Z",
        "value": "2.8975299078231918",
        "cumulative": false
    },
    {
        "date": "2020-11-21T12:54:39.637Z",
        "value": "3.2861726974727294",
        "cumulative": false
    },
    {
        "date": "2020-11-21T12:55:08.287Z",
        "value": "2.9435458164934567",
        "cumulative": false
    },
    {
        "date": "2020-11-21T12:55:36.164Z",
        "value": "2.9143188118585046",
        "cumulative": false
    },
    {
        "date": "2020-11-21T12:56:04.264Z",
        "value": "3.0310465494791665",
        "cumulative": false
    },
    {
        "date": "2020-11-21T12:56:33.445Z",
        "value": "3.251361855693247",
        "cumulative": false
    },
    {
        "date": "2020-11-21T12:57:01.636Z",
        "value": "3.3110182030129125",
        "cumulative": false
    },
    {
        "date": "2020-11-21T12:57:30.387Z",
        "value": "2.975005861312624",
        "cumulative": false
    },
    {
        "date": "2020-11-21T12:57:58.502Z",
        "value": "3.080524449330635",
        "cumulative": false
    },
    {
        "date": "2020-11-21T12:58:28.554Z",
        "value": "3.0888288909313726",
        "cumulative": false
    },
    {
        "date": "2020-11-21T12:58:57.667Z",
        "value": "3.0420275842539723",
        "cumulative": false
    },
    {
        "date": "2020-11-21T12:59:26.291Z",
        "value": "3.32747444691995",
        "cumulative": false
    },
    {
        "date": "2020-11-21T12:59:55.116Z",
        "value": "2.9441334557911705",
        "cumulative": false
    },
    {
        "date": "2020-11-21T13:00:26.160Z",
        "value": "3.233489058684371",
        "cumulative": false
    },
    {
        "date": "2020-11-21T13:00:54.741Z",
        "value": "3.4397569881972445",
        "cumulative": false
    },
    {
        "date": "2020-11-21T13:01:24.170Z",
        "value": "3.010093242720948",
        "cumulative": false
    },
    {
        "date": "2020-11-21T13:01:53.283Z",
        "value": "3.093441242804531",
        "cumulative": false
    },
    {
        "date": "2020-11-21T13:02:25.035Z",
        "value": "3.4683628609697084",
        "cumulative": false
    },
    {
        "date": "2020-11-21T13:02:54.066Z",
        "value": "3.2195521763392856",
        "cumulative": false
    },
    {
        "date": "2020-11-21T13:03:23.086Z",
        "value": "3.1939399804095046",
        "cumulative": false
    },
    {
        "date": "2020-11-21T13:03:51.181Z",
        "value": "3.476995485496714",
        "cumulative": false
    },
    {
        "date": "2020-11-21T13:04:22.363Z",
        "value": "2.94663671875",
        "cumulative": false
    },
    {
        "date": "2020-11-21T13:04:51.410Z",
        "value": "4.033433152512458",
        "cumulative": false
    },
    {
        "date": "2020-11-21T13:05:20.220Z",
        "value": "4.300931598471223",
        "cumulative": false
    },
    {
        "date": "2020-11-21T13:05:50.081Z",
        "value": "3.1829445352359693",
        "cumulative": false
    },
    {
        "date": "2020-11-21T13:06:21.250Z",
        "value": "3.0437372128570526",
        "cumulative": false
    },
    {
        "date": "2020-11-21T13:06:49.898Z",
        "value": "3.2617105476469863",
        "cumulative": false
    },
    {
        "date": "2020-11-21T13:07:19.256Z",
        "value": "2.8084861258783285",
        "cumulative": false
    },
    {
        "date": "2020-11-21T13:07:47.608Z",
        "value": "3.042397413066789",
        "cumulative": false
    },
    {
        "date": "2020-11-21T13:08:17.565Z",
        "value": "2.937237610479798",
        "cumulative": false
    },
    {
        "date": "2020-11-21T13:08:46.424Z",
        "value": "2.809272077971814",
        "cumulative": false
    },
    {
        "date": "2020-11-21T13:09:14.934Z",
        "value": "3.097430032831518",
        "cumulative": false
    },
    {
        "date": "2020-11-21T13:09:43.509Z",
        "value": "2.8802977263621794",
        "cumulative": false
    },
    {
        "date": "2020-11-21T13:10:13.376Z",
        "value": "4.630044338844426",
        "cumulative": false
    },
    {
        "date": "2020-11-21T13:10:41.811Z",
        "value": "4.305693696829503",
        "cumulative": false
    },
    {
        "date": "2020-11-21T13:11:10.910Z",
        "value": "2.737258596054572",
        "cumulative": false
    },
    {
        "date": "2020-11-21T13:11:40.111Z",
        "value": "3.3557555851677954",
        "cumulative": false
    },
    {
        "date": "2020-11-21T13:12:11.025Z",
        "value": "3.0169344581467334",
        "cumulative": false
    },
    {
        "date": "2020-11-21T13:12:40.823Z",
        "value": "3.297284478695324",
        "cumulative": false
    },
    {
        "date": "2020-11-21T13:13:10.135Z",
        "value": "2.556448184742647",
        "cumulative": false
    },
    {
        "date": "2020-11-21T13:13:39.360Z",
        "value": "2.916421293008207",
        "cumulative": false
    },
    {
        "date": "2020-11-21T13:14:10.166Z",
        "value": "3.0069042387462797",
        "cumulative": false
    },
    {
        "date": "2020-11-21T13:14:39.008Z",
        "value": "2.7836129853219695",
        "cumulative": false
    },
    {
        "date": "2020-11-21T13:15:07.687Z",
        "value": "3.0090335278664537",
        "cumulative": false
    },
    {
        "date": "2020-11-21T13:15:53.853Z",
        "value": "3.088113223805147",
        "cumulative": false
    },
    {
        "date": "2020-11-21T13:16:25.743Z",
        "value": "4.822279865987038",
        "cumulative": false
    },
    {
        "date": "2020-11-21T13:16:54.425Z",
        "value": "5.1489105973813425",
        "cumulative": false
    },
    {
        "date": "2020-11-21T13:17:23.238Z",
        "value": "2.948134212452342",
        "cumulative": false
    },
    {
        "date": "2020-11-21T13:17:52.231Z",
        "value": "2.9073480702764978",
        "cumulative": false
    },
    {
        "date": "2020-11-21T13:18:23.079Z",
        "value": "2.815726331485215",
        "cumulative": false
    },
    {
        "date": "2020-11-21T13:18:51.577Z",
        "value": "2.953007450810185",
        "cumulative": false
    },
    {
        "date": "2020-11-21T13:19:21.571Z",
        "value": "2.7558208133012823",
        "cumulative": false
    },
    {
        "date": "2020-11-21T13:19:49.623Z",
        "value": "3.5019618495011913",
        "cumulative": false
    },
    {
        "date": "2020-11-21T13:20:20.142Z",
        "value": "4.172811892709378",
        "cumulative": false
    },
    {
        "date": "2020-11-21T13:20:48.817Z",
        "value": "2.822982068112633",
        "cumulative": false
    },
    {
        "date": "2020-11-21T13:21:19.638Z",
        "value": "3.0083710828081234",
        "cumulative": false
    },
    {
        "date": "2020-11-21T13:21:48.694Z",
        "value": "3.105375453404018",
        "cumulative": false
    },
    {
        "date": "2020-11-21T13:22:19.836Z",
        "value": "2.82082035213724",
        "cumulative": false
    },
    {
        "date": "2020-11-21T13:22:48.625Z",
        "value": "2.923406862745098",
        "cumulative": false
    },
    {
        "date": "2020-11-21T13:23:17.642Z",
        "value": "2.8827765239932672",
        "cumulative": false
    },
    {
        "date": "2020-11-21T13:23:47.249Z",
        "value": "2.8279240131378174",
        "cumulative": false
    },
    {
        "date": "2020-11-21T13:24:18.221Z",
        "value": "5.20500259525168",
        "cumulative": false
    },
    {
        "date": "2020-11-21T13:24:47.028Z",
        "value": "2.853031218998016",
        "cumulative": false
    },
    {
        "date": "2020-11-21T13:25:15.376Z",
        "value": "2.9536315735046204",
        "cumulative": false
    },
    {
        "date": "2020-11-21T13:25:45.654Z",
        "value": "5.092064170910248",
        "cumulative": false
    },
    {
        "date": "2020-11-21T13:26:16.448Z",
        "value": "3.0579645066034224",
        "cumulative": false
    },
    {
        "date": "2020-11-21T13:26:45.237Z",
        "value": "2.7753697515050053",
        "cumulative": false
    },
    {
        "date": "2020-11-21T13:27:13.725Z",
        "value": "2.314333182274646",
        "cumulative": false
    },
    {
        "date": "2020-11-21T13:27:42.580Z",
        "value": "3.3972423377403844",
        "cumulative": false
    },
    {
        "date": "2020-11-21T13:28:12.890Z",
        "value": "3.5471045339209404",
        "cumulative": false
    },
    {
        "date": "2020-11-21T13:28:41.885Z",
        "value": "4.709255858080683",
        "cumulative": false
    },
    {
        "date": "2020-11-21T13:29:10.719Z",
        "value": "4.668757274208566",
        "cumulative": false
    },
    {
        "date": "2020-11-21T13:29:39.932Z",
        "value": "3.364757727408101",
        "cumulative": false
    },
    {
        "date": "2020-11-21T13:30:11.777Z",
        "value": "4.674753829516903",
        "cumulative": false
    },
    {
        "date": "2020-11-21T13:30:39.987Z",
        "value": "4.885460872181404",
        "cumulative": false
    },
    {
        "date": "2020-11-21T13:31:08.177Z",
        "value": "2.7670601135190918",
        "cumulative": false
    },
    {
        "date": "2020-11-21T13:31:36.493Z",
        "value": "3.045319973692602",
        "cumulative": false
    },
    {
        "date": "2020-11-21T13:32:06.885Z",
        "value": "4.06129000279903",
        "cumulative": false
    },
    {
        "date": "2020-11-21T13:32:35.006Z",
        "value": "2.8400030579229796",
        "cumulative": false
    },
    {
        "date": "2020-11-21T13:33:04.969Z",
        "value": "3.132826286764706",
        "cumulative": false
    },
    {
        "date": "2020-11-21T13:33:34.101Z",
        "value": "2.7118386837819566",
        "cumulative": false
    },
    {
        "date": "2020-11-21T13:34:04.767Z",
        "value": "2.4045234424414925",
        "cumulative": false
    },
    {
        "date": "2020-11-21T13:34:33.447Z",
        "value": "2.870371875823235",
        "cumulative": false
    },
    {
        "date": "2020-11-21T13:35:01.614Z",
        "value": "3.3000429874401913",
        "cumulative": false
    },
    {
        "date": "2020-11-21T13:35:31.421Z",
        "value": "3.0873435553902575",
        "cumulative": false
    },
    {
        "date": "2020-11-21T13:36:02.140Z",
        "value": "2.9456922189731003",
        "cumulative": false
    },
    {
        "date": "2020-11-21T13:36:31.262Z",
        "value": "4.475566779705736",
        "cumulative": false
    },
    {
        "date": "2020-11-21T13:37:00.242Z",
        "value": "2.8169996407167317",
        "cumulative": false
    },
    {
        "date": "2020-11-21T13:37:29.937Z",
        "value": "2.883982370326246",
        "cumulative": false
    },
    {
        "date": "2020-11-21T13:38:00.428Z",
        "value": "3.204032999288425",
        "cumulative": false
    },
    {
        "date": "2020-11-21T13:38:28.991Z",
        "value": "3.0878854625550662",
        "cumulative": false
    },
    {
        "date": "2020-11-21T13:38:57.699Z",
        "value": "2.7163338661193848",
        "cumulative": false
    },
    {
        "date": "2020-11-21T13:39:26.122Z",
        "value": "3.271267680249183",
        "cumulative": false
    },
    {
        "date": "2020-11-21T13:39:56.172Z",
        "value": "2.675436580882353",
        "cumulative": false
    },
    {
        "date": "2020-11-21T13:40:24.821Z",
        "value": "2.9692267305107527",
        "cumulative": false
    },
    {
        "date": "2020-11-21T13:40:53.386Z",
        "value": "2.958814007302989",
        "cumulative": false
    },
    {
        "date": "2020-11-21T13:41:22.233Z",
        "value": "2.9487843232996322",
        "cumulative": false
    },
    {
        "date": "2020-11-21T13:41:52.980Z",
        "value": "3.138937478537088",
        "cumulative": false
    },
    {
        "date": "2020-11-21T13:42:21.213Z",
        "value": "2.9707356770833333",
        "cumulative": false
    },
    {
        "date": "2020-11-21T13:43:07.370Z",
        "value": "3.096243159562212",
        "cumulative": false
    },
    {
        "date": "2020-11-21T13:43:36.428Z",
        "value": "2.607727290134804",
        "cumulative": false
    },
    {
        "date": "2020-11-21T13:44:07.500Z",
        "value": "4.6013666687417",
        "cumulative": false
    },
    {
        "date": "2020-11-21T13:44:35.757Z",
        "value": "4.16782068323206",
        "cumulative": false
    },
    {
        "date": "2020-11-21T13:45:04.380Z",
        "value": "3.2044801999380037",
        "cumulative": false
    },
    {
        "date": "2020-11-21T13:45:33.059Z",
        "value": "2.8056768280228757",
        "cumulative": false
    },
    {
        "date": "2020-11-21T13:46:05.408Z",
        "value": "2.979910996086353",
        "cumulative": false
    },
    {
        "date": "2020-11-21T13:46:35.333Z",
        "value": "3.558211616847826",
        "cumulative": false
    },
    {
        "date": "2020-11-21T13:47:03.704Z",
        "value": "3.694585556736501",
        "cumulative": false
    },
    {
        "date": "2020-11-21T13:47:32.744Z",
        "value": "3.5525839413490914",
        "cumulative": false
    },
    {
        "date": "2020-11-21T13:48:03.145Z",
        "value": "3.056484315453506",
        "cumulative": false
    },
    {
        "date": "2020-11-21T13:48:32.520Z",
        "value": "2.8988206213058736",
        "cumulative": false
    },
    {
        "date": "2020-11-21T13:49:01.067Z",
        "value": "3.4073956864818298",
        "cumulative": false
    },
    {
        "date": "2020-11-21T13:49:30.762Z",
        "value": "2.8459336885427198",
        "cumulative": false
    },
    {
        "date": "2020-11-21T13:50:01.343Z",
        "value": "3.6505518374235733",
        "cumulative": false
    },
    {
        "date": "2020-11-21T13:50:30.133Z",
        "value": "2.956656678082192",
        "cumulative": false
    },
    {
        "date": "2020-11-21T13:50:59.213Z",
        "value": "2.818699453583211",
        "cumulative": false
    },
    {
        "date": "2020-11-21T13:51:27.757Z",
        "value": "2.8541450634741077",
        "cumulative": false
    },
    {
        "date": "2020-11-21T13:52:11.517Z",
        "value": "2.86989982201832",
        "cumulative": false
    },
    {
        "date": "2020-11-21T13:52:40.682Z",
        "value": "2.817111051925505",
        "cumulative": false
    },
    {
        "date": "2020-11-21T13:53:08.992Z",
        "value": "4.898498151823098",
        "cumulative": false
    },
    {
        "date": "2020-11-21T13:53:39.691Z",
        "value": "2.8043887867647057",
        "cumulative": false
    },
    {
        "date": "2020-11-21T13:54:09.892Z",
        "value": "2.8532147660772718",
        "cumulative": false
    },
    {
        "date": "2020-11-21T13:54:37.909Z",
        "value": "2.9507756209708003",
        "cumulative": false
    },
    {
        "date": "2020-11-21T13:55:05.837Z",
        "value": "3.623094974347015",
        "cumulative": false
    },
    {
        "date": "2020-11-21T13:55:36.079Z",
        "value": "4.925902971756673",
        "cumulative": false
    },
    {
        "date": "2020-11-21T13:56:04.844Z",
        "value": "3.0419511330068407",
        "cumulative": false
    },
    {
        "date": "2020-11-21T13:56:33.213Z",
        "value": "4.409628608387799",
        "cumulative": false
    },
    {
        "date": "2020-11-21T13:57:02.268Z",
        "value": "3.569932793090062",
        "cumulative": false
    },
    {
        "date": "2020-11-21T13:57:31.494Z",
        "value": "2.868979779411765",
        "cumulative": false
    },
    {
        "date": "2020-11-21T13:58:00.387Z",
        "value": "2.7027211343088458",
        "cumulative": false
    },
    {
        "date": "2020-11-21T13:58:31.970Z",
        "value": "4.613326390755173",
        "cumulative": false
    },
    {
        "date": "2020-11-21T13:59:00.990Z",
        "value": "2.8152967825443787",
        "cumulative": false
    },
    {
        "date": "2020-11-21T13:59:31.463Z",
        "value": "2.8985460069444446",
        "cumulative": false
    },
    {
        "date": "2020-11-21T14:00:00.357Z",
        "value": "2.914115453578184",
        "cumulative": false
    },
    {
        "date": "2020-11-21T14:00:29.459Z",
        "value": "3.0902659247464563",
        "cumulative": false
    },
    {
        "date": "2020-11-21T14:00:58.143Z",
        "value": "4.509504746089417",
        "cumulative": false
    },
    {
        "date": "2020-11-21T14:01:29.572Z",
        "value": "2.770983121867168",
        "cumulative": false
    },
    {
        "date": "2020-11-21T14:01:58.963Z",
        "value": "2.3345215907543575",
        "cumulative": false
    },
    {
        "date": "2020-11-21T14:02:28.305Z",
        "value": "2.7597222775829082",
        "cumulative": false
    },
    {
        "date": "2020-11-21T14:02:57.816Z",
        "value": "3.491224910572337",
        "cumulative": false
    },
    {
        "date": "2020-11-21T14:03:27.724Z",
        "value": "3.265478310464811",
        "cumulative": false
    },
    {
        "date": "2020-11-21T14:03:55.417Z",
        "value": "2.743113418847847",
        "cumulative": false
    },
    {
        "date": "2020-11-21T14:04:24.117Z",
        "value": "2.856598255621693",
        "cumulative": false
    },
    {
        "date": "2020-11-21T14:04:52.906Z",
        "value": "3.5413815868144134",
        "cumulative": false
    },
    {
        "date": "2020-11-21T14:05:23.624Z",
        "value": "4.38037109375",
        "cumulative": false
    },
    {
        "date": "2020-11-21T14:05:52.285Z",
        "value": "2.947580233487216",
        "cumulative": false
    },
    {
        "date": "2020-11-21T14:06:20.472Z",
        "value": "3.1413458420825098",
        "cumulative": false
    },
    {
        "date": "2020-11-21T14:06:48.832Z",
        "value": "2.8238437940535692",
        "cumulative": false
    },
    {
        "date": "2020-11-21T14:07:18.625Z",
        "value": "2.8353454187278033",
        "cumulative": false
    },
    {
        "date": "2020-11-21T14:07:46.880Z",
        "value": "5.055995818107359",
        "cumulative": false
    },
    {
        "date": "2020-11-21T14:08:17.158Z",
        "value": "4.419146935754381",
        "cumulative": false
    },
    {
        "date": "2020-11-21T14:08:45.670Z",
        "value": "2.9290648496240603",
        "cumulative": false
    },
    {
        "date": "2020-11-21T14:09:18.092Z",
        "value": "2.7062216212606836",
        "cumulative": false
    },
    {
        "date": "2020-11-21T14:09:46.619Z",
        "value": "2.9831461401029666",
        "cumulative": false
    },
    {
        "date": "2020-11-21T14:10:14.521Z",
        "value": "3.360692962398374",
        "cumulative": false
    },
    {
        "date": "2020-11-21T14:10:43.253Z",
        "value": "2.773226104074211",
        "cumulative": false
    },
    {
        "date": "2020-11-21T14:11:13.400Z",
        "value": "2.7730896964905756",
        "cumulative": false
    },
    {
        "date": "2020-11-21T14:11:42.461Z",
        "value": "2.6374596187046597",
        "cumulative": false
    },
    {
        "date": "2020-11-21T14:12:12.350Z",
        "value": "2.888805929384275",
        "cumulative": false
    },
    {
        "date": "2020-11-21T14:12:41.440Z",
        "value": "2.7614832261029414",
        "cumulative": false
    },
    {
        "date": "2020-11-21T14:13:12.072Z",
        "value": "2.9657388659671287",
        "cumulative": false
    },
    {
        "date": "2020-11-21T14:13:41.756Z",
        "value": "2.7988529447702835",
        "cumulative": false
    },
    {
        "date": "2020-11-21T14:14:09.350Z",
        "value": "2.8087372295673076",
        "cumulative": false
    },
    {
        "date": "2020-11-21T14:14:37.771Z",
        "value": "2.5481344025195694",
        "cumulative": false
    },
    {
        "date": "2020-11-21T14:15:07.812Z",
        "value": "2.7063824277935606",
        "cumulative": false
    },
    {
        "date": "2020-11-21T14:15:36.978Z",
        "value": "2.74515453690719",
        "cumulative": false
    },
    {
        "date": "2020-11-21T14:16:05.734Z",
        "value": "2.84640046116127",
        "cumulative": false
    },
    {
        "date": "2020-11-21T14:16:34.531Z",
        "value": "2.6545988003883134",
        "cumulative": false
    },
    {
        "date": "2020-11-21T14:17:04.875Z",
        "value": "2.7798350425696596",
        "cumulative": false
    },
    {
        "date": "2020-11-21T14:17:33.960Z",
        "value": "3.545252339952916",
        "cumulative": false
    },
    {
        "date": "2020-11-21T14:18:03.780Z",
        "value": "3.0521196921070715",
        "cumulative": false
    },
    {
        "date": "2020-11-21T14:18:32.924Z",
        "value": "2.6375117893908846",
        "cumulative": false
    },
    {
        "date": "2020-11-21T14:19:21.378Z",
        "value": "4.784523518880208",
        "cumulative": false
    },
    {
        "date": "2020-11-21T14:19:49.289Z",
        "value": "4.901335239832007",
        "cumulative": false
    },
    {
        "date": "2020-11-21T14:20:18.799Z",
        "value": "2.741131317595674",
        "cumulative": false
    },
    {
        "date": "2020-11-21T14:20:47.955Z",
        "value": "2.790281053158635",
        "cumulative": false
    },
    {
        "date": "2020-11-21T14:21:18.636Z",
        "value": "3.7449852733083184",
        "cumulative": false
    },
    {
        "date": "2020-11-21T14:21:47.807Z",
        "value": "3.065137511092799",
        "cumulative": false
    },
    {
        "date": "2020-11-21T14:22:17.112Z",
        "value": "2.519749113258317",
        "cumulative": false
    },
    {
        "date": "2020-11-21T14:22:45.554Z",
        "value": "3.2513907887638718",
        "cumulative": false
    },
    {
        "date": "2020-11-21T14:23:15.956Z",
        "value": "2.91435498046875",
        "cumulative": false
    },
    {
        "date": "2020-11-21T14:23:44.265Z",
        "value": "2.868818922592864",
        "cumulative": false
    },
    {
        "date": "2020-11-21T14:24:13.362Z",
        "value": "2.8486307010135135",
        "cumulative": false
    },
    {
        "date": "2020-11-21T14:24:42.123Z",
        "value": "2.700814374847263",
        "cumulative": false
    },
    {
        "date": "2020-11-21T14:25:14.055Z",
        "value": "3.062204454829401",
        "cumulative": false
    },
    {
        "date": "2020-11-21T14:25:42.195Z",
        "value": "2.72066879370349",
        "cumulative": false
    },
    {
        "date": "2020-11-21T14:26:11.519Z",
        "value": "2.7131505166330645",
        "cumulative": false
    },
    {
        "date": "2020-11-21T14:26:41.042Z",
        "value": "2.8043942423261834",
        "cumulative": false
    },
    {
        "date": "2020-11-21T14:27:11.717Z",
        "value": "3.034418215696839",
        "cumulative": false
    },
    {
        "date": "2020-11-21T14:27:40.569Z",
        "value": "3.0748153358142036",
        "cumulative": false
    },
    {
        "date": "2020-11-21T14:28:09.492Z",
        "value": "2.753359840029762",
        "cumulative": false
    },
    {
        "date": "2020-11-21T14:28:37.107Z",
        "value": "2.842660336239103",
        "cumulative": false
    },
    {
        "date": "2020-11-21T14:29:08.363Z",
        "value": "2.8861470729327916",
        "cumulative": false
    },
    {
        "date": "2020-11-21T14:29:36.319Z",
        "value": "2.824154987354146",
        "cumulative": false
    },
    {
        "date": "2020-11-21T14:30:04.274Z",
        "value": "3.086586343026892",
        "cumulative": false
    },
    {
        "date": "2020-11-21T14:30:33.439Z",
        "value": "2.750034635029142",
        "cumulative": false
    },
    {
        "date": "2020-11-21T14:31:04.454Z",
        "value": "3.0503463279342187",
        "cumulative": false
    },
    {
        "date": "2020-11-21T14:31:33.334Z",
        "value": "3.2479464623235885",
        "cumulative": false
    },
    {
        "date": "2020-11-21T14:32:03.265Z",
        "value": "2.793486345738856",
        "cumulative": false
    },
    {
        "date": "2020-11-21T14:32:31.960Z",
        "value": "2.860773474251052",
        "cumulative": false
    },
    {
        "date": "2020-11-21T14:33:01.511Z",
        "value": "3.2053106048108346",
        "cumulative": false
    },
    {
        "date": "2020-11-21T14:33:31.464Z",
        "value": "2.9824339016317736",
        "cumulative": false
    },
    {
        "date": "2020-11-21T14:34:01.489Z",
        "value": "2.9737880849500757",
        "cumulative": false
    },
    {
        "date": "2020-11-21T14:34:30.331Z",
        "value": "3.222010968307634",
        "cumulative": false
    },
    {
        "date": "2020-11-21T14:35:00.870Z",
        "value": "2.726865478515625",
        "cumulative": false
    },
    {
        "date": "2020-11-21T14:35:29.330Z",
        "value": "3.784540464078073",
        "cumulative": false
    },
    {
        "date": "2020-11-21T14:35:59.548Z",
        "value": "4.063279142311151",
        "cumulative": false
    },
    {
        "date": "2020-11-21T14:36:29.466Z",
        "value": "2.993903958067602",
        "cumulative": false
    },
    {
        "date": "2020-11-21T14:37:00.241Z",
        "value": "2.831330178842265",
        "cumulative": false
    },
    {
        "date": "2020-11-21T14:37:28.260Z",
        "value": "3.0368034754817192",
        "cumulative": false
    },
    {
        "date": "2020-11-21T14:37:56.382Z",
        "value": "2.6397329477163463",
        "cumulative": false
    },
    {
        "date": "2020-11-21T14:38:24.899Z",
        "value": "2.834084424785539",
        "cumulative": false
    },
    {
        "date": "2020-11-21T14:38:55.200Z",
        "value": "2.752035245028409",
        "cumulative": false
    },
    {
        "date": "2020-11-21T14:39:24.702Z",
        "value": "2.639798512178309",
        "cumulative": false
    },
    {
        "date": "2020-11-21T14:39:53.998Z",
        "value": "2.8787435938500963",
        "cumulative": false
    },
    {
        "date": "2020-11-21T14:40:22.264Z",
        "value": "2.7085316506410257",
        "cumulative": false
    },
    {
        "date": "2020-11-21T14:40:51.838Z",
        "value": "4.3841115667123",
        "cumulative": false
    },
    {
        "date": "2020-11-21T14:41:20.488Z",
        "value": "4.035159675934047",
        "cumulative": false
    },
    {
        "date": "2020-11-21T14:41:48.897Z",
        "value": "2.5925708271878074",
        "cumulative": false
    },
    {
        "date": "2020-11-21T14:42:17.766Z",
        "value": "3.1556877549645934",
        "cumulative": false
    },
    {
        "date": "2020-11-21T14:42:48.993Z",
        "value": "2.8390356934108274",
        "cumulative": false
    },
    {
        "date": "2020-11-21T14:43:17.963Z",
        "value": "3.111821070575666",
        "cumulative": false
    },
    {
        "date": "2020-11-21T14:43:46.785Z",
        "value": "2.4281082452512255",
        "cumulative": false
    },
    {
        "date": "2020-11-21T14:44:15.032Z",
        "value": "2.7339486170296716",
        "cumulative": false
    },
    {
        "date": "2020-11-21T14:44:45.675Z",
        "value": "2.806945316375248",
        "cumulative": false
    },
    {
        "date": "2020-11-21T14:45:15.329Z",
        "value": "2.616650390625",
        "cumulative": false
    },
    {
        "date": "2020-11-21T14:45:44.029Z",
        "value": "2.8067037547386273",
        "cumulative": false
    },
    {
        "date": "2020-11-21T14:46:30.603Z",
        "value": "2.9060384114583333",
        "cumulative": false
    },
    {
        "date": "2020-11-21T14:47:01.096Z",
        "value": "4.568952749459897",
        "cumulative": false
    },
    {
        "date": "2020-11-21T14:47:30.244Z",
        "value": "4.878182833941835",
        "cumulative": false
    },
    {
        "date": "2020-11-21T14:47:59.762Z",
        "value": "2.782906326593137",
        "cumulative": false
    },
    {
        "date": "2020-11-21T14:48:27.897Z",
        "value": "2.7586476443583297",
        "cumulative": false
    },
    {
        "date": "2020-11-21T14:48:58.231Z",
        "value": "2.6679432858702956",
        "cumulative": false
    },
    {
        "date": "2020-11-21T14:49:27.731Z",
        "value": "2.793729764921171",
        "cumulative": false
    },
    {
        "date": "2020-11-21T14:49:56.822Z",
        "value": "2.6050042568108975",
        "cumulative": false
    },
    {
        "date": "2020-11-21T14:50:24.860Z",
        "value": "3.3118415909767718",
        "cumulative": false
    },
    {
        "date": "2020-11-21T14:50:55.673Z",
        "value": "3.9542778726805414",
        "cumulative": false
    },
    {
        "date": "2020-11-21T14:51:23.798Z",
        "value": "2.678022983653602",
        "cumulative": false
    },
    {
        "date": "2020-11-21T14:51:52.260Z",
        "value": "2.855099461659664",
        "cumulative": false
    },
    {
        "date": "2020-11-21T14:52:21.177Z",
        "value": "2.945635986328125",
        "cumulative": false
    },
    {
        "date": "2020-11-21T14:52:51.581Z",
        "value": "2.6904834455067226",
        "cumulative": false
    },
    {
        "date": "2020-11-21T14:53:20.189Z",
        "value": "2.768472828584559",
        "cumulative": false
    },
    {
        "date": "2020-11-21T14:53:49.687Z",
        "value": "2.742505081300813",
        "cumulative": false
    },
    {
        "date": "2020-11-21T14:54:18.436Z",
        "value": "2.6742451190948486",
        "cumulative": false
    },
    {
        "date": "2020-11-21T14:54:49.508Z",
        "value": "4.9758676263154555",
        "cumulative": false
    },
    {
        "date": "2020-11-21T14:55:20.005Z",
        "value": "2.7021886431981645",
        "cumulative": false
    },
    {
        "date": "2020-11-21T14:55:48.914Z",
        "value": "2.785003570648102",
        "cumulative": false
    },
    {
        "date": "2020-11-21T14:56:16.870Z",
        "value": "4.868870345321452",
        "cumulative": false
    },
    {
        "date": "2020-11-21T14:56:47.769Z",
        "value": "2.8753478035094244",
        "cumulative": false
    },
    {
        "date": "2020-11-21T14:57:17.823Z",
        "value": "2.636280142383658",
        "cumulative": false
    },
    {
        "date": "2020-11-21T14:57:47.081Z",
        "value": "2.2258010897501364",
        "cumulative": false
    },
    {
        "date": "2020-11-21T14:58:15.585Z",
        "value": "3.218884715544872",
        "cumulative": false
    },
    {
        "date": "2020-11-21T14:58:46.402Z",
        "value": "3.3643712292609353",
        "cumulative": false
    },
    {
        "date": "2020-11-21T14:59:15.975Z",
        "value": "4.489884909294235",
        "cumulative": false
    },
    {
        "date": "2020-11-21T14:59:44.848Z",
        "value": "4.486165425201738",
        "cumulative": false
    },
    {
        "date": "2020-11-21T15:00:13.349Z",
        "value": "3.2023864289057182",
        "cumulative": false
    },
    {
        "date": "2020-11-21T15:00:44.409Z",
        "value": "4.432606034433531",
        "cumulative": false
    },
    {
        "date": "2020-11-21T15:01:13.531Z",
        "value": "4.664221837788194",
        "cumulative": false
    },
    {
        "date": "2020-11-21T15:01:42.700Z",
        "value": "2.634221914505934",
        "cumulative": false
    },
    {
        "date": "2020-11-21T15:02:12.071Z",
        "value": "2.8748492805325254",
        "cumulative": false
    },
    {
        "date": "2020-11-21T15:02:43.314Z",
        "value": "3.8678223840735213",
        "cumulative": false
    },
    {
        "date": "2020-11-21T15:03:12.444Z",
        "value": "2.6975146977588382",
        "cumulative": false
    },
    {
        "date": "2020-11-21T15:03:42.118Z",
        "value": "2.9915854779411766",
        "cumulative": false
    },
    {
        "date": "2020-11-21T15:04:09.879Z",
        "value": "2.5882631975172075",
        "cumulative": false
    },
    {
        "date": "2020-11-21T15:04:42.064Z",
        "value": "2.3106904253636937",
        "cumulative": false
    },
    {
        "date": "2020-11-21T15:05:12.124Z",
        "value": "2.742439101192044",
        "cumulative": false
    },
    {
        "date": "2020-11-21T15:05:40.378Z",
        "value": "3.134110300164474",
        "cumulative": false
    },
    {
        "date": "2020-11-21T15:06:10.207Z",
        "value": "2.9272275787953226",
        "cumulative": false
    },
    {
        "date": "2020-11-21T15:06:41.215Z",
        "value": "2.8096069149190463",
        "cumulative": false
    },
    {
        "date": "2020-11-21T15:07:10.544Z",
        "value": "4.292413416470077",
        "cumulative": false
    },
    {
        "date": "2020-11-21T15:07:39.948Z",
        "value": "2.6745787021465266",
        "cumulative": false
    },
    {
        "date": "2020-11-21T15:08:09.327Z",
        "value": "2.725889979685973",
        "cumulative": false
    },
    {
        "date": "2020-11-21T15:08:39.429Z",
        "value": "3.084887432795699",
        "cumulative": false
    },
    {
        "date": "2020-11-21T15:09:07.377Z",
        "value": "2.908614645610447",
        "cumulative": false
    },
    {
        "date": "2020-11-21T15:09:36.505Z",
        "value": "2.603377342224121",
        "cumulative": false
    },
    {
        "date": "2020-11-21T15:10:06.022Z",
        "value": "3.128427542892157",
        "cumulative": false
    },
    {
        "date": "2020-11-21T15:10:36.285Z",
        "value": "2.5626622285198803",
        "cumulative": false
    },
    {
        "date": "2020-11-21T15:11:05.308Z",
        "value": "2.8364134429603496",
        "cumulative": false
    },
    {
        "date": "2020-11-21T15:11:34.114Z",
        "value": "2.801282799762228",
        "cumulative": false
    },
    {
        "date": "2020-11-21T15:12:02.133Z",
        "value": "2.8017630782781864",
        "cumulative": false
    },
    {
        "date": "2020-11-21T15:12:33.380Z",
        "value": "2.9994020194215505",
        "cumulative": false
    },
    {
        "date": "2020-11-21T15:13:02.644Z",
        "value": "2.825045955882353",
        "cumulative": false
    },
    {
        "date": "2020-11-21T15:13:48.406Z",
        "value": "2.9662428395417306",
        "cumulative": false
    },
    {
        "date": "2020-11-21T15:14:16.634Z",
        "value": "2.491015625",
        "cumulative": false
    },
    {
        "date": "2020-11-21T15:14:46.416Z",
        "value": "4.423800890189243",
        "cumulative": false
    },
    {
        "date": "2020-11-21T15:15:14.745Z",
        "value": "4.000441562982253",
        "cumulative": false
    },
    {
        "date": "2020-11-21T15:15:43.276Z",
        "value": "3.0495045141041537",
        "cumulative": false
    },
    {
        "date": "2020-11-21T15:16:11.997Z",
        "value": "2.676409461019985",
        "cumulative": false
    },
    {
        "date": "2020-11-21T15:16:42.105Z",
        "value": "2.845453343959096",
        "cumulative": false
    },
    {
        "date": "2020-11-21T15:17:11.927Z",
        "value": "3.4180951627346836",
        "cumulative": false
    },
    {
        "date": "2020-11-21T15:17:40.557Z",
        "value": "3.5269773678558907",
        "cumulative": false
    },
    {
        "date": "2020-11-21T15:18:10.186Z",
        "value": "3.379048204092298",
        "cumulative": false
    },
    {
        "date": "2020-11-21T15:18:41.471Z",
        "value": "2.9191671231897867",
        "cumulative": false
    },
    {
        "date": "2020-11-21T15:19:10.272Z",
        "value": "2.767051904399089",
        "cumulative": false
    },
    {
        "date": "2020-11-21T15:19:39.376Z",
        "value": "3.2587215108082708",
        "cumulative": false
    },
    {
        "date": "2020-11-21T15:20:08.540Z",
        "value": "2.7130923063858696",
        "cumulative": false
    },
    {
        "date": "2020-11-21T15:20:39.368Z",
        "value": "3.4891125222911006",
        "cumulative": false
    },
    {
        "date": "2020-11-21T15:21:08.587Z",
        "value": "2.8010303160024907",
        "cumulative": false
    },
    {
        "date": "2020-11-21T15:21:37.287Z",
        "value": "2.7112119493829425",
        "cumulative": false
    },
    {
        "date": "2020-11-21T15:22:05.038Z",
        "value": "2.729716075131976",
        "cumulative": false
    }
]