[
    {
        "date": "2020-11-21T10:49:04.148Z",
        "value": "11.127053905443756",
        "cumulative": false
    },
    {
        "date": "2020-11-21T10:49:37.654Z",
        "value": "11.068671118052015",
        "cumulative": false
    },
    {
        "date": "2020-11-21T10:50:07.805Z",
        "value": "10.033012892019379",
        "cumulative": false
    },
    {
        "date": "2020-11-21T10:50:39.619Z",
        "value": "9.332555841793052",
        "cumulative": false
    },
    {
        "date": "2020-11-21T10:51:08.364Z",
        "value": "9.155008622740247",
        "cumulative": false
    },
    {
        "date": "2020-11-21T10:51:37.677Z",
        "value": "8.793956367924528",
        "cumulative": false
    },
    {
        "date": "2020-11-21T10:52:07.692Z",
        "value": "8.41479754704301",
        "cumulative": false
    },
    {
        "date": "2020-11-21T10:52:38.670Z",
        "value": "8.120520866725437",
        "cumulative": false
    },
    {
        "date": "2020-11-21T10:53:08.120Z",
        "value": "8.11967136548913",
        "cumulative": false
    },
    {
        "date": "2020-11-21T10:53:38.286Z",
        "value": "8.087356322954179",
        "cumulative": false
    },
    {
        "date": "2020-11-21T10:54:07.568Z",
        "value": "7.741042432598039",
        "cumulative": false
    },
    {
        "date": "2020-11-21T10:54:39.134Z",
        "value": "7.671261616625817",
        "cumulative": false
    },
    {
        "date": "2020-11-21T10:55:08.604Z",
        "value": "7.753556628739858",
        "cumulative": false
    },
    {
        "date": "2020-11-21T10:55:38.330Z",
        "value": "8.073787188289142",
        "cumulative": false
    },
    {
        "date": "2020-11-21T10:56:07.840Z",
        "value": "7.839206106294461",
        "cumulative": false
    },
    {
        "date": "2020-11-21T10:56:40.460Z",
        "value": "7.7817239200367645",
        "cumulative": false
    },
    {
        "date": "2020-11-21T10:57:09.778Z",
        "value": "7.807312251072304",
        "cumulative": false
    },
    {
        "date": "2020-11-21T10:57:39.324Z",
        "value": "7.900272954750258",
        "cumulative": false
    },
    {
        "date": "2020-11-21T10:58:09.266Z",
        "value": "7.487398209110383",
        "cumulative": false
    },
    {
        "date": "2020-11-21T10:58:40.738Z",
        "value": "7.779091346902241",
        "cumulative": false
    },
    {
        "date": "2020-11-21T10:59:10.277Z",
        "value": "7.346795654296875",
        "cumulative": false
    },
    {
        "date": "2020-11-21T10:59:40.317Z",
        "value": "7.776994071776437",
        "cumulative": false
    },
    {
        "date": "2020-11-21T11:00:09.843Z",
        "value": "7.225038807189542",
        "cumulative": false
    },
    {
        "date": "2020-11-21T11:00:42.582Z",
        "value": "6.330520663126362",
        "cumulative": false
    },
    {
        "date": "2020-11-21T11:01:12.100Z",
        "value": "7.01129662616911",
        "cumulative": false
    },
    {
        "date": "2020-11-21T11:01:40.985Z",
        "value": "7.350242756445503",
        "cumulative": false
    },
    {
        "date": "2020-11-21T11:02:10.842Z",
        "value": "6.905645920825099",
        "cumulative": false
    },
    {
        "date": "2020-11-21T11:02:43.036Z",
        "value": "6.578065081120944",
        "cumulative": false
    },
    {
        "date": "2020-11-21T11:03:13.205Z",
        "value": "6.498026540538782",
        "cumulative": false
    },
    {
        "date": "2020-11-21T11:03:42.143Z",
        "value": "6.642789581484534",
        "cumulative": false
    },
    {
        "date": "2020-11-21T11:04:10.512Z",
        "value": "6.782209407530904",
        "cumulative": false
    },
    {
        "date": "2020-11-21T11:04:42.257Z",
        "value": "6.633491036639015",
        "cumulative": false
    },
    {
        "date": "2020-11-21T11:05:11.990Z",
        "value": "6.201820373535156",
        "cumulative": false
    },
    {
        "date": "2020-11-21T11:05:42.135Z",
        "value": "6.530808859724339",
        "cumulative": false
    },
    {
        "date": "2020-11-21T11:06:11.808Z",
        "value": "6.40599601499496",
        "cumulative": false
    },
    {
        "date": "2020-11-21T11:06:44.525Z",
        "value": "6.416979912958773",
        "cumulative": false
    },
    {
        "date": "2020-11-21T11:07:14.475Z",
        "value": "6.469050628063726",
        "cumulative": false
    },
    {
        "date": "2020-11-21T11:07:43.997Z",
        "value": "6.354277820121951",
        "cumulative": false
    },
    {
        "date": "2020-11-21T11:08:13.463Z",
        "value": "6.1214136621727455",
        "cumulative": false
    },
    {
        "date": "2020-11-21T11:08:45.744Z",
        "value": "6.008687097886029",
        "cumulative": false
    },
    {
        "date": "2020-11-21T11:09:14.670Z",
        "value": "6.411251001602564",
        "cumulative": false
    },
    {
        "date": "2020-11-21T11:09:44.840Z",
        "value": "6.173580371300211",
        "cumulative": false
    },
    {
        "date": "2020-11-21T11:10:14.409Z",
        "value": "6.054925983177362",
        "cumulative": false
    },
    {
        "date": "2020-11-21T11:10:46.926Z",
        "value": "5.575469970703125",
        "cumulative": false
    },
    {
        "date": "2020-11-21T11:11:16.035Z",
        "value": "5.7230461813483",
        "cumulative": false
    },
    {
        "date": "2020-11-21T11:11:45.555Z",
        "value": "6.449839696344339",
        "cumulative": false
    },
    {
        "date": "2020-11-21T11:12:15.132Z",
        "value": "5.7533425229474755",
        "cumulative": false
    },
    {
        "date": "2020-11-21T11:12:46.521Z",
        "value": "5.691153338041133",
        "cumulative": false
    },
    {
        "date": "2020-11-21T11:13:16.417Z",
        "value": "5.780579121907552",
        "cumulative": false
    },
    {
        "date": "2020-11-21T11:13:46.024Z",
        "value": "5.449254405425964",
        "cumulative": false
    },
    {
        "date": "2020-11-21T11:14:14.600Z",
        "value": "6.694009273915497",
        "cumulative": false
    },
    {
        "date": "2020-11-21T11:14:44.814Z",
        "value": "5.901909063306513",
        "cumulative": false
    },
    {
        "date": "2020-11-21T11:15:14.546Z",
        "value": "5.4912114199913535",
        "cumulative": false
    },
    {
        "date": "2020-11-21T11:15:44.542Z",
        "value": "5.515414686851323",
        "cumulative": false
    },
    {
        "date": "2020-11-21T11:16:13.555Z",
        "value": "5.771877935190983",
        "cumulative": false
    },
    {
        "date": "2020-11-21T11:17:12.772Z",
        "value": "4.069533005259395",
        "cumulative": false
    },
    {
        "date": "2020-11-21T11:17:41.834Z",
        "value": "5.142232880828503",
        "cumulative": false
    },
    {
        "date": "2020-11-21T11:18:11.465Z",
        "value": "5.504684023915462",
        "cumulative": false
    },
    {
        "date": "2020-11-21T11:18:41.338Z",
        "value": "5.566364916656043",
        "cumulative": false
    },
    {
        "date": "2020-11-21T11:19:12.029Z",
        "value": "5.762060138170852",
        "cumulative": false
    },
    {
        "date": "2020-11-21T11:19:43.128Z",
        "value": "5.05466082917542",
        "cumulative": false
    },
    {
        "date": "2020-11-21T11:20:13.031Z",
        "value": "5.100694498054595",
        "cumulative": false
    },
    {
        "date": "2020-11-21T11:20:42.734Z",
        "value": "4.640242554470855",
        "cumulative": false
    },
    {
        "date": "2020-11-21T11:21:14.600Z",
        "value": "5.213868526424031",
        "cumulative": false
    },
    {
        "date": "2020-11-21T11:21:43.315Z",
        "value": "4.93431298828125",
        "cumulative": false
    },
    {
        "date": "2020-11-21T11:22:12.423Z",
        "value": "5.102822891009852",
        "cumulative": false
    },
    {
        "date": "2020-11-21T11:22:42.202Z",
        "value": "5.091477098651961",
        "cumulative": false
    },
    {
        "date": "2020-11-21T11:23:13.735Z",
        "value": "6.194577564554965",
        "cumulative": false
    },
    {
        "date": "2020-11-21T11:23:42.819Z",
        "value": "4.683767999387255",
        "cumulative": false
    },
    {
        "date": "2020-11-21T11:24:12.658Z",
        "value": "4.444766773897059",
        "cumulative": false
    },
    {
        "date": "2020-11-21T11:24:41.746Z",
        "value": "5.2654172411151965",
        "cumulative": false
    },
    {
        "date": "2020-11-21T11:25:12.138Z",
        "value": "5.790817106613005",
        "cumulative": false
    },
    {
        "date": "2020-11-21T11:25:41.771Z",
        "value": "4.201899218353628",
        "cumulative": false
    },
    {
        "date": "2020-11-21T11:26:10.766Z",
        "value": "4.6607782273065474",
        "cumulative": false
    },
    {
        "date": "2020-11-21T11:26:40.699Z",
        "value": "4.612428195404506",
        "cumulative": false
    },
    {
        "date": "2020-11-21T11:27:11.257Z",
        "value": "4.091877003205128",
        "cumulative": false
    },
    {
        "date": "2020-11-21T11:27:40.074Z",
        "value": "4.107398942025441",
        "cumulative": false
    },
    {
        "date": "2020-11-21T11:28:07.625Z",
        "value": "4.232291908304613",
        "cumulative": false
    },
    {
        "date": "2020-11-21T11:28:36.283Z",
        "value": "4.254206616950758",
        "cumulative": false
    },
    {
        "date": "2020-11-21T11:29:06.622Z",
        "value": "4.404486762152778",
        "cumulative": false
    },
    {
        "date": "2020-11-21T11:29:35.509Z",
        "value": "4.258387735445205",
        "cumulative": false
    },
    {
        "date": "2020-11-21T11:30:04.717Z",
        "value": "3.7913319307215074",
        "cumulative": false
    },
    {
        "date": "2020-11-21T11:30:32.992Z",
        "value": "3.9159111976623535",
        "cumulative": false
    },
    {
        "date": "2020-11-21T11:31:04.254Z",
        "value": "4.020766663500925",
        "cumulative": false
    },
    {
        "date": "2020-11-21T11:31:33.191Z",
        "value": "5.314806635985748",
        "cumulative": false
    },
    {
        "date": "2020-11-21T11:32:03.166Z",
        "value": "3.695735847252327",
        "cumulative": false
    },
    {
        "date": "2020-11-21T11:32:34.422Z",
        "value": "4.151611052812931",
        "cumulative": false
    },
    {
        "date": "2020-11-21T11:33:05.760Z",
        "value": "3.7460814014752373",
        "cumulative": false
    },
    {
        "date": "2020-11-21T11:33:34.069Z",
        "value": "3.6870673365846893",
        "cumulative": false
    },
    {
        "date": "2020-11-21T11:34:03.717Z",
        "value": "4.523518356643357",
        "cumulative": false
    },
    {
        "date": "2020-11-21T11:34:33.288Z",
        "value": "4.448035888671875",
        "cumulative": false
    },
    {
        "date": "2020-11-21T11:35:05.413Z",
        "value": "5.107373434399801",
        "cumulative": false
    },
    {
        "date": "2020-11-21T11:35:33.402Z",
        "value": "4.128257831385979",
        "cumulative": false
    },
    {
        "date": "2020-11-21T11:36:02.373Z",
        "value": "3.913833901159148",
        "cumulative": false
    },
    {
        "date": "2020-11-21T11:36:31.697Z",
        "value": "3.678592457490809",
        "cumulative": false
    },
    {
        "date": "2020-11-21T11:37:01.599Z",
        "value": "4.132998610847264",
        "cumulative": false
    },
    {
        "date": "2020-11-21T11:37:31.898Z",
        "value": "3.8694059952445654",
        "cumulative": false
    },
    {
        "date": "2020-11-21T11:38:01.338Z",
        "value": "3.599510466746795",
        "cumulative": false
    },
    {
        "date": "2020-11-21T11:38:29.737Z",
        "value": "3.8728399804891587",
        "cumulative": false
    },
    {
        "date": "2020-11-21T11:39:01.760Z",
        "value": "3.814391605437748",
        "cumulative": false
    },
    {
        "date": "2020-11-21T11:39:31.806Z",
        "value": "2.5716394696916853",
        "cumulative": false
    },
    {
        "date": "2020-11-21T11:40:01.046Z",
        "value": "3.740880690707134",
        "cumulative": false
    },
    {
        "date": "2020-11-21T11:40:30.112Z",
        "value": "3.5938353488869863",
        "cumulative": false
    },
    {
        "date": "2020-11-21T11:41:01.352Z",
        "value": "6.087176128651758",
        "cumulative": false
    },
    {
        "date": "2020-11-21T11:41:31.001Z",
        "value": "3.9025261080994897",
        "cumulative": false
    },
    {
        "date": "2020-11-21T11:42:00.269Z",
        "value": "3.6003612284757653",
        "cumulative": false
    },
    {
        "date": "2020-11-21T11:42:31.288Z",
        "value": "4.366360833120857",
        "cumulative": false
    },
    {
        "date": "2020-11-21T11:43:02.666Z",
        "value": "5.304848824295343",
        "cumulative": false
    },
    {
        "date": "2020-11-21T11:43:32.434Z",
        "value": "3.8276806883550996",
        "cumulative": false
    },
    {
        "date": "2020-11-21T11:44:02.371Z",
        "value": "3.478601564710668",
        "cumulative": false
    },
    {
        "date": "2020-11-21T11:44:51.196Z",
        "value": "3.390460239455325",
        "cumulative": false
    },
    {
        "date": "2020-11-21T11:45:22.200Z",
        "value": "3.3281895263190333",
        "cumulative": false
    },
    {
        "date": "2020-11-21T11:45:51.987Z",
        "value": "3.921182281802399",
        "cumulative": false
    },
    {
        "date": "2020-11-21T11:46:20.556Z",
        "value": "4.1810806516617065",
        "cumulative": false
    },
    {
        "date": "2020-11-21T11:46:50.745Z",
        "value": "3.4863873106060606",
        "cumulative": false
    },
    {
        "date": "2020-11-21T11:47:22.837Z",
        "value": "4.962662175264713",
        "cumulative": false
    },
    {
        "date": "2020-11-21T11:47:52.668Z",
        "value": "3.449575626148897",
        "cumulative": false
    },
    {
        "date": "2020-11-21T11:48:20.632Z",
        "value": "3.5483847341229837",
        "cumulative": false
    },
    {
        "date": "2020-11-21T11:48:48.659Z",
        "value": "3.8893341470551994",
        "cumulative": false
    },
    {
        "date": "2020-11-21T11:49:18.881Z",
        "value": "3.5916153724747475",
        "cumulative": false
    },
    {
        "date": "2020-11-21T11:49:48.793Z",
        "value": "5.304425377871109",
        "cumulative": false
    },
    {
        "date": "2020-11-21T11:50:17.959Z",
        "value": "3.446190514864351",
        "cumulative": false
    },
    {
        "date": "2020-11-21T11:50:46.772Z",
        "value": "5.74410401957638",
        "cumulative": false
    },
    {
        "date": "2020-11-21T11:51:18.086Z",
        "value": "3.495178805176299",
        "cumulative": false
    },
    {
        "date": "2020-11-21T11:51:48.399Z",
        "value": "3.790148566750919",
        "cumulative": false
    },
    {
        "date": "2020-11-21T11:52:19.180Z",
        "value": "5.336331681894723",
        "cumulative": false
    },
    {
        "date": "2020-11-21T11:52:48.501Z",
        "value": "3.865065645146848",
        "cumulative": false
    },
    {
        "date": "2020-11-21T11:53:18.222Z",
        "value": "4.348628025428922",
        "cumulative": false
    },
    {
        "date": "2020-11-21T11:53:46.719Z",
        "value": "3.53244379189424",
        "cumulative": false
    },
    {
        "date": "2020-11-21T11:54:15.622Z",
        "value": "5.0941673216781",
        "cumulative": false
    },
    {
        "date": "2020-11-21T11:54:44.430Z",
        "value": "3.234246991807476",
        "cumulative": false
    },
    {
        "date": "2020-11-21T11:55:15.487Z",
        "value": "3.237798696389296",
        "cumulative": false
    },
    {
        "date": "2020-11-21T11:55:43.821Z",
        "value": "4.034897602410378",
        "cumulative": false
    },
    {
        "date": "2020-11-21T11:56:15.287Z",
        "value": "4.751690753094562",
        "cumulative": false
    },
    {
        "date": "2020-11-21T11:56:44.137Z",
        "value": "5.391756577002661",
        "cumulative": false
    },
    {
        "date": "2020-11-21T11:57:16.007Z",
        "value": "3.991579415628055",
        "cumulative": false
    },
    {
        "date": "2020-11-21T11:57:44.850Z",
        "value": "5.5924086677342375",
        "cumulative": false
    },
    {
        "date": "2020-11-21T11:58:14.377Z",
        "value": "3.682219845403439",
        "cumulative": false
    },
    {
        "date": "2020-11-21T11:58:42.381Z",
        "value": "4.188491164746719",
        "cumulative": false
    },
    {
        "date": "2020-11-21T11:59:13.388Z",
        "value": "3.2658491134643555",
        "cumulative": false
    },
    {
        "date": "2020-11-21T11:59:42.003Z",
        "value": "5.67556579736211",
        "cumulative": false
    },
    {
        "date": "2020-11-21T12:00:10.823Z",
        "value": "5.473716815211875",
        "cumulative": false
    },
    {
        "date": "2020-11-21T12:00:39.984Z",
        "value": "3.4431727669032357",
        "cumulative": false
    },
    {
        "date": "2020-11-21T12:01:11.475Z",
        "value": "3.5151046453737744",
        "cumulative": false
    },
    {
        "date": "2020-11-21T12:01:40.895Z",
        "value": "3.2958814433976715",
        "cumulative": false
    },
    {
        "date": "2020-11-21T12:02:10.859Z",
        "value": "3.252939202724359",
        "cumulative": false
    },
    {
        "date": "2020-11-21T12:02:40.836Z",
        "value": "3.5077679802389707",
        "cumulative": false
    },
    {
        "date": "2020-11-21T12:03:12.066Z",
        "value": "3.6089016661352042",
        "cumulative": false
    },
    {
        "date": "2020-11-21T12:03:42.583Z",
        "value": "3.2528221891817513",
        "cumulative": false
    },
    {
        "date": "2020-11-21T12:04:11.215Z",
        "value": "3.404339225924745",
        "cumulative": false
    },
    {
        "date": "2020-11-21T12:04:40.860Z",
        "value": "3.502644015798887",
        "cumulative": false
    },
    {
        "date": "2020-11-21T12:05:12.800Z",
        "value": "3.4396566575573337",
        "cumulative": false
    },
    {
        "date": "2020-11-21T12:05:41.329Z",
        "value": "5.588425456389452",
        "cumulative": false
    },
    {
        "date": "2020-11-21T12:06:10.968Z",
        "value": "3.2535624802714644",
        "cumulative": false
    },
    {
        "date": "2020-11-21T12:06:39.907Z",
        "value": "5.31214480892935",
        "cumulative": false
    },
    {
        "date": "2020-11-21T12:07:13.728Z",
        "value": "3.290846641390931",
        "cumulative": false
    },
    {
        "date": "2020-11-21T12:07:41.916Z",
        "value": "3.471412507822278",
        "cumulative": false
    },
    {
        "date": "2020-11-21T12:08:11.796Z",
        "value": "3.280724727746212",
        "cumulative": false
    },
    {
        "date": "2020-11-21T12:08:41.325Z",
        "value": "3.36022258254717",
        "cumulative": false
    },
    {
        "date": "2020-11-21T12:09:13.274Z",
        "value": "3.9890214223710316",
        "cumulative": false
    },
    {
        "date": "2020-11-21T12:09:43.593Z",
        "value": "3.1259340825085533",
        "cumulative": false
    },
    {
        "date": "2020-11-21T12:10:12.316Z",
        "value": "3.3446236389088417",
        "cumulative": false
    },
    {
        "date": "2020-11-21T12:10:41.888Z",
        "value": "3.309945000542535",
        "cumulative": false
    },
    {
        "date": "2020-11-21T12:11:13.073Z",
        "value": "3.113916015625",
        "cumulative": false
    },
    {
        "date": "2020-11-21T12:11:42.587Z",
        "value": "3.104107242408969",
        "cumulative": false
    },
    {
        "date": "2020-11-21T12:12:29.591Z",
        "value": "4.488283830938222",
        "cumulative": false
    },
    {
        "date": "2020-11-21T12:12:57.715Z",
        "value": "5.207812651875972",
        "cumulative": false
    },
    {
        "date": "2020-11-21T12:13:27.925Z",
        "value": "3.3233014168823964",
        "cumulative": false
    },
    {
        "date": "2020-11-21T12:13:56.713Z",
        "value": "5.4965016843741905",
        "cumulative": false
    },
    {
        "date": "2020-11-21T12:14:25.154Z",
        "value": "3.303707451555329",
        "cumulative": false
    },
    {
        "date": "2020-11-21T12:14:53.485Z",
        "value": "3.3472631805381727",
        "cumulative": false
    },
    {
        "date": "2020-11-21T12:15:24.445Z",
        "value": "3.2036903530943626",
        "cumulative": false
    },
    {
        "date": "2020-11-21T12:15:53.809Z",
        "value": "3.179080354324495",
        "cumulative": false
    },
    {
        "date": "2020-11-21T12:16:23.454Z",
        "value": "3.2896361812468498",
        "cumulative": false
    },
    {
        "date": "2020-11-21T12:16:52.495Z",
        "value": "3.4202686798878204",
        "cumulative": false
    },
    {
        "date": "2020-11-21T12:17:23.954Z",
        "value": "5.629727254973855",
        "cumulative": false
    },
    {
        "date": "2020-11-21T12:17:53.263Z",
        "value": "4.221776254278651",
        "cumulative": false
    },
    {
        "date": "2020-11-21T12:18:22.426Z",
        "value": "5.437772988278782",
        "cumulative": false
    },
    {
        "date": "2020-11-21T12:18:52.058Z",
        "value": "2.8187023798624673",
        "cumulative": false
    },
    {
        "date": "2020-11-21T12:19:22.981Z",
        "value": "4.122220138175632",
        "cumulative": false
    },
    {
        "date": "2020-11-21T12:19:52.092Z",
        "value": "3.314132023001508",
        "cumulative": false
    },
    {
        "date": "2020-11-21T12:20:21.462Z",
        "value": "3.5227328010531136",
        "cumulative": false
    },
    {
        "date": "2020-11-21T12:20:50.376Z",
        "value": "3.417044498983104",
        "cumulative": false
    },
    {
        "date": "2020-11-21T12:21:23.425Z",
        "value": "3.175130712235552",
        "cumulative": false
    },
    {
        "date": "2020-11-21T12:21:51.914Z",
        "value": "4.421353104283529",
        "cumulative": false
    },
    {
        "date": "2020-11-21T12:22:20.283Z",
        "value": "3.9822294010549464",
        "cumulative": false
    },
    {
        "date": "2020-11-21T12:22:49.915Z",
        "value": "3.290100694869129",
        "cumulative": false
    },
    {
        "date": "2020-11-21T12:23:19.216Z",
        "value": "4.617623097050428",
        "cumulative": false
    },
    {
        "date": "2020-11-21T12:23:48.470Z",
        "value": "3.687055019162736",
        "cumulative": false
    },
    {
        "date": "2020-11-21T12:24:17.732Z",
        "value": "3.1694159335288368",
        "cumulative": false
    },
    {
        "date": "2020-11-21T12:24:49.539Z",
        "value": "3.39262101298285",
        "cumulative": false
    },
    {
        "date": "2020-11-21T12:25:18.661Z",
        "value": "3.7938997312579925",
        "cumulative": false
    },
    {
        "date": "2020-11-21T12:25:47.322Z",
        "value": "3.2898196906432386",
        "cumulative": false
    },
    {
        "date": "2020-11-21T12:26:15.961Z",
        "value": "3.133514284620098",
        "cumulative": false
    },
    {
        "date": "2020-11-21T12:26:47.303Z",
        "value": "3.5319067861519606",
        "cumulative": false
    },
    {
        "date": "2020-11-21T12:27:15.502Z",
        "value": "3.083563442887931",
        "cumulative": false
    },
    {
        "date": "2020-11-21T12:27:44.714Z",
        "value": "4.049873737373737",
        "cumulative": false
    },
    {
        "date": "2020-11-21T12:28:14.191Z",
        "value": "3.31051536498031",
        "cumulative": false
    },
    {
        "date": "2020-11-21T12:28:45.277Z",
        "value": "3.416671453737745",
        "cumulative": false
    },
    {
        "date": "2020-11-21T12:29:14.033Z",
        "value": "3.7248879825367647",
        "cumulative": false
    },
    {
        "date": "2020-11-21T12:29:43.104Z",
        "value": "4.294203784757982",
        "cumulative": false
    },
    {
        "date": "2020-11-21T12:30:12.659Z",
        "value": "2.9956258958385837",
        "cumulative": false
    },
    {
        "date": "2020-11-21T12:30:41.877Z",
        "value": "4.126301576607254",
        "cumulative": false
    },
    {
        "date": "2020-11-21T12:31:12.323Z",
        "value": "3.1127360026041666",
        "cumulative": false
    },
    {
        "date": "2020-11-21T12:31:42.297Z",
        "value": "5.2678965495999535",
        "cumulative": false
    },
    {
        "date": "2020-11-21T12:32:12.370Z",
        "value": "3.221847426470588",
        "cumulative": false
    },
    {
        "date": "2020-11-21T12:32:43.238Z",
        "value": "2.6854154964937362",
        "cumulative": false
    },
    {
        "date": "2020-11-21T12:33:12.246Z",
        "value": "3.1366377812184023",
        "cumulative": false
    },
    {
        "date": "2020-11-21T12:33:42.052Z",
        "value": "4.644008602914223",
        "cumulative": false
    },
    {
        "date": "2020-11-21T12:34:10.629Z",
        "value": "3.1489262637413535",
        "cumulative": false
    },
    {
        "date": "2020-11-21T12:34:41.893Z",
        "value": "2.995166735803835",
        "cumulative": false
    },
    {
        "date": "2020-11-21T12:35:10.718Z",
        "value": "2.88201005132418",
        "cumulative": false
    },
    {
        "date": "2020-11-21T12:35:38.481Z",
        "value": "3.1261810859850407",
        "cumulative": false
    },
    {
        "date": "2020-11-21T12:36:06.861Z",
        "value": "3.642521577138907",
        "cumulative": false
    },
    {
        "date": "2020-11-21T12:36:37.480Z",
        "value": "3.0201680531988435",
        "cumulative": false
    },
    {
        "date": "2020-11-21T12:37:05.905Z",
        "value": "2.8930368423461914",
        "cumulative": false
    },
    {
        "date": "2020-11-21T12:37:35.521Z",
        "value": "3.093044374047256",
        "cumulative": false
    },
    {
        "date": "2020-11-21T12:38:03.998Z",
        "value": "3.28698976578251",
        "cumulative": false
    },
    {
        "date": "2020-11-21T12:38:36.201Z",
        "value": "3.1573799942653342",
        "cumulative": false
    },
    {
        "date": "2020-11-21T12:39:05.145Z",
        "value": "3.6012613932291666",
        "cumulative": false
    },
    {
        "date": "2020-11-21T12:39:34.049Z",
        "value": "3.2738206687433724",
        "cumulative": false
    },
    {
        "date": "2020-11-21T12:40:02.872Z",
        "value": "4.313312454547997",
        "cumulative": false
    },
    {
        "date": "2020-11-21T12:40:33.880Z",
        "value": "3.0144339767156865",
        "cumulative": false
    },
    {
        "date": "2020-11-21T12:41:02.871Z",
        "value": "3.174517978766026",
        "cumulative": false
    },
    {
        "date": "2020-11-21T12:41:32.632Z",
        "value": "3.189741396752775",
        "cumulative": false
    },
    {
        "date": "2020-11-21T12:42:01.048Z",
        "value": "3.3313070967023175",
        "cumulative": false
    },
    {
        "date": "2020-11-21T12:42:32.643Z",
        "value": "3.197493314743042",
        "cumulative": false
    },
    {
        "date": "2020-11-21T12:43:01.887Z",
        "value": "3.0636712804414",
        "cumulative": false
    },
    {
        "date": "2020-11-21T12:43:30.265Z",
        "value": "4.631969523879717",
        "cumulative": false
    },
    {
        "date": "2020-11-21T12:43:59.810Z",
        "value": "2.9684581766318203",
        "cumulative": false
    },
    {
        "date": "2020-11-21T12:44:30.258Z",
        "value": "3.223618803161102",
        "cumulative": false
    },
    {
        "date": "2020-11-21T12:45:00.408Z",
        "value": "3.2242172241210936",
        "cumulative": false
    },
    {
        "date": "2020-11-21T12:45:29.216Z",
        "value": "2.8860999797952585",
        "cumulative": false
    },
    {
        "date": "2020-11-21T12:45:58.816Z",
        "value": "5.170396932986459",
        "cumulative": false
    },
    {
        "date": "2020-11-21T12:46:29.446Z",
        "value": "3.690898324825414",
        "cumulative": false
    },
    {
        "date": "2020-11-21T12:46:59.288Z",
        "value": "3.1615598173480732",
        "cumulative": false
    },
    {
        "date": "2020-11-21T12:47:28.174Z",
        "value": "3.3936225958419826",
        "cumulative": false
    },
    {
        "date": "2020-11-21T12:47:57.307Z",
        "value": "3.552478279586725",
        "cumulative": false
    },
    {
        "date": "2020-11-21T12:48:45.061Z",
        "value": "2.621618466179875",
        "cumulative": false
    },
    {
        "date": "2020-11-21T12:49:14.298Z",
        "value": "3.0179310869994733",
        "cumulative": false
    },
    {
        "date": "2020-11-21T12:49:42.915Z",
        "value": "3.3740076864919355",
        "cumulative": false
    },
    {
        "date": "2020-11-21T12:50:12.383Z",
        "value": "3.6206938623470166",
        "cumulative": false
    },
    {
        "date": "2020-11-21T12:50:42.763Z",
        "value": "3.8242538504739043",
        "cumulative": false
    },
    {
        "date": "2020-11-21T12:51:11.687Z",
        "value": "3.1568926642922794",
        "cumulative": false
    },
    {
        "date": "2020-11-21T12:51:40.365Z",
        "value": "3.18844640679039",
        "cumulative": false
    },
    {
        "date": "2020-11-21T12:52:09.943Z",
        "value": "2.985586998620543",
        "cumulative": false
    },
    {
        "date": "2020-11-21T12:52:40.434Z",
        "value": "3.1240965914402343",
        "cumulative": false
    },
    {
        "date": "2020-11-21T12:53:09.626Z",
        "value": "3.192659423828125",
        "cumulative": false
    },
    {
        "date": "2020-11-21T12:53:38.443Z",
        "value": "3.0352957589285716",
        "cumulative": false
    },
    {
        "date": "2020-11-21T12:54:08.409Z",
        "value": "3.3949333639705883",
        "cumulative": false
    },
    {
        "date": "2020-11-21T12:54:39.638Z",
        "value": "4.961162910474095",
        "cumulative": false
    },
    {
        "date": "2020-11-21T12:55:08.209Z",
        "value": "2.9211294136795343",
        "cumulative": false
    },
    {
        "date": "2020-11-21T12:55:36.060Z",
        "value": "2.931079052041075",
        "cumulative": false
    },
    {
        "date": "2020-11-21T12:56:03.988Z",
        "value": "3.798941099877451",
        "cumulative": false
    },
    {
        "date": "2020-11-21T12:56:33.447Z",
        "value": "4.530916669954756",
        "cumulative": false
    },
    {
        "date": "2020-11-21T12:57:01.657Z",
        "value": "2.7983737831367326",
        "cumulative": false
    },
    {
        "date": "2020-11-21T12:57:30.204Z",
        "value": "2.933500744047619",
        "cumulative": false
    },
    {
        "date": "2020-11-21T12:57:58.599Z",
        "value": "3.445346502176139",
        "cumulative": false
    },
    {
        "date": "2020-11-21T12:58:28.553Z",
        "value": "2.9334815705128205",
        "cumulative": false
    },
    {
        "date": "2020-11-21T12:58:57.600Z",
        "value": "3.062467511619374",
        "cumulative": false
    },
    {
        "date": "2020-11-21T12:59:26.171Z",
        "value": "2.992766913275451",
        "cumulative": false
    },
    {
        "date": "2020-11-21T12:59:54.833Z",
        "value": "3.0923413825757575",
        "cumulative": false
    },
    {
        "date": "2020-11-21T13:00:26.163Z",
        "value": "3.0619063604445684",
        "cumulative": false
    },
    {
        "date": "2020-11-21T13:00:54.716Z",
        "value": "2.9863739909491196",
        "cumulative": false
    },
    {
        "date": "2020-11-21T13:01:23.954Z",
        "value": "2.9725673899931064",
        "cumulative": false
    },
    {
        "date": "2020-11-21T13:01:53.134Z",
        "value": "2.9791159629821777",
        "cumulative": false
    },
    {
        "date": "2020-11-21T13:02:25.037Z",
        "value": "2.91678159685518",
        "cumulative": false
    },
    {
        "date": "2020-11-21T13:02:53.830Z",
        "value": "4.58573986787411",
        "cumulative": false
    },
    {
        "date": "2020-11-21T13:03:22.993Z",
        "value": "2.834208250988142",
        "cumulative": false
    },
    {
        "date": "2020-11-21T13:03:51.222Z",
        "value": "3.0126839329344692",
        "cumulative": false
    },
    {
        "date": "2020-11-21T13:04:22.364Z",
        "value": "2.8607878770416226",
        "cumulative": false
    },
    {
        "date": "2020-11-21T13:04:51.481Z",
        "value": "2.8303528433955867",
        "cumulative": false
    },
    {
        "date": "2020-11-21T13:05:20.202Z",
        "value": "3.467342930506993",
        "cumulative": false
    },
    {
        "date": "2020-11-21T13:05:49.894Z",
        "value": "3.534091796875",
        "cumulative": false
    },
    {
        "date": "2020-11-21T13:06:21.247Z",
        "value": "4.235061887710813",
        "cumulative": false
    },
    {
        "date": "2020-11-21T13:06:49.852Z",
        "value": "3.203355828632823",
        "cumulative": false
    },
    {
        "date": "2020-11-21T13:07:19.147Z",
        "value": "2.9743102874373433",
        "cumulative": false
    },
    {
        "date": "2020-11-21T13:07:47.506Z",
        "value": "2.8751512714460783",
        "cumulative": false
    },
    {
        "date": "2020-11-21T13:08:17.567Z",
        "value": "3.2790383382408814",
        "cumulative": false
    },
    {
        "date": "2020-11-21T13:08:46.371Z",
        "value": "3.0065461285073307",
        "cumulative": false
    },
    {
        "date": "2020-11-21T13:09:14.825Z",
        "value": "2.8394686498397435",
        "cumulative": false
    },
    {
        "date": "2020-11-21T13:09:43.080Z",
        "value": "3.025831710831374",
        "cumulative": false
    },
    {
        "date": "2020-11-21T13:10:13.386Z",
        "value": "3.0324818444630455",
        "cumulative": false
    },
    {
        "date": "2020-11-21T13:10:41.831Z",
        "value": "2.1952075958251953",
        "cumulative": false
    },
    {
        "date": "2020-11-21T13:11:10.770Z",
        "value": "2.9537400265957445",
        "cumulative": false
    },
    {
        "date": "2020-11-21T13:11:39.920Z",
        "value": "2.911966502568493",
        "cumulative": false
    },
    {
        "date": "2020-11-21T13:12:11.025Z",
        "value": "5.117713147136763",
        "cumulative": false
    },
    {
        "date": "2020-11-21T13:12:40.770Z",
        "value": "3.0810880699936223",
        "cumulative": false
    },
    {
        "date": "2020-11-21T13:13:10.006Z",
        "value": "2.8422883948501276",
        "cumulative": false
    },
    {
        "date": "2020-11-21T13:13:38.933Z",
        "value": "3.6341341710224375",
        "cumulative": false
    },
    {
        "date": "2020-11-21T13:14:10.167Z",
        "value": "4.580139399509804",
        "cumulative": false
    },
    {
        "date": "2020-11-21T13:14:38.918Z",
        "value": "3.0771455223880597",
        "cumulative": false
    },
    {
        "date": "2020-11-21T13:15:07.553Z",
        "value": "2.9429001087648556",
        "cumulative": false
    },
    {
        "date": "2020-11-21T13:15:53.707Z",
        "value": "2.782341569860471",
        "cumulative": false
    },
    {
        "date": "2020-11-21T13:16:25.742Z",
        "value": "2.743874092779216",
        "cumulative": false
    },
    {
        "date": "2020-11-21T13:16:54.476Z",
        "value": "3.2425209122474747",
        "cumulative": false
    },
    {
        "date": "2020-11-21T13:17:23.133Z",
        "value": "3.4648844401041665",
        "cumulative": false
    },
    {
        "date": "2020-11-21T13:17:52.150Z",
        "value": "2.8687243529040405",
        "cumulative": false
    },
    {
        "date": "2020-11-21T13:18:23.080Z",
        "value": "4.257846166276779",
        "cumulative": false
    },
    {
        "date": "2020-11-21T13:18:51.547Z",
        "value": "2.8641098920036763",
        "cumulative": false
    },
    {
        "date": "2020-11-21T13:19:21.374Z",
        "value": "2.95511225218414",
        "cumulative": false
    },
    {
        "date": "2020-11-21T13:19:49.456Z",
        "value": "3.148773208400074",
        "cumulative": false
    },
    {
        "date": "2020-11-21T13:20:20.143Z",
        "value": "2.9820179332386365",
        "cumulative": false
    },
    {
        "date": "2020-11-21T13:20:48.584Z",
        "value": "4.763712657792331",
        "cumulative": false
    },
    {
        "date": "2020-11-21T13:21:19.566Z",
        "value": "2.8843412263881847",
        "cumulative": false
    },
    {
        "date": "2020-11-21T13:21:48.274Z",
        "value": "5.165651576540436",
        "cumulative": false
    },
    {
        "date": "2020-11-21T13:22:19.837Z",
        "value": "2.92551251408404",
        "cumulative": false
    },
    {
        "date": "2020-11-21T13:22:48.469Z",
        "value": "3.2236480712890625",
        "cumulative": false
    },
    {
        "date": "2020-11-21T13:23:17.381Z",
        "value": "4.633512672290133",
        "cumulative": false
    },
    {
        "date": "2020-11-21T13:23:47.071Z",
        "value": "3.1654932060351",
        "cumulative": false
    },
    {
        "date": "2020-11-21T13:24:18.221Z",
        "value": "3.682648064108456",
        "cumulative": false
    },
    {
        "date": "2020-11-21T13:24:46.966Z",
        "value": "2.9932338862338628",
        "cumulative": false
    },
    {
        "date": "2020-11-21T13:25:15.199Z",
        "value": "4.490840756796239",
        "cumulative": false
    },
    {
        "date": "2020-11-21T13:25:45.693Z",
        "value": "2.770912338389657",
        "cumulative": false
    },
    {
        "date": "2020-11-21T13:26:16.448Z",
        "value": "2.749520787512219",
        "cumulative": false
    },
    {
        "date": "2020-11-21T13:26:45.132Z",
        "value": "3.4676041496153216",
        "cumulative": false
    },
    {
        "date": "2020-11-21T13:27:13.327Z",
        "value": "4.2540358506239855",
        "cumulative": false
    },
    {
        "date": "2020-11-21T13:27:42.060Z",
        "value": "4.831801181920633",
        "cumulative": false
    },
    {
        "date": "2020-11-21T13:28:12.890Z",
        "value": "3.4620123869745845",
        "cumulative": false
    },
    {
        "date": "2020-11-21T13:28:41.931Z",
        "value": "4.97284464487566",
        "cumulative": false
    },
    {
        "date": "2020-11-21T13:29:10.781Z",
        "value": "3.1118957196593917",
        "cumulative": false
    },
    {
        "date": "2020-11-21T13:29:39.958Z",
        "value": "3.5895123684009764",
        "cumulative": false
    },
    {
        "date": "2020-11-21T13:30:11.778Z",
        "value": "2.8042404651641846",
        "cumulative": false
    },
    {
        "date": "2020-11-21T13:30:39.937Z",
        "value": "5.067334126120157",
        "cumulative": false
    },
    {
        "date": "2020-11-21T13:31:07.906Z",
        "value": "4.909710713492768",
        "cumulative": false
    },
    {
        "date": "2020-11-21T13:31:36.377Z",
        "value": "2.9838157719017095",
        "cumulative": false
    },
    {
        "date": "2020-11-21T13:32:06.885Z",
        "value": "2.998083256740196",
        "cumulative": false
    },
    {
        "date": "2020-11-21T13:32:34.920Z",
        "value": "2.7747271369485293",
        "cumulative": false
    },
    {
        "date": "2020-11-21T13:33:04.752Z",
        "value": "2.8006966145833334",
        "cumulative": false
    },
    {
        "date": "2020-11-21T13:33:34.437Z",
        "value": "2.862496170343137",
        "cumulative": false
    },
    {
        "date": "2020-11-21T13:34:04.768Z",
        "value": "3.043592305086097",
        "cumulative": false
    },
    {
        "date": "2020-11-21T13:34:33.377Z",
        "value": "2.8302900161295255",
        "cumulative": false
    },
    {
        "date": "2020-11-21T13:35:01.509Z",
        "value": "2.8839786451690053",
        "cumulative": false
    },
    {
        "date": "2020-11-21T13:35:31.249Z",
        "value": "3.0125198728139906",
        "cumulative": false
    },
    {
        "date": "2020-11-21T13:36:02.141Z",
        "value": "2.9587919173702115",
        "cumulative": false
    },
    {
        "date": "2020-11-21T13:36:31.126Z",
        "value": "5.0222311580882355",
        "cumulative": false
    },
    {
        "date": "2020-11-21T13:37:00.233Z",
        "value": "2.8069390190972223",
        "cumulative": false
    },
    {
        "date": "2020-11-21T13:37:29.435Z",
        "value": "4.866749260657436",
        "cumulative": false
    },
    {
        "date": "2020-11-21T13:38:00.420Z",
        "value": "2.8047200520833333",
        "cumulative": false
    },
    {
        "date": "2020-11-21T13:38:28.848Z",
        "value": "2.959780780663329",
        "cumulative": false
    },
    {
        "date": "2020-11-21T13:38:57.690Z",
        "value": "2.853344973169192",
        "cumulative": false
    },
    {
        "date": "2020-11-21T13:39:25.993Z",
        "value": "2.865709957451555",
        "cumulative": false
    },
    {
        "date": "2020-11-21T13:39:56.172Z",
        "value": "3.412559630378844",
        "cumulative": false
    },
    {
        "date": "2020-11-21T13:40:24.841Z",
        "value": "2.762523960624389",
        "cumulative": false
    },
    {
        "date": "2020-11-21T13:40:53.172Z",
        "value": "2.880740254015933",
        "cumulative": false
    },
    {
        "date": "2020-11-21T13:41:22.056Z",
        "value": "2.8609110514322915",
        "cumulative": false
    },
    {
        "date": "2020-11-21T13:41:52.980Z",
        "value": "2.747408519071691",
        "cumulative": false
    },
    {
        "date": "2020-11-21T13:42:21.140Z",
        "value": "2.7192177572091887",
        "cumulative": false
    },
    {
        "date": "2020-11-21T13:43:07.299Z",
        "value": "3.8627728051701355",
        "cumulative": false
    },
    {
        "date": "2020-11-21T13:43:35.959Z",
        "value": "4.790566831502722",
        "cumulative": false
    },
    {
        "date": "2020-11-21T13:44:07.501Z",
        "value": "2.8860007743158285",
        "cumulative": false
    },
    {
        "date": "2020-11-21T13:44:35.638Z",
        "value": "5.041484294020472",
        "cumulative": false
    },
    {
        "date": "2020-11-21T13:45:04.359Z",
        "value": "2.867688480048445",
        "cumulative": false
    },
    {
        "date": "2020-11-21T13:45:32.860Z",
        "value": "2.8825216090425534",
        "cumulative": false
    },
    {
        "date": "2020-11-21T13:46:05.409Z",
        "value": "2.8081298828125",
        "cumulative": false
    },
    {
        "date": "2020-11-21T13:46:35.317Z",
        "value": "2.779058652935606",
        "cumulative": false
    },
    {
        "date": "2020-11-21T13:47:03.707Z",
        "value": "2.900633781186996",
        "cumulative": false
    },
    {
        "date": "2020-11-21T13:47:32.575Z",
        "value": "3.044544396033654",
        "cumulative": false
    },
    {
        "date": "2020-11-21T13:48:03.146Z",
        "value": "5.170781987310292",
        "cumulative": false
    },
    {
        "date": "2020-11-21T13:48:32.392Z",
        "value": "3.7836983392494927",
        "cumulative": false
    },
    {
        "date": "2020-11-21T13:49:00.845Z",
        "value": "5.0352248673069635",
        "cumulative": false
    },
    {
        "date": "2020-11-21T13:49:30.578Z",
        "value": "2.5378732681274414",
        "cumulative": false
    },
    {
        "date": "2020-11-21T13:50:01.348Z",
        "value": "3.6742060116831428",
        "cumulative": false
    },
    {
        "date": "2020-11-21T13:50:30.116Z",
        "value": "2.9545488467823025",
        "cumulative": false
    },
    {
        "date": "2020-11-21T13:50:59.006Z",
        "value": "3.1284877232142856",
        "cumulative": false
    },
    {
        "date": "2020-11-21T13:51:27.903Z",
        "value": "3.0017925238579473",
        "cumulative": false
    },
    {
        "date": "2020-11-21T13:52:11.534Z",
        "value": "2.822347509110552",
        "cumulative": false
    },
    {
        "date": "2020-11-21T13:52:40.464Z",
        "value": "3.9349781680265172",
        "cumulative": false
    },
    {
        "date": "2020-11-21T13:53:09.092Z",
        "value": "3.5434254087519124",
        "cumulative": false
    },
    {
        "date": "2020-11-21T13:53:39.691Z",
        "value": "2.9079296015013454",
        "cumulative": false
    },
    {
        "date": "2020-11-21T13:54:09.691Z",
        "value": "4.165457748572788",
        "cumulative": false
    },
    {
        "date": "2020-11-21T13:54:37.718Z",
        "value": "3.2965181554638363",
        "cumulative": false
    },
    {
        "date": "2020-11-21T13:55:05.729Z",
        "value": "2.8359931058315007",
        "cumulative": false
    },
    {
        "date": "2020-11-21T13:55:36.079Z",
        "value": "3.0686160767951596",
        "cumulative": false
    },
    {
        "date": "2020-11-21T13:56:04.711Z",
        "value": "3.392029901294757",
        "cumulative": false
    },
    {
        "date": "2020-11-21T13:56:33.310Z",
        "value": "2.885857269806283",
        "cumulative": false
    },
    {
        "date": "2020-11-21T13:57:02.005Z",
        "value": "2.8224168964460783",
        "cumulative": false
    },
    {
        "date": "2020-11-21T13:57:31.495Z",
        "value": "3.203093724468954",
        "cumulative": false
    },
    {
        "date": "2020-11-21T13:58:00.342Z",
        "value": "2.7747007915504565",
        "cumulative": false
    },
    {
        "date": "2020-11-21T13:58:31.768Z",
        "value": "3.6558720752446336",
        "cumulative": false
    },
    {
        "date": "2020-11-21T13:59:00.921Z",
        "value": "2.9595190528931656",
        "cumulative": false
    },
    {
        "date": "2020-11-21T13:59:31.473Z",
        "value": "3.078760244332108",
        "cumulative": false
    },
    {
        "date": "2020-11-21T14:00:00.314Z",
        "value": "3.3386989219515932",
        "cumulative": false
    },
    {
        "date": "2020-11-21T14:00:29.203Z",
        "value": "3.907728923950824",
        "cumulative": false
    },
    {
        "date": "2020-11-21T14:00:58.464Z",
        "value": "2.6960304014144407",
        "cumulative": false
    },
    {
        "date": "2020-11-21T14:01:29.572Z",
        "value": "3.7281495660803237",
        "cumulative": false
    },
    {
        "date": "2020-11-21T14:01:58.870Z",
        "value": "2.815449523925781",
        "cumulative": false
    },
    {
        "date": "2020-11-21T14:02:27.881Z",
        "value": "4.887307133435761",
        "cumulative": false
    },
    {
        "date": "2020-11-21T14:02:57.595Z",
        "value": "2.9139792687908495",
        "cumulative": false
    },
    {
        "date": "2020-11-21T14:03:27.723Z",
        "value": "2.4890985094124454",
        "cumulative": false
    },
    {
        "date": "2020-11-21T14:03:55.330Z",
        "value": "2.8226778745892314",
        "cumulative": false
    },
    {
        "date": "2020-11-21T14:04:23.944Z",
        "value": "4.312287122739492",
        "cumulative": false
    },
    {
        "date": "2020-11-21T14:04:52.808Z",
        "value": "2.818744644345973",
        "cumulative": false
    },
    {
        "date": "2020-11-21T14:05:23.624Z",
        "value": "2.7546561002028023",
        "cumulative": false
    },
    {
        "date": "2020-11-21T14:05:52.250Z",
        "value": "2.647923546492712",
        "cumulative": false
    },
    {
        "date": "2020-11-21T14:06:20.482Z",
        "value": "2.8382907581135903",
        "cumulative": false
    },
    {
        "date": "2020-11-21T14:06:48.473Z",
        "value": "3.346970051236174",
        "cumulative": false
    },
    {
        "date": "2020-11-21T14:07:18.625Z",
        "value": "2.7384206887883358",
        "cumulative": false
    },
    {
        "date": "2020-11-21T14:07:46.992Z",
        "value": "2.6552586555480957",
        "cumulative": false
    },
    {
        "date": "2020-11-21T14:08:17.164Z",
        "value": "2.8236213001778454",
        "cumulative": false
    },
    {
        "date": "2020-11-21T14:08:45.465Z",
        "value": "3.0154030092300905",
        "cumulative": false
    },
    {
        "date": "2020-11-21T14:09:18.092Z",
        "value": "2.8823008971216693",
        "cumulative": false
    },
    {
        "date": "2020-11-21T14:09:46.577Z",
        "value": "3.312948069852941",
        "cumulative": false
    },
    {
        "date": "2020-11-21T14:10:14.500Z",
        "value": "2.9843211492576884",
        "cumulative": false
    },
    {
        "date": "2020-11-21T14:10:43.037Z",
        "value": "4.038299867839561",
        "cumulative": false
    },
    {
        "date": "2020-11-21T14:11:13.400Z",
        "value": "2.769859882429534",
        "cumulative": false
    },
    {
        "date": "2020-11-21T14:11:42.448Z",
        "value": "2.8456705729166667",
        "cumulative": false
    },
    {
        "date": "2020-11-21T14:12:12.151Z",
        "value": "2.8718764968452697",
        "cumulative": false
    },
    {
        "date": "2020-11-21T14:12:41.066Z",
        "value": "3.0429066631387403",
        "cumulative": false
    },
    {
        "date": "2020-11-21T14:13:12.073Z",
        "value": "2.9370675086975098",
        "cumulative": false
    },
    {
        "date": "2020-11-21T14:13:41.739Z",
        "value": "2.7999206264269407",
        "cumulative": false
    },
    {
        "date": "2020-11-21T14:14:09.102Z",
        "value": "4.37286538178066",
        "cumulative": false
    },
    {
        "date": "2020-11-21T14:14:37.725Z",
        "value": "2.712093090658465",
        "cumulative": false
    },
    {
        "date": "2020-11-21T14:15:07.813Z",
        "value": "2.9495095987526976",
        "cumulative": false
    },
    {
        "date": "2020-11-21T14:15:36.915Z",
        "value": "2.9233469645182293",
        "cumulative": false
    },
    {
        "date": "2020-11-21T14:16:05.640Z",
        "value": "2.63905269475786",
        "cumulative": false
    },
    {
        "date": "2020-11-21T14:16:34.435Z",
        "value": "4.843137811873119",
        "cumulative": false
    },
    {
        "date": "2020-11-21T14:17:04.876Z",
        "value": "3.397841214228784",
        "cumulative": false
    },
    {
        "date": "2020-11-21T14:17:33.935Z",
        "value": "2.906958297307312",
        "cumulative": false
    },
    {
        "date": "2020-11-21T14:18:03.624Z",
        "value": "3.110861888622211",
        "cumulative": false
    },
    {
        "date": "2020-11-21T14:18:32.651Z",
        "value": "3.24921532561052",
        "cumulative": false
    },
    {
        "date": "2020-11-21T14:19:21.380Z",
        "value": "2.459616268382353",
        "cumulative": false
    },
    {
        "date": "2020-11-21T14:19:49.401Z",
        "value": "2.8045707035366174",
        "cumulative": false
    },
    {
        "date": "2020-11-21T14:20:18.761Z",
        "value": "3.0993921197163514",
        "cumulative": false
    },
    {
        "date": "2020-11-21T14:20:47.735Z",
        "value": "3.32000623486104",
        "cumulative": false
    },
    {
        "date": "2020-11-21T14:21:18.635Z",
        "value": "3.5224477147187345",
        "cumulative": false
    },
    {
        "date": "2020-11-21T14:21:47.798Z",
        "value": "2.9195813090861344",
        "cumulative": false
    },
    {
        "date": "2020-11-21T14:22:16.921Z",
        "value": "2.933699415606472",
        "cumulative": false
    },
    {
        "date": "2020-11-21T14:22:45.469Z",
        "value": "2.792509207431381",
        "cumulative": false
    },
    {
        "date": "2020-11-21T14:23:15.957Z",
        "value": "2.843845428767294",
        "cumulative": false
    },
    {
        "date": "2020-11-21T14:23:44.235Z",
        "value": "2.9360185546875",
        "cumulative": false
    },
    {
        "date": "2020-11-21T14:24:13.272Z",
        "value": "2.7690715921336206",
        "cumulative": false
    },
    {
        "date": "2020-11-21T14:24:42.296Z",
        "value": "3.1308155732996323",
        "cumulative": false
    },
    {
        "date": "2020-11-21T14:25:14.055Z",
        "value": "4.68456771784706",
        "cumulative": false
    },
    {
        "date": "2020-11-21T14:25:42.113Z",
        "value": "2.674831495098039",
        "cumulative": false
    },
    {
        "date": "2020-11-21T14:26:11.410Z",
        "value": "2.731788991189148",
        "cumulative": false
    },
    {
        "date": "2020-11-21T14:26:40.783Z",
        "value": "3.539737796160131",
        "cumulative": false
    },
    {
        "date": "2020-11-21T14:27:11.717Z",
        "value": "4.221082077283249",
        "cumulative": false
    },
    {
        "date": "2020-11-21T14:27:40.588Z",
        "value": "2.5974994351693304",
        "cumulative": false
    },
    {
        "date": "2020-11-21T14:28:09.303Z",
        "value": "2.708006601484995",
        "cumulative": false
    },
    {
        "date": "2020-11-21T14:28:37.189Z",
        "value": "3.2160758288530467",
        "cumulative": false
    },
    {
        "date": "2020-11-21T14:29:08.363Z",
        "value": "2.742185496794872",
        "cumulative": false
    },
    {
        "date": "2020-11-21T14:29:36.252Z",
        "value": "2.863313738380626",
        "cumulative": false
    },
    {
        "date": "2020-11-21T14:30:04.134Z",
        "value": "2.778963414634146",
        "cumulative": false
    },
    {
        "date": "2020-11-21T14:30:33.153Z",
        "value": "2.8855027324021463",
        "cumulative": false
    },
    {
        "date": "2020-11-21T14:31:04.455Z",
        "value": "2.8137972392733137",
        "cumulative": false
    },
    {
        "date": "2020-11-21T14:31:33.318Z",
        "value": "2.77003959760274",
        "cumulative": false
    },
    {
        "date": "2020-11-21T14:32:03.048Z",
        "value": "2.789300896139706",
        "cumulative": false
    },
    {
        "date": "2020-11-21T14:32:31.788Z",
        "value": "2.78792667388916",
        "cumulative": false
    },
    {
        "date": "2020-11-21T14:33:01.514Z",
        "value": "2.6997715504426534",
        "cumulative": false
    },
    {
        "date": "2020-11-21T14:33:31.235Z",
        "value": "4.380270190023753",
        "cumulative": false
    },
    {
        "date": "2020-11-21T14:34:01.410Z",
        "value": "2.657032196305623",
        "cumulative": false
    },
    {
        "date": "2020-11-21T14:34:30.374Z",
        "value": "2.8170870661571232",
        "cumulative": false
    },
    {
        "date": "2020-11-21T14:35:00.870Z",
        "value": "2.6759109095100104",
        "cumulative": false
    },
    {
        "date": "2020-11-21T14:35:29.390Z",
        "value": "2.657832339435404",
        "cumulative": false
    },
    {
        "date": "2020-11-21T14:35:59.529Z",
        "value": "3.2307550262237763",
        "cumulative": false
    },
    {
        "date": "2020-11-21T14:36:29.282Z",
        "value": "3.287386779785156",
        "cumulative": false
    },
    {
        "date": "2020-11-21T14:37:00.241Z",
        "value": "3.9852217416914684",
        "cumulative": false
    },
    {
        "date": "2020-11-21T14:37:28.218Z",
        "value": "2.9723315160824604",
        "cumulative": false
    },
    {
        "date": "2020-11-21T14:37:56.284Z",
        "value": "2.764194176848371",
        "cumulative": false
    },
    {
        "date": "2020-11-21T14:38:24.823Z",
        "value": "2.6830856024050247",
        "cumulative": false
    },
    {
        "date": "2020-11-21T14:38:55.198Z",
        "value": "3.080958515387538",
        "cumulative": false
    },
    {
        "date": "2020-11-21T14:39:24.653Z",
        "value": "2.8231335708417595",
        "cumulative": false
    },
    {
        "date": "2020-11-21T14:39:53.917Z",
        "value": "2.6668704927884614",
        "cumulative": false
    },
    {
        "date": "2020-11-21T14:40:21.838Z",
        "value": "2.8236975595121474",
        "cumulative": false
    },
    {
        "date": "2020-11-21T14:40:51.840Z",
        "value": "2.834496634347098",
        "cumulative": false
    },
    {
        "date": "2020-11-21T14:41:20.520Z",
        "value": "2.1011108670915877",
        "cumulative": false
    },
    {
        "date": "2020-11-21T14:41:48.763Z",
        "value": "2.782766299671464",
        "cumulative": false
    },
    {
        "date": "2020-11-21T14:42:17.577Z",
        "value": "2.7284209118150686",
        "cumulative": false
    },
    {
        "date": "2020-11-21T14:42:48.994Z",
        "value": "4.87230258693123",
        "cumulative": false
    },
    {
        "date": "2020-11-21T14:43:17.920Z",
        "value": "2.877287448182398",
        "cumulative": false
    },
    {
        "date": "2020-11-21T14:43:46.668Z",
        "value": "2.656156080596301",
        "cumulative": false
    },
    {
        "date": "2020-11-21T14:44:14.603Z",
        "value": "3.4369307950344212",
        "cumulative": false
    },
    {
        "date": "2020-11-21T14:44:45.676Z",
        "value": "4.335935585171568",
        "cumulative": false
    },
    {
        "date": "2020-11-21T14:45:15.252Z",
        "value": "2.85830078125",
        "cumulative": false
    },
    {
        "date": "2020-11-21T14:45:43.893Z",
        "value": "2.769089669107244",
        "cumulative": false
    },
    {
        "date": "2020-11-21T14:46:30.446Z",
        "value": "2.6405602458557347",
        "cumulative": false
    },
    {
        "date": "2020-11-21T14:47:01.097Z",
        "value": "2.582729001017012",
        "cumulative": false
    },
    {
        "date": "2020-11-21T14:47:30.298Z",
        "value": "3.049070292771465",
        "cumulative": false
    },
    {
        "date": "2020-11-21T14:47:59.659Z",
        "value": "3.2487574986049106",
        "cumulative": false
    },
    {
        "date": "2020-11-21T14:48:27.814Z",
        "value": "2.6982895359848484",
        "cumulative": false
    },
    {
        "date": "2020-11-21T14:48:58.230Z",
        "value": "4.021934541215218",
        "cumulative": false
    },
    {
        "date": "2020-11-21T14:49:27.709Z",
        "value": "2.709194527420343",
        "cumulative": false
    },
    {
        "date": "2020-11-21T14:49:56.614Z",
        "value": "2.7892147597446235",
        "cumulative": false
    },
    {
        "date": "2020-11-21T14:50:24.697Z",
        "value": "2.938730449497905",
        "cumulative": false
    },
    {
        "date": "2020-11-21T14:50:55.676Z",
        "value": "2.8185223820233585",
        "cumulative": false
    },
    {
        "date": "2020-11-21T14:51:23.568Z",
        "value": "4.525362077045369",
        "cumulative": false
    },
    {
        "date": "2020-11-21T14:51:52.198Z",
        "value": "2.7203299810630073",
        "cumulative": false
    },
    {
        "date": "2020-11-21T14:52:20.757Z",
        "value": "4.937942273748395",
        "cumulative": false
    },
    {
        "date": "2020-11-21T14:52:51.583Z",
        "value": "2.763572458244963",
        "cumulative": false
    },
    {
        "date": "2020-11-21T14:53:20.027Z",
        "value": "3.0566843070235907",
        "cumulative": false
    },
    {
        "date": "2020-11-21T14:53:49.433Z",
        "value": "4.362915328364725",
        "cumulative": false
    },
    {
        "date": "2020-11-21T14:54:18.259Z",
        "value": "2.9702487016475643",
        "cumulative": false
    },
    {
        "date": "2020-11-21T14:54:49.507Z",
        "value": "3.476007199754902",
        "cumulative": false
    },
    {
        "date": "2020-11-21T14:55:19.945Z",
        "value": "2.827648840926018",
        "cumulative": false
    },
    {
        "date": "2020-11-21T14:55:48.745Z",
        "value": "4.281916920731708",
        "cumulative": false
    },
    {
        "date": "2020-11-21T14:56:16.928Z",
        "value": "2.6370072684651817",
        "cumulative": false
    },
    {
        "date": "2020-11-21T14:56:47.769Z",
        "value": "2.6038051094360948",
        "cumulative": false
    },
    {
        "date": "2020-11-21T14:57:17.716Z",
        "value": "3.3042283925356033",
        "cumulative": false
    },
    {
        "date": "2020-11-21T14:57:46.688Z",
        "value": "4.054034344561688",
        "cumulative": false
    },
    {
        "date": "2020-11-21T14:58:15.060Z",
        "value": "4.598821312444576",
        "cumulative": false
    },
    {
        "date": "2020-11-21T14:58:46.403Z",
        "value": "3.2830200791941593",
        "cumulative": false
    },
    {
        "date": "2020-11-21T14:59:16.020Z",
        "value": "4.756487357918864",
        "cumulative": false
    },
    {
        "date": "2020-11-21T14:59:44.914Z",
        "value": "2.9337590939153437",
        "cumulative": false
    },
    {
        "date": "2020-11-21T15:00:13.389Z",
        "value": "3.390502817935612",
        "cumulative": false
    },
    {
        "date": "2020-11-21T15:00:44.405Z",
        "value": "2.6584396362304688",
        "cumulative": false
    },
    {
        "date": "2020-11-21T15:01:13.468Z",
        "value": "4.847198721286129",
        "cumulative": false
    },
    {
        "date": "2020-11-21T15:01:42.418Z",
        "value": "4.685077054522964",
        "cumulative": false
    },
    {
        "date": "2020-11-21T15:02:11.957Z",
        "value": "2.852019779265873",
        "cumulative": false
    },
    {
        "date": "2020-11-21T15:02:43.319Z",
        "value": "2.8372599283854165",
        "cumulative": false
    },
    {
        "date": "2020-11-21T15:03:12.360Z",
        "value": "2.6320807961856616",
        "cumulative": false
    },
    {
        "date": "2020-11-21T15:03:41.895Z",
        "value": "2.655227363782051",
        "cumulative": false
    },
    {
        "date": "2020-11-21T15:04:10.209Z",
        "value": "2.6887436810661764",
        "cumulative": false
    },
    {
        "date": "2020-11-21T15:04:42.067Z",
        "value": "2.8611784020248723",
        "cumulative": false
    },
    {
        "date": "2020-11-21T15:05:12.051Z",
        "value": "2.7026498574333413",
        "cumulative": false
    },
    {
        "date": "2020-11-21T15:05:40.289Z",
        "value": "2.7360595703125",
        "cumulative": false
    },
    {
        "date": "2020-11-21T15:06:10.030Z",
        "value": "2.863655159065315",
        "cumulative": false
    },
    {
        "date": "2020-11-21T15:06:41.216Z",
        "value": "2.8082103113974295",
        "cumulative": false
    },
    {
        "date": "2020-11-21T15:07:10.411Z",
        "value": "4.822139180294963",
        "cumulative": false
    },
    {
        "date": "2020-11-21T15:07:39.946Z",
        "value": "2.6657340001578285",
        "cumulative": false
    },
    {
        "date": "2020-11-21T15:08:08.825Z",
        "value": "4.7458624925043615",
        "cumulative": false
    },
    {
        "date": "2020-11-21T15:08:39.431Z",
        "value": "2.6513925589767156",
        "cumulative": false
    },
    {
        "date": "2020-11-21T15:09:07.239Z",
        "value": "2.8124765331664583",
        "cumulative": false
    },
    {
        "date": "2020-11-21T15:09:36.496Z",
        "value": "2.715834862294823",
        "cumulative": false
    },
    {
        "date": "2020-11-21T15:10:05.901Z",
        "value": "2.733470646353901",
        "cumulative": false
    },
    {
        "date": "2020-11-21T15:10:36.283Z",
        "value": "3.216759817940848",
        "cumulative": false
    },
    {
        "date": "2020-11-21T15:11:05.325Z",
        "value": "2.6431948008308894",
        "cumulative": false
    },
    {
        "date": "2020-11-21T15:11:33.897Z",
        "value": "2.7439990572352095",
        "cumulative": false
    },
    {
        "date": "2020-11-21T15:12:01.949Z",
        "value": "2.7376268174913196",
        "cumulative": false
    },
    {
        "date": "2020-11-21T15:12:33.383Z",
        "value": "2.632621256510417",
        "cumulative": false
    },
    {
        "date": "2020-11-21T15:13:02.565Z",
        "value": "2.606969391495601",
        "cumulative": false
    },
    {
        "date": "2020-11-21T15:13:48.336Z",
        "value": "3.6601885117277835",
        "cumulative": false
    },
    {
        "date": "2020-11-21T15:14:16.128Z",
        "value": "4.632473816582426",
        "cumulative": false
    },
    {
        "date": "2020-11-21T15:14:46.416Z",
        "value": "2.7616720406496547",
        "cumulative": false
    },
    {
        "date": "2020-11-21T15:15:14.626Z",
        "value": "4.859940844454522",
        "cumulative": false
    },
    {
        "date": "2020-11-21T15:15:43.255Z",
        "value": "2.7365893218542836",
        "cumulative": false
    },
    {
        "date": "2020-11-21T15:16:11.791Z",
        "value": "2.7475310935544432",
        "cumulative": false
    },
    {
        "date": "2020-11-21T15:16:42.106Z",
        "value": "2.688152956495098",
        "cumulative": false
    },
    {
        "date": "2020-11-21T15:17:11.915Z",
        "value": "2.66355498342803",
        "cumulative": false
    },
    {
        "date": "2020-11-21T15:17:40.562Z",
        "value": "2.7876599219537552",
        "cumulative": false
    },
    {
        "date": "2020-11-21T15:18:10.019Z",
        "value": "2.9104667467948717",
        "cumulative": false
    },
    {
        "date": "2020-11-21T15:18:41.471Z",
        "value": "4.981548311758704",
        "cumulative": false
    },
    {
        "date": "2020-11-21T15:19:10.156Z",
        "value": "3.6102163690098883",
        "cumulative": false
    },
    {
        "date": "2020-11-21T15:19:39.144Z",
        "value": "4.867554281719954",
        "cumulative": false
    },
    {
        "date": "2020-11-21T15:20:08.360Z",
        "value": "2.426494916280111",
        "cumulative": false
    },
    {
        "date": "2020-11-21T15:20:39.368Z",
        "value": "3.534718683800873",
        "cumulative": false
    },
    {
        "date": "2020-11-21T15:21:08.575Z",
        "value": "2.806765088848039",
        "cumulative": false
    },
    {
        "date": "2020-11-21T15:21:37.080Z",
        "value": "2.996892647283272",
        "cumulative": false
    },
    {
        "date": "2020-11-21T15:22:05.174Z",
        "value": "2.8531939338235293",
        "cumulative": false
    }
]