[
    {
        "date": "2020-12-08T11:01:45.950Z",
        "value": "0.0007321834564208984",
        "cumulative": false
    },
    {
        "date": "2020-12-08T11:02:04.295Z",
        "value": "0.0008218288421630859",
        "cumulative": false
    },
    {
        "date": "2020-12-08T11:02:22.667Z",
        "value": "0.0008516311645507812",
        "cumulative": false
    },
    {
        "date": "2020-12-08T11:02:41.182Z",
        "value": "0.0007584095001220703",
        "cumulative": false
    },
    {
        "date": "2020-12-08T11:02:59.797Z",
        "value": "0.0007839202880859375",
        "cumulative": false
    },
    {
        "date": "2020-12-08T11:03:18.646Z",
        "value": "0.0008184909820556641",
        "cumulative": false
    },
    {
        "date": "2020-12-08T11:03:37.350Z",
        "value": "0.0009005069732666016",
        "cumulative": false
    },
    {
        "date": "2020-12-08T11:03:56.101Z",
        "value": "0.0008728504180908203",
        "cumulative": false
    },
    {
        "date": "2020-12-08T11:04:14.696Z",
        "value": "0.0008757114410400391",
        "cumulative": false
    },
    {
        "date": "2020-12-08T11:04:33.387Z",
        "value": "0.0007936954498291016",
        "cumulative": false
    },
    {
        "date": "2020-12-08T11:04:51.947Z",
        "value": "0.0007810592651367188",
        "cumulative": false
    }
]