[
    {
        "date": "2020-12-08T11:01:29.566Z",
        "value": "2.5555922985076904",
        "cumulative": false
    },
    {
        "date": "2020-12-08T11:01:30.684Z",
        "value": "2.078562021255493",
        "cumulative": false
    },
    {
        "date": "2020-12-08T11:01:31.729Z",
        "value": "1.9669766426086426",
        "cumulative": false
    },
    {
        "date": "2020-12-08T11:01:32.770Z",
        "value": "1.7566649913787842",
        "cumulative": false
    },
    {
        "date": "2020-12-08T11:01:33.815Z",
        "value": "1.514987826347351",
        "cumulative": false
    },
    {
        "date": "2020-12-08T11:01:34.862Z",
        "value": "1.7781363725662231",
        "cumulative": false
    },
    {
        "date": "2020-12-08T11:01:35.898Z",
        "value": "1.6069817543029785",
        "cumulative": false
    },
    {
        "date": "2020-12-08T11:01:36.943Z",
        "value": "1.5817700624465942",
        "cumulative": false
    },
    {
        "date": "2020-12-08T11:01:38.008Z",
        "value": "1.6978883743286133",
        "cumulative": false
    },
    {
        "date": "2020-12-08T11:01:39.069Z",
        "value": "1.3912361860275269",
        "cumulative": false
    },
    {
        "date": "2020-12-08T11:01:40.097Z",
        "value": "1.3903112411499023",
        "cumulative": false
    },
    {
        "date": "2020-12-08T11:01:41.156Z",
        "value": "1.6570842266082764",
        "cumulative": false
    },
    {
        "date": "2020-12-08T11:01:42.199Z",
        "value": "1.2622085809707642",
        "cumulative": false
    },
    {
        "date": "2020-12-08T11:01:43.247Z",
        "value": "1.4530595541000366",
        "cumulative": false
    },
    {
        "date": "2020-12-08T11:01:44.286Z",
        "value": "1.4039857387542725",
        "cumulative": false
    },
    {
        "date": "2020-12-08T11:01:45.317Z",
        "value": "1.2953660488128662",
        "cumulative": false
    },
    {
        "date": "2020-12-08T11:01:47.845Z",
        "value": "1.319395661354065",
        "cumulative": false
    },
    {
        "date": "2020-12-08T11:01:48.912Z",
        "value": "1.3273440599441528",
        "cumulative": false
    },
    {
        "date": "2020-12-08T11:01:49.967Z",
        "value": "0.9883697032928467",
        "cumulative": false
    },
    {
        "date": "2020-12-08T11:01:51.028Z",
        "value": "1.1477665901184082",
        "cumulative": false
    },
    {
        "date": "2020-12-08T11:01:52.085Z",
        "value": "1.295347809791565",
        "cumulative": false
    },
    {
        "date": "2020-12-08T11:01:53.133Z",
        "value": "1.1432658433914185",
        "cumulative": false
    },
    {
        "date": "2020-12-08T11:01:54.186Z",
        "value": "1.0588955879211426",
        "cumulative": false
    },
    {
        "date": "2020-12-08T11:01:55.232Z",
        "value": "1.0979743003845215",
        "cumulative": false
    },
    {
        "date": "2020-12-08T11:01:56.294Z",
        "value": "1.0990699529647827",
        "cumulative": false
    },
    {
        "date": "2020-12-08T11:01:57.351Z",
        "value": "1.1224167346954346",
        "cumulative": false
    },
    {
        "date": "2020-12-08T11:01:58.403Z",
        "value": "0.8889431953430176",
        "cumulative": false
    },
    {
        "date": "2020-12-08T11:01:59.449Z",
        "value": "1.0012284517288208",
        "cumulative": false
    },
    {
        "date": "2020-12-08T11:02:00.494Z",
        "value": "0.9955496191978455",
        "cumulative": false
    },
    {
        "date": "2020-12-08T11:02:01.551Z",
        "value": "0.8860678672790527",
        "cumulative": false
    },
    {
        "date": "2020-12-08T11:02:02.591Z",
        "value": "0.9044983983039856",
        "cumulative": false
    },
    {
        "date": "2020-12-08T11:02:03.643Z",
        "value": "1.0678611993789673",
        "cumulative": false
    },
    {
        "date": "2020-12-08T11:02:06.166Z",
        "value": "1.2163342237472534",
        "cumulative": false
    },
    {
        "date": "2020-12-08T11:02:07.215Z",
        "value": "0.925004243850708",
        "cumulative": false
    },
    {
        "date": "2020-12-08T11:02:08.271Z",
        "value": "0.9568530917167664",
        "cumulative": false
    },
    {
        "date": "2020-12-08T11:02:09.330Z",
        "value": "0.9311743974685669",
        "cumulative": false
    },
    {
        "date": "2020-12-08T11:02:10.385Z",
        "value": "0.943860650062561",
        "cumulative": false
    },
    {
        "date": "2020-12-08T11:02:11.430Z",
        "value": "0.8522896766662598",
        "cumulative": false
    },
    {
        "date": "2020-12-08T11:02:12.486Z",
        "value": "0.8729362487792969",
        "cumulative": false
    },
    {
        "date": "2020-12-08T11:02:13.545Z",
        "value": "1.0428500175476074",
        "cumulative": false
    },
    {
        "date": "2020-12-08T11:02:14.591Z",
        "value": "0.8684612512588501",
        "cumulative": false
    },
    {
        "date": "2020-12-08T11:02:15.643Z",
        "value": "0.7048653364181519",
        "cumulative": false
    },
    {
        "date": "2020-12-08T11:02:16.697Z",
        "value": "0.8915332555770874",
        "cumulative": false
    },
    {
        "date": "2020-12-08T11:02:17.749Z",
        "value": "0.8022871017456055",
        "cumulative": false
    },
    {
        "date": "2020-12-08T11:02:18.809Z",
        "value": "0.9694400429725647",
        "cumulative": false
    },
    {
        "date": "2020-12-08T11:02:19.875Z",
        "value": "0.8695859909057617",
        "cumulative": false
    },
    {
        "date": "2020-12-08T11:02:20.946Z",
        "value": "0.7228875160217285",
        "cumulative": false
    },
    {
        "date": "2020-12-08T11:02:22.006Z",
        "value": "0.9339077472686768",
        "cumulative": false
    },
    {
        "date": "2020-12-08T11:02:24.518Z",
        "value": "0.886462390422821",
        "cumulative": false
    },
    {
        "date": "2020-12-08T11:02:25.575Z",
        "value": "0.7221329808235168",
        "cumulative": false
    },
    {
        "date": "2020-12-08T11:02:26.631Z",
        "value": "0.6881929636001587",
        "cumulative": false
    },
    {
        "date": "2020-12-08T11:02:27.697Z",
        "value": "0.7475799918174744",
        "cumulative": false
    },
    {
        "date": "2020-12-08T11:02:28.773Z",
        "value": "0.7925378680229187",
        "cumulative": false
    },
    {
        "date": "2020-12-08T11:02:29.836Z",
        "value": "0.9729331731796265",
        "cumulative": false
    },
    {
        "date": "2020-12-08T11:02:30.911Z",
        "value": "0.7284725308418274",
        "cumulative": false
    },
    {
        "date": "2020-12-08T11:02:31.977Z",
        "value": "0.7040463089942932",
        "cumulative": false
    },
    {
        "date": "2020-12-08T11:02:33.041Z",
        "value": "0.6046507358551025",
        "cumulative": false
    },
    {
        "date": "2020-12-08T11:02:34.113Z",
        "value": "0.724656343460083",
        "cumulative": false
    },
    {
        "date": "2020-12-08T11:02:35.174Z",
        "value": "0.6504837274551392",
        "cumulative": false
    },
    {
        "date": "2020-12-08T11:02:36.238Z",
        "value": "0.7313526272773743",
        "cumulative": false
    },
    {
        "date": "2020-12-08T11:02:37.295Z",
        "value": "0.7641991972923279",
        "cumulative": false
    },
    {
        "date": "2020-12-08T11:02:38.366Z",
        "value": "0.6232468485832214",
        "cumulative": false
    },
    {
        "date": "2020-12-08T11:02:39.446Z",
        "value": "0.5800825953483582",
        "cumulative": false
    },
    {
        "date": "2020-12-08T11:02:40.519Z",
        "value": "0.7237882018089294",
        "cumulative": false
    },
    {
        "date": "2020-12-08T11:02:43.088Z",
        "value": "0.7335880994796753",
        "cumulative": false
    },
    {
        "date": "2020-12-08T11:02:44.174Z",
        "value": "0.6765334010124207",
        "cumulative": false
    },
    {
        "date": "2020-12-08T11:02:45.233Z",
        "value": "0.5504516959190369",
        "cumulative": false
    },
    {
        "date": "2020-12-08T11:02:46.286Z",
        "value": "0.8395071625709534",
        "cumulative": false
    },
    {
        "date": "2020-12-08T11:02:47.344Z",
        "value": "0.5748081803321838",
        "cumulative": false
    },
    {
        "date": "2020-12-08T11:02:48.427Z",
        "value": "0.5767704844474792",
        "cumulative": false
    },
    {
        "date": "2020-12-08T11:02:49.492Z",
        "value": "0.6039301753044128",
        "cumulative": false
    },
    {
        "date": "2020-12-08T11:02:50.561Z",
        "value": "0.7524524927139282",
        "cumulative": false
    },
    {
        "date": "2020-12-08T11:02:51.624Z",
        "value": "0.6977367401123047",
        "cumulative": false
    },
    {
        "date": "2020-12-08T11:02:52.692Z",
        "value": "0.6216514110565186",
        "cumulative": false
    },
    {
        "date": "2020-12-08T11:02:53.773Z",
        "value": "0.794506847858429",
        "cumulative": false
    },
    {
        "date": "2020-12-08T11:02:54.845Z",
        "value": "0.6769332885742188",
        "cumulative": false
    },
    {
        "date": "2020-12-08T11:02:55.914Z",
        "value": "0.6072516441345215",
        "cumulative": false
    },
    {
        "date": "2020-12-08T11:02:56.993Z",
        "value": "0.8490628600120544",
        "cumulative": false
    },
    {
        "date": "2020-12-08T11:02:58.063Z",
        "value": "0.5873402953147888",
        "cumulative": false
    },
    {
        "date": "2020-12-08T11:02:59.143Z",
        "value": "0.6106531620025635",
        "cumulative": false
    },
    {
        "date": "2020-12-08T11:03:01.669Z",
        "value": "0.845197856426239",
        "cumulative": false
    },
    {
        "date": "2020-12-08T11:03:02.757Z",
        "value": "0.5907045006752014",
        "cumulative": false
    },
    {
        "date": "2020-12-08T11:03:03.838Z",
        "value": "0.6358848214149475",
        "cumulative": false
    },
    {
        "date": "2020-12-08T11:03:04.915Z",
        "value": "0.7144333124160767",
        "cumulative": false
    },
    {
        "date": "2020-12-08T11:03:05.995Z",
        "value": "0.5819950103759766",
        "cumulative": false
    },
    {
        "date": "2020-12-08T11:03:07.069Z",
        "value": "0.5395711660385132",
        "cumulative": false
    },
    {
        "date": "2020-12-08T11:03:08.149Z",
        "value": "0.6382132768630981",
        "cumulative": false
    },
    {
        "date": "2020-12-08T11:03:09.241Z",
        "value": "0.5677013397216797",
        "cumulative": false
    },
    {
        "date": "2020-12-08T11:03:10.319Z",
        "value": "0.6627386808395386",
        "cumulative": false
    },
    {
        "date": "2020-12-08T11:03:11.422Z",
        "value": "0.6383063793182373",
        "cumulative": false
    },
    {
        "date": "2020-12-08T11:03:12.519Z",
        "value": "0.4898461103439331",
        "cumulative": false
    },
    {
        "date": "2020-12-08T11:03:13.615Z",
        "value": "0.5861514210700989",
        "cumulative": false
    },
    {
        "date": "2020-12-08T11:03:14.711Z",
        "value": "0.5548971891403198",
        "cumulative": false
    },
    {
        "date": "2020-12-08T11:03:15.794Z",
        "value": "0.651518702507019",
        "cumulative": false
    },
    {
        "date": "2020-12-08T11:03:16.896Z",
        "value": "0.5553348660469055",
        "cumulative": false
    },
    {
        "date": "2020-12-08T11:03:17.983Z",
        "value": "0.591426432132721",
        "cumulative": false
    },
    {
        "date": "2020-12-08T11:03:20.526Z",
        "value": "0.5496591329574585",
        "cumulative": false
    },
    {
        "date": "2020-12-08T11:03:21.563Z",
        "value": "0.6210919618606567",
        "cumulative": false
    },
    {
        "date": "2020-12-08T11:03:22.645Z",
        "value": "0.633618175983429",
        "cumulative": false
    },
    {
        "date": "2020-12-08T11:03:23.727Z",
        "value": "0.6395006775856018",
        "cumulative": false
    },
    {
        "date": "2020-12-08T11:03:24.812Z",
        "value": "0.5089835524559021",
        "cumulative": false
    },
    {
        "date": "2020-12-08T11:03:25.874Z",
        "value": "0.6866438388824463",
        "cumulative": false
    },
    {
        "date": "2020-12-08T11:03:26.951Z",
        "value": "0.5145460367202759",
        "cumulative": false
    },
    {
        "date": "2020-12-08T11:03:28.030Z",
        "value": "0.6531183123588562",
        "cumulative": false
    },
    {
        "date": "2020-12-08T11:03:29.126Z",
        "value": "0.5540603995323181",
        "cumulative": false
    },
    {
        "date": "2020-12-08T11:03:30.209Z",
        "value": "0.53846275806427",
        "cumulative": false
    },
    {
        "date": "2020-12-08T11:03:31.270Z",
        "value": "0.553867518901825",
        "cumulative": false
    },
    {
        "date": "2020-12-08T11:03:32.345Z",
        "value": "0.5565412640571594",
        "cumulative": false
    },
    {
        "date": "2020-12-08T11:03:33.427Z",
        "value": "0.5072986483573914",
        "cumulative": false
    },
    {
        "date": "2020-12-08T11:03:34.505Z",
        "value": "0.6807587146759033",
        "cumulative": false
    },
    {
        "date": "2020-12-08T11:03:35.616Z",
        "value": "0.5460950136184692",
        "cumulative": false
    },
    {
        "date": "2020-12-08T11:03:36.687Z",
        "value": "0.4258236587047577",
        "cumulative": false
    },
    {
        "date": "2020-12-08T11:03:39.271Z",
        "value": "0.4008074104785919",
        "cumulative": false
    },
    {
        "date": "2020-12-08T11:03:40.366Z",
        "value": "0.6550872921943665",
        "cumulative": false
    },
    {
        "date": "2020-12-08T11:03:41.443Z",
        "value": "0.6046308279037476",
        "cumulative": false
    },
    {
        "date": "2020-12-08T11:03:42.525Z",
        "value": "0.49497076869010925",
        "cumulative": false
    },
    {
        "date": "2020-12-08T11:03:43.615Z",
        "value": "0.44780436158180237",
        "cumulative": false
    },
    {
        "date": "2020-12-08T11:03:44.695Z",
        "value": "0.5737224221229553",
        "cumulative": false
    },
    {
        "date": "2020-12-08T11:03:45.774Z",
        "value": "0.6261349320411682",
        "cumulative": false
    },
    {
        "date": "2020-12-08T11:03:46.847Z",
        "value": "0.42443546652793884",
        "cumulative": false
    },
    {
        "date": "2020-12-08T11:03:47.922Z",
        "value": "0.8164123892784119",
        "cumulative": false
    },
    {
        "date": "2020-12-08T11:03:48.988Z",
        "value": "0.5906282067298889",
        "cumulative": false
    },
    {
        "date": "2020-12-08T11:03:50.074Z",
        "value": "0.5268368124961853",
        "cumulative": false
    },
    {
        "date": "2020-12-08T11:03:51.143Z",
        "value": "0.5259862542152405",
        "cumulative": false
    },
    {
        "date": "2020-12-08T11:03:52.229Z",
        "value": "0.5953436493873596",
        "cumulative": false
    },
    {
        "date": "2020-12-08T11:03:53.273Z",
        "value": "0.42135918140411377",
        "cumulative": false
    },
    {
        "date": "2020-12-08T11:03:54.359Z",
        "value": "0.4714418053627014",
        "cumulative": false
    },
    {
        "date": "2020-12-08T11:03:55.426Z",
        "value": "0.7380417585372925",
        "cumulative": false
    },
    {
        "date": "2020-12-08T11:03:57.913Z",
        "value": "0.4601253271102905",
        "cumulative": false
    },
    {
        "date": "2020-12-08T11:03:59.002Z",
        "value": "0.5605542063713074",
        "cumulative": false
    },
    {
        "date": "2020-12-08T11:04:00.093Z",
        "value": "0.38393816351890564",
        "cumulative": false
    },
    {
        "date": "2020-12-08T11:04:01.177Z",
        "value": "0.5274107456207275",
        "cumulative": false
    },
    {
        "date": "2020-12-08T11:04:02.251Z",
        "value": "0.42414599657058716",
        "cumulative": false
    },
    {
        "date": "2020-12-08T11:04:03.323Z",
        "value": "0.4973134398460388",
        "cumulative": false
    },
    {
        "date": "2020-12-08T11:04:04.382Z",
        "value": "0.594656229019165",
        "cumulative": false
    },
    {
        "date": "2020-12-08T11:04:05.452Z",
        "value": "0.4933319389820099",
        "cumulative": false
    },
    {
        "date": "2020-12-08T11:04:06.529Z",
        "value": "0.5657848119735718",
        "cumulative": false
    },
    {
        "date": "2020-12-08T11:04:07.583Z",
        "value": "0.5640628933906555",
        "cumulative": false
    },
    {
        "date": "2020-12-08T11:04:08.660Z",
        "value": "0.44085171818733215",
        "cumulative": false
    },
    {
        "date": "2020-12-08T11:04:09.744Z",
        "value": "0.5227028131484985",
        "cumulative": false
    },
    {
        "date": "2020-12-08T11:04:10.820Z",
        "value": "0.6183061599731445",
        "cumulative": false
    },
    {
        "date": "2020-12-08T11:04:11.893Z",
        "value": "0.5141383409500122",
        "cumulative": false
    },
    {
        "date": "2020-12-08T11:04:12.963Z",
        "value": "0.47774314880371094",
        "cumulative": false
    },
    {
        "date": "2020-12-08T11:04:14.036Z",
        "value": "0.49032875895500183",
        "cumulative": false
    },
    {
        "date": "2020-12-08T11:04:16.617Z",
        "value": "0.5038619041442871",
        "cumulative": false
    },
    {
        "date": "2020-12-08T11:04:17.702Z",
        "value": "0.44640645384788513",
        "cumulative": false
    },
    {
        "date": "2020-12-08T11:04:18.765Z",
        "value": "0.5179615020751953",
        "cumulative": false
    },
    {
        "date": "2020-12-08T11:04:19.854Z",
        "value": "0.5477421283721924",
        "cumulative": false
    },
    {
        "date": "2020-12-08T11:04:20.921Z",
        "value": "0.45928236842155457",
        "cumulative": false
    },
    {
        "date": "2020-12-08T11:04:22.013Z",
        "value": "0.49772119522094727",
        "cumulative": false
    },
    {
        "date": "2020-12-08T11:04:23.074Z",
        "value": "0.5630097389221191",
        "cumulative": false
    },
    {
        "date": "2020-12-08T11:04:24.142Z",
        "value": "0.4853370189666748",
        "cumulative": false
    },
    {
        "date": "2020-12-08T11:04:25.227Z",
        "value": "0.3672536313533783",
        "cumulative": false
    },
    {
        "date": "2020-12-08T11:04:26.297Z",
        "value": "0.6464933753013611",
        "cumulative": false
    },
    {
        "date": "2020-12-08T11:04:27.368Z",
        "value": "0.4903351068496704",
        "cumulative": false
    },
    {
        "date": "2020-12-08T11:04:28.434Z",
        "value": "0.5400928854942322",
        "cumulative": false
    },
    {
        "date": "2020-12-08T11:04:29.510Z",
        "value": "0.46205854415893555",
        "cumulative": false
    },
    {
        "date": "2020-12-08T11:04:30.573Z",
        "value": "0.45523855090141296",
        "cumulative": false
    },
    {
        "date": "2020-12-08T11:04:31.647Z",
        "value": "0.6770297884941101",
        "cumulative": false
    },
    {
        "date": "2020-12-08T11:04:32.715Z",
        "value": "0.4816857874393463",
        "cumulative": false
    },
    {
        "date": "2020-12-08T11:04:35.232Z",
        "value": "0.42861026525497437",
        "cumulative": false
    },
    {
        "date": "2020-12-08T11:04:36.313Z",
        "value": "0.5174646377563477",
        "cumulative": false
    },
    {
        "date": "2020-12-08T11:04:37.373Z",
        "value": "0.5775511860847473",
        "cumulative": false
    },
    {
        "date": "2020-12-08T11:04:38.458Z",
        "value": "0.5378526449203491",
        "cumulative": false
    },
    {
        "date": "2020-12-08T11:04:39.532Z",
        "value": "0.5097886323928833",
        "cumulative": false
    },
    {
        "date": "2020-12-08T11:04:40.613Z",
        "value": "0.35879719257354736",
        "cumulative": false
    },
    {
        "date": "2020-12-08T11:04:41.679Z",
        "value": "0.40970635414123535",
        "cumulative": false
    },
    {
        "date": "2020-12-08T11:04:42.750Z",
        "value": "0.3814411461353302",
        "cumulative": false
    },
    {
        "date": "2020-12-08T11:04:43.818Z",
        "value": "0.40793851017951965",
        "cumulative": false
    },
    {
        "date": "2020-12-08T11:04:44.903Z",
        "value": "0.49723806977272034",
        "cumulative": false
    },
    {
        "date": "2020-12-08T11:04:45.963Z",
        "value": "0.5020977258682251",
        "cumulative": false
    },
    {
        "date": "2020-12-08T11:04:47.028Z",
        "value": "0.5112529993057251",
        "cumulative": false
    },
    {
        "date": "2020-12-08T11:04:48.094Z",
        "value": "0.5238455533981323",
        "cumulative": false
    },
    {
        "date": "2020-12-08T11:04:49.172Z",
        "value": "0.5884455442428589",
        "cumulative": false
    },
    {
        "date": "2020-12-08T11:04:50.236Z",
        "value": "0.43048912286758423",
        "cumulative": false
    },
    {
        "date": "2020-12-08T11:04:51.287Z",
        "value": "0.43715402483940125",
        "cumulative": false
    }
]