[
    {
        "date": "2020-12-08T11:01:45.950Z",
        "value": "7.423125267028809",
        "cumulative": false
    },
    {
        "date": "2020-12-08T11:02:04.295Z",
        "value": "3.588245153427124",
        "cumulative": false
    },
    {
        "date": "2020-12-08T11:02:22.667Z",
        "value": "3.3879342079162598",
        "cumulative": false
    },
    {
        "date": "2020-12-08T11:02:41.182Z",
        "value": "3.5132851600646973",
        "cumulative": false
    },
    {
        "date": "2020-12-08T11:02:59.796Z",
        "value": "3.45522141456604",
        "cumulative": false
    },
    {
        "date": "2020-12-08T11:03:18.646Z",
        "value": "3.534217119216919",
        "cumulative": false
    },
    {
        "date": "2020-12-08T11:03:37.350Z",
        "value": "3.5399699211120605",
        "cumulative": false
    },
    {
        "date": "2020-12-08T11:03:56.101Z",
        "value": "3.5801444053649902",
        "cumulative": false
    },
    {
        "date": "2020-12-08T11:04:14.696Z",
        "value": "3.524913787841797",
        "cumulative": false
    },
    {
        "date": "2020-12-08T11:04:33.387Z",
        "value": "3.4786112308502197",
        "cumulative": false
    },
    {
        "date": "2020-12-08T11:04:51.947Z",
        "value": "3.476475477218628",
        "cumulative": false
    }
]