[
    {
        "date": "2020-12-08T11:01:45.950Z",
        "value": "0.2293262481689453",
        "cumulative": false
    },
    {
        "date": "2020-12-08T11:02:04.295Z",
        "value": "0.23012304306030273",
        "cumulative": false
    },
    {
        "date": "2020-12-08T11:02:22.667Z",
        "value": "0.23131942749023438",
        "cumulative": false
    },
    {
        "date": "2020-12-08T11:02:41.182Z",
        "value": "0.2350311279296875",
        "cumulative": false
    },
    {
        "date": "2020-12-08T11:02:59.797Z",
        "value": "0.22250843048095703",
        "cumulative": false
    },
    {
        "date": "2020-12-08T11:03:18.646Z",
        "value": "0.23116135597229004",
        "cumulative": false
    },
    {
        "date": "2020-12-08T11:03:37.350Z",
        "value": "0.22870588302612305",
        "cumulative": false
    },
    {
        "date": "2020-12-08T11:03:56.101Z",
        "value": "0.23199200630187988",
        "cumulative": false
    },
    {
        "date": "2020-12-08T11:04:14.696Z",
        "value": "0.22889184951782227",
        "cumulative": false
    },
    {
        "date": "2020-12-08T11:04:33.387Z",
        "value": "0.22624778747558594",
        "cumulative": false
    },
    {
        "date": "2020-12-08T11:04:51.947Z",
        "value": "0.22128963470458984",
        "cumulative": false
    }
]