[
    {
        "date": "2020-12-08T11:01:45.950Z",
        "value": "0.9906296730041504",
        "cumulative": false
    },
    {
        "date": "2020-12-08T11:02:04.295Z",
        "value": "0.9861228466033936",
        "cumulative": false
    },
    {
        "date": "2020-12-08T11:02:22.667Z",
        "value": "0.9509477615356445",
        "cumulative": false
    },
    {
        "date": "2020-12-08T11:02:41.182Z",
        "value": "0.9611995220184326",
        "cumulative": false
    },
    {
        "date": "2020-12-08T11:02:59.796Z",
        "value": "0.9301719665527344",
        "cumulative": false
    },
    {
        "date": "2020-12-08T11:03:18.646Z",
        "value": "0.9465882778167725",
        "cumulative": false
    },
    {
        "date": "2020-12-08T11:03:37.350Z",
        "value": "0.9511992931365967",
        "cumulative": false
    },
    {
        "date": "2020-12-08T11:03:56.101Z",
        "value": "0.9685268402099609",
        "cumulative": false
    },
    {
        "date": "2020-12-08T11:04:14.696Z",
        "value": "0.9281580448150635",
        "cumulative": false
    },
    {
        "date": "2020-12-08T11:04:33.387Z",
        "value": "0.9340808391571045",
        "cumulative": false
    },
    {
        "date": "2020-12-08T11:04:51.947Z",
        "value": "0.9283905029296875",
        "cumulative": false
    }
]