[
    {
        "date": "2020-12-08T11:01:29.568Z",
        "value": "7.03125",
        "cumulative": false
    },
    {
        "date": "2020-12-08T11:01:30.684Z",
        "value": "17.1875",
        "cumulative": false
    },
    {
        "date": "2020-12-08T11:01:31.729Z",
        "value": "26.5625",
        "cumulative": false
    },
    {
        "date": "2020-12-08T11:01:32.770Z",
        "value": "32.03125",
        "cumulative": false
    },
    {
        "date": "2020-12-08T11:01:33.815Z",
        "value": "46.09375",
        "cumulative": false
    },
    {
        "date": "2020-12-08T11:01:34.862Z",
        "value": "33.59375",
        "cumulative": false
    },
    {
        "date": "2020-12-08T11:01:35.898Z",
        "value": "39.84375",
        "cumulative": false
    },
    {
        "date": "2020-12-08T11:01:36.943Z",
        "value": "39.0625",
        "cumulative": false
    },
    {
        "date": "2020-12-08T11:01:38.008Z",
        "value": "32.03125",
        "cumulative": false
    },
    {
        "date": "2020-12-08T11:01:39.069Z",
        "value": "49.21875",
        "cumulative": false
    },
    {
        "date": "2020-12-08T11:01:40.097Z",
        "value": "48.4375",
        "cumulative": false
    },
    {
        "date": "2020-12-08T11:01:41.156Z",
        "value": "40.625",
        "cumulative": false
    },
    {
        "date": "2020-12-08T11:01:42.199Z",
        "value": "53.125",
        "cumulative": false
    },
    {
        "date": "2020-12-08T11:01:43.247Z",
        "value": "53.125",
        "cumulative": false
    },
    {
        "date": "2020-12-08T11:01:44.286Z",
        "value": "49.21875",
        "cumulative": false
    },
    {
        "date": "2020-12-08T11:01:45.317Z",
        "value": "56.25",
        "cumulative": false
    },
    {
        "date": "2020-12-08T11:01:47.845Z",
        "value": "53.125",
        "cumulative": false
    },
    {
        "date": "2020-12-08T11:01:48.913Z",
        "value": "50.78125",
        "cumulative": false
    },
    {
        "date": "2020-12-08T11:01:49.967Z",
        "value": "71.875",
        "cumulative": false
    },
    {
        "date": "2020-12-08T11:01:51.028Z",
        "value": "53.125",
        "cumulative": false
    },
    {
        "date": "2020-12-08T11:01:52.085Z",
        "value": "53.90625",
        "cumulative": false
    },
    {
        "date": "2020-12-08T11:01:53.133Z",
        "value": "55.46875",
        "cumulative": false
    },
    {
        "date": "2020-12-08T11:01:54.187Z",
        "value": "64.0625",
        "cumulative": false
    },
    {
        "date": "2020-12-08T11:01:55.232Z",
        "value": "62.5",
        "cumulative": false
    },
    {
        "date": "2020-12-08T11:01:56.294Z",
        "value": "54.6875",
        "cumulative": false
    },
    {
        "date": "2020-12-08T11:01:57.351Z",
        "value": "56.25",
        "cumulative": false
    },
    {
        "date": "2020-12-08T11:01:58.403Z",
        "value": "70.3125",
        "cumulative": false
    },
    {
        "date": "2020-12-08T11:01:59.450Z",
        "value": "67.1875",
        "cumulative": false
    },
    {
        "date": "2020-12-08T11:02:00.494Z",
        "value": "63.28125",
        "cumulative": false
    },
    {
        "date": "2020-12-08T11:02:01.552Z",
        "value": "67.1875",
        "cumulative": false
    },
    {
        "date": "2020-12-08T11:02:02.591Z",
        "value": "65.625",
        "cumulative": false
    },
    {
        "date": "2020-12-08T11:02:03.643Z",
        "value": "61.71875",
        "cumulative": false
    },
    {
        "date": "2020-12-08T11:02:06.167Z",
        "value": "62.5",
        "cumulative": false
    },
    {
        "date": "2020-12-08T11:02:07.215Z",
        "value": "67.1875",
        "cumulative": false
    },
    {
        "date": "2020-12-08T11:02:08.271Z",
        "value": "70.3125",
        "cumulative": false
    },
    {
        "date": "2020-12-08T11:02:09.330Z",
        "value": "68.75",
        "cumulative": false
    },
    {
        "date": "2020-12-08T11:02:10.385Z",
        "value": "68.75",
        "cumulative": false
    },
    {
        "date": "2020-12-08T11:02:11.430Z",
        "value": "67.96875",
        "cumulative": false
    },
    {
        "date": "2020-12-08T11:02:12.486Z",
        "value": "71.09375",
        "cumulative": false
    },
    {
        "date": "2020-12-08T11:02:13.545Z",
        "value": "63.28125",
        "cumulative": false
    },
    {
        "date": "2020-12-08T11:02:14.591Z",
        "value": "69.53125",
        "cumulative": false
    },
    {
        "date": "2020-12-08T11:02:15.643Z",
        "value": "72.65625",
        "cumulative": false
    },
    {
        "date": "2020-12-08T11:02:16.697Z",
        "value": "69.53125",
        "cumulative": false
    },
    {
        "date": "2020-12-08T11:02:17.749Z",
        "value": "75.0",
        "cumulative": false
    },
    {
        "date": "2020-12-08T11:02:18.810Z",
        "value": "71.09375",
        "cumulative": false
    },
    {
        "date": "2020-12-08T11:02:19.876Z",
        "value": "75.0",
        "cumulative": false
    },
    {
        "date": "2020-12-08T11:02:20.946Z",
        "value": "75.78125",
        "cumulative": false
    },
    {
        "date": "2020-12-08T11:02:22.006Z",
        "value": "67.96875",
        "cumulative": false
    },
    {
        "date": "2020-12-08T11:02:24.518Z",
        "value": "67.96875",
        "cumulative": false
    },
    {
        "date": "2020-12-08T11:02:25.575Z",
        "value": "73.4375",
        "cumulative": false
    },
    {
        "date": "2020-12-08T11:02:26.631Z",
        "value": "75.0",
        "cumulative": false
    },
    {
        "date": "2020-12-08T11:02:27.697Z",
        "value": "73.4375",
        "cumulative": false
    },
    {
        "date": "2020-12-08T11:02:28.773Z",
        "value": "69.53125",
        "cumulative": false
    },
    {
        "date": "2020-12-08T11:02:29.837Z",
        "value": "64.0625",
        "cumulative": false
    },
    {
        "date": "2020-12-08T11:02:30.911Z",
        "value": "71.09375",
        "cumulative": false
    },
    {
        "date": "2020-12-08T11:02:31.977Z",
        "value": "76.5625",
        "cumulative": false
    },
    {
        "date": "2020-12-08T11:02:33.041Z",
        "value": "80.46875",
        "cumulative": false
    },
    {
        "date": "2020-12-08T11:02:34.113Z",
        "value": "73.4375",
        "cumulative": false
    },
    {
        "date": "2020-12-08T11:02:35.174Z",
        "value": "78.90625",
        "cumulative": false
    },
    {
        "date": "2020-12-08T11:02:36.238Z",
        "value": "72.65625",
        "cumulative": false
    },
    {
        "date": "2020-12-08T11:02:37.295Z",
        "value": "71.09375",
        "cumulative": false
    },
    {
        "date": "2020-12-08T11:02:38.366Z",
        "value": "77.34375",
        "cumulative": false
    },
    {
        "date": "2020-12-08T11:02:39.446Z",
        "value": "79.6875",
        "cumulative": false
    },
    {
        "date": "2020-12-08T11:02:40.519Z",
        "value": "75.0",
        "cumulative": false
    },
    {
        "date": "2020-12-08T11:02:43.088Z",
        "value": "74.21875",
        "cumulative": false
    },
    {
        "date": "2020-12-08T11:02:44.174Z",
        "value": "72.65625",
        "cumulative": false
    },
    {
        "date": "2020-12-08T11:02:45.233Z",
        "value": "79.6875",
        "cumulative": false
    },
    {
        "date": "2020-12-08T11:02:46.286Z",
        "value": "70.3125",
        "cumulative": false
    },
    {
        "date": "2020-12-08T11:02:47.344Z",
        "value": "78.90625",
        "cumulative": false
    },
    {
        "date": "2020-12-08T11:02:48.427Z",
        "value": "78.125",
        "cumulative": false
    },
    {
        "date": "2020-12-08T11:02:49.492Z",
        "value": "81.25",
        "cumulative": false
    },
    {
        "date": "2020-12-08T11:02:50.561Z",
        "value": "75.0",
        "cumulative": false
    },
    {
        "date": "2020-12-08T11:02:51.624Z",
        "value": "72.65625",
        "cumulative": false
    },
    {
        "date": "2020-12-08T11:02:52.692Z",
        "value": "78.125",
        "cumulative": false
    },
    {
        "date": "2020-12-08T11:02:53.773Z",
        "value": "73.4375",
        "cumulative": false
    },
    {
        "date": "2020-12-08T11:02:54.845Z",
        "value": "73.4375",
        "cumulative": false
    },
    {
        "date": "2020-12-08T11:02:55.914Z",
        "value": "79.6875",
        "cumulative": false
    },
    {
        "date": "2020-12-08T11:02:56.993Z",
        "value": "68.75",
        "cumulative": false
    },
    {
        "date": "2020-12-08T11:02:58.063Z",
        "value": "81.25",
        "cumulative": false
    },
    {
        "date": "2020-12-08T11:02:59.143Z",
        "value": "79.6875",
        "cumulative": false
    },
    {
        "date": "2020-12-08T11:03:01.669Z",
        "value": "73.4375",
        "cumulative": false
    },
    {
        "date": "2020-12-08T11:03:02.757Z",
        "value": "82.03125",
        "cumulative": false
    },
    {
        "date": "2020-12-08T11:03:03.838Z",
        "value": "77.34375",
        "cumulative": false
    },
    {
        "date": "2020-12-08T11:03:04.915Z",
        "value": "75.0",
        "cumulative": false
    },
    {
        "date": "2020-12-08T11:03:05.995Z",
        "value": "78.90625",
        "cumulative": false
    },
    {
        "date": "2020-12-08T11:03:07.069Z",
        "value": "84.375",
        "cumulative": false
    },
    {
        "date": "2020-12-08T11:03:08.149Z",
        "value": "79.6875",
        "cumulative": false
    },
    {
        "date": "2020-12-08T11:03:09.241Z",
        "value": "81.25",
        "cumulative": false
    },
    {
        "date": "2020-12-08T11:03:10.319Z",
        "value": "71.875",
        "cumulative": false
    },
    {
        "date": "2020-12-08T11:03:11.422Z",
        "value": "78.125",
        "cumulative": false
    },
    {
        "date": "2020-12-08T11:03:12.519Z",
        "value": "83.59375",
        "cumulative": false
    },
    {
        "date": "2020-12-08T11:03:13.615Z",
        "value": "78.125",
        "cumulative": false
    },
    {
        "date": "2020-12-08T11:03:14.711Z",
        "value": "78.125",
        "cumulative": false
    },
    {
        "date": "2020-12-08T11:03:15.794Z",
        "value": "76.5625",
        "cumulative": false
    },
    {
        "date": "2020-12-08T11:03:16.897Z",
        "value": "79.6875",
        "cumulative": false
    },
    {
        "date": "2020-12-08T11:03:17.983Z",
        "value": "80.46875",
        "cumulative": false
    },
    {
        "date": "2020-12-08T11:03:20.526Z",
        "value": "85.15625",
        "cumulative": false
    },
    {
        "date": "2020-12-08T11:03:21.563Z",
        "value": "76.5625",
        "cumulative": false
    },
    {
        "date": "2020-12-08T11:03:22.645Z",
        "value": "80.46875",
        "cumulative": false
    },
    {
        "date": "2020-12-08T11:03:23.727Z",
        "value": "74.21875",
        "cumulative": false
    },
    {
        "date": "2020-12-08T11:03:24.812Z",
        "value": "84.375",
        "cumulative": false
    },
    {
        "date": "2020-12-08T11:03:25.874Z",
        "value": "75.0",
        "cumulative": false
    },
    {
        "date": "2020-12-08T11:03:26.951Z",
        "value": "80.46875",
        "cumulative": false
    },
    {
        "date": "2020-12-08T11:03:28.030Z",
        "value": "74.21875",
        "cumulative": false
    },
    {
        "date": "2020-12-08T11:03:29.126Z",
        "value": "79.6875",
        "cumulative": false
    },
    {
        "date": "2020-12-08T11:03:30.209Z",
        "value": "79.6875",
        "cumulative": false
    },
    {
        "date": "2020-12-08T11:03:31.271Z",
        "value": "78.90625",
        "cumulative": false
    },
    {
        "date": "2020-12-08T11:03:32.345Z",
        "value": "78.90625",
        "cumulative": false
    },
    {
        "date": "2020-12-08T11:03:33.427Z",
        "value": "79.6875",
        "cumulative": false
    },
    {
        "date": "2020-12-08T11:03:34.505Z",
        "value": "78.125",
        "cumulative": false
    },
    {
        "date": "2020-12-08T11:03:35.616Z",
        "value": "80.46875",
        "cumulative": false
    },
    {
        "date": "2020-12-08T11:03:36.687Z",
        "value": "89.0625",
        "cumulative": false
    },
    {
        "date": "2020-12-08T11:03:39.271Z",
        "value": "86.71875",
        "cumulative": false
    },
    {
        "date": "2020-12-08T11:03:40.367Z",
        "value": "75.78125",
        "cumulative": false
    },
    {
        "date": "2020-12-08T11:03:41.443Z",
        "value": "77.34375",
        "cumulative": false
    },
    {
        "date": "2020-12-08T11:03:42.525Z",
        "value": "85.9375",
        "cumulative": false
    },
    {
        "date": "2020-12-08T11:03:43.615Z",
        "value": "83.59375",
        "cumulative": false
    },
    {
        "date": "2020-12-08T11:03:44.695Z",
        "value": "78.90625",
        "cumulative": false
    },
    {
        "date": "2020-12-08T11:03:45.774Z",
        "value": "78.90625",
        "cumulative": false
    },
    {
        "date": "2020-12-08T11:03:46.847Z",
        "value": "86.71875",
        "cumulative": false
    },
    {
        "date": "2020-12-08T11:03:47.922Z",
        "value": "75.78125",
        "cumulative": false
    },
    {
        "date": "2020-12-08T11:03:48.988Z",
        "value": "80.46875",
        "cumulative": false
    },
    {
        "date": "2020-12-08T11:03:50.074Z",
        "value": "76.5625",
        "cumulative": false
    },
    {
        "date": "2020-12-08T11:03:51.143Z",
        "value": "82.8125",
        "cumulative": false
    },
    {
        "date": "2020-12-08T11:03:52.229Z",
        "value": "81.25",
        "cumulative": false
    },
    {
        "date": "2020-12-08T11:03:53.273Z",
        "value": "85.15625",
        "cumulative": false
    },
    {
        "date": "2020-12-08T11:03:54.359Z",
        "value": "84.375",
        "cumulative": false
    },
    {
        "date": "2020-12-08T11:03:55.426Z",
        "value": "78.125",
        "cumulative": false
    },
    {
        "date": "2020-12-08T11:03:57.913Z",
        "value": "85.15625",
        "cumulative": false
    },
    {
        "date": "2020-12-08T11:03:59.002Z",
        "value": "79.6875",
        "cumulative": false
    },
    {
        "date": "2020-12-08T11:04:00.093Z",
        "value": "87.5",
        "cumulative": false
    },
    {
        "date": "2020-12-08T11:04:01.177Z",
        "value": "81.25",
        "cumulative": false
    },
    {
        "date": "2020-12-08T11:04:02.251Z",
        "value": "83.59375",
        "cumulative": false
    },
    {
        "date": "2020-12-08T11:04:03.323Z",
        "value": "78.90625",
        "cumulative": false
    },
    {
        "date": "2020-12-08T11:04:04.382Z",
        "value": "82.03125",
        "cumulative": false
    },
    {
        "date": "2020-12-08T11:04:05.452Z",
        "value": "83.59375",
        "cumulative": false
    },
    {
        "date": "2020-12-08T11:04:06.529Z",
        "value": "82.8125",
        "cumulative": false
    },
    {
        "date": "2020-12-08T11:04:07.583Z",
        "value": "78.90625",
        "cumulative": false
    },
    {
        "date": "2020-12-08T11:04:08.660Z",
        "value": "85.15625",
        "cumulative": false
    },
    {
        "date": "2020-12-08T11:04:09.744Z",
        "value": "79.6875",
        "cumulative": false
    },
    {
        "date": "2020-12-08T11:04:10.820Z",
        "value": "76.5625",
        "cumulative": false
    },
    {
        "date": "2020-12-08T11:04:11.893Z",
        "value": "85.15625",
        "cumulative": false
    },
    {
        "date": "2020-12-08T11:04:12.963Z",
        "value": "80.46875",
        "cumulative": false
    },
    {
        "date": "2020-12-08T11:04:14.036Z",
        "value": "84.375",
        "cumulative": false
    },
    {
        "date": "2020-12-08T11:04:16.617Z",
        "value": "79.6875",
        "cumulative": false
    },
    {
        "date": "2020-12-08T11:04:17.702Z",
        "value": "82.8125",
        "cumulative": false
    },
    {
        "date": "2020-12-08T11:04:18.765Z",
        "value": "81.25",
        "cumulative": false
    },
    {
        "date": "2020-12-08T11:04:19.854Z",
        "value": "82.8125",
        "cumulative": false
    },
    {
        "date": "2020-12-08T11:04:20.922Z",
        "value": "81.25",
        "cumulative": false
    },
    {
        "date": "2020-12-08T11:04:22.013Z",
        "value": "81.25",
        "cumulative": false
    },
    {
        "date": "2020-12-08T11:04:23.074Z",
        "value": "79.6875",
        "cumulative": false
    },
    {
        "date": "2020-12-08T11:04:24.143Z",
        "value": "80.46875",
        "cumulative": false
    },
    {
        "date": "2020-12-08T11:04:25.227Z",
        "value": "85.9375",
        "cumulative": false
    },
    {
        "date": "2020-12-08T11:04:26.297Z",
        "value": "74.21875",
        "cumulative": false
    },
    {
        "date": "2020-12-08T11:04:27.368Z",
        "value": "79.6875",
        "cumulative": false
    },
    {
        "date": "2020-12-08T11:04:28.434Z",
        "value": "82.8125",
        "cumulative": false
    },
    {
        "date": "2020-12-08T11:04:29.510Z",
        "value": "82.8125",
        "cumulative": false
    },
    {
        "date": "2020-12-08T11:04:30.573Z",
        "value": "86.71875",
        "cumulative": false
    },
    {
        "date": "2020-12-08T11:04:31.647Z",
        "value": "78.90625",
        "cumulative": false
    },
    {
        "date": "2020-12-08T11:04:32.715Z",
        "value": "78.90625",
        "cumulative": false
    },
    {
        "date": "2020-12-08T11:04:35.232Z",
        "value": "83.59375",
        "cumulative": false
    },
    {
        "date": "2020-12-08T11:04:36.313Z",
        "value": "85.15625",
        "cumulative": false
    },
    {
        "date": "2020-12-08T11:04:37.373Z",
        "value": "79.6875",
        "cumulative": false
    },
    {
        "date": "2020-12-08T11:04:38.458Z",
        "value": "85.15625",
        "cumulative": false
    },
    {
        "date": "2020-12-08T11:04:39.532Z",
        "value": "83.59375",
        "cumulative": false
    },
    {
        "date": "2020-12-08T11:04:40.613Z",
        "value": "86.71875",
        "cumulative": false
    },
    {
        "date": "2020-12-08T11:04:41.679Z",
        "value": "86.71875",
        "cumulative": false
    },
    {
        "date": "2020-12-08T11:04:42.751Z",
        "value": "85.9375",
        "cumulative": false
    },
    {
        "date": "2020-12-08T11:04:43.818Z",
        "value": "85.15625",
        "cumulative": false
    },
    {
        "date": "2020-12-08T11:04:44.903Z",
        "value": "85.15625",
        "cumulative": false
    },
    {
        "date": "2020-12-08T11:04:45.963Z",
        "value": "81.25",
        "cumulative": false
    },
    {
        "date": "2020-12-08T11:04:47.028Z",
        "value": "83.59375",
        "cumulative": false
    },
    {
        "date": "2020-12-08T11:04:48.094Z",
        "value": "82.03125",
        "cumulative": false
    },
    {
        "date": "2020-12-08T11:04:49.172Z",
        "value": "82.8125",
        "cumulative": false
    },
    {
        "date": "2020-12-08T11:04:50.236Z",
        "value": "85.15625",
        "cumulative": false
    },
    {
        "date": "2020-12-08T11:04:51.287Z",
        "value": "85.15625",
        "cumulative": false
    }
]