[
    {
        "date": "2020-12-08T11:01:45.950Z",
        "value": "0.06913137435913086",
        "cumulative": false
    },
    {
        "date": "2020-12-08T11:02:04.295Z",
        "value": "0.06902813911437988",
        "cumulative": false
    },
    {
        "date": "2020-12-08T11:02:22.667Z",
        "value": "0.06677126884460449",
        "cumulative": false
    },
    {
        "date": "2020-12-08T11:02:41.182Z",
        "value": "0.06734919548034668",
        "cumulative": false
    },
    {
        "date": "2020-12-08T11:02:59.796Z",
        "value": "0.06795167922973633",
        "cumulative": false
    },
    {
        "date": "2020-12-08T11:03:18.646Z",
        "value": "0.06920289993286133",
        "cumulative": false
    },
    {
        "date": "2020-12-08T11:03:37.350Z",
        "value": "0.07144522666931152",
        "cumulative": false
    },
    {
        "date": "2020-12-08T11:03:56.101Z",
        "value": "0.07185125350952148",
        "cumulative": false
    },
    {
        "date": "2020-12-08T11:04:14.696Z",
        "value": "0.07146549224853516",
        "cumulative": false
    },
    {
        "date": "2020-12-08T11:04:33.387Z",
        "value": "0.06698727607727051",
        "cumulative": false
    },
    {
        "date": "2020-12-08T11:04:51.947Z",
        "value": "0.06974530220031738",
        "cumulative": false
    }
]