[
    {
        "date": "2020-12-08T11:01:45.950Z",
        "value": "9.09237265586853",
        "cumulative": false
    },
    {
        "date": "2020-12-08T11:02:04.295Z",
        "value": "9.010883092880249",
        "cumulative": false
    },
    {
        "date": "2020-12-08T11:02:22.667Z",
        "value": "9.305236101150513",
        "cumulative": false
    },
    {
        "date": "2020-12-08T11:02:41.182Z",
        "value": "9.310539484024048",
        "cumulative": false
    },
    {
        "date": "2020-12-08T11:02:59.796Z",
        "value": "9.544126749038696",
        "cumulative": false
    },
    {
        "date": "2020-12-08T11:03:18.646Z",
        "value": "9.611574172973633",
        "cumulative": false
    },
    {
        "date": "2020-12-08T11:03:37.350Z",
        "value": "9.5225670337677",
        "cumulative": false
    },
    {
        "date": "2020-12-08T11:03:56.101Z",
        "value": "9.419094800949097",
        "cumulative": false
    },
    {
        "date": "2020-12-08T11:04:14.696Z",
        "value": "9.492904901504517",
        "cumulative": false
    },
    {
        "date": "2020-12-08T11:04:33.387Z",
        "value": "9.608312129974365",
        "cumulative": false
    },
    {
        "date": "2020-12-08T11:04:51.947Z",
        "value": "9.594682693481445",
        "cumulative": false
    }
]