[
    {
        "date": "2020-12-08T11:01:45.950Z",
        "value": "2.134883403778076",
        "cumulative": false
    },
    {
        "date": "2020-12-08T11:02:04.295Z",
        "value": "2.139399766921997",
        "cumulative": false
    },
    {
        "date": "2020-12-08T11:02:22.667Z",
        "value": "2.1335911750793457",
        "cumulative": false
    },
    {
        "date": "2020-12-08T11:02:41.182Z",
        "value": "2.143882989883423",
        "cumulative": false
    },
    {
        "date": "2020-12-08T11:02:59.796Z",
        "value": "2.050524950027466",
        "cumulative": false
    },
    {
        "date": "2020-12-08T11:03:18.646Z",
        "value": "2.1428098678588867",
        "cumulative": false
    },
    {
        "date": "2020-12-08T11:03:37.350Z",
        "value": "2.056549072265625",
        "cumulative": false
    },
    {
        "date": "2020-12-08T11:03:56.101Z",
        "value": "2.126659393310547",
        "cumulative": false
    },
    {
        "date": "2020-12-08T11:04:14.696Z",
        "value": "2.1027493476867676",
        "cumulative": false
    },
    {
        "date": "2020-12-08T11:04:33.387Z",
        "value": "2.0132064819335938",
        "cumulative": false
    },
    {
        "date": "2020-12-08T11:04:51.947Z",
        "value": "1.9937641620635986",
        "cumulative": false
    }
]