[
    {
        "date": "2020-12-08T11:15:21.941Z",
        "value": "2.421994686126709",
        "cumulative": false
    },
    {
        "date": "2020-12-08T11:15:23.195Z",
        "value": "1.8735102415084839",
        "cumulative": false
    },
    {
        "date": "2020-12-08T11:15:24.829Z",
        "value": "1.5276918411254883",
        "cumulative": false
    },
    {
        "date": "2020-12-08T11:15:26.065Z",
        "value": "1.4285778999328613",
        "cumulative": false
    },
    {
        "date": "2020-12-08T11:15:27.729Z",
        "value": "1.2465901374816895",
        "cumulative": false
    },
    {
        "date": "2020-12-08T11:15:28.997Z",
        "value": "1.169432520866394",
        "cumulative": false
    },
    {
        "date": "2020-12-08T11:15:30.651Z",
        "value": "1.0882751941680908",
        "cumulative": false
    },
    {
        "date": "2020-12-08T11:15:31.937Z",
        "value": "1.0227984189987183",
        "cumulative": false
    },
    {
        "date": "2020-12-08T11:15:33.583Z",
        "value": "1.0311369895935059",
        "cumulative": false
    },
    {
        "date": "2020-12-08T11:15:34.851Z",
        "value": "1.0670723915100098",
        "cumulative": false
    },
    {
        "date": "2020-12-08T11:15:36.472Z",
        "value": "0.8775790333747864",
        "cumulative": false
    },
    {
        "date": "2020-12-08T11:15:37.736Z",
        "value": "0.7880776524543762",
        "cumulative": false
    },
    {
        "date": "2020-12-08T11:15:39.461Z",
        "value": "0.896215558052063",
        "cumulative": false
    },
    {
        "date": "2020-12-08T11:15:40.695Z",
        "value": "0.763338565826416",
        "cumulative": false
    },
    {
        "date": "2020-12-08T11:15:42.376Z",
        "value": "0.9630162119865417",
        "cumulative": false
    },
    {
        "date": "2020-12-08T11:15:43.645Z",
        "value": "0.7333515286445618",
        "cumulative": false
    },
    {
        "date": "2020-12-08T11:15:45.335Z",
        "value": "0.5899625420570374",
        "cumulative": false
    },
    {
        "date": "2020-12-08T11:15:46.589Z",
        "value": "0.8282377123832703",
        "cumulative": false
    },
    {
        "date": "2020-12-08T11:15:48.229Z",
        "value": "0.6470605134963989",
        "cumulative": false
    },
    {
        "date": "2020-12-08T11:15:49.550Z",
        "value": "0.7534897327423096",
        "cumulative": false
    },
    {
        "date": "2020-12-08T11:15:51.210Z",
        "value": "0.6303649544715881",
        "cumulative": false
    },
    {
        "date": "2020-12-08T11:15:52.510Z",
        "value": "0.66780024766922",
        "cumulative": false
    },
    {
        "date": "2020-12-08T11:15:54.169Z",
        "value": "0.5890846848487854",
        "cumulative": false
    },
    {
        "date": "2020-12-08T11:15:55.444Z",
        "value": "0.5287036299705505",
        "cumulative": false
    },
    {
        "date": "2020-12-08T11:15:57.127Z",
        "value": "0.569824755191803",
        "cumulative": false
    },
    {
        "date": "2020-12-08T11:15:58.411Z",
        "value": "0.47019892930984497",
        "cumulative": false
    },
    {
        "date": "2020-12-08T11:16:00.052Z",
        "value": "0.41668060421943665",
        "cumulative": false
    },
    {
        "date": "2020-12-08T11:16:01.343Z",
        "value": "0.5751405954360962",
        "cumulative": false
    },
    {
        "date": "2020-12-08T11:16:03.005Z",
        "value": "0.4817162752151489",
        "cumulative": false
    },
    {
        "date": "2020-12-08T11:16:04.298Z",
        "value": "0.483105331659317",
        "cumulative": false
    },
    {
        "date": "2020-12-08T11:16:05.963Z",
        "value": "0.606968104839325",
        "cumulative": false
    },
    {
        "date": "2020-12-08T11:16:07.248Z",
        "value": "0.5814744234085083",
        "cumulative": false
    },
    {
        "date": "2020-12-08T11:16:08.889Z",
        "value": "0.5142654776573181",
        "cumulative": false
    },
    {
        "date": "2020-12-08T11:16:10.151Z",
        "value": "0.4952361285686493",
        "cumulative": false
    },
    {
        "date": "2020-12-08T11:16:11.801Z",
        "value": "0.41477155685424805",
        "cumulative": false
    },
    {
        "date": "2020-12-08T11:16:13.096Z",
        "value": "0.6594026684761047",
        "cumulative": false
    },
    {
        "date": "2020-12-08T11:16:14.813Z",
        "value": "0.40941742062568665",
        "cumulative": false
    },
    {
        "date": "2020-12-08T11:16:16.043Z",
        "value": "0.4818885028362274",
        "cumulative": false
    },
    {
        "date": "2020-12-08T11:16:17.703Z",
        "value": "0.2906985282897949",
        "cumulative": false
    },
    {
        "date": "2020-12-08T11:16:18.958Z",
        "value": "0.3506644070148468",
        "cumulative": false
    },
    {
        "date": "2020-12-08T11:16:20.642Z",
        "value": "0.3794625997543335",
        "cumulative": false
    },
    {
        "date": "2020-12-08T11:16:21.942Z",
        "value": "0.3991292417049408",
        "cumulative": false
    },
    {
        "date": "2020-12-08T11:16:23.668Z",
        "value": "0.40092238783836365",
        "cumulative": false
    },
    {
        "date": "2020-12-08T11:16:24.942Z",
        "value": "0.39177802205085754",
        "cumulative": false
    },
    {
        "date": "2020-12-08T11:16:26.614Z",
        "value": "0.3723651170730591",
        "cumulative": false
    },
    {
        "date": "2020-12-08T11:16:27.909Z",
        "value": "0.40763574838638306",
        "cumulative": false
    }
]