[
    {
        "date": "2020-12-08T11:15:24.270Z",
        "value": "0.009620189666748047",
        "cumulative": false
    },
    {
        "date": "2020-12-08T11:15:27.173Z",
        "value": "0.009959220886230469",
        "cumulative": false
    },
    {
        "date": "2020-12-08T11:15:30.088Z",
        "value": "0.009671688079833984",
        "cumulative": false
    },
    {
        "date": "2020-12-08T11:15:33.025Z",
        "value": "0.009514093399047852",
        "cumulative": false
    },
    {
        "date": "2020-12-08T11:15:35.942Z",
        "value": "0.009175539016723633",
        "cumulative": false
    },
    {
        "date": "2020-12-08T11:15:38.881Z",
        "value": "0.009627103805541992",
        "cumulative": false
    },
    {
        "date": "2020-12-08T11:15:41.824Z",
        "value": "0.009158611297607422",
        "cumulative": false
    },
    {
        "date": "2020-12-08T11:15:44.785Z",
        "value": "0.009577035903930664",
        "cumulative": false
    },
    {
        "date": "2020-12-08T11:15:47.671Z",
        "value": "0.01029825210571289",
        "cumulative": false
    },
    {
        "date": "2020-12-08T11:15:50.650Z",
        "value": "0.009377717971801758",
        "cumulative": false
    },
    {
        "date": "2020-12-08T11:15:53.619Z",
        "value": "0.009099483489990234",
        "cumulative": false
    },
    {
        "date": "2020-12-08T11:15:56.567Z",
        "value": "0.008996009826660156",
        "cumulative": false
    },
    {
        "date": "2020-12-08T11:15:59.503Z",
        "value": "0.009165048599243164",
        "cumulative": false
    },
    {
        "date": "2020-12-08T11:16:02.434Z",
        "value": "0.016763687133789062",
        "cumulative": false
    },
    {
        "date": "2020-12-08T11:16:05.426Z",
        "value": "0.009237051010131836",
        "cumulative": false
    },
    {
        "date": "2020-12-08T11:16:08.348Z",
        "value": "0.009430408477783203",
        "cumulative": false
    },
    {
        "date": "2020-12-08T11:16:11.239Z",
        "value": "0.009101152420043945",
        "cumulative": false
    },
    {
        "date": "2020-12-08T11:16:14.207Z",
        "value": "0.009222030639648438",
        "cumulative": false
    },
    {
        "date": "2020-12-08T11:16:17.138Z",
        "value": "0.009399175643920898",
        "cumulative": false
    },
    {
        "date": "2020-12-08T11:16:20.103Z",
        "value": "0.009511232376098633",
        "cumulative": false
    },
    {
        "date": "2020-12-08T11:16:23.095Z",
        "value": "0.009233713150024414",
        "cumulative": false
    },
    {
        "date": "2020-12-08T11:16:26.071Z",
        "value": "0.010861396789550781",
        "cumulative": false
    },
    {
        "date": "2020-12-08T11:16:29.004Z",
        "value": "0.009327411651611328",
        "cumulative": false
    }
]