[
    {
        "date": "2020-12-08T11:15:24.270Z",
        "value": "2.492135763168335",
        "cumulative": false
    },
    {
        "date": "2020-12-08T11:15:27.173Z",
        "value": "0.4502065181732178",
        "cumulative": false
    },
    {
        "date": "2020-12-08T11:15:30.088Z",
        "value": "0.43611764907836914",
        "cumulative": false
    },
    {
        "date": "2020-12-08T11:15:33.025Z",
        "value": "0.43716931343078613",
        "cumulative": false
    },
    {
        "date": "2020-12-08T11:15:35.942Z",
        "value": "0.43877363204956055",
        "cumulative": false
    },
    {
        "date": "2020-12-08T11:15:38.881Z",
        "value": "0.44211888313293457",
        "cumulative": false
    },
    {
        "date": "2020-12-08T11:15:41.824Z",
        "value": "0.43694424629211426",
        "cumulative": false
    },
    {
        "date": "2020-12-08T11:15:44.785Z",
        "value": "0.4580507278442383",
        "cumulative": false
    },
    {
        "date": "2020-12-08T11:15:47.671Z",
        "value": "0.4723358154296875",
        "cumulative": false
    },
    {
        "date": "2020-12-08T11:15:50.650Z",
        "value": "0.45151424407958984",
        "cumulative": false
    },
    {
        "date": "2020-12-08T11:15:53.619Z",
        "value": "0.44970703125",
        "cumulative": false
    },
    {
        "date": "2020-12-08T11:15:56.567Z",
        "value": "0.4231257438659668",
        "cumulative": false
    },
    {
        "date": "2020-12-08T11:15:59.503Z",
        "value": "0.44398999214172363",
        "cumulative": false
    },
    {
        "date": "2020-12-08T11:16:02.434Z",
        "value": "0.46059298515319824",
        "cumulative": false
    },
    {
        "date": "2020-12-08T11:16:05.426Z",
        "value": "0.44208359718322754",
        "cumulative": false
    },
    {
        "date": "2020-12-08T11:16:08.348Z",
        "value": "0.4488496780395508",
        "cumulative": false
    },
    {
        "date": "2020-12-08T11:16:11.239Z",
        "value": "0.4179987907409668",
        "cumulative": false
    },
    {
        "date": "2020-12-08T11:16:14.207Z",
        "value": "0.43665051460266113",
        "cumulative": false
    },
    {
        "date": "2020-12-08T11:16:17.138Z",
        "value": "0.4640543460845947",
        "cumulative": false
    },
    {
        "date": "2020-12-08T11:16:20.103Z",
        "value": "0.4387662410736084",
        "cumulative": false
    },
    {
        "date": "2020-12-08T11:16:23.095Z",
        "value": "0.43421196937561035",
        "cumulative": false
    },
    {
        "date": "2020-12-08T11:16:26.071Z",
        "value": "0.4755680561065674",
        "cumulative": false
    },
    {
        "date": "2020-12-08T11:16:29.004Z",
        "value": "0.4477956295013428",
        "cumulative": false
    }
]