[
    {
        "date": "2020-12-08T11:15:24.268Z",
        "value": "0.00015473365783691406",
        "cumulative": false
    },
    {
        "date": "2020-12-08T11:15:27.166Z",
        "value": "0.0001232624053955078",
        "cumulative": false
    },
    {
        "date": "2020-12-08T11:15:30.089Z",
        "value": "0.00012755393981933594",
        "cumulative": false
    },
    {
        "date": "2020-12-08T11:15:33.029Z",
        "value": "0.00012946128845214844",
        "cumulative": false
    },
    {
        "date": "2020-12-08T11:15:35.945Z",
        "value": "0.00012302398681640625",
        "cumulative": false
    },
    {
        "date": "2020-12-08T11:15:38.883Z",
        "value": "0.0001475811004638672",
        "cumulative": false
    },
    {
        "date": "2020-12-08T11:15:41.818Z",
        "value": "0.0001163482666015625",
        "cumulative": false
    },
    {
        "date": "2020-12-08T11:15:44.792Z",
        "value": "0.00011730194091796875",
        "cumulative": false
    },
    {
        "date": "2020-12-08T11:15:47.666Z",
        "value": "0.000148773193359375",
        "cumulative": false
    },
    {
        "date": "2020-12-08T11:15:50.657Z",
        "value": "0.0001201629638671875",
        "cumulative": false
    },
    {
        "date": "2020-12-08T11:15:53.611Z",
        "value": "0.00011992454528808594",
        "cumulative": false
    },
    {
        "date": "2020-12-08T11:15:56.558Z",
        "value": "0.0001285076141357422",
        "cumulative": false
    },
    {
        "date": "2020-12-08T11:15:59.500Z",
        "value": "0.00012636184692382812",
        "cumulative": false
    },
    {
        "date": "2020-12-08T11:16:02.433Z",
        "value": "0.00012421607971191406",
        "cumulative": false
    },
    {
        "date": "2020-12-08T11:16:05.423Z",
        "value": "0.00015807151794433594",
        "cumulative": false
    },
    {
        "date": "2020-12-08T11:16:08.346Z",
        "value": "0.0001304149627685547",
        "cumulative": false
    },
    {
        "date": "2020-12-08T11:16:11.242Z",
        "value": "0.00012803077697753906",
        "cumulative": false
    },
    {
        "date": "2020-12-08T11:16:14.199Z",
        "value": "0.00014662742614746094",
        "cumulative": false
    },
    {
        "date": "2020-12-08T11:16:17.129Z",
        "value": "0.00012803077697753906",
        "cumulative": false
    },
    {
        "date": "2020-12-08T11:16:20.092Z",
        "value": "0.00013184547424316406",
        "cumulative": false
    },
    {
        "date": "2020-12-08T11:16:23.097Z",
        "value": "0.00012421607971191406",
        "cumulative": false
    },
    {
        "date": "2020-12-08T11:16:26.074Z",
        "value": "0.00018286705017089844",
        "cumulative": false
    },
    {
        "date": "2020-12-08T11:16:29.011Z",
        "value": "0.00013399124145507812",
        "cumulative": false
    }
]