[
    {
        "date": "2020-12-08T11:15:21.939Z",
        "value": "46.875",
        "cumulative": false
    },
    {
        "date": "2020-12-08T11:15:23.193Z",
        "value": "85.15625",
        "cumulative": false
    },
    {
        "date": "2020-12-08T11:15:24.826Z",
        "value": "89.84375",
        "cumulative": false
    },
    {
        "date": "2020-12-08T11:15:26.060Z",
        "value": "90.625",
        "cumulative": false
    },
    {
        "date": "2020-12-08T11:15:27.724Z",
        "value": "91.40625",
        "cumulative": false
    },
    {
        "date": "2020-12-08T11:15:28.992Z",
        "value": "92.96875",
        "cumulative": false
    },
    {
        "date": "2020-12-08T11:15:30.647Z",
        "value": "96.09375",
        "cumulative": false
    },
    {
        "date": "2020-12-08T11:15:31.933Z",
        "value": "97.65625",
        "cumulative": false
    },
    {
        "date": "2020-12-08T11:15:33.578Z",
        "value": "98.4375",
        "cumulative": false
    },
    {
        "date": "2020-12-08T11:15:34.846Z",
        "value": "96.09375",
        "cumulative": false
    },
    {
        "date": "2020-12-08T11:15:36.467Z",
        "value": "96.09375",
        "cumulative": false
    },
    {
        "date": "2020-12-08T11:15:37.731Z",
        "value": "100.0",
        "cumulative": false
    },
    {
        "date": "2020-12-08T11:15:39.445Z",
        "value": "99.21875",
        "cumulative": false
    },
    {
        "date": "2020-12-08T11:15:40.690Z",
        "value": "98.4375",
        "cumulative": false
    },
    {
        "date": "2020-12-08T11:15:42.377Z",
        "value": "97.65625",
        "cumulative": false
    },
    {
        "date": "2020-12-08T11:15:43.641Z",
        "value": "96.875",
        "cumulative": false
    },
    {
        "date": "2020-12-08T11:15:45.335Z",
        "value": "98.4375",
        "cumulative": false
    },
    {
        "date": "2020-12-08T11:15:46.584Z",
        "value": "98.4375",
        "cumulative": false
    },
    {
        "date": "2020-12-08T11:15:48.224Z",
        "value": "97.65625",
        "cumulative": false
    },
    {
        "date": "2020-12-08T11:15:49.546Z",
        "value": "100.0",
        "cumulative": false
    },
    {
        "date": "2020-12-08T11:15:51.205Z",
        "value": "97.65625",
        "cumulative": false
    },
    {
        "date": "2020-12-08T11:15:52.505Z",
        "value": "99.21875",
        "cumulative": false
    },
    {
        "date": "2020-12-08T11:15:54.165Z",
        "value": "99.21875",
        "cumulative": false
    },
    {
        "date": "2020-12-08T11:15:55.439Z",
        "value": "100.0",
        "cumulative": false
    },
    {
        "date": "2020-12-08T11:15:57.122Z",
        "value": "99.21875",
        "cumulative": false
    },
    {
        "date": "2020-12-08T11:15:58.406Z",
        "value": "100.0",
        "cumulative": false
    },
    {
        "date": "2020-12-08T11:16:00.048Z",
        "value": "100.0",
        "cumulative": false
    },
    {
        "date": "2020-12-08T11:16:01.338Z",
        "value": "96.09375",
        "cumulative": false
    },
    {
        "date": "2020-12-08T11:16:03.000Z",
        "value": "98.4375",
        "cumulative": false
    },
    {
        "date": "2020-12-08T11:16:04.294Z",
        "value": "98.4375",
        "cumulative": false
    },
    {
        "date": "2020-12-08T11:16:05.958Z",
        "value": "100.0",
        "cumulative": false
    },
    {
        "date": "2020-12-08T11:16:07.243Z",
        "value": "99.21875",
        "cumulative": false
    },
    {
        "date": "2020-12-08T11:16:08.885Z",
        "value": "99.21875",
        "cumulative": false
    },
    {
        "date": "2020-12-08T11:16:10.146Z",
        "value": "99.21875",
        "cumulative": false
    },
    {
        "date": "2020-12-08T11:16:11.796Z",
        "value": "100.0",
        "cumulative": false
    },
    {
        "date": "2020-12-08T11:16:13.091Z",
        "value": "100.0",
        "cumulative": false
    },
    {
        "date": "2020-12-08T11:16:14.808Z",
        "value": "100.0",
        "cumulative": false
    },
    {
        "date": "2020-12-08T11:16:16.038Z",
        "value": "100.0",
        "cumulative": false
    },
    {
        "date": "2020-12-08T11:16:17.698Z",
        "value": "100.0",
        "cumulative": false
    },
    {
        "date": "2020-12-08T11:16:18.953Z",
        "value": "100.0",
        "cumulative": false
    },
    {
        "date": "2020-12-08T11:16:20.637Z",
        "value": "98.4375",
        "cumulative": false
    },
    {
        "date": "2020-12-08T11:16:21.938Z",
        "value": "100.0",
        "cumulative": false
    },
    {
        "date": "2020-12-08T11:16:23.664Z",
        "value": "100.0",
        "cumulative": false
    },
    {
        "date": "2020-12-08T11:16:24.937Z",
        "value": "100.0",
        "cumulative": false
    },
    {
        "date": "2020-12-08T11:16:26.610Z",
        "value": "100.0",
        "cumulative": false
    },
    {
        "date": "2020-12-08T11:16:27.904Z",
        "value": "100.0",
        "cumulative": false
    }
]