[
    {
        "date": "2020-12-08T11:15:21.938Z",
        "value": "2.496805429458618",
        "cumulative": false
    },
    {
        "date": "2020-12-08T11:15:23.192Z",
        "value": "1.7704445123672485",
        "cumulative": false
    },
    {
        "date": "2020-12-08T11:15:24.826Z",
        "value": "1.6562978029251099",
        "cumulative": false
    },
    {
        "date": "2020-12-08T11:15:26.062Z",
        "value": "1.423002004623413",
        "cumulative": false
    },
    {
        "date": "2020-12-08T11:15:27.728Z",
        "value": "1.2328652143478394",
        "cumulative": false
    },
    {
        "date": "2020-12-08T11:15:28.994Z",
        "value": "1.0358362197875977",
        "cumulative": false
    },
    {
        "date": "2020-12-08T11:15:30.649Z",
        "value": "1.00734543800354",
        "cumulative": false
    },
    {
        "date": "2020-12-08T11:15:31.934Z",
        "value": "0.9039890766143799",
        "cumulative": false
    },
    {
        "date": "2020-12-08T11:15:33.580Z",
        "value": "1.0453993082046509",
        "cumulative": false
    },
    {
        "date": "2020-12-08T11:15:34.848Z",
        "value": "1.0155489444732666",
        "cumulative": false
    },
    {
        "date": "2020-12-08T11:15:36.471Z",
        "value": "0.7519797086715698",
        "cumulative": false
    },
    {
        "date": "2020-12-08T11:15:37.734Z",
        "value": "0.888991117477417",
        "cumulative": false
    },
    {
        "date": "2020-12-08T11:15:39.459Z",
        "value": "0.5995569229125977",
        "cumulative": false
    },
    {
        "date": "2020-12-08T11:15:40.691Z",
        "value": "0.7332226634025574",
        "cumulative": false
    },
    {
        "date": "2020-12-08T11:15:42.374Z",
        "value": "0.6196175813674927",
        "cumulative": false
    },
    {
        "date": "2020-12-08T11:15:43.642Z",
        "value": "1.031774640083313",
        "cumulative": false
    },
    {
        "date": "2020-12-08T11:15:45.332Z",
        "value": "0.6495695114135742",
        "cumulative": false
    },
    {
        "date": "2020-12-08T11:15:46.586Z",
        "value": "0.6940504908561707",
        "cumulative": false
    },
    {
        "date": "2020-12-08T11:15:48.226Z",
        "value": "0.6473349928855896",
        "cumulative": false
    },
    {
        "date": "2020-12-08T11:15:49.548Z",
        "value": "0.5699458122253418",
        "cumulative": false
    },
    {
        "date": "2020-12-08T11:15:51.208Z",
        "value": "0.5000330209732056",
        "cumulative": false
    },
    {
        "date": "2020-12-08T11:15:52.507Z",
        "value": "0.5580770373344421",
        "cumulative": false
    },
    {
        "date": "2020-12-08T11:15:54.166Z",
        "value": "0.5582756400108337",
        "cumulative": false
    },
    {
        "date": "2020-12-08T11:15:55.441Z",
        "value": "0.6088896989822388",
        "cumulative": false
    },
    {
        "date": "2020-12-08T11:15:57.124Z",
        "value": "0.6013358235359192",
        "cumulative": false
    },
    {
        "date": "2020-12-08T11:15:58.408Z",
        "value": "0.37077081203460693",
        "cumulative": false
    },
    {
        "date": "2020-12-08T11:16:00.049Z",
        "value": "0.6301035284996033",
        "cumulative": false
    },
    {
        "date": "2020-12-08T11:16:01.340Z",
        "value": "0.657763659954071",
        "cumulative": false
    },
    {
        "date": "2020-12-08T11:16:03.003Z",
        "value": "0.3953317701816559",
        "cumulative": false
    },
    {
        "date": "2020-12-08T11:16:04.295Z",
        "value": "0.4727053940296173",
        "cumulative": false
    },
    {
        "date": "2020-12-08T11:16:05.959Z",
        "value": "0.45891791582107544",
        "cumulative": false
    },
    {
        "date": "2020-12-08T11:16:07.245Z",
        "value": "0.5103671550750732",
        "cumulative": false
    },
    {
        "date": "2020-12-08T11:16:08.886Z",
        "value": "0.4254832863807678",
        "cumulative": false
    },
    {
        "date": "2020-12-08T11:16:10.148Z",
        "value": "0.4102751612663269",
        "cumulative": false
    },
    {
        "date": "2020-12-08T11:16:11.798Z",
        "value": "0.5329192876815796",
        "cumulative": false
    },
    {
        "date": "2020-12-08T11:16:13.092Z",
        "value": "0.4009668529033661",
        "cumulative": false
    },
    {
        "date": "2020-12-08T11:16:14.810Z",
        "value": "0.5118483304977417",
        "cumulative": false
    },
    {
        "date": "2020-12-08T11:16:16.040Z",
        "value": "0.46564581990242004",
        "cumulative": false
    },
    {
        "date": "2020-12-08T11:16:17.701Z",
        "value": "0.46881285309791565",
        "cumulative": false
    },
    {
        "date": "2020-12-08T11:16:18.955Z",
        "value": "0.39058437943458557",
        "cumulative": false
    },
    {
        "date": "2020-12-08T11:16:20.639Z",
        "value": "0.39109501242637634",
        "cumulative": false
    },
    {
        "date": "2020-12-08T11:16:21.939Z",
        "value": "0.3092276453971863",
        "cumulative": false
    },
    {
        "date": "2020-12-08T11:16:23.668Z",
        "value": "0.38300079107284546",
        "cumulative": false
    },
    {
        "date": "2020-12-08T11:16:24.938Z",
        "value": "0.5029538869857788",
        "cumulative": false
    },
    {
        "date": "2020-12-08T11:16:26.612Z",
        "value": "0.4121461510658264",
        "cumulative": false
    },
    {
        "date": "2020-12-08T11:16:27.906Z",
        "value": "0.42509692907333374",
        "cumulative": false
    }
]