[
    {
        "date": "2020-12-08T11:15:24.271Z",
        "value": "0.721491813659668",
        "cumulative": false
    },
    {
        "date": "2020-12-08T11:15:27.166Z",
        "value": "0.8233366012573242",
        "cumulative": false
    },
    {
        "date": "2020-12-08T11:15:30.090Z",
        "value": "0.8475816249847412",
        "cumulative": false
    },
    {
        "date": "2020-12-08T11:15:33.026Z",
        "value": "0.840733528137207",
        "cumulative": false
    },
    {
        "date": "2020-12-08T11:15:35.952Z",
        "value": "0.8064055442810059",
        "cumulative": false
    },
    {
        "date": "2020-12-08T11:15:38.876Z",
        "value": "0.8558695316314697",
        "cumulative": false
    },
    {
        "date": "2020-12-08T11:15:41.820Z",
        "value": "0.8797361850738525",
        "cumulative": false
    },
    {
        "date": "2020-12-08T11:15:44.786Z",
        "value": "0.8888952732086182",
        "cumulative": false
    },
    {
        "date": "2020-12-08T11:15:47.676Z",
        "value": "0.8167028427124023",
        "cumulative": false
    },
    {
        "date": "2020-12-08T11:15:50.651Z",
        "value": "0.9143087863922119",
        "cumulative": false
    },
    {
        "date": "2020-12-08T11:15:53.606Z",
        "value": "0.8412477970123291",
        "cumulative": false
    },
    {
        "date": "2020-12-08T11:15:56.559Z",
        "value": "0.7535438537597656",
        "cumulative": false
    },
    {
        "date": "2020-12-08T11:15:59.503Z",
        "value": "0.8402707576751709",
        "cumulative": false
    },
    {
        "date": "2020-12-08T11:16:02.435Z",
        "value": "0.8121762275695801",
        "cumulative": false
    },
    {
        "date": "2020-12-08T11:16:05.423Z",
        "value": "0.8643989562988281",
        "cumulative": false
    },
    {
        "date": "2020-12-08T11:16:08.350Z",
        "value": "0.8753604888916016",
        "cumulative": false
    },
    {
        "date": "2020-12-08T11:16:11.241Z",
        "value": "0.8506367206573486",
        "cumulative": false
    },
    {
        "date": "2020-12-08T11:16:14.202Z",
        "value": "0.8525683879852295",
        "cumulative": false
    },
    {
        "date": "2020-12-08T11:16:17.134Z",
        "value": "0.7768683433532715",
        "cumulative": false
    },
    {
        "date": "2020-12-08T11:16:20.096Z",
        "value": "0.8996016979217529",
        "cumulative": false
    },
    {
        "date": "2020-12-08T11:16:23.092Z",
        "value": "0.927248477935791",
        "cumulative": false
    },
    {
        "date": "2020-12-08T11:16:26.078Z",
        "value": "0.9506754875183105",
        "cumulative": false
    },
    {
        "date": "2020-12-08T11:16:29.002Z",
        "value": "0.9087910652160645",
        "cumulative": false
    }
]