[
    {
        "date": "2020-12-08T11:15:24.267Z",
        "value": "0.00947880744934082",
        "cumulative": false
    },
    {
        "date": "2020-12-08T11:15:27.160Z",
        "value": "0.009920597076416016",
        "cumulative": false
    },
    {
        "date": "2020-12-08T11:15:30.080Z",
        "value": "0.009222745895385742",
        "cumulative": false
    },
    {
        "date": "2020-12-08T11:15:33.027Z",
        "value": "0.008977651596069336",
        "cumulative": false
    },
    {
        "date": "2020-12-08T11:15:35.936Z",
        "value": "0.009632110595703125",
        "cumulative": false
    },
    {
        "date": "2020-12-08T11:15:38.868Z",
        "value": "0.009436607360839844",
        "cumulative": false
    },
    {
        "date": "2020-12-08T11:15:41.813Z",
        "value": "0.010109424591064453",
        "cumulative": false
    },
    {
        "date": "2020-12-08T11:15:44.780Z",
        "value": "0.009097099304199219",
        "cumulative": false
    },
    {
        "date": "2020-12-08T11:15:47.668Z",
        "value": "0.010416507720947266",
        "cumulative": false
    },
    {
        "date": "2020-12-08T11:15:50.651Z",
        "value": "0.010216712951660156",
        "cumulative": false
    },
    {
        "date": "2020-12-08T11:15:53.598Z",
        "value": "0.009751558303833008",
        "cumulative": false
    },
    {
        "date": "2020-12-08T11:15:56.556Z",
        "value": "0.009151935577392578",
        "cumulative": false
    },
    {
        "date": "2020-12-08T11:15:59.503Z",
        "value": "0.009021282196044922",
        "cumulative": false
    },
    {
        "date": "2020-12-08T11:16:02.433Z",
        "value": "0.009038686752319336",
        "cumulative": false
    },
    {
        "date": "2020-12-08T11:16:05.414Z",
        "value": "0.00955820083618164",
        "cumulative": false
    },
    {
        "date": "2020-12-08T11:16:08.346Z",
        "value": "0.009754180908203125",
        "cumulative": false
    },
    {
        "date": "2020-12-08T11:16:11.234Z",
        "value": "0.01005244255065918",
        "cumulative": false
    },
    {
        "date": "2020-12-08T11:16:14.202Z",
        "value": "0.009591817855834961",
        "cumulative": false
    },
    {
        "date": "2020-12-08T11:16:17.133Z",
        "value": "0.009945154190063477",
        "cumulative": false
    },
    {
        "date": "2020-12-08T11:16:20.093Z",
        "value": "0.009305477142333984",
        "cumulative": false
    },
    {
        "date": "2020-12-08T11:16:23.086Z",
        "value": "0.009867429733276367",
        "cumulative": false
    },
    {
        "date": "2020-12-08T11:16:26.061Z",
        "value": "0.010382652282714844",
        "cumulative": false
    },
    {
        "date": "2020-12-08T11:16:29.000Z",
        "value": "0.010669469833374023",
        "cumulative": false
    }
]