[
    {
        "date": "2020-12-08T11:15:24.267Z",
        "value": "4.503443002700806",
        "cumulative": false
    },
    {
        "date": "2020-12-08T11:15:27.160Z",
        "value": "2.302488327026367",
        "cumulative": false
    },
    {
        "date": "2020-12-08T11:15:30.080Z",
        "value": "2.3138301372528076",
        "cumulative": false
    },
    {
        "date": "2020-12-08T11:15:33.027Z",
        "value": "2.328880548477173",
        "cumulative": false
    },
    {
        "date": "2020-12-08T11:15:35.936Z",
        "value": "2.326261043548584",
        "cumulative": false
    },
    {
        "date": "2020-12-08T11:15:38.868Z",
        "value": "2.3656692504882812",
        "cumulative": false
    },
    {
        "date": "2020-12-08T11:15:41.812Z",
        "value": "2.356222152709961",
        "cumulative": false
    },
    {
        "date": "2020-12-08T11:15:44.780Z",
        "value": "2.3862197399139404",
        "cumulative": false
    },
    {
        "date": "2020-12-08T11:15:47.668Z",
        "value": "2.2898287773132324",
        "cumulative": false
    },
    {
        "date": "2020-12-08T11:15:50.651Z",
        "value": "2.366860866546631",
        "cumulative": false
    },
    {
        "date": "2020-12-08T11:15:53.598Z",
        "value": "2.3653390407562256",
        "cumulative": false
    },
    {
        "date": "2020-12-08T11:15:56.555Z",
        "value": "2.3430392742156982",
        "cumulative": false
    },
    {
        "date": "2020-12-08T11:15:59.503Z",
        "value": "2.3586318492889404",
        "cumulative": false
    },
    {
        "date": "2020-12-08T11:16:02.433Z",
        "value": "2.330057144165039",
        "cumulative": false
    },
    {
        "date": "2020-12-08T11:16:05.414Z",
        "value": "2.376802921295166",
        "cumulative": false
    },
    {
        "date": "2020-12-08T11:16:08.346Z",
        "value": "2.347390651702881",
        "cumulative": false
    },
    {
        "date": "2020-12-08T11:16:11.234Z",
        "value": "2.3015599250793457",
        "cumulative": false
    },
    {
        "date": "2020-12-08T11:16:14.202Z",
        "value": "2.347421646118164",
        "cumulative": false
    },
    {
        "date": "2020-12-08T11:16:17.132Z",
        "value": "2.2951714992523193",
        "cumulative": false
    },
    {
        "date": "2020-12-08T11:16:20.093Z",
        "value": "2.373194932937622",
        "cumulative": false
    },
    {
        "date": "2020-12-08T11:16:23.086Z",
        "value": "2.4026012420654297",
        "cumulative": false
    },
    {
        "date": "2020-12-08T11:16:26.061Z",
        "value": "2.3753113746643066",
        "cumulative": false
    },
    {
        "date": "2020-12-08T11:16:29.000Z",
        "value": "2.341357707977295",
        "cumulative": false
    }
]