[
    {
        "date": "2020-12-08T11:15:24.268Z",
        "value": "0.12491631507873535",
        "cumulative": false
    },
    {
        "date": "2020-12-08T11:15:27.166Z",
        "value": "0.12163162231445312",
        "cumulative": false
    },
    {
        "date": "2020-12-08T11:15:30.089Z",
        "value": "0.12021398544311523",
        "cumulative": false
    },
    {
        "date": "2020-12-08T11:15:33.029Z",
        "value": "0.11666035652160645",
        "cumulative": false
    },
    {
        "date": "2020-12-08T11:15:35.945Z",
        "value": "0.11311578750610352",
        "cumulative": false
    },
    {
        "date": "2020-12-08T11:15:38.883Z",
        "value": "0.11571168899536133",
        "cumulative": false
    },
    {
        "date": "2020-12-08T11:15:41.818Z",
        "value": "0.1095578670501709",
        "cumulative": false
    },
    {
        "date": "2020-12-08T11:15:44.792Z",
        "value": "0.11844563484191895",
        "cumulative": false
    },
    {
        "date": "2020-12-08T11:15:47.666Z",
        "value": "0.11967992782592773",
        "cumulative": false
    },
    {
        "date": "2020-12-08T11:15:50.657Z",
        "value": "0.10687446594238281",
        "cumulative": false
    },
    {
        "date": "2020-12-08T11:15:53.611Z",
        "value": "0.11117672920227051",
        "cumulative": false
    },
    {
        "date": "2020-12-08T11:15:56.558Z",
        "value": "0.12802600860595703",
        "cumulative": false
    },
    {
        "date": "2020-12-08T11:15:59.500Z",
        "value": "0.13002610206604004",
        "cumulative": false
    },
    {
        "date": "2020-12-08T11:16:02.433Z",
        "value": "0.12578606605529785",
        "cumulative": false
    },
    {
        "date": "2020-12-08T11:16:05.423Z",
        "value": "0.11656427383422852",
        "cumulative": false
    },
    {
        "date": "2020-12-08T11:16:08.345Z",
        "value": "0.11338162422180176",
        "cumulative": false
    },
    {
        "date": "2020-12-08T11:16:11.242Z",
        "value": "0.12544822692871094",
        "cumulative": false
    },
    {
        "date": "2020-12-08T11:16:14.199Z",
        "value": "0.1308908462524414",
        "cumulative": false
    },
    {
        "date": "2020-12-08T11:16:17.129Z",
        "value": "0.13234591484069824",
        "cumulative": false
    },
    {
        "date": "2020-12-08T11:16:20.091Z",
        "value": "0.130723237991333",
        "cumulative": false
    },
    {
        "date": "2020-12-08T11:16:23.097Z",
        "value": "0.13093900680541992",
        "cumulative": false
    },
    {
        "date": "2020-12-08T11:16:26.074Z",
        "value": "0.12604427337646484",
        "cumulative": false
    },
    {
        "date": "2020-12-08T11:16:29.011Z",
        "value": "0.1091158390045166",
        "cumulative": false
    }
]