[
    {
        "date": "2020-12-08T11:15:21.937Z",
        "value": "2.4750990867614746",
        "cumulative": false
    },
    {
        "date": "2020-12-08T11:15:23.192Z",
        "value": "1.6724637746810913",
        "cumulative": false
    },
    {
        "date": "2020-12-08T11:15:24.826Z",
        "value": "1.6308925151824951",
        "cumulative": false
    },
    {
        "date": "2020-12-08T11:15:26.062Z",
        "value": "1.4093354940414429",
        "cumulative": false
    },
    {
        "date": "2020-12-08T11:15:27.726Z",
        "value": "1.3463729619979858",
        "cumulative": false
    },
    {
        "date": "2020-12-08T11:15:28.994Z",
        "value": "1.1593446731567383",
        "cumulative": false
    },
    {
        "date": "2020-12-08T11:15:30.648Z",
        "value": "1.0566943883895874",
        "cumulative": false
    },
    {
        "date": "2020-12-08T11:15:31.935Z",
        "value": "1.0509628057479858",
        "cumulative": false
    },
    {
        "date": "2020-12-08T11:15:33.580Z",
        "value": "1.0731695890426636",
        "cumulative": false
    },
    {
        "date": "2020-12-08T11:15:34.848Z",
        "value": "0.7616460919380188",
        "cumulative": false
    },
    {
        "date": "2020-12-08T11:15:36.469Z",
        "value": "0.9359180331230164",
        "cumulative": false
    },
    {
        "date": "2020-12-08T11:15:37.733Z",
        "value": "0.9079041481018066",
        "cumulative": false
    },
    {
        "date": "2020-12-08T11:15:39.459Z",
        "value": "0.8329569697380066",
        "cumulative": false
    },
    {
        "date": "2020-12-08T11:15:40.693Z",
        "value": "0.7646459937095642",
        "cumulative": false
    },
    {
        "date": "2020-12-08T11:15:42.374Z",
        "value": "0.7943235039710999",
        "cumulative": false
    },
    {
        "date": "2020-12-08T11:15:43.642Z",
        "value": "0.8196516036987305",
        "cumulative": false
    },
    {
        "date": "2020-12-08T11:15:45.332Z",
        "value": "0.6434077024459839",
        "cumulative": false
    },
    {
        "date": "2020-12-08T11:15:46.586Z",
        "value": "0.7525653839111328",
        "cumulative": false
    },
    {
        "date": "2020-12-08T11:15:48.226Z",
        "value": "0.9270732402801514",
        "cumulative": false
    },
    {
        "date": "2020-12-08T11:15:49.548Z",
        "value": "0.7047313451766968",
        "cumulative": false
    },
    {
        "date": "2020-12-08T11:15:51.207Z",
        "value": "0.5736578106880188",
        "cumulative": false
    },
    {
        "date": "2020-12-08T11:15:52.507Z",
        "value": "0.5353744029998779",
        "cumulative": false
    },
    {
        "date": "2020-12-08T11:15:54.167Z",
        "value": "0.5814399123191833",
        "cumulative": false
    },
    {
        "date": "2020-12-08T11:15:55.442Z",
        "value": "0.6975707411766052",
        "cumulative": false
    },
    {
        "date": "2020-12-08T11:15:57.124Z",
        "value": "0.4593227207660675",
        "cumulative": false
    },
    {
        "date": "2020-12-08T11:15:58.408Z",
        "value": "0.6407202482223511",
        "cumulative": false
    },
    {
        "date": "2020-12-08T11:16:00.051Z",
        "value": "0.47704237699508667",
        "cumulative": false
    },
    {
        "date": "2020-12-08T11:16:01.340Z",
        "value": "0.5029237866401672",
        "cumulative": false
    },
    {
        "date": "2020-12-08T11:16:03.003Z",
        "value": "0.45187512040138245",
        "cumulative": false
    },
    {
        "date": "2020-12-08T11:16:04.295Z",
        "value": "0.5604880452156067",
        "cumulative": false
    },
    {
        "date": "2020-12-08T11:16:05.960Z",
        "value": "0.5341109037399292",
        "cumulative": false
    },
    {
        "date": "2020-12-08T11:16:07.245Z",
        "value": "0.4695882499217987",
        "cumulative": false
    },
    {
        "date": "2020-12-08T11:16:08.887Z",
        "value": "0.8028696775436401",
        "cumulative": false
    },
    {
        "date": "2020-12-08T11:16:10.148Z",
        "value": "0.43519890308380127",
        "cumulative": false
    },
    {
        "date": "2020-12-08T11:16:11.798Z",
        "value": "0.5053088665008545",
        "cumulative": false
    },
    {
        "date": "2020-12-08T11:16:13.093Z",
        "value": "0.505492627620697",
        "cumulative": false
    },
    {
        "date": "2020-12-08T11:16:14.810Z",
        "value": "0.44952258467674255",
        "cumulative": false
    },
    {
        "date": "2020-12-08T11:16:16.040Z",
        "value": "0.4325997829437256",
        "cumulative": false
    },
    {
        "date": "2020-12-08T11:16:17.708Z",
        "value": "0.3734348714351654",
        "cumulative": false
    },
    {
        "date": "2020-12-08T11:16:18.955Z",
        "value": "0.41899338364601135",
        "cumulative": false
    },
    {
        "date": "2020-12-08T11:16:20.639Z",
        "value": "0.36082154512405396",
        "cumulative": false
    },
    {
        "date": "2020-12-08T11:16:21.940Z",
        "value": "0.2840847969055176",
        "cumulative": false
    },
    {
        "date": "2020-12-08T11:16:23.665Z",
        "value": "0.40225949883461",
        "cumulative": false
    },
    {
        "date": "2020-12-08T11:16:24.939Z",
        "value": "0.4514501690864563",
        "cumulative": false
    },
    {
        "date": "2020-12-08T11:16:26.612Z",
        "value": "0.38508132100105286",
        "cumulative": false
    },
    {
        "date": "2020-12-08T11:16:27.906Z",
        "value": "0.2560335099697113",
        "cumulative": false
    }
]