[
    {
        "date": "2020-12-08T11:15:24.272Z",
        "value": "0.00018906593322753906",
        "cumulative": false
    },
    {
        "date": "2020-12-08T11:15:27.173Z",
        "value": "0.00017952919006347656",
        "cumulative": false
    },
    {
        "date": "2020-12-08T11:15:30.093Z",
        "value": "0.00014710426330566406",
        "cumulative": false
    },
    {
        "date": "2020-12-08T11:15:33.027Z",
        "value": "0.00016069412231445312",
        "cumulative": false
    },
    {
        "date": "2020-12-08T11:15:35.945Z",
        "value": "0.0001995563507080078",
        "cumulative": false
    },
    {
        "date": "2020-12-08T11:15:38.876Z",
        "value": "0.00015592575073242188",
        "cumulative": false
    },
    {
        "date": "2020-12-08T11:15:41.829Z",
        "value": "0.0001647472381591797",
        "cumulative": false
    },
    {
        "date": "2020-12-08T11:15:44.788Z",
        "value": "0.00016260147094726562",
        "cumulative": false
    },
    {
        "date": "2020-12-08T11:15:47.668Z",
        "value": "0.00017452239990234375",
        "cumulative": false
    },
    {
        "date": "2020-12-08T11:15:50.657Z",
        "value": "0.00018262863159179688",
        "cumulative": false
    },
    {
        "date": "2020-12-08T11:15:53.612Z",
        "value": "0.0001556873321533203",
        "cumulative": false
    },
    {
        "date": "2020-12-08T11:15:56.559Z",
        "value": "0.0001628398895263672",
        "cumulative": false
    },
    {
        "date": "2020-12-08T11:15:59.505Z",
        "value": "0.00015401840209960938",
        "cumulative": false
    },
    {
        "date": "2020-12-08T11:16:02.436Z",
        "value": "0.0001761913299560547",
        "cumulative": false
    },
    {
        "date": "2020-12-08T11:16:05.425Z",
        "value": "0.00016427040100097656",
        "cumulative": false
    },
    {
        "date": "2020-12-08T11:16:08.349Z",
        "value": "0.00016355514526367188",
        "cumulative": false
    },
    {
        "date": "2020-12-08T11:16:11.242Z",
        "value": "0.00016570091247558594",
        "cumulative": false
    },
    {
        "date": "2020-12-08T11:16:14.204Z",
        "value": "0.00015926361083984375",
        "cumulative": false
    },
    {
        "date": "2020-12-08T11:16:17.138Z",
        "value": "0.00016355514526367188",
        "cumulative": false
    },
    {
        "date": "2020-12-08T11:16:20.093Z",
        "value": "0.00017023086547851562",
        "cumulative": false
    },
    {
        "date": "2020-12-08T11:16:23.094Z",
        "value": "0.00016355514526367188",
        "cumulative": false
    },
    {
        "date": "2020-12-08T11:16:26.069Z",
        "value": "0.00015974044799804688",
        "cumulative": false
    },
    {
        "date": "2020-12-08T11:16:29.008Z",
        "value": "0.000156402587890625",
        "cumulative": false
    }
]