[
    {
        "date": "2020-12-08T11:15:24.271Z",
        "value": "0.12697815895080566",
        "cumulative": false
    },
    {
        "date": "2020-12-08T11:15:27.166Z",
        "value": "0.12858009338378906",
        "cumulative": false
    },
    {
        "date": "2020-12-08T11:15:30.090Z",
        "value": "0.1211550235748291",
        "cumulative": false
    },
    {
        "date": "2020-12-08T11:15:33.026Z",
        "value": "0.1273508071899414",
        "cumulative": false
    },
    {
        "date": "2020-12-08T11:15:35.952Z",
        "value": "0.12171077728271484",
        "cumulative": false
    },
    {
        "date": "2020-12-08T11:15:38.876Z",
        "value": "0.12887835502624512",
        "cumulative": false
    },
    {
        "date": "2020-12-08T11:15:41.820Z",
        "value": "0.14132165908813477",
        "cumulative": false
    },
    {
        "date": "2020-12-08T11:15:44.786Z",
        "value": "0.1140139102935791",
        "cumulative": false
    },
    {
        "date": "2020-12-08T11:15:47.675Z",
        "value": "0.12990307807922363",
        "cumulative": false
    },
    {
        "date": "2020-12-08T11:15:50.651Z",
        "value": "0.12470793724060059",
        "cumulative": false
    },
    {
        "date": "2020-12-08T11:15:53.606Z",
        "value": "0.12009239196777344",
        "cumulative": false
    },
    {
        "date": "2020-12-08T11:15:56.559Z",
        "value": "0.13725972175598145",
        "cumulative": false
    },
    {
        "date": "2020-12-08T11:15:59.503Z",
        "value": "0.12371230125427246",
        "cumulative": false
    },
    {
        "date": "2020-12-08T11:16:02.434Z",
        "value": "0.1306629180908203",
        "cumulative": false
    },
    {
        "date": "2020-12-08T11:16:05.423Z",
        "value": "0.12923097610473633",
        "cumulative": false
    },
    {
        "date": "2020-12-08T11:16:08.350Z",
        "value": "0.12379908561706543",
        "cumulative": false
    },
    {
        "date": "2020-12-08T11:16:11.241Z",
        "value": "0.11795949935913086",
        "cumulative": false
    },
    {
        "date": "2020-12-08T11:16:14.202Z",
        "value": "0.12270927429199219",
        "cumulative": false
    },
    {
        "date": "2020-12-08T11:16:17.134Z",
        "value": "0.12103629112243652",
        "cumulative": false
    },
    {
        "date": "2020-12-08T11:16:20.096Z",
        "value": "0.11868715286254883",
        "cumulative": false
    },
    {
        "date": "2020-12-08T11:16:23.092Z",
        "value": "0.1244192123413086",
        "cumulative": false
    },
    {
        "date": "2020-12-08T11:16:26.078Z",
        "value": "0.12703180313110352",
        "cumulative": false
    },
    {
        "date": "2020-12-08T11:16:29.002Z",
        "value": "0.11927628517150879",
        "cumulative": false
    }
]