[
    {
        "date": "2020-12-08T11:15:24.280Z",
        "value": "0.12139058113098145",
        "cumulative": false
    },
    {
        "date": "2020-12-08T11:15:27.178Z",
        "value": "0.13599371910095215",
        "cumulative": false
    },
    {
        "date": "2020-12-08T11:15:30.093Z",
        "value": "0.1325974464416504",
        "cumulative": false
    },
    {
        "date": "2020-12-08T11:15:33.035Z",
        "value": "0.12441110610961914",
        "cumulative": false
    },
    {
        "date": "2020-12-08T11:15:35.946Z",
        "value": "0.13413286209106445",
        "cumulative": false
    },
    {
        "date": "2020-12-08T11:15:38.880Z",
        "value": "0.1529679298400879",
        "cumulative": false
    },
    {
        "date": "2020-12-08T11:15:41.822Z",
        "value": "0.12208318710327148",
        "cumulative": false
    },
    {
        "date": "2020-12-08T11:15:44.789Z",
        "value": "0.13723325729370117",
        "cumulative": false
    },
    {
        "date": "2020-12-08T11:15:47.673Z",
        "value": "0.14360880851745605",
        "cumulative": false
    },
    {
        "date": "2020-12-08T11:15:50.658Z",
        "value": "0.13783478736877441",
        "cumulative": false
    },
    {
        "date": "2020-12-08T11:15:53.615Z",
        "value": "0.1366558074951172",
        "cumulative": false
    },
    {
        "date": "2020-12-08T11:15:56.567Z",
        "value": "0.13715863227844238",
        "cumulative": false
    },
    {
        "date": "2020-12-08T11:15:59.507Z",
        "value": "0.14489102363586426",
        "cumulative": false
    },
    {
        "date": "2020-12-08T11:16:02.447Z",
        "value": "0.13224196434020996",
        "cumulative": false
    },
    {
        "date": "2020-12-08T11:16:05.423Z",
        "value": "0.14785361289978027",
        "cumulative": false
    },
    {
        "date": "2020-12-08T11:16:08.352Z",
        "value": "0.13632965087890625",
        "cumulative": false
    },
    {
        "date": "2020-12-08T11:16:11.257Z",
        "value": "0.13342046737670898",
        "cumulative": false
    },
    {
        "date": "2020-12-08T11:16:14.205Z",
        "value": "0.1214742660522461",
        "cumulative": false
    },
    {
        "date": "2020-12-08T11:16:17.142Z",
        "value": "0.1279904842376709",
        "cumulative": false
    },
    {
        "date": "2020-12-08T11:16:20.101Z",
        "value": "0.14742708206176758",
        "cumulative": false
    },
    {
        "date": "2020-12-08T11:16:23.100Z",
        "value": "0.14411687850952148",
        "cumulative": false
    },
    {
        "date": "2020-12-08T11:16:26.069Z",
        "value": "0.1286768913269043",
        "cumulative": false
    },
    {
        "date": "2020-12-08T11:16:29.005Z",
        "value": "0.13941359519958496",
        "cumulative": false
    }
]