[
    {
        "date": "2020-12-08T11:15:21.933Z",
        "value": "10.15625",
        "cumulative": false
    },
    {
        "date": "2020-12-08T11:15:23.188Z",
        "value": "35.15625",
        "cumulative": false
    },
    {
        "date": "2020-12-08T11:15:24.820Z",
        "value": "38.28125",
        "cumulative": false
    },
    {
        "date": "2020-12-08T11:15:26.056Z",
        "value": "50.78125",
        "cumulative": false
    },
    {
        "date": "2020-12-08T11:15:27.720Z",
        "value": "49.21875",
        "cumulative": false
    },
    {
        "date": "2020-12-08T11:15:28.988Z",
        "value": "61.71875",
        "cumulative": false
    },
    {
        "date": "2020-12-08T11:15:30.642Z",
        "value": "61.71875",
        "cumulative": false
    },
    {
        "date": "2020-12-08T11:15:31.928Z",
        "value": "65.625",
        "cumulative": false
    },
    {
        "date": "2020-12-08T11:15:33.574Z",
        "value": "68.75",
        "cumulative": false
    },
    {
        "date": "2020-12-08T11:15:34.842Z",
        "value": "66.40625",
        "cumulative": false
    },
    {
        "date": "2020-12-08T11:15:36.463Z",
        "value": "78.125",
        "cumulative": false
    },
    {
        "date": "2020-12-08T11:15:37.727Z",
        "value": "69.53125",
        "cumulative": false
    },
    {
        "date": "2020-12-08T11:15:39.454Z",
        "value": "75.78125",
        "cumulative": false
    },
    {
        "date": "2020-12-08T11:15:40.686Z",
        "value": "73.4375",
        "cumulative": false
    },
    {
        "date": "2020-12-08T11:15:42.368Z",
        "value": "75.78125",
        "cumulative": false
    },
    {
        "date": "2020-12-08T11:15:43.636Z",
        "value": "71.875",
        "cumulative": false
    },
    {
        "date": "2020-12-08T11:15:45.326Z",
        "value": "74.21875",
        "cumulative": false
    },
    {
        "date": "2020-12-08T11:15:46.580Z",
        "value": "69.53125",
        "cumulative": false
    },
    {
        "date": "2020-12-08T11:15:48.220Z",
        "value": "75.78125",
        "cumulative": false
    },
    {
        "date": "2020-12-08T11:15:49.541Z",
        "value": "76.5625",
        "cumulative": false
    },
    {
        "date": "2020-12-08T11:15:51.201Z",
        "value": "76.5625",
        "cumulative": false
    },
    {
        "date": "2020-12-08T11:15:52.501Z",
        "value": "82.03125",
        "cumulative": false
    },
    {
        "date": "2020-12-08T11:15:54.161Z",
        "value": "79.6875",
        "cumulative": false
    },
    {
        "date": "2020-12-08T11:15:55.435Z",
        "value": "74.21875",
        "cumulative": false
    },
    {
        "date": "2020-12-08T11:15:57.119Z",
        "value": "81.25",
        "cumulative": false
    },
    {
        "date": "2020-12-08T11:15:58.402Z",
        "value": "82.03125",
        "cumulative": false
    },
    {
        "date": "2020-12-08T11:16:00.043Z",
        "value": "82.8125",
        "cumulative": false
    },
    {
        "date": "2020-12-08T11:16:01.334Z",
        "value": "86.71875",
        "cumulative": false
    },
    {
        "date": "2020-12-08T11:16:02.998Z",
        "value": "83.59375",
        "cumulative": false
    },
    {
        "date": "2020-12-08T11:16:04.289Z",
        "value": "84.375",
        "cumulative": false
    },
    {
        "date": "2020-12-08T11:16:05.954Z",
        "value": "78.90625",
        "cumulative": false
    },
    {
        "date": "2020-12-08T11:16:07.239Z",
        "value": "87.5",
        "cumulative": false
    },
    {
        "date": "2020-12-08T11:16:08.881Z",
        "value": "84.375",
        "cumulative": false
    },
    {
        "date": "2020-12-08T11:16:10.142Z",
        "value": "82.03125",
        "cumulative": false
    },
    {
        "date": "2020-12-08T11:16:11.792Z",
        "value": "85.15625",
        "cumulative": false
    },
    {
        "date": "2020-12-08T11:16:13.087Z",
        "value": "83.59375",
        "cumulative": false
    },
    {
        "date": "2020-12-08T11:16:14.804Z",
        "value": "84.375",
        "cumulative": false
    },
    {
        "date": "2020-12-08T11:16:16.034Z",
        "value": "83.59375",
        "cumulative": false
    },
    {
        "date": "2020-12-08T11:16:17.694Z",
        "value": "85.9375",
        "cumulative": false
    },
    {
        "date": "2020-12-08T11:16:18.949Z",
        "value": "84.375",
        "cumulative": false
    },
    {
        "date": "2020-12-08T11:16:20.633Z",
        "value": "88.28125",
        "cumulative": false
    },
    {
        "date": "2020-12-08T11:16:21.934Z",
        "value": "91.40625",
        "cumulative": false
    },
    {
        "date": "2020-12-08T11:16:23.660Z",
        "value": "87.5",
        "cumulative": false
    },
    {
        "date": "2020-12-08T11:16:24.933Z",
        "value": "89.84375",
        "cumulative": false
    },
    {
        "date": "2020-12-08T11:16:26.606Z",
        "value": "88.28125",
        "cumulative": false
    },
    {
        "date": "2020-12-08T11:16:27.900Z",
        "value": "87.5",
        "cumulative": false
    }
]