[
    {
        "date": "2020-12-08T11:15:24.280Z",
        "value": "0.009552001953125",
        "cumulative": false
    },
    {
        "date": "2020-12-08T11:15:27.178Z",
        "value": "0.010135173797607422",
        "cumulative": false
    },
    {
        "date": "2020-12-08T11:15:30.093Z",
        "value": "0.00927591323852539",
        "cumulative": false
    },
    {
        "date": "2020-12-08T11:15:33.035Z",
        "value": "0.008915185928344727",
        "cumulative": false
    },
    {
        "date": "2020-12-08T11:15:35.946Z",
        "value": "0.009937763214111328",
        "cumulative": false
    },
    {
        "date": "2020-12-08T11:15:38.880Z",
        "value": "0.00942087173461914",
        "cumulative": false
    },
    {
        "date": "2020-12-08T11:15:41.822Z",
        "value": "0.009139299392700195",
        "cumulative": false
    },
    {
        "date": "2020-12-08T11:15:44.789Z",
        "value": "0.009656906127929688",
        "cumulative": false
    },
    {
        "date": "2020-12-08T11:15:47.673Z",
        "value": "0.009992599487304688",
        "cumulative": false
    },
    {
        "date": "2020-12-08T11:15:50.658Z",
        "value": "0.010427474975585938",
        "cumulative": false
    },
    {
        "date": "2020-12-08T11:15:53.615Z",
        "value": "0.010145187377929688",
        "cumulative": false
    },
    {
        "date": "2020-12-08T11:15:56.567Z",
        "value": "0.009827852249145508",
        "cumulative": false
    },
    {
        "date": "2020-12-08T11:15:59.507Z",
        "value": "0.011263608932495117",
        "cumulative": false
    },
    {
        "date": "2020-12-08T11:16:02.447Z",
        "value": "0.010886907577514648",
        "cumulative": false
    },
    {
        "date": "2020-12-08T11:16:05.423Z",
        "value": "0.01035618782043457",
        "cumulative": false
    },
    {
        "date": "2020-12-08T11:16:08.353Z",
        "value": "0.010589122772216797",
        "cumulative": false
    },
    {
        "date": "2020-12-08T11:16:11.257Z",
        "value": "0.01005101203918457",
        "cumulative": false
    },
    {
        "date": "2020-12-08T11:16:14.205Z",
        "value": "0.009680747985839844",
        "cumulative": false
    },
    {
        "date": "2020-12-08T11:16:17.142Z",
        "value": "0.010024547576904297",
        "cumulative": false
    },
    {
        "date": "2020-12-08T11:16:20.101Z",
        "value": "0.010315179824829102",
        "cumulative": false
    },
    {
        "date": "2020-12-08T11:16:23.100Z",
        "value": "0.009829998016357422",
        "cumulative": false
    },
    {
        "date": "2020-12-08T11:16:26.069Z",
        "value": "0.010324478149414062",
        "cumulative": false
    },
    {
        "date": "2020-12-08T11:16:29.005Z",
        "value": "0.010020971298217773",
        "cumulative": false
    }
]