[
    {
        "date": "2020-12-08T11:15:24.268Z",
        "value": "0.0001380443572998047",
        "cumulative": false
    },
    {
        "date": "2020-12-08T11:15:27.161Z",
        "value": "0.00014781951904296875",
        "cumulative": false
    },
    {
        "date": "2020-12-08T11:15:30.080Z",
        "value": "0.00011849403381347656",
        "cumulative": false
    },
    {
        "date": "2020-12-08T11:15:33.027Z",
        "value": "0.00011301040649414062",
        "cumulative": false
    },
    {
        "date": "2020-12-08T11:15:35.936Z",
        "value": "0.0001163482666015625",
        "cumulative": false
    },
    {
        "date": "2020-12-08T11:15:38.868Z",
        "value": "0.00013637542724609375",
        "cumulative": false
    },
    {
        "date": "2020-12-08T11:15:41.813Z",
        "value": "0.0001697540283203125",
        "cumulative": false
    },
    {
        "date": "2020-12-08T11:15:44.780Z",
        "value": "0.00012135505676269531",
        "cumulative": false
    },
    {
        "date": "2020-12-08T11:15:47.668Z",
        "value": "0.0001385211944580078",
        "cumulative": false
    },
    {
        "date": "2020-12-08T11:15:50.651Z",
        "value": "0.0001270771026611328",
        "cumulative": false
    },
    {
        "date": "2020-12-08T11:15:53.598Z",
        "value": "0.00012087821960449219",
        "cumulative": false
    },
    {
        "date": "2020-12-08T11:15:56.556Z",
        "value": "0.00013184547424316406",
        "cumulative": false
    },
    {
        "date": "2020-12-08T11:15:59.503Z",
        "value": "0.00011324882507324219",
        "cumulative": false
    },
    {
        "date": "2020-12-08T11:16:02.433Z",
        "value": "0.00012946128845214844",
        "cumulative": false
    },
    {
        "date": "2020-12-08T11:16:05.414Z",
        "value": "0.00011920928955078125",
        "cumulative": false
    },
    {
        "date": "2020-12-08T11:16:08.346Z",
        "value": "0.00011754035949707031",
        "cumulative": false
    },
    {
        "date": "2020-12-08T11:16:11.234Z",
        "value": "0.00013709068298339844",
        "cumulative": false
    },
    {
        "date": "2020-12-08T11:16:14.202Z",
        "value": "0.00011968612670898438",
        "cumulative": false
    },
    {
        "date": "2020-12-08T11:16:17.133Z",
        "value": "0.0001308917999267578",
        "cumulative": false
    },
    {
        "date": "2020-12-08T11:16:20.093Z",
        "value": "0.00011682510375976562",
        "cumulative": false
    },
    {
        "date": "2020-12-08T11:16:23.086Z",
        "value": "0.00011992454528808594",
        "cumulative": false
    },
    {
        "date": "2020-12-08T11:16:26.061Z",
        "value": "0.00011706352233886719",
        "cumulative": false
    },
    {
        "date": "2020-12-08T11:16:29.000Z",
        "value": "0.00011706352233886719",
        "cumulative": false
    }
]