[
    {
        "date": "2020-12-08T11:15:24.272Z",
        "value": "0.5758352279663086",
        "cumulative": false
    },
    {
        "date": "2020-12-08T11:15:27.173Z",
        "value": "0.5262482166290283",
        "cumulative": false
    },
    {
        "date": "2020-12-08T11:15:30.093Z",
        "value": "0.4774343967437744",
        "cumulative": false
    },
    {
        "date": "2020-12-08T11:15:33.027Z",
        "value": "0.5568161010742188",
        "cumulative": false
    },
    {
        "date": "2020-12-08T11:15:35.945Z",
        "value": "0.5580177307128906",
        "cumulative": false
    },
    {
        "date": "2020-12-08T11:15:38.876Z",
        "value": "0.5101068019866943",
        "cumulative": false
    },
    {
        "date": "2020-12-08T11:15:41.829Z",
        "value": "0.5563018321990967",
        "cumulative": false
    },
    {
        "date": "2020-12-08T11:15:44.788Z",
        "value": "0.5410833358764648",
        "cumulative": false
    },
    {
        "date": "2020-12-08T11:15:47.668Z",
        "value": "0.5036895275115967",
        "cumulative": false
    },
    {
        "date": "2020-12-08T11:15:50.657Z",
        "value": "0.49079298973083496",
        "cumulative": false
    },
    {
        "date": "2020-12-08T11:15:53.612Z",
        "value": "0.5236575603485107",
        "cumulative": false
    },
    {
        "date": "2020-12-08T11:15:56.559Z",
        "value": "0.5017275810241699",
        "cumulative": false
    },
    {
        "date": "2020-12-08T11:15:59.505Z",
        "value": "0.56034255027771",
        "cumulative": false
    },
    {
        "date": "2020-12-08T11:16:02.436Z",
        "value": "0.5218937397003174",
        "cumulative": false
    },
    {
        "date": "2020-12-08T11:16:05.425Z",
        "value": "0.5270354747772217",
        "cumulative": false
    },
    {
        "date": "2020-12-08T11:16:08.349Z",
        "value": "0.5321962833404541",
        "cumulative": false
    },
    {
        "date": "2020-12-08T11:16:11.242Z",
        "value": "0.4941060543060303",
        "cumulative": false
    },
    {
        "date": "2020-12-08T11:16:14.204Z",
        "value": "0.5225934982299805",
        "cumulative": false
    },
    {
        "date": "2020-12-08T11:16:17.138Z",
        "value": "0.48580431938171387",
        "cumulative": false
    },
    {
        "date": "2020-12-08T11:16:20.093Z",
        "value": "0.5399584770202637",
        "cumulative": false
    },
    {
        "date": "2020-12-08T11:16:23.094Z",
        "value": "0.5585248470306396",
        "cumulative": false
    },
    {
        "date": "2020-12-08T11:16:26.069Z",
        "value": "0.5649349689483643",
        "cumulative": false
    },
    {
        "date": "2020-12-08T11:16:29.008Z",
        "value": "0.48821544647216797",
        "cumulative": false
    }
]