[
    {
        "date": "2020-12-08T11:15:24.267Z",
        "value": "2.51135516166687",
        "cumulative": false
    },
    {
        "date": "2020-12-08T11:15:27.160Z",
        "value": "0.4743020534515381",
        "cumulative": false
    },
    {
        "date": "2020-12-08T11:15:30.080Z",
        "value": "0.45638203620910645",
        "cumulative": false
    },
    {
        "date": "2020-12-08T11:15:33.027Z",
        "value": "0.42575693130493164",
        "cumulative": false
    },
    {
        "date": "2020-12-08T11:15:35.936Z",
        "value": "0.4649944305419922",
        "cumulative": false
    },
    {
        "date": "2020-12-08T11:15:38.868Z",
        "value": "0.4599905014038086",
        "cumulative": false
    },
    {
        "date": "2020-12-08T11:15:41.813Z",
        "value": "0.43332958221435547",
        "cumulative": false
    },
    {
        "date": "2020-12-08T11:15:44.780Z",
        "value": "0.4470939636230469",
        "cumulative": false
    },
    {
        "date": "2020-12-08T11:15:47.668Z",
        "value": "0.4814331531524658",
        "cumulative": false
    },
    {
        "date": "2020-12-08T11:15:50.651Z",
        "value": "0.5345306396484375",
        "cumulative": false
    },
    {
        "date": "2020-12-08T11:15:53.598Z",
        "value": "0.48914337158203125",
        "cumulative": false
    },
    {
        "date": "2020-12-08T11:15:56.556Z",
        "value": "0.49230527877807617",
        "cumulative": false
    },
    {
        "date": "2020-12-08T11:15:59.503Z",
        "value": "0.44438695907592773",
        "cumulative": false
    },
    {
        "date": "2020-12-08T11:16:02.433Z",
        "value": "0.46977901458740234",
        "cumulative": false
    },
    {
        "date": "2020-12-08T11:16:05.414Z",
        "value": "0.4540536403656006",
        "cumulative": false
    },
    {
        "date": "2020-12-08T11:16:08.346Z",
        "value": "0.4793987274169922",
        "cumulative": false
    },
    {
        "date": "2020-12-08T11:16:11.234Z",
        "value": "0.4818282127380371",
        "cumulative": false
    },
    {
        "date": "2020-12-08T11:16:14.202Z",
        "value": "0.47594237327575684",
        "cumulative": false
    },
    {
        "date": "2020-12-08T11:16:17.133Z",
        "value": "0.47808122634887695",
        "cumulative": false
    },
    {
        "date": "2020-12-08T11:16:20.093Z",
        "value": "0.45537495613098145",
        "cumulative": false
    },
    {
        "date": "2020-12-08T11:16:23.086Z",
        "value": "0.47666239738464355",
        "cumulative": false
    },
    {
        "date": "2020-12-08T11:16:26.061Z",
        "value": "0.49693751335144043",
        "cumulative": false
    },
    {
        "date": "2020-12-08T11:16:29.000Z",
        "value": "0.48389148712158203",
        "cumulative": false
    }
]