[
    {
        "date": "2020-12-08T11:15:24.272Z",
        "value": "0.10842227935791016",
        "cumulative": false
    },
    {
        "date": "2020-12-08T11:15:27.166Z",
        "value": "0.12105321884155273",
        "cumulative": false
    },
    {
        "date": "2020-12-08T11:15:30.086Z",
        "value": "0.11922597885131836",
        "cumulative": false
    },
    {
        "date": "2020-12-08T11:15:33.018Z",
        "value": "0.12041044235229492",
        "cumulative": false
    },
    {
        "date": "2020-12-08T11:15:35.934Z",
        "value": "0.11065292358398438",
        "cumulative": false
    },
    {
        "date": "2020-12-08T11:15:38.869Z",
        "value": "0.12375998497009277",
        "cumulative": false
    },
    {
        "date": "2020-12-08T11:15:41.810Z",
        "value": "0.11010599136352539",
        "cumulative": false
    },
    {
        "date": "2020-12-08T11:15:44.777Z",
        "value": "0.1060490608215332",
        "cumulative": false
    },
    {
        "date": "2020-12-08T11:15:47.666Z",
        "value": "0.11152410507202148",
        "cumulative": false
    },
    {
        "date": "2020-12-08T11:15:50.642Z",
        "value": "0.11841583251953125",
        "cumulative": false
    },
    {
        "date": "2020-12-08T11:15:53.603Z",
        "value": "0.11886429786682129",
        "cumulative": false
    },
    {
        "date": "2020-12-08T11:15:56.551Z",
        "value": "0.10742330551147461",
        "cumulative": false
    },
    {
        "date": "2020-12-08T11:15:59.494Z",
        "value": "0.11542534828186035",
        "cumulative": false
    },
    {
        "date": "2020-12-08T11:16:02.429Z",
        "value": "0.11879611015319824",
        "cumulative": false
    },
    {
        "date": "2020-12-08T11:16:05.413Z",
        "value": "0.11208891868591309",
        "cumulative": false
    },
    {
        "date": "2020-12-08T11:16:08.349Z",
        "value": "0.11257123947143555",
        "cumulative": false
    },
    {
        "date": "2020-12-08T11:16:11.232Z",
        "value": "0.12008118629455566",
        "cumulative": false
    },
    {
        "date": "2020-12-08T11:16:14.196Z",
        "value": "0.12089848518371582",
        "cumulative": false
    },
    {
        "date": "2020-12-08T11:16:17.126Z",
        "value": "0.11393451690673828",
        "cumulative": false
    },
    {
        "date": "2020-12-08T11:16:20.091Z",
        "value": "0.1141366958618164",
        "cumulative": false
    },
    {
        "date": "2020-12-08T11:16:23.090Z",
        "value": "0.1158597469329834",
        "cumulative": false
    },
    {
        "date": "2020-12-08T11:16:26.060Z",
        "value": "0.10752630233764648",
        "cumulative": false
    },
    {
        "date": "2020-12-08T11:16:28.999Z",
        "value": "0.10307121276855469",
        "cumulative": false
    }
]