[
    {
        "date": "2020-12-08T11:15:24.267Z",
        "value": "4.506178379058838",
        "cumulative": false
    },
    {
        "date": "2020-12-08T11:15:27.159Z",
        "value": "2.2944047451019287",
        "cumulative": false
    },
    {
        "date": "2020-12-08T11:15:30.081Z",
        "value": "2.3035471439361572",
        "cumulative": false
    },
    {
        "date": "2020-12-08T11:15:33.025Z",
        "value": "2.3189330101013184",
        "cumulative": false
    },
    {
        "date": "2020-12-08T11:15:35.937Z",
        "value": "2.3157150745391846",
        "cumulative": false
    },
    {
        "date": "2020-12-08T11:15:38.870Z",
        "value": "2.354567289352417",
        "cumulative": false
    },
    {
        "date": "2020-12-08T11:15:41.818Z",
        "value": "2.3451154232025146",
        "cumulative": false
    },
    {
        "date": "2020-12-08T11:15:44.779Z",
        "value": "2.3729939460754395",
        "cumulative": false
    },
    {
        "date": "2020-12-08T11:15:47.663Z",
        "value": "2.2867610454559326",
        "cumulative": false
    },
    {
        "date": "2020-12-08T11:15:50.646Z",
        "value": "2.3776588439941406",
        "cumulative": false
    },
    {
        "date": "2020-12-08T11:15:53.606Z",
        "value": "2.3559670448303223",
        "cumulative": false
    },
    {
        "date": "2020-12-08T11:15:56.552Z",
        "value": "2.336233139038086",
        "cumulative": false
    },
    {
        "date": "2020-12-08T11:15:59.496Z",
        "value": "2.353381872177124",
        "cumulative": false
    },
    {
        "date": "2020-12-08T11:16:02.432Z",
        "value": "2.3357770442962646",
        "cumulative": false
    },
    {
        "date": "2020-12-08T11:16:05.423Z",
        "value": "2.3757588863372803",
        "cumulative": false
    },
    {
        "date": "2020-12-08T11:16:08.342Z",
        "value": "2.338045597076416",
        "cumulative": false
    },
    {
        "date": "2020-12-08T11:16:11.234Z",
        "value": "2.302433967590332",
        "cumulative": false
    },
    {
        "date": "2020-12-08T11:16:14.203Z",
        "value": "2.3604538440704346",
        "cumulative": false
    },
    {
        "date": "2020-12-08T11:16:17.126Z",
        "value": "2.3218846321105957",
        "cumulative": false
    },
    {
        "date": "2020-12-08T11:16:20.099Z",
        "value": "2.3377201557159424",
        "cumulative": false
    },
    {
        "date": "2020-12-08T11:16:23.089Z",
        "value": "2.4006762504577637",
        "cumulative": false
    },
    {
        "date": "2020-12-08T11:16:26.067Z",
        "value": "2.324410915374756",
        "cumulative": false
    },
    {
        "date": "2020-12-08T11:16:29.002Z",
        "value": "2.326225519180298",
        "cumulative": false
    }
]