[
    {
        "date": "2020-12-08T11:15:21.943Z",
        "value": "14.84375",
        "cumulative": false
    },
    {
        "date": "2020-12-08T11:15:23.197Z",
        "value": "40.625",
        "cumulative": false
    },
    {
        "date": "2020-12-08T11:15:24.829Z",
        "value": "39.0625",
        "cumulative": false
    },
    {
        "date": "2020-12-08T11:15:26.065Z",
        "value": "46.09375",
        "cumulative": false
    },
    {
        "date": "2020-12-08T11:15:27.730Z",
        "value": "52.34375",
        "cumulative": false
    },
    {
        "date": "2020-12-08T11:15:28.997Z",
        "value": "57.8125",
        "cumulative": false
    },
    {
        "date": "2020-12-08T11:15:30.652Z",
        "value": "60.15625",
        "cumulative": false
    },
    {
        "date": "2020-12-08T11:15:31.937Z",
        "value": "70.3125",
        "cumulative": false
    },
    {
        "date": "2020-12-08T11:15:33.583Z",
        "value": "64.0625",
        "cumulative": false
    },
    {
        "date": "2020-12-08T11:15:34.851Z",
        "value": "65.625",
        "cumulative": false
    },
    {
        "date": "2020-12-08T11:15:36.472Z",
        "value": "68.75",
        "cumulative": false
    },
    {
        "date": "2020-12-08T11:15:37.736Z",
        "value": "71.875",
        "cumulative": false
    },
    {
        "date": "2020-12-08T11:15:39.462Z",
        "value": "65.625",
        "cumulative": false
    },
    {
        "date": "2020-12-08T11:15:40.695Z",
        "value": "72.65625",
        "cumulative": false
    },
    {
        "date": "2020-12-08T11:15:42.377Z",
        "value": "67.1875",
        "cumulative": false
    },
    {
        "date": "2020-12-08T11:15:43.646Z",
        "value": "76.5625",
        "cumulative": false
    },
    {
        "date": "2020-12-08T11:15:45.335Z",
        "value": "79.6875",
        "cumulative": false
    },
    {
        "date": "2020-12-08T11:15:46.589Z",
        "value": "71.09375",
        "cumulative": false
    },
    {
        "date": "2020-12-08T11:15:48.229Z",
        "value": "78.125",
        "cumulative": false
    },
    {
        "date": "2020-12-08T11:15:49.550Z",
        "value": "75.0",
        "cumulative": false
    },
    {
        "date": "2020-12-08T11:15:51.210Z",
        "value": "78.90625",
        "cumulative": false
    },
    {
        "date": "2020-12-08T11:15:52.510Z",
        "value": "79.6875",
        "cumulative": false
    },
    {
        "date": "2020-12-08T11:15:54.169Z",
        "value": "77.34375",
        "cumulative": false
    },
    {
        "date": "2020-12-08T11:15:55.444Z",
        "value": "82.03125",
        "cumulative": false
    },
    {
        "date": "2020-12-08T11:15:57.127Z",
        "value": "77.34375",
        "cumulative": false
    },
    {
        "date": "2020-12-08T11:15:58.411Z",
        "value": "84.375",
        "cumulative": false
    },
    {
        "date": "2020-12-08T11:16:00.052Z",
        "value": "83.59375",
        "cumulative": false
    },
    {
        "date": "2020-12-08T11:16:01.343Z",
        "value": "79.6875",
        "cumulative": false
    },
    {
        "date": "2020-12-08T11:16:03.006Z",
        "value": "83.59375",
        "cumulative": false
    },
    {
        "date": "2020-12-08T11:16:04.298Z",
        "value": "82.8125",
        "cumulative": false
    },
    {
        "date": "2020-12-08T11:16:05.963Z",
        "value": "79.6875",
        "cumulative": false
    },
    {
        "date": "2020-12-08T11:16:07.248Z",
        "value": "81.25",
        "cumulative": false
    },
    {
        "date": "2020-12-08T11:16:08.890Z",
        "value": "77.34375",
        "cumulative": false
    },
    {
        "date": "2020-12-08T11:16:10.151Z",
        "value": "82.8125",
        "cumulative": false
    },
    {
        "date": "2020-12-08T11:16:11.801Z",
        "value": "85.15625",
        "cumulative": false
    },
    {
        "date": "2020-12-08T11:16:13.096Z",
        "value": "76.5625",
        "cumulative": false
    },
    {
        "date": "2020-12-08T11:16:14.813Z",
        "value": "85.9375",
        "cumulative": false
    },
    {
        "date": "2020-12-08T11:16:16.043Z",
        "value": "85.9375",
        "cumulative": false
    },
    {
        "date": "2020-12-08T11:16:17.703Z",
        "value": "91.40625",
        "cumulative": false
    },
    {
        "date": "2020-12-08T11:16:18.958Z",
        "value": "89.0625",
        "cumulative": false
    },
    {
        "date": "2020-12-08T11:16:20.642Z",
        "value": "87.5",
        "cumulative": false
    },
    {
        "date": "2020-12-08T11:16:21.942Z",
        "value": "87.5",
        "cumulative": false
    },
    {
        "date": "2020-12-08T11:16:23.668Z",
        "value": "88.28125",
        "cumulative": false
    },
    {
        "date": "2020-12-08T11:16:24.942Z",
        "value": "89.0625",
        "cumulative": false
    },
    {
        "date": "2020-12-08T11:16:26.615Z",
        "value": "88.28125",
        "cumulative": false
    },
    {
        "date": "2020-12-08T11:16:27.909Z",
        "value": "86.71875",
        "cumulative": false
    }
]