[
    {
        "date": "2020-12-08T11:15:24.268Z",
        "value": "0.00015473365783691406",
        "cumulative": false
    },
    {
        "date": "2020-12-08T11:15:27.160Z",
        "value": "0.00010251998901367188",
        "cumulative": false
    },
    {
        "date": "2020-12-08T11:15:30.081Z",
        "value": "0.00012230873107910156",
        "cumulative": false
    },
    {
        "date": "2020-12-08T11:15:33.025Z",
        "value": "0.00010395050048828125",
        "cumulative": false
    },
    {
        "date": "2020-12-08T11:15:35.937Z",
        "value": "0.00010704994201660156",
        "cumulative": false
    },
    {
        "date": "2020-12-08T11:15:38.870Z",
        "value": "0.0001366138458251953",
        "cumulative": false
    },
    {
        "date": "2020-12-08T11:15:41.818Z",
        "value": "0.00012612342834472656",
        "cumulative": false
    },
    {
        "date": "2020-12-08T11:15:44.779Z",
        "value": "0.00011301040649414062",
        "cumulative": false
    },
    {
        "date": "2020-12-08T11:15:47.663Z",
        "value": "0.00012230873107910156",
        "cumulative": false
    },
    {
        "date": "2020-12-08T11:15:50.646Z",
        "value": "0.00012254714965820312",
        "cumulative": false
    },
    {
        "date": "2020-12-08T11:15:53.606Z",
        "value": "0.00011992454528808594",
        "cumulative": false
    },
    {
        "date": "2020-12-08T11:15:56.552Z",
        "value": "0.00010848045349121094",
        "cumulative": false
    },
    {
        "date": "2020-12-08T11:15:59.496Z",
        "value": "0.00010037422180175781",
        "cumulative": false
    },
    {
        "date": "2020-12-08T11:16:02.432Z",
        "value": "0.00010752677917480469",
        "cumulative": false
    },
    {
        "date": "2020-12-08T11:16:05.424Z",
        "value": "0.00010657310485839844",
        "cumulative": false
    },
    {
        "date": "2020-12-08T11:16:08.342Z",
        "value": "0.00010037422180175781",
        "cumulative": false
    },
    {
        "date": "2020-12-08T11:16:11.234Z",
        "value": "0.00011849403381347656",
        "cumulative": false
    },
    {
        "date": "2020-12-08T11:16:14.204Z",
        "value": "0.00013971328735351562",
        "cumulative": false
    },
    {
        "date": "2020-12-08T11:16:17.127Z",
        "value": "0.00010633468627929688",
        "cumulative": false
    },
    {
        "date": "2020-12-08T11:16:20.099Z",
        "value": "0.00011348724365234375",
        "cumulative": false
    },
    {
        "date": "2020-12-08T11:16:23.089Z",
        "value": "0.00011610984802246094",
        "cumulative": false
    },
    {
        "date": "2020-12-08T11:16:26.067Z",
        "value": "0.00011610984802246094",
        "cumulative": false
    },
    {
        "date": "2020-12-08T11:16:29.002Z",
        "value": "0.00011396408081054688",
        "cumulative": false
    }
]