[
    {
        "date": "2020-12-08T11:15:24.272Z",
        "value": "0.010332584381103516",
        "cumulative": false
    },
    {
        "date": "2020-12-08T11:15:27.166Z",
        "value": "0.008675575256347656",
        "cumulative": false
    },
    {
        "date": "2020-12-08T11:15:30.086Z",
        "value": "0.008814096450805664",
        "cumulative": false
    },
    {
        "date": "2020-12-08T11:15:33.018Z",
        "value": "0.00840139389038086",
        "cumulative": false
    },
    {
        "date": "2020-12-08T11:15:35.934Z",
        "value": "0.008541584014892578",
        "cumulative": false
    },
    {
        "date": "2020-12-08T11:15:38.869Z",
        "value": "0.008329153060913086",
        "cumulative": false
    },
    {
        "date": "2020-12-08T11:15:41.810Z",
        "value": "0.008203744888305664",
        "cumulative": false
    },
    {
        "date": "2020-12-08T11:15:44.777Z",
        "value": "0.007880449295043945",
        "cumulative": false
    },
    {
        "date": "2020-12-08T11:15:47.666Z",
        "value": "0.008368492126464844",
        "cumulative": false
    },
    {
        "date": "2020-12-08T11:15:50.642Z",
        "value": "0.0089874267578125",
        "cumulative": false
    },
    {
        "date": "2020-12-08T11:15:53.603Z",
        "value": "0.013559579849243164",
        "cumulative": false
    },
    {
        "date": "2020-12-08T11:15:56.551Z",
        "value": "0.007776021957397461",
        "cumulative": false
    },
    {
        "date": "2020-12-08T11:15:59.494Z",
        "value": "0.007915019989013672",
        "cumulative": false
    },
    {
        "date": "2020-12-08T11:16:02.429Z",
        "value": "0.008819341659545898",
        "cumulative": false
    },
    {
        "date": "2020-12-08T11:16:05.413Z",
        "value": "0.008609294891357422",
        "cumulative": false
    },
    {
        "date": "2020-12-08T11:16:08.349Z",
        "value": "0.008172273635864258",
        "cumulative": false
    },
    {
        "date": "2020-12-08T11:16:11.233Z",
        "value": "0.02008676528930664",
        "cumulative": false
    },
    {
        "date": "2020-12-08T11:16:14.196Z",
        "value": "0.02498316764831543",
        "cumulative": false
    },
    {
        "date": "2020-12-08T11:16:17.126Z",
        "value": "0.008846521377563477",
        "cumulative": false
    },
    {
        "date": "2020-12-08T11:16:20.091Z",
        "value": "0.008596658706665039",
        "cumulative": false
    },
    {
        "date": "2020-12-08T11:16:23.090Z",
        "value": "0.009121894836425781",
        "cumulative": false
    },
    {
        "date": "2020-12-08T11:16:26.060Z",
        "value": "0.00847768783569336",
        "cumulative": false
    },
    {
        "date": "2020-12-08T11:16:29.000Z",
        "value": "0.007508277893066406",
        "cumulative": false
    }
]