[
    {
        "date": "2020-12-08T11:15:24.272Z",
        "value": "0.13955998420715332",
        "cumulative": false
    },
    {
        "date": "2020-12-08T11:15:27.173Z",
        "value": "0.13826680183410645",
        "cumulative": false
    },
    {
        "date": "2020-12-08T11:15:30.093Z",
        "value": "0.12654542922973633",
        "cumulative": false
    },
    {
        "date": "2020-12-08T11:15:33.027Z",
        "value": "0.14185309410095215",
        "cumulative": false
    },
    {
        "date": "2020-12-08T11:15:35.945Z",
        "value": "0.15016484260559082",
        "cumulative": false
    },
    {
        "date": "2020-12-08T11:15:38.876Z",
        "value": "0.13412141799926758",
        "cumulative": false
    },
    {
        "date": "2020-12-08T11:15:41.829Z",
        "value": "0.13796043395996094",
        "cumulative": false
    },
    {
        "date": "2020-12-08T11:15:44.788Z",
        "value": "0.13509249687194824",
        "cumulative": false
    },
    {
        "date": "2020-12-08T11:15:47.668Z",
        "value": "0.13175487518310547",
        "cumulative": false
    },
    {
        "date": "2020-12-08T11:15:50.657Z",
        "value": "0.1260831356048584",
        "cumulative": false
    },
    {
        "date": "2020-12-08T11:15:53.612Z",
        "value": "0.15941500663757324",
        "cumulative": false
    },
    {
        "date": "2020-12-08T11:15:56.559Z",
        "value": "0.15746617317199707",
        "cumulative": false
    },
    {
        "date": "2020-12-08T11:15:59.504Z",
        "value": "0.14480876922607422",
        "cumulative": false
    },
    {
        "date": "2020-12-08T11:16:02.436Z",
        "value": "0.135512113571167",
        "cumulative": false
    },
    {
        "date": "2020-12-08T11:16:05.425Z",
        "value": "0.14873504638671875",
        "cumulative": false
    },
    {
        "date": "2020-12-08T11:16:08.349Z",
        "value": "0.13837170600891113",
        "cumulative": false
    },
    {
        "date": "2020-12-08T11:16:11.242Z",
        "value": "0.1333630084991455",
        "cumulative": false
    },
    {
        "date": "2020-12-08T11:16:14.204Z",
        "value": "0.1281452178955078",
        "cumulative": false
    },
    {
        "date": "2020-12-08T11:16:17.138Z",
        "value": "0.13594841957092285",
        "cumulative": false
    },
    {
        "date": "2020-12-08T11:16:20.093Z",
        "value": "0.1332085132598877",
        "cumulative": false
    },
    {
        "date": "2020-12-08T11:16:23.094Z",
        "value": "0.12907719612121582",
        "cumulative": false
    },
    {
        "date": "2020-12-08T11:16:26.069Z",
        "value": "0.1279444694519043",
        "cumulative": false
    },
    {
        "date": "2020-12-08T11:16:29.008Z",
        "value": "0.11977601051330566",
        "cumulative": false
    }
]