[
    {
        "date": "2020-12-08T11:15:21.931Z",
        "value": "2.4565205574035645",
        "cumulative": false
    },
    {
        "date": "2020-12-08T11:15:23.185Z",
        "value": "1.6582403182983398",
        "cumulative": false
    },
    {
        "date": "2020-12-08T11:15:24.820Z",
        "value": "1.5770221948623657",
        "cumulative": false
    },
    {
        "date": "2020-12-08T11:15:26.055Z",
        "value": "1.349331021308899",
        "cumulative": false
    },
    {
        "date": "2020-12-08T11:15:27.719Z",
        "value": "1.3280900716781616",
        "cumulative": false
    },
    {
        "date": "2020-12-08T11:15:28.987Z",
        "value": "1.0942456722259521",
        "cumulative": false
    },
    {
        "date": "2020-12-08T11:15:30.642Z",
        "value": "1.036463737487793",
        "cumulative": false
    },
    {
        "date": "2020-12-08T11:15:31.928Z",
        "value": "1.1532056331634521",
        "cumulative": false
    },
    {
        "date": "2020-12-08T11:15:33.574Z",
        "value": "1.0848113298416138",
        "cumulative": false
    },
    {
        "date": "2020-12-08T11:15:34.841Z",
        "value": "1.0439627170562744",
        "cumulative": false
    },
    {
        "date": "2020-12-08T11:15:36.462Z",
        "value": "0.9353092908859253",
        "cumulative": false
    },
    {
        "date": "2020-12-08T11:15:37.726Z",
        "value": "0.7499697804450989",
        "cumulative": false
    },
    {
        "date": "2020-12-08T11:15:39.453Z",
        "value": "0.9884934425354004",
        "cumulative": false
    },
    {
        "date": "2020-12-08T11:15:40.685Z",
        "value": "0.7590032815933228",
        "cumulative": false
    },
    {
        "date": "2020-12-08T11:15:42.367Z",
        "value": "0.617115318775177",
        "cumulative": false
    },
    {
        "date": "2020-12-08T11:15:43.636Z",
        "value": "0.7956756949424744",
        "cumulative": false
    },
    {
        "date": "2020-12-08T11:15:45.325Z",
        "value": "0.6566210985183716",
        "cumulative": false
    },
    {
        "date": "2020-12-08T11:15:46.580Z",
        "value": "0.6995599865913391",
        "cumulative": false
    },
    {
        "date": "2020-12-08T11:15:48.219Z",
        "value": "0.5008676648139954",
        "cumulative": false
    },
    {
        "date": "2020-12-08T11:15:49.541Z",
        "value": "0.7413110733032227",
        "cumulative": false
    },
    {
        "date": "2020-12-08T11:15:51.201Z",
        "value": "0.4154794216156006",
        "cumulative": false
    },
    {
        "date": "2020-12-08T11:15:52.501Z",
        "value": "0.6796643733978271",
        "cumulative": false
    },
    {
        "date": "2020-12-08T11:15:54.162Z",
        "value": "0.4944791793823242",
        "cumulative": false
    },
    {
        "date": "2020-12-08T11:15:55.434Z",
        "value": "0.4986664354801178",
        "cumulative": false
    },
    {
        "date": "2020-12-08T11:15:57.117Z",
        "value": "0.5469877123832703",
        "cumulative": false
    },
    {
        "date": "2020-12-08T11:15:58.402Z",
        "value": "0.6154623031616211",
        "cumulative": false
    },
    {
        "date": "2020-12-08T11:16:00.043Z",
        "value": "0.437728613615036",
        "cumulative": false
    },
    {
        "date": "2020-12-08T11:16:01.333Z",
        "value": "0.4684027433395386",
        "cumulative": false
    },
    {
        "date": "2020-12-08T11:16:02.997Z",
        "value": "0.48010385036468506",
        "cumulative": false
    },
    {
        "date": "2020-12-08T11:16:04.299Z",
        "value": "0.5145009160041809",
        "cumulative": false
    },
    {
        "date": "2020-12-08T11:16:05.953Z",
        "value": "0.5364619493484497",
        "cumulative": false
    },
    {
        "date": "2020-12-08T11:16:07.239Z",
        "value": "0.4371791481971741",
        "cumulative": false
    },
    {
        "date": "2020-12-08T11:16:08.880Z",
        "value": "0.4916203022003174",
        "cumulative": false
    },
    {
        "date": "2020-12-08T11:16:10.141Z",
        "value": "0.6250864267349243",
        "cumulative": false
    },
    {
        "date": "2020-12-08T11:16:11.792Z",
        "value": "0.4259020686149597",
        "cumulative": false
    },
    {
        "date": "2020-12-08T11:16:13.086Z",
        "value": "0.3581218719482422",
        "cumulative": false
    },
    {
        "date": "2020-12-08T11:16:14.803Z",
        "value": "0.4928506314754486",
        "cumulative": false
    },
    {
        "date": "2020-12-08T11:16:16.034Z",
        "value": "0.4484172463417053",
        "cumulative": false
    },
    {
        "date": "2020-12-08T11:16:17.693Z",
        "value": "0.44556093215942383",
        "cumulative": false
    },
    {
        "date": "2020-12-08T11:16:18.949Z",
        "value": "0.37614986300468445",
        "cumulative": false
    },
    {
        "date": "2020-12-08T11:16:20.632Z",
        "value": "0.27537912130355835",
        "cumulative": false
    },
    {
        "date": "2020-12-08T11:16:21.933Z",
        "value": "0.4143853187561035",
        "cumulative": false
    },
    {
        "date": "2020-12-08T11:16:23.659Z",
        "value": "0.519709050655365",
        "cumulative": false
    },
    {
        "date": "2020-12-08T11:16:24.933Z",
        "value": "0.33981651067733765",
        "cumulative": false
    },
    {
        "date": "2020-12-08T11:16:26.605Z",
        "value": "0.41516372561454773",
        "cumulative": false
    },
    {
        "date": "2020-12-08T11:16:27.899Z",
        "value": "0.31375473737716675",
        "cumulative": false
    }
]