[
    {
        "date": "2020-12-08T11:15:24.267Z",
        "value": "0.2936670780181885",
        "cumulative": false
    },
    {
        "date": "2020-12-08T11:15:27.161Z",
        "value": "0.32105541229248047",
        "cumulative": false
    },
    {
        "date": "2020-12-08T11:15:30.080Z",
        "value": "0.29163241386413574",
        "cumulative": false
    },
    {
        "date": "2020-12-08T11:15:33.027Z",
        "value": "0.2724480628967285",
        "cumulative": false
    },
    {
        "date": "2020-12-08T11:15:35.936Z",
        "value": "0.3002192974090576",
        "cumulative": false
    },
    {
        "date": "2020-12-08T11:15:38.868Z",
        "value": "0.3233811855316162",
        "cumulative": false
    },
    {
        "date": "2020-12-08T11:15:41.813Z",
        "value": "0.2827799320220947",
        "cumulative": false
    },
    {
        "date": "2020-12-08T11:15:44.780Z",
        "value": "0.2802250385284424",
        "cumulative": false
    },
    {
        "date": "2020-12-08T11:15:47.668Z",
        "value": "0.30962276458740234",
        "cumulative": false
    },
    {
        "date": "2020-12-08T11:15:50.651Z",
        "value": "0.34838438034057617",
        "cumulative": false
    },
    {
        "date": "2020-12-08T11:15:53.598Z",
        "value": "0.32244229316711426",
        "cumulative": false
    },
    {
        "date": "2020-12-08T11:15:56.556Z",
        "value": "0.28926587104797363",
        "cumulative": false
    },
    {
        "date": "2020-12-08T11:15:59.503Z",
        "value": "0.2966005802154541",
        "cumulative": false
    },
    {
        "date": "2020-12-08T11:16:02.433Z",
        "value": "0.298351526260376",
        "cumulative": false
    },
    {
        "date": "2020-12-08T11:16:05.414Z",
        "value": "0.2862226963043213",
        "cumulative": false
    },
    {
        "date": "2020-12-08T11:16:08.346Z",
        "value": "0.30157017707824707",
        "cumulative": false
    },
    {
        "date": "2020-12-08T11:16:11.234Z",
        "value": "0.32061266899108887",
        "cumulative": false
    },
    {
        "date": "2020-12-08T11:16:14.202Z",
        "value": "0.299008846282959",
        "cumulative": false
    },
    {
        "date": "2020-12-08T11:16:17.133Z",
        "value": "0.3099958896636963",
        "cumulative": false
    },
    {
        "date": "2020-12-08T11:16:20.093Z",
        "value": "0.3176600933074951",
        "cumulative": false
    },
    {
        "date": "2020-12-08T11:16:23.086Z",
        "value": "0.3292086124420166",
        "cumulative": false
    },
    {
        "date": "2020-12-08T11:16:26.061Z",
        "value": "0.3521444797515869",
        "cumulative": false
    },
    {
        "date": "2020-12-08T11:16:29.000Z",
        "value": "0.3235921859741211",
        "cumulative": false
    }
]