[
    {
        "date": "2020-12-08T11:15:24.270Z",
        "value": "0.3033895492553711",
        "cumulative": false
    },
    {
        "date": "2020-12-08T11:15:27.173Z",
        "value": "0.30234313011169434",
        "cumulative": false
    },
    {
        "date": "2020-12-08T11:15:30.088Z",
        "value": "0.2914104461669922",
        "cumulative": false
    },
    {
        "date": "2020-12-08T11:15:33.025Z",
        "value": "0.3047046661376953",
        "cumulative": false
    },
    {
        "date": "2020-12-08T11:15:35.942Z",
        "value": "0.3071427345275879",
        "cumulative": false
    },
    {
        "date": "2020-12-08T11:15:38.881Z",
        "value": "0.28992271423339844",
        "cumulative": false
    },
    {
        "date": "2020-12-08T11:15:41.824Z",
        "value": "0.3052382469177246",
        "cumulative": false
    },
    {
        "date": "2020-12-08T11:15:44.785Z",
        "value": "0.2915637493133545",
        "cumulative": false
    },
    {
        "date": "2020-12-08T11:15:47.671Z",
        "value": "0.32535648345947266",
        "cumulative": false
    },
    {
        "date": "2020-12-08T11:15:50.650Z",
        "value": "0.3203892707824707",
        "cumulative": false
    },
    {
        "date": "2020-12-08T11:15:53.619Z",
        "value": "0.2786107063293457",
        "cumulative": false
    },
    {
        "date": "2020-12-08T11:15:56.567Z",
        "value": "0.28968071937561035",
        "cumulative": false
    },
    {
        "date": "2020-12-08T11:15:59.504Z",
        "value": "0.3020148277282715",
        "cumulative": false
    },
    {
        "date": "2020-12-08T11:16:02.434Z",
        "value": "0.27867698669433594",
        "cumulative": false
    },
    {
        "date": "2020-12-08T11:16:05.426Z",
        "value": "0.29427528381347656",
        "cumulative": false
    },
    {
        "date": "2020-12-08T11:16:08.348Z",
        "value": "0.2882721424102783",
        "cumulative": false
    },
    {
        "date": "2020-12-08T11:16:11.239Z",
        "value": "0.3139913082122803",
        "cumulative": false
    },
    {
        "date": "2020-12-08T11:16:14.207Z",
        "value": "0.32018041610717773",
        "cumulative": false
    },
    {
        "date": "2020-12-08T11:16:17.138Z",
        "value": "0.3169064521789551",
        "cumulative": false
    },
    {
        "date": "2020-12-08T11:16:20.103Z",
        "value": "0.2970893383026123",
        "cumulative": false
    },
    {
        "date": "2020-12-08T11:16:23.095Z",
        "value": "0.29529261589050293",
        "cumulative": false
    },
    {
        "date": "2020-12-08T11:16:26.071Z",
        "value": "0.35048627853393555",
        "cumulative": false
    },
    {
        "date": "2020-12-08T11:16:29.004Z",
        "value": "0.322934627532959",
        "cumulative": false
    }
]