[
    {
        "date": "2020-12-08T11:15:21.931Z",
        "value": "2.475576400756836",
        "cumulative": false
    },
    {
        "date": "2020-12-08T11:15:23.185Z",
        "value": "1.687400221824646",
        "cumulative": false
    },
    {
        "date": "2020-12-08T11:15:24.820Z",
        "value": "1.5289961099624634",
        "cumulative": false
    },
    {
        "date": "2020-12-08T11:15:26.056Z",
        "value": "1.4085140228271484",
        "cumulative": false
    },
    {
        "date": "2020-12-08T11:15:27.719Z",
        "value": "1.4125666618347168",
        "cumulative": false
    },
    {
        "date": "2020-12-08T11:15:28.988Z",
        "value": "1.1557644605636597",
        "cumulative": false
    },
    {
        "date": "2020-12-08T11:15:30.642Z",
        "value": "1.0515453815460205",
        "cumulative": false
    },
    {
        "date": "2020-12-08T11:15:31.928Z",
        "value": "1.0067520141601562",
        "cumulative": false
    },
    {
        "date": "2020-12-08T11:15:33.574Z",
        "value": "0.9098518490791321",
        "cumulative": false
    },
    {
        "date": "2020-12-08T11:15:34.842Z",
        "value": "1.0201201438903809",
        "cumulative": false
    },
    {
        "date": "2020-12-08T11:15:36.462Z",
        "value": "0.7364080548286438",
        "cumulative": false
    },
    {
        "date": "2020-12-08T11:15:37.727Z",
        "value": "0.8250897526741028",
        "cumulative": false
    },
    {
        "date": "2020-12-08T11:15:39.453Z",
        "value": "0.616442084312439",
        "cumulative": false
    },
    {
        "date": "2020-12-08T11:15:40.685Z",
        "value": "0.671596884727478",
        "cumulative": false
    },
    {
        "date": "2020-12-08T11:15:42.367Z",
        "value": "0.7260547280311584",
        "cumulative": false
    },
    {
        "date": "2020-12-08T11:15:43.636Z",
        "value": "0.8060219287872314",
        "cumulative": false
    },
    {
        "date": "2020-12-08T11:15:45.325Z",
        "value": "0.6648362874984741",
        "cumulative": false
    },
    {
        "date": "2020-12-08T11:15:46.580Z",
        "value": "0.8586195707321167",
        "cumulative": false
    },
    {
        "date": "2020-12-08T11:15:48.219Z",
        "value": "0.6705127954483032",
        "cumulative": false
    },
    {
        "date": "2020-12-08T11:15:49.541Z",
        "value": "0.5827249884605408",
        "cumulative": false
    },
    {
        "date": "2020-12-08T11:15:51.201Z",
        "value": "0.6450560688972473",
        "cumulative": false
    },
    {
        "date": "2020-12-08T11:15:52.501Z",
        "value": "0.5315290689468384",
        "cumulative": false
    },
    {
        "date": "2020-12-08T11:15:54.160Z",
        "value": "0.6231473684310913",
        "cumulative": false
    },
    {
        "date": "2020-12-08T11:15:55.435Z",
        "value": "0.6753953099250793",
        "cumulative": false
    },
    {
        "date": "2020-12-08T11:15:57.118Z",
        "value": "0.6587464809417725",
        "cumulative": false
    },
    {
        "date": "2020-12-08T11:15:58.402Z",
        "value": "0.5469142198562622",
        "cumulative": false
    },
    {
        "date": "2020-12-08T11:16:00.043Z",
        "value": "0.5415477752685547",
        "cumulative": false
    },
    {
        "date": "2020-12-08T11:16:01.334Z",
        "value": "0.4788939952850342",
        "cumulative": false
    },
    {
        "date": "2020-12-08T11:16:02.998Z",
        "value": "0.47339802980422974",
        "cumulative": false
    },
    {
        "date": "2020-12-08T11:16:04.289Z",
        "value": "0.4674442708492279",
        "cumulative": false
    },
    {
        "date": "2020-12-08T11:16:05.953Z",
        "value": "0.5797149538993835",
        "cumulative": false
    },
    {
        "date": "2020-12-08T11:16:07.239Z",
        "value": "0.4003816246986389",
        "cumulative": false
    },
    {
        "date": "2020-12-08T11:16:08.880Z",
        "value": "0.4607391059398651",
        "cumulative": false
    },
    {
        "date": "2020-12-08T11:16:10.142Z",
        "value": "0.5781365036964417",
        "cumulative": false
    },
    {
        "date": "2020-12-08T11:16:11.792Z",
        "value": "0.4307032823562622",
        "cumulative": false
    },
    {
        "date": "2020-12-08T11:16:13.087Z",
        "value": "0.47329309582710266",
        "cumulative": false
    },
    {
        "date": "2020-12-08T11:16:14.804Z",
        "value": "0.45733001828193665",
        "cumulative": false
    },
    {
        "date": "2020-12-08T11:16:16.034Z",
        "value": "0.3864962160587311",
        "cumulative": false
    },
    {
        "date": "2020-12-08T11:16:17.694Z",
        "value": "0.43173936009407043",
        "cumulative": false
    },
    {
        "date": "2020-12-08T11:16:18.949Z",
        "value": "0.4040071368217468",
        "cumulative": false
    },
    {
        "date": "2020-12-08T11:16:20.633Z",
        "value": "0.35795465111732483",
        "cumulative": false
    },
    {
        "date": "2020-12-08T11:16:21.934Z",
        "value": "0.2558021545410156",
        "cumulative": false
    },
    {
        "date": "2020-12-08T11:16:23.659Z",
        "value": "0.3335387110710144",
        "cumulative": false
    },
    {
        "date": "2020-12-08T11:16:24.933Z",
        "value": "0.39370331168174744",
        "cumulative": false
    },
    {
        "date": "2020-12-08T11:16:26.605Z",
        "value": "0.2805982232093811",
        "cumulative": false
    },
    {
        "date": "2020-12-08T11:16:27.900Z",
        "value": "0.3447697162628174",
        "cumulative": false
    }
]