[
    {
        "date": "2020-12-08T11:15:21.931Z",
        "value": "2.4867029190063477",
        "cumulative": false
    },
    {
        "date": "2020-12-08T11:15:23.185Z",
        "value": "1.9218477010726929",
        "cumulative": false
    },
    {
        "date": "2020-12-08T11:15:24.820Z",
        "value": "1.4732223749160767",
        "cumulative": false
    },
    {
        "date": "2020-12-08T11:15:26.055Z",
        "value": "1.4294615983963013",
        "cumulative": false
    },
    {
        "date": "2020-12-08T11:15:27.719Z",
        "value": "1.2439957857131958",
        "cumulative": false
    },
    {
        "date": "2020-12-08T11:15:28.987Z",
        "value": "1.1255475282669067",
        "cumulative": false
    },
    {
        "date": "2020-12-08T11:15:30.642Z",
        "value": "1.081761121749878",
        "cumulative": false
    },
    {
        "date": "2020-12-08T11:15:31.928Z",
        "value": "1.014304518699646",
        "cumulative": false
    },
    {
        "date": "2020-12-08T11:15:33.574Z",
        "value": "1.110977292060852",
        "cumulative": false
    },
    {
        "date": "2020-12-08T11:15:34.841Z",
        "value": "0.9889167547225952",
        "cumulative": false
    },
    {
        "date": "2020-12-08T11:15:36.462Z",
        "value": "0.7870048880577087",
        "cumulative": false
    },
    {
        "date": "2020-12-08T11:15:37.727Z",
        "value": "0.8119686841964722",
        "cumulative": false
    },
    {
        "date": "2020-12-08T11:15:39.453Z",
        "value": "0.9452077150344849",
        "cumulative": false
    },
    {
        "date": "2020-12-08T11:15:40.685Z",
        "value": "0.7189564108848572",
        "cumulative": false
    },
    {
        "date": "2020-12-08T11:15:42.368Z",
        "value": "0.6775681972503662",
        "cumulative": false
    },
    {
        "date": "2020-12-08T11:15:43.636Z",
        "value": "0.6877649426460266",
        "cumulative": false
    },
    {
        "date": "2020-12-08T11:15:45.325Z",
        "value": "0.70384281873703",
        "cumulative": false
    },
    {
        "date": "2020-12-08T11:15:46.580Z",
        "value": "0.6078110933303833",
        "cumulative": false
    },
    {
        "date": "2020-12-08T11:15:48.219Z",
        "value": "0.6134952902793884",
        "cumulative": false
    },
    {
        "date": "2020-12-08T11:15:49.541Z",
        "value": "0.5324774384498596",
        "cumulative": false
    },
    {
        "date": "2020-12-08T11:15:51.200Z",
        "value": "0.711641252040863",
        "cumulative": false
    },
    {
        "date": "2020-12-08T11:15:52.501Z",
        "value": "0.5177603363990784",
        "cumulative": false
    },
    {
        "date": "2020-12-08T11:15:54.160Z",
        "value": "0.522287130355835",
        "cumulative": false
    },
    {
        "date": "2020-12-08T11:15:55.434Z",
        "value": "0.5707537531852722",
        "cumulative": false
    },
    {
        "date": "2020-12-08T11:15:57.117Z",
        "value": "0.594619870185852",
        "cumulative": false
    },
    {
        "date": "2020-12-08T11:15:58.401Z",
        "value": "0.4199802875518799",
        "cumulative": false
    },
    {
        "date": "2020-12-08T11:16:00.043Z",
        "value": "0.49991390109062195",
        "cumulative": false
    },
    {
        "date": "2020-12-08T11:16:01.333Z",
        "value": "0.33683547377586365",
        "cumulative": false
    },
    {
        "date": "2020-12-08T11:16:02.997Z",
        "value": "0.4809563159942627",
        "cumulative": false
    },
    {
        "date": "2020-12-08T11:16:04.289Z",
        "value": "0.4413261115550995",
        "cumulative": false
    },
    {
        "date": "2020-12-08T11:16:05.953Z",
        "value": "0.30481213331222534",
        "cumulative": false
    },
    {
        "date": "2020-12-08T11:16:07.239Z",
        "value": "0.3836030066013336",
        "cumulative": false
    },
    {
        "date": "2020-12-08T11:16:08.880Z",
        "value": "0.40721267461776733",
        "cumulative": false
    },
    {
        "date": "2020-12-08T11:16:10.141Z",
        "value": "0.5977850556373596",
        "cumulative": false
    },
    {
        "date": "2020-12-08T11:16:11.792Z",
        "value": "0.5113012790679932",
        "cumulative": false
    },
    {
        "date": "2020-12-08T11:16:13.086Z",
        "value": "0.2721503973007202",
        "cumulative": false
    },
    {
        "date": "2020-12-08T11:16:14.804Z",
        "value": "0.39884042739868164",
        "cumulative": false
    },
    {
        "date": "2020-12-08T11:16:16.034Z",
        "value": "0.4905567765235901",
        "cumulative": false
    },
    {
        "date": "2020-12-08T11:16:17.693Z",
        "value": "0.3645358979701996",
        "cumulative": false
    },
    {
        "date": "2020-12-08T11:16:18.949Z",
        "value": "0.49632954597473145",
        "cumulative": false
    },
    {
        "date": "2020-12-08T11:16:20.632Z",
        "value": "0.3140065670013428",
        "cumulative": false
    },
    {
        "date": "2020-12-08T11:16:21.933Z",
        "value": "0.5364707708358765",
        "cumulative": false
    },
    {
        "date": "2020-12-08T11:16:23.659Z",
        "value": "0.42159852385520935",
        "cumulative": false
    },
    {
        "date": "2020-12-08T11:16:24.932Z",
        "value": "0.2774645984172821",
        "cumulative": false
    },
    {
        "date": "2020-12-08T11:16:26.605Z",
        "value": "0.430500328540802",
        "cumulative": false
    },
    {
        "date": "2020-12-08T11:16:27.900Z",
        "value": "0.43224209547042847",
        "cumulative": false
    }
]