[
    {
        "date": "2020-12-08T11:15:24.279Z",
        "value": "4.499480962753296",
        "cumulative": false
    },
    {
        "date": "2020-12-08T11:15:27.178Z",
        "value": "2.2900750637054443",
        "cumulative": false
    },
    {
        "date": "2020-12-08T11:15:30.093Z",
        "value": "2.303253173828125",
        "cumulative": false
    },
    {
        "date": "2020-12-08T11:15:33.035Z",
        "value": "2.3291561603546143",
        "cumulative": false
    },
    {
        "date": "2020-12-08T11:15:35.946Z",
        "value": "2.3205814361572266",
        "cumulative": false
    },
    {
        "date": "2020-12-08T11:15:38.880Z",
        "value": "2.3652124404907227",
        "cumulative": false
    },
    {
        "date": "2020-12-08T11:15:41.822Z",
        "value": "2.3536205291748047",
        "cumulative": false
    },
    {
        "date": "2020-12-08T11:15:44.789Z",
        "value": "2.3777294158935547",
        "cumulative": false
    },
    {
        "date": "2020-12-08T11:15:47.673Z",
        "value": "2.292344808578491",
        "cumulative": false
    },
    {
        "date": "2020-12-08T11:15:50.658Z",
        "value": "2.370577812194824",
        "cumulative": false
    },
    {
        "date": "2020-12-08T11:15:53.615Z",
        "value": "2.347689151763916",
        "cumulative": false
    },
    {
        "date": "2020-12-08T11:15:56.567Z",
        "value": "2.347986936569214",
        "cumulative": false
    },
    {
        "date": "2020-12-08T11:15:59.507Z",
        "value": "2.330575704574585",
        "cumulative": false
    },
    {
        "date": "2020-12-08T11:16:02.447Z",
        "value": "2.335561990737915",
        "cumulative": false
    },
    {
        "date": "2020-12-08T11:16:05.423Z",
        "value": "2.368894338607788",
        "cumulative": false
    },
    {
        "date": "2020-12-08T11:16:08.352Z",
        "value": "2.339092493057251",
        "cumulative": false
    },
    {
        "date": "2020-12-08T11:16:11.257Z",
        "value": "2.297096014022827",
        "cumulative": false
    },
    {
        "date": "2020-12-08T11:16:14.205Z",
        "value": "2.3449859619140625",
        "cumulative": false
    },
    {
        "date": "2020-12-08T11:16:17.142Z",
        "value": "2.3175947666168213",
        "cumulative": false
    },
    {
        "date": "2020-12-08T11:16:20.101Z",
        "value": "2.3634533882141113",
        "cumulative": false
    },
    {
        "date": "2020-12-08T11:16:23.100Z",
        "value": "2.402073383331299",
        "cumulative": false
    },
    {
        "date": "2020-12-08T11:16:26.069Z",
        "value": "2.362259864807129",
        "cumulative": false
    },
    {
        "date": "2020-12-08T11:16:29.005Z",
        "value": "2.338758707046509",
        "cumulative": false
    }
]