[
    {
        "date": "2020-12-08T11:15:24.267Z",
        "value": "0.42369961738586426",
        "cumulative": false
    },
    {
        "date": "2020-12-08T11:15:27.161Z",
        "value": "0.4563584327697754",
        "cumulative": false
    },
    {
        "date": "2020-12-08T11:15:30.080Z",
        "value": "0.432650089263916",
        "cumulative": false
    },
    {
        "date": "2020-12-08T11:15:33.027Z",
        "value": "0.4238400459289551",
        "cumulative": false
    },
    {
        "date": "2020-12-08T11:15:35.936Z",
        "value": "0.4680898189544678",
        "cumulative": false
    },
    {
        "date": "2020-12-08T11:15:38.868Z",
        "value": "0.43611955642700195",
        "cumulative": false
    },
    {
        "date": "2020-12-08T11:15:41.813Z",
        "value": "0.43226051330566406",
        "cumulative": false
    },
    {
        "date": "2020-12-08T11:15:44.780Z",
        "value": "0.41252923011779785",
        "cumulative": false
    },
    {
        "date": "2020-12-08T11:15:47.668Z",
        "value": "0.43134164810180664",
        "cumulative": false
    },
    {
        "date": "2020-12-08T11:15:50.651Z",
        "value": "0.48337459564208984",
        "cumulative": false
    },
    {
        "date": "2020-12-08T11:15:53.598Z",
        "value": "0.48821282386779785",
        "cumulative": false
    },
    {
        "date": "2020-12-08T11:15:56.556Z",
        "value": "0.409912109375",
        "cumulative": false
    },
    {
        "date": "2020-12-08T11:15:59.503Z",
        "value": "0.4199953079223633",
        "cumulative": false
    },
    {
        "date": "2020-12-08T11:16:02.433Z",
        "value": "0.43453335762023926",
        "cumulative": false
    },
    {
        "date": "2020-12-08T11:16:05.414Z",
        "value": "0.4317924976348877",
        "cumulative": false
    },
    {
        "date": "2020-12-08T11:16:08.346Z",
        "value": "0.443774938583374",
        "cumulative": false
    },
    {
        "date": "2020-12-08T11:16:11.234Z",
        "value": "0.42516326904296875",
        "cumulative": false
    },
    {
        "date": "2020-12-08T11:16:14.202Z",
        "value": "0.42012786865234375",
        "cumulative": false
    },
    {
        "date": "2020-12-08T11:16:17.133Z",
        "value": "0.46565985679626465",
        "cumulative": false
    },
    {
        "date": "2020-12-08T11:16:20.093Z",
        "value": "0.4489109516143799",
        "cumulative": false
    },
    {
        "date": "2020-12-08T11:16:23.086Z",
        "value": "0.456193208694458",
        "cumulative": false
    },
    {
        "date": "2020-12-08T11:16:26.061Z",
        "value": "0.4620692729949951",
        "cumulative": false
    },
    {
        "date": "2020-12-08T11:16:29.000Z",
        "value": "0.4689822196960449",
        "cumulative": false
    }
]