[
    {
        "date": "2020-12-08T11:15:24.272Z",
        "value": "0.4402923583984375",
        "cumulative": false
    },
    {
        "date": "2020-12-08T11:15:27.166Z",
        "value": "0.43700504302978516",
        "cumulative": false
    },
    {
        "date": "2020-12-08T11:15:30.086Z",
        "value": "0.44281744956970215",
        "cumulative": false
    },
    {
        "date": "2020-12-08T11:15:33.018Z",
        "value": "0.4354274272918701",
        "cumulative": false
    },
    {
        "date": "2020-12-08T11:15:35.934Z",
        "value": "0.4442915916442871",
        "cumulative": false
    },
    {
        "date": "2020-12-08T11:15:38.869Z",
        "value": "0.4356272220611572",
        "cumulative": false
    },
    {
        "date": "2020-12-08T11:15:41.810Z",
        "value": "0.4334409236907959",
        "cumulative": false
    },
    {
        "date": "2020-12-08T11:15:44.777Z",
        "value": "0.4266080856323242",
        "cumulative": false
    },
    {
        "date": "2020-12-08T11:15:47.666Z",
        "value": "0.4510812759399414",
        "cumulative": false
    },
    {
        "date": "2020-12-08T11:15:50.642Z",
        "value": "0.49628520011901855",
        "cumulative": false
    },
    {
        "date": "2020-12-08T11:15:53.603Z",
        "value": "0.4475212097167969",
        "cumulative": false
    },
    {
        "date": "2020-12-08T11:15:56.551Z",
        "value": "0.4638805389404297",
        "cumulative": false
    },
    {
        "date": "2020-12-08T11:15:59.494Z",
        "value": "0.43453240394592285",
        "cumulative": false
    },
    {
        "date": "2020-12-08T11:16:02.429Z",
        "value": "0.5160641670227051",
        "cumulative": false
    },
    {
        "date": "2020-12-08T11:16:05.413Z",
        "value": "0.42159318923950195",
        "cumulative": false
    },
    {
        "date": "2020-12-08T11:16:08.349Z",
        "value": "0.4503748416900635",
        "cumulative": false
    },
    {
        "date": "2020-12-08T11:16:11.233Z",
        "value": "0.4513125419616699",
        "cumulative": false
    },
    {
        "date": "2020-12-08T11:16:14.196Z",
        "value": "0.4094982147216797",
        "cumulative": false
    },
    {
        "date": "2020-12-08T11:16:17.126Z",
        "value": "0.4962158203125",
        "cumulative": false
    },
    {
        "date": "2020-12-08T11:16:20.091Z",
        "value": "0.42698049545288086",
        "cumulative": false
    },
    {
        "date": "2020-12-08T11:16:23.090Z",
        "value": "0.47527599334716797",
        "cumulative": false
    },
    {
        "date": "2020-12-08T11:16:26.060Z",
        "value": "0.4409916400909424",
        "cumulative": false
    },
    {
        "date": "2020-12-08T11:16:29.000Z",
        "value": "0.42748403549194336",
        "cumulative": false
    }
]