[
    {
        "date": "2020-12-08T11:15:21.933Z",
        "value": "10.15625",
        "cumulative": false
    },
    {
        "date": "2020-12-08T11:15:23.187Z",
        "value": "37.5",
        "cumulative": false
    },
    {
        "date": "2020-12-08T11:15:24.820Z",
        "value": "42.96875",
        "cumulative": false
    },
    {
        "date": "2020-12-08T11:15:26.055Z",
        "value": "50.0",
        "cumulative": false
    },
    {
        "date": "2020-12-08T11:15:27.719Z",
        "value": "52.34375",
        "cumulative": false
    },
    {
        "date": "2020-12-08T11:15:28.988Z",
        "value": "60.9375",
        "cumulative": false
    },
    {
        "date": "2020-12-08T11:15:30.642Z",
        "value": "61.71875",
        "cumulative": false
    },
    {
        "date": "2020-12-08T11:15:31.928Z",
        "value": "62.5",
        "cumulative": false
    },
    {
        "date": "2020-12-08T11:15:33.574Z",
        "value": "63.28125",
        "cumulative": false
    },
    {
        "date": "2020-12-08T11:15:34.841Z",
        "value": "64.84375",
        "cumulative": false
    },
    {
        "date": "2020-12-08T11:15:36.462Z",
        "value": "66.40625",
        "cumulative": false
    },
    {
        "date": "2020-12-08T11:15:37.726Z",
        "value": "74.21875",
        "cumulative": false
    },
    {
        "date": "2020-12-08T11:15:39.453Z",
        "value": "64.0625",
        "cumulative": false
    },
    {
        "date": "2020-12-08T11:15:40.685Z",
        "value": "72.65625",
        "cumulative": false
    },
    {
        "date": "2020-12-08T11:15:42.368Z",
        "value": "77.34375",
        "cumulative": false
    },
    {
        "date": "2020-12-08T11:15:43.636Z",
        "value": "74.21875",
        "cumulative": false
    },
    {
        "date": "2020-12-08T11:15:45.325Z",
        "value": "77.34375",
        "cumulative": false
    },
    {
        "date": "2020-12-08T11:15:46.580Z",
        "value": "76.5625",
        "cumulative": false
    },
    {
        "date": "2020-12-08T11:15:48.219Z",
        "value": "82.8125",
        "cumulative": false
    },
    {
        "date": "2020-12-08T11:15:49.541Z",
        "value": "71.09375",
        "cumulative": false
    },
    {
        "date": "2020-12-08T11:15:51.201Z",
        "value": "85.15625",
        "cumulative": false
    },
    {
        "date": "2020-12-08T11:15:52.501Z",
        "value": "75.78125",
        "cumulative": false
    },
    {
        "date": "2020-12-08T11:15:54.162Z",
        "value": "83.59375",
        "cumulative": false
    },
    {
        "date": "2020-12-08T11:15:55.434Z",
        "value": "84.375",
        "cumulative": false
    },
    {
        "date": "2020-12-08T11:15:57.117Z",
        "value": "81.25",
        "cumulative": false
    },
    {
        "date": "2020-12-08T11:15:58.402Z",
        "value": "78.125",
        "cumulative": false
    },
    {
        "date": "2020-12-08T11:16:00.043Z",
        "value": "86.71875",
        "cumulative": false
    },
    {
        "date": "2020-12-08T11:16:01.334Z",
        "value": "85.15625",
        "cumulative": false
    },
    {
        "date": "2020-12-08T11:16:02.997Z",
        "value": "84.375",
        "cumulative": false
    },
    {
        "date": "2020-12-08T11:16:04.299Z",
        "value": "84.375",
        "cumulative": false
    },
    {
        "date": "2020-12-08T11:16:05.953Z",
        "value": "77.34375",
        "cumulative": false
    },
    {
        "date": "2020-12-08T11:16:07.239Z",
        "value": "86.71875",
        "cumulative": false
    },
    {
        "date": "2020-12-08T11:16:08.880Z",
        "value": "83.59375",
        "cumulative": false
    },
    {
        "date": "2020-12-08T11:16:10.141Z",
        "value": "74.21875",
        "cumulative": false
    },
    {
        "date": "2020-12-08T11:16:11.792Z",
        "value": "83.59375",
        "cumulative": false
    },
    {
        "date": "2020-12-08T11:16:13.086Z",
        "value": "88.28125",
        "cumulative": false
    },
    {
        "date": "2020-12-08T11:16:14.804Z",
        "value": "83.59375",
        "cumulative": false
    },
    {
        "date": "2020-12-08T11:16:16.034Z",
        "value": "85.9375",
        "cumulative": false
    },
    {
        "date": "2020-12-08T11:16:17.693Z",
        "value": "86.71875",
        "cumulative": false
    },
    {
        "date": "2020-12-08T11:16:18.949Z",
        "value": "86.71875",
        "cumulative": false
    },
    {
        "date": "2020-12-08T11:16:20.633Z",
        "value": "91.40625",
        "cumulative": false
    },
    {
        "date": "2020-12-08T11:16:21.933Z",
        "value": "86.71875",
        "cumulative": false
    },
    {
        "date": "2020-12-08T11:16:23.659Z",
        "value": "78.125",
        "cumulative": false
    },
    {
        "date": "2020-12-08T11:16:24.933Z",
        "value": "89.0625",
        "cumulative": false
    },
    {
        "date": "2020-12-08T11:16:26.605Z",
        "value": "83.59375",
        "cumulative": false
    },
    {
        "date": "2020-12-08T11:16:27.900Z",
        "value": "88.28125",
        "cumulative": false
    }
]