[
    {
        "date": "2020-12-08T11:15:21.933Z",
        "value": "50.0",
        "cumulative": false
    },
    {
        "date": "2020-12-08T11:15:23.188Z",
        "value": "81.25",
        "cumulative": false
    },
    {
        "date": "2020-12-08T11:15:24.820Z",
        "value": "95.3125",
        "cumulative": false
    },
    {
        "date": "2020-12-08T11:15:26.055Z",
        "value": "92.1875",
        "cumulative": false
    },
    {
        "date": "2020-12-08T11:15:27.719Z",
        "value": "96.09375",
        "cumulative": false
    },
    {
        "date": "2020-12-08T11:15:28.987Z",
        "value": "95.3125",
        "cumulative": false
    },
    {
        "date": "2020-12-08T11:15:30.642Z",
        "value": "97.65625",
        "cumulative": false
    },
    {
        "date": "2020-12-08T11:15:31.928Z",
        "value": "95.3125",
        "cumulative": false
    },
    {
        "date": "2020-12-08T11:15:33.574Z",
        "value": "96.875",
        "cumulative": false
    },
    {
        "date": "2020-12-08T11:15:34.841Z",
        "value": "98.4375",
        "cumulative": false
    },
    {
        "date": "2020-12-08T11:15:36.463Z",
        "value": "96.09375",
        "cumulative": false
    },
    {
        "date": "2020-12-08T11:15:37.727Z",
        "value": "98.4375",
        "cumulative": false
    },
    {
        "date": "2020-12-08T11:15:39.453Z",
        "value": "96.09375",
        "cumulative": false
    },
    {
        "date": "2020-12-08T11:15:40.685Z",
        "value": "98.4375",
        "cumulative": false
    },
    {
        "date": "2020-12-08T11:15:42.368Z",
        "value": "99.21875",
        "cumulative": false
    },
    {
        "date": "2020-12-08T11:15:43.636Z",
        "value": "97.65625",
        "cumulative": false
    },
    {
        "date": "2020-12-08T11:15:45.325Z",
        "value": "97.65625",
        "cumulative": false
    },
    {
        "date": "2020-12-08T11:15:46.580Z",
        "value": "100.0",
        "cumulative": false
    },
    {
        "date": "2020-12-08T11:15:48.219Z",
        "value": "100.0",
        "cumulative": false
    },
    {
        "date": "2020-12-08T11:15:49.541Z",
        "value": "99.21875",
        "cumulative": false
    },
    {
        "date": "2020-12-08T11:15:51.201Z",
        "value": "98.4375",
        "cumulative": false
    },
    {
        "date": "2020-12-08T11:15:52.501Z",
        "value": "99.21875",
        "cumulative": false
    },
    {
        "date": "2020-12-08T11:15:54.160Z",
        "value": "100.0",
        "cumulative": false
    },
    {
        "date": "2020-12-08T11:15:55.434Z",
        "value": "97.65625",
        "cumulative": false
    },
    {
        "date": "2020-12-08T11:15:57.117Z",
        "value": "99.21875",
        "cumulative": false
    },
    {
        "date": "2020-12-08T11:15:58.402Z",
        "value": "99.21875",
        "cumulative": false
    },
    {
        "date": "2020-12-08T11:16:00.043Z",
        "value": "98.4375",
        "cumulative": false
    },
    {
        "date": "2020-12-08T11:16:01.334Z",
        "value": "100.0",
        "cumulative": false
    },
    {
        "date": "2020-12-08T11:16:02.997Z",
        "value": "98.4375",
        "cumulative": false
    },
    {
        "date": "2020-12-08T11:16:04.289Z",
        "value": "99.21875",
        "cumulative": false
    },
    {
        "date": "2020-12-08T11:16:05.953Z",
        "value": "100.0",
        "cumulative": false
    },
    {
        "date": "2020-12-08T11:16:07.239Z",
        "value": "100.0",
        "cumulative": false
    },
    {
        "date": "2020-12-08T11:16:08.881Z",
        "value": "100.0",
        "cumulative": false
    },
    {
        "date": "2020-12-08T11:16:10.141Z",
        "value": "98.4375",
        "cumulative": false
    },
    {
        "date": "2020-12-08T11:16:11.792Z",
        "value": "99.21875",
        "cumulative": false
    },
    {
        "date": "2020-12-08T11:16:13.086Z",
        "value": "99.21875",
        "cumulative": false
    },
    {
        "date": "2020-12-08T11:16:14.804Z",
        "value": "100.0",
        "cumulative": false
    },
    {
        "date": "2020-12-08T11:16:16.034Z",
        "value": "100.0",
        "cumulative": false
    },
    {
        "date": "2020-12-08T11:16:17.693Z",
        "value": "99.21875",
        "cumulative": false
    },
    {
        "date": "2020-12-08T11:16:18.949Z",
        "value": "98.4375",
        "cumulative": false
    },
    {
        "date": "2020-12-08T11:16:20.633Z",
        "value": "100.0",
        "cumulative": false
    },
    {
        "date": "2020-12-08T11:16:21.933Z",
        "value": "99.21875",
        "cumulative": false
    },
    {
        "date": "2020-12-08T11:16:23.659Z",
        "value": "99.21875",
        "cumulative": false
    },
    {
        "date": "2020-12-08T11:16:24.932Z",
        "value": "100.0",
        "cumulative": false
    },
    {
        "date": "2020-12-08T11:16:26.605Z",
        "value": "100.0",
        "cumulative": false
    },
    {
        "date": "2020-12-08T11:16:27.900Z",
        "value": "99.21875",
        "cumulative": false
    }
]