[
    {
        "date": "2020-12-08T11:15:24.268Z",
        "value": "0.2948310375213623",
        "cumulative": false
    },
    {
        "date": "2020-12-08T11:15:27.166Z",
        "value": "0.32178187370300293",
        "cumulative": false
    },
    {
        "date": "2020-12-08T11:15:30.089Z",
        "value": "0.31535911560058594",
        "cumulative": false
    },
    {
        "date": "2020-12-08T11:15:33.029Z",
        "value": "0.3579905033111572",
        "cumulative": false
    },
    {
        "date": "2020-12-08T11:15:35.945Z",
        "value": "0.33230018615722656",
        "cumulative": false
    },
    {
        "date": "2020-12-08T11:15:38.883Z",
        "value": "0.3482201099395752",
        "cumulative": false
    },
    {
        "date": "2020-12-08T11:15:41.818Z",
        "value": "0.3222370147705078",
        "cumulative": false
    },
    {
        "date": "2020-12-08T11:15:44.792Z",
        "value": "0.3134729862213135",
        "cumulative": false
    },
    {
        "date": "2020-12-08T11:15:47.666Z",
        "value": "0.332871675491333",
        "cumulative": false
    },
    {
        "date": "2020-12-08T11:15:50.657Z",
        "value": "0.3184785842895508",
        "cumulative": false
    },
    {
        "date": "2020-12-08T11:15:53.611Z",
        "value": "0.3063197135925293",
        "cumulative": false
    },
    {
        "date": "2020-12-08T11:15:56.558Z",
        "value": "0.32825732231140137",
        "cumulative": false
    },
    {
        "date": "2020-12-08T11:15:59.500Z",
        "value": "0.3307311534881592",
        "cumulative": false
    },
    {
        "date": "2020-12-08T11:16:02.433Z",
        "value": "0.30174851417541504",
        "cumulative": false
    },
    {
        "date": "2020-12-08T11:16:05.423Z",
        "value": "0.3370513916015625",
        "cumulative": false
    },
    {
        "date": "2020-12-08T11:16:08.346Z",
        "value": "0.3299398422241211",
        "cumulative": false
    },
    {
        "date": "2020-12-08T11:16:11.242Z",
        "value": "0.3112626075744629",
        "cumulative": false
    },
    {
        "date": "2020-12-08T11:16:14.199Z",
        "value": "0.32183027267456055",
        "cumulative": false
    },
    {
        "date": "2020-12-08T11:16:17.129Z",
        "value": "0.3403952121734619",
        "cumulative": false
    },
    {
        "date": "2020-12-08T11:16:20.092Z",
        "value": "0.3187878131866455",
        "cumulative": false
    },
    {
        "date": "2020-12-08T11:16:23.097Z",
        "value": "0.31972169876098633",
        "cumulative": false
    },
    {
        "date": "2020-12-08T11:16:26.074Z",
        "value": "0.3298206329345703",
        "cumulative": false
    },
    {
        "date": "2020-12-08T11:16:29.011Z",
        "value": "0.2951016426086426",
        "cumulative": false
    }
]