[
    {
        "date": "2020-12-08T11:15:24.270Z",
        "value": "0.4116637706756592",
        "cumulative": false
    },
    {
        "date": "2020-12-08T11:15:27.173Z",
        "value": "0.43230676651000977",
        "cumulative": false
    },
    {
        "date": "2020-12-08T11:15:30.088Z",
        "value": "0.421633243560791",
        "cumulative": false
    },
    {
        "date": "2020-12-08T11:15:33.025Z",
        "value": "0.4086017608642578",
        "cumulative": false
    },
    {
        "date": "2020-12-08T11:15:35.942Z",
        "value": "0.44407200813293457",
        "cumulative": false
    },
    {
        "date": "2020-12-08T11:15:38.881Z",
        "value": "0.3958723545074463",
        "cumulative": false
    },
    {
        "date": "2020-12-08T11:15:41.824Z",
        "value": "0.41782617568969727",
        "cumulative": false
    },
    {
        "date": "2020-12-08T11:15:44.785Z",
        "value": "0.4191431999206543",
        "cumulative": false
    },
    {
        "date": "2020-12-08T11:15:47.671Z",
        "value": "0.44814515113830566",
        "cumulative": false
    },
    {
        "date": "2020-12-08T11:15:50.650Z",
        "value": "0.46444177627563477",
        "cumulative": false
    },
    {
        "date": "2020-12-08T11:15:53.619Z",
        "value": "0.4326035976409912",
        "cumulative": false
    },
    {
        "date": "2020-12-08T11:15:56.567Z",
        "value": "0.44550633430480957",
        "cumulative": false
    },
    {
        "date": "2020-12-08T11:15:59.503Z",
        "value": "0.41484642028808594",
        "cumulative": false
    },
    {
        "date": "2020-12-08T11:16:02.434Z",
        "value": "0.40802574157714844",
        "cumulative": false
    },
    {
        "date": "2020-12-08T11:16:05.426Z",
        "value": "0.4118154048919678",
        "cumulative": false
    },
    {
        "date": "2020-12-08T11:16:08.348Z",
        "value": "0.4123828411102295",
        "cumulative": false
    },
    {
        "date": "2020-12-08T11:16:11.239Z",
        "value": "0.4309375286102295",
        "cumulative": false
    },
    {
        "date": "2020-12-08T11:16:14.207Z",
        "value": "0.44071435928344727",
        "cumulative": false
    },
    {
        "date": "2020-12-08T11:16:17.138Z",
        "value": "0.43343067169189453",
        "cumulative": false
    },
    {
        "date": "2020-12-08T11:16:20.103Z",
        "value": "0.4459812641143799",
        "cumulative": false
    },
    {
        "date": "2020-12-08T11:16:23.095Z",
        "value": "0.43376636505126953",
        "cumulative": false
    },
    {
        "date": "2020-12-08T11:16:26.071Z",
        "value": "0.4613306522369385",
        "cumulative": false
    },
    {
        "date": "2020-12-08T11:16:29.004Z",
        "value": "0.4300515651702881",
        "cumulative": false
    }
]