[
    {
        "date": "2020-12-08T11:15:21.941Z",
        "value": "56.25",
        "cumulative": false
    },
    {
        "date": "2020-12-08T11:15:23.196Z",
        "value": "89.84375",
        "cumulative": false
    },
    {
        "date": "2020-12-08T11:15:24.827Z",
        "value": "86.71875",
        "cumulative": false
    },
    {
        "date": "2020-12-08T11:15:26.063Z",
        "value": "89.84375",
        "cumulative": false
    },
    {
        "date": "2020-12-08T11:15:27.727Z",
        "value": "95.3125",
        "cumulative": false
    },
    {
        "date": "2020-12-08T11:15:28.995Z",
        "value": "96.09375",
        "cumulative": false
    },
    {
        "date": "2020-12-08T11:15:30.650Z",
        "value": "94.53125",
        "cumulative": false
    },
    {
        "date": "2020-12-08T11:15:31.935Z",
        "value": "96.875",
        "cumulative": false
    },
    {
        "date": "2020-12-08T11:15:33.581Z",
        "value": "97.65625",
        "cumulative": false
    },
    {
        "date": "2020-12-08T11:15:34.849Z",
        "value": "98.4375",
        "cumulative": false
    },
    {
        "date": "2020-12-08T11:15:36.470Z",
        "value": "99.21875",
        "cumulative": false
    },
    {
        "date": "2020-12-08T11:15:37.734Z",
        "value": "98.4375",
        "cumulative": false
    },
    {
        "date": "2020-12-08T11:15:39.460Z",
        "value": "98.4375",
        "cumulative": false
    },
    {
        "date": "2020-12-08T11:15:40.693Z",
        "value": "100.0",
        "cumulative": false
    },
    {
        "date": "2020-12-08T11:15:42.374Z",
        "value": "100.0",
        "cumulative": false
    },
    {
        "date": "2020-12-08T11:15:43.643Z",
        "value": "98.4375",
        "cumulative": false
    },
    {
        "date": "2020-12-08T11:15:45.333Z",
        "value": "100.0",
        "cumulative": false
    },
    {
        "date": "2020-12-08T11:15:46.587Z",
        "value": "99.21875",
        "cumulative": false
    },
    {
        "date": "2020-12-08T11:15:48.227Z",
        "value": "99.21875",
        "cumulative": false
    },
    {
        "date": "2020-12-08T11:15:49.548Z",
        "value": "99.21875",
        "cumulative": false
    },
    {
        "date": "2020-12-08T11:15:51.208Z",
        "value": "99.21875",
        "cumulative": false
    },
    {
        "date": "2020-12-08T11:15:52.508Z",
        "value": "100.0",
        "cumulative": false
    },
    {
        "date": "2020-12-08T11:15:54.167Z",
        "value": "99.21875",
        "cumulative": false
    },
    {
        "date": "2020-12-08T11:15:55.442Z",
        "value": "100.0",
        "cumulative": false
    },
    {
        "date": "2020-12-08T11:15:57.125Z",
        "value": "100.0",
        "cumulative": false
    },
    {
        "date": "2020-12-08T11:15:58.409Z",
        "value": "99.21875",
        "cumulative": false
    },
    {
        "date": "2020-12-08T11:16:00.050Z",
        "value": "98.4375",
        "cumulative": false
    },
    {
        "date": "2020-12-08T11:16:01.340Z",
        "value": "98.4375",
        "cumulative": false
    },
    {
        "date": "2020-12-08T11:16:03.004Z",
        "value": "100.0",
        "cumulative": false
    },
    {
        "date": "2020-12-08T11:16:04.296Z",
        "value": "99.21875",
        "cumulative": false
    },
    {
        "date": "2020-12-08T11:16:05.961Z",
        "value": "100.0",
        "cumulative": false
    },
    {
        "date": "2020-12-08T11:16:07.246Z",
        "value": "100.0",
        "cumulative": false
    },
    {
        "date": "2020-12-08T11:16:08.888Z",
        "value": "100.0",
        "cumulative": false
    },
    {
        "date": "2020-12-08T11:16:10.149Z",
        "value": "100.0",
        "cumulative": false
    },
    {
        "date": "2020-12-08T11:16:11.799Z",
        "value": "99.21875",
        "cumulative": false
    },
    {
        "date": "2020-12-08T11:16:13.093Z",
        "value": "97.65625",
        "cumulative": false
    },
    {
        "date": "2020-12-08T11:16:14.811Z",
        "value": "100.0",
        "cumulative": false
    },
    {
        "date": "2020-12-08T11:16:16.041Z",
        "value": "99.21875",
        "cumulative": false
    },
    {
        "date": "2020-12-08T11:16:17.702Z",
        "value": "99.21875",
        "cumulative": false
    },
    {
        "date": "2020-12-08T11:16:18.956Z",
        "value": "100.0",
        "cumulative": false
    },
    {
        "date": "2020-12-08T11:16:20.640Z",
        "value": "100.0",
        "cumulative": false
    },
    {
        "date": "2020-12-08T11:16:21.947Z",
        "value": "100.0",
        "cumulative": false
    },
    {
        "date": "2020-12-08T11:16:23.669Z",
        "value": "100.0",
        "cumulative": false
    },
    {
        "date": "2020-12-08T11:16:24.940Z",
        "value": "100.0",
        "cumulative": false
    },
    {
        "date": "2020-12-08T11:16:26.613Z",
        "value": "100.0",
        "cumulative": false
    },
    {
        "date": "2020-12-08T11:16:27.907Z",
        "value": "100.0",
        "cumulative": false
    }
]