[
    {
        "date": "2020-12-08T11:15:24.272Z",
        "value": "4.494748830795288",
        "cumulative": false
    },
    {
        "date": "2020-12-08T11:15:27.172Z",
        "value": "2.295832872390747",
        "cumulative": false
    },
    {
        "date": "2020-12-08T11:15:30.092Z",
        "value": "2.299161195755005",
        "cumulative": false
    },
    {
        "date": "2020-12-08T11:15:33.027Z",
        "value": "2.323469877243042",
        "cumulative": false
    },
    {
        "date": "2020-12-08T11:15:35.945Z",
        "value": "2.296614170074463",
        "cumulative": false
    },
    {
        "date": "2020-12-08T11:15:38.876Z",
        "value": "2.355320692062378",
        "cumulative": false
    },
    {
        "date": "2020-12-08T11:15:41.829Z",
        "value": "2.3379881381988525",
        "cumulative": false
    },
    {
        "date": "2020-12-08T11:15:44.788Z",
        "value": "2.3710029125213623",
        "cumulative": false
    },
    {
        "date": "2020-12-08T11:15:47.668Z",
        "value": "2.289741277694702",
        "cumulative": false
    },
    {
        "date": "2020-12-08T11:15:50.657Z",
        "value": "2.3708603382110596",
        "cumulative": false
    },
    {
        "date": "2020-12-08T11:15:53.612Z",
        "value": "2.341188907623291",
        "cumulative": false
    },
    {
        "date": "2020-12-08T11:15:56.559Z",
        "value": "2.314700126647949",
        "cumulative": false
    },
    {
        "date": "2020-12-08T11:15:59.504Z",
        "value": "2.3452603816986084",
        "cumulative": false
    },
    {
        "date": "2020-12-08T11:16:02.436Z",
        "value": "2.32114839553833",
        "cumulative": false
    },
    {
        "date": "2020-12-08T11:16:05.425Z",
        "value": "2.3683395385742188",
        "cumulative": false
    },
    {
        "date": "2020-12-08T11:16:08.349Z",
        "value": "2.3363678455352783",
        "cumulative": false
    },
    {
        "date": "2020-12-08T11:16:11.242Z",
        "value": "2.2988274097442627",
        "cumulative": false
    },
    {
        "date": "2020-12-08T11:16:14.204Z",
        "value": "2.346287727355957",
        "cumulative": false
    },
    {
        "date": "2020-12-08T11:16:17.138Z",
        "value": "2.327376127243042",
        "cumulative": false
    },
    {
        "date": "2020-12-08T11:16:20.093Z",
        "value": "2.327754020690918",
        "cumulative": false
    },
    {
        "date": "2020-12-08T11:16:23.093Z",
        "value": "2.401521682739258",
        "cumulative": false
    },
    {
        "date": "2020-12-08T11:16:26.069Z",
        "value": "2.359187602996826",
        "cumulative": false
    },
    {
        "date": "2020-12-08T11:16:29.008Z",
        "value": "2.3412773609161377",
        "cumulative": false
    }
]