[
    {
        "date": "2020-12-08T11:15:24.267Z",
        "value": "2.6813805103302",
        "cumulative": false
    },
    {
        "date": "2020-12-08T11:15:27.160Z",
        "value": "0.5114281177520752",
        "cumulative": false
    },
    {
        "date": "2020-12-08T11:15:30.081Z",
        "value": "0.477708101272583",
        "cumulative": false
    },
    {
        "date": "2020-12-08T11:15:33.025Z",
        "value": "0.5070457458496094",
        "cumulative": false
    },
    {
        "date": "2020-12-08T11:15:35.937Z",
        "value": "0.5104954242706299",
        "cumulative": false
    },
    {
        "date": "2020-12-08T11:15:38.870Z",
        "value": "0.5359647274017334",
        "cumulative": false
    },
    {
        "date": "2020-12-08T11:15:41.818Z",
        "value": "0.4939260482788086",
        "cumulative": false
    },
    {
        "date": "2020-12-08T11:15:44.779Z",
        "value": "0.5491788387298584",
        "cumulative": false
    },
    {
        "date": "2020-12-08T11:15:47.663Z",
        "value": "0.5134882926940918",
        "cumulative": false
    },
    {
        "date": "2020-12-08T11:15:50.646Z",
        "value": "0.49825453758239746",
        "cumulative": false
    },
    {
        "date": "2020-12-08T11:15:53.606Z",
        "value": "0.503659725189209",
        "cumulative": false
    },
    {
        "date": "2020-12-08T11:15:56.552Z",
        "value": "0.511498212814331",
        "cumulative": false
    },
    {
        "date": "2020-12-08T11:15:59.496Z",
        "value": "0.5151314735412598",
        "cumulative": false
    },
    {
        "date": "2020-12-08T11:16:02.432Z",
        "value": "0.48142361640930176",
        "cumulative": false
    },
    {
        "date": "2020-12-08T11:16:05.424Z",
        "value": "0.5290429592132568",
        "cumulative": false
    },
    {
        "date": "2020-12-08T11:16:08.342Z",
        "value": "0.49762964248657227",
        "cumulative": false
    },
    {
        "date": "2020-12-08T11:16:11.234Z",
        "value": "0.4976673126220703",
        "cumulative": false
    },
    {
        "date": "2020-12-08T11:16:14.203Z",
        "value": "0.5094256401062012",
        "cumulative": false
    },
    {
        "date": "2020-12-08T11:16:17.126Z",
        "value": "0.5080087184906006",
        "cumulative": false
    },
    {
        "date": "2020-12-08T11:16:20.099Z",
        "value": "0.5004010200500488",
        "cumulative": false
    },
    {
        "date": "2020-12-08T11:16:23.089Z",
        "value": "0.5372681617736816",
        "cumulative": false
    },
    {
        "date": "2020-12-08T11:16:26.067Z",
        "value": "0.5182950496673584",
        "cumulative": false
    },
    {
        "date": "2020-12-08T11:16:29.002Z",
        "value": "0.50351881980896",
        "cumulative": false
    }
]