[
    {
        "date": "2020-12-08T11:15:21.941Z",
        "value": "15.625",
        "cumulative": false
    },
    {
        "date": "2020-12-08T11:15:23.194Z",
        "value": "27.34375",
        "cumulative": false
    },
    {
        "date": "2020-12-08T11:15:24.827Z",
        "value": "38.28125",
        "cumulative": false
    },
    {
        "date": "2020-12-08T11:15:26.063Z",
        "value": "47.65625",
        "cumulative": false
    },
    {
        "date": "2020-12-08T11:15:27.726Z",
        "value": "54.6875",
        "cumulative": false
    },
    {
        "date": "2020-12-08T11:15:28.995Z",
        "value": "57.8125",
        "cumulative": false
    },
    {
        "date": "2020-12-08T11:15:30.650Z",
        "value": "60.9375",
        "cumulative": false
    },
    {
        "date": "2020-12-08T11:15:31.935Z",
        "value": "57.03125",
        "cumulative": false
    },
    {
        "date": "2020-12-08T11:15:33.581Z",
        "value": "67.1875",
        "cumulative": false
    },
    {
        "date": "2020-12-08T11:15:34.849Z",
        "value": "68.75",
        "cumulative": false
    },
    {
        "date": "2020-12-08T11:15:36.470Z",
        "value": "69.53125",
        "cumulative": false
    },
    {
        "date": "2020-12-08T11:15:37.734Z",
        "value": "72.65625",
        "cumulative": false
    },
    {
        "date": "2020-12-08T11:15:39.460Z",
        "value": "73.4375",
        "cumulative": false
    },
    {
        "date": "2020-12-08T11:15:40.693Z",
        "value": "75.0",
        "cumulative": false
    },
    {
        "date": "2020-12-08T11:15:42.374Z",
        "value": "71.09375",
        "cumulative": false
    },
    {
        "date": "2020-12-08T11:15:43.643Z",
        "value": "78.125",
        "cumulative": false
    },
    {
        "date": "2020-12-08T11:15:45.333Z",
        "value": "72.65625",
        "cumulative": false
    },
    {
        "date": "2020-12-08T11:15:46.587Z",
        "value": "82.8125",
        "cumulative": false
    },
    {
        "date": "2020-12-08T11:15:48.227Z",
        "value": "82.8125",
        "cumulative": false
    },
    {
        "date": "2020-12-08T11:15:49.548Z",
        "value": "79.6875",
        "cumulative": false
    },
    {
        "date": "2020-12-08T11:15:51.208Z",
        "value": "74.21875",
        "cumulative": false
    },
    {
        "date": "2020-12-08T11:15:52.508Z",
        "value": "78.125",
        "cumulative": false
    },
    {
        "date": "2020-12-08T11:15:54.167Z",
        "value": "76.5625",
        "cumulative": false
    },
    {
        "date": "2020-12-08T11:15:55.442Z",
        "value": "78.90625",
        "cumulative": false
    },
    {
        "date": "2020-12-08T11:15:57.125Z",
        "value": "85.9375",
        "cumulative": false
    },
    {
        "date": "2020-12-08T11:15:58.409Z",
        "value": "81.25",
        "cumulative": false
    },
    {
        "date": "2020-12-08T11:16:00.050Z",
        "value": "78.125",
        "cumulative": false
    },
    {
        "date": "2020-12-08T11:16:01.340Z",
        "value": "82.8125",
        "cumulative": false
    },
    {
        "date": "2020-12-08T11:16:03.003Z",
        "value": "86.71875",
        "cumulative": false
    },
    {
        "date": "2020-12-08T11:16:04.296Z",
        "value": "82.8125",
        "cumulative": false
    },
    {
        "date": "2020-12-08T11:16:05.961Z",
        "value": "79.6875",
        "cumulative": false
    },
    {
        "date": "2020-12-08T11:16:07.246Z",
        "value": "82.03125",
        "cumulative": false
    },
    {
        "date": "2020-12-08T11:16:08.888Z",
        "value": "78.90625",
        "cumulative": false
    },
    {
        "date": "2020-12-08T11:16:10.149Z",
        "value": "83.59375",
        "cumulative": false
    },
    {
        "date": "2020-12-08T11:16:11.799Z",
        "value": "79.6875",
        "cumulative": false
    },
    {
        "date": "2020-12-08T11:16:13.093Z",
        "value": "86.71875",
        "cumulative": false
    },
    {
        "date": "2020-12-08T11:16:14.811Z",
        "value": "86.71875",
        "cumulative": false
    },
    {
        "date": "2020-12-08T11:16:16.041Z",
        "value": "86.71875",
        "cumulative": false
    },
    {
        "date": "2020-12-08T11:16:17.702Z",
        "value": "92.96875",
        "cumulative": false
    },
    {
        "date": "2020-12-08T11:16:18.956Z",
        "value": "86.71875",
        "cumulative": false
    },
    {
        "date": "2020-12-08T11:16:20.640Z",
        "value": "82.03125",
        "cumulative": false
    },
    {
        "date": "2020-12-08T11:16:21.947Z",
        "value": "86.71875",
        "cumulative": false
    },
    {
        "date": "2020-12-08T11:16:23.669Z",
        "value": "92.96875",
        "cumulative": false
    },
    {
        "date": "2020-12-08T11:16:24.940Z",
        "value": "88.28125",
        "cumulative": false
    },
    {
        "date": "2020-12-08T11:16:26.613Z",
        "value": "89.0625",
        "cumulative": false
    },
    {
        "date": "2020-12-08T11:16:27.907Z",
        "value": "89.0625",
        "cumulative": false
    }
]