[
    {
        "date": "2020-12-08T11:15:24.271Z",
        "value": "4.49505615234375",
        "cumulative": false
    },
    {
        "date": "2020-12-08T11:15:27.166Z",
        "value": "2.2882583141326904",
        "cumulative": false
    },
    {
        "date": "2020-12-08T11:15:30.090Z",
        "value": "2.3052520751953125",
        "cumulative": false
    },
    {
        "date": "2020-12-08T11:15:33.026Z",
        "value": "2.326996326446533",
        "cumulative": false
    },
    {
        "date": "2020-12-08T11:15:35.952Z",
        "value": "2.303043842315674",
        "cumulative": false
    },
    {
        "date": "2020-12-08T11:15:38.875Z",
        "value": "2.345383882522583",
        "cumulative": false
    },
    {
        "date": "2020-12-08T11:15:41.820Z",
        "value": "2.3454959392547607",
        "cumulative": false
    },
    {
        "date": "2020-12-08T11:15:44.786Z",
        "value": "2.3673341274261475",
        "cumulative": false
    },
    {
        "date": "2020-12-08T11:15:47.675Z",
        "value": "2.2900795936584473",
        "cumulative": false
    },
    {
        "date": "2020-12-08T11:15:50.651Z",
        "value": "2.3786203861236572",
        "cumulative": false
    },
    {
        "date": "2020-12-08T11:15:53.606Z",
        "value": "2.3380205631256104",
        "cumulative": false
    },
    {
        "date": "2020-12-08T11:15:56.559Z",
        "value": "2.3332834243774414",
        "cumulative": false
    },
    {
        "date": "2020-12-08T11:15:59.503Z",
        "value": "2.3516016006469727",
        "cumulative": false
    },
    {
        "date": "2020-12-08T11:16:02.434Z",
        "value": "2.332620143890381",
        "cumulative": false
    },
    {
        "date": "2020-12-08T11:16:05.423Z",
        "value": "2.3626976013183594",
        "cumulative": false
    },
    {
        "date": "2020-12-08T11:16:08.350Z",
        "value": "2.338813066482544",
        "cumulative": false
    },
    {
        "date": "2020-12-08T11:16:11.241Z",
        "value": "2.300676107406616",
        "cumulative": false
    },
    {
        "date": "2020-12-08T11:16:14.202Z",
        "value": "2.337949275970459",
        "cumulative": false
    },
    {
        "date": "2020-12-08T11:16:17.134Z",
        "value": "2.3062617778778076",
        "cumulative": false
    },
    {
        "date": "2020-12-08T11:16:20.096Z",
        "value": "2.361351490020752",
        "cumulative": false
    },
    {
        "date": "2020-12-08T11:16:23.092Z",
        "value": "2.4042131900787354",
        "cumulative": false
    },
    {
        "date": "2020-12-08T11:16:26.078Z",
        "value": "2.356769323348999",
        "cumulative": false
    },
    {
        "date": "2020-12-08T11:16:29.002Z",
        "value": "2.341745376586914",
        "cumulative": false
    }
]