[
    {
        "date": "2020-12-08T11:15:24.272Z",
        "value": "0.6561079025268555",
        "cumulative": false
    },
    {
        "date": "2020-12-08T11:15:27.173Z",
        "value": "0.7063086032867432",
        "cumulative": false
    },
    {
        "date": "2020-12-08T11:15:30.093Z",
        "value": "0.8217759132385254",
        "cumulative": false
    },
    {
        "date": "2020-12-08T11:15:33.027Z",
        "value": "0.705402135848999",
        "cumulative": false
    },
    {
        "date": "2020-12-08T11:15:35.945Z",
        "value": "0.6619429588317871",
        "cumulative": false
    },
    {
        "date": "2020-12-08T11:15:38.876Z",
        "value": "0.7885491847991943",
        "cumulative": false
    },
    {
        "date": "2020-12-08T11:15:41.829Z",
        "value": "0.728863000869751",
        "cumulative": false
    },
    {
        "date": "2020-12-08T11:15:44.788Z",
        "value": "0.8190593719482422",
        "cumulative": false
    },
    {
        "date": "2020-12-08T11:15:47.668Z",
        "value": "0.7444825172424316",
        "cumulative": false
    },
    {
        "date": "2020-12-08T11:15:50.657Z",
        "value": "0.8402731418609619",
        "cumulative": false
    },
    {
        "date": "2020-12-08T11:15:53.612Z",
        "value": "0.7451281547546387",
        "cumulative": false
    },
    {
        "date": "2020-12-08T11:15:56.559Z",
        "value": "0.7243993282318115",
        "cumulative": false
    },
    {
        "date": "2020-12-08T11:15:59.505Z",
        "value": "0.6945841312408447",
        "cumulative": false
    },
    {
        "date": "2020-12-08T11:16:02.436Z",
        "value": "0.693274974822998",
        "cumulative": false
    },
    {
        "date": "2020-12-08T11:16:05.425Z",
        "value": "0.7723329067230225",
        "cumulative": false
    },
    {
        "date": "2020-12-08T11:16:08.349Z",
        "value": "0.7189054489135742",
        "cumulative": false
    },
    {
        "date": "2020-12-08T11:16:11.242Z",
        "value": "0.7295103073120117",
        "cumulative": false
    },
    {
        "date": "2020-12-08T11:16:14.204Z",
        "value": "0.7541868686676025",
        "cumulative": false
    },
    {
        "date": "2020-12-08T11:16:17.138Z",
        "value": "0.860466480255127",
        "cumulative": false
    },
    {
        "date": "2020-12-08T11:16:20.093Z",
        "value": "0.705772876739502",
        "cumulative": false
    },
    {
        "date": "2020-12-08T11:16:23.094Z",
        "value": "0.8373293876647949",
        "cumulative": false
    },
    {
        "date": "2020-12-08T11:16:26.069Z",
        "value": "0.7510812282562256",
        "cumulative": false
    },
    {
        "date": "2020-12-08T11:16:29.008Z",
        "value": "0.85115647315979",
        "cumulative": false
    }
]