[
    {
        "date": "2020-12-08T11:15:24.280Z",
        "value": "0.8647308349609375",
        "cumulative": false
    },
    {
        "date": "2020-12-08T11:15:27.178Z",
        "value": "0.7992556095123291",
        "cumulative": false
    },
    {
        "date": "2020-12-08T11:15:30.093Z",
        "value": "0.7975671291351318",
        "cumulative": false
    },
    {
        "date": "2020-12-08T11:15:33.035Z",
        "value": "0.8634653091430664",
        "cumulative": false
    },
    {
        "date": "2020-12-08T11:15:35.946Z",
        "value": "0.8467798233032227",
        "cumulative": false
    },
    {
        "date": "2020-12-08T11:15:38.880Z",
        "value": "0.893747091293335",
        "cumulative": false
    },
    {
        "date": "2020-12-08T11:15:41.823Z",
        "value": "0.9286346435546875",
        "cumulative": false
    },
    {
        "date": "2020-12-08T11:15:44.789Z",
        "value": "0.9395904541015625",
        "cumulative": false
    },
    {
        "date": "2020-12-08T11:15:47.673Z",
        "value": "0.7751495838165283",
        "cumulative": false
    },
    {
        "date": "2020-12-08T11:15:50.658Z",
        "value": "0.8204843997955322",
        "cumulative": false
    },
    {
        "date": "2020-12-08T11:15:53.615Z",
        "value": "0.8398938179016113",
        "cumulative": false
    },
    {
        "date": "2020-12-08T11:15:56.567Z",
        "value": "0.8310251235961914",
        "cumulative": false
    },
    {
        "date": "2020-12-08T11:15:59.507Z",
        "value": "0.8291597366333008",
        "cumulative": false
    },
    {
        "date": "2020-12-08T11:16:02.447Z",
        "value": "0.7783257961273193",
        "cumulative": false
    },
    {
        "date": "2020-12-08T11:16:05.423Z",
        "value": "0.8714091777801514",
        "cumulative": false
    },
    {
        "date": "2020-12-08T11:16:08.353Z",
        "value": "0.8884067535400391",
        "cumulative": false
    },
    {
        "date": "2020-12-08T11:16:11.257Z",
        "value": "0.7829430103302002",
        "cumulative": false
    },
    {
        "date": "2020-12-08T11:16:14.205Z",
        "value": "0.9083349704742432",
        "cumulative": false
    },
    {
        "date": "2020-12-08T11:16:17.142Z",
        "value": "0.8312170505523682",
        "cumulative": false
    },
    {
        "date": "2020-12-08T11:16:20.101Z",
        "value": "0.8752520084381104",
        "cumulative": false
    },
    {
        "date": "2020-12-08T11:16:23.100Z",
        "value": "0.901442289352417",
        "cumulative": false
    },
    {
        "date": "2020-12-08T11:16:26.069Z",
        "value": "0.9055194854736328",
        "cumulative": false
    },
    {
        "date": "2020-12-08T11:16:29.005Z",
        "value": "0.8312845230102539",
        "cumulative": false
    }
]