[
    {
        "date": "2020-12-08T11:15:24.271Z",
        "value": "2.6941637992858887",
        "cumulative": false
    },
    {
        "date": "2020-12-08T11:15:27.166Z",
        "value": "0.5029909610748291",
        "cumulative": false
    },
    {
        "date": "2020-12-08T11:15:30.090Z",
        "value": "0.47037816047668457",
        "cumulative": false
    },
    {
        "date": "2020-12-08T11:15:33.026Z",
        "value": "0.4897782802581787",
        "cumulative": false
    },
    {
        "date": "2020-12-08T11:15:35.952Z",
        "value": "0.5015478134155273",
        "cumulative": false
    },
    {
        "date": "2020-12-08T11:15:38.876Z",
        "value": "0.4996604919433594",
        "cumulative": false
    },
    {
        "date": "2020-12-08T11:15:41.820Z",
        "value": "0.519420862197876",
        "cumulative": false
    },
    {
        "date": "2020-12-08T11:15:44.786Z",
        "value": "0.49332642555236816",
        "cumulative": false
    },
    {
        "date": "2020-12-08T11:15:47.675Z",
        "value": "0.497225284576416",
        "cumulative": false
    },
    {
        "date": "2020-12-08T11:15:50.651Z",
        "value": "0.48917627334594727",
        "cumulative": false
    },
    {
        "date": "2020-12-08T11:15:53.606Z",
        "value": "0.48060035705566406",
        "cumulative": false
    },
    {
        "date": "2020-12-08T11:15:56.559Z",
        "value": "0.5325779914855957",
        "cumulative": false
    },
    {
        "date": "2020-12-08T11:15:59.503Z",
        "value": "0.5028834342956543",
        "cumulative": false
    },
    {
        "date": "2020-12-08T11:16:02.434Z",
        "value": "0.5072629451751709",
        "cumulative": false
    },
    {
        "date": "2020-12-08T11:16:05.423Z",
        "value": "0.49660539627075195",
        "cumulative": false
    },
    {
        "date": "2020-12-08T11:16:08.350Z",
        "value": "0.4974653720855713",
        "cumulative": false
    },
    {
        "date": "2020-12-08T11:16:11.241Z",
        "value": "0.4956388473510742",
        "cumulative": false
    },
    {
        "date": "2020-12-08T11:16:14.202Z",
        "value": "0.4907848834991455",
        "cumulative": false
    },
    {
        "date": "2020-12-08T11:16:17.134Z",
        "value": "0.5027811527252197",
        "cumulative": false
    },
    {
        "date": "2020-12-08T11:16:20.096Z",
        "value": "0.4761013984680176",
        "cumulative": false
    },
    {
        "date": "2020-12-08T11:16:23.092Z",
        "value": "0.4913504123687744",
        "cumulative": false
    },
    {
        "date": "2020-12-08T11:16:26.078Z",
        "value": "0.49043941497802734",
        "cumulative": false
    },
    {
        "date": "2020-12-08T11:16:29.002Z",
        "value": "0.4784104824066162",
        "cumulative": false
    }
]