[
    {
        "date": "2020-12-08T11:15:24.271Z",
        "value": "0.5526700019836426",
        "cumulative": false
    },
    {
        "date": "2020-12-08T11:15:27.166Z",
        "value": "0.4857363700866699",
        "cumulative": false
    },
    {
        "date": "2020-12-08T11:15:30.090Z",
        "value": "0.49773263931274414",
        "cumulative": false
    },
    {
        "date": "2020-12-08T11:15:33.026Z",
        "value": "0.4843268394470215",
        "cumulative": false
    },
    {
        "date": "2020-12-08T11:15:35.952Z",
        "value": "0.5034739971160889",
        "cumulative": false
    },
    {
        "date": "2020-12-08T11:15:38.876Z",
        "value": "0.5011096000671387",
        "cumulative": false
    },
    {
        "date": "2020-12-08T11:15:41.820Z",
        "value": "0.4597291946411133",
        "cumulative": false
    },
    {
        "date": "2020-12-08T11:15:44.786Z",
        "value": "0.50905442237854",
        "cumulative": false
    },
    {
        "date": "2020-12-08T11:15:47.675Z",
        "value": "0.48163723945617676",
        "cumulative": false
    },
    {
        "date": "2020-12-08T11:15:50.651Z",
        "value": "0.470003604888916",
        "cumulative": false
    },
    {
        "date": "2020-12-08T11:15:53.606Z",
        "value": "0.531665563583374",
        "cumulative": false
    },
    {
        "date": "2020-12-08T11:15:56.559Z",
        "value": "0.5326156616210938",
        "cumulative": false
    },
    {
        "date": "2020-12-08T11:15:59.503Z",
        "value": "0.4918358325958252",
        "cumulative": false
    },
    {
        "date": "2020-12-08T11:16:02.434Z",
        "value": "0.5059404373168945",
        "cumulative": false
    },
    {
        "date": "2020-12-08T11:16:05.423Z",
        "value": "0.499631404876709",
        "cumulative": false
    },
    {
        "date": "2020-12-08T11:16:08.350Z",
        "value": "0.4899306297302246",
        "cumulative": false
    },
    {
        "date": "2020-12-08T11:16:11.241Z",
        "value": "0.49712491035461426",
        "cumulative": false
    },
    {
        "date": "2020-12-08T11:16:14.202Z",
        "value": "0.48213768005371094",
        "cumulative": false
    },
    {
        "date": "2020-12-08T11:16:17.134Z",
        "value": "0.5185234546661377",
        "cumulative": false
    },
    {
        "date": "2020-12-08T11:16:20.096Z",
        "value": "0.4879426956176758",
        "cumulative": false
    },
    {
        "date": "2020-12-08T11:16:23.092Z",
        "value": "0.5083112716674805",
        "cumulative": false
    },
    {
        "date": "2020-12-08T11:16:26.078Z",
        "value": "0.46513962745666504",
        "cumulative": false
    },
    {
        "date": "2020-12-08T11:16:29.002Z",
        "value": "0.4720470905303955",
        "cumulative": false
    }
]