[
    {
        "date": "2020-12-08T11:15:24.272Z",
        "value": "2.521073341369629",
        "cumulative": false
    },
    {
        "date": "2020-12-08T11:15:27.166Z",
        "value": "0.48587608337402344",
        "cumulative": false
    },
    {
        "date": "2020-12-08T11:15:30.086Z",
        "value": "0.4660670757293701",
        "cumulative": false
    },
    {
        "date": "2020-12-08T11:15:33.018Z",
        "value": "0.452678918838501",
        "cumulative": false
    },
    {
        "date": "2020-12-08T11:15:35.934Z",
        "value": "0.48426270484924316",
        "cumulative": false
    },
    {
        "date": "2020-12-08T11:15:38.869Z",
        "value": "0.45583438873291016",
        "cumulative": false
    },
    {
        "date": "2020-12-08T11:15:41.810Z",
        "value": "0.45836639404296875",
        "cumulative": false
    },
    {
        "date": "2020-12-08T11:15:44.777Z",
        "value": "0.4349477291107178",
        "cumulative": false
    },
    {
        "date": "2020-12-08T11:15:47.666Z",
        "value": "0.45949339866638184",
        "cumulative": false
    },
    {
        "date": "2020-12-08T11:15:50.642Z",
        "value": "0.48236775398254395",
        "cumulative": false
    },
    {
        "date": "2020-12-08T11:15:53.603Z",
        "value": "0.470261812210083",
        "cumulative": false
    },
    {
        "date": "2020-12-08T11:15:56.551Z",
        "value": "0.47162818908691406",
        "cumulative": false
    },
    {
        "date": "2020-12-08T11:15:59.494Z",
        "value": "0.45331883430480957",
        "cumulative": false
    },
    {
        "date": "2020-12-08T11:16:02.429Z",
        "value": "0.45815539360046387",
        "cumulative": false
    },
    {
        "date": "2020-12-08T11:16:05.413Z",
        "value": "0.4636225700378418",
        "cumulative": false
    },
    {
        "date": "2020-12-08T11:16:08.349Z",
        "value": "0.47972965240478516",
        "cumulative": false
    },
    {
        "date": "2020-12-08T11:16:11.233Z",
        "value": "0.5061049461364746",
        "cumulative": false
    },
    {
        "date": "2020-12-08T11:16:14.196Z",
        "value": "0.45356273651123047",
        "cumulative": false
    },
    {
        "date": "2020-12-08T11:16:17.126Z",
        "value": "0.46138763427734375",
        "cumulative": false
    },
    {
        "date": "2020-12-08T11:16:20.091Z",
        "value": "0.46443700790405273",
        "cumulative": false
    },
    {
        "date": "2020-12-08T11:16:23.090Z",
        "value": "0.47471094131469727",
        "cumulative": false
    },
    {
        "date": "2020-12-08T11:16:26.060Z",
        "value": "0.44822168350219727",
        "cumulative": false
    },
    {
        "date": "2020-12-08T11:16:29.000Z",
        "value": "0.42220520973205566",
        "cumulative": false
    }
]