[
    {
        "date": "2020-12-08T11:15:24.280Z",
        "value": "2.6753177642822266",
        "cumulative": false
    },
    {
        "date": "2020-12-08T11:15:27.178Z",
        "value": "0.49028992652893066",
        "cumulative": false
    },
    {
        "date": "2020-12-08T11:15:30.093Z",
        "value": "0.46521615982055664",
        "cumulative": false
    },
    {
        "date": "2020-12-08T11:15:33.035Z",
        "value": "0.4894430637359619",
        "cumulative": false
    },
    {
        "date": "2020-12-08T11:15:35.946Z",
        "value": "0.4988219738006592",
        "cumulative": false
    },
    {
        "date": "2020-12-08T11:15:38.880Z",
        "value": "0.4700510501861572",
        "cumulative": false
    },
    {
        "date": "2020-12-08T11:15:41.822Z",
        "value": "0.49167799949645996",
        "cumulative": false
    },
    {
        "date": "2020-12-08T11:15:44.789Z",
        "value": "0.46545863151550293",
        "cumulative": false
    },
    {
        "date": "2020-12-08T11:15:47.673Z",
        "value": "0.5059199333190918",
        "cumulative": false
    },
    {
        "date": "2020-12-08T11:15:50.658Z",
        "value": "0.5084335803985596",
        "cumulative": false
    },
    {
        "date": "2020-12-08T11:15:53.615Z",
        "value": "0.5140719413757324",
        "cumulative": false
    },
    {
        "date": "2020-12-08T11:15:56.567Z",
        "value": "0.5053837299346924",
        "cumulative": false
    },
    {
        "date": "2020-12-08T11:15:59.507Z",
        "value": "0.5256667137145996",
        "cumulative": false
    },
    {
        "date": "2020-12-08T11:16:02.447Z",
        "value": "0.4977760314941406",
        "cumulative": false
    },
    {
        "date": "2020-12-08T11:16:05.423Z",
        "value": "0.5061559677124023",
        "cumulative": false
    },
    {
        "date": "2020-12-08T11:16:08.353Z",
        "value": "0.4880831241607666",
        "cumulative": false
    },
    {
        "date": "2020-12-08T11:16:11.257Z",
        "value": "0.4923207759857178",
        "cumulative": false
    },
    {
        "date": "2020-12-08T11:16:14.205Z",
        "value": "0.47435951232910156",
        "cumulative": false
    },
    {
        "date": "2020-12-08T11:16:17.142Z",
        "value": "0.5027041435241699",
        "cumulative": false
    },
    {
        "date": "2020-12-08T11:16:20.101Z",
        "value": "0.5028269290924072",
        "cumulative": false
    },
    {
        "date": "2020-12-08T11:16:23.100Z",
        "value": "0.47076988220214844",
        "cumulative": false
    },
    {
        "date": "2020-12-08T11:16:26.069Z",
        "value": "0.46556925773620605",
        "cumulative": false
    },
    {
        "date": "2020-12-08T11:16:29.005Z",
        "value": "0.4750819206237793",
        "cumulative": false
    }
]