[
    {
        "date": "2020-12-08T11:15:21.940Z",
        "value": "16.40625",
        "cumulative": false
    },
    {
        "date": "2020-12-08T11:15:23.194Z",
        "value": "32.8125",
        "cumulative": false
    },
    {
        "date": "2020-12-08T11:15:24.827Z",
        "value": "41.40625",
        "cumulative": false
    },
    {
        "date": "2020-12-08T11:15:26.062Z",
        "value": "48.4375",
        "cumulative": false
    },
    {
        "date": "2020-12-08T11:15:27.728Z",
        "value": "56.25",
        "cumulative": false
    },
    {
        "date": "2020-12-08T11:15:28.994Z",
        "value": "64.0625",
        "cumulative": false
    },
    {
        "date": "2020-12-08T11:15:30.649Z",
        "value": "60.9375",
        "cumulative": false
    },
    {
        "date": "2020-12-08T11:15:31.934Z",
        "value": "62.5",
        "cumulative": false
    },
    {
        "date": "2020-12-08T11:15:33.580Z",
        "value": "59.375",
        "cumulative": false
    },
    {
        "date": "2020-12-08T11:15:34.848Z",
        "value": "61.71875",
        "cumulative": false
    },
    {
        "date": "2020-12-08T11:15:36.471Z",
        "value": "69.53125",
        "cumulative": false
    },
    {
        "date": "2020-12-08T11:15:37.734Z",
        "value": "64.0625",
        "cumulative": false
    },
    {
        "date": "2020-12-08T11:15:39.459Z",
        "value": "77.34375",
        "cumulative": false
    },
    {
        "date": "2020-12-08T11:15:40.691Z",
        "value": "75.0",
        "cumulative": false
    },
    {
        "date": "2020-12-08T11:15:42.374Z",
        "value": "77.34375",
        "cumulative": false
    },
    {
        "date": "2020-12-08T11:15:43.642Z",
        "value": "67.1875",
        "cumulative": false
    },
    {
        "date": "2020-12-08T11:15:45.332Z",
        "value": "77.34375",
        "cumulative": false
    },
    {
        "date": "2020-12-08T11:15:46.586Z",
        "value": "73.4375",
        "cumulative": false
    },
    {
        "date": "2020-12-08T11:15:48.226Z",
        "value": "76.5625",
        "cumulative": false
    },
    {
        "date": "2020-12-08T11:15:49.548Z",
        "value": "75.78125",
        "cumulative": false
    },
    {
        "date": "2020-12-08T11:15:51.208Z",
        "value": "82.8125",
        "cumulative": false
    },
    {
        "date": "2020-12-08T11:15:52.507Z",
        "value": "80.46875",
        "cumulative": false
    },
    {
        "date": "2020-12-08T11:15:54.167Z",
        "value": "81.25",
        "cumulative": false
    },
    {
        "date": "2020-12-08T11:15:55.441Z",
        "value": "79.6875",
        "cumulative": false
    },
    {
        "date": "2020-12-08T11:15:57.124Z",
        "value": "81.25",
        "cumulative": false
    },
    {
        "date": "2020-12-08T11:15:58.408Z",
        "value": "87.5",
        "cumulative": false
    },
    {
        "date": "2020-12-08T11:16:00.050Z",
        "value": "78.90625",
        "cumulative": false
    },
    {
        "date": "2020-12-08T11:16:01.340Z",
        "value": "78.125",
        "cumulative": false
    },
    {
        "date": "2020-12-08T11:16:03.003Z",
        "value": "86.71875",
        "cumulative": false
    },
    {
        "date": "2020-12-08T11:16:04.295Z",
        "value": "83.59375",
        "cumulative": false
    },
    {
        "date": "2020-12-08T11:16:05.960Z",
        "value": "86.71875",
        "cumulative": false
    },
    {
        "date": "2020-12-08T11:16:07.246Z",
        "value": "82.8125",
        "cumulative": false
    },
    {
        "date": "2020-12-08T11:16:08.886Z",
        "value": "85.15625",
        "cumulative": false
    },
    {
        "date": "2020-12-08T11:16:10.148Z",
        "value": "86.71875",
        "cumulative": false
    },
    {
        "date": "2020-12-08T11:16:11.799Z",
        "value": "78.90625",
        "cumulative": false
    },
    {
        "date": "2020-12-08T11:16:13.093Z",
        "value": "83.59375",
        "cumulative": false
    },
    {
        "date": "2020-12-08T11:16:14.810Z",
        "value": "82.03125",
        "cumulative": false
    },
    {
        "date": "2020-12-08T11:16:16.040Z",
        "value": "81.25",
        "cumulative": false
    },
    {
        "date": "2020-12-08T11:16:17.701Z",
        "value": "82.8125",
        "cumulative": false
    },
    {
        "date": "2020-12-08T11:16:18.955Z",
        "value": "83.59375",
        "cumulative": false
    },
    {
        "date": "2020-12-08T11:16:20.639Z",
        "value": "84.375",
        "cumulative": false
    },
    {
        "date": "2020-12-08T11:16:21.939Z",
        "value": "89.0625",
        "cumulative": false
    },
    {
        "date": "2020-12-08T11:16:23.668Z",
        "value": "86.71875",
        "cumulative": false
    },
    {
        "date": "2020-12-08T11:16:24.938Z",
        "value": "85.15625",
        "cumulative": false
    },
    {
        "date": "2020-12-08T11:16:26.612Z",
        "value": "82.8125",
        "cumulative": false
    },
    {
        "date": "2020-12-08T11:16:27.906Z",
        "value": "85.9375",
        "cumulative": false
    }
]