[
    {
        "date": "2020-12-08T11:15:21.944Z",
        "value": "57.03125",
        "cumulative": false
    },
    {
        "date": "2020-12-08T11:15:23.199Z",
        "value": "85.9375",
        "cumulative": false
    },
    {
        "date": "2020-12-08T11:15:24.829Z",
        "value": "93.75",
        "cumulative": false
    },
    {
        "date": "2020-12-08T11:15:26.065Z",
        "value": "92.96875",
        "cumulative": false
    },
    {
        "date": "2020-12-08T11:15:27.730Z",
        "value": "93.75",
        "cumulative": false
    },
    {
        "date": "2020-12-08T11:15:28.997Z",
        "value": "94.53125",
        "cumulative": false
    },
    {
        "date": "2020-12-08T11:15:30.652Z",
        "value": "97.65625",
        "cumulative": false
    },
    {
        "date": "2020-12-08T11:15:31.937Z",
        "value": "97.65625",
        "cumulative": false
    },
    {
        "date": "2020-12-08T11:15:33.583Z",
        "value": "96.875",
        "cumulative": false
    },
    {
        "date": "2020-12-08T11:15:34.851Z",
        "value": "92.1875",
        "cumulative": false
    },
    {
        "date": "2020-12-08T11:15:36.472Z",
        "value": "98.4375",
        "cumulative": false
    },
    {
        "date": "2020-12-08T11:15:37.736Z",
        "value": "99.21875",
        "cumulative": false
    },
    {
        "date": "2020-12-08T11:15:39.462Z",
        "value": "99.21875",
        "cumulative": false
    },
    {
        "date": "2020-12-08T11:15:40.695Z",
        "value": "100.0",
        "cumulative": false
    },
    {
        "date": "2020-12-08T11:15:42.377Z",
        "value": "98.4375",
        "cumulative": false
    },
    {
        "date": "2020-12-08T11:15:43.646Z",
        "value": "97.65625",
        "cumulative": false
    },
    {
        "date": "2020-12-08T11:15:45.335Z",
        "value": "99.21875",
        "cumulative": false
    },
    {
        "date": "2020-12-08T11:15:46.589Z",
        "value": "97.65625",
        "cumulative": false
    },
    {
        "date": "2020-12-08T11:15:48.229Z",
        "value": "97.65625",
        "cumulative": false
    },
    {
        "date": "2020-12-08T11:15:49.550Z",
        "value": "100.0",
        "cumulative": false
    },
    {
        "date": "2020-12-08T11:15:51.210Z",
        "value": "100.0",
        "cumulative": false
    },
    {
        "date": "2020-12-08T11:15:52.510Z",
        "value": "98.4375",
        "cumulative": false
    },
    {
        "date": "2020-12-08T11:15:54.169Z",
        "value": "100.0",
        "cumulative": false
    },
    {
        "date": "2020-12-08T11:15:55.444Z",
        "value": "99.21875",
        "cumulative": false
    },
    {
        "date": "2020-12-08T11:15:57.127Z",
        "value": "99.21875",
        "cumulative": false
    },
    {
        "date": "2020-12-08T11:15:58.411Z",
        "value": "99.21875",
        "cumulative": false
    },
    {
        "date": "2020-12-08T11:16:00.052Z",
        "value": "99.21875",
        "cumulative": false
    },
    {
        "date": "2020-12-08T11:16:01.343Z",
        "value": "98.4375",
        "cumulative": false
    },
    {
        "date": "2020-12-08T11:16:03.006Z",
        "value": "100.0",
        "cumulative": false
    },
    {
        "date": "2020-12-08T11:16:04.298Z",
        "value": "99.21875",
        "cumulative": false
    },
    {
        "date": "2020-12-08T11:16:05.963Z",
        "value": "97.65625",
        "cumulative": false
    },
    {
        "date": "2020-12-08T11:16:07.248Z",
        "value": "100.0",
        "cumulative": false
    },
    {
        "date": "2020-12-08T11:16:08.890Z",
        "value": "100.0",
        "cumulative": false
    },
    {
        "date": "2020-12-08T11:16:10.151Z",
        "value": "99.21875",
        "cumulative": false
    },
    {
        "date": "2020-12-08T11:16:11.801Z",
        "value": "99.21875",
        "cumulative": false
    },
    {
        "date": "2020-12-08T11:16:13.096Z",
        "value": "98.4375",
        "cumulative": false
    },
    {
        "date": "2020-12-08T11:16:14.813Z",
        "value": "100.0",
        "cumulative": false
    },
    {
        "date": "2020-12-08T11:16:16.043Z",
        "value": "98.4375",
        "cumulative": false
    },
    {
        "date": "2020-12-08T11:16:17.703Z",
        "value": "100.0",
        "cumulative": false
    },
    {
        "date": "2020-12-08T11:16:18.958Z",
        "value": "99.21875",
        "cumulative": false
    },
    {
        "date": "2020-12-08T11:16:20.642Z",
        "value": "100.0",
        "cumulative": false
    },
    {
        "date": "2020-12-08T11:16:21.942Z",
        "value": "100.0",
        "cumulative": false
    },
    {
        "date": "2020-12-08T11:16:23.668Z",
        "value": "100.0",
        "cumulative": false
    },
    {
        "date": "2020-12-08T11:16:24.942Z",
        "value": "100.0",
        "cumulative": false
    },
    {
        "date": "2020-12-08T11:16:26.615Z",
        "value": "100.0",
        "cumulative": false
    },
    {
        "date": "2020-12-08T11:16:27.909Z",
        "value": "98.4375",
        "cumulative": false
    }
]