[
    {
        "date": "2020-12-08T11:15:21.937Z",
        "value": "2.527711868286133",
        "cumulative": false
    },
    {
        "date": "2020-12-08T11:15:23.190Z",
        "value": "1.6539716720581055",
        "cumulative": false
    },
    {
        "date": "2020-12-08T11:15:24.826Z",
        "value": "1.5305187702178955",
        "cumulative": false
    },
    {
        "date": "2020-12-08T11:15:26.060Z",
        "value": "1.425299882888794",
        "cumulative": false
    },
    {
        "date": "2020-12-08T11:15:27.723Z",
        "value": "1.3480782508850098",
        "cumulative": false
    },
    {
        "date": "2020-12-08T11:15:28.992Z",
        "value": "1.1212584972381592",
        "cumulative": false
    },
    {
        "date": "2020-12-08T11:15:30.646Z",
        "value": "1.1317287683486938",
        "cumulative": false
    },
    {
        "date": "2020-12-08T11:15:31.932Z",
        "value": "0.9058645963668823",
        "cumulative": false
    },
    {
        "date": "2020-12-08T11:15:33.578Z",
        "value": "1.110255479812622",
        "cumulative": false
    },
    {
        "date": "2020-12-08T11:15:34.846Z",
        "value": "1.02908456325531",
        "cumulative": false
    },
    {
        "date": "2020-12-08T11:15:36.466Z",
        "value": "0.9824430346488953",
        "cumulative": false
    },
    {
        "date": "2020-12-08T11:15:37.731Z",
        "value": "0.6957515478134155",
        "cumulative": false
    },
    {
        "date": "2020-12-08T11:15:39.445Z",
        "value": "0.6490141153335571",
        "cumulative": false
    },
    {
        "date": "2020-12-08T11:15:40.690Z",
        "value": "0.7907189130783081",
        "cumulative": false
    },
    {
        "date": "2020-12-08T11:15:42.377Z",
        "value": "0.8160805702209473",
        "cumulative": false
    },
    {
        "date": "2020-12-08T11:15:43.641Z",
        "value": "0.7764216065406799",
        "cumulative": false
    },
    {
        "date": "2020-12-08T11:15:45.334Z",
        "value": "0.6942141056060791",
        "cumulative": false
    },
    {
        "date": "2020-12-08T11:15:46.584Z",
        "value": "0.6546691060066223",
        "cumulative": false
    },
    {
        "date": "2020-12-08T11:15:48.224Z",
        "value": "0.7061918377876282",
        "cumulative": false
    },
    {
        "date": "2020-12-08T11:15:49.545Z",
        "value": "0.5751113295555115",
        "cumulative": false
    },
    {
        "date": "2020-12-08T11:15:51.205Z",
        "value": "0.6038955450057983",
        "cumulative": false
    },
    {
        "date": "2020-12-08T11:15:52.505Z",
        "value": "0.5672966837882996",
        "cumulative": false
    },
    {
        "date": "2020-12-08T11:15:54.164Z",
        "value": "0.4875902831554413",
        "cumulative": false
    },
    {
        "date": "2020-12-08T11:15:55.439Z",
        "value": "0.41413775086402893",
        "cumulative": false
    },
    {
        "date": "2020-12-08T11:15:57.122Z",
        "value": "0.5867080688476562",
        "cumulative": false
    },
    {
        "date": "2020-12-08T11:15:58.406Z",
        "value": "0.5035777688026428",
        "cumulative": false
    },
    {
        "date": "2020-12-08T11:16:00.047Z",
        "value": "0.48355308175086975",
        "cumulative": false
    },
    {
        "date": "2020-12-08T11:16:01.337Z",
        "value": "0.6183174252510071",
        "cumulative": false
    },
    {
        "date": "2020-12-08T11:16:03.000Z",
        "value": "0.5513716340065002",
        "cumulative": false
    },
    {
        "date": "2020-12-08T11:16:04.293Z",
        "value": "0.5597854256629944",
        "cumulative": false
    },
    {
        "date": "2020-12-08T11:16:05.958Z",
        "value": "0.41963228583335876",
        "cumulative": false
    },
    {
        "date": "2020-12-08T11:16:07.243Z",
        "value": "0.5137110352516174",
        "cumulative": false
    },
    {
        "date": "2020-12-08T11:16:08.885Z",
        "value": "0.61228346824646",
        "cumulative": false
    },
    {
        "date": "2020-12-08T11:16:10.146Z",
        "value": "0.4999276101589203",
        "cumulative": false
    },
    {
        "date": "2020-12-08T11:16:11.796Z",
        "value": "0.4557438790798187",
        "cumulative": false
    },
    {
        "date": "2020-12-08T11:16:13.091Z",
        "value": "0.44121524691581726",
        "cumulative": false
    },
    {
        "date": "2020-12-08T11:16:14.808Z",
        "value": "0.4021671712398529",
        "cumulative": false
    },
    {
        "date": "2020-12-08T11:16:16.038Z",
        "value": "0.3535744249820709",
        "cumulative": false
    },
    {
        "date": "2020-12-08T11:16:17.698Z",
        "value": "0.2719152569770813",
        "cumulative": false
    },
    {
        "date": "2020-12-08T11:16:18.953Z",
        "value": "0.41853272914886475",
        "cumulative": false
    },
    {
        "date": "2020-12-08T11:16:20.637Z",
        "value": "0.3936918377876282",
        "cumulative": false
    },
    {
        "date": "2020-12-08T11:16:21.937Z",
        "value": "0.32786229252815247",
        "cumulative": false
    },
    {
        "date": "2020-12-08T11:16:23.664Z",
        "value": "0.39126959443092346",
        "cumulative": false
    },
    {
        "date": "2020-12-08T11:16:24.937Z",
        "value": "0.3497920334339142",
        "cumulative": false
    },
    {
        "date": "2020-12-08T11:16:26.609Z",
        "value": "0.43968650698661804",
        "cumulative": false
    },
    {
        "date": "2020-12-08T11:16:27.904Z",
        "value": "0.4437454342842102",
        "cumulative": false
    }
]