[
    {
        "date": "2020-12-08T11:15:24.270Z",
        "value": "0.00012350082397460938",
        "cumulative": false
    },
    {
        "date": "2020-12-08T11:15:27.173Z",
        "value": "0.00011920928955078125",
        "cumulative": false
    },
    {
        "date": "2020-12-08T11:15:30.088Z",
        "value": "0.00015687942504882812",
        "cumulative": false
    },
    {
        "date": "2020-12-08T11:15:33.025Z",
        "value": "0.000118255615234375",
        "cumulative": false
    },
    {
        "date": "2020-12-08T11:15:35.942Z",
        "value": "0.00013589859008789062",
        "cumulative": false
    },
    {
        "date": "2020-12-08T11:15:38.881Z",
        "value": "0.00012993812561035156",
        "cumulative": false
    },
    {
        "date": "2020-12-08T11:15:41.824Z",
        "value": "0.00012087821960449219",
        "cumulative": false
    },
    {
        "date": "2020-12-08T11:15:44.785Z",
        "value": "0.0001475811004638672",
        "cumulative": false
    },
    {
        "date": "2020-12-08T11:15:47.671Z",
        "value": "0.000125885009765625",
        "cumulative": false
    },
    {
        "date": "2020-12-08T11:15:50.651Z",
        "value": "0.0001270771026611328",
        "cumulative": false
    },
    {
        "date": "2020-12-08T11:15:53.620Z",
        "value": "0.0001251697540283203",
        "cumulative": false
    },
    {
        "date": "2020-12-08T11:15:56.567Z",
        "value": "0.00011515617370605469",
        "cumulative": false
    },
    {
        "date": "2020-12-08T11:15:59.504Z",
        "value": "0.00011610984802246094",
        "cumulative": false
    },
    {
        "date": "2020-12-08T11:16:02.434Z",
        "value": "0.00013327598571777344",
        "cumulative": false
    },
    {
        "date": "2020-12-08T11:16:05.426Z",
        "value": "0.00013494491577148438",
        "cumulative": false
    },
    {
        "date": "2020-12-08T11:16:08.348Z",
        "value": "0.00011754035949707031",
        "cumulative": false
    },
    {
        "date": "2020-12-08T11:16:11.239Z",
        "value": "0.00011587142944335938",
        "cumulative": false
    },
    {
        "date": "2020-12-08T11:16:14.207Z",
        "value": "0.00012111663818359375",
        "cumulative": false
    },
    {
        "date": "2020-12-08T11:16:17.138Z",
        "value": "0.00012135505676269531",
        "cumulative": false
    },
    {
        "date": "2020-12-08T11:16:20.103Z",
        "value": "0.00013375282287597656",
        "cumulative": false
    },
    {
        "date": "2020-12-08T11:16:23.095Z",
        "value": "0.00011730194091796875",
        "cumulative": false
    },
    {
        "date": "2020-12-08T11:16:26.071Z",
        "value": "0.0001266002655029297",
        "cumulative": false
    },
    {
        "date": "2020-12-08T11:16:29.004Z",
        "value": "0.00011944770812988281",
        "cumulative": false
    }
]