[
    {
        "date": "2020-12-08T11:15:24.272Z",
        "value": "1.09873366355896",
        "cumulative": false
    },
    {
        "date": "2020-12-08T11:15:27.166Z",
        "value": "0.9437847137451172",
        "cumulative": false
    },
    {
        "date": "2020-12-08T11:15:30.086Z",
        "value": "0.9771087169647217",
        "cumulative": false
    },
    {
        "date": "2020-12-08T11:15:33.018Z",
        "value": "1.0293340682983398",
        "cumulative": false
    },
    {
        "date": "2020-12-08T11:15:35.934Z",
        "value": "0.9696180820465088",
        "cumulative": false
    },
    {
        "date": "2020-12-08T11:15:38.869Z",
        "value": "1.0580689907073975",
        "cumulative": false
    },
    {
        "date": "2020-12-08T11:15:41.810Z",
        "value": "1.060023307800293",
        "cumulative": false
    },
    {
        "date": "2020-12-08T11:15:44.777Z",
        "value": "1.1137397289276123",
        "cumulative": false
    },
    {
        "date": "2020-12-08T11:15:47.667Z",
        "value": "0.9635064601898193",
        "cumulative": false
    },
    {
        "date": "2020-12-08T11:15:50.642Z",
        "value": "0.9289944171905518",
        "cumulative": false
    },
    {
        "date": "2020-12-08T11:15:53.603Z",
        "value": "1.0197064876556396",
        "cumulative": false
    },
    {
        "date": "2020-12-08T11:15:56.551Z",
        "value": "0.9997198581695557",
        "cumulative": false
    },
    {
        "date": "2020-12-08T11:15:59.494Z",
        "value": "1.0417864322662354",
        "cumulative": false
    },
    {
        "date": "2020-12-08T11:16:02.429Z",
        "value": "0.915755033493042",
        "cumulative": false
    },
    {
        "date": "2020-12-08T11:16:05.413Z",
        "value": "1.1010088920593262",
        "cumulative": false
    },
    {
        "date": "2020-12-08T11:16:08.349Z",
        "value": "0.9645411968231201",
        "cumulative": false
    },
    {
        "date": "2020-12-08T11:16:11.233Z",
        "value": "0.9077057838439941",
        "cumulative": false
    },
    {
        "date": "2020-12-08T11:16:14.196Z",
        "value": "1.0795187950134277",
        "cumulative": false
    },
    {
        "date": "2020-12-08T11:16:17.126Z",
        "value": "0.9522597789764404",
        "cumulative": false
    },
    {
        "date": "2020-12-08T11:16:20.091Z",
        "value": "1.0379843711853027",
        "cumulative": false
    },
    {
        "date": "2020-12-08T11:16:23.090Z",
        "value": "1.0384242534637451",
        "cumulative": false
    },
    {
        "date": "2020-12-08T11:16:26.060Z",
        "value": "1.0609920024871826",
        "cumulative": false
    },
    {
        "date": "2020-12-08T11:16:29.000Z",
        "value": "1.0867352485656738",
        "cumulative": false
    }
]