[
    {
        "date": "2020-12-08T11:15:24.268Z",
        "value": "1.0077340602874756",
        "cumulative": false
    },
    {
        "date": "2020-12-08T11:15:27.166Z",
        "value": "0.9180734157562256",
        "cumulative": false
    },
    {
        "date": "2020-12-08T11:15:30.089Z",
        "value": "0.9389975070953369",
        "cumulative": false
    },
    {
        "date": "2020-12-08T11:15:33.029Z",
        "value": "0.9052150249481201",
        "cumulative": false
    },
    {
        "date": "2020-12-08T11:15:35.945Z",
        "value": "0.9132437705993652",
        "cumulative": false
    },
    {
        "date": "2020-12-08T11:15:38.883Z",
        "value": "0.917651891708374",
        "cumulative": false
    },
    {
        "date": "2020-12-08T11:15:41.818Z",
        "value": "1.024247407913208",
        "cumulative": false
    },
    {
        "date": "2020-12-08T11:15:44.792Z",
        "value": "0.9925522804260254",
        "cumulative": false
    },
    {
        "date": "2020-12-08T11:15:47.666Z",
        "value": "0.884354829788208",
        "cumulative": false
    },
    {
        "date": "2020-12-08T11:15:50.657Z",
        "value": "1.0743300914764404",
        "cumulative": false
    },
    {
        "date": "2020-12-08T11:15:53.611Z",
        "value": "1.0557303428649902",
        "cumulative": false
    },
    {
        "date": "2020-12-08T11:15:56.558Z",
        "value": "0.9509713649749756",
        "cumulative": false
    },
    {
        "date": "2020-12-08T11:15:59.500Z",
        "value": "0.9278216361999512",
        "cumulative": false
    },
    {
        "date": "2020-12-08T11:16:02.433Z",
        "value": "0.9828639030456543",
        "cumulative": false
    },
    {
        "date": "2020-12-08T11:16:05.423Z",
        "value": "1.0017778873443604",
        "cumulative": false
    },
    {
        "date": "2020-12-08T11:16:08.346Z",
        "value": "0.9771058559417725",
        "cumulative": false
    },
    {
        "date": "2020-12-08T11:16:11.242Z",
        "value": "0.9412112236022949",
        "cumulative": false
    },
    {
        "date": "2020-12-08T11:16:14.199Z",
        "value": "0.9963173866271973",
        "cumulative": false
    },
    {
        "date": "2020-12-08T11:16:17.129Z",
        "value": "0.8705503940582275",
        "cumulative": false
    },
    {
        "date": "2020-12-08T11:16:20.092Z",
        "value": "0.956519365310669",
        "cumulative": false
    },
    {
        "date": "2020-12-08T11:16:23.097Z",
        "value": "1.0160884857177734",
        "cumulative": false
    },
    {
        "date": "2020-12-08T11:16:26.074Z",
        "value": "0.9754519462585449",
        "cumulative": false
    },
    {
        "date": "2020-12-08T11:16:29.011Z",
        "value": "1.0526869297027588",
        "cumulative": false
    }
]