[
    {
        "date": "2020-12-08T11:15:24.268Z",
        "value": "2.6127171516418457",
        "cumulative": false
    },
    {
        "date": "2020-12-08T11:15:27.166Z",
        "value": "0.4657909870147705",
        "cumulative": false
    },
    {
        "date": "2020-12-08T11:15:30.089Z",
        "value": "0.4628720283508301",
        "cumulative": false
    },
    {
        "date": "2020-12-08T11:15:33.029Z",
        "value": "0.46341443061828613",
        "cumulative": false
    },
    {
        "date": "2020-12-08T11:15:35.945Z",
        "value": "0.45920610427856445",
        "cumulative": false
    },
    {
        "date": "2020-12-08T11:15:38.883Z",
        "value": "0.4872097969055176",
        "cumulative": false
    },
    {
        "date": "2020-12-08T11:15:41.818Z",
        "value": "0.4387657642364502",
        "cumulative": false
    },
    {
        "date": "2020-12-08T11:15:44.792Z",
        "value": "0.453934907913208",
        "cumulative": false
    },
    {
        "date": "2020-12-08T11:15:47.666Z",
        "value": "0.4568755626678467",
        "cumulative": false
    },
    {
        "date": "2020-12-08T11:15:50.657Z",
        "value": "0.41971278190612793",
        "cumulative": false
    },
    {
        "date": "2020-12-08T11:15:53.611Z",
        "value": "0.41685962677001953",
        "cumulative": false
    },
    {
        "date": "2020-12-08T11:15:56.558Z",
        "value": "0.44991111755371094",
        "cumulative": false
    },
    {
        "date": "2020-12-08T11:15:59.500Z",
        "value": "0.4722483158111572",
        "cumulative": false
    },
    {
        "date": "2020-12-08T11:16:02.433Z",
        "value": "0.4612162113189697",
        "cumulative": false
    },
    {
        "date": "2020-12-08T11:16:05.423Z",
        "value": "0.430499792098999",
        "cumulative": false
    },
    {
        "date": "2020-12-08T11:16:08.346Z",
        "value": "0.45250773429870605",
        "cumulative": false
    },
    {
        "date": "2020-12-08T11:16:11.242Z",
        "value": "0.4629395008087158",
        "cumulative": false
    },
    {
        "date": "2020-12-08T11:16:14.199Z",
        "value": "0.44460177421569824",
        "cumulative": false
    },
    {
        "date": "2020-12-08T11:16:17.129Z",
        "value": "0.4861471652984619",
        "cumulative": false
    },
    {
        "date": "2020-12-08T11:16:20.091Z",
        "value": "0.48900938034057617",
        "cumulative": false
    },
    {
        "date": "2020-12-08T11:16:23.097Z",
        "value": "0.4590444564819336",
        "cumulative": false
    },
    {
        "date": "2020-12-08T11:16:26.074Z",
        "value": "0.4521033763885498",
        "cumulative": false
    },
    {
        "date": "2020-12-08T11:16:29.011Z",
        "value": "0.4434528350830078",
        "cumulative": false
    }
]