[
    {
        "date": "2020-12-08T11:15:24.268Z",
        "value": "0.46151304244995117",
        "cumulative": false
    },
    {
        "date": "2020-12-08T11:15:27.160Z",
        "value": "0.462299108505249",
        "cumulative": false
    },
    {
        "date": "2020-12-08T11:15:30.081Z",
        "value": "0.5362811088562012",
        "cumulative": false
    },
    {
        "date": "2020-12-08T11:15:33.025Z",
        "value": "0.5043370723724365",
        "cumulative": false
    },
    {
        "date": "2020-12-08T11:15:35.937Z",
        "value": "0.4859743118286133",
        "cumulative": false
    },
    {
        "date": "2020-12-08T11:15:38.870Z",
        "value": "0.5110220909118652",
        "cumulative": false
    },
    {
        "date": "2020-12-08T11:15:41.818Z",
        "value": "0.5249087810516357",
        "cumulative": false
    },
    {
        "date": "2020-12-08T11:15:44.779Z",
        "value": "0.49642443656921387",
        "cumulative": false
    },
    {
        "date": "2020-12-08T11:15:47.663Z",
        "value": "0.5041930675506592",
        "cumulative": false
    },
    {
        "date": "2020-12-08T11:15:50.646Z",
        "value": "0.5298621654510498",
        "cumulative": false
    },
    {
        "date": "2020-12-08T11:15:53.606Z",
        "value": "0.5179648399353027",
        "cumulative": false
    },
    {
        "date": "2020-12-08T11:15:56.552Z",
        "value": "0.5132908821105957",
        "cumulative": false
    },
    {
        "date": "2020-12-08T11:15:59.496Z",
        "value": "0.4932444095611572",
        "cumulative": false
    },
    {
        "date": "2020-12-08T11:16:02.432Z",
        "value": "0.5020222663879395",
        "cumulative": false
    },
    {
        "date": "2020-12-08T11:16:05.424Z",
        "value": "0.49314308166503906",
        "cumulative": false
    },
    {
        "date": "2020-12-08T11:16:08.342Z",
        "value": "0.5143117904663086",
        "cumulative": false
    },
    {
        "date": "2020-12-08T11:16:11.234Z",
        "value": "0.5027141571044922",
        "cumulative": false
    },
    {
        "date": "2020-12-08T11:16:14.203Z",
        "value": "0.5060703754425049",
        "cumulative": false
    },
    {
        "date": "2020-12-08T11:16:17.127Z",
        "value": "0.4840121269226074",
        "cumulative": false
    },
    {
        "date": "2020-12-08T11:16:20.099Z",
        "value": "0.5138983726501465",
        "cumulative": false
    },
    {
        "date": "2020-12-08T11:16:23.089Z",
        "value": "0.4804494380950928",
        "cumulative": false
    },
    {
        "date": "2020-12-08T11:16:26.067Z",
        "value": "0.5090041160583496",
        "cumulative": false
    },
    {
        "date": "2020-12-08T11:16:29.002Z",
        "value": "0.519467830657959",
        "cumulative": false
    }
]