[
    {
        "date": "2020-12-08T11:15:21.939Z",
        "value": "2.397911787033081",
        "cumulative": false
    },
    {
        "date": "2020-12-08T11:15:23.193Z",
        "value": "1.762874960899353",
        "cumulative": false
    },
    {
        "date": "2020-12-08T11:15:24.827Z",
        "value": "1.626919150352478",
        "cumulative": false
    },
    {
        "date": "2020-12-08T11:15:26.063Z",
        "value": "1.4410312175750732",
        "cumulative": false
    },
    {
        "date": "2020-12-08T11:15:27.726Z",
        "value": "1.2088804244995117",
        "cumulative": false
    },
    {
        "date": "2020-12-08T11:15:28.995Z",
        "value": "1.223417043685913",
        "cumulative": false
    },
    {
        "date": "2020-12-08T11:15:30.649Z",
        "value": "1.0852162837982178",
        "cumulative": false
    },
    {
        "date": "2020-12-08T11:15:31.935Z",
        "value": "1.179564118385315",
        "cumulative": false
    },
    {
        "date": "2020-12-08T11:15:33.581Z",
        "value": "0.8756067752838135",
        "cumulative": false
    },
    {
        "date": "2020-12-08T11:15:34.849Z",
        "value": "0.9024564027786255",
        "cumulative": false
    },
    {
        "date": "2020-12-08T11:15:36.469Z",
        "value": "0.7884958982467651",
        "cumulative": false
    },
    {
        "date": "2020-12-08T11:15:37.734Z",
        "value": "0.7363114953041077",
        "cumulative": false
    },
    {
        "date": "2020-12-08T11:15:39.460Z",
        "value": "0.7109445929527283",
        "cumulative": false
    },
    {
        "date": "2020-12-08T11:15:40.693Z",
        "value": "0.6512950658798218",
        "cumulative": false
    },
    {
        "date": "2020-12-08T11:15:42.374Z",
        "value": "0.7514938116073608",
        "cumulative": false
    },
    {
        "date": "2020-12-08T11:15:43.643Z",
        "value": "0.6115596890449524",
        "cumulative": false
    },
    {
        "date": "2020-12-08T11:15:45.333Z",
        "value": "0.698384702205658",
        "cumulative": false
    },
    {
        "date": "2020-12-08T11:15:46.587Z",
        "value": "0.476519376039505",
        "cumulative": false
    },
    {
        "date": "2020-12-08T11:15:48.227Z",
        "value": "0.5487790703773499",
        "cumulative": false
    },
    {
        "date": "2020-12-08T11:15:49.548Z",
        "value": "0.5473440289497375",
        "cumulative": false
    },
    {
        "date": "2020-12-08T11:15:51.208Z",
        "value": "0.6957117319107056",
        "cumulative": false
    },
    {
        "date": "2020-12-08T11:15:52.508Z",
        "value": "0.6697460412979126",
        "cumulative": false
    },
    {
        "date": "2020-12-08T11:15:54.167Z",
        "value": "0.5856540203094482",
        "cumulative": false
    },
    {
        "date": "2020-12-08T11:15:55.442Z",
        "value": "0.598511278629303",
        "cumulative": false
    },
    {
        "date": "2020-12-08T11:15:57.125Z",
        "value": "0.418540358543396",
        "cumulative": false
    },
    {
        "date": "2020-12-08T11:15:58.409Z",
        "value": "0.5291958451271057",
        "cumulative": false
    },
    {
        "date": "2020-12-08T11:16:00.050Z",
        "value": "0.6148646473884583",
        "cumulative": false
    },
    {
        "date": "2020-12-08T11:16:01.340Z",
        "value": "0.47555336356163025",
        "cumulative": false
    },
    {
        "date": "2020-12-08T11:16:03.003Z",
        "value": "0.43202102184295654",
        "cumulative": false
    },
    {
        "date": "2020-12-08T11:16:04.296Z",
        "value": "0.4860928952693939",
        "cumulative": false
    },
    {
        "date": "2020-12-08T11:16:05.960Z",
        "value": "0.5283999443054199",
        "cumulative": false
    },
    {
        "date": "2020-12-08T11:16:07.246Z",
        "value": "0.45955389738082886",
        "cumulative": false
    },
    {
        "date": "2020-12-08T11:16:08.887Z",
        "value": "0.5292871594429016",
        "cumulative": false
    },
    {
        "date": "2020-12-08T11:16:10.148Z",
        "value": "0.43380680680274963",
        "cumulative": false
    },
    {
        "date": "2020-12-08T11:16:11.799Z",
        "value": "0.5152261853218079",
        "cumulative": false
    },
    {
        "date": "2020-12-08T11:16:13.093Z",
        "value": "0.4334491491317749",
        "cumulative": false
    },
    {
        "date": "2020-12-08T11:16:14.811Z",
        "value": "0.34817659854888916",
        "cumulative": false
    },
    {
        "date": "2020-12-08T11:16:16.041Z",
        "value": "0.3822968602180481",
        "cumulative": false
    },
    {
        "date": "2020-12-08T11:16:17.701Z",
        "value": "0.3141729533672333",
        "cumulative": false
    },
    {
        "date": "2020-12-08T11:16:18.956Z",
        "value": "0.33914709091186523",
        "cumulative": false
    },
    {
        "date": "2020-12-08T11:16:20.640Z",
        "value": "0.4442808926105499",
        "cumulative": false
    },
    {
        "date": "2020-12-08T11:16:21.946Z",
        "value": "0.3892815411090851",
        "cumulative": false
    },
    {
        "date": "2020-12-08T11:16:23.669Z",
        "value": "0.2548864185810089",
        "cumulative": false
    },
    {
        "date": "2020-12-08T11:16:24.940Z",
        "value": "0.4305032789707184",
        "cumulative": false
    },
    {
        "date": "2020-12-08T11:16:26.612Z",
        "value": "0.3577426075935364",
        "cumulative": false
    },
    {
        "date": "2020-12-08T11:16:27.907Z",
        "value": "0.286178320646286",
        "cumulative": false
    }
]