[
    {
        "date": "2020-12-08T11:15:24.272Z",
        "value": "0.3755950927734375",
        "cumulative": false
    },
    {
        "date": "2020-12-08T11:15:27.173Z",
        "value": "0.4175710678100586",
        "cumulative": false
    },
    {
        "date": "2020-12-08T11:15:30.093Z",
        "value": "0.3876464366912842",
        "cumulative": false
    },
    {
        "date": "2020-12-08T11:15:33.027Z",
        "value": "0.4038698673248291",
        "cumulative": false
    },
    {
        "date": "2020-12-08T11:15:35.945Z",
        "value": "0.3859853744506836",
        "cumulative": false
    },
    {
        "date": "2020-12-08T11:15:38.876Z",
        "value": "0.3746194839477539",
        "cumulative": false
    },
    {
        "date": "2020-12-08T11:15:41.829Z",
        "value": "0.3733334541320801",
        "cumulative": false
    },
    {
        "date": "2020-12-08T11:15:44.788Z",
        "value": "0.3677656650543213",
        "cumulative": false
    },
    {
        "date": "2020-12-08T11:15:47.668Z",
        "value": "0.38093996047973633",
        "cumulative": false
    },
    {
        "date": "2020-12-08T11:15:50.657Z",
        "value": "0.3719649314880371",
        "cumulative": false
    },
    {
        "date": "2020-12-08T11:15:53.612Z",
        "value": "0.38379454612731934",
        "cumulative": false
    },
    {
        "date": "2020-12-08T11:15:56.559Z",
        "value": "0.3755512237548828",
        "cumulative": false
    },
    {
        "date": "2020-12-08T11:15:59.505Z",
        "value": "0.4035799503326416",
        "cumulative": false
    },
    {
        "date": "2020-12-08T11:16:02.436Z",
        "value": "0.4039912223815918",
        "cumulative": false
    },
    {
        "date": "2020-12-08T11:16:05.425Z",
        "value": "0.4182884693145752",
        "cumulative": false
    },
    {
        "date": "2020-12-08T11:16:08.349Z",
        "value": "0.39428067207336426",
        "cumulative": false
    },
    {
        "date": "2020-12-08T11:16:11.242Z",
        "value": "0.38320112228393555",
        "cumulative": false
    },
    {
        "date": "2020-12-08T11:16:14.204Z",
        "value": "0.38134050369262695",
        "cumulative": false
    },
    {
        "date": "2020-12-08T11:16:17.138Z",
        "value": "0.3545703887939453",
        "cumulative": false
    },
    {
        "date": "2020-12-08T11:16:20.093Z",
        "value": "0.3741142749786377",
        "cumulative": false
    },
    {
        "date": "2020-12-08T11:16:23.094Z",
        "value": "0.36477136611938477",
        "cumulative": false
    },
    {
        "date": "2020-12-08T11:16:26.069Z",
        "value": "0.38628387451171875",
        "cumulative": false
    },
    {
        "date": "2020-12-08T11:16:29.008Z",
        "value": "0.3712344169616699",
        "cumulative": false
    }
]