[
    {
        "date": "2020-12-08T11:15:24.268Z",
        "value": "0.834296464920044",
        "cumulative": false
    },
    {
        "date": "2020-12-08T11:15:27.160Z",
        "value": "0.8187739849090576",
        "cumulative": false
    },
    {
        "date": "2020-12-08T11:15:30.081Z",
        "value": "0.7821440696716309",
        "cumulative": false
    },
    {
        "date": "2020-12-08T11:15:33.025Z",
        "value": "0.7728712558746338",
        "cumulative": false
    },
    {
        "date": "2020-12-08T11:15:35.937Z",
        "value": "0.7880070209503174",
        "cumulative": false
    },
    {
        "date": "2020-12-08T11:15:38.870Z",
        "value": "0.8146893978118896",
        "cumulative": false
    },
    {
        "date": "2020-12-08T11:15:41.818Z",
        "value": "0.7900204658508301",
        "cumulative": false
    },
    {
        "date": "2020-12-08T11:15:44.779Z",
        "value": "0.8346700668334961",
        "cumulative": false
    },
    {
        "date": "2020-12-08T11:15:47.663Z",
        "value": "0.6674404144287109",
        "cumulative": false
    },
    {
        "date": "2020-12-08T11:15:50.646Z",
        "value": "0.7792975902557373",
        "cumulative": false
    },
    {
        "date": "2020-12-08T11:15:53.606Z",
        "value": "0.7950882911682129",
        "cumulative": false
    },
    {
        "date": "2020-12-08T11:15:56.552Z",
        "value": "0.7859933376312256",
        "cumulative": false
    },
    {
        "date": "2020-12-08T11:15:59.496Z",
        "value": "0.804008960723877",
        "cumulative": false
    },
    {
        "date": "2020-12-08T11:16:02.432Z",
        "value": "0.8061583042144775",
        "cumulative": false
    },
    {
        "date": "2020-12-08T11:16:05.424Z",
        "value": "0.7532594203948975",
        "cumulative": false
    },
    {
        "date": "2020-12-08T11:16:08.342Z",
        "value": "0.7880282402038574",
        "cumulative": false
    },
    {
        "date": "2020-12-08T11:16:11.234Z",
        "value": "0.7732937335968018",
        "cumulative": false
    },
    {
        "date": "2020-12-08T11:16:14.204Z",
        "value": "0.7674727439880371",
        "cumulative": false
    },
    {
        "date": "2020-12-08T11:16:17.127Z",
        "value": "0.8446624279022217",
        "cumulative": false
    },
    {
        "date": "2020-12-08T11:16:20.099Z",
        "value": "0.8044369220733643",
        "cumulative": false
    },
    {
        "date": "2020-12-08T11:16:23.089Z",
        "value": "0.9018974304199219",
        "cumulative": false
    },
    {
        "date": "2020-12-08T11:16:26.067Z",
        "value": "0.7676467895507812",
        "cumulative": false
    },
    {
        "date": "2020-12-08T11:16:29.002Z",
        "value": "0.784827709197998",
        "cumulative": false
    }
]