[
    {
        "date": "2020-12-08T11:05:47.871Z",
        "value": "12.5",
        "cumulative": false
    },
    {
        "date": "2020-12-08T11:05:49.253Z",
        "value": "25.0",
        "cumulative": false
    },
    {
        "date": "2020-12-08T11:05:50.645Z",
        "value": "32.8125",
        "cumulative": false
    },
    {
        "date": "2020-12-08T11:05:52.009Z",
        "value": "36.71875",
        "cumulative": false
    },
    {
        "date": "2020-12-08T11:05:53.684Z",
        "value": "39.84375",
        "cumulative": false
    },
    {
        "date": "2020-12-08T11:05:54.998Z",
        "value": "50.0",
        "cumulative": false
    },
    {
        "date": "2020-12-08T11:05:56.413Z",
        "value": "54.6875",
        "cumulative": false
    },
    {
        "date": "2020-12-08T11:05:57.785Z",
        "value": "44.53125",
        "cumulative": false
    },
    {
        "date": "2020-12-08T11:06:00.567Z",
        "value": "57.03125",
        "cumulative": false
    },
    {
        "date": "2020-12-08T11:06:01.941Z",
        "value": "60.9375",
        "cumulative": false
    },
    {
        "date": "2020-12-08T11:06:03.264Z",
        "value": "77.34375",
        "cumulative": false
    },
    {
        "date": "2020-12-08T11:06:04.696Z",
        "value": "58.59375",
        "cumulative": false
    },
    {
        "date": "2020-12-08T11:06:06.079Z",
        "value": "60.9375",
        "cumulative": false
    },
    {
        "date": "2020-12-08T11:06:07.528Z",
        "value": "62.5",
        "cumulative": false
    },
    {
        "date": "2020-12-08T11:06:08.948Z",
        "value": "64.84375",
        "cumulative": false
    },
    {
        "date": "2020-12-08T11:06:10.470Z",
        "value": "65.625",
        "cumulative": false
    },
    {
        "date": "2020-12-08T11:06:13.346Z",
        "value": "71.875",
        "cumulative": false
    },
    {
        "date": "2020-12-08T11:06:14.794Z",
        "value": "69.53125",
        "cumulative": false
    },
    {
        "date": "2020-12-08T11:06:16.237Z",
        "value": "64.84375",
        "cumulative": false
    },
    {
        "date": "2020-12-08T11:06:17.647Z",
        "value": "67.96875",
        "cumulative": false
    },
    {
        "date": "2020-12-08T11:06:18.968Z",
        "value": "67.96875",
        "cumulative": false
    },
    {
        "date": "2020-12-08T11:06:20.305Z",
        "value": "66.40625",
        "cumulative": false
    },
    {
        "date": "2020-12-08T11:06:21.623Z",
        "value": "71.875",
        "cumulative": false
    },
    {
        "date": "2020-12-08T11:06:22.863Z",
        "value": "67.1875",
        "cumulative": false
    },
    {
        "date": "2020-12-08T11:06:25.407Z",
        "value": "73.4375",
        "cumulative": false
    },
    {
        "date": "2020-12-08T11:06:26.746Z",
        "value": "82.8125",
        "cumulative": false
    },
    {
        "date": "2020-12-08T11:06:27.969Z",
        "value": "75.0",
        "cumulative": false
    },
    {
        "date": "2020-12-08T11:06:29.212Z",
        "value": "77.34375",
        "cumulative": false
    },
    {
        "date": "2020-12-08T11:06:30.478Z",
        "value": "75.0",
        "cumulative": false
    },
    {
        "date": "2020-12-08T11:06:31.870Z",
        "value": "69.53125",
        "cumulative": false
    },
    {
        "date": "2020-12-08T11:06:33.151Z",
        "value": "78.125",
        "cumulative": false
    },
    {
        "date": "2020-12-08T11:06:34.552Z",
        "value": "75.0",
        "cumulative": false
    },
    {
        "date": "2020-12-08T11:06:37.239Z",
        "value": "70.3125",
        "cumulative": false
    },
    {
        "date": "2020-12-08T11:06:38.583Z",
        "value": "82.03125",
        "cumulative": false
    },
    {
        "date": "2020-12-08T11:06:39.913Z",
        "value": "70.3125",
        "cumulative": false
    },
    {
        "date": "2020-12-08T11:06:41.232Z",
        "value": "78.90625",
        "cumulative": false
    },
    {
        "date": "2020-12-08T11:06:42.525Z",
        "value": "76.5625",
        "cumulative": false
    },
    {
        "date": "2020-12-08T11:06:43.904Z",
        "value": "72.65625",
        "cumulative": false
    },
    {
        "date": "2020-12-08T11:06:45.326Z",
        "value": "75.0",
        "cumulative": false
    },
    {
        "date": "2020-12-08T11:06:46.681Z",
        "value": "75.0",
        "cumulative": false
    },
    {
        "date": "2020-12-08T11:06:49.292Z",
        "value": "85.15625",
        "cumulative": false
    },
    {
        "date": "2020-12-08T11:06:50.575Z",
        "value": "68.75",
        "cumulative": false
    },
    {
        "date": "2020-12-08T11:06:51.935Z",
        "value": "84.375",
        "cumulative": false
    },
    {
        "date": "2020-12-08T11:06:53.180Z",
        "value": "79.6875",
        "cumulative": false
    },
    {
        "date": "2020-12-08T11:06:54.589Z",
        "value": "78.90625",
        "cumulative": false
    },
    {
        "date": "2020-12-08T11:06:55.917Z",
        "value": "78.90625",
        "cumulative": false
    },
    {
        "date": "2020-12-08T11:06:57.443Z",
        "value": "75.0",
        "cumulative": false
    },
    {
        "date": "2020-12-08T11:06:58.779Z",
        "value": "79.6875",
        "cumulative": false
    },
    {
        "date": "2020-12-08T11:07:01.317Z",
        "value": "75.0",
        "cumulative": false
    },
    {
        "date": "2020-12-08T11:07:02.628Z",
        "value": "76.5625",
        "cumulative": false
    },
    {
        "date": "2020-12-08T11:07:03.980Z",
        "value": "86.71875",
        "cumulative": false
    },
    {
        "date": "2020-12-08T11:07:05.288Z",
        "value": "80.46875",
        "cumulative": false
    },
    {
        "date": "2020-12-08T11:07:06.647Z",
        "value": "81.25",
        "cumulative": false
    },
    {
        "date": "2020-12-08T11:07:07.983Z",
        "value": "78.125",
        "cumulative": false
    },
    {
        "date": "2020-12-08T11:07:09.364Z",
        "value": "79.6875",
        "cumulative": false
    },
    {
        "date": "2020-12-08T11:07:10.698Z",
        "value": "77.34375",
        "cumulative": false
    },
    {
        "date": "2020-12-08T11:07:13.115Z",
        "value": "86.71875",
        "cumulative": false
    },
    {
        "date": "2020-12-08T11:07:14.572Z",
        "value": "75.78125",
        "cumulative": false
    },
    {
        "date": "2020-12-08T11:07:15.777Z",
        "value": "82.8125",
        "cumulative": false
    },
    {
        "date": "2020-12-08T11:07:16.977Z",
        "value": "85.15625",
        "cumulative": false
    },
    {
        "date": "2020-12-08T11:07:18.228Z",
        "value": "83.59375",
        "cumulative": false
    },
    {
        "date": "2020-12-08T11:07:19.631Z",
        "value": "79.6875",
        "cumulative": false
    },
    {
        "date": "2020-12-08T11:07:20.841Z",
        "value": "78.125",
        "cumulative": false
    },
    {
        "date": "2020-12-08T11:07:22.060Z",
        "value": "79.6875",
        "cumulative": false
    },
    {
        "date": "2020-12-08T11:07:24.495Z",
        "value": "82.03125",
        "cumulative": false
    },
    {
        "date": "2020-12-08T11:07:25.762Z",
        "value": "78.90625",
        "cumulative": false
    },
    {
        "date": "2020-12-08T11:07:26.961Z",
        "value": "78.90625",
        "cumulative": false
    },
    {
        "date": "2020-12-08T11:07:28.157Z",
        "value": "84.375",
        "cumulative": false
    },
    {
        "date": "2020-12-08T11:07:29.540Z",
        "value": "86.71875",
        "cumulative": false
    },
    {
        "date": "2020-12-08T11:07:30.836Z",
        "value": "80.46875",
        "cumulative": false
    },
    {
        "date": "2020-12-08T11:07:32.067Z",
        "value": "80.46875",
        "cumulative": false
    },
    {
        "date": "2020-12-08T11:07:33.280Z",
        "value": "81.25",
        "cumulative": false
    },
    {
        "date": "2020-12-08T11:07:35.733Z",
        "value": "79.6875",
        "cumulative": false
    },
    {
        "date": "2020-12-08T11:07:36.980Z",
        "value": "79.6875",
        "cumulative": false
    },
    {
        "date": "2020-12-08T11:07:38.175Z",
        "value": "85.15625",
        "cumulative": false
    },
    {
        "date": "2020-12-08T11:07:39.506Z",
        "value": "84.375",
        "cumulative": false
    },
    {
        "date": "2020-12-08T11:07:40.744Z",
        "value": "87.5",
        "cumulative": false
    },
    {
        "date": "2020-12-08T11:07:41.957Z",
        "value": "85.9375",
        "cumulative": false
    },
    {
        "date": "2020-12-08T11:07:43.141Z",
        "value": "85.9375",
        "cumulative": false
    },
    {
        "date": "2020-12-08T11:07:44.557Z",
        "value": "88.28125",
        "cumulative": false
    },
    {
        "date": "2020-12-08T11:07:46.786Z",
        "value": "79.6875",
        "cumulative": false
    },
    {
        "date": "2020-12-08T11:07:48.082Z",
        "value": "85.15625",
        "cumulative": false
    },
    {
        "date": "2020-12-08T11:07:49.446Z",
        "value": "85.9375",
        "cumulative": false
    },
    {
        "date": "2020-12-08T11:07:50.856Z",
        "value": "82.8125",
        "cumulative": false
    },
    {
        "date": "2020-12-08T11:07:52.308Z",
        "value": "85.9375",
        "cumulative": false
    },
    {
        "date": "2020-12-08T11:07:53.683Z",
        "value": "88.28125",
        "cumulative": false
    },
    {
        "date": "2020-12-08T11:07:55.076Z",
        "value": "78.90625",
        "cumulative": false
    },
    {
        "date": "2020-12-08T11:07:56.462Z",
        "value": "83.59375",
        "cumulative": false
    },
    {
        "date": "2020-12-08T11:07:59.172Z",
        "value": "85.9375",
        "cumulative": false
    },
    {
        "date": "2020-12-08T11:08:00.531Z",
        "value": "81.25",
        "cumulative": false
    },
    {
        "date": "2020-12-08T11:08:01.882Z",
        "value": "88.28125",
        "cumulative": false
    },
    {
        "date": "2020-12-08T11:08:03.200Z",
        "value": "79.6875",
        "cumulative": false
    },
    {
        "date": "2020-12-08T11:08:04.534Z",
        "value": "85.9375",
        "cumulative": false
    },
    {
        "date": "2020-12-08T11:08:05.859Z",
        "value": "85.15625",
        "cumulative": false
    },
    {
        "date": "2020-12-08T11:08:07.145Z",
        "value": "89.0625",
        "cumulative": false
    },
    {
        "date": "2020-12-08T11:08:08.554Z",
        "value": "82.8125",
        "cumulative": false
    },
    {
        "date": "2020-12-08T11:08:11.220Z",
        "value": "87.5",
        "cumulative": false
    },
    {
        "date": "2020-12-08T11:08:12.552Z",
        "value": "82.8125",
        "cumulative": false
    },
    {
        "date": "2020-12-08T11:08:13.890Z",
        "value": "81.25",
        "cumulative": false
    },
    {
        "date": "2020-12-08T11:08:15.236Z",
        "value": "88.28125",
        "cumulative": false
    },
    {
        "date": "2020-12-08T11:08:16.614Z",
        "value": "84.375",
        "cumulative": false
    },
    {
        "date": "2020-12-08T11:08:17.943Z",
        "value": "79.6875",
        "cumulative": false
    },
    {
        "date": "2020-12-08T11:08:19.322Z",
        "value": "89.0625",
        "cumulative": false
    },
    {
        "date": "2020-12-08T11:08:20.750Z",
        "value": "90.625",
        "cumulative": false
    }
]