[
    {
        "date": "2020-12-08T11:05:58.930Z",
        "value": "5.2165327072143555",
        "cumulative": false
    },
    {
        "date": "2020-12-08T11:06:11.852Z",
        "value": "2.8114686012268066",
        "cumulative": false
    },
    {
        "date": "2020-12-08T11:06:23.941Z",
        "value": "2.6589765548706055",
        "cumulative": false
    },
    {
        "date": "2020-12-08T11:06:35.699Z",
        "value": "2.5843629837036133",
        "cumulative": false
    },
    {
        "date": "2020-12-08T11:06:47.711Z",
        "value": "2.592416286468506",
        "cumulative": false
    },
    {
        "date": "2020-12-08T11:06:59.856Z",
        "value": "2.666210889816284",
        "cumulative": false
    },
    {
        "date": "2020-12-08T11:07:11.809Z",
        "value": "2.699450731277466",
        "cumulative": false
    },
    {
        "date": "2020-12-08T11:07:23.051Z",
        "value": "2.41434907913208",
        "cumulative": false
    },
    {
        "date": "2020-12-08T11:07:34.420Z",
        "value": "2.5317087173461914",
        "cumulative": false
    },
    {
        "date": "2020-12-08T11:07:45.578Z",
        "value": "2.495518922805786",
        "cumulative": false
    },
    {
        "date": "2020-12-08T11:07:57.605Z",
        "value": "2.7429075241088867",
        "cumulative": false
    },
    {
        "date": "2020-12-08T11:08:09.687Z",
        "value": "2.5647780895233154",
        "cumulative": false
    },
    {
        "date": "2020-12-08T11:08:21.840Z",
        "value": "2.590275287628174",
        "cumulative": false
    }
]