[
    {
        "date": "2020-12-08T11:05:58.930Z",
        "value": "5.6228556632995605",
        "cumulative": false
    },
    {
        "date": "2020-12-08T11:06:11.852Z",
        "value": "5.485931873321533",
        "cumulative": false
    },
    {
        "date": "2020-12-08T11:06:23.941Z",
        "value": "5.119759798049927",
        "cumulative": false
    },
    {
        "date": "2020-12-08T11:06:35.699Z",
        "value": "4.932296276092529",
        "cumulative": false
    },
    {
        "date": "2020-12-08T11:06:47.711Z",
        "value": "5.005270004272461",
        "cumulative": false
    },
    {
        "date": "2020-12-08T11:06:59.856Z",
        "value": "5.085906505584717",
        "cumulative": false
    },
    {
        "date": "2020-12-08T11:07:11.809Z",
        "value": "5.011457204818726",
        "cumulative": false
    },
    {
        "date": "2020-12-08T11:07:23.051Z",
        "value": "4.985957860946655",
        "cumulative": false
    },
    {
        "date": "2020-12-08T11:07:34.420Z",
        "value": "4.840448379516602",
        "cumulative": false
    },
    {
        "date": "2020-12-08T11:07:45.578Z",
        "value": "4.80485987663269",
        "cumulative": false
    },
    {
        "date": "2020-12-08T11:07:57.605Z",
        "value": "5.1371519565582275",
        "cumulative": false
    },
    {
        "date": "2020-12-08T11:08:09.687Z",
        "value": "5.138575792312622",
        "cumulative": false
    },
    {
        "date": "2020-12-08T11:08:21.840Z",
        "value": "5.19490909576416",
        "cumulative": false
    }
]