[
    {
        "date": "2020-12-08T11:05:58.930Z",
        "value": "0.04759979248046875",
        "cumulative": false
    },
    {
        "date": "2020-12-08T11:06:11.852Z",
        "value": "0.0497286319732666",
        "cumulative": false
    },
    {
        "date": "2020-12-08T11:06:23.941Z",
        "value": "0.05523324012756348",
        "cumulative": false
    },
    {
        "date": "2020-12-08T11:06:35.699Z",
        "value": "0.05430126190185547",
        "cumulative": false
    },
    {
        "date": "2020-12-08T11:06:47.711Z",
        "value": "0.05126810073852539",
        "cumulative": false
    },
    {
        "date": "2020-12-08T11:06:59.856Z",
        "value": "0.05094099044799805",
        "cumulative": false
    },
    {
        "date": "2020-12-08T11:07:11.809Z",
        "value": "0.050255775451660156",
        "cumulative": false
    },
    {
        "date": "2020-12-08T11:07:23.051Z",
        "value": "0.04577302932739258",
        "cumulative": false
    },
    {
        "date": "2020-12-08T11:07:34.420Z",
        "value": "0.0463709831237793",
        "cumulative": false
    },
    {
        "date": "2020-12-08T11:07:45.578Z",
        "value": "0.0465540885925293",
        "cumulative": false
    },
    {
        "date": "2020-12-08T11:07:57.605Z",
        "value": "0.05092978477478027",
        "cumulative": false
    },
    {
        "date": "2020-12-08T11:08:09.687Z",
        "value": "0.050418853759765625",
        "cumulative": false
    },
    {
        "date": "2020-12-08T11:08:21.840Z",
        "value": "0.07772207260131836",
        "cumulative": false
    }
]