[
    {
        "date": "2020-12-08T11:05:58.931Z",
        "value": "0.000576019287109375",
        "cumulative": false
    },
    {
        "date": "2020-12-08T11:06:11.852Z",
        "value": "0.0006685256958007812",
        "cumulative": false
    },
    {
        "date": "2020-12-08T11:06:23.941Z",
        "value": "0.0007841587066650391",
        "cumulative": false
    },
    {
        "date": "2020-12-08T11:06:35.699Z",
        "value": "0.0006024837493896484",
        "cumulative": false
    },
    {
        "date": "2020-12-08T11:06:47.711Z",
        "value": "0.0006012916564941406",
        "cumulative": false
    },
    {
        "date": "2020-12-08T11:06:59.856Z",
        "value": "0.0005936622619628906",
        "cumulative": false
    },
    {
        "date": "2020-12-08T11:07:11.809Z",
        "value": "0.0006287097930908203",
        "cumulative": false
    },
    {
        "date": "2020-12-08T11:07:23.051Z",
        "value": "0.0005412101745605469",
        "cumulative": false
    },
    {
        "date": "2020-12-08T11:07:34.420Z",
        "value": "0.0005767345428466797",
        "cumulative": false
    },
    {
        "date": "2020-12-08T11:07:45.578Z",
        "value": "0.00055694580078125",
        "cumulative": false
    },
    {
        "date": "2020-12-08T11:07:57.605Z",
        "value": "0.0006160736083984375",
        "cumulative": false
    },
    {
        "date": "2020-12-08T11:08:09.687Z",
        "value": "0.0006361007690429688",
        "cumulative": false
    },
    {
        "date": "2020-12-08T11:08:21.840Z",
        "value": "0.0006458759307861328",
        "cumulative": false
    }
]