[
    {
        "date": "2020-12-08T11:05:58.931Z",
        "value": "0.17223763465881348",
        "cumulative": false
    },
    {
        "date": "2020-12-08T11:06:11.852Z",
        "value": "0.18207359313964844",
        "cumulative": false
    },
    {
        "date": "2020-12-08T11:06:23.941Z",
        "value": "0.17212414741516113",
        "cumulative": false
    },
    {
        "date": "2020-12-08T11:06:35.699Z",
        "value": "0.17586040496826172",
        "cumulative": false
    },
    {
        "date": "2020-12-08T11:06:47.711Z",
        "value": "0.17697453498840332",
        "cumulative": false
    },
    {
        "date": "2020-12-08T11:06:59.856Z",
        "value": "0.1739945411682129",
        "cumulative": false
    },
    {
        "date": "2020-12-08T11:07:11.809Z",
        "value": "0.16942977905273438",
        "cumulative": false
    },
    {
        "date": "2020-12-08T11:07:23.051Z",
        "value": "0.1642436981201172",
        "cumulative": false
    },
    {
        "date": "2020-12-08T11:07:34.420Z",
        "value": "0.1536722183227539",
        "cumulative": false
    },
    {
        "date": "2020-12-08T11:07:45.578Z",
        "value": "0.162766695022583",
        "cumulative": false
    },
    {
        "date": "2020-12-08T11:07:57.605Z",
        "value": "0.17651724815368652",
        "cumulative": false
    },
    {
        "date": "2020-12-08T11:08:09.687Z",
        "value": "0.17693281173706055",
        "cumulative": false
    },
    {
        "date": "2020-12-08T11:08:21.840Z",
        "value": "0.175919771194458",
        "cumulative": false
    }
]