[
    {
        "date": "2020-12-08T11:05:47.870Z",
        "value": "2.520179033279419",
        "cumulative": false
    },
    {
        "date": "2020-12-08T11:05:49.251Z",
        "value": "1.8734195232391357",
        "cumulative": false
    },
    {
        "date": "2020-12-08T11:05:50.645Z",
        "value": "1.720471978187561",
        "cumulative": false
    },
    {
        "date": "2020-12-08T11:05:52.009Z",
        "value": "1.6705195903778076",
        "cumulative": false
    },
    {
        "date": "2020-12-08T11:05:53.684Z",
        "value": "1.6970616579055786",
        "cumulative": false
    },
    {
        "date": "2020-12-08T11:05:54.998Z",
        "value": "1.3051587343215942",
        "cumulative": false
    },
    {
        "date": "2020-12-08T11:05:56.413Z",
        "value": "1.4203944206237793",
        "cumulative": false
    },
    {
        "date": "2020-12-08T11:05:57.785Z",
        "value": "1.5549663305282593",
        "cumulative": false
    },
    {
        "date": "2020-12-08T11:06:00.567Z",
        "value": "1.1453382968902588",
        "cumulative": false
    },
    {
        "date": "2020-12-08T11:06:01.941Z",
        "value": "1.134125828742981",
        "cumulative": false
    },
    {
        "date": "2020-12-08T11:06:03.264Z",
        "value": "0.8038413524627686",
        "cumulative": false
    },
    {
        "date": "2020-12-08T11:06:04.696Z",
        "value": "1.0981552600860596",
        "cumulative": false
    },
    {
        "date": "2020-12-08T11:06:06.079Z",
        "value": "0.9815251231193542",
        "cumulative": false
    },
    {
        "date": "2020-12-08T11:06:07.528Z",
        "value": "1.1055920124053955",
        "cumulative": false
    },
    {
        "date": "2020-12-08T11:06:08.948Z",
        "value": "1.001469612121582",
        "cumulative": false
    },
    {
        "date": "2020-12-08T11:06:10.470Z",
        "value": "1.0622259378433228",
        "cumulative": false
    },
    {
        "date": "2020-12-08T11:06:13.345Z",
        "value": "0.8858056664466858",
        "cumulative": false
    },
    {
        "date": "2020-12-08T11:06:14.794Z",
        "value": "0.8704164624214172",
        "cumulative": false
    },
    {
        "date": "2020-12-08T11:06:16.237Z",
        "value": "0.8924158215522766",
        "cumulative": false
    },
    {
        "date": "2020-12-08T11:06:17.647Z",
        "value": "0.7939932942390442",
        "cumulative": false
    },
    {
        "date": "2020-12-08T11:06:18.968Z",
        "value": "0.906091570854187",
        "cumulative": false
    },
    {
        "date": "2020-12-08T11:06:20.305Z",
        "value": "0.8642870187759399",
        "cumulative": false
    },
    {
        "date": "2020-12-08T11:06:21.623Z",
        "value": "0.7576679587364197",
        "cumulative": false
    },
    {
        "date": "2020-12-08T11:06:22.863Z",
        "value": "0.8201804161071777",
        "cumulative": false
    },
    {
        "date": "2020-12-08T11:06:25.406Z",
        "value": "0.7291659712791443",
        "cumulative": false
    },
    {
        "date": "2020-12-08T11:06:26.746Z",
        "value": "0.6315333843231201",
        "cumulative": false
    },
    {
        "date": "2020-12-08T11:06:27.969Z",
        "value": "0.739610493183136",
        "cumulative": false
    },
    {
        "date": "2020-12-08T11:06:29.212Z",
        "value": "0.6996789574623108",
        "cumulative": false
    },
    {
        "date": "2020-12-08T11:06:30.478Z",
        "value": "0.6588732004165649",
        "cumulative": false
    },
    {
        "date": "2020-12-08T11:06:31.869Z",
        "value": "0.8849881887435913",
        "cumulative": false
    },
    {
        "date": "2020-12-08T11:06:33.151Z",
        "value": "0.6389405131340027",
        "cumulative": false
    },
    {
        "date": "2020-12-08T11:06:34.552Z",
        "value": "0.6439038515090942",
        "cumulative": false
    },
    {
        "date": "2020-12-08T11:06:37.239Z",
        "value": "0.8373735547065735",
        "cumulative": false
    },
    {
        "date": "2020-12-08T11:06:38.583Z",
        "value": "0.6159946322441101",
        "cumulative": false
    },
    {
        "date": "2020-12-08T11:06:39.913Z",
        "value": "0.8414092659950256",
        "cumulative": false
    },
    {
        "date": "2020-12-08T11:06:41.232Z",
        "value": "0.6450600624084473",
        "cumulative": false
    },
    {
        "date": "2020-12-08T11:06:42.525Z",
        "value": "0.741705060005188",
        "cumulative": false
    },
    {
        "date": "2020-12-08T11:06:43.904Z",
        "value": "0.7313964366912842",
        "cumulative": false
    },
    {
        "date": "2020-12-08T11:06:45.326Z",
        "value": "0.6662577390670776",
        "cumulative": false
    },
    {
        "date": "2020-12-08T11:06:46.681Z",
        "value": "0.6493547558784485",
        "cumulative": false
    },
    {
        "date": "2020-12-08T11:06:49.292Z",
        "value": "0.4422953426837921",
        "cumulative": false
    },
    {
        "date": "2020-12-08T11:06:50.575Z",
        "value": "0.8179474472999573",
        "cumulative": false
    },
    {
        "date": "2020-12-08T11:06:51.935Z",
        "value": "0.5063838958740234",
        "cumulative": false
    },
    {
        "date": "2020-12-08T11:06:53.179Z",
        "value": "0.5141246914863586",
        "cumulative": false
    },
    {
        "date": "2020-12-08T11:06:54.589Z",
        "value": "0.5368079543113708",
        "cumulative": false
    },
    {
        "date": "2020-12-08T11:06:55.917Z",
        "value": "0.5564877986907959",
        "cumulative": false
    },
    {
        "date": "2020-12-08T11:06:57.443Z",
        "value": "0.6668029427528381",
        "cumulative": false
    },
    {
        "date": "2020-12-08T11:06:58.778Z",
        "value": "0.605627715587616",
        "cumulative": false
    },
    {
        "date": "2020-12-08T11:07:01.317Z",
        "value": "0.5683763027191162",
        "cumulative": false
    },
    {
        "date": "2020-12-08T11:07:02.628Z",
        "value": "0.5579978227615356",
        "cumulative": false
    },
    {
        "date": "2020-12-08T11:07:03.979Z",
        "value": "0.4602053463459015",
        "cumulative": false
    },
    {
        "date": "2020-12-08T11:07:05.288Z",
        "value": "0.5295589566230774",
        "cumulative": false
    },
    {
        "date": "2020-12-08T11:07:06.647Z",
        "value": "0.5213539600372314",
        "cumulative": false
    },
    {
        "date": "2020-12-08T11:07:07.983Z",
        "value": "0.5033437609672546",
        "cumulative": false
    },
    {
        "date": "2020-12-08T11:07:09.364Z",
        "value": "0.5673534870147705",
        "cumulative": false
    },
    {
        "date": "2020-12-08T11:07:10.697Z",
        "value": "0.6304906010627747",
        "cumulative": false
    },
    {
        "date": "2020-12-08T11:07:13.115Z",
        "value": "0.42712631821632385",
        "cumulative": false
    },
    {
        "date": "2020-12-08T11:07:14.572Z",
        "value": "0.6195694208145142",
        "cumulative": false
    },
    {
        "date": "2020-12-08T11:07:15.777Z",
        "value": "0.5302174687385559",
        "cumulative": false
    },
    {
        "date": "2020-12-08T11:07:16.977Z",
        "value": "0.41860055923461914",
        "cumulative": false
    },
    {
        "date": "2020-12-08T11:07:18.228Z",
        "value": "0.4899848997592926",
        "cumulative": false
    },
    {
        "date": "2020-12-08T11:07:19.631Z",
        "value": "0.5787292122840881",
        "cumulative": false
    },
    {
        "date": "2020-12-08T11:07:20.841Z",
        "value": "0.6531909704208374",
        "cumulative": false
    },
    {
        "date": "2020-12-08T11:07:22.060Z",
        "value": "0.5433672070503235",
        "cumulative": false
    },
    {
        "date": "2020-12-08T11:07:24.495Z",
        "value": "0.44739869236946106",
        "cumulative": false
    },
    {
        "date": "2020-12-08T11:07:25.762Z",
        "value": "0.6455941200256348",
        "cumulative": false
    },
    {
        "date": "2020-12-08T11:07:26.961Z",
        "value": "0.5915289521217346",
        "cumulative": false
    },
    {
        "date": "2020-12-08T11:07:28.157Z",
        "value": "0.4355471134185791",
        "cumulative": false
    },
    {
        "date": "2020-12-08T11:07:29.540Z",
        "value": "0.43682169914245605",
        "cumulative": false
    },
    {
        "date": "2020-12-08T11:07:30.836Z",
        "value": "0.5455281734466553",
        "cumulative": false
    },
    {
        "date": "2020-12-08T11:07:32.067Z",
        "value": "0.5894911289215088",
        "cumulative": false
    },
    {
        "date": "2020-12-08T11:07:33.280Z",
        "value": "0.481182336807251",
        "cumulative": false
    },
    {
        "date": "2020-12-08T11:07:35.733Z",
        "value": "0.520081102848053",
        "cumulative": false
    },
    {
        "date": "2020-12-08T11:07:36.980Z",
        "value": "0.5762932896614075",
        "cumulative": false
    },
    {
        "date": "2020-12-08T11:07:38.175Z",
        "value": "0.4339187443256378",
        "cumulative": false
    },
    {
        "date": "2020-12-08T11:07:39.506Z",
        "value": "0.4900459051132202",
        "cumulative": false
    },
    {
        "date": "2020-12-08T11:07:40.744Z",
        "value": "0.3977448344230652",
        "cumulative": false
    },
    {
        "date": "2020-12-08T11:07:41.957Z",
        "value": "0.4361020028591156",
        "cumulative": false
    },
    {
        "date": "2020-12-08T11:07:43.141Z",
        "value": "0.3726169168949127",
        "cumulative": false
    },
    {
        "date": "2020-12-08T11:07:44.557Z",
        "value": "0.39257991313934326",
        "cumulative": false
    },
    {
        "date": "2020-12-08T11:07:46.786Z",
        "value": "0.552652895450592",
        "cumulative": false
    },
    {
        "date": "2020-12-08T11:07:48.082Z",
        "value": "0.3830428719520569",
        "cumulative": false
    },
    {
        "date": "2020-12-08T11:07:49.446Z",
        "value": "0.36945343017578125",
        "cumulative": false
    },
    {
        "date": "2020-12-08T11:07:50.856Z",
        "value": "0.4889531135559082",
        "cumulative": false
    },
    {
        "date": "2020-12-08T11:07:52.308Z",
        "value": "0.4697870910167694",
        "cumulative": false
    },
    {
        "date": "2020-12-08T11:07:53.683Z",
        "value": "0.386311799287796",
        "cumulative": false
    },
    {
        "date": "2020-12-08T11:07:55.076Z",
        "value": "0.5574176907539368",
        "cumulative": false
    },
    {
        "date": "2020-12-08T11:07:56.462Z",
        "value": "0.4239564538002014",
        "cumulative": false
    },
    {
        "date": "2020-12-08T11:07:59.171Z",
        "value": "0.42124196887016296",
        "cumulative": false
    },
    {
        "date": "2020-12-08T11:08:00.531Z",
        "value": "0.5009434819221497",
        "cumulative": false
    },
    {
        "date": "2020-12-08T11:08:01.882Z",
        "value": "0.33296042680740356",
        "cumulative": false
    },
    {
        "date": "2020-12-08T11:08:03.200Z",
        "value": "0.442473828792572",
        "cumulative": false
    },
    {
        "date": "2020-12-08T11:08:04.534Z",
        "value": "0.4180086851119995",
        "cumulative": false
    },
    {
        "date": "2020-12-08T11:08:05.859Z",
        "value": "0.5042086243629456",
        "cumulative": false
    },
    {
        "date": "2020-12-08T11:08:07.145Z",
        "value": "0.32693883776664734",
        "cumulative": false
    },
    {
        "date": "2020-12-08T11:08:08.554Z",
        "value": "0.4247816503047943",
        "cumulative": false
    },
    {
        "date": "2020-12-08T11:08:11.219Z",
        "value": "0.32030007243156433",
        "cumulative": false
    },
    {
        "date": "2020-12-08T11:08:12.551Z",
        "value": "0.48999926447868347",
        "cumulative": false
    },
    {
        "date": "2020-12-08T11:08:13.890Z",
        "value": "0.44856929779052734",
        "cumulative": false
    },
    {
        "date": "2020-12-08T11:08:15.236Z",
        "value": "0.47816941142082214",
        "cumulative": false
    },
    {
        "date": "2020-12-08T11:08:16.614Z",
        "value": "0.4216165840625763",
        "cumulative": false
    },
    {
        "date": "2020-12-08T11:08:17.943Z",
        "value": "0.5334973931312561",
        "cumulative": false
    },
    {
        "date": "2020-12-08T11:08:19.322Z",
        "value": "0.36127620935440063",
        "cumulative": false
    },
    {
        "date": "2020-12-08T11:08:20.750Z",
        "value": "0.3270740509033203",
        "cumulative": false
    }
]