[
    {
        "date": "2020-12-08T11:05:58.916Z",
        "value": "0.000560760498046875",
        "cumulative": false
    },
    {
        "date": "2020-12-08T11:06:11.843Z",
        "value": "0.0005745887756347656",
        "cumulative": false
    },
    {
        "date": "2020-12-08T11:06:23.923Z",
        "value": "0.0005729198455810547",
        "cumulative": false
    },
    {
        "date": "2020-12-08T11:06:35.678Z",
        "value": "0.0005090236663818359",
        "cumulative": false
    },
    {
        "date": "2020-12-08T11:06:47.700Z",
        "value": "0.0005099773406982422",
        "cumulative": false
    },
    {
        "date": "2020-12-08T11:06:59.834Z",
        "value": "0.00058746337890625",
        "cumulative": false
    },
    {
        "date": "2020-12-08T11:07:11.791Z",
        "value": "0.0005097389221191406",
        "cumulative": false
    },
    {
        "date": "2020-12-08T11:07:23.040Z",
        "value": "0.000469207763671875",
        "cumulative": false
    },
    {
        "date": "2020-12-08T11:07:34.417Z",
        "value": "0.00046133995056152344",
        "cumulative": false
    },
    {
        "date": "2020-12-08T11:07:45.581Z",
        "value": "0.0004172325134277344",
        "cumulative": false
    },
    {
        "date": "2020-12-08T11:07:57.589Z",
        "value": "0.0004897117614746094",
        "cumulative": false
    },
    {
        "date": "2020-12-08T11:08:09.669Z",
        "value": "0.00039577484130859375",
        "cumulative": false
    },
    {
        "date": "2020-12-08T11:08:21.826Z",
        "value": "0.0004410743713378906",
        "cumulative": false
    }
]