[
    {
        "date": "2020-12-08T11:05:58.916Z",
        "value": "0.04507112503051758",
        "cumulative": false
    },
    {
        "date": "2020-12-08T11:06:11.843Z",
        "value": "0.042722463607788086",
        "cumulative": false
    },
    {
        "date": "2020-12-08T11:06:23.923Z",
        "value": "0.04734444618225098",
        "cumulative": false
    },
    {
        "date": "2020-12-08T11:06:35.678Z",
        "value": "0.0461270809173584",
        "cumulative": false
    },
    {
        "date": "2020-12-08T11:06:47.700Z",
        "value": "0.04712986946105957",
        "cumulative": false
    },
    {
        "date": "2020-12-08T11:06:59.834Z",
        "value": "0.04605531692504883",
        "cumulative": false
    },
    {
        "date": "2020-12-08T11:07:11.791Z",
        "value": "0.04631447792053223",
        "cumulative": false
    },
    {
        "date": "2020-12-08T11:07:23.040Z",
        "value": "0.04016423225402832",
        "cumulative": false
    },
    {
        "date": "2020-12-08T11:07:34.417Z",
        "value": "0.03794240951538086",
        "cumulative": false
    },
    {
        "date": "2020-12-08T11:07:45.581Z",
        "value": "0.039856672286987305",
        "cumulative": false
    },
    {
        "date": "2020-12-08T11:07:57.589Z",
        "value": "0.03417158126831055",
        "cumulative": false
    },
    {
        "date": "2020-12-08T11:08:09.669Z",
        "value": "0.035518646240234375",
        "cumulative": false
    },
    {
        "date": "2020-12-08T11:08:21.826Z",
        "value": "0.03626656532287598",
        "cumulative": false
    }
]