[
    {
        "date": "2020-12-08T11:05:58.916Z",
        "value": "13.456897735595703",
        "cumulative": false
    },
    {
        "date": "2020-12-08T11:06:11.843Z",
        "value": "11.110301733016968",
        "cumulative": false
    },
    {
        "date": "2020-12-08T11:06:23.922Z",
        "value": "10.386998653411865",
        "cumulative": false
    },
    {
        "date": "2020-12-08T11:06:35.678Z",
        "value": "10.025692701339722",
        "cumulative": false
    },
    {
        "date": "2020-12-08T11:06:47.700Z",
        "value": "10.247995376586914",
        "cumulative": false
    },
    {
        "date": "2020-12-08T11:06:59.834Z",
        "value": "10.351768732070923",
        "cumulative": false
    },
    {
        "date": "2020-12-08T11:07:11.791Z",
        "value": "10.252321004867554",
        "cumulative": false
    },
    {
        "date": "2020-12-08T11:07:23.040Z",
        "value": "9.721089363098145",
        "cumulative": false
    },
    {
        "date": "2020-12-08T11:07:34.417Z",
        "value": "9.682272911071777",
        "cumulative": false
    },
    {
        "date": "2020-12-08T11:07:45.581Z",
        "value": "9.649916172027588",
        "cumulative": false
    },
    {
        "date": "2020-12-08T11:07:57.589Z",
        "value": "10.593865156173706",
        "cumulative": false
    },
    {
        "date": "2020-12-08T11:08:09.669Z",
        "value": "10.33433485031128",
        "cumulative": false
    },
    {
        "date": "2020-12-08T11:08:21.826Z",
        "value": "10.438847541809082",
        "cumulative": false
    }
]