[
    {
        "date": "2020-12-08T11:05:58.916Z",
        "value": "1.086958408355713",
        "cumulative": false
    },
    {
        "date": "2020-12-08T11:06:11.843Z",
        "value": "1.02524995803833",
        "cumulative": false
    },
    {
        "date": "2020-12-08T11:06:23.923Z",
        "value": "1.0706510543823242",
        "cumulative": false
    },
    {
        "date": "2020-12-08T11:06:35.678Z",
        "value": "1.052887201309204",
        "cumulative": false
    },
    {
        "date": "2020-12-08T11:06:47.700Z",
        "value": "1.0718531608581543",
        "cumulative": false
    },
    {
        "date": "2020-12-08T11:06:59.834Z",
        "value": "1.0741205215454102",
        "cumulative": false
    },
    {
        "date": "2020-12-08T11:07:11.791Z",
        "value": "1.0968608856201172",
        "cumulative": false
    },
    {
        "date": "2020-12-08T11:07:23.040Z",
        "value": "1.0035343170166016",
        "cumulative": false
    },
    {
        "date": "2020-12-08T11:07:34.417Z",
        "value": "1.0153703689575195",
        "cumulative": false
    },
    {
        "date": "2020-12-08T11:07:45.581Z",
        "value": "1.0581960678100586",
        "cumulative": false
    },
    {
        "date": "2020-12-08T11:07:57.589Z",
        "value": "1.0127613544464111",
        "cumulative": false
    },
    {
        "date": "2020-12-08T11:08:09.669Z",
        "value": "0.9963669776916504",
        "cumulative": false
    },
    {
        "date": "2020-12-08T11:08:21.826Z",
        "value": "1.0329208374023438",
        "cumulative": false
    }
]