[
    {
        "date": "2020-12-08T11:05:47.874Z",
        "value": "2.4433865547180176",
        "cumulative": false
    },
    {
        "date": "2020-12-08T11:05:49.259Z",
        "value": "1.757396936416626",
        "cumulative": false
    },
    {
        "date": "2020-12-08T11:05:50.650Z",
        "value": "1.6677707433700562",
        "cumulative": false
    },
    {
        "date": "2020-12-08T11:05:52.017Z",
        "value": "1.7115800380706787",
        "cumulative": false
    },
    {
        "date": "2020-12-08T11:05:53.690Z",
        "value": "1.5473918914794922",
        "cumulative": false
    },
    {
        "date": "2020-12-08T11:05:55.001Z",
        "value": "1.445678472518921",
        "cumulative": false
    },
    {
        "date": "2020-12-08T11:05:56.416Z",
        "value": "1.3229410648345947",
        "cumulative": false
    },
    {
        "date": "2020-12-08T11:05:57.788Z",
        "value": "1.500834345817566",
        "cumulative": false
    },
    {
        "date": "2020-12-08T11:06:00.570Z",
        "value": "1.2782976627349854",
        "cumulative": false
    },
    {
        "date": "2020-12-08T11:06:01.944Z",
        "value": "1.2368264198303223",
        "cumulative": false
    },
    {
        "date": "2020-12-08T11:06:03.271Z",
        "value": "1.2889577150344849",
        "cumulative": false
    },
    {
        "date": "2020-12-08T11:06:04.705Z",
        "value": "1.0485625267028809",
        "cumulative": false
    },
    {
        "date": "2020-12-08T11:06:06.082Z",
        "value": "1.2116293907165527",
        "cumulative": false
    },
    {
        "date": "2020-12-08T11:06:07.538Z",
        "value": "1.0609883069992065",
        "cumulative": false
    },
    {
        "date": "2020-12-08T11:06:08.951Z",
        "value": "0.8621203899383545",
        "cumulative": false
    },
    {
        "date": "2020-12-08T11:06:10.481Z",
        "value": "0.9632952809333801",
        "cumulative": false
    },
    {
        "date": "2020-12-08T11:06:13.354Z",
        "value": "1.036815881729126",
        "cumulative": false
    },
    {
        "date": "2020-12-08T11:06:14.798Z",
        "value": "0.8699513673782349",
        "cumulative": false
    },
    {
        "date": "2020-12-08T11:06:16.244Z",
        "value": "0.8901187777519226",
        "cumulative": false
    },
    {
        "date": "2020-12-08T11:06:17.653Z",
        "value": "0.7116031050682068",
        "cumulative": false
    },
    {
        "date": "2020-12-08T11:06:18.975Z",
        "value": "0.8956711292266846",
        "cumulative": false
    },
    {
        "date": "2020-12-08T11:06:20.308Z",
        "value": "0.7695651650428772",
        "cumulative": false
    },
    {
        "date": "2020-12-08T11:06:21.627Z",
        "value": "0.8037307262420654",
        "cumulative": false
    },
    {
        "date": "2020-12-08T11:06:22.871Z",
        "value": "0.7662731409072876",
        "cumulative": false
    },
    {
        "date": "2020-12-08T11:06:25.410Z",
        "value": "0.7883442640304565",
        "cumulative": false
    },
    {
        "date": "2020-12-08T11:06:26.754Z",
        "value": "0.7098456621170044",
        "cumulative": false
    },
    {
        "date": "2020-12-08T11:06:27.973Z",
        "value": "0.9566206932067871",
        "cumulative": false
    },
    {
        "date": "2020-12-08T11:06:29.218Z",
        "value": "0.8477336764335632",
        "cumulative": false
    },
    {
        "date": "2020-12-08T11:06:30.489Z",
        "value": "0.8347495794296265",
        "cumulative": false
    },
    {
        "date": "2020-12-08T11:06:31.876Z",
        "value": "0.549552857875824",
        "cumulative": false
    },
    {
        "date": "2020-12-08T11:06:33.157Z",
        "value": "0.7600458264350891",
        "cumulative": false
    },
    {
        "date": "2020-12-08T11:06:34.559Z",
        "value": "0.8695178031921387",
        "cumulative": false
    },
    {
        "date": "2020-12-08T11:06:37.247Z",
        "value": "0.7909886837005615",
        "cumulative": false
    },
    {
        "date": "2020-12-08T11:06:38.592Z",
        "value": "0.6243973970413208",
        "cumulative": false
    },
    {
        "date": "2020-12-08T11:06:39.918Z",
        "value": "1.0076580047607422",
        "cumulative": false
    },
    {
        "date": "2020-12-08T11:06:41.240Z",
        "value": "0.7555855512619019",
        "cumulative": false
    },
    {
        "date": "2020-12-08T11:06:42.532Z",
        "value": "0.5756884217262268",
        "cumulative": false
    },
    {
        "date": "2020-12-08T11:06:43.924Z",
        "value": "0.6477085947990417",
        "cumulative": false
    },
    {
        "date": "2020-12-08T11:06:45.331Z",
        "value": "0.6630609035491943",
        "cumulative": false
    },
    {
        "date": "2020-12-08T11:06:46.683Z",
        "value": "0.8163174986839294",
        "cumulative": false
    },
    {
        "date": "2020-12-08T11:06:49.294Z",
        "value": "0.5982183218002319",
        "cumulative": false
    },
    {
        "date": "2020-12-08T11:06:50.578Z",
        "value": "0.6033892631530762",
        "cumulative": false
    },
    {
        "date": "2020-12-08T11:06:51.936Z",
        "value": "0.5682109594345093",
        "cumulative": false
    },
    {
        "date": "2020-12-08T11:06:53.184Z",
        "value": "0.46080952882766724",
        "cumulative": false
    },
    {
        "date": "2020-12-08T11:06:54.592Z",
        "value": "0.7894955277442932",
        "cumulative": false
    },
    {
        "date": "2020-12-08T11:06:55.923Z",
        "value": "0.6515453457832336",
        "cumulative": false
    },
    {
        "date": "2020-12-08T11:06:57.449Z",
        "value": "0.618114709854126",
        "cumulative": false
    },
    {
        "date": "2020-12-08T11:06:58.788Z",
        "value": "0.5892029404640198",
        "cumulative": false
    },
    {
        "date": "2020-12-08T11:07:01.322Z",
        "value": "0.4636155068874359",
        "cumulative": false
    },
    {
        "date": "2020-12-08T11:07:02.630Z",
        "value": "0.5769292712211609",
        "cumulative": false
    },
    {
        "date": "2020-12-08T11:07:03.982Z",
        "value": "0.7481744885444641",
        "cumulative": false
    },
    {
        "date": "2020-12-08T11:07:05.297Z",
        "value": "0.5129052400588989",
        "cumulative": false
    },
    {
        "date": "2020-12-08T11:07:06.651Z",
        "value": "0.664532482624054",
        "cumulative": false
    },
    {
        "date": "2020-12-08T11:07:07.989Z",
        "value": "0.49855247139930725",
        "cumulative": false
    },
    {
        "date": "2020-12-08T11:07:09.370Z",
        "value": "0.5574144721031189",
        "cumulative": false
    },
    {
        "date": "2020-12-08T11:07:10.702Z",
        "value": "0.6266170740127563",
        "cumulative": false
    },
    {
        "date": "2020-12-08T11:07:13.118Z",
        "value": "0.535554051399231",
        "cumulative": false
    },
    {
        "date": "2020-12-08T11:07:14.578Z",
        "value": "0.4708109498023987",
        "cumulative": false
    },
    {
        "date": "2020-12-08T11:07:15.781Z",
        "value": "0.5613783597946167",
        "cumulative": false
    },
    {
        "date": "2020-12-08T11:07:16.984Z",
        "value": "0.4672527015209198",
        "cumulative": false
    },
    {
        "date": "2020-12-08T11:07:18.237Z",
        "value": "0.5229703187942505",
        "cumulative": false
    },
    {
        "date": "2020-12-08T11:07:19.637Z",
        "value": "0.5042446851730347",
        "cumulative": false
    },
    {
        "date": "2020-12-08T11:07:20.847Z",
        "value": "0.42960625886917114",
        "cumulative": false
    },
    {
        "date": "2020-12-08T11:07:22.060Z",
        "value": "0.6824145317077637",
        "cumulative": false
    },
    {
        "date": "2020-12-08T11:07:24.509Z",
        "value": "0.5255187749862671",
        "cumulative": false
    },
    {
        "date": "2020-12-08T11:07:25.763Z",
        "value": "0.4641188979148865",
        "cumulative": false
    },
    {
        "date": "2020-12-08T11:07:26.965Z",
        "value": "0.4401835799217224",
        "cumulative": false
    },
    {
        "date": "2020-12-08T11:07:28.161Z",
        "value": "0.43111300468444824",
        "cumulative": false
    },
    {
        "date": "2020-12-08T11:07:29.545Z",
        "value": "0.44409799575805664",
        "cumulative": false
    },
    {
        "date": "2020-12-08T11:07:30.842Z",
        "value": "0.6556800007820129",
        "cumulative": false
    },
    {
        "date": "2020-12-08T11:07:32.075Z",
        "value": "0.4320605993270874",
        "cumulative": false
    },
    {
        "date": "2020-12-08T11:07:33.288Z",
        "value": "0.45389798283576965",
        "cumulative": false
    },
    {
        "date": "2020-12-08T11:07:35.739Z",
        "value": "0.4083350896835327",
        "cumulative": false
    },
    {
        "date": "2020-12-08T11:07:36.986Z",
        "value": "0.6210736632347107",
        "cumulative": false
    },
    {
        "date": "2020-12-08T11:07:38.184Z",
        "value": "0.6098753213882446",
        "cumulative": false
    },
    {
        "date": "2020-12-08T11:07:39.515Z",
        "value": "0.5273905992507935",
        "cumulative": false
    },
    {
        "date": "2020-12-08T11:07:40.749Z",
        "value": "0.4491715431213379",
        "cumulative": false
    },
    {
        "date": "2020-12-08T11:07:41.963Z",
        "value": "0.5180892944335938",
        "cumulative": false
    },
    {
        "date": "2020-12-08T11:07:43.149Z",
        "value": "0.4623977839946747",
        "cumulative": false
    },
    {
        "date": "2020-12-08T11:07:44.560Z",
        "value": "0.42841359972953796",
        "cumulative": false
    },
    {
        "date": "2020-12-08T11:07:46.789Z",
        "value": "0.5643609762191772",
        "cumulative": false
    },
    {
        "date": "2020-12-08T11:07:48.088Z",
        "value": "0.34760111570358276",
        "cumulative": false
    },
    {
        "date": "2020-12-08T11:07:49.453Z",
        "value": "0.3813856542110443",
        "cumulative": false
    },
    {
        "date": "2020-12-08T11:07:50.863Z",
        "value": "0.5412734746932983",
        "cumulative": false
    },
    {
        "date": "2020-12-08T11:07:52.317Z",
        "value": "0.5343639850616455",
        "cumulative": false
    },
    {
        "date": "2020-12-08T11:07:53.690Z",
        "value": "0.5473527312278748",
        "cumulative": false
    },
    {
        "date": "2020-12-08T11:07:55.080Z",
        "value": "0.4738193154335022",
        "cumulative": false
    },
    {
        "date": "2020-12-08T11:07:56.466Z",
        "value": "0.5046618580818176",
        "cumulative": false
    },
    {
        "date": "2020-12-08T11:07:59.177Z",
        "value": "0.3698963522911072",
        "cumulative": false
    },
    {
        "date": "2020-12-08T11:08:00.542Z",
        "value": "0.3596063554286957",
        "cumulative": false
    },
    {
        "date": "2020-12-08T11:08:01.892Z",
        "value": "0.4750271141529083",
        "cumulative": false
    },
    {
        "date": "2020-12-08T11:08:03.211Z",
        "value": "0.32193008065223694",
        "cumulative": false
    },
    {
        "date": "2020-12-08T11:08:04.541Z",
        "value": "0.4331029951572418",
        "cumulative": false
    },
    {
        "date": "2020-12-08T11:08:05.864Z",
        "value": "0.5073596835136414",
        "cumulative": false
    },
    {
        "date": "2020-12-08T11:08:07.155Z",
        "value": "0.4605024456977844",
        "cumulative": false
    },
    {
        "date": "2020-12-08T11:08:08.563Z",
        "value": "0.4946861267089844",
        "cumulative": false
    },
    {
        "date": "2020-12-08T11:08:11.225Z",
        "value": "0.4182034134864807",
        "cumulative": false
    },
    {
        "date": "2020-12-08T11:08:12.559Z",
        "value": "0.4884730279445648",
        "cumulative": false
    },
    {
        "date": "2020-12-08T11:08:13.901Z",
        "value": "0.28202587366104126",
        "cumulative": false
    },
    {
        "date": "2020-12-08T11:08:15.246Z",
        "value": "0.5422752499580383",
        "cumulative": false
    },
    {
        "date": "2020-12-08T11:08:16.620Z",
        "value": "0.3355889320373535",
        "cumulative": false
    },
    {
        "date": "2020-12-08T11:08:17.948Z",
        "value": "0.36466240882873535",
        "cumulative": false
    },
    {
        "date": "2020-12-08T11:08:19.332Z",
        "value": "0.2480718493461609",
        "cumulative": false
    },
    {
        "date": "2020-12-08T11:08:20.756Z",
        "value": "0.3938043713569641",
        "cumulative": false
    }
]