[
    {
        "date": "2020-12-08T11:05:47.877Z",
        "value": "52.34375",
        "cumulative": false
    },
    {
        "date": "2020-12-08T11:05:49.265Z",
        "value": "89.0625",
        "cumulative": false
    },
    {
        "date": "2020-12-08T11:05:50.650Z",
        "value": "88.28125",
        "cumulative": false
    },
    {
        "date": "2020-12-08T11:05:52.017Z",
        "value": "87.5",
        "cumulative": false
    },
    {
        "date": "2020-12-08T11:05:53.690Z",
        "value": "92.1875",
        "cumulative": false
    },
    {
        "date": "2020-12-08T11:05:55.002Z",
        "value": "92.1875",
        "cumulative": false
    },
    {
        "date": "2020-12-08T11:05:56.416Z",
        "value": "93.75",
        "cumulative": false
    },
    {
        "date": "2020-12-08T11:05:57.788Z",
        "value": "89.0625",
        "cumulative": false
    },
    {
        "date": "2020-12-08T11:06:00.570Z",
        "value": "93.75",
        "cumulative": false
    },
    {
        "date": "2020-12-08T11:06:01.944Z",
        "value": "95.3125",
        "cumulative": false
    },
    {
        "date": "2020-12-08T11:06:03.271Z",
        "value": "95.3125",
        "cumulative": false
    },
    {
        "date": "2020-12-08T11:06:04.705Z",
        "value": "97.65625",
        "cumulative": false
    },
    {
        "date": "2020-12-08T11:06:06.082Z",
        "value": "94.53125",
        "cumulative": false
    },
    {
        "date": "2020-12-08T11:06:07.538Z",
        "value": "99.21875",
        "cumulative": false
    },
    {
        "date": "2020-12-08T11:06:08.951Z",
        "value": "97.65625",
        "cumulative": false
    },
    {
        "date": "2020-12-08T11:06:10.481Z",
        "value": "96.09375",
        "cumulative": false
    },
    {
        "date": "2020-12-08T11:06:13.355Z",
        "value": "96.875",
        "cumulative": false
    },
    {
        "date": "2020-12-08T11:06:14.798Z",
        "value": "98.4375",
        "cumulative": false
    },
    {
        "date": "2020-12-08T11:06:16.244Z",
        "value": "98.4375",
        "cumulative": false
    },
    {
        "date": "2020-12-08T11:06:17.653Z",
        "value": "99.21875",
        "cumulative": false
    },
    {
        "date": "2020-12-08T11:06:18.975Z",
        "value": "97.65625",
        "cumulative": false
    },
    {
        "date": "2020-12-08T11:06:20.308Z",
        "value": "97.65625",
        "cumulative": false
    },
    {
        "date": "2020-12-08T11:06:21.627Z",
        "value": "97.65625",
        "cumulative": false
    },
    {
        "date": "2020-12-08T11:06:22.871Z",
        "value": "99.21875",
        "cumulative": false
    },
    {
        "date": "2020-12-08T11:06:25.410Z",
        "value": "98.4375",
        "cumulative": false
    },
    {
        "date": "2020-12-08T11:06:26.754Z",
        "value": "100.0",
        "cumulative": false
    },
    {
        "date": "2020-12-08T11:06:27.973Z",
        "value": "97.65625",
        "cumulative": false
    },
    {
        "date": "2020-12-08T11:06:29.219Z",
        "value": "97.65625",
        "cumulative": false
    },
    {
        "date": "2020-12-08T11:06:30.489Z",
        "value": "98.4375",
        "cumulative": false
    },
    {
        "date": "2020-12-08T11:06:31.876Z",
        "value": "99.21875",
        "cumulative": false
    },
    {
        "date": "2020-12-08T11:06:33.157Z",
        "value": "97.65625",
        "cumulative": false
    },
    {
        "date": "2020-12-08T11:06:34.559Z",
        "value": "96.09375",
        "cumulative": false
    },
    {
        "date": "2020-12-08T11:06:37.247Z",
        "value": "99.21875",
        "cumulative": false
    },
    {
        "date": "2020-12-08T11:06:38.593Z",
        "value": "98.4375",
        "cumulative": false
    },
    {
        "date": "2020-12-08T11:06:39.918Z",
        "value": "94.53125",
        "cumulative": false
    },
    {
        "date": "2020-12-08T11:06:41.240Z",
        "value": "99.21875",
        "cumulative": false
    },
    {
        "date": "2020-12-08T11:06:42.533Z",
        "value": "98.4375",
        "cumulative": false
    },
    {
        "date": "2020-12-08T11:06:43.924Z",
        "value": "99.21875",
        "cumulative": false
    },
    {
        "date": "2020-12-08T11:06:45.332Z",
        "value": "99.21875",
        "cumulative": false
    },
    {
        "date": "2020-12-08T11:06:46.683Z",
        "value": "97.65625",
        "cumulative": false
    },
    {
        "date": "2020-12-08T11:06:49.294Z",
        "value": "98.4375",
        "cumulative": false
    },
    {
        "date": "2020-12-08T11:06:50.578Z",
        "value": "99.21875",
        "cumulative": false
    },
    {
        "date": "2020-12-08T11:06:51.936Z",
        "value": "99.21875",
        "cumulative": false
    },
    {
        "date": "2020-12-08T11:06:53.184Z",
        "value": "98.4375",
        "cumulative": false
    },
    {
        "date": "2020-12-08T11:06:54.593Z",
        "value": "98.4375",
        "cumulative": false
    },
    {
        "date": "2020-12-08T11:06:55.923Z",
        "value": "99.21875",
        "cumulative": false
    },
    {
        "date": "2020-12-08T11:06:57.449Z",
        "value": "99.21875",
        "cumulative": false
    },
    {
        "date": "2020-12-08T11:06:58.788Z",
        "value": "99.21875",
        "cumulative": false
    },
    {
        "date": "2020-12-08T11:07:01.322Z",
        "value": "100.0",
        "cumulative": false
    },
    {
        "date": "2020-12-08T11:07:02.630Z",
        "value": "99.21875",
        "cumulative": false
    },
    {
        "date": "2020-12-08T11:07:03.982Z",
        "value": "100.0",
        "cumulative": false
    },
    {
        "date": "2020-12-08T11:07:05.298Z",
        "value": "98.4375",
        "cumulative": false
    },
    {
        "date": "2020-12-08T11:07:06.651Z",
        "value": "99.21875",
        "cumulative": false
    },
    {
        "date": "2020-12-08T11:07:07.989Z",
        "value": "100.0",
        "cumulative": false
    },
    {
        "date": "2020-12-08T11:07:09.370Z",
        "value": "97.65625",
        "cumulative": false
    },
    {
        "date": "2020-12-08T11:07:10.702Z",
        "value": "98.4375",
        "cumulative": false
    },
    {
        "date": "2020-12-08T11:07:13.118Z",
        "value": "100.0",
        "cumulative": false
    },
    {
        "date": "2020-12-08T11:07:14.578Z",
        "value": "99.21875",
        "cumulative": false
    },
    {
        "date": "2020-12-08T11:07:15.781Z",
        "value": "98.4375",
        "cumulative": false
    },
    {
        "date": "2020-12-08T11:07:16.985Z",
        "value": "97.65625",
        "cumulative": false
    },
    {
        "date": "2020-12-08T11:07:18.237Z",
        "value": "99.21875",
        "cumulative": false
    },
    {
        "date": "2020-12-08T11:07:19.637Z",
        "value": "100.0",
        "cumulative": false
    },
    {
        "date": "2020-12-08T11:07:20.847Z",
        "value": "99.21875",
        "cumulative": false
    },
    {
        "date": "2020-12-08T11:07:22.061Z",
        "value": "99.21875",
        "cumulative": false
    },
    {
        "date": "2020-12-08T11:07:24.510Z",
        "value": "99.21875",
        "cumulative": false
    },
    {
        "date": "2020-12-08T11:07:25.763Z",
        "value": "97.65625",
        "cumulative": false
    },
    {
        "date": "2020-12-08T11:07:26.965Z",
        "value": "99.21875",
        "cumulative": false
    },
    {
        "date": "2020-12-08T11:07:28.161Z",
        "value": "99.21875",
        "cumulative": false
    },
    {
        "date": "2020-12-08T11:07:29.545Z",
        "value": "98.4375",
        "cumulative": false
    },
    {
        "date": "2020-12-08T11:07:30.842Z",
        "value": "97.65625",
        "cumulative": false
    },
    {
        "date": "2020-12-08T11:07:32.075Z",
        "value": "99.21875",
        "cumulative": false
    },
    {
        "date": "2020-12-08T11:07:33.288Z",
        "value": "100.0",
        "cumulative": false
    },
    {
        "date": "2020-12-08T11:07:35.739Z",
        "value": "99.21875",
        "cumulative": false
    },
    {
        "date": "2020-12-08T11:07:36.987Z",
        "value": "98.4375",
        "cumulative": false
    },
    {
        "date": "2020-12-08T11:07:38.184Z",
        "value": "100.0",
        "cumulative": false
    },
    {
        "date": "2020-12-08T11:07:39.515Z",
        "value": "99.21875",
        "cumulative": false
    },
    {
        "date": "2020-12-08T11:07:40.750Z",
        "value": "100.0",
        "cumulative": false
    },
    {
        "date": "2020-12-08T11:07:41.963Z",
        "value": "97.65625",
        "cumulative": false
    },
    {
        "date": "2020-12-08T11:07:43.150Z",
        "value": "100.0",
        "cumulative": false
    },
    {
        "date": "2020-12-08T11:07:44.561Z",
        "value": "99.21875",
        "cumulative": false
    },
    {
        "date": "2020-12-08T11:07:46.789Z",
        "value": "99.21875",
        "cumulative": false
    },
    {
        "date": "2020-12-08T11:07:48.088Z",
        "value": "100.0",
        "cumulative": false
    },
    {
        "date": "2020-12-08T11:07:49.453Z",
        "value": "99.21875",
        "cumulative": false
    },
    {
        "date": "2020-12-08T11:07:50.864Z",
        "value": "100.0",
        "cumulative": false
    },
    {
        "date": "2020-12-08T11:07:52.317Z",
        "value": "98.4375",
        "cumulative": false
    },
    {
        "date": "2020-12-08T11:07:53.691Z",
        "value": "98.4375",
        "cumulative": false
    },
    {
        "date": "2020-12-08T11:07:55.081Z",
        "value": "98.4375",
        "cumulative": false
    },
    {
        "date": "2020-12-08T11:07:56.466Z",
        "value": "98.4375",
        "cumulative": false
    },
    {
        "date": "2020-12-08T11:07:59.177Z",
        "value": "100.0",
        "cumulative": false
    },
    {
        "date": "2020-12-08T11:08:00.542Z",
        "value": "100.0",
        "cumulative": false
    },
    {
        "date": "2020-12-08T11:08:01.893Z",
        "value": "98.4375",
        "cumulative": false
    },
    {
        "date": "2020-12-08T11:08:03.211Z",
        "value": "99.21875",
        "cumulative": false
    },
    {
        "date": "2020-12-08T11:08:04.542Z",
        "value": "99.21875",
        "cumulative": false
    },
    {
        "date": "2020-12-08T11:08:05.864Z",
        "value": "100.0",
        "cumulative": false
    },
    {
        "date": "2020-12-08T11:08:07.155Z",
        "value": "99.21875",
        "cumulative": false
    },
    {
        "date": "2020-12-08T11:08:08.563Z",
        "value": "98.4375",
        "cumulative": false
    },
    {
        "date": "2020-12-08T11:08:11.225Z",
        "value": "99.21875",
        "cumulative": false
    },
    {
        "date": "2020-12-08T11:08:12.559Z",
        "value": "98.4375",
        "cumulative": false
    },
    {
        "date": "2020-12-08T11:08:13.901Z",
        "value": "100.0",
        "cumulative": false
    },
    {
        "date": "2020-12-08T11:08:15.246Z",
        "value": "98.4375",
        "cumulative": false
    },
    {
        "date": "2020-12-08T11:08:16.620Z",
        "value": "100.0",
        "cumulative": false
    },
    {
        "date": "2020-12-08T11:08:17.948Z",
        "value": "99.21875",
        "cumulative": false
    },
    {
        "date": "2020-12-08T11:08:19.332Z",
        "value": "100.0",
        "cumulative": false
    },
    {
        "date": "2020-12-08T11:08:20.757Z",
        "value": "100.0",
        "cumulative": false
    }
]