[
    {
        "date": "2020-12-08T11:05:47.877Z",
        "value": "10.9375",
        "cumulative": false
    },
    {
        "date": "2020-12-08T11:05:49.262Z",
        "value": "28.90625",
        "cumulative": false
    },
    {
        "date": "2020-12-08T11:05:50.650Z",
        "value": "31.25",
        "cumulative": false
    },
    {
        "date": "2020-12-08T11:05:52.017Z",
        "value": "28.125",
        "cumulative": false
    },
    {
        "date": "2020-12-08T11:05:53.690Z",
        "value": "41.40625",
        "cumulative": false
    },
    {
        "date": "2020-12-08T11:05:55.002Z",
        "value": "46.09375",
        "cumulative": false
    },
    {
        "date": "2020-12-08T11:05:56.416Z",
        "value": "46.875",
        "cumulative": false
    },
    {
        "date": "2020-12-08T11:05:57.788Z",
        "value": "51.5625",
        "cumulative": false
    },
    {
        "date": "2020-12-08T11:06:00.570Z",
        "value": "56.25",
        "cumulative": false
    },
    {
        "date": "2020-12-08T11:06:01.944Z",
        "value": "55.46875",
        "cumulative": false
    },
    {
        "date": "2020-12-08T11:06:03.271Z",
        "value": "54.6875",
        "cumulative": false
    },
    {
        "date": "2020-12-08T11:06:04.705Z",
        "value": "58.59375",
        "cumulative": false
    },
    {
        "date": "2020-12-08T11:06:06.082Z",
        "value": "54.6875",
        "cumulative": false
    },
    {
        "date": "2020-12-08T11:06:07.538Z",
        "value": "60.9375",
        "cumulative": false
    },
    {
        "date": "2020-12-08T11:06:08.951Z",
        "value": "71.09375",
        "cumulative": false
    },
    {
        "date": "2020-12-08T11:06:10.481Z",
        "value": "69.53125",
        "cumulative": false
    },
    {
        "date": "2020-12-08T11:06:13.355Z",
        "value": "64.84375",
        "cumulative": false
    },
    {
        "date": "2020-12-08T11:06:14.798Z",
        "value": "69.53125",
        "cumulative": false
    },
    {
        "date": "2020-12-08T11:06:16.244Z",
        "value": "65.625",
        "cumulative": false
    },
    {
        "date": "2020-12-08T11:06:17.653Z",
        "value": "74.21875",
        "cumulative": false
    },
    {
        "date": "2020-12-08T11:06:18.975Z",
        "value": "70.3125",
        "cumulative": false
    },
    {
        "date": "2020-12-08T11:06:20.308Z",
        "value": "80.46875",
        "cumulative": false
    },
    {
        "date": "2020-12-08T11:06:21.627Z",
        "value": "71.875",
        "cumulative": false
    },
    {
        "date": "2020-12-08T11:06:22.871Z",
        "value": "73.4375",
        "cumulative": false
    },
    {
        "date": "2020-12-08T11:06:25.410Z",
        "value": "71.09375",
        "cumulative": false
    },
    {
        "date": "2020-12-08T11:06:26.754Z",
        "value": "70.3125",
        "cumulative": false
    },
    {
        "date": "2020-12-08T11:06:27.973Z",
        "value": "60.9375",
        "cumulative": false
    },
    {
        "date": "2020-12-08T11:06:29.219Z",
        "value": "70.3125",
        "cumulative": false
    },
    {
        "date": "2020-12-08T11:06:30.489Z",
        "value": "68.75",
        "cumulative": false
    },
    {
        "date": "2020-12-08T11:06:31.876Z",
        "value": "81.25",
        "cumulative": false
    },
    {
        "date": "2020-12-08T11:06:33.157Z",
        "value": "75.78125",
        "cumulative": false
    },
    {
        "date": "2020-12-08T11:06:34.559Z",
        "value": "70.3125",
        "cumulative": false
    },
    {
        "date": "2020-12-08T11:06:37.247Z",
        "value": "73.4375",
        "cumulative": false
    },
    {
        "date": "2020-12-08T11:06:38.592Z",
        "value": "79.6875",
        "cumulative": false
    },
    {
        "date": "2020-12-08T11:06:39.918Z",
        "value": "69.53125",
        "cumulative": false
    },
    {
        "date": "2020-12-08T11:06:41.240Z",
        "value": "73.4375",
        "cumulative": false
    },
    {
        "date": "2020-12-08T11:06:42.532Z",
        "value": "84.375",
        "cumulative": false
    },
    {
        "date": "2020-12-08T11:06:43.924Z",
        "value": "78.90625",
        "cumulative": false
    },
    {
        "date": "2020-12-08T11:06:45.332Z",
        "value": "77.34375",
        "cumulative": false
    },
    {
        "date": "2020-12-08T11:06:46.683Z",
        "value": "71.09375",
        "cumulative": false
    },
    {
        "date": "2020-12-08T11:06:49.294Z",
        "value": "79.6875",
        "cumulative": false
    },
    {
        "date": "2020-12-08T11:06:50.578Z",
        "value": "79.6875",
        "cumulative": false
    },
    {
        "date": "2020-12-08T11:06:51.936Z",
        "value": "82.8125",
        "cumulative": false
    },
    {
        "date": "2020-12-08T11:06:53.184Z",
        "value": "85.9375",
        "cumulative": false
    },
    {
        "date": "2020-12-08T11:06:54.592Z",
        "value": "73.4375",
        "cumulative": false
    },
    {
        "date": "2020-12-08T11:06:55.923Z",
        "value": "79.6875",
        "cumulative": false
    },
    {
        "date": "2020-12-08T11:06:57.449Z",
        "value": "76.5625",
        "cumulative": false
    },
    {
        "date": "2020-12-08T11:06:58.788Z",
        "value": "78.125",
        "cumulative": false
    },
    {
        "date": "2020-12-08T11:07:01.322Z",
        "value": "83.59375",
        "cumulative": false
    },
    {
        "date": "2020-12-08T11:07:02.630Z",
        "value": "81.25",
        "cumulative": false
    },
    {
        "date": "2020-12-08T11:07:03.982Z",
        "value": "71.875",
        "cumulative": false
    },
    {
        "date": "2020-12-08T11:07:05.298Z",
        "value": "83.59375",
        "cumulative": false
    },
    {
        "date": "2020-12-08T11:07:06.651Z",
        "value": "75.0",
        "cumulative": false
    },
    {
        "date": "2020-12-08T11:07:07.989Z",
        "value": "83.59375",
        "cumulative": false
    },
    {
        "date": "2020-12-08T11:07:09.370Z",
        "value": "81.25",
        "cumulative": false
    },
    {
        "date": "2020-12-08T11:07:10.702Z",
        "value": "78.90625",
        "cumulative": false
    },
    {
        "date": "2020-12-08T11:07:13.118Z",
        "value": "82.03125",
        "cumulative": false
    },
    {
        "date": "2020-12-08T11:07:14.578Z",
        "value": "85.15625",
        "cumulative": false
    },
    {
        "date": "2020-12-08T11:07:15.781Z",
        "value": "78.125",
        "cumulative": false
    },
    {
        "date": "2020-12-08T11:07:16.985Z",
        "value": "84.375",
        "cumulative": false
    },
    {
        "date": "2020-12-08T11:07:18.237Z",
        "value": "83.59375",
        "cumulative": false
    },
    {
        "date": "2020-12-08T11:07:19.637Z",
        "value": "80.46875",
        "cumulative": false
    },
    {
        "date": "2020-12-08T11:07:20.847Z",
        "value": "82.8125",
        "cumulative": false
    },
    {
        "date": "2020-12-08T11:07:22.061Z",
        "value": "73.4375",
        "cumulative": false
    },
    {
        "date": "2020-12-08T11:07:24.510Z",
        "value": "80.46875",
        "cumulative": false
    },
    {
        "date": "2020-12-08T11:07:25.763Z",
        "value": "88.28125",
        "cumulative": false
    },
    {
        "date": "2020-12-08T11:07:26.965Z",
        "value": "85.15625",
        "cumulative": false
    },
    {
        "date": "2020-12-08T11:07:28.161Z",
        "value": "82.03125",
        "cumulative": false
    },
    {
        "date": "2020-12-08T11:07:29.545Z",
        "value": "87.5",
        "cumulative": false
    },
    {
        "date": "2020-12-08T11:07:30.842Z",
        "value": "81.25",
        "cumulative": false
    },
    {
        "date": "2020-12-08T11:07:32.075Z",
        "value": "82.8125",
        "cumulative": false
    },
    {
        "date": "2020-12-08T11:07:33.288Z",
        "value": "83.59375",
        "cumulative": false
    },
    {
        "date": "2020-12-08T11:07:35.739Z",
        "value": "85.9375",
        "cumulative": false
    },
    {
        "date": "2020-12-08T11:07:36.987Z",
        "value": "81.25",
        "cumulative": false
    },
    {
        "date": "2020-12-08T11:07:38.184Z",
        "value": "82.8125",
        "cumulative": false
    },
    {
        "date": "2020-12-08T11:07:39.515Z",
        "value": "82.8125",
        "cumulative": false
    },
    {
        "date": "2020-12-08T11:07:40.749Z",
        "value": "82.03125",
        "cumulative": false
    },
    {
        "date": "2020-12-08T11:07:41.963Z",
        "value": "78.90625",
        "cumulative": false
    },
    {
        "date": "2020-12-08T11:07:43.150Z",
        "value": "85.9375",
        "cumulative": false
    },
    {
        "date": "2020-12-08T11:07:44.561Z",
        "value": "85.9375",
        "cumulative": false
    },
    {
        "date": "2020-12-08T11:07:46.789Z",
        "value": "79.6875",
        "cumulative": false
    },
    {
        "date": "2020-12-08T11:07:48.088Z",
        "value": "87.5",
        "cumulative": false
    },
    {
        "date": "2020-12-08T11:07:49.453Z",
        "value": "91.40625",
        "cumulative": false
    },
    {
        "date": "2020-12-08T11:07:50.864Z",
        "value": "82.8125",
        "cumulative": false
    },
    {
        "date": "2020-12-08T11:07:52.317Z",
        "value": "84.375",
        "cumulative": false
    },
    {
        "date": "2020-12-08T11:07:53.690Z",
        "value": "82.03125",
        "cumulative": false
    },
    {
        "date": "2020-12-08T11:07:55.081Z",
        "value": "82.03125",
        "cumulative": false
    },
    {
        "date": "2020-12-08T11:07:56.466Z",
        "value": "81.25",
        "cumulative": false
    },
    {
        "date": "2020-12-08T11:07:59.177Z",
        "value": "85.9375",
        "cumulative": false
    },
    {
        "date": "2020-12-08T11:08:00.542Z",
        "value": "87.5",
        "cumulative": false
    },
    {
        "date": "2020-12-08T11:08:01.892Z",
        "value": "82.03125",
        "cumulative": false
    },
    {
        "date": "2020-12-08T11:08:03.211Z",
        "value": "89.84375",
        "cumulative": false
    },
    {
        "date": "2020-12-08T11:08:04.541Z",
        "value": "83.59375",
        "cumulative": false
    },
    {
        "date": "2020-12-08T11:08:05.864Z",
        "value": "82.03125",
        "cumulative": false
    },
    {
        "date": "2020-12-08T11:08:07.155Z",
        "value": "82.8125",
        "cumulative": false
    },
    {
        "date": "2020-12-08T11:08:08.563Z",
        "value": "82.03125",
        "cumulative": false
    },
    {
        "date": "2020-12-08T11:08:11.225Z",
        "value": "82.8125",
        "cumulative": false
    },
    {
        "date": "2020-12-08T11:08:12.559Z",
        "value": "83.59375",
        "cumulative": false
    },
    {
        "date": "2020-12-08T11:08:13.901Z",
        "value": "89.84375",
        "cumulative": false
    },
    {
        "date": "2020-12-08T11:08:15.246Z",
        "value": "79.6875",
        "cumulative": false
    },
    {
        "date": "2020-12-08T11:08:16.620Z",
        "value": "88.28125",
        "cumulative": false
    },
    {
        "date": "2020-12-08T11:08:17.948Z",
        "value": "85.9375",
        "cumulative": false
    },
    {
        "date": "2020-12-08T11:08:19.332Z",
        "value": "92.1875",
        "cumulative": false
    },
    {
        "date": "2020-12-08T11:08:20.757Z",
        "value": "86.71875",
        "cumulative": false
    }
]