[
    {
        "date": "2020-12-08T11:05:58.916Z",
        "value": "6.173151254653931",
        "cumulative": false
    },
    {
        "date": "2020-12-08T11:06:11.843Z",
        "value": "6.253136157989502",
        "cumulative": false
    },
    {
        "date": "2020-12-08T11:06:23.923Z",
        "value": "5.641355752944946",
        "cumulative": false
    },
    {
        "date": "2020-12-08T11:06:35.678Z",
        "value": "5.38364052772522",
        "cumulative": false
    },
    {
        "date": "2020-12-08T11:06:47.700Z",
        "value": "5.3960747718811035",
        "cumulative": false
    },
    {
        "date": "2020-12-08T11:06:59.834Z",
        "value": "5.638283014297485",
        "cumulative": false
    },
    {
        "date": "2020-12-08T11:07:11.791Z",
        "value": "5.496933221817017",
        "cumulative": false
    },
    {
        "date": "2020-12-08T11:07:23.040Z",
        "value": "5.372539043426514",
        "cumulative": false
    },
    {
        "date": "2020-12-08T11:07:34.417Z",
        "value": "5.339352607727051",
        "cumulative": false
    },
    {
        "date": "2020-12-08T11:07:45.581Z",
        "value": "5.208572864532471",
        "cumulative": false
    },
    {
        "date": "2020-12-08T11:07:57.589Z",
        "value": "5.952027082443237",
        "cumulative": false
    },
    {
        "date": "2020-12-08T11:08:09.669Z",
        "value": "5.765043020248413",
        "cumulative": false
    },
    {
        "date": "2020-12-08T11:08:21.826Z",
        "value": "5.930412530899048",
        "cumulative": false
    }
]