[
    {
        "date": "2020-12-08T11:05:36Z",
        "value": "0.377213035",
        "cumulative": false
    },
    {
        "date": "2020-12-08T11:05:59Z",
        "value": "2.138108196",
        "cumulative": false
    },
    {
        "date": "2020-12-08T11:06:15Z",
        "value": "2.02671247",
        "cumulative": false
    },
    {
        "date": "2020-12-08T11:06:30Z",
        "value": "2.288403203",
        "cumulative": false
    },
    {
        "date": "2020-12-08T11:06:43Z",
        "value": "2.238229454",
        "cumulative": false
    },
    {
        "date": "2020-12-08T11:07:01Z",
        "value": "2.19097855",
        "cumulative": false
    },
    {
        "date": "2020-12-08T11:07:15Z",
        "value": "2.248564583",
        "cumulative": false
    },
    {
        "date": "2020-12-08T11:07:33Z",
        "value": "2.36005966",
        "cumulative": false
    },
    {
        "date": "2020-12-08T11:07:51Z",
        "value": "2.268903715",
        "cumulative": false
    },
    {
        "date": "2020-12-08T11:08:04Z",
        "value": "2.095279837",
        "cumulative": false
    },
    {
        "date": "2020-12-08T11:08:20Z",
        "value": "2.144878334",
        "cumulative": false
    }
]