[
    {
        "date": "2020-12-08T11:11:06.881Z",
        "value": "0.008554220199584961",
        "cumulative": false
    },
    {
        "date": "2020-12-08T11:11:09.747Z",
        "value": "0.009005069732666016",
        "cumulative": false
    },
    {
        "date": "2020-12-08T11:11:12.659Z",
        "value": "0.00847172737121582",
        "cumulative": false
    },
    {
        "date": "2020-12-08T11:11:15.625Z",
        "value": "0.008403778076171875",
        "cumulative": false
    },
    {
        "date": "2020-12-08T11:11:18.634Z",
        "value": "0.008602619171142578",
        "cumulative": false
    },
    {
        "date": "2020-12-08T11:11:21.635Z",
        "value": "0.008910417556762695",
        "cumulative": false
    },
    {
        "date": "2020-12-08T11:11:24.539Z",
        "value": "0.008478403091430664",
        "cumulative": false
    },
    {
        "date": "2020-12-08T11:11:27.418Z",
        "value": "0.00854182243347168",
        "cumulative": false
    },
    {
        "date": "2020-12-08T11:11:30.323Z",
        "value": "0.009041309356689453",
        "cumulative": false
    },
    {
        "date": "2020-12-08T11:11:33.256Z",
        "value": "0.00906991958618164",
        "cumulative": false
    },
    {
        "date": "2020-12-08T11:11:36.167Z",
        "value": "0.007955551147460938",
        "cumulative": false
    },
    {
        "date": "2020-12-08T11:11:39.056Z",
        "value": "0.010750293731689453",
        "cumulative": false
    },
    {
        "date": "2020-12-08T11:11:41.949Z",
        "value": "0.008866548538208008",
        "cumulative": false
    },
    {
        "date": "2020-12-08T11:11:44.815Z",
        "value": "0.009165287017822266",
        "cumulative": false
    },
    {
        "date": "2020-12-08T11:11:47.647Z",
        "value": "0.00797271728515625",
        "cumulative": false
    },
    {
        "date": "2020-12-08T11:11:50.609Z",
        "value": "0.008634805679321289",
        "cumulative": false
    },
    {
        "date": "2020-12-08T11:11:53.513Z",
        "value": "0.008465290069580078",
        "cumulative": false
    }
]