[
    {
        "date": "2020-12-08T11:11:06.892Z",
        "value": "2.6530284881591797",
        "cumulative": false
    },
    {
        "date": "2020-12-08T11:11:09.748Z",
        "value": "0.5634863376617432",
        "cumulative": false
    },
    {
        "date": "2020-12-08T11:11:12.658Z",
        "value": "0.6069345474243164",
        "cumulative": false
    },
    {
        "date": "2020-12-08T11:11:15.632Z",
        "value": "0.626821756362915",
        "cumulative": false
    },
    {
        "date": "2020-12-08T11:11:18.638Z",
        "value": "0.5782718658447266",
        "cumulative": false
    },
    {
        "date": "2020-12-08T11:11:21.632Z",
        "value": "0.6119539737701416",
        "cumulative": false
    },
    {
        "date": "2020-12-08T11:11:24.538Z",
        "value": "0.616748571395874",
        "cumulative": false
    },
    {
        "date": "2020-12-08T11:11:27.411Z",
        "value": "0.5513248443603516",
        "cumulative": false
    },
    {
        "date": "2020-12-08T11:11:30.333Z",
        "value": "0.5845680236816406",
        "cumulative": false
    },
    {
        "date": "2020-12-08T11:11:33.253Z",
        "value": "0.5712816715240479",
        "cumulative": false
    },
    {
        "date": "2020-12-08T11:11:36.161Z",
        "value": "0.5889794826507568",
        "cumulative": false
    },
    {
        "date": "2020-12-08T11:11:39.058Z",
        "value": "0.553095817565918",
        "cumulative": false
    },
    {
        "date": "2020-12-08T11:11:41.947Z",
        "value": "0.5852630138397217",
        "cumulative": false
    },
    {
        "date": "2020-12-08T11:11:44.812Z",
        "value": "0.5825433731079102",
        "cumulative": false
    },
    {
        "date": "2020-12-08T11:11:47.646Z",
        "value": "0.5382177829742432",
        "cumulative": false
    },
    {
        "date": "2020-12-08T11:11:50.602Z",
        "value": "0.5950555801391602",
        "cumulative": false
    },
    {
        "date": "2020-12-08T11:11:53.510Z",
        "value": "0.5571920871734619",
        "cumulative": false
    }
]