[
    {
        "date": "2020-12-08T11:11:06.892Z",
        "value": "0.10177254676818848",
        "cumulative": false
    },
    {
        "date": "2020-12-08T11:11:09.748Z",
        "value": "0.10527396202087402",
        "cumulative": false
    },
    {
        "date": "2020-12-08T11:11:12.658Z",
        "value": "0.10129547119140625",
        "cumulative": false
    },
    {
        "date": "2020-12-08T11:11:15.632Z",
        "value": "0.10805702209472656",
        "cumulative": false
    },
    {
        "date": "2020-12-08T11:11:18.638Z",
        "value": "0.09564876556396484",
        "cumulative": false
    },
    {
        "date": "2020-12-08T11:11:21.632Z",
        "value": "0.10969328880310059",
        "cumulative": false
    },
    {
        "date": "2020-12-08T11:11:24.538Z",
        "value": "0.095550537109375",
        "cumulative": false
    },
    {
        "date": "2020-12-08T11:11:27.411Z",
        "value": "0.10431504249572754",
        "cumulative": false
    },
    {
        "date": "2020-12-08T11:11:30.333Z",
        "value": "0.09991335868835449",
        "cumulative": false
    },
    {
        "date": "2020-12-08T11:11:33.253Z",
        "value": "0.09917998313903809",
        "cumulative": false
    },
    {
        "date": "2020-12-08T11:11:36.161Z",
        "value": "0.09756684303283691",
        "cumulative": false
    },
    {
        "date": "2020-12-08T11:11:39.058Z",
        "value": "0.10709691047668457",
        "cumulative": false
    },
    {
        "date": "2020-12-08T11:11:41.947Z",
        "value": "0.10339665412902832",
        "cumulative": false
    },
    {
        "date": "2020-12-08T11:11:44.812Z",
        "value": "0.1001439094543457",
        "cumulative": false
    },
    {
        "date": "2020-12-08T11:11:47.646Z",
        "value": "0.10057735443115234",
        "cumulative": false
    },
    {
        "date": "2020-12-08T11:11:50.602Z",
        "value": "0.09621381759643555",
        "cumulative": false
    },
    {
        "date": "2020-12-08T11:11:53.510Z",
        "value": "0.10179924964904785",
        "cumulative": false
    }
]