[
    {
        "date": "2020-12-08T11:11:06.895Z",
        "value": "0.009330034255981445",
        "cumulative": false
    },
    {
        "date": "2020-12-08T11:11:09.756Z",
        "value": "0.008713483810424805",
        "cumulative": false
    },
    {
        "date": "2020-12-08T11:11:12.668Z",
        "value": "0.009542703628540039",
        "cumulative": false
    },
    {
        "date": "2020-12-08T11:11:15.633Z",
        "value": "0.009735107421875",
        "cumulative": false
    },
    {
        "date": "2020-12-08T11:11:18.641Z",
        "value": "0.009903669357299805",
        "cumulative": false
    },
    {
        "date": "2020-12-08T11:11:21.643Z",
        "value": "0.009782552719116211",
        "cumulative": false
    },
    {
        "date": "2020-12-08T11:11:24.549Z",
        "value": "0.009199380874633789",
        "cumulative": false
    },
    {
        "date": "2020-12-08T11:11:27.413Z",
        "value": "0.009516716003417969",
        "cumulative": false
    },
    {
        "date": "2020-12-08T11:11:30.340Z",
        "value": "0.010439395904541016",
        "cumulative": false
    },
    {
        "date": "2020-12-08T11:11:33.265Z",
        "value": "0.009205818176269531",
        "cumulative": false
    },
    {
        "date": "2020-12-08T11:11:36.167Z",
        "value": "0.009500741958618164",
        "cumulative": false
    },
    {
        "date": "2020-12-08T11:11:39.056Z",
        "value": "0.008205413818359375",
        "cumulative": false
    },
    {
        "date": "2020-12-08T11:11:41.951Z",
        "value": "0.008768081665039062",
        "cumulative": false
    },
    {
        "date": "2020-12-08T11:11:44.826Z",
        "value": "0.008906126022338867",
        "cumulative": false
    },
    {
        "date": "2020-12-08T11:11:47.652Z",
        "value": "0.009151220321655273",
        "cumulative": false
    },
    {
        "date": "2020-12-08T11:11:50.616Z",
        "value": "0.009090662002563477",
        "cumulative": false
    },
    {
        "date": "2020-12-08T11:11:53.516Z",
        "value": "0.009030580520629883",
        "cumulative": false
    }
]