[
    {
        "date": "2020-12-08T11:11:06.890Z",
        "value": "1.4064643383026123",
        "cumulative": false
    },
    {
        "date": "2020-12-08T11:11:09.747Z",
        "value": "1.3480281829833984",
        "cumulative": false
    },
    {
        "date": "2020-12-08T11:11:12.668Z",
        "value": "1.3521714210510254",
        "cumulative": false
    },
    {
        "date": "2020-12-08T11:11:15.629Z",
        "value": "1.3592486381530762",
        "cumulative": false
    },
    {
        "date": "2020-12-08T11:11:18.644Z",
        "value": "1.4446995258331299",
        "cumulative": false
    },
    {
        "date": "2020-12-08T11:11:21.638Z",
        "value": "1.3865249156951904",
        "cumulative": false
    },
    {
        "date": "2020-12-08T11:11:24.549Z",
        "value": "1.3430800437927246",
        "cumulative": false
    },
    {
        "date": "2020-12-08T11:11:27.412Z",
        "value": "1.3753643035888672",
        "cumulative": false
    },
    {
        "date": "2020-12-08T11:11:30.325Z",
        "value": "1.341672658920288",
        "cumulative": false
    },
    {
        "date": "2020-12-08T11:11:33.261Z",
        "value": "1.366999626159668",
        "cumulative": false
    },
    {
        "date": "2020-12-08T11:11:36.165Z",
        "value": "1.3480825424194336",
        "cumulative": false
    },
    {
        "date": "2020-12-08T11:11:39.065Z",
        "value": "1.3903388977050781",
        "cumulative": false
    },
    {
        "date": "2020-12-08T11:11:41.948Z",
        "value": "1.3310048580169678",
        "cumulative": false
    },
    {
        "date": "2020-12-08T11:11:44.819Z",
        "value": "1.3536171913146973",
        "cumulative": false
    },
    {
        "date": "2020-12-08T11:11:47.654Z",
        "value": "1.3432276248931885",
        "cumulative": false
    },
    {
        "date": "2020-12-08T11:11:50.601Z",
        "value": "1.39919114112854",
        "cumulative": false
    },
    {
        "date": "2020-12-08T11:11:53.514Z",
        "value": "1.3932464122772217",
        "cumulative": false
    }
]