[
    {
        "date": "2020-12-08T11:11:06.890Z",
        "value": "2.8224096298217773",
        "cumulative": false
    },
    {
        "date": "2020-12-08T11:11:09.747Z",
        "value": "0.5308423042297363",
        "cumulative": false
    },
    {
        "date": "2020-12-08T11:11:12.668Z",
        "value": "0.5698473453521729",
        "cumulative": false
    },
    {
        "date": "2020-12-08T11:11:15.629Z",
        "value": "0.5985121726989746",
        "cumulative": false
    },
    {
        "date": "2020-12-08T11:11:18.644Z",
        "value": "0.5553531646728516",
        "cumulative": false
    },
    {
        "date": "2020-12-08T11:11:21.638Z",
        "value": "0.5584399700164795",
        "cumulative": false
    },
    {
        "date": "2020-12-08T11:11:24.549Z",
        "value": "0.5629847049713135",
        "cumulative": false
    },
    {
        "date": "2020-12-08T11:11:27.412Z",
        "value": "0.5086815357208252",
        "cumulative": false
    },
    {
        "date": "2020-12-08T11:11:30.325Z",
        "value": "0.565542459487915",
        "cumulative": false
    },
    {
        "date": "2020-12-08T11:11:33.261Z",
        "value": "0.579582691192627",
        "cumulative": false
    },
    {
        "date": "2020-12-08T11:11:36.165Z",
        "value": "0.5570063591003418",
        "cumulative": false
    },
    {
        "date": "2020-12-08T11:11:39.065Z",
        "value": "0.5620071887969971",
        "cumulative": false
    },
    {
        "date": "2020-12-08T11:11:41.948Z",
        "value": "0.5432450771331787",
        "cumulative": false
    },
    {
        "date": "2020-12-08T11:11:44.819Z",
        "value": "0.5399987697601318",
        "cumulative": false
    },
    {
        "date": "2020-12-08T11:11:47.654Z",
        "value": "0.5209131240844727",
        "cumulative": false
    },
    {
        "date": "2020-12-08T11:11:50.601Z",
        "value": "0.55519700050354",
        "cumulative": false
    },
    {
        "date": "2020-12-08T11:11:53.514Z",
        "value": "0.5291030406951904",
        "cumulative": false
    }
]