[
    {
        "date": "2020-12-08T11:11:06.893Z",
        "value": "0.0001354217529296875",
        "cumulative": false
    },
    {
        "date": "2020-12-08T11:11:09.753Z",
        "value": "0.000110626220703125",
        "cumulative": false
    },
    {
        "date": "2020-12-08T11:11:12.676Z",
        "value": "0.00010609626770019531",
        "cumulative": false
    },
    {
        "date": "2020-12-08T11:11:15.645Z",
        "value": "0.00011754035949707031",
        "cumulative": false
    },
    {
        "date": "2020-12-08T11:11:18.654Z",
        "value": "0.00011515617370605469",
        "cumulative": false
    },
    {
        "date": "2020-12-08T11:11:21.650Z",
        "value": "0.0001285076141357422",
        "cumulative": false
    },
    {
        "date": "2020-12-08T11:11:24.551Z",
        "value": "0.00011515617370605469",
        "cumulative": false
    },
    {
        "date": "2020-12-08T11:11:27.421Z",
        "value": "0.00013375282287597656",
        "cumulative": false
    },
    {
        "date": "2020-12-08T11:11:30.329Z",
        "value": "0.00016355514526367188",
        "cumulative": false
    },
    {
        "date": "2020-12-08T11:11:33.269Z",
        "value": "0.00013947486877441406",
        "cumulative": false
    },
    {
        "date": "2020-12-08T11:11:36.182Z",
        "value": "0.00014209747314453125",
        "cumulative": false
    },
    {
        "date": "2020-12-08T11:11:39.060Z",
        "value": "0.00013256072998046875",
        "cumulative": false
    },
    {
        "date": "2020-12-08T11:11:41.957Z",
        "value": "0.0001270771026611328",
        "cumulative": false
    },
    {
        "date": "2020-12-08T11:11:44.828Z",
        "value": "0.00014472007751464844",
        "cumulative": false
    },
    {
        "date": "2020-12-08T11:11:47.658Z",
        "value": "0.00012564659118652344",
        "cumulative": false
    },
    {
        "date": "2020-12-08T11:11:50.611Z",
        "value": "0.00012230873107910156",
        "cumulative": false
    },
    {
        "date": "2020-12-08T11:11:53.523Z",
        "value": "0.0001327991485595703",
        "cumulative": false
    }
]