[
    {
        "date": "2020-12-08T11:11:06.890Z",
        "value": "0.028375864028930664",
        "cumulative": false
    },
    {
        "date": "2020-12-08T11:11:09.744Z",
        "value": "0.02887725830078125",
        "cumulative": false
    },
    {
        "date": "2020-12-08T11:11:12.667Z",
        "value": "0.02962970733642578",
        "cumulative": false
    },
    {
        "date": "2020-12-08T11:11:15.634Z",
        "value": "0.03090071678161621",
        "cumulative": false
    },
    {
        "date": "2020-12-08T11:11:18.635Z",
        "value": "0.029553890228271484",
        "cumulative": false
    },
    {
        "date": "2020-12-08T11:11:21.638Z",
        "value": "0.0296018123626709",
        "cumulative": false
    },
    {
        "date": "2020-12-08T11:11:24.545Z",
        "value": "0.027858257293701172",
        "cumulative": false
    },
    {
        "date": "2020-12-08T11:11:27.412Z",
        "value": "0.030205488204956055",
        "cumulative": false
    },
    {
        "date": "2020-12-08T11:11:30.327Z",
        "value": "0.028793811798095703",
        "cumulative": false
    },
    {
        "date": "2020-12-08T11:11:33.263Z",
        "value": "0.02891087532043457",
        "cumulative": false
    },
    {
        "date": "2020-12-08T11:11:36.167Z",
        "value": "0.029952287673950195",
        "cumulative": false
    },
    {
        "date": "2020-12-08T11:11:39.052Z",
        "value": "0.02710723876953125",
        "cumulative": false
    },
    {
        "date": "2020-12-08T11:11:41.945Z",
        "value": "0.02777838706970215",
        "cumulative": false
    },
    {
        "date": "2020-12-08T11:11:44.814Z",
        "value": "0.030436277389526367",
        "cumulative": false
    },
    {
        "date": "2020-12-08T11:11:47.647Z",
        "value": "0.028859376907348633",
        "cumulative": false
    },
    {
        "date": "2020-12-08T11:11:50.607Z",
        "value": "0.028076887130737305",
        "cumulative": false
    },
    {
        "date": "2020-12-08T11:11:53.517Z",
        "value": "0.029225587844848633",
        "cumulative": false
    }
]