[
    {
        "date": "2020-12-08T11:11:06.881Z",
        "value": "4.621923446655273",
        "cumulative": false
    },
    {
        "date": "2020-12-08T11:11:09.747Z",
        "value": "2.283442735671997",
        "cumulative": false
    },
    {
        "date": "2020-12-08T11:11:12.659Z",
        "value": "2.3303425312042236",
        "cumulative": false
    },
    {
        "date": "2020-12-08T11:11:15.625Z",
        "value": "2.3978829383850098",
        "cumulative": false
    },
    {
        "date": "2020-12-08T11:11:18.634Z",
        "value": "2.403738021850586",
        "cumulative": false
    },
    {
        "date": "2020-12-08T11:11:21.635Z",
        "value": "2.3956761360168457",
        "cumulative": false
    },
    {
        "date": "2020-12-08T11:11:24.539Z",
        "value": "2.327287435531616",
        "cumulative": false
    },
    {
        "date": "2020-12-08T11:11:27.418Z",
        "value": "2.298210859298706",
        "cumulative": false
    },
    {
        "date": "2020-12-08T11:11:30.322Z",
        "value": "2.337661027908325",
        "cumulative": false
    },
    {
        "date": "2020-12-08T11:11:33.256Z",
        "value": "2.324598550796509",
        "cumulative": false
    },
    {
        "date": "2020-12-08T11:11:36.167Z",
        "value": "2.331523895263672",
        "cumulative": false
    },
    {
        "date": "2020-12-08T11:11:39.055Z",
        "value": "2.32261323928833",
        "cumulative": false
    },
    {
        "date": "2020-12-08T11:11:41.949Z",
        "value": "2.315317392349243",
        "cumulative": false
    },
    {
        "date": "2020-12-08T11:11:44.814Z",
        "value": "2.3277595043182373",
        "cumulative": false
    },
    {
        "date": "2020-12-08T11:11:47.647Z",
        "value": "2.2670273780822754",
        "cumulative": false
    },
    {
        "date": "2020-12-08T11:11:50.609Z",
        "value": "2.3621528148651123",
        "cumulative": false
    },
    {
        "date": "2020-12-08T11:11:53.513Z",
        "value": "2.3419156074523926",
        "cumulative": false
    }
]