[
    {
        "date": "2020-12-08T11:11:06.893Z",
        "value": "1.5157222747802734",
        "cumulative": false
    },
    {
        "date": "2020-12-08T11:11:09.753Z",
        "value": "1.2960317134857178",
        "cumulative": false
    },
    {
        "date": "2020-12-08T11:11:12.676Z",
        "value": "1.3333890438079834",
        "cumulative": false
    },
    {
        "date": "2020-12-08T11:11:15.645Z",
        "value": "1.3328783512115479",
        "cumulative": false
    },
    {
        "date": "2020-12-08T11:11:18.654Z",
        "value": "1.3418066501617432",
        "cumulative": false
    },
    {
        "date": "2020-12-08T11:11:21.650Z",
        "value": "1.2942297458648682",
        "cumulative": false
    },
    {
        "date": "2020-12-08T11:11:24.551Z",
        "value": "1.2423810958862305",
        "cumulative": false
    },
    {
        "date": "2020-12-08T11:11:27.421Z",
        "value": "1.25410795211792",
        "cumulative": false
    },
    {
        "date": "2020-12-08T11:11:30.329Z",
        "value": "1.2960915565490723",
        "cumulative": false
    },
    {
        "date": "2020-12-08T11:11:33.269Z",
        "value": "1.3186943531036377",
        "cumulative": false
    },
    {
        "date": "2020-12-08T11:11:36.182Z",
        "value": "1.263681411743164",
        "cumulative": false
    },
    {
        "date": "2020-12-08T11:11:39.060Z",
        "value": "1.317836046218872",
        "cumulative": false
    },
    {
        "date": "2020-12-08T11:11:41.957Z",
        "value": "1.306337833404541",
        "cumulative": false
    },
    {
        "date": "2020-12-08T11:11:44.828Z",
        "value": "1.299398422241211",
        "cumulative": false
    },
    {
        "date": "2020-12-08T11:11:47.658Z",
        "value": "1.298497200012207",
        "cumulative": false
    },
    {
        "date": "2020-12-08T11:11:50.611Z",
        "value": "1.3730762004852295",
        "cumulative": false
    },
    {
        "date": "2020-12-08T11:11:53.523Z",
        "value": "1.2892706394195557",
        "cumulative": false
    }
]