[
    {
        "date": "2020-12-08T11:11:06.890Z",
        "value": "0.009809494018554688",
        "cumulative": false
    },
    {
        "date": "2020-12-08T11:11:09.744Z",
        "value": "0.008542537689208984",
        "cumulative": false
    },
    {
        "date": "2020-12-08T11:11:12.667Z",
        "value": "0.009808540344238281",
        "cumulative": false
    },
    {
        "date": "2020-12-08T11:11:15.634Z",
        "value": "0.010108709335327148",
        "cumulative": false
    },
    {
        "date": "2020-12-08T11:11:18.635Z",
        "value": "0.011083841323852539",
        "cumulative": false
    },
    {
        "date": "2020-12-08T11:11:21.638Z",
        "value": "0.009298086166381836",
        "cumulative": false
    },
    {
        "date": "2020-12-08T11:11:24.545Z",
        "value": "0.009920597076416016",
        "cumulative": false
    },
    {
        "date": "2020-12-08T11:11:27.412Z",
        "value": "0.009430408477783203",
        "cumulative": false
    },
    {
        "date": "2020-12-08T11:11:30.327Z",
        "value": "0.008872270584106445",
        "cumulative": false
    },
    {
        "date": "2020-12-08T11:11:33.263Z",
        "value": "0.009950399398803711",
        "cumulative": false
    },
    {
        "date": "2020-12-08T11:11:36.167Z",
        "value": "0.00904703140258789",
        "cumulative": false
    },
    {
        "date": "2020-12-08T11:11:39.052Z",
        "value": "0.009317874908447266",
        "cumulative": false
    },
    {
        "date": "2020-12-08T11:11:41.945Z",
        "value": "0.008751392364501953",
        "cumulative": false
    },
    {
        "date": "2020-12-08T11:11:44.814Z",
        "value": "0.009944915771484375",
        "cumulative": false
    },
    {
        "date": "2020-12-08T11:11:47.647Z",
        "value": "0.009023904800415039",
        "cumulative": false
    },
    {
        "date": "2020-12-08T11:11:50.607Z",
        "value": "0.009168863296508789",
        "cumulative": false
    },
    {
        "date": "2020-12-08T11:11:53.517Z",
        "value": "0.008713722229003906",
        "cumulative": false
    }
]