[
    {
        "date": "2020-12-08T11:11:04.530Z",
        "value": "2.496805429458618",
        "cumulative": false
    },
    {
        "date": "2020-12-08T11:11:05.802Z",
        "value": "1.7937411069869995",
        "cumulative": false
    },
    {
        "date": "2020-12-08T11:11:07.428Z",
        "value": "1.6092274188995361",
        "cumulative": false
    },
    {
        "date": "2020-12-08T11:11:08.642Z",
        "value": "1.4780511856079102",
        "cumulative": false
    },
    {
        "date": "2020-12-08T11:11:10.292Z",
        "value": "1.266015887260437",
        "cumulative": false
    },
    {
        "date": "2020-12-08T11:11:11.531Z",
        "value": "1.1322373151779175",
        "cumulative": false
    },
    {
        "date": "2020-12-08T11:11:13.195Z",
        "value": "1.034305214881897",
        "cumulative": false
    },
    {
        "date": "2020-12-08T11:11:14.479Z",
        "value": "0.945681631565094",
        "cumulative": false
    },
    {
        "date": "2020-12-08T11:11:16.206Z",
        "value": "1.0663474798202515",
        "cumulative": false
    },
    {
        "date": "2020-12-08T11:11:17.505Z",
        "value": "0.9801483154296875",
        "cumulative": false
    },
    {
        "date": "2020-12-08T11:11:19.261Z",
        "value": "0.8200302720069885",
        "cumulative": false
    },
    {
        "date": "2020-12-08T11:11:20.511Z",
        "value": "0.9862134456634521",
        "cumulative": false
    },
    {
        "date": "2020-12-08T11:11:22.192Z",
        "value": "0.6953316926956177",
        "cumulative": false
    },
    {
        "date": "2020-12-08T11:11:23.422Z",
        "value": "0.8851879239082336",
        "cumulative": false
    },
    {
        "date": "2020-12-08T11:11:25.090Z",
        "value": "0.638878345489502",
        "cumulative": false
    },
    {
        "date": "2020-12-08T11:11:26.300Z",
        "value": "0.9814367294311523",
        "cumulative": false
    },
    {
        "date": "2020-12-08T11:11:27.969Z",
        "value": "0.6597651243209839",
        "cumulative": false
    },
    {
        "date": "2020-12-08T11:11:29.184Z",
        "value": "0.7946073412895203",
        "cumulative": false
    },
    {
        "date": "2020-12-08T11:11:30.897Z",
        "value": "0.6040631532669067",
        "cumulative": false
    },
    {
        "date": "2020-12-08T11:11:32.142Z",
        "value": "0.6458150744438171",
        "cumulative": false
    },
    {
        "date": "2020-12-08T11:11:33.802Z",
        "value": "0.541776180267334",
        "cumulative": false
    },
    {
        "date": "2020-12-08T11:11:35.038Z",
        "value": "0.565543532371521",
        "cumulative": false
    },
    {
        "date": "2020-12-08T11:11:36.703Z",
        "value": "0.6143824458122253",
        "cumulative": false
    },
    {
        "date": "2020-12-08T11:11:37.934Z",
        "value": "0.6143980622291565",
        "cumulative": false
    },
    {
        "date": "2020-12-08T11:11:39.610Z",
        "value": "0.6143192052841187",
        "cumulative": false
    },
    {
        "date": "2020-12-08T11:11:40.810Z",
        "value": "0.39131638407707214",
        "cumulative": false
    },
    {
        "date": "2020-12-08T11:11:42.488Z",
        "value": "0.5443878173828125",
        "cumulative": false
    },
    {
        "date": "2020-12-08T11:11:43.683Z",
        "value": "0.616876482963562",
        "cumulative": false
    },
    {
        "date": "2020-12-08T11:11:45.360Z",
        "value": "0.44339439272880554",
        "cumulative": false
    },
    {
        "date": "2020-12-08T11:11:46.555Z",
        "value": "0.44045761227607727",
        "cumulative": false
    },
    {
        "date": "2020-12-08T11:11:48.204Z",
        "value": "0.44959840178489685",
        "cumulative": false
    },
    {
        "date": "2020-12-08T11:11:49.480Z",
        "value": "0.5006239414215088",
        "cumulative": false
    },
    {
        "date": "2020-12-08T11:11:51.141Z",
        "value": "0.4154956042766571",
        "cumulative": false
    },
    {
        "date": "2020-12-08T11:11:52.388Z",
        "value": "0.38302600383758545",
        "cumulative": false
    }
]