[
    {
        "date": "2020-12-08T11:11:04.532Z",
        "value": "8.59375",
        "cumulative": false
    },
    {
        "date": "2020-12-08T11:11:05.807Z",
        "value": "35.9375",
        "cumulative": false
    },
    {
        "date": "2020-12-08T11:11:07.431Z",
        "value": "46.09375",
        "cumulative": false
    },
    {
        "date": "2020-12-08T11:11:08.640Z",
        "value": "50.0",
        "cumulative": false
    },
    {
        "date": "2020-12-08T11:11:10.296Z",
        "value": "49.21875",
        "cumulative": false
    },
    {
        "date": "2020-12-08T11:11:11.533Z",
        "value": "60.9375",
        "cumulative": false
    },
    {
        "date": "2020-12-08T11:11:13.191Z",
        "value": "55.46875",
        "cumulative": false
    },
    {
        "date": "2020-12-08T11:11:14.480Z",
        "value": "67.96875",
        "cumulative": false
    },
    {
        "date": "2020-12-08T11:11:16.205Z",
        "value": "58.59375",
        "cumulative": false
    },
    {
        "date": "2020-12-08T11:11:17.503Z",
        "value": "64.0625",
        "cumulative": false
    },
    {
        "date": "2020-12-08T11:11:19.245Z",
        "value": "61.71875",
        "cumulative": false
    },
    {
        "date": "2020-12-08T11:11:20.513Z",
        "value": "74.21875",
        "cumulative": false
    },
    {
        "date": "2020-12-08T11:11:22.193Z",
        "value": "74.21875",
        "cumulative": false
    },
    {
        "date": "2020-12-08T11:11:23.420Z",
        "value": "74.21875",
        "cumulative": false
    },
    {
        "date": "2020-12-08T11:11:25.089Z",
        "value": "69.53125",
        "cumulative": false
    },
    {
        "date": "2020-12-08T11:11:26.301Z",
        "value": "71.875",
        "cumulative": false
    },
    {
        "date": "2020-12-08T11:11:27.975Z",
        "value": "74.21875",
        "cumulative": false
    },
    {
        "date": "2020-12-08T11:11:29.183Z",
        "value": "79.6875",
        "cumulative": false
    },
    {
        "date": "2020-12-08T11:11:30.896Z",
        "value": "68.75",
        "cumulative": false
    },
    {
        "date": "2020-12-08T11:11:32.141Z",
        "value": "75.78125",
        "cumulative": false
    },
    {
        "date": "2020-12-08T11:11:33.811Z",
        "value": "82.03125",
        "cumulative": false
    },
    {
        "date": "2020-12-08T11:11:35.038Z",
        "value": "85.15625",
        "cumulative": false
    },
    {
        "date": "2020-12-08T11:11:36.706Z",
        "value": "80.46875",
        "cumulative": false
    },
    {
        "date": "2020-12-08T11:11:37.932Z",
        "value": "83.59375",
        "cumulative": false
    },
    {
        "date": "2020-12-08T11:11:39.613Z",
        "value": "79.6875",
        "cumulative": false
    },
    {
        "date": "2020-12-08T11:11:40.808Z",
        "value": "82.8125",
        "cumulative": false
    },
    {
        "date": "2020-12-08T11:11:42.480Z",
        "value": "84.375",
        "cumulative": false
    },
    {
        "date": "2020-12-08T11:11:43.678Z",
        "value": "79.6875",
        "cumulative": false
    },
    {
        "date": "2020-12-08T11:11:45.356Z",
        "value": "77.34375",
        "cumulative": false
    },
    {
        "date": "2020-12-08T11:11:46.554Z",
        "value": "79.6875",
        "cumulative": false
    },
    {
        "date": "2020-12-08T11:11:48.201Z",
        "value": "83.59375",
        "cumulative": false
    },
    {
        "date": "2020-12-08T11:11:49.478Z",
        "value": "78.125",
        "cumulative": false
    },
    {
        "date": "2020-12-08T11:11:51.136Z",
        "value": "77.34375",
        "cumulative": false
    },
    {
        "date": "2020-12-08T11:11:52.386Z",
        "value": "83.59375",
        "cumulative": false
    }
]