[
    {
        "date": "2020-12-08T11:11:06.892Z",
        "value": "0.0249478816986084",
        "cumulative": false
    },
    {
        "date": "2020-12-08T11:11:09.748Z",
        "value": "0.028004884719848633",
        "cumulative": false
    },
    {
        "date": "2020-12-08T11:11:12.658Z",
        "value": "0.027066707611083984",
        "cumulative": false
    },
    {
        "date": "2020-12-08T11:11:15.632Z",
        "value": "0.02793407440185547",
        "cumulative": false
    },
    {
        "date": "2020-12-08T11:11:18.638Z",
        "value": "0.025501251220703125",
        "cumulative": false
    },
    {
        "date": "2020-12-08T11:11:21.632Z",
        "value": "0.03457307815551758",
        "cumulative": false
    },
    {
        "date": "2020-12-08T11:11:24.538Z",
        "value": "0.025294065475463867",
        "cumulative": false
    },
    {
        "date": "2020-12-08T11:11:27.411Z",
        "value": "0.026775598526000977",
        "cumulative": false
    },
    {
        "date": "2020-12-08T11:11:30.333Z",
        "value": "0.026496171951293945",
        "cumulative": false
    },
    {
        "date": "2020-12-08T11:11:33.253Z",
        "value": "0.02566671371459961",
        "cumulative": false
    },
    {
        "date": "2020-12-08T11:11:36.162Z",
        "value": "0.026248693466186523",
        "cumulative": false
    },
    {
        "date": "2020-12-08T11:11:39.058Z",
        "value": "0.030791044235229492",
        "cumulative": false
    },
    {
        "date": "2020-12-08T11:11:41.947Z",
        "value": "0.02686309814453125",
        "cumulative": false
    },
    {
        "date": "2020-12-08T11:11:44.813Z",
        "value": "0.026268482208251953",
        "cumulative": false
    },
    {
        "date": "2020-12-08T11:11:47.646Z",
        "value": "0.026569604873657227",
        "cumulative": false
    },
    {
        "date": "2020-12-08T11:11:50.602Z",
        "value": "0.02521800994873047",
        "cumulative": false
    },
    {
        "date": "2020-12-08T11:11:53.510Z",
        "value": "0.02821516990661621",
        "cumulative": false
    }
]