[
    {
        "date": "2020-12-08T11:11:06.892Z",
        "value": "7.963180541992188e-05",
        "cumulative": false
    },
    {
        "date": "2020-12-08T11:11:09.748Z",
        "value": "8.368492126464844e-05",
        "cumulative": false
    },
    {
        "date": "2020-12-08T11:11:12.658Z",
        "value": "8.225440979003906e-05",
        "cumulative": false
    },
    {
        "date": "2020-12-08T11:11:15.632Z",
        "value": "9.942054748535156e-05",
        "cumulative": false
    },
    {
        "date": "2020-12-08T11:11:18.638Z",
        "value": "0.00011229515075683594",
        "cumulative": false
    },
    {
        "date": "2020-12-08T11:11:21.632Z",
        "value": "9.679794311523438e-05",
        "cumulative": false
    },
    {
        "date": "2020-12-08T11:11:24.538Z",
        "value": "7.796287536621094e-05",
        "cumulative": false
    },
    {
        "date": "2020-12-08T11:11:27.411Z",
        "value": "9.083747863769531e-05",
        "cumulative": false
    },
    {
        "date": "2020-12-08T11:11:30.333Z",
        "value": "9.107589721679688e-05",
        "cumulative": false
    },
    {
        "date": "2020-12-08T11:11:33.253Z",
        "value": "9.250640869140625e-05",
        "cumulative": false
    },
    {
        "date": "2020-12-08T11:11:36.162Z",
        "value": "7.724761962890625e-05",
        "cumulative": false
    },
    {
        "date": "2020-12-08T11:11:39.058Z",
        "value": "8.559226989746094e-05",
        "cumulative": false
    },
    {
        "date": "2020-12-08T11:11:41.947Z",
        "value": "8.630752563476562e-05",
        "cumulative": false
    },
    {
        "date": "2020-12-08T11:11:44.813Z",
        "value": "8.58306884765625e-05",
        "cumulative": false
    },
    {
        "date": "2020-12-08T11:11:47.646Z",
        "value": "8.273124694824219e-05",
        "cumulative": false
    },
    {
        "date": "2020-12-08T11:11:50.602Z",
        "value": "8.893013000488281e-05",
        "cumulative": false
    },
    {
        "date": "2020-12-08T11:11:53.510Z",
        "value": "0.00010967254638671875",
        "cumulative": false
    }
]