[
    {
        "date": "2020-12-08T11:11:04.530Z",
        "value": "2.421994686126709",
        "cumulative": false
    },
    {
        "date": "2020-12-08T11:11:05.802Z",
        "value": "1.861692190170288",
        "cumulative": false
    },
    {
        "date": "2020-12-08T11:11:07.434Z",
        "value": "1.5384327173233032",
        "cumulative": false
    },
    {
        "date": "2020-12-08T11:11:08.646Z",
        "value": "1.3810454607009888",
        "cumulative": false
    },
    {
        "date": "2020-12-08T11:11:10.292Z",
        "value": "1.3078372478485107",
        "cumulative": false
    },
    {
        "date": "2020-12-08T11:11:11.534Z",
        "value": "1.3086655139923096",
        "cumulative": false
    },
    {
        "date": "2020-12-08T11:11:13.198Z",
        "value": "1.0814502239227295",
        "cumulative": false
    },
    {
        "date": "2020-12-08T11:11:14.478Z",
        "value": "1.0716381072998047",
        "cumulative": false
    },
    {
        "date": "2020-12-08T11:11:16.210Z",
        "value": "1.0314741134643555",
        "cumulative": false
    },
    {
        "date": "2020-12-08T11:11:17.508Z",
        "value": "1.0332101583480835",
        "cumulative": false
    },
    {
        "date": "2020-12-08T11:11:19.253Z",
        "value": "0.8622228503227234",
        "cumulative": false
    },
    {
        "date": "2020-12-08T11:11:20.508Z",
        "value": "0.8643658757209778",
        "cumulative": false
    },
    {
        "date": "2020-12-08T11:11:22.193Z",
        "value": "0.937617301940918",
        "cumulative": false
    },
    {
        "date": "2020-12-08T11:11:23.422Z",
        "value": "0.7377501130104065",
        "cumulative": false
    },
    {
        "date": "2020-12-08T11:11:25.090Z",
        "value": "1.0931167602539062",
        "cumulative": false
    },
    {
        "date": "2020-12-08T11:11:26.303Z",
        "value": "0.6938408017158508",
        "cumulative": false
    },
    {
        "date": "2020-12-08T11:11:27.972Z",
        "value": "0.5998184680938721",
        "cumulative": false
    },
    {
        "date": "2020-12-08T11:11:29.184Z",
        "value": "0.8433796763420105",
        "cumulative": false
    },
    {
        "date": "2020-12-08T11:11:30.901Z",
        "value": "0.6233046650886536",
        "cumulative": false
    },
    {
        "date": "2020-12-08T11:11:32.146Z",
        "value": "0.6917240023612976",
        "cumulative": false
    },
    {
        "date": "2020-12-08T11:11:33.807Z",
        "value": "0.7168551683425903",
        "cumulative": false
    },
    {
        "date": "2020-12-08T11:11:35.038Z",
        "value": "0.7499812245368958",
        "cumulative": false
    },
    {
        "date": "2020-12-08T11:11:36.707Z",
        "value": "0.5752207040786743",
        "cumulative": false
    },
    {
        "date": "2020-12-08T11:11:37.931Z",
        "value": "0.5328288078308105",
        "cumulative": false
    },
    {
        "date": "2020-12-08T11:11:39.614Z",
        "value": "0.6255431771278381",
        "cumulative": false
    },
    {
        "date": "2020-12-08T11:11:40.811Z",
        "value": "0.45786353945732117",
        "cumulative": false
    },
    {
        "date": "2020-12-08T11:11:42.480Z",
        "value": "0.43468567728996277",
        "cumulative": false
    },
    {
        "date": "2020-12-08T11:11:43.679Z",
        "value": "0.654441773891449",
        "cumulative": false
    },
    {
        "date": "2020-12-08T11:11:45.364Z",
        "value": "0.4850221276283264",
        "cumulative": false
    },
    {
        "date": "2020-12-08T11:11:46.555Z",
        "value": "0.45390304923057556",
        "cumulative": false
    },
    {
        "date": "2020-12-08T11:11:48.205Z",
        "value": "0.5108126997947693",
        "cumulative": false
    },
    {
        "date": "2020-12-08T11:11:49.479Z",
        "value": "0.5450382232666016",
        "cumulative": false
    },
    {
        "date": "2020-12-08T11:11:51.142Z",
        "value": "0.4840969145298004",
        "cumulative": false
    },
    {
        "date": "2020-12-08T11:11:52.388Z",
        "value": "0.5608652234077454",
        "cumulative": false
    }
]