[
    {
        "date": "2020-12-08T11:11:06.890Z",
        "value": "1.5591917037963867",
        "cumulative": false
    },
    {
        "date": "2020-12-08T11:11:09.744Z",
        "value": "1.328397512435913",
        "cumulative": false
    },
    {
        "date": "2020-12-08T11:11:12.667Z",
        "value": "1.3253264427185059",
        "cumulative": false
    },
    {
        "date": "2020-12-08T11:11:15.634Z",
        "value": "1.3338778018951416",
        "cumulative": false
    },
    {
        "date": "2020-12-08T11:11:18.635Z",
        "value": "1.3936684131622314",
        "cumulative": false
    },
    {
        "date": "2020-12-08T11:11:21.638Z",
        "value": "1.361647605895996",
        "cumulative": false
    },
    {
        "date": "2020-12-08T11:11:24.545Z",
        "value": "1.3005802631378174",
        "cumulative": false
    },
    {
        "date": "2020-12-08T11:11:27.412Z",
        "value": "1.3257174491882324",
        "cumulative": false
    },
    {
        "date": "2020-12-08T11:11:30.327Z",
        "value": "1.3291089534759521",
        "cumulative": false
    },
    {
        "date": "2020-12-08T11:11:33.263Z",
        "value": "1.3320937156677246",
        "cumulative": false
    },
    {
        "date": "2020-12-08T11:11:36.167Z",
        "value": "1.3212432861328125",
        "cumulative": false
    },
    {
        "date": "2020-12-08T11:11:39.052Z",
        "value": "1.3729619979858398",
        "cumulative": false
    },
    {
        "date": "2020-12-08T11:11:41.945Z",
        "value": "1.3806581497192383",
        "cumulative": false
    },
    {
        "date": "2020-12-08T11:11:44.814Z",
        "value": "1.3131957054138184",
        "cumulative": false
    },
    {
        "date": "2020-12-08T11:11:47.647Z",
        "value": "1.3120462894439697",
        "cumulative": false
    },
    {
        "date": "2020-12-08T11:11:50.607Z",
        "value": "1.39030122756958",
        "cumulative": false
    },
    {
        "date": "2020-12-08T11:11:53.517Z",
        "value": "1.3931097984313965",
        "cumulative": false
    }
]