[
    {
        "date": "2020-12-08T11:11:04.530Z",
        "value": "2.475576400756836",
        "cumulative": false
    },
    {
        "date": "2020-12-08T11:11:05.807Z",
        "value": "1.667568564414978",
        "cumulative": false
    },
    {
        "date": "2020-12-08T11:11:07.429Z",
        "value": "1.5503450632095337",
        "cumulative": false
    },
    {
        "date": "2020-12-08T11:11:08.648Z",
        "value": "1.317765474319458",
        "cumulative": false
    },
    {
        "date": "2020-12-08T11:11:10.302Z",
        "value": "1.4320710897445679",
        "cumulative": false
    },
    {
        "date": "2020-12-08T11:11:11.532Z",
        "value": "1.2266608476638794",
        "cumulative": false
    },
    {
        "date": "2020-12-08T11:11:13.193Z",
        "value": "1.0907809734344482",
        "cumulative": false
    },
    {
        "date": "2020-12-08T11:11:14.490Z",
        "value": "1.103044033050537",
        "cumulative": false
    },
    {
        "date": "2020-12-08T11:11:16.209Z",
        "value": "0.9665787816047668",
        "cumulative": false
    },
    {
        "date": "2020-12-08T11:11:17.509Z",
        "value": "1.0064318180084229",
        "cumulative": false
    },
    {
        "date": "2020-12-08T11:11:19.249Z",
        "value": "0.8320988416671753",
        "cumulative": false
    },
    {
        "date": "2020-12-08T11:11:20.509Z",
        "value": "0.8698890805244446",
        "cumulative": false
    },
    {
        "date": "2020-12-08T11:11:22.193Z",
        "value": "0.6487789750099182",
        "cumulative": false
    },
    {
        "date": "2020-12-08T11:11:23.422Z",
        "value": "0.7460095882415771",
        "cumulative": false
    },
    {
        "date": "2020-12-08T11:11:25.091Z",
        "value": "0.6545283794403076",
        "cumulative": false
    },
    {
        "date": "2020-12-08T11:11:26.300Z",
        "value": "0.778465747833252",
        "cumulative": false
    },
    {
        "date": "2020-12-08T11:11:27.971Z",
        "value": "0.6597537994384766",
        "cumulative": false
    },
    {
        "date": "2020-12-08T11:11:29.185Z",
        "value": "0.7975795269012451",
        "cumulative": false
    },
    {
        "date": "2020-12-08T11:11:30.903Z",
        "value": "0.7244729399681091",
        "cumulative": false
    },
    {
        "date": "2020-12-08T11:11:32.143Z",
        "value": "0.6013686656951904",
        "cumulative": false
    },
    {
        "date": "2020-12-08T11:11:33.807Z",
        "value": "0.6434523463249207",
        "cumulative": false
    },
    {
        "date": "2020-12-08T11:11:35.040Z",
        "value": "0.6059356927871704",
        "cumulative": false
    },
    {
        "date": "2020-12-08T11:11:36.710Z",
        "value": "0.5727577209472656",
        "cumulative": false
    },
    {
        "date": "2020-12-08T11:11:37.932Z",
        "value": "0.6632629036903381",
        "cumulative": false
    },
    {
        "date": "2020-12-08T11:11:39.611Z",
        "value": "0.5862343311309814",
        "cumulative": false
    },
    {
        "date": "2020-12-08T11:11:40.811Z",
        "value": "0.5471236705780029",
        "cumulative": false
    },
    {
        "date": "2020-12-08T11:11:42.482Z",
        "value": "0.6730288863182068",
        "cumulative": false
    },
    {
        "date": "2020-12-08T11:11:43.684Z",
        "value": "0.4650776982307434",
        "cumulative": false
    },
    {
        "date": "2020-12-08T11:11:45.365Z",
        "value": "0.46823275089263916",
        "cumulative": false
    },
    {
        "date": "2020-12-08T11:11:46.556Z",
        "value": "0.43647676706314087",
        "cumulative": false
    },
    {
        "date": "2020-12-08T11:11:48.206Z",
        "value": "0.6245489716529846",
        "cumulative": false
    },
    {
        "date": "2020-12-08T11:11:49.481Z",
        "value": "0.41131940484046936",
        "cumulative": false
    },
    {
        "date": "2020-12-08T11:11:51.143Z",
        "value": "0.4931572377681732",
        "cumulative": false
    },
    {
        "date": "2020-12-08T11:11:52.393Z",
        "value": "0.5794370770454407",
        "cumulative": false
    }
]