[
    {
        "date": "2020-12-08T11:11:06.885Z",
        "value": "2.6834044456481934",
        "cumulative": false
    },
    {
        "date": "2020-12-08T11:11:09.743Z",
        "value": "0.5341629981994629",
        "cumulative": false
    },
    {
        "date": "2020-12-08T11:11:12.664Z",
        "value": "0.5677156448364258",
        "cumulative": false
    },
    {
        "date": "2020-12-08T11:11:15.636Z",
        "value": "0.5820071697235107",
        "cumulative": false
    },
    {
        "date": "2020-12-08T11:11:18.634Z",
        "value": "0.5527918338775635",
        "cumulative": false
    },
    {
        "date": "2020-12-08T11:11:21.637Z",
        "value": "0.6179113388061523",
        "cumulative": false
    },
    {
        "date": "2020-12-08T11:11:24.543Z",
        "value": "0.554764986038208",
        "cumulative": false
    },
    {
        "date": "2020-12-08T11:11:27.413Z",
        "value": "0.5413544178009033",
        "cumulative": false
    },
    {
        "date": "2020-12-08T11:11:30.321Z",
        "value": "0.5688962936401367",
        "cumulative": false
    },
    {
        "date": "2020-12-08T11:11:33.258Z",
        "value": "0.5335443019866943",
        "cumulative": false
    },
    {
        "date": "2020-12-08T11:11:36.165Z",
        "value": "0.576366662979126",
        "cumulative": false
    },
    {
        "date": "2020-12-08T11:11:39.048Z",
        "value": "0.5269887447357178",
        "cumulative": false
    },
    {
        "date": "2020-12-08T11:11:41.945Z",
        "value": "0.543550968170166",
        "cumulative": false
    },
    {
        "date": "2020-12-08T11:11:44.816Z",
        "value": "0.5657219886779785",
        "cumulative": false
    },
    {
        "date": "2020-12-08T11:11:47.648Z",
        "value": "0.5305166244506836",
        "cumulative": false
    },
    {
        "date": "2020-12-08T11:11:50.599Z",
        "value": "0.5778868198394775",
        "cumulative": false
    },
    {
        "date": "2020-12-08T11:11:53.510Z",
        "value": "0.5141716003417969",
        "cumulative": false
    }
]