[
    {
        "date": "2020-12-08T11:11:04.532Z",
        "value": "57.03125",
        "cumulative": false
    },
    {
        "date": "2020-12-08T11:11:05.806Z",
        "value": "82.8125",
        "cumulative": false
    },
    {
        "date": "2020-12-08T11:11:07.434Z",
        "value": "92.1875",
        "cumulative": false
    },
    {
        "date": "2020-12-08T11:11:08.646Z",
        "value": "94.53125",
        "cumulative": false
    },
    {
        "date": "2020-12-08T11:11:10.292Z",
        "value": "94.53125",
        "cumulative": false
    },
    {
        "date": "2020-12-08T11:11:11.534Z",
        "value": "92.96875",
        "cumulative": false
    },
    {
        "date": "2020-12-08T11:11:13.198Z",
        "value": "95.3125",
        "cumulative": false
    },
    {
        "date": "2020-12-08T11:11:14.478Z",
        "value": "98.4375",
        "cumulative": false
    },
    {
        "date": "2020-12-08T11:11:16.210Z",
        "value": "96.875",
        "cumulative": false
    },
    {
        "date": "2020-12-08T11:11:17.508Z",
        "value": "93.75",
        "cumulative": false
    },
    {
        "date": "2020-12-08T11:11:19.253Z",
        "value": "96.875",
        "cumulative": false
    },
    {
        "date": "2020-12-08T11:11:20.508Z",
        "value": "98.4375",
        "cumulative": false
    },
    {
        "date": "2020-12-08T11:11:22.194Z",
        "value": "98.4375",
        "cumulative": false
    },
    {
        "date": "2020-12-08T11:11:23.422Z",
        "value": "98.4375",
        "cumulative": false
    },
    {
        "date": "2020-12-08T11:11:25.090Z",
        "value": "97.65625",
        "cumulative": false
    },
    {
        "date": "2020-12-08T11:11:26.303Z",
        "value": "99.21875",
        "cumulative": false
    },
    {
        "date": "2020-12-08T11:11:27.972Z",
        "value": "97.65625",
        "cumulative": false
    },
    {
        "date": "2020-12-08T11:11:29.184Z",
        "value": "97.65625",
        "cumulative": false
    },
    {
        "date": "2020-12-08T11:11:30.901Z",
        "value": "97.65625",
        "cumulative": false
    },
    {
        "date": "2020-12-08T11:11:32.146Z",
        "value": "99.21875",
        "cumulative": false
    },
    {
        "date": "2020-12-08T11:11:33.808Z",
        "value": "100.0",
        "cumulative": false
    },
    {
        "date": "2020-12-08T11:11:35.038Z",
        "value": "98.4375",
        "cumulative": false
    },
    {
        "date": "2020-12-08T11:11:36.707Z",
        "value": "99.21875",
        "cumulative": false
    },
    {
        "date": "2020-12-08T11:11:37.931Z",
        "value": "99.21875",
        "cumulative": false
    },
    {
        "date": "2020-12-08T11:11:39.615Z",
        "value": "99.21875",
        "cumulative": false
    },
    {
        "date": "2020-12-08T11:11:40.812Z",
        "value": "100.0",
        "cumulative": false
    },
    {
        "date": "2020-12-08T11:11:42.481Z",
        "value": "99.21875",
        "cumulative": false
    },
    {
        "date": "2020-12-08T11:11:43.679Z",
        "value": "98.4375",
        "cumulative": false
    },
    {
        "date": "2020-12-08T11:11:45.364Z",
        "value": "99.21875",
        "cumulative": false
    },
    {
        "date": "2020-12-08T11:11:46.555Z",
        "value": "99.21875",
        "cumulative": false
    },
    {
        "date": "2020-12-08T11:11:48.206Z",
        "value": "100.0",
        "cumulative": false
    },
    {
        "date": "2020-12-08T11:11:49.479Z",
        "value": "100.0",
        "cumulative": false
    },
    {
        "date": "2020-12-08T11:11:51.142Z",
        "value": "99.21875",
        "cumulative": false
    },
    {
        "date": "2020-12-08T11:11:52.388Z",
        "value": "99.21875",
        "cumulative": false
    }
]