[
    {
        "date": "2020-12-08T11:11:06.884Z",
        "value": "1.4144885540008545",
        "cumulative": false
    },
    {
        "date": "2020-12-08T11:11:09.760Z",
        "value": "1.272484302520752",
        "cumulative": false
    },
    {
        "date": "2020-12-08T11:11:12.665Z",
        "value": "1.3669593334197998",
        "cumulative": false
    },
    {
        "date": "2020-12-08T11:11:15.630Z",
        "value": "1.372340202331543",
        "cumulative": false
    },
    {
        "date": "2020-12-08T11:11:18.653Z",
        "value": "1.3929033279418945",
        "cumulative": false
    },
    {
        "date": "2020-12-08T11:11:21.643Z",
        "value": "1.3385276794433594",
        "cumulative": false
    },
    {
        "date": "2020-12-08T11:11:24.549Z",
        "value": "1.2306795120239258",
        "cumulative": false
    },
    {
        "date": "2020-12-08T11:11:27.418Z",
        "value": "1.3343756198883057",
        "cumulative": false
    },
    {
        "date": "2020-12-08T11:11:30.328Z",
        "value": "1.3404715061187744",
        "cumulative": false
    },
    {
        "date": "2020-12-08T11:11:33.261Z",
        "value": "1.3141272068023682",
        "cumulative": false
    },
    {
        "date": "2020-12-08T11:11:36.165Z",
        "value": "1.3343160152435303",
        "cumulative": false
    },
    {
        "date": "2020-12-08T11:11:39.063Z",
        "value": "1.3235814571380615",
        "cumulative": false
    },
    {
        "date": "2020-12-08T11:11:41.947Z",
        "value": "1.323268175125122",
        "cumulative": false
    },
    {
        "date": "2020-12-08T11:11:44.821Z",
        "value": "1.3230204582214355",
        "cumulative": false
    },
    {
        "date": "2020-12-08T11:11:47.649Z",
        "value": "1.298574447631836",
        "cumulative": false
    },
    {
        "date": "2020-12-08T11:11:50.602Z",
        "value": "1.3462293148040771",
        "cumulative": false
    },
    {
        "date": "2020-12-08T11:11:53.515Z",
        "value": "1.309032917022705",
        "cumulative": false
    }
]