[
    {
        "date": "2020-12-08T11:11:06.893Z",
        "value": "2.7121365070343018",
        "cumulative": false
    },
    {
        "date": "2020-12-08T11:11:09.753Z",
        "value": "0.6075394153594971",
        "cumulative": false
    },
    {
        "date": "2020-12-08T11:11:12.676Z",
        "value": "0.6084012985229492",
        "cumulative": false
    },
    {
        "date": "2020-12-08T11:11:15.645Z",
        "value": "0.6260607242584229",
        "cumulative": false
    },
    {
        "date": "2020-12-08T11:11:18.654Z",
        "value": "0.6007592678070068",
        "cumulative": false
    },
    {
        "date": "2020-12-08T11:11:21.650Z",
        "value": "0.6386137008666992",
        "cumulative": false
    },
    {
        "date": "2020-12-08T11:11:24.551Z",
        "value": "0.6604430675506592",
        "cumulative": false
    },
    {
        "date": "2020-12-08T11:11:27.421Z",
        "value": "0.5844292640686035",
        "cumulative": false
    },
    {
        "date": "2020-12-08T11:11:30.329Z",
        "value": "0.5929279327392578",
        "cumulative": false
    },
    {
        "date": "2020-12-08T11:11:33.269Z",
        "value": "0.5808696746826172",
        "cumulative": false
    },
    {
        "date": "2020-12-08T11:11:36.182Z",
        "value": "0.5952703952789307",
        "cumulative": false
    },
    {
        "date": "2020-12-08T11:11:39.060Z",
        "value": "0.5686397552490234",
        "cumulative": false
    },
    {
        "date": "2020-12-08T11:11:41.957Z",
        "value": "0.5886690616607666",
        "cumulative": false
    },
    {
        "date": "2020-12-08T11:11:44.828Z",
        "value": "0.6016192436218262",
        "cumulative": false
    },
    {
        "date": "2020-12-08T11:11:47.658Z",
        "value": "0.5500657558441162",
        "cumulative": false
    },
    {
        "date": "2020-12-08T11:11:50.611Z",
        "value": "0.5835697650909424",
        "cumulative": false
    },
    {
        "date": "2020-12-08T11:11:53.523Z",
        "value": "0.5748510360717773",
        "cumulative": false
    }
]