[
    {
        "date": "2020-12-08T11:11:06.884Z",
        "value": "4.6277015209198",
        "cumulative": false
    },
    {
        "date": "2020-12-08T11:11:09.760Z",
        "value": "2.268583297729492",
        "cumulative": false
    },
    {
        "date": "2020-12-08T11:11:12.665Z",
        "value": "2.344409465789795",
        "cumulative": false
    },
    {
        "date": "2020-12-08T11:11:15.630Z",
        "value": "2.4009361267089844",
        "cumulative": false
    },
    {
        "date": "2020-12-08T11:11:18.653Z",
        "value": "2.4108903408050537",
        "cumulative": false
    },
    {
        "date": "2020-12-08T11:11:21.643Z",
        "value": "2.3870933055877686",
        "cumulative": false
    },
    {
        "date": "2020-12-08T11:11:24.549Z",
        "value": "2.329136371612549",
        "cumulative": false
    },
    {
        "date": "2020-12-08T11:11:27.418Z",
        "value": "2.300908327102661",
        "cumulative": false
    },
    {
        "date": "2020-12-08T11:11:30.328Z",
        "value": "2.3337085247039795",
        "cumulative": false
    },
    {
        "date": "2020-12-08T11:11:33.261Z",
        "value": "2.3282604217529297",
        "cumulative": false
    },
    {
        "date": "2020-12-08T11:11:36.165Z",
        "value": "2.3334550857543945",
        "cumulative": false
    },
    {
        "date": "2020-12-08T11:11:39.063Z",
        "value": "2.3060762882232666",
        "cumulative": false
    },
    {
        "date": "2020-12-08T11:11:41.947Z",
        "value": "2.3144383430480957",
        "cumulative": false
    },
    {
        "date": "2020-12-08T11:11:44.821Z",
        "value": "2.3130595684051514",
        "cumulative": false
    },
    {
        "date": "2020-12-08T11:11:47.649Z",
        "value": "2.2678287029266357",
        "cumulative": false
    },
    {
        "date": "2020-12-08T11:11:50.602Z",
        "value": "2.362689256668091",
        "cumulative": false
    },
    {
        "date": "2020-12-08T11:11:53.515Z",
        "value": "2.3514037132263184",
        "cumulative": false
    }
]