[
    {
        "date": "2020-12-08T11:11:06.895Z",
        "value": "0.02586531639099121",
        "cumulative": false
    },
    {
        "date": "2020-12-08T11:11:09.756Z",
        "value": "0.026507139205932617",
        "cumulative": false
    },
    {
        "date": "2020-12-08T11:11:12.668Z",
        "value": "0.028481483459472656",
        "cumulative": false
    },
    {
        "date": "2020-12-08T11:11:15.633Z",
        "value": "0.030366182327270508",
        "cumulative": false
    },
    {
        "date": "2020-12-08T11:11:18.641Z",
        "value": "0.027014732360839844",
        "cumulative": false
    },
    {
        "date": "2020-12-08T11:11:21.643Z",
        "value": "0.028324127197265625",
        "cumulative": false
    },
    {
        "date": "2020-12-08T11:11:24.549Z",
        "value": "0.02756333351135254",
        "cumulative": false
    },
    {
        "date": "2020-12-08T11:11:27.413Z",
        "value": "0.02729940414428711",
        "cumulative": false
    },
    {
        "date": "2020-12-08T11:11:30.340Z",
        "value": "0.02881932258605957",
        "cumulative": false
    },
    {
        "date": "2020-12-08T11:11:33.265Z",
        "value": "0.029807567596435547",
        "cumulative": false
    },
    {
        "date": "2020-12-08T11:11:36.167Z",
        "value": "0.036345720291137695",
        "cumulative": false
    },
    {
        "date": "2020-12-08T11:11:39.056Z",
        "value": "0.026365995407104492",
        "cumulative": false
    },
    {
        "date": "2020-12-08T11:11:41.951Z",
        "value": "0.030950546264648438",
        "cumulative": false
    },
    {
        "date": "2020-12-08T11:11:44.826Z",
        "value": "0.02795577049255371",
        "cumulative": false
    },
    {
        "date": "2020-12-08T11:11:47.652Z",
        "value": "0.02728438377380371",
        "cumulative": false
    },
    {
        "date": "2020-12-08T11:11:50.616Z",
        "value": "0.028194665908813477",
        "cumulative": false
    },
    {
        "date": "2020-12-08T11:11:53.516Z",
        "value": "0.02746129035949707",
        "cumulative": false
    }
]