[
    {
        "date": "2020-12-08T11:11:04.536Z",
        "value": "2.4565205574035645",
        "cumulative": false
    },
    {
        "date": "2020-12-08T11:11:05.809Z",
        "value": "1.7179094552993774",
        "cumulative": false
    },
    {
        "date": "2020-12-08T11:11:07.438Z",
        "value": "1.5429513454437256",
        "cumulative": false
    },
    {
        "date": "2020-12-08T11:11:08.651Z",
        "value": "1.2751238346099854",
        "cumulative": false
    },
    {
        "date": "2020-12-08T11:11:10.307Z",
        "value": "1.3781263828277588",
        "cumulative": false
    },
    {
        "date": "2020-12-08T11:11:11.537Z",
        "value": "1.1175826787948608",
        "cumulative": false
    },
    {
        "date": "2020-12-08T11:11:13.204Z",
        "value": "1.1419219970703125",
        "cumulative": false
    },
    {
        "date": "2020-12-08T11:11:14.485Z",
        "value": "1.118734359741211",
        "cumulative": false
    },
    {
        "date": "2020-12-08T11:11:16.213Z",
        "value": "1.175256371498108",
        "cumulative": false
    },
    {
        "date": "2020-12-08T11:11:17.511Z",
        "value": "1.0044070482254028",
        "cumulative": false
    },
    {
        "date": "2020-12-08T11:11:19.254Z",
        "value": "0.9261974692344666",
        "cumulative": false
    },
    {
        "date": "2020-12-08T11:11:20.515Z",
        "value": "0.789638102054596",
        "cumulative": false
    },
    {
        "date": "2020-12-08T11:11:22.197Z",
        "value": "1.0937401056289673",
        "cumulative": false
    },
    {
        "date": "2020-12-08T11:11:23.429Z",
        "value": "0.7070964574813843",
        "cumulative": false
    },
    {
        "date": "2020-12-08T11:11:25.094Z",
        "value": "0.7100517153739929",
        "cumulative": false
    },
    {
        "date": "2020-12-08T11:11:26.307Z",
        "value": "0.7867239117622375",
        "cumulative": false
    },
    {
        "date": "2020-12-08T11:11:27.977Z",
        "value": "0.7063738107681274",
        "cumulative": false
    },
    {
        "date": "2020-12-08T11:11:29.192Z",
        "value": "0.7482874393463135",
        "cumulative": false
    },
    {
        "date": "2020-12-08T11:11:30.910Z",
        "value": "0.5183249711990356",
        "cumulative": false
    },
    {
        "date": "2020-12-08T11:11:32.149Z",
        "value": "0.7382974028587341",
        "cumulative": false
    },
    {
        "date": "2020-12-08T11:11:33.824Z",
        "value": "0.48973047733306885",
        "cumulative": false
    },
    {
        "date": "2020-12-08T11:11:35.045Z",
        "value": "0.6461178064346313",
        "cumulative": false
    },
    {
        "date": "2020-12-08T11:11:36.711Z",
        "value": "0.5131624341011047",
        "cumulative": false
    },
    {
        "date": "2020-12-08T11:11:37.941Z",
        "value": "0.5528074502944946",
        "cumulative": false
    },
    {
        "date": "2020-12-08T11:11:39.620Z",
        "value": "0.6008884906768799",
        "cumulative": false
    },
    {
        "date": "2020-12-08T11:11:40.820Z",
        "value": "0.5674705505371094",
        "cumulative": false
    },
    {
        "date": "2020-12-08T11:11:42.483Z",
        "value": "0.431210458278656",
        "cumulative": false
    },
    {
        "date": "2020-12-08T11:11:43.686Z",
        "value": "0.5589603781700134",
        "cumulative": false
    },
    {
        "date": "2020-12-08T11:11:45.368Z",
        "value": "0.4189467430114746",
        "cumulative": false
    },
    {
        "date": "2020-12-08T11:11:46.562Z",
        "value": "0.5520390868186951",
        "cumulative": false
    },
    {
        "date": "2020-12-08T11:11:48.212Z",
        "value": "0.5125669836997986",
        "cumulative": false
    },
    {
        "date": "2020-12-08T11:11:49.487Z",
        "value": "0.452902227640152",
        "cumulative": false
    },
    {
        "date": "2020-12-08T11:11:51.148Z",
        "value": "0.4444384276866913",
        "cumulative": false
    },
    {
        "date": "2020-12-08T11:11:52.395Z",
        "value": "0.5619440078735352",
        "cumulative": false
    }
]