[
    {
        "date": "2020-12-08T11:11:04.530Z",
        "value": "2.397911787033081",
        "cumulative": false
    },
    {
        "date": "2020-12-08T11:11:05.803Z",
        "value": "1.7689954042434692",
        "cumulative": false
    },
    {
        "date": "2020-12-08T11:11:07.437Z",
        "value": "1.5987151861190796",
        "cumulative": false
    },
    {
        "date": "2020-12-08T11:11:08.643Z",
        "value": "1.3699458837509155",
        "cumulative": false
    },
    {
        "date": "2020-12-08T11:11:10.302Z",
        "value": "1.219484567642212",
        "cumulative": false
    },
    {
        "date": "2020-12-08T11:11:11.532Z",
        "value": "1.2780027389526367",
        "cumulative": false
    },
    {
        "date": "2020-12-08T11:11:13.199Z",
        "value": "1.1072388887405396",
        "cumulative": false
    },
    {
        "date": "2020-12-08T11:11:14.480Z",
        "value": "1.083155870437622",
        "cumulative": false
    },
    {
        "date": "2020-12-08T11:11:16.212Z",
        "value": "0.9488330483436584",
        "cumulative": false
    },
    {
        "date": "2020-12-08T11:11:17.510Z",
        "value": "0.8842270970344543",
        "cumulative": false
    },
    {
        "date": "2020-12-08T11:11:19.257Z",
        "value": "0.8189403414726257",
        "cumulative": false
    },
    {
        "date": "2020-12-08T11:11:20.509Z",
        "value": "0.8985906839370728",
        "cumulative": false
    },
    {
        "date": "2020-12-08T11:11:22.194Z",
        "value": "0.7771215438842773",
        "cumulative": false
    },
    {
        "date": "2020-12-08T11:11:23.422Z",
        "value": "0.7406138181686401",
        "cumulative": false
    },
    {
        "date": "2020-12-08T11:11:25.093Z",
        "value": "0.7440688610076904",
        "cumulative": false
    },
    {
        "date": "2020-12-08T11:11:26.301Z",
        "value": "0.7003071308135986",
        "cumulative": false
    },
    {
        "date": "2020-12-08T11:11:27.970Z",
        "value": "0.676292359828949",
        "cumulative": false
    },
    {
        "date": "2020-12-08T11:11:29.185Z",
        "value": "0.6117656230926514",
        "cumulative": false
    },
    {
        "date": "2020-12-08T11:11:30.904Z",
        "value": "0.520693838596344",
        "cumulative": false
    },
    {
        "date": "2020-12-08T11:11:32.143Z",
        "value": "0.550567090511322",
        "cumulative": false
    },
    {
        "date": "2020-12-08T11:11:33.809Z",
        "value": "0.804859459400177",
        "cumulative": false
    },
    {
        "date": "2020-12-08T11:11:35.042Z",
        "value": "0.6380187273025513",
        "cumulative": false
    },
    {
        "date": "2020-12-08T11:11:36.704Z",
        "value": "0.5289702415466309",
        "cumulative": false
    },
    {
        "date": "2020-12-08T11:11:37.932Z",
        "value": "0.5681202411651611",
        "cumulative": false
    },
    {
        "date": "2020-12-08T11:11:39.611Z",
        "value": "0.42207902669906616",
        "cumulative": false
    },
    {
        "date": "2020-12-08T11:11:40.810Z",
        "value": "0.6074686646461487",
        "cumulative": false
    },
    {
        "date": "2020-12-08T11:11:42.482Z",
        "value": "0.5579254031181335",
        "cumulative": false
    },
    {
        "date": "2020-12-08T11:11:43.687Z",
        "value": "0.5031358599662781",
        "cumulative": false
    },
    {
        "date": "2020-12-08T11:11:45.362Z",
        "value": "0.40510791540145874",
        "cumulative": false
    },
    {
        "date": "2020-12-08T11:11:46.556Z",
        "value": "0.4587126672267914",
        "cumulative": false
    },
    {
        "date": "2020-12-08T11:11:48.208Z",
        "value": "0.5010748505592346",
        "cumulative": false
    },
    {
        "date": "2020-12-08T11:11:49.481Z",
        "value": "0.5407577157020569",
        "cumulative": false
    },
    {
        "date": "2020-12-08T11:11:51.143Z",
        "value": "0.5210812091827393",
        "cumulative": false
    },
    {
        "date": "2020-12-08T11:11:52.389Z",
        "value": "0.3861042857170105",
        "cumulative": false
    }
]