[
    {
        "date": "2020-12-08T11:11:06.881Z",
        "value": "0.12657403945922852",
        "cumulative": false
    },
    {
        "date": "2020-12-08T11:11:09.747Z",
        "value": "0.12296581268310547",
        "cumulative": false
    },
    {
        "date": "2020-12-08T11:11:12.659Z",
        "value": "0.12696623802185059",
        "cumulative": false
    },
    {
        "date": "2020-12-08T11:11:15.625Z",
        "value": "0.1183478832244873",
        "cumulative": false
    },
    {
        "date": "2020-12-08T11:11:18.634Z",
        "value": "0.12856221199035645",
        "cumulative": false
    },
    {
        "date": "2020-12-08T11:11:21.635Z",
        "value": "0.12835144996643066",
        "cumulative": false
    },
    {
        "date": "2020-12-08T11:11:24.539Z",
        "value": "0.12253737449645996",
        "cumulative": false
    },
    {
        "date": "2020-12-08T11:11:27.418Z",
        "value": "0.12471222877502441",
        "cumulative": false
    },
    {
        "date": "2020-12-08T11:11:30.323Z",
        "value": "0.11998224258422852",
        "cumulative": false
    },
    {
        "date": "2020-12-08T11:11:33.256Z",
        "value": "0.1270618438720703",
        "cumulative": false
    },
    {
        "date": "2020-12-08T11:11:36.167Z",
        "value": "0.11915898323059082",
        "cumulative": false
    },
    {
        "date": "2020-12-08T11:11:39.056Z",
        "value": "0.12229490280151367",
        "cumulative": false
    },
    {
        "date": "2020-12-08T11:11:41.949Z",
        "value": "0.11859536170959473",
        "cumulative": false
    },
    {
        "date": "2020-12-08T11:11:44.815Z",
        "value": "0.1261444091796875",
        "cumulative": false
    },
    {
        "date": "2020-12-08T11:11:47.647Z",
        "value": "0.11715579032897949",
        "cumulative": false
    },
    {
        "date": "2020-12-08T11:11:50.609Z",
        "value": "0.11998772621154785",
        "cumulative": false
    },
    {
        "date": "2020-12-08T11:11:53.513Z",
        "value": "0.12769222259521484",
        "cumulative": false
    }
]