[
    {
        "date": "2020-12-08T11:11:04.539Z",
        "value": "50.78125",
        "cumulative": false
    },
    {
        "date": "2020-12-08T11:11:05.814Z",
        "value": "86.71875",
        "cumulative": false
    },
    {
        "date": "2020-12-08T11:11:07.438Z",
        "value": "93.75",
        "cumulative": false
    },
    {
        "date": "2020-12-08T11:11:08.652Z",
        "value": "93.75",
        "cumulative": false
    },
    {
        "date": "2020-12-08T11:11:10.308Z",
        "value": "92.96875",
        "cumulative": false
    },
    {
        "date": "2020-12-08T11:11:11.537Z",
        "value": "94.53125",
        "cumulative": false
    },
    {
        "date": "2020-12-08T11:11:13.205Z",
        "value": "98.4375",
        "cumulative": false
    },
    {
        "date": "2020-12-08T11:11:14.486Z",
        "value": "94.53125",
        "cumulative": false
    },
    {
        "date": "2020-12-08T11:11:16.213Z",
        "value": "96.09375",
        "cumulative": false
    },
    {
        "date": "2020-12-08T11:11:17.511Z",
        "value": "99.21875",
        "cumulative": false
    },
    {
        "date": "2020-12-08T11:11:19.254Z",
        "value": "95.3125",
        "cumulative": false
    },
    {
        "date": "2020-12-08T11:11:20.515Z",
        "value": "98.4375",
        "cumulative": false
    },
    {
        "date": "2020-12-08T11:11:22.198Z",
        "value": "96.09375",
        "cumulative": false
    },
    {
        "date": "2020-12-08T11:11:23.429Z",
        "value": "99.21875",
        "cumulative": false
    },
    {
        "date": "2020-12-08T11:11:25.094Z",
        "value": "98.4375",
        "cumulative": false
    },
    {
        "date": "2020-12-08T11:11:26.307Z",
        "value": "99.21875",
        "cumulative": false
    },
    {
        "date": "2020-12-08T11:11:27.977Z",
        "value": "98.4375",
        "cumulative": false
    },
    {
        "date": "2020-12-08T11:11:29.192Z",
        "value": "97.65625",
        "cumulative": false
    },
    {
        "date": "2020-12-08T11:11:30.910Z",
        "value": "99.21875",
        "cumulative": false
    },
    {
        "date": "2020-12-08T11:11:32.149Z",
        "value": "99.21875",
        "cumulative": false
    },
    {
        "date": "2020-12-08T11:11:33.824Z",
        "value": "100.0",
        "cumulative": false
    },
    {
        "date": "2020-12-08T11:11:35.045Z",
        "value": "99.21875",
        "cumulative": false
    },
    {
        "date": "2020-12-08T11:11:36.711Z",
        "value": "99.21875",
        "cumulative": false
    },
    {
        "date": "2020-12-08T11:11:37.941Z",
        "value": "100.0",
        "cumulative": false
    },
    {
        "date": "2020-12-08T11:11:39.620Z",
        "value": "96.875",
        "cumulative": false
    },
    {
        "date": "2020-12-08T11:11:40.820Z",
        "value": "99.21875",
        "cumulative": false
    },
    {
        "date": "2020-12-08T11:11:42.483Z",
        "value": "100.0",
        "cumulative": false
    },
    {
        "date": "2020-12-08T11:11:43.686Z",
        "value": "99.21875",
        "cumulative": false
    },
    {
        "date": "2020-12-08T11:11:45.368Z",
        "value": "100.0",
        "cumulative": false
    },
    {
        "date": "2020-12-08T11:11:46.562Z",
        "value": "97.65625",
        "cumulative": false
    },
    {
        "date": "2020-12-08T11:11:48.212Z",
        "value": "99.21875",
        "cumulative": false
    },
    {
        "date": "2020-12-08T11:11:49.487Z",
        "value": "99.21875",
        "cumulative": false
    },
    {
        "date": "2020-12-08T11:11:51.148Z",
        "value": "100.0",
        "cumulative": false
    },
    {
        "date": "2020-12-08T11:11:52.395Z",
        "value": "99.21875",
        "cumulative": false
    }
]