[
    {
        "date": "2020-12-08T11:11:06.893Z",
        "value": "0.010284423828125",
        "cumulative": false
    },
    {
        "date": "2020-12-08T11:11:09.753Z",
        "value": "0.009282112121582031",
        "cumulative": false
    },
    {
        "date": "2020-12-08T11:11:12.676Z",
        "value": "0.009110212326049805",
        "cumulative": false
    },
    {
        "date": "2020-12-08T11:11:15.645Z",
        "value": "0.009301185607910156",
        "cumulative": false
    },
    {
        "date": "2020-12-08T11:11:18.654Z",
        "value": "0.010181427001953125",
        "cumulative": false
    },
    {
        "date": "2020-12-08T11:11:21.650Z",
        "value": "0.010467052459716797",
        "cumulative": false
    },
    {
        "date": "2020-12-08T11:11:24.551Z",
        "value": "0.010854959487915039",
        "cumulative": false
    },
    {
        "date": "2020-12-08T11:11:27.421Z",
        "value": "0.01117706298828125",
        "cumulative": false
    },
    {
        "date": "2020-12-08T11:11:30.329Z",
        "value": "0.010770797729492188",
        "cumulative": false
    },
    {
        "date": "2020-12-08T11:11:33.269Z",
        "value": "0.010251283645629883",
        "cumulative": false
    },
    {
        "date": "2020-12-08T11:11:36.182Z",
        "value": "0.013318777084350586",
        "cumulative": false
    },
    {
        "date": "2020-12-08T11:11:39.060Z",
        "value": "0.01114654541015625",
        "cumulative": false
    },
    {
        "date": "2020-12-08T11:11:41.957Z",
        "value": "0.01272439956665039",
        "cumulative": false
    },
    {
        "date": "2020-12-08T11:11:44.828Z",
        "value": "0.010558843612670898",
        "cumulative": false
    },
    {
        "date": "2020-12-08T11:11:47.658Z",
        "value": "0.010327339172363281",
        "cumulative": false
    },
    {
        "date": "2020-12-08T11:11:50.611Z",
        "value": "0.010263204574584961",
        "cumulative": false
    },
    {
        "date": "2020-12-08T11:11:53.523Z",
        "value": "0.010820627212524414",
        "cumulative": false
    }
]