[
    {
        "date": "2020-12-08T11:11:06.893Z",
        "value": "0.031234025955200195",
        "cumulative": false
    },
    {
        "date": "2020-12-08T11:11:09.753Z",
        "value": "0.030613183975219727",
        "cumulative": false
    },
    {
        "date": "2020-12-08T11:11:12.676Z",
        "value": "0.02872776985168457",
        "cumulative": false
    },
    {
        "date": "2020-12-08T11:11:15.645Z",
        "value": "0.032097578048706055",
        "cumulative": false
    },
    {
        "date": "2020-12-08T11:11:18.654Z",
        "value": "0.03944277763366699",
        "cumulative": false
    },
    {
        "date": "2020-12-08T11:11:21.650Z",
        "value": "0.033469438552856445",
        "cumulative": false
    },
    {
        "date": "2020-12-08T11:11:24.551Z",
        "value": "0.03247785568237305",
        "cumulative": false
    },
    {
        "date": "2020-12-08T11:11:27.421Z",
        "value": "0.0335845947265625",
        "cumulative": false
    },
    {
        "date": "2020-12-08T11:11:30.329Z",
        "value": "0.033833980560302734",
        "cumulative": false
    },
    {
        "date": "2020-12-08T11:11:33.269Z",
        "value": "0.032529354095458984",
        "cumulative": false
    },
    {
        "date": "2020-12-08T11:11:36.182Z",
        "value": "0.03506040573120117",
        "cumulative": false
    },
    {
        "date": "2020-12-08T11:11:39.060Z",
        "value": "0.03369712829589844",
        "cumulative": false
    },
    {
        "date": "2020-12-08T11:11:41.957Z",
        "value": "0.03177785873413086",
        "cumulative": false
    },
    {
        "date": "2020-12-08T11:11:44.828Z",
        "value": "0.03478741645812988",
        "cumulative": false
    },
    {
        "date": "2020-12-08T11:11:47.658Z",
        "value": "0.03260540962219238",
        "cumulative": false
    },
    {
        "date": "2020-12-08T11:11:50.611Z",
        "value": "0.03285074234008789",
        "cumulative": false
    },
    {
        "date": "2020-12-08T11:11:53.523Z",
        "value": "0.03857564926147461",
        "cumulative": false
    }
]