[
    {
        "date": "2020-12-08T11:11:06.885Z",
        "value": "9.965896606445312e-05",
        "cumulative": false
    },
    {
        "date": "2020-12-08T11:11:09.743Z",
        "value": "9.298324584960938e-05",
        "cumulative": false
    },
    {
        "date": "2020-12-08T11:11:12.664Z",
        "value": "0.00012350082397460938",
        "cumulative": false
    },
    {
        "date": "2020-12-08T11:11:15.636Z",
        "value": "0.00010919570922851562",
        "cumulative": false
    },
    {
        "date": "2020-12-08T11:11:18.635Z",
        "value": "0.00010418891906738281",
        "cumulative": false
    },
    {
        "date": "2020-12-08T11:11:21.637Z",
        "value": "0.00012755393981933594",
        "cumulative": false
    },
    {
        "date": "2020-12-08T11:11:24.543Z",
        "value": "9.608268737792969e-05",
        "cumulative": false
    },
    {
        "date": "2020-12-08T11:11:27.413Z",
        "value": "0.00010991096496582031",
        "cumulative": false
    },
    {
        "date": "2020-12-08T11:11:30.321Z",
        "value": "0.00010275840759277344",
        "cumulative": false
    },
    {
        "date": "2020-12-08T11:11:33.258Z",
        "value": "0.0001010894775390625",
        "cumulative": false
    },
    {
        "date": "2020-12-08T11:11:36.165Z",
        "value": "0.00010728836059570312",
        "cumulative": false
    },
    {
        "date": "2020-12-08T11:11:39.048Z",
        "value": "0.00012087821960449219",
        "cumulative": false
    },
    {
        "date": "2020-12-08T11:11:41.946Z",
        "value": "0.00010752677917480469",
        "cumulative": false
    },
    {
        "date": "2020-12-08T11:11:44.816Z",
        "value": "0.0001392364501953125",
        "cumulative": false
    },
    {
        "date": "2020-12-08T11:11:47.648Z",
        "value": "9.751319885253906e-05",
        "cumulative": false
    },
    {
        "date": "2020-12-08T11:11:50.599Z",
        "value": "9.942054748535156e-05",
        "cumulative": false
    },
    {
        "date": "2020-12-08T11:11:53.510Z",
        "value": "0.00010180473327636719",
        "cumulative": false
    }
]