[
    {
        "date": "2020-12-08T11:11:06.884Z",
        "value": "0.26100587844848633",
        "cumulative": false
    },
    {
        "date": "2020-12-08T11:11:09.760Z",
        "value": "0.2596721649169922",
        "cumulative": false
    },
    {
        "date": "2020-12-08T11:11:12.665Z",
        "value": "0.25898313522338867",
        "cumulative": false
    },
    {
        "date": "2020-12-08T11:11:15.630Z",
        "value": "0.2582566738128662",
        "cumulative": false
    },
    {
        "date": "2020-12-08T11:11:18.653Z",
        "value": "0.2685422897338867",
        "cumulative": false
    },
    {
        "date": "2020-12-08T11:11:21.643Z",
        "value": "0.27199387550354004",
        "cumulative": false
    },
    {
        "date": "2020-12-08T11:11:24.549Z",
        "value": "0.3020052909851074",
        "cumulative": false
    },
    {
        "date": "2020-12-08T11:11:27.418Z",
        "value": "0.25813746452331543",
        "cumulative": false
    },
    {
        "date": "2020-12-08T11:11:30.328Z",
        "value": "0.2387855052947998",
        "cumulative": false
    },
    {
        "date": "2020-12-08T11:11:33.261Z",
        "value": "0.2655003070831299",
        "cumulative": false
    },
    {
        "date": "2020-12-08T11:11:36.165Z",
        "value": "0.25851964950561523",
        "cumulative": false
    },
    {
        "date": "2020-12-08T11:11:39.063Z",
        "value": "0.2681586742401123",
        "cumulative": false
    },
    {
        "date": "2020-12-08T11:11:41.947Z",
        "value": "0.24918246269226074",
        "cumulative": false
    },
    {
        "date": "2020-12-08T11:11:44.821Z",
        "value": "0.2688405513763428",
        "cumulative": false
    },
    {
        "date": "2020-12-08T11:11:47.649Z",
        "value": "0.26639223098754883",
        "cumulative": false
    },
    {
        "date": "2020-12-08T11:11:50.602Z",
        "value": "0.2513110637664795",
        "cumulative": false
    },
    {
        "date": "2020-12-08T11:11:53.515Z",
        "value": "0.271136999130249",
        "cumulative": false
    }
]