[
    {
        "date": "2020-12-08T11:11:06.892Z",
        "value": "0.007337093353271484",
        "cumulative": false
    },
    {
        "date": "2020-12-08T11:11:09.748Z",
        "value": "0.00726771354675293",
        "cumulative": false
    },
    {
        "date": "2020-12-08T11:11:12.658Z",
        "value": "0.008206605911254883",
        "cumulative": false
    },
    {
        "date": "2020-12-08T11:11:15.632Z",
        "value": "0.008543729782104492",
        "cumulative": false
    },
    {
        "date": "2020-12-08T11:11:18.638Z",
        "value": "0.008015632629394531",
        "cumulative": false
    },
    {
        "date": "2020-12-08T11:11:21.632Z",
        "value": "0.008745908737182617",
        "cumulative": false
    },
    {
        "date": "2020-12-08T11:11:24.538Z",
        "value": "0.007069826126098633",
        "cumulative": false
    },
    {
        "date": "2020-12-08T11:11:27.411Z",
        "value": "0.007414102554321289",
        "cumulative": false
    },
    {
        "date": "2020-12-08T11:11:30.333Z",
        "value": "0.007363080978393555",
        "cumulative": false
    },
    {
        "date": "2020-12-08T11:11:33.253Z",
        "value": "0.010075569152832031",
        "cumulative": false
    },
    {
        "date": "2020-12-08T11:11:36.161Z",
        "value": "0.006859540939331055",
        "cumulative": false
    },
    {
        "date": "2020-12-08T11:11:39.058Z",
        "value": "0.008305072784423828",
        "cumulative": false
    },
    {
        "date": "2020-12-08T11:11:41.947Z",
        "value": "0.00737452507019043",
        "cumulative": false
    },
    {
        "date": "2020-12-08T11:11:44.813Z",
        "value": "0.007466793060302734",
        "cumulative": false
    },
    {
        "date": "2020-12-08T11:11:47.646Z",
        "value": "0.006981611251831055",
        "cumulative": false
    },
    {
        "date": "2020-12-08T11:11:50.602Z",
        "value": "0.007008552551269531",
        "cumulative": false
    },
    {
        "date": "2020-12-08T11:11:53.510Z",
        "value": "0.0073430538177490234",
        "cumulative": false
    }
]