[
    {
        "date": "2020-12-08T11:11:06.885Z",
        "value": "0.008880615234375",
        "cumulative": false
    },
    {
        "date": "2020-12-08T11:11:09.743Z",
        "value": "0.008886575698852539",
        "cumulative": false
    },
    {
        "date": "2020-12-08T11:11:12.664Z",
        "value": "0.01125645637512207",
        "cumulative": false
    },
    {
        "date": "2020-12-08T11:11:15.636Z",
        "value": "0.009061098098754883",
        "cumulative": false
    },
    {
        "date": "2020-12-08T11:11:18.634Z",
        "value": "0.008922576904296875",
        "cumulative": false
    },
    {
        "date": "2020-12-08T11:11:21.637Z",
        "value": "0.010582923889160156",
        "cumulative": false
    },
    {
        "date": "2020-12-08T11:11:24.543Z",
        "value": "0.008529424667358398",
        "cumulative": false
    },
    {
        "date": "2020-12-08T11:11:27.413Z",
        "value": "0.009153366088867188",
        "cumulative": false
    },
    {
        "date": "2020-12-08T11:11:30.321Z",
        "value": "0.009676694869995117",
        "cumulative": false
    },
    {
        "date": "2020-12-08T11:11:33.258Z",
        "value": "0.008510828018188477",
        "cumulative": false
    },
    {
        "date": "2020-12-08T11:11:36.165Z",
        "value": "0.008991479873657227",
        "cumulative": false
    },
    {
        "date": "2020-12-08T11:11:39.048Z",
        "value": "0.008893013000488281",
        "cumulative": false
    },
    {
        "date": "2020-12-08T11:11:41.945Z",
        "value": "0.008968591690063477",
        "cumulative": false
    },
    {
        "date": "2020-12-08T11:11:44.816Z",
        "value": "0.00978231430053711",
        "cumulative": false
    },
    {
        "date": "2020-12-08T11:11:47.648Z",
        "value": "0.009566783905029297",
        "cumulative": false
    },
    {
        "date": "2020-12-08T11:11:50.599Z",
        "value": "0.009327173233032227",
        "cumulative": false
    },
    {
        "date": "2020-12-08T11:11:53.510Z",
        "value": "0.008392810821533203",
        "cumulative": false
    }
]