[
    {
        "date": "2020-12-08T11:11:04.530Z",
        "value": "2.527711868286133",
        "cumulative": false
    },
    {
        "date": "2020-12-08T11:11:05.804Z",
        "value": "1.697590708732605",
        "cumulative": false
    },
    {
        "date": "2020-12-08T11:11:07.431Z",
        "value": "1.5179544687271118",
        "cumulative": false
    },
    {
        "date": "2020-12-08T11:11:08.640Z",
        "value": "1.3784973621368408",
        "cumulative": false
    },
    {
        "date": "2020-12-08T11:11:10.296Z",
        "value": "1.3676583766937256",
        "cumulative": false
    },
    {
        "date": "2020-12-08T11:11:11.533Z",
        "value": "1.2429900169372559",
        "cumulative": false
    },
    {
        "date": "2020-12-08T11:11:13.191Z",
        "value": "1.1147494316101074",
        "cumulative": false
    },
    {
        "date": "2020-12-08T11:11:14.480Z",
        "value": "0.8951858282089233",
        "cumulative": false
    },
    {
        "date": "2020-12-08T11:11:16.204Z",
        "value": "1.1078321933746338",
        "cumulative": false
    },
    {
        "date": "2020-12-08T11:11:17.503Z",
        "value": "1.0121686458587646",
        "cumulative": false
    },
    {
        "date": "2020-12-08T11:11:19.245Z",
        "value": "0.9889264106750488",
        "cumulative": false
    },
    {
        "date": "2020-12-08T11:11:20.513Z",
        "value": "0.7356479167938232",
        "cumulative": false
    },
    {
        "date": "2020-12-08T11:11:22.193Z",
        "value": "0.7118210196495056",
        "cumulative": false
    },
    {
        "date": "2020-12-08T11:11:23.420Z",
        "value": "0.7672699093818665",
        "cumulative": false
    },
    {
        "date": "2020-12-08T11:11:25.089Z",
        "value": "0.8735780119895935",
        "cumulative": false
    },
    {
        "date": "2020-12-08T11:11:26.301Z",
        "value": "0.7123156189918518",
        "cumulative": false
    },
    {
        "date": "2020-12-08T11:11:27.974Z",
        "value": "0.6641777157783508",
        "cumulative": false
    },
    {
        "date": "2020-12-08T11:11:29.183Z",
        "value": "0.6268373727798462",
        "cumulative": false
    },
    {
        "date": "2020-12-08T11:11:30.896Z",
        "value": "0.7407190799713135",
        "cumulative": false
    },
    {
        "date": "2020-12-08T11:11:32.141Z",
        "value": "0.5986442565917969",
        "cumulative": false
    },
    {
        "date": "2020-12-08T11:11:33.811Z",
        "value": "0.6520702838897705",
        "cumulative": false
    },
    {
        "date": "2020-12-08T11:11:35.038Z",
        "value": "0.4448516070842743",
        "cumulative": false
    },
    {
        "date": "2020-12-08T11:11:36.706Z",
        "value": "0.5849173069000244",
        "cumulative": false
    },
    {
        "date": "2020-12-08T11:11:37.932Z",
        "value": "0.4641559422016144",
        "cumulative": false
    },
    {
        "date": "2020-12-08T11:11:39.612Z",
        "value": "0.6102695465087891",
        "cumulative": false
    },
    {
        "date": "2020-12-08T11:11:40.808Z",
        "value": "0.4987105131149292",
        "cumulative": false
    },
    {
        "date": "2020-12-08T11:11:42.479Z",
        "value": "0.5090776681900024",
        "cumulative": false
    },
    {
        "date": "2020-12-08T11:11:43.678Z",
        "value": "0.6107179522514343",
        "cumulative": false
    },
    {
        "date": "2020-12-08T11:11:45.356Z",
        "value": "0.5885334014892578",
        "cumulative": false
    },
    {
        "date": "2020-12-08T11:11:46.554Z",
        "value": "0.5339770317077637",
        "cumulative": false
    },
    {
        "date": "2020-12-08T11:11:48.201Z",
        "value": "0.4252839982509613",
        "cumulative": false
    },
    {
        "date": "2020-12-08T11:11:49.478Z",
        "value": "0.5596850514411926",
        "cumulative": false
    },
    {
        "date": "2020-12-08T11:11:51.136Z",
        "value": "0.7340497374534607",
        "cumulative": false
    },
    {
        "date": "2020-12-08T11:11:52.386Z",
        "value": "0.5197418332099915",
        "cumulative": false
    }
]