[
    {
        "date": "2020-12-08T11:11:06.890Z",
        "value": "0.21953988075256348",
        "cumulative": false
    },
    {
        "date": "2020-12-08T11:11:09.744Z",
        "value": "0.22637414932250977",
        "cumulative": false
    },
    {
        "date": "2020-12-08T11:11:12.667Z",
        "value": "0.2515413761138916",
        "cumulative": false
    },
    {
        "date": "2020-12-08T11:11:15.634Z",
        "value": "0.25583910942077637",
        "cumulative": false
    },
    {
        "date": "2020-12-08T11:11:18.635Z",
        "value": "0.2258930206298828",
        "cumulative": false
    },
    {
        "date": "2020-12-08T11:11:21.638Z",
        "value": "0.22977256774902344",
        "cumulative": false
    },
    {
        "date": "2020-12-08T11:11:24.545Z",
        "value": "0.2372913360595703",
        "cumulative": false
    },
    {
        "date": "2020-12-08T11:11:27.412Z",
        "value": "0.23837637901306152",
        "cumulative": false
    },
    {
        "date": "2020-12-08T11:11:30.327Z",
        "value": "0.22776174545288086",
        "cumulative": false
    },
    {
        "date": "2020-12-08T11:11:33.263Z",
        "value": "0.24012136459350586",
        "cumulative": false
    },
    {
        "date": "2020-12-08T11:11:36.167Z",
        "value": "0.2296442985534668",
        "cumulative": false
    },
    {
        "date": "2020-12-08T11:11:39.052Z",
        "value": "0.21635079383850098",
        "cumulative": false
    },
    {
        "date": "2020-12-08T11:11:41.945Z",
        "value": "0.22526216506958008",
        "cumulative": false
    },
    {
        "date": "2020-12-08T11:11:44.814Z",
        "value": "0.25348734855651855",
        "cumulative": false
    },
    {
        "date": "2020-12-08T11:11:47.647Z",
        "value": "0.22239947319030762",
        "cumulative": false
    },
    {
        "date": "2020-12-08T11:11:50.607Z",
        "value": "0.22287988662719727",
        "cumulative": false
    },
    {
        "date": "2020-12-08T11:11:53.517Z",
        "value": "0.22774672508239746",
        "cumulative": false
    }
]