[
    {
        "date": "2020-12-08T11:11:06.890Z",
        "value": "0.0001392364501953125",
        "cumulative": false
    },
    {
        "date": "2020-12-08T11:11:09.744Z",
        "value": "0.00011515617370605469",
        "cumulative": false
    },
    {
        "date": "2020-12-08T11:11:12.667Z",
        "value": "0.0001270771026611328",
        "cumulative": false
    },
    {
        "date": "2020-12-08T11:11:15.634Z",
        "value": "0.0001437664031982422",
        "cumulative": false
    },
    {
        "date": "2020-12-08T11:11:18.635Z",
        "value": "0.0001304149627685547",
        "cumulative": false
    },
    {
        "date": "2020-12-08T11:11:21.638Z",
        "value": "0.000141143798828125",
        "cumulative": false
    },
    {
        "date": "2020-12-08T11:11:24.545Z",
        "value": "0.0001270771026611328",
        "cumulative": false
    },
    {
        "date": "2020-12-08T11:11:27.412Z",
        "value": "0.00011515617370605469",
        "cumulative": false
    },
    {
        "date": "2020-12-08T11:11:30.327Z",
        "value": "0.00016450881958007812",
        "cumulative": false
    },
    {
        "date": "2020-12-08T11:11:33.263Z",
        "value": "0.0001251697540283203",
        "cumulative": false
    },
    {
        "date": "2020-12-08T11:11:36.167Z",
        "value": "0.00012636184692382812",
        "cumulative": false
    },
    {
        "date": "2020-12-08T11:11:39.052Z",
        "value": "0.00012230873107910156",
        "cumulative": false
    },
    {
        "date": "2020-12-08T11:11:41.945Z",
        "value": "0.00012159347534179688",
        "cumulative": false
    },
    {
        "date": "2020-12-08T11:11:44.814Z",
        "value": "0.00013947486877441406",
        "cumulative": false
    },
    {
        "date": "2020-12-08T11:11:47.647Z",
        "value": "0.0001380443572998047",
        "cumulative": false
    },
    {
        "date": "2020-12-08T11:11:50.608Z",
        "value": "0.00012063980102539062",
        "cumulative": false
    },
    {
        "date": "2020-12-08T11:11:53.517Z",
        "value": "0.00011682510375976562",
        "cumulative": false
    }
]