[
    {
        "date": "2020-12-08T11:11:04.532Z",
        "value": "10.15625",
        "cumulative": false
    },
    {
        "date": "2020-12-08T11:11:05.809Z",
        "value": "35.9375",
        "cumulative": false
    },
    {
        "date": "2020-12-08T11:11:07.429Z",
        "value": "43.75",
        "cumulative": false
    },
    {
        "date": "2020-12-08T11:11:08.648Z",
        "value": "54.6875",
        "cumulative": false
    },
    {
        "date": "2020-12-08T11:11:10.302Z",
        "value": "53.125",
        "cumulative": false
    },
    {
        "date": "2020-12-08T11:11:11.532Z",
        "value": "59.375",
        "cumulative": false
    },
    {
        "date": "2020-12-08T11:11:13.193Z",
        "value": "60.15625",
        "cumulative": false
    },
    {
        "date": "2020-12-08T11:11:14.490Z",
        "value": "58.59375",
        "cumulative": false
    },
    {
        "date": "2020-12-08T11:11:16.209Z",
        "value": "67.1875",
        "cumulative": false
    },
    {
        "date": "2020-12-08T11:11:17.509Z",
        "value": "65.625",
        "cumulative": false
    },
    {
        "date": "2020-12-08T11:11:19.250Z",
        "value": "73.4375",
        "cumulative": false
    },
    {
        "date": "2020-12-08T11:11:20.510Z",
        "value": "65.625",
        "cumulative": false
    },
    {
        "date": "2020-12-08T11:11:22.193Z",
        "value": "78.125",
        "cumulative": false
    },
    {
        "date": "2020-12-08T11:11:23.422Z",
        "value": "74.21875",
        "cumulative": false
    },
    {
        "date": "2020-12-08T11:11:25.092Z",
        "value": "81.25",
        "cumulative": false
    },
    {
        "date": "2020-12-08T11:11:26.301Z",
        "value": "71.09375",
        "cumulative": false
    },
    {
        "date": "2020-12-08T11:11:27.971Z",
        "value": "75.78125",
        "cumulative": false
    },
    {
        "date": "2020-12-08T11:11:29.185Z",
        "value": "70.3125",
        "cumulative": false
    },
    {
        "date": "2020-12-08T11:11:30.903Z",
        "value": "73.4375",
        "cumulative": false
    },
    {
        "date": "2020-12-08T11:11:32.143Z",
        "value": "78.90625",
        "cumulative": false
    },
    {
        "date": "2020-12-08T11:11:33.807Z",
        "value": "75.0",
        "cumulative": false
    },
    {
        "date": "2020-12-08T11:11:35.040Z",
        "value": "78.90625",
        "cumulative": false
    },
    {
        "date": "2020-12-08T11:11:36.710Z",
        "value": "80.46875",
        "cumulative": false
    },
    {
        "date": "2020-12-08T11:11:37.932Z",
        "value": "72.65625",
        "cumulative": false
    },
    {
        "date": "2020-12-08T11:11:39.611Z",
        "value": "85.15625",
        "cumulative": false
    },
    {
        "date": "2020-12-08T11:11:40.811Z",
        "value": "79.6875",
        "cumulative": false
    },
    {
        "date": "2020-12-08T11:11:42.482Z",
        "value": "78.90625",
        "cumulative": false
    },
    {
        "date": "2020-12-08T11:11:43.684Z",
        "value": "84.375",
        "cumulative": false
    },
    {
        "date": "2020-12-08T11:11:45.365Z",
        "value": "85.9375",
        "cumulative": false
    },
    {
        "date": "2020-12-08T11:11:46.556Z",
        "value": "84.375",
        "cumulative": false
    },
    {
        "date": "2020-12-08T11:11:48.206Z",
        "value": "75.0",
        "cumulative": false
    },
    {
        "date": "2020-12-08T11:11:49.481Z",
        "value": "87.5",
        "cumulative": false
    },
    {
        "date": "2020-12-08T11:11:51.144Z",
        "value": "82.03125",
        "cumulative": false
    },
    {
        "date": "2020-12-08T11:11:52.393Z",
        "value": "78.125",
        "cumulative": false
    }
]