[
    {
        "date": "2020-12-08T11:11:06.895Z",
        "value": "0.09976887702941895",
        "cumulative": false
    },
    {
        "date": "2020-12-08T11:11:09.756Z",
        "value": "0.10070276260375977",
        "cumulative": false
    },
    {
        "date": "2020-12-08T11:11:12.668Z",
        "value": "0.1212928295135498",
        "cumulative": false
    },
    {
        "date": "2020-12-08T11:11:15.633Z",
        "value": "0.10634112358093262",
        "cumulative": false
    },
    {
        "date": "2020-12-08T11:11:18.641Z",
        "value": "0.09288573265075684",
        "cumulative": false
    },
    {
        "date": "2020-12-08T11:11:21.643Z",
        "value": "0.10405397415161133",
        "cumulative": false
    },
    {
        "date": "2020-12-08T11:11:24.549Z",
        "value": "0.10579895973205566",
        "cumulative": false
    },
    {
        "date": "2020-12-08T11:11:27.413Z",
        "value": "0.1037604808807373",
        "cumulative": false
    },
    {
        "date": "2020-12-08T11:11:30.340Z",
        "value": "0.09946823120117188",
        "cumulative": false
    },
    {
        "date": "2020-12-08T11:11:33.265Z",
        "value": "0.10883188247680664",
        "cumulative": false
    },
    {
        "date": "2020-12-08T11:11:36.167Z",
        "value": "0.09119129180908203",
        "cumulative": false
    },
    {
        "date": "2020-12-08T11:11:39.056Z",
        "value": "0.09717988967895508",
        "cumulative": false
    },
    {
        "date": "2020-12-08T11:11:41.951Z",
        "value": "0.11045622825622559",
        "cumulative": false
    },
    {
        "date": "2020-12-08T11:11:44.826Z",
        "value": "0.10563349723815918",
        "cumulative": false
    },
    {
        "date": "2020-12-08T11:11:47.652Z",
        "value": "0.09827351570129395",
        "cumulative": false
    },
    {
        "date": "2020-12-08T11:11:50.616Z",
        "value": "0.10036253929138184",
        "cumulative": false
    },
    {
        "date": "2020-12-08T11:11:53.516Z",
        "value": "0.10952353477478027",
        "cumulative": false
    }
]