[
    {
        "date": "2020-12-08T11:11:04.540Z",
        "value": "10.9375",
        "cumulative": false
    },
    {
        "date": "2020-12-08T11:11:05.815Z",
        "value": "35.15625",
        "cumulative": false
    },
    {
        "date": "2020-12-08T11:11:07.440Z",
        "value": "39.0625",
        "cumulative": false
    },
    {
        "date": "2020-12-08T11:11:08.655Z",
        "value": "46.875",
        "cumulative": false
    },
    {
        "date": "2020-12-08T11:11:10.307Z",
        "value": "49.21875",
        "cumulative": false
    },
    {
        "date": "2020-12-08T11:11:11.540Z",
        "value": "60.9375",
        "cumulative": false
    },
    {
        "date": "2020-12-08T11:11:13.207Z",
        "value": "65.625",
        "cumulative": false
    },
    {
        "date": "2020-12-08T11:11:14.490Z",
        "value": "59.375",
        "cumulative": false
    },
    {
        "date": "2020-12-08T11:11:16.221Z",
        "value": "65.625",
        "cumulative": false
    },
    {
        "date": "2020-12-08T11:11:17.518Z",
        "value": "69.53125",
        "cumulative": false
    },
    {
        "date": "2020-12-08T11:11:19.263Z",
        "value": "74.21875",
        "cumulative": false
    },
    {
        "date": "2020-12-08T11:11:20.522Z",
        "value": "62.5",
        "cumulative": false
    },
    {
        "date": "2020-12-08T11:11:22.197Z",
        "value": "66.40625",
        "cumulative": false
    },
    {
        "date": "2020-12-08T11:11:23.435Z",
        "value": "70.3125",
        "cumulative": false
    },
    {
        "date": "2020-12-08T11:11:25.095Z",
        "value": "75.0",
        "cumulative": false
    },
    {
        "date": "2020-12-08T11:11:26.309Z",
        "value": "71.09375",
        "cumulative": false
    },
    {
        "date": "2020-12-08T11:11:27.986Z",
        "value": "80.46875",
        "cumulative": false
    },
    {
        "date": "2020-12-08T11:11:29.194Z",
        "value": "72.65625",
        "cumulative": false
    },
    {
        "date": "2020-12-08T11:11:30.911Z",
        "value": "73.4375",
        "cumulative": false
    },
    {
        "date": "2020-12-08T11:11:32.155Z",
        "value": "75.78125",
        "cumulative": false
    },
    {
        "date": "2020-12-08T11:11:33.816Z",
        "value": "71.875",
        "cumulative": false
    },
    {
        "date": "2020-12-08T11:11:35.047Z",
        "value": "85.15625",
        "cumulative": false
    },
    {
        "date": "2020-12-08T11:11:36.717Z",
        "value": "81.25",
        "cumulative": false
    },
    {
        "date": "2020-12-08T11:11:37.941Z",
        "value": "78.90625",
        "cumulative": false
    },
    {
        "date": "2020-12-08T11:11:39.624Z",
        "value": "79.6875",
        "cumulative": false
    },
    {
        "date": "2020-12-08T11:11:40.823Z",
        "value": "81.25",
        "cumulative": false
    },
    {
        "date": "2020-12-08T11:11:42.493Z",
        "value": "80.46875",
        "cumulative": false
    },
    {
        "date": "2020-12-08T11:11:43.689Z",
        "value": "85.15625",
        "cumulative": false
    },
    {
        "date": "2020-12-08T11:11:45.372Z",
        "value": "85.9375",
        "cumulative": false
    },
    {
        "date": "2020-12-08T11:11:46.570Z",
        "value": "80.46875",
        "cumulative": false
    },
    {
        "date": "2020-12-08T11:11:48.215Z",
        "value": "84.375",
        "cumulative": false
    },
    {
        "date": "2020-12-08T11:11:49.490Z",
        "value": "82.8125",
        "cumulative": false
    },
    {
        "date": "2020-12-08T11:11:51.147Z",
        "value": "69.53125",
        "cumulative": false
    },
    {
        "date": "2020-12-08T11:11:52.400Z",
        "value": "82.03125",
        "cumulative": false
    }
]