[
    {
        "date": "2020-12-08T11:11:06.895Z",
        "value": "0.2030198574066162",
        "cumulative": false
    },
    {
        "date": "2020-12-08T11:11:09.756Z",
        "value": "0.2307300567626953",
        "cumulative": false
    },
    {
        "date": "2020-12-08T11:11:12.668Z",
        "value": "0.24571847915649414",
        "cumulative": false
    },
    {
        "date": "2020-12-08T11:11:15.633Z",
        "value": "0.2329566478729248",
        "cumulative": false
    },
    {
        "date": "2020-12-08T11:11:18.641Z",
        "value": "0.22165989875793457",
        "cumulative": false
    },
    {
        "date": "2020-12-08T11:11:21.643Z",
        "value": "0.21345138549804688",
        "cumulative": false
    },
    {
        "date": "2020-12-08T11:11:24.549Z",
        "value": "0.21331501007080078",
        "cumulative": false
    },
    {
        "date": "2020-12-08T11:11:27.413Z",
        "value": "0.2275991439819336",
        "cumulative": false
    },
    {
        "date": "2020-12-08T11:11:30.340Z",
        "value": "0.22793006896972656",
        "cumulative": false
    },
    {
        "date": "2020-12-08T11:11:33.265Z",
        "value": "0.23871803283691406",
        "cumulative": false
    },
    {
        "date": "2020-12-08T11:11:36.167Z",
        "value": "0.2277674674987793",
        "cumulative": false
    },
    {
        "date": "2020-12-08T11:11:39.056Z",
        "value": "0.21901869773864746",
        "cumulative": false
    },
    {
        "date": "2020-12-08T11:11:41.951Z",
        "value": "0.2344362735748291",
        "cumulative": false
    },
    {
        "date": "2020-12-08T11:11:44.826Z",
        "value": "0.22018671035766602",
        "cumulative": false
    },
    {
        "date": "2020-12-08T11:11:47.652Z",
        "value": "0.21813321113586426",
        "cumulative": false
    },
    {
        "date": "2020-12-08T11:11:50.616Z",
        "value": "0.22795963287353516",
        "cumulative": false
    },
    {
        "date": "2020-12-08T11:11:53.516Z",
        "value": "0.2323017120361328",
        "cumulative": false
    }
]