[
    {
        "date": "2020-12-08T11:11:06.892Z",
        "value": "1.6526074409484863",
        "cumulative": false
    },
    {
        "date": "2020-12-08T11:11:09.748Z",
        "value": "1.360997200012207",
        "cumulative": false
    },
    {
        "date": "2020-12-08T11:11:12.658Z",
        "value": "1.3746929168701172",
        "cumulative": false
    },
    {
        "date": "2020-12-08T11:11:15.632Z",
        "value": "1.3912010192871094",
        "cumulative": false
    },
    {
        "date": "2020-12-08T11:11:18.638Z",
        "value": "1.513453722000122",
        "cumulative": false
    },
    {
        "date": "2020-12-08T11:11:21.632Z",
        "value": "1.3601088523864746",
        "cumulative": false
    },
    {
        "date": "2020-12-08T11:11:24.538Z",
        "value": "1.3943755626678467",
        "cumulative": false
    },
    {
        "date": "2020-12-08T11:11:27.411Z",
        "value": "1.4083452224731445",
        "cumulative": false
    },
    {
        "date": "2020-12-08T11:11:30.333Z",
        "value": "1.4012343883514404",
        "cumulative": false
    },
    {
        "date": "2020-12-08T11:11:33.253Z",
        "value": "1.4076848030090332",
        "cumulative": false
    },
    {
        "date": "2020-12-08T11:11:36.162Z",
        "value": "1.4341347217559814",
        "cumulative": false
    },
    {
        "date": "2020-12-08T11:11:39.058Z",
        "value": "1.4003081321716309",
        "cumulative": false
    },
    {
        "date": "2020-12-08T11:11:41.947Z",
        "value": "1.3851757049560547",
        "cumulative": false
    },
    {
        "date": "2020-12-08T11:11:44.813Z",
        "value": "1.3882122039794922",
        "cumulative": false
    },
    {
        "date": "2020-12-08T11:11:47.646Z",
        "value": "1.386836290359497",
        "cumulative": false
    },
    {
        "date": "2020-12-08T11:11:50.602Z",
        "value": "1.4574241638183594",
        "cumulative": false
    },
    {
        "date": "2020-12-08T11:11:53.510Z",
        "value": "1.4405477046966553",
        "cumulative": false
    }
]