[
    {
        "date": "2020-12-08T11:11:06.890Z",
        "value": "0.031124353408813477",
        "cumulative": false
    },
    {
        "date": "2020-12-08T11:11:09.747Z",
        "value": "0.030633926391601562",
        "cumulative": false
    },
    {
        "date": "2020-12-08T11:11:12.668Z",
        "value": "0.03121328353881836",
        "cumulative": false
    },
    {
        "date": "2020-12-08T11:11:15.629Z",
        "value": "0.034577131271362305",
        "cumulative": false
    },
    {
        "date": "2020-12-08T11:11:18.644Z",
        "value": "0.03807234764099121",
        "cumulative": false
    },
    {
        "date": "2020-12-08T11:11:21.638Z",
        "value": "0.0329437255859375",
        "cumulative": false
    },
    {
        "date": "2020-12-08T11:11:24.549Z",
        "value": "0.03253602981567383",
        "cumulative": false
    },
    {
        "date": "2020-12-08T11:11:27.412Z",
        "value": "0.031885385513305664",
        "cumulative": false
    },
    {
        "date": "2020-12-08T11:11:30.325Z",
        "value": "0.03140449523925781",
        "cumulative": false
    },
    {
        "date": "2020-12-08T11:11:33.261Z",
        "value": "0.031002283096313477",
        "cumulative": false
    },
    {
        "date": "2020-12-08T11:11:36.165Z",
        "value": "0.034510135650634766",
        "cumulative": false
    },
    {
        "date": "2020-12-08T11:11:39.065Z",
        "value": "0.030150413513183594",
        "cumulative": false
    },
    {
        "date": "2020-12-08T11:11:41.948Z",
        "value": "0.03222370147705078",
        "cumulative": false
    },
    {
        "date": "2020-12-08T11:11:44.819Z",
        "value": "0.031458139419555664",
        "cumulative": false
    },
    {
        "date": "2020-12-08T11:11:47.654Z",
        "value": "0.031163692474365234",
        "cumulative": false
    },
    {
        "date": "2020-12-08T11:11:50.601Z",
        "value": "0.03345966339111328",
        "cumulative": false
    },
    {
        "date": "2020-12-08T11:11:53.514Z",
        "value": "0.03307175636291504",
        "cumulative": false
    }
]