[
    {
        "date": "2020-12-08T11:11:04.532Z",
        "value": "16.40625",
        "cumulative": false
    },
    {
        "date": "2020-12-08T11:11:05.804Z",
        "value": "28.125",
        "cumulative": false
    },
    {
        "date": "2020-12-08T11:11:07.429Z",
        "value": "45.3125",
        "cumulative": false
    },
    {
        "date": "2020-12-08T11:11:08.642Z",
        "value": "42.1875",
        "cumulative": false
    },
    {
        "date": "2020-12-08T11:11:10.292Z",
        "value": "49.21875",
        "cumulative": false
    },
    {
        "date": "2020-12-08T11:11:11.531Z",
        "value": "61.71875",
        "cumulative": false
    },
    {
        "date": "2020-12-08T11:11:13.196Z",
        "value": "60.15625",
        "cumulative": false
    },
    {
        "date": "2020-12-08T11:11:14.479Z",
        "value": "63.28125",
        "cumulative": false
    },
    {
        "date": "2020-12-08T11:11:16.206Z",
        "value": "57.8125",
        "cumulative": false
    },
    {
        "date": "2020-12-08T11:11:17.505Z",
        "value": "65.625",
        "cumulative": false
    },
    {
        "date": "2020-12-08T11:11:19.262Z",
        "value": "65.625",
        "cumulative": false
    },
    {
        "date": "2020-12-08T11:11:20.511Z",
        "value": "59.375",
        "cumulative": false
    },
    {
        "date": "2020-12-08T11:11:22.193Z",
        "value": "75.78125",
        "cumulative": false
    },
    {
        "date": "2020-12-08T11:11:23.422Z",
        "value": "67.1875",
        "cumulative": false
    },
    {
        "date": "2020-12-08T11:11:25.090Z",
        "value": "75.78125",
        "cumulative": false
    },
    {
        "date": "2020-12-08T11:11:26.300Z",
        "value": "60.9375",
        "cumulative": false
    },
    {
        "date": "2020-12-08T11:11:27.970Z",
        "value": "80.46875",
        "cumulative": false
    },
    {
        "date": "2020-12-08T11:11:29.184Z",
        "value": "73.4375",
        "cumulative": false
    },
    {
        "date": "2020-12-08T11:11:30.898Z",
        "value": "75.0",
        "cumulative": false
    },
    {
        "date": "2020-12-08T11:11:32.142Z",
        "value": "78.90625",
        "cumulative": false
    },
    {
        "date": "2020-12-08T11:11:33.802Z",
        "value": "82.03125",
        "cumulative": false
    },
    {
        "date": "2020-12-08T11:11:35.038Z",
        "value": "76.5625",
        "cumulative": false
    },
    {
        "date": "2020-12-08T11:11:36.703Z",
        "value": "77.34375",
        "cumulative": false
    },
    {
        "date": "2020-12-08T11:11:37.934Z",
        "value": "76.5625",
        "cumulative": false
    },
    {
        "date": "2020-12-08T11:11:39.611Z",
        "value": "81.25",
        "cumulative": false
    },
    {
        "date": "2020-12-08T11:11:40.810Z",
        "value": "85.9375",
        "cumulative": false
    },
    {
        "date": "2020-12-08T11:11:42.488Z",
        "value": "82.03125",
        "cumulative": false
    },
    {
        "date": "2020-12-08T11:11:43.683Z",
        "value": "78.125",
        "cumulative": false
    },
    {
        "date": "2020-12-08T11:11:45.360Z",
        "value": "83.59375",
        "cumulative": false
    },
    {
        "date": "2020-12-08T11:11:46.555Z",
        "value": "82.8125",
        "cumulative": false
    },
    {
        "date": "2020-12-08T11:11:48.204Z",
        "value": "86.71875",
        "cumulative": false
    },
    {
        "date": "2020-12-08T11:11:49.480Z",
        "value": "85.15625",
        "cumulative": false
    },
    {
        "date": "2020-12-08T11:11:51.141Z",
        "value": "88.28125",
        "cumulative": false
    },
    {
        "date": "2020-12-08T11:11:52.388Z",
        "value": "89.0625",
        "cumulative": false
    }
]