[
    {
        "date": "2020-12-08T11:11:04.538Z",
        "value": "2.4750990867614746",
        "cumulative": false
    },
    {
        "date": "2020-12-08T11:11:05.812Z",
        "value": "1.6937612295150757",
        "cumulative": false
    },
    {
        "date": "2020-12-08T11:11:07.440Z",
        "value": "1.6214258670806885",
        "cumulative": false
    },
    {
        "date": "2020-12-08T11:11:08.655Z",
        "value": "1.361547589302063",
        "cumulative": false
    },
    {
        "date": "2020-12-08T11:11:10.306Z",
        "value": "1.3582453727722168",
        "cumulative": false
    },
    {
        "date": "2020-12-08T11:11:11.540Z",
        "value": "1.156665563583374",
        "cumulative": false
    },
    {
        "date": "2020-12-08T11:11:13.207Z",
        "value": "0.9967347979545593",
        "cumulative": false
    },
    {
        "date": "2020-12-08T11:11:14.490Z",
        "value": "1.0864746570587158",
        "cumulative": false
    },
    {
        "date": "2020-12-08T11:11:16.220Z",
        "value": "1.0049606561660767",
        "cumulative": false
    },
    {
        "date": "2020-12-08T11:11:17.518Z",
        "value": "0.7954563498497009",
        "cumulative": false
    },
    {
        "date": "2020-12-08T11:11:19.262Z",
        "value": "0.8693873286247253",
        "cumulative": false
    },
    {
        "date": "2020-12-08T11:11:20.522Z",
        "value": "0.8863532543182373",
        "cumulative": false
    },
    {
        "date": "2020-12-08T11:11:22.197Z",
        "value": "0.9128357768058777",
        "cumulative": false
    },
    {
        "date": "2020-12-08T11:11:23.435Z",
        "value": "0.7742602229118347",
        "cumulative": false
    },
    {
        "date": "2020-12-08T11:11:25.095Z",
        "value": "0.695026695728302",
        "cumulative": false
    },
    {
        "date": "2020-12-08T11:11:26.309Z",
        "value": "0.780547022819519",
        "cumulative": false
    },
    {
        "date": "2020-12-08T11:11:27.986Z",
        "value": "0.6680249571800232",
        "cumulative": false
    },
    {
        "date": "2020-12-08T11:11:29.194Z",
        "value": "0.8093917369842529",
        "cumulative": false
    },
    {
        "date": "2020-12-08T11:11:30.911Z",
        "value": "0.8396241068840027",
        "cumulative": false
    },
    {
        "date": "2020-12-08T11:11:32.155Z",
        "value": "0.6990135908126831",
        "cumulative": false
    },
    {
        "date": "2020-12-08T11:11:33.816Z",
        "value": "0.6820584535598755",
        "cumulative": false
    },
    {
        "date": "2020-12-08T11:11:35.047Z",
        "value": "0.5778242349624634",
        "cumulative": false
    },
    {
        "date": "2020-12-08T11:11:36.717Z",
        "value": "0.5587227940559387",
        "cumulative": false
    },
    {
        "date": "2020-12-08T11:11:37.941Z",
        "value": "0.6126400828361511",
        "cumulative": false
    },
    {
        "date": "2020-12-08T11:11:39.624Z",
        "value": "0.544252872467041",
        "cumulative": false
    },
    {
        "date": "2020-12-08T11:11:40.823Z",
        "value": "0.6472628116607666",
        "cumulative": false
    },
    {
        "date": "2020-12-08T11:11:42.493Z",
        "value": "0.4967998266220093",
        "cumulative": false
    },
    {
        "date": "2020-12-08T11:11:43.689Z",
        "value": "0.5142709612846375",
        "cumulative": false
    },
    {
        "date": "2020-12-08T11:11:45.371Z",
        "value": "0.4385761022567749",
        "cumulative": false
    },
    {
        "date": "2020-12-08T11:11:46.570Z",
        "value": "0.540931224822998",
        "cumulative": false
    },
    {
        "date": "2020-12-08T11:11:48.215Z",
        "value": "0.48053503036499023",
        "cumulative": false
    },
    {
        "date": "2020-12-08T11:11:49.490Z",
        "value": "0.4443035125732422",
        "cumulative": false
    },
    {
        "date": "2020-12-08T11:11:51.146Z",
        "value": "0.8468096256256104",
        "cumulative": false
    },
    {
        "date": "2020-12-08T11:11:52.400Z",
        "value": "0.4694134593009949",
        "cumulative": false
    }
]