[
    {
        "date": "2020-12-08T11:11:06.881Z",
        "value": "0.02888631820678711",
        "cumulative": false
    },
    {
        "date": "2020-12-08T11:11:09.747Z",
        "value": "0.027988195419311523",
        "cumulative": false
    },
    {
        "date": "2020-12-08T11:11:12.659Z",
        "value": "0.027951478958129883",
        "cumulative": false
    },
    {
        "date": "2020-12-08T11:11:15.625Z",
        "value": "0.030046463012695312",
        "cumulative": false
    },
    {
        "date": "2020-12-08T11:11:18.634Z",
        "value": "0.032063961029052734",
        "cumulative": false
    },
    {
        "date": "2020-12-08T11:11:21.635Z",
        "value": "0.02871870994567871",
        "cumulative": false
    },
    {
        "date": "2020-12-08T11:11:24.539Z",
        "value": "0.029633760452270508",
        "cumulative": false
    },
    {
        "date": "2020-12-08T11:11:27.418Z",
        "value": "0.029488325119018555",
        "cumulative": false
    },
    {
        "date": "2020-12-08T11:11:30.323Z",
        "value": "0.029439926147460938",
        "cumulative": false
    },
    {
        "date": "2020-12-08T11:11:33.256Z",
        "value": "0.02810835838317871",
        "cumulative": false
    },
    {
        "date": "2020-12-08T11:11:36.167Z",
        "value": "0.02988600730895996",
        "cumulative": false
    },
    {
        "date": "2020-12-08T11:11:39.056Z",
        "value": "0.029682159423828125",
        "cumulative": false
    },
    {
        "date": "2020-12-08T11:11:41.949Z",
        "value": "0.02965378761291504",
        "cumulative": false
    },
    {
        "date": "2020-12-08T11:11:44.815Z",
        "value": "0.03035879135131836",
        "cumulative": false
    },
    {
        "date": "2020-12-08T11:11:47.647Z",
        "value": "0.0269167423248291",
        "cumulative": false
    },
    {
        "date": "2020-12-08T11:11:50.609Z",
        "value": "0.027667999267578125",
        "cumulative": false
    },
    {
        "date": "2020-12-08T11:11:53.514Z",
        "value": "0.028217077255249023",
        "cumulative": false
    }
]