[
    {
        "date": "2020-12-08T11:11:04.529Z",
        "value": "2.4867029190063477",
        "cumulative": false
    },
    {
        "date": "2020-12-08T11:11:05.806Z",
        "value": "1.8475086688995361",
        "cumulative": false
    },
    {
        "date": "2020-12-08T11:11:07.431Z",
        "value": "1.508344054222107",
        "cumulative": false
    },
    {
        "date": "2020-12-08T11:11:08.641Z",
        "value": "1.4424077272415161",
        "cumulative": false
    },
    {
        "date": "2020-12-08T11:11:10.294Z",
        "value": "1.2701995372772217",
        "cumulative": false
    },
    {
        "date": "2020-12-08T11:11:11.530Z",
        "value": "1.1377042531967163",
        "cumulative": false
    },
    {
        "date": "2020-12-08T11:11:13.198Z",
        "value": "1.1600615978240967",
        "cumulative": false
    },
    {
        "date": "2020-12-08T11:11:14.482Z",
        "value": "1.0111974477767944",
        "cumulative": false
    },
    {
        "date": "2020-12-08T11:11:16.210Z",
        "value": "1.1480448246002197",
        "cumulative": false
    },
    {
        "date": "2020-12-08T11:11:17.504Z",
        "value": "1.031383991241455",
        "cumulative": false
    },
    {
        "date": "2020-12-08T11:11:19.246Z",
        "value": "0.8495529294013977",
        "cumulative": false
    },
    {
        "date": "2020-12-08T11:11:20.508Z",
        "value": "0.877106785774231",
        "cumulative": false
    },
    {
        "date": "2020-12-08T11:11:22.187Z",
        "value": "0.9693031907081604",
        "cumulative": false
    },
    {
        "date": "2020-12-08T11:11:23.421Z",
        "value": "0.8817270398139954",
        "cumulative": false
    },
    {
        "date": "2020-12-08T11:11:25.091Z",
        "value": "0.7057864665985107",
        "cumulative": false
    },
    {
        "date": "2020-12-08T11:11:26.299Z",
        "value": "0.7454048991203308",
        "cumulative": false
    },
    {
        "date": "2020-12-08T11:11:27.978Z",
        "value": "0.6962872743606567",
        "cumulative": false
    },
    {
        "date": "2020-12-08T11:11:29.184Z",
        "value": "0.7513415217399597",
        "cumulative": false
    },
    {
        "date": "2020-12-08T11:11:30.905Z",
        "value": "0.5915217399597168",
        "cumulative": false
    },
    {
        "date": "2020-12-08T11:11:32.145Z",
        "value": "0.6359122395515442",
        "cumulative": false
    },
    {
        "date": "2020-12-08T11:11:33.807Z",
        "value": "0.7811857461929321",
        "cumulative": false
    },
    {
        "date": "2020-12-08T11:11:35.038Z",
        "value": "0.4639660120010376",
        "cumulative": false
    },
    {
        "date": "2020-12-08T11:11:36.706Z",
        "value": "0.6455453038215637",
        "cumulative": false
    },
    {
        "date": "2020-12-08T11:11:37.930Z",
        "value": "0.5160136818885803",
        "cumulative": false
    },
    {
        "date": "2020-12-08T11:11:39.609Z",
        "value": "0.6738845109939575",
        "cumulative": false
    },
    {
        "date": "2020-12-08T11:11:40.811Z",
        "value": "0.4976891279220581",
        "cumulative": false
    },
    {
        "date": "2020-12-08T11:11:42.478Z",
        "value": "0.5077258348464966",
        "cumulative": false
    },
    {
        "date": "2020-12-08T11:11:43.687Z",
        "value": "0.36972498893737793",
        "cumulative": false
    },
    {
        "date": "2020-12-08T11:11:45.357Z",
        "value": "0.5252920389175415",
        "cumulative": false
    },
    {
        "date": "2020-12-08T11:11:46.555Z",
        "value": "0.47134992480278015",
        "cumulative": false
    },
    {
        "date": "2020-12-08T11:11:48.206Z",
        "value": "0.2898339629173279",
        "cumulative": false
    },
    {
        "date": "2020-12-08T11:11:49.479Z",
        "value": "0.383455753326416",
        "cumulative": false
    },
    {
        "date": "2020-12-08T11:11:51.136Z",
        "value": "0.37825673818588257",
        "cumulative": false
    },
    {
        "date": "2020-12-08T11:11:52.388Z",
        "value": "0.5119499564170837",
        "cumulative": false
    }
]