[
    {
        "date": "2020-12-08T11:11:06.884Z",
        "value": "2.790076732635498",
        "cumulative": false
    },
    {
        "date": "2020-12-08T11:11:09.760Z",
        "value": "0.5954005718231201",
        "cumulative": false
    },
    {
        "date": "2020-12-08T11:11:12.665Z",
        "value": "0.5759706497192383",
        "cumulative": false
    },
    {
        "date": "2020-12-08T11:11:15.630Z",
        "value": "0.6201789379119873",
        "cumulative": false
    },
    {
        "date": "2020-12-08T11:11:18.653Z",
        "value": "0.592616081237793",
        "cumulative": false
    },
    {
        "date": "2020-12-08T11:11:21.643Z",
        "value": "0.6217153072357178",
        "cumulative": false
    },
    {
        "date": "2020-12-08T11:11:24.549Z",
        "value": "0.6209831237792969",
        "cumulative": false
    },
    {
        "date": "2020-12-08T11:11:27.418Z",
        "value": "0.5584020614624023",
        "cumulative": false
    },
    {
        "date": "2020-12-08T11:11:30.328Z",
        "value": "0.6038303375244141",
        "cumulative": false
    },
    {
        "date": "2020-12-08T11:11:33.261Z",
        "value": "0.5914285182952881",
        "cumulative": false
    },
    {
        "date": "2020-12-08T11:11:36.165Z",
        "value": "0.5888693332672119",
        "cumulative": false
    },
    {
        "date": "2020-12-08T11:11:39.063Z",
        "value": "0.5524592399597168",
        "cumulative": false
    },
    {
        "date": "2020-12-08T11:11:41.947Z",
        "value": "0.597283124923706",
        "cumulative": false
    },
    {
        "date": "2020-12-08T11:11:44.821Z",
        "value": "0.5714547634124756",
        "cumulative": false
    },
    {
        "date": "2020-12-08T11:11:47.649Z",
        "value": "0.5545568466186523",
        "cumulative": false
    },
    {
        "date": "2020-12-08T11:11:50.602Z",
        "value": "0.6109743118286133",
        "cumulative": false
    },
    {
        "date": "2020-12-08T11:11:53.515Z",
        "value": "0.6116044521331787",
        "cumulative": false
    }
]