[
    {
        "date": "2020-12-08T11:11:06.884Z",
        "value": "0.00012993812561035156",
        "cumulative": false
    },
    {
        "date": "2020-12-08T11:11:09.760Z",
        "value": "0.00013256072998046875",
        "cumulative": false
    },
    {
        "date": "2020-12-08T11:11:12.665Z",
        "value": "0.00015807151794433594",
        "cumulative": false
    },
    {
        "date": "2020-12-08T11:11:15.630Z",
        "value": "0.0001392364501953125",
        "cumulative": false
    },
    {
        "date": "2020-12-08T11:11:18.653Z",
        "value": "0.0001323223114013672",
        "cumulative": false
    },
    {
        "date": "2020-12-08T11:11:21.643Z",
        "value": "0.00013756752014160156",
        "cumulative": false
    },
    {
        "date": "2020-12-08T11:11:24.549Z",
        "value": "0.00016736984252929688",
        "cumulative": false
    },
    {
        "date": "2020-12-08T11:11:27.418Z",
        "value": "0.00015211105346679688",
        "cumulative": false
    },
    {
        "date": "2020-12-08T11:11:30.328Z",
        "value": "0.00017261505126953125",
        "cumulative": false
    },
    {
        "date": "2020-12-08T11:11:33.261Z",
        "value": "0.000133514404296875",
        "cumulative": false
    },
    {
        "date": "2020-12-08T11:11:36.165Z",
        "value": "0.00012874603271484375",
        "cumulative": false
    },
    {
        "date": "2020-12-08T11:11:39.063Z",
        "value": "0.000148773193359375",
        "cumulative": false
    },
    {
        "date": "2020-12-08T11:11:41.947Z",
        "value": "0.00013303756713867188",
        "cumulative": false
    },
    {
        "date": "2020-12-08T11:11:44.821Z",
        "value": "0.00013589859008789062",
        "cumulative": false
    },
    {
        "date": "2020-12-08T11:11:47.649Z",
        "value": "0.00013875961303710938",
        "cumulative": false
    },
    {
        "date": "2020-12-08T11:11:50.602Z",
        "value": "0.00015997886657714844",
        "cumulative": false
    },
    {
        "date": "2020-12-08T11:11:53.515Z",
        "value": "0.0001544952392578125",
        "cumulative": false
    }
]