[
    {
        "date": "2020-12-08T11:11:06.881Z",
        "value": "2.5030951499938965",
        "cumulative": false
    },
    {
        "date": "2020-12-08T11:11:09.747Z",
        "value": "0.45439696311950684",
        "cumulative": false
    },
    {
        "date": "2020-12-08T11:11:12.659Z",
        "value": "0.4499378204345703",
        "cumulative": false
    },
    {
        "date": "2020-12-08T11:11:15.625Z",
        "value": "0.4431118965148926",
        "cumulative": false
    },
    {
        "date": "2020-12-08T11:11:18.634Z",
        "value": "0.45224833488464355",
        "cumulative": false
    },
    {
        "date": "2020-12-08T11:11:21.635Z",
        "value": "0.4657552242279053",
        "cumulative": false
    },
    {
        "date": "2020-12-08T11:11:24.539Z",
        "value": "0.43012380599975586",
        "cumulative": false
    },
    {
        "date": "2020-12-08T11:11:27.418Z",
        "value": "0.4832594394683838",
        "cumulative": false
    },
    {
        "date": "2020-12-08T11:11:30.323Z",
        "value": "0.4520139694213867",
        "cumulative": false
    },
    {
        "date": "2020-12-08T11:11:33.256Z",
        "value": "0.4824051856994629",
        "cumulative": false
    },
    {
        "date": "2020-12-08T11:11:36.167Z",
        "value": "0.4437899589538574",
        "cumulative": false
    },
    {
        "date": "2020-12-08T11:11:39.056Z",
        "value": "0.44363927841186523",
        "cumulative": false
    },
    {
        "date": "2020-12-08T11:11:41.949Z",
        "value": "0.45151472091674805",
        "cumulative": false
    },
    {
        "date": "2020-12-08T11:11:44.815Z",
        "value": "0.48151230812072754",
        "cumulative": false
    },
    {
        "date": "2020-12-08T11:11:47.647Z",
        "value": "0.4394869804382324",
        "cumulative": false
    },
    {
        "date": "2020-12-08T11:11:50.609Z",
        "value": "0.48354077339172363",
        "cumulative": false
    },
    {
        "date": "2020-12-08T11:11:53.513Z",
        "value": "0.45598888397216797",
        "cumulative": false
    }
]