[
    {
        "date": "2020-12-08T11:11:04.538Z",
        "value": "10.15625",
        "cumulative": false
    },
    {
        "date": "2020-12-08T11:11:05.812Z",
        "value": "39.84375",
        "cumulative": false
    },
    {
        "date": "2020-12-08T11:11:07.438Z",
        "value": "39.0625",
        "cumulative": false
    },
    {
        "date": "2020-12-08T11:11:08.652Z",
        "value": "50.0",
        "cumulative": false
    },
    {
        "date": "2020-12-08T11:11:10.308Z",
        "value": "50.78125",
        "cumulative": false
    },
    {
        "date": "2020-12-08T11:11:11.537Z",
        "value": "60.15625",
        "cumulative": false
    },
    {
        "date": "2020-12-08T11:11:13.205Z",
        "value": "57.03125",
        "cumulative": false
    },
    {
        "date": "2020-12-08T11:11:14.485Z",
        "value": "60.9375",
        "cumulative": false
    },
    {
        "date": "2020-12-08T11:11:16.213Z",
        "value": "57.03125",
        "cumulative": false
    },
    {
        "date": "2020-12-08T11:11:17.511Z",
        "value": "62.5",
        "cumulative": false
    },
    {
        "date": "2020-12-08T11:11:19.254Z",
        "value": "67.96875",
        "cumulative": false
    },
    {
        "date": "2020-12-08T11:11:20.515Z",
        "value": "70.3125",
        "cumulative": false
    },
    {
        "date": "2020-12-08T11:11:22.198Z",
        "value": "64.0625",
        "cumulative": false
    },
    {
        "date": "2020-12-08T11:11:23.429Z",
        "value": "75.0",
        "cumulative": false
    },
    {
        "date": "2020-12-08T11:11:25.094Z",
        "value": "75.78125",
        "cumulative": false
    },
    {
        "date": "2020-12-08T11:11:26.307Z",
        "value": "77.34375",
        "cumulative": false
    },
    {
        "date": "2020-12-08T11:11:27.977Z",
        "value": "75.0",
        "cumulative": false
    },
    {
        "date": "2020-12-08T11:11:29.192Z",
        "value": "75.0",
        "cumulative": false
    },
    {
        "date": "2020-12-08T11:11:30.910Z",
        "value": "82.03125",
        "cumulative": false
    },
    {
        "date": "2020-12-08T11:11:32.149Z",
        "value": "73.4375",
        "cumulative": false
    },
    {
        "date": "2020-12-08T11:11:33.824Z",
        "value": "79.6875",
        "cumulative": false
    },
    {
        "date": "2020-12-08T11:11:35.045Z",
        "value": "77.34375",
        "cumulative": false
    },
    {
        "date": "2020-12-08T11:11:36.711Z",
        "value": "86.71875",
        "cumulative": false
    },
    {
        "date": "2020-12-08T11:11:37.941Z",
        "value": "79.6875",
        "cumulative": false
    },
    {
        "date": "2020-12-08T11:11:39.620Z",
        "value": "79.6875",
        "cumulative": false
    },
    {
        "date": "2020-12-08T11:11:40.820Z",
        "value": "80.46875",
        "cumulative": false
    },
    {
        "date": "2020-12-08T11:11:42.483Z",
        "value": "84.375",
        "cumulative": false
    },
    {
        "date": "2020-12-08T11:11:43.686Z",
        "value": "84.375",
        "cumulative": false
    },
    {
        "date": "2020-12-08T11:11:45.368Z",
        "value": "82.8125",
        "cumulative": false
    },
    {
        "date": "2020-12-08T11:11:46.562Z",
        "value": "81.25",
        "cumulative": false
    },
    {
        "date": "2020-12-08T11:11:48.212Z",
        "value": "82.03125",
        "cumulative": false
    },
    {
        "date": "2020-12-08T11:11:49.487Z",
        "value": "82.8125",
        "cumulative": false
    },
    {
        "date": "2020-12-08T11:11:51.148Z",
        "value": "83.59375",
        "cumulative": false
    },
    {
        "date": "2020-12-08T11:11:52.395Z",
        "value": "78.90625",
        "cumulative": false
    }
]