[
    {
        "date": "2020-12-08T11:11:06.881Z",
        "value": "1.704883098602295",
        "cumulative": false
    },
    {
        "date": "2020-12-08T11:11:09.747Z",
        "value": "1.4282138347625732",
        "cumulative": false
    },
    {
        "date": "2020-12-08T11:11:12.659Z",
        "value": "1.49906587600708",
        "cumulative": false
    },
    {
        "date": "2020-12-08T11:11:15.625Z",
        "value": "1.563673496246338",
        "cumulative": false
    },
    {
        "date": "2020-12-08T11:11:18.634Z",
        "value": "1.5535778999328613",
        "cumulative": false
    },
    {
        "date": "2020-12-08T11:11:21.635Z",
        "value": "1.522862195968628",
        "cumulative": false
    },
    {
        "date": "2020-12-08T11:11:24.539Z",
        "value": "1.4861578941345215",
        "cumulative": false
    },
    {
        "date": "2020-12-08T11:11:27.418Z",
        "value": "1.4211599826812744",
        "cumulative": false
    },
    {
        "date": "2020-12-08T11:11:30.323Z",
        "value": "1.4885761737823486",
        "cumulative": false
    },
    {
        "date": "2020-12-08T11:11:33.256Z",
        "value": "1.4450139999389648",
        "cumulative": false
    },
    {
        "date": "2020-12-08T11:11:36.167Z",
        "value": "1.4873440265655518",
        "cumulative": false
    },
    {
        "date": "2020-12-08T11:11:39.056Z",
        "value": "1.4793641567230225",
        "cumulative": false
    },
    {
        "date": "2020-12-08T11:11:41.949Z",
        "value": "1.4618279933929443",
        "cumulative": false
    },
    {
        "date": "2020-12-08T11:11:44.815Z",
        "value": "1.430330753326416",
        "cumulative": false
    },
    {
        "date": "2020-12-08T11:11:47.647Z",
        "value": "1.4519093036651611",
        "cumulative": false
    },
    {
        "date": "2020-12-08T11:11:50.609Z",
        "value": "1.4886133670806885",
        "cumulative": false
    },
    {
        "date": "2020-12-08T11:11:53.514Z",
        "value": "1.4905200004577637",
        "cumulative": false
    }
]