[
    {
        "date": "2020-12-08T11:11:04.532Z",
        "value": "15.625",
        "cumulative": false
    },
    {
        "date": "2020-12-08T11:11:05.806Z",
        "value": "27.34375",
        "cumulative": false
    },
    {
        "date": "2020-12-08T11:11:07.437Z",
        "value": "36.71875",
        "cumulative": false
    },
    {
        "date": "2020-12-08T11:11:08.643Z",
        "value": "51.5625",
        "cumulative": false
    },
    {
        "date": "2020-12-08T11:11:10.302Z",
        "value": "55.46875",
        "cumulative": false
    },
    {
        "date": "2020-12-08T11:11:11.532Z",
        "value": "53.90625",
        "cumulative": false
    },
    {
        "date": "2020-12-08T11:11:13.199Z",
        "value": "58.59375",
        "cumulative": false
    },
    {
        "date": "2020-12-08T11:11:14.480Z",
        "value": "60.15625",
        "cumulative": false
    },
    {
        "date": "2020-12-08T11:11:16.213Z",
        "value": "67.1875",
        "cumulative": false
    },
    {
        "date": "2020-12-08T11:11:17.510Z",
        "value": "67.1875",
        "cumulative": false
    },
    {
        "date": "2020-12-08T11:11:19.257Z",
        "value": "67.96875",
        "cumulative": false
    },
    {
        "date": "2020-12-08T11:11:20.509Z",
        "value": "69.53125",
        "cumulative": false
    },
    {
        "date": "2020-12-08T11:11:22.195Z",
        "value": "71.09375",
        "cumulative": false
    },
    {
        "date": "2020-12-08T11:11:23.423Z",
        "value": "75.0",
        "cumulative": false
    },
    {
        "date": "2020-12-08T11:11:25.093Z",
        "value": "71.875",
        "cumulative": false
    },
    {
        "date": "2020-12-08T11:11:26.301Z",
        "value": "78.90625",
        "cumulative": false
    },
    {
        "date": "2020-12-08T11:11:27.970Z",
        "value": "72.65625",
        "cumulative": false
    },
    {
        "date": "2020-12-08T11:11:29.185Z",
        "value": "79.6875",
        "cumulative": false
    },
    {
        "date": "2020-12-08T11:11:30.904Z",
        "value": "82.03125",
        "cumulative": false
    },
    {
        "date": "2020-12-08T11:11:32.143Z",
        "value": "82.8125",
        "cumulative": false
    },
    {
        "date": "2020-12-08T11:11:33.810Z",
        "value": "75.0",
        "cumulative": false
    },
    {
        "date": "2020-12-08T11:11:35.043Z",
        "value": "75.78125",
        "cumulative": false
    },
    {
        "date": "2020-12-08T11:11:36.704Z",
        "value": "79.6875",
        "cumulative": false
    },
    {
        "date": "2020-12-08T11:11:37.932Z",
        "value": "82.03125",
        "cumulative": false
    },
    {
        "date": "2020-12-08T11:11:39.612Z",
        "value": "87.5",
        "cumulative": false
    },
    {
        "date": "2020-12-08T11:11:40.810Z",
        "value": "77.34375",
        "cumulative": false
    },
    {
        "date": "2020-12-08T11:11:42.483Z",
        "value": "80.46875",
        "cumulative": false
    },
    {
        "date": "2020-12-08T11:11:43.687Z",
        "value": "83.59375",
        "cumulative": false
    },
    {
        "date": "2020-12-08T11:11:45.362Z",
        "value": "88.28125",
        "cumulative": false
    },
    {
        "date": "2020-12-08T11:11:46.556Z",
        "value": "83.59375",
        "cumulative": false
    },
    {
        "date": "2020-12-08T11:11:48.208Z",
        "value": "79.6875",
        "cumulative": false
    },
    {
        "date": "2020-12-08T11:11:49.481Z",
        "value": "80.46875",
        "cumulative": false
    },
    {
        "date": "2020-12-08T11:11:51.143Z",
        "value": "83.59375",
        "cumulative": false
    },
    {
        "date": "2020-12-08T11:11:52.389Z",
        "value": "86.71875",
        "cumulative": false
    }
]