[
    {
        "date": "2020-12-08T11:11:04.531Z",
        "value": "14.84375",
        "cumulative": false
    },
    {
        "date": "2020-12-08T11:11:05.804Z",
        "value": "39.0625",
        "cumulative": false
    },
    {
        "date": "2020-12-08T11:11:07.434Z",
        "value": "35.9375",
        "cumulative": false
    },
    {
        "date": "2020-12-08T11:11:08.646Z",
        "value": "47.65625",
        "cumulative": false
    },
    {
        "date": "2020-12-08T11:11:10.292Z",
        "value": "46.09375",
        "cumulative": false
    },
    {
        "date": "2020-12-08T11:11:11.534Z",
        "value": "53.90625",
        "cumulative": false
    },
    {
        "date": "2020-12-08T11:11:13.198Z",
        "value": "53.125",
        "cumulative": false
    },
    {
        "date": "2020-12-08T11:11:14.478Z",
        "value": "60.15625",
        "cumulative": false
    },
    {
        "date": "2020-12-08T11:11:16.210Z",
        "value": "60.15625",
        "cumulative": false
    },
    {
        "date": "2020-12-08T11:11:17.508Z",
        "value": "64.84375",
        "cumulative": false
    },
    {
        "date": "2020-12-08T11:11:19.253Z",
        "value": "71.09375",
        "cumulative": false
    },
    {
        "date": "2020-12-08T11:11:20.508Z",
        "value": "64.0625",
        "cumulative": false
    },
    {
        "date": "2020-12-08T11:11:22.194Z",
        "value": "63.28125",
        "cumulative": false
    },
    {
        "date": "2020-12-08T11:11:23.422Z",
        "value": "72.65625",
        "cumulative": false
    },
    {
        "date": "2020-12-08T11:11:25.090Z",
        "value": "59.375",
        "cumulative": false
    },
    {
        "date": "2020-12-08T11:11:26.303Z",
        "value": "74.21875",
        "cumulative": false
    },
    {
        "date": "2020-12-08T11:11:27.972Z",
        "value": "80.46875",
        "cumulative": false
    },
    {
        "date": "2020-12-08T11:11:29.184Z",
        "value": "71.09375",
        "cumulative": false
    },
    {
        "date": "2020-12-08T11:11:30.901Z",
        "value": "81.25",
        "cumulative": false
    },
    {
        "date": "2020-12-08T11:11:32.146Z",
        "value": "75.0",
        "cumulative": false
    },
    {
        "date": "2020-12-08T11:11:33.807Z",
        "value": "74.21875",
        "cumulative": false
    },
    {
        "date": "2020-12-08T11:11:35.038Z",
        "value": "77.34375",
        "cumulative": false
    },
    {
        "date": "2020-12-08T11:11:36.707Z",
        "value": "78.90625",
        "cumulative": false
    },
    {
        "date": "2020-12-08T11:11:37.931Z",
        "value": "77.34375",
        "cumulative": false
    },
    {
        "date": "2020-12-08T11:11:39.614Z",
        "value": "79.6875",
        "cumulative": false
    },
    {
        "date": "2020-12-08T11:11:40.812Z",
        "value": "82.8125",
        "cumulative": false
    },
    {
        "date": "2020-12-08T11:11:42.481Z",
        "value": "86.71875",
        "cumulative": false
    },
    {
        "date": "2020-12-08T11:11:43.679Z",
        "value": "78.125",
        "cumulative": false
    },
    {
        "date": "2020-12-08T11:11:45.364Z",
        "value": "83.59375",
        "cumulative": false
    },
    {
        "date": "2020-12-08T11:11:46.555Z",
        "value": "83.59375",
        "cumulative": false
    },
    {
        "date": "2020-12-08T11:11:48.205Z",
        "value": "84.375",
        "cumulative": false
    },
    {
        "date": "2020-12-08T11:11:49.479Z",
        "value": "83.59375",
        "cumulative": false
    },
    {
        "date": "2020-12-08T11:11:51.142Z",
        "value": "82.03125",
        "cumulative": false
    },
    {
        "date": "2020-12-08T11:11:52.388Z",
        "value": "78.90625",
        "cumulative": false
    }
]