[
    {
        "date": "2020-12-08T11:11:04.531Z",
        "value": "50.0",
        "cumulative": false
    },
    {
        "date": "2020-12-08T11:11:05.810Z",
        "value": "83.59375",
        "cumulative": false
    },
    {
        "date": "2020-12-08T11:11:07.432Z",
        "value": "96.09375",
        "cumulative": false
    },
    {
        "date": "2020-12-08T11:11:08.641Z",
        "value": "93.75",
        "cumulative": false
    },
    {
        "date": "2020-12-08T11:11:10.295Z",
        "value": "96.09375",
        "cumulative": false
    },
    {
        "date": "2020-12-08T11:11:11.530Z",
        "value": "94.53125",
        "cumulative": false
    },
    {
        "date": "2020-12-08T11:11:13.199Z",
        "value": "96.875",
        "cumulative": false
    },
    {
        "date": "2020-12-08T11:11:14.482Z",
        "value": "96.09375",
        "cumulative": false
    },
    {
        "date": "2020-12-08T11:11:16.210Z",
        "value": "96.09375",
        "cumulative": false
    },
    {
        "date": "2020-12-08T11:11:17.504Z",
        "value": "94.53125",
        "cumulative": false
    },
    {
        "date": "2020-12-08T11:11:19.247Z",
        "value": "99.21875",
        "cumulative": false
    },
    {
        "date": "2020-12-08T11:11:20.508Z",
        "value": "96.09375",
        "cumulative": false
    },
    {
        "date": "2020-12-08T11:11:22.187Z",
        "value": "96.09375",
        "cumulative": false
    },
    {
        "date": "2020-12-08T11:11:23.421Z",
        "value": "95.3125",
        "cumulative": false
    },
    {
        "date": "2020-12-08T11:11:25.091Z",
        "value": "97.65625",
        "cumulative": false
    },
    {
        "date": "2020-12-08T11:11:26.299Z",
        "value": "98.4375",
        "cumulative": false
    },
    {
        "date": "2020-12-08T11:11:27.978Z",
        "value": "99.21875",
        "cumulative": false
    },
    {
        "date": "2020-12-08T11:11:29.184Z",
        "value": "100.0",
        "cumulative": false
    },
    {
        "date": "2020-12-08T11:11:30.905Z",
        "value": "100.0",
        "cumulative": false
    },
    {
        "date": "2020-12-08T11:11:32.145Z",
        "value": "98.4375",
        "cumulative": false
    },
    {
        "date": "2020-12-08T11:11:33.807Z",
        "value": "95.3125",
        "cumulative": false
    },
    {
        "date": "2020-12-08T11:11:35.038Z",
        "value": "99.21875",
        "cumulative": false
    },
    {
        "date": "2020-12-08T11:11:36.706Z",
        "value": "99.21875",
        "cumulative": false
    },
    {
        "date": "2020-12-08T11:11:37.930Z",
        "value": "98.4375",
        "cumulative": false
    },
    {
        "date": "2020-12-08T11:11:39.610Z",
        "value": "97.65625",
        "cumulative": false
    },
    {
        "date": "2020-12-08T11:11:40.811Z",
        "value": "98.4375",
        "cumulative": false
    },
    {
        "date": "2020-12-08T11:11:42.479Z",
        "value": "99.21875",
        "cumulative": false
    },
    {
        "date": "2020-12-08T11:11:43.687Z",
        "value": "99.21875",
        "cumulative": false
    },
    {
        "date": "2020-12-08T11:11:45.358Z",
        "value": "99.21875",
        "cumulative": false
    },
    {
        "date": "2020-12-08T11:11:46.555Z",
        "value": "99.21875",
        "cumulative": false
    },
    {
        "date": "2020-12-08T11:11:48.206Z",
        "value": "100.0",
        "cumulative": false
    },
    {
        "date": "2020-12-08T11:11:49.480Z",
        "value": "100.0",
        "cumulative": false
    },
    {
        "date": "2020-12-08T11:11:51.137Z",
        "value": "100.0",
        "cumulative": false
    },
    {
        "date": "2020-12-08T11:11:52.388Z",
        "value": "97.65625",
        "cumulative": false
    }
]