[
    {
        "date": "2020-12-08T11:11:04.533Z",
        "value": "52.34375",
        "cumulative": false
    },
    {
        "date": "2020-12-08T11:11:05.811Z",
        "value": "91.40625",
        "cumulative": false
    },
    {
        "date": "2020-12-08T11:11:07.429Z",
        "value": "93.75",
        "cumulative": false
    },
    {
        "date": "2020-12-08T11:11:08.648Z",
        "value": "93.75",
        "cumulative": false
    },
    {
        "date": "2020-12-08T11:11:10.302Z",
        "value": "90.625",
        "cumulative": false
    },
    {
        "date": "2020-12-08T11:11:11.532Z",
        "value": "94.53125",
        "cumulative": false
    },
    {
        "date": "2020-12-08T11:11:13.193Z",
        "value": "97.65625",
        "cumulative": false
    },
    {
        "date": "2020-12-08T11:11:14.491Z",
        "value": "96.09375",
        "cumulative": false
    },
    {
        "date": "2020-12-08T11:11:16.209Z",
        "value": "96.09375",
        "cumulative": false
    },
    {
        "date": "2020-12-08T11:11:17.509Z",
        "value": "96.875",
        "cumulative": false
    },
    {
        "date": "2020-12-08T11:11:19.250Z",
        "value": "97.65625",
        "cumulative": false
    },
    {
        "date": "2020-12-08T11:11:20.510Z",
        "value": "97.65625",
        "cumulative": false
    },
    {
        "date": "2020-12-08T11:11:22.194Z",
        "value": "99.21875",
        "cumulative": false
    },
    {
        "date": "2020-12-08T11:11:23.422Z",
        "value": "97.65625",
        "cumulative": false
    },
    {
        "date": "2020-12-08T11:11:25.092Z",
        "value": "99.21875",
        "cumulative": false
    },
    {
        "date": "2020-12-08T11:11:26.301Z",
        "value": "99.21875",
        "cumulative": false
    },
    {
        "date": "2020-12-08T11:11:27.971Z",
        "value": "99.21875",
        "cumulative": false
    },
    {
        "date": "2020-12-08T11:11:29.185Z",
        "value": "98.4375",
        "cumulative": false
    },
    {
        "date": "2020-12-08T11:11:30.903Z",
        "value": "99.21875",
        "cumulative": false
    },
    {
        "date": "2020-12-08T11:11:32.143Z",
        "value": "99.21875",
        "cumulative": false
    },
    {
        "date": "2020-12-08T11:11:33.807Z",
        "value": "99.21875",
        "cumulative": false
    },
    {
        "date": "2020-12-08T11:11:35.040Z",
        "value": "99.21875",
        "cumulative": false
    },
    {
        "date": "2020-12-08T11:11:36.710Z",
        "value": "100.0",
        "cumulative": false
    },
    {
        "date": "2020-12-08T11:11:37.932Z",
        "value": "99.21875",
        "cumulative": false
    },
    {
        "date": "2020-12-08T11:11:39.611Z",
        "value": "99.21875",
        "cumulative": false
    },
    {
        "date": "2020-12-08T11:11:40.811Z",
        "value": "100.0",
        "cumulative": false
    },
    {
        "date": "2020-12-08T11:11:42.482Z",
        "value": "99.21875",
        "cumulative": false
    },
    {
        "date": "2020-12-08T11:11:43.684Z",
        "value": "99.21875",
        "cumulative": false
    },
    {
        "date": "2020-12-08T11:11:45.365Z",
        "value": "99.21875",
        "cumulative": false
    },
    {
        "date": "2020-12-08T11:11:46.556Z",
        "value": "100.0",
        "cumulative": false
    },
    {
        "date": "2020-12-08T11:11:48.206Z",
        "value": "99.21875",
        "cumulative": false
    },
    {
        "date": "2020-12-08T11:11:49.481Z",
        "value": "99.21875",
        "cumulative": false
    },
    {
        "date": "2020-12-08T11:11:51.144Z",
        "value": "98.4375",
        "cumulative": false
    },
    {
        "date": "2020-12-08T11:11:52.393Z",
        "value": "98.4375",
        "cumulative": false
    }
]