[
    {
        "date": "2020-12-08T11:11:04.530Z",
        "value": "10.15625",
        "cumulative": false
    },
    {
        "date": "2020-12-08T11:11:05.808Z",
        "value": "30.46875",
        "cumulative": false
    },
    {
        "date": "2020-12-08T11:11:07.432Z",
        "value": "40.625",
        "cumulative": false
    },
    {
        "date": "2020-12-08T11:11:08.641Z",
        "value": "47.65625",
        "cumulative": false
    },
    {
        "date": "2020-12-08T11:11:10.295Z",
        "value": "51.5625",
        "cumulative": false
    },
    {
        "date": "2020-12-08T11:11:11.530Z",
        "value": "64.84375",
        "cumulative": false
    },
    {
        "date": "2020-12-08T11:11:13.199Z",
        "value": "58.59375",
        "cumulative": false
    },
    {
        "date": "2020-12-08T11:11:14.482Z",
        "value": "63.28125",
        "cumulative": false
    },
    {
        "date": "2020-12-08T11:11:16.210Z",
        "value": "53.90625",
        "cumulative": false
    },
    {
        "date": "2020-12-08T11:11:17.504Z",
        "value": "60.15625",
        "cumulative": false
    },
    {
        "date": "2020-12-08T11:11:19.247Z",
        "value": "67.96875",
        "cumulative": false
    },
    {
        "date": "2020-12-08T11:11:20.508Z",
        "value": "64.0625",
        "cumulative": false
    },
    {
        "date": "2020-12-08T11:11:22.187Z",
        "value": "68.75",
        "cumulative": false
    },
    {
        "date": "2020-12-08T11:11:23.421Z",
        "value": "71.875",
        "cumulative": false
    },
    {
        "date": "2020-12-08T11:11:25.091Z",
        "value": "78.125",
        "cumulative": false
    },
    {
        "date": "2020-12-08T11:11:26.299Z",
        "value": "72.65625",
        "cumulative": false
    },
    {
        "date": "2020-12-08T11:11:27.978Z",
        "value": "82.03125",
        "cumulative": false
    },
    {
        "date": "2020-12-08T11:11:29.184Z",
        "value": "72.65625",
        "cumulative": false
    },
    {
        "date": "2020-12-08T11:11:30.905Z",
        "value": "78.125",
        "cumulative": false
    },
    {
        "date": "2020-12-08T11:11:32.145Z",
        "value": "79.6875",
        "cumulative": false
    },
    {
        "date": "2020-12-08T11:11:33.807Z",
        "value": "74.21875",
        "cumulative": false
    },
    {
        "date": "2020-12-08T11:11:35.038Z",
        "value": "86.71875",
        "cumulative": false
    },
    {
        "date": "2020-12-08T11:11:36.706Z",
        "value": "80.46875",
        "cumulative": false
    },
    {
        "date": "2020-12-08T11:11:37.930Z",
        "value": "83.59375",
        "cumulative": false
    },
    {
        "date": "2020-12-08T11:11:39.610Z",
        "value": "76.5625",
        "cumulative": false
    },
    {
        "date": "2020-12-08T11:11:40.811Z",
        "value": "82.8125",
        "cumulative": false
    },
    {
        "date": "2020-12-08T11:11:42.478Z",
        "value": "80.46875",
        "cumulative": false
    },
    {
        "date": "2020-12-08T11:11:43.687Z",
        "value": "88.28125",
        "cumulative": false
    },
    {
        "date": "2020-12-08T11:11:45.358Z",
        "value": "78.125",
        "cumulative": false
    },
    {
        "date": "2020-12-08T11:11:46.555Z",
        "value": "82.03125",
        "cumulative": false
    },
    {
        "date": "2020-12-08T11:11:48.206Z",
        "value": "89.84375",
        "cumulative": false
    },
    {
        "date": "2020-12-08T11:11:49.480Z",
        "value": "88.28125",
        "cumulative": false
    },
    {
        "date": "2020-12-08T11:11:51.137Z",
        "value": "87.5",
        "cumulative": false
    },
    {
        "date": "2020-12-08T11:11:52.388Z",
        "value": "83.59375",
        "cumulative": false
    }
]