[
    {
        "date": "2020-12-08T11:11:06.892Z",
        "value": "4.642498731613159",
        "cumulative": false
    },
    {
        "date": "2020-12-08T11:11:09.748Z",
        "value": "2.2969541549682617",
        "cumulative": false
    },
    {
        "date": "2020-12-08T11:11:12.658Z",
        "value": "2.3533947467803955",
        "cumulative": false
    },
    {
        "date": "2020-12-08T11:11:15.632Z",
        "value": "2.408769130706787",
        "cumulative": false
    },
    {
        "date": "2020-12-08T11:11:18.638Z",
        "value": "2.430741786956787",
        "cumulative": false
    },
    {
        "date": "2020-12-08T11:11:21.632Z",
        "value": "2.358642339706421",
        "cumulative": false
    },
    {
        "date": "2020-12-08T11:11:24.537Z",
        "value": "2.353576421737671",
        "cumulative": false
    },
    {
        "date": "2020-12-08T11:11:27.411Z",
        "value": "2.326664924621582",
        "cumulative": false
    },
    {
        "date": "2020-12-08T11:11:30.332Z",
        "value": "2.3488564491271973",
        "cumulative": false
    },
    {
        "date": "2020-12-08T11:11:33.253Z",
        "value": "2.3290233612060547",
        "cumulative": false
    },
    {
        "date": "2020-12-08T11:11:36.161Z",
        "value": "2.357618570327759",
        "cumulative": false
    },
    {
        "date": "2020-12-08T11:11:39.058Z",
        "value": "2.3305673599243164",
        "cumulative": false
    },
    {
        "date": "2020-12-08T11:11:41.947Z",
        "value": "2.339755058288574",
        "cumulative": false
    },
    {
        "date": "2020-12-08T11:11:44.812Z",
        "value": "2.336261510848999",
        "cumulative": false
    },
    {
        "date": "2020-12-08T11:11:47.646Z",
        "value": "2.2889506816864014",
        "cumulative": false
    },
    {
        "date": "2020-12-08T11:11:50.602Z",
        "value": "2.39184308052063",
        "cumulative": false
    },
    {
        "date": "2020-12-08T11:11:53.510Z",
        "value": "2.366058349609375",
        "cumulative": false
    }
]