[
    {
        "date": "2020-12-08T11:11:06.885Z",
        "value": "0.030385255813598633",
        "cumulative": false
    },
    {
        "date": "2020-12-08T11:11:09.743Z",
        "value": "0.02925395965576172",
        "cumulative": false
    },
    {
        "date": "2020-12-08T11:11:12.664Z",
        "value": "0.03026580810546875",
        "cumulative": false
    },
    {
        "date": "2020-12-08T11:11:15.636Z",
        "value": "0.029302120208740234",
        "cumulative": false
    },
    {
        "date": "2020-12-08T11:11:18.635Z",
        "value": "0.03433990478515625",
        "cumulative": false
    },
    {
        "date": "2020-12-08T11:11:21.637Z",
        "value": "0.02994394302368164",
        "cumulative": false
    },
    {
        "date": "2020-12-08T11:11:24.543Z",
        "value": "0.028992891311645508",
        "cumulative": false
    },
    {
        "date": "2020-12-08T11:11:27.413Z",
        "value": "0.02862095832824707",
        "cumulative": false
    },
    {
        "date": "2020-12-08T11:11:30.321Z",
        "value": "0.02838873863220215",
        "cumulative": false
    },
    {
        "date": "2020-12-08T11:11:33.258Z",
        "value": "0.029684066772460938",
        "cumulative": false
    },
    {
        "date": "2020-12-08T11:11:36.165Z",
        "value": "0.029980182647705078",
        "cumulative": false
    },
    {
        "date": "2020-12-08T11:11:39.048Z",
        "value": "0.02997612953186035",
        "cumulative": false
    },
    {
        "date": "2020-12-08T11:11:41.946Z",
        "value": "0.029603242874145508",
        "cumulative": false
    },
    {
        "date": "2020-12-08T11:11:44.816Z",
        "value": "0.028240203857421875",
        "cumulative": false
    },
    {
        "date": "2020-12-08T11:11:47.648Z",
        "value": "0.028250455856323242",
        "cumulative": false
    },
    {
        "date": "2020-12-08T11:11:50.599Z",
        "value": "0.02884221076965332",
        "cumulative": false
    },
    {
        "date": "2020-12-08T11:11:53.510Z",
        "value": "0.030982255935668945",
        "cumulative": false
    }
]