[
    {
        "date": "2020-12-08T11:11:06.885Z",
        "value": "0.10830068588256836",
        "cumulative": false
    },
    {
        "date": "2020-12-08T11:11:09.743Z",
        "value": "0.10978913307189941",
        "cumulative": false
    },
    {
        "date": "2020-12-08T11:11:12.664Z",
        "value": "0.12500452995300293",
        "cumulative": false
    },
    {
        "date": "2020-12-08T11:11:15.636Z",
        "value": "0.10717511177062988",
        "cumulative": false
    },
    {
        "date": "2020-12-08T11:11:18.634Z",
        "value": "0.10791254043579102",
        "cumulative": false
    },
    {
        "date": "2020-12-08T11:11:21.637Z",
        "value": "0.11712193489074707",
        "cumulative": false
    },
    {
        "date": "2020-12-08T11:11:24.543Z",
        "value": "0.10884499549865723",
        "cumulative": false
    },
    {
        "date": "2020-12-08T11:11:27.413Z",
        "value": "0.10187387466430664",
        "cumulative": false
    },
    {
        "date": "2020-12-08T11:11:30.321Z",
        "value": "0.10985326766967773",
        "cumulative": false
    },
    {
        "date": "2020-12-08T11:11:33.258Z",
        "value": "0.10495448112487793",
        "cumulative": false
    },
    {
        "date": "2020-12-08T11:11:36.165Z",
        "value": "0.1056368350982666",
        "cumulative": false
    },
    {
        "date": "2020-12-08T11:11:39.048Z",
        "value": "0.10875439643859863",
        "cumulative": false
    },
    {
        "date": "2020-12-08T11:11:41.945Z",
        "value": "0.11735343933105469",
        "cumulative": false
    },
    {
        "date": "2020-12-08T11:11:44.816Z",
        "value": "0.1115114688873291",
        "cumulative": false
    },
    {
        "date": "2020-12-08T11:11:47.648Z",
        "value": "0.10328888893127441",
        "cumulative": false
    },
    {
        "date": "2020-12-08T11:11:50.599Z",
        "value": "0.11185383796691895",
        "cumulative": false
    },
    {
        "date": "2020-12-08T11:11:53.510Z",
        "value": "0.1012423038482666",
        "cumulative": false
    }
]