[
    {
        "date": "2020-12-08T11:11:06.890Z",
        "value": "0.23441243171691895",
        "cumulative": false
    },
    {
        "date": "2020-12-08T11:11:09.747Z",
        "value": "0.2622816562652588",
        "cumulative": false
    },
    {
        "date": "2020-12-08T11:11:12.668Z",
        "value": "0.2583930492401123",
        "cumulative": false
    },
    {
        "date": "2020-12-08T11:11:15.629Z",
        "value": "0.2664206027984619",
        "cumulative": false
    },
    {
        "date": "2020-12-08T11:11:18.644Z",
        "value": "0.250720739364624",
        "cumulative": false
    },
    {
        "date": "2020-12-08T11:11:21.638Z",
        "value": "0.28380441665649414",
        "cumulative": false
    },
    {
        "date": "2020-12-08T11:11:24.549Z",
        "value": "0.2671835422515869",
        "cumulative": false
    },
    {
        "date": "2020-12-08T11:11:27.412Z",
        "value": "0.2715628147125244",
        "cumulative": false
    },
    {
        "date": "2020-12-08T11:11:30.325Z",
        "value": "0.2594482898712158",
        "cumulative": false
    },
    {
        "date": "2020-12-08T11:11:33.261Z",
        "value": "0.23860979080200195",
        "cumulative": false
    },
    {
        "date": "2020-12-08T11:11:36.165Z",
        "value": "0.27577710151672363",
        "cumulative": false
    },
    {
        "date": "2020-12-08T11:11:39.065Z",
        "value": "0.2295074462890625",
        "cumulative": false
    },
    {
        "date": "2020-12-08T11:11:41.948Z",
        "value": "0.26354169845581055",
        "cumulative": false
    },
    {
        "date": "2020-12-08T11:11:44.819Z",
        "value": "0.2478351593017578",
        "cumulative": false
    },
    {
        "date": "2020-12-08T11:11:47.654Z",
        "value": "0.24682831764221191",
        "cumulative": false
    },
    {
        "date": "2020-12-08T11:11:50.601Z",
        "value": "0.2610175609588623",
        "cumulative": false
    },
    {
        "date": "2020-12-08T11:11:53.514Z",
        "value": "0.25919675827026367",
        "cumulative": false
    }
]