[
    {
        "date": "2020-12-08T11:11:06.890Z",
        "value": "4.60523533821106",
        "cumulative": false
    },
    {
        "date": "2020-12-08T11:11:09.746Z",
        "value": "2.290637254714966",
        "cumulative": false
    },
    {
        "date": "2020-12-08T11:11:12.668Z",
        "value": "2.3372793197631836",
        "cumulative": false
    },
    {
        "date": "2020-12-08T11:11:15.629Z",
        "value": "2.387223243713379",
        "cumulative": false
    },
    {
        "date": "2020-12-08T11:11:18.644Z",
        "value": "2.412611722946167",
        "cumulative": false
    },
    {
        "date": "2020-12-08T11:11:21.638Z",
        "value": "2.386850357055664",
        "cumulative": false
    },
    {
        "date": "2020-12-08T11:11:24.549Z",
        "value": "2.3220038414001465",
        "cumulative": false
    },
    {
        "date": "2020-12-08T11:11:27.412Z",
        "value": "2.304342031478882",
        "cumulative": false
    },
    {
        "date": "2020-12-08T11:11:30.325Z",
        "value": "2.3168675899505615",
        "cumulative": false
    },
    {
        "date": "2020-12-08T11:11:33.261Z",
        "value": "2.3387255668640137",
        "cumulative": false
    },
    {
        "date": "2020-12-08T11:11:36.165Z",
        "value": "2.3523659706115723",
        "cumulative": false
    },
    {
        "date": "2020-12-08T11:11:39.065Z",
        "value": "2.320988655090332",
        "cumulative": false
    },
    {
        "date": "2020-12-08T11:11:41.948Z",
        "value": "2.291550874710083",
        "cumulative": false
    },
    {
        "date": "2020-12-08T11:11:44.819Z",
        "value": "2.303008556365967",
        "cumulative": false
    },
    {
        "date": "2020-12-08T11:11:47.654Z",
        "value": "2.261702537536621",
        "cumulative": false
    },
    {
        "date": "2020-12-08T11:11:50.601Z",
        "value": "2.378922700881958",
        "cumulative": false
    },
    {
        "date": "2020-12-08T11:11:53.513Z",
        "value": "2.33882737159729",
        "cumulative": false
    }
]