[
    {
        "date": "2020-12-08T11:11:06.893Z",
        "value": "4.6304237842559814",
        "cumulative": false
    },
    {
        "date": "2020-12-08T11:11:09.753Z",
        "value": "2.2948904037475586",
        "cumulative": false
    },
    {
        "date": "2020-12-08T11:11:12.676Z",
        "value": "2.3438243865966797",
        "cumulative": false
    },
    {
        "date": "2020-12-08T11:11:15.645Z",
        "value": "2.3930623531341553",
        "cumulative": false
    },
    {
        "date": "2020-12-08T11:11:18.654Z",
        "value": "2.3919973373413086",
        "cumulative": false
    },
    {
        "date": "2020-12-08T11:11:21.650Z",
        "value": "2.3799338340759277",
        "cumulative": false
    },
    {
        "date": "2020-12-08T11:11:24.550Z",
        "value": "2.3248419761657715",
        "cumulative": false
    },
    {
        "date": "2020-12-08T11:11:27.421Z",
        "value": "2.2819995880126953",
        "cumulative": false
    },
    {
        "date": "2020-12-08T11:11:30.329Z",
        "value": "2.327430486679077",
        "cumulative": false
    },
    {
        "date": "2020-12-08T11:11:33.269Z",
        "value": "2.3242411613464355",
        "cumulative": false
    },
    {
        "date": "2020-12-08T11:11:36.181Z",
        "value": "2.323183298110962",
        "cumulative": false
    },
    {
        "date": "2020-12-08T11:11:39.060Z",
        "value": "2.3131165504455566",
        "cumulative": false
    },
    {
        "date": "2020-12-08T11:11:41.957Z",
        "value": "2.3108627796173096",
        "cumulative": false
    },
    {
        "date": "2020-12-08T11:11:44.828Z",
        "value": "2.3243439197540283",
        "cumulative": false
    },
    {
        "date": "2020-12-08T11:11:47.658Z",
        "value": "2.2530906200408936",
        "cumulative": false
    },
    {
        "date": "2020-12-08T11:11:50.611Z",
        "value": "2.368074893951416",
        "cumulative": false
    },
    {
        "date": "2020-12-08T11:11:53.523Z",
        "value": "2.345243453979492",
        "cumulative": false
    }
]