[
    {
        "date": "2020-12-08T11:11:06.895Z",
        "value": "2.6748085021972656",
        "cumulative": false
    },
    {
        "date": "2020-12-08T11:11:09.756Z",
        "value": "0.5610556602478027",
        "cumulative": false
    },
    {
        "date": "2020-12-08T11:11:12.668Z",
        "value": "0.5948972702026367",
        "cumulative": false
    },
    {
        "date": "2020-12-08T11:11:15.633Z",
        "value": "0.6273360252380371",
        "cumulative": false
    },
    {
        "date": "2020-12-08T11:11:18.641Z",
        "value": "0.5692563056945801",
        "cumulative": false
    },
    {
        "date": "2020-12-08T11:11:21.643Z",
        "value": "0.6441521644592285",
        "cumulative": false
    },
    {
        "date": "2020-12-08T11:11:24.549Z",
        "value": "0.6299481391906738",
        "cumulative": false
    },
    {
        "date": "2020-12-08T11:11:27.413Z",
        "value": "0.5750463008880615",
        "cumulative": false
    },
    {
        "date": "2020-12-08T11:11:30.340Z",
        "value": "0.6223897933959961",
        "cumulative": false
    },
    {
        "date": "2020-12-08T11:11:33.265Z",
        "value": "0.5685949325561523",
        "cumulative": false
    },
    {
        "date": "2020-12-08T11:11:36.167Z",
        "value": "0.5878829956054688",
        "cumulative": false
    },
    {
        "date": "2020-12-08T11:11:39.056Z",
        "value": "0.5627267360687256",
        "cumulative": false
    },
    {
        "date": "2020-12-08T11:11:41.951Z",
        "value": "0.5896956920623779",
        "cumulative": false
    },
    {
        "date": "2020-12-08T11:11:44.826Z",
        "value": "0.5970437526702881",
        "cumulative": false
    },
    {
        "date": "2020-12-08T11:11:47.652Z",
        "value": "0.5644147396087646",
        "cumulative": false
    },
    {
        "date": "2020-12-08T11:11:50.616Z",
        "value": "0.5883679389953613",
        "cumulative": false
    },
    {
        "date": "2020-12-08T11:11:53.516Z",
        "value": "0.5859034061431885",
        "cumulative": false
    }
]