[
    {
        "date": "2020-09-11T13:42:08Z",
        "value": "4.00543212890625e-05",
        "cumulative": true
    },
    {
        "date": "2020-09-11T13:42:28Z",
        "value": "20.695523262023926",
        "cumulative": true
    },
    {
        "date": "2020-09-11T13:42:44Z",
        "value": "1258.6156539916992",
        "cumulative": true
    },
    {
        "date": "2020-09-11T13:43:00Z",
        "value": "4237.511350631714",
        "cumulative": true
    },
    {
        "date": "2020-09-11T13:43:10Z",
        "value": "6234.399208068848",
        "cumulative": true
    },
    {
        "date": "2020-09-11T13:43:23Z",
        "value": "8648.360085487366",
        "cumulative": true
    },
    {
        "date": "2020-09-11T13:43:40Z",
        "value": "11486.156526565552",
        "cumulative": true
    },
    {
        "date": "2020-09-11T13:43:59Z",
        "value": "15349.25350856781",
        "cumulative": true
    },
    {
        "date": "2020-09-11T13:44:17Z",
        "value": "18895.21242904663",
        "cumulative": true
    },
    {
        "date": "2020-09-11T13:44:34Z",
        "value": "22589.283902168274",
        "cumulative": true
    },
    {
        "date": "2020-09-11T13:44:45Z",
        "value": "24846.230960845947",
        "cumulative": true
    },
    {
        "date": "2020-09-11T13:44:56Z",
        "value": "27701.22870540619",
        "cumulative": true
    },
    {
        "date": "2020-09-11T13:45:14Z",
        "value": "31106.106533050537",
        "cumulative": true
    },
    {
        "date": "2020-09-11T13:45:30Z",
        "value": "35151.196164131165",
        "cumulative": true
    },
    {
        "date": "2020-09-11T13:45:41Z",
        "value": "36779.82891178131",
        "cumulative": true
    },
    {
        "date": "2020-09-11T13:45:59Z",
        "value": "41317.65746688843",
        "cumulative": true
    },
    {
        "date": "2020-09-11T13:46:10Z",
        "value": "44122.49594402313",
        "cumulative": true
    },
    {
        "date": "2020-09-11T13:46:29Z",
        "value": "46752.35981655121",
        "cumulative": true
    },
    {
        "date": "2020-09-11T13:46:48Z",
        "value": "51348.38331031799",
        "cumulative": true
    },
    {
        "date": "2020-09-11T13:47:07Z",
        "value": "55826.44400596619",
        "cumulative": true
    },
    {
        "date": "2020-09-11T13:47:20Z",
        "value": "57575.54437828064",
        "cumulative": true
    },
    {
        "date": "2020-09-11T13:47:37Z",
        "value": "60216.67144203186",
        "cumulative": true
    },
    {
        "date": "2020-09-11T13:47:53Z",
        "value": "64809.584997177124",
        "cumulative": true
    },
    {
        "date": "2020-09-11T13:48:12Z",
        "value": "70027.13478565216",
        "cumulative": true
    },
    {
        "date": "2020-09-11T13:48:25Z",
        "value": "71807.78797054291",
        "cumulative": true
    },
    {
        "date": "2020-09-11T13:48:42Z",
        "value": "74121.71165943146",
        "cumulative": true
    },
    {
        "date": "2020-09-11T13:48:58Z",
        "value": "77622.69290542603",
        "cumulative": true
    },
    {
        "date": "2020-09-11T13:49:16Z",
        "value": "82309.43976783752",
        "cumulative": true
    },
    {
        "date": "2020-09-11T13:49:26Z",
        "value": "84919.36504745483",
        "cumulative": true
    },
    {
        "date": "2020-09-11T13:49:39Z",
        "value": "88490.16562747955",
        "cumulative": true
    },
    {
        "date": "2020-09-11T13:49:52Z",
        "value": "90146.3375120163",
        "cumulative": true
    },
    {
        "date": "2020-09-11T13:50:08Z",
        "value": "92180.05275249481",
        "cumulative": true
    },
    {
        "date": "2020-09-11T13:50:25Z",
        "value": "94365.01047420502",
        "cumulative": true
    },
    {
        "date": "2020-09-11T13:50:39Z",
        "value": "97502.80377674103",
        "cumulative": true
    },
    {
        "date": "2020-09-11T13:50:57Z",
        "value": "103060.62173557281",
        "cumulative": true
    },
    {
        "date": "2020-09-11T13:51:08Z",
        "value": "106327.59450054169",
        "cumulative": true
    },
    {
        "date": "2020-09-11T13:51:24Z",
        "value": "111440.50470638275",
        "cumulative": true
    },
    {
        "date": "2020-09-11T13:51:41Z",
        "value": "113781.88052368164",
        "cumulative": true
    },
    {
        "date": "2020-09-11T13:51:58Z",
        "value": "116062.9879283905",
        "cumulative": true
    },
    {
        "date": "2020-09-11T13:52:12Z",
        "value": "117812.89265823364",
        "cumulative": true
    },
    {
        "date": "2020-09-11T13:52:25Z",
        "value": "119481.57336044312",
        "cumulative": true
    },
    {
        "date": "2020-09-11T13:52:37Z",
        "value": "122501.81284332275",
        "cumulative": true
    },
    {
        "date": "2020-09-11T13:52:48Z",
        "value": "125865.56219482422",
        "cumulative": true
    },
    {
        "date": "2020-09-11T13:52:59Z",
        "value": "128835.56072235107",
        "cumulative": true
    },
    {
        "date": "2020-09-11T13:53:17Z",
        "value": "134229.90279769897",
        "cumulative": true
    },
    {
        "date": "2020-09-11T13:53:31Z",
        "value": "138629.38185882568",
        "cumulative": true
    },
    {
        "date": "2020-09-11T13:53:48Z",
        "value": "142002.02738380432",
        "cumulative": true
    },
    {
        "date": "2020-09-11T13:54:05Z",
        "value": "144254.44506835938",
        "cumulative": true
    },
    {
        "date": "2020-09-11T13:54:18Z",
        "value": "146033.33228302002",
        "cumulative": true
    },
    {
        "date": "2020-09-11T13:54:31Z",
        "value": "147727.1237411499",
        "cumulative": true
    },
    {
        "date": "2020-09-11T13:54:42Z",
        "value": "149221.60287857056",
        "cumulative": true
    },
    {
        "date": "2020-09-11T13:54:57Z",
        "value": "151196.23889923096",
        "cumulative": true
    },
    {
        "date": "2020-09-11T13:55:14Z",
        "value": "155753.1024055481",
        "cumulative": true
    },
    {
        "date": "2020-09-11T13:55:34Z",
        "value": "161163.9960975647",
        "cumulative": true
    },
    {
        "date": "2020-09-11T13:55:54Z",
        "value": "166735.81900024414",
        "cumulative": true
    },
    {
        "date": "2020-09-11T13:56:07Z",
        "value": "170333.0562763214",
        "cumulative": true
    },
    {
        "date": "2020-09-11T13:56:22Z",
        "value": "174533.7868976593",
        "cumulative": true
    },
    {
        "date": "2020-09-11T13:56:39Z",
        "value": "178445.3020105362",
        "cumulative": true
    },
    {
        "date": "2020-09-11T13:56:50Z",
        "value": "179883.95185565948",
        "cumulative": true
    },
    {
        "date": "2020-09-11T13:57:05Z",
        "value": "181830.51248836517",
        "cumulative": true
    },
    {
        "date": "2020-09-11T13:57:20Z",
        "value": "183863.0197172165",
        "cumulative": true
    },
    {
        "date": "2020-09-11T13:57:39Z",
        "value": "186251.05991649628",
        "cumulative": true
    },
    {
        "date": "2020-09-11T13:57:56Z",
        "value": "188390.3995733261",
        "cumulative": true
    },
    {
        "date": "2020-09-11T13:58:09Z",
        "value": "190089.37611675262",
        "cumulative": true
    },
    {
        "date": "2020-09-11T13:58:23Z",
        "value": "192955.3639907837",
        "cumulative": true
    },
    {
        "date": "2020-09-11T13:58:37Z",
        "value": "196627.40247917175",
        "cumulative": true
    },
    {
        "date": "2020-09-11T13:58:51Z",
        "value": "200885.84906959534",
        "cumulative": true
    },
    {
        "date": "2020-09-11T13:59:04Z",
        "value": "204542.7388267517",
        "cumulative": true
    },
    {
        "date": "2020-09-11T13:59:19Z",
        "value": "208697.49582481384",
        "cumulative": true
    },
    {
        "date": "2020-09-11T13:59:32Z",
        "value": "212449.9517211914",
        "cumulative": true
    },
    {
        "date": "2020-09-11T13:59:50Z",
        "value": "218081.06925201416",
        "cumulative": true
    },
    {
        "date": "2020-09-11T14:00:03Z",
        "value": "221679.85395812988",
        "cumulative": true
    },
    {
        "date": "2020-09-11T14:00:14Z",
        "value": "224888.04060268402",
        "cumulative": true
    },
    {
        "date": "2020-09-11T14:00:31Z",
        "value": "227119.45332622528",
        "cumulative": true
    },
    {
        "date": "2020-09-11T14:00:44Z",
        "value": "228856.97738742828",
        "cumulative": true
    },
    {
        "date": "2020-09-11T14:00:59Z",
        "value": "230968.58983707428",
        "cumulative": true
    },
    {
        "date": "2020-09-11T14:01:13Z",
        "value": "232834.389046669",
        "cumulative": true
    },
    {
        "date": "2020-09-11T14:01:27Z",
        "value": "234756.58879756927",
        "cumulative": true
    },
    {
        "date": "2020-09-11T14:01:41Z",
        "value": "236660.10127735138",
        "cumulative": true
    },
    {
        "date": "2020-09-11T14:01:56Z",
        "value": "238555.1511964798",
        "cumulative": true
    },
    {
        "date": "2020-09-11T14:02:13Z",
        "value": "240850.6807794571",
        "cumulative": true
    },
    {
        "date": "2020-09-11T14:02:30Z",
        "value": "245316.54390907288",
        "cumulative": true
    },
    {
        "date": "2020-09-11T14:02:43Z",
        "value": "248913.73509788513",
        "cumulative": true
    },
    {
        "date": "2020-09-11T14:02:59Z",
        "value": "253365.46704673767",
        "cumulative": true
    },
    {
        "date": "2020-09-11T14:03:19Z",
        "value": "259260.73016357422",
        "cumulative": true
    },
    {
        "date": "2020-09-11T14:03:36Z",
        "value": "264335.46126174927",
        "cumulative": true
    },
    {
        "date": "2020-09-11T14:03:54Z",
        "value": "269630.08633995056",
        "cumulative": true
    },
    {
        "date": "2020-09-11T14:04:12Z",
        "value": "274886.208322525",
        "cumulative": true
    },
    {
        "date": "2020-09-11T14:04:27Z",
        "value": "279185.4734840393",
        "cumulative": true
    },
    {
        "date": "2020-09-11T14:04:46Z",
        "value": "284173.65388584137",
        "cumulative": true
    },
    {
        "date": "2020-09-11T14:04:57Z",
        "value": "285651.1686067581",
        "cumulative": true
    },
    {
        "date": "2020-09-11T14:05:08Z",
        "value": "287127.5751962662",
        "cumulative": true
    },
    {
        "date": "2020-09-11T14:05:23Z",
        "value": "289244.08121585846",
        "cumulative": true
    },
    {
        "date": "2020-09-11T14:05:40Z",
        "value": "291366.6276483536",
        "cumulative": true
    },
    {
        "date": "2020-09-11T14:05:56Z",
        "value": "293564.5340127945",
        "cumulative": true
    },
    {
        "date": "2020-09-11T14:06:10Z",
        "value": "295593.0808210373",
        "cumulative": true
    },
    {
        "date": "2020-09-11T14:06:22Z",
        "value": "297101.3976240158",
        "cumulative": true
    },
    {
        "date": "2020-09-11T14:06:34Z",
        "value": "298778.9770116806",
        "cumulative": true
    },
    {
        "date": "2020-09-11T14:06:47Z",
        "value": "300672.17245197296",
        "cumulative": true
    },
    {
        "date": "2020-09-11T14:06:57Z",
        "value": "301944.6921682358",
        "cumulative": true
    },
    {
        "date": "2020-09-11T14:07:17Z",
        "value": "304508.44269657135",
        "cumulative": true
    },
    {
        "date": "2020-09-11T14:07:33Z",
        "value": "309050.25555992126",
        "cumulative": true
    },
    {
        "date": "2020-09-11T14:07:51Z",
        "value": "314684.50312042236",
        "cumulative": true
    },
    {
        "date": "2020-09-11T14:08:02Z",
        "value": "317753.71194267273",
        "cumulative": true
    },
    {
        "date": "2020-09-11T14:08:18Z",
        "value": "322577.89083862305",
        "cumulative": true
    },
    {
        "date": "2020-09-11T14:08:35Z",
        "value": "327842.3399448395",
        "cumulative": true
    },
    {
        "date": "2020-09-11T14:08:49Z",
        "value": "332080.920671463",
        "cumulative": true
    },
    {
        "date": "2020-09-11T14:08:59Z",
        "value": "334944.96938323975",
        "cumulative": true
    },
    {
        "date": "2020-09-11T14:09:19Z",
        "value": "340800.5684528351",
        "cumulative": true
    },
    {
        "date": "2020-09-11T14:09:35Z",
        "value": "345984.9152355194",
        "cumulative": true
    },
    {
        "date": "2020-09-11T14:09:52Z",
        "value": "351239.861120224",
        "cumulative": true
    },
    {
        "date": "2020-09-11T14:10:11Z",
        "value": "356651.22278022766",
        "cumulative": true
    },
    {
        "date": "2020-09-11T14:10:28Z",
        "value": "359868.0513563156",
        "cumulative": true
    },
    {
        "date": "2020-09-11T14:10:42Z",
        "value": "361994.9738340378",
        "cumulative": true
    },
    {
        "date": "2020-09-11T14:10:58Z",
        "value": "364129.5046720505",
        "cumulative": true
    },
    {
        "date": "2020-09-11T14:11:10Z",
        "value": "365731.2678823471",
        "cumulative": true
    },
    {
        "date": "2020-09-11T14:11:22Z",
        "value": "367329.25708675385",
        "cumulative": true
    },
    {
        "date": "2020-09-11T14:11:38Z",
        "value": "369726.8740262985",
        "cumulative": true
    },
    {
        "date": "2020-09-11T14:11:57Z",
        "value": "372324.4753026962",
        "cumulative": true
    },
    {
        "date": "2020-09-11T14:12:17Z",
        "value": "375055.0702867508",
        "cumulative": true
    },
    {
        "date": "2020-09-11T14:12:36Z",
        "value": "377722.86130809784",
        "cumulative": true
    },
    {
        "date": "2020-09-11T14:12:53Z",
        "value": "380123.52046489716",
        "cumulative": true
    },
    {
        "date": "2020-09-11T14:13:08Z",
        "value": "382255.11744976044",
        "cumulative": true
    },
    {
        "date": "2020-09-11T14:13:21Z",
        "value": "384021.1005010605",
        "cumulative": true
    },
    {
        "date": "2020-09-11T14:13:39Z",
        "value": "388307.1896953583",
        "cumulative": true
    },
    {
        "date": "2020-09-11T14:13:53Z",
        "value": "392651.0643901825",
        "cumulative": true
    },
    {
        "date": "2020-09-11T14:14:03Z",
        "value": "395690.9015407562",
        "cumulative": true
    },
    {
        "date": "2020-09-11T14:14:21Z",
        "value": "401097.31527900696",
        "cumulative": true
    },
    {
        "date": "2020-09-11T14:14:38Z",
        "value": "406458.7474536896",
        "cumulative": true
    },
    {
        "date": "2020-09-11T14:14:52Z",
        "value": "410931.3333969116",
        "cumulative": true
    },
    {
        "date": "2020-09-11T14:15:08Z",
        "value": "415683.7187976837",
        "cumulative": true
    },
    {
        "date": "2020-09-11T14:15:27Z",
        "value": "421396.96380233765",
        "cumulative": true
    },
    {
        "date": "2020-09-11T14:15:37Z",
        "value": "424643.1712989807",
        "cumulative": true
    },
    {
        "date": "2020-09-11T14:15:51Z",
        "value": "428992.8054161072",
        "cumulative": true
    },
    {
        "date": "2020-09-11T14:16:07Z",
        "value": "434064.3648586273",
        "cumulative": true
    },
    {
        "date": "2020-09-11T14:16:19Z",
        "value": "437539.74650764465",
        "cumulative": true
    },
    {
        "date": "2020-09-11T14:16:38Z",
        "value": "443253.88726997375",
        "cumulative": true
    },
    {
        "date": "2020-09-11T14:16:55Z",
        "value": "448186.6642398834",
        "cumulative": true
    },
    {
        "date": "2020-09-11T14:17:11Z",
        "value": "452563.61072540283",
        "cumulative": true
    },
    {
        "date": "2020-09-11T14:17:24Z",
        "value": "454270.6586036682",
        "cumulative": true
    },
    {
        "date": "2020-09-11T14:17:36Z",
        "value": "455927.30408477783",
        "cumulative": true
    },
    {
        "date": "2020-09-11T14:17:48Z",
        "value": "457609.4589996338",
        "cumulative": true
    },
    {
        "date": "2020-09-11T14:18:05Z",
        "value": "460003.01828575134",
        "cumulative": true
    },
    {
        "date": "2020-09-11T14:18:19Z",
        "value": "461994.4262161255",
        "cumulative": true
    },
    {
        "date": "2020-09-11T14:18:38Z",
        "value": "464691.12766456604",
        "cumulative": true
    },
    {
        "date": "2020-09-11T14:18:54Z",
        "value": "467049.7043952942",
        "cumulative": true
    },
    {
        "date": "2020-09-11T14:19:13Z",
        "value": "469749.7644367218",
        "cumulative": true
    },
    {
        "date": "2020-09-11T14:19:30Z",
        "value": "472106.8641166687",
        "cumulative": true
    },
    {
        "date": "2020-09-11T14:19:45Z",
        "value": "474125.8552131653",
        "cumulative": true
    },
    {
        "date": "2020-09-11T14:19:56Z",
        "value": "475551.0859069824",
        "cumulative": true
    },
    {
        "date": "2020-09-11T14:20:15Z",
        "value": "478501.6958885193",
        "cumulative": true
    },
    {
        "date": "2020-09-11T14:20:31Z",
        "value": "480620.0440940857",
        "cumulative": true
    },
    {
        "date": "2020-09-11T14:20:48Z",
        "value": "483127.25485801697",
        "cumulative": true
    },
    {
        "date": "2020-09-11T14:21:05Z",
        "value": "485263.7584285736",
        "cumulative": true
    },
    {
        "date": "2020-09-11T14:21:18Z",
        "value": "485912.849647522",
        "cumulative": true
    },
    {
        "date": "2020-09-11T14:21:34Z",
        "value": "485912.8496875763",
        "cumulative": true
    },
    {
        "date": "2020-09-11T14:21:48Z",
        "value": "485912.8496875763",
        "cumulative": true
    },
    {
        "date": "2020-09-11T14:22:15Z",
        "value": "485912.8496875763",
        "cumulative": true
    },
    {
        "date": "2020-09-11T14:22:33Z",
        "value": "485912.8496875763",
        "cumulative": true
    },
    {
        "date": "2020-09-11T14:22:52Z",
        "value": "485912.8496875763",
        "cumulative": true
    },
    {
        "date": "2020-09-11T14:23:03Z",
        "value": "485912.8496875763",
        "cumulative": true
    },
    {
        "date": "2020-09-11T14:23:23Z",
        "value": "485912.8496875763",
        "cumulative": true
    },
    {
        "date": "2020-09-11T14:23:38Z",
        "value": "485912.8496875763",
        "cumulative": true
    },
    {
        "date": "2020-09-11T14:23:54Z",
        "value": "485912.8496875763",
        "cumulative": true
    },
    {
        "date": "2020-09-11T14:24:13Z",
        "value": "485912.8496875763",
        "cumulative": true
    },
    {
        "date": "2020-09-11T14:24:36Z",
        "value": "485912.8496875763",
        "cumulative": true
    },
    {
        "date": "2020-09-11T14:24:55Z",
        "value": "485912.8496875763",
        "cumulative": true
    },
    {
        "date": "2020-09-11T14:25:20Z",
        "value": "485912.8496875763",
        "cumulative": true
    },
    {
        "date": "2020-09-11T14:25:38Z",
        "value": "485912.8496875763",
        "cumulative": true
    },
    {
        "date": "2020-09-11T14:25:56Z",
        "value": "485912.8496875763",
        "cumulative": true
    },
    {
        "date": "2020-09-11T14:26:13Z",
        "value": "485912.8496875763",
        "cumulative": true
    },
    {
        "date": "2020-09-11T14:26:41Z",
        "value": "485912.8496875763",
        "cumulative": true
    },
    {
        "date": "2020-09-11T14:27:01Z",
        "value": "485912.8496875763",
        "cumulative": true
    },
    {
        "date": "2020-09-11T14:27:27Z",
        "value": "485912.8496875763",
        "cumulative": true
    },
    {
        "date": "2020-09-11T14:27:42Z",
        "value": "485912.8496875763",
        "cumulative": true
    },
    {
        "date": "2020-09-11T14:28:08Z",
        "value": "485912.8496875763",
        "cumulative": true
    },
    {
        "date": "2020-09-11T14:28:23Z",
        "value": "485912.8496875763",
        "cumulative": true
    },
    {
        "date": "2020-09-11T14:28:45Z",
        "value": "485912.8496875763",
        "cumulative": true
    },
    {
        "date": "2020-09-11T14:29:03Z",
        "value": "485912.8496875763",
        "cumulative": true
    },
    {
        "date": "2020-09-11T14:29:22Z",
        "value": "485912.8496875763",
        "cumulative": true
    },
    {
        "date": "2020-09-11T14:29:36Z",
        "value": "485912.8496875763",
        "cumulative": true
    },
    {
        "date": "2020-09-11T14:30:01Z",
        "value": "485912.8496875763",
        "cumulative": true
    },
    {
        "date": "2020-09-11T14:30:21Z",
        "value": "485912.8496875763",
        "cumulative": true
    },
    {
        "date": "2020-09-11T14:30:47Z",
        "value": "485912.8496875763",
        "cumulative": true
    },
    {
        "date": "2020-09-11T14:30:58Z",
        "value": "485912.8496875763",
        "cumulative": true
    },
    {
        "date": "2020-09-11T14:31:24Z",
        "value": "485912.8496875763",
        "cumulative": true
    },
    {
        "date": "2020-09-11T14:31:39Z",
        "value": "485912.8496875763",
        "cumulative": true
    }
]