[
    {
        "date": "2020-09-11T13:42:04Z",
        "value": "0.0009593963623046875",
        "cumulative": true
    },
    {
        "date": "2020-09-11T13:42:15Z",
        "value": "0.0009593963623046875",
        "cumulative": true
    },
    {
        "date": "2020-09-11T13:42:36Z",
        "value": "304.2891387939453",
        "cumulative": true
    },
    {
        "date": "2020-09-11T13:42:56Z",
        "value": "3563.2233867645264",
        "cumulative": true
    },
    {
        "date": "2020-09-11T13:43:15Z",
        "value": "7038.307907104492",
        "cumulative": true
    },
    {
        "date": "2020-09-11T13:43:35Z",
        "value": "10854.471413612366",
        "cumulative": true
    },
    {
        "date": "2020-09-11T13:43:51Z",
        "value": "13972.560791015625",
        "cumulative": true
    },
    {
        "date": "2020-09-11T13:44:09Z",
        "value": "17601.983194351196",
        "cumulative": true
    },
    {
        "date": "2020-09-11T13:44:28Z",
        "value": "21675.149881362915",
        "cumulative": true
    },
    {
        "date": "2020-09-11T13:44:40Z",
        "value": "23574.856800079346",
        "cumulative": true
    },
    {
        "date": "2020-09-11T13:44:53Z",
        "value": "27155.867162704468",
        "cumulative": true
    },
    {
        "date": "2020-09-11T13:45:12Z",
        "value": "30338.97702217102",
        "cumulative": true
    },
    {
        "date": "2020-09-11T13:45:22Z",
        "value": "33185.65160179138",
        "cumulative": true
    },
    {
        "date": "2020-09-11T13:45:35Z",
        "value": "35908.90299606323",
        "cumulative": true
    },
    {
        "date": "2020-09-11T13:45:50Z",
        "value": "39074.2820854187",
        "cumulative": true
    },
    {
        "date": "2020-09-11T13:46:05Z",
        "value": "43120.09864997864",
        "cumulative": true
    },
    {
        "date": "2020-09-11T13:46:22Z",
        "value": "45782.44632911682",
        "cumulative": true
    },
    {
        "date": "2020-09-11T13:46:41Z",
        "value": "49464.567105293274",
        "cumulative": true
    },
    {
        "date": "2020-09-11T13:46:58Z",
        "value": "53947.59924983978",
        "cumulative": true
    },
    {
        "date": "2020-09-11T13:47:08Z",
        "value": "56020.81318950653",
        "cumulative": true
    },
    {
        "date": "2020-09-11T13:47:28Z",
        "value": "58660.482701301575",
        "cumulative": true
    },
    {
        "date": "2020-09-11T13:47:45Z",
        "value": "62599.420760154724",
        "cumulative": true
    },
    {
        "date": "2020-09-11T13:47:56Z",
        "value": "65625.17793750763",
        "cumulative": true
    },
    {
        "date": "2020-09-11T13:48:14Z",
        "value": "70310.35089874268",
        "cumulative": true
    },
    {
        "date": "2020-09-11T13:48:31Z",
        "value": "72654.76854515076",
        "cumulative": true
    },
    {
        "date": "2020-09-11T13:48:41Z",
        "value": "74007.7878074646",
        "cumulative": true
    },
    {
        "date": "2020-09-11T13:48:51Z",
        "value": "75602.1207447052",
        "cumulative": true
    },
    {
        "date": "2020-09-11T13:49:03Z",
        "value": "78898.74171066284",
        "cumulative": true
    },
    {
        "date": "2020-09-11T13:49:22Z",
        "value": "83635.42766571045",
        "cumulative": true
    },
    {
        "date": "2020-09-11T13:49:35Z",
        "value": "87325.14280319214",
        "cumulative": true
    },
    {
        "date": "2020-09-11T13:49:54Z",
        "value": "90292.824385643",
        "cumulative": true
    },
    {
        "date": "2020-09-11T13:50:10Z",
        "value": "92263.51488780975",
        "cumulative": true
    },
    {
        "date": "2020-09-11T13:50:28Z",
        "value": "94636.8701429367",
        "cumulative": true
    },
    {
        "date": "2020-09-11T13:50:43Z",
        "value": "98754.682888031",
        "cumulative": true
    },
    {
        "date": "2020-09-11T13:51:00Z",
        "value": "103850.87097358704",
        "cumulative": true
    },
    {
        "date": "2020-09-11T13:51:20Z",
        "value": "109903.74731826782",
        "cumulative": true
    },
    {
        "date": "2020-09-11T13:51:31Z",
        "value": "112317.72619628906",
        "cumulative": true
    },
    {
        "date": "2020-09-11T13:51:50Z",
        "value": "114796.62871742249",
        "cumulative": true
    },
    {
        "date": "2020-09-11T13:52:08Z",
        "value": "117208.26823425293",
        "cumulative": true
    },
    {
        "date": "2020-09-11T13:52:19Z",
        "value": "118622.46462249756",
        "cumulative": true
    },
    {
        "date": "2020-09-11T13:52:39Z",
        "value": "122862.02514362335",
        "cumulative": true
    },
    {
        "date": "2020-09-11T13:52:58Z",
        "value": "128675.01764583588",
        "cumulative": true
    },
    {
        "date": "2020-09-11T13:53:12Z",
        "value": "132433.65826511383",
        "cumulative": true
    },
    {
        "date": "2020-09-11T13:53:31Z",
        "value": "138143.42118358612",
        "cumulative": true
    },
    {
        "date": "2020-09-11T13:53:48Z",
        "value": "141811.96607494354",
        "cumulative": true
    },
    {
        "date": "2020-09-11T13:54:02Z",
        "value": "143813.65475940704",
        "cumulative": true
    },
    {
        "date": "2020-09-11T13:54:14Z",
        "value": "145376.8118543625",
        "cumulative": true
    },
    {
        "date": "2020-09-11T13:54:24Z",
        "value": "146745.87825107574",
        "cumulative": true
    },
    {
        "date": "2020-09-11T13:54:40Z",
        "value": "148736.37856960297",
        "cumulative": true
    },
    {
        "date": "2020-09-11T13:54:58Z",
        "value": "151161.85222911835",
        "cumulative": true
    },
    {
        "date": "2020-09-11T13:55:10Z",
        "value": "154284.89982414246",
        "cumulative": true
    },
    {
        "date": "2020-09-11T13:55:23Z",
        "value": "157909.97491836548",
        "cumulative": true
    },
    {
        "date": "2020-09-11T13:55:38Z",
        "value": "161975.22910499573",
        "cumulative": true
    },
    {
        "date": "2020-09-11T13:55:56Z",
        "value": "167287.70024108887",
        "cumulative": true
    },
    {
        "date": "2020-09-11T13:56:10Z",
        "value": "170883.0254764557",
        "cumulative": true
    },
    {
        "date": "2020-09-11T13:56:25Z",
        "value": "175238.29994010925",
        "cumulative": true
    },
    {
        "date": "2020-09-11T13:56:45Z",
        "value": "179082.81273937225",
        "cumulative": true
    },
    {
        "date": "2020-09-11T13:56:56Z",
        "value": "180496.61909389496",
        "cumulative": true
    },
    {
        "date": "2020-09-11T13:57:15Z",
        "value": "183055.10107326508",
        "cumulative": true
    },
    {
        "date": "2020-09-11T13:57:33Z",
        "value": "185302.99959659576",
        "cumulative": true
    },
    {
        "date": "2020-09-11T13:57:44Z",
        "value": "186760.71682453156",
        "cumulative": true
    },
    {
        "date": "2020-09-11T13:57:54Z",
        "value": "188089.50739383698",
        "cumulative": true
    },
    {
        "date": "2020-09-11T13:58:11Z",
        "value": "190236.42382717133",
        "cumulative": true
    },
    {
        "date": "2020-09-11T13:58:22Z",
        "value": "192305.0303182602",
        "cumulative": true
    },
    {
        "date": "2020-09-11T13:58:41Z",
        "value": "197848.54947185516",
        "cumulative": true
    },
    {
        "date": "2020-09-11T13:58:53Z",
        "value": "201311.05449962616",
        "cumulative": true
    },
    {
        "date": "2020-09-11T13:59:05Z",
        "value": "204537.56092739105",
        "cumulative": true
    },
    {
        "date": "2020-09-11T13:59:18Z",
        "value": "208225.79214954376",
        "cumulative": true
    },
    {
        "date": "2020-09-11T13:59:33Z",
        "value": "212621.63097667694",
        "cumulative": true
    },
    {
        "date": "2020-09-11T13:59:52Z",
        "value": "218297.656996727",
        "cumulative": true
    },
    {
        "date": "2020-09-11T14:00:07Z",
        "value": "222808.88178539276",
        "cumulative": true
    },
    {
        "date": "2020-09-11T14:00:27Z",
        "value": "226309.1506767273",
        "cumulative": true
    },
    {
        "date": "2020-09-11T14:00:40Z",
        "value": "228260.35138511658",
        "cumulative": true
    },
    {
        "date": "2020-09-11T14:00:54Z",
        "value": "229989.51504135132",
        "cumulative": true
    },
    {
        "date": "2020-09-11T14:01:05Z",
        "value": "231657.89526748657",
        "cumulative": true
    },
    {
        "date": "2020-09-11T14:01:19Z",
        "value": "233498.93023490906",
        "cumulative": true
    },
    {
        "date": "2020-09-11T14:01:31Z",
        "value": "235054.1557598114",
        "cumulative": true
    },
    {
        "date": "2020-09-11T14:01:48Z",
        "value": "237513.02574539185",
        "cumulative": true
    },
    {
        "date": "2020-09-11T14:02:01Z",
        "value": "239075.40010261536",
        "cumulative": true
    },
    {
        "date": "2020-09-11T14:02:15Z",
        "value": "241027.23558044434",
        "cumulative": true
    },
    {
        "date": "2020-09-11T14:02:27Z",
        "value": "244311.87194156647",
        "cumulative": true
    },
    {
        "date": "2020-09-11T14:02:40Z",
        "value": "247728.37514209747",
        "cumulative": true
    },
    {
        "date": "2020-09-11T14:02:56Z",
        "value": "252340.8684644699",
        "cumulative": true
    },
    {
        "date": "2020-09-11T14:03:12Z",
        "value": "256980.6408147812",
        "cumulative": true
    },
    {
        "date": "2020-09-11T14:03:23Z",
        "value": "260360.2394399643",
        "cumulative": true
    },
    {
        "date": "2020-09-11T14:03:43Z",
        "value": "265941.60438251495",
        "cumulative": true
    },
    {
        "date": "2020-09-11T14:04:00Z",
        "value": "270922.83447933197",
        "cumulative": true
    },
    {
        "date": "2020-09-11T14:04:17Z",
        "value": "275997.8834447861",
        "cumulative": true
    },
    {
        "date": "2020-09-11T14:04:28Z",
        "value": "279096.27301311493",
        "cumulative": true
    },
    {
        "date": "2020-09-11T14:04:41Z",
        "value": "283054.66834545135",
        "cumulative": true
    },
    {
        "date": "2020-09-11T14:04:56Z",
        "value": "285333.51647377014",
        "cumulative": true
    },
    {
        "date": "2020-09-11T14:05:12Z",
        "value": "287600.8499145508",
        "cumulative": true
    },
    {
        "date": "2020-09-11T14:05:29Z",
        "value": "289715.6409111023",
        "cumulative": true
    },
    {
        "date": "2020-09-11T14:05:42Z",
        "value": "291616.4450969696",
        "cumulative": true
    },
    {
        "date": "2020-09-11T14:06:01Z",
        "value": "294157.0618495941",
        "cumulative": true
    },
    {
        "date": "2020-09-11T14:06:21Z",
        "value": "296901.7039299011",
        "cumulative": true
    },
    {
        "date": "2020-09-11T14:06:31Z",
        "value": "298169.7036972046",
        "cumulative": true
    },
    {
        "date": "2020-09-11T14:06:45Z",
        "value": "300276.4474430084",
        "cumulative": true
    },
    {
        "date": "2020-09-11T14:06:58Z",
        "value": "301835.37937927246",
        "cumulative": true
    },
    {
        "date": "2020-09-11T14:07:16Z",
        "value": "304308.54989242554",
        "cumulative": true
    },
    {
        "date": "2020-09-11T14:07:31Z",
        "value": "308465.445605278",
        "cumulative": true
    },
    {
        "date": "2020-09-11T14:07:47Z",
        "value": "313254.350646019",
        "cumulative": true
    },
    {
        "date": "2020-09-11T14:08:02Z",
        "value": "317524.0828008652",
        "cumulative": true
    },
    {
        "date": "2020-09-11T14:08:16Z",
        "value": "321936.2072019577",
        "cumulative": true
    },
    {
        "date": "2020-09-11T14:08:36Z",
        "value": "327702.7239217758",
        "cumulative": true
    },
    {
        "date": "2020-09-11T14:08:46Z",
        "value": "330869.11295986176",
        "cumulative": true
    },
    {
        "date": "2020-09-11T14:09:00Z",
        "value": "335095.9615240097",
        "cumulative": true
    },
    {
        "date": "2020-09-11T14:09:18Z",
        "value": "340485.195479393",
        "cumulative": true
    },
    {
        "date": "2020-09-11T14:09:36Z",
        "value": "346017.3282289505",
        "cumulative": true
    },
    {
        "date": "2020-09-11T14:09:47Z",
        "value": "349297.73440265656",
        "cumulative": true
    },
    {
        "date": "2020-09-11T14:10:01Z",
        "value": "353752.3486585617",
        "cumulative": true
    },
    {
        "date": "2020-09-11T14:10:18Z",
        "value": "358268.14529418945",
        "cumulative": true
    },
    {
        "date": "2020-09-11T14:10:30Z",
        "value": "359863.5913066864",
        "cumulative": true
    },
    {
        "date": "2020-09-11T14:10:47Z",
        "value": "362266.04956817627",
        "cumulative": true
    },
    {
        "date": "2020-09-11T14:11:02Z",
        "value": "364403.8050880432",
        "cumulative": true
    },
    {
        "date": "2020-09-11T14:11:15Z",
        "value": "366269.160490036",
        "cumulative": true
    },
    {
        "date": "2020-09-11T14:11:32Z",
        "value": "368668.65995788574",
        "cumulative": true
    },
    {
        "date": "2020-09-11T14:11:50Z",
        "value": "371072.8984451294",
        "cumulative": true
    },
    {
        "date": "2020-09-11T14:12:00Z",
        "value": "372433.23836517334",
        "cumulative": true
    },
    {
        "date": "2020-09-11T14:12:10Z",
        "value": "374006.2173023224",
        "cumulative": true
    },
    {
        "date": "2020-09-11T14:12:26Z",
        "value": "376146.22476387024",
        "cumulative": true
    },
    {
        "date": "2020-09-11T14:12:38Z",
        "value": "377748.64340782166",
        "cumulative": true
    },
    {
        "date": "2020-09-11T14:12:53Z",
        "value": "379882.1119003296",
        "cumulative": true
    },
    {
        "date": "2020-09-11T14:13:11Z",
        "value": "382292.2571849823",
        "cumulative": true
    },
    {
        "date": "2020-09-11T14:13:24Z",
        "value": "384153.1721134186",
        "cumulative": true
    },
    {
        "date": "2020-09-11T14:13:40Z",
        "value": "388484.49436855316",
        "cumulative": true
    },
    {
        "date": "2020-09-11T14:13:52Z",
        "value": "392094.9754858017",
        "cumulative": true
    },
    {
        "date": "2020-09-11T14:14:08Z",
        "value": "396867.3008451462",
        "cumulative": true
    },
    {
        "date": "2020-09-11T14:14:22Z",
        "value": "401518.97793865204",
        "cumulative": true
    },
    {
        "date": "2020-09-11T14:14:37Z",
        "value": "406104.25001621246",
        "cumulative": true
    },
    {
        "date": "2020-09-11T14:14:49Z",
        "value": "409694.49099063873",
        "cumulative": true
    },
    {
        "date": "2020-09-11T14:15:03Z",
        "value": "414066.4376306534",
        "cumulative": true
    },
    {
        "date": "2020-09-11T14:15:22Z",
        "value": "419665.5267457962",
        "cumulative": true
    },
    {
        "date": "2020-09-11T14:15:32Z",
        "value": "422976.6381521225",
        "cumulative": true
    },
    {
        "date": "2020-09-11T14:15:47Z",
        "value": "427668.4561624527",
        "cumulative": true
    },
    {
        "date": "2020-09-11T14:16:01Z",
        "value": "431777.03367710114",
        "cumulative": true
    },
    {
        "date": "2020-09-11T14:16:13Z",
        "value": "435523.2553129196",
        "cumulative": true
    },
    {
        "date": "2020-09-11T14:16:30Z",
        "value": "440531.945939064",
        "cumulative": true
    },
    {
        "date": "2020-09-11T14:16:40Z",
        "value": "443843.56182956696",
        "cumulative": true
    },
    {
        "date": "2020-09-11T14:16:58Z",
        "value": "449276.1514310837",
        "cumulative": true
    },
    {
        "date": "2020-09-11T14:17:12Z",
        "value": "452584.76047229767",
        "cumulative": true
    },
    {
        "date": "2020-09-11T14:17:24Z",
        "value": "453990.1002340317",
        "cumulative": true
    },
    {
        "date": "2020-09-11T14:17:39Z",
        "value": "456330.96290683746",
        "cumulative": true
    },
    {
        "date": "2020-09-11T14:17:52Z",
        "value": "458014.0527238846",
        "cumulative": true
    },
    {
        "date": "2020-09-11T14:18:08Z",
        "value": "460371.26319789886",
        "cumulative": true
    },
    {
        "date": "2020-09-11T14:18:26Z",
        "value": "462729.55407238007",
        "cumulative": true
    },
    {
        "date": "2020-09-11T14:18:41Z",
        "value": "464980.98599147797",
        "cumulative": true
    },
    {
        "date": "2020-09-11T14:18:56Z",
        "value": "466889.7413187027",
        "cumulative": true
    },
    {
        "date": "2020-09-11T14:19:14Z",
        "value": "469455.9180326462",
        "cumulative": true
    },
    {
        "date": "2020-09-11T14:19:31Z",
        "value": "471978.1082391739",
        "cumulative": true
    },
    {
        "date": "2020-09-11T14:19:42Z",
        "value": "473490.3298406601",
        "cumulative": true
    },
    {
        "date": "2020-09-11T14:19:54Z",
        "value": "475171.653298378",
        "cumulative": true
    },
    {
        "date": "2020-09-11T14:20:13Z",
        "value": "477864.37617969513",
        "cumulative": true
    },
    {
        "date": "2020-09-11T14:20:32Z",
        "value": "480436.09637355804",
        "cumulative": true
    },
    {
        "date": "2020-09-11T14:20:43Z",
        "value": "482003.73487377167",
        "cumulative": true
    },
    {
        "date": "2020-09-11T14:21:00Z",
        "value": "484475.38453769684",
        "cumulative": true
    },
    {
        "date": "2020-09-11T14:21:12Z",
        "value": "485596.947678566",
        "cumulative": true
    },
    {
        "date": "2020-09-11T14:21:28Z",
        "value": "485596.94874858856",
        "cumulative": true
    },
    {
        "date": "2020-09-11T14:21:41Z",
        "value": "485596.94874858856",
        "cumulative": true
    },
    {
        "date": "2020-09-11T14:21:58Z",
        "value": "485596.94874858856",
        "cumulative": true
    },
    {
        "date": "2020-09-11T14:22:16Z",
        "value": "485596.94874858856",
        "cumulative": true
    },
    {
        "date": "2020-09-11T14:22:44Z",
        "value": "485596.94874858856",
        "cumulative": true
    },
    {
        "date": "2020-09-11T14:22:54Z",
        "value": "485596.94874858856",
        "cumulative": true
    },
    {
        "date": "2020-09-11T14:23:10Z",
        "value": "485596.94874858856",
        "cumulative": true
    },
    {
        "date": "2020-09-11T14:23:26Z",
        "value": "485596.94874858856",
        "cumulative": true
    },
    {
        "date": "2020-09-11T14:23:48Z",
        "value": "485596.94874858856",
        "cumulative": true
    },
    {
        "date": "2020-09-11T14:24:06Z",
        "value": "485596.94874858856",
        "cumulative": true
    },
    {
        "date": "2020-09-11T14:24:24Z",
        "value": "485596.94874858856",
        "cumulative": true
    },
    {
        "date": "2020-09-11T14:24:40Z",
        "value": "485596.94874858856",
        "cumulative": true
    },
    {
        "date": "2020-09-11T14:25:01Z",
        "value": "485596.94874858856",
        "cumulative": true
    },
    {
        "date": "2020-09-11T14:25:16Z",
        "value": "485596.94874858856",
        "cumulative": true
    },
    {
        "date": "2020-09-11T14:25:33Z",
        "value": "485596.94874858856",
        "cumulative": true
    },
    {
        "date": "2020-09-11T14:25:51Z",
        "value": "485596.94874858856",
        "cumulative": true
    },
    {
        "date": "2020-09-11T14:26:10Z",
        "value": "485596.94874858856",
        "cumulative": true
    },
    {
        "date": "2020-09-11T14:26:29Z",
        "value": "485596.94874858856",
        "cumulative": true
    },
    {
        "date": "2020-09-11T14:26:45Z",
        "value": "485596.94874858856",
        "cumulative": true
    },
    {
        "date": "2020-09-11T14:26:57Z",
        "value": "485596.94874858856",
        "cumulative": true
    },
    {
        "date": "2020-09-11T14:27:18Z",
        "value": "485596.94874858856",
        "cumulative": true
    },
    {
        "date": "2020-09-11T14:27:35Z",
        "value": "485596.94874858856",
        "cumulative": true
    },
    {
        "date": "2020-09-11T14:28:02Z",
        "value": "485596.94874858856",
        "cumulative": true
    },
    {
        "date": "2020-09-11T14:28:22Z",
        "value": "485596.94874858856",
        "cumulative": true
    },
    {
        "date": "2020-09-11T14:28:43Z",
        "value": "485596.94874858856",
        "cumulative": true
    },
    {
        "date": "2020-09-11T14:29:03Z",
        "value": "485596.94874858856",
        "cumulative": true
    },
    {
        "date": "2020-09-11T14:29:19Z",
        "value": "485596.94874858856",
        "cumulative": true
    },
    {
        "date": "2020-09-11T14:29:31Z",
        "value": "485596.94874858856",
        "cumulative": true
    },
    {
        "date": "2020-09-11T14:29:51Z",
        "value": "485596.94874858856",
        "cumulative": true
    },
    {
        "date": "2020-09-11T14:30:06Z",
        "value": "485596.94874858856",
        "cumulative": true
    },
    {
        "date": "2020-09-11T14:30:32Z",
        "value": "485596.94874858856",
        "cumulative": true
    },
    {
        "date": "2020-09-11T14:30:47Z",
        "value": "485596.94874858856",
        "cumulative": true
    },
    {
        "date": "2020-09-11T14:31:10Z",
        "value": "485596.94874858856",
        "cumulative": true
    },
    {
        "date": "2020-09-11T14:31:27Z",
        "value": "485596.94874858856",
        "cumulative": true
    },
    {
        "date": "2020-09-11T14:31:48Z",
        "value": "485596.94874858856",
        "cumulative": true
    }
]