[
    {
        "date": "2020-09-11T13:42:01Z",
        "value": "4.00543212890625e-05",
        "cumulative": true
    },
    {
        "date": "2020-09-11T13:42:19Z",
        "value": "0.0034389495849609375",
        "cumulative": true
    },
    {
        "date": "2020-09-11T13:42:33Z",
        "value": "102.87337589263916",
        "cumulative": true
    },
    {
        "date": "2020-09-11T13:42:52Z",
        "value": "2757.771885871887",
        "cumulative": true
    },
    {
        "date": "2020-09-11T13:43:04Z",
        "value": "4913.11284828186",
        "cumulative": true
    },
    {
        "date": "2020-09-11T13:43:23Z",
        "value": "8605.819839477539",
        "cumulative": true
    },
    {
        "date": "2020-09-11T13:43:39Z",
        "value": "11380.629905700684",
        "cumulative": true
    },
    {
        "date": "2020-09-11T13:43:57Z",
        "value": "14723.409510612488",
        "cumulative": true
    },
    {
        "date": "2020-09-11T13:44:17Z",
        "value": "18831.917736053467",
        "cumulative": true
    },
    {
        "date": "2020-09-11T13:44:34Z",
        "value": "22584.273221969604",
        "cumulative": true
    },
    {
        "date": "2020-09-11T13:44:47Z",
        "value": "25319.452060699463",
        "cumulative": true
    },
    {
        "date": "2020-09-11T13:44:59Z",
        "value": "28049.72923374176",
        "cumulative": true
    },
    {
        "date": "2020-09-11T13:45:15Z",
        "value": "31412.458921432495",
        "cumulative": true
    },
    {
        "date": "2020-09-11T13:45:28Z",
        "value": "34816.008524894714",
        "cumulative": true
    },
    {
        "date": "2020-09-11T13:45:40Z",
        "value": "36561.92545604706",
        "cumulative": true
    },
    {
        "date": "2020-09-11T13:45:51Z",
        "value": "39129.72997093201",
        "cumulative": true
    },
    {
        "date": "2020-09-11T13:46:07Z",
        "value": "43589.14231681824",
        "cumulative": true
    },
    {
        "date": "2020-09-11T13:46:18Z",
        "value": "45258.678654670715",
        "cumulative": true
    },
    {
        "date": "2020-09-11T13:46:31Z",
        "value": "47023.625334739685",
        "cumulative": true
    },
    {
        "date": "2020-09-11T13:46:44Z",
        "value": "50332.20042991638",
        "cumulative": true
    },
    {
        "date": "2020-09-11T13:46:56Z",
        "value": "53398.570667266846",
        "cumulative": true
    },
    {
        "date": "2020-09-11T13:47:14Z",
        "value": "56744.31782913208",
        "cumulative": true
    },
    {
        "date": "2020-09-11T13:47:30Z",
        "value": "59045.763582229614",
        "cumulative": true
    },
    {
        "date": "2020-09-11T13:47:47Z",
        "value": "63035.0726184845",
        "cumulative": true
    },
    {
        "date": "2020-09-11T13:48:03Z",
        "value": "67497.0842704773",
        "cumulative": true
    },
    {
        "date": "2020-09-11T13:48:14Z",
        "value": "70323.97722434998",
        "cumulative": true
    },
    {
        "date": "2020-09-11T13:48:26Z",
        "value": "71886.01530265808",
        "cumulative": true
    },
    {
        "date": "2020-09-11T13:48:44Z",
        "value": "74323.25568962097",
        "cumulative": true
    },
    {
        "date": "2020-09-11T13:49:00Z",
        "value": "78178.06247329712",
        "cumulative": true
    },
    {
        "date": "2020-09-11T13:49:17Z",
        "value": "82473.80651855469",
        "cumulative": true
    },
    {
        "date": "2020-09-11T13:49:29Z",
        "value": "85723.98844146729",
        "cumulative": true
    },
    {
        "date": "2020-09-11T13:49:41Z",
        "value": "88685.33645248413",
        "cumulative": true
    },
    {
        "date": "2020-09-11T13:49:53Z",
        "value": "90160.49685668945",
        "cumulative": true
    },
    {
        "date": "2020-09-11T13:50:05Z",
        "value": "91731.81636238098",
        "cumulative": true
    },
    {
        "date": "2020-09-11T13:50:17Z",
        "value": "93231.69875335693",
        "cumulative": true
    },
    {
        "date": "2020-09-11T13:50:29Z",
        "value": "94708.24904823303",
        "cumulative": true
    },
    {
        "date": "2020-09-11T13:50:39Z",
        "value": "97443.51498699188",
        "cumulative": true
    },
    {
        "date": "2020-09-11T13:50:58Z",
        "value": "103062.6933889389",
        "cumulative": true
    },
    {
        "date": "2020-09-11T13:51:09Z",
        "value": "106376.8356847763",
        "cumulative": true
    },
    {
        "date": "2020-09-11T13:51:20Z",
        "value": "110019.74908542633",
        "cumulative": true
    },
    {
        "date": "2020-09-11T13:51:36Z",
        "value": "112919.54846858978",
        "cumulative": true
    },
    {
        "date": "2020-09-11T13:51:48Z",
        "value": "114640.35912799835",
        "cumulative": true
    },
    {
        "date": "2020-09-11T13:52:04Z",
        "value": "116600.072306633",
        "cumulative": true
    },
    {
        "date": "2020-09-11T13:52:19Z",
        "value": "118638.25821590424",
        "cumulative": true
    },
    {
        "date": "2020-09-11T13:52:33Z",
        "value": "121237.94092178345",
        "cumulative": true
    },
    {
        "date": "2020-09-11T13:52:46Z",
        "value": "124822.15213775635",
        "cumulative": true
    },
    {
        "date": "2020-09-11T13:53:00Z",
        "value": "129007.05298233032",
        "cumulative": true
    },
    {
        "date": "2020-09-11T13:53:18Z",
        "value": "134043.586479187",
        "cumulative": true
    },
    {
        "date": "2020-09-11T13:53:31Z",
        "value": "138162.96797180176",
        "cumulative": true
    },
    {
        "date": "2020-09-11T13:53:48Z",
        "value": "141744.20429325104",
        "cumulative": true
    },
    {
        "date": "2020-09-11T13:54:05Z",
        "value": "144020.4101228714",
        "cumulative": true
    },
    {
        "date": "2020-09-11T13:54:21Z",
        "value": "146206.37728786469",
        "cumulative": true
    },
    {
        "date": "2020-09-11T13:54:33Z",
        "value": "147777.8260717392",
        "cumulative": true
    },
    {
        "date": "2020-09-11T13:54:48Z",
        "value": "149770.98282718658",
        "cumulative": true
    },
    {
        "date": "2020-09-11T13:54:59Z",
        "value": "151283.1098060608",
        "cumulative": true
    },
    {
        "date": "2020-09-11T13:55:10Z",
        "value": "154156.63719177246",
        "cumulative": true
    },
    {
        "date": "2020-09-11T13:55:20Z",
        "value": "157079.23886108398",
        "cumulative": true
    },
    {
        "date": "2020-09-11T13:55:31Z",
        "value": "159996.7754535675",
        "cumulative": true
    },
    {
        "date": "2020-09-11T13:55:47Z",
        "value": "164401.31218338013",
        "cumulative": true
    },
    {
        "date": "2020-09-11T13:56:01Z",
        "value": "168339.61994743347",
        "cumulative": true
    },
    {
        "date": "2020-09-11T13:56:16Z",
        "value": "172542.2974357605",
        "cumulative": true
    },
    {
        "date": "2020-09-11T13:56:32Z",
        "value": "176725.44415855408",
        "cumulative": true
    },
    {
        "date": "2020-09-11T13:56:43Z",
        "value": "178698.64039325714",
        "cumulative": true
    },
    {
        "date": "2020-09-11T13:56:54Z",
        "value": "180174.08804798126",
        "cumulative": true
    },
    {
        "date": "2020-09-11T13:57:10Z",
        "value": "182278.97026348114",
        "cumulative": true
    },
    {
        "date": "2020-09-11T13:57:21Z",
        "value": "183603.3563566208",
        "cumulative": true
    },
    {
        "date": "2020-09-11T13:57:35Z",
        "value": "185492.23946666718",
        "cumulative": true
    },
    {
        "date": "2020-09-11T13:57:54Z",
        "value": "187875.98178577423",
        "cumulative": true
    },
    {
        "date": "2020-09-11T13:58:06Z",
        "value": "189569.4437494278",
        "cumulative": true
    },
    {
        "date": "2020-09-11T13:58:18Z",
        "value": "191092.892288208",
        "cumulative": true
    },
    {
        "date": "2020-09-11T13:58:34Z",
        "value": "195743.45788002014",
        "cumulative": true
    },
    {
        "date": "2020-09-11T13:58:48Z",
        "value": "199614.23640441895",
        "cumulative": true
    },
    {
        "date": "2020-09-11T13:58:58Z",
        "value": "202599.3968849182",
        "cumulative": true
    },
    {
        "date": "2020-09-11T13:59:12Z",
        "value": "206473.76359176636",
        "cumulative": true
    },
    {
        "date": "2020-09-11T13:59:26Z",
        "value": "210511.1885547638",
        "cumulative": true
    },
    {
        "date": "2020-09-11T13:59:36Z",
        "value": "213864.73250961304",
        "cumulative": true
    },
    {
        "date": "2020-09-11T13:59:48Z",
        "value": "217050.9035205841",
        "cumulative": true
    },
    {
        "date": "2020-09-11T14:00:05Z",
        "value": "222226.98508262634",
        "cumulative": true
    },
    {
        "date": "2020-09-11T14:00:16Z",
        "value": "224908.8350687027",
        "cumulative": true
    },
    {
        "date": "2020-09-11T14:00:36Z",
        "value": "227590.34111309052",
        "cumulative": true
    },
    {
        "date": "2020-09-11T14:00:49Z",
        "value": "229373.2086877823",
        "cumulative": true
    },
    {
        "date": "2020-09-11T14:01:01Z",
        "value": "230936.4710741043",
        "cumulative": true
    },
    {
        "date": "2020-09-11T14:01:16Z",
        "value": "232949.3136320114",
        "cumulative": true
    },
    {
        "date": "2020-09-11T14:01:32Z",
        "value": "235184.71274852753",
        "cumulative": true
    },
    {
        "date": "2020-09-11T14:01:51Z",
        "value": "237787.19252109528",
        "cumulative": true
    },
    {
        "date": "2020-09-11T14:02:09Z",
        "value": "240135.5868177414",
        "cumulative": true
    },
    {
        "date": "2020-09-11T14:02:21Z",
        "value": "242169.0118150711",
        "cumulative": true
    },
    {
        "date": "2020-09-11T14:02:36Z",
        "value": "246692.16158390045",
        "cumulative": true
    },
    {
        "date": "2020-09-11T14:02:50Z",
        "value": "250538.09052944183",
        "cumulative": true
    },
    {
        "date": "2020-09-11T14:03:07Z",
        "value": "255552.53391742706",
        "cumulative": true
    },
    {
        "date": "2020-09-11T14:03:20Z",
        "value": "259423.96683597565",
        "cumulative": true
    },
    {
        "date": "2020-09-11T14:03:34Z",
        "value": "263357.9666528702",
        "cumulative": true
    },
    {
        "date": "2020-09-11T14:03:46Z",
        "value": "266922.0748205185",
        "cumulative": true
    },
    {
        "date": "2020-09-11T14:03:58Z",
        "value": "270429.9234800339",
        "cumulative": true
    },
    {
        "date": "2020-09-11T14:04:14Z",
        "value": "275185.7837266922",
        "cumulative": true
    },
    {
        "date": "2020-09-11T14:04:27Z",
        "value": "278954.3891839981",
        "cumulative": true
    },
    {
        "date": "2020-09-11T14:04:39Z",
        "value": "282431.9944524765",
        "cumulative": true
    },
    {
        "date": "2020-09-11T14:04:50Z",
        "value": "284519.62553596497",
        "cumulative": true
    },
    {
        "date": "2020-09-11T14:05:07Z",
        "value": "286887.24080085754",
        "cumulative": true
    },
    {
        "date": "2020-09-11T14:05:20Z",
        "value": "288631.15388298035",
        "cumulative": true
    },
    {
        "date": "2020-09-11T14:05:33Z",
        "value": "290410.78745269775",
        "cumulative": true
    },
    {
        "date": "2020-09-11T14:05:48Z",
        "value": "292314.0583972931",
        "cumulative": true
    },
    {
        "date": "2020-09-11T14:06:01Z",
        "value": "294217.0587673187",
        "cumulative": true
    },
    {
        "date": "2020-09-11T14:06:20Z",
        "value": "296774.9619579315",
        "cumulative": true
    },
    {
        "date": "2020-09-11T14:06:39Z",
        "value": "299290.71874427795",
        "cumulative": true
    },
    {
        "date": "2020-09-11T14:06:50Z",
        "value": "300833.3823070526",
        "cumulative": true
    },
    {
        "date": "2020-09-11T14:07:08Z",
        "value": "303319.317779541",
        "cumulative": true
    },
    {
        "date": "2020-09-11T14:07:23Z",
        "value": "305889.4069509506",
        "cumulative": true
    },
    {
        "date": "2020-09-11T14:07:35Z",
        "value": "309587.9147787094",
        "cumulative": true
    },
    {
        "date": "2020-09-11T14:07:53Z",
        "value": "314999.8679075241",
        "cumulative": true
    },
    {
        "date": "2020-09-11T14:08:06Z",
        "value": "318765.1327352524",
        "cumulative": true
    },
    {
        "date": "2020-09-11T14:08:16Z",
        "value": "321828.5574808121",
        "cumulative": true
    },
    {
        "date": "2020-09-11T14:08:26Z",
        "value": "325003.8899316788",
        "cumulative": true
    },
    {
        "date": "2020-09-11T14:08:45Z",
        "value": "330856.59035015106",
        "cumulative": true
    },
    {
        "date": "2020-09-11T14:08:58Z",
        "value": "334573.4421930313",
        "cumulative": true
    },
    {
        "date": "2020-09-11T14:09:16Z",
        "value": "339866.2453279495",
        "cumulative": true
    },
    {
        "date": "2020-09-11T14:09:30Z",
        "value": "344135.39622211456",
        "cumulative": true
    },
    {
        "date": "2020-09-11T14:09:41Z",
        "value": "347604.66472911835",
        "cumulative": true
    },
    {
        "date": "2020-09-11T14:09:53Z",
        "value": "351052.6325750351",
        "cumulative": true
    },
    {
        "date": "2020-09-11T14:10:10Z",
        "value": "356365.7660226822",
        "cumulative": true
    },
    {
        "date": "2020-09-11T14:10:24Z",
        "value": "359120.1842250824",
        "cumulative": true
    },
    {
        "date": "2020-09-11T14:10:36Z",
        "value": "360794.39284324646",
        "cumulative": true
    },
    {
        "date": "2020-09-11T14:10:50Z",
        "value": "362743.8746814728",
        "cumulative": true
    },
    {
        "date": "2020-09-11T14:11:04Z",
        "value": "364607.419216156",
        "cumulative": true
    },
    {
        "date": "2020-09-11T14:11:15Z",
        "value": "366200.57133865356",
        "cumulative": true
    },
    {
        "date": "2020-09-11T14:11:32Z",
        "value": "368595.44036483765",
        "cumulative": true
    },
    {
        "date": "2020-09-11T14:11:46Z",
        "value": "370456.04515838623",
        "cumulative": true
    },
    {
        "date": "2020-09-11T14:12:01Z",
        "value": "372583.82287216187",
        "cumulative": true
    },
    {
        "date": "2020-09-11T14:12:14Z",
        "value": "374445.7519683838",
        "cumulative": true
    },
    {
        "date": "2020-09-11T14:12:32Z",
        "value": "376842.85147857666",
        "cumulative": true
    },
    {
        "date": "2020-09-11T14:12:48Z",
        "value": "378988.6231651306",
        "cumulative": true
    },
    {
        "date": "2020-09-11T14:13:04Z",
        "value": "381364.2132396698",
        "cumulative": true
    },
    {
        "date": "2020-09-11T14:13:22Z",
        "value": "383758.4034919739",
        "cumulative": true
    },
    {
        "date": "2020-09-11T14:13:36Z",
        "value": "387242.9099149704",
        "cumulative": true
    },
    {
        "date": "2020-09-11T14:13:48Z",
        "value": "390664.420624733",
        "cumulative": true
    },
    {
        "date": "2020-09-11T14:14:00Z",
        "value": "394316.71929073334",
        "cumulative": true
    },
    {
        "date": "2020-09-11T14:14:15Z",
        "value": "398800.2665910721",
        "cumulative": true
    },
    {
        "date": "2020-09-11T14:14:28Z",
        "value": "403210.2964887619",
        "cumulative": true
    },
    {
        "date": "2020-09-11T14:14:45Z",
        "value": "408057.4520807266",
        "cumulative": true
    },
    {
        "date": "2020-09-11T14:15:02Z",
        "value": "413409.93422985077",
        "cumulative": true
    },
    {
        "date": "2020-09-11T14:15:17Z",
        "value": "417718.78861141205",
        "cumulative": true
    },
    {
        "date": "2020-09-11T14:15:32Z",
        "value": "422301.07319927216",
        "cumulative": true
    },
    {
        "date": "2020-09-11T14:15:49Z",
        "value": "427849.6919641495",
        "cumulative": true
    },
    {
        "date": "2020-09-11T14:16:08Z",
        "value": "433551.656624794",
        "cumulative": true
    },
    {
        "date": "2020-09-11T14:16:26Z",
        "value": "438933.99423503876",
        "cumulative": true
    },
    {
        "date": "2020-09-11T14:16:42Z",
        "value": "443920.28451633453",
        "cumulative": true
    },
    {
        "date": "2020-09-11T14:16:57Z",
        "value": "448447.1746816635",
        "cumulative": true
    },
    {
        "date": "2020-09-11T14:17:08Z",
        "value": "451670.7187490463",
        "cumulative": true
    },
    {
        "date": "2020-09-11T14:17:26Z",
        "value": "454021.99779224396",
        "cumulative": true
    },
    {
        "date": "2020-09-11T14:17:38Z",
        "value": "455703.23378276825",
        "cumulative": true
    },
    {
        "date": "2020-09-11T14:17:56Z",
        "value": "458389.1129655838",
        "cumulative": true
    },
    {
        "date": "2020-09-11T14:18:11Z",
        "value": "460407.2947835922",
        "cumulative": true
    },
    {
        "date": "2020-09-11T14:18:22Z",
        "value": "461789.7930440903",
        "cumulative": true
    },
    {
        "date": "2020-09-11T14:18:42Z",
        "value": "464778.68287181854",
        "cumulative": true
    },
    {
        "date": "2020-09-11T14:18:57Z",
        "value": "466793.2814722061",
        "cumulative": true
    },
    {
        "date": "2020-09-11T14:19:16Z",
        "value": "469482.80936717987",
        "cumulative": true
    },
    {
        "date": "2020-09-11T14:19:33Z",
        "value": "471852.5780954361",
        "cumulative": true
    },
    {
        "date": "2020-09-11T14:19:44Z",
        "value": "473430.5869035721",
        "cumulative": true
    },
    {
        "date": "2020-09-11T14:20:00Z",
        "value": "475618.44816303253",
        "cumulative": true
    },
    {
        "date": "2020-09-11T14:20:14Z",
        "value": "477556.39956760406",
        "cumulative": true
    },
    {
        "date": "2020-09-11T14:20:25Z",
        "value": "479235.48226070404",
        "cumulative": true
    },
    {
        "date": "2020-09-11T14:20:39Z",
        "value": "481249.4326944351",
        "cumulative": true
    },
    {
        "date": "2020-09-11T14:20:55Z",
        "value": "483348.6025438309",
        "cumulative": true
    },
    {
        "date": "2020-09-11T14:21:08Z",
        "value": "485285.4973745346",
        "cumulative": true
    },
    {
        "date": "2020-09-11T14:21:20Z",
        "value": "485285.4985704422",
        "cumulative": true
    },
    {
        "date": "2020-09-11T14:21:38Z",
        "value": "485285.4985704422",
        "cumulative": true
    },
    {
        "date": "2020-09-11T14:21:55Z",
        "value": "485285.4985704422",
        "cumulative": true
    },
    {
        "date": "2020-09-11T14:22:05Z",
        "value": "485285.4985704422",
        "cumulative": true
    },
    {
        "date": "2020-09-11T14:22:27Z",
        "value": "485285.4985704422",
        "cumulative": true
    },
    {
        "date": "2020-09-11T14:22:43Z",
        "value": "485285.4985704422",
        "cumulative": true
    },
    {
        "date": "2020-09-11T14:23:11Z",
        "value": "485285.4985704422",
        "cumulative": true
    },
    {
        "date": "2020-09-11T14:23:28Z",
        "value": "485285.4985704422",
        "cumulative": true
    },
    {
        "date": "2020-09-11T14:23:54Z",
        "value": "485285.4985704422",
        "cumulative": true
    },
    {
        "date": "2020-09-11T14:24:09Z",
        "value": "485285.4985704422",
        "cumulative": true
    },
    {
        "date": "2020-09-11T14:24:37Z",
        "value": "485285.4985704422",
        "cumulative": true
    },
    {
        "date": "2020-09-11T14:24:53Z",
        "value": "485285.4985704422",
        "cumulative": true
    },
    {
        "date": "2020-09-11T14:25:22Z",
        "value": "485285.4985704422",
        "cumulative": true
    },
    {
        "date": "2020-09-11T14:25:36Z",
        "value": "485285.4985704422",
        "cumulative": true
    },
    {
        "date": "2020-09-11T14:26:04Z",
        "value": "485285.4985704422",
        "cumulative": true
    },
    {
        "date": "2020-09-11T14:26:17Z",
        "value": "485285.4985704422",
        "cumulative": true
    },
    {
        "date": "2020-09-11T14:26:45Z",
        "value": "485285.4985704422",
        "cumulative": true
    },
    {
        "date": "2020-09-11T14:27:03Z",
        "value": "485285.4985704422",
        "cumulative": true
    },
    {
        "date": "2020-09-11T14:27:32Z",
        "value": "485285.4985704422",
        "cumulative": true
    },
    {
        "date": "2020-09-11T14:27:44Z",
        "value": "485285.4985704422",
        "cumulative": true
    },
    {
        "date": "2020-09-11T14:27:59Z",
        "value": "485285.4985704422",
        "cumulative": true
    },
    {
        "date": "2020-09-11T14:28:10Z",
        "value": "485285.4985704422",
        "cumulative": true
    },
    {
        "date": "2020-09-11T14:28:36Z",
        "value": "485285.4985704422",
        "cumulative": true
    },
    {
        "date": "2020-09-11T14:28:55Z",
        "value": "485285.4985704422",
        "cumulative": true
    },
    {
        "date": "2020-09-11T14:29:17Z",
        "value": "485285.4985704422",
        "cumulative": true
    },
    {
        "date": "2020-09-11T14:29:37Z",
        "value": "485285.4985704422",
        "cumulative": true
    },
    {
        "date": "2020-09-11T14:30:05Z",
        "value": "485285.4985704422",
        "cumulative": true
    },
    {
        "date": "2020-09-11T14:30:21Z",
        "value": "485285.4985704422",
        "cumulative": true
    },
    {
        "date": "2020-09-11T14:30:50Z",
        "value": "485285.4985704422",
        "cumulative": true
    },
    {
        "date": "2020-09-11T14:31:06Z",
        "value": "485285.4985704422",
        "cumulative": true
    },
    {
        "date": "2020-09-11T14:31:28Z",
        "value": "485285.4985704422",
        "cumulative": true
    },
    {
        "date": "2020-09-11T14:31:46Z",
        "value": "485285.4985704422",
        "cumulative": true
    }
]