[
    {
        "date": "2020-09-11T13:42:04Z",
        "value": "0.0009593963623046875",
        "cumulative": true
    },
    {
        "date": "2020-09-11T13:42:20Z",
        "value": "0.24983787536621094",
        "cumulative": true
    },
    {
        "date": "2020-09-11T13:42:31Z",
        "value": "61.97929096221924",
        "cumulative": true
    },
    {
        "date": "2020-09-11T13:42:49Z",
        "value": "1998.117389678955",
        "cumulative": true
    },
    {
        "date": "2020-09-11T13:43:07Z",
        "value": "5649.963742256165",
        "cumulative": true
    },
    {
        "date": "2020-09-11T13:43:24Z",
        "value": "8668.70741558075",
        "cumulative": true
    },
    {
        "date": "2020-09-11T13:43:37Z",
        "value": "11210.46506023407",
        "cumulative": true
    },
    {
        "date": "2020-09-11T13:43:51Z",
        "value": "13892.169318199158",
        "cumulative": true
    },
    {
        "date": "2020-09-11T13:44:11Z",
        "value": "17830.916182518005",
        "cumulative": true
    },
    {
        "date": "2020-09-11T13:44:21Z",
        "value": "19912.24590587616",
        "cumulative": true
    },
    {
        "date": "2020-09-11T13:44:39Z",
        "value": "23356.528427124023",
        "cumulative": true
    },
    {
        "date": "2020-09-11T13:44:51Z",
        "value": "26509.709389686584",
        "cumulative": true
    },
    {
        "date": "2020-09-11T13:45:02Z",
        "value": "28607.086826324463",
        "cumulative": true
    },
    {
        "date": "2020-09-11T13:45:19Z",
        "value": "32348.16278553009",
        "cumulative": true
    },
    {
        "date": "2020-09-11T13:45:29Z",
        "value": "35005.63743209839",
        "cumulative": true
    },
    {
        "date": "2020-09-11T13:45:48Z",
        "value": "38318.348180770874",
        "cumulative": true
    },
    {
        "date": "2020-09-11T13:46:01Z",
        "value": "41874.49032020569",
        "cumulative": true
    },
    {
        "date": "2020-09-11T13:46:12Z",
        "value": "44390.89622592926",
        "cumulative": true
    },
    {
        "date": "2020-09-11T13:46:27Z",
        "value": "46440.443444252014",
        "cumulative": true
    },
    {
        "date": "2020-09-11T13:46:40Z",
        "value": "49295.314531326294",
        "cumulative": true
    },
    {
        "date": "2020-09-11T13:46:56Z",
        "value": "53336.26893424988",
        "cumulative": true
    },
    {
        "date": "2020-09-11T13:47:12Z",
        "value": "56504.410413742065",
        "cumulative": true
    },
    {
        "date": "2020-09-11T13:47:30Z",
        "value": "59088.13994216919",
        "cumulative": true
    },
    {
        "date": "2020-09-11T13:47:50Z",
        "value": "63898.54748249054",
        "cumulative": true
    },
    {
        "date": "2020-09-11T13:48:04Z",
        "value": "67860.90219593048",
        "cumulative": true
    },
    {
        "date": "2020-09-11T13:48:24Z",
        "value": "71671.2334985733",
        "cumulative": true
    },
    {
        "date": "2020-09-11T13:48:39Z",
        "value": "73738.52629566193",
        "cumulative": true
    },
    {
        "date": "2020-09-11T13:48:53Z",
        "value": "76100.09029006958",
        "cumulative": true
    },
    {
        "date": "2020-09-11T13:49:09Z",
        "value": "80284.49154853821",
        "cumulative": true
    },
    {
        "date": "2020-09-11T13:49:25Z",
        "value": "84632.17066001892",
        "cumulative": true
    },
    {
        "date": "2020-09-11T13:49:38Z",
        "value": "88261.54440498352",
        "cumulative": true
    },
    {
        "date": "2020-09-11T13:49:53Z",
        "value": "90298.24843597412",
        "cumulative": true
    },
    {
        "date": "2020-09-11T13:50:05Z",
        "value": "91816.83903312683",
        "cumulative": true
    },
    {
        "date": "2020-09-11T13:50:16Z",
        "value": "93132.08519172668",
        "cumulative": true
    },
    {
        "date": "2020-09-11T13:50:34Z",
        "value": "96300.86441040039",
        "cumulative": true
    },
    {
        "date": "2020-09-11T13:50:46Z",
        "value": "99868.92158317566",
        "cumulative": true
    },
    {
        "date": "2020-09-11T13:50:59Z",
        "value": "103538.86607933044",
        "cumulative": true
    },
    {
        "date": "2020-09-11T13:51:13Z",
        "value": "107785.72367477417",
        "cumulative": true
    },
    {
        "date": "2020-09-11T13:51:27Z",
        "value": "112028.49129009247",
        "cumulative": true
    },
    {
        "date": "2020-09-11T13:51:44Z",
        "value": "114225.85689258575",
        "cumulative": true
    },
    {
        "date": "2020-09-11T13:51:55Z",
        "value": "115608.26949214935",
        "cumulative": true
    },
    {
        "date": "2020-09-11T13:52:12Z",
        "value": "117941.95182323456",
        "cumulative": true
    },
    {
        "date": "2020-09-11T13:52:26Z",
        "value": "119777.58857250214",
        "cumulative": true
    },
    {
        "date": "2020-09-11T13:52:44Z",
        "value": "124649.43786907196",
        "cumulative": true
    },
    {
        "date": "2020-09-11T13:53:01Z",
        "value": "129695.36671733856",
        "cumulative": true
    },
    {
        "date": "2020-09-11T13:53:20Z",
        "value": "135336.63646030426",
        "cumulative": true
    },
    {
        "date": "2020-09-11T13:53:40Z",
        "value": "141046.74741649628",
        "cumulative": true
    },
    {
        "date": "2020-09-11T13:53:52Z",
        "value": "142573.06901836395",
        "cumulative": true
    },
    {
        "date": "2020-09-11T13:54:08Z",
        "value": "144782.90669345856",
        "cumulative": true
    },
    {
        "date": "2020-09-11T13:54:19Z",
        "value": "146204.80636119843",
        "cumulative": true
    },
    {
        "date": "2020-09-11T13:54:33Z",
        "value": "148020.50431919098",
        "cumulative": true
    },
    {
        "date": "2020-09-11T13:54:47Z",
        "value": "149993.17421245575",
        "cumulative": true
    },
    {
        "date": "2020-09-11T13:55:02Z",
        "value": "152461.08976840973",
        "cumulative": true
    },
    {
        "date": "2020-09-11T13:55:13Z",
        "value": "155285.1953649521",
        "cumulative": true
    },
    {
        "date": "2020-09-11T13:55:27Z",
        "value": "159317.60206508636",
        "cumulative": true
    },
    {
        "date": "2020-09-11T13:55:42Z",
        "value": "163246.39810085297",
        "cumulative": true
    },
    {
        "date": "2020-09-11T13:55:53Z",
        "value": "166626.58662891388",
        "cumulative": true
    },
    {
        "date": "2020-09-11T13:56:08Z",
        "value": "170662.96876049042",
        "cumulative": true
    },
    {
        "date": "2020-09-11T13:56:28Z",
        "value": "176113.29024982452",
        "cumulative": true
    },
    {
        "date": "2020-09-11T13:56:44Z",
        "value": "179151.9778366089",
        "cumulative": true
    },
    {
        "date": "2020-09-11T13:56:59Z",
        "value": "181139.15217781067",
        "cumulative": true
    },
    {
        "date": "2020-09-11T13:57:15Z",
        "value": "183271.59639549255",
        "cumulative": true
    },
    {
        "date": "2020-09-11T13:57:35Z",
        "value": "185790.97695159912",
        "cumulative": true
    },
    {
        "date": "2020-09-11T13:57:52Z",
        "value": "188044.13334465027",
        "cumulative": true
    },
    {
        "date": "2020-09-11T13:58:06Z",
        "value": "189763.7286567688",
        "cumulative": true
    },
    {
        "date": "2020-09-11T13:58:19Z",
        "value": "191652.24252986908",
        "cumulative": true
    },
    {
        "date": "2020-09-11T13:58:37Z",
        "value": "196907.46047496796",
        "cumulative": true
    },
    {
        "date": "2020-09-11T13:58:50Z",
        "value": "200723.85019779205",
        "cumulative": true
    },
    {
        "date": "2020-09-11T13:59:09Z",
        "value": "205812.9508485794",
        "cumulative": true
    },
    {
        "date": "2020-09-11T13:59:22Z",
        "value": "209750.5035943985",
        "cumulative": true
    },
    {
        "date": "2020-09-11T13:59:35Z",
        "value": "213708.00161457062",
        "cumulative": true
    },
    {
        "date": "2020-09-11T13:59:50Z",
        "value": "217910.81507968903",
        "cumulative": true
    },
    {
        "date": "2020-09-11T14:00:04Z",
        "value": "222185.93653774261",
        "cumulative": true
    },
    {
        "date": "2020-09-11T14:00:20Z",
        "value": "225695.48340034485",
        "cumulative": true
    },
    {
        "date": "2020-09-11T14:00:30Z",
        "value": "227032.91996955872",
        "cumulative": true
    },
    {
        "date": "2020-09-11T14:00:47Z",
        "value": "229376.93981552124",
        "cumulative": true
    },
    {
        "date": "2020-09-11T14:01:04Z",
        "value": "231639.9108734131",
        "cumulative": true
    },
    {
        "date": "2020-09-11T14:01:22Z",
        "value": "234234.7907180786",
        "cumulative": true
    },
    {
        "date": "2020-09-11T14:01:37Z",
        "value": "236245.21986198425",
        "cumulative": true
    },
    {
        "date": "2020-09-11T14:01:50Z",
        "value": "237920.74777412415",
        "cumulative": true
    },
    {
        "date": "2020-09-11T14:02:00Z",
        "value": "239260.50529289246",
        "cumulative": true
    },
    {
        "date": "2020-09-11T14:02:12Z",
        "value": "240794.19095230103",
        "cumulative": true
    },
    {
        "date": "2020-09-11T14:02:31Z",
        "value": "245414.29096889496",
        "cumulative": true
    },
    {
        "date": "2020-09-11T14:02:41Z",
        "value": "248362.23690891266",
        "cumulative": true
    },
    {
        "date": "2020-09-11T14:03:00Z",
        "value": "253854.26167964935",
        "cumulative": true
    },
    {
        "date": "2020-09-11T14:03:11Z",
        "value": "257176.1156053543",
        "cumulative": true
    },
    {
        "date": "2020-09-11T14:03:28Z",
        "value": "261914.31611537933",
        "cumulative": true
    },
    {
        "date": "2020-09-11T14:03:43Z",
        "value": "266305.7664422989",
        "cumulative": true
    },
    {
        "date": "2020-09-11T14:03:53Z",
        "value": "269451.33134937286",
        "cumulative": true
    },
    {
        "date": "2020-09-11T14:04:07Z",
        "value": "273343.91337680817",
        "cumulative": true
    },
    {
        "date": "2020-09-11T14:04:18Z",
        "value": "276670.3540735245",
        "cumulative": true
    },
    {
        "date": "2020-09-11T14:04:29Z",
        "value": "279745.731215477",
        "cumulative": true
    },
    {
        "date": "2020-09-11T14:04:47Z",
        "value": "284487.98534965515",
        "cumulative": true
    },
    {
        "date": "2020-09-11T14:05:03Z",
        "value": "286600.46296691895",
        "cumulative": true
    },
    {
        "date": "2020-09-11T14:05:14Z",
        "value": "288044.8838119507",
        "cumulative": true
    },
    {
        "date": "2020-09-11T14:05:33Z",
        "value": "290635.41629981995",
        "cumulative": true
    },
    {
        "date": "2020-09-11T14:05:50Z",
        "value": "292952.10428237915",
        "cumulative": true
    },
    {
        "date": "2020-09-11T14:06:05Z",
        "value": "294951.89314842224",
        "cumulative": true
    },
    {
        "date": "2020-09-11T14:06:22Z",
        "value": "297228.5132007599",
        "cumulative": true
    },
    {
        "date": "2020-09-11T14:06:39Z",
        "value": "299705.02622032166",
        "cumulative": true
    },
    {
        "date": "2020-09-11T14:06:59Z",
        "value": "302185.3481502533",
        "cumulative": true
    },
    {
        "date": "2020-09-11T14:07:14Z",
        "value": "304178.5054244995",
        "cumulative": true
    },
    {
        "date": "2020-09-11T14:07:30Z",
        "value": "308208.8046941757",
        "cumulative": true
    },
    {
        "date": "2020-09-11T14:07:49Z",
        "value": "314074.9349718094",
        "cumulative": true
    },
    {
        "date": "2020-09-11T14:08:07Z",
        "value": "319436.39421367645",
        "cumulative": true
    },
    {
        "date": "2020-09-11T14:08:22Z",
        "value": "324060.79916477203",
        "cumulative": true
    },
    {
        "date": "2020-09-11T14:08:38Z",
        "value": "328901.9162092209",
        "cumulative": true
    },
    {
        "date": "2020-09-11T14:08:54Z",
        "value": "333827.5207796097",
        "cumulative": true
    },
    {
        "date": "2020-09-11T14:09:05Z",
        "value": "337033.01689624786",
        "cumulative": true
    },
    {
        "date": "2020-09-11T14:09:22Z",
        "value": "341853.53043460846",
        "cumulative": true
    },
    {
        "date": "2020-09-11T14:09:37Z",
        "value": "346636.70938396454",
        "cumulative": true
    },
    {
        "date": "2020-09-11T14:09:57Z",
        "value": "352528.6605539322",
        "cumulative": true
    },
    {
        "date": "2020-09-11T14:10:10Z",
        "value": "356771.5965166092",
        "cumulative": true
    },
    {
        "date": "2020-09-11T14:10:26Z",
        "value": "359722.0643978119",
        "cumulative": true
    },
    {
        "date": "2020-09-11T14:10:42Z",
        "value": "362083.8436565399",
        "cumulative": true
    },
    {
        "date": "2020-09-11T14:10:55Z",
        "value": "363934.92572784424",
        "cumulative": true
    },
    {
        "date": "2020-09-11T14:11:08Z",
        "value": "365588.3752441406",
        "cumulative": true
    },
    {
        "date": "2020-09-11T14:11:20Z",
        "value": "367357.5503730774",
        "cumulative": true
    },
    {
        "date": "2020-09-11T14:11:35Z",
        "value": "369345.54667663574",
        "cumulative": true
    },
    {
        "date": "2020-09-11T14:11:52Z",
        "value": "371716.86852645874",
        "cumulative": true
    },
    {
        "date": "2020-09-11T14:12:08Z",
        "value": "373851.72386932373",
        "cumulative": true
    },
    {
        "date": "2020-09-11T14:12:26Z",
        "value": "376521.8269691467",
        "cumulative": true
    },
    {
        "date": "2020-09-11T14:12:38Z",
        "value": "378146.068523407",
        "cumulative": true
    },
    {
        "date": "2020-09-11T14:12:50Z",
        "value": "379940.3250923157",
        "cumulative": true
    },
    {
        "date": "2020-09-11T14:13:10Z",
        "value": "382625.4683895111",
        "cumulative": true
    },
    {
        "date": "2020-09-11T14:13:21Z",
        "value": "383987.6484699249",
        "cumulative": true
    },
    {
        "date": "2020-09-11T14:13:36Z",
        "value": "387744.8634595871",
        "cumulative": true
    },
    {
        "date": "2020-09-11T14:13:54Z",
        "value": "393130.08788204193",
        "cumulative": true
    },
    {
        "date": "2020-09-11T14:14:07Z",
        "value": "397176.41640377045",
        "cumulative": true
    },
    {
        "date": "2020-09-11T14:14:24Z",
        "value": "402118.7199602127",
        "cumulative": true
    },
    {
        "date": "2020-09-11T14:14:43Z",
        "value": "407941.1983537674",
        "cumulative": true
    },
    {
        "date": "2020-09-11T14:14:59Z",
        "value": "413334.6193189621",
        "cumulative": true
    },
    {
        "date": "2020-09-11T14:15:15Z",
        "value": "418047.7403726578",
        "cumulative": true
    },
    {
        "date": "2020-09-11T14:15:26Z",
        "value": "421415.3873128891",
        "cumulative": true
    },
    {
        "date": "2020-09-11T14:15:44Z",
        "value": "426921.03658390045",
        "cumulative": true
    },
    {
        "date": "2020-09-11T14:15:59Z",
        "value": "431515.73092556",
        "cumulative": true
    },
    {
        "date": "2020-09-11T14:16:18Z",
        "value": "437428.4345369339",
        "cumulative": true
    },
    {
        "date": "2020-09-11T14:16:35Z",
        "value": "442395.8524541855",
        "cumulative": true
    },
    {
        "date": "2020-09-11T14:16:52Z",
        "value": "447655.26349925995",
        "cumulative": true
    },
    {
        "date": "2020-09-11T14:17:10Z",
        "value": "452704.34580516815",
        "cumulative": true
    },
    {
        "date": "2020-09-11T14:17:24Z",
        "value": "454386.90005016327",
        "cumulative": true
    },
    {
        "date": "2020-09-11T14:17:36Z",
        "value": "456116.99425411224",
        "cumulative": true
    },
    {
        "date": "2020-09-11T14:17:51Z",
        "value": "458225.46710300446",
        "cumulative": true
    },
    {
        "date": "2020-09-11T14:18:08Z",
        "value": "460789.00882816315",
        "cumulative": true
    },
    {
        "date": "2020-09-11T14:18:21Z",
        "value": "462473.81038570404",
        "cumulative": true
    },
    {
        "date": "2020-09-11T14:18:33Z",
        "value": "464161.40905475616",
        "cumulative": true
    },
    {
        "date": "2020-09-11T14:18:47Z",
        "value": "466184.3185815811",
        "cumulative": true
    },
    {
        "date": "2020-09-11T14:19:07Z",
        "value": "468880.4655790329",
        "cumulative": true
    },
    {
        "date": "2020-09-11T14:19:27Z",
        "value": "471647.35269260406",
        "cumulative": true
    },
    {
        "date": "2020-09-11T14:19:45Z",
        "value": "474267.90071201324",
        "cumulative": true
    },
    {
        "date": "2020-09-11T14:19:55Z",
        "value": "475666.1791296005",
        "cumulative": true
    },
    {
        "date": "2020-09-11T14:20:15Z",
        "value": "478644.3914613724",
        "cumulative": true
    },
    {
        "date": "2020-09-11T14:20:26Z",
        "value": "480010.6955575943",
        "cumulative": true
    },
    {
        "date": "2020-09-11T14:20:41Z",
        "value": "482349.28054142",
        "cumulative": true
    },
    {
        "date": "2020-09-11T14:20:58Z",
        "value": "484708.0651216507",
        "cumulative": true
    },
    {
        "date": "2020-09-11T14:21:14Z",
        "value": "486055.6565961838",
        "cumulative": true
    },
    {
        "date": "2020-09-11T14:21:30Z",
        "value": "486055.6580438614",
        "cumulative": true
    },
    {
        "date": "2020-09-11T14:21:44Z",
        "value": "486055.6580438614",
        "cumulative": true
    },
    {
        "date": "2020-09-11T14:22:13Z",
        "value": "486055.6580438614",
        "cumulative": true
    },
    {
        "date": "2020-09-11T14:22:30Z",
        "value": "486055.6580438614",
        "cumulative": true
    },
    {
        "date": "2020-09-11T14:23:00Z",
        "value": "486055.6580438614",
        "cumulative": true
    },
    {
        "date": "2020-09-11T14:23:13Z",
        "value": "486055.6580438614",
        "cumulative": true
    },
    {
        "date": "2020-09-11T14:23:41Z",
        "value": "486055.6580438614",
        "cumulative": true
    },
    {
        "date": "2020-09-11T14:23:59Z",
        "value": "486055.6580438614",
        "cumulative": true
    },
    {
        "date": "2020-09-11T14:24:25Z",
        "value": "486055.6580438614",
        "cumulative": true
    },
    {
        "date": "2020-09-11T14:24:37Z",
        "value": "486055.6580438614",
        "cumulative": true
    },
    {
        "date": "2020-09-11T14:25:03Z",
        "value": "486055.6580438614",
        "cumulative": true
    },
    {
        "date": "2020-09-11T14:25:17Z",
        "value": "486055.6580438614",
        "cumulative": true
    },
    {
        "date": "2020-09-11T14:25:37Z",
        "value": "486055.6580438614",
        "cumulative": true
    },
    {
        "date": "2020-09-11T14:25:52Z",
        "value": "486055.6580438614",
        "cumulative": true
    },
    {
        "date": "2020-09-11T14:26:12Z",
        "value": "486055.6580438614",
        "cumulative": true
    },
    {
        "date": "2020-09-11T14:26:23Z",
        "value": "486055.6580438614",
        "cumulative": true
    },
    {
        "date": "2020-09-11T14:26:38Z",
        "value": "486055.6580438614",
        "cumulative": true
    },
    {
        "date": "2020-09-11T14:26:56Z",
        "value": "486055.6580438614",
        "cumulative": true
    },
    {
        "date": "2020-09-11T14:27:21Z",
        "value": "486055.6580438614",
        "cumulative": true
    },
    {
        "date": "2020-09-11T14:27:36Z",
        "value": "486055.6580438614",
        "cumulative": true
    },
    {
        "date": "2020-09-11T14:27:56Z",
        "value": "486055.6580438614",
        "cumulative": true
    },
    {
        "date": "2020-09-11T14:28:06Z",
        "value": "486055.6580438614",
        "cumulative": true
    },
    {
        "date": "2020-09-11T14:28:28Z",
        "value": "486055.6580438614",
        "cumulative": true
    },
    {
        "date": "2020-09-11T14:28:43Z",
        "value": "486055.6580438614",
        "cumulative": true
    },
    {
        "date": "2020-09-11T14:29:09Z",
        "value": "486055.6580438614",
        "cumulative": true
    },
    {
        "date": "2020-09-11T14:29:24Z",
        "value": "486055.6580438614",
        "cumulative": true
    },
    {
        "date": "2020-09-11T14:29:48Z",
        "value": "486055.6580438614",
        "cumulative": true
    },
    {
        "date": "2020-09-11T14:30:01Z",
        "value": "486055.6580438614",
        "cumulative": true
    },
    {
        "date": "2020-09-11T14:30:22Z",
        "value": "486055.6580438614",
        "cumulative": true
    },
    {
        "date": "2020-09-11T14:30:37Z",
        "value": "486055.6580438614",
        "cumulative": true
    },
    {
        "date": "2020-09-11T14:30:57Z",
        "value": "486055.6580438614",
        "cumulative": true
    },
    {
        "date": "2020-09-11T14:31:14Z",
        "value": "486055.6580438614",
        "cumulative": true
    },
    {
        "date": "2020-09-11T14:31:43Z",
        "value": "486055.6580438614",
        "cumulative": true
    }
]