[
    {
        "date": "2020-09-11T13:42:08Z",
        "value": "0.0009593963623046875",
        "cumulative": true
    },
    {
        "date": "2020-09-11T13:42:28Z",
        "value": "20.96288776397705",
        "cumulative": true
    },
    {
        "date": "2020-09-11T13:42:44Z",
        "value": "1256.1976833343506",
        "cumulative": true
    },
    {
        "date": "2020-09-11T13:43:00Z",
        "value": "4237.115184783936",
        "cumulative": true
    },
    {
        "date": "2020-09-11T13:43:10Z",
        "value": "6232.445159912109",
        "cumulative": true
    },
    {
        "date": "2020-09-11T13:43:23Z",
        "value": "8646.408577919006",
        "cumulative": true
    },
    {
        "date": "2020-09-11T13:43:40Z",
        "value": "11493.27809715271",
        "cumulative": true
    },
    {
        "date": "2020-09-11T13:43:59Z",
        "value": "15358.115077018738",
        "cumulative": true
    },
    {
        "date": "2020-09-11T13:44:17Z",
        "value": "18903.45652961731",
        "cumulative": true
    },
    {
        "date": "2020-09-11T13:44:34Z",
        "value": "22606.211400032043",
        "cumulative": true
    },
    {
        "date": "2020-09-11T13:44:45Z",
        "value": "24864.703155517578",
        "cumulative": true
    },
    {
        "date": "2020-09-11T13:44:56Z",
        "value": "27722.67668247223",
        "cumulative": true
    },
    {
        "date": "2020-09-11T13:45:14Z",
        "value": "31131.48692703247",
        "cumulative": true
    },
    {
        "date": "2020-09-11T13:45:30Z",
        "value": "35177.02945613861",
        "cumulative": true
    },
    {
        "date": "2020-09-11T13:45:41Z",
        "value": "36808.66863155365",
        "cumulative": true
    },
    {
        "date": "2020-09-11T13:45:59Z",
        "value": "41349.06964111328",
        "cumulative": true
    },
    {
        "date": "2020-09-11T13:46:10Z",
        "value": "44159.00365161896",
        "cumulative": true
    },
    {
        "date": "2020-09-11T13:46:29Z",
        "value": "46787.0918340683",
        "cumulative": true
    },
    {
        "date": "2020-09-11T13:46:48Z",
        "value": "51364.81886100769",
        "cumulative": true
    },
    {
        "date": "2020-09-11T13:47:07Z",
        "value": "55832.59334564209",
        "cumulative": true
    },
    {
        "date": "2020-09-11T13:47:20Z",
        "value": "57577.680002212524",
        "cumulative": true
    },
    {
        "date": "2020-09-11T13:47:37Z",
        "value": "60210.175312042236",
        "cumulative": true
    },
    {
        "date": "2020-09-11T13:47:53Z",
        "value": "64803.437646865845",
        "cumulative": true
    },
    {
        "date": "2020-09-11T13:48:12Z",
        "value": "70020.1224489212",
        "cumulative": true
    },
    {
        "date": "2020-09-11T13:48:25Z",
        "value": "71789.81736850739",
        "cumulative": true
    },
    {
        "date": "2020-09-11T13:48:42Z",
        "value": "74099.32796001434",
        "cumulative": true
    },
    {
        "date": "2020-09-11T13:48:58Z",
        "value": "77593.22786712646",
        "cumulative": true
    },
    {
        "date": "2020-09-11T13:49:16Z",
        "value": "82272.02117156982",
        "cumulative": true
    },
    {
        "date": "2020-09-11T13:49:26Z",
        "value": "84871.88828468323",
        "cumulative": true
    },
    {
        "date": "2020-09-11T13:49:39Z",
        "value": "88442.94635677338",
        "cumulative": true
    },
    {
        "date": "2020-09-11T13:49:52Z",
        "value": "90092.56798648834",
        "cumulative": true
    },
    {
        "date": "2020-09-11T13:50:08Z",
        "value": "92123.2099161148",
        "cumulative": true
    },
    {
        "date": "2020-09-11T13:50:25Z",
        "value": "94306.99233531952",
        "cumulative": true
    },
    {
        "date": "2020-09-11T13:50:39Z",
        "value": "97437.76227283478",
        "cumulative": true
    },
    {
        "date": "2020-09-11T13:50:57Z",
        "value": "102972.84433460236",
        "cumulative": true
    },
    {
        "date": "2020-09-11T13:51:08Z",
        "value": "106238.14944553375",
        "cumulative": true
    },
    {
        "date": "2020-09-11T13:51:24Z",
        "value": "111323.70289897919",
        "cumulative": true
    },
    {
        "date": "2020-09-11T13:51:41Z",
        "value": "113673.58546447754",
        "cumulative": true
    },
    {
        "date": "2020-09-11T13:51:58Z",
        "value": "115941.36716461182",
        "cumulative": true
    },
    {
        "date": "2020-09-11T13:52:12Z",
        "value": "117683.82684707642",
        "cumulative": true
    },
    {
        "date": "2020-09-11T13:52:25Z",
        "value": "119345.95443725586",
        "cumulative": true
    },
    {
        "date": "2020-09-11T13:52:37Z",
        "value": "122361.59810447693",
        "cumulative": true
    },
    {
        "date": "2020-09-11T13:52:48Z",
        "value": "125715.40406227112",
        "cumulative": true
    },
    {
        "date": "2020-09-11T13:52:59Z",
        "value": "128671.62183380127",
        "cumulative": true
    },
    {
        "date": "2020-09-11T13:53:17Z",
        "value": "134052.32167625427",
        "cumulative": true
    },
    {
        "date": "2020-09-11T13:53:31Z",
        "value": "138442.5935573578",
        "cumulative": true
    },
    {
        "date": "2020-09-11T13:53:48Z",
        "value": "141802.50889968872",
        "cumulative": true
    },
    {
        "date": "2020-09-11T13:54:05Z",
        "value": "144048.99334716797",
        "cumulative": true
    },
    {
        "date": "2020-09-11T13:54:18Z",
        "value": "145820.50547599792",
        "cumulative": true
    },
    {
        "date": "2020-09-11T13:54:31Z",
        "value": "147503.65700912476",
        "cumulative": true
    },
    {
        "date": "2020-09-11T13:54:42Z",
        "value": "148992.82695007324",
        "cumulative": true
    },
    {
        "date": "2020-09-11T13:54:57Z",
        "value": "150960.58658218384",
        "cumulative": true
    },
    {
        "date": "2020-09-11T13:55:14Z",
        "value": "155499.88549232483",
        "cumulative": true
    },
    {
        "date": "2020-09-11T13:55:34Z",
        "value": "160897.28964614868",
        "cumulative": true
    },
    {
        "date": "2020-09-11T13:55:54Z",
        "value": "166466.43307304382",
        "cumulative": true
    },
    {
        "date": "2020-09-11T13:56:07Z",
        "value": "170065.84623336792",
        "cumulative": true
    },
    {
        "date": "2020-09-11T13:56:22Z",
        "value": "174251.36409378052",
        "cumulative": true
    },
    {
        "date": "2020-09-11T13:56:39Z",
        "value": "178151.04134082794",
        "cumulative": true
    },
    {
        "date": "2020-09-11T13:56:50Z",
        "value": "179587.24117183685",
        "cumulative": true
    },
    {
        "date": "2020-09-11T13:57:05Z",
        "value": "181518.3155965805",
        "cumulative": true
    },
    {
        "date": "2020-09-11T13:57:20Z",
        "value": "183555.4893503189",
        "cumulative": true
    },
    {
        "date": "2020-09-11T13:57:39Z",
        "value": "185937.9824438095",
        "cumulative": true
    },
    {
        "date": "2020-09-11T13:57:56Z",
        "value": "188077.82652759552",
        "cumulative": true
    },
    {
        "date": "2020-09-11T13:58:09Z",
        "value": "189776.36415195465",
        "cumulative": true
    },
    {
        "date": "2020-09-11T13:58:23Z",
        "value": "192642.52318382263",
        "cumulative": true
    },
    {
        "date": "2020-09-11T13:58:37Z",
        "value": "196317.58443832397",
        "cumulative": true
    },
    {
        "date": "2020-09-11T13:58:51Z",
        "value": "200568.4619178772",
        "cumulative": true
    },
    {
        "date": "2020-09-11T13:59:04Z",
        "value": "204212.38172531128",
        "cumulative": true
    },
    {
        "date": "2020-09-11T13:59:19Z",
        "value": "208347.8334236145",
        "cumulative": true
    },
    {
        "date": "2020-09-11T13:59:32Z",
        "value": "212085.868309021",
        "cumulative": true
    },
    {
        "date": "2020-09-11T13:59:50Z",
        "value": "217706.27931022644",
        "cumulative": true
    },
    {
        "date": "2020-09-11T14:00:03Z",
        "value": "221293.82509231567",
        "cumulative": true
    },
    {
        "date": "2020-09-11T14:00:14Z",
        "value": "224505.77775096893",
        "cumulative": true
    },
    {
        "date": "2020-09-11T14:00:31Z",
        "value": "226739.25349712372",
        "cumulative": true
    },
    {
        "date": "2020-09-11T14:00:44Z",
        "value": "228471.66899967194",
        "cumulative": true
    },
    {
        "date": "2020-09-11T14:00:59Z",
        "value": "230581.467751503",
        "cumulative": true
    },
    {
        "date": "2020-09-11T14:01:13Z",
        "value": "232438.5937242508",
        "cumulative": true
    },
    {
        "date": "2020-09-11T14:01:27Z",
        "value": "234355.72879123688",
        "cumulative": true
    },
    {
        "date": "2020-09-11T14:01:41Z",
        "value": "236258.8698015213",
        "cumulative": true
    },
    {
        "date": "2020-09-11T14:01:56Z",
        "value": "238142.20870113373",
        "cumulative": true
    },
    {
        "date": "2020-09-11T14:02:13Z",
        "value": "240442.86265850067",
        "cumulative": true
    },
    {
        "date": "2020-09-11T14:02:30Z",
        "value": "244914.81711006165",
        "cumulative": true
    },
    {
        "date": "2020-09-11T14:02:43Z",
        "value": "248510.1748714447",
        "cumulative": true
    },
    {
        "date": "2020-09-11T14:02:59Z",
        "value": "252951.1024017334",
        "cumulative": true
    },
    {
        "date": "2020-09-11T14:03:19Z",
        "value": "258836.04864883423",
        "cumulative": true
    },
    {
        "date": "2020-09-11T14:03:36Z",
        "value": "263899.6659297943",
        "cumulative": true
    },
    {
        "date": "2020-09-11T14:03:54Z",
        "value": "269182.3227901459",
        "cumulative": true
    },
    {
        "date": "2020-09-11T14:04:12Z",
        "value": "274439.73087882996",
        "cumulative": true
    },
    {
        "date": "2020-09-11T14:04:27Z",
        "value": "278730.93221092224",
        "cumulative": true
    },
    {
        "date": "2020-09-11T14:04:46Z",
        "value": "283725.06690120697",
        "cumulative": true
    },
    {
        "date": "2020-09-11T14:04:57Z",
        "value": "285196.99222278595",
        "cumulative": true
    },
    {
        "date": "2020-09-11T14:05:08Z",
        "value": "286675.61173534393",
        "cumulative": true
    },
    {
        "date": "2020-09-11T14:05:23Z",
        "value": "288792.940577507",
        "cumulative": true
    },
    {
        "date": "2020-09-11T14:05:40Z",
        "value": "290908.59987545013",
        "cumulative": true
    },
    {
        "date": "2020-09-11T14:05:56Z",
        "value": "293101.5837106705",
        "cumulative": true
    },
    {
        "date": "2020-09-11T14:06:10Z",
        "value": "295136.0969877243",
        "cumulative": true
    },
    {
        "date": "2020-09-11T14:06:22Z",
        "value": "296630.8304166794",
        "cumulative": true
    },
    {
        "date": "2020-09-11T14:06:34Z",
        "value": "298315.5445394516",
        "cumulative": true
    },
    {
        "date": "2020-09-11T14:06:47Z",
        "value": "300205.4315748215",
        "cumulative": true
    },
    {
        "date": "2020-09-11T14:06:57Z",
        "value": "301472.3270807266",
        "cumulative": true
    },
    {
        "date": "2020-09-11T14:07:17Z",
        "value": "304030.2740316391",
        "cumulative": true
    },
    {
        "date": "2020-09-11T14:07:33Z",
        "value": "308581.1129837036",
        "cumulative": true
    },
    {
        "date": "2020-09-11T14:07:51Z",
        "value": "314206.0432796478",
        "cumulative": true
    },
    {
        "date": "2020-09-11T14:08:02Z",
        "value": "317270.7980670929",
        "cumulative": true
    },
    {
        "date": "2020-09-11T14:08:18Z",
        "value": "322092.2643432617",
        "cumulative": true
    },
    {
        "date": "2020-09-11T14:08:35Z",
        "value": "327355.0826702118",
        "cumulative": true
    },
    {
        "date": "2020-09-11T14:08:49Z",
        "value": "331598.02463531494",
        "cumulative": true
    },
    {
        "date": "2020-09-11T14:08:59Z",
        "value": "334448.6172103882",
        "cumulative": true
    },
    {
        "date": "2020-09-11T14:09:19Z",
        "value": "340286.7761077881",
        "cumulative": true
    },
    {
        "date": "2020-09-11T14:09:35Z",
        "value": "345469.4043235779",
        "cumulative": true
    },
    {
        "date": "2020-09-11T14:09:52Z",
        "value": "350722.0683441162",
        "cumulative": true
    },
    {
        "date": "2020-09-11T14:10:11Z",
        "value": "356118.50046157837",
        "cumulative": true
    },
    {
        "date": "2020-09-11T14:10:28Z",
        "value": "359319.3427915573",
        "cumulative": true
    },
    {
        "date": "2020-09-11T14:10:42Z",
        "value": "361444.3825349808",
        "cumulative": true
    },
    {
        "date": "2020-09-11T14:10:58Z",
        "value": "363573.3798856735",
        "cumulative": true
    },
    {
        "date": "2020-09-11T14:11:10Z",
        "value": "365176.7919034958",
        "cumulative": true
    },
    {
        "date": "2020-09-11T14:11:22Z",
        "value": "366777.40238666534",
        "cumulative": true
    },
    {
        "date": "2020-09-11T14:11:38Z",
        "value": "369174.31862926483",
        "cumulative": true
    },
    {
        "date": "2020-09-11T14:11:57Z",
        "value": "371775.29607868195",
        "cumulative": true
    },
    {
        "date": "2020-09-11T14:12:17Z",
        "value": "374507.01873874664",
        "cumulative": true
    },
    {
        "date": "2020-09-11T14:12:36Z",
        "value": "377173.1981039047",
        "cumulative": true
    },
    {
        "date": "2020-09-11T14:12:53Z",
        "value": "379566.98201465607",
        "cumulative": true
    },
    {
        "date": "2020-09-11T14:13:08Z",
        "value": "381696.69964313507",
        "cumulative": true
    },
    {
        "date": "2020-09-11T14:13:21Z",
        "value": "383466.2438611984",
        "cumulative": true
    },
    {
        "date": "2020-09-11T14:13:39Z",
        "value": "387759.58666038513",
        "cumulative": true
    },
    {
        "date": "2020-09-11T14:13:53Z",
        "value": "392110.7662830353",
        "cumulative": true
    },
    {
        "date": "2020-09-11T14:14:03Z",
        "value": "395155.6077346802",
        "cumulative": true
    },
    {
        "date": "2020-09-11T14:14:21Z",
        "value": "400563.06855773926",
        "cumulative": true
    },
    {
        "date": "2020-09-11T14:14:38Z",
        "value": "405931.56271362305",
        "cumulative": true
    },
    {
        "date": "2020-09-11T14:14:52Z",
        "value": "410427.36521720886",
        "cumulative": true
    },
    {
        "date": "2020-09-11T14:15:08Z",
        "value": "415174.5417251587",
        "cumulative": true
    },
    {
        "date": "2020-09-11T14:15:27Z",
        "value": "420886.4470462799",
        "cumulative": true
    },
    {
        "date": "2020-09-11T14:15:37Z",
        "value": "424136.76543807983",
        "cumulative": true
    },
    {
        "date": "2020-09-11T14:15:51Z",
        "value": "428490.1091709137",
        "cumulative": true
    },
    {
        "date": "2020-09-11T14:16:07Z",
        "value": "433571.27651405334",
        "cumulative": true
    },
    {
        "date": "2020-09-11T14:16:19Z",
        "value": "437046.8749008179",
        "cumulative": true
    },
    {
        "date": "2020-09-11T14:16:38Z",
        "value": "442775.91324806213",
        "cumulative": true
    },
    {
        "date": "2020-09-11T14:16:55Z",
        "value": "447713.9380245209",
        "cumulative": true
    },
    {
        "date": "2020-09-11T14:17:11Z",
        "value": "452097.92675209045",
        "cumulative": true
    },
    {
        "date": "2020-09-11T14:17:24Z",
        "value": "453804.8040828705",
        "cumulative": true
    },
    {
        "date": "2020-09-11T14:17:36Z",
        "value": "455469.16330337524",
        "cumulative": true
    },
    {
        "date": "2020-09-11T14:17:48Z",
        "value": "457155.4835720062",
        "cumulative": true
    },
    {
        "date": "2020-09-11T14:18:05Z",
        "value": "459543.0303821564",
        "cumulative": true
    },
    {
        "date": "2020-09-11T14:18:19Z",
        "value": "461535.41316986084",
        "cumulative": true
    },
    {
        "date": "2020-09-11T14:18:38Z",
        "value": "464230.8312702179",
        "cumulative": true
    },
    {
        "date": "2020-09-11T14:18:54Z",
        "value": "466596.1656074524",
        "cumulative": true
    },
    {
        "date": "2020-09-11T14:19:13Z",
        "value": "469295.09383010864",
        "cumulative": true
    },
    {
        "date": "2020-09-11T14:19:30Z",
        "value": "471654.1835575104",
        "cumulative": true
    },
    {
        "date": "2020-09-11T14:19:45Z",
        "value": "473681.5979976654",
        "cumulative": true
    },
    {
        "date": "2020-09-11T14:19:56Z",
        "value": "475109.7751045227",
        "cumulative": true
    },
    {
        "date": "2020-09-11T14:20:15Z",
        "value": "478069.67604255676",
        "cumulative": true
    },
    {
        "date": "2020-09-11T14:20:31Z",
        "value": "480189.4774360657",
        "cumulative": true
    },
    {
        "date": "2020-09-11T14:20:48Z",
        "value": "482699.4579753876",
        "cumulative": true
    },
    {
        "date": "2020-09-11T14:21:05Z",
        "value": "484839.69616508484",
        "cumulative": true
    },
    {
        "date": "2020-09-11T14:21:18Z",
        "value": "485492.8504600525",
        "cumulative": true
    },
    {
        "date": "2020-09-11T14:21:34Z",
        "value": "485492.8505001068",
        "cumulative": true
    },
    {
        "date": "2020-09-11T14:21:48Z",
        "value": "485492.8505001068",
        "cumulative": true
    },
    {
        "date": "2020-09-11T14:22:15Z",
        "value": "485492.8505001068",
        "cumulative": true
    },
    {
        "date": "2020-09-11T14:22:33Z",
        "value": "485492.8505001068",
        "cumulative": true
    },
    {
        "date": "2020-09-11T14:22:52Z",
        "value": "485492.8505001068",
        "cumulative": true
    },
    {
        "date": "2020-09-11T14:23:03Z",
        "value": "485492.8505001068",
        "cumulative": true
    },
    {
        "date": "2020-09-11T14:23:23Z",
        "value": "485492.8505001068",
        "cumulative": true
    },
    {
        "date": "2020-09-11T14:23:38Z",
        "value": "485492.8505001068",
        "cumulative": true
    },
    {
        "date": "2020-09-11T14:23:54Z",
        "value": "485492.8505001068",
        "cumulative": true
    },
    {
        "date": "2020-09-11T14:24:13Z",
        "value": "485492.8505001068",
        "cumulative": true
    },
    {
        "date": "2020-09-11T14:24:36Z",
        "value": "485492.8505001068",
        "cumulative": true
    },
    {
        "date": "2020-09-11T14:24:55Z",
        "value": "485492.8505001068",
        "cumulative": true
    },
    {
        "date": "2020-09-11T14:25:20Z",
        "value": "485492.8505001068",
        "cumulative": true
    },
    {
        "date": "2020-09-11T14:25:38Z",
        "value": "485492.8505001068",
        "cumulative": true
    },
    {
        "date": "2020-09-11T14:25:56Z",
        "value": "485492.8505001068",
        "cumulative": true
    },
    {
        "date": "2020-09-11T14:26:13Z",
        "value": "485492.8505001068",
        "cumulative": true
    },
    {
        "date": "2020-09-11T14:26:41Z",
        "value": "485492.8505001068",
        "cumulative": true
    },
    {
        "date": "2020-09-11T14:27:01Z",
        "value": "485492.8505001068",
        "cumulative": true
    },
    {
        "date": "2020-09-11T14:27:27Z",
        "value": "485492.8505001068",
        "cumulative": true
    },
    {
        "date": "2020-09-11T14:27:42Z",
        "value": "485492.8505001068",
        "cumulative": true
    },
    {
        "date": "2020-09-11T14:28:08Z",
        "value": "485492.8505001068",
        "cumulative": true
    },
    {
        "date": "2020-09-11T14:28:23Z",
        "value": "485492.8505001068",
        "cumulative": true
    },
    {
        "date": "2020-09-11T14:28:45Z",
        "value": "485492.8505001068",
        "cumulative": true
    },
    {
        "date": "2020-09-11T14:29:03Z",
        "value": "485492.8505001068",
        "cumulative": true
    },
    {
        "date": "2020-09-11T14:29:22Z",
        "value": "485492.8505001068",
        "cumulative": true
    },
    {
        "date": "2020-09-11T14:29:36Z",
        "value": "485492.8505001068",
        "cumulative": true
    },
    {
        "date": "2020-09-11T14:30:01Z",
        "value": "485492.8505001068",
        "cumulative": true
    },
    {
        "date": "2020-09-11T14:30:21Z",
        "value": "485492.8505001068",
        "cumulative": true
    },
    {
        "date": "2020-09-11T14:30:47Z",
        "value": "485492.8505001068",
        "cumulative": true
    },
    {
        "date": "2020-09-11T14:30:58Z",
        "value": "485492.8505001068",
        "cumulative": true
    },
    {
        "date": "2020-09-11T14:31:24Z",
        "value": "485492.8505001068",
        "cumulative": true
    },
    {
        "date": "2020-09-11T14:31:39Z",
        "value": "485492.8505001068",
        "cumulative": true
    }
]