[
    {
        "date": "2020-09-11T13:42:07Z",
        "value": "3.5546875",
        "cumulative": false
    },
    {
        "date": "2020-09-11T13:42:26Z",
        "value": "1198.24609375",
        "cumulative": false
    },
    {
        "date": "2020-09-11T13:42:40Z",
        "value": "1198.875",
        "cumulative": false
    },
    {
        "date": "2020-09-11T13:42:52Z",
        "value": "1201.6171875",
        "cumulative": false
    },
    {
        "date": "2020-09-11T13:43:04Z",
        "value": "1203.640625",
        "cumulative": false
    },
    {
        "date": "2020-09-11T13:43:14Z",
        "value": "1206.78125",
        "cumulative": false
    },
    {
        "date": "2020-09-11T13:43:34Z",
        "value": "1209.02734375",
        "cumulative": false
    },
    {
        "date": "2020-09-11T13:43:48Z",
        "value": "1211.890625",
        "cumulative": false
    },
    {
        "date": "2020-09-11T13:44:00Z",
        "value": "1215.49609375",
        "cumulative": false
    },
    {
        "date": "2020-09-11T13:44:11Z",
        "value": "1220.1484375",
        "cumulative": false
    },
    {
        "date": "2020-09-11T13:44:26Z",
        "value": "1220.1484375",
        "cumulative": false
    },
    {
        "date": "2020-09-11T13:44:38Z",
        "value": "1225.8125",
        "cumulative": false
    },
    {
        "date": "2020-09-11T13:44:53Z",
        "value": "1225.8125",
        "cumulative": false
    },
    {
        "date": "2020-09-11T13:45:09Z",
        "value": "1233.1328125",
        "cumulative": false
    },
    {
        "date": "2020-09-11T13:45:28Z",
        "value": "1242.30078125",
        "cumulative": false
    },
    {
        "date": "2020-09-11T13:45:44Z",
        "value": "1242.30078125",
        "cumulative": false
    },
    {
        "date": "2020-09-11T13:46:02Z",
        "value": "1242.24609375",
        "cumulative": false
    },
    {
        "date": "2020-09-11T13:46:18Z",
        "value": "1216.76953125",
        "cumulative": false
    },
    {
        "date": "2020-09-11T13:46:32Z",
        "value": "1216.79296875",
        "cumulative": false
    },
    {
        "date": "2020-09-11T13:46:43Z",
        "value": "1216.70703125",
        "cumulative": false
    },
    {
        "date": "2020-09-11T13:47:02Z",
        "value": "1216.70703125",
        "cumulative": false
    },
    {
        "date": "2020-09-11T13:47:18Z",
        "value": "1221.69921875",
        "cumulative": false
    },
    {
        "date": "2020-09-11T13:47:37Z",
        "value": "1221.6640625",
        "cumulative": false
    },
    {
        "date": "2020-09-11T13:47:56Z",
        "value": "1221.6171875",
        "cumulative": false
    },
    {
        "date": "2020-09-11T13:48:14Z",
        "value": "1227.83984375",
        "cumulative": false
    },
    {
        "date": "2020-09-11T13:48:33Z",
        "value": "1253.41015625",
        "cumulative": false
    },
    {
        "date": "2020-09-11T13:48:53Z",
        "value": "1273.84765625",
        "cumulative": false
    },
    {
        "date": "2020-09-11T13:49:11Z",
        "value": "1227.81640625",
        "cumulative": false
    },
    {
        "date": "2020-09-11T13:49:31Z",
        "value": "1277.77734375",
        "cumulative": false
    },
    {
        "date": "2020-09-11T13:49:44Z",
        "value": "1231.25",
        "cumulative": false
    },
    {
        "date": "2020-09-11T13:50:03Z",
        "value": "1227.8203125",
        "cumulative": false
    },
    {
        "date": "2020-09-11T13:50:18Z",
        "value": "1227.92578125",
        "cumulative": false
    },
    {
        "date": "2020-09-11T13:50:36Z",
        "value": "1227.859375",
        "cumulative": false
    },
    {
        "date": "2020-09-11T13:50:55Z",
        "value": "1260.69140625",
        "cumulative": false
    },
    {
        "date": "2020-09-11T13:51:10Z",
        "value": "1227.80078125",
        "cumulative": false
    },
    {
        "date": "2020-09-11T13:51:30Z",
        "value": "1368.1796875",
        "cumulative": false
    },
    {
        "date": "2020-09-11T13:51:45Z",
        "value": "1227.84375",
        "cumulative": false
    },
    {
        "date": "2020-09-11T13:52:04Z",
        "value": "1345.9140625",
        "cumulative": false
    },
    {
        "date": "2020-09-11T13:52:15Z",
        "value": "1333.765625",
        "cumulative": false
    },
    {
        "date": "2020-09-11T13:52:31Z",
        "value": "1227.765625",
        "cumulative": false
    },
    {
        "date": "2020-09-11T13:52:43Z",
        "value": "1227.828125",
        "cumulative": false
    },
    {
        "date": "2020-09-11T13:53:00Z",
        "value": "1310.171875",
        "cumulative": false
    },
    {
        "date": "2020-09-11T13:53:19Z",
        "value": "1239.02734375",
        "cumulative": false
    },
    {
        "date": "2020-09-11T13:53:32Z",
        "value": "1346.97265625",
        "cumulative": false
    },
    {
        "date": "2020-09-11T13:53:51Z",
        "value": "1271.3203125",
        "cumulative": false
    },
    {
        "date": "2020-09-11T13:54:03Z",
        "value": "1227.83203125",
        "cumulative": false
    },
    {
        "date": "2020-09-11T13:54:18Z",
        "value": "1227.84375",
        "cumulative": false
    },
    {
        "date": "2020-09-11T13:54:37Z",
        "value": "1312.35546875",
        "cumulative": false
    },
    {
        "date": "2020-09-11T13:54:50Z",
        "value": "1386.29296875",
        "cumulative": false
    },
    {
        "date": "2020-09-11T13:55:08Z",
        "value": "1227.85546875",
        "cumulative": false
    },
    {
        "date": "2020-09-11T13:55:20Z",
        "value": "1227.85546875",
        "cumulative": false
    },
    {
        "date": "2020-09-11T13:55:39Z",
        "value": "1378.26171875",
        "cumulative": false
    },
    {
        "date": "2020-09-11T13:55:56Z",
        "value": "1227.76171875",
        "cumulative": false
    },
    {
        "date": "2020-09-11T13:56:16Z",
        "value": "1227.76171875",
        "cumulative": false
    },
    {
        "date": "2020-09-11T13:56:26Z",
        "value": "1339.82421875",
        "cumulative": false
    },
    {
        "date": "2020-09-11T13:56:39Z",
        "value": "1379.96484375",
        "cumulative": false
    },
    {
        "date": "2020-09-11T13:56:57Z",
        "value": "1435.99609375",
        "cumulative": false
    },
    {
        "date": "2020-09-11T13:57:13Z",
        "value": "1420.24609375",
        "cumulative": false
    },
    {
        "date": "2020-09-11T13:57:32Z",
        "value": "1325.83203125",
        "cumulative": false
    },
    {
        "date": "2020-09-11T13:57:49Z",
        "value": "1438.84765625",
        "cumulative": false
    },
    {
        "date": "2020-09-11T13:58:04Z",
        "value": "1227.83203125",
        "cumulative": false
    },
    {
        "date": "2020-09-11T13:58:18Z",
        "value": "1384.1171875",
        "cumulative": false
    },
    {
        "date": "2020-09-11T13:58:29Z",
        "value": "1227.796875",
        "cumulative": false
    },
    {
        "date": "2020-09-11T13:58:45Z",
        "value": "1327.26953125",
        "cumulative": false
    },
    {
        "date": "2020-09-11T13:59:02Z",
        "value": "1354.3515625",
        "cumulative": false
    },
    {
        "date": "2020-09-11T13:59:16Z",
        "value": "1337.5",
        "cumulative": false
    },
    {
        "date": "2020-09-11T13:59:27Z",
        "value": "1227.80859375",
        "cumulative": false
    },
    {
        "date": "2020-09-11T13:59:44Z",
        "value": "1227.765625",
        "cumulative": false
    },
    {
        "date": "2020-09-11T13:59:59Z",
        "value": "1227.76171875",
        "cumulative": false
    },
    {
        "date": "2020-09-11T14:00:18Z",
        "value": "1228.65234375",
        "cumulative": false
    },
    {
        "date": "2020-09-11T14:00:30Z",
        "value": "1227.83984375",
        "cumulative": false
    },
    {
        "date": "2020-09-11T14:00:46Z",
        "value": "1459.33984375",
        "cumulative": false
    },
    {
        "date": "2020-09-11T14:00:56Z",
        "value": "1227.74609375",
        "cumulative": false
    },
    {
        "date": "2020-09-11T14:01:13Z",
        "value": "1237.52734375",
        "cumulative": false
    },
    {
        "date": "2020-09-11T14:01:26Z",
        "value": "1353.15234375",
        "cumulative": false
    },
    {
        "date": "2020-09-11T14:01:45Z",
        "value": "1277.25",
        "cumulative": false
    },
    {
        "date": "2020-09-11T14:01:55Z",
        "value": "1482.25",
        "cumulative": false
    },
    {
        "date": "2020-09-11T14:02:15Z",
        "value": "1227.75",
        "cumulative": false
    },
    {
        "date": "2020-09-11T14:02:31Z",
        "value": "1227.8203125",
        "cumulative": false
    },
    {
        "date": "2020-09-11T14:02:45Z",
        "value": "1227.83984375",
        "cumulative": false
    },
    {
        "date": "2020-09-11T14:02:56Z",
        "value": "1424.8828125",
        "cumulative": false
    },
    {
        "date": "2020-09-11T14:03:14Z",
        "value": "1227.85546875",
        "cumulative": false
    },
    {
        "date": "2020-09-11T14:03:25Z",
        "value": "1319.6484375",
        "cumulative": false
    },
    {
        "date": "2020-09-11T14:03:42Z",
        "value": "1259.7578125",
        "cumulative": false
    },
    {
        "date": "2020-09-11T14:03:55Z",
        "value": "1227.765625",
        "cumulative": false
    },
    {
        "date": "2020-09-11T14:04:12Z",
        "value": "1227.76171875",
        "cumulative": false
    },
    {
        "date": "2020-09-11T14:04:23Z",
        "value": "1227.79296875",
        "cumulative": false
    },
    {
        "date": "2020-09-11T14:04:34Z",
        "value": "1381.2109375",
        "cumulative": false
    },
    {
        "date": "2020-09-11T14:04:47Z",
        "value": "1227.8203125",
        "cumulative": false
    },
    {
        "date": "2020-09-11T14:05:05Z",
        "value": "1291.10546875",
        "cumulative": false
    },
    {
        "date": "2020-09-11T14:05:24Z",
        "value": "1227.8515625",
        "cumulative": false
    },
    {
        "date": "2020-09-11T14:05:40Z",
        "value": "1227.78125",
        "cumulative": false
    },
    {
        "date": "2020-09-11T14:05:54Z",
        "value": "1227.85546875",
        "cumulative": false
    },
    {
        "date": "2020-09-11T14:06:07Z",
        "value": "1227.82421875",
        "cumulative": false
    },
    {
        "date": "2020-09-11T14:06:24Z",
        "value": "1369.609375",
        "cumulative": false
    },
    {
        "date": "2020-09-11T14:06:35Z",
        "value": "1227.84765625",
        "cumulative": false
    },
    {
        "date": "2020-09-11T14:06:49Z",
        "value": "1581.5859375",
        "cumulative": false
    },
    {
        "date": "2020-09-11T14:07:03Z",
        "value": "1227.78515625",
        "cumulative": false
    },
    {
        "date": "2020-09-11T14:07:20Z",
        "value": "1227.77734375",
        "cumulative": false
    },
    {
        "date": "2020-09-11T14:07:40Z",
        "value": "1227.78515625",
        "cumulative": false
    },
    {
        "date": "2020-09-11T14:07:57Z",
        "value": "1227.76953125",
        "cumulative": false
    },
    {
        "date": "2020-09-11T14:08:16Z",
        "value": "1495.62890625",
        "cumulative": false
    },
    {
        "date": "2020-09-11T14:08:27Z",
        "value": "1227.79296875",
        "cumulative": false
    },
    {
        "date": "2020-09-11T14:08:46Z",
        "value": "1227.80078125",
        "cumulative": false
    },
    {
        "date": "2020-09-11T14:09:03Z",
        "value": "1457.13671875",
        "cumulative": false
    },
    {
        "date": "2020-09-11T14:09:19Z",
        "value": "1227.84765625",
        "cumulative": false
    },
    {
        "date": "2020-09-11T14:09:29Z",
        "value": "1227.86328125",
        "cumulative": false
    },
    {
        "date": "2020-09-11T14:09:45Z",
        "value": "1227.82421875",
        "cumulative": false
    },
    {
        "date": "2020-09-11T14:10:04Z",
        "value": "1227.83203125",
        "cumulative": false
    },
    {
        "date": "2020-09-11T14:10:20Z",
        "value": "1565.79296875",
        "cumulative": false
    },
    {
        "date": "2020-09-11T14:10:30Z",
        "value": "1227.87890625",
        "cumulative": false
    },
    {
        "date": "2020-09-11T14:10:49Z",
        "value": "1524.6953125",
        "cumulative": false
    },
    {
        "date": "2020-09-11T14:11:08Z",
        "value": "1227.83203125",
        "cumulative": false
    },
    {
        "date": "2020-09-11T14:11:23Z",
        "value": "1330.328125",
        "cumulative": false
    },
    {
        "date": "2020-09-11T14:11:34Z",
        "value": "1227.7890625",
        "cumulative": false
    },
    {
        "date": "2020-09-11T14:11:45Z",
        "value": "1251.25",
        "cumulative": false
    },
    {
        "date": "2020-09-11T14:12:01Z",
        "value": "1227.78125",
        "cumulative": false
    },
    {
        "date": "2020-09-11T14:12:16Z",
        "value": "1330.6875",
        "cumulative": false
    },
    {
        "date": "2020-09-11T14:12:32Z",
        "value": "1637.09375",
        "cumulative": false
    },
    {
        "date": "2020-09-11T14:12:47Z",
        "value": "1616.0",
        "cumulative": false
    },
    {
        "date": "2020-09-11T14:13:01Z",
        "value": "1227.78125",
        "cumulative": false
    },
    {
        "date": "2020-09-11T14:13:12Z",
        "value": "1227.83203125",
        "cumulative": false
    },
    {
        "date": "2020-09-11T14:13:31Z",
        "value": "1227.80078125",
        "cumulative": false
    },
    {
        "date": "2020-09-11T14:13:44Z",
        "value": "1227.86328125",
        "cumulative": false
    },
    {
        "date": "2020-09-11T14:13:56Z",
        "value": "1610.01953125",
        "cumulative": false
    },
    {
        "date": "2020-09-11T14:14:07Z",
        "value": "1227.80078125",
        "cumulative": false
    },
    {
        "date": "2020-09-11T14:14:25Z",
        "value": "1421.05078125",
        "cumulative": false
    },
    {
        "date": "2020-09-11T14:14:36Z",
        "value": "1227.86328125",
        "cumulative": false
    },
    {
        "date": "2020-09-11T14:14:51Z",
        "value": "1397.55078125",
        "cumulative": false
    },
    {
        "date": "2020-09-11T14:15:02Z",
        "value": "1365.95703125",
        "cumulative": false
    },
    {
        "date": "2020-09-11T14:15:14Z",
        "value": "1227.76953125",
        "cumulative": false
    },
    {
        "date": "2020-09-11T14:15:33Z",
        "value": "1483.26953125",
        "cumulative": false
    },
    {
        "date": "2020-09-11T14:15:43Z",
        "value": "1508.30078125",
        "cumulative": false
    },
    {
        "date": "2020-09-11T14:15:58Z",
        "value": "1227.76953125",
        "cumulative": false
    },
    {
        "date": "2020-09-11T14:16:18Z",
        "value": "1227.80078125",
        "cumulative": false
    },
    {
        "date": "2020-09-11T14:16:36Z",
        "value": "1465.55078125",
        "cumulative": false
    },
    {
        "date": "2020-09-11T14:16:51Z",
        "value": "1227.76953125",
        "cumulative": false
    },
    {
        "date": "2020-09-11T14:17:07Z",
        "value": "1227.86328125",
        "cumulative": false
    },
    {
        "date": "2020-09-11T14:17:26Z",
        "value": "1669.9140625",
        "cumulative": false
    },
    {
        "date": "2020-09-11T14:17:36Z",
        "value": "1227.87890625",
        "cumulative": false
    },
    {
        "date": "2020-09-11T14:17:47Z",
        "value": "1470.42578125",
        "cumulative": false
    },
    {
        "date": "2020-09-11T14:18:00Z",
        "value": "1227.80859375",
        "cumulative": false
    },
    {
        "date": "2020-09-11T14:18:18Z",
        "value": "1405.734375",
        "cumulative": false
    },
    {
        "date": "2020-09-11T14:18:35Z",
        "value": "1726.16015625",
        "cumulative": false
    },
    {
        "date": "2020-09-11T14:18:50Z",
        "value": "1671.66796875",
        "cumulative": false
    },
    {
        "date": "2020-09-11T14:19:08Z",
        "value": "1318.26171875",
        "cumulative": false
    },
    {
        "date": "2020-09-11T14:19:24Z",
        "value": "1227.8125",
        "cumulative": false
    },
    {
        "date": "2020-09-11T14:19:37Z",
        "value": "1485.15234375",
        "cumulative": false
    },
    {
        "date": "2020-09-11T14:19:55Z",
        "value": "1227.87109375",
        "cumulative": false
    },
    {
        "date": "2020-09-11T14:20:12Z",
        "value": "1227.796875",
        "cumulative": false
    },
    {
        "date": "2020-09-11T14:20:23Z",
        "value": "1617.09375",
        "cumulative": false
    },
    {
        "date": "2020-09-11T14:20:37Z",
        "value": "1227.76171875",
        "cumulative": false
    },
    {
        "date": "2020-09-11T14:20:53Z",
        "value": "1227.83984375",
        "cumulative": false
    },
    {
        "date": "2020-09-11T14:21:13Z",
        "value": "1227.76171875",
        "cumulative": false
    },
    {
        "date": "2020-09-11T14:21:25Z",
        "value": "9.91796875",
        "cumulative": false
    },
    {
        "date": "2020-09-11T14:21:36Z",
        "value": "9.91796875",
        "cumulative": false
    },
    {
        "date": "2020-09-11T14:21:51Z",
        "value": "9.91796875",
        "cumulative": false
    },
    {
        "date": "2020-09-11T14:22:01Z",
        "value": "9.91796875",
        "cumulative": false
    },
    {
        "date": "2020-09-11T14:22:25Z",
        "value": "9.91796875",
        "cumulative": false
    },
    {
        "date": "2020-09-11T14:22:39Z",
        "value": "9.91796875",
        "cumulative": false
    },
    {
        "date": "2020-09-11T14:23:00Z",
        "value": "9.91796875",
        "cumulative": false
    },
    {
        "date": "2020-09-11T14:23:11Z",
        "value": "9.91796875",
        "cumulative": false
    },
    {
        "date": "2020-09-11T14:23:37Z",
        "value": "9.91796875",
        "cumulative": false
    },
    {
        "date": "2020-09-11T14:23:53Z",
        "value": "9.91796875",
        "cumulative": false
    },
    {
        "date": "2020-09-11T14:24:16Z",
        "value": "9.91796875",
        "cumulative": false
    },
    {
        "date": "2020-09-11T14:24:35Z",
        "value": "9.91796875",
        "cumulative": false
    },
    {
        "date": "2020-09-11T14:24:57Z",
        "value": "9.91796875",
        "cumulative": false
    },
    {
        "date": "2020-09-11T14:25:12Z",
        "value": "9.91796875",
        "cumulative": false
    },
    {
        "date": "2020-09-11T14:25:31Z",
        "value": "9.91796875",
        "cumulative": false
    },
    {
        "date": "2020-09-11T14:25:42Z",
        "value": "9.91796875",
        "cumulative": false
    },
    {
        "date": "2020-09-11T14:26:09Z",
        "value": "9.91796875",
        "cumulative": false
    },
    {
        "date": "2020-09-11T14:26:25Z",
        "value": "9.91796875",
        "cumulative": false
    },
    {
        "date": "2020-09-11T14:26:45Z",
        "value": "9.91796875",
        "cumulative": false
    },
    {
        "date": "2020-09-11T14:27:02Z",
        "value": "9.91796875",
        "cumulative": false
    },
    {
        "date": "2020-09-11T14:27:23Z",
        "value": "9.91796875",
        "cumulative": false
    },
    {
        "date": "2020-09-11T14:27:39Z",
        "value": "9.91796875",
        "cumulative": false
    },
    {
        "date": "2020-09-11T14:28:02Z",
        "value": "9.91796875",
        "cumulative": false
    },
    {
        "date": "2020-09-11T14:28:14Z",
        "value": "9.91796875",
        "cumulative": false
    },
    {
        "date": "2020-09-11T14:28:37Z",
        "value": "9.91796875",
        "cumulative": false
    },
    {
        "date": "2020-09-11T14:28:51Z",
        "value": "9.91796875",
        "cumulative": false
    },
    {
        "date": "2020-09-11T14:29:14Z",
        "value": "9.91796875",
        "cumulative": false
    },
    {
        "date": "2020-09-11T14:29:28Z",
        "value": "9.91796875",
        "cumulative": false
    },
    {
        "date": "2020-09-11T14:29:48Z",
        "value": "9.91796875",
        "cumulative": false
    },
    {
        "date": "2020-09-11T14:30:03Z",
        "value": "9.91796875",
        "cumulative": false
    },
    {
        "date": "2020-09-11T14:30:19Z",
        "value": "9.91796875",
        "cumulative": false
    },
    {
        "date": "2020-09-11T14:30:30Z",
        "value": "9.91796875",
        "cumulative": false
    },
    {
        "date": "2020-09-11T14:30:57Z",
        "value": "9.91796875",
        "cumulative": false
    },
    {
        "date": "2020-09-11T14:31:15Z",
        "value": "9.91796875",
        "cumulative": false
    },
    {
        "date": "2020-09-11T14:31:38Z",
        "value": "9.91796875",
        "cumulative": false
    },
    {
        "date": "2020-09-11T14:31:53Z",
        "value": "9.91796875",
        "cumulative": false
    }
]