[
    {
        "date": "2020-09-11T13:42:07Z",
        "value": "4.00543212890625e-05",
        "cumulative": true
    },
    {
        "date": "2020-09-11T13:42:26Z",
        "value": "8.816788673400879",
        "cumulative": true
    },
    {
        "date": "2020-09-11T13:42:43Z",
        "value": "954.1339883804321",
        "cumulative": true
    },
    {
        "date": "2020-09-11T13:42:56Z",
        "value": "3470.8542079925537",
        "cumulative": true
    },
    {
        "date": "2020-09-11T13:43:14Z",
        "value": "6967.846234321594",
        "cumulative": true
    },
    {
        "date": "2020-09-11T13:43:32Z",
        "value": "10004.369294166565",
        "cumulative": true
    },
    {
        "date": "2020-09-11T13:43:51Z",
        "value": "13948.5172996521",
        "cumulative": true
    },
    {
        "date": "2020-09-11T13:44:03Z",
        "value": "16295.856142997742",
        "cumulative": true
    },
    {
        "date": "2020-09-11T13:44:20Z",
        "value": "19750.721616744995",
        "cumulative": true
    },
    {
        "date": "2020-09-11T13:44:36Z",
        "value": "22995.1485414505",
        "cumulative": true
    },
    {
        "date": "2020-09-11T13:44:49Z",
        "value": "25879.24705505371",
        "cumulative": true
    },
    {
        "date": "2020-09-11T13:45:01Z",
        "value": "28469.945227622986",
        "cumulative": true
    },
    {
        "date": "2020-09-11T13:45:15Z",
        "value": "31262.2937002182",
        "cumulative": true
    },
    {
        "date": "2020-09-11T13:45:29Z",
        "value": "35042.847376823425",
        "cumulative": true
    },
    {
        "date": "2020-09-11T13:45:48Z",
        "value": "38236.85169219971",
        "cumulative": true
    },
    {
        "date": "2020-09-11T13:45:59Z",
        "value": "41455.08669281006",
        "cumulative": true
    },
    {
        "date": "2020-09-11T13:46:10Z",
        "value": "44248.30780696869",
        "cumulative": true
    },
    {
        "date": "2020-09-11T13:46:22Z",
        "value": "45859.276215553284",
        "cumulative": true
    },
    {
        "date": "2020-09-11T13:46:37Z",
        "value": "48357.80156707764",
        "cumulative": true
    },
    {
        "date": "2020-09-11T13:46:55Z",
        "value": "53048.842977523804",
        "cumulative": true
    },
    {
        "date": "2020-09-11T13:47:14Z",
        "value": "56807.49349403381",
        "cumulative": true
    },
    {
        "date": "2020-09-11T13:47:29Z",
        "value": "58876.12961387634",
        "cumulative": true
    },
    {
        "date": "2020-09-11T13:47:43Z",
        "value": "62069.9397354126",
        "cumulative": true
    },
    {
        "date": "2020-09-11T13:47:59Z",
        "value": "66453.05338287354",
        "cumulative": true
    },
    {
        "date": "2020-09-11T13:48:18Z",
        "value": "70854.5183353424",
        "cumulative": true
    },
    {
        "date": "2020-09-11T13:48:37Z",
        "value": "73485.2556400299",
        "cumulative": true
    },
    {
        "date": "2020-09-11T13:48:54Z",
        "value": "76277.22428798676",
        "cumulative": true
    },
    {
        "date": "2020-09-11T13:49:04Z",
        "value": "79252.17640209198",
        "cumulative": true
    },
    {
        "date": "2020-09-11T13:49:15Z",
        "value": "81868.9180803299",
        "cumulative": true
    },
    {
        "date": "2020-09-11T13:49:34Z",
        "value": "87039.61142253876",
        "cumulative": true
    },
    {
        "date": "2020-09-11T13:49:50Z",
        "value": "89795.46496009827",
        "cumulative": true
    },
    {
        "date": "2020-09-11T13:50:06Z",
        "value": "91769.60182762146",
        "cumulative": true
    },
    {
        "date": "2020-09-11T13:50:20Z",
        "value": "93545.33064460754",
        "cumulative": true
    },
    {
        "date": "2020-09-11T13:50:38Z",
        "value": "97365.9666185379",
        "cumulative": true
    },
    {
        "date": "2020-09-11T13:50:49Z",
        "value": "100708.21561908722",
        "cumulative": true
    },
    {
        "date": "2020-09-11T13:51:00Z",
        "value": "103640.74472332001",
        "cumulative": true
    },
    {
        "date": "2020-09-11T13:51:13Z",
        "value": "107589.10626125336",
        "cumulative": true
    },
    {
        "date": "2020-09-11T13:51:25Z",
        "value": "111573.59843540192",
        "cumulative": true
    },
    {
        "date": "2020-09-11T13:51:37Z",
        "value": "113009.5010137558",
        "cumulative": true
    },
    {
        "date": "2020-09-11T13:51:51Z",
        "value": "114995.61901187897",
        "cumulative": true
    },
    {
        "date": "2020-09-11T13:52:09Z",
        "value": "117319.66350269318",
        "cumulative": true
    },
    {
        "date": "2020-09-11T13:52:26Z",
        "value": "119479.34453105927",
        "cumulative": true
    },
    {
        "date": "2020-09-11T13:52:40Z",
        "value": "123169.267993927",
        "cumulative": true
    },
    {
        "date": "2020-09-11T13:52:58Z",
        "value": "128426.08457565308",
        "cumulative": true
    },
    {
        "date": "2020-09-11T13:53:10Z",
        "value": "131759.0922279358",
        "cumulative": true
    },
    {
        "date": "2020-09-11T13:53:29Z",
        "value": "137622.83732795715",
        "cumulative": true
    },
    {
        "date": "2020-09-11T13:53:45Z",
        "value": "141482.73783779144",
        "cumulative": true
    },
    {
        "date": "2020-09-11T13:53:57Z",
        "value": "142962.30901241302",
        "cumulative": true
    },
    {
        "date": "2020-09-11T13:54:11Z",
        "value": "144952.15199756622",
        "cumulative": true
    },
    {
        "date": "2020-09-11T13:54:29Z",
        "value": "147255.2300977707",
        "cumulative": true
    },
    {
        "date": "2020-09-11T13:54:40Z",
        "value": "148618.63301181793",
        "cumulative": true
    },
    {
        "date": "2020-09-11T13:54:54Z",
        "value": "150502.9292421341",
        "cumulative": true
    },
    {
        "date": "2020-09-11T13:55:06Z",
        "value": "153316.9644088745",
        "cumulative": true
    },
    {
        "date": "2020-09-11T13:55:17Z",
        "value": "156255.73977470398",
        "cumulative": true
    },
    {
        "date": "2020-09-11T13:55:27Z",
        "value": "159012.32836914062",
        "cumulative": true
    },
    {
        "date": "2020-09-11T13:55:40Z",
        "value": "162603.92089653015",
        "cumulative": true
    },
    {
        "date": "2020-09-11T13:56:00Z",
        "value": "168046.04014778137",
        "cumulative": true
    },
    {
        "date": "2020-09-11T13:56:18Z",
        "value": "172948.25143623352",
        "cumulative": true
    },
    {
        "date": "2020-09-11T13:56:31Z",
        "value": "176635.20524978638",
        "cumulative": true
    },
    {
        "date": "2020-09-11T13:56:41Z",
        "value": "178373.71206474304",
        "cumulative": true
    },
    {
        "date": "2020-09-11T13:56:58Z",
        "value": "180584.37802124023",
        "cumulative": true
    },
    {
        "date": "2020-09-11T13:57:15Z",
        "value": "182821.98210525513",
        "cumulative": true
    },
    {
        "date": "2020-09-11T13:57:32Z",
        "value": "184985.52231407166",
        "cumulative": true
    },
    {
        "date": "2020-09-11T13:57:46Z",
        "value": "186822.35953712463",
        "cumulative": true
    },
    {
        "date": "2020-09-11T13:58:03Z",
        "value": "188993.9716243744",
        "cumulative": true
    },
    {
        "date": "2020-09-11T13:58:18Z",
        "value": "191086.52718162537",
        "cumulative": true
    },
    {
        "date": "2020-09-11T13:58:33Z",
        "value": "195271.90075302124",
        "cumulative": true
    },
    {
        "date": "2020-09-11T13:58:52Z",
        "value": "200822.97219276428",
        "cumulative": true
    },
    {
        "date": "2020-09-11T13:59:09Z",
        "value": "205636.70724105835",
        "cumulative": true
    },
    {
        "date": "2020-09-11T13:59:26Z",
        "value": "210309.67248153687",
        "cumulative": true
    },
    {
        "date": "2020-09-11T13:59:36Z",
        "value": "213354.35501861572",
        "cumulative": true
    },
    {
        "date": "2020-09-11T13:59:46Z",
        "value": "216345.2767906189",
        "cumulative": true
    },
    {
        "date": "2020-09-11T14:00:01Z",
        "value": "220670.2728919983",
        "cumulative": true
    },
    {
        "date": "2020-09-11T14:00:12Z",
        "value": "223930.2645702362",
        "cumulative": true
    },
    {
        "date": "2020-09-11T14:00:31Z",
        "value": "226666.46009540558",
        "cumulative": true
    },
    {
        "date": "2020-09-11T14:00:49Z",
        "value": "229155.49579524994",
        "cumulative": true
    },
    {
        "date": "2020-09-11T14:01:01Z",
        "value": "230867.56479740143",
        "cumulative": true
    },
    {
        "date": "2020-09-11T14:01:20Z",
        "value": "233372.0229253769",
        "cumulative": true
    },
    {
        "date": "2020-09-11T14:01:36Z",
        "value": "235540.61181354523",
        "cumulative": true
    },
    {
        "date": "2020-09-11T14:01:48Z",
        "value": "237156.3598794937",
        "cumulative": true
    },
    {
        "date": "2020-09-11T14:02:02Z",
        "value": "239053.26871967316",
        "cumulative": true
    },
    {
        "date": "2020-09-11T14:02:14Z",
        "value": "240561.65550899506",
        "cumulative": true
    },
    {
        "date": "2020-09-11T14:02:27Z",
        "value": "243775.3540763855",
        "cumulative": true
    },
    {
        "date": "2020-09-11T14:02:41Z",
        "value": "247826.74540519714",
        "cumulative": true
    },
    {
        "date": "2020-09-11T14:03:00Z",
        "value": "253302.52966880798",
        "cumulative": true
    },
    {
        "date": "2020-09-11T14:03:19Z",
        "value": "258866.58988761902",
        "cumulative": true
    },
    {
        "date": "2020-09-11T14:03:34Z",
        "value": "263006.2851371765",
        "cumulative": true
    },
    {
        "date": "2020-09-11T14:03:47Z",
        "value": "266870.02463531494",
        "cumulative": true
    },
    {
        "date": "2020-09-11T14:04:03Z",
        "value": "271830.36131477356",
        "cumulative": true
    },
    {
        "date": "2020-09-11T14:04:21Z",
        "value": "276938.50103378296",
        "cumulative": true
    },
    {
        "date": "2020-09-11T14:04:35Z",
        "value": "281142.5738620758",
        "cumulative": true
    },
    {
        "date": "2020-09-11T14:04:53Z",
        "value": "284570.8846101761",
        "cumulative": true
    },
    {
        "date": "2020-09-11T14:05:03Z",
        "value": "285989.1880044937",
        "cumulative": true
    },
    {
        "date": "2020-09-11T14:05:21Z",
        "value": "288352.2914381027",
        "cumulative": true
    },
    {
        "date": "2020-09-11T14:05:34Z",
        "value": "290219.92919254303",
        "cumulative": true
    },
    {
        "date": "2020-09-11T14:05:50Z",
        "value": "292332.3172311783",
        "cumulative": true
    },
    {
        "date": "2020-09-11T14:06:08Z",
        "value": "294659.75283527374",
        "cumulative": true
    },
    {
        "date": "2020-09-11T14:06:19Z",
        "value": "296347.2325258255",
        "cumulative": true
    },
    {
        "date": "2020-09-11T14:06:30Z",
        "value": "297670.9729795456",
        "cumulative": true
    },
    {
        "date": "2020-09-11T14:06:49Z",
        "value": "300362.1159143448",
        "cumulative": true
    },
    {
        "date": "2020-09-11T14:07:07Z",
        "value": "302684.5883626938",
        "cumulative": true
    },
    {
        "date": "2020-09-11T14:07:21Z",
        "value": "304912.61337661743",
        "cumulative": true
    },
    {
        "date": "2020-09-11T14:07:31Z",
        "value": "308111.0597743988",
        "cumulative": true
    },
    {
        "date": "2020-09-11T14:07:41Z",
        "value": "311179.861787796",
        "cumulative": true
    },
    {
        "date": "2020-09-11T14:07:56Z",
        "value": "315571.00843811035",
        "cumulative": true
    },
    {
        "date": "2020-09-11T14:08:13Z",
        "value": "320487.2247142792",
        "cumulative": true
    },
    {
        "date": "2020-09-11T14:08:30Z",
        "value": "325865.4250640869",
        "cumulative": true
    },
    {
        "date": "2020-09-11T14:08:50Z",
        "value": "332004.22250938416",
        "cumulative": true
    },
    {
        "date": "2020-09-11T14:09:04Z",
        "value": "335817.02888679504",
        "cumulative": true
    },
    {
        "date": "2020-09-11T14:09:19Z",
        "value": "340535.90340805054",
        "cumulative": true
    },
    {
        "date": "2020-09-11T14:09:39Z",
        "value": "346476.36467933655",
        "cumulative": true
    },
    {
        "date": "2020-09-11T14:09:52Z",
        "value": "350437.70700263977",
        "cumulative": true
    },
    {
        "date": "2020-09-11T14:10:09Z",
        "value": "355503.58808517456",
        "cumulative": true
    },
    {
        "date": "2020-09-11T14:10:21Z",
        "value": "358426.47581768036",
        "cumulative": true
    },
    {
        "date": "2020-09-11T14:10:31Z",
        "value": "359759.71078395844",
        "cumulative": true
    },
    {
        "date": "2020-09-11T14:10:48Z",
        "value": "361973.58580875397",
        "cumulative": true
    },
    {
        "date": "2020-09-11T14:11:05Z",
        "value": "364426.856379509",
        "cumulative": true
    },
    {
        "date": "2020-09-11T14:11:18Z",
        "value": "366218.59880161285",
        "cumulative": true
    },
    {
        "date": "2020-09-11T14:11:36Z",
        "value": "368819.67965602875",
        "cumulative": true
    },
    {
        "date": "2020-09-11T14:11:53Z",
        "value": "371121.8023118973",
        "cumulative": true
    },
    {
        "date": "2020-09-11T14:12:10Z",
        "value": "373603.9772348404",
        "cumulative": true
    },
    {
        "date": "2020-09-11T14:12:29Z",
        "value": "376034.4191083908",
        "cumulative": true
    },
    {
        "date": "2020-09-11T14:12:41Z",
        "value": "377878.8574037552",
        "cumulative": true
    },
    {
        "date": "2020-09-11T14:12:58Z",
        "value": "380142.2459383011",
        "cumulative": true
    },
    {
        "date": "2020-09-11T14:13:08Z",
        "value": "381604.64759349823",
        "cumulative": true
    },
    {
        "date": "2020-09-11T14:13:21Z",
        "value": "383209.3772497177",
        "cumulative": true
    },
    {
        "date": "2020-09-11T14:13:31Z",
        "value": "385621.9719734192",
        "cumulative": true
    },
    {
        "date": "2020-09-11T14:13:51Z",
        "value": "391231.7725658417",
        "cumulative": true
    },
    {
        "date": "2020-09-11T14:14:04Z",
        "value": "395327.86375808716",
        "cumulative": true
    },
    {
        "date": "2020-09-11T14:14:19Z",
        "value": "399849.03840637207",
        "cumulative": true
    },
    {
        "date": "2020-09-11T14:14:37Z",
        "value": "405683.4010772705",
        "cumulative": true
    },
    {
        "date": "2020-09-11T14:14:52Z",
        "value": "410412.03529548645",
        "cumulative": true
    },
    {
        "date": "2020-09-11T14:15:04Z",
        "value": "413912.3548049927",
        "cumulative": true
    },
    {
        "date": "2020-09-11T14:15:21Z",
        "value": "418652.54327583313",
        "cumulative": true
    },
    {
        "date": "2020-09-11T14:15:32Z",
        "value": "422657.16968917847",
        "cumulative": true
    },
    {
        "date": "2020-09-11T14:15:45Z",
        "value": "426521.1866950989",
        "cumulative": true
    },
    {
        "date": "2020-09-11T14:15:58Z",
        "value": "430754.3219089508",
        "cumulative": true
    },
    {
        "date": "2020-09-11T14:16:15Z",
        "value": "435809.11545944214",
        "cumulative": true
    },
    {
        "date": "2020-09-11T14:16:34Z",
        "value": "441528.53308677673",
        "cumulative": true
    },
    {
        "date": "2020-09-11T14:16:50Z",
        "value": "446238.888299942",
        "cumulative": true
    },
    {
        "date": "2020-09-11T14:17:09Z",
        "value": "451647.66286087036",
        "cumulative": true
    },
    {
        "date": "2020-09-11T14:17:27Z",
        "value": "454027.9433822632",
        "cumulative": true
    },
    {
        "date": "2020-09-11T14:17:40Z",
        "value": "456011.37067604065",
        "cumulative": true
    },
    {
        "date": "2020-09-11T14:17:58Z",
        "value": "458385.9884967804",
        "cumulative": true
    },
    {
        "date": "2020-09-11T14:18:11Z",
        "value": "460390.9342765808",
        "cumulative": true
    },
    {
        "date": "2020-09-11T14:18:27Z",
        "value": "462578.73585891724",
        "cumulative": true
    },
    {
        "date": "2020-09-11T14:18:47Z",
        "value": "465440.8642959595",
        "cumulative": true
    },
    {
        "date": "2020-09-11T14:19:00Z",
        "value": "467151.0085468292",
        "cumulative": true
    },
    {
        "date": "2020-09-11T14:19:18Z",
        "value": "469830.0695590973",
        "cumulative": true
    },
    {
        "date": "2020-09-11T14:19:31Z",
        "value": "471533.9636325836",
        "cumulative": true
    },
    {
        "date": "2020-09-11T14:19:49Z",
        "value": "474219.1112976074",
        "cumulative": true
    },
    {
        "date": "2020-09-11T14:20:02Z",
        "value": "475902.8417491913",
        "cumulative": true
    },
    {
        "date": "2020-09-11T14:20:17Z",
        "value": "478218.9486999512",
        "cumulative": true
    },
    {
        "date": "2020-09-11T14:20:29Z",
        "value": "479634.8043899536",
        "cumulative": true
    },
    {
        "date": "2020-09-11T14:20:40Z",
        "value": "481300.6282787323",
        "cumulative": true
    },
    {
        "date": "2020-09-11T14:20:50Z",
        "value": "482776.3566131592",
        "cumulative": true
    },
    {
        "date": "2020-09-11T14:21:07Z",
        "value": "485074.3356208801",
        "cumulative": true
    },
    {
        "date": "2020-09-11T14:21:19Z",
        "value": "485348.2704296112",
        "cumulative": true
    },
    {
        "date": "2020-09-11T14:21:38Z",
        "value": "485348.2704296112",
        "cumulative": true
    },
    {
        "date": "2020-09-11T14:22:07Z",
        "value": "485348.2704296112",
        "cumulative": true
    },
    {
        "date": "2020-09-11T14:22:18Z",
        "value": "485348.2704296112",
        "cumulative": true
    },
    {
        "date": "2020-09-11T14:22:33Z",
        "value": "485348.2704296112",
        "cumulative": true
    },
    {
        "date": "2020-09-11T14:22:47Z",
        "value": "485348.2704296112",
        "cumulative": true
    },
    {
        "date": "2020-09-11T14:23:10Z",
        "value": "485348.2704296112",
        "cumulative": true
    },
    {
        "date": "2020-09-11T14:23:30Z",
        "value": "485348.2704296112",
        "cumulative": true
    },
    {
        "date": "2020-09-11T14:23:54Z",
        "value": "485348.2704296112",
        "cumulative": true
    },
    {
        "date": "2020-09-11T14:24:07Z",
        "value": "485348.2704296112",
        "cumulative": true
    },
    {
        "date": "2020-09-11T14:24:25Z",
        "value": "485348.2704296112",
        "cumulative": true
    },
    {
        "date": "2020-09-11T14:24:40Z",
        "value": "485348.2704296112",
        "cumulative": true
    },
    {
        "date": "2020-09-11T14:24:59Z",
        "value": "485348.2704296112",
        "cumulative": true
    },
    {
        "date": "2020-09-11T14:25:16Z",
        "value": "485348.2704296112",
        "cumulative": true
    },
    {
        "date": "2020-09-11T14:25:33Z",
        "value": "485348.2704296112",
        "cumulative": true
    },
    {
        "date": "2020-09-11T14:25:52Z",
        "value": "485348.2704296112",
        "cumulative": true
    },
    {
        "date": "2020-09-11T14:26:08Z",
        "value": "485348.2704296112",
        "cumulative": true
    },
    {
        "date": "2020-09-11T14:26:22Z",
        "value": "485348.2704296112",
        "cumulative": true
    },
    {
        "date": "2020-09-11T14:26:50Z",
        "value": "485348.2704296112",
        "cumulative": true
    },
    {
        "date": "2020-09-11T14:27:09Z",
        "value": "485348.2704296112",
        "cumulative": true
    },
    {
        "date": "2020-09-11T14:27:34Z",
        "value": "485348.2704296112",
        "cumulative": true
    },
    {
        "date": "2020-09-11T14:27:44Z",
        "value": "485348.2704296112",
        "cumulative": true
    },
    {
        "date": "2020-09-11T14:28:08Z",
        "value": "485348.2704296112",
        "cumulative": true
    },
    {
        "date": "2020-09-11T14:28:23Z",
        "value": "485348.2704296112",
        "cumulative": true
    },
    {
        "date": "2020-09-11T14:28:47Z",
        "value": "485348.2704296112",
        "cumulative": true
    },
    {
        "date": "2020-09-11T14:28:58Z",
        "value": "485348.2704296112",
        "cumulative": true
    },
    {
        "date": "2020-09-11T14:29:27Z",
        "value": "485348.2704296112",
        "cumulative": true
    },
    {
        "date": "2020-09-11T14:29:45Z",
        "value": "485348.2704296112",
        "cumulative": true
    },
    {
        "date": "2020-09-11T14:30:00Z",
        "value": "485348.2704296112",
        "cumulative": true
    },
    {
        "date": "2020-09-11T14:30:13Z",
        "value": "485348.2704296112",
        "cumulative": true
    },
    {
        "date": "2020-09-11T14:30:39Z",
        "value": "485348.2704296112",
        "cumulative": true
    },
    {
        "date": "2020-09-11T14:30:55Z",
        "value": "485348.2704296112",
        "cumulative": true
    },
    {
        "date": "2020-09-11T14:31:25Z",
        "value": "485348.2704296112",
        "cumulative": true
    },
    {
        "date": "2020-09-11T14:31:45Z",
        "value": "485348.2704296112",
        "cumulative": true
    }
]