[
    {
        "date": "2020-09-11T13:42:12Z",
        "value": "0.0009593963623046875",
        "cumulative": true
    },
    {
        "date": "2020-09-11T13:42:38Z",
        "value": "435.105167388916",
        "cumulative": true
    },
    {
        "date": "2020-09-11T13:42:50Z",
        "value": "2211.6677293777466",
        "cumulative": true
    },
    {
        "date": "2020-09-11T13:43:06Z",
        "value": "5455.0780601501465",
        "cumulative": true
    },
    {
        "date": "2020-09-11T13:43:16Z",
        "value": "7243.0956172943115",
        "cumulative": true
    },
    {
        "date": "2020-09-11T13:43:34Z",
        "value": "10654.291116714478",
        "cumulative": true
    },
    {
        "date": "2020-09-11T13:43:51Z",
        "value": "13942.179892539978",
        "cumulative": true
    },
    {
        "date": "2020-09-11T13:44:03Z",
        "value": "16509.0469789505",
        "cumulative": true
    },
    {
        "date": "2020-09-11T13:44:13Z",
        "value": "18284.930106163025",
        "cumulative": true
    },
    {
        "date": "2020-09-11T13:44:26Z",
        "value": "21348.74542236328",
        "cumulative": true
    },
    {
        "date": "2020-09-11T13:44:42Z",
        "value": "24261.57532787323",
        "cumulative": true
    },
    {
        "date": "2020-09-11T13:45:01Z",
        "value": "28564.29175376892",
        "cumulative": true
    },
    {
        "date": "2020-09-11T13:45:19Z",
        "value": "32458.455499649048",
        "cumulative": true
    },
    {
        "date": "2020-09-11T13:45:33Z",
        "value": "35697.89032459259",
        "cumulative": true
    },
    {
        "date": "2020-09-11T13:45:51Z",
        "value": "39279.86057949066",
        "cumulative": true
    },
    {
        "date": "2020-09-11T13:46:10Z",
        "value": "44242.288217544556",
        "cumulative": true
    },
    {
        "date": "2020-09-11T13:46:23Z",
        "value": "46136.688663482666",
        "cumulative": true
    },
    {
        "date": "2020-09-11T13:46:38Z",
        "value": "48669.08615207672",
        "cumulative": true
    },
    {
        "date": "2020-09-11T13:46:51Z",
        "value": "52050.44686794281",
        "cumulative": true
    },
    {
        "date": "2020-09-11T13:47:02Z",
        "value": "55070.21409511566",
        "cumulative": true
    },
    {
        "date": "2020-09-11T13:47:18Z",
        "value": "57525.075907707214",
        "cumulative": true
    },
    {
        "date": "2020-09-11T13:47:31Z",
        "value": "59278.933732032776",
        "cumulative": true
    },
    {
        "date": "2020-09-11T13:47:43Z",
        "value": "62028.060088157654",
        "cumulative": true
    },
    {
        "date": "2020-09-11T13:47:58Z",
        "value": "66343.87938213348",
        "cumulative": true
    },
    {
        "date": "2020-09-11T13:48:15Z",
        "value": "70644.91952323914",
        "cumulative": true
    },
    {
        "date": "2020-09-11T13:48:27Z",
        "value": "72167.34443473816",
        "cumulative": true
    },
    {
        "date": "2020-09-11T13:48:43Z",
        "value": "74375.06738090515",
        "cumulative": true
    },
    {
        "date": "2020-09-11T13:49:02Z",
        "value": "78894.26033210754",
        "cumulative": true
    },
    {
        "date": "2020-09-11T13:49:16Z",
        "value": "82520.13306999207",
        "cumulative": true
    },
    {
        "date": "2020-09-11T13:49:30Z",
        "value": "86071.35431480408",
        "cumulative": true
    },
    {
        "date": "2020-09-11T13:49:41Z",
        "value": "88832.91689109802",
        "cumulative": true
    },
    {
        "date": "2020-09-11T13:49:59Z",
        "value": "91209.28737449646",
        "cumulative": true
    },
    {
        "date": "2020-09-11T13:50:15Z",
        "value": "93150.04411697388",
        "cumulative": true
    },
    {
        "date": "2020-09-11T13:50:34Z",
        "value": "96170.87754821777",
        "cumulative": true
    },
    {
        "date": "2020-09-11T13:50:47Z",
        "value": "100319.58722114563",
        "cumulative": true
    },
    {
        "date": "2020-09-11T13:51:01Z",
        "value": "104329.56919670105",
        "cumulative": true
    },
    {
        "date": "2020-09-11T13:51:14Z",
        "value": "108159.31766319275",
        "cumulative": true
    },
    {
        "date": "2020-09-11T13:51:27Z",
        "value": "112051.21505069733",
        "cumulative": true
    },
    {
        "date": "2020-09-11T13:51:39Z",
        "value": "113716.5725107193",
        "cumulative": true
    },
    {
        "date": "2020-09-11T13:51:58Z",
        "value": "116159.14172649384",
        "cumulative": true
    },
    {
        "date": "2020-09-11T13:52:09Z",
        "value": "117630.83501148224",
        "cumulative": true
    },
    {
        "date": "2020-09-11T13:52:28Z",
        "value": "120129.04090881348",
        "cumulative": true
    },
    {
        "date": "2020-09-11T13:52:44Z",
        "value": "124754.7720451355",
        "cumulative": true
    },
    {
        "date": "2020-09-11T13:53:00Z",
        "value": "129589.25736236572",
        "cumulative": true
    },
    {
        "date": "2020-09-11T13:53:15Z",
        "value": "133747.1014728546",
        "cumulative": true
    },
    {
        "date": "2020-09-11T13:53:28Z",
        "value": "137793.58844184875",
        "cumulative": true
    },
    {
        "date": "2020-09-11T13:53:39Z",
        "value": "140943.00824165344",
        "cumulative": true
    },
    {
        "date": "2020-09-11T13:53:53Z",
        "value": "142944.04151916504",
        "cumulative": true
    },
    {
        "date": "2020-09-11T13:54:03Z",
        "value": "144315.03898620605",
        "cumulative": true
    },
    {
        "date": "2020-09-11T13:54:16Z",
        "value": "145962.07677841187",
        "cumulative": true
    },
    {
        "date": "2020-09-11T13:54:29Z",
        "value": "147581.92491340637",
        "cumulative": true
    },
    {
        "date": "2020-09-11T13:54:40Z",
        "value": "149054.65608787537",
        "cumulative": true
    },
    {
        "date": "2020-09-11T13:54:53Z",
        "value": "150872.44653320312",
        "cumulative": true
    },
    {
        "date": "2020-09-11T13:55:10Z",
        "value": "154489.3550338745",
        "cumulative": true
    },
    {
        "date": "2020-09-11T13:55:27Z",
        "value": "159340.65078735352",
        "cumulative": true
    },
    {
        "date": "2020-09-11T13:55:43Z",
        "value": "163779.23287582397",
        "cumulative": true
    },
    {
        "date": "2020-09-11T13:56:00Z",
        "value": "168666.90956115723",
        "cumulative": true
    },
    {
        "date": "2020-09-11T13:56:12Z",
        "value": "171807.8490486145",
        "cumulative": true
    },
    {
        "date": "2020-09-11T13:56:24Z",
        "value": "175303.29082489014",
        "cumulative": true
    },
    {
        "date": "2020-09-11T13:56:36Z",
        "value": "178200.65586662292",
        "cumulative": true
    },
    {
        "date": "2020-09-11T13:56:50Z",
        "value": "180078.99633693695",
        "cumulative": true
    },
    {
        "date": "2020-09-11T13:57:07Z",
        "value": "182337.6479654312",
        "cumulative": true
    },
    {
        "date": "2020-09-11T13:57:21Z",
        "value": "184100.00368213654",
        "cumulative": true
    },
    {
        "date": "2020-09-11T13:57:35Z",
        "value": "185929.38601398468",
        "cumulative": true
    },
    {
        "date": "2020-09-11T13:57:46Z",
        "value": "187341.07708072662",
        "cumulative": true
    },
    {
        "date": "2020-09-11T13:57:56Z",
        "value": "188719.75567150116",
        "cumulative": true
    },
    {
        "date": "2020-09-11T13:58:15Z",
        "value": "191189.76821613312",
        "cumulative": true
    },
    {
        "date": "2020-09-11T13:58:34Z",
        "value": "196104.7492351532",
        "cumulative": true
    },
    {
        "date": "2020-09-11T13:58:49Z",
        "value": "200375.51810455322",
        "cumulative": true
    },
    {
        "date": "2020-09-11T13:59:06Z",
        "value": "205229.20886993408",
        "cumulative": true
    },
    {
        "date": "2020-09-11T13:59:24Z",
        "value": "210257.42306137085",
        "cumulative": true
    },
    {
        "date": "2020-09-11T13:59:41Z",
        "value": "215470.52434539795",
        "cumulative": true
    },
    {
        "date": "2020-09-11T14:00:00Z",
        "value": "221251.00873947144",
        "cumulative": true
    },
    {
        "date": "2020-09-11T14:00:15Z",
        "value": "225128.6884803772",
        "cumulative": true
    },
    {
        "date": "2020-09-11T14:00:35Z",
        "value": "227807.8822517395",
        "cumulative": true
    },
    {
        "date": "2020-09-11T14:00:51Z",
        "value": "229984.05052757263",
        "cumulative": true
    },
    {
        "date": "2020-09-11T14:01:09Z",
        "value": "232404.23269462585",
        "cumulative": true
    },
    {
        "date": "2020-09-11T14:01:24Z",
        "value": "234528.37933158875",
        "cumulative": true
    },
    {
        "date": "2020-09-11T14:01:36Z",
        "value": "236198.55696105957",
        "cumulative": true
    },
    {
        "date": "2020-09-11T14:01:53Z",
        "value": "238411.20705223083",
        "cumulative": true
    },
    {
        "date": "2020-09-11T14:02:06Z",
        "value": "240062.1669330597",
        "cumulative": true
    },
    {
        "date": "2020-09-11T14:02:21Z",
        "value": "242569.25673866272",
        "cumulative": true
    },
    {
        "date": "2020-09-11T14:02:31Z",
        "value": "245724.52367782593",
        "cumulative": true
    },
    {
        "date": "2020-09-11T14:02:48Z",
        "value": "250244.25907707214",
        "cumulative": true
    },
    {
        "date": "2020-09-11T14:02:59Z",
        "value": "253567.96353530884",
        "cumulative": true
    },
    {
        "date": "2020-09-11T14:03:15Z",
        "value": "258211.35746765137",
        "cumulative": true
    },
    {
        "date": "2020-09-11T14:03:27Z",
        "value": "261745.6813697815",
        "cumulative": true
    },
    {
        "date": "2020-09-11T14:03:37Z",
        "value": "264880.1108798981",
        "cumulative": true
    },
    {
        "date": "2020-09-11T14:03:57Z",
        "value": "270686.5891075134",
        "cumulative": true
    },
    {
        "date": "2020-09-11T14:04:08Z",
        "value": "273861.0663051605",
        "cumulative": true
    },
    {
        "date": "2020-09-11T14:04:22Z",
        "value": "278090.7604522705",
        "cumulative": true
    },
    {
        "date": "2020-09-11T14:04:33Z",
        "value": "281236.0038433075",
        "cumulative": true
    },
    {
        "date": "2020-09-11T14:04:44Z",
        "value": "284232.1645822525",
        "cumulative": true
    },
    {
        "date": "2020-09-11T14:05:00Z",
        "value": "286342.2160024643",
        "cumulative": true
    },
    {
        "date": "2020-09-11T14:05:11Z",
        "value": "287821.9929628372",
        "cumulative": true
    },
    {
        "date": "2020-09-11T14:05:29Z",
        "value": "290357.3560266495",
        "cumulative": true
    },
    {
        "date": "2020-09-11T14:05:44Z",
        "value": "292265.70199108124",
        "cumulative": true
    },
    {
        "date": "2020-09-11T14:05:58Z",
        "value": "294102.413769722",
        "cumulative": true
    },
    {
        "date": "2020-09-11T14:06:14Z",
        "value": "296348.0551099777",
        "cumulative": true
    },
    {
        "date": "2020-09-11T14:06:27Z",
        "value": "298164.7941637039",
        "cumulative": true
    },
    {
        "date": "2020-09-11T14:06:41Z",
        "value": "300079.1102323532",
        "cumulative": true
    },
    {
        "date": "2020-09-11T14:06:59Z",
        "value": "302401.43005657196",
        "cumulative": true
    },
    {
        "date": "2020-09-11T14:07:17Z",
        "value": "304724.34707164764",
        "cumulative": true
    },
    {
        "date": "2020-09-11T14:07:36Z",
        "value": "310208.7508029938",
        "cumulative": true
    },
    {
        "date": "2020-09-11T14:07:53Z",
        "value": "315414.4254589081",
        "cumulative": true
    },
    {
        "date": "2020-09-11T14:08:10Z",
        "value": "320466.57712364197",
        "cumulative": true
    },
    {
        "date": "2020-09-11T14:08:22Z",
        "value": "324325.47791290283",
        "cumulative": true
    },
    {
        "date": "2020-09-11T14:08:38Z",
        "value": "329128.79144477844",
        "cumulative": true
    },
    {
        "date": "2020-09-11T14:08:49Z",
        "value": "332334.5660057068",
        "cumulative": true
    },
    {
        "date": "2020-09-11T14:09:04Z",
        "value": "336864.49526023865",
        "cumulative": true
    },
    {
        "date": "2020-09-11T14:09:18Z",
        "value": "340869.8125934601",
        "cumulative": true
    },
    {
        "date": "2020-09-11T14:09:30Z",
        "value": "344608.4035053253",
        "cumulative": true
    },
    {
        "date": "2020-09-11T14:09:46Z",
        "value": "349517.5481109619",
        "cumulative": true
    },
    {
        "date": "2020-09-11T14:09:59Z",
        "value": "353494.23230171204",
        "cumulative": true
    },
    {
        "date": "2020-09-11T14:10:19Z",
        "value": "359013.42749881744",
        "cumulative": true
    },
    {
        "date": "2020-09-11T14:10:37Z",
        "value": "361446.83130931854",
        "cumulative": true
    },
    {
        "date": "2020-09-11T14:10:51Z",
        "value": "363406.7670354843",
        "cumulative": true
    },
    {
        "date": "2020-09-11T14:11:07Z",
        "value": "365612.57469272614",
        "cumulative": true
    },
    {
        "date": "2020-09-11T14:11:20Z",
        "value": "367426.86538791656",
        "cumulative": true
    },
    {
        "date": "2020-09-11T14:11:36Z",
        "value": "369725.3075246811",
        "cumulative": true
    },
    {
        "date": "2020-09-11T14:11:56Z",
        "value": "372402.7768201828",
        "cumulative": true
    },
    {
        "date": "2020-09-11T14:12:08Z",
        "value": "374272.34404468536",
        "cumulative": true
    },
    {
        "date": "2020-09-11T14:12:25Z",
        "value": "376408.1696023941",
        "cumulative": true
    },
    {
        "date": "2020-09-11T14:12:35Z",
        "value": "377751.6713895798",
        "cumulative": true
    },
    {
        "date": "2020-09-11T14:12:52Z",
        "value": "380273.340754509",
        "cumulative": true
    },
    {
        "date": "2020-09-11T14:13:04Z",
        "value": "381803.3199644089",
        "cumulative": true
    },
    {
        "date": "2020-09-11T14:13:22Z",
        "value": "384400.0013246536",
        "cumulative": true
    },
    {
        "date": "2020-09-11T14:13:39Z",
        "value": "388624.2097053528",
        "cumulative": true
    },
    {
        "date": "2020-09-11T14:13:55Z",
        "value": "393280.00433158875",
        "cumulative": true
    },
    {
        "date": "2020-09-11T14:14:13Z",
        "value": "399269.78197288513",
        "cumulative": true
    },
    {
        "date": "2020-09-11T14:14:24Z",
        "value": "402649.2217502594",
        "cumulative": true
    },
    {
        "date": "2020-09-11T14:14:35Z",
        "value": "405927.4479560852",
        "cumulative": true
    },
    {
        "date": "2020-09-11T14:14:46Z",
        "value": "409403.7240219116",
        "cumulative": true
    },
    {
        "date": "2020-09-11T14:14:58Z",
        "value": "412763.8072719574",
        "cumulative": true
    },
    {
        "date": "2020-09-11T14:15:16Z",
        "value": "418144.1800708771",
        "cumulative": true
    },
    {
        "date": "2020-09-11T14:15:30Z",
        "value": "422646.2247161865",
        "cumulative": true
    },
    {
        "date": "2020-09-11T14:15:49Z",
        "value": "428647.76420402527",
        "cumulative": true
    },
    {
        "date": "2020-09-11T14:16:03Z",
        "value": "432913.8246078491",
        "cumulative": true
    },
    {
        "date": "2020-09-11T14:16:22Z",
        "value": "438879.8330192566",
        "cumulative": true
    },
    {
        "date": "2020-09-11T14:16:33Z",
        "value": "442223.1425037384",
        "cumulative": true
    },
    {
        "date": "2020-09-11T14:16:49Z",
        "value": "446677.3920402527",
        "cumulative": true
    },
    {
        "date": "2020-09-11T14:17:07Z",
        "value": "452385.5032939911",
        "cumulative": true
    },
    {
        "date": "2020-09-11T14:17:21Z",
        "value": "454070.9202594757",
        "cumulative": true
    },
    {
        "date": "2020-09-11T14:17:40Z",
        "value": "456756.4063358307",
        "cumulative": true
    },
    {
        "date": "2020-09-11T14:17:58Z",
        "value": "459346.4397315979",
        "cumulative": true
    },
    {
        "date": "2020-09-11T14:18:13Z",
        "value": "461469.79594421387",
        "cumulative": true
    },
    {
        "date": "2020-09-11T14:18:30Z",
        "value": "463822.49850845337",
        "cumulative": true
    },
    {
        "date": "2020-09-11T14:18:40Z",
        "value": "465168.20892715454",
        "cumulative": true
    },
    {
        "date": "2020-09-11T14:18:52Z",
        "value": "466851.00926971436",
        "cumulative": true
    },
    {
        "date": "2020-09-11T14:19:11Z",
        "value": "469537.8359889984",
        "cumulative": true
    },
    {
        "date": "2020-09-11T14:19:23Z",
        "value": "471219.21624565125",
        "cumulative": true
    },
    {
        "date": "2020-09-11T14:19:39Z",
        "value": "473571.955368042",
        "cumulative": true
    },
    {
        "date": "2020-09-11T14:19:56Z",
        "value": "475920.0924568176",
        "cumulative": true
    },
    {
        "date": "2020-09-11T14:20:06Z",
        "value": "477269.6505203247",
        "cumulative": true
    },
    {
        "date": "2020-09-11T14:20:19Z",
        "value": "478950.6686630249",
        "cumulative": true
    },
    {
        "date": "2020-09-11T14:20:35Z",
        "value": "481303.9571304321",
        "cumulative": true
    },
    {
        "date": "2020-09-11T14:20:49Z",
        "value": "483322.6658382416",
        "cumulative": true
    },
    {
        "date": "2020-09-11T14:20:59Z",
        "value": "484667.78218460083",
        "cumulative": true
    },
    {
        "date": "2020-09-11T14:21:12Z",
        "value": "486009.55281448364",
        "cumulative": true
    },
    {
        "date": "2020-09-11T14:21:29Z",
        "value": "486009.5543422699",
        "cumulative": true
    },
    {
        "date": "2020-09-11T14:21:46Z",
        "value": "486009.5543422699",
        "cumulative": true
    },
    {
        "date": "2020-09-11T14:22:08Z",
        "value": "486009.5543422699",
        "cumulative": true
    },
    {
        "date": "2020-09-11T14:22:26Z",
        "value": "486009.5543422699",
        "cumulative": true
    },
    {
        "date": "2020-09-11T14:22:48Z",
        "value": "486009.5543422699",
        "cumulative": true
    },
    {
        "date": "2020-09-11T14:23:00Z",
        "value": "486009.5543422699",
        "cumulative": true
    },
    {
        "date": "2020-09-11T14:23:22Z",
        "value": "486009.5543422699",
        "cumulative": true
    },
    {
        "date": "2020-09-11T14:23:36Z",
        "value": "486009.5543422699",
        "cumulative": true
    },
    {
        "date": "2020-09-11T14:23:54Z",
        "value": "486009.5543422699",
        "cumulative": true
    },
    {
        "date": "2020-09-11T14:24:12Z",
        "value": "486009.5543422699",
        "cumulative": true
    },
    {
        "date": "2020-09-11T14:24:41Z",
        "value": "486009.5543422699",
        "cumulative": true
    },
    {
        "date": "2020-09-11T14:24:57Z",
        "value": "486009.5543422699",
        "cumulative": true
    },
    {
        "date": "2020-09-11T14:25:15Z",
        "value": "486009.5543422699",
        "cumulative": true
    },
    {
        "date": "2020-09-11T14:25:29Z",
        "value": "486009.5543422699",
        "cumulative": true
    },
    {
        "date": "2020-09-11T14:25:56Z",
        "value": "486009.5543422699",
        "cumulative": true
    },
    {
        "date": "2020-09-11T14:26:16Z",
        "value": "486009.5543422699",
        "cumulative": true
    },
    {
        "date": "2020-09-11T14:26:33Z",
        "value": "486009.5543422699",
        "cumulative": true
    },
    {
        "date": "2020-09-11T14:26:52Z",
        "value": "486009.5543422699",
        "cumulative": true
    },
    {
        "date": "2020-09-11T14:27:09Z",
        "value": "486009.5543422699",
        "cumulative": true
    },
    {
        "date": "2020-09-11T14:27:25Z",
        "value": "486009.5543422699",
        "cumulative": true
    },
    {
        "date": "2020-09-11T14:27:41Z",
        "value": "486009.5543422699",
        "cumulative": true
    },
    {
        "date": "2020-09-11T14:27:56Z",
        "value": "486009.5543422699",
        "cumulative": true
    },
    {
        "date": "2020-09-11T14:28:18Z",
        "value": "486009.5543422699",
        "cumulative": true
    },
    {
        "date": "2020-09-11T14:28:32Z",
        "value": "486009.5543422699",
        "cumulative": true
    },
    {
        "date": "2020-09-11T14:29:00Z",
        "value": "486009.5543422699",
        "cumulative": true
    },
    {
        "date": "2020-09-11T14:29:16Z",
        "value": "486009.5543422699",
        "cumulative": true
    },
    {
        "date": "2020-09-11T14:29:42Z",
        "value": "486009.5543422699",
        "cumulative": true
    },
    {
        "date": "2020-09-11T14:30:01Z",
        "value": "486009.5543422699",
        "cumulative": true
    },
    {
        "date": "2020-09-11T14:30:31Z",
        "value": "486009.5543422699",
        "cumulative": true
    },
    {
        "date": "2020-09-11T14:30:47Z",
        "value": "486009.5543422699",
        "cumulative": true
    },
    {
        "date": "2020-09-11T14:31:02Z",
        "value": "486009.5543422699",
        "cumulative": true
    },
    {
        "date": "2020-09-11T14:31:14Z",
        "value": "486009.5543422699",
        "cumulative": true
    },
    {
        "date": "2020-09-11T14:31:32Z",
        "value": "486009.5543422699",
        "cumulative": true
    },
    {
        "date": "2020-09-11T14:31:49Z",
        "value": "486009.5543422699",
        "cumulative": true
    }
]