[
    {
        "date": "2020-09-11T13:42:04Z",
        "value": "3.4140625",
        "cumulative": false
    },
    {
        "date": "2020-09-11T13:42:18Z",
        "value": "892.6015625",
        "cumulative": false
    },
    {
        "date": "2020-09-11T13:42:32Z",
        "value": "1235.30859375",
        "cumulative": false
    },
    {
        "date": "2020-09-11T13:42:45Z",
        "value": "1236.61328125",
        "cumulative": false
    },
    {
        "date": "2020-09-11T13:43:00Z",
        "value": "1240.80078125",
        "cumulative": false
    },
    {
        "date": "2020-09-11T13:43:17Z",
        "value": "1243.90234375",
        "cumulative": false
    },
    {
        "date": "2020-09-11T13:43:36Z",
        "value": "1249.0703125",
        "cumulative": false
    },
    {
        "date": "2020-09-11T13:43:54Z",
        "value": "1258.4453125",
        "cumulative": false
    },
    {
        "date": "2020-09-11T13:44:05Z",
        "value": "1261.5703125",
        "cumulative": false
    },
    {
        "date": "2020-09-11T13:44:24Z",
        "value": "1265.32421875",
        "cumulative": false
    },
    {
        "date": "2020-09-11T13:44:35Z",
        "value": "1265.28515625",
        "cumulative": false
    },
    {
        "date": "2020-09-11T13:44:49Z",
        "value": "1270.16015625",
        "cumulative": false
    },
    {
        "date": "2020-09-11T13:45:01Z",
        "value": "1281.8203125",
        "cumulative": false
    },
    {
        "date": "2020-09-11T13:45:14Z",
        "value": "1281.8203125",
        "cumulative": false
    },
    {
        "date": "2020-09-11T13:45:33Z",
        "value": "1290.99609375",
        "cumulative": false
    },
    {
        "date": "2020-09-11T13:45:44Z",
        "value": "1290.99609375",
        "cumulative": false
    },
    {
        "date": "2020-09-11T13:46:03Z",
        "value": "1290.9453125",
        "cumulative": false
    },
    {
        "date": "2020-09-11T13:46:22Z",
        "value": "1265.41015625",
        "cumulative": false
    },
    {
        "date": "2020-09-11T13:46:36Z",
        "value": "1312.33203125",
        "cumulative": false
    },
    {
        "date": "2020-09-11T13:46:50Z",
        "value": "1265.5",
        "cumulative": false
    },
    {
        "date": "2020-09-11T13:47:09Z",
        "value": "1270.359375",
        "cumulative": false
    },
    {
        "date": "2020-09-11T13:47:24Z",
        "value": "1317.16796875",
        "cumulative": false
    },
    {
        "date": "2020-09-11T13:47:38Z",
        "value": "1270.28515625",
        "cumulative": false
    },
    {
        "date": "2020-09-11T13:47:58Z",
        "value": "1270.39453125",
        "cumulative": false
    },
    {
        "date": "2020-09-11T13:48:11Z",
        "value": "1304.96875",
        "cumulative": false
    },
    {
        "date": "2020-09-11T13:48:31Z",
        "value": "1332.8359375",
        "cumulative": false
    },
    {
        "date": "2020-09-11T13:48:43Z",
        "value": "1335.7109375",
        "cumulative": false
    },
    {
        "date": "2020-09-11T13:48:57Z",
        "value": "1288.34765625",
        "cumulative": false
    },
    {
        "date": "2020-09-11T13:49:12Z",
        "value": "1351.27734375",
        "cumulative": false
    },
    {
        "date": "2020-09-11T13:49:32Z",
        "value": "1276.46484375",
        "cumulative": false
    },
    {
        "date": "2020-09-11T13:49:44Z",
        "value": "1276.50390625",
        "cumulative": false
    },
    {
        "date": "2020-09-11T13:50:02Z",
        "value": "1315.28125",
        "cumulative": false
    },
    {
        "date": "2020-09-11T13:50:22Z",
        "value": "1286.19921875",
        "cumulative": false
    },
    {
        "date": "2020-09-11T13:50:38Z",
        "value": "1276.515625",
        "cumulative": false
    },
    {
        "date": "2020-09-11T13:50:49Z",
        "value": "1280.41015625",
        "cumulative": false
    },
    {
        "date": "2020-09-11T13:51:05Z",
        "value": "1365.078125",
        "cumulative": false
    },
    {
        "date": "2020-09-11T13:51:21Z",
        "value": "1370.87109375",
        "cumulative": false
    },
    {
        "date": "2020-09-11T13:51:37Z",
        "value": "1351.3203125",
        "cumulative": false
    },
    {
        "date": "2020-09-11T13:51:54Z",
        "value": "1276.5234375",
        "cumulative": false
    },
    {
        "date": "2020-09-11T13:52:08Z",
        "value": "1276.46875",
        "cumulative": false
    },
    {
        "date": "2020-09-11T13:52:22Z",
        "value": "1375.05859375",
        "cumulative": false
    },
    {
        "date": "2020-09-11T13:52:35Z",
        "value": "1276.48046875",
        "cumulative": false
    },
    {
        "date": "2020-09-11T13:52:49Z",
        "value": "1290.4296875",
        "cumulative": false
    },
    {
        "date": "2020-09-11T13:53:03Z",
        "value": "1289.1328125",
        "cumulative": false
    },
    {
        "date": "2020-09-11T13:53:18Z",
        "value": "1300.2109375",
        "cumulative": false
    },
    {
        "date": "2020-09-11T13:53:35Z",
        "value": "1276.55859375",
        "cumulative": false
    },
    {
        "date": "2020-09-11T13:53:52Z",
        "value": "1276.453125",
        "cumulative": false
    },
    {
        "date": "2020-09-11T13:54:08Z",
        "value": "1413.83203125",
        "cumulative": false
    },
    {
        "date": "2020-09-11T13:54:22Z",
        "value": "1276.52734375",
        "cumulative": false
    },
    {
        "date": "2020-09-11T13:54:35Z",
        "value": "1375.9765625",
        "cumulative": false
    },
    {
        "date": "2020-09-11T13:54:53Z",
        "value": "1276.4453125",
        "cumulative": false
    },
    {
        "date": "2020-09-11T13:55:12Z",
        "value": "1282.00390625",
        "cumulative": false
    },
    {
        "date": "2020-09-11T13:55:23Z",
        "value": "1276.47265625",
        "cumulative": false
    },
    {
        "date": "2020-09-11T13:55:38Z",
        "value": "1276.50390625",
        "cumulative": false
    },
    {
        "date": "2020-09-11T13:55:57Z",
        "value": "1276.50390625",
        "cumulative": false
    },
    {
        "date": "2020-09-11T13:56:12Z",
        "value": "1276.50390625",
        "cumulative": false
    },
    {
        "date": "2020-09-11T13:56:29Z",
        "value": "1282.47265625",
        "cumulative": false
    },
    {
        "date": "2020-09-11T13:56:41Z",
        "value": "1276.53515625",
        "cumulative": false
    },
    {
        "date": "2020-09-11T13:56:53Z",
        "value": "1276.47265625",
        "cumulative": false
    },
    {
        "date": "2020-09-11T13:57:09Z",
        "value": "1363.45703125",
        "cumulative": false
    },
    {
        "date": "2020-09-11T13:57:28Z",
        "value": "1276.50390625",
        "cumulative": false
    },
    {
        "date": "2020-09-11T13:57:40Z",
        "value": "1298.17578125",
        "cumulative": false
    },
    {
        "date": "2020-09-11T13:57:56Z",
        "value": "1357.05078125",
        "cumulative": false
    },
    {
        "date": "2020-09-11T13:58:08Z",
        "value": "1276.48828125",
        "cumulative": false
    },
    {
        "date": "2020-09-11T13:58:25Z",
        "value": "1276.4921875",
        "cumulative": false
    },
    {
        "date": "2020-09-11T13:58:40Z",
        "value": "1408.2421875",
        "cumulative": false
    },
    {
        "date": "2020-09-11T13:58:58Z",
        "value": "1276.53125",
        "cumulative": false
    },
    {
        "date": "2020-09-11T13:59:17Z",
        "value": "1276.46875",
        "cumulative": false
    },
    {
        "date": "2020-09-11T13:59:37Z",
        "value": "1446.38671875",
        "cumulative": false
    },
    {
        "date": "2020-09-11T13:59:53Z",
        "value": "1346.36328125",
        "cumulative": false
    },
    {
        "date": "2020-09-11T14:00:06Z",
        "value": "1276.4921875",
        "cumulative": false
    },
    {
        "date": "2020-09-11T14:00:22Z",
        "value": "1276.46875",
        "cumulative": false
    },
    {
        "date": "2020-09-11T14:00:37Z",
        "value": "1276.48046875",
        "cumulative": false
    },
    {
        "date": "2020-09-11T14:00:50Z",
        "value": "1276.55859375",
        "cumulative": false
    },
    {
        "date": "2020-09-11T14:01:04Z",
        "value": "1364.65234375",
        "cumulative": false
    },
    {
        "date": "2020-09-11T14:01:17Z",
        "value": "1276.49609375",
        "cumulative": false
    },
    {
        "date": "2020-09-11T14:01:29Z",
        "value": "1276.55859375",
        "cumulative": false
    },
    {
        "date": "2020-09-11T14:01:49Z",
        "value": "1276.55859375",
        "cumulative": false
    },
    {
        "date": "2020-09-11T14:02:05Z",
        "value": "1446.80859375",
        "cumulative": false
    },
    {
        "date": "2020-09-11T14:02:19Z",
        "value": "1436.859375",
        "cumulative": false
    },
    {
        "date": "2020-09-11T14:02:34Z",
        "value": "1276.48046875",
        "cumulative": false
    },
    {
        "date": "2020-09-11T14:02:50Z",
        "value": "1355.11328125",
        "cumulative": false
    },
    {
        "date": "2020-09-11T14:03:00Z",
        "value": "1276.51953125",
        "cumulative": false
    },
    {
        "date": "2020-09-11T14:03:12Z",
        "value": "1276.55078125",
        "cumulative": false
    },
    {
        "date": "2020-09-11T14:03:24Z",
        "value": "1276.45703125",
        "cumulative": false
    },
    {
        "date": "2020-09-11T14:03:42Z",
        "value": "1363.69140625",
        "cumulative": false
    },
    {
        "date": "2020-09-11T14:04:00Z",
        "value": "1276.5390625",
        "cumulative": false
    },
    {
        "date": "2020-09-11T14:04:12Z",
        "value": "1395.9453125",
        "cumulative": false
    },
    {
        "date": "2020-09-11T14:04:27Z",
        "value": "1484.203125",
        "cumulative": false
    },
    {
        "date": "2020-09-11T14:04:38Z",
        "value": "1276.484375",
        "cumulative": false
    },
    {
        "date": "2020-09-11T14:04:55Z",
        "value": "1341.921875",
        "cumulative": false
    },
    {
        "date": "2020-09-11T14:05:06Z",
        "value": "1489.03515625",
        "cumulative": false
    },
    {
        "date": "2020-09-11T14:05:18Z",
        "value": "1276.50390625",
        "cumulative": false
    },
    {
        "date": "2020-09-11T14:05:34Z",
        "value": "1276.55859375",
        "cumulative": false
    },
    {
        "date": "2020-09-11T14:05:47Z",
        "value": "1276.52734375",
        "cumulative": false
    },
    {
        "date": "2020-09-11T14:06:01Z",
        "value": "1574.7265625",
        "cumulative": false
    },
    {
        "date": "2020-09-11T14:06:20Z",
        "value": "1396.35546875",
        "cumulative": false
    },
    {
        "date": "2020-09-11T14:06:38Z",
        "value": "1276.5078125",
        "cumulative": false
    },
    {
        "date": "2020-09-11T14:06:52Z",
        "value": "1292.45703125",
        "cumulative": false
    },
    {
        "date": "2020-09-11T14:07:03Z",
        "value": "1296.3203125",
        "cumulative": false
    },
    {
        "date": "2020-09-11T14:07:19Z",
        "value": "1276.5234375",
        "cumulative": false
    },
    {
        "date": "2020-09-11T14:07:34Z",
        "value": "1276.4609375",
        "cumulative": false
    },
    {
        "date": "2020-09-11T14:07:45Z",
        "value": "1276.5",
        "cumulative": false
    },
    {
        "date": "2020-09-11T14:08:04Z",
        "value": "1276.484375",
        "cumulative": false
    },
    {
        "date": "2020-09-11T14:08:15Z",
        "value": "1276.5",
        "cumulative": false
    },
    {
        "date": "2020-09-11T14:08:26Z",
        "value": "1276.515625",
        "cumulative": false
    },
    {
        "date": "2020-09-11T14:08:40Z",
        "value": "1276.578125",
        "cumulative": false
    },
    {
        "date": "2020-09-11T14:08:56Z",
        "value": "1276.5625",
        "cumulative": false
    },
    {
        "date": "2020-09-11T14:09:07Z",
        "value": "1276.578125",
        "cumulative": false
    },
    {
        "date": "2020-09-11T14:09:26Z",
        "value": "1276.5625",
        "cumulative": false
    },
    {
        "date": "2020-09-11T14:09:42Z",
        "value": "1414.1484375",
        "cumulative": false
    },
    {
        "date": "2020-09-11T14:09:55Z",
        "value": "1472.6875",
        "cumulative": false
    },
    {
        "date": "2020-09-11T14:10:10Z",
        "value": "1285.3984375",
        "cumulative": false
    },
    {
        "date": "2020-09-11T14:10:26Z",
        "value": "1276.5546875",
        "cumulative": false
    },
    {
        "date": "2020-09-11T14:10:39Z",
        "value": "1477.203125",
        "cumulative": false
    },
    {
        "date": "2020-09-11T14:10:59Z",
        "value": "1276.46484375",
        "cumulative": false
    },
    {
        "date": "2020-09-11T14:11:14Z",
        "value": "1276.49609375",
        "cumulative": false
    },
    {
        "date": "2020-09-11T14:11:31Z",
        "value": "1648.02734375",
        "cumulative": false
    },
    {
        "date": "2020-09-11T14:11:46Z",
        "value": "1572.55859375",
        "cumulative": false
    },
    {
        "date": "2020-09-11T14:12:01Z",
        "value": "1438.21484375",
        "cumulative": false
    },
    {
        "date": "2020-09-11T14:12:13Z",
        "value": "1276.4609375",
        "cumulative": false
    },
    {
        "date": "2020-09-11T14:12:32Z",
        "value": "1587.40234375",
        "cumulative": false
    },
    {
        "date": "2020-09-11T14:12:51Z",
        "value": "1586.00390625",
        "cumulative": false
    },
    {
        "date": "2020-09-11T14:13:04Z",
        "value": "1294.75",
        "cumulative": false
    },
    {
        "date": "2020-09-11T14:13:14Z",
        "value": "1678.17578125",
        "cumulative": false
    },
    {
        "date": "2020-09-11T14:13:33Z",
        "value": "1276.515625",
        "cumulative": false
    },
    {
        "date": "2020-09-11T14:13:46Z",
        "value": "1276.578125",
        "cumulative": false
    },
    {
        "date": "2020-09-11T14:14:06Z",
        "value": "1276.484375",
        "cumulative": false
    },
    {
        "date": "2020-09-11T14:14:16Z",
        "value": "1513.984375",
        "cumulative": false
    },
    {
        "date": "2020-09-11T14:14:33Z",
        "value": "1402.984375",
        "cumulative": false
    },
    {
        "date": "2020-09-11T14:14:49Z",
        "value": "1276.484375",
        "cumulative": false
    },
    {
        "date": "2020-09-11T14:15:00Z",
        "value": "1577.609375",
        "cumulative": false
    },
    {
        "date": "2020-09-11T14:15:11Z",
        "value": "1658.765625",
        "cumulative": false
    },
    {
        "date": "2020-09-11T14:15:23Z",
        "value": "1276.578125",
        "cumulative": false
    },
    {
        "date": "2020-09-11T14:15:41Z",
        "value": "1612.0546875",
        "cumulative": false
    },
    {
        "date": "2020-09-11T14:15:58Z",
        "value": "1276.5546875",
        "cumulative": false
    },
    {
        "date": "2020-09-11T14:16:16Z",
        "value": "1531.8046875",
        "cumulative": false
    },
    {
        "date": "2020-09-11T14:16:36Z",
        "value": "1276.4609375",
        "cumulative": false
    },
    {
        "date": "2020-09-11T14:16:55Z",
        "value": "1276.4921875",
        "cumulative": false
    },
    {
        "date": "2020-09-11T14:17:12Z",
        "value": "1276.484375",
        "cumulative": false
    },
    {
        "date": "2020-09-11T14:17:24Z",
        "value": "1276.57421875",
        "cumulative": false
    },
    {
        "date": "2020-09-11T14:17:44Z",
        "value": "1437.66796875",
        "cumulative": false
    },
    {
        "date": "2020-09-11T14:18:04Z",
        "value": "1760.76171875",
        "cumulative": false
    },
    {
        "date": "2020-09-11T14:18:16Z",
        "value": "1716.4765625",
        "cumulative": false
    },
    {
        "date": "2020-09-11T14:18:35Z",
        "value": "1792.9453125",
        "cumulative": false
    },
    {
        "date": "2020-09-11T14:18:48Z",
        "value": "1276.578125",
        "cumulative": false
    },
    {
        "date": "2020-09-11T14:18:59Z",
        "value": "1541.0",
        "cumulative": false
    },
    {
        "date": "2020-09-11T14:19:18Z",
        "value": "1732.34375",
        "cumulative": false
    },
    {
        "date": "2020-09-11T14:19:33Z",
        "value": "1276.51953125",
        "cumulative": false
    },
    {
        "date": "2020-09-11T14:19:45Z",
        "value": "1276.484375",
        "cumulative": false
    },
    {
        "date": "2020-09-11T14:19:57Z",
        "value": "1486.53125",
        "cumulative": false
    },
    {
        "date": "2020-09-11T14:20:12Z",
        "value": "1276.58203125",
        "cumulative": false
    },
    {
        "date": "2020-09-11T14:20:29Z",
        "value": "1282.1328125",
        "cumulative": false
    },
    {
        "date": "2020-09-11T14:20:42Z",
        "value": "1461.72265625",
        "cumulative": false
    },
    {
        "date": "2020-09-11T14:20:53Z",
        "value": "1326.4375",
        "cumulative": false
    },
    {
        "date": "2020-09-11T14:21:06Z",
        "value": "1799.02734375",
        "cumulative": false
    },
    {
        "date": "2020-09-11T14:21:26Z",
        "value": "9.99609375",
        "cumulative": false
    },
    {
        "date": "2020-09-11T14:21:45Z",
        "value": "9.99609375",
        "cumulative": false
    },
    {
        "date": "2020-09-11T14:22:05Z",
        "value": "9.99609375",
        "cumulative": false
    },
    {
        "date": "2020-09-11T14:22:19Z",
        "value": "9.99609375",
        "cumulative": false
    },
    {
        "date": "2020-09-11T14:22:39Z",
        "value": "9.99609375",
        "cumulative": false
    },
    {
        "date": "2020-09-11T14:22:54Z",
        "value": "9.99609375",
        "cumulative": false
    },
    {
        "date": "2020-09-11T14:23:17Z",
        "value": "9.99609375",
        "cumulative": false
    },
    {
        "date": "2020-09-11T14:23:32Z",
        "value": "9.99609375",
        "cumulative": false
    },
    {
        "date": "2020-09-11T14:23:58Z",
        "value": "9.99609375",
        "cumulative": false
    },
    {
        "date": "2020-09-11T14:24:15Z",
        "value": "9.99609375",
        "cumulative": false
    },
    {
        "date": "2020-09-11T14:24:33Z",
        "value": "9.99609375",
        "cumulative": false
    },
    {
        "date": "2020-09-11T14:24:46Z",
        "value": "9.99609375",
        "cumulative": false
    },
    {
        "date": "2020-09-11T14:25:11Z",
        "value": "9.99609375",
        "cumulative": false
    },
    {
        "date": "2020-09-11T14:25:26Z",
        "value": "9.99609375",
        "cumulative": false
    },
    {
        "date": "2020-09-11T14:25:55Z",
        "value": "9.99609375",
        "cumulative": false
    },
    {
        "date": "2020-09-11T14:26:11Z",
        "value": "9.99609375",
        "cumulative": false
    },
    {
        "date": "2020-09-11T14:26:39Z",
        "value": "9.99609375",
        "cumulative": false
    },
    {
        "date": "2020-09-11T14:26:52Z",
        "value": "9.99609375",
        "cumulative": false
    },
    {
        "date": "2020-09-11T14:27:09Z",
        "value": "9.99609375",
        "cumulative": false
    },
    {
        "date": "2020-09-11T14:27:29Z",
        "value": "9.99609375",
        "cumulative": false
    },
    {
        "date": "2020-09-11T14:27:51Z",
        "value": "9.99609375",
        "cumulative": false
    },
    {
        "date": "2020-09-11T14:28:05Z",
        "value": "9.99609375",
        "cumulative": false
    },
    {
        "date": "2020-09-11T14:28:21Z",
        "value": "9.99609375",
        "cumulative": false
    },
    {
        "date": "2020-09-11T14:28:32Z",
        "value": "9.99609375",
        "cumulative": false
    },
    {
        "date": "2020-09-11T14:28:56Z",
        "value": "9.99609375",
        "cumulative": false
    },
    {
        "date": "2020-09-11T14:29:10Z",
        "value": "9.99609375",
        "cumulative": false
    },
    {
        "date": "2020-09-11T14:29:31Z",
        "value": "9.99609375",
        "cumulative": false
    },
    {
        "date": "2020-09-11T14:29:41Z",
        "value": "9.99609375",
        "cumulative": false
    },
    {
        "date": "2020-09-11T14:30:09Z",
        "value": "9.99609375",
        "cumulative": false
    },
    {
        "date": "2020-09-11T14:30:26Z",
        "value": "9.99609375",
        "cumulative": false
    },
    {
        "date": "2020-09-11T14:30:47Z",
        "value": "9.99609375",
        "cumulative": false
    },
    {
        "date": "2020-09-11T14:31:01Z",
        "value": "9.99609375",
        "cumulative": false
    },
    {
        "date": "2020-09-11T14:31:28Z",
        "value": "9.99609375",
        "cumulative": false
    },
    {
        "date": "2020-09-11T14:31:38Z",
        "value": "9.99609375",
        "cumulative": false
    }
]