[
    {
        "date": "2020-09-11T13:42:09Z",
        "value": "3.4375",
        "cumulative": false
    },
    {
        "date": "2020-09-11T13:42:27Z",
        "value": "1216.3359375",
        "cumulative": false
    },
    {
        "date": "2020-09-11T13:42:40Z",
        "value": "1217.1953125",
        "cumulative": false
    },
    {
        "date": "2020-09-11T13:42:51Z",
        "value": "1219.18359375",
        "cumulative": false
    },
    {
        "date": "2020-09-11T13:43:07Z",
        "value": "1223.39453125",
        "cumulative": false
    },
    {
        "date": "2020-09-11T13:43:24Z",
        "value": "1227.390625",
        "cumulative": false
    },
    {
        "date": "2020-09-11T13:43:37Z",
        "value": "1230.25",
        "cumulative": false
    },
    {
        "date": "2020-09-11T13:43:56Z",
        "value": "1233.890625",
        "cumulative": false
    },
    {
        "date": "2020-09-11T13:44:09Z",
        "value": "1238.5078125",
        "cumulative": false
    },
    {
        "date": "2020-09-11T13:44:20Z",
        "value": "1238.5078125",
        "cumulative": false
    },
    {
        "date": "2020-09-11T13:44:36Z",
        "value": "1244.2421875",
        "cumulative": false
    },
    {
        "date": "2020-09-11T13:44:52Z",
        "value": "1244.171875",
        "cumulative": false
    },
    {
        "date": "2020-09-11T13:45:11Z",
        "value": "1251.43359375",
        "cumulative": false
    },
    {
        "date": "2020-09-11T13:45:28Z",
        "value": "1260.6640625",
        "cumulative": false
    },
    {
        "date": "2020-09-11T13:45:40Z",
        "value": "1260.6640625",
        "cumulative": false
    },
    {
        "date": "2020-09-11T13:45:55Z",
        "value": "1260.609375",
        "cumulative": false
    },
    {
        "date": "2020-09-11T13:46:08Z",
        "value": "1260.609375",
        "cumulative": false
    },
    {
        "date": "2020-09-11T13:46:25Z",
        "value": "1271.71484375",
        "cumulative": false
    },
    {
        "date": "2020-09-11T13:46:41Z",
        "value": "1235.06640625",
        "cumulative": false
    },
    {
        "date": "2020-09-11T13:46:59Z",
        "value": "1265.19140625",
        "cumulative": false
    },
    {
        "date": "2020-09-11T13:47:11Z",
        "value": "1263.80859375",
        "cumulative": false
    },
    {
        "date": "2020-09-11T13:47:22Z",
        "value": "1240.05859375",
        "cumulative": false
    },
    {
        "date": "2020-09-11T13:47:38Z",
        "value": "1239.98046875",
        "cumulative": false
    },
    {
        "date": "2020-09-11T13:47:56Z",
        "value": "1239.984375",
        "cumulative": false
    },
    {
        "date": "2020-09-11T13:48:09Z",
        "value": "1299.2421875",
        "cumulative": false
    },
    {
        "date": "2020-09-11T13:48:22Z",
        "value": "1246.16015625",
        "cumulative": false
    },
    {
        "date": "2020-09-11T13:48:34Z",
        "value": "1246.12109375",
        "cumulative": false
    },
    {
        "date": "2020-09-11T13:48:51Z",
        "value": "1246.32421875",
        "cumulative": false
    },
    {
        "date": "2020-09-11T13:49:07Z",
        "value": "1248.6015625",
        "cumulative": false
    },
    {
        "date": "2020-09-11T13:49:20Z",
        "value": "1246.1328125",
        "cumulative": false
    },
    {
        "date": "2020-09-11T13:49:35Z",
        "value": "1303.81640625",
        "cumulative": false
    },
    {
        "date": "2020-09-11T13:49:48Z",
        "value": "1246.28515625",
        "cumulative": false
    },
    {
        "date": "2020-09-11T13:49:59Z",
        "value": "1246.19921875",
        "cumulative": false
    },
    {
        "date": "2020-09-11T13:50:15Z",
        "value": "1246.21875",
        "cumulative": false
    },
    {
        "date": "2020-09-11T13:50:30Z",
        "value": "1258.70703125",
        "cumulative": false
    },
    {
        "date": "2020-09-11T13:50:44Z",
        "value": "1250.25",
        "cumulative": false
    },
    {
        "date": "2020-09-11T13:50:59Z",
        "value": "1246.1328125",
        "cumulative": false
    },
    {
        "date": "2020-09-11T13:51:14Z",
        "value": "1256.5546875",
        "cumulative": false
    },
    {
        "date": "2020-09-11T13:51:34Z",
        "value": "1376.7265625",
        "cumulative": false
    },
    {
        "date": "2020-09-11T13:51:45Z",
        "value": "1246.1328125",
        "cumulative": false
    },
    {
        "date": "2020-09-11T13:52:02Z",
        "value": "1386.125",
        "cumulative": false
    },
    {
        "date": "2020-09-11T13:52:13Z",
        "value": "1366.859375",
        "cumulative": false
    },
    {
        "date": "2020-09-11T13:52:26Z",
        "value": "1304.5625",
        "cumulative": false
    },
    {
        "date": "2020-09-11T13:52:43Z",
        "value": "1246.18359375",
        "cumulative": false
    },
    {
        "date": "2020-09-11T13:53:02Z",
        "value": "1254.78515625",
        "cumulative": false
    },
    {
        "date": "2020-09-11T13:53:14Z",
        "value": "1246.22265625",
        "cumulative": false
    },
    {
        "date": "2020-09-11T13:53:31Z",
        "value": "1246.19921875",
        "cumulative": false
    },
    {
        "date": "2020-09-11T13:53:47Z",
        "value": "1270.33984375",
        "cumulative": false
    },
    {
        "date": "2020-09-11T13:54:03Z",
        "value": "1277.1953125",
        "cumulative": false
    },
    {
        "date": "2020-09-11T13:54:20Z",
        "value": "1415.08984375",
        "cumulative": false
    },
    {
        "date": "2020-09-11T13:54:38Z",
        "value": "1400.4921875",
        "cumulative": false
    },
    {
        "date": "2020-09-11T13:54:52Z",
        "value": "1385.1875",
        "cumulative": false
    },
    {
        "date": "2020-09-11T13:55:12Z",
        "value": "1368.5703125",
        "cumulative": false
    },
    {
        "date": "2020-09-11T13:55:25Z",
        "value": "1246.1328125",
        "cumulative": false
    },
    {
        "date": "2020-09-11T13:55:36Z",
        "value": "1246.1640625",
        "cumulative": false
    },
    {
        "date": "2020-09-11T13:55:50Z",
        "value": "1246.1953125",
        "cumulative": false
    },
    {
        "date": "2020-09-11T13:56:08Z",
        "value": "1246.1328125",
        "cumulative": false
    },
    {
        "date": "2020-09-11T13:56:20Z",
        "value": "1246.2265625",
        "cumulative": false
    },
    {
        "date": "2020-09-11T13:56:39Z",
        "value": "1442.40234375",
        "cumulative": false
    },
    {
        "date": "2020-09-11T13:56:59Z",
        "value": "1246.1328125",
        "cumulative": false
    },
    {
        "date": "2020-09-11T13:57:10Z",
        "value": "1246.1796875",
        "cumulative": false
    },
    {
        "date": "2020-09-11T13:57:22Z",
        "value": "1382.37109375",
        "cumulative": false
    },
    {
        "date": "2020-09-11T13:57:38Z",
        "value": "1402.19921875",
        "cumulative": false
    },
    {
        "date": "2020-09-11T13:57:54Z",
        "value": "1246.19921875",
        "cumulative": false
    },
    {
        "date": "2020-09-11T13:58:09Z",
        "value": "1340.04296875",
        "cumulative": false
    },
    {
        "date": "2020-09-11T13:58:25Z",
        "value": "1377.51171875",
        "cumulative": false
    },
    {
        "date": "2020-09-11T13:58:39Z",
        "value": "1246.1328125",
        "cumulative": false
    },
    {
        "date": "2020-09-11T13:58:57Z",
        "value": "1246.1796875",
        "cumulative": false
    },
    {
        "date": "2020-09-11T13:59:08Z",
        "value": "1246.12890625",
        "cumulative": false
    },
    {
        "date": "2020-09-11T13:59:21Z",
        "value": "1252.6640625",
        "cumulative": false
    },
    {
        "date": "2020-09-11T13:59:32Z",
        "value": "1246.19140625",
        "cumulative": false
    },
    {
        "date": "2020-09-11T13:59:44Z",
        "value": "1246.2265625",
        "cumulative": false
    },
    {
        "date": "2020-09-11T13:59:54Z",
        "value": "1408.671875",
        "cumulative": false
    },
    {
        "date": "2020-09-11T14:00:10Z",
        "value": "1266.2734375",
        "cumulative": false
    },
    {
        "date": "2020-09-11T14:00:29Z",
        "value": "1246.140625",
        "cumulative": false
    },
    {
        "date": "2020-09-11T14:00:45Z",
        "value": "1321.859375",
        "cumulative": false
    },
    {
        "date": "2020-09-11T14:01:04Z",
        "value": "1246.171875",
        "cumulative": false
    },
    {
        "date": "2020-09-11T14:01:23Z",
        "value": "1455.00390625",
        "cumulative": false
    },
    {
        "date": "2020-09-11T14:01:41Z",
        "value": "1489.22265625",
        "cumulative": false
    },
    {
        "date": "2020-09-11T14:01:59Z",
        "value": "1351.78515625",
        "cumulative": false
    },
    {
        "date": "2020-09-11T14:02:10Z",
        "value": "1390.078125",
        "cumulative": false
    },
    {
        "date": "2020-09-11T14:02:22Z",
        "value": "1246.11328125",
        "cumulative": false
    },
    {
        "date": "2020-09-11T14:02:38Z",
        "value": "1485.984375",
        "cumulative": false
    },
    {
        "date": "2020-09-11T14:02:57Z",
        "value": "1246.22265625",
        "cumulative": false
    },
    {
        "date": "2020-09-11T14:03:10Z",
        "value": "1246.1171875",
        "cumulative": false
    },
    {
        "date": "2020-09-11T14:03:29Z",
        "value": "1246.1484375",
        "cumulative": false
    },
    {
        "date": "2020-09-11T14:03:49Z",
        "value": "1246.1953125",
        "cumulative": false
    },
    {
        "date": "2020-09-11T14:04:07Z",
        "value": "1246.16796875",
        "cumulative": false
    },
    {
        "date": "2020-09-11T14:04:23Z",
        "value": "1246.1640625",
        "cumulative": false
    },
    {
        "date": "2020-09-11T14:04:40Z",
        "value": "1435.0078125",
        "cumulative": false
    },
    {
        "date": "2020-09-11T14:04:51Z",
        "value": "1576.63671875",
        "cumulative": false
    },
    {
        "date": "2020-09-11T14:05:03Z",
        "value": "1246.11328125",
        "cumulative": false
    },
    {
        "date": "2020-09-11T14:05:17Z",
        "value": "1246.1875",
        "cumulative": false
    },
    {
        "date": "2020-09-11T14:05:32Z",
        "value": "1246.1171875",
        "cumulative": false
    },
    {
        "date": "2020-09-11T14:05:48Z",
        "value": "1246.171875",
        "cumulative": false
    },
    {
        "date": "2020-09-11T14:06:00Z",
        "value": "1246.140625",
        "cumulative": false
    },
    {
        "date": "2020-09-11T14:06:20Z",
        "value": "1506.03125",
        "cumulative": false
    },
    {
        "date": "2020-09-11T14:06:38Z",
        "value": "1359.421875",
        "cumulative": false
    },
    {
        "date": "2020-09-11T14:06:56Z",
        "value": "1246.1875",
        "cumulative": false
    },
    {
        "date": "2020-09-11T14:07:15Z",
        "value": "1246.203125",
        "cumulative": false
    },
    {
        "date": "2020-09-11T14:07:33Z",
        "value": "1355.3515625",
        "cumulative": false
    },
    {
        "date": "2020-09-11T14:07:48Z",
        "value": "1246.1875",
        "cumulative": false
    },
    {
        "date": "2020-09-11T14:08:01Z",
        "value": "1246.2265625",
        "cumulative": false
    },
    {
        "date": "2020-09-11T14:08:19Z",
        "value": "1417.8359375",
        "cumulative": false
    },
    {
        "date": "2020-09-11T14:08:35Z",
        "value": "1246.1171875",
        "cumulative": false
    },
    {
        "date": "2020-09-11T14:08:49Z",
        "value": "1541.1171875",
        "cumulative": false
    },
    {
        "date": "2020-09-11T14:09:05Z",
        "value": "1445.3359375",
        "cumulative": false
    },
    {
        "date": "2020-09-11T14:09:21Z",
        "value": "1246.171875",
        "cumulative": false
    },
    {
        "date": "2020-09-11T14:09:32Z",
        "value": "1467.6875",
        "cumulative": false
    },
    {
        "date": "2020-09-11T14:09:47Z",
        "value": "1246.2109375",
        "cumulative": false
    },
    {
        "date": "2020-09-11T14:10:00Z",
        "value": "1520.0",
        "cumulative": false
    },
    {
        "date": "2020-09-11T14:10:17Z",
        "value": "1246.12109375",
        "cumulative": false
    },
    {
        "date": "2020-09-11T14:10:35Z",
        "value": "1562.81640625",
        "cumulative": false
    },
    {
        "date": "2020-09-11T14:10:47Z",
        "value": "1597.40234375",
        "cumulative": false
    },
    {
        "date": "2020-09-11T14:10:57Z",
        "value": "1246.23828125",
        "cumulative": false
    },
    {
        "date": "2020-09-11T14:11:11Z",
        "value": "1582.734375",
        "cumulative": false
    },
    {
        "date": "2020-09-11T14:11:28Z",
        "value": "1246.17578125",
        "cumulative": false
    },
    {
        "date": "2020-09-11T14:11:45Z",
        "value": "1246.1171875",
        "cumulative": false
    },
    {
        "date": "2020-09-11T14:12:01Z",
        "value": "1246.1484375",
        "cumulative": false
    },
    {
        "date": "2020-09-11T14:12:17Z",
        "value": "1246.21484375",
        "cumulative": false
    },
    {
        "date": "2020-09-11T14:12:31Z",
        "value": "1246.2109375",
        "cumulative": false
    },
    {
        "date": "2020-09-11T14:12:48Z",
        "value": "1246.15234375",
        "cumulative": false
    },
    {
        "date": "2020-09-11T14:13:07Z",
        "value": "1246.23828125",
        "cumulative": false
    },
    {
        "date": "2020-09-11T14:13:22Z",
        "value": "1535.734375",
        "cumulative": false
    },
    {
        "date": "2020-09-11T14:13:32Z",
        "value": "1246.1875",
        "cumulative": false
    },
    {
        "date": "2020-09-11T14:13:51Z",
        "value": "1308.76953125",
        "cumulative": false
    },
    {
        "date": "2020-09-11T14:14:07Z",
        "value": "1296.86328125",
        "cumulative": false
    },
    {
        "date": "2020-09-11T14:14:22Z",
        "value": "1440.1953125",
        "cumulative": false
    },
    {
        "date": "2020-09-11T14:14:38Z",
        "value": "1590.6875",
        "cumulative": false
    },
    {
        "date": "2020-09-11T14:14:54Z",
        "value": "1246.140625",
        "cumulative": false
    },
    {
        "date": "2020-09-11T14:15:06Z",
        "value": "1246.171875",
        "cumulative": false
    },
    {
        "date": "2020-09-11T14:15:20Z",
        "value": "1574.8125",
        "cumulative": false
    },
    {
        "date": "2020-09-11T14:15:35Z",
        "value": "1481.03125",
        "cumulative": false
    },
    {
        "date": "2020-09-11T14:15:45Z",
        "value": "1412.8125",
        "cumulative": false
    },
    {
        "date": "2020-09-11T14:16:00Z",
        "value": "1246.2109375",
        "cumulative": false
    },
    {
        "date": "2020-09-11T14:16:17Z",
        "value": "1246.15625",
        "cumulative": false
    },
    {
        "date": "2020-09-11T14:16:30Z",
        "value": "1246.21875",
        "cumulative": false
    },
    {
        "date": "2020-09-11T14:16:40Z",
        "value": "1413.21875",
        "cumulative": false
    },
    {
        "date": "2020-09-11T14:16:57Z",
        "value": "1453.3125",
        "cumulative": false
    },
    {
        "date": "2020-09-11T14:17:12Z",
        "value": "1246.2109375",
        "cumulative": false
    },
    {
        "date": "2020-09-11T14:17:29Z",
        "value": "1246.1796875",
        "cumulative": false
    },
    {
        "date": "2020-09-11T14:17:46Z",
        "value": "1246.23046875",
        "cumulative": false
    },
    {
        "date": "2020-09-11T14:18:00Z",
        "value": "1819.4453125",
        "cumulative": false
    },
    {
        "date": "2020-09-11T14:18:17Z",
        "value": "1246.1640625",
        "cumulative": false
    },
    {
        "date": "2020-09-11T14:18:37Z",
        "value": "1339.8828125",
        "cumulative": false
    },
    {
        "date": "2020-09-11T14:18:50Z",
        "value": "1766.47265625",
        "cumulative": false
    },
    {
        "date": "2020-09-11T14:19:04Z",
        "value": "1556.5",
        "cumulative": false
    },
    {
        "date": "2020-09-11T14:19:17Z",
        "value": "1246.16015625",
        "cumulative": false
    },
    {
        "date": "2020-09-11T14:19:30Z",
        "value": "1365.75",
        "cumulative": false
    },
    {
        "date": "2020-09-11T14:19:43Z",
        "value": "1437.2421875",
        "cumulative": false
    },
    {
        "date": "2020-09-11T14:19:56Z",
        "value": "1246.21875",
        "cumulative": false
    },
    {
        "date": "2020-09-11T14:20:14Z",
        "value": "1766.01953125",
        "cumulative": false
    },
    {
        "date": "2020-09-11T14:20:27Z",
        "value": "1416.90234375",
        "cumulative": false
    },
    {
        "date": "2020-09-11T14:20:38Z",
        "value": "1745.69921875",
        "cumulative": false
    },
    {
        "date": "2020-09-11T14:20:48Z",
        "value": "1246.1640625",
        "cumulative": false
    },
    {
        "date": "2020-09-11T14:21:05Z",
        "value": "1246.21484375",
        "cumulative": false
    },
    {
        "date": "2020-09-11T14:21:24Z",
        "value": "9.72265625",
        "cumulative": false
    },
    {
        "date": "2020-09-11T14:21:42Z",
        "value": "9.72265625",
        "cumulative": false
    },
    {
        "date": "2020-09-11T14:22:11Z",
        "value": "9.72265625",
        "cumulative": false
    },
    {
        "date": "2020-09-11T14:22:26Z",
        "value": "9.72265625",
        "cumulative": false
    },
    {
        "date": "2020-09-11T14:22:45Z",
        "value": "9.72265625",
        "cumulative": false
    },
    {
        "date": "2020-09-11T14:23:03Z",
        "value": "9.72265625",
        "cumulative": false
    },
    {
        "date": "2020-09-11T14:23:19Z",
        "value": "9.72265625",
        "cumulative": false
    },
    {
        "date": "2020-09-11T14:23:38Z",
        "value": "9.72265625",
        "cumulative": false
    },
    {
        "date": "2020-09-11T14:24:05Z",
        "value": "9.72265625",
        "cumulative": false
    },
    {
        "date": "2020-09-11T14:24:19Z",
        "value": "9.72265625",
        "cumulative": false
    },
    {
        "date": "2020-09-11T14:24:47Z",
        "value": "9.72265625",
        "cumulative": false
    },
    {
        "date": "2020-09-11T14:25:07Z",
        "value": "9.72265625",
        "cumulative": false
    },
    {
        "date": "2020-09-11T14:25:23Z",
        "value": "9.72265625",
        "cumulative": false
    },
    {
        "date": "2020-09-11T14:25:35Z",
        "value": "9.72265625",
        "cumulative": false
    },
    {
        "date": "2020-09-11T14:25:56Z",
        "value": "9.72265625",
        "cumulative": false
    },
    {
        "date": "2020-09-11T14:26:15Z",
        "value": "9.72265625",
        "cumulative": false
    },
    {
        "date": "2020-09-11T14:26:34Z",
        "value": "9.72265625",
        "cumulative": false
    },
    {
        "date": "2020-09-11T14:26:54Z",
        "value": "9.72265625",
        "cumulative": false
    },
    {
        "date": "2020-09-11T14:27:10Z",
        "value": "9.72265625",
        "cumulative": false
    },
    {
        "date": "2020-09-11T14:27:23Z",
        "value": "9.72265625",
        "cumulative": false
    },
    {
        "date": "2020-09-11T14:27:44Z",
        "value": "9.72265625",
        "cumulative": false
    },
    {
        "date": "2020-09-11T14:27:54Z",
        "value": "9.72265625",
        "cumulative": false
    },
    {
        "date": "2020-09-11T14:28:14Z",
        "value": "9.72265625",
        "cumulative": false
    },
    {
        "date": "2020-09-11T14:28:27Z",
        "value": "9.72265625",
        "cumulative": false
    },
    {
        "date": "2020-09-11T14:28:51Z",
        "value": "9.72265625",
        "cumulative": false
    },
    {
        "date": "2020-09-11T14:29:10Z",
        "value": "9.72265625",
        "cumulative": false
    },
    {
        "date": "2020-09-11T14:29:28Z",
        "value": "9.72265625",
        "cumulative": false
    },
    {
        "date": "2020-09-11T14:29:42Z",
        "value": "9.72265625",
        "cumulative": false
    },
    {
        "date": "2020-09-11T14:30:10Z",
        "value": "9.72265625",
        "cumulative": false
    },
    {
        "date": "2020-09-11T14:30:25Z",
        "value": "9.72265625",
        "cumulative": false
    },
    {
        "date": "2020-09-11T14:30:43Z",
        "value": "9.72265625",
        "cumulative": false
    },
    {
        "date": "2020-09-11T14:31:00Z",
        "value": "9.72265625",
        "cumulative": false
    },
    {
        "date": "2020-09-11T14:31:29Z",
        "value": "9.72265625",
        "cumulative": false
    },
    {
        "date": "2020-09-11T14:31:41Z",
        "value": "9.72265625",
        "cumulative": false
    }
]