[
    {
        "date": "2020-09-11T13:42:09Z",
        "value": "0.012655446",
        "cumulative": false
    },
    {
        "date": "2020-09-11T13:42:20Z",
        "value": "0.497086862",
        "cumulative": false
    },
    {
        "date": "2020-09-11T13:42:33Z",
        "value": "1.802643868",
        "cumulative": false
    },
    {
        "date": "2020-09-11T13:42:52Z",
        "value": "2.134523433",
        "cumulative": false
    },
    {
        "date": "2020-09-11T13:43:02Z",
        "value": "2.130377882",
        "cumulative": false
    },
    {
        "date": "2020-09-11T13:43:17Z",
        "value": "2.001432371",
        "cumulative": false
    },
    {
        "date": "2020-09-11T13:43:28Z",
        "value": "1.944284761",
        "cumulative": false
    },
    {
        "date": "2020-09-11T13:43:41Z",
        "value": "1.883434534",
        "cumulative": false
    },
    {
        "date": "2020-09-11T13:44:01Z",
        "value": "1.835457565",
        "cumulative": false
    },
    {
        "date": "2020-09-11T13:44:13Z",
        "value": "1.840738617",
        "cumulative": false
    },
    {
        "date": "2020-09-11T13:44:26Z",
        "value": "1.764248927",
        "cumulative": false
    },
    {
        "date": "2020-09-11T13:44:43Z",
        "value": "1.83779938",
        "cumulative": false
    },
    {
        "date": "2020-09-11T13:45:00Z",
        "value": "1.76686065",
        "cumulative": false
    },
    {
        "date": "2020-09-11T13:45:12Z",
        "value": "1.816175508",
        "cumulative": false
    },
    {
        "date": "2020-09-11T13:45:30Z",
        "value": "1.727952351",
        "cumulative": false
    },
    {
        "date": "2020-09-11T13:45:43Z",
        "value": "1.81586644",
        "cumulative": false
    },
    {
        "date": "2020-09-11T13:45:57Z",
        "value": "1.716047493",
        "cumulative": false
    },
    {
        "date": "2020-09-11T13:46:14Z",
        "value": "1.719090964",
        "cumulative": false
    },
    {
        "date": "2020-09-11T13:46:27Z",
        "value": "1.738589379",
        "cumulative": false
    },
    {
        "date": "2020-09-11T13:46:46Z",
        "value": "1.675570217",
        "cumulative": false
    },
    {
        "date": "2020-09-11T13:46:57Z",
        "value": "1.6468937",
        "cumulative": false
    },
    {
        "date": "2020-09-11T13:47:15Z",
        "value": "1.694182075",
        "cumulative": false
    },
    {
        "date": "2020-09-11T13:47:27Z",
        "value": "1.715881892",
        "cumulative": false
    },
    {
        "date": "2020-09-11T13:47:46Z",
        "value": "1.659207471",
        "cumulative": false
    },
    {
        "date": "2020-09-11T13:48:05Z",
        "value": "1.616432696",
        "cumulative": false
    },
    {
        "date": "2020-09-11T13:48:19Z",
        "value": "1.67290463",
        "cumulative": false
    },
    {
        "date": "2020-09-11T13:48:37Z",
        "value": "1.704733639",
        "cumulative": false
    },
    {
        "date": "2020-09-11T13:48:50Z",
        "value": "1.699290321",
        "cumulative": false
    },
    {
        "date": "2020-09-11T13:49:05Z",
        "value": "1.633097618",
        "cumulative": false
    },
    {
        "date": "2020-09-11T13:49:20Z",
        "value": "1.659839591",
        "cumulative": false
    },
    {
        "date": "2020-09-11T13:49:31Z",
        "value": "1.621574533",
        "cumulative": false
    },
    {
        "date": "2020-09-11T13:49:46Z",
        "value": "1.66127559",
        "cumulative": false
    },
    {
        "date": "2020-09-11T13:50:06Z",
        "value": "1.547156014",
        "cumulative": false
    },
    {
        "date": "2020-09-11T13:50:20Z",
        "value": "1.417155385",
        "cumulative": false
    },
    {
        "date": "2020-09-11T13:50:35Z",
        "value": "1.465092649",
        "cumulative": false
    },
    {
        "date": "2020-09-11T13:50:49Z",
        "value": "1.600751241",
        "cumulative": false
    },
    {
        "date": "2020-09-11T13:51:00Z",
        "value": "1.616730646",
        "cumulative": false
    },
    {
        "date": "2020-09-11T13:51:13Z",
        "value": "1.598133008",
        "cumulative": false
    },
    {
        "date": "2020-09-11T13:51:31Z",
        "value": "1.512622977",
        "cumulative": false
    },
    {
        "date": "2020-09-11T13:51:44Z",
        "value": "1.400236817",
        "cumulative": false
    },
    {
        "date": "2020-09-11T13:52:02Z",
        "value": "1.400551039",
        "cumulative": false
    },
    {
        "date": "2020-09-11T13:52:14Z",
        "value": "1.4316689",
        "cumulative": false
    },
    {
        "date": "2020-09-11T13:52:31Z",
        "value": "1.430871093",
        "cumulative": false
    },
    {
        "date": "2020-09-11T13:52:41Z",
        "value": "1.622160416",
        "cumulative": false
    },
    {
        "date": "2020-09-11T13:53:00Z",
        "value": "1.595378557",
        "cumulative": false
    },
    {
        "date": "2020-09-11T13:53:15Z",
        "value": "1.626853815",
        "cumulative": false
    },
    {
        "date": "2020-09-11T13:53:27Z",
        "value": "1.595389274",
        "cumulative": false
    },
    {
        "date": "2020-09-11T13:53:39Z",
        "value": "1.5976568",
        "cumulative": false
    },
    {
        "date": "2020-09-11T13:53:59Z",
        "value": "1.415209214",
        "cumulative": false
    },
    {
        "date": "2020-09-11T13:54:11Z",
        "value": "1.406938172",
        "cumulative": false
    },
    {
        "date": "2020-09-11T13:54:26Z",
        "value": "1.417229365",
        "cumulative": false
    },
    {
        "date": "2020-09-11T13:54:44Z",
        "value": "1.395794938",
        "cumulative": false
    },
    {
        "date": "2020-09-11T13:54:56Z",
        "value": "1.377058608",
        "cumulative": false
    },
    {
        "date": "2020-09-11T13:55:07Z",
        "value": "1.577901926",
        "cumulative": false
    },
    {
        "date": "2020-09-11T13:55:25Z",
        "value": "1.644277856",
        "cumulative": false
    },
    {
        "date": "2020-09-11T13:55:36Z",
        "value": "1.619896799",
        "cumulative": false
    },
    {
        "date": "2020-09-11T13:55:47Z",
        "value": "1.622885676",
        "cumulative": false
    },
    {
        "date": "2020-09-11T13:56:05Z",
        "value": "1.640669559",
        "cumulative": false
    },
    {
        "date": "2020-09-11T13:56:17Z",
        "value": "1.620189242",
        "cumulative": false
    },
    {
        "date": "2020-09-11T13:56:28Z",
        "value": "1.647990827",
        "cumulative": false
    },
    {
        "date": "2020-09-11T13:56:39Z",
        "value": "1.574878901",
        "cumulative": false
    },
    {
        "date": "2020-09-11T13:56:55Z",
        "value": "1.421232098",
        "cumulative": false
    },
    {
        "date": "2020-09-11T13:57:06Z",
        "value": "1.401364372",
        "cumulative": false
    },
    {
        "date": "2020-09-11T13:57:17Z",
        "value": "1.430367565",
        "cumulative": false
    },
    {
        "date": "2020-09-11T13:57:36Z",
        "value": "1.409319379",
        "cumulative": false
    },
    {
        "date": "2020-09-11T13:57:49Z",
        "value": "1.42911315",
        "cumulative": false
    },
    {
        "date": "2020-09-11T13:58:07Z",
        "value": "1.407472099",
        "cumulative": false
    },
    {
        "date": "2020-09-11T13:58:24Z",
        "value": "1.504957443",
        "cumulative": false
    },
    {
        "date": "2020-09-11T13:58:35Z",
        "value": "1.614589952",
        "cumulative": false
    },
    {
        "date": "2020-09-11T13:58:48Z",
        "value": "1.632511522",
        "cumulative": false
    },
    {
        "date": "2020-09-11T13:59:08Z",
        "value": "1.624879618",
        "cumulative": false
    },
    {
        "date": "2020-09-11T13:59:19Z",
        "value": "1.607786895",
        "cumulative": false
    },
    {
        "date": "2020-09-11T13:59:37Z",
        "value": "1.611182592",
        "cumulative": false
    },
    {
        "date": "2020-09-11T13:59:57Z",
        "value": "1.616348876",
        "cumulative": false
    },
    {
        "date": "2020-09-11T14:00:09Z",
        "value": "1.600288297",
        "cumulative": false
    },
    {
        "date": "2020-09-11T14:00:23Z",
        "value": "1.455775908",
        "cumulative": false
    },
    {
        "date": "2020-09-11T14:00:42Z",
        "value": "1.378508422",
        "cumulative": false
    },
    {
        "date": "2020-09-11T14:00:54Z",
        "value": "1.40192252",
        "cumulative": false
    },
    {
        "date": "2020-09-11T14:01:05Z",
        "value": "1.410861662",
        "cumulative": false
    },
    {
        "date": "2020-09-11T14:01:20Z",
        "value": "1.380445783",
        "cumulative": false
    },
    {
        "date": "2020-09-11T14:01:31Z",
        "value": "1.391470277",
        "cumulative": false
    },
    {
        "date": "2020-09-11T14:01:43Z",
        "value": "1.376493437",
        "cumulative": false
    },
    {
        "date": "2020-09-11T14:01:57Z",
        "value": "1.420820278",
        "cumulative": false
    },
    {
        "date": "2020-09-11T14:02:11Z",
        "value": "1.39480173",
        "cumulative": false
    },
    {
        "date": "2020-09-11T14:02:26Z",
        "value": "1.519004064",
        "cumulative": false
    },
    {
        "date": "2020-09-11T14:02:42Z",
        "value": "1.636307368",
        "cumulative": false
    },
    {
        "date": "2020-09-11T14:02:54Z",
        "value": "1.620119157",
        "cumulative": false
    },
    {
        "date": "2020-09-11T14:03:13Z",
        "value": "1.606218884",
        "cumulative": false
    },
    {
        "date": "2020-09-11T14:03:32Z",
        "value": "1.622129098",
        "cumulative": false
    },
    {
        "date": "2020-09-11T14:03:51Z",
        "value": "1.613007951",
        "cumulative": false
    },
    {
        "date": "2020-09-11T14:04:09Z",
        "value": "1.602940438",
        "cumulative": false
    },
    {
        "date": "2020-09-11T14:04:24Z",
        "value": "1.621572692",
        "cumulative": false
    },
    {
        "date": "2020-09-11T14:04:44Z",
        "value": "1.593558963",
        "cumulative": false
    },
    {
        "date": "2020-09-11T14:04:57Z",
        "value": "1.385058021",
        "cumulative": false
    },
    {
        "date": "2020-09-11T14:05:12Z",
        "value": "1.393258257",
        "cumulative": false
    },
    {
        "date": "2020-09-11T14:05:25Z",
        "value": "1.392542672",
        "cumulative": false
    },
    {
        "date": "2020-09-11T14:05:39Z",
        "value": "1.41908139",
        "cumulative": false
    },
    {
        "date": "2020-09-11T14:05:50Z",
        "value": "1.377509511",
        "cumulative": false
    },
    {
        "date": "2020-09-11T14:06:07Z",
        "value": "1.396259598",
        "cumulative": false
    },
    {
        "date": "2020-09-11T14:06:23Z",
        "value": "1.360778025",
        "cumulative": false
    },
    {
        "date": "2020-09-11T14:06:42Z",
        "value": "1.401590007",
        "cumulative": false
    },
    {
        "date": "2020-09-11T14:06:54Z",
        "value": "1.375858771",
        "cumulative": false
    },
    {
        "date": "2020-09-11T14:07:14Z",
        "value": "1.412791021",
        "cumulative": false
    },
    {
        "date": "2020-09-11T14:07:29Z",
        "value": "1.529701242",
        "cumulative": false
    },
    {
        "date": "2020-09-11T14:07:42Z",
        "value": "1.578476858",
        "cumulative": false
    },
    {
        "date": "2020-09-11T14:07:55Z",
        "value": "1.595813857",
        "cumulative": false
    },
    {
        "date": "2020-09-11T14:08:06Z",
        "value": "1.624442424",
        "cumulative": false
    },
    {
        "date": "2020-09-11T14:08:18Z",
        "value": "1.580572516",
        "cumulative": false
    },
    {
        "date": "2020-09-11T14:08:28Z",
        "value": "1.616466003",
        "cumulative": false
    },
    {
        "date": "2020-09-11T14:08:46Z",
        "value": "1.601375259",
        "cumulative": false
    },
    {
        "date": "2020-09-11T14:09:00Z",
        "value": "1.593843693",
        "cumulative": false
    },
    {
        "date": "2020-09-11T14:09:14Z",
        "value": "1.614194182",
        "cumulative": false
    },
    {
        "date": "2020-09-11T14:09:27Z",
        "value": "1.590665486",
        "cumulative": false
    },
    {
        "date": "2020-09-11T14:09:39Z",
        "value": "1.588308913",
        "cumulative": false
    },
    {
        "date": "2020-09-11T14:09:50Z",
        "value": "1.613601787",
        "cumulative": false
    },
    {
        "date": "2020-09-11T14:10:02Z",
        "value": "1.603105084",
        "cumulative": false
    },
    {
        "date": "2020-09-11T14:10:16Z",
        "value": "1.567884643",
        "cumulative": false
    },
    {
        "date": "2020-09-11T14:10:33Z",
        "value": "1.392538813",
        "cumulative": false
    },
    {
        "date": "2020-09-11T14:10:48Z",
        "value": "1.363943632",
        "cumulative": false
    },
    {
        "date": "2020-09-11T14:11:08Z",
        "value": "1.366918988",
        "cumulative": false
    },
    {
        "date": "2020-09-11T14:11:22Z",
        "value": "1.386037213",
        "cumulative": false
    },
    {
        "date": "2020-09-11T14:11:35Z",
        "value": "1.362008391",
        "cumulative": false
    },
    {
        "date": "2020-09-11T14:11:49Z",
        "value": "1.398461755",
        "cumulative": false
    },
    {
        "date": "2020-09-11T14:12:07Z",
        "value": "1.368056029",
        "cumulative": false
    },
    {
        "date": "2020-09-11T14:12:21Z",
        "value": "1.364169364",
        "cumulative": false
    },
    {
        "date": "2020-09-11T14:12:39Z",
        "value": "1.373683983",
        "cumulative": false
    },
    {
        "date": "2020-09-11T14:12:54Z",
        "value": "1.359953946",
        "cumulative": false
    },
    {
        "date": "2020-09-11T14:13:04Z",
        "value": "1.412432719",
        "cumulative": false
    },
    {
        "date": "2020-09-11T14:13:16Z",
        "value": "1.390147484",
        "cumulative": false
    },
    {
        "date": "2020-09-11T14:13:32Z",
        "value": "1.41578273",
        "cumulative": false
    },
    {
        "date": "2020-09-11T14:13:52Z",
        "value": "1.594121873",
        "cumulative": false
    },
    {
        "date": "2020-09-11T14:14:06Z",
        "value": "1.611908274",
        "cumulative": false
    },
    {
        "date": "2020-09-11T14:14:20Z",
        "value": "1.613904842",
        "cumulative": false
    },
    {
        "date": "2020-09-11T14:14:33Z",
        "value": "1.589930423",
        "cumulative": false
    },
    {
        "date": "2020-09-11T14:14:52Z",
        "value": "1.584838043",
        "cumulative": false
    },
    {
        "date": "2020-09-11T14:15:06Z",
        "value": "1.611688223",
        "cumulative": false
    },
    {
        "date": "2020-09-11T14:15:24Z",
        "value": "1.597448478",
        "cumulative": false
    },
    {
        "date": "2020-09-11T14:15:40Z",
        "value": "1.556866249",
        "cumulative": false
    },
    {
        "date": "2020-09-11T14:15:55Z",
        "value": "1.588707357",
        "cumulative": false
    },
    {
        "date": "2020-09-11T14:16:10Z",
        "value": "1.611341056",
        "cumulative": false
    },
    {
        "date": "2020-09-11T14:16:30Z",
        "value": "1.590691976",
        "cumulative": false
    },
    {
        "date": "2020-09-11T14:16:44Z",
        "value": "1.614891006",
        "cumulative": false
    },
    {
        "date": "2020-09-11T14:16:57Z",
        "value": "1.586766926",
        "cumulative": false
    },
    {
        "date": "2020-09-11T14:17:13Z",
        "value": "1.571251895",
        "cumulative": false
    },
    {
        "date": "2020-09-11T14:17:30Z",
        "value": "1.359009028",
        "cumulative": false
    },
    {
        "date": "2020-09-11T14:17:43Z",
        "value": "1.346638682",
        "cumulative": false
    },
    {
        "date": "2020-09-11T14:17:57Z",
        "value": "1.37448128",
        "cumulative": false
    },
    {
        "date": "2020-09-11T14:18:11Z",
        "value": "1.378834477",
        "cumulative": false
    },
    {
        "date": "2020-09-11T14:18:31Z",
        "value": "1.362286876",
        "cumulative": false
    },
    {
        "date": "2020-09-11T14:18:42Z",
        "value": "1.397833343",
        "cumulative": false
    },
    {
        "date": "2020-09-11T14:19:00Z",
        "value": "1.349436865",
        "cumulative": false
    },
    {
        "date": "2020-09-11T14:19:14Z",
        "value": "1.365428738",
        "cumulative": false
    },
    {
        "date": "2020-09-11T14:19:25Z",
        "value": "1.402202153",
        "cumulative": false
    },
    {
        "date": "2020-09-11T14:19:36Z",
        "value": "1.365434533",
        "cumulative": false
    },
    {
        "date": "2020-09-11T14:19:54Z",
        "value": "1.380382066",
        "cumulative": false
    },
    {
        "date": "2020-09-11T14:20:07Z",
        "value": "1.343977007",
        "cumulative": false
    },
    {
        "date": "2020-09-11T14:20:25Z",
        "value": "1.371721152",
        "cumulative": false
    },
    {
        "date": "2020-09-11T14:20:45Z",
        "value": "1.352998811",
        "cumulative": false
    },
    {
        "date": "2020-09-11T14:20:57Z",
        "value": "1.376157964",
        "cumulative": false
    },
    {
        "date": "2020-09-11T14:21:12Z",
        "value": "0.988769069",
        "cumulative": false
    },
    {
        "date": "2020-09-11T14:21:28Z",
        "value": "0.022168999",
        "cumulative": false
    },
    {
        "date": "2020-09-11T14:21:42Z",
        "value": "0.0",
        "cumulative": false
    },
    {
        "date": "2020-09-11T14:22:03Z",
        "value": "0.0",
        "cumulative": false
    },
    {
        "date": "2020-09-11T14:22:14Z",
        "value": "0.0",
        "cumulative": false
    },
    {
        "date": "2020-09-11T14:22:36Z",
        "value": "0.0",
        "cumulative": false
    },
    {
        "date": "2020-09-11T14:22:50Z",
        "value": "0.0",
        "cumulative": false
    },
    {
        "date": "2020-09-11T14:23:15Z",
        "value": "0.0",
        "cumulative": false
    },
    {
        "date": "2020-09-11T14:23:33Z",
        "value": "0.0",
        "cumulative": false
    },
    {
        "date": "2020-09-11T14:23:54Z",
        "value": "0.0",
        "cumulative": false
    },
    {
        "date": "2020-09-11T14:24:05Z",
        "value": "0.0",
        "cumulative": false
    },
    {
        "date": "2020-09-11T14:24:22Z",
        "value": "0.0",
        "cumulative": false
    },
    {
        "date": "2020-09-11T14:24:38Z",
        "value": "0.0",
        "cumulative": false
    },
    {
        "date": "2020-09-11T14:24:54Z",
        "value": "0.0",
        "cumulative": false
    },
    {
        "date": "2020-09-11T14:25:13Z",
        "value": "0.0",
        "cumulative": false
    },
    {
        "date": "2020-09-11T14:25:34Z",
        "value": "0.0",
        "cumulative": false
    },
    {
        "date": "2020-09-11T14:25:49Z",
        "value": "0.0",
        "cumulative": false
    },
    {
        "date": "2020-09-11T14:26:17Z",
        "value": "0.0",
        "cumulative": false
    },
    {
        "date": "2020-09-11T14:26:33Z",
        "value": "0.0",
        "cumulative": false
    },
    {
        "date": "2020-09-11T14:26:49Z",
        "value": "0.0",
        "cumulative": false
    },
    {
        "date": "2020-09-11T14:27:09Z",
        "value": "0.0",
        "cumulative": false
    },
    {
        "date": "2020-09-11T14:27:35Z",
        "value": "0.0",
        "cumulative": false
    },
    {
        "date": "2020-09-11T14:27:45Z",
        "value": "0.0",
        "cumulative": false
    },
    {
        "date": "2020-09-11T14:28:13Z",
        "value": "0.0",
        "cumulative": false
    },
    {
        "date": "2020-09-11T14:28:23Z",
        "value": "0.0",
        "cumulative": false
    },
    {
        "date": "2020-09-11T14:28:53Z",
        "value": "0.0",
        "cumulative": false
    },
    {
        "date": "2020-09-11T14:29:04Z",
        "value": "0.0",
        "cumulative": false
    },
    {
        "date": "2020-09-11T14:29:31Z",
        "value": "0.0",
        "cumulative": false
    },
    {
        "date": "2020-09-11T14:29:47Z",
        "value": "0.0",
        "cumulative": false
    },
    {
        "date": "2020-09-11T14:30:06Z",
        "value": "0.0",
        "cumulative": false
    },
    {
        "date": "2020-09-11T14:30:26Z",
        "value": "0.0",
        "cumulative": false
    },
    {
        "date": "2020-09-11T14:30:51Z",
        "value": "0.0",
        "cumulative": false
    },
    {
        "date": "2020-09-11T14:31:05Z",
        "value": "0.0",
        "cumulative": false
    },
    {
        "date": "2020-09-11T14:31:30Z",
        "value": "0.0",
        "cumulative": false
    },
    {
        "date": "2020-09-11T14:31:48Z",
        "value": "0.0",
        "cumulative": false
    }
]