[
    {
        "date": "2020-09-11T13:42:04Z",
        "value": "4.00543212890625e-05",
        "cumulative": true
    },
    {
        "date": "2020-09-11T13:42:15Z",
        "value": "4.00543212890625e-05",
        "cumulative": true
    },
    {
        "date": "2020-09-11T13:42:36Z",
        "value": "307.5023241043091",
        "cumulative": true
    },
    {
        "date": "2020-09-11T13:42:56Z",
        "value": "3564.5011882781982",
        "cumulative": true
    },
    {
        "date": "2020-09-11T13:43:15Z",
        "value": "7030.538619995117",
        "cumulative": true
    },
    {
        "date": "2020-09-11T13:43:35Z",
        "value": "10839.513907432556",
        "cumulative": true
    },
    {
        "date": "2020-09-11T13:43:51Z",
        "value": "13948.45905303955",
        "cumulative": true
    },
    {
        "date": "2020-09-11T13:44:09Z",
        "value": "17571.04117012024",
        "cumulative": true
    },
    {
        "date": "2020-09-11T13:44:28Z",
        "value": "21637.311349868774",
        "cumulative": true
    },
    {
        "date": "2020-09-11T13:44:40Z",
        "value": "23533.41079711914",
        "cumulative": true
    },
    {
        "date": "2020-09-11T13:44:53Z",
        "value": "27107.096923828125",
        "cumulative": true
    },
    {
        "date": "2020-09-11T13:45:12Z",
        "value": "30293.130989074707",
        "cumulative": true
    },
    {
        "date": "2020-09-11T13:45:22Z",
        "value": "33136.33444023132",
        "cumulative": true
    },
    {
        "date": "2020-09-11T13:45:35Z",
        "value": "35857.86969947815",
        "cumulative": true
    },
    {
        "date": "2020-09-11T13:45:50Z",
        "value": "39023.97807312012",
        "cumulative": true
    },
    {
        "date": "2020-09-11T13:46:05Z",
        "value": "43071.07098007202",
        "cumulative": true
    },
    {
        "date": "2020-09-11T13:46:22Z",
        "value": "45732.10363006592",
        "cumulative": true
    },
    {
        "date": "2020-09-11T13:46:41Z",
        "value": "49409.94362163544",
        "cumulative": true
    },
    {
        "date": "2020-09-11T13:46:58Z",
        "value": "53884.85155391693",
        "cumulative": true
    },
    {
        "date": "2020-09-11T13:47:08Z",
        "value": "55955.6951379776",
        "cumulative": true
    },
    {
        "date": "2020-09-11T13:47:28Z",
        "value": "58595.01472568512",
        "cumulative": true
    },
    {
        "date": "2020-09-11T13:47:45Z",
        "value": "62532.86786365509",
        "cumulative": true
    },
    {
        "date": "2020-09-11T13:47:56Z",
        "value": "65557.31689929962",
        "cumulative": true
    },
    {
        "date": "2020-09-11T13:48:14Z",
        "value": "70252.98439979553",
        "cumulative": true
    },
    {
        "date": "2020-09-11T13:48:31Z",
        "value": "72597.77167892456",
        "cumulative": true
    },
    {
        "date": "2020-09-11T13:48:41Z",
        "value": "73952.66244888306",
        "cumulative": true
    },
    {
        "date": "2020-09-11T13:48:51Z",
        "value": "75543.75395202637",
        "cumulative": true
    },
    {
        "date": "2020-09-11T13:49:03Z",
        "value": "78825.710105896",
        "cumulative": true
    },
    {
        "date": "2020-09-11T13:49:22Z",
        "value": "83557.88312339783",
        "cumulative": true
    },
    {
        "date": "2020-09-11T13:49:35Z",
        "value": "87237.20579338074",
        "cumulative": true
    },
    {
        "date": "2020-09-11T13:49:54Z",
        "value": "90204.99808979034",
        "cumulative": true
    },
    {
        "date": "2020-09-11T13:50:10Z",
        "value": "92171.91455554962",
        "cumulative": true
    },
    {
        "date": "2020-09-11T13:50:28Z",
        "value": "94535.38311100006",
        "cumulative": true
    },
    {
        "date": "2020-09-11T13:50:43Z",
        "value": "98648.04273033142",
        "cumulative": true
    },
    {
        "date": "2020-09-11T13:51:00Z",
        "value": "103745.41791725159",
        "cumulative": true
    },
    {
        "date": "2020-09-11T13:51:20Z",
        "value": "109786.94598579407",
        "cumulative": true
    },
    {
        "date": "2020-09-11T13:51:31Z",
        "value": "112203.98784255981",
        "cumulative": true
    },
    {
        "date": "2020-09-11T13:51:50Z",
        "value": "114684.3556098938",
        "cumulative": true
    },
    {
        "date": "2020-09-11T13:52:08Z",
        "value": "117092.51000404358",
        "cumulative": true
    },
    {
        "date": "2020-09-11T13:52:19Z",
        "value": "118502.59554290771",
        "cumulative": true
    },
    {
        "date": "2020-09-11T13:52:39Z",
        "value": "122732.20937633514",
        "cumulative": true
    },
    {
        "date": "2020-09-11T13:52:58Z",
        "value": "128527.76417636871",
        "cumulative": true
    },
    {
        "date": "2020-09-11T13:53:12Z",
        "value": "132281.0212430954",
        "cumulative": true
    },
    {
        "date": "2020-09-11T13:53:31Z",
        "value": "137995.4459104538",
        "cumulative": true
    },
    {
        "date": "2020-09-11T13:53:48Z",
        "value": "141659.45014095306",
        "cumulative": true
    },
    {
        "date": "2020-09-11T13:54:02Z",
        "value": "143661.65520000458",
        "cumulative": true
    },
    {
        "date": "2020-09-11T13:54:14Z",
        "value": "145226.63908100128",
        "cumulative": true
    },
    {
        "date": "2020-09-11T13:54:24Z",
        "value": "146588.15154361725",
        "cumulative": true
    },
    {
        "date": "2020-09-11T13:54:40Z",
        "value": "148582.0231142044",
        "cumulative": true
    },
    {
        "date": "2020-09-11T13:54:58Z",
        "value": "151005.1914587021",
        "cumulative": true
    },
    {
        "date": "2020-09-11T13:55:10Z",
        "value": "154123.36546325684",
        "cumulative": true
    },
    {
        "date": "2020-09-11T13:55:23Z",
        "value": "157751.9988746643",
        "cumulative": true
    },
    {
        "date": "2020-09-11T13:55:38Z",
        "value": "161799.4620437622",
        "cumulative": true
    },
    {
        "date": "2020-09-11T13:55:56Z",
        "value": "167099.86344146729",
        "cumulative": true
    },
    {
        "date": "2020-09-11T13:56:10Z",
        "value": "170683.2145614624",
        "cumulative": true
    },
    {
        "date": "2020-09-11T13:56:25Z",
        "value": "175033.17246627808",
        "cumulative": true
    },
    {
        "date": "2020-09-11T13:56:45Z",
        "value": "178864.001496315",
        "cumulative": true
    },
    {
        "date": "2020-09-11T13:56:56Z",
        "value": "180283.53641986847",
        "cumulative": true
    },
    {
        "date": "2020-09-11T13:57:15Z",
        "value": "182831.09223651886",
        "cumulative": true
    },
    {
        "date": "2020-09-11T13:57:33Z",
        "value": "185078.20350933075",
        "cumulative": true
    },
    {
        "date": "2020-09-11T13:57:44Z",
        "value": "186536.1576719284",
        "cumulative": true
    },
    {
        "date": "2020-09-11T13:57:54Z",
        "value": "187858.4459180832",
        "cumulative": true
    },
    {
        "date": "2020-09-11T13:58:11Z",
        "value": "190005.59067440033",
        "cumulative": true
    },
    {
        "date": "2020-09-11T13:58:22Z",
        "value": "192076.39440631866",
        "cumulative": true
    },
    {
        "date": "2020-09-11T13:58:41Z",
        "value": "197600.01277065277",
        "cumulative": true
    },
    {
        "date": "2020-09-11T13:58:53Z",
        "value": "201048.36753368378",
        "cumulative": true
    },
    {
        "date": "2020-09-11T13:59:05Z",
        "value": "204267.7717180252",
        "cumulative": true
    },
    {
        "date": "2020-09-11T13:59:18Z",
        "value": "207941.4351568222",
        "cumulative": true
    },
    {
        "date": "2020-09-11T13:59:33Z",
        "value": "212350.59117031097",
        "cumulative": true
    },
    {
        "date": "2020-09-11T13:59:52Z",
        "value": "218023.98471546173",
        "cumulative": true
    },
    {
        "date": "2020-09-11T14:00:07Z",
        "value": "222515.29604625702",
        "cumulative": true
    },
    {
        "date": "2020-09-11T14:00:27Z",
        "value": "226018.2051639557",
        "cumulative": true
    },
    {
        "date": "2020-09-11T14:00:40Z",
        "value": "227973.7656917572",
        "cumulative": true
    },
    {
        "date": "2020-09-11T14:00:54Z",
        "value": "229702.7336807251",
        "cumulative": true
    },
    {
        "date": "2020-09-11T14:01:05Z",
        "value": "231367.60396575928",
        "cumulative": true
    },
    {
        "date": "2020-09-11T14:01:19Z",
        "value": "233209.26451301575",
        "cumulative": true
    },
    {
        "date": "2020-09-11T14:01:31Z",
        "value": "234762.5006351471",
        "cumulative": true
    },
    {
        "date": "2020-09-11T14:01:48Z",
        "value": "237215.06147384644",
        "cumulative": true
    },
    {
        "date": "2020-09-11T14:02:01Z",
        "value": "238788.10877990723",
        "cumulative": true
    },
    {
        "date": "2020-09-11T14:02:15Z",
        "value": "240735.89254188538",
        "cumulative": true
    },
    {
        "date": "2020-09-11T14:02:27Z",
        "value": "244026.75914478302",
        "cumulative": true
    },
    {
        "date": "2020-09-11T14:02:40Z",
        "value": "247446.03147792816",
        "cumulative": true
    },
    {
        "date": "2020-09-11T14:02:56Z",
        "value": "252056.40805530548",
        "cumulative": true
    },
    {
        "date": "2020-09-11T14:03:12Z",
        "value": "256686.78722286224",
        "cumulative": true
    },
    {
        "date": "2020-09-11T14:03:23Z",
        "value": "260065.12436771393",
        "cumulative": true
    },
    {
        "date": "2020-09-11T14:03:43Z",
        "value": "265646.86963558197",
        "cumulative": true
    },
    {
        "date": "2020-09-11T14:04:00Z",
        "value": "270626.1785879135",
        "cumulative": true
    },
    {
        "date": "2020-09-11T14:04:17Z",
        "value": "275690.1839056015",
        "cumulative": true
    },
    {
        "date": "2020-09-11T14:04:28Z",
        "value": "278798.67567539215",
        "cumulative": true
    },
    {
        "date": "2020-09-11T14:04:41Z",
        "value": "282746.14008045197",
        "cumulative": true
    },
    {
        "date": "2020-09-11T14:04:56Z",
        "value": "285031.94421195984",
        "cumulative": true
    },
    {
        "date": "2020-09-11T14:05:12Z",
        "value": "287283.5562171936",
        "cumulative": true
    },
    {
        "date": "2020-09-11T14:05:29Z",
        "value": "289390.0792732239",
        "cumulative": true
    },
    {
        "date": "2020-09-11T14:05:42Z",
        "value": "291287.6713447571",
        "cumulative": true
    },
    {
        "date": "2020-09-11T14:06:01Z",
        "value": "293818.8505001068",
        "cumulative": true
    },
    {
        "date": "2020-09-11T14:06:21Z",
        "value": "296561.8553314209",
        "cumulative": true
    },
    {
        "date": "2020-09-11T14:06:31Z",
        "value": "297828.2717037201",
        "cumulative": true
    },
    {
        "date": "2020-09-11T14:06:45Z",
        "value": "299937.4177246094",
        "cumulative": true
    },
    {
        "date": "2020-09-11T14:06:58Z",
        "value": "301493.0137023926",
        "cumulative": true
    },
    {
        "date": "2020-09-11T14:07:16Z",
        "value": "303959.10282325745",
        "cumulative": true
    },
    {
        "date": "2020-09-11T14:07:31Z",
        "value": "308107.3195619583",
        "cumulative": true
    },
    {
        "date": "2020-09-11T14:07:47Z",
        "value": "312903.5179166794",
        "cumulative": true
    },
    {
        "date": "2020-09-11T14:08:02Z",
        "value": "317175.345744133",
        "cumulative": true
    },
    {
        "date": "2020-09-11T14:08:16Z",
        "value": "321573.3099794388",
        "cumulative": true
    },
    {
        "date": "2020-09-11T14:08:36Z",
        "value": "327341.2672967911",
        "cumulative": true
    },
    {
        "date": "2020-09-11T14:08:46Z",
        "value": "330511.7431783676",
        "cumulative": true
    },
    {
        "date": "2020-09-11T14:09:00Z",
        "value": "334735.53195667267",
        "cumulative": true
    },
    {
        "date": "2020-09-11T14:09:18Z",
        "value": "340122.17322063446",
        "cumulative": true
    },
    {
        "date": "2020-09-11T14:09:36Z",
        "value": "345656.5897169113",
        "cumulative": true
    },
    {
        "date": "2020-09-11T14:09:47Z",
        "value": "348938.205578804",
        "cumulative": true
    },
    {
        "date": "2020-09-11T14:10:01Z",
        "value": "353395.8668489456",
        "cumulative": true
    },
    {
        "date": "2020-09-11T14:10:18Z",
        "value": "357918.1441192627",
        "cumulative": true
    },
    {
        "date": "2020-09-11T14:10:30Z",
        "value": "359514.63727760315",
        "cumulative": true
    },
    {
        "date": "2020-09-11T14:10:47Z",
        "value": "361914.2584095001",
        "cumulative": true
    },
    {
        "date": "2020-09-11T14:11:02Z",
        "value": "364040.8660297394",
        "cumulative": true
    },
    {
        "date": "2020-09-11T14:11:15Z",
        "value": "365906.11458206177",
        "cumulative": true
    },
    {
        "date": "2020-09-11T14:11:32Z",
        "value": "368307.74383735657",
        "cumulative": true
    },
    {
        "date": "2020-09-11T14:11:50Z",
        "value": "370705.3774280548",
        "cumulative": true
    },
    {
        "date": "2020-09-11T14:12:00Z",
        "value": "372066.5577392578",
        "cumulative": true
    },
    {
        "date": "2020-09-11T14:12:10Z",
        "value": "373636.12714767456",
        "cumulative": true
    },
    {
        "date": "2020-09-11T14:12:26Z",
        "value": "375771.9769439697",
        "cumulative": true
    },
    {
        "date": "2020-09-11T14:12:38Z",
        "value": "377371.35500335693",
        "cumulative": true
    },
    {
        "date": "2020-09-11T14:12:53Z",
        "value": "379518.3511505127",
        "cumulative": true
    },
    {
        "date": "2020-09-11T14:13:11Z",
        "value": "381927.2349052429",
        "cumulative": true
    },
    {
        "date": "2020-09-11T14:13:24Z",
        "value": "383780.371969223",
        "cumulative": true
    },
    {
        "date": "2020-09-11T14:13:40Z",
        "value": "388119.38991642",
        "cumulative": true
    },
    {
        "date": "2020-09-11T14:13:52Z",
        "value": "391732.15693950653",
        "cumulative": true
    },
    {
        "date": "2020-09-11T14:14:08Z",
        "value": "396503.9632806778",
        "cumulative": true
    },
    {
        "date": "2020-09-11T14:14:22Z",
        "value": "401145.83094120026",
        "cumulative": true
    },
    {
        "date": "2020-09-11T14:14:37Z",
        "value": "405719.77758312225",
        "cumulative": true
    },
    {
        "date": "2020-09-11T14:14:49Z",
        "value": "409305.14171504974",
        "cumulative": true
    },
    {
        "date": "2020-09-11T14:15:03Z",
        "value": "413680.891787529",
        "cumulative": true
    },
    {
        "date": "2020-09-11T14:15:22Z",
        "value": "419278.76608371735",
        "cumulative": true
    },
    {
        "date": "2020-09-11T14:15:32Z",
        "value": "422588.716711998",
        "cumulative": true
    },
    {
        "date": "2020-09-11T14:15:47Z",
        "value": "427268.61343097687",
        "cumulative": true
    },
    {
        "date": "2020-09-11T14:16:01Z",
        "value": "431371.90565395355",
        "cumulative": true
    },
    {
        "date": "2020-09-11T14:16:13Z",
        "value": "435096.86253643036",
        "cumulative": true
    },
    {
        "date": "2020-09-11T14:16:30Z",
        "value": "440111.7025823593",
        "cumulative": true
    },
    {
        "date": "2020-09-11T14:16:40Z",
        "value": "443431.48449993134",
        "cumulative": true
    },
    {
        "date": "2020-09-11T14:16:58Z",
        "value": "448865.05838871",
        "cumulative": true
    },
    {
        "date": "2020-09-11T14:17:12Z",
        "value": "452177.0847787857",
        "cumulative": true
    },
    {
        "date": "2020-09-11T14:17:24Z",
        "value": "453584.83589839935",
        "cumulative": true
    },
    {
        "date": "2020-09-11T14:17:39Z",
        "value": "455930.58145427704",
        "cumulative": true
    },
    {
        "date": "2020-09-11T14:17:52Z",
        "value": "457617.93740940094",
        "cumulative": true
    },
    {
        "date": "2020-09-11T14:18:08Z",
        "value": "459968.84907245636",
        "cumulative": true
    },
    {
        "date": "2020-09-11T14:18:26Z",
        "value": "462325.18340587616",
        "cumulative": true
    },
    {
        "date": "2020-09-11T14:18:41Z",
        "value": "464572.0211839676",
        "cumulative": true
    },
    {
        "date": "2020-09-11T14:18:56Z",
        "value": "466498.5513353348",
        "cumulative": true
    },
    {
        "date": "2020-09-11T14:19:14Z",
        "value": "469065.2738542557",
        "cumulative": true
    },
    {
        "date": "2020-09-11T14:19:31Z",
        "value": "471578.4020986557",
        "cumulative": true
    },
    {
        "date": "2020-09-11T14:19:42Z",
        "value": "473101.6904439926",
        "cumulative": true
    },
    {
        "date": "2020-09-11T14:19:54Z",
        "value": "474780.3657312393",
        "cumulative": true
    },
    {
        "date": "2020-09-11T14:20:13Z",
        "value": "477470.43397045135",
        "cumulative": true
    },
    {
        "date": "2020-09-11T14:20:32Z",
        "value": "480051.7056722641",
        "cumulative": true
    },
    {
        "date": "2020-09-11T14:20:43Z",
        "value": "481620.90313243866",
        "cumulative": true
    },
    {
        "date": "2020-09-11T14:21:00Z",
        "value": "484099.4349184036",
        "cumulative": true
    },
    {
        "date": "2020-09-11T14:21:12Z",
        "value": "485220.3436574936",
        "cumulative": true
    },
    {
        "date": "2020-09-11T14:21:28Z",
        "value": "485220.34453868866",
        "cumulative": true
    },
    {
        "date": "2020-09-11T14:21:41Z",
        "value": "485220.34453868866",
        "cumulative": true
    },
    {
        "date": "2020-09-11T14:21:58Z",
        "value": "485220.34453868866",
        "cumulative": true
    },
    {
        "date": "2020-09-11T14:22:16Z",
        "value": "485220.34453868866",
        "cumulative": true
    },
    {
        "date": "2020-09-11T14:22:44Z",
        "value": "485220.34453868866",
        "cumulative": true
    },
    {
        "date": "2020-09-11T14:22:54Z",
        "value": "485220.34453868866",
        "cumulative": true
    },
    {
        "date": "2020-09-11T14:23:10Z",
        "value": "485220.34453868866",
        "cumulative": true
    },
    {
        "date": "2020-09-11T14:23:26Z",
        "value": "485220.34453868866",
        "cumulative": true
    },
    {
        "date": "2020-09-11T14:23:48Z",
        "value": "485220.34453868866",
        "cumulative": true
    },
    {
        "date": "2020-09-11T14:24:06Z",
        "value": "485220.34453868866",
        "cumulative": true
    },
    {
        "date": "2020-09-11T14:24:24Z",
        "value": "485220.34453868866",
        "cumulative": true
    },
    {
        "date": "2020-09-11T14:24:40Z",
        "value": "485220.34453868866",
        "cumulative": true
    },
    {
        "date": "2020-09-11T14:25:01Z",
        "value": "485220.34453868866",
        "cumulative": true
    },
    {
        "date": "2020-09-11T14:25:16Z",
        "value": "485220.34453868866",
        "cumulative": true
    },
    {
        "date": "2020-09-11T14:25:33Z",
        "value": "485220.34453868866",
        "cumulative": true
    },
    {
        "date": "2020-09-11T14:25:51Z",
        "value": "485220.34453868866",
        "cumulative": true
    },
    {
        "date": "2020-09-11T14:26:10Z",
        "value": "485220.34453868866",
        "cumulative": true
    },
    {
        "date": "2020-09-11T14:26:29Z",
        "value": "485220.34453868866",
        "cumulative": true
    },
    {
        "date": "2020-09-11T14:26:45Z",
        "value": "485220.34453868866",
        "cumulative": true
    },
    {
        "date": "2020-09-11T14:26:57Z",
        "value": "485220.34453868866",
        "cumulative": true
    },
    {
        "date": "2020-09-11T14:27:18Z",
        "value": "485220.34453868866",
        "cumulative": true
    },
    {
        "date": "2020-09-11T14:27:35Z",
        "value": "485220.34453868866",
        "cumulative": true
    },
    {
        "date": "2020-09-11T14:28:02Z",
        "value": "485220.34453868866",
        "cumulative": true
    },
    {
        "date": "2020-09-11T14:28:22Z",
        "value": "485220.34453868866",
        "cumulative": true
    },
    {
        "date": "2020-09-11T14:28:43Z",
        "value": "485220.34453868866",
        "cumulative": true
    },
    {
        "date": "2020-09-11T14:29:03Z",
        "value": "485220.34453868866",
        "cumulative": true
    },
    {
        "date": "2020-09-11T14:29:19Z",
        "value": "485220.34453868866",
        "cumulative": true
    },
    {
        "date": "2020-09-11T14:29:31Z",
        "value": "485220.34453868866",
        "cumulative": true
    },
    {
        "date": "2020-09-11T14:29:51Z",
        "value": "485220.34453868866",
        "cumulative": true
    },
    {
        "date": "2020-09-11T14:30:06Z",
        "value": "485220.34453868866",
        "cumulative": true
    },
    {
        "date": "2020-09-11T14:30:32Z",
        "value": "485220.34453868866",
        "cumulative": true
    },
    {
        "date": "2020-09-11T14:30:47Z",
        "value": "485220.34453868866",
        "cumulative": true
    },
    {
        "date": "2020-09-11T14:31:10Z",
        "value": "485220.34453868866",
        "cumulative": true
    },
    {
        "date": "2020-09-11T14:31:27Z",
        "value": "485220.34453868866",
        "cumulative": true
    },
    {
        "date": "2020-09-11T14:31:48Z",
        "value": "485220.34453868866",
        "cumulative": true
    }
]