[
    {
        "date": "2020-09-11T13:42:00Z",
        "value": "0.0009593963623046875",
        "cumulative": true
    },
    {
        "date": "2020-09-11T13:42:11Z",
        "value": "0.0009593963623046875",
        "cumulative": true
    },
    {
        "date": "2020-09-11T13:42:32Z",
        "value": "98.32340335845947",
        "cumulative": true
    },
    {
        "date": "2020-09-11T13:42:48Z",
        "value": "1835.2109985351562",
        "cumulative": true
    },
    {
        "date": "2020-09-11T13:43:05Z",
        "value": "5251.518445968628",
        "cumulative": true
    },
    {
        "date": "2020-09-11T13:43:19Z",
        "value": "7628.483947753906",
        "cumulative": true
    },
    {
        "date": "2020-09-11T13:43:35Z",
        "value": "10966.395094871521",
        "cumulative": true
    },
    {
        "date": "2020-09-11T13:43:53Z",
        "value": "14270.261547088623",
        "cumulative": true
    },
    {
        "date": "2020-09-11T13:44:04Z",
        "value": "16521.87891292572",
        "cumulative": true
    },
    {
        "date": "2020-09-11T13:44:16Z",
        "value": "18757.2219581604",
        "cumulative": true
    },
    {
        "date": "2020-09-11T13:44:31Z",
        "value": "22196.48699092865",
        "cumulative": true
    },
    {
        "date": "2020-09-11T13:44:45Z",
        "value": "24936.164618492126",
        "cumulative": true
    },
    {
        "date": "2020-09-11T13:44:57Z",
        "value": "27925.48503112793",
        "cumulative": true
    },
    {
        "date": "2020-09-11T13:45:13Z",
        "value": "30696.07340812683",
        "cumulative": true
    },
    {
        "date": "2020-09-11T13:45:24Z",
        "value": "33813.81428718567",
        "cumulative": true
    },
    {
        "date": "2020-09-11T13:45:36Z",
        "value": "36058.31036090851",
        "cumulative": true
    },
    {
        "date": "2020-09-11T13:45:52Z",
        "value": "39645.955934524536",
        "cumulative": true
    },
    {
        "date": "2020-09-11T13:46:03Z",
        "value": "42529.503356933594",
        "cumulative": true
    },
    {
        "date": "2020-09-11T13:46:20Z",
        "value": "45615.3006105423",
        "cumulative": true
    },
    {
        "date": "2020-09-11T13:46:40Z",
        "value": "49154.46521663666",
        "cumulative": true
    },
    {
        "date": "2020-09-11T13:46:57Z",
        "value": "53852.16866207123",
        "cumulative": true
    },
    {
        "date": "2020-09-11T13:47:10Z",
        "value": "56352.259110450745",
        "cumulative": true
    },
    {
        "date": "2020-09-11T13:47:22Z",
        "value": "57933.21881198883",
        "cumulative": true
    },
    {
        "date": "2020-09-11T13:47:40Z",
        "value": "61124.857659339905",
        "cumulative": true
    },
    {
        "date": "2020-09-11T13:47:51Z",
        "value": "64464.72793674469",
        "cumulative": true
    },
    {
        "date": "2020-09-11T13:48:08Z",
        "value": "69060.3978395462",
        "cumulative": true
    },
    {
        "date": "2020-09-11T13:48:19Z",
        "value": "71052.2965707779",
        "cumulative": true
    },
    {
        "date": "2020-09-11T13:48:37Z",
        "value": "73602.72738933563",
        "cumulative": true
    },
    {
        "date": "2020-09-11T13:48:56Z",
        "value": "76905.14957237244",
        "cumulative": true
    },
    {
        "date": "2020-09-11T13:49:08Z",
        "value": "79982.33284950256",
        "cumulative": true
    },
    {
        "date": "2020-09-11T13:49:27Z",
        "value": "85223.18284797668",
        "cumulative": true
    },
    {
        "date": "2020-09-11T13:49:46Z",
        "value": "89439.17358493805",
        "cumulative": true
    },
    {
        "date": "2020-09-11T13:50:00Z",
        "value": "91217.90854740143",
        "cumulative": true
    },
    {
        "date": "2020-09-11T13:50:12Z",
        "value": "92667.71913814545",
        "cumulative": true
    },
    {
        "date": "2020-09-11T13:50:28Z",
        "value": "94777.27254581451",
        "cumulative": true
    },
    {
        "date": "2020-09-11T13:50:40Z",
        "value": "97899.77397251129",
        "cumulative": true
    },
    {
        "date": "2020-09-11T13:50:53Z",
        "value": "101918.85958766937",
        "cumulative": true
    },
    {
        "date": "2020-09-11T13:51:10Z",
        "value": "107051.06150341034",
        "cumulative": true
    },
    {
        "date": "2020-09-11T13:51:20Z",
        "value": "110221.6565542221",
        "cumulative": true
    },
    {
        "date": "2020-09-11T13:51:35Z",
        "value": "113044.12286663055",
        "cumulative": true
    },
    {
        "date": "2020-09-11T13:51:46Z",
        "value": "114540.2683725357",
        "cumulative": true
    },
    {
        "date": "2020-09-11T13:52:02Z",
        "value": "116618.77408123016",
        "cumulative": true
    },
    {
        "date": "2020-09-11T13:52:14Z",
        "value": "118204.46260356903",
        "cumulative": true
    },
    {
        "date": "2020-09-11T13:52:31Z",
        "value": "120689.17623996735",
        "cumulative": true
    },
    {
        "date": "2020-09-11T13:52:44Z",
        "value": "124448.05226612091",
        "cumulative": true
    },
    {
        "date": "2020-09-11T13:52:58Z",
        "value": "128852.7414522171",
        "cumulative": true
    },
    {
        "date": "2020-09-11T13:53:18Z",
        "value": "134508.64222621918",
        "cumulative": true
    },
    {
        "date": "2020-09-11T13:53:32Z",
        "value": "138908.24653339386",
        "cumulative": true
    },
    {
        "date": "2020-09-11T13:53:44Z",
        "value": "141531.51533317566",
        "cumulative": true
    },
    {
        "date": "2020-09-11T13:53:54Z",
        "value": "142811.25571250916",
        "cumulative": true
    },
    {
        "date": "2020-09-11T13:54:12Z",
        "value": "145309.7757911682",
        "cumulative": true
    },
    {
        "date": "2020-09-11T13:54:26Z",
        "value": "147091.8954257965",
        "cumulative": true
    },
    {
        "date": "2020-09-11T13:54:38Z",
        "value": "148602.92753982544",
        "cumulative": true
    },
    {
        "date": "2020-09-11T13:54:55Z",
        "value": "150973.82568740845",
        "cumulative": true
    },
    {
        "date": "2020-09-11T13:55:09Z",
        "value": "154218.61201381683",
        "cumulative": true
    },
    {
        "date": "2020-09-11T13:55:26Z",
        "value": "158996.6530828476",
        "cumulative": true
    },
    {
        "date": "2020-09-11T13:55:40Z",
        "value": "162848.8448934555",
        "cumulative": true
    },
    {
        "date": "2020-09-11T13:55:56Z",
        "value": "167414.66065311432",
        "cumulative": true
    },
    {
        "date": "2020-09-11T13:56:07Z",
        "value": "170250.31736850739",
        "cumulative": true
    },
    {
        "date": "2020-09-11T13:56:25Z",
        "value": "175157.5275964737",
        "cumulative": true
    },
    {
        "date": "2020-09-11T13:56:44Z",
        "value": "179084.75755882263",
        "cumulative": true
    },
    {
        "date": "2020-09-11T13:57:02Z",
        "value": "181471.0279159546",
        "cumulative": true
    },
    {
        "date": "2020-09-11T13:57:12Z",
        "value": "182792.99529266357",
        "cumulative": true
    },
    {
        "date": "2020-09-11T13:57:28Z",
        "value": "184779.46326828003",
        "cumulative": true
    },
    {
        "date": "2020-09-11T13:57:46Z",
        "value": "187160.16445350647",
        "cumulative": true
    },
    {
        "date": "2020-09-11T13:57:57Z",
        "value": "188522.45518875122",
        "cumulative": true
    },
    {
        "date": "2020-09-11T13:58:09Z",
        "value": "190077.38910484314",
        "cumulative": true
    },
    {
        "date": "2020-09-11T13:58:19Z",
        "value": "191603.70535087585",
        "cumulative": true
    },
    {
        "date": "2020-09-11T13:58:38Z",
        "value": "196955.8662223816",
        "cumulative": true
    },
    {
        "date": "2020-09-11T13:58:56Z",
        "value": "202054.98379135132",
        "cumulative": true
    },
    {
        "date": "2020-09-11T13:59:11Z",
        "value": "206310.9780254364",
        "cumulative": true
    },
    {
        "date": "2020-09-11T13:59:29Z",
        "value": "211656.24368286133",
        "cumulative": true
    },
    {
        "date": "2020-09-11T13:59:45Z",
        "value": "216348.5032596588",
        "cumulative": true
    },
    {
        "date": "2020-09-11T14:00:02Z",
        "value": "221449.1477909088",
        "cumulative": true
    },
    {
        "date": "2020-09-11T14:00:17Z",
        "value": "225142.52633190155",
        "cumulative": true
    },
    {
        "date": "2020-09-11T14:00:32Z",
        "value": "227237.30370044708",
        "cumulative": true
    },
    {
        "date": "2020-09-11T14:00:50Z",
        "value": "229693.3977613449",
        "cumulative": true
    },
    {
        "date": "2020-09-11T14:01:08Z",
        "value": "232086.5617170334",
        "cumulative": true
    },
    {
        "date": "2020-09-11T14:01:20Z",
        "value": "233758.32144069672",
        "cumulative": true
    },
    {
        "date": "2020-09-11T14:01:31Z",
        "value": "235259.74224185944",
        "cumulative": true
    },
    {
        "date": "2020-09-11T14:01:51Z",
        "value": "237938.91090488434",
        "cumulative": true
    },
    {
        "date": "2020-09-11T14:02:05Z",
        "value": "239784.48849964142",
        "cumulative": true
    },
    {
        "date": "2020-09-11T14:02:22Z",
        "value": "242724.6706047058",
        "cumulative": true
    },
    {
        "date": "2020-09-11T14:02:39Z",
        "value": "247778.5374393463",
        "cumulative": true
    },
    {
        "date": "2020-09-11T14:02:57Z",
        "value": "252783.82536697388",
        "cumulative": true
    },
    {
        "date": "2020-09-11T14:03:10Z",
        "value": "256531.82932662964",
        "cumulative": true
    },
    {
        "date": "2020-09-11T14:03:21Z",
        "value": "259656.70894813538",
        "cumulative": true
    },
    {
        "date": "2020-09-11T14:03:40Z",
        "value": "265262.67541122437",
        "cumulative": true
    },
    {
        "date": "2020-09-11T14:03:58Z",
        "value": "270543.54155158997",
        "cumulative": true
    },
    {
        "date": "2020-09-11T14:04:17Z",
        "value": "276046.66386795044",
        "cumulative": true
    },
    {
        "date": "2020-09-11T14:04:35Z",
        "value": "281476.1855068207",
        "cumulative": true
    },
    {
        "date": "2020-09-11T14:04:47Z",
        "value": "284061.6350259781",
        "cumulative": true
    },
    {
        "date": "2020-09-11T14:05:01Z",
        "value": "285961.3165216446",
        "cumulative": true
    },
    {
        "date": "2020-09-11T14:05:14Z",
        "value": "287776.14612293243",
        "cumulative": true
    },
    {
        "date": "2020-09-11T14:05:32Z",
        "value": "290289.20530223846",
        "cumulative": true
    },
    {
        "date": "2020-09-11T14:05:48Z",
        "value": "292311.34820461273",
        "cumulative": true
    },
    {
        "date": "2020-09-11T14:06:03Z",
        "value": "294424.76291942596",
        "cumulative": true
    },
    {
        "date": "2020-09-11T14:06:17Z",
        "value": "296331.08883953094",
        "cumulative": true
    },
    {
        "date": "2020-09-11T14:06:31Z",
        "value": "298230.4360818863",
        "cumulative": true
    },
    {
        "date": "2020-09-11T14:06:51Z",
        "value": "300980.95946216583",
        "cumulative": true
    },
    {
        "date": "2020-09-11T14:07:05Z",
        "value": "302877.75213718414",
        "cumulative": true
    },
    {
        "date": "2020-09-11T14:07:22Z",
        "value": "305686.12033462524",
        "cumulative": true
    },
    {
        "date": "2020-09-11T14:07:35Z",
        "value": "309579.59764289856",
        "cumulative": true
    },
    {
        "date": "2020-09-11T14:07:51Z",
        "value": "314372.8251247406",
        "cumulative": true
    },
    {
        "date": "2020-09-11T14:08:07Z",
        "value": "319162.8430919647",
        "cumulative": true
    },
    {
        "date": "2020-09-11T14:08:17Z",
        "value": "322155.15438461304",
        "cumulative": true
    },
    {
        "date": "2020-09-11T14:08:34Z",
        "value": "327388.56089019775",
        "cumulative": true
    },
    {
        "date": "2020-09-11T14:08:47Z",
        "value": "331433.6465072632",
        "cumulative": true
    },
    {
        "date": "2020-09-11T14:09:01Z",
        "value": "335387.9778175354",
        "cumulative": true
    },
    {
        "date": "2020-09-11T14:09:19Z",
        "value": "340883.2719306946",
        "cumulative": true
    },
    {
        "date": "2020-09-11T14:09:29Z",
        "value": "344138.6273803711",
        "cumulative": true
    },
    {
        "date": "2020-09-11T14:09:41Z",
        "value": "347832.07043266296",
        "cumulative": true
    },
    {
        "date": "2020-09-11T14:10:00Z",
        "value": "353270.8343772888",
        "cumulative": true
    },
    {
        "date": "2020-09-11T14:10:11Z",
        "value": "356481.91068840027",
        "cumulative": true
    },
    {
        "date": "2020-09-11T14:10:29Z",
        "value": "359934.1009244919",
        "cumulative": true
    },
    {
        "date": "2020-09-11T14:10:45Z",
        "value": "362067.49800395966",
        "cumulative": true
    },
    {
        "date": "2020-09-11T14:10:55Z",
        "value": "363502.4578027725",
        "cumulative": true
    },
    {
        "date": "2020-09-11T14:11:05Z",
        "value": "365003.1986398697",
        "cumulative": true
    },
    {
        "date": "2020-09-11T14:11:22Z",
        "value": "367215.02359867096",
        "cumulative": true
    },
    {
        "date": "2020-09-11T14:11:40Z",
        "value": "369786.92990779877",
        "cumulative": true
    },
    {
        "date": "2020-09-11T14:11:59Z",
        "value": "372475.9121656418",
        "cumulative": true
    },
    {
        "date": "2020-09-11T14:12:11Z",
        "value": "374072.60635471344",
        "cumulative": true
    },
    {
        "date": "2020-09-11T14:12:30Z",
        "value": "376738.76434612274",
        "cumulative": true
    },
    {
        "date": "2020-09-11T14:12:44Z",
        "value": "378752.84087085724",
        "cumulative": true
    },
    {
        "date": "2020-09-11T14:13:02Z",
        "value": "381268.5455942154",
        "cumulative": true
    },
    {
        "date": "2020-09-11T14:13:19Z",
        "value": "383441.6342973709",
        "cumulative": true
    },
    {
        "date": "2020-09-11T14:13:30Z",
        "value": "385407.18595695496",
        "cumulative": true
    },
    {
        "date": "2020-09-11T14:13:42Z",
        "value": "389262.3962211609",
        "cumulative": true
    },
    {
        "date": "2020-09-11T14:13:57Z",
        "value": "393536.17725372314",
        "cumulative": true
    },
    {
        "date": "2020-09-11T14:14:12Z",
        "value": "398208.3230667114",
        "cumulative": true
    },
    {
        "date": "2020-09-11T14:14:32Z",
        "value": "404240.8801765442",
        "cumulative": true
    },
    {
        "date": "2020-09-11T14:14:46Z",
        "value": "408945.6573963165",
        "cumulative": true
    },
    {
        "date": "2020-09-11T14:14:57Z",
        "value": "412298.33446502686",
        "cumulative": true
    },
    {
        "date": "2020-09-11T14:15:14Z",
        "value": "417188.1465187073",
        "cumulative": true
    },
    {
        "date": "2020-09-11T14:15:30Z",
        "value": "422389.57715797424",
        "cumulative": true
    },
    {
        "date": "2020-09-11T14:15:44Z",
        "value": "426421.9671649933",
        "cumulative": true
    },
    {
        "date": "2020-09-11T14:15:58Z",
        "value": "430819.2867126465",
        "cumulative": true
    },
    {
        "date": "2020-09-11T14:16:12Z",
        "value": "435159.09164237976",
        "cumulative": true
    },
    {
        "date": "2020-09-11T14:16:28Z",
        "value": "439877.3639831543",
        "cumulative": true
    },
    {
        "date": "2020-09-11T14:16:40Z",
        "value": "443911.1463031769",
        "cumulative": true
    },
    {
        "date": "2020-09-11T14:16:58Z",
        "value": "448876.9726409912",
        "cumulative": true
    },
    {
        "date": "2020-09-11T14:17:17Z",
        "value": "452989.427400589",
        "cumulative": true
    },
    {
        "date": "2020-09-11T14:17:36Z",
        "value": "455680.7886199951",
        "cumulative": true
    },
    {
        "date": "2020-09-11T14:17:47Z",
        "value": "457359.98904037476",
        "cumulative": true
    },
    {
        "date": "2020-09-11T14:18:04Z",
        "value": "459714.62795829773",
        "cumulative": true
    },
    {
        "date": "2020-09-11T14:18:23Z",
        "value": "462407.47297668457",
        "cumulative": true
    },
    {
        "date": "2020-09-11T14:18:42Z",
        "value": "465103.36929130554",
        "cumulative": true
    },
    {
        "date": "2020-09-11T14:19:00Z",
        "value": "467465.09007263184",
        "cumulative": true
    },
    {
        "date": "2020-09-11T14:19:13Z",
        "value": "469482.3526954651",
        "cumulative": true
    },
    {
        "date": "2020-09-11T14:19:32Z",
        "value": "472167.4227619171",
        "cumulative": true
    },
    {
        "date": "2020-09-11T14:19:43Z",
        "value": "473522.44476890564",
        "cumulative": true
    },
    {
        "date": "2020-09-11T14:19:56Z",
        "value": "475439.17293930054",
        "cumulative": true
    },
    {
        "date": "2020-09-11T14:20:11Z",
        "value": "477561.09079933167",
        "cumulative": true
    },
    {
        "date": "2020-09-11T14:20:31Z",
        "value": "480252.982378006",
        "cumulative": true
    },
    {
        "date": "2020-09-11T14:20:44Z",
        "value": "482272.13113212585",
        "cumulative": true
    },
    {
        "date": "2020-09-11T14:20:55Z",
        "value": "483825.09166526794",
        "cumulative": true
    },
    {
        "date": "2020-09-11T14:21:10Z",
        "value": "485636.82304763794",
        "cumulative": true
    },
    {
        "date": "2020-09-11T14:21:28Z",
        "value": "485636.82436943054",
        "cumulative": true
    },
    {
        "date": "2020-09-11T14:21:48Z",
        "value": "485636.82436943054",
        "cumulative": true
    },
    {
        "date": "2020-09-11T14:22:16Z",
        "value": "485636.82436943054",
        "cumulative": true
    },
    {
        "date": "2020-09-11T14:22:31Z",
        "value": "485636.82436943054",
        "cumulative": true
    },
    {
        "date": "2020-09-11T14:22:57Z",
        "value": "485636.82436943054",
        "cumulative": true
    },
    {
        "date": "2020-09-11T14:23:12Z",
        "value": "485636.82436943054",
        "cumulative": true
    },
    {
        "date": "2020-09-11T14:23:38Z",
        "value": "485636.82436943054",
        "cumulative": true
    },
    {
        "date": "2020-09-11T14:23:48Z",
        "value": "485636.82436943054",
        "cumulative": true
    },
    {
        "date": "2020-09-11T14:24:05Z",
        "value": "485636.82436943054",
        "cumulative": true
    },
    {
        "date": "2020-09-11T14:24:19Z",
        "value": "485636.82436943054",
        "cumulative": true
    },
    {
        "date": "2020-09-11T14:24:43Z",
        "value": "485636.82436943054",
        "cumulative": true
    },
    {
        "date": "2020-09-11T14:25:00Z",
        "value": "485636.82436943054",
        "cumulative": true
    },
    {
        "date": "2020-09-11T14:25:25Z",
        "value": "485636.82436943054",
        "cumulative": true
    },
    {
        "date": "2020-09-11T14:25:42Z",
        "value": "485636.82436943054",
        "cumulative": true
    },
    {
        "date": "2020-09-11T14:26:09Z",
        "value": "485636.82436943054",
        "cumulative": true
    },
    {
        "date": "2020-09-11T14:26:23Z",
        "value": "485636.82436943054",
        "cumulative": true
    },
    {
        "date": "2020-09-11T14:26:41Z",
        "value": "485636.82436943054",
        "cumulative": true
    },
    {
        "date": "2020-09-11T14:26:55Z",
        "value": "485636.82436943054",
        "cumulative": true
    },
    {
        "date": "2020-09-11T14:27:18Z",
        "value": "485636.82436943054",
        "cumulative": true
    },
    {
        "date": "2020-09-11T14:27:37Z",
        "value": "485636.82436943054",
        "cumulative": true
    },
    {
        "date": "2020-09-11T14:28:05Z",
        "value": "485636.82436943054",
        "cumulative": true
    },
    {
        "date": "2020-09-11T14:28:21Z",
        "value": "485636.82436943054",
        "cumulative": true
    },
    {
        "date": "2020-09-11T14:28:37Z",
        "value": "485636.82436943054",
        "cumulative": true
    },
    {
        "date": "2020-09-11T14:28:54Z",
        "value": "485636.82436943054",
        "cumulative": true
    },
    {
        "date": "2020-09-11T14:29:10Z",
        "value": "485636.82436943054",
        "cumulative": true
    },
    {
        "date": "2020-09-11T14:29:29Z",
        "value": "485636.82436943054",
        "cumulative": true
    },
    {
        "date": "2020-09-11T14:29:46Z",
        "value": "485636.82436943054",
        "cumulative": true
    },
    {
        "date": "2020-09-11T14:30:02Z",
        "value": "485636.82436943054",
        "cumulative": true
    },
    {
        "date": "2020-09-11T14:30:23Z",
        "value": "485636.82436943054",
        "cumulative": true
    },
    {
        "date": "2020-09-11T14:30:34Z",
        "value": "485636.82436943054",
        "cumulative": true
    },
    {
        "date": "2020-09-11T14:31:00Z",
        "value": "485636.82436943054",
        "cumulative": true
    },
    {
        "date": "2020-09-11T14:31:15Z",
        "value": "485636.82436943054",
        "cumulative": true
    },
    {
        "date": "2020-09-11T14:31:38Z",
        "value": "485636.82436943054",
        "cumulative": true
    }
]