[
    {
        "date": "2020-09-11T13:42:04Z",
        "value": "0.006917746",
        "cumulative": false
    },
    {
        "date": "2020-09-11T13:42:18Z",
        "value": "0.221415976",
        "cumulative": false
    },
    {
        "date": "2020-09-11T13:42:32Z",
        "value": "1.683363695",
        "cumulative": false
    },
    {
        "date": "2020-09-11T13:42:45Z",
        "value": "2.193477706",
        "cumulative": false
    },
    {
        "date": "2020-09-11T13:43:00Z",
        "value": "2.135058555",
        "cumulative": false
    },
    {
        "date": "2020-09-11T13:43:17Z",
        "value": "2.07613473",
        "cumulative": false
    },
    {
        "date": "2020-09-11T13:43:36Z",
        "value": "1.896328156",
        "cumulative": false
    },
    {
        "date": "2020-09-11T13:43:54Z",
        "value": "1.900596901",
        "cumulative": false
    },
    {
        "date": "2020-09-11T13:44:05Z",
        "value": "1.821933453",
        "cumulative": false
    },
    {
        "date": "2020-09-11T13:44:24Z",
        "value": "1.847364225",
        "cumulative": false
    },
    {
        "date": "2020-09-11T13:44:35Z",
        "value": "1.845339942",
        "cumulative": false
    },
    {
        "date": "2020-09-11T13:44:49Z",
        "value": "1.808297684",
        "cumulative": false
    },
    {
        "date": "2020-09-11T13:45:01Z",
        "value": "1.806659082",
        "cumulative": false
    },
    {
        "date": "2020-09-11T13:45:14Z",
        "value": "1.818210648",
        "cumulative": false
    },
    {
        "date": "2020-09-11T13:45:33Z",
        "value": "1.757004477",
        "cumulative": false
    },
    {
        "date": "2020-09-11T13:45:44Z",
        "value": "1.839365241",
        "cumulative": false
    },
    {
        "date": "2020-09-11T13:46:03Z",
        "value": "1.73224649",
        "cumulative": false
    },
    {
        "date": "2020-09-11T13:46:22Z",
        "value": "1.748920036",
        "cumulative": false
    },
    {
        "date": "2020-09-11T13:46:36Z",
        "value": "1.740100483",
        "cumulative": false
    },
    {
        "date": "2020-09-11T13:46:50Z",
        "value": "1.690727156",
        "cumulative": false
    },
    {
        "date": "2020-09-11T13:47:09Z",
        "value": "1.697270797",
        "cumulative": false
    },
    {
        "date": "2020-09-11T13:47:24Z",
        "value": "1.740988555",
        "cumulative": false
    },
    {
        "date": "2020-09-11T13:47:38Z",
        "value": "1.722097165",
        "cumulative": false
    },
    {
        "date": "2020-09-11T13:47:58Z",
        "value": "1.666908508",
        "cumulative": false
    },
    {
        "date": "2020-09-11T13:48:11Z",
        "value": "1.65799422",
        "cumulative": false
    },
    {
        "date": "2020-09-11T13:48:31Z",
        "value": "1.737820071",
        "cumulative": false
    },
    {
        "date": "2020-09-11T13:48:43Z",
        "value": "1.751251394",
        "cumulative": false
    },
    {
        "date": "2020-09-11T13:48:57Z",
        "value": "1.698976596",
        "cumulative": false
    },
    {
        "date": "2020-09-11T13:49:12Z",
        "value": "1.681342123",
        "cumulative": false
    },
    {
        "date": "2020-09-11T13:49:32Z",
        "value": "1.680601946",
        "cumulative": false
    },
    {
        "date": "2020-09-11T13:49:44Z",
        "value": "1.692303715",
        "cumulative": false
    },
    {
        "date": "2020-09-11T13:50:02Z",
        "value": "1.739946835",
        "cumulative": false
    },
    {
        "date": "2020-09-11T13:50:22Z",
        "value": "1.736300424",
        "cumulative": false
    },
    {
        "date": "2020-09-11T13:50:38Z",
        "value": "1.635515862",
        "cumulative": false
    },
    {
        "date": "2020-09-11T13:50:49Z",
        "value": "1.64809036",
        "cumulative": false
    },
    {
        "date": "2020-09-11T13:51:05Z",
        "value": "1.6475922",
        "cumulative": false
    },
    {
        "date": "2020-09-11T13:51:21Z",
        "value": "1.628489643",
        "cumulative": false
    },
    {
        "date": "2020-09-11T13:51:37Z",
        "value": "1.508478638",
        "cumulative": false
    },
    {
        "date": "2020-09-11T13:51:54Z",
        "value": "1.472763739",
        "cumulative": false
    },
    {
        "date": "2020-09-11T13:52:08Z",
        "value": "1.481690503",
        "cumulative": false
    },
    {
        "date": "2020-09-11T13:52:22Z",
        "value": "1.480802468",
        "cumulative": false
    },
    {
        "date": "2020-09-11T13:52:35Z",
        "value": "1.582361365",
        "cumulative": false
    },
    {
        "date": "2020-09-11T13:52:49Z",
        "value": "1.65440167",
        "cumulative": false
    },
    {
        "date": "2020-09-11T13:53:03Z",
        "value": "1.650982006",
        "cumulative": false
    },
    {
        "date": "2020-09-11T13:53:18Z",
        "value": "1.665405575",
        "cumulative": false
    },
    {
        "date": "2020-09-11T13:53:35Z",
        "value": "1.634330047",
        "cumulative": false
    },
    {
        "date": "2020-09-11T13:53:52Z",
        "value": "1.542774159",
        "cumulative": false
    },
    {
        "date": "2020-09-11T13:54:08Z",
        "value": "1.460076718",
        "cumulative": false
    },
    {
        "date": "2020-09-11T13:54:22Z",
        "value": "1.48114077",
        "cumulative": false
    },
    {
        "date": "2020-09-11T13:54:35Z",
        "value": "1.49170293",
        "cumulative": false
    },
    {
        "date": "2020-09-11T13:54:53Z",
        "value": "1.463050638",
        "cumulative": false
    },
    {
        "date": "2020-09-11T13:55:12Z",
        "value": "1.6161582",
        "cumulative": false
    },
    {
        "date": "2020-09-11T13:55:23Z",
        "value": "1.656042837",
        "cumulative": false
    },
    {
        "date": "2020-09-11T13:55:38Z",
        "value": "1.678790935",
        "cumulative": false
    },
    {
        "date": "2020-09-11T13:55:57Z",
        "value": "1.665176784",
        "cumulative": false
    },
    {
        "date": "2020-09-11T13:56:12Z",
        "value": "1.668725389",
        "cumulative": false
    },
    {
        "date": "2020-09-11T13:56:29Z",
        "value": "1.693644068",
        "cumulative": false
    },
    {
        "date": "2020-09-11T13:56:41Z",
        "value": "1.587734027",
        "cumulative": false
    },
    {
        "date": "2020-09-11T13:56:53Z",
        "value": "1.470741329",
        "cumulative": false
    },
    {
        "date": "2020-09-11T13:57:09Z",
        "value": "1.497306691",
        "cumulative": false
    },
    {
        "date": "2020-09-11T13:57:28Z",
        "value": "1.49497228",
        "cumulative": false
    },
    {
        "date": "2020-09-11T13:57:40Z",
        "value": "1.491216103",
        "cumulative": false
    },
    {
        "date": "2020-09-11T13:57:56Z",
        "value": "1.484830855",
        "cumulative": false
    },
    {
        "date": "2020-09-11T13:58:08Z",
        "value": "1.48354014",
        "cumulative": false
    },
    {
        "date": "2020-09-11T13:58:25Z",
        "value": "1.564859278",
        "cumulative": false
    },
    {
        "date": "2020-09-11T13:58:40Z",
        "value": "1.666457354",
        "cumulative": false
    },
    {
        "date": "2020-09-11T13:58:58Z",
        "value": "1.677239953",
        "cumulative": false
    },
    {
        "date": "2020-09-11T13:59:17Z",
        "value": "1.668429213",
        "cumulative": false
    },
    {
        "date": "2020-09-11T13:59:37Z",
        "value": "1.644221906",
        "cumulative": false
    },
    {
        "date": "2020-09-11T13:59:53Z",
        "value": "1.672568715",
        "cumulative": false
    },
    {
        "date": "2020-09-11T14:00:06Z",
        "value": "1.642785469",
        "cumulative": false
    },
    {
        "date": "2020-09-11T14:00:22Z",
        "value": "1.566487636",
        "cumulative": false
    },
    {
        "date": "2020-09-11T14:00:37Z",
        "value": "1.466834989",
        "cumulative": false
    },
    {
        "date": "2020-09-11T14:00:50Z",
        "value": "1.469363339",
        "cumulative": false
    },
    {
        "date": "2020-09-11T14:01:04Z",
        "value": "1.470357905",
        "cumulative": false
    },
    {
        "date": "2020-09-11T14:01:17Z",
        "value": "1.468468643",
        "cumulative": false
    },
    {
        "date": "2020-09-11T14:01:29Z",
        "value": "1.459732794",
        "cumulative": false
    },
    {
        "date": "2020-09-11T14:01:49Z",
        "value": "1.477880738",
        "cumulative": false
    },
    {
        "date": "2020-09-11T14:02:05Z",
        "value": "1.478688018",
        "cumulative": false
    },
    {
        "date": "2020-09-11T14:02:19Z",
        "value": "1.498092061",
        "cumulative": false
    },
    {
        "date": "2020-09-11T14:02:34Z",
        "value": "1.661151321",
        "cumulative": false
    },
    {
        "date": "2020-09-11T14:02:50Z",
        "value": "1.677528209",
        "cumulative": false
    },
    {
        "date": "2020-09-11T14:03:00Z",
        "value": "1.644522961",
        "cumulative": false
    },
    {
        "date": "2020-09-11T14:03:12Z",
        "value": "1.664951209",
        "cumulative": false
    },
    {
        "date": "2020-09-11T14:03:24Z",
        "value": "1.662543594",
        "cumulative": false
    },
    {
        "date": "2020-09-11T14:03:42Z",
        "value": "1.667316985",
        "cumulative": false
    },
    {
        "date": "2020-09-11T14:04:00Z",
        "value": "1.654351425",
        "cumulative": false
    },
    {
        "date": "2020-09-11T14:04:12Z",
        "value": "1.660775768",
        "cumulative": false
    },
    {
        "date": "2020-09-11T14:04:27Z",
        "value": "1.656306045",
        "cumulative": false
    },
    {
        "date": "2020-09-11T14:04:38Z",
        "value": "1.676325088",
        "cumulative": false
    },
    {
        "date": "2020-09-11T14:04:55Z",
        "value": "1.524908726",
        "cumulative": false
    },
    {
        "date": "2020-09-11T14:05:06Z",
        "value": "1.459520166",
        "cumulative": false
    },
    {
        "date": "2020-09-11T14:05:18Z",
        "value": "1.46491734",
        "cumulative": false
    },
    {
        "date": "2020-09-11T14:05:34Z",
        "value": "1.49983068",
        "cumulative": false
    },
    {
        "date": "2020-09-11T14:05:47Z",
        "value": "1.470698433",
        "cumulative": false
    },
    {
        "date": "2020-09-11T14:06:01Z",
        "value": "1.465576931",
        "cumulative": false
    },
    {
        "date": "2020-09-11T14:06:20Z",
        "value": "1.452290203",
        "cumulative": false
    },
    {
        "date": "2020-09-11T14:06:38Z",
        "value": "1.495535441",
        "cumulative": false
    },
    {
        "date": "2020-09-11T14:06:52Z",
        "value": "1.469847981",
        "cumulative": false
    },
    {
        "date": "2020-09-11T14:07:03Z",
        "value": "1.510515552",
        "cumulative": false
    },
    {
        "date": "2020-09-11T14:07:19Z",
        "value": "1.45447771",
        "cumulative": false
    },
    {
        "date": "2020-09-11T14:07:34Z",
        "value": "1.670109074",
        "cumulative": false
    },
    {
        "date": "2020-09-11T14:07:45Z",
        "value": "1.602166112",
        "cumulative": false
    },
    {
        "date": "2020-09-11T14:08:04Z",
        "value": "1.667383851",
        "cumulative": false
    },
    {
        "date": "2020-09-11T14:08:15Z",
        "value": "1.644295118",
        "cumulative": false
    },
    {
        "date": "2020-09-11T14:08:26Z",
        "value": "1.668533853",
        "cumulative": false
    },
    {
        "date": "2020-09-11T14:08:40Z",
        "value": "1.653515896",
        "cumulative": false
    },
    {
        "date": "2020-09-11T14:08:56Z",
        "value": "1.624407287",
        "cumulative": false
    },
    {
        "date": "2020-09-11T14:09:07Z",
        "value": "1.662775465",
        "cumulative": false
    },
    {
        "date": "2020-09-11T14:09:26Z",
        "value": "1.663173324",
        "cumulative": false
    },
    {
        "date": "2020-09-11T14:09:42Z",
        "value": "1.648408869",
        "cumulative": false
    },
    {
        "date": "2020-09-11T14:09:55Z",
        "value": "1.655283226",
        "cumulative": false
    },
    {
        "date": "2020-09-11T14:10:10Z",
        "value": "1.659543803",
        "cumulative": false
    },
    {
        "date": "2020-09-11T14:10:26Z",
        "value": "1.496717524",
        "cumulative": false
    },
    {
        "date": "2020-09-11T14:10:39Z",
        "value": "1.476825268",
        "cumulative": false
    },
    {
        "date": "2020-09-11T14:10:59Z",
        "value": "1.446723859",
        "cumulative": false
    },
    {
        "date": "2020-09-11T14:11:14Z",
        "value": "1.482081634",
        "cumulative": false
    },
    {
        "date": "2020-09-11T14:11:31Z",
        "value": "1.450279451",
        "cumulative": false
    },
    {
        "date": "2020-09-11T14:11:46Z",
        "value": "1.459900316",
        "cumulative": false
    },
    {
        "date": "2020-09-11T14:12:01Z",
        "value": "1.471919479",
        "cumulative": false
    },
    {
        "date": "2020-09-11T14:12:13Z",
        "value": "1.429616581",
        "cumulative": false
    },
    {
        "date": "2020-09-11T14:12:32Z",
        "value": "1.47330709",
        "cumulative": false
    },
    {
        "date": "2020-09-11T14:12:51Z",
        "value": "1.459074419",
        "cumulative": false
    },
    {
        "date": "2020-09-11T14:13:04Z",
        "value": "1.477498302",
        "cumulative": false
    },
    {
        "date": "2020-09-11T14:13:14Z",
        "value": "1.425324798",
        "cumulative": false
    },
    {
        "date": "2020-09-11T14:13:33Z",
        "value": "1.533789977",
        "cumulative": false
    },
    {
        "date": "2020-09-11T14:13:46Z",
        "value": "1.637118959",
        "cumulative": false
    },
    {
        "date": "2020-09-11T14:14:06Z",
        "value": "1.649840633",
        "cumulative": false
    },
    {
        "date": "2020-09-11T14:14:16Z",
        "value": "1.653157799",
        "cumulative": false
    },
    {
        "date": "2020-09-11T14:14:33Z",
        "value": "1.649578096",
        "cumulative": false
    },
    {
        "date": "2020-09-11T14:14:49Z",
        "value": "1.631897511",
        "cumulative": false
    },
    {
        "date": "2020-09-11T14:15:00Z",
        "value": "1.649826467",
        "cumulative": false
    },
    {
        "date": "2020-09-11T14:15:11Z",
        "value": "1.647638289",
        "cumulative": false
    },
    {
        "date": "2020-09-11T14:15:23Z",
        "value": "1.666907836",
        "cumulative": false
    },
    {
        "date": "2020-09-11T14:15:41Z",
        "value": "1.622958168",
        "cumulative": false
    },
    {
        "date": "2020-09-11T14:15:58Z",
        "value": "1.660396883",
        "cumulative": false
    },
    {
        "date": "2020-09-11T14:16:16Z",
        "value": "1.634671274",
        "cumulative": false
    },
    {
        "date": "2020-09-11T14:16:36Z",
        "value": "1.65973452",
        "cumulative": false
    },
    {
        "date": "2020-09-11T14:16:55Z",
        "value": "1.644079672",
        "cumulative": false
    },
    {
        "date": "2020-09-11T14:17:12Z",
        "value": "1.617146885",
        "cumulative": false
    },
    {
        "date": "2020-09-11T14:17:24Z",
        "value": "1.449304358",
        "cumulative": false
    },
    {
        "date": "2020-09-11T14:17:44Z",
        "value": "1.466130441",
        "cumulative": false
    },
    {
        "date": "2020-09-11T14:18:04Z",
        "value": "1.44889878",
        "cumulative": false
    },
    {
        "date": "2020-09-11T14:18:16Z",
        "value": "1.462990592",
        "cumulative": false
    },
    {
        "date": "2020-09-11T14:18:35Z",
        "value": "1.45150258",
        "cumulative": false
    },
    {
        "date": "2020-09-11T14:18:48Z",
        "value": "1.461776223",
        "cumulative": false
    },
    {
        "date": "2020-09-11T14:18:59Z",
        "value": "1.492860664",
        "cumulative": false
    },
    {
        "date": "2020-09-11T14:19:18Z",
        "value": "1.443199065",
        "cumulative": false
    },
    {
        "date": "2020-09-11T14:19:33Z",
        "value": "1.444672851",
        "cumulative": false
    },
    {
        "date": "2020-09-11T14:19:45Z",
        "value": "1.465654687",
        "cumulative": false
    },
    {
        "date": "2020-09-11T14:19:57Z",
        "value": "1.498119858",
        "cumulative": false
    },
    {
        "date": "2020-09-11T14:20:12Z",
        "value": "1.423590527",
        "cumulative": false
    },
    {
        "date": "2020-09-11T14:20:29Z",
        "value": "1.483100711",
        "cumulative": false
    },
    {
        "date": "2020-09-11T14:20:42Z",
        "value": "1.441976951",
        "cumulative": false
    },
    {
        "date": "2020-09-11T14:20:53Z",
        "value": "1.457403533",
        "cumulative": false
    },
    {
        "date": "2020-09-11T14:21:06Z",
        "value": "1.425665458",
        "cumulative": false
    },
    {
        "date": "2020-09-11T14:21:26Z",
        "value": "0.134954273",
        "cumulative": false
    },
    {
        "date": "2020-09-11T14:21:45Z",
        "value": "0.0",
        "cumulative": false
    },
    {
        "date": "2020-09-11T14:22:05Z",
        "value": "0.0",
        "cumulative": false
    },
    {
        "date": "2020-09-11T14:22:19Z",
        "value": "0.0",
        "cumulative": false
    },
    {
        "date": "2020-09-11T14:22:39Z",
        "value": "0.0",
        "cumulative": false
    },
    {
        "date": "2020-09-11T14:22:54Z",
        "value": "0.0",
        "cumulative": false
    },
    {
        "date": "2020-09-11T14:23:17Z",
        "value": "0.0",
        "cumulative": false
    },
    {
        "date": "2020-09-11T14:23:32Z",
        "value": "0.0",
        "cumulative": false
    },
    {
        "date": "2020-09-11T14:23:58Z",
        "value": "0.0",
        "cumulative": false
    },
    {
        "date": "2020-09-11T14:24:15Z",
        "value": "0.0",
        "cumulative": false
    },
    {
        "date": "2020-09-11T14:24:33Z",
        "value": "0.0",
        "cumulative": false
    },
    {
        "date": "2020-09-11T14:24:46Z",
        "value": "0.0",
        "cumulative": false
    },
    {
        "date": "2020-09-11T14:25:11Z",
        "value": "0.0",
        "cumulative": false
    },
    {
        "date": "2020-09-11T14:25:26Z",
        "value": "0.0",
        "cumulative": false
    },
    {
        "date": "2020-09-11T14:25:55Z",
        "value": "0.0",
        "cumulative": false
    },
    {
        "date": "2020-09-11T14:26:11Z",
        "value": "0.0",
        "cumulative": false
    },
    {
        "date": "2020-09-11T14:26:39Z",
        "value": "0.0",
        "cumulative": false
    },
    {
        "date": "2020-09-11T14:26:52Z",
        "value": "0.0",
        "cumulative": false
    },
    {
        "date": "2020-09-11T14:27:09Z",
        "value": "0.0",
        "cumulative": false
    },
    {
        "date": "2020-09-11T14:27:29Z",
        "value": "0.0",
        "cumulative": false
    },
    {
        "date": "2020-09-11T14:27:51Z",
        "value": "0.0",
        "cumulative": false
    },
    {
        "date": "2020-09-11T14:28:05Z",
        "value": "0.0",
        "cumulative": false
    },
    {
        "date": "2020-09-11T14:28:21Z",
        "value": "0.0",
        "cumulative": false
    },
    {
        "date": "2020-09-11T14:28:32Z",
        "value": "0.0",
        "cumulative": false
    },
    {
        "date": "2020-09-11T14:28:56Z",
        "value": "0.0",
        "cumulative": false
    },
    {
        "date": "2020-09-11T14:29:10Z",
        "value": "0.0",
        "cumulative": false
    },
    {
        "date": "2020-09-11T14:29:31Z",
        "value": "0.0",
        "cumulative": false
    },
    {
        "date": "2020-09-11T14:29:41Z",
        "value": "0.0",
        "cumulative": false
    },
    {
        "date": "2020-09-11T14:30:09Z",
        "value": "0.0",
        "cumulative": false
    },
    {
        "date": "2020-09-11T14:30:26Z",
        "value": "0.0",
        "cumulative": false
    },
    {
        "date": "2020-09-11T14:30:47Z",
        "value": "0.0",
        "cumulative": false
    },
    {
        "date": "2020-09-11T14:31:01Z",
        "value": "0.0",
        "cumulative": false
    },
    {
        "date": "2020-09-11T14:31:28Z",
        "value": "0.0",
        "cumulative": false
    },
    {
        "date": "2020-09-11T14:31:38Z",
        "value": "0.0",
        "cumulative": false
    }
]