[
    {
        "date": "2020-09-11T13:42:08Z",
        "value": "4.00543212890625e-05",
        "cumulative": true
    },
    {
        "date": "2020-09-11T13:42:25Z",
        "value": "6.99311637878418",
        "cumulative": true
    },
    {
        "date": "2020-09-11T13:42:41Z",
        "value": "734.7773885726929",
        "cumulative": true
    },
    {
        "date": "2020-09-11T13:42:52Z",
        "value": "2632.1635513305664",
        "cumulative": true
    },
    {
        "date": "2020-09-11T13:43:07Z",
        "value": "5626.59871673584",
        "cumulative": true
    },
    {
        "date": "2020-09-11T13:43:17Z",
        "value": "7342.391756057739",
        "cumulative": true
    },
    {
        "date": "2020-09-11T13:43:32Z",
        "value": "10121.654508590698",
        "cumulative": true
    },
    {
        "date": "2020-09-11T13:43:50Z",
        "value": "13824.435257911682",
        "cumulative": true
    },
    {
        "date": "2020-09-11T13:44:01Z",
        "value": "15842.690638542175",
        "cumulative": true
    },
    {
        "date": "2020-09-11T13:44:12Z",
        "value": "18108.54116821289",
        "cumulative": true
    },
    {
        "date": "2020-09-11T13:44:29Z",
        "value": "21922.0556640625",
        "cumulative": true
    },
    {
        "date": "2020-09-11T13:44:41Z",
        "value": "23951.92326259613",
        "cumulative": true
    },
    {
        "date": "2020-09-11T13:44:59Z",
        "value": "28180.65996170044",
        "cumulative": true
    },
    {
        "date": "2020-09-11T13:45:17Z",
        "value": "31943.81571006775",
        "cumulative": true
    },
    {
        "date": "2020-09-11T13:45:28Z",
        "value": "34839.55823516846",
        "cumulative": true
    },
    {
        "date": "2020-09-11T13:45:44Z",
        "value": "37360.71371746063",
        "cumulative": true
    },
    {
        "date": "2020-09-11T13:45:59Z",
        "value": "41368.98357486725",
        "cumulative": true
    },
    {
        "date": "2020-09-11T13:46:17Z",
        "value": "45110.30185317993",
        "cumulative": true
    },
    {
        "date": "2020-09-11T13:46:33Z",
        "value": "47336.177121162415",
        "cumulative": true
    },
    {
        "date": "2020-09-11T13:46:48Z",
        "value": "51264.82901096344",
        "cumulative": true
    },
    {
        "date": "2020-09-11T13:47:02Z",
        "value": "55043.71699428558",
        "cumulative": true
    },
    {
        "date": "2020-09-11T13:47:14Z",
        "value": "56903.43883037567",
        "cumulative": true
    },
    {
        "date": "2020-09-11T13:47:24Z",
        "value": "58310.2719335556",
        "cumulative": true
    },
    {
        "date": "2020-09-11T13:47:41Z",
        "value": "61567.10402011871",
        "cumulative": true
    },
    {
        "date": "2020-09-11T13:47:52Z",
        "value": "64676.88733768463",
        "cumulative": true
    },
    {
        "date": "2020-09-11T13:48:07Z",
        "value": "68916.28663539886",
        "cumulative": true
    },
    {
        "date": "2020-09-11T13:48:21Z",
        "value": "71362.41845035553",
        "cumulative": true
    },
    {
        "date": "2020-09-11T13:48:32Z",
        "value": "72882.99779224396",
        "cumulative": true
    },
    {
        "date": "2020-09-11T13:48:47Z",
        "value": "74981.45376873016",
        "cumulative": true
    },
    {
        "date": "2020-09-11T13:49:01Z",
        "value": "78541.12048244476",
        "cumulative": true
    },
    {
        "date": "2020-09-11T13:49:15Z",
        "value": "81927.83351612091",
        "cumulative": true
    },
    {
        "date": "2020-09-11T13:49:30Z",
        "value": "86154.36549282074",
        "cumulative": true
    },
    {
        "date": "2020-09-11T13:49:40Z",
        "value": "88784.58689117432",
        "cumulative": true
    },
    {
        "date": "2020-09-11T13:49:56Z",
        "value": "90697.21340751648",
        "cumulative": true
    },
    {
        "date": "2020-09-11T13:50:15Z",
        "value": "93074.04962921143",
        "cumulative": true
    },
    {
        "date": "2020-09-11T13:50:28Z",
        "value": "94785.44087028503",
        "cumulative": true
    },
    {
        "date": "2020-09-11T13:50:43Z",
        "value": "98843.25794410706",
        "cumulative": true
    },
    {
        "date": "2020-09-11T13:50:59Z",
        "value": "103589.55382537842",
        "cumulative": true
    },
    {
        "date": "2020-09-11T13:51:18Z",
        "value": "109464.9979763031",
        "cumulative": true
    },
    {
        "date": "2020-09-11T13:51:38Z",
        "value": "113476.57367229462",
        "cumulative": true
    },
    {
        "date": "2020-09-11T13:51:54Z",
        "value": "115639.41106510162",
        "cumulative": true
    },
    {
        "date": "2020-09-11T13:52:13Z",
        "value": "118055.32465076447",
        "cumulative": true
    },
    {
        "date": "2020-09-11T13:52:26Z",
        "value": "119686.06663036346",
        "cumulative": true
    },
    {
        "date": "2020-09-11T13:52:39Z",
        "value": "123132.08505249023",
        "cumulative": true
    },
    {
        "date": "2020-09-11T13:52:55Z",
        "value": "127822.66421318054",
        "cumulative": true
    },
    {
        "date": "2020-09-11T13:53:07Z",
        "value": "131346.6269416809",
        "cumulative": true
    },
    {
        "date": "2020-09-11T13:53:22Z",
        "value": "135786.37572288513",
        "cumulative": true
    },
    {
        "date": "2020-09-11T13:53:39Z",
        "value": "140785.48365974426",
        "cumulative": true
    },
    {
        "date": "2020-09-11T13:53:49Z",
        "value": "142174.13295078278",
        "cumulative": true
    },
    {
        "date": "2020-09-11T13:54:09Z",
        "value": "144888.80165958405",
        "cumulative": true
    },
    {
        "date": "2020-09-11T13:54:28Z",
        "value": "147356.54507923126",
        "cumulative": true
    },
    {
        "date": "2020-09-11T13:54:44Z",
        "value": "149415.9153661728",
        "cumulative": true
    },
    {
        "date": "2020-09-11T13:55:00Z",
        "value": "151716.4547510147",
        "cumulative": true
    },
    {
        "date": "2020-09-11T13:55:18Z",
        "value": "156675.7096605301",
        "cumulative": true
    },
    {
        "date": "2020-09-11T13:55:35Z",
        "value": "161335.99326610565",
        "cumulative": true
    },
    {
        "date": "2020-09-11T13:55:47Z",
        "value": "164746.21211528778",
        "cumulative": true
    },
    {
        "date": "2020-09-11T13:56:01Z",
        "value": "168736.79365062714",
        "cumulative": true
    },
    {
        "date": "2020-09-11T13:56:13Z",
        "value": "171939.27204418182",
        "cumulative": true
    },
    {
        "date": "2020-09-11T13:56:32Z",
        "value": "177250.01761722565",
        "cumulative": true
    },
    {
        "date": "2020-09-11T13:56:43Z",
        "value": "178973.1839618683",
        "cumulative": true
    },
    {
        "date": "2020-09-11T13:56:57Z",
        "value": "180831.60781478882",
        "cumulative": true
    },
    {
        "date": "2020-09-11T13:57:10Z",
        "value": "182552.4402065277",
        "cumulative": true
    },
    {
        "date": "2020-09-11T13:57:27Z",
        "value": "184672.00804901123",
        "cumulative": true
    },
    {
        "date": "2020-09-11T13:57:41Z",
        "value": "186528.3262348175",
        "cumulative": true
    },
    {
        "date": "2020-09-11T13:58:00Z",
        "value": "188989.5339202881",
        "cumulative": true
    },
    {
        "date": "2020-09-11T13:58:12Z",
        "value": "190621.54655075073",
        "cumulative": true
    },
    {
        "date": "2020-09-11T13:58:28Z",
        "value": "194307.83957386017",
        "cumulative": true
    },
    {
        "date": "2020-09-11T13:58:45Z",
        "value": "199087.46904850006",
        "cumulative": true
    },
    {
        "date": "2020-09-11T13:59:04Z",
        "value": "204595.70020198822",
        "cumulative": true
    },
    {
        "date": "2020-09-11T13:59:23Z",
        "value": "209968.22263240814",
        "cumulative": true
    },
    {
        "date": "2020-09-11T13:59:40Z",
        "value": "215004.0648908615",
        "cumulative": true
    },
    {
        "date": "2020-09-11T13:59:52Z",
        "value": "218451.79825496674",
        "cumulative": true
    },
    {
        "date": "2020-09-11T14:00:05Z",
        "value": "222413.7562456131",
        "cumulative": true
    },
    {
        "date": "2020-09-11T14:00:18Z",
        "value": "225389.2999010086",
        "cumulative": true
    },
    {
        "date": "2020-09-11T14:00:29Z",
        "value": "226767.09586048126",
        "cumulative": true
    },
    {
        "date": "2020-09-11T14:00:39Z",
        "value": "228223.2337255478",
        "cumulative": true
    },
    {
        "date": "2020-09-11T14:00:56Z",
        "value": "230445.48140239716",
        "cumulative": true
    },
    {
        "date": "2020-09-11T14:01:13Z",
        "value": "232785.08027744293",
        "cumulative": true
    },
    {
        "date": "2020-09-11T14:01:25Z",
        "value": "234460.21247768402",
        "cumulative": true
    },
    {
        "date": "2020-09-11T14:01:35Z",
        "value": "235842.52027606964",
        "cumulative": true
    },
    {
        "date": "2020-09-11T14:01:51Z",
        "value": "237973.07166194916",
        "cumulative": true
    },
    {
        "date": "2020-09-11T14:02:09Z",
        "value": "240316.08034038544",
        "cumulative": true
    },
    {
        "date": "2020-09-11T14:02:25Z",
        "value": "243668.34880065918",
        "cumulative": true
    },
    {
        "date": "2020-09-11T14:02:41Z",
        "value": "248238.86917304993",
        "cumulative": true
    },
    {
        "date": "2020-09-11T14:02:52Z",
        "value": "251436.77508163452",
        "cumulative": true
    },
    {
        "date": "2020-09-11T14:03:10Z",
        "value": "256611.16478538513",
        "cumulative": true
    },
    {
        "date": "2020-09-11T14:03:27Z",
        "value": "261600.0467529297",
        "cumulative": true
    },
    {
        "date": "2020-09-11T14:03:44Z",
        "value": "266502.1047077179",
        "cumulative": true
    },
    {
        "date": "2020-09-11T14:03:59Z",
        "value": "271001.06264686584",
        "cumulative": true
    },
    {
        "date": "2020-09-11T14:04:17Z",
        "value": "276089.69117355347",
        "cumulative": true
    },
    {
        "date": "2020-09-11T14:04:32Z",
        "value": "280696.7629890442",
        "cumulative": true
    },
    {
        "date": "2020-09-11T14:04:49Z",
        "value": "284446.3076620102",
        "cumulative": true
    },
    {
        "date": "2020-09-11T14:05:05Z",
        "value": "286638.72665309906",
        "cumulative": true
    },
    {
        "date": "2020-09-11T14:05:22Z",
        "value": "288965.50257205963",
        "cumulative": true
    },
    {
        "date": "2020-09-11T14:05:40Z",
        "value": "291486.21077251434",
        "cumulative": true
    },
    {
        "date": "2020-09-11T14:05:57Z",
        "value": "293627.0154542923",
        "cumulative": true
    },
    {
        "date": "2020-09-11T14:06:14Z",
        "value": "295954.9973630905",
        "cumulative": true
    },
    {
        "date": "2020-09-11T14:06:33Z",
        "value": "298640.45637226105",
        "cumulative": true
    },
    {
        "date": "2020-09-11T14:06:44Z",
        "value": "300184.03244686127",
        "cumulative": true
    },
    {
        "date": "2020-09-11T14:06:57Z",
        "value": "301871.1711473465",
        "cumulative": true
    },
    {
        "date": "2020-09-11T14:07:15Z",
        "value": "304192.99746608734",
        "cumulative": true
    },
    {
        "date": "2020-09-11T14:07:30Z",
        "value": "308118.7552719116",
        "cumulative": true
    },
    {
        "date": "2020-09-11T14:07:44Z",
        "value": "312290.3471374512",
        "cumulative": true
    },
    {
        "date": "2020-09-11T14:08:01Z",
        "value": "317601.15114974976",
        "cumulative": true
    },
    {
        "date": "2020-09-11T14:08:17Z",
        "value": "322406.1354751587",
        "cumulative": true
    },
    {
        "date": "2020-09-11T14:08:36Z",
        "value": "327989.2218723297",
        "cumulative": true
    },
    {
        "date": "2020-09-11T14:08:51Z",
        "value": "332555.904630661",
        "cumulative": true
    },
    {
        "date": "2020-09-11T14:09:02Z",
        "value": "335737.59989738464",
        "cumulative": true
    },
    {
        "date": "2020-09-11T14:09:22Z",
        "value": "341602.3520679474",
        "cumulative": true
    },
    {
        "date": "2020-09-11T14:09:32Z",
        "value": "344791.87014198303",
        "cumulative": true
    },
    {
        "date": "2020-09-11T14:09:46Z",
        "value": "349214.6029853821",
        "cumulative": true
    },
    {
        "date": "2020-09-11T14:10:04Z",
        "value": "354618.3004589081",
        "cumulative": true
    },
    {
        "date": "2020-09-11T14:10:19Z",
        "value": "358638.3862295151",
        "cumulative": true
    },
    {
        "date": "2020-09-11T14:10:32Z",
        "value": "360240.69931316376",
        "cumulative": true
    },
    {
        "date": "2020-09-11T14:10:52Z",
        "value": "363141.18095111847",
        "cumulative": true
    },
    {
        "date": "2020-09-11T14:11:02Z",
        "value": "364510.1289358139",
        "cumulative": true
    },
    {
        "date": "2020-09-11T14:11:21Z",
        "value": "367176.31783390045",
        "cumulative": true
    },
    {
        "date": "2020-09-11T14:11:36Z",
        "value": "369312.8167066574",
        "cumulative": true
    },
    {
        "date": "2020-09-11T14:11:54Z",
        "value": "371715.1865224838",
        "cumulative": true
    },
    {
        "date": "2020-09-11T14:12:04Z",
        "value": "373088.5217256546",
        "cumulative": true
    },
    {
        "date": "2020-09-11T14:12:22Z",
        "value": "375656.60586071014",
        "cumulative": true
    },
    {
        "date": "2020-09-11T14:12:35Z",
        "value": "377579.5152711868",
        "cumulative": true
    },
    {
        "date": "2020-09-11T14:12:47Z",
        "value": "379178.40252017975",
        "cumulative": true
    },
    {
        "date": "2020-09-11T14:12:58Z",
        "value": "380742.7271413803",
        "cumulative": true
    },
    {
        "date": "2020-09-11T14:13:08Z",
        "value": "382109.29009342194",
        "cumulative": true
    },
    {
        "date": "2020-09-11T14:13:19Z",
        "value": "383447.02093982697",
        "cumulative": true
    },
    {
        "date": "2020-09-11T14:13:30Z",
        "value": "385450.7878036499",
        "cumulative": true
    },
    {
        "date": "2020-09-11T14:13:48Z",
        "value": "390915.1475200653",
        "cumulative": true
    },
    {
        "date": "2020-09-11T14:14:08Z",
        "value": "396938.39048957825",
        "cumulative": true
    },
    {
        "date": "2020-09-11T14:14:24Z",
        "value": "401946.66155815125",
        "cumulative": true
    },
    {
        "date": "2020-09-11T14:14:40Z",
        "value": "406967.06050491333",
        "cumulative": true
    },
    {
        "date": "2020-09-11T14:14:51Z",
        "value": "410325.984336853",
        "cumulative": true
    },
    {
        "date": "2020-09-11T14:15:08Z",
        "value": "415703.2994403839",
        "cumulative": true
    },
    {
        "date": "2020-09-11T14:15:28Z",
        "value": "421753.85795402527",
        "cumulative": true
    },
    {
        "date": "2020-09-11T14:15:40Z",
        "value": "425165.5585002899",
        "cumulative": true
    },
    {
        "date": "2020-09-11T14:15:55Z",
        "value": "429816.9238986969",
        "cumulative": true
    },
    {
        "date": "2020-09-11T14:16:15Z",
        "value": "435871.7596511841",
        "cumulative": true
    },
    {
        "date": "2020-09-11T14:16:27Z",
        "value": "439763.98172569275",
        "cumulative": true
    },
    {
        "date": "2020-09-11T14:16:46Z",
        "value": "445301.32052993774",
        "cumulative": true
    },
    {
        "date": "2020-09-11T14:17:01Z",
        "value": "449996.027551651",
        "cumulative": true
    },
    {
        "date": "2020-09-11T14:17:18Z",
        "value": "453358.8853702545",
        "cumulative": true
    },
    {
        "date": "2020-09-11T14:17:32Z",
        "value": "455381.94188690186",
        "cumulative": true
    },
    {
        "date": "2020-09-11T14:17:45Z",
        "value": "457060.61635017395",
        "cumulative": true
    },
    {
        "date": "2020-09-11T14:18:02Z",
        "value": "459414.629322052",
        "cumulative": true
    },
    {
        "date": "2020-09-11T14:18:12Z",
        "value": "460767.46437835693",
        "cumulative": true
    },
    {
        "date": "2020-09-11T14:18:28Z",
        "value": "463121.348695755",
        "cumulative": true
    },
    {
        "date": "2020-09-11T14:18:46Z",
        "value": "465482.53587913513",
        "cumulative": true
    },
    {
        "date": "2020-09-11T14:19:01Z",
        "value": "467836.04008865356",
        "cumulative": true
    },
    {
        "date": "2020-09-11T14:19:18Z",
        "value": "470194.5111236572",
        "cumulative": true
    },
    {
        "date": "2020-09-11T14:19:36Z",
        "value": "472554.5733833313",
        "cumulative": true
    },
    {
        "date": "2020-09-11T14:19:48Z",
        "value": "474238.50753593445",
        "cumulative": true
    },
    {
        "date": "2020-09-11T14:19:59Z",
        "value": "475919.73128700256",
        "cumulative": true
    },
    {
        "date": "2020-09-11T14:20:17Z",
        "value": "478486.6829319",
        "cumulative": true
    },
    {
        "date": "2020-09-11T14:20:32Z",
        "value": "480632.8490047455",
        "cumulative": true
    },
    {
        "date": "2020-09-11T14:20:49Z",
        "value": "482987.82060050964",
        "cumulative": true
    },
    {
        "date": "2020-09-11T14:21:08Z",
        "value": "485679.21910858154",
        "cumulative": true
    },
    {
        "date": "2020-09-11T14:21:23Z",
        "value": "485679.22049331665",
        "cumulative": true
    },
    {
        "date": "2020-09-11T14:21:35Z",
        "value": "485679.220533371",
        "cumulative": true
    },
    {
        "date": "2020-09-11T14:21:49Z",
        "value": "485679.220533371",
        "cumulative": true
    },
    {
        "date": "2020-09-11T14:22:09Z",
        "value": "485679.220533371",
        "cumulative": true
    },
    {
        "date": "2020-09-11T14:22:19Z",
        "value": "485679.220533371",
        "cumulative": true
    },
    {
        "date": "2020-09-11T14:22:35Z",
        "value": "485679.220533371",
        "cumulative": true
    },
    {
        "date": "2020-09-11T14:22:50Z",
        "value": "485679.220533371",
        "cumulative": true
    },
    {
        "date": "2020-09-11T14:23:12Z",
        "value": "485679.220533371",
        "cumulative": true
    },
    {
        "date": "2020-09-11T14:23:27Z",
        "value": "485679.220533371",
        "cumulative": true
    },
    {
        "date": "2020-09-11T14:23:45Z",
        "value": "485679.220533371",
        "cumulative": true
    },
    {
        "date": "2020-09-11T14:23:56Z",
        "value": "485679.220533371",
        "cumulative": true
    },
    {
        "date": "2020-09-11T14:24:11Z",
        "value": "485679.220533371",
        "cumulative": true
    },
    {
        "date": "2020-09-11T14:24:23Z",
        "value": "485679.220533371",
        "cumulative": true
    },
    {
        "date": "2020-09-11T14:24:50Z",
        "value": "485679.220533371",
        "cumulative": true
    },
    {
        "date": "2020-09-11T14:25:06Z",
        "value": "485679.220533371",
        "cumulative": true
    },
    {
        "date": "2020-09-11T14:25:36Z",
        "value": "485679.220533371",
        "cumulative": true
    },
    {
        "date": "2020-09-11T14:25:51Z",
        "value": "485679.220533371",
        "cumulative": true
    },
    {
        "date": "2020-09-11T14:26:09Z",
        "value": "485679.220533371",
        "cumulative": true
    },
    {
        "date": "2020-09-11T14:26:26Z",
        "value": "485679.220533371",
        "cumulative": true
    },
    {
        "date": "2020-09-11T14:26:42Z",
        "value": "485679.220533371",
        "cumulative": true
    },
    {
        "date": "2020-09-11T14:26:56Z",
        "value": "485679.220533371",
        "cumulative": true
    },
    {
        "date": "2020-09-11T14:27:23Z",
        "value": "485679.220533371",
        "cumulative": true
    },
    {
        "date": "2020-09-11T14:27:40Z",
        "value": "485679.220533371",
        "cumulative": true
    },
    {
        "date": "2020-09-11T14:28:06Z",
        "value": "485679.220533371",
        "cumulative": true
    },
    {
        "date": "2020-09-11T14:28:24Z",
        "value": "485679.220533371",
        "cumulative": true
    },
    {
        "date": "2020-09-11T14:28:43Z",
        "value": "485679.220533371",
        "cumulative": true
    },
    {
        "date": "2020-09-11T14:28:57Z",
        "value": "485679.220533371",
        "cumulative": true
    },
    {
        "date": "2020-09-11T14:29:26Z",
        "value": "485679.220533371",
        "cumulative": true
    },
    {
        "date": "2020-09-11T14:29:38Z",
        "value": "485679.220533371",
        "cumulative": true
    },
    {
        "date": "2020-09-11T14:29:58Z",
        "value": "485679.220533371",
        "cumulative": true
    },
    {
        "date": "2020-09-11T14:30:14Z",
        "value": "485679.220533371",
        "cumulative": true
    },
    {
        "date": "2020-09-11T14:30:36Z",
        "value": "485679.220533371",
        "cumulative": true
    },
    {
        "date": "2020-09-11T14:30:53Z",
        "value": "485679.220533371",
        "cumulative": true
    },
    {
        "date": "2020-09-11T14:31:08Z",
        "value": "485679.220533371",
        "cumulative": true
    },
    {
        "date": "2020-09-11T14:31:26Z",
        "value": "485679.220533371",
        "cumulative": true
    },
    {
        "date": "2020-09-11T14:31:47Z",
        "value": "485679.220533371",
        "cumulative": true
    }
]