[
    {
        "date": "2020-09-11T13:42:06Z",
        "value": "0.028176809",
        "cumulative": false
    },
    {
        "date": "2020-09-11T13:42:18Z",
        "value": "0.223900072",
        "cumulative": false
    },
    {
        "date": "2020-09-11T13:42:29Z",
        "value": "1.733645563",
        "cumulative": false
    },
    {
        "date": "2020-09-11T13:42:44Z",
        "value": "2.068339139",
        "cumulative": false
    },
    {
        "date": "2020-09-11T13:42:55Z",
        "value": "2.104154916",
        "cumulative": false
    },
    {
        "date": "2020-09-11T13:43:11Z",
        "value": "2.058560707",
        "cumulative": false
    },
    {
        "date": "2020-09-11T13:43:26Z",
        "value": "1.947946165",
        "cumulative": false
    },
    {
        "date": "2020-09-11T13:43:41Z",
        "value": "1.933713112",
        "cumulative": false
    },
    {
        "date": "2020-09-11T13:43:57Z",
        "value": "1.858009099",
        "cumulative": false
    },
    {
        "date": "2020-09-11T13:44:07Z",
        "value": "1.74120696",
        "cumulative": false
    },
    {
        "date": "2020-09-11T13:44:26Z",
        "value": "1.818679797",
        "cumulative": false
    },
    {
        "date": "2020-09-11T13:44:37Z",
        "value": "1.853645145",
        "cumulative": false
    },
    {
        "date": "2020-09-11T13:44:57Z",
        "value": "1.755235885",
        "cumulative": false
    },
    {
        "date": "2020-09-11T13:45:14Z",
        "value": "1.817766705",
        "cumulative": false
    },
    {
        "date": "2020-09-11T13:45:27Z",
        "value": "1.713899942",
        "cumulative": false
    },
    {
        "date": "2020-09-11T13:45:44Z",
        "value": "1.813228989",
        "cumulative": false
    },
    {
        "date": "2020-09-11T13:46:01Z",
        "value": "1.71356761",
        "cumulative": false
    },
    {
        "date": "2020-09-11T13:46:19Z",
        "value": "1.723250513",
        "cumulative": false
    },
    {
        "date": "2020-09-11T13:46:31Z",
        "value": "1.734540812",
        "cumulative": false
    },
    {
        "date": "2020-09-11T13:46:49Z",
        "value": "1.658490516",
        "cumulative": false
    },
    {
        "date": "2020-09-11T13:47:05Z",
        "value": "1.651914035",
        "cumulative": false
    },
    {
        "date": "2020-09-11T13:47:22Z",
        "value": "1.712490855",
        "cumulative": false
    },
    {
        "date": "2020-09-11T13:47:35Z",
        "value": "1.698262401",
        "cumulative": false
    },
    {
        "date": "2020-09-11T13:47:47Z",
        "value": "1.624405963",
        "cumulative": false
    },
    {
        "date": "2020-09-11T13:48:00Z",
        "value": "1.623515426",
        "cumulative": false
    },
    {
        "date": "2020-09-11T13:48:14Z",
        "value": "1.630253348",
        "cumulative": false
    },
    {
        "date": "2020-09-11T13:48:29Z",
        "value": "1.703874389",
        "cumulative": false
    },
    {
        "date": "2020-09-11T13:48:48Z",
        "value": "1.694375397",
        "cumulative": false
    },
    {
        "date": "2020-09-11T13:48:58Z",
        "value": "1.644558398",
        "cumulative": false
    },
    {
        "date": "2020-09-11T13:49:09Z",
        "value": "1.672921195",
        "cumulative": false
    },
    {
        "date": "2020-09-11T13:49:27Z",
        "value": "1.639740387",
        "cumulative": false
    },
    {
        "date": "2020-09-11T13:49:39Z",
        "value": "1.60529308",
        "cumulative": false
    },
    {
        "date": "2020-09-11T13:49:55Z",
        "value": "1.712592689",
        "cumulative": false
    },
    {
        "date": "2020-09-11T13:50:09Z",
        "value": "1.71377854",
        "cumulative": false
    },
    {
        "date": "2020-09-11T13:50:24Z",
        "value": "1.544287343",
        "cumulative": false
    },
    {
        "date": "2020-09-11T13:50:38Z",
        "value": "1.517522057",
        "cumulative": false
    },
    {
        "date": "2020-09-11T13:50:54Z",
        "value": "1.604015512",
        "cumulative": false
    },
    {
        "date": "2020-09-11T13:51:06Z",
        "value": "1.609858272",
        "cumulative": false
    },
    {
        "date": "2020-09-11T13:51:24Z",
        "value": "1.577598023",
        "cumulative": false
    },
    {
        "date": "2020-09-11T13:51:37Z",
        "value": "1.412645105",
        "cumulative": false
    },
    {
        "date": "2020-09-11T13:51:57Z",
        "value": "1.402821382",
        "cumulative": false
    },
    {
        "date": "2020-09-11T13:52:10Z",
        "value": "1.419913225",
        "cumulative": false
    },
    {
        "date": "2020-09-11T13:52:27Z",
        "value": "1.404679025",
        "cumulative": false
    },
    {
        "date": "2020-09-11T13:52:42Z",
        "value": "1.608255065",
        "cumulative": false
    },
    {
        "date": "2020-09-11T13:53:01Z",
        "value": "1.598815356",
        "cumulative": false
    },
    {
        "date": "2020-09-11T13:53:12Z",
        "value": "1.632786366",
        "cumulative": false
    },
    {
        "date": "2020-09-11T13:53:22Z",
        "value": "1.587214378",
        "cumulative": false
    },
    {
        "date": "2020-09-11T13:53:38Z",
        "value": "1.606233311",
        "cumulative": false
    },
    {
        "date": "2020-09-11T13:53:49Z",
        "value": "1.454896168",
        "cumulative": false
    },
    {
        "date": "2020-09-11T13:54:01Z",
        "value": "1.388896426",
        "cumulative": false
    },
    {
        "date": "2020-09-11T13:54:11Z",
        "value": "1.412403829",
        "cumulative": false
    },
    {
        "date": "2020-09-11T13:54:28Z",
        "value": "1.41216965",
        "cumulative": false
    },
    {
        "date": "2020-09-11T13:54:43Z",
        "value": "1.404217293",
        "cumulative": false
    },
    {
        "date": "2020-09-11T13:55:00Z",
        "value": "1.398696864",
        "cumulative": false
    },
    {
        "date": "2020-09-11T13:55:14Z",
        "value": "1.628094101",
        "cumulative": false
    },
    {
        "date": "2020-09-11T13:55:29Z",
        "value": "1.646714049",
        "cumulative": false
    },
    {
        "date": "2020-09-11T13:55:40Z",
        "value": "1.627834239",
        "cumulative": false
    },
    {
        "date": "2020-09-11T13:55:56Z",
        "value": "1.604318134",
        "cumulative": false
    },
    {
        "date": "2020-09-11T13:56:12Z",
        "value": "1.652762004",
        "cumulative": false
    },
    {
        "date": "2020-09-11T13:56:28Z",
        "value": "1.641783265",
        "cumulative": false
    },
    {
        "date": "2020-09-11T13:56:43Z",
        "value": "1.532979667",
        "cumulative": false
    },
    {
        "date": "2020-09-11T13:56:59Z",
        "value": "1.422800659",
        "cumulative": false
    },
    {
        "date": "2020-09-11T13:57:14Z",
        "value": "1.39937152",
        "cumulative": false
    },
    {
        "date": "2020-09-11T13:57:31Z",
        "value": "1.432390408",
        "cumulative": false
    },
    {
        "date": "2020-09-11T13:57:43Z",
        "value": "1.414895858",
        "cumulative": false
    },
    {
        "date": "2020-09-11T13:58:02Z",
        "value": "1.420451075",
        "cumulative": false
    },
    {
        "date": "2020-09-11T13:58:18Z",
        "value": "1.413387349",
        "cumulative": false
    },
    {
        "date": "2020-09-11T13:58:35Z",
        "value": "1.621223677",
        "cumulative": false
    },
    {
        "date": "2020-09-11T13:58:49Z",
        "value": "1.637220187",
        "cumulative": false
    },
    {
        "date": "2020-09-11T13:59:08Z",
        "value": "1.624231991",
        "cumulative": false
    },
    {
        "date": "2020-09-11T13:59:24Z",
        "value": "1.610032823",
        "cumulative": false
    },
    {
        "date": "2020-09-11T13:59:42Z",
        "value": "1.596258811",
        "cumulative": false
    },
    {
        "date": "2020-09-11T14:00:02Z",
        "value": "1.616375563",
        "cumulative": false
    },
    {
        "date": "2020-09-11T14:00:19Z",
        "value": "1.546588358",
        "cumulative": false
    },
    {
        "date": "2020-09-11T14:00:34Z",
        "value": "1.387103115",
        "cumulative": false
    },
    {
        "date": "2020-09-11T14:00:47Z",
        "value": "1.385482159",
        "cumulative": false
    },
    {
        "date": "2020-09-11T14:01:07Z",
        "value": "1.394673836",
        "cumulative": false
    },
    {
        "date": "2020-09-11T14:01:18Z",
        "value": "1.406200681",
        "cumulative": false
    },
    {
        "date": "2020-09-11T14:01:36Z",
        "value": "1.384037456",
        "cumulative": false
    },
    {
        "date": "2020-09-11T14:01:55Z",
        "value": "1.407763195",
        "cumulative": false
    },
    {
        "date": "2020-09-11T14:02:15Z",
        "value": "1.402398632",
        "cumulative": false
    },
    {
        "date": "2020-09-11T14:02:27Z",
        "value": "1.557599144",
        "cumulative": false
    },
    {
        "date": "2020-09-11T14:02:40Z",
        "value": "1.628874978",
        "cumulative": false
    },
    {
        "date": "2020-09-11T14:02:53Z",
        "value": "1.629677596",
        "cumulative": false
    },
    {
        "date": "2020-09-11T14:03:08Z",
        "value": "1.606852606",
        "cumulative": false
    },
    {
        "date": "2020-09-11T14:03:25Z",
        "value": "1.603343209",
        "cumulative": false
    },
    {
        "date": "2020-09-11T14:03:43Z",
        "value": "1.630083061",
        "cumulative": false
    },
    {
        "date": "2020-09-11T14:04:02Z",
        "value": "1.60541179",
        "cumulative": false
    },
    {
        "date": "2020-09-11T14:04:14Z",
        "value": "1.587855567",
        "cumulative": false
    },
    {
        "date": "2020-09-11T14:04:29Z",
        "value": "1.639517828",
        "cumulative": false
    },
    {
        "date": "2020-09-11T14:04:41Z",
        "value": "1.602419497",
        "cumulative": false
    },
    {
        "date": "2020-09-11T14:04:59Z",
        "value": "1.409801576",
        "cumulative": false
    },
    {
        "date": "2020-09-11T14:05:18Z",
        "value": "1.40944363",
        "cumulative": false
    },
    {
        "date": "2020-09-11T14:05:37Z",
        "value": "1.388830164",
        "cumulative": false
    },
    {
        "date": "2020-09-11T14:05:49Z",
        "value": "1.413491803",
        "cumulative": false
    },
    {
        "date": "2020-09-11T14:06:05Z",
        "value": "1.38989151",
        "cumulative": false
    },
    {
        "date": "2020-09-11T14:06:16Z",
        "value": "1.371623602",
        "cumulative": false
    },
    {
        "date": "2020-09-11T14:06:34Z",
        "value": "1.375139785",
        "cumulative": false
    },
    {
        "date": "2020-09-11T14:06:50Z",
        "value": "1.396967936",
        "cumulative": false
    },
    {
        "date": "2020-09-11T14:07:10Z",
        "value": "1.421624831",
        "cumulative": false
    },
    {
        "date": "2020-09-11T14:07:22Z",
        "value": "1.420725779",
        "cumulative": false
    },
    {
        "date": "2020-09-11T14:07:33Z",
        "value": "1.591887344",
        "cumulative": false
    },
    {
        "date": "2020-09-11T14:07:45Z",
        "value": "1.580716064",
        "cumulative": false
    },
    {
        "date": "2020-09-11T14:08:00Z",
        "value": "1.614093761",
        "cumulative": false
    },
    {
        "date": "2020-09-11T14:08:16Z",
        "value": "1.602841487",
        "cumulative": false
    },
    {
        "date": "2020-09-11T14:08:35Z",
        "value": "1.595721201",
        "cumulative": false
    },
    {
        "date": "2020-09-11T14:08:50Z",
        "value": "1.628252691",
        "cumulative": false
    },
    {
        "date": "2020-09-11T14:09:05Z",
        "value": "1.586482715",
        "cumulative": false
    },
    {
        "date": "2020-09-11T14:09:22Z",
        "value": "1.610054674",
        "cumulative": false
    },
    {
        "date": "2020-09-11T14:09:34Z",
        "value": "1.588230711",
        "cumulative": false
    },
    {
        "date": "2020-09-11T14:09:53Z",
        "value": "1.611479066",
        "cumulative": false
    },
    {
        "date": "2020-09-11T14:10:06Z",
        "value": "1.592002387",
        "cumulative": false
    },
    {
        "date": "2020-09-11T14:10:25Z",
        "value": "1.475293641",
        "cumulative": false
    },
    {
        "date": "2020-09-11T14:10:35Z",
        "value": "1.346926938",
        "cumulative": false
    },
    {
        "date": "2020-09-11T14:10:55Z",
        "value": "1.374646045",
        "cumulative": false
    },
    {
        "date": "2020-09-11T14:11:11Z",
        "value": "1.390156066",
        "cumulative": false
    },
    {
        "date": "2020-09-11T14:11:28Z",
        "value": "1.378831502",
        "cumulative": false
    },
    {
        "date": "2020-09-11T14:11:41Z",
        "value": "1.373363161",
        "cumulative": false
    },
    {
        "date": "2020-09-11T14:11:59Z",
        "value": "1.379843236",
        "cumulative": false
    },
    {
        "date": "2020-09-11T14:12:10Z",
        "value": "1.380396635",
        "cumulative": false
    },
    {
        "date": "2020-09-11T14:12:26Z",
        "value": "1.35346356",
        "cumulative": false
    },
    {
        "date": "2020-09-11T14:12:45Z",
        "value": "1.399748651",
        "cumulative": false
    },
    {
        "date": "2020-09-11T14:12:59Z",
        "value": "1.35761526",
        "cumulative": false
    },
    {
        "date": "2020-09-11T14:13:09Z",
        "value": "1.373140392",
        "cumulative": false
    },
    {
        "date": "2020-09-11T14:13:28Z",
        "value": "1.386456723",
        "cumulative": false
    },
    {
        "date": "2020-09-11T14:13:41Z",
        "value": "1.596802607",
        "cumulative": false
    },
    {
        "date": "2020-09-11T14:13:51Z",
        "value": "1.642879444",
        "cumulative": false
    },
    {
        "date": "2020-09-11T14:14:03Z",
        "value": "1.557489709",
        "cumulative": false
    },
    {
        "date": "2020-09-11T14:14:16Z",
        "value": "1.619428291",
        "cumulative": false
    },
    {
        "date": "2020-09-11T14:14:29Z",
        "value": "1.577341757",
        "cumulative": false
    },
    {
        "date": "2020-09-11T14:14:45Z",
        "value": "1.587109987",
        "cumulative": false
    },
    {
        "date": "2020-09-11T14:14:56Z",
        "value": "1.588324659",
        "cumulative": false
    },
    {
        "date": "2020-09-11T14:15:08Z",
        "value": "1.628509368",
        "cumulative": false
    },
    {
        "date": "2020-09-11T14:15:23Z",
        "value": "1.575069742",
        "cumulative": false
    },
    {
        "date": "2020-09-11T14:15:39Z",
        "value": "1.591775946",
        "cumulative": false
    },
    {
        "date": "2020-09-11T14:15:51Z",
        "value": "1.570947149",
        "cumulative": false
    },
    {
        "date": "2020-09-11T14:16:06Z",
        "value": "1.599463726",
        "cumulative": false
    },
    {
        "date": "2020-09-11T14:16:24Z",
        "value": "1.610048095",
        "cumulative": false
    },
    {
        "date": "2020-09-11T14:16:40Z",
        "value": "1.590545366",
        "cumulative": false
    },
    {
        "date": "2020-09-11T14:16:55Z",
        "value": "1.584135263",
        "cumulative": false
    },
    {
        "date": "2020-09-11T14:17:06Z",
        "value": "1.593801503",
        "cumulative": false
    },
    {
        "date": "2020-09-11T14:17:19Z",
        "value": "1.418594491",
        "cumulative": false
    },
    {
        "date": "2020-09-11T14:17:32Z",
        "value": "1.391870144",
        "cumulative": false
    },
    {
        "date": "2020-09-11T14:17:47Z",
        "value": "1.36396552",
        "cumulative": false
    },
    {
        "date": "2020-09-11T14:18:02Z",
        "value": "1.357182195",
        "cumulative": false
    },
    {
        "date": "2020-09-11T14:18:21Z",
        "value": "1.37813905",
        "cumulative": false
    },
    {
        "date": "2020-09-11T14:18:32Z",
        "value": "1.380296868",
        "cumulative": false
    },
    {
        "date": "2020-09-11T14:18:46Z",
        "value": "1.36724506",
        "cumulative": false
    },
    {
        "date": "2020-09-11T14:18:57Z",
        "value": "1.363587872",
        "cumulative": false
    },
    {
        "date": "2020-09-11T14:19:14Z",
        "value": "1.365836697",
        "cumulative": false
    },
    {
        "date": "2020-09-11T14:19:27Z",
        "value": "1.37984828",
        "cumulative": false
    },
    {
        "date": "2020-09-11T14:19:40Z",
        "value": "1.370270598",
        "cumulative": false
    },
    {
        "date": "2020-09-11T14:19:52Z",
        "value": "1.395367259",
        "cumulative": false
    },
    {
        "date": "2020-09-11T14:20:03Z",
        "value": "1.384825395",
        "cumulative": false
    },
    {
        "date": "2020-09-11T14:20:22Z",
        "value": "1.356684683",
        "cumulative": false
    },
    {
        "date": "2020-09-11T14:20:35Z",
        "value": "1.345723946",
        "cumulative": false
    },
    {
        "date": "2020-09-11T14:20:52Z",
        "value": "1.359237082",
        "cumulative": false
    },
    {
        "date": "2020-09-11T14:21:12Z",
        "value": "1.111504622",
        "cumulative": false
    },
    {
        "date": "2020-09-11T14:21:30Z",
        "value": "0.019842761",
        "cumulative": false
    },
    {
        "date": "2020-09-11T14:21:48Z",
        "value": "0.0",
        "cumulative": false
    },
    {
        "date": "2020-09-11T14:22:06Z",
        "value": "0.0",
        "cumulative": false
    },
    {
        "date": "2020-09-11T14:22:19Z",
        "value": "0.0",
        "cumulative": false
    },
    {
        "date": "2020-09-11T14:22:44Z",
        "value": "0.0",
        "cumulative": false
    },
    {
        "date": "2020-09-11T14:22:57Z",
        "value": "0.0",
        "cumulative": false
    },
    {
        "date": "2020-09-11T14:23:26Z",
        "value": "0.0",
        "cumulative": false
    },
    {
        "date": "2020-09-11T14:23:38Z",
        "value": "0.0",
        "cumulative": false
    },
    {
        "date": "2020-09-11T14:24:02Z",
        "value": "0.0",
        "cumulative": false
    },
    {
        "date": "2020-09-11T14:24:21Z",
        "value": "0.0",
        "cumulative": false
    },
    {
        "date": "2020-09-11T14:24:41Z",
        "value": "0.0",
        "cumulative": false
    },
    {
        "date": "2020-09-11T14:24:54Z",
        "value": "0.0",
        "cumulative": false
    },
    {
        "date": "2020-09-11T14:25:20Z",
        "value": "0.0",
        "cumulative": false
    },
    {
        "date": "2020-09-11T14:25:36Z",
        "value": "0.0",
        "cumulative": false
    },
    {
        "date": "2020-09-11T14:26:06Z",
        "value": "0.0",
        "cumulative": false
    },
    {
        "date": "2020-09-11T14:26:21Z",
        "value": "0.0",
        "cumulative": false
    },
    {
        "date": "2020-09-11T14:26:49Z",
        "value": "0.0",
        "cumulative": false
    },
    {
        "date": "2020-09-11T14:27:06Z",
        "value": "0.0",
        "cumulative": false
    },
    {
        "date": "2020-09-11T14:27:31Z",
        "value": "0.0",
        "cumulative": false
    },
    {
        "date": "2020-09-11T14:27:49Z",
        "value": "0.0",
        "cumulative": false
    },
    {
        "date": "2020-09-11T14:28:06Z",
        "value": "0.0",
        "cumulative": false
    },
    {
        "date": "2020-09-11T14:28:22Z",
        "value": "0.0",
        "cumulative": false
    },
    {
        "date": "2020-09-11T14:28:41Z",
        "value": "0.0",
        "cumulative": false
    },
    {
        "date": "2020-09-11T14:28:59Z",
        "value": "0.0",
        "cumulative": false
    },
    {
        "date": "2020-09-11T14:29:22Z",
        "value": "0.0",
        "cumulative": false
    },
    {
        "date": "2020-09-11T14:29:34Z",
        "value": "0.0",
        "cumulative": false
    },
    {
        "date": "2020-09-11T14:30:02Z",
        "value": "0.0",
        "cumulative": false
    },
    {
        "date": "2020-09-11T14:30:21Z",
        "value": "0.0",
        "cumulative": false
    },
    {
        "date": "2020-09-11T14:30:39Z",
        "value": "0.0",
        "cumulative": false
    },
    {
        "date": "2020-09-11T14:30:53Z",
        "value": "0.0",
        "cumulative": false
    },
    {
        "date": "2020-09-11T14:31:14Z",
        "value": "0.0",
        "cumulative": false
    },
    {
        "date": "2020-09-11T14:31:31Z",
        "value": "0.0",
        "cumulative": false
    }
]