[
    {
        "date": "2020-09-11T13:42:04Z",
        "value": "4.00543212890625e-05",
        "cumulative": true
    },
    {
        "date": "2020-09-11T13:42:20Z",
        "value": "0.2721853256225586",
        "cumulative": true
    },
    {
        "date": "2020-09-11T13:42:31Z",
        "value": "65.2654390335083",
        "cumulative": true
    },
    {
        "date": "2020-09-11T13:42:49Z",
        "value": "2015.1931476593018",
        "cumulative": true
    },
    {
        "date": "2020-09-11T13:43:07Z",
        "value": "5674.904892921448",
        "cumulative": true
    },
    {
        "date": "2020-09-11T13:43:24Z",
        "value": "8704.04099559784",
        "cumulative": true
    },
    {
        "date": "2020-09-11T13:43:37Z",
        "value": "11263.069703102112",
        "cumulative": true
    },
    {
        "date": "2020-09-11T13:43:51Z",
        "value": "13958.732438087463",
        "cumulative": true
    },
    {
        "date": "2020-09-11T13:44:11Z",
        "value": "17913.484639167786",
        "cumulative": true
    },
    {
        "date": "2020-09-11T13:44:21Z",
        "value": "19997.412537574768",
        "cumulative": true
    },
    {
        "date": "2020-09-11T13:44:39Z",
        "value": "23448.344663619995",
        "cumulative": true
    },
    {
        "date": "2020-09-11T13:44:51Z",
        "value": "26612.43208026886",
        "cumulative": true
    },
    {
        "date": "2020-09-11T13:45:02Z",
        "value": "28716.15691947937",
        "cumulative": true
    },
    {
        "date": "2020-09-11T13:45:19Z",
        "value": "32455.451327323914",
        "cumulative": true
    },
    {
        "date": "2020-09-11T13:45:29Z",
        "value": "35109.95524215698",
        "cumulative": true
    },
    {
        "date": "2020-09-11T13:45:48Z",
        "value": "38435.54211807251",
        "cumulative": true
    },
    {
        "date": "2020-09-11T13:46:01Z",
        "value": "41976.569509506226",
        "cumulative": true
    },
    {
        "date": "2020-09-11T13:46:12Z",
        "value": "44509.91093349457",
        "cumulative": true
    },
    {
        "date": "2020-09-11T13:46:27Z",
        "value": "46562.410378456116",
        "cumulative": true
    },
    {
        "date": "2020-09-11T13:46:40Z",
        "value": "49409.3041973114",
        "cumulative": true
    },
    {
        "date": "2020-09-11T13:46:56Z",
        "value": "53430.04595375061",
        "cumulative": true
    },
    {
        "date": "2020-09-11T13:47:12Z",
        "value": "56605.32636833191",
        "cumulative": true
    },
    {
        "date": "2020-09-11T13:47:30Z",
        "value": "59167.631912231445",
        "cumulative": true
    },
    {
        "date": "2020-09-11T13:47:50Z",
        "value": "63976.75913333893",
        "cumulative": true
    },
    {
        "date": "2020-09-11T13:48:04Z",
        "value": "67947.20849132538",
        "cumulative": true
    },
    {
        "date": "2020-09-11T13:48:24Z",
        "value": "71763.59103298187",
        "cumulative": true
    },
    {
        "date": "2020-09-11T13:48:39Z",
        "value": "73827.61691379547",
        "cumulative": true
    },
    {
        "date": "2020-09-11T13:48:53Z",
        "value": "76184.54218482971",
        "cumulative": true
    },
    {
        "date": "2020-09-11T13:49:09Z",
        "value": "80373.7043094635",
        "cumulative": true
    },
    {
        "date": "2020-09-11T13:49:25Z",
        "value": "84712.08531188965",
        "cumulative": true
    },
    {
        "date": "2020-09-11T13:49:38Z",
        "value": "88331.5560131073",
        "cumulative": true
    },
    {
        "date": "2020-09-11T13:49:53Z",
        "value": "90368.36194992065",
        "cumulative": true
    },
    {
        "date": "2020-09-11T13:50:05Z",
        "value": "91883.55629348755",
        "cumulative": true
    },
    {
        "date": "2020-09-11T13:50:16Z",
        "value": "93199.10527420044",
        "cumulative": true
    },
    {
        "date": "2020-09-11T13:50:34Z",
        "value": "96374.90504264832",
        "cumulative": true
    },
    {
        "date": "2020-09-11T13:50:46Z",
        "value": "99939.51501274109",
        "cumulative": true
    },
    {
        "date": "2020-09-11T13:50:59Z",
        "value": "103606.89273643494",
        "cumulative": true
    },
    {
        "date": "2020-09-11T13:51:13Z",
        "value": "107841.04785728455",
        "cumulative": true
    },
    {
        "date": "2020-09-11T13:51:27Z",
        "value": "112074.47925662994",
        "cumulative": true
    },
    {
        "date": "2020-09-11T13:51:44Z",
        "value": "114264.90212345123",
        "cumulative": true
    },
    {
        "date": "2020-09-11T13:51:55Z",
        "value": "115653.4785413742",
        "cumulative": true
    },
    {
        "date": "2020-09-11T13:52:12Z",
        "value": "117982.10435390472",
        "cumulative": true
    },
    {
        "date": "2020-09-11T13:52:26Z",
        "value": "119810.15535640717",
        "cumulative": true
    },
    {
        "date": "2020-09-11T13:52:44Z",
        "value": "124687.04794597626",
        "cumulative": true
    },
    {
        "date": "2020-09-11T13:53:01Z",
        "value": "129718.36328220367",
        "cumulative": true
    },
    {
        "date": "2020-09-11T13:53:20Z",
        "value": "135366.95266628265",
        "cumulative": true
    },
    {
        "date": "2020-09-11T13:53:40Z",
        "value": "141080.3545446396",
        "cumulative": true
    },
    {
        "date": "2020-09-11T13:53:52Z",
        "value": "142602.32650470734",
        "cumulative": true
    },
    {
        "date": "2020-09-11T13:54:08Z",
        "value": "144818.84600162506",
        "cumulative": true
    },
    {
        "date": "2020-09-11T13:54:19Z",
        "value": "146243.14090633392",
        "cumulative": true
    },
    {
        "date": "2020-09-11T13:54:33Z",
        "value": "148032.9212808609",
        "cumulative": true
    },
    {
        "date": "2020-09-11T13:54:47Z",
        "value": "150023.70449733734",
        "cumulative": true
    },
    {
        "date": "2020-09-11T13:55:02Z",
        "value": "152481.02010059357",
        "cumulative": true
    },
    {
        "date": "2020-09-11T13:55:13Z",
        "value": "155306.27763652802",
        "cumulative": true
    },
    {
        "date": "2020-09-11T13:55:27Z",
        "value": "159327.99985218048",
        "cumulative": true
    },
    {
        "date": "2020-09-11T13:55:42Z",
        "value": "163271.80557727814",
        "cumulative": true
    },
    {
        "date": "2020-09-11T13:55:53Z",
        "value": "166651.48679065704",
        "cumulative": true
    },
    {
        "date": "2020-09-11T13:56:08Z",
        "value": "170695.15825748444",
        "cumulative": true
    },
    {
        "date": "2020-09-11T13:56:28Z",
        "value": "176155.18317317963",
        "cumulative": true
    },
    {
        "date": "2020-09-11T13:56:44Z",
        "value": "179183.82171058655",
        "cumulative": true
    },
    {
        "date": "2020-09-11T13:56:59Z",
        "value": "181169.55465507507",
        "cumulative": true
    },
    {
        "date": "2020-09-11T13:57:15Z",
        "value": "183301.18257904053",
        "cumulative": true
    },
    {
        "date": "2020-09-11T13:57:35Z",
        "value": "185826.50817871094",
        "cumulative": true
    },
    {
        "date": "2020-09-11T13:57:52Z",
        "value": "188081.77674293518",
        "cumulative": true
    },
    {
        "date": "2020-09-11T13:58:06Z",
        "value": "189807.4038105011",
        "cumulative": true
    },
    {
        "date": "2020-09-11T13:58:19Z",
        "value": "191688.5941171646",
        "cumulative": true
    },
    {
        "date": "2020-09-11T13:58:37Z",
        "value": "196945.53968143463",
        "cumulative": true
    },
    {
        "date": "2020-09-11T13:58:50Z",
        "value": "200766.78937244415",
        "cumulative": true
    },
    {
        "date": "2020-09-11T13:59:09Z",
        "value": "205837.77561473846",
        "cumulative": true
    },
    {
        "date": "2020-09-11T13:59:22Z",
        "value": "209769.7982854843",
        "cumulative": true
    },
    {
        "date": "2020-09-11T13:59:35Z",
        "value": "213721.21529865265",
        "cumulative": true
    },
    {
        "date": "2020-09-11T13:59:50Z",
        "value": "217902.75701618195",
        "cumulative": true
    },
    {
        "date": "2020-09-11T14:00:04Z",
        "value": "222170.23173999786",
        "cumulative": true
    },
    {
        "date": "2020-09-11T14:00:20Z",
        "value": "225676.1829662323",
        "cumulative": true
    },
    {
        "date": "2020-09-11T14:00:30Z",
        "value": "227014.2059726715",
        "cumulative": true
    },
    {
        "date": "2020-09-11T14:00:47Z",
        "value": "229357.74739074707",
        "cumulative": true
    },
    {
        "date": "2020-09-11T14:01:04Z",
        "value": "231619.68552398682",
        "cumulative": true
    },
    {
        "date": "2020-09-11T14:01:22Z",
        "value": "234225.1081085205",
        "cumulative": true
    },
    {
        "date": "2020-09-11T14:01:37Z",
        "value": "236234.7614479065",
        "cumulative": true
    },
    {
        "date": "2020-09-11T14:01:50Z",
        "value": "237908.63400268555",
        "cumulative": true
    },
    {
        "date": "2020-09-11T14:02:00Z",
        "value": "239242.19303131104",
        "cumulative": true
    },
    {
        "date": "2020-09-11T14:02:12Z",
        "value": "240754.54188919067",
        "cumulative": true
    },
    {
        "date": "2020-09-11T14:02:31Z",
        "value": "245394.81720256805",
        "cumulative": true
    },
    {
        "date": "2020-09-11T14:02:41Z",
        "value": "248356.50472545624",
        "cumulative": true
    },
    {
        "date": "2020-09-11T14:03:00Z",
        "value": "253847.65032863617",
        "cumulative": true
    },
    {
        "date": "2020-09-11T14:03:11Z",
        "value": "257166.67417621613",
        "cumulative": true
    },
    {
        "date": "2020-09-11T14:03:28Z",
        "value": "261877.23652935028",
        "cumulative": true
    },
    {
        "date": "2020-09-11T14:03:43Z",
        "value": "266293.83805942535",
        "cumulative": true
    },
    {
        "date": "2020-09-11T14:03:53Z",
        "value": "269431.40315151215",
        "cumulative": true
    },
    {
        "date": "2020-09-11T14:04:07Z",
        "value": "273320.79550457",
        "cumulative": true
    },
    {
        "date": "2020-09-11T14:04:18Z",
        "value": "276668.8385438919",
        "cumulative": true
    },
    {
        "date": "2020-09-11T14:04:29Z",
        "value": "279748.3914003372",
        "cumulative": true
    },
    {
        "date": "2020-09-11T14:04:47Z",
        "value": "284499.4667339325",
        "cumulative": true
    },
    {
        "date": "2020-09-11T14:05:03Z",
        "value": "286610.6991176605",
        "cumulative": true
    },
    {
        "date": "2020-09-11T14:05:14Z",
        "value": "288051.9182357788",
        "cumulative": true
    },
    {
        "date": "2020-09-11T14:05:33Z",
        "value": "290630.9925441742",
        "cumulative": true
    },
    {
        "date": "2020-09-11T14:05:50Z",
        "value": "292951.8586845398",
        "cumulative": true
    },
    {
        "date": "2020-09-11T14:06:05Z",
        "value": "294942.0394821167",
        "cumulative": true
    },
    {
        "date": "2020-09-11T14:06:22Z",
        "value": "297205.2886314392",
        "cumulative": true
    },
    {
        "date": "2020-09-11T14:06:39Z",
        "value": "299690.3366737366",
        "cumulative": true
    },
    {
        "date": "2020-09-11T14:06:59Z",
        "value": "302165.0084209442",
        "cumulative": true
    },
    {
        "date": "2020-09-11T14:07:14Z",
        "value": "304140.78499031067",
        "cumulative": true
    },
    {
        "date": "2020-09-11T14:07:30Z",
        "value": "308183.0525045395",
        "cumulative": true
    },
    {
        "date": "2020-09-11T14:07:49Z",
        "value": "314041.6576833725",
        "cumulative": true
    },
    {
        "date": "2020-09-11T14:08:07Z",
        "value": "319372.73009586334",
        "cumulative": true
    },
    {
        "date": "2020-09-11T14:08:22Z",
        "value": "324009.25409793854",
        "cumulative": true
    },
    {
        "date": "2020-09-11T14:08:38Z",
        "value": "328852.15647029877",
        "cumulative": true
    },
    {
        "date": "2020-09-11T14:08:54Z",
        "value": "333780.8864507675",
        "cumulative": true
    },
    {
        "date": "2020-09-11T14:09:05Z",
        "value": "336980.65760707855",
        "cumulative": true
    },
    {
        "date": "2020-09-11T14:09:22Z",
        "value": "341782.4763174057",
        "cumulative": true
    },
    {
        "date": "2020-09-11T14:09:37Z",
        "value": "346581.90979480743",
        "cumulative": true
    },
    {
        "date": "2020-09-11T14:09:57Z",
        "value": "352468.7521982193",
        "cumulative": true
    },
    {
        "date": "2020-09-11T14:10:10Z",
        "value": "356735.6628046036",
        "cumulative": true
    },
    {
        "date": "2020-09-11T14:10:26Z",
        "value": "359680.9067802429",
        "cumulative": true
    },
    {
        "date": "2020-09-11T14:10:42Z",
        "value": "362052.6097278595",
        "cumulative": true
    },
    {
        "date": "2020-09-11T14:10:55Z",
        "value": "363903.5361728668",
        "cumulative": true
    },
    {
        "date": "2020-09-11T14:11:08Z",
        "value": "365551.0911464691",
        "cumulative": true
    },
    {
        "date": "2020-09-11T14:11:20Z",
        "value": "367326.4651966095",
        "cumulative": true
    },
    {
        "date": "2020-09-11T14:11:35Z",
        "value": "369296.1681251526",
        "cumulative": true
    },
    {
        "date": "2020-09-11T14:11:52Z",
        "value": "371697.4352970123",
        "cumulative": true
    },
    {
        "date": "2020-09-11T14:12:08Z",
        "value": "373834.44331359863",
        "cumulative": true
    },
    {
        "date": "2020-09-11T14:12:26Z",
        "value": "376500.95725631714",
        "cumulative": true
    },
    {
        "date": "2020-09-11T14:12:38Z",
        "value": "378107.9500656128",
        "cumulative": true
    },
    {
        "date": "2020-09-11T14:12:50Z",
        "value": "379917.4853916168",
        "cumulative": true
    },
    {
        "date": "2020-09-11T14:13:10Z",
        "value": "382600.35154533386",
        "cumulative": true
    },
    {
        "date": "2020-09-11T14:13:21Z",
        "value": "383962.18045806885",
        "cumulative": true
    },
    {
        "date": "2020-09-11T14:13:36Z",
        "value": "387723.55635356903",
        "cumulative": true
    },
    {
        "date": "2020-09-11T14:13:54Z",
        "value": "393093.62294864655",
        "cumulative": true
    },
    {
        "date": "2020-09-11T14:14:07Z",
        "value": "397125.41673755646",
        "cumulative": true
    },
    {
        "date": "2020-09-11T14:14:24Z",
        "value": "402060.9498319626",
        "cumulative": true
    },
    {
        "date": "2020-09-11T14:14:43Z",
        "value": "407881.3805818558",
        "cumulative": true
    },
    {
        "date": "2020-09-11T14:14:59Z",
        "value": "413257.701836586",
        "cumulative": true
    },
    {
        "date": "2020-09-11T14:15:15Z",
        "value": "417956.12485408783",
        "cumulative": true
    },
    {
        "date": "2020-09-11T14:15:26Z",
        "value": "421314.22644519806",
        "cumulative": true
    },
    {
        "date": "2020-09-11T14:15:44Z",
        "value": "426808.4902486801",
        "cumulative": true
    },
    {
        "date": "2020-09-11T14:15:59Z",
        "value": "431383.3913888931",
        "cumulative": true
    },
    {
        "date": "2020-09-11T14:16:18Z",
        "value": "437290.8969526291",
        "cumulative": true
    },
    {
        "date": "2020-09-11T14:16:35Z",
        "value": "442252.7294950485",
        "cumulative": true
    },
    {
        "date": "2020-09-11T14:16:52Z",
        "value": "447497.0779981613",
        "cumulative": true
    },
    {
        "date": "2020-09-11T14:17:10Z",
        "value": "452530.816491127",
        "cumulative": true
    },
    {
        "date": "2020-09-11T14:17:24Z",
        "value": "454214.5689897537",
        "cumulative": true
    },
    {
        "date": "2020-09-11T14:17:36Z",
        "value": "455935.84413814545",
        "cumulative": true
    },
    {
        "date": "2020-09-11T14:17:51Z",
        "value": "458048.5143003464",
        "cumulative": true
    },
    {
        "date": "2020-09-11T14:18:08Z",
        "value": "460601.2789621353",
        "cumulative": true
    },
    {
        "date": "2020-09-11T14:18:21Z",
        "value": "462282.1894979477",
        "cumulative": true
    },
    {
        "date": "2020-09-11T14:18:33Z",
        "value": "463965.9009695053",
        "cumulative": true
    },
    {
        "date": "2020-09-11T14:18:47Z",
        "value": "465981.7417707443",
        "cumulative": true
    },
    {
        "date": "2020-09-11T14:19:07Z",
        "value": "468672.53714084625",
        "cumulative": true
    },
    {
        "date": "2020-09-11T14:19:27Z",
        "value": "471425.791472435",
        "cumulative": true
    },
    {
        "date": "2020-09-11T14:19:45Z",
        "value": "474045.52812099457",
        "cumulative": true
    },
    {
        "date": "2020-09-11T14:19:55Z",
        "value": "475445.7289018631",
        "cumulative": true
    },
    {
        "date": "2020-09-11T14:20:15Z",
        "value": "478412.9116201401",
        "cumulative": true
    },
    {
        "date": "2020-09-11T14:20:26Z",
        "value": "479763.07483768463",
        "cumulative": true
    },
    {
        "date": "2020-09-11T14:20:41Z",
        "value": "482110.53616809845",
        "cumulative": true
    },
    {
        "date": "2020-09-11T14:20:58Z",
        "value": "484464.30928325653",
        "cumulative": true
    },
    {
        "date": "2020-09-11T14:21:14Z",
        "value": "485806.13387203217",
        "cumulative": true
    },
    {
        "date": "2020-09-11T14:21:30Z",
        "value": "485806.1354455948",
        "cumulative": true
    },
    {
        "date": "2020-09-11T14:21:44Z",
        "value": "485806.1354455948",
        "cumulative": true
    },
    {
        "date": "2020-09-11T14:22:13Z",
        "value": "485806.1354455948",
        "cumulative": true
    },
    {
        "date": "2020-09-11T14:22:30Z",
        "value": "485806.1354455948",
        "cumulative": true
    },
    {
        "date": "2020-09-11T14:23:00Z",
        "value": "485806.1354455948",
        "cumulative": true
    },
    {
        "date": "2020-09-11T14:23:13Z",
        "value": "485806.1354455948",
        "cumulative": true
    },
    {
        "date": "2020-09-11T14:23:41Z",
        "value": "485806.1354455948",
        "cumulative": true
    },
    {
        "date": "2020-09-11T14:23:59Z",
        "value": "485806.1354455948",
        "cumulative": true
    },
    {
        "date": "2020-09-11T14:24:25Z",
        "value": "485806.1354455948",
        "cumulative": true
    },
    {
        "date": "2020-09-11T14:24:37Z",
        "value": "485806.1354455948",
        "cumulative": true
    },
    {
        "date": "2020-09-11T14:25:03Z",
        "value": "485806.1354455948",
        "cumulative": true
    },
    {
        "date": "2020-09-11T14:25:17Z",
        "value": "485806.1354455948",
        "cumulative": true
    },
    {
        "date": "2020-09-11T14:25:37Z",
        "value": "485806.1354455948",
        "cumulative": true
    },
    {
        "date": "2020-09-11T14:25:52Z",
        "value": "485806.1354455948",
        "cumulative": true
    },
    {
        "date": "2020-09-11T14:26:12Z",
        "value": "485806.1354455948",
        "cumulative": true
    },
    {
        "date": "2020-09-11T14:26:23Z",
        "value": "485806.1354455948",
        "cumulative": true
    },
    {
        "date": "2020-09-11T14:26:38Z",
        "value": "485806.1354455948",
        "cumulative": true
    },
    {
        "date": "2020-09-11T14:26:56Z",
        "value": "485806.1354455948",
        "cumulative": true
    },
    {
        "date": "2020-09-11T14:27:21Z",
        "value": "485806.1354455948",
        "cumulative": true
    },
    {
        "date": "2020-09-11T14:27:36Z",
        "value": "485806.1354455948",
        "cumulative": true
    },
    {
        "date": "2020-09-11T14:27:56Z",
        "value": "485806.1354455948",
        "cumulative": true
    },
    {
        "date": "2020-09-11T14:28:06Z",
        "value": "485806.1354455948",
        "cumulative": true
    },
    {
        "date": "2020-09-11T14:28:28Z",
        "value": "485806.1354455948",
        "cumulative": true
    },
    {
        "date": "2020-09-11T14:28:43Z",
        "value": "485806.1354455948",
        "cumulative": true
    },
    {
        "date": "2020-09-11T14:29:09Z",
        "value": "485806.1354455948",
        "cumulative": true
    },
    {
        "date": "2020-09-11T14:29:24Z",
        "value": "485806.1354455948",
        "cumulative": true
    },
    {
        "date": "2020-09-11T14:29:48Z",
        "value": "485806.1354455948",
        "cumulative": true
    },
    {
        "date": "2020-09-11T14:30:01Z",
        "value": "485806.1354455948",
        "cumulative": true
    },
    {
        "date": "2020-09-11T14:30:22Z",
        "value": "485806.1354455948",
        "cumulative": true
    },
    {
        "date": "2020-09-11T14:30:37Z",
        "value": "485806.1354455948",
        "cumulative": true
    },
    {
        "date": "2020-09-11T14:30:57Z",
        "value": "485806.1354455948",
        "cumulative": true
    },
    {
        "date": "2020-09-11T14:31:14Z",
        "value": "485806.1354455948",
        "cumulative": true
    },
    {
        "date": "2020-09-11T14:31:43Z",
        "value": "485806.1354455948",
        "cumulative": true
    }
]