[
    {
        "date": "2020-09-11T13:42:09Z",
        "value": "0.012376286",
        "cumulative": false
    },
    {
        "date": "2020-09-11T13:42:27Z",
        "value": "1.007149139",
        "cumulative": false
    },
    {
        "date": "2020-09-11T13:42:46Z",
        "value": "2.115108312",
        "cumulative": false
    },
    {
        "date": "2020-09-11T13:42:59Z",
        "value": "2.114934252",
        "cumulative": false
    },
    {
        "date": "2020-09-11T13:43:19Z",
        "value": "2.04153451",
        "cumulative": false
    },
    {
        "date": "2020-09-11T13:43:39Z",
        "value": "1.92765725",
        "cumulative": false
    },
    {
        "date": "2020-09-11T13:43:49Z",
        "value": "1.824791297",
        "cumulative": false
    },
    {
        "date": "2020-09-11T13:44:01Z",
        "value": "1.919458846",
        "cumulative": false
    },
    {
        "date": "2020-09-11T13:44:20Z",
        "value": "1.841297799",
        "cumulative": false
    },
    {
        "date": "2020-09-11T13:44:39Z",
        "value": "1.838213392",
        "cumulative": false
    },
    {
        "date": "2020-09-11T13:44:51Z",
        "value": "1.752353477",
        "cumulative": false
    },
    {
        "date": "2020-09-11T13:45:02Z",
        "value": "1.829167897",
        "cumulative": false
    },
    {
        "date": "2020-09-11T13:45:18Z",
        "value": "1.791577449",
        "cumulative": false
    },
    {
        "date": "2020-09-11T13:45:38Z",
        "value": "1.784601508",
        "cumulative": false
    },
    {
        "date": "2020-09-11T13:45:57Z",
        "value": "1.763266259",
        "cumulative": false
    },
    {
        "date": "2020-09-11T13:46:11Z",
        "value": "1.734588861",
        "cumulative": false
    },
    {
        "date": "2020-09-11T13:46:29Z",
        "value": "1.751458838",
        "cumulative": false
    },
    {
        "date": "2020-09-11T13:46:42Z",
        "value": "1.69277075",
        "cumulative": false
    },
    {
        "date": "2020-09-11T13:46:56Z",
        "value": "1.670552163",
        "cumulative": false
    },
    {
        "date": "2020-09-11T13:47:13Z",
        "value": "1.711397038",
        "cumulative": false
    },
    {
        "date": "2020-09-11T13:47:30Z",
        "value": "1.730212772",
        "cumulative": false
    },
    {
        "date": "2020-09-11T13:47:41Z",
        "value": "1.699816871",
        "cumulative": false
    },
    {
        "date": "2020-09-11T13:47:56Z",
        "value": "1.638232008",
        "cumulative": false
    },
    {
        "date": "2020-09-11T13:48:15Z",
        "value": "1.656636466",
        "cumulative": false
    },
    {
        "date": "2020-09-11T13:48:30Z",
        "value": "1.676433877",
        "cumulative": false
    },
    {
        "date": "2020-09-11T13:48:43Z",
        "value": "1.471101824",
        "cumulative": false
    },
    {
        "date": "2020-09-11T13:48:53Z",
        "value": "1.51415474",
        "cumulative": false
    },
    {
        "date": "2020-09-11T13:49:12Z",
        "value": "1.672841068",
        "cumulative": false
    },
    {
        "date": "2020-09-11T13:49:30Z",
        "value": "1.662708576",
        "cumulative": false
    },
    {
        "date": "2020-09-11T13:49:40Z",
        "value": "1.598306375",
        "cumulative": false
    },
    {
        "date": "2020-09-11T13:49:57Z",
        "value": "1.464891319",
        "cumulative": false
    },
    {
        "date": "2020-09-11T13:50:10Z",
        "value": "1.479522856",
        "cumulative": false
    },
    {
        "date": "2020-09-11T13:50:30Z",
        "value": "1.455550516",
        "cumulative": false
    },
    {
        "date": "2020-09-11T13:50:40Z",
        "value": "1.624427531",
        "cumulative": false
    },
    {
        "date": "2020-09-11T13:50:53Z",
        "value": "1.623579656",
        "cumulative": false
    },
    {
        "date": "2020-09-11T13:51:04Z",
        "value": "1.624101218",
        "cumulative": false
    },
    {
        "date": "2020-09-11T13:51:16Z",
        "value": "1.633288775",
        "cumulative": false
    },
    {
        "date": "2020-09-11T13:51:34Z",
        "value": "1.514719549",
        "cumulative": false
    },
    {
        "date": "2020-09-11T13:51:45Z",
        "value": "1.433412361",
        "cumulative": false
    },
    {
        "date": "2020-09-11T13:51:59Z",
        "value": "1.455506222",
        "cumulative": false
    },
    {
        "date": "2020-09-11T13:52:18Z",
        "value": "1.45417726",
        "cumulative": false
    },
    {
        "date": "2020-09-11T13:52:31Z",
        "value": "1.481538478",
        "cumulative": false
    },
    {
        "date": "2020-09-11T13:52:49Z",
        "value": "1.628493216",
        "cumulative": false
    },
    {
        "date": "2020-09-11T13:53:01Z",
        "value": "1.634380719",
        "cumulative": false
    },
    {
        "date": "2020-09-11T13:53:15Z",
        "value": "1.650295266",
        "cumulative": false
    },
    {
        "date": "2020-09-11T13:53:34Z",
        "value": "1.618510664",
        "cumulative": false
    },
    {
        "date": "2020-09-11T13:53:46Z",
        "value": "1.548235231",
        "cumulative": false
    },
    {
        "date": "2020-09-11T13:53:57Z",
        "value": "1.435237805",
        "cumulative": false
    },
    {
        "date": "2020-09-11T13:54:11Z",
        "value": "1.435793229",
        "cumulative": false
    },
    {
        "date": "2020-09-11T13:54:27Z",
        "value": "1.45717136",
        "cumulative": false
    },
    {
        "date": "2020-09-11T13:54:41Z",
        "value": "1.438323138",
        "cumulative": false
    },
    {
        "date": "2020-09-11T13:54:55Z",
        "value": "1.421315697",
        "cumulative": false
    },
    {
        "date": "2020-09-11T13:55:08Z",
        "value": "1.596107327",
        "cumulative": false
    },
    {
        "date": "2020-09-11T13:55:21Z",
        "value": "1.653700628",
        "cumulative": false
    },
    {
        "date": "2020-09-11T13:55:38Z",
        "value": "1.648783569",
        "cumulative": false
    },
    {
        "date": "2020-09-11T13:55:49Z",
        "value": "1.653122673",
        "cumulative": false
    },
    {
        "date": "2020-09-11T13:56:00Z",
        "value": "1.661908911",
        "cumulative": false
    },
    {
        "date": "2020-09-11T13:56:19Z",
        "value": "1.653154308",
        "cumulative": false
    },
    {
        "date": "2020-09-11T13:56:31Z",
        "value": "1.669662081",
        "cumulative": false
    },
    {
        "date": "2020-09-11T13:56:46Z",
        "value": "1.510808855",
        "cumulative": false
    },
    {
        "date": "2020-09-11T13:56:56Z",
        "value": "1.475388158",
        "cumulative": false
    },
    {
        "date": "2020-09-11T13:57:14Z",
        "value": "1.464925847",
        "cumulative": false
    },
    {
        "date": "2020-09-11T13:57:34Z",
        "value": "1.467388094",
        "cumulative": false
    },
    {
        "date": "2020-09-11T13:57:51Z",
        "value": "1.461468161",
        "cumulative": false
    },
    {
        "date": "2020-09-11T13:58:07Z",
        "value": "1.450829355",
        "cumulative": false
    },
    {
        "date": "2020-09-11T13:58:23Z",
        "value": "1.538990454",
        "cumulative": false
    },
    {
        "date": "2020-09-11T13:58:36Z",
        "value": "1.652547594",
        "cumulative": false
    },
    {
        "date": "2020-09-11T13:58:53Z",
        "value": "1.634865375",
        "cumulative": false
    },
    {
        "date": "2020-09-11T13:59:05Z",
        "value": "1.673878631",
        "cumulative": false
    },
    {
        "date": "2020-09-11T13:59:24Z",
        "value": "1.643638963",
        "cumulative": false
    },
    {
        "date": "2020-09-11T13:59:42Z",
        "value": "1.625001769",
        "cumulative": false
    },
    {
        "date": "2020-09-11T13:59:52Z",
        "value": "1.656480857",
        "cumulative": false
    },
    {
        "date": "2020-09-11T14:00:07Z",
        "value": "1.623099918",
        "cumulative": false
    },
    {
        "date": "2020-09-11T14:00:17Z",
        "value": "1.575379941",
        "cumulative": false
    },
    {
        "date": "2020-09-11T14:00:37Z",
        "value": "1.443502564",
        "cumulative": false
    },
    {
        "date": "2020-09-11T14:00:48Z",
        "value": "1.430156348",
        "cumulative": false
    },
    {
        "date": "2020-09-11T14:01:05Z",
        "value": "1.440196059",
        "cumulative": false
    },
    {
        "date": "2020-09-11T14:01:22Z",
        "value": "1.434554559",
        "cumulative": false
    },
    {
        "date": "2020-09-11T14:01:38Z",
        "value": "1.43344872",
        "cumulative": false
    },
    {
        "date": "2020-09-11T14:01:52Z",
        "value": "1.457961933",
        "cumulative": false
    },
    {
        "date": "2020-09-11T14:02:10Z",
        "value": "1.439899426",
        "cumulative": false
    },
    {
        "date": "2020-09-11T14:02:29Z",
        "value": "1.563614192",
        "cumulative": false
    },
    {
        "date": "2020-09-11T14:02:43Z",
        "value": "1.641704161",
        "cumulative": false
    },
    {
        "date": "2020-09-11T14:02:57Z",
        "value": "1.649653226",
        "cumulative": false
    },
    {
        "date": "2020-09-11T14:03:14Z",
        "value": "1.637548279",
        "cumulative": false
    },
    {
        "date": "2020-09-11T14:03:30Z",
        "value": "1.644008751",
        "cumulative": false
    },
    {
        "date": "2020-09-11T14:03:45Z",
        "value": "1.631871784",
        "cumulative": false
    },
    {
        "date": "2020-09-11T14:04:00Z",
        "value": "1.639364046",
        "cumulative": false
    },
    {
        "date": "2020-09-11T14:04:12Z",
        "value": "1.65324529",
        "cumulative": false
    },
    {
        "date": "2020-09-11T14:04:31Z",
        "value": "1.640418462",
        "cumulative": false
    },
    {
        "date": "2020-09-11T14:04:46Z",
        "value": "1.590195981",
        "cumulative": false
    },
    {
        "date": "2020-09-11T14:05:00Z",
        "value": "1.445968572",
        "cumulative": false
    },
    {
        "date": "2020-09-11T14:05:12Z",
        "value": "1.422413726",
        "cumulative": false
    },
    {
        "date": "2020-09-11T14:05:27Z",
        "value": "1.429713401",
        "cumulative": false
    },
    {
        "date": "2020-09-11T14:05:38Z",
        "value": "1.449844895",
        "cumulative": false
    },
    {
        "date": "2020-09-11T14:05:51Z",
        "value": "1.439079796",
        "cumulative": false
    },
    {
        "date": "2020-09-11T14:06:05Z",
        "value": "1.456043422",
        "cumulative": false
    },
    {
        "date": "2020-09-11T14:06:22Z",
        "value": "1.440190629",
        "cumulative": false
    },
    {
        "date": "2020-09-11T14:06:37Z",
        "value": "1.421343462",
        "cumulative": false
    },
    {
        "date": "2020-09-11T14:06:55Z",
        "value": "1.448706772",
        "cumulative": false
    },
    {
        "date": "2020-09-11T14:07:06Z",
        "value": "1.461813618",
        "cumulative": false
    },
    {
        "date": "2020-09-11T14:07:19Z",
        "value": "1.425662352",
        "cumulative": false
    },
    {
        "date": "2020-09-11T14:07:38Z",
        "value": "1.635804244",
        "cumulative": false
    },
    {
        "date": "2020-09-11T14:07:56Z",
        "value": "1.611400909",
        "cumulative": false
    },
    {
        "date": "2020-09-11T14:08:13Z",
        "value": "1.639968318",
        "cumulative": false
    },
    {
        "date": "2020-09-11T14:08:28Z",
        "value": "1.609364639",
        "cumulative": false
    },
    {
        "date": "2020-09-11T14:08:41Z",
        "value": "1.629614442",
        "cumulative": false
    },
    {
        "date": "2020-09-11T14:08:56Z",
        "value": "1.625838027",
        "cumulative": false
    },
    {
        "date": "2020-09-11T14:09:11Z",
        "value": "1.651249482",
        "cumulative": false
    },
    {
        "date": "2020-09-11T14:09:27Z",
        "value": "1.613169255",
        "cumulative": false
    },
    {
        "date": "2020-09-11T14:09:45Z",
        "value": "1.629863245",
        "cumulative": false
    },
    {
        "date": "2020-09-11T14:09:55Z",
        "value": "1.615638486",
        "cumulative": false
    },
    {
        "date": "2020-09-11T14:10:15Z",
        "value": "1.627047399",
        "cumulative": false
    },
    {
        "date": "2020-09-11T14:10:33Z",
        "value": "1.416976333",
        "cumulative": false
    },
    {
        "date": "2020-09-11T14:10:47Z",
        "value": "1.415851275",
        "cumulative": false
    },
    {
        "date": "2020-09-11T14:11:07Z",
        "value": "1.437677846",
        "cumulative": false
    },
    {
        "date": "2020-09-11T14:11:21Z",
        "value": "1.401261965",
        "cumulative": false
    },
    {
        "date": "2020-09-11T14:11:32Z",
        "value": "1.434006126",
        "cumulative": false
    },
    {
        "date": "2020-09-11T14:11:49Z",
        "value": "1.402009576",
        "cumulative": false
    },
    {
        "date": "2020-09-11T14:12:02Z",
        "value": "1.423773861",
        "cumulative": false
    },
    {
        "date": "2020-09-11T14:12:17Z",
        "value": "1.403055942",
        "cumulative": false
    },
    {
        "date": "2020-09-11T14:12:28Z",
        "value": "1.407467551",
        "cumulative": false
    },
    {
        "date": "2020-09-11T14:12:44Z",
        "value": "1.434593465",
        "cumulative": false
    },
    {
        "date": "2020-09-11T14:12:56Z",
        "value": "1.445650293",
        "cumulative": false
    },
    {
        "date": "2020-09-11T14:13:08Z",
        "value": "1.411381491",
        "cumulative": false
    },
    {
        "date": "2020-09-11T14:13:20Z",
        "value": "1.411799001",
        "cumulative": false
    },
    {
        "date": "2020-09-11T14:13:35Z",
        "value": "1.537322345",
        "cumulative": false
    },
    {
        "date": "2020-09-11T14:13:46Z",
        "value": "1.626630148",
        "cumulative": false
    },
    {
        "date": "2020-09-11T14:14:05Z",
        "value": "1.635371204",
        "cumulative": false
    },
    {
        "date": "2020-09-11T14:14:18Z",
        "value": "1.611710382",
        "cumulative": false
    },
    {
        "date": "2020-09-11T14:14:36Z",
        "value": "1.599381029",
        "cumulative": false
    },
    {
        "date": "2020-09-11T14:14:52Z",
        "value": "1.646188315",
        "cumulative": false
    },
    {
        "date": "2020-09-11T14:15:08Z",
        "value": "1.625986695",
        "cumulative": false
    },
    {
        "date": "2020-09-11T14:15:21Z",
        "value": "1.61454302",
        "cumulative": false
    },
    {
        "date": "2020-09-11T14:15:32Z",
        "value": "1.607902508",
        "cumulative": false
    },
    {
        "date": "2020-09-11T14:15:46Z",
        "value": "1.571971214",
        "cumulative": false
    },
    {
        "date": "2020-09-11T14:16:02Z",
        "value": "1.620963535",
        "cumulative": false
    },
    {
        "date": "2020-09-11T14:16:20Z",
        "value": "1.617328625",
        "cumulative": false
    },
    {
        "date": "2020-09-11T14:16:40Z",
        "value": "1.610575199",
        "cumulative": false
    },
    {
        "date": "2020-09-11T14:16:54Z",
        "value": "1.624417526",
        "cumulative": false
    },
    {
        "date": "2020-09-11T14:17:04Z",
        "value": "1.577985107",
        "cumulative": false
    },
    {
        "date": "2020-09-11T14:17:19Z",
        "value": "1.457314027",
        "cumulative": false
    },
    {
        "date": "2020-09-11T14:17:31Z",
        "value": "1.392083719",
        "cumulative": false
    },
    {
        "date": "2020-09-11T14:17:47Z",
        "value": "1.399682572",
        "cumulative": false
    },
    {
        "date": "2020-09-11T14:18:02Z",
        "value": "1.388432436",
        "cumulative": false
    },
    {
        "date": "2020-09-11T14:18:14Z",
        "value": "1.394688449",
        "cumulative": false
    },
    {
        "date": "2020-09-11T14:18:30Z",
        "value": "1.397663096",
        "cumulative": false
    },
    {
        "date": "2020-09-11T14:18:47Z",
        "value": "1.391846843",
        "cumulative": false
    },
    {
        "date": "2020-09-11T14:18:58Z",
        "value": "1.416920208",
        "cumulative": false
    },
    {
        "date": "2020-09-11T14:19:15Z",
        "value": "1.39138732",
        "cumulative": false
    },
    {
        "date": "2020-09-11T14:19:31Z",
        "value": "1.349870607",
        "cumulative": false
    },
    {
        "date": "2020-09-11T14:19:45Z",
        "value": "1.408038055",
        "cumulative": false
    },
    {
        "date": "2020-09-11T14:20:01Z",
        "value": "1.412446007",
        "cumulative": false
    },
    {
        "date": "2020-09-11T14:20:15Z",
        "value": "1.394826595",
        "cumulative": false
    },
    {
        "date": "2020-09-11T14:20:33Z",
        "value": "1.380148277",
        "cumulative": false
    },
    {
        "date": "2020-09-11T14:20:50Z",
        "value": "1.402218601",
        "cumulative": false
    },
    {
        "date": "2020-09-11T14:21:02Z",
        "value": "1.406922761",
        "cumulative": false
    },
    {
        "date": "2020-09-11T14:21:16Z",
        "value": "0.628630273",
        "cumulative": false
    },
    {
        "date": "2020-09-11T14:21:28Z",
        "value": "0.022369435",
        "cumulative": false
    },
    {
        "date": "2020-09-11T14:21:39Z",
        "value": "0.0",
        "cumulative": false
    },
    {
        "date": "2020-09-11T14:22:05Z",
        "value": "0.0",
        "cumulative": false
    },
    {
        "date": "2020-09-11T14:22:24Z",
        "value": "0.0",
        "cumulative": false
    },
    {
        "date": "2020-09-11T14:22:44Z",
        "value": "0.0",
        "cumulative": false
    },
    {
        "date": "2020-09-11T14:23:03Z",
        "value": "0.0",
        "cumulative": false
    },
    {
        "date": "2020-09-11T14:23:24Z",
        "value": "0.0",
        "cumulative": false
    },
    {
        "date": "2020-09-11T14:23:38Z",
        "value": "0.0",
        "cumulative": false
    },
    {
        "date": "2020-09-11T14:24:04Z",
        "value": "0.0",
        "cumulative": false
    },
    {
        "date": "2020-09-11T14:24:19Z",
        "value": "0.0",
        "cumulative": false
    },
    {
        "date": "2020-09-11T14:24:38Z",
        "value": "0.0",
        "cumulative": false
    },
    {
        "date": "2020-09-11T14:24:53Z",
        "value": "0.0",
        "cumulative": false
    },
    {
        "date": "2020-09-11T14:25:12Z",
        "value": "0.0",
        "cumulative": false
    },
    {
        "date": "2020-09-11T14:25:24Z",
        "value": "0.0",
        "cumulative": false
    },
    {
        "date": "2020-09-11T14:25:40Z",
        "value": "0.0",
        "cumulative": false
    },
    {
        "date": "2020-09-11T14:25:53Z",
        "value": "0.0",
        "cumulative": false
    },
    {
        "date": "2020-09-11T14:26:22Z",
        "value": "0.0",
        "cumulative": false
    },
    {
        "date": "2020-09-11T14:26:35Z",
        "value": "0.0",
        "cumulative": false
    },
    {
        "date": "2020-09-11T14:26:52Z",
        "value": "0.0",
        "cumulative": false
    },
    {
        "date": "2020-09-11T14:27:07Z",
        "value": "0.0",
        "cumulative": false
    },
    {
        "date": "2020-09-11T14:27:31Z",
        "value": "0.0",
        "cumulative": false
    },
    {
        "date": "2020-09-11T14:27:43Z",
        "value": "0.0",
        "cumulative": false
    },
    {
        "date": "2020-09-11T14:28:06Z",
        "value": "0.0",
        "cumulative": false
    },
    {
        "date": "2020-09-11T14:28:17Z",
        "value": "0.0",
        "cumulative": false
    },
    {
        "date": "2020-09-11T14:28:43Z",
        "value": "0.0",
        "cumulative": false
    },
    {
        "date": "2020-09-11T14:28:58Z",
        "value": "0.0",
        "cumulative": false
    },
    {
        "date": "2020-09-11T14:29:20Z",
        "value": "0.0",
        "cumulative": false
    },
    {
        "date": "2020-09-11T14:29:33Z",
        "value": "0.0",
        "cumulative": false
    },
    {
        "date": "2020-09-11T14:29:52Z",
        "value": "0.0",
        "cumulative": false
    },
    {
        "date": "2020-09-11T14:30:07Z",
        "value": "0.0",
        "cumulative": false
    },
    {
        "date": "2020-09-11T14:30:35Z",
        "value": "0.0",
        "cumulative": false
    },
    {
        "date": "2020-09-11T14:30:55Z",
        "value": "0.0",
        "cumulative": false
    },
    {
        "date": "2020-09-11T14:31:19Z",
        "value": "0.0",
        "cumulative": false
    },
    {
        "date": "2020-09-11T14:31:30Z",
        "value": "0.0",
        "cumulative": false
    },
    {
        "date": "2020-09-11T14:31:46Z",
        "value": "0.0",
        "cumulative": false
    }
]