[
    {
        "date": "2020-09-11T13:42:07Z",
        "value": "0.013223586",
        "cumulative": false
    },
    {
        "date": "2020-09-11T13:42:26Z",
        "value": "0.869627761",
        "cumulative": false
    },
    {
        "date": "2020-09-11T13:42:40Z",
        "value": "1.976600186",
        "cumulative": false
    },
    {
        "date": "2020-09-11T13:42:52Z",
        "value": "2.136480778",
        "cumulative": false
    },
    {
        "date": "2020-09-11T13:43:04Z",
        "value": "2.087057689",
        "cumulative": false
    },
    {
        "date": "2020-09-11T13:43:14Z",
        "value": "1.967595723",
        "cumulative": false
    },
    {
        "date": "2020-09-11T13:43:34Z",
        "value": "1.912906255",
        "cumulative": false
    },
    {
        "date": "2020-09-11T13:43:48Z",
        "value": "1.86881607",
        "cumulative": false
    },
    {
        "date": "2020-09-11T13:44:00Z",
        "value": "1.898772818",
        "cumulative": false
    },
    {
        "date": "2020-09-11T13:44:11Z",
        "value": "1.808905935",
        "cumulative": false
    },
    {
        "date": "2020-09-11T13:44:26Z",
        "value": "1.793468675",
        "cumulative": false
    },
    {
        "date": "2020-09-11T13:44:38Z",
        "value": "1.861812409",
        "cumulative": false
    },
    {
        "date": "2020-09-11T13:44:53Z",
        "value": "1.74297661",
        "cumulative": false
    },
    {
        "date": "2020-09-11T13:45:09Z",
        "value": "1.842011096",
        "cumulative": false
    },
    {
        "date": "2020-09-11T13:45:28Z",
        "value": "1.716157405",
        "cumulative": false
    },
    {
        "date": "2020-09-11T13:45:44Z",
        "value": "1.822857931",
        "cumulative": false
    },
    {
        "date": "2020-09-11T13:46:02Z",
        "value": "1.714672855",
        "cumulative": false
    },
    {
        "date": "2020-09-11T13:46:18Z",
        "value": "1.724109497",
        "cumulative": false
    },
    {
        "date": "2020-09-11T13:46:32Z",
        "value": "1.7292677",
        "cumulative": false
    },
    {
        "date": "2020-09-11T13:46:43Z",
        "value": "1.642597003",
        "cumulative": false
    },
    {
        "date": "2020-09-11T13:47:02Z",
        "value": "1.649170565",
        "cumulative": false
    },
    {
        "date": "2020-09-11T13:47:18Z",
        "value": "1.705106122",
        "cumulative": false
    },
    {
        "date": "2020-09-11T13:47:37Z",
        "value": "1.702857538",
        "cumulative": false
    },
    {
        "date": "2020-09-11T13:47:56Z",
        "value": "1.622060078",
        "cumulative": false
    },
    {
        "date": "2020-09-11T13:48:14Z",
        "value": "1.634639209",
        "cumulative": false
    },
    {
        "date": "2020-09-11T13:48:33Z",
        "value": "1.693586559",
        "cumulative": false
    },
    {
        "date": "2020-09-11T13:48:53Z",
        "value": "1.686066793",
        "cumulative": false
    },
    {
        "date": "2020-09-11T13:49:11Z",
        "value": "1.651113928",
        "cumulative": false
    },
    {
        "date": "2020-09-11T13:49:31Z",
        "value": "1.632366693",
        "cumulative": false
    },
    {
        "date": "2020-09-11T13:49:44Z",
        "value": "1.659044549",
        "cumulative": false
    },
    {
        "date": "2020-09-11T13:50:03Z",
        "value": "1.703360506",
        "cumulative": false
    },
    {
        "date": "2020-09-11T13:50:18Z",
        "value": "1.696561728",
        "cumulative": false
    },
    {
        "date": "2020-09-11T13:50:36Z",
        "value": "1.565871339",
        "cumulative": false
    },
    {
        "date": "2020-09-11T13:50:55Z",
        "value": "1.600744978",
        "cumulative": false
    },
    {
        "date": "2020-09-11T13:51:10Z",
        "value": "1.603373557",
        "cumulative": false
    },
    {
        "date": "2020-09-11T13:51:30Z",
        "value": "1.52428017",
        "cumulative": false
    },
    {
        "date": "2020-09-11T13:51:45Z",
        "value": "1.400494416",
        "cumulative": false
    },
    {
        "date": "2020-09-11T13:52:04Z",
        "value": "1.403760558",
        "cumulative": false
    },
    {
        "date": "2020-09-11T13:52:15Z",
        "value": "1.421290857",
        "cumulative": false
    },
    {
        "date": "2020-09-11T13:52:31Z",
        "value": "1.428789671",
        "cumulative": false
    },
    {
        "date": "2020-09-11T13:52:43Z",
        "value": "1.623591964",
        "cumulative": false
    },
    {
        "date": "2020-09-11T13:53:00Z",
        "value": "1.594083693",
        "cumulative": false
    },
    {
        "date": "2020-09-11T13:53:19Z",
        "value": "1.616665243",
        "cumulative": false
    },
    {
        "date": "2020-09-11T13:53:32Z",
        "value": "1.581527334",
        "cumulative": false
    },
    {
        "date": "2020-09-11T13:53:51Z",
        "value": "1.492101135",
        "cumulative": false
    },
    {
        "date": "2020-09-11T13:54:03Z",
        "value": "1.386455058",
        "cumulative": false
    },
    {
        "date": "2020-09-11T13:54:18Z",
        "value": "1.409609494",
        "cumulative": false
    },
    {
        "date": "2020-09-11T13:54:37Z",
        "value": "1.412552938",
        "cumulative": false
    },
    {
        "date": "2020-09-11T13:54:50Z",
        "value": "1.380265319",
        "cumulative": false
    },
    {
        "date": "2020-09-11T13:55:08Z",
        "value": "1.523891859",
        "cumulative": false
    },
    {
        "date": "2020-09-11T13:55:20Z",
        "value": "1.631293278",
        "cumulative": false
    },
    {
        "date": "2020-09-11T13:55:39Z",
        "value": "1.628167386",
        "cumulative": false
    },
    {
        "date": "2020-09-11T13:55:56Z",
        "value": "1.61532579",
        "cumulative": false
    },
    {
        "date": "2020-09-11T13:56:16Z",
        "value": "1.632042333",
        "cumulative": false
    },
    {
        "date": "2020-09-11T13:56:26Z",
        "value": "1.647433998",
        "cumulative": false
    },
    {
        "date": "2020-09-11T13:56:39Z",
        "value": "1.592025791",
        "cumulative": false
    },
    {
        "date": "2020-09-11T13:56:57Z",
        "value": "1.395819787",
        "cumulative": false
    },
    {
        "date": "2020-09-11T13:57:13Z",
        "value": "1.404145408",
        "cumulative": false
    },
    {
        "date": "2020-09-11T13:57:32Z",
        "value": "1.435466678",
        "cumulative": false
    },
    {
        "date": "2020-09-11T13:57:49Z",
        "value": "1.408928068",
        "cumulative": false
    },
    {
        "date": "2020-09-11T13:58:04Z",
        "value": "1.407430725",
        "cumulative": false
    },
    {
        "date": "2020-09-11T13:58:18Z",
        "value": "1.415980133",
        "cumulative": false
    },
    {
        "date": "2020-09-11T13:58:29Z",
        "value": "1.617632869",
        "cumulative": false
    },
    {
        "date": "2020-09-11T13:58:45Z",
        "value": "1.625715409",
        "cumulative": false
    },
    {
        "date": "2020-09-11T13:59:02Z",
        "value": "1.620479003",
        "cumulative": false
    },
    {
        "date": "2020-09-11T13:59:16Z",
        "value": "1.612491357",
        "cumulative": false
    },
    {
        "date": "2020-09-11T13:59:27Z",
        "value": "1.598644835",
        "cumulative": false
    },
    {
        "date": "2020-09-11T13:59:44Z",
        "value": "1.606707905",
        "cumulative": false
    },
    {
        "date": "2020-09-11T13:59:59Z",
        "value": "1.632116316",
        "cumulative": false
    },
    {
        "date": "2020-09-11T14:00:18Z",
        "value": "1.558816603",
        "cumulative": false
    },
    {
        "date": "2020-09-11T14:00:30Z",
        "value": "1.375860854",
        "cumulative": false
    },
    {
        "date": "2020-09-11T14:00:46Z",
        "value": "1.388888793",
        "cumulative": false
    },
    {
        "date": "2020-09-11T14:00:56Z",
        "value": "1.395411358",
        "cumulative": false
    },
    {
        "date": "2020-09-11T14:01:13Z",
        "value": "1.399464933",
        "cumulative": false
    },
    {
        "date": "2020-09-11T14:01:26Z",
        "value": "1.382445495",
        "cumulative": false
    },
    {
        "date": "2020-09-11T14:01:45Z",
        "value": "1.386993293",
        "cumulative": false
    },
    {
        "date": "2020-09-11T14:01:55Z",
        "value": "1.433194236",
        "cumulative": false
    },
    {
        "date": "2020-09-11T14:02:15Z",
        "value": "1.402179997",
        "cumulative": false
    },
    {
        "date": "2020-09-11T14:02:31Z",
        "value": "1.575327925",
        "cumulative": false
    },
    {
        "date": "2020-09-11T14:02:45Z",
        "value": "1.633819274",
        "cumulative": false
    },
    {
        "date": "2020-09-11T14:02:56Z",
        "value": "1.605352324",
        "cumulative": false
    },
    {
        "date": "2020-09-11T14:03:14Z",
        "value": "1.620573767",
        "cumulative": false
    },
    {
        "date": "2020-09-11T14:03:25Z",
        "value": "1.606732853",
        "cumulative": false
    },
    {
        "date": "2020-09-11T14:03:42Z",
        "value": "1.619175403",
        "cumulative": false
    },
    {
        "date": "2020-09-11T14:03:55Z",
        "value": "1.594404637",
        "cumulative": false
    },
    {
        "date": "2020-09-11T14:04:12Z",
        "value": "1.61617279",
        "cumulative": false
    },
    {
        "date": "2020-09-11T14:04:23Z",
        "value": "1.599676558",
        "cumulative": false
    },
    {
        "date": "2020-09-11T14:04:34Z",
        "value": "1.625634286",
        "cumulative": false
    },
    {
        "date": "2020-09-11T14:04:47Z",
        "value": "1.542125432",
        "cumulative": false
    },
    {
        "date": "2020-09-11T14:05:05Z",
        "value": "1.391379699",
        "cumulative": false
    },
    {
        "date": "2020-09-11T14:05:24Z",
        "value": "1.379733582",
        "cumulative": false
    },
    {
        "date": "2020-09-11T14:05:40Z",
        "value": "1.396046165",
        "cumulative": false
    },
    {
        "date": "2020-09-11T14:05:54Z",
        "value": "1.403232951",
        "cumulative": false
    },
    {
        "date": "2020-09-11T14:06:07Z",
        "value": "1.395326681",
        "cumulative": false
    },
    {
        "date": "2020-09-11T14:06:24Z",
        "value": "1.368663717",
        "cumulative": false
    },
    {
        "date": "2020-09-11T14:06:35Z",
        "value": "1.387029793",
        "cumulative": false
    },
    {
        "date": "2020-09-11T14:06:49Z",
        "value": "1.36901392",
        "cumulative": false
    },
    {
        "date": "2020-09-11T14:07:03Z",
        "value": "1.440950066",
        "cumulative": false
    },
    {
        "date": "2020-09-11T14:07:20Z",
        "value": "1.372870296",
        "cumulative": false
    },
    {
        "date": "2020-09-11T14:07:40Z",
        "value": "1.612778431",
        "cumulative": false
    },
    {
        "date": "2020-09-11T14:07:57Z",
        "value": "1.591229962",
        "cumulative": false
    },
    {
        "date": "2020-09-11T14:08:16Z",
        "value": "1.601959705",
        "cumulative": false
    },
    {
        "date": "2020-09-11T14:08:27Z",
        "value": "1.604669473",
        "cumulative": false
    },
    {
        "date": "2020-09-11T14:08:46Z",
        "value": "1.600602006",
        "cumulative": false
    },
    {
        "date": "2020-09-11T14:09:03Z",
        "value": "1.599050948",
        "cumulative": false
    },
    {
        "date": "2020-09-11T14:09:19Z",
        "value": "1.611753825",
        "cumulative": false
    },
    {
        "date": "2020-09-11T14:09:29Z",
        "value": "1.610277852",
        "cumulative": false
    },
    {
        "date": "2020-09-11T14:09:45Z",
        "value": "1.603836737",
        "cumulative": false
    },
    {
        "date": "2020-09-11T14:10:04Z",
        "value": "1.576204206",
        "cumulative": false
    },
    {
        "date": "2020-09-11T14:10:20Z",
        "value": "1.541463372",
        "cumulative": false
    },
    {
        "date": "2020-09-11T14:10:30Z",
        "value": "1.381135719",
        "cumulative": false
    },
    {
        "date": "2020-09-11T14:10:49Z",
        "value": "1.370794362",
        "cumulative": false
    },
    {
        "date": "2020-09-11T14:11:08Z",
        "value": "1.367608941",
        "cumulative": false
    },
    {
        "date": "2020-09-11T14:11:23Z",
        "value": "1.402763303",
        "cumulative": false
    },
    {
        "date": "2020-09-11T14:11:34Z",
        "value": "1.359049832",
        "cumulative": false
    },
    {
        "date": "2020-09-11T14:11:45Z",
        "value": "1.393948104",
        "cumulative": false
    },
    {
        "date": "2020-09-11T14:12:01Z",
        "value": "1.377003914",
        "cumulative": false
    },
    {
        "date": "2020-09-11T14:12:16Z",
        "value": "1.362720452",
        "cumulative": false
    },
    {
        "date": "2020-09-11T14:12:32Z",
        "value": "1.365084965",
        "cumulative": false
    },
    {
        "date": "2020-09-11T14:12:47Z",
        "value": "1.381668756",
        "cumulative": false
    },
    {
        "date": "2020-09-11T14:13:01Z",
        "value": "1.375894637",
        "cumulative": false
    },
    {
        "date": "2020-09-11T14:13:12Z",
        "value": "1.415949479",
        "cumulative": false
    },
    {
        "date": "2020-09-11T14:13:31Z",
        "value": "1.411996641",
        "cumulative": false
    },
    {
        "date": "2020-09-11T14:13:44Z",
        "value": "1.573738768",
        "cumulative": false
    },
    {
        "date": "2020-09-11T14:13:56Z",
        "value": "1.595717461",
        "cumulative": false
    },
    {
        "date": "2020-09-11T14:14:07Z",
        "value": "1.640801509",
        "cumulative": false
    },
    {
        "date": "2020-09-11T14:14:25Z",
        "value": "1.587079908",
        "cumulative": false
    },
    {
        "date": "2020-09-11T14:14:36Z",
        "value": "1.566963042",
        "cumulative": false
    },
    {
        "date": "2020-09-11T14:14:51Z",
        "value": "1.605451797",
        "cumulative": false
    },
    {
        "date": "2020-09-11T14:15:02Z",
        "value": "1.603869616",
        "cumulative": false
    },
    {
        "date": "2020-09-11T14:15:14Z",
        "value": "1.575563965",
        "cumulative": false
    },
    {
        "date": "2020-09-11T14:15:33Z",
        "value": "1.601713031",
        "cumulative": false
    },
    {
        "date": "2020-09-11T14:15:43Z",
        "value": "1.578938257",
        "cumulative": false
    },
    {
        "date": "2020-09-11T14:15:58Z",
        "value": "1.60581469",
        "cumulative": false
    },
    {
        "date": "2020-09-11T14:16:18Z",
        "value": "1.592029425",
        "cumulative": false
    },
    {
        "date": "2020-09-11T14:16:36Z",
        "value": "1.593115979",
        "cumulative": false
    },
    {
        "date": "2020-09-11T14:16:51Z",
        "value": "1.622584648",
        "cumulative": false
    },
    {
        "date": "2020-09-11T14:17:07Z",
        "value": "1.592871125",
        "cumulative": false
    },
    {
        "date": "2020-09-11T14:17:26Z",
        "value": "1.393507815",
        "cumulative": false
    },
    {
        "date": "2020-09-11T14:17:36Z",
        "value": "1.380779777",
        "cumulative": false
    },
    {
        "date": "2020-09-11T14:17:47Z",
        "value": "1.375505935",
        "cumulative": false
    },
    {
        "date": "2020-09-11T14:18:00Z",
        "value": "1.372025153",
        "cumulative": false
    },
    {
        "date": "2020-09-11T14:18:18Z",
        "value": "1.371414904",
        "cumulative": false
    },
    {
        "date": "2020-09-11T14:18:35Z",
        "value": "1.351308209",
        "cumulative": false
    },
    {
        "date": "2020-09-11T14:18:50Z",
        "value": "1.377648207",
        "cumulative": false
    },
    {
        "date": "2020-09-11T14:19:08Z",
        "value": "1.384732134",
        "cumulative": false
    },
    {
        "date": "2020-09-11T14:19:24Z",
        "value": "1.363428604",
        "cumulative": false
    },
    {
        "date": "2020-09-11T14:19:37Z",
        "value": "1.368353073",
        "cumulative": false
    },
    {
        "date": "2020-09-11T14:19:55Z",
        "value": "1.353637158",
        "cumulative": false
    },
    {
        "date": "2020-09-11T14:20:12Z",
        "value": "1.372825106",
        "cumulative": false
    },
    {
        "date": "2020-09-11T14:20:23Z",
        "value": "1.383298498",
        "cumulative": false
    },
    {
        "date": "2020-09-11T14:20:37Z",
        "value": "1.387617329",
        "cumulative": false
    },
    {
        "date": "2020-09-11T14:20:53Z",
        "value": "1.350614378",
        "cumulative": false
    },
    {
        "date": "2020-09-11T14:21:13Z",
        "value": "1.045382993",
        "cumulative": false
    },
    {
        "date": "2020-09-11T14:21:25Z",
        "value": "0.03068579",
        "cumulative": false
    },
    {
        "date": "2020-09-11T14:21:36Z",
        "value": "0.0",
        "cumulative": false
    },
    {
        "date": "2020-09-11T14:21:51Z",
        "value": "0.0",
        "cumulative": false
    },
    {
        "date": "2020-09-11T14:22:01Z",
        "value": "0.0",
        "cumulative": false
    },
    {
        "date": "2020-09-11T14:22:25Z",
        "value": "0.0",
        "cumulative": false
    },
    {
        "date": "2020-09-11T14:22:39Z",
        "value": "0.0",
        "cumulative": false
    },
    {
        "date": "2020-09-11T14:23:00Z",
        "value": "0.0",
        "cumulative": false
    },
    {
        "date": "2020-09-11T14:23:11Z",
        "value": "0.0",
        "cumulative": false
    },
    {
        "date": "2020-09-11T14:23:37Z",
        "value": "0.0",
        "cumulative": false
    },
    {
        "date": "2020-09-11T14:23:53Z",
        "value": "0.0",
        "cumulative": false
    },
    {
        "date": "2020-09-11T14:24:16Z",
        "value": "0.0",
        "cumulative": false
    },
    {
        "date": "2020-09-11T14:24:35Z",
        "value": "0.0",
        "cumulative": false
    },
    {
        "date": "2020-09-11T14:24:57Z",
        "value": "0.0",
        "cumulative": false
    },
    {
        "date": "2020-09-11T14:25:12Z",
        "value": "0.0",
        "cumulative": false
    },
    {
        "date": "2020-09-11T14:25:31Z",
        "value": "0.0",
        "cumulative": false
    },
    {
        "date": "2020-09-11T14:25:42Z",
        "value": "0.0",
        "cumulative": false
    },
    {
        "date": "2020-09-11T14:26:09Z",
        "value": "0.0",
        "cumulative": false
    },
    {
        "date": "2020-09-11T14:26:25Z",
        "value": "0.0",
        "cumulative": false
    },
    {
        "date": "2020-09-11T14:26:45Z",
        "value": "0.0",
        "cumulative": false
    },
    {
        "date": "2020-09-11T14:27:02Z",
        "value": "0.0",
        "cumulative": false
    },
    {
        "date": "2020-09-11T14:27:23Z",
        "value": "0.0",
        "cumulative": false
    },
    {
        "date": "2020-09-11T14:27:39Z",
        "value": "0.0",
        "cumulative": false
    },
    {
        "date": "2020-09-11T14:28:02Z",
        "value": "0.0",
        "cumulative": false
    },
    {
        "date": "2020-09-11T14:28:14Z",
        "value": "0.0",
        "cumulative": false
    },
    {
        "date": "2020-09-11T14:28:37Z",
        "value": "0.0",
        "cumulative": false
    },
    {
        "date": "2020-09-11T14:28:51Z",
        "value": "0.0",
        "cumulative": false
    },
    {
        "date": "2020-09-11T14:29:14Z",
        "value": "0.0",
        "cumulative": false
    },
    {
        "date": "2020-09-11T14:29:28Z",
        "value": "0.0",
        "cumulative": false
    },
    {
        "date": "2020-09-11T14:29:48Z",
        "value": "0.0",
        "cumulative": false
    },
    {
        "date": "2020-09-11T14:30:03Z",
        "value": "0.0",
        "cumulative": false
    },
    {
        "date": "2020-09-11T14:30:19Z",
        "value": "0.0",
        "cumulative": false
    },
    {
        "date": "2020-09-11T14:30:30Z",
        "value": "0.0",
        "cumulative": false
    },
    {
        "date": "2020-09-11T14:30:57Z",
        "value": "0.0",
        "cumulative": false
    },
    {
        "date": "2020-09-11T14:31:15Z",
        "value": "0.0",
        "cumulative": false
    },
    {
        "date": "2020-09-11T14:31:38Z",
        "value": "0.0",
        "cumulative": false
    },
    {
        "date": "2020-09-11T14:31:53Z",
        "value": "0.0",
        "cumulative": false
    }
]