[
    {
        "date": "2020-09-11T13:42:03Z",
        "value": "3.734375",
        "cumulative": false
    },
    {
        "date": "2020-09-11T13:42:22Z",
        "value": "1216.4296875",
        "cumulative": false
    },
    {
        "date": "2020-09-11T13:42:42Z",
        "value": "1217.73046875",
        "cumulative": false
    },
    {
        "date": "2020-09-11T13:43:00Z",
        "value": "1222.30859375",
        "cumulative": false
    },
    {
        "date": "2020-09-11T13:43:17Z",
        "value": "1225.56640625",
        "cumulative": false
    },
    {
        "date": "2020-09-11T13:43:33Z",
        "value": "1227.796875",
        "cumulative": false
    },
    {
        "date": "2020-09-11T13:43:53Z",
        "value": "1234.27734375",
        "cumulative": false
    },
    {
        "date": "2020-09-11T13:44:03Z",
        "value": "1234.26171875",
        "cumulative": false
    },
    {
        "date": "2020-09-11T13:44:19Z",
        "value": "1238.8203125",
        "cumulative": false
    },
    {
        "date": "2020-09-11T13:44:32Z",
        "value": "1244.57421875",
        "cumulative": false
    },
    {
        "date": "2020-09-11T13:44:46Z",
        "value": "1244.57421875",
        "cumulative": false
    },
    {
        "date": "2020-09-11T13:45:05Z",
        "value": "1251.83984375",
        "cumulative": false
    },
    {
        "date": "2020-09-11T13:45:21Z",
        "value": "1251.83984375",
        "cumulative": false
    },
    {
        "date": "2020-09-11T13:45:41Z",
        "value": "1261.01171875",
        "cumulative": false
    },
    {
        "date": "2020-09-11T13:45:54Z",
        "value": "1261.01171875",
        "cumulative": false
    },
    {
        "date": "2020-09-11T13:46:11Z",
        "value": "1272.60546875",
        "cumulative": false
    },
    {
        "date": "2020-09-11T13:46:25Z",
        "value": "1252.83984375",
        "cumulative": false
    },
    {
        "date": "2020-09-11T13:46:36Z",
        "value": "1235.57421875",
        "cumulative": false
    },
    {
        "date": "2020-09-11T13:46:55Z",
        "value": "1235.48046875",
        "cumulative": false
    },
    {
        "date": "2020-09-11T13:47:13Z",
        "value": "1250.60546875",
        "cumulative": false
    },
    {
        "date": "2020-09-11T13:47:26Z",
        "value": "1287.23046875",
        "cumulative": false
    },
    {
        "date": "2020-09-11T13:47:42Z",
        "value": "1240.36328125",
        "cumulative": false
    },
    {
        "date": "2020-09-11T13:47:57Z",
        "value": "1240.421875",
        "cumulative": false
    },
    {
        "date": "2020-09-11T13:48:15Z",
        "value": "1290.015625",
        "cumulative": false
    },
    {
        "date": "2020-09-11T13:48:32Z",
        "value": "1305.7890625",
        "cumulative": false
    },
    {
        "date": "2020-09-11T13:48:45Z",
        "value": "1246.60546875",
        "cumulative": false
    },
    {
        "date": "2020-09-11T13:48:56Z",
        "value": "1246.54296875",
        "cumulative": false
    },
    {
        "date": "2020-09-11T13:49:06Z",
        "value": "1246.56640625",
        "cumulative": false
    },
    {
        "date": "2020-09-11T13:49:25Z",
        "value": "1266.609375",
        "cumulative": false
    },
    {
        "date": "2020-09-11T13:49:41Z",
        "value": "1285.19921875",
        "cumulative": false
    },
    {
        "date": "2020-09-11T13:49:52Z",
        "value": "1246.58984375",
        "cumulative": false
    },
    {
        "date": "2020-09-11T13:50:09Z",
        "value": "1308.328125",
        "cumulative": false
    },
    {
        "date": "2020-09-11T13:50:24Z",
        "value": "1299.59765625",
        "cumulative": false
    },
    {
        "date": "2020-09-11T13:50:38Z",
        "value": "1246.5703125",
        "cumulative": false
    },
    {
        "date": "2020-09-11T13:50:53Z",
        "value": "1246.5625",
        "cumulative": false
    },
    {
        "date": "2020-09-11T13:51:03Z",
        "value": "1246.58984375",
        "cumulative": false
    },
    {
        "date": "2020-09-11T13:51:23Z",
        "value": "1246.5625",
        "cumulative": false
    },
    {
        "date": "2020-09-11T13:51:39Z",
        "value": "1246.546875",
        "cumulative": false
    },
    {
        "date": "2020-09-11T13:51:57Z",
        "value": "1366.453125",
        "cumulative": false
    },
    {
        "date": "2020-09-11T13:52:14Z",
        "value": "1293.69921875",
        "cumulative": false
    },
    {
        "date": "2020-09-11T13:52:29Z",
        "value": "1246.515625",
        "cumulative": false
    },
    {
        "date": "2020-09-11T13:52:41Z",
        "value": "1246.58203125",
        "cumulative": false
    },
    {
        "date": "2020-09-11T13:53:01Z",
        "value": "1268.90625",
        "cumulative": false
    },
    {
        "date": "2020-09-11T13:53:16Z",
        "value": "1246.53515625",
        "cumulative": false
    },
    {
        "date": "2020-09-11T13:53:28Z",
        "value": "1274.15234375",
        "cumulative": false
    },
    {
        "date": "2020-09-11T13:53:45Z",
        "value": "1246.54296875",
        "cumulative": false
    },
    {
        "date": "2020-09-11T13:54:03Z",
        "value": "1284.67578125",
        "cumulative": false
    },
    {
        "date": "2020-09-11T13:54:13Z",
        "value": "1300.7890625",
        "cumulative": false
    },
    {
        "date": "2020-09-11T13:54:26Z",
        "value": "1287.01171875",
        "cumulative": false
    },
    {
        "date": "2020-09-11T13:54:37Z",
        "value": "1393.21875",
        "cumulative": false
    },
    {
        "date": "2020-09-11T13:54:51Z",
        "value": "1377.06640625",
        "cumulative": false
    },
    {
        "date": "2020-09-11T13:55:11Z",
        "value": "1270.41796875",
        "cumulative": false
    },
    {
        "date": "2020-09-11T13:55:24Z",
        "value": "1357.41796875",
        "cumulative": false
    },
    {
        "date": "2020-09-11T13:55:37Z",
        "value": "1246.6015625",
        "cumulative": false
    },
    {
        "date": "2020-09-11T13:55:55Z",
        "value": "1246.57421875",
        "cumulative": false
    },
    {
        "date": "2020-09-11T13:56:11Z",
        "value": "1396.94921875",
        "cumulative": false
    },
    {
        "date": "2020-09-11T13:56:30Z",
        "value": "1246.57421875",
        "cumulative": false
    },
    {
        "date": "2020-09-11T13:56:43Z",
        "value": "1246.51171875",
        "cumulative": false
    },
    {
        "date": "2020-09-11T13:56:57Z",
        "value": "1331.26953125",
        "cumulative": false
    },
    {
        "date": "2020-09-11T13:57:09Z",
        "value": "1465.87109375",
        "cumulative": false
    },
    {
        "date": "2020-09-11T13:57:28Z",
        "value": "1359.01171875",
        "cumulative": false
    },
    {
        "date": "2020-09-11T13:57:44Z",
        "value": "1376.65234375",
        "cumulative": false
    },
    {
        "date": "2020-09-11T13:57:58Z",
        "value": "1414.03515625",
        "cumulative": false
    },
    {
        "date": "2020-09-11T13:58:12Z",
        "value": "1288.26953125",
        "cumulative": false
    },
    {
        "date": "2020-09-11T13:58:29Z",
        "value": "1311.47265625",
        "cumulative": false
    },
    {
        "date": "2020-09-11T13:58:49Z",
        "value": "1246.5234375",
        "cumulative": false
    },
    {
        "date": "2020-09-11T13:59:00Z",
        "value": "1246.62109375",
        "cumulative": false
    },
    {
        "date": "2020-09-11T13:59:15Z",
        "value": "1308.7265625",
        "cumulative": false
    },
    {
        "date": "2020-09-11T13:59:27Z",
        "value": "1397.87890625",
        "cumulative": false
    },
    {
        "date": "2020-09-11T13:59:39Z",
        "value": "1352.29296875",
        "cumulative": false
    },
    {
        "date": "2020-09-11T13:59:50Z",
        "value": "1246.62890625",
        "cumulative": false
    },
    {
        "date": "2020-09-11T14:00:01Z",
        "value": "1251.60546875",
        "cumulative": false
    },
    {
        "date": "2020-09-11T14:00:19Z",
        "value": "1246.51953125",
        "cumulative": false
    },
    {
        "date": "2020-09-11T14:00:39Z",
        "value": "1501.71875",
        "cumulative": false
    },
    {
        "date": "2020-09-11T14:00:56Z",
        "value": "1246.625",
        "cumulative": false
    },
    {
        "date": "2020-09-11T14:01:07Z",
        "value": "1341.5234375",
        "cumulative": false
    },
    {
        "date": "2020-09-11T14:01:18Z",
        "value": "1427.6640625",
        "cumulative": false
    },
    {
        "date": "2020-09-11T14:01:36Z",
        "value": "1305.70703125",
        "cumulative": false
    },
    {
        "date": "2020-09-11T14:01:54Z",
        "value": "1331.4765625",
        "cumulative": false
    },
    {
        "date": "2020-09-11T14:02:04Z",
        "value": "1246.546875",
        "cumulative": false
    },
    {
        "date": "2020-09-11T14:02:18Z",
        "value": "1246.55859375",
        "cumulative": false
    },
    {
        "date": "2020-09-11T14:02:29Z",
        "value": "1246.6328125",
        "cumulative": false
    },
    {
        "date": "2020-09-11T14:02:46Z",
        "value": "1246.62109375",
        "cumulative": false
    },
    {
        "date": "2020-09-11T14:02:59Z",
        "value": "1274.26953125",
        "cumulative": false
    },
    {
        "date": "2020-09-11T14:03:15Z",
        "value": "1377.09765625",
        "cumulative": false
    },
    {
        "date": "2020-09-11T14:03:30Z",
        "value": "1246.59765625",
        "cumulative": false
    },
    {
        "date": "2020-09-11T14:03:43Z",
        "value": "1246.5625",
        "cumulative": false
    },
    {
        "date": "2020-09-11T14:04:02Z",
        "value": "1429.49609375",
        "cumulative": false
    },
    {
        "date": "2020-09-11T14:04:19Z",
        "value": "1246.6328125",
        "cumulative": false
    },
    {
        "date": "2020-09-11T14:04:34Z",
        "value": "1416.76953125",
        "cumulative": false
    },
    {
        "date": "2020-09-11T14:04:52Z",
        "value": "1246.60546875",
        "cumulative": false
    },
    {
        "date": "2020-09-11T14:05:04Z",
        "value": "1574.07421875",
        "cumulative": false
    },
    {
        "date": "2020-09-11T14:05:14Z",
        "value": "1488.1875",
        "cumulative": false
    },
    {
        "date": "2020-09-11T14:05:30Z",
        "value": "1482.1328125",
        "cumulative": false
    },
    {
        "date": "2020-09-11T14:05:45Z",
        "value": "1246.578125",
        "cumulative": false
    },
    {
        "date": "2020-09-11T14:05:58Z",
        "value": "1511.79296875",
        "cumulative": false
    },
    {
        "date": "2020-09-11T14:06:12Z",
        "value": "1531.19140625",
        "cumulative": false
    },
    {
        "date": "2020-09-11T14:06:32Z",
        "value": "1471.109375",
        "cumulative": false
    },
    {
        "date": "2020-09-11T14:06:50Z",
        "value": "1285.73828125",
        "cumulative": false
    },
    {
        "date": "2020-09-11T14:07:09Z",
        "value": "1508.84765625",
        "cumulative": false
    },
    {
        "date": "2020-09-11T14:07:27Z",
        "value": "1246.578125",
        "cumulative": false
    },
    {
        "date": "2020-09-11T14:07:46Z",
        "value": "1246.546875",
        "cumulative": false
    },
    {
        "date": "2020-09-11T14:07:59Z",
        "value": "1246.5234375",
        "cumulative": false
    },
    {
        "date": "2020-09-11T14:08:09Z",
        "value": "1393.2734375",
        "cumulative": false
    },
    {
        "date": "2020-09-11T14:08:21Z",
        "value": "1549.296875",
        "cumulative": false
    },
    {
        "date": "2020-09-11T14:08:37Z",
        "value": "1246.5703125",
        "cumulative": false
    },
    {
        "date": "2020-09-11T14:08:51Z",
        "value": "1246.5703125",
        "cumulative": false
    },
    {
        "date": "2020-09-11T14:09:02Z",
        "value": "1246.60546875",
        "cumulative": false
    },
    {
        "date": "2020-09-11T14:09:16Z",
        "value": "1549.296875",
        "cumulative": false
    },
    {
        "date": "2020-09-11T14:09:34Z",
        "value": "1533.0234375",
        "cumulative": false
    },
    {
        "date": "2020-09-11T14:09:49Z",
        "value": "1295.8984375",
        "cumulative": false
    },
    {
        "date": "2020-09-11T14:10:06Z",
        "value": "1246.5625",
        "cumulative": false
    },
    {
        "date": "2020-09-11T14:10:19Z",
        "value": "1353.68359375",
        "cumulative": false
    },
    {
        "date": "2020-09-11T14:10:38Z",
        "value": "1332.07421875",
        "cumulative": false
    },
    {
        "date": "2020-09-11T14:10:57Z",
        "value": "1654.87890625",
        "cumulative": false
    },
    {
        "date": "2020-09-11T14:11:12Z",
        "value": "1614.4140625",
        "cumulative": false
    },
    {
        "date": "2020-09-11T14:11:31Z",
        "value": "1466.93359375",
        "cumulative": false
    },
    {
        "date": "2020-09-11T14:11:46Z",
        "value": "1611.71484375",
        "cumulative": false
    },
    {
        "date": "2020-09-11T14:12:03Z",
        "value": "1559.55859375",
        "cumulative": false
    },
    {
        "date": "2020-09-11T14:12:14Z",
        "value": "1322.0234375",
        "cumulative": false
    },
    {
        "date": "2020-09-11T14:12:30Z",
        "value": "1624.86328125",
        "cumulative": false
    },
    {
        "date": "2020-09-11T14:12:41Z",
        "value": "1463.27734375",
        "cumulative": false
    },
    {
        "date": "2020-09-11T14:12:56Z",
        "value": "1302.671875",
        "cumulative": false
    },
    {
        "date": "2020-09-11T14:13:07Z",
        "value": "1246.59375",
        "cumulative": false
    },
    {
        "date": "2020-09-11T14:13:25Z",
        "value": "1343.93359375",
        "cumulative": false
    },
    {
        "date": "2020-09-11T14:13:42Z",
        "value": "1246.55859375",
        "cumulative": false
    },
    {
        "date": "2020-09-11T14:13:54Z",
        "value": "1358.40234375",
        "cumulative": false
    },
    {
        "date": "2020-09-11T14:14:05Z",
        "value": "1246.58984375",
        "cumulative": false
    },
    {
        "date": "2020-09-11T14:14:24Z",
        "value": "1246.52734375",
        "cumulative": false
    },
    {
        "date": "2020-09-11T14:14:39Z",
        "value": "1246.58984375",
        "cumulative": false
    },
    {
        "date": "2020-09-11T14:14:56Z",
        "value": "1587.10546875",
        "cumulative": false
    },
    {
        "date": "2020-09-11T14:15:06Z",
        "value": "1290.27734375",
        "cumulative": false
    },
    {
        "date": "2020-09-11T14:15:18Z",
        "value": "1608.05859375",
        "cumulative": false
    },
    {
        "date": "2020-09-11T14:15:31Z",
        "value": "1373.40234375",
        "cumulative": false
    },
    {
        "date": "2020-09-11T14:15:45Z",
        "value": "1246.5859375",
        "cumulative": false
    },
    {
        "date": "2020-09-11T14:16:02Z",
        "value": "1246.55859375",
        "cumulative": false
    },
    {
        "date": "2020-09-11T14:16:16Z",
        "value": "1292.09765625",
        "cumulative": false
    },
    {
        "date": "2020-09-11T14:16:28Z",
        "value": "1531.30859375",
        "cumulative": false
    },
    {
        "date": "2020-09-11T14:16:40Z",
        "value": "1254.9921875",
        "cumulative": false
    },
    {
        "date": "2020-09-11T14:16:57Z",
        "value": "1620.90625",
        "cumulative": false
    },
    {
        "date": "2020-09-11T14:17:12Z",
        "value": "1246.63671875",
        "cumulative": false
    },
    {
        "date": "2020-09-11T14:17:24Z",
        "value": "1768.43359375",
        "cumulative": false
    },
    {
        "date": "2020-09-11T14:17:43Z",
        "value": "1437.6953125",
        "cumulative": false
    },
    {
        "date": "2020-09-11T14:17:55Z",
        "value": "1798.4765625",
        "cumulative": false
    },
    {
        "date": "2020-09-11T14:18:14Z",
        "value": "1693.57421875",
        "cumulative": false
    },
    {
        "date": "2020-09-11T14:18:25Z",
        "value": "1415.296875",
        "cumulative": false
    },
    {
        "date": "2020-09-11T14:18:37Z",
        "value": "1510.6953125",
        "cumulative": false
    },
    {
        "date": "2020-09-11T14:18:56Z",
        "value": "1246.5546875",
        "cumulative": false
    },
    {
        "date": "2020-09-11T14:19:14Z",
        "value": "1680.0625",
        "cumulative": false
    },
    {
        "date": "2020-09-11T14:19:29Z",
        "value": "1278.73828125",
        "cumulative": false
    },
    {
        "date": "2020-09-11T14:19:41Z",
        "value": "1246.53125",
        "cumulative": false
    },
    {
        "date": "2020-09-11T14:19:58Z",
        "value": "1791.0703125",
        "cumulative": false
    },
    {
        "date": "2020-09-11T14:20:13Z",
        "value": "1270.515625",
        "cumulative": false
    },
    {
        "date": "2020-09-11T14:20:30Z",
        "value": "1507.578125",
        "cumulative": false
    },
    {
        "date": "2020-09-11T14:20:49Z",
        "value": "1434.15234375",
        "cumulative": false
    },
    {
        "date": "2020-09-11T14:21:02Z",
        "value": "1246.53515625",
        "cumulative": false
    },
    {
        "date": "2020-09-11T14:21:15Z",
        "value": "1246.52734375",
        "cumulative": false
    },
    {
        "date": "2020-09-11T14:21:28Z",
        "value": "10.25390625",
        "cumulative": false
    },
    {
        "date": "2020-09-11T14:21:40Z",
        "value": "10.25390625",
        "cumulative": false
    },
    {
        "date": "2020-09-11T14:22:06Z",
        "value": "10.25390625",
        "cumulative": false
    },
    {
        "date": "2020-09-11T14:22:16Z",
        "value": "10.25390625",
        "cumulative": false
    },
    {
        "date": "2020-09-11T14:22:35Z",
        "value": "10.25390625",
        "cumulative": false
    },
    {
        "date": "2020-09-11T14:22:48Z",
        "value": "10.25390625",
        "cumulative": false
    },
    {
        "date": "2020-09-11T14:23:07Z",
        "value": "10.25390625",
        "cumulative": false
    },
    {
        "date": "2020-09-11T14:23:27Z",
        "value": "10.25390625",
        "cumulative": false
    },
    {
        "date": "2020-09-11T14:23:51Z",
        "value": "10.25390625",
        "cumulative": false
    },
    {
        "date": "2020-09-11T14:24:05Z",
        "value": "10.25390625",
        "cumulative": false
    },
    {
        "date": "2020-09-11T14:24:27Z",
        "value": "10.25390625",
        "cumulative": false
    },
    {
        "date": "2020-09-11T14:24:42Z",
        "value": "10.25390625",
        "cumulative": false
    },
    {
        "date": "2020-09-11T14:25:09Z",
        "value": "10.25390625",
        "cumulative": false
    },
    {
        "date": "2020-09-11T14:25:22Z",
        "value": "10.25390625",
        "cumulative": false
    },
    {
        "date": "2020-09-11T14:25:41Z",
        "value": "10.25390625",
        "cumulative": false
    },
    {
        "date": "2020-09-11T14:25:59Z",
        "value": "10.25390625",
        "cumulative": false
    },
    {
        "date": "2020-09-11T14:26:24Z",
        "value": "10.25390625",
        "cumulative": false
    },
    {
        "date": "2020-09-11T14:26:42Z",
        "value": "10.25390625",
        "cumulative": false
    },
    {
        "date": "2020-09-11T14:27:11Z",
        "value": "10.25390625",
        "cumulative": false
    },
    {
        "date": "2020-09-11T14:27:22Z",
        "value": "10.25390625",
        "cumulative": false
    },
    {
        "date": "2020-09-11T14:27:49Z",
        "value": "10.25390625",
        "cumulative": false
    },
    {
        "date": "2020-09-11T14:28:01Z",
        "value": "10.25390625",
        "cumulative": false
    },
    {
        "date": "2020-09-11T14:28:24Z",
        "value": "10.25390625",
        "cumulative": false
    },
    {
        "date": "2020-09-11T14:28:35Z",
        "value": "10.25390625",
        "cumulative": false
    },
    {
        "date": "2020-09-11T14:28:51Z",
        "value": "10.25390625",
        "cumulative": false
    },
    {
        "date": "2020-09-11T14:29:05Z",
        "value": "10.25390625",
        "cumulative": false
    },
    {
        "date": "2020-09-11T14:29:32Z",
        "value": "10.25390625",
        "cumulative": false
    },
    {
        "date": "2020-09-11T14:29:45Z",
        "value": "10.25390625",
        "cumulative": false
    },
    {
        "date": "2020-09-11T14:30:13Z",
        "value": "10.25390625",
        "cumulative": false
    },
    {
        "date": "2020-09-11T14:30:28Z",
        "value": "10.25390625",
        "cumulative": false
    },
    {
        "date": "2020-09-11T14:30:57Z",
        "value": "10.25390625",
        "cumulative": false
    },
    {
        "date": "2020-09-11T14:31:09Z",
        "value": "10.25390625",
        "cumulative": false
    },
    {
        "date": "2020-09-11T14:31:33Z",
        "value": "10.25390625",
        "cumulative": false
    },
    {
        "date": "2020-09-11T14:31:46Z",
        "value": "10.25390625",
        "cumulative": false
    }
]