[
    {
        "date": "2020-09-11T13:42:09Z",
        "value": "2.77734375",
        "cumulative": false
    },
    {
        "date": "2020-09-11T13:42:20Z",
        "value": "1214.4921875",
        "cumulative": false
    },
    {
        "date": "2020-09-11T13:42:33Z",
        "value": "1214.98828125",
        "cumulative": false
    },
    {
        "date": "2020-09-11T13:42:52Z",
        "value": "1217.60546875",
        "cumulative": false
    },
    {
        "date": "2020-09-11T13:43:02Z",
        "value": "1220.41015625",
        "cumulative": false
    },
    {
        "date": "2020-09-11T13:43:17Z",
        "value": "1223.50390625",
        "cumulative": false
    },
    {
        "date": "2020-09-11T13:43:28Z",
        "value": "1225.80859375",
        "cumulative": false
    },
    {
        "date": "2020-09-11T13:43:41Z",
        "value": "1228.6796875",
        "cumulative": false
    },
    {
        "date": "2020-09-11T13:44:01Z",
        "value": "1232.23046875",
        "cumulative": false
    },
    {
        "date": "2020-09-11T13:44:13Z",
        "value": "1236.8828125",
        "cumulative": false
    },
    {
        "date": "2020-09-11T13:44:26Z",
        "value": "1236.7890625",
        "cumulative": false
    },
    {
        "date": "2020-09-11T13:44:43Z",
        "value": "1242.65234375",
        "cumulative": false
    },
    {
        "date": "2020-09-11T13:45:00Z",
        "value": "1249.84765625",
        "cumulative": false
    },
    {
        "date": "2020-09-11T13:45:12Z",
        "value": "1249.80859375",
        "cumulative": false
    },
    {
        "date": "2020-09-11T13:45:30Z",
        "value": "1259.03515625",
        "cumulative": false
    },
    {
        "date": "2020-09-11T13:45:43Z",
        "value": "1259.03515625",
        "cumulative": false
    },
    {
        "date": "2020-09-11T13:45:57Z",
        "value": "1258.98046875",
        "cumulative": false
    },
    {
        "date": "2020-09-11T13:46:14Z",
        "value": "1269.390625",
        "cumulative": false
    },
    {
        "date": "2020-09-11T13:46:27Z",
        "value": "1233.5625",
        "cumulative": false
    },
    {
        "date": "2020-09-11T13:46:46Z",
        "value": "1233.47265625",
        "cumulative": false
    },
    {
        "date": "2020-09-11T13:46:57Z",
        "value": "1233.47265625",
        "cumulative": false
    },
    {
        "date": "2020-09-11T13:47:15Z",
        "value": "1238.33984375",
        "cumulative": false
    },
    {
        "date": "2020-09-11T13:47:27Z",
        "value": "1238.33984375",
        "cumulative": false
    },
    {
        "date": "2020-09-11T13:47:46Z",
        "value": "1238.3984375",
        "cumulative": false
    },
    {
        "date": "2020-09-11T13:48:05Z",
        "value": "1297.53515625",
        "cumulative": false
    },
    {
        "date": "2020-09-11T13:48:19Z",
        "value": "1265.2890625",
        "cumulative": false
    },
    {
        "date": "2020-09-11T13:48:37Z",
        "value": "1251.78515625",
        "cumulative": false
    },
    {
        "date": "2020-09-11T13:48:50Z",
        "value": "1244.4765625",
        "cumulative": false
    },
    {
        "date": "2020-09-11T13:49:05Z",
        "value": "1244.578125",
        "cumulative": false
    },
    {
        "date": "2020-09-11T13:49:20Z",
        "value": "1244.5078125",
        "cumulative": false
    },
    {
        "date": "2020-09-11T13:49:31Z",
        "value": "1244.5703125",
        "cumulative": false
    },
    {
        "date": "2020-09-11T13:49:46Z",
        "value": "1244.5078125",
        "cumulative": false
    },
    {
        "date": "2020-09-11T13:50:06Z",
        "value": "1315.37109375",
        "cumulative": false
    },
    {
        "date": "2020-09-11T13:50:20Z",
        "value": "1311.41015625",
        "cumulative": false
    },
    {
        "date": "2020-09-11T13:50:35Z",
        "value": "1244.51953125",
        "cumulative": false
    },
    {
        "date": "2020-09-11T13:50:49Z",
        "value": "1277.578125",
        "cumulative": false
    },
    {
        "date": "2020-09-11T13:51:00Z",
        "value": "1244.5",
        "cumulative": false
    },
    {
        "date": "2020-09-11T13:51:13Z",
        "value": "1338.8515625",
        "cumulative": false
    },
    {
        "date": "2020-09-11T13:51:31Z",
        "value": "1333.7734375",
        "cumulative": false
    },
    {
        "date": "2020-09-11T13:51:44Z",
        "value": "1249.90625",
        "cumulative": false
    },
    {
        "date": "2020-09-11T13:52:02Z",
        "value": "1356.0",
        "cumulative": false
    },
    {
        "date": "2020-09-11T13:52:14Z",
        "value": "1244.5546875",
        "cumulative": false
    },
    {
        "date": "2020-09-11T13:52:31Z",
        "value": "1244.5546875",
        "cumulative": false
    },
    {
        "date": "2020-09-11T13:52:41Z",
        "value": "1244.484375",
        "cumulative": false
    },
    {
        "date": "2020-09-11T13:53:00Z",
        "value": "1244.58984375",
        "cumulative": false
    },
    {
        "date": "2020-09-11T13:53:15Z",
        "value": "1326.91796875",
        "cumulative": false
    },
    {
        "date": "2020-09-11T13:53:27Z",
        "value": "1351.609375",
        "cumulative": false
    },
    {
        "date": "2020-09-11T13:53:39Z",
        "value": "1244.5546875",
        "cumulative": false
    },
    {
        "date": "2020-09-11T13:53:59Z",
        "value": "1244.5234375",
        "cumulative": false
    },
    {
        "date": "2020-09-11T13:54:11Z",
        "value": "1313.26953125",
        "cumulative": false
    },
    {
        "date": "2020-09-11T13:54:26Z",
        "value": "1277.15625",
        "cumulative": false
    },
    {
        "date": "2020-09-11T13:54:44Z",
        "value": "1369.9921875",
        "cumulative": false
    },
    {
        "date": "2020-09-11T13:54:56Z",
        "value": "1244.49609375",
        "cumulative": false
    },
    {
        "date": "2020-09-11T13:55:07Z",
        "value": "1244.5390625",
        "cumulative": false
    },
    {
        "date": "2020-09-11T13:55:25Z",
        "value": "1244.4765625",
        "cumulative": false
    },
    {
        "date": "2020-09-11T13:55:36Z",
        "value": "1244.4765625",
        "cumulative": false
    },
    {
        "date": "2020-09-11T13:55:47Z",
        "value": "1244.4765625",
        "cumulative": false
    },
    {
        "date": "2020-09-11T13:56:05Z",
        "value": "1244.546875",
        "cumulative": false
    },
    {
        "date": "2020-09-11T13:56:17Z",
        "value": "1244.515625",
        "cumulative": false
    },
    {
        "date": "2020-09-11T13:56:28Z",
        "value": "1244.546875",
        "cumulative": false
    },
    {
        "date": "2020-09-11T13:56:39Z",
        "value": "1244.515625",
        "cumulative": false
    },
    {
        "date": "2020-09-11T13:56:55Z",
        "value": "1294.5",
        "cumulative": false
    },
    {
        "date": "2020-09-11T13:57:06Z",
        "value": "1423.796875",
        "cumulative": false
    },
    {
        "date": "2020-09-11T13:57:17Z",
        "value": "1244.59375",
        "cumulative": false
    },
    {
        "date": "2020-09-11T13:57:36Z",
        "value": "1244.515625",
        "cumulative": false
    },
    {
        "date": "2020-09-11T13:57:49Z",
        "value": "1244.578125",
        "cumulative": false
    },
    {
        "date": "2020-09-11T13:58:07Z",
        "value": "1244.484375",
        "cumulative": false
    },
    {
        "date": "2020-09-11T13:58:24Z",
        "value": "1244.5234375",
        "cumulative": false
    },
    {
        "date": "2020-09-11T13:58:35Z",
        "value": "1244.59765625",
        "cumulative": false
    },
    {
        "date": "2020-09-11T13:58:48Z",
        "value": "1255.6328125",
        "cumulative": false
    },
    {
        "date": "2020-09-11T13:59:08Z",
        "value": "1244.55078125",
        "cumulative": false
    },
    {
        "date": "2020-09-11T13:59:19Z",
        "value": "1244.48046875",
        "cumulative": false
    },
    {
        "date": "2020-09-11T13:59:37Z",
        "value": "1244.54296875",
        "cumulative": false
    },
    {
        "date": "2020-09-11T13:59:57Z",
        "value": "1244.5859375",
        "cumulative": false
    },
    {
        "date": "2020-09-11T14:00:09Z",
        "value": "1244.49609375",
        "cumulative": false
    },
    {
        "date": "2020-09-11T14:00:23Z",
        "value": "1244.5625",
        "cumulative": false
    },
    {
        "date": "2020-09-11T14:00:42Z",
        "value": "1435.6796875",
        "cumulative": false
    },
    {
        "date": "2020-09-11T14:00:54Z",
        "value": "1244.59375",
        "cumulative": false
    },
    {
        "date": "2020-09-11T14:01:05Z",
        "value": "1260.0",
        "cumulative": false
    },
    {
        "date": "2020-09-11T14:01:20Z",
        "value": "1326.875",
        "cumulative": false
    },
    {
        "date": "2020-09-11T14:01:31Z",
        "value": "1302.15625",
        "cumulative": false
    },
    {
        "date": "2020-09-11T14:01:43Z",
        "value": "1244.59375",
        "cumulative": false
    },
    {
        "date": "2020-09-11T14:01:57Z",
        "value": "1244.5625",
        "cumulative": false
    },
    {
        "date": "2020-09-11T14:02:11Z",
        "value": "1332.78125",
        "cumulative": false
    },
    {
        "date": "2020-09-11T14:02:26Z",
        "value": "1387.8671875",
        "cumulative": false
    },
    {
        "date": "2020-09-11T14:02:42Z",
        "value": "1244.48828125",
        "cumulative": false
    },
    {
        "date": "2020-09-11T14:02:54Z",
        "value": "1244.51953125",
        "cumulative": false
    },
    {
        "date": "2020-09-11T14:03:13Z",
        "value": "1394.8671875",
        "cumulative": false
    },
    {
        "date": "2020-09-11T14:03:32Z",
        "value": "1255.08984375",
        "cumulative": false
    },
    {
        "date": "2020-09-11T14:03:51Z",
        "value": "1270.8125",
        "cumulative": false
    },
    {
        "date": "2020-09-11T14:04:09Z",
        "value": "1390.28515625",
        "cumulative": false
    },
    {
        "date": "2020-09-11T14:04:24Z",
        "value": "1305.54296875",
        "cumulative": false
    },
    {
        "date": "2020-09-11T14:04:44Z",
        "value": "1244.49609375",
        "cumulative": false
    },
    {
        "date": "2020-09-11T14:04:57Z",
        "value": "1528.44921875",
        "cumulative": false
    },
    {
        "date": "2020-09-11T14:05:12Z",
        "value": "1244.51953125",
        "cumulative": false
    },
    {
        "date": "2020-09-11T14:05:25Z",
        "value": "1554.23828125",
        "cumulative": false
    },
    {
        "date": "2020-09-11T14:05:39Z",
        "value": "1247.5625",
        "cumulative": false
    },
    {
        "date": "2020-09-11T14:05:50Z",
        "value": "1495.05078125",
        "cumulative": false
    },
    {
        "date": "2020-09-11T14:06:07Z",
        "value": "1354.5859375",
        "cumulative": false
    },
    {
        "date": "2020-09-11T14:06:23Z",
        "value": "1244.49609375",
        "cumulative": false
    },
    {
        "date": "2020-09-11T14:06:42Z",
        "value": "1244.51171875",
        "cumulative": false
    },
    {
        "date": "2020-09-11T14:06:54Z",
        "value": "1564.5",
        "cumulative": false
    },
    {
        "date": "2020-09-11T14:07:14Z",
        "value": "1550.890625",
        "cumulative": false
    },
    {
        "date": "2020-09-11T14:07:29Z",
        "value": "1244.578125",
        "cumulative": false
    },
    {
        "date": "2020-09-11T14:07:42Z",
        "value": "1244.515625",
        "cumulative": false
    },
    {
        "date": "2020-09-11T14:07:55Z",
        "value": "1244.5546875",
        "cumulative": false
    },
    {
        "date": "2020-09-11T14:08:06Z",
        "value": "1244.5703125",
        "cumulative": false
    },
    {
        "date": "2020-09-11T14:08:18Z",
        "value": "1547.3359375",
        "cumulative": false
    },
    {
        "date": "2020-09-11T14:08:28Z",
        "value": "1414.4765625",
        "cumulative": false
    },
    {
        "date": "2020-09-11T14:08:46Z",
        "value": "1382.0859375",
        "cumulative": false
    },
    {
        "date": "2020-09-11T14:09:00Z",
        "value": "1244.546875",
        "cumulative": false
    },
    {
        "date": "2020-09-11T14:09:14Z",
        "value": "1416.8359375",
        "cumulative": false
    },
    {
        "date": "2020-09-11T14:09:27Z",
        "value": "1244.5234375",
        "cumulative": false
    },
    {
        "date": "2020-09-11T14:09:39Z",
        "value": "1244.5625",
        "cumulative": false
    },
    {
        "date": "2020-09-11T14:09:50Z",
        "value": "1244.578125",
        "cumulative": false
    },
    {
        "date": "2020-09-11T14:10:02Z",
        "value": "1244.4921875",
        "cumulative": false
    },
    {
        "date": "2020-09-11T14:10:16Z",
        "value": "1678.28125",
        "cumulative": false
    },
    {
        "date": "2020-09-11T14:10:33Z",
        "value": "1281.22265625",
        "cumulative": false
    },
    {
        "date": "2020-09-11T14:10:48Z",
        "value": "1518.87890625",
        "cumulative": false
    },
    {
        "date": "2020-09-11T14:11:08Z",
        "value": "1244.515625",
        "cumulative": false
    },
    {
        "date": "2020-09-11T14:11:22Z",
        "value": "1244.51171875",
        "cumulative": false
    },
    {
        "date": "2020-09-11T14:11:35Z",
        "value": "1244.5078125",
        "cumulative": false
    },
    {
        "date": "2020-09-11T14:11:49Z",
        "value": "1244.50390625",
        "cumulative": false
    },
    {
        "date": "2020-09-11T14:12:07Z",
        "value": "1399.0703125",
        "cumulative": false
    },
    {
        "date": "2020-09-11T14:12:21Z",
        "value": "1244.6015625",
        "cumulative": false
    },
    {
        "date": "2020-09-11T14:12:39Z",
        "value": "1522.41796875",
        "cumulative": false
    },
    {
        "date": "2020-09-11T14:12:54Z",
        "value": "1244.57421875",
        "cumulative": false
    },
    {
        "date": "2020-09-11T14:13:04Z",
        "value": "1244.5",
        "cumulative": false
    },
    {
        "date": "2020-09-11T14:13:16Z",
        "value": "1244.5859375",
        "cumulative": false
    },
    {
        "date": "2020-09-11T14:13:32Z",
        "value": "1244.58203125",
        "cumulative": false
    },
    {
        "date": "2020-09-11T14:13:52Z",
        "value": "1244.61328125",
        "cumulative": false
    },
    {
        "date": "2020-09-11T14:14:06Z",
        "value": "1244.55078125",
        "cumulative": false
    },
    {
        "date": "2020-09-11T14:14:20Z",
        "value": "1244.61328125",
        "cumulative": false
    },
    {
        "date": "2020-09-11T14:14:33Z",
        "value": "1244.55078125",
        "cumulative": false
    },
    {
        "date": "2020-09-11T14:14:52Z",
        "value": "1244.58203125",
        "cumulative": false
    },
    {
        "date": "2020-09-11T14:15:06Z",
        "value": "1244.51953125",
        "cumulative": false
    },
    {
        "date": "2020-09-11T14:15:24Z",
        "value": "1332.7421875",
        "cumulative": false
    },
    {
        "date": "2020-09-11T14:15:40Z",
        "value": "1244.4921875",
        "cumulative": false
    },
    {
        "date": "2020-09-11T14:15:55Z",
        "value": "1244.5859375",
        "cumulative": false
    },
    {
        "date": "2020-09-11T14:16:10Z",
        "value": "1396.7734375",
        "cumulative": false
    },
    {
        "date": "2020-09-11T14:16:30Z",
        "value": "1471.9296875",
        "cumulative": false
    },
    {
        "date": "2020-09-11T14:16:44Z",
        "value": "1244.5234375",
        "cumulative": false
    },
    {
        "date": "2020-09-11T14:16:57Z",
        "value": "1244.5859375",
        "cumulative": false
    },
    {
        "date": "2020-09-11T14:17:13Z",
        "value": "1244.546875",
        "cumulative": false
    },
    {
        "date": "2020-09-11T14:17:30Z",
        "value": "1416.47265625",
        "cumulative": false
    },
    {
        "date": "2020-09-11T14:17:43Z",
        "value": "1244.60546875",
        "cumulative": false
    },
    {
        "date": "2020-09-11T14:17:57Z",
        "value": "1669.9453125",
        "cumulative": false
    },
    {
        "date": "2020-09-11T14:18:11Z",
        "value": "1506.953125",
        "cumulative": false
    },
    {
        "date": "2020-09-11T14:18:31Z",
        "value": "1698.796875",
        "cumulative": false
    },
    {
        "date": "2020-09-11T14:18:42Z",
        "value": "1321.38671875",
        "cumulative": false
    },
    {
        "date": "2020-09-11T14:19:00Z",
        "value": "1792.3125",
        "cumulative": false
    },
    {
        "date": "2020-09-11T14:19:14Z",
        "value": "1244.61328125",
        "cumulative": false
    },
    {
        "date": "2020-09-11T14:19:25Z",
        "value": "1409.03515625",
        "cumulative": false
    },
    {
        "date": "2020-09-11T14:19:36Z",
        "value": "1244.5",
        "cumulative": false
    },
    {
        "date": "2020-09-11T14:19:54Z",
        "value": "1310.87109375",
        "cumulative": false
    },
    {
        "date": "2020-09-11T14:20:07Z",
        "value": "1791.5859375",
        "cumulative": false
    },
    {
        "date": "2020-09-11T14:20:25Z",
        "value": "1604.6796875",
        "cumulative": false
    },
    {
        "date": "2020-09-11T14:20:45Z",
        "value": "1792.3984375",
        "cumulative": false
    },
    {
        "date": "2020-09-11T14:20:57Z",
        "value": "1244.53125",
        "cumulative": false
    },
    {
        "date": "2020-09-11T14:21:12Z",
        "value": "1244.4921875",
        "cumulative": false
    },
    {
        "date": "2020-09-11T14:21:28Z",
        "value": "8.05859375",
        "cumulative": false
    },
    {
        "date": "2020-09-11T14:21:42Z",
        "value": "8.05859375",
        "cumulative": false
    },
    {
        "date": "2020-09-11T14:22:03Z",
        "value": "8.05859375",
        "cumulative": false
    },
    {
        "date": "2020-09-11T14:22:14Z",
        "value": "8.05859375",
        "cumulative": false
    },
    {
        "date": "2020-09-11T14:22:36Z",
        "value": "8.05859375",
        "cumulative": false
    },
    {
        "date": "2020-09-11T14:22:50Z",
        "value": "8.05859375",
        "cumulative": false
    },
    {
        "date": "2020-09-11T14:23:15Z",
        "value": "8.05859375",
        "cumulative": false
    },
    {
        "date": "2020-09-11T14:23:33Z",
        "value": "8.05859375",
        "cumulative": false
    },
    {
        "date": "2020-09-11T14:23:54Z",
        "value": "8.05859375",
        "cumulative": false
    },
    {
        "date": "2020-09-11T14:24:05Z",
        "value": "8.05859375",
        "cumulative": false
    },
    {
        "date": "2020-09-11T14:24:22Z",
        "value": "8.05859375",
        "cumulative": false
    },
    {
        "date": "2020-09-11T14:24:38Z",
        "value": "8.05859375",
        "cumulative": false
    },
    {
        "date": "2020-09-11T14:24:54Z",
        "value": "8.05859375",
        "cumulative": false
    },
    {
        "date": "2020-09-11T14:25:13Z",
        "value": "8.05859375",
        "cumulative": false
    },
    {
        "date": "2020-09-11T14:25:34Z",
        "value": "8.05859375",
        "cumulative": false
    },
    {
        "date": "2020-09-11T14:25:49Z",
        "value": "8.05859375",
        "cumulative": false
    },
    {
        "date": "2020-09-11T14:26:17Z",
        "value": "8.05859375",
        "cumulative": false
    },
    {
        "date": "2020-09-11T14:26:33Z",
        "value": "8.05859375",
        "cumulative": false
    },
    {
        "date": "2020-09-11T14:26:49Z",
        "value": "8.05859375",
        "cumulative": false
    },
    {
        "date": "2020-09-11T14:27:09Z",
        "value": "8.05859375",
        "cumulative": false
    },
    {
        "date": "2020-09-11T14:27:35Z",
        "value": "8.05859375",
        "cumulative": false
    },
    {
        "date": "2020-09-11T14:27:45Z",
        "value": "8.05859375",
        "cumulative": false
    },
    {
        "date": "2020-09-11T14:28:13Z",
        "value": "8.05859375",
        "cumulative": false
    },
    {
        "date": "2020-09-11T14:28:23Z",
        "value": "8.05859375",
        "cumulative": false
    },
    {
        "date": "2020-09-11T14:28:53Z",
        "value": "8.05859375",
        "cumulative": false
    },
    {
        "date": "2020-09-11T14:29:04Z",
        "value": "8.05859375",
        "cumulative": false
    },
    {
        "date": "2020-09-11T14:29:31Z",
        "value": "8.05859375",
        "cumulative": false
    },
    {
        "date": "2020-09-11T14:29:47Z",
        "value": "8.05859375",
        "cumulative": false
    },
    {
        "date": "2020-09-11T14:30:06Z",
        "value": "8.05859375",
        "cumulative": false
    },
    {
        "date": "2020-09-11T14:30:26Z",
        "value": "8.05859375",
        "cumulative": false
    },
    {
        "date": "2020-09-11T14:30:51Z",
        "value": "8.05859375",
        "cumulative": false
    },
    {
        "date": "2020-09-11T14:31:05Z",
        "value": "8.05859375",
        "cumulative": false
    },
    {
        "date": "2020-09-11T14:31:30Z",
        "value": "8.05859375",
        "cumulative": false
    },
    {
        "date": "2020-09-11T14:31:48Z",
        "value": "8.05859375",
        "cumulative": false
    }
]