[
    {
        "date": "2020-09-11T13:42:07Z",
        "value": "0.0009593963623046875",
        "cumulative": true
    },
    {
        "date": "2020-09-11T13:42:26Z",
        "value": "8.927238464355469",
        "cumulative": true
    },
    {
        "date": "2020-09-11T13:42:43Z",
        "value": "949.2049150466919",
        "cumulative": true
    },
    {
        "date": "2020-09-11T13:42:56Z",
        "value": "3465.3738536834717",
        "cumulative": true
    },
    {
        "date": "2020-09-11T13:43:14Z",
        "value": "6959.663418769836",
        "cumulative": true
    },
    {
        "date": "2020-09-11T13:43:32Z",
        "value": "9986.781008720398",
        "cumulative": true
    },
    {
        "date": "2020-09-11T13:43:51Z",
        "value": "13922.921186447144",
        "cumulative": true
    },
    {
        "date": "2020-09-11T13:44:03Z",
        "value": "16265.05597782135",
        "cumulative": true
    },
    {
        "date": "2020-09-11T13:44:20Z",
        "value": "19719.30386543274",
        "cumulative": true
    },
    {
        "date": "2020-09-11T13:44:36Z",
        "value": "22942.17132472992",
        "cumulative": true
    },
    {
        "date": "2020-09-11T13:44:49Z",
        "value": "25832.4395236969",
        "cumulative": true
    },
    {
        "date": "2020-09-11T13:45:01Z",
        "value": "28423.533091545105",
        "cumulative": true
    },
    {
        "date": "2020-09-11T13:45:15Z",
        "value": "31223.88516139984",
        "cumulative": true
    },
    {
        "date": "2020-09-11T13:45:29Z",
        "value": "35013.26381969452",
        "cumulative": true
    },
    {
        "date": "2020-09-11T13:45:48Z",
        "value": "38218.442251205444",
        "cumulative": true
    },
    {
        "date": "2020-09-11T13:45:59Z",
        "value": "41440.81299209595",
        "cumulative": true
    },
    {
        "date": "2020-09-11T13:46:10Z",
        "value": "44234.70629787445",
        "cumulative": true
    },
    {
        "date": "2020-09-11T13:46:22Z",
        "value": "45851.09196186066",
        "cumulative": true
    },
    {
        "date": "2020-09-11T13:46:37Z",
        "value": "48363.413303375244",
        "cumulative": true
    },
    {
        "date": "2020-09-11T13:46:55Z",
        "value": "53074.26693725586",
        "cumulative": true
    },
    {
        "date": "2020-09-11T13:47:14Z",
        "value": "56842.00347137451",
        "cumulative": true
    },
    {
        "date": "2020-09-11T13:47:29Z",
        "value": "58903.50093841553",
        "cumulative": true
    },
    {
        "date": "2020-09-11T13:47:43Z",
        "value": "62097.252990722656",
        "cumulative": true
    },
    {
        "date": "2020-09-11T13:47:59Z",
        "value": "66474.16706466675",
        "cumulative": true
    },
    {
        "date": "2020-09-11T13:48:18Z",
        "value": "70865.05518913269",
        "cumulative": true
    },
    {
        "date": "2020-09-11T13:48:37Z",
        "value": "73505.60892295837",
        "cumulative": true
    },
    {
        "date": "2020-09-11T13:48:54Z",
        "value": "76296.70353412628",
        "cumulative": true
    },
    {
        "date": "2020-09-11T13:49:04Z",
        "value": "79269.94772815704",
        "cumulative": true
    },
    {
        "date": "2020-09-11T13:49:15Z",
        "value": "81890.40712070465",
        "cumulative": true
    },
    {
        "date": "2020-09-11T13:49:34Z",
        "value": "87062.71306324005",
        "cumulative": true
    },
    {
        "date": "2020-09-11T13:49:50Z",
        "value": "89829.74121665955",
        "cumulative": true
    },
    {
        "date": "2020-09-11T13:50:06Z",
        "value": "91809.77753829956",
        "cumulative": true
    },
    {
        "date": "2020-09-11T13:50:20Z",
        "value": "93588.8710899353",
        "cumulative": true
    },
    {
        "date": "2020-09-11T13:50:38Z",
        "value": "97409.56495952606",
        "cumulative": true
    },
    {
        "date": "2020-09-11T13:50:49Z",
        "value": "100749.07466030121",
        "cumulative": true
    },
    {
        "date": "2020-09-11T13:51:00Z",
        "value": "103679.88606739044",
        "cumulative": true
    },
    {
        "date": "2020-09-11T13:51:13Z",
        "value": "107623.86329555511",
        "cumulative": true
    },
    {
        "date": "2020-09-11T13:51:25Z",
        "value": "111604.81285381317",
        "cumulative": true
    },
    {
        "date": "2020-09-11T13:51:37Z",
        "value": "113041.96311473846",
        "cumulative": true
    },
    {
        "date": "2020-09-11T13:51:51Z",
        "value": "115021.01751804352",
        "cumulative": true
    },
    {
        "date": "2020-09-11T13:52:09Z",
        "value": "117342.0153093338",
        "cumulative": true
    },
    {
        "date": "2020-09-11T13:52:26Z",
        "value": "119501.38259792328",
        "cumulative": true
    },
    {
        "date": "2020-09-11T13:52:40Z",
        "value": "123188.54220199585",
        "cumulative": true
    },
    {
        "date": "2020-09-11T13:52:58Z",
        "value": "128431.18091583252",
        "cumulative": true
    },
    {
        "date": "2020-09-11T13:53:10Z",
        "value": "131762.58340644836",
        "cumulative": true
    },
    {
        "date": "2020-09-11T13:53:29Z",
        "value": "137626.19783210754",
        "cumulative": true
    },
    {
        "date": "2020-09-11T13:53:45Z",
        "value": "141506.80274868011",
        "cumulative": true
    },
    {
        "date": "2020-09-11T13:53:57Z",
        "value": "142992.9362707138",
        "cumulative": true
    },
    {
        "date": "2020-09-11T13:54:11Z",
        "value": "144986.10109615326",
        "cumulative": true
    },
    {
        "date": "2020-09-11T13:54:29Z",
        "value": "147292.92451572418",
        "cumulative": true
    },
    {
        "date": "2020-09-11T13:54:40Z",
        "value": "148657.89689159393",
        "cumulative": true
    },
    {
        "date": "2020-09-11T13:54:54Z",
        "value": "150547.50575733185",
        "cumulative": true
    },
    {
        "date": "2020-09-11T13:55:06Z",
        "value": "153370.4063129425",
        "cumulative": true
    },
    {
        "date": "2020-09-11T13:55:17Z",
        "value": "156324.5671710968",
        "cumulative": true
    },
    {
        "date": "2020-09-11T13:55:27Z",
        "value": "159090.449136734",
        "cumulative": true
    },
    {
        "date": "2020-09-11T13:55:40Z",
        "value": "162689.04706001282",
        "cumulative": true
    },
    {
        "date": "2020-09-11T13:56:00Z",
        "value": "168140.69907951355",
        "cumulative": true
    },
    {
        "date": "2020-09-11T13:56:18Z",
        "value": "173057.0511493683",
        "cumulative": true
    },
    {
        "date": "2020-09-11T13:56:31Z",
        "value": "176755.21863937378",
        "cumulative": true
    },
    {
        "date": "2020-09-11T13:56:41Z",
        "value": "178494.5599308014",
        "cumulative": true
    },
    {
        "date": "2020-09-11T13:56:58Z",
        "value": "180712.33547019958",
        "cumulative": true
    },
    {
        "date": "2020-09-11T13:57:15Z",
        "value": "182957.59717941284",
        "cumulative": true
    },
    {
        "date": "2020-09-11T13:57:32Z",
        "value": "185128.73803329468",
        "cumulative": true
    },
    {
        "date": "2020-09-11T13:57:46Z",
        "value": "186975.0922985077",
        "cumulative": true
    },
    {
        "date": "2020-09-11T13:58:03Z",
        "value": "189145.6360054016",
        "cumulative": true
    },
    {
        "date": "2020-09-11T13:58:18Z",
        "value": "191246.1049079895",
        "cumulative": true
    },
    {
        "date": "2020-09-11T13:58:33Z",
        "value": "195457.4892654419",
        "cumulative": true
    },
    {
        "date": "2020-09-11T13:58:52Z",
        "value": "201033.32873916626",
        "cumulative": true
    },
    {
        "date": "2020-09-11T13:59:09Z",
        "value": "205875.86948776245",
        "cumulative": true
    },
    {
        "date": "2020-09-11T13:59:26Z",
        "value": "210563.76500320435",
        "cumulative": true
    },
    {
        "date": "2020-09-11T13:59:36Z",
        "value": "213616.59834098816",
        "cumulative": true
    },
    {
        "date": "2020-09-11T13:59:46Z",
        "value": "216617.9363746643",
        "cumulative": true
    },
    {
        "date": "2020-09-11T14:00:01Z",
        "value": "220951.22142410278",
        "cumulative": true
    },
    {
        "date": "2020-09-11T14:00:12Z",
        "value": "224210.91786193848",
        "cumulative": true
    },
    {
        "date": "2020-09-11T14:00:31Z",
        "value": "226947.7737016678",
        "cumulative": true
    },
    {
        "date": "2020-09-11T14:00:49Z",
        "value": "229441.92878437042",
        "cumulative": true
    },
    {
        "date": "2020-09-11T14:01:01Z",
        "value": "231159.31760501862",
        "cumulative": true
    },
    {
        "date": "2020-09-11T14:01:20Z",
        "value": "233666.4436864853",
        "cumulative": true
    },
    {
        "date": "2020-09-11T14:01:36Z",
        "value": "235843.70740795135",
        "cumulative": true
    },
    {
        "date": "2020-09-11T14:01:48Z",
        "value": "237460.363530159",
        "cumulative": true
    },
    {
        "date": "2020-09-11T14:02:02Z",
        "value": "239357.74638271332",
        "cumulative": true
    },
    {
        "date": "2020-09-11T14:02:14Z",
        "value": "240865.2187204361",
        "cumulative": true
    },
    {
        "date": "2020-09-11T14:02:27Z",
        "value": "244081.5527153015",
        "cumulative": true
    },
    {
        "date": "2020-09-11T14:02:41Z",
        "value": "248153.00752449036",
        "cumulative": true
    },
    {
        "date": "2020-09-11T14:03:00Z",
        "value": "253655.6888847351",
        "cumulative": true
    },
    {
        "date": "2020-09-11T14:03:19Z",
        "value": "259243.19040489197",
        "cumulative": true
    },
    {
        "date": "2020-09-11T14:03:34Z",
        "value": "263404.13780784607",
        "cumulative": true
    },
    {
        "date": "2020-09-11T14:03:47Z",
        "value": "267276.16370391846",
        "cumulative": true
    },
    {
        "date": "2020-09-11T14:04:03Z",
        "value": "272258.23306655884",
        "cumulative": true
    },
    {
        "date": "2020-09-11T14:04:21Z",
        "value": "277383.8623275757",
        "cumulative": true
    },
    {
        "date": "2020-09-11T14:04:35Z",
        "value": "281602.148475647",
        "cumulative": true
    },
    {
        "date": "2020-09-11T14:04:53Z",
        "value": "285035.8311109543",
        "cumulative": true
    },
    {
        "date": "2020-09-11T14:05:03Z",
        "value": "286460.08491039276",
        "cumulative": true
    },
    {
        "date": "2020-09-11T14:05:21Z",
        "value": "288815.78183460236",
        "cumulative": true
    },
    {
        "date": "2020-09-11T14:05:34Z",
        "value": "290691.28559970856",
        "cumulative": true
    },
    {
        "date": "2020-09-11T14:05:50Z",
        "value": "292803.9924955368",
        "cumulative": true
    },
    {
        "date": "2020-09-11T14:06:08Z",
        "value": "295137.033200264",
        "cumulative": true
    },
    {
        "date": "2020-09-11T14:06:19Z",
        "value": "296830.5864572525",
        "cumulative": true
    },
    {
        "date": "2020-09-11T14:06:30Z",
        "value": "298152.47954654694",
        "cumulative": true
    },
    {
        "date": "2020-09-11T14:06:49Z",
        "value": "300847.5815629959",
        "cumulative": true
    },
    {
        "date": "2020-09-11T14:07:07Z",
        "value": "303179.9850950241",
        "cumulative": true
    },
    {
        "date": "2020-09-11T14:07:21Z",
        "value": "305403.55802345276",
        "cumulative": true
    },
    {
        "date": "2020-09-11T14:07:31Z",
        "value": "308600.05677986145",
        "cumulative": true
    },
    {
        "date": "2020-09-11T14:07:41Z",
        "value": "311661.12882232666",
        "cumulative": true
    },
    {
        "date": "2020-09-11T14:07:56Z",
        "value": "316048.6096248627",
        "cumulative": true
    },
    {
        "date": "2020-09-11T14:08:13Z",
        "value": "320950.55246925354",
        "cumulative": true
    },
    {
        "date": "2020-09-11T14:08:30Z",
        "value": "326320.6611709595",
        "cumulative": true
    },
    {
        "date": "2020-09-11T14:08:50Z",
        "value": "332450.6845302582",
        "cumulative": true
    },
    {
        "date": "2020-09-11T14:09:04Z",
        "value": "336251.72992515564",
        "cumulative": true
    },
    {
        "date": "2020-09-11T14:09:19Z",
        "value": "340966.20365715027",
        "cumulative": true
    },
    {
        "date": "2020-09-11T14:09:39Z",
        "value": "346893.39460754395",
        "cumulative": true
    },
    {
        "date": "2020-09-11T14:09:52Z",
        "value": "350865.8153781891",
        "cumulative": true
    },
    {
        "date": "2020-09-11T14:10:09Z",
        "value": "355921.7017478943",
        "cumulative": true
    },
    {
        "date": "2020-09-11T14:10:21Z",
        "value": "358846.39290332794",
        "cumulative": true
    },
    {
        "date": "2020-09-11T14:10:31Z",
        "value": "360174.67122364044",
        "cumulative": true
    },
    {
        "date": "2020-09-11T14:10:48Z",
        "value": "362380.6322698593",
        "cumulative": true
    },
    {
        "date": "2020-09-11T14:11:05Z",
        "value": "364837.9177827835",
        "cumulative": true
    },
    {
        "date": "2020-09-11T14:11:18Z",
        "value": "366616.21560382843",
        "cumulative": true
    },
    {
        "date": "2020-09-11T14:11:36Z",
        "value": "369217.480137825",
        "cumulative": true
    },
    {
        "date": "2020-09-11T14:11:53Z",
        "value": "371512.2363176346",
        "cumulative": true
    },
    {
        "date": "2020-09-11T14:12:10Z",
        "value": "373991.94940280914",
        "cumulative": true
    },
    {
        "date": "2020-09-11T14:12:29Z",
        "value": "376416.9801092148",
        "cumulative": true
    },
    {
        "date": "2020-09-11T14:12:41Z",
        "value": "378261.7601118088",
        "cumulative": true
    },
    {
        "date": "2020-09-11T14:12:58Z",
        "value": "380521.012717247",
        "cumulative": true
    },
    {
        "date": "2020-09-11T14:13:08Z",
        "value": "381986.08414936066",
        "cumulative": true
    },
    {
        "date": "2020-09-11T14:13:21Z",
        "value": "383585.1236066818",
        "cumulative": true
    },
    {
        "date": "2020-09-11T14:13:31Z",
        "value": "385992.0809612274",
        "cumulative": true
    },
    {
        "date": "2020-09-11T14:13:51Z",
        "value": "391581.8127784729",
        "cumulative": true
    },
    {
        "date": "2020-09-11T14:14:04Z",
        "value": "395662.2542953491",
        "cumulative": true
    },
    {
        "date": "2020-09-11T14:14:19Z",
        "value": "400161.73472213745",
        "cumulative": true
    },
    {
        "date": "2020-09-11T14:14:37Z",
        "value": "406004.01564979553",
        "cumulative": true
    },
    {
        "date": "2020-09-11T14:14:52Z",
        "value": "410689.49038124084",
        "cumulative": true
    },
    {
        "date": "2020-09-11T14:15:04Z",
        "value": "414183.2551841736",
        "cumulative": true
    },
    {
        "date": "2020-09-11T14:15:21Z",
        "value": "418903.32910346985",
        "cumulative": true
    },
    {
        "date": "2020-09-11T14:15:32Z",
        "value": "422911.47362327576",
        "cumulative": true
    },
    {
        "date": "2020-09-11T14:15:45Z",
        "value": "426753.3193035126",
        "cumulative": true
    },
    {
        "date": "2020-09-11T14:15:58Z",
        "value": "430972.83976364136",
        "cumulative": true
    },
    {
        "date": "2020-09-11T14:16:15Z",
        "value": "436012.6997489929",
        "cumulative": true
    },
    {
        "date": "2020-09-11T14:16:34Z",
        "value": "441717.711812973",
        "cumulative": true
    },
    {
        "date": "2020-09-11T14:16:50Z",
        "value": "446417.10432624817",
        "cumulative": true
    },
    {
        "date": "2020-09-11T14:17:09Z",
        "value": "451801.41166877747",
        "cumulative": true
    },
    {
        "date": "2020-09-11T14:17:27Z",
        "value": "454173.66323280334",
        "cumulative": true
    },
    {
        "date": "2020-09-11T14:17:40Z",
        "value": "456155.3866252899",
        "cumulative": true
    },
    {
        "date": "2020-09-11T14:17:58Z",
        "value": "458521.4464626312",
        "cumulative": true
    },
    {
        "date": "2020-09-11T14:18:11Z",
        "value": "460524.80826950073",
        "cumulative": true
    },
    {
        "date": "2020-09-11T14:18:27Z",
        "value": "462710.36365890503",
        "cumulative": true
    },
    {
        "date": "2020-09-11T14:18:47Z",
        "value": "465568.62583732605",
        "cumulative": true
    },
    {
        "date": "2020-09-11T14:19:00Z",
        "value": "467269.1953430176",
        "cumulative": true
    },
    {
        "date": "2020-09-11T14:19:18Z",
        "value": "469940.3099594116",
        "cumulative": true
    },
    {
        "date": "2020-09-11T14:19:31Z",
        "value": "471638.29344940186",
        "cumulative": true
    },
    {
        "date": "2020-09-11T14:19:49Z",
        "value": "474317.9297962189",
        "cumulative": true
    },
    {
        "date": "2020-09-11T14:20:02Z",
        "value": "475997.5361251831",
        "cumulative": true
    },
    {
        "date": "2020-09-11T14:20:17Z",
        "value": "478313.71151542664",
        "cumulative": true
    },
    {
        "date": "2020-09-11T14:20:29Z",
        "value": "479710.16594696045",
        "cumulative": true
    },
    {
        "date": "2020-09-11T14:20:40Z",
        "value": "481374.03532218933",
        "cumulative": true
    },
    {
        "date": "2020-09-11T14:20:50Z",
        "value": "482843.1026210785",
        "cumulative": true
    },
    {
        "date": "2020-09-11T14:21:07Z",
        "value": "485132.2271900177",
        "cumulative": true
    },
    {
        "date": "2020-09-11T14:21:19Z",
        "value": "485410.9626274109",
        "cumulative": true
    },
    {
        "date": "2020-09-11T14:21:38Z",
        "value": "485410.9626274109",
        "cumulative": true
    },
    {
        "date": "2020-09-11T14:22:07Z",
        "value": "485410.9626274109",
        "cumulative": true
    },
    {
        "date": "2020-09-11T14:22:18Z",
        "value": "485410.9626274109",
        "cumulative": true
    },
    {
        "date": "2020-09-11T14:22:33Z",
        "value": "485410.9626274109",
        "cumulative": true
    },
    {
        "date": "2020-09-11T14:22:47Z",
        "value": "485410.9626274109",
        "cumulative": true
    },
    {
        "date": "2020-09-11T14:23:10Z",
        "value": "485410.9626274109",
        "cumulative": true
    },
    {
        "date": "2020-09-11T14:23:30Z",
        "value": "485410.9626274109",
        "cumulative": true
    },
    {
        "date": "2020-09-11T14:23:54Z",
        "value": "485410.9626274109",
        "cumulative": true
    },
    {
        "date": "2020-09-11T14:24:07Z",
        "value": "485410.9626274109",
        "cumulative": true
    },
    {
        "date": "2020-09-11T14:24:25Z",
        "value": "485410.9626274109",
        "cumulative": true
    },
    {
        "date": "2020-09-11T14:24:40Z",
        "value": "485410.9626274109",
        "cumulative": true
    },
    {
        "date": "2020-09-11T14:24:59Z",
        "value": "485410.9626274109",
        "cumulative": true
    },
    {
        "date": "2020-09-11T14:25:16Z",
        "value": "485410.9626274109",
        "cumulative": true
    },
    {
        "date": "2020-09-11T14:25:33Z",
        "value": "485410.9626274109",
        "cumulative": true
    },
    {
        "date": "2020-09-11T14:25:52Z",
        "value": "485410.9626274109",
        "cumulative": true
    },
    {
        "date": "2020-09-11T14:26:08Z",
        "value": "485410.9626274109",
        "cumulative": true
    },
    {
        "date": "2020-09-11T14:26:22Z",
        "value": "485410.9626274109",
        "cumulative": true
    },
    {
        "date": "2020-09-11T14:26:50Z",
        "value": "485410.9626274109",
        "cumulative": true
    },
    {
        "date": "2020-09-11T14:27:09Z",
        "value": "485410.9626274109",
        "cumulative": true
    },
    {
        "date": "2020-09-11T14:27:34Z",
        "value": "485410.9626274109",
        "cumulative": true
    },
    {
        "date": "2020-09-11T14:27:44Z",
        "value": "485410.9626274109",
        "cumulative": true
    },
    {
        "date": "2020-09-11T14:28:08Z",
        "value": "485410.9626274109",
        "cumulative": true
    },
    {
        "date": "2020-09-11T14:28:23Z",
        "value": "485410.9626274109",
        "cumulative": true
    },
    {
        "date": "2020-09-11T14:28:47Z",
        "value": "485410.9626274109",
        "cumulative": true
    },
    {
        "date": "2020-09-11T14:28:58Z",
        "value": "485410.9626274109",
        "cumulative": true
    },
    {
        "date": "2020-09-11T14:29:27Z",
        "value": "485410.9626274109",
        "cumulative": true
    },
    {
        "date": "2020-09-11T14:29:45Z",
        "value": "485410.9626274109",
        "cumulative": true
    },
    {
        "date": "2020-09-11T14:30:00Z",
        "value": "485410.9626274109",
        "cumulative": true
    },
    {
        "date": "2020-09-11T14:30:13Z",
        "value": "485410.9626274109",
        "cumulative": true
    },
    {
        "date": "2020-09-11T14:30:39Z",
        "value": "485410.9626274109",
        "cumulative": true
    },
    {
        "date": "2020-09-11T14:30:55Z",
        "value": "485410.9626274109",
        "cumulative": true
    },
    {
        "date": "2020-09-11T14:31:25Z",
        "value": "485410.9626274109",
        "cumulative": true
    },
    {
        "date": "2020-09-11T14:31:45Z",
        "value": "485410.9626274109",
        "cumulative": true
    }
]