[
    {
        "date": "2020-09-11T13:42:09Z",
        "value": "3.515625",
        "cumulative": false
    },
    {
        "date": "2020-09-11T13:42:27Z",
        "value": "1216.54296875",
        "cumulative": false
    },
    {
        "date": "2020-09-11T13:42:46Z",
        "value": "1218.47265625",
        "cumulative": false
    },
    {
        "date": "2020-09-11T13:42:59Z",
        "value": "1221.10546875",
        "cumulative": false
    },
    {
        "date": "2020-09-11T13:43:19Z",
        "value": "1225.45703125",
        "cumulative": false
    },
    {
        "date": "2020-09-11T13:43:39Z",
        "value": "1230.5703125",
        "cumulative": false
    },
    {
        "date": "2020-09-11T13:43:49Z",
        "value": "1234.3203125",
        "cumulative": false
    },
    {
        "date": "2020-09-11T13:44:01Z",
        "value": "1234.2109375",
        "cumulative": false
    },
    {
        "date": "2020-09-11T13:44:20Z",
        "value": "1238.734375",
        "cumulative": false
    },
    {
        "date": "2020-09-11T13:44:39Z",
        "value": "1244.46875",
        "cumulative": false
    },
    {
        "date": "2020-09-11T13:44:51Z",
        "value": "1244.4609375",
        "cumulative": false
    },
    {
        "date": "2020-09-11T13:45:02Z",
        "value": "1251.78515625",
        "cumulative": false
    },
    {
        "date": "2020-09-11T13:45:18Z",
        "value": "1251.73046875",
        "cumulative": false
    },
    {
        "date": "2020-09-11T13:45:38Z",
        "value": "1260.953125",
        "cumulative": false
    },
    {
        "date": "2020-09-11T13:45:57Z",
        "value": "1260.953125",
        "cumulative": false
    },
    {
        "date": "2020-09-11T13:46:11Z",
        "value": "1235.3984375",
        "cumulative": false
    },
    {
        "date": "2020-09-11T13:46:29Z",
        "value": "1235.36328125",
        "cumulative": false
    },
    {
        "date": "2020-09-11T13:46:42Z",
        "value": "1270.6875",
        "cumulative": false
    },
    {
        "date": "2020-09-11T13:46:56Z",
        "value": "1235.4375",
        "cumulative": false
    },
    {
        "date": "2020-09-11T13:47:13Z",
        "value": "1240.3515625",
        "cumulative": false
    },
    {
        "date": "2020-09-11T13:47:30Z",
        "value": "1240.3515625",
        "cumulative": false
    },
    {
        "date": "2020-09-11T13:47:41Z",
        "value": "1240.35546875",
        "cumulative": false
    },
    {
        "date": "2020-09-11T13:47:56Z",
        "value": "1240.3359375",
        "cumulative": false
    },
    {
        "date": "2020-09-11T13:48:15Z",
        "value": "1246.4453125",
        "cumulative": false
    },
    {
        "date": "2020-09-11T13:48:30Z",
        "value": "1246.4765625",
        "cumulative": false
    },
    {
        "date": "2020-09-11T13:48:43Z",
        "value": "1305.58984375",
        "cumulative": false
    },
    {
        "date": "2020-09-11T13:48:53Z",
        "value": "1246.43359375",
        "cumulative": false
    },
    {
        "date": "2020-09-11T13:49:12Z",
        "value": "1246.44921875",
        "cumulative": false
    },
    {
        "date": "2020-09-11T13:49:30Z",
        "value": "1246.453125",
        "cumulative": false
    },
    {
        "date": "2020-09-11T13:49:40Z",
        "value": "1246.515625",
        "cumulative": false
    },
    {
        "date": "2020-09-11T13:49:57Z",
        "value": "1334.140625",
        "cumulative": false
    },
    {
        "date": "2020-09-11T13:50:10Z",
        "value": "1332.26953125",
        "cumulative": false
    },
    {
        "date": "2020-09-11T13:50:30Z",
        "value": "1246.47265625",
        "cumulative": false
    },
    {
        "date": "2020-09-11T13:50:40Z",
        "value": "1263.234375",
        "cumulative": false
    },
    {
        "date": "2020-09-11T13:50:53Z",
        "value": "1246.41796875",
        "cumulative": false
    },
    {
        "date": "2020-09-11T13:51:04Z",
        "value": "1322.6953125",
        "cumulative": false
    },
    {
        "date": "2020-09-11T13:51:16Z",
        "value": "1246.421875",
        "cumulative": false
    },
    {
        "date": "2020-09-11T13:51:34Z",
        "value": "1335.6875",
        "cumulative": false
    },
    {
        "date": "2020-09-11T13:51:45Z",
        "value": "1386.9375",
        "cumulative": false
    },
    {
        "date": "2020-09-11T13:51:59Z",
        "value": "1246.3984375",
        "cumulative": false
    },
    {
        "date": "2020-09-11T13:52:18Z",
        "value": "1290.1953125",
        "cumulative": false
    },
    {
        "date": "2020-09-11T13:52:31Z",
        "value": "1327.83203125",
        "cumulative": false
    },
    {
        "date": "2020-09-11T13:52:49Z",
        "value": "1365.5546875",
        "cumulative": false
    },
    {
        "date": "2020-09-11T13:53:01Z",
        "value": "1246.5",
        "cumulative": false
    },
    {
        "date": "2020-09-11T13:53:15Z",
        "value": "1246.44921875",
        "cumulative": false
    },
    {
        "date": "2020-09-11T13:53:34Z",
        "value": "1300.19140625",
        "cumulative": false
    },
    {
        "date": "2020-09-11T13:53:46Z",
        "value": "1306.50390625",
        "cumulative": false
    },
    {
        "date": "2020-09-11T13:53:57Z",
        "value": "1339.7421875",
        "cumulative": false
    },
    {
        "date": "2020-09-11T13:54:11Z",
        "value": "1404.3125",
        "cumulative": false
    },
    {
        "date": "2020-09-11T13:54:27Z",
        "value": "1346.640625",
        "cumulative": false
    },
    {
        "date": "2020-09-11T13:54:41Z",
        "value": "1384.01953125",
        "cumulative": false
    },
    {
        "date": "2020-09-11T13:54:55Z",
        "value": "1246.40625",
        "cumulative": false
    },
    {
        "date": "2020-09-11T13:55:08Z",
        "value": "1348.58203125",
        "cumulative": false
    },
    {
        "date": "2020-09-11T13:55:21Z",
        "value": "1345.26953125",
        "cumulative": false
    },
    {
        "date": "2020-09-11T13:55:38Z",
        "value": "1246.45703125",
        "cumulative": false
    },
    {
        "date": "2020-09-11T13:55:49Z",
        "value": "1246.45703125",
        "cumulative": false
    },
    {
        "date": "2020-09-11T13:56:00Z",
        "value": "1325.73828125",
        "cumulative": false
    },
    {
        "date": "2020-09-11T13:56:19Z",
        "value": "1246.48828125",
        "cumulative": false
    },
    {
        "date": "2020-09-11T13:56:31Z",
        "value": "1264.36328125",
        "cumulative": false
    },
    {
        "date": "2020-09-11T13:56:46Z",
        "value": "1460.64453125",
        "cumulative": false
    },
    {
        "date": "2020-09-11T13:56:56Z",
        "value": "1400.92578125",
        "cumulative": false
    },
    {
        "date": "2020-09-11T13:57:14Z",
        "value": "1407.33203125",
        "cumulative": false
    },
    {
        "date": "2020-09-11T13:57:34Z",
        "value": "1391.62890625",
        "cumulative": false
    },
    {
        "date": "2020-09-11T13:57:51Z",
        "value": "1246.51953125",
        "cumulative": false
    },
    {
        "date": "2020-09-11T13:58:07Z",
        "value": "1396.36328125",
        "cumulative": false
    },
    {
        "date": "2020-09-11T13:58:23Z",
        "value": "1321.328125",
        "cumulative": false
    },
    {
        "date": "2020-09-11T13:58:36Z",
        "value": "1314.36328125",
        "cumulative": false
    },
    {
        "date": "2020-09-11T13:58:53Z",
        "value": "1432.33984375",
        "cumulative": false
    },
    {
        "date": "2020-09-11T13:59:05Z",
        "value": "1297.51953125",
        "cumulative": false
    },
    {
        "date": "2020-09-11T13:59:24Z",
        "value": "1307.8125",
        "cumulative": false
    },
    {
        "date": "2020-09-11T13:59:42Z",
        "value": "1402.125",
        "cumulative": false
    },
    {
        "date": "2020-09-11T13:59:52Z",
        "value": "1246.44921875",
        "cumulative": false
    },
    {
        "date": "2020-09-11T14:00:07Z",
        "value": "1246.4453125",
        "cumulative": false
    },
    {
        "date": "2020-09-11T14:00:17Z",
        "value": "1318.34375",
        "cumulative": false
    },
    {
        "date": "2020-09-11T14:00:37Z",
        "value": "1324.34375",
        "cumulative": false
    },
    {
        "date": "2020-09-11T14:00:48Z",
        "value": "1485.25",
        "cumulative": false
    },
    {
        "date": "2020-09-11T14:01:05Z",
        "value": "1246.41796875",
        "cumulative": false
    },
    {
        "date": "2020-09-11T14:01:22Z",
        "value": "1377.35546875",
        "cumulative": false
    },
    {
        "date": "2020-09-11T14:01:38Z",
        "value": "1250.01171875",
        "cumulative": false
    },
    {
        "date": "2020-09-11T14:01:52Z",
        "value": "1246.48046875",
        "cumulative": false
    },
    {
        "date": "2020-09-11T14:02:10Z",
        "value": "1323.91796875",
        "cumulative": false
    },
    {
        "date": "2020-09-11T14:02:29Z",
        "value": "1246.51171875",
        "cumulative": false
    },
    {
        "date": "2020-09-11T14:02:43Z",
        "value": "1246.484375",
        "cumulative": false
    },
    {
        "date": "2020-09-11T14:02:57Z",
        "value": "1392.87890625",
        "cumulative": false
    },
    {
        "date": "2020-09-11T14:03:14Z",
        "value": "1246.48828125",
        "cumulative": false
    },
    {
        "date": "2020-09-11T14:03:30Z",
        "value": "1246.484375",
        "cumulative": false
    },
    {
        "date": "2020-09-11T14:03:45Z",
        "value": "1484.51171875",
        "cumulative": false
    },
    {
        "date": "2020-09-11T14:04:00Z",
        "value": "1246.5078125",
        "cumulative": false
    },
    {
        "date": "2020-09-11T14:04:12Z",
        "value": "1246.4140625",
        "cumulative": false
    },
    {
        "date": "2020-09-11T14:04:31Z",
        "value": "1314.63671875",
        "cumulative": false
    },
    {
        "date": "2020-09-11T14:04:46Z",
        "value": "1395.25390625",
        "cumulative": false
    },
    {
        "date": "2020-09-11T14:05:00Z",
        "value": "1416.953125",
        "cumulative": false
    },
    {
        "date": "2020-09-11T14:05:12Z",
        "value": "1256.796875",
        "cumulative": false
    },
    {
        "date": "2020-09-11T14:05:27Z",
        "value": "1551.49609375",
        "cumulative": false
    },
    {
        "date": "2020-09-11T14:05:38Z",
        "value": "1489.609375",
        "cumulative": false
    },
    {
        "date": "2020-09-11T14:05:51Z",
        "value": "1246.43359375",
        "cumulative": false
    },
    {
        "date": "2020-09-11T14:06:05Z",
        "value": "1246.5078125",
        "cumulative": false
    },
    {
        "date": "2020-09-11T14:06:22Z",
        "value": "1308.54296875",
        "cumulative": false
    },
    {
        "date": "2020-09-11T14:06:37Z",
        "value": "1599.1171875",
        "cumulative": false
    },
    {
        "date": "2020-09-11T14:06:55Z",
        "value": "1296.0078125",
        "cumulative": false
    },
    {
        "date": "2020-09-11T14:07:06Z",
        "value": "1490.765625",
        "cumulative": false
    },
    {
        "date": "2020-09-11T14:07:19Z",
        "value": "1523.65625",
        "cumulative": false
    },
    {
        "date": "2020-09-11T14:07:38Z",
        "value": "1246.4140625",
        "cumulative": false
    },
    {
        "date": "2020-09-11T14:07:56Z",
        "value": "1246.453125",
        "cumulative": false
    },
    {
        "date": "2020-09-11T14:08:13Z",
        "value": "1246.4140625",
        "cumulative": false
    },
    {
        "date": "2020-09-11T14:08:28Z",
        "value": "1549.2265625",
        "cumulative": false
    },
    {
        "date": "2020-09-11T14:08:41Z",
        "value": "1549.140625",
        "cumulative": false
    },
    {
        "date": "2020-09-11T14:08:56Z",
        "value": "1549.15234375",
        "cumulative": false
    },
    {
        "date": "2020-09-11T14:09:11Z",
        "value": "1246.4453125",
        "cumulative": false
    },
    {
        "date": "2020-09-11T14:09:27Z",
        "value": "1246.53125",
        "cumulative": false
    },
    {
        "date": "2020-09-11T14:09:45Z",
        "value": "1246.515625",
        "cumulative": false
    },
    {
        "date": "2020-09-11T14:09:55Z",
        "value": "1246.53125",
        "cumulative": false
    },
    {
        "date": "2020-09-11T14:10:15Z",
        "value": "1246.4140625",
        "cumulative": false
    },
    {
        "date": "2020-09-11T14:10:33Z",
        "value": "1563.85546875",
        "cumulative": false
    },
    {
        "date": "2020-09-11T14:10:47Z",
        "value": "1246.51171875",
        "cumulative": false
    },
    {
        "date": "2020-09-11T14:11:07Z",
        "value": "1311.48828125",
        "cumulative": false
    },
    {
        "date": "2020-09-11T14:11:21Z",
        "value": "1637.609375",
        "cumulative": false
    },
    {
        "date": "2020-09-11T14:11:32Z",
        "value": "1465.9453125",
        "cumulative": false
    },
    {
        "date": "2020-09-11T14:11:49Z",
        "value": "1246.51171875",
        "cumulative": false
    },
    {
        "date": "2020-09-11T14:12:02Z",
        "value": "1602.84765625",
        "cumulative": false
    },
    {
        "date": "2020-09-11T14:12:17Z",
        "value": "1665.75390625",
        "cumulative": false
    },
    {
        "date": "2020-09-11T14:12:28Z",
        "value": "1676.21484375",
        "cumulative": false
    },
    {
        "date": "2020-09-11T14:12:44Z",
        "value": "1246.53125",
        "cumulative": false
    },
    {
        "date": "2020-09-11T14:12:56Z",
        "value": "1293.9921875",
        "cumulative": false
    },
    {
        "date": "2020-09-11T14:13:08Z",
        "value": "1472.078125",
        "cumulative": false
    },
    {
        "date": "2020-09-11T14:13:20Z",
        "value": "1676.7890625",
        "cumulative": false
    },
    {
        "date": "2020-09-11T14:13:35Z",
        "value": "1246.4296875",
        "cumulative": false
    },
    {
        "date": "2020-09-11T14:13:46Z",
        "value": "1246.4609375",
        "cumulative": false
    },
    {
        "date": "2020-09-11T14:14:05Z",
        "value": "1300.7109375",
        "cumulative": false
    },
    {
        "date": "2020-09-11T14:14:18Z",
        "value": "1411.6484375",
        "cumulative": false
    },
    {
        "date": "2020-09-11T14:14:36Z",
        "value": "1246.4296875",
        "cumulative": false
    },
    {
        "date": "2020-09-11T14:14:52Z",
        "value": "1246.5234375",
        "cumulative": false
    },
    {
        "date": "2020-09-11T14:15:08Z",
        "value": "1246.4921875",
        "cumulative": false
    },
    {
        "date": "2020-09-11T14:15:21Z",
        "value": "1246.4296875",
        "cumulative": false
    },
    {
        "date": "2020-09-11T14:15:32Z",
        "value": "1296.0859375",
        "cumulative": false
    },
    {
        "date": "2020-09-11T14:15:46Z",
        "value": "1246.4296875",
        "cumulative": false
    },
    {
        "date": "2020-09-11T14:16:02Z",
        "value": "1246.5234375",
        "cumulative": false
    },
    {
        "date": "2020-09-11T14:16:20Z",
        "value": "1322.8984375",
        "cumulative": false
    },
    {
        "date": "2020-09-11T14:16:40Z",
        "value": "1246.4296875",
        "cumulative": false
    },
    {
        "date": "2020-09-11T14:16:54Z",
        "value": "1246.4921875",
        "cumulative": false
    },
    {
        "date": "2020-09-11T14:17:04Z",
        "value": "1246.5234375",
        "cumulative": false
    },
    {
        "date": "2020-09-11T14:17:19Z",
        "value": "1246.51953125",
        "cumulative": false
    },
    {
        "date": "2020-09-11T14:17:31Z",
        "value": "1246.484375",
        "cumulative": false
    },
    {
        "date": "2020-09-11T14:17:47Z",
        "value": "1728.6171875",
        "cumulative": false
    },
    {
        "date": "2020-09-11T14:18:02Z",
        "value": "1246.41796875",
        "cumulative": false
    },
    {
        "date": "2020-09-11T14:18:14Z",
        "value": "1754.96484375",
        "cumulative": false
    },
    {
        "date": "2020-09-11T14:18:30Z",
        "value": "1664.765625",
        "cumulative": false
    },
    {
        "date": "2020-09-11T14:18:47Z",
        "value": "1672.06640625",
        "cumulative": false
    },
    {
        "date": "2020-09-11T14:18:58Z",
        "value": "1246.53125",
        "cumulative": false
    },
    {
        "date": "2020-09-11T14:19:15Z",
        "value": "1254.58203125",
        "cumulative": false
    },
    {
        "date": "2020-09-11T14:19:31Z",
        "value": "1797.08984375",
        "cumulative": false
    },
    {
        "date": "2020-09-11T14:19:45Z",
        "value": "1753.23828125",
        "cumulative": false
    },
    {
        "date": "2020-09-11T14:20:01Z",
        "value": "1465.8203125",
        "cumulative": false
    },
    {
        "date": "2020-09-11T14:20:15Z",
        "value": "1246.453125",
        "cumulative": false
    },
    {
        "date": "2020-09-11T14:20:33Z",
        "value": "1246.421875",
        "cumulative": false
    },
    {
        "date": "2020-09-11T14:20:50Z",
        "value": "1751.9296875",
        "cumulative": false
    },
    {
        "date": "2020-09-11T14:21:02Z",
        "value": "1246.4375",
        "cumulative": false
    },
    {
        "date": "2020-09-11T14:21:16Z",
        "value": "1246.4140625",
        "cumulative": false
    },
    {
        "date": "2020-09-11T14:21:28Z",
        "value": "10.00390625",
        "cumulative": false
    },
    {
        "date": "2020-09-11T14:21:39Z",
        "value": "10.00390625",
        "cumulative": false
    },
    {
        "date": "2020-09-11T14:22:05Z",
        "value": "10.00390625",
        "cumulative": false
    },
    {
        "date": "2020-09-11T14:22:24Z",
        "value": "10.00390625",
        "cumulative": false
    },
    {
        "date": "2020-09-11T14:22:44Z",
        "value": "10.00390625",
        "cumulative": false
    },
    {
        "date": "2020-09-11T14:23:03Z",
        "value": "10.00390625",
        "cumulative": false
    },
    {
        "date": "2020-09-11T14:23:24Z",
        "value": "10.00390625",
        "cumulative": false
    },
    {
        "date": "2020-09-11T14:23:38Z",
        "value": "10.00390625",
        "cumulative": false
    },
    {
        "date": "2020-09-11T14:24:04Z",
        "value": "10.00390625",
        "cumulative": false
    },
    {
        "date": "2020-09-11T14:24:19Z",
        "value": "10.00390625",
        "cumulative": false
    },
    {
        "date": "2020-09-11T14:24:38Z",
        "value": "10.00390625",
        "cumulative": false
    },
    {
        "date": "2020-09-11T14:24:53Z",
        "value": "10.00390625",
        "cumulative": false
    },
    {
        "date": "2020-09-11T14:25:12Z",
        "value": "10.00390625",
        "cumulative": false
    },
    {
        "date": "2020-09-11T14:25:24Z",
        "value": "10.00390625",
        "cumulative": false
    },
    {
        "date": "2020-09-11T14:25:40Z",
        "value": "10.00390625",
        "cumulative": false
    },
    {
        "date": "2020-09-11T14:25:53Z",
        "value": "10.00390625",
        "cumulative": false
    },
    {
        "date": "2020-09-11T14:26:22Z",
        "value": "10.00390625",
        "cumulative": false
    },
    {
        "date": "2020-09-11T14:26:35Z",
        "value": "10.00390625",
        "cumulative": false
    },
    {
        "date": "2020-09-11T14:26:52Z",
        "value": "10.00390625",
        "cumulative": false
    },
    {
        "date": "2020-09-11T14:27:07Z",
        "value": "10.00390625",
        "cumulative": false
    },
    {
        "date": "2020-09-11T14:27:31Z",
        "value": "10.00390625",
        "cumulative": false
    },
    {
        "date": "2020-09-11T14:27:43Z",
        "value": "10.00390625",
        "cumulative": false
    },
    {
        "date": "2020-09-11T14:28:06Z",
        "value": "10.00390625",
        "cumulative": false
    },
    {
        "date": "2020-09-11T14:28:17Z",
        "value": "10.00390625",
        "cumulative": false
    },
    {
        "date": "2020-09-11T14:28:43Z",
        "value": "10.00390625",
        "cumulative": false
    },
    {
        "date": "2020-09-11T14:28:58Z",
        "value": "10.00390625",
        "cumulative": false
    },
    {
        "date": "2020-09-11T14:29:20Z",
        "value": "10.00390625",
        "cumulative": false
    },
    {
        "date": "2020-09-11T14:29:33Z",
        "value": "10.00390625",
        "cumulative": false
    },
    {
        "date": "2020-09-11T14:29:52Z",
        "value": "10.00390625",
        "cumulative": false
    },
    {
        "date": "2020-09-11T14:30:07Z",
        "value": "10.00390625",
        "cumulative": false
    },
    {
        "date": "2020-09-11T14:30:35Z",
        "value": "10.00390625",
        "cumulative": false
    },
    {
        "date": "2020-09-11T14:30:55Z",
        "value": "10.00390625",
        "cumulative": false
    },
    {
        "date": "2020-09-11T14:31:19Z",
        "value": "10.00390625",
        "cumulative": false
    },
    {
        "date": "2020-09-11T14:31:30Z",
        "value": "10.00390625",
        "cumulative": false
    },
    {
        "date": "2020-09-11T14:31:46Z",
        "value": "10.00390625",
        "cumulative": false
    }
]