[
    {
        "date": "2020-09-11T13:42:06Z",
        "value": "2.86328125",
        "cumulative": false
    },
    {
        "date": "2020-09-11T13:42:18Z",
        "value": "521.98046875",
        "cumulative": false
    },
    {
        "date": "2020-09-11T13:42:29Z",
        "value": "1233.45703125",
        "cumulative": false
    },
    {
        "date": "2020-09-11T13:42:44Z",
        "value": "1234.91015625",
        "cumulative": false
    },
    {
        "date": "2020-09-11T13:42:55Z",
        "value": "1237.9765625",
        "cumulative": false
    },
    {
        "date": "2020-09-11T13:43:11Z",
        "value": "1240.44140625",
        "cumulative": false
    },
    {
        "date": "2020-09-11T13:43:26Z",
        "value": "1244.3828125",
        "cumulative": false
    },
    {
        "date": "2020-09-11T13:43:41Z",
        "value": "1247.29296875",
        "cumulative": false
    },
    {
        "date": "2020-09-11T13:43:57Z",
        "value": "1259.671875",
        "cumulative": false
    },
    {
        "date": "2020-09-11T13:44:07Z",
        "value": "1259.671875",
        "cumulative": false
    },
    {
        "date": "2020-09-11T13:44:26Z",
        "value": "1263.546875",
        "cumulative": false
    },
    {
        "date": "2020-09-11T13:44:37Z",
        "value": "1263.546875",
        "cumulative": false
    },
    {
        "date": "2020-09-11T13:44:57Z",
        "value": "1280.1171875",
        "cumulative": false
    },
    {
        "date": "2020-09-11T13:45:14Z",
        "value": "1280.1171875",
        "cumulative": false
    },
    {
        "date": "2020-09-11T13:45:27Z",
        "value": "1280.1171875",
        "cumulative": false
    },
    {
        "date": "2020-09-11T13:45:44Z",
        "value": "1289.21875",
        "cumulative": false
    },
    {
        "date": "2020-09-11T13:46:01Z",
        "value": "1289.16796875",
        "cumulative": false
    },
    {
        "date": "2020-09-11T13:46:19Z",
        "value": "1265.6171875",
        "cumulative": false
    },
    {
        "date": "2020-09-11T13:46:31Z",
        "value": "1300.8046875",
        "cumulative": false
    },
    {
        "date": "2020-09-11T13:46:49Z",
        "value": "1263.65234375",
        "cumulative": false
    },
    {
        "date": "2020-09-11T13:47:05Z",
        "value": "1268.62109375",
        "cumulative": false
    },
    {
        "date": "2020-09-11T13:47:22Z",
        "value": "1268.62109375",
        "cumulative": false
    },
    {
        "date": "2020-09-11T13:47:35Z",
        "value": "1268.50390625",
        "cumulative": false
    },
    {
        "date": "2020-09-11T13:47:47Z",
        "value": "1268.50390625",
        "cumulative": false
    },
    {
        "date": "2020-09-11T13:48:00Z",
        "value": "1268.51171875",
        "cumulative": false
    },
    {
        "date": "2020-09-11T13:48:14Z",
        "value": "1298.19921875",
        "cumulative": false
    },
    {
        "date": "2020-09-11T13:48:29Z",
        "value": "1274.73046875",
        "cumulative": false
    },
    {
        "date": "2020-09-11T13:48:48Z",
        "value": "1328.91796875",
        "cumulative": false
    },
    {
        "date": "2020-09-11T13:48:58Z",
        "value": "1274.7109375",
        "cumulative": false
    },
    {
        "date": "2020-09-11T13:49:09Z",
        "value": "1331.0546875",
        "cumulative": false
    },
    {
        "date": "2020-09-11T13:49:27Z",
        "value": "1274.6953125",
        "cumulative": false
    },
    {
        "date": "2020-09-11T13:49:39Z",
        "value": "1274.72265625",
        "cumulative": false
    },
    {
        "date": "2020-09-11T13:49:55Z",
        "value": "1274.85546875",
        "cumulative": false
    },
    {
        "date": "2020-09-11T13:50:09Z",
        "value": "1285.64453125",
        "cumulative": false
    },
    {
        "date": "2020-09-11T13:50:24Z",
        "value": "1361.31640625",
        "cumulative": false
    },
    {
        "date": "2020-09-11T13:50:38Z",
        "value": "1274.68359375",
        "cumulative": false
    },
    {
        "date": "2020-09-11T13:50:54Z",
        "value": "1369.07421875",
        "cumulative": false
    },
    {
        "date": "2020-09-11T13:51:06Z",
        "value": "1274.67578125",
        "cumulative": false
    },
    {
        "date": "2020-09-11T13:51:24Z",
        "value": "1274.703125",
        "cumulative": false
    },
    {
        "date": "2020-09-11T13:51:37Z",
        "value": "1302.5390625",
        "cumulative": false
    },
    {
        "date": "2020-09-11T13:51:57Z",
        "value": "1369.99609375",
        "cumulative": false
    },
    {
        "date": "2020-09-11T13:52:10Z",
        "value": "1274.77734375",
        "cumulative": false
    },
    {
        "date": "2020-09-11T13:52:27Z",
        "value": "1388.39453125",
        "cumulative": false
    },
    {
        "date": "2020-09-11T13:52:42Z",
        "value": "1274.7578125",
        "cumulative": false
    },
    {
        "date": "2020-09-11T13:53:01Z",
        "value": "1274.7421875",
        "cumulative": false
    },
    {
        "date": "2020-09-11T13:53:12Z",
        "value": "1274.671875",
        "cumulative": false
    },
    {
        "date": "2020-09-11T13:53:22Z",
        "value": "1274.73046875",
        "cumulative": false
    },
    {
        "date": "2020-09-11T13:53:38Z",
        "value": "1274.69140625",
        "cumulative": false
    },
    {
        "date": "2020-09-11T13:53:49Z",
        "value": "1349.9296875",
        "cumulative": false
    },
    {
        "date": "2020-09-11T13:54:01Z",
        "value": "1366.8671875",
        "cumulative": false
    },
    {
        "date": "2020-09-11T13:54:11Z",
        "value": "1274.73046875",
        "cumulative": false
    },
    {
        "date": "2020-09-11T13:54:28Z",
        "value": "1450.68359375",
        "cumulative": false
    },
    {
        "date": "2020-09-11T13:54:43Z",
        "value": "1274.76171875",
        "cumulative": false
    },
    {
        "date": "2020-09-11T13:55:00Z",
        "value": "1317.80859375",
        "cumulative": false
    },
    {
        "date": "2020-09-11T13:55:14Z",
        "value": "1414.12109375",
        "cumulative": false
    },
    {
        "date": "2020-09-11T13:55:29Z",
        "value": "1297.09375",
        "cumulative": false
    },
    {
        "date": "2020-09-11T13:55:40Z",
        "value": "1280.59375",
        "cumulative": false
    },
    {
        "date": "2020-09-11T13:55:56Z",
        "value": "1425.1875",
        "cumulative": false
    },
    {
        "date": "2020-09-11T13:56:12Z",
        "value": "1302.5625",
        "cumulative": false
    },
    {
        "date": "2020-09-11T13:56:28Z",
        "value": "1274.765625",
        "cumulative": false
    },
    {
        "date": "2020-09-11T13:56:43Z",
        "value": "1459.9296875",
        "cumulative": false
    },
    {
        "date": "2020-09-11T13:56:59Z",
        "value": "1274.6796875",
        "cumulative": false
    },
    {
        "date": "2020-09-11T13:57:14Z",
        "value": "1474.5390625",
        "cumulative": false
    },
    {
        "date": "2020-09-11T13:57:31Z",
        "value": "1274.6796875",
        "cumulative": false
    },
    {
        "date": "2020-09-11T13:57:43Z",
        "value": "1447.1015625",
        "cumulative": false
    },
    {
        "date": "2020-09-11T13:58:02Z",
        "value": "1381.7734375",
        "cumulative": false
    },
    {
        "date": "2020-09-11T13:58:18Z",
        "value": "1416.1328125",
        "cumulative": false
    },
    {
        "date": "2020-09-11T13:58:35Z",
        "value": "1274.71484375",
        "cumulative": false
    },
    {
        "date": "2020-09-11T13:58:49Z",
        "value": "1274.73046875",
        "cumulative": false
    },
    {
        "date": "2020-09-11T13:59:08Z",
        "value": "1274.79296875",
        "cumulative": false
    },
    {
        "date": "2020-09-11T13:59:24Z",
        "value": "1353.76953125",
        "cumulative": false
    },
    {
        "date": "2020-09-11T13:59:42Z",
        "value": "1450.70703125",
        "cumulative": false
    },
    {
        "date": "2020-09-11T14:00:02Z",
        "value": "1274.73046875",
        "cumulative": false
    },
    {
        "date": "2020-09-11T14:00:19Z",
        "value": "1274.7109375",
        "cumulative": false
    },
    {
        "date": "2020-09-11T14:00:34Z",
        "value": "1551.1796875",
        "cumulative": false
    },
    {
        "date": "2020-09-11T14:00:47Z",
        "value": "1537.3984375",
        "cumulative": false
    },
    {
        "date": "2020-09-11T14:01:07Z",
        "value": "1541.7734375",
        "cumulative": false
    },
    {
        "date": "2020-09-11T14:01:18Z",
        "value": "1424.5546875",
        "cumulative": false
    },
    {
        "date": "2020-09-11T14:01:36Z",
        "value": "1274.7734375",
        "cumulative": false
    },
    {
        "date": "2020-09-11T14:01:55Z",
        "value": "1434.7421875",
        "cumulative": false
    },
    {
        "date": "2020-09-11T14:02:15Z",
        "value": "1274.7421875",
        "cumulative": false
    },
    {
        "date": "2020-09-11T14:02:27Z",
        "value": "1274.72265625",
        "cumulative": false
    },
    {
        "date": "2020-09-11T14:02:40Z",
        "value": "1274.7421875",
        "cumulative": false
    },
    {
        "date": "2020-09-11T14:02:53Z",
        "value": "1274.7734375",
        "cumulative": false
    },
    {
        "date": "2020-09-11T14:03:08Z",
        "value": "1274.76953125",
        "cumulative": false
    },
    {
        "date": "2020-09-11T14:03:25Z",
        "value": "1378.921875",
        "cumulative": false
    },
    {
        "date": "2020-09-11T14:03:43Z",
        "value": "1274.73828125",
        "cumulative": false
    },
    {
        "date": "2020-09-11T14:04:02Z",
        "value": "1274.7109375",
        "cumulative": false
    },
    {
        "date": "2020-09-11T14:04:14Z",
        "value": "1274.73046875",
        "cumulative": false
    },
    {
        "date": "2020-09-11T14:04:29Z",
        "value": "1274.73828125",
        "cumulative": false
    },
    {
        "date": "2020-09-11T14:04:41Z",
        "value": "1274.76953125",
        "cumulative": false
    },
    {
        "date": "2020-09-11T14:04:59Z",
        "value": "1274.79296875",
        "cumulative": false
    },
    {
        "date": "2020-09-11T14:05:18Z",
        "value": "1274.68359375",
        "cumulative": false
    },
    {
        "date": "2020-09-11T14:05:37Z",
        "value": "1274.69921875",
        "cumulative": false
    },
    {
        "date": "2020-09-11T14:05:49Z",
        "value": "1350.5625",
        "cumulative": false
    },
    {
        "date": "2020-09-11T14:06:05Z",
        "value": "1274.72265625",
        "cumulative": false
    },
    {
        "date": "2020-09-11T14:06:16Z",
        "value": "1411.7109375",
        "cumulative": false
    },
    {
        "date": "2020-09-11T14:06:34Z",
        "value": "1597.24609375",
        "cumulative": false
    },
    {
        "date": "2020-09-11T14:06:50Z",
        "value": "1318.03125",
        "cumulative": false
    },
    {
        "date": "2020-09-11T14:07:10Z",
        "value": "1274.796875",
        "cumulative": false
    },
    {
        "date": "2020-09-11T14:07:22Z",
        "value": "1274.76953125",
        "cumulative": false
    },
    {
        "date": "2020-09-11T14:07:33Z",
        "value": "1478.66015625",
        "cumulative": false
    },
    {
        "date": "2020-09-11T14:07:45Z",
        "value": "1577.44921875",
        "cumulative": false
    },
    {
        "date": "2020-09-11T14:08:00Z",
        "value": "1274.78515625",
        "cumulative": false
    },
    {
        "date": "2020-09-11T14:08:16Z",
        "value": "1548.84765625",
        "cumulative": false
    },
    {
        "date": "2020-09-11T14:08:35Z",
        "value": "1575.48046875",
        "cumulative": false
    },
    {
        "date": "2020-09-11T14:08:50Z",
        "value": "1275.94140625",
        "cumulative": false
    },
    {
        "date": "2020-09-11T14:09:05Z",
        "value": "1536.12890625",
        "cumulative": false
    },
    {
        "date": "2020-09-11T14:09:22Z",
        "value": "1274.71484375",
        "cumulative": false
    },
    {
        "date": "2020-09-11T14:09:34Z",
        "value": "1274.72265625",
        "cumulative": false
    },
    {
        "date": "2020-09-11T14:09:53Z",
        "value": "1393.64453125",
        "cumulative": false
    },
    {
        "date": "2020-09-11T14:10:06Z",
        "value": "1274.70703125",
        "cumulative": false
    },
    {
        "date": "2020-09-11T14:10:25Z",
        "value": "1377.5",
        "cumulative": false
    },
    {
        "date": "2020-09-11T14:10:35Z",
        "value": "1674.17578125",
        "cumulative": false
    },
    {
        "date": "2020-09-11T14:10:55Z",
        "value": "1274.6875",
        "cumulative": false
    },
    {
        "date": "2020-09-11T14:11:11Z",
        "value": "1388.84375",
        "cumulative": false
    },
    {
        "date": "2020-09-11T14:11:28Z",
        "value": "1274.78515625",
        "cumulative": false
    },
    {
        "date": "2020-09-11T14:11:41Z",
        "value": "1274.78125",
        "cumulative": false
    },
    {
        "date": "2020-09-11T14:11:59Z",
        "value": "1510.09765625",
        "cumulative": false
    },
    {
        "date": "2020-09-11T14:12:10Z",
        "value": "1274.68359375",
        "cumulative": false
    },
    {
        "date": "2020-09-11T14:12:26Z",
        "value": "1607.96484375",
        "cumulative": false
    },
    {
        "date": "2020-09-11T14:12:45Z",
        "value": "1304.31640625",
        "cumulative": false
    },
    {
        "date": "2020-09-11T14:12:59Z",
        "value": "1679.9375",
        "cumulative": false
    },
    {
        "date": "2020-09-11T14:13:09Z",
        "value": "1274.7734375",
        "cumulative": false
    },
    {
        "date": "2020-09-11T14:13:28Z",
        "value": "1274.74609375",
        "cumulative": false
    },
    {
        "date": "2020-09-11T14:13:41Z",
        "value": "1657.02734375",
        "cumulative": false
    },
    {
        "date": "2020-09-11T14:13:51Z",
        "value": "1274.80859375",
        "cumulative": false
    },
    {
        "date": "2020-09-11T14:14:03Z",
        "value": "1656.96484375",
        "cumulative": false
    },
    {
        "date": "2020-09-11T14:14:16Z",
        "value": "1423.02734375",
        "cumulative": false
    },
    {
        "date": "2020-09-11T14:14:29Z",
        "value": "1557.96484375",
        "cumulative": false
    },
    {
        "date": "2020-09-11T14:14:45Z",
        "value": "1274.71484375",
        "cumulative": false
    },
    {
        "date": "2020-09-11T14:14:56Z",
        "value": "1274.74609375",
        "cumulative": false
    },
    {
        "date": "2020-09-11T14:15:08Z",
        "value": "1274.77734375",
        "cumulative": false
    },
    {
        "date": "2020-09-11T14:15:23Z",
        "value": "1274.74609375",
        "cumulative": false
    },
    {
        "date": "2020-09-11T14:15:39Z",
        "value": "1414.46484375",
        "cumulative": false
    },
    {
        "date": "2020-09-11T14:15:51Z",
        "value": "1274.77734375",
        "cumulative": false
    },
    {
        "date": "2020-09-11T14:16:06Z",
        "value": "1274.74609375",
        "cumulative": false
    },
    {
        "date": "2020-09-11T14:16:24Z",
        "value": "1274.74609375",
        "cumulative": false
    },
    {
        "date": "2020-09-11T14:16:40Z",
        "value": "1315.71484375",
        "cumulative": false
    },
    {
        "date": "2020-09-11T14:16:55Z",
        "value": "1274.80859375",
        "cumulative": false
    },
    {
        "date": "2020-09-11T14:17:06Z",
        "value": "1274.71484375",
        "cumulative": false
    },
    {
        "date": "2020-09-11T14:17:19Z",
        "value": "1274.7109375",
        "cumulative": false
    },
    {
        "date": "2020-09-11T14:17:32Z",
        "value": "1487.67578125",
        "cumulative": false
    },
    {
        "date": "2020-09-11T14:17:47Z",
        "value": "1704.93359375",
        "cumulative": false
    },
    {
        "date": "2020-09-11T14:18:02Z",
        "value": "1827.94140625",
        "cumulative": false
    },
    {
        "date": "2020-09-11T14:18:21Z",
        "value": "1745.16015625",
        "cumulative": false
    },
    {
        "date": "2020-09-11T14:18:32Z",
        "value": "1569.25",
        "cumulative": false
    },
    {
        "date": "2020-09-11T14:18:46Z",
        "value": "1274.7578125",
        "cumulative": false
    },
    {
        "date": "2020-09-11T14:18:57Z",
        "value": "1763.5546875",
        "cumulative": false
    },
    {
        "date": "2020-09-11T14:19:14Z",
        "value": "1697.48046875",
        "cumulative": false
    },
    {
        "date": "2020-09-11T14:19:27Z",
        "value": "1274.73828125",
        "cumulative": false
    },
    {
        "date": "2020-09-11T14:19:40Z",
        "value": "1792.953125",
        "cumulative": false
    },
    {
        "date": "2020-09-11T14:19:52Z",
        "value": "1524.54296875",
        "cumulative": false
    },
    {
        "date": "2020-09-11T14:20:03Z",
        "value": "1360.0078125",
        "cumulative": false
    },
    {
        "date": "2020-09-11T14:20:22Z",
        "value": "1388.4765625",
        "cumulative": false
    },
    {
        "date": "2020-09-11T14:20:35Z",
        "value": "1693.06640625",
        "cumulative": false
    },
    {
        "date": "2020-09-11T14:20:52Z",
        "value": "1724.9921875",
        "cumulative": false
    },
    {
        "date": "2020-09-11T14:21:12Z",
        "value": "1274.6875",
        "cumulative": false
    },
    {
        "date": "2020-09-11T14:21:30Z",
        "value": "8.12109375",
        "cumulative": false
    },
    {
        "date": "2020-09-11T14:21:48Z",
        "value": "8.12109375",
        "cumulative": false
    },
    {
        "date": "2020-09-11T14:22:06Z",
        "value": "8.12109375",
        "cumulative": false
    },
    {
        "date": "2020-09-11T14:22:19Z",
        "value": "8.12109375",
        "cumulative": false
    },
    {
        "date": "2020-09-11T14:22:44Z",
        "value": "8.12109375",
        "cumulative": false
    },
    {
        "date": "2020-09-11T14:22:57Z",
        "value": "8.12109375",
        "cumulative": false
    },
    {
        "date": "2020-09-11T14:23:26Z",
        "value": "8.12109375",
        "cumulative": false
    },
    {
        "date": "2020-09-11T14:23:38Z",
        "value": "8.12109375",
        "cumulative": false
    },
    {
        "date": "2020-09-11T14:24:02Z",
        "value": "8.12109375",
        "cumulative": false
    },
    {
        "date": "2020-09-11T14:24:21Z",
        "value": "8.12109375",
        "cumulative": false
    },
    {
        "date": "2020-09-11T14:24:41Z",
        "value": "8.12109375",
        "cumulative": false
    },
    {
        "date": "2020-09-11T14:24:54Z",
        "value": "8.12109375",
        "cumulative": false
    },
    {
        "date": "2020-09-11T14:25:20Z",
        "value": "8.12109375",
        "cumulative": false
    },
    {
        "date": "2020-09-11T14:25:36Z",
        "value": "8.12109375",
        "cumulative": false
    },
    {
        "date": "2020-09-11T14:26:06Z",
        "value": "8.12109375",
        "cumulative": false
    },
    {
        "date": "2020-09-11T14:26:21Z",
        "value": "8.12109375",
        "cumulative": false
    },
    {
        "date": "2020-09-11T14:26:49Z",
        "value": "8.12109375",
        "cumulative": false
    },
    {
        "date": "2020-09-11T14:27:06Z",
        "value": "8.12109375",
        "cumulative": false
    },
    {
        "date": "2020-09-11T14:27:31Z",
        "value": "8.12109375",
        "cumulative": false
    },
    {
        "date": "2020-09-11T14:27:49Z",
        "value": "8.12109375",
        "cumulative": false
    },
    {
        "date": "2020-09-11T14:28:06Z",
        "value": "8.12109375",
        "cumulative": false
    },
    {
        "date": "2020-09-11T14:28:22Z",
        "value": "8.12109375",
        "cumulative": false
    },
    {
        "date": "2020-09-11T14:28:41Z",
        "value": "8.12109375",
        "cumulative": false
    },
    {
        "date": "2020-09-11T14:28:59Z",
        "value": "8.12109375",
        "cumulative": false
    },
    {
        "date": "2020-09-11T14:29:22Z",
        "value": "8.12109375",
        "cumulative": false
    },
    {
        "date": "2020-09-11T14:29:34Z",
        "value": "8.12109375",
        "cumulative": false
    },
    {
        "date": "2020-09-11T14:30:02Z",
        "value": "8.12109375",
        "cumulative": false
    },
    {
        "date": "2020-09-11T14:30:21Z",
        "value": "8.12109375",
        "cumulative": false
    },
    {
        "date": "2020-09-11T14:30:39Z",
        "value": "8.12109375",
        "cumulative": false
    },
    {
        "date": "2020-09-11T14:30:53Z",
        "value": "8.12109375",
        "cumulative": false
    },
    {
        "date": "2020-09-11T14:31:14Z",
        "value": "8.12109375",
        "cumulative": false
    },
    {
        "date": "2020-09-11T14:31:31Z",
        "value": "8.12109375",
        "cumulative": false
    }
]