[
    {
        "date": "2020-09-11T13:42:00Z",
        "value": "4.00543212890625e-05",
        "cumulative": true
    },
    {
        "date": "2020-09-11T13:42:11Z",
        "value": "4.00543212890625e-05",
        "cumulative": true
    },
    {
        "date": "2020-09-11T13:42:32Z",
        "value": "91.23399829864502",
        "cumulative": true
    },
    {
        "date": "2020-09-11T13:42:48Z",
        "value": "1796.4296426773071",
        "cumulative": true
    },
    {
        "date": "2020-09-11T13:43:05Z",
        "value": "5201.573993682861",
        "cumulative": true
    },
    {
        "date": "2020-09-11T13:43:19Z",
        "value": "7579.113929748535",
        "cumulative": true
    },
    {
        "date": "2020-09-11T13:43:35Z",
        "value": "10920.356837272644",
        "cumulative": true
    },
    {
        "date": "2020-09-11T13:43:53Z",
        "value": "14226.853942871094",
        "cumulative": true
    },
    {
        "date": "2020-09-11T13:44:04Z",
        "value": "16481.495015144348",
        "cumulative": true
    },
    {
        "date": "2020-09-11T13:44:16Z",
        "value": "18713.51594352722",
        "cumulative": true
    },
    {
        "date": "2020-09-11T13:44:31Z",
        "value": "22158.15123653412",
        "cumulative": true
    },
    {
        "date": "2020-09-11T13:44:45Z",
        "value": "24892.409667015076",
        "cumulative": true
    },
    {
        "date": "2020-09-11T13:44:57Z",
        "value": "27884.42582511902",
        "cumulative": true
    },
    {
        "date": "2020-09-11T13:45:13Z",
        "value": "30650.51154899597",
        "cumulative": true
    },
    {
        "date": "2020-09-11T13:45:24Z",
        "value": "33751.32062339783",
        "cumulative": true
    },
    {
        "date": "2020-09-11T13:45:36Z",
        "value": "36009.63589954376",
        "cumulative": true
    },
    {
        "date": "2020-09-11T13:45:52Z",
        "value": "39577.71594238281",
        "cumulative": true
    },
    {
        "date": "2020-09-11T13:46:03Z",
        "value": "42446.71157455444",
        "cumulative": true
    },
    {
        "date": "2020-09-11T13:46:20Z",
        "value": "45535.952593803406",
        "cumulative": true
    },
    {
        "date": "2020-09-11T13:46:40Z",
        "value": "49066.16219615936",
        "cumulative": true
    },
    {
        "date": "2020-09-11T13:46:57Z",
        "value": "53757.81194972992",
        "cumulative": true
    },
    {
        "date": "2020-09-11T13:47:10Z",
        "value": "56253.290541648865",
        "cumulative": true
    },
    {
        "date": "2020-09-11T13:47:22Z",
        "value": "57832.31636714935",
        "cumulative": true
    },
    {
        "date": "2020-09-11T13:47:40Z",
        "value": "61024.10650348663",
        "cumulative": true
    },
    {
        "date": "2020-09-11T13:47:51Z",
        "value": "64368.810433387756",
        "cumulative": true
    },
    {
        "date": "2020-09-11T13:48:08Z",
        "value": "68956.97269535065",
        "cumulative": true
    },
    {
        "date": "2020-09-11T13:48:19Z",
        "value": "70939.84561061859",
        "cumulative": true
    },
    {
        "date": "2020-09-11T13:48:37Z",
        "value": "73473.49737644196",
        "cumulative": true
    },
    {
        "date": "2020-09-11T13:48:56Z",
        "value": "76775.06308364868",
        "cumulative": true
    },
    {
        "date": "2020-09-11T13:49:08Z",
        "value": "79857.03817939758",
        "cumulative": true
    },
    {
        "date": "2020-09-11T13:49:27Z",
        "value": "85072.95258522034",
        "cumulative": true
    },
    {
        "date": "2020-09-11T13:49:46Z",
        "value": "89283.02699565887",
        "cumulative": true
    },
    {
        "date": "2020-09-11T13:50:00Z",
        "value": "91066.66570186615",
        "cumulative": true
    },
    {
        "date": "2020-09-11T13:50:12Z",
        "value": "92505.19980335236",
        "cumulative": true
    },
    {
        "date": "2020-09-11T13:50:28Z",
        "value": "94623.4478559494",
        "cumulative": true
    },
    {
        "date": "2020-09-11T13:50:40Z",
        "value": "97734.92446804047",
        "cumulative": true
    },
    {
        "date": "2020-09-11T13:50:53Z",
        "value": "101752.01591205597",
        "cumulative": true
    },
    {
        "date": "2020-09-11T13:51:10Z",
        "value": "106867.02232265472",
        "cumulative": true
    },
    {
        "date": "2020-09-11T13:51:20Z",
        "value": "110055.84240436554",
        "cumulative": true
    },
    {
        "date": "2020-09-11T13:51:35Z",
        "value": "112874.19720172882",
        "cumulative": true
    },
    {
        "date": "2020-09-11T13:51:46Z",
        "value": "114365.62462902069",
        "cumulative": true
    },
    {
        "date": "2020-09-11T13:52:02Z",
        "value": "116441.24690723419",
        "cumulative": true
    },
    {
        "date": "2020-09-11T13:52:14Z",
        "value": "118023.61157894135",
        "cumulative": true
    },
    {
        "date": "2020-09-11T13:52:31Z",
        "value": "120514.4573469162",
        "cumulative": true
    },
    {
        "date": "2020-09-11T13:52:44Z",
        "value": "124272.73989391327",
        "cumulative": true
    },
    {
        "date": "2020-09-11T13:52:58Z",
        "value": "128669.47420406342",
        "cumulative": true
    },
    {
        "date": "2020-09-11T13:53:18Z",
        "value": "134335.83603954315",
        "cumulative": true
    },
    {
        "date": "2020-09-11T13:53:32Z",
        "value": "138741.87099552155",
        "cumulative": true
    },
    {
        "date": "2020-09-11T13:53:44Z",
        "value": "141369.33045387268",
        "cumulative": true
    },
    {
        "date": "2020-09-11T13:53:54Z",
        "value": "142646.214345932",
        "cumulative": true
    },
    {
        "date": "2020-09-11T13:54:12Z",
        "value": "145144.82419204712",
        "cumulative": true
    },
    {
        "date": "2020-09-11T13:54:26Z",
        "value": "146931.35933303833",
        "cumulative": true
    },
    {
        "date": "2020-09-11T13:54:38Z",
        "value": "148442.8343524933",
        "cumulative": true
    },
    {
        "date": "2020-09-11T13:54:55Z",
        "value": "150810.58743095398",
        "cumulative": true
    },
    {
        "date": "2020-09-11T13:55:09Z",
        "value": "154060.8708333969",
        "cumulative": true
    },
    {
        "date": "2020-09-11T13:55:26Z",
        "value": "158829.7981481552",
        "cumulative": true
    },
    {
        "date": "2020-09-11T13:55:40Z",
        "value": "162691.31842327118",
        "cumulative": true
    },
    {
        "date": "2020-09-11T13:55:56Z",
        "value": "167253.80411052704",
        "cumulative": true
    },
    {
        "date": "2020-09-11T13:56:07Z",
        "value": "170092.44098949432",
        "cumulative": true
    },
    {
        "date": "2020-09-11T13:56:25Z",
        "value": "174996.29082775116",
        "cumulative": true
    },
    {
        "date": "2020-09-11T13:56:44Z",
        "value": "178922.46409225464",
        "cumulative": true
    },
    {
        "date": "2020-09-11T13:57:02Z",
        "value": "181305.07169151306",
        "cumulative": true
    },
    {
        "date": "2020-09-11T13:57:12Z",
        "value": "182629.4061164856",
        "cumulative": true
    },
    {
        "date": "2020-09-11T13:57:28Z",
        "value": "184615.25595474243",
        "cumulative": true
    },
    {
        "date": "2020-09-11T13:57:46Z",
        "value": "186996.68403625488",
        "cumulative": true
    },
    {
        "date": "2020-09-11T13:57:57Z",
        "value": "188364.04949188232",
        "cumulative": true
    },
    {
        "date": "2020-09-11T13:58:09Z",
        "value": "189914.23233032227",
        "cumulative": true
    },
    {
        "date": "2020-09-11T13:58:19Z",
        "value": "191438.4921760559",
        "cumulative": true
    },
    {
        "date": "2020-09-11T13:58:38Z",
        "value": "196810.16902923584",
        "cumulative": true
    },
    {
        "date": "2020-09-11T13:58:56Z",
        "value": "201911.47369384766",
        "cumulative": true
    },
    {
        "date": "2020-09-11T13:59:11Z",
        "value": "206184.76035118103",
        "cumulative": true
    },
    {
        "date": "2020-09-11T13:59:29Z",
        "value": "211530.3038597107",
        "cumulative": true
    },
    {
        "date": "2020-09-11T13:59:45Z",
        "value": "216221.3105583191",
        "cumulative": true
    },
    {
        "date": "2020-09-11T14:00:02Z",
        "value": "221309.21307373047",
        "cumulative": true
    },
    {
        "date": "2020-09-11T14:00:17Z",
        "value": "225010.3307504654",
        "cumulative": true
    },
    {
        "date": "2020-09-11T14:00:32Z",
        "value": "227103.1626405716",
        "cumulative": true
    },
    {
        "date": "2020-09-11T14:00:50Z",
        "value": "229559.84769535065",
        "cumulative": true
    },
    {
        "date": "2020-09-11T14:01:08Z",
        "value": "231955.9818315506",
        "cumulative": true
    },
    {
        "date": "2020-09-11T14:01:20Z",
        "value": "233628.75149822235",
        "cumulative": true
    },
    {
        "date": "2020-09-11T14:01:31Z",
        "value": "235131.85616588593",
        "cumulative": true
    },
    {
        "date": "2020-09-11T14:01:51Z",
        "value": "237807.04040813446",
        "cumulative": true
    },
    {
        "date": "2020-09-11T14:02:05Z",
        "value": "239658.0869474411",
        "cumulative": true
    },
    {
        "date": "2020-09-11T14:02:22Z",
        "value": "242598.2395915985",
        "cumulative": true
    },
    {
        "date": "2020-09-11T14:02:39Z",
        "value": "247647.02897453308",
        "cumulative": true
    },
    {
        "date": "2020-09-11T14:02:57Z",
        "value": "252654.4499988556",
        "cumulative": true
    },
    {
        "date": "2020-09-11T14:03:10Z",
        "value": "256394.8665409088",
        "cumulative": true
    },
    {
        "date": "2020-09-11T14:03:21Z",
        "value": "259535.11764335632",
        "cumulative": true
    },
    {
        "date": "2020-09-11T14:03:40Z",
        "value": "265147.52874183655",
        "cumulative": true
    },
    {
        "date": "2020-09-11T14:03:58Z",
        "value": "270434.48086738586",
        "cumulative": true
    },
    {
        "date": "2020-09-11T14:04:17Z",
        "value": "275947.82434272766",
        "cumulative": true
    },
    {
        "date": "2020-09-11T14:04:35Z",
        "value": "281370.09423828125",
        "cumulative": true
    },
    {
        "date": "2020-09-11T14:04:47Z",
        "value": "283961.7192411423",
        "cumulative": true
    },
    {
        "date": "2020-09-11T14:05:01Z",
        "value": "285864.1648130417",
        "cumulative": true
    },
    {
        "date": "2020-09-11T14:05:14Z",
        "value": "287677.6113920212",
        "cumulative": true
    },
    {
        "date": "2020-09-11T14:05:32Z",
        "value": "290184.27398967743",
        "cumulative": true
    },
    {
        "date": "2020-09-11T14:05:48Z",
        "value": "292198.36773967743",
        "cumulative": true
    },
    {
        "date": "2020-09-11T14:06:03Z",
        "value": "294315.5370874405",
        "cumulative": true
    },
    {
        "date": "2020-09-11T14:06:17Z",
        "value": "296216.8305158615",
        "cumulative": true
    },
    {
        "date": "2020-09-11T14:06:31Z",
        "value": "298117.43816280365",
        "cumulative": true
    },
    {
        "date": "2020-09-11T14:06:51Z",
        "value": "300871.97756671906",
        "cumulative": true
    },
    {
        "date": "2020-09-11T14:07:05Z",
        "value": "302773.16772556305",
        "cumulative": true
    },
    {
        "date": "2020-09-11T14:07:22Z",
        "value": "305578.46734046936",
        "cumulative": true
    },
    {
        "date": "2020-09-11T14:07:35Z",
        "value": "309475.92781448364",
        "cumulative": true
    },
    {
        "date": "2020-09-11T14:07:51Z",
        "value": "314261.91065216064",
        "cumulative": true
    },
    {
        "date": "2020-09-11T14:08:07Z",
        "value": "319054.8334236145",
        "cumulative": true
    },
    {
        "date": "2020-09-11T14:08:17Z",
        "value": "322046.18417930603",
        "cumulative": true
    },
    {
        "date": "2020-09-11T14:08:34Z",
        "value": "327269.3737773895",
        "cumulative": true
    },
    {
        "date": "2020-09-11T14:08:47Z",
        "value": "331304.1886405945",
        "cumulative": true
    },
    {
        "date": "2020-09-11T14:09:01Z",
        "value": "335261.99921035767",
        "cumulative": true
    },
    {
        "date": "2020-09-11T14:09:19Z",
        "value": "340760.1785469055",
        "cumulative": true
    },
    {
        "date": "2020-09-11T14:09:29Z",
        "value": "344019.519323349",
        "cumulative": true
    },
    {
        "date": "2020-09-11T14:09:41Z",
        "value": "347705.65692329407",
        "cumulative": true
    },
    {
        "date": "2020-09-11T14:10:00Z",
        "value": "353150.9774799347",
        "cumulative": true
    },
    {
        "date": "2020-09-11T14:10:11Z",
        "value": "356355.11863327026",
        "cumulative": true
    },
    {
        "date": "2020-09-11T14:10:29Z",
        "value": "359793.04312229156",
        "cumulative": true
    },
    {
        "date": "2020-09-11T14:10:45Z",
        "value": "361928.3642053604",
        "cumulative": true
    },
    {
        "date": "2020-09-11T14:10:55Z",
        "value": "363367.77780628204",
        "cumulative": true
    },
    {
        "date": "2020-09-11T14:11:05Z",
        "value": "364866.70342731476",
        "cumulative": true
    },
    {
        "date": "2020-09-11T14:11:22Z",
        "value": "367078.7905035019",
        "cumulative": true
    },
    {
        "date": "2020-09-11T14:11:40Z",
        "value": "369646.80792331696",
        "cumulative": true
    },
    {
        "date": "2020-09-11T14:11:59Z",
        "value": "372334.65504550934",
        "cumulative": true
    },
    {
        "date": "2020-09-11T14:12:11Z",
        "value": "373934.1752958298",
        "cumulative": true
    },
    {
        "date": "2020-09-11T14:12:30Z",
        "value": "376607.2155866623",
        "cumulative": true
    },
    {
        "date": "2020-09-11T14:12:44Z",
        "value": "378626.80683994293",
        "cumulative": true
    },
    {
        "date": "2020-09-11T14:13:02Z",
        "value": "381143.9199151993",
        "cumulative": true
    },
    {
        "date": "2020-09-11T14:13:19Z",
        "value": "383317.2889928818",
        "cumulative": true
    },
    {
        "date": "2020-09-11T14:13:30Z",
        "value": "385284.6537036896",
        "cumulative": true
    },
    {
        "date": "2020-09-11T14:13:42Z",
        "value": "389140.881401062",
        "cumulative": true
    },
    {
        "date": "2020-09-11T14:13:57Z",
        "value": "393422.9447441101",
        "cumulative": true
    },
    {
        "date": "2020-09-11T14:14:12Z",
        "value": "398090.32103538513",
        "cumulative": true
    },
    {
        "date": "2020-09-11T14:14:32Z",
        "value": "404134.8528327942",
        "cumulative": true
    },
    {
        "date": "2020-09-11T14:14:46Z",
        "value": "408836.761013031",
        "cumulative": true
    },
    {
        "date": "2020-09-11T14:14:57Z",
        "value": "412188.3581428528",
        "cumulative": true
    },
    {
        "date": "2020-09-11T14:15:14Z",
        "value": "417067.6446208954",
        "cumulative": true
    },
    {
        "date": "2020-09-11T14:15:30Z",
        "value": "422271.2813606262",
        "cumulative": true
    },
    {
        "date": "2020-09-11T14:15:44Z",
        "value": "426302.9312610626",
        "cumulative": true
    },
    {
        "date": "2020-09-11T14:15:58Z",
        "value": "430714.3098716736",
        "cumulative": true
    },
    {
        "date": "2020-09-11T14:16:12Z",
        "value": "435052.0407485962",
        "cumulative": true
    },
    {
        "date": "2020-09-11T14:16:28Z",
        "value": "439777.9504070282",
        "cumulative": true
    },
    {
        "date": "2020-09-11T14:16:40Z",
        "value": "443803.9109134674",
        "cumulative": true
    },
    {
        "date": "2020-09-11T14:16:58Z",
        "value": "448762.4674472809",
        "cumulative": true
    },
    {
        "date": "2020-09-11T14:17:17Z",
        "value": "452879.2492427826",
        "cumulative": true
    },
    {
        "date": "2020-09-11T14:17:36Z",
        "value": "455563.8249092102",
        "cumulative": true
    },
    {
        "date": "2020-09-11T14:17:47Z",
        "value": "457241.7291088104",
        "cumulative": true
    },
    {
        "date": "2020-09-11T14:18:04Z",
        "value": "459600.4952278137",
        "cumulative": true
    },
    {
        "date": "2020-09-11T14:18:23Z",
        "value": "462295.99364471436",
        "cumulative": true
    },
    {
        "date": "2020-09-11T14:18:42Z",
        "value": "464988.64222717285",
        "cumulative": true
    },
    {
        "date": "2020-09-11T14:19:00Z",
        "value": "467340.6296348572",
        "cumulative": true
    },
    {
        "date": "2020-09-11T14:19:13Z",
        "value": "469355.80358314514",
        "cumulative": true
    },
    {
        "date": "2020-09-11T14:19:32Z",
        "value": "472041.4895172119",
        "cumulative": true
    },
    {
        "date": "2020-09-11T14:19:43Z",
        "value": "473389.060300827",
        "cumulative": true
    },
    {
        "date": "2020-09-11T14:19:56Z",
        "value": "475306.73833847046",
        "cumulative": true
    },
    {
        "date": "2020-09-11T14:20:11Z",
        "value": "477426.32775115967",
        "cumulative": true
    },
    {
        "date": "2020-09-11T14:20:31Z",
        "value": "480116.43552970886",
        "cumulative": true
    },
    {
        "date": "2020-09-11T14:20:44Z",
        "value": "482127.7625961304",
        "cumulative": true
    },
    {
        "date": "2020-09-11T14:20:55Z",
        "value": "483684.2261543274",
        "cumulative": true
    },
    {
        "date": "2020-09-11T14:21:10Z",
        "value": "485491.79741859436",
        "cumulative": true
    },
    {
        "date": "2020-09-11T14:21:28Z",
        "value": "485491.7993068695",
        "cumulative": true
    },
    {
        "date": "2020-09-11T14:21:48Z",
        "value": "485491.7993068695",
        "cumulative": true
    },
    {
        "date": "2020-09-11T14:22:16Z",
        "value": "485491.7993068695",
        "cumulative": true
    },
    {
        "date": "2020-09-11T14:22:31Z",
        "value": "485491.7993068695",
        "cumulative": true
    },
    {
        "date": "2020-09-11T14:22:57Z",
        "value": "485491.7993068695",
        "cumulative": true
    },
    {
        "date": "2020-09-11T14:23:12Z",
        "value": "485491.7993068695",
        "cumulative": true
    },
    {
        "date": "2020-09-11T14:23:38Z",
        "value": "485491.7993068695",
        "cumulative": true
    },
    {
        "date": "2020-09-11T14:23:48Z",
        "value": "485491.7993068695",
        "cumulative": true
    },
    {
        "date": "2020-09-11T14:24:05Z",
        "value": "485491.7993068695",
        "cumulative": true
    },
    {
        "date": "2020-09-11T14:24:19Z",
        "value": "485491.7993068695",
        "cumulative": true
    },
    {
        "date": "2020-09-11T14:24:43Z",
        "value": "485491.7993068695",
        "cumulative": true
    },
    {
        "date": "2020-09-11T14:25:00Z",
        "value": "485491.7993068695",
        "cumulative": true
    },
    {
        "date": "2020-09-11T14:25:25Z",
        "value": "485491.7993068695",
        "cumulative": true
    },
    {
        "date": "2020-09-11T14:25:42Z",
        "value": "485491.7993068695",
        "cumulative": true
    },
    {
        "date": "2020-09-11T14:26:09Z",
        "value": "485491.7993068695",
        "cumulative": true
    },
    {
        "date": "2020-09-11T14:26:23Z",
        "value": "485491.7993068695",
        "cumulative": true
    },
    {
        "date": "2020-09-11T14:26:41Z",
        "value": "485491.7993068695",
        "cumulative": true
    },
    {
        "date": "2020-09-11T14:26:55Z",
        "value": "485491.7993068695",
        "cumulative": true
    },
    {
        "date": "2020-09-11T14:27:18Z",
        "value": "485491.7993068695",
        "cumulative": true
    },
    {
        "date": "2020-09-11T14:27:37Z",
        "value": "485491.7993068695",
        "cumulative": true
    },
    {
        "date": "2020-09-11T14:28:05Z",
        "value": "485491.7993068695",
        "cumulative": true
    },
    {
        "date": "2020-09-11T14:28:21Z",
        "value": "485491.7993068695",
        "cumulative": true
    },
    {
        "date": "2020-09-11T14:28:37Z",
        "value": "485491.7993068695",
        "cumulative": true
    },
    {
        "date": "2020-09-11T14:28:54Z",
        "value": "485491.7993068695",
        "cumulative": true
    },
    {
        "date": "2020-09-11T14:29:10Z",
        "value": "485491.7993068695",
        "cumulative": true
    },
    {
        "date": "2020-09-11T14:29:29Z",
        "value": "485491.7993068695",
        "cumulative": true
    },
    {
        "date": "2020-09-11T14:29:46Z",
        "value": "485491.7993068695",
        "cumulative": true
    },
    {
        "date": "2020-09-11T14:30:02Z",
        "value": "485491.7993068695",
        "cumulative": true
    },
    {
        "date": "2020-09-11T14:30:23Z",
        "value": "485491.7993068695",
        "cumulative": true
    },
    {
        "date": "2020-09-11T14:30:34Z",
        "value": "485491.7993068695",
        "cumulative": true
    },
    {
        "date": "2020-09-11T14:31:00Z",
        "value": "485491.7993068695",
        "cumulative": true
    },
    {
        "date": "2020-09-11T14:31:15Z",
        "value": "485491.7993068695",
        "cumulative": true
    },
    {
        "date": "2020-09-11T14:31:38Z",
        "value": "485491.7993068695",
        "cumulative": true
    }
]