[
    {
        "date": "2020-09-11T13:42:03Z",
        "value": "0.012293481",
        "cumulative": false
    },
    {
        "date": "2020-09-11T13:42:22Z",
        "value": "0.449239447",
        "cumulative": false
    },
    {
        "date": "2020-09-11T13:42:42Z",
        "value": "1.671373244",
        "cumulative": false
    },
    {
        "date": "2020-09-11T13:43:00Z",
        "value": "1.480104563",
        "cumulative": false
    },
    {
        "date": "2020-09-11T13:43:17Z",
        "value": "1.514864936",
        "cumulative": false
    },
    {
        "date": "2020-09-11T13:43:33Z",
        "value": "1.573900832",
        "cumulative": false
    },
    {
        "date": "2020-09-11T13:43:53Z",
        "value": "1.531020313",
        "cumulative": false
    },
    {
        "date": "2020-09-11T13:44:03Z",
        "value": "1.531613717",
        "cumulative": false
    },
    {
        "date": "2020-09-11T13:44:19Z",
        "value": "1.473006683",
        "cumulative": false
    },
    {
        "date": "2020-09-11T13:44:32Z",
        "value": "1.584318836",
        "cumulative": false
    },
    {
        "date": "2020-09-11T13:44:46Z",
        "value": "1.472141088",
        "cumulative": false
    },
    {
        "date": "2020-09-11T13:45:05Z",
        "value": "1.500013672",
        "cumulative": false
    },
    {
        "date": "2020-09-11T13:45:21Z",
        "value": "1.559512856",
        "cumulative": false
    },
    {
        "date": "2020-09-11T13:45:41Z",
        "value": "1.428834655",
        "cumulative": false
    },
    {
        "date": "2020-09-11T13:45:54Z",
        "value": "1.550513969",
        "cumulative": false
    },
    {
        "date": "2020-09-11T13:46:11Z",
        "value": "1.579348749",
        "cumulative": false
    },
    {
        "date": "2020-09-11T13:46:25Z",
        "value": "1.308293254",
        "cumulative": false
    },
    {
        "date": "2020-09-11T13:46:36Z",
        "value": "1.406013925",
        "cumulative": false
    },
    {
        "date": "2020-09-11T13:46:55Z",
        "value": "1.559242919",
        "cumulative": false
    },
    {
        "date": "2020-09-11T13:47:13Z",
        "value": "1.436155256",
        "cumulative": false
    },
    {
        "date": "2020-09-11T13:47:26Z",
        "value": "1.296071472",
        "cumulative": false
    },
    {
        "date": "2020-09-11T13:47:42Z",
        "value": "1.422217386",
        "cumulative": false
    },
    {
        "date": "2020-09-11T13:47:57Z",
        "value": "1.518029362",
        "cumulative": false
    },
    {
        "date": "2020-09-11T13:48:15Z",
        "value": "1.476091416",
        "cumulative": false
    },
    {
        "date": "2020-09-11T13:48:32Z",
        "value": "1.307646228",
        "cumulative": false
    },
    {
        "date": "2020-09-11T13:48:45Z",
        "value": "1.30668114",
        "cumulative": false
    },
    {
        "date": "2020-09-11T13:48:56Z",
        "value": "1.42790447",
        "cumulative": false
    },
    {
        "date": "2020-09-11T13:49:06Z",
        "value": "1.604137738",
        "cumulative": false
    },
    {
        "date": "2020-09-11T13:49:25Z",
        "value": "1.557180698",
        "cumulative": false
    },
    {
        "date": "2020-09-11T13:49:41Z",
        "value": "1.467431661",
        "cumulative": false
    },
    {
        "date": "2020-09-11T13:49:52Z",
        "value": "1.340023403",
        "cumulative": false
    },
    {
        "date": "2020-09-11T13:50:09Z",
        "value": "1.317768503",
        "cumulative": false
    },
    {
        "date": "2020-09-11T13:50:24Z",
        "value": "1.287896855",
        "cumulative": false
    },
    {
        "date": "2020-09-11T13:50:38Z",
        "value": "1.411823783",
        "cumulative": false
    },
    {
        "date": "2020-09-11T13:50:53Z",
        "value": "1.508849789",
        "cumulative": false
    },
    {
        "date": "2020-09-11T13:51:03Z",
        "value": "1.519461239",
        "cumulative": false
    },
    {
        "date": "2020-09-11T13:51:23Z",
        "value": "1.508584818",
        "cumulative": false
    },
    {
        "date": "2020-09-11T13:51:39Z",
        "value": "1.297301475",
        "cumulative": false
    },
    {
        "date": "2020-09-11T13:51:57Z",
        "value": "1.288125787",
        "cumulative": false
    },
    {
        "date": "2020-09-11T13:52:14Z",
        "value": "1.303412516",
        "cumulative": false
    },
    {
        "date": "2020-09-11T13:52:29Z",
        "value": "1.301499479",
        "cumulative": false
    },
    {
        "date": "2020-09-11T13:52:41Z",
        "value": "1.518886729",
        "cumulative": false
    },
    {
        "date": "2020-09-11T13:53:01Z",
        "value": "1.517731234",
        "cumulative": false
    },
    {
        "date": "2020-09-11T13:53:16Z",
        "value": "1.539079932",
        "cumulative": false
    },
    {
        "date": "2020-09-11T13:53:28Z",
        "value": "1.522293438",
        "cumulative": false
    },
    {
        "date": "2020-09-11T13:53:45Z",
        "value": "1.442000034",
        "cumulative": false
    },
    {
        "date": "2020-09-11T13:54:03Z",
        "value": "1.285167193",
        "cumulative": false
    },
    {
        "date": "2020-09-11T13:54:13Z",
        "value": "1.298347055",
        "cumulative": false
    },
    {
        "date": "2020-09-11T13:54:26Z",
        "value": "1.304128402",
        "cumulative": false
    },
    {
        "date": "2020-09-11T13:54:37Z",
        "value": "1.27499044",
        "cumulative": false
    },
    {
        "date": "2020-09-11T13:54:51Z",
        "value": "1.272663566",
        "cumulative": false
    },
    {
        "date": "2020-09-11T13:55:11Z",
        "value": "1.440307716",
        "cumulative": false
    },
    {
        "date": "2020-09-11T13:55:24Z",
        "value": "1.532560981",
        "cumulative": false
    },
    {
        "date": "2020-09-11T13:55:37Z",
        "value": "1.548459748",
        "cumulative": false
    },
    {
        "date": "2020-09-11T13:55:55Z",
        "value": "1.539232422",
        "cumulative": false
    },
    {
        "date": "2020-09-11T13:56:11Z",
        "value": "1.540380854",
        "cumulative": false
    },
    {
        "date": "2020-09-11T13:56:30Z",
        "value": "1.542830517",
        "cumulative": false
    },
    {
        "date": "2020-09-11T13:56:43Z",
        "value": "1.420885846",
        "cumulative": false
    },
    {
        "date": "2020-09-11T13:56:57Z",
        "value": "1.298740822",
        "cumulative": false
    },
    {
        "date": "2020-09-11T13:57:09Z",
        "value": "1.275228883",
        "cumulative": false
    },
    {
        "date": "2020-09-11T13:57:28Z",
        "value": "1.31246578",
        "cumulative": false
    },
    {
        "date": "2020-09-11T13:57:44Z",
        "value": "1.285926862",
        "cumulative": false
    },
    {
        "date": "2020-09-11T13:57:58Z",
        "value": "1.270866399",
        "cumulative": false
    },
    {
        "date": "2020-09-11T13:58:12Z",
        "value": "1.29024287",
        "cumulative": false
    },
    {
        "date": "2020-09-11T13:58:29Z",
        "value": "1.444394815",
        "cumulative": false
    },
    {
        "date": "2020-09-11T13:58:49Z",
        "value": "1.518863648",
        "cumulative": false
    },
    {
        "date": "2020-09-11T13:59:00Z",
        "value": "1.546711476",
        "cumulative": false
    },
    {
        "date": "2020-09-11T13:59:15Z",
        "value": "1.550211948",
        "cumulative": false
    },
    {
        "date": "2020-09-11T13:59:27Z",
        "value": "1.523753288",
        "cumulative": false
    },
    {
        "date": "2020-09-11T13:59:39Z",
        "value": "1.535222355",
        "cumulative": false
    },
    {
        "date": "2020-09-11T13:59:50Z",
        "value": "1.552083748",
        "cumulative": false
    },
    {
        "date": "2020-09-11T14:00:01Z",
        "value": "1.548697712",
        "cumulative": false
    },
    {
        "date": "2020-09-11T14:00:19Z",
        "value": "1.459934203",
        "cumulative": false
    },
    {
        "date": "2020-09-11T14:00:39Z",
        "value": "1.268281089",
        "cumulative": false
    },
    {
        "date": "2020-09-11T14:00:56Z",
        "value": "1.288315132",
        "cumulative": false
    },
    {
        "date": "2020-09-11T14:01:07Z",
        "value": "1.250896306",
        "cumulative": false
    },
    {
        "date": "2020-09-11T14:01:18Z",
        "value": "1.28215312",
        "cumulative": false
    },
    {
        "date": "2020-09-11T14:01:36Z",
        "value": "1.278129605",
        "cumulative": false
    },
    {
        "date": "2020-09-11T14:01:54Z",
        "value": "1.290221379",
        "cumulative": false
    },
    {
        "date": "2020-09-11T14:02:04Z",
        "value": "1.258365308",
        "cumulative": false
    },
    {
        "date": "2020-09-11T14:02:18Z",
        "value": "1.281645451",
        "cumulative": false
    },
    {
        "date": "2020-09-11T14:02:29Z",
        "value": "1.532348816",
        "cumulative": false
    },
    {
        "date": "2020-09-11T14:02:46Z",
        "value": "1.50854597",
        "cumulative": false
    },
    {
        "date": "2020-09-11T14:02:59Z",
        "value": "1.547088436",
        "cumulative": false
    },
    {
        "date": "2020-09-11T14:03:15Z",
        "value": "1.526110526",
        "cumulative": false
    },
    {
        "date": "2020-09-11T14:03:30Z",
        "value": "1.506775425",
        "cumulative": false
    },
    {
        "date": "2020-09-11T14:03:43Z",
        "value": "1.526563713",
        "cumulative": false
    },
    {
        "date": "2020-09-11T14:04:02Z",
        "value": "1.521686156",
        "cumulative": false
    },
    {
        "date": "2020-09-11T14:04:19Z",
        "value": "1.531729302",
        "cumulative": false
    },
    {
        "date": "2020-09-11T14:04:34Z",
        "value": "1.499300207",
        "cumulative": false
    },
    {
        "date": "2020-09-11T14:04:52Z",
        "value": "1.395724686",
        "cumulative": false
    },
    {
        "date": "2020-09-11T14:05:04Z",
        "value": "1.250229267",
        "cumulative": false
    },
    {
        "date": "2020-09-11T14:05:14Z",
        "value": "1.266468103",
        "cumulative": false
    },
    {
        "date": "2020-09-11T14:05:30Z",
        "value": "1.274269231",
        "cumulative": false
    },
    {
        "date": "2020-09-11T14:05:45Z",
        "value": "1.262302739",
        "cumulative": false
    },
    {
        "date": "2020-09-11T14:05:58Z",
        "value": "1.254627668",
        "cumulative": false
    },
    {
        "date": "2020-09-11T14:06:12Z",
        "value": "1.263453551",
        "cumulative": false
    },
    {
        "date": "2020-09-11T14:06:32Z",
        "value": "1.266242215",
        "cumulative": false
    },
    {
        "date": "2020-09-11T14:06:50Z",
        "value": "1.284699775",
        "cumulative": false
    },
    {
        "date": "2020-09-11T14:07:09Z",
        "value": "1.294351887",
        "cumulative": false
    },
    {
        "date": "2020-09-11T14:07:27Z",
        "value": "1.360692105",
        "cumulative": false
    },
    {
        "date": "2020-09-11T14:07:46Z",
        "value": "1.521307124",
        "cumulative": false
    },
    {
        "date": "2020-09-11T14:07:59Z",
        "value": "1.531164736",
        "cumulative": false
    },
    {
        "date": "2020-09-11T14:08:09Z",
        "value": "1.522550849",
        "cumulative": false
    },
    {
        "date": "2020-09-11T14:08:21Z",
        "value": "1.497044614",
        "cumulative": false
    },
    {
        "date": "2020-09-11T14:08:37Z",
        "value": "1.516996068",
        "cumulative": false
    },
    {
        "date": "2020-09-11T14:08:51Z",
        "value": "1.530081426",
        "cumulative": false
    },
    {
        "date": "2020-09-11T14:09:02Z",
        "value": "1.515755661",
        "cumulative": false
    },
    {
        "date": "2020-09-11T14:09:16Z",
        "value": "1.526505777",
        "cumulative": false
    },
    {
        "date": "2020-09-11T14:09:34Z",
        "value": "1.525909112",
        "cumulative": false
    },
    {
        "date": "2020-09-11T14:09:49Z",
        "value": "1.539803964",
        "cumulative": false
    },
    {
        "date": "2020-09-11T14:10:06Z",
        "value": "1.500094156",
        "cumulative": false
    },
    {
        "date": "2020-09-11T14:10:19Z",
        "value": "1.438608082",
        "cumulative": false
    },
    {
        "date": "2020-09-11T14:10:38Z",
        "value": "1.259613775",
        "cumulative": false
    },
    {
        "date": "2020-09-11T14:10:57Z",
        "value": "1.241657588",
        "cumulative": false
    },
    {
        "date": "2020-09-11T14:11:12Z",
        "value": "1.255102769",
        "cumulative": false
    },
    {
        "date": "2020-09-11T14:11:31Z",
        "value": "1.277186081",
        "cumulative": false
    },
    {
        "date": "2020-09-11T14:11:46Z",
        "value": "1.252848961",
        "cumulative": false
    },
    {
        "date": "2020-09-11T14:12:03Z",
        "value": "1.262527476",
        "cumulative": false
    },
    {
        "date": "2020-09-11T14:12:14Z",
        "value": "1.273164651",
        "cumulative": false
    },
    {
        "date": "2020-09-11T14:12:30Z",
        "value": "1.247756017",
        "cumulative": false
    },
    {
        "date": "2020-09-11T14:12:41Z",
        "value": "1.271209321",
        "cumulative": false
    },
    {
        "date": "2020-09-11T14:12:56Z",
        "value": "1.265892156",
        "cumulative": false
    },
    {
        "date": "2020-09-11T14:13:07Z",
        "value": "1.229461346",
        "cumulative": false
    },
    {
        "date": "2020-09-11T14:13:25Z",
        "value": "1.272758908",
        "cumulative": false
    },
    {
        "date": "2020-09-11T14:13:42Z",
        "value": "1.478007854",
        "cumulative": false
    },
    {
        "date": "2020-09-11T14:13:54Z",
        "value": "1.515668178",
        "cumulative": false
    },
    {
        "date": "2020-09-11T14:14:05Z",
        "value": "1.511942222",
        "cumulative": false
    },
    {
        "date": "2020-09-11T14:14:24Z",
        "value": "1.515723819",
        "cumulative": false
    },
    {
        "date": "2020-09-11T14:14:39Z",
        "value": "1.476243487",
        "cumulative": false
    },
    {
        "date": "2020-09-11T14:14:56Z",
        "value": "1.515209296",
        "cumulative": false
    },
    {
        "date": "2020-09-11T14:15:06Z",
        "value": "1.563752612",
        "cumulative": false
    },
    {
        "date": "2020-09-11T14:15:18Z",
        "value": "1.481092195",
        "cumulative": false
    },
    {
        "date": "2020-09-11T14:15:31Z",
        "value": "1.526369436",
        "cumulative": false
    },
    {
        "date": "2020-09-11T14:15:45Z",
        "value": "1.517830981",
        "cumulative": false
    },
    {
        "date": "2020-09-11T14:16:02Z",
        "value": "1.502356138",
        "cumulative": false
    },
    {
        "date": "2020-09-11T14:16:16Z",
        "value": "1.533103807",
        "cumulative": false
    },
    {
        "date": "2020-09-11T14:16:28Z",
        "value": "1.494143466",
        "cumulative": false
    },
    {
        "date": "2020-09-11T14:16:40Z",
        "value": "1.546304381",
        "cumulative": false
    },
    {
        "date": "2020-09-11T14:16:57Z",
        "value": "1.506523108",
        "cumulative": false
    },
    {
        "date": "2020-09-11T14:17:12Z",
        "value": "1.459017689",
        "cumulative": false
    },
    {
        "date": "2020-09-11T14:17:24Z",
        "value": "1.282223413",
        "cumulative": false
    },
    {
        "date": "2020-09-11T14:17:43Z",
        "value": "1.257409641",
        "cumulative": false
    },
    {
        "date": "2020-09-11T14:17:55Z",
        "value": "1.261261182",
        "cumulative": false
    },
    {
        "date": "2020-09-11T14:18:14Z",
        "value": "1.264473348",
        "cumulative": false
    },
    {
        "date": "2020-09-11T14:18:25Z",
        "value": "1.284975615",
        "cumulative": false
    },
    {
        "date": "2020-09-11T14:18:37Z",
        "value": "1.248801403",
        "cumulative": false
    },
    {
        "date": "2020-09-11T14:18:56Z",
        "value": "1.265985714",
        "cumulative": false
    },
    {
        "date": "2020-09-11T14:19:14Z",
        "value": "1.254982247",
        "cumulative": false
    },
    {
        "date": "2020-09-11T14:19:29Z",
        "value": "1.279131286",
        "cumulative": false
    },
    {
        "date": "2020-09-11T14:19:41Z",
        "value": "1.231085403",
        "cumulative": false
    },
    {
        "date": "2020-09-11T14:19:58Z",
        "value": "1.263401912",
        "cumulative": false
    },
    {
        "date": "2020-09-11T14:20:13Z",
        "value": "1.295574921",
        "cumulative": false
    },
    {
        "date": "2020-09-11T14:20:30Z",
        "value": "1.250237012",
        "cumulative": false
    },
    {
        "date": "2020-09-11T14:20:49Z",
        "value": "1.253442636",
        "cumulative": false
    },
    {
        "date": "2020-09-11T14:21:02Z",
        "value": "1.245103224",
        "cumulative": false
    },
    {
        "date": "2020-09-11T14:21:15Z",
        "value": "0.554848815",
        "cumulative": false
    },
    {
        "date": "2020-09-11T14:21:28Z",
        "value": "0.026125072",
        "cumulative": false
    },
    {
        "date": "2020-09-11T14:21:40Z",
        "value": "0.0",
        "cumulative": false
    },
    {
        "date": "2020-09-11T14:22:06Z",
        "value": "0.0",
        "cumulative": false
    },
    {
        "date": "2020-09-11T14:22:16Z",
        "value": "0.0",
        "cumulative": false
    },
    {
        "date": "2020-09-11T14:22:35Z",
        "value": "0.0",
        "cumulative": false
    },
    {
        "date": "2020-09-11T14:22:48Z",
        "value": "0.0",
        "cumulative": false
    },
    {
        "date": "2020-09-11T14:23:07Z",
        "value": "0.0",
        "cumulative": false
    },
    {
        "date": "2020-09-11T14:23:27Z",
        "value": "0.0",
        "cumulative": false
    },
    {
        "date": "2020-09-11T14:23:51Z",
        "value": "0.0",
        "cumulative": false
    },
    {
        "date": "2020-09-11T14:24:05Z",
        "value": "0.0",
        "cumulative": false
    },
    {
        "date": "2020-09-11T14:24:27Z",
        "value": "0.0",
        "cumulative": false
    },
    {
        "date": "2020-09-11T14:24:42Z",
        "value": "0.0",
        "cumulative": false
    },
    {
        "date": "2020-09-11T14:25:09Z",
        "value": "0.0",
        "cumulative": false
    },
    {
        "date": "2020-09-11T14:25:22Z",
        "value": "0.0",
        "cumulative": false
    },
    {
        "date": "2020-09-11T14:25:41Z",
        "value": "0.0",
        "cumulative": false
    },
    {
        "date": "2020-09-11T14:25:59Z",
        "value": "0.0",
        "cumulative": false
    },
    {
        "date": "2020-09-11T14:26:24Z",
        "value": "0.0",
        "cumulative": false
    },
    {
        "date": "2020-09-11T14:26:42Z",
        "value": "0.0",
        "cumulative": false
    },
    {
        "date": "2020-09-11T14:27:11Z",
        "value": "0.0",
        "cumulative": false
    },
    {
        "date": "2020-09-11T14:27:22Z",
        "value": "0.0",
        "cumulative": false
    },
    {
        "date": "2020-09-11T14:27:49Z",
        "value": "0.0",
        "cumulative": false
    },
    {
        "date": "2020-09-11T14:28:01Z",
        "value": "0.0",
        "cumulative": false
    },
    {
        "date": "2020-09-11T14:28:24Z",
        "value": "0.0",
        "cumulative": false
    },
    {
        "date": "2020-09-11T14:28:35Z",
        "value": "0.0",
        "cumulative": false
    },
    {
        "date": "2020-09-11T14:28:51Z",
        "value": "0.0",
        "cumulative": false
    },
    {
        "date": "2020-09-11T14:29:05Z",
        "value": "0.0",
        "cumulative": false
    },
    {
        "date": "2020-09-11T14:29:32Z",
        "value": "0.0",
        "cumulative": false
    },
    {
        "date": "2020-09-11T14:29:45Z",
        "value": "0.0",
        "cumulative": false
    },
    {
        "date": "2020-09-11T14:30:13Z",
        "value": "0.0",
        "cumulative": false
    },
    {
        "date": "2020-09-11T14:30:28Z",
        "value": "0.0",
        "cumulative": false
    },
    {
        "date": "2020-09-11T14:30:57Z",
        "value": "0.0",
        "cumulative": false
    },
    {
        "date": "2020-09-11T14:31:09Z",
        "value": "0.0",
        "cumulative": false
    },
    {
        "date": "2020-09-11T14:31:33Z",
        "value": "0.0",
        "cumulative": false
    },
    {
        "date": "2020-09-11T14:31:46Z",
        "value": "0.0",
        "cumulative": false
    }
]