[
    {
        "date": "2020-09-11T13:42:09Z",
        "value": "0.008578599",
        "cumulative": false
    },
    {
        "date": "2020-09-11T13:42:27Z",
        "value": "0.999223321",
        "cumulative": false
    },
    {
        "date": "2020-09-11T13:42:40Z",
        "value": "2.072910167",
        "cumulative": false
    },
    {
        "date": "2020-09-11T13:42:51Z",
        "value": "2.244173823",
        "cumulative": false
    },
    {
        "date": "2020-09-11T13:43:07Z",
        "value": "2.08774943",
        "cumulative": false
    },
    {
        "date": "2020-09-11T13:43:24Z",
        "value": "1.978741566",
        "cumulative": false
    },
    {
        "date": "2020-09-11T13:43:37Z",
        "value": "1.932512306",
        "cumulative": false
    },
    {
        "date": "2020-09-11T13:43:56Z",
        "value": "1.920487615",
        "cumulative": false
    },
    {
        "date": "2020-09-11T13:44:09Z",
        "value": "1.810367431",
        "cumulative": false
    },
    {
        "date": "2020-09-11T13:44:20Z",
        "value": "1.873082171",
        "cumulative": false
    },
    {
        "date": "2020-09-11T13:44:36Z",
        "value": "1.828272803",
        "cumulative": false
    },
    {
        "date": "2020-09-11T13:44:52Z",
        "value": "1.789487122",
        "cumulative": false
    },
    {
        "date": "2020-09-11T13:45:11Z",
        "value": "1.848842947",
        "cumulative": false
    },
    {
        "date": "2020-09-11T13:45:28Z",
        "value": "1.75366699",
        "cumulative": false
    },
    {
        "date": "2020-09-11T13:45:40Z",
        "value": "1.842791765",
        "cumulative": false
    },
    {
        "date": "2020-09-11T13:45:55Z",
        "value": "1.772945936",
        "cumulative": false
    },
    {
        "date": "2020-09-11T13:46:08Z",
        "value": "1.748805228",
        "cumulative": false
    },
    {
        "date": "2020-09-11T13:46:25Z",
        "value": "1.756732233",
        "cumulative": false
    },
    {
        "date": "2020-09-11T13:46:41Z",
        "value": "1.732004984",
        "cumulative": false
    },
    {
        "date": "2020-09-11T13:46:59Z",
        "value": "1.680638324",
        "cumulative": false
    },
    {
        "date": "2020-09-11T13:47:11Z",
        "value": "1.720480096",
        "cumulative": false
    },
    {
        "date": "2020-09-11T13:47:22Z",
        "value": "1.750064464",
        "cumulative": false
    },
    {
        "date": "2020-09-11T13:47:38Z",
        "value": "1.71914642",
        "cumulative": false
    },
    {
        "date": "2020-09-11T13:47:56Z",
        "value": "1.663177649",
        "cumulative": false
    },
    {
        "date": "2020-09-11T13:48:09Z",
        "value": "1.66335443",
        "cumulative": false
    },
    {
        "date": "2020-09-11T13:48:22Z",
        "value": "1.727401226",
        "cumulative": false
    },
    {
        "date": "2020-09-11T13:48:34Z",
        "value": "1.736523206",
        "cumulative": false
    },
    {
        "date": "2020-09-11T13:48:51Z",
        "value": "1.724808568",
        "cumulative": false
    },
    {
        "date": "2020-09-11T13:49:07Z",
        "value": "1.697399643",
        "cumulative": false
    },
    {
        "date": "2020-09-11T13:49:20Z",
        "value": "1.672836112",
        "cumulative": false
    },
    {
        "date": "2020-09-11T13:49:35Z",
        "value": "1.65913221",
        "cumulative": false
    },
    {
        "date": "2020-09-11T13:49:48Z",
        "value": "1.716047859",
        "cumulative": false
    },
    {
        "date": "2020-09-11T13:49:59Z",
        "value": "1.727563939",
        "cumulative": false
    },
    {
        "date": "2020-09-11T13:50:15Z",
        "value": "1.741525235",
        "cumulative": false
    },
    {
        "date": "2020-09-11T13:50:30Z",
        "value": "1.728360973",
        "cumulative": false
    },
    {
        "date": "2020-09-11T13:50:44Z",
        "value": "1.635669555",
        "cumulative": false
    },
    {
        "date": "2020-09-11T13:50:59Z",
        "value": "1.640289198",
        "cumulative": false
    },
    {
        "date": "2020-09-11T13:51:14Z",
        "value": "1.646567799",
        "cumulative": false
    },
    {
        "date": "2020-09-11T13:51:34Z",
        "value": "1.530986417",
        "cumulative": false
    },
    {
        "date": "2020-09-11T13:51:45Z",
        "value": "1.46569237",
        "cumulative": false
    },
    {
        "date": "2020-09-11T13:52:02Z",
        "value": "1.455050809",
        "cumulative": false
    },
    {
        "date": "2020-09-11T13:52:13Z",
        "value": "1.4813301",
        "cumulative": false
    },
    {
        "date": "2020-09-11T13:52:26Z",
        "value": "1.456937633",
        "cumulative": false
    },
    {
        "date": "2020-09-11T13:52:43Z",
        "value": "1.627494904",
        "cumulative": false
    },
    {
        "date": "2020-09-11T13:53:02Z",
        "value": "1.633845696",
        "cumulative": false
    },
    {
        "date": "2020-09-11T13:53:14Z",
        "value": "1.665854192",
        "cumulative": false
    },
    {
        "date": "2020-09-11T13:53:31Z",
        "value": "1.624910484",
        "cumulative": false
    },
    {
        "date": "2020-09-11T13:53:47Z",
        "value": "1.571934367",
        "cumulative": false
    },
    {
        "date": "2020-09-11T13:54:03Z",
        "value": "1.447407016",
        "cumulative": false
    },
    {
        "date": "2020-09-11T13:54:20Z",
        "value": "1.458381265",
        "cumulative": false
    },
    {
        "date": "2020-09-11T13:54:38Z",
        "value": "1.474001541",
        "cumulative": false
    },
    {
        "date": "2020-09-11T13:54:52Z",
        "value": "1.449143813",
        "cumulative": false
    },
    {
        "date": "2020-09-11T13:55:12Z",
        "value": "1.597045316",
        "cumulative": false
    },
    {
        "date": "2020-09-11T13:55:25Z",
        "value": "1.666912253",
        "cumulative": false
    },
    {
        "date": "2020-09-11T13:55:36Z",
        "value": "1.651993612",
        "cumulative": false
    },
    {
        "date": "2020-09-11T13:55:50Z",
        "value": "1.666662481",
        "cumulative": false
    },
    {
        "date": "2020-09-11T13:56:08Z",
        "value": "1.665478238",
        "cumulative": false
    },
    {
        "date": "2020-09-11T13:56:20Z",
        "value": "1.670616771",
        "cumulative": false
    },
    {
        "date": "2020-09-11T13:56:39Z",
        "value": "1.635888847",
        "cumulative": false
    },
    {
        "date": "2020-09-11T13:56:59Z",
        "value": "1.464612378",
        "cumulative": false
    },
    {
        "date": "2020-09-11T13:57:10Z",
        "value": "1.453699258",
        "cumulative": false
    },
    {
        "date": "2020-09-11T13:57:22Z",
        "value": "1.479445432",
        "cumulative": false
    },
    {
        "date": "2020-09-11T13:57:38Z",
        "value": "1.465897972",
        "cumulative": false
    },
    {
        "date": "2020-09-11T13:57:54Z",
        "value": "1.472384726",
        "cumulative": false
    },
    {
        "date": "2020-09-11T13:58:09Z",
        "value": "1.465603503",
        "cumulative": false
    },
    {
        "date": "2020-09-11T13:58:25Z",
        "value": "1.53581883",
        "cumulative": false
    },
    {
        "date": "2020-09-11T13:58:39Z",
        "value": "1.658492977",
        "cumulative": false
    },
    {
        "date": "2020-09-11T13:58:57Z",
        "value": "1.652563958",
        "cumulative": false
    },
    {
        "date": "2020-09-11T13:59:08Z",
        "value": "1.664116116",
        "cumulative": false
    },
    {
        "date": "2020-09-11T13:59:21Z",
        "value": "1.640260387",
        "cumulative": false
    },
    {
        "date": "2020-09-11T13:59:32Z",
        "value": "1.635744974",
        "cumulative": false
    },
    {
        "date": "2020-09-11T13:59:44Z",
        "value": "1.62430047",
        "cumulative": false
    },
    {
        "date": "2020-09-11T13:59:54Z",
        "value": "1.652765333",
        "cumulative": false
    },
    {
        "date": "2020-09-11T14:00:10Z",
        "value": "1.641522713",
        "cumulative": false
    },
    {
        "date": "2020-09-11T14:00:29Z",
        "value": "1.483543381",
        "cumulative": false
    },
    {
        "date": "2020-09-11T14:00:45Z",
        "value": "1.435145539",
        "cumulative": false
    },
    {
        "date": "2020-09-11T14:01:04Z",
        "value": "1.440780956",
        "cumulative": false
    },
    {
        "date": "2020-09-11T14:01:23Z",
        "value": "1.42670918",
        "cumulative": false
    },
    {
        "date": "2020-09-11T14:01:41Z",
        "value": "1.440524169",
        "cumulative": false
    },
    {
        "date": "2020-09-11T14:01:59Z",
        "value": "1.460806753",
        "cumulative": false
    },
    {
        "date": "2020-09-11T14:02:10Z",
        "value": "1.435152943",
        "cumulative": false
    },
    {
        "date": "2020-09-11T14:02:22Z",
        "value": "1.513806188",
        "cumulative": false
    },
    {
        "date": "2020-09-11T14:02:38Z",
        "value": "1.649930172",
        "cumulative": false
    },
    {
        "date": "2020-09-11T14:02:57Z",
        "value": "1.65196854",
        "cumulative": false
    },
    {
        "date": "2020-09-11T14:03:10Z",
        "value": "1.645163218",
        "cumulative": false
    },
    {
        "date": "2020-09-11T14:03:29Z",
        "value": "1.630633225",
        "cumulative": false
    },
    {
        "date": "2020-09-11T14:03:49Z",
        "value": "1.648590945",
        "cumulative": false
    },
    {
        "date": "2020-09-11T14:04:07Z",
        "value": "1.634086868",
        "cumulative": false
    },
    {
        "date": "2020-09-11T14:04:23Z",
        "value": "1.653092459",
        "cumulative": false
    },
    {
        "date": "2020-09-11T14:04:40Z",
        "value": "1.631365288",
        "cumulative": false
    },
    {
        "date": "2020-09-11T14:04:51Z",
        "value": "1.485543347",
        "cumulative": false
    },
    {
        "date": "2020-09-11T14:05:03Z",
        "value": "1.444761005",
        "cumulative": false
    },
    {
        "date": "2020-09-11T14:05:17Z",
        "value": "1.448852811",
        "cumulative": false
    },
    {
        "date": "2020-09-11T14:05:32Z",
        "value": "1.437869842",
        "cumulative": false
    },
    {
        "date": "2020-09-11T14:05:48Z",
        "value": "1.449040177",
        "cumulative": false
    },
    {
        "date": "2020-09-11T14:06:00Z",
        "value": "1.412259566",
        "cumulative": false
    },
    {
        "date": "2020-09-11T14:06:20Z",
        "value": "1.418112922",
        "cumulative": false
    },
    {
        "date": "2020-09-11T14:06:38Z",
        "value": "1.446238414",
        "cumulative": false
    },
    {
        "date": "2020-09-11T14:06:56Z",
        "value": "1.436025704",
        "cumulative": false
    },
    {
        "date": "2020-09-11T14:07:15Z",
        "value": "1.444161736",
        "cumulative": false
    },
    {
        "date": "2020-09-11T14:07:33Z",
        "value": "1.593360165",
        "cumulative": false
    },
    {
        "date": "2020-09-11T14:07:48Z",
        "value": "1.611556129",
        "cumulative": false
    },
    {
        "date": "2020-09-11T14:08:01Z",
        "value": "1.644353257",
        "cumulative": false
    },
    {
        "date": "2020-09-11T14:08:19Z",
        "value": "1.616524113",
        "cumulative": false
    },
    {
        "date": "2020-09-11T14:08:35Z",
        "value": "1.617529498",
        "cumulative": false
    },
    {
        "date": "2020-09-11T14:08:49Z",
        "value": "1.622905104",
        "cumulative": false
    },
    {
        "date": "2020-09-11T14:09:05Z",
        "value": "1.629768013",
        "cumulative": false
    },
    {
        "date": "2020-09-11T14:09:21Z",
        "value": "1.649075498",
        "cumulative": false
    },
    {
        "date": "2020-09-11T14:09:32Z",
        "value": "1.598191799",
        "cumulative": false
    },
    {
        "date": "2020-09-11T14:09:47Z",
        "value": "1.633606305",
        "cumulative": false
    },
    {
        "date": "2020-09-11T14:10:00Z",
        "value": "1.606233539",
        "cumulative": false
    },
    {
        "date": "2020-09-11T14:10:17Z",
        "value": "1.60800849",
        "cumulative": false
    },
    {
        "date": "2020-09-11T14:10:35Z",
        "value": "1.407856832",
        "cumulative": false
    },
    {
        "date": "2020-09-11T14:10:47Z",
        "value": "1.423407025",
        "cumulative": false
    },
    {
        "date": "2020-09-11T14:10:57Z",
        "value": "1.446431991",
        "cumulative": false
    },
    {
        "date": "2020-09-11T14:11:11Z",
        "value": "1.403140721",
        "cumulative": false
    },
    {
        "date": "2020-09-11T14:11:28Z",
        "value": "1.420106543",
        "cumulative": false
    },
    {
        "date": "2020-09-11T14:11:45Z",
        "value": "1.408006589",
        "cumulative": false
    },
    {
        "date": "2020-09-11T14:12:01Z",
        "value": "1.445473954",
        "cumulative": false
    },
    {
        "date": "2020-09-11T14:12:17Z",
        "value": "1.39094298",
        "cumulative": false
    },
    {
        "date": "2020-09-11T14:12:31Z",
        "value": "1.428101377",
        "cumulative": false
    },
    {
        "date": "2020-09-11T14:12:48Z",
        "value": "1.415835292",
        "cumulative": false
    },
    {
        "date": "2020-09-11T14:13:07Z",
        "value": "1.420190132",
        "cumulative": false
    },
    {
        "date": "2020-09-11T14:13:22Z",
        "value": "1.43593689",
        "cumulative": false
    },
    {
        "date": "2020-09-11T14:13:32Z",
        "value": "1.500784913",
        "cumulative": false
    },
    {
        "date": "2020-09-11T14:13:51Z",
        "value": "1.6444773",
        "cumulative": false
    },
    {
        "date": "2020-09-11T14:14:07Z",
        "value": "1.615924184",
        "cumulative": false
    },
    {
        "date": "2020-09-11T14:14:22Z",
        "value": "1.608528948",
        "cumulative": false
    },
    {
        "date": "2020-09-11T14:14:38Z",
        "value": "1.607842956",
        "cumulative": false
    },
    {
        "date": "2020-09-11T14:14:54Z",
        "value": "1.617622845",
        "cumulative": false
    },
    {
        "date": "2020-09-11T14:15:06Z",
        "value": "1.657960271",
        "cumulative": false
    },
    {
        "date": "2020-09-11T14:15:20Z",
        "value": "1.60626209",
        "cumulative": false
    },
    {
        "date": "2020-09-11T14:15:35Z",
        "value": "1.614924358",
        "cumulative": false
    },
    {
        "date": "2020-09-11T14:15:45Z",
        "value": "1.613440691",
        "cumulative": false
    },
    {
        "date": "2020-09-11T14:16:00Z",
        "value": "1.618671263",
        "cumulative": false
    },
    {
        "date": "2020-09-11T14:16:17Z",
        "value": "1.611829114",
        "cumulative": false
    },
    {
        "date": "2020-09-11T14:16:30Z",
        "value": "1.608465811",
        "cumulative": false
    },
    {
        "date": "2020-09-11T14:16:40Z",
        "value": "1.646589345",
        "cumulative": false
    },
    {
        "date": "2020-09-11T14:16:57Z",
        "value": "1.639790873",
        "cumulative": false
    },
    {
        "date": "2020-09-11T14:17:12Z",
        "value": "1.569635101",
        "cumulative": false
    },
    {
        "date": "2020-09-11T14:17:29Z",
        "value": "1.413549288",
        "cumulative": false
    },
    {
        "date": "2020-09-11T14:17:46Z",
        "value": "1.440115867",
        "cumulative": false
    },
    {
        "date": "2020-09-11T14:18:00Z",
        "value": "1.370544658",
        "cumulative": false
    },
    {
        "date": "2020-09-11T14:18:17Z",
        "value": "1.424762407",
        "cumulative": false
    },
    {
        "date": "2020-09-11T14:18:37Z",
        "value": "1.42266483",
        "cumulative": false
    },
    {
        "date": "2020-09-11T14:18:50Z",
        "value": "1.394920035",
        "cumulative": false
    },
    {
        "date": "2020-09-11T14:19:04Z",
        "value": "1.431174235",
        "cumulative": false
    },
    {
        "date": "2020-09-11T14:19:17Z",
        "value": "1.388304764",
        "cumulative": false
    },
    {
        "date": "2020-09-11T14:19:30Z",
        "value": "1.436292128",
        "cumulative": false
    },
    {
        "date": "2020-09-11T14:19:43Z",
        "value": "1.390266989",
        "cumulative": false
    },
    {
        "date": "2020-09-11T14:19:56Z",
        "value": "1.452945888",
        "cumulative": false
    },
    {
        "date": "2020-09-11T14:20:14Z",
        "value": "1.38956107",
        "cumulative": false
    },
    {
        "date": "2020-09-11T14:20:27Z",
        "value": "1.435897836",
        "cumulative": false
    },
    {
        "date": "2020-09-11T14:20:38Z",
        "value": "1.391282661",
        "cumulative": false
    },
    {
        "date": "2020-09-11T14:20:48Z",
        "value": "1.448383598",
        "cumulative": false
    },
    {
        "date": "2020-09-11T14:21:05Z",
        "value": "1.406452888",
        "cumulative": false
    },
    {
        "date": "2020-09-11T14:21:24Z",
        "value": "0.21720822",
        "cumulative": false
    },
    {
        "date": "2020-09-11T14:21:42Z",
        "value": "0.0",
        "cumulative": false
    },
    {
        "date": "2020-09-11T14:22:11Z",
        "value": "0.0",
        "cumulative": false
    },
    {
        "date": "2020-09-11T14:22:26Z",
        "value": "0.0",
        "cumulative": false
    },
    {
        "date": "2020-09-11T14:22:45Z",
        "value": "0.0",
        "cumulative": false
    },
    {
        "date": "2020-09-11T14:23:03Z",
        "value": "0.0",
        "cumulative": false
    },
    {
        "date": "2020-09-11T14:23:19Z",
        "value": "0.0",
        "cumulative": false
    },
    {
        "date": "2020-09-11T14:23:38Z",
        "value": "0.0",
        "cumulative": false
    },
    {
        "date": "2020-09-11T14:24:05Z",
        "value": "0.0",
        "cumulative": false
    },
    {
        "date": "2020-09-11T14:24:19Z",
        "value": "0.0",
        "cumulative": false
    },
    {
        "date": "2020-09-11T14:24:47Z",
        "value": "0.0",
        "cumulative": false
    },
    {
        "date": "2020-09-11T14:25:07Z",
        "value": "0.0",
        "cumulative": false
    },
    {
        "date": "2020-09-11T14:25:23Z",
        "value": "0.0",
        "cumulative": false
    },
    {
        "date": "2020-09-11T14:25:35Z",
        "value": "0.0",
        "cumulative": false
    },
    {
        "date": "2020-09-11T14:25:56Z",
        "value": "0.0",
        "cumulative": false
    },
    {
        "date": "2020-09-11T14:26:15Z",
        "value": "0.0",
        "cumulative": false
    },
    {
        "date": "2020-09-11T14:26:34Z",
        "value": "0.0",
        "cumulative": false
    },
    {
        "date": "2020-09-11T14:26:54Z",
        "value": "0.0",
        "cumulative": false
    },
    {
        "date": "2020-09-11T14:27:10Z",
        "value": "0.0",
        "cumulative": false
    },
    {
        "date": "2020-09-11T14:27:23Z",
        "value": "0.0",
        "cumulative": false
    },
    {
        "date": "2020-09-11T14:27:44Z",
        "value": "0.0",
        "cumulative": false
    },
    {
        "date": "2020-09-11T14:27:54Z",
        "value": "0.0",
        "cumulative": false
    },
    {
        "date": "2020-09-11T14:28:14Z",
        "value": "0.0",
        "cumulative": false
    },
    {
        "date": "2020-09-11T14:28:27Z",
        "value": "0.0",
        "cumulative": false
    },
    {
        "date": "2020-09-11T14:28:51Z",
        "value": "0.0",
        "cumulative": false
    },
    {
        "date": "2020-09-11T14:29:10Z",
        "value": "0.0",
        "cumulative": false
    },
    {
        "date": "2020-09-11T14:29:28Z",
        "value": "0.0",
        "cumulative": false
    },
    {
        "date": "2020-09-11T14:29:42Z",
        "value": "0.0",
        "cumulative": false
    },
    {
        "date": "2020-09-11T14:30:10Z",
        "value": "0.0",
        "cumulative": false
    },
    {
        "date": "2020-09-11T14:30:25Z",
        "value": "0.0",
        "cumulative": false
    },
    {
        "date": "2020-09-11T14:30:43Z",
        "value": "0.0",
        "cumulative": false
    },
    {
        "date": "2020-09-11T14:31:00Z",
        "value": "0.0",
        "cumulative": false
    },
    {
        "date": "2020-09-11T14:31:29Z",
        "value": "0.0",
        "cumulative": false
    },
    {
        "date": "2020-09-11T14:31:41Z",
        "value": "0.0",
        "cumulative": false
    }
]