[
    {
        "date": "2020-09-11T13:42:03Z",
        "value": "0.019224667",
        "cumulative": false
    },
    {
        "date": "2020-09-11T13:42:20Z",
        "value": "0.266659632",
        "cumulative": false
    },
    {
        "date": "2020-09-11T13:42:38Z",
        "value": "1.896842505",
        "cumulative": false
    },
    {
        "date": "2020-09-11T13:42:53Z",
        "value": "2.167099336",
        "cumulative": false
    },
    {
        "date": "2020-09-11T13:43:08Z",
        "value": "2.056983495",
        "cumulative": false
    },
    {
        "date": "2020-09-11T13:43:20Z",
        "value": "1.938344428",
        "cumulative": false
    },
    {
        "date": "2020-09-11T13:43:33Z",
        "value": "1.894652929",
        "cumulative": false
    },
    {
        "date": "2020-09-11T13:43:52Z",
        "value": "1.878323658",
        "cumulative": false
    },
    {
        "date": "2020-09-11T13:44:03Z",
        "value": "1.84751739",
        "cumulative": false
    },
    {
        "date": "2020-09-11T13:44:19Z",
        "value": "1.854337931",
        "cumulative": false
    },
    {
        "date": "2020-09-11T13:44:37Z",
        "value": "1.804668946",
        "cumulative": false
    },
    {
        "date": "2020-09-11T13:44:49Z",
        "value": "1.759391251",
        "cumulative": false
    },
    {
        "date": "2020-09-11T13:44:59Z",
        "value": "1.777042561",
        "cumulative": false
    },
    {
        "date": "2020-09-11T13:45:11Z",
        "value": "1.833212285",
        "cumulative": false
    },
    {
        "date": "2020-09-11T13:45:25Z",
        "value": "1.714859909",
        "cumulative": false
    },
    {
        "date": "2020-09-11T13:45:37Z",
        "value": "1.797671814",
        "cumulative": false
    },
    {
        "date": "2020-09-11T13:45:56Z",
        "value": "1.749855316",
        "cumulative": false
    },
    {
        "date": "2020-09-11T13:46:09Z",
        "value": "1.718732992",
        "cumulative": false
    },
    {
        "date": "2020-09-11T13:46:24Z",
        "value": "1.714722874",
        "cumulative": false
    },
    {
        "date": "2020-09-11T13:46:36Z",
        "value": "1.709069084",
        "cumulative": false
    },
    {
        "date": "2020-09-11T13:46:56Z",
        "value": "1.645795455",
        "cumulative": false
    },
    {
        "date": "2020-09-11T13:47:13Z",
        "value": "1.689014775",
        "cumulative": false
    },
    {
        "date": "2020-09-11T13:47:25Z",
        "value": "1.713917442",
        "cumulative": false
    },
    {
        "date": "2020-09-11T13:47:38Z",
        "value": "1.683398602",
        "cumulative": false
    },
    {
        "date": "2020-09-11T13:47:56Z",
        "value": "1.625330116",
        "cumulative": false
    },
    {
        "date": "2020-09-11T13:48:07Z",
        "value": "1.620858085",
        "cumulative": false
    },
    {
        "date": "2020-09-11T13:48:20Z",
        "value": "1.680123586",
        "cumulative": false
    },
    {
        "date": "2020-09-11T13:48:38Z",
        "value": "1.686702767",
        "cumulative": false
    },
    {
        "date": "2020-09-11T13:48:53Z",
        "value": "1.682839317",
        "cumulative": false
    },
    {
        "date": "2020-09-11T13:49:08Z",
        "value": "1.660439508",
        "cumulative": false
    },
    {
        "date": "2020-09-11T13:49:22Z",
        "value": "1.641323704",
        "cumulative": false
    },
    {
        "date": "2020-09-11T13:49:35Z",
        "value": "1.613557582",
        "cumulative": false
    },
    {
        "date": "2020-09-11T13:49:47Z",
        "value": "1.668557966",
        "cumulative": false
    },
    {
        "date": "2020-09-11T13:49:58Z",
        "value": "1.707000372",
        "cumulative": false
    },
    {
        "date": "2020-09-11T13:50:11Z",
        "value": "1.711551509",
        "cumulative": false
    },
    {
        "date": "2020-09-11T13:50:25Z",
        "value": "1.701179687",
        "cumulative": false
    },
    {
        "date": "2020-09-11T13:50:40Z",
        "value": "1.629441268",
        "cumulative": false
    },
    {
        "date": "2020-09-11T13:50:58Z",
        "value": "1.597586019",
        "cumulative": false
    },
    {
        "date": "2020-09-11T13:51:16Z",
        "value": "1.598540144",
        "cumulative": false
    },
    {
        "date": "2020-09-11T13:51:27Z",
        "value": "1.531088658",
        "cumulative": false
    },
    {
        "date": "2020-09-11T13:51:40Z",
        "value": "1.382589456",
        "cumulative": false
    },
    {
        "date": "2020-09-11T13:51:55Z",
        "value": "1.398690251",
        "cumulative": false
    },
    {
        "date": "2020-09-11T13:52:09Z",
        "value": "1.408321459",
        "cumulative": false
    },
    {
        "date": "2020-09-11T13:52:25Z",
        "value": "1.399324708",
        "cumulative": false
    },
    {
        "date": "2020-09-11T13:52:40Z",
        "value": "1.575650898",
        "cumulative": false
    },
    {
        "date": "2020-09-11T13:52:51Z",
        "value": "1.58715989",
        "cumulative": false
    },
    {
        "date": "2020-09-11T13:53:02Z",
        "value": "1.608733677",
        "cumulative": false
    },
    {
        "date": "2020-09-11T13:53:16Z",
        "value": "1.622338608",
        "cumulative": false
    },
    {
        "date": "2020-09-11T13:53:34Z",
        "value": "1.585994624",
        "cumulative": false
    },
    {
        "date": "2020-09-11T13:53:44Z",
        "value": "1.530775774",
        "cumulative": false
    },
    {
        "date": "2020-09-11T13:54:03Z",
        "value": "1.388638004",
        "cumulative": false
    },
    {
        "date": "2020-09-11T13:54:13Z",
        "value": "1.389768284",
        "cumulative": false
    },
    {
        "date": "2020-09-11T13:54:28Z",
        "value": "1.416553641",
        "cumulative": false
    },
    {
        "date": "2020-09-11T13:54:46Z",
        "value": "1.396689273",
        "cumulative": false
    },
    {
        "date": "2020-09-11T13:54:58Z",
        "value": "1.386881563",
        "cumulative": false
    },
    {
        "date": "2020-09-11T13:55:14Z",
        "value": "1.624883844",
        "cumulative": false
    },
    {
        "date": "2020-09-11T13:55:29Z",
        "value": "1.630346179",
        "cumulative": false
    },
    {
        "date": "2020-09-11T13:55:40Z",
        "value": "1.627624274",
        "cumulative": false
    },
    {
        "date": "2020-09-11T13:55:52Z",
        "value": "1.61491559",
        "cumulative": false
    },
    {
        "date": "2020-09-11T13:56:04Z",
        "value": "1.642093745",
        "cumulative": false
    },
    {
        "date": "2020-09-11T13:56:23Z",
        "value": "1.630813864",
        "cumulative": false
    },
    {
        "date": "2020-09-11T13:56:38Z",
        "value": "1.614440733",
        "cumulative": false
    },
    {
        "date": "2020-09-11T13:56:56Z",
        "value": "1.401796882",
        "cumulative": false
    },
    {
        "date": "2020-09-11T13:57:08Z",
        "value": "1.407976448",
        "cumulative": false
    },
    {
        "date": "2020-09-11T13:57:27Z",
        "value": "1.415367009",
        "cumulative": false
    },
    {
        "date": "2020-09-11T13:57:40Z",
        "value": "1.432996033",
        "cumulative": false
    },
    {
        "date": "2020-09-11T13:57:53Z",
        "value": "1.403029681",
        "cumulative": false
    },
    {
        "date": "2020-09-11T13:58:04Z",
        "value": "1.422348489",
        "cumulative": false
    },
    {
        "date": "2020-09-11T13:58:14Z",
        "value": "1.418997191",
        "cumulative": false
    },
    {
        "date": "2020-09-11T13:58:28Z",
        "value": "1.554932817",
        "cumulative": false
    },
    {
        "date": "2020-09-11T13:58:48Z",
        "value": "1.631113651",
        "cumulative": false
    },
    {
        "date": "2020-09-11T13:59:01Z",
        "value": "1.614934036",
        "cumulative": false
    },
    {
        "date": "2020-09-11T13:59:11Z",
        "value": "1.619228448",
        "cumulative": false
    },
    {
        "date": "2020-09-11T13:59:26Z",
        "value": "1.616239617",
        "cumulative": false
    },
    {
        "date": "2020-09-11T13:59:39Z",
        "value": "1.593746615",
        "cumulative": false
    },
    {
        "date": "2020-09-11T13:59:50Z",
        "value": "1.628820047",
        "cumulative": false
    },
    {
        "date": "2020-09-11T14:00:04Z",
        "value": "1.587342152",
        "cumulative": false
    },
    {
        "date": "2020-09-11T14:00:22Z",
        "value": "1.516460835",
        "cumulative": false
    },
    {
        "date": "2020-09-11T14:00:37Z",
        "value": "1.386975413",
        "cumulative": false
    },
    {
        "date": "2020-09-11T14:00:49Z",
        "value": "1.392496378",
        "cumulative": false
    },
    {
        "date": "2020-09-11T14:01:07Z",
        "value": "1.383264158",
        "cumulative": false
    },
    {
        "date": "2020-09-11T14:01:25Z",
        "value": "1.380312313",
        "cumulative": false
    },
    {
        "date": "2020-09-11T14:01:44Z",
        "value": "1.388388245",
        "cumulative": false
    },
    {
        "date": "2020-09-11T14:02:01Z",
        "value": "1.409871315",
        "cumulative": false
    },
    {
        "date": "2020-09-11T14:02:18Z",
        "value": "1.385962906",
        "cumulative": false
    },
    {
        "date": "2020-09-11T14:02:37Z",
        "value": "1.611073425",
        "cumulative": false
    },
    {
        "date": "2020-09-11T14:02:54Z",
        "value": "1.622238649",
        "cumulative": false
    },
    {
        "date": "2020-09-11T14:03:08Z",
        "value": "1.61470735",
        "cumulative": false
    },
    {
        "date": "2020-09-11T14:03:19Z",
        "value": "1.61024719",
        "cumulative": false
    },
    {
        "date": "2020-09-11T14:03:35Z",
        "value": "1.611712724",
        "cumulative": false
    },
    {
        "date": "2020-09-11T14:03:47Z",
        "value": "1.579706881",
        "cumulative": false
    },
    {
        "date": "2020-09-11T14:04:00Z",
        "value": "1.624108033",
        "cumulative": false
    },
    {
        "date": "2020-09-11T14:04:15Z",
        "value": "1.602509753",
        "cumulative": false
    },
    {
        "date": "2020-09-11T14:04:26Z",
        "value": "1.600910746",
        "cumulative": false
    },
    {
        "date": "2020-09-11T14:04:39Z",
        "value": "1.621235475",
        "cumulative": false
    },
    {
        "date": "2020-09-11T14:04:56Z",
        "value": "1.43324701",
        "cumulative": false
    },
    {
        "date": "2020-09-11T14:05:12Z",
        "value": "1.393469479",
        "cumulative": false
    },
    {
        "date": "2020-09-11T14:05:30Z",
        "value": "1.383812336",
        "cumulative": false
    },
    {
        "date": "2020-09-11T14:05:43Z",
        "value": "1.414064176",
        "cumulative": false
    },
    {
        "date": "2020-09-11T14:05:54Z",
        "value": "1.382570252",
        "cumulative": false
    },
    {
        "date": "2020-09-11T14:06:14Z",
        "value": "1.379875894",
        "cumulative": false
    },
    {
        "date": "2020-09-11T14:06:24Z",
        "value": "1.380216994",
        "cumulative": false
    },
    {
        "date": "2020-09-11T14:06:43Z",
        "value": "1.377361466",
        "cumulative": false
    },
    {
        "date": "2020-09-11T14:07:02Z",
        "value": "1.407969184",
        "cumulative": false
    },
    {
        "date": "2020-09-11T14:07:12Z",
        "value": "1.378578088",
        "cumulative": false
    },
    {
        "date": "2020-09-11T14:07:29Z",
        "value": "1.49939153",
        "cumulative": false
    },
    {
        "date": "2020-09-11T14:07:39Z",
        "value": "1.601741938",
        "cumulative": false
    },
    {
        "date": "2020-09-11T14:07:50Z",
        "value": "1.597536316",
        "cumulative": false
    },
    {
        "date": "2020-09-11T14:08:01Z",
        "value": "1.604716775",
        "cumulative": false
    },
    {
        "date": "2020-09-11T14:08:20Z",
        "value": "1.586613003",
        "cumulative": false
    },
    {
        "date": "2020-09-11T14:08:31Z",
        "value": "1.618477769",
        "cumulative": false
    },
    {
        "date": "2020-09-11T14:08:45Z",
        "value": "1.589185636",
        "cumulative": false
    },
    {
        "date": "2020-09-11T14:09:04Z",
        "value": "1.589304679",
        "cumulative": false
    },
    {
        "date": "2020-09-11T14:09:20Z",
        "value": "1.610479938",
        "cumulative": false
    },
    {
        "date": "2020-09-11T14:09:33Z",
        "value": "1.611726218",
        "cumulative": false
    },
    {
        "date": "2020-09-11T14:09:49Z",
        "value": "1.596803807",
        "cumulative": false
    },
    {
        "date": "2020-09-11T14:10:04Z",
        "value": "1.597945468",
        "cumulative": false
    },
    {
        "date": "2020-09-11T14:10:18Z",
        "value": "1.545282016",
        "cumulative": false
    },
    {
        "date": "2020-09-11T14:10:37Z",
        "value": "1.35635901",
        "cumulative": false
    },
    {
        "date": "2020-09-11T14:10:55Z",
        "value": "1.396887872",
        "cumulative": false
    },
    {
        "date": "2020-09-11T14:11:06Z",
        "value": "1.349971119",
        "cumulative": false
    },
    {
        "date": "2020-09-11T14:11:23Z",
        "value": "1.388661681",
        "cumulative": false
    },
    {
        "date": "2020-09-11T14:11:35Z",
        "value": "1.353254721",
        "cumulative": false
    },
    {
        "date": "2020-09-11T14:11:53Z",
        "value": "1.391439148",
        "cumulative": false
    },
    {
        "date": "2020-09-11T14:12:10Z",
        "value": "1.357763427",
        "cumulative": false
    },
    {
        "date": "2020-09-11T14:12:27Z",
        "value": "1.355972048",
        "cumulative": false
    },
    {
        "date": "2020-09-11T14:12:44Z",
        "value": "1.374328807",
        "cumulative": false
    },
    {
        "date": "2020-09-11T14:12:54Z",
        "value": "1.409807146",
        "cumulative": false
    },
    {
        "date": "2020-09-11T14:13:07Z",
        "value": "1.348920752",
        "cumulative": false
    },
    {
        "date": "2020-09-11T14:13:19Z",
        "value": "1.39590615",
        "cumulative": false
    },
    {
        "date": "2020-09-11T14:13:30Z",
        "value": "1.417646279",
        "cumulative": false
    },
    {
        "date": "2020-09-11T14:13:44Z",
        "value": "1.59107966",
        "cumulative": false
    },
    {
        "date": "2020-09-11T14:13:59Z",
        "value": "1.570117464",
        "cumulative": false
    },
    {
        "date": "2020-09-11T14:14:09Z",
        "value": "1.635251759",
        "cumulative": false
    },
    {
        "date": "2020-09-11T14:14:25Z",
        "value": "1.56935122",
        "cumulative": false
    },
    {
        "date": "2020-09-11T14:14:42Z",
        "value": "1.58722125",
        "cumulative": false
    },
    {
        "date": "2020-09-11T14:14:57Z",
        "value": "1.618990853",
        "cumulative": false
    },
    {
        "date": "2020-09-11T14:15:11Z",
        "value": "1.618966524",
        "cumulative": false
    },
    {
        "date": "2020-09-11T14:15:30Z",
        "value": "1.583641381",
        "cumulative": false
    },
    {
        "date": "2020-09-11T14:15:43Z",
        "value": "1.569556597",
        "cumulative": false
    },
    {
        "date": "2020-09-11T14:16:03Z",
        "value": "1.590835862",
        "cumulative": false
    },
    {
        "date": "2020-09-11T14:16:19Z",
        "value": "1.573727513",
        "cumulative": false
    },
    {
        "date": "2020-09-11T14:16:31Z",
        "value": "1.623294289",
        "cumulative": false
    },
    {
        "date": "2020-09-11T14:16:43Z",
        "value": "1.563888508",
        "cumulative": false
    },
    {
        "date": "2020-09-11T14:16:58Z",
        "value": "1.630993099",
        "cumulative": false
    },
    {
        "date": "2020-09-11T14:17:14Z",
        "value": "1.515727788",
        "cumulative": false
    },
    {
        "date": "2020-09-11T14:17:33Z",
        "value": "1.365560625",
        "cumulative": false
    },
    {
        "date": "2020-09-11T14:17:47Z",
        "value": "1.378057837",
        "cumulative": false
    },
    {
        "date": "2020-09-11T14:18:05Z",
        "value": "1.349361646",
        "cumulative": false
    },
    {
        "date": "2020-09-11T14:18:16Z",
        "value": "1.397509726",
        "cumulative": false
    },
    {
        "date": "2020-09-11T14:18:35Z",
        "value": "1.365531324",
        "cumulative": false
    },
    {
        "date": "2020-09-11T14:18:49Z",
        "value": "1.417332713",
        "cumulative": false
    },
    {
        "date": "2020-09-11T14:19:05Z",
        "value": "1.361449908",
        "cumulative": false
    },
    {
        "date": "2020-09-11T14:19:19Z",
        "value": "1.345068141",
        "cumulative": false
    },
    {
        "date": "2020-09-11T14:19:33Z",
        "value": "1.362873207",
        "cumulative": false
    },
    {
        "date": "2020-09-11T14:19:43Z",
        "value": "1.361030269",
        "cumulative": false
    },
    {
        "date": "2020-09-11T14:19:58Z",
        "value": "1.387630283",
        "cumulative": false
    },
    {
        "date": "2020-09-11T14:20:16Z",
        "value": "1.336307862",
        "cumulative": false
    },
    {
        "date": "2020-09-11T14:20:30Z",
        "value": "1.373272721",
        "cumulative": false
    },
    {
        "date": "2020-09-11T14:20:43Z",
        "value": "1.34529494",
        "cumulative": false
    },
    {
        "date": "2020-09-11T14:20:56Z",
        "value": "1.385348888",
        "cumulative": false
    },
    {
        "date": "2020-09-11T14:21:08Z",
        "value": "1.367793803",
        "cumulative": false
    },
    {
        "date": "2020-09-11T14:21:27Z",
        "value": "0.025946145",
        "cumulative": false
    },
    {
        "date": "2020-09-11T14:21:38Z",
        "value": "0.0",
        "cumulative": false
    },
    {
        "date": "2020-09-11T14:21:52Z",
        "value": "0.0",
        "cumulative": false
    },
    {
        "date": "2020-09-11T14:22:13Z",
        "value": "0.0",
        "cumulative": false
    },
    {
        "date": "2020-09-11T14:22:27Z",
        "value": "0.0",
        "cumulative": false
    },
    {
        "date": "2020-09-11T14:22:54Z",
        "value": "0.0",
        "cumulative": false
    },
    {
        "date": "2020-09-11T14:23:06Z",
        "value": "0.0",
        "cumulative": false
    },
    {
        "date": "2020-09-11T14:23:23Z",
        "value": "0.0",
        "cumulative": false
    },
    {
        "date": "2020-09-11T14:23:36Z",
        "value": "0.0",
        "cumulative": false
    },
    {
        "date": "2020-09-11T14:24:04Z",
        "value": "0.0",
        "cumulative": false
    },
    {
        "date": "2020-09-11T14:24:23Z",
        "value": "0.0",
        "cumulative": false
    },
    {
        "date": "2020-09-11T14:24:46Z",
        "value": "0.0",
        "cumulative": false
    },
    {
        "date": "2020-09-11T14:24:57Z",
        "value": "0.0",
        "cumulative": false
    },
    {
        "date": "2020-09-11T14:25:19Z",
        "value": "0.0",
        "cumulative": false
    },
    {
        "date": "2020-09-11T14:25:39Z",
        "value": "0.0",
        "cumulative": false
    },
    {
        "date": "2020-09-11T14:25:58Z",
        "value": "0.0",
        "cumulative": false
    },
    {
        "date": "2020-09-11T14:26:11Z",
        "value": "0.0",
        "cumulative": false
    },
    {
        "date": "2020-09-11T14:26:41Z",
        "value": "0.0",
        "cumulative": false
    },
    {
        "date": "2020-09-11T14:26:57Z",
        "value": "0.0",
        "cumulative": false
    },
    {
        "date": "2020-09-11T14:27:21Z",
        "value": "0.0",
        "cumulative": false
    },
    {
        "date": "2020-09-11T14:27:37Z",
        "value": "0.0",
        "cumulative": false
    },
    {
        "date": "2020-09-11T14:27:53Z",
        "value": "0.0",
        "cumulative": false
    },
    {
        "date": "2020-09-11T14:28:06Z",
        "value": "0.0",
        "cumulative": false
    },
    {
        "date": "2020-09-11T14:28:29Z",
        "value": "0.0",
        "cumulative": false
    },
    {
        "date": "2020-09-11T14:28:46Z",
        "value": "0.0",
        "cumulative": false
    },
    {
        "date": "2020-09-11T14:29:03Z",
        "value": "0.0",
        "cumulative": false
    },
    {
        "date": "2020-09-11T14:29:19Z",
        "value": "0.0",
        "cumulative": false
    },
    {
        "date": "2020-09-11T14:29:46Z",
        "value": "0.0",
        "cumulative": false
    },
    {
        "date": "2020-09-11T14:30:02Z",
        "value": "0.0",
        "cumulative": false
    },
    {
        "date": "2020-09-11T14:30:17Z",
        "value": "0.0",
        "cumulative": false
    },
    {
        "date": "2020-09-11T14:30:27Z",
        "value": "0.0",
        "cumulative": false
    },
    {
        "date": "2020-09-11T14:30:55Z",
        "value": "0.0",
        "cumulative": false
    },
    {
        "date": "2020-09-11T14:31:13Z",
        "value": "0.0",
        "cumulative": false
    },
    {
        "date": "2020-09-11T14:31:29Z",
        "value": "0.0",
        "cumulative": false
    },
    {
        "date": "2020-09-11T14:31:46Z",
        "value": "0.0",
        "cumulative": false
    }
]