[
    {
        "date": "2020-09-11T13:42:01Z",
        "value": "0.0009593963623046875",
        "cumulative": true
    },
    {
        "date": "2020-09-11T13:42:19Z",
        "value": "0.0075283050537109375",
        "cumulative": true
    },
    {
        "date": "2020-09-11T13:42:33Z",
        "value": "101.49570083618164",
        "cumulative": true
    },
    {
        "date": "2020-09-11T13:42:52Z",
        "value": "2757.007779121399",
        "cumulative": true
    },
    {
        "date": "2020-09-11T13:43:04Z",
        "value": "4916.03048324585",
        "cumulative": true
    },
    {
        "date": "2020-09-11T13:43:23Z",
        "value": "8614.06815624237",
        "cumulative": true
    },
    {
        "date": "2020-09-11T13:43:39Z",
        "value": "11390.574869155884",
        "cumulative": true
    },
    {
        "date": "2020-09-11T13:43:57Z",
        "value": "14733.39764213562",
        "cumulative": true
    },
    {
        "date": "2020-09-11T13:44:17Z",
        "value": "18846.887628555298",
        "cumulative": true
    },
    {
        "date": "2020-09-11T13:44:34Z",
        "value": "22611.87245941162",
        "cumulative": true
    },
    {
        "date": "2020-09-11T13:44:47Z",
        "value": "25340.58854866028",
        "cumulative": true
    },
    {
        "date": "2020-09-11T13:44:59Z",
        "value": "28064.253586769104",
        "cumulative": true
    },
    {
        "date": "2020-09-11T13:45:15Z",
        "value": "31413.506380081177",
        "cumulative": true
    },
    {
        "date": "2020-09-11T13:45:28Z",
        "value": "34806.249608039856",
        "cumulative": true
    },
    {
        "date": "2020-09-11T13:45:40Z",
        "value": "36549.295395851135",
        "cumulative": true
    },
    {
        "date": "2020-09-11T13:45:51Z",
        "value": "39103.69724082947",
        "cumulative": true
    },
    {
        "date": "2020-09-11T13:46:07Z",
        "value": "43550.66081619263",
        "cumulative": true
    },
    {
        "date": "2020-09-11T13:46:18Z",
        "value": "45212.79171657562",
        "cumulative": true
    },
    {
        "date": "2020-09-11T13:46:31Z",
        "value": "46974.40066051483",
        "cumulative": true
    },
    {
        "date": "2020-09-11T13:46:44Z",
        "value": "50276.38198661804",
        "cumulative": true
    },
    {
        "date": "2020-09-11T13:46:56Z",
        "value": "53331.73662185669",
        "cumulative": true
    },
    {
        "date": "2020-09-11T13:47:14Z",
        "value": "56674.89556694031",
        "cumulative": true
    },
    {
        "date": "2020-09-11T13:47:30Z",
        "value": "58984.81042480469",
        "cumulative": true
    },
    {
        "date": "2020-09-11T13:47:47Z",
        "value": "62987.65853691101",
        "cumulative": true
    },
    {
        "date": "2020-09-11T13:48:03Z",
        "value": "67452.57061767578",
        "cumulative": true
    },
    {
        "date": "2020-09-11T13:48:14Z",
        "value": "70282.66562652588",
        "cumulative": true
    },
    {
        "date": "2020-09-11T13:48:26Z",
        "value": "71848.30590820312",
        "cumulative": true
    },
    {
        "date": "2020-09-11T13:48:44Z",
        "value": "74284.42532730103",
        "cumulative": true
    },
    {
        "date": "2020-09-11T13:49:00Z",
        "value": "78140.38364601135",
        "cumulative": true
    },
    {
        "date": "2020-09-11T13:49:17Z",
        "value": "82434.85510063171",
        "cumulative": true
    },
    {
        "date": "2020-09-11T13:49:29Z",
        "value": "85679.38570022583",
        "cumulative": true
    },
    {
        "date": "2020-09-11T13:49:41Z",
        "value": "88639.13774108887",
        "cumulative": true
    },
    {
        "date": "2020-09-11T13:49:53Z",
        "value": "90102.65188026428",
        "cumulative": true
    },
    {
        "date": "2020-09-11T13:50:05Z",
        "value": "91668.26076316833",
        "cumulative": true
    },
    {
        "date": "2020-09-11T13:50:17Z",
        "value": "93168.11922073364",
        "cumulative": true
    },
    {
        "date": "2020-09-11T13:50:29Z",
        "value": "94634.01140975952",
        "cumulative": true
    },
    {
        "date": "2020-09-11T13:50:39Z",
        "value": "97373.0381975174",
        "cumulative": true
    },
    {
        "date": "2020-09-11T13:50:58Z",
        "value": "103007.28217220306",
        "cumulative": true
    },
    {
        "date": "2020-09-11T13:51:09Z",
        "value": "106327.80116176605",
        "cumulative": true
    },
    {
        "date": "2020-09-11T13:51:20Z",
        "value": "109976.65795993805",
        "cumulative": true
    },
    {
        "date": "2020-09-11T13:51:36Z",
        "value": "112882.65426158905",
        "cumulative": true
    },
    {
        "date": "2020-09-11T13:51:48Z",
        "value": "114607.67255878448",
        "cumulative": true
    },
    {
        "date": "2020-09-11T13:52:04Z",
        "value": "116569.02449321747",
        "cumulative": true
    },
    {
        "date": "2020-09-11T13:52:19Z",
        "value": "118610.51906108856",
        "cumulative": true
    },
    {
        "date": "2020-09-11T13:52:33Z",
        "value": "121223.16431617737",
        "cumulative": true
    },
    {
        "date": "2020-09-11T13:52:46Z",
        "value": "124800.00714492798",
        "cumulative": true
    },
    {
        "date": "2020-09-11T13:53:00Z",
        "value": "128983.92311668396",
        "cumulative": true
    },
    {
        "date": "2020-09-11T13:53:18Z",
        "value": "134044.52998161316",
        "cumulative": true
    },
    {
        "date": "2020-09-11T13:53:31Z",
        "value": "138164.2284641266",
        "cumulative": true
    },
    {
        "date": "2020-09-11T13:53:48Z",
        "value": "141731.59828853607",
        "cumulative": true
    },
    {
        "date": "2020-09-11T13:54:05Z",
        "value": "144000.83609485626",
        "cumulative": true
    },
    {
        "date": "2020-09-11T13:54:21Z",
        "value": "146196.52477550507",
        "cumulative": true
    },
    {
        "date": "2020-09-11T13:54:33Z",
        "value": "147767.6198568344",
        "cumulative": true
    },
    {
        "date": "2020-09-11T13:54:48Z",
        "value": "149761.15972995758",
        "cumulative": true
    },
    {
        "date": "2020-09-11T13:54:59Z",
        "value": "151267.88755226135",
        "cumulative": true
    },
    {
        "date": "2020-09-11T13:55:10Z",
        "value": "154150.06084251404",
        "cumulative": true
    },
    {
        "date": "2020-09-11T13:55:20Z",
        "value": "157065.29161262512",
        "cumulative": true
    },
    {
        "date": "2020-09-11T13:55:31Z",
        "value": "159976.87305641174",
        "cumulative": true
    },
    {
        "date": "2020-09-11T13:55:47Z",
        "value": "164371.2761554718",
        "cumulative": true
    },
    {
        "date": "2020-09-11T13:56:01Z",
        "value": "168292.95635795593",
        "cumulative": true
    },
    {
        "date": "2020-09-11T13:56:16Z",
        "value": "172495.810131073",
        "cumulative": true
    },
    {
        "date": "2020-09-11T13:56:32Z",
        "value": "176663.3329410553",
        "cumulative": true
    },
    {
        "date": "2020-09-11T13:56:43Z",
        "value": "178632.37503910065",
        "cumulative": true
    },
    {
        "date": "2020-09-11T13:56:54Z",
        "value": "180104.15112018585",
        "cumulative": true
    },
    {
        "date": "2020-09-11T13:57:10Z",
        "value": "182205.1024198532",
        "cumulative": true
    },
    {
        "date": "2020-09-11T13:57:21Z",
        "value": "183528.03767871857",
        "cumulative": true
    },
    {
        "date": "2020-09-11T13:57:35Z",
        "value": "185404.6432981491",
        "cumulative": true
    },
    {
        "date": "2020-09-11T13:57:54Z",
        "value": "187780.92441272736",
        "cumulative": true
    },
    {
        "date": "2020-09-11T13:58:06Z",
        "value": "189475.33087825775",
        "cumulative": true
    },
    {
        "date": "2020-09-11T13:58:18Z",
        "value": "190995.48403930664",
        "cumulative": true
    },
    {
        "date": "2020-09-11T13:58:34Z",
        "value": "195623.7413444519",
        "cumulative": true
    },
    {
        "date": "2020-09-11T13:58:48Z",
        "value": "199468.7796497345",
        "cumulative": true
    },
    {
        "date": "2020-09-11T13:58:58Z",
        "value": "202440.3161907196",
        "cumulative": true
    },
    {
        "date": "2020-09-11T13:59:12Z",
        "value": "206297.43597984314",
        "cumulative": true
    },
    {
        "date": "2020-09-11T13:59:26Z",
        "value": "210332.8796901703",
        "cumulative": true
    },
    {
        "date": "2020-09-11T13:59:36Z",
        "value": "213691.5983467102",
        "cumulative": true
    },
    {
        "date": "2020-09-11T13:59:48Z",
        "value": "216859.6196346283",
        "cumulative": true
    },
    {
        "date": "2020-09-11T14:00:05Z",
        "value": "222029.60132026672",
        "cumulative": true
    },
    {
        "date": "2020-09-11T14:00:16Z",
        "value": "224720.2187757492",
        "cumulative": true
    },
    {
        "date": "2020-09-11T14:00:36Z",
        "value": "227399.8745470047",
        "cumulative": true
    },
    {
        "date": "2020-09-11T14:00:49Z",
        "value": "229180.3775587082",
        "cumulative": true
    },
    {
        "date": "2020-09-11T14:01:01Z",
        "value": "230749.3221464157",
        "cumulative": true
    },
    {
        "date": "2020-09-11T14:01:16Z",
        "value": "232763.7060136795",
        "cumulative": true
    },
    {
        "date": "2020-09-11T14:01:32Z",
        "value": "234997.49342250824",
        "cumulative": true
    },
    {
        "date": "2020-09-11T14:01:51Z",
        "value": "237597.48993206024",
        "cumulative": true
    },
    {
        "date": "2020-09-11T14:02:09Z",
        "value": "239953.05430698395",
        "cumulative": true
    },
    {
        "date": "2020-09-11T14:02:21Z",
        "value": "241983.0724515915",
        "cumulative": true
    },
    {
        "date": "2020-09-11T14:02:36Z",
        "value": "246488.73897838593",
        "cumulative": true
    },
    {
        "date": "2020-09-11T14:02:50Z",
        "value": "250338.38894748688",
        "cumulative": true
    },
    {
        "date": "2020-09-11T14:03:07Z",
        "value": "255325.241106987",
        "cumulative": true
    },
    {
        "date": "2020-09-11T14:03:20Z",
        "value": "259179.1836900711",
        "cumulative": true
    },
    {
        "date": "2020-09-11T14:03:34Z",
        "value": "263094.22640132904",
        "cumulative": true
    },
    {
        "date": "2020-09-11T14:03:46Z",
        "value": "266662.65796756744",
        "cumulative": true
    },
    {
        "date": "2020-09-11T14:03:58Z",
        "value": "270172.53489398956",
        "cumulative": true
    },
    {
        "date": "2020-09-11T14:04:14Z",
        "value": "274913.1351881027",
        "cumulative": true
    },
    {
        "date": "2020-09-11T14:04:27Z",
        "value": "278681.7746591568",
        "cumulative": true
    },
    {
        "date": "2020-09-11T14:04:39Z",
        "value": "282139.5032968521",
        "cumulative": true
    },
    {
        "date": "2020-09-11T14:04:50Z",
        "value": "284223.6660194397",
        "cumulative": true
    },
    {
        "date": "2020-09-11T14:05:07Z",
        "value": "286586.92569732666",
        "cumulative": true
    },
    {
        "date": "2020-09-11T14:05:20Z",
        "value": "288329.3892211914",
        "cumulative": true
    },
    {
        "date": "2020-09-11T14:05:33Z",
        "value": "290099.1453971863",
        "cumulative": true
    },
    {
        "date": "2020-09-11T14:05:48Z",
        "value": "291998.17437553406",
        "cumulative": true
    },
    {
        "date": "2020-09-11T14:06:01Z",
        "value": "293895.7324542999",
        "cumulative": true
    },
    {
        "date": "2020-09-11T14:06:20Z",
        "value": "296441.5269012451",
        "cumulative": true
    },
    {
        "date": "2020-09-11T14:06:39Z",
        "value": "298966.952085495",
        "cumulative": true
    },
    {
        "date": "2020-09-11T14:06:50Z",
        "value": "300508.4660282135",
        "cumulative": true
    },
    {
        "date": "2020-09-11T14:07:08Z",
        "value": "302983.08867836",
        "cumulative": true
    },
    {
        "date": "2020-09-11T14:07:23Z",
        "value": "305547.28603076935",
        "cumulative": true
    },
    {
        "date": "2020-09-11T14:07:35Z",
        "value": "309253.41151332855",
        "cumulative": true
    },
    {
        "date": "2020-09-11T14:07:53Z",
        "value": "314674.9250497818",
        "cumulative": true
    },
    {
        "date": "2020-09-11T14:08:06Z",
        "value": "318443.0099992752",
        "cumulative": true
    },
    {
        "date": "2020-09-11T14:08:16Z",
        "value": "321509.6821870804",
        "cumulative": true
    },
    {
        "date": "2020-09-11T14:08:26Z",
        "value": "324695.0009813309",
        "cumulative": true
    },
    {
        "date": "2020-09-11T14:08:45Z",
        "value": "330554.73869228363",
        "cumulative": true
    },
    {
        "date": "2020-09-11T14:08:58Z",
        "value": "334286.3745031357",
        "cumulative": true
    },
    {
        "date": "2020-09-11T14:09:16Z",
        "value": "339590.45134067535",
        "cumulative": true
    },
    {
        "date": "2020-09-11T14:09:30Z",
        "value": "343885.6473054886",
        "cumulative": true
    },
    {
        "date": "2020-09-11T14:09:41Z",
        "value": "347364.5662050247",
        "cumulative": true
    },
    {
        "date": "2020-09-11T14:09:53Z",
        "value": "350814.946808815",
        "cumulative": true
    },
    {
        "date": "2020-09-11T14:10:10Z",
        "value": "356140.32960033417",
        "cumulative": true
    },
    {
        "date": "2020-09-11T14:10:24Z",
        "value": "358891.28206062317",
        "cumulative": true
    },
    {
        "date": "2020-09-11T14:10:36Z",
        "value": "360571.69260787964",
        "cumulative": true
    },
    {
        "date": "2020-09-11T14:10:50Z",
        "value": "362527.4161014557",
        "cumulative": true
    },
    {
        "date": "2020-09-11T14:11:04Z",
        "value": "364390.0260696411",
        "cumulative": true
    },
    {
        "date": "2020-09-11T14:11:15Z",
        "value": "365988.20974731445",
        "cumulative": true
    },
    {
        "date": "2020-09-11T14:11:32Z",
        "value": "368390.2111759186",
        "cumulative": true
    },
    {
        "date": "2020-09-11T14:11:46Z",
        "value": "370255.1472206116",
        "cumulative": true
    },
    {
        "date": "2020-09-11T14:12:01Z",
        "value": "372385.70013809204",
        "cumulative": true
    },
    {
        "date": "2020-09-11T14:12:14Z",
        "value": "374251.4355068207",
        "cumulative": true
    },
    {
        "date": "2020-09-11T14:12:32Z",
        "value": "376655.10290908813",
        "cumulative": true
    },
    {
        "date": "2020-09-11T14:12:48Z",
        "value": "378812.30617141724",
        "cumulative": true
    },
    {
        "date": "2020-09-11T14:13:04Z",
        "value": "381199.71109962463",
        "cumulative": true
    },
    {
        "date": "2020-09-11T14:13:22Z",
        "value": "383595.60765075684",
        "cumulative": true
    },
    {
        "date": "2020-09-11T14:13:36Z",
        "value": "387090.52082538605",
        "cumulative": true
    },
    {
        "date": "2020-09-11T14:13:48Z",
        "value": "390528.9602251053",
        "cumulative": true
    },
    {
        "date": "2020-09-11T14:14:00Z",
        "value": "394197.21489429474",
        "cumulative": true
    },
    {
        "date": "2020-09-11T14:14:15Z",
        "value": "398690.65466213226",
        "cumulative": true
    },
    {
        "date": "2020-09-11T14:14:28Z",
        "value": "403105.92497730255",
        "cumulative": true
    },
    {
        "date": "2020-09-11T14:14:45Z",
        "value": "407949.87718868256",
        "cumulative": true
    },
    {
        "date": "2020-09-11T14:15:02Z",
        "value": "413309.8177537918",
        "cumulative": true
    },
    {
        "date": "2020-09-11T14:15:17Z",
        "value": "417620.42211818695",
        "cumulative": true
    },
    {
        "date": "2020-09-11T14:15:32Z",
        "value": "422204.7588338852",
        "cumulative": true
    },
    {
        "date": "2020-09-11T14:15:49Z",
        "value": "427758.10021686554",
        "cumulative": true
    },
    {
        "date": "2020-09-11T14:16:08Z",
        "value": "433466.54807949066",
        "cumulative": true
    },
    {
        "date": "2020-09-11T14:16:26Z",
        "value": "438856.27122974396",
        "cumulative": true
    },
    {
        "date": "2020-09-11T14:16:42Z",
        "value": "443860.47498607635",
        "cumulative": true
    },
    {
        "date": "2020-09-11T14:16:57Z",
        "value": "448401.38320064545",
        "cumulative": true
    },
    {
        "date": "2020-09-11T14:17:08Z",
        "value": "451632.80584430695",
        "cumulative": true
    },
    {
        "date": "2020-09-11T14:17:26Z",
        "value": "453989.60715579987",
        "cumulative": true
    },
    {
        "date": "2020-09-11T14:17:38Z",
        "value": "455675.2896242142",
        "cumulative": true
    },
    {
        "date": "2020-09-11T14:17:56Z",
        "value": "458370.59780597687",
        "cumulative": true
    },
    {
        "date": "2020-09-11T14:18:11Z",
        "value": "460386.7210416794",
        "cumulative": true
    },
    {
        "date": "2020-09-11T14:18:22Z",
        "value": "461767.9254999161",
        "cumulative": true
    },
    {
        "date": "2020-09-11T14:18:42Z",
        "value": "464774.3611764908",
        "cumulative": true
    },
    {
        "date": "2020-09-11T14:18:57Z",
        "value": "466792.9906396866",
        "cumulative": true
    },
    {
        "date": "2020-09-11T14:19:16Z",
        "value": "469485.6165113449",
        "cumulative": true
    },
    {
        "date": "2020-09-11T14:19:33Z",
        "value": "471852.10321331024",
        "cumulative": true
    },
    {
        "date": "2020-09-11T14:19:44Z",
        "value": "473431.7701539993",
        "cumulative": true
    },
    {
        "date": "2020-09-11T14:20:00Z",
        "value": "475614.47703266144",
        "cumulative": true
    },
    {
        "date": "2020-09-11T14:20:14Z",
        "value": "477556.8409948349",
        "cumulative": true
    },
    {
        "date": "2020-09-11T14:20:25Z",
        "value": "479246.80016613007",
        "cumulative": true
    },
    {
        "date": "2020-09-11T14:20:39Z",
        "value": "481265.4322118759",
        "cumulative": true
    },
    {
        "date": "2020-09-11T14:20:55Z",
        "value": "483369.1166410446",
        "cumulative": true
    },
    {
        "date": "2020-09-11T14:21:08Z",
        "value": "485308.7237100601",
        "cumulative": true
    },
    {
        "date": "2020-09-11T14:21:20Z",
        "value": "485308.7248430252",
        "cumulative": true
    },
    {
        "date": "2020-09-11T14:21:38Z",
        "value": "485308.7248430252",
        "cumulative": true
    },
    {
        "date": "2020-09-11T14:21:55Z",
        "value": "485308.7248430252",
        "cumulative": true
    },
    {
        "date": "2020-09-11T14:22:05Z",
        "value": "485308.7248430252",
        "cumulative": true
    },
    {
        "date": "2020-09-11T14:22:27Z",
        "value": "485308.7248430252",
        "cumulative": true
    },
    {
        "date": "2020-09-11T14:22:43Z",
        "value": "485308.7248430252",
        "cumulative": true
    },
    {
        "date": "2020-09-11T14:23:11Z",
        "value": "485308.7248430252",
        "cumulative": true
    },
    {
        "date": "2020-09-11T14:23:28Z",
        "value": "485308.7248430252",
        "cumulative": true
    },
    {
        "date": "2020-09-11T14:23:54Z",
        "value": "485308.7248430252",
        "cumulative": true
    },
    {
        "date": "2020-09-11T14:24:09Z",
        "value": "485308.7248430252",
        "cumulative": true
    },
    {
        "date": "2020-09-11T14:24:37Z",
        "value": "485308.7248430252",
        "cumulative": true
    },
    {
        "date": "2020-09-11T14:24:53Z",
        "value": "485308.7248430252",
        "cumulative": true
    },
    {
        "date": "2020-09-11T14:25:22Z",
        "value": "485308.7248430252",
        "cumulative": true
    },
    {
        "date": "2020-09-11T14:25:36Z",
        "value": "485308.7248430252",
        "cumulative": true
    },
    {
        "date": "2020-09-11T14:26:04Z",
        "value": "485308.7248430252",
        "cumulative": true
    },
    {
        "date": "2020-09-11T14:26:17Z",
        "value": "485308.7248430252",
        "cumulative": true
    },
    {
        "date": "2020-09-11T14:26:45Z",
        "value": "485308.7248430252",
        "cumulative": true
    },
    {
        "date": "2020-09-11T14:27:03Z",
        "value": "485308.7248430252",
        "cumulative": true
    },
    {
        "date": "2020-09-11T14:27:32Z",
        "value": "485308.7248430252",
        "cumulative": true
    },
    {
        "date": "2020-09-11T14:27:44Z",
        "value": "485308.7248430252",
        "cumulative": true
    },
    {
        "date": "2020-09-11T14:27:59Z",
        "value": "485308.7248430252",
        "cumulative": true
    },
    {
        "date": "2020-09-11T14:28:10Z",
        "value": "485308.7248430252",
        "cumulative": true
    },
    {
        "date": "2020-09-11T14:28:36Z",
        "value": "485308.7248430252",
        "cumulative": true
    },
    {
        "date": "2020-09-11T14:28:55Z",
        "value": "485308.7248430252",
        "cumulative": true
    },
    {
        "date": "2020-09-11T14:29:17Z",
        "value": "485308.7248430252",
        "cumulative": true
    },
    {
        "date": "2020-09-11T14:29:37Z",
        "value": "485308.7248430252",
        "cumulative": true
    },
    {
        "date": "2020-09-11T14:30:05Z",
        "value": "485308.7248430252",
        "cumulative": true
    },
    {
        "date": "2020-09-11T14:30:21Z",
        "value": "485308.7248430252",
        "cumulative": true
    },
    {
        "date": "2020-09-11T14:30:50Z",
        "value": "485308.7248430252",
        "cumulative": true
    },
    {
        "date": "2020-09-11T14:31:06Z",
        "value": "485308.7248430252",
        "cumulative": true
    },
    {
        "date": "2020-09-11T14:31:28Z",
        "value": "485308.7248430252",
        "cumulative": true
    },
    {
        "date": "2020-09-11T14:31:46Z",
        "value": "485308.7248430252",
        "cumulative": true
    }
]