[
    {
        "date": "2020-09-11T13:42:03Z",
        "value": "2.65234375",
        "cumulative": false
    },
    {
        "date": "2020-09-11T13:42:20Z",
        "value": "1195.33984375",
        "cumulative": false
    },
    {
        "date": "2020-09-11T13:42:38Z",
        "value": "1196.65625",
        "cumulative": false
    },
    {
        "date": "2020-09-11T13:42:53Z",
        "value": "1199.66796875",
        "cumulative": false
    },
    {
        "date": "2020-09-11T13:43:08Z",
        "value": "1202.9296875",
        "cumulative": false
    },
    {
        "date": "2020-09-11T13:43:20Z",
        "value": "1204.71875",
        "cumulative": false
    },
    {
        "date": "2020-09-11T13:43:33Z",
        "value": "1206.9921875",
        "cumulative": false
    },
    {
        "date": "2020-09-11T13:43:52Z",
        "value": "1213.54296875",
        "cumulative": false
    },
    {
        "date": "2020-09-11T13:44:03Z",
        "value": "1213.45703125",
        "cumulative": false
    },
    {
        "date": "2020-09-11T13:44:19Z",
        "value": "1218.0234375",
        "cumulative": false
    },
    {
        "date": "2020-09-11T13:44:37Z",
        "value": "1223.8828125",
        "cumulative": false
    },
    {
        "date": "2020-09-11T13:44:49Z",
        "value": "1223.90234375",
        "cumulative": false
    },
    {
        "date": "2020-09-11T13:44:59Z",
        "value": "1231.046875",
        "cumulative": false
    },
    {
        "date": "2020-09-11T13:45:11Z",
        "value": "1231.046875",
        "cumulative": false
    },
    {
        "date": "2020-09-11T13:45:25Z",
        "value": "1231.046875",
        "cumulative": false
    },
    {
        "date": "2020-09-11T13:45:37Z",
        "value": "1240.26953125",
        "cumulative": false
    },
    {
        "date": "2020-09-11T13:45:56Z",
        "value": "1240.26953125",
        "cumulative": false
    },
    {
        "date": "2020-09-11T13:46:09Z",
        "value": "1214.69921875",
        "cumulative": false
    },
    {
        "date": "2020-09-11T13:46:24Z",
        "value": "1214.70703125",
        "cumulative": false
    },
    {
        "date": "2020-09-11T13:46:36Z",
        "value": "1214.70703125",
        "cumulative": false
    },
    {
        "date": "2020-09-11T13:46:56Z",
        "value": "1214.70703125",
        "cumulative": false
    },
    {
        "date": "2020-09-11T13:47:13Z",
        "value": "1219.6171875",
        "cumulative": false
    },
    {
        "date": "2020-09-11T13:47:25Z",
        "value": "1219.6171875",
        "cumulative": false
    },
    {
        "date": "2020-09-11T13:47:38Z",
        "value": "1219.640625",
        "cumulative": false
    },
    {
        "date": "2020-09-11T13:47:56Z",
        "value": "1219.578125",
        "cumulative": false
    },
    {
        "date": "2020-09-11T13:48:07Z",
        "value": "1219.5703125",
        "cumulative": false
    },
    {
        "date": "2020-09-11T13:48:20Z",
        "value": "1225.80859375",
        "cumulative": false
    },
    {
        "date": "2020-09-11T13:48:38Z",
        "value": "1284.98828125",
        "cumulative": false
    },
    {
        "date": "2020-09-11T13:48:53Z",
        "value": "1297.02734375",
        "cumulative": false
    },
    {
        "date": "2020-09-11T13:49:08Z",
        "value": "1278.30859375",
        "cumulative": false
    },
    {
        "date": "2020-09-11T13:49:22Z",
        "value": "1225.71875",
        "cumulative": false
    },
    {
        "date": "2020-09-11T13:49:35Z",
        "value": "1228.375",
        "cumulative": false
    },
    {
        "date": "2020-09-11T13:49:47Z",
        "value": "1266.0546875",
        "cumulative": false
    },
    {
        "date": "2020-09-11T13:49:58Z",
        "value": "1232.98828125",
        "cumulative": false
    },
    {
        "date": "2020-09-11T13:50:11Z",
        "value": "1225.765625",
        "cumulative": false
    },
    {
        "date": "2020-09-11T13:50:25Z",
        "value": "1225.8359375",
        "cumulative": false
    },
    {
        "date": "2020-09-11T13:50:40Z",
        "value": "1230.56640625",
        "cumulative": false
    },
    {
        "date": "2020-09-11T13:50:58Z",
        "value": "1273.71875",
        "cumulative": false
    },
    {
        "date": "2020-09-11T13:51:16Z",
        "value": "1320.06640625",
        "cumulative": false
    },
    {
        "date": "2020-09-11T13:51:27Z",
        "value": "1225.82421875",
        "cumulative": false
    },
    {
        "date": "2020-09-11T13:51:40Z",
        "value": "1273.0078125",
        "cumulative": false
    },
    {
        "date": "2020-09-11T13:51:55Z",
        "value": "1225.76953125",
        "cumulative": false
    },
    {
        "date": "2020-09-11T13:52:09Z",
        "value": "1349.00390625",
        "cumulative": false
    },
    {
        "date": "2020-09-11T13:52:25Z",
        "value": "1225.828125",
        "cumulative": false
    },
    {
        "date": "2020-09-11T13:52:40Z",
        "value": "1238.1484375",
        "cumulative": false
    },
    {
        "date": "2020-09-11T13:52:51Z",
        "value": "1225.8359375",
        "cumulative": false
    },
    {
        "date": "2020-09-11T13:53:02Z",
        "value": "1269.64453125",
        "cumulative": false
    },
    {
        "date": "2020-09-11T13:53:16Z",
        "value": "1225.71875",
        "cumulative": false
    },
    {
        "date": "2020-09-11T13:53:34Z",
        "value": "1225.82421875",
        "cumulative": false
    },
    {
        "date": "2020-09-11T13:53:44Z",
        "value": "1225.75",
        "cumulative": false
    },
    {
        "date": "2020-09-11T13:54:03Z",
        "value": "1377.1875",
        "cumulative": false
    },
    {
        "date": "2020-09-11T13:54:13Z",
        "value": "1225.7421875",
        "cumulative": false
    },
    {
        "date": "2020-09-11T13:54:28Z",
        "value": "1394.87109375",
        "cumulative": false
    },
    {
        "date": "2020-09-11T13:54:46Z",
        "value": "1390.34765625",
        "cumulative": false
    },
    {
        "date": "2020-09-11T13:54:58Z",
        "value": "1225.71875",
        "cumulative": false
    },
    {
        "date": "2020-09-11T13:55:14Z",
        "value": "1286.05859375",
        "cumulative": false
    },
    {
        "date": "2020-09-11T13:55:29Z",
        "value": "1225.80859375",
        "cumulative": false
    },
    {
        "date": "2020-09-11T13:55:40Z",
        "value": "1271.80859375",
        "cumulative": false
    },
    {
        "date": "2020-09-11T13:55:52Z",
        "value": "1318.68359375",
        "cumulative": false
    },
    {
        "date": "2020-09-11T13:56:04Z",
        "value": "1315.40234375",
        "cumulative": false
    },
    {
        "date": "2020-09-11T13:56:23Z",
        "value": "1225.77734375",
        "cumulative": false
    },
    {
        "date": "2020-09-11T13:56:38Z",
        "value": "1307.95703125",
        "cumulative": false
    },
    {
        "date": "2020-09-11T13:56:56Z",
        "value": "1391.82421875",
        "cumulative": false
    },
    {
        "date": "2020-09-11T13:57:08Z",
        "value": "1408.01171875",
        "cumulative": false
    },
    {
        "date": "2020-09-11T13:57:27Z",
        "value": "1395.96484375",
        "cumulative": false
    },
    {
        "date": "2020-09-11T13:57:40Z",
        "value": "1306.6953125",
        "cumulative": false
    },
    {
        "date": "2020-09-11T13:57:53Z",
        "value": "1225.77734375",
        "cumulative": false
    },
    {
        "date": "2020-09-11T13:58:04Z",
        "value": "1225.82421875",
        "cumulative": false
    },
    {
        "date": "2020-09-11T13:58:14Z",
        "value": "1225.73046875",
        "cumulative": false
    },
    {
        "date": "2020-09-11T13:58:28Z",
        "value": "1399.3515625",
        "cumulative": false
    },
    {
        "date": "2020-09-11T13:58:48Z",
        "value": "1225.76953125",
        "cumulative": false
    },
    {
        "date": "2020-09-11T13:59:01Z",
        "value": "1225.8046875",
        "cumulative": false
    },
    {
        "date": "2020-09-11T13:59:11Z",
        "value": "1399.2734375",
        "cumulative": false
    },
    {
        "date": "2020-09-11T13:59:26Z",
        "value": "1225.71875",
        "cumulative": false
    },
    {
        "date": "2020-09-11T13:59:39Z",
        "value": "1308.25390625",
        "cumulative": false
    },
    {
        "date": "2020-09-11T13:59:50Z",
        "value": "1246.68359375",
        "cumulative": false
    },
    {
        "date": "2020-09-11T14:00:04Z",
        "value": "1225.8125",
        "cumulative": false
    },
    {
        "date": "2020-09-11T14:00:22Z",
        "value": "1225.74609375",
        "cumulative": false
    },
    {
        "date": "2020-09-11T14:00:37Z",
        "value": "1307.37109375",
        "cumulative": false
    },
    {
        "date": "2020-09-11T14:00:49Z",
        "value": "1225.80859375",
        "cumulative": false
    },
    {
        "date": "2020-09-11T14:01:07Z",
        "value": "1225.75390625",
        "cumulative": false
    },
    {
        "date": "2020-09-11T14:01:25Z",
        "value": "1416.06640625",
        "cumulative": false
    },
    {
        "date": "2020-09-11T14:01:44Z",
        "value": "1225.81640625",
        "cumulative": false
    },
    {
        "date": "2020-09-11T14:02:01Z",
        "value": "1276.34765625",
        "cumulative": false
    },
    {
        "date": "2020-09-11T14:02:18Z",
        "value": "1411.75390625",
        "cumulative": false
    },
    {
        "date": "2020-09-11T14:02:37Z",
        "value": "1438.8515625",
        "cumulative": false
    },
    {
        "date": "2020-09-11T14:02:54Z",
        "value": "1225.8359375",
        "cumulative": false
    },
    {
        "date": "2020-09-11T14:03:08Z",
        "value": "1225.84375",
        "cumulative": false
    },
    {
        "date": "2020-09-11T14:03:19Z",
        "value": "1276.13671875",
        "cumulative": false
    },
    {
        "date": "2020-09-11T14:03:35Z",
        "value": "1225.7578125",
        "cumulative": false
    },
    {
        "date": "2020-09-11T14:03:47Z",
        "value": "1465.5390625",
        "cumulative": false
    },
    {
        "date": "2020-09-11T14:04:00Z",
        "value": "1225.7890625",
        "cumulative": false
    },
    {
        "date": "2020-09-11T14:04:15Z",
        "value": "1225.796875",
        "cumulative": false
    },
    {
        "date": "2020-09-11T14:04:26Z",
        "value": "1225.828125",
        "cumulative": false
    },
    {
        "date": "2020-09-11T14:04:39Z",
        "value": "1225.72265625",
        "cumulative": false
    },
    {
        "date": "2020-09-11T14:04:56Z",
        "value": "1530.41796875",
        "cumulative": false
    },
    {
        "date": "2020-09-11T14:05:12Z",
        "value": "1225.828125",
        "cumulative": false
    },
    {
        "date": "2020-09-11T14:05:30Z",
        "value": "1570.11328125",
        "cumulative": false
    },
    {
        "date": "2020-09-11T14:05:43Z",
        "value": "1225.8125",
        "cumulative": false
    },
    {
        "date": "2020-09-11T14:05:54Z",
        "value": "1457.5703125",
        "cumulative": false
    },
    {
        "date": "2020-09-11T14:06:14Z",
        "value": "1453.56640625",
        "cumulative": false
    },
    {
        "date": "2020-09-11T14:06:24Z",
        "value": "1225.8046875",
        "cumulative": false
    },
    {
        "date": "2020-09-11T14:06:43Z",
        "value": "1308.5703125",
        "cumulative": false
    },
    {
        "date": "2020-09-11T14:07:02Z",
        "value": "1225.8359375",
        "cumulative": false
    },
    {
        "date": "2020-09-11T14:07:12Z",
        "value": "1565.46875",
        "cumulative": false
    },
    {
        "date": "2020-09-11T14:07:29Z",
        "value": "1225.76171875",
        "cumulative": false
    },
    {
        "date": "2020-09-11T14:07:39Z",
        "value": "1225.77734375",
        "cumulative": false
    },
    {
        "date": "2020-09-11T14:07:50Z",
        "value": "1225.79296875",
        "cumulative": false
    },
    {
        "date": "2020-09-11T14:08:01Z",
        "value": "1225.80859375",
        "cumulative": false
    },
    {
        "date": "2020-09-11T14:08:20Z",
        "value": "1225.81640625",
        "cumulative": false
    },
    {
        "date": "2020-09-11T14:08:31Z",
        "value": "1262.6015625",
        "cumulative": false
    },
    {
        "date": "2020-09-11T14:08:45Z",
        "value": "1225.7890625",
        "cumulative": false
    },
    {
        "date": "2020-09-11T14:09:04Z",
        "value": "1225.796875",
        "cumulative": false
    },
    {
        "date": "2020-09-11T14:09:20Z",
        "value": "1225.7578125",
        "cumulative": false
    },
    {
        "date": "2020-09-11T14:09:33Z",
        "value": "1225.796875",
        "cumulative": false
    },
    {
        "date": "2020-09-11T14:09:49Z",
        "value": "1328.5078125",
        "cumulative": false
    },
    {
        "date": "2020-09-11T14:10:04Z",
        "value": "1225.84375",
        "cumulative": false
    },
    {
        "date": "2020-09-11T14:10:18Z",
        "value": "1567.45703125",
        "cumulative": false
    },
    {
        "date": "2020-09-11T14:10:37Z",
        "value": "1611.2265625",
        "cumulative": false
    },
    {
        "date": "2020-09-11T14:10:55Z",
        "value": "1225.828125",
        "cumulative": false
    },
    {
        "date": "2020-09-11T14:11:06Z",
        "value": "1608.87890625",
        "cumulative": false
    },
    {
        "date": "2020-09-11T14:11:23Z",
        "value": "1331.1875",
        "cumulative": false
    },
    {
        "date": "2020-09-11T14:11:35Z",
        "value": "1225.80859375",
        "cumulative": false
    },
    {
        "date": "2020-09-11T14:11:53Z",
        "value": "1294.875",
        "cumulative": false
    },
    {
        "date": "2020-09-11T14:12:10Z",
        "value": "1225.81640625",
        "cumulative": false
    },
    {
        "date": "2020-09-11T14:12:27Z",
        "value": "1225.7734375",
        "cumulative": false
    },
    {
        "date": "2020-09-11T14:12:44Z",
        "value": "1225.83984375",
        "cumulative": false
    },
    {
        "date": "2020-09-11T14:12:54Z",
        "value": "1225.765625",
        "cumulative": false
    },
    {
        "date": "2020-09-11T14:13:07Z",
        "value": "1582.4765625",
        "cumulative": false
    },
    {
        "date": "2020-09-11T14:13:19Z",
        "value": "1225.84765625",
        "cumulative": false
    },
    {
        "date": "2020-09-11T14:13:30Z",
        "value": "1346.1484375",
        "cumulative": false
    },
    {
        "date": "2020-09-11T14:13:44Z",
        "value": "1225.7421875",
        "cumulative": false
    },
    {
        "date": "2020-09-11T14:13:59Z",
        "value": "1608.0546875",
        "cumulative": false
    },
    {
        "date": "2020-09-11T14:14:09Z",
        "value": "1225.8359375",
        "cumulative": false
    },
    {
        "date": "2020-09-11T14:14:25Z",
        "value": "1225.73046875",
        "cumulative": false
    },
    {
        "date": "2020-09-11T14:14:42Z",
        "value": "1607.94921875",
        "cumulative": false
    },
    {
        "date": "2020-09-11T14:14:57Z",
        "value": "1353.54296875",
        "cumulative": false
    },
    {
        "date": "2020-09-11T14:15:11Z",
        "value": "1266.73046875",
        "cumulative": false
    },
    {
        "date": "2020-09-11T14:15:30Z",
        "value": "1225.76171875",
        "cumulative": false
    },
    {
        "date": "2020-09-11T14:15:43Z",
        "value": "1307.82421875",
        "cumulative": false
    },
    {
        "date": "2020-09-11T14:16:03Z",
        "value": "1266.10546875",
        "cumulative": false
    },
    {
        "date": "2020-09-11T14:16:19Z",
        "value": "1590.44921875",
        "cumulative": false
    },
    {
        "date": "2020-09-11T14:16:31Z",
        "value": "1225.76171875",
        "cumulative": false
    },
    {
        "date": "2020-09-11T14:16:43Z",
        "value": "1225.83203125",
        "cumulative": false
    },
    {
        "date": "2020-09-11T14:16:58Z",
        "value": "1225.76953125",
        "cumulative": false
    },
    {
        "date": "2020-09-11T14:17:14Z",
        "value": "1225.734375",
        "cumulative": false
    },
    {
        "date": "2020-09-11T14:17:33Z",
        "value": "1736.66015625",
        "cumulative": false
    },
    {
        "date": "2020-09-11T14:17:47Z",
        "value": "1591.66796875",
        "cumulative": false
    },
    {
        "date": "2020-09-11T14:18:05Z",
        "value": "1225.76171875",
        "cumulative": false
    },
    {
        "date": "2020-09-11T14:18:16Z",
        "value": "1622.80859375",
        "cumulative": false
    },
    {
        "date": "2020-09-11T14:18:35Z",
        "value": "1709.02734375",
        "cumulative": false
    },
    {
        "date": "2020-09-11T14:18:49Z",
        "value": "1225.78515625",
        "cumulative": false
    },
    {
        "date": "2020-09-11T14:19:05Z",
        "value": "1225.8359375",
        "cumulative": false
    },
    {
        "date": "2020-09-11T14:19:19Z",
        "value": "1225.84375",
        "cumulative": false
    },
    {
        "date": "2020-09-11T14:19:33Z",
        "value": "1600.05859375",
        "cumulative": false
    },
    {
        "date": "2020-09-11T14:19:43Z",
        "value": "1711.60546875",
        "cumulative": false
    },
    {
        "date": "2020-09-11T14:19:58Z",
        "value": "1225.78125",
        "cumulative": false
    },
    {
        "date": "2020-09-11T14:20:16Z",
        "value": "1634.95703125",
        "cumulative": false
    },
    {
        "date": "2020-09-11T14:20:30Z",
        "value": "1393.96484375",
        "cumulative": false
    },
    {
        "date": "2020-09-11T14:20:43Z",
        "value": "1225.84765625",
        "cumulative": false
    },
    {
        "date": "2020-09-11T14:20:56Z",
        "value": "1262.1875",
        "cumulative": false
    },
    {
        "date": "2020-09-11T14:21:08Z",
        "value": "1225.7734375",
        "cumulative": false
    },
    {
        "date": "2020-09-11T14:21:27Z",
        "value": "7.98828125",
        "cumulative": false
    },
    {
        "date": "2020-09-11T14:21:38Z",
        "value": "7.97265625",
        "cumulative": false
    },
    {
        "date": "2020-09-11T14:21:52Z",
        "value": "7.97265625",
        "cumulative": false
    },
    {
        "date": "2020-09-11T14:22:13Z",
        "value": "7.97265625",
        "cumulative": false
    },
    {
        "date": "2020-09-11T14:22:27Z",
        "value": "7.97265625",
        "cumulative": false
    },
    {
        "date": "2020-09-11T14:22:54Z",
        "value": "7.97265625",
        "cumulative": false
    },
    {
        "date": "2020-09-11T14:23:06Z",
        "value": "7.97265625",
        "cumulative": false
    },
    {
        "date": "2020-09-11T14:23:23Z",
        "value": "7.97265625",
        "cumulative": false
    },
    {
        "date": "2020-09-11T14:23:36Z",
        "value": "7.97265625",
        "cumulative": false
    },
    {
        "date": "2020-09-11T14:24:04Z",
        "value": "7.97265625",
        "cumulative": false
    },
    {
        "date": "2020-09-11T14:24:23Z",
        "value": "7.97265625",
        "cumulative": false
    },
    {
        "date": "2020-09-11T14:24:46Z",
        "value": "7.97265625",
        "cumulative": false
    },
    {
        "date": "2020-09-11T14:24:57Z",
        "value": "7.97265625",
        "cumulative": false
    },
    {
        "date": "2020-09-11T14:25:19Z",
        "value": "7.97265625",
        "cumulative": false
    },
    {
        "date": "2020-09-11T14:25:39Z",
        "value": "7.97265625",
        "cumulative": false
    },
    {
        "date": "2020-09-11T14:25:58Z",
        "value": "7.97265625",
        "cumulative": false
    },
    {
        "date": "2020-09-11T14:26:11Z",
        "value": "7.97265625",
        "cumulative": false
    },
    {
        "date": "2020-09-11T14:26:41Z",
        "value": "7.97265625",
        "cumulative": false
    },
    {
        "date": "2020-09-11T14:26:57Z",
        "value": "7.97265625",
        "cumulative": false
    },
    {
        "date": "2020-09-11T14:27:21Z",
        "value": "7.97265625",
        "cumulative": false
    },
    {
        "date": "2020-09-11T14:27:37Z",
        "value": "7.97265625",
        "cumulative": false
    },
    {
        "date": "2020-09-11T14:27:53Z",
        "value": "7.97265625",
        "cumulative": false
    },
    {
        "date": "2020-09-11T14:28:06Z",
        "value": "7.97265625",
        "cumulative": false
    },
    {
        "date": "2020-09-11T14:28:29Z",
        "value": "7.97265625",
        "cumulative": false
    },
    {
        "date": "2020-09-11T14:28:46Z",
        "value": "7.97265625",
        "cumulative": false
    },
    {
        "date": "2020-09-11T14:29:03Z",
        "value": "7.97265625",
        "cumulative": false
    },
    {
        "date": "2020-09-11T14:29:19Z",
        "value": "7.97265625",
        "cumulative": false
    },
    {
        "date": "2020-09-11T14:29:46Z",
        "value": "7.97265625",
        "cumulative": false
    },
    {
        "date": "2020-09-11T14:30:02Z",
        "value": "7.97265625",
        "cumulative": false
    },
    {
        "date": "2020-09-11T14:30:17Z",
        "value": "7.97265625",
        "cumulative": false
    },
    {
        "date": "2020-09-11T14:30:27Z",
        "value": "7.97265625",
        "cumulative": false
    },
    {
        "date": "2020-09-11T14:30:55Z",
        "value": "7.97265625",
        "cumulative": false
    },
    {
        "date": "2020-09-11T14:31:13Z",
        "value": "7.97265625",
        "cumulative": false
    },
    {
        "date": "2020-09-11T14:31:29Z",
        "value": "7.97265625",
        "cumulative": false
    },
    {
        "date": "2020-09-11T14:31:46Z",
        "value": "7.97265625",
        "cumulative": false
    }
]