[
    {
        "date": "2020-09-11T13:42:12Z",
        "value": "4.00543212890625e-05",
        "cumulative": true
    },
    {
        "date": "2020-09-11T13:42:38Z",
        "value": "443.2137460708618",
        "cumulative": true
    },
    {
        "date": "2020-09-11T13:42:50Z",
        "value": "2238.6706705093384",
        "cumulative": true
    },
    {
        "date": "2020-09-11T13:43:06Z",
        "value": "5496.798517227173",
        "cumulative": true
    },
    {
        "date": "2020-09-11T13:43:16Z",
        "value": "7283.499805450439",
        "cumulative": true
    },
    {
        "date": "2020-09-11T13:43:34Z",
        "value": "10687.418113708496",
        "cumulative": true
    },
    {
        "date": "2020-09-11T13:43:51Z",
        "value": "13960.037695884705",
        "cumulative": true
    },
    {
        "date": "2020-09-11T13:44:03Z",
        "value": "16519.917386054993",
        "cumulative": true
    },
    {
        "date": "2020-09-11T13:44:13Z",
        "value": "18292.158774375916",
        "cumulative": true
    },
    {
        "date": "2020-09-11T13:44:26Z",
        "value": "21359.184631347656",
        "cumulative": true
    },
    {
        "date": "2020-09-11T13:44:42Z",
        "value": "24276.677495002747",
        "cumulative": true
    },
    {
        "date": "2020-09-11T13:45:01Z",
        "value": "28582.464239120483",
        "cumulative": true
    },
    {
        "date": "2020-09-11T13:45:19Z",
        "value": "32495.225898742676",
        "cumulative": true
    },
    {
        "date": "2020-09-11T13:45:33Z",
        "value": "35745.482060432434",
        "cumulative": true
    },
    {
        "date": "2020-09-11T13:45:51Z",
        "value": "39339.283341407776",
        "cumulative": true
    },
    {
        "date": "2020-09-11T13:46:10Z",
        "value": "44292.78476905823",
        "cumulative": true
    },
    {
        "date": "2020-09-11T13:46:23Z",
        "value": "46193.384090423584",
        "cumulative": true
    },
    {
        "date": "2020-09-11T13:46:38Z",
        "value": "48737.077233314514",
        "cumulative": true
    },
    {
        "date": "2020-09-11T13:46:51Z",
        "value": "52134.664341926575",
        "cumulative": true
    },
    {
        "date": "2020-09-11T13:47:02Z",
        "value": "55165.5025434494",
        "cumulative": true
    },
    {
        "date": "2020-09-11T13:47:18Z",
        "value": "57647.9009103775",
        "cumulative": true
    },
    {
        "date": "2020-09-11T13:47:31Z",
        "value": "59412.84334278107",
        "cumulative": true
    },
    {
        "date": "2020-09-11T13:47:43Z",
        "value": "62173.06058216095",
        "cumulative": true
    },
    {
        "date": "2020-09-11T13:47:58Z",
        "value": "66488.57287120819",
        "cumulative": true
    },
    {
        "date": "2020-09-11T13:48:15Z",
        "value": "70790.65474700928",
        "cumulative": true
    },
    {
        "date": "2020-09-11T13:48:27Z",
        "value": "72316.17853736877",
        "cumulative": true
    },
    {
        "date": "2020-09-11T13:48:43Z",
        "value": "74535.51242637634",
        "cumulative": true
    },
    {
        "date": "2020-09-11T13:49:02Z",
        "value": "79069.38564300537",
        "cumulative": true
    },
    {
        "date": "2020-09-11T13:49:16Z",
        "value": "82714.3655796051",
        "cumulative": true
    },
    {
        "date": "2020-09-11T13:49:30Z",
        "value": "86282.50080299377",
        "cumulative": true
    },
    {
        "date": "2020-09-11T13:49:41Z",
        "value": "89056.17134094238",
        "cumulative": true
    },
    {
        "date": "2020-09-11T13:49:59Z",
        "value": "91445.62320137024",
        "cumulative": true
    },
    {
        "date": "2020-09-11T13:50:15Z",
        "value": "93392.93301582336",
        "cumulative": true
    },
    {
        "date": "2020-09-11T13:50:34Z",
        "value": "96434.64365959167",
        "cumulative": true
    },
    {
        "date": "2020-09-11T13:50:47Z",
        "value": "100591.93589019775",
        "cumulative": true
    },
    {
        "date": "2020-09-11T13:51:01Z",
        "value": "104601.49110794067",
        "cumulative": true
    },
    {
        "date": "2020-09-11T13:51:14Z",
        "value": "108430.35464477539",
        "cumulative": true
    },
    {
        "date": "2020-09-11T13:51:27Z",
        "value": "112340.47684192657",
        "cumulative": true
    },
    {
        "date": "2020-09-11T13:51:39Z",
        "value": "114012.91651058197",
        "cumulative": true
    },
    {
        "date": "2020-09-11T13:51:58Z",
        "value": "116464.6203546524",
        "cumulative": true
    },
    {
        "date": "2020-09-11T13:52:09Z",
        "value": "117951.59359455109",
        "cumulative": true
    },
    {
        "date": "2020-09-11T13:52:28Z",
        "value": "120474.0766620636",
        "cumulative": true
    },
    {
        "date": "2020-09-11T13:52:44Z",
        "value": "125100.51876449585",
        "cumulative": true
    },
    {
        "date": "2020-09-11T13:53:00Z",
        "value": "129928.6837272644",
        "cumulative": true
    },
    {
        "date": "2020-09-11T13:53:15Z",
        "value": "134082.18962478638",
        "cumulative": true
    },
    {
        "date": "2020-09-11T13:53:28Z",
        "value": "138132.52962112427",
        "cumulative": true
    },
    {
        "date": "2020-09-11T13:53:39Z",
        "value": "141285.4306793213",
        "cumulative": true
    },
    {
        "date": "2020-09-11T13:53:53Z",
        "value": "143301.3760585785",
        "cumulative": true
    },
    {
        "date": "2020-09-11T13:54:03Z",
        "value": "144680.75642967224",
        "cumulative": true
    },
    {
        "date": "2020-09-11T13:54:16Z",
        "value": "146330.90134620667",
        "cumulative": true
    },
    {
        "date": "2020-09-11T13:54:29Z",
        "value": "147965.36446762085",
        "cumulative": true
    },
    {
        "date": "2020-09-11T13:54:40Z",
        "value": "149445.11140441895",
        "cumulative": true
    },
    {
        "date": "2020-09-11T13:54:53Z",
        "value": "151284.2445011139",
        "cumulative": true
    },
    {
        "date": "2020-09-11T13:55:10Z",
        "value": "154909.82850456238",
        "cumulative": true
    },
    {
        "date": "2020-09-11T13:55:27Z",
        "value": "159782.17017173767",
        "cumulative": true
    },
    {
        "date": "2020-09-11T13:55:43Z",
        "value": "164216.13681983948",
        "cumulative": true
    },
    {
        "date": "2020-09-11T13:56:00Z",
        "value": "169112.57285690308",
        "cumulative": true
    },
    {
        "date": "2020-09-11T13:56:12Z",
        "value": "172246.68976783752",
        "cumulative": true
    },
    {
        "date": "2020-09-11T13:56:24Z",
        "value": "175756.7480392456",
        "cumulative": true
    },
    {
        "date": "2020-09-11T13:56:36Z",
        "value": "178675.647108078",
        "cumulative": true
    },
    {
        "date": "2020-09-11T13:56:50Z",
        "value": "180564.28250980377",
        "cumulative": true
    },
    {
        "date": "2020-09-11T13:57:07Z",
        "value": "182831.47892856598",
        "cumulative": true
    },
    {
        "date": "2020-09-11T13:57:21Z",
        "value": "184590.4600725174",
        "cumulative": true
    },
    {
        "date": "2020-09-11T13:57:35Z",
        "value": "186442.9306192398",
        "cumulative": true
    },
    {
        "date": "2020-09-11T13:57:46Z",
        "value": "187857.26791286469",
        "cumulative": true
    },
    {
        "date": "2020-09-11T13:57:56Z",
        "value": "189242.67954921722",
        "cumulative": true
    },
    {
        "date": "2020-09-11T13:58:15Z",
        "value": "191719.9108877182",
        "cumulative": true
    },
    {
        "date": "2020-09-11T13:58:34Z",
        "value": "196666.33006858826",
        "cumulative": true
    },
    {
        "date": "2020-09-11T13:58:49Z",
        "value": "200921.9700679779",
        "cumulative": true
    },
    {
        "date": "2020-09-11T13:59:06Z",
        "value": "205773.8178691864",
        "cumulative": true
    },
    {
        "date": "2020-09-11T13:59:24Z",
        "value": "210803.18369293213",
        "cumulative": true
    },
    {
        "date": "2020-09-11T13:59:41Z",
        "value": "216024.02961349487",
        "cumulative": true
    },
    {
        "date": "2020-09-11T14:00:00Z",
        "value": "221839.22624015808",
        "cumulative": true
    },
    {
        "date": "2020-09-11T14:00:15Z",
        "value": "225729.79265975952",
        "cumulative": true
    },
    {
        "date": "2020-09-11T14:00:35Z",
        "value": "228427.73983192444",
        "cumulative": true
    },
    {
        "date": "2020-09-11T14:00:51Z",
        "value": "230617.83674621582",
        "cumulative": true
    },
    {
        "date": "2020-09-11T14:01:09Z",
        "value": "233024.7950115204",
        "cumulative": true
    },
    {
        "date": "2020-09-11T14:01:24Z",
        "value": "235166.9490737915",
        "cumulative": true
    },
    {
        "date": "2020-09-11T14:01:36Z",
        "value": "236852.7066822052",
        "cumulative": true
    },
    {
        "date": "2020-09-11T14:01:53Z",
        "value": "239064.69207191467",
        "cumulative": true
    },
    {
        "date": "2020-09-11T14:02:06Z",
        "value": "240732.071849823",
        "cumulative": true
    },
    {
        "date": "2020-09-11T14:02:21Z",
        "value": "243247.10740852356",
        "cumulative": true
    },
    {
        "date": "2020-09-11T14:02:31Z",
        "value": "246407.90133857727",
        "cumulative": true
    },
    {
        "date": "2020-09-11T14:02:48Z",
        "value": "250908.7645072937",
        "cumulative": true
    },
    {
        "date": "2020-09-11T14:02:59Z",
        "value": "254261.89412117004",
        "cumulative": true
    },
    {
        "date": "2020-09-11T14:03:15Z",
        "value": "258932.5653038025",
        "cumulative": true
    },
    {
        "date": "2020-09-11T14:03:27Z",
        "value": "262474.13670921326",
        "cumulative": true
    },
    {
        "date": "2020-09-11T14:03:37Z",
        "value": "265614.4899291992",
        "cumulative": true
    },
    {
        "date": "2020-09-11T14:03:57Z",
        "value": "271422.8443660736",
        "cumulative": true
    },
    {
        "date": "2020-09-11T14:04:08Z",
        "value": "274610.00902175903",
        "cumulative": true
    },
    {
        "date": "2020-09-11T14:04:22Z",
        "value": "278846.1443386078",
        "cumulative": true
    },
    {
        "date": "2020-09-11T14:04:33Z",
        "value": "282003.4616985321",
        "cumulative": true
    },
    {
        "date": "2020-09-11T14:04:44Z",
        "value": "284998.262925148",
        "cumulative": true
    },
    {
        "date": "2020-09-11T14:05:00Z",
        "value": "287126.5638399124",
        "cumulative": true
    },
    {
        "date": "2020-09-11T14:05:11Z",
        "value": "288608.30359745026",
        "cumulative": true
    },
    {
        "date": "2020-09-11T14:05:29Z",
        "value": "291159.443898201",
        "cumulative": true
    },
    {
        "date": "2020-09-11T14:05:44Z",
        "value": "293062.49590587616",
        "cumulative": true
    },
    {
        "date": "2020-09-11T14:05:58Z",
        "value": "294910.6460084915",
        "cumulative": true
    },
    {
        "date": "2020-09-11T14:06:14Z",
        "value": "297164.2662534714",
        "cumulative": true
    },
    {
        "date": "2020-09-11T14:06:27Z",
        "value": "298989.8840532303",
        "cumulative": true
    },
    {
        "date": "2020-09-11T14:06:41Z",
        "value": "300908.8832769394",
        "cumulative": true
    },
    {
        "date": "2020-09-11T14:06:59Z",
        "value": "303233.46215724945",
        "cumulative": true
    },
    {
        "date": "2020-09-11T14:07:17Z",
        "value": "305557.62047481537",
        "cumulative": true
    },
    {
        "date": "2020-09-11T14:07:36Z",
        "value": "311046.11111450195",
        "cumulative": true
    },
    {
        "date": "2020-09-11T14:07:53Z",
        "value": "316253.77716064453",
        "cumulative": true
    },
    {
        "date": "2020-09-11T14:08:10Z",
        "value": "321303.0959529877",
        "cumulative": true
    },
    {
        "date": "2020-09-11T14:08:22Z",
        "value": "325155.854221344",
        "cumulative": true
    },
    {
        "date": "2020-09-11T14:08:38Z",
        "value": "329944.56187057495",
        "cumulative": true
    },
    {
        "date": "2020-09-11T14:08:49Z",
        "value": "333140.29442977905",
        "cumulative": true
    },
    {
        "date": "2020-09-11T14:09:04Z",
        "value": "337665.21994781494",
        "cumulative": true
    },
    {
        "date": "2020-09-11T14:09:18Z",
        "value": "341683.6951313019",
        "cumulative": true
    },
    {
        "date": "2020-09-11T14:09:30Z",
        "value": "345411.44153022766",
        "cumulative": true
    },
    {
        "date": "2020-09-11T14:09:46Z",
        "value": "350307.2135257721",
        "cumulative": true
    },
    {
        "date": "2020-09-11T14:09:59Z",
        "value": "354269.31391334534",
        "cumulative": true
    },
    {
        "date": "2020-09-11T14:10:19Z",
        "value": "359765.002863884",
        "cumulative": true
    },
    {
        "date": "2020-09-11T14:10:37Z",
        "value": "362205.10600948334",
        "cumulative": true
    },
    {
        "date": "2020-09-11T14:10:51Z",
        "value": "364157.67039585114",
        "cumulative": true
    },
    {
        "date": "2020-09-11T14:11:07Z",
        "value": "366387.5850763321",
        "cumulative": true
    },
    {
        "date": "2020-09-11T14:11:20Z",
        "value": "368209.3211450577",
        "cumulative": true
    },
    {
        "date": "2020-09-11T14:11:36Z",
        "value": "370515.47392368317",
        "cumulative": true
    },
    {
        "date": "2020-09-11T14:11:56Z",
        "value": "373199.6722459793",
        "cumulative": true
    },
    {
        "date": "2020-09-11T14:12:08Z",
        "value": "375076.94326496124",
        "cumulative": true
    },
    {
        "date": "2020-09-11T14:12:25Z",
        "value": "377221.00422763824",
        "cumulative": true
    },
    {
        "date": "2020-09-11T14:12:35Z",
        "value": "378560.575255394",
        "cumulative": true
    },
    {
        "date": "2020-09-11T14:12:52Z",
        "value": "381101.15184879303",
        "cumulative": true
    },
    {
        "date": "2020-09-11T14:13:04Z",
        "value": "382635.8642129898",
        "cumulative": true
    },
    {
        "date": "2020-09-11T14:13:22Z",
        "value": "385255.93839740753",
        "cumulative": true
    },
    {
        "date": "2020-09-11T14:13:39Z",
        "value": "389490.36825942993",
        "cumulative": true
    },
    {
        "date": "2020-09-11T14:13:55Z",
        "value": "394142.45388031006",
        "cumulative": true
    },
    {
        "date": "2020-09-11T14:14:13Z",
        "value": "400162.8916568756",
        "cumulative": true
    },
    {
        "date": "2020-09-11T14:14:24Z",
        "value": "403542.5074367523",
        "cumulative": true
    },
    {
        "date": "2020-09-11T14:14:35Z",
        "value": "406823.7476787567",
        "cumulative": true
    },
    {
        "date": "2020-09-11T14:14:46Z",
        "value": "410293.3290195465",
        "cumulative": true
    },
    {
        "date": "2020-09-11T14:14:58Z",
        "value": "413659.56284332275",
        "cumulative": true
    },
    {
        "date": "2020-09-11T14:15:16Z",
        "value": "419051.016494751",
        "cumulative": true
    },
    {
        "date": "2020-09-11T14:15:30Z",
        "value": "423565.23724746704",
        "cumulative": true
    },
    {
        "date": "2020-09-11T14:15:49Z",
        "value": "429586.55295181274",
        "cumulative": true
    },
    {
        "date": "2020-09-11T14:16:03Z",
        "value": "433870.49909591675",
        "cumulative": true
    },
    {
        "date": "2020-09-11T14:16:22Z",
        "value": "439847.50405693054",
        "cumulative": true
    },
    {
        "date": "2020-09-11T14:16:33Z",
        "value": "443207.9266605377",
        "cumulative": true
    },
    {
        "date": "2020-09-11T14:16:49Z",
        "value": "447694.26693344116",
        "cumulative": true
    },
    {
        "date": "2020-09-11T14:17:07Z",
        "value": "453415.72034454346",
        "cumulative": true
    },
    {
        "date": "2020-09-11T14:17:21Z",
        "value": "455109.997341156",
        "cumulative": true
    },
    {
        "date": "2020-09-11T14:17:40Z",
        "value": "457807.5614128113",
        "cumulative": true
    },
    {
        "date": "2020-09-11T14:17:58Z",
        "value": "460411.2822818756",
        "cumulative": true
    },
    {
        "date": "2020-09-11T14:18:13Z",
        "value": "462550.6140499115",
        "cumulative": true
    },
    {
        "date": "2020-09-11T14:18:30Z",
        "value": "464914.3491268158",
        "cumulative": true
    },
    {
        "date": "2020-09-11T14:18:40Z",
        "value": "466259.43694114685",
        "cumulative": true
    },
    {
        "date": "2020-09-11T14:18:52Z",
        "value": "467947.5345020294",
        "cumulative": true
    },
    {
        "date": "2020-09-11T14:19:11Z",
        "value": "470641.7710208893",
        "cumulative": true
    },
    {
        "date": "2020-09-11T14:19:23Z",
        "value": "472326.7741279602",
        "cumulative": true
    },
    {
        "date": "2020-09-11T14:19:39Z",
        "value": "474685.98159217834",
        "cumulative": true
    },
    {
        "date": "2020-09-11T14:19:56Z",
        "value": "477053.5062198639",
        "cumulative": true
    },
    {
        "date": "2020-09-11T14:20:06Z",
        "value": "478415.9238548279",
        "cumulative": true
    },
    {
        "date": "2020-09-11T14:20:19Z",
        "value": "480104.52042388916",
        "cumulative": true
    },
    {
        "date": "2020-09-11T14:20:35Z",
        "value": "482461.79020118713",
        "cumulative": true
    },
    {
        "date": "2020-09-11T14:20:49Z",
        "value": "484483.140083313",
        "cumulative": true
    },
    {
        "date": "2020-09-11T14:20:59Z",
        "value": "485835.92833328247",
        "cumulative": true
    },
    {
        "date": "2020-09-11T14:21:12Z",
        "value": "487179.2051258087",
        "cumulative": true
    },
    {
        "date": "2020-09-11T14:21:29Z",
        "value": "487179.20633888245",
        "cumulative": true
    },
    {
        "date": "2020-09-11T14:21:46Z",
        "value": "487179.20633888245",
        "cumulative": true
    },
    {
        "date": "2020-09-11T14:22:08Z",
        "value": "487179.20633888245",
        "cumulative": true
    },
    {
        "date": "2020-09-11T14:22:26Z",
        "value": "487179.20633888245",
        "cumulative": true
    },
    {
        "date": "2020-09-11T14:22:48Z",
        "value": "487179.20633888245",
        "cumulative": true
    },
    {
        "date": "2020-09-11T14:23:00Z",
        "value": "487179.20633888245",
        "cumulative": true
    },
    {
        "date": "2020-09-11T14:23:22Z",
        "value": "487179.20633888245",
        "cumulative": true
    },
    {
        "date": "2020-09-11T14:23:36Z",
        "value": "487179.20633888245",
        "cumulative": true
    },
    {
        "date": "2020-09-11T14:23:54Z",
        "value": "487179.20633888245",
        "cumulative": true
    },
    {
        "date": "2020-09-11T14:24:12Z",
        "value": "487179.20633888245",
        "cumulative": true
    },
    {
        "date": "2020-09-11T14:24:41Z",
        "value": "487179.20633888245",
        "cumulative": true
    },
    {
        "date": "2020-09-11T14:24:57Z",
        "value": "487179.20633888245",
        "cumulative": true
    },
    {
        "date": "2020-09-11T14:25:15Z",
        "value": "487179.20633888245",
        "cumulative": true
    },
    {
        "date": "2020-09-11T14:25:29Z",
        "value": "487179.20633888245",
        "cumulative": true
    },
    {
        "date": "2020-09-11T14:25:56Z",
        "value": "487179.20633888245",
        "cumulative": true
    },
    {
        "date": "2020-09-11T14:26:16Z",
        "value": "487179.20633888245",
        "cumulative": true
    },
    {
        "date": "2020-09-11T14:26:33Z",
        "value": "487179.20633888245",
        "cumulative": true
    },
    {
        "date": "2020-09-11T14:26:52Z",
        "value": "487179.20633888245",
        "cumulative": true
    },
    {
        "date": "2020-09-11T14:27:09Z",
        "value": "487179.20633888245",
        "cumulative": true
    },
    {
        "date": "2020-09-11T14:27:25Z",
        "value": "487179.20633888245",
        "cumulative": true
    },
    {
        "date": "2020-09-11T14:27:41Z",
        "value": "487179.20633888245",
        "cumulative": true
    },
    {
        "date": "2020-09-11T14:27:56Z",
        "value": "487179.20633888245",
        "cumulative": true
    },
    {
        "date": "2020-09-11T14:28:18Z",
        "value": "487179.20633888245",
        "cumulative": true
    },
    {
        "date": "2020-09-11T14:28:32Z",
        "value": "487179.20633888245",
        "cumulative": true
    },
    {
        "date": "2020-09-11T14:29:00Z",
        "value": "487179.20633888245",
        "cumulative": true
    },
    {
        "date": "2020-09-11T14:29:16Z",
        "value": "487179.20633888245",
        "cumulative": true
    },
    {
        "date": "2020-09-11T14:29:42Z",
        "value": "487179.20633888245",
        "cumulative": true
    },
    {
        "date": "2020-09-11T14:30:01Z",
        "value": "487179.20633888245",
        "cumulative": true
    },
    {
        "date": "2020-09-11T14:30:31Z",
        "value": "487179.20633888245",
        "cumulative": true
    },
    {
        "date": "2020-09-11T14:30:47Z",
        "value": "487179.20633888245",
        "cumulative": true
    },
    {
        "date": "2020-09-11T14:31:02Z",
        "value": "487179.20633888245",
        "cumulative": true
    },
    {
        "date": "2020-09-11T14:31:14Z",
        "value": "487179.20633888245",
        "cumulative": true
    },
    {
        "date": "2020-09-11T14:31:32Z",
        "value": "487179.20633888245",
        "cumulative": true
    },
    {
        "date": "2020-09-11T14:31:49Z",
        "value": "487179.20633888245",
        "cumulative": true
    }
]