[
    {
        "date": "2020-09-11T13:42:08Z",
        "value": "0.0009593963623046875",
        "cumulative": true
    },
    {
        "date": "2020-09-11T13:42:25Z",
        "value": "6.841958045959473",
        "cumulative": true
    },
    {
        "date": "2020-09-11T13:42:41Z",
        "value": "750.085991859436",
        "cumulative": true
    },
    {
        "date": "2020-09-11T13:42:52Z",
        "value": "2649.0689811706543",
        "cumulative": true
    },
    {
        "date": "2020-09-11T13:43:07Z",
        "value": "5653.320468902588",
        "cumulative": true
    },
    {
        "date": "2020-09-11T13:43:17Z",
        "value": "7377.754034042358",
        "cumulative": true
    },
    {
        "date": "2020-09-11T13:43:32Z",
        "value": "10166.056692123413",
        "cumulative": true
    },
    {
        "date": "2020-09-11T13:43:50Z",
        "value": "13874.949366569519",
        "cumulative": true
    },
    {
        "date": "2020-09-11T13:44:01Z",
        "value": "15899.199917793274",
        "cumulative": true
    },
    {
        "date": "2020-09-11T13:44:12Z",
        "value": "18171.291704177856",
        "cumulative": true
    },
    {
        "date": "2020-09-11T13:44:29Z",
        "value": "21999.821029663086",
        "cumulative": true
    },
    {
        "date": "2020-09-11T13:44:41Z",
        "value": "24036.65727710724",
        "cumulative": true
    },
    {
        "date": "2020-09-11T13:44:59Z",
        "value": "28280.897533416748",
        "cumulative": true
    },
    {
        "date": "2020-09-11T13:45:17Z",
        "value": "32057.957166671753",
        "cumulative": true
    },
    {
        "date": "2020-09-11T13:45:28Z",
        "value": "34963.64957237244",
        "cumulative": true
    },
    {
        "date": "2020-09-11T13:45:44Z",
        "value": "37497.67132282257",
        "cumulative": true
    },
    {
        "date": "2020-09-11T13:45:59Z",
        "value": "41511.765206336975",
        "cumulative": true
    },
    {
        "date": "2020-09-11T13:46:17Z",
        "value": "45259.48170089722",
        "cumulative": true
    },
    {
        "date": "2020-09-11T13:46:33Z",
        "value": "47503.5076341629",
        "cumulative": true
    },
    {
        "date": "2020-09-11T13:46:48Z",
        "value": "51436.03820514679",
        "cumulative": true
    },
    {
        "date": "2020-09-11T13:47:02Z",
        "value": "55225.339411735535",
        "cumulative": true
    },
    {
        "date": "2020-09-11T13:47:14Z",
        "value": "57095.45810985565",
        "cumulative": true
    },
    {
        "date": "2020-09-11T13:47:24Z",
        "value": "58509.51301288605",
        "cumulative": true
    },
    {
        "date": "2020-09-11T13:47:41Z",
        "value": "61792.34950733185",
        "cumulative": true
    },
    {
        "date": "2020-09-11T13:47:52Z",
        "value": "64905.8715429306",
        "cumulative": true
    },
    {
        "date": "2020-09-11T13:48:07Z",
        "value": "69155.93688869476",
        "cumulative": true
    },
    {
        "date": "2020-09-11T13:48:21Z",
        "value": "71596.05152988434",
        "cumulative": true
    },
    {
        "date": "2020-09-11T13:48:32Z",
        "value": "73122.39883899689",
        "cumulative": true
    },
    {
        "date": "2020-09-11T13:48:47Z",
        "value": "75242.47650814056",
        "cumulative": true
    },
    {
        "date": "2020-09-11T13:49:01Z",
        "value": "78817.75888156891",
        "cumulative": true
    },
    {
        "date": "2020-09-11T13:49:15Z",
        "value": "82205.66418933868",
        "cumulative": true
    },
    {
        "date": "2020-09-11T13:49:30Z",
        "value": "86436.15046024323",
        "cumulative": true
    },
    {
        "date": "2020-09-11T13:49:40Z",
        "value": "89078.20489501953",
        "cumulative": true
    },
    {
        "date": "2020-09-11T13:49:56Z",
        "value": "91001.44947814941",
        "cumulative": true
    },
    {
        "date": "2020-09-11T13:50:15Z",
        "value": "93395.2225074768",
        "cumulative": true
    },
    {
        "date": "2020-09-11T13:50:28Z",
        "value": "95120.76090812683",
        "cumulative": true
    },
    {
        "date": "2020-09-11T13:50:43Z",
        "value": "99195.01993751526",
        "cumulative": true
    },
    {
        "date": "2020-09-11T13:50:59Z",
        "value": "103957.60099601746",
        "cumulative": true
    },
    {
        "date": "2020-09-11T13:51:18Z",
        "value": "109847.77591133118",
        "cumulative": true
    },
    {
        "date": "2020-09-11T13:51:38Z",
        "value": "113872.51850605011",
        "cumulative": true
    },
    {
        "date": "2020-09-11T13:51:54Z",
        "value": "116050.97362232208",
        "cumulative": true
    },
    {
        "date": "2020-09-11T13:52:13Z",
        "value": "118483.43503475189",
        "cumulative": true
    },
    {
        "date": "2020-09-11T13:52:26Z",
        "value": "120129.55950450897",
        "cumulative": true
    },
    {
        "date": "2020-09-11T13:52:39Z",
        "value": "123589.73956489563",
        "cumulative": true
    },
    {
        "date": "2020-09-11T13:52:55Z",
        "value": "128278.88720321655",
        "cumulative": true
    },
    {
        "date": "2020-09-11T13:53:07Z",
        "value": "131817.19411087036",
        "cumulative": true
    },
    {
        "date": "2020-09-11T13:53:22Z",
        "value": "136265.01348686218",
        "cumulative": true
    },
    {
        "date": "2020-09-11T13:53:39Z",
        "value": "141287.45699501038",
        "cumulative": true
    },
    {
        "date": "2020-09-11T13:53:49Z",
        "value": "142693.22195148468",
        "cumulative": true
    },
    {
        "date": "2020-09-11T13:54:09Z",
        "value": "145430.65733623505",
        "cumulative": true
    },
    {
        "date": "2020-09-11T13:54:28Z",
        "value": "147922.37225437164",
        "cumulative": true
    },
    {
        "date": "2020-09-11T13:54:44Z",
        "value": "150005.6052274704",
        "cumulative": true
    },
    {
        "date": "2020-09-11T13:55:00Z",
        "value": "152323.74329853058",
        "cumulative": true
    },
    {
        "date": "2020-09-11T13:55:18Z",
        "value": "157291.25780200958",
        "cumulative": true
    },
    {
        "date": "2020-09-11T13:55:35Z",
        "value": "161968.04721355438",
        "cumulative": true
    },
    {
        "date": "2020-09-11T13:55:47Z",
        "value": "165396.12724399567",
        "cumulative": true
    },
    {
        "date": "2020-09-11T13:56:01Z",
        "value": "169390.52452754974",
        "cumulative": true
    },
    {
        "date": "2020-09-11T13:56:13Z",
        "value": "172588.86194324493",
        "cumulative": true
    },
    {
        "date": "2020-09-11T13:56:32Z",
        "value": "177928.32409763336",
        "cumulative": true
    },
    {
        "date": "2020-09-11T13:56:43Z",
        "value": "179665.6674156189",
        "cumulative": true
    },
    {
        "date": "2020-09-11T13:56:57Z",
        "value": "181538.2174949646",
        "cumulative": true
    },
    {
        "date": "2020-09-11T13:57:10Z",
        "value": "183275.3455619812",
        "cumulative": true
    },
    {
        "date": "2020-09-11T13:57:27Z",
        "value": "185412.96292304993",
        "cumulative": true
    },
    {
        "date": "2020-09-11T13:57:41Z",
        "value": "187283.21800804138",
        "cumulative": true
    },
    {
        "date": "2020-09-11T13:58:00Z",
        "value": "189756.0299758911",
        "cumulative": true
    },
    {
        "date": "2020-09-11T13:58:12Z",
        "value": "191399.56319999695",
        "cumulative": true
    },
    {
        "date": "2020-09-11T13:58:28Z",
        "value": "195099.4239206314",
        "cumulative": true
    },
    {
        "date": "2020-09-11T13:58:45Z",
        "value": "199891.2947320938",
        "cumulative": true
    },
    {
        "date": "2020-09-11T13:59:04Z",
        "value": "205411.86696720123",
        "cumulative": true
    },
    {
        "date": "2020-09-11T13:59:23Z",
        "value": "210798.01643657684",
        "cumulative": true
    },
    {
        "date": "2020-09-11T13:59:40Z",
        "value": "215843.3050069809",
        "cumulative": true
    },
    {
        "date": "2020-09-11T13:59:52Z",
        "value": "219297.72155475616",
        "cumulative": true
    },
    {
        "date": "2020-09-11T14:00:05Z",
        "value": "223264.4270582199",
        "cumulative": true
    },
    {
        "date": "2020-09-11T14:00:18Z",
        "value": "226250.62183856964",
        "cumulative": true
    },
    {
        "date": "2020-09-11T14:00:29Z",
        "value": "227636.5486726761",
        "cumulative": true
    },
    {
        "date": "2020-09-11T14:00:39Z",
        "value": "229112.5533914566",
        "cumulative": true
    },
    {
        "date": "2020-09-11T14:00:56Z",
        "value": "231344.68848323822",
        "cumulative": true
    },
    {
        "date": "2020-09-11T14:01:13Z",
        "value": "233698.72485256195",
        "cumulative": true
    },
    {
        "date": "2020-09-11T14:01:25Z",
        "value": "235386.92034626007",
        "cumulative": true
    },
    {
        "date": "2020-09-11T14:01:35Z",
        "value": "236781.34080410004",
        "cumulative": true
    },
    {
        "date": "2020-09-11T14:01:51Z",
        "value": "238917.59422397614",
        "cumulative": true
    },
    {
        "date": "2020-09-11T14:02:09Z",
        "value": "241280.08245563507",
        "cumulative": true
    },
    {
        "date": "2020-09-11T14:02:25Z",
        "value": "244647.41393470764",
        "cumulative": true
    },
    {
        "date": "2020-09-11T14:02:41Z",
        "value": "249213.85532188416",
        "cumulative": true
    },
    {
        "date": "2020-09-11T14:02:52Z",
        "value": "252438.15627670288",
        "cumulative": true
    },
    {
        "date": "2020-09-11T14:03:10Z",
        "value": "257637.1742515564",
        "cumulative": true
    },
    {
        "date": "2020-09-11T14:03:27Z",
        "value": "262652.4832420349",
        "cumulative": true
    },
    {
        "date": "2020-09-11T14:03:44Z",
        "value": "267576.41471862793",
        "cumulative": true
    },
    {
        "date": "2020-09-11T14:03:59Z",
        "value": "272103.9220867157",
        "cumulative": true
    },
    {
        "date": "2020-09-11T14:04:17Z",
        "value": "277214.92914390564",
        "cumulative": true
    },
    {
        "date": "2020-09-11T14:04:32Z",
        "value": "281839.4888687134",
        "cumulative": true
    },
    {
        "date": "2020-09-11T14:04:49Z",
        "value": "285615.5878801346",
        "cumulative": true
    },
    {
        "date": "2020-09-11T14:05:05Z",
        "value": "287819.4361066818",
        "cumulative": true
    },
    {
        "date": "2020-09-11T14:05:22Z",
        "value": "290153.3554906845",
        "cumulative": true
    },
    {
        "date": "2020-09-11T14:05:40Z",
        "value": "292676.5047521591",
        "cumulative": true
    },
    {
        "date": "2020-09-11T14:05:57Z",
        "value": "294820.6945734024",
        "cumulative": true
    },
    {
        "date": "2020-09-11T14:06:14Z",
        "value": "297159.00505924225",
        "cumulative": true
    },
    {
        "date": "2020-09-11T14:06:33Z",
        "value": "299855.0201997757",
        "cumulative": true
    },
    {
        "date": "2020-09-11T14:06:44Z",
        "value": "301396.4335870743",
        "cumulative": true
    },
    {
        "date": "2020-09-11T14:06:57Z",
        "value": "303087.39704990387",
        "cumulative": true
    },
    {
        "date": "2020-09-11T14:07:15Z",
        "value": "305411.9503221512",
        "cumulative": true
    },
    {
        "date": "2020-09-11T14:07:30Z",
        "value": "309342.02634239197",
        "cumulative": true
    },
    {
        "date": "2020-09-11T14:07:44Z",
        "value": "313505.7448616028",
        "cumulative": true
    },
    {
        "date": "2020-09-11T14:08:01Z",
        "value": "318824.26242256165",
        "cumulative": true
    },
    {
        "date": "2020-09-11T14:08:17Z",
        "value": "323633.9228363037",
        "cumulative": true
    },
    {
        "date": "2020-09-11T14:08:36Z",
        "value": "329202.5350818634",
        "cumulative": true
    },
    {
        "date": "2020-09-11T14:08:51Z",
        "value": "333769.97612571716",
        "cumulative": true
    },
    {
        "date": "2020-09-11T14:09:02Z",
        "value": "336950.4305229187",
        "cumulative": true
    },
    {
        "date": "2020-09-11T14:09:22Z",
        "value": "342826.2417945862",
        "cumulative": true
    },
    {
        "date": "2020-09-11T14:09:32Z",
        "value": "346023.8826332092",
        "cumulative": true
    },
    {
        "date": "2020-09-11T14:09:46Z",
        "value": "350450.8208026886",
        "cumulative": true
    },
    {
        "date": "2020-09-11T14:10:04Z",
        "value": "355872.2087440491",
        "cumulative": true
    },
    {
        "date": "2020-09-11T14:10:19Z",
        "value": "359870.995221138",
        "cumulative": true
    },
    {
        "date": "2020-09-11T14:10:32Z",
        "value": "361482.0833616257",
        "cumulative": true
    },
    {
        "date": "2020-09-11T14:10:52Z",
        "value": "364392.69159793854",
        "cumulative": true
    },
    {
        "date": "2020-09-11T14:11:02Z",
        "value": "365765.71032619476",
        "cumulative": true
    },
    {
        "date": "2020-09-11T14:11:21Z",
        "value": "368451.60561466217",
        "cumulative": true
    },
    {
        "date": "2020-09-11T14:11:36Z",
        "value": "370599.19518375397",
        "cumulative": true
    },
    {
        "date": "2020-09-11T14:11:54Z",
        "value": "373016.61266613007",
        "cumulative": true
    },
    {
        "date": "2020-09-11T14:12:04Z",
        "value": "374395.634100914",
        "cumulative": true
    },
    {
        "date": "2020-09-11T14:12:22Z",
        "value": "376980.0886850357",
        "cumulative": true
    },
    {
        "date": "2020-09-11T14:12:35Z",
        "value": "378913.4227514267",
        "cumulative": true
    },
    {
        "date": "2020-09-11T14:12:47Z",
        "value": "380525.1767721176",
        "cumulative": true
    },
    {
        "date": "2020-09-11T14:12:58Z",
        "value": "382093.5625486374",
        "cumulative": true
    },
    {
        "date": "2020-09-11T14:13:08Z",
        "value": "383471.2151708603",
        "cumulative": true
    },
    {
        "date": "2020-09-11T14:13:19Z",
        "value": "384811.1001138687",
        "cumulative": true
    },
    {
        "date": "2020-09-11T14:13:30Z",
        "value": "386817.81479263306",
        "cumulative": true
    },
    {
        "date": "2020-09-11T14:13:48Z",
        "value": "392305.9179725647",
        "cumulative": true
    },
    {
        "date": "2020-09-11T14:14:08Z",
        "value": "398333.0267086029",
        "cumulative": true
    },
    {
        "date": "2020-09-11T14:14:24Z",
        "value": "403353.5267086029",
        "cumulative": true
    },
    {
        "date": "2020-09-11T14:14:40Z",
        "value": "408371.77442359924",
        "cumulative": true
    },
    {
        "date": "2020-09-11T14:14:51Z",
        "value": "411741.50915145874",
        "cumulative": true
    },
    {
        "date": "2020-09-11T14:15:08Z",
        "value": "417132.9852924347",
        "cumulative": true
    },
    {
        "date": "2020-09-11T14:15:28Z",
        "value": "423185.3662776947",
        "cumulative": true
    },
    {
        "date": "2020-09-11T14:15:40Z",
        "value": "426596.5845050812",
        "cumulative": true
    },
    {
        "date": "2020-09-11T14:15:55Z",
        "value": "431275.8888759613",
        "cumulative": true
    },
    {
        "date": "2020-09-11T14:16:15Z",
        "value": "437348.6058540344",
        "cumulative": true
    },
    {
        "date": "2020-09-11T14:16:27Z",
        "value": "441245.38335609436",
        "cumulative": true
    },
    {
        "date": "2020-09-11T14:16:46Z",
        "value": "446799.01031684875",
        "cumulative": true
    },
    {
        "date": "2020-09-11T14:17:01Z",
        "value": "451508.7147655487",
        "cumulative": true
    },
    {
        "date": "2020-09-11T14:17:18Z",
        "value": "454885.6271057129",
        "cumulative": true
    },
    {
        "date": "2020-09-11T14:17:32Z",
        "value": "456914.31431007385",
        "cumulative": true
    },
    {
        "date": "2020-09-11T14:17:45Z",
        "value": "458599.996263504",
        "cumulative": true
    },
    {
        "date": "2020-09-11T14:18:02Z",
        "value": "460977.20191192627",
        "cumulative": true
    },
    {
        "date": "2020-09-11T14:18:12Z",
        "value": "462330.17104911804",
        "cumulative": true
    },
    {
        "date": "2020-09-11T14:18:28Z",
        "value": "464696.0664691925",
        "cumulative": true
    },
    {
        "date": "2020-09-11T14:18:46Z",
        "value": "467050.61547088623",
        "cumulative": true
    },
    {
        "date": "2020-09-11T14:19:01Z",
        "value": "469414.0106430054",
        "cumulative": true
    },
    {
        "date": "2020-09-11T14:19:18Z",
        "value": "471777.68501091003",
        "cumulative": true
    },
    {
        "date": "2020-09-11T14:19:36Z",
        "value": "474136.09374427795",
        "cumulative": true
    },
    {
        "date": "2020-09-11T14:19:48Z",
        "value": "475822.46073532104",
        "cumulative": true
    },
    {
        "date": "2020-09-11T14:19:59Z",
        "value": "477523.6837158203",
        "cumulative": true
    },
    {
        "date": "2020-09-11T14:20:17Z",
        "value": "480114.13325309753",
        "cumulative": true
    },
    {
        "date": "2020-09-11T14:20:32Z",
        "value": "482252.8305454254",
        "cumulative": true
    },
    {
        "date": "2020-09-11T14:20:49Z",
        "value": "484611.3871459961",
        "cumulative": true
    },
    {
        "date": "2020-09-11T14:21:08Z",
        "value": "487308.9602622986",
        "cumulative": true
    },
    {
        "date": "2020-09-11T14:21:23Z",
        "value": "487308.9613952637",
        "cumulative": true
    },
    {
        "date": "2020-09-11T14:21:35Z",
        "value": "487308.961435318",
        "cumulative": true
    },
    {
        "date": "2020-09-11T14:21:49Z",
        "value": "487308.961435318",
        "cumulative": true
    },
    {
        "date": "2020-09-11T14:22:09Z",
        "value": "487308.961435318",
        "cumulative": true
    },
    {
        "date": "2020-09-11T14:22:19Z",
        "value": "487308.961435318",
        "cumulative": true
    },
    {
        "date": "2020-09-11T14:22:35Z",
        "value": "487308.961435318",
        "cumulative": true
    },
    {
        "date": "2020-09-11T14:22:50Z",
        "value": "487308.961435318",
        "cumulative": true
    },
    {
        "date": "2020-09-11T14:23:12Z",
        "value": "487308.961435318",
        "cumulative": true
    },
    {
        "date": "2020-09-11T14:23:27Z",
        "value": "487308.961435318",
        "cumulative": true
    },
    {
        "date": "2020-09-11T14:23:45Z",
        "value": "487308.961435318",
        "cumulative": true
    },
    {
        "date": "2020-09-11T14:23:56Z",
        "value": "487308.961435318",
        "cumulative": true
    },
    {
        "date": "2020-09-11T14:24:11Z",
        "value": "487308.961435318",
        "cumulative": true
    },
    {
        "date": "2020-09-11T14:24:23Z",
        "value": "487308.961435318",
        "cumulative": true
    },
    {
        "date": "2020-09-11T14:24:50Z",
        "value": "487308.961435318",
        "cumulative": true
    },
    {
        "date": "2020-09-11T14:25:06Z",
        "value": "487308.961435318",
        "cumulative": true
    },
    {
        "date": "2020-09-11T14:25:36Z",
        "value": "487308.961435318",
        "cumulative": true
    },
    {
        "date": "2020-09-11T14:25:51Z",
        "value": "487308.961435318",
        "cumulative": true
    },
    {
        "date": "2020-09-11T14:26:09Z",
        "value": "487308.961435318",
        "cumulative": true
    },
    {
        "date": "2020-09-11T14:26:26Z",
        "value": "487308.961435318",
        "cumulative": true
    },
    {
        "date": "2020-09-11T14:26:42Z",
        "value": "487308.961435318",
        "cumulative": true
    },
    {
        "date": "2020-09-11T14:26:56Z",
        "value": "487308.961435318",
        "cumulative": true
    },
    {
        "date": "2020-09-11T14:27:23Z",
        "value": "487308.961435318",
        "cumulative": true
    },
    {
        "date": "2020-09-11T14:27:40Z",
        "value": "487308.961435318",
        "cumulative": true
    },
    {
        "date": "2020-09-11T14:28:06Z",
        "value": "487308.961435318",
        "cumulative": true
    },
    {
        "date": "2020-09-11T14:28:24Z",
        "value": "487308.961435318",
        "cumulative": true
    },
    {
        "date": "2020-09-11T14:28:43Z",
        "value": "487308.961435318",
        "cumulative": true
    },
    {
        "date": "2020-09-11T14:28:57Z",
        "value": "487308.961435318",
        "cumulative": true
    },
    {
        "date": "2020-09-11T14:29:26Z",
        "value": "487308.961435318",
        "cumulative": true
    },
    {
        "date": "2020-09-11T14:29:38Z",
        "value": "487308.961435318",
        "cumulative": true
    },
    {
        "date": "2020-09-11T14:29:58Z",
        "value": "487308.961435318",
        "cumulative": true
    },
    {
        "date": "2020-09-11T14:30:14Z",
        "value": "487308.961435318",
        "cumulative": true
    },
    {
        "date": "2020-09-11T14:30:36Z",
        "value": "487308.961435318",
        "cumulative": true
    },
    {
        "date": "2020-09-11T14:30:53Z",
        "value": "487308.961435318",
        "cumulative": true
    },
    {
        "date": "2020-09-11T14:31:08Z",
        "value": "487308.961435318",
        "cumulative": true
    },
    {
        "date": "2020-09-11T14:31:26Z",
        "value": "487308.961435318",
        "cumulative": true
    },
    {
        "date": "2020-09-11T14:31:47Z",
        "value": "487308.961435318",
        "cumulative": true
    }
]