[
    {
        "date": "2021-02-17T11:06:28.327Z",
        "value": "238.05422687530518",
        "cumulative": false
    },
    {
        "date": "2021-02-17T11:10:37.364Z",
        "value": "237.02415943145752",
        "cumulative": false
    },
    {
        "date": "2021-02-17T11:14:47.533Z",
        "value": "238.1835494041443",
        "cumulative": false
    },
    {
        "date": "2021-02-17T11:18:55.078Z",
        "value": "235.53972339630127",
        "cumulative": false
    },
    {
        "date": "2021-02-17T11:23:03.051Z",
        "value": "236.03011012077332",
        "cumulative": false
    },
    {
        "date": "2021-02-17T11:27:11.293Z",
        "value": "236.28614854812622",
        "cumulative": false
    },
    {
        "date": "2021-02-17T11:31:22.152Z",
        "value": "238.89298844337463",
        "cumulative": false
    },
    {
        "date": "2021-02-17T11:35:33.524Z",
        "value": "239.4333028793335",
        "cumulative": false
    },
    {
        "date": "2021-02-17T11:39:40.734Z",
        "value": "235.29026794433594",
        "cumulative": false
    },
    {
        "date": "2021-02-17T11:43:52.357Z",
        "value": "239.64805483818054",
        "cumulative": false
    },
    {
        "date": "2021-02-17T11:47:59.354Z",
        "value": "235.0482087135315",
        "cumulative": false
    },
    {
        "date": "2021-02-17T11:52:00.087Z",
        "value": "228.78675150871277",
        "cumulative": false
    },
    {
        "date": "2021-02-17T11:56:06.626Z",
        "value": "234.59640622138977",
        "cumulative": false
    },
    {
        "date": "2021-02-17T12:00:15.233Z",
        "value": "236.63933873176575",
        "cumulative": false
    },
    {
        "date": "2021-02-17T12:04:28.381Z",
        "value": "241.19050073623657",
        "cumulative": false
    },
    {
        "date": "2021-02-17T12:08:36.522Z",
        "value": "236.2015950679779",
        "cumulative": false
    },
    {
        "date": "2021-02-17T12:12:45.046Z",
        "value": "236.5842044353485",
        "cumulative": false
    },
    {
        "date": "2021-02-17T12:16:54.478Z",
        "value": "237.50208282470703",
        "cumulative": false
    },
    {
        "date": "2021-02-17T12:20:59.820Z",
        "value": "233.3832609653473",
        "cumulative": false
    },
    {
        "date": "2021-02-17T12:25:02.243Z",
        "value": "230.4215636253357",
        "cumulative": false
    },
    {
        "date": "2021-02-17T12:29:04.845Z",
        "value": "230.65704822540283",
        "cumulative": false
    },
    {
        "date": "2021-02-17T12:33:12.934Z",
        "value": "236.1537230014801",
        "cumulative": false
    },
    {
        "date": "2021-02-17T12:37:25.558Z",
        "value": "240.6646213531494",
        "cumulative": false
    },
    {
        "date": "2021-02-17T12:41:36.844Z",
        "value": "239.3159110546112",
        "cumulative": false
    },
    {
        "date": "2021-02-17T12:45:46.308Z",
        "value": "237.48070001602173",
        "cumulative": false
    },
    {
        "date": "2021-02-17T12:49:57.047Z",
        "value": "238.76661276817322",
        "cumulative": false
    },
    {
        "date": "2021-02-17T12:54:03.739Z",
        "value": "234.74964690208435",
        "cumulative": false
    },
    {
        "date": "2021-02-17T12:58:17.622Z",
        "value": "241.93336153030396",
        "cumulative": false
    },
    {
        "date": "2021-02-17T13:02:24.662Z",
        "value": "235.0793285369873",
        "cumulative": false
    },
    {
        "date": "2021-02-17T13:06:30.769Z",
        "value": "234.19388842582703",
        "cumulative": false
    },
    {
        "date": "2021-02-17T13:10:42.775Z",
        "value": "240.05402445793152",
        "cumulative": false
    },
    {
        "date": "2021-02-17T13:14:51.006Z",
        "value": "236.30200266838074",
        "cumulative": false
    },
    {
        "date": "2021-02-17T13:18:59.748Z",
        "value": "236.79133772850037",
        "cumulative": false
    },
    {
        "date": "2021-02-17T13:23:05.112Z",
        "value": "233.4066743850708",
        "cumulative": false
    },
    {
        "date": "2021-02-17T13:27:14.861Z",
        "value": "237.76863598823547",
        "cumulative": false
    },
    {
        "date": "2021-02-17T13:31:27.354Z",
        "value": "240.53755116462708",
        "cumulative": false
    },
    {
        "date": "2021-02-17T13:35:35.633Z",
        "value": "236.302241563797",
        "cumulative": false
    },
    {
        "date": "2021-02-17T13:39:43.667Z",
        "value": "236.0655426979065",
        "cumulative": false
    },
    {
        "date": "2021-02-17T13:43:50.065Z",
        "value": "234.405677318573",
        "cumulative": false
    },
    {
        "date": "2021-02-17T13:48:01.376Z",
        "value": "239.3427610397339",
        "cumulative": false
    },
    {
        "date": "2021-02-17T13:52:19.541Z",
        "value": "246.22074031829834",
        "cumulative": false
    },
    {
        "date": "2021-02-17T13:56:32.138Z",
        "value": "240.66035318374634",
        "cumulative": false
    },
    {
        "date": "2021-02-17T14:00:41.332Z",
        "value": "237.25218892097473",
        "cumulative": false
    },
    {
        "date": "2021-02-17T14:04:46.012Z",
        "value": "232.68033933639526",
        "cumulative": false
    },
    {
        "date": "2021-02-17T14:08:53.208Z",
        "value": "235.2743637561798",
        "cumulative": false
    },
    {
        "date": "2021-02-17T14:13:04.859Z",
        "value": "239.72842979431152",
        "cumulative": false
    },
    {
        "date": "2021-02-17T14:17:11.922Z",
        "value": "235.11404061317444",
        "cumulative": false
    },
    {
        "date": "2021-02-17T14:21:26.452Z",
        "value": "242.58366179466248",
        "cumulative": false
    },
    {
        "date": "2021-02-17T14:25:32.458Z",
        "value": "234.0655345916748",
        "cumulative": false
    },
    {
        "date": "2021-02-17T14:29:43.077Z",
        "value": "238.68538165092468",
        "cumulative": false
    },
    {
        "date": "2021-02-17T14:33:51.631Z",
        "value": "236.59368991851807",
        "cumulative": false
    },
    {
        "date": "2021-02-17T14:37:59.102Z",
        "value": "235.4937527179718",
        "cumulative": false
    },
    {
        "date": "2021-02-17T14:42:12.494Z",
        "value": "241.44223833084106",
        "cumulative": false
    },
    {
        "date": "2021-02-17T14:46:25.846Z",
        "value": "241.43866395950317",
        "cumulative": false
    },
    {
        "date": "2021-02-17T14:50:39.244Z",
        "value": "241.4291708469391",
        "cumulative": false
    },
    {
        "date": "2021-02-17T14:54:54.834Z",
        "value": "243.6296887397766",
        "cumulative": false
    },
    {
        "date": "2021-02-17T14:59:01.992Z",
        "value": "235.19595885276794",
        "cumulative": false
    },
    {
        "date": "2021-02-17T15:03:19.135Z",
        "value": "245.22817873954773",
        "cumulative": false
    },
    {
        "date": "2021-02-17T15:07:30.521Z",
        "value": "239.39524936676025",
        "cumulative": false
    },
    {
        "date": "2021-02-17T15:11:37.461Z",
        "value": "235.00931572914124",
        "cumulative": false
    },
    {
        "date": "2021-02-17T15:15:55.720Z",
        "value": "246.33151745796204",
        "cumulative": false
    },
    {
        "date": "2021-02-17T15:20:13.080Z",
        "value": "245.37403416633606",
        "cumulative": false
    },
    {
        "date": "2021-02-17T15:24:21.723Z",
        "value": "236.67107105255127",
        "cumulative": false
    },
    {
        "date": "2021-02-17T15:28:41.190Z",
        "value": "247.50024223327637",
        "cumulative": false
    },
    {
        "date": "2021-02-17T15:32:51.674Z",
        "value": "238.59872102737427",
        "cumulative": false
    },
    {
        "date": "2021-02-17T15:37:11.106Z",
        "value": "247.4971160888672",
        "cumulative": false
    },
    {
        "date": "2021-02-17T15:41:22.544Z",
        "value": "239.4868197441101",
        "cumulative": false
    },
    {
        "date": "2021-02-17T15:45:34.786Z",
        "value": "240.2860460281372",
        "cumulative": false
    },
    {
        "date": "2021-02-17T15:49:52.320Z",
        "value": "245.62310004234314",
        "cumulative": false
    },
    {
        "date": "2021-02-17T15:54:11.701Z",
        "value": "247.44965386390686",
        "cumulative": false
    },
    {
        "date": "2021-02-17T15:58:26.568Z",
        "value": "242.87479758262634",
        "cumulative": false
    },
    {
        "date": "2021-02-17T16:02:35.539Z",
        "value": "237.04131436347961",
        "cumulative": false
    },
    {
        "date": "2021-02-17T16:06:52.197Z",
        "value": "244.7392761707306",
        "cumulative": false
    },
    {
        "date": "2021-02-17T16:11:03.374Z",
        "value": "239.26608180999756",
        "cumulative": false
    },
    {
        "date": "2021-02-17T16:15:19.414Z",
        "value": "244.10953760147095",
        "cumulative": false
    },
    {
        "date": "2021-02-17T16:19:39.790Z",
        "value": "248.45579075813293",
        "cumulative": false
    },
    {
        "date": "2021-02-17T16:23:59.864Z",
        "value": "248.1532166004181",
        "cumulative": false
    },
    {
        "date": "2021-02-17T16:28:18.346Z",
        "value": "246.49033284187317",
        "cumulative": false
    },
    {
        "date": "2021-02-17T16:32:33.295Z",
        "value": "242.93821096420288",
        "cumulative": false
    },
    {
        "date": "2021-02-17T16:36:45.833Z",
        "value": "240.55567932128906",
        "cumulative": false
    },
    {
        "date": "2021-02-17T16:40:57.170Z",
        "value": "239.4116952419281",
        "cumulative": false
    },
    {
        "date": "2021-02-17T16:45:11.942Z",
        "value": "242.83767700195312",
        "cumulative": false
    },
    {
        "date": "2021-02-17T16:49:29.979Z",
        "value": "246.02815699577332",
        "cumulative": false
    },
    {
        "date": "2021-02-17T16:53:46.844Z",
        "value": "244.83487033843994",
        "cumulative": false
    },
    {
        "date": "2021-02-17T16:57:56.586Z",
        "value": "237.80628609657288",
        "cumulative": false
    },
    {
        "date": "2021-02-17T17:02:08.201Z",
        "value": "239.66054105758667",
        "cumulative": false
    },
    {
        "date": "2021-02-17T17:06:26.346Z",
        "value": "246.15440368652344",
        "cumulative": false
    },
    {
        "date": "2021-02-17T17:10:50.368Z",
        "value": "252.03397226333618",
        "cumulative": false
    },
    {
        "date": "2021-02-17T17:15:06.194Z",
        "value": "243.8465576171875",
        "cumulative": false
    },
    {
        "date": "2021-02-17T17:19:21.287Z",
        "value": "243.15116691589355",
        "cumulative": false
    },
    {
        "date": "2021-02-17T17:23:34.364Z",
        "value": "241.1471700668335",
        "cumulative": false
    },
    {
        "date": "2021-02-17T17:27:44.376Z",
        "value": "238.0201735496521",
        "cumulative": false
    },
    {
        "date": "2021-02-17T17:32:03.248Z",
        "value": "246.89591479301453",
        "cumulative": false
    },
    {
        "date": "2021-02-17T17:36:22.875Z",
        "value": "247.62598276138306",
        "cumulative": false
    },
    {
        "date": "2021-02-17T17:40:40.011Z",
        "value": "245.17684245109558",
        "cumulative": false
    },
    {
        "date": "2021-02-17T17:44:57.555Z",
        "value": "245.60143733024597",
        "cumulative": false
    },
    {
        "date": "2021-02-17T17:49:10.841Z",
        "value": "241.3212857246399",
        "cumulative": false
    },
    {
        "date": "2021-02-17T17:53:24.890Z",
        "value": "242.0910506248474",
        "cumulative": false
    },
    {
        "date": "2021-02-17T17:57:41.388Z",
        "value": "244.5443994998932",
        "cumulative": false
    },
    {
        "date": "2021-02-17T18:01:57.785Z",
        "value": "244.44375610351562",
        "cumulative": false
    },
    {
        "date": "2021-02-17T18:06:15.861Z",
        "value": "246.09545469284058",
        "cumulative": false
    },
    {
        "date": "2021-02-17T18:10:38.087Z",
        "value": "250.2228720188141",
        "cumulative": false
    },
    {
        "date": "2021-02-17T18:14:56.705Z",
        "value": "246.66494011878967",
        "cumulative": false
    },
    {
        "date": "2021-02-17T18:19:09.367Z",
        "value": "240.66271114349365",
        "cumulative": false
    },
    {
        "date": "2021-02-17T18:23:20.801Z",
        "value": "239.42289185523987",
        "cumulative": false
    },
    {
        "date": "2021-02-17T18:27:35.473Z",
        "value": "242.73759174346924",
        "cumulative": false
    },
    {
        "date": "2021-02-17T18:31:54.580Z",
        "value": "247.12205290794373",
        "cumulative": false
    },
    {
        "date": "2021-02-17T18:36:09.422Z",
        "value": "242.92814707756042",
        "cumulative": false
    },
    {
        "date": "2021-02-17T18:40:30.449Z",
        "value": "249.07186675071716",
        "cumulative": false
    },
    {
        "date": "2021-02-17T18:44:46.753Z",
        "value": "244.32171368598938",
        "cumulative": false
    },
    {
        "date": "2021-02-17T18:48:59.485Z",
        "value": "240.76614665985107",
        "cumulative": false
    },
    {
        "date": "2021-02-17T18:53:11.017Z",
        "value": "239.56436014175415",
        "cumulative": false
    },
    {
        "date": "2021-02-17T18:57:25.307Z",
        "value": "242.33001399040222",
        "cumulative": false
    },
    {
        "date": "2021-02-17T19:01:46.235Z",
        "value": "248.9509835243225",
        "cumulative": false
    },
    {
        "date": "2021-02-17T19:06:06.245Z",
        "value": "248.02389812469482",
        "cumulative": false
    },
    {
        "date": "2021-02-17T19:10:23.691Z",
        "value": "245.47977447509766",
        "cumulative": false
    },
    {
        "date": "2021-02-17T19:14:37.992Z",
        "value": "242.3477499485016",
        "cumulative": false
    },
    {
        "date": "2021-02-17T19:18:54.653Z",
        "value": "244.70225071907043",
        "cumulative": false
    },
    {
        "date": "2021-02-17T19:23:08.441Z",
        "value": "241.8447515964508",
        "cumulative": false
    },
    {
        "date": "2021-02-17T19:27:23.477Z",
        "value": "243.10528779029846",
        "cumulative": false
    },
    {
        "date": "2021-02-17T19:31:42.326Z",
        "value": "246.9191963672638",
        "cumulative": false
    },
    {
        "date": "2021-02-17T19:35:57.200Z",
        "value": "242.9111943244934",
        "cumulative": false
    },
    {
        "date": "2021-02-17T19:40:14.734Z",
        "value": "245.527428150177",
        "cumulative": false
    },
    {
        "date": "2021-02-17T19:44:31.829Z",
        "value": "245.16498494148254",
        "cumulative": false
    },
    {
        "date": "2021-02-17T19:48:42.186Z",
        "value": "238.41928100585938",
        "cumulative": false
    },
    {
        "date": "2021-02-17T19:52:58.435Z",
        "value": "244.28987622261047",
        "cumulative": false
    },
    {
        "date": "2021-02-17T19:57:15.361Z",
        "value": "244.9918487071991",
        "cumulative": false
    },
    {
        "date": "2021-02-17T20:01:27.368Z",
        "value": "240.0612473487854",
        "cumulative": false
    },
    {
        "date": "2021-02-17T20:05:46.350Z",
        "value": "247.0310537815094",
        "cumulative": false
    },
    {
        "date": "2021-02-17T20:09:55.385Z",
        "value": "237.0998523235321",
        "cumulative": false
    },
    {
        "date": "2021-02-17T20:14:13.260Z",
        "value": "245.85965204238892",
        "cumulative": false
    },
    {
        "date": "2021-02-17T20:18:27.875Z",
        "value": "242.66968417167664",
        "cumulative": false
    },
    {
        "date": "2021-02-17T20:22:40.454Z",
        "value": "240.60956025123596",
        "cumulative": false
    },
    {
        "date": "2021-02-17T20:26:58.132Z",
        "value": "245.7275915145874",
        "cumulative": false
    },
    {
        "date": "2021-02-17T20:31:08.475Z",
        "value": "238.35088324546814",
        "cumulative": false
    },
    {
        "date": "2021-02-17T20:35:24.430Z",
        "value": "244.00357699394226",
        "cumulative": false
    },
    {
        "date": "2021-02-17T20:39:42.249Z",
        "value": "245.8766758441925",
        "cumulative": false
    },
    {
        "date": "2021-02-17T20:43:57.696Z",
        "value": "243.46327137947083",
        "cumulative": false
    },
    {
        "date": "2021-02-17T20:48:15.156Z",
        "value": "245.5184395313263",
        "cumulative": false
    },
    {
        "date": "2021-02-17T20:52:29.988Z",
        "value": "242.88573098182678",
        "cumulative": false
    },
    {
        "date": "2021-02-17T20:56:48.969Z",
        "value": "247.04077625274658",
        "cumulative": false
    },
    {
        "date": "2021-02-17T21:01:06.747Z",
        "value": "245.81885862350464",
        "cumulative": false
    },
    {
        "date": "2021-02-17T21:05:20.108Z",
        "value": "241.41079425811768",
        "cumulative": false
    },
    {
        "date": "2021-02-17T21:09:40.222Z",
        "value": "248.18003726005554",
        "cumulative": false
    },
    {
        "date": "2021-02-17T21:13:56.493Z",
        "value": "244.34042382240295",
        "cumulative": false
    },
    {
        "date": "2021-02-17T21:18:07.599Z",
        "value": "239.14816737174988",
        "cumulative": false
    },
    {
        "date": "2021-02-17T21:22:24.744Z",
        "value": "245.1912064552307",
        "cumulative": false
    },
    {
        "date": "2021-02-17T21:26:42.396Z",
        "value": "245.75719547271729",
        "cumulative": false
    },
    {
        "date": "2021-02-17T21:30:57.987Z",
        "value": "243.59019207954407",
        "cumulative": false
    },
    {
        "date": "2021-02-17T21:35:09.915Z",
        "value": "239.94951343536377",
        "cumulative": false
    },
    {
        "date": "2021-02-17T21:39:30.409Z",
        "value": "248.5314507484436",
        "cumulative": false
    },
    {
        "date": "2021-02-17T21:43:43.711Z",
        "value": "241.37730646133423",
        "cumulative": false
    },
    {
        "date": "2021-02-17T21:47:59.325Z",
        "value": "243.62026166915894",
        "cumulative": false
    },
    {
        "date": "2021-02-17T21:52:15.100Z",
        "value": "243.7704164981842",
        "cumulative": false
    },
    {
        "date": "2021-02-17T21:56:28.015Z",
        "value": "240.9545500278473",
        "cumulative": false
    },
    {
        "date": "2021-02-17T22:00:44.269Z",
        "value": "244.25924396514893",
        "cumulative": false
    },
    {
        "date": "2021-02-17T22:04:59.781Z",
        "value": "243.5609531402588",
        "cumulative": false
    },
    {
        "date": "2021-02-17T22:09:17.525Z",
        "value": "245.72463250160217",
        "cumulative": false
    },
    {
        "date": "2021-02-17T22:13:35.990Z",
        "value": "246.47830200195312",
        "cumulative": false
    },
    {
        "date": "2021-02-17T22:17:47.880Z",
        "value": "239.96233415603638",
        "cumulative": false
    },
    {
        "date": "2021-02-17T22:22:05.349Z",
        "value": "245.54102730751038",
        "cumulative": false
    },
    {
        "date": "2021-02-17T22:26:18.823Z",
        "value": "241.49570417404175",
        "cumulative": false
    },
    {
        "date": "2021-02-17T22:30:36.529Z",
        "value": "245.68843626976013",
        "cumulative": false
    },
    {
        "date": "2021-02-17T22:34:52.224Z",
        "value": "243.71972346305847",
        "cumulative": false
    },
    {
        "date": "2021-02-17T22:39:05.298Z",
        "value": "241.11665511131287",
        "cumulative": false
    },
    {
        "date": "2021-02-17T22:43:21.479Z",
        "value": "244.17397665977478",
        "cumulative": false
    },
    {
        "date": "2021-02-17T22:47:35.205Z",
        "value": "241.74560832977295",
        "cumulative": false
    },
    {
        "date": "2021-02-17T22:51:54.598Z",
        "value": "247.43089532852173",
        "cumulative": false
    },
    {
        "date": "2021-02-17T22:56:07.838Z",
        "value": "241.32373046875",
        "cumulative": false
    },
    {
        "date": "2021-02-17T23:00:20.109Z",
        "value": "240.32203006744385",
        "cumulative": false
    },
    {
        "date": "2021-02-17T23:04:37.742Z",
        "value": "245.66732573509216",
        "cumulative": false
    },
    {
        "date": "2021-02-17T23:08:52.821Z",
        "value": "243.17173647880554",
        "cumulative": false
    },
    {
        "date": "2021-02-17T23:13:07.518Z",
        "value": "242.72866034507751",
        "cumulative": false
    },
    {
        "date": "2021-02-17T23:17:24.051Z",
        "value": "244.544860124588",
        "cumulative": false
    },
    {
        "date": "2021-02-17T23:21:36.391Z",
        "value": "240.32118892669678",
        "cumulative": false
    },
    {
        "date": "2021-02-17T23:25:52.884Z",
        "value": "244.4960765838623",
        "cumulative": false
    },
    {
        "date": "2021-02-17T23:30:10.164Z",
        "value": "245.32056879997253",
        "cumulative": false
    },
    {
        "date": "2021-02-17T23:34:23.622Z",
        "value": "241.53678274154663",
        "cumulative": false
    },
    {
        "date": "2021-02-17T23:38:45.042Z",
        "value": "249.47176885604858",
        "cumulative": false
    },
    {
        "date": "2021-02-17T23:43:04.268Z",
        "value": "247.26123976707458",
        "cumulative": false
    },
    {
        "date": "2021-02-17T23:47:17.851Z",
        "value": "241.59872388839722",
        "cumulative": false
    },
    {
        "date": "2021-02-17T23:51:39.268Z",
        "value": "249.4322009086609",
        "cumulative": false
    },
    {
        "date": "2021-02-17T23:55:52.644Z",
        "value": "241.41950130462646",
        "cumulative": false
    },
    {
        "date": "2021-02-18T00:00:12.222Z",
        "value": "247.6209716796875",
        "cumulative": false
    },
    {
        "date": "2021-02-18T00:04:25.105Z",
        "value": "240.9259819984436",
        "cumulative": false
    },
    {
        "date": "2021-02-18T00:08:38.629Z",
        "value": "241.608500957489",
        "cumulative": false
    },
    {
        "date": "2021-02-18T00:12:59.662Z",
        "value": "249.11975836753845",
        "cumulative": false
    },
    {
        "date": "2021-02-18T00:17:13.044Z",
        "value": "241.39759969711304",
        "cumulative": false
    },
    {
        "date": "2021-02-18T00:21:31.770Z",
        "value": "246.76581859588623",
        "cumulative": false
    },
    {
        "date": "2021-02-18T00:25:54.654Z",
        "value": "250.90526676177979",
        "cumulative": false
    },
    {
        "date": "2021-02-18T00:30:05.048Z",
        "value": "238.42190432548523",
        "cumulative": false
    },
    {
        "date": "2021-02-18T00:34:15.920Z",
        "value": "238.9089105129242",
        "cumulative": false
    },
    {
        "date": "2021-02-18T00:38:29.152Z",
        "value": "241.2399959564209",
        "cumulative": false
    },
    {
        "date": "2021-02-18T00:42:49.761Z",
        "value": "248.6381323337555",
        "cumulative": false
    },
    {
        "date": "2021-02-18T00:47:05.767Z",
        "value": "244.02315831184387",
        "cumulative": false
    },
    {
        "date": "2021-02-18T00:51:21.867Z",
        "value": "244.12853145599365",
        "cumulative": false
    },
    {
        "date": "2021-02-18T00:55:37.069Z",
        "value": "243.24772453308105",
        "cumulative": false
    },
    {
        "date": "2021-02-18T00:59:48.418Z",
        "value": "239.41436958312988",
        "cumulative": false
    },
    {
        "date": "2021-02-18T01:04:05.011Z",
        "value": "244.61750030517578",
        "cumulative": false
    },
    {
        "date": "2021-02-18T01:08:21.504Z",
        "value": "244.50219702720642",
        "cumulative": false
    },
    {
        "date": "2021-02-18T01:12:37.799Z",
        "value": "244.28964638710022",
        "cumulative": false
    },
    {
        "date": "2021-02-18T01:16:58.159Z",
        "value": "248.41363406181335",
        "cumulative": false
    },
    {
        "date": "2021-02-18T01:21:13.063Z",
        "value": "242.91790509223938",
        "cumulative": false
    },
    {
        "date": "2021-02-18T01:25:32.966Z",
        "value": "248.00460267066956",
        "cumulative": false
    },
    {
        "date": "2021-02-18T01:29:48.084Z",
        "value": "243.15031385421753",
        "cumulative": false
    },
    {
        "date": "2021-02-18T01:34:07.118Z",
        "value": "247.0493233203888",
        "cumulative": false
    },
    {
        "date": "2021-02-18T01:38:22.647Z",
        "value": "243.53335738182068",
        "cumulative": false
    },
    {
        "date": "2021-02-18T01:42:40.412Z",
        "value": "245.75976538658142",
        "cumulative": false
    },
    {
        "date": "2021-02-18T01:46:56.626Z",
        "value": "244.2454800605774",
        "cumulative": false
    },
    {
        "date": "2021-02-18T01:51:13.079Z",
        "value": "244.5062415599823",
        "cumulative": false
    },
    {
        "date": "2021-02-18T01:55:32.607Z",
        "value": "247.52858018875122",
        "cumulative": false
    },
    {
        "date": "2021-02-18T01:59:49.041Z",
        "value": "244.4954252243042",
        "cumulative": false
    },
    {
        "date": "2021-02-18T02:04:02.925Z",
        "value": "241.95536398887634",
        "cumulative": false
    },
    {
        "date": "2021-02-18T02:08:19.512Z",
        "value": "244.61532616615295",
        "cumulative": false
    },
    {
        "date": "2021-02-18T02:12:33.613Z",
        "value": "242.1559042930603",
        "cumulative": false
    },
    {
        "date": "2021-02-18T02:16:49.649Z",
        "value": "244.04482173919678",
        "cumulative": false
    },
    {
        "date": "2021-02-18T02:21:05.899Z",
        "value": "244.26002407073975",
        "cumulative": false
    },
    {
        "date": "2021-02-18T02:25:29.579Z",
        "value": "251.70405673980713",
        "cumulative": false
    },
    {
        "date": "2021-02-18T02:29:44.463Z",
        "value": "242.9387879371643",
        "cumulative": false
    },
    {
        "date": "2021-02-18T02:33:56.839Z",
        "value": "240.41016173362732",
        "cumulative": false
    },
    {
        "date": "2021-02-18T02:38:15.268Z",
        "value": "246.40692019462585",
        "cumulative": false
    },
    {
        "date": "2021-02-18T02:42:36.337Z",
        "value": "249.08202457427979",
        "cumulative": false
    },
    {
        "date": "2021-02-18T02:46:55.216Z",
        "value": "246.92961597442627",
        "cumulative": false
    },
    {
        "date": "2021-02-18T02:51:05.601Z",
        "value": "238.44035840034485",
        "cumulative": false
    },
    {
        "date": "2021-02-18T02:55:14.745Z",
        "value": "237.1911175251007",
        "cumulative": false
    },
    {
        "date": "2021-02-18T02:59:26.901Z",
        "value": "240.20204520225525",
        "cumulative": false
    },
    {
        "date": "2021-02-18T03:03:43.021Z",
        "value": "244.1697232723236",
        "cumulative": false
    },
    {
        "date": "2021-02-18T03:08:01.080Z",
        "value": "246.08659601211548",
        "cumulative": false
    },
    {
        "date": "2021-02-18T03:12:22.319Z",
        "value": "249.26367378234863",
        "cumulative": false
    },
    {
        "date": "2021-02-18T03:16:38.244Z",
        "value": "243.97216534614563",
        "cumulative": false
    },
    {
        "date": "2021-02-18T03:20:57.085Z",
        "value": "246.85857152938843",
        "cumulative": false
    },
    {
        "date": "2021-02-18T03:25:17.707Z",
        "value": "248.68098187446594",
        "cumulative": false
    },
    {
        "date": "2021-02-18T03:29:36.695Z",
        "value": "247.0450999736786",
        "cumulative": false
    },
    {
        "date": "2021-02-18T03:33:55.320Z",
        "value": "246.61557459831238",
        "cumulative": false
    },
    {
        "date": "2021-02-18T03:38:14.939Z",
        "value": "247.70145750045776",
        "cumulative": false
    },
    {
        "date": "2021-02-18T03:42:33.104Z",
        "value": "246.1981303691864",
        "cumulative": false
    },
    {
        "date": "2021-02-18T03:46:50.226Z",
        "value": "245.17156457901",
        "cumulative": false
    },
    {
        "date": "2021-02-18T03:51:03.405Z",
        "value": "241.21422576904297",
        "cumulative": false
    },
    {
        "date": "2021-02-18T03:55:15.414Z",
        "value": "240.06729292869568",
        "cumulative": false
    },
    {
        "date": "2021-02-18T03:59:22.038Z",
        "value": "234.68299460411072",
        "cumulative": false
    },
    {
        "date": "2021-02-18T04:03:31.474Z",
        "value": "237.48884773254395",
        "cumulative": false
    },
    {
        "date": "2021-02-18T04:07:48.149Z",
        "value": "244.74493384361267",
        "cumulative": false
    },
    {
        "date": "2021-02-18T04:12:03.025Z",
        "value": "242.91371417045593",
        "cumulative": false
    },
    {
        "date": "2021-02-18T04:16:16.350Z",
        "value": "241.3805239200592",
        "cumulative": false
    },
    {
        "date": "2021-02-18T04:20:31.333Z",
        "value": "243.03784775733948",
        "cumulative": false
    },
    {
        "date": "2021-02-18T04:24:45.649Z",
        "value": "242.34232926368713",
        "cumulative": false
    },
    {
        "date": "2021-02-18T04:28:58.241Z",
        "value": "240.64002799987793",
        "cumulative": false
    },
    {
        "date": "2021-02-18T04:33:13.692Z",
        "value": "243.44341492652893",
        "cumulative": false
    },
    {
        "date": "2021-02-18T04:37:26.902Z",
        "value": "241.2024757862091",
        "cumulative": false
    },
    {
        "date": "2021-02-18T04:41:40.671Z",
        "value": "241.81867337226868",
        "cumulative": false
    },
    {
        "date": "2021-02-18T04:45:53.468Z",
        "value": "240.84331393241882",
        "cumulative": false
    },
    {
        "date": "2021-02-18T04:50:06.205Z",
        "value": "240.80064845085144",
        "cumulative": false
    },
    {
        "date": "2021-02-18T04:54:21.728Z",
        "value": "243.56173610687256",
        "cumulative": false
    },
    {
        "date": "2021-02-18T04:58:34.492Z",
        "value": "240.85361576080322",
        "cumulative": false
    },
    {
        "date": "2021-02-18T05:02:52.973Z",
        "value": "246.5437707901001",
        "cumulative": false
    },
    {
        "date": "2021-02-18T05:07:12.126Z",
        "value": "247.1674063205719",
        "cumulative": false
    },
    {
        "date": "2021-02-18T05:11:35.210Z",
        "value": "251.15163159370422",
        "cumulative": false
    },
    {
        "date": "2021-02-18T05:15:53.908Z",
        "value": "246.7385950088501",
        "cumulative": false
    },
    {
        "date": "2021-02-18T05:20:06.464Z",
        "value": "240.6169934272766",
        "cumulative": false
    },
    {
        "date": "2021-02-18T05:24:19.504Z",
        "value": "241.0812222957611",
        "cumulative": false
    },
    {
        "date": "2021-02-18T05:28:34.592Z",
        "value": "243.16444492340088",
        "cumulative": false
    },
    {
        "date": "2021-02-18T05:32:50.828Z",
        "value": "244.27268815040588",
        "cumulative": false
    },
    {
        "date": "2021-02-18T05:37:08.425Z",
        "value": "245.66403937339783",
        "cumulative": false
    },
    {
        "date": "2021-02-18T05:41:25.344Z",
        "value": "244.98467779159546",
        "cumulative": false
    },
    {
        "date": "2021-02-18T05:45:40.414Z",
        "value": "243.1197967529297",
        "cumulative": false
    },
    {
        "date": "2021-02-18T05:50:02.762Z",
        "value": "250.3545036315918",
        "cumulative": false
    },
    {
        "date": "2021-02-18T05:54:22.811Z",
        "value": "248.12978148460388",
        "cumulative": false
    },
    {
        "date": "2021-02-18T05:58:49.585Z",
        "value": "254.82546830177307",
        "cumulative": false
    },
    {
        "date": "2021-02-18T06:03:08.671Z",
        "value": "247.10951209068298",
        "cumulative": false
    },
    {
        "date": "2021-02-18T06:07:27.657Z",
        "value": "247.03104662895203",
        "cumulative": false
    },
    {
        "date": "2021-02-18T06:11:44.332Z",
        "value": "244.7451686859131",
        "cumulative": false
    },
    {
        "date": "2021-02-18T06:16:06.206Z",
        "value": "249.89791584014893",
        "cumulative": false
    },
    {
        "date": "2021-02-18T06:20:28.800Z",
        "value": "250.65446257591248",
        "cumulative": false
    },
    {
        "date": "2021-02-18T06:24:51.065Z",
        "value": "250.3305163383484",
        "cumulative": false
    },
    {
        "date": "2021-02-18T06:29:16.730Z",
        "value": "253.69195532798767",
        "cumulative": false
    },
    {
        "date": "2021-02-18T06:33:37.247Z",
        "value": "248.61993718147278",
        "cumulative": false
    },
    {
        "date": "2021-02-18T06:37:57.531Z",
        "value": "248.2936532497406",
        "cumulative": false
    },
    {
        "date": "2021-02-18T06:42:17.042Z",
        "value": "247.5803542137146",
        "cumulative": false
    },
    {
        "date": "2021-02-18T06:46:37.050Z",
        "value": "248.06242203712463",
        "cumulative": false
    },
    {
        "date": "2021-02-18T06:50:55.347Z",
        "value": "246.3090078830719",
        "cumulative": false
    },
    {
        "date": "2021-02-18T06:55:14.778Z",
        "value": "247.51436972618103",
        "cumulative": false
    },
    {
        "date": "2021-02-18T06:59:31.374Z",
        "value": "244.67837381362915",
        "cumulative": false
    },
    {
        "date": "2021-02-18T07:03:42.116Z",
        "value": "238.82440042495728",
        "cumulative": false
    },
    {
        "date": "2021-02-18T07:08:03.100Z",
        "value": "249.05049109458923",
        "cumulative": false
    },
    {
        "date": "2021-02-18T07:12:23.257Z",
        "value": "248.1909372806549",
        "cumulative": false
    },
    {
        "date": "2021-02-18T07:16:36.471Z",
        "value": "241.2602186203003",
        "cumulative": false
    },
    {
        "date": "2021-02-18T07:20:56.550Z",
        "value": "248.1140275001526",
        "cumulative": false
    },
    {
        "date": "2021-02-18T07:25:11.779Z",
        "value": "243.21637535095215",
        "cumulative": false
    },
    {
        "date": "2021-02-18T07:29:27.810Z",
        "value": "244.0986189842224",
        "cumulative": false
    },
    {
        "date": "2021-02-18T07:33:48.860Z",
        "value": "249.1168487071991",
        "cumulative": false
    },
    {
        "date": "2021-02-18T07:38:07.192Z",
        "value": "246.39170598983765",
        "cumulative": false
    },
    {
        "date": "2021-02-18T07:42:24.827Z",
        "value": "245.68260884284973",
        "cumulative": false
    },
    {
        "date": "2021-02-18T07:46:45.819Z",
        "value": "249.05993556976318",
        "cumulative": false
    },
    {
        "date": "2021-02-18T07:51:01.509Z",
        "value": "243.75112652778625",
        "cumulative": false
    },
    {
        "date": "2021-02-18T07:55:26.545Z",
        "value": "253.08596420288086",
        "cumulative": false
    },
    {
        "date": "2021-02-18T07:59:41.646Z",
        "value": "243.19223046302795",
        "cumulative": false
    },
    {
        "date": "2021-02-18T08:03:57.941Z",
        "value": "244.3117871284485",
        "cumulative": false
    },
    {
        "date": "2021-02-18T08:08:24.264Z",
        "value": "254.33351850509644",
        "cumulative": false
    },
    {
        "date": "2021-02-18T08:12:39.206Z",
        "value": "242.97965216636658",
        "cumulative": false
    }
]