[
    {
        "date": "2021-02-17T11:06:28.326Z",
        "value": "86.19830584526062",
        "cumulative": false
    },
    {
        "date": "2021-02-17T11:10:37.364Z",
        "value": "86.60536813735962",
        "cumulative": false
    },
    {
        "date": "2021-02-17T11:14:47.533Z",
        "value": "87.28566765785217",
        "cumulative": false
    },
    {
        "date": "2021-02-17T11:18:55.077Z",
        "value": "87.31918525695801",
        "cumulative": false
    },
    {
        "date": "2021-02-17T11:23:03.050Z",
        "value": "86.9347755908966",
        "cumulative": false
    },
    {
        "date": "2021-02-17T11:27:11.292Z",
        "value": "87.22912526130676",
        "cumulative": false
    },
    {
        "date": "2021-02-17T11:31:22.151Z",
        "value": "87.35031723976135",
        "cumulative": false
    },
    {
        "date": "2021-02-17T11:35:33.523Z",
        "value": "87.44079160690308",
        "cumulative": false
    },
    {
        "date": "2021-02-17T11:39:40.733Z",
        "value": "87.52254986763",
        "cumulative": false
    },
    {
        "date": "2021-02-17T11:43:52.357Z",
        "value": "86.86429476737976",
        "cumulative": false
    },
    {
        "date": "2021-02-17T11:47:59.351Z",
        "value": "87.01931500434875",
        "cumulative": false
    },
    {
        "date": "2021-02-17T11:52:00.086Z",
        "value": "87.20688104629517",
        "cumulative": false
    },
    {
        "date": "2021-02-17T11:56:06.624Z",
        "value": "86.81675267219543",
        "cumulative": false
    },
    {
        "date": "2021-02-17T12:00:15.231Z",
        "value": "86.11835026741028",
        "cumulative": false
    },
    {
        "date": "2021-02-17T12:04:28.379Z",
        "value": "87.17075943946838",
        "cumulative": false
    },
    {
        "date": "2021-02-17T12:08:36.521Z",
        "value": "87.39062929153442",
        "cumulative": false
    },
    {
        "date": "2021-02-17T12:12:45.045Z",
        "value": "87.19075632095337",
        "cumulative": false
    },
    {
        "date": "2021-02-17T12:16:54.477Z",
        "value": "87.16581058502197",
        "cumulative": false
    },
    {
        "date": "2021-02-17T12:20:59.820Z",
        "value": "87.53130030632019",
        "cumulative": false
    },
    {
        "date": "2021-02-17T12:25:02.242Z",
        "value": "87.45566630363464",
        "cumulative": false
    },
    {
        "date": "2021-02-17T12:29:04.845Z",
        "value": "87.47705101966858",
        "cumulative": false
    },
    {
        "date": "2021-02-17T12:33:12.933Z",
        "value": "87.72400116920471",
        "cumulative": false
    },
    {
        "date": "2021-02-17T12:37:25.557Z",
        "value": "86.93985891342163",
        "cumulative": false
    },
    {
        "date": "2021-02-17T12:41:36.844Z",
        "value": "87.37490272521973",
        "cumulative": false
    },
    {
        "date": "2021-02-17T12:45:46.307Z",
        "value": "87.7296450138092",
        "cumulative": false
    },
    {
        "date": "2021-02-17T12:49:57.046Z",
        "value": "87.50063133239746",
        "cumulative": false
    },
    {
        "date": "2021-02-17T12:54:03.738Z",
        "value": "87.0465099811554",
        "cumulative": false
    },
    {
        "date": "2021-02-17T12:58:17.622Z",
        "value": "87.17836356163025",
        "cumulative": false
    },
    {
        "date": "2021-02-17T13:02:24.661Z",
        "value": "87.51654005050659",
        "cumulative": false
    },
    {
        "date": "2021-02-17T13:06:30.769Z",
        "value": "87.29740333557129",
        "cumulative": false
    },
    {
        "date": "2021-02-17T13:10:42.774Z",
        "value": "87.57331562042236",
        "cumulative": false
    },
    {
        "date": "2021-02-17T13:14:51.006Z",
        "value": "87.41912269592285",
        "cumulative": false
    },
    {
        "date": "2021-02-17T13:18:59.748Z",
        "value": "87.045889377594",
        "cumulative": false
    },
    {
        "date": "2021-02-17T13:23:05.112Z",
        "value": "87.7493999004364",
        "cumulative": false
    },
    {
        "date": "2021-02-17T13:27:14.862Z",
        "value": "87.38341879844666",
        "cumulative": false
    },
    {
        "date": "2021-02-17T13:31:27.354Z",
        "value": "87.40279769897461",
        "cumulative": false
    },
    {
        "date": "2021-02-17T13:35:35.633Z",
        "value": "87.3714029788971",
        "cumulative": false
    },
    {
        "date": "2021-02-17T13:39:43.667Z",
        "value": "87.5292637348175",
        "cumulative": false
    },
    {
        "date": "2021-02-17T13:43:50.064Z",
        "value": "87.75446796417236",
        "cumulative": false
    },
    {
        "date": "2021-02-17T13:48:01.376Z",
        "value": "87.3937156200409",
        "cumulative": false
    },
    {
        "date": "2021-02-17T13:52:19.540Z",
        "value": "87.17047214508057",
        "cumulative": false
    },
    {
        "date": "2021-02-17T13:56:32.138Z",
        "value": "87.36126136779785",
        "cumulative": false
    },
    {
        "date": "2021-02-17T14:00:41.332Z",
        "value": "87.76547384262085",
        "cumulative": false
    },
    {
        "date": "2021-02-17T14:04:46.012Z",
        "value": "87.51723742485046",
        "cumulative": false
    },
    {
        "date": "2021-02-17T14:08:53.208Z",
        "value": "87.3862054347992",
        "cumulative": false
    },
    {
        "date": "2021-02-17T14:13:04.859Z",
        "value": "87.83522582054138",
        "cumulative": false
    },
    {
        "date": "2021-02-17T14:17:11.923Z",
        "value": "87.07492423057556",
        "cumulative": false
    },
    {
        "date": "2021-02-17T14:21:26.452Z",
        "value": "86.54012608528137",
        "cumulative": false
    },
    {
        "date": "2021-02-17T14:25:32.458Z",
        "value": "87.86696863174438",
        "cumulative": false
    },
    {
        "date": "2021-02-17T14:29:43.077Z",
        "value": "87.34983515739441",
        "cumulative": false
    },
    {
        "date": "2021-02-17T14:33:51.632Z",
        "value": "87.66459155082703",
        "cumulative": false
    },
    {
        "date": "2021-02-17T14:37:59.102Z",
        "value": "87.65233874320984",
        "cumulative": false
    },
    {
        "date": "2021-02-17T14:42:12.495Z",
        "value": "87.72550129890442",
        "cumulative": false
    },
    {
        "date": "2021-02-17T14:46:25.846Z",
        "value": "87.76617956161499",
        "cumulative": false
    },
    {
        "date": "2021-02-17T14:50:39.244Z",
        "value": "87.68844652175903",
        "cumulative": false
    },
    {
        "date": "2021-02-17T14:54:54.833Z",
        "value": "87.87297105789185",
        "cumulative": false
    },
    {
        "date": "2021-02-17T14:59:01.992Z",
        "value": "88.37656950950623",
        "cumulative": false
    },
    {
        "date": "2021-02-17T15:03:19.135Z",
        "value": "87.61177206039429",
        "cumulative": false
    },
    {
        "date": "2021-02-17T15:07:30.521Z",
        "value": "87.86987352371216",
        "cumulative": false
    },
    {
        "date": "2021-02-17T15:11:37.460Z",
        "value": "87.52300238609314",
        "cumulative": false
    },
    {
        "date": "2021-02-17T15:15:55.723Z",
        "value": "87.49510097503662",
        "cumulative": false
    },
    {
        "date": "2021-02-17T15:20:13.080Z",
        "value": "87.14981889724731",
        "cumulative": false
    },
    {
        "date": "2021-02-17T15:24:21.722Z",
        "value": "88.02529048919678",
        "cumulative": false
    },
    {
        "date": "2021-02-17T15:28:41.190Z",
        "value": "87.33600878715515",
        "cumulative": false
    },
    {
        "date": "2021-02-17T15:32:51.674Z",
        "value": "87.68052792549133",
        "cumulative": false
    },
    {
        "date": "2021-02-17T15:37:11.106Z",
        "value": "87.32928729057312",
        "cumulative": false
    },
    {
        "date": "2021-02-17T15:41:22.545Z",
        "value": "87.81262874603271",
        "cumulative": false
    },
    {
        "date": "2021-02-17T15:45:34.787Z",
        "value": "87.97315168380737",
        "cumulative": false
    },
    {
        "date": "2021-02-17T15:49:52.320Z",
        "value": "87.84923696517944",
        "cumulative": false
    },
    {
        "date": "2021-02-17T15:54:11.702Z",
        "value": "87.66009283065796",
        "cumulative": false
    },
    {
        "date": "2021-02-17T15:58:26.569Z",
        "value": "87.3718147277832",
        "cumulative": false
    },
    {
        "date": "2021-02-17T16:02:35.537Z",
        "value": "87.45403790473938",
        "cumulative": false
    },
    {
        "date": "2021-02-17T16:06:52.198Z",
        "value": "88.16040253639221",
        "cumulative": false
    },
    {
        "date": "2021-02-17T16:11:03.374Z",
        "value": "87.61742115020752",
        "cumulative": false
    },
    {
        "date": "2021-02-17T16:15:19.414Z",
        "value": "87.36869311332703",
        "cumulative": false
    },
    {
        "date": "2021-02-17T16:19:39.789Z",
        "value": "87.71660089492798",
        "cumulative": false
    },
    {
        "date": "2021-02-17T16:23:59.864Z",
        "value": "88.38000321388245",
        "cumulative": false
    },
    {
        "date": "2021-02-17T16:28:18.346Z",
        "value": "87.9016945362091",
        "cumulative": false
    },
    {
        "date": "2021-02-17T16:32:33.295Z",
        "value": "87.31984257698059",
        "cumulative": false
    },
    {
        "date": "2021-02-17T16:36:45.834Z",
        "value": "87.8671875",
        "cumulative": false
    },
    {
        "date": "2021-02-17T16:40:57.172Z",
        "value": "88.00979900360107",
        "cumulative": false
    },
    {
        "date": "2021-02-17T16:45:11.943Z",
        "value": "87.39152336120605",
        "cumulative": false
    },
    {
        "date": "2021-02-17T16:49:29.979Z",
        "value": "87.60773873329163",
        "cumulative": false
    },
    {
        "date": "2021-02-17T16:53:46.845Z",
        "value": "87.78558349609375",
        "cumulative": false
    },
    {
        "date": "2021-02-17T16:57:56.588Z",
        "value": "88.13300275802612",
        "cumulative": false
    },
    {
        "date": "2021-02-17T17:02:08.201Z",
        "value": "88.34608483314514",
        "cumulative": false
    },
    {
        "date": "2021-02-17T17:06:26.346Z",
        "value": "87.35729002952576",
        "cumulative": false
    },
    {
        "date": "2021-02-17T17:10:50.368Z",
        "value": "87.0232355594635",
        "cumulative": false
    },
    {
        "date": "2021-02-17T17:15:06.195Z",
        "value": "88.37037420272827",
        "cumulative": false
    },
    {
        "date": "2021-02-17T17:19:21.288Z",
        "value": "88.1516170501709",
        "cumulative": false
    },
    {
        "date": "2021-02-17T17:23:34.365Z",
        "value": "87.43858289718628",
        "cumulative": false
    },
    {
        "date": "2021-02-17T17:27:44.377Z",
        "value": "87.86737585067749",
        "cumulative": false
    },
    {
        "date": "2021-02-17T17:32:03.249Z",
        "value": "87.86931037902832",
        "cumulative": false
    },
    {
        "date": "2021-02-17T17:36:22.877Z",
        "value": "87.57168316841125",
        "cumulative": false
    },
    {
        "date": "2021-02-17T17:40:40.012Z",
        "value": "87.99533891677856",
        "cumulative": false
    },
    {
        "date": "2021-02-17T17:44:57.556Z",
        "value": "88.20885729789734",
        "cumulative": false
    },
    {
        "date": "2021-02-17T17:49:10.842Z",
        "value": "87.97402906417847",
        "cumulative": false
    },
    {
        "date": "2021-02-17T17:53:24.891Z",
        "value": "87.74697971343994",
        "cumulative": false
    },
    {
        "date": "2021-02-17T17:57:41.388Z",
        "value": "87.51136541366577",
        "cumulative": false
    },
    {
        "date": "2021-02-17T18:01:57.786Z",
        "value": "87.74886322021484",
        "cumulative": false
    },
    {
        "date": "2021-02-17T18:06:15.861Z",
        "value": "88.17847514152527",
        "cumulative": false
    },
    {
        "date": "2021-02-17T18:10:38.088Z",
        "value": "87.328928232193",
        "cumulative": false
    },
    {
        "date": "2021-02-17T18:14:56.706Z",
        "value": "87.76377129554749",
        "cumulative": false
    },
    {
        "date": "2021-02-17T18:19:09.367Z",
        "value": "88.24171161651611",
        "cumulative": false
    },
    {
        "date": "2021-02-17T18:23:20.801Z",
        "value": "87.62327289581299",
        "cumulative": false
    },
    {
        "date": "2021-02-17T18:27:35.474Z",
        "value": "88.16028165817261",
        "cumulative": false
    },
    {
        "date": "2021-02-17T18:31:54.580Z",
        "value": "87.91727709770203",
        "cumulative": false
    },
    {
        "date": "2021-02-17T18:36:09.422Z",
        "value": "88.19519329071045",
        "cumulative": false
    },
    {
        "date": "2021-02-17T18:40:30.449Z",
        "value": "87.95448422431946",
        "cumulative": false
    },
    {
        "date": "2021-02-17T18:44:46.753Z",
        "value": "87.9151029586792",
        "cumulative": false
    },
    {
        "date": "2021-02-17T18:48:59.485Z",
        "value": "87.69656944274902",
        "cumulative": false
    },
    {
        "date": "2021-02-17T18:53:11.017Z",
        "value": "88.0998969078064",
        "cumulative": false
    },
    {
        "date": "2021-02-17T18:57:25.307Z",
        "value": "87.0783622264862",
        "cumulative": false
    },
    {
        "date": "2021-02-17T19:01:46.235Z",
        "value": "87.88908219337463",
        "cumulative": false
    },
    {
        "date": "2021-02-17T19:06:06.245Z",
        "value": "87.70864129066467",
        "cumulative": false
    },
    {
        "date": "2021-02-17T19:10:23.691Z",
        "value": "87.59817552566528",
        "cumulative": false
    },
    {
        "date": "2021-02-17T19:14:37.992Z",
        "value": "87.7120189666748",
        "cumulative": false
    },
    {
        "date": "2021-02-17T19:18:54.653Z",
        "value": "87.9590950012207",
        "cumulative": false
    },
    {
        "date": "2021-02-17T19:23:08.442Z",
        "value": "87.40862369537354",
        "cumulative": false
    },
    {
        "date": "2021-02-17T19:27:23.477Z",
        "value": "87.66272473335266",
        "cumulative": false
    },
    {
        "date": "2021-02-17T19:31:42.326Z",
        "value": "87.7848768234253",
        "cumulative": false
    },
    {
        "date": "2021-02-17T19:35:57.200Z",
        "value": "88.10974049568176",
        "cumulative": false
    },
    {
        "date": "2021-02-17T19:40:14.734Z",
        "value": "87.2669198513031",
        "cumulative": false
    },
    {
        "date": "2021-02-17T19:44:31.829Z",
        "value": "87.86345982551575",
        "cumulative": false
    },
    {
        "date": "2021-02-17T19:48:42.186Z",
        "value": "87.7982087135315",
        "cumulative": false
    },
    {
        "date": "2021-02-17T19:52:58.435Z",
        "value": "87.9821994304657",
        "cumulative": false
    },
    {
        "date": "2021-02-17T19:57:15.361Z",
        "value": "87.55569529533386",
        "cumulative": false
    },
    {
        "date": "2021-02-17T20:01:27.368Z",
        "value": "87.5597403049469",
        "cumulative": false
    },
    {
        "date": "2021-02-17T20:05:46.350Z",
        "value": "87.59544944763184",
        "cumulative": false
    },
    {
        "date": "2021-02-17T20:09:55.385Z",
        "value": "87.70709824562073",
        "cumulative": false
    },
    {
        "date": "2021-02-17T20:14:13.260Z",
        "value": "87.84561777114868",
        "cumulative": false
    },
    {
        "date": "2021-02-17T20:18:27.876Z",
        "value": "87.54535841941833",
        "cumulative": false
    },
    {
        "date": "2021-02-17T20:22:40.454Z",
        "value": "87.81505179405212",
        "cumulative": false
    },
    {
        "date": "2021-02-17T20:26:58.132Z",
        "value": "87.16226196289062",
        "cumulative": false
    },
    {
        "date": "2021-02-17T20:31:08.475Z",
        "value": "86.88691139221191",
        "cumulative": false
    },
    {
        "date": "2021-02-17T20:35:24.430Z",
        "value": "88.61651039123535",
        "cumulative": false
    },
    {
        "date": "2021-02-17T20:39:42.249Z",
        "value": "87.4538254737854",
        "cumulative": false
    },
    {
        "date": "2021-02-17T20:43:57.697Z",
        "value": "87.98428416252136",
        "cumulative": false
    },
    {
        "date": "2021-02-17T20:48:15.156Z",
        "value": "87.312495470047",
        "cumulative": false
    },
    {
        "date": "2021-02-17T20:52:29.988Z",
        "value": "87.77912473678589",
        "cumulative": false
    },
    {
        "date": "2021-02-17T20:56:48.969Z",
        "value": "87.32673263549805",
        "cumulative": false
    },
    {
        "date": "2021-02-17T21:01:06.747Z",
        "value": "87.85448813438416",
        "cumulative": false
    },
    {
        "date": "2021-02-17T21:05:20.108Z",
        "value": "88.0971257686615",
        "cumulative": false
    },
    {
        "date": "2021-02-17T21:09:40.222Z",
        "value": "87.95897340774536",
        "cumulative": false
    },
    {
        "date": "2021-02-17T21:13:56.493Z",
        "value": "87.81308364868164",
        "cumulative": false
    },
    {
        "date": "2021-02-17T21:18:07.600Z",
        "value": "87.47043204307556",
        "cumulative": false
    },
    {
        "date": "2021-02-17T21:22:24.744Z",
        "value": "88.0410966873169",
        "cumulative": false
    },
    {
        "date": "2021-02-17T21:26:42.396Z",
        "value": "87.59298992156982",
        "cumulative": false
    },
    {
        "date": "2021-02-17T21:30:57.987Z",
        "value": "87.31787705421448",
        "cumulative": false
    },
    {
        "date": "2021-02-17T21:35:09.915Z",
        "value": "87.12561297416687",
        "cumulative": false
    },
    {
        "date": "2021-02-17T21:39:30.409Z",
        "value": "87.92803573608398",
        "cumulative": false
    },
    {
        "date": "2021-02-17T21:43:43.711Z",
        "value": "87.7458119392395",
        "cumulative": false
    },
    {
        "date": "2021-02-17T21:47:59.325Z",
        "value": "87.3153600692749",
        "cumulative": false
    },
    {
        "date": "2021-02-17T21:52:15.100Z",
        "value": "87.29653477668762",
        "cumulative": false
    },
    {
        "date": "2021-02-17T21:56:28.014Z",
        "value": "87.1973307132721",
        "cumulative": false
    },
    {
        "date": "2021-02-17T22:00:44.269Z",
        "value": "87.90448212623596",
        "cumulative": false
    },
    {
        "date": "2021-02-17T22:04:59.781Z",
        "value": "87.6393039226532",
        "cumulative": false
    },
    {
        "date": "2021-02-17T22:09:17.526Z",
        "value": "87.91445589065552",
        "cumulative": false
    },
    {
        "date": "2021-02-17T22:13:35.989Z",
        "value": "87.54102373123169",
        "cumulative": false
    },
    {
        "date": "2021-02-17T22:17:47.879Z",
        "value": "87.27318143844604",
        "cumulative": false
    },
    {
        "date": "2021-02-17T22:22:05.349Z",
        "value": "87.88656258583069",
        "cumulative": false
    },
    {
        "date": "2021-02-17T22:26:18.824Z",
        "value": "88.1884253025055",
        "cumulative": false
    },
    {
        "date": "2021-02-17T22:30:36.529Z",
        "value": "86.8729600906372",
        "cumulative": false
    },
    {
        "date": "2021-02-17T22:34:52.224Z",
        "value": "87.77396750450134",
        "cumulative": false
    },
    {
        "date": "2021-02-17T22:39:05.298Z",
        "value": "87.72097253799438",
        "cumulative": false
    },
    {
        "date": "2021-02-17T22:43:21.479Z",
        "value": "88.22108578681946",
        "cumulative": false
    },
    {
        "date": "2021-02-17T22:47:35.205Z",
        "value": "87.62480688095093",
        "cumulative": false
    },
    {
        "date": "2021-02-17T22:51:54.598Z",
        "value": "87.49380326271057",
        "cumulative": false
    },
    {
        "date": "2021-02-17T22:56:07.838Z",
        "value": "87.76181507110596",
        "cumulative": false
    },
    {
        "date": "2021-02-17T23:00:20.109Z",
        "value": "87.75456404685974",
        "cumulative": false
    },
    {
        "date": "2021-02-17T23:04:37.742Z",
        "value": "87.45967984199524",
        "cumulative": false
    },
    {
        "date": "2021-02-17T23:08:52.821Z",
        "value": "87.39594006538391",
        "cumulative": false
    },
    {
        "date": "2021-02-17T23:13:07.518Z",
        "value": "87.86431550979614",
        "cumulative": false
    },
    {
        "date": "2021-02-17T23:17:24.050Z",
        "value": "88.20986890792847",
        "cumulative": false
    },
    {
        "date": "2021-02-17T23:21:36.391Z",
        "value": "87.7558524608612",
        "cumulative": false
    },
    {
        "date": "2021-02-17T23:25:52.884Z",
        "value": "88.0150637626648",
        "cumulative": false
    },
    {
        "date": "2021-02-17T23:30:10.164Z",
        "value": "87.65135884284973",
        "cumulative": false
    },
    {
        "date": "2021-02-17T23:34:23.622Z",
        "value": "88.02887773513794",
        "cumulative": false
    },
    {
        "date": "2021-02-17T23:38:45.043Z",
        "value": "87.14937925338745",
        "cumulative": false
    },
    {
        "date": "2021-02-17T23:43:04.268Z",
        "value": "87.83220171928406",
        "cumulative": false
    },
    {
        "date": "2021-02-17T23:47:17.852Z",
        "value": "86.8602044582367",
        "cumulative": false
    },
    {
        "date": "2021-02-17T23:51:39.268Z",
        "value": "87.20805263519287",
        "cumulative": false
    },
    {
        "date": "2021-02-17T23:55:52.645Z",
        "value": "87.53875994682312",
        "cumulative": false
    },
    {
        "date": "2021-02-18T00:00:12.222Z",
        "value": "87.75367975234985",
        "cumulative": false
    },
    {
        "date": "2021-02-18T00:04:25.106Z",
        "value": "87.36562204360962",
        "cumulative": false
    },
    {
        "date": "2021-02-18T00:08:38.629Z",
        "value": "88.15913343429565",
        "cumulative": false
    },
    {
        "date": "2021-02-18T00:12:59.663Z",
        "value": "88.32561135292053",
        "cumulative": false
    },
    {
        "date": "2021-02-18T00:17:13.045Z",
        "value": "87.10529851913452",
        "cumulative": false
    },
    {
        "date": "2021-02-18T00:21:31.771Z",
        "value": "87.65989017486572",
        "cumulative": false
    },
    {
        "date": "2021-02-18T00:25:54.655Z",
        "value": "87.23987245559692",
        "cumulative": false
    },
    {
        "date": "2021-02-18T00:30:05.049Z",
        "value": "87.85404992103577",
        "cumulative": false
    },
    {
        "date": "2021-02-18T00:34:15.921Z",
        "value": "87.50561237335205",
        "cumulative": false
    },
    {
        "date": "2021-02-18T00:38:29.152Z",
        "value": "88.03768706321716",
        "cumulative": false
    },
    {
        "date": "2021-02-18T00:42:49.761Z",
        "value": "87.51693391799927",
        "cumulative": false
    },
    {
        "date": "2021-02-18T00:47:05.768Z",
        "value": "88.01704812049866",
        "cumulative": false
    },
    {
        "date": "2021-02-18T00:51:21.868Z",
        "value": "88.2753484249115",
        "cumulative": false
    },
    {
        "date": "2021-02-18T00:55:37.069Z",
        "value": "87.74661755561829",
        "cumulative": false
    },
    {
        "date": "2021-02-18T00:59:48.419Z",
        "value": "87.3126802444458",
        "cumulative": false
    },
    {
        "date": "2021-02-18T01:04:05.011Z",
        "value": "87.78979325294495",
        "cumulative": false
    },
    {
        "date": "2021-02-18T01:08:21.504Z",
        "value": "87.33226728439331",
        "cumulative": false
    },
    {
        "date": "2021-02-18T01:12:37.799Z",
        "value": "87.35940051078796",
        "cumulative": false
    },
    {
        "date": "2021-02-18T01:16:58.160Z",
        "value": "87.60508131980896",
        "cumulative": false
    },
    {
        "date": "2021-02-18T01:21:13.064Z",
        "value": "87.21700477600098",
        "cumulative": false
    },
    {
        "date": "2021-02-18T01:25:32.967Z",
        "value": "88.04215478897095",
        "cumulative": false
    },
    {
        "date": "2021-02-18T01:29:48.085Z",
        "value": "87.48603820800781",
        "cumulative": false
    },
    {
        "date": "2021-02-18T01:34:07.119Z",
        "value": "87.45974397659302",
        "cumulative": false
    },
    {
        "date": "2021-02-18T01:38:22.648Z",
        "value": "87.68211483955383",
        "cumulative": false
    },
    {
        "date": "2021-02-18T01:42:40.413Z",
        "value": "87.81485986709595",
        "cumulative": false
    },
    {
        "date": "2021-02-18T01:46:56.627Z",
        "value": "87.48234510421753",
        "cumulative": false
    },
    {
        "date": "2021-02-18T01:51:13.080Z",
        "value": "87.7993733882904",
        "cumulative": false
    },
    {
        "date": "2021-02-18T01:55:32.609Z",
        "value": "87.18185138702393",
        "cumulative": false
    },
    {
        "date": "2021-02-18T01:59:49.041Z",
        "value": "87.83325338363647",
        "cumulative": false
    },
    {
        "date": "2021-02-18T02:04:02.925Z",
        "value": "87.53698563575745",
        "cumulative": false
    },
    {
        "date": "2021-02-18T02:08:19.513Z",
        "value": "87.76900911331177",
        "cumulative": false
    },
    {
        "date": "2021-02-18T02:12:33.613Z",
        "value": "88.08114433288574",
        "cumulative": false
    },
    {
        "date": "2021-02-18T02:16:49.650Z",
        "value": "87.84222912788391",
        "cumulative": false
    },
    {
        "date": "2021-02-18T02:21:05.900Z",
        "value": "87.87557435035706",
        "cumulative": false
    },
    {
        "date": "2021-02-18T02:25:29.580Z",
        "value": "87.7033519744873",
        "cumulative": false
    },
    {
        "date": "2021-02-18T02:29:44.463Z",
        "value": "87.74520611763",
        "cumulative": false
    },
    {
        "date": "2021-02-18T02:33:56.840Z",
        "value": "88.15970206260681",
        "cumulative": false
    },
    {
        "date": "2021-02-18T02:38:15.267Z",
        "value": "87.65707492828369",
        "cumulative": false
    },
    {
        "date": "2021-02-18T02:42:36.338Z",
        "value": "87.96993398666382",
        "cumulative": false
    },
    {
        "date": "2021-02-18T02:46:55.216Z",
        "value": "88.0098283290863",
        "cumulative": false
    },
    {
        "date": "2021-02-18T02:51:05.603Z",
        "value": "88.17546701431274",
        "cumulative": false
    },
    {
        "date": "2021-02-18T02:55:14.746Z",
        "value": "88.04959535598755",
        "cumulative": false
    },
    {
        "date": "2021-02-18T02:59:26.902Z",
        "value": "88.23732256889343",
        "cumulative": false
    },
    {
        "date": "2021-02-18T03:03:43.022Z",
        "value": "88.13871693611145",
        "cumulative": false
    },
    {
        "date": "2021-02-18T03:08:01.080Z",
        "value": "88.50083899497986",
        "cumulative": false
    },
    {
        "date": "2021-02-18T03:12:22.320Z",
        "value": "87.72065687179565",
        "cumulative": false
    },
    {
        "date": "2021-02-18T03:16:38.244Z",
        "value": "88.2444589138031",
        "cumulative": false
    },
    {
        "date": "2021-02-18T03:20:57.085Z",
        "value": "88.0346314907074",
        "cumulative": false
    },
    {
        "date": "2021-02-18T03:25:17.708Z",
        "value": "88.01209855079651",
        "cumulative": false
    },
    {
        "date": "2021-02-18T03:29:36.696Z",
        "value": "87.96469378471375",
        "cumulative": false
    },
    {
        "date": "2021-02-18T03:33:55.321Z",
        "value": "88.11655879020691",
        "cumulative": false
    },
    {
        "date": "2021-02-18T03:38:14.940Z",
        "value": "88.2909951210022",
        "cumulative": false
    },
    {
        "date": "2021-02-18T03:42:33.105Z",
        "value": "88.58475255966187",
        "cumulative": false
    },
    {
        "date": "2021-02-18T03:46:50.226Z",
        "value": "88.29389882087708",
        "cumulative": false
    },
    {
        "date": "2021-02-18T03:51:03.405Z",
        "value": "88.40086078643799",
        "cumulative": false
    },
    {
        "date": "2021-02-18T03:55:15.416Z",
        "value": "87.78078007698059",
        "cumulative": false
    },
    {
        "date": "2021-02-18T03:59:22.038Z",
        "value": "88.2950530052185",
        "cumulative": false
    },
    {
        "date": "2021-02-18T04:03:31.475Z",
        "value": "87.95990228652954",
        "cumulative": false
    },
    {
        "date": "2021-02-18T04:07:48.150Z",
        "value": "88.33664155006409",
        "cumulative": false
    },
    {
        "date": "2021-02-18T04:12:03.026Z",
        "value": "88.4242913722992",
        "cumulative": false
    },
    {
        "date": "2021-02-18T04:16:16.351Z",
        "value": "88.13717794418335",
        "cumulative": false
    },
    {
        "date": "2021-02-18T04:20:31.334Z",
        "value": "88.47206664085388",
        "cumulative": false
    },
    {
        "date": "2021-02-18T04:24:45.650Z",
        "value": "88.34484577178955",
        "cumulative": false
    },
    {
        "date": "2021-02-18T04:28:58.242Z",
        "value": "88.44301533699036",
        "cumulative": false
    },
    {
        "date": "2021-02-18T04:33:13.693Z",
        "value": "88.68406128883362",
        "cumulative": false
    },
    {
        "date": "2021-02-18T04:37:26.903Z",
        "value": "87.78463530540466",
        "cumulative": false
    },
    {
        "date": "2021-02-18T04:41:40.672Z",
        "value": "88.22729825973511",
        "cumulative": false
    },
    {
        "date": "2021-02-18T04:45:53.469Z",
        "value": "87.80885362625122",
        "cumulative": false
    },
    {
        "date": "2021-02-18T04:50:06.205Z",
        "value": "88.60119152069092",
        "cumulative": false
    },
    {
        "date": "2021-02-18T04:54:21.728Z",
        "value": "88.42887806892395",
        "cumulative": false
    },
    {
        "date": "2021-02-18T04:58:34.492Z",
        "value": "88.09152841567993",
        "cumulative": false
    },
    {
        "date": "2021-02-18T05:02:52.973Z",
        "value": "88.14549851417542",
        "cumulative": false
    },
    {
        "date": "2021-02-18T05:07:12.126Z",
        "value": "88.15501499176025",
        "cumulative": false
    },
    {
        "date": "2021-02-18T05:11:35.210Z",
        "value": "88.15165710449219",
        "cumulative": false
    },
    {
        "date": "2021-02-18T05:15:53.909Z",
        "value": "88.15429091453552",
        "cumulative": false
    },
    {
        "date": "2021-02-18T05:20:06.463Z",
        "value": "87.89958691596985",
        "cumulative": false
    },
    {
        "date": "2021-02-18T05:24:19.503Z",
        "value": "88.38132381439209",
        "cumulative": false
    },
    {
        "date": "2021-02-18T05:28:34.591Z",
        "value": "87.84211802482605",
        "cumulative": false
    },
    {
        "date": "2021-02-18T05:32:50.828Z",
        "value": "88.43553495407104",
        "cumulative": false
    },
    {
        "date": "2021-02-18T05:37:08.424Z",
        "value": "88.3062252998352",
        "cumulative": false
    },
    {
        "date": "2021-02-18T05:41:25.343Z",
        "value": "88.10193371772766",
        "cumulative": false
    },
    {
        "date": "2021-02-18T05:45:40.414Z",
        "value": "88.04779577255249",
        "cumulative": false
    },
    {
        "date": "2021-02-18T05:50:02.762Z",
        "value": "88.04994869232178",
        "cumulative": false
    },
    {
        "date": "2021-02-18T05:54:22.811Z",
        "value": "88.0660765171051",
        "cumulative": false
    },
    {
        "date": "2021-02-18T05:58:49.586Z",
        "value": "87.58764863014221",
        "cumulative": false
    },
    {
        "date": "2021-02-18T06:03:08.672Z",
        "value": "88.06360864639282",
        "cumulative": false
    },
    {
        "date": "2021-02-18T06:07:27.659Z",
        "value": "87.7485101222992",
        "cumulative": false
    },
    {
        "date": "2021-02-18T06:11:44.332Z",
        "value": "88.27700734138489",
        "cumulative": false
    },
    {
        "date": "2021-02-18T06:16:06.207Z",
        "value": "87.86483335494995",
        "cumulative": false
    },
    {
        "date": "2021-02-18T06:20:28.801Z",
        "value": "87.72859215736389",
        "cumulative": false
    },
    {
        "date": "2021-02-18T06:24:51.065Z",
        "value": "88.27345013618469",
        "cumulative": false
    },
    {
        "date": "2021-02-18T06:29:16.730Z",
        "value": "87.66605043411255",
        "cumulative": false
    },
    {
        "date": "2021-02-18T06:33:37.248Z",
        "value": "88.80934476852417",
        "cumulative": false
    },
    {
        "date": "2021-02-18T06:37:57.531Z",
        "value": "88.30200862884521",
        "cumulative": false
    },
    {
        "date": "2021-02-18T06:42:17.043Z",
        "value": "88.46795892715454",
        "cumulative": false
    },
    {
        "date": "2021-02-18T06:46:37.050Z",
        "value": "88.19241166114807",
        "cumulative": false
    },
    {
        "date": "2021-02-18T06:50:55.347Z",
        "value": "88.05013728141785",
        "cumulative": false
    },
    {
        "date": "2021-02-18T06:55:14.778Z",
        "value": "88.1677188873291",
        "cumulative": false
    },
    {
        "date": "2021-02-18T06:59:31.375Z",
        "value": "87.98784804344177",
        "cumulative": false
    },
    {
        "date": "2021-02-18T07:03:42.117Z",
        "value": "88.41901302337646",
        "cumulative": false
    },
    {
        "date": "2021-02-18T07:08:03.098Z",
        "value": "87.40173530578613",
        "cumulative": false
    },
    {
        "date": "2021-02-18T07:12:23.257Z",
        "value": "87.3452582359314",
        "cumulative": false
    },
    {
        "date": "2021-02-18T07:16:36.472Z",
        "value": "87.38939023017883",
        "cumulative": false
    },
    {
        "date": "2021-02-18T07:20:56.550Z",
        "value": "88.15492367744446",
        "cumulative": false
    },
    {
        "date": "2021-02-18T07:25:11.779Z",
        "value": "87.91935658454895",
        "cumulative": false
    },
    {
        "date": "2021-02-18T07:29:27.810Z",
        "value": "88.16485667228699",
        "cumulative": false
    },
    {
        "date": "2021-02-18T07:33:48.860Z",
        "value": "87.77631878852844",
        "cumulative": false
    },
    {
        "date": "2021-02-18T07:38:07.192Z",
        "value": "88.1997127532959",
        "cumulative": false
    },
    {
        "date": "2021-02-18T07:42:24.828Z",
        "value": "87.8840901851654",
        "cumulative": false
    },
    {
        "date": "2021-02-18T07:46:45.819Z",
        "value": "87.99257707595825",
        "cumulative": false
    },
    {
        "date": "2021-02-18T07:51:01.507Z",
        "value": "87.8980131149292",
        "cumulative": false
    },
    {
        "date": "2021-02-18T07:55:26.545Z",
        "value": "87.64371871948242",
        "cumulative": false
    },
    {
        "date": "2021-02-18T07:59:41.646Z",
        "value": "87.85158658027649",
        "cumulative": false
    },
    {
        "date": "2021-02-18T08:03:57.942Z",
        "value": "87.78541970252991",
        "cumulative": false
    },
    {
        "date": "2021-02-18T08:08:24.264Z",
        "value": "87.47311854362488",
        "cumulative": false
    },
    {
        "date": "2021-02-18T08:12:39.206Z",
        "value": "88.01597285270691",
        "cumulative": false
    }
]