[
    {
        "date": "2021-02-17T11:06:28.326Z",
        "value": "0.001867055892944336",
        "cumulative": false
    },
    {
        "date": "2021-02-17T11:10:37.364Z",
        "value": "0.0019528865814208984",
        "cumulative": false
    },
    {
        "date": "2021-02-17T11:14:47.533Z",
        "value": "0.0018644332885742188",
        "cumulative": false
    },
    {
        "date": "2021-02-17T11:18:55.077Z",
        "value": "0.0019466876983642578",
        "cumulative": false
    },
    {
        "date": "2021-02-17T11:23:03.050Z",
        "value": "0.0019068717956542969",
        "cumulative": false
    },
    {
        "date": "2021-02-17T11:27:11.292Z",
        "value": "0.0019032955169677734",
        "cumulative": false
    },
    {
        "date": "2021-02-17T11:31:22.151Z",
        "value": "0.0019419193267822266",
        "cumulative": false
    },
    {
        "date": "2021-02-17T11:35:33.523Z",
        "value": "0.001954317092895508",
        "cumulative": false
    },
    {
        "date": "2021-02-17T11:39:40.733Z",
        "value": "0.0018851757049560547",
        "cumulative": false
    },
    {
        "date": "2021-02-17T11:43:52.357Z",
        "value": "0.0019927024841308594",
        "cumulative": false
    },
    {
        "date": "2021-02-17T11:47:59.351Z",
        "value": "0.0021026134490966797",
        "cumulative": false
    },
    {
        "date": "2021-02-17T11:52:00.086Z",
        "value": "0.0019626617431640625",
        "cumulative": false
    },
    {
        "date": "2021-02-17T11:56:06.625Z",
        "value": "0.0018951892852783203",
        "cumulative": false
    },
    {
        "date": "2021-02-17T12:00:15.231Z",
        "value": "0.001967906951904297",
        "cumulative": false
    },
    {
        "date": "2021-02-17T12:04:28.379Z",
        "value": "0.0019295215606689453",
        "cumulative": false
    },
    {
        "date": "2021-02-17T12:08:36.521Z",
        "value": "0.0018992424011230469",
        "cumulative": false
    },
    {
        "date": "2021-02-17T12:12:45.046Z",
        "value": "0.0018734931945800781",
        "cumulative": false
    },
    {
        "date": "2021-02-17T12:16:54.477Z",
        "value": "0.0019257068634033203",
        "cumulative": false
    },
    {
        "date": "2021-02-17T12:20:59.820Z",
        "value": "0.0018682479858398438",
        "cumulative": false
    },
    {
        "date": "2021-02-17T12:25:02.242Z",
        "value": "0.001955270767211914",
        "cumulative": false
    },
    {
        "date": "2021-02-17T12:29:04.845Z",
        "value": "0.0019309520721435547",
        "cumulative": false
    },
    {
        "date": "2021-02-17T12:33:12.933Z",
        "value": "0.001886606216430664",
        "cumulative": false
    },
    {
        "date": "2021-02-17T12:37:25.557Z",
        "value": "0.0019330978393554688",
        "cumulative": false
    },
    {
        "date": "2021-02-17T12:41:36.844Z",
        "value": "0.001931905746459961",
        "cumulative": false
    },
    {
        "date": "2021-02-17T12:45:46.308Z",
        "value": "0.0019459724426269531",
        "cumulative": false
    },
    {
        "date": "2021-02-17T12:49:57.046Z",
        "value": "0.0019316673278808594",
        "cumulative": false
    },
    {
        "date": "2021-02-17T12:54:03.738Z",
        "value": "0.0019478797912597656",
        "cumulative": false
    },
    {
        "date": "2021-02-17T12:58:17.622Z",
        "value": "0.0018842220306396484",
        "cumulative": false
    },
    {
        "date": "2021-02-17T13:02:24.662Z",
        "value": "0.0018854141235351562",
        "cumulative": false
    },
    {
        "date": "2021-02-17T13:06:30.769Z",
        "value": "0.0018963813781738281",
        "cumulative": false
    },
    {
        "date": "2021-02-17T13:10:42.774Z",
        "value": "0.001894235610961914",
        "cumulative": false
    },
    {
        "date": "2021-02-17T13:14:51.006Z",
        "value": "0.001909017562866211",
        "cumulative": false
    },
    {
        "date": "2021-02-17T13:18:59.748Z",
        "value": "0.0018279552459716797",
        "cumulative": false
    },
    {
        "date": "2021-02-17T13:23:05.112Z",
        "value": "0.0019061565399169922",
        "cumulative": false
    },
    {
        "date": "2021-02-17T13:27:14.862Z",
        "value": "0.0019142627716064453",
        "cumulative": false
    },
    {
        "date": "2021-02-17T13:31:27.354Z",
        "value": "0.0019040107727050781",
        "cumulative": false
    },
    {
        "date": "2021-02-17T13:35:35.633Z",
        "value": "0.001936197280883789",
        "cumulative": false
    },
    {
        "date": "2021-02-17T13:39:43.667Z",
        "value": "0.0019135475158691406",
        "cumulative": false
    },
    {
        "date": "2021-02-17T13:43:50.064Z",
        "value": "0.0019202232360839844",
        "cumulative": false
    },
    {
        "date": "2021-02-17T13:48:01.377Z",
        "value": "0.0018668174743652344",
        "cumulative": false
    },
    {
        "date": "2021-02-17T13:52:19.540Z",
        "value": "0.0018928050994873047",
        "cumulative": false
    },
    {
        "date": "2021-02-17T13:56:32.138Z",
        "value": "0.0019207000732421875",
        "cumulative": false
    },
    {
        "date": "2021-02-17T14:00:41.332Z",
        "value": "0.0019299983978271484",
        "cumulative": false
    },
    {
        "date": "2021-02-17T14:04:46.012Z",
        "value": "0.0018870830535888672",
        "cumulative": false
    },
    {
        "date": "2021-02-17T14:08:53.208Z",
        "value": "0.001931905746459961",
        "cumulative": false
    },
    {
        "date": "2021-02-17T14:13:04.859Z",
        "value": "0.0019440650939941406",
        "cumulative": false
    },
    {
        "date": "2021-02-17T14:17:11.923Z",
        "value": "0.0018792152404785156",
        "cumulative": false
    },
    {
        "date": "2021-02-17T14:21:26.452Z",
        "value": "0.0019707679748535156",
        "cumulative": false
    },
    {
        "date": "2021-02-17T14:25:32.459Z",
        "value": "0.0019183158874511719",
        "cumulative": false
    },
    {
        "date": "2021-02-17T14:29:43.077Z",
        "value": "0.0019371509552001953",
        "cumulative": false
    },
    {
        "date": "2021-02-17T14:33:51.632Z",
        "value": "0.0018661022186279297",
        "cumulative": false
    },
    {
        "date": "2021-02-17T14:37:59.102Z",
        "value": "0.0019278526306152344",
        "cumulative": false
    },
    {
        "date": "2021-02-17T14:42:12.495Z",
        "value": "0.0018825531005859375",
        "cumulative": false
    },
    {
        "date": "2021-02-17T14:46:25.846Z",
        "value": "0.001850128173828125",
        "cumulative": false
    },
    {
        "date": "2021-02-17T14:50:39.244Z",
        "value": "0.0018889904022216797",
        "cumulative": false
    },
    {
        "date": "2021-02-17T14:54:54.833Z",
        "value": "0.0019338130950927734",
        "cumulative": false
    },
    {
        "date": "2021-02-17T14:59:01.992Z",
        "value": "0.0018968582153320312",
        "cumulative": false
    },
    {
        "date": "2021-02-17T15:03:19.135Z",
        "value": "0.001993417739868164",
        "cumulative": false
    },
    {
        "date": "2021-02-17T15:07:30.521Z",
        "value": "0.0019631385803222656",
        "cumulative": false
    },
    {
        "date": "2021-02-17T15:11:37.460Z",
        "value": "0.0019872188568115234",
        "cumulative": false
    },
    {
        "date": "2021-02-17T15:15:55.723Z",
        "value": "0.0020241737365722656",
        "cumulative": false
    },
    {
        "date": "2021-02-17T15:20:13.080Z",
        "value": "0.0019376277923583984",
        "cumulative": false
    },
    {
        "date": "2021-02-17T15:24:21.723Z",
        "value": "0.001947164535522461",
        "cumulative": false
    },
    {
        "date": "2021-02-17T15:28:41.190Z",
        "value": "0.0019237995147705078",
        "cumulative": false
    },
    {
        "date": "2021-02-17T15:32:51.674Z",
        "value": "0.0019271373748779297",
        "cumulative": false
    },
    {
        "date": "2021-02-17T15:37:11.106Z",
        "value": "0.001960277557373047",
        "cumulative": false
    },
    {
        "date": "2021-02-17T15:41:22.545Z",
        "value": "0.0019328594207763672",
        "cumulative": false
    },
    {
        "date": "2021-02-17T15:45:34.787Z",
        "value": "0.0019338130950927734",
        "cumulative": false
    },
    {
        "date": "2021-02-17T15:49:52.320Z",
        "value": "0.0019631385803222656",
        "cumulative": false
    },
    {
        "date": "2021-02-17T15:54:11.702Z",
        "value": "0.001977205276489258",
        "cumulative": false
    },
    {
        "date": "2021-02-17T15:58:26.569Z",
        "value": "0.001992464065551758",
        "cumulative": false
    },
    {
        "date": "2021-02-17T16:02:35.537Z",
        "value": "0.0019981861114501953",
        "cumulative": false
    },
    {
        "date": "2021-02-17T16:06:52.198Z",
        "value": "0.002044677734375",
        "cumulative": false
    },
    {
        "date": "2021-02-17T16:11:03.375Z",
        "value": "0.002019643783569336",
        "cumulative": false
    },
    {
        "date": "2021-02-17T16:15:19.414Z",
        "value": "0.001996278762817383",
        "cumulative": false
    },
    {
        "date": "2021-02-17T16:19:39.789Z",
        "value": "0.0019643306732177734",
        "cumulative": false
    },
    {
        "date": "2021-02-17T16:23:59.864Z",
        "value": "0.001926422119140625",
        "cumulative": false
    },
    {
        "date": "2021-02-17T16:28:18.346Z",
        "value": "0.0019276142120361328",
        "cumulative": false
    },
    {
        "date": "2021-02-17T16:32:33.295Z",
        "value": "0.001966238021850586",
        "cumulative": false
    },
    {
        "date": "2021-02-17T16:36:45.834Z",
        "value": "0.0019567012786865234",
        "cumulative": false
    },
    {
        "date": "2021-02-17T16:40:57.172Z",
        "value": "0.002000093460083008",
        "cumulative": false
    },
    {
        "date": "2021-02-17T16:45:11.943Z",
        "value": "0.0019593238830566406",
        "cumulative": false
    },
    {
        "date": "2021-02-17T16:49:29.979Z",
        "value": "0.0019505023956298828",
        "cumulative": false
    },
    {
        "date": "2021-02-17T16:53:46.845Z",
        "value": "0.001967191696166992",
        "cumulative": false
    },
    {
        "date": "2021-02-17T16:57:56.588Z",
        "value": "0.0020265579223632812",
        "cumulative": false
    },
    {
        "date": "2021-02-17T17:02:08.201Z",
        "value": "0.0020112991333007812",
        "cumulative": false
    },
    {
        "date": "2021-02-17T17:06:26.346Z",
        "value": "0.0020034313201904297",
        "cumulative": false
    },
    {
        "date": "2021-02-17T17:10:50.369Z",
        "value": "0.0019965171813964844",
        "cumulative": false
    },
    {
        "date": "2021-02-17T17:15:06.196Z",
        "value": "0.001916646957397461",
        "cumulative": false
    },
    {
        "date": "2021-02-17T17:19:21.288Z",
        "value": "0.0019316673278808594",
        "cumulative": false
    },
    {
        "date": "2021-02-17T17:23:34.365Z",
        "value": "0.0019598007202148438",
        "cumulative": false
    },
    {
        "date": "2021-02-17T17:27:44.377Z",
        "value": "0.0020303726196289062",
        "cumulative": false
    },
    {
        "date": "2021-02-17T17:32:03.249Z",
        "value": "0.001997709274291992",
        "cumulative": false
    },
    {
        "date": "2021-02-17T17:36:22.877Z",
        "value": "0.002042531967163086",
        "cumulative": false
    },
    {
        "date": "2021-02-17T17:40:40.012Z",
        "value": "0.0021474361419677734",
        "cumulative": false
    },
    {
        "date": "2021-02-17T17:44:57.556Z",
        "value": "0.0019464492797851562",
        "cumulative": false
    },
    {
        "date": "2021-02-17T17:49:10.842Z",
        "value": "0.0020225048065185547",
        "cumulative": false
    },
    {
        "date": "2021-02-17T17:53:24.891Z",
        "value": "0.0019321441650390625",
        "cumulative": false
    },
    {
        "date": "2021-02-17T17:57:41.388Z",
        "value": "0.00193023681640625",
        "cumulative": false
    },
    {
        "date": "2021-02-17T18:01:57.786Z",
        "value": "0.001956462860107422",
        "cumulative": false
    },
    {
        "date": "2021-02-17T18:06:15.861Z",
        "value": "0.0019614696502685547",
        "cumulative": false
    },
    {
        "date": "2021-02-17T18:10:38.088Z",
        "value": "0.002027750015258789",
        "cumulative": false
    },
    {
        "date": "2021-02-17T18:14:56.706Z",
        "value": "0.0020554065704345703",
        "cumulative": false
    },
    {
        "date": "2021-02-17T18:19:09.367Z",
        "value": "0.0020110607147216797",
        "cumulative": false
    },
    {
        "date": "2021-02-17T18:23:20.802Z",
        "value": "0.001965761184692383",
        "cumulative": false
    },
    {
        "date": "2021-02-17T18:27:35.474Z",
        "value": "0.002004384994506836",
        "cumulative": false
    },
    {
        "date": "2021-02-17T18:31:54.580Z",
        "value": "0.001956462860107422",
        "cumulative": false
    },
    {
        "date": "2021-02-17T18:36:09.422Z",
        "value": "0.0019202232360839844",
        "cumulative": false
    },
    {
        "date": "2021-02-17T18:40:30.449Z",
        "value": "0.0019960403442382812",
        "cumulative": false
    },
    {
        "date": "2021-02-17T18:44:46.753Z",
        "value": "0.0019371509552001953",
        "cumulative": false
    },
    {
        "date": "2021-02-17T18:48:59.485Z",
        "value": "0.0019545555114746094",
        "cumulative": false
    },
    {
        "date": "2021-02-17T18:53:11.017Z",
        "value": "0.0019762516021728516",
        "cumulative": false
    },
    {
        "date": "2021-02-17T18:57:25.307Z",
        "value": "0.0019502639770507812",
        "cumulative": false
    },
    {
        "date": "2021-02-17T19:01:46.235Z",
        "value": "0.0019099712371826172",
        "cumulative": false
    },
    {
        "date": "2021-02-17T19:06:06.245Z",
        "value": "0.0019457340240478516",
        "cumulative": false
    },
    {
        "date": "2021-02-17T19:10:23.691Z",
        "value": "0.0019631385803222656",
        "cumulative": false
    },
    {
        "date": "2021-02-17T19:14:37.992Z",
        "value": "0.0019567012786865234",
        "cumulative": false
    },
    {
        "date": "2021-02-17T19:18:54.653Z",
        "value": "0.0019643306732177734",
        "cumulative": false
    },
    {
        "date": "2021-02-17T19:23:08.442Z",
        "value": "0.001986980438232422",
        "cumulative": false
    },
    {
        "date": "2021-02-17T19:27:23.477Z",
        "value": "0.0019526481628417969",
        "cumulative": false
    },
    {
        "date": "2021-02-17T19:31:42.327Z",
        "value": "0.0019278526306152344",
        "cumulative": false
    },
    {
        "date": "2021-02-17T19:35:57.200Z",
        "value": "0.0018846988677978516",
        "cumulative": false
    },
    {
        "date": "2021-02-17T19:40:14.734Z",
        "value": "0.001972198486328125",
        "cumulative": false
    },
    {
        "date": "2021-02-17T19:44:31.829Z",
        "value": "0.0019083023071289062",
        "cumulative": false
    },
    {
        "date": "2021-02-17T19:48:42.186Z",
        "value": "0.001987934112548828",
        "cumulative": false
    },
    {
        "date": "2021-02-17T19:52:58.435Z",
        "value": "0.0019195079803466797",
        "cumulative": false
    },
    {
        "date": "2021-02-17T19:57:15.361Z",
        "value": "0.0019469261169433594",
        "cumulative": false
    },
    {
        "date": "2021-02-17T20:01:27.368Z",
        "value": "0.002036571502685547",
        "cumulative": false
    },
    {
        "date": "2021-02-17T20:05:46.350Z",
        "value": "0.0020775794982910156",
        "cumulative": false
    },
    {
        "date": "2021-02-17T20:09:55.385Z",
        "value": "0.0020771026611328125",
        "cumulative": false
    },
    {
        "date": "2021-02-17T20:14:13.260Z",
        "value": "0.0020608901977539062",
        "cumulative": false
    },
    {
        "date": "2021-02-17T20:18:27.876Z",
        "value": "0.002044677734375",
        "cumulative": false
    },
    {
        "date": "2021-02-17T20:22:40.454Z",
        "value": "0.00201416015625",
        "cumulative": false
    },
    {
        "date": "2021-02-17T20:26:58.132Z",
        "value": "0.001941680908203125",
        "cumulative": false
    },
    {
        "date": "2021-02-17T20:31:08.475Z",
        "value": "0.0020151138305664062",
        "cumulative": false
    },
    {
        "date": "2021-02-17T20:35:24.430Z",
        "value": "0.0019659996032714844",
        "cumulative": false
    },
    {
        "date": "2021-02-17T20:39:42.249Z",
        "value": "0.0019457340240478516",
        "cumulative": false
    },
    {
        "date": "2021-02-17T20:43:57.697Z",
        "value": "0.001956939697265625",
        "cumulative": false
    },
    {
        "date": "2021-02-17T20:48:15.156Z",
        "value": "0.0019838809967041016",
        "cumulative": false
    },
    {
        "date": "2021-02-17T20:52:29.988Z",
        "value": "0.001959085464477539",
        "cumulative": false
    },
    {
        "date": "2021-02-17T20:56:48.969Z",
        "value": "0.001994609832763672",
        "cumulative": false
    },
    {
        "date": "2021-02-17T21:01:06.747Z",
        "value": "0.00197601318359375",
        "cumulative": false
    },
    {
        "date": "2021-02-17T21:05:20.108Z",
        "value": "0.0019805431365966797",
        "cumulative": false
    },
    {
        "date": "2021-02-17T21:09:40.222Z",
        "value": "0.0020532608032226562",
        "cumulative": false
    },
    {
        "date": "2021-02-17T21:13:56.493Z",
        "value": "0.0020284652709960938",
        "cumulative": false
    },
    {
        "date": "2021-02-17T21:18:07.600Z",
        "value": "0.0020189285278320312",
        "cumulative": false
    },
    {
        "date": "2021-02-17T21:22:24.744Z",
        "value": "0.0019617080688476562",
        "cumulative": false
    },
    {
        "date": "2021-02-17T21:26:42.396Z",
        "value": "0.0019245147705078125",
        "cumulative": false
    },
    {
        "date": "2021-02-17T21:30:57.987Z",
        "value": "0.0019550323486328125",
        "cumulative": false
    },
    {
        "date": "2021-02-17T21:35:09.916Z",
        "value": "0.0020287036895751953",
        "cumulative": false
    },
    {
        "date": "2021-02-17T21:39:30.409Z",
        "value": "0.001928091049194336",
        "cumulative": false
    },
    {
        "date": "2021-02-17T21:43:43.711Z",
        "value": "0.001953125",
        "cumulative": false
    },
    {
        "date": "2021-02-17T21:47:59.325Z",
        "value": "0.001951456069946289",
        "cumulative": false
    },
    {
        "date": "2021-02-17T21:52:15.100Z",
        "value": "0.0019383430480957031",
        "cumulative": false
    },
    {
        "date": "2021-02-17T21:56:28.014Z",
        "value": "0.0019373893737792969",
        "cumulative": false
    },
    {
        "date": "2021-02-17T22:00:44.269Z",
        "value": "0.0019817352294921875",
        "cumulative": false
    },
    {
        "date": "2021-02-17T22:04:59.781Z",
        "value": "0.002015829086303711",
        "cumulative": false
    },
    {
        "date": "2021-02-17T22:09:17.526Z",
        "value": "0.002046346664428711",
        "cumulative": false
    },
    {
        "date": "2021-02-17T22:13:35.990Z",
        "value": "0.0020728111267089844",
        "cumulative": false
    },
    {
        "date": "2021-02-17T22:17:47.880Z",
        "value": "0.002077341079711914",
        "cumulative": false
    },
    {
        "date": "2021-02-17T22:22:05.349Z",
        "value": "0.002018451690673828",
        "cumulative": false
    },
    {
        "date": "2021-02-17T22:26:18.824Z",
        "value": "0.001971721649169922",
        "cumulative": false
    },
    {
        "date": "2021-02-17T22:30:36.529Z",
        "value": "0.001984834671020508",
        "cumulative": false
    },
    {
        "date": "2021-02-17T22:34:52.224Z",
        "value": "0.0019366741180419922",
        "cumulative": false
    },
    {
        "date": "2021-02-17T22:39:05.298Z",
        "value": "0.0019392967224121094",
        "cumulative": false
    },
    {
        "date": "2021-02-17T22:43:21.479Z",
        "value": "0.0019600391387939453",
        "cumulative": false
    },
    {
        "date": "2021-02-17T22:47:35.205Z",
        "value": "0.0019326210021972656",
        "cumulative": false
    },
    {
        "date": "2021-02-17T22:51:54.598Z",
        "value": "0.001959562301635742",
        "cumulative": false
    },
    {
        "date": "2021-02-17T22:56:07.838Z",
        "value": "0.0019533634185791016",
        "cumulative": false
    },
    {
        "date": "2021-02-17T23:00:20.109Z",
        "value": "0.001960277557373047",
        "cumulative": false
    },
    {
        "date": "2021-02-17T23:04:37.742Z",
        "value": "0.002040386199951172",
        "cumulative": false
    },
    {
        "date": "2021-02-17T23:08:52.821Z",
        "value": "0.002032041549682617",
        "cumulative": false
    },
    {
        "date": "2021-02-17T23:13:07.518Z",
        "value": "0.002047300338745117",
        "cumulative": false
    },
    {
        "date": "2021-02-17T23:17:24.050Z",
        "value": "0.0021283626556396484",
        "cumulative": false
    },
    {
        "date": "2021-02-17T23:21:36.391Z",
        "value": "0.002106189727783203",
        "cumulative": false
    },
    {
        "date": "2021-02-17T23:25:52.884Z",
        "value": "0.001926422119140625",
        "cumulative": false
    },
    {
        "date": "2021-02-17T23:30:10.164Z",
        "value": "0.0019516944885253906",
        "cumulative": false
    },
    {
        "date": "2021-02-17T23:34:23.622Z",
        "value": "0.0019202232360839844",
        "cumulative": false
    },
    {
        "date": "2021-02-17T23:38:45.043Z",
        "value": "0.0019178390502929688",
        "cumulative": false
    },
    {
        "date": "2021-02-17T23:43:04.268Z",
        "value": "0.0019087791442871094",
        "cumulative": false
    },
    {
        "date": "2021-02-17T23:47:17.852Z",
        "value": "0.001947164535522461",
        "cumulative": false
    },
    {
        "date": "2021-02-17T23:51:39.268Z",
        "value": "0.0019724369049072266",
        "cumulative": false
    },
    {
        "date": "2021-02-17T23:55:52.645Z",
        "value": "0.001924753189086914",
        "cumulative": false
    },
    {
        "date": "2021-02-18T00:00:12.222Z",
        "value": "0.0019893646240234375",
        "cumulative": false
    },
    {
        "date": "2021-02-18T00:04:25.106Z",
        "value": "0.002020120620727539",
        "cumulative": false
    },
    {
        "date": "2021-02-18T00:08:38.630Z",
        "value": "0.001966714859008789",
        "cumulative": false
    },
    {
        "date": "2021-02-18T00:12:59.663Z",
        "value": "0.0020589828491210938",
        "cumulative": false
    },
    {
        "date": "2021-02-18T00:17:13.045Z",
        "value": "0.002119779586791992",
        "cumulative": false
    },
    {
        "date": "2021-02-18T00:21:31.771Z",
        "value": "0.0019736289978027344",
        "cumulative": false
    },
    {
        "date": "2021-02-18T00:25:54.655Z",
        "value": "0.0019402503967285156",
        "cumulative": false
    },
    {
        "date": "2021-02-18T00:30:05.049Z",
        "value": "0.0020139217376708984",
        "cumulative": false
    },
    {
        "date": "2021-02-18T00:34:15.921Z",
        "value": "0.001993417739868164",
        "cumulative": false
    },
    {
        "date": "2021-02-18T00:38:29.152Z",
        "value": "0.0019419193267822266",
        "cumulative": false
    },
    {
        "date": "2021-02-18T00:42:49.761Z",
        "value": "0.001985788345336914",
        "cumulative": false
    },
    {
        "date": "2021-02-18T00:47:05.768Z",
        "value": "0.0019538402557373047",
        "cumulative": false
    },
    {
        "date": "2021-02-18T00:51:21.868Z",
        "value": "0.0019190311431884766",
        "cumulative": false
    },
    {
        "date": "2021-02-18T00:55:37.069Z",
        "value": "0.0019087791442871094",
        "cumulative": false
    },
    {
        "date": "2021-02-18T00:59:48.419Z",
        "value": "0.0019419193267822266",
        "cumulative": false
    },
    {
        "date": "2021-02-18T01:04:05.011Z",
        "value": "0.001935720443725586",
        "cumulative": false
    },
    {
        "date": "2021-02-18T01:08:21.504Z",
        "value": "0.0019931793212890625",
        "cumulative": false
    },
    {
        "date": "2021-02-18T01:12:37.799Z",
        "value": "0.002017498016357422",
        "cumulative": false
    },
    {
        "date": "2021-02-18T01:16:58.160Z",
        "value": "0.0019292831420898438",
        "cumulative": false
    },
    {
        "date": "2021-02-18T01:21:13.064Z",
        "value": "0.0019845962524414062",
        "cumulative": false
    },
    {
        "date": "2021-02-18T01:25:32.967Z",
        "value": "0.0019659996032714844",
        "cumulative": false
    },
    {
        "date": "2021-02-18T01:29:48.085Z",
        "value": "0.0019779205322265625",
        "cumulative": false
    },
    {
        "date": "2021-02-18T01:34:07.120Z",
        "value": "0.0019354820251464844",
        "cumulative": false
    },
    {
        "date": "2021-02-18T01:38:22.648Z",
        "value": "0.001966714859008789",
        "cumulative": false
    },
    {
        "date": "2021-02-18T01:42:40.413Z",
        "value": "0.0019338130950927734",
        "cumulative": false
    },
    {
        "date": "2021-02-18T01:46:56.627Z",
        "value": "0.0019443035125732422",
        "cumulative": false
    },
    {
        "date": "2021-02-18T01:51:13.080Z",
        "value": "0.0019440650939941406",
        "cumulative": false
    },
    {
        "date": "2021-02-18T01:55:32.609Z",
        "value": "0.0019683837890625",
        "cumulative": false
    },
    {
        "date": "2021-02-18T01:59:49.041Z",
        "value": "0.0019621849060058594",
        "cumulative": false
    },
    {
        "date": "2021-02-18T02:04:02.925Z",
        "value": "0.0019598007202148438",
        "cumulative": false
    },
    {
        "date": "2021-02-18T02:08:19.513Z",
        "value": "0.001947641372680664",
        "cumulative": false
    },
    {
        "date": "2021-02-18T02:12:33.613Z",
        "value": "0.0019350051879882812",
        "cumulative": false
    },
    {
        "date": "2021-02-18T02:16:49.650Z",
        "value": "0.0019390583038330078",
        "cumulative": false
    },
    {
        "date": "2021-02-18T02:21:05.900Z",
        "value": "0.0019078254699707031",
        "cumulative": false
    },
    {
        "date": "2021-02-18T02:25:29.580Z",
        "value": "0.0019271373748779297",
        "cumulative": false
    },
    {
        "date": "2021-02-18T02:29:44.463Z",
        "value": "0.0019767284393310547",
        "cumulative": false
    },
    {
        "date": "2021-02-18T02:33:56.840Z",
        "value": "0.0019121170043945312",
        "cumulative": false
    },
    {
        "date": "2021-02-18T02:38:15.268Z",
        "value": "0.0020346641540527344",
        "cumulative": false
    },
    {
        "date": "2021-02-18T02:42:36.338Z",
        "value": "0.0019109249114990234",
        "cumulative": false
    },
    {
        "date": "2021-02-18T02:46:55.216Z",
        "value": "0.0019137859344482422",
        "cumulative": false
    },
    {
        "date": "2021-02-18T02:51:05.603Z",
        "value": "0.001909494400024414",
        "cumulative": false
    },
    {
        "date": "2021-02-18T02:55:14.746Z",
        "value": "0.001969575881958008",
        "cumulative": false
    },
    {
        "date": "2021-02-18T02:59:26.902Z",
        "value": "0.0019180774688720703",
        "cumulative": false
    },
    {
        "date": "2021-02-18T03:03:43.022Z",
        "value": "0.0019588470458984375",
        "cumulative": false
    },
    {
        "date": "2021-02-18T03:08:01.080Z",
        "value": "0.0019195079803466797",
        "cumulative": false
    },
    {
        "date": "2021-02-18T03:12:22.320Z",
        "value": "0.0018949508666992188",
        "cumulative": false
    },
    {
        "date": "2021-02-18T03:16:38.244Z",
        "value": "0.0018520355224609375",
        "cumulative": false
    },
    {
        "date": "2021-02-18T03:20:57.085Z",
        "value": "0.001893758773803711",
        "cumulative": false
    },
    {
        "date": "2021-02-18T03:25:17.708Z",
        "value": "0.0019202232360839844",
        "cumulative": false
    },
    {
        "date": "2021-02-18T03:29:36.696Z",
        "value": "0.0018994808197021484",
        "cumulative": false
    },
    {
        "date": "2021-02-18T03:33:55.321Z",
        "value": "0.0019385814666748047",
        "cumulative": false
    },
    {
        "date": "2021-02-18T03:38:14.940Z",
        "value": "0.0018608570098876953",
        "cumulative": false
    },
    {
        "date": "2021-02-18T03:42:33.105Z",
        "value": "0.0019140243530273438",
        "cumulative": false
    },
    {
        "date": "2021-02-18T03:46:50.226Z",
        "value": "0.0018410682678222656",
        "cumulative": false
    },
    {
        "date": "2021-02-18T03:51:03.406Z",
        "value": "0.0018641948699951172",
        "cumulative": false
    },
    {
        "date": "2021-02-18T03:55:15.416Z",
        "value": "0.0018701553344726562",
        "cumulative": false
    },
    {
        "date": "2021-02-18T03:59:22.038Z",
        "value": "0.0018639564514160156",
        "cumulative": false
    },
    {
        "date": "2021-02-18T04:03:31.475Z",
        "value": "0.001953601837158203",
        "cumulative": false
    },
    {
        "date": "2021-02-18T04:07:48.150Z",
        "value": "0.0019025802612304688",
        "cumulative": false
    },
    {
        "date": "2021-02-18T04:12:03.026Z",
        "value": "0.0018401145935058594",
        "cumulative": false
    },
    {
        "date": "2021-02-18T04:16:16.351Z",
        "value": "0.0019435882568359375",
        "cumulative": false
    },
    {
        "date": "2021-02-18T04:20:31.334Z",
        "value": "0.0018978118896484375",
        "cumulative": false
    },
    {
        "date": "2021-02-18T04:24:45.650Z",
        "value": "0.001905679702758789",
        "cumulative": false
    },
    {
        "date": "2021-02-18T04:28:58.242Z",
        "value": "0.0019066333770751953",
        "cumulative": false
    },
    {
        "date": "2021-02-18T04:33:13.693Z",
        "value": "0.001882314682006836",
        "cumulative": false
    },
    {
        "date": "2021-02-18T04:37:26.903Z",
        "value": "0.0018911361694335938",
        "cumulative": false
    },
    {
        "date": "2021-02-18T04:41:40.672Z",
        "value": "0.0019299983978271484",
        "cumulative": false
    },
    {
        "date": "2021-02-18T04:45:53.469Z",
        "value": "0.001874685287475586",
        "cumulative": false
    },
    {
        "date": "2021-02-18T04:50:06.205Z",
        "value": "0.0019059181213378906",
        "cumulative": false
    },
    {
        "date": "2021-02-18T04:54:21.728Z",
        "value": "0.001928567886352539",
        "cumulative": false
    },
    {
        "date": "2021-02-18T04:58:34.492Z",
        "value": "0.0018820762634277344",
        "cumulative": false
    },
    {
        "date": "2021-02-18T05:02:52.973Z",
        "value": "0.00194549560546875",
        "cumulative": false
    },
    {
        "date": "2021-02-18T05:07:12.126Z",
        "value": "0.0019257068634033203",
        "cumulative": false
    },
    {
        "date": "2021-02-18T05:11:35.210Z",
        "value": "0.001882314682006836",
        "cumulative": false
    },
    {
        "date": "2021-02-18T05:15:53.909Z",
        "value": "0.0019261837005615234",
        "cumulative": false
    },
    {
        "date": "2021-02-18T05:20:06.463Z",
        "value": "0.001959085464477539",
        "cumulative": false
    },
    {
        "date": "2021-02-18T05:24:19.503Z",
        "value": "0.0018947124481201172",
        "cumulative": false
    },
    {
        "date": "2021-02-18T05:28:34.591Z",
        "value": "0.0019381046295166016",
        "cumulative": false
    },
    {
        "date": "2021-02-18T05:32:50.828Z",
        "value": "0.0018796920776367188",
        "cumulative": false
    },
    {
        "date": "2021-02-18T05:37:08.424Z",
        "value": "0.001865386962890625",
        "cumulative": false
    },
    {
        "date": "2021-02-18T05:41:25.343Z",
        "value": "0.0019202232360839844",
        "cumulative": false
    },
    {
        "date": "2021-02-18T05:45:40.414Z",
        "value": "0.0018689632415771484",
        "cumulative": false
    },
    {
        "date": "2021-02-18T05:50:02.762Z",
        "value": "0.0019664764404296875",
        "cumulative": false
    },
    {
        "date": "2021-02-18T05:54:22.811Z",
        "value": "0.0019063949584960938",
        "cumulative": false
    },
    {
        "date": "2021-02-18T05:58:49.586Z",
        "value": "0.0019643306732177734",
        "cumulative": false
    },
    {
        "date": "2021-02-18T06:03:08.672Z",
        "value": "0.0019638538360595703",
        "cumulative": false
    },
    {
        "date": "2021-02-18T06:07:27.659Z",
        "value": "0.0019278526306152344",
        "cumulative": false
    },
    {
        "date": "2021-02-18T06:11:44.332Z",
        "value": "0.0019783973693847656",
        "cumulative": false
    },
    {
        "date": "2021-02-18T06:16:06.207Z",
        "value": "0.0018537044525146484",
        "cumulative": false
    },
    {
        "date": "2021-02-18T06:20:28.801Z",
        "value": "0.0019752979278564453",
        "cumulative": false
    },
    {
        "date": "2021-02-18T06:24:51.065Z",
        "value": "0.0019655227661132812",
        "cumulative": false
    },
    {
        "date": "2021-02-18T06:29:16.730Z",
        "value": "0.001949310302734375",
        "cumulative": false
    },
    {
        "date": "2021-02-18T06:33:37.248Z",
        "value": "0.0019462108612060547",
        "cumulative": false
    },
    {
        "date": "2021-02-18T06:37:57.531Z",
        "value": "0.0018954277038574219",
        "cumulative": false
    },
    {
        "date": "2021-02-18T06:42:17.043Z",
        "value": "0.0019176006317138672",
        "cumulative": false
    },
    {
        "date": "2021-02-18T06:46:37.050Z",
        "value": "0.0018944740295410156",
        "cumulative": false
    },
    {
        "date": "2021-02-18T06:50:55.347Z",
        "value": "0.0019381046295166016",
        "cumulative": false
    },
    {
        "date": "2021-02-18T06:55:14.778Z",
        "value": "0.0019829273223876953",
        "cumulative": false
    },
    {
        "date": "2021-02-18T06:59:31.375Z",
        "value": "0.0019373893737792969",
        "cumulative": false
    },
    {
        "date": "2021-02-18T07:03:42.117Z",
        "value": "0.0019943714141845703",
        "cumulative": false
    },
    {
        "date": "2021-02-18T07:08:03.098Z",
        "value": "0.0019297599792480469",
        "cumulative": false
    },
    {
        "date": "2021-02-18T07:12:23.257Z",
        "value": "0.001957416534423828",
        "cumulative": false
    },
    {
        "date": "2021-02-18T07:16:36.472Z",
        "value": "0.0019402503967285156",
        "cumulative": false
    },
    {
        "date": "2021-02-18T07:20:56.550Z",
        "value": "0.0019283294677734375",
        "cumulative": false
    },
    {
        "date": "2021-02-18T07:25:11.779Z",
        "value": "0.0019273757934570312",
        "cumulative": false
    },
    {
        "date": "2021-02-18T07:29:27.810Z",
        "value": "0.0019333362579345703",
        "cumulative": false
    },
    {
        "date": "2021-02-18T07:33:48.860Z",
        "value": "0.0019466876983642578",
        "cumulative": false
    },
    {
        "date": "2021-02-18T07:38:07.193Z",
        "value": "0.001940011978149414",
        "cumulative": false
    },
    {
        "date": "2021-02-18T07:42:24.828Z",
        "value": "0.0019266605377197266",
        "cumulative": false
    },
    {
        "date": "2021-02-18T07:46:45.819Z",
        "value": "0.0019381046295166016",
        "cumulative": false
    },
    {
        "date": "2021-02-18T07:51:01.507Z",
        "value": "0.0019423961639404297",
        "cumulative": false
    },
    {
        "date": "2021-02-18T07:55:26.545Z",
        "value": "0.0019466876983642578",
        "cumulative": false
    },
    {
        "date": "2021-02-18T07:59:41.646Z",
        "value": "0.001961946487426758",
        "cumulative": false
    },
    {
        "date": "2021-02-18T08:03:57.942Z",
        "value": "0.001949310302734375",
        "cumulative": false
    },
    {
        "date": "2021-02-18T08:08:24.265Z",
        "value": "0.001950979232788086",
        "cumulative": false
    },
    {
        "date": "2021-02-18T08:12:39.206Z",
        "value": "0.0019397735595703125",
        "cumulative": false
    }
]