[
    {
        "date": "2021-02-17T11:06:28.326Z",
        "value": "237.9972960948944",
        "cumulative": false
    },
    {
        "date": "2021-02-17T11:10:37.364Z",
        "value": "236.99731874465942",
        "cumulative": false
    },
    {
        "date": "2021-02-17T11:14:47.533Z",
        "value": "238.1684422492981",
        "cumulative": false
    },
    {
        "date": "2021-02-17T11:18:55.077Z",
        "value": "235.50471353530884",
        "cumulative": false
    },
    {
        "date": "2021-02-17T11:23:03.050Z",
        "value": "235.99229264259338",
        "cumulative": false
    },
    {
        "date": "2021-02-17T11:27:11.291Z",
        "value": "236.27061772346497",
        "cumulative": false
    },
    {
        "date": "2021-02-17T11:31:22.151Z",
        "value": "238.87083101272583",
        "cumulative": false
    },
    {
        "date": "2021-02-17T11:35:33.523Z",
        "value": "239.40509605407715",
        "cumulative": false
    },
    {
        "date": "2021-02-17T11:39:40.733Z",
        "value": "235.2495412826538",
        "cumulative": false
    },
    {
        "date": "2021-02-17T11:43:52.357Z",
        "value": "239.62233996391296",
        "cumulative": false
    },
    {
        "date": "2021-02-17T11:47:59.351Z",
        "value": "235.00976514816284",
        "cumulative": false
    },
    {
        "date": "2021-02-17T11:52:00.085Z",
        "value": "228.74968481063843",
        "cumulative": false
    },
    {
        "date": "2021-02-17T11:56:06.624Z",
        "value": "234.55912613868713",
        "cumulative": false
    },
    {
        "date": "2021-02-17T12:00:15.231Z",
        "value": "236.6296317577362",
        "cumulative": false
    },
    {
        "date": "2021-02-17T12:04:28.379Z",
        "value": "241.17961859703064",
        "cumulative": false
    },
    {
        "date": "2021-02-17T12:08:36.521Z",
        "value": "236.1763560771942",
        "cumulative": false
    },
    {
        "date": "2021-02-17T12:12:45.045Z",
        "value": "236.5560986995697",
        "cumulative": false
    },
    {
        "date": "2021-02-17T12:16:54.477Z",
        "value": "237.48229932785034",
        "cumulative": false
    },
    {
        "date": "2021-02-17T12:20:59.820Z",
        "value": "233.35076022148132",
        "cumulative": false
    },
    {
        "date": "2021-02-17T12:25:02.242Z",
        "value": "230.4040665626526",
        "cumulative": false
    },
    {
        "date": "2021-02-17T12:29:04.844Z",
        "value": "230.62314128875732",
        "cumulative": false
    },
    {
        "date": "2021-02-17T12:33:12.933Z",
        "value": "236.1130862236023",
        "cumulative": false
    },
    {
        "date": "2021-02-17T12:37:25.557Z",
        "value": "240.63718605041504",
        "cumulative": false
    },
    {
        "date": "2021-02-17T12:41:36.844Z",
        "value": "239.3030080795288",
        "cumulative": false
    },
    {
        "date": "2021-02-17T12:45:46.307Z",
        "value": "237.47297739982605",
        "cumulative": false
    },
    {
        "date": "2021-02-17T12:49:57.046Z",
        "value": "238.73638653755188",
        "cumulative": false
    },
    {
        "date": "2021-02-17T12:54:03.738Z",
        "value": "234.73481726646423",
        "cumulative": false
    },
    {
        "date": "2021-02-17T12:58:17.621Z",
        "value": "241.89677548408508",
        "cumulative": false
    },
    {
        "date": "2021-02-17T13:02:24.661Z",
        "value": "235.06879806518555",
        "cumulative": false
    },
    {
        "date": "2021-02-17T13:06:30.768Z",
        "value": "234.16345143318176",
        "cumulative": false
    },
    {
        "date": "2021-02-17T13:10:42.774Z",
        "value": "240.03459882736206",
        "cumulative": false
    },
    {
        "date": "2021-02-17T13:14:51.005Z",
        "value": "236.25387501716614",
        "cumulative": false
    },
    {
        "date": "2021-02-17T13:18:59.748Z",
        "value": "236.76707482337952",
        "cumulative": false
    },
    {
        "date": "2021-02-17T13:23:05.112Z",
        "value": "233.37460041046143",
        "cumulative": false
    },
    {
        "date": "2021-02-17T13:27:14.861Z",
        "value": "237.74537229537964",
        "cumulative": false
    },
    {
        "date": "2021-02-17T13:31:27.354Z",
        "value": "240.49065852165222",
        "cumulative": false
    },
    {
        "date": "2021-02-17T13:35:35.633Z",
        "value": "236.26669692993164",
        "cumulative": false
    },
    {
        "date": "2021-02-17T13:39:43.667Z",
        "value": "236.036518573761",
        "cumulative": false
    },
    {
        "date": "2021-02-17T13:43:50.064Z",
        "value": "234.36113667488098",
        "cumulative": false
    },
    {
        "date": "2021-02-17T13:48:01.376Z",
        "value": "239.31202030181885",
        "cumulative": false
    },
    {
        "date": "2021-02-17T13:52:19.540Z",
        "value": "246.1893768310547",
        "cumulative": false
    },
    {
        "date": "2021-02-17T13:56:32.138Z",
        "value": "240.63121151924133",
        "cumulative": false
    },
    {
        "date": "2021-02-17T14:00:41.332Z",
        "value": "237.21885752677917",
        "cumulative": false
    },
    {
        "date": "2021-02-17T14:04:46.012Z",
        "value": "232.65622329711914",
        "cumulative": false
    },
    {
        "date": "2021-02-17T14:08:53.207Z",
        "value": "235.24714136123657",
        "cumulative": false
    },
    {
        "date": "2021-02-17T14:13:04.859Z",
        "value": "239.70175099372864",
        "cumulative": false
    },
    {
        "date": "2021-02-17T14:17:11.923Z",
        "value": "235.07843852043152",
        "cumulative": false
    },
    {
        "date": "2021-02-17T14:21:26.451Z",
        "value": "242.5434606075287",
        "cumulative": false
    },
    {
        "date": "2021-02-17T14:25:32.458Z",
        "value": "234.03408694267273",
        "cumulative": false
    },
    {
        "date": "2021-02-17T14:29:43.077Z",
        "value": "238.68383955955505",
        "cumulative": false
    },
    {
        "date": "2021-02-17T14:33:51.631Z",
        "value": "236.56926321983337",
        "cumulative": false
    },
    {
        "date": "2021-02-17T14:37:59.102Z",
        "value": "235.4711356163025",
        "cumulative": false
    },
    {
        "date": "2021-02-17T14:42:12.495Z",
        "value": "241.42346143722534",
        "cumulative": false
    },
    {
        "date": "2021-02-17T14:46:25.846Z",
        "value": "241.41181898117065",
        "cumulative": false
    },
    {
        "date": "2021-02-17T14:50:39.244Z",
        "value": "241.42620992660522",
        "cumulative": false
    },
    {
        "date": "2021-02-17T14:54:54.833Z",
        "value": "243.594797372818",
        "cumulative": false
    },
    {
        "date": "2021-02-17T14:59:01.992Z",
        "value": "235.16967129707336",
        "cumulative": false
    },
    {
        "date": "2021-02-17T15:03:19.135Z",
        "value": "245.19079685211182",
        "cumulative": false
    },
    {
        "date": "2021-02-17T15:07:30.521Z",
        "value": "239.36348295211792",
        "cumulative": false
    },
    {
        "date": "2021-02-17T15:11:37.460Z",
        "value": "234.9762020111084",
        "cumulative": false
    },
    {
        "date": "2021-02-17T15:15:55.723Z",
        "value": "246.3008623123169",
        "cumulative": false
    },
    {
        "date": "2021-02-17T15:20:13.080Z",
        "value": "245.34578156471252",
        "cumulative": false
    },
    {
        "date": "2021-02-17T15:24:21.722Z",
        "value": "236.64314031600952",
        "cumulative": false
    },
    {
        "date": "2021-02-17T15:28:41.189Z",
        "value": "247.4887568950653",
        "cumulative": false
    },
    {
        "date": "2021-02-17T15:32:51.674Z",
        "value": "238.58687210083008",
        "cumulative": false
    },
    {
        "date": "2021-02-17T15:37:11.106Z",
        "value": "247.4749879837036",
        "cumulative": false
    },
    {
        "date": "2021-02-17T15:41:22.545Z",
        "value": "239.46901893615723",
        "cumulative": false
    },
    {
        "date": "2021-02-17T15:45:34.787Z",
        "value": "240.26188778877258",
        "cumulative": false
    },
    {
        "date": "2021-02-17T15:49:52.320Z",
        "value": "245.5913233757019",
        "cumulative": false
    },
    {
        "date": "2021-02-17T15:54:11.702Z",
        "value": "247.43368268013",
        "cumulative": false
    },
    {
        "date": "2021-02-17T15:58:26.569Z",
        "value": "242.8708815574646",
        "cumulative": false
    },
    {
        "date": "2021-02-17T16:02:35.537Z",
        "value": "237.02349638938904",
        "cumulative": false
    },
    {
        "date": "2021-02-17T16:06:52.198Z",
        "value": "244.72165369987488",
        "cumulative": false
    },
    {
        "date": "2021-02-17T16:11:03.374Z",
        "value": "239.23445582389832",
        "cumulative": false
    },
    {
        "date": "2021-02-17T16:15:19.414Z",
        "value": "244.07175469398499",
        "cumulative": false
    },
    {
        "date": "2021-02-17T16:19:39.789Z",
        "value": "248.42672514915466",
        "cumulative": false
    },
    {
        "date": "2021-02-17T16:23:59.864Z",
        "value": "248.13348269462585",
        "cumulative": false
    },
    {
        "date": "2021-02-17T16:28:18.346Z",
        "value": "246.4686028957367",
        "cumulative": false
    },
    {
        "date": "2021-02-17T16:32:33.295Z",
        "value": "242.92304706573486",
        "cumulative": false
    },
    {
        "date": "2021-02-17T16:36:45.833Z",
        "value": "240.52541065216064",
        "cumulative": false
    },
    {
        "date": "2021-02-17T16:40:57.171Z",
        "value": "239.38326263427734",
        "cumulative": false
    },
    {
        "date": "2021-02-17T16:45:11.943Z",
        "value": "242.80721354484558",
        "cumulative": false
    },
    {
        "date": "2021-02-17T16:49:29.979Z",
        "value": "246.01136827468872",
        "cumulative": false
    },
    {
        "date": "2021-02-17T16:53:46.845Z",
        "value": "244.81566286087036",
        "cumulative": false
    },
    {
        "date": "2021-02-17T16:57:56.587Z",
        "value": "237.7914707660675",
        "cumulative": false
    },
    {
        "date": "2021-02-17T17:02:08.201Z",
        "value": "239.62123107910156",
        "cumulative": false
    },
    {
        "date": "2021-02-17T17:06:26.346Z",
        "value": "246.1370255947113",
        "cumulative": false
    },
    {
        "date": "2021-02-17T17:10:50.368Z",
        "value": "252.01507234573364",
        "cumulative": false
    },
    {
        "date": "2021-02-17T17:15:06.195Z",
        "value": "243.8238546848297",
        "cumulative": false
    },
    {
        "date": "2021-02-17T17:19:21.288Z",
        "value": "243.1305856704712",
        "cumulative": false
    },
    {
        "date": "2021-02-17T17:23:34.365Z",
        "value": "241.11680555343628",
        "cumulative": false
    },
    {
        "date": "2021-02-17T17:27:44.376Z",
        "value": "237.99913024902344",
        "cumulative": false
    },
    {
        "date": "2021-02-17T17:32:03.249Z",
        "value": "246.88125348091125",
        "cumulative": false
    },
    {
        "date": "2021-02-17T17:36:22.877Z",
        "value": "247.61275625228882",
        "cumulative": false
    },
    {
        "date": "2021-02-17T17:40:40.012Z",
        "value": "245.1596872806549",
        "cumulative": false
    },
    {
        "date": "2021-02-17T17:44:57.556Z",
        "value": "245.5691659450531",
        "cumulative": false
    },
    {
        "date": "2021-02-17T17:49:10.842Z",
        "value": "241.29347205162048",
        "cumulative": false
    },
    {
        "date": "2021-02-17T17:53:24.891Z",
        "value": "242.06797337532043",
        "cumulative": false
    },
    {
        "date": "2021-02-17T17:57:41.388Z",
        "value": "244.51143860816956",
        "cumulative": false
    },
    {
        "date": "2021-02-17T18:01:57.785Z",
        "value": "244.4159049987793",
        "cumulative": false
    },
    {
        "date": "2021-02-17T18:06:15.861Z",
        "value": "246.06082487106323",
        "cumulative": false
    },
    {
        "date": "2021-02-17T18:10:38.087Z",
        "value": "250.21302819252014",
        "cumulative": false
    },
    {
        "date": "2021-02-17T18:14:56.706Z",
        "value": "246.62690210342407",
        "cumulative": false
    },
    {
        "date": "2021-02-17T18:19:09.367Z",
        "value": "240.64538192749023",
        "cumulative": false
    },
    {
        "date": "2021-02-17T18:23:20.801Z",
        "value": "239.3939926624298",
        "cumulative": false
    },
    {
        "date": "2021-02-17T18:27:35.474Z",
        "value": "242.71949005126953",
        "cumulative": false
    },
    {
        "date": "2021-02-17T18:31:54.580Z",
        "value": "247.10408997535706",
        "cumulative": false
    },
    {
        "date": "2021-02-17T18:36:09.422Z",
        "value": "242.9024097919464",
        "cumulative": false
    },
    {
        "date": "2021-02-17T18:40:30.449Z",
        "value": "249.05255603790283",
        "cumulative": false
    },
    {
        "date": "2021-02-17T18:44:46.753Z",
        "value": "244.28335118293762",
        "cumulative": false
    },
    {
        "date": "2021-02-17T18:48:59.485Z",
        "value": "240.75284671783447",
        "cumulative": false
    },
    {
        "date": "2021-02-17T18:53:11.017Z",
        "value": "239.52749514579773",
        "cumulative": false
    },
    {
        "date": "2021-02-17T18:57:25.307Z",
        "value": "242.31386971473694",
        "cumulative": false
    },
    {
        "date": "2021-02-17T19:01:46.235Z",
        "value": "248.90817761421204",
        "cumulative": false
    },
    {
        "date": "2021-02-17T19:06:06.245Z",
        "value": "247.9761984348297",
        "cumulative": false
    },
    {
        "date": "2021-02-17T19:10:23.691Z",
        "value": "245.4523491859436",
        "cumulative": false
    },
    {
        "date": "2021-02-17T19:14:37.992Z",
        "value": "242.30286383628845",
        "cumulative": false
    },
    {
        "date": "2021-02-17T19:18:54.652Z",
        "value": "244.67596888542175",
        "cumulative": false
    },
    {
        "date": "2021-02-17T19:23:08.441Z",
        "value": "241.81444191932678",
        "cumulative": false
    },
    {
        "date": "2021-02-17T19:27:23.477Z",
        "value": "243.07148432731628",
        "cumulative": false
    },
    {
        "date": "2021-02-17T19:31:42.326Z",
        "value": "246.88881921768188",
        "cumulative": false
    },
    {
        "date": "2021-02-17T19:35:57.199Z",
        "value": "242.87289571762085",
        "cumulative": false
    },
    {
        "date": "2021-02-17T19:40:14.734Z",
        "value": "245.51505374908447",
        "cumulative": false
    },
    {
        "date": "2021-02-17T19:44:31.829Z",
        "value": "245.14329767227173",
        "cumulative": false
    },
    {
        "date": "2021-02-17T19:48:42.186Z",
        "value": "238.38366031646729",
        "cumulative": false
    },
    {
        "date": "2021-02-17T19:52:58.435Z",
        "value": "244.26006174087524",
        "cumulative": false
    },
    {
        "date": "2021-02-17T19:57:15.361Z",
        "value": "244.96696257591248",
        "cumulative": false
    },
    {
        "date": "2021-02-17T20:01:27.368Z",
        "value": "240.04034423828125",
        "cumulative": false
    },
    {
        "date": "2021-02-17T20:05:46.350Z",
        "value": "247.01290583610535",
        "cumulative": false
    },
    {
        "date": "2021-02-17T20:09:55.385Z",
        "value": "237.09347987174988",
        "cumulative": false
    },
    {
        "date": "2021-02-17T20:14:13.260Z",
        "value": "245.85031914710999",
        "cumulative": false
    },
    {
        "date": "2021-02-17T20:18:27.876Z",
        "value": "242.6255543231964",
        "cumulative": false
    },
    {
        "date": "2021-02-17T20:22:40.454Z",
        "value": "240.59333777427673",
        "cumulative": false
    },
    {
        "date": "2021-02-17T20:26:58.132Z",
        "value": "245.69060492515564",
        "cumulative": false
    },
    {
        "date": "2021-02-17T20:31:08.475Z",
        "value": "238.31578516960144",
        "cumulative": false
    },
    {
        "date": "2021-02-17T20:35:24.429Z",
        "value": "243.98908948898315",
        "cumulative": false
    },
    {
        "date": "2021-02-17T20:39:42.249Z",
        "value": "245.84276580810547",
        "cumulative": false
    },
    {
        "date": "2021-02-17T20:43:57.697Z",
        "value": "243.44349932670593",
        "cumulative": false
    },
    {
        "date": "2021-02-17T20:48:15.156Z",
        "value": "245.48641300201416",
        "cumulative": false
    },
    {
        "date": "2021-02-17T20:52:29.988Z",
        "value": "242.87311458587646",
        "cumulative": false
    },
    {
        "date": "2021-02-17T20:56:48.969Z",
        "value": "247.00749945640564",
        "cumulative": false
    },
    {
        "date": "2021-02-17T21:01:06.747Z",
        "value": "245.77513360977173",
        "cumulative": false
    },
    {
        "date": "2021-02-17T21:05:20.108Z",
        "value": "241.3813397884369",
        "cumulative": false
    },
    {
        "date": "2021-02-17T21:09:40.222Z",
        "value": "248.16346883773804",
        "cumulative": false
    },
    {
        "date": "2021-02-17T21:13:56.493Z",
        "value": "244.32218098640442",
        "cumulative": false
    },
    {
        "date": "2021-02-17T21:18:07.599Z",
        "value": "239.10142588615417",
        "cumulative": false
    },
    {
        "date": "2021-02-17T21:22:24.744Z",
        "value": "245.17747378349304",
        "cumulative": false
    },
    {
        "date": "2021-02-17T21:26:42.396Z",
        "value": "245.7280797958374",
        "cumulative": false
    },
    {
        "date": "2021-02-17T21:30:57.987Z",
        "value": "243.5855631828308",
        "cumulative": false
    },
    {
        "date": "2021-02-17T21:35:09.915Z",
        "value": "239.92987489700317",
        "cumulative": false
    },
    {
        "date": "2021-02-17T21:39:30.409Z",
        "value": "248.49997735023499",
        "cumulative": false
    },
    {
        "date": "2021-02-17T21:43:43.711Z",
        "value": "241.34105730056763",
        "cumulative": false
    },
    {
        "date": "2021-02-17T21:47:59.325Z",
        "value": "243.59583449363708",
        "cumulative": false
    },
    {
        "date": "2021-02-17T21:52:15.100Z",
        "value": "243.75554251670837",
        "cumulative": false
    },
    {
        "date": "2021-02-17T21:56:28.014Z",
        "value": "240.92221403121948",
        "cumulative": false
    },
    {
        "date": "2021-02-17T22:00:44.269Z",
        "value": "244.2131278514862",
        "cumulative": false
    },
    {
        "date": "2021-02-17T22:04:59.781Z",
        "value": "243.53166484832764",
        "cumulative": false
    },
    {
        "date": "2021-02-17T22:09:17.525Z",
        "value": "245.69749569892883",
        "cumulative": false
    },
    {
        "date": "2021-02-17T22:13:35.989Z",
        "value": "246.45508193969727",
        "cumulative": false
    },
    {
        "date": "2021-02-17T22:17:47.879Z",
        "value": "239.92511463165283",
        "cumulative": false
    },
    {
        "date": "2021-02-17T22:22:05.349Z",
        "value": "245.52450370788574",
        "cumulative": false
    },
    {
        "date": "2021-02-17T22:26:18.823Z",
        "value": "241.4685971736908",
        "cumulative": false
    },
    {
        "date": "2021-02-17T22:30:36.529Z",
        "value": "245.68160963058472",
        "cumulative": false
    },
    {
        "date": "2021-02-17T22:34:52.224Z",
        "value": "243.70389676094055",
        "cumulative": false
    },
    {
        "date": "2021-02-17T22:39:05.297Z",
        "value": "241.071448802948",
        "cumulative": false
    },
    {
        "date": "2021-02-17T22:43:21.479Z",
        "value": "244.1597294807434",
        "cumulative": false
    },
    {
        "date": "2021-02-17T22:47:35.205Z",
        "value": "241.732661485672",
        "cumulative": false
    },
    {
        "date": "2021-02-17T22:51:54.598Z",
        "value": "247.4183738231659",
        "cumulative": false
    },
    {
        "date": "2021-02-17T22:56:07.838Z",
        "value": "241.28609204292297",
        "cumulative": false
    },
    {
        "date": "2021-02-17T23:00:20.109Z",
        "value": "240.2901017665863",
        "cumulative": false
    },
    {
        "date": "2021-02-17T23:04:37.742Z",
        "value": "245.65250825881958",
        "cumulative": false
    },
    {
        "date": "2021-02-17T23:08:52.821Z",
        "value": "243.15498995780945",
        "cumulative": false
    },
    {
        "date": "2021-02-17T23:13:07.518Z",
        "value": "242.69766759872437",
        "cumulative": false
    },
    {
        "date": "2021-02-17T23:17:24.050Z",
        "value": "244.51457953453064",
        "cumulative": false
    },
    {
        "date": "2021-02-17T23:21:36.391Z",
        "value": "240.28982782363892",
        "cumulative": false
    },
    {
        "date": "2021-02-17T23:25:52.884Z",
        "value": "244.4862184524536",
        "cumulative": false
    },
    {
        "date": "2021-02-17T23:30:10.164Z",
        "value": "245.29563355445862",
        "cumulative": false
    },
    {
        "date": "2021-02-17T23:34:23.622Z",
        "value": "241.5305380821228",
        "cumulative": false
    },
    {
        "date": "2021-02-17T23:38:45.043Z",
        "value": "249.4312481880188",
        "cumulative": false
    },
    {
        "date": "2021-02-17T23:43:04.268Z",
        "value": "247.23199343681335",
        "cumulative": false
    },
    {
        "date": "2021-02-17T23:47:17.852Z",
        "value": "241.56967544555664",
        "cumulative": false
    },
    {
        "date": "2021-02-17T23:51:39.268Z",
        "value": "249.40835118293762",
        "cumulative": false
    },
    {
        "date": "2021-02-17T23:55:52.645Z",
        "value": "241.38576531410217",
        "cumulative": false
    },
    {
        "date": "2021-02-18T00:00:12.222Z",
        "value": "247.58213090896606",
        "cumulative": false
    },
    {
        "date": "2021-02-18T00:04:25.105Z",
        "value": "240.90376234054565",
        "cumulative": false
    },
    {
        "date": "2021-02-18T00:08:38.629Z",
        "value": "241.59018278121948",
        "cumulative": false
    },
    {
        "date": "2021-02-18T00:12:59.663Z",
        "value": "249.07418727874756",
        "cumulative": false
    },
    {
        "date": "2021-02-18T00:17:13.044Z",
        "value": "241.3541600704193",
        "cumulative": false
    },
    {
        "date": "2021-02-18T00:21:31.770Z",
        "value": "246.74243092536926",
        "cumulative": false
    },
    {
        "date": "2021-02-18T00:25:54.655Z",
        "value": "250.87481451034546",
        "cumulative": false
    },
    {
        "date": "2021-02-18T00:30:05.049Z",
        "value": "238.38501977920532",
        "cumulative": false
    },
    {
        "date": "2021-02-18T00:34:15.920Z",
        "value": "238.87891149520874",
        "cumulative": false
    },
    {
        "date": "2021-02-18T00:38:29.152Z",
        "value": "241.21734619140625",
        "cumulative": false
    },
    {
        "date": "2021-02-18T00:42:49.761Z",
        "value": "248.59932374954224",
        "cumulative": false
    },
    {
        "date": "2021-02-18T00:47:05.767Z",
        "value": "244.004558801651",
        "cumulative": false
    },
    {
        "date": "2021-02-18T00:51:21.868Z",
        "value": "244.08614587783813",
        "cumulative": false
    },
    {
        "date": "2021-02-18T00:55:37.069Z",
        "value": "243.22268438339233",
        "cumulative": false
    },
    {
        "date": "2021-02-18T00:59:48.419Z",
        "value": "239.37995648384094",
        "cumulative": false
    },
    {
        "date": "2021-02-18T01:04:05.011Z",
        "value": "244.58349442481995",
        "cumulative": false
    },
    {
        "date": "2021-02-18T01:08:21.504Z",
        "value": "244.48132014274597",
        "cumulative": false
    },
    {
        "date": "2021-02-18T01:12:37.799Z",
        "value": "244.2494399547577",
        "cumulative": false
    },
    {
        "date": "2021-02-18T01:16:58.160Z",
        "value": "248.3889684677124",
        "cumulative": false
    },
    {
        "date": "2021-02-18T01:21:13.064Z",
        "value": "242.8713128566742",
        "cumulative": false
    },
    {
        "date": "2021-02-18T01:25:32.967Z",
        "value": "247.95995235443115",
        "cumulative": false
    },
    {
        "date": "2021-02-18T01:29:48.085Z",
        "value": "243.12324166297913",
        "cumulative": false
    },
    {
        "date": "2021-02-18T01:34:07.119Z",
        "value": "247.04838275909424",
        "cumulative": false
    },
    {
        "date": "2021-02-18T01:38:22.648Z",
        "value": "243.5140233039856",
        "cumulative": false
    },
    {
        "date": "2021-02-18T01:42:40.413Z",
        "value": "245.72094750404358",
        "cumulative": false
    },
    {
        "date": "2021-02-18T01:46:56.627Z",
        "value": "244.22757983207703",
        "cumulative": false
    },
    {
        "date": "2021-02-18T01:51:13.079Z",
        "value": "244.49081373214722",
        "cumulative": false
    },
    {
        "date": "2021-02-18T01:55:32.609Z",
        "value": "247.50272274017334",
        "cumulative": false
    },
    {
        "date": "2021-02-18T01:59:49.041Z",
        "value": "244.47039151191711",
        "cumulative": false
    },
    {
        "date": "2021-02-18T02:04:02.925Z",
        "value": "241.9324827194214",
        "cumulative": false
    },
    {
        "date": "2021-02-18T02:08:19.512Z",
        "value": "244.58633136749268",
        "cumulative": false
    },
    {
        "date": "2021-02-18T02:12:33.613Z",
        "value": "242.13057684898376",
        "cumulative": false
    },
    {
        "date": "2021-02-18T02:16:49.650Z",
        "value": "244.02343821525574",
        "cumulative": false
    },
    {
        "date": "2021-02-18T02:21:05.900Z",
        "value": "244.24096775054932",
        "cumulative": false
    },
    {
        "date": "2021-02-18T02:25:29.580Z",
        "value": "251.67741560935974",
        "cumulative": false
    },
    {
        "date": "2021-02-18T02:29:44.463Z",
        "value": "242.9173765182495",
        "cumulative": false
    },
    {
        "date": "2021-02-18T02:33:56.840Z",
        "value": "240.38503122329712",
        "cumulative": false
    },
    {
        "date": "2021-02-18T02:38:15.267Z",
        "value": "246.3850221633911",
        "cumulative": false
    },
    {
        "date": "2021-02-18T02:42:36.338Z",
        "value": "249.0460250377655",
        "cumulative": false
    },
    {
        "date": "2021-02-18T02:46:55.216Z",
        "value": "246.90861415863037",
        "cumulative": false
    },
    {
        "date": "2021-02-18T02:51:05.603Z",
        "value": "238.42354345321655",
        "cumulative": false
    },
    {
        "date": "2021-02-18T02:55:14.746Z",
        "value": "237.17861914634705",
        "cumulative": false
    },
    {
        "date": "2021-02-18T02:59:26.902Z",
        "value": "240.18045711517334",
        "cumulative": false
    },
    {
        "date": "2021-02-18T03:03:43.021Z",
        "value": "244.1209752559662",
        "cumulative": false
    },
    {
        "date": "2021-02-18T03:08:01.080Z",
        "value": "246.06724071502686",
        "cumulative": false
    },
    {
        "date": "2021-02-18T03:12:22.319Z",
        "value": "249.24651527404785",
        "cumulative": false
    },
    {
        "date": "2021-02-18T03:16:38.244Z",
        "value": "243.96669363975525",
        "cumulative": false
    },
    {
        "date": "2021-02-18T03:20:57.085Z",
        "value": "246.85158610343933",
        "cumulative": false
    },
    {
        "date": "2021-02-18T03:25:17.707Z",
        "value": "248.6484603881836",
        "cumulative": false
    },
    {
        "date": "2021-02-18T03:29:36.695Z",
        "value": "247.01785254478455",
        "cumulative": false
    },
    {
        "date": "2021-02-18T03:33:55.321Z",
        "value": "246.5938024520874",
        "cumulative": false
    },
    {
        "date": "2021-02-18T03:38:14.940Z",
        "value": "247.6842896938324",
        "cumulative": false
    },
    {
        "date": "2021-02-18T03:42:33.105Z",
        "value": "246.1921775341034",
        "cumulative": false
    },
    {
        "date": "2021-02-18T03:46:50.226Z",
        "value": "245.14036989212036",
        "cumulative": false
    },
    {
        "date": "2021-02-18T03:51:03.405Z",
        "value": "241.20902013778687",
        "cumulative": false
    },
    {
        "date": "2021-02-18T03:55:15.416Z",
        "value": "240.07095098495483",
        "cumulative": false
    },
    {
        "date": "2021-02-18T03:59:22.038Z",
        "value": "234.66613626480103",
        "cumulative": false
    },
    {
        "date": "2021-02-18T04:03:31.475Z",
        "value": "237.47507214546204",
        "cumulative": false
    },
    {
        "date": "2021-02-18T04:07:48.150Z",
        "value": "244.71109199523926",
        "cumulative": false
    },
    {
        "date": "2021-02-18T04:12:03.025Z",
        "value": "242.90487384796143",
        "cumulative": false
    },
    {
        "date": "2021-02-18T04:16:16.351Z",
        "value": "241.34903836250305",
        "cumulative": false
    },
    {
        "date": "2021-02-18T04:20:31.333Z",
        "value": "243.0163893699646",
        "cumulative": false
    },
    {
        "date": "2021-02-18T04:24:45.650Z",
        "value": "242.3351764678955",
        "cumulative": false
    },
    {
        "date": "2021-02-18T04:28:58.242Z",
        "value": "240.62623715400696",
        "cumulative": false
    },
    {
        "date": "2021-02-18T04:33:13.693Z",
        "value": "243.4371726512909",
        "cumulative": false
    },
    {
        "date": "2021-02-18T04:37:26.902Z",
        "value": "241.2014672756195",
        "cumulative": false
    },
    {
        "date": "2021-02-18T04:41:40.671Z",
        "value": "241.8249852657318",
        "cumulative": false
    },
    {
        "date": "2021-02-18T04:45:53.469Z",
        "value": "240.83846998214722",
        "cumulative": false
    },
    {
        "date": "2021-02-18T04:50:06.205Z",
        "value": "240.78259015083313",
        "cumulative": false
    },
    {
        "date": "2021-02-18T04:54:21.727Z",
        "value": "243.54265666007996",
        "cumulative": false
    },
    {
        "date": "2021-02-18T04:58:34.491Z",
        "value": "240.83576917648315",
        "cumulative": false
    },
    {
        "date": "2021-02-18T05:02:52.973Z",
        "value": "246.52667140960693",
        "cumulative": false
    },
    {
        "date": "2021-02-18T05:07:12.126Z",
        "value": "247.15540385246277",
        "cumulative": false
    },
    {
        "date": "2021-02-18T05:11:35.210Z",
        "value": "251.13192558288574",
        "cumulative": false
    },
    {
        "date": "2021-02-18T05:15:53.909Z",
        "value": "246.74111199378967",
        "cumulative": false
    },
    {
        "date": "2021-02-18T05:20:06.463Z",
        "value": "240.62205696105957",
        "cumulative": false
    },
    {
        "date": "2021-02-18T05:24:19.503Z",
        "value": "241.0609004497528",
        "cumulative": false
    },
    {
        "date": "2021-02-18T05:28:34.591Z",
        "value": "243.16068387031555",
        "cumulative": false
    },
    {
        "date": "2021-02-18T05:32:50.827Z",
        "value": "244.25744795799255",
        "cumulative": false
    },
    {
        "date": "2021-02-18T05:37:08.424Z",
        "value": "245.6564426422119",
        "cumulative": false
    },
    {
        "date": "2021-02-18T05:41:25.343Z",
        "value": "244.9561538696289",
        "cumulative": false
    },
    {
        "date": "2021-02-18T05:45:40.414Z",
        "value": "243.1160957813263",
        "cumulative": false
    },
    {
        "date": "2021-02-18T05:50:02.762Z",
        "value": "250.35533237457275",
        "cumulative": false
    },
    {
        "date": "2021-02-18T05:54:22.811Z",
        "value": "248.11772179603577",
        "cumulative": false
    },
    {
        "date": "2021-02-18T05:58:49.586Z",
        "value": "254.80510711669922",
        "cumulative": false
    },
    {
        "date": "2021-02-18T06:03:08.671Z",
        "value": "247.09193229675293",
        "cumulative": false
    },
    {
        "date": "2021-02-18T06:07:27.659Z",
        "value": "247.0138008594513",
        "cumulative": false
    },
    {
        "date": "2021-02-18T06:11:44.332Z",
        "value": "244.73622918128967",
        "cumulative": false
    },
    {
        "date": "2021-02-18T06:16:06.207Z",
        "value": "249.87914490699768",
        "cumulative": false
    },
    {
        "date": "2021-02-18T06:20:28.801Z",
        "value": "250.6302149295807",
        "cumulative": false
    },
    {
        "date": "2021-02-18T06:24:51.065Z",
        "value": "250.31380128860474",
        "cumulative": false
    },
    {
        "date": "2021-02-18T06:29:16.730Z",
        "value": "253.67835879325867",
        "cumulative": false
    },
    {
        "date": "2021-02-18T06:33:37.248Z",
        "value": "248.59658241271973",
        "cumulative": false
    },
    {
        "date": "2021-02-18T06:37:57.531Z",
        "value": "248.28362798690796",
        "cumulative": false
    },
    {
        "date": "2021-02-18T06:42:17.043Z",
        "value": "247.55524730682373",
        "cumulative": false
    },
    {
        "date": "2021-02-18T06:46:37.050Z",
        "value": "248.02916955947876",
        "cumulative": false
    },
    {
        "date": "2021-02-18T06:50:55.347Z",
        "value": "246.28287410736084",
        "cumulative": false
    },
    {
        "date": "2021-02-18T06:55:14.778Z",
        "value": "247.4884204864502",
        "cumulative": false
    },
    {
        "date": "2021-02-18T06:59:31.374Z",
        "value": "244.64729714393616",
        "cumulative": false
    },
    {
        "date": "2021-02-18T07:03:42.117Z",
        "value": "238.81375098228455",
        "cumulative": false
    },
    {
        "date": "2021-02-18T07:08:03.098Z",
        "value": "249.0267276763916",
        "cumulative": false
    },
    {
        "date": "2021-02-18T07:12:23.257Z",
        "value": "248.15588760375977",
        "cumulative": false
    },
    {
        "date": "2021-02-18T07:16:36.471Z",
        "value": "241.2308886051178",
        "cumulative": false
    },
    {
        "date": "2021-02-18T07:20:56.550Z",
        "value": "248.09921407699585",
        "cumulative": false
    },
    {
        "date": "2021-02-18T07:25:11.779Z",
        "value": "243.19148135185242",
        "cumulative": false
    },
    {
        "date": "2021-02-18T07:29:27.810Z",
        "value": "244.08349680900574",
        "cumulative": false
    },
    {
        "date": "2021-02-18T07:33:48.860Z",
        "value": "249.09214544296265",
        "cumulative": false
    },
    {
        "date": "2021-02-18T07:38:07.192Z",
        "value": "246.37745690345764",
        "cumulative": false
    },
    {
        "date": "2021-02-18T07:42:24.828Z",
        "value": "245.6537024974823",
        "cumulative": false
    },
    {
        "date": "2021-02-18T07:46:45.819Z",
        "value": "249.02210116386414",
        "cumulative": false
    },
    {
        "date": "2021-02-18T07:51:01.507Z",
        "value": "243.72277212142944",
        "cumulative": false
    },
    {
        "date": "2021-02-18T07:55:26.545Z",
        "value": "253.05566334724426",
        "cumulative": false
    },
    {
        "date": "2021-02-18T07:59:41.646Z",
        "value": "243.16662430763245",
        "cumulative": false
    },
    {
        "date": "2021-02-18T08:03:57.942Z",
        "value": "244.28679180145264",
        "cumulative": false
    },
    {
        "date": "2021-02-18T08:08:24.264Z",
        "value": "254.30686974525452",
        "cumulative": false
    },
    {
        "date": "2021-02-18T08:12:39.206Z",
        "value": "242.94772458076477",
        "cumulative": false
    }
]