[
    {
        "date": "2021-02-17T11:06:28.327Z",
        "value": "0.41693115234375",
        "cumulative": false
    },
    {
        "date": "2021-02-17T11:10:37.365Z",
        "value": "0.4184727668762207",
        "cumulative": false
    },
    {
        "date": "2021-02-17T11:14:47.533Z",
        "value": "0.4122898578643799",
        "cumulative": false
    },
    {
        "date": "2021-02-17T11:18:55.078Z",
        "value": "0.4091346263885498",
        "cumulative": false
    },
    {
        "date": "2021-02-17T11:23:03.051Z",
        "value": "0.41251206398010254",
        "cumulative": false
    },
    {
        "date": "2021-02-17T11:27:11.293Z",
        "value": "0.41162896156311035",
        "cumulative": false
    },
    {
        "date": "2021-02-17T11:31:22.152Z",
        "value": "0.4077146053314209",
        "cumulative": false
    },
    {
        "date": "2021-02-17T11:35:33.524Z",
        "value": "0.40886354446411133",
        "cumulative": false
    },
    {
        "date": "2021-02-17T11:39:40.734Z",
        "value": "0.4099409580230713",
        "cumulative": false
    },
    {
        "date": "2021-02-17T11:43:52.357Z",
        "value": "0.4161250591278076",
        "cumulative": false
    },
    {
        "date": "2021-02-17T11:47:59.354Z",
        "value": "0.4146921634674072",
        "cumulative": false
    },
    {
        "date": "2021-02-17T11:52:00.087Z",
        "value": "0.40995287895202637",
        "cumulative": false
    },
    {
        "date": "2021-02-17T11:56:06.626Z",
        "value": "0.4111325740814209",
        "cumulative": false
    },
    {
        "date": "2021-02-17T12:00:15.233Z",
        "value": "0.4142765998840332",
        "cumulative": false
    },
    {
        "date": "2021-02-17T12:04:28.381Z",
        "value": "0.41346096992492676",
        "cumulative": false
    },
    {
        "date": "2021-02-17T12:08:36.522Z",
        "value": "0.40595149993896484",
        "cumulative": false
    },
    {
        "date": "2021-02-17T12:12:45.046Z",
        "value": "0.4091362953186035",
        "cumulative": false
    },
    {
        "date": "2021-02-17T12:16:54.478Z",
        "value": "0.4190547466278076",
        "cumulative": false
    },
    {
        "date": "2021-02-17T12:20:59.821Z",
        "value": "0.40843868255615234",
        "cumulative": false
    },
    {
        "date": "2021-02-17T12:25:02.243Z",
        "value": "0.4121108055114746",
        "cumulative": false
    },
    {
        "date": "2021-02-17T12:29:04.845Z",
        "value": "0.40950727462768555",
        "cumulative": false
    },
    {
        "date": "2021-02-17T12:33:12.934Z",
        "value": "0.40781331062316895",
        "cumulative": false
    },
    {
        "date": "2021-02-17T12:37:25.558Z",
        "value": "0.4140441417694092",
        "cumulative": false
    },
    {
        "date": "2021-02-17T12:41:36.845Z",
        "value": "0.4094572067260742",
        "cumulative": false
    },
    {
        "date": "2021-02-17T12:45:46.308Z",
        "value": "0.4098970890045166",
        "cumulative": false
    },
    {
        "date": "2021-02-17T12:49:57.047Z",
        "value": "0.41026949882507324",
        "cumulative": false
    },
    {
        "date": "2021-02-17T12:54:03.739Z",
        "value": "0.4096710681915283",
        "cumulative": false
    },
    {
        "date": "2021-02-17T12:58:17.622Z",
        "value": "0.40868568420410156",
        "cumulative": false
    },
    {
        "date": "2021-02-17T13:02:24.662Z",
        "value": "0.4036877155303955",
        "cumulative": false
    },
    {
        "date": "2021-02-17T13:06:30.769Z",
        "value": "0.40474390983581543",
        "cumulative": false
    },
    {
        "date": "2021-02-17T13:10:42.775Z",
        "value": "0.4028160572052002",
        "cumulative": false
    },
    {
        "date": "2021-02-17T13:14:51.006Z",
        "value": "0.40575551986694336",
        "cumulative": false
    },
    {
        "date": "2021-02-17T13:18:59.748Z",
        "value": "0.4072556495666504",
        "cumulative": false
    },
    {
        "date": "2021-02-17T13:23:05.112Z",
        "value": "0.4053177833557129",
        "cumulative": false
    },
    {
        "date": "2021-02-17T13:27:14.862Z",
        "value": "0.40539050102233887",
        "cumulative": false
    },
    {
        "date": "2021-02-17T13:31:27.354Z",
        "value": "0.4052693843841553",
        "cumulative": false
    },
    {
        "date": "2021-02-17T13:35:35.633Z",
        "value": "0.4081151485443115",
        "cumulative": false
    },
    {
        "date": "2021-02-17T13:39:43.667Z",
        "value": "0.4115128517150879",
        "cumulative": false
    },
    {
        "date": "2021-02-17T13:43:50.065Z",
        "value": "0.405242919921875",
        "cumulative": false
    },
    {
        "date": "2021-02-17T13:48:01.377Z",
        "value": "0.40671277046203613",
        "cumulative": false
    },
    {
        "date": "2021-02-17T13:52:19.541Z",
        "value": "0.40500831604003906",
        "cumulative": false
    },
    {
        "date": "2021-02-17T13:56:32.138Z",
        "value": "0.3988654613494873",
        "cumulative": false
    },
    {
        "date": "2021-02-17T14:00:41.332Z",
        "value": "0.4020683765411377",
        "cumulative": false
    },
    {
        "date": "2021-02-17T14:04:46.012Z",
        "value": "0.40952515602111816",
        "cumulative": false
    },
    {
        "date": "2021-02-17T14:08:53.208Z",
        "value": "0.4046964645385742",
        "cumulative": false
    },
    {
        "date": "2021-02-17T14:13:04.859Z",
        "value": "0.4089527130126953",
        "cumulative": false
    },
    {
        "date": "2021-02-17T14:17:11.923Z",
        "value": "0.403334379196167",
        "cumulative": false
    },
    {
        "date": "2021-02-17T14:21:26.452Z",
        "value": "0.4101986885070801",
        "cumulative": false
    },
    {
        "date": "2021-02-17T14:25:32.459Z",
        "value": "0.4011199474334717",
        "cumulative": false
    },
    {
        "date": "2021-02-17T14:29:43.077Z",
        "value": "0.4097583293914795",
        "cumulative": false
    },
    {
        "date": "2021-02-17T14:33:51.632Z",
        "value": "0.40378713607788086",
        "cumulative": false
    },
    {
        "date": "2021-02-17T14:37:59.102Z",
        "value": "0.40265679359436035",
        "cumulative": false
    },
    {
        "date": "2021-02-17T14:42:12.495Z",
        "value": "0.39815402030944824",
        "cumulative": false
    },
    {
        "date": "2021-02-17T14:46:25.846Z",
        "value": "0.4020659923553467",
        "cumulative": false
    },
    {
        "date": "2021-02-17T14:50:39.244Z",
        "value": "0.4020347595214844",
        "cumulative": false
    },
    {
        "date": "2021-02-17T14:54:54.834Z",
        "value": "0.404630184173584",
        "cumulative": false
    },
    {
        "date": "2021-02-17T14:59:01.992Z",
        "value": "0.3975191116333008",
        "cumulative": false
    },
    {
        "date": "2021-02-17T15:03:19.135Z",
        "value": "0.3983621597290039",
        "cumulative": false
    },
    {
        "date": "2021-02-17T15:07:30.521Z",
        "value": "0.40306520462036133",
        "cumulative": false
    },
    {
        "date": "2021-02-17T15:11:37.461Z",
        "value": "0.4070146083831787",
        "cumulative": false
    },
    {
        "date": "2021-02-17T15:15:55.720Z",
        "value": "0.41021227836608887",
        "cumulative": false
    },
    {
        "date": "2021-02-17T15:20:13.081Z",
        "value": "0.4135935306549072",
        "cumulative": false
    },
    {
        "date": "2021-02-17T15:24:21.723Z",
        "value": "0.40873169898986816",
        "cumulative": false
    },
    {
        "date": "2021-02-17T15:28:41.190Z",
        "value": "0.41561102867126465",
        "cumulative": false
    },
    {
        "date": "2021-02-17T15:32:51.674Z",
        "value": "0.4110720157623291",
        "cumulative": false
    },
    {
        "date": "2021-02-17T15:37:11.106Z",
        "value": "0.40971851348876953",
        "cumulative": false
    },
    {
        "date": "2021-02-17T15:41:22.545Z",
        "value": "0.40914344787597656",
        "cumulative": false
    },
    {
        "date": "2021-02-17T15:45:34.786Z",
        "value": "0.4073033332824707",
        "cumulative": false
    },
    {
        "date": "2021-02-17T15:49:52.320Z",
        "value": "0.40952253341674805",
        "cumulative": false
    },
    {
        "date": "2021-02-17T15:54:11.701Z",
        "value": "0.40762829780578613",
        "cumulative": false
    },
    {
        "date": "2021-02-17T15:58:26.568Z",
        "value": "0.40889501571655273",
        "cumulative": false
    },
    {
        "date": "2021-02-17T16:02:35.539Z",
        "value": "0.4103512763977051",
        "cumulative": false
    },
    {
        "date": "2021-02-17T16:06:52.197Z",
        "value": "0.4073450565338135",
        "cumulative": false
    },
    {
        "date": "2021-02-17T16:11:03.374Z",
        "value": "0.41037654876708984",
        "cumulative": false
    },
    {
        "date": "2021-02-17T16:15:19.414Z",
        "value": "0.40767455101013184",
        "cumulative": false
    },
    {
        "date": "2021-02-17T16:19:39.790Z",
        "value": "0.40795278549194336",
        "cumulative": false
    },
    {
        "date": "2021-02-17T16:23:59.864Z",
        "value": "0.4082198143005371",
        "cumulative": false
    },
    {
        "date": "2021-02-17T16:28:18.346Z",
        "value": "0.4043412208557129",
        "cumulative": false
    },
    {
        "date": "2021-02-17T16:32:33.295Z",
        "value": "0.41196751594543457",
        "cumulative": false
    },
    {
        "date": "2021-02-17T16:36:45.833Z",
        "value": "0.4089782238006592",
        "cumulative": false
    },
    {
        "date": "2021-02-17T16:40:57.171Z",
        "value": "0.4075002670288086",
        "cumulative": false
    },
    {
        "date": "2021-02-17T16:45:11.942Z",
        "value": "0.40813207626342773",
        "cumulative": false
    },
    {
        "date": "2021-02-17T16:49:29.979Z",
        "value": "0.4097118377685547",
        "cumulative": false
    },
    {
        "date": "2021-02-17T16:53:46.844Z",
        "value": "0.4096100330352783",
        "cumulative": false
    },
    {
        "date": "2021-02-17T16:57:56.586Z",
        "value": "0.40555667877197266",
        "cumulative": false
    },
    {
        "date": "2021-02-17T17:02:08.201Z",
        "value": "0.40630555152893066",
        "cumulative": false
    },
    {
        "date": "2021-02-17T17:06:26.346Z",
        "value": "0.4126296043395996",
        "cumulative": false
    },
    {
        "date": "2021-02-17T17:10:50.368Z",
        "value": "0.4130690097808838",
        "cumulative": false
    },
    {
        "date": "2021-02-17T17:15:06.195Z",
        "value": "0.40053248405456543",
        "cumulative": false
    },
    {
        "date": "2021-02-17T17:19:21.287Z",
        "value": "0.40070176124572754",
        "cumulative": false
    },
    {
        "date": "2021-02-17T17:23:34.364Z",
        "value": "0.40546464920043945",
        "cumulative": false
    },
    {
        "date": "2021-02-17T17:27:44.376Z",
        "value": "0.40189576148986816",
        "cumulative": false
    },
    {
        "date": "2021-02-17T17:32:03.248Z",
        "value": "0.40701913833618164",
        "cumulative": false
    },
    {
        "date": "2021-02-17T17:36:22.875Z",
        "value": "0.4083380699157715",
        "cumulative": false
    },
    {
        "date": "2021-02-17T17:40:40.011Z",
        "value": "0.4053671360015869",
        "cumulative": false
    },
    {
        "date": "2021-02-17T17:44:57.555Z",
        "value": "0.4069535732269287",
        "cumulative": false
    },
    {
        "date": "2021-02-17T17:49:10.842Z",
        "value": "0.4088454246520996",
        "cumulative": false
    },
    {
        "date": "2021-02-17T17:53:24.890Z",
        "value": "0.406796932220459",
        "cumulative": false
    },
    {
        "date": "2021-02-17T17:57:41.388Z",
        "value": "0.4039781093597412",
        "cumulative": false
    },
    {
        "date": "2021-02-17T18:01:57.785Z",
        "value": "0.40392470359802246",
        "cumulative": false
    },
    {
        "date": "2021-02-17T18:06:15.861Z",
        "value": "0.40540051460266113",
        "cumulative": false
    },
    {
        "date": "2021-02-17T18:10:38.087Z",
        "value": "0.41127586364746094",
        "cumulative": false
    },
    {
        "date": "2021-02-17T18:14:56.706Z",
        "value": "0.40866613388061523",
        "cumulative": false
    },
    {
        "date": "2021-02-17T18:19:09.367Z",
        "value": "0.40863561630249023",
        "cumulative": false
    },
    {
        "date": "2021-02-17T18:23:20.801Z",
        "value": "0.4053680896759033",
        "cumulative": false
    },
    {
        "date": "2021-02-17T18:27:35.473Z",
        "value": "0.40528321266174316",
        "cumulative": false
    },
    {
        "date": "2021-02-17T18:31:54.580Z",
        "value": "0.4116041660308838",
        "cumulative": false
    },
    {
        "date": "2021-02-17T18:36:09.422Z",
        "value": "0.4076552391052246",
        "cumulative": false
    },
    {
        "date": "2021-02-17T18:40:30.450Z",
        "value": "0.41251063346862793",
        "cumulative": false
    },
    {
        "date": "2021-02-17T18:44:46.753Z",
        "value": "0.4018378257751465",
        "cumulative": false
    },
    {
        "date": "2021-02-17T18:48:59.485Z",
        "value": "0.4037446975708008",
        "cumulative": false
    },
    {
        "date": "2021-02-17T18:53:11.017Z",
        "value": "0.4013946056365967",
        "cumulative": false
    },
    {
        "date": "2021-02-17T18:57:25.307Z",
        "value": "0.40723466873168945",
        "cumulative": false
    },
    {
        "date": "2021-02-17T19:01:46.235Z",
        "value": "0.40761852264404297",
        "cumulative": false
    },
    {
        "date": "2021-02-17T19:06:06.245Z",
        "value": "0.4054248332977295",
        "cumulative": false
    },
    {
        "date": "2021-02-17T19:10:23.691Z",
        "value": "0.40511322021484375",
        "cumulative": false
    },
    {
        "date": "2021-02-17T19:14:37.992Z",
        "value": "0.400836706161499",
        "cumulative": false
    },
    {
        "date": "2021-02-17T19:18:54.653Z",
        "value": "0.4020249843597412",
        "cumulative": false
    },
    {
        "date": "2021-02-17T19:23:08.442Z",
        "value": "0.40474724769592285",
        "cumulative": false
    },
    {
        "date": "2021-02-17T19:27:23.477Z",
        "value": "0.4038982391357422",
        "cumulative": false
    },
    {
        "date": "2021-02-17T19:31:42.327Z",
        "value": "0.4006175994873047",
        "cumulative": false
    },
    {
        "date": "2021-02-17T19:35:57.200Z",
        "value": "0.4005110263824463",
        "cumulative": false
    },
    {
        "date": "2021-02-17T19:40:14.734Z",
        "value": "0.4079859256744385",
        "cumulative": false
    },
    {
        "date": "2021-02-17T19:44:31.829Z",
        "value": "0.4007136821746826",
        "cumulative": false
    },
    {
        "date": "2021-02-17T19:48:42.186Z",
        "value": "0.3972952365875244",
        "cumulative": false
    },
    {
        "date": "2021-02-17T19:52:58.435Z",
        "value": "0.4015007019042969",
        "cumulative": false
    },
    {
        "date": "2021-02-17T19:57:15.361Z",
        "value": "0.4097096920013428",
        "cumulative": false
    },
    {
        "date": "2021-02-17T20:01:27.368Z",
        "value": "0.4074108600616455",
        "cumulative": false
    },
    {
        "date": "2021-02-17T20:05:46.350Z",
        "value": "0.40842604637145996",
        "cumulative": false
    },
    {
        "date": "2021-02-17T20:09:55.385Z",
        "value": "0.40485501289367676",
        "cumulative": false
    },
    {
        "date": "2021-02-17T20:14:13.260Z",
        "value": "0.4051644802093506",
        "cumulative": false
    },
    {
        "date": "2021-02-17T20:18:27.876Z",
        "value": "0.4066002368927002",
        "cumulative": false
    },
    {
        "date": "2021-02-17T20:22:40.454Z",
        "value": "0.40166211128234863",
        "cumulative": false
    },
    {
        "date": "2021-02-17T20:26:58.132Z",
        "value": "0.40358638763427734",
        "cumulative": false
    },
    {
        "date": "2021-02-17T20:31:08.475Z",
        "value": "0.40952634811401367",
        "cumulative": false
    },
    {
        "date": "2021-02-17T20:35:24.430Z",
        "value": "0.40423107147216797",
        "cumulative": false
    },
    {
        "date": "2021-02-17T20:39:42.249Z",
        "value": "0.4112577438354492",
        "cumulative": false
    },
    {
        "date": "2021-02-17T20:43:57.696Z",
        "value": "0.4027235507965088",
        "cumulative": false
    },
    {
        "date": "2021-02-17T20:48:15.156Z",
        "value": "0.40881872177124023",
        "cumulative": false
    },
    {
        "date": "2021-02-17T20:52:29.988Z",
        "value": "0.4084475040435791",
        "cumulative": false
    },
    {
        "date": "2021-02-17T20:56:48.969Z",
        "value": "0.40699267387390137",
        "cumulative": false
    },
    {
        "date": "2021-02-17T21:01:06.747Z",
        "value": "0.4029805660247803",
        "cumulative": false
    },
    {
        "date": "2021-02-17T21:05:20.108Z",
        "value": "0.40058445930480957",
        "cumulative": false
    },
    {
        "date": "2021-02-17T21:09:40.222Z",
        "value": "0.3995552062988281",
        "cumulative": false
    },
    {
        "date": "2021-02-17T21:13:56.493Z",
        "value": "0.4014408588409424",
        "cumulative": false
    },
    {
        "date": "2021-02-17T21:18:07.599Z",
        "value": "0.4078640937805176",
        "cumulative": false
    },
    {
        "date": "2021-02-17T21:22:24.744Z",
        "value": "0.403902530670166",
        "cumulative": false
    },
    {
        "date": "2021-02-17T21:26:42.396Z",
        "value": "0.40296411514282227",
        "cumulative": false
    },
    {
        "date": "2021-02-17T21:30:57.987Z",
        "value": "0.407625675201416",
        "cumulative": false
    },
    {
        "date": "2021-02-17T21:35:09.915Z",
        "value": "0.4079165458679199",
        "cumulative": false
    },
    {
        "date": "2021-02-17T21:39:30.409Z",
        "value": "0.4026656150817871",
        "cumulative": false
    },
    {
        "date": "2021-02-17T21:43:43.711Z",
        "value": "0.4058258533477783",
        "cumulative": false
    },
    {
        "date": "2021-02-17T21:47:59.325Z",
        "value": "0.4038259983062744",
        "cumulative": false
    },
    {
        "date": "2021-02-17T21:52:15.100Z",
        "value": "0.40231943130493164",
        "cumulative": false
    },
    {
        "date": "2021-02-17T21:56:28.015Z",
        "value": "0.4116933345794678",
        "cumulative": false
    },
    {
        "date": "2021-02-17T22:00:44.269Z",
        "value": "0.4034695625305176",
        "cumulative": false
    },
    {
        "date": "2021-02-17T22:04:59.781Z",
        "value": "0.4108104705810547",
        "cumulative": false
    },
    {
        "date": "2021-02-17T22:09:17.526Z",
        "value": "0.40699100494384766",
        "cumulative": false
    },
    {
        "date": "2021-02-17T22:13:35.990Z",
        "value": "0.4071667194366455",
        "cumulative": false
    },
    {
        "date": "2021-02-17T22:17:47.880Z",
        "value": "0.40879273414611816",
        "cumulative": false
    },
    {
        "date": "2021-02-17T22:22:05.349Z",
        "value": "0.4064979553222656",
        "cumulative": false
    },
    {
        "date": "2021-02-17T22:26:18.823Z",
        "value": "0.40975475311279297",
        "cumulative": false
    },
    {
        "date": "2021-02-17T22:30:36.529Z",
        "value": "0.4091763496398926",
        "cumulative": false
    },
    {
        "date": "2021-02-17T22:34:52.224Z",
        "value": "0.4100010395050049",
        "cumulative": false
    },
    {
        "date": "2021-02-17T22:39:05.298Z",
        "value": "0.4062974452972412",
        "cumulative": false
    },
    {
        "date": "2021-02-17T22:43:21.479Z",
        "value": "0.4070286750793457",
        "cumulative": false
    },
    {
        "date": "2021-02-17T22:47:35.205Z",
        "value": "0.4092569351196289",
        "cumulative": false
    },
    {
        "date": "2021-02-17T22:51:54.598Z",
        "value": "0.4115414619445801",
        "cumulative": false
    },
    {
        "date": "2021-02-17T22:56:07.838Z",
        "value": "0.40763068199157715",
        "cumulative": false
    },
    {
        "date": "2021-02-17T23:00:20.109Z",
        "value": "0.40955567359924316",
        "cumulative": false
    },
    {
        "date": "2021-02-17T23:04:37.742Z",
        "value": "0.41055798530578613",
        "cumulative": false
    },
    {
        "date": "2021-02-17T23:08:52.821Z",
        "value": "0.4126460552215576",
        "cumulative": false
    },
    {
        "date": "2021-02-17T23:13:07.518Z",
        "value": "0.4080996513366699",
        "cumulative": false
    },
    {
        "date": "2021-02-17T23:17:24.051Z",
        "value": "0.4053800106048584",
        "cumulative": false
    },
    {
        "date": "2021-02-17T23:21:36.391Z",
        "value": "0.4096107482910156",
        "cumulative": false
    },
    {
        "date": "2021-02-17T23:25:52.884Z",
        "value": "0.4026811122894287",
        "cumulative": false
    },
    {
        "date": "2021-02-17T23:30:10.164Z",
        "value": "0.4038369655609131",
        "cumulative": false
    },
    {
        "date": "2021-02-17T23:34:23.622Z",
        "value": "0.40430498123168945",
        "cumulative": false
    },
    {
        "date": "2021-02-17T23:38:45.042Z",
        "value": "0.40926194190979004",
        "cumulative": false
    },
    {
        "date": "2021-02-17T23:43:04.268Z",
        "value": "0.4063985347747803",
        "cumulative": false
    },
    {
        "date": "2021-02-17T23:47:17.852Z",
        "value": "0.4090158939361572",
        "cumulative": false
    },
    {
        "date": "2021-02-17T23:51:39.268Z",
        "value": "0.4150278568267822",
        "cumulative": false
    },
    {
        "date": "2021-02-17T23:55:52.644Z",
        "value": "0.4108266830444336",
        "cumulative": false
    },
    {
        "date": "2021-02-18T00:00:12.222Z",
        "value": "0.4047067165374756",
        "cumulative": false
    },
    {
        "date": "2021-02-18T00:04:25.105Z",
        "value": "0.4053215980529785",
        "cumulative": false
    },
    {
        "date": "2021-02-18T00:08:38.629Z",
        "value": "0.40001821517944336",
        "cumulative": false
    },
    {
        "date": "2021-02-18T00:12:59.662Z",
        "value": "0.4001121520996094",
        "cumulative": false
    },
    {
        "date": "2021-02-18T00:17:13.044Z",
        "value": "0.41271305084228516",
        "cumulative": false
    },
    {
        "date": "2021-02-18T00:21:31.770Z",
        "value": "0.40592479705810547",
        "cumulative": false
    },
    {
        "date": "2021-02-18T00:25:54.654Z",
        "value": "0.4025235176086426",
        "cumulative": false
    },
    {
        "date": "2021-02-18T00:30:05.048Z",
        "value": "0.4040977954864502",
        "cumulative": false
    },
    {
        "date": "2021-02-18T00:34:15.920Z",
        "value": "0.40364575386047363",
        "cumulative": false
    },
    {
        "date": "2021-02-18T00:38:29.152Z",
        "value": "0.4049811363220215",
        "cumulative": false
    },
    {
        "date": "2021-02-18T00:42:49.761Z",
        "value": "0.3991241455078125",
        "cumulative": false
    },
    {
        "date": "2021-02-18T00:47:05.767Z",
        "value": "0.4058365821838379",
        "cumulative": false
    },
    {
        "date": "2021-02-18T00:51:21.867Z",
        "value": "0.4028589725494385",
        "cumulative": false
    },
    {
        "date": "2021-02-18T00:55:37.069Z",
        "value": "0.40583181381225586",
        "cumulative": false
    },
    {
        "date": "2021-02-18T00:59:48.419Z",
        "value": "0.4004783630371094",
        "cumulative": false
    },
    {
        "date": "2021-02-18T01:04:05.011Z",
        "value": "0.4019448757171631",
        "cumulative": false
    },
    {
        "date": "2021-02-18T01:08:21.504Z",
        "value": "0.4002089500427246",
        "cumulative": false
    },
    {
        "date": "2021-02-18T01:12:37.799Z",
        "value": "0.3993973731994629",
        "cumulative": false
    },
    {
        "date": "2021-02-18T01:16:58.159Z",
        "value": "0.39920496940612793",
        "cumulative": false
    },
    {
        "date": "2021-02-18T01:21:13.063Z",
        "value": "0.3986194133758545",
        "cumulative": false
    },
    {
        "date": "2021-02-18T01:25:32.966Z",
        "value": "0.40001726150512695",
        "cumulative": false
    },
    {
        "date": "2021-02-18T01:29:48.084Z",
        "value": "0.40618300437927246",
        "cumulative": false
    },
    {
        "date": "2021-02-18T01:34:07.118Z",
        "value": "0.405362606048584",
        "cumulative": false
    },
    {
        "date": "2021-02-18T01:38:22.647Z",
        "value": "0.40757274627685547",
        "cumulative": false
    },
    {
        "date": "2021-02-18T01:42:40.412Z",
        "value": "0.40766048431396484",
        "cumulative": false
    },
    {
        "date": "2021-02-18T01:46:56.626Z",
        "value": "0.412769079208374",
        "cumulative": false
    },
    {
        "date": "2021-02-18T01:51:13.079Z",
        "value": "0.40825486183166504",
        "cumulative": false
    },
    {
        "date": "2021-02-18T01:55:32.607Z",
        "value": "0.4083852767944336",
        "cumulative": false
    },
    {
        "date": "2021-02-18T01:59:49.041Z",
        "value": "0.4070613384246826",
        "cumulative": false
    },
    {
        "date": "2021-02-18T02:04:02.925Z",
        "value": "0.4113621711730957",
        "cumulative": false
    },
    {
        "date": "2021-02-18T02:08:19.512Z",
        "value": "0.4106879234313965",
        "cumulative": false
    },
    {
        "date": "2021-02-18T02:12:33.613Z",
        "value": "0.4038865566253662",
        "cumulative": false
    },
    {
        "date": "2021-02-18T02:16:49.649Z",
        "value": "0.4078495502471924",
        "cumulative": false
    },
    {
        "date": "2021-02-18T02:21:05.899Z",
        "value": "0.41054821014404297",
        "cumulative": false
    },
    {
        "date": "2021-02-18T02:25:29.579Z",
        "value": "0.4096949100494385",
        "cumulative": false
    },
    {
        "date": "2021-02-18T02:29:44.463Z",
        "value": "0.401780366897583",
        "cumulative": false
    },
    {
        "date": "2021-02-18T02:33:56.840Z",
        "value": "0.39843177795410156",
        "cumulative": false
    },
    {
        "date": "2021-02-18T02:38:15.268Z",
        "value": "0.4023580551147461",
        "cumulative": false
    },
    {
        "date": "2021-02-18T02:42:36.338Z",
        "value": "0.4036548137664795",
        "cumulative": false
    },
    {
        "date": "2021-02-18T02:46:55.216Z",
        "value": "0.4049110412597656",
        "cumulative": false
    },
    {
        "date": "2021-02-18T02:51:05.601Z",
        "value": "0.40936827659606934",
        "cumulative": false
    },
    {
        "date": "2021-02-18T02:55:14.746Z",
        "value": "0.4030418395996094",
        "cumulative": false
    },
    {
        "date": "2021-02-18T02:59:26.901Z",
        "value": "0.3992950916290283",
        "cumulative": false
    },
    {
        "date": "2021-02-18T03:03:43.021Z",
        "value": "0.4026832580566406",
        "cumulative": false
    },
    {
        "date": "2021-02-18T03:08:01.080Z",
        "value": "0.4019486904144287",
        "cumulative": false
    },
    {
        "date": "2021-02-18T03:12:22.319Z",
        "value": "0.4096541404724121",
        "cumulative": false
    },
    {
        "date": "2021-02-18T03:16:38.244Z",
        "value": "0.4050121307373047",
        "cumulative": false
    },
    {
        "date": "2021-02-18T03:20:57.085Z",
        "value": "0.4051339626312256",
        "cumulative": false
    },
    {
        "date": "2021-02-18T03:25:17.707Z",
        "value": "0.40752267837524414",
        "cumulative": false
    },
    {
        "date": "2021-02-18T03:29:36.695Z",
        "value": "0.4073336124420166",
        "cumulative": false
    },
    {
        "date": "2021-02-18T03:33:55.320Z",
        "value": "0.4014146327972412",
        "cumulative": false
    },
    {
        "date": "2021-02-18T03:38:14.939Z",
        "value": "0.4065244197845459",
        "cumulative": false
    },
    {
        "date": "2021-02-18T03:42:33.105Z",
        "value": "0.4046206474304199",
        "cumulative": false
    },
    {
        "date": "2021-02-18T03:46:50.226Z",
        "value": "0.4104444980621338",
        "cumulative": false
    },
    {
        "date": "2021-02-18T03:51:03.405Z",
        "value": "0.4057605266571045",
        "cumulative": false
    },
    {
        "date": "2021-02-18T03:55:15.414Z",
        "value": "0.4078972339630127",
        "cumulative": false
    },
    {
        "date": "2021-02-18T03:59:22.038Z",
        "value": "0.41043972969055176",
        "cumulative": false
    },
    {
        "date": "2021-02-18T04:03:31.474Z",
        "value": "0.40720391273498535",
        "cumulative": false
    },
    {
        "date": "2021-02-18T04:07:48.149Z",
        "value": "0.3978307247161865",
        "cumulative": false
    },
    {
        "date": "2021-02-18T04:12:03.025Z",
        "value": "0.4027678966522217",
        "cumulative": false
    },
    {
        "date": "2021-02-18T04:16:16.350Z",
        "value": "0.40531301498413086",
        "cumulative": false
    },
    {
        "date": "2021-02-18T04:20:31.334Z",
        "value": "0.40023207664489746",
        "cumulative": false
    },
    {
        "date": "2021-02-18T04:24:45.649Z",
        "value": "0.4017202854156494",
        "cumulative": false
    },
    {
        "date": "2021-02-18T04:28:58.241Z",
        "value": "0.4046034812927246",
        "cumulative": false
    },
    {
        "date": "2021-02-18T04:33:13.692Z",
        "value": "0.4038681983947754",
        "cumulative": false
    },
    {
        "date": "2021-02-18T04:37:26.902Z",
        "value": "0.40303969383239746",
        "cumulative": false
    },
    {
        "date": "2021-02-18T04:41:40.671Z",
        "value": "0.402923583984375",
        "cumulative": false
    },
    {
        "date": "2021-02-18T04:45:53.469Z",
        "value": "0.4048476219177246",
        "cumulative": false
    },
    {
        "date": "2021-02-18T04:50:06.205Z",
        "value": "0.40325069427490234",
        "cumulative": false
    },
    {
        "date": "2021-02-18T04:54:21.728Z",
        "value": "0.40397071838378906",
        "cumulative": false
    },
    {
        "date": "2021-02-18T04:58:34.492Z",
        "value": "0.41030454635620117",
        "cumulative": false
    },
    {
        "date": "2021-02-18T05:02:52.973Z",
        "value": "0.4093661308288574",
        "cumulative": false
    },
    {
        "date": "2021-02-18T05:07:12.126Z",
        "value": "0.412766695022583",
        "cumulative": false
    },
    {
        "date": "2021-02-18T05:11:35.210Z",
        "value": "0.4071061611175537",
        "cumulative": false
    },
    {
        "date": "2021-02-18T05:15:53.908Z",
        "value": "0.41191887855529785",
        "cumulative": false
    },
    {
        "date": "2021-02-18T05:20:06.464Z",
        "value": "0.40701961517333984",
        "cumulative": false
    },
    {
        "date": "2021-02-18T05:24:19.504Z",
        "value": "0.4051828384399414",
        "cumulative": false
    },
    {
        "date": "2021-02-18T05:28:34.592Z",
        "value": "0.4056100845336914",
        "cumulative": false
    },
    {
        "date": "2021-02-18T05:32:50.828Z",
        "value": "0.40877866744995117",
        "cumulative": false
    },
    {
        "date": "2021-02-18T05:37:08.425Z",
        "value": "0.4060323238372803",
        "cumulative": false
    },
    {
        "date": "2021-02-18T05:41:25.344Z",
        "value": "0.4032783508300781",
        "cumulative": false
    },
    {
        "date": "2021-02-18T05:45:40.414Z",
        "value": "0.4089624881744385",
        "cumulative": false
    },
    {
        "date": "2021-02-18T05:50:02.762Z",
        "value": "0.4042031764984131",
        "cumulative": false
    },
    {
        "date": "2021-02-18T05:54:22.811Z",
        "value": "0.41078948974609375",
        "cumulative": false
    },
    {
        "date": "2021-02-18T05:58:49.585Z",
        "value": "0.41281867027282715",
        "cumulative": false
    },
    {
        "date": "2021-02-18T06:03:08.671Z",
        "value": "0.40723276138305664",
        "cumulative": false
    },
    {
        "date": "2021-02-18T06:07:27.657Z",
        "value": "0.4108448028564453",
        "cumulative": false
    },
    {
        "date": "2021-02-18T06:11:44.332Z",
        "value": "0.40371060371398926",
        "cumulative": false
    },
    {
        "date": "2021-02-18T06:16:06.206Z",
        "value": "0.4084899425506592",
        "cumulative": false
    },
    {
        "date": "2021-02-18T06:20:28.801Z",
        "value": "0.4029991626739502",
        "cumulative": false
    },
    {
        "date": "2021-02-18T06:24:51.065Z",
        "value": "0.40435242652893066",
        "cumulative": false
    },
    {
        "date": "2021-02-18T06:29:16.730Z",
        "value": "0.4089360237121582",
        "cumulative": false
    },
    {
        "date": "2021-02-18T06:33:37.247Z",
        "value": "0.4084482192993164",
        "cumulative": false
    },
    {
        "date": "2021-02-18T06:37:57.531Z",
        "value": "0.40300559997558594",
        "cumulative": false
    },
    {
        "date": "2021-02-18T06:42:17.042Z",
        "value": "0.3991577625274658",
        "cumulative": false
    },
    {
        "date": "2021-02-18T06:46:37.050Z",
        "value": "0.3986012935638428",
        "cumulative": false
    },
    {
        "date": "2021-02-18T06:50:55.347Z",
        "value": "0.4005401134490967",
        "cumulative": false
    },
    {
        "date": "2021-02-18T06:55:14.778Z",
        "value": "0.40039706230163574",
        "cumulative": false
    },
    {
        "date": "2021-02-18T06:59:31.374Z",
        "value": "0.4018404483795166",
        "cumulative": false
    },
    {
        "date": "2021-02-18T07:03:42.117Z",
        "value": "0.4010303020477295",
        "cumulative": false
    },
    {
        "date": "2021-02-18T07:08:03.100Z",
        "value": "0.4071059226989746",
        "cumulative": false
    },
    {
        "date": "2021-02-18T07:12:23.257Z",
        "value": "0.4102747440338135",
        "cumulative": false
    },
    {
        "date": "2021-02-18T07:16:36.471Z",
        "value": "0.4067232608795166",
        "cumulative": false
    },
    {
        "date": "2021-02-18T07:20:56.550Z",
        "value": "0.4025602340698242",
        "cumulative": false
    },
    {
        "date": "2021-02-18T07:25:11.779Z",
        "value": "0.4032912254333496",
        "cumulative": false
    },
    {
        "date": "2021-02-18T07:29:27.810Z",
        "value": "0.40352630615234375",
        "cumulative": false
    },
    {
        "date": "2021-02-18T07:33:48.860Z",
        "value": "0.4035606384277344",
        "cumulative": false
    },
    {
        "date": "2021-02-18T07:38:07.192Z",
        "value": "0.39962124824523926",
        "cumulative": false
    },
    {
        "date": "2021-02-18T07:42:24.827Z",
        "value": "0.40479469299316406",
        "cumulative": false
    },
    {
        "date": "2021-02-18T07:46:45.819Z",
        "value": "0.4032752513885498",
        "cumulative": false
    },
    {
        "date": "2021-02-18T07:51:01.509Z",
        "value": "0.40871524810791016",
        "cumulative": false
    },
    {
        "date": "2021-02-18T07:55:26.545Z",
        "value": "0.406780481338501",
        "cumulative": false
    },
    {
        "date": "2021-02-18T07:59:41.646Z",
        "value": "0.4080393314361572",
        "cumulative": false
    },
    {
        "date": "2021-02-18T08:03:57.942Z",
        "value": "0.3996403217315674",
        "cumulative": false
    },
    {
        "date": "2021-02-18T08:08:24.264Z",
        "value": "0.40677571296691895",
        "cumulative": false
    },
    {
        "date": "2021-02-18T08:12:39.206Z",
        "value": "0.401134729385376",
        "cumulative": false
    }
]