[
    {
        "date": "2021-02-17T11:06:28.326Z",
        "value": "133.41992831230164",
        "cumulative": false
    },
    {
        "date": "2021-02-17T11:10:37.364Z",
        "value": "136.3816957473755",
        "cumulative": false
    },
    {
        "date": "2021-02-17T11:14:47.533Z",
        "value": "136.98244428634644",
        "cumulative": false
    },
    {
        "date": "2021-02-17T11:18:55.077Z",
        "value": "134.35891890525818",
        "cumulative": false
    },
    {
        "date": "2021-02-17T11:23:03.050Z",
        "value": "135.02344751358032",
        "cumulative": false
    },
    {
        "date": "2021-02-17T11:27:11.292Z",
        "value": "135.1276614665985",
        "cumulative": false
    },
    {
        "date": "2021-02-17T11:31:22.151Z",
        "value": "137.57578372955322",
        "cumulative": false
    },
    {
        "date": "2021-02-17T11:35:33.523Z",
        "value": "138.03553915023804",
        "cumulative": false
    },
    {
        "date": "2021-02-17T11:39:40.733Z",
        "value": "133.76956248283386",
        "cumulative": false
    },
    {
        "date": "2021-02-17T11:43:52.357Z",
        "value": "138.66626906394958",
        "cumulative": false
    },
    {
        "date": "2021-02-17T11:47:59.351Z",
        "value": "133.97376251220703",
        "cumulative": false
    },
    {
        "date": "2021-02-17T11:52:00.086Z",
        "value": "127.62909698486328",
        "cumulative": false
    },
    {
        "date": "2021-02-17T11:56:06.625Z",
        "value": "133.7835738658905",
        "cumulative": false
    },
    {
        "date": "2021-02-17T12:00:15.231Z",
        "value": "136.36899209022522",
        "cumulative": false
    },
    {
        "date": "2021-02-17T12:04:28.379Z",
        "value": "139.9365406036377",
        "cumulative": false
    },
    {
        "date": "2021-02-17T12:08:36.521Z",
        "value": "134.78502702713013",
        "cumulative": false
    },
    {
        "date": "2021-02-17T12:12:45.045Z",
        "value": "135.36754441261292",
        "cumulative": false
    },
    {
        "date": "2021-02-17T12:16:54.477Z",
        "value": "136.31988525390625",
        "cumulative": false
    },
    {
        "date": "2021-02-17T12:20:59.820Z",
        "value": "131.9165074825287",
        "cumulative": false
    },
    {
        "date": "2021-02-17T12:25:02.242Z",
        "value": "128.94919776916504",
        "cumulative": false
    },
    {
        "date": "2021-02-17T12:29:04.845Z",
        "value": "129.16841435432434",
        "cumulative": false
    },
    {
        "date": "2021-02-17T12:33:12.933Z",
        "value": "134.47577738761902",
        "cumulative": false
    },
    {
        "date": "2021-02-17T12:37:25.557Z",
        "value": "139.73984050750732",
        "cumulative": false
    },
    {
        "date": "2021-02-17T12:41:36.844Z",
        "value": "138.00376558303833",
        "cumulative": false
    },
    {
        "date": "2021-02-17T12:45:46.308Z",
        "value": "135.93594408035278",
        "cumulative": false
    },
    {
        "date": "2021-02-17T12:49:57.046Z",
        "value": "137.29431343078613",
        "cumulative": false
    },
    {
        "date": "2021-02-17T12:54:03.738Z",
        "value": "133.7484803199768",
        "cumulative": false
    },
    {
        "date": "2021-02-17T12:58:17.622Z",
        "value": "140.78847122192383",
        "cumulative": false
    },
    {
        "date": "2021-02-17T13:02:24.661Z",
        "value": "133.6507203578949",
        "cumulative": false
    },
    {
        "date": "2021-02-17T13:06:30.769Z",
        "value": "132.8672432899475",
        "cumulative": false
    },
    {
        "date": "2021-02-17T13:10:42.774Z",
        "value": "138.4644582271576",
        "cumulative": false
    },
    {
        "date": "2021-02-17T13:14:51.006Z",
        "value": "134.91382360458374",
        "cumulative": false
    },
    {
        "date": "2021-02-17T13:18:59.748Z",
        "value": "135.7579641342163",
        "cumulative": false
    },
    {
        "date": "2021-02-17T13:23:05.112Z",
        "value": "131.69865489006042",
        "cumulative": false
    },
    {
        "date": "2021-02-17T13:27:14.862Z",
        "value": "136.33813381195068",
        "cumulative": false
    },
    {
        "date": "2021-02-17T13:31:27.354Z",
        "value": "139.1328284740448",
        "cumulative": false
    },
    {
        "date": "2021-02-17T13:35:35.633Z",
        "value": "134.88029980659485",
        "cumulative": false
    },
    {
        "date": "2021-02-17T13:39:43.667Z",
        "value": "134.42482447624207",
        "cumulative": false
    },
    {
        "date": "2021-02-17T13:43:50.064Z",
        "value": "132.65109062194824",
        "cumulative": false
    },
    {
        "date": "2021-02-17T13:48:01.376Z",
        "value": "137.94154262542725",
        "cumulative": false
    },
    {
        "date": "2021-02-17T13:52:19.540Z",
        "value": "145.00131249427795",
        "cumulative": false
    },
    {
        "date": "2021-02-17T13:56:32.138Z",
        "value": "139.36059641838074",
        "cumulative": false
    },
    {
        "date": "2021-02-17T14:00:41.332Z",
        "value": "135.58021879196167",
        "cumulative": false
    },
    {
        "date": "2021-02-17T14:04:46.012Z",
        "value": "131.27840995788574",
        "cumulative": false
    },
    {
        "date": "2021-02-17T14:08:53.208Z",
        "value": "133.9617199897766",
        "cumulative": false
    },
    {
        "date": "2021-02-17T14:13:04.859Z",
        "value": "137.88912558555603",
        "cumulative": false
    },
    {
        "date": "2021-02-17T14:17:11.923Z",
        "value": "134.00136828422546",
        "cumulative": false
    },
    {
        "date": "2021-02-17T14:21:26.452Z",
        "value": "141.92649006843567",
        "cumulative": false
    },
    {
        "date": "2021-02-17T14:25:32.458Z",
        "value": "132.35346341133118",
        "cumulative": false
    },
    {
        "date": "2021-02-17T14:29:43.077Z",
        "value": "137.36235427856445",
        "cumulative": false
    },
    {
        "date": "2021-02-17T14:33:51.632Z",
        "value": "134.89425039291382",
        "cumulative": false
    },
    {
        "date": "2021-02-17T14:37:59.102Z",
        "value": "133.87903666496277",
        "cumulative": false
    },
    {
        "date": "2021-02-17T14:42:12.495Z",
        "value": "139.8591239452362",
        "cumulative": false
    },
    {
        "date": "2021-02-17T14:46:25.846Z",
        "value": "139.77068972587585",
        "cumulative": false
    },
    {
        "date": "2021-02-17T14:50:39.244Z",
        "value": "139.7624158859253",
        "cumulative": false
    },
    {
        "date": "2021-02-17T14:54:54.833Z",
        "value": "137.40000915527344",
        "cumulative": false
    },
    {
        "date": "2021-02-17T14:59:01.992Z",
        "value": "128.65724396705627",
        "cumulative": false
    },
    {
        "date": "2021-02-17T15:03:19.135Z",
        "value": "139.28210926055908",
        "cumulative": false
    },
    {
        "date": "2021-02-17T15:07:30.521Z",
        "value": "133.16622972488403",
        "cumulative": false
    },
    {
        "date": "2021-02-17T15:11:37.460Z",
        "value": "129.0937705039978",
        "cumulative": false
    },
    {
        "date": "2021-02-17T15:15:55.723Z",
        "value": "140.44914293289185",
        "cumulative": false
    },
    {
        "date": "2021-02-17T15:20:13.080Z",
        "value": "139.7923994064331",
        "cumulative": false
    },
    {
        "date": "2021-02-17T15:24:21.722Z",
        "value": "130.1937062740326",
        "cumulative": false
    },
    {
        "date": "2021-02-17T15:28:41.190Z",
        "value": "141.66846227645874",
        "cumulative": false
    },
    {
        "date": "2021-02-17T15:32:51.674Z",
        "value": "132.59724187850952",
        "cumulative": false
    },
    {
        "date": "2021-02-17T15:37:11.106Z",
        "value": "141.77198839187622",
        "cumulative": false
    },
    {
        "date": "2021-02-17T15:41:22.545Z",
        "value": "133.2660551071167",
        "cumulative": false
    },
    {
        "date": "2021-02-17T15:45:34.787Z",
        "value": "134.02244758605957",
        "cumulative": false
    },
    {
        "date": "2021-02-17T15:49:52.320Z",
        "value": "139.54686760902405",
        "cumulative": false
    },
    {
        "date": "2021-02-17T15:54:11.702Z",
        "value": "141.4623544216156",
        "cumulative": false
    },
    {
        "date": "2021-02-17T15:58:26.569Z",
        "value": "136.95838475227356",
        "cumulative": false
    },
    {
        "date": "2021-02-17T16:02:35.537Z",
        "value": "131.23864030838013",
        "cumulative": false
    },
    {
        "date": "2021-02-17T16:06:52.198Z",
        "value": "138.31918168067932",
        "cumulative": false
    },
    {
        "date": "2021-02-17T16:11:03.375Z",
        "value": "133.2844123840332",
        "cumulative": false
    },
    {
        "date": "2021-02-17T16:15:19.414Z",
        "value": "138.32732701301575",
        "cumulative": false
    },
    {
        "date": "2021-02-17T16:19:39.789Z",
        "value": "142.37051367759705",
        "cumulative": false
    },
    {
        "date": "2021-02-17T16:23:59.864Z",
        "value": "141.64221668243408",
        "cumulative": false
    },
    {
        "date": "2021-02-17T16:28:18.346Z",
        "value": "140.3368375301361",
        "cumulative": false
    },
    {
        "date": "2021-02-17T16:32:33.295Z",
        "value": "137.22566628456116",
        "cumulative": false
    },
    {
        "date": "2021-02-17T16:36:45.834Z",
        "value": "134.4440951347351",
        "cumulative": false
    },
    {
        "date": "2021-02-17T16:40:57.172Z",
        "value": "133.21401071548462",
        "cumulative": false
    },
    {
        "date": "2021-02-17T16:45:11.943Z",
        "value": "137.08869004249573",
        "cumulative": false
    },
    {
        "date": "2021-02-17T16:49:29.979Z",
        "value": "140.00113439559937",
        "cumulative": false
    },
    {
        "date": "2021-02-17T16:53:46.845Z",
        "value": "138.6840546131134",
        "cumulative": false
    },
    {
        "date": "2021-02-17T16:57:56.588Z",
        "value": "131.35431361198425",
        "cumulative": false
    },
    {
        "date": "2021-02-17T17:02:08.201Z",
        "value": "133.0690245628357",
        "cumulative": false
    },
    {
        "date": "2021-02-17T17:06:26.346Z",
        "value": "140.32573866844177",
        "cumulative": false
    },
    {
        "date": "2021-02-17T17:10:50.369Z",
        "value": "146.4493534564972",
        "cumulative": false
    },
    {
        "date": "2021-02-17T17:15:06.195Z",
        "value": "137.3579843044281",
        "cumulative": false
    },
    {
        "date": "2021-02-17T17:19:21.288Z",
        "value": "136.8078258037567",
        "cumulative": false
    },
    {
        "date": "2021-02-17T17:23:34.365Z",
        "value": "135.20168733596802",
        "cumulative": false
    },
    {
        "date": "2021-02-17T17:27:44.377Z",
        "value": "131.92105650901794",
        "cumulative": false
    },
    {
        "date": "2021-02-17T17:32:03.249Z",
        "value": "140.6644115447998",
        "cumulative": false
    },
    {
        "date": "2021-02-17T17:36:22.877Z",
        "value": "141.66211104393005",
        "cumulative": false
    },
    {
        "date": "2021-02-17T17:40:40.012Z",
        "value": "138.7815101146698",
        "cumulative": false
    },
    {
        "date": "2021-02-17T17:44:57.556Z",
        "value": "139.04922103881836",
        "cumulative": false
    },
    {
        "date": "2021-02-17T17:49:10.842Z",
        "value": "135.03873896598816",
        "cumulative": false
    },
    {
        "date": "2021-02-17T17:53:24.891Z",
        "value": "135.9547781944275",
        "cumulative": false
    },
    {
        "date": "2021-02-17T17:57:41.388Z",
        "value": "138.68494296073914",
        "cumulative": false
    },
    {
        "date": "2021-02-17T18:01:57.786Z",
        "value": "138.34953665733337",
        "cumulative": false
    },
    {
        "date": "2021-02-17T18:06:15.861Z",
        "value": "139.57883548736572",
        "cumulative": false
    },
    {
        "date": "2021-02-17T18:10:38.088Z",
        "value": "144.39035630226135",
        "cumulative": false
    },
    {
        "date": "2021-02-17T18:14:56.706Z",
        "value": "140.5282917022705",
        "cumulative": false
    },
    {
        "date": "2021-02-17T18:19:09.367Z",
        "value": "134.04184079170227",
        "cumulative": false
    },
    {
        "date": "2021-02-17T18:23:20.801Z",
        "value": "133.37376308441162",
        "cumulative": false
    },
    {
        "date": "2021-02-17T18:27:35.474Z",
        "value": "136.3934609889984",
        "cumulative": false
    },
    {
        "date": "2021-02-17T18:31:54.580Z",
        "value": "140.7511646747589",
        "cumulative": false
    },
    {
        "date": "2021-02-17T18:36:09.422Z",
        "value": "136.38471674919128",
        "cumulative": false
    },
    {
        "date": "2021-02-17T18:40:30.449Z",
        "value": "142.68280601501465",
        "cumulative": false
    },
    {
        "date": "2021-02-17T18:44:46.753Z",
        "value": "138.05412936210632",
        "cumulative": false
    },
    {
        "date": "2021-02-17T18:48:59.485Z",
        "value": "134.71566247940063",
        "cumulative": false
    },
    {
        "date": "2021-02-17T18:53:11.017Z",
        "value": "133.114844083786",
        "cumulative": false
    },
    {
        "date": "2021-02-17T18:57:25.307Z",
        "value": "136.69545221328735",
        "cumulative": false
    },
    {
        "date": "2021-02-17T19:01:46.235Z",
        "value": "142.58672189712524",
        "cumulative": false
    },
    {
        "date": "2021-02-17T19:06:06.245Z",
        "value": "141.71810173988342",
        "cumulative": false
    },
    {
        "date": "2021-02-17T19:10:23.691Z",
        "value": "139.36760997772217",
        "cumulative": false
    },
    {
        "date": "2021-02-17T19:14:37.992Z",
        "value": "136.17121934890747",
        "cumulative": false
    },
    {
        "date": "2021-02-17T19:18:54.653Z",
        "value": "138.28272652626038",
        "cumulative": false
    },
    {
        "date": "2021-02-17T19:23:08.442Z",
        "value": "135.88583302497864",
        "cumulative": false
    },
    {
        "date": "2021-02-17T19:27:23.477Z",
        "value": "136.89345693588257",
        "cumulative": false
    },
    {
        "date": "2021-02-17T19:31:42.326Z",
        "value": "140.72811841964722",
        "cumulative": false
    },
    {
        "date": "2021-02-17T19:35:57.200Z",
        "value": "136.50210857391357",
        "cumulative": false
    },
    {
        "date": "2021-02-17T19:40:14.734Z",
        "value": "139.63697123527527",
        "cumulative": false
    },
    {
        "date": "2021-02-17T19:44:31.829Z",
        "value": "138.80708861351013",
        "cumulative": false
    },
    {
        "date": "2021-02-17T19:48:42.186Z",
        "value": "132.27613162994385",
        "cumulative": false
    },
    {
        "date": "2021-02-17T19:52:58.435Z",
        "value": "137.94789671897888",
        "cumulative": false
    },
    {
        "date": "2021-02-17T19:57:15.361Z",
        "value": "138.97895336151123",
        "cumulative": false
    },
    {
        "date": "2021-02-17T20:01:27.368Z",
        "value": "133.9442789554596",
        "cumulative": false
    },
    {
        "date": "2021-02-17T20:05:46.350Z",
        "value": "140.9069151878357",
        "cumulative": false
    },
    {
        "date": "2021-02-17T20:09:55.385Z",
        "value": "130.93377017974854",
        "cumulative": false
    },
    {
        "date": "2021-02-17T20:14:13.260Z",
        "value": "139.51144194602966",
        "cumulative": false
    },
    {
        "date": "2021-02-17T20:18:27.876Z",
        "value": "136.52422857284546",
        "cumulative": false
    },
    {
        "date": "2021-02-17T20:22:40.454Z",
        "value": "134.3531310558319",
        "cumulative": false
    },
    {
        "date": "2021-02-17T20:26:58.132Z",
        "value": "140.04125261306763",
        "cumulative": false
    },
    {
        "date": "2021-02-17T20:31:08.475Z",
        "value": "132.7519736289978",
        "cumulative": false
    },
    {
        "date": "2021-02-17T20:35:24.430Z",
        "value": "137.00608706474304",
        "cumulative": false
    },
    {
        "date": "2021-02-17T20:39:42.249Z",
        "value": "139.83779859542847",
        "cumulative": false
    },
    {
        "date": "2021-02-17T20:43:57.697Z",
        "value": "137.07102227210999",
        "cumulative": false
    },
    {
        "date": "2021-02-17T20:48:15.156Z",
        "value": "139.67629408836365",
        "cumulative": false
    },
    {
        "date": "2021-02-17T20:52:29.988Z",
        "value": "136.57189536094666",
        "cumulative": false
    },
    {
        "date": "2021-02-17T20:56:48.969Z",
        "value": "141.17062425613403",
        "cumulative": false
    },
    {
        "date": "2021-02-17T21:01:06.747Z",
        "value": "139.51047039031982",
        "cumulative": false
    },
    {
        "date": "2021-02-17T21:05:20.108Z",
        "value": "134.92096066474915",
        "cumulative": false
    },
    {
        "date": "2021-02-17T21:09:40.222Z",
        "value": "141.79073905944824",
        "cumulative": false
    },
    {
        "date": "2021-02-17T21:13:56.493Z",
        "value": "138.02749872207642",
        "cumulative": false
    },
    {
        "date": "2021-02-17T21:18:07.600Z",
        "value": "133.06576561927795",
        "cumulative": false
    },
    {
        "date": "2021-02-17T21:22:24.744Z",
        "value": "138.7813012599945",
        "cumulative": false
    },
    {
        "date": "2021-02-17T21:26:42.396Z",
        "value": "139.69285559654236",
        "cumulative": false
    },
    {
        "date": "2021-02-17T21:30:57.987Z",
        "value": "137.7064507007599",
        "cumulative": false
    },
    {
        "date": "2021-02-17T21:35:09.915Z",
        "value": "134.19705820083618",
        "cumulative": false
    },
    {
        "date": "2021-02-17T21:39:30.409Z",
        "value": "142.14522457122803",
        "cumulative": false
    },
    {
        "date": "2021-02-17T21:43:43.711Z",
        "value": "135.12417316436768",
        "cumulative": false
    },
    {
        "date": "2021-02-17T21:47:59.325Z",
        "value": "137.71058011054993",
        "cumulative": false
    },
    {
        "date": "2021-02-17T21:52:15.100Z",
        "value": "137.9297652244568",
        "cumulative": false
    },
    {
        "date": "2021-02-17T21:56:28.014Z",
        "value": "135.11528420448303",
        "cumulative": false
    },
    {
        "date": "2021-02-17T22:00:44.269Z",
        "value": "138.00100016593933",
        "cumulative": false
    },
    {
        "date": "2021-02-17T22:04:59.781Z",
        "value": "137.2468638420105",
        "cumulative": false
    },
    {
        "date": "2021-02-17T22:09:17.526Z",
        "value": "139.308114528656",
        "cumulative": false
    },
    {
        "date": "2021-02-17T22:13:35.990Z",
        "value": "140.40108060836792",
        "cumulative": false
    },
    {
        "date": "2021-02-17T22:17:47.880Z",
        "value": "133.9447956085205",
        "cumulative": false
    },
    {
        "date": "2021-02-17T22:22:05.349Z",
        "value": "139.11430859565735",
        "cumulative": false
    },
    {
        "date": "2021-02-17T22:26:18.824Z",
        "value": "134.8004903793335",
        "cumulative": false
    },
    {
        "date": "2021-02-17T22:30:36.529Z",
        "value": "140.08363127708435",
        "cumulative": false
    },
    {
        "date": "2021-02-17T22:34:52.224Z",
        "value": "137.45705652236938",
        "cumulative": false
    },
    {
        "date": "2021-02-17T22:39:05.298Z",
        "value": "134.78818583488464",
        "cumulative": false
    },
    {
        "date": "2021-02-17T22:43:21.479Z",
        "value": "137.4972014427185",
        "cumulative": false
    },
    {
        "date": "2021-02-17T22:47:35.205Z",
        "value": "135.60356760025024",
        "cumulative": false
    },
    {
        "date": "2021-02-17T22:51:54.598Z",
        "value": "141.43345832824707",
        "cumulative": false
    },
    {
        "date": "2021-02-17T22:56:07.838Z",
        "value": "135.10059189796448",
        "cumulative": false
    },
    {
        "date": "2021-02-17T23:00:20.109Z",
        "value": "133.93122339248657",
        "cumulative": false
    },
    {
        "date": "2021-02-17T23:04:37.742Z",
        "value": "139.57341647148132",
        "cumulative": false
    },
    {
        "date": "2021-02-17T23:08:52.821Z",
        "value": "137.08607625961304",
        "cumulative": false
    },
    {
        "date": "2021-02-17T23:13:07.518Z",
        "value": "136.26716327667236",
        "cumulative": false
    },
    {
        "date": "2021-02-17T23:17:24.050Z",
        "value": "137.78184533119202",
        "cumulative": false
    },
    {
        "date": "2021-02-17T23:21:36.391Z",
        "value": "133.88417315483093",
        "cumulative": false
    },
    {
        "date": "2021-02-17T23:25:52.884Z",
        "value": "138.0437490940094",
        "cumulative": false
    },
    {
        "date": "2021-02-17T23:30:10.164Z",
        "value": "139.0420253276825",
        "cumulative": false
    },
    {
        "date": "2021-02-17T23:34:23.622Z",
        "value": "134.86265897750854",
        "cumulative": false
    },
    {
        "date": "2021-02-17T23:38:45.043Z",
        "value": "143.64972114562988",
        "cumulative": false
    },
    {
        "date": "2021-02-17T23:43:04.268Z",
        "value": "140.9555869102478",
        "cumulative": false
    },
    {
        "date": "2021-02-17T23:47:17.852Z",
        "value": "135.86286091804504",
        "cumulative": false
    },
    {
        "date": "2021-02-17T23:51:39.268Z",
        "value": "143.42028760910034",
        "cumulative": false
    },
    {
        "date": "2021-02-17T23:55:52.645Z",
        "value": "135.27834820747375",
        "cumulative": false
    },
    {
        "date": "2021-02-18T00:00:12.222Z",
        "value": "141.2492139339447",
        "cumulative": false
    },
    {
        "date": "2021-02-18T00:04:25.106Z",
        "value": "134.8209788799286",
        "cumulative": false
    },
    {
        "date": "2021-02-18T00:08:38.630Z",
        "value": "134.87684416770935",
        "cumulative": false
    },
    {
        "date": "2021-02-18T00:12:59.663Z",
        "value": "142.26062417030334",
        "cumulative": false
    },
    {
        "date": "2021-02-18T00:17:13.045Z",
        "value": "135.53624558448792",
        "cumulative": false
    },
    {
        "date": "2021-02-18T00:21:31.771Z",
        "value": "140.48387384414673",
        "cumulative": false
    },
    {
        "date": "2021-02-18T00:25:54.655Z",
        "value": "144.81790375709534",
        "cumulative": false
    },
    {
        "date": "2021-02-18T00:30:05.049Z",
        "value": "131.94858074188232",
        "cumulative": false
    },
    {
        "date": "2021-02-18T00:34:15.921Z",
        "value": "132.75850343704224",
        "cumulative": false
    },
    {
        "date": "2021-02-18T00:38:29.152Z",
        "value": "134.7100875377655",
        "cumulative": false
    },
    {
        "date": "2021-02-18T00:42:49.761Z",
        "value": "142.50072598457336",
        "cumulative": false
    },
    {
        "date": "2021-02-18T00:47:05.768Z",
        "value": "137.3532416820526",
        "cumulative": false
    },
    {
        "date": "2021-02-18T00:51:21.868Z",
        "value": "137.38668489456177",
        "cumulative": false
    },
    {
        "date": "2021-02-18T00:55:37.069Z",
        "value": "136.87709856033325",
        "cumulative": false
    },
    {
        "date": "2021-02-18T00:59:48.419Z",
        "value": "133.414936542511",
        "cumulative": false
    },
    {
        "date": "2021-02-18T01:04:05.011Z",
        "value": "138.15726518630981",
        "cumulative": false
    },
    {
        "date": "2021-02-18T01:08:21.504Z",
        "value": "138.43879532814026",
        "cumulative": false
    },
    {
        "date": "2021-02-18T01:12:37.799Z",
        "value": "138.19692516326904",
        "cumulative": false
    },
    {
        "date": "2021-02-18T01:16:58.160Z",
        "value": "142.0207028388977",
        "cumulative": false
    },
    {
        "date": "2021-02-18T01:21:13.064Z",
        "value": "136.85756516456604",
        "cumulative": false
    },
    {
        "date": "2021-02-18T01:25:32.967Z",
        "value": "141.29319310188293",
        "cumulative": false
    },
    {
        "date": "2021-02-18T01:29:48.085Z",
        "value": "136.94580101966858",
        "cumulative": false
    },
    {
        "date": "2021-02-18T01:34:07.119Z",
        "value": "140.74767017364502",
        "cumulative": false
    },
    {
        "date": "2021-02-18T01:38:22.648Z",
        "value": "137.1530795097351",
        "cumulative": false
    },
    {
        "date": "2021-02-18T01:42:40.413Z",
        "value": "139.18326115608215",
        "cumulative": false
    },
    {
        "date": "2021-02-18T01:46:56.627Z",
        "value": "138.14706254005432",
        "cumulative": false
    },
    {
        "date": "2021-02-18T01:51:13.080Z",
        "value": "137.96435546875",
        "cumulative": false
    },
    {
        "date": "2021-02-18T01:55:32.609Z",
        "value": "141.55513906478882",
        "cumulative": false
    },
    {
        "date": "2021-02-18T01:59:49.041Z",
        "value": "138.0151870250702",
        "cumulative": false
    },
    {
        "date": "2021-02-18T02:04:02.925Z",
        "value": "135.72389125823975",
        "cumulative": false
    },
    {
        "date": "2021-02-18T02:08:19.513Z",
        "value": "138.10599040985107",
        "cumulative": false
    },
    {
        "date": "2021-02-18T02:12:33.613Z",
        "value": "135.49066829681396",
        "cumulative": false
    },
    {
        "date": "2021-02-18T02:16:49.650Z",
        "value": "137.49781847000122",
        "cumulative": false
    },
    {
        "date": "2021-02-18T02:21:05.900Z",
        "value": "137.73153567314148",
        "cumulative": false
    },
    {
        "date": "2021-02-18T02:25:29.580Z",
        "value": "145.18038725852966",
        "cumulative": false
    },
    {
        "date": "2021-02-18T02:29:44.463Z",
        "value": "136.4981973171234",
        "cumulative": false
    },
    {
        "date": "2021-02-18T02:33:56.840Z",
        "value": "133.71659874916077",
        "cumulative": false
    },
    {
        "date": "2021-02-18T02:38:15.267Z",
        "value": "140.08942198753357",
        "cumulative": false
    },
    {
        "date": "2021-02-18T02:42:36.338Z",
        "value": "142.49591732025146",
        "cumulative": false
    },
    {
        "date": "2021-02-18T02:46:55.216Z",
        "value": "140.37144088745117",
        "cumulative": false
    },
    {
        "date": "2021-02-18T02:51:05.603Z",
        "value": "131.89554738998413",
        "cumulative": false
    },
    {
        "date": "2021-02-18T02:55:14.746Z",
        "value": "130.61792659759521",
        "cumulative": false
    },
    {
        "date": "2021-02-18T02:59:26.902Z",
        "value": "133.4828703403473",
        "cumulative": false
    },
    {
        "date": "2021-02-18T03:03:43.022Z",
        "value": "137.5278115272522",
        "cumulative": false
    },
    {
        "date": "2021-02-18T03:08:01.080Z",
        "value": "139.18733549118042",
        "cumulative": false
    },
    {
        "date": "2021-02-18T03:12:22.320Z",
        "value": "142.93521451950073",
        "cumulative": false
    },
    {
        "date": "2021-02-18T03:16:38.244Z",
        "value": "137.42185258865356",
        "cumulative": false
    },
    {
        "date": "2021-02-18T03:20:57.085Z",
        "value": "140.4207158088684",
        "cumulative": false
    },
    {
        "date": "2021-02-18T03:25:17.708Z",
        "value": "142.27116203308105",
        "cumulative": false
    },
    {
        "date": "2021-02-18T03:29:36.696Z",
        "value": "140.72326231002808",
        "cumulative": false
    },
    {
        "date": "2021-02-18T03:33:55.321Z",
        "value": "140.22233200073242",
        "cumulative": false
    },
    {
        "date": "2021-02-18T03:38:14.940Z",
        "value": "140.98059129714966",
        "cumulative": false
    },
    {
        "date": "2021-02-18T03:42:33.105Z",
        "value": "139.4046974182129",
        "cumulative": false
    },
    {
        "date": "2021-02-18T03:46:50.226Z",
        "value": "138.5214512348175",
        "cumulative": false
    },
    {
        "date": "2021-02-18T03:51:03.406Z",
        "value": "134.5552270412445",
        "cumulative": false
    },
    {
        "date": "2021-02-18T03:55:15.416Z",
        "value": "133.89656138420105",
        "cumulative": false
    },
    {
        "date": "2021-02-18T03:59:22.038Z",
        "value": "127.97834658622742",
        "cumulative": false
    },
    {
        "date": "2021-02-18T04:03:31.475Z",
        "value": "131.20070910453796",
        "cumulative": false
    },
    {
        "date": "2021-02-18T04:07:48.150Z",
        "value": "138.24617624282837",
        "cumulative": false
    },
    {
        "date": "2021-02-18T04:12:03.026Z",
        "value": "136.05537939071655",
        "cumulative": false
    },
    {
        "date": "2021-02-18T04:16:16.351Z",
        "value": "134.81326508522034",
        "cumulative": false
    },
    {
        "date": "2021-02-18T04:20:31.334Z",
        "value": "136.28783082962036",
        "cumulative": false
    },
    {
        "date": "2021-02-18T04:24:45.650Z",
        "value": "135.77231121063232",
        "cumulative": false
    },
    {
        "date": "2021-02-18T04:28:58.242Z",
        "value": "133.8570785522461",
        "cumulative": false
    },
    {
        "date": "2021-02-18T04:33:13.693Z",
        "value": "136.492520570755",
        "cumulative": false
    },
    {
        "date": "2021-02-18T04:37:26.903Z",
        "value": "135.1431028842926",
        "cumulative": false
    },
    {
        "date": "2021-02-18T04:41:40.672Z",
        "value": "135.27996134757996",
        "cumulative": false
    },
    {
        "date": "2021-02-18T04:45:53.469Z",
        "value": "134.59495067596436",
        "cumulative": false
    },
    {
        "date": "2021-02-18T04:50:06.205Z",
        "value": "133.9805872440338",
        "cumulative": false
    },
    {
        "date": "2021-02-18T04:54:21.728Z",
        "value": "136.7944860458374",
        "cumulative": false
    },
    {
        "date": "2021-02-18T04:58:34.492Z",
        "value": "134.44591617584229",
        "cumulative": false
    },
    {
        "date": "2021-02-18T05:02:52.973Z",
        "value": "140.11665058135986",
        "cumulative": false
    },
    {
        "date": "2021-02-18T05:07:12.126Z",
        "value": "140.53693318367004",
        "cumulative": false
    },
    {
        "date": "2021-02-18T05:11:35.210Z",
        "value": "144.6135995388031",
        "cumulative": false
    },
    {
        "date": "2021-02-18T05:15:53.909Z",
        "value": "140.14099740982056",
        "cumulative": false
    },
    {
        "date": "2021-02-18T05:20:06.463Z",
        "value": "134.2179627418518",
        "cumulative": false
    },
    {
        "date": "2021-02-18T05:24:19.503Z",
        "value": "134.3668360710144",
        "cumulative": false
    },
    {
        "date": "2021-02-18T05:28:34.591Z",
        "value": "136.91496419906616",
        "cumulative": false
    },
    {
        "date": "2021-02-18T05:32:50.828Z",
        "value": "137.51128721237183",
        "cumulative": false
    },
    {
        "date": "2021-02-18T05:37:08.424Z",
        "value": "138.92734909057617",
        "cumulative": false
    },
    {
        "date": "2021-02-18T05:41:25.343Z",
        "value": "138.28574657440186",
        "cumulative": false
    },
    {
        "date": "2021-02-18T05:45:40.414Z",
        "value": "136.4814579486847",
        "cumulative": false
    },
    {
        "date": "2021-02-18T05:50:02.762Z",
        "value": "143.89592123031616",
        "cumulative": false
    },
    {
        "date": "2021-02-18T05:54:22.811Z",
        "value": "141.55553889274597",
        "cumulative": false
    },
    {
        "date": "2021-02-18T05:58:49.586Z",
        "value": "148.5999472141266",
        "cumulative": false
    },
    {
        "date": "2021-02-18T06:03:08.672Z",
        "value": "140.58116030693054",
        "cumulative": false
    },
    {
        "date": "2021-02-18T06:07:27.659Z",
        "value": "140.66389632225037",
        "cumulative": false
    },
    {
        "date": "2021-02-18T06:11:44.332Z",
        "value": "138.1255202293396",
        "cumulative": false
    },
    {
        "date": "2021-02-18T06:16:06.207Z",
        "value": "143.48022556304932",
        "cumulative": false
    },
    {
        "date": "2021-02-18T06:20:28.801Z",
        "value": "144.33256888389587",
        "cumulative": false
    },
    {
        "date": "2021-02-18T06:24:51.065Z",
        "value": "143.62750673294067",
        "cumulative": false
    },
    {
        "date": "2021-02-18T06:29:16.730Z",
        "value": "147.49324321746826",
        "cumulative": false
    },
    {
        "date": "2021-02-18T06:33:37.248Z",
        "value": "141.35662245750427",
        "cumulative": false
    },
    {
        "date": "2021-02-18T06:37:57.531Z",
        "value": "141.61627078056335",
        "cumulative": false
    },
    {
        "date": "2021-02-18T06:42:17.043Z",
        "value": "140.815110206604",
        "cumulative": false
    },
    {
        "date": "2021-02-18T06:46:37.050Z",
        "value": "141.49656176567078",
        "cumulative": false
    },
    {
        "date": "2021-02-18T06:50:55.347Z",
        "value": "139.47910618782043",
        "cumulative": false
    },
    {
        "date": "2021-02-18T06:55:14.778Z",
        "value": "140.74056673049927",
        "cumulative": false
    },
    {
        "date": "2021-02-18T06:59:31.375Z",
        "value": "138.0414137840271",
        "cumulative": false
    },
    {
        "date": "2021-02-18T07:03:42.117Z",
        "value": "131.71559739112854",
        "cumulative": false
    },
    {
        "date": "2021-02-18T07:08:03.098Z",
        "value": "142.723370552063",
        "cumulative": false
    },
    {
        "date": "2021-02-18T07:12:23.257Z",
        "value": "141.91482496261597",
        "cumulative": false
    },
    {
        "date": "2021-02-18T07:16:36.472Z",
        "value": "134.97498965263367",
        "cumulative": false
    },
    {
        "date": "2021-02-18T07:20:56.550Z",
        "value": "141.2439682483673",
        "cumulative": false
    },
    {
        "date": "2021-02-18T07:25:11.779Z",
        "value": "136.52293753623962",
        "cumulative": false
    },
    {
        "date": "2021-02-18T07:29:27.810Z",
        "value": "137.19028997421265",
        "cumulative": false
    },
    {
        "date": "2021-02-18T07:33:48.860Z",
        "value": "142.61144733428955",
        "cumulative": false
    },
    {
        "date": "2021-02-18T07:38:07.192Z",
        "value": "139.49874234199524",
        "cumulative": false
    },
    {
        "date": "2021-02-18T07:42:24.828Z",
        "value": "138.9010944366455",
        "cumulative": false
    },
    {
        "date": "2021-02-18T07:46:45.819Z",
        "value": "142.30783033370972",
        "cumulative": false
    },
    {
        "date": "2021-02-18T07:51:01.507Z",
        "value": "136.9522364139557",
        "cumulative": false
    },
    {
        "date": "2021-02-18T07:55:26.545Z",
        "value": "146.58216738700867",
        "cumulative": false
    },
    {
        "date": "2021-02-18T07:59:41.646Z",
        "value": "136.4365680217743",
        "cumulative": false
    },
    {
        "date": "2021-02-18T08:03:57.942Z",
        "value": "137.8122296333313",
        "cumulative": false
    },
    {
        "date": "2021-02-18T08:08:24.265Z",
        "value": "147.96566462516785",
        "cumulative": false
    },
    {
        "date": "2021-02-18T08:12:39.206Z",
        "value": "136.20641708374023",
        "cumulative": false
    }
]