[
    {
        "date": "2021-02-17T11:06:28.327Z",
        "value": "0.0019571781158447266",
        "cumulative": false
    },
    {
        "date": "2021-02-17T11:10:37.365Z",
        "value": "0.0019545555114746094",
        "cumulative": false
    },
    {
        "date": "2021-02-17T11:14:47.534Z",
        "value": "0.0019652843475341797",
        "cumulative": false
    },
    {
        "date": "2021-02-17T11:18:55.078Z",
        "value": "0.0019757747650146484",
        "cumulative": false
    },
    {
        "date": "2021-02-17T11:23:03.051Z",
        "value": "0.0019369125366210938",
        "cumulative": false
    },
    {
        "date": "2021-02-17T11:27:11.293Z",
        "value": "0.0019388198852539062",
        "cumulative": false
    },
    {
        "date": "2021-02-17T11:31:22.152Z",
        "value": "0.0019073486328125",
        "cumulative": false
    },
    {
        "date": "2021-02-17T11:35:33.524Z",
        "value": "0.0019073486328125",
        "cumulative": false
    },
    {
        "date": "2021-02-17T11:39:40.734Z",
        "value": "0.001874685287475586",
        "cumulative": false
    },
    {
        "date": "2021-02-17T11:43:52.357Z",
        "value": "0.0019507408142089844",
        "cumulative": false
    },
    {
        "date": "2021-02-17T11:47:59.354Z",
        "value": "0.0019757747650146484",
        "cumulative": false
    },
    {
        "date": "2021-02-17T11:52:00.087Z",
        "value": "0.0019159317016601562",
        "cumulative": false
    },
    {
        "date": "2021-02-17T11:56:06.626Z",
        "value": "0.0019466876983642578",
        "cumulative": false
    },
    {
        "date": "2021-02-17T12:00:15.233Z",
        "value": "0.0019009113311767578",
        "cumulative": false
    },
    {
        "date": "2021-02-17T12:04:28.381Z",
        "value": "0.0019178390502929688",
        "cumulative": false
    },
    {
        "date": "2021-02-17T12:08:36.522Z",
        "value": "0.001909017562866211",
        "cumulative": false
    },
    {
        "date": "2021-02-17T12:12:45.046Z",
        "value": "0.0019152164459228516",
        "cumulative": false
    },
    {
        "date": "2021-02-17T12:16:54.478Z",
        "value": "0.0019216537475585938",
        "cumulative": false
    },
    {
        "date": "2021-02-17T12:20:59.821Z",
        "value": "0.0018677711486816406",
        "cumulative": false
    },
    {
        "date": "2021-02-17T12:25:02.243Z",
        "value": "0.001972198486328125",
        "cumulative": false
    },
    {
        "date": "2021-02-17T12:29:04.845Z",
        "value": "0.0018846988677978516",
        "cumulative": false
    },
    {
        "date": "2021-02-17T12:33:12.934Z",
        "value": "0.0019083023071289062",
        "cumulative": false
    },
    {
        "date": "2021-02-17T12:37:25.558Z",
        "value": "0.0019502639770507812",
        "cumulative": false
    },
    {
        "date": "2021-02-17T12:41:36.845Z",
        "value": "0.0019392967224121094",
        "cumulative": false
    },
    {
        "date": "2021-02-17T12:45:46.308Z",
        "value": "0.0019237995147705078",
        "cumulative": false
    },
    {
        "date": "2021-02-17T12:49:57.047Z",
        "value": "0.0019342899322509766",
        "cumulative": false
    },
    {
        "date": "2021-02-17T12:54:03.739Z",
        "value": "0.0019109249114990234",
        "cumulative": false
    },
    {
        "date": "2021-02-17T12:58:17.622Z",
        "value": "0.0019195079803466797",
        "cumulative": false
    },
    {
        "date": "2021-02-17T13:02:24.662Z",
        "value": "0.001895904541015625",
        "cumulative": false
    },
    {
        "date": "2021-02-17T13:06:30.769Z",
        "value": "0.0018494129180908203",
        "cumulative": false
    },
    {
        "date": "2021-02-17T13:10:42.775Z",
        "value": "0.0019006729125976562",
        "cumulative": false
    },
    {
        "date": "2021-02-17T13:14:51.006Z",
        "value": "0.0019245147705078125",
        "cumulative": false
    },
    {
        "date": "2021-02-17T13:18:59.748Z",
        "value": "0.0018892288208007812",
        "cumulative": false
    },
    {
        "date": "2021-02-17T13:23:05.112Z",
        "value": "0.0019087791442871094",
        "cumulative": false
    },
    {
        "date": "2021-02-17T13:27:14.862Z",
        "value": "0.001934051513671875",
        "cumulative": false
    },
    {
        "date": "2021-02-17T13:31:27.354Z",
        "value": "0.0018777847290039062",
        "cumulative": false
    },
    {
        "date": "2021-02-17T13:35:35.633Z",
        "value": "0.0018887519836425781",
        "cumulative": false
    },
    {
        "date": "2021-02-17T13:39:43.667Z",
        "value": "0.0018925666809082031",
        "cumulative": false
    },
    {
        "date": "2021-02-17T13:43:50.065Z",
        "value": "0.001809835433959961",
        "cumulative": false
    },
    {
        "date": "2021-02-17T13:48:01.377Z",
        "value": "0.001878499984741211",
        "cumulative": false
    },
    {
        "date": "2021-02-17T13:52:19.541Z",
        "value": "0.0018835067749023438",
        "cumulative": false
    },
    {
        "date": "2021-02-17T13:56:32.138Z",
        "value": "0.001859426498413086",
        "cumulative": false
    },
    {
        "date": "2021-02-17T14:00:41.332Z",
        "value": "0.0018193721771240234",
        "cumulative": false
    },
    {
        "date": "2021-02-17T14:04:46.012Z",
        "value": "0.0019235610961914062",
        "cumulative": false
    },
    {
        "date": "2021-02-17T14:08:53.208Z",
        "value": "0.0018854141235351562",
        "cumulative": false
    },
    {
        "date": "2021-02-17T14:13:04.859Z",
        "value": "0.0018372535705566406",
        "cumulative": false
    },
    {
        "date": "2021-02-17T14:17:11.923Z",
        "value": "0.0018954277038574219",
        "cumulative": false
    },
    {
        "date": "2021-02-17T14:21:26.452Z",
        "value": "0.0019507408142089844",
        "cumulative": false
    },
    {
        "date": "2021-02-17T14:25:32.459Z",
        "value": "0.0018680095672607422",
        "cumulative": false
    },
    {
        "date": "2021-02-17T14:29:43.077Z",
        "value": "0.0018656253814697266",
        "cumulative": false
    },
    {
        "date": "2021-02-17T14:33:51.632Z",
        "value": "0.001917123794555664",
        "cumulative": false
    },
    {
        "date": "2021-02-17T14:37:59.102Z",
        "value": "0.0018198490142822266",
        "cumulative": false
    },
    {
        "date": "2021-02-17T14:42:12.495Z",
        "value": "0.0019087791442871094",
        "cumulative": false
    },
    {
        "date": "2021-02-17T14:46:25.846Z",
        "value": "0.0018658638000488281",
        "cumulative": false
    },
    {
        "date": "2021-02-17T14:50:39.244Z",
        "value": "0.0018618106842041016",
        "cumulative": false
    },
    {
        "date": "2021-02-17T14:54:54.834Z",
        "value": "0.0019488334655761719",
        "cumulative": false
    },
    {
        "date": "2021-02-17T14:59:01.992Z",
        "value": "0.0018723011016845703",
        "cumulative": false
    },
    {
        "date": "2021-02-17T15:03:19.135Z",
        "value": "0.0018990039825439453",
        "cumulative": false
    },
    {
        "date": "2021-02-17T15:07:30.521Z",
        "value": "0.0019214153289794922",
        "cumulative": false
    },
    {
        "date": "2021-02-17T15:11:37.461Z",
        "value": "0.0019383430480957031",
        "cumulative": false
    },
    {
        "date": "2021-02-17T15:15:55.720Z",
        "value": "0.0020139217376708984",
        "cumulative": false
    },
    {
        "date": "2021-02-17T15:20:13.081Z",
        "value": "0.0019237995147705078",
        "cumulative": false
    },
    {
        "date": "2021-02-17T15:24:21.723Z",
        "value": "0.0019779205322265625",
        "cumulative": false
    },
    {
        "date": "2021-02-17T15:28:41.190Z",
        "value": "0.001947164535522461",
        "cumulative": false
    },
    {
        "date": "2021-02-17T15:32:51.674Z",
        "value": "0.0019185543060302734",
        "cumulative": false
    },
    {
        "date": "2021-02-17T15:37:11.106Z",
        "value": "0.0019350051879882812",
        "cumulative": false
    },
    {
        "date": "2021-02-17T15:41:22.545Z",
        "value": "0.0019443035125732422",
        "cumulative": false
    },
    {
        "date": "2021-02-17T15:45:34.786Z",
        "value": "0.0019652843475341797",
        "cumulative": false
    },
    {
        "date": "2021-02-17T15:49:52.320Z",
        "value": "0.0019249916076660156",
        "cumulative": false
    },
    {
        "date": "2021-02-17T15:54:11.701Z",
        "value": "0.0019483566284179688",
        "cumulative": false
    },
    {
        "date": "2021-02-17T15:58:26.568Z",
        "value": "0.001971006393432617",
        "cumulative": false
    },
    {
        "date": "2021-02-17T16:02:35.539Z",
        "value": "0.0019981861114501953",
        "cumulative": false
    },
    {
        "date": "2021-02-17T16:06:52.198Z",
        "value": "0.0019040107727050781",
        "cumulative": false
    },
    {
        "date": "2021-02-17T16:11:03.374Z",
        "value": "0.001928567886352539",
        "cumulative": false
    },
    {
        "date": "2021-02-17T16:15:19.414Z",
        "value": "0.0019664764404296875",
        "cumulative": false
    },
    {
        "date": "2021-02-17T16:19:39.790Z",
        "value": "0.001997232437133789",
        "cumulative": false
    },
    {
        "date": "2021-02-17T16:23:59.864Z",
        "value": "0.0019469261169433594",
        "cumulative": false
    },
    {
        "date": "2021-02-17T16:28:18.346Z",
        "value": "0.002025604248046875",
        "cumulative": false
    },
    {
        "date": "2021-02-17T16:32:33.295Z",
        "value": "0.001987457275390625",
        "cumulative": false
    },
    {
        "date": "2021-02-17T16:36:45.833Z",
        "value": "0.0019314289093017578",
        "cumulative": false
    },
    {
        "date": "2021-02-17T16:40:57.171Z",
        "value": "0.00191497802734375",
        "cumulative": false
    },
    {
        "date": "2021-02-17T16:45:11.942Z",
        "value": "0.00188446044921875",
        "cumulative": false
    },
    {
        "date": "2021-02-17T16:49:29.979Z",
        "value": "0.0019614696502685547",
        "cumulative": false
    },
    {
        "date": "2021-02-17T16:53:46.844Z",
        "value": "0.0019698143005371094",
        "cumulative": false
    },
    {
        "date": "2021-02-17T16:57:56.586Z",
        "value": "0.0019459724426269531",
        "cumulative": false
    },
    {
        "date": "2021-02-17T17:02:08.201Z",
        "value": "0.0019028186798095703",
        "cumulative": false
    },
    {
        "date": "2021-02-17T17:06:26.346Z",
        "value": "0.0019750595092773438",
        "cumulative": false
    },
    {
        "date": "2021-02-17T17:10:50.368Z",
        "value": "0.0019562244415283203",
        "cumulative": false
    },
    {
        "date": "2021-02-17T17:15:06.195Z",
        "value": "0.0019288063049316406",
        "cumulative": false
    },
    {
        "date": "2021-02-17T17:19:21.287Z",
        "value": "0.0019583702087402344",
        "cumulative": false
    },
    {
        "date": "2021-02-17T17:23:34.364Z",
        "value": "0.0019426345825195312",
        "cumulative": false
    },
    {
        "date": "2021-02-17T17:27:44.376Z",
        "value": "0.0019359588623046875",
        "cumulative": false
    },
    {
        "date": "2021-02-17T17:32:03.248Z",
        "value": "0.001993417739868164",
        "cumulative": false
    },
    {
        "date": "2021-02-17T17:36:22.876Z",
        "value": "0.001924276351928711",
        "cumulative": false
    },
    {
        "date": "2021-02-17T17:40:40.011Z",
        "value": "0.001981973648071289",
        "cumulative": false
    },
    {
        "date": "2021-02-17T17:44:57.555Z",
        "value": "0.0019698143005371094",
        "cumulative": false
    },
    {
        "date": "2021-02-17T17:49:10.842Z",
        "value": "0.001986265182495117",
        "cumulative": false
    },
    {
        "date": "2021-02-17T17:53:24.890Z",
        "value": "0.0019655227661132812",
        "cumulative": false
    },
    {
        "date": "2021-02-17T17:57:41.388Z",
        "value": "0.0019495487213134766",
        "cumulative": false
    },
    {
        "date": "2021-02-17T18:01:57.785Z",
        "value": "0.0019826889038085938",
        "cumulative": false
    },
    {
        "date": "2021-02-17T18:06:15.861Z",
        "value": "0.0019195079803466797",
        "cumulative": false
    },
    {
        "date": "2021-02-17T18:10:38.087Z",
        "value": "0.001972675323486328",
        "cumulative": false
    },
    {
        "date": "2021-02-17T18:14:56.706Z",
        "value": "0.0019903182983398438",
        "cumulative": false
    },
    {
        "date": "2021-02-17T18:19:09.367Z",
        "value": "0.001956939697265625",
        "cumulative": false
    },
    {
        "date": "2021-02-17T18:23:20.802Z",
        "value": "0.0019240379333496094",
        "cumulative": false
    },
    {
        "date": "2021-02-17T18:27:35.473Z",
        "value": "0.0019130706787109375",
        "cumulative": false
    },
    {
        "date": "2021-02-17T18:31:54.580Z",
        "value": "0.0019888877868652344",
        "cumulative": false
    },
    {
        "date": "2021-02-17T18:36:09.422Z",
        "value": "0.0019686222076416016",
        "cumulative": false
    },
    {
        "date": "2021-02-17T18:40:30.450Z",
        "value": "0.001955747604370117",
        "cumulative": false
    },
    {
        "date": "2021-02-17T18:44:46.753Z",
        "value": "0.0019466876983642578",
        "cumulative": false
    },
    {
        "date": "2021-02-17T18:48:59.485Z",
        "value": "0.0019485950469970703",
        "cumulative": false
    },
    {
        "date": "2021-02-17T18:53:11.017Z",
        "value": "0.0019147396087646484",
        "cumulative": false
    },
    {
        "date": "2021-02-17T18:57:25.307Z",
        "value": "0.0019078254699707031",
        "cumulative": false
    },
    {
        "date": "2021-02-17T19:01:46.235Z",
        "value": "0.0020449161529541016",
        "cumulative": false
    },
    {
        "date": "2021-02-17T19:06:06.245Z",
        "value": "0.001961231231689453",
        "cumulative": false
    },
    {
        "date": "2021-02-17T19:10:23.691Z",
        "value": "0.001960277557373047",
        "cumulative": false
    },
    {
        "date": "2021-02-17T19:14:37.993Z",
        "value": "0.0019500255584716797",
        "cumulative": false
    },
    {
        "date": "2021-02-17T19:18:54.653Z",
        "value": "0.0019421577453613281",
        "cumulative": false
    },
    {
        "date": "2021-02-17T19:23:08.442Z",
        "value": "0.001967906951904297",
        "cumulative": false
    },
    {
        "date": "2021-02-17T19:27:23.477Z",
        "value": "0.0018949508666992188",
        "cumulative": false
    },
    {
        "date": "2021-02-17T19:31:42.327Z",
        "value": "0.0019378662109375",
        "cumulative": false
    },
    {
        "date": "2021-02-17T19:35:57.200Z",
        "value": "0.0019698143005371094",
        "cumulative": false
    },
    {
        "date": "2021-02-17T19:40:14.734Z",
        "value": "0.001961231231689453",
        "cumulative": false
    },
    {
        "date": "2021-02-17T19:44:31.829Z",
        "value": "0.0019152164459228516",
        "cumulative": false
    },
    {
        "date": "2021-02-17T19:48:42.186Z",
        "value": "0.00189971923828125",
        "cumulative": false
    },
    {
        "date": "2021-02-17T19:52:58.435Z",
        "value": "0.0018839836120605469",
        "cumulative": false
    },
    {
        "date": "2021-02-17T19:57:15.361Z",
        "value": "0.001971006393432617",
        "cumulative": false
    },
    {
        "date": "2021-02-17T20:01:27.368Z",
        "value": "0.001928091049194336",
        "cumulative": false
    },
    {
        "date": "2021-02-17T20:05:46.350Z",
        "value": "0.0019576549530029297",
        "cumulative": false
    },
    {
        "date": "2021-02-17T20:09:55.385Z",
        "value": "0.001991748809814453",
        "cumulative": false
    },
    {
        "date": "2021-02-17T20:14:13.260Z",
        "value": "0.0019321441650390625",
        "cumulative": false
    },
    {
        "date": "2021-02-17T20:18:27.876Z",
        "value": "0.0018970966339111328",
        "cumulative": false
    },
    {
        "date": "2021-02-17T20:22:40.454Z",
        "value": "0.001995086669921875",
        "cumulative": false
    },
    {
        "date": "2021-02-17T20:26:58.133Z",
        "value": "0.001932382583618164",
        "cumulative": false
    },
    {
        "date": "2021-02-17T20:31:08.475Z",
        "value": "0.0020215511322021484",
        "cumulative": false
    },
    {
        "date": "2021-02-17T20:35:24.430Z",
        "value": "0.0019049644470214844",
        "cumulative": false
    },
    {
        "date": "2021-02-17T20:39:42.249Z",
        "value": "0.0019426345825195312",
        "cumulative": false
    },
    {
        "date": "2021-02-17T20:43:57.696Z",
        "value": "0.00193023681640625",
        "cumulative": false
    },
    {
        "date": "2021-02-17T20:48:15.156Z",
        "value": "0.002012968063354492",
        "cumulative": false
    },
    {
        "date": "2021-02-17T20:52:29.988Z",
        "value": "0.0019199848175048828",
        "cumulative": false
    },
    {
        "date": "2021-02-17T20:56:48.969Z",
        "value": "0.0019724369049072266",
        "cumulative": false
    },
    {
        "date": "2021-02-17T21:01:06.747Z",
        "value": "0.001972675323486328",
        "cumulative": false
    },
    {
        "date": "2021-02-17T21:05:20.108Z",
        "value": "0.001986980438232422",
        "cumulative": false
    },
    {
        "date": "2021-02-17T21:09:40.222Z",
        "value": "0.0019161701202392578",
        "cumulative": false
    },
    {
        "date": "2021-02-17T21:13:56.493Z",
        "value": "0.00194549560546875",
        "cumulative": false
    },
    {
        "date": "2021-02-17T21:18:07.600Z",
        "value": "0.001980304718017578",
        "cumulative": false
    },
    {
        "date": "2021-02-17T21:22:24.744Z",
        "value": "0.0020279884338378906",
        "cumulative": false
    },
    {
        "date": "2021-02-17T21:26:42.396Z",
        "value": "0.0019423961639404297",
        "cumulative": false
    },
    {
        "date": "2021-02-17T21:30:57.987Z",
        "value": "0.001965761184692383",
        "cumulative": false
    },
    {
        "date": "2021-02-17T21:35:09.915Z",
        "value": "0.00202178955078125",
        "cumulative": false
    },
    {
        "date": "2021-02-17T21:39:30.409Z",
        "value": "0.001953125",
        "cumulative": false
    },
    {
        "date": "2021-02-17T21:43:43.711Z",
        "value": "0.0019073486328125",
        "cumulative": false
    },
    {
        "date": "2021-02-17T21:47:59.325Z",
        "value": "0.001926422119140625",
        "cumulative": false
    },
    {
        "date": "2021-02-17T21:52:15.100Z",
        "value": "0.0020003318786621094",
        "cumulative": false
    },
    {
        "date": "2021-02-17T21:56:28.015Z",
        "value": "0.0019221305847167969",
        "cumulative": false
    },
    {
        "date": "2021-02-17T22:00:44.270Z",
        "value": "0.0019414424896240234",
        "cumulative": false
    },
    {
        "date": "2021-02-17T22:04:59.781Z",
        "value": "0.002017974853515625",
        "cumulative": false
    },
    {
        "date": "2021-02-17T22:09:17.526Z",
        "value": "0.0019102096557617188",
        "cumulative": false
    },
    {
        "date": "2021-02-17T22:13:35.990Z",
        "value": "0.0019843578338623047",
        "cumulative": false
    },
    {
        "date": "2021-02-17T22:17:47.880Z",
        "value": "0.001962423324584961",
        "cumulative": false
    },
    {
        "date": "2021-02-17T22:22:05.349Z",
        "value": "0.0019156932830810547",
        "cumulative": false
    },
    {
        "date": "2021-02-17T22:26:18.824Z",
        "value": "0.0019960403442382812",
        "cumulative": false
    },
    {
        "date": "2021-02-17T22:30:36.529Z",
        "value": "0.002000570297241211",
        "cumulative": false
    },
    {
        "date": "2021-02-17T22:34:52.224Z",
        "value": "0.001980304718017578",
        "cumulative": false
    },
    {
        "date": "2021-02-17T22:39:05.298Z",
        "value": "0.0019779205322265625",
        "cumulative": false
    },
    {
        "date": "2021-02-17T22:43:21.479Z",
        "value": "0.0020513534545898438",
        "cumulative": false
    },
    {
        "date": "2021-02-17T22:47:35.205Z",
        "value": "0.0019507408142089844",
        "cumulative": false
    },
    {
        "date": "2021-02-17T22:51:54.598Z",
        "value": "0.00201416015625",
        "cumulative": false
    },
    {
        "date": "2021-02-17T22:56:07.838Z",
        "value": "0.0019299983978271484",
        "cumulative": false
    },
    {
        "date": "2021-02-17T23:00:20.109Z",
        "value": "0.001981496810913086",
        "cumulative": false
    },
    {
        "date": "2021-02-17T23:04:37.742Z",
        "value": "0.0019402503967285156",
        "cumulative": false
    },
    {
        "date": "2021-02-17T23:08:52.821Z",
        "value": "0.002011537551879883",
        "cumulative": false
    },
    {
        "date": "2021-02-17T23:13:07.518Z",
        "value": "0.0019114017486572266",
        "cumulative": false
    },
    {
        "date": "2021-02-17T23:17:24.051Z",
        "value": "0.0019197463989257812",
        "cumulative": false
    },
    {
        "date": "2021-02-17T23:21:36.391Z",
        "value": "0.0019958019256591797",
        "cumulative": false
    },
    {
        "date": "2021-02-17T23:25:52.884Z",
        "value": "0.001913309097290039",
        "cumulative": false
    },
    {
        "date": "2021-02-17T23:30:10.164Z",
        "value": "0.0019795894622802734",
        "cumulative": false
    },
    {
        "date": "2021-02-17T23:34:23.622Z",
        "value": "0.001950979232788086",
        "cumulative": false
    },
    {
        "date": "2021-02-17T23:38:45.042Z",
        "value": "0.002034425735473633",
        "cumulative": false
    },
    {
        "date": "2021-02-17T23:43:04.268Z",
        "value": "0.001950979232788086",
        "cumulative": false
    },
    {
        "date": "2021-02-17T23:47:17.852Z",
        "value": "0.0019538402557373047",
        "cumulative": false
    },
    {
        "date": "2021-02-17T23:51:39.268Z",
        "value": "0.001985311508178711",
        "cumulative": false
    },
    {
        "date": "2021-02-17T23:55:52.645Z",
        "value": "0.0019714832305908203",
        "cumulative": false
    },
    {
        "date": "2021-02-18T00:00:12.222Z",
        "value": "0.002031087875366211",
        "cumulative": false
    },
    {
        "date": "2021-02-18T00:04:25.105Z",
        "value": "0.0020127296447753906",
        "cumulative": false
    },
    {
        "date": "2021-02-18T00:08:38.629Z",
        "value": "0.0019669532775878906",
        "cumulative": false
    },
    {
        "date": "2021-02-18T00:12:59.662Z",
        "value": "0.001992940902709961",
        "cumulative": false
    },
    {
        "date": "2021-02-18T00:17:13.044Z",
        "value": "0.001960277557373047",
        "cumulative": false
    },
    {
        "date": "2021-02-18T00:21:31.770Z",
        "value": "0.0020294189453125",
        "cumulative": false
    },
    {
        "date": "2021-02-18T00:25:54.654Z",
        "value": "0.0019521713256835938",
        "cumulative": false
    },
    {
        "date": "2021-02-18T00:30:05.049Z",
        "value": "0.0019676685333251953",
        "cumulative": false
    },
    {
        "date": "2021-02-18T00:34:15.920Z",
        "value": "0.0019295215606689453",
        "cumulative": false
    },
    {
        "date": "2021-02-18T00:38:29.152Z",
        "value": "0.0019245147705078125",
        "cumulative": false
    },
    {
        "date": "2021-02-18T00:42:49.761Z",
        "value": "0.001964092254638672",
        "cumulative": false
    },
    {
        "date": "2021-02-18T00:47:05.767Z",
        "value": "0.0019419193267822266",
        "cumulative": false
    },
    {
        "date": "2021-02-18T00:51:21.867Z",
        "value": "0.0019366741180419922",
        "cumulative": false
    },
    {
        "date": "2021-02-18T00:55:37.069Z",
        "value": "0.0019252300262451172",
        "cumulative": false
    },
    {
        "date": "2021-02-18T00:59:48.419Z",
        "value": "0.0019118785858154297",
        "cumulative": false
    },
    {
        "date": "2021-02-18T01:04:05.011Z",
        "value": "0.0019261837005615234",
        "cumulative": false
    },
    {
        "date": "2021-02-18T01:08:21.504Z",
        "value": "0.0020530223846435547",
        "cumulative": false
    },
    {
        "date": "2021-02-18T01:12:37.799Z",
        "value": "0.0020117759704589844",
        "cumulative": false
    },
    {
        "date": "2021-02-18T01:16:58.159Z",
        "value": "0.0019550323486328125",
        "cumulative": false
    },
    {
        "date": "2021-02-18T01:21:13.063Z",
        "value": "0.0019631385803222656",
        "cumulative": false
    },
    {
        "date": "2021-02-18T01:25:32.967Z",
        "value": "0.0019555091857910156",
        "cumulative": false
    },
    {
        "date": "2021-02-18T01:29:48.085Z",
        "value": "0.0019469261169433594",
        "cumulative": false
    },
    {
        "date": "2021-02-18T01:34:07.118Z",
        "value": "0.001947164535522461",
        "cumulative": false
    },
    {
        "date": "2021-02-18T01:38:22.647Z",
        "value": "0.0019745826721191406",
        "cumulative": false
    },
    {
        "date": "2021-02-18T01:42:40.413Z",
        "value": "0.0019266605377197266",
        "cumulative": false
    },
    {
        "date": "2021-02-18T01:46:56.627Z",
        "value": "0.001955747604370117",
        "cumulative": false
    },
    {
        "date": "2021-02-18T01:51:13.079Z",
        "value": "0.001997232437133789",
        "cumulative": false
    },
    {
        "date": "2021-02-18T01:55:32.607Z",
        "value": "0.0020165443420410156",
        "cumulative": false
    },
    {
        "date": "2021-02-18T01:59:49.041Z",
        "value": "0.0019969940185546875",
        "cumulative": false
    },
    {
        "date": "2021-02-18T02:04:02.925Z",
        "value": "0.0019524097442626953",
        "cumulative": false
    },
    {
        "date": "2021-02-18T02:08:19.512Z",
        "value": "0.0019497871398925781",
        "cumulative": false
    },
    {
        "date": "2021-02-18T02:12:33.613Z",
        "value": "0.0018992424011230469",
        "cumulative": false
    },
    {
        "date": "2021-02-18T02:16:49.649Z",
        "value": "0.0019435882568359375",
        "cumulative": false
    },
    {
        "date": "2021-02-18T02:21:05.900Z",
        "value": "0.0018935203552246094",
        "cumulative": false
    },
    {
        "date": "2021-02-18T02:25:29.579Z",
        "value": "0.001979827880859375",
        "cumulative": false
    },
    {
        "date": "2021-02-18T02:29:44.463Z",
        "value": "0.001949310302734375",
        "cumulative": false
    },
    {
        "date": "2021-02-18T02:33:56.840Z",
        "value": "0.002077341079711914",
        "cumulative": false
    },
    {
        "date": "2021-02-18T02:38:15.268Z",
        "value": "0.0019562244415283203",
        "cumulative": false
    },
    {
        "date": "2021-02-18T02:42:36.338Z",
        "value": "0.0019762516021728516",
        "cumulative": false
    },
    {
        "date": "2021-02-18T02:46:55.216Z",
        "value": "0.0019812583923339844",
        "cumulative": false
    },
    {
        "date": "2021-02-18T02:51:05.601Z",
        "value": "0.0019371509552001953",
        "cumulative": false
    },
    {
        "date": "2021-02-18T02:55:14.746Z",
        "value": "0.0019550323486328125",
        "cumulative": false
    },
    {
        "date": "2021-02-18T02:59:26.901Z",
        "value": "0.0018987655639648438",
        "cumulative": false
    },
    {
        "date": "2021-02-18T03:03:43.021Z",
        "value": "0.0019347667694091797",
        "cumulative": false
    },
    {
        "date": "2021-02-18T03:08:01.080Z",
        "value": "0.0019061565399169922",
        "cumulative": false
    },
    {
        "date": "2021-02-18T03:12:22.319Z",
        "value": "0.001997709274291992",
        "cumulative": false
    },
    {
        "date": "2021-02-18T03:16:38.244Z",
        "value": "0.001974821090698242",
        "cumulative": false
    },
    {
        "date": "2021-02-18T03:20:57.085Z",
        "value": "0.001983165740966797",
        "cumulative": false
    },
    {
        "date": "2021-02-18T03:25:17.707Z",
        "value": "0.0019075870513916016",
        "cumulative": false
    },
    {
        "date": "2021-02-18T03:29:36.695Z",
        "value": "0.0018932819366455078",
        "cumulative": false
    },
    {
        "date": "2021-02-18T03:33:55.320Z",
        "value": "0.0019321441650390625",
        "cumulative": false
    },
    {
        "date": "2021-02-18T03:38:14.939Z",
        "value": "0.0019412040710449219",
        "cumulative": false
    },
    {
        "date": "2021-02-18T03:42:33.105Z",
        "value": "0.0019218921661376953",
        "cumulative": false
    },
    {
        "date": "2021-02-18T03:46:50.226Z",
        "value": "0.002005338668823242",
        "cumulative": false
    },
    {
        "date": "2021-02-18T03:51:03.405Z",
        "value": "0.0019009113311767578",
        "cumulative": false
    },
    {
        "date": "2021-02-18T03:55:15.414Z",
        "value": "0.0019397735595703125",
        "cumulative": false
    },
    {
        "date": "2021-02-18T03:59:22.038Z",
        "value": "0.0019807815551757812",
        "cumulative": false
    },
    {
        "date": "2021-02-18T04:03:31.474Z",
        "value": "0.0019176006317138672",
        "cumulative": false
    },
    {
        "date": "2021-02-18T04:07:48.149Z",
        "value": "0.001972675323486328",
        "cumulative": false
    },
    {
        "date": "2021-02-18T04:12:03.025Z",
        "value": "0.0019116401672363281",
        "cumulative": false
    },
    {
        "date": "2021-02-18T04:16:16.350Z",
        "value": "0.0019366741180419922",
        "cumulative": false
    },
    {
        "date": "2021-02-18T04:20:31.334Z",
        "value": "0.001976490020751953",
        "cumulative": false
    },
    {
        "date": "2021-02-18T04:24:45.649Z",
        "value": "0.0019354820251464844",
        "cumulative": false
    },
    {
        "date": "2021-02-18T04:28:58.241Z",
        "value": "0.0019378662109375",
        "cumulative": false
    },
    {
        "date": "2021-02-18T04:33:13.692Z",
        "value": "0.001926422119140625",
        "cumulative": false
    },
    {
        "date": "2021-02-18T04:37:26.902Z",
        "value": "0.001922607421875",
        "cumulative": false
    },
    {
        "date": "2021-02-18T04:41:40.671Z",
        "value": "0.0019347667694091797",
        "cumulative": false
    },
    {
        "date": "2021-02-18T04:45:53.469Z",
        "value": "0.00196075439453125",
        "cumulative": false
    },
    {
        "date": "2021-02-18T04:50:06.205Z",
        "value": "0.0018591880798339844",
        "cumulative": false
    },
    {
        "date": "2021-02-18T04:54:21.728Z",
        "value": "0.001978158950805664",
        "cumulative": false
    },
    {
        "date": "2021-02-18T04:58:34.492Z",
        "value": "0.0019516944885253906",
        "cumulative": false
    },
    {
        "date": "2021-02-18T05:02:52.973Z",
        "value": "0.0019490718841552734",
        "cumulative": false
    },
    {
        "date": "2021-02-18T05:07:12.126Z",
        "value": "0.002006053924560547",
        "cumulative": false
    },
    {
        "date": "2021-02-18T05:11:35.210Z",
        "value": "0.0019881725311279297",
        "cumulative": false
    },
    {
        "date": "2021-02-18T05:15:53.908Z",
        "value": "0.001922607421875",
        "cumulative": false
    },
    {
        "date": "2021-02-18T05:20:06.464Z",
        "value": "0.0019757747650146484",
        "cumulative": false
    },
    {
        "date": "2021-02-18T05:24:19.504Z",
        "value": "0.001924276351928711",
        "cumulative": false
    },
    {
        "date": "2021-02-18T05:28:34.592Z",
        "value": "0.0019195079803466797",
        "cumulative": false
    },
    {
        "date": "2021-02-18T05:32:50.828Z",
        "value": "0.0019540786743164062",
        "cumulative": false
    },
    {
        "date": "2021-02-18T05:37:08.425Z",
        "value": "0.001986980438232422",
        "cumulative": false
    },
    {
        "date": "2021-02-18T05:41:25.345Z",
        "value": "0.0019521713256835938",
        "cumulative": false
    },
    {
        "date": "2021-02-18T05:45:40.414Z",
        "value": "0.0019538402557373047",
        "cumulative": false
    },
    {
        "date": "2021-02-18T05:50:02.762Z",
        "value": "0.00193023681640625",
        "cumulative": false
    },
    {
        "date": "2021-02-18T05:54:22.811Z",
        "value": "0.0019457340240478516",
        "cumulative": false
    },
    {
        "date": "2021-02-18T05:58:49.585Z",
        "value": "0.0020186901092529297",
        "cumulative": false
    },
    {
        "date": "2021-02-18T06:03:08.672Z",
        "value": "0.0019249916076660156",
        "cumulative": false
    },
    {
        "date": "2021-02-18T06:07:27.657Z",
        "value": "0.0019860267639160156",
        "cumulative": false
    },
    {
        "date": "2021-02-18T06:11:44.332Z",
        "value": "0.0019521713256835938",
        "cumulative": false
    },
    {
        "date": "2021-02-18T06:16:06.207Z",
        "value": "0.0020720958709716797",
        "cumulative": false
    },
    {
        "date": "2021-02-18T06:20:28.801Z",
        "value": "0.0020520687103271484",
        "cumulative": false
    },
    {
        "date": "2021-02-18T06:24:51.065Z",
        "value": "0.0019223690032958984",
        "cumulative": false
    },
    {
        "date": "2021-02-18T06:29:16.730Z",
        "value": "0.0020363330841064453",
        "cumulative": false
    },
    {
        "date": "2021-02-18T06:33:37.247Z",
        "value": "0.001989126205444336",
        "cumulative": false
    },
    {
        "date": "2021-02-18T06:37:57.531Z",
        "value": "0.0019655227661132812",
        "cumulative": false
    },
    {
        "date": "2021-02-18T06:42:17.042Z",
        "value": "0.0019021034240722656",
        "cumulative": false
    },
    {
        "date": "2021-02-18T06:46:37.050Z",
        "value": "0.0018658638000488281",
        "cumulative": false
    },
    {
        "date": "2021-02-18T06:50:55.347Z",
        "value": "0.0019161701202392578",
        "cumulative": false
    },
    {
        "date": "2021-02-18T06:55:14.778Z",
        "value": "0.0019338130950927734",
        "cumulative": false
    },
    {
        "date": "2021-02-18T06:59:31.374Z",
        "value": "0.0019214153289794922",
        "cumulative": false
    },
    {
        "date": "2021-02-18T07:03:42.117Z",
        "value": "0.0018925666809082031",
        "cumulative": false
    },
    {
        "date": "2021-02-18T07:08:03.101Z",
        "value": "0.0018954277038574219",
        "cumulative": false
    },
    {
        "date": "2021-02-18T07:12:23.257Z",
        "value": "0.0019750595092773438",
        "cumulative": false
    },
    {
        "date": "2021-02-18T07:16:36.471Z",
        "value": "0.001920938491821289",
        "cumulative": false
    },
    {
        "date": "2021-02-18T07:20:56.550Z",
        "value": "0.0019414424896240234",
        "cumulative": false
    },
    {
        "date": "2021-02-18T07:25:11.779Z",
        "value": "0.0019702911376953125",
        "cumulative": false
    },
    {
        "date": "2021-02-18T07:29:27.811Z",
        "value": "0.0019125938415527344",
        "cumulative": false
    },
    {
        "date": "2021-02-18T07:33:48.860Z",
        "value": "0.0019507408142089844",
        "cumulative": false
    },
    {
        "date": "2021-02-18T07:38:07.193Z",
        "value": "0.0018720626831054688",
        "cumulative": false
    },
    {
        "date": "2021-02-18T07:42:24.827Z",
        "value": "0.001962900161743164",
        "cumulative": false
    },
    {
        "date": "2021-02-18T07:46:45.819Z",
        "value": "0.0019559860229492188",
        "cumulative": false
    },
    {
        "date": "2021-02-18T07:51:01.509Z",
        "value": "0.0019466876983642578",
        "cumulative": false
    },
    {
        "date": "2021-02-18T07:55:26.545Z",
        "value": "0.0019006729125976562",
        "cumulative": false
    },
    {
        "date": "2021-02-18T07:59:41.646Z",
        "value": "0.001909494400024414",
        "cumulative": false
    },
    {
        "date": "2021-02-18T08:03:57.942Z",
        "value": "0.0019321441650390625",
        "cumulative": false
    },
    {
        "date": "2021-02-18T08:08:24.264Z",
        "value": "0.0020012855529785156",
        "cumulative": false
    },
    {
        "date": "2021-02-18T08:12:39.206Z",
        "value": "0.0019054412841796875",
        "cumulative": false
    }
]