[
    {
        "date": "2021-02-17T11:06:28.326Z",
        "value": "9.572635412216187",
        "cumulative": false
    },
    {
        "date": "2021-02-17T11:10:37.364Z",
        "value": "5.315244913101196",
        "cumulative": false
    },
    {
        "date": "2021-02-17T11:14:47.533Z",
        "value": "5.252789735794067",
        "cumulative": false
    },
    {
        "date": "2021-02-17T11:18:55.077Z",
        "value": "5.240020751953125",
        "cumulative": false
    },
    {
        "date": "2021-02-17T11:23:03.050Z",
        "value": "5.306149959564209",
        "cumulative": false
    },
    {
        "date": "2021-02-17T11:27:11.292Z",
        "value": "5.2657623291015625",
        "cumulative": false
    },
    {
        "date": "2021-02-17T11:31:22.151Z",
        "value": "5.297600507736206",
        "cumulative": false
    },
    {
        "date": "2021-02-17T11:35:33.523Z",
        "value": "5.279743432998657",
        "cumulative": false
    },
    {
        "date": "2021-02-17T11:39:40.733Z",
        "value": "5.300285339355469",
        "cumulative": false
    },
    {
        "date": "2021-02-17T11:43:52.357Z",
        "value": "5.297498464584351",
        "cumulative": false
    },
    {
        "date": "2021-02-17T11:47:59.351Z",
        "value": "5.278648138046265",
        "cumulative": false
    },
    {
        "date": "2021-02-17T11:52:00.086Z",
        "value": "5.258874177932739",
        "cumulative": false
    },
    {
        "date": "2021-02-17T11:56:06.624Z",
        "value": "5.279209136962891",
        "cumulative": false
    },
    {
        "date": "2021-02-17T12:00:15.231Z",
        "value": "5.293259859085083",
        "cumulative": false
    },
    {
        "date": "2021-02-17T12:04:28.379Z",
        "value": "5.293713569641113",
        "cumulative": false
    },
    {
        "date": "2021-02-17T12:08:36.521Z",
        "value": "5.297609090805054",
        "cumulative": false
    },
    {
        "date": "2021-02-17T12:12:45.045Z",
        "value": "5.278479814529419",
        "cumulative": false
    },
    {
        "date": "2021-02-17T12:16:54.477Z",
        "value": "5.279986381530762",
        "cumulative": false
    },
    {
        "date": "2021-02-17T12:20:59.820Z",
        "value": "5.261884689331055",
        "cumulative": false
    },
    {
        "date": "2021-02-17T12:25:02.242Z",
        "value": "5.2841715812683105",
        "cumulative": false
    },
    {
        "date": "2021-02-17T12:29:04.845Z",
        "value": "5.272204399108887",
        "cumulative": false
    },
    {
        "date": "2021-02-17T12:33:12.933Z",
        "value": "5.260095834732056",
        "cumulative": false
    },
    {
        "date": "2021-02-17T12:37:25.557Z",
        "value": "5.247849941253662",
        "cumulative": false
    },
    {
        "date": "2021-02-17T12:41:36.844Z",
        "value": "5.248093605041504",
        "cumulative": false
    },
    {
        "date": "2021-02-17T12:45:46.307Z",
        "value": "5.213526010513306",
        "cumulative": false
    },
    {
        "date": "2021-02-17T12:49:57.046Z",
        "value": "5.250065803527832",
        "cumulative": false
    },
    {
        "date": "2021-02-17T12:54:03.738Z",
        "value": "5.248077630996704",
        "cumulative": false
    },
    {
        "date": "2021-02-17T12:58:17.622Z",
        "value": "5.23735785484314",
        "cumulative": false
    },
    {
        "date": "2021-02-17T13:02:24.661Z",
        "value": "5.230071067810059",
        "cumulative": false
    },
    {
        "date": "2021-02-17T13:06:30.769Z",
        "value": "5.2760772705078125",
        "cumulative": false
    },
    {
        "date": "2021-02-17T13:10:42.774Z",
        "value": "5.266087532043457",
        "cumulative": false
    },
    {
        "date": "2021-02-17T13:14:51.006Z",
        "value": "5.248989582061768",
        "cumulative": false
    },
    {
        "date": "2021-02-17T13:18:59.748Z",
        "value": "5.251649618148804",
        "cumulative": false
    },
    {
        "date": "2021-02-17T13:23:05.112Z",
        "value": "5.270040512084961",
        "cumulative": false
    },
    {
        "date": "2021-02-17T13:27:14.862Z",
        "value": "5.290574312210083",
        "cumulative": false
    },
    {
        "date": "2021-02-17T13:31:27.354Z",
        "value": "5.273021697998047",
        "cumulative": false
    },
    {
        "date": "2021-02-17T13:35:35.633Z",
        "value": "5.2826385498046875",
        "cumulative": false
    },
    {
        "date": "2021-02-17T13:39:43.667Z",
        "value": "5.3138604164123535",
        "cumulative": false
    },
    {
        "date": "2021-02-17T13:43:50.064Z",
        "value": "5.2688188552856445",
        "cumulative": false
    },
    {
        "date": "2021-02-17T13:48:01.376Z",
        "value": "5.264883995056152",
        "cumulative": false
    },
    {
        "date": "2021-02-17T13:52:19.540Z",
        "value": "5.260796070098877",
        "cumulative": false
    },
    {
        "date": "2021-02-17T13:56:32.138Z",
        "value": "5.224370956420898",
        "cumulative": false
    },
    {
        "date": "2021-02-17T14:00:41.332Z",
        "value": "5.214717864990234",
        "cumulative": false
    },
    {
        "date": "2021-02-17T14:04:46.012Z",
        "value": "5.215434312820435",
        "cumulative": false
    },
    {
        "date": "2021-02-17T14:08:53.208Z",
        "value": "5.252298355102539",
        "cumulative": false
    },
    {
        "date": "2021-02-17T14:13:04.859Z",
        "value": "5.274408340454102",
        "cumulative": false
    },
    {
        "date": "2021-02-17T14:17:11.923Z",
        "value": "5.2383997440338135",
        "cumulative": false
    },
    {
        "date": "2021-02-17T14:21:26.451Z",
        "value": "5.298614740371704",
        "cumulative": false
    },
    {
        "date": "2021-02-17T14:25:32.458Z",
        "value": "5.2032647132873535",
        "cumulative": false
    },
    {
        "date": "2021-02-17T14:29:43.077Z",
        "value": "5.257299900054932",
        "cumulative": false
    },
    {
        "date": "2021-02-17T14:33:51.632Z",
        "value": "5.254488945007324",
        "cumulative": false
    },
    {
        "date": "2021-02-17T14:37:59.102Z",
        "value": "5.242567539215088",
        "cumulative": false
    },
    {
        "date": "2021-02-17T14:42:12.495Z",
        "value": "5.209946632385254",
        "cumulative": false
    },
    {
        "date": "2021-02-17T14:46:25.846Z",
        "value": "5.237079381942749",
        "cumulative": false
    },
    {
        "date": "2021-02-17T14:50:39.244Z",
        "value": "5.243183374404907",
        "cumulative": false
    },
    {
        "date": "2021-02-17T14:54:54.833Z",
        "value": "5.270195960998535",
        "cumulative": false
    },
    {
        "date": "2021-02-17T14:59:01.992Z",
        "value": "5.237388372421265",
        "cumulative": false
    },
    {
        "date": "2021-02-17T15:03:19.135Z",
        "value": "5.2328221797943115",
        "cumulative": false
    },
    {
        "date": "2021-02-17T15:07:30.521Z",
        "value": "5.238518714904785",
        "cumulative": false
    },
    {
        "date": "2021-02-17T15:11:37.460Z",
        "value": "5.252280235290527",
        "cumulative": false
    },
    {
        "date": "2021-02-17T15:15:55.723Z",
        "value": "5.242227792739868",
        "cumulative": false
    },
    {
        "date": "2021-02-17T15:20:13.080Z",
        "value": "5.24194073677063",
        "cumulative": false
    },
    {
        "date": "2021-02-17T15:24:21.722Z",
        "value": "5.261170387268066",
        "cumulative": false
    },
    {
        "date": "2021-02-17T15:28:41.189Z",
        "value": "5.281450271606445",
        "cumulative": false
    },
    {
        "date": "2021-02-17T15:32:51.674Z",
        "value": "5.2489917278289795",
        "cumulative": false
    },
    {
        "date": "2021-02-17T15:37:11.106Z",
        "value": "5.286673069000244",
        "cumulative": false
    },
    {
        "date": "2021-02-17T15:41:22.545Z",
        "value": "5.250159978866577",
        "cumulative": false
    },
    {
        "date": "2021-02-17T15:45:34.787Z",
        "value": "5.245846509933472",
        "cumulative": false
    },
    {
        "date": "2021-02-17T15:49:52.320Z",
        "value": "5.212795734405518",
        "cumulative": false
    },
    {
        "date": "2021-02-17T15:54:11.702Z",
        "value": "5.243319272994995",
        "cumulative": false
    },
    {
        "date": "2021-02-17T15:58:26.569Z",
        "value": "5.283109426498413",
        "cumulative": false
    },
    {
        "date": "2021-02-17T16:02:35.537Z",
        "value": "5.191642999649048",
        "cumulative": false
    },
    {
        "date": "2021-02-17T16:06:52.198Z",
        "value": "5.221341848373413",
        "cumulative": false
    },
    {
        "date": "2021-02-17T16:11:03.374Z",
        "value": "5.227501153945923",
        "cumulative": false
    },
    {
        "date": "2021-02-17T16:15:19.414Z",
        "value": "5.210238218307495",
        "cumulative": false
    },
    {
        "date": "2021-02-17T16:19:39.789Z",
        "value": "5.243325233459473",
        "cumulative": false
    },
    {
        "date": "2021-02-17T16:23:59.864Z",
        "value": "5.159950494766235",
        "cumulative": false
    },
    {
        "date": "2021-02-17T16:28:18.346Z",
        "value": "5.193272829055786",
        "cumulative": false
    },
    {
        "date": "2021-02-17T16:32:33.295Z",
        "value": "5.209286689758301",
        "cumulative": false
    },
    {
        "date": "2021-02-17T16:36:45.834Z",
        "value": "5.194320440292358",
        "cumulative": false
    },
    {
        "date": "2021-02-17T16:40:57.171Z",
        "value": "5.187403202056885",
        "cumulative": false
    },
    {
        "date": "2021-02-17T16:45:11.943Z",
        "value": "5.228170871734619",
        "cumulative": false
    },
    {
        "date": "2021-02-17T16:49:29.979Z",
        "value": "5.239895343780518",
        "cumulative": false
    },
    {
        "date": "2021-02-17T16:53:46.845Z",
        "value": "5.252614736557007",
        "cumulative": false
    },
    {
        "date": "2021-02-17T16:57:56.588Z",
        "value": "5.207830190658569",
        "cumulative": false
    },
    {
        "date": "2021-02-17T17:02:08.201Z",
        "value": "5.2139739990234375",
        "cumulative": false
    },
    {
        "date": "2021-02-17T17:06:26.346Z",
        "value": "5.2329182624816895",
        "cumulative": false
    },
    {
        "date": "2021-02-17T17:10:50.368Z",
        "value": "5.223245143890381",
        "cumulative": false
    },
    {
        "date": "2021-02-17T17:15:06.195Z",
        "value": "5.180127859115601",
        "cumulative": false
    },
    {
        "date": "2021-02-17T17:19:21.288Z",
        "value": "5.21670389175415",
        "cumulative": false
    },
    {
        "date": "2021-02-17T17:23:34.365Z",
        "value": "5.204334020614624",
        "cumulative": false
    },
    {
        "date": "2021-02-17T17:27:44.377Z",
        "value": "5.171435832977295",
        "cumulative": false
    },
    {
        "date": "2021-02-17T17:32:03.249Z",
        "value": "5.2029335498809814",
        "cumulative": false
    },
    {
        "date": "2021-02-17T17:36:22.877Z",
        "value": "5.234845161437988",
        "cumulative": false
    },
    {
        "date": "2021-02-17T17:40:40.012Z",
        "value": "5.200054168701172",
        "cumulative": false
    },
    {
        "date": "2021-02-17T17:44:57.556Z",
        "value": "5.211473226547241",
        "cumulative": false
    },
    {
        "date": "2021-02-17T17:49:10.842Z",
        "value": "5.214623689651489",
        "cumulative": false
    },
    {
        "date": "2021-02-17T17:53:24.891Z",
        "value": "5.226163387298584",
        "cumulative": false
    },
    {
        "date": "2021-02-17T17:57:41.388Z",
        "value": "5.178054571151733",
        "cumulative": false
    },
    {
        "date": "2021-02-17T18:01:57.786Z",
        "value": "5.17080283164978",
        "cumulative": false
    },
    {
        "date": "2021-02-17T18:06:15.861Z",
        "value": "5.204123020172119",
        "cumulative": false
    },
    {
        "date": "2021-02-17T18:10:38.088Z",
        "value": "5.248748540878296",
        "cumulative": false
    },
    {
        "date": "2021-02-17T18:14:56.706Z",
        "value": "5.220799684524536",
        "cumulative": false
    },
    {
        "date": "2021-02-17T18:19:09.367Z",
        "value": "5.19645094871521",
        "cumulative": false
    },
    {
        "date": "2021-02-17T18:23:20.801Z",
        "value": "5.227202653884888",
        "cumulative": false
    },
    {
        "date": "2021-02-17T18:27:35.474Z",
        "value": "5.183727502822876",
        "cumulative": false
    },
    {
        "date": "2021-02-17T18:31:54.580Z",
        "value": "5.247263669967651",
        "cumulative": false
    },
    {
        "date": "2021-02-17T18:36:09.422Z",
        "value": "5.185670375823975",
        "cumulative": false
    },
    {
        "date": "2021-02-17T18:40:30.449Z",
        "value": "5.2240681648254395",
        "cumulative": false
    },
    {
        "date": "2021-02-17T18:44:46.753Z",
        "value": "5.190832614898682",
        "cumulative": false
    },
    {
        "date": "2021-02-17T18:48:59.485Z",
        "value": "5.193588018417358",
        "cumulative": false
    },
    {
        "date": "2021-02-17T18:53:11.017Z",
        "value": "5.180011749267578",
        "cumulative": false
    },
    {
        "date": "2021-02-17T18:57:25.307Z",
        "value": "5.240764141082764",
        "cumulative": false
    },
    {
        "date": "2021-02-17T19:01:46.235Z",
        "value": "5.208523273468018",
        "cumulative": false
    },
    {
        "date": "2021-02-17T19:06:06.245Z",
        "value": "5.253631830215454",
        "cumulative": false
    },
    {
        "date": "2021-02-17T19:10:23.691Z",
        "value": "5.243084907531738",
        "cumulative": false
    },
    {
        "date": "2021-02-17T19:14:37.992Z",
        "value": "5.244082450866699",
        "cumulative": false
    },
    {
        "date": "2021-02-17T19:18:54.652Z",
        "value": "5.221933126449585",
        "cumulative": false
    },
    {
        "date": "2021-02-17T19:23:08.442Z",
        "value": "5.227529048919678",
        "cumulative": false
    },
    {
        "date": "2021-02-17T19:27:23.477Z",
        "value": "5.243884563446045",
        "cumulative": false
    },
    {
        "date": "2021-02-17T19:31:42.326Z",
        "value": "5.227362155914307",
        "cumulative": false
    },
    {
        "date": "2021-02-17T19:35:57.200Z",
        "value": "5.179197788238525",
        "cumulative": false
    },
    {
        "date": "2021-02-17T19:40:14.734Z",
        "value": "5.255846738815308",
        "cumulative": false
    },
    {
        "date": "2021-02-17T19:44:31.829Z",
        "value": "5.253608226776123",
        "cumulative": false
    },
    {
        "date": "2021-02-17T19:48:42.186Z",
        "value": "5.206544876098633",
        "cumulative": false
    },
    {
        "date": "2021-02-17T19:52:58.435Z",
        "value": "5.206804037094116",
        "cumulative": false
    },
    {
        "date": "2021-02-17T19:57:15.361Z",
        "value": "5.212477207183838",
        "cumulative": false
    },
    {
        "date": "2021-02-17T20:01:27.368Z",
        "value": "5.244247674942017",
        "cumulative": false
    },
    {
        "date": "2021-02-17T20:05:46.350Z",
        "value": "5.245472192764282",
        "cumulative": false
    },
    {
        "date": "2021-02-17T20:09:55.385Z",
        "value": "5.2355430126190186",
        "cumulative": false
    },
    {
        "date": "2021-02-17T20:14:13.260Z",
        "value": "5.2501161098480225",
        "cumulative": false
    },
    {
        "date": "2021-02-17T20:18:27.876Z",
        "value": "5.2383198738098145",
        "cumulative": false
    },
    {
        "date": "2021-02-17T20:22:40.454Z",
        "value": "5.223464012145996",
        "cumulative": false
    },
    {
        "date": "2021-02-17T20:26:58.132Z",
        "value": "5.240197420120239",
        "cumulative": false
    },
    {
        "date": "2021-02-17T20:31:08.475Z",
        "value": "5.2440268993377686",
        "cumulative": false
    },
    {
        "date": "2021-02-17T20:35:24.429Z",
        "value": "5.209413051605225",
        "cumulative": false
    },
    {
        "date": "2021-02-17T20:39:42.249Z",
        "value": "5.242882013320923",
        "cumulative": false
    },
    {
        "date": "2021-02-17T20:43:57.697Z",
        "value": "5.197951555252075",
        "cumulative": false
    },
    {
        "date": "2021-02-17T20:48:15.156Z",
        "value": "5.220303773880005",
        "cumulative": false
    },
    {
        "date": "2021-02-17T20:52:29.988Z",
        "value": "5.210867404937744",
        "cumulative": false
    },
    {
        "date": "2021-02-17T20:56:48.969Z",
        "value": "5.217811346054077",
        "cumulative": false
    },
    {
        "date": "2021-02-17T21:01:06.747Z",
        "value": "5.211299896240234",
        "cumulative": false
    },
    {
        "date": "2021-02-17T21:05:20.108Z",
        "value": "5.217482805252075",
        "cumulative": false
    },
    {
        "date": "2021-02-17T21:09:40.222Z",
        "value": "5.200090408325195",
        "cumulative": false
    },
    {
        "date": "2021-02-17T21:13:56.493Z",
        "value": "5.22415018081665",
        "cumulative": false
    },
    {
        "date": "2021-02-17T21:18:07.599Z",
        "value": "5.230710029602051",
        "cumulative": false
    },
    {
        "date": "2021-02-17T21:22:24.744Z",
        "value": "5.182186126708984",
        "cumulative": false
    },
    {
        "date": "2021-02-17T21:26:42.396Z",
        "value": "5.2037513256073",
        "cumulative": false
    },
    {
        "date": "2021-02-17T21:30:57.987Z",
        "value": "5.210233449935913",
        "cumulative": false
    },
    {
        "date": "2021-02-17T21:35:09.915Z",
        "value": "5.276624441146851",
        "cumulative": false
    },
    {
        "date": "2021-02-17T21:39:30.409Z",
        "value": "5.239820718765259",
        "cumulative": false
    },
    {
        "date": "2021-02-17T21:43:43.711Z",
        "value": "5.240288734436035",
        "cumulative": false
    },
    {
        "date": "2021-02-17T21:47:59.325Z",
        "value": "5.230971574783325",
        "cumulative": false
    },
    {
        "date": "2021-02-17T21:52:15.100Z",
        "value": "5.233535289764404",
        "cumulative": false
    },
    {
        "date": "2021-02-17T21:56:28.014Z",
        "value": "5.2351155281066895",
        "cumulative": false
    },
    {
        "date": "2021-02-17T22:00:44.269Z",
        "value": "5.193630933761597",
        "cumulative": false
    },
    {
        "date": "2021-02-17T22:04:59.781Z",
        "value": "5.24564790725708",
        "cumulative": false
    },
    {
        "date": "2021-02-17T22:09:17.525Z",
        "value": "5.221516132354736",
        "cumulative": false
    },
    {
        "date": "2021-02-17T22:13:35.989Z",
        "value": "5.258240699768066",
        "cumulative": false
    },
    {
        "date": "2021-02-17T22:17:47.879Z",
        "value": "5.294326543807983",
        "cumulative": false
    },
    {
        "date": "2021-02-17T22:22:05.349Z",
        "value": "5.2193603515625",
        "cumulative": false
    },
    {
        "date": "2021-02-17T22:26:18.824Z",
        "value": "5.206964015960693",
        "cumulative": false
    },
    {
        "date": "2021-02-17T22:30:36.529Z",
        "value": "5.250205755233765",
        "cumulative": false
    },
    {
        "date": "2021-02-17T22:34:52.224Z",
        "value": "5.215196132659912",
        "cumulative": false
    },
    {
        "date": "2021-02-17T22:39:05.298Z",
        "value": "5.19626259803772",
        "cumulative": false
    },
    {
        "date": "2021-02-17T22:43:21.479Z",
        "value": "5.193541049957275",
        "cumulative": false
    },
    {
        "date": "2021-02-17T22:47:35.205Z",
        "value": "5.202680826187134",
        "cumulative": false
    },
    {
        "date": "2021-02-17T22:51:54.598Z",
        "value": "5.187552213668823",
        "cumulative": false
    },
    {
        "date": "2021-02-17T22:56:07.838Z",
        "value": "5.211833715438843",
        "cumulative": false
    },
    {
        "date": "2021-02-17T23:00:20.109Z",
        "value": "5.2314794063568115",
        "cumulative": false
    },
    {
        "date": "2021-02-17T23:04:37.742Z",
        "value": "5.257109880447388",
        "cumulative": false
    },
    {
        "date": "2021-02-17T23:08:52.821Z",
        "value": "5.233660936355591",
        "cumulative": false
    },
    {
        "date": "2021-02-17T23:13:07.518Z",
        "value": "5.224156856536865",
        "cumulative": false
    },
    {
        "date": "2021-02-17T23:17:24.050Z",
        "value": "5.230027675628662",
        "cumulative": false
    },
    {
        "date": "2021-02-17T23:21:36.391Z",
        "value": "5.2450032234191895",
        "cumulative": false
    },
    {
        "date": "2021-02-17T23:25:52.884Z",
        "value": "5.184113264083862",
        "cumulative": false
    },
    {
        "date": "2021-02-17T23:30:10.164Z",
        "value": "5.226397275924683",
        "cumulative": false
    },
    {
        "date": "2021-02-17T23:34:23.622Z",
        "value": "5.200040578842163",
        "cumulative": false
    },
    {
        "date": "2021-02-17T23:38:45.043Z",
        "value": "5.217003583908081",
        "cumulative": false
    },
    {
        "date": "2021-02-17T23:43:04.268Z",
        "value": "5.21130108833313",
        "cumulative": false
    },
    {
        "date": "2021-02-17T23:47:17.852Z",
        "value": "5.250554800033569",
        "cumulative": false
    },
    {
        "date": "2021-02-17T23:51:39.268Z",
        "value": "5.250199556350708",
        "cumulative": false
    },
    {
        "date": "2021-02-17T23:55:52.645Z",
        "value": "5.209460735321045",
        "cumulative": false
    },
    {
        "date": "2021-02-18T00:00:12.222Z",
        "value": "5.242961168289185",
        "cumulative": false
    },
    {
        "date": "2021-02-18T00:04:25.106Z",
        "value": "5.252422094345093",
        "cumulative": false
    },
    {
        "date": "2021-02-18T00:08:38.629Z",
        "value": "5.20746636390686",
        "cumulative": false
    },
    {
        "date": "2021-02-18T00:12:59.663Z",
        "value": "5.204341888427734",
        "cumulative": false
    },
    {
        "date": "2021-02-18T00:17:13.045Z",
        "value": "5.259197473526001",
        "cumulative": false
    },
    {
        "date": "2021-02-18T00:21:31.771Z",
        "value": "5.235105514526367",
        "cumulative": false
    },
    {
        "date": "2021-02-18T00:25:54.655Z",
        "value": "5.250304698944092",
        "cumulative": false
    },
    {
        "date": "2021-02-18T00:30:05.049Z",
        "value": "5.21968674659729",
        "cumulative": false
    },
    {
        "date": "2021-02-18T00:34:15.920Z",
        "value": "5.218001842498779",
        "cumulative": false
    },
    {
        "date": "2021-02-18T00:38:29.152Z",
        "value": "5.17768669128418",
        "cumulative": false
    },
    {
        "date": "2021-02-18T00:42:49.761Z",
        "value": "5.231220483779907",
        "cumulative": false
    },
    {
        "date": "2021-02-18T00:47:05.767Z",
        "value": "5.25475811958313",
        "cumulative": false
    },
    {
        "date": "2021-02-18T00:51:21.868Z",
        "value": "5.174465894699097",
        "cumulative": false
    },
    {
        "date": "2021-02-18T00:55:37.069Z",
        "value": "5.2357494831085205",
        "cumulative": false
    },
    {
        "date": "2021-02-18T00:59:48.419Z",
        "value": "5.213494539260864",
        "cumulative": false
    },
    {
        "date": "2021-02-18T01:04:05.011Z",
        "value": "5.252745628356934",
        "cumulative": false
    },
    {
        "date": "2021-02-18T01:08:21.504Z",
        "value": "5.246686697006226",
        "cumulative": false
    },
    {
        "date": "2021-02-18T01:12:37.799Z",
        "value": "5.253309965133667",
        "cumulative": false
    },
    {
        "date": "2021-02-18T01:16:58.160Z",
        "value": "5.250876188278198",
        "cumulative": false
    },
    {
        "date": "2021-02-18T01:21:13.064Z",
        "value": "5.291526556015015",
        "cumulative": false
    },
    {
        "date": "2021-02-18T01:25:32.967Z",
        "value": "5.233289480209351",
        "cumulative": false
    },
    {
        "date": "2021-02-18T01:29:48.085Z",
        "value": "5.231394529342651",
        "cumulative": false
    },
    {
        "date": "2021-02-18T01:34:07.119Z",
        "value": "5.2462615966796875",
        "cumulative": false
    },
    {
        "date": "2021-02-18T01:38:22.648Z",
        "value": "5.230731248855591",
        "cumulative": false
    },
    {
        "date": "2021-02-18T01:42:40.413Z",
        "value": "5.267701625823975",
        "cumulative": false
    },
    {
        "date": "2021-02-18T01:46:56.627Z",
        "value": "5.220259666442871",
        "cumulative": false
    },
    {
        "date": "2021-02-18T01:51:13.080Z",
        "value": "5.217682123184204",
        "cumulative": false
    },
    {
        "date": "2021-02-18T01:55:32.609Z",
        "value": "5.263371229171753",
        "cumulative": false
    },
    {
        "date": "2021-02-18T01:59:49.041Z",
        "value": "5.259834051132202",
        "cumulative": false
    },
    {
        "date": "2021-02-18T02:04:02.925Z",
        "value": "5.249776363372803",
        "cumulative": false
    },
    {
        "date": "2021-02-18T02:08:19.513Z",
        "value": "5.2370994091033936",
        "cumulative": false
    },
    {
        "date": "2021-02-18T02:12:33.613Z",
        "value": "5.229782342910767",
        "cumulative": false
    },
    {
        "date": "2021-02-18T02:16:49.650Z",
        "value": "5.255800247192383",
        "cumulative": false
    },
    {
        "date": "2021-02-18T02:21:05.900Z",
        "value": "5.231982946395874",
        "cumulative": false
    },
    {
        "date": "2021-02-18T02:25:29.580Z",
        "value": "5.204372882843018",
        "cumulative": false
    },
    {
        "date": "2021-02-18T02:29:44.463Z",
        "value": "5.204292297363281",
        "cumulative": false
    },
    {
        "date": "2021-02-18T02:33:56.840Z",
        "value": "5.135329484939575",
        "cumulative": false
    },
    {
        "date": "2021-02-18T02:38:15.267Z",
        "value": "5.175230026245117",
        "cumulative": false
    },
    {
        "date": "2021-02-18T02:42:36.338Z",
        "value": "5.134923696517944",
        "cumulative": false
    },
    {
        "date": "2021-02-18T02:46:55.216Z",
        "value": "5.129835605621338",
        "cumulative": false
    },
    {
        "date": "2021-02-18T02:51:05.603Z",
        "value": "5.088869333267212",
        "cumulative": false
    },
    {
        "date": "2021-02-18T02:55:14.746Z",
        "value": "5.140690565109253",
        "cumulative": false
    },
    {
        "date": "2021-02-18T02:59:26.902Z",
        "value": "5.100611209869385",
        "cumulative": false
    },
    {
        "date": "2021-02-18T03:03:43.021Z",
        "value": "5.121563911437988",
        "cumulative": false
    },
    {
        "date": "2021-02-18T03:08:01.080Z",
        "value": "5.098140001296997",
        "cumulative": false
    },
    {
        "date": "2021-02-18T03:12:22.319Z",
        "value": "5.04865026473999",
        "cumulative": false
    },
    {
        "date": "2021-02-18T03:16:38.244Z",
        "value": "5.053667306900024",
        "cumulative": false
    },
    {
        "date": "2021-02-18T03:20:57.085Z",
        "value": "4.998576402664185",
        "cumulative": false
    },
    {
        "date": "2021-02-18T03:25:17.708Z",
        "value": "5.012337684631348",
        "cumulative": false
    },
    {
        "date": "2021-02-18T03:29:36.696Z",
        "value": "4.967120885848999",
        "cumulative": false
    },
    {
        "date": "2021-02-18T03:33:55.321Z",
        "value": "4.987498044967651",
        "cumulative": false
    },
    {
        "date": "2021-02-18T03:38:14.940Z",
        "value": "4.985061407089233",
        "cumulative": false
    },
    {
        "date": "2021-02-18T03:42:33.105Z",
        "value": "4.960283517837524",
        "cumulative": false
    },
    {
        "date": "2021-02-18T03:46:50.226Z",
        "value": "4.947859048843384",
        "cumulative": false
    },
    {
        "date": "2021-02-18T03:51:03.405Z",
        "value": "4.951990127563477",
        "cumulative": false
    },
    {
        "date": "2021-02-18T03:55:15.416Z",
        "value": "4.948075532913208",
        "cumulative": false
    },
    {
        "date": "2021-02-18T03:59:22.038Z",
        "value": "5.008699178695679",
        "cumulative": false
    },
    {
        "date": "2021-02-18T04:03:31.475Z",
        "value": "4.94902229309082",
        "cumulative": false
    },
    {
        "date": "2021-02-18T04:07:48.150Z",
        "value": "4.92805552482605",
        "cumulative": false
    },
    {
        "date": "2021-02-18T04:12:03.025Z",
        "value": "4.9624693393707275",
        "cumulative": false
    },
    {
        "date": "2021-02-18T04:16:16.351Z",
        "value": "4.985571384429932",
        "cumulative": false
    },
    {
        "date": "2021-02-18T04:20:31.334Z",
        "value": "4.959556341171265",
        "cumulative": false
    },
    {
        "date": "2021-02-18T04:24:45.650Z",
        "value": "4.936605215072632",
        "cumulative": false
    },
    {
        "date": "2021-02-18T04:28:58.242Z",
        "value": "4.9503278732299805",
        "cumulative": false
    },
    {
        "date": "2021-02-18T04:33:13.693Z",
        "value": "4.975915193557739",
        "cumulative": false
    },
    {
        "date": "2021-02-18T04:37:26.903Z",
        "value": "4.9549500942230225",
        "cumulative": false
    },
    {
        "date": "2021-02-18T04:41:40.671Z",
        "value": "4.9977030754089355",
        "cumulative": false
    },
    {
        "date": "2021-02-18T04:45:53.469Z",
        "value": "4.982789516448975",
        "cumulative": false
    },
    {
        "date": "2021-02-18T04:50:06.205Z",
        "value": "4.919459819793701",
        "cumulative": false
    },
    {
        "date": "2021-02-18T04:54:21.728Z",
        "value": "4.964304685592651",
        "cumulative": false
    },
    {
        "date": "2021-02-18T04:58:34.492Z",
        "value": "4.958052635192871",
        "cumulative": false
    },
    {
        "date": "2021-02-18T05:02:52.973Z",
        "value": "4.961080551147461",
        "cumulative": false
    },
    {
        "date": "2021-02-18T05:07:12.126Z",
        "value": "4.978667497634888",
        "cumulative": false
    },
    {
        "date": "2021-02-18T05:11:35.210Z",
        "value": "4.9703450202941895",
        "cumulative": false
    },
    {
        "date": "2021-02-18T05:15:53.909Z",
        "value": "4.989163875579834",
        "cumulative": false
    },
    {
        "date": "2021-02-18T05:20:06.463Z",
        "value": "4.972448110580444",
        "cumulative": false
    },
    {
        "date": "2021-02-18T05:24:19.503Z",
        "value": "4.963261365890503",
        "cumulative": false
    },
    {
        "date": "2021-02-18T05:28:34.591Z",
        "value": "4.976995944976807",
        "cumulative": false
    },
    {
        "date": "2021-02-18T05:32:50.828Z",
        "value": "4.945228576660156",
        "cumulative": false
    },
    {
        "date": "2021-02-18T05:37:08.424Z",
        "value": "4.999974727630615",
        "cumulative": false
    },
    {
        "date": "2021-02-18T05:41:25.343Z",
        "value": "5.011654376983643",
        "cumulative": false
    },
    {
        "date": "2021-02-18T05:45:40.414Z",
        "value": "5.041456460952759",
        "cumulative": false
    },
    {
        "date": "2021-02-18T05:50:02.762Z",
        "value": "5.017492294311523",
        "cumulative": false
    },
    {
        "date": "2021-02-18T05:54:22.811Z",
        "value": "5.001686334609985",
        "cumulative": false
    },
    {
        "date": "2021-02-18T05:58:49.586Z",
        "value": "5.050534725189209",
        "cumulative": false
    },
    {
        "date": "2021-02-18T06:03:08.672Z",
        "value": "5.0411810874938965",
        "cumulative": false
    },
    {
        "date": "2021-02-18T06:07:27.659Z",
        "value": "5.0735204219818115",
        "cumulative": false
    },
    {
        "date": "2021-02-18T06:11:44.332Z",
        "value": "5.026298761367798",
        "cumulative": false
    },
    {
        "date": "2021-02-18T06:16:06.207Z",
        "value": "5.041093587875366",
        "cumulative": false
    },
    {
        "date": "2021-02-18T06:20:28.801Z",
        "value": "5.092769145965576",
        "cumulative": false
    },
    {
        "date": "2021-02-18T06:24:51.065Z",
        "value": "5.02917218208313",
        "cumulative": false
    },
    {
        "date": "2021-02-18T06:29:16.730Z",
        "value": "5.041834115982056",
        "cumulative": false
    },
    {
        "date": "2021-02-18T06:33:37.248Z",
        "value": "5.005874872207642",
        "cumulative": false
    },
    {
        "date": "2021-02-18T06:37:57.531Z",
        "value": "4.997760534286499",
        "cumulative": false
    },
    {
        "date": "2021-02-18T06:42:17.043Z",
        "value": "4.983278512954712",
        "cumulative": false
    },
    {
        "date": "2021-02-18T06:46:37.050Z",
        "value": "5.005859613418579",
        "cumulative": false
    },
    {
        "date": "2021-02-18T06:50:55.347Z",
        "value": "5.172391891479492",
        "cumulative": false
    },
    {
        "date": "2021-02-18T06:55:14.778Z",
        "value": "5.177735090255737",
        "cumulative": false
    },
    {
        "date": "2021-02-18T06:59:31.375Z",
        "value": "5.160606384277344",
        "cumulative": false
    },
    {
        "date": "2021-02-18T07:03:42.117Z",
        "value": "5.218456506729126",
        "cumulative": false
    },
    {
        "date": "2021-02-18T07:08:03.098Z",
        "value": "5.214069366455078",
        "cumulative": false
    },
    {
        "date": "2021-02-18T07:12:23.257Z",
        "value": "5.2480504512786865",
        "cumulative": false
    },
    {
        "date": "2021-02-18T07:16:36.472Z",
        "value": "5.249530792236328",
        "cumulative": false
    },
    {
        "date": "2021-02-18T07:20:56.550Z",
        "value": "5.197095632553101",
        "cumulative": false
    },
    {
        "date": "2021-02-18T07:25:11.779Z",
        "value": "5.1799328327178955",
        "cumulative": false
    },
    {
        "date": "2021-02-18T07:29:27.810Z",
        "value": "5.218957901000977",
        "cumulative": false
    },
    {
        "date": "2021-02-18T07:33:48.860Z",
        "value": "5.201632738113403",
        "cumulative": false
    },
    {
        "date": "2021-02-18T07:38:07.192Z",
        "value": "5.1990087032318115",
        "cumulative": false
    },
    {
        "date": "2021-02-18T07:42:24.828Z",
        "value": "5.206472158432007",
        "cumulative": false
    },
    {
        "date": "2021-02-18T07:46:45.819Z",
        "value": "5.226834774017334",
        "cumulative": false
    },
    {
        "date": "2021-02-18T07:51:01.507Z",
        "value": "5.2316670417785645",
        "cumulative": false
    },
    {
        "date": "2021-02-18T07:55:26.545Z",
        "value": "5.245601177215576",
        "cumulative": false
    },
    {
        "date": "2021-02-18T07:59:41.646Z",
        "value": "5.221487760543823",
        "cumulative": false
    },
    {
        "date": "2021-02-18T08:03:57.942Z",
        "value": "5.210756778717041",
        "cumulative": false
    },
    {
        "date": "2021-02-18T08:08:24.264Z",
        "value": "5.256133794784546",
        "cumulative": false
    },
    {
        "date": "2021-02-18T08:12:39.206Z",
        "value": "5.214136362075806",
        "cumulative": false
    }
]