[
    {
        "date": "2021-02-17T11:06:28.327Z",
        "value": "1.496260166168213",
        "cumulative": false
    },
    {
        "date": "2021-02-17T11:10:37.365Z",
        "value": "1.4668774604797363",
        "cumulative": false
    },
    {
        "date": "2021-02-17T11:14:47.534Z",
        "value": "1.4517557621002197",
        "cumulative": false
    },
    {
        "date": "2021-02-17T11:18:55.078Z",
        "value": "1.4463436603546143",
        "cumulative": false
    },
    {
        "date": "2021-02-17T11:23:03.051Z",
        "value": "1.465362548828125",
        "cumulative": false
    },
    {
        "date": "2021-02-17T11:27:11.293Z",
        "value": "1.4590253829956055",
        "cumulative": false
    },
    {
        "date": "2021-02-17T11:31:22.152Z",
        "value": "1.4470198154449463",
        "cumulative": false
    },
    {
        "date": "2021-02-17T11:35:33.524Z",
        "value": "1.450805902481079",
        "cumulative": false
    },
    {
        "date": "2021-02-17T11:39:40.734Z",
        "value": "1.453479528427124",
        "cumulative": false
    },
    {
        "date": "2021-02-17T11:43:52.357Z",
        "value": "1.469287395477295",
        "cumulative": false
    },
    {
        "date": "2021-02-17T11:47:59.354Z",
        "value": "1.4710485935211182",
        "cumulative": false
    },
    {
        "date": "2021-02-17T11:52:00.087Z",
        "value": "1.4606823921203613",
        "cumulative": false
    },
    {
        "date": "2021-02-17T11:56:06.626Z",
        "value": "1.4663052558898926",
        "cumulative": false
    },
    {
        "date": "2021-02-17T12:00:15.233Z",
        "value": "1.4867243766784668",
        "cumulative": false
    },
    {
        "date": "2021-02-17T12:04:28.381Z",
        "value": "1.4869160652160645",
        "cumulative": false
    },
    {
        "date": "2021-02-17T12:08:36.522Z",
        "value": "1.4590177536010742",
        "cumulative": false
    },
    {
        "date": "2021-02-17T12:12:45.046Z",
        "value": "1.4650814533233643",
        "cumulative": false
    },
    {
        "date": "2021-02-17T12:16:54.478Z",
        "value": "1.470381498336792",
        "cumulative": false
    },
    {
        "date": "2021-02-17T12:20:59.821Z",
        "value": "1.4433038234710693",
        "cumulative": false
    },
    {
        "date": "2021-02-17T12:25:02.243Z",
        "value": "1.4678680896759033",
        "cumulative": false
    },
    {
        "date": "2021-02-17T12:29:04.845Z",
        "value": "1.468665599822998",
        "cumulative": false
    },
    {
        "date": "2021-02-17T12:33:12.934Z",
        "value": "1.4545347690582275",
        "cumulative": false
    },
    {
        "date": "2021-02-17T12:37:25.558Z",
        "value": "1.4760425090789795",
        "cumulative": false
    },
    {
        "date": "2021-02-17T12:41:36.845Z",
        "value": "1.4651308059692383",
        "cumulative": false
    },
    {
        "date": "2021-02-17T12:45:46.308Z",
        "value": "1.4480504989624023",
        "cumulative": false
    },
    {
        "date": "2021-02-17T12:49:57.047Z",
        "value": "1.4637258052825928",
        "cumulative": false
    },
    {
        "date": "2021-02-17T12:54:03.739Z",
        "value": "1.465585708618164",
        "cumulative": false
    },
    {
        "date": "2021-02-17T12:58:17.622Z",
        "value": "1.4702823162078857",
        "cumulative": false
    },
    {
        "date": "2021-02-17T13:02:24.662Z",
        "value": "1.4671294689178467",
        "cumulative": false
    },
    {
        "date": "2021-02-17T13:06:30.769Z",
        "value": "1.4579627513885498",
        "cumulative": false
    },
    {
        "date": "2021-02-17T13:10:42.775Z",
        "value": "1.4585402011871338",
        "cumulative": false
    },
    {
        "date": "2021-02-17T13:14:51.006Z",
        "value": "1.4608550071716309",
        "cumulative": false
    },
    {
        "date": "2021-02-17T13:18:59.748Z",
        "value": "1.474762201309204",
        "cumulative": false
    },
    {
        "date": "2021-02-17T13:23:05.112Z",
        "value": "1.458235263824463",
        "cumulative": false
    },
    {
        "date": "2021-02-17T13:27:14.862Z",
        "value": "1.4641454219818115",
        "cumulative": false
    },
    {
        "date": "2021-02-17T13:31:27.354Z",
        "value": "1.461923599243164",
        "cumulative": false
    },
    {
        "date": "2021-02-17T13:35:35.633Z",
        "value": "1.4713726043701172",
        "cumulative": false
    },
    {
        "date": "2021-02-17T13:39:43.667Z",
        "value": "1.4752469062805176",
        "cumulative": false
    },
    {
        "date": "2021-02-17T13:43:50.065Z",
        "value": "1.455538272857666",
        "cumulative": false
    },
    {
        "date": "2021-02-17T13:48:01.377Z",
        "value": "1.4689292907714844",
        "cumulative": false
    },
    {
        "date": "2021-02-17T13:52:19.541Z",
        "value": "1.4809482097625732",
        "cumulative": false
    },
    {
        "date": "2021-02-17T13:56:32.138Z",
        "value": "1.4481570720672607",
        "cumulative": false
    },
    {
        "date": "2021-02-17T14:00:41.332Z",
        "value": "1.446134328842163",
        "cumulative": false
    },
    {
        "date": "2021-02-17T14:04:46.012Z",
        "value": "1.4643993377685547",
        "cumulative": false
    },
    {
        "date": "2021-02-17T14:08:53.208Z",
        "value": "1.4562828540802002",
        "cumulative": false
    },
    {
        "date": "2021-02-17T14:13:04.859Z",
        "value": "1.4664890766143799",
        "cumulative": false
    },
    {
        "date": "2021-02-17T14:17:11.923Z",
        "value": "1.4742543697357178",
        "cumulative": false
    },
    {
        "date": "2021-02-17T14:21:26.452Z",
        "value": "1.4716300964355469",
        "cumulative": false
    },
    {
        "date": "2021-02-17T14:25:32.459Z",
        "value": "1.4452037811279297",
        "cumulative": false
    },
    {
        "date": "2021-02-17T14:29:43.077Z",
        "value": "1.4695703983306885",
        "cumulative": false
    },
    {
        "date": "2021-02-17T14:33:51.632Z",
        "value": "1.4606561660766602",
        "cumulative": false
    },
    {
        "date": "2021-02-17T14:37:59.102Z",
        "value": "1.463104248046875",
        "cumulative": false
    },
    {
        "date": "2021-02-17T14:42:12.495Z",
        "value": "1.4481110572814941",
        "cumulative": false
    },
    {
        "date": "2021-02-17T14:46:25.846Z",
        "value": "1.4604003429412842",
        "cumulative": false
    },
    {
        "date": "2021-02-17T14:50:39.244Z",
        "value": "1.4591865539550781",
        "cumulative": false
    },
    {
        "date": "2021-02-17T14:54:54.834Z",
        "value": "2.1898205280303955",
        "cumulative": false
    },
    {
        "date": "2021-02-17T14:59:01.992Z",
        "value": "2.1604502201080322",
        "cumulative": false
    },
    {
        "date": "2021-02-17T15:03:19.135Z",
        "value": "2.195399761199951",
        "cumulative": false
    },
    {
        "date": "2021-02-17T15:07:30.521Z",
        "value": "2.194633722305298",
        "cumulative": false
    },
    {
        "date": "2021-02-17T15:11:37.461Z",
        "value": "2.207721471786499",
        "cumulative": false
    },
    {
        "date": "2021-02-17T15:15:55.720Z",
        "value": "2.2183568477630615",
        "cumulative": false
    },
    {
        "date": "2021-02-17T15:20:13.081Z",
        "value": "2.2270076274871826",
        "cumulative": false
    },
    {
        "date": "2021-02-17T15:24:21.723Z",
        "value": "2.2209038734436035",
        "cumulative": false
    },
    {
        "date": "2021-02-17T15:28:41.190Z",
        "value": "2.2412092685699463",
        "cumulative": false
    },
    {
        "date": "2021-02-17T15:32:51.674Z",
        "value": "2.223266124725342",
        "cumulative": false
    },
    {
        "date": "2021-02-17T15:37:11.106Z",
        "value": "2.2283172607421875",
        "cumulative": false
    },
    {
        "date": "2021-02-17T15:41:22.545Z",
        "value": "2.220231533050537",
        "cumulative": false
    },
    {
        "date": "2021-02-17T15:45:34.786Z",
        "value": "2.2048940658569336",
        "cumulative": false
    },
    {
        "date": "2021-02-17T15:49:52.320Z",
        "value": "2.208146333694458",
        "cumulative": false
    },
    {
        "date": "2021-02-17T15:54:11.701Z",
        "value": "2.2290518283843994",
        "cumulative": false
    },
    {
        "date": "2021-02-17T15:58:26.568Z",
        "value": "2.2330868244171143",
        "cumulative": false
    },
    {
        "date": "2021-02-17T16:02:35.539Z",
        "value": "2.221900224685669",
        "cumulative": false
    },
    {
        "date": "2021-02-17T16:06:52.198Z",
        "value": "2.205925941467285",
        "cumulative": false
    },
    {
        "date": "2021-02-17T16:11:03.374Z",
        "value": "2.2229220867156982",
        "cumulative": false
    },
    {
        "date": "2021-02-17T16:15:19.414Z",
        "value": "2.2293221950531006",
        "cumulative": false
    },
    {
        "date": "2021-02-17T16:19:39.790Z",
        "value": "2.208219289779663",
        "cumulative": false
    },
    {
        "date": "2021-02-17T16:23:59.864Z",
        "value": "2.201265335083008",
        "cumulative": false
    },
    {
        "date": "2021-02-17T16:28:18.346Z",
        "value": "2.219719886779785",
        "cumulative": false
    },
    {
        "date": "2021-02-17T16:32:33.295Z",
        "value": "2.2323546409606934",
        "cumulative": false
    },
    {
        "date": "2021-02-17T16:36:45.833Z",
        "value": "2.2091569900512695",
        "cumulative": false
    },
    {
        "date": "2021-02-17T16:40:57.171Z",
        "value": "2.208862066268921",
        "cumulative": false
    },
    {
        "date": "2021-02-17T16:45:11.942Z",
        "value": "2.222155809402466",
        "cumulative": false
    },
    {
        "date": "2021-02-17T16:49:29.979Z",
        "value": "2.234079122543335",
        "cumulative": false
    },
    {
        "date": "2021-02-17T16:53:46.844Z",
        "value": "2.223266839981079",
        "cumulative": false
    },
    {
        "date": "2021-02-17T16:57:56.586Z",
        "value": "2.2080113887786865",
        "cumulative": false
    },
    {
        "date": "2021-02-17T17:02:08.201Z",
        "value": "2.191514015197754",
        "cumulative": false
    },
    {
        "date": "2021-02-17T17:06:26.346Z",
        "value": "2.2420928478240967",
        "cumulative": false
    },
    {
        "date": "2021-02-17T17:10:50.368Z",
        "value": "2.2576677799224854",
        "cumulative": false
    },
    {
        "date": "2021-02-17T17:15:06.195Z",
        "value": "2.176135540008545",
        "cumulative": false
    },
    {
        "date": "2021-02-17T17:19:21.287Z",
        "value": "2.2031195163726807",
        "cumulative": false
    },
    {
        "date": "2021-02-17T17:23:34.364Z",
        "value": "2.2533364295959473",
        "cumulative": false
    },
    {
        "date": "2021-02-17T17:27:44.376Z",
        "value": "2.195127248764038",
        "cumulative": false
    },
    {
        "date": "2021-02-17T17:32:03.248Z",
        "value": "2.231597423553467",
        "cumulative": false
    },
    {
        "date": "2021-02-17T17:36:22.875Z",
        "value": "2.2298271656036377",
        "cumulative": false
    },
    {
        "date": "2021-02-17T17:40:40.011Z",
        "value": "2.2270333766937256",
        "cumulative": false
    },
    {
        "date": "2021-02-17T17:44:57.555Z",
        "value": "2.2227253913879395",
        "cumulative": false
    },
    {
        "date": "2021-02-17T17:49:10.842Z",
        "value": "2.2156848907470703",
        "cumulative": false
    },
    {
        "date": "2021-02-17T17:53:24.890Z",
        "value": "2.231355667114258",
        "cumulative": false
    },
    {
        "date": "2021-02-17T17:57:41.388Z",
        "value": "2.228565216064453",
        "cumulative": false
    },
    {
        "date": "2021-02-17T18:01:57.785Z",
        "value": "2.2217657566070557",
        "cumulative": false
    },
    {
        "date": "2021-02-17T18:06:15.861Z",
        "value": "2.2173233032226562",
        "cumulative": false
    },
    {
        "date": "2021-02-17T18:10:38.087Z",
        "value": "2.2676568031311035",
        "cumulative": false
    },
    {
        "date": "2021-02-17T18:14:56.706Z",
        "value": "2.2281832695007324",
        "cumulative": false
    },
    {
        "date": "2021-02-17T18:19:09.367Z",
        "value": "2.2307095527648926",
        "cumulative": false
    },
    {
        "date": "2021-02-17T18:23:20.801Z",
        "value": "2.2428219318389893",
        "cumulative": false
    },
    {
        "date": "2021-02-17T18:27:35.473Z",
        "value": "2.2000515460968018",
        "cumulative": false
    },
    {
        "date": "2021-02-17T18:31:54.580Z",
        "value": "2.2419660091400146",
        "cumulative": false
    },
    {
        "date": "2021-02-17T18:36:09.422Z",
        "value": "2.2229161262512207",
        "cumulative": false
    },
    {
        "date": "2021-02-17T18:40:30.450Z",
        "value": "2.25274658203125",
        "cumulative": false
    },
    {
        "date": "2021-02-17T18:44:46.753Z",
        "value": "2.2176856994628906",
        "cumulative": false
    },
    {
        "date": "2021-02-17T18:48:59.485Z",
        "value": "2.2399044036865234",
        "cumulative": false
    },
    {
        "date": "2021-02-17T18:53:11.017Z",
        "value": "2.2095611095428467",
        "cumulative": false
    },
    {
        "date": "2021-02-17T18:57:25.307Z",
        "value": "2.244755744934082",
        "cumulative": false
    },
    {
        "date": "2021-02-17T19:01:46.235Z",
        "value": "2.2654967308044434",
        "cumulative": false
    },
    {
        "date": "2021-02-17T19:06:06.245Z",
        "value": "2.264172077178955",
        "cumulative": false
    },
    {
        "date": "2021-02-17T19:10:23.691Z",
        "value": "2.2308013439178467",
        "cumulative": false
    },
    {
        "date": "2021-02-17T19:14:37.992Z",
        "value": "2.2358248233795166",
        "cumulative": false
    },
    {
        "date": "2021-02-17T19:18:54.653Z",
        "value": "2.2401158809661865",
        "cumulative": false
    },
    {
        "date": "2021-02-17T19:23:08.442Z",
        "value": "2.2510130405426025",
        "cumulative": false
    },
    {
        "date": "2021-02-17T19:27:23.477Z",
        "value": "2.235684871673584",
        "cumulative": false
    },
    {
        "date": "2021-02-17T19:31:42.327Z",
        "value": "2.2200064659118652",
        "cumulative": false
    },
    {
        "date": "2021-02-17T19:35:57.200Z",
        "value": "2.2060434818267822",
        "cumulative": false
    },
    {
        "date": "2021-02-17T19:40:14.734Z",
        "value": "2.2573015689849854",
        "cumulative": false
    },
    {
        "date": "2021-02-17T19:44:31.829Z",
        "value": "2.224113941192627",
        "cumulative": false
    },
    {
        "date": "2021-02-17T19:48:42.186Z",
        "value": "2.21016788482666",
        "cumulative": false
    },
    {
        "date": "2021-02-17T19:52:58.435Z",
        "value": "2.2151827812194824",
        "cumulative": false
    },
    {
        "date": "2021-02-17T19:57:15.361Z",
        "value": "2.2590415477752686",
        "cumulative": false
    },
    {
        "date": "2021-02-17T20:01:27.368Z",
        "value": "2.2504937648773193",
        "cumulative": false
    },
    {
        "date": "2021-02-17T20:05:46.350Z",
        "value": "2.281620740890503",
        "cumulative": false
    },
    {
        "date": "2021-02-17T20:09:55.385Z",
        "value": "2.246319532394409",
        "cumulative": false
    },
    {
        "date": "2021-02-17T20:14:13.260Z",
        "value": "2.264690637588501",
        "cumulative": false
    },
    {
        "date": "2021-02-17T20:18:27.876Z",
        "value": "2.2698118686676025",
        "cumulative": false
    },
    {
        "date": "2021-02-17T20:22:40.454Z",
        "value": "2.237915277481079",
        "cumulative": false
    },
    {
        "date": "2021-02-17T20:26:58.133Z",
        "value": "2.2669553756713867",
        "cumulative": false
    },
    {
        "date": "2021-02-17T20:31:08.475Z",
        "value": "2.2953081130981445",
        "cumulative": false
    },
    {
        "date": "2021-02-17T20:35:24.430Z",
        "value": "2.2372541427612305",
        "cumulative": false
    },
    {
        "date": "2021-02-17T20:39:42.249Z",
        "value": "2.2749645709991455",
        "cumulative": false
    },
    {
        "date": "2021-02-17T20:43:57.696Z",
        "value": "2.251227378845215",
        "cumulative": false
    },
    {
        "date": "2021-02-17T20:48:15.156Z",
        "value": "2.279923439025879",
        "cumulative": false
    },
    {
        "date": "2021-02-17T20:52:29.988Z",
        "value": "2.270411968231201",
        "cumulative": false
    },
    {
        "date": "2021-02-17T20:56:48.969Z",
        "value": "2.2734479904174805",
        "cumulative": false
    },
    {
        "date": "2021-02-17T21:01:06.747Z",
        "value": "2.2554233074188232",
        "cumulative": false
    },
    {
        "date": "2021-02-17T21:05:20.108Z",
        "value": "2.2388052940368652",
        "cumulative": false
    },
    {
        "date": "2021-02-17T21:09:40.222Z",
        "value": "2.2370173931121826",
        "cumulative": false
    },
    {
        "date": "2021-02-17T21:13:56.493Z",
        "value": "2.2482261657714844",
        "cumulative": false
    },
    {
        "date": "2021-02-17T21:18:07.600Z",
        "value": "2.2884280681610107",
        "cumulative": false
    },
    {
        "date": "2021-02-17T21:22:24.744Z",
        "value": "2.254086494445801",
        "cumulative": false
    },
    {
        "date": "2021-02-17T21:26:42.396Z",
        "value": "2.2492835521698",
        "cumulative": false
    },
    {
        "date": "2021-02-17T21:30:57.987Z",
        "value": "2.2736594676971436",
        "cumulative": false
    },
    {
        "date": "2021-02-17T21:35:09.915Z",
        "value": "2.268888235092163",
        "cumulative": false
    },
    {
        "date": "2021-02-17T21:39:30.409Z",
        "value": "2.2346720695495605",
        "cumulative": false
    },
    {
        "date": "2021-02-17T21:43:43.711Z",
        "value": "2.2437987327575684",
        "cumulative": false
    },
    {
        "date": "2021-02-17T21:47:59.325Z",
        "value": "2.2519330978393555",
        "cumulative": false
    },
    {
        "date": "2021-02-17T21:52:15.100Z",
        "value": "2.273663282394409",
        "cumulative": false
    },
    {
        "date": "2021-02-17T21:56:28.015Z",
        "value": "2.288329839706421",
        "cumulative": false
    },
    {
        "date": "2021-02-17T22:00:44.270Z",
        "value": "2.244724988937378",
        "cumulative": false
    },
    {
        "date": "2021-02-17T22:04:59.781Z",
        "value": "2.2787654399871826",
        "cumulative": false
    },
    {
        "date": "2021-02-17T22:09:17.526Z",
        "value": "2.26176381111145",
        "cumulative": false
    },
    {
        "date": "2021-02-17T22:13:35.990Z",
        "value": "2.259958505630493",
        "cumulative": false
    },
    {
        "date": "2021-02-17T22:17:47.880Z",
        "value": "2.2950937747955322",
        "cumulative": false
    },
    {
        "date": "2021-02-17T22:22:05.349Z",
        "value": "2.2592663764953613",
        "cumulative": false
    },
    {
        "date": "2021-02-17T22:26:18.824Z",
        "value": "2.281372308731079",
        "cumulative": false
    },
    {
        "date": "2021-02-17T22:30:36.529Z",
        "value": "2.314469814300537",
        "cumulative": false
    },
    {
        "date": "2021-02-17T22:34:52.224Z",
        "value": "2.283850908279419",
        "cumulative": false
    },
    {
        "date": "2021-02-17T22:39:05.298Z",
        "value": "2.287720203399658",
        "cumulative": false
    },
    {
        "date": "2021-02-17T22:43:21.479Z",
        "value": "2.2794766426086426",
        "cumulative": false
    },
    {
        "date": "2021-02-17T22:47:35.205Z",
        "value": "2.296588182449341",
        "cumulative": false
    },
    {
        "date": "2021-02-17T22:51:54.598Z",
        "value": "2.2897982597351074",
        "cumulative": false
    },
    {
        "date": "2021-02-17T22:56:07.838Z",
        "value": "2.2715189456939697",
        "cumulative": false
    },
    {
        "date": "2021-02-17T23:00:20.109Z",
        "value": "2.2746777534484863",
        "cumulative": false
    },
    {
        "date": "2021-02-17T23:04:37.742Z",
        "value": "2.2962629795074463",
        "cumulative": false
    },
    {
        "date": "2021-02-17T23:08:52.821Z",
        "value": "2.3137431144714355",
        "cumulative": false
    },
    {
        "date": "2021-02-17T23:13:07.518Z",
        "value": "2.2819578647613525",
        "cumulative": false
    },
    {
        "date": "2021-02-17T23:17:24.051Z",
        "value": "2.2711493968963623",
        "cumulative": false
    },
    {
        "date": "2021-02-17T23:21:36.391Z",
        "value": "2.3053929805755615",
        "cumulative": false
    },
    {
        "date": "2021-02-17T23:25:52.884Z",
        "value": "2.2747433185577393",
        "cumulative": false
    },
    {
        "date": "2021-02-17T23:30:10.164Z",
        "value": "2.28779935836792",
        "cumulative": false
    },
    {
        "date": "2021-02-17T23:34:23.622Z",
        "value": "2.2939465045928955",
        "cumulative": false
    },
    {
        "date": "2021-02-17T23:38:45.042Z",
        "value": "2.2989790439605713",
        "cumulative": false
    },
    {
        "date": "2021-02-17T23:43:04.268Z",
        "value": "2.2636008262634277",
        "cumulative": false
    },
    {
        "date": "2021-02-17T23:47:17.852Z",
        "value": "2.3230178356170654",
        "cumulative": false
    },
    {
        "date": "2021-02-17T23:51:39.268Z",
        "value": "2.325958490371704",
        "cumulative": false
    },
    {
        "date": "2021-02-17T23:55:52.645Z",
        "value": "2.2957143783569336",
        "cumulative": false
    },
    {
        "date": "2021-02-18T00:00:12.222Z",
        "value": "2.3004989624023438",
        "cumulative": false
    },
    {
        "date": "2021-02-18T00:04:25.105Z",
        "value": "2.3032588958740234",
        "cumulative": false
    },
    {
        "date": "2021-02-18T00:08:38.629Z",
        "value": "2.2700202465057373",
        "cumulative": false
    },
    {
        "date": "2021-02-18T00:12:59.662Z",
        "value": "2.258713722229004",
        "cumulative": false
    },
    {
        "date": "2021-02-18T00:17:13.044Z",
        "value": "2.3121068477630615",
        "cumulative": false
    },
    {
        "date": "2021-02-18T00:21:31.770Z",
        "value": "2.2806553840637207",
        "cumulative": false
    },
    {
        "date": "2021-02-18T00:25:54.654Z",
        "value": "2.292107582092285",
        "cumulative": false
    },
    {
        "date": "2021-02-18T00:30:05.048Z",
        "value": "2.3009605407714844",
        "cumulative": false
    },
    {
        "date": "2021-02-18T00:34:15.920Z",
        "value": "2.288951873779297",
        "cumulative": false
    },
    {
        "date": "2021-02-18T00:38:29.152Z",
        "value": "2.2752861976623535",
        "cumulative": false
    },
    {
        "date": "2021-02-18T00:42:49.761Z",
        "value": "2.249474048614502",
        "cumulative": false
    },
    {
        "date": "2021-02-18T00:47:05.767Z",
        "value": "2.2857728004455566",
        "cumulative": false
    },
    {
        "date": "2021-02-18T00:51:21.867Z",
        "value": "2.2805960178375244",
        "cumulative": false
    },
    {
        "date": "2021-02-18T00:55:37.069Z",
        "value": "2.2912755012512207",
        "cumulative": false
    },
    {
        "date": "2021-02-18T00:59:48.419Z",
        "value": "2.2928855419158936",
        "cumulative": false
    },
    {
        "date": "2021-02-18T01:04:05.011Z",
        "value": "2.290048122406006",
        "cumulative": false
    },
    {
        "date": "2021-02-18T01:08:21.504Z",
        "value": "2.283501148223877",
        "cumulative": false
    },
    {
        "date": "2021-02-18T01:12:37.799Z",
        "value": "2.284925699234009",
        "cumulative": false
    },
    {
        "date": "2021-02-18T01:16:58.159Z",
        "value": "2.2838504314422607",
        "cumulative": false
    },
    {
        "date": "2021-02-18T01:21:13.063Z",
        "value": "2.3042023181915283",
        "cumulative": false
    },
    {
        "date": "2021-02-18T01:25:32.967Z",
        "value": "2.299116611480713",
        "cumulative": false
    },
    {
        "date": "2021-02-18T01:29:48.085Z",
        "value": "2.3182883262634277",
        "cumulative": false
    },
    {
        "date": "2021-02-18T01:34:07.118Z",
        "value": "2.3226187229156494",
        "cumulative": false
    },
    {
        "date": "2021-02-18T01:38:22.647Z",
        "value": "2.309370279312134",
        "cumulative": false
    },
    {
        "date": "2021-02-18T01:42:40.413Z",
        "value": "2.330955743789673",
        "cumulative": false
    },
    {
        "date": "2021-02-18T01:46:56.627Z",
        "value": "2.312880039215088",
        "cumulative": false
    },
    {
        "date": "2021-02-18T01:51:13.079Z",
        "value": "2.318453073501587",
        "cumulative": false
    },
    {
        "date": "2021-02-18T01:55:32.607Z",
        "value": "2.325453042984009",
        "cumulative": false
    },
    {
        "date": "2021-02-18T01:59:49.041Z",
        "value": "2.3125903606414795",
        "cumulative": false
    },
    {
        "date": "2021-02-18T02:04:02.925Z",
        "value": "2.3147573471069336",
        "cumulative": false
    },
    {
        "date": "2021-02-18T02:08:19.512Z",
        "value": "2.314563512802124",
        "cumulative": false
    },
    {
        "date": "2021-02-18T02:12:33.613Z",
        "value": "2.2872955799102783",
        "cumulative": false
    },
    {
        "date": "2021-02-18T02:16:49.649Z",
        "value": "2.3099398612976074",
        "cumulative": false
    },
    {
        "date": "2021-02-18T02:21:05.900Z",
        "value": "2.3194499015808105",
        "cumulative": false
    },
    {
        "date": "2021-02-18T02:25:29.579Z",
        "value": "2.3432846069335938",
        "cumulative": false
    },
    {
        "date": "2021-02-18T02:29:44.463Z",
        "value": "2.310267210006714",
        "cumulative": false
    },
    {
        "date": "2021-02-18T02:33:56.840Z",
        "value": "2.3034842014312744",
        "cumulative": false
    },
    {
        "date": "2021-02-18T02:38:15.268Z",
        "value": "2.301668167114258",
        "cumulative": false
    },
    {
        "date": "2021-02-18T02:42:36.338Z",
        "value": "2.2952897548675537",
        "cumulative": false
    },
    {
        "date": "2021-02-18T02:46:55.216Z",
        "value": "2.2986199855804443",
        "cumulative": false
    },
    {
        "date": "2021-02-18T02:51:05.601Z",
        "value": "2.289545774459839",
        "cumulative": false
    },
    {
        "date": "2021-02-18T02:55:14.746Z",
        "value": "2.3073081970214844",
        "cumulative": false
    },
    {
        "date": "2021-02-18T02:59:26.901Z",
        "value": "2.274256706237793",
        "cumulative": false
    },
    {
        "date": "2021-02-18T03:03:43.021Z",
        "value": "2.302712917327881",
        "cumulative": false
    },
    {
        "date": "2021-02-18T03:08:01.080Z",
        "value": "2.312248468399048",
        "cumulative": false
    },
    {
        "date": "2021-02-18T03:12:22.319Z",
        "value": "2.3505454063415527",
        "cumulative": false
    },
    {
        "date": "2021-02-18T03:16:38.244Z",
        "value": "2.300034999847412",
        "cumulative": false
    },
    {
        "date": "2021-02-18T03:20:57.085Z",
        "value": "2.311840534210205",
        "cumulative": false
    },
    {
        "date": "2021-02-18T03:25:17.707Z",
        "value": "2.332186222076416",
        "cumulative": false
    },
    {
        "date": "2021-02-18T03:29:36.695Z",
        "value": "2.326906681060791",
        "cumulative": false
    },
    {
        "date": "2021-02-18T03:33:55.320Z",
        "value": "2.3098554611206055",
        "cumulative": false
    },
    {
        "date": "2021-02-18T03:38:14.939Z",
        "value": "2.329916477203369",
        "cumulative": false
    },
    {
        "date": "2021-02-18T03:42:33.105Z",
        "value": "2.3085474967956543",
        "cumulative": false
    },
    {
        "date": "2021-02-18T03:46:50.226Z",
        "value": "2.3462934494018555",
        "cumulative": false
    },
    {
        "date": "2021-02-18T03:51:03.405Z",
        "value": "2.3267836570739746",
        "cumulative": false
    },
    {
        "date": "2021-02-18T03:55:15.414Z",
        "value": "2.3437764644622803",
        "cumulative": false
    },
    {
        "date": "2021-02-18T03:59:22.038Z",
        "value": "2.3376917839050293",
        "cumulative": false
    },
    {
        "date": "2021-02-18T04:03:31.474Z",
        "value": "2.3449113368988037",
        "cumulative": false
    },
    {
        "date": "2021-02-18T04:07:48.149Z",
        "value": "2.2894229888916016",
        "cumulative": false
    },
    {
        "date": "2021-02-18T04:12:03.025Z",
        "value": "2.320061206817627",
        "cumulative": false
    },
    {
        "date": "2021-02-18T04:16:16.350Z",
        "value": "2.338611364364624",
        "cumulative": false
    },
    {
        "date": "2021-02-18T04:20:31.334Z",
        "value": "2.317988872528076",
        "cumulative": false
    },
    {
        "date": "2021-02-18T04:24:45.649Z",
        "value": "2.313378095626831",
        "cumulative": false
    },
    {
        "date": "2021-02-18T04:28:58.241Z",
        "value": "2.323482036590576",
        "cumulative": false
    },
    {
        "date": "2021-02-18T04:33:13.692Z",
        "value": "2.319636821746826",
        "cumulative": false
    },
    {
        "date": "2021-02-18T04:37:26.902Z",
        "value": "2.3156983852386475",
        "cumulative": false
    },
    {
        "date": "2021-02-18T04:41:40.671Z",
        "value": "2.3140006065368652",
        "cumulative": false
    },
    {
        "date": "2021-02-18T04:45:53.469Z",
        "value": "2.330249786376953",
        "cumulative": false
    },
    {
        "date": "2021-02-18T04:50:06.205Z",
        "value": "2.309870958328247",
        "cumulative": false
    },
    {
        "date": "2021-02-18T04:54:21.728Z",
        "value": "2.327671527862549",
        "cumulative": false
    },
    {
        "date": "2021-02-18T04:58:34.492Z",
        "value": "2.347766637802124",
        "cumulative": false
    },
    {
        "date": "2021-02-18T05:02:52.973Z",
        "value": "2.321824789047241",
        "cumulative": false
    },
    {
        "date": "2021-02-18T05:07:12.126Z",
        "value": "2.351546287536621",
        "cumulative": false
    },
    {
        "date": "2021-02-18T05:11:35.210Z",
        "value": "2.367011308670044",
        "cumulative": false
    },
    {
        "date": "2021-02-18T05:15:53.908Z",
        "value": "2.3706142902374268",
        "cumulative": false
    },
    {
        "date": "2021-02-18T05:20:06.464Z",
        "value": "2.343019962310791",
        "cumulative": false
    },
    {
        "date": "2021-02-18T05:24:19.504Z",
        "value": "2.3192451000213623",
        "cumulative": false
    },
    {
        "date": "2021-02-18T05:28:34.592Z",
        "value": "2.3368492126464844",
        "cumulative": false
    },
    {
        "date": "2021-02-18T05:32:50.828Z",
        "value": "2.334881544113159",
        "cumulative": false
    },
    {
        "date": "2021-02-18T05:37:08.425Z",
        "value": "2.3483986854553223",
        "cumulative": false
    },
    {
        "date": "2021-02-18T05:41:25.345Z",
        "value": "2.336820363998413",
        "cumulative": false
    },
    {
        "date": "2021-02-18T05:45:40.414Z",
        "value": "2.3530433177948",
        "cumulative": false
    },
    {
        "date": "2021-02-18T05:50:02.762Z",
        "value": "2.312856912612915",
        "cumulative": false
    },
    {
        "date": "2021-02-18T05:54:22.811Z",
        "value": "2.344097852706909",
        "cumulative": false
    },
    {
        "date": "2021-02-18T05:58:49.585Z",
        "value": "2.376824378967285",
        "cumulative": false
    },
    {
        "date": "2021-02-18T06:03:08.671Z",
        "value": "2.335151433944702",
        "cumulative": false
    },
    {
        "date": "2021-02-18T06:07:27.657Z",
        "value": "2.3640832901000977",
        "cumulative": false
    },
    {
        "date": "2021-02-18T06:11:44.332Z",
        "value": "2.324164628982544",
        "cumulative": false
    },
    {
        "date": "2021-02-18T06:16:06.207Z",
        "value": "2.329470157623291",
        "cumulative": false
    },
    {
        "date": "2021-02-18T06:20:28.801Z",
        "value": "2.351085662841797",
        "cumulative": false
    },
    {
        "date": "2021-02-18T06:24:51.065Z",
        "value": "2.326687812805176",
        "cumulative": false
    },
    {
        "date": "2021-02-18T06:29:16.730Z",
        "value": "2.3640236854553223",
        "cumulative": false
    },
    {
        "date": "2021-02-18T06:33:37.247Z",
        "value": "2.341942548751831",
        "cumulative": false
    },
    {
        "date": "2021-02-18T06:37:57.531Z",
        "value": "2.3422255516052246",
        "cumulative": false
    },
    {
        "date": "2021-02-18T06:42:17.042Z",
        "value": "2.3042473793029785",
        "cumulative": false
    },
    {
        "date": "2021-02-18T06:46:37.050Z",
        "value": "2.3141636848449707",
        "cumulative": false
    },
    {
        "date": "2021-02-18T06:50:55.347Z",
        "value": "2.3394715785980225",
        "cumulative": false
    },
    {
        "date": "2021-02-18T06:55:14.778Z",
        "value": "2.2991440296173096",
        "cumulative": false
    },
    {
        "date": "2021-02-18T06:59:31.374Z",
        "value": "2.3206467628479004",
        "cumulative": false
    },
    {
        "date": "2021-02-18T07:03:42.117Z",
        "value": "2.3272829055786133",
        "cumulative": false
    },
    {
        "date": "2021-02-18T07:08:03.100Z",
        "value": "2.3664567470550537",
        "cumulative": false
    },
    {
        "date": "2021-02-18T07:12:23.257Z",
        "value": "2.3564627170562744",
        "cumulative": false
    },
    {
        "date": "2021-02-18T07:16:36.471Z",
        "value": "2.356154203414917",
        "cumulative": false
    },
    {
        "date": "2021-02-18T07:20:56.550Z",
        "value": "2.3281075954437256",
        "cumulative": false
    },
    {
        "date": "2021-02-18T07:25:11.779Z",
        "value": "2.331418991088867",
        "cumulative": false
    },
    {
        "date": "2021-02-18T07:29:27.811Z",
        "value": "2.331895589828491",
        "cumulative": false
    },
    {
        "date": "2021-02-18T07:33:48.860Z",
        "value": "2.337275743484497",
        "cumulative": false
    },
    {
        "date": "2021-02-18T07:38:07.193Z",
        "value": "2.324408769607544",
        "cumulative": false
    },
    {
        "date": "2021-02-18T07:42:24.827Z",
        "value": "2.3547396659851074",
        "cumulative": false
    },
    {
        "date": "2021-02-18T07:46:45.819Z",
        "value": "2.3180172443389893",
        "cumulative": false
    },
    {
        "date": "2021-02-18T07:51:01.509Z",
        "value": "2.3662564754486084",
        "cumulative": false
    },
    {
        "date": "2021-02-18T07:55:26.545Z",
        "value": "2.351813316345215",
        "cumulative": false
    },
    {
        "date": "2021-02-18T07:59:41.646Z",
        "value": "2.3565399646759033",
        "cumulative": false
    },
    {
        "date": "2021-02-18T08:03:57.942Z",
        "value": "2.3368451595306396",
        "cumulative": false
    },
    {
        "date": "2021-02-18T08:08:24.264Z",
        "value": "2.3388559818267822",
        "cumulative": false
    },
    {
        "date": "2021-02-18T08:12:39.206Z",
        "value": "2.3432090282440186",
        "cumulative": false
    }
]