[
    {
        "date": "2021-02-17T11:06:28.326Z",
        "value": "2.1582765579223633",
        "cumulative": false
    },
    {
        "date": "2021-02-17T11:10:37.364Z",
        "value": "2.141672134399414",
        "cumulative": false
    },
    {
        "date": "2021-02-17T11:14:47.533Z",
        "value": "2.1262588500976562",
        "cumulative": false
    },
    {
        "date": "2021-02-17T11:18:55.077Z",
        "value": "2.0869996547698975",
        "cumulative": false
    },
    {
        "date": "2021-02-17T11:23:03.050Z",
        "value": "2.1748931407928467",
        "cumulative": false
    },
    {
        "date": "2021-02-17T11:27:11.291Z",
        "value": "2.1223678588867188",
        "cumulative": false
    },
    {
        "date": "2021-02-17T11:31:22.151Z",
        "value": "2.1311116218566895",
        "cumulative": false
    },
    {
        "date": "2021-02-17T11:35:33.523Z",
        "value": "2.126366138458252",
        "cumulative": false
    },
    {
        "date": "2021-02-17T11:39:40.733Z",
        "value": "2.130345344543457",
        "cumulative": false
    },
    {
        "date": "2021-02-17T11:43:52.357Z",
        "value": "2.2170333862304688",
        "cumulative": false
    },
    {
        "date": "2021-02-17T11:47:59.351Z",
        "value": "2.1595113277435303",
        "cumulative": false
    },
    {
        "date": "2021-02-17T11:52:00.085Z",
        "value": "2.1113288402557373",
        "cumulative": false
    },
    {
        "date": "2021-02-17T11:56:06.624Z",
        "value": "2.1122710704803467",
        "cumulative": false
    },
    {
        "date": "2021-02-17T12:00:15.231Z",
        "value": "2.232102632522583",
        "cumulative": false
    },
    {
        "date": "2021-02-17T12:04:28.379Z",
        "value": "2.179849624633789",
        "cumulative": false
    },
    {
        "date": "2021-02-17T12:08:36.521Z",
        "value": "2.1403141021728516",
        "cumulative": false
    },
    {
        "date": "2021-02-17T12:12:45.045Z",
        "value": "2.1683125495910645",
        "cumulative": false
    },
    {
        "date": "2021-02-17T12:16:54.477Z",
        "value": "2.150796890258789",
        "cumulative": false
    },
    {
        "date": "2021-02-17T12:20:59.820Z",
        "value": "2.1137540340423584",
        "cumulative": false
    },
    {
        "date": "2021-02-17T12:25:02.242Z",
        "value": "2.152892827987671",
        "cumulative": false
    },
    {
        "date": "2021-02-17T12:29:04.844Z",
        "value": "2.127892255783081",
        "cumulative": false
    },
    {
        "date": "2021-02-17T12:33:12.933Z",
        "value": "2.1363537311553955",
        "cumulative": false
    },
    {
        "date": "2021-02-17T12:37:25.557Z",
        "value": "2.138979196548462",
        "cumulative": false
    },
    {
        "date": "2021-02-17T12:41:36.844Z",
        "value": "2.114871025085449",
        "cumulative": false
    },
    {
        "date": "2021-02-17T12:45:46.307Z",
        "value": "2.0808956623077393",
        "cumulative": false
    },
    {
        "date": "2021-02-17T12:49:57.046Z",
        "value": "2.1481823921203613",
        "cumulative": false
    },
    {
        "date": "2021-02-17T12:54:03.738Z",
        "value": "2.126983642578125",
        "cumulative": false
    },
    {
        "date": "2021-02-17T12:58:17.622Z",
        "value": "2.123756170272827",
        "cumulative": false
    },
    {
        "date": "2021-02-17T13:02:24.661Z",
        "value": "2.1344826221466064",
        "cumulative": false
    },
    {
        "date": "2021-02-17T13:06:30.769Z",
        "value": "2.1640267372131348",
        "cumulative": false
    },
    {
        "date": "2021-02-17T13:10:42.774Z",
        "value": "2.158379077911377",
        "cumulative": false
    },
    {
        "date": "2021-02-17T13:14:51.006Z",
        "value": "2.114312171936035",
        "cumulative": false
    },
    {
        "date": "2021-02-17T13:18:59.748Z",
        "value": "2.137401819229126",
        "cumulative": false
    },
    {
        "date": "2021-02-17T13:23:05.112Z",
        "value": "2.148172378540039",
        "cumulative": false
    },
    {
        "date": "2021-02-17T13:27:14.861Z",
        "value": "2.151226758956909",
        "cumulative": false
    },
    {
        "date": "2021-02-17T13:31:27.354Z",
        "value": "2.1240649223327637",
        "cumulative": false
    },
    {
        "date": "2021-02-17T13:35:35.633Z",
        "value": "2.1395976543426514",
        "cumulative": false
    },
    {
        "date": "2021-02-17T13:39:43.667Z",
        "value": "2.1885228157043457",
        "cumulative": false
    },
    {
        "date": "2021-02-17T13:43:50.064Z",
        "value": "2.1299140453338623",
        "cumulative": false
    },
    {
        "date": "2021-02-17T13:48:01.376Z",
        "value": "2.1389238834381104",
        "cumulative": false
    },
    {
        "date": "2021-02-17T13:52:19.540Z",
        "value": "2.151893138885498",
        "cumulative": false
    },
    {
        "date": "2021-02-17T13:56:32.138Z",
        "value": "2.1518938541412354",
        "cumulative": false
    },
    {
        "date": "2021-02-17T14:00:41.332Z",
        "value": "2.121394157409668",
        "cumulative": false
    },
    {
        "date": "2021-02-17T14:04:46.012Z",
        "value": "2.0904102325439453",
        "cumulative": false
    },
    {
        "date": "2021-02-17T14:08:53.208Z",
        "value": "2.1044301986694336",
        "cumulative": false
    },
    {
        "date": "2021-02-17T14:13:04.859Z",
        "value": "2.1276087760925293",
        "cumulative": false
    },
    {
        "date": "2021-02-17T14:17:11.923Z",
        "value": "2.1773900985717773",
        "cumulative": false
    },
    {
        "date": "2021-02-17T14:21:26.451Z",
        "value": "2.1628148555755615",
        "cumulative": false
    },
    {
        "date": "2021-02-17T14:25:32.458Z",
        "value": "2.0862293243408203",
        "cumulative": false
    },
    {
        "date": "2021-02-17T14:29:43.077Z",
        "value": "2.1397860050201416",
        "cumulative": false
    },
    {
        "date": "2021-02-17T14:33:51.632Z",
        "value": "2.184889078140259",
        "cumulative": false
    },
    {
        "date": "2021-02-17T14:37:59.102Z",
        "value": "2.135294198989868",
        "cumulative": false
    },
    {
        "date": "2021-02-17T14:42:12.495Z",
        "value": "2.104093551635742",
        "cumulative": false
    },
    {
        "date": "2021-02-17T14:46:25.846Z",
        "value": "2.099825620651245",
        "cumulative": false
    },
    {
        "date": "2021-02-17T14:50:39.244Z",
        "value": "2.1782243251800537",
        "cumulative": false
    },
    {
        "date": "2021-02-17T14:54:54.833Z",
        "value": "2.13847279548645",
        "cumulative": false
    },
    {
        "date": "2021-02-17T14:59:01.992Z",
        "value": "2.086751699447632",
        "cumulative": false
    },
    {
        "date": "2021-02-17T15:03:19.135Z",
        "value": "2.1104695796966553",
        "cumulative": false
    },
    {
        "date": "2021-02-17T15:07:30.521Z",
        "value": "2.1562256813049316",
        "cumulative": false
    },
    {
        "date": "2021-02-17T15:11:37.460Z",
        "value": "2.1407392024993896",
        "cumulative": false
    },
    {
        "date": "2021-02-17T15:15:55.723Z",
        "value": "2.1213836669921875",
        "cumulative": false
    },
    {
        "date": "2021-02-17T15:20:13.080Z",
        "value": "2.13270902633667",
        "cumulative": false
    },
    {
        "date": "2021-02-17T15:24:21.722Z",
        "value": "2.186105251312256",
        "cumulative": false
    },
    {
        "date": "2021-02-17T15:28:41.189Z",
        "value": "2.171023368835449",
        "cumulative": false
    },
    {
        "date": "2021-02-17T15:32:51.674Z",
        "value": "2.1213436126708984",
        "cumulative": false
    },
    {
        "date": "2021-02-17T15:37:11.106Z",
        "value": "2.1301400661468506",
        "cumulative": false
    },
    {
        "date": "2021-02-17T15:41:22.545Z",
        "value": "2.1697254180908203",
        "cumulative": false
    },
    {
        "date": "2021-02-17T15:45:34.787Z",
        "value": "2.1154725551605225",
        "cumulative": false
    },
    {
        "date": "2021-02-17T15:49:52.320Z",
        "value": "2.0914928913116455",
        "cumulative": false
    },
    {
        "date": "2021-02-17T15:54:11.702Z",
        "value": "2.120455265045166",
        "cumulative": false
    },
    {
        "date": "2021-02-17T15:58:26.569Z",
        "value": "2.2146005630493164",
        "cumulative": false
    },
    {
        "date": "2021-02-17T16:02:35.537Z",
        "value": "2.1541662216186523",
        "cumulative": false
    },
    {
        "date": "2021-02-17T16:06:52.198Z",
        "value": "2.1136527061462402",
        "cumulative": false
    },
    {
        "date": "2021-02-17T16:11:03.374Z",
        "value": "2.13457989692688",
        "cumulative": false
    },
    {
        "date": "2021-02-17T16:15:19.414Z",
        "value": "2.1751177310943604",
        "cumulative": false
    },
    {
        "date": "2021-02-17T16:19:39.789Z",
        "value": "2.132664680480957",
        "cumulative": false
    },
    {
        "date": "2021-02-17T16:23:59.864Z",
        "value": "2.0789718627929688",
        "cumulative": false
    },
    {
        "date": "2021-02-17T16:28:18.346Z",
        "value": "2.094923257827759",
        "cumulative": false
    },
    {
        "date": "2021-02-17T16:32:33.295Z",
        "value": "2.1627795696258545",
        "cumulative": false
    },
    {
        "date": "2021-02-17T16:36:45.833Z",
        "value": "2.0983166694641113",
        "cumulative": false
    },
    {
        "date": "2021-02-17T16:40:57.171Z",
        "value": "2.0859251022338867",
        "cumulative": false
    },
    {
        "date": "2021-02-17T16:45:11.943Z",
        "value": "2.115055799484253",
        "cumulative": false
    },
    {
        "date": "2021-02-17T16:49:29.979Z",
        "value": "2.1784229278564453",
        "cumulative": false
    },
    {
        "date": "2021-02-17T16:53:46.845Z",
        "value": "2.1318297386169434",
        "cumulative": false
    },
    {
        "date": "2021-02-17T16:57:56.587Z",
        "value": "2.119642734527588",
        "cumulative": false
    },
    {
        "date": "2021-02-17T17:02:08.201Z",
        "value": "2.0839877128601074",
        "cumulative": false
    },
    {
        "date": "2021-02-17T17:06:26.346Z",
        "value": "2.180342197418213",
        "cumulative": false
    },
    {
        "date": "2021-02-17T17:10:50.368Z",
        "value": "2.1801035404205322",
        "cumulative": false
    },
    {
        "date": "2021-02-17T17:15:06.195Z",
        "value": "2.063171863555908",
        "cumulative": false
    },
    {
        "date": "2021-02-17T17:19:21.288Z",
        "value": "2.0810492038726807",
        "cumulative": false
    },
    {
        "date": "2021-02-17T17:23:34.365Z",
        "value": "2.1862175464630127",
        "cumulative": false
    },
    {
        "date": "2021-02-17T17:27:44.377Z",
        "value": "2.0989105701446533",
        "cumulative": false
    },
    {
        "date": "2021-02-17T17:32:03.249Z",
        "value": "2.122359275817871",
        "cumulative": false
    },
    {
        "date": "2021-02-17T17:36:22.877Z",
        "value": "2.119812250137329",
        "cumulative": false
    },
    {
        "date": "2021-02-17T17:40:40.012Z",
        "value": "2.169132947921753",
        "cumulative": false
    },
    {
        "date": "2021-02-17T17:44:57.556Z",
        "value": "2.1181600093841553",
        "cumulative": false
    },
    {
        "date": "2021-02-17T17:49:10.842Z",
        "value": "2.100950002670288",
        "cumulative": false
    },
    {
        "date": "2021-02-17T17:53:24.891Z",
        "value": "2.114682197570801",
        "cumulative": false
    },
    {
        "date": "2021-02-17T17:57:41.388Z",
        "value": "2.1024820804595947",
        "cumulative": false
    },
    {
        "date": "2021-02-17T18:01:57.786Z",
        "value": "2.158069372177124",
        "cumulative": false
    },
    {
        "date": "2021-02-17T18:06:15.861Z",
        "value": "2.1102662086486816",
        "cumulative": false
    },
    {
        "date": "2021-02-17T18:10:38.088Z",
        "value": "2.155733585357666",
        "cumulative": false
    },
    {
        "date": "2021-02-17T18:14:56.706Z",
        "value": "2.1069369316101074",
        "cumulative": false
    },
    {
        "date": "2021-02-17T18:19:09.367Z",
        "value": "2.1543049812316895",
        "cumulative": false
    },
    {
        "date": "2021-02-17T18:23:20.801Z",
        "value": "2.1346352100372314",
        "cumulative": false
    },
    {
        "date": "2021-02-17T18:27:35.474Z",
        "value": "2.0759429931640625",
        "cumulative": false
    },
    {
        "date": "2021-02-17T18:31:54.580Z",
        "value": "2.133380651473999",
        "cumulative": false
    },
    {
        "date": "2021-02-17T18:36:09.422Z",
        "value": "2.1535942554473877",
        "cumulative": false
    },
    {
        "date": "2021-02-17T18:40:30.449Z",
        "value": "2.1331560611724854",
        "cumulative": false
    },
    {
        "date": "2021-02-17T18:44:46.753Z",
        "value": "2.0857269763946533",
        "cumulative": false
    },
    {
        "date": "2021-02-17T18:48:59.485Z",
        "value": "2.1021525859832764",
        "cumulative": false
    },
    {
        "date": "2021-02-17T18:53:11.017Z",
        "value": "2.136643171310425",
        "cumulative": false
    },
    {
        "date": "2021-02-17T18:57:25.307Z",
        "value": "2.1620731353759766",
        "cumulative": false
    },
    {
        "date": "2021-02-17T19:01:46.235Z",
        "value": "2.112290382385254",
        "cumulative": false
    },
    {
        "date": "2021-02-17T19:06:06.245Z",
        "value": "2.131960153579712",
        "cumulative": false
    },
    {
        "date": "2021-02-17T19:10:23.691Z",
        "value": "2.1738691329956055",
        "cumulative": false
    },
    {
        "date": "2021-02-17T19:14:37.992Z",
        "value": "2.1239161491394043",
        "cumulative": false
    },
    {
        "date": "2021-02-17T19:18:54.652Z",
        "value": "2.127811908721924",
        "cumulative": false
    },
    {
        "date": "2021-02-17T19:23:08.442Z",
        "value": "2.1490883827209473",
        "cumulative": false
    },
    {
        "date": "2021-02-17T19:27:23.477Z",
        "value": "2.189215898513794",
        "cumulative": false
    },
    {
        "date": "2021-02-17T19:31:42.326Z",
        "value": "2.126300573348999",
        "cumulative": false
    },
    {
        "date": "2021-02-17T19:35:57.200Z",
        "value": "2.0782129764556885",
        "cumulative": false
    },
    {
        "date": "2021-02-17T19:40:14.734Z",
        "value": "2.15635347366333",
        "cumulative": false
    },
    {
        "date": "2021-02-17T19:44:31.829Z",
        "value": "2.1720213890075684",
        "cumulative": false
    },
    {
        "date": "2021-02-17T19:48:42.186Z",
        "value": "2.108729839324951",
        "cumulative": false
    },
    {
        "date": "2021-02-17T19:52:58.435Z",
        "value": "2.088477611541748",
        "cumulative": false
    },
    {
        "date": "2021-02-17T19:57:15.361Z",
        "value": "2.1188461780548096",
        "cumulative": false
    },
    {
        "date": "2021-02-17T20:01:27.368Z",
        "value": "2.199080228805542",
        "cumulative": false
    },
    {
        "date": "2021-02-17T20:05:46.350Z",
        "value": "2.146655321121216",
        "cumulative": false
    },
    {
        "date": "2021-02-17T20:09:55.385Z",
        "value": "2.1349241733551025",
        "cumulative": false
    },
    {
        "date": "2021-02-17T20:14:13.260Z",
        "value": "2.1246695518493652",
        "cumulative": false
    },
    {
        "date": "2021-02-17T20:18:27.876Z",
        "value": "2.1867666244506836",
        "cumulative": false
    },
    {
        "date": "2021-02-17T20:22:40.454Z",
        "value": "2.132417917251587",
        "cumulative": false
    },
    {
        "date": "2021-02-17T20:26:58.132Z",
        "value": "2.1180849075317383",
        "cumulative": false
    },
    {
        "date": "2021-02-17T20:31:08.475Z",
        "value": "2.16507625579834",
        "cumulative": false
    },
    {
        "date": "2021-02-17T20:35:24.429Z",
        "value": "2.1458961963653564",
        "cumulative": false
    },
    {
        "date": "2021-02-17T20:39:42.249Z",
        "value": "2.142096757888794",
        "cumulative": false
    },
    {
        "date": "2021-02-17T20:43:57.697Z",
        "value": "2.1011643409729004",
        "cumulative": false
    },
    {
        "date": "2021-02-17T20:48:15.156Z",
        "value": "2.103329658508301",
        "cumulative": false
    },
    {
        "date": "2021-02-17T20:52:29.988Z",
        "value": "2.165403366088867",
        "cumulative": false
    },
    {
        "date": "2021-02-17T20:56:48.969Z",
        "value": "2.140536069869995",
        "cumulative": false
    },
    {
        "date": "2021-02-17T21:01:06.747Z",
        "value": "2.0871593952178955",
        "cumulative": false
    },
    {
        "date": "2021-02-17T21:05:20.108Z",
        "value": "2.081564426422119",
        "cumulative": false
    },
    {
        "date": "2021-02-17T21:09:40.222Z",
        "value": "2.1068637371063232",
        "cumulative": false
    },
    {
        "date": "2021-02-17T21:13:56.493Z",
        "value": "2.1621689796447754",
        "cumulative": false
    },
    {
        "date": "2021-02-17T21:18:07.599Z",
        "value": "2.1287877559661865",
        "cumulative": false
    },
    {
        "date": "2021-02-17T21:22:24.744Z",
        "value": "2.090085029602051",
        "cumulative": false
    },
    {
        "date": "2021-02-17T21:26:42.396Z",
        "value": "2.1070444583892822",
        "cumulative": false
    },
    {
        "date": "2021-02-17T21:30:57.987Z",
        "value": "2.1928341388702393",
        "cumulative": false
    },
    {
        "date": "2021-02-17T21:35:09.915Z",
        "value": "2.15909481048584",
        "cumulative": false
    },
    {
        "date": "2021-02-17T21:39:30.409Z",
        "value": "2.0832929611206055",
        "cumulative": false
    },
    {
        "date": "2021-02-17T21:43:43.711Z",
        "value": "2.108368396759033",
        "cumulative": false
    },
    {
        "date": "2021-02-17T21:47:59.325Z",
        "value": "2.174668312072754",
        "cumulative": false
    },
    {
        "date": "2021-02-17T21:52:15.100Z",
        "value": "2.126530885696411",
        "cumulative": false
    },
    {
        "date": "2021-02-17T21:56:28.014Z",
        "value": "2.1300735473632812",
        "cumulative": false
    },
    {
        "date": "2021-02-17T22:00:44.269Z",
        "value": "2.0703253746032715",
        "cumulative": false
    },
    {
        "date": "2021-02-17T22:04:59.781Z",
        "value": "2.1992669105529785",
        "cumulative": false
    },
    {
        "date": "2021-02-17T22:09:17.525Z",
        "value": "2.112143039703369",
        "cumulative": false
    },
    {
        "date": "2021-02-17T22:13:35.989Z",
        "value": "2.103121757507324",
        "cumulative": false
    },
    {
        "date": "2021-02-17T22:17:47.879Z",
        "value": "2.143101692199707",
        "cumulative": false
    },
    {
        "date": "2021-02-17T22:22:05.349Z",
        "value": "2.1770143508911133",
        "cumulative": false
    },
    {
        "date": "2021-02-17T22:26:18.824Z",
        "value": "2.1051506996154785",
        "cumulative": false
    },
    {
        "date": "2021-02-17T22:30:36.529Z",
        "value": "2.1695034503936768",
        "cumulative": false
    },
    {
        "date": "2021-02-17T22:34:52.224Z",
        "value": "2.102856397628784",
        "cumulative": false
    },
    {
        "date": "2021-02-17T22:39:05.298Z",
        "value": "2.1691575050354004",
        "cumulative": false
    },
    {
        "date": "2021-02-17T22:43:21.479Z",
        "value": "2.1033430099487305",
        "cumulative": false
    },
    {
        "date": "2021-02-17T22:47:35.205Z",
        "value": "2.11175537109375",
        "cumulative": false
    },
    {
        "date": "2021-02-17T22:51:54.598Z",
        "value": "2.1021313667297363",
        "cumulative": false
    },
    {
        "date": "2021-02-17T22:56:07.838Z",
        "value": "2.0958926677703857",
        "cumulative": false
    },
    {
        "date": "2021-02-17T23:00:20.109Z",
        "value": "2.203774929046631",
        "cumulative": false
    },
    {
        "date": "2021-02-17T23:04:37.742Z",
        "value": "2.125445604324341",
        "cumulative": false
    },
    {
        "date": "2021-02-17T23:08:52.821Z",
        "value": "2.141618013381958",
        "cumulative": false
    },
    {
        "date": "2021-02-17T23:13:07.518Z",
        "value": "2.1634182929992676",
        "cumulative": false
    },
    {
        "date": "2021-02-17T23:17:24.050Z",
        "value": "2.1215767860412598",
        "cumulative": false
    },
    {
        "date": "2021-02-17T23:21:36.391Z",
        "value": "2.1244492530822754",
        "cumulative": false
    },
    {
        "date": "2021-02-17T23:25:52.884Z",
        "value": "2.10455060005188",
        "cumulative": false
    },
    {
        "date": "2021-02-17T23:30:10.164Z",
        "value": "2.1266894340515137",
        "cumulative": false
    },
    {
        "date": "2021-02-17T23:34:23.622Z",
        "value": "2.1881604194641113",
        "cumulative": false
    },
    {
        "date": "2021-02-17T23:38:45.043Z",
        "value": "2.1405680179595947",
        "cumulative": false
    },
    {
        "date": "2021-02-17T23:43:04.268Z",
        "value": "2.0838851928710938",
        "cumulative": false
    },
    {
        "date": "2021-02-17T23:47:17.852Z",
        "value": "2.2317097187042236",
        "cumulative": false
    },
    {
        "date": "2021-02-17T23:51:39.268Z",
        "value": "2.1802611351013184",
        "cumulative": false
    },
    {
        "date": "2021-02-17T23:55:52.645Z",
        "value": "2.1202287673950195",
        "cumulative": false
    },
    {
        "date": "2021-02-18T00:00:12.222Z",
        "value": "2.111785888671875",
        "cumulative": false
    },
    {
        "date": "2021-02-18T00:04:25.106Z",
        "value": "2.195777654647827",
        "cumulative": false
    },
    {
        "date": "2021-02-18T00:08:38.629Z",
        "value": "2.1321568489074707",
        "cumulative": false
    },
    {
        "date": "2021-02-18T00:12:59.663Z",
        "value": "2.0881025791168213",
        "cumulative": false
    },
    {
        "date": "2021-02-18T00:17:13.045Z",
        "value": "2.1377882957458496",
        "cumulative": false
    },
    {
        "date": "2021-02-18T00:21:31.771Z",
        "value": "2.1211252212524414",
        "cumulative": false
    },
    {
        "date": "2021-02-18T00:25:54.655Z",
        "value": "2.23348331451416",
        "cumulative": false
    },
    {
        "date": "2021-02-18T00:30:05.049Z",
        "value": "2.1220104694366455",
        "cumulative": false
    },
    {
        "date": "2021-02-18T00:34:15.920Z",
        "value": "2.1152095794677734",
        "cumulative": false
    },
    {
        "date": "2021-02-18T00:38:29.152Z",
        "value": "2.0757548809051514",
        "cumulative": false
    },
    {
        "date": "2021-02-18T00:42:49.761Z",
        "value": "2.171172857284546",
        "cumulative": false
    },
    {
        "date": "2021-02-18T00:47:05.767Z",
        "value": "2.120692253112793",
        "cumulative": false
    },
    {
        "date": "2021-02-18T00:51:21.868Z",
        "value": "2.0635786056518555",
        "cumulative": false
    },
    {
        "date": "2021-02-18T00:55:37.069Z",
        "value": "2.1099624633789062",
        "cumulative": false
    },
    {
        "date": "2021-02-18T00:59:48.419Z",
        "value": "2.1911041736602783",
        "cumulative": false
    },
    {
        "date": "2021-02-18T01:04:05.011Z",
        "value": "2.137575149536133",
        "cumulative": false
    },
    {
        "date": "2021-02-18T01:08:21.504Z",
        "value": "2.131655693054199",
        "cumulative": false
    },
    {
        "date": "2021-02-18T01:12:37.799Z",
        "value": "2.1229472160339355",
        "cumulative": false
    },
    {
        "date": "2021-02-18T01:16:58.160Z",
        "value": "2.2097644805908203",
        "cumulative": false
    },
    {
        "date": "2021-02-18T01:21:13.064Z",
        "value": "2.1574840545654297",
        "cumulative": false
    },
    {
        "date": "2021-02-18T01:25:32.967Z",
        "value": "2.105302095413208",
        "cumulative": false
    },
    {
        "date": "2021-02-18T01:29:48.085Z",
        "value": "2.1317858695983887",
        "cumulative": false
    },
    {
        "date": "2021-02-18T01:34:07.119Z",
        "value": "2.2218897342681885",
        "cumulative": false
    },
    {
        "date": "2021-02-18T01:38:22.648Z",
        "value": "2.146453380584717",
        "cumulative": false
    },
    {
        "date": "2021-02-18T01:42:40.413Z",
        "value": "2.1186649799346924",
        "cumulative": false
    },
    {
        "date": "2021-02-18T01:46:56.627Z",
        "value": "2.099996328353882",
        "cumulative": false
    },
    {
        "date": "2021-02-18T01:51:13.079Z",
        "value": "2.1920108795166016",
        "cumulative": false
    },
    {
        "date": "2021-02-18T01:55:32.609Z",
        "value": "2.1504569053649902",
        "cumulative": false
    },
    {
        "date": "2021-02-18T01:59:49.041Z",
        "value": "2.1037347316741943",
        "cumulative": false
    },
    {
        "date": "2021-02-18T02:04:02.925Z",
        "value": "2.1299049854278564",
        "cumulative": false
    },
    {
        "date": "2021-02-18T02:08:19.512Z",
        "value": "2.1885926723480225",
        "cumulative": false
    },
    {
        "date": "2021-02-18T02:12:33.613Z",
        "value": "2.1097004413604736",
        "cumulative": false
    },
    {
        "date": "2021-02-18T02:16:49.650Z",
        "value": "2.115302562713623",
        "cumulative": false
    },
    {
        "date": "2021-02-18T02:21:05.900Z",
        "value": "2.099825382232666",
        "cumulative": false
    },
    {
        "date": "2021-02-18T02:25:29.580Z",
        "value": "2.184457540512085",
        "cumulative": false
    },
    {
        "date": "2021-02-18T02:29:44.463Z",
        "value": "2.129089593887329",
        "cumulative": false
    },
    {
        "date": "2021-02-18T02:33:56.840Z",
        "value": "2.0583713054656982",
        "cumulative": false
    },
    {
        "date": "2021-02-18T02:38:15.267Z",
        "value": "2.1003258228302",
        "cumulative": false
    },
    {
        "date": "2021-02-18T02:42:36.338Z",
        "value": "2.121107578277588",
        "cumulative": false
    },
    {
        "date": "2021-02-18T02:46:55.216Z",
        "value": "2.08085560798645",
        "cumulative": false
    },
    {
        "date": "2021-02-18T02:51:05.603Z",
        "value": "2.0209195613861084",
        "cumulative": false
    },
    {
        "date": "2021-02-18T02:55:14.746Z",
        "value": "2.0568501949310303",
        "cumulative": false
    },
    {
        "date": "2021-02-18T02:59:26.902Z",
        "value": "2.1351091861724854",
        "cumulative": false
    },
    {
        "date": "2021-02-18T03:03:43.021Z",
        "value": "2.0630054473876953",
        "cumulative": false
    },
    {
        "date": "2021-02-18T03:08:01.080Z",
        "value": "2.0324196815490723",
        "cumulative": false
    },
    {
        "date": "2021-02-18T03:12:22.319Z",
        "value": "2.092331647872925",
        "cumulative": false
    },
    {
        "date": "2021-02-18T03:16:38.244Z",
        "value": "2.0179922580718994",
        "cumulative": false
    },
    {
        "date": "2021-02-18T03:20:57.085Z",
        "value": "2.106335401535034",
        "cumulative": false
    },
    {
        "date": "2021-02-18T03:25:17.708Z",
        "value": "2.0292434692382812",
        "cumulative": false
    },
    {
        "date": "2021-02-18T03:29:36.696Z",
        "value": "2.023488998413086",
        "cumulative": false
    },
    {
        "date": "2021-02-18T03:33:55.321Z",
        "value": "2.0072622299194336",
        "cumulative": false
    },
    {
        "date": "2021-02-18T03:38:14.940Z",
        "value": "2.0933361053466797",
        "cumulative": false
    },
    {
        "date": "2021-02-18T03:42:33.105Z",
        "value": "2.003140926361084",
        "cumulative": false
    },
    {
        "date": "2021-02-18T03:46:50.226Z",
        "value": "2.006553888320923",
        "cumulative": false
    },
    {
        "date": "2021-02-18T03:51:03.405Z",
        "value": "1.9957990646362305",
        "cumulative": false
    },
    {
        "date": "2021-02-18T03:55:15.416Z",
        "value": "2.08949875831604",
        "cumulative": false
    },
    {
        "date": "2021-02-18T03:59:22.038Z",
        "value": "2.0320932865142822",
        "cumulative": false
    },
    {
        "date": "2021-02-18T04:03:31.475Z",
        "value": "2.0025880336761475",
        "cumulative": false
    },
    {
        "date": "2021-02-18T04:07:48.150Z",
        "value": "1.963017463684082",
        "cumulative": false
    },
    {
        "date": "2021-02-18T04:12:03.025Z",
        "value": "2.086580991744995",
        "cumulative": false
    },
    {
        "date": "2021-02-18T04:16:16.351Z",
        "value": "2.0266709327697754",
        "cumulative": false
    },
    {
        "date": "2021-02-18T04:20:31.333Z",
        "value": "1.9939029216766357",
        "cumulative": false
    },
    {
        "date": "2021-02-18T04:24:45.650Z",
        "value": "1.9786782264709473",
        "cumulative": false
    },
    {
        "date": "2021-02-18T04:28:58.242Z",
        "value": "2.0642058849334717",
        "cumulative": false
    },
    {
        "date": "2021-02-18T04:33:13.693Z",
        "value": "2.005558967590332",
        "cumulative": false
    },
    {
        "date": "2021-02-18T04:37:26.903Z",
        "value": "1.9911973476409912",
        "cumulative": false
    },
    {
        "date": "2021-02-18T04:41:40.671Z",
        "value": "2.0156478881835938",
        "cumulative": false
    },
    {
        "date": "2021-02-18T04:45:53.469Z",
        "value": "2.076270580291748",
        "cumulative": false
    },
    {
        "date": "2021-02-18T04:50:06.205Z",
        "value": "1.9761128425598145",
        "cumulative": false
    },
    {
        "date": "2021-02-18T04:54:21.728Z",
        "value": "2.0016820430755615",
        "cumulative": false
    },
    {
        "date": "2021-02-18T04:58:34.492Z",
        "value": "1.9907410144805908",
        "cumulative": false
    },
    {
        "date": "2021-02-18T05:02:52.973Z",
        "value": "1.9876484870910645",
        "cumulative": false
    },
    {
        "date": "2021-02-18T05:07:12.126Z",
        "value": "2.1109766960144043",
        "cumulative": false
    },
    {
        "date": "2021-02-18T05:11:35.210Z",
        "value": "2.0260672569274902",
        "cumulative": false
    },
    {
        "date": "2021-02-18T05:15:53.909Z",
        "value": "2.0174503326416016",
        "cumulative": false
    },
    {
        "date": "2021-02-18T05:20:06.463Z",
        "value": "2.118595838546753",
        "cumulative": false
    },
    {
        "date": "2021-02-18T05:24:19.503Z",
        "value": "1.9984767436981201",
        "cumulative": false
    },
    {
        "date": "2021-02-18T05:28:34.591Z",
        "value": "2.0281286239624023",
        "cumulative": false
    },
    {
        "date": "2021-02-18T05:32:50.828Z",
        "value": "1.9849822521209717",
        "cumulative": false
    },
    {
        "date": "2021-02-18T05:37:08.424Z",
        "value": "2.021806001663208",
        "cumulative": false
    },
    {
        "date": "2021-02-18T05:41:25.343Z",
        "value": "2.1313939094543457",
        "cumulative": false
    },
    {
        "date": "2021-02-18T05:45:40.414Z",
        "value": "2.0877020359039307",
        "cumulative": false
    },
    {
        "date": "2021-02-18T05:50:02.762Z",
        "value": "2.0415196418762207",
        "cumulative": false
    },
    {
        "date": "2021-02-18T05:54:22.811Z",
        "value": "2.10406494140625",
        "cumulative": false
    },
    {
        "date": "2021-02-18T05:58:49.586Z",
        "value": "2.077033281326294",
        "cumulative": false
    },
    {
        "date": "2021-02-18T06:03:08.672Z",
        "value": "2.039807081222534",
        "cumulative": false
    },
    {
        "date": "2021-02-18T06:07:27.659Z",
        "value": "2.0678679943084717",
        "cumulative": false
    },
    {
        "date": "2021-02-18T06:11:44.332Z",
        "value": "2.0178017616271973",
        "cumulative": false
    },
    {
        "date": "2021-02-18T06:16:06.207Z",
        "value": "2.1425018310546875",
        "cumulative": false
    },
    {
        "date": "2021-02-18T06:20:28.801Z",
        "value": "2.065920829772949",
        "cumulative": false
    },
    {
        "date": "2021-02-18T06:24:51.065Z",
        "value": "2.039308547973633",
        "cumulative": false
    },
    {
        "date": "2021-02-18T06:29:16.730Z",
        "value": "2.027914047241211",
        "cumulative": false
    },
    {
        "date": "2021-02-18T06:33:37.248Z",
        "value": "2.098180055618286",
        "cumulative": false
    },
    {
        "date": "2021-02-18T06:37:57.531Z",
        "value": "2.024445056915283",
        "cumulative": false
    },
    {
        "date": "2021-02-18T06:42:17.043Z",
        "value": "1.9889090061187744",
        "cumulative": false
    },
    {
        "date": "2021-02-18T06:46:37.050Z",
        "value": "2.0075013637542725",
        "cumulative": false
    },
    {
        "date": "2021-02-18T06:50:55.347Z",
        "value": "2.1892783641815186",
        "cumulative": false
    },
    {
        "date": "2021-02-18T06:55:14.778Z",
        "value": "2.0981357097625732",
        "cumulative": false
    },
    {
        "date": "2021-02-18T06:59:31.374Z",
        "value": "2.0829639434814453",
        "cumulative": false
    },
    {
        "date": "2021-02-18T07:03:42.117Z",
        "value": "2.10365891456604",
        "cumulative": false
    },
    {
        "date": "2021-02-18T07:08:03.098Z",
        "value": "2.197676658630371",
        "cumulative": false
    },
    {
        "date": "2021-02-18T07:12:23.257Z",
        "value": "2.1540496349334717",
        "cumulative": false
    },
    {
        "date": "2021-02-18T07:16:36.472Z",
        "value": "2.1446444988250732",
        "cumulative": false
    },
    {
        "date": "2021-02-18T07:20:56.550Z",
        "value": "2.116548776626587",
        "cumulative": false
    },
    {
        "date": "2021-02-18T07:25:11.779Z",
        "value": "2.1839325428009033",
        "cumulative": false
    },
    {
        "date": "2021-02-18T07:29:27.810Z",
        "value": "2.1249966621398926",
        "cumulative": false
    },
    {
        "date": "2021-02-18T07:33:48.860Z",
        "value": "2.114828586578369",
        "cumulative": false
    },
    {
        "date": "2021-02-18T07:38:07.192Z",
        "value": "2.1036579608917236",
        "cumulative": false
    },
    {
        "date": "2021-02-18T07:42:24.828Z",
        "value": "2.2265188694000244",
        "cumulative": false
    },
    {
        "date": "2021-02-18T07:46:45.819Z",
        "value": "2.104811191558838",
        "cumulative": false
    },
    {
        "date": "2021-02-18T07:51:01.507Z",
        "value": "2.12831449508667",
        "cumulative": false
    },
    {
        "date": "2021-02-18T07:55:26.545Z",
        "value": "2.1201679706573486",
        "cumulative": false
    },
    {
        "date": "2021-02-18T07:59:41.646Z",
        "value": "2.20290470123291",
        "cumulative": false
    },
    {
        "date": "2021-02-18T08:03:57.942Z",
        "value": "2.1092824935913086",
        "cumulative": false
    },
    {
        "date": "2021-02-18T08:08:24.264Z",
        "value": "2.1297175884246826",
        "cumulative": false
    },
    {
        "date": "2021-02-18T08:12:39.206Z",
        "value": "2.0931501388549805",
        "cumulative": false
    }
]