[
    {
        "date": "2021-02-17T11:06:28.327Z",
        "value": "137.63119530677795",
        "cumulative": false
    },
    {
        "date": "2021-02-17T11:10:37.365Z",
        "value": "135.39259481430054",
        "cumulative": false
    },
    {
        "date": "2021-02-17T11:14:47.534Z",
        "value": "136.14114570617676",
        "cumulative": false
    },
    {
        "date": "2021-02-17T11:18:55.078Z",
        "value": "133.4640350341797",
        "cumulative": false
    },
    {
        "date": "2021-02-17T11:23:03.051Z",
        "value": "134.06745982170105",
        "cumulative": false
    },
    {
        "date": "2021-02-17T11:27:11.293Z",
        "value": "134.23131012916565",
        "cumulative": false
    },
    {
        "date": "2021-02-17T11:31:22.152Z",
        "value": "136.6717553138733",
        "cumulative": false
    },
    {
        "date": "2021-02-17T11:35:33.524Z",
        "value": "136.9610366821289",
        "cumulative": false
    },
    {
        "date": "2021-02-17T11:39:40.734Z",
        "value": "132.9034309387207",
        "cumulative": false
    },
    {
        "date": "2021-02-17T11:43:52.357Z",
        "value": "137.81260538101196",
        "cumulative": false
    },
    {
        "date": "2021-02-17T11:47:59.354Z",
        "value": "133.09989762306213",
        "cumulative": false
    },
    {
        "date": "2021-02-17T11:52:00.087Z",
        "value": "126.6268949508667",
        "cumulative": false
    },
    {
        "date": "2021-02-17T11:56:06.626Z",
        "value": "132.81606721878052",
        "cumulative": false
    },
    {
        "date": "2021-02-17T12:00:15.233Z",
        "value": "135.36841106414795",
        "cumulative": false
    },
    {
        "date": "2021-02-17T12:04:28.381Z",
        "value": "139.05801367759705",
        "cumulative": false
    },
    {
        "date": "2021-02-17T12:08:36.522Z",
        "value": "133.9249231815338",
        "cumulative": false
    },
    {
        "date": "2021-02-17T12:12:45.046Z",
        "value": "134.33039903640747",
        "cumulative": false
    },
    {
        "date": "2021-02-17T12:16:54.478Z",
        "value": "135.30336022377014",
        "cumulative": false
    },
    {
        "date": "2021-02-17T12:20:59.821Z",
        "value": "130.88159561157227",
        "cumulative": false
    },
    {
        "date": "2021-02-17T12:25:02.243Z",
        "value": "127.9987382888794",
        "cumulative": false
    },
    {
        "date": "2021-02-17T12:29:04.845Z",
        "value": "128.26048350334167",
        "cumulative": false
    },
    {
        "date": "2021-02-17T12:33:12.934Z",
        "value": "133.48182320594788",
        "cumulative": false
    },
    {
        "date": "2021-02-17T12:37:25.558Z",
        "value": "138.68296551704407",
        "cumulative": false
    },
    {
        "date": "2021-02-17T12:41:36.845Z",
        "value": "137.01405429840088",
        "cumulative": false
    },
    {
        "date": "2021-02-17T12:45:46.308Z",
        "value": "134.81123280525208",
        "cumulative": false
    },
    {
        "date": "2021-02-17T12:49:57.047Z",
        "value": "136.19614577293396",
        "cumulative": false
    },
    {
        "date": "2021-02-17T12:54:03.739Z",
        "value": "132.6322569847107",
        "cumulative": false
    },
    {
        "date": "2021-02-17T12:58:17.622Z",
        "value": "139.65446257591248",
        "cumulative": false
    },
    {
        "date": "2021-02-17T13:02:24.662Z",
        "value": "132.76155805587769",
        "cumulative": false
    },
    {
        "date": "2021-02-17T13:06:30.769Z",
        "value": "132.07909536361694",
        "cumulative": false
    },
    {
        "date": "2021-02-17T13:10:42.775Z",
        "value": "137.61490750312805",
        "cumulative": false
    },
    {
        "date": "2021-02-17T13:14:51.006Z",
        "value": "133.94464445114136",
        "cumulative": false
    },
    {
        "date": "2021-02-17T13:18:59.748Z",
        "value": "134.76880931854248",
        "cumulative": false
    },
    {
        "date": "2021-02-17T13:23:05.112Z",
        "value": "130.7580075263977",
        "cumulative": false
    },
    {
        "date": "2021-02-17T13:27:14.862Z",
        "value": "135.63509058952332",
        "cumulative": false
    },
    {
        "date": "2021-02-17T13:31:27.354Z",
        "value": "138.16641497612",
        "cumulative": false
    },
    {
        "date": "2021-02-17T13:35:35.633Z",
        "value": "133.97947692871094",
        "cumulative": false
    },
    {
        "date": "2021-02-17T13:39:43.667Z",
        "value": "133.5403778553009",
        "cumulative": false
    },
    {
        "date": "2021-02-17T13:43:50.065Z",
        "value": "131.6915247440338",
        "cumulative": false
    },
    {
        "date": "2021-02-17T13:48:01.377Z",
        "value": "136.92761087417603",
        "cumulative": false
    },
    {
        "date": "2021-02-17T13:52:19.541Z",
        "value": "144.1193563938141",
        "cumulative": false
    },
    {
        "date": "2021-02-17T13:56:32.138Z",
        "value": "138.3346164226532",
        "cumulative": false
    },
    {
        "date": "2021-02-17T14:00:41.332Z",
        "value": "134.61765575408936",
        "cumulative": false
    },
    {
        "date": "2021-02-17T14:04:46.012Z",
        "value": "130.280202627182",
        "cumulative": false
    },
    {
        "date": "2021-02-17T14:08:53.208Z",
        "value": "133.00882530212402",
        "cumulative": false
    },
    {
        "date": "2021-02-17T14:13:04.859Z",
        "value": "137.01615285873413",
        "cumulative": false
    },
    {
        "date": "2021-02-17T14:17:11.923Z",
        "value": "133.10776281356812",
        "cumulative": false
    },
    {
        "date": "2021-02-17T14:21:26.452Z",
        "value": "140.93606185913086",
        "cumulative": false
    },
    {
        "date": "2021-02-17T14:25:32.459Z",
        "value": "131.45202708244324",
        "cumulative": false
    },
    {
        "date": "2021-02-17T14:29:43.077Z",
        "value": "136.2918095588684",
        "cumulative": false
    },
    {
        "date": "2021-02-17T14:33:51.632Z",
        "value": "133.9386067390442",
        "cumulative": false
    },
    {
        "date": "2021-02-17T14:37:59.102Z",
        "value": "132.94637393951416",
        "cumulative": false
    },
    {
        "date": "2021-02-17T14:42:12.495Z",
        "value": "138.87997841835022",
        "cumulative": false
    },
    {
        "date": "2021-02-17T14:46:25.846Z",
        "value": "138.86313438415527",
        "cumulative": false
    },
    {
        "date": "2021-02-17T14:50:39.244Z",
        "value": "138.8425486087799",
        "cumulative": false
    },
    {
        "date": "2021-02-17T14:54:54.834Z",
        "value": "136.49301934242249",
        "cumulative": false
    },
    {
        "date": "2021-02-17T14:59:01.992Z",
        "value": "127.68469548225403",
        "cumulative": false
    },
    {
        "date": "2021-02-17T15:03:19.135Z",
        "value": "138.22800087928772",
        "cumulative": false
    },
    {
        "date": "2021-02-17T15:07:30.521Z",
        "value": "132.2330675125122",
        "cumulative": false
    },
    {
        "date": "2021-02-17T15:11:37.461Z",
        "value": "128.04804730415344",
        "cumulative": false
    },
    {
        "date": "2021-02-17T15:15:55.720Z",
        "value": "139.560697555542",
        "cumulative": false
    },
    {
        "date": "2021-02-17T15:20:13.081Z",
        "value": "138.87511706352234",
        "cumulative": false
    },
    {
        "date": "2021-02-17T15:24:21.723Z",
        "value": "129.33253812789917",
        "cumulative": false
    },
    {
        "date": "2021-02-17T15:28:41.190Z",
        "value": "140.8268814086914",
        "cumulative": false
    },
    {
        "date": "2021-02-17T15:32:51.674Z",
        "value": "131.6424753665924",
        "cumulative": false
    },
    {
        "date": "2021-02-17T15:37:11.106Z",
        "value": "140.86117267608643",
        "cumulative": false
    },
    {
        "date": "2021-02-17T15:41:22.545Z",
        "value": "132.39198064804077",
        "cumulative": false
    },
    {
        "date": "2021-02-17T15:45:34.786Z",
        "value": "133.05716156959534",
        "cumulative": false
    },
    {
        "date": "2021-02-17T15:49:52.320Z",
        "value": "138.55668830871582",
        "cumulative": false
    },
    {
        "date": "2021-02-17T15:54:11.701Z",
        "value": "140.59901309013367",
        "cumulative": false
    },
    {
        "date": "2021-02-17T15:58:26.568Z",
        "value": "135.8793706893921",
        "cumulative": false
    },
    {
        "date": "2021-02-17T16:02:35.539Z",
        "value": "130.24368739128113",
        "cumulative": false
    },
    {
        "date": "2021-02-17T16:06:52.198Z",
        "value": "137.58219838142395",
        "cumulative": false
    },
    {
        "date": "2021-02-17T16:11:03.374Z",
        "value": "132.36930751800537",
        "cumulative": false
    },
    {
        "date": "2021-02-17T16:15:19.414Z",
        "value": "137.54826307296753",
        "cumulative": false
    },
    {
        "date": "2021-02-17T16:19:39.790Z",
        "value": "141.6577775478363",
        "cumulative": false
    },
    {
        "date": "2021-02-17T16:23:59.864Z",
        "value": "140.68728518486023",
        "cumulative": false
    },
    {
        "date": "2021-02-17T16:28:18.346Z",
        "value": "139.35712695121765",
        "cumulative": false
    },
    {
        "date": "2021-02-17T16:32:33.295Z",
        "value": "136.22438883781433",
        "cumulative": false
    },
    {
        "date": "2021-02-17T16:36:45.833Z",
        "value": "133.3771288394928",
        "cumulative": false
    },
    {
        "date": "2021-02-17T16:40:57.171Z",
        "value": "132.10555386543274",
        "cumulative": false
    },
    {
        "date": "2021-02-17T16:45:11.942Z",
        "value": "135.98343968391418",
        "cumulative": false
    },
    {
        "date": "2021-02-17T16:49:29.979Z",
        "value": "139.0194718837738",
        "cumulative": false
    },
    {
        "date": "2021-02-17T16:53:46.844Z",
        "value": "137.6896641254425",
        "cumulative": false
    },
    {
        "date": "2021-02-17T16:57:56.586Z",
        "value": "130.3511791229248",
        "cumulative": false
    },
    {
        "date": "2021-02-17T17:02:08.201Z",
        "value": "132.06094479560852",
        "cumulative": false
    },
    {
        "date": "2021-02-17T17:06:26.346Z",
        "value": "139.3050651550293",
        "cumulative": false
    },
    {
        "date": "2021-02-17T17:10:50.368Z",
        "value": "145.39794969558716",
        "cumulative": false
    },
    {
        "date": "2021-02-17T17:15:06.195Z",
        "value": "136.28212094306946",
        "cumulative": false
    },
    {
        "date": "2021-02-17T17:19:21.287Z",
        "value": "135.6704421043396",
        "cumulative": false
    },
    {
        "date": "2021-02-17T17:23:34.364Z",
        "value": "134.07260012626648",
        "cumulative": false
    },
    {
        "date": "2021-02-17T17:27:44.376Z",
        "value": "130.76397347450256",
        "cumulative": false
    },
    {
        "date": "2021-02-17T17:32:03.248Z",
        "value": "139.63675546646118",
        "cumulative": false
    },
    {
        "date": "2021-02-17T17:36:22.875Z",
        "value": "140.33571076393127",
        "cumulative": false
    },
    {
        "date": "2021-02-17T17:40:40.011Z",
        "value": "137.8327465057373",
        "cumulative": false
    },
    {
        "date": "2021-02-17T17:44:57.555Z",
        "value": "138.01466512680054",
        "cumulative": false
    },
    {
        "date": "2021-02-17T17:49:10.842Z",
        "value": "133.9927532672882",
        "cumulative": false
    },
    {
        "date": "2021-02-17T17:53:24.890Z",
        "value": "134.87962245941162",
        "cumulative": false
    },
    {
        "date": "2021-02-17T17:57:41.388Z",
        "value": "137.55931425094604",
        "cumulative": false
    },
    {
        "date": "2021-02-17T18:01:57.785Z",
        "value": "137.27666878700256",
        "cumulative": false
    },
    {
        "date": "2021-02-17T18:06:15.861Z",
        "value": "138.48881721496582",
        "cumulative": false
    },
    {
        "date": "2021-02-17T18:10:38.087Z",
        "value": "143.34005188941956",
        "cumulative": false
    },
    {
        "date": "2021-02-17T18:14:56.706Z",
        "value": "139.52722907066345",
        "cumulative": false
    },
    {
        "date": "2021-02-17T18:19:09.367Z",
        "value": "133.045804977417",
        "cumulative": false
    },
    {
        "date": "2021-02-17T18:23:20.801Z",
        "value": "132.300950050354",
        "cumulative": false
    },
    {
        "date": "2021-02-17T18:27:35.473Z",
        "value": "135.32377171516418",
        "cumulative": false
    },
    {
        "date": "2021-02-17T18:31:54.580Z",
        "value": "139.7798092365265",
        "cumulative": false
    },
    {
        "date": "2021-02-17T18:36:09.422Z",
        "value": "135.39033889770508",
        "cumulative": false
    },
    {
        "date": "2021-02-17T18:40:30.450Z",
        "value": "141.80586791038513",
        "cumulative": false
    },
    {
        "date": "2021-02-17T18:44:46.753Z",
        "value": "136.87639451026917",
        "cumulative": false
    },
    {
        "date": "2021-02-17T18:48:59.485Z",
        "value": "133.6893186569214",
        "cumulative": false
    },
    {
        "date": "2021-02-17T18:53:11.017Z",
        "value": "131.99104738235474",
        "cumulative": false
    },
    {
        "date": "2021-02-17T18:57:25.307Z",
        "value": "135.6496765613556",
        "cumulative": false
    },
    {
        "date": "2021-02-17T19:01:46.235Z",
        "value": "141.31692171096802",
        "cumulative": false
    },
    {
        "date": "2021-02-17T19:06:06.245Z",
        "value": "140.72003889083862",
        "cumulative": false
    },
    {
        "date": "2021-02-17T19:10:23.691Z",
        "value": "138.27019333839417",
        "cumulative": false
    },
    {
        "date": "2021-02-17T19:14:37.992Z",
        "value": "135.1830232143402",
        "cumulative": false
    },
    {
        "date": "2021-02-17T19:18:54.653Z",
        "value": "137.2931306362152",
        "cumulative": false
    },
    {
        "date": "2021-02-17T19:23:08.442Z",
        "value": "134.705144405365",
        "cumulative": false
    },
    {
        "date": "2021-02-17T19:27:23.477Z",
        "value": "135.94433450698853",
        "cumulative": false
    },
    {
        "date": "2021-02-17T19:31:42.327Z",
        "value": "139.75576043128967",
        "cumulative": false
    },
    {
        "date": "2021-02-17T19:35:57.200Z",
        "value": "135.59506011009216",
        "cumulative": false
    },
    {
        "date": "2021-02-17T19:40:14.734Z",
        "value": "138.69534039497375",
        "cumulative": false
    },
    {
        "date": "2021-02-17T19:44:31.829Z",
        "value": "137.8009955883026",
        "cumulative": false
    },
    {
        "date": "2021-02-17T19:48:42.186Z",
        "value": "131.23048973083496",
        "cumulative": false
    },
    {
        "date": "2021-02-17T19:52:58.435Z",
        "value": "136.9206280708313",
        "cumulative": false
    },
    {
        "date": "2021-02-17T19:57:15.361Z",
        "value": "137.8659565448761",
        "cumulative": false
    },
    {
        "date": "2021-02-17T20:01:27.368Z",
        "value": "132.8109095096588",
        "cumulative": false
    },
    {
        "date": "2021-02-17T20:05:46.350Z",
        "value": "139.80323219299316",
        "cumulative": false
    },
    {
        "date": "2021-02-17T20:09:55.385Z",
        "value": "129.697833776474",
        "cumulative": false
    },
    {
        "date": "2021-02-17T20:14:13.260Z",
        "value": "138.3595769405365",
        "cumulative": false
    },
    {
        "date": "2021-02-17T20:18:27.876Z",
        "value": "135.38220763206482",
        "cumulative": false
    },
    {
        "date": "2021-02-17T20:22:40.454Z",
        "value": "133.1731357574463",
        "cumulative": false
    },
    {
        "date": "2021-02-17T20:26:58.133Z",
        "value": "139.09015822410583",
        "cumulative": false
    },
    {
        "date": "2021-02-17T20:31:08.475Z",
        "value": "131.6799602508545",
        "cumulative": false
    },
    {
        "date": "2021-02-17T20:35:24.430Z",
        "value": "135.96648168563843",
        "cumulative": false
    },
    {
        "date": "2021-02-17T20:39:42.249Z",
        "value": "138.8886387348175",
        "cumulative": false
    },
    {
        "date": "2021-02-17T20:43:57.696Z",
        "value": "135.99359822273254",
        "cumulative": false
    },
    {
        "date": "2021-02-17T20:48:15.156Z",
        "value": "138.56085777282715",
        "cumulative": false
    },
    {
        "date": "2021-02-17T20:52:29.988Z",
        "value": "135.40432119369507",
        "cumulative": false
    },
    {
        "date": "2021-02-17T20:56:48.969Z",
        "value": "140.0798943042755",
        "cumulative": false
    },
    {
        "date": "2021-02-17T21:01:06.747Z",
        "value": "138.35788440704346",
        "cumulative": false
    },
    {
        "date": "2021-02-17T21:05:20.108Z",
        "value": "133.6977264881134",
        "cumulative": false
    },
    {
        "date": "2021-02-17T21:09:40.222Z",
        "value": "140.66265892982483",
        "cumulative": false
    },
    {
        "date": "2021-02-17T21:13:56.493Z",
        "value": "136.98781633377075",
        "cumulative": false
    },
    {
        "date": "2021-02-17T21:18:07.600Z",
        "value": "131.91113567352295",
        "cumulative": false
    },
    {
        "date": "2021-02-17T21:22:24.744Z",
        "value": "137.64860463142395",
        "cumulative": false
    },
    {
        "date": "2021-02-17T21:26:42.396Z",
        "value": "138.49547743797302",
        "cumulative": false
    },
    {
        "date": "2021-02-17T21:30:57.987Z",
        "value": "136.6132824420929",
        "cumulative": false
    },
    {
        "date": "2021-02-17T21:35:09.915Z",
        "value": "132.967045545578",
        "cumulative": false
    },
    {
        "date": "2021-02-17T21:39:30.409Z",
        "value": "140.97866034507751",
        "cumulative": false
    },
    {
        "date": "2021-02-17T21:43:43.711Z",
        "value": "133.95443654060364",
        "cumulative": false
    },
    {
        "date": "2021-02-17T21:47:59.325Z",
        "value": "136.44440126419067",
        "cumulative": false
    },
    {
        "date": "2021-02-17T21:52:15.100Z",
        "value": "136.78397154808044",
        "cumulative": false
    },
    {
        "date": "2021-02-17T21:56:28.015Z",
        "value": "133.9633526802063",
        "cumulative": false
    },
    {
        "date": "2021-02-17T22:00:44.270Z",
        "value": "136.9241065979004",
        "cumulative": false
    },
    {
        "date": "2021-02-17T22:04:59.781Z",
        "value": "135.9614200592041",
        "cumulative": false
    },
    {
        "date": "2021-02-17T22:09:17.526Z",
        "value": "138.11671781539917",
        "cumulative": false
    },
    {
        "date": "2021-02-17T22:13:35.990Z",
        "value": "139.16812920570374",
        "cumulative": false
    },
    {
        "date": "2021-02-17T22:17:47.880Z",
        "value": "132.6268448829651",
        "cumulative": false
    },
    {
        "date": "2021-02-17T22:22:05.349Z",
        "value": "138.04472970962524",
        "cumulative": false
    },
    {
        "date": "2021-02-17T22:26:18.824Z",
        "value": "133.7390387058258",
        "cumulative": false
    },
    {
        "date": "2021-02-17T22:30:36.529Z",
        "value": "138.8092348575592",
        "cumulative": false
    },
    {
        "date": "2021-02-17T22:34:52.224Z",
        "value": "136.2391619682312",
        "cumulative": false
    },
    {
        "date": "2021-02-17T22:39:05.298Z",
        "value": "133.50467610359192",
        "cumulative": false
    },
    {
        "date": "2021-02-17T22:43:21.479Z",
        "value": "136.36936783790588",
        "cumulative": false
    },
    {
        "date": "2021-02-17T22:47:35.205Z",
        "value": "134.32750988006592",
        "cumulative": false
    },
    {
        "date": "2021-02-17T22:51:54.598Z",
        "value": "140.17749905586243",
        "cumulative": false
    },
    {
        "date": "2021-02-17T22:56:07.838Z",
        "value": "133.7709457874298",
        "cumulative": false
    },
    {
        "date": "2021-02-17T23:00:20.109Z",
        "value": "132.7941029071808",
        "cumulative": false
    },
    {
        "date": "2021-02-17T23:04:37.742Z",
        "value": "138.42998099327087",
        "cumulative": false
    },
    {
        "date": "2021-02-17T23:08:52.821Z",
        "value": "136.05289506912231",
        "cumulative": false
    },
    {
        "date": "2021-02-17T23:13:07.518Z",
        "value": "135.06160688400269",
        "cumulative": false
    },
    {
        "date": "2021-02-17T23:17:24.051Z",
        "value": "136.66873860359192",
        "cumulative": false
    },
    {
        "date": "2021-02-17T23:21:36.391Z",
        "value": "132.70448303222656",
        "cumulative": false
    },
    {
        "date": "2021-02-17T23:25:52.884Z",
        "value": "136.94586491584778",
        "cumulative": false
    },
    {
        "date": "2021-02-17T23:30:10.164Z",
        "value": "137.83509969711304",
        "cumulative": false
    },
    {
        "date": "2021-02-17T23:34:23.622Z",
        "value": "133.7552227973938",
        "cumulative": false
    },
    {
        "date": "2021-02-17T23:38:45.042Z",
        "value": "142.37145018577576",
        "cumulative": false
    },
    {
        "date": "2021-02-17T23:43:04.268Z",
        "value": "139.90661215782166",
        "cumulative": false
    },
    {
        "date": "2021-02-17T23:47:17.852Z",
        "value": "134.7749388217926",
        "cumulative": false
    },
    {
        "date": "2021-02-17T23:51:39.268Z",
        "value": "142.31396079063416",
        "cumulative": false
    },
    {
        "date": "2021-02-17T23:55:52.644Z",
        "value": "134.20448088645935",
        "cumulative": false
    },
    {
        "date": "2021-02-18T00:00:12.222Z",
        "value": "140.23629140853882",
        "cumulative": false
    },
    {
        "date": "2021-02-18T00:04:25.105Z",
        "value": "133.75895857810974",
        "cumulative": false
    },
    {
        "date": "2021-02-18T00:08:38.629Z",
        "value": "133.78047060966492",
        "cumulative": false
    },
    {
        "date": "2021-02-18T00:12:59.662Z",
        "value": "141.39534521102905",
        "cumulative": false
    },
    {
        "date": "2021-02-18T00:17:13.044Z",
        "value": "134.52515578269958",
        "cumulative": false
    },
    {
        "date": "2021-02-18T00:21:31.770Z",
        "value": "139.3921730518341",
        "cumulative": false
    },
    {
        "date": "2021-02-18T00:25:54.654Z",
        "value": "143.80426836013794",
        "cumulative": false
    },
    {
        "date": "2021-02-18T00:30:05.048Z",
        "value": "130.9106740951538",
        "cumulative": false
    },
    {
        "date": "2021-02-18T00:34:15.920Z",
        "value": "131.6276614665985",
        "cumulative": false
    },
    {
        "date": "2021-02-18T00:38:29.152Z",
        "value": "133.69054102897644",
        "cumulative": false
    },
    {
        "date": "2021-02-18T00:42:49.761Z",
        "value": "141.49849843978882",
        "cumulative": false
    },
    {
        "date": "2021-02-18T00:47:05.767Z",
        "value": "136.29899430274963",
        "cumulative": false
    },
    {
        "date": "2021-02-18T00:51:21.867Z",
        "value": "136.3364040851593",
        "cumulative": false
    },
    {
        "date": "2021-02-18T00:55:37.069Z",
        "value": "135.68523740768433",
        "cumulative": false
    },
    {
        "date": "2021-02-18T00:59:48.419Z",
        "value": "132.37823748588562",
        "cumulative": false
    },
    {
        "date": "2021-02-18T01:04:05.011Z",
        "value": "137.17526745796204",
        "cumulative": false
    },
    {
        "date": "2021-02-18T01:08:21.504Z",
        "value": "137.41549944877625",
        "cumulative": false
    },
    {
        "date": "2021-02-18T01:12:37.799Z",
        "value": "137.29203510284424",
        "cumulative": false
    },
    {
        "date": "2021-02-18T01:16:58.159Z",
        "value": "141.0008568763733",
        "cumulative": false
    },
    {
        "date": "2021-02-18T01:21:13.063Z",
        "value": "135.74661374092102",
        "cumulative": false
    },
    {
        "date": "2021-02-18T01:25:32.967Z",
        "value": "140.24654459953308",
        "cumulative": false
    },
    {
        "date": "2021-02-18T01:29:48.084Z",
        "value": "135.71484756469727",
        "cumulative": false
    },
    {
        "date": "2021-02-18T01:34:07.118Z",
        "value": "139.88912510871887",
        "cumulative": false
    },
    {
        "date": "2021-02-18T01:38:22.647Z",
        "value": "136.26480627059937",
        "cumulative": false
    },
    {
        "date": "2021-02-18T01:42:40.413Z",
        "value": "138.0120234489441",
        "cumulative": false
    },
    {
        "date": "2021-02-18T01:46:56.627Z",
        "value": "136.92203211784363",
        "cumulative": false
    },
    {
        "date": "2021-02-18T01:51:13.079Z",
        "value": "136.90637278556824",
        "cumulative": false
    },
    {
        "date": "2021-02-18T01:55:32.607Z",
        "value": "140.4246096611023",
        "cumulative": false
    },
    {
        "date": "2021-02-18T01:59:49.041Z",
        "value": "136.84695839881897",
        "cumulative": false
    },
    {
        "date": "2021-02-18T02:04:02.925Z",
        "value": "134.60914492607117",
        "cumulative": false
    },
    {
        "date": "2021-02-18T02:08:19.512Z",
        "value": "137.26546835899353",
        "cumulative": false
    },
    {
        "date": "2021-02-18T02:12:33.613Z",
        "value": "134.47617053985596",
        "cumulative": false
    },
    {
        "date": "2021-02-18T02:16:49.649Z",
        "value": "136.37516593933105",
        "cumulative": false
    },
    {
        "date": "2021-02-18T02:21:05.900Z",
        "value": "136.6574671268463",
        "cumulative": false
    },
    {
        "date": "2021-02-18T02:25:29.579Z",
        "value": "144.1062331199646",
        "cumulative": false
    },
    {
        "date": "2021-02-18T02:29:44.463Z",
        "value": "135.58159184455872",
        "cumulative": false
    },
    {
        "date": "2021-02-18T02:33:56.840Z",
        "value": "132.72455954551697",
        "cumulative": false
    },
    {
        "date": "2021-02-18T02:38:15.268Z",
        "value": "139.07516980171204",
        "cumulative": false
    },
    {
        "date": "2021-02-18T02:42:36.338Z",
        "value": "141.5271031856537",
        "cumulative": false
    },
    {
        "date": "2021-02-18T02:46:55.216Z",
        "value": "139.37097692489624",
        "cumulative": false
    },
    {
        "date": "2021-02-18T02:51:05.601Z",
        "value": "130.95384645462036",
        "cumulative": false
    },
    {
        "date": "2021-02-18T02:55:14.746Z",
        "value": "129.49010181427002",
        "cumulative": false
    },
    {
        "date": "2021-02-18T02:59:26.901Z",
        "value": "132.75414967536926",
        "cumulative": false
    },
    {
        "date": "2021-02-18T03:03:43.021Z",
        "value": "136.66370391845703",
        "cumulative": false
    },
    {
        "date": "2021-02-18T03:08:01.080Z",
        "value": "138.177152633667",
        "cumulative": false
    },
    {
        "date": "2021-02-18T03:12:22.319Z",
        "value": "141.96170949935913",
        "cumulative": false
    },
    {
        "date": "2021-02-18T03:16:38.244Z",
        "value": "136.38252425193787",
        "cumulative": false
    },
    {
        "date": "2021-02-18T03:20:57.085Z",
        "value": "139.41352796554565",
        "cumulative": false
    },
    {
        "date": "2021-02-18T03:25:17.707Z",
        "value": "141.174702167511",
        "cumulative": false
    },
    {
        "date": "2021-02-18T03:29:36.695Z",
        "value": "139.720929145813",
        "cumulative": false
    },
    {
        "date": "2021-02-18T03:33:55.320Z",
        "value": "139.23920726776123",
        "cumulative": false
    },
    {
        "date": "2021-02-18T03:38:14.939Z",
        "value": "139.92861223220825",
        "cumulative": false
    },
    {
        "date": "2021-02-18T03:42:33.105Z",
        "value": "138.41362047195435",
        "cumulative": false
    },
    {
        "date": "2021-02-18T03:46:50.226Z",
        "value": "137.43209600448608",
        "cumulative": false
    },
    {
        "date": "2021-02-18T03:51:03.405Z",
        "value": "133.4967942237854",
        "cumulative": false
    },
    {
        "date": "2021-02-18T03:55:15.414Z",
        "value": "132.91626715660095",
        "cumulative": false
    },
    {
        "date": "2021-02-18T03:59:22.038Z",
        "value": "127.06363320350647",
        "cumulative": false
    },
    {
        "date": "2021-02-18T04:03:31.474Z",
        "value": "130.13323664665222",
        "cumulative": false
    },
    {
        "date": "2021-02-18T04:07:48.149Z",
        "value": "137.26388311386108",
        "cumulative": false
    },
    {
        "date": "2021-02-18T04:12:03.025Z",
        "value": "135.11100387573242",
        "cumulative": false
    },
    {
        "date": "2021-02-18T04:16:16.350Z",
        "value": "133.8161542415619",
        "cumulative": false
    },
    {
        "date": "2021-02-18T04:20:31.334Z",
        "value": "135.10413551330566",
        "cumulative": false
    },
    {
        "date": "2021-02-18T04:24:45.649Z",
        "value": "134.6461033821106",
        "cumulative": false
    },
    {
        "date": "2021-02-18T04:28:58.241Z",
        "value": "133.02190232276917",
        "cumulative": false
    },
    {
        "date": "2021-02-18T04:33:13.692Z",
        "value": "135.37848162651062",
        "cumulative": false
    },
    {
        "date": "2021-02-18T04:37:26.902Z",
        "value": "134.14889121055603",
        "cumulative": false
    },
    {
        "date": "2021-02-18T04:41:40.671Z",
        "value": "134.3294551372528",
        "cumulative": false
    },
    {
        "date": "2021-02-18T04:45:53.469Z",
        "value": "133.58908891677856",
        "cumulative": false
    },
    {
        "date": "2021-02-18T04:50:06.205Z",
        "value": "132.96258974075317",
        "cumulative": false
    },
    {
        "date": "2021-02-18T04:54:21.728Z",
        "value": "135.6988217830658",
        "cumulative": false
    },
    {
        "date": "2021-02-18T04:58:34.492Z",
        "value": "133.317284822464",
        "cumulative": false
    },
    {
        "date": "2021-02-18T05:02:52.973Z",
        "value": "139.13984847068787",
        "cumulative": false
    },
    {
        "date": "2021-02-18T05:07:12.126Z",
        "value": "139.44269943237305",
        "cumulative": false
    },
    {
        "date": "2021-02-18T05:11:35.210Z",
        "value": "143.53670835494995",
        "cumulative": false
    },
    {
        "date": "2021-02-18T05:15:53.908Z",
        "value": "139.16313314437866",
        "cumulative": false
    },
    {
        "date": "2021-02-18T05:20:06.464Z",
        "value": "133.45942282676697",
        "cumulative": false
    },
    {
        "date": "2021-02-18T05:24:19.504Z",
        "value": "133.3083050251007",
        "cumulative": false
    },
    {
        "date": "2021-02-18T05:28:34.592Z",
        "value": "135.7539496421814",
        "cumulative": false
    },
    {
        "date": "2021-02-18T05:32:50.828Z",
        "value": "136.579092502594",
        "cumulative": false
    },
    {
        "date": "2021-02-18T05:37:08.425Z",
        "value": "137.9172718524933",
        "cumulative": false
    },
    {
        "date": "2021-02-18T05:41:25.345Z",
        "value": "137.35074162483215",
        "cumulative": false
    },
    {
        "date": "2021-02-18T05:45:40.414Z",
        "value": "135.52973079681396",
        "cumulative": false
    },
    {
        "date": "2021-02-18T05:50:02.762Z",
        "value": "142.87247109413147",
        "cumulative": false
    },
    {
        "date": "2021-02-18T05:54:22.811Z",
        "value": "140.64155173301697",
        "cumulative": false
    },
    {
        "date": "2021-02-18T05:58:49.585Z",
        "value": "147.62436962127686",
        "cumulative": false
    },
    {
        "date": "2021-02-18T06:03:08.671Z",
        "value": "139.56950402259827",
        "cumulative": false
    },
    {
        "date": "2021-02-18T06:07:27.657Z",
        "value": "139.7367444038391",
        "cumulative": false
    },
    {
        "date": "2021-02-18T06:11:44.332Z",
        "value": "137.12878894805908",
        "cumulative": false
    },
    {
        "date": "2021-02-18T06:16:06.207Z",
        "value": "142.70726442337036",
        "cumulative": false
    },
    {
        "date": "2021-02-18T06:20:28.801Z",
        "value": "143.2479054927826",
        "cumulative": false
    },
    {
        "date": "2021-02-18T06:24:51.065Z",
        "value": "142.6092607975006",
        "cumulative": false
    },
    {
        "date": "2021-02-18T06:29:16.730Z",
        "value": "146.25066494941711",
        "cumulative": false
    },
    {
        "date": "2021-02-18T06:33:37.247Z",
        "value": "140.4616391658783",
        "cumulative": false
    },
    {
        "date": "2021-02-18T06:37:57.531Z",
        "value": "140.63476252555847",
        "cumulative": false
    },
    {
        "date": "2021-02-18T06:42:17.042Z",
        "value": "139.67833876609802",
        "cumulative": false
    },
    {
        "date": "2021-02-18T06:46:37.050Z",
        "value": "140.38425850868225",
        "cumulative": false
    },
    {
        "date": "2021-02-18T06:50:55.347Z",
        "value": "138.65395784378052",
        "cumulative": false
    },
    {
        "date": "2021-02-18T06:55:14.778Z",
        "value": "139.90857005119324",
        "cumulative": false
    },
    {
        "date": "2021-02-18T06:59:31.374Z",
        "value": "136.88799333572388",
        "cumulative": false
    },
    {
        "date": "2021-02-18T07:03:42.117Z",
        "value": "130.78838849067688",
        "cumulative": false
    },
    {
        "date": "2021-02-18T07:08:03.100Z",
        "value": "141.9974856376648",
        "cumulative": false
    },
    {
        "date": "2021-02-18T07:12:23.257Z",
        "value": "140.99763083457947",
        "cumulative": false
    },
    {
        "date": "2021-02-18T07:16:36.471Z",
        "value": "133.99121522903442",
        "cumulative": false
    },
    {
        "date": "2021-02-18T07:20:56.550Z",
        "value": "140.3329517841339",
        "cumulative": false
    },
    {
        "date": "2021-02-18T07:25:11.779Z",
        "value": "135.61515498161316",
        "cumulative": false
    },
    {
        "date": "2021-02-18T07:29:27.810Z",
        "value": "136.23340845108032",
        "cumulative": false
    },
    {
        "date": "2021-02-18T07:33:48.860Z",
        "value": "141.65708661079407",
        "cumulative": false
    },
    {
        "date": "2021-02-18T07:38:07.193Z",
        "value": "138.44155502319336",
        "cumulative": false
    },
    {
        "date": "2021-02-18T07:42:24.827Z",
        "value": "137.95223593711853",
        "cumulative": false
    },
    {
        "date": "2021-02-18T07:46:45.819Z",
        "value": "141.4437861442566",
        "cumulative": false
    },
    {
        "date": "2021-02-18T07:51:01.509Z",
        "value": "135.9143249988556",
        "cumulative": false
    },
    {
        "date": "2021-02-18T07:55:26.545Z",
        "value": "145.51372408866882",
        "cumulative": false
    },
    {
        "date": "2021-02-18T07:59:41.646Z",
        "value": "135.4805247783661",
        "cumulative": false
    },
    {
        "date": "2021-02-18T08:03:57.942Z",
        "value": "136.97496557235718",
        "cumulative": false
    },
    {
        "date": "2021-02-18T08:08:24.264Z",
        "value": "146.94045543670654",
        "cumulative": false
    },
    {
        "date": "2021-02-18T08:12:39.206Z",
        "value": "135.25890636444092",
        "cumulative": false
    }
]