[
    {
        "date": "2021-02-15T16:27:58.265Z",
        "value": "7.820682764053345",
        "cumulative": false
    },
    {
        "date": "2021-02-15T16:31:57.807Z",
        "value": "7.504646301269531",
        "cumulative": false
    },
    {
        "date": "2021-02-15T16:35:57.088Z",
        "value": "7.813159227371216",
        "cumulative": false
    },
    {
        "date": "2021-02-15T16:39:57.203Z",
        "value": "7.32152247428894",
        "cumulative": false
    },
    {
        "date": "2021-02-15T16:43:57.521Z",
        "value": "7.777414560317993",
        "cumulative": false
    },
    {
        "date": "2021-02-15T16:47:58.275Z",
        "value": "8.262718677520752",
        "cumulative": false
    },
    {
        "date": "2021-02-15T16:51:59.162Z",
        "value": "9.443982601165771",
        "cumulative": false
    },
    {
        "date": "2021-02-15T16:56:00.481Z",
        "value": "8.07542634010315",
        "cumulative": false
    },
    {
        "date": "2021-02-15T17:00:01.449Z",
        "value": "8.261127471923828",
        "cumulative": false
    },
    {
        "date": "2021-02-15T17:04:03.277Z",
        "value": "7.6955015659332275",
        "cumulative": false
    },
    {
        "date": "2021-02-15T17:08:04.775Z",
        "value": "7.648674249649048",
        "cumulative": false
    },
    {
        "date": "2021-02-15T17:12:06.286Z",
        "value": "8.394665956497192",
        "cumulative": false
    },
    {
        "date": "2021-02-15T17:16:08.384Z",
        "value": "7.448907852172852",
        "cumulative": false
    },
    {
        "date": "2021-02-15T17:20:10.281Z",
        "value": "8.537917852401733",
        "cumulative": false
    },
    {
        "date": "2021-02-15T17:24:11.680Z",
        "value": "8.203065633773804",
        "cumulative": false
    },
    {
        "date": "2021-02-15T17:28:13.935Z",
        "value": "7.843687534332275",
        "cumulative": false
    },
    {
        "date": "2021-02-15T17:32:15.907Z",
        "value": "8.31234097480774",
        "cumulative": false
    },
    {
        "date": "2021-02-15T17:36:18.184Z",
        "value": "8.550817251205444",
        "cumulative": false
    },
    {
        "date": "2021-02-15T17:40:20.649Z",
        "value": "8.045694351196289",
        "cumulative": false
    },
    {
        "date": "2021-02-15T17:44:22.399Z",
        "value": "7.873250722885132",
        "cumulative": false
    },
    {
        "date": "2021-02-15T17:48:24.519Z",
        "value": "8.629069805145264",
        "cumulative": false
    },
    {
        "date": "2021-02-15T17:52:26.892Z",
        "value": "7.774492502212524",
        "cumulative": false
    },
    {
        "date": "2021-02-15T17:56:29.144Z",
        "value": "7.951712131500244",
        "cumulative": false
    },
    {
        "date": "2021-02-15T18:00:31.723Z",
        "value": "9.491819381713867",
        "cumulative": false
    },
    {
        "date": "2021-02-15T18:04:34.197Z",
        "value": "7.871613025665283",
        "cumulative": false
    },
    {
        "date": "2021-02-15T18:08:37.209Z",
        "value": "7.953609228134155",
        "cumulative": false
    },
    {
        "date": "2021-02-15T18:12:39.646Z",
        "value": "7.660881996154785",
        "cumulative": false
    },
    {
        "date": "2021-02-15T18:16:41.820Z",
        "value": "7.832542181015015",
        "cumulative": false
    },
    {
        "date": "2021-02-15T18:20:43.838Z",
        "value": "7.669185400009155",
        "cumulative": false
    },
    {
        "date": "2021-02-15T18:24:46.141Z",
        "value": "8.403119087219238",
        "cumulative": false
    },
    {
        "date": "2021-02-15T18:28:49.001Z",
        "value": "9.412320852279663",
        "cumulative": false
    },
    {
        "date": "2021-02-15T18:32:51.789Z",
        "value": "8.80702829360962",
        "cumulative": false
    },
    {
        "date": "2021-02-15T18:36:54.480Z",
        "value": "8.75503158569336",
        "cumulative": false
    },
    {
        "date": "2021-02-15T18:40:56.773Z",
        "value": "8.382503032684326",
        "cumulative": false
    },
    {
        "date": "2021-02-15T18:44:58.971Z",
        "value": "8.576411008834839",
        "cumulative": false
    },
    {
        "date": "2021-02-15T18:49:01.297Z",
        "value": "8.908090353012085",
        "cumulative": false
    },
    {
        "date": "2021-02-15T18:53:03.478Z",
        "value": "8.522574186325073",
        "cumulative": false
    },
    {
        "date": "2021-02-15T18:57:05.563Z",
        "value": "8.842470645904541",
        "cumulative": false
    },
    {
        "date": "2021-02-15T19:01:07.745Z",
        "value": "7.5061259269714355",
        "cumulative": false
    },
    {
        "date": "2021-02-15T19:05:09.870Z",
        "value": "8.597495079040527",
        "cumulative": false
    },
    {
        "date": "2021-02-15T19:09:12.096Z",
        "value": "8.207793474197388",
        "cumulative": false
    },
    {
        "date": "2021-02-15T19:13:14.261Z",
        "value": "8.657307624816895",
        "cumulative": false
    },
    {
        "date": "2021-02-15T19:17:16.777Z",
        "value": "7.315179109573364",
        "cumulative": false
    },
    {
        "date": "2021-02-15T19:21:19.596Z",
        "value": "9.766681909561157",
        "cumulative": false
    },
    {
        "date": "2021-02-15T19:25:21.928Z",
        "value": "7.065822601318359",
        "cumulative": false
    },
    {
        "date": "2021-02-15T19:29:24.985Z",
        "value": "8.388312816619873",
        "cumulative": false
    },
    {
        "date": "2021-02-15T19:33:26.986Z",
        "value": "8.13362169265747",
        "cumulative": false
    },
    {
        "date": "2021-02-15T19:37:29.170Z",
        "value": "7.678278923034668",
        "cumulative": false
    },
    {
        "date": "2021-02-15T19:41:31.157Z",
        "value": "8.184489965438843",
        "cumulative": false
    },
    {
        "date": "2021-02-15T19:45:33.498Z",
        "value": "8.618914365768433",
        "cumulative": false
    },
    {
        "date": "2021-02-15T19:49:35.838Z",
        "value": "8.14164113998413",
        "cumulative": false
    },
    {
        "date": "2021-02-15T19:53:37.844Z",
        "value": "7.997757911682129",
        "cumulative": false
    },
    {
        "date": "2021-02-15T19:57:40.164Z",
        "value": "8.085839748382568",
        "cumulative": false
    },
    {
        "date": "2021-02-15T20:01:49.407Z",
        "value": "9.192948579788208",
        "cumulative": false
    },
    {
        "date": "2021-02-15T20:05:58.109Z",
        "value": "9.552620887756348",
        "cumulative": false
    },
    {
        "date": "2021-02-15T20:10:07.269Z",
        "value": "9.418768644332886",
        "cumulative": false
    },
    {
        "date": "2021-02-15T20:14:15.632Z",
        "value": "9.694907665252686",
        "cumulative": false
    },
    {
        "date": "2021-02-15T20:18:24.622Z",
        "value": "9.775475025177002",
        "cumulative": false
    },
    {
        "date": "2021-02-15T20:22:33.650Z",
        "value": "9.384982585906982",
        "cumulative": false
    },
    {
        "date": "2021-02-15T20:26:42.673Z",
        "value": "9.939146995544434",
        "cumulative": false
    },
    {
        "date": "2021-02-15T20:30:51.395Z",
        "value": "9.146272420883179",
        "cumulative": false
    },
    {
        "date": "2021-02-15T20:35:00.261Z",
        "value": "9.926835060119629",
        "cumulative": false
    },
    {
        "date": "2021-02-15T20:39:09.679Z",
        "value": "9.24774694442749",
        "cumulative": false
    },
    {
        "date": "2021-02-15T20:43:18.928Z",
        "value": "9.922449827194214",
        "cumulative": false
    },
    {
        "date": "2021-02-15T20:47:28.112Z",
        "value": "9.273486375808716",
        "cumulative": false
    },
    {
        "date": "2021-02-15T20:51:37.072Z",
        "value": "9.508955955505371",
        "cumulative": false
    },
    {
        "date": "2021-02-15T20:55:45.670Z",
        "value": "9.970607042312622",
        "cumulative": false
    },
    {
        "date": "2021-02-15T20:59:55.262Z",
        "value": "9.721154689788818",
        "cumulative": false
    },
    {
        "date": "2021-02-15T21:04:04.205Z",
        "value": "9.43500542640686",
        "cumulative": false
    },
    {
        "date": "2021-02-15T21:08:13.286Z",
        "value": "9.887435913085938",
        "cumulative": false
    },
    {
        "date": "2021-02-15T21:12:22.090Z",
        "value": "9.686154842376709",
        "cumulative": false
    },
    {
        "date": "2021-02-15T21:16:31.238Z",
        "value": "8.709417343139648",
        "cumulative": false
    },
    {
        "date": "2021-02-15T21:20:40.314Z",
        "value": "9.643020629882812",
        "cumulative": false
    },
    {
        "date": "2021-02-15T21:24:49.847Z",
        "value": "9.461103916168213",
        "cumulative": false
    },
    {
        "date": "2021-02-15T21:28:59.135Z",
        "value": "10.440298557281494",
        "cumulative": false
    },
    {
        "date": "2021-02-15T21:33:08.255Z",
        "value": "9.203404426574707",
        "cumulative": false
    },
    {
        "date": "2021-02-15T21:37:17.140Z",
        "value": "10.004872798919678",
        "cumulative": false
    },
    {
        "date": "2021-02-15T21:41:25.823Z",
        "value": "9.983659982681274",
        "cumulative": false
    },
    {
        "date": "2021-02-15T21:45:34.742Z",
        "value": "9.317973613739014",
        "cumulative": false
    },
    {
        "date": "2021-02-15T21:49:43.997Z",
        "value": "10.176098585128784",
        "cumulative": false
    },
    {
        "date": "2021-02-15T21:53:53.192Z",
        "value": "8.947188377380371",
        "cumulative": false
    },
    {
        "date": "2021-02-15T21:58:02.487Z",
        "value": "10.138891220092773",
        "cumulative": false
    },
    {
        "date": "2021-02-15T22:02:11.670Z",
        "value": "9.191500902175903",
        "cumulative": false
    },
    {
        "date": "2021-02-15T22:06:20.280Z",
        "value": "9.606048107147217",
        "cumulative": false
    },
    {
        "date": "2021-02-15T22:10:29.479Z",
        "value": "9.233621597290039",
        "cumulative": false
    },
    {
        "date": "2021-02-15T22:14:38.878Z",
        "value": "10.186225652694702",
        "cumulative": false
    },
    {
        "date": "2021-02-15T22:18:48.216Z",
        "value": "8.787945032119751",
        "cumulative": false
    },
    {
        "date": "2021-02-15T22:22:56.901Z",
        "value": "9.027894735336304",
        "cumulative": false
    },
    {
        "date": "2021-02-15T22:27:06.396Z",
        "value": "9.442700624465942",
        "cumulative": false
    },
    {
        "date": "2021-02-15T22:31:15.740Z",
        "value": "10.099820852279663",
        "cumulative": false
    },
    {
        "date": "2021-02-15T22:35:25.309Z",
        "value": "11.014704465866089",
        "cumulative": false
    },
    {
        "date": "2021-02-15T22:39:35.120Z",
        "value": "9.955129384994507",
        "cumulative": false
    },
    {
        "date": "2021-02-15T22:43:44.252Z",
        "value": "9.509772300720215",
        "cumulative": false
    },
    {
        "date": "2021-02-15T22:47:53.620Z",
        "value": "9.68213415145874",
        "cumulative": false
    },
    {
        "date": "2021-02-15T22:52:02.751Z",
        "value": "9.930825233459473",
        "cumulative": false
    },
    {
        "date": "2021-02-15T22:56:11.957Z",
        "value": "9.89114260673523",
        "cumulative": false
    },
    {
        "date": "2021-02-15T23:00:21.248Z",
        "value": "9.525680303573608",
        "cumulative": false
    },
    {
        "date": "2021-02-15T23:04:29.650Z",
        "value": "8.735126256942749",
        "cumulative": false
    },
    {
        "date": "2021-02-15T23:08:38.927Z",
        "value": "9.878101825714111",
        "cumulative": false
    },
    {
        "date": "2021-02-15T23:12:48.200Z",
        "value": "10.038280010223389",
        "cumulative": false
    },
    {
        "date": "2021-02-15T23:16:57.442Z",
        "value": "10.39661717414856",
        "cumulative": false
    },
    {
        "date": "2021-02-15T23:21:06.733Z",
        "value": "9.911888837814331",
        "cumulative": false
    },
    {
        "date": "2021-02-15T23:25:15.772Z",
        "value": "10.430152416229248",
        "cumulative": false
    },
    {
        "date": "2021-02-15T23:29:24.922Z",
        "value": "10.035148620605469",
        "cumulative": false
    },
    {
        "date": "2021-02-15T23:33:33.811Z",
        "value": "10.027756929397583",
        "cumulative": false
    },
    {
        "date": "2021-02-15T23:37:43.222Z",
        "value": "10.18177843093872",
        "cumulative": false
    },
    {
        "date": "2021-02-15T23:41:52.298Z",
        "value": "9.914900302886963",
        "cumulative": false
    },
    {
        "date": "2021-02-15T23:46:01.595Z",
        "value": "9.38669490814209",
        "cumulative": false
    },
    {
        "date": "2021-02-15T23:50:10.480Z",
        "value": "9.573102951049805",
        "cumulative": false
    },
    {
        "date": "2021-02-15T23:54:19.681Z",
        "value": "9.934005498886108",
        "cumulative": false
    },
    {
        "date": "2021-02-15T23:58:29.204Z",
        "value": "10.12343716621399",
        "cumulative": false
    },
    {
        "date": "2021-02-16T00:02:37.845Z",
        "value": "9.752631902694702",
        "cumulative": false
    },
    {
        "date": "2021-02-16T00:06:46.743Z",
        "value": "9.367716073989868",
        "cumulative": false
    },
    {
        "date": "2021-02-16T00:10:56.355Z",
        "value": "9.116626024246216",
        "cumulative": false
    },
    {
        "date": "2021-02-16T00:15:05.949Z",
        "value": "10.115269422531128",
        "cumulative": false
    },
    {
        "date": "2021-02-16T00:19:15.342Z",
        "value": "10.060015201568604",
        "cumulative": false
    },
    {
        "date": "2021-02-16T00:23:24.746Z",
        "value": "9.972046136856079",
        "cumulative": false
    },
    {
        "date": "2021-02-16T00:27:34.197Z",
        "value": "9.337629079818726",
        "cumulative": false
    },
    {
        "date": "2021-02-16T00:31:43.273Z",
        "value": "9.572810173034668",
        "cumulative": false
    },
    {
        "date": "2021-02-16T00:35:52.944Z",
        "value": "10.306491374969482",
        "cumulative": false
    },
    {
        "date": "2021-02-16T00:40:02.340Z",
        "value": "9.865143537521362",
        "cumulative": false
    },
    {
        "date": "2021-02-16T00:44:11.436Z",
        "value": "9.472172021865845",
        "cumulative": false
    },
    {
        "date": "2021-02-16T00:48:20.268Z",
        "value": "9.491457223892212",
        "cumulative": false
    },
    {
        "date": "2021-02-16T00:52:29.278Z",
        "value": "9.182900190353394",
        "cumulative": false
    },
    {
        "date": "2021-02-16T00:56:38.371Z",
        "value": "10.26793360710144",
        "cumulative": false
    },
    {
        "date": "2021-02-16T01:00:47.248Z",
        "value": "9.706230163574219",
        "cumulative": false
    },
    {
        "date": "2021-02-16T01:04:56.159Z",
        "value": "9.652963876724243",
        "cumulative": false
    },
    {
        "date": "2021-02-16T01:09:05.618Z",
        "value": "9.629989624023438",
        "cumulative": false
    },
    {
        "date": "2021-02-16T01:13:15.417Z",
        "value": "9.805702924728394",
        "cumulative": false
    },
    {
        "date": "2021-02-16T01:17:25.090Z",
        "value": "9.912935972213745",
        "cumulative": false
    },
    {
        "date": "2021-02-16T01:21:35.437Z",
        "value": "9.94746732711792",
        "cumulative": false
    },
    {
        "date": "2021-02-16T01:25:44.949Z",
        "value": "9.410407543182373",
        "cumulative": false
    },
    {
        "date": "2021-02-16T01:29:54.441Z",
        "value": "10.043534278869629",
        "cumulative": false
    },
    {
        "date": "2021-02-16T01:34:03.593Z",
        "value": "9.869692087173462",
        "cumulative": false
    },
    {
        "date": "2021-02-16T01:38:13.052Z",
        "value": "10.22100830078125",
        "cumulative": false
    },
    {
        "date": "2021-02-16T01:42:22.073Z",
        "value": "10.029457330703735",
        "cumulative": false
    },
    {
        "date": "2021-02-16T01:46:31.687Z",
        "value": "9.708585023880005",
        "cumulative": false
    },
    {
        "date": "2021-02-16T01:50:41.190Z",
        "value": "9.389845132827759",
        "cumulative": false
    },
    {
        "date": "2021-02-16T01:54:50.686Z",
        "value": "9.165297746658325",
        "cumulative": false
    },
    {
        "date": "2021-02-16T01:59:00.445Z",
        "value": "9.195359706878662",
        "cumulative": false
    },
    {
        "date": "2021-02-16T02:03:10.184Z",
        "value": "9.266668796539307",
        "cumulative": false
    },
    {
        "date": "2021-02-16T02:07:19.526Z",
        "value": "9.511255741119385",
        "cumulative": false
    },
    {
        "date": "2021-02-16T02:11:28.997Z",
        "value": "10.530593872070312",
        "cumulative": false
    },
    {
        "date": "2021-02-16T02:15:37.986Z",
        "value": "9.337236404418945",
        "cumulative": false
    },
    {
        "date": "2021-02-16T02:19:47.007Z",
        "value": "9.444423198699951",
        "cumulative": false
    },
    {
        "date": "2021-02-16T02:23:56.150Z",
        "value": "9.460781335830688",
        "cumulative": false
    },
    {
        "date": "2021-02-16T02:28:05.285Z",
        "value": "9.409462690353394",
        "cumulative": false
    },
    {
        "date": "2021-02-16T02:32:14.830Z",
        "value": "9.871529817581177",
        "cumulative": false
    },
    {
        "date": "2021-02-16T02:36:24.436Z",
        "value": "9.992680311203003",
        "cumulative": false
    },
    {
        "date": "2021-02-16T02:40:33.587Z",
        "value": "9.289075374603271",
        "cumulative": false
    },
    {
        "date": "2021-02-16T02:44:42.992Z",
        "value": "9.896864175796509",
        "cumulative": false
    },
    {
        "date": "2021-02-16T02:48:52.180Z",
        "value": "10.22636866569519",
        "cumulative": false
    },
    {
        "date": "2021-02-16T02:53:01.402Z",
        "value": "9.75162410736084",
        "cumulative": false
    },
    {
        "date": "2021-02-16T02:57:10.342Z",
        "value": "9.510175228118896",
        "cumulative": false
    },
    {
        "date": "2021-02-16T03:01:19.297Z",
        "value": "9.59386420249939",
        "cumulative": false
    },
    {
        "date": "2021-02-16T03:05:28.457Z",
        "value": "9.047966241836548",
        "cumulative": false
    },
    {
        "date": "2021-02-16T03:09:37.705Z",
        "value": "10.340776205062866",
        "cumulative": false
    },
    {
        "date": "2021-02-16T03:13:46.888Z",
        "value": "10.637981653213501",
        "cumulative": false
    },
    {
        "date": "2021-02-16T03:17:55.558Z",
        "value": "10.55458688735962",
        "cumulative": false
    },
    {
        "date": "2021-02-16T03:22:04.976Z",
        "value": "8.959153413772583",
        "cumulative": false
    },
    {
        "date": "2021-02-16T03:26:13.709Z",
        "value": "10.238025188446045",
        "cumulative": false
    },
    {
        "date": "2021-02-16T03:30:22.622Z",
        "value": "9.26884913444519",
        "cumulative": false
    },
    {
        "date": "2021-02-16T03:34:31.284Z",
        "value": "9.909378051757812",
        "cumulative": false
    },
    {
        "date": "2021-02-16T03:38:40.002Z",
        "value": "10.244883060455322",
        "cumulative": false
    },
    {
        "date": "2021-02-16T03:42:49.306Z",
        "value": "9.278708457946777",
        "cumulative": false
    },
    {
        "date": "2021-02-16T03:46:58.991Z",
        "value": "9.767959117889404",
        "cumulative": false
    },
    {
        "date": "2021-02-16T03:51:07.812Z",
        "value": "9.232326745986938",
        "cumulative": false
    },
    {
        "date": "2021-02-16T03:55:16.411Z",
        "value": "9.827534675598145",
        "cumulative": false
    },
    {
        "date": "2021-02-16T03:59:25.297Z",
        "value": "9.938968658447266",
        "cumulative": false
    },
    {
        "date": "2021-02-16T04:03:34.482Z",
        "value": "9.691217422485352",
        "cumulative": false
    },
    {
        "date": "2021-02-16T04:07:43.607Z",
        "value": "8.50292158126831",
        "cumulative": false
    },
    {
        "date": "2021-02-16T04:11:52.693Z",
        "value": "9.369633674621582",
        "cumulative": false
    },
    {
        "date": "2021-02-16T04:16:01.773Z",
        "value": "9.583266973495483",
        "cumulative": false
    },
    {
        "date": "2021-02-16T04:20:10.925Z",
        "value": "10.084105253219604",
        "cumulative": false
    },
    {
        "date": "2021-02-16T04:24:20.431Z",
        "value": "10.124426126480103",
        "cumulative": false
    },
    {
        "date": "2021-02-16T04:28:29.382Z",
        "value": "9.995216846466064",
        "cumulative": false
    },
    {
        "date": "2021-02-16T04:32:38.550Z",
        "value": "9.345187187194824",
        "cumulative": false
    },
    {
        "date": "2021-02-16T04:36:48.053Z",
        "value": "9.144186019897461",
        "cumulative": false
    },
    {
        "date": "2021-02-16T04:40:56.818Z",
        "value": "9.638540983200073",
        "cumulative": false
    },
    {
        "date": "2021-02-16T04:45:05.985Z",
        "value": "9.863058090209961",
        "cumulative": false
    },
    {
        "date": "2021-02-16T04:49:15.026Z",
        "value": "9.541043043136597",
        "cumulative": false
    },
    {
        "date": "2021-02-16T04:53:23.993Z",
        "value": "9.456398963928223",
        "cumulative": false
    },
    {
        "date": "2021-02-16T04:57:32.987Z",
        "value": "9.427017211914062",
        "cumulative": false
    },
    {
        "date": "2021-02-16T05:01:42.569Z",
        "value": "9.336197853088379",
        "cumulative": false
    },
    {
        "date": "2021-02-16T05:05:51.713Z",
        "value": "9.843474388122559",
        "cumulative": false
    },
    {
        "date": "2021-02-16T05:10:00.393Z",
        "value": "9.744580268859863",
        "cumulative": false
    },
    {
        "date": "2021-02-16T05:14:10.152Z",
        "value": "9.272054195404053",
        "cumulative": false
    },
    {
        "date": "2021-02-16T05:18:19.458Z",
        "value": "9.524853229522705",
        "cumulative": false
    },
    {
        "date": "2021-02-16T05:22:28.886Z",
        "value": "9.641783952713013",
        "cumulative": false
    },
    {
        "date": "2021-02-16T05:26:38.112Z",
        "value": "10.2114999294281",
        "cumulative": false
    },
    {
        "date": "2021-02-16T05:30:47.614Z",
        "value": "9.952481985092163",
        "cumulative": false
    },
    {
        "date": "2021-02-16T05:34:56.647Z",
        "value": "10.234194278717041",
        "cumulative": false
    },
    {
        "date": "2021-02-16T05:39:05.382Z",
        "value": "9.138681411743164",
        "cumulative": false
    },
    {
        "date": "2021-02-16T05:43:14.510Z",
        "value": "9.286335945129395",
        "cumulative": false
    },
    {
        "date": "2021-02-16T05:47:23.856Z",
        "value": "9.136921167373657",
        "cumulative": false
    },
    {
        "date": "2021-02-16T05:51:32.912Z",
        "value": "10.015575408935547",
        "cumulative": false
    },
    {
        "date": "2021-02-16T05:55:42.262Z",
        "value": "8.975308179855347",
        "cumulative": false
    },
    {
        "date": "2021-02-16T05:59:51.351Z",
        "value": "9.484980344772339",
        "cumulative": false
    },
    {
        "date": "2021-02-16T06:04:00.301Z",
        "value": "8.752394676208496",
        "cumulative": false
    },
    {
        "date": "2021-02-16T06:08:09.339Z",
        "value": "9.524287223815918",
        "cumulative": false
    },
    {
        "date": "2021-02-16T06:12:18.458Z",
        "value": "10.041706085205078",
        "cumulative": false
    },
    {
        "date": "2021-02-16T06:16:27.709Z",
        "value": "9.374725580215454",
        "cumulative": false
    },
    {
        "date": "2021-02-16T06:20:37.446Z",
        "value": "9.977827310562134",
        "cumulative": false
    },
    {
        "date": "2021-02-16T06:24:47.099Z",
        "value": "10.010060787200928",
        "cumulative": false
    },
    {
        "date": "2021-02-16T06:28:56.507Z",
        "value": "9.873413324356079",
        "cumulative": false
    },
    {
        "date": "2021-02-16T06:33:05.580Z",
        "value": "9.912914037704468",
        "cumulative": false
    },
    {
        "date": "2021-02-16T06:37:15.488Z",
        "value": "9.976425409317017",
        "cumulative": false
    },
    {
        "date": "2021-02-16T06:41:25.292Z",
        "value": "9.593737125396729",
        "cumulative": false
    },
    {
        "date": "2021-02-16T06:45:34.519Z",
        "value": "10.710062503814697",
        "cumulative": false
    },
    {
        "date": "2021-02-16T06:49:43.933Z",
        "value": "8.945760726928711",
        "cumulative": false
    },
    {
        "date": "2021-02-16T06:53:53.743Z",
        "value": "9.835474967956543",
        "cumulative": false
    },
    {
        "date": "2021-02-16T06:58:03.073Z",
        "value": "9.079193353652954",
        "cumulative": false
    },
    {
        "date": "2021-02-16T07:02:12.490Z",
        "value": "10.013611078262329",
        "cumulative": false
    },
    {
        "date": "2021-02-16T07:06:22.309Z",
        "value": "9.841139316558838",
        "cumulative": false
    },
    {
        "date": "2021-02-16T07:10:32.076Z",
        "value": "9.844066381454468",
        "cumulative": false
    },
    {
        "date": "2021-02-16T07:14:41.536Z",
        "value": "9.623809337615967",
        "cumulative": false
    },
    {
        "date": "2021-02-16T07:18:51.025Z",
        "value": "10.071616649627686",
        "cumulative": false
    },
    {
        "date": "2021-02-16T07:23:00.707Z",
        "value": "10.429155349731445",
        "cumulative": false
    },
    {
        "date": "2021-02-16T07:27:10.455Z",
        "value": "9.389790296554565",
        "cumulative": false
    },
    {
        "date": "2021-02-16T07:31:19.918Z",
        "value": "9.424397945404053",
        "cumulative": false
    },
    {
        "date": "2021-02-16T07:35:29.499Z",
        "value": "10.281165361404419",
        "cumulative": false
    },
    {
        "date": "2021-02-16T07:39:39.059Z",
        "value": "9.048292875289917",
        "cumulative": false
    },
    {
        "date": "2021-02-16T07:43:48.829Z",
        "value": "9.222153902053833",
        "cumulative": false
    },
    {
        "date": "2021-02-16T07:47:58.449Z",
        "value": "9.533736228942871",
        "cumulative": false
    },
    {
        "date": "2021-02-16T07:52:08.228Z",
        "value": "9.588513374328613",
        "cumulative": false
    },
    {
        "date": "2021-02-16T07:56:17.463Z",
        "value": "10.04598355293274",
        "cumulative": false
    },
    {
        "date": "2021-02-16T08:00:26.743Z",
        "value": "9.9591383934021",
        "cumulative": false
    },
    {
        "date": "2021-02-16T08:04:35.449Z",
        "value": "9.91731071472168",
        "cumulative": false
    },
    {
        "date": "2021-02-16T08:08:44.630Z",
        "value": "9.369590759277344",
        "cumulative": false
    },
    {
        "date": "2021-02-16T08:12:54.144Z",
        "value": "9.702720642089844",
        "cumulative": false
    },
    {
        "date": "2021-02-16T08:17:03.497Z",
        "value": "9.697736263275146",
        "cumulative": false
    },
    {
        "date": "2021-02-16T08:21:12.237Z",
        "value": "9.408283233642578",
        "cumulative": false
    },
    {
        "date": "2021-02-16T08:25:21.559Z",
        "value": "9.757433891296387",
        "cumulative": false
    },
    {
        "date": "2021-02-16T08:29:30.863Z",
        "value": "9.261212587356567",
        "cumulative": false
    },
    {
        "date": "2021-02-16T08:33:40.341Z",
        "value": "10.57896113395691",
        "cumulative": false
    },
    {
        "date": "2021-02-16T08:37:49.448Z",
        "value": "9.733582258224487",
        "cumulative": false
    },
    {
        "date": "2021-02-16T08:41:58.203Z",
        "value": "9.953985691070557",
        "cumulative": false
    },
    {
        "date": "2021-02-16T08:46:07.338Z",
        "value": "9.543408870697021",
        "cumulative": false
    },
    {
        "date": "2021-02-16T08:50:16.123Z",
        "value": "9.251096248626709",
        "cumulative": false
    },
    {
        "date": "2021-02-16T08:54:25.354Z",
        "value": "9.513051271438599",
        "cumulative": false
    },
    {
        "date": "2021-02-16T08:58:34.765Z",
        "value": "9.682639837265015",
        "cumulative": false
    },
    {
        "date": "2021-02-16T09:02:44.204Z",
        "value": "9.089906215667725",
        "cumulative": false
    },
    {
        "date": "2021-02-16T09:06:53.388Z",
        "value": "9.338382959365845",
        "cumulative": false
    },
    {
        "date": "2021-02-16T09:11:02.630Z",
        "value": "9.813255548477173",
        "cumulative": false
    },
    {
        "date": "2021-02-16T09:15:12.282Z",
        "value": "10.769765615463257",
        "cumulative": false
    },
    {
        "date": "2021-02-16T09:19:21.560Z",
        "value": "9.044318437576294",
        "cumulative": false
    },
    {
        "date": "2021-02-16T09:23:31.078Z",
        "value": "10.131688833236694",
        "cumulative": false
    },
    {
        "date": "2021-02-16T09:27:39.944Z",
        "value": "10.038510084152222",
        "cumulative": false
    },
    {
        "date": "2021-02-16T09:31:49.481Z",
        "value": "9.601089477539062",
        "cumulative": false
    },
    {
        "date": "2021-02-16T09:35:58.781Z",
        "value": "9.63174057006836",
        "cumulative": false
    },
    {
        "date": "2021-02-16T09:40:08.022Z",
        "value": "9.462646007537842",
        "cumulative": false
    },
    {
        "date": "2021-02-16T09:44:17.674Z",
        "value": "9.656023502349854",
        "cumulative": false
    },
    {
        "date": "2021-02-16T09:48:26.714Z",
        "value": "9.439223766326904",
        "cumulative": false
    },
    {
        "date": "2021-02-16T09:52:36.208Z",
        "value": "9.570790529251099",
        "cumulative": false
    },
    {
        "date": "2021-02-16T09:56:45.349Z",
        "value": "9.335466384887695",
        "cumulative": false
    },
    {
        "date": "2021-02-16T10:00:55.036Z",
        "value": "10.446721076965332",
        "cumulative": false
    },
    {
        "date": "2021-02-16T10:05:04.599Z",
        "value": "9.965960502624512",
        "cumulative": false
    },
    {
        "date": "2021-02-16T10:09:13.792Z",
        "value": "10.647639989852905",
        "cumulative": false
    },
    {
        "date": "2021-02-16T10:13:23.019Z",
        "value": "9.962313652038574",
        "cumulative": false
    },
    {
        "date": "2021-02-16T10:17:32.665Z",
        "value": "10.534881591796875",
        "cumulative": false
    },
    {
        "date": "2021-02-16T10:21:41.941Z",
        "value": "9.512435913085938",
        "cumulative": false
    },
    {
        "date": "2021-02-16T10:25:50.915Z",
        "value": "9.735850811004639",
        "cumulative": false
    },
    {
        "date": "2021-02-16T10:30:00.056Z",
        "value": "10.19935917854309",
        "cumulative": false
    },
    {
        "date": "2021-02-16T10:34:09.876Z",
        "value": "10.04612922668457",
        "cumulative": false
    },
    {
        "date": "2021-02-16T10:38:19.166Z",
        "value": "8.939011096954346",
        "cumulative": false
    },
    {
        "date": "2021-02-16T10:42:28.723Z",
        "value": "9.726527214050293",
        "cumulative": false
    },
    {
        "date": "2021-02-16T10:46:37.757Z",
        "value": "9.831256628036499",
        "cumulative": false
    },
    {
        "date": "2021-02-16T10:50:46.556Z",
        "value": "9.616061687469482",
        "cumulative": false
    },
    {
        "date": "2021-02-16T10:54:55.576Z",
        "value": "9.447004318237305",
        "cumulative": false
    },
    {
        "date": "2021-02-16T10:59:05.088Z",
        "value": "9.922168016433716",
        "cumulative": false
    },
    {
        "date": "2021-02-16T11:03:14.915Z",
        "value": "9.51294994354248",
        "cumulative": false
    },
    {
        "date": "2021-02-16T11:07:24.177Z",
        "value": "9.95964503288269",
        "cumulative": false
    },
    {
        "date": "2021-02-16T11:11:34.152Z",
        "value": "10.260050058364868",
        "cumulative": false
    },
    {
        "date": "2021-02-16T11:15:43.718Z",
        "value": "9.644169807434082",
        "cumulative": false
    },
    {
        "date": "2021-02-16T11:19:53.444Z",
        "value": "9.849887609481812",
        "cumulative": false
    },
    {
        "date": "2021-02-16T11:24:02.385Z",
        "value": "9.101531982421875",
        "cumulative": false
    },
    {
        "date": "2021-02-16T11:28:12.119Z",
        "value": "9.608228921890259",
        "cumulative": false
    },
    {
        "date": "2021-02-16T11:32:21.617Z",
        "value": "9.269788980484009",
        "cumulative": false
    },
    {
        "date": "2021-02-16T11:36:31.185Z",
        "value": "8.927401065826416",
        "cumulative": false
    },
    {
        "date": "2021-02-16T11:40:40.719Z",
        "value": "9.91588568687439",
        "cumulative": false
    },
    {
        "date": "2021-02-16T11:44:50.557Z",
        "value": "10.352025985717773",
        "cumulative": false
    },
    {
        "date": "2021-02-16T11:49:00.462Z",
        "value": "9.49094033241272",
        "cumulative": false
    },
    {
        "date": "2021-02-16T11:53:10.167Z",
        "value": "9.116631984710693",
        "cumulative": false
    },
    {
        "date": "2021-02-16T11:57:19.583Z",
        "value": "10.32756495475769",
        "cumulative": false
    },
    {
        "date": "2021-02-16T12:01:28.597Z",
        "value": "9.346096277236938",
        "cumulative": false
    },
    {
        "date": "2021-02-16T12:05:38.240Z",
        "value": "9.883951902389526",
        "cumulative": false
    },
    {
        "date": "2021-02-16T12:09:47.324Z",
        "value": "9.431199789047241",
        "cumulative": false
    },
    {
        "date": "2021-02-16T12:13:56.918Z",
        "value": "9.227092027664185",
        "cumulative": false
    },
    {
        "date": "2021-02-16T12:18:06.684Z",
        "value": "9.119009971618652",
        "cumulative": false
    },
    {
        "date": "2021-02-16T12:22:15.943Z",
        "value": "9.500801086425781",
        "cumulative": false
    },
    {
        "date": "2021-02-16T12:26:25.398Z",
        "value": "9.598792552947998",
        "cumulative": false
    },
    {
        "date": "2021-02-16T12:30:34.831Z",
        "value": "9.352113008499146",
        "cumulative": false
    },
    {
        "date": "2021-02-16T12:34:44.432Z",
        "value": "9.32560920715332",
        "cumulative": false
    },
    {
        "date": "2021-02-16T12:38:53.157Z",
        "value": "10.100660800933838",
        "cumulative": false
    },
    {
        "date": "2021-02-16T12:43:03.147Z",
        "value": "8.908728837966919",
        "cumulative": false
    },
    {
        "date": "2021-02-16T12:47:12.905Z",
        "value": "9.689895153045654",
        "cumulative": false
    },
    {
        "date": "2021-02-16T12:51:23.042Z",
        "value": "10.401607990264893",
        "cumulative": false
    },
    {
        "date": "2021-02-16T12:55:32.735Z",
        "value": "9.576717138290405",
        "cumulative": false
    },
    {
        "date": "2021-02-16T12:59:42.014Z",
        "value": "9.150311470031738",
        "cumulative": false
    },
    {
        "date": "2021-02-16T13:03:51.431Z",
        "value": "9.590267181396484",
        "cumulative": false
    },
    {
        "date": "2021-02-16T13:08:01.132Z",
        "value": "10.464735507965088",
        "cumulative": false
    },
    {
        "date": "2021-02-16T13:12:10.491Z",
        "value": "9.355904579162598",
        "cumulative": false
    },
    {
        "date": "2021-02-16T13:16:20.156Z",
        "value": "9.4910147190094",
        "cumulative": false
    },
    {
        "date": "2021-02-16T13:20:29.765Z",
        "value": "10.382463932037354",
        "cumulative": false
    },
    {
        "date": "2021-02-16T13:24:39.753Z",
        "value": "9.97309136390686",
        "cumulative": false
    },
    {
        "date": "2021-02-16T13:28:49.394Z",
        "value": "9.52729868888855",
        "cumulative": false
    },
    {
        "date": "2021-02-16T13:32:59.265Z",
        "value": "9.995814800262451",
        "cumulative": false
    },
    {
        "date": "2021-02-16T13:37:08.608Z",
        "value": "9.231317043304443",
        "cumulative": false
    },
    {
        "date": "2021-02-16T13:41:18.202Z",
        "value": "9.77442717552185",
        "cumulative": false
    },
    {
        "date": "2021-02-16T13:45:27.675Z",
        "value": "9.343915700912476",
        "cumulative": false
    },
    {
        "date": "2021-02-16T13:49:37.331Z",
        "value": "9.326707363128662",
        "cumulative": false
    },
    {
        "date": "2021-02-16T13:53:46.947Z",
        "value": "9.051440715789795",
        "cumulative": false
    },
    {
        "date": "2021-02-16T13:57:56.338Z",
        "value": "10.13970422744751",
        "cumulative": false
    },
    {
        "date": "2021-02-16T14:02:05.893Z",
        "value": "9.66139030456543",
        "cumulative": false
    },
    {
        "date": "2021-02-16T14:06:15.320Z",
        "value": "9.75708270072937",
        "cumulative": false
    },
    {
        "date": "2021-02-16T14:10:24.873Z",
        "value": "9.383142948150635",
        "cumulative": false
    },
    {
        "date": "2021-02-16T14:14:34.376Z",
        "value": "9.577821016311646",
        "cumulative": false
    },
    {
        "date": "2021-02-16T14:18:43.901Z",
        "value": "10.119569540023804",
        "cumulative": false
    },
    {
        "date": "2021-02-16T14:22:53.035Z",
        "value": "9.351989030838013",
        "cumulative": false
    },
    {
        "date": "2021-02-16T14:27:02.318Z",
        "value": "9.56481122970581",
        "cumulative": false
    },
    {
        "date": "2021-02-16T14:31:12.583Z",
        "value": "10.113212823867798",
        "cumulative": false
    },
    {
        "date": "2021-02-16T14:35:21.539Z",
        "value": "9.008381605148315",
        "cumulative": false
    },
    {
        "date": "2021-02-16T14:39:31.301Z",
        "value": "9.279685497283936",
        "cumulative": false
    },
    {
        "date": "2021-02-16T14:43:41.539Z",
        "value": "9.09334659576416",
        "cumulative": false
    },
    {
        "date": "2021-02-16T14:47:51.362Z",
        "value": "8.77133560180664",
        "cumulative": false
    },
    {
        "date": "2021-02-16T14:52:01.603Z",
        "value": "10.512866020202637",
        "cumulative": false
    },
    {
        "date": "2021-02-16T14:56:11.287Z",
        "value": "9.293962478637695",
        "cumulative": false
    },
    {
        "date": "2021-02-16T15:00:20.551Z",
        "value": "10.240604639053345",
        "cumulative": false
    },
    {
        "date": "2021-02-16T15:04:29.438Z",
        "value": "9.213574171066284",
        "cumulative": false
    },
    {
        "date": "2021-02-16T15:08:39.313Z",
        "value": "9.623473882675171",
        "cumulative": false
    },
    {
        "date": "2021-02-16T15:12:48.955Z",
        "value": "9.446033716201782",
        "cumulative": false
    },
    {
        "date": "2021-02-16T15:16:58.566Z",
        "value": "9.60796332359314",
        "cumulative": false
    },
    {
        "date": "2021-02-16T15:21:07.856Z",
        "value": "9.86043095588684",
        "cumulative": false
    },
    {
        "date": "2021-02-16T15:25:17.577Z",
        "value": "9.82009482383728",
        "cumulative": false
    },
    {
        "date": "2021-02-16T15:29:26.659Z",
        "value": "10.169898748397827",
        "cumulative": false
    },
    {
        "date": "2021-02-16T15:33:35.458Z",
        "value": "9.891156911849976",
        "cumulative": false
    },
    {
        "date": "2021-02-16T15:37:44.426Z",
        "value": "9.43056607246399",
        "cumulative": false
    },
    {
        "date": "2021-02-16T15:41:53.164Z",
        "value": "9.612743139266968",
        "cumulative": false
    },
    {
        "date": "2021-02-16T15:46:02.304Z",
        "value": "9.813396215438843",
        "cumulative": false
    },
    {
        "date": "2021-02-16T15:50:11.566Z",
        "value": "9.948559284210205",
        "cumulative": false
    },
    {
        "date": "2021-02-16T15:54:21.267Z",
        "value": "9.419935464859009",
        "cumulative": false
    },
    {
        "date": "2021-02-16T15:58:30.563Z",
        "value": "9.542984247207642",
        "cumulative": false
    },
    {
        "date": "2021-02-16T16:02:39.397Z",
        "value": "8.624452114105225",
        "cumulative": false
    },
    {
        "date": "2021-02-16T16:06:47.781Z",
        "value": "9.501318216323853",
        "cumulative": false
    },
    {
        "date": "2021-02-16T16:10:57.009Z",
        "value": "9.468103170394897",
        "cumulative": false
    },
    {
        "date": "2021-02-16T16:15:06.207Z",
        "value": "9.935665845870972",
        "cumulative": false
    },
    {
        "date": "2021-02-16T16:19:14.699Z",
        "value": "9.799033403396606",
        "cumulative": false
    },
    {
        "date": "2021-02-16T16:23:24.374Z",
        "value": "10.285039186477661",
        "cumulative": false
    },
    {
        "date": "2021-02-16T16:27:34.488Z",
        "value": "9.97955870628357",
        "cumulative": false
    },
    {
        "date": "2021-02-16T16:31:43.124Z",
        "value": "9.857146978378296",
        "cumulative": false
    },
    {
        "date": "2021-02-16T16:35:52.279Z",
        "value": "9.420219898223877",
        "cumulative": false
    },
    {
        "date": "2021-02-16T16:40:02.284Z",
        "value": "9.546480417251587",
        "cumulative": false
    },
    {
        "date": "2021-02-16T16:44:11.564Z",
        "value": "9.715131282806396",
        "cumulative": false
    },
    {
        "date": "2021-02-16T16:48:21.295Z",
        "value": "9.14384388923645",
        "cumulative": false
    },
    {
        "date": "2021-02-16T16:52:30.351Z",
        "value": "9.118669509887695",
        "cumulative": false
    },
    {
        "date": "2021-02-16T16:56:39.580Z",
        "value": "10.811328887939453",
        "cumulative": false
    },
    {
        "date": "2021-02-16T17:00:48.883Z",
        "value": "9.544944286346436",
        "cumulative": false
    },
    {
        "date": "2021-02-16T17:04:58.066Z",
        "value": "9.585789918899536",
        "cumulative": false
    },
    {
        "date": "2021-02-16T17:09:07.884Z",
        "value": "9.750538349151611",
        "cumulative": false
    },
    {
        "date": "2021-02-16T17:13:17.332Z",
        "value": "9.514086484909058",
        "cumulative": false
    },
    {
        "date": "2021-02-16T17:17:26.884Z",
        "value": "9.933964252471924",
        "cumulative": false
    },
    {
        "date": "2021-02-16T17:21:36.579Z",
        "value": "9.114469051361084",
        "cumulative": false
    },
    {
        "date": "2021-02-16T17:25:46.444Z",
        "value": "9.468536615371704",
        "cumulative": false
    },
    {
        "date": "2021-02-16T17:29:56.193Z",
        "value": "9.903094291687012",
        "cumulative": false
    },
    {
        "date": "2021-02-16T17:34:05.780Z",
        "value": "9.644613027572632",
        "cumulative": false
    },
    {
        "date": "2021-02-16T17:38:15.339Z",
        "value": "9.881850004196167",
        "cumulative": false
    },
    {
        "date": "2021-02-16T17:42:24.568Z",
        "value": "9.773541450500488",
        "cumulative": false
    },
    {
        "date": "2021-02-16T17:46:34.139Z",
        "value": "9.004396915435791",
        "cumulative": false
    },
    {
        "date": "2021-02-16T17:50:43.375Z",
        "value": "9.860632181167603",
        "cumulative": false
    },
    {
        "date": "2021-02-16T17:54:52.584Z",
        "value": "9.476678133010864",
        "cumulative": false
    },
    {
        "date": "2021-02-16T17:59:01.287Z",
        "value": "10.08396863937378",
        "cumulative": false
    }
]