[
    {
        "date": "2021-02-15T16:27:58.264Z",
        "value": "12.123195171356201",
        "cumulative": false
    },
    {
        "date": "2021-02-15T16:31:57.807Z",
        "value": "9.752475500106812",
        "cumulative": false
    },
    {
        "date": "2021-02-15T16:35:57.088Z",
        "value": "9.681320667266846",
        "cumulative": false
    },
    {
        "date": "2021-02-15T16:39:57.203Z",
        "value": "9.503650426864624",
        "cumulative": false
    },
    {
        "date": "2021-02-15T16:43:57.521Z",
        "value": "9.492907285690308",
        "cumulative": false
    },
    {
        "date": "2021-02-15T16:47:58.275Z",
        "value": "9.412343740463257",
        "cumulative": false
    },
    {
        "date": "2021-02-15T16:51:59.162Z",
        "value": "9.397507190704346",
        "cumulative": false
    },
    {
        "date": "2021-02-15T16:56:00.481Z",
        "value": "9.42943286895752",
        "cumulative": false
    },
    {
        "date": "2021-02-15T17:00:01.449Z",
        "value": "9.366320848464966",
        "cumulative": false
    },
    {
        "date": "2021-02-15T17:04:03.277Z",
        "value": "9.256215810775757",
        "cumulative": false
    },
    {
        "date": "2021-02-15T17:08:04.775Z",
        "value": "9.25394892692566",
        "cumulative": false
    },
    {
        "date": "2021-02-15T17:12:06.286Z",
        "value": "9.288601160049438",
        "cumulative": false
    },
    {
        "date": "2021-02-15T17:16:08.384Z",
        "value": "9.213720798492432",
        "cumulative": false
    },
    {
        "date": "2021-02-15T17:20:10.281Z",
        "value": "9.162564754486084",
        "cumulative": false
    },
    {
        "date": "2021-02-15T17:24:11.680Z",
        "value": "9.105904340744019",
        "cumulative": false
    },
    {
        "date": "2021-02-15T17:28:13.935Z",
        "value": "9.104931592941284",
        "cumulative": false
    },
    {
        "date": "2021-02-15T17:32:15.907Z",
        "value": "9.030456304550171",
        "cumulative": false
    },
    {
        "date": "2021-02-15T17:36:18.184Z",
        "value": "9.108737468719482",
        "cumulative": false
    },
    {
        "date": "2021-02-15T17:40:20.649Z",
        "value": "9.0964994430542",
        "cumulative": false
    },
    {
        "date": "2021-02-15T17:44:22.399Z",
        "value": "9.116944551467896",
        "cumulative": false
    },
    {
        "date": "2021-02-15T17:48:24.519Z",
        "value": "9.098064661026001",
        "cumulative": false
    },
    {
        "date": "2021-02-15T17:52:26.892Z",
        "value": "9.063626766204834",
        "cumulative": false
    },
    {
        "date": "2021-02-15T17:56:29.144Z",
        "value": "9.183484315872192",
        "cumulative": false
    },
    {
        "date": "2021-02-15T18:00:31.723Z",
        "value": "9.120341062545776",
        "cumulative": false
    },
    {
        "date": "2021-02-15T18:04:34.197Z",
        "value": "9.099701404571533",
        "cumulative": false
    },
    {
        "date": "2021-02-15T18:08:37.209Z",
        "value": "9.100141048431396",
        "cumulative": false
    },
    {
        "date": "2021-02-15T18:12:39.646Z",
        "value": "9.082024097442627",
        "cumulative": false
    },
    {
        "date": "2021-02-15T18:16:41.819Z",
        "value": "9.064503192901611",
        "cumulative": false
    },
    {
        "date": "2021-02-15T18:20:43.837Z",
        "value": "9.02939248085022",
        "cumulative": false
    },
    {
        "date": "2021-02-15T18:24:46.141Z",
        "value": "9.0980064868927",
        "cumulative": false
    },
    {
        "date": "2021-02-15T18:28:49.001Z",
        "value": "9.148638725280762",
        "cumulative": false
    },
    {
        "date": "2021-02-15T18:32:51.789Z",
        "value": "9.110771417617798",
        "cumulative": false
    },
    {
        "date": "2021-02-15T18:36:54.480Z",
        "value": "9.025977849960327",
        "cumulative": false
    },
    {
        "date": "2021-02-15T18:40:56.773Z",
        "value": "9.10324740409851",
        "cumulative": false
    },
    {
        "date": "2021-02-15T18:44:58.971Z",
        "value": "9.055649757385254",
        "cumulative": false
    },
    {
        "date": "2021-02-15T18:49:01.297Z",
        "value": "9.032519578933716",
        "cumulative": false
    },
    {
        "date": "2021-02-15T18:53:03.478Z",
        "value": "8.973897933959961",
        "cumulative": false
    },
    {
        "date": "2021-02-15T18:57:05.563Z",
        "value": "8.950891733169556",
        "cumulative": false
    },
    {
        "date": "2021-02-15T19:01:07.745Z",
        "value": "9.00658130645752",
        "cumulative": false
    },
    {
        "date": "2021-02-15T19:05:09.870Z",
        "value": "9.001163959503174",
        "cumulative": false
    },
    {
        "date": "2021-02-15T19:09:12.096Z",
        "value": "9.009276151657104",
        "cumulative": false
    },
    {
        "date": "2021-02-15T19:13:14.261Z",
        "value": "9.046717882156372",
        "cumulative": false
    },
    {
        "date": "2021-02-15T19:17:16.777Z",
        "value": "9.07017183303833",
        "cumulative": false
    },
    {
        "date": "2021-02-15T19:21:19.596Z",
        "value": "9.12583327293396",
        "cumulative": false
    },
    {
        "date": "2021-02-15T19:25:21.927Z",
        "value": "8.96752667427063",
        "cumulative": false
    },
    {
        "date": "2021-02-15T19:29:24.985Z",
        "value": "9.051787853240967",
        "cumulative": false
    },
    {
        "date": "2021-02-15T19:33:26.986Z",
        "value": "9.050503253936768",
        "cumulative": false
    },
    {
        "date": "2021-02-15T19:37:29.170Z",
        "value": "9.029991149902344",
        "cumulative": false
    },
    {
        "date": "2021-02-15T19:41:31.157Z",
        "value": "9.322359561920166",
        "cumulative": false
    },
    {
        "date": "2021-02-15T19:45:33.498Z",
        "value": "9.084895372390747",
        "cumulative": false
    },
    {
        "date": "2021-02-15T19:49:35.838Z",
        "value": "9.084707021713257",
        "cumulative": false
    },
    {
        "date": "2021-02-15T19:53:37.844Z",
        "value": "9.16403865814209",
        "cumulative": false
    },
    {
        "date": "2021-02-15T19:57:40.164Z",
        "value": "9.029723167419434",
        "cumulative": false
    },
    {
        "date": "2021-02-15T20:01:49.407Z",
        "value": "9.039023399353027",
        "cumulative": false
    },
    {
        "date": "2021-02-15T20:05:58.109Z",
        "value": "9.071589946746826",
        "cumulative": false
    },
    {
        "date": "2021-02-15T20:10:07.268Z",
        "value": "8.968574047088623",
        "cumulative": false
    },
    {
        "date": "2021-02-15T20:14:15.632Z",
        "value": "9.047184944152832",
        "cumulative": false
    },
    {
        "date": "2021-02-15T20:18:24.622Z",
        "value": "9.006765365600586",
        "cumulative": false
    },
    {
        "date": "2021-02-15T20:22:33.650Z",
        "value": "8.978478908538818",
        "cumulative": false
    },
    {
        "date": "2021-02-15T20:26:42.673Z",
        "value": "8.967830896377563",
        "cumulative": false
    },
    {
        "date": "2021-02-15T20:30:51.395Z",
        "value": "8.949918270111084",
        "cumulative": false
    },
    {
        "date": "2021-02-15T20:35:00.261Z",
        "value": "8.969893455505371",
        "cumulative": false
    },
    {
        "date": "2021-02-15T20:39:09.679Z",
        "value": "9.016291618347168",
        "cumulative": false
    },
    {
        "date": "2021-02-15T20:43:18.928Z",
        "value": "9.045005559921265",
        "cumulative": false
    },
    {
        "date": "2021-02-15T20:47:28.112Z",
        "value": "8.972155332565308",
        "cumulative": false
    },
    {
        "date": "2021-02-15T20:51:37.072Z",
        "value": "8.97771430015564",
        "cumulative": false
    },
    {
        "date": "2021-02-15T20:55:45.670Z",
        "value": "8.988298892974854",
        "cumulative": false
    },
    {
        "date": "2021-02-15T20:59:55.262Z",
        "value": "8.886701822280884",
        "cumulative": false
    },
    {
        "date": "2021-02-15T21:04:04.205Z",
        "value": "8.854123592376709",
        "cumulative": false
    },
    {
        "date": "2021-02-15T21:08:13.286Z",
        "value": "8.920416116714478",
        "cumulative": false
    },
    {
        "date": "2021-02-15T21:12:22.090Z",
        "value": "8.815508365631104",
        "cumulative": false
    },
    {
        "date": "2021-02-15T21:16:31.238Z",
        "value": "8.792256832122803",
        "cumulative": false
    },
    {
        "date": "2021-02-15T21:20:40.314Z",
        "value": "8.823386430740356",
        "cumulative": false
    },
    {
        "date": "2021-02-15T21:24:49.847Z",
        "value": "8.897664308547974",
        "cumulative": false
    },
    {
        "date": "2021-02-15T21:28:59.135Z",
        "value": "8.861064910888672",
        "cumulative": false
    },
    {
        "date": "2021-02-15T21:33:08.255Z",
        "value": "8.779736280441284",
        "cumulative": false
    },
    {
        "date": "2021-02-15T21:37:17.140Z",
        "value": "8.783512353897095",
        "cumulative": false
    },
    {
        "date": "2021-02-15T21:41:25.823Z",
        "value": "8.811320781707764",
        "cumulative": false
    },
    {
        "date": "2021-02-15T21:45:34.742Z",
        "value": "8.775846004486084",
        "cumulative": false
    },
    {
        "date": "2021-02-15T21:49:43.997Z",
        "value": "8.833635091781616",
        "cumulative": false
    },
    {
        "date": "2021-02-15T21:53:53.192Z",
        "value": "8.830870389938354",
        "cumulative": false
    },
    {
        "date": "2021-02-15T21:58:02.487Z",
        "value": "8.852092742919922",
        "cumulative": false
    },
    {
        "date": "2021-02-15T22:02:11.670Z",
        "value": "8.81647539138794",
        "cumulative": false
    },
    {
        "date": "2021-02-15T22:06:20.280Z",
        "value": "8.828581809997559",
        "cumulative": false
    },
    {
        "date": "2021-02-15T22:10:29.479Z",
        "value": "8.8375563621521",
        "cumulative": false
    },
    {
        "date": "2021-02-15T22:14:38.878Z",
        "value": "8.816027641296387",
        "cumulative": false
    },
    {
        "date": "2021-02-15T22:18:48.215Z",
        "value": "8.80876898765564",
        "cumulative": false
    },
    {
        "date": "2021-02-15T22:22:56.901Z",
        "value": "8.863034725189209",
        "cumulative": false
    },
    {
        "date": "2021-02-15T22:27:06.396Z",
        "value": "8.826337814331055",
        "cumulative": false
    },
    {
        "date": "2021-02-15T22:31:15.740Z",
        "value": "8.771223306655884",
        "cumulative": false
    },
    {
        "date": "2021-02-15T22:35:25.309Z",
        "value": "8.827783346176147",
        "cumulative": false
    },
    {
        "date": "2021-02-15T22:39:35.120Z",
        "value": "8.848189353942871",
        "cumulative": false
    },
    {
        "date": "2021-02-15T22:43:44.252Z",
        "value": "8.80131196975708",
        "cumulative": false
    },
    {
        "date": "2021-02-15T22:47:53.620Z",
        "value": "8.807544231414795",
        "cumulative": false
    },
    {
        "date": "2021-02-15T22:52:02.751Z",
        "value": "8.799510717391968",
        "cumulative": false
    },
    {
        "date": "2021-02-15T22:56:11.957Z",
        "value": "8.804967880249023",
        "cumulative": false
    },
    {
        "date": "2021-02-15T23:00:21.248Z",
        "value": "8.788170099258423",
        "cumulative": false
    },
    {
        "date": "2021-02-15T23:04:29.650Z",
        "value": "8.752780199050903",
        "cumulative": false
    },
    {
        "date": "2021-02-15T23:08:38.927Z",
        "value": "8.801392316818237",
        "cumulative": false
    },
    {
        "date": "2021-02-15T23:12:48.200Z",
        "value": "9.085617065429688",
        "cumulative": false
    },
    {
        "date": "2021-02-15T23:16:57.442Z",
        "value": "9.588491916656494",
        "cumulative": false
    },
    {
        "date": "2021-02-15T23:21:06.733Z",
        "value": "9.718162536621094",
        "cumulative": false
    },
    {
        "date": "2021-02-15T23:25:15.772Z",
        "value": "9.875937700271606",
        "cumulative": false
    },
    {
        "date": "2021-02-15T23:29:24.922Z",
        "value": "9.96721339225769",
        "cumulative": false
    },
    {
        "date": "2021-02-15T23:33:33.811Z",
        "value": "9.947054386138916",
        "cumulative": false
    },
    {
        "date": "2021-02-15T23:37:43.222Z",
        "value": "9.979930877685547",
        "cumulative": false
    },
    {
        "date": "2021-02-15T23:41:52.297Z",
        "value": "10.082786083221436",
        "cumulative": false
    },
    {
        "date": "2021-02-15T23:46:01.595Z",
        "value": "9.961059808731079",
        "cumulative": false
    },
    {
        "date": "2021-02-15T23:50:10.480Z",
        "value": "9.950763940811157",
        "cumulative": false
    },
    {
        "date": "2021-02-15T23:54:19.681Z",
        "value": "9.972579717636108",
        "cumulative": false
    },
    {
        "date": "2021-02-15T23:58:29.204Z",
        "value": "10.047902822494507",
        "cumulative": false
    },
    {
        "date": "2021-02-16T00:02:37.845Z",
        "value": "9.926515817642212",
        "cumulative": false
    },
    {
        "date": "2021-02-16T00:06:46.743Z",
        "value": "10.000045537948608",
        "cumulative": false
    },
    {
        "date": "2021-02-16T00:10:56.355Z",
        "value": "9.990636348724365",
        "cumulative": false
    },
    {
        "date": "2021-02-16T00:15:05.949Z",
        "value": "10.069911479949951",
        "cumulative": false
    },
    {
        "date": "2021-02-16T00:19:15.342Z",
        "value": "10.058949708938599",
        "cumulative": false
    },
    {
        "date": "2021-02-16T00:23:24.746Z",
        "value": "10.038288831710815",
        "cumulative": false
    },
    {
        "date": "2021-02-16T00:27:34.197Z",
        "value": "10.063549280166626",
        "cumulative": false
    },
    {
        "date": "2021-02-16T00:31:43.273Z",
        "value": "10.076769590377808",
        "cumulative": false
    },
    {
        "date": "2021-02-16T00:35:52.944Z",
        "value": "10.06867504119873",
        "cumulative": false
    },
    {
        "date": "2021-02-16T00:40:02.340Z",
        "value": "10.041395902633667",
        "cumulative": false
    },
    {
        "date": "2021-02-16T00:44:11.436Z",
        "value": "10.088524103164673",
        "cumulative": false
    },
    {
        "date": "2021-02-16T00:48:20.268Z",
        "value": "9.954862594604492",
        "cumulative": false
    },
    {
        "date": "2021-02-16T00:52:29.278Z",
        "value": "9.845901012420654",
        "cumulative": false
    },
    {
        "date": "2021-02-16T00:56:38.371Z",
        "value": "9.964511632919312",
        "cumulative": false
    },
    {
        "date": "2021-02-16T01:00:47.247Z",
        "value": "9.911042928695679",
        "cumulative": false
    },
    {
        "date": "2021-02-16T01:04:56.159Z",
        "value": "10.090032815933228",
        "cumulative": false
    },
    {
        "date": "2021-02-16T01:09:05.618Z",
        "value": "10.182213306427002",
        "cumulative": false
    },
    {
        "date": "2021-02-16T01:13:15.417Z",
        "value": "10.066415071487427",
        "cumulative": false
    },
    {
        "date": "2021-02-16T01:17:25.090Z",
        "value": "10.052304983139038",
        "cumulative": false
    },
    {
        "date": "2021-02-16T01:21:35.437Z",
        "value": "10.006680250167847",
        "cumulative": false
    },
    {
        "date": "2021-02-16T01:25:44.949Z",
        "value": "9.955057144165039",
        "cumulative": false
    },
    {
        "date": "2021-02-16T01:29:54.441Z",
        "value": "9.893895626068115",
        "cumulative": false
    },
    {
        "date": "2021-02-16T01:34:03.593Z",
        "value": "10.102304697036743",
        "cumulative": false
    },
    {
        "date": "2021-02-16T01:38:13.052Z",
        "value": "10.061386823654175",
        "cumulative": false
    },
    {
        "date": "2021-02-16T01:42:22.073Z",
        "value": "10.042491436004639",
        "cumulative": false
    },
    {
        "date": "2021-02-16T01:46:31.687Z",
        "value": "9.961419582366943",
        "cumulative": false
    },
    {
        "date": "2021-02-16T01:50:41.190Z",
        "value": "9.942379713058472",
        "cumulative": false
    },
    {
        "date": "2021-02-16T01:54:50.686Z",
        "value": "9.921841144561768",
        "cumulative": false
    },
    {
        "date": "2021-02-16T01:59:00.445Z",
        "value": "10.032218217849731",
        "cumulative": false
    },
    {
        "date": "2021-02-16T02:03:10.184Z",
        "value": "9.939437627792358",
        "cumulative": false
    },
    {
        "date": "2021-02-16T02:07:19.525Z",
        "value": "9.793359518051147",
        "cumulative": false
    },
    {
        "date": "2021-02-16T02:11:28.997Z",
        "value": "9.787742614746094",
        "cumulative": false
    },
    {
        "date": "2021-02-16T02:15:37.986Z",
        "value": "10.110669136047363",
        "cumulative": false
    },
    {
        "date": "2021-02-16T02:19:47.006Z",
        "value": "9.943150043487549",
        "cumulative": false
    },
    {
        "date": "2021-02-16T02:23:56.150Z",
        "value": "9.99220585823059",
        "cumulative": false
    },
    {
        "date": "2021-02-16T02:28:05.285Z",
        "value": "10.06636905670166",
        "cumulative": false
    },
    {
        "date": "2021-02-16T02:32:14.830Z",
        "value": "10.018806219100952",
        "cumulative": false
    },
    {
        "date": "2021-02-16T02:36:24.436Z",
        "value": "9.805023193359375",
        "cumulative": false
    },
    {
        "date": "2021-02-16T02:40:33.587Z",
        "value": "9.84897255897522",
        "cumulative": false
    },
    {
        "date": "2021-02-16T02:44:42.992Z",
        "value": "9.861667394638062",
        "cumulative": false
    },
    {
        "date": "2021-02-16T02:48:52.180Z",
        "value": "9.926050662994385",
        "cumulative": false
    },
    {
        "date": "2021-02-16T02:53:01.402Z",
        "value": "9.849098205566406",
        "cumulative": false
    },
    {
        "date": "2021-02-16T02:57:10.341Z",
        "value": "9.79840636253357",
        "cumulative": false
    },
    {
        "date": "2021-02-16T03:01:19.297Z",
        "value": "9.766404390335083",
        "cumulative": false
    },
    {
        "date": "2021-02-16T03:05:28.457Z",
        "value": "9.781592607498169",
        "cumulative": false
    },
    {
        "date": "2021-02-16T03:09:37.705Z",
        "value": "9.844396591186523",
        "cumulative": false
    },
    {
        "date": "2021-02-16T03:13:46.888Z",
        "value": "9.450449466705322",
        "cumulative": false
    },
    {
        "date": "2021-02-16T03:17:55.558Z",
        "value": "8.981302976608276",
        "cumulative": false
    },
    {
        "date": "2021-02-16T03:22:04.976Z",
        "value": "8.95196795463562",
        "cumulative": false
    },
    {
        "date": "2021-02-16T03:26:13.709Z",
        "value": "9.023638010025024",
        "cumulative": false
    },
    {
        "date": "2021-02-16T03:30:22.622Z",
        "value": "9.023783922195435",
        "cumulative": false
    },
    {
        "date": "2021-02-16T03:34:31.284Z",
        "value": "9.02362608909607",
        "cumulative": false
    },
    {
        "date": "2021-02-16T03:38:40.002Z",
        "value": "9.008503913879395",
        "cumulative": false
    },
    {
        "date": "2021-02-16T03:42:49.306Z",
        "value": "9.683627367019653",
        "cumulative": false
    },
    {
        "date": "2021-02-16T03:46:58.991Z",
        "value": "9.435483932495117",
        "cumulative": false
    },
    {
        "date": "2021-02-16T03:51:07.812Z",
        "value": "9.611094236373901",
        "cumulative": false
    },
    {
        "date": "2021-02-16T03:55:16.410Z",
        "value": "9.117925882339478",
        "cumulative": false
    },
    {
        "date": "2021-02-16T03:59:25.297Z",
        "value": "9.395115375518799",
        "cumulative": false
    },
    {
        "date": "2021-02-16T04:03:34.482Z",
        "value": "9.752327680587769",
        "cumulative": false
    },
    {
        "date": "2021-02-16T04:07:43.607Z",
        "value": "9.724290370941162",
        "cumulative": false
    },
    {
        "date": "2021-02-16T04:11:52.693Z",
        "value": "9.725032091140747",
        "cumulative": false
    },
    {
        "date": "2021-02-16T04:16:01.773Z",
        "value": "9.887488842010498",
        "cumulative": false
    },
    {
        "date": "2021-02-16T04:20:10.924Z",
        "value": "9.988408327102661",
        "cumulative": false
    },
    {
        "date": "2021-02-16T04:24:20.431Z",
        "value": "10.070382595062256",
        "cumulative": false
    },
    {
        "date": "2021-02-16T04:28:29.382Z",
        "value": "9.966866493225098",
        "cumulative": false
    },
    {
        "date": "2021-02-16T04:32:38.550Z",
        "value": "9.928918600082397",
        "cumulative": false
    },
    {
        "date": "2021-02-16T04:36:48.053Z",
        "value": "9.9526207447052",
        "cumulative": false
    },
    {
        "date": "2021-02-16T04:40:56.818Z",
        "value": "9.796530485153198",
        "cumulative": false
    },
    {
        "date": "2021-02-16T04:45:05.985Z",
        "value": "10.002388954162598",
        "cumulative": false
    },
    {
        "date": "2021-02-16T04:49:15.026Z",
        "value": "9.370516777038574",
        "cumulative": false
    },
    {
        "date": "2021-02-16T04:53:23.993Z",
        "value": "9.359561920166016",
        "cumulative": false
    },
    {
        "date": "2021-02-16T04:57:32.987Z",
        "value": "9.39077377319336",
        "cumulative": false
    },
    {
        "date": "2021-02-16T05:01:42.569Z",
        "value": "9.223205089569092",
        "cumulative": false
    },
    {
        "date": "2021-02-16T05:05:51.713Z",
        "value": "9.314054250717163",
        "cumulative": false
    },
    {
        "date": "2021-02-16T05:10:00.393Z",
        "value": "9.22956132888794",
        "cumulative": false
    },
    {
        "date": "2021-02-16T05:14:10.152Z",
        "value": "9.199877977371216",
        "cumulative": false
    },
    {
        "date": "2021-02-16T05:18:19.458Z",
        "value": "9.25411343574524",
        "cumulative": false
    },
    {
        "date": "2021-02-16T05:22:28.886Z",
        "value": "9.275439262390137",
        "cumulative": false
    },
    {
        "date": "2021-02-16T05:26:38.112Z",
        "value": "9.304000854492188",
        "cumulative": false
    },
    {
        "date": "2021-02-16T05:30:47.614Z",
        "value": "9.257384061813354",
        "cumulative": false
    },
    {
        "date": "2021-02-16T05:34:56.647Z",
        "value": "9.251667022705078",
        "cumulative": false
    },
    {
        "date": "2021-02-16T05:39:05.382Z",
        "value": "9.344215631484985",
        "cumulative": false
    },
    {
        "date": "2021-02-16T05:43:14.510Z",
        "value": "9.400456428527832",
        "cumulative": false
    },
    {
        "date": "2021-02-16T05:47:23.856Z",
        "value": "9.464779376983643",
        "cumulative": false
    },
    {
        "date": "2021-02-16T05:51:32.912Z",
        "value": "9.513725519180298",
        "cumulative": false
    },
    {
        "date": "2021-02-16T05:55:42.262Z",
        "value": "9.50723648071289",
        "cumulative": false
    },
    {
        "date": "2021-02-16T05:59:51.351Z",
        "value": "9.266433715820312",
        "cumulative": false
    },
    {
        "date": "2021-02-16T06:04:00.301Z",
        "value": "9.056052446365356",
        "cumulative": false
    },
    {
        "date": "2021-02-16T06:08:09.339Z",
        "value": "9.141545057296753",
        "cumulative": false
    },
    {
        "date": "2021-02-16T06:12:18.458Z",
        "value": "9.49324345588684",
        "cumulative": false
    },
    {
        "date": "2021-02-16T06:16:27.709Z",
        "value": "9.465464353561401",
        "cumulative": false
    },
    {
        "date": "2021-02-16T06:20:37.446Z",
        "value": "9.529383659362793",
        "cumulative": false
    },
    {
        "date": "2021-02-16T06:24:47.099Z",
        "value": "9.518192768096924",
        "cumulative": false
    },
    {
        "date": "2021-02-16T06:28:56.507Z",
        "value": "9.624319791793823",
        "cumulative": false
    },
    {
        "date": "2021-02-16T06:33:05.580Z",
        "value": "9.657710790634155",
        "cumulative": false
    },
    {
        "date": "2021-02-16T06:37:15.488Z",
        "value": "9.64522671699524",
        "cumulative": false
    },
    {
        "date": "2021-02-16T06:41:25.292Z",
        "value": "9.526164293289185",
        "cumulative": false
    },
    {
        "date": "2021-02-16T06:45:34.519Z",
        "value": "9.674281120300293",
        "cumulative": false
    },
    {
        "date": "2021-02-16T06:49:43.933Z",
        "value": "9.501041889190674",
        "cumulative": false
    },
    {
        "date": "2021-02-16T06:53:53.743Z",
        "value": "9.478313446044922",
        "cumulative": false
    },
    {
        "date": "2021-02-16T06:58:03.073Z",
        "value": "9.538839101791382",
        "cumulative": false
    },
    {
        "date": "2021-02-16T07:02:12.490Z",
        "value": "9.709537029266357",
        "cumulative": false
    },
    {
        "date": "2021-02-16T07:06:22.309Z",
        "value": "9.633471965789795",
        "cumulative": false
    },
    {
        "date": "2021-02-16T07:10:32.076Z",
        "value": "9.6075599193573",
        "cumulative": false
    },
    {
        "date": "2021-02-16T07:14:41.536Z",
        "value": "9.63766860961914",
        "cumulative": false
    },
    {
        "date": "2021-02-16T07:18:51.025Z",
        "value": "9.624337911605835",
        "cumulative": false
    },
    {
        "date": "2021-02-16T07:23:00.707Z",
        "value": "9.672107696533203",
        "cumulative": false
    },
    {
        "date": "2021-02-16T07:27:10.455Z",
        "value": "9.552330017089844",
        "cumulative": false
    },
    {
        "date": "2021-02-16T07:31:19.917Z",
        "value": "9.563351154327393",
        "cumulative": false
    },
    {
        "date": "2021-02-16T07:35:29.499Z",
        "value": "9.498777866363525",
        "cumulative": false
    },
    {
        "date": "2021-02-16T07:39:39.058Z",
        "value": "9.608895301818848",
        "cumulative": false
    },
    {
        "date": "2021-02-16T07:43:48.829Z",
        "value": "9.614368915557861",
        "cumulative": false
    },
    {
        "date": "2021-02-16T07:47:58.449Z",
        "value": "9.578577041625977",
        "cumulative": false
    },
    {
        "date": "2021-02-16T07:52:08.228Z",
        "value": "9.525933027267456",
        "cumulative": false
    },
    {
        "date": "2021-02-16T07:56:17.463Z",
        "value": "9.310787916183472",
        "cumulative": false
    },
    {
        "date": "2021-02-16T08:00:26.743Z",
        "value": "9.189828872680664",
        "cumulative": false
    },
    {
        "date": "2021-02-16T08:04:35.449Z",
        "value": "9.032786130905151",
        "cumulative": false
    },
    {
        "date": "2021-02-16T08:08:44.630Z",
        "value": "9.091899633407593",
        "cumulative": false
    },
    {
        "date": "2021-02-16T08:12:54.144Z",
        "value": "9.294541358947754",
        "cumulative": false
    },
    {
        "date": "2021-02-16T08:17:03.497Z",
        "value": "9.346779108047485",
        "cumulative": false
    },
    {
        "date": "2021-02-16T08:21:12.237Z",
        "value": "9.553569793701172",
        "cumulative": false
    },
    {
        "date": "2021-02-16T08:25:21.559Z",
        "value": "10.046361207962036",
        "cumulative": false
    },
    {
        "date": "2021-02-16T08:29:30.863Z",
        "value": "9.90575623512268",
        "cumulative": false
    },
    {
        "date": "2021-02-16T08:33:40.341Z",
        "value": "9.846583366394043",
        "cumulative": false
    },
    {
        "date": "2021-02-16T08:37:49.447Z",
        "value": "9.555314779281616",
        "cumulative": false
    },
    {
        "date": "2021-02-16T08:41:58.203Z",
        "value": "9.660144805908203",
        "cumulative": false
    },
    {
        "date": "2021-02-16T08:46:07.337Z",
        "value": "9.499862432479858",
        "cumulative": false
    },
    {
        "date": "2021-02-16T08:50:16.123Z",
        "value": "9.65871286392212",
        "cumulative": false
    },
    {
        "date": "2021-02-16T08:54:25.354Z",
        "value": "9.860245943069458",
        "cumulative": false
    },
    {
        "date": "2021-02-16T08:58:34.764Z",
        "value": "9.88994836807251",
        "cumulative": false
    },
    {
        "date": "2021-02-16T09:02:44.204Z",
        "value": "9.476688146591187",
        "cumulative": false
    },
    {
        "date": "2021-02-16T09:06:53.388Z",
        "value": "9.8167085647583",
        "cumulative": false
    },
    {
        "date": "2021-02-16T09:11:02.630Z",
        "value": "9.700013399124146",
        "cumulative": false
    },
    {
        "date": "2021-02-16T09:15:12.282Z",
        "value": "9.526850938796997",
        "cumulative": false
    },
    {
        "date": "2021-02-16T09:19:21.560Z",
        "value": "9.29325246810913",
        "cumulative": false
    },
    {
        "date": "2021-02-16T09:23:31.078Z",
        "value": "9.606714010238647",
        "cumulative": false
    },
    {
        "date": "2021-02-16T09:27:39.943Z",
        "value": "9.326929569244385",
        "cumulative": false
    },
    {
        "date": "2021-02-16T09:31:49.481Z",
        "value": "9.444856643676758",
        "cumulative": false
    },
    {
        "date": "2021-02-16T09:35:58.780Z",
        "value": "9.296915054321289",
        "cumulative": false
    },
    {
        "date": "2021-02-16T09:40:08.022Z",
        "value": "9.319318771362305",
        "cumulative": false
    },
    {
        "date": "2021-02-16T09:44:17.674Z",
        "value": "9.277185440063477",
        "cumulative": false
    },
    {
        "date": "2021-02-16T09:48:26.714Z",
        "value": "9.150009632110596",
        "cumulative": false
    },
    {
        "date": "2021-02-16T09:52:36.208Z",
        "value": "9.19699478149414",
        "cumulative": false
    },
    {
        "date": "2021-02-16T09:56:45.349Z",
        "value": "9.458438634872437",
        "cumulative": false
    },
    {
        "date": "2021-02-16T10:00:55.036Z",
        "value": "9.862377405166626",
        "cumulative": false
    },
    {
        "date": "2021-02-16T10:05:04.599Z",
        "value": "9.670244932174683",
        "cumulative": false
    },
    {
        "date": "2021-02-16T10:09:13.792Z",
        "value": "9.603732109069824",
        "cumulative": false
    },
    {
        "date": "2021-02-16T10:13:23.019Z",
        "value": "9.458998680114746",
        "cumulative": false
    },
    {
        "date": "2021-02-16T10:17:32.665Z",
        "value": "9.500709533691406",
        "cumulative": false
    },
    {
        "date": "2021-02-16T10:21:41.941Z",
        "value": "9.593170642852783",
        "cumulative": false
    },
    {
        "date": "2021-02-16T10:25:50.915Z",
        "value": "9.650382041931152",
        "cumulative": false
    },
    {
        "date": "2021-02-16T10:30:00.056Z",
        "value": "9.61563777923584",
        "cumulative": false
    },
    {
        "date": "2021-02-16T10:34:09.876Z",
        "value": "9.717615842819214",
        "cumulative": false
    },
    {
        "date": "2021-02-16T10:38:19.166Z",
        "value": "9.48319387435913",
        "cumulative": false
    },
    {
        "date": "2021-02-16T10:42:28.723Z",
        "value": "9.211153030395508",
        "cumulative": false
    },
    {
        "date": "2021-02-16T10:46:37.757Z",
        "value": "9.15126633644104",
        "cumulative": false
    },
    {
        "date": "2021-02-16T10:50:46.555Z",
        "value": "9.162284851074219",
        "cumulative": false
    },
    {
        "date": "2021-02-16T10:54:55.576Z",
        "value": "9.154667615890503",
        "cumulative": false
    },
    {
        "date": "2021-02-16T10:59:05.088Z",
        "value": "9.286149501800537",
        "cumulative": false
    },
    {
        "date": "2021-02-16T11:03:14.914Z",
        "value": "9.312965393066406",
        "cumulative": false
    },
    {
        "date": "2021-02-16T11:07:24.177Z",
        "value": "9.18402647972107",
        "cumulative": false
    },
    {
        "date": "2021-02-16T11:11:34.152Z",
        "value": "9.108581304550171",
        "cumulative": false
    },
    {
        "date": "2021-02-16T11:15:43.718Z",
        "value": "9.10176134109497",
        "cumulative": false
    },
    {
        "date": "2021-02-16T11:19:53.444Z",
        "value": "9.772757768630981",
        "cumulative": false
    },
    {
        "date": "2021-02-16T11:24:02.385Z",
        "value": "9.35521149635315",
        "cumulative": false
    },
    {
        "date": "2021-02-16T11:28:12.119Z",
        "value": "9.892415761947632",
        "cumulative": false
    },
    {
        "date": "2021-02-16T11:32:21.617Z",
        "value": "9.830427885055542",
        "cumulative": false
    },
    {
        "date": "2021-02-16T11:36:31.185Z",
        "value": "9.886171102523804",
        "cumulative": false
    },
    {
        "date": "2021-02-16T11:40:40.719Z",
        "value": "9.782110929489136",
        "cumulative": false
    },
    {
        "date": "2021-02-16T11:44:50.557Z",
        "value": "9.875208377838135",
        "cumulative": false
    },
    {
        "date": "2021-02-16T11:49:00.462Z",
        "value": "9.760972261428833",
        "cumulative": false
    },
    {
        "date": "2021-02-16T11:53:10.167Z",
        "value": "9.550697088241577",
        "cumulative": false
    },
    {
        "date": "2021-02-16T11:57:19.583Z",
        "value": "9.576650142669678",
        "cumulative": false
    },
    {
        "date": "2021-02-16T12:01:28.597Z",
        "value": "9.198573589324951",
        "cumulative": false
    },
    {
        "date": "2021-02-16T12:05:38.240Z",
        "value": "9.34186315536499",
        "cumulative": false
    },
    {
        "date": "2021-02-16T12:09:47.324Z",
        "value": "9.82125186920166",
        "cumulative": false
    },
    {
        "date": "2021-02-16T12:13:56.918Z",
        "value": "9.73316764831543",
        "cumulative": false
    },
    {
        "date": "2021-02-16T12:18:06.684Z",
        "value": "9.676983118057251",
        "cumulative": false
    },
    {
        "date": "2021-02-16T12:22:15.943Z",
        "value": "9.668134927749634",
        "cumulative": false
    },
    {
        "date": "2021-02-16T12:26:25.398Z",
        "value": "9.476330280303955",
        "cumulative": false
    },
    {
        "date": "2021-02-16T12:30:34.831Z",
        "value": "9.317666292190552",
        "cumulative": false
    },
    {
        "date": "2021-02-16T12:34:44.432Z",
        "value": "9.435994625091553",
        "cumulative": false
    },
    {
        "date": "2021-02-16T12:38:53.157Z",
        "value": "9.31101942062378",
        "cumulative": false
    },
    {
        "date": "2021-02-16T12:43:03.147Z",
        "value": "9.29775857925415",
        "cumulative": false
    },
    {
        "date": "2021-02-16T12:47:12.905Z",
        "value": "9.758644342422485",
        "cumulative": false
    },
    {
        "date": "2021-02-16T12:51:23.042Z",
        "value": "9.672736167907715",
        "cumulative": false
    },
    {
        "date": "2021-02-16T12:55:32.735Z",
        "value": "9.557860136032104",
        "cumulative": false
    },
    {
        "date": "2021-02-16T12:59:42.014Z",
        "value": "9.564747333526611",
        "cumulative": false
    },
    {
        "date": "2021-02-16T13:03:51.431Z",
        "value": "9.771291017532349",
        "cumulative": false
    },
    {
        "date": "2021-02-16T13:08:01.132Z",
        "value": "9.75488018989563",
        "cumulative": false
    },
    {
        "date": "2021-02-16T13:12:10.491Z",
        "value": "9.638443946838379",
        "cumulative": false
    },
    {
        "date": "2021-02-16T13:16:20.156Z",
        "value": "9.626554727554321",
        "cumulative": false
    },
    {
        "date": "2021-02-16T13:20:29.765Z",
        "value": "9.62148141860962",
        "cumulative": false
    },
    {
        "date": "2021-02-16T13:24:39.753Z",
        "value": "9.588104963302612",
        "cumulative": false
    },
    {
        "date": "2021-02-16T13:28:49.394Z",
        "value": "9.492136240005493",
        "cumulative": false
    },
    {
        "date": "2021-02-16T13:32:59.265Z",
        "value": "9.58400583267212",
        "cumulative": false
    },
    {
        "date": "2021-02-16T13:37:08.608Z",
        "value": "9.559238195419312",
        "cumulative": false
    },
    {
        "date": "2021-02-16T13:41:18.201Z",
        "value": "9.5492844581604",
        "cumulative": false
    },
    {
        "date": "2021-02-16T13:45:27.675Z",
        "value": "9.585285186767578",
        "cumulative": false
    },
    {
        "date": "2021-02-16T13:49:37.331Z",
        "value": "9.436833620071411",
        "cumulative": false
    },
    {
        "date": "2021-02-16T13:53:46.947Z",
        "value": "9.48937177658081",
        "cumulative": false
    },
    {
        "date": "2021-02-16T13:57:56.338Z",
        "value": "9.479161262512207",
        "cumulative": false
    },
    {
        "date": "2021-02-16T14:02:05.893Z",
        "value": "9.456711053848267",
        "cumulative": false
    },
    {
        "date": "2021-02-16T14:06:15.320Z",
        "value": "9.43730115890503",
        "cumulative": false
    },
    {
        "date": "2021-02-16T14:10:24.873Z",
        "value": "9.415899276733398",
        "cumulative": false
    },
    {
        "date": "2021-02-16T14:14:34.376Z",
        "value": "9.365875244140625",
        "cumulative": false
    },
    {
        "date": "2021-02-16T14:18:43.901Z",
        "value": "9.482489824295044",
        "cumulative": false
    },
    {
        "date": "2021-02-16T14:22:53.035Z",
        "value": "9.417908906936646",
        "cumulative": false
    },
    {
        "date": "2021-02-16T14:27:02.317Z",
        "value": "9.483510494232178",
        "cumulative": false
    },
    {
        "date": "2021-02-16T14:31:12.583Z",
        "value": "9.540494441986084",
        "cumulative": false
    },
    {
        "date": "2021-02-16T14:35:21.539Z",
        "value": "9.158012390136719",
        "cumulative": false
    },
    {
        "date": "2021-02-16T14:39:31.301Z",
        "value": "9.154050350189209",
        "cumulative": false
    },
    {
        "date": "2021-02-16T14:43:41.539Z",
        "value": "9.147810220718384",
        "cumulative": false
    },
    {
        "date": "2021-02-16T14:47:51.362Z",
        "value": "9.063706159591675",
        "cumulative": false
    },
    {
        "date": "2021-02-16T14:52:01.603Z",
        "value": "9.166188955307007",
        "cumulative": false
    },
    {
        "date": "2021-02-16T14:56:11.287Z",
        "value": "9.310051918029785",
        "cumulative": false
    },
    {
        "date": "2021-02-16T15:00:20.551Z",
        "value": "9.32488226890564",
        "cumulative": false
    },
    {
        "date": "2021-02-16T15:04:29.438Z",
        "value": "9.234228610992432",
        "cumulative": false
    },
    {
        "date": "2021-02-16T15:08:39.313Z",
        "value": "9.28421139717102",
        "cumulative": false
    },
    {
        "date": "2021-02-16T15:12:48.955Z",
        "value": "9.60954761505127",
        "cumulative": false
    },
    {
        "date": "2021-02-16T15:16:58.566Z",
        "value": "9.649025917053223",
        "cumulative": false
    },
    {
        "date": "2021-02-16T15:21:07.856Z",
        "value": "10.122207641601562",
        "cumulative": false
    },
    {
        "date": "2021-02-16T15:25:17.577Z",
        "value": "9.41226053237915",
        "cumulative": false
    },
    {
        "date": "2021-02-16T15:29:26.659Z",
        "value": "9.642736673355103",
        "cumulative": false
    },
    {
        "date": "2021-02-16T15:33:35.458Z",
        "value": "9.27292776107788",
        "cumulative": false
    },
    {
        "date": "2021-02-16T15:37:44.426Z",
        "value": "9.142774820327759",
        "cumulative": false
    },
    {
        "date": "2021-02-16T15:41:53.164Z",
        "value": "9.024055480957031",
        "cumulative": false
    },
    {
        "date": "2021-02-16T15:46:02.304Z",
        "value": "9.051931381225586",
        "cumulative": false
    },
    {
        "date": "2021-02-16T15:50:11.566Z",
        "value": "8.958117723464966",
        "cumulative": false
    },
    {
        "date": "2021-02-16T15:54:21.267Z",
        "value": "9.576002359390259",
        "cumulative": false
    },
    {
        "date": "2021-02-16T15:58:30.563Z",
        "value": "9.473332405090332",
        "cumulative": false
    },
    {
        "date": "2021-02-16T16:02:39.397Z",
        "value": "9.325318813323975",
        "cumulative": false
    },
    {
        "date": "2021-02-16T16:06:47.781Z",
        "value": "9.370163202285767",
        "cumulative": false
    },
    {
        "date": "2021-02-16T16:10:57.009Z",
        "value": "9.341721534729004",
        "cumulative": false
    },
    {
        "date": "2021-02-16T16:15:06.207Z",
        "value": "9.343631267547607",
        "cumulative": false
    },
    {
        "date": "2021-02-16T16:19:14.699Z",
        "value": "9.007394313812256",
        "cumulative": false
    },
    {
        "date": "2021-02-16T16:23:24.373Z",
        "value": "8.980530977249146",
        "cumulative": false
    },
    {
        "date": "2021-02-16T16:27:34.488Z",
        "value": "9.633482217788696",
        "cumulative": false
    },
    {
        "date": "2021-02-16T16:31:43.124Z",
        "value": "9.215694427490234",
        "cumulative": false
    },
    {
        "date": "2021-02-16T16:35:52.279Z",
        "value": "9.242950677871704",
        "cumulative": false
    },
    {
        "date": "2021-02-16T16:40:02.284Z",
        "value": "9.199218273162842",
        "cumulative": false
    },
    {
        "date": "2021-02-16T16:44:11.564Z",
        "value": "9.088481187820435",
        "cumulative": false
    },
    {
        "date": "2021-02-16T16:48:21.295Z",
        "value": "9.140435695648193",
        "cumulative": false
    },
    {
        "date": "2021-02-16T16:52:30.351Z",
        "value": "9.227304458618164",
        "cumulative": false
    },
    {
        "date": "2021-02-16T16:56:39.580Z",
        "value": "9.107347011566162",
        "cumulative": false
    },
    {
        "date": "2021-02-16T17:00:48.883Z",
        "value": "8.913939714431763",
        "cumulative": false
    },
    {
        "date": "2021-02-16T17:04:58.066Z",
        "value": "9.092498779296875",
        "cumulative": false
    },
    {
        "date": "2021-02-16T17:09:07.884Z",
        "value": "8.97904086112976",
        "cumulative": false
    },
    {
        "date": "2021-02-16T17:13:17.332Z",
        "value": "8.951914072036743",
        "cumulative": false
    },
    {
        "date": "2021-02-16T17:17:26.884Z",
        "value": "8.968851566314697",
        "cumulative": false
    },
    {
        "date": "2021-02-16T17:21:36.579Z",
        "value": "8.993662595748901",
        "cumulative": false
    },
    {
        "date": "2021-02-16T17:25:46.444Z",
        "value": "8.969264030456543",
        "cumulative": false
    },
    {
        "date": "2021-02-16T17:29:56.193Z",
        "value": "8.980839490890503",
        "cumulative": false
    },
    {
        "date": "2021-02-16T17:34:05.780Z",
        "value": "8.958729267120361",
        "cumulative": false
    },
    {
        "date": "2021-02-16T17:38:15.339Z",
        "value": "8.996125221252441",
        "cumulative": false
    },
    {
        "date": "2021-02-16T17:42:24.568Z",
        "value": "9.05223035812378",
        "cumulative": false
    },
    {
        "date": "2021-02-16T17:46:34.139Z",
        "value": "9.068114995956421",
        "cumulative": false
    },
    {
        "date": "2021-02-16T17:50:43.375Z",
        "value": "9.079399585723877",
        "cumulative": false
    },
    {
        "date": "2021-02-16T17:54:52.584Z",
        "value": "9.03618597984314",
        "cumulative": false
    },
    {
        "date": "2021-02-16T17:59:01.287Z",
        "value": "8.993122577667236",
        "cumulative": false
    }
]