[
    {
        "date": "2021-02-15T16:27:58.264Z",
        "value": "214.0216383934021",
        "cumulative": false
    },
    {
        "date": "2021-02-15T16:31:57.807Z",
        "value": "226.8632528781891",
        "cumulative": false
    },
    {
        "date": "2021-02-15T16:35:57.087Z",
        "value": "226.6960711479187",
        "cumulative": false
    },
    {
        "date": "2021-02-15T16:39:57.203Z",
        "value": "227.41671657562256",
        "cumulative": false
    },
    {
        "date": "2021-02-15T16:43:57.521Z",
        "value": "227.64146542549133",
        "cumulative": false
    },
    {
        "date": "2021-02-15T16:47:58.275Z",
        "value": "228.11896085739136",
        "cumulative": false
    },
    {
        "date": "2021-02-15T16:51:59.162Z",
        "value": "228.28137683868408",
        "cumulative": false
    },
    {
        "date": "2021-02-15T16:56:00.481Z",
        "value": "228.64387583732605",
        "cumulative": false
    },
    {
        "date": "2021-02-15T17:00:01.449Z",
        "value": "228.36428904533386",
        "cumulative": false
    },
    {
        "date": "2021-02-15T17:04:03.277Z",
        "value": "229.17727851867676",
        "cumulative": false
    },
    {
        "date": "2021-02-15T17:08:04.775Z",
        "value": "228.87745666503906",
        "cumulative": false
    },
    {
        "date": "2021-02-15T17:12:06.286Z",
        "value": "228.9438714981079",
        "cumulative": false
    },
    {
        "date": "2021-02-15T17:16:08.384Z",
        "value": "229.451176404953",
        "cumulative": false
    },
    {
        "date": "2021-02-15T17:20:10.281Z",
        "value": "229.30277109146118",
        "cumulative": false
    },
    {
        "date": "2021-02-15T17:24:11.680Z",
        "value": "228.76279044151306",
        "cumulative": false
    },
    {
        "date": "2021-02-15T17:28:13.935Z",
        "value": "229.60618591308594",
        "cumulative": false
    },
    {
        "date": "2021-02-15T17:32:15.907Z",
        "value": "229.3630394935608",
        "cumulative": false
    },
    {
        "date": "2021-02-15T17:36:18.184Z",
        "value": "229.73661613464355",
        "cumulative": false
    },
    {
        "date": "2021-02-15T17:40:20.649Z",
        "value": "229.92656683921814",
        "cumulative": false
    },
    {
        "date": "2021-02-15T17:44:22.399Z",
        "value": "229.17380452156067",
        "cumulative": false
    },
    {
        "date": "2021-02-15T17:48:24.519Z",
        "value": "229.42040848731995",
        "cumulative": false
    },
    {
        "date": "2021-02-15T17:52:26.892Z",
        "value": "229.7648446559906",
        "cumulative": false
    },
    {
        "date": "2021-02-15T17:56:29.144Z",
        "value": "229.60382533073425",
        "cumulative": false
    },
    {
        "date": "2021-02-15T18:00:31.723Z",
        "value": "230.02523350715637",
        "cumulative": false
    },
    {
        "date": "2021-02-15T18:04:34.197Z",
        "value": "229.91356992721558",
        "cumulative": false
    },
    {
        "date": "2021-02-15T18:08:37.209Z",
        "value": "230.39231896400452",
        "cumulative": false
    },
    {
        "date": "2021-02-15T18:12:39.646Z",
        "value": "229.78088307380676",
        "cumulative": false
    },
    {
        "date": "2021-02-15T18:16:41.819Z",
        "value": "229.5216908454895",
        "cumulative": false
    },
    {
        "date": "2021-02-15T18:20:43.837Z",
        "value": "229.3695650100708",
        "cumulative": false
    },
    {
        "date": "2021-02-15T18:24:46.141Z",
        "value": "229.75750136375427",
        "cumulative": false
    },
    {
        "date": "2021-02-15T18:28:49.001Z",
        "value": "230.26224946975708",
        "cumulative": false
    },
    {
        "date": "2021-02-15T18:32:51.789Z",
        "value": "230.2578902244568",
        "cumulative": false
    },
    {
        "date": "2021-02-15T18:36:54.479Z",
        "value": "230.20804619789124",
        "cumulative": false
    },
    {
        "date": "2021-02-15T18:40:56.773Z",
        "value": "229.6930820941925",
        "cumulative": false
    },
    {
        "date": "2021-02-15T18:44:58.971Z",
        "value": "229.554265499115",
        "cumulative": false
    },
    {
        "date": "2021-02-15T18:49:01.297Z",
        "value": "229.7259349822998",
        "cumulative": false
    },
    {
        "date": "2021-02-15T18:53:03.478Z",
        "value": "229.5899782180786",
        "cumulative": false
    },
    {
        "date": "2021-02-15T18:57:05.562Z",
        "value": "229.5214867591858",
        "cumulative": false
    },
    {
        "date": "2021-02-15T19:01:07.745Z",
        "value": "229.59643483161926",
        "cumulative": false
    },
    {
        "date": "2021-02-15T19:05:09.870Z",
        "value": "229.58642053604126",
        "cumulative": false
    },
    {
        "date": "2021-02-15T19:09:12.096Z",
        "value": "229.70505833625793",
        "cumulative": false
    },
    {
        "date": "2021-02-15T19:13:14.261Z",
        "value": "229.52981615066528",
        "cumulative": false
    },
    {
        "date": "2021-02-15T19:17:16.777Z",
        "value": "229.90125703811646",
        "cumulative": false
    },
    {
        "date": "2021-02-15T19:21:19.596Z",
        "value": "230.27735424041748",
        "cumulative": false
    },
    {
        "date": "2021-02-15T19:25:21.927Z",
        "value": "229.78646636009216",
        "cumulative": false
    },
    {
        "date": "2021-02-15T19:29:24.985Z",
        "value": "230.47779750823975",
        "cumulative": false
    },
    {
        "date": "2021-02-15T19:33:26.986Z",
        "value": "229.45740246772766",
        "cumulative": false
    },
    {
        "date": "2021-02-15T19:37:29.170Z",
        "value": "229.52979254722595",
        "cumulative": false
    },
    {
        "date": "2021-02-15T19:41:31.157Z",
        "value": "229.4015257358551",
        "cumulative": false
    },
    {
        "date": "2021-02-15T19:45:33.498Z",
        "value": "229.70889496803284",
        "cumulative": false
    },
    {
        "date": "2021-02-15T19:49:35.837Z",
        "value": "229.7817964553833",
        "cumulative": false
    },
    {
        "date": "2021-02-15T19:53:37.844Z",
        "value": "229.38849186897278",
        "cumulative": false
    },
    {
        "date": "2021-02-15T19:57:40.164Z",
        "value": "229.7143292427063",
        "cumulative": false
    },
    {
        "date": "2021-02-15T20:01:49.407Z",
        "value": "236.63544130325317",
        "cumulative": false
    },
    {
        "date": "2021-02-15T20:05:58.109Z",
        "value": "236.14824438095093",
        "cumulative": false
    },
    {
        "date": "2021-02-15T20:10:07.268Z",
        "value": "236.51383900642395",
        "cumulative": false
    },
    {
        "date": "2021-02-15T20:14:15.632Z",
        "value": "235.78667330741882",
        "cumulative": false
    },
    {
        "date": "2021-02-15T20:18:24.622Z",
        "value": "236.41618013381958",
        "cumulative": false
    },
    {
        "date": "2021-02-15T20:22:33.650Z",
        "value": "236.4878478050232",
        "cumulative": false
    },
    {
        "date": "2021-02-15T20:26:42.673Z",
        "value": "236.49042534828186",
        "cumulative": false
    },
    {
        "date": "2021-02-15T20:30:51.395Z",
        "value": "236.16316318511963",
        "cumulative": false
    },
    {
        "date": "2021-02-15T20:35:00.261Z",
        "value": "236.27620673179626",
        "cumulative": false
    },
    {
        "date": "2021-02-15T20:39:09.679Z",
        "value": "236.79454374313354",
        "cumulative": false
    },
    {
        "date": "2021-02-15T20:43:18.928Z",
        "value": "236.62960648536682",
        "cumulative": false
    },
    {
        "date": "2021-02-15T20:47:28.112Z",
        "value": "236.59888410568237",
        "cumulative": false
    },
    {
        "date": "2021-02-15T20:51:37.072Z",
        "value": "236.41486740112305",
        "cumulative": false
    },
    {
        "date": "2021-02-15T20:55:45.670Z",
        "value": "236.0298833847046",
        "cumulative": false
    },
    {
        "date": "2021-02-15T20:59:55.262Z",
        "value": "237.02390336990356",
        "cumulative": false
    },
    {
        "date": "2021-02-15T21:04:04.205Z",
        "value": "236.4533212184906",
        "cumulative": false
    },
    {
        "date": "2021-02-15T21:08:13.286Z",
        "value": "236.48052310943604",
        "cumulative": false
    },
    {
        "date": "2021-02-15T21:12:22.090Z",
        "value": "236.22199201583862",
        "cumulative": false
    },
    {
        "date": "2021-02-15T21:16:31.238Z",
        "value": "236.60506534576416",
        "cumulative": false
    },
    {
        "date": "2021-02-15T21:20:40.314Z",
        "value": "236.49294662475586",
        "cumulative": false
    },
    {
        "date": "2021-02-15T21:24:49.847Z",
        "value": "236.96114349365234",
        "cumulative": false
    },
    {
        "date": "2021-02-15T21:28:59.135Z",
        "value": "236.73506426811218",
        "cumulative": false
    },
    {
        "date": "2021-02-15T21:33:08.255Z",
        "value": "236.55377554893494",
        "cumulative": false
    },
    {
        "date": "2021-02-15T21:37:17.140Z",
        "value": "236.36542654037476",
        "cumulative": false
    },
    {
        "date": "2021-02-15T21:41:25.823Z",
        "value": "236.2223002910614",
        "cumulative": false
    },
    {
        "date": "2021-02-15T21:45:34.742Z",
        "value": "236.40279507637024",
        "cumulative": false
    },
    {
        "date": "2021-02-15T21:49:43.997Z",
        "value": "236.68809509277344",
        "cumulative": false
    },
    {
        "date": "2021-02-15T21:53:53.192Z",
        "value": "236.65516829490662",
        "cumulative": false
    },
    {
        "date": "2021-02-15T21:58:02.487Z",
        "value": "236.73220086097717",
        "cumulative": false
    },
    {
        "date": "2021-02-15T22:02:11.670Z",
        "value": "236.63254952430725",
        "cumulative": false
    },
    {
        "date": "2021-02-15T22:06:20.280Z",
        "value": "236.0403139591217",
        "cumulative": false
    },
    {
        "date": "2021-02-15T22:10:29.479Z",
        "value": "236.6428349018097",
        "cumulative": false
    },
    {
        "date": "2021-02-15T22:14:38.878Z",
        "value": "236.910058259964",
        "cumulative": false
    },
    {
        "date": "2021-02-15T22:18:48.215Z",
        "value": "236.84246516227722",
        "cumulative": false
    },
    {
        "date": "2021-02-15T22:22:56.900Z",
        "value": "236.1878640651703",
        "cumulative": false
    },
    {
        "date": "2021-02-15T22:27:06.396Z",
        "value": "236.9415431022644",
        "cumulative": false
    },
    {
        "date": "2021-02-15T22:31:15.740Z",
        "value": "236.82265162467957",
        "cumulative": false
    },
    {
        "date": "2021-02-15T22:35:25.309Z",
        "value": "237.07575726509094",
        "cumulative": false
    },
    {
        "date": "2021-02-15T22:39:35.120Z",
        "value": "237.31004881858826",
        "cumulative": false
    },
    {
        "date": "2021-02-15T22:43:44.252Z",
        "value": "236.62558484077454",
        "cumulative": false
    },
    {
        "date": "2021-02-15T22:47:53.620Z",
        "value": "236.80113768577576",
        "cumulative": false
    },
    {
        "date": "2021-02-15T22:52:02.751Z",
        "value": "236.57083916664124",
        "cumulative": false
    },
    {
        "date": "2021-02-15T22:56:11.957Z",
        "value": "236.67866826057434",
        "cumulative": false
    },
    {
        "date": "2021-02-15T23:00:21.248Z",
        "value": "236.79312229156494",
        "cumulative": false
    },
    {
        "date": "2021-02-15T23:04:29.650Z",
        "value": "235.9330084323883",
        "cumulative": false
    },
    {
        "date": "2021-02-15T23:08:38.927Z",
        "value": "236.77122735977173",
        "cumulative": false
    },
    {
        "date": "2021-02-15T23:12:48.200Z",
        "value": "236.76690554618835",
        "cumulative": false
    },
    {
        "date": "2021-02-15T23:16:57.442Z",
        "value": "236.61434698104858",
        "cumulative": false
    },
    {
        "date": "2021-02-15T23:21:06.732Z",
        "value": "236.68047046661377",
        "cumulative": false
    },
    {
        "date": "2021-02-15T23:25:15.772Z",
        "value": "236.3970081806183",
        "cumulative": false
    },
    {
        "date": "2021-02-15T23:29:24.922Z",
        "value": "236.54271268844604",
        "cumulative": false
    },
    {
        "date": "2021-02-15T23:33:33.811Z",
        "value": "236.23651003837585",
        "cumulative": false
    },
    {
        "date": "2021-02-15T23:37:43.222Z",
        "value": "236.6909282207489",
        "cumulative": false
    },
    {
        "date": "2021-02-15T23:41:52.297Z",
        "value": "236.37803292274475",
        "cumulative": false
    },
    {
        "date": "2021-02-15T23:46:01.595Z",
        "value": "236.619535446167",
        "cumulative": false
    },
    {
        "date": "2021-02-15T23:50:10.480Z",
        "value": "236.23605394363403",
        "cumulative": false
    },
    {
        "date": "2021-02-15T23:54:19.681Z",
        "value": "236.57193732261658",
        "cumulative": false
    },
    {
        "date": "2021-02-15T23:58:29.204Z",
        "value": "236.81568503379822",
        "cumulative": false
    },
    {
        "date": "2021-02-16T00:02:37.844Z",
        "value": "236.01848030090332",
        "cumulative": false
    },
    {
        "date": "2021-02-16T00:06:46.743Z",
        "value": "236.2486743927002",
        "cumulative": false
    },
    {
        "date": "2021-02-16T00:10:56.355Z",
        "value": "236.90506315231323",
        "cumulative": false
    },
    {
        "date": "2021-02-16T00:15:05.949Z",
        "value": "236.9217653274536",
        "cumulative": false
    },
    {
        "date": "2021-02-16T00:19:15.342Z",
        "value": "236.7423915863037",
        "cumulative": false
    },
    {
        "date": "2021-02-16T00:23:24.746Z",
        "value": "236.71343302726746",
        "cumulative": false
    },
    {
        "date": "2021-02-16T00:27:34.196Z",
        "value": "236.79156732559204",
        "cumulative": false
    },
    {
        "date": "2021-02-16T00:31:43.273Z",
        "value": "236.34878015518188",
        "cumulative": false
    },
    {
        "date": "2021-02-16T00:35:52.944Z",
        "value": "237.0091586112976",
        "cumulative": false
    },
    {
        "date": "2021-02-16T00:40:02.340Z",
        "value": "236.7392816543579",
        "cumulative": false
    },
    {
        "date": "2021-02-16T00:44:11.436Z",
        "value": "236.4128496646881",
        "cumulative": false
    },
    {
        "date": "2021-02-16T00:48:20.268Z",
        "value": "236.21719765663147",
        "cumulative": false
    },
    {
        "date": "2021-02-16T00:52:29.278Z",
        "value": "236.35504007339478",
        "cumulative": false
    },
    {
        "date": "2021-02-16T00:56:38.371Z",
        "value": "236.44031071662903",
        "cumulative": false
    },
    {
        "date": "2021-02-16T01:00:47.247Z",
        "value": "236.17754101753235",
        "cumulative": false
    },
    {
        "date": "2021-02-16T01:04:56.159Z",
        "value": "236.20292162895203",
        "cumulative": false
    },
    {
        "date": "2021-02-16T01:09:05.618Z",
        "value": "236.69394302368164",
        "cumulative": false
    },
    {
        "date": "2021-02-16T01:13:15.417Z",
        "value": "237.0162353515625",
        "cumulative": false
    },
    {
        "date": "2021-02-16T01:17:25.090Z",
        "value": "236.94660186767578",
        "cumulative": false
    },
    {
        "date": "2021-02-16T01:21:35.437Z",
        "value": "237.53426599502563",
        "cumulative": false
    },
    {
        "date": "2021-02-16T01:25:44.949Z",
        "value": "236.73548460006714",
        "cumulative": false
    },
    {
        "date": "2021-02-16T01:29:54.441Z",
        "value": "236.72149324417114",
        "cumulative": false
    },
    {
        "date": "2021-02-16T01:34:03.593Z",
        "value": "236.3647758960724",
        "cumulative": false
    },
    {
        "date": "2021-02-16T01:38:13.052Z",
        "value": "236.65585851669312",
        "cumulative": false
    },
    {
        "date": "2021-02-16T01:42:22.073Z",
        "value": "236.28076267242432",
        "cumulative": false
    },
    {
        "date": "2021-02-16T01:46:31.687Z",
        "value": "236.8209366798401",
        "cumulative": false
    },
    {
        "date": "2021-02-16T01:50:41.190Z",
        "value": "236.74704313278198",
        "cumulative": false
    },
    {
        "date": "2021-02-16T01:54:50.686Z",
        "value": "236.75722980499268",
        "cumulative": false
    },
    {
        "date": "2021-02-16T01:59:00.445Z",
        "value": "236.95933628082275",
        "cumulative": false
    },
    {
        "date": "2021-02-16T02:03:10.183Z",
        "value": "236.97379183769226",
        "cumulative": false
    },
    {
        "date": "2021-02-16T02:07:19.525Z",
        "value": "236.59695386886597",
        "cumulative": false
    },
    {
        "date": "2021-02-16T02:11:28.996Z",
        "value": "236.80499148368835",
        "cumulative": false
    },
    {
        "date": "2021-02-16T02:15:37.986Z",
        "value": "236.2698917388916",
        "cumulative": false
    },
    {
        "date": "2021-02-16T02:19:47.006Z",
        "value": "236.3075931072235",
        "cumulative": false
    },
    {
        "date": "2021-02-16T02:23:56.150Z",
        "value": "236.40830492973328",
        "cumulative": false
    },
    {
        "date": "2021-02-16T02:28:05.285Z",
        "value": "236.3915674686432",
        "cumulative": false
    },
    {
        "date": "2021-02-16T02:32:14.830Z",
        "value": "236.82522630691528",
        "cumulative": false
    },
    {
        "date": "2021-02-16T02:36:24.436Z",
        "value": "236.79725766181946",
        "cumulative": false
    },
    {
        "date": "2021-02-16T02:40:33.587Z",
        "value": "236.406751871109",
        "cumulative": false
    },
    {
        "date": "2021-02-16T02:44:42.992Z",
        "value": "236.6725959777832",
        "cumulative": false
    },
    {
        "date": "2021-02-16T02:48:52.180Z",
        "value": "236.420814037323",
        "cumulative": false
    },
    {
        "date": "2021-02-16T02:53:01.402Z",
        "value": "236.4870684146881",
        "cumulative": false
    },
    {
        "date": "2021-02-16T02:57:10.341Z",
        "value": "236.2210898399353",
        "cumulative": false
    },
    {
        "date": "2021-02-16T03:01:19.297Z",
        "value": "236.25843954086304",
        "cumulative": false
    },
    {
        "date": "2021-02-16T03:05:28.457Z",
        "value": "236.41225504875183",
        "cumulative": false
    },
    {
        "date": "2021-02-16T03:09:37.705Z",
        "value": "236.50926661491394",
        "cumulative": false
    },
    {
        "date": "2021-02-16T03:13:46.888Z",
        "value": "236.54884457588196",
        "cumulative": false
    },
    {
        "date": "2021-02-16T03:17:55.558Z",
        "value": "236.13655066490173",
        "cumulative": false
    },
    {
        "date": "2021-02-16T03:22:04.976Z",
        "value": "236.88726687431335",
        "cumulative": false
    },
    {
        "date": "2021-02-16T03:26:13.709Z",
        "value": "236.19485449790955",
        "cumulative": false
    },
    {
        "date": "2021-02-16T03:30:22.622Z",
        "value": "236.31157612800598",
        "cumulative": false
    },
    {
        "date": "2021-02-16T03:34:31.284Z",
        "value": "236.13390111923218",
        "cumulative": false
    },
    {
        "date": "2021-02-16T03:38:40.002Z",
        "value": "236.16038274765015",
        "cumulative": false
    },
    {
        "date": "2021-02-16T03:42:49.306Z",
        "value": "236.62222337722778",
        "cumulative": false
    },
    {
        "date": "2021-02-16T03:46:58.991Z",
        "value": "236.99443244934082",
        "cumulative": false
    },
    {
        "date": "2021-02-16T03:51:07.812Z",
        "value": "236.15912342071533",
        "cumulative": false
    },
    {
        "date": "2021-02-16T03:55:16.410Z",
        "value": "236.05522680282593",
        "cumulative": false
    },
    {
        "date": "2021-02-16T03:59:25.297Z",
        "value": "236.24747920036316",
        "cumulative": false
    },
    {
        "date": "2021-02-16T04:03:34.482Z",
        "value": "236.47901964187622",
        "cumulative": false
    },
    {
        "date": "2021-02-16T04:07:43.607Z",
        "value": "236.3756148815155",
        "cumulative": false
    },
    {
        "date": "2021-02-16T04:11:52.693Z",
        "value": "236.3705859184265",
        "cumulative": false
    },
    {
        "date": "2021-02-16T04:16:01.773Z",
        "value": "236.3400158882141",
        "cumulative": false
    },
    {
        "date": "2021-02-16T04:20:10.924Z",
        "value": "236.40541052818298",
        "cumulative": false
    },
    {
        "date": "2021-02-16T04:24:20.430Z",
        "value": "236.668874502182",
        "cumulative": false
    },
    {
        "date": "2021-02-16T04:28:29.382Z",
        "value": "236.18774819374084",
        "cumulative": false
    },
    {
        "date": "2021-02-16T04:32:38.549Z",
        "value": "236.42730021476746",
        "cumulative": false
    },
    {
        "date": "2021-02-16T04:36:48.052Z",
        "value": "236.73991560935974",
        "cumulative": false
    },
    {
        "date": "2021-02-16T04:40:56.818Z",
        "value": "236.00528001785278",
        "cumulative": false
    },
    {
        "date": "2021-02-16T04:45:05.984Z",
        "value": "236.41158246994019",
        "cumulative": false
    },
    {
        "date": "2021-02-16T04:49:15.026Z",
        "value": "236.42382168769836",
        "cumulative": false
    },
    {
        "date": "2021-02-16T04:53:23.993Z",
        "value": "236.3048131465912",
        "cumulative": false
    },
    {
        "date": "2021-02-16T04:57:32.987Z",
        "value": "236.40855264663696",
        "cumulative": false
    },
    {
        "date": "2021-02-16T05:01:42.568Z",
        "value": "236.88545536994934",
        "cumulative": false
    },
    {
        "date": "2021-02-16T05:05:51.713Z",
        "value": "236.51656866073608",
        "cumulative": false
    },
    {
        "date": "2021-02-16T05:10:00.392Z",
        "value": "236.06643986701965",
        "cumulative": false
    },
    {
        "date": "2021-02-16T05:14:10.152Z",
        "value": "237.1499629020691",
        "cumulative": false
    },
    {
        "date": "2021-02-16T05:18:19.458Z",
        "value": "236.6629068851471",
        "cumulative": false
    },
    {
        "date": "2021-02-16T05:22:28.885Z",
        "value": "236.80212688446045",
        "cumulative": false
    },
    {
        "date": "2021-02-16T05:26:38.112Z",
        "value": "236.61348509788513",
        "cumulative": false
    },
    {
        "date": "2021-02-16T05:30:47.614Z",
        "value": "236.85069489479065",
        "cumulative": false
    },
    {
        "date": "2021-02-16T05:34:56.647Z",
        "value": "236.38856053352356",
        "cumulative": false
    },
    {
        "date": "2021-02-16T05:39:05.382Z",
        "value": "236.1156666278839",
        "cumulative": false
    },
    {
        "date": "2021-02-16T05:43:14.510Z",
        "value": "236.48056173324585",
        "cumulative": false
    },
    {
        "date": "2021-02-16T05:47:23.856Z",
        "value": "236.65049362182617",
        "cumulative": false
    },
    {
        "date": "2021-02-16T05:51:32.912Z",
        "value": "236.41485118865967",
        "cumulative": false
    },
    {
        "date": "2021-02-16T05:55:42.262Z",
        "value": "236.64331221580505",
        "cumulative": false
    },
    {
        "date": "2021-02-16T05:59:51.351Z",
        "value": "236.46174573898315",
        "cumulative": false
    },
    {
        "date": "2021-02-16T06:04:00.301Z",
        "value": "236.3769133090973",
        "cumulative": false
    },
    {
        "date": "2021-02-16T06:08:09.339Z",
        "value": "236.49361276626587",
        "cumulative": false
    },
    {
        "date": "2021-02-16T06:12:18.458Z",
        "value": "236.47988033294678",
        "cumulative": false
    },
    {
        "date": "2021-02-16T06:16:27.709Z",
        "value": "236.6600637435913",
        "cumulative": false
    },
    {
        "date": "2021-02-16T06:20:37.446Z",
        "value": "237.1967761516571",
        "cumulative": false
    },
    {
        "date": "2021-02-16T06:24:47.099Z",
        "value": "236.95500540733337",
        "cumulative": false
    },
    {
        "date": "2021-02-16T06:28:56.507Z",
        "value": "236.7120623588562",
        "cumulative": false
    },
    {
        "date": "2021-02-16T06:33:05.580Z",
        "value": "236.45094847679138",
        "cumulative": false
    },
    {
        "date": "2021-02-16T06:37:15.488Z",
        "value": "237.20306038856506",
        "cumulative": false
    },
    {
        "date": "2021-02-16T06:41:25.292Z",
        "value": "237.07300662994385",
        "cumulative": false
    },
    {
        "date": "2021-02-16T06:45:34.519Z",
        "value": "236.57571983337402",
        "cumulative": false
    },
    {
        "date": "2021-02-16T06:49:43.933Z",
        "value": "236.75540781021118",
        "cumulative": false
    },
    {
        "date": "2021-02-16T06:53:53.743Z",
        "value": "237.2177073955536",
        "cumulative": false
    },
    {
        "date": "2021-02-16T06:58:03.073Z",
        "value": "236.68319249153137",
        "cumulative": false
    },
    {
        "date": "2021-02-16T07:02:12.489Z",
        "value": "236.72312259674072",
        "cumulative": false
    },
    {
        "date": "2021-02-16T07:06:22.309Z",
        "value": "237.1884105205536",
        "cumulative": false
    },
    {
        "date": "2021-02-16T07:10:32.076Z",
        "value": "236.9776177406311",
        "cumulative": false
    },
    {
        "date": "2021-02-16T07:14:41.536Z",
        "value": "236.83371543884277",
        "cumulative": false
    },
    {
        "date": "2021-02-16T07:18:51.025Z",
        "value": "236.8871283531189",
        "cumulative": false
    },
    {
        "date": "2021-02-16T07:23:00.707Z",
        "value": "236.91457891464233",
        "cumulative": false
    },
    {
        "date": "2021-02-16T07:27:10.455Z",
        "value": "237.07644987106323",
        "cumulative": false
    },
    {
        "date": "2021-02-16T07:31:19.917Z",
        "value": "236.82557916641235",
        "cumulative": false
    },
    {
        "date": "2021-02-16T07:35:29.498Z",
        "value": "236.85324144363403",
        "cumulative": false
    },
    {
        "date": "2021-02-16T07:39:39.058Z",
        "value": "236.82502698898315",
        "cumulative": false
    },
    {
        "date": "2021-02-16T07:43:48.829Z",
        "value": "237.0892403125763",
        "cumulative": false
    },
    {
        "date": "2021-02-16T07:47:58.449Z",
        "value": "237.04753637313843",
        "cumulative": false
    },
    {
        "date": "2021-02-16T07:52:08.228Z",
        "value": "237.13219237327576",
        "cumulative": false
    },
    {
        "date": "2021-02-16T07:56:17.463Z",
        "value": "236.6801722049713",
        "cumulative": false
    },
    {
        "date": "2021-02-16T08:00:26.743Z",
        "value": "236.70026659965515",
        "cumulative": false
    },
    {
        "date": "2021-02-16T08:04:35.448Z",
        "value": "236.18595457077026",
        "cumulative": false
    },
    {
        "date": "2021-02-16T08:08:44.630Z",
        "value": "236.637366771698",
        "cumulative": false
    },
    {
        "date": "2021-02-16T08:12:54.144Z",
        "value": "236.83741927146912",
        "cumulative": false
    },
    {
        "date": "2021-02-16T08:17:03.497Z",
        "value": "236.7117052078247",
        "cumulative": false
    },
    {
        "date": "2021-02-16T08:21:12.237Z",
        "value": "236.08888840675354",
        "cumulative": false
    },
    {
        "date": "2021-02-16T08:25:21.558Z",
        "value": "236.57607579231262",
        "cumulative": false
    },
    {
        "date": "2021-02-16T08:29:30.863Z",
        "value": "236.66217374801636",
        "cumulative": false
    },
    {
        "date": "2021-02-16T08:33:40.341Z",
        "value": "236.79549050331116",
        "cumulative": false
    },
    {
        "date": "2021-02-16T08:37:49.447Z",
        "value": "236.42944598197937",
        "cumulative": false
    },
    {
        "date": "2021-02-16T08:41:58.203Z",
        "value": "236.07520294189453",
        "cumulative": false
    },
    {
        "date": "2021-02-16T08:46:07.337Z",
        "value": "236.5072033405304",
        "cumulative": false
    },
    {
        "date": "2021-02-16T08:50:16.123Z",
        "value": "236.13443040847778",
        "cumulative": false
    },
    {
        "date": "2021-02-16T08:54:25.354Z",
        "value": "236.49230217933655",
        "cumulative": false
    },
    {
        "date": "2021-02-16T08:58:34.764Z",
        "value": "236.62653732299805",
        "cumulative": false
    },
    {
        "date": "2021-02-16T09:02:44.204Z",
        "value": "236.8544430732727",
        "cumulative": false
    },
    {
        "date": "2021-02-16T09:06:53.388Z",
        "value": "236.50417375564575",
        "cumulative": false
    },
    {
        "date": "2021-02-16T09:11:02.630Z",
        "value": "236.59314060211182",
        "cumulative": false
    },
    {
        "date": "2021-02-16T09:15:12.282Z",
        "value": "237.0399227142334",
        "cumulative": false
    },
    {
        "date": "2021-02-16T09:19:21.559Z",
        "value": "236.77812910079956",
        "cumulative": false
    },
    {
        "date": "2021-02-16T09:23:31.078Z",
        "value": "236.85357785224915",
        "cumulative": false
    },
    {
        "date": "2021-02-16T09:27:39.943Z",
        "value": "236.28569722175598",
        "cumulative": false
    },
    {
        "date": "2021-02-16T09:31:49.481Z",
        "value": "236.88346433639526",
        "cumulative": false
    },
    {
        "date": "2021-02-16T09:35:58.780Z",
        "value": "236.7013704776764",
        "cumulative": false
    },
    {
        "date": "2021-02-16T09:40:08.022Z",
        "value": "236.65517234802246",
        "cumulative": false
    },
    {
        "date": "2021-02-16T09:44:17.674Z",
        "value": "237.07830548286438",
        "cumulative": false
    },
    {
        "date": "2021-02-16T09:48:26.714Z",
        "value": "236.51464247703552",
        "cumulative": false
    },
    {
        "date": "2021-02-16T09:52:36.207Z",
        "value": "236.9231116771698",
        "cumulative": false
    },
    {
        "date": "2021-02-16T09:56:45.349Z",
        "value": "236.5226287841797",
        "cumulative": false
    },
    {
        "date": "2021-02-16T10:00:55.036Z",
        "value": "237.00453162193298",
        "cumulative": false
    },
    {
        "date": "2021-02-16T10:05:04.599Z",
        "value": "236.92162609100342",
        "cumulative": false
    },
    {
        "date": "2021-02-16T10:09:13.792Z",
        "value": "236.60349917411804",
        "cumulative": false
    },
    {
        "date": "2021-02-16T10:13:23.019Z",
        "value": "236.62531042099",
        "cumulative": false
    },
    {
        "date": "2021-02-16T10:17:32.665Z",
        "value": "237.00425219535828",
        "cumulative": false
    },
    {
        "date": "2021-02-16T10:21:41.941Z",
        "value": "236.74145460128784",
        "cumulative": false
    },
    {
        "date": "2021-02-16T10:25:50.915Z",
        "value": "236.3251097202301",
        "cumulative": false
    },
    {
        "date": "2021-02-16T10:30:00.056Z",
        "value": "236.46467113494873",
        "cumulative": false
    },
    {
        "date": "2021-02-16T10:34:09.876Z",
        "value": "237.11846280097961",
        "cumulative": false
    },
    {
        "date": "2021-02-16T10:38:19.166Z",
        "value": "236.6638786792755",
        "cumulative": false
    },
    {
        "date": "2021-02-16T10:42:28.723Z",
        "value": "236.98122334480286",
        "cumulative": false
    },
    {
        "date": "2021-02-16T10:46:37.757Z",
        "value": "236.53164434432983",
        "cumulative": false
    },
    {
        "date": "2021-02-16T10:50:46.555Z",
        "value": "236.26454544067383",
        "cumulative": false
    },
    {
        "date": "2021-02-16T10:54:55.575Z",
        "value": "236.4539885520935",
        "cumulative": false
    },
    {
        "date": "2021-02-16T10:59:05.088Z",
        "value": "236.96890234947205",
        "cumulative": false
    },
    {
        "date": "2021-02-16T11:03:14.914Z",
        "value": "237.1942162513733",
        "cumulative": false
    },
    {
        "date": "2021-02-16T11:07:24.177Z",
        "value": "236.6880841255188",
        "cumulative": false
    },
    {
        "date": "2021-02-16T11:11:34.152Z",
        "value": "237.40288305282593",
        "cumulative": false
    },
    {
        "date": "2021-02-16T11:15:43.718Z",
        "value": "237.06610250473022",
        "cumulative": false
    },
    {
        "date": "2021-02-16T11:19:53.443Z",
        "value": "237.00152373313904",
        "cumulative": false
    },
    {
        "date": "2021-02-16T11:24:02.385Z",
        "value": "236.30487084388733",
        "cumulative": false
    },
    {
        "date": "2021-02-16T11:28:12.119Z",
        "value": "237.02608036994934",
        "cumulative": false
    },
    {
        "date": "2021-02-16T11:32:21.617Z",
        "value": "236.78399682044983",
        "cumulative": false
    },
    {
        "date": "2021-02-16T11:36:31.185Z",
        "value": "236.82096886634827",
        "cumulative": false
    },
    {
        "date": "2021-02-16T11:40:40.719Z",
        "value": "236.82951974868774",
        "cumulative": false
    },
    {
        "date": "2021-02-16T11:44:50.557Z",
        "value": "237.1421251296997",
        "cumulative": false
    },
    {
        "date": "2021-02-16T11:49:00.462Z",
        "value": "237.13995814323425",
        "cumulative": false
    },
    {
        "date": "2021-02-16T11:53:10.167Z",
        "value": "236.98005843162537",
        "cumulative": false
    },
    {
        "date": "2021-02-16T11:57:19.583Z",
        "value": "236.75330686569214",
        "cumulative": false
    },
    {
        "date": "2021-02-16T12:01:28.596Z",
        "value": "236.44303107261658",
        "cumulative": false
    },
    {
        "date": "2021-02-16T12:05:38.239Z",
        "value": "237.02837204933167",
        "cumulative": false
    },
    {
        "date": "2021-02-16T12:09:47.324Z",
        "value": "236.3458969593048",
        "cumulative": false
    },
    {
        "date": "2021-02-16T12:13:56.918Z",
        "value": "236.90342926979065",
        "cumulative": false
    },
    {
        "date": "2021-02-16T12:18:06.684Z",
        "value": "237.03605699539185",
        "cumulative": false
    },
    {
        "date": "2021-02-16T12:22:15.943Z",
        "value": "236.57344508171082",
        "cumulative": false
    },
    {
        "date": "2021-02-16T12:26:25.397Z",
        "value": "236.8048276901245",
        "cumulative": false
    },
    {
        "date": "2021-02-16T12:30:34.831Z",
        "value": "236.86331152915955",
        "cumulative": false
    },
    {
        "date": "2021-02-16T12:34:44.432Z",
        "value": "236.90032935142517",
        "cumulative": false
    },
    {
        "date": "2021-02-16T12:38:53.157Z",
        "value": "236.07483410835266",
        "cumulative": false
    },
    {
        "date": "2021-02-16T12:43:03.146Z",
        "value": "237.3514060974121",
        "cumulative": false
    },
    {
        "date": "2021-02-16T12:47:12.905Z",
        "value": "236.99760699272156",
        "cumulative": false
    },
    {
        "date": "2021-02-16T12:51:23.042Z",
        "value": "237.40628385543823",
        "cumulative": false
    },
    {
        "date": "2021-02-16T12:55:32.735Z",
        "value": "237.03249645233154",
        "cumulative": false
    },
    {
        "date": "2021-02-16T12:59:42.014Z",
        "value": "236.5104525089264",
        "cumulative": false
    },
    {
        "date": "2021-02-16T13:03:51.431Z",
        "value": "236.6786150932312",
        "cumulative": false
    },
    {
        "date": "2021-02-16T13:08:01.131Z",
        "value": "237.024099111557",
        "cumulative": false
    },
    {
        "date": "2021-02-16T13:12:10.491Z",
        "value": "236.63150119781494",
        "cumulative": false
    },
    {
        "date": "2021-02-16T13:16:20.156Z",
        "value": "236.9546160697937",
        "cumulative": false
    },
    {
        "date": "2021-02-16T13:20:29.765Z",
        "value": "236.87658429145813",
        "cumulative": false
    },
    {
        "date": "2021-02-16T13:24:39.753Z",
        "value": "237.25335097312927",
        "cumulative": false
    },
    {
        "date": "2021-02-16T13:28:49.394Z",
        "value": "236.99095845222473",
        "cumulative": false
    },
    {
        "date": "2021-02-16T13:32:59.265Z",
        "value": "237.14141201972961",
        "cumulative": false
    },
    {
        "date": "2021-02-16T13:37:08.608Z",
        "value": "236.7165071964264",
        "cumulative": false
    },
    {
        "date": "2021-02-16T13:41:18.201Z",
        "value": "236.8077929019928",
        "cumulative": false
    },
    {
        "date": "2021-02-16T13:45:27.675Z",
        "value": "236.80459666252136",
        "cumulative": false
    },
    {
        "date": "2021-02-16T13:49:37.331Z",
        "value": "236.94641089439392",
        "cumulative": false
    },
    {
        "date": "2021-02-16T13:53:46.947Z",
        "value": "236.888165473938",
        "cumulative": false
    },
    {
        "date": "2021-02-16T13:57:56.338Z",
        "value": "236.7248191833496",
        "cumulative": false
    },
    {
        "date": "2021-02-16T14:02:05.892Z",
        "value": "236.9049792289734",
        "cumulative": false
    },
    {
        "date": "2021-02-16T14:06:15.320Z",
        "value": "236.84248900413513",
        "cumulative": false
    },
    {
        "date": "2021-02-16T14:10:24.873Z",
        "value": "236.859787940979",
        "cumulative": false
    },
    {
        "date": "2021-02-16T14:14:34.376Z",
        "value": "236.83978843688965",
        "cumulative": false
    },
    {
        "date": "2021-02-16T14:18:43.901Z",
        "value": "236.8202965259552",
        "cumulative": false
    },
    {
        "date": "2021-02-16T14:22:53.035Z",
        "value": "236.4802577495575",
        "cumulative": false
    },
    {
        "date": "2021-02-16T14:27:02.317Z",
        "value": "236.58240294456482",
        "cumulative": false
    },
    {
        "date": "2021-02-16T14:31:12.583Z",
        "value": "237.5439395904541",
        "cumulative": false
    },
    {
        "date": "2021-02-16T14:35:21.539Z",
        "value": "236.39681148529053",
        "cumulative": false
    },
    {
        "date": "2021-02-16T14:39:31.301Z",
        "value": "237.16938471794128",
        "cumulative": false
    },
    {
        "date": "2021-02-16T14:43:41.539Z",
        "value": "237.56317234039307",
        "cumulative": false
    },
    {
        "date": "2021-02-16T14:47:51.362Z",
        "value": "237.19331288337708",
        "cumulative": false
    },
    {
        "date": "2021-02-16T14:52:01.603Z",
        "value": "237.58646607398987",
        "cumulative": false
    },
    {
        "date": "2021-02-16T14:56:11.287Z",
        "value": "237.02606081962585",
        "cumulative": false
    },
    {
        "date": "2021-02-16T15:00:20.551Z",
        "value": "236.59019231796265",
        "cumulative": false
    },
    {
        "date": "2021-02-16T15:04:29.437Z",
        "value": "236.26029062271118",
        "cumulative": false
    },
    {
        "date": "2021-02-16T15:08:39.313Z",
        "value": "237.3075077533722",
        "cumulative": false
    },
    {
        "date": "2021-02-16T15:12:48.955Z",
        "value": "236.9577841758728",
        "cumulative": false
    },
    {
        "date": "2021-02-16T15:16:58.565Z",
        "value": "236.97561764717102",
        "cumulative": false
    },
    {
        "date": "2021-02-16T15:21:07.856Z",
        "value": "236.4865641593933",
        "cumulative": false
    },
    {
        "date": "2021-02-16T15:25:17.577Z",
        "value": "237.0610966682434",
        "cumulative": false
    },
    {
        "date": "2021-02-16T15:29:26.659Z",
        "value": "236.44449377059937",
        "cumulative": false
    },
    {
        "date": "2021-02-16T15:33:35.458Z",
        "value": "236.20034456253052",
        "cumulative": false
    },
    {
        "date": "2021-02-16T15:37:44.426Z",
        "value": "236.4392750263214",
        "cumulative": false
    },
    {
        "date": "2021-02-16T15:41:53.164Z",
        "value": "236.19644784927368",
        "cumulative": false
    },
    {
        "date": "2021-02-16T15:46:02.304Z",
        "value": "236.63591957092285",
        "cumulative": false
    },
    {
        "date": "2021-02-16T15:50:11.566Z",
        "value": "236.70370078086853",
        "cumulative": false
    },
    {
        "date": "2021-02-16T15:54:21.267Z",
        "value": "237.0058150291443",
        "cumulative": false
    },
    {
        "date": "2021-02-16T15:58:30.563Z",
        "value": "236.57621431350708",
        "cumulative": false
    },
    {
        "date": "2021-02-16T16:02:39.396Z",
        "value": "236.19875955581665",
        "cumulative": false
    },
    {
        "date": "2021-02-16T16:06:47.781Z",
        "value": "235.76100134849548",
        "cumulative": false
    },
    {
        "date": "2021-02-16T16:10:57.009Z",
        "value": "236.56277751922607",
        "cumulative": false
    },
    {
        "date": "2021-02-16T16:15:06.207Z",
        "value": "236.51344776153564",
        "cumulative": false
    },
    {
        "date": "2021-02-16T16:19:14.699Z",
        "value": "235.91006922721863",
        "cumulative": false
    },
    {
        "date": "2021-02-16T16:23:24.373Z",
        "value": "237.05442786216736",
        "cumulative": false
    },
    {
        "date": "2021-02-16T16:27:34.488Z",
        "value": "237.40185070037842",
        "cumulative": false
    },
    {
        "date": "2021-02-16T16:31:43.124Z",
        "value": "236.02462697029114",
        "cumulative": false
    },
    {
        "date": "2021-02-16T16:35:52.279Z",
        "value": "236.5413839817047",
        "cumulative": false
    },
    {
        "date": "2021-02-16T16:40:02.284Z",
        "value": "237.38002228736877",
        "cumulative": false
    },
    {
        "date": "2021-02-16T16:44:11.564Z",
        "value": "236.6457097530365",
        "cumulative": false
    },
    {
        "date": "2021-02-16T16:48:21.295Z",
        "value": "237.09425020217896",
        "cumulative": false
    },
    {
        "date": "2021-02-16T16:52:30.351Z",
        "value": "236.48089385032654",
        "cumulative": false
    },
    {
        "date": "2021-02-16T16:56:39.580Z",
        "value": "236.70376348495483",
        "cumulative": false
    },
    {
        "date": "2021-02-16T17:00:48.883Z",
        "value": "236.71116280555725",
        "cumulative": false
    },
    {
        "date": "2021-02-16T17:04:58.066Z",
        "value": "236.53237533569336",
        "cumulative": false
    },
    {
        "date": "2021-02-16T17:09:07.884Z",
        "value": "237.1693811416626",
        "cumulative": false
    },
    {
        "date": "2021-02-16T17:13:17.332Z",
        "value": "236.80894303321838",
        "cumulative": false
    },
    {
        "date": "2021-02-16T17:17:26.884Z",
        "value": "237.0138373374939",
        "cumulative": false
    },
    {
        "date": "2021-02-16T17:21:36.579Z",
        "value": "237.07366728782654",
        "cumulative": false
    },
    {
        "date": "2021-02-16T17:25:46.444Z",
        "value": "237.26575183868408",
        "cumulative": false
    },
    {
        "date": "2021-02-16T17:29:56.193Z",
        "value": "237.1609010696411",
        "cumulative": false
    },
    {
        "date": "2021-02-16T17:34:05.780Z",
        "value": "236.99028730392456",
        "cumulative": false
    },
    {
        "date": "2021-02-16T17:38:15.338Z",
        "value": "236.96046328544617",
        "cumulative": false
    },
    {
        "date": "2021-02-16T17:42:24.568Z",
        "value": "236.63176226615906",
        "cumulative": false
    },
    {
        "date": "2021-02-16T17:46:34.139Z",
        "value": "236.9650435447693",
        "cumulative": false
    },
    {
        "date": "2021-02-16T17:50:43.375Z",
        "value": "236.66090178489685",
        "cumulative": false
    },
    {
        "date": "2021-02-16T17:54:52.584Z",
        "value": "236.625417470932",
        "cumulative": false
    },
    {
        "date": "2021-02-16T17:59:01.287Z",
        "value": "236.1625051498413",
        "cumulative": false
    }
]