[
    {
        "date": "2021-02-15T16:27:58.264Z",
        "value": "6.691006660461426",
        "cumulative": false
    },
    {
        "date": "2021-02-15T16:31:57.807Z",
        "value": "6.528008460998535",
        "cumulative": false
    },
    {
        "date": "2021-02-15T16:35:57.088Z",
        "value": "6.498897075653076",
        "cumulative": false
    },
    {
        "date": "2021-02-15T16:39:57.203Z",
        "value": "6.361179351806641",
        "cumulative": false
    },
    {
        "date": "2021-02-15T16:43:57.521Z",
        "value": "6.407931089401245",
        "cumulative": false
    },
    {
        "date": "2021-02-15T16:47:58.275Z",
        "value": "6.319992780685425",
        "cumulative": false
    },
    {
        "date": "2021-02-15T16:51:59.162Z",
        "value": "6.349055528640747",
        "cumulative": false
    },
    {
        "date": "2021-02-15T16:56:00.481Z",
        "value": "6.326544284820557",
        "cumulative": false
    },
    {
        "date": "2021-02-15T17:00:01.449Z",
        "value": "6.310104608535767",
        "cumulative": false
    },
    {
        "date": "2021-02-15T17:04:03.277Z",
        "value": "6.136031866073608",
        "cumulative": false
    },
    {
        "date": "2021-02-15T17:08:04.775Z",
        "value": "6.154129981994629",
        "cumulative": false
    },
    {
        "date": "2021-02-15T17:12:06.286Z",
        "value": "6.197608947753906",
        "cumulative": false
    },
    {
        "date": "2021-02-15T17:16:08.384Z",
        "value": "6.138642311096191",
        "cumulative": false
    },
    {
        "date": "2021-02-15T17:20:10.281Z",
        "value": "6.140056133270264",
        "cumulative": false
    },
    {
        "date": "2021-02-15T17:24:11.680Z",
        "value": "6.052428245544434",
        "cumulative": false
    },
    {
        "date": "2021-02-15T17:28:13.935Z",
        "value": "6.100568532943726",
        "cumulative": false
    },
    {
        "date": "2021-02-15T17:32:15.907Z",
        "value": "5.994528770446777",
        "cumulative": false
    },
    {
        "date": "2021-02-15T17:36:18.184Z",
        "value": "6.054311990737915",
        "cumulative": false
    },
    {
        "date": "2021-02-15T17:40:20.649Z",
        "value": "6.093149662017822",
        "cumulative": false
    },
    {
        "date": "2021-02-15T17:44:22.399Z",
        "value": "6.078235864639282",
        "cumulative": false
    },
    {
        "date": "2021-02-15T17:48:24.519Z",
        "value": "6.049292802810669",
        "cumulative": false
    },
    {
        "date": "2021-02-15T17:52:26.892Z",
        "value": "6.011885643005371",
        "cumulative": false
    },
    {
        "date": "2021-02-15T17:56:29.144Z",
        "value": "6.147480010986328",
        "cumulative": false
    },
    {
        "date": "2021-02-15T18:00:31.723Z",
        "value": "6.153753042221069",
        "cumulative": false
    },
    {
        "date": "2021-02-15T18:04:34.197Z",
        "value": "6.060091495513916",
        "cumulative": false
    },
    {
        "date": "2021-02-15T18:08:37.209Z",
        "value": "6.10454249382019",
        "cumulative": false
    },
    {
        "date": "2021-02-15T18:12:39.646Z",
        "value": "5.954489231109619",
        "cumulative": false
    },
    {
        "date": "2021-02-15T18:16:41.819Z",
        "value": "6.0748255252838135",
        "cumulative": false
    },
    {
        "date": "2021-02-15T18:20:43.837Z",
        "value": "5.983661890029907",
        "cumulative": false
    },
    {
        "date": "2021-02-15T18:24:46.141Z",
        "value": "6.1188554763793945",
        "cumulative": false
    },
    {
        "date": "2021-02-15T18:28:49.001Z",
        "value": "6.154011964797974",
        "cumulative": false
    },
    {
        "date": "2021-02-15T18:32:51.789Z",
        "value": "6.17847752571106",
        "cumulative": false
    },
    {
        "date": "2021-02-15T18:36:54.480Z",
        "value": "6.062829971313477",
        "cumulative": false
    },
    {
        "date": "2021-02-15T18:40:56.773Z",
        "value": "6.0976996421813965",
        "cumulative": false
    },
    {
        "date": "2021-02-15T18:44:58.971Z",
        "value": "6.024771213531494",
        "cumulative": false
    },
    {
        "date": "2021-02-15T18:49:01.297Z",
        "value": "6.128756046295166",
        "cumulative": false
    },
    {
        "date": "2021-02-15T18:53:03.478Z",
        "value": "6.0190324783325195",
        "cumulative": false
    },
    {
        "date": "2021-02-15T18:57:05.563Z",
        "value": "6.015969753265381",
        "cumulative": false
    },
    {
        "date": "2021-02-15T19:01:07.745Z",
        "value": "5.926823377609253",
        "cumulative": false
    },
    {
        "date": "2021-02-15T19:05:09.870Z",
        "value": "6.058509111404419",
        "cumulative": false
    },
    {
        "date": "2021-02-15T19:09:12.096Z",
        "value": "6.030544281005859",
        "cumulative": false
    },
    {
        "date": "2021-02-15T19:13:14.261Z",
        "value": "6.062829256057739",
        "cumulative": false
    },
    {
        "date": "2021-02-15T19:17:16.777Z",
        "value": "6.0491251945495605",
        "cumulative": false
    },
    {
        "date": "2021-02-15T19:21:19.596Z",
        "value": "6.152745485305786",
        "cumulative": false
    },
    {
        "date": "2021-02-15T19:25:21.927Z",
        "value": "5.960046768188477",
        "cumulative": false
    },
    {
        "date": "2021-02-15T19:29:24.985Z",
        "value": "6.111396789550781",
        "cumulative": false
    },
    {
        "date": "2021-02-15T19:33:26.986Z",
        "value": "6.103634834289551",
        "cumulative": false
    },
    {
        "date": "2021-02-15T19:37:29.170Z",
        "value": "6.0420615673065186",
        "cumulative": false
    },
    {
        "date": "2021-02-15T19:41:31.157Z",
        "value": "6.227678060531616",
        "cumulative": false
    },
    {
        "date": "2021-02-15T19:45:33.498Z",
        "value": "6.134865760803223",
        "cumulative": false
    },
    {
        "date": "2021-02-15T19:49:35.838Z",
        "value": "6.105133771896362",
        "cumulative": false
    },
    {
        "date": "2021-02-15T19:53:37.844Z",
        "value": "6.199822425842285",
        "cumulative": false
    },
    {
        "date": "2021-02-15T19:57:40.164Z",
        "value": "6.02365517616272",
        "cumulative": false
    },
    {
        "date": "2021-02-15T20:01:49.407Z",
        "value": "6.091352701187134",
        "cumulative": false
    },
    {
        "date": "2021-02-15T20:05:58.109Z",
        "value": "6.118793964385986",
        "cumulative": false
    },
    {
        "date": "2021-02-15T20:10:07.268Z",
        "value": "6.043645858764648",
        "cumulative": false
    },
    {
        "date": "2021-02-15T20:14:15.632Z",
        "value": "6.162174701690674",
        "cumulative": false
    },
    {
        "date": "2021-02-15T20:18:24.622Z",
        "value": "6.0712878704071045",
        "cumulative": false
    },
    {
        "date": "2021-02-15T20:22:33.650Z",
        "value": "6.014968156814575",
        "cumulative": false
    },
    {
        "date": "2021-02-15T20:26:42.673Z",
        "value": "6.1368913650512695",
        "cumulative": false
    },
    {
        "date": "2021-02-15T20:30:51.395Z",
        "value": "5.996192693710327",
        "cumulative": false
    },
    {
        "date": "2021-02-15T20:35:00.261Z",
        "value": "6.068414688110352",
        "cumulative": false
    },
    {
        "date": "2021-02-15T20:39:09.679Z",
        "value": "5.989094972610474",
        "cumulative": false
    },
    {
        "date": "2021-02-15T20:43:18.928Z",
        "value": "6.138490676879883",
        "cumulative": false
    },
    {
        "date": "2021-02-15T20:47:28.112Z",
        "value": "6.045847177505493",
        "cumulative": false
    },
    {
        "date": "2021-02-15T20:51:37.072Z",
        "value": "6.0794453620910645",
        "cumulative": false
    },
    {
        "date": "2021-02-15T20:55:45.670Z",
        "value": "6.01169753074646",
        "cumulative": false
    },
    {
        "date": "2021-02-15T20:59:55.262Z",
        "value": "6.039519309997559",
        "cumulative": false
    },
    {
        "date": "2021-02-15T21:04:04.205Z",
        "value": "5.989400625228882",
        "cumulative": false
    },
    {
        "date": "2021-02-15T21:08:13.286Z",
        "value": "6.036901950836182",
        "cumulative": false
    },
    {
        "date": "2021-02-15T21:12:22.090Z",
        "value": "5.957342624664307",
        "cumulative": false
    },
    {
        "date": "2021-02-15T21:16:31.238Z",
        "value": "5.911915063858032",
        "cumulative": false
    },
    {
        "date": "2021-02-15T21:20:40.314Z",
        "value": "5.98943305015564",
        "cumulative": false
    },
    {
        "date": "2021-02-15T21:24:49.847Z",
        "value": "6.003844976425171",
        "cumulative": false
    },
    {
        "date": "2021-02-15T21:28:59.135Z",
        "value": "6.012312173843384",
        "cumulative": false
    },
    {
        "date": "2021-02-15T21:33:08.255Z",
        "value": "5.883625507354736",
        "cumulative": false
    },
    {
        "date": "2021-02-15T21:37:17.140Z",
        "value": "5.92894983291626",
        "cumulative": false
    },
    {
        "date": "2021-02-15T21:41:25.823Z",
        "value": "5.918314695358276",
        "cumulative": false
    },
    {
        "date": "2021-02-15T21:45:34.742Z",
        "value": "5.94295334815979",
        "cumulative": false
    },
    {
        "date": "2021-02-15T21:49:43.997Z",
        "value": "5.9755730628967285",
        "cumulative": false
    },
    {
        "date": "2021-02-15T21:53:53.192Z",
        "value": "5.9629716873168945",
        "cumulative": false
    },
    {
        "date": "2021-02-15T21:58:02.487Z",
        "value": "5.998775243759155",
        "cumulative": false
    },
    {
        "date": "2021-02-15T22:02:11.670Z",
        "value": "5.905785083770752",
        "cumulative": false
    },
    {
        "date": "2021-02-15T22:06:20.280Z",
        "value": "5.993499755859375",
        "cumulative": false
    },
    {
        "date": "2021-02-15T22:10:29.479Z",
        "value": "5.946804046630859",
        "cumulative": false
    },
    {
        "date": "2021-02-15T22:14:38.878Z",
        "value": "6.045895338058472",
        "cumulative": false
    },
    {
        "date": "2021-02-15T22:18:48.215Z",
        "value": "5.88603663444519",
        "cumulative": false
    },
    {
        "date": "2021-02-15T22:22:56.901Z",
        "value": "5.988239049911499",
        "cumulative": false
    },
    {
        "date": "2021-02-15T22:27:06.396Z",
        "value": "6.012429475784302",
        "cumulative": false
    },
    {
        "date": "2021-02-15T22:31:15.740Z",
        "value": "5.916356801986694",
        "cumulative": false
    },
    {
        "date": "2021-02-15T22:35:25.309Z",
        "value": "6.014750242233276",
        "cumulative": false
    },
    {
        "date": "2021-02-15T22:39:35.120Z",
        "value": "5.989520311355591",
        "cumulative": false
    },
    {
        "date": "2021-02-15T22:43:44.252Z",
        "value": "5.905955076217651",
        "cumulative": false
    },
    {
        "date": "2021-02-15T22:47:53.620Z",
        "value": "5.9750895500183105",
        "cumulative": false
    },
    {
        "date": "2021-02-15T22:52:02.751Z",
        "value": "6.001512289047241",
        "cumulative": false
    },
    {
        "date": "2021-02-15T22:56:11.957Z",
        "value": "5.972774028778076",
        "cumulative": false
    },
    {
        "date": "2021-02-15T23:00:21.248Z",
        "value": "5.916043758392334",
        "cumulative": false
    },
    {
        "date": "2021-02-15T23:04:29.650Z",
        "value": "5.924109935760498",
        "cumulative": false
    },
    {
        "date": "2021-02-15T23:08:38.927Z",
        "value": "5.8951005935668945",
        "cumulative": false
    },
    {
        "date": "2021-02-15T23:12:48.200Z",
        "value": "6.282015800476074",
        "cumulative": false
    },
    {
        "date": "2021-02-15T23:16:57.442Z",
        "value": "6.631584405899048",
        "cumulative": false
    },
    {
        "date": "2021-02-15T23:21:06.733Z",
        "value": "6.661846160888672",
        "cumulative": false
    },
    {
        "date": "2021-02-15T23:25:15.772Z",
        "value": "6.865012884140015",
        "cumulative": false
    },
    {
        "date": "2021-02-15T23:29:24.922Z",
        "value": "6.888202905654907",
        "cumulative": false
    },
    {
        "date": "2021-02-15T23:33:33.811Z",
        "value": "6.888219118118286",
        "cumulative": false
    },
    {
        "date": "2021-02-15T23:37:43.222Z",
        "value": "6.893832683563232",
        "cumulative": false
    },
    {
        "date": "2021-02-15T23:41:52.297Z",
        "value": "6.8953697681427",
        "cumulative": false
    },
    {
        "date": "2021-02-15T23:46:01.595Z",
        "value": "6.769482135772705",
        "cumulative": false
    },
    {
        "date": "2021-02-15T23:50:10.480Z",
        "value": "6.880713939666748",
        "cumulative": false
    },
    {
        "date": "2021-02-15T23:54:19.681Z",
        "value": "6.88990044593811",
        "cumulative": false
    },
    {
        "date": "2021-02-15T23:58:29.204Z",
        "value": "6.948941469192505",
        "cumulative": false
    },
    {
        "date": "2021-02-16T00:02:37.844Z",
        "value": "6.818104028701782",
        "cumulative": false
    },
    {
        "date": "2021-02-16T00:06:46.743Z",
        "value": "6.834374189376831",
        "cumulative": false
    },
    {
        "date": "2021-02-16T00:10:56.355Z",
        "value": "6.871750831604004",
        "cumulative": false
    },
    {
        "date": "2021-02-16T00:15:05.949Z",
        "value": "6.983269214630127",
        "cumulative": false
    },
    {
        "date": "2021-02-16T00:19:15.342Z",
        "value": "6.900461673736572",
        "cumulative": false
    },
    {
        "date": "2021-02-16T00:23:24.746Z",
        "value": "6.978349924087524",
        "cumulative": false
    },
    {
        "date": "2021-02-16T00:27:34.196Z",
        "value": "6.9545605182647705",
        "cumulative": false
    },
    {
        "date": "2021-02-16T00:31:43.273Z",
        "value": "6.988830804824829",
        "cumulative": false
    },
    {
        "date": "2021-02-16T00:35:52.944Z",
        "value": "6.962028503417969",
        "cumulative": false
    },
    {
        "date": "2021-02-16T00:40:02.340Z",
        "value": "6.943935871124268",
        "cumulative": false
    },
    {
        "date": "2021-02-16T00:44:11.436Z",
        "value": "6.962830305099487",
        "cumulative": false
    },
    {
        "date": "2021-02-16T00:48:20.268Z",
        "value": "6.7921202182769775",
        "cumulative": false
    },
    {
        "date": "2021-02-16T00:52:29.278Z",
        "value": "6.743396759033203",
        "cumulative": false
    },
    {
        "date": "2021-02-16T00:56:38.371Z",
        "value": "6.8969855308532715",
        "cumulative": false
    },
    {
        "date": "2021-02-16T01:00:47.247Z",
        "value": "6.819540500640869",
        "cumulative": false
    },
    {
        "date": "2021-02-16T01:04:56.159Z",
        "value": "6.898028135299683",
        "cumulative": false
    },
    {
        "date": "2021-02-16T01:09:05.618Z",
        "value": "6.857789993286133",
        "cumulative": false
    },
    {
        "date": "2021-02-16T01:13:15.417Z",
        "value": "6.880530595779419",
        "cumulative": false
    },
    {
        "date": "2021-02-16T01:17:25.090Z",
        "value": "6.854724884033203",
        "cumulative": false
    },
    {
        "date": "2021-02-16T01:21:35.437Z",
        "value": "6.839410305023193",
        "cumulative": false
    },
    {
        "date": "2021-02-16T01:25:44.949Z",
        "value": "6.785176753997803",
        "cumulative": false
    },
    {
        "date": "2021-02-16T01:29:54.441Z",
        "value": "6.686082363128662",
        "cumulative": false
    },
    {
        "date": "2021-02-16T01:34:03.593Z",
        "value": "6.973377227783203",
        "cumulative": false
    },
    {
        "date": "2021-02-16T01:38:13.052Z",
        "value": "6.898033142089844",
        "cumulative": false
    },
    {
        "date": "2021-02-16T01:42:22.073Z",
        "value": "6.807056188583374",
        "cumulative": false
    },
    {
        "date": "2021-02-16T01:46:31.687Z",
        "value": "6.863001585006714",
        "cumulative": false
    },
    {
        "date": "2021-02-16T01:50:41.190Z",
        "value": "6.7418599128723145",
        "cumulative": false
    },
    {
        "date": "2021-02-16T01:54:50.686Z",
        "value": "6.734538793563843",
        "cumulative": false
    },
    {
        "date": "2021-02-16T01:59:00.445Z",
        "value": "6.705714464187622",
        "cumulative": false
    },
    {
        "date": "2021-02-16T02:03:10.184Z",
        "value": "6.741564512252808",
        "cumulative": false
    },
    {
        "date": "2021-02-16T02:07:19.525Z",
        "value": "6.636524200439453",
        "cumulative": false
    },
    {
        "date": "2021-02-16T02:11:28.996Z",
        "value": "6.766758918762207",
        "cumulative": false
    },
    {
        "date": "2021-02-16T02:15:37.986Z",
        "value": "6.867981195449829",
        "cumulative": false
    },
    {
        "date": "2021-02-16T02:19:47.006Z",
        "value": "6.693010091781616",
        "cumulative": false
    },
    {
        "date": "2021-02-16T02:23:56.150Z",
        "value": "6.804243803024292",
        "cumulative": false
    },
    {
        "date": "2021-02-16T02:28:05.285Z",
        "value": "6.880225658416748",
        "cumulative": false
    },
    {
        "date": "2021-02-16T02:32:14.830Z",
        "value": "6.869861602783203",
        "cumulative": false
    },
    {
        "date": "2021-02-16T02:36:24.436Z",
        "value": "6.632976293563843",
        "cumulative": false
    },
    {
        "date": "2021-02-16T02:40:33.587Z",
        "value": "6.617082357406616",
        "cumulative": false
    },
    {
        "date": "2021-02-16T02:44:42.992Z",
        "value": "6.7779741287231445",
        "cumulative": false
    },
    {
        "date": "2021-02-16T02:48:52.180Z",
        "value": "6.786607980728149",
        "cumulative": false
    },
    {
        "date": "2021-02-16T02:53:01.402Z",
        "value": "6.710089921951294",
        "cumulative": false
    },
    {
        "date": "2021-02-16T02:57:10.341Z",
        "value": "6.665736436843872",
        "cumulative": false
    },
    {
        "date": "2021-02-16T03:01:19.297Z",
        "value": "6.6620166301727295",
        "cumulative": false
    },
    {
        "date": "2021-02-16T03:05:28.457Z",
        "value": "6.563647031784058",
        "cumulative": false
    },
    {
        "date": "2021-02-16T03:09:37.705Z",
        "value": "6.723701477050781",
        "cumulative": false
    },
    {
        "date": "2021-02-16T03:13:46.888Z",
        "value": "6.541097402572632",
        "cumulative": false
    },
    {
        "date": "2021-02-16T03:17:55.558Z",
        "value": "6.198203086853027",
        "cumulative": false
    },
    {
        "date": "2021-02-16T03:22:04.976Z",
        "value": "6.140626430511475",
        "cumulative": false
    },
    {
        "date": "2021-02-16T03:26:13.709Z",
        "value": "6.265226125717163",
        "cumulative": false
    },
    {
        "date": "2021-02-16T03:30:22.622Z",
        "value": "6.20653223991394",
        "cumulative": false
    },
    {
        "date": "2021-02-16T03:34:31.284Z",
        "value": "6.1290388107299805",
        "cumulative": false
    },
    {
        "date": "2021-02-16T03:38:40.002Z",
        "value": "6.268678426742554",
        "cumulative": false
    },
    {
        "date": "2021-02-16T03:42:49.306Z",
        "value": "6.623843431472778",
        "cumulative": false
    },
    {
        "date": "2021-02-16T03:46:58.991Z",
        "value": "6.473812580108643",
        "cumulative": false
    },
    {
        "date": "2021-02-16T03:51:07.812Z",
        "value": "6.372616529464722",
        "cumulative": false
    },
    {
        "date": "2021-02-16T03:55:16.410Z",
        "value": "6.219072580337524",
        "cumulative": false
    },
    {
        "date": "2021-02-16T03:59:25.297Z",
        "value": "6.458674669265747",
        "cumulative": false
    },
    {
        "date": "2021-02-16T04:03:34.482Z",
        "value": "6.6870198249816895",
        "cumulative": false
    },
    {
        "date": "2021-02-16T04:07:43.607Z",
        "value": "6.566375970840454",
        "cumulative": false
    },
    {
        "date": "2021-02-16T04:11:52.693Z",
        "value": "6.547847509384155",
        "cumulative": false
    },
    {
        "date": "2021-02-16T04:16:01.773Z",
        "value": "6.743613243103027",
        "cumulative": false
    },
    {
        "date": "2021-02-16T04:20:10.924Z",
        "value": "6.861003160476685",
        "cumulative": false
    },
    {
        "date": "2021-02-16T04:24:20.431Z",
        "value": "6.966627836227417",
        "cumulative": false
    },
    {
        "date": "2021-02-16T04:28:29.382Z",
        "value": "6.772336006164551",
        "cumulative": false
    },
    {
        "date": "2021-02-16T04:32:38.550Z",
        "value": "6.70501708984375",
        "cumulative": false
    },
    {
        "date": "2021-02-16T04:36:48.053Z",
        "value": "6.738758563995361",
        "cumulative": false
    },
    {
        "date": "2021-02-16T04:40:56.818Z",
        "value": "6.678378105163574",
        "cumulative": false
    },
    {
        "date": "2021-02-16T04:45:05.985Z",
        "value": "6.862229108810425",
        "cumulative": false
    },
    {
        "date": "2021-02-16T04:49:15.026Z",
        "value": "6.3690807819366455",
        "cumulative": false
    },
    {
        "date": "2021-02-16T04:53:23.993Z",
        "value": "6.394301652908325",
        "cumulative": false
    },
    {
        "date": "2021-02-16T04:57:32.987Z",
        "value": "6.376016616821289",
        "cumulative": false
    },
    {
        "date": "2021-02-16T05:01:42.569Z",
        "value": "6.337019681930542",
        "cumulative": false
    },
    {
        "date": "2021-02-16T05:05:51.713Z",
        "value": "6.42010498046875",
        "cumulative": false
    },
    {
        "date": "2021-02-16T05:10:00.392Z",
        "value": "6.288126468658447",
        "cumulative": false
    },
    {
        "date": "2021-02-16T05:14:10.152Z",
        "value": "6.247818470001221",
        "cumulative": false
    },
    {
        "date": "2021-02-16T05:18:19.458Z",
        "value": "6.355005979537964",
        "cumulative": false
    },
    {
        "date": "2021-02-16T05:22:28.885Z",
        "value": "6.3663530349731445",
        "cumulative": false
    },
    {
        "date": "2021-02-16T05:26:38.112Z",
        "value": "6.414066314697266",
        "cumulative": false
    },
    {
        "date": "2021-02-16T05:30:47.614Z",
        "value": "6.361612796783447",
        "cumulative": false
    },
    {
        "date": "2021-02-16T05:34:56.647Z",
        "value": "6.298266410827637",
        "cumulative": false
    },
    {
        "date": "2021-02-16T05:39:05.382Z",
        "value": "6.415989398956299",
        "cumulative": false
    },
    {
        "date": "2021-02-16T05:43:14.510Z",
        "value": "6.40729546546936",
        "cumulative": false
    },
    {
        "date": "2021-02-16T05:47:23.856Z",
        "value": "6.413426399230957",
        "cumulative": false
    },
    {
        "date": "2021-02-16T05:51:32.912Z",
        "value": "6.419153213500977",
        "cumulative": false
    },
    {
        "date": "2021-02-16T05:55:42.262Z",
        "value": "6.476807117462158",
        "cumulative": false
    },
    {
        "date": "2021-02-16T05:59:51.351Z",
        "value": "6.363556861877441",
        "cumulative": false
    },
    {
        "date": "2021-02-16T06:04:00.301Z",
        "value": "6.149108648300171",
        "cumulative": false
    },
    {
        "date": "2021-02-16T06:08:09.339Z",
        "value": "6.247021913528442",
        "cumulative": false
    },
    {
        "date": "2021-02-16T06:12:18.458Z",
        "value": "6.608091354370117",
        "cumulative": false
    },
    {
        "date": "2021-02-16T06:16:27.709Z",
        "value": "6.50777006149292",
        "cumulative": false
    },
    {
        "date": "2021-02-16T06:20:37.446Z",
        "value": "6.6503212451934814",
        "cumulative": false
    },
    {
        "date": "2021-02-16T06:24:47.099Z",
        "value": "6.589569091796875",
        "cumulative": false
    },
    {
        "date": "2021-02-16T06:28:56.507Z",
        "value": "6.649562358856201",
        "cumulative": false
    },
    {
        "date": "2021-02-16T06:33:05.580Z",
        "value": "6.582663536071777",
        "cumulative": false
    },
    {
        "date": "2021-02-16T06:37:15.488Z",
        "value": "6.670308828353882",
        "cumulative": false
    },
    {
        "date": "2021-02-16T06:41:25.292Z",
        "value": "6.574689149856567",
        "cumulative": false
    },
    {
        "date": "2021-02-16T06:45:34.519Z",
        "value": "6.700169563293457",
        "cumulative": false
    },
    {
        "date": "2021-02-16T06:49:43.933Z",
        "value": "6.5033934116363525",
        "cumulative": false
    },
    {
        "date": "2021-02-16T06:53:53.743Z",
        "value": "6.563538312911987",
        "cumulative": false
    },
    {
        "date": "2021-02-16T06:58:03.073Z",
        "value": "6.595203399658203",
        "cumulative": false
    },
    {
        "date": "2021-02-16T07:02:12.489Z",
        "value": "6.7019877433776855",
        "cumulative": false
    },
    {
        "date": "2021-02-16T07:06:22.309Z",
        "value": "6.665761470794678",
        "cumulative": false
    },
    {
        "date": "2021-02-16T07:10:32.076Z",
        "value": "6.558438539505005",
        "cumulative": false
    },
    {
        "date": "2021-02-16T07:14:41.536Z",
        "value": "6.706819534301758",
        "cumulative": false
    },
    {
        "date": "2021-02-16T07:18:51.025Z",
        "value": "6.660975933074951",
        "cumulative": false
    },
    {
        "date": "2021-02-16T07:23:00.707Z",
        "value": "6.737402439117432",
        "cumulative": false
    },
    {
        "date": "2021-02-16T07:27:10.455Z",
        "value": "6.541741847991943",
        "cumulative": false
    },
    {
        "date": "2021-02-16T07:31:19.917Z",
        "value": "6.6362714767456055",
        "cumulative": false
    },
    {
        "date": "2021-02-16T07:35:29.499Z",
        "value": "6.601825714111328",
        "cumulative": false
    },
    {
        "date": "2021-02-16T07:39:39.058Z",
        "value": "6.614081621170044",
        "cumulative": false
    },
    {
        "date": "2021-02-16T07:43:48.829Z",
        "value": "6.531147003173828",
        "cumulative": false
    },
    {
        "date": "2021-02-16T07:47:58.449Z",
        "value": "6.691466808319092",
        "cumulative": false
    },
    {
        "date": "2021-02-16T07:52:08.228Z",
        "value": "6.560404300689697",
        "cumulative": false
    },
    {
        "date": "2021-02-16T07:56:17.463Z",
        "value": "6.5210862159729",
        "cumulative": false
    },
    {
        "date": "2021-02-16T08:00:26.743Z",
        "value": "6.3754682540893555",
        "cumulative": false
    },
    {
        "date": "2021-02-16T08:04:35.448Z",
        "value": "6.190298080444336",
        "cumulative": false
    },
    {
        "date": "2021-02-16T08:08:44.630Z",
        "value": "6.303930759429932",
        "cumulative": false
    },
    {
        "date": "2021-02-16T08:12:54.144Z",
        "value": "6.4441986083984375",
        "cumulative": false
    },
    {
        "date": "2021-02-16T08:17:03.497Z",
        "value": "6.440589666366577",
        "cumulative": false
    },
    {
        "date": "2021-02-16T08:21:12.237Z",
        "value": "6.64015007019043",
        "cumulative": false
    },
    {
        "date": "2021-02-16T08:25:21.559Z",
        "value": "6.737792491912842",
        "cumulative": false
    },
    {
        "date": "2021-02-16T08:29:30.863Z",
        "value": "6.88334584236145",
        "cumulative": false
    },
    {
        "date": "2021-02-16T08:33:40.341Z",
        "value": "6.805546522140503",
        "cumulative": false
    },
    {
        "date": "2021-02-16T08:37:49.447Z",
        "value": "6.593347787857056",
        "cumulative": false
    },
    {
        "date": "2021-02-16T08:41:58.203Z",
        "value": "6.72435450553894",
        "cumulative": false
    },
    {
        "date": "2021-02-16T08:46:07.337Z",
        "value": "6.508415699005127",
        "cumulative": false
    },
    {
        "date": "2021-02-16T08:50:16.123Z",
        "value": "6.610698938369751",
        "cumulative": false
    },
    {
        "date": "2021-02-16T08:54:25.354Z",
        "value": "6.811733961105347",
        "cumulative": false
    },
    {
        "date": "2021-02-16T08:58:34.764Z",
        "value": "6.866506338119507",
        "cumulative": false
    },
    {
        "date": "2021-02-16T09:02:44.204Z",
        "value": "6.609407424926758",
        "cumulative": false
    },
    {
        "date": "2021-02-16T09:06:53.388Z",
        "value": "6.77914571762085",
        "cumulative": false
    },
    {
        "date": "2021-02-16T09:11:02.630Z",
        "value": "6.781452417373657",
        "cumulative": false
    },
    {
        "date": "2021-02-16T09:15:12.282Z",
        "value": "6.692446947097778",
        "cumulative": false
    },
    {
        "date": "2021-02-16T09:19:21.560Z",
        "value": "6.38239049911499",
        "cumulative": false
    },
    {
        "date": "2021-02-16T09:23:31.078Z",
        "value": "6.65442681312561",
        "cumulative": false
    },
    {
        "date": "2021-02-16T09:27:39.943Z",
        "value": "6.520212411880493",
        "cumulative": false
    },
    {
        "date": "2021-02-16T09:31:49.481Z",
        "value": "6.557091474533081",
        "cumulative": false
    },
    {
        "date": "2021-02-16T09:35:58.780Z",
        "value": "6.462780952453613",
        "cumulative": false
    },
    {
        "date": "2021-02-16T09:40:08.022Z",
        "value": "6.330591201782227",
        "cumulative": false
    },
    {
        "date": "2021-02-16T09:44:17.674Z",
        "value": "6.445200204849243",
        "cumulative": false
    },
    {
        "date": "2021-02-16T09:48:26.714Z",
        "value": "6.349552392959595",
        "cumulative": false
    },
    {
        "date": "2021-02-16T09:52:36.207Z",
        "value": "6.350585460662842",
        "cumulative": false
    },
    {
        "date": "2021-02-16T09:56:45.349Z",
        "value": "6.518264293670654",
        "cumulative": false
    },
    {
        "date": "2021-02-16T10:00:55.036Z",
        "value": "6.951570987701416",
        "cumulative": false
    },
    {
        "date": "2021-02-16T10:05:04.599Z",
        "value": "6.797704458236694",
        "cumulative": false
    },
    {
        "date": "2021-02-16T10:09:13.792Z",
        "value": "6.756860733032227",
        "cumulative": false
    },
    {
        "date": "2021-02-16T10:13:23.019Z",
        "value": "6.595036506652832",
        "cumulative": false
    },
    {
        "date": "2021-02-16T10:17:32.665Z",
        "value": "6.720394849777222",
        "cumulative": false
    },
    {
        "date": "2021-02-16T10:21:41.941Z",
        "value": "6.622143507003784",
        "cumulative": false
    },
    {
        "date": "2021-02-16T10:25:50.915Z",
        "value": "6.69561243057251",
        "cumulative": false
    },
    {
        "date": "2021-02-16T10:30:00.056Z",
        "value": "6.734977722167969",
        "cumulative": false
    },
    {
        "date": "2021-02-16T10:34:09.876Z",
        "value": "6.797137498855591",
        "cumulative": false
    },
    {
        "date": "2021-02-16T10:38:19.166Z",
        "value": "6.478988409042358",
        "cumulative": false
    },
    {
        "date": "2021-02-16T10:42:28.723Z",
        "value": "6.430232286453247",
        "cumulative": false
    },
    {
        "date": "2021-02-16T10:46:37.757Z",
        "value": "6.371473789215088",
        "cumulative": false
    },
    {
        "date": "2021-02-16T10:50:46.555Z",
        "value": "6.338118314743042",
        "cumulative": false
    },
    {
        "date": "2021-02-16T10:54:55.576Z",
        "value": "6.365416526794434",
        "cumulative": false
    },
    {
        "date": "2021-02-16T10:59:05.088Z",
        "value": "6.44935417175293",
        "cumulative": false
    },
    {
        "date": "2021-02-16T11:03:14.914Z",
        "value": "6.471466541290283",
        "cumulative": false
    },
    {
        "date": "2021-02-16T11:07:24.177Z",
        "value": "6.486847639083862",
        "cumulative": false
    },
    {
        "date": "2021-02-16T11:11:34.152Z",
        "value": "6.365038871765137",
        "cumulative": false
    },
    {
        "date": "2021-02-16T11:15:43.718Z",
        "value": "6.297187089920044",
        "cumulative": false
    },
    {
        "date": "2021-02-16T11:19:53.443Z",
        "value": "6.655325889587402",
        "cumulative": false
    },
    {
        "date": "2021-02-16T11:24:02.385Z",
        "value": "6.487161874771118",
        "cumulative": false
    },
    {
        "date": "2021-02-16T11:28:12.119Z",
        "value": "6.962492942810059",
        "cumulative": false
    },
    {
        "date": "2021-02-16T11:32:21.617Z",
        "value": "6.8016276359558105",
        "cumulative": false
    },
    {
        "date": "2021-02-16T11:36:31.185Z",
        "value": "6.784314393997192",
        "cumulative": false
    },
    {
        "date": "2021-02-16T11:40:40.719Z",
        "value": "6.7344911098480225",
        "cumulative": false
    },
    {
        "date": "2021-02-16T11:44:50.557Z",
        "value": "6.88127326965332",
        "cumulative": false
    },
    {
        "date": "2021-02-16T11:49:00.462Z",
        "value": "6.757869720458984",
        "cumulative": false
    },
    {
        "date": "2021-02-16T11:53:10.167Z",
        "value": "6.575753211975098",
        "cumulative": false
    },
    {
        "date": "2021-02-16T11:57:19.583Z",
        "value": "6.596315145492554",
        "cumulative": false
    },
    {
        "date": "2021-02-16T12:01:28.597Z",
        "value": "6.321855545043945",
        "cumulative": false
    },
    {
        "date": "2021-02-16T12:05:38.240Z",
        "value": "6.54564356803894",
        "cumulative": false
    },
    {
        "date": "2021-02-16T12:09:47.324Z",
        "value": "6.679384708404541",
        "cumulative": false
    },
    {
        "date": "2021-02-16T12:13:56.918Z",
        "value": "6.767381429672241",
        "cumulative": false
    },
    {
        "date": "2021-02-16T12:18:06.684Z",
        "value": "6.698172569274902",
        "cumulative": false
    },
    {
        "date": "2021-02-16T12:22:15.943Z",
        "value": "6.719603776931763",
        "cumulative": false
    },
    {
        "date": "2021-02-16T12:26:25.398Z",
        "value": "6.555264711380005",
        "cumulative": false
    },
    {
        "date": "2021-02-16T12:30:34.831Z",
        "value": "6.39289665222168",
        "cumulative": false
    },
    {
        "date": "2021-02-16T12:34:44.432Z",
        "value": "6.57805871963501",
        "cumulative": false
    },
    {
        "date": "2021-02-16T12:38:53.157Z",
        "value": "6.478106260299683",
        "cumulative": false
    },
    {
        "date": "2021-02-16T12:43:03.146Z",
        "value": "6.451469659805298",
        "cumulative": false
    },
    {
        "date": "2021-02-16T12:47:12.905Z",
        "value": "6.701984643936157",
        "cumulative": false
    },
    {
        "date": "2021-02-16T12:51:23.042Z",
        "value": "6.838135480880737",
        "cumulative": false
    },
    {
        "date": "2021-02-16T12:55:32.735Z",
        "value": "6.659229040145874",
        "cumulative": false
    },
    {
        "date": "2021-02-16T12:59:42.014Z",
        "value": "6.615660667419434",
        "cumulative": false
    },
    {
        "date": "2021-02-16T13:03:51.431Z",
        "value": "6.72601580619812",
        "cumulative": false
    },
    {
        "date": "2021-02-16T13:08:01.131Z",
        "value": "6.8262293338775635",
        "cumulative": false
    },
    {
        "date": "2021-02-16T13:12:10.491Z",
        "value": "6.642079591751099",
        "cumulative": false
    },
    {
        "date": "2021-02-16T13:16:20.156Z",
        "value": "6.6656739711761475",
        "cumulative": false
    },
    {
        "date": "2021-02-16T13:20:29.765Z",
        "value": "6.703127861022949",
        "cumulative": false
    },
    {
        "date": "2021-02-16T13:24:39.753Z",
        "value": "6.6752002239227295",
        "cumulative": false
    },
    {
        "date": "2021-02-16T13:28:49.394Z",
        "value": "6.610353946685791",
        "cumulative": false
    },
    {
        "date": "2021-02-16T13:32:59.265Z",
        "value": "6.672952651977539",
        "cumulative": false
    },
    {
        "date": "2021-02-16T13:37:08.608Z",
        "value": "6.491204023361206",
        "cumulative": false
    },
    {
        "date": "2021-02-16T13:41:18.201Z",
        "value": "6.649563312530518",
        "cumulative": false
    },
    {
        "date": "2021-02-16T13:45:27.675Z",
        "value": "6.660516023635864",
        "cumulative": false
    },
    {
        "date": "2021-02-16T13:49:37.331Z",
        "value": "6.509730100631714",
        "cumulative": false
    },
    {
        "date": "2021-02-16T13:53:46.947Z",
        "value": "6.473445653915405",
        "cumulative": false
    },
    {
        "date": "2021-02-16T13:57:56.338Z",
        "value": "6.650746583938599",
        "cumulative": false
    },
    {
        "date": "2021-02-16T14:02:05.893Z",
        "value": "6.508082866668701",
        "cumulative": false
    },
    {
        "date": "2021-02-16T14:06:15.320Z",
        "value": "6.559807777404785",
        "cumulative": false
    },
    {
        "date": "2021-02-16T14:10:24.873Z",
        "value": "6.517197608947754",
        "cumulative": false
    },
    {
        "date": "2021-02-16T14:14:34.376Z",
        "value": "6.495682954788208",
        "cumulative": false
    },
    {
        "date": "2021-02-16T14:18:43.901Z",
        "value": "6.606940031051636",
        "cumulative": false
    },
    {
        "date": "2021-02-16T14:22:53.035Z",
        "value": "6.542864799499512",
        "cumulative": false
    },
    {
        "date": "2021-02-16T14:27:02.317Z",
        "value": "6.467808246612549",
        "cumulative": false
    },
    {
        "date": "2021-02-16T14:31:12.583Z",
        "value": "6.639529705047607",
        "cumulative": false
    },
    {
        "date": "2021-02-16T14:35:21.539Z",
        "value": "6.336459159851074",
        "cumulative": false
    },
    {
        "date": "2021-02-16T14:39:31.301Z",
        "value": "6.332631349563599",
        "cumulative": false
    },
    {
        "date": "2021-02-16T14:43:41.539Z",
        "value": "6.278542518615723",
        "cumulative": false
    },
    {
        "date": "2021-02-16T14:47:51.362Z",
        "value": "6.227599143981934",
        "cumulative": false
    },
    {
        "date": "2021-02-16T14:52:01.603Z",
        "value": "6.511212587356567",
        "cumulative": false
    },
    {
        "date": "2021-02-16T14:56:11.287Z",
        "value": "6.520592451095581",
        "cumulative": false
    },
    {
        "date": "2021-02-16T15:00:20.551Z",
        "value": "6.44500207901001",
        "cumulative": false
    },
    {
        "date": "2021-02-16T15:04:29.438Z",
        "value": "6.448027610778809",
        "cumulative": false
    },
    {
        "date": "2021-02-16T15:08:39.313Z",
        "value": "6.641109466552734",
        "cumulative": false
    },
    {
        "date": "2021-02-16T15:12:48.955Z",
        "value": "6.737317800521851",
        "cumulative": false
    },
    {
        "date": "2021-02-16T15:16:58.566Z",
        "value": "6.832695722579956",
        "cumulative": false
    },
    {
        "date": "2021-02-16T15:21:07.856Z",
        "value": "6.932063579559326",
        "cumulative": false
    },
    {
        "date": "2021-02-16T15:25:17.577Z",
        "value": "6.5494773387908936",
        "cumulative": false
    },
    {
        "date": "2021-02-16T15:29:26.659Z",
        "value": "6.752001523971558",
        "cumulative": false
    },
    {
        "date": "2021-02-16T15:33:35.458Z",
        "value": "6.558175325393677",
        "cumulative": false
    },
    {
        "date": "2021-02-16T15:37:44.426Z",
        "value": "6.378515958786011",
        "cumulative": false
    },
    {
        "date": "2021-02-16T15:41:53.164Z",
        "value": "6.279042482376099",
        "cumulative": false
    },
    {
        "date": "2021-02-16T15:46:02.304Z",
        "value": "6.323105096817017",
        "cumulative": false
    },
    {
        "date": "2021-02-16T15:50:11.566Z",
        "value": "6.132042646408081",
        "cumulative": false
    },
    {
        "date": "2021-02-16T15:54:21.267Z",
        "value": "6.746941089630127",
        "cumulative": false
    },
    {
        "date": "2021-02-16T15:58:30.563Z",
        "value": "6.6181628704071045",
        "cumulative": false
    },
    {
        "date": "2021-02-16T16:02:39.397Z",
        "value": "6.412529706954956",
        "cumulative": false
    },
    {
        "date": "2021-02-16T16:06:47.781Z",
        "value": "6.396443843841553",
        "cumulative": false
    },
    {
        "date": "2021-02-16T16:10:57.009Z",
        "value": "6.472018003463745",
        "cumulative": false
    },
    {
        "date": "2021-02-16T16:15:06.207Z",
        "value": "6.47130823135376",
        "cumulative": false
    },
    {
        "date": "2021-02-16T16:19:14.699Z",
        "value": "6.227726221084595",
        "cumulative": false
    },
    {
        "date": "2021-02-16T16:23:24.373Z",
        "value": "6.271133184432983",
        "cumulative": false
    },
    {
        "date": "2021-02-16T16:27:34.488Z",
        "value": "6.695574760437012",
        "cumulative": false
    },
    {
        "date": "2021-02-16T16:31:43.124Z",
        "value": "6.483095169067383",
        "cumulative": false
    },
    {
        "date": "2021-02-16T16:35:52.279Z",
        "value": "6.3557960987091064",
        "cumulative": false
    },
    {
        "date": "2021-02-16T16:40:02.284Z",
        "value": "6.46478533744812",
        "cumulative": false
    },
    {
        "date": "2021-02-16T16:44:11.564Z",
        "value": "6.34313440322876",
        "cumulative": false
    },
    {
        "date": "2021-02-16T16:48:21.295Z",
        "value": "6.347161531448364",
        "cumulative": false
    },
    {
        "date": "2021-02-16T16:52:30.351Z",
        "value": "6.383551836013794",
        "cumulative": false
    },
    {
        "date": "2021-02-16T16:56:39.580Z",
        "value": "6.4004693031311035",
        "cumulative": false
    },
    {
        "date": "2021-02-16T17:00:48.883Z",
        "value": "6.204673767089844",
        "cumulative": false
    },
    {
        "date": "2021-02-16T17:04:58.066Z",
        "value": "6.274687051773071",
        "cumulative": false
    },
    {
        "date": "2021-02-16T17:09:07.884Z",
        "value": "6.321161508560181",
        "cumulative": false
    },
    {
        "date": "2021-02-16T17:13:17.332Z",
        "value": "6.2657835483551025",
        "cumulative": false
    },
    {
        "date": "2021-02-16T17:17:26.884Z",
        "value": "6.29094672203064",
        "cumulative": false
    },
    {
        "date": "2021-02-16T17:21:36.579Z",
        "value": "6.1960248947143555",
        "cumulative": false
    },
    {
        "date": "2021-02-16T17:25:46.444Z",
        "value": "6.253338098526001",
        "cumulative": false
    },
    {
        "date": "2021-02-16T17:29:56.193Z",
        "value": "6.2246551513671875",
        "cumulative": false
    },
    {
        "date": "2021-02-16T17:34:05.780Z",
        "value": "6.251105546951294",
        "cumulative": false
    },
    {
        "date": "2021-02-16T17:38:15.339Z",
        "value": "6.314040184020996",
        "cumulative": false
    },
    {
        "date": "2021-02-16T17:42:24.568Z",
        "value": "6.3081886768341064",
        "cumulative": false
    },
    {
        "date": "2021-02-16T17:46:34.139Z",
        "value": "6.342194318771362",
        "cumulative": false
    },
    {
        "date": "2021-02-16T17:50:43.375Z",
        "value": "6.332591533660889",
        "cumulative": false
    },
    {
        "date": "2021-02-16T17:54:52.584Z",
        "value": "6.183980941772461",
        "cumulative": false
    },
    {
        "date": "2021-02-16T17:59:01.287Z",
        "value": "6.316586017608643",
        "cumulative": false
    }
]