[
    {
        "date": "2021-02-15T16:27:58.265Z",
        "value": "0.0033409595489501953",
        "cumulative": false
    },
    {
        "date": "2021-02-15T16:31:57.807Z",
        "value": "0.003720998764038086",
        "cumulative": false
    },
    {
        "date": "2021-02-15T16:35:57.088Z",
        "value": "0.0031397342681884766",
        "cumulative": false
    },
    {
        "date": "2021-02-15T16:39:57.203Z",
        "value": "0.0031266212463378906",
        "cumulative": false
    },
    {
        "date": "2021-02-15T16:43:57.521Z",
        "value": "0.003149271011352539",
        "cumulative": false
    },
    {
        "date": "2021-02-15T16:47:58.275Z",
        "value": "0.002977609634399414",
        "cumulative": false
    },
    {
        "date": "2021-02-15T16:51:59.162Z",
        "value": "0.003033876419067383",
        "cumulative": false
    },
    {
        "date": "2021-02-15T16:56:00.481Z",
        "value": "0.003017425537109375",
        "cumulative": false
    },
    {
        "date": "2021-02-15T17:00:01.449Z",
        "value": "0.0030083656311035156",
        "cumulative": false
    },
    {
        "date": "2021-02-15T17:04:03.277Z",
        "value": "0.0030171871185302734",
        "cumulative": false
    },
    {
        "date": "2021-02-15T17:08:04.775Z",
        "value": "0.0030364990234375",
        "cumulative": false
    },
    {
        "date": "2021-02-15T17:12:06.286Z",
        "value": "0.002940654754638672",
        "cumulative": false
    },
    {
        "date": "2021-02-15T17:16:08.384Z",
        "value": "0.002968311309814453",
        "cumulative": false
    },
    {
        "date": "2021-02-15T17:20:10.281Z",
        "value": "0.0029726028442382812",
        "cumulative": false
    },
    {
        "date": "2021-02-15T17:24:11.680Z",
        "value": "0.0028486251831054688",
        "cumulative": false
    },
    {
        "date": "2021-02-15T17:28:13.935Z",
        "value": "0.002935647964477539",
        "cumulative": false
    },
    {
        "date": "2021-02-15T17:32:15.907Z",
        "value": "0.00289154052734375",
        "cumulative": false
    },
    {
        "date": "2021-02-15T17:36:18.184Z",
        "value": "0.002869844436645508",
        "cumulative": false
    },
    {
        "date": "2021-02-15T17:40:20.649Z",
        "value": "0.003310680389404297",
        "cumulative": false
    },
    {
        "date": "2021-02-15T17:44:22.399Z",
        "value": "0.002911806106567383",
        "cumulative": false
    },
    {
        "date": "2021-02-15T17:48:24.519Z",
        "value": "0.002916574478149414",
        "cumulative": false
    },
    {
        "date": "2021-02-15T17:52:26.892Z",
        "value": "0.0029363632202148438",
        "cumulative": false
    },
    {
        "date": "2021-02-15T17:56:29.144Z",
        "value": "0.002981424331665039",
        "cumulative": false
    },
    {
        "date": "2021-02-15T18:00:31.723Z",
        "value": "0.0028586387634277344",
        "cumulative": false
    },
    {
        "date": "2021-02-15T18:04:34.197Z",
        "value": "0.00290679931640625",
        "cumulative": false
    },
    {
        "date": "2021-02-15T18:08:37.209Z",
        "value": "0.002975940704345703",
        "cumulative": false
    },
    {
        "date": "2021-02-15T18:12:39.646Z",
        "value": "0.0028715133666992188",
        "cumulative": false
    },
    {
        "date": "2021-02-15T18:16:41.820Z",
        "value": "0.0028679370880126953",
        "cumulative": false
    },
    {
        "date": "2021-02-15T18:20:43.838Z",
        "value": "0.0028600692749023438",
        "cumulative": false
    },
    {
        "date": "2021-02-15T18:24:46.141Z",
        "value": "0.002900838851928711",
        "cumulative": false
    },
    {
        "date": "2021-02-15T18:28:49.001Z",
        "value": "0.002939462661743164",
        "cumulative": false
    },
    {
        "date": "2021-02-15T18:32:51.789Z",
        "value": "0.0029518604278564453",
        "cumulative": false
    },
    {
        "date": "2021-02-15T18:36:54.480Z",
        "value": "0.0028839111328125",
        "cumulative": false
    },
    {
        "date": "2021-02-15T18:40:56.773Z",
        "value": "0.003017902374267578",
        "cumulative": false
    },
    {
        "date": "2021-02-15T18:44:58.971Z",
        "value": "0.002916574478149414",
        "cumulative": false
    },
    {
        "date": "2021-02-15T18:49:01.297Z",
        "value": "0.0028684139251708984",
        "cumulative": false
    },
    {
        "date": "2021-02-15T18:53:03.479Z",
        "value": "0.0028901100158691406",
        "cumulative": false
    },
    {
        "date": "2021-02-15T18:57:05.563Z",
        "value": "0.0027875900268554688",
        "cumulative": false
    },
    {
        "date": "2021-02-15T19:01:07.745Z",
        "value": "0.0031936168670654297",
        "cumulative": false
    },
    {
        "date": "2021-02-15T19:05:09.870Z",
        "value": "0.002839803695678711",
        "cumulative": false
    },
    {
        "date": "2021-02-15T19:09:12.096Z",
        "value": "0.0028748512268066406",
        "cumulative": false
    },
    {
        "date": "2021-02-15T19:13:14.261Z",
        "value": "0.002922534942626953",
        "cumulative": false
    },
    {
        "date": "2021-02-15T19:17:16.778Z",
        "value": "0.0029621124267578125",
        "cumulative": false
    },
    {
        "date": "2021-02-15T19:21:19.596Z",
        "value": "0.0029115676879882812",
        "cumulative": false
    },
    {
        "date": "2021-02-15T19:25:21.928Z",
        "value": "0.002866506576538086",
        "cumulative": false
    },
    {
        "date": "2021-02-15T19:29:24.985Z",
        "value": "0.0029354095458984375",
        "cumulative": false
    },
    {
        "date": "2021-02-15T19:33:26.986Z",
        "value": "0.002961874008178711",
        "cumulative": false
    },
    {
        "date": "2021-02-15T19:37:29.170Z",
        "value": "0.0028693675994873047",
        "cumulative": false
    },
    {
        "date": "2021-02-15T19:41:31.157Z",
        "value": "0.003003835678100586",
        "cumulative": false
    },
    {
        "date": "2021-02-15T19:45:33.498Z",
        "value": "0.0029144287109375",
        "cumulative": false
    },
    {
        "date": "2021-02-15T19:49:35.838Z",
        "value": "0.002883434295654297",
        "cumulative": false
    },
    {
        "date": "2021-02-15T19:53:37.844Z",
        "value": "0.0030183792114257812",
        "cumulative": false
    },
    {
        "date": "2021-02-15T19:57:40.164Z",
        "value": "0.002884387969970703",
        "cumulative": false
    },
    {
        "date": "2021-02-15T20:01:49.407Z",
        "value": "0.0029931068420410156",
        "cumulative": false
    },
    {
        "date": "2021-02-15T20:05:58.109Z",
        "value": "0.0029497146606445312",
        "cumulative": false
    },
    {
        "date": "2021-02-15T20:10:07.269Z",
        "value": "0.0029518604278564453",
        "cumulative": false
    },
    {
        "date": "2021-02-15T20:14:15.632Z",
        "value": "0.0030694007873535156",
        "cumulative": false
    },
    {
        "date": "2021-02-15T20:18:24.622Z",
        "value": "0.0030198097229003906",
        "cumulative": false
    },
    {
        "date": "2021-02-15T20:22:33.650Z",
        "value": "0.003305673599243164",
        "cumulative": false
    },
    {
        "date": "2021-02-15T20:26:42.673Z",
        "value": "0.0028946399688720703",
        "cumulative": false
    },
    {
        "date": "2021-02-15T20:30:51.395Z",
        "value": "0.002925395965576172",
        "cumulative": false
    },
    {
        "date": "2021-02-15T20:35:00.261Z",
        "value": "0.0028824806213378906",
        "cumulative": false
    },
    {
        "date": "2021-02-15T20:39:09.679Z",
        "value": "0.002922534942626953",
        "cumulative": false
    },
    {
        "date": "2021-02-15T20:43:18.928Z",
        "value": "0.0030002593994140625",
        "cumulative": false
    },
    {
        "date": "2021-02-15T20:47:28.112Z",
        "value": "0.0028998851776123047",
        "cumulative": false
    },
    {
        "date": "2021-02-15T20:51:37.072Z",
        "value": "0.0028896331787109375",
        "cumulative": false
    },
    {
        "date": "2021-02-15T20:55:45.670Z",
        "value": "0.0028429031372070312",
        "cumulative": false
    },
    {
        "date": "2021-02-15T20:59:55.262Z",
        "value": "0.002709627151489258",
        "cumulative": false
    },
    {
        "date": "2021-02-15T21:04:04.205Z",
        "value": "0.0027201175689697266",
        "cumulative": false
    },
    {
        "date": "2021-02-15T21:08:13.286Z",
        "value": "0.0027234554290771484",
        "cumulative": false
    },
    {
        "date": "2021-02-15T21:12:22.090Z",
        "value": "0.0026171207427978516",
        "cumulative": false
    },
    {
        "date": "2021-02-15T21:16:31.238Z",
        "value": "0.002570629119873047",
        "cumulative": false
    },
    {
        "date": "2021-02-15T21:20:40.314Z",
        "value": "0.0026612281799316406",
        "cumulative": false
    },
    {
        "date": "2021-02-15T21:24:49.847Z",
        "value": "0.002789020538330078",
        "cumulative": false
    },
    {
        "date": "2021-02-15T21:28:59.135Z",
        "value": "0.002673625946044922",
        "cumulative": false
    },
    {
        "date": "2021-02-15T21:33:08.255Z",
        "value": "0.0025627613067626953",
        "cumulative": false
    },
    {
        "date": "2021-02-15T21:37:17.140Z",
        "value": "0.0026445388793945312",
        "cumulative": false
    },
    {
        "date": "2021-02-15T21:41:25.823Z",
        "value": "0.002696990966796875",
        "cumulative": false
    },
    {
        "date": "2021-02-15T21:45:34.743Z",
        "value": "0.0026502609252929688",
        "cumulative": false
    },
    {
        "date": "2021-02-15T21:49:43.997Z",
        "value": "0.002608776092529297",
        "cumulative": false
    },
    {
        "date": "2021-02-15T21:53:53.192Z",
        "value": "0.002612590789794922",
        "cumulative": false
    },
    {
        "date": "2021-02-15T21:58:02.487Z",
        "value": "0.0026488304138183594",
        "cumulative": false
    },
    {
        "date": "2021-02-15T22:02:11.670Z",
        "value": "0.0026445388793945312",
        "cumulative": false
    },
    {
        "date": "2021-02-15T22:06:20.280Z",
        "value": "0.002648591995239258",
        "cumulative": false
    },
    {
        "date": "2021-02-15T22:10:29.479Z",
        "value": "0.0027399063110351562",
        "cumulative": false
    },
    {
        "date": "2021-02-15T22:14:38.878Z",
        "value": "0.002652406692504883",
        "cumulative": false
    },
    {
        "date": "2021-02-15T22:18:48.216Z",
        "value": "0.0026051998138427734",
        "cumulative": false
    },
    {
        "date": "2021-02-15T22:22:56.901Z",
        "value": "0.002645254135131836",
        "cumulative": false
    },
    {
        "date": "2021-02-15T22:27:06.396Z",
        "value": "0.002579927444458008",
        "cumulative": false
    },
    {
        "date": "2021-02-15T22:31:15.740Z",
        "value": "0.0025396347045898438",
        "cumulative": false
    },
    {
        "date": "2021-02-15T22:35:25.309Z",
        "value": "0.002618551254272461",
        "cumulative": false
    },
    {
        "date": "2021-02-15T22:39:35.120Z",
        "value": "0.002593994140625",
        "cumulative": false
    },
    {
        "date": "2021-02-15T22:43:44.252Z",
        "value": "0.0025899410247802734",
        "cumulative": false
    },
    {
        "date": "2021-02-15T22:47:53.620Z",
        "value": "0.0026235580444335938",
        "cumulative": false
    },
    {
        "date": "2021-02-15T22:52:02.751Z",
        "value": "0.0025246143341064453",
        "cumulative": false
    },
    {
        "date": "2021-02-15T22:56:11.957Z",
        "value": "0.0025942325592041016",
        "cumulative": false
    },
    {
        "date": "2021-02-15T23:00:21.248Z",
        "value": "0.0025510787963867188",
        "cumulative": false
    },
    {
        "date": "2021-02-15T23:04:29.650Z",
        "value": "0.002521991729736328",
        "cumulative": false
    },
    {
        "date": "2021-02-15T23:08:38.927Z",
        "value": "0.002536296844482422",
        "cumulative": false
    },
    {
        "date": "2021-02-15T23:12:48.200Z",
        "value": "0.002885103225708008",
        "cumulative": false
    },
    {
        "date": "2021-02-15T23:16:57.442Z",
        "value": "0.003074169158935547",
        "cumulative": false
    },
    {
        "date": "2021-02-15T23:21:06.733Z",
        "value": "0.0031964778900146484",
        "cumulative": false
    },
    {
        "date": "2021-02-15T23:25:15.772Z",
        "value": "0.003321409225463867",
        "cumulative": false
    },
    {
        "date": "2021-02-15T23:29:24.922Z",
        "value": "0.003326892852783203",
        "cumulative": false
    },
    {
        "date": "2021-02-15T23:33:33.812Z",
        "value": "0.0034248828887939453",
        "cumulative": false
    },
    {
        "date": "2021-02-15T23:37:43.222Z",
        "value": "0.003352642059326172",
        "cumulative": false
    },
    {
        "date": "2021-02-15T23:41:52.298Z",
        "value": "0.0034296512603759766",
        "cumulative": false
    },
    {
        "date": "2021-02-15T23:46:01.595Z",
        "value": "0.0032854080200195312",
        "cumulative": false
    },
    {
        "date": "2021-02-15T23:50:10.480Z",
        "value": "0.003210306167602539",
        "cumulative": false
    },
    {
        "date": "2021-02-15T23:54:19.682Z",
        "value": "0.0033075809478759766",
        "cumulative": false
    },
    {
        "date": "2021-02-15T23:58:29.204Z",
        "value": "0.0033202171325683594",
        "cumulative": false
    },
    {
        "date": "2021-02-16T00:02:37.845Z",
        "value": "0.0033555030822753906",
        "cumulative": false
    },
    {
        "date": "2021-02-16T00:06:46.743Z",
        "value": "0.0034885406494140625",
        "cumulative": false
    },
    {
        "date": "2021-02-16T00:10:56.355Z",
        "value": "0.003353118896484375",
        "cumulative": false
    },
    {
        "date": "2021-02-16T00:15:05.949Z",
        "value": "0.003448486328125",
        "cumulative": false
    },
    {
        "date": "2021-02-16T00:19:15.342Z",
        "value": "0.003415346145629883",
        "cumulative": false
    },
    {
        "date": "2021-02-16T00:23:24.746Z",
        "value": "0.0033829212188720703",
        "cumulative": false
    },
    {
        "date": "2021-02-16T00:27:34.197Z",
        "value": "0.0035369396209716797",
        "cumulative": false
    },
    {
        "date": "2021-02-16T00:31:43.273Z",
        "value": "0.003453969955444336",
        "cumulative": false
    },
    {
        "date": "2021-02-16T00:35:52.944Z",
        "value": "0.0034716129302978516",
        "cumulative": false
    },
    {
        "date": "2021-02-16T00:40:02.340Z",
        "value": "0.0033936500549316406",
        "cumulative": false
    },
    {
        "date": "2021-02-16T00:44:11.436Z",
        "value": "0.0034334659576416016",
        "cumulative": false
    },
    {
        "date": "2021-02-16T00:48:20.268Z",
        "value": "0.0033655166625976562",
        "cumulative": false
    },
    {
        "date": "2021-02-16T00:52:29.278Z",
        "value": "0.003265857696533203",
        "cumulative": false
    },
    {
        "date": "2021-02-16T00:56:38.371Z",
        "value": "0.0034151077270507812",
        "cumulative": false
    },
    {
        "date": "2021-02-16T01:00:47.248Z",
        "value": "0.0034759044647216797",
        "cumulative": false
    },
    {
        "date": "2021-02-16T01:04:56.159Z",
        "value": "0.003800630569458008",
        "cumulative": false
    },
    {
        "date": "2021-02-16T01:09:05.618Z",
        "value": "0.0038454532623291016",
        "cumulative": false
    },
    {
        "date": "2021-02-16T01:13:15.417Z",
        "value": "0.003676176071166992",
        "cumulative": false
    },
    {
        "date": "2021-02-16T01:17:25.090Z",
        "value": "0.0037665367126464844",
        "cumulative": false
    },
    {
        "date": "2021-02-16T01:21:35.437Z",
        "value": "0.003798961639404297",
        "cumulative": false
    },
    {
        "date": "2021-02-16T01:25:44.949Z",
        "value": "0.0035164356231689453",
        "cumulative": false
    },
    {
        "date": "2021-02-16T01:29:54.441Z",
        "value": "0.003649473190307617",
        "cumulative": false
    },
    {
        "date": "2021-02-16T01:34:03.593Z",
        "value": "0.0038068294525146484",
        "cumulative": false
    },
    {
        "date": "2021-02-16T01:38:13.052Z",
        "value": "0.0038175582885742188",
        "cumulative": false
    },
    {
        "date": "2021-02-16T01:42:22.073Z",
        "value": "0.003743410110473633",
        "cumulative": false
    },
    {
        "date": "2021-02-16T01:46:31.687Z",
        "value": "0.0037627220153808594",
        "cumulative": false
    },
    {
        "date": "2021-02-16T01:50:41.190Z",
        "value": "0.0037431716918945312",
        "cumulative": false
    },
    {
        "date": "2021-02-16T01:54:50.686Z",
        "value": "0.003744363784790039",
        "cumulative": false
    },
    {
        "date": "2021-02-16T01:59:00.445Z",
        "value": "0.003672361373901367",
        "cumulative": false
    },
    {
        "date": "2021-02-16T02:03:10.184Z",
        "value": "0.0036957263946533203",
        "cumulative": false
    },
    {
        "date": "2021-02-16T02:07:19.526Z",
        "value": "0.003740072250366211",
        "cumulative": false
    },
    {
        "date": "2021-02-16T02:11:28.997Z",
        "value": "0.003716707229614258",
        "cumulative": false
    },
    {
        "date": "2021-02-16T02:15:37.986Z",
        "value": "0.0037407875061035156",
        "cumulative": false
    },
    {
        "date": "2021-02-16T02:19:47.007Z",
        "value": "0.003680706024169922",
        "cumulative": false
    },
    {
        "date": "2021-02-16T02:23:56.150Z",
        "value": "0.0036246776580810547",
        "cumulative": false
    },
    {
        "date": "2021-02-16T02:28:05.285Z",
        "value": "0.0037496089935302734",
        "cumulative": false
    },
    {
        "date": "2021-02-16T02:32:14.830Z",
        "value": "0.003733396530151367",
        "cumulative": false
    },
    {
        "date": "2021-02-16T02:36:24.436Z",
        "value": "0.003610849380493164",
        "cumulative": false
    },
    {
        "date": "2021-02-16T02:40:33.587Z",
        "value": "0.0037331581115722656",
        "cumulative": false
    },
    {
        "date": "2021-02-16T02:44:42.992Z",
        "value": "0.003591775894165039",
        "cumulative": false
    },
    {
        "date": "2021-02-16T02:48:52.180Z",
        "value": "0.0037384033203125",
        "cumulative": false
    },
    {
        "date": "2021-02-16T02:53:01.403Z",
        "value": "0.0035789012908935547",
        "cumulative": false
    },
    {
        "date": "2021-02-16T02:57:10.342Z",
        "value": "0.0036721229553222656",
        "cumulative": false
    },
    {
        "date": "2021-02-16T03:01:19.297Z",
        "value": "0.003575563430786133",
        "cumulative": false
    },
    {
        "date": "2021-02-16T03:05:28.457Z",
        "value": "0.0036356449127197266",
        "cumulative": false
    },
    {
        "date": "2021-02-16T03:09:37.705Z",
        "value": "0.0036542415618896484",
        "cumulative": false
    },
    {
        "date": "2021-02-16T03:13:46.888Z",
        "value": "0.003295421600341797",
        "cumulative": false
    },
    {
        "date": "2021-02-16T03:17:55.558Z",
        "value": "0.002747058868408203",
        "cumulative": false
    },
    {
        "date": "2021-02-16T03:22:04.976Z",
        "value": "0.002683877944946289",
        "cumulative": false
    },
    {
        "date": "2021-02-16T03:26:13.709Z",
        "value": "0.002770662307739258",
        "cumulative": false
    },
    {
        "date": "2021-02-16T03:30:22.622Z",
        "value": "0.002727985382080078",
        "cumulative": false
    },
    {
        "date": "2021-02-16T03:34:31.284Z",
        "value": "0.0027267932891845703",
        "cumulative": false
    },
    {
        "date": "2021-02-16T03:38:40.002Z",
        "value": "0.0027933120727539062",
        "cumulative": false
    },
    {
        "date": "2021-02-16T03:42:49.306Z",
        "value": "0.003437042236328125",
        "cumulative": false
    },
    {
        "date": "2021-02-16T03:46:58.991Z",
        "value": "0.003460407257080078",
        "cumulative": false
    },
    {
        "date": "2021-02-16T03:51:07.812Z",
        "value": "0.003464221954345703",
        "cumulative": false
    },
    {
        "date": "2021-02-16T03:55:16.411Z",
        "value": "0.0029878616333007812",
        "cumulative": false
    },
    {
        "date": "2021-02-16T03:59:25.297Z",
        "value": "0.003397226333618164",
        "cumulative": false
    },
    {
        "date": "2021-02-16T04:03:34.482Z",
        "value": "0.003751516342163086",
        "cumulative": false
    },
    {
        "date": "2021-02-16T04:07:43.607Z",
        "value": "0.0037534236907958984",
        "cumulative": false
    },
    {
        "date": "2021-02-16T04:11:52.693Z",
        "value": "0.0036878585815429688",
        "cumulative": false
    },
    {
        "date": "2021-02-16T04:16:01.773Z",
        "value": "0.003774881362915039",
        "cumulative": false
    },
    {
        "date": "2021-02-16T04:20:10.925Z",
        "value": "0.003893613815307617",
        "cumulative": false
    },
    {
        "date": "2021-02-16T04:24:20.431Z",
        "value": "0.0038802623748779297",
        "cumulative": false
    },
    {
        "date": "2021-02-16T04:28:29.382Z",
        "value": "0.003742694854736328",
        "cumulative": false
    },
    {
        "date": "2021-02-16T04:32:38.550Z",
        "value": "0.003782987594604492",
        "cumulative": false
    },
    {
        "date": "2021-02-16T04:36:48.053Z",
        "value": "0.0037157535552978516",
        "cumulative": false
    },
    {
        "date": "2021-02-16T04:40:56.818Z",
        "value": "0.0036644935607910156",
        "cumulative": false
    },
    {
        "date": "2021-02-16T04:45:05.985Z",
        "value": "0.003863096237182617",
        "cumulative": false
    },
    {
        "date": "2021-02-16T04:49:15.026Z",
        "value": "0.0030977725982666016",
        "cumulative": false
    },
    {
        "date": "2021-02-16T04:53:23.993Z",
        "value": "0.0031061172485351562",
        "cumulative": false
    },
    {
        "date": "2021-02-16T04:57:32.987Z",
        "value": "0.003632068634033203",
        "cumulative": false
    },
    {
        "date": "2021-02-16T05:01:42.569Z",
        "value": "0.003164052963256836",
        "cumulative": false
    },
    {
        "date": "2021-02-16T05:05:51.713Z",
        "value": "0.0031549930572509766",
        "cumulative": false
    },
    {
        "date": "2021-02-16T05:10:00.393Z",
        "value": "0.0031485557556152344",
        "cumulative": false
    },
    {
        "date": "2021-02-16T05:14:10.152Z",
        "value": "0.0032553672790527344",
        "cumulative": false
    },
    {
        "date": "2021-02-16T05:18:19.458Z",
        "value": "0.003304004669189453",
        "cumulative": false
    },
    {
        "date": "2021-02-16T05:22:28.886Z",
        "value": "0.003176450729370117",
        "cumulative": false
    },
    {
        "date": "2021-02-16T05:26:38.112Z",
        "value": "0.0032296180725097656",
        "cumulative": false
    },
    {
        "date": "2021-02-16T05:30:47.614Z",
        "value": "0.0032241344451904297",
        "cumulative": false
    },
    {
        "date": "2021-02-16T05:34:56.647Z",
        "value": "0.0032720565795898438",
        "cumulative": false
    },
    {
        "date": "2021-02-16T05:39:05.382Z",
        "value": "0.003190755844116211",
        "cumulative": false
    },
    {
        "date": "2021-02-16T05:43:14.510Z",
        "value": "0.0033898353576660156",
        "cumulative": false
    },
    {
        "date": "2021-02-16T05:47:23.856Z",
        "value": "0.0034303665161132812",
        "cumulative": false
    },
    {
        "date": "2021-02-16T05:51:32.912Z",
        "value": "0.0035698413848876953",
        "cumulative": false
    },
    {
        "date": "2021-02-16T05:55:42.262Z",
        "value": "0.003541231155395508",
        "cumulative": false
    },
    {
        "date": "2021-02-16T05:59:51.351Z",
        "value": "0.0031731128692626953",
        "cumulative": false
    },
    {
        "date": "2021-02-16T06:04:00.301Z",
        "value": "0.0027654170989990234",
        "cumulative": false
    },
    {
        "date": "2021-02-16T06:08:09.339Z",
        "value": "0.0028519630432128906",
        "cumulative": false
    },
    {
        "date": "2021-02-16T06:12:18.458Z",
        "value": "0.003278970718383789",
        "cumulative": false
    },
    {
        "date": "2021-02-16T06:16:27.710Z",
        "value": "0.003363370895385742",
        "cumulative": false
    },
    {
        "date": "2021-02-16T06:20:37.446Z",
        "value": "0.0033884048461914062",
        "cumulative": false
    },
    {
        "date": "2021-02-16T06:24:47.099Z",
        "value": "0.003420591354370117",
        "cumulative": false
    },
    {
        "date": "2021-02-16T06:28:56.507Z",
        "value": "0.0034961700439453125",
        "cumulative": false
    },
    {
        "date": "2021-02-16T06:33:05.580Z",
        "value": "0.003588438034057617",
        "cumulative": false
    },
    {
        "date": "2021-02-16T06:37:15.488Z",
        "value": "0.0033998489379882812",
        "cumulative": false
    },
    {
        "date": "2021-02-16T06:41:25.292Z",
        "value": "0.003350496292114258",
        "cumulative": false
    },
    {
        "date": "2021-02-16T06:45:34.519Z",
        "value": "0.0033702850341796875",
        "cumulative": false
    },
    {
        "date": "2021-02-16T06:49:43.933Z",
        "value": "0.0033555030822753906",
        "cumulative": false
    },
    {
        "date": "2021-02-16T06:53:53.743Z",
        "value": "0.0034325122833251953",
        "cumulative": false
    },
    {
        "date": "2021-02-16T06:58:03.073Z",
        "value": "0.0032677650451660156",
        "cumulative": false
    },
    {
        "date": "2021-02-16T07:02:12.490Z",
        "value": "0.0035190582275390625",
        "cumulative": false
    },
    {
        "date": "2021-02-16T07:06:22.309Z",
        "value": "0.0035123825073242188",
        "cumulative": false
    },
    {
        "date": "2021-02-16T07:10:32.076Z",
        "value": "0.003330230712890625",
        "cumulative": false
    },
    {
        "date": "2021-02-16T07:14:41.536Z",
        "value": "0.0033326148986816406",
        "cumulative": false
    },
    {
        "date": "2021-02-16T07:18:51.025Z",
        "value": "0.003367900848388672",
        "cumulative": false
    },
    {
        "date": "2021-02-16T07:23:00.707Z",
        "value": "0.0034127235412597656",
        "cumulative": false
    },
    {
        "date": "2021-02-16T07:27:10.455Z",
        "value": "0.0033986568450927734",
        "cumulative": false
    },
    {
        "date": "2021-02-16T07:31:19.918Z",
        "value": "0.0035126209259033203",
        "cumulative": false
    },
    {
        "date": "2021-02-16T07:35:29.499Z",
        "value": "0.0034215450286865234",
        "cumulative": false
    },
    {
        "date": "2021-02-16T07:39:39.059Z",
        "value": "0.0035707950592041016",
        "cumulative": false
    },
    {
        "date": "2021-02-16T07:43:48.829Z",
        "value": "0.003302335739135742",
        "cumulative": false
    },
    {
        "date": "2021-02-16T07:47:58.449Z",
        "value": "0.003337860107421875",
        "cumulative": false
    },
    {
        "date": "2021-02-16T07:52:08.228Z",
        "value": "0.0032129287719726562",
        "cumulative": false
    },
    {
        "date": "2021-02-16T07:56:17.463Z",
        "value": "0.002957582473754883",
        "cumulative": false
    },
    {
        "date": "2021-02-16T08:00:26.743Z",
        "value": "0.002913236618041992",
        "cumulative": false
    },
    {
        "date": "2021-02-16T08:04:35.449Z",
        "value": "0.002774477005004883",
        "cumulative": false
    },
    {
        "date": "2021-02-16T08:08:44.630Z",
        "value": "0.0029358863830566406",
        "cumulative": false
    },
    {
        "date": "2021-02-16T08:12:54.144Z",
        "value": "0.003065824508666992",
        "cumulative": false
    },
    {
        "date": "2021-02-16T08:17:03.497Z",
        "value": "0.0030956268310546875",
        "cumulative": false
    },
    {
        "date": "2021-02-16T08:21:12.237Z",
        "value": "0.003520965576171875",
        "cumulative": false
    },
    {
        "date": "2021-02-16T08:25:21.559Z",
        "value": "0.0040760040283203125",
        "cumulative": false
    },
    {
        "date": "2021-02-16T08:29:30.863Z",
        "value": "0.0036361217498779297",
        "cumulative": false
    },
    {
        "date": "2021-02-16T08:33:40.341Z",
        "value": "0.0036554336547851562",
        "cumulative": false
    },
    {
        "date": "2021-02-16T08:37:49.448Z",
        "value": "0.0038313865661621094",
        "cumulative": false
    },
    {
        "date": "2021-02-16T08:41:58.203Z",
        "value": "0.0034401416778564453",
        "cumulative": false
    },
    {
        "date": "2021-02-16T08:46:07.338Z",
        "value": "0.003264904022216797",
        "cumulative": false
    },
    {
        "date": "2021-02-16T08:50:16.123Z",
        "value": "0.003538370132446289",
        "cumulative": false
    },
    {
        "date": "2021-02-16T08:54:25.354Z",
        "value": "0.003846406936645508",
        "cumulative": false
    },
    {
        "date": "2021-02-16T08:58:34.765Z",
        "value": "0.003915548324584961",
        "cumulative": false
    },
    {
        "date": "2021-02-16T09:02:44.204Z",
        "value": "0.0031189918518066406",
        "cumulative": false
    },
    {
        "date": "2021-02-16T09:06:53.389Z",
        "value": "0.0032486915588378906",
        "cumulative": false
    },
    {
        "date": "2021-02-16T09:11:02.630Z",
        "value": "0.0031490325927734375",
        "cumulative": false
    },
    {
        "date": "2021-02-16T09:15:12.282Z",
        "value": "0.0032122135162353516",
        "cumulative": false
    },
    {
        "date": "2021-02-16T09:19:21.560Z",
        "value": "0.002958059310913086",
        "cumulative": false
    },
    {
        "date": "2021-02-16T09:23:31.078Z",
        "value": "0.003300189971923828",
        "cumulative": false
    },
    {
        "date": "2021-02-16T09:27:39.944Z",
        "value": "0.0031359195709228516",
        "cumulative": false
    },
    {
        "date": "2021-02-16T09:31:49.481Z",
        "value": "0.0031599998474121094",
        "cumulative": false
    },
    {
        "date": "2021-02-16T09:35:58.781Z",
        "value": "0.00307464599609375",
        "cumulative": false
    },
    {
        "date": "2021-02-16T09:40:08.022Z",
        "value": "0.003067493438720703",
        "cumulative": false
    },
    {
        "date": "2021-02-16T09:44:17.674Z",
        "value": "0.00299072265625",
        "cumulative": false
    },
    {
        "date": "2021-02-16T09:48:26.714Z",
        "value": "0.002926349639892578",
        "cumulative": false
    },
    {
        "date": "2021-02-16T09:52:36.208Z",
        "value": "0.0029036998748779297",
        "cumulative": false
    },
    {
        "date": "2021-02-16T09:56:45.349Z",
        "value": "0.0030837059020996094",
        "cumulative": false
    },
    {
        "date": "2021-02-16T10:00:55.037Z",
        "value": "0.0033447742462158203",
        "cumulative": false
    },
    {
        "date": "2021-02-16T10:05:04.599Z",
        "value": "0.0031583309173583984",
        "cumulative": false
    },
    {
        "date": "2021-02-16T10:09:13.792Z",
        "value": "0.003036022186279297",
        "cumulative": false
    },
    {
        "date": "2021-02-16T10:13:23.019Z",
        "value": "0.0028772354125976562",
        "cumulative": false
    },
    {
        "date": "2021-02-16T10:17:32.665Z",
        "value": "0.0029900074005126953",
        "cumulative": false
    },
    {
        "date": "2021-02-16T10:21:41.942Z",
        "value": "0.0031266212463378906",
        "cumulative": false
    },
    {
        "date": "2021-02-16T10:25:50.915Z",
        "value": "0.003170490264892578",
        "cumulative": false
    },
    {
        "date": "2021-02-16T10:30:00.057Z",
        "value": "0.003100872039794922",
        "cumulative": false
    },
    {
        "date": "2021-02-16T10:34:09.876Z",
        "value": "0.0032415390014648438",
        "cumulative": false
    },
    {
        "date": "2021-02-16T10:38:19.166Z",
        "value": "0.003059864044189453",
        "cumulative": false
    },
    {
        "date": "2021-02-16T10:42:28.723Z",
        "value": "0.0029821395874023438",
        "cumulative": false
    },
    {
        "date": "2021-02-16T10:46:37.757Z",
        "value": "0.002873659133911133",
        "cumulative": false
    },
    {
        "date": "2021-02-16T10:50:46.556Z",
        "value": "0.0028252601623535156",
        "cumulative": false
    },
    {
        "date": "2021-02-16T10:54:55.576Z",
        "value": "0.0028340816497802734",
        "cumulative": false
    },
    {
        "date": "2021-02-16T10:59:05.088Z",
        "value": "0.002935171127319336",
        "cumulative": false
    },
    {
        "date": "2021-02-16T11:03:14.915Z",
        "value": "0.002930879592895508",
        "cumulative": false
    },
    {
        "date": "2021-02-16T11:07:24.177Z",
        "value": "0.002829313278198242",
        "cumulative": false
    },
    {
        "date": "2021-02-16T11:11:34.153Z",
        "value": "0.0029375553131103516",
        "cumulative": false
    },
    {
        "date": "2021-02-16T11:15:43.718Z",
        "value": "0.002876758575439453",
        "cumulative": false
    },
    {
        "date": "2021-02-16T11:19:53.444Z",
        "value": "0.0033941268920898438",
        "cumulative": false
    },
    {
        "date": "2021-02-16T11:24:02.385Z",
        "value": "0.0031833648681640625",
        "cumulative": false
    },
    {
        "date": "2021-02-16T11:28:12.119Z",
        "value": "0.0035784244537353516",
        "cumulative": false
    },
    {
        "date": "2021-02-16T11:32:21.617Z",
        "value": "0.0037584304809570312",
        "cumulative": false
    },
    {
        "date": "2021-02-16T11:36:31.185Z",
        "value": "0.003711700439453125",
        "cumulative": false
    },
    {
        "date": "2021-02-16T11:40:40.719Z",
        "value": "0.0036728382110595703",
        "cumulative": false
    },
    {
        "date": "2021-02-16T11:44:50.557Z",
        "value": "0.003707408905029297",
        "cumulative": false
    },
    {
        "date": "2021-02-16T11:49:00.462Z",
        "value": "0.0035164356231689453",
        "cumulative": false
    },
    {
        "date": "2021-02-16T11:53:10.167Z",
        "value": "0.0033888816833496094",
        "cumulative": false
    },
    {
        "date": "2021-02-16T11:57:19.583Z",
        "value": "0.0033550262451171875",
        "cumulative": false
    },
    {
        "date": "2021-02-16T12:01:28.597Z",
        "value": "0.003377199172973633",
        "cumulative": false
    },
    {
        "date": "2021-02-16T12:05:38.240Z",
        "value": "0.003124713897705078",
        "cumulative": false
    },
    {
        "date": "2021-02-16T12:09:47.324Z",
        "value": "0.003465414047241211",
        "cumulative": false
    },
    {
        "date": "2021-02-16T12:13:56.918Z",
        "value": "0.0035715103149414062",
        "cumulative": false
    },
    {
        "date": "2021-02-16T12:18:06.684Z",
        "value": "0.0034716129302978516",
        "cumulative": false
    },
    {
        "date": "2021-02-16T12:22:15.943Z",
        "value": "0.003461599349975586",
        "cumulative": false
    },
    {
        "date": "2021-02-16T12:26:25.398Z",
        "value": "0.0033805370330810547",
        "cumulative": false
    },
    {
        "date": "2021-02-16T12:30:34.831Z",
        "value": "0.003244161605834961",
        "cumulative": false
    },
    {
        "date": "2021-02-16T12:34:44.432Z",
        "value": "0.0034210681915283203",
        "cumulative": false
    },
    {
        "date": "2021-02-16T12:38:53.157Z",
        "value": "0.003233671188354492",
        "cumulative": false
    },
    {
        "date": "2021-02-16T12:43:03.147Z",
        "value": "0.003214120864868164",
        "cumulative": false
    },
    {
        "date": "2021-02-16T12:47:12.905Z",
        "value": "0.0035762786865234375",
        "cumulative": false
    },
    {
        "date": "2021-02-16T12:51:23.042Z",
        "value": "0.003480195999145508",
        "cumulative": false
    },
    {
        "date": "2021-02-16T12:55:32.735Z",
        "value": "0.0032973289489746094",
        "cumulative": false
    },
    {
        "date": "2021-02-16T12:59:42.014Z",
        "value": "0.0034029483795166016",
        "cumulative": false
    },
    {
        "date": "2021-02-16T13:03:51.431Z",
        "value": "0.0034246444702148438",
        "cumulative": false
    },
    {
        "date": "2021-02-16T13:08:01.132Z",
        "value": "0.0034651756286621094",
        "cumulative": false
    },
    {
        "date": "2021-02-16T13:12:10.491Z",
        "value": "0.0033528804779052734",
        "cumulative": false
    },
    {
        "date": "2021-02-16T13:16:20.156Z",
        "value": "0.003397226333618164",
        "cumulative": false
    },
    {
        "date": "2021-02-16T13:20:29.765Z",
        "value": "0.003390789031982422",
        "cumulative": false
    },
    {
        "date": "2021-02-16T13:24:39.753Z",
        "value": "0.0034770965576171875",
        "cumulative": false
    },
    {
        "date": "2021-02-16T13:28:49.394Z",
        "value": "0.0033588409423828125",
        "cumulative": false
    },
    {
        "date": "2021-02-16T13:32:59.265Z",
        "value": "0.0035431385040283203",
        "cumulative": false
    },
    {
        "date": "2021-02-16T13:37:08.608Z",
        "value": "0.0034143924713134766",
        "cumulative": false
    },
    {
        "date": "2021-02-16T13:41:18.202Z",
        "value": "0.0034513473510742188",
        "cumulative": false
    },
    {
        "date": "2021-02-16T13:45:27.675Z",
        "value": "0.0034453868865966797",
        "cumulative": false
    },
    {
        "date": "2021-02-16T13:49:37.331Z",
        "value": "0.0032944679260253906",
        "cumulative": false
    },
    {
        "date": "2021-02-16T13:53:46.947Z",
        "value": "0.003319978713989258",
        "cumulative": false
    },
    {
        "date": "2021-02-16T13:57:56.338Z",
        "value": "0.0032286643981933594",
        "cumulative": false
    },
    {
        "date": "2021-02-16T14:02:05.893Z",
        "value": "0.0032558441162109375",
        "cumulative": false
    },
    {
        "date": "2021-02-16T14:06:15.320Z",
        "value": "0.0033638477325439453",
        "cumulative": false
    },
    {
        "date": "2021-02-16T14:10:24.873Z",
        "value": "0.003294706344604492",
        "cumulative": false
    },
    {
        "date": "2021-02-16T14:14:34.376Z",
        "value": "0.003274202346801758",
        "cumulative": false
    },
    {
        "date": "2021-02-16T14:18:43.901Z",
        "value": "0.00336456298828125",
        "cumulative": false
    },
    {
        "date": "2021-02-16T14:22:53.035Z",
        "value": "0.003249645233154297",
        "cumulative": false
    },
    {
        "date": "2021-02-16T14:27:02.318Z",
        "value": "0.0034401416778564453",
        "cumulative": false
    },
    {
        "date": "2021-02-16T14:31:12.583Z",
        "value": "0.0033698081970214844",
        "cumulative": false
    },
    {
        "date": "2021-02-16T14:35:21.539Z",
        "value": "0.003041982650756836",
        "cumulative": false
    },
    {
        "date": "2021-02-16T14:39:31.301Z",
        "value": "0.003095388412475586",
        "cumulative": false
    },
    {
        "date": "2021-02-16T14:43:41.539Z",
        "value": "0.003381013870239258",
        "cumulative": false
    },
    {
        "date": "2021-02-16T14:47:51.362Z",
        "value": "0.00295257568359375",
        "cumulative": false
    },
    {
        "date": "2021-02-16T14:52:01.603Z",
        "value": "0.0029947757720947266",
        "cumulative": false
    },
    {
        "date": "2021-02-16T14:56:11.287Z",
        "value": "0.0031456947326660156",
        "cumulative": false
    },
    {
        "date": "2021-02-16T15:00:20.551Z",
        "value": "0.003175973892211914",
        "cumulative": false
    },
    {
        "date": "2021-02-16T15:04:29.438Z",
        "value": "0.0030574798583984375",
        "cumulative": false
    },
    {
        "date": "2021-02-16T15:08:39.313Z",
        "value": "0.003247499465942383",
        "cumulative": false
    },
    {
        "date": "2021-02-16T15:12:48.955Z",
        "value": "0.0031321048736572266",
        "cumulative": false
    },
    {
        "date": "2021-02-16T15:16:58.566Z",
        "value": "0.0031087398529052734",
        "cumulative": false
    },
    {
        "date": "2021-02-16T15:21:07.856Z",
        "value": "0.003575563430786133",
        "cumulative": false
    },
    {
        "date": "2021-02-16T15:25:17.577Z",
        "value": "0.003081083297729492",
        "cumulative": false
    },
    {
        "date": "2021-02-16T15:29:26.659Z",
        "value": "0.0032875537872314453",
        "cumulative": false
    },
    {
        "date": "2021-02-16T15:33:35.458Z",
        "value": "0.0030524730682373047",
        "cumulative": false
    },
    {
        "date": "2021-02-16T15:37:44.426Z",
        "value": "0.002810239791870117",
        "cumulative": false
    },
    {
        "date": "2021-02-16T15:41:53.164Z",
        "value": "0.0027472972869873047",
        "cumulative": false
    },
    {
        "date": "2021-02-16T15:46:02.304Z",
        "value": "0.0028753280639648438",
        "cumulative": false
    },
    {
        "date": "2021-02-16T15:50:11.566Z",
        "value": "0.002759218215942383",
        "cumulative": false
    },
    {
        "date": "2021-02-16T15:54:21.267Z",
        "value": "0.0034012794494628906",
        "cumulative": false
    },
    {
        "date": "2021-02-16T15:58:30.563Z",
        "value": "0.003377199172973633",
        "cumulative": false
    },
    {
        "date": "2021-02-16T16:02:39.397Z",
        "value": "0.0034770965576171875",
        "cumulative": false
    },
    {
        "date": "2021-02-16T16:06:47.781Z",
        "value": "0.003367185592651367",
        "cumulative": false
    },
    {
        "date": "2021-02-16T16:10:57.009Z",
        "value": "0.0035469532012939453",
        "cumulative": false
    },
    {
        "date": "2021-02-16T16:15:06.207Z",
        "value": "0.0034112930297851562",
        "cumulative": false
    },
    {
        "date": "2021-02-16T16:19:14.699Z",
        "value": "0.0028619766235351562",
        "cumulative": false
    },
    {
        "date": "2021-02-16T16:23:24.374Z",
        "value": "0.0028963088989257812",
        "cumulative": false
    },
    {
        "date": "2021-02-16T16:27:34.488Z",
        "value": "0.0034863948822021484",
        "cumulative": false
    },
    {
        "date": "2021-02-16T16:31:43.124Z",
        "value": "0.0032393932342529297",
        "cumulative": false
    },
    {
        "date": "2021-02-16T16:35:52.279Z",
        "value": "0.0031511783599853516",
        "cumulative": false
    },
    {
        "date": "2021-02-16T16:40:02.284Z",
        "value": "0.0032393932342529297",
        "cumulative": false
    },
    {
        "date": "2021-02-16T16:44:11.564Z",
        "value": "0.0030317306518554688",
        "cumulative": false
    },
    {
        "date": "2021-02-16T16:48:21.295Z",
        "value": "0.002950906753540039",
        "cumulative": false
    },
    {
        "date": "2021-02-16T16:52:30.351Z",
        "value": "0.003003358840942383",
        "cumulative": false
    },
    {
        "date": "2021-02-16T16:56:39.580Z",
        "value": "0.0030345916748046875",
        "cumulative": false
    },
    {
        "date": "2021-02-16T17:00:48.883Z",
        "value": "0.0026824474334716797",
        "cumulative": false
    },
    {
        "date": "2021-02-16T17:04:58.066Z",
        "value": "0.002943754196166992",
        "cumulative": false
    },
    {
        "date": "2021-02-16T17:09:07.884Z",
        "value": "0.0028765201568603516",
        "cumulative": false
    },
    {
        "date": "2021-02-16T17:13:17.332Z",
        "value": "0.0028672218322753906",
        "cumulative": false
    },
    {
        "date": "2021-02-16T17:17:26.884Z",
        "value": "0.0028467178344726562",
        "cumulative": false
    },
    {
        "date": "2021-02-16T17:21:36.579Z",
        "value": "0.002913236618041992",
        "cumulative": false
    },
    {
        "date": "2021-02-16T17:25:46.444Z",
        "value": "0.002934694290161133",
        "cumulative": false
    },
    {
        "date": "2021-02-16T17:29:56.193Z",
        "value": "0.002969980239868164",
        "cumulative": false
    },
    {
        "date": "2021-02-16T17:34:05.780Z",
        "value": "0.002933979034423828",
        "cumulative": false
    },
    {
        "date": "2021-02-16T17:38:15.339Z",
        "value": "0.0029425621032714844",
        "cumulative": false
    },
    {
        "date": "2021-02-16T17:42:24.568Z",
        "value": "0.002924203872680664",
        "cumulative": false
    },
    {
        "date": "2021-02-16T17:46:34.139Z",
        "value": "0.002938508987426758",
        "cumulative": false
    },
    {
        "date": "2021-02-16T17:50:43.375Z",
        "value": "0.002943277359008789",
        "cumulative": false
    },
    {
        "date": "2021-02-16T17:54:52.584Z",
        "value": "0.002901315689086914",
        "cumulative": false
    },
    {
        "date": "2021-02-16T17:59:01.287Z",
        "value": "0.0027513504028320312",
        "cumulative": false
    }
]