[
    {
        "date": "2021-02-15T16:27:58.265Z",
        "value": "177.22385668754578",
        "cumulative": false
    },
    {
        "date": "2021-02-15T16:31:57.807Z",
        "value": "193.05340671539307",
        "cumulative": false
    },
    {
        "date": "2021-02-15T16:35:57.088Z",
        "value": "192.6364231109619",
        "cumulative": false
    },
    {
        "date": "2021-02-15T16:39:57.203Z",
        "value": "194.17977595329285",
        "cumulative": false
    },
    {
        "date": "2021-02-15T16:43:57.521Z",
        "value": "193.8123426437378",
        "cumulative": false
    },
    {
        "date": "2021-02-15T16:47:58.275Z",
        "value": "193.89966368675232",
        "cumulative": false
    },
    {
        "date": "2021-02-15T16:51:59.162Z",
        "value": "192.69050455093384",
        "cumulative": false
    },
    {
        "date": "2021-02-15T16:56:00.481Z",
        "value": "194.32267475128174",
        "cumulative": false
    },
    {
        "date": "2021-02-15T17:00:01.449Z",
        "value": "193.90223121643066",
        "cumulative": false
    },
    {
        "date": "2021-02-15T17:04:03.277Z",
        "value": "195.4457938671112",
        "cumulative": false
    },
    {
        "date": "2021-02-15T17:08:04.775Z",
        "value": "195.0743019580841",
        "cumulative": false
    },
    {
        "date": "2021-02-15T17:12:06.286Z",
        "value": "194.2443265914917",
        "cumulative": false
    },
    {
        "date": "2021-02-15T17:16:08.384Z",
        "value": "195.78079533576965",
        "cumulative": false
    },
    {
        "date": "2021-02-15T17:20:10.281Z",
        "value": "194.4734308719635",
        "cumulative": false
    },
    {
        "date": "2021-02-15T17:24:11.680Z",
        "value": "194.3775577545166",
        "cumulative": false
    },
    {
        "date": "2021-02-15T17:28:13.935Z",
        "value": "195.47344708442688",
        "cumulative": false
    },
    {
        "date": "2021-02-15T17:32:15.907Z",
        "value": "194.93748712539673",
        "cumulative": false
    },
    {
        "date": "2021-02-15T17:36:18.184Z",
        "value": "194.8605134487152",
        "cumulative": false
    },
    {
        "date": "2021-02-15T17:40:20.649Z",
        "value": "195.51286673545837",
        "cumulative": false
    },
    {
        "date": "2021-02-15T17:44:22.399Z",
        "value": "194.93791460990906",
        "cumulative": false
    },
    {
        "date": "2021-02-15T17:48:24.519Z",
        "value": "194.44055247306824",
        "cumulative": false
    },
    {
        "date": "2021-02-15T17:52:26.892Z",
        "value": "195.72753620147705",
        "cumulative": false
    },
    {
        "date": "2021-02-15T17:56:29.144Z",
        "value": "195.12093091011047",
        "cumulative": false
    },
    {
        "date": "2021-02-15T18:00:31.723Z",
        "value": "194.00442028045654",
        "cumulative": false
    },
    {
        "date": "2021-02-15T18:04:34.197Z",
        "value": "195.68664622306824",
        "cumulative": false
    },
    {
        "date": "2021-02-15T18:08:37.209Z",
        "value": "195.99771666526794",
        "cumulative": false
    },
    {
        "date": "2021-02-15T18:12:39.646Z",
        "value": "195.8880636692047",
        "cumulative": false
    },
    {
        "date": "2021-02-15T18:16:41.819Z",
        "value": "195.3246786594391",
        "cumulative": false
    },
    {
        "date": "2021-02-15T18:20:43.838Z",
        "value": "195.4799177646637",
        "cumulative": false
    },
    {
        "date": "2021-02-15T18:24:46.141Z",
        "value": "194.895574092865",
        "cumulative": false
    },
    {
        "date": "2021-02-15T18:28:49.001Z",
        "value": "194.2708878517151",
        "cumulative": false
    },
    {
        "date": "2021-02-15T18:32:51.789Z",
        "value": "194.87773180007935",
        "cumulative": false
    },
    {
        "date": "2021-02-15T18:36:54.480Z",
        "value": "195.1423373222351",
        "cumulative": false
    },
    {
        "date": "2021-02-15T18:40:56.773Z",
        "value": "194.87314105033875",
        "cumulative": false
    },
    {
        "date": "2021-02-15T18:44:58.971Z",
        "value": "194.66368961334229",
        "cumulative": false
    },
    {
        "date": "2021-02-15T18:49:01.297Z",
        "value": "194.37259721755981",
        "cumulative": false
    },
    {
        "date": "2021-02-15T18:53:03.478Z",
        "value": "194.83268904685974",
        "cumulative": false
    },
    {
        "date": "2021-02-15T18:57:05.563Z",
        "value": "194.46700048446655",
        "cumulative": false
    },
    {
        "date": "2021-02-15T19:01:07.745Z",
        "value": "195.9304919242859",
        "cumulative": false
    },
    {
        "date": "2021-02-15T19:05:09.870Z",
        "value": "194.68813514709473",
        "cumulative": false
    },
    {
        "date": "2021-02-15T19:09:12.096Z",
        "value": "195.23865723609924",
        "cumulative": false
    },
    {
        "date": "2021-02-15T19:13:14.261Z",
        "value": "194.53012657165527",
        "cumulative": false
    },
    {
        "date": "2021-02-15T19:17:16.777Z",
        "value": "196.24115347862244",
        "cumulative": false
    },
    {
        "date": "2021-02-15T19:21:19.596Z",
        "value": "193.9054570198059",
        "cumulative": false
    },
    {
        "date": "2021-02-15T19:25:21.928Z",
        "value": "196.63396978378296",
        "cumulative": false
    },
    {
        "date": "2021-02-15T19:29:24.985Z",
        "value": "195.6678192615509",
        "cumulative": false
    },
    {
        "date": "2021-02-15T19:33:26.986Z",
        "value": "194.91803574562073",
        "cumulative": false
    },
    {
        "date": "2021-02-15T19:37:29.170Z",
        "value": "195.53618216514587",
        "cumulative": false
    },
    {
        "date": "2021-02-15T19:41:31.157Z",
        "value": "194.4443428516388",
        "cumulative": false
    },
    {
        "date": "2021-02-15T19:45:33.498Z",
        "value": "194.62945127487183",
        "cumulative": false
    },
    {
        "date": "2021-02-15T19:49:35.838Z",
        "value": "195.19484615325928",
        "cumulative": false
    },
    {
        "date": "2021-02-15T19:53:37.844Z",
        "value": "194.80027222633362",
        "cumulative": false
    },
    {
        "date": "2021-02-15T19:57:40.164Z",
        "value": "195.3605318069458",
        "cumulative": false
    },
    {
        "date": "2021-02-15T20:01:49.407Z",
        "value": "193.89941000938416",
        "cumulative": false
    },
    {
        "date": "2021-02-15T20:05:58.109Z",
        "value": "192.98293781280518",
        "cumulative": false
    },
    {
        "date": "2021-02-15T20:10:07.269Z",
        "value": "193.69172191619873",
        "cumulative": false
    },
    {
        "date": "2021-02-15T20:14:15.632Z",
        "value": "192.42376613616943",
        "cumulative": false
    },
    {
        "date": "2021-02-15T20:18:24.622Z",
        "value": "193.03739142417908",
        "cumulative": false
    },
    {
        "date": "2021-02-15T20:22:33.650Z",
        "value": "193.69762802124023",
        "cumulative": false
    },
    {
        "date": "2021-02-15T20:26:42.673Z",
        "value": "192.97006964683533",
        "cumulative": false
    },
    {
        "date": "2021-02-15T20:30:51.395Z",
        "value": "193.71253490447998",
        "cumulative": false
    },
    {
        "date": "2021-02-15T20:35:00.261Z",
        "value": "192.8481969833374",
        "cumulative": false
    },
    {
        "date": "2021-02-15T20:39:09.679Z",
        "value": "194.20724081993103",
        "cumulative": false
    },
    {
        "date": "2021-02-15T20:43:18.928Z",
        "value": "193.05607652664185",
        "cumulative": false
    },
    {
        "date": "2021-02-15T20:47:28.112Z",
        "value": "193.88856315612793",
        "cumulative": false
    },
    {
        "date": "2021-02-15T20:51:37.072Z",
        "value": "193.3831558227539",
        "cumulative": false
    },
    {
        "date": "2021-02-15T20:55:45.670Z",
        "value": "192.66503882408142",
        "cumulative": false
    },
    {
        "date": "2021-02-15T20:59:55.262Z",
        "value": "193.88586330413818",
        "cumulative": false
    },
    {
        "date": "2021-02-15T21:04:04.205Z",
        "value": "193.7497479915619",
        "cumulative": false
    },
    {
        "date": "2021-02-15T21:08:13.286Z",
        "value": "193.1766755580902",
        "cumulative": false
    },
    {
        "date": "2021-02-15T21:12:22.090Z",
        "value": "193.35025596618652",
        "cumulative": false
    },
    {
        "date": "2021-02-15T21:16:31.238Z",
        "value": "194.81617403030396",
        "cumulative": false
    },
    {
        "date": "2021-02-15T21:20:40.314Z",
        "value": "193.6093351840973",
        "cumulative": false
    },
    {
        "date": "2021-02-15T21:24:49.847Z",
        "value": "194.195063829422",
        "cumulative": false
    },
    {
        "date": "2021-02-15T21:28:59.135Z",
        "value": "192.95391726493835",
        "cumulative": false
    },
    {
        "date": "2021-02-15T21:33:08.255Z",
        "value": "194.3043863773346",
        "cumulative": false
    },
    {
        "date": "2021-02-15T21:37:17.140Z",
        "value": "193.21689629554749",
        "cumulative": false
    },
    {
        "date": "2021-02-15T21:41:25.823Z",
        "value": "193.09242153167725",
        "cumulative": false
    },
    {
        "date": "2021-02-15T21:45:34.742Z",
        "value": "193.91745471954346",
        "cumulative": false
    },
    {
        "date": "2021-02-15T21:49:43.997Z",
        "value": "193.2264223098755",
        "cumulative": false
    },
    {
        "date": "2021-02-15T21:53:53.192Z",
        "value": "194.53867053985596",
        "cumulative": false
    },
    {
        "date": "2021-02-15T21:58:02.487Z",
        "value": "193.25539302825928",
        "cumulative": false
    },
    {
        "date": "2021-02-15T22:02:11.670Z",
        "value": "194.30031633377075",
        "cumulative": false
    },
    {
        "date": "2021-02-15T22:06:20.280Z",
        "value": "193.16022777557373",
        "cumulative": false
    },
    {
        "date": "2021-02-15T22:10:29.479Z",
        "value": "194.2747881412506",
        "cumulative": false
    },
    {
        "date": "2021-02-15T22:14:38.878Z",
        "value": "193.35292410850525",
        "cumulative": false
    },
    {
        "date": "2021-02-15T22:18:48.216Z",
        "value": "194.96938133239746",
        "cumulative": false
    },
    {
        "date": "2021-02-15T22:22:56.901Z",
        "value": "193.92367696762085",
        "cumulative": false
    },
    {
        "date": "2021-02-15T22:27:06.396Z",
        "value": "194.191011428833",
        "cumulative": false
    },
    {
        "date": "2021-02-15T22:31:15.740Z",
        "value": "193.6197805404663",
        "cumulative": false
    },
    {
        "date": "2021-02-15T22:35:25.309Z",
        "value": "192.6163046360016",
        "cumulative": false
    },
    {
        "date": "2021-02-15T22:39:35.120Z",
        "value": "194.06246376037598",
        "cumulative": false
    },
    {
        "date": "2021-02-15T22:43:44.252Z",
        "value": "193.97210884094238",
        "cumulative": false
    },
    {
        "date": "2021-02-15T22:47:53.620Z",
        "value": "193.86550879478455",
        "cumulative": false
    },
    {
        "date": "2021-02-15T22:52:02.751Z",
        "value": "193.34481859207153",
        "cumulative": false
    },
    {
        "date": "2021-02-15T22:56:11.957Z",
        "value": "193.55438828468323",
        "cumulative": false
    },
    {
        "date": "2021-02-15T23:00:21.248Z",
        "value": "194.15738201141357",
        "cumulative": false
    },
    {
        "date": "2021-02-15T23:04:29.650Z",
        "value": "194.1586697101593",
        "cumulative": false
    },
    {
        "date": "2021-02-15T23:08:38.927Z",
        "value": "193.7963047027588",
        "cumulative": false
    },
    {
        "date": "2021-02-15T23:12:48.200Z",
        "value": "192.9328808784485",
        "cumulative": false
    },
    {
        "date": "2021-02-15T23:16:57.442Z",
        "value": "191.66400527954102",
        "cumulative": false
    },
    {
        "date": "2021-02-15T23:21:06.733Z",
        "value": "192.08817744255066",
        "cumulative": false
    },
    {
        "date": "2021-02-15T23:25:15.772Z",
        "value": "190.90132093429565",
        "cumulative": false
    },
    {
        "date": "2021-02-15T23:29:24.922Z",
        "value": "191.42124009132385",
        "cumulative": false
    },
    {
        "date": "2021-02-15T23:33:33.811Z",
        "value": "191.13485860824585",
        "cumulative": false
    },
    {
        "date": "2021-02-15T23:37:43.222Z",
        "value": "191.40049862861633",
        "cumulative": false
    },
    {
        "date": "2021-02-15T23:41:52.298Z",
        "value": "191.30759382247925",
        "cumulative": false
    },
    {
        "date": "2021-02-15T23:46:01.595Z",
        "value": "192.34351563453674",
        "cumulative": false
    },
    {
        "date": "2021-02-15T23:50:10.480Z",
        "value": "191.56289958953857",
        "cumulative": false
    },
    {
        "date": "2021-02-15T23:54:19.681Z",
        "value": "191.55646181106567",
        "cumulative": false
    },
    {
        "date": "2021-02-15T23:58:29.204Z",
        "value": "191.42954325675964",
        "cumulative": false
    },
    {
        "date": "2021-02-16T00:02:37.845Z",
        "value": "191.33077931404114",
        "cumulative": false
    },
    {
        "date": "2021-02-16T00:06:46.743Z",
        "value": "191.90459275245667",
        "cumulative": false
    },
    {
        "date": "2021-02-16T00:10:56.355Z",
        "value": "192.81705737113953",
        "cumulative": false
    },
    {
        "date": "2021-02-16T00:15:05.949Z",
        "value": "191.51611733436584",
        "cumulative": false
    },
    {
        "date": "2021-02-16T00:19:15.342Z",
        "value": "191.50075364112854",
        "cumulative": false
    },
    {
        "date": "2021-02-16T00:23:24.746Z",
        "value": "191.5190863609314",
        "cumulative": false
    },
    {
        "date": "2021-02-16T00:27:34.197Z",
        "value": "192.28526258468628",
        "cumulative": false
    },
    {
        "date": "2021-02-16T00:31:43.273Z",
        "value": "191.50653505325317",
        "cumulative": false
    },
    {
        "date": "2021-02-16T00:35:52.944Z",
        "value": "191.4366810321808",
        "cumulative": false
    },
    {
        "date": "2021-02-16T00:40:02.340Z",
        "value": "191.69380569458008",
        "cumulative": false
    },
    {
        "date": "2021-02-16T00:44:11.436Z",
        "value": "191.68854546546936",
        "cumulative": false
    },
    {
        "date": "2021-02-16T00:48:20.268Z",
        "value": "191.7857642173767",
        "cumulative": false
    },
    {
        "date": "2021-02-16T00:52:29.278Z",
        "value": "192.35450506210327",
        "cumulative": false
    },
    {
        "date": "2021-02-16T00:56:38.371Z",
        "value": "191.07808899879456",
        "cumulative": false
    },
    {
        "date": "2021-02-16T01:00:47.248Z",
        "value": "191.49441123008728",
        "cumulative": false
    },
    {
        "date": "2021-02-16T01:04:56.159Z",
        "value": "191.29941844940186",
        "cumulative": false
    },
    {
        "date": "2021-02-16T01:09:05.618Z",
        "value": "191.76793789863586",
        "cumulative": false
    },
    {
        "date": "2021-02-16T01:13:15.417Z",
        "value": "191.93080139160156",
        "cumulative": false
    },
    {
        "date": "2021-02-16T01:17:25.090Z",
        "value": "191.81662464141846",
        "cumulative": false
    },
    {
        "date": "2021-02-16T01:21:35.437Z",
        "value": "192.400625705719",
        "cumulative": false
    },
    {
        "date": "2021-02-16T01:25:44.949Z",
        "value": "192.26685762405396",
        "cumulative": false
    },
    {
        "date": "2021-02-16T01:29:54.441Z",
        "value": "191.73201155662537",
        "cumulative": false
    },
    {
        "date": "2021-02-16T01:34:03.593Z",
        "value": "191.11986684799194",
        "cumulative": false
    },
    {
        "date": "2021-02-16T01:38:13.052Z",
        "value": "191.15952897071838",
        "cumulative": false
    },
    {
        "date": "2021-02-16T01:42:22.073Z",
        "value": "191.09304022789001",
        "cumulative": false
    },
    {
        "date": "2021-02-16T01:46:31.687Z",
        "value": "192.0230622291565",
        "cumulative": false
    },
    {
        "date": "2021-02-16T01:50:41.190Z",
        "value": "192.39928674697876",
        "cumulative": false
    },
    {
        "date": "2021-02-16T01:54:50.686Z",
        "value": "192.70030117034912",
        "cumulative": false
    },
    {
        "date": "2021-02-16T01:59:00.445Z",
        "value": "192.8142683506012",
        "cumulative": false
    },
    {
        "date": "2021-02-16T02:03:10.184Z",
        "value": "192.7608151435852",
        "cumulative": false
    },
    {
        "date": "2021-02-16T02:07:19.526Z",
        "value": "192.31246495246887",
        "cumulative": false
    },
    {
        "date": "2021-02-16T02:11:28.997Z",
        "value": "191.28940796852112",
        "cumulative": false
    },
    {
        "date": "2021-02-16T02:15:37.986Z",
        "value": "191.70976567268372",
        "cumulative": false
    },
    {
        "date": "2021-02-16T02:19:47.006Z",
        "value": "191.9703049659729",
        "cumulative": false
    },
    {
        "date": "2021-02-16T02:23:56.150Z",
        "value": "191.86158680915833",
        "cumulative": false
    },
    {
        "date": "2021-02-16T02:28:05.285Z",
        "value": "191.71806001663208",
        "cumulative": false
    },
    {
        "date": "2021-02-16T02:32:14.830Z",
        "value": "191.7322518825531",
        "cumulative": false
    },
    {
        "date": "2021-02-16T02:36:24.436Z",
        "value": "192.07400941848755",
        "cumulative": false
    },
    {
        "date": "2021-02-16T02:40:33.587Z",
        "value": "192.40924739837646",
        "cumulative": false
    },
    {
        "date": "2021-02-16T02:44:42.992Z",
        "value": "191.83513402938843",
        "cumulative": false
    },
    {
        "date": "2021-02-16T02:48:52.180Z",
        "value": "191.12026643753052",
        "cumulative": false
    },
    {
        "date": "2021-02-16T02:53:01.402Z",
        "value": "191.83442449569702",
        "cumulative": false
    },
    {
        "date": "2021-02-16T02:57:10.342Z",
        "value": "191.9207775592804",
        "cumulative": false
    },
    {
        "date": "2021-02-16T03:01:19.297Z",
        "value": "191.89848828315735",
        "cumulative": false
    },
    {
        "date": "2021-02-16T03:05:28.457Z",
        "value": "192.7474250793457",
        "cumulative": false
    },
    {
        "date": "2021-02-16T03:09:37.705Z",
        "value": "191.21901154518127",
        "cumulative": false
    },
    {
        "date": "2021-02-16T03:13:46.888Z",
        "value": "191.5067811012268",
        "cumulative": false
    },
    {
        "date": "2021-02-16T03:17:55.558Z",
        "value": "191.97319746017456",
        "cumulative": false
    },
    {
        "date": "2021-02-16T03:22:04.976Z",
        "value": "194.48537802696228",
        "cumulative": false
    },
    {
        "date": "2021-02-16T03:26:13.709Z",
        "value": "192.19082403182983",
        "cumulative": false
    },
    {
        "date": "2021-02-16T03:30:22.622Z",
        "value": "193.45475268363953",
        "cumulative": false
    },
    {
        "date": "2021-02-16T03:34:31.284Z",
        "value": "192.64722990989685",
        "cumulative": false
    },
    {
        "date": "2021-02-16T03:38:40.002Z",
        "value": "192.1791377067566",
        "cumulative": false
    },
    {
        "date": "2021-02-16T03:42:49.306Z",
        "value": "192.7423222064972",
        "cumulative": false
    },
    {
        "date": "2021-02-16T03:46:58.991Z",
        "value": "192.95268082618713",
        "cumulative": false
    },
    {
        "date": "2021-02-16T03:51:07.812Z",
        "value": "192.6577913761139",
        "cumulative": false
    },
    {
        "date": "2021-02-16T03:55:16.410Z",
        "value": "192.49309039115906",
        "cumulative": false
    },
    {
        "date": "2021-02-16T03:59:25.297Z",
        "value": "192.017014503479",
        "cumulative": false
    },
    {
        "date": "2021-02-16T04:03:34.482Z",
        "value": "191.9428629875183",
        "cumulative": false
    },
    {
        "date": "2021-02-16T04:07:43.607Z",
        "value": "193.33258199691772",
        "cumulative": false
    },
    {
        "date": "2021-02-16T04:11:52.693Z",
        "value": "192.41835165023804",
        "cumulative": false
    },
    {
        "date": "2021-02-16T04:16:01.773Z",
        "value": "191.79085612297058",
        "cumulative": false
    },
    {
        "date": "2021-02-16T04:20:10.925Z",
        "value": "191.09032154083252",
        "cumulative": false
    },
    {
        "date": "2021-02-16T04:24:20.431Z",
        "value": "191.0878562927246",
        "cumulative": false
    },
    {
        "date": "2021-02-16T04:28:29.382Z",
        "value": "191.12224411964417",
        "cumulative": false
    },
    {
        "date": "2021-02-16T04:32:38.550Z",
        "value": "192.11765122413635",
        "cumulative": false
    },
    {
        "date": "2021-02-16T04:36:48.053Z",
        "value": "192.57732391357422",
        "cumulative": false
    },
    {
        "date": "2021-02-16T04:40:56.818Z",
        "value": "191.52630424499512",
        "cumulative": false
    },
    {
        "date": "2021-02-16T04:45:05.985Z",
        "value": "191.3615071773529",
        "cumulative": false
    },
    {
        "date": "2021-02-16T04:49:15.026Z",
        "value": "192.769855260849",
        "cumulative": false
    },
    {
        "date": "2021-02-16T04:53:23.993Z",
        "value": "192.7868082523346",
        "cumulative": false
    },
    {
        "date": "2021-02-16T04:57:32.987Z",
        "value": "192.8742072582245",
        "cumulative": false
    },
    {
        "date": "2021-02-16T05:01:42.569Z",
        "value": "193.62914443016052",
        "cumulative": false
    },
    {
        "date": "2021-02-16T05:05:51.713Z",
        "value": "192.59410881996155",
        "cumulative": false
    },
    {
        "date": "2021-02-16T05:10:00.393Z",
        "value": "192.4402003288269",
        "cumulative": false
    },
    {
        "date": "2021-02-16T05:14:10.152Z",
        "value": "194.02494430541992",
        "cumulative": false
    },
    {
        "date": "2021-02-16T05:18:19.458Z",
        "value": "193.1371946334839",
        "cumulative": false
    },
    {
        "date": "2021-02-16T05:22:28.886Z",
        "value": "193.177143573761",
        "cumulative": false
    },
    {
        "date": "2021-02-16T05:26:38.112Z",
        "value": "192.300217628479",
        "cumulative": false
    },
    {
        "date": "2021-02-16T05:30:47.614Z",
        "value": "192.85366916656494",
        "cumulative": false
    },
    {
        "date": "2021-02-16T05:34:56.647Z",
        "value": "192.13329696655273",
        "cumulative": false
    },
    {
        "date": "2021-02-16T05:39:05.382Z",
        "value": "192.91816353797913",
        "cumulative": false
    },
    {
        "date": "2021-02-16T05:43:14.510Z",
        "value": "193.03610181808472",
        "cumulative": false
    },
    {
        "date": "2021-02-16T05:47:23.856Z",
        "value": "193.3399031162262",
        "cumulative": false
    },
    {
        "date": "2021-02-16T05:51:32.912Z",
        "value": "192.09341502189636",
        "cumulative": false
    },
    {
        "date": "2021-02-16T05:55:42.262Z",
        "value": "193.35231971740723",
        "cumulative": false
    },
    {
        "date": "2021-02-16T05:59:51.351Z",
        "value": "192.98329663276672",
        "cumulative": false
    },
    {
        "date": "2021-02-16T06:04:00.301Z",
        "value": "194.17616820335388",
        "cumulative": false
    },
    {
        "date": "2021-02-16T06:08:09.339Z",
        "value": "193.22412014007568",
        "cumulative": false
    },
    {
        "date": "2021-02-16T06:12:18.458Z",
        "value": "191.91841077804565",
        "cumulative": false
    },
    {
        "date": "2021-02-16T06:16:27.709Z",
        "value": "193.01553678512573",
        "cumulative": false
    },
    {
        "date": "2021-02-16T06:20:37.446Z",
        "value": "192.64374494552612",
        "cumulative": false
    },
    {
        "date": "2021-02-16T06:24:47.099Z",
        "value": "192.4874243736267",
        "cumulative": false
    },
    {
        "date": "2021-02-16T06:28:56.507Z",
        "value": "192.31431698799133",
        "cumulative": false
    },
    {
        "date": "2021-02-16T06:33:05.580Z",
        "value": "192.0068507194519",
        "cumulative": false
    },
    {
        "date": "2021-02-16T06:37:15.488Z",
        "value": "192.5586473941803",
        "cumulative": false
    },
    {
        "date": "2021-02-16T06:41:25.292Z",
        "value": "193.09391689300537",
        "cumulative": false
    },
    {
        "date": "2021-02-16T06:45:34.519Z",
        "value": "191.11362314224243",
        "cumulative": false
    },
    {
        "date": "2021-02-16T06:49:43.933Z",
        "value": "193.51251888275146",
        "cumulative": false
    },
    {
        "date": "2021-02-16T06:53:53.743Z",
        "value": "192.9799234867096",
        "cumulative": false
    },
    {
        "date": "2021-02-16T06:58:03.073Z",
        "value": "193.2177665233612",
        "cumulative": false
    },
    {
        "date": "2021-02-16T07:02:12.490Z",
        "value": "191.94507765769958",
        "cumulative": false
    },
    {
        "date": "2021-02-16T07:06:22.309Z",
        "value": "192.7246904373169",
        "cumulative": false
    },
    {
        "date": "2021-02-16T07:10:32.076Z",
        "value": "192.61835098266602",
        "cumulative": false
    },
    {
        "date": "2021-02-16T07:14:41.536Z",
        "value": "192.50759983062744",
        "cumulative": false
    },
    {
        "date": "2021-02-16T07:18:51.025Z",
        "value": "192.19560885429382",
        "cumulative": false
    },
    {
        "date": "2021-02-16T07:23:00.707Z",
        "value": "191.68054604530334",
        "cumulative": false
    },
    {
        "date": "2021-02-16T07:27:10.455Z",
        "value": "193.3586835861206",
        "cumulative": false
    },
    {
        "date": "2021-02-16T07:31:19.917Z",
        "value": "192.86817169189453",
        "cumulative": false
    },
    {
        "date": "2021-02-16T07:35:29.499Z",
        "value": "192.09969973564148",
        "cumulative": false
    },
    {
        "date": "2021-02-16T07:39:39.059Z",
        "value": "193.25750946998596",
        "cumulative": false
    },
    {
        "date": "2021-02-16T07:43:48.829Z",
        "value": "193.4229531288147",
        "cumulative": false
    },
    {
        "date": "2021-02-16T07:47:58.449Z",
        "value": "192.90670466423035",
        "cumulative": false
    },
    {
        "date": "2021-02-16T07:52:08.228Z",
        "value": "193.1414499282837",
        "cumulative": false
    },
    {
        "date": "2021-02-16T07:56:17.463Z",
        "value": "192.3825957775116",
        "cumulative": false
    },
    {
        "date": "2021-02-16T08:00:26.743Z",
        "value": "192.77516913414001",
        "cumulative": false
    },
    {
        "date": "2021-02-16T08:04:35.449Z",
        "value": "192.62394857406616",
        "cumulative": false
    },
    {
        "date": "2021-02-16T08:08:44.630Z",
        "value": "193.55471777915955",
        "cumulative": false
    },
    {
        "date": "2021-02-16T08:12:54.144Z",
        "value": "193.02610993385315",
        "cumulative": false
    },
    {
        "date": "2021-02-16T08:17:03.497Z",
        "value": "192.9197700023651",
        "cumulative": false
    },
    {
        "date": "2021-02-16T08:21:12.237Z",
        "value": "192.19689226150513",
        "cumulative": false
    },
    {
        "date": "2021-02-16T08:25:21.559Z",
        "value": "191.6908540725708",
        "cumulative": false
    },
    {
        "date": "2021-02-16T08:29:30.863Z",
        "value": "192.34431862831116",
        "cumulative": false
    },
    {
        "date": "2021-02-16T08:33:40.341Z",
        "value": "191.15576338768005",
        "cumulative": false
    },
    {
        "date": "2021-02-16T08:37:49.448Z",
        "value": "192.25534415245056",
        "cumulative": false
    },
    {
        "date": "2021-02-16T08:41:58.203Z",
        "value": "191.35635447502136",
        "cumulative": false
    },
    {
        "date": "2021-02-16T08:46:07.338Z",
        "value": "192.6481249332428",
        "cumulative": false
    },
    {
        "date": "2021-02-16T08:50:16.123Z",
        "value": "192.34309148788452",
        "cumulative": false
    },
    {
        "date": "2021-02-16T08:54:25.354Z",
        "value": "191.93714380264282",
        "cumulative": false
    },
    {
        "date": "2021-02-16T08:58:34.764Z",
        "value": "191.7899613380432",
        "cumulative": false
    },
    {
        "date": "2021-02-16T09:02:44.204Z",
        "value": "193.3558828830719",
        "cumulative": false
    },
    {
        "date": "2021-02-16T09:06:53.388Z",
        "value": "192.3233802318573",
        "cumulative": false
    },
    {
        "date": "2021-02-16T09:11:02.630Z",
        "value": "192.0507106781006",
        "cumulative": false
    },
    {
        "date": "2021-02-16T09:15:12.282Z",
        "value": "191.58591103553772",
        "cumulative": false
    },
    {
        "date": "2021-02-16T09:19:21.560Z",
        "value": "193.74964022636414",
        "cumulative": false
    },
    {
        "date": "2021-02-16T09:23:31.078Z",
        "value": "192.15081310272217",
        "cumulative": false
    },
    {
        "date": "2021-02-16T09:27:39.944Z",
        "value": "192.08434772491455",
        "cumulative": false
    },
    {
        "date": "2021-02-16T09:31:49.481Z",
        "value": "192.9532015323639",
        "cumulative": false
    },
    {
        "date": "2021-02-16T09:35:58.781Z",
        "value": "193.00512742996216",
        "cumulative": false
    },
    {
        "date": "2021-02-16T09:40:08.022Z",
        "value": "193.29310131072998",
        "cumulative": false
    },
    {
        "date": "2021-02-16T09:44:17.674Z",
        "value": "193.37933158874512",
        "cumulative": false
    },
    {
        "date": "2021-02-16T09:48:26.714Z",
        "value": "193.26693034172058",
        "cumulative": false
    },
    {
        "date": "2021-02-16T09:52:36.208Z",
        "value": "193.51281213760376",
        "cumulative": false
    },
    {
        "date": "2021-02-16T09:56:45.349Z",
        "value": "192.928884267807",
        "cumulative": false
    },
    {
        "date": "2021-02-16T10:00:55.036Z",
        "value": "191.4465308189392",
        "cumulative": false
    },
    {
        "date": "2021-02-16T10:05:04.599Z",
        "value": "192.21132135391235",
        "cumulative": false
    },
    {
        "date": "2021-02-16T10:09:13.792Z",
        "value": "191.26358008384705",
        "cumulative": false
    },
    {
        "date": "2021-02-16T10:13:23.019Z",
        "value": "192.3010675907135",
        "cumulative": false
    },
    {
        "date": "2021-02-16T10:17:32.665Z",
        "value": "191.824725151062",
        "cumulative": false
    },
    {
        "date": "2021-02-16T10:21:41.941Z",
        "value": "192.73318314552307",
        "cumulative": false
    },
    {
        "date": "2021-02-16T10:25:50.915Z",
        "value": "192.06878209114075",
        "cumulative": false
    },
    {
        "date": "2021-02-16T10:30:00.056Z",
        "value": "191.60050702095032",
        "cumulative": false
    },
    {
        "date": "2021-02-16T10:34:09.876Z",
        "value": "192.2043125629425",
        "cumulative": false
    },
    {
        "date": "2021-02-16T10:38:19.166Z",
        "value": "193.51450181007385",
        "cumulative": false
    },
    {
        "date": "2021-02-16T10:42:28.723Z",
        "value": "193.26049494743347",
        "cumulative": false
    },
    {
        "date": "2021-02-16T10:46:37.757Z",
        "value": "192.8195858001709",
        "cumulative": false
    },
    {
        "date": "2021-02-16T10:50:46.556Z",
        "value": "192.8277771472931",
        "cumulative": false
    },
    {
        "date": "2021-02-16T10:54:55.576Z",
        "value": "193.16006565093994",
        "cumulative": false
    },
    {
        "date": "2021-02-16T10:59:05.088Z",
        "value": "192.93274521827698",
        "cumulative": false
    },
    {
        "date": "2021-02-16T11:03:14.915Z",
        "value": "193.61934638023376",
        "cumulative": false
    },
    {
        "date": "2021-02-16T11:07:24.177Z",
        "value": "192.64557480812073",
        "cumulative": false
    },
    {
        "date": "2021-02-16T11:11:34.152Z",
        "value": "193.1946997642517",
        "cumulative": false
    },
    {
        "date": "2021-02-16T11:15:43.718Z",
        "value": "193.63788056373596",
        "cumulative": false
    },
    {
        "date": "2021-02-16T11:19:53.444Z",
        "value": "192.35996270179749",
        "cumulative": false
    },
    {
        "date": "2021-02-16T11:24:02.385Z",
        "value": "193.08288764953613",
        "cumulative": false
    },
    {
        "date": "2021-02-16T11:28:12.119Z",
        "value": "192.32673358917236",
        "cumulative": false
    },
    {
        "date": "2021-02-16T11:32:21.617Z",
        "value": "192.65341758728027",
        "cumulative": false
    },
    {
        "date": "2021-02-16T11:36:31.185Z",
        "value": "193.00981402397156",
        "cumulative": false
    },
    {
        "date": "2021-02-16T11:40:40.719Z",
        "value": "192.03316926956177",
        "cumulative": false
    },
    {
        "date": "2021-02-16T11:44:50.557Z",
        "value": "191.6511571407318",
        "cumulative": false
    },
    {
        "date": "2021-02-16T11:49:00.462Z",
        "value": "192.82540702819824",
        "cumulative": false
    },
    {
        "date": "2021-02-16T11:53:10.167Z",
        "value": "193.40187215805054",
        "cumulative": false
    },
    {
        "date": "2021-02-16T11:57:19.583Z",
        "value": "191.80066919326782",
        "cumulative": false
    },
    {
        "date": "2021-02-16T12:01:28.597Z",
        "value": "193.25163388252258",
        "cumulative": false
    },
    {
        "date": "2021-02-16T12:05:38.240Z",
        "value": "192.8731050491333",
        "cumulative": false
    },
    {
        "date": "2021-02-16T12:09:47.324Z",
        "value": "192.13990759849548",
        "cumulative": false
    },
    {
        "date": "2021-02-16T12:13:56.918Z",
        "value": "192.92152857780457",
        "cumulative": false
    },
    {
        "date": "2021-02-16T12:18:06.684Z",
        "value": "193.28295826911926",
        "cumulative": false
    },
    {
        "date": "2021-02-16T12:22:15.943Z",
        "value": "192.36211395263672",
        "cumulative": false
    },
    {
        "date": "2021-02-16T12:26:25.398Z",
        "value": "192.8489487171173",
        "cumulative": false
    },
    {
        "date": "2021-02-16T12:30:34.831Z",
        "value": "193.45901894569397",
        "cumulative": false
    },
    {
        "date": "2021-02-16T12:34:44.432Z",
        "value": "193.22400879859924",
        "cumulative": false
    },
    {
        "date": "2021-02-16T12:38:53.157Z",
        "value": "191.79535698890686",
        "cumulative": false
    },
    {
        "date": "2021-02-16T12:43:03.147Z",
        "value": "194.40044283866882",
        "cumulative": false
    },
    {
        "date": "2021-02-16T12:47:12.905Z",
        "value": "192.44126200675964",
        "cumulative": false
    },
    {
        "date": "2021-02-16T12:51:23.042Z",
        "value": "192.1286427974701",
        "cumulative": false
    },
    {
        "date": "2021-02-16T12:55:32.735Z",
        "value": "192.88988161087036",
        "cumulative": false
    },
    {
        "date": "2021-02-16T12:59:42.014Z",
        "value": "192.89453387260437",
        "cumulative": false
    },
    {
        "date": "2021-02-16T13:03:51.431Z",
        "value": "192.25354599952698",
        "cumulative": false
    },
    {
        "date": "2021-02-16T13:08:01.132Z",
        "value": "191.5811948776245",
        "cumulative": false
    },
    {
        "date": "2021-02-16T13:12:10.491Z",
        "value": "192.68341612815857",
        "cumulative": false
    },
    {
        "date": "2021-02-16T13:16:20.156Z",
        "value": "192.81702160835266",
        "cumulative": false
    },
    {
        "date": "2021-02-16T13:20:29.765Z",
        "value": "191.74808859825134",
        "cumulative": false
    },
    {
        "date": "2021-02-16T13:24:39.753Z",
        "value": "192.63704299926758",
        "cumulative": false
    },
    {
        "date": "2021-02-16T13:28:49.394Z",
        "value": "193.03151202201843",
        "cumulative": false
    },
    {
        "date": "2021-02-16T13:32:59.265Z",
        "value": "192.5395588874817",
        "cumulative": false
    },
    {
        "date": "2021-02-16T13:37:08.608Z",
        "value": "193.16667866706848",
        "cumulative": false
    },
    {
        "date": "2021-02-16T13:41:18.201Z",
        "value": "192.49928212165833",
        "cumulative": false
    },
    {
        "date": "2021-02-16T13:45:27.675Z",
        "value": "192.8945894241333",
        "cumulative": false
    },
    {
        "date": "2021-02-16T13:49:37.331Z",
        "value": "193.3467080593109",
        "cumulative": false
    },
    {
        "date": "2021-02-16T13:53:46.947Z",
        "value": "193.5912947654724",
        "cumulative": false
    },
    {
        "date": "2021-02-16T13:57:56.338Z",
        "value": "192.0877411365509",
        "cumulative": false
    },
    {
        "date": "2021-02-16T14:02:05.893Z",
        "value": "193.05273842811584",
        "cumulative": false
    },
    {
        "date": "2021-02-16T14:06:15.320Z",
        "value": "192.73798441886902",
        "cumulative": false
    },
    {
        "date": "2021-02-16T14:10:24.873Z",
        "value": "193.23781394958496",
        "cumulative": false
    },
    {
        "date": "2021-02-16T14:14:34.376Z",
        "value": "193.08247828483582",
        "cumulative": false
    },
    {
        "date": "2021-02-16T14:18:43.901Z",
        "value": "192.16890454292297",
        "cumulative": false
    },
    {
        "date": "2021-02-16T14:22:53.035Z",
        "value": "192.84294033050537",
        "cumulative": false
    },
    {
        "date": "2021-02-16T14:27:02.318Z",
        "value": "192.74499464035034",
        "cumulative": false
    },
    {
        "date": "2021-02-16T14:31:12.583Z",
        "value": "192.80991053581238",
        "cumulative": false
    },
    {
        "date": "2021-02-16T14:35:21.539Z",
        "value": "193.60710787773132",
        "cumulative": false
    },
    {
        "date": "2021-02-16T14:39:31.301Z",
        "value": "194.06011247634888",
        "cumulative": false
    },
    {
        "date": "2021-02-16T14:43:41.539Z",
        "value": "194.6387267112732",
        "cumulative": false
    },
    {
        "date": "2021-02-16T14:47:51.362Z",
        "value": "194.76581645011902",
        "cumulative": false
    },
    {
        "date": "2021-02-16T14:52:01.603Z",
        "value": "192.91763305664062",
        "cumulative": false
    },
    {
        "date": "2021-02-16T14:56:11.287Z",
        "value": "193.52684926986694",
        "cumulative": false
    },
    {
        "date": "2021-02-16T15:00:20.551Z",
        "value": "192.16698455810547",
        "cumulative": false
    },
    {
        "date": "2021-02-16T15:04:29.438Z",
        "value": "193.03593826293945",
        "cumulative": false
    },
    {
        "date": "2021-02-16T15:08:39.313Z",
        "value": "193.32683038711548",
        "cumulative": false
    },
    {
        "date": "2021-02-16T15:12:48.955Z",
        "value": "192.88446235656738",
        "cumulative": false
    },
    {
        "date": "2021-02-16T15:16:58.566Z",
        "value": "192.57944011688232",
        "cumulative": false
    },
    {
        "date": "2021-02-16T15:21:07.856Z",
        "value": "191.35678005218506",
        "cumulative": false
    },
    {
        "date": "2021-02-16T15:25:17.577Z",
        "value": "192.93004274368286",
        "cumulative": false
    },
    {
        "date": "2021-02-16T15:29:26.659Z",
        "value": "191.52738308906555",
        "cumulative": false
    },
    {
        "date": "2021-02-16T15:33:35.458Z",
        "value": "192.1220359802246",
        "cumulative": false
    },
    {
        "date": "2021-02-16T15:37:44.426Z",
        "value": "193.13589763641357",
        "cumulative": false
    },
    {
        "date": "2021-02-16T15:41:53.164Z",
        "value": "192.93567943572998",
        "cumulative": false
    },
    {
        "date": "2021-02-16T15:46:02.304Z",
        "value": "193.03376412391663",
        "cumulative": false
    },
    {
        "date": "2021-02-16T15:50:11.566Z",
        "value": "193.19733452796936",
        "cumulative": false
    },
    {
        "date": "2021-02-16T15:54:21.267Z",
        "value": "192.94591999053955",
        "cumulative": false
    },
    {
        "date": "2021-02-16T15:58:30.563Z",
        "value": "192.51102018356323",
        "cumulative": false
    },
    {
        "date": "2021-02-16T16:02:39.397Z",
        "value": "193.56253790855408",
        "cumulative": false
    },
    {
        "date": "2021-02-16T16:06:47.781Z",
        "value": "192.10394024848938",
        "cumulative": false
    },
    {
        "date": "2021-02-16T16:10:57.009Z",
        "value": "192.90684247016907",
        "cumulative": false
    },
    {
        "date": "2021-02-16T16:15:06.207Z",
        "value": "192.36028838157654",
        "cumulative": false
    },
    {
        "date": "2021-02-16T16:19:14.699Z",
        "value": "192.48536467552185",
        "cumulative": false
    },
    {
        "date": "2021-02-16T16:23:24.374Z",
        "value": "193.07427406311035",
        "cumulative": false
    },
    {
        "date": "2021-02-16T16:27:34.488Z",
        "value": "192.75254464149475",
        "cumulative": false
    },
    {
        "date": "2021-02-16T16:31:43.124Z",
        "value": "192.08089232444763",
        "cumulative": false
    },
    {
        "date": "2021-02-16T16:35:52.279Z",
        "value": "193.2066993713379",
        "cumulative": false
    },
    {
        "date": "2021-02-16T16:40:02.284Z",
        "value": "193.75277543067932",
        "cumulative": false
    },
    {
        "date": "2021-02-16T16:44:11.564Z",
        "value": "193.11595273017883",
        "cumulative": false
    },
    {
        "date": "2021-02-16T16:48:21.295Z",
        "value": "194.13172149658203",
        "cumulative": false
    },
    {
        "date": "2021-02-16T16:52:30.351Z",
        "value": "193.39058208465576",
        "cumulative": false
    },
    {
        "date": "2021-02-16T16:56:39.580Z",
        "value": "191.90964150428772",
        "cumulative": false
    },
    {
        "date": "2021-02-16T17:00:48.883Z",
        "value": "193.61067819595337",
        "cumulative": false
    },
    {
        "date": "2021-02-16T17:04:58.066Z",
        "value": "193.11843419075012",
        "cumulative": false
    },
    {
        "date": "2021-02-16T17:09:07.884Z",
        "value": "193.65745449066162",
        "cumulative": false
    },
    {
        "date": "2021-02-16T17:13:17.332Z",
        "value": "193.66135263442993",
        "cumulative": false
    },
    {
        "date": "2021-02-16T17:17:26.884Z",
        "value": "193.35371565818787",
        "cumulative": false
    },
    {
        "date": "2021-02-16T17:21:36.579Z",
        "value": "194.45241403579712",
        "cumulative": false
    },
    {
        "date": "2021-02-16T17:25:46.444Z",
        "value": "194.1848304271698",
        "cumulative": false
    },
    {
        "date": "2021-02-16T17:29:56.193Z",
        "value": "193.56293153762817",
        "cumulative": false
    },
    {
        "date": "2021-02-16T17:34:05.780Z",
        "value": "193.70746850967407",
        "cumulative": false
    },
    {
        "date": "2021-02-16T17:38:15.339Z",
        "value": "193.33207440376282",
        "cumulative": false
    },
    {
        "date": "2021-02-16T17:42:24.568Z",
        "value": "193.12141847610474",
        "cumulative": false
    },
    {
        "date": "2021-02-16T17:46:34.139Z",
        "value": "194.2053256034851",
        "cumulative": false
    },
    {
        "date": "2021-02-16T17:50:43.375Z",
        "value": "192.98980140686035",
        "cumulative": false
    },
    {
        "date": "2021-02-16T17:54:52.584Z",
        "value": "193.5325574874878",
        "cumulative": false
    },
    {
        "date": "2021-02-16T17:59:01.287Z",
        "value": "192.2839481830597",
        "cumulative": false
    }
]