[
    {
        "date": "2020-12-08T11:30:53.431Z",
        "value": "51.5625",
        "cumulative": false
    },
    {
        "date": "2020-12-08T11:30:55.585Z",
        "value": "78.90625",
        "cumulative": false
    },
    {
        "date": "2020-12-08T11:30:57.758Z",
        "value": "87.5",
        "cumulative": false
    },
    {
        "date": "2020-12-08T11:30:59.900Z",
        "value": "91.40625",
        "cumulative": false
    },
    {
        "date": "2020-12-08T11:31:02.155Z",
        "value": "94.53125",
        "cumulative": false
    },
    {
        "date": "2020-12-08T11:31:04.238Z",
        "value": "96.875",
        "cumulative": false
    },
    {
        "date": "2020-12-08T11:31:06.342Z",
        "value": "97.65625",
        "cumulative": false
    },
    {
        "date": "2020-12-08T11:31:08.490Z",
        "value": "96.09375",
        "cumulative": false
    },
    {
        "date": "2020-12-08T11:31:10.592Z",
        "value": "99.21875",
        "cumulative": false
    },
    {
        "date": "2020-12-08T11:31:12.693Z",
        "value": "98.4375",
        "cumulative": false
    },
    {
        "date": "2020-12-08T11:31:14.956Z",
        "value": "100.0",
        "cumulative": false
    },
    {
        "date": "2020-12-08T11:31:17.264Z",
        "value": "97.65625",
        "cumulative": false
    },
    {
        "date": "2020-12-08T11:31:19.413Z",
        "value": "99.21875",
        "cumulative": false
    },
    {
        "date": "2020-12-08T11:31:21.524Z",
        "value": "100.0",
        "cumulative": false
    },
    {
        "date": "2020-12-08T11:31:23.639Z",
        "value": "96.875",
        "cumulative": false
    },
    {
        "date": "2020-12-08T11:31:25.779Z",
        "value": "97.65625",
        "cumulative": false
    },
    {
        "date": "2020-12-08T11:31:27.908Z",
        "value": "96.875",
        "cumulative": false
    }
]