[
    {
        "date": "2020-12-08T11:30:54.865Z",
        "value": "0.05806112289428711",
        "cumulative": false
    },
    {
        "date": "2020-12-08T11:30:57.087Z",
        "value": "0.05136275291442871",
        "cumulative": false
    },
    {
        "date": "2020-12-08T11:30:59.207Z",
        "value": "0.05517101287841797",
        "cumulative": false
    },
    {
        "date": "2020-12-08T11:31:01.407Z",
        "value": "0.04636979103088379",
        "cumulative": false
    },
    {
        "date": "2020-12-08T11:31:03.551Z",
        "value": "0.05681490898132324",
        "cumulative": false
    },
    {
        "date": "2020-12-08T11:31:05.683Z",
        "value": "0.05353355407714844",
        "cumulative": false
    },
    {
        "date": "2020-12-08T11:31:07.787Z",
        "value": "0.04841160774230957",
        "cumulative": false
    },
    {
        "date": "2020-12-08T11:31:09.894Z",
        "value": "0.05136418342590332",
        "cumulative": false
    },
    {
        "date": "2020-12-08T11:31:11.995Z",
        "value": "0.04724836349487305",
        "cumulative": false
    },
    {
        "date": "2020-12-08T11:31:14.231Z",
        "value": "0.04158449172973633",
        "cumulative": false
    },
    {
        "date": "2020-12-08T11:31:16.541Z",
        "value": "0.054816246032714844",
        "cumulative": false
    },
    {
        "date": "2020-12-08T11:31:18.736Z",
        "value": "0.06369376182556152",
        "cumulative": false
    },
    {
        "date": "2020-12-08T11:31:20.829Z",
        "value": "0.047300100326538086",
        "cumulative": false
    },
    {
        "date": "2020-12-08T11:31:22.954Z",
        "value": "0.04900169372558594",
        "cumulative": false
    },
    {
        "date": "2020-12-08T11:31:25.076Z",
        "value": "0.05300641059875488",
        "cumulative": false
    },
    {
        "date": "2020-12-08T11:31:27.187Z",
        "value": "0.0491633415222168",
        "cumulative": false
    },
    {
        "date": "2020-12-08T11:31:29.412Z",
        "value": "0.053194522857666016",
        "cumulative": false
    }
]