[
    {
        "date": "2020-12-08T11:30:53.419Z",
        "value": "10.9375",
        "cumulative": false
    },
    {
        "date": "2020-12-08T11:30:55.582Z",
        "value": "13.28125",
        "cumulative": false
    },
    {
        "date": "2020-12-08T11:30:57.753Z",
        "value": "36.71875",
        "cumulative": false
    },
    {
        "date": "2020-12-08T11:30:59.906Z",
        "value": "46.875",
        "cumulative": false
    },
    {
        "date": "2020-12-08T11:31:02.152Z",
        "value": "52.34375",
        "cumulative": false
    },
    {
        "date": "2020-12-08T11:31:04.232Z",
        "value": "58.59375",
        "cumulative": false
    },
    {
        "date": "2020-12-08T11:31:06.341Z",
        "value": "70.3125",
        "cumulative": false
    },
    {
        "date": "2020-12-08T11:31:08.488Z",
        "value": "62.5",
        "cumulative": false
    },
    {
        "date": "2020-12-08T11:31:10.590Z",
        "value": "70.3125",
        "cumulative": false
    },
    {
        "date": "2020-12-08T11:31:12.707Z",
        "value": "71.09375",
        "cumulative": false
    },
    {
        "date": "2020-12-08T11:31:14.963Z",
        "value": "71.875",
        "cumulative": false
    },
    {
        "date": "2020-12-08T11:31:17.261Z",
        "value": "78.90625",
        "cumulative": false
    },
    {
        "date": "2020-12-08T11:31:19.410Z",
        "value": "77.34375",
        "cumulative": false
    },
    {
        "date": "2020-12-08T11:31:21.522Z",
        "value": "87.5",
        "cumulative": false
    },
    {
        "date": "2020-12-08T11:31:23.638Z",
        "value": "81.25",
        "cumulative": false
    },
    {
        "date": "2020-12-08T11:31:25.781Z",
        "value": "75.0",
        "cumulative": false
    },
    {
        "date": "2020-12-08T11:31:27.908Z",
        "value": "78.90625",
        "cumulative": false
    }
]