[
    {
        "date": "2020-12-08T11:30:54.872Z",
        "value": "0.11905074119567871",
        "cumulative": false
    },
    {
        "date": "2020-12-08T11:30:57.081Z",
        "value": "0.16882586479187012",
        "cumulative": false
    },
    {
        "date": "2020-12-08T11:30:59.210Z",
        "value": "0.12225580215454102",
        "cumulative": false
    },
    {
        "date": "2020-12-08T11:31:01.400Z",
        "value": "0.12019729614257812",
        "cumulative": false
    },
    {
        "date": "2020-12-08T11:31:03.564Z",
        "value": "0.12976551055908203",
        "cumulative": false
    },
    {
        "date": "2020-12-08T11:31:05.686Z",
        "value": "0.12893152236938477",
        "cumulative": false
    },
    {
        "date": "2020-12-08T11:31:07.795Z",
        "value": "0.129655122756958",
        "cumulative": false
    },
    {
        "date": "2020-12-08T11:31:09.889Z",
        "value": "0.11901664733886719",
        "cumulative": false
    },
    {
        "date": "2020-12-08T11:31:11.999Z",
        "value": "0.14691686630249023",
        "cumulative": false
    },
    {
        "date": "2020-12-08T11:31:14.243Z",
        "value": "0.13082027435302734",
        "cumulative": false
    },
    {
        "date": "2020-12-08T11:31:16.544Z",
        "value": "0.11883974075317383",
        "cumulative": false
    },
    {
        "date": "2020-12-08T11:31:18.737Z",
        "value": "0.1606903076171875",
        "cumulative": false
    },
    {
        "date": "2020-12-08T11:31:20.833Z",
        "value": "0.12663555145263672",
        "cumulative": false
    },
    {
        "date": "2020-12-08T11:31:22.954Z",
        "value": "0.12930750846862793",
        "cumulative": false
    },
    {
        "date": "2020-12-08T11:31:25.090Z",
        "value": "0.12353873252868652",
        "cumulative": false
    },
    {
        "date": "2020-12-08T11:31:27.201Z",
        "value": "0.129730224609375",
        "cumulative": false
    },
    {
        "date": "2020-12-08T11:31:29.415Z",
        "value": "0.14377450942993164",
        "cumulative": false
    }
]