[
    {
        "date": "2020-12-08T11:30:54.871Z",
        "value": "0.0481257438659668",
        "cumulative": false
    },
    {
        "date": "2020-12-08T11:30:57.074Z",
        "value": "0.04961252212524414",
        "cumulative": false
    },
    {
        "date": "2020-12-08T11:30:59.200Z",
        "value": "0.04523921012878418",
        "cumulative": false
    },
    {
        "date": "2020-12-08T11:31:01.394Z",
        "value": "0.053415775299072266",
        "cumulative": false
    },
    {
        "date": "2020-12-08T11:31:03.562Z",
        "value": "0.047304630279541016",
        "cumulative": false
    },
    {
        "date": "2020-12-08T11:31:05.684Z",
        "value": "0.047646284103393555",
        "cumulative": false
    },
    {
        "date": "2020-12-08T11:31:07.793Z",
        "value": "0.048288583755493164",
        "cumulative": false
    },
    {
        "date": "2020-12-08T11:31:09.897Z",
        "value": "0.05625176429748535",
        "cumulative": false
    },
    {
        "date": "2020-12-08T11:31:12.002Z",
        "value": "0.049202919006347656",
        "cumulative": false
    },
    {
        "date": "2020-12-08T11:31:14.232Z",
        "value": "0.05022120475769043",
        "cumulative": false
    },
    {
        "date": "2020-12-08T11:31:16.538Z",
        "value": "0.04579424858093262",
        "cumulative": false
    },
    {
        "date": "2020-12-08T11:31:18.739Z",
        "value": "0.055819034576416016",
        "cumulative": false
    },
    {
        "date": "2020-12-08T11:31:20.829Z",
        "value": "0.05531501770019531",
        "cumulative": false
    },
    {
        "date": "2020-12-08T11:31:22.951Z",
        "value": "0.03921675682067871",
        "cumulative": false
    },
    {
        "date": "2020-12-08T11:31:25.078Z",
        "value": "0.048220157623291016",
        "cumulative": false
    },
    {
        "date": "2020-12-08T11:31:27.182Z",
        "value": "0.04791378974914551",
        "cumulative": false
    },
    {
        "date": "2020-12-08T11:31:29.418Z",
        "value": "0.049790382385253906",
        "cumulative": false
    }
]