[
    {
        "date": "2020-12-08T11:30:54.864Z",
        "value": "0.01553797721862793",
        "cumulative": false
    },
    {
        "date": "2020-12-08T11:30:57.078Z",
        "value": "0.013824462890625",
        "cumulative": false
    },
    {
        "date": "2020-12-08T11:30:59.202Z",
        "value": "0.014890432357788086",
        "cumulative": false
    },
    {
        "date": "2020-12-08T11:31:01.394Z",
        "value": "0.014796018600463867",
        "cumulative": false
    },
    {
        "date": "2020-12-08T11:31:03.561Z",
        "value": "0.013173580169677734",
        "cumulative": false
    },
    {
        "date": "2020-12-08T11:31:05.681Z",
        "value": "0.015584707260131836",
        "cumulative": false
    },
    {
        "date": "2020-12-08T11:31:07.789Z",
        "value": "0.013918876647949219",
        "cumulative": false
    },
    {
        "date": "2020-12-08T11:31:09.895Z",
        "value": "0.014225482940673828",
        "cumulative": false
    },
    {
        "date": "2020-12-08T11:31:12.002Z",
        "value": "0.014461517333984375",
        "cumulative": false
    },
    {
        "date": "2020-12-08T11:31:14.241Z",
        "value": "0.013787508010864258",
        "cumulative": false
    },
    {
        "date": "2020-12-08T11:31:16.538Z",
        "value": "0.01593637466430664",
        "cumulative": false
    },
    {
        "date": "2020-12-08T11:31:18.739Z",
        "value": "0.014080286026000977",
        "cumulative": false
    },
    {
        "date": "2020-12-08T11:31:20.824Z",
        "value": "0.01360177993774414",
        "cumulative": false
    },
    {
        "date": "2020-12-08T11:31:22.960Z",
        "value": "0.016657352447509766",
        "cumulative": false
    },
    {
        "date": "2020-12-08T11:31:25.079Z",
        "value": "0.013487100601196289",
        "cumulative": false
    },
    {
        "date": "2020-12-08T11:31:27.187Z",
        "value": "0.013510942459106445",
        "cumulative": false
    },
    {
        "date": "2020-12-08T11:31:29.410Z",
        "value": "0.01557612419128418",
        "cumulative": false
    }
]