[
    {
        "date": "2020-12-08T11:30:53.415Z",
        "value": "47.65625",
        "cumulative": false
    },
    {
        "date": "2020-12-08T11:30:55.571Z",
        "value": "82.03125",
        "cumulative": false
    },
    {
        "date": "2020-12-08T11:30:57.742Z",
        "value": "89.0625",
        "cumulative": false
    },
    {
        "date": "2020-12-08T11:30:59.888Z",
        "value": "92.1875",
        "cumulative": false
    },
    {
        "date": "2020-12-08T11:31:02.143Z",
        "value": "92.96875",
        "cumulative": false
    },
    {
        "date": "2020-12-08T11:31:04.223Z",
        "value": "96.09375",
        "cumulative": false
    },
    {
        "date": "2020-12-08T11:31:06.329Z",
        "value": "96.09375",
        "cumulative": false
    },
    {
        "date": "2020-12-08T11:31:08.478Z",
        "value": "96.09375",
        "cumulative": false
    },
    {
        "date": "2020-12-08T11:31:10.579Z",
        "value": "96.875",
        "cumulative": false
    },
    {
        "date": "2020-12-08T11:31:12.680Z",
        "value": "99.21875",
        "cumulative": false
    },
    {
        "date": "2020-12-08T11:31:14.947Z",
        "value": "98.4375",
        "cumulative": false
    },
    {
        "date": "2020-12-08T11:31:17.252Z",
        "value": "98.4375",
        "cumulative": false
    },
    {
        "date": "2020-12-08T11:31:19.400Z",
        "value": "97.65625",
        "cumulative": false
    },
    {
        "date": "2020-12-08T11:31:21.511Z",
        "value": "99.21875",
        "cumulative": false
    },
    {
        "date": "2020-12-08T11:31:23.627Z",
        "value": "100.0",
        "cumulative": false
    },
    {
        "date": "2020-12-08T11:31:25.765Z",
        "value": "98.4375",
        "cumulative": false
    },
    {
        "date": "2020-12-08T11:31:27.896Z",
        "value": "97.65625",
        "cumulative": false
    }
]