[
    {
        "date": "2020-12-08T11:30:54.869Z",
        "value": "0.01517629623413086",
        "cumulative": false
    },
    {
        "date": "2020-12-08T11:30:57.086Z",
        "value": "0.016915559768676758",
        "cumulative": false
    },
    {
        "date": "2020-12-08T11:30:59.211Z",
        "value": "0.017542362213134766",
        "cumulative": false
    },
    {
        "date": "2020-12-08T11:31:01.405Z",
        "value": "0.015263557434082031",
        "cumulative": false
    },
    {
        "date": "2020-12-08T11:31:03.563Z",
        "value": "0.016252756118774414",
        "cumulative": false
    },
    {
        "date": "2020-12-08T11:31:05.691Z",
        "value": "0.015028715133666992",
        "cumulative": false
    },
    {
        "date": "2020-12-08T11:31:07.804Z",
        "value": "0.020490407943725586",
        "cumulative": false
    },
    {
        "date": "2020-12-08T11:31:09.898Z",
        "value": "0.016180753707885742",
        "cumulative": false
    },
    {
        "date": "2020-12-08T11:31:12.004Z",
        "value": "0.01574397087097168",
        "cumulative": false
    },
    {
        "date": "2020-12-08T11:31:14.249Z",
        "value": "0.014737367630004883",
        "cumulative": false
    },
    {
        "date": "2020-12-08T11:31:16.542Z",
        "value": "0.016611099243164062",
        "cumulative": false
    },
    {
        "date": "2020-12-08T11:31:18.742Z",
        "value": "0.014013051986694336",
        "cumulative": false
    },
    {
        "date": "2020-12-08T11:31:20.849Z",
        "value": "0.016318798065185547",
        "cumulative": false
    },
    {
        "date": "2020-12-08T11:31:22.965Z",
        "value": "0.016222476959228516",
        "cumulative": false
    },
    {
        "date": "2020-12-08T11:31:25.081Z",
        "value": "0.017110824584960938",
        "cumulative": false
    },
    {
        "date": "2020-12-08T11:31:27.200Z",
        "value": "0.014503240585327148",
        "cumulative": false
    },
    {
        "date": "2020-12-08T11:31:29.420Z",
        "value": "0.013925790786743164",
        "cumulative": false
    }
]