[
    {
        "date": "2020-12-08T11:30:54.872Z",
        "value": "0.12483334541320801",
        "cumulative": false
    },
    {
        "date": "2020-12-08T11:30:57.086Z",
        "value": "0.14786648750305176",
        "cumulative": false
    },
    {
        "date": "2020-12-08T11:30:59.213Z",
        "value": "0.14731216430664062",
        "cumulative": false
    },
    {
        "date": "2020-12-08T11:31:01.402Z",
        "value": "0.14127516746520996",
        "cumulative": false
    },
    {
        "date": "2020-12-08T11:31:03.558Z",
        "value": "0.13854193687438965",
        "cumulative": false
    },
    {
        "date": "2020-12-08T11:31:05.699Z",
        "value": "0.1431865692138672",
        "cumulative": false
    },
    {
        "date": "2020-12-08T11:31:07.797Z",
        "value": "0.13948345184326172",
        "cumulative": false
    },
    {
        "date": "2020-12-08T11:31:09.893Z",
        "value": "0.14776396751403809",
        "cumulative": false
    },
    {
        "date": "2020-12-08T11:31:12.016Z",
        "value": "0.14172124862670898",
        "cumulative": false
    },
    {
        "date": "2020-12-08T11:31:14.243Z",
        "value": "0.12231636047363281",
        "cumulative": false
    },
    {
        "date": "2020-12-08T11:31:16.544Z",
        "value": "0.13273072242736816",
        "cumulative": false
    },
    {
        "date": "2020-12-08T11:31:18.738Z",
        "value": "0.1510157585144043",
        "cumulative": false
    },
    {
        "date": "2020-12-08T11:31:20.840Z",
        "value": "0.13498210906982422",
        "cumulative": false
    },
    {
        "date": "2020-12-08T11:31:22.968Z",
        "value": "0.13229060173034668",
        "cumulative": false
    },
    {
        "date": "2020-12-08T11:31:25.084Z",
        "value": "0.12281203269958496",
        "cumulative": false
    },
    {
        "date": "2020-12-08T11:31:27.205Z",
        "value": "0.1430683135986328",
        "cumulative": false
    },
    {
        "date": "2020-12-08T11:31:29.419Z",
        "value": "0.13278913497924805",
        "cumulative": false
    }
]