[
    {
        "date": "2020-12-08T11:30:53.431Z",
        "value": "5.46875",
        "cumulative": false
    },
    {
        "date": "2020-12-08T11:30:55.584Z",
        "value": "30.46875",
        "cumulative": false
    },
    {
        "date": "2020-12-08T11:30:57.758Z",
        "value": "42.1875",
        "cumulative": false
    },
    {
        "date": "2020-12-08T11:30:59.900Z",
        "value": "43.75",
        "cumulative": false
    },
    {
        "date": "2020-12-08T11:31:02.155Z",
        "value": "51.5625",
        "cumulative": false
    },
    {
        "date": "2020-12-08T11:31:04.238Z",
        "value": "60.15625",
        "cumulative": false
    },
    {
        "date": "2020-12-08T11:31:06.342Z",
        "value": "68.75",
        "cumulative": false
    },
    {
        "date": "2020-12-08T11:31:08.490Z",
        "value": "74.21875",
        "cumulative": false
    },
    {
        "date": "2020-12-08T11:31:10.592Z",
        "value": "77.34375",
        "cumulative": false
    },
    {
        "date": "2020-12-08T11:31:12.693Z",
        "value": "78.90625",
        "cumulative": false
    },
    {
        "date": "2020-12-08T11:31:14.956Z",
        "value": "75.78125",
        "cumulative": false
    },
    {
        "date": "2020-12-08T11:31:17.264Z",
        "value": "77.34375",
        "cumulative": false
    },
    {
        "date": "2020-12-08T11:31:19.413Z",
        "value": "83.59375",
        "cumulative": false
    },
    {
        "date": "2020-12-08T11:31:21.524Z",
        "value": "81.25",
        "cumulative": false
    },
    {
        "date": "2020-12-08T11:31:23.639Z",
        "value": "78.90625",
        "cumulative": false
    },
    {
        "date": "2020-12-08T11:31:25.779Z",
        "value": "81.25",
        "cumulative": false
    },
    {
        "date": "2020-12-08T11:31:27.908Z",
        "value": "75.78125",
        "cumulative": false
    }
]