[
    {
        "date": "2020-12-08T11:30:53.428Z",
        "value": "2.5517373085021973",
        "cumulative": false
    },
    {
        "date": "2020-12-08T11:30:55.584Z",
        "value": "2.0034079551696777",
        "cumulative": false
    },
    {
        "date": "2020-12-08T11:30:57.757Z",
        "value": "1.6275326013565063",
        "cumulative": false
    },
    {
        "date": "2020-12-08T11:30:59.900Z",
        "value": "1.4975744485855103",
        "cumulative": false
    },
    {
        "date": "2020-12-08T11:31:02.155Z",
        "value": "1.2887518405914307",
        "cumulative": false
    },
    {
        "date": "2020-12-08T11:31:04.238Z",
        "value": "1.0689103603363037",
        "cumulative": false
    },
    {
        "date": "2020-12-08T11:31:06.341Z",
        "value": "0.8733095526695251",
        "cumulative": false
    },
    {
        "date": "2020-12-08T11:31:08.490Z",
        "value": "0.754042387008667",
        "cumulative": false
    },
    {
        "date": "2020-12-08T11:31:10.592Z",
        "value": "0.6120902299880981",
        "cumulative": false
    },
    {
        "date": "2020-12-08T11:31:12.693Z",
        "value": "0.6488518714904785",
        "cumulative": false
    },
    {
        "date": "2020-12-08T11:31:14.955Z",
        "value": "0.6574580669403076",
        "cumulative": false
    },
    {
        "date": "2020-12-08T11:31:17.264Z",
        "value": "0.7358343601226807",
        "cumulative": false
    },
    {
        "date": "2020-12-08T11:31:19.413Z",
        "value": "0.5814458727836609",
        "cumulative": false
    },
    {
        "date": "2020-12-08T11:31:21.524Z",
        "value": "0.501326858997345",
        "cumulative": false
    },
    {
        "date": "2020-12-08T11:31:23.639Z",
        "value": "0.6210001111030579",
        "cumulative": false
    },
    {
        "date": "2020-12-08T11:31:25.778Z",
        "value": "0.5942382216453552",
        "cumulative": false
    },
    {
        "date": "2020-12-08T11:31:27.908Z",
        "value": "0.6686723828315735",
        "cumulative": false
    }
]