[
    {
        "date": "2020-12-08T11:30:53.417Z",
        "value": "55.46875",
        "cumulative": false
    },
    {
        "date": "2020-12-08T11:30:55.573Z",
        "value": "83.59375",
        "cumulative": false
    },
    {
        "date": "2020-12-08T11:30:57.750Z",
        "value": "89.84375",
        "cumulative": false
    },
    {
        "date": "2020-12-08T11:30:59.890Z",
        "value": "94.53125",
        "cumulative": false
    },
    {
        "date": "2020-12-08T11:31:02.144Z",
        "value": "91.40625",
        "cumulative": false
    },
    {
        "date": "2020-12-08T11:31:04.223Z",
        "value": "96.09375",
        "cumulative": false
    },
    {
        "date": "2020-12-08T11:31:06.333Z",
        "value": "99.21875",
        "cumulative": false
    },
    {
        "date": "2020-12-08T11:31:08.487Z",
        "value": "95.3125",
        "cumulative": false
    },
    {
        "date": "2020-12-08T11:31:10.582Z",
        "value": "99.21875",
        "cumulative": false
    },
    {
        "date": "2020-12-08T11:31:12.685Z",
        "value": "97.65625",
        "cumulative": false
    },
    {
        "date": "2020-12-08T11:31:14.949Z",
        "value": "100.0",
        "cumulative": false
    },
    {
        "date": "2020-12-08T11:31:17.254Z",
        "value": "98.4375",
        "cumulative": false
    },
    {
        "date": "2020-12-08T11:31:19.401Z",
        "value": "98.4375",
        "cumulative": false
    },
    {
        "date": "2020-12-08T11:31:21.514Z",
        "value": "100.0",
        "cumulative": false
    },
    {
        "date": "2020-12-08T11:31:23.628Z",
        "value": "98.4375",
        "cumulative": false
    },
    {
        "date": "2020-12-08T11:31:25.769Z",
        "value": "100.0",
        "cumulative": false
    },
    {
        "date": "2020-12-08T11:31:27.897Z",
        "value": "100.0",
        "cumulative": false
    }
]