[
    {
        "date": "2020-12-08T11:30:54.871Z",
        "value": "0.0043447017669677734",
        "cumulative": false
    },
    {
        "date": "2020-12-08T11:30:57.074Z",
        "value": "0.003875732421875",
        "cumulative": false
    },
    {
        "date": "2020-12-08T11:30:59.200Z",
        "value": "0.004137277603149414",
        "cumulative": false
    },
    {
        "date": "2020-12-08T11:31:01.394Z",
        "value": "0.0043947696685791016",
        "cumulative": false
    },
    {
        "date": "2020-12-08T11:31:03.562Z",
        "value": "0.003926753997802734",
        "cumulative": false
    },
    {
        "date": "2020-12-08T11:31:05.684Z",
        "value": "0.004229307174682617",
        "cumulative": false
    },
    {
        "date": "2020-12-08T11:31:07.793Z",
        "value": "0.004099130630493164",
        "cumulative": false
    },
    {
        "date": "2020-12-08T11:31:09.897Z",
        "value": "0.0045735836029052734",
        "cumulative": false
    },
    {
        "date": "2020-12-08T11:31:12.002Z",
        "value": "0.004159212112426758",
        "cumulative": false
    },
    {
        "date": "2020-12-08T11:31:14.232Z",
        "value": "0.004406452178955078",
        "cumulative": false
    },
    {
        "date": "2020-12-08T11:31:16.538Z",
        "value": "0.004218578338623047",
        "cumulative": false
    },
    {
        "date": "2020-12-08T11:31:18.739Z",
        "value": "0.0047872066497802734",
        "cumulative": false
    },
    {
        "date": "2020-12-08T11:31:20.829Z",
        "value": "0.004147052764892578",
        "cumulative": false
    },
    {
        "date": "2020-12-08T11:31:22.951Z",
        "value": "0.0038292407989501953",
        "cumulative": false
    },
    {
        "date": "2020-12-08T11:31:25.078Z",
        "value": "0.003797292709350586",
        "cumulative": false
    },
    {
        "date": "2020-12-08T11:31:27.182Z",
        "value": "0.00460505485534668",
        "cumulative": false
    },
    {
        "date": "2020-12-08T11:31:29.418Z",
        "value": "0.004192352294921875",
        "cumulative": false
    }
]