[
    {
        "date": "2020-12-08T11:30:53.420Z",
        "value": "48.4375",
        "cumulative": false
    },
    {
        "date": "2020-12-08T11:30:55.582Z",
        "value": "77.34375",
        "cumulative": false
    },
    {
        "date": "2020-12-08T11:30:57.753Z",
        "value": "89.84375",
        "cumulative": false
    },
    {
        "date": "2020-12-08T11:30:59.906Z",
        "value": "89.84375",
        "cumulative": false
    },
    {
        "date": "2020-12-08T11:31:02.152Z",
        "value": "93.75",
        "cumulative": false
    },
    {
        "date": "2020-12-08T11:31:04.232Z",
        "value": "95.3125",
        "cumulative": false
    },
    {
        "date": "2020-12-08T11:31:06.341Z",
        "value": "94.53125",
        "cumulative": false
    },
    {
        "date": "2020-12-08T11:31:08.488Z",
        "value": "100.0",
        "cumulative": false
    },
    {
        "date": "2020-12-08T11:31:10.590Z",
        "value": "99.21875",
        "cumulative": false
    },
    {
        "date": "2020-12-08T11:31:12.707Z",
        "value": "97.65625",
        "cumulative": false
    },
    {
        "date": "2020-12-08T11:31:14.963Z",
        "value": "98.4375",
        "cumulative": false
    },
    {
        "date": "2020-12-08T11:31:17.261Z",
        "value": "99.21875",
        "cumulative": false
    },
    {
        "date": "2020-12-08T11:31:19.410Z",
        "value": "99.21875",
        "cumulative": false
    },
    {
        "date": "2020-12-08T11:31:21.522Z",
        "value": "100.0",
        "cumulative": false
    },
    {
        "date": "2020-12-08T11:31:23.638Z",
        "value": "100.0",
        "cumulative": false
    },
    {
        "date": "2020-12-08T11:31:25.781Z",
        "value": "100.0",
        "cumulative": false
    },
    {
        "date": "2020-12-08T11:31:27.908Z",
        "value": "97.65625",
        "cumulative": false
    }
]