[
    {
        "date": "2020-12-08T11:30:54.866Z",
        "value": "0.0703890323638916",
        "cumulative": false
    },
    {
        "date": "2020-12-08T11:30:57.098Z",
        "value": "0.06048250198364258",
        "cumulative": false
    },
    {
        "date": "2020-12-08T11:30:59.205Z",
        "value": "0.07060790061950684",
        "cumulative": false
    },
    {
        "date": "2020-12-08T11:31:01.400Z",
        "value": "0.06844687461853027",
        "cumulative": false
    },
    {
        "date": "2020-12-08T11:31:03.556Z",
        "value": "0.0608980655670166",
        "cumulative": false
    },
    {
        "date": "2020-12-08T11:31:05.686Z",
        "value": "0.059574127197265625",
        "cumulative": false
    },
    {
        "date": "2020-12-08T11:31:07.792Z",
        "value": "0.05029606819152832",
        "cumulative": false
    },
    {
        "date": "2020-12-08T11:31:09.888Z",
        "value": "0.05716967582702637",
        "cumulative": false
    },
    {
        "date": "2020-12-08T11:31:12.003Z",
        "value": "0.0636599063873291",
        "cumulative": false
    },
    {
        "date": "2020-12-08T11:31:14.242Z",
        "value": "0.053154706954956055",
        "cumulative": false
    },
    {
        "date": "2020-12-08T11:31:16.538Z",
        "value": "0.054316043853759766",
        "cumulative": false
    },
    {
        "date": "2020-12-08T11:31:18.747Z",
        "value": "0.06199502944946289",
        "cumulative": false
    },
    {
        "date": "2020-12-08T11:31:20.833Z",
        "value": "0.05813932418823242",
        "cumulative": false
    },
    {
        "date": "2020-12-08T11:31:22.956Z",
        "value": "0.07287859916687012",
        "cumulative": false
    },
    {
        "date": "2020-12-08T11:31:25.083Z",
        "value": "0.06385660171508789",
        "cumulative": false
    },
    {
        "date": "2020-12-08T11:31:27.188Z",
        "value": "0.06644392013549805",
        "cumulative": false
    },
    {
        "date": "2020-12-08T11:31:29.411Z",
        "value": "0.05284881591796875",
        "cumulative": false
    }
]