[
    {
        "date": "2020-12-08T11:30:53.420Z",
        "value": "10.15625",
        "cumulative": false
    },
    {
        "date": "2020-12-08T11:30:55.578Z",
        "value": "18.75",
        "cumulative": false
    },
    {
        "date": "2020-12-08T11:30:57.748Z",
        "value": "44.53125",
        "cumulative": false
    },
    {
        "date": "2020-12-08T11:30:59.894Z",
        "value": "42.96875",
        "cumulative": false
    },
    {
        "date": "2020-12-08T11:31:02.148Z",
        "value": "50.78125",
        "cumulative": false
    },
    {
        "date": "2020-12-08T11:31:04.228Z",
        "value": "59.375",
        "cumulative": false
    },
    {
        "date": "2020-12-08T11:31:06.335Z",
        "value": "64.84375",
        "cumulative": false
    },
    {
        "date": "2020-12-08T11:31:08.484Z",
        "value": "71.09375",
        "cumulative": false
    },
    {
        "date": "2020-12-08T11:31:10.585Z",
        "value": "67.1875",
        "cumulative": false
    },
    {
        "date": "2020-12-08T11:31:12.686Z",
        "value": "78.125",
        "cumulative": false
    },
    {
        "date": "2020-12-08T11:31:14.948Z",
        "value": "78.125",
        "cumulative": false
    },
    {
        "date": "2020-12-08T11:31:17.258Z",
        "value": "73.4375",
        "cumulative": false
    },
    {
        "date": "2020-12-08T11:31:19.407Z",
        "value": "78.125",
        "cumulative": false
    },
    {
        "date": "2020-12-08T11:31:21.518Z",
        "value": "76.5625",
        "cumulative": false
    },
    {
        "date": "2020-12-08T11:31:23.633Z",
        "value": "82.8125",
        "cumulative": false
    },
    {
        "date": "2020-12-08T11:31:25.765Z",
        "value": "82.03125",
        "cumulative": false
    },
    {
        "date": "2020-12-08T11:31:27.901Z",
        "value": "84.375",
        "cumulative": false
    }
]