[
    {
        "date": "2020-12-08T11:30:54.867Z",
        "value": "0.005426168441772461",
        "cumulative": false
    },
    {
        "date": "2020-12-08T11:30:57.086Z",
        "value": "0.005351066589355469",
        "cumulative": false
    },
    {
        "date": "2020-12-08T11:30:59.208Z",
        "value": "0.0047414302825927734",
        "cumulative": false
    },
    {
        "date": "2020-12-08T11:31:01.398Z",
        "value": "0.005444049835205078",
        "cumulative": false
    },
    {
        "date": "2020-12-08T11:31:03.555Z",
        "value": "0.0050046443939208984",
        "cumulative": false
    },
    {
        "date": "2020-12-08T11:31:05.688Z",
        "value": "0.005421161651611328",
        "cumulative": false
    },
    {
        "date": "2020-12-08T11:31:07.792Z",
        "value": "0.006334066390991211",
        "cumulative": false
    },
    {
        "date": "2020-12-08T11:31:09.887Z",
        "value": "0.005362510681152344",
        "cumulative": false
    },
    {
        "date": "2020-12-08T11:31:11.999Z",
        "value": "0.00507664680480957",
        "cumulative": false
    },
    {
        "date": "2020-12-08T11:31:14.237Z",
        "value": "0.005198001861572266",
        "cumulative": false
    },
    {
        "date": "2020-12-08T11:31:16.538Z",
        "value": "0.005163669586181641",
        "cumulative": false
    },
    {
        "date": "2020-12-08T11:31:18.733Z",
        "value": "0.005466938018798828",
        "cumulative": false
    },
    {
        "date": "2020-12-08T11:31:20.843Z",
        "value": "0.005084991455078125",
        "cumulative": false
    },
    {
        "date": "2020-12-08T11:31:22.969Z",
        "value": "0.005182981491088867",
        "cumulative": false
    },
    {
        "date": "2020-12-08T11:31:25.078Z",
        "value": "0.005055665969848633",
        "cumulative": false
    },
    {
        "date": "2020-12-08T11:31:27.189Z",
        "value": "0.005126476287841797",
        "cumulative": false
    },
    {
        "date": "2020-12-08T11:31:29.413Z",
        "value": "0.005586862564086914",
        "cumulative": false
    }
]