[
    {
        "date": "2020-12-08T11:30:54.868Z",
        "value": "0.12767314910888672",
        "cumulative": false
    },
    {
        "date": "2020-12-08T11:30:57.079Z",
        "value": "0.1327054500579834",
        "cumulative": false
    },
    {
        "date": "2020-12-08T11:30:59.215Z",
        "value": "0.1521000862121582",
        "cumulative": false
    },
    {
        "date": "2020-12-08T11:31:01.403Z",
        "value": "0.13390827178955078",
        "cumulative": false
    },
    {
        "date": "2020-12-08T11:31:03.563Z",
        "value": "0.11883807182312012",
        "cumulative": false
    },
    {
        "date": "2020-12-08T11:31:05.685Z",
        "value": "0.12742376327514648",
        "cumulative": false
    },
    {
        "date": "2020-12-08T11:31:07.794Z",
        "value": "0.13680553436279297",
        "cumulative": false
    },
    {
        "date": "2020-12-08T11:31:09.890Z",
        "value": "0.14238691329956055",
        "cumulative": false
    },
    {
        "date": "2020-12-08T11:31:12.006Z",
        "value": "0.11900711059570312",
        "cumulative": false
    },
    {
        "date": "2020-12-08T11:31:14.242Z",
        "value": "0.1344146728515625",
        "cumulative": false
    },
    {
        "date": "2020-12-08T11:31:16.538Z",
        "value": "0.1616365909576416",
        "cumulative": false
    },
    {
        "date": "2020-12-08T11:31:18.742Z",
        "value": "0.14433622360229492",
        "cumulative": false
    },
    {
        "date": "2020-12-08T11:31:20.838Z",
        "value": "0.14608526229858398",
        "cumulative": false
    },
    {
        "date": "2020-12-08T11:31:22.961Z",
        "value": "0.14072871208190918",
        "cumulative": false
    },
    {
        "date": "2020-12-08T11:31:25.077Z",
        "value": "0.13195586204528809",
        "cumulative": false
    },
    {
        "date": "2020-12-08T11:31:27.190Z",
        "value": "0.13828444480895996",
        "cumulative": false
    },
    {
        "date": "2020-12-08T11:31:29.420Z",
        "value": "0.13570308685302734",
        "cumulative": false
    }
]