[
    {
        "date": "2020-12-08T11:30:54.884Z",
        "value": "0.12926268577575684",
        "cumulative": false
    },
    {
        "date": "2020-12-08T11:30:57.103Z",
        "value": "0.13128256797790527",
        "cumulative": false
    },
    {
        "date": "2020-12-08T11:30:59.229Z",
        "value": "0.1265549659729004",
        "cumulative": false
    },
    {
        "date": "2020-12-08T11:31:01.409Z",
        "value": "0.12041020393371582",
        "cumulative": false
    },
    {
        "date": "2020-12-08T11:31:03.567Z",
        "value": "0.1379995346069336",
        "cumulative": false
    },
    {
        "date": "2020-12-08T11:31:05.694Z",
        "value": "0.12481331825256348",
        "cumulative": false
    },
    {
        "date": "2020-12-08T11:31:07.803Z",
        "value": "0.1268751621246338",
        "cumulative": false
    },
    {
        "date": "2020-12-08T11:31:09.898Z",
        "value": "0.13912749290466309",
        "cumulative": false
    },
    {
        "date": "2020-12-08T11:31:12.024Z",
        "value": "0.13957643508911133",
        "cumulative": false
    },
    {
        "date": "2020-12-08T11:31:14.253Z",
        "value": "0.12747788429260254",
        "cumulative": false
    },
    {
        "date": "2020-12-08T11:31:16.548Z",
        "value": "0.11592268943786621",
        "cumulative": false
    },
    {
        "date": "2020-12-08T11:31:18.747Z",
        "value": "0.12626266479492188",
        "cumulative": false
    },
    {
        "date": "2020-12-08T11:31:20.843Z",
        "value": "0.13610482215881348",
        "cumulative": false
    },
    {
        "date": "2020-12-08T11:31:22.964Z",
        "value": "0.14333653450012207",
        "cumulative": false
    },
    {
        "date": "2020-12-08T11:31:25.086Z",
        "value": "0.1379833221435547",
        "cumulative": false
    },
    {
        "date": "2020-12-08T11:31:27.200Z",
        "value": "0.1452028751373291",
        "cumulative": false
    },
    {
        "date": "2020-12-08T11:31:29.429Z",
        "value": "0.12683820724487305",
        "cumulative": false
    }
]