[
    {
        "date": "2020-12-08T11:30:54.867Z",
        "value": "4.585810899734497",
        "cumulative": false
    },
    {
        "date": "2020-12-08T11:30:57.086Z",
        "value": "0.18787217140197754",
        "cumulative": false
    },
    {
        "date": "2020-12-08T11:30:59.208Z",
        "value": "0.16966772079467773",
        "cumulative": false
    },
    {
        "date": "2020-12-08T11:31:01.398Z",
        "value": "0.19572997093200684",
        "cumulative": false
    },
    {
        "date": "2020-12-08T11:31:03.555Z",
        "value": "0.19870901107788086",
        "cumulative": false
    },
    {
        "date": "2020-12-08T11:31:05.688Z",
        "value": "0.17688989639282227",
        "cumulative": false
    },
    {
        "date": "2020-12-08T11:31:07.792Z",
        "value": "0.19617819786071777",
        "cumulative": false
    },
    {
        "date": "2020-12-08T11:31:09.887Z",
        "value": "0.1875441074371338",
        "cumulative": false
    },
    {
        "date": "2020-12-08T11:31:11.999Z",
        "value": "0.15528249740600586",
        "cumulative": false
    },
    {
        "date": "2020-12-08T11:31:14.237Z",
        "value": "0.17563867568969727",
        "cumulative": false
    },
    {
        "date": "2020-12-08T11:31:16.538Z",
        "value": "0.17438912391662598",
        "cumulative": false
    },
    {
        "date": "2020-12-08T11:31:18.733Z",
        "value": "0.17670345306396484",
        "cumulative": false
    },
    {
        "date": "2020-12-08T11:31:20.843Z",
        "value": "0.17809629440307617",
        "cumulative": false
    },
    {
        "date": "2020-12-08T11:31:22.969Z",
        "value": "0.19974184036254883",
        "cumulative": false
    },
    {
        "date": "2020-12-08T11:31:25.078Z",
        "value": "0.17019867897033691",
        "cumulative": false
    },
    {
        "date": "2020-12-08T11:31:27.189Z",
        "value": "0.18366694450378418",
        "cumulative": false
    },
    {
        "date": "2020-12-08T11:31:29.413Z",
        "value": "0.2045583724975586",
        "cumulative": false
    }
]