[
    {
        "date": "2020-12-08T11:30:54.872Z",
        "value": "3.056450843811035",
        "cumulative": false
    },
    {
        "date": "2020-12-08T11:30:57.086Z",
        "value": "1.0361740589141846",
        "cumulative": false
    },
    {
        "date": "2020-12-08T11:30:59.213Z",
        "value": "0.9490315914154053",
        "cumulative": false
    },
    {
        "date": "2020-12-08T11:31:01.402Z",
        "value": "1.0298690795898438",
        "cumulative": false
    },
    {
        "date": "2020-12-08T11:31:03.558Z",
        "value": "0.9851198196411133",
        "cumulative": false
    },
    {
        "date": "2020-12-08T11:31:05.699Z",
        "value": "0.935356616973877",
        "cumulative": false
    },
    {
        "date": "2020-12-08T11:31:07.797Z",
        "value": "0.9486839771270752",
        "cumulative": false
    },
    {
        "date": "2020-12-08T11:31:09.893Z",
        "value": "0.851815938949585",
        "cumulative": false
    },
    {
        "date": "2020-12-08T11:31:12.016Z",
        "value": "0.932204008102417",
        "cumulative": false
    },
    {
        "date": "2020-12-08T11:31:14.243Z",
        "value": "1.1232173442840576",
        "cumulative": false
    },
    {
        "date": "2020-12-08T11:31:16.544Z",
        "value": "1.0952785015106201",
        "cumulative": false
    },
    {
        "date": "2020-12-08T11:31:18.738Z",
        "value": "0.9915528297424316",
        "cumulative": false
    },
    {
        "date": "2020-12-08T11:31:20.840Z",
        "value": "0.8927526473999023",
        "cumulative": false
    },
    {
        "date": "2020-12-08T11:31:22.968Z",
        "value": "0.9718906879425049",
        "cumulative": false
    },
    {
        "date": "2020-12-08T11:31:25.084Z",
        "value": "0.9636991024017334",
        "cumulative": false
    },
    {
        "date": "2020-12-08T11:31:27.205Z",
        "value": "0.9461507797241211",
        "cumulative": false
    },
    {
        "date": "2020-12-08T11:31:29.419Z",
        "value": "1.0123612880706787",
        "cumulative": false
    }
]