[
    {
        "date": "2020-12-08T11:30:53.426Z",
        "value": "41.40625",
        "cumulative": false
    },
    {
        "date": "2020-12-08T11:30:55.583Z",
        "value": "82.8125",
        "cumulative": false
    },
    {
        "date": "2020-12-08T11:30:57.757Z",
        "value": "91.40625",
        "cumulative": false
    },
    {
        "date": "2020-12-08T11:30:59.899Z",
        "value": "92.96875",
        "cumulative": false
    },
    {
        "date": "2020-12-08T11:31:02.153Z",
        "value": "93.75",
        "cumulative": false
    },
    {
        "date": "2020-12-08T11:31:04.233Z",
        "value": "95.3125",
        "cumulative": false
    },
    {
        "date": "2020-12-08T11:31:06.342Z",
        "value": "97.65625",
        "cumulative": false
    },
    {
        "date": "2020-12-08T11:31:08.490Z",
        "value": "97.65625",
        "cumulative": false
    },
    {
        "date": "2020-12-08T11:31:10.590Z",
        "value": "97.65625",
        "cumulative": false
    },
    {
        "date": "2020-12-08T11:31:12.691Z",
        "value": "99.21875",
        "cumulative": false
    },
    {
        "date": "2020-12-08T11:31:14.954Z",
        "value": "97.65625",
        "cumulative": false
    },
    {
        "date": "2020-12-08T11:31:17.263Z",
        "value": "100.0",
        "cumulative": false
    },
    {
        "date": "2020-12-08T11:31:19.411Z",
        "value": "99.21875",
        "cumulative": false
    },
    {
        "date": "2020-12-08T11:31:21.522Z",
        "value": "100.0",
        "cumulative": false
    },
    {
        "date": "2020-12-08T11:31:23.638Z",
        "value": "98.4375",
        "cumulative": false
    },
    {
        "date": "2020-12-08T11:31:25.777Z",
        "value": "98.4375",
        "cumulative": false
    },
    {
        "date": "2020-12-08T11:31:27.907Z",
        "value": "98.4375",
        "cumulative": false
    }
]