[
    {
        "date": "2020-12-08T11:30:54.869Z",
        "value": "3.1158196926116943",
        "cumulative": false
    },
    {
        "date": "2020-12-08T11:30:57.086Z",
        "value": "1.0936214923858643",
        "cumulative": false
    },
    {
        "date": "2020-12-08T11:30:59.211Z",
        "value": "0.9858672618865967",
        "cumulative": false
    },
    {
        "date": "2020-12-08T11:31:01.405Z",
        "value": "1.0787298679351807",
        "cumulative": false
    },
    {
        "date": "2020-12-08T11:31:03.563Z",
        "value": "1.0122315883636475",
        "cumulative": false
    },
    {
        "date": "2020-12-08T11:31:05.691Z",
        "value": "1.0293116569519043",
        "cumulative": false
    },
    {
        "date": "2020-12-08T11:31:07.804Z",
        "value": "0.9693343639373779",
        "cumulative": false
    },
    {
        "date": "2020-12-08T11:31:09.898Z",
        "value": "0.964301347732544",
        "cumulative": false
    },
    {
        "date": "2020-12-08T11:31:12.004Z",
        "value": "1.0092167854309082",
        "cumulative": false
    },
    {
        "date": "2020-12-08T11:31:14.249Z",
        "value": "1.1472539901733398",
        "cumulative": false
    },
    {
        "date": "2020-12-08T11:31:16.542Z",
        "value": "1.154059886932373",
        "cumulative": false
    },
    {
        "date": "2020-12-08T11:31:18.742Z",
        "value": "1.1455893516540527",
        "cumulative": false
    },
    {
        "date": "2020-12-08T11:31:20.849Z",
        "value": "0.9192976951599121",
        "cumulative": false
    },
    {
        "date": "2020-12-08T11:31:22.965Z",
        "value": "0.97922682762146",
        "cumulative": false
    },
    {
        "date": "2020-12-08T11:31:25.081Z",
        "value": "0.9930033683776855",
        "cumulative": false
    },
    {
        "date": "2020-12-08T11:31:27.200Z",
        "value": "1.0440714359283447",
        "cumulative": false
    },
    {
        "date": "2020-12-08T11:31:29.420Z",
        "value": "1.112309455871582",
        "cumulative": false
    }
]