[
    {
        "date": "2020-12-08T11:30:53.423Z",
        "value": "51.5625",
        "cumulative": false
    },
    {
        "date": "2020-12-08T11:30:55.580Z",
        "value": "85.15625",
        "cumulative": false
    },
    {
        "date": "2020-12-08T11:30:57.752Z",
        "value": "85.9375",
        "cumulative": false
    },
    {
        "date": "2020-12-08T11:30:59.898Z",
        "value": "92.1875",
        "cumulative": false
    },
    {
        "date": "2020-12-08T11:31:02.150Z",
        "value": "94.53125",
        "cumulative": false
    },
    {
        "date": "2020-12-08T11:31:04.229Z",
        "value": "94.53125",
        "cumulative": false
    },
    {
        "date": "2020-12-08T11:31:06.337Z",
        "value": "98.4375",
        "cumulative": false
    },
    {
        "date": "2020-12-08T11:31:08.486Z",
        "value": "97.65625",
        "cumulative": false
    },
    {
        "date": "2020-12-08T11:31:10.587Z",
        "value": "98.4375",
        "cumulative": false
    },
    {
        "date": "2020-12-08T11:31:12.690Z",
        "value": "97.65625",
        "cumulative": false
    },
    {
        "date": "2020-12-08T11:31:14.950Z",
        "value": "100.0",
        "cumulative": false
    },
    {
        "date": "2020-12-08T11:31:17.260Z",
        "value": "100.0",
        "cumulative": false
    },
    {
        "date": "2020-12-08T11:31:19.408Z",
        "value": "98.4375",
        "cumulative": false
    },
    {
        "date": "2020-12-08T11:31:21.520Z",
        "value": "99.21875",
        "cumulative": false
    },
    {
        "date": "2020-12-08T11:31:23.635Z",
        "value": "100.0",
        "cumulative": false
    },
    {
        "date": "2020-12-08T11:31:25.775Z",
        "value": "99.21875",
        "cumulative": false
    },
    {
        "date": "2020-12-08T11:31:27.903Z",
        "value": "99.21875",
        "cumulative": false
    }
]