[
    {
        "date": "2020-12-08T11:30:53.416Z",
        "value": "50.78125",
        "cumulative": false
    },
    {
        "date": "2020-12-08T11:30:55.572Z",
        "value": "78.125",
        "cumulative": false
    },
    {
        "date": "2020-12-08T11:30:57.743Z",
        "value": "86.71875",
        "cumulative": false
    },
    {
        "date": "2020-12-08T11:30:59.889Z",
        "value": "90.625",
        "cumulative": false
    },
    {
        "date": "2020-12-08T11:31:02.143Z",
        "value": "92.96875",
        "cumulative": false
    },
    {
        "date": "2020-12-08T11:31:04.223Z",
        "value": "95.3125",
        "cumulative": false
    },
    {
        "date": "2020-12-08T11:31:06.333Z",
        "value": "96.875",
        "cumulative": false
    },
    {
        "date": "2020-12-08T11:31:08.479Z",
        "value": "99.21875",
        "cumulative": false
    },
    {
        "date": "2020-12-08T11:31:10.580Z",
        "value": "98.4375",
        "cumulative": false
    },
    {
        "date": "2020-12-08T11:31:12.681Z",
        "value": "98.4375",
        "cumulative": false
    },
    {
        "date": "2020-12-08T11:31:14.945Z",
        "value": "97.65625",
        "cumulative": false
    },
    {
        "date": "2020-12-08T11:31:17.253Z",
        "value": "100.0",
        "cumulative": false
    },
    {
        "date": "2020-12-08T11:31:19.404Z",
        "value": "99.21875",
        "cumulative": false
    },
    {
        "date": "2020-12-08T11:31:21.512Z",
        "value": "99.21875",
        "cumulative": false
    },
    {
        "date": "2020-12-08T11:31:23.629Z",
        "value": "100.0",
        "cumulative": false
    },
    {
        "date": "2020-12-08T11:31:25.761Z",
        "value": "99.21875",
        "cumulative": false
    },
    {
        "date": "2020-12-08T11:31:27.897Z",
        "value": "99.21875",
        "cumulative": false
    }
]