[
    {
        "date": "2020-12-08T11:30:53.413Z",
        "value": "2.463191270828247",
        "cumulative": false
    },
    {
        "date": "2020-12-08T11:30:55.572Z",
        "value": "1.988660454750061",
        "cumulative": false
    },
    {
        "date": "2020-12-08T11:30:57.743Z",
        "value": "1.6353092193603516",
        "cumulative": false
    },
    {
        "date": "2020-12-08T11:30:59.889Z",
        "value": "1.5257803201675415",
        "cumulative": false
    },
    {
        "date": "2020-12-08T11:31:02.143Z",
        "value": "1.3350410461425781",
        "cumulative": false
    },
    {
        "date": "2020-12-08T11:31:04.223Z",
        "value": "1.1812186241149902",
        "cumulative": false
    },
    {
        "date": "2020-12-08T11:31:06.332Z",
        "value": "0.8835847973823547",
        "cumulative": false
    },
    {
        "date": "2020-12-08T11:31:08.479Z",
        "value": "1.0656309127807617",
        "cumulative": false
    },
    {
        "date": "2020-12-08T11:31:10.580Z",
        "value": "0.8020436763763428",
        "cumulative": false
    },
    {
        "date": "2020-12-08T11:31:12.681Z",
        "value": "0.7591201066970825",
        "cumulative": false
    },
    {
        "date": "2020-12-08T11:31:14.945Z",
        "value": "0.6936836838722229",
        "cumulative": false
    },
    {
        "date": "2020-12-08T11:31:17.253Z",
        "value": "0.5669087171554565",
        "cumulative": false
    },
    {
        "date": "2020-12-08T11:31:19.404Z",
        "value": "0.5691093802452087",
        "cumulative": false
    },
    {
        "date": "2020-12-08T11:31:21.512Z",
        "value": "0.568183958530426",
        "cumulative": false
    },
    {
        "date": "2020-12-08T11:31:23.629Z",
        "value": "0.5801608562469482",
        "cumulative": false
    },
    {
        "date": "2020-12-08T11:31:25.761Z",
        "value": "0.4166239798069",
        "cumulative": false
    },
    {
        "date": "2020-12-08T11:31:27.897Z",
        "value": "0.5356740355491638",
        "cumulative": false
    }
]