[
    {
        "date": "2020-12-08T11:30:54.888Z",
        "value": "5.8738226890563965",
        "cumulative": false
    },
    {
        "date": "2020-12-08T11:30:57.106Z",
        "value": "1.5192971229553223",
        "cumulative": false
    },
    {
        "date": "2020-12-08T11:30:59.237Z",
        "value": "1.4623942375183105",
        "cumulative": false
    },
    {
        "date": "2020-12-08T11:31:01.421Z",
        "value": "1.4924430847167969",
        "cumulative": false
    },
    {
        "date": "2020-12-08T11:31:03.587Z",
        "value": "1.4156899452209473",
        "cumulative": false
    },
    {
        "date": "2020-12-08T11:31:05.700Z",
        "value": "1.450443983078003",
        "cumulative": false
    },
    {
        "date": "2020-12-08T11:31:07.818Z",
        "value": "1.4645121097564697",
        "cumulative": false
    },
    {
        "date": "2020-12-08T11:31:09.913Z",
        "value": "1.4094510078430176",
        "cumulative": false
    },
    {
        "date": "2020-12-08T11:31:12.030Z",
        "value": "1.4194071292877197",
        "cumulative": false
    },
    {
        "date": "2020-12-08T11:31:14.259Z",
        "value": "1.5484733581542969",
        "cumulative": false
    },
    {
        "date": "2020-12-08T11:31:16.565Z",
        "value": "1.581941843032837",
        "cumulative": false
    },
    {
        "date": "2020-12-08T11:31:18.756Z",
        "value": "1.4941210746765137",
        "cumulative": false
    },
    {
        "date": "2020-12-08T11:31:20.862Z",
        "value": "1.429530143737793",
        "cumulative": false
    },
    {
        "date": "2020-12-08T11:31:22.986Z",
        "value": "1.4526677131652832",
        "cumulative": false
    },
    {
        "date": "2020-12-08T11:31:25.107Z",
        "value": "1.4523825645446777",
        "cumulative": false
    },
    {
        "date": "2020-12-08T11:31:27.218Z",
        "value": "1.4297614097595215",
        "cumulative": false
    },
    {
        "date": "2020-12-08T11:31:29.446Z",
        "value": "1.5153510570526123",
        "cumulative": false
    }
]