[
    {
        "date": "2020-12-08T11:30:54.869Z",
        "value": "8.487701416015625e-05",
        "cumulative": false
    },
    {
        "date": "2020-12-08T11:30:57.086Z",
        "value": "6.723403930664062e-05",
        "cumulative": false
    },
    {
        "date": "2020-12-08T11:30:59.211Z",
        "value": "6.842613220214844e-05",
        "cumulative": false
    },
    {
        "date": "2020-12-08T11:31:01.405Z",
        "value": "6.151199340820312e-05",
        "cumulative": false
    },
    {
        "date": "2020-12-08T11:31:03.563Z",
        "value": "7.200241088867188e-05",
        "cumulative": false
    },
    {
        "date": "2020-12-08T11:31:05.691Z",
        "value": "8.273124694824219e-05",
        "cumulative": false
    },
    {
        "date": "2020-12-08T11:31:07.804Z",
        "value": "6.818771362304688e-05",
        "cumulative": false
    },
    {
        "date": "2020-12-08T11:31:09.898Z",
        "value": "6.604194641113281e-05",
        "cumulative": false
    },
    {
        "date": "2020-12-08T11:31:12.004Z",
        "value": "6.556510925292969e-05",
        "cumulative": false
    },
    {
        "date": "2020-12-08T11:31:14.249Z",
        "value": "7.724761962890625e-05",
        "cumulative": false
    },
    {
        "date": "2020-12-08T11:31:16.542Z",
        "value": "6.723403930664062e-05",
        "cumulative": false
    },
    {
        "date": "2020-12-08T11:31:18.742Z",
        "value": "6.842613220214844e-05",
        "cumulative": false
    },
    {
        "date": "2020-12-08T11:31:20.849Z",
        "value": "6.651878356933594e-05",
        "cumulative": false
    },
    {
        "date": "2020-12-08T11:31:22.965Z",
        "value": "6.365776062011719e-05",
        "cumulative": false
    },
    {
        "date": "2020-12-08T11:31:25.081Z",
        "value": "6.4849853515625e-05",
        "cumulative": false
    },
    {
        "date": "2020-12-08T11:31:27.200Z",
        "value": "6.103515625e-05",
        "cumulative": false
    },
    {
        "date": "2020-12-08T11:31:29.420Z",
        "value": "6.270408630371094e-05",
        "cumulative": false
    }
]