[
    {
        "date": "2020-12-08T11:30:54.870Z",
        "value": "0.004456996917724609",
        "cumulative": false
    },
    {
        "date": "2020-12-08T11:30:57.081Z",
        "value": "0.004081249237060547",
        "cumulative": false
    },
    {
        "date": "2020-12-08T11:30:59.203Z",
        "value": "0.003929615020751953",
        "cumulative": false
    },
    {
        "date": "2020-12-08T11:31:01.401Z",
        "value": "0.004448652267456055",
        "cumulative": false
    },
    {
        "date": "2020-12-08T11:31:03.564Z",
        "value": "0.005033254623413086",
        "cumulative": false
    },
    {
        "date": "2020-12-08T11:31:05.681Z",
        "value": "0.0041925907135009766",
        "cumulative": false
    },
    {
        "date": "2020-12-08T11:31:07.790Z",
        "value": "0.00384521484375",
        "cumulative": false
    },
    {
        "date": "2020-12-08T11:31:09.885Z",
        "value": "0.00445866584777832",
        "cumulative": false
    },
    {
        "date": "2020-12-08T11:31:11.996Z",
        "value": "0.004564046859741211",
        "cumulative": false
    },
    {
        "date": "2020-12-08T11:31:14.236Z",
        "value": "0.0049741268157958984",
        "cumulative": false
    },
    {
        "date": "2020-12-08T11:31:16.533Z",
        "value": "0.004312753677368164",
        "cumulative": false
    },
    {
        "date": "2020-12-08T11:31:18.738Z",
        "value": "0.004491090774536133",
        "cumulative": false
    },
    {
        "date": "2020-12-08T11:31:20.831Z",
        "value": "0.00445246696472168",
        "cumulative": false
    },
    {
        "date": "2020-12-08T11:31:22.955Z",
        "value": "0.004511594772338867",
        "cumulative": false
    },
    {
        "date": "2020-12-08T11:31:25.072Z",
        "value": "0.0036592483520507812",
        "cumulative": false
    },
    {
        "date": "2020-12-08T11:31:27.191Z",
        "value": "0.004435062408447266",
        "cumulative": false
    },
    {
        "date": "2020-12-08T11:31:29.424Z",
        "value": "0.004615306854248047",
        "cumulative": false
    }
]