[
    {
        "date": "2020-12-08T11:30:53.415Z",
        "value": "7.03125",
        "cumulative": false
    },
    {
        "date": "2020-12-08T11:30:55.574Z",
        "value": "21.09375",
        "cumulative": false
    },
    {
        "date": "2020-12-08T11:30:57.743Z",
        "value": "41.40625",
        "cumulative": false
    },
    {
        "date": "2020-12-08T11:30:59.890Z",
        "value": "52.34375",
        "cumulative": false
    },
    {
        "date": "2020-12-08T11:31:02.144Z",
        "value": "53.90625",
        "cumulative": false
    },
    {
        "date": "2020-12-08T11:31:04.225Z",
        "value": "50.78125",
        "cumulative": false
    },
    {
        "date": "2020-12-08T11:31:06.330Z",
        "value": "64.84375",
        "cumulative": false
    },
    {
        "date": "2020-12-08T11:31:08.479Z",
        "value": "69.53125",
        "cumulative": false
    },
    {
        "date": "2020-12-08T11:31:10.581Z",
        "value": "68.75",
        "cumulative": false
    },
    {
        "date": "2020-12-08T11:31:12.681Z",
        "value": "72.65625",
        "cumulative": false
    },
    {
        "date": "2020-12-08T11:31:14.944Z",
        "value": "79.6875",
        "cumulative": false
    },
    {
        "date": "2020-12-08T11:31:17.255Z",
        "value": "76.5625",
        "cumulative": false
    },
    {
        "date": "2020-12-08T11:31:19.405Z",
        "value": "77.34375",
        "cumulative": false
    },
    {
        "date": "2020-12-08T11:31:21.513Z",
        "value": "82.03125",
        "cumulative": false
    },
    {
        "date": "2020-12-08T11:31:23.628Z",
        "value": "83.59375",
        "cumulative": false
    },
    {
        "date": "2020-12-08T11:31:25.766Z",
        "value": "81.25",
        "cumulative": false
    },
    {
        "date": "2020-12-08T11:31:27.899Z",
        "value": "85.9375",
        "cumulative": false
    }
]