[
    {
        "date": "2020-12-08T11:30:54.867Z",
        "value": "0.9118330478668213",
        "cumulative": false
    },
    {
        "date": "2020-12-08T11:30:57.086Z",
        "value": "1.0139155387878418",
        "cumulative": false
    },
    {
        "date": "2020-12-08T11:30:59.208Z",
        "value": "0.9896121025085449",
        "cumulative": false
    },
    {
        "date": "2020-12-08T11:31:01.398Z",
        "value": "0.9656713008880615",
        "cumulative": false
    },
    {
        "date": "2020-12-08T11:31:03.555Z",
        "value": "0.9517660140991211",
        "cumulative": false
    },
    {
        "date": "2020-12-08T11:31:05.688Z",
        "value": "0.9807882308959961",
        "cumulative": false
    },
    {
        "date": "2020-12-08T11:31:07.792Z",
        "value": "0.9597952365875244",
        "cumulative": false
    },
    {
        "date": "2020-12-08T11:31:09.887Z",
        "value": "0.888563871383667",
        "cumulative": false
    },
    {
        "date": "2020-12-08T11:31:11.999Z",
        "value": "0.9850423336029053",
        "cumulative": false
    },
    {
        "date": "2020-12-08T11:31:14.237Z",
        "value": "1.085846185684204",
        "cumulative": false
    },
    {
        "date": "2020-12-08T11:31:16.538Z",
        "value": "1.1423733234405518",
        "cumulative": false
    },
    {
        "date": "2020-12-08T11:31:18.733Z",
        "value": "1.0076134204864502",
        "cumulative": false
    },
    {
        "date": "2020-12-08T11:31:20.843Z",
        "value": "0.935391902923584",
        "cumulative": false
    },
    {
        "date": "2020-12-08T11:31:22.969Z",
        "value": "0.9246680736541748",
        "cumulative": false
    },
    {
        "date": "2020-12-08T11:31:25.078Z",
        "value": "0.9909718036651611",
        "cumulative": false
    },
    {
        "date": "2020-12-08T11:31:27.189Z",
        "value": "0.942589521408081",
        "cumulative": false
    },
    {
        "date": "2020-12-08T11:31:29.413Z",
        "value": "0.9619827270507812",
        "cumulative": false
    }
]