[
    {
        "date": "2020-12-08T11:30:53.414Z",
        "value": "2.461289644241333",
        "cumulative": false
    },
    {
        "date": "2020-12-08T11:30:55.573Z",
        "value": "2.0414390563964844",
        "cumulative": false
    },
    {
        "date": "2020-12-08T11:30:57.750Z",
        "value": "1.6124985218048096",
        "cumulative": false
    },
    {
        "date": "2020-12-08T11:30:59.889Z",
        "value": "1.510709524154663",
        "cumulative": false
    },
    {
        "date": "2020-12-08T11:31:02.143Z",
        "value": "1.3994003534317017",
        "cumulative": false
    },
    {
        "date": "2020-12-08T11:31:04.223Z",
        "value": "1.129453182220459",
        "cumulative": false
    },
    {
        "date": "2020-12-08T11:31:06.332Z",
        "value": "0.8876715302467346",
        "cumulative": false
    },
    {
        "date": "2020-12-08T11:31:08.487Z",
        "value": "0.9372522830963135",
        "cumulative": false
    },
    {
        "date": "2020-12-08T11:31:10.582Z",
        "value": "0.7758438587188721",
        "cumulative": false
    },
    {
        "date": "2020-12-08T11:31:12.685Z",
        "value": "0.6398447155952454",
        "cumulative": false
    },
    {
        "date": "2020-12-08T11:31:14.949Z",
        "value": "0.6535108685493469",
        "cumulative": false
    },
    {
        "date": "2020-12-08T11:31:17.254Z",
        "value": "0.7367014288902283",
        "cumulative": false
    },
    {
        "date": "2020-12-08T11:31:19.401Z",
        "value": "0.5335399508476257",
        "cumulative": false
    },
    {
        "date": "2020-12-08T11:31:21.514Z",
        "value": "0.49070051312446594",
        "cumulative": false
    },
    {
        "date": "2020-12-08T11:31:23.628Z",
        "value": "0.5122711062431335",
        "cumulative": false
    },
    {
        "date": "2020-12-08T11:31:25.769Z",
        "value": "0.48315417766571045",
        "cumulative": false
    },
    {
        "date": "2020-12-08T11:31:27.897Z",
        "value": "0.5723369121551514",
        "cumulative": false
    }
]