[
    {
        "date": "2020-12-08T11:30:53.417Z",
        "value": "46.875",
        "cumulative": false
    },
    {
        "date": "2020-12-08T11:30:55.575Z",
        "value": "78.125",
        "cumulative": false
    },
    {
        "date": "2020-12-08T11:30:57.744Z",
        "value": "85.9375",
        "cumulative": false
    },
    {
        "date": "2020-12-08T11:30:59.891Z",
        "value": "94.53125",
        "cumulative": false
    },
    {
        "date": "2020-12-08T11:31:02.145Z",
        "value": "95.3125",
        "cumulative": false
    },
    {
        "date": "2020-12-08T11:31:04.229Z",
        "value": "95.3125",
        "cumulative": false
    },
    {
        "date": "2020-12-08T11:31:06.337Z",
        "value": "99.21875",
        "cumulative": false
    },
    {
        "date": "2020-12-08T11:31:08.483Z",
        "value": "98.4375",
        "cumulative": false
    },
    {
        "date": "2020-12-08T11:31:10.582Z",
        "value": "97.65625",
        "cumulative": false
    },
    {
        "date": "2020-12-08T11:31:12.683Z",
        "value": "99.21875",
        "cumulative": false
    },
    {
        "date": "2020-12-08T11:31:14.945Z",
        "value": "99.21875",
        "cumulative": false
    },
    {
        "date": "2020-12-08T11:31:17.255Z",
        "value": "98.4375",
        "cumulative": false
    },
    {
        "date": "2020-12-08T11:31:19.403Z",
        "value": "99.21875",
        "cumulative": false
    },
    {
        "date": "2020-12-08T11:31:21.514Z",
        "value": "100.0",
        "cumulative": false
    },
    {
        "date": "2020-12-08T11:31:23.630Z",
        "value": "99.21875",
        "cumulative": false
    },
    {
        "date": "2020-12-08T11:31:25.764Z",
        "value": "100.0",
        "cumulative": false
    },
    {
        "date": "2020-12-08T11:31:27.898Z",
        "value": "100.0",
        "cumulative": false
    }
]