[
    {
        "date": "2020-12-08T11:30:54.895Z",
        "value": "2.702681064605713",
        "cumulative": false
    },
    {
        "date": "2020-12-08T11:30:57.106Z",
        "value": "0.28158116340637207",
        "cumulative": false
    },
    {
        "date": "2020-12-08T11:30:59.237Z",
        "value": "0.27487683296203613",
        "cumulative": false
    },
    {
        "date": "2020-12-08T11:31:01.421Z",
        "value": "0.2572495937347412",
        "cumulative": false
    },
    {
        "date": "2020-12-08T11:31:03.587Z",
        "value": "0.23611187934875488",
        "cumulative": false
    },
    {
        "date": "2020-12-08T11:31:05.700Z",
        "value": "0.26092982292175293",
        "cumulative": false
    },
    {
        "date": "2020-12-08T11:31:07.818Z",
        "value": "0.2745959758758545",
        "cumulative": false
    },
    {
        "date": "2020-12-08T11:31:09.913Z",
        "value": "0.24786663055419922",
        "cumulative": false
    },
    {
        "date": "2020-12-08T11:31:12.030Z",
        "value": "0.25171828269958496",
        "cumulative": false
    },
    {
        "date": "2020-12-08T11:31:14.259Z",
        "value": "0.25383472442626953",
        "cumulative": false
    },
    {
        "date": "2020-12-08T11:31:16.565Z",
        "value": "0.28028082847595215",
        "cumulative": false
    },
    {
        "date": "2020-12-08T11:31:18.756Z",
        "value": "0.23526310920715332",
        "cumulative": false
    },
    {
        "date": "2020-12-08T11:31:20.862Z",
        "value": "0.25107407569885254",
        "cumulative": false
    },
    {
        "date": "2020-12-08T11:31:22.986Z",
        "value": "0.26227259635925293",
        "cumulative": false
    },
    {
        "date": "2020-12-08T11:31:25.107Z",
        "value": "0.25582361221313477",
        "cumulative": false
    },
    {
        "date": "2020-12-08T11:31:27.219Z",
        "value": "0.23573946952819824",
        "cumulative": false
    },
    {
        "date": "2020-12-08T11:31:29.446Z",
        "value": "0.29106760025024414",
        "cumulative": false
    }
]