[
    {
        "date": "2020-12-08T11:30:53.417Z",
        "value": "47.65625",
        "cumulative": false
    },
    {
        "date": "2020-12-08T11:30:55.574Z",
        "value": "79.6875",
        "cumulative": false
    },
    {
        "date": "2020-12-08T11:30:57.744Z",
        "value": "85.9375",
        "cumulative": false
    },
    {
        "date": "2020-12-08T11:30:59.890Z",
        "value": "90.625",
        "cumulative": false
    },
    {
        "date": "2020-12-08T11:31:02.144Z",
        "value": "92.1875",
        "cumulative": false
    },
    {
        "date": "2020-12-08T11:31:04.229Z",
        "value": "96.09375",
        "cumulative": false
    },
    {
        "date": "2020-12-08T11:31:06.332Z",
        "value": "94.53125",
        "cumulative": false
    },
    {
        "date": "2020-12-08T11:31:08.480Z",
        "value": "94.53125",
        "cumulative": false
    },
    {
        "date": "2020-12-08T11:31:10.581Z",
        "value": "98.4375",
        "cumulative": false
    },
    {
        "date": "2020-12-08T11:31:12.682Z",
        "value": "99.21875",
        "cumulative": false
    },
    {
        "date": "2020-12-08T11:31:14.945Z",
        "value": "99.21875",
        "cumulative": false
    },
    {
        "date": "2020-12-08T11:31:17.254Z",
        "value": "98.4375",
        "cumulative": false
    },
    {
        "date": "2020-12-08T11:31:19.407Z",
        "value": "100.0",
        "cumulative": false
    },
    {
        "date": "2020-12-08T11:31:21.515Z",
        "value": "99.21875",
        "cumulative": false
    },
    {
        "date": "2020-12-08T11:31:23.629Z",
        "value": "98.4375",
        "cumulative": false
    },
    {
        "date": "2020-12-08T11:31:25.761Z",
        "value": "100.0",
        "cumulative": false
    },
    {
        "date": "2020-12-08T11:31:27.897Z",
        "value": "99.21875",
        "cumulative": false
    }
]