[
    {
        "date": "2020-12-08T11:30:54.866Z",
        "value": "0.017479658126831055",
        "cumulative": false
    },
    {
        "date": "2020-12-08T11:30:57.098Z",
        "value": "0.0186767578125",
        "cumulative": false
    },
    {
        "date": "2020-12-08T11:30:59.205Z",
        "value": "0.016783952713012695",
        "cumulative": false
    },
    {
        "date": "2020-12-08T11:31:01.400Z",
        "value": "0.018737316131591797",
        "cumulative": false
    },
    {
        "date": "2020-12-08T11:31:03.556Z",
        "value": "0.017750978469848633",
        "cumulative": false
    },
    {
        "date": "2020-12-08T11:31:05.686Z",
        "value": "0.01811385154724121",
        "cumulative": false
    },
    {
        "date": "2020-12-08T11:31:07.792Z",
        "value": "0.017626285552978516",
        "cumulative": false
    },
    {
        "date": "2020-12-08T11:31:09.888Z",
        "value": "0.017246246337890625",
        "cumulative": false
    },
    {
        "date": "2020-12-08T11:31:12.003Z",
        "value": "0.01875138282775879",
        "cumulative": false
    },
    {
        "date": "2020-12-08T11:31:14.242Z",
        "value": "0.01795220375061035",
        "cumulative": false
    },
    {
        "date": "2020-12-08T11:31:16.538Z",
        "value": "0.01741337776184082",
        "cumulative": false
    },
    {
        "date": "2020-12-08T11:31:18.747Z",
        "value": "0.017604589462280273",
        "cumulative": false
    },
    {
        "date": "2020-12-08T11:31:20.833Z",
        "value": "0.020705461502075195",
        "cumulative": false
    },
    {
        "date": "2020-12-08T11:31:22.956Z",
        "value": "0.01673436164855957",
        "cumulative": false
    },
    {
        "date": "2020-12-08T11:31:25.083Z",
        "value": "0.018019437789916992",
        "cumulative": false
    },
    {
        "date": "2020-12-08T11:31:27.188Z",
        "value": "0.017512083053588867",
        "cumulative": false
    },
    {
        "date": "2020-12-08T11:31:29.411Z",
        "value": "0.01637721061706543",
        "cumulative": false
    }
]