[
    {
        "date": "2020-12-08T11:30:53.423Z",
        "value": "2.612445831298828",
        "cumulative": false
    },
    {
        "date": "2020-12-08T11:30:55.582Z",
        "value": "1.9975329637527466",
        "cumulative": false
    },
    {
        "date": "2020-12-08T11:30:57.757Z",
        "value": "1.5190999507904053",
        "cumulative": false
    },
    {
        "date": "2020-12-08T11:30:59.899Z",
        "value": "1.3833134174346924",
        "cumulative": false
    },
    {
        "date": "2020-12-08T11:31:02.153Z",
        "value": "1.2872101068496704",
        "cumulative": false
    },
    {
        "date": "2020-12-08T11:31:04.233Z",
        "value": "1.1207057237625122",
        "cumulative": false
    },
    {
        "date": "2020-12-08T11:31:06.342Z",
        "value": "0.9903281331062317",
        "cumulative": false
    },
    {
        "date": "2020-12-08T11:31:08.489Z",
        "value": "0.814635694026947",
        "cumulative": false
    },
    {
        "date": "2020-12-08T11:31:10.589Z",
        "value": "0.7653061151504517",
        "cumulative": false
    },
    {
        "date": "2020-12-08T11:31:12.691Z",
        "value": "0.8067234754562378",
        "cumulative": false
    },
    {
        "date": "2020-12-08T11:31:14.953Z",
        "value": "0.5829704999923706",
        "cumulative": false
    },
    {
        "date": "2020-12-08T11:31:17.263Z",
        "value": "0.6148841977119446",
        "cumulative": false
    },
    {
        "date": "2020-12-08T11:31:19.411Z",
        "value": "0.6410051584243774",
        "cumulative": false
    },
    {
        "date": "2020-12-08T11:31:21.522Z",
        "value": "0.4906950294971466",
        "cumulative": false
    },
    {
        "date": "2020-12-08T11:31:23.638Z",
        "value": "0.5533454418182373",
        "cumulative": false
    },
    {
        "date": "2020-12-08T11:31:25.777Z",
        "value": "0.6029590964317322",
        "cumulative": false
    },
    {
        "date": "2020-12-08T11:31:27.907Z",
        "value": "0.5824120044708252",
        "cumulative": false
    }
]