[
    {
        "date": "2020-12-08T11:30:54.889Z",
        "value": "0.014323949813842773",
        "cumulative": false
    },
    {
        "date": "2020-12-08T11:30:57.106Z",
        "value": "0.031021595001220703",
        "cumulative": false
    },
    {
        "date": "2020-12-08T11:30:59.237Z",
        "value": "0.02275705337524414",
        "cumulative": false
    },
    {
        "date": "2020-12-08T11:31:01.421Z",
        "value": "0.04724693298339844",
        "cumulative": false
    },
    {
        "date": "2020-12-08T11:31:03.587Z",
        "value": "0.011825323104858398",
        "cumulative": false
    },
    {
        "date": "2020-12-08T11:31:05.700Z",
        "value": "0.02057671546936035",
        "cumulative": false
    },
    {
        "date": "2020-12-08T11:31:07.818Z",
        "value": "0.014864444732666016",
        "cumulative": false
    },
    {
        "date": "2020-12-08T11:31:09.913Z",
        "value": "0.00984644889831543",
        "cumulative": false
    },
    {
        "date": "2020-12-08T11:31:12.030Z",
        "value": "0.010982990264892578",
        "cumulative": false
    },
    {
        "date": "2020-12-08T11:31:14.259Z",
        "value": "0.010564804077148438",
        "cumulative": false
    },
    {
        "date": "2020-12-08T11:31:16.565Z",
        "value": "0.009457826614379883",
        "cumulative": false
    },
    {
        "date": "2020-12-08T11:31:18.756Z",
        "value": "0.009335756301879883",
        "cumulative": false
    },
    {
        "date": "2020-12-08T11:31:20.862Z",
        "value": "0.011240482330322266",
        "cumulative": false
    },
    {
        "date": "2020-12-08T11:31:22.986Z",
        "value": "0.01199483871459961",
        "cumulative": false
    },
    {
        "date": "2020-12-08T11:31:25.107Z",
        "value": "0.043241024017333984",
        "cumulative": false
    },
    {
        "date": "2020-12-08T11:31:27.219Z",
        "value": "0.013652324676513672",
        "cumulative": false
    },
    {
        "date": "2020-12-08T11:31:29.446Z",
        "value": "0.04363727569580078",
        "cumulative": false
    }
]