[
    {
        "date": "2020-12-08T11:30:53.413Z",
        "value": "2.446298360824585",
        "cumulative": false
    },
    {
        "date": "2020-12-08T11:30:55.572Z",
        "value": "1.9693130254745483",
        "cumulative": false
    },
    {
        "date": "2020-12-08T11:30:57.748Z",
        "value": "1.6560609340667725",
        "cumulative": false
    },
    {
        "date": "2020-12-08T11:30:59.888Z",
        "value": "1.5012141466140747",
        "cumulative": false
    },
    {
        "date": "2020-12-08T11:31:02.143Z",
        "value": "1.1559114456176758",
        "cumulative": false
    },
    {
        "date": "2020-12-08T11:31:04.222Z",
        "value": "1.0735664367675781",
        "cumulative": false
    },
    {
        "date": "2020-12-08T11:31:06.330Z",
        "value": "0.9465219974517822",
        "cumulative": false
    },
    {
        "date": "2020-12-08T11:31:08.478Z",
        "value": "0.7190022468566895",
        "cumulative": false
    },
    {
        "date": "2020-12-08T11:31:10.580Z",
        "value": "0.7932255864143372",
        "cumulative": false
    },
    {
        "date": "2020-12-08T11:31:12.681Z",
        "value": "0.7288088202476501",
        "cumulative": false
    },
    {
        "date": "2020-12-08T11:31:14.943Z",
        "value": "0.8139063119888306",
        "cumulative": false
    },
    {
        "date": "2020-12-08T11:31:17.253Z",
        "value": "0.6091578006744385",
        "cumulative": false
    },
    {
        "date": "2020-12-08T11:31:19.406Z",
        "value": "0.5478873252868652",
        "cumulative": false
    },
    {
        "date": "2020-12-08T11:31:21.513Z",
        "value": "0.5480698943138123",
        "cumulative": false
    },
    {
        "date": "2020-12-08T11:31:23.627Z",
        "value": "0.6449143290519714",
        "cumulative": false
    },
    {
        "date": "2020-12-08T11:31:25.765Z",
        "value": "0.5662615299224854",
        "cumulative": false
    },
    {
        "date": "2020-12-08T11:31:27.897Z",
        "value": "0.4905925691127777",
        "cumulative": false
    }
]