[
    {
        "date": "2020-12-08T11:30:54.863Z",
        "value": "0.012131690979003906",
        "cumulative": false
    },
    {
        "date": "2020-12-08T11:30:57.087Z",
        "value": "0.0070340633392333984",
        "cumulative": false
    },
    {
        "date": "2020-12-08T11:30:59.207Z",
        "value": "0.006976127624511719",
        "cumulative": false
    },
    {
        "date": "2020-12-08T11:31:01.407Z",
        "value": "0.007622957229614258",
        "cumulative": false
    },
    {
        "date": "2020-12-08T11:31:03.551Z",
        "value": "0.0065462589263916016",
        "cumulative": false
    },
    {
        "date": "2020-12-08T11:31:05.683Z",
        "value": "0.007230997085571289",
        "cumulative": false
    },
    {
        "date": "2020-12-08T11:31:07.787Z",
        "value": "0.0067217350006103516",
        "cumulative": false
    },
    {
        "date": "2020-12-08T11:31:09.894Z",
        "value": "0.007142066955566406",
        "cumulative": false
    },
    {
        "date": "2020-12-08T11:31:11.995Z",
        "value": "0.0069277286529541016",
        "cumulative": false
    },
    {
        "date": "2020-12-08T11:31:14.231Z",
        "value": "0.007108211517333984",
        "cumulative": false
    },
    {
        "date": "2020-12-08T11:31:16.541Z",
        "value": "0.009473085403442383",
        "cumulative": false
    },
    {
        "date": "2020-12-08T11:31:18.736Z",
        "value": "0.007857561111450195",
        "cumulative": false
    },
    {
        "date": "2020-12-08T11:31:20.829Z",
        "value": "0.007153034210205078",
        "cumulative": false
    },
    {
        "date": "2020-12-08T11:31:22.954Z",
        "value": "0.0071468353271484375",
        "cumulative": false
    },
    {
        "date": "2020-12-08T11:31:25.076Z",
        "value": "0.0074884891510009766",
        "cumulative": false
    },
    {
        "date": "2020-12-08T11:31:27.187Z",
        "value": "0.0067713260650634766",
        "cumulative": false
    },
    {
        "date": "2020-12-08T11:31:29.412Z",
        "value": "0.007170915603637695",
        "cumulative": false
    }
]