[
    {
        "date": "2020-12-08T11:30:54.864Z",
        "value": "2.457327365875244",
        "cumulative": false
    },
    {
        "date": "2020-12-08T11:30:57.080Z",
        "value": "0.15901947021484375",
        "cumulative": false
    },
    {
        "date": "2020-12-08T11:30:59.203Z",
        "value": "0.1710653305053711",
        "cumulative": false
    },
    {
        "date": "2020-12-08T11:31:01.395Z",
        "value": "0.1666851043701172",
        "cumulative": false
    },
    {
        "date": "2020-12-08T11:31:03.554Z",
        "value": "0.1910114288330078",
        "cumulative": false
    },
    {
        "date": "2020-12-08T11:31:05.682Z",
        "value": "0.1572587490081787",
        "cumulative": false
    },
    {
        "date": "2020-12-08T11:31:07.791Z",
        "value": "0.18950414657592773",
        "cumulative": false
    },
    {
        "date": "2020-12-08T11:31:09.886Z",
        "value": "0.1799941062927246",
        "cumulative": false
    },
    {
        "date": "2020-12-08T11:31:12.000Z",
        "value": "0.16846394538879395",
        "cumulative": false
    },
    {
        "date": "2020-12-08T11:31:14.248Z",
        "value": "0.1575150489807129",
        "cumulative": false
    },
    {
        "date": "2020-12-08T11:31:16.535Z",
        "value": "0.17894935607910156",
        "cumulative": false
    },
    {
        "date": "2020-12-08T11:31:18.729Z",
        "value": "0.17098784446716309",
        "cumulative": false
    },
    {
        "date": "2020-12-08T11:31:20.828Z",
        "value": "0.14960479736328125",
        "cumulative": false
    },
    {
        "date": "2020-12-08T11:31:22.952Z",
        "value": "0.1718277931213379",
        "cumulative": false
    },
    {
        "date": "2020-12-08T11:31:25.073Z",
        "value": "0.1481468677520752",
        "cumulative": false
    },
    {
        "date": "2020-12-08T11:31:27.192Z",
        "value": "0.16179323196411133",
        "cumulative": false
    },
    {
        "date": "2020-12-08T11:31:29.411Z",
        "value": "0.1681196689605713",
        "cumulative": false
    }
]