[
    {
        "date": "2020-12-08T11:30:54.871Z",
        "value": "2.509279489517212",
        "cumulative": false
    },
    {
        "date": "2020-12-08T11:30:57.085Z",
        "value": "0.16865062713623047",
        "cumulative": false
    },
    {
        "date": "2020-12-08T11:30:59.211Z",
        "value": "0.17159271240234375",
        "cumulative": false
    },
    {
        "date": "2020-12-08T11:31:01.408Z",
        "value": "0.16787505149841309",
        "cumulative": false
    },
    {
        "date": "2020-12-08T11:31:03.558Z",
        "value": "0.18259406089782715",
        "cumulative": false
    },
    {
        "date": "2020-12-08T11:31:05.687Z",
        "value": "0.19142985343933105",
        "cumulative": false
    },
    {
        "date": "2020-12-08T11:31:07.803Z",
        "value": "0.17998313903808594",
        "cumulative": false
    },
    {
        "date": "2020-12-08T11:31:09.892Z",
        "value": "0.1759178638458252",
        "cumulative": false
    },
    {
        "date": "2020-12-08T11:31:12.018Z",
        "value": "0.1741487979888916",
        "cumulative": false
    },
    {
        "date": "2020-12-08T11:31:14.240Z",
        "value": "0.15386009216308594",
        "cumulative": false
    },
    {
        "date": "2020-12-08T11:31:16.544Z",
        "value": "0.1968550682067871",
        "cumulative": false
    },
    {
        "date": "2020-12-08T11:31:18.737Z",
        "value": "0.18877434730529785",
        "cumulative": false
    },
    {
        "date": "2020-12-08T11:31:20.838Z",
        "value": "0.17772412300109863",
        "cumulative": false
    },
    {
        "date": "2020-12-08T11:31:22.958Z",
        "value": "0.2024548053741455",
        "cumulative": false
    },
    {
        "date": "2020-12-08T11:31:25.082Z",
        "value": "0.1980280876159668",
        "cumulative": false
    },
    {
        "date": "2020-12-08T11:31:27.197Z",
        "value": "0.18170166015625",
        "cumulative": false
    },
    {
        "date": "2020-12-08T11:31:29.416Z",
        "value": "0.18632149696350098",
        "cumulative": false
    }
]