[
    {
        "date": "2020-12-08T11:30:53.421Z",
        "value": "45.3125",
        "cumulative": false
    },
    {
        "date": "2020-12-08T11:30:55.578Z",
        "value": "71.875",
        "cumulative": false
    },
    {
        "date": "2020-12-08T11:30:57.748Z",
        "value": "84.375",
        "cumulative": false
    },
    {
        "date": "2020-12-08T11:30:59.894Z",
        "value": "92.96875",
        "cumulative": false
    },
    {
        "date": "2020-12-08T11:31:02.148Z",
        "value": "91.40625",
        "cumulative": false
    },
    {
        "date": "2020-12-08T11:31:04.228Z",
        "value": "94.53125",
        "cumulative": false
    },
    {
        "date": "2020-12-08T11:31:06.335Z",
        "value": "98.4375",
        "cumulative": false
    },
    {
        "date": "2020-12-08T11:31:08.484Z",
        "value": "97.65625",
        "cumulative": false
    },
    {
        "date": "2020-12-08T11:31:10.585Z",
        "value": "96.875",
        "cumulative": false
    },
    {
        "date": "2020-12-08T11:31:12.686Z",
        "value": "98.4375",
        "cumulative": false
    },
    {
        "date": "2020-12-08T11:31:14.949Z",
        "value": "97.65625",
        "cumulative": false
    },
    {
        "date": "2020-12-08T11:31:17.258Z",
        "value": "98.4375",
        "cumulative": false
    },
    {
        "date": "2020-12-08T11:31:19.407Z",
        "value": "99.21875",
        "cumulative": false
    },
    {
        "date": "2020-12-08T11:31:21.518Z",
        "value": "99.21875",
        "cumulative": false
    },
    {
        "date": "2020-12-08T11:31:23.633Z",
        "value": "98.4375",
        "cumulative": false
    },
    {
        "date": "2020-12-08T11:31:25.765Z",
        "value": "98.4375",
        "cumulative": false
    },
    {
        "date": "2020-12-08T11:31:27.901Z",
        "value": "100.0",
        "cumulative": false
    }
]