[
    {
        "date": "2020-12-08T11:30:53.425Z",
        "value": "4.6875",
        "cumulative": false
    },
    {
        "date": "2020-12-08T11:30:55.583Z",
        "value": "24.21875",
        "cumulative": false
    },
    {
        "date": "2020-12-08T11:30:57.757Z",
        "value": "44.53125",
        "cumulative": false
    },
    {
        "date": "2020-12-08T11:30:59.899Z",
        "value": "51.5625",
        "cumulative": false
    },
    {
        "date": "2020-12-08T11:31:02.153Z",
        "value": "58.59375",
        "cumulative": false
    },
    {
        "date": "2020-12-08T11:31:04.233Z",
        "value": "58.59375",
        "cumulative": false
    },
    {
        "date": "2020-12-08T11:31:06.342Z",
        "value": "60.9375",
        "cumulative": false
    },
    {
        "date": "2020-12-08T11:31:08.490Z",
        "value": "74.21875",
        "cumulative": false
    },
    {
        "date": "2020-12-08T11:31:10.590Z",
        "value": "77.34375",
        "cumulative": false
    },
    {
        "date": "2020-12-08T11:31:12.691Z",
        "value": "70.3125",
        "cumulative": false
    },
    {
        "date": "2020-12-08T11:31:14.954Z",
        "value": "76.5625",
        "cumulative": false
    },
    {
        "date": "2020-12-08T11:31:17.263Z",
        "value": "78.90625",
        "cumulative": false
    },
    {
        "date": "2020-12-08T11:31:19.411Z",
        "value": "78.90625",
        "cumulative": false
    },
    {
        "date": "2020-12-08T11:31:21.522Z",
        "value": "84.375",
        "cumulative": false
    },
    {
        "date": "2020-12-08T11:31:23.638Z",
        "value": "79.6875",
        "cumulative": false
    },
    {
        "date": "2020-12-08T11:31:25.777Z",
        "value": "78.90625",
        "cumulative": false
    },
    {
        "date": "2020-12-08T11:31:27.907Z",
        "value": "86.71875",
        "cumulative": false
    }
]