[
    {
        "date": "2020-12-08T11:30:54.870Z",
        "value": "0.014777898788452148",
        "cumulative": false
    },
    {
        "date": "2020-12-08T11:30:57.081Z",
        "value": "0.015103816986083984",
        "cumulative": false
    },
    {
        "date": "2020-12-08T11:30:59.203Z",
        "value": "0.014160871505737305",
        "cumulative": false
    },
    {
        "date": "2020-12-08T11:31:01.401Z",
        "value": "0.014693975448608398",
        "cumulative": false
    },
    {
        "date": "2020-12-08T11:31:03.564Z",
        "value": "0.016082048416137695",
        "cumulative": false
    },
    {
        "date": "2020-12-08T11:31:05.682Z",
        "value": "0.015299797058105469",
        "cumulative": false
    },
    {
        "date": "2020-12-08T11:31:07.790Z",
        "value": "0.014592647552490234",
        "cumulative": false
    },
    {
        "date": "2020-12-08T11:31:09.885Z",
        "value": "0.015768766403198242",
        "cumulative": false
    },
    {
        "date": "2020-12-08T11:31:11.996Z",
        "value": "0.015730619430541992",
        "cumulative": false
    },
    {
        "date": "2020-12-08T11:31:14.236Z",
        "value": "0.016062021255493164",
        "cumulative": false
    },
    {
        "date": "2020-12-08T11:31:16.533Z",
        "value": "0.015143156051635742",
        "cumulative": false
    },
    {
        "date": "2020-12-08T11:31:18.738Z",
        "value": "0.016372203826904297",
        "cumulative": false
    },
    {
        "date": "2020-12-08T11:31:20.831Z",
        "value": "0.01678013801574707",
        "cumulative": false
    },
    {
        "date": "2020-12-08T11:31:22.955Z",
        "value": "0.015838146209716797",
        "cumulative": false
    },
    {
        "date": "2020-12-08T11:31:25.072Z",
        "value": "0.017211437225341797",
        "cumulative": false
    },
    {
        "date": "2020-12-08T11:31:27.191Z",
        "value": "0.01707601547241211",
        "cumulative": false
    },
    {
        "date": "2020-12-08T11:31:29.425Z",
        "value": "0.015091419219970703",
        "cumulative": false
    }
]