[
    {
        "date": "2020-12-08T11:30:54.867Z",
        "value": "0.00536656379699707",
        "cumulative": false
    },
    {
        "date": "2020-12-08T11:30:57.087Z",
        "value": "0.004812717437744141",
        "cumulative": false
    },
    {
        "date": "2020-12-08T11:30:59.213Z",
        "value": "0.0052645206451416016",
        "cumulative": false
    },
    {
        "date": "2020-12-08T11:31:01.415Z",
        "value": "0.005564212799072266",
        "cumulative": false
    },
    {
        "date": "2020-12-08T11:31:03.561Z",
        "value": "0.012217044830322266",
        "cumulative": false
    },
    {
        "date": "2020-12-08T11:31:05.689Z",
        "value": "0.0051898956298828125",
        "cumulative": false
    },
    {
        "date": "2020-12-08T11:31:07.791Z",
        "value": "0.004502534866333008",
        "cumulative": false
    },
    {
        "date": "2020-12-08T11:31:09.887Z",
        "value": "0.0047893524169921875",
        "cumulative": false
    },
    {
        "date": "2020-12-08T11:31:11.997Z",
        "value": "0.004899263381958008",
        "cumulative": false
    },
    {
        "date": "2020-12-08T11:31:14.238Z",
        "value": "0.004994392395019531",
        "cumulative": false
    },
    {
        "date": "2020-12-08T11:31:16.543Z",
        "value": "0.005009174346923828",
        "cumulative": false
    },
    {
        "date": "2020-12-08T11:31:18.731Z",
        "value": "0.0055866241455078125",
        "cumulative": false
    },
    {
        "date": "2020-12-08T11:31:20.836Z",
        "value": "0.005719423294067383",
        "cumulative": false
    },
    {
        "date": "2020-12-08T11:31:22.954Z",
        "value": "0.004393577575683594",
        "cumulative": false
    },
    {
        "date": "2020-12-08T11:31:25.082Z",
        "value": "0.004876852035522461",
        "cumulative": false
    },
    {
        "date": "2020-12-08T11:31:27.191Z",
        "value": "0.0050809383392333984",
        "cumulative": false
    },
    {
        "date": "2020-12-08T11:31:29.418Z",
        "value": "0.004908323287963867",
        "cumulative": false
    }
]