[
    {
        "date": "2020-12-08T11:30:53.418Z",
        "value": "2.551621913909912",
        "cumulative": false
    },
    {
        "date": "2020-12-08T11:30:55.578Z",
        "value": "2.100196361541748",
        "cumulative": false
    },
    {
        "date": "2020-12-08T11:30:57.748Z",
        "value": "1.7208621501922607",
        "cumulative": false
    },
    {
        "date": "2020-12-08T11:30:59.894Z",
        "value": "1.4984499216079712",
        "cumulative": false
    },
    {
        "date": "2020-12-08T11:31:02.148Z",
        "value": "1.3547922372817993",
        "cumulative": false
    },
    {
        "date": "2020-12-08T11:31:04.228Z",
        "value": "1.1534266471862793",
        "cumulative": false
    },
    {
        "date": "2020-12-08T11:31:06.335Z",
        "value": "0.9612151384353638",
        "cumulative": false
    },
    {
        "date": "2020-12-08T11:31:08.484Z",
        "value": "0.8053081631660461",
        "cumulative": false
    },
    {
        "date": "2020-12-08T11:31:10.585Z",
        "value": "0.943440854549408",
        "cumulative": false
    },
    {
        "date": "2020-12-08T11:31:12.686Z",
        "value": "0.723816990852356",
        "cumulative": false
    },
    {
        "date": "2020-12-08T11:31:14.948Z",
        "value": "0.6311631798744202",
        "cumulative": false
    },
    {
        "date": "2020-12-08T11:31:17.258Z",
        "value": "0.7498105764389038",
        "cumulative": false
    },
    {
        "date": "2020-12-08T11:31:19.407Z",
        "value": "0.6052972078323364",
        "cumulative": false
    },
    {
        "date": "2020-12-08T11:31:21.518Z",
        "value": "0.624284029006958",
        "cumulative": false
    },
    {
        "date": "2020-12-08T11:31:23.633Z",
        "value": "0.6114615201950073",
        "cumulative": false
    },
    {
        "date": "2020-12-08T11:31:25.765Z",
        "value": "0.47510862350463867",
        "cumulative": false
    },
    {
        "date": "2020-12-08T11:31:27.901Z",
        "value": "0.44587647914886475",
        "cumulative": false
    }
]