[
    {
        "date": "2020-12-08T11:30:53.415Z",
        "value": "2.507415533065796",
        "cumulative": false
    },
    {
        "date": "2020-12-08T11:30:55.574Z",
        "value": "2.094635486602783",
        "cumulative": false
    },
    {
        "date": "2020-12-08T11:30:57.744Z",
        "value": "1.6474206447601318",
        "cumulative": false
    },
    {
        "date": "2020-12-08T11:30:59.890Z",
        "value": "1.487457036972046",
        "cumulative": false
    },
    {
        "date": "2020-12-08T11:31:02.144Z",
        "value": "1.2299813032150269",
        "cumulative": false
    },
    {
        "date": "2020-12-08T11:31:04.229Z",
        "value": "1.1008520126342773",
        "cumulative": false
    },
    {
        "date": "2020-12-08T11:31:06.332Z",
        "value": "0.9414971470832825",
        "cumulative": false
    },
    {
        "date": "2020-12-08T11:31:08.480Z",
        "value": "0.9515994191169739",
        "cumulative": false
    },
    {
        "date": "2020-12-08T11:31:10.581Z",
        "value": "0.6881422996520996",
        "cumulative": false
    },
    {
        "date": "2020-12-08T11:31:12.682Z",
        "value": "0.6480099558830261",
        "cumulative": false
    },
    {
        "date": "2020-12-08T11:31:14.944Z",
        "value": "0.5352686643600464",
        "cumulative": false
    },
    {
        "date": "2020-12-08T11:31:17.254Z",
        "value": "0.6177535057067871",
        "cumulative": false
    },
    {
        "date": "2020-12-08T11:31:19.407Z",
        "value": "0.5243437886238098",
        "cumulative": false
    },
    {
        "date": "2020-12-08T11:31:21.515Z",
        "value": "0.3979707658290863",
        "cumulative": false
    },
    {
        "date": "2020-12-08T11:31:23.629Z",
        "value": "0.6640345454216003",
        "cumulative": false
    },
    {
        "date": "2020-12-08T11:31:25.761Z",
        "value": "0.5535520315170288",
        "cumulative": false
    },
    {
        "date": "2020-12-08T11:31:27.897Z",
        "value": "0.47703108191490173",
        "cumulative": false
    }
]