[
    {
        "date": "2020-12-08T11:30:54.871Z",
        "value": "0.11040186882019043",
        "cumulative": false
    },
    {
        "date": "2020-12-08T11:30:57.074Z",
        "value": "0.10025620460510254",
        "cumulative": false
    },
    {
        "date": "2020-12-08T11:30:59.200Z",
        "value": "0.10444903373718262",
        "cumulative": false
    },
    {
        "date": "2020-12-08T11:31:01.394Z",
        "value": "0.10799074172973633",
        "cumulative": false
    },
    {
        "date": "2020-12-08T11:31:03.562Z",
        "value": "0.10520625114440918",
        "cumulative": false
    },
    {
        "date": "2020-12-08T11:31:05.684Z",
        "value": "0.10710811614990234",
        "cumulative": false
    },
    {
        "date": "2020-12-08T11:31:07.793Z",
        "value": "0.10385775566101074",
        "cumulative": false
    },
    {
        "date": "2020-12-08T11:31:09.897Z",
        "value": "0.12507390975952148",
        "cumulative": false
    },
    {
        "date": "2020-12-08T11:31:12.002Z",
        "value": "0.11765837669372559",
        "cumulative": false
    },
    {
        "date": "2020-12-08T11:31:14.232Z",
        "value": "0.10079622268676758",
        "cumulative": false
    },
    {
        "date": "2020-12-08T11:31:16.538Z",
        "value": "0.09808540344238281",
        "cumulative": false
    },
    {
        "date": "2020-12-08T11:31:18.739Z",
        "value": "0.14151859283447266",
        "cumulative": false
    },
    {
        "date": "2020-12-08T11:31:20.829Z",
        "value": "0.12063050270080566",
        "cumulative": false
    },
    {
        "date": "2020-12-08T11:31:22.951Z",
        "value": "0.10474801063537598",
        "cumulative": false
    },
    {
        "date": "2020-12-08T11:31:25.078Z",
        "value": "0.1173849105834961",
        "cumulative": false
    },
    {
        "date": "2020-12-08T11:31:27.182Z",
        "value": "0.10453319549560547",
        "cumulative": false
    },
    {
        "date": "2020-12-08T11:31:29.418Z",
        "value": "0.10244226455688477",
        "cumulative": false
    }
]