[
    {
        "date": "2020-12-08T11:30:54.869Z",
        "value": "0.01684260368347168",
        "cumulative": false
    },
    {
        "date": "2020-12-08T11:30:57.085Z",
        "value": "0.007843971252441406",
        "cumulative": false
    },
    {
        "date": "2020-12-08T11:30:59.211Z",
        "value": "0.007637739181518555",
        "cumulative": false
    },
    {
        "date": "2020-12-08T11:31:01.408Z",
        "value": "0.007900714874267578",
        "cumulative": false
    },
    {
        "date": "2020-12-08T11:31:03.558Z",
        "value": "0.008824825286865234",
        "cumulative": false
    },
    {
        "date": "2020-12-08T11:31:05.687Z",
        "value": "0.007654905319213867",
        "cumulative": false
    },
    {
        "date": "2020-12-08T11:31:07.803Z",
        "value": "0.0077359676361083984",
        "cumulative": false
    },
    {
        "date": "2020-12-08T11:31:09.892Z",
        "value": "0.007813692092895508",
        "cumulative": false
    },
    {
        "date": "2020-12-08T11:31:12.018Z",
        "value": "0.008054018020629883",
        "cumulative": false
    },
    {
        "date": "2020-12-08T11:31:14.240Z",
        "value": "0.007818937301635742",
        "cumulative": false
    },
    {
        "date": "2020-12-08T11:31:16.544Z",
        "value": "0.007977008819580078",
        "cumulative": false
    },
    {
        "date": "2020-12-08T11:31:18.737Z",
        "value": "0.009377717971801758",
        "cumulative": false
    },
    {
        "date": "2020-12-08T11:31:20.838Z",
        "value": "0.007563591003417969",
        "cumulative": false
    },
    {
        "date": "2020-12-08T11:31:22.958Z",
        "value": "0.007734775543212891",
        "cumulative": false
    },
    {
        "date": "2020-12-08T11:31:25.082Z",
        "value": "0.00775599479675293",
        "cumulative": false
    },
    {
        "date": "2020-12-08T11:31:27.197Z",
        "value": "0.011038780212402344",
        "cumulative": false
    },
    {
        "date": "2020-12-08T11:31:29.416Z",
        "value": "0.007626533508300781",
        "cumulative": false
    }
]