[
    {
        "date": "2020-12-08T11:30:53.421Z",
        "value": "58.59375",
        "cumulative": false
    },
    {
        "date": "2020-12-08T11:30:55.578Z",
        "value": "82.8125",
        "cumulative": false
    },
    {
        "date": "2020-12-08T11:30:57.749Z",
        "value": "89.0625",
        "cumulative": false
    },
    {
        "date": "2020-12-08T11:30:59.895Z",
        "value": "93.75",
        "cumulative": false
    },
    {
        "date": "2020-12-08T11:31:02.149Z",
        "value": "97.65625",
        "cumulative": false
    },
    {
        "date": "2020-12-08T11:31:04.228Z",
        "value": "98.4375",
        "cumulative": false
    },
    {
        "date": "2020-12-08T11:31:06.340Z",
        "value": "100.0",
        "cumulative": false
    },
    {
        "date": "2020-12-08T11:31:08.484Z",
        "value": "99.21875",
        "cumulative": false
    },
    {
        "date": "2020-12-08T11:31:10.585Z",
        "value": "96.875",
        "cumulative": false
    },
    {
        "date": "2020-12-08T11:31:12.686Z",
        "value": "97.65625",
        "cumulative": false
    },
    {
        "date": "2020-12-08T11:31:14.949Z",
        "value": "100.0",
        "cumulative": false
    },
    {
        "date": "2020-12-08T11:31:17.258Z",
        "value": "99.21875",
        "cumulative": false
    },
    {
        "date": "2020-12-08T11:31:19.409Z",
        "value": "100.0",
        "cumulative": false
    },
    {
        "date": "2020-12-08T11:31:21.517Z",
        "value": "98.4375",
        "cumulative": false
    },
    {
        "date": "2020-12-08T11:31:23.633Z",
        "value": "99.21875",
        "cumulative": false
    },
    {
        "date": "2020-12-08T11:31:25.771Z",
        "value": "100.0",
        "cumulative": false
    },
    {
        "date": "2020-12-08T11:31:27.902Z",
        "value": "98.4375",
        "cumulative": false
    }
]