[
    {
        "date": "2020-12-08T11:30:54.864Z",
        "value": "0.1718599796295166",
        "cumulative": false
    },
    {
        "date": "2020-12-08T11:30:57.080Z",
        "value": "0.14086675643920898",
        "cumulative": false
    },
    {
        "date": "2020-12-08T11:30:59.203Z",
        "value": "0.16392230987548828",
        "cumulative": false
    },
    {
        "date": "2020-12-08T11:31:01.395Z",
        "value": "0.15306448936462402",
        "cumulative": false
    },
    {
        "date": "2020-12-08T11:31:03.554Z",
        "value": "0.16574859619140625",
        "cumulative": false
    },
    {
        "date": "2020-12-08T11:31:05.682Z",
        "value": "0.1424274444580078",
        "cumulative": false
    },
    {
        "date": "2020-12-08T11:31:07.791Z",
        "value": "0.1723477840423584",
        "cumulative": false
    },
    {
        "date": "2020-12-08T11:31:09.886Z",
        "value": "0.16553425788879395",
        "cumulative": false
    },
    {
        "date": "2020-12-08T11:31:12.000Z",
        "value": "0.15193581581115723",
        "cumulative": false
    },
    {
        "date": "2020-12-08T11:31:14.248Z",
        "value": "0.13807940483093262",
        "cumulative": false
    },
    {
        "date": "2020-12-08T11:31:16.535Z",
        "value": "0.16402769088745117",
        "cumulative": false
    },
    {
        "date": "2020-12-08T11:31:18.730Z",
        "value": "0.1534407138824463",
        "cumulative": false
    },
    {
        "date": "2020-12-08T11:31:20.828Z",
        "value": "0.1376340389251709",
        "cumulative": false
    },
    {
        "date": "2020-12-08T11:31:22.952Z",
        "value": "0.15331578254699707",
        "cumulative": false
    },
    {
        "date": "2020-12-08T11:31:25.073Z",
        "value": "0.14146947860717773",
        "cumulative": false
    },
    {
        "date": "2020-12-08T11:31:27.192Z",
        "value": "0.1518876552581787",
        "cumulative": false
    },
    {
        "date": "2020-12-08T11:31:29.411Z",
        "value": "0.14706063270568848",
        "cumulative": false
    }
]