[
    {
        "date": "2020-12-08T11:30:53.420Z",
        "value": "14.84375",
        "cumulative": false
    },
    {
        "date": "2020-12-08T11:30:55.578Z",
        "value": "23.4375",
        "cumulative": false
    },
    {
        "date": "2020-12-08T11:30:57.749Z",
        "value": "39.0625",
        "cumulative": false
    },
    {
        "date": "2020-12-08T11:30:59.895Z",
        "value": "52.34375",
        "cumulative": false
    },
    {
        "date": "2020-12-08T11:31:02.149Z",
        "value": "57.8125",
        "cumulative": false
    },
    {
        "date": "2020-12-08T11:31:04.228Z",
        "value": "62.5",
        "cumulative": false
    },
    {
        "date": "2020-12-08T11:31:06.340Z",
        "value": "64.0625",
        "cumulative": false
    },
    {
        "date": "2020-12-08T11:31:08.484Z",
        "value": "75.0",
        "cumulative": false
    },
    {
        "date": "2020-12-08T11:31:10.585Z",
        "value": "69.53125",
        "cumulative": false
    },
    {
        "date": "2020-12-08T11:31:12.686Z",
        "value": "71.875",
        "cumulative": false
    },
    {
        "date": "2020-12-08T11:31:14.949Z",
        "value": "75.78125",
        "cumulative": false
    },
    {
        "date": "2020-12-08T11:31:17.258Z",
        "value": "82.03125",
        "cumulative": false
    },
    {
        "date": "2020-12-08T11:31:19.409Z",
        "value": "75.78125",
        "cumulative": false
    },
    {
        "date": "2020-12-08T11:31:21.517Z",
        "value": "75.0",
        "cumulative": false
    },
    {
        "date": "2020-12-08T11:31:23.633Z",
        "value": "84.375",
        "cumulative": false
    },
    {
        "date": "2020-12-08T11:31:25.771Z",
        "value": "82.03125",
        "cumulative": false
    },
    {
        "date": "2020-12-08T11:31:27.902Z",
        "value": "81.25",
        "cumulative": false
    }
]