[
    {
        "date": "2020-12-08T11:30:53.414Z",
        "value": "7.03125",
        "cumulative": false
    },
    {
        "date": "2020-12-08T11:30:55.571Z",
        "value": "21.875",
        "cumulative": false
    },
    {
        "date": "2020-12-08T11:30:57.742Z",
        "value": "28.125",
        "cumulative": false
    },
    {
        "date": "2020-12-08T11:30:59.888Z",
        "value": "44.53125",
        "cumulative": false
    },
    {
        "date": "2020-12-08T11:31:02.143Z",
        "value": "53.125",
        "cumulative": false
    },
    {
        "date": "2020-12-08T11:31:04.223Z",
        "value": "58.59375",
        "cumulative": false
    },
    {
        "date": "2020-12-08T11:31:06.329Z",
        "value": "60.15625",
        "cumulative": false
    },
    {
        "date": "2020-12-08T11:31:08.478Z",
        "value": "60.15625",
        "cumulative": false
    },
    {
        "date": "2020-12-08T11:31:10.579Z",
        "value": "73.4375",
        "cumulative": false
    },
    {
        "date": "2020-12-08T11:31:12.680Z",
        "value": "71.875",
        "cumulative": false
    },
    {
        "date": "2020-12-08T11:31:14.947Z",
        "value": "72.65625",
        "cumulative": false
    },
    {
        "date": "2020-12-08T11:31:17.252Z",
        "value": "77.34375",
        "cumulative": false
    },
    {
        "date": "2020-12-08T11:31:19.400Z",
        "value": "78.125",
        "cumulative": false
    },
    {
        "date": "2020-12-08T11:31:21.511Z",
        "value": "79.6875",
        "cumulative": false
    },
    {
        "date": "2020-12-08T11:31:23.627Z",
        "value": "79.6875",
        "cumulative": false
    },
    {
        "date": "2020-12-08T11:31:25.765Z",
        "value": "74.21875",
        "cumulative": false
    },
    {
        "date": "2020-12-08T11:31:27.896Z",
        "value": "82.03125",
        "cumulative": false
    }
]