[
    {
        "date": "2020-12-08T11:30:54.860Z",
        "value": "5.872754812240601",
        "cumulative": false
    },
    {
        "date": "2020-12-08T11:30:57.080Z",
        "value": "1.6114482879638672",
        "cumulative": false
    },
    {
        "date": "2020-12-08T11:30:59.203Z",
        "value": "1.5329375267028809",
        "cumulative": false
    },
    {
        "date": "2020-12-08T11:31:01.395Z",
        "value": "1.5966637134552002",
        "cumulative": false
    },
    {
        "date": "2020-12-08T11:31:03.554Z",
        "value": "1.5176219940185547",
        "cumulative": false
    },
    {
        "date": "2020-12-08T11:31:05.682Z",
        "value": "1.5526628494262695",
        "cumulative": false
    },
    {
        "date": "2020-12-08T11:31:07.791Z",
        "value": "1.5467116832733154",
        "cumulative": false
    },
    {
        "date": "2020-12-08T11:31:09.886Z",
        "value": "1.4921855926513672",
        "cumulative": false
    },
    {
        "date": "2020-12-08T11:31:11.999Z",
        "value": "1.5074784755706787",
        "cumulative": false
    },
    {
        "date": "2020-12-08T11:31:14.248Z",
        "value": "1.6570942401885986",
        "cumulative": false
    },
    {
        "date": "2020-12-08T11:31:16.535Z",
        "value": "1.694624662399292",
        "cumulative": false
    },
    {
        "date": "2020-12-08T11:31:18.729Z",
        "value": "1.5870652198791504",
        "cumulative": false
    },
    {
        "date": "2020-12-08T11:31:20.828Z",
        "value": "1.492424488067627",
        "cumulative": false
    },
    {
        "date": "2020-12-08T11:31:22.952Z",
        "value": "1.5564942359924316",
        "cumulative": false
    },
    {
        "date": "2020-12-08T11:31:25.073Z",
        "value": "1.5323352813720703",
        "cumulative": false
    },
    {
        "date": "2020-12-08T11:31:27.192Z",
        "value": "1.5265367031097412",
        "cumulative": false
    },
    {
        "date": "2020-12-08T11:31:29.411Z",
        "value": "1.5984604358673096",
        "cumulative": false
    }
]