[
    {
        "date": "2020-12-08T11:30:53.417Z",
        "value": "50.0",
        "cumulative": false
    },
    {
        "date": "2020-12-08T11:30:55.575Z",
        "value": "79.6875",
        "cumulative": false
    },
    {
        "date": "2020-12-08T11:30:57.748Z",
        "value": "81.25",
        "cumulative": false
    },
    {
        "date": "2020-12-08T11:30:59.890Z",
        "value": "91.40625",
        "cumulative": false
    },
    {
        "date": "2020-12-08T11:31:02.144Z",
        "value": "96.875",
        "cumulative": false
    },
    {
        "date": "2020-12-08T11:31:04.224Z",
        "value": "91.40625",
        "cumulative": false
    },
    {
        "date": "2020-12-08T11:31:06.331Z",
        "value": "96.875",
        "cumulative": false
    },
    {
        "date": "2020-12-08T11:31:08.480Z",
        "value": "96.09375",
        "cumulative": false
    },
    {
        "date": "2020-12-08T11:31:10.582Z",
        "value": "100.0",
        "cumulative": false
    },
    {
        "date": "2020-12-08T11:31:12.682Z",
        "value": "98.4375",
        "cumulative": false
    },
    {
        "date": "2020-12-08T11:31:14.946Z",
        "value": "100.0",
        "cumulative": false
    },
    {
        "date": "2020-12-08T11:31:17.254Z",
        "value": "100.0",
        "cumulative": false
    },
    {
        "date": "2020-12-08T11:31:19.403Z",
        "value": "99.21875",
        "cumulative": false
    },
    {
        "date": "2020-12-08T11:31:21.514Z",
        "value": "99.21875",
        "cumulative": false
    },
    {
        "date": "2020-12-08T11:31:23.629Z",
        "value": "100.0",
        "cumulative": false
    },
    {
        "date": "2020-12-08T11:31:25.762Z",
        "value": "99.21875",
        "cumulative": false
    },
    {
        "date": "2020-12-08T11:31:27.898Z",
        "value": "100.0",
        "cumulative": false
    }
]