[
    {
        "date": "2020-12-08T11:30:54.861Z",
        "value": "5.887916088104248",
        "cumulative": false
    },
    {
        "date": "2020-12-08T11:30:57.087Z",
        "value": "1.6361167430877686",
        "cumulative": false
    },
    {
        "date": "2020-12-08T11:30:59.207Z",
        "value": "1.5461695194244385",
        "cumulative": false
    },
    {
        "date": "2020-12-08T11:31:01.407Z",
        "value": "1.606344223022461",
        "cumulative": false
    },
    {
        "date": "2020-12-08T11:31:03.551Z",
        "value": "1.5452017784118652",
        "cumulative": false
    },
    {
        "date": "2020-12-08T11:31:05.683Z",
        "value": "1.5585546493530273",
        "cumulative": false
    },
    {
        "date": "2020-12-08T11:31:07.787Z",
        "value": "1.5626165866851807",
        "cumulative": false
    },
    {
        "date": "2020-12-08T11:31:09.894Z",
        "value": "1.5136666297912598",
        "cumulative": false
    },
    {
        "date": "2020-12-08T11:31:11.995Z",
        "value": "1.513380527496338",
        "cumulative": false
    },
    {
        "date": "2020-12-08T11:31:14.231Z",
        "value": "1.6612598896026611",
        "cumulative": false
    },
    {
        "date": "2020-12-08T11:31:16.541Z",
        "value": "1.707111120223999",
        "cumulative": false
    },
    {
        "date": "2020-12-08T11:31:18.736Z",
        "value": "1.5941734313964844",
        "cumulative": false
    },
    {
        "date": "2020-12-08T11:31:20.829Z",
        "value": "1.5119760036468506",
        "cumulative": false
    },
    {
        "date": "2020-12-08T11:31:22.954Z",
        "value": "1.5651249885559082",
        "cumulative": false
    },
    {
        "date": "2020-12-08T11:31:25.076Z",
        "value": "1.5572168827056885",
        "cumulative": false
    },
    {
        "date": "2020-12-08T11:31:27.187Z",
        "value": "1.5346887111663818",
        "cumulative": false
    },
    {
        "date": "2020-12-08T11:31:29.412Z",
        "value": "1.6309740543365479",
        "cumulative": false
    }
]