[
    {
        "date": "2020-12-08T11:30:54.865Z",
        "value": "0.12364006042480469",
        "cumulative": false
    },
    {
        "date": "2020-12-08T11:30:57.087Z",
        "value": "0.12307476997375488",
        "cumulative": false
    },
    {
        "date": "2020-12-08T11:30:59.207Z",
        "value": "0.1291673183441162",
        "cumulative": false
    },
    {
        "date": "2020-12-08T11:31:01.407Z",
        "value": "0.10993790626525879",
        "cumulative": false
    },
    {
        "date": "2020-12-08T11:31:03.551Z",
        "value": "0.1319432258605957",
        "cumulative": false
    },
    {
        "date": "2020-12-08T11:31:05.683Z",
        "value": "0.1224222183227539",
        "cumulative": false
    },
    {
        "date": "2020-12-08T11:31:07.787Z",
        "value": "0.10988020896911621",
        "cumulative": false
    },
    {
        "date": "2020-12-08T11:31:09.894Z",
        "value": "0.11712074279785156",
        "cumulative": false
    },
    {
        "date": "2020-12-08T11:31:11.995Z",
        "value": "0.11333489418029785",
        "cumulative": false
    },
    {
        "date": "2020-12-08T11:31:14.231Z",
        "value": "0.10858011245727539",
        "cumulative": false
    },
    {
        "date": "2020-12-08T11:31:16.541Z",
        "value": "0.11603045463562012",
        "cumulative": false
    },
    {
        "date": "2020-12-08T11:31:18.737Z",
        "value": "0.13204264640808105",
        "cumulative": false
    },
    {
        "date": "2020-12-08T11:31:20.829Z",
        "value": "0.12049746513366699",
        "cumulative": false
    },
    {
        "date": "2020-12-08T11:31:22.954Z",
        "value": "0.11777162551879883",
        "cumulative": false
    },
    {
        "date": "2020-12-08T11:31:25.076Z",
        "value": "0.1207740306854248",
        "cumulative": false
    },
    {
        "date": "2020-12-08T11:31:27.187Z",
        "value": "0.11061930656433105",
        "cumulative": false
    },
    {
        "date": "2020-12-08T11:31:29.412Z",
        "value": "0.12088584899902344",
        "cumulative": false
    }
]