[
    {
        "date": "2020-12-08T11:30:54.880Z",
        "value": "5.861345291137695",
        "cumulative": false
    },
    {
        "date": "2020-12-08T11:30:57.103Z",
        "value": "1.5949733257293701",
        "cumulative": false
    },
    {
        "date": "2020-12-08T11:30:59.229Z",
        "value": "1.5303661823272705",
        "cumulative": false
    },
    {
        "date": "2020-12-08T11:31:01.409Z",
        "value": "1.5955238342285156",
        "cumulative": false
    },
    {
        "date": "2020-12-08T11:31:03.566Z",
        "value": "1.547321081161499",
        "cumulative": false
    },
    {
        "date": "2020-12-08T11:31:05.694Z",
        "value": "1.5464649200439453",
        "cumulative": false
    },
    {
        "date": "2020-12-08T11:31:07.803Z",
        "value": "1.5507614612579346",
        "cumulative": false
    },
    {
        "date": "2020-12-08T11:31:09.898Z",
        "value": "1.4794116020202637",
        "cumulative": false
    },
    {
        "date": "2020-12-08T11:31:12.024Z",
        "value": "1.5203111171722412",
        "cumulative": false
    },
    {
        "date": "2020-12-08T11:31:14.253Z",
        "value": "1.6458261013031006",
        "cumulative": false
    },
    {
        "date": "2020-12-08T11:31:16.548Z",
        "value": "1.6760528087615967",
        "cumulative": false
    },
    {
        "date": "2020-12-08T11:31:18.747Z",
        "value": "1.5917363166809082",
        "cumulative": false
    },
    {
        "date": "2020-12-08T11:31:20.843Z",
        "value": "1.5029222965240479",
        "cumulative": false
    },
    {
        "date": "2020-12-08T11:31:22.964Z",
        "value": "1.550025463104248",
        "cumulative": false
    },
    {
        "date": "2020-12-08T11:31:25.086Z",
        "value": "1.5214807987213135",
        "cumulative": false
    },
    {
        "date": "2020-12-08T11:31:27.200Z",
        "value": "1.5279858112335205",
        "cumulative": false
    },
    {
        "date": "2020-12-08T11:31:29.429Z",
        "value": "1.5980844497680664",
        "cumulative": false
    }
]