[
    {
        "date": "2020-12-08T11:30:54.867Z",
        "value": "0.12748479843139648",
        "cumulative": false
    },
    {
        "date": "2020-12-08T11:30:57.086Z",
        "value": "0.12804222106933594",
        "cumulative": false
    },
    {
        "date": "2020-12-08T11:30:59.208Z",
        "value": "0.12401676177978516",
        "cumulative": false
    },
    {
        "date": "2020-12-08T11:31:01.398Z",
        "value": "0.14695167541503906",
        "cumulative": false
    },
    {
        "date": "2020-12-08T11:31:03.555Z",
        "value": "0.13185858726501465",
        "cumulative": false
    },
    {
        "date": "2020-12-08T11:31:05.688Z",
        "value": "0.12420797348022461",
        "cumulative": false
    },
    {
        "date": "2020-12-08T11:31:07.792Z",
        "value": "0.13296175003051758",
        "cumulative": false
    },
    {
        "date": "2020-12-08T11:31:09.887Z",
        "value": "0.13672232627868652",
        "cumulative": false
    },
    {
        "date": "2020-12-08T11:31:11.999Z",
        "value": "0.13790583610534668",
        "cumulative": false
    },
    {
        "date": "2020-12-08T11:31:14.237Z",
        "value": "0.1340010166168213",
        "cumulative": false
    },
    {
        "date": "2020-12-08T11:31:16.538Z",
        "value": "0.12692832946777344",
        "cumulative": false
    },
    {
        "date": "2020-12-08T11:31:18.733Z",
        "value": "0.13413286209106445",
        "cumulative": false
    },
    {
        "date": "2020-12-08T11:31:20.843Z",
        "value": "0.14106154441833496",
        "cumulative": false
    },
    {
        "date": "2020-12-08T11:31:22.969Z",
        "value": "0.13740968704223633",
        "cumulative": false
    },
    {
        "date": "2020-12-08T11:31:25.078Z",
        "value": "0.13043856620788574",
        "cumulative": false
    },
    {
        "date": "2020-12-08T11:31:27.189Z",
        "value": "0.13375520706176758",
        "cumulative": false
    },
    {
        "date": "2020-12-08T11:31:29.413Z",
        "value": "0.146867036819458",
        "cumulative": false
    }
]