[
    {
        "date": "2020-12-08T11:30:54.864Z",
        "value": "0.07279753684997559",
        "cumulative": false
    },
    {
        "date": "2020-12-08T11:30:57.078Z",
        "value": "0.0584568977355957",
        "cumulative": false
    },
    {
        "date": "2020-12-08T11:30:59.202Z",
        "value": "0.06233334541320801",
        "cumulative": false
    },
    {
        "date": "2020-12-08T11:31:01.394Z",
        "value": "0.0605471134185791",
        "cumulative": false
    },
    {
        "date": "2020-12-08T11:31:03.561Z",
        "value": "0.04910111427307129",
        "cumulative": false
    },
    {
        "date": "2020-12-08T11:31:05.681Z",
        "value": "0.07054805755615234",
        "cumulative": false
    },
    {
        "date": "2020-12-08T11:31:07.789Z",
        "value": "0.05590510368347168",
        "cumulative": false
    },
    {
        "date": "2020-12-08T11:31:09.895Z",
        "value": "0.06410074234008789",
        "cumulative": false
    },
    {
        "date": "2020-12-08T11:31:12.002Z",
        "value": "0.06359124183654785",
        "cumulative": false
    },
    {
        "date": "2020-12-08T11:31:14.241Z",
        "value": "0.06767034530639648",
        "cumulative": false
    },
    {
        "date": "2020-12-08T11:31:16.538Z",
        "value": "0.05969524383544922",
        "cumulative": false
    },
    {
        "date": "2020-12-08T11:31:18.739Z",
        "value": "0.05781292915344238",
        "cumulative": false
    },
    {
        "date": "2020-12-08T11:31:20.824Z",
        "value": "0.05496072769165039",
        "cumulative": false
    },
    {
        "date": "2020-12-08T11:31:22.960Z",
        "value": "0.06461262702941895",
        "cumulative": false
    },
    {
        "date": "2020-12-08T11:31:25.079Z",
        "value": "0.04937386512756348",
        "cumulative": false
    },
    {
        "date": "2020-12-08T11:31:27.187Z",
        "value": "0.04886436462402344",
        "cumulative": false
    },
    {
        "date": "2020-12-08T11:31:29.410Z",
        "value": "0.04997420310974121",
        "cumulative": false
    }
]