[
    {
        "date": "2020-12-08T11:30:54.872Z",
        "value": "0.005162715911865234",
        "cumulative": false
    },
    {
        "date": "2020-12-08T11:30:57.086Z",
        "value": "0.005034923553466797",
        "cumulative": false
    },
    {
        "date": "2020-12-08T11:30:59.213Z",
        "value": "0.004741668701171875",
        "cumulative": false
    },
    {
        "date": "2020-12-08T11:31:01.402Z",
        "value": "0.004758119583129883",
        "cumulative": false
    },
    {
        "date": "2020-12-08T11:31:03.558Z",
        "value": "0.004782438278198242",
        "cumulative": false
    },
    {
        "date": "2020-12-08T11:31:05.699Z",
        "value": "0.005030393600463867",
        "cumulative": false
    },
    {
        "date": "2020-12-08T11:31:07.797Z",
        "value": "0.007050752639770508",
        "cumulative": false
    },
    {
        "date": "2020-12-08T11:31:09.893Z",
        "value": "0.005698204040527344",
        "cumulative": false
    },
    {
        "date": "2020-12-08T11:31:12.016Z",
        "value": "0.005318403244018555",
        "cumulative": false
    },
    {
        "date": "2020-12-08T11:31:14.243Z",
        "value": "0.004755735397338867",
        "cumulative": false
    },
    {
        "date": "2020-12-08T11:31:16.544Z",
        "value": "0.004919528961181641",
        "cumulative": false
    },
    {
        "date": "2020-12-08T11:31:18.738Z",
        "value": "0.004984140396118164",
        "cumulative": false
    },
    {
        "date": "2020-12-08T11:31:20.840Z",
        "value": "0.005311012268066406",
        "cumulative": false
    },
    {
        "date": "2020-12-08T11:31:22.968Z",
        "value": "0.004598379135131836",
        "cumulative": false
    },
    {
        "date": "2020-12-08T11:31:25.084Z",
        "value": "0.0048177242279052734",
        "cumulative": false
    },
    {
        "date": "2020-12-08T11:31:27.205Z",
        "value": "0.0049495697021484375",
        "cumulative": false
    },
    {
        "date": "2020-12-08T11:31:29.419Z",
        "value": "0.00458216667175293",
        "cumulative": false
    }
]