[
    {
        "date": "2020-12-08T11:30:54.872Z",
        "value": "0.0975961685180664",
        "cumulative": false
    },
    {
        "date": "2020-12-08T11:30:57.081Z",
        "value": "0.11347222328186035",
        "cumulative": false
    },
    {
        "date": "2020-12-08T11:30:59.210Z",
        "value": "0.09894514083862305",
        "cumulative": false
    },
    {
        "date": "2020-12-08T11:31:01.400Z",
        "value": "0.10617709159851074",
        "cumulative": false
    },
    {
        "date": "2020-12-08T11:31:03.564Z",
        "value": "0.1329662799835205",
        "cumulative": false
    },
    {
        "date": "2020-12-08T11:31:05.686Z",
        "value": "0.10233545303344727",
        "cumulative": false
    },
    {
        "date": "2020-12-08T11:31:07.795Z",
        "value": "0.11074161529541016",
        "cumulative": false
    },
    {
        "date": "2020-12-08T11:31:09.889Z",
        "value": "0.10771918296813965",
        "cumulative": false
    },
    {
        "date": "2020-12-08T11:31:11.999Z",
        "value": "0.1103971004486084",
        "cumulative": false
    },
    {
        "date": "2020-12-08T11:31:14.243Z",
        "value": "0.10628104209899902",
        "cumulative": false
    },
    {
        "date": "2020-12-08T11:31:16.544Z",
        "value": "0.10856318473815918",
        "cumulative": false
    },
    {
        "date": "2020-12-08T11:31:18.737Z",
        "value": "0.12827420234680176",
        "cumulative": false
    },
    {
        "date": "2020-12-08T11:31:20.833Z",
        "value": "0.10478878021240234",
        "cumulative": false
    },
    {
        "date": "2020-12-08T11:31:22.954Z",
        "value": "0.11088156700134277",
        "cumulative": false
    },
    {
        "date": "2020-12-08T11:31:25.090Z",
        "value": "0.10332536697387695",
        "cumulative": false
    },
    {
        "date": "2020-12-08T11:31:27.201Z",
        "value": "0.11356973648071289",
        "cumulative": false
    },
    {
        "date": "2020-12-08T11:31:29.415Z",
        "value": "0.11216259002685547",
        "cumulative": false
    }
]