[
    {
        "date": "2020-12-08T11:30:54.867Z",
        "value": "0.06342673301696777",
        "cumulative": false
    },
    {
        "date": "2020-12-08T11:30:57.082Z",
        "value": "0.05736351013183594",
        "cumulative": false
    },
    {
        "date": "2020-12-08T11:30:59.210Z",
        "value": "0.07992434501647949",
        "cumulative": false
    },
    {
        "date": "2020-12-08T11:31:01.399Z",
        "value": "0.05627846717834473",
        "cumulative": false
    },
    {
        "date": "2020-12-08T11:31:03.558Z",
        "value": "0.05671501159667969",
        "cumulative": false
    },
    {
        "date": "2020-12-08T11:31:05.686Z",
        "value": "0.057454586029052734",
        "cumulative": false
    },
    {
        "date": "2020-12-08T11:31:07.795Z",
        "value": "0.06102108955383301",
        "cumulative": false
    },
    {
        "date": "2020-12-08T11:31:09.895Z",
        "value": "0.05609416961669922",
        "cumulative": false
    },
    {
        "date": "2020-12-08T11:31:12.001Z",
        "value": "0.06059861183166504",
        "cumulative": false
    },
    {
        "date": "2020-12-08T11:31:14.241Z",
        "value": "0.05095672607421875",
        "cumulative": false
    },
    {
        "date": "2020-12-08T11:31:16.541Z",
        "value": "0.05906510353088379",
        "cumulative": false
    },
    {
        "date": "2020-12-08T11:31:18.733Z",
        "value": "0.06062054634094238",
        "cumulative": false
    },
    {
        "date": "2020-12-08T11:31:20.831Z",
        "value": "0.06296825408935547",
        "cumulative": false
    },
    {
        "date": "2020-12-08T11:31:22.962Z",
        "value": "0.05772209167480469",
        "cumulative": false
    },
    {
        "date": "2020-12-08T11:31:25.078Z",
        "value": "0.06053471565246582",
        "cumulative": false
    },
    {
        "date": "2020-12-08T11:31:27.193Z",
        "value": "0.05271172523498535",
        "cumulative": false
    },
    {
        "date": "2020-12-08T11:31:29.415Z",
        "value": "0.05517911911010742",
        "cumulative": false
    }
]