[
    {
        "date": "2020-12-08T11:30:54.871Z",
        "value": "0.05559706687927246",
        "cumulative": false
    },
    {
        "date": "2020-12-08T11:30:57.085Z",
        "value": "0.057549238204956055",
        "cumulative": false
    },
    {
        "date": "2020-12-08T11:30:59.211Z",
        "value": "0.05439877510070801",
        "cumulative": false
    },
    {
        "date": "2020-12-08T11:31:01.408Z",
        "value": "0.052988529205322266",
        "cumulative": false
    },
    {
        "date": "2020-12-08T11:31:03.558Z",
        "value": "0.05646467208862305",
        "cumulative": false
    },
    {
        "date": "2020-12-08T11:31:05.687Z",
        "value": "0.056732892990112305",
        "cumulative": false
    },
    {
        "date": "2020-12-08T11:31:07.803Z",
        "value": "0.06125497817993164",
        "cumulative": false
    },
    {
        "date": "2020-12-08T11:31:09.892Z",
        "value": "0.05263090133666992",
        "cumulative": false
    },
    {
        "date": "2020-12-08T11:31:12.018Z",
        "value": "0.0608363151550293",
        "cumulative": false
    },
    {
        "date": "2020-12-08T11:31:14.240Z",
        "value": "0.04670858383178711",
        "cumulative": false
    },
    {
        "date": "2020-12-08T11:31:16.544Z",
        "value": "0.06301522254943848",
        "cumulative": false
    },
    {
        "date": "2020-12-08T11:31:18.737Z",
        "value": "0.06590080261230469",
        "cumulative": false
    },
    {
        "date": "2020-12-08T11:31:20.838Z",
        "value": "0.05938553810119629",
        "cumulative": false
    },
    {
        "date": "2020-12-08T11:31:22.958Z",
        "value": "0.060190439224243164",
        "cumulative": false
    },
    {
        "date": "2020-12-08T11:31:25.082Z",
        "value": "0.06724905967712402",
        "cumulative": false
    },
    {
        "date": "2020-12-08T11:31:27.197Z",
        "value": "0.059159040451049805",
        "cumulative": false
    },
    {
        "date": "2020-12-08T11:31:29.416Z",
        "value": "0.054201602935791016",
        "cumulative": false
    }
]