[
    {
        "date": "2020-12-08T11:30:54.871Z",
        "value": "0.005073070526123047",
        "cumulative": false
    },
    {
        "date": "2020-12-08T11:30:57.085Z",
        "value": "0.004900217056274414",
        "cumulative": false
    },
    {
        "date": "2020-12-08T11:30:59.211Z",
        "value": "0.014931917190551758",
        "cumulative": false
    },
    {
        "date": "2020-12-08T11:31:01.408Z",
        "value": "0.00459742546081543",
        "cumulative": false
    },
    {
        "date": "2020-12-08T11:31:03.558Z",
        "value": "0.0048944950103759766",
        "cumulative": false
    },
    {
        "date": "2020-12-08T11:31:05.687Z",
        "value": "0.004919528961181641",
        "cumulative": false
    },
    {
        "date": "2020-12-08T11:31:07.803Z",
        "value": "0.005211353302001953",
        "cumulative": false
    },
    {
        "date": "2020-12-08T11:31:09.892Z",
        "value": "0.004751920700073242",
        "cumulative": false
    },
    {
        "date": "2020-12-08T11:31:12.018Z",
        "value": "0.005032062530517578",
        "cumulative": false
    },
    {
        "date": "2020-12-08T11:31:14.240Z",
        "value": "0.00461125373840332",
        "cumulative": false
    },
    {
        "date": "2020-12-08T11:31:16.544Z",
        "value": "0.005318880081176758",
        "cumulative": false
    },
    {
        "date": "2020-12-08T11:31:18.737Z",
        "value": "0.005595684051513672",
        "cumulative": false
    },
    {
        "date": "2020-12-08T11:31:20.838Z",
        "value": "0.005829811096191406",
        "cumulative": false
    },
    {
        "date": "2020-12-08T11:31:22.958Z",
        "value": "0.005459308624267578",
        "cumulative": false
    },
    {
        "date": "2020-12-08T11:31:25.082Z",
        "value": "0.0060846805572509766",
        "cumulative": false
    },
    {
        "date": "2020-12-08T11:31:27.197Z",
        "value": "0.005288124084472656",
        "cumulative": false
    },
    {
        "date": "2020-12-08T11:31:29.416Z",
        "value": "0.00524592399597168",
        "cumulative": false
    }
]