[
    {
        "date": "2020-12-08T11:30:54.869Z",
        "value": "0.1191408634185791",
        "cumulative": false
    },
    {
        "date": "2020-12-08T11:30:57.086Z",
        "value": "0.12705373764038086",
        "cumulative": false
    },
    {
        "date": "2020-12-08T11:30:59.211Z",
        "value": "0.13976550102233887",
        "cumulative": false
    },
    {
        "date": "2020-12-08T11:31:01.405Z",
        "value": "0.13373899459838867",
        "cumulative": false
    },
    {
        "date": "2020-12-08T11:31:03.563Z",
        "value": "0.1297616958618164",
        "cumulative": false
    },
    {
        "date": "2020-12-08T11:31:05.691Z",
        "value": "0.11918354034423828",
        "cumulative": false
    },
    {
        "date": "2020-12-08T11:31:07.804Z",
        "value": "0.1332380771636963",
        "cumulative": false
    },
    {
        "date": "2020-12-08T11:31:09.898Z",
        "value": "0.12836289405822754",
        "cumulative": false
    },
    {
        "date": "2020-12-08T11:31:12.004Z",
        "value": "0.12896728515625",
        "cumulative": false
    },
    {
        "date": "2020-12-08T11:31:14.249Z",
        "value": "0.10684728622436523",
        "cumulative": false
    },
    {
        "date": "2020-12-08T11:31:16.542Z",
        "value": "0.12024092674255371",
        "cumulative": false
    },
    {
        "date": "2020-12-08T11:31:18.742Z",
        "value": "0.11220765113830566",
        "cumulative": false
    },
    {
        "date": "2020-12-08T11:31:20.849Z",
        "value": "0.1305546760559082",
        "cumulative": false
    },
    {
        "date": "2020-12-08T11:31:22.965Z",
        "value": "0.13907456398010254",
        "cumulative": false
    },
    {
        "date": "2020-12-08T11:31:25.081Z",
        "value": "0.13618755340576172",
        "cumulative": false
    },
    {
        "date": "2020-12-08T11:31:27.200Z",
        "value": "0.12728238105773926",
        "cumulative": false
    },
    {
        "date": "2020-12-08T11:31:29.420Z",
        "value": "0.11506962776184082",
        "cumulative": false
    }
]