[
    {
        "date": "2020-12-08T11:30:54.871Z",
        "value": "0.01414942741394043",
        "cumulative": false
    },
    {
        "date": "2020-12-08T11:30:57.074Z",
        "value": "0.01316976547241211",
        "cumulative": false
    },
    {
        "date": "2020-12-08T11:30:59.200Z",
        "value": "0.012983322143554688",
        "cumulative": false
    },
    {
        "date": "2020-12-08T11:31:01.394Z",
        "value": "0.013602018356323242",
        "cumulative": false
    },
    {
        "date": "2020-12-08T11:31:03.562Z",
        "value": "0.013292312622070312",
        "cumulative": false
    },
    {
        "date": "2020-12-08T11:31:05.684Z",
        "value": "0.014028549194335938",
        "cumulative": false
    },
    {
        "date": "2020-12-08T11:31:07.793Z",
        "value": "0.015489339828491211",
        "cumulative": false
    },
    {
        "date": "2020-12-08T11:31:09.897Z",
        "value": "0.014524221420288086",
        "cumulative": false
    },
    {
        "date": "2020-12-08T11:31:12.002Z",
        "value": "0.013401031494140625",
        "cumulative": false
    },
    {
        "date": "2020-12-08T11:31:14.232Z",
        "value": "0.013072013854980469",
        "cumulative": false
    },
    {
        "date": "2020-12-08T11:31:16.538Z",
        "value": "0.012659311294555664",
        "cumulative": false
    },
    {
        "date": "2020-12-08T11:31:18.739Z",
        "value": "0.01599860191345215",
        "cumulative": false
    },
    {
        "date": "2020-12-08T11:31:20.829Z",
        "value": "0.014606952667236328",
        "cumulative": false
    },
    {
        "date": "2020-12-08T11:31:22.951Z",
        "value": "0.012537717819213867",
        "cumulative": false
    },
    {
        "date": "2020-12-08T11:31:25.078Z",
        "value": "0.013603925704956055",
        "cumulative": false
    },
    {
        "date": "2020-12-08T11:31:27.182Z",
        "value": "0.013503551483154297",
        "cumulative": false
    },
    {
        "date": "2020-12-08T11:31:29.418Z",
        "value": "0.013883352279663086",
        "cumulative": false
    }
]