[
    {
        "date": "2020-12-08T11:30:54.864Z",
        "value": "3.0228283405303955",
        "cumulative": false
    },
    {
        "date": "2020-12-08T11:30:57.081Z",
        "value": "1.1041626930236816",
        "cumulative": false
    },
    {
        "date": "2020-12-08T11:30:59.203Z",
        "value": "0.9694125652313232",
        "cumulative": false
    },
    {
        "date": "2020-12-08T11:31:01.395Z",
        "value": "1.061917781829834",
        "cumulative": false
    },
    {
        "date": "2020-12-08T11:31:03.554Z",
        "value": "0.9258418083190918",
        "cumulative": false
    },
    {
        "date": "2020-12-08T11:31:05.682Z",
        "value": "1.0146846771240234",
        "cumulative": false
    },
    {
        "date": "2020-12-08T11:31:07.791Z",
        "value": "0.9599685668945312",
        "cumulative": false
    },
    {
        "date": "2020-12-08T11:31:09.886Z",
        "value": "0.9249997138977051",
        "cumulative": false
    },
    {
        "date": "2020-12-08T11:31:12.000Z",
        "value": "0.9699809551239014",
        "cumulative": false
    },
    {
        "date": "2020-12-08T11:31:14.248Z",
        "value": "1.1563529968261719",
        "cumulative": false
    },
    {
        "date": "2020-12-08T11:31:16.535Z",
        "value": "1.1300325393676758",
        "cumulative": false
    },
    {
        "date": "2020-12-08T11:31:18.730Z",
        "value": "1.0332584381103516",
        "cumulative": false
    },
    {
        "date": "2020-12-08T11:31:20.828Z",
        "value": "1.0030465126037598",
        "cumulative": false
    },
    {
        "date": "2020-12-08T11:31:22.952Z",
        "value": "1.0157921314239502",
        "cumulative": false
    },
    {
        "date": "2020-12-08T11:31:25.073Z",
        "value": "1.0327816009521484",
        "cumulative": false
    },
    {
        "date": "2020-12-08T11:31:27.192Z",
        "value": "0.9931530952453613",
        "cumulative": false
    },
    {
        "date": "2020-12-08T11:31:29.411Z",
        "value": "1.0670838356018066",
        "cumulative": false
    }
]