[
    {
        "date": "2020-12-08T11:30:54.867Z",
        "value": "0.005072832107543945",
        "cumulative": false
    },
    {
        "date": "2020-12-08T11:30:57.082Z",
        "value": "0.005089998245239258",
        "cumulative": false
    },
    {
        "date": "2020-12-08T11:30:59.210Z",
        "value": "0.005311250686645508",
        "cumulative": false
    },
    {
        "date": "2020-12-08T11:31:01.399Z",
        "value": "0.004788637161254883",
        "cumulative": false
    },
    {
        "date": "2020-12-08T11:31:03.558Z",
        "value": "0.004874467849731445",
        "cumulative": false
    },
    {
        "date": "2020-12-08T11:31:05.686Z",
        "value": "0.005251407623291016",
        "cumulative": false
    },
    {
        "date": "2020-12-08T11:31:07.795Z",
        "value": "0.005231380462646484",
        "cumulative": false
    },
    {
        "date": "2020-12-08T11:31:09.896Z",
        "value": "0.004742860794067383",
        "cumulative": false
    },
    {
        "date": "2020-12-08T11:31:12.001Z",
        "value": "0.005478858947753906",
        "cumulative": false
    },
    {
        "date": "2020-12-08T11:31:14.242Z",
        "value": "0.0044786930084228516",
        "cumulative": false
    },
    {
        "date": "2020-12-08T11:31:16.541Z",
        "value": "0.005214214324951172",
        "cumulative": false
    },
    {
        "date": "2020-12-08T11:31:18.733Z",
        "value": "0.005125522613525391",
        "cumulative": false
    },
    {
        "date": "2020-12-08T11:31:20.831Z",
        "value": "0.004759550094604492",
        "cumulative": false
    },
    {
        "date": "2020-12-08T11:31:22.962Z",
        "value": "0.005171298980712891",
        "cumulative": false
    },
    {
        "date": "2020-12-08T11:31:25.078Z",
        "value": "0.005555152893066406",
        "cumulative": false
    },
    {
        "date": "2020-12-08T11:31:27.193Z",
        "value": "0.004747629165649414",
        "cumulative": false
    },
    {
        "date": "2020-12-08T11:31:29.415Z",
        "value": "0.005181074142456055",
        "cumulative": false
    }
]