[
    {
        "date": "2020-12-08T11:30:54.868Z",
        "value": "0.019704580307006836",
        "cumulative": false
    },
    {
        "date": "2020-12-08T11:30:57.079Z",
        "value": "0.019692182540893555",
        "cumulative": false
    },
    {
        "date": "2020-12-08T11:30:59.215Z",
        "value": "0.020505666732788086",
        "cumulative": false
    },
    {
        "date": "2020-12-08T11:31:01.403Z",
        "value": "0.019426584243774414",
        "cumulative": false
    },
    {
        "date": "2020-12-08T11:31:03.563Z",
        "value": "0.018483877182006836",
        "cumulative": false
    },
    {
        "date": "2020-12-08T11:31:05.685Z",
        "value": "0.023775577545166016",
        "cumulative": false
    },
    {
        "date": "2020-12-08T11:31:07.794Z",
        "value": "0.01841592788696289",
        "cumulative": false
    },
    {
        "date": "2020-12-08T11:31:09.890Z",
        "value": "0.020443439483642578",
        "cumulative": false
    },
    {
        "date": "2020-12-08T11:31:12.006Z",
        "value": "0.017855405807495117",
        "cumulative": false
    },
    {
        "date": "2020-12-08T11:31:14.242Z",
        "value": "0.0191648006439209",
        "cumulative": false
    },
    {
        "date": "2020-12-08T11:31:16.538Z",
        "value": "0.020394563674926758",
        "cumulative": false
    },
    {
        "date": "2020-12-08T11:31:18.742Z",
        "value": "0.02048206329345703",
        "cumulative": false
    },
    {
        "date": "2020-12-08T11:31:20.838Z",
        "value": "0.0230410099029541",
        "cumulative": false
    },
    {
        "date": "2020-12-08T11:31:22.961Z",
        "value": "0.01959061622619629",
        "cumulative": false
    },
    {
        "date": "2020-12-08T11:31:25.077Z",
        "value": "0.02251291275024414",
        "cumulative": false
    },
    {
        "date": "2020-12-08T11:31:27.190Z",
        "value": "0.020608901977539062",
        "cumulative": false
    },
    {
        "date": "2020-12-08T11:31:29.420Z",
        "value": "0.018924474716186523",
        "cumulative": false
    }
]