[
    {
        "date": "2020-12-08T11:30:53.422Z",
        "value": "11.71875",
        "cumulative": false
    },
    {
        "date": "2020-12-08T11:30:55.579Z",
        "value": "21.875",
        "cumulative": false
    },
    {
        "date": "2020-12-08T11:30:57.750Z",
        "value": "29.6875",
        "cumulative": false
    },
    {
        "date": "2020-12-08T11:30:59.896Z",
        "value": "57.03125",
        "cumulative": false
    },
    {
        "date": "2020-12-08T11:31:02.150Z",
        "value": "45.3125",
        "cumulative": false
    },
    {
        "date": "2020-12-08T11:31:04.230Z",
        "value": "57.8125",
        "cumulative": false
    },
    {
        "date": "2020-12-08T11:31:06.337Z",
        "value": "64.84375",
        "cumulative": false
    },
    {
        "date": "2020-12-08T11:31:08.486Z",
        "value": "72.65625",
        "cumulative": false
    },
    {
        "date": "2020-12-08T11:31:10.587Z",
        "value": "72.65625",
        "cumulative": false
    },
    {
        "date": "2020-12-08T11:31:12.689Z",
        "value": "72.65625",
        "cumulative": false
    },
    {
        "date": "2020-12-08T11:31:14.950Z",
        "value": "72.65625",
        "cumulative": false
    },
    {
        "date": "2020-12-08T11:31:17.260Z",
        "value": "78.90625",
        "cumulative": false
    },
    {
        "date": "2020-12-08T11:31:19.411Z",
        "value": "79.6875",
        "cumulative": false
    },
    {
        "date": "2020-12-08T11:31:21.519Z",
        "value": "84.375",
        "cumulative": false
    },
    {
        "date": "2020-12-08T11:31:23.636Z",
        "value": "78.90625",
        "cumulative": false
    },
    {
        "date": "2020-12-08T11:31:25.770Z",
        "value": "86.71875",
        "cumulative": false
    },
    {
        "date": "2020-12-08T11:31:27.904Z",
        "value": "88.28125",
        "cumulative": false
    }
]