[
    {
        "date": "2020-12-08T11:30:54.872Z",
        "value": "2.420734405517578",
        "cumulative": false
    },
    {
        "date": "2020-12-08T11:30:57.086Z",
        "value": "0.18491625785827637",
        "cumulative": false
    },
    {
        "date": "2020-12-08T11:30:59.213Z",
        "value": "0.19039678573608398",
        "cumulative": false
    },
    {
        "date": "2020-12-08T11:31:01.402Z",
        "value": "0.18334245681762695",
        "cumulative": false
    },
    {
        "date": "2020-12-08T11:31:03.558Z",
        "value": "0.17843198776245117",
        "cumulative": false
    },
    {
        "date": "2020-12-08T11:31:05.699Z",
        "value": "0.20372700691223145",
        "cumulative": false
    },
    {
        "date": "2020-12-08T11:31:07.797Z",
        "value": "0.1816728115081787",
        "cumulative": false
    },
    {
        "date": "2020-12-08T11:31:09.893Z",
        "value": "0.2074286937713623",
        "cumulative": false
    },
    {
        "date": "2020-12-08T11:31:12.016Z",
        "value": "0.17571520805358887",
        "cumulative": false
    },
    {
        "date": "2020-12-08T11:31:14.243Z",
        "value": "0.1716930866241455",
        "cumulative": false
    },
    {
        "date": "2020-12-08T11:31:16.544Z",
        "value": "0.1767134666442871",
        "cumulative": false
    },
    {
        "date": "2020-12-08T11:31:18.738Z",
        "value": "0.17804169654846191",
        "cumulative": false
    },
    {
        "date": "2020-12-08T11:31:20.840Z",
        "value": "0.19692158699035645",
        "cumulative": false
    },
    {
        "date": "2020-12-08T11:31:22.968Z",
        "value": "0.1976161003112793",
        "cumulative": false
    },
    {
        "date": "2020-12-08T11:31:25.084Z",
        "value": "0.18725943565368652",
        "cumulative": false
    },
    {
        "date": "2020-12-08T11:31:27.205Z",
        "value": "0.18984127044677734",
        "cumulative": false
    },
    {
        "date": "2020-12-08T11:31:29.419Z",
        "value": "0.1913130283355713",
        "cumulative": false
    }
]