[
    {
        "date": "2020-12-08T11:30:54.861Z",
        "value": "5.8706889152526855",
        "cumulative": false
    },
    {
        "date": "2020-12-08T11:30:57.098Z",
        "value": "1.6156325340270996",
        "cumulative": false
    },
    {
        "date": "2020-12-08T11:30:59.205Z",
        "value": "1.5310022830963135",
        "cumulative": false
    },
    {
        "date": "2020-12-08T11:31:01.400Z",
        "value": "1.583216667175293",
        "cumulative": false
    },
    {
        "date": "2020-12-08T11:31:03.556Z",
        "value": "1.5366933345794678",
        "cumulative": false
    },
    {
        "date": "2020-12-08T11:31:05.686Z",
        "value": "1.5369627475738525",
        "cumulative": false
    },
    {
        "date": "2020-12-08T11:31:07.792Z",
        "value": "1.5471501350402832",
        "cumulative": false
    },
    {
        "date": "2020-12-08T11:31:09.888Z",
        "value": "1.4949569702148438",
        "cumulative": false
    },
    {
        "date": "2020-12-08T11:31:12.003Z",
        "value": "1.50077486038208",
        "cumulative": false
    },
    {
        "date": "2020-12-08T11:31:14.242Z",
        "value": "1.6459007263183594",
        "cumulative": false
    },
    {
        "date": "2020-12-08T11:31:16.538Z",
        "value": "1.687171459197998",
        "cumulative": false
    },
    {
        "date": "2020-12-08T11:31:18.747Z",
        "value": "1.5686888694763184",
        "cumulative": false
    },
    {
        "date": "2020-12-08T11:31:20.833Z",
        "value": "1.507699966430664",
        "cumulative": false
    },
    {
        "date": "2020-12-08T11:31:22.956Z",
        "value": "1.5470325946807861",
        "cumulative": false
    },
    {
        "date": "2020-12-08T11:31:25.083Z",
        "value": "1.505000352859497",
        "cumulative": false
    },
    {
        "date": "2020-12-08T11:31:27.188Z",
        "value": "1.5286989212036133",
        "cumulative": false
    },
    {
        "date": "2020-12-08T11:31:29.411Z",
        "value": "1.605379581451416",
        "cumulative": false
    }
]