[
    {
        "date": "2020-12-08T11:30:54.882Z",
        "value": "0.008437395095825195",
        "cumulative": false
    },
    {
        "date": "2020-12-08T11:30:57.103Z",
        "value": "0.008079051971435547",
        "cumulative": false
    },
    {
        "date": "2020-12-08T11:30:59.229Z",
        "value": "0.0074613094329833984",
        "cumulative": false
    },
    {
        "date": "2020-12-08T11:31:01.409Z",
        "value": "0.007597446441650391",
        "cumulative": false
    },
    {
        "date": "2020-12-08T11:31:03.566Z",
        "value": "0.007428169250488281",
        "cumulative": false
    },
    {
        "date": "2020-12-08T11:31:05.694Z",
        "value": "0.008880376815795898",
        "cumulative": false
    },
    {
        "date": "2020-12-08T11:31:07.803Z",
        "value": "0.007542848587036133",
        "cumulative": false
    },
    {
        "date": "2020-12-08T11:31:09.898Z",
        "value": "0.013706684112548828",
        "cumulative": false
    },
    {
        "date": "2020-12-08T11:31:12.024Z",
        "value": "0.007840871810913086",
        "cumulative": false
    },
    {
        "date": "2020-12-08T11:31:14.253Z",
        "value": "0.009509086608886719",
        "cumulative": false
    },
    {
        "date": "2020-12-08T11:31:16.548Z",
        "value": "0.00806879997253418",
        "cumulative": false
    },
    {
        "date": "2020-12-08T11:31:18.747Z",
        "value": "0.025800704956054688",
        "cumulative": false
    },
    {
        "date": "2020-12-08T11:31:20.843Z",
        "value": "0.007665395736694336",
        "cumulative": false
    },
    {
        "date": "2020-12-08T11:31:22.964Z",
        "value": "0.009821176528930664",
        "cumulative": false
    },
    {
        "date": "2020-12-08T11:31:25.086Z",
        "value": "0.009903192520141602",
        "cumulative": false
    },
    {
        "date": "2020-12-08T11:31:27.200Z",
        "value": "0.009816646575927734",
        "cumulative": false
    },
    {
        "date": "2020-12-08T11:31:29.429Z",
        "value": "0.011434793472290039",
        "cumulative": false
    }
]