[
    {
        "date": "2020-12-08T11:30:54.872Z",
        "value": "0.003909111022949219",
        "cumulative": false
    },
    {
        "date": "2020-12-08T11:30:57.081Z",
        "value": "0.003722667694091797",
        "cumulative": false
    },
    {
        "date": "2020-12-08T11:30:59.210Z",
        "value": "0.0037686824798583984",
        "cumulative": false
    },
    {
        "date": "2020-12-08T11:31:01.400Z",
        "value": "0.004685401916503906",
        "cumulative": false
    },
    {
        "date": "2020-12-08T11:31:03.564Z",
        "value": "0.004220485687255859",
        "cumulative": false
    },
    {
        "date": "2020-12-08T11:31:05.686Z",
        "value": "0.0036389827728271484",
        "cumulative": false
    },
    {
        "date": "2020-12-08T11:31:07.795Z",
        "value": "0.004262208938598633",
        "cumulative": false
    },
    {
        "date": "2020-12-08T11:31:09.889Z",
        "value": "0.004113912582397461",
        "cumulative": false
    },
    {
        "date": "2020-12-08T11:31:11.999Z",
        "value": "0.0040323734283447266",
        "cumulative": false
    },
    {
        "date": "2020-12-08T11:31:14.243Z",
        "value": "0.003914356231689453",
        "cumulative": false
    },
    {
        "date": "2020-12-08T11:31:16.544Z",
        "value": "0.003587961196899414",
        "cumulative": false
    },
    {
        "date": "2020-12-08T11:31:18.737Z",
        "value": "0.004590749740600586",
        "cumulative": false
    },
    {
        "date": "2020-12-08T11:31:20.833Z",
        "value": "0.00418543815612793",
        "cumulative": false
    },
    {
        "date": "2020-12-08T11:31:22.954Z",
        "value": "0.004215717315673828",
        "cumulative": false
    },
    {
        "date": "2020-12-08T11:31:25.090Z",
        "value": "0.003839731216430664",
        "cumulative": false
    },
    {
        "date": "2020-12-08T11:31:27.201Z",
        "value": "0.004269123077392578",
        "cumulative": false
    },
    {
        "date": "2020-12-08T11:31:29.415Z",
        "value": "0.0041921138763427734",
        "cumulative": false
    }
]