[
    {
        "date": "2020-12-08T11:30:54.862Z",
        "value": "5.88205099105835",
        "cumulative": false
    },
    {
        "date": "2020-12-08T11:30:57.082Z",
        "value": "1.615553379058838",
        "cumulative": false
    },
    {
        "date": "2020-12-08T11:30:59.210Z",
        "value": "1.5344610214233398",
        "cumulative": false
    },
    {
        "date": "2020-12-08T11:31:01.399Z",
        "value": "1.602095127105713",
        "cumulative": false
    },
    {
        "date": "2020-12-08T11:31:03.558Z",
        "value": "1.5432960987091064",
        "cumulative": false
    },
    {
        "date": "2020-12-08T11:31:05.686Z",
        "value": "1.5397911071777344",
        "cumulative": false
    },
    {
        "date": "2020-12-08T11:31:07.795Z",
        "value": "1.539430856704712",
        "cumulative": false
    },
    {
        "date": "2020-12-08T11:31:09.895Z",
        "value": "1.4892995357513428",
        "cumulative": false
    },
    {
        "date": "2020-12-08T11:31:12.001Z",
        "value": "1.5218706130981445",
        "cumulative": false
    },
    {
        "date": "2020-12-08T11:31:14.241Z",
        "value": "1.647886037826538",
        "cumulative": false
    },
    {
        "date": "2020-12-08T11:31:16.541Z",
        "value": "1.6750495433807373",
        "cumulative": false
    },
    {
        "date": "2020-12-08T11:31:18.733Z",
        "value": "1.579634189605713",
        "cumulative": false
    },
    {
        "date": "2020-12-08T11:31:20.831Z",
        "value": "1.5018589496612549",
        "cumulative": false
    },
    {
        "date": "2020-12-08T11:31:22.962Z",
        "value": "1.540144443511963",
        "cumulative": false
    },
    {
        "date": "2020-12-08T11:31:25.078Z",
        "value": "1.5222811698913574",
        "cumulative": false
    },
    {
        "date": "2020-12-08T11:31:27.193Z",
        "value": "1.5198605060577393",
        "cumulative": false
    },
    {
        "date": "2020-12-08T11:31:29.415Z",
        "value": "1.6003482341766357",
        "cumulative": false
    }
]