[
    {
        "date": "2020-12-08T11:30:53.415Z",
        "value": "11.71875",
        "cumulative": false
    },
    {
        "date": "2020-12-08T11:30:55.572Z",
        "value": "19.53125",
        "cumulative": false
    },
    {
        "date": "2020-12-08T11:30:57.748Z",
        "value": "39.0625",
        "cumulative": false
    },
    {
        "date": "2020-12-08T11:30:59.888Z",
        "value": "45.3125",
        "cumulative": false
    },
    {
        "date": "2020-12-08T11:31:02.143Z",
        "value": "59.375",
        "cumulative": false
    },
    {
        "date": "2020-12-08T11:31:04.222Z",
        "value": "57.8125",
        "cumulative": false
    },
    {
        "date": "2020-12-08T11:31:06.330Z",
        "value": "66.40625",
        "cumulative": false
    },
    {
        "date": "2020-12-08T11:31:08.478Z",
        "value": "75.0",
        "cumulative": false
    },
    {
        "date": "2020-12-08T11:31:10.580Z",
        "value": "65.625",
        "cumulative": false
    },
    {
        "date": "2020-12-08T11:31:12.681Z",
        "value": "71.09375",
        "cumulative": false
    },
    {
        "date": "2020-12-08T11:31:14.943Z",
        "value": "70.3125",
        "cumulative": false
    },
    {
        "date": "2020-12-08T11:31:17.253Z",
        "value": "79.6875",
        "cumulative": false
    },
    {
        "date": "2020-12-08T11:31:19.406Z",
        "value": "86.71875",
        "cumulative": false
    },
    {
        "date": "2020-12-08T11:31:21.513Z",
        "value": "81.25",
        "cumulative": false
    },
    {
        "date": "2020-12-08T11:31:23.627Z",
        "value": "75.78125",
        "cumulative": false
    },
    {
        "date": "2020-12-08T11:31:25.765Z",
        "value": "81.25",
        "cumulative": false
    },
    {
        "date": "2020-12-08T11:31:27.897Z",
        "value": "85.15625",
        "cumulative": false
    }
]