[
    {
        "date": "2020-12-08T11:30:54.870Z",
        "value": "0.015810251235961914",
        "cumulative": false
    },
    {
        "date": "2020-12-08T11:30:57.081Z",
        "value": "0.0074770450592041016",
        "cumulative": false
    },
    {
        "date": "2020-12-08T11:30:59.210Z",
        "value": "0.00744938850402832",
        "cumulative": false
    },
    {
        "date": "2020-12-08T11:31:01.399Z",
        "value": "0.008474588394165039",
        "cumulative": false
    },
    {
        "date": "2020-12-08T11:31:03.564Z",
        "value": "0.006730318069458008",
        "cumulative": false
    },
    {
        "date": "2020-12-08T11:31:05.686Z",
        "value": "0.0069103240966796875",
        "cumulative": false
    },
    {
        "date": "2020-12-08T11:31:07.795Z",
        "value": "0.0066721439361572266",
        "cumulative": false
    },
    {
        "date": "2020-12-08T11:31:09.889Z",
        "value": "0.008136272430419922",
        "cumulative": false
    },
    {
        "date": "2020-12-08T11:31:11.999Z",
        "value": "0.007139444351196289",
        "cumulative": false
    },
    {
        "date": "2020-12-08T11:31:14.243Z",
        "value": "0.0073392391204833984",
        "cumulative": false
    },
    {
        "date": "2020-12-08T11:31:16.543Z",
        "value": "0.006917238235473633",
        "cumulative": false
    },
    {
        "date": "2020-12-08T11:31:18.737Z",
        "value": "0.007974624633789062",
        "cumulative": false
    },
    {
        "date": "2020-12-08T11:31:20.833Z",
        "value": "0.0072062015533447266",
        "cumulative": false
    },
    {
        "date": "2020-12-08T11:31:22.954Z",
        "value": "0.010236263275146484",
        "cumulative": false
    },
    {
        "date": "2020-12-08T11:31:25.090Z",
        "value": "0.0076639652252197266",
        "cumulative": false
    },
    {
        "date": "2020-12-08T11:31:27.201Z",
        "value": "0.0070188045501708984",
        "cumulative": false
    },
    {
        "date": "2020-12-08T11:31:29.415Z",
        "value": "0.0073511600494384766",
        "cumulative": false
    }
]