[
    {
        "date": "2020-12-08T11:30:54.867Z",
        "value": "0.05728459358215332",
        "cumulative": false
    },
    {
        "date": "2020-12-08T11:30:57.087Z",
        "value": "0.06013679504394531",
        "cumulative": false
    },
    {
        "date": "2020-12-08T11:30:59.213Z",
        "value": "0.07038569450378418",
        "cumulative": false
    },
    {
        "date": "2020-12-08T11:31:01.415Z",
        "value": "0.056258201599121094",
        "cumulative": false
    },
    {
        "date": "2020-12-08T11:31:03.561Z",
        "value": "0.06452798843383789",
        "cumulative": false
    },
    {
        "date": "2020-12-08T11:31:05.689Z",
        "value": "0.05962657928466797",
        "cumulative": false
    },
    {
        "date": "2020-12-08T11:31:07.791Z",
        "value": "0.056717634201049805",
        "cumulative": false
    },
    {
        "date": "2020-12-08T11:31:09.887Z",
        "value": "0.05718207359313965",
        "cumulative": false
    },
    {
        "date": "2020-12-08T11:31:11.997Z",
        "value": "0.06312322616577148",
        "cumulative": false
    },
    {
        "date": "2020-12-08T11:31:14.238Z",
        "value": "0.05843186378479004",
        "cumulative": false
    },
    {
        "date": "2020-12-08T11:31:16.543Z",
        "value": "0.05537700653076172",
        "cumulative": false
    },
    {
        "date": "2020-12-08T11:31:18.730Z",
        "value": "0.06991243362426758",
        "cumulative": false
    },
    {
        "date": "2020-12-08T11:31:20.836Z",
        "value": "0.06143903732299805",
        "cumulative": false
    },
    {
        "date": "2020-12-08T11:31:22.953Z",
        "value": "0.04526209831237793",
        "cumulative": false
    },
    {
        "date": "2020-12-08T11:31:25.082Z",
        "value": "0.06226921081542969",
        "cumulative": false
    },
    {
        "date": "2020-12-08T11:31:27.191Z",
        "value": "0.06231117248535156",
        "cumulative": false
    },
    {
        "date": "2020-12-08T11:31:29.418Z",
        "value": "0.0545041561126709",
        "cumulative": false
    }
]