[
    {
        "date": "2020-12-08T11:30:54.865Z",
        "value": "0.01511073112487793",
        "cumulative": false
    },
    {
        "date": "2020-12-08T11:30:57.087Z",
        "value": "0.013132333755493164",
        "cumulative": false
    },
    {
        "date": "2020-12-08T11:30:59.207Z",
        "value": "0.014662504196166992",
        "cumulative": false
    },
    {
        "date": "2020-12-08T11:31:01.407Z",
        "value": "0.014162063598632812",
        "cumulative": false
    },
    {
        "date": "2020-12-08T11:31:03.551Z",
        "value": "0.015511274337768555",
        "cumulative": false
    },
    {
        "date": "2020-12-08T11:31:05.683Z",
        "value": "0.015221357345581055",
        "cumulative": false
    },
    {
        "date": "2020-12-08T11:31:07.787Z",
        "value": "0.01314091682434082",
        "cumulative": false
    },
    {
        "date": "2020-12-08T11:31:09.894Z",
        "value": "0.013363361358642578",
        "cumulative": false
    },
    {
        "date": "2020-12-08T11:31:11.995Z",
        "value": "0.014705896377563477",
        "cumulative": false
    },
    {
        "date": "2020-12-08T11:31:14.231Z",
        "value": "0.01200246810913086",
        "cumulative": false
    },
    {
        "date": "2020-12-08T11:31:16.541Z",
        "value": "0.01282048225402832",
        "cumulative": false
    },
    {
        "date": "2020-12-08T11:31:18.737Z",
        "value": "0.015010833740234375",
        "cumulative": false
    },
    {
        "date": "2020-12-08T11:31:20.829Z",
        "value": "0.013329505920410156",
        "cumulative": false
    },
    {
        "date": "2020-12-08T11:31:22.954Z",
        "value": "0.014632940292358398",
        "cumulative": false
    },
    {
        "date": "2020-12-08T11:31:25.076Z",
        "value": "0.012589216232299805",
        "cumulative": false
    },
    {
        "date": "2020-12-08T11:31:27.187Z",
        "value": "0.01599717140197754",
        "cumulative": false
    },
    {
        "date": "2020-12-08T11:31:29.412Z",
        "value": "0.014081478118896484",
        "cumulative": false
    }
]