[
    {
        "date": "2020-12-08T11:30:54.867Z",
        "value": "8.96453857421875e-05",
        "cumulative": false
    },
    {
        "date": "2020-12-08T11:30:57.087Z",
        "value": "7.486343383789062e-05",
        "cumulative": false
    },
    {
        "date": "2020-12-08T11:30:59.213Z",
        "value": "7.557868957519531e-05",
        "cumulative": false
    },
    {
        "date": "2020-12-08T11:31:01.415Z",
        "value": "7.653236389160156e-05",
        "cumulative": false
    },
    {
        "date": "2020-12-08T11:31:03.561Z",
        "value": "8.797645568847656e-05",
        "cumulative": false
    },
    {
        "date": "2020-12-08T11:31:05.689Z",
        "value": "7.390975952148438e-05",
        "cumulative": false
    },
    {
        "date": "2020-12-08T11:31:07.791Z",
        "value": "7.390975952148438e-05",
        "cumulative": false
    },
    {
        "date": "2020-12-08T11:31:09.887Z",
        "value": "7.367134094238281e-05",
        "cumulative": false
    },
    {
        "date": "2020-12-08T11:31:11.997Z",
        "value": "7.963180541992188e-05",
        "cumulative": false
    },
    {
        "date": "2020-12-08T11:31:14.238Z",
        "value": "7.581710815429688e-05",
        "cumulative": false
    },
    {
        "date": "2020-12-08T11:31:16.543Z",
        "value": "7.867813110351562e-05",
        "cumulative": false
    },
    {
        "date": "2020-12-08T11:31:18.731Z",
        "value": "8.082389831542969e-05",
        "cumulative": false
    },
    {
        "date": "2020-12-08T11:31:20.836Z",
        "value": "7.772445678710938e-05",
        "cumulative": false
    },
    {
        "date": "2020-12-08T11:31:22.954Z",
        "value": "9.131431579589844e-05",
        "cumulative": false
    },
    {
        "date": "2020-12-08T11:31:25.082Z",
        "value": "8.20159912109375e-05",
        "cumulative": false
    },
    {
        "date": "2020-12-08T11:31:27.191Z",
        "value": "7.343292236328125e-05",
        "cumulative": false
    },
    {
        "date": "2020-12-08T11:31:29.418Z",
        "value": "8.130073547363281e-05",
        "cumulative": false
    }
]