[
    {
        "date": "2020-12-08T11:30:53.413Z",
        "value": "2.528208017349243",
        "cumulative": false
    },
    {
        "date": "2020-12-08T11:30:55.572Z",
        "value": "1.9738106727600098",
        "cumulative": false
    },
    {
        "date": "2020-12-08T11:30:57.742Z",
        "value": "1.6662789583206177",
        "cumulative": false
    },
    {
        "date": "2020-12-08T11:30:59.889Z",
        "value": "1.3316428661346436",
        "cumulative": false
    },
    {
        "date": "2020-12-08T11:31:02.143Z",
        "value": "1.2467492818832397",
        "cumulative": false
    },
    {
        "date": "2020-12-08T11:31:04.222Z",
        "value": "1.0857055187225342",
        "cumulative": false
    },
    {
        "date": "2020-12-08T11:31:06.330Z",
        "value": "0.9086347222328186",
        "cumulative": false
    },
    {
        "date": "2020-12-08T11:31:08.478Z",
        "value": "0.7931995391845703",
        "cumulative": false
    },
    {
        "date": "2020-12-08T11:31:10.580Z",
        "value": "0.8678476214408875",
        "cumulative": false
    },
    {
        "date": "2020-12-08T11:31:12.681Z",
        "value": "0.5484048128128052",
        "cumulative": false
    },
    {
        "date": "2020-12-08T11:31:14.943Z",
        "value": "0.6089221835136414",
        "cumulative": false
    },
    {
        "date": "2020-12-08T11:31:17.253Z",
        "value": "0.6958532333374023",
        "cumulative": false
    },
    {
        "date": "2020-12-08T11:31:19.401Z",
        "value": "0.6514996290206909",
        "cumulative": false
    },
    {
        "date": "2020-12-08T11:31:21.512Z",
        "value": "0.4511481821537018",
        "cumulative": false
    },
    {
        "date": "2020-12-08T11:31:23.628Z",
        "value": "0.635127067565918",
        "cumulative": false
    },
    {
        "date": "2020-12-08T11:31:25.765Z",
        "value": "0.5594905018806458",
        "cumulative": false
    },
    {
        "date": "2020-12-08T11:31:27.896Z",
        "value": "0.484863817691803",
        "cumulative": false
    }
]