[
    {
        "date": "2020-12-08T11:30:54.864Z",
        "value": "2.4034454822540283",
        "cumulative": false
    },
    {
        "date": "2020-12-08T11:30:57.078Z",
        "value": "0.16318845748901367",
        "cumulative": false
    },
    {
        "date": "2020-12-08T11:30:59.202Z",
        "value": "0.17274236679077148",
        "cumulative": false
    },
    {
        "date": "2020-12-08T11:31:01.394Z",
        "value": "0.15264201164245605",
        "cumulative": false
    },
    {
        "date": "2020-12-08T11:31:03.561Z",
        "value": "0.14764118194580078",
        "cumulative": false
    },
    {
        "date": "2020-12-08T11:31:05.681Z",
        "value": "0.18863868713378906",
        "cumulative": false
    },
    {
        "date": "2020-12-08T11:31:07.789Z",
        "value": "0.16471314430236816",
        "cumulative": false
    },
    {
        "date": "2020-12-08T11:31:09.895Z",
        "value": "0.16503572463989258",
        "cumulative": false
    },
    {
        "date": "2020-12-08T11:31:12.002Z",
        "value": "0.17411327362060547",
        "cumulative": false
    },
    {
        "date": "2020-12-08T11:31:14.241Z",
        "value": "0.19363689422607422",
        "cumulative": false
    },
    {
        "date": "2020-12-08T11:31:16.538Z",
        "value": "0.1713416576385498",
        "cumulative": false
    },
    {
        "date": "2020-12-08T11:31:18.739Z",
        "value": "0.1509246826171875",
        "cumulative": false
    },
    {
        "date": "2020-12-08T11:31:20.824Z",
        "value": "0.1567363739013672",
        "cumulative": false
    },
    {
        "date": "2020-12-08T11:31:22.960Z",
        "value": "0.15325689315795898",
        "cumulative": false
    },
    {
        "date": "2020-12-08T11:31:25.079Z",
        "value": "0.1443500518798828",
        "cumulative": false
    },
    {
        "date": "2020-12-08T11:31:27.187Z",
        "value": "0.15863823890686035",
        "cumulative": false
    },
    {
        "date": "2020-12-08T11:31:29.410Z",
        "value": "0.1531839370727539",
        "cumulative": false
    }
]