[
    {
        "date": "2020-12-08T11:30:53.415Z",
        "value": "11.71875",
        "cumulative": false
    },
    {
        "date": "2020-12-08T11:30:55.573Z",
        "value": "18.75",
        "cumulative": false
    },
    {
        "date": "2020-12-08T11:30:57.743Z",
        "value": "39.84375",
        "cumulative": false
    },
    {
        "date": "2020-12-08T11:30:59.889Z",
        "value": "47.65625",
        "cumulative": false
    },
    {
        "date": "2020-12-08T11:31:02.143Z",
        "value": "54.6875",
        "cumulative": false
    },
    {
        "date": "2020-12-08T11:31:04.222Z",
        "value": "64.0625",
        "cumulative": false
    },
    {
        "date": "2020-12-08T11:31:06.330Z",
        "value": "65.625",
        "cumulative": false
    },
    {
        "date": "2020-12-08T11:31:08.478Z",
        "value": "68.75",
        "cumulative": false
    },
    {
        "date": "2020-12-08T11:31:10.580Z",
        "value": "68.75",
        "cumulative": false
    },
    {
        "date": "2020-12-08T11:31:12.681Z",
        "value": "80.46875",
        "cumulative": false
    },
    {
        "date": "2020-12-08T11:31:14.943Z",
        "value": "77.34375",
        "cumulative": false
    },
    {
        "date": "2020-12-08T11:31:17.253Z",
        "value": "71.875",
        "cumulative": false
    },
    {
        "date": "2020-12-08T11:31:19.401Z",
        "value": "72.65625",
        "cumulative": false
    },
    {
        "date": "2020-12-08T11:31:21.512Z",
        "value": "82.8125",
        "cumulative": false
    },
    {
        "date": "2020-12-08T11:31:23.628Z",
        "value": "75.78125",
        "cumulative": false
    },
    {
        "date": "2020-12-08T11:31:25.765Z",
        "value": "80.46875",
        "cumulative": false
    },
    {
        "date": "2020-12-08T11:31:27.896Z",
        "value": "82.8125",
        "cumulative": false
    }
]