[
    {
        "date": "2020-12-08T11:30:53.416Z",
        "value": "11.71875",
        "cumulative": false
    },
    {
        "date": "2020-12-08T11:30:55.573Z",
        "value": "17.1875",
        "cumulative": false
    },
    {
        "date": "2020-12-08T11:30:57.750Z",
        "value": "42.96875",
        "cumulative": false
    },
    {
        "date": "2020-12-08T11:30:59.890Z",
        "value": "37.5",
        "cumulative": false
    },
    {
        "date": "2020-12-08T11:31:02.144Z",
        "value": "50.78125",
        "cumulative": false
    },
    {
        "date": "2020-12-08T11:31:04.223Z",
        "value": "57.03125",
        "cumulative": false
    },
    {
        "date": "2020-12-08T11:31:06.333Z",
        "value": "67.1875",
        "cumulative": false
    },
    {
        "date": "2020-12-08T11:31:08.487Z",
        "value": "66.40625",
        "cumulative": false
    },
    {
        "date": "2020-12-08T11:31:10.582Z",
        "value": "67.96875",
        "cumulative": false
    },
    {
        "date": "2020-12-08T11:31:12.685Z",
        "value": "76.5625",
        "cumulative": false
    },
    {
        "date": "2020-12-08T11:31:14.949Z",
        "value": "77.34375",
        "cumulative": false
    },
    {
        "date": "2020-12-08T11:31:17.254Z",
        "value": "76.5625",
        "cumulative": false
    },
    {
        "date": "2020-12-08T11:31:19.401Z",
        "value": "81.25",
        "cumulative": false
    },
    {
        "date": "2020-12-08T11:31:21.514Z",
        "value": "80.46875",
        "cumulative": false
    },
    {
        "date": "2020-12-08T11:31:23.628Z",
        "value": "82.03125",
        "cumulative": false
    },
    {
        "date": "2020-12-08T11:31:25.769Z",
        "value": "82.8125",
        "cumulative": false
    },
    {
        "date": "2020-12-08T11:31:27.897Z",
        "value": "78.125",
        "cumulative": false
    }
]