[
    {
        "date": "2020-12-08T11:30:54.895Z",
        "value": "0.018732309341430664",
        "cumulative": false
    },
    {
        "date": "2020-12-08T11:30:57.106Z",
        "value": "0.022309064865112305",
        "cumulative": false
    },
    {
        "date": "2020-12-08T11:30:59.237Z",
        "value": "0.03369879722595215",
        "cumulative": false
    },
    {
        "date": "2020-12-08T11:31:01.421Z",
        "value": "0.02184462547302246",
        "cumulative": false
    },
    {
        "date": "2020-12-08T11:31:03.587Z",
        "value": "0.03646254539489746",
        "cumulative": false
    },
    {
        "date": "2020-12-08T11:31:05.700Z",
        "value": "0.024689197540283203",
        "cumulative": false
    },
    {
        "date": "2020-12-08T11:31:07.818Z",
        "value": "0.02567911148071289",
        "cumulative": false
    },
    {
        "date": "2020-12-08T11:31:09.913Z",
        "value": "0.02060532569885254",
        "cumulative": false
    },
    {
        "date": "2020-12-08T11:31:12.030Z",
        "value": "0.021812915802001953",
        "cumulative": false
    },
    {
        "date": "2020-12-08T11:31:14.259Z",
        "value": "0.022304773330688477",
        "cumulative": false
    },
    {
        "date": "2020-12-08T11:31:16.565Z",
        "value": "0.021938800811767578",
        "cumulative": false
    },
    {
        "date": "2020-12-08T11:31:18.756Z",
        "value": "0.021308183670043945",
        "cumulative": false
    },
    {
        "date": "2020-12-08T11:31:20.862Z",
        "value": "0.022339344024658203",
        "cumulative": false
    },
    {
        "date": "2020-12-08T11:31:22.986Z",
        "value": "0.026541709899902344",
        "cumulative": false
    },
    {
        "date": "2020-12-08T11:31:25.107Z",
        "value": "0.02397298812866211",
        "cumulative": false
    },
    {
        "date": "2020-12-08T11:31:27.219Z",
        "value": "0.021510839462280273",
        "cumulative": false
    },
    {
        "date": "2020-12-08T11:31:29.446Z",
        "value": "0.023212671279907227",
        "cumulative": false
    }
]