[
    {
        "date": "2020-12-08T11:30:53.415Z",
        "value": "2.5446317195892334",
        "cumulative": false
    },
    {
        "date": "2020-12-08T11:30:55.575Z",
        "value": "2.0041587352752686",
        "cumulative": false
    },
    {
        "date": "2020-12-08T11:30:57.744Z",
        "value": "1.726917028427124",
        "cumulative": false
    },
    {
        "date": "2020-12-08T11:30:59.891Z",
        "value": "1.3761686086654663",
        "cumulative": false
    },
    {
        "date": "2020-12-08T11:31:02.145Z",
        "value": "1.2660670280456543",
        "cumulative": false
    },
    {
        "date": "2020-12-08T11:31:04.229Z",
        "value": "1.120343565940857",
        "cumulative": false
    },
    {
        "date": "2020-12-08T11:31:06.337Z",
        "value": "0.825451672077179",
        "cumulative": false
    },
    {
        "date": "2020-12-08T11:31:08.482Z",
        "value": "0.8223428726196289",
        "cumulative": false
    },
    {
        "date": "2020-12-08T11:31:10.582Z",
        "value": "0.9957628846168518",
        "cumulative": false
    },
    {
        "date": "2020-12-08T11:31:12.682Z",
        "value": "0.6389312148094177",
        "cumulative": false
    },
    {
        "date": "2020-12-08T11:31:14.945Z",
        "value": "0.6711060404777527",
        "cumulative": false
    },
    {
        "date": "2020-12-08T11:31:17.254Z",
        "value": "0.7538868188858032",
        "cumulative": false
    },
    {
        "date": "2020-12-08T11:31:19.403Z",
        "value": "0.6263551712036133",
        "cumulative": false
    },
    {
        "date": "2020-12-08T11:31:21.514Z",
        "value": "0.5069694519042969",
        "cumulative": false
    },
    {
        "date": "2020-12-08T11:31:23.630Z",
        "value": "0.528350830078125",
        "cumulative": false
    },
    {
        "date": "2020-12-08T11:31:25.764Z",
        "value": "0.49146348237991333",
        "cumulative": false
    },
    {
        "date": "2020-12-08T11:31:27.898Z",
        "value": "0.3791967034339905",
        "cumulative": false
    }
]