[
    {
        "date": "2020-12-08T11:30:54.885Z",
        "value": "7.963180541992188e-05",
        "cumulative": false
    },
    {
        "date": "2020-12-08T11:30:57.103Z",
        "value": "7.62939453125e-05",
        "cumulative": false
    },
    {
        "date": "2020-12-08T11:30:59.229Z",
        "value": "7.367134094238281e-05",
        "cumulative": false
    },
    {
        "date": "2020-12-08T11:31:01.409Z",
        "value": "7.224082946777344e-05",
        "cumulative": false
    },
    {
        "date": "2020-12-08T11:31:03.567Z",
        "value": "9.751319885253906e-05",
        "cumulative": false
    },
    {
        "date": "2020-12-08T11:31:05.694Z",
        "value": "7.2479248046875e-05",
        "cumulative": false
    },
    {
        "date": "2020-12-08T11:31:07.803Z",
        "value": "7.367134094238281e-05",
        "cumulative": false
    },
    {
        "date": "2020-12-08T11:31:09.899Z",
        "value": "7.581710815429688e-05",
        "cumulative": false
    },
    {
        "date": "2020-12-08T11:31:12.024Z",
        "value": "7.605552673339844e-05",
        "cumulative": false
    },
    {
        "date": "2020-12-08T11:31:14.253Z",
        "value": "7.510185241699219e-05",
        "cumulative": false
    },
    {
        "date": "2020-12-08T11:31:16.548Z",
        "value": "7.295608520507812e-05",
        "cumulative": false
    },
    {
        "date": "2020-12-08T11:31:18.747Z",
        "value": "7.557868957519531e-05",
        "cumulative": false
    },
    {
        "date": "2020-12-08T11:31:20.843Z",
        "value": "7.987022399902344e-05",
        "cumulative": false
    },
    {
        "date": "2020-12-08T11:31:22.964Z",
        "value": "7.2479248046875e-05",
        "cumulative": false
    },
    {
        "date": "2020-12-08T11:31:25.086Z",
        "value": "7.152557373046875e-05",
        "cumulative": false
    },
    {
        "date": "2020-12-08T11:31:27.200Z",
        "value": "7.414817810058594e-05",
        "cumulative": false
    },
    {
        "date": "2020-12-08T11:31:29.429Z",
        "value": "6.914138793945312e-05",
        "cumulative": false
    }
]