[
    {
        "date": "2020-12-08T11:30:54.870Z",
        "value": "7.367134094238281e-05",
        "cumulative": false
    },
    {
        "date": "2020-12-08T11:30:57.081Z",
        "value": "7.581710815429688e-05",
        "cumulative": false
    },
    {
        "date": "2020-12-08T11:30:59.203Z",
        "value": "8.7738037109375e-05",
        "cumulative": false
    },
    {
        "date": "2020-12-08T11:31:01.401Z",
        "value": "7.605552673339844e-05",
        "cumulative": false
    },
    {
        "date": "2020-12-08T11:31:03.564Z",
        "value": "7.605552673339844e-05",
        "cumulative": false
    },
    {
        "date": "2020-12-08T11:31:05.682Z",
        "value": "7.653236389160156e-05",
        "cumulative": false
    },
    {
        "date": "2020-12-08T11:31:07.790Z",
        "value": "9.012222290039062e-05",
        "cumulative": false
    },
    {
        "date": "2020-12-08T11:31:09.885Z",
        "value": "7.796287536621094e-05",
        "cumulative": false
    },
    {
        "date": "2020-12-08T11:31:11.996Z",
        "value": "7.343292236328125e-05",
        "cumulative": false
    },
    {
        "date": "2020-12-08T11:31:14.236Z",
        "value": "8.130073547363281e-05",
        "cumulative": false
    },
    {
        "date": "2020-12-08T11:31:16.533Z",
        "value": "8.034706115722656e-05",
        "cumulative": false
    },
    {
        "date": "2020-12-08T11:31:18.738Z",
        "value": "8.177757263183594e-05",
        "cumulative": false
    },
    {
        "date": "2020-12-08T11:31:20.831Z",
        "value": "7.581710815429688e-05",
        "cumulative": false
    },
    {
        "date": "2020-12-08T11:31:22.955Z",
        "value": "7.557868957519531e-05",
        "cumulative": false
    },
    {
        "date": "2020-12-08T11:31:25.072Z",
        "value": "7.271766662597656e-05",
        "cumulative": false
    },
    {
        "date": "2020-12-08T11:31:27.191Z",
        "value": "0.00010371208190917969",
        "cumulative": false
    },
    {
        "date": "2020-12-08T11:31:29.425Z",
        "value": "8.106231689453125e-05",
        "cumulative": false
    }
]