[
    {
        "date": "2020-12-08T11:30:53.422Z",
        "value": "12.5",
        "cumulative": false
    },
    {
        "date": "2020-12-08T11:30:55.579Z",
        "value": "18.75",
        "cumulative": false
    },
    {
        "date": "2020-12-08T11:30:57.752Z",
        "value": "43.75",
        "cumulative": false
    },
    {
        "date": "2020-12-08T11:30:59.898Z",
        "value": "53.125",
        "cumulative": false
    },
    {
        "date": "2020-12-08T11:31:02.150Z",
        "value": "56.25",
        "cumulative": false
    },
    {
        "date": "2020-12-08T11:31:04.229Z",
        "value": "64.84375",
        "cumulative": false
    },
    {
        "date": "2020-12-08T11:31:06.337Z",
        "value": "63.28125",
        "cumulative": false
    },
    {
        "date": "2020-12-08T11:31:08.486Z",
        "value": "71.09375",
        "cumulative": false
    },
    {
        "date": "2020-12-08T11:31:10.587Z",
        "value": "70.3125",
        "cumulative": false
    },
    {
        "date": "2020-12-08T11:31:12.690Z",
        "value": "74.21875",
        "cumulative": false
    },
    {
        "date": "2020-12-08T11:31:14.950Z",
        "value": "77.34375",
        "cumulative": false
    },
    {
        "date": "2020-12-08T11:31:17.260Z",
        "value": "75.78125",
        "cumulative": false
    },
    {
        "date": "2020-12-08T11:31:19.408Z",
        "value": "82.03125",
        "cumulative": false
    },
    {
        "date": "2020-12-08T11:31:21.520Z",
        "value": "80.46875",
        "cumulative": false
    },
    {
        "date": "2020-12-08T11:31:23.635Z",
        "value": "83.59375",
        "cumulative": false
    },
    {
        "date": "2020-12-08T11:31:25.775Z",
        "value": "78.125",
        "cumulative": false
    },
    {
        "date": "2020-12-08T11:31:27.903Z",
        "value": "80.46875",
        "cumulative": false
    }
]