[
    {
        "date": "2020-12-08T11:30:53.420Z",
        "value": "2.4839680194854736",
        "cumulative": false
    },
    {
        "date": "2020-12-08T11:30:55.579Z",
        "value": "2.05143404006958",
        "cumulative": false
    },
    {
        "date": "2020-12-08T11:30:57.750Z",
        "value": "1.6933517456054688",
        "cumulative": false
    },
    {
        "date": "2020-12-08T11:30:59.896Z",
        "value": "1.373999834060669",
        "cumulative": false
    },
    {
        "date": "2020-12-08T11:31:02.150Z",
        "value": "1.3264966011047363",
        "cumulative": false
    },
    {
        "date": "2020-12-08T11:31:04.229Z",
        "value": "1.043234944343567",
        "cumulative": false
    },
    {
        "date": "2020-12-08T11:31:06.337Z",
        "value": "0.9824880957603455",
        "cumulative": false
    },
    {
        "date": "2020-12-08T11:31:08.486Z",
        "value": "0.8099374175071716",
        "cumulative": false
    },
    {
        "date": "2020-12-08T11:31:10.587Z",
        "value": "0.7739923596382141",
        "cumulative": false
    },
    {
        "date": "2020-12-08T11:31:12.688Z",
        "value": "0.7163355350494385",
        "cumulative": false
    },
    {
        "date": "2020-12-08T11:31:14.950Z",
        "value": "0.7103213667869568",
        "cumulative": false
    },
    {
        "date": "2020-12-08T11:31:17.260Z",
        "value": "0.6157186627388",
        "cumulative": false
    },
    {
        "date": "2020-12-08T11:31:19.410Z",
        "value": "0.5432724952697754",
        "cumulative": false
    },
    {
        "date": "2020-12-08T11:31:21.519Z",
        "value": "0.4952295422554016",
        "cumulative": false
    },
    {
        "date": "2020-12-08T11:31:23.635Z",
        "value": "0.5498306751251221",
        "cumulative": false
    },
    {
        "date": "2020-12-08T11:31:25.770Z",
        "value": "0.34859171509742737",
        "cumulative": false
    },
    {
        "date": "2020-12-08T11:31:27.903Z",
        "value": "0.3657078742980957",
        "cumulative": false
    }
]