[
    {
        "date": "2020-12-08T11:30:53.417Z",
        "value": "10.9375",
        "cumulative": false
    },
    {
        "date": "2020-12-08T11:30:55.574Z",
        "value": "21.09375",
        "cumulative": false
    },
    {
        "date": "2020-12-08T11:30:57.744Z",
        "value": "42.1875",
        "cumulative": false
    },
    {
        "date": "2020-12-08T11:30:59.890Z",
        "value": "40.625",
        "cumulative": false
    },
    {
        "date": "2020-12-08T11:31:02.144Z",
        "value": "57.8125",
        "cumulative": false
    },
    {
        "date": "2020-12-08T11:31:04.229Z",
        "value": "58.59375",
        "cumulative": false
    },
    {
        "date": "2020-12-08T11:31:06.332Z",
        "value": "68.75",
        "cumulative": false
    },
    {
        "date": "2020-12-08T11:31:08.480Z",
        "value": "67.96875",
        "cumulative": false
    },
    {
        "date": "2020-12-08T11:31:10.581Z",
        "value": "73.4375",
        "cumulative": false
    },
    {
        "date": "2020-12-08T11:31:12.682Z",
        "value": "78.125",
        "cumulative": false
    },
    {
        "date": "2020-12-08T11:31:14.944Z",
        "value": "82.03125",
        "cumulative": false
    },
    {
        "date": "2020-12-08T11:31:17.254Z",
        "value": "81.25",
        "cumulative": false
    },
    {
        "date": "2020-12-08T11:31:19.407Z",
        "value": "80.46875",
        "cumulative": false
    },
    {
        "date": "2020-12-08T11:31:21.515Z",
        "value": "88.28125",
        "cumulative": false
    },
    {
        "date": "2020-12-08T11:31:23.629Z",
        "value": "72.65625",
        "cumulative": false
    },
    {
        "date": "2020-12-08T11:31:25.761Z",
        "value": "82.03125",
        "cumulative": false
    },
    {
        "date": "2020-12-08T11:31:27.897Z",
        "value": "82.8125",
        "cumulative": false
    }
]