[
    {
        "date": "2020-12-08T11:30:54.871Z",
        "value": "2.2002198696136475",
        "cumulative": false
    },
    {
        "date": "2020-12-08T11:30:57.074Z",
        "value": "0.1383821964263916",
        "cumulative": false
    },
    {
        "date": "2020-12-08T11:30:59.200Z",
        "value": "0.1534738540649414",
        "cumulative": false
    },
    {
        "date": "2020-12-08T11:31:01.394Z",
        "value": "0.1513500213623047",
        "cumulative": false
    },
    {
        "date": "2020-12-08T11:31:03.562Z",
        "value": "0.13506245613098145",
        "cumulative": false
    },
    {
        "date": "2020-12-08T11:31:05.684Z",
        "value": "0.15129327774047852",
        "cumulative": false
    },
    {
        "date": "2020-12-08T11:31:07.793Z",
        "value": "0.1340489387512207",
        "cumulative": false
    },
    {
        "date": "2020-12-08T11:31:09.897Z",
        "value": "0.1664736270904541",
        "cumulative": false
    },
    {
        "date": "2020-12-08T11:31:12.002Z",
        "value": "0.15691065788269043",
        "cumulative": false
    },
    {
        "date": "2020-12-08T11:31:14.232Z",
        "value": "0.16115832328796387",
        "cumulative": false
    },
    {
        "date": "2020-12-08T11:31:16.538Z",
        "value": "0.1430220603942871",
        "cumulative": false
    },
    {
        "date": "2020-12-08T11:31:18.739Z",
        "value": "0.1586306095123291",
        "cumulative": false
    },
    {
        "date": "2020-12-08T11:31:20.829Z",
        "value": "0.14643049240112305",
        "cumulative": false
    },
    {
        "date": "2020-12-08T11:31:22.951Z",
        "value": "0.1361250877380371",
        "cumulative": false
    },
    {
        "date": "2020-12-08T11:31:25.078Z",
        "value": "0.13557934761047363",
        "cumulative": false
    },
    {
        "date": "2020-12-08T11:31:27.182Z",
        "value": "0.14516711235046387",
        "cumulative": false
    },
    {
        "date": "2020-12-08T11:31:29.418Z",
        "value": "0.14888930320739746",
        "cumulative": false
    }
]