[
    {
        "date": "2020-12-08T11:30:54.870Z",
        "value": "0.1385343074798584",
        "cumulative": false
    },
    {
        "date": "2020-12-08T11:30:57.081Z",
        "value": "0.13663339614868164",
        "cumulative": false
    },
    {
        "date": "2020-12-08T11:30:59.203Z",
        "value": "0.14919018745422363",
        "cumulative": false
    },
    {
        "date": "2020-12-08T11:31:01.401Z",
        "value": "0.14493179321289062",
        "cumulative": false
    },
    {
        "date": "2020-12-08T11:31:03.564Z",
        "value": "0.15738558769226074",
        "cumulative": false
    },
    {
        "date": "2020-12-08T11:31:05.681Z",
        "value": "0.1604146957397461",
        "cumulative": false
    },
    {
        "date": "2020-12-08T11:31:07.790Z",
        "value": "0.14006733894348145",
        "cumulative": false
    },
    {
        "date": "2020-12-08T11:31:09.885Z",
        "value": "0.16243600845336914",
        "cumulative": false
    },
    {
        "date": "2020-12-08T11:31:11.996Z",
        "value": "0.14514946937561035",
        "cumulative": false
    },
    {
        "date": "2020-12-08T11:31:14.236Z",
        "value": "0.14888763427734375",
        "cumulative": false
    },
    {
        "date": "2020-12-08T11:31:16.533Z",
        "value": "0.16434645652770996",
        "cumulative": false
    },
    {
        "date": "2020-12-08T11:31:18.738Z",
        "value": "0.15311217308044434",
        "cumulative": false
    },
    {
        "date": "2020-12-08T11:31:20.831Z",
        "value": "0.16727733612060547",
        "cumulative": false
    },
    {
        "date": "2020-12-08T11:31:22.955Z",
        "value": "0.14818525314331055",
        "cumulative": false
    },
    {
        "date": "2020-12-08T11:31:25.072Z",
        "value": "0.1384108066558838",
        "cumulative": false
    },
    {
        "date": "2020-12-08T11:31:27.191Z",
        "value": "0.14757180213928223",
        "cumulative": false
    },
    {
        "date": "2020-12-08T11:31:29.424Z",
        "value": "0.14206695556640625",
        "cumulative": false
    }
]