[
    {
        "date": "2020-12-08T11:30:54.862Z",
        "value": "0.01613473892211914",
        "cumulative": false
    },
    {
        "date": "2020-12-08T11:30:57.080Z",
        "value": "0.0070192813873291016",
        "cumulative": false
    },
    {
        "date": "2020-12-08T11:30:59.203Z",
        "value": "0.0074956417083740234",
        "cumulative": false
    },
    {
        "date": "2020-12-08T11:31:01.395Z",
        "value": "0.009362459182739258",
        "cumulative": false
    },
    {
        "date": "2020-12-08T11:31:03.554Z",
        "value": "0.007775783538818359",
        "cumulative": false
    },
    {
        "date": "2020-12-08T11:31:05.682Z",
        "value": "0.015045166015625",
        "cumulative": false
    },
    {
        "date": "2020-12-08T11:31:07.791Z",
        "value": "0.008133172988891602",
        "cumulative": false
    },
    {
        "date": "2020-12-08T11:31:09.886Z",
        "value": "0.009227514266967773",
        "cumulative": false
    },
    {
        "date": "2020-12-08T11:31:12.000Z",
        "value": "0.00751495361328125",
        "cumulative": false
    },
    {
        "date": "2020-12-08T11:31:14.248Z",
        "value": "0.007165193557739258",
        "cumulative": false
    },
    {
        "date": "2020-12-08T11:31:16.535Z",
        "value": "0.0074274539947509766",
        "cumulative": false
    },
    {
        "date": "2020-12-08T11:31:18.729Z",
        "value": "0.008255243301391602",
        "cumulative": false
    },
    {
        "date": "2020-12-08T11:31:20.828Z",
        "value": "0.006998777389526367",
        "cumulative": false
    },
    {
        "date": "2020-12-08T11:31:22.952Z",
        "value": "0.008835315704345703",
        "cumulative": false
    },
    {
        "date": "2020-12-08T11:31:25.073Z",
        "value": "0.0073659420013427734",
        "cumulative": false
    },
    {
        "date": "2020-12-08T11:31:27.192Z",
        "value": "0.007937192916870117",
        "cumulative": false
    },
    {
        "date": "2020-12-08T11:31:29.411Z",
        "value": "0.007020711898803711",
        "cumulative": false
    }
]