[
    {
        "date": "2020-12-08T11:30:54.867Z",
        "value": "0.1450810432434082",
        "cumulative": false
    },
    {
        "date": "2020-12-08T11:30:57.082Z",
        "value": "0.14932727813720703",
        "cumulative": false
    },
    {
        "date": "2020-12-08T11:30:59.210Z",
        "value": "0.15782976150512695",
        "cumulative": false
    },
    {
        "date": "2020-12-08T11:31:01.399Z",
        "value": "0.14360642433166504",
        "cumulative": false
    },
    {
        "date": "2020-12-08T11:31:03.558Z",
        "value": "0.1490786075592041",
        "cumulative": false
    },
    {
        "date": "2020-12-08T11:31:05.686Z",
        "value": "0.1565396785736084",
        "cumulative": false
    },
    {
        "date": "2020-12-08T11:31:07.795Z",
        "value": "0.14124631881713867",
        "cumulative": false
    },
    {
        "date": "2020-12-08T11:31:09.896Z",
        "value": "0.15439605712890625",
        "cumulative": false
    },
    {
        "date": "2020-12-08T11:31:12.001Z",
        "value": "0.1590116024017334",
        "cumulative": false
    },
    {
        "date": "2020-12-08T11:31:14.242Z",
        "value": "0.13331031799316406",
        "cumulative": false
    },
    {
        "date": "2020-12-08T11:31:16.541Z",
        "value": "0.16556191444396973",
        "cumulative": false
    },
    {
        "date": "2020-12-08T11:31:18.733Z",
        "value": "0.1605234146118164",
        "cumulative": false
    },
    {
        "date": "2020-12-08T11:31:20.831Z",
        "value": "0.1427001953125",
        "cumulative": false
    },
    {
        "date": "2020-12-08T11:31:22.962Z",
        "value": "0.15172243118286133",
        "cumulative": false
    },
    {
        "date": "2020-12-08T11:31:25.078Z",
        "value": "0.16895174980163574",
        "cumulative": false
    },
    {
        "date": "2020-12-08T11:31:27.193Z",
        "value": "0.1442723274230957",
        "cumulative": false
    },
    {
        "date": "2020-12-08T11:31:29.415Z",
        "value": "0.14292097091674805",
        "cumulative": false
    }
]