[
    {
        "date": "2020-12-08T11:30:54.867Z",
        "value": "2.428847551345825",
        "cumulative": false
    },
    {
        "date": "2020-12-08T11:30:57.087Z",
        "value": "0.17602801322937012",
        "cumulative": false
    },
    {
        "date": "2020-12-08T11:30:59.213Z",
        "value": "0.17623496055603027",
        "cumulative": false
    },
    {
        "date": "2020-12-08T11:31:01.415Z",
        "value": "0.19510746002197266",
        "cumulative": false
    },
    {
        "date": "2020-12-08T11:31:03.561Z",
        "value": "0.1788158416748047",
        "cumulative": false
    },
    {
        "date": "2020-12-08T11:31:05.689Z",
        "value": "0.17915606498718262",
        "cumulative": false
    },
    {
        "date": "2020-12-08T11:31:07.791Z",
        "value": "0.14982986450195312",
        "cumulative": false
    },
    {
        "date": "2020-12-08T11:31:09.887Z",
        "value": "0.17457270622253418",
        "cumulative": false
    },
    {
        "date": "2020-12-08T11:31:11.997Z",
        "value": "0.19048786163330078",
        "cumulative": false
    },
    {
        "date": "2020-12-08T11:31:14.238Z",
        "value": "0.17345452308654785",
        "cumulative": false
    },
    {
        "date": "2020-12-08T11:31:16.543Z",
        "value": "0.16913270950317383",
        "cumulative": false
    },
    {
        "date": "2020-12-08T11:31:18.731Z",
        "value": "0.19067978858947754",
        "cumulative": false
    },
    {
        "date": "2020-12-08T11:31:20.836Z",
        "value": "0.18556666374206543",
        "cumulative": false
    },
    {
        "date": "2020-12-08T11:31:22.954Z",
        "value": "0.15579771995544434",
        "cumulative": false
    },
    {
        "date": "2020-12-08T11:31:25.082Z",
        "value": "0.1733715534210205",
        "cumulative": false
    },
    {
        "date": "2020-12-08T11:31:27.191Z",
        "value": "0.1858670711517334",
        "cumulative": false
    },
    {
        "date": "2020-12-08T11:31:29.418Z",
        "value": "0.18639588356018066",
        "cumulative": false
    }
]