[
    {
        "date": "2020-12-08T11:30:54.870Z",
        "value": "2.3711562156677246",
        "cumulative": false
    },
    {
        "date": "2020-12-08T11:30:57.081Z",
        "value": "0.14917325973510742",
        "cumulative": false
    },
    {
        "date": "2020-12-08T11:30:59.203Z",
        "value": "0.15523290634155273",
        "cumulative": false
    },
    {
        "date": "2020-12-08T11:31:01.401Z",
        "value": "0.1587979793548584",
        "cumulative": false
    },
    {
        "date": "2020-12-08T11:31:03.564Z",
        "value": "0.15764212608337402",
        "cumulative": false
    },
    {
        "date": "2020-12-08T11:31:05.681Z",
        "value": "0.1701068878173828",
        "cumulative": false
    },
    {
        "date": "2020-12-08T11:31:07.790Z",
        "value": "0.15534305572509766",
        "cumulative": false
    },
    {
        "date": "2020-12-08T11:31:09.885Z",
        "value": "0.17959094047546387",
        "cumulative": false
    },
    {
        "date": "2020-12-08T11:31:11.996Z",
        "value": "0.17354297637939453",
        "cumulative": false
    },
    {
        "date": "2020-12-08T11:31:14.236Z",
        "value": "0.19420814514160156",
        "cumulative": false
    },
    {
        "date": "2020-12-08T11:31:16.533Z",
        "value": "0.1614069938659668",
        "cumulative": false
    },
    {
        "date": "2020-12-08T11:31:18.738Z",
        "value": "0.15484309196472168",
        "cumulative": false
    },
    {
        "date": "2020-12-08T11:31:20.831Z",
        "value": "0.16714763641357422",
        "cumulative": false
    },
    {
        "date": "2020-12-08T11:31:22.955Z",
        "value": "0.18076658248901367",
        "cumulative": false
    },
    {
        "date": "2020-12-08T11:31:25.072Z",
        "value": "0.14217019081115723",
        "cumulative": false
    },
    {
        "date": "2020-12-08T11:31:27.191Z",
        "value": "0.15735387802124023",
        "cumulative": false
    },
    {
        "date": "2020-12-08T11:31:29.424Z",
        "value": "0.16364550590515137",
        "cumulative": false
    }
]