[
    {
        "date": "2020-12-08T11:30:53.418Z",
        "value": "2.44671893119812",
        "cumulative": false
    },
    {
        "date": "2020-12-08T11:30:55.582Z",
        "value": "2.0729968547821045",
        "cumulative": false
    },
    {
        "date": "2020-12-08T11:30:57.753Z",
        "value": "1.7711637020111084",
        "cumulative": false
    },
    {
        "date": "2020-12-08T11:30:59.906Z",
        "value": "1.4758628606796265",
        "cumulative": false
    },
    {
        "date": "2020-12-08T11:31:02.152Z",
        "value": "1.2752238512039185",
        "cumulative": false
    },
    {
        "date": "2020-12-08T11:31:04.231Z",
        "value": "1.1961486339569092",
        "cumulative": false
    },
    {
        "date": "2020-12-08T11:31:06.341Z",
        "value": "0.9398519992828369",
        "cumulative": false
    },
    {
        "date": "2020-12-08T11:31:08.488Z",
        "value": "1.0279688835144043",
        "cumulative": false
    },
    {
        "date": "2020-12-08T11:31:10.589Z",
        "value": "0.8775376081466675",
        "cumulative": false
    },
    {
        "date": "2020-12-08T11:31:12.707Z",
        "value": "0.7100217342376709",
        "cumulative": false
    },
    {
        "date": "2020-12-08T11:31:14.962Z",
        "value": "0.6996838450431824",
        "cumulative": false
    },
    {
        "date": "2020-12-08T11:31:17.261Z",
        "value": "0.5743666887283325",
        "cumulative": false
    },
    {
        "date": "2020-12-08T11:31:19.410Z",
        "value": "0.5962594747543335",
        "cumulative": false
    },
    {
        "date": "2020-12-08T11:31:21.521Z",
        "value": "0.4115990996360779",
        "cumulative": false
    },
    {
        "date": "2020-12-08T11:31:23.638Z",
        "value": "0.5175523161888123",
        "cumulative": false
    },
    {
        "date": "2020-12-08T11:31:25.781Z",
        "value": "0.5349529981613159",
        "cumulative": false
    },
    {
        "date": "2020-12-08T11:31:27.908Z",
        "value": "0.59416663646698",
        "cumulative": false
    }
]