[
    {
        "date": "2020-12-08T11:30:53.415Z",
        "value": "2.50980544090271",
        "cumulative": false
    },
    {
        "date": "2020-12-08T11:30:55.575Z",
        "value": "2.0390918254852295",
        "cumulative": false
    },
    {
        "date": "2020-12-08T11:30:57.748Z",
        "value": "1.781158208847046",
        "cumulative": false
    },
    {
        "date": "2020-12-08T11:30:59.890Z",
        "value": "1.5176222324371338",
        "cumulative": false
    },
    {
        "date": "2020-12-08T11:31:02.144Z",
        "value": "1.290671944618225",
        "cumulative": false
    },
    {
        "date": "2020-12-08T11:31:04.224Z",
        "value": "1.1158066987991333",
        "cumulative": false
    },
    {
        "date": "2020-12-08T11:31:06.331Z",
        "value": "1.0122060775756836",
        "cumulative": false
    },
    {
        "date": "2020-12-08T11:31:08.480Z",
        "value": "0.8176286816596985",
        "cumulative": false
    },
    {
        "date": "2020-12-08T11:31:10.581Z",
        "value": "0.8345518112182617",
        "cumulative": false
    },
    {
        "date": "2020-12-08T11:31:12.682Z",
        "value": "0.670727014541626",
        "cumulative": false
    },
    {
        "date": "2020-12-08T11:31:14.946Z",
        "value": "0.6645407676696777",
        "cumulative": false
    },
    {
        "date": "2020-12-08T11:31:17.254Z",
        "value": "0.546211838722229",
        "cumulative": false
    },
    {
        "date": "2020-12-08T11:31:19.402Z",
        "value": "0.5174666047096252",
        "cumulative": false
    },
    {
        "date": "2020-12-08T11:31:21.514Z",
        "value": "0.4348825216293335",
        "cumulative": false
    },
    {
        "date": "2020-12-08T11:31:23.629Z",
        "value": "0.49866151809692383",
        "cumulative": false
    },
    {
        "date": "2020-12-08T11:31:25.761Z",
        "value": "0.610759973526001",
        "cumulative": false
    },
    {
        "date": "2020-12-08T11:31:27.897Z",
        "value": "0.48806560039520264",
        "cumulative": false
    }
]