[
    {
        "date": "2020-12-08T11:30:54.868Z",
        "value": "0.06039285659790039",
        "cumulative": false
    },
    {
        "date": "2020-12-08T11:30:57.079Z",
        "value": "0.06254124641418457",
        "cumulative": false
    },
    {
        "date": "2020-12-08T11:30:59.215Z",
        "value": "0.06417989730834961",
        "cumulative": false
    },
    {
        "date": "2020-12-08T11:31:01.403Z",
        "value": "0.059438228607177734",
        "cumulative": false
    },
    {
        "date": "2020-12-08T11:31:03.563Z",
        "value": "0.05090212821960449",
        "cumulative": false
    },
    {
        "date": "2020-12-08T11:31:05.685Z",
        "value": "0.06943750381469727",
        "cumulative": false
    },
    {
        "date": "2020-12-08T11:31:07.794Z",
        "value": "0.06293106079101562",
        "cumulative": false
    },
    {
        "date": "2020-12-08T11:31:09.890Z",
        "value": "0.0662689208984375",
        "cumulative": false
    },
    {
        "date": "2020-12-08T11:31:12.006Z",
        "value": "0.058114051818847656",
        "cumulative": false
    },
    {
        "date": "2020-12-08T11:31:14.242Z",
        "value": "0.0661020278930664",
        "cumulative": false
    },
    {
        "date": "2020-12-08T11:31:16.538Z",
        "value": "0.0818169116973877",
        "cumulative": false
    },
    {
        "date": "2020-12-08T11:31:18.742Z",
        "value": "0.06242823600769043",
        "cumulative": false
    },
    {
        "date": "2020-12-08T11:31:20.837Z",
        "value": "0.05152463912963867",
        "cumulative": false
    },
    {
        "date": "2020-12-08T11:31:22.961Z",
        "value": "0.06200075149536133",
        "cumulative": false
    },
    {
        "date": "2020-12-08T11:31:25.077Z",
        "value": "0.05881857872009277",
        "cumulative": false
    },
    {
        "date": "2020-12-08T11:31:27.190Z",
        "value": "0.06575679779052734",
        "cumulative": false
    },
    {
        "date": "2020-12-08T11:31:29.420Z",
        "value": "0.06454801559448242",
        "cumulative": false
    }
]