[
    {
        "date": "2020-12-08T11:30:54.867Z",
        "value": "0.11788201332092285",
        "cumulative": false
    },
    {
        "date": "2020-12-08T11:30:57.082Z",
        "value": "0.13415074348449707",
        "cumulative": false
    },
    {
        "date": "2020-12-08T11:30:59.210Z",
        "value": "0.14560627937316895",
        "cumulative": false
    },
    {
        "date": "2020-12-08T11:31:01.399Z",
        "value": "0.12554335594177246",
        "cumulative": false
    },
    {
        "date": "2020-12-08T11:31:03.558Z",
        "value": "0.12358736991882324",
        "cumulative": false
    },
    {
        "date": "2020-12-08T11:31:05.686Z",
        "value": "0.1344594955444336",
        "cumulative": false
    },
    {
        "date": "2020-12-08T11:31:07.795Z",
        "value": "0.13193798065185547",
        "cumulative": false
    },
    {
        "date": "2020-12-08T11:31:09.896Z",
        "value": "0.13025426864624023",
        "cumulative": false
    },
    {
        "date": "2020-12-08T11:31:12.001Z",
        "value": "0.13241076469421387",
        "cumulative": false
    },
    {
        "date": "2020-12-08T11:31:14.242Z",
        "value": "0.10733866691589355",
        "cumulative": false
    },
    {
        "date": "2020-12-08T11:31:16.541Z",
        "value": "0.1332852840423584",
        "cumulative": false
    },
    {
        "date": "2020-12-08T11:31:18.733Z",
        "value": "0.12851691246032715",
        "cumulative": false
    },
    {
        "date": "2020-12-08T11:31:20.831Z",
        "value": "0.13669896125793457",
        "cumulative": false
    },
    {
        "date": "2020-12-08T11:31:22.962Z",
        "value": "0.15029525756835938",
        "cumulative": false
    },
    {
        "date": "2020-12-08T11:31:25.078Z",
        "value": "0.13270092010498047",
        "cumulative": false
    },
    {
        "date": "2020-12-08T11:31:27.193Z",
        "value": "0.11984491348266602",
        "cumulative": false
    },
    {
        "date": "2020-12-08T11:31:29.415Z",
        "value": "0.12076425552368164",
        "cumulative": false
    }
]