[
    {
        "date": "2020-12-08T11:30:54.870Z",
        "value": "0.014250040054321289",
        "cumulative": false
    },
    {
        "date": "2020-12-08T11:30:57.086Z",
        "value": "0.008413314819335938",
        "cumulative": false
    },
    {
        "date": "2020-12-08T11:30:59.213Z",
        "value": "0.01509714126586914",
        "cumulative": false
    },
    {
        "date": "2020-12-08T11:31:01.402Z",
        "value": "0.008199930191040039",
        "cumulative": false
    },
    {
        "date": "2020-12-08T11:31:03.558Z",
        "value": "0.008402585983276367",
        "cumulative": false
    },
    {
        "date": "2020-12-08T11:31:05.699Z",
        "value": "0.010733366012573242",
        "cumulative": false
    },
    {
        "date": "2020-12-08T11:31:07.797Z",
        "value": "0.01234126091003418",
        "cumulative": false
    },
    {
        "date": "2020-12-08T11:31:09.893Z",
        "value": "0.008530378341674805",
        "cumulative": false
    },
    {
        "date": "2020-12-08T11:31:12.016Z",
        "value": "0.011808156967163086",
        "cumulative": false
    },
    {
        "date": "2020-12-08T11:31:14.243Z",
        "value": "0.008007287979125977",
        "cumulative": false
    },
    {
        "date": "2020-12-08T11:31:16.544Z",
        "value": "0.020699262619018555",
        "cumulative": false
    },
    {
        "date": "2020-12-08T11:31:18.738Z",
        "value": "0.015049934387207031",
        "cumulative": false
    },
    {
        "date": "2020-12-08T11:31:20.840Z",
        "value": "0.011406660079956055",
        "cumulative": false
    },
    {
        "date": "2020-12-08T11:31:22.968Z",
        "value": "0.008568525314331055",
        "cumulative": false
    },
    {
        "date": "2020-12-08T11:31:25.084Z",
        "value": "0.008787155151367188",
        "cumulative": false
    },
    {
        "date": "2020-12-08T11:31:27.205Z",
        "value": "0.014028787612915039",
        "cumulative": false
    },
    {
        "date": "2020-12-08T11:31:29.419Z",
        "value": "0.009104490280151367",
        "cumulative": false
    }
]