[
    {
        "date": "2020-12-08T11:30:54.866Z",
        "value": "0.15405678749084473",
        "cumulative": false
    },
    {
        "date": "2020-12-08T11:30:57.098Z",
        "value": "0.16637611389160156",
        "cumulative": false
    },
    {
        "date": "2020-12-08T11:30:59.205Z",
        "value": "0.15658116340637207",
        "cumulative": false
    },
    {
        "date": "2020-12-08T11:31:01.400Z",
        "value": "0.16527628898620605",
        "cumulative": false
    },
    {
        "date": "2020-12-08T11:31:03.556Z",
        "value": "0.16331005096435547",
        "cumulative": false
    },
    {
        "date": "2020-12-08T11:31:05.686Z",
        "value": "0.1411604881286621",
        "cumulative": false
    },
    {
        "date": "2020-12-08T11:31:07.792Z",
        "value": "0.13506484031677246",
        "cumulative": false
    },
    {
        "date": "2020-12-08T11:31:09.888Z",
        "value": "0.16937804222106934",
        "cumulative": false
    },
    {
        "date": "2020-12-08T11:31:12.003Z",
        "value": "0.1532154083251953",
        "cumulative": false
    },
    {
        "date": "2020-12-08T11:31:14.242Z",
        "value": "0.15189480781555176",
        "cumulative": false
    },
    {
        "date": "2020-12-08T11:31:16.538Z",
        "value": "0.1510000228881836",
        "cumulative": false
    },
    {
        "date": "2020-12-08T11:31:18.747Z",
        "value": "0.1494290828704834",
        "cumulative": false
    },
    {
        "date": "2020-12-08T11:31:20.833Z",
        "value": "0.1643528938293457",
        "cumulative": false
    },
    {
        "date": "2020-12-08T11:31:22.956Z",
        "value": "0.18902826309204102",
        "cumulative": false
    },
    {
        "date": "2020-12-08T11:31:25.083Z",
        "value": "0.15210366249084473",
        "cumulative": false
    },
    {
        "date": "2020-12-08T11:31:27.188Z",
        "value": "0.15716838836669922",
        "cumulative": false
    },
    {
        "date": "2020-12-08T11:31:29.411Z",
        "value": "0.15461444854736328",
        "cumulative": false
    }
]