[
    {
        "date": "2020-12-08T11:30:54.868Z",
        "value": "2.605853796005249",
        "cumulative": false
    },
    {
        "date": "2020-12-08T11:30:57.079Z",
        "value": "0.17631173133850098",
        "cumulative": false
    },
    {
        "date": "2020-12-08T11:30:59.215Z",
        "value": "0.21048402786254883",
        "cumulative": false
    },
    {
        "date": "2020-12-08T11:31:01.403Z",
        "value": "0.21110916137695312",
        "cumulative": false
    },
    {
        "date": "2020-12-08T11:31:03.563Z",
        "value": "0.18209385871887207",
        "cumulative": false
    },
    {
        "date": "2020-12-08T11:31:05.685Z",
        "value": "0.18932223320007324",
        "cumulative": false
    },
    {
        "date": "2020-12-08T11:31:07.794Z",
        "value": "0.19509506225585938",
        "cumulative": false
    },
    {
        "date": "2020-12-08T11:31:09.890Z",
        "value": "0.18971991539001465",
        "cumulative": false
    },
    {
        "date": "2020-12-08T11:31:12.006Z",
        "value": "0.17665672302246094",
        "cumulative": false
    },
    {
        "date": "2020-12-08T11:31:14.242Z",
        "value": "0.20082998275756836",
        "cumulative": false
    },
    {
        "date": "2020-12-08T11:31:16.538Z",
        "value": "0.18906092643737793",
        "cumulative": false
    },
    {
        "date": "2020-12-08T11:31:18.742Z",
        "value": "0.20026087760925293",
        "cumulative": false
    },
    {
        "date": "2020-12-08T11:31:20.837Z",
        "value": "0.17883610725402832",
        "cumulative": false
    },
    {
        "date": "2020-12-08T11:31:22.961Z",
        "value": "0.20077037811279297",
        "cumulative": false
    },
    {
        "date": "2020-12-08T11:31:25.077Z",
        "value": "0.2004859447479248",
        "cumulative": false
    },
    {
        "date": "2020-12-08T11:31:27.190Z",
        "value": "0.19829726219177246",
        "cumulative": false
    },
    {
        "date": "2020-12-08T11:31:29.420Z",
        "value": "0.18688750267028809",
        "cumulative": false
    }
]