[
    {
        "date": "2020-12-08T11:30:54.867Z",
        "value": "0.1520235538482666",
        "cumulative": false
    },
    {
        "date": "2020-12-08T11:30:57.087Z",
        "value": "0.13771486282348633",
        "cumulative": false
    },
    {
        "date": "2020-12-08T11:30:59.213Z",
        "value": "0.16508913040161133",
        "cumulative": false
    },
    {
        "date": "2020-12-08T11:31:01.415Z",
        "value": "0.16829395294189453",
        "cumulative": false
    },
    {
        "date": "2020-12-08T11:31:03.561Z",
        "value": "0.16030192375183105",
        "cumulative": false
    },
    {
        "date": "2020-12-08T11:31:05.689Z",
        "value": "0.15173554420471191",
        "cumulative": false
    },
    {
        "date": "2020-12-08T11:31:07.791Z",
        "value": "0.14338946342468262",
        "cumulative": false
    },
    {
        "date": "2020-12-08T11:31:09.887Z",
        "value": "0.15600299835205078",
        "cumulative": false
    },
    {
        "date": "2020-12-08T11:31:11.997Z",
        "value": "0.15347719192504883",
        "cumulative": false
    },
    {
        "date": "2020-12-08T11:31:14.238Z",
        "value": "0.1595168113708496",
        "cumulative": false
    },
    {
        "date": "2020-12-08T11:31:16.543Z",
        "value": "0.15053939819335938",
        "cumulative": false
    },
    {
        "date": "2020-12-08T11:31:18.731Z",
        "value": "0.17984747886657715",
        "cumulative": false
    },
    {
        "date": "2020-12-08T11:31:20.836Z",
        "value": "0.16446375846862793",
        "cumulative": false
    },
    {
        "date": "2020-12-08T11:31:22.954Z",
        "value": "0.1443471908569336",
        "cumulative": false
    },
    {
        "date": "2020-12-08T11:31:25.082Z",
        "value": "0.14943218231201172",
        "cumulative": false
    },
    {
        "date": "2020-12-08T11:31:27.191Z",
        "value": "0.16138124465942383",
        "cumulative": false
    },
    {
        "date": "2020-12-08T11:31:29.418Z",
        "value": "0.14782261848449707",
        "cumulative": false
    }
]