[
    {
        "date": "2020-12-08T11:30:53.417Z",
        "value": "6.25",
        "cumulative": false
    },
    {
        "date": "2020-12-08T11:30:55.575Z",
        "value": "21.875",
        "cumulative": false
    },
    {
        "date": "2020-12-08T11:30:57.744Z",
        "value": "35.15625",
        "cumulative": false
    },
    {
        "date": "2020-12-08T11:30:59.891Z",
        "value": "47.65625",
        "cumulative": false
    },
    {
        "date": "2020-12-08T11:31:02.145Z",
        "value": "60.9375",
        "cumulative": false
    },
    {
        "date": "2020-12-08T11:31:04.229Z",
        "value": "59.375",
        "cumulative": false
    },
    {
        "date": "2020-12-08T11:31:06.337Z",
        "value": "70.3125",
        "cumulative": false
    },
    {
        "date": "2020-12-08T11:31:08.482Z",
        "value": "71.09375",
        "cumulative": false
    },
    {
        "date": "2020-12-08T11:31:10.582Z",
        "value": "66.40625",
        "cumulative": false
    },
    {
        "date": "2020-12-08T11:31:12.683Z",
        "value": "78.90625",
        "cumulative": false
    },
    {
        "date": "2020-12-08T11:31:14.945Z",
        "value": "76.5625",
        "cumulative": false
    },
    {
        "date": "2020-12-08T11:31:17.254Z",
        "value": "74.21875",
        "cumulative": false
    },
    {
        "date": "2020-12-08T11:31:19.403Z",
        "value": "81.25",
        "cumulative": false
    },
    {
        "date": "2020-12-08T11:31:21.514Z",
        "value": "85.15625",
        "cumulative": false
    },
    {
        "date": "2020-12-08T11:31:23.630Z",
        "value": "83.59375",
        "cumulative": false
    },
    {
        "date": "2020-12-08T11:31:25.764Z",
        "value": "82.03125",
        "cumulative": false
    },
    {
        "date": "2020-12-08T11:31:27.898Z",
        "value": "89.0625",
        "cumulative": false
    }
]