[
    {
        "date": "2020-12-08T11:30:54.884Z",
        "value": "0.017882585525512695",
        "cumulative": false
    },
    {
        "date": "2020-12-08T11:30:57.103Z",
        "value": "0.01706695556640625",
        "cumulative": false
    },
    {
        "date": "2020-12-08T11:30:59.229Z",
        "value": "0.01573777198791504",
        "cumulative": false
    },
    {
        "date": "2020-12-08T11:31:01.409Z",
        "value": "0.016750574111938477",
        "cumulative": false
    },
    {
        "date": "2020-12-08T11:31:03.567Z",
        "value": "0.017670154571533203",
        "cumulative": false
    },
    {
        "date": "2020-12-08T11:31:05.694Z",
        "value": "0.016341209411621094",
        "cumulative": false
    },
    {
        "date": "2020-12-08T11:31:07.803Z",
        "value": "0.016161203384399414",
        "cumulative": false
    },
    {
        "date": "2020-12-08T11:31:09.898Z",
        "value": "0.01855754852294922",
        "cumulative": false
    },
    {
        "date": "2020-12-08T11:31:12.024Z",
        "value": "0.0183866024017334",
        "cumulative": false
    },
    {
        "date": "2020-12-08T11:31:14.253Z",
        "value": "0.017690658569335938",
        "cumulative": false
    },
    {
        "date": "2020-12-08T11:31:16.548Z",
        "value": "0.017998695373535156",
        "cumulative": false
    },
    {
        "date": "2020-12-08T11:31:18.747Z",
        "value": "0.01665520668029785",
        "cumulative": false
    },
    {
        "date": "2020-12-08T11:31:20.843Z",
        "value": "0.017568588256835938",
        "cumulative": false
    },
    {
        "date": "2020-12-08T11:31:22.964Z",
        "value": "0.018395662307739258",
        "cumulative": false
    },
    {
        "date": "2020-12-08T11:31:25.086Z",
        "value": "0.017943143844604492",
        "cumulative": false
    },
    {
        "date": "2020-12-08T11:31:27.200Z",
        "value": "0.017725229263305664",
        "cumulative": false
    },
    {
        "date": "2020-12-08T11:31:29.429Z",
        "value": "0.016974449157714844",
        "cumulative": false
    }
]