[
    {
        "date": "2020-12-08T11:30:54.864Z",
        "value": "0.12624359130859375",
        "cumulative": false
    },
    {
        "date": "2020-12-08T11:30:57.078Z",
        "value": "0.11085247993469238",
        "cumulative": false
    },
    {
        "date": "2020-12-08T11:30:59.202Z",
        "value": "0.13003945350646973",
        "cumulative": false
    },
    {
        "date": "2020-12-08T11:31:01.394Z",
        "value": "0.13027000427246094",
        "cumulative": false
    },
    {
        "date": "2020-12-08T11:31:03.561Z",
        "value": "0.10990571975708008",
        "cumulative": false
    },
    {
        "date": "2020-12-08T11:31:05.681Z",
        "value": "0.13271141052246094",
        "cumulative": false
    },
    {
        "date": "2020-12-08T11:31:07.789Z",
        "value": "0.12282514572143555",
        "cumulative": false
    },
    {
        "date": "2020-12-08T11:31:09.895Z",
        "value": "0.1273505687713623",
        "cumulative": false
    },
    {
        "date": "2020-12-08T11:31:12.002Z",
        "value": "0.14752554893493652",
        "cumulative": false
    },
    {
        "date": "2020-12-08T11:31:14.241Z",
        "value": "0.11107182502746582",
        "cumulative": false
    },
    {
        "date": "2020-12-08T11:31:16.538Z",
        "value": "0.1284623146057129",
        "cumulative": false
    },
    {
        "date": "2020-12-08T11:31:18.739Z",
        "value": "0.11357522010803223",
        "cumulative": false
    },
    {
        "date": "2020-12-08T11:31:20.824Z",
        "value": "0.11708688735961914",
        "cumulative": false
    },
    {
        "date": "2020-12-08T11:31:22.960Z",
        "value": "0.12009859085083008",
        "cumulative": false
    },
    {
        "date": "2020-12-08T11:31:25.079Z",
        "value": "0.10640525817871094",
        "cumulative": false
    },
    {
        "date": "2020-12-08T11:31:27.187Z",
        "value": "0.11253809928894043",
        "cumulative": false
    },
    {
        "date": "2020-12-08T11:31:29.410Z",
        "value": "0.12661409378051758",
        "cumulative": false
    }
]