[
    {
        "date": "2020-12-08T11:30:53.417Z",
        "value": "10.15625",
        "cumulative": false
    },
    {
        "date": "2020-12-08T11:30:55.575Z",
        "value": "19.53125",
        "cumulative": false
    },
    {
        "date": "2020-12-08T11:30:57.748Z",
        "value": "31.25",
        "cumulative": false
    },
    {
        "date": "2020-12-08T11:30:59.890Z",
        "value": "45.3125",
        "cumulative": false
    },
    {
        "date": "2020-12-08T11:31:02.144Z",
        "value": "49.21875",
        "cumulative": false
    },
    {
        "date": "2020-12-08T11:31:04.224Z",
        "value": "60.9375",
        "cumulative": false
    },
    {
        "date": "2020-12-08T11:31:06.331Z",
        "value": "62.5",
        "cumulative": false
    },
    {
        "date": "2020-12-08T11:31:08.480Z",
        "value": "76.5625",
        "cumulative": false
    },
    {
        "date": "2020-12-08T11:31:10.582Z",
        "value": "65.625",
        "cumulative": false
    },
    {
        "date": "2020-12-08T11:31:12.682Z",
        "value": "73.4375",
        "cumulative": false
    },
    {
        "date": "2020-12-08T11:31:14.946Z",
        "value": "74.21875",
        "cumulative": false
    },
    {
        "date": "2020-12-08T11:31:17.254Z",
        "value": "77.34375",
        "cumulative": false
    },
    {
        "date": "2020-12-08T11:31:19.403Z",
        "value": "80.46875",
        "cumulative": false
    },
    {
        "date": "2020-12-08T11:31:21.514Z",
        "value": "85.15625",
        "cumulative": false
    },
    {
        "date": "2020-12-08T11:31:23.629Z",
        "value": "82.8125",
        "cumulative": false
    },
    {
        "date": "2020-12-08T11:31:25.762Z",
        "value": "75.78125",
        "cumulative": false
    },
    {
        "date": "2020-12-08T11:31:27.898Z",
        "value": "83.59375",
        "cumulative": false
    }
]