[
    {
        "date": "2020-12-08T11:30:54.895Z",
        "value": "0.005998373031616211",
        "cumulative": false
    },
    {
        "date": "2020-12-08T11:30:57.106Z",
        "value": "0.007356882095336914",
        "cumulative": false
    },
    {
        "date": "2020-12-08T11:30:59.237Z",
        "value": "0.0063250064849853516",
        "cumulative": false
    },
    {
        "date": "2020-12-08T11:31:01.421Z",
        "value": "0.006296873092651367",
        "cumulative": false
    },
    {
        "date": "2020-12-08T11:31:03.587Z",
        "value": "0.006552696228027344",
        "cumulative": false
    },
    {
        "date": "2020-12-08T11:31:05.700Z",
        "value": "0.006384134292602539",
        "cumulative": false
    },
    {
        "date": "2020-12-08T11:31:07.818Z",
        "value": "0.0065877437591552734",
        "cumulative": false
    },
    {
        "date": "2020-12-08T11:31:09.913Z",
        "value": "0.006006002426147461",
        "cumulative": false
    },
    {
        "date": "2020-12-08T11:31:12.030Z",
        "value": "0.006290435791015625",
        "cumulative": false
    },
    {
        "date": "2020-12-08T11:31:14.259Z",
        "value": "0.006288766860961914",
        "cumulative": false
    },
    {
        "date": "2020-12-08T11:31:16.565Z",
        "value": "0.00618290901184082",
        "cumulative": false
    },
    {
        "date": "2020-12-08T11:31:18.756Z",
        "value": "0.006130695343017578",
        "cumulative": false
    },
    {
        "date": "2020-12-08T11:31:20.862Z",
        "value": "0.0062677860260009766",
        "cumulative": false
    },
    {
        "date": "2020-12-08T11:31:22.986Z",
        "value": "0.006518363952636719",
        "cumulative": false
    },
    {
        "date": "2020-12-08T11:31:25.107Z",
        "value": "0.0067179203033447266",
        "cumulative": false
    },
    {
        "date": "2020-12-08T11:31:27.219Z",
        "value": "0.006305694580078125",
        "cumulative": false
    },
    {
        "date": "2020-12-08T11:31:29.446Z",
        "value": "0.006655216217041016",
        "cumulative": false
    }
]