[
    {
        "date": "2020-12-08T11:30:54.864Z",
        "value": "0.004479646682739258",
        "cumulative": false
    },
    {
        "date": "2020-12-08T11:30:57.078Z",
        "value": "0.004388332366943359",
        "cumulative": false
    },
    {
        "date": "2020-12-08T11:30:59.202Z",
        "value": "0.0039005279541015625",
        "cumulative": false
    },
    {
        "date": "2020-12-08T11:31:01.394Z",
        "value": "0.003704547882080078",
        "cumulative": false
    },
    {
        "date": "2020-12-08T11:31:03.561Z",
        "value": "0.003606081008911133",
        "cumulative": false
    },
    {
        "date": "2020-12-08T11:31:05.681Z",
        "value": "0.004257678985595703",
        "cumulative": false
    },
    {
        "date": "2020-12-08T11:31:07.789Z",
        "value": "0.003994941711425781",
        "cumulative": false
    },
    {
        "date": "2020-12-08T11:31:09.895Z",
        "value": "0.004042863845825195",
        "cumulative": false
    },
    {
        "date": "2020-12-08T11:31:12.002Z",
        "value": "0.004098176956176758",
        "cumulative": false
    },
    {
        "date": "2020-12-08T11:31:14.241Z",
        "value": "0.0045354366302490234",
        "cumulative": false
    },
    {
        "date": "2020-12-08T11:31:16.538Z",
        "value": "0.004213571548461914",
        "cumulative": false
    },
    {
        "date": "2020-12-08T11:31:18.739Z",
        "value": "0.0036597251892089844",
        "cumulative": false
    },
    {
        "date": "2020-12-08T11:31:20.824Z",
        "value": "0.004161834716796875",
        "cumulative": false
    },
    {
        "date": "2020-12-08T11:31:22.960Z",
        "value": "0.003656148910522461",
        "cumulative": false
    },
    {
        "date": "2020-12-08T11:31:25.079Z",
        "value": "0.0038797855377197266",
        "cumulative": false
    },
    {
        "date": "2020-12-08T11:31:27.187Z",
        "value": "0.0038924217224121094",
        "cumulative": false
    },
    {
        "date": "2020-12-08T11:31:29.410Z",
        "value": "0.0038459300994873047",
        "cumulative": false
    }
]