[
    {
        "date": "2020-12-08T11:30:53.420Z",
        "value": "2.4456725120544434",
        "cumulative": false
    },
    {
        "date": "2020-12-08T11:30:55.579Z",
        "value": "2.0547468662261963",
        "cumulative": false
    },
    {
        "date": "2020-12-08T11:30:57.751Z",
        "value": "1.69691002368927",
        "cumulative": false
    },
    {
        "date": "2020-12-08T11:30:59.898Z",
        "value": "1.3162552118301392",
        "cumulative": false
    },
    {
        "date": "2020-12-08T11:31:02.149Z",
        "value": "1.307950735092163",
        "cumulative": false
    },
    {
        "date": "2020-12-08T11:31:04.229Z",
        "value": "1.0351532697677612",
        "cumulative": false
    },
    {
        "date": "2020-12-08T11:31:06.337Z",
        "value": "0.9727945327758789",
        "cumulative": false
    },
    {
        "date": "2020-12-08T11:31:08.486Z",
        "value": "0.8558810353279114",
        "cumulative": false
    },
    {
        "date": "2020-12-08T11:31:10.587Z",
        "value": "0.8309644460678101",
        "cumulative": false
    },
    {
        "date": "2020-12-08T11:31:12.689Z",
        "value": "0.7452147603034973",
        "cumulative": false
    },
    {
        "date": "2020-12-08T11:31:14.950Z",
        "value": "0.687869668006897",
        "cumulative": false
    },
    {
        "date": "2020-12-08T11:31:17.260Z",
        "value": "0.5790162682533264",
        "cumulative": false
    },
    {
        "date": "2020-12-08T11:31:19.408Z",
        "value": "0.5697025060653687",
        "cumulative": false
    },
    {
        "date": "2020-12-08T11:31:21.520Z",
        "value": "0.5062795877456665",
        "cumulative": false
    },
    {
        "date": "2020-12-08T11:31:23.635Z",
        "value": "0.46420419216156006",
        "cumulative": false
    },
    {
        "date": "2020-12-08T11:31:25.775Z",
        "value": "0.6087439656257629",
        "cumulative": false
    },
    {
        "date": "2020-12-08T11:31:27.903Z",
        "value": "0.5701010823249817",
        "cumulative": false
    }
]