[
    {
        "date": "2020-12-08T11:30:53.412Z",
        "value": "2.545438528060913",
        "cumulative": false
    },
    {
        "date": "2020-12-08T11:30:55.571Z",
        "value": "2.069643259048462",
        "cumulative": false
    },
    {
        "date": "2020-12-08T11:30:57.742Z",
        "value": "1.7462385892868042",
        "cumulative": false
    },
    {
        "date": "2020-12-08T11:30:59.887Z",
        "value": "1.5447479486465454",
        "cumulative": false
    },
    {
        "date": "2020-12-08T11:31:02.142Z",
        "value": "1.3365391492843628",
        "cumulative": false
    },
    {
        "date": "2020-12-08T11:31:04.223Z",
        "value": "1.1316564083099365",
        "cumulative": false
    },
    {
        "date": "2020-12-08T11:31:06.329Z",
        "value": "1.0579661130905151",
        "cumulative": false
    },
    {
        "date": "2020-12-08T11:31:08.478Z",
        "value": "1.1161582469940186",
        "cumulative": false
    },
    {
        "date": "2020-12-08T11:31:10.579Z",
        "value": "0.7218716144561768",
        "cumulative": false
    },
    {
        "date": "2020-12-08T11:31:12.680Z",
        "value": "0.7938127517700195",
        "cumulative": false
    },
    {
        "date": "2020-12-08T11:31:14.947Z",
        "value": "0.750084638595581",
        "cumulative": false
    },
    {
        "date": "2020-12-08T11:31:17.251Z",
        "value": "0.6506924629211426",
        "cumulative": false
    },
    {
        "date": "2020-12-08T11:31:19.400Z",
        "value": "0.5757606029510498",
        "cumulative": false
    },
    {
        "date": "2020-12-08T11:31:21.511Z",
        "value": "0.6203054785728455",
        "cumulative": false
    },
    {
        "date": "2020-12-08T11:31:23.627Z",
        "value": "0.6433823704719543",
        "cumulative": false
    },
    {
        "date": "2020-12-08T11:31:25.765Z",
        "value": "0.6454362869262695",
        "cumulative": false
    },
    {
        "date": "2020-12-08T11:31:27.896Z",
        "value": "0.6082934141159058",
        "cumulative": false
    }
]