[
    {
        "date": "2020-12-08T11:30:54.868Z",
        "value": "0.00010514259338378906",
        "cumulative": false
    },
    {
        "date": "2020-12-08T11:30:57.079Z",
        "value": "0.00010275840759277344",
        "cumulative": false
    },
    {
        "date": "2020-12-08T11:30:59.215Z",
        "value": "0.00010395050048828125",
        "cumulative": false
    },
    {
        "date": "2020-12-08T11:31:01.403Z",
        "value": "0.00010013580322265625",
        "cumulative": false
    },
    {
        "date": "2020-12-08T11:31:03.563Z",
        "value": "9.870529174804688e-05",
        "cumulative": false
    },
    {
        "date": "2020-12-08T11:31:05.685Z",
        "value": "9.894371032714844e-05",
        "cumulative": false
    },
    {
        "date": "2020-12-08T11:31:07.794Z",
        "value": "0.0001220703125",
        "cumulative": false
    },
    {
        "date": "2020-12-08T11:31:09.890Z",
        "value": "0.00010347366333007812",
        "cumulative": false
    },
    {
        "date": "2020-12-08T11:31:12.006Z",
        "value": "0.00010514259338378906",
        "cumulative": false
    },
    {
        "date": "2020-12-08T11:31:14.242Z",
        "value": "0.00012254714965820312",
        "cumulative": false
    },
    {
        "date": "2020-12-08T11:31:16.538Z",
        "value": "0.00010085105895996094",
        "cumulative": false
    },
    {
        "date": "2020-12-08T11:31:18.742Z",
        "value": "0.0001049041748046875",
        "cumulative": false
    },
    {
        "date": "2020-12-08T11:31:20.838Z",
        "value": "0.00010037422180175781",
        "cumulative": false
    },
    {
        "date": "2020-12-08T11:31:22.961Z",
        "value": "0.00010251998901367188",
        "cumulative": false
    },
    {
        "date": "2020-12-08T11:31:25.077Z",
        "value": "0.00010061264038085938",
        "cumulative": false
    },
    {
        "date": "2020-12-08T11:31:27.190Z",
        "value": "0.00012350082397460938",
        "cumulative": false
    },
    {
        "date": "2020-12-08T11:31:29.420Z",
        "value": "0.00010323524475097656",
        "cumulative": false
    }
]