[
    {
        "date": "2020-12-08T11:30:53.418Z",
        "value": "2.311479091644287",
        "cumulative": false
    },
    {
        "date": "2020-12-08T11:30:55.578Z",
        "value": "1.9878365993499756",
        "cumulative": false
    },
    {
        "date": "2020-12-08T11:30:57.748Z",
        "value": "1.6300674676895142",
        "cumulative": false
    },
    {
        "date": "2020-12-08T11:30:59.895Z",
        "value": "1.3324803113937378",
        "cumulative": false
    },
    {
        "date": "2020-12-08T11:31:02.148Z",
        "value": "1.2082558870315552",
        "cumulative": false
    },
    {
        "date": "2020-12-08T11:31:04.228Z",
        "value": "0.9851940870285034",
        "cumulative": false
    },
    {
        "date": "2020-12-08T11:31:06.340Z",
        "value": "0.839591920375824",
        "cumulative": false
    },
    {
        "date": "2020-12-08T11:31:08.484Z",
        "value": "0.7111207246780396",
        "cumulative": false
    },
    {
        "date": "2020-12-08T11:31:10.585Z",
        "value": "0.8387870192527771",
        "cumulative": false
    },
    {
        "date": "2020-12-08T11:31:12.686Z",
        "value": "0.7873634696006775",
        "cumulative": false
    },
    {
        "date": "2020-12-08T11:31:14.949Z",
        "value": "0.587019681930542",
        "cumulative": false
    },
    {
        "date": "2020-12-08T11:31:17.258Z",
        "value": "0.5085577368736267",
        "cumulative": false
    },
    {
        "date": "2020-12-08T11:31:19.409Z",
        "value": "0.5421566367149353",
        "cumulative": false
    },
    {
        "date": "2020-12-08T11:31:21.517Z",
        "value": "0.7169122695922852",
        "cumulative": false
    },
    {
        "date": "2020-12-08T11:31:23.633Z",
        "value": "0.5005980730056763",
        "cumulative": false
    },
    {
        "date": "2020-12-08T11:31:25.771Z",
        "value": "0.529826819896698",
        "cumulative": false
    },
    {
        "date": "2020-12-08T11:31:27.901Z",
        "value": "0.6199700236320496",
        "cumulative": false
    }
]