[
    {
        "date": "2020-12-08T11:30:54.867Z",
        "value": "0.06482124328613281",
        "cumulative": false
    },
    {
        "date": "2020-12-08T11:30:57.086Z",
        "value": "0.06044626235961914",
        "cumulative": false
    },
    {
        "date": "2020-12-08T11:30:59.208Z",
        "value": "0.06020307540893555",
        "cumulative": false
    },
    {
        "date": "2020-12-08T11:31:01.398Z",
        "value": "0.05871844291687012",
        "cumulative": false
    },
    {
        "date": "2020-12-08T11:31:03.555Z",
        "value": "0.06178426742553711",
        "cumulative": false
    },
    {
        "date": "2020-12-08T11:31:05.688Z",
        "value": "0.059008121490478516",
        "cumulative": false
    },
    {
        "date": "2020-12-08T11:31:07.792Z",
        "value": "0.06393241882324219",
        "cumulative": false
    },
    {
        "date": "2020-12-08T11:31:09.887Z",
        "value": "0.06816387176513672",
        "cumulative": false
    },
    {
        "date": "2020-12-08T11:31:11.999Z",
        "value": "0.0495297908782959",
        "cumulative": false
    },
    {
        "date": "2020-12-08T11:31:14.237Z",
        "value": "0.058313608169555664",
        "cumulative": false
    },
    {
        "date": "2020-12-08T11:31:16.538Z",
        "value": "0.052300214767456055",
        "cumulative": false
    },
    {
        "date": "2020-12-08T11:31:18.733Z",
        "value": "0.05883002281188965",
        "cumulative": false
    },
    {
        "date": "2020-12-08T11:31:20.843Z",
        "value": "0.0569612979888916",
        "cumulative": false
    },
    {
        "date": "2020-12-08T11:31:22.969Z",
        "value": "0.0699913501739502",
        "cumulative": false
    },
    {
        "date": "2020-12-08T11:31:25.078Z",
        "value": "0.06175088882446289",
        "cumulative": false
    },
    {
        "date": "2020-12-08T11:31:27.189Z",
        "value": "0.06271171569824219",
        "cumulative": false
    },
    {
        "date": "2020-12-08T11:31:29.413Z",
        "value": "0.06839156150817871",
        "cumulative": false
    }
]