[
    {
        "date": "2020-12-08T11:30:54.872Z",
        "value": "2.1209068298339844",
        "cumulative": false
    },
    {
        "date": "2020-12-08T11:30:57.081Z",
        "value": "0.1269371509552002",
        "cumulative": false
    },
    {
        "date": "2020-12-08T11:30:59.210Z",
        "value": "0.13340091705322266",
        "cumulative": false
    },
    {
        "date": "2020-12-08T11:31:01.400Z",
        "value": "0.14839553833007812",
        "cumulative": false
    },
    {
        "date": "2020-12-08T11:31:03.564Z",
        "value": "0.16106653213500977",
        "cumulative": false
    },
    {
        "date": "2020-12-08T11:31:05.686Z",
        "value": "0.12944483757019043",
        "cumulative": false
    },
    {
        "date": "2020-12-08T11:31:07.795Z",
        "value": "0.1459352970123291",
        "cumulative": false
    },
    {
        "date": "2020-12-08T11:31:09.889Z",
        "value": "0.13814616203308105",
        "cumulative": false
    },
    {
        "date": "2020-12-08T11:31:11.999Z",
        "value": "0.14014482498168945",
        "cumulative": false
    },
    {
        "date": "2020-12-08T11:31:14.243Z",
        "value": "0.14212942123413086",
        "cumulative": false
    },
    {
        "date": "2020-12-08T11:31:16.544Z",
        "value": "0.12195992469787598",
        "cumulative": false
    },
    {
        "date": "2020-12-08T11:31:18.737Z",
        "value": "0.15546178817749023",
        "cumulative": false
    },
    {
        "date": "2020-12-08T11:31:20.833Z",
        "value": "0.14667034149169922",
        "cumulative": false
    },
    {
        "date": "2020-12-08T11:31:22.954Z",
        "value": "0.15078473091125488",
        "cumulative": false
    },
    {
        "date": "2020-12-08T11:31:25.090Z",
        "value": "0.12587952613830566",
        "cumulative": false
    },
    {
        "date": "2020-12-08T11:31:27.201Z",
        "value": "0.1446382999420166",
        "cumulative": false
    },
    {
        "date": "2020-12-08T11:31:29.415Z",
        "value": "0.15157604217529297",
        "cumulative": false
    }
]