[
    {
        "date": "2020-12-08T11:30:54.866Z",
        "value": "0.005558013916015625",
        "cumulative": false
    },
    {
        "date": "2020-12-08T11:30:57.098Z",
        "value": "0.005187034606933594",
        "cumulative": false
    },
    {
        "date": "2020-12-08T11:30:59.205Z",
        "value": "0.0048067569732666016",
        "cumulative": false
    },
    {
        "date": "2020-12-08T11:31:01.400Z",
        "value": "0.00553131103515625",
        "cumulative": false
    },
    {
        "date": "2020-12-08T11:31:03.556Z",
        "value": "0.004997968673706055",
        "cumulative": false
    },
    {
        "date": "2020-12-08T11:31:05.686Z",
        "value": "0.004831790924072266",
        "cumulative": false
    },
    {
        "date": "2020-12-08T11:31:07.792Z",
        "value": "0.0045282840728759766",
        "cumulative": false
    },
    {
        "date": "2020-12-08T11:31:09.888Z",
        "value": "0.005203962326049805",
        "cumulative": false
    },
    {
        "date": "2020-12-08T11:31:12.003Z",
        "value": "0.005496501922607422",
        "cumulative": false
    },
    {
        "date": "2020-12-08T11:31:14.242Z",
        "value": "0.005054473876953125",
        "cumulative": false
    },
    {
        "date": "2020-12-08T11:31:16.538Z",
        "value": "0.005005836486816406",
        "cumulative": false
    },
    {
        "date": "2020-12-08T11:31:18.747Z",
        "value": "0.006050586700439453",
        "cumulative": false
    },
    {
        "date": "2020-12-08T11:31:20.833Z",
        "value": "0.005033254623413086",
        "cumulative": false
    },
    {
        "date": "2020-12-08T11:31:22.956Z",
        "value": "0.005089998245239258",
        "cumulative": false
    },
    {
        "date": "2020-12-08T11:31:25.083Z",
        "value": "0.0050966739654541016",
        "cumulative": false
    },
    {
        "date": "2020-12-08T11:31:27.188Z",
        "value": "0.005173206329345703",
        "cumulative": false
    },
    {
        "date": "2020-12-08T11:31:29.411Z",
        "value": "0.0047338008880615234",
        "cumulative": false
    }
]