[
    {
        "date": "2020-12-08T11:30:54.865Z",
        "value": "5.857462644577026",
        "cumulative": false
    },
    {
        "date": "2020-12-08T11:30:57.086Z",
        "value": "1.622056007385254",
        "cumulative": false
    },
    {
        "date": "2020-12-08T11:30:59.211Z",
        "value": "1.5340919494628906",
        "cumulative": false
    },
    {
        "date": "2020-12-08T11:31:01.404Z",
        "value": "1.6038258075714111",
        "cumulative": false
    },
    {
        "date": "2020-12-08T11:31:03.563Z",
        "value": "1.5543792247772217",
        "cumulative": false
    },
    {
        "date": "2020-12-08T11:31:05.691Z",
        "value": "1.5356249809265137",
        "cumulative": false
    },
    {
        "date": "2020-12-08T11:31:07.804Z",
        "value": "1.531745195388794",
        "cumulative": false
    },
    {
        "date": "2020-12-08T11:31:09.898Z",
        "value": "1.5017032623291016",
        "cumulative": false
    },
    {
        "date": "2020-12-08T11:31:12.004Z",
        "value": "1.525374412536621",
        "cumulative": false
    },
    {
        "date": "2020-12-08T11:31:14.249Z",
        "value": "1.6374108791351318",
        "cumulative": false
    },
    {
        "date": "2020-12-08T11:31:16.542Z",
        "value": "1.6861202716827393",
        "cumulative": false
    },
    {
        "date": "2020-12-08T11:31:18.742Z",
        "value": "1.5994322299957275",
        "cumulative": false
    },
    {
        "date": "2020-12-08T11:31:20.849Z",
        "value": "1.4713985919952393",
        "cumulative": false
    },
    {
        "date": "2020-12-08T11:31:22.965Z",
        "value": "1.5484633445739746",
        "cumulative": false
    },
    {
        "date": "2020-12-08T11:31:25.081Z",
        "value": "1.535884141921997",
        "cumulative": false
    },
    {
        "date": "2020-12-08T11:31:27.200Z",
        "value": "1.5302157402038574",
        "cumulative": false
    },
    {
        "date": "2020-12-08T11:31:29.419Z",
        "value": "1.6064088344573975",
        "cumulative": false
    }
]