[
    {
        "date": "2020-12-08T11:30:53.414Z",
        "value": "2.531782627105713",
        "cumulative": false
    },
    {
        "date": "2020-12-08T11:30:55.574Z",
        "value": "2.0013010501861572",
        "cumulative": false
    },
    {
        "date": "2020-12-08T11:30:57.743Z",
        "value": "1.6334941387176514",
        "cumulative": false
    },
    {
        "date": "2020-12-08T11:30:59.890Z",
        "value": "1.3998849391937256",
        "cumulative": false
    },
    {
        "date": "2020-12-08T11:31:02.144Z",
        "value": "1.3288575410842896",
        "cumulative": false
    },
    {
        "date": "2020-12-08T11:31:04.225Z",
        "value": "1.045902967453003",
        "cumulative": false
    },
    {
        "date": "2020-12-08T11:31:06.330Z",
        "value": "0.9066440463066101",
        "cumulative": false
    },
    {
        "date": "2020-12-08T11:31:08.479Z",
        "value": "0.8722003102302551",
        "cumulative": false
    },
    {
        "date": "2020-12-08T11:31:10.581Z",
        "value": "0.885567843914032",
        "cumulative": false
    },
    {
        "date": "2020-12-08T11:31:12.681Z",
        "value": "0.7037959098815918",
        "cumulative": false
    },
    {
        "date": "2020-12-08T11:31:14.944Z",
        "value": "0.5658630132675171",
        "cumulative": false
    },
    {
        "date": "2020-12-08T11:31:17.255Z",
        "value": "0.6473658084869385",
        "cumulative": false
    },
    {
        "date": "2020-12-08T11:31:19.404Z",
        "value": "0.570213258266449",
        "cumulative": false
    },
    {
        "date": "2020-12-08T11:31:21.513Z",
        "value": "0.4786180853843689",
        "cumulative": false
    },
    {
        "date": "2020-12-08T11:31:23.628Z",
        "value": "0.4803696274757385",
        "cumulative": false
    },
    {
        "date": "2020-12-08T11:31:25.766Z",
        "value": "0.5843279957771301",
        "cumulative": false
    },
    {
        "date": "2020-12-08T11:31:27.899Z",
        "value": "0.5216799974441528",
        "cumulative": false
    }
]