[
    {
        "date": "2020-11-20T09:02:19.198Z",
        "value": "0.13434457778930664",
        "cumulative": false
    },
    {
        "date": "2020-11-20T11:14:11.587Z",
        "value": "0.13758397102355957",
        "cumulative": false
    },
    {
        "date": "2020-11-20T13:25:58.588Z",
        "value": "0.13393187522888184",
        "cumulative": false
    },
    {
        "date": "2020-11-20T14:06:16.850Z",
        "value": "0.040624380111694336",
        "cumulative": false
    }
]