[
    {
        "date": "2020-11-20T09:02:16.560Z",
        "value": "0.12949061393737793",
        "cumulative": false
    },
    {
        "date": "2020-11-20T11:14:10.897Z",
        "value": "0.12789130210876465",
        "cumulative": false
    },
    {
        "date": "2020-11-20T13:25:56.563Z",
        "value": "0.12607932090759277",
        "cumulative": false
    },
    {
        "date": "2020-11-20T14:06:14.200Z",
        "value": "0.03812909126281738",
        "cumulative": false
    }
]