[
    {
        "date": "2020-12-08T11:20:36.191Z",
        "value": "12.5",
        "cumulative": false
    },
    {
        "date": "2020-12-08T11:20:38.193Z",
        "value": "30.46875",
        "cumulative": false
    },
    {
        "date": "2020-12-08T11:20:40.192Z",
        "value": "47.65625",
        "cumulative": false
    },
    {
        "date": "2020-12-08T11:20:42.197Z",
        "value": "50.0",
        "cumulative": false
    },
    {
        "date": "2020-12-08T11:20:44.231Z",
        "value": "57.03125",
        "cumulative": false
    },
    {
        "date": "2020-12-08T11:20:46.229Z",
        "value": "63.28125",
        "cumulative": false
    },
    {
        "date": "2020-12-08T11:20:48.194Z",
        "value": "64.0625",
        "cumulative": false
    },
    {
        "date": "2020-12-08T11:20:50.197Z",
        "value": "69.53125",
        "cumulative": false
    },
    {
        "date": "2020-12-08T11:20:52.152Z",
        "value": "66.40625",
        "cumulative": false
    },
    {
        "date": "2020-12-08T11:20:54.129Z",
        "value": "64.84375",
        "cumulative": false
    },
    {
        "date": "2020-12-08T11:20:56.196Z",
        "value": "70.3125",
        "cumulative": false
    },
    {
        "date": "2020-12-08T11:20:58.212Z",
        "value": "71.09375",
        "cumulative": false
    },
    {
        "date": "2020-12-08T11:21:00.140Z",
        "value": "74.21875",
        "cumulative": false
    },
    {
        "date": "2020-12-08T11:21:02.188Z",
        "value": "81.25",
        "cumulative": false
    },
    {
        "date": "2020-12-08T11:21:04.209Z",
        "value": "81.25",
        "cumulative": false
    },
    {
        "date": "2020-12-08T11:21:06.248Z",
        "value": "80.46875",
        "cumulative": false
    },
    {
        "date": "2020-12-08T11:21:08.239Z",
        "value": "77.34375",
        "cumulative": false
    },
    {
        "date": "2020-12-08T11:21:10.236Z",
        "value": "73.4375",
        "cumulative": false
    },
    {
        "date": "2020-12-08T11:21:12.293Z",
        "value": "80.46875",
        "cumulative": false
    },
    {
        "date": "2020-12-08T11:21:14.435Z",
        "value": "81.25",
        "cumulative": false
    },
    {
        "date": "2020-12-08T11:21:16.449Z",
        "value": "82.8125",
        "cumulative": false
    },
    {
        "date": "2020-12-08T11:21:18.496Z",
        "value": "81.25",
        "cumulative": false
    },
    {
        "date": "2020-12-08T11:21:20.565Z",
        "value": "80.46875",
        "cumulative": false
    },
    {
        "date": "2020-12-08T11:21:22.645Z",
        "value": "82.03125",
        "cumulative": false
    },
    {
        "date": "2020-12-08T11:21:24.635Z",
        "value": "80.46875",
        "cumulative": false
    },
    {
        "date": "2020-12-08T11:21:26.647Z",
        "value": "84.375",
        "cumulative": false
    },
    {
        "date": "2020-12-08T11:21:28.609Z",
        "value": "82.03125",
        "cumulative": false
    },
    {
        "date": "2020-12-08T11:21:30.658Z",
        "value": "82.8125",
        "cumulative": false
    },
    {
        "date": "2020-12-08T11:21:32.655Z",
        "value": "85.15625",
        "cumulative": false
    },
    {
        "date": "2020-12-08T11:21:34.728Z",
        "value": "79.6875",
        "cumulative": false
    },
    {
        "date": "2020-12-08T11:21:36.709Z",
        "value": "84.375",
        "cumulative": false
    }
]