[
    {
        "date": "2020-12-08T11:20:36.194Z",
        "value": "2.5446319580078125",
        "cumulative": false
    },
    {
        "date": "2020-12-08T11:20:38.202Z",
        "value": "1.8021557331085205",
        "cumulative": false
    },
    {
        "date": "2020-12-08T11:20:40.198Z",
        "value": "1.639100432395935",
        "cumulative": false
    },
    {
        "date": "2020-12-08T11:20:42.202Z",
        "value": "1.3812127113342285",
        "cumulative": false
    },
    {
        "date": "2020-12-08T11:20:44.241Z",
        "value": "1.2419425249099731",
        "cumulative": false
    },
    {
        "date": "2020-12-08T11:20:46.234Z",
        "value": "1.158976435661316",
        "cumulative": false
    },
    {
        "date": "2020-12-08T11:20:48.199Z",
        "value": "0.947733461856842",
        "cumulative": false
    },
    {
        "date": "2020-12-08T11:20:50.202Z",
        "value": "0.9761917591094971",
        "cumulative": false
    },
    {
        "date": "2020-12-08T11:20:52.158Z",
        "value": "1.1316171884536743",
        "cumulative": false
    },
    {
        "date": "2020-12-08T11:20:54.134Z",
        "value": "0.8041466474533081",
        "cumulative": false
    },
    {
        "date": "2020-12-08T11:20:56.201Z",
        "value": "0.7911143898963928",
        "cumulative": false
    },
    {
        "date": "2020-12-08T11:20:58.217Z",
        "value": "0.9088566899299622",
        "cumulative": false
    },
    {
        "date": "2020-12-08T11:21:00.145Z",
        "value": "0.7403084635734558",
        "cumulative": false
    },
    {
        "date": "2020-12-08T11:21:02.193Z",
        "value": "0.6538654565811157",
        "cumulative": false
    },
    {
        "date": "2020-12-08T11:21:04.215Z",
        "value": "0.6218504905700684",
        "cumulative": false
    },
    {
        "date": "2020-12-08T11:21:06.254Z",
        "value": "0.5740220546722412",
        "cumulative": false
    },
    {
        "date": "2020-12-08T11:21:08.245Z",
        "value": "0.501101553440094",
        "cumulative": false
    },
    {
        "date": "2020-12-08T11:21:10.240Z",
        "value": "0.48772183060646057",
        "cumulative": false
    },
    {
        "date": "2020-12-08T11:21:12.298Z",
        "value": "0.4638825058937073",
        "cumulative": false
    },
    {
        "date": "2020-12-08T11:21:14.440Z",
        "value": "0.669035017490387",
        "cumulative": false
    },
    {
        "date": "2020-12-08T11:21:16.461Z",
        "value": "0.46620672941207886",
        "cumulative": false
    },
    {
        "date": "2020-12-08T11:21:18.502Z",
        "value": "0.4209347367286682",
        "cumulative": false
    },
    {
        "date": "2020-12-08T11:21:20.576Z",
        "value": "0.48693400621414185",
        "cumulative": false
    },
    {
        "date": "2020-12-08T11:21:22.651Z",
        "value": "0.44634875655174255",
        "cumulative": false
    },
    {
        "date": "2020-12-08T11:21:24.649Z",
        "value": "0.40287354588508606",
        "cumulative": false
    },
    {
        "date": "2020-12-08T11:21:26.652Z",
        "value": "0.43789929151535034",
        "cumulative": false
    },
    {
        "date": "2020-12-08T11:21:28.614Z",
        "value": "0.5226051807403564",
        "cumulative": false
    },
    {
        "date": "2020-12-08T11:21:30.664Z",
        "value": "0.4986295700073242",
        "cumulative": false
    },
    {
        "date": "2020-12-08T11:21:32.660Z",
        "value": "0.2653832733631134",
        "cumulative": false
    },
    {
        "date": "2020-12-08T11:21:34.734Z",
        "value": "0.5450636148452759",
        "cumulative": false
    },
    {
        "date": "2020-12-08T11:21:36.711Z",
        "value": "0.44845709204673767",
        "cumulative": false
    }
]