[
    {
        "date": "2020-12-08T11:20:37.517Z",
        "value": "0.171342134475708",
        "cumulative": false
    },
    {
        "date": "2020-12-08T11:20:39.513Z",
        "value": "0.2095661163330078",
        "cumulative": false
    },
    {
        "date": "2020-12-08T11:20:41.507Z",
        "value": "0.2019181251525879",
        "cumulative": false
    },
    {
        "date": "2020-12-08T11:20:43.542Z",
        "value": "0.19503378868103027",
        "cumulative": false
    },
    {
        "date": "2020-12-08T11:20:45.577Z",
        "value": "0.18172955513000488",
        "cumulative": false
    },
    {
        "date": "2020-12-08T11:20:47.547Z",
        "value": "0.1699380874633789",
        "cumulative": false
    },
    {
        "date": "2020-12-08T11:20:49.549Z",
        "value": "0.1827564239501953",
        "cumulative": false
    },
    {
        "date": "2020-12-08T11:20:51.535Z",
        "value": "0.1706695556640625",
        "cumulative": false
    },
    {
        "date": "2020-12-08T11:20:53.462Z",
        "value": "0.1897287368774414",
        "cumulative": false
    },
    {
        "date": "2020-12-08T11:20:55.470Z",
        "value": "0.154008150100708",
        "cumulative": false
    },
    {
        "date": "2020-12-08T11:20:57.553Z",
        "value": "0.1879138946533203",
        "cumulative": false
    },
    {
        "date": "2020-12-08T11:20:59.519Z",
        "value": "0.18671774864196777",
        "cumulative": false
    },
    {
        "date": "2020-12-08T11:21:01.522Z",
        "value": "0.17142367362976074",
        "cumulative": false
    },
    {
        "date": "2020-12-08T11:21:03.512Z",
        "value": "0.1565861701965332",
        "cumulative": false
    },
    {
        "date": "2020-12-08T11:21:05.578Z",
        "value": "0.1730823516845703",
        "cumulative": false
    },
    {
        "date": "2020-12-08T11:21:07.590Z",
        "value": "0.1803576946258545",
        "cumulative": false
    },
    {
        "date": "2020-12-08T11:21:09.554Z",
        "value": "0.17951607704162598",
        "cumulative": false
    },
    {
        "date": "2020-12-08T11:21:11.574Z",
        "value": "0.17432618141174316",
        "cumulative": false
    },
    {
        "date": "2020-12-08T11:21:13.791Z",
        "value": "0.19884514808654785",
        "cumulative": false
    },
    {
        "date": "2020-12-08T11:21:15.814Z",
        "value": "0.19205093383789062",
        "cumulative": false
    },
    {
        "date": "2020-12-08T11:21:17.810Z",
        "value": "0.18178176879882812",
        "cumulative": false
    },
    {
        "date": "2020-12-08T11:21:19.910Z",
        "value": "0.1766514778137207",
        "cumulative": false
    },
    {
        "date": "2020-12-08T11:21:21.902Z",
        "value": "0.17681193351745605",
        "cumulative": false
    },
    {
        "date": "2020-12-08T11:21:23.978Z",
        "value": "0.17353463172912598",
        "cumulative": false
    },
    {
        "date": "2020-12-08T11:21:25.990Z",
        "value": "0.19227194786071777",
        "cumulative": false
    },
    {
        "date": "2020-12-08T11:21:27.979Z",
        "value": "0.20788884162902832",
        "cumulative": false
    },
    {
        "date": "2020-12-08T11:21:29.973Z",
        "value": "0.1706562042236328",
        "cumulative": false
    },
    {
        "date": "2020-12-08T11:21:31.988Z",
        "value": "0.17115354537963867",
        "cumulative": false
    },
    {
        "date": "2020-12-08T11:21:34.033Z",
        "value": "0.1942296028137207",
        "cumulative": false
    },
    {
        "date": "2020-12-08T11:21:36.060Z",
        "value": "0.1959230899810791",
        "cumulative": false
    },
    {
        "date": "2020-12-08T11:21:38.293Z",
        "value": "0.15951895713806152",
        "cumulative": false
    }
]