[
    {
        "date": "2020-12-08T11:20:37.517Z",
        "value": "5.656650543212891",
        "cumulative": false
    },
    {
        "date": "2020-12-08T11:20:39.513Z",
        "value": "1.408334493637085",
        "cumulative": false
    },
    {
        "date": "2020-12-08T11:20:41.512Z",
        "value": "1.4043755531311035",
        "cumulative": false
    },
    {
        "date": "2020-12-08T11:20:43.549Z",
        "value": "1.4407188892364502",
        "cumulative": false
    },
    {
        "date": "2020-12-08T11:20:45.586Z",
        "value": "1.4075944423675537",
        "cumulative": false
    },
    {
        "date": "2020-12-08T11:20:47.552Z",
        "value": "1.3786873817443848",
        "cumulative": false
    },
    {
        "date": "2020-12-08T11:20:49.552Z",
        "value": "1.4413273334503174",
        "cumulative": false
    },
    {
        "date": "2020-12-08T11:20:51.533Z",
        "value": "1.428370714187622",
        "cumulative": false
    },
    {
        "date": "2020-12-08T11:20:53.479Z",
        "value": "1.3823397159576416",
        "cumulative": false
    },
    {
        "date": "2020-12-08T11:20:55.478Z",
        "value": "1.41148042678833",
        "cumulative": false
    },
    {
        "date": "2020-12-08T11:20:57.563Z",
        "value": "1.4309217929840088",
        "cumulative": false
    },
    {
        "date": "2020-12-08T11:20:59.518Z",
        "value": "1.3808300495147705",
        "cumulative": false
    },
    {
        "date": "2020-12-08T11:21:01.531Z",
        "value": "1.449829339981079",
        "cumulative": false
    },
    {
        "date": "2020-12-08T11:21:03.527Z",
        "value": "1.4182794094085693",
        "cumulative": false
    },
    {
        "date": "2020-12-08T11:21:05.581Z",
        "value": "1.451683521270752",
        "cumulative": false
    },
    {
        "date": "2020-12-08T11:21:07.596Z",
        "value": "1.4399402141571045",
        "cumulative": false
    },
    {
        "date": "2020-12-08T11:21:09.562Z",
        "value": "1.4058477878570557",
        "cumulative": false
    },
    {
        "date": "2020-12-08T11:21:11.580Z",
        "value": "1.4132938385009766",
        "cumulative": false
    },
    {
        "date": "2020-12-08T11:21:13.801Z",
        "value": "1.588939905166626",
        "cumulative": false
    },
    {
        "date": "2020-12-08T11:21:15.818Z",
        "value": "1.4374914169311523",
        "cumulative": false
    },
    {
        "date": "2020-12-08T11:21:17.817Z",
        "value": "1.4425344467163086",
        "cumulative": false
    },
    {
        "date": "2020-12-08T11:21:19.908Z",
        "value": "1.499046802520752",
        "cumulative": false
    },
    {
        "date": "2020-12-08T11:21:21.902Z",
        "value": "1.400599718093872",
        "cumulative": false
    },
    {
        "date": "2020-12-08T11:21:23.985Z",
        "value": "1.5038280487060547",
        "cumulative": false
    },
    {
        "date": "2020-12-08T11:21:25.994Z",
        "value": "1.4299445152282715",
        "cumulative": false
    },
    {
        "date": "2020-12-08T11:21:27.985Z",
        "value": "1.3964548110961914",
        "cumulative": false
    },
    {
        "date": "2020-12-08T11:21:29.968Z",
        "value": "1.43548583984375",
        "cumulative": false
    },
    {
        "date": "2020-12-08T11:21:31.987Z",
        "value": "1.3868346214294434",
        "cumulative": false
    },
    {
        "date": "2020-12-08T11:21:34.043Z",
        "value": "1.4501841068267822",
        "cumulative": false
    },
    {
        "date": "2020-12-08T11:21:36.063Z",
        "value": "1.4754655361175537",
        "cumulative": false
    },
    {
        "date": "2020-12-08T11:21:38.306Z",
        "value": "1.6581051349639893",
        "cumulative": false
    }
]