[
    {
        "date": "2020-12-08T11:20:37.519Z",
        "value": "2.613954782485962",
        "cumulative": false
    },
    {
        "date": "2020-12-08T11:20:39.512Z",
        "value": "0.2562692165374756",
        "cumulative": false
    },
    {
        "date": "2020-12-08T11:20:41.512Z",
        "value": "0.26705455780029297",
        "cumulative": false
    },
    {
        "date": "2020-12-08T11:20:43.552Z",
        "value": "0.25398898124694824",
        "cumulative": false
    },
    {
        "date": "2020-12-08T11:20:45.579Z",
        "value": "0.25789928436279297",
        "cumulative": false
    },
    {
        "date": "2020-12-08T11:20:47.544Z",
        "value": "0.2588374614715576",
        "cumulative": false
    },
    {
        "date": "2020-12-08T11:20:49.557Z",
        "value": "0.26461267471313477",
        "cumulative": false
    },
    {
        "date": "2020-12-08T11:20:51.527Z",
        "value": "0.2671022415161133",
        "cumulative": false
    },
    {
        "date": "2020-12-08T11:20:53.469Z",
        "value": "0.25957655906677246",
        "cumulative": false
    },
    {
        "date": "2020-12-08T11:20:55.483Z",
        "value": "0.2536172866821289",
        "cumulative": false
    },
    {
        "date": "2020-12-08T11:20:57.557Z",
        "value": "0.27753639221191406",
        "cumulative": false
    },
    {
        "date": "2020-12-08T11:20:59.530Z",
        "value": "0.2604072093963623",
        "cumulative": false
    },
    {
        "date": "2020-12-08T11:21:01.526Z",
        "value": "0.2832489013671875",
        "cumulative": false
    },
    {
        "date": "2020-12-08T11:21:03.523Z",
        "value": "0.26902008056640625",
        "cumulative": false
    },
    {
        "date": "2020-12-08T11:21:05.580Z",
        "value": "0.2604076862335205",
        "cumulative": false
    },
    {
        "date": "2020-12-08T11:21:07.595Z",
        "value": "0.26078343391418457",
        "cumulative": false
    },
    {
        "date": "2020-12-08T11:21:09.559Z",
        "value": "0.2679615020751953",
        "cumulative": false
    },
    {
        "date": "2020-12-08T11:21:11.580Z",
        "value": "0.2635502815246582",
        "cumulative": false
    },
    {
        "date": "2020-12-08T11:21:13.796Z",
        "value": "0.26380133628845215",
        "cumulative": false
    },
    {
        "date": "2020-12-08T11:21:15.820Z",
        "value": "0.2756938934326172",
        "cumulative": false
    },
    {
        "date": "2020-12-08T11:21:17.819Z",
        "value": "0.2724008560180664",
        "cumulative": false
    },
    {
        "date": "2020-12-08T11:21:19.913Z",
        "value": "0.27931809425354004",
        "cumulative": false
    },
    {
        "date": "2020-12-08T11:21:21.904Z",
        "value": "0.2682530879974365",
        "cumulative": false
    },
    {
        "date": "2020-12-08T11:21:23.986Z",
        "value": "0.26928186416625977",
        "cumulative": false
    },
    {
        "date": "2020-12-08T11:21:25.996Z",
        "value": "0.2577364444732666",
        "cumulative": false
    },
    {
        "date": "2020-12-08T11:21:27.983Z",
        "value": "0.27490782737731934",
        "cumulative": false
    },
    {
        "date": "2020-12-08T11:21:29.971Z",
        "value": "0.27031970024108887",
        "cumulative": false
    },
    {
        "date": "2020-12-08T11:21:31.986Z",
        "value": "0.2589230537414551",
        "cumulative": false
    },
    {
        "date": "2020-12-08T11:21:34.041Z",
        "value": "0.2604095935821533",
        "cumulative": false
    },
    {
        "date": "2020-12-08T11:21:36.070Z",
        "value": "0.27420496940612793",
        "cumulative": false
    },
    {
        "date": "2020-12-08T11:21:38.296Z",
        "value": "0.27793192863464355",
        "cumulative": false
    }
]