[
    {
        "date": "2020-12-08T11:20:37.515Z",
        "value": "2.5980589389801025",
        "cumulative": false
    },
    {
        "date": "2020-12-08T11:20:39.508Z",
        "value": "0.26795029640197754",
        "cumulative": false
    },
    {
        "date": "2020-12-08T11:20:41.513Z",
        "value": "0.292513370513916",
        "cumulative": false
    },
    {
        "date": "2020-12-08T11:20:43.545Z",
        "value": "0.2665400505065918",
        "cumulative": false
    },
    {
        "date": "2020-12-08T11:20:45.578Z",
        "value": "0.2611832618713379",
        "cumulative": false
    },
    {
        "date": "2020-12-08T11:20:47.543Z",
        "value": "0.26842379570007324",
        "cumulative": false
    },
    {
        "date": "2020-12-08T11:20:49.551Z",
        "value": "0.270810604095459",
        "cumulative": false
    },
    {
        "date": "2020-12-08T11:20:51.526Z",
        "value": "0.260359525680542",
        "cumulative": false
    },
    {
        "date": "2020-12-08T11:20:53.470Z",
        "value": "0.26749610900878906",
        "cumulative": false
    },
    {
        "date": "2020-12-08T11:20:55.476Z",
        "value": "0.2790851593017578",
        "cumulative": false
    },
    {
        "date": "2020-12-08T11:20:57.561Z",
        "value": "0.30428075790405273",
        "cumulative": false
    },
    {
        "date": "2020-12-08T11:20:59.511Z",
        "value": "0.26454710960388184",
        "cumulative": false
    },
    {
        "date": "2020-12-08T11:21:01.523Z",
        "value": "0.27742791175842285",
        "cumulative": false
    },
    {
        "date": "2020-12-08T11:21:03.521Z",
        "value": "0.29199671745300293",
        "cumulative": false
    },
    {
        "date": "2020-12-08T11:21:05.574Z",
        "value": "0.26647186279296875",
        "cumulative": false
    },
    {
        "date": "2020-12-08T11:21:07.598Z",
        "value": "0.2545890808105469",
        "cumulative": false
    },
    {
        "date": "2020-12-08T11:21:09.559Z",
        "value": "0.26614832878112793",
        "cumulative": false
    },
    {
        "date": "2020-12-08T11:21:11.581Z",
        "value": "0.28563451766967773",
        "cumulative": false
    },
    {
        "date": "2020-12-08T11:21:13.790Z",
        "value": "0.2605717182159424",
        "cumulative": false
    },
    {
        "date": "2020-12-08T11:21:15.815Z",
        "value": "0.2840743064880371",
        "cumulative": false
    },
    {
        "date": "2020-12-08T11:21:17.817Z",
        "value": "0.26554226875305176",
        "cumulative": false
    },
    {
        "date": "2020-12-08T11:21:19.904Z",
        "value": "0.2632732391357422",
        "cumulative": false
    },
    {
        "date": "2020-12-08T11:21:21.901Z",
        "value": "0.26258111000061035",
        "cumulative": false
    },
    {
        "date": "2020-12-08T11:21:23.983Z",
        "value": "0.25829291343688965",
        "cumulative": false
    },
    {
        "date": "2020-12-08T11:21:25.990Z",
        "value": "0.27536940574645996",
        "cumulative": false
    },
    {
        "date": "2020-12-08T11:21:27.981Z",
        "value": "0.2722890377044678",
        "cumulative": false
    },
    {
        "date": "2020-12-08T11:21:29.969Z",
        "value": "0.25891995429992676",
        "cumulative": false
    },
    {
        "date": "2020-12-08T11:21:31.982Z",
        "value": "0.2550337314605713",
        "cumulative": false
    },
    {
        "date": "2020-12-08T11:21:34.033Z",
        "value": "0.26873302459716797",
        "cumulative": false
    },
    {
        "date": "2020-12-08T11:21:36.061Z",
        "value": "0.27845096588134766",
        "cumulative": false
    },
    {
        "date": "2020-12-08T11:21:38.292Z",
        "value": "0.23993229866027832",
        "cumulative": false
    }
]