[
    {
        "date": "2020-12-08T11:20:37.518Z",
        "value": "2.5971527099609375",
        "cumulative": false
    },
    {
        "date": "2020-12-08T11:20:39.513Z",
        "value": "0.5746252536773682",
        "cumulative": false
    },
    {
        "date": "2020-12-08T11:20:41.507Z",
        "value": "0.6115281581878662",
        "cumulative": false
    },
    {
        "date": "2020-12-08T11:20:43.542Z",
        "value": "0.6692123413085938",
        "cumulative": false
    },
    {
        "date": "2020-12-08T11:20:45.577Z",
        "value": "0.6661059856414795",
        "cumulative": false
    },
    {
        "date": "2020-12-08T11:20:47.547Z",
        "value": "0.6269707679748535",
        "cumulative": false
    },
    {
        "date": "2020-12-08T11:20:49.549Z",
        "value": "0.6854465007781982",
        "cumulative": false
    },
    {
        "date": "2020-12-08T11:20:51.535Z",
        "value": "0.6910607814788818",
        "cumulative": false
    },
    {
        "date": "2020-12-08T11:20:53.462Z",
        "value": "0.6223545074462891",
        "cumulative": false
    },
    {
        "date": "2020-12-08T11:20:55.470Z",
        "value": "0.693946123123169",
        "cumulative": false
    },
    {
        "date": "2020-12-08T11:20:57.553Z",
        "value": "0.6171400547027588",
        "cumulative": false
    },
    {
        "date": "2020-12-08T11:20:59.519Z",
        "value": "0.6141219139099121",
        "cumulative": false
    },
    {
        "date": "2020-12-08T11:21:01.522Z",
        "value": "0.6803147792816162",
        "cumulative": false
    },
    {
        "date": "2020-12-08T11:21:03.512Z",
        "value": "0.6728203296661377",
        "cumulative": false
    },
    {
        "date": "2020-12-08T11:21:05.578Z",
        "value": "0.7038800716400146",
        "cumulative": false
    },
    {
        "date": "2020-12-08T11:21:07.590Z",
        "value": "0.6686351299285889",
        "cumulative": false
    },
    {
        "date": "2020-12-08T11:21:09.554Z",
        "value": "0.6407666206359863",
        "cumulative": false
    },
    {
        "date": "2020-12-08T11:21:11.574Z",
        "value": "0.6378257274627686",
        "cumulative": false
    },
    {
        "date": "2020-12-08T11:21:13.791Z",
        "value": "0.7951149940490723",
        "cumulative": false
    },
    {
        "date": "2020-12-08T11:21:15.814Z",
        "value": "0.6697945594787598",
        "cumulative": false
    },
    {
        "date": "2020-12-08T11:21:17.810Z",
        "value": "0.6635041236877441",
        "cumulative": false
    },
    {
        "date": "2020-12-08T11:21:19.910Z",
        "value": "0.7362165451049805",
        "cumulative": false
    },
    {
        "date": "2020-12-08T11:21:21.902Z",
        "value": "0.654578447341919",
        "cumulative": false
    },
    {
        "date": "2020-12-08T11:21:23.978Z",
        "value": "0.7010519504547119",
        "cumulative": false
    },
    {
        "date": "2020-12-08T11:21:25.990Z",
        "value": "0.6687443256378174",
        "cumulative": false
    },
    {
        "date": "2020-12-08T11:21:27.979Z",
        "value": "0.6207053661346436",
        "cumulative": false
    },
    {
        "date": "2020-12-08T11:21:29.973Z",
        "value": "0.6721463203430176",
        "cumulative": false
    },
    {
        "date": "2020-12-08T11:21:31.988Z",
        "value": "0.6739540100097656",
        "cumulative": false
    },
    {
        "date": "2020-12-08T11:21:34.033Z",
        "value": "0.6474919319152832",
        "cumulative": false
    },
    {
        "date": "2020-12-08T11:21:36.060Z",
        "value": "0.697007417678833",
        "cumulative": false
    },
    {
        "date": "2020-12-08T11:21:38.293Z",
        "value": "0.9355769157409668",
        "cumulative": false
    }
]