[
    {
        "date": "2020-12-08T11:20:37.521Z",
        "value": "6.365776062011719e-05",
        "cumulative": false
    },
    {
        "date": "2020-12-08T11:20:39.510Z",
        "value": "6.246566772460938e-05",
        "cumulative": false
    },
    {
        "date": "2020-12-08T11:20:41.510Z",
        "value": "5.6743621826171875e-05",
        "cumulative": false
    },
    {
        "date": "2020-12-08T11:20:43.545Z",
        "value": "5.745887756347656e-05",
        "cumulative": false
    },
    {
        "date": "2020-12-08T11:20:45.581Z",
        "value": "6.437301635742188e-05",
        "cumulative": false
    },
    {
        "date": "2020-12-08T11:20:47.547Z",
        "value": "5.7697296142578125e-05",
        "cumulative": false
    },
    {
        "date": "2020-12-08T11:20:49.554Z",
        "value": "5.8650970458984375e-05",
        "cumulative": false
    },
    {
        "date": "2020-12-08T11:20:51.526Z",
        "value": "6.031990051269531e-05",
        "cumulative": false
    },
    {
        "date": "2020-12-08T11:20:53.462Z",
        "value": "6.031990051269531e-05",
        "cumulative": false
    },
    {
        "date": "2020-12-08T11:20:55.478Z",
        "value": "6.270408630371094e-05",
        "cumulative": false
    },
    {
        "date": "2020-12-08T11:20:57.554Z",
        "value": "6.580352783203125e-05",
        "cumulative": false
    },
    {
        "date": "2020-12-08T11:20:59.514Z",
        "value": "6.0558319091796875e-05",
        "cumulative": false
    },
    {
        "date": "2020-12-08T11:21:01.526Z",
        "value": "8.273124694824219e-05",
        "cumulative": false
    },
    {
        "date": "2020-12-08T11:21:03.521Z",
        "value": "7.271766662597656e-05",
        "cumulative": false
    },
    {
        "date": "2020-12-08T11:21:05.577Z",
        "value": "6.270408630371094e-05",
        "cumulative": false
    },
    {
        "date": "2020-12-08T11:21:07.595Z",
        "value": "8.249282836914062e-05",
        "cumulative": false
    },
    {
        "date": "2020-12-08T11:21:09.559Z",
        "value": "6.389617919921875e-05",
        "cumulative": false
    },
    {
        "date": "2020-12-08T11:21:11.579Z",
        "value": "5.817413330078125e-05",
        "cumulative": false
    },
    {
        "date": "2020-12-08T11:21:13.794Z",
        "value": "6.127357482910156e-05",
        "cumulative": false
    },
    {
        "date": "2020-12-08T11:21:15.821Z",
        "value": "6.651878356933594e-05",
        "cumulative": false
    },
    {
        "date": "2020-12-08T11:21:17.815Z",
        "value": "9.036064147949219e-05",
        "cumulative": false
    },
    {
        "date": "2020-12-08T11:21:19.911Z",
        "value": "6.794929504394531e-05",
        "cumulative": false
    },
    {
        "date": "2020-12-08T11:21:21.909Z",
        "value": "8.726119995117188e-05",
        "cumulative": false
    },
    {
        "date": "2020-12-08T11:21:23.986Z",
        "value": "6.628036499023438e-05",
        "cumulative": false
    },
    {
        "date": "2020-12-08T11:21:25.994Z",
        "value": "9.012222290039062e-05",
        "cumulative": false
    },
    {
        "date": "2020-12-08T11:21:27.988Z",
        "value": "6.794929504394531e-05",
        "cumulative": false
    },
    {
        "date": "2020-12-08T11:21:29.968Z",
        "value": "6.723403930664062e-05",
        "cumulative": false
    },
    {
        "date": "2020-12-08T11:21:31.985Z",
        "value": "9.632110595703125e-05",
        "cumulative": false
    },
    {
        "date": "2020-12-08T11:21:34.040Z",
        "value": "7.677078247070312e-05",
        "cumulative": false
    },
    {
        "date": "2020-12-08T11:21:36.069Z",
        "value": "9.250640869140625e-05",
        "cumulative": false
    },
    {
        "date": "2020-12-08T11:21:38.294Z",
        "value": "7.05718994140625e-05",
        "cumulative": false
    }
]