[
    {
        "date": "2020-12-08T11:20:37.515Z",
        "value": "0.2705495357513428",
        "cumulative": false
    },
    {
        "date": "2020-12-08T11:20:39.508Z",
        "value": "0.260150671005249",
        "cumulative": false
    },
    {
        "date": "2020-12-08T11:20:41.513Z",
        "value": "0.25771522521972656",
        "cumulative": false
    },
    {
        "date": "2020-12-08T11:20:43.545Z",
        "value": "0.25772762298583984",
        "cumulative": false
    },
    {
        "date": "2020-12-08T11:20:45.578Z",
        "value": "0.2527315616607666",
        "cumulative": false
    },
    {
        "date": "2020-12-08T11:20:47.543Z",
        "value": "0.2557671070098877",
        "cumulative": false
    },
    {
        "date": "2020-12-08T11:20:49.551Z",
        "value": "0.23289251327514648",
        "cumulative": false
    },
    {
        "date": "2020-12-08T11:20:51.526Z",
        "value": "0.2421262264251709",
        "cumulative": false
    },
    {
        "date": "2020-12-08T11:20:53.470Z",
        "value": "0.2401866912841797",
        "cumulative": false
    },
    {
        "date": "2020-12-08T11:20:55.476Z",
        "value": "0.23883342742919922",
        "cumulative": false
    },
    {
        "date": "2020-12-08T11:20:57.561Z",
        "value": "0.2581968307495117",
        "cumulative": false
    },
    {
        "date": "2020-12-08T11:20:59.511Z",
        "value": "0.25003957748413086",
        "cumulative": false
    },
    {
        "date": "2020-12-08T11:21:01.523Z",
        "value": "0.22536087036132812",
        "cumulative": false
    },
    {
        "date": "2020-12-08T11:21:03.521Z",
        "value": "0.25251293182373047",
        "cumulative": false
    },
    {
        "date": "2020-12-08T11:21:05.574Z",
        "value": "0.2417919635772705",
        "cumulative": false
    },
    {
        "date": "2020-12-08T11:21:07.598Z",
        "value": "0.2501559257507324",
        "cumulative": false
    },
    {
        "date": "2020-12-08T11:21:09.559Z",
        "value": "0.26927804946899414",
        "cumulative": false
    },
    {
        "date": "2020-12-08T11:21:11.581Z",
        "value": "0.23500418663024902",
        "cumulative": false
    },
    {
        "date": "2020-12-08T11:21:13.790Z",
        "value": "0.2507319450378418",
        "cumulative": false
    },
    {
        "date": "2020-12-08T11:21:15.815Z",
        "value": "0.2491776943206787",
        "cumulative": false
    },
    {
        "date": "2020-12-08T11:21:17.817Z",
        "value": "0.2533454895019531",
        "cumulative": false
    },
    {
        "date": "2020-12-08T11:21:19.904Z",
        "value": "0.22230815887451172",
        "cumulative": false
    },
    {
        "date": "2020-12-08T11:21:21.901Z",
        "value": "0.2586989402770996",
        "cumulative": false
    },
    {
        "date": "2020-12-08T11:21:23.983Z",
        "value": "0.24478888511657715",
        "cumulative": false
    },
    {
        "date": "2020-12-08T11:21:25.990Z",
        "value": "0.2464437484741211",
        "cumulative": false
    },
    {
        "date": "2020-12-08T11:21:27.981Z",
        "value": "0.2504284381866455",
        "cumulative": false
    },
    {
        "date": "2020-12-08T11:21:29.969Z",
        "value": "0.2564985752105713",
        "cumulative": false
    },
    {
        "date": "2020-12-08T11:21:31.982Z",
        "value": "0.2594151496887207",
        "cumulative": false
    },
    {
        "date": "2020-12-08T11:21:34.033Z",
        "value": "0.2767789363861084",
        "cumulative": false
    },
    {
        "date": "2020-12-08T11:21:36.061Z",
        "value": "0.2553904056549072",
        "cumulative": false
    },
    {
        "date": "2020-12-08T11:21:38.292Z",
        "value": "0.2541978359222412",
        "cumulative": false
    }
]