[
    {
        "date": "2020-12-08T11:20:37.518Z",
        "value": "2.563483953475952",
        "cumulative": false
    },
    {
        "date": "2020-12-08T11:20:39.512Z",
        "value": "0.6846892833709717",
        "cumulative": false
    },
    {
        "date": "2020-12-08T11:20:41.518Z",
        "value": "0.6509640216827393",
        "cumulative": false
    },
    {
        "date": "2020-12-08T11:20:43.547Z",
        "value": "0.7294166088104248",
        "cumulative": false
    },
    {
        "date": "2020-12-08T11:20:45.590Z",
        "value": "0.7211382389068604",
        "cumulative": false
    },
    {
        "date": "2020-12-08T11:20:47.548Z",
        "value": "0.6347038745880127",
        "cumulative": false
    },
    {
        "date": "2020-12-08T11:20:49.550Z",
        "value": "0.7561061382293701",
        "cumulative": false
    },
    {
        "date": "2020-12-08T11:20:51.526Z",
        "value": "0.7028453350067139",
        "cumulative": false
    },
    {
        "date": "2020-12-08T11:20:53.478Z",
        "value": "0.6645939350128174",
        "cumulative": false
    },
    {
        "date": "2020-12-08T11:20:55.472Z",
        "value": "0.6993906497955322",
        "cumulative": false
    },
    {
        "date": "2020-12-08T11:20:57.558Z",
        "value": "0.7094159126281738",
        "cumulative": false
    },
    {
        "date": "2020-12-08T11:20:59.520Z",
        "value": "0.6481122970581055",
        "cumulative": false
    },
    {
        "date": "2020-12-08T11:21:01.531Z",
        "value": "0.7116470336914062",
        "cumulative": false
    },
    {
        "date": "2020-12-08T11:21:03.534Z",
        "value": "0.688488245010376",
        "cumulative": false
    },
    {
        "date": "2020-12-08T11:21:05.585Z",
        "value": "0.7375497817993164",
        "cumulative": false
    },
    {
        "date": "2020-12-08T11:21:07.595Z",
        "value": "0.7425930500030518",
        "cumulative": false
    },
    {
        "date": "2020-12-08T11:21:09.574Z",
        "value": "0.6968357563018799",
        "cumulative": false
    },
    {
        "date": "2020-12-08T11:21:11.596Z",
        "value": "0.6845653057098389",
        "cumulative": false
    },
    {
        "date": "2020-12-08T11:21:13.795Z",
        "value": "0.8772459030151367",
        "cumulative": false
    },
    {
        "date": "2020-12-08T11:21:15.820Z",
        "value": "0.7198033332824707",
        "cumulative": false
    },
    {
        "date": "2020-12-08T11:21:17.818Z",
        "value": "0.7391529083251953",
        "cumulative": false
    },
    {
        "date": "2020-12-08T11:21:19.907Z",
        "value": "0.760962724685669",
        "cumulative": false
    },
    {
        "date": "2020-12-08T11:21:21.906Z",
        "value": "0.7093918323516846",
        "cumulative": false
    },
    {
        "date": "2020-12-08T11:21:23.987Z",
        "value": "0.7967040538787842",
        "cumulative": false
    },
    {
        "date": "2020-12-08T11:21:25.996Z",
        "value": "0.7293243408203125",
        "cumulative": false
    },
    {
        "date": "2020-12-08T11:21:27.986Z",
        "value": "0.7281556129455566",
        "cumulative": false
    },
    {
        "date": "2020-12-08T11:21:29.975Z",
        "value": "0.7175846099853516",
        "cumulative": false
    },
    {
        "date": "2020-12-08T11:21:31.988Z",
        "value": "0.7050247192382812",
        "cumulative": false
    },
    {
        "date": "2020-12-08T11:21:34.032Z",
        "value": "0.7600905895233154",
        "cumulative": false
    },
    {
        "date": "2020-12-08T11:21:36.066Z",
        "value": "0.7016277313232422",
        "cumulative": false
    },
    {
        "date": "2020-12-08T11:21:38.302Z",
        "value": "0.9479374885559082",
        "cumulative": false
    }
]