[
    {
        "date": "2020-12-08T11:20:37.539Z",
        "value": "0.3002431392669678",
        "cumulative": false
    },
    {
        "date": "2020-12-08T11:20:39.548Z",
        "value": "0.31443262100219727",
        "cumulative": false
    },
    {
        "date": "2020-12-08T11:20:41.532Z",
        "value": "0.3406186103820801",
        "cumulative": false
    },
    {
        "date": "2020-12-08T11:20:43.573Z",
        "value": "0.3672056198120117",
        "cumulative": false
    },
    {
        "date": "2020-12-08T11:20:45.611Z",
        "value": "0.28702473640441895",
        "cumulative": false
    },
    {
        "date": "2020-12-08T11:20:47.562Z",
        "value": "0.2957451343536377",
        "cumulative": false
    },
    {
        "date": "2020-12-08T11:20:49.566Z",
        "value": "0.2978799343109131",
        "cumulative": false
    },
    {
        "date": "2020-12-08T11:20:51.540Z",
        "value": "0.32845044136047363",
        "cumulative": false
    },
    {
        "date": "2020-12-08T11:20:53.481Z",
        "value": "0.3724935054779053",
        "cumulative": false
    },
    {
        "date": "2020-12-08T11:20:55.498Z",
        "value": "0.41464853286743164",
        "cumulative": false
    },
    {
        "date": "2020-12-08T11:20:57.578Z",
        "value": "0.37131667137145996",
        "cumulative": false
    },
    {
        "date": "2020-12-08T11:20:59.536Z",
        "value": "0.4191710948944092",
        "cumulative": false
    },
    {
        "date": "2020-12-08T11:21:01.550Z",
        "value": "0.31197094917297363",
        "cumulative": false
    },
    {
        "date": "2020-12-08T11:21:03.539Z",
        "value": "0.34198594093322754",
        "cumulative": false
    },
    {
        "date": "2020-12-08T11:21:05.597Z",
        "value": "0.3652365207672119",
        "cumulative": false
    },
    {
        "date": "2020-12-08T11:21:07.616Z",
        "value": "0.33643484115600586",
        "cumulative": false
    },
    {
        "date": "2020-12-08T11:21:09.605Z",
        "value": "0.3543574810028076",
        "cumulative": false
    },
    {
        "date": "2020-12-08T11:21:11.604Z",
        "value": "0.4847109317779541",
        "cumulative": false
    },
    {
        "date": "2020-12-08T11:21:13.814Z",
        "value": "0.3569917678833008",
        "cumulative": false
    },
    {
        "date": "2020-12-08T11:21:15.837Z",
        "value": "0.3022029399871826",
        "cumulative": false
    },
    {
        "date": "2020-12-08T11:21:17.841Z",
        "value": "0.3599071502685547",
        "cumulative": false
    },
    {
        "date": "2020-12-08T11:21:19.929Z",
        "value": "0.4089226722717285",
        "cumulative": false
    },
    {
        "date": "2020-12-08T11:21:21.921Z",
        "value": "0.3707904815673828",
        "cumulative": false
    },
    {
        "date": "2020-12-08T11:21:23.995Z",
        "value": "0.3510293960571289",
        "cumulative": false
    },
    {
        "date": "2020-12-08T11:21:26.022Z",
        "value": "0.39302873611450195",
        "cumulative": false
    },
    {
        "date": "2020-12-08T11:21:27.992Z",
        "value": "0.31522583961486816",
        "cumulative": false
    },
    {
        "date": "2020-12-08T11:21:29.983Z",
        "value": "0.38254570960998535",
        "cumulative": false
    },
    {
        "date": "2020-12-08T11:21:31.999Z",
        "value": "0.3360104560852051",
        "cumulative": false
    },
    {
        "date": "2020-12-08T11:21:34.046Z",
        "value": "0.3072633743286133",
        "cumulative": false
    },
    {
        "date": "2020-12-08T11:21:36.083Z",
        "value": "0.3094942569732666",
        "cumulative": false
    },
    {
        "date": "2020-12-08T11:21:38.314Z",
        "value": "0.33989572525024414",
        "cumulative": false
    }
]