[
    {
        "date": "2020-12-08T11:20:37.517Z",
        "value": "0.2539193630218506",
        "cumulative": false
    },
    {
        "date": "2020-12-08T11:20:39.513Z",
        "value": "0.28363680839538574",
        "cumulative": false
    },
    {
        "date": "2020-12-08T11:20:41.507Z",
        "value": "0.2520933151245117",
        "cumulative": false
    },
    {
        "date": "2020-12-08T11:20:43.542Z",
        "value": "0.24508142471313477",
        "cumulative": false
    },
    {
        "date": "2020-12-08T11:20:45.577Z",
        "value": "0.25203680992126465",
        "cumulative": false
    },
    {
        "date": "2020-12-08T11:20:47.547Z",
        "value": "0.2568778991699219",
        "cumulative": false
    },
    {
        "date": "2020-12-08T11:20:49.549Z",
        "value": "0.24996113777160645",
        "cumulative": false
    },
    {
        "date": "2020-12-08T11:20:51.535Z",
        "value": "0.24107742309570312",
        "cumulative": false
    },
    {
        "date": "2020-12-08T11:20:53.462Z",
        "value": "0.24085140228271484",
        "cumulative": false
    },
    {
        "date": "2020-12-08T11:20:55.470Z",
        "value": "0.24194765090942383",
        "cumulative": false
    },
    {
        "date": "2020-12-08T11:20:57.553Z",
        "value": "0.27486515045166016",
        "cumulative": false
    },
    {
        "date": "2020-12-08T11:20:59.519Z",
        "value": "0.24513721466064453",
        "cumulative": false
    },
    {
        "date": "2020-12-08T11:21:01.522Z",
        "value": "0.25760793685913086",
        "cumulative": false
    },
    {
        "date": "2020-12-08T11:21:03.512Z",
        "value": "0.2577519416809082",
        "cumulative": false
    },
    {
        "date": "2020-12-08T11:21:05.578Z",
        "value": "0.2522118091583252",
        "cumulative": false
    },
    {
        "date": "2020-12-08T11:21:07.590Z",
        "value": "0.2511332035064697",
        "cumulative": false
    },
    {
        "date": "2020-12-08T11:21:09.554Z",
        "value": "0.25620293617248535",
        "cumulative": false
    },
    {
        "date": "2020-12-08T11:21:11.574Z",
        "value": "0.2650129795074463",
        "cumulative": false
    },
    {
        "date": "2020-12-08T11:21:13.791Z",
        "value": "0.2664525508880615",
        "cumulative": false
    },
    {
        "date": "2020-12-08T11:21:15.814Z",
        "value": "0.24690723419189453",
        "cumulative": false
    },
    {
        "date": "2020-12-08T11:21:17.810Z",
        "value": "0.23697805404663086",
        "cumulative": false
    },
    {
        "date": "2020-12-08T11:21:19.910Z",
        "value": "0.2427978515625",
        "cumulative": false
    },
    {
        "date": "2020-12-08T11:21:21.902Z",
        "value": "0.24794983863830566",
        "cumulative": false
    },
    {
        "date": "2020-12-08T11:21:23.978Z",
        "value": "0.2503623962402344",
        "cumulative": false
    },
    {
        "date": "2020-12-08T11:21:25.990Z",
        "value": "0.25151634216308594",
        "cumulative": false
    },
    {
        "date": "2020-12-08T11:21:27.979Z",
        "value": "0.24275755882263184",
        "cumulative": false
    },
    {
        "date": "2020-12-08T11:21:29.973Z",
        "value": "0.2509489059448242",
        "cumulative": false
    },
    {
        "date": "2020-12-08T11:21:31.988Z",
        "value": "0.2529611587524414",
        "cumulative": false
    },
    {
        "date": "2020-12-08T11:21:34.033Z",
        "value": "0.2629830837249756",
        "cumulative": false
    },
    {
        "date": "2020-12-08T11:21:36.060Z",
        "value": "0.2519247531890869",
        "cumulative": false
    },
    {
        "date": "2020-12-08T11:21:38.293Z",
        "value": "0.23424625396728516",
        "cumulative": false
    }
]