[
    {
        "date": "2020-12-08T11:20:37.518Z",
        "value": "0.18227195739746094",
        "cumulative": false
    },
    {
        "date": "2020-12-08T11:20:39.512Z",
        "value": "0.17866253852844238",
        "cumulative": false
    },
    {
        "date": "2020-12-08T11:20:41.518Z",
        "value": "0.1731095314025879",
        "cumulative": false
    },
    {
        "date": "2020-12-08T11:20:43.547Z",
        "value": "0.1714003086090088",
        "cumulative": false
    },
    {
        "date": "2020-12-08T11:20:45.590Z",
        "value": "0.15887975692749023",
        "cumulative": false
    },
    {
        "date": "2020-12-08T11:20:47.548Z",
        "value": "0.18797993659973145",
        "cumulative": false
    },
    {
        "date": "2020-12-08T11:20:49.550Z",
        "value": "0.15723180770874023",
        "cumulative": false
    },
    {
        "date": "2020-12-08T11:20:51.526Z",
        "value": "0.17657709121704102",
        "cumulative": false
    },
    {
        "date": "2020-12-08T11:20:53.478Z",
        "value": "0.16330981254577637",
        "cumulative": false
    },
    {
        "date": "2020-12-08T11:20:55.472Z",
        "value": "0.16852784156799316",
        "cumulative": false
    },
    {
        "date": "2020-12-08T11:20:57.558Z",
        "value": "0.1653130054473877",
        "cumulative": false
    },
    {
        "date": "2020-12-08T11:20:59.520Z",
        "value": "0.1839284896850586",
        "cumulative": false
    },
    {
        "date": "2020-12-08T11:21:01.531Z",
        "value": "0.1635911464691162",
        "cumulative": false
    },
    {
        "date": "2020-12-08T11:21:03.534Z",
        "value": "0.1772754192352295",
        "cumulative": false
    },
    {
        "date": "2020-12-08T11:21:05.585Z",
        "value": "0.18060564994812012",
        "cumulative": false
    },
    {
        "date": "2020-12-08T11:21:07.595Z",
        "value": "0.16147923469543457",
        "cumulative": false
    },
    {
        "date": "2020-12-08T11:21:09.574Z",
        "value": "0.16760563850402832",
        "cumulative": false
    },
    {
        "date": "2020-12-08T11:21:11.596Z",
        "value": "0.16103219985961914",
        "cumulative": false
    },
    {
        "date": "2020-12-08T11:21:13.795Z",
        "value": "0.17592310905456543",
        "cumulative": false
    },
    {
        "date": "2020-12-08T11:21:15.820Z",
        "value": "0.17481398582458496",
        "cumulative": false
    },
    {
        "date": "2020-12-08T11:21:17.818Z",
        "value": "0.14856719970703125",
        "cumulative": false
    },
    {
        "date": "2020-12-08T11:21:19.907Z",
        "value": "0.17615532875061035",
        "cumulative": false
    },
    {
        "date": "2020-12-08T11:21:21.906Z",
        "value": "0.17335796356201172",
        "cumulative": false
    },
    {
        "date": "2020-12-08T11:21:23.987Z",
        "value": "0.18240046501159668",
        "cumulative": false
    },
    {
        "date": "2020-12-08T11:21:25.996Z",
        "value": "0.18350577354431152",
        "cumulative": false
    },
    {
        "date": "2020-12-08T11:21:27.986Z",
        "value": "0.16324734687805176",
        "cumulative": false
    },
    {
        "date": "2020-12-08T11:21:29.975Z",
        "value": "0.17281675338745117",
        "cumulative": false
    },
    {
        "date": "2020-12-08T11:21:31.988Z",
        "value": "0.16215896606445312",
        "cumulative": false
    },
    {
        "date": "2020-12-08T11:21:34.032Z",
        "value": "0.15207362174987793",
        "cumulative": false
    },
    {
        "date": "2020-12-08T11:21:36.066Z",
        "value": "0.16626906394958496",
        "cumulative": false
    },
    {
        "date": "2020-12-08T11:21:38.302Z",
        "value": "0.17461752891540527",
        "cumulative": false
    }
]