[
    {
        "date": "2020-12-08T11:20:36.187Z",
        "value": "55.46875",
        "cumulative": false
    },
    {
        "date": "2020-12-08T11:20:38.192Z",
        "value": "85.15625",
        "cumulative": false
    },
    {
        "date": "2020-12-08T11:20:40.188Z",
        "value": "89.84375",
        "cumulative": false
    },
    {
        "date": "2020-12-08T11:20:42.193Z",
        "value": "95.3125",
        "cumulative": false
    },
    {
        "date": "2020-12-08T11:20:44.232Z",
        "value": "95.3125",
        "cumulative": false
    },
    {
        "date": "2020-12-08T11:20:46.225Z",
        "value": "94.53125",
        "cumulative": false
    },
    {
        "date": "2020-12-08T11:20:48.190Z",
        "value": "98.4375",
        "cumulative": false
    },
    {
        "date": "2020-12-08T11:20:50.192Z",
        "value": "95.3125",
        "cumulative": false
    },
    {
        "date": "2020-12-08T11:20:52.148Z",
        "value": "96.875",
        "cumulative": false
    },
    {
        "date": "2020-12-08T11:20:54.125Z",
        "value": "96.875",
        "cumulative": false
    },
    {
        "date": "2020-12-08T11:20:56.192Z",
        "value": "100.0",
        "cumulative": false
    },
    {
        "date": "2020-12-08T11:20:58.208Z",
        "value": "98.4375",
        "cumulative": false
    },
    {
        "date": "2020-12-08T11:21:00.136Z",
        "value": "98.4375",
        "cumulative": false
    },
    {
        "date": "2020-12-08T11:21:02.184Z",
        "value": "100.0",
        "cumulative": false
    },
    {
        "date": "2020-12-08T11:21:04.205Z",
        "value": "99.21875",
        "cumulative": false
    },
    {
        "date": "2020-12-08T11:21:06.244Z",
        "value": "98.4375",
        "cumulative": false
    },
    {
        "date": "2020-12-08T11:21:08.236Z",
        "value": "98.4375",
        "cumulative": false
    },
    {
        "date": "2020-12-08T11:21:10.231Z",
        "value": "97.65625",
        "cumulative": false
    },
    {
        "date": "2020-12-08T11:21:12.289Z",
        "value": "99.21875",
        "cumulative": false
    },
    {
        "date": "2020-12-08T11:21:14.430Z",
        "value": "99.21875",
        "cumulative": false
    },
    {
        "date": "2020-12-08T11:21:16.446Z",
        "value": "99.21875",
        "cumulative": false
    },
    {
        "date": "2020-12-08T11:21:18.492Z",
        "value": "100.0",
        "cumulative": false
    },
    {
        "date": "2020-12-08T11:21:20.567Z",
        "value": "99.21875",
        "cumulative": false
    },
    {
        "date": "2020-12-08T11:21:22.642Z",
        "value": "98.4375",
        "cumulative": false
    },
    {
        "date": "2020-12-08T11:21:24.640Z",
        "value": "99.21875",
        "cumulative": false
    },
    {
        "date": "2020-12-08T11:21:26.643Z",
        "value": "100.0",
        "cumulative": false
    },
    {
        "date": "2020-12-08T11:21:28.605Z",
        "value": "99.21875",
        "cumulative": false
    },
    {
        "date": "2020-12-08T11:21:30.655Z",
        "value": "99.21875",
        "cumulative": false
    },
    {
        "date": "2020-12-08T11:21:32.651Z",
        "value": "99.21875",
        "cumulative": false
    },
    {
        "date": "2020-12-08T11:21:34.724Z",
        "value": "98.4375",
        "cumulative": false
    },
    {
        "date": "2020-12-08T11:21:36.703Z",
        "value": "100.0",
        "cumulative": false
    }
]