[
    {
        "date": "2020-12-08T11:20:37.515Z",
        "value": "0.06303787231445312",
        "cumulative": false
    },
    {
        "date": "2020-12-08T11:20:39.506Z",
        "value": "0.057825326919555664",
        "cumulative": false
    },
    {
        "date": "2020-12-08T11:20:41.510Z",
        "value": "0.05909562110900879",
        "cumulative": false
    },
    {
        "date": "2020-12-08T11:20:43.545Z",
        "value": "0.06191587448120117",
        "cumulative": false
    },
    {
        "date": "2020-12-08T11:20:45.572Z",
        "value": "0.059175729751586914",
        "cumulative": false
    },
    {
        "date": "2020-12-08T11:20:47.548Z",
        "value": "0.056716203689575195",
        "cumulative": false
    },
    {
        "date": "2020-12-08T11:20:49.549Z",
        "value": "0.06006002426147461",
        "cumulative": false
    },
    {
        "date": "2020-12-08T11:20:51.521Z",
        "value": "0.056641578674316406",
        "cumulative": false
    },
    {
        "date": "2020-12-08T11:20:53.458Z",
        "value": "0.06062126159667969",
        "cumulative": false
    },
    {
        "date": "2020-12-08T11:20:55.467Z",
        "value": "0.0579066276550293",
        "cumulative": false
    },
    {
        "date": "2020-12-08T11:20:57.551Z",
        "value": "0.06027960777282715",
        "cumulative": false
    },
    {
        "date": "2020-12-08T11:20:59.511Z",
        "value": "0.05614066123962402",
        "cumulative": false
    },
    {
        "date": "2020-12-08T11:21:01.524Z",
        "value": "0.0630638599395752",
        "cumulative": false
    },
    {
        "date": "2020-12-08T11:21:03.518Z",
        "value": "0.05849909782409668",
        "cumulative": false
    },
    {
        "date": "2020-12-08T11:21:05.574Z",
        "value": "0.06314992904663086",
        "cumulative": false
    },
    {
        "date": "2020-12-08T11:21:07.589Z",
        "value": "0.06093931198120117",
        "cumulative": false
    },
    {
        "date": "2020-12-08T11:21:09.557Z",
        "value": "0.06075167655944824",
        "cumulative": false
    },
    {
        "date": "2020-12-08T11:21:11.572Z",
        "value": "0.06758379936218262",
        "cumulative": false
    },
    {
        "date": "2020-12-08T11:21:13.796Z",
        "value": "0.052347660064697266",
        "cumulative": false
    },
    {
        "date": "2020-12-08T11:21:15.811Z",
        "value": "0.062064409255981445",
        "cumulative": false
    },
    {
        "date": "2020-12-08T11:21:17.812Z",
        "value": "0.05544590950012207",
        "cumulative": false
    },
    {
        "date": "2020-12-08T11:21:19.902Z",
        "value": "0.06519603729248047",
        "cumulative": false
    },
    {
        "date": "2020-12-08T11:21:21.906Z",
        "value": "0.06192660331726074",
        "cumulative": false
    },
    {
        "date": "2020-12-08T11:21:23.977Z",
        "value": "0.051360130310058594",
        "cumulative": false
    },
    {
        "date": "2020-12-08T11:21:25.991Z",
        "value": "0.055585384368896484",
        "cumulative": false
    },
    {
        "date": "2020-12-08T11:21:27.969Z",
        "value": "0.05933046340942383",
        "cumulative": false
    },
    {
        "date": "2020-12-08T11:21:29.961Z",
        "value": "0.057476043701171875",
        "cumulative": false
    },
    {
        "date": "2020-12-08T11:21:31.984Z",
        "value": "0.05965161323547363",
        "cumulative": false
    },
    {
        "date": "2020-12-08T11:21:34.036Z",
        "value": "0.06052231788635254",
        "cumulative": false
    },
    {
        "date": "2020-12-08T11:21:36.061Z",
        "value": "0.06038928031921387",
        "cumulative": false
    },
    {
        "date": "2020-12-08T11:21:38.291Z",
        "value": "0.058895111083984375",
        "cumulative": false
    }
]