[
    {
        "date": "2020-12-08T11:20:37.518Z",
        "value": "4.410743713378906e-05",
        "cumulative": false
    },
    {
        "date": "2020-12-08T11:20:39.505Z",
        "value": "5.0067901611328125e-05",
        "cumulative": false
    },
    {
        "date": "2020-12-08T11:20:41.505Z",
        "value": "5.555152893066406e-05",
        "cumulative": false
    },
    {
        "date": "2020-12-08T11:20:43.544Z",
        "value": "4.792213439941406e-05",
        "cumulative": false
    },
    {
        "date": "2020-12-08T11:20:45.566Z",
        "value": "4.601478576660156e-05",
        "cumulative": false
    },
    {
        "date": "2020-12-08T11:20:47.534Z",
        "value": "4.100799560546875e-05",
        "cumulative": false
    },
    {
        "date": "2020-12-08T11:20:49.542Z",
        "value": "6.318092346191406e-05",
        "cumulative": false
    },
    {
        "date": "2020-12-08T11:20:51.517Z",
        "value": "5.650520324707031e-05",
        "cumulative": false
    },
    {
        "date": "2020-12-08T11:20:53.461Z",
        "value": "4.553794860839844e-05",
        "cumulative": false
    },
    {
        "date": "2020-12-08T11:20:55.476Z",
        "value": "4.863739013671875e-05",
        "cumulative": false
    },
    {
        "date": "2020-12-08T11:20:57.555Z",
        "value": "4.506111145019531e-05",
        "cumulative": false
    },
    {
        "date": "2020-12-08T11:20:59.509Z",
        "value": "4.8160552978515625e-05",
        "cumulative": false
    },
    {
        "date": "2020-12-08T11:21:01.525Z",
        "value": "5.793571472167969e-05",
        "cumulative": false
    },
    {
        "date": "2020-12-08T11:21:03.514Z",
        "value": "6.699562072753906e-05",
        "cumulative": false
    },
    {
        "date": "2020-12-08T11:21:05.573Z",
        "value": "4.7206878662109375e-05",
        "cumulative": false
    },
    {
        "date": "2020-12-08T11:21:07.593Z",
        "value": "4.863739013671875e-05",
        "cumulative": false
    },
    {
        "date": "2020-12-08T11:21:09.550Z",
        "value": "4.6253204345703125e-05",
        "cumulative": false
    },
    {
        "date": "2020-12-08T11:21:11.573Z",
        "value": "4.38690185546875e-05",
        "cumulative": false
    },
    {
        "date": "2020-12-08T11:21:13.786Z",
        "value": "4.601478576660156e-05",
        "cumulative": false
    },
    {
        "date": "2020-12-08T11:21:15.815Z",
        "value": "4.649162292480469e-05",
        "cumulative": false
    },
    {
        "date": "2020-12-08T11:21:17.808Z",
        "value": "4.839897155761719e-05",
        "cumulative": false
    },
    {
        "date": "2020-12-08T11:21:19.909Z",
        "value": "4.696846008300781e-05",
        "cumulative": false
    },
    {
        "date": "2020-12-08T11:21:21.895Z",
        "value": "4.4345855712890625e-05",
        "cumulative": false
    },
    {
        "date": "2020-12-08T11:21:23.974Z",
        "value": "4.6253204345703125e-05",
        "cumulative": false
    },
    {
        "date": "2020-12-08T11:21:25.996Z",
        "value": "4.8160552978515625e-05",
        "cumulative": false
    },
    {
        "date": "2020-12-08T11:21:27.967Z",
        "value": "5.030632019042969e-05",
        "cumulative": false
    },
    {
        "date": "2020-12-08T11:21:29.958Z",
        "value": "4.363059997558594e-05",
        "cumulative": false
    },
    {
        "date": "2020-12-08T11:21:31.977Z",
        "value": "4.506111145019531e-05",
        "cumulative": false
    },
    {
        "date": "2020-12-08T11:21:34.022Z",
        "value": "4.696846008300781e-05",
        "cumulative": false
    },
    {
        "date": "2020-12-08T11:21:36.055Z",
        "value": "5.173683166503906e-05",
        "cumulative": false
    },
    {
        "date": "2020-12-08T11:21:38.287Z",
        "value": "4.363059997558594e-05",
        "cumulative": false
    }
]