[
    {
        "date": "2020-12-08T11:20:37.514Z",
        "value": "4.603902816772461",
        "cumulative": false
    },
    {
        "date": "2020-12-08T11:20:39.507Z",
        "value": "0.27289414405822754",
        "cumulative": false
    },
    {
        "date": "2020-12-08T11:20:41.521Z",
        "value": "0.2692837715148926",
        "cumulative": false
    },
    {
        "date": "2020-12-08T11:20:43.549Z",
        "value": "0.2763824462890625",
        "cumulative": false
    },
    {
        "date": "2020-12-08T11:20:45.572Z",
        "value": "0.2725694179534912",
        "cumulative": false
    },
    {
        "date": "2020-12-08T11:20:47.540Z",
        "value": "0.2637205123901367",
        "cumulative": false
    },
    {
        "date": "2020-12-08T11:20:49.547Z",
        "value": "0.2574150562286377",
        "cumulative": false
    },
    {
        "date": "2020-12-08T11:20:51.521Z",
        "value": "0.25707459449768066",
        "cumulative": false
    },
    {
        "date": "2020-12-08T11:20:53.458Z",
        "value": "0.270427942276001",
        "cumulative": false
    },
    {
        "date": "2020-12-08T11:20:55.469Z",
        "value": "0.2760326862335205",
        "cumulative": false
    },
    {
        "date": "2020-12-08T11:20:57.557Z",
        "value": "0.28162622451782227",
        "cumulative": false
    },
    {
        "date": "2020-12-08T11:20:59.513Z",
        "value": "0.27266550064086914",
        "cumulative": false
    },
    {
        "date": "2020-12-08T11:21:01.520Z",
        "value": "0.25897741317749023",
        "cumulative": false
    },
    {
        "date": "2020-12-08T11:21:03.512Z",
        "value": "0.28352999687194824",
        "cumulative": false
    },
    {
        "date": "2020-12-08T11:21:05.575Z",
        "value": "0.2590787410736084",
        "cumulative": false
    },
    {
        "date": "2020-12-08T11:21:07.594Z",
        "value": "0.2676215171813965",
        "cumulative": false
    },
    {
        "date": "2020-12-08T11:21:09.556Z",
        "value": "0.27245664596557617",
        "cumulative": false
    },
    {
        "date": "2020-12-08T11:21:11.579Z",
        "value": "0.28151822090148926",
        "cumulative": false
    },
    {
        "date": "2020-12-08T11:21:13.791Z",
        "value": "0.2751350402832031",
        "cumulative": false
    },
    {
        "date": "2020-12-08T11:21:15.808Z",
        "value": "0.2538602352142334",
        "cumulative": false
    },
    {
        "date": "2020-12-08T11:21:17.826Z",
        "value": "0.2846109867095947",
        "cumulative": false
    },
    {
        "date": "2020-12-08T11:21:19.904Z",
        "value": "0.28532886505126953",
        "cumulative": false
    },
    {
        "date": "2020-12-08T11:21:21.899Z",
        "value": "0.28083324432373047",
        "cumulative": false
    },
    {
        "date": "2020-12-08T11:21:23.981Z",
        "value": "0.25418806076049805",
        "cumulative": false
    },
    {
        "date": "2020-12-08T11:21:25.992Z",
        "value": "0.2765212059020996",
        "cumulative": false
    },
    {
        "date": "2020-12-08T11:21:27.971Z",
        "value": "0.27344846725463867",
        "cumulative": false
    },
    {
        "date": "2020-12-08T11:21:29.964Z",
        "value": "0.26660585403442383",
        "cumulative": false
    },
    {
        "date": "2020-12-08T11:21:31.996Z",
        "value": "0.2545289993286133",
        "cumulative": false
    },
    {
        "date": "2020-12-08T11:21:34.032Z",
        "value": "0.28891944885253906",
        "cumulative": false
    },
    {
        "date": "2020-12-08T11:21:36.058Z",
        "value": "0.2538583278656006",
        "cumulative": false
    },
    {
        "date": "2020-12-08T11:21:38.296Z",
        "value": "0.2921254634857178",
        "cumulative": false
    }
]