[
    {
        "date": "2020-12-08T11:20:37.522Z",
        "value": "0.0055806636810302734",
        "cumulative": false
    },
    {
        "date": "2020-12-08T11:20:39.513Z",
        "value": "0.004712820053100586",
        "cumulative": false
    },
    {
        "date": "2020-12-08T11:20:41.513Z",
        "value": "0.005194664001464844",
        "cumulative": false
    },
    {
        "date": "2020-12-08T11:20:43.549Z",
        "value": "0.004712104797363281",
        "cumulative": false
    },
    {
        "date": "2020-12-08T11:20:45.586Z",
        "value": "0.0052111148834228516",
        "cumulative": false
    },
    {
        "date": "2020-12-08T11:20:47.552Z",
        "value": "0.00510096549987793",
        "cumulative": false
    },
    {
        "date": "2020-12-08T11:20:49.552Z",
        "value": "0.0052471160888671875",
        "cumulative": false
    },
    {
        "date": "2020-12-08T11:20:51.533Z",
        "value": "0.0050699710845947266",
        "cumulative": false
    },
    {
        "date": "2020-12-08T11:20:53.479Z",
        "value": "0.0051364898681640625",
        "cumulative": false
    },
    {
        "date": "2020-12-08T11:20:55.478Z",
        "value": "0.0062105655670166016",
        "cumulative": false
    },
    {
        "date": "2020-12-08T11:20:57.563Z",
        "value": "0.0051305294036865234",
        "cumulative": false
    },
    {
        "date": "2020-12-08T11:20:59.518Z",
        "value": "0.005444526672363281",
        "cumulative": false
    },
    {
        "date": "2020-12-08T11:21:01.531Z",
        "value": "0.005291938781738281",
        "cumulative": false
    },
    {
        "date": "2020-12-08T11:21:03.528Z",
        "value": "0.004986286163330078",
        "cumulative": false
    },
    {
        "date": "2020-12-08T11:21:05.581Z",
        "value": "0.0052149295806884766",
        "cumulative": false
    },
    {
        "date": "2020-12-08T11:21:07.596Z",
        "value": "0.004879474639892578",
        "cumulative": false
    },
    {
        "date": "2020-12-08T11:21:09.562Z",
        "value": "0.005105018615722656",
        "cumulative": false
    },
    {
        "date": "2020-12-08T11:21:11.580Z",
        "value": "0.0055217742919921875",
        "cumulative": false
    },
    {
        "date": "2020-12-08T11:21:13.801Z",
        "value": "0.004889011383056641",
        "cumulative": false
    },
    {
        "date": "2020-12-08T11:21:15.818Z",
        "value": "0.00516057014465332",
        "cumulative": false
    },
    {
        "date": "2020-12-08T11:21:17.817Z",
        "value": "0.004926443099975586",
        "cumulative": false
    },
    {
        "date": "2020-12-08T11:21:19.909Z",
        "value": "0.004754304885864258",
        "cumulative": false
    },
    {
        "date": "2020-12-08T11:21:21.902Z",
        "value": "0.0053479671478271484",
        "cumulative": false
    },
    {
        "date": "2020-12-08T11:21:23.985Z",
        "value": "0.005324840545654297",
        "cumulative": false
    },
    {
        "date": "2020-12-08T11:21:25.995Z",
        "value": "0.0050811767578125",
        "cumulative": false
    },
    {
        "date": "2020-12-08T11:21:27.985Z",
        "value": "0.0047092437744140625",
        "cumulative": false
    },
    {
        "date": "2020-12-08T11:21:29.968Z",
        "value": "0.00567936897277832",
        "cumulative": false
    },
    {
        "date": "2020-12-08T11:21:31.987Z",
        "value": "0.00462794303894043",
        "cumulative": false
    },
    {
        "date": "2020-12-08T11:21:34.043Z",
        "value": "0.004952430725097656",
        "cumulative": false
    },
    {
        "date": "2020-12-08T11:21:36.063Z",
        "value": "0.0051763057708740234",
        "cumulative": false
    },
    {
        "date": "2020-12-08T11:21:38.306Z",
        "value": "0.005092620849609375",
        "cumulative": false
    }
]