[
    {
        "date": "2020-12-08T11:20:37.519Z",
        "value": "0.15950274467468262",
        "cumulative": false
    },
    {
        "date": "2020-12-08T11:20:39.512Z",
        "value": "0.17295193672180176",
        "cumulative": false
    },
    {
        "date": "2020-12-08T11:20:41.512Z",
        "value": "0.15764236450195312",
        "cumulative": false
    },
    {
        "date": "2020-12-08T11:20:43.552Z",
        "value": "0.166290283203125",
        "cumulative": false
    },
    {
        "date": "2020-12-08T11:20:45.579Z",
        "value": "0.1827068328857422",
        "cumulative": false
    },
    {
        "date": "2020-12-08T11:20:47.544Z",
        "value": "0.19760727882385254",
        "cumulative": false
    },
    {
        "date": "2020-12-08T11:20:49.557Z",
        "value": "0.1660161018371582",
        "cumulative": false
    },
    {
        "date": "2020-12-08T11:20:51.527Z",
        "value": "0.17174124717712402",
        "cumulative": false
    },
    {
        "date": "2020-12-08T11:20:53.469Z",
        "value": "0.17621207237243652",
        "cumulative": false
    },
    {
        "date": "2020-12-08T11:20:55.483Z",
        "value": "0.1730647087097168",
        "cumulative": false
    },
    {
        "date": "2020-12-08T11:20:57.557Z",
        "value": "0.1718885898590088",
        "cumulative": false
    },
    {
        "date": "2020-12-08T11:20:59.530Z",
        "value": "0.16869401931762695",
        "cumulative": false
    },
    {
        "date": "2020-12-08T11:21:01.526Z",
        "value": "0.1684267520904541",
        "cumulative": false
    },
    {
        "date": "2020-12-08T11:21:03.523Z",
        "value": "0.16926002502441406",
        "cumulative": false
    },
    {
        "date": "2020-12-08T11:21:05.580Z",
        "value": "0.16709041595458984",
        "cumulative": false
    },
    {
        "date": "2020-12-08T11:21:07.595Z",
        "value": "0.16887760162353516",
        "cumulative": false
    },
    {
        "date": "2020-12-08T11:21:09.559Z",
        "value": "0.18448281288146973",
        "cumulative": false
    },
    {
        "date": "2020-12-08T11:21:11.580Z",
        "value": "0.15821576118469238",
        "cumulative": false
    },
    {
        "date": "2020-12-08T11:21:13.796Z",
        "value": "0.18033075332641602",
        "cumulative": false
    },
    {
        "date": "2020-12-08T11:21:15.820Z",
        "value": "0.19277715682983398",
        "cumulative": false
    },
    {
        "date": "2020-12-08T11:21:17.819Z",
        "value": "0.178802490234375",
        "cumulative": false
    },
    {
        "date": "2020-12-08T11:21:19.913Z",
        "value": "0.20753931999206543",
        "cumulative": false
    },
    {
        "date": "2020-12-08T11:21:21.904Z",
        "value": "0.14649438858032227",
        "cumulative": false
    },
    {
        "date": "2020-12-08T11:21:23.986Z",
        "value": "0.1853630542755127",
        "cumulative": false
    },
    {
        "date": "2020-12-08T11:21:25.996Z",
        "value": "0.17287564277648926",
        "cumulative": false
    },
    {
        "date": "2020-12-08T11:21:27.983Z",
        "value": "0.16213226318359375",
        "cumulative": false
    },
    {
        "date": "2020-12-08T11:21:29.971Z",
        "value": "0.1842942237854004",
        "cumulative": false
    },
    {
        "date": "2020-12-08T11:21:31.986Z",
        "value": "0.18045353889465332",
        "cumulative": false
    },
    {
        "date": "2020-12-08T11:21:34.041Z",
        "value": "0.16366910934448242",
        "cumulative": false
    },
    {
        "date": "2020-12-08T11:21:36.070Z",
        "value": "0.17871427536010742",
        "cumulative": false
    },
    {
        "date": "2020-12-08T11:21:38.296Z",
        "value": "0.1726365089416504",
        "cumulative": false
    }
]