[
    {
        "date": "2020-12-08T11:20:37.515Z",
        "value": "0.5520741939544678",
        "cumulative": false
    },
    {
        "date": "2020-12-08T11:20:39.507Z",
        "value": "0.5853967666625977",
        "cumulative": false
    },
    {
        "date": "2020-12-08T11:20:41.521Z",
        "value": "0.6000142097473145",
        "cumulative": false
    },
    {
        "date": "2020-12-08T11:20:43.549Z",
        "value": "0.6144111156463623",
        "cumulative": false
    },
    {
        "date": "2020-12-08T11:20:45.572Z",
        "value": "0.6130964756011963",
        "cumulative": false
    },
    {
        "date": "2020-12-08T11:20:47.540Z",
        "value": "0.5726840496063232",
        "cumulative": false
    },
    {
        "date": "2020-12-08T11:20:49.547Z",
        "value": "0.6745505332946777",
        "cumulative": false
    },
    {
        "date": "2020-12-08T11:20:51.521Z",
        "value": "0.6264936923980713",
        "cumulative": false
    },
    {
        "date": "2020-12-08T11:20:53.458Z",
        "value": "0.549506425857544",
        "cumulative": false
    },
    {
        "date": "2020-12-08T11:20:55.469Z",
        "value": "0.6008157730102539",
        "cumulative": false
    },
    {
        "date": "2020-12-08T11:20:57.557Z",
        "value": "0.6348998546600342",
        "cumulative": false
    },
    {
        "date": "2020-12-08T11:20:59.514Z",
        "value": "0.5477993488311768",
        "cumulative": false
    },
    {
        "date": "2020-12-08T11:21:01.520Z",
        "value": "0.6426770687103271",
        "cumulative": false
    },
    {
        "date": "2020-12-08T11:21:03.513Z",
        "value": "0.5849010944366455",
        "cumulative": false
    },
    {
        "date": "2020-12-08T11:21:05.575Z",
        "value": "0.6797215938568115",
        "cumulative": false
    },
    {
        "date": "2020-12-08T11:21:07.595Z",
        "value": "0.6323926448822021",
        "cumulative": false
    },
    {
        "date": "2020-12-08T11:21:09.556Z",
        "value": "0.5835614204406738",
        "cumulative": false
    },
    {
        "date": "2020-12-08T11:21:11.579Z",
        "value": "0.5509238243103027",
        "cumulative": false
    },
    {
        "date": "2020-12-08T11:21:13.791Z",
        "value": "0.7178664207458496",
        "cumulative": false
    },
    {
        "date": "2020-12-08T11:21:15.808Z",
        "value": "0.6663045883178711",
        "cumulative": false
    },
    {
        "date": "2020-12-08T11:21:17.826Z",
        "value": "0.6305179595947266",
        "cumulative": false
    },
    {
        "date": "2020-12-08T11:21:19.904Z",
        "value": "0.7002387046813965",
        "cumulative": false
    },
    {
        "date": "2020-12-08T11:21:21.899Z",
        "value": "0.5721690654754639",
        "cumulative": false
    },
    {
        "date": "2020-12-08T11:21:23.981Z",
        "value": "0.7430744171142578",
        "cumulative": false
    },
    {
        "date": "2020-12-08T11:21:25.993Z",
        "value": "0.6687967777252197",
        "cumulative": false
    },
    {
        "date": "2020-12-08T11:21:27.971Z",
        "value": "0.636728048324585",
        "cumulative": false
    },
    {
        "date": "2020-12-08T11:21:29.964Z",
        "value": "0.6367199420928955",
        "cumulative": false
    },
    {
        "date": "2020-12-08T11:21:31.996Z",
        "value": "0.6465396881103516",
        "cumulative": false
    },
    {
        "date": "2020-12-08T11:21:34.032Z",
        "value": "0.6043684482574463",
        "cumulative": false
    },
    {
        "date": "2020-12-08T11:21:36.058Z",
        "value": "0.7308111190795898",
        "cumulative": false
    },
    {
        "date": "2020-12-08T11:21:38.296Z",
        "value": "0.8960840702056885",
        "cumulative": false
    }
]