[
    {
        "date": "2020-12-08T11:20:37.508Z",
        "value": "5.666698455810547",
        "cumulative": false
    },
    {
        "date": "2020-12-08T11:20:39.507Z",
        "value": "1.41536283493042",
        "cumulative": false
    },
    {
        "date": "2020-12-08T11:20:41.502Z",
        "value": "1.4025402069091797",
        "cumulative": false
    },
    {
        "date": "2020-12-08T11:20:43.541Z",
        "value": "1.4540798664093018",
        "cumulative": false
    },
    {
        "date": "2020-12-08T11:20:45.567Z",
        "value": "1.4240384101867676",
        "cumulative": false
    },
    {
        "date": "2020-12-08T11:20:47.543Z",
        "value": "1.4068305492401123",
        "cumulative": false
    },
    {
        "date": "2020-12-08T11:20:49.541Z",
        "value": "1.4454638957977295",
        "cumulative": false
    },
    {
        "date": "2020-12-08T11:20:51.521Z",
        "value": "1.4282417297363281",
        "cumulative": false
    },
    {
        "date": "2020-12-08T11:20:53.456Z",
        "value": "1.393589973449707",
        "cumulative": false
    },
    {
        "date": "2020-12-08T11:20:55.465Z",
        "value": "1.4308183193206787",
        "cumulative": false
    },
    {
        "date": "2020-12-08T11:20:57.549Z",
        "value": "1.4495646953582764",
        "cumulative": false
    },
    {
        "date": "2020-12-08T11:20:59.509Z",
        "value": "1.3788812160491943",
        "cumulative": false
    },
    {
        "date": "2020-12-08T11:21:01.517Z",
        "value": "1.443018913269043",
        "cumulative": false
    },
    {
        "date": "2020-12-08T11:21:03.512Z",
        "value": "1.4228413105010986",
        "cumulative": false
    },
    {
        "date": "2020-12-08T11:21:05.571Z",
        "value": "1.4574882984161377",
        "cumulative": false
    },
    {
        "date": "2020-12-08T11:21:07.587Z",
        "value": "1.440563440322876",
        "cumulative": false
    },
    {
        "date": "2020-12-08T11:21:09.550Z",
        "value": "1.4170928001403809",
        "cumulative": false
    },
    {
        "date": "2020-12-08T11:21:11.570Z",
        "value": "1.4240379333496094",
        "cumulative": false
    },
    {
        "date": "2020-12-08T11:21:13.794Z",
        "value": "1.5897276401519775",
        "cumulative": false
    },
    {
        "date": "2020-12-08T11:21:15.814Z",
        "value": "1.4457495212554932",
        "cumulative": false
    },
    {
        "date": "2020-12-08T11:21:17.808Z",
        "value": "1.4543979167938232",
        "cumulative": false
    },
    {
        "date": "2020-12-08T11:21:19.906Z",
        "value": "1.5181879997253418",
        "cumulative": false
    },
    {
        "date": "2020-12-08T11:21:21.902Z",
        "value": "1.4205822944641113",
        "cumulative": false
    },
    {
        "date": "2020-12-08T11:21:23.974Z",
        "value": "1.5099806785583496",
        "cumulative": false
    },
    {
        "date": "2020-12-08T11:21:25.992Z",
        "value": "1.4579665660858154",
        "cumulative": false
    },
    {
        "date": "2020-12-08T11:21:27.968Z",
        "value": "1.431917428970337",
        "cumulative": false
    },
    {
        "date": "2020-12-08T11:21:29.960Z",
        "value": "1.4420771598815918",
        "cumulative": false
    },
    {
        "date": "2020-12-08T11:21:31.978Z",
        "value": "1.4332048892974854",
        "cumulative": false
    },
    {
        "date": "2020-12-08T11:21:34.023Z",
        "value": "1.4633677005767822",
        "cumulative": false
    },
    {
        "date": "2020-12-08T11:21:36.056Z",
        "value": "1.4925193786621094",
        "cumulative": false
    },
    {
        "date": "2020-12-08T11:21:38.288Z",
        "value": "1.6855120658874512",
        "cumulative": false
    }
]