[
    {
        "date": "2020-12-08T11:20:37.509Z",
        "value": "2.3299450874328613",
        "cumulative": false
    },
    {
        "date": "2020-12-08T11:20:39.507Z",
        "value": "0.2958049774169922",
        "cumulative": false
    },
    {
        "date": "2020-12-08T11:20:41.502Z",
        "value": "0.2606971263885498",
        "cumulative": false
    },
    {
        "date": "2020-12-08T11:20:43.542Z",
        "value": "0.24128389358520508",
        "cumulative": false
    },
    {
        "date": "2020-12-08T11:20:45.567Z",
        "value": "0.24568819999694824",
        "cumulative": false
    },
    {
        "date": "2020-12-08T11:20:47.543Z",
        "value": "0.2400646209716797",
        "cumulative": false
    },
    {
        "date": "2020-12-08T11:20:49.541Z",
        "value": "0.22367000579833984",
        "cumulative": false
    },
    {
        "date": "2020-12-08T11:20:51.521Z",
        "value": "0.22720551490783691",
        "cumulative": false
    },
    {
        "date": "2020-12-08T11:20:53.456Z",
        "value": "0.24591636657714844",
        "cumulative": false
    },
    {
        "date": "2020-12-08T11:20:55.465Z",
        "value": "0.24586153030395508",
        "cumulative": false
    },
    {
        "date": "2020-12-08T11:20:57.549Z",
        "value": "0.23780322074890137",
        "cumulative": false
    },
    {
        "date": "2020-12-08T11:20:59.509Z",
        "value": "0.23933911323547363",
        "cumulative": false
    },
    {
        "date": "2020-12-08T11:21:01.517Z",
        "value": "0.26603078842163086",
        "cumulative": false
    },
    {
        "date": "2020-12-08T11:21:03.512Z",
        "value": "0.22674345970153809",
        "cumulative": false
    },
    {
        "date": "2020-12-08T11:21:05.571Z",
        "value": "0.24122047424316406",
        "cumulative": false
    },
    {
        "date": "2020-12-08T11:21:07.587Z",
        "value": "0.24125266075134277",
        "cumulative": false
    },
    {
        "date": "2020-12-08T11:21:09.550Z",
        "value": "0.23764657974243164",
        "cumulative": false
    },
    {
        "date": "2020-12-08T11:21:11.570Z",
        "value": "0.24690604209899902",
        "cumulative": false
    },
    {
        "date": "2020-12-08T11:21:13.794Z",
        "value": "0.2384505271911621",
        "cumulative": false
    },
    {
        "date": "2020-12-08T11:21:15.814Z",
        "value": "0.2459120750427246",
        "cumulative": false
    },
    {
        "date": "2020-12-08T11:21:17.808Z",
        "value": "0.2330183982849121",
        "cumulative": false
    },
    {
        "date": "2020-12-08T11:21:19.906Z",
        "value": "0.24034953117370605",
        "cumulative": false
    },
    {
        "date": "2020-12-08T11:21:21.903Z",
        "value": "0.2479255199432373",
        "cumulative": false
    },
    {
        "date": "2020-12-08T11:21:23.974Z",
        "value": "0.22771120071411133",
        "cumulative": false
    },
    {
        "date": "2020-12-08T11:21:25.992Z",
        "value": "0.23563933372497559",
        "cumulative": false
    },
    {
        "date": "2020-12-08T11:21:27.968Z",
        "value": "0.24593782424926758",
        "cumulative": false
    },
    {
        "date": "2020-12-08T11:21:29.960Z",
        "value": "0.22483205795288086",
        "cumulative": false
    },
    {
        "date": "2020-12-08T11:21:31.978Z",
        "value": "0.24501681327819824",
        "cumulative": false
    },
    {
        "date": "2020-12-08T11:21:34.023Z",
        "value": "0.23197078704833984",
        "cumulative": false
    },
    {
        "date": "2020-12-08T11:21:36.056Z",
        "value": "0.23245453834533691",
        "cumulative": false
    },
    {
        "date": "2020-12-08T11:21:38.288Z",
        "value": "0.22012591361999512",
        "cumulative": false
    }
]