[
    {
        "date": "2020-12-08T11:20:37.516Z",
        "value": "9.34600830078125e-05",
        "cumulative": false
    },
    {
        "date": "2020-12-08T11:20:39.508Z",
        "value": "8.392333984375e-05",
        "cumulative": false
    },
    {
        "date": "2020-12-08T11:20:41.513Z",
        "value": "8.58306884765625e-05",
        "cumulative": false
    },
    {
        "date": "2020-12-08T11:20:43.545Z",
        "value": "7.963180541992188e-05",
        "cumulative": false
    },
    {
        "date": "2020-12-08T11:20:45.578Z",
        "value": "7.724761962890625e-05",
        "cumulative": false
    },
    {
        "date": "2020-12-08T11:20:47.543Z",
        "value": "8.630752563476562e-05",
        "cumulative": false
    },
    {
        "date": "2020-12-08T11:20:49.551Z",
        "value": "8.225440979003906e-05",
        "cumulative": false
    },
    {
        "date": "2020-12-08T11:20:51.526Z",
        "value": "8.869171142578125e-05",
        "cumulative": false
    },
    {
        "date": "2020-12-08T11:20:53.470Z",
        "value": "7.963180541992188e-05",
        "cumulative": false
    },
    {
        "date": "2020-12-08T11:20:55.476Z",
        "value": "8.034706115722656e-05",
        "cumulative": false
    },
    {
        "date": "2020-12-08T11:20:57.561Z",
        "value": "8.320808410644531e-05",
        "cumulative": false
    },
    {
        "date": "2020-12-08T11:20:59.511Z",
        "value": "7.772445678710938e-05",
        "cumulative": false
    },
    {
        "date": "2020-12-08T11:21:01.523Z",
        "value": "9.751319885253906e-05",
        "cumulative": false
    },
    {
        "date": "2020-12-08T11:21:03.521Z",
        "value": "0.00010347366333007812",
        "cumulative": false
    },
    {
        "date": "2020-12-08T11:21:05.574Z",
        "value": "7.700920104980469e-05",
        "cumulative": false
    },
    {
        "date": "2020-12-08T11:21:07.598Z",
        "value": "0.00012421607971191406",
        "cumulative": false
    },
    {
        "date": "2020-12-08T11:21:09.559Z",
        "value": "8.940696716308594e-05",
        "cumulative": false
    },
    {
        "date": "2020-12-08T11:21:11.581Z",
        "value": "8.106231689453125e-05",
        "cumulative": false
    },
    {
        "date": "2020-12-08T11:21:13.790Z",
        "value": "7.653236389160156e-05",
        "cumulative": false
    },
    {
        "date": "2020-12-08T11:21:15.815Z",
        "value": "7.891654968261719e-05",
        "cumulative": false
    },
    {
        "date": "2020-12-08T11:21:17.817Z",
        "value": "8.320808410644531e-05",
        "cumulative": false
    },
    {
        "date": "2020-12-08T11:21:19.904Z",
        "value": "7.605552673339844e-05",
        "cumulative": false
    },
    {
        "date": "2020-12-08T11:21:21.901Z",
        "value": "6.961822509765625e-05",
        "cumulative": false
    },
    {
        "date": "2020-12-08T11:21:23.983Z",
        "value": "8.630752563476562e-05",
        "cumulative": false
    },
    {
        "date": "2020-12-08T11:21:25.990Z",
        "value": "7.343292236328125e-05",
        "cumulative": false
    },
    {
        "date": "2020-12-08T11:21:27.981Z",
        "value": "0.00011134147644042969",
        "cumulative": false
    },
    {
        "date": "2020-12-08T11:21:29.969Z",
        "value": "7.605552673339844e-05",
        "cumulative": false
    },
    {
        "date": "2020-12-08T11:21:31.982Z",
        "value": "8.20159912109375e-05",
        "cumulative": false
    },
    {
        "date": "2020-12-08T11:21:34.033Z",
        "value": "7.915496826171875e-05",
        "cumulative": false
    },
    {
        "date": "2020-12-08T11:21:36.061Z",
        "value": "7.414817810058594e-05",
        "cumulative": false
    },
    {
        "date": "2020-12-08T11:21:38.292Z",
        "value": "8.893013000488281e-05",
        "cumulative": false
    }
]