[
    {
        "date": "2020-12-08T11:20:36.192Z",
        "value": "11.71875",
        "cumulative": false
    },
    {
        "date": "2020-12-08T11:20:38.194Z",
        "value": "36.71875",
        "cumulative": false
    },
    {
        "date": "2020-12-08T11:20:40.194Z",
        "value": "43.75",
        "cumulative": false
    },
    {
        "date": "2020-12-08T11:20:42.198Z",
        "value": "51.5625",
        "cumulative": false
    },
    {
        "date": "2020-12-08T11:20:44.233Z",
        "value": "62.5",
        "cumulative": false
    },
    {
        "date": "2020-12-08T11:20:46.230Z",
        "value": "51.5625",
        "cumulative": false
    },
    {
        "date": "2020-12-08T11:20:48.196Z",
        "value": "58.59375",
        "cumulative": false
    },
    {
        "date": "2020-12-08T11:20:50.198Z",
        "value": "75.78125",
        "cumulative": false
    },
    {
        "date": "2020-12-08T11:20:52.155Z",
        "value": "63.28125",
        "cumulative": false
    },
    {
        "date": "2020-12-08T11:20:54.131Z",
        "value": "65.625",
        "cumulative": false
    },
    {
        "date": "2020-12-08T11:20:56.198Z",
        "value": "72.65625",
        "cumulative": false
    },
    {
        "date": "2020-12-08T11:20:58.213Z",
        "value": "74.21875",
        "cumulative": false
    },
    {
        "date": "2020-12-08T11:21:00.142Z",
        "value": "75.78125",
        "cumulative": false
    },
    {
        "date": "2020-12-08T11:21:02.191Z",
        "value": "80.46875",
        "cumulative": false
    },
    {
        "date": "2020-12-08T11:21:04.210Z",
        "value": "69.53125",
        "cumulative": false
    },
    {
        "date": "2020-12-08T11:21:06.250Z",
        "value": "75.0",
        "cumulative": false
    },
    {
        "date": "2020-12-08T11:21:08.242Z",
        "value": "77.34375",
        "cumulative": false
    },
    {
        "date": "2020-12-08T11:21:10.237Z",
        "value": "78.125",
        "cumulative": false
    },
    {
        "date": "2020-12-08T11:21:12.294Z",
        "value": "82.03125",
        "cumulative": false
    },
    {
        "date": "2020-12-08T11:21:14.437Z",
        "value": "78.125",
        "cumulative": false
    },
    {
        "date": "2020-12-08T11:21:16.451Z",
        "value": "81.25",
        "cumulative": false
    },
    {
        "date": "2020-12-08T11:21:18.498Z",
        "value": "81.25",
        "cumulative": false
    },
    {
        "date": "2020-12-08T11:21:20.577Z",
        "value": "88.28125",
        "cumulative": false
    },
    {
        "date": "2020-12-08T11:21:22.648Z",
        "value": "83.59375",
        "cumulative": false
    },
    {
        "date": "2020-12-08T11:21:24.646Z",
        "value": "85.9375",
        "cumulative": false
    },
    {
        "date": "2020-12-08T11:21:26.649Z",
        "value": "82.03125",
        "cumulative": false
    },
    {
        "date": "2020-12-08T11:21:28.610Z",
        "value": "86.71875",
        "cumulative": false
    },
    {
        "date": "2020-12-08T11:21:30.660Z",
        "value": "86.71875",
        "cumulative": false
    },
    {
        "date": "2020-12-08T11:21:32.657Z",
        "value": "85.15625",
        "cumulative": false
    },
    {
        "date": "2020-12-08T11:21:34.730Z",
        "value": "85.9375",
        "cumulative": false
    },
    {
        "date": "2020-12-08T11:21:36.711Z",
        "value": "84.375",
        "cumulative": false
    }
]