[
    {
        "date": "2020-12-08T11:20:37.512Z",
        "value": "0.1721179485321045",
        "cumulative": false
    },
    {
        "date": "2020-12-08T11:20:39.512Z",
        "value": "0.17450737953186035",
        "cumulative": false
    },
    {
        "date": "2020-12-08T11:20:41.511Z",
        "value": "0.20276641845703125",
        "cumulative": false
    },
    {
        "date": "2020-12-08T11:20:43.549Z",
        "value": "0.1779005527496338",
        "cumulative": false
    },
    {
        "date": "2020-12-08T11:20:45.571Z",
        "value": "0.17726898193359375",
        "cumulative": false
    },
    {
        "date": "2020-12-08T11:20:47.539Z",
        "value": "0.1661829948425293",
        "cumulative": false
    },
    {
        "date": "2020-12-08T11:20:49.544Z",
        "value": "0.19058775901794434",
        "cumulative": false
    },
    {
        "date": "2020-12-08T11:20:51.520Z",
        "value": "0.1967945098876953",
        "cumulative": false
    },
    {
        "date": "2020-12-08T11:20:53.464Z",
        "value": "0.16141295433044434",
        "cumulative": false
    },
    {
        "date": "2020-12-08T11:20:55.472Z",
        "value": "0.2122635841369629",
        "cumulative": false
    },
    {
        "date": "2020-12-08T11:20:57.552Z",
        "value": "0.19091153144836426",
        "cumulative": false
    },
    {
        "date": "2020-12-08T11:20:59.512Z",
        "value": "0.18380951881408691",
        "cumulative": false
    },
    {
        "date": "2020-12-08T11:21:01.520Z",
        "value": "0.1740436553955078",
        "cumulative": false
    },
    {
        "date": "2020-12-08T11:21:03.512Z",
        "value": "0.18679285049438477",
        "cumulative": false
    },
    {
        "date": "2020-12-08T11:21:05.576Z",
        "value": "0.2024989128112793",
        "cumulative": false
    },
    {
        "date": "2020-12-08T11:21:07.590Z",
        "value": "0.18594932556152344",
        "cumulative": false
    },
    {
        "date": "2020-12-08T11:21:09.552Z",
        "value": "0.17513799667358398",
        "cumulative": false
    },
    {
        "date": "2020-12-08T11:21:11.581Z",
        "value": "0.1791999340057373",
        "cumulative": false
    },
    {
        "date": "2020-12-08T11:21:13.798Z",
        "value": "0.19548392295837402",
        "cumulative": false
    },
    {
        "date": "2020-12-08T11:21:15.811Z",
        "value": "0.18151545524597168",
        "cumulative": false
    },
    {
        "date": "2020-12-08T11:21:17.816Z",
        "value": "0.16095232963562012",
        "cumulative": false
    },
    {
        "date": "2020-12-08T11:21:19.904Z",
        "value": "0.17562365531921387",
        "cumulative": false
    },
    {
        "date": "2020-12-08T11:21:21.901Z",
        "value": "0.17180538177490234",
        "cumulative": false
    },
    {
        "date": "2020-12-08T11:21:23.977Z",
        "value": "0.2022714614868164",
        "cumulative": false
    },
    {
        "date": "2020-12-08T11:21:25.997Z",
        "value": "0.17032241821289062",
        "cumulative": false
    },
    {
        "date": "2020-12-08T11:21:27.970Z",
        "value": "0.18085527420043945",
        "cumulative": false
    },
    {
        "date": "2020-12-08T11:21:29.963Z",
        "value": "0.1813826560974121",
        "cumulative": false
    },
    {
        "date": "2020-12-08T11:21:31.980Z",
        "value": "0.16190290451049805",
        "cumulative": false
    },
    {
        "date": "2020-12-08T11:21:34.028Z",
        "value": "0.17948031425476074",
        "cumulative": false
    },
    {
        "date": "2020-12-08T11:21:36.074Z",
        "value": "0.19208860397338867",
        "cumulative": false
    },
    {
        "date": "2020-12-08T11:21:38.296Z",
        "value": "0.18562602996826172",
        "cumulative": false
    }
]