[
    {
        "date": "2020-12-08T11:20:36.193Z",
        "value": "2.44671893119812",
        "cumulative": false
    },
    {
        "date": "2020-12-08T11:20:38.196Z",
        "value": "1.8615121841430664",
        "cumulative": false
    },
    {
        "date": "2020-12-08T11:20:40.196Z",
        "value": "1.6078699827194214",
        "cumulative": false
    },
    {
        "date": "2020-12-08T11:20:42.200Z",
        "value": "1.4022265672683716",
        "cumulative": false
    },
    {
        "date": "2020-12-08T11:20:44.235Z",
        "value": "1.1793004274368286",
        "cumulative": false
    },
    {
        "date": "2020-12-08T11:20:46.232Z",
        "value": "1.2614156007766724",
        "cumulative": false
    },
    {
        "date": "2020-12-08T11:20:48.198Z",
        "value": "1.1487891674041748",
        "cumulative": false
    },
    {
        "date": "2020-12-08T11:20:50.200Z",
        "value": "1.0917643308639526",
        "cumulative": false
    },
    {
        "date": "2020-12-08T11:20:52.162Z",
        "value": "1.0334641933441162",
        "cumulative": false
    },
    {
        "date": "2020-12-08T11:20:54.133Z",
        "value": "0.9045541882514954",
        "cumulative": false
    },
    {
        "date": "2020-12-08T11:20:56.200Z",
        "value": "0.8872121572494507",
        "cumulative": false
    },
    {
        "date": "2020-12-08T11:20:58.215Z",
        "value": "0.7948689460754395",
        "cumulative": false
    },
    {
        "date": "2020-12-08T11:21:00.144Z",
        "value": "0.9083540439605713",
        "cumulative": false
    },
    {
        "date": "2020-12-08T11:21:02.191Z",
        "value": "0.5794649720191956",
        "cumulative": false
    },
    {
        "date": "2020-12-08T11:21:04.212Z",
        "value": "0.6403551697731018",
        "cumulative": false
    },
    {
        "date": "2020-12-08T11:21:06.252Z",
        "value": "0.7093526721000671",
        "cumulative": false
    },
    {
        "date": "2020-12-08T11:21:08.244Z",
        "value": "0.6485394835472107",
        "cumulative": false
    },
    {
        "date": "2020-12-08T11:21:10.239Z",
        "value": "0.6543213129043579",
        "cumulative": false
    },
    {
        "date": "2020-12-08T11:21:12.297Z",
        "value": "0.646026074886322",
        "cumulative": false
    },
    {
        "date": "2020-12-08T11:21:14.439Z",
        "value": "0.5521891713142395",
        "cumulative": false
    },
    {
        "date": "2020-12-08T11:21:16.453Z",
        "value": "0.6004816293716431",
        "cumulative": false
    },
    {
        "date": "2020-12-08T11:21:18.500Z",
        "value": "0.3984440565109253",
        "cumulative": false
    },
    {
        "date": "2020-12-08T11:21:20.579Z",
        "value": "0.4783836901187897",
        "cumulative": false
    },
    {
        "date": "2020-12-08T11:21:22.650Z",
        "value": "0.3707553744316101",
        "cumulative": false
    },
    {
        "date": "2020-12-08T11:21:24.648Z",
        "value": "0.32692113518714905",
        "cumulative": false
    },
    {
        "date": "2020-12-08T11:21:26.651Z",
        "value": "0.3973473608493805",
        "cumulative": false
    },
    {
        "date": "2020-12-08T11:21:28.612Z",
        "value": "0.2776147425174713",
        "cumulative": false
    },
    {
        "date": "2020-12-08T11:21:30.662Z",
        "value": "0.44428232312202454",
        "cumulative": false
    },
    {
        "date": "2020-12-08T11:21:32.661Z",
        "value": "0.4298838675022125",
        "cumulative": false
    },
    {
        "date": "2020-12-08T11:21:34.732Z",
        "value": "0.4837758541107178",
        "cumulative": false
    },
    {
        "date": "2020-12-08T11:21:36.712Z",
        "value": "0.4774134159088135",
        "cumulative": false
    }
]