[
    {
        "date": "2020-12-08T11:20:37.525Z",
        "value": "0.16357135772705078",
        "cumulative": false
    },
    {
        "date": "2020-12-08T11:20:39.516Z",
        "value": "0.17167973518371582",
        "cumulative": false
    },
    {
        "date": "2020-12-08T11:20:41.518Z",
        "value": "0.17682743072509766",
        "cumulative": false
    },
    {
        "date": "2020-12-08T11:20:43.551Z",
        "value": "0.1603097915649414",
        "cumulative": false
    },
    {
        "date": "2020-12-08T11:20:45.574Z",
        "value": "0.16947579383850098",
        "cumulative": false
    },
    {
        "date": "2020-12-08T11:20:47.542Z",
        "value": "0.18544411659240723",
        "cumulative": false
    },
    {
        "date": "2020-12-08T11:20:49.548Z",
        "value": "0.16105103492736816",
        "cumulative": false
    },
    {
        "date": "2020-12-08T11:20:51.528Z",
        "value": "0.15630483627319336",
        "cumulative": false
    },
    {
        "date": "2020-12-08T11:20:53.463Z",
        "value": "0.1733081340789795",
        "cumulative": false
    },
    {
        "date": "2020-12-08T11:20:55.479Z",
        "value": "0.17433738708496094",
        "cumulative": false
    },
    {
        "date": "2020-12-08T11:20:57.556Z",
        "value": "0.1744098663330078",
        "cumulative": false
    },
    {
        "date": "2020-12-08T11:20:59.517Z",
        "value": "0.18766093254089355",
        "cumulative": false
    },
    {
        "date": "2020-12-08T11:21:01.529Z",
        "value": "0.17127490043640137",
        "cumulative": false
    },
    {
        "date": "2020-12-08T11:21:03.523Z",
        "value": "0.16554951667785645",
        "cumulative": false
    },
    {
        "date": "2020-12-08T11:21:05.579Z",
        "value": "0.16570401191711426",
        "cumulative": false
    },
    {
        "date": "2020-12-08T11:21:07.595Z",
        "value": "0.15825295448303223",
        "cumulative": false
    },
    {
        "date": "2020-12-08T11:21:09.563Z",
        "value": "0.17208385467529297",
        "cumulative": false
    },
    {
        "date": "2020-12-08T11:21:11.579Z",
        "value": "0.1570742130279541",
        "cumulative": false
    },
    {
        "date": "2020-12-08T11:21:13.794Z",
        "value": "0.15926837921142578",
        "cumulative": false
    },
    {
        "date": "2020-12-08T11:21:15.814Z",
        "value": "0.16643047332763672",
        "cumulative": false
    },
    {
        "date": "2020-12-08T11:21:17.815Z",
        "value": "0.17748641967773438",
        "cumulative": false
    },
    {
        "date": "2020-12-08T11:21:19.918Z",
        "value": "0.1757962703704834",
        "cumulative": false
    },
    {
        "date": "2020-12-08T11:21:21.900Z",
        "value": "0.1609179973602295",
        "cumulative": false
    },
    {
        "date": "2020-12-08T11:21:23.986Z",
        "value": "0.17966985702514648",
        "cumulative": false
    },
    {
        "date": "2020-12-08T11:21:25.994Z",
        "value": "0.18682551383972168",
        "cumulative": false
    },
    {
        "date": "2020-12-08T11:21:27.981Z",
        "value": "0.1787090301513672",
        "cumulative": false
    },
    {
        "date": "2020-12-08T11:21:29.965Z",
        "value": "0.1585683822631836",
        "cumulative": false
    },
    {
        "date": "2020-12-08T11:21:31.984Z",
        "value": "0.1743927001953125",
        "cumulative": false
    },
    {
        "date": "2020-12-08T11:21:34.037Z",
        "value": "0.1609952449798584",
        "cumulative": false
    },
    {
        "date": "2020-12-08T11:21:36.063Z",
        "value": "0.16510605812072754",
        "cumulative": false
    },
    {
        "date": "2020-12-08T11:21:38.298Z",
        "value": "0.19226694107055664",
        "cumulative": false
    }
]