[
    {
        "date": "2020-12-08T11:20:36.190Z",
        "value": "2.4839677810668945",
        "cumulative": false
    },
    {
        "date": "2020-12-08T11:20:38.197Z",
        "value": "1.7458362579345703",
        "cumulative": false
    },
    {
        "date": "2020-12-08T11:20:40.194Z",
        "value": "1.6115753650665283",
        "cumulative": false
    },
    {
        "date": "2020-12-08T11:20:42.199Z",
        "value": "1.3261994123458862",
        "cumulative": false
    },
    {
        "date": "2020-12-08T11:20:44.237Z",
        "value": "1.2250736951828003",
        "cumulative": false
    },
    {
        "date": "2020-12-08T11:20:46.231Z",
        "value": "1.1255571842193604",
        "cumulative": false
    },
    {
        "date": "2020-12-08T11:20:48.195Z",
        "value": "1.0261449813842773",
        "cumulative": false
    },
    {
        "date": "2020-12-08T11:20:50.198Z",
        "value": "0.9554640650749207",
        "cumulative": false
    },
    {
        "date": "2020-12-08T11:20:52.154Z",
        "value": "1.0177210569381714",
        "cumulative": false
    },
    {
        "date": "2020-12-08T11:20:54.131Z",
        "value": "0.9294145107269287",
        "cumulative": false
    },
    {
        "date": "2020-12-08T11:20:56.198Z",
        "value": "0.8228525519371033",
        "cumulative": false
    },
    {
        "date": "2020-12-08T11:20:58.213Z",
        "value": "0.8208818435668945",
        "cumulative": false
    },
    {
        "date": "2020-12-08T11:21:00.142Z",
        "value": "0.6811226606369019",
        "cumulative": false
    },
    {
        "date": "2020-12-08T11:21:02.189Z",
        "value": "0.570466935634613",
        "cumulative": false
    },
    {
        "date": "2020-12-08T11:21:04.211Z",
        "value": "0.6871177554130554",
        "cumulative": false
    },
    {
        "date": "2020-12-08T11:21:06.250Z",
        "value": "0.4668177664279938",
        "cumulative": false
    },
    {
        "date": "2020-12-08T11:21:08.241Z",
        "value": "0.46531668305397034",
        "cumulative": false
    },
    {
        "date": "2020-12-08T11:21:10.238Z",
        "value": "0.648051381111145",
        "cumulative": false
    },
    {
        "date": "2020-12-08T11:21:12.294Z",
        "value": "0.4482218027114868",
        "cumulative": false
    },
    {
        "date": "2020-12-08T11:21:14.437Z",
        "value": "0.4497201144695282",
        "cumulative": false
    },
    {
        "date": "2020-12-08T11:21:16.457Z",
        "value": "0.5155120491981506",
        "cumulative": false
    },
    {
        "date": "2020-12-08T11:21:18.498Z",
        "value": "0.4977750778198242",
        "cumulative": false
    },
    {
        "date": "2020-12-08T11:21:20.565Z",
        "value": "0.42971786856651306",
        "cumulative": false
    },
    {
        "date": "2020-12-08T11:21:22.647Z",
        "value": "0.42730215191841125",
        "cumulative": false
    },
    {
        "date": "2020-12-08T11:21:24.645Z",
        "value": "0.4513072073459625",
        "cumulative": false
    },
    {
        "date": "2020-12-08T11:21:26.648Z",
        "value": "0.3722338378429413",
        "cumulative": false
    },
    {
        "date": "2020-12-08T11:21:28.610Z",
        "value": "0.535785436630249",
        "cumulative": false
    },
    {
        "date": "2020-12-08T11:21:30.660Z",
        "value": "0.43009307980537415",
        "cumulative": false
    },
    {
        "date": "2020-12-08T11:21:32.657Z",
        "value": "0.4570956528186798",
        "cumulative": false
    },
    {
        "date": "2020-12-08T11:21:34.730Z",
        "value": "0.30682694911956787",
        "cumulative": false
    },
    {
        "date": "2020-12-08T11:21:36.707Z",
        "value": "0.3325534462928772",
        "cumulative": false
    }
]