[
    {
        "date": "2020-12-08T11:20:37.522Z",
        "value": "0.07147836685180664",
        "cumulative": false
    },
    {
        "date": "2020-12-08T11:20:39.523Z",
        "value": "0.06728720664978027",
        "cumulative": false
    },
    {
        "date": "2020-12-08T11:20:41.517Z",
        "value": "0.06095480918884277",
        "cumulative": false
    },
    {
        "date": "2020-12-08T11:20:43.553Z",
        "value": "0.06083345413208008",
        "cumulative": false
    },
    {
        "date": "2020-12-08T11:20:45.582Z",
        "value": "0.06271934509277344",
        "cumulative": false
    },
    {
        "date": "2020-12-08T11:20:47.550Z",
        "value": "0.0696103572845459",
        "cumulative": false
    },
    {
        "date": "2020-12-08T11:20:49.553Z",
        "value": "0.06322550773620605",
        "cumulative": false
    },
    {
        "date": "2020-12-08T11:20:51.533Z",
        "value": "0.0661013126373291",
        "cumulative": false
    },
    {
        "date": "2020-12-08T11:20:53.471Z",
        "value": "0.05806231498718262",
        "cumulative": false
    },
    {
        "date": "2020-12-08T11:20:55.485Z",
        "value": "0.06900453567504883",
        "cumulative": false
    },
    {
        "date": "2020-12-08T11:20:57.566Z",
        "value": "0.06340670585632324",
        "cumulative": false
    },
    {
        "date": "2020-12-08T11:20:59.524Z",
        "value": "0.06206989288330078",
        "cumulative": false
    },
    {
        "date": "2020-12-08T11:21:01.536Z",
        "value": "0.05935049057006836",
        "cumulative": false
    },
    {
        "date": "2020-12-08T11:21:03.531Z",
        "value": "0.06131935119628906",
        "cumulative": false
    },
    {
        "date": "2020-12-08T11:21:05.591Z",
        "value": "0.06738948822021484",
        "cumulative": false
    },
    {
        "date": "2020-12-08T11:21:07.601Z",
        "value": "0.06792593002319336",
        "cumulative": false
    },
    {
        "date": "2020-12-08T11:21:09.561Z",
        "value": "0.0627291202545166",
        "cumulative": false
    },
    {
        "date": "2020-12-08T11:21:11.599Z",
        "value": "0.06241893768310547",
        "cumulative": false
    },
    {
        "date": "2020-12-08T11:21:13.800Z",
        "value": "0.06003308296203613",
        "cumulative": false
    },
    {
        "date": "2020-12-08T11:21:15.820Z",
        "value": "0.06566095352172852",
        "cumulative": false
    },
    {
        "date": "2020-12-08T11:21:17.828Z",
        "value": "0.06310081481933594",
        "cumulative": false
    },
    {
        "date": "2020-12-08T11:21:19.922Z",
        "value": "0.06379151344299316",
        "cumulative": false
    },
    {
        "date": "2020-12-08T11:21:21.907Z",
        "value": "0.06583452224731445",
        "cumulative": false
    },
    {
        "date": "2020-12-08T11:21:23.993Z",
        "value": "0.060723304748535156",
        "cumulative": false
    },
    {
        "date": "2020-12-08T11:21:26.005Z",
        "value": "0.061712026596069336",
        "cumulative": false
    },
    {
        "date": "2020-12-08T11:21:27.978Z",
        "value": "0.060234785079956055",
        "cumulative": false
    },
    {
        "date": "2020-12-08T11:21:29.979Z",
        "value": "0.05993509292602539",
        "cumulative": false
    },
    {
        "date": "2020-12-08T11:21:31.995Z",
        "value": "0.0595698356628418",
        "cumulative": false
    },
    {
        "date": "2020-12-08T11:21:34.050Z",
        "value": "0.05900311470031738",
        "cumulative": false
    },
    {
        "date": "2020-12-08T11:21:36.069Z",
        "value": "0.0614471435546875",
        "cumulative": false
    },
    {
        "date": "2020-12-08T11:21:38.302Z",
        "value": "0.06403183937072754",
        "cumulative": false
    }
]