[
    {
        "date": "2020-12-08T11:20:37.518Z",
        "value": "0.20656943321228027",
        "cumulative": false
    },
    {
        "date": "2020-12-08T11:20:39.505Z",
        "value": "0.19307851791381836",
        "cumulative": false
    },
    {
        "date": "2020-12-08T11:20:41.505Z",
        "value": "0.2089834213256836",
        "cumulative": false
    },
    {
        "date": "2020-12-08T11:20:43.544Z",
        "value": "0.24117350578308105",
        "cumulative": false
    },
    {
        "date": "2020-12-08T11:20:45.566Z",
        "value": "0.19481563568115234",
        "cumulative": false
    },
    {
        "date": "2020-12-08T11:20:47.534Z",
        "value": "0.1779026985168457",
        "cumulative": false
    },
    {
        "date": "2020-12-08T11:20:49.542Z",
        "value": "0.19589686393737793",
        "cumulative": false
    },
    {
        "date": "2020-12-08T11:20:51.517Z",
        "value": "0.20398426055908203",
        "cumulative": false
    },
    {
        "date": "2020-12-08T11:20:53.461Z",
        "value": "0.19089889526367188",
        "cumulative": false
    },
    {
        "date": "2020-12-08T11:20:55.476Z",
        "value": "0.2070026397705078",
        "cumulative": false
    },
    {
        "date": "2020-12-08T11:20:57.555Z",
        "value": "0.21370911598205566",
        "cumulative": false
    },
    {
        "date": "2020-12-08T11:20:59.509Z",
        "value": "0.2043161392211914",
        "cumulative": false
    },
    {
        "date": "2020-12-08T11:21:01.525Z",
        "value": "0.21330904960632324",
        "cumulative": false
    },
    {
        "date": "2020-12-08T11:21:03.514Z",
        "value": "0.22441506385803223",
        "cumulative": false
    },
    {
        "date": "2020-12-08T11:21:05.573Z",
        "value": "0.21094417572021484",
        "cumulative": false
    },
    {
        "date": "2020-12-08T11:21:07.593Z",
        "value": "0.20053911209106445",
        "cumulative": false
    },
    {
        "date": "2020-12-08T11:21:09.550Z",
        "value": "0.1981797218322754",
        "cumulative": false
    },
    {
        "date": "2020-12-08T11:21:11.573Z",
        "value": "0.21419262886047363",
        "cumulative": false
    },
    {
        "date": "2020-12-08T11:21:13.786Z",
        "value": "0.18728256225585938",
        "cumulative": false
    },
    {
        "date": "2020-12-08T11:21:15.815Z",
        "value": "0.21293878555297852",
        "cumulative": false
    },
    {
        "date": "2020-12-08T11:21:17.807Z",
        "value": "0.19995880126953125",
        "cumulative": false
    },
    {
        "date": "2020-12-08T11:21:19.909Z",
        "value": "0.2051553726196289",
        "cumulative": false
    },
    {
        "date": "2020-12-08T11:21:21.895Z",
        "value": "0.20150542259216309",
        "cumulative": false
    },
    {
        "date": "2020-12-08T11:21:23.973Z",
        "value": "0.2029571533203125",
        "cumulative": false
    },
    {
        "date": "2020-12-08T11:21:25.996Z",
        "value": "0.209456205368042",
        "cumulative": false
    },
    {
        "date": "2020-12-08T11:21:27.967Z",
        "value": "0.19339776039123535",
        "cumulative": false
    },
    {
        "date": "2020-12-08T11:21:29.958Z",
        "value": "0.2029857635498047",
        "cumulative": false
    },
    {
        "date": "2020-12-08T11:21:31.977Z",
        "value": "0.20125699043273926",
        "cumulative": false
    },
    {
        "date": "2020-12-08T11:21:34.022Z",
        "value": "0.2253425121307373",
        "cumulative": false
    },
    {
        "date": "2020-12-08T11:21:36.055Z",
        "value": "0.19047236442565918",
        "cumulative": false
    },
    {
        "date": "2020-12-08T11:21:38.287Z",
        "value": "0.19901227951049805",
        "cumulative": false
    }
]