[
    {
        "date": "2020-12-08T11:20:37.524Z",
        "value": "0.17836785316467285",
        "cumulative": false
    },
    {
        "date": "2020-12-08T11:20:39.523Z",
        "value": "0.16457295417785645",
        "cumulative": false
    },
    {
        "date": "2020-12-08T11:20:41.517Z",
        "value": "0.17280364036560059",
        "cumulative": false
    },
    {
        "date": "2020-12-08T11:20:43.553Z",
        "value": "0.18512654304504395",
        "cumulative": false
    },
    {
        "date": "2020-12-08T11:20:45.582Z",
        "value": "0.16053986549377441",
        "cumulative": false
    },
    {
        "date": "2020-12-08T11:20:47.550Z",
        "value": "0.18447661399841309",
        "cumulative": false
    },
    {
        "date": "2020-12-08T11:20:49.553Z",
        "value": "0.1551978588104248",
        "cumulative": false
    },
    {
        "date": "2020-12-08T11:20:51.533Z",
        "value": "0.18239402770996094",
        "cumulative": false
    },
    {
        "date": "2020-12-08T11:20:53.471Z",
        "value": "0.17167258262634277",
        "cumulative": false
    },
    {
        "date": "2020-12-08T11:20:55.485Z",
        "value": "0.16599130630493164",
        "cumulative": false
    },
    {
        "date": "2020-12-08T11:20:57.566Z",
        "value": "0.18625664710998535",
        "cumulative": false
    },
    {
        "date": "2020-12-08T11:20:59.524Z",
        "value": "0.19393181800842285",
        "cumulative": false
    },
    {
        "date": "2020-12-08T11:21:01.536Z",
        "value": "0.17139530181884766",
        "cumulative": false
    },
    {
        "date": "2020-12-08T11:21:03.531Z",
        "value": "0.18391203880310059",
        "cumulative": false
    },
    {
        "date": "2020-12-08T11:21:05.591Z",
        "value": "0.19441771507263184",
        "cumulative": false
    },
    {
        "date": "2020-12-08T11:21:07.601Z",
        "value": "0.18216848373413086",
        "cumulative": false
    },
    {
        "date": "2020-12-08T11:21:09.562Z",
        "value": "0.1613917350769043",
        "cumulative": false
    },
    {
        "date": "2020-12-08T11:21:11.599Z",
        "value": "0.16420674324035645",
        "cumulative": false
    },
    {
        "date": "2020-12-08T11:21:13.800Z",
        "value": "0.16175007820129395",
        "cumulative": false
    },
    {
        "date": "2020-12-08T11:21:15.820Z",
        "value": "0.15958929061889648",
        "cumulative": false
    },
    {
        "date": "2020-12-08T11:21:17.828Z",
        "value": "0.16361093521118164",
        "cumulative": false
    },
    {
        "date": "2020-12-08T11:21:19.922Z",
        "value": "0.17290925979614258",
        "cumulative": false
    },
    {
        "date": "2020-12-08T11:21:21.907Z",
        "value": "0.18171286582946777",
        "cumulative": false
    },
    {
        "date": "2020-12-08T11:21:23.993Z",
        "value": "0.16331171989440918",
        "cumulative": false
    },
    {
        "date": "2020-12-08T11:21:26.005Z",
        "value": "0.1639397144317627",
        "cumulative": false
    },
    {
        "date": "2020-12-08T11:21:27.978Z",
        "value": "0.171708345413208",
        "cumulative": false
    },
    {
        "date": "2020-12-08T11:21:29.980Z",
        "value": "0.19551467895507812",
        "cumulative": false
    },
    {
        "date": "2020-12-08T11:21:31.995Z",
        "value": "0.1752758026123047",
        "cumulative": false
    },
    {
        "date": "2020-12-08T11:21:34.050Z",
        "value": "0.17143034934997559",
        "cumulative": false
    },
    {
        "date": "2020-12-08T11:21:36.069Z",
        "value": "0.17468881607055664",
        "cumulative": false
    },
    {
        "date": "2020-12-08T11:21:38.302Z",
        "value": "0.16427969932556152",
        "cumulative": false
    }
]