[
    {
        "date": "2020-12-08T11:20:36.190Z",
        "value": "2.446298360824585",
        "cumulative": false
    },
    {
        "date": "2020-12-08T11:20:38.194Z",
        "value": "1.6912578344345093",
        "cumulative": false
    },
    {
        "date": "2020-12-08T11:20:40.194Z",
        "value": "1.4970905780792236",
        "cumulative": false
    },
    {
        "date": "2020-12-08T11:20:42.198Z",
        "value": "1.392235279083252",
        "cumulative": false
    },
    {
        "date": "2020-12-08T11:20:44.232Z",
        "value": "1.1620248556137085",
        "cumulative": false
    },
    {
        "date": "2020-12-08T11:20:46.230Z",
        "value": "1.130481243133545",
        "cumulative": false
    },
    {
        "date": "2020-12-08T11:20:48.196Z",
        "value": "1.118018388748169",
        "cumulative": false
    },
    {
        "date": "2020-12-08T11:20:50.198Z",
        "value": "0.7558711171150208",
        "cumulative": false
    },
    {
        "date": "2020-12-08T11:20:52.154Z",
        "value": "0.9739814400672913",
        "cumulative": false
    },
    {
        "date": "2020-12-08T11:20:54.131Z",
        "value": "0.9341932535171509",
        "cumulative": false
    },
    {
        "date": "2020-12-08T11:20:56.198Z",
        "value": "0.9319599270820618",
        "cumulative": false
    },
    {
        "date": "2020-12-08T11:20:58.213Z",
        "value": "0.8173465728759766",
        "cumulative": false
    },
    {
        "date": "2020-12-08T11:21:00.142Z",
        "value": "0.7555572986602783",
        "cumulative": false
    },
    {
        "date": "2020-12-08T11:21:02.191Z",
        "value": "0.6269909739494324",
        "cumulative": false
    },
    {
        "date": "2020-12-08T11:21:04.210Z",
        "value": "0.8460471630096436",
        "cumulative": false
    },
    {
        "date": "2020-12-08T11:21:06.250Z",
        "value": "0.6809244751930237",
        "cumulative": false
    },
    {
        "date": "2020-12-08T11:21:08.242Z",
        "value": "0.5942910313606262",
        "cumulative": false
    },
    {
        "date": "2020-12-08T11:21:10.237Z",
        "value": "0.6243934035301208",
        "cumulative": false
    },
    {
        "date": "2020-12-08T11:21:12.294Z",
        "value": "0.5528327822685242",
        "cumulative": false
    },
    {
        "date": "2020-12-08T11:21:14.437Z",
        "value": "0.595329761505127",
        "cumulative": false
    },
    {
        "date": "2020-12-08T11:21:16.451Z",
        "value": "0.5400025248527527",
        "cumulative": false
    },
    {
        "date": "2020-12-08T11:21:18.498Z",
        "value": "0.535763144493103",
        "cumulative": false
    },
    {
        "date": "2020-12-08T11:21:20.576Z",
        "value": "0.37514451146125793",
        "cumulative": false
    },
    {
        "date": "2020-12-08T11:21:22.648Z",
        "value": "0.4955224394798279",
        "cumulative": false
    },
    {
        "date": "2020-12-08T11:21:24.646Z",
        "value": "0.3632403314113617",
        "cumulative": false
    },
    {
        "date": "2020-12-08T11:21:26.649Z",
        "value": "0.56829833984375",
        "cumulative": false
    },
    {
        "date": "2020-12-08T11:21:28.610Z",
        "value": "0.3636980950832367",
        "cumulative": false
    },
    {
        "date": "2020-12-08T11:21:30.660Z",
        "value": "0.4014279544353485",
        "cumulative": false
    },
    {
        "date": "2020-12-08T11:21:32.657Z",
        "value": "0.4486609995365143",
        "cumulative": false
    },
    {
        "date": "2020-12-08T11:21:34.730Z",
        "value": "0.45225629210472107",
        "cumulative": false
    },
    {
        "date": "2020-12-08T11:21:36.710Z",
        "value": "0.4545460045337677",
        "cumulative": false
    }
]