[
    {
        "date": "2020-12-08T11:20:37.511Z",
        "value": "0.005012989044189453",
        "cumulative": false
    },
    {
        "date": "2020-12-08T11:20:39.503Z",
        "value": "0.004571199417114258",
        "cumulative": false
    },
    {
        "date": "2020-12-08T11:20:41.507Z",
        "value": "0.005007266998291016",
        "cumulative": false
    },
    {
        "date": "2020-12-08T11:20:43.540Z",
        "value": "0.004676342010498047",
        "cumulative": false
    },
    {
        "date": "2020-12-08T11:20:45.567Z",
        "value": "0.0046503543853759766",
        "cumulative": false
    },
    {
        "date": "2020-12-08T11:20:47.536Z",
        "value": "0.00464940071105957",
        "cumulative": false
    },
    {
        "date": "2020-12-08T11:20:49.543Z",
        "value": "0.004434823989868164",
        "cumulative": false
    },
    {
        "date": "2020-12-08T11:20:51.519Z",
        "value": "0.0050051212310791016",
        "cumulative": false
    },
    {
        "date": "2020-12-08T11:20:53.458Z",
        "value": "0.005053281784057617",
        "cumulative": false
    },
    {
        "date": "2020-12-08T11:20:55.468Z",
        "value": "0.0051021575927734375",
        "cumulative": false
    },
    {
        "date": "2020-12-08T11:20:57.563Z",
        "value": "0.004564762115478516",
        "cumulative": false
    },
    {
        "date": "2020-12-08T11:20:59.516Z",
        "value": "0.004683017730712891",
        "cumulative": false
    },
    {
        "date": "2020-12-08T11:21:01.530Z",
        "value": "0.0050547122955322266",
        "cumulative": false
    },
    {
        "date": "2020-12-08T11:21:03.512Z",
        "value": "0.010272979736328125",
        "cumulative": false
    },
    {
        "date": "2020-12-08T11:21:05.585Z",
        "value": "0.004607200622558594",
        "cumulative": false
    },
    {
        "date": "2020-12-08T11:21:07.596Z",
        "value": "0.004917621612548828",
        "cumulative": false
    },
    {
        "date": "2020-12-08T11:21:09.554Z",
        "value": "0.0044596195220947266",
        "cumulative": false
    },
    {
        "date": "2020-12-08T11:21:11.575Z",
        "value": "0.005066394805908203",
        "cumulative": false
    },
    {
        "date": "2020-12-08T11:21:13.794Z",
        "value": "0.004643440246582031",
        "cumulative": false
    },
    {
        "date": "2020-12-08T11:21:15.810Z",
        "value": "0.005712032318115234",
        "cumulative": false
    },
    {
        "date": "2020-12-08T11:21:17.823Z",
        "value": "0.005416393280029297",
        "cumulative": false
    },
    {
        "date": "2020-12-08T11:21:19.901Z",
        "value": "0.0048542022705078125",
        "cumulative": false
    },
    {
        "date": "2020-12-08T11:21:21.898Z",
        "value": "0.005013704299926758",
        "cumulative": false
    },
    {
        "date": "2020-12-08T11:21:23.975Z",
        "value": "0.0048139095306396484",
        "cumulative": false
    },
    {
        "date": "2020-12-08T11:21:25.996Z",
        "value": "0.005300045013427734",
        "cumulative": false
    },
    {
        "date": "2020-12-08T11:21:27.971Z",
        "value": "0.005746364593505859",
        "cumulative": false
    },
    {
        "date": "2020-12-08T11:21:29.961Z",
        "value": "0.005678653717041016",
        "cumulative": false
    },
    {
        "date": "2020-12-08T11:21:31.987Z",
        "value": "0.0050508975982666016",
        "cumulative": false
    },
    {
        "date": "2020-12-08T11:21:34.027Z",
        "value": "0.0075855255126953125",
        "cumulative": false
    },
    {
        "date": "2020-12-08T11:21:36.061Z",
        "value": "0.005519390106201172",
        "cumulative": false
    },
    {
        "date": "2020-12-08T11:21:38.296Z",
        "value": "0.004925251007080078",
        "cumulative": false
    }
]