[
    {
        "date": "2020-12-08T11:20:36.196Z",
        "value": "6.25",
        "cumulative": false
    },
    {
        "date": "2020-12-08T11:20:38.202Z",
        "value": "30.46875",
        "cumulative": false
    },
    {
        "date": "2020-12-08T11:20:40.198Z",
        "value": "36.71875",
        "cumulative": false
    },
    {
        "date": "2020-12-08T11:20:42.203Z",
        "value": "50.78125",
        "cumulative": false
    },
    {
        "date": "2020-12-08T11:20:44.241Z",
        "value": "57.8125",
        "cumulative": false
    },
    {
        "date": "2020-12-08T11:20:46.234Z",
        "value": "54.6875",
        "cumulative": false
    },
    {
        "date": "2020-12-08T11:20:48.199Z",
        "value": "64.0625",
        "cumulative": false
    },
    {
        "date": "2020-12-08T11:20:50.202Z",
        "value": "70.3125",
        "cumulative": false
    },
    {
        "date": "2020-12-08T11:20:52.158Z",
        "value": "57.8125",
        "cumulative": false
    },
    {
        "date": "2020-12-08T11:20:54.134Z",
        "value": "72.65625",
        "cumulative": false
    },
    {
        "date": "2020-12-08T11:20:56.201Z",
        "value": "71.09375",
        "cumulative": false
    },
    {
        "date": "2020-12-08T11:20:58.217Z",
        "value": "67.96875",
        "cumulative": false
    },
    {
        "date": "2020-12-08T11:21:00.145Z",
        "value": "75.78125",
        "cumulative": false
    },
    {
        "date": "2020-12-08T11:21:02.193Z",
        "value": "75.0",
        "cumulative": false
    },
    {
        "date": "2020-12-08T11:21:04.216Z",
        "value": "78.125",
        "cumulative": false
    },
    {
        "date": "2020-12-08T11:21:06.254Z",
        "value": "78.90625",
        "cumulative": false
    },
    {
        "date": "2020-12-08T11:21:08.245Z",
        "value": "82.8125",
        "cumulative": false
    },
    {
        "date": "2020-12-08T11:21:10.240Z",
        "value": "82.8125",
        "cumulative": false
    },
    {
        "date": "2020-12-08T11:21:12.298Z",
        "value": "83.59375",
        "cumulative": false
    },
    {
        "date": "2020-12-08T11:21:14.440Z",
        "value": "76.5625",
        "cumulative": false
    },
    {
        "date": "2020-12-08T11:21:16.461Z",
        "value": "82.8125",
        "cumulative": false
    },
    {
        "date": "2020-12-08T11:21:18.502Z",
        "value": "86.71875",
        "cumulative": false
    },
    {
        "date": "2020-12-08T11:21:20.576Z",
        "value": "85.9375",
        "cumulative": false
    },
    {
        "date": "2020-12-08T11:21:22.651Z",
        "value": "84.375",
        "cumulative": false
    },
    {
        "date": "2020-12-08T11:21:24.649Z",
        "value": "88.28125",
        "cumulative": false
    },
    {
        "date": "2020-12-08T11:21:26.652Z",
        "value": "82.8125",
        "cumulative": false
    },
    {
        "date": "2020-12-08T11:21:28.614Z",
        "value": "79.6875",
        "cumulative": false
    },
    {
        "date": "2020-12-08T11:21:30.664Z",
        "value": "85.15625",
        "cumulative": false
    },
    {
        "date": "2020-12-08T11:21:32.660Z",
        "value": "90.625",
        "cumulative": false
    },
    {
        "date": "2020-12-08T11:21:34.734Z",
        "value": "80.46875",
        "cumulative": false
    },
    {
        "date": "2020-12-08T11:21:36.711Z",
        "value": "85.15625",
        "cumulative": false
    }
]