[
    {
        "date": "2020-12-08T11:20:37.517Z",
        "value": "0.15369844436645508",
        "cumulative": false
    },
    {
        "date": "2020-12-08T11:20:39.506Z",
        "value": "0.16698527336120605",
        "cumulative": false
    },
    {
        "date": "2020-12-08T11:20:41.510Z",
        "value": "0.17832279205322266",
        "cumulative": false
    },
    {
        "date": "2020-12-08T11:20:43.545Z",
        "value": "0.16025257110595703",
        "cumulative": false
    },
    {
        "date": "2020-12-08T11:20:45.572Z",
        "value": "0.14836549758911133",
        "cumulative": false
    },
    {
        "date": "2020-12-08T11:20:47.548Z",
        "value": "0.16843533515930176",
        "cumulative": false
    },
    {
        "date": "2020-12-08T11:20:49.549Z",
        "value": "0.16272187232971191",
        "cumulative": false
    },
    {
        "date": "2020-12-08T11:20:51.521Z",
        "value": "0.18438100814819336",
        "cumulative": false
    },
    {
        "date": "2020-12-08T11:20:53.458Z",
        "value": "0.17797613143920898",
        "cumulative": false
    },
    {
        "date": "2020-12-08T11:20:55.467Z",
        "value": "0.15982770919799805",
        "cumulative": false
    },
    {
        "date": "2020-12-08T11:20:57.551Z",
        "value": "0.15291857719421387",
        "cumulative": false
    },
    {
        "date": "2020-12-08T11:20:59.511Z",
        "value": "0.1551344394683838",
        "cumulative": false
    },
    {
        "date": "2020-12-08T11:21:01.524Z",
        "value": "0.165724515914917",
        "cumulative": false
    },
    {
        "date": "2020-12-08T11:21:03.518Z",
        "value": "0.2049555778503418",
        "cumulative": false
    },
    {
        "date": "2020-12-08T11:21:05.574Z",
        "value": "0.1452469825744629",
        "cumulative": false
    },
    {
        "date": "2020-12-08T11:21:07.589Z",
        "value": "0.14540982246398926",
        "cumulative": false
    },
    {
        "date": "2020-12-08T11:21:09.557Z",
        "value": "0.17156577110290527",
        "cumulative": false
    },
    {
        "date": "2020-12-08T11:21:11.572Z",
        "value": "0.16437721252441406",
        "cumulative": false
    },
    {
        "date": "2020-12-08T11:21:13.796Z",
        "value": "0.15994715690612793",
        "cumulative": false
    },
    {
        "date": "2020-12-08T11:21:15.811Z",
        "value": "0.18903207778930664",
        "cumulative": false
    },
    {
        "date": "2020-12-08T11:21:17.812Z",
        "value": "0.15984606742858887",
        "cumulative": false
    },
    {
        "date": "2020-12-08T11:21:19.902Z",
        "value": "0.17124462127685547",
        "cumulative": false
    },
    {
        "date": "2020-12-08T11:21:21.906Z",
        "value": "0.17078256607055664",
        "cumulative": false
    },
    {
        "date": "2020-12-08T11:21:23.977Z",
        "value": "0.17069458961486816",
        "cumulative": false
    },
    {
        "date": "2020-12-08T11:21:25.991Z",
        "value": "0.17583179473876953",
        "cumulative": false
    },
    {
        "date": "2020-12-08T11:21:27.969Z",
        "value": "0.16600584983825684",
        "cumulative": false
    },
    {
        "date": "2020-12-08T11:21:29.961Z",
        "value": "0.17102909088134766",
        "cumulative": false
    },
    {
        "date": "2020-12-08T11:21:31.984Z",
        "value": "0.15854978561401367",
        "cumulative": false
    },
    {
        "date": "2020-12-08T11:21:34.036Z",
        "value": "0.15854239463806152",
        "cumulative": false
    },
    {
        "date": "2020-12-08T11:21:36.061Z",
        "value": "0.19134187698364258",
        "cumulative": false
    },
    {
        "date": "2020-12-08T11:21:38.291Z",
        "value": "0.15719223022460938",
        "cumulative": false
    }
]