[
    {
        "date": "2020-12-08T11:20:37.517Z",
        "value": "0.005289554595947266",
        "cumulative": false
    },
    {
        "date": "2020-12-08T11:20:39.506Z",
        "value": "0.005096912384033203",
        "cumulative": false
    },
    {
        "date": "2020-12-08T11:20:41.510Z",
        "value": "0.005040884017944336",
        "cumulative": false
    },
    {
        "date": "2020-12-08T11:20:43.545Z",
        "value": "0.004534721374511719",
        "cumulative": false
    },
    {
        "date": "2020-12-08T11:20:45.572Z",
        "value": "0.005201578140258789",
        "cumulative": false
    },
    {
        "date": "2020-12-08T11:20:47.548Z",
        "value": "0.004401445388793945",
        "cumulative": false
    },
    {
        "date": "2020-12-08T11:20:49.549Z",
        "value": "0.004529476165771484",
        "cumulative": false
    },
    {
        "date": "2020-12-08T11:20:51.521Z",
        "value": "0.004698991775512695",
        "cumulative": false
    },
    {
        "date": "2020-12-08T11:20:53.458Z",
        "value": "0.004784822463989258",
        "cumulative": false
    },
    {
        "date": "2020-12-08T11:20:55.467Z",
        "value": "0.004607677459716797",
        "cumulative": false
    },
    {
        "date": "2020-12-08T11:20:57.551Z",
        "value": "0.004871368408203125",
        "cumulative": false
    },
    {
        "date": "2020-12-08T11:20:59.511Z",
        "value": "0.005254268646240234",
        "cumulative": false
    },
    {
        "date": "2020-12-08T11:21:01.524Z",
        "value": "0.00568842887878418",
        "cumulative": false
    },
    {
        "date": "2020-12-08T11:21:03.518Z",
        "value": "0.0053179264068603516",
        "cumulative": false
    },
    {
        "date": "2020-12-08T11:21:05.574Z",
        "value": "0.004963874816894531",
        "cumulative": false
    },
    {
        "date": "2020-12-08T11:21:07.589Z",
        "value": "0.004621267318725586",
        "cumulative": false
    },
    {
        "date": "2020-12-08T11:21:09.557Z",
        "value": "0.006975650787353516",
        "cumulative": false
    },
    {
        "date": "2020-12-08T11:21:11.572Z",
        "value": "0.004761695861816406",
        "cumulative": false
    },
    {
        "date": "2020-12-08T11:21:13.796Z",
        "value": "0.0049436092376708984",
        "cumulative": false
    },
    {
        "date": "2020-12-08T11:21:15.811Z",
        "value": "0.005101919174194336",
        "cumulative": false
    },
    {
        "date": "2020-12-08T11:21:17.812Z",
        "value": "0.005247831344604492",
        "cumulative": false
    },
    {
        "date": "2020-12-08T11:21:19.902Z",
        "value": "0.005208253860473633",
        "cumulative": false
    },
    {
        "date": "2020-12-08T11:21:21.906Z",
        "value": "0.0048923492431640625",
        "cumulative": false
    },
    {
        "date": "2020-12-08T11:21:23.977Z",
        "value": "0.004736661911010742",
        "cumulative": false
    },
    {
        "date": "2020-12-08T11:21:25.991Z",
        "value": "0.004829883575439453",
        "cumulative": false
    },
    {
        "date": "2020-12-08T11:21:27.969Z",
        "value": "0.005089759826660156",
        "cumulative": false
    },
    {
        "date": "2020-12-08T11:21:29.961Z",
        "value": "0.0046422481536865234",
        "cumulative": false
    },
    {
        "date": "2020-12-08T11:21:31.984Z",
        "value": "0.004930019378662109",
        "cumulative": false
    },
    {
        "date": "2020-12-08T11:21:34.036Z",
        "value": "0.004966259002685547",
        "cumulative": false
    },
    {
        "date": "2020-12-08T11:21:36.061Z",
        "value": "0.005293130874633789",
        "cumulative": false
    },
    {
        "date": "2020-12-08T11:21:38.291Z",
        "value": "0.0052106380462646484",
        "cumulative": false
    }
]