[
    {
        "date": "2020-12-08T11:20:36.186Z",
        "value": "7.03125",
        "cumulative": false
    },
    {
        "date": "2020-12-08T11:20:38.192Z",
        "value": "29.6875",
        "cumulative": false
    },
    {
        "date": "2020-12-08T11:20:40.189Z",
        "value": "42.96875",
        "cumulative": false
    },
    {
        "date": "2020-12-08T11:20:42.193Z",
        "value": "59.375",
        "cumulative": false
    },
    {
        "date": "2020-12-08T11:20:44.231Z",
        "value": "55.46875",
        "cumulative": false
    },
    {
        "date": "2020-12-08T11:20:46.225Z",
        "value": "46.875",
        "cumulative": false
    },
    {
        "date": "2020-12-08T11:20:48.190Z",
        "value": "64.0625",
        "cumulative": false
    },
    {
        "date": "2020-12-08T11:20:50.193Z",
        "value": "61.71875",
        "cumulative": false
    },
    {
        "date": "2020-12-08T11:20:52.149Z",
        "value": "62.5",
        "cumulative": false
    },
    {
        "date": "2020-12-08T11:20:54.125Z",
        "value": "67.1875",
        "cumulative": false
    },
    {
        "date": "2020-12-08T11:20:56.199Z",
        "value": "76.5625",
        "cumulative": false
    },
    {
        "date": "2020-12-08T11:20:58.208Z",
        "value": "73.4375",
        "cumulative": false
    },
    {
        "date": "2020-12-08T11:21:00.136Z",
        "value": "78.125",
        "cumulative": false
    },
    {
        "date": "2020-12-08T11:21:02.184Z",
        "value": "76.5625",
        "cumulative": false
    },
    {
        "date": "2020-12-08T11:21:04.206Z",
        "value": "82.8125",
        "cumulative": false
    },
    {
        "date": "2020-12-08T11:21:06.244Z",
        "value": "76.5625",
        "cumulative": false
    },
    {
        "date": "2020-12-08T11:21:08.241Z",
        "value": "81.25",
        "cumulative": false
    },
    {
        "date": "2020-12-08T11:21:10.231Z",
        "value": "78.90625",
        "cumulative": false
    },
    {
        "date": "2020-12-08T11:21:12.289Z",
        "value": "77.34375",
        "cumulative": false
    },
    {
        "date": "2020-12-08T11:21:14.430Z",
        "value": "77.34375",
        "cumulative": false
    },
    {
        "date": "2020-12-08T11:21:16.446Z",
        "value": "89.84375",
        "cumulative": false
    },
    {
        "date": "2020-12-08T11:21:18.492Z",
        "value": "79.6875",
        "cumulative": false
    },
    {
        "date": "2020-12-08T11:21:20.567Z",
        "value": "82.03125",
        "cumulative": false
    },
    {
        "date": "2020-12-08T11:21:22.642Z",
        "value": "83.59375",
        "cumulative": false
    },
    {
        "date": "2020-12-08T11:21:24.640Z",
        "value": "82.8125",
        "cumulative": false
    },
    {
        "date": "2020-12-08T11:21:26.643Z",
        "value": "82.8125",
        "cumulative": false
    },
    {
        "date": "2020-12-08T11:21:28.605Z",
        "value": "82.8125",
        "cumulative": false
    },
    {
        "date": "2020-12-08T11:21:30.641Z",
        "value": "89.84375",
        "cumulative": false
    },
    {
        "date": "2020-12-08T11:21:32.651Z",
        "value": "82.03125",
        "cumulative": false
    },
    {
        "date": "2020-12-08T11:21:34.724Z",
        "value": "86.71875",
        "cumulative": false
    },
    {
        "date": "2020-12-08T11:21:36.704Z",
        "value": "86.71875",
        "cumulative": false
    }
]