[
    {
        "date": "2020-12-08T11:20:37.518Z",
        "value": "9.942054748535156e-05",
        "cumulative": false
    },
    {
        "date": "2020-12-08T11:20:39.512Z",
        "value": "8.869171142578125e-05",
        "cumulative": false
    },
    {
        "date": "2020-12-08T11:20:41.518Z",
        "value": "8.463859558105469e-05",
        "cumulative": false
    },
    {
        "date": "2020-12-08T11:20:43.547Z",
        "value": "8.392333984375e-05",
        "cumulative": false
    },
    {
        "date": "2020-12-08T11:20:45.590Z",
        "value": "0.00010514259338378906",
        "cumulative": false
    },
    {
        "date": "2020-12-08T11:20:47.548Z",
        "value": "8.225440979003906e-05",
        "cumulative": false
    },
    {
        "date": "2020-12-08T11:20:49.550Z",
        "value": "9.036064147949219e-05",
        "cumulative": false
    },
    {
        "date": "2020-12-08T11:20:51.526Z",
        "value": "7.987022399902344e-05",
        "cumulative": false
    },
    {
        "date": "2020-12-08T11:20:53.478Z",
        "value": "8.130073547363281e-05",
        "cumulative": false
    },
    {
        "date": "2020-12-08T11:20:55.472Z",
        "value": "8.440017700195312e-05",
        "cumulative": false
    },
    {
        "date": "2020-12-08T11:20:57.558Z",
        "value": "9.131431579589844e-05",
        "cumulative": false
    },
    {
        "date": "2020-12-08T11:20:59.520Z",
        "value": "9.107589721679688e-05",
        "cumulative": false
    },
    {
        "date": "2020-12-08T11:21:01.531Z",
        "value": "8.106231689453125e-05",
        "cumulative": false
    },
    {
        "date": "2020-12-08T11:21:03.534Z",
        "value": "8.463859558105469e-05",
        "cumulative": false
    },
    {
        "date": "2020-12-08T11:21:05.585Z",
        "value": "8.225440979003906e-05",
        "cumulative": false
    },
    {
        "date": "2020-12-08T11:21:07.595Z",
        "value": "9.417533874511719e-05",
        "cumulative": false
    },
    {
        "date": "2020-12-08T11:21:09.574Z",
        "value": "7.987022399902344e-05",
        "cumulative": false
    },
    {
        "date": "2020-12-08T11:21:11.596Z",
        "value": "9.655952453613281e-05",
        "cumulative": false
    },
    {
        "date": "2020-12-08T11:21:13.795Z",
        "value": "8.0108642578125e-05",
        "cumulative": false
    },
    {
        "date": "2020-12-08T11:21:15.820Z",
        "value": "0.00010132789611816406",
        "cumulative": false
    },
    {
        "date": "2020-12-08T11:21:17.818Z",
        "value": "7.987022399902344e-05",
        "cumulative": false
    },
    {
        "date": "2020-12-08T11:21:19.907Z",
        "value": "0.00011849403381347656",
        "cumulative": false
    },
    {
        "date": "2020-12-08T11:21:21.906Z",
        "value": "8.749961853027344e-05",
        "cumulative": false
    },
    {
        "date": "2020-12-08T11:21:23.987Z",
        "value": "0.00010776519775390625",
        "cumulative": false
    },
    {
        "date": "2020-12-08T11:21:25.996Z",
        "value": "8.416175842285156e-05",
        "cumulative": false
    },
    {
        "date": "2020-12-08T11:21:27.986Z",
        "value": "8.940696716308594e-05",
        "cumulative": false
    },
    {
        "date": "2020-12-08T11:21:29.975Z",
        "value": "0.00010323524475097656",
        "cumulative": false
    },
    {
        "date": "2020-12-08T11:21:31.988Z",
        "value": "0.00011777877807617188",
        "cumulative": false
    },
    {
        "date": "2020-12-08T11:21:34.032Z",
        "value": "8.20159912109375e-05",
        "cumulative": false
    },
    {
        "date": "2020-12-08T11:21:36.066Z",
        "value": "8.058547973632812e-05",
        "cumulative": false
    },
    {
        "date": "2020-12-08T11:21:38.302Z",
        "value": "8.7738037109375e-05",
        "cumulative": false
    }
]