[
    {
        "date": "2020-12-08T11:20:37.509Z",
        "value": "0.20732879638671875",
        "cumulative": false
    },
    {
        "date": "2020-12-08T11:20:39.507Z",
        "value": "0.2325446605682373",
        "cumulative": false
    },
    {
        "date": "2020-12-08T11:20:41.502Z",
        "value": "0.2223217487335205",
        "cumulative": false
    },
    {
        "date": "2020-12-08T11:20:43.542Z",
        "value": "0.23334097862243652",
        "cumulative": false
    },
    {
        "date": "2020-12-08T11:20:45.567Z",
        "value": "0.2175302505493164",
        "cumulative": false
    },
    {
        "date": "2020-12-08T11:20:47.543Z",
        "value": "0.2265608310699463",
        "cumulative": false
    },
    {
        "date": "2020-12-08T11:20:49.541Z",
        "value": "0.220595121383667",
        "cumulative": false
    },
    {
        "date": "2020-12-08T11:20:51.521Z",
        "value": "0.23355817794799805",
        "cumulative": false
    },
    {
        "date": "2020-12-08T11:20:53.456Z",
        "value": "0.22763466835021973",
        "cumulative": false
    },
    {
        "date": "2020-12-08T11:20:55.465Z",
        "value": "0.2224900722503662",
        "cumulative": false
    },
    {
        "date": "2020-12-08T11:20:57.549Z",
        "value": "0.21257591247558594",
        "cumulative": false
    },
    {
        "date": "2020-12-08T11:20:59.509Z",
        "value": "0.23382925987243652",
        "cumulative": false
    },
    {
        "date": "2020-12-08T11:21:01.517Z",
        "value": "0.2503318786621094",
        "cumulative": false
    },
    {
        "date": "2020-12-08T11:21:03.512Z",
        "value": "0.22374844551086426",
        "cumulative": false
    },
    {
        "date": "2020-12-08T11:21:05.571Z",
        "value": "0.22378110885620117",
        "cumulative": false
    },
    {
        "date": "2020-12-08T11:21:07.587Z",
        "value": "0.22040057182312012",
        "cumulative": false
    },
    {
        "date": "2020-12-08T11:21:09.550Z",
        "value": "0.19970941543579102",
        "cumulative": false
    },
    {
        "date": "2020-12-08T11:21:11.570Z",
        "value": "0.2467961311340332",
        "cumulative": false
    },
    {
        "date": "2020-12-08T11:21:13.794Z",
        "value": "0.21491670608520508",
        "cumulative": false
    },
    {
        "date": "2020-12-08T11:21:15.814Z",
        "value": "0.2295370101928711",
        "cumulative": false
    },
    {
        "date": "2020-12-08T11:21:17.808Z",
        "value": "0.2093207836151123",
        "cumulative": false
    },
    {
        "date": "2020-12-08T11:21:19.906Z",
        "value": "0.23051095008850098",
        "cumulative": false
    },
    {
        "date": "2020-12-08T11:21:21.903Z",
        "value": "0.22797012329101562",
        "cumulative": false
    },
    {
        "date": "2020-12-08T11:21:23.974Z",
        "value": "0.22472500801086426",
        "cumulative": false
    },
    {
        "date": "2020-12-08T11:21:25.992Z",
        "value": "0.19957470893859863",
        "cumulative": false
    },
    {
        "date": "2020-12-08T11:21:27.968Z",
        "value": "0.21724462509155273",
        "cumulative": false
    },
    {
        "date": "2020-12-08T11:21:29.960Z",
        "value": "0.2395627498626709",
        "cumulative": false
    },
    {
        "date": "2020-12-08T11:21:31.978Z",
        "value": "0.21561050415039062",
        "cumulative": false
    },
    {
        "date": "2020-12-08T11:21:34.023Z",
        "value": "0.21613550186157227",
        "cumulative": false
    },
    {
        "date": "2020-12-08T11:21:36.056Z",
        "value": "0.23241138458251953",
        "cumulative": false
    },
    {
        "date": "2020-12-08T11:21:38.288Z",
        "value": "0.21096324920654297",
        "cumulative": false
    }
]