[
    {
        "date": "2020-12-08T11:20:37.517Z",
        "value": "5.675019979476929",
        "cumulative": false
    },
    {
        "date": "2020-12-08T11:20:39.510Z",
        "value": "1.4209699630737305",
        "cumulative": false
    },
    {
        "date": "2020-12-08T11:20:41.510Z",
        "value": "1.4237663745880127",
        "cumulative": false
    },
    {
        "date": "2020-12-08T11:20:43.545Z",
        "value": "1.4526679515838623",
        "cumulative": false
    },
    {
        "date": "2020-12-08T11:20:45.581Z",
        "value": "1.409555435180664",
        "cumulative": false
    },
    {
        "date": "2020-12-08T11:20:47.547Z",
        "value": "1.3864011764526367",
        "cumulative": false
    },
    {
        "date": "2020-12-08T11:20:49.554Z",
        "value": "1.4517762660980225",
        "cumulative": false
    },
    {
        "date": "2020-12-08T11:20:51.526Z",
        "value": "1.4391674995422363",
        "cumulative": false
    },
    {
        "date": "2020-12-08T11:20:53.462Z",
        "value": "1.3835608959197998",
        "cumulative": false
    },
    {
        "date": "2020-12-08T11:20:55.478Z",
        "value": "1.4318327903747559",
        "cumulative": false
    },
    {
        "date": "2020-12-08T11:20:57.553Z",
        "value": "1.4441697597503662",
        "cumulative": false
    },
    {
        "date": "2020-12-08T11:20:59.514Z",
        "value": "1.380875825881958",
        "cumulative": false
    },
    {
        "date": "2020-12-08T11:21:01.526Z",
        "value": "1.449411153793335",
        "cumulative": false
    },
    {
        "date": "2020-12-08T11:21:03.521Z",
        "value": "1.4107024669647217",
        "cumulative": false
    },
    {
        "date": "2020-12-08T11:21:05.577Z",
        "value": "1.469792366027832",
        "cumulative": false
    },
    {
        "date": "2020-12-08T11:21:07.595Z",
        "value": "1.442323923110962",
        "cumulative": false
    },
    {
        "date": "2020-12-08T11:21:09.559Z",
        "value": "1.4135041236877441",
        "cumulative": false
    },
    {
        "date": "2020-12-08T11:21:11.579Z",
        "value": "1.4129648208618164",
        "cumulative": false
    },
    {
        "date": "2020-12-08T11:21:13.794Z",
        "value": "1.5969552993774414",
        "cumulative": false
    },
    {
        "date": "2020-12-08T11:21:15.821Z",
        "value": "1.4475090503692627",
        "cumulative": false
    },
    {
        "date": "2020-12-08T11:21:17.815Z",
        "value": "1.4444332122802734",
        "cumulative": false
    },
    {
        "date": "2020-12-08T11:21:19.911Z",
        "value": "1.508000373840332",
        "cumulative": false
    },
    {
        "date": "2020-12-08T11:21:21.909Z",
        "value": "1.4301209449768066",
        "cumulative": false
    },
    {
        "date": "2020-12-08T11:21:23.986Z",
        "value": "1.5014636516571045",
        "cumulative": false
    },
    {
        "date": "2020-12-08T11:21:25.994Z",
        "value": "1.4343647956848145",
        "cumulative": false
    },
    {
        "date": "2020-12-08T11:21:27.988Z",
        "value": "1.4170777797698975",
        "cumulative": false
    },
    {
        "date": "2020-12-08T11:21:29.968Z",
        "value": "1.4421074390411377",
        "cumulative": false
    },
    {
        "date": "2020-12-08T11:21:31.985Z",
        "value": "1.4226195812225342",
        "cumulative": false
    },
    {
        "date": "2020-12-08T11:21:34.040Z",
        "value": "1.450913906097412",
        "cumulative": false
    },
    {
        "date": "2020-12-08T11:21:36.068Z",
        "value": "1.466404676437378",
        "cumulative": false
    },
    {
        "date": "2020-12-08T11:21:38.294Z",
        "value": "1.682297706604004",
        "cumulative": false
    }
]