[
    {
        "date": "2020-12-08T11:20:37.520Z",
        "value": "5.660613775253296",
        "cumulative": false
    },
    {
        "date": "2020-12-08T11:20:39.523Z",
        "value": "1.406282901763916",
        "cumulative": false
    },
    {
        "date": "2020-12-08T11:20:41.517Z",
        "value": "1.4097182750701904",
        "cumulative": false
    },
    {
        "date": "2020-12-08T11:20:43.552Z",
        "value": "1.4390621185302734",
        "cumulative": false
    },
    {
        "date": "2020-12-08T11:20:45.581Z",
        "value": "1.4105267524719238",
        "cumulative": false
    },
    {
        "date": "2020-12-08T11:20:47.550Z",
        "value": "1.3798418045043945",
        "cumulative": false
    },
    {
        "date": "2020-12-08T11:20:49.553Z",
        "value": "1.4339687824249268",
        "cumulative": false
    },
    {
        "date": "2020-12-08T11:20:51.533Z",
        "value": "1.4200589656829834",
        "cumulative": false
    },
    {
        "date": "2020-12-08T11:20:53.471Z",
        "value": "1.3795554637908936",
        "cumulative": false
    },
    {
        "date": "2020-12-08T11:20:55.485Z",
        "value": "1.4125585556030273",
        "cumulative": false
    },
    {
        "date": "2020-12-08T11:20:57.566Z",
        "value": "1.4225103855133057",
        "cumulative": false
    },
    {
        "date": "2020-12-08T11:20:59.524Z",
        "value": "1.374077320098877",
        "cumulative": false
    },
    {
        "date": "2020-12-08T11:21:01.536Z",
        "value": "1.434385061264038",
        "cumulative": false
    },
    {
        "date": "2020-12-08T11:21:03.531Z",
        "value": "1.4170787334442139",
        "cumulative": false
    },
    {
        "date": "2020-12-08T11:21:05.591Z",
        "value": "1.4465641975402832",
        "cumulative": false
    },
    {
        "date": "2020-12-08T11:21:07.601Z",
        "value": "1.430100679397583",
        "cumulative": false
    },
    {
        "date": "2020-12-08T11:21:09.561Z",
        "value": "1.4038481712341309",
        "cumulative": false
    },
    {
        "date": "2020-12-08T11:21:11.599Z",
        "value": "1.4137029647827148",
        "cumulative": false
    },
    {
        "date": "2020-12-08T11:21:13.800Z",
        "value": "1.5827038288116455",
        "cumulative": false
    },
    {
        "date": "2020-12-08T11:21:15.820Z",
        "value": "1.4420039653778076",
        "cumulative": false
    },
    {
        "date": "2020-12-08T11:21:17.828Z",
        "value": "1.4425990581512451",
        "cumulative": false
    },
    {
        "date": "2020-12-08T11:21:19.922Z",
        "value": "1.4969725608825684",
        "cumulative": false
    },
    {
        "date": "2020-12-08T11:21:21.907Z",
        "value": "1.4058310985565186",
        "cumulative": false
    },
    {
        "date": "2020-12-08T11:21:23.992Z",
        "value": "1.4892759323120117",
        "cumulative": false
    },
    {
        "date": "2020-12-08T11:21:26.005Z",
        "value": "1.4366505146026611",
        "cumulative": false
    },
    {
        "date": "2020-12-08T11:21:27.978Z",
        "value": "1.4087095260620117",
        "cumulative": false
    },
    {
        "date": "2020-12-08T11:21:29.979Z",
        "value": "1.43324613571167",
        "cumulative": false
    },
    {
        "date": "2020-12-08T11:21:31.995Z",
        "value": "1.409231185913086",
        "cumulative": false
    },
    {
        "date": "2020-12-08T11:21:34.050Z",
        "value": "1.4523077011108398",
        "cumulative": false
    },
    {
        "date": "2020-12-08T11:21:36.069Z",
        "value": "1.4725699424743652",
        "cumulative": false
    },
    {
        "date": "2020-12-08T11:21:38.302Z",
        "value": "1.663254737854004",
        "cumulative": false
    }
]