[
    {
        "date": "2020-12-08T11:20:36.188Z",
        "value": "2.507415533065796",
        "cumulative": false
    },
    {
        "date": "2020-12-08T11:20:38.195Z",
        "value": "1.8325824737548828",
        "cumulative": false
    },
    {
        "date": "2020-12-08T11:20:40.192Z",
        "value": "1.5143368244171143",
        "cumulative": false
    },
    {
        "date": "2020-12-08T11:20:42.196Z",
        "value": "1.3782483339309692",
        "cumulative": false
    },
    {
        "date": "2020-12-08T11:20:44.235Z",
        "value": "1.174791932106018",
        "cumulative": false
    },
    {
        "date": "2020-12-08T11:20:46.228Z",
        "value": "1.1206320524215698",
        "cumulative": false
    },
    {
        "date": "2020-12-08T11:20:48.193Z",
        "value": "0.9758524298667908",
        "cumulative": false
    },
    {
        "date": "2020-12-08T11:20:50.201Z",
        "value": "0.971493661403656",
        "cumulative": false
    },
    {
        "date": "2020-12-08T11:20:52.152Z",
        "value": "0.9406365156173706",
        "cumulative": false
    },
    {
        "date": "2020-12-08T11:20:54.128Z",
        "value": "0.8349238038063049",
        "cumulative": false
    },
    {
        "date": "2020-12-08T11:20:56.196Z",
        "value": "0.7191341519355774",
        "cumulative": false
    },
    {
        "date": "2020-12-08T11:20:58.212Z",
        "value": "0.880100429058075",
        "cumulative": false
    },
    {
        "date": "2020-12-08T11:21:00.139Z",
        "value": "0.6211910843849182",
        "cumulative": false
    },
    {
        "date": "2020-12-08T11:21:02.187Z",
        "value": "0.49998190999031067",
        "cumulative": false
    },
    {
        "date": "2020-12-08T11:21:04.209Z",
        "value": "0.7324956059455872",
        "cumulative": false
    },
    {
        "date": "2020-12-08T11:21:06.251Z",
        "value": "0.6756575107574463",
        "cumulative": false
    },
    {
        "date": "2020-12-08T11:21:08.239Z",
        "value": "0.5611880421638489",
        "cumulative": false
    },
    {
        "date": "2020-12-08T11:21:10.235Z",
        "value": "0.5316610336303711",
        "cumulative": false
    },
    {
        "date": "2020-12-08T11:21:12.292Z",
        "value": "0.38160470128059387",
        "cumulative": false
    },
    {
        "date": "2020-12-08T11:21:14.435Z",
        "value": "0.4984852969646454",
        "cumulative": false
    },
    {
        "date": "2020-12-08T11:21:16.455Z",
        "value": "0.43569624423980713",
        "cumulative": false
    },
    {
        "date": "2020-12-08T11:21:18.498Z",
        "value": "0.47144076228141785",
        "cumulative": false
    },
    {
        "date": "2020-12-08T11:21:20.565Z",
        "value": "0.5371151566505432",
        "cumulative": false
    },
    {
        "date": "2020-12-08T11:21:22.650Z",
        "value": "0.5933815240859985",
        "cumulative": false
    },
    {
        "date": "2020-12-08T11:21:24.644Z",
        "value": "0.6202995777130127",
        "cumulative": false
    },
    {
        "date": "2020-12-08T11:21:26.647Z",
        "value": "0.4574233889579773",
        "cumulative": false
    },
    {
        "date": "2020-12-08T11:21:28.608Z",
        "value": "0.3279796242713928",
        "cumulative": false
    },
    {
        "date": "2020-12-08T11:21:30.658Z",
        "value": "0.38763824105262756",
        "cumulative": false
    },
    {
        "date": "2020-12-08T11:21:32.659Z",
        "value": "0.4807389974594116",
        "cumulative": false
    },
    {
        "date": "2020-12-08T11:21:34.733Z",
        "value": "0.3466717004776001",
        "cumulative": false
    },
    {
        "date": "2020-12-08T11:21:36.708Z",
        "value": "0.4534696638584137",
        "cumulative": false
    }
]