[
    {
        "date": "2020-12-08T11:20:37.517Z",
        "value": "0.06726408004760742",
        "cumulative": false
    },
    {
        "date": "2020-12-08T11:20:39.512Z",
        "value": "0.06856322288513184",
        "cumulative": false
    },
    {
        "date": "2020-12-08T11:20:41.523Z",
        "value": "0.06056499481201172",
        "cumulative": false
    },
    {
        "date": "2020-12-08T11:20:43.548Z",
        "value": "0.06322121620178223",
        "cumulative": false
    },
    {
        "date": "2020-12-08T11:20:45.576Z",
        "value": "0.06171059608459473",
        "cumulative": false
    },
    {
        "date": "2020-12-08T11:20:47.545Z",
        "value": "0.07470440864562988",
        "cumulative": false
    },
    {
        "date": "2020-12-08T11:20:49.550Z",
        "value": "0.06289029121398926",
        "cumulative": false
    },
    {
        "date": "2020-12-08T11:20:51.527Z",
        "value": "0.06641983985900879",
        "cumulative": false
    },
    {
        "date": "2020-12-08T11:20:53.471Z",
        "value": "0.06762003898620605",
        "cumulative": false
    },
    {
        "date": "2020-12-08T11:20:55.475Z",
        "value": "0.0689246654510498",
        "cumulative": false
    },
    {
        "date": "2020-12-08T11:20:57.559Z",
        "value": "0.0703587532043457",
        "cumulative": false
    },
    {
        "date": "2020-12-08T11:20:59.518Z",
        "value": "0.07030296325683594",
        "cumulative": false
    },
    {
        "date": "2020-12-08T11:21:01.524Z",
        "value": "0.06685447692871094",
        "cumulative": false
    },
    {
        "date": "2020-12-08T11:21:03.523Z",
        "value": "0.07286190986633301",
        "cumulative": false
    },
    {
        "date": "2020-12-08T11:21:05.588Z",
        "value": "0.06952095031738281",
        "cumulative": false
    },
    {
        "date": "2020-12-08T11:21:07.595Z",
        "value": "0.05744528770446777",
        "cumulative": false
    },
    {
        "date": "2020-12-08T11:21:09.558Z",
        "value": "0.06272149085998535",
        "cumulative": false
    },
    {
        "date": "2020-12-08T11:21:11.582Z",
        "value": "0.0650031566619873",
        "cumulative": false
    },
    {
        "date": "2020-12-08T11:21:13.796Z",
        "value": "0.0603489875793457",
        "cumulative": false
    },
    {
        "date": "2020-12-08T11:21:15.817Z",
        "value": "0.07266378402709961",
        "cumulative": false
    },
    {
        "date": "2020-12-08T11:21:17.817Z",
        "value": "0.059015512466430664",
        "cumulative": false
    },
    {
        "date": "2020-12-08T11:21:19.907Z",
        "value": "0.07319927215576172",
        "cumulative": false
    },
    {
        "date": "2020-12-08T11:21:21.913Z",
        "value": "0.06055593490600586",
        "cumulative": false
    },
    {
        "date": "2020-12-08T11:21:23.984Z",
        "value": "0.06324219703674316",
        "cumulative": false
    },
    {
        "date": "2020-12-08T11:21:26.004Z",
        "value": "0.06850409507751465",
        "cumulative": false
    },
    {
        "date": "2020-12-08T11:21:27.987Z",
        "value": "0.06617212295532227",
        "cumulative": false
    },
    {
        "date": "2020-12-08T11:21:29.971Z",
        "value": "0.07243013381958008",
        "cumulative": false
    },
    {
        "date": "2020-12-08T11:21:31.992Z",
        "value": "0.07091617584228516",
        "cumulative": false
    },
    {
        "date": "2020-12-08T11:21:34.031Z",
        "value": "0.05668807029724121",
        "cumulative": false
    },
    {
        "date": "2020-12-08T11:21:36.066Z",
        "value": "0.06672501564025879",
        "cumulative": false
    },
    {
        "date": "2020-12-08T11:21:38.295Z",
        "value": "0.07045722007751465",
        "cumulative": false
    }
]