[
    {
        "date": "2020-12-08T11:20:37.519Z",
        "value": "0.23514795303344727",
        "cumulative": false
    },
    {
        "date": "2020-12-08T11:20:39.512Z",
        "value": "0.23525166511535645",
        "cumulative": false
    },
    {
        "date": "2020-12-08T11:20:41.512Z",
        "value": "0.2447507381439209",
        "cumulative": false
    },
    {
        "date": "2020-12-08T11:20:43.552Z",
        "value": "0.22944426536560059",
        "cumulative": false
    },
    {
        "date": "2020-12-08T11:20:45.579Z",
        "value": "0.2534174919128418",
        "cumulative": false
    },
    {
        "date": "2020-12-08T11:20:47.544Z",
        "value": "0.25536537170410156",
        "cumulative": false
    },
    {
        "date": "2020-12-08T11:20:49.557Z",
        "value": "0.24399662017822266",
        "cumulative": false
    },
    {
        "date": "2020-12-08T11:20:51.527Z",
        "value": "0.25046467781066895",
        "cumulative": false
    },
    {
        "date": "2020-12-08T11:20:53.469Z",
        "value": "0.25342369079589844",
        "cumulative": false
    },
    {
        "date": "2020-12-08T11:20:55.483Z",
        "value": "0.25028109550476074",
        "cumulative": false
    },
    {
        "date": "2020-12-08T11:20:57.557Z",
        "value": "0.2685513496398926",
        "cumulative": false
    },
    {
        "date": "2020-12-08T11:20:59.530Z",
        "value": "0.27238965034484863",
        "cumulative": false
    },
    {
        "date": "2020-12-08T11:21:01.526Z",
        "value": "0.24639487266540527",
        "cumulative": false
    },
    {
        "date": "2020-12-08T11:21:03.523Z",
        "value": "0.26910901069641113",
        "cumulative": false
    },
    {
        "date": "2020-12-08T11:21:05.580Z",
        "value": "0.2575564384460449",
        "cumulative": false
    },
    {
        "date": "2020-12-08T11:21:07.595Z",
        "value": "0.24477195739746094",
        "cumulative": false
    },
    {
        "date": "2020-12-08T11:21:09.559Z",
        "value": "0.2472541332244873",
        "cumulative": false
    },
    {
        "date": "2020-12-08T11:21:11.580Z",
        "value": "0.23329901695251465",
        "cumulative": false
    },
    {
        "date": "2020-12-08T11:21:13.796Z",
        "value": "0.25107502937316895",
        "cumulative": false
    },
    {
        "date": "2020-12-08T11:21:15.820Z",
        "value": "0.27269673347473145",
        "cumulative": false
    },
    {
        "date": "2020-12-08T11:21:17.819Z",
        "value": "0.2796204090118408",
        "cumulative": false
    },
    {
        "date": "2020-12-08T11:21:19.913Z",
        "value": "0.25871920585632324",
        "cumulative": false
    },
    {
        "date": "2020-12-08T11:21:21.904Z",
        "value": "0.22661089897155762",
        "cumulative": false
    },
    {
        "date": "2020-12-08T11:21:23.986Z",
        "value": "0.2521626949310303",
        "cumulative": false
    },
    {
        "date": "2020-12-08T11:21:25.996Z",
        "value": "0.23362469673156738",
        "cumulative": false
    },
    {
        "date": "2020-12-08T11:21:27.983Z",
        "value": "0.2663111686706543",
        "cumulative": false
    },
    {
        "date": "2020-12-08T11:21:29.971Z",
        "value": "0.24607038497924805",
        "cumulative": false
    },
    {
        "date": "2020-12-08T11:21:31.986Z",
        "value": "0.24231410026550293",
        "cumulative": false
    },
    {
        "date": "2020-12-08T11:21:34.041Z",
        "value": "0.2609539031982422",
        "cumulative": false
    },
    {
        "date": "2020-12-08T11:21:36.070Z",
        "value": "0.23897910118103027",
        "cumulative": false
    },
    {
        "date": "2020-12-08T11:21:38.296Z",
        "value": "0.25954747200012207",
        "cumulative": false
    }
]