[
    {
        "date": "2020-12-08T11:20:37.521Z",
        "value": "5.655458211898804",
        "cumulative": false
    },
    {
        "date": "2020-12-08T11:20:39.515Z",
        "value": "1.4078974723815918",
        "cumulative": false
    },
    {
        "date": "2020-12-08T11:20:41.518Z",
        "value": "1.4118118286132812",
        "cumulative": false
    },
    {
        "date": "2020-12-08T11:20:43.551Z",
        "value": "1.4342641830444336",
        "cumulative": false
    },
    {
        "date": "2020-12-08T11:20:45.574Z",
        "value": "1.4103798866271973",
        "cumulative": false
    },
    {
        "date": "2020-12-08T11:20:47.542Z",
        "value": "1.3789572715759277",
        "cumulative": false
    },
    {
        "date": "2020-12-08T11:20:49.548Z",
        "value": "1.448133945465088",
        "cumulative": false
    },
    {
        "date": "2020-12-08T11:20:51.528Z",
        "value": "1.4137630462646484",
        "cumulative": false
    },
    {
        "date": "2020-12-08T11:20:53.463Z",
        "value": "1.3841032981872559",
        "cumulative": false
    },
    {
        "date": "2020-12-08T11:20:55.479Z",
        "value": "1.4216766357421875",
        "cumulative": false
    },
    {
        "date": "2020-12-08T11:20:57.555Z",
        "value": "1.429960012435913",
        "cumulative": false
    },
    {
        "date": "2020-12-08T11:20:59.517Z",
        "value": "1.3643803596496582",
        "cumulative": false
    },
    {
        "date": "2020-12-08T11:21:01.529Z",
        "value": "1.435903549194336",
        "cumulative": false
    },
    {
        "date": "2020-12-08T11:21:03.523Z",
        "value": "1.4172134399414062",
        "cumulative": false
    },
    {
        "date": "2020-12-08T11:21:05.578Z",
        "value": "1.4422187805175781",
        "cumulative": false
    },
    {
        "date": "2020-12-08T11:21:07.595Z",
        "value": "1.422144889831543",
        "cumulative": false
    },
    {
        "date": "2020-12-08T11:21:09.563Z",
        "value": "1.390204906463623",
        "cumulative": false
    },
    {
        "date": "2020-12-08T11:21:11.579Z",
        "value": "1.3945693969726562",
        "cumulative": false
    },
    {
        "date": "2020-12-08T11:21:13.794Z",
        "value": "1.5781702995300293",
        "cumulative": false
    },
    {
        "date": "2020-12-08T11:21:15.814Z",
        "value": "1.4295310974121094",
        "cumulative": false
    },
    {
        "date": "2020-12-08T11:21:17.815Z",
        "value": "1.42561674118042",
        "cumulative": false
    },
    {
        "date": "2020-12-08T11:21:19.917Z",
        "value": "1.5003206729888916",
        "cumulative": false
    },
    {
        "date": "2020-12-08T11:21:21.900Z",
        "value": "1.4120326042175293",
        "cumulative": false
    },
    {
        "date": "2020-12-08T11:21:23.986Z",
        "value": "1.4835822582244873",
        "cumulative": false
    },
    {
        "date": "2020-12-08T11:21:25.994Z",
        "value": "1.4399168491363525",
        "cumulative": false
    },
    {
        "date": "2020-12-08T11:21:27.981Z",
        "value": "1.4093034267425537",
        "cumulative": false
    },
    {
        "date": "2020-12-08T11:21:29.965Z",
        "value": "1.4317626953125",
        "cumulative": false
    },
    {
        "date": "2020-12-08T11:21:31.984Z",
        "value": "1.4155700206756592",
        "cumulative": false
    },
    {
        "date": "2020-12-08T11:21:34.037Z",
        "value": "1.4481666088104248",
        "cumulative": false
    },
    {
        "date": "2020-12-08T11:21:36.063Z",
        "value": "1.4646825790405273",
        "cumulative": false
    },
    {
        "date": "2020-12-08T11:21:38.298Z",
        "value": "1.658949613571167",
        "cumulative": false
    }
]