[
    {
        "date": "2020-12-08T11:20:36.185Z",
        "value": "2.6124460697174072",
        "cumulative": false
    },
    {
        "date": "2020-12-08T11:20:38.188Z",
        "value": "1.7582731246948242",
        "cumulative": false
    },
    {
        "date": "2020-12-08T11:20:40.188Z",
        "value": "1.4304530620574951",
        "cumulative": false
    },
    {
        "date": "2020-12-08T11:20:42.192Z",
        "value": "1.4316495656967163",
        "cumulative": false
    },
    {
        "date": "2020-12-08T11:20:44.229Z",
        "value": "1.179622769355774",
        "cumulative": false
    },
    {
        "date": "2020-12-08T11:20:46.224Z",
        "value": "1.2435214519500732",
        "cumulative": false
    },
    {
        "date": "2020-12-08T11:20:48.190Z",
        "value": "1.0026181936264038",
        "cumulative": false
    },
    {
        "date": "2020-12-08T11:20:50.193Z",
        "value": "0.8297166228294373",
        "cumulative": false
    },
    {
        "date": "2020-12-08T11:20:52.149Z",
        "value": "0.841648519039154",
        "cumulative": false
    },
    {
        "date": "2020-12-08T11:20:54.125Z",
        "value": "0.9559695720672607",
        "cumulative": false
    },
    {
        "date": "2020-12-08T11:20:56.193Z",
        "value": "0.7639025449752808",
        "cumulative": false
    },
    {
        "date": "2020-12-08T11:20:58.207Z",
        "value": "0.752903401851654",
        "cumulative": false
    },
    {
        "date": "2020-12-08T11:21:00.136Z",
        "value": "0.7232861518859863",
        "cumulative": false
    },
    {
        "date": "2020-12-08T11:21:02.183Z",
        "value": "0.6655455231666565",
        "cumulative": false
    },
    {
        "date": "2020-12-08T11:21:04.204Z",
        "value": "0.6182548403739929",
        "cumulative": false
    },
    {
        "date": "2020-12-08T11:21:06.244Z",
        "value": "0.7687956094741821",
        "cumulative": false
    },
    {
        "date": "2020-12-08T11:21:08.236Z",
        "value": "0.6190711855888367",
        "cumulative": false
    },
    {
        "date": "2020-12-08T11:21:10.232Z",
        "value": "0.7832713723182678",
        "cumulative": false
    },
    {
        "date": "2020-12-08T11:21:12.289Z",
        "value": "0.4909355938434601",
        "cumulative": false
    },
    {
        "date": "2020-12-08T11:21:14.431Z",
        "value": "0.6091671586036682",
        "cumulative": false
    },
    {
        "date": "2020-12-08T11:21:16.445Z",
        "value": "0.6374173760414124",
        "cumulative": false
    },
    {
        "date": "2020-12-08T11:21:18.492Z",
        "value": "0.4814034700393677",
        "cumulative": false
    },
    {
        "date": "2020-12-08T11:21:20.571Z",
        "value": "0.4318075478076935",
        "cumulative": false
    },
    {
        "date": "2020-12-08T11:21:22.642Z",
        "value": "0.44389989972114563",
        "cumulative": false
    },
    {
        "date": "2020-12-08T11:21:24.640Z",
        "value": "0.5687286257743835",
        "cumulative": false
    },
    {
        "date": "2020-12-08T11:21:26.643Z",
        "value": "0.6474916338920593",
        "cumulative": false
    },
    {
        "date": "2020-12-08T11:21:28.605Z",
        "value": "0.49966076016426086",
        "cumulative": false
    },
    {
        "date": "2020-12-08T11:21:30.654Z",
        "value": "0.4735594689846039",
        "cumulative": false
    },
    {
        "date": "2020-12-08T11:21:32.651Z",
        "value": "0.36908721923828125",
        "cumulative": false
    },
    {
        "date": "2020-12-08T11:21:34.725Z",
        "value": "0.5208059549331665",
        "cumulative": false
    },
    {
        "date": "2020-12-08T11:21:36.705Z",
        "value": "0.3927442729473114",
        "cumulative": false
    }
]