[
    {
        "date": "2020-12-08T11:20:37.511Z",
        "value": "0.21103286743164062",
        "cumulative": false
    },
    {
        "date": "2020-12-08T11:20:39.503Z",
        "value": "0.21546602249145508",
        "cumulative": false
    },
    {
        "date": "2020-12-08T11:20:41.507Z",
        "value": "0.2098066806793213",
        "cumulative": false
    },
    {
        "date": "2020-12-08T11:20:43.540Z",
        "value": "0.2239072322845459",
        "cumulative": false
    },
    {
        "date": "2020-12-08T11:20:45.567Z",
        "value": "0.20870471000671387",
        "cumulative": false
    },
    {
        "date": "2020-12-08T11:20:47.536Z",
        "value": "0.21188735961914062",
        "cumulative": false
    },
    {
        "date": "2020-12-08T11:20:49.543Z",
        "value": "0.21703577041625977",
        "cumulative": false
    },
    {
        "date": "2020-12-08T11:20:51.519Z",
        "value": "0.20590901374816895",
        "cumulative": false
    },
    {
        "date": "2020-12-08T11:20:53.458Z",
        "value": "0.23006629943847656",
        "cumulative": false
    },
    {
        "date": "2020-12-08T11:20:55.468Z",
        "value": "0.21677470207214355",
        "cumulative": false
    },
    {
        "date": "2020-12-08T11:20:57.563Z",
        "value": "0.20624923706054688",
        "cumulative": false
    },
    {
        "date": "2020-12-08T11:20:59.516Z",
        "value": "0.21665000915527344",
        "cumulative": false
    },
    {
        "date": "2020-12-08T11:21:01.530Z",
        "value": "0.225996732711792",
        "cumulative": false
    },
    {
        "date": "2020-12-08T11:21:03.512Z",
        "value": "0.23624110221862793",
        "cumulative": false
    },
    {
        "date": "2020-12-08T11:21:05.585Z",
        "value": "0.20499801635742188",
        "cumulative": false
    },
    {
        "date": "2020-12-08T11:21:07.596Z",
        "value": "0.20996785163879395",
        "cumulative": false
    },
    {
        "date": "2020-12-08T11:21:09.554Z",
        "value": "0.2044687271118164",
        "cumulative": false
    },
    {
        "date": "2020-12-08T11:21:11.575Z",
        "value": "0.20227956771850586",
        "cumulative": false
    },
    {
        "date": "2020-12-08T11:21:13.794Z",
        "value": "0.25049901008605957",
        "cumulative": false
    },
    {
        "date": "2020-12-08T11:21:15.810Z",
        "value": "0.24180030822753906",
        "cumulative": false
    },
    {
        "date": "2020-12-08T11:21:17.823Z",
        "value": "0.24278831481933594",
        "cumulative": false
    },
    {
        "date": "2020-12-08T11:21:19.901Z",
        "value": "0.2149519920349121",
        "cumulative": false
    },
    {
        "date": "2020-12-08T11:21:21.898Z",
        "value": "0.23050546646118164",
        "cumulative": false
    },
    {
        "date": "2020-12-08T11:21:23.975Z",
        "value": "0.20444369316101074",
        "cumulative": false
    },
    {
        "date": "2020-12-08T11:21:25.996Z",
        "value": "0.23292946815490723",
        "cumulative": false
    },
    {
        "date": "2020-12-08T11:21:27.971Z",
        "value": "0.25864720344543457",
        "cumulative": false
    },
    {
        "date": "2020-12-08T11:21:29.961Z",
        "value": "0.21855783462524414",
        "cumulative": false
    },
    {
        "date": "2020-12-08T11:21:31.987Z",
        "value": "0.24422001838684082",
        "cumulative": false
    },
    {
        "date": "2020-12-08T11:21:34.027Z",
        "value": "0.217940092086792",
        "cumulative": false
    },
    {
        "date": "2020-12-08T11:21:36.061Z",
        "value": "0.25400638580322266",
        "cumulative": false
    },
    {
        "date": "2020-12-08T11:21:38.296Z",
        "value": "0.23003149032592773",
        "cumulative": false
    }
]