[
    {
        "date": "2020-12-08T11:20:37.517Z",
        "value": "7.486343383789062e-05",
        "cumulative": false
    },
    {
        "date": "2020-12-08T11:20:39.506Z",
        "value": "6.318092346191406e-05",
        "cumulative": false
    },
    {
        "date": "2020-12-08T11:20:41.510Z",
        "value": "8.320808410644531e-05",
        "cumulative": false
    },
    {
        "date": "2020-12-08T11:20:43.545Z",
        "value": "6.580352783203125e-05",
        "cumulative": false
    },
    {
        "date": "2020-12-08T11:20:45.572Z",
        "value": "6.556510925292969e-05",
        "cumulative": false
    },
    {
        "date": "2020-12-08T11:20:47.548Z",
        "value": "8.296966552734375e-05",
        "cumulative": false
    },
    {
        "date": "2020-12-08T11:20:49.549Z",
        "value": "7.43865966796875e-05",
        "cumulative": false
    },
    {
        "date": "2020-12-08T11:20:51.521Z",
        "value": "9.72747802734375e-05",
        "cumulative": false
    },
    {
        "date": "2020-12-08T11:20:53.458Z",
        "value": "6.771087646484375e-05",
        "cumulative": false
    },
    {
        "date": "2020-12-08T11:20:55.467Z",
        "value": "6.389617919921875e-05",
        "cumulative": false
    },
    {
        "date": "2020-12-08T11:20:57.551Z",
        "value": "6.437301635742188e-05",
        "cumulative": false
    },
    {
        "date": "2020-12-08T11:20:59.511Z",
        "value": "6.437301635742188e-05",
        "cumulative": false
    },
    {
        "date": "2020-12-08T11:21:01.524Z",
        "value": "7.43865966796875e-05",
        "cumulative": false
    },
    {
        "date": "2020-12-08T11:21:03.518Z",
        "value": "7.534027099609375e-05",
        "cumulative": false
    },
    {
        "date": "2020-12-08T11:21:05.574Z",
        "value": "6.389617919921875e-05",
        "cumulative": false
    },
    {
        "date": "2020-12-08T11:21:07.589Z",
        "value": "5.984306335449219e-05",
        "cumulative": false
    },
    {
        "date": "2020-12-08T11:21:09.557Z",
        "value": "6.365776062011719e-05",
        "cumulative": false
    },
    {
        "date": "2020-12-08T11:21:11.572Z",
        "value": "6.842613220214844e-05",
        "cumulative": false
    },
    {
        "date": "2020-12-08T11:21:13.796Z",
        "value": "6.604194641113281e-05",
        "cumulative": false
    },
    {
        "date": "2020-12-08T11:21:15.811Z",
        "value": "7.081031799316406e-05",
        "cumulative": false
    },
    {
        "date": "2020-12-08T11:21:17.812Z",
        "value": "7.295608520507812e-05",
        "cumulative": false
    },
    {
        "date": "2020-12-08T11:21:19.902Z",
        "value": "9.918212890625e-05",
        "cumulative": false
    },
    {
        "date": "2020-12-08T11:21:21.906Z",
        "value": "9.417533874511719e-05",
        "cumulative": false
    },
    {
        "date": "2020-12-08T11:21:23.977Z",
        "value": "6.437301635742188e-05",
        "cumulative": false
    },
    {
        "date": "2020-12-08T11:21:25.991Z",
        "value": "7.390975952148438e-05",
        "cumulative": false
    },
    {
        "date": "2020-12-08T11:21:27.969Z",
        "value": "6.699562072753906e-05",
        "cumulative": false
    },
    {
        "date": "2020-12-08T11:21:29.961Z",
        "value": "6.580352783203125e-05",
        "cumulative": false
    },
    {
        "date": "2020-12-08T11:21:31.984Z",
        "value": "6.508827209472656e-05",
        "cumulative": false
    },
    {
        "date": "2020-12-08T11:21:34.036Z",
        "value": "6.556510925292969e-05",
        "cumulative": false
    },
    {
        "date": "2020-12-08T11:21:36.061Z",
        "value": "0.00015544891357421875",
        "cumulative": false
    },
    {
        "date": "2020-12-08T11:21:38.291Z",
        "value": "6.890296936035156e-05",
        "cumulative": false
    }
]