[
    {
        "date": "2020-12-08T11:20:37.513Z",
        "value": "0.05909442901611328",
        "cumulative": false
    },
    {
        "date": "2020-12-08T11:20:39.507Z",
        "value": "0.06800246238708496",
        "cumulative": false
    },
    {
        "date": "2020-12-08T11:20:41.521Z",
        "value": "0.06673216819763184",
        "cumulative": false
    },
    {
        "date": "2020-12-08T11:20:43.549Z",
        "value": "0.07110714912414551",
        "cumulative": false
    },
    {
        "date": "2020-12-08T11:20:45.572Z",
        "value": "0.06756973266601562",
        "cumulative": false
    },
    {
        "date": "2020-12-08T11:20:47.540Z",
        "value": "0.06227564811706543",
        "cumulative": false
    },
    {
        "date": "2020-12-08T11:20:49.547Z",
        "value": "0.05771183967590332",
        "cumulative": false
    },
    {
        "date": "2020-12-08T11:20:51.521Z",
        "value": "0.06274843215942383",
        "cumulative": false
    },
    {
        "date": "2020-12-08T11:20:53.458Z",
        "value": "0.0747077465057373",
        "cumulative": false
    },
    {
        "date": "2020-12-08T11:20:55.469Z",
        "value": "0.06431031227111816",
        "cumulative": false
    },
    {
        "date": "2020-12-08T11:20:57.557Z",
        "value": "0.06595945358276367",
        "cumulative": false
    },
    {
        "date": "2020-12-08T11:20:59.513Z",
        "value": "0.06260418891906738",
        "cumulative": false
    },
    {
        "date": "2020-12-08T11:21:01.520Z",
        "value": "0.07237434387207031",
        "cumulative": false
    },
    {
        "date": "2020-12-08T11:21:03.512Z",
        "value": "0.0642251968383789",
        "cumulative": false
    },
    {
        "date": "2020-12-08T11:21:05.575Z",
        "value": "0.06239891052246094",
        "cumulative": false
    },
    {
        "date": "2020-12-08T11:21:07.594Z",
        "value": "0.06198883056640625",
        "cumulative": false
    },
    {
        "date": "2020-12-08T11:21:09.556Z",
        "value": "0.06394124031066895",
        "cumulative": false
    },
    {
        "date": "2020-12-08T11:21:11.579Z",
        "value": "0.08320140838623047",
        "cumulative": false
    },
    {
        "date": "2020-12-08T11:21:13.791Z",
        "value": "0.06241893768310547",
        "cumulative": false
    },
    {
        "date": "2020-12-08T11:21:15.808Z",
        "value": "0.06347131729125977",
        "cumulative": false
    },
    {
        "date": "2020-12-08T11:21:17.826Z",
        "value": "0.07184362411499023",
        "cumulative": false
    },
    {
        "date": "2020-12-08T11:21:19.904Z",
        "value": "0.07078766822814941",
        "cumulative": false
    },
    {
        "date": "2020-12-08T11:21:21.899Z",
        "value": "0.0705118179321289",
        "cumulative": false
    },
    {
        "date": "2020-12-08T11:21:23.981Z",
        "value": "0.059992074966430664",
        "cumulative": false
    },
    {
        "date": "2020-12-08T11:21:25.992Z",
        "value": "0.06089425086975098",
        "cumulative": false
    },
    {
        "date": "2020-12-08T11:21:27.971Z",
        "value": "0.0605313777923584",
        "cumulative": false
    },
    {
        "date": "2020-12-08T11:21:29.964Z",
        "value": "0.06799554824829102",
        "cumulative": false
    },
    {
        "date": "2020-12-08T11:21:31.996Z",
        "value": "0.05980801582336426",
        "cumulative": false
    },
    {
        "date": "2020-12-08T11:21:34.032Z",
        "value": "0.0664517879486084",
        "cumulative": false
    },
    {
        "date": "2020-12-08T11:21:36.058Z",
        "value": "0.05825352668762207",
        "cumulative": false
    },
    {
        "date": "2020-12-08T11:21:38.296Z",
        "value": "0.06135368347167969",
        "cumulative": false
    }
]