[
    {
        "date": "2020-12-08T11:20:36.187Z",
        "value": "11.71875",
        "cumulative": false
    },
    {
        "date": "2020-12-08T11:20:38.188Z",
        "value": "35.9375",
        "cumulative": false
    },
    {
        "date": "2020-12-08T11:20:40.189Z",
        "value": "37.5",
        "cumulative": false
    },
    {
        "date": "2020-12-08T11:20:42.193Z",
        "value": "54.6875",
        "cumulative": false
    },
    {
        "date": "2020-12-08T11:20:44.227Z",
        "value": "59.375",
        "cumulative": false
    },
    {
        "date": "2020-12-08T11:20:46.225Z",
        "value": "64.0625",
        "cumulative": false
    },
    {
        "date": "2020-12-08T11:20:48.190Z",
        "value": "60.9375",
        "cumulative": false
    },
    {
        "date": "2020-12-08T11:20:50.193Z",
        "value": "69.53125",
        "cumulative": false
    },
    {
        "date": "2020-12-08T11:20:52.149Z",
        "value": "64.0625",
        "cumulative": false
    },
    {
        "date": "2020-12-08T11:20:54.125Z",
        "value": "75.0",
        "cumulative": false
    },
    {
        "date": "2020-12-08T11:20:56.192Z",
        "value": "71.09375",
        "cumulative": false
    },
    {
        "date": "2020-12-08T11:20:58.207Z",
        "value": "63.28125",
        "cumulative": false
    },
    {
        "date": "2020-12-08T11:21:00.136Z",
        "value": "77.34375",
        "cumulative": false
    },
    {
        "date": "2020-12-08T11:21:02.184Z",
        "value": "78.125",
        "cumulative": false
    },
    {
        "date": "2020-12-08T11:21:04.205Z",
        "value": "71.09375",
        "cumulative": false
    },
    {
        "date": "2020-12-08T11:21:06.245Z",
        "value": "73.4375",
        "cumulative": false
    },
    {
        "date": "2020-12-08T11:21:08.236Z",
        "value": "75.78125",
        "cumulative": false
    },
    {
        "date": "2020-12-08T11:21:10.232Z",
        "value": "79.6875",
        "cumulative": false
    },
    {
        "date": "2020-12-08T11:21:12.289Z",
        "value": "72.65625",
        "cumulative": false
    },
    {
        "date": "2020-12-08T11:21:14.431Z",
        "value": "78.90625",
        "cumulative": false
    },
    {
        "date": "2020-12-08T11:21:16.446Z",
        "value": "79.6875",
        "cumulative": false
    },
    {
        "date": "2020-12-08T11:21:18.492Z",
        "value": "84.375",
        "cumulative": false
    },
    {
        "date": "2020-12-08T11:21:20.572Z",
        "value": "82.03125",
        "cumulative": false
    },
    {
        "date": "2020-12-08T11:21:22.642Z",
        "value": "79.6875",
        "cumulative": false
    },
    {
        "date": "2020-12-08T11:21:24.641Z",
        "value": "82.8125",
        "cumulative": false
    },
    {
        "date": "2020-12-08T11:21:26.643Z",
        "value": "84.375",
        "cumulative": false
    },
    {
        "date": "2020-12-08T11:21:28.605Z",
        "value": "89.0625",
        "cumulative": false
    },
    {
        "date": "2020-12-08T11:21:30.643Z",
        "value": "81.25",
        "cumulative": false
    },
    {
        "date": "2020-12-08T11:21:32.652Z",
        "value": "86.71875",
        "cumulative": false
    },
    {
        "date": "2020-12-08T11:21:34.725Z",
        "value": "82.8125",
        "cumulative": false
    },
    {
        "date": "2020-12-08T11:21:36.705Z",
        "value": "84.375",
        "cumulative": false
    }
]