[
    {
        "date": "2020-12-08T11:20:36.185Z",
        "value": "2.311478614807129",
        "cumulative": false
    },
    {
        "date": "2020-12-08T11:20:38.189Z",
        "value": "1.7047535181045532",
        "cumulative": false
    },
    {
        "date": "2020-12-08T11:20:40.189Z",
        "value": "1.4997913837432861",
        "cumulative": false
    },
    {
        "date": "2020-12-08T11:20:42.193Z",
        "value": "1.263837218284607",
        "cumulative": false
    },
    {
        "date": "2020-12-08T11:20:44.227Z",
        "value": "1.0996114015579224",
        "cumulative": false
    },
    {
        "date": "2020-12-08T11:20:46.225Z",
        "value": "1.178284764289856",
        "cumulative": false
    },
    {
        "date": "2020-12-08T11:20:48.191Z",
        "value": "1.035945177078247",
        "cumulative": false
    },
    {
        "date": "2020-12-08T11:20:50.193Z",
        "value": "0.7997174859046936",
        "cumulative": false
    },
    {
        "date": "2020-12-08T11:20:52.149Z",
        "value": "0.9845066070556641",
        "cumulative": false
    },
    {
        "date": "2020-12-08T11:20:54.126Z",
        "value": "0.8900032043457031",
        "cumulative": false
    },
    {
        "date": "2020-12-08T11:20:56.192Z",
        "value": "0.6447276473045349",
        "cumulative": false
    },
    {
        "date": "2020-12-08T11:20:58.208Z",
        "value": "0.679353654384613",
        "cumulative": false
    },
    {
        "date": "2020-12-08T11:21:00.137Z",
        "value": "0.7641405463218689",
        "cumulative": false
    },
    {
        "date": "2020-12-08T11:21:02.184Z",
        "value": "0.7594655752182007",
        "cumulative": false
    },
    {
        "date": "2020-12-08T11:21:04.205Z",
        "value": "0.6758871674537659",
        "cumulative": false
    },
    {
        "date": "2020-12-08T11:21:06.245Z",
        "value": "0.6565899848937988",
        "cumulative": false
    },
    {
        "date": "2020-12-08T11:21:08.237Z",
        "value": "0.7891298532485962",
        "cumulative": false
    },
    {
        "date": "2020-12-08T11:21:10.232Z",
        "value": "0.5177523493766785",
        "cumulative": false
    },
    {
        "date": "2020-12-08T11:21:12.289Z",
        "value": "0.4761187732219696",
        "cumulative": false
    },
    {
        "date": "2020-12-08T11:21:14.431Z",
        "value": "0.549902617931366",
        "cumulative": false
    },
    {
        "date": "2020-12-08T11:21:16.446Z",
        "value": "0.46624335646629333",
        "cumulative": false
    },
    {
        "date": "2020-12-08T11:21:18.492Z",
        "value": "0.4942670166492462",
        "cumulative": false
    },
    {
        "date": "2020-12-08T11:21:20.572Z",
        "value": "0.4422621428966522",
        "cumulative": false
    },
    {
        "date": "2020-12-08T11:21:22.643Z",
        "value": "0.45268094539642334",
        "cumulative": false
    },
    {
        "date": "2020-12-08T11:21:24.641Z",
        "value": "0.48976030945777893",
        "cumulative": false
    },
    {
        "date": "2020-12-08T11:21:26.643Z",
        "value": "0.6321088671684265",
        "cumulative": false
    },
    {
        "date": "2020-12-08T11:21:28.605Z",
        "value": "0.37569668889045715",
        "cumulative": false
    },
    {
        "date": "2020-12-08T11:21:30.655Z",
        "value": "0.38281017541885376",
        "cumulative": false
    },
    {
        "date": "2020-12-08T11:21:32.652Z",
        "value": "0.4353964328765869",
        "cumulative": false
    },
    {
        "date": "2020-12-08T11:21:34.725Z",
        "value": "0.4128061532974243",
        "cumulative": false
    },
    {
        "date": "2020-12-08T11:21:36.705Z",
        "value": "0.4697221517562866",
        "cumulative": false
    }
]