[
    {
        "date": "2020-12-08T11:20:37.525Z",
        "value": "0.23961782455444336",
        "cumulative": false
    },
    {
        "date": "2020-12-08T11:20:39.516Z",
        "value": "0.2252197265625",
        "cumulative": false
    },
    {
        "date": "2020-12-08T11:20:41.518Z",
        "value": "0.22641372680664062",
        "cumulative": false
    },
    {
        "date": "2020-12-08T11:20:43.551Z",
        "value": "0.23969769477844238",
        "cumulative": false
    },
    {
        "date": "2020-12-08T11:20:45.574Z",
        "value": "0.26108360290527344",
        "cumulative": false
    },
    {
        "date": "2020-12-08T11:20:47.542Z",
        "value": "0.25046396255493164",
        "cumulative": false
    },
    {
        "date": "2020-12-08T11:20:49.548Z",
        "value": "0.23257827758789062",
        "cumulative": false
    },
    {
        "date": "2020-12-08T11:20:51.528Z",
        "value": "0.22269773483276367",
        "cumulative": false
    },
    {
        "date": "2020-12-08T11:20:53.463Z",
        "value": "0.23991775512695312",
        "cumulative": false
    },
    {
        "date": "2020-12-08T11:20:55.479Z",
        "value": "0.22231554985046387",
        "cumulative": false
    },
    {
        "date": "2020-12-08T11:20:57.556Z",
        "value": "0.24719476699829102",
        "cumulative": false
    },
    {
        "date": "2020-12-08T11:20:59.517Z",
        "value": "0.2514803409576416",
        "cumulative": false
    },
    {
        "date": "2020-12-08T11:21:01.529Z",
        "value": "0.2241504192352295",
        "cumulative": false
    },
    {
        "date": "2020-12-08T11:21:03.523Z",
        "value": "0.23883652687072754",
        "cumulative": false
    },
    {
        "date": "2020-12-08T11:21:05.579Z",
        "value": "0.23110342025756836",
        "cumulative": false
    },
    {
        "date": "2020-12-08T11:21:07.595Z",
        "value": "0.24380803108215332",
        "cumulative": false
    },
    {
        "date": "2020-12-08T11:21:09.563Z",
        "value": "0.24359846115112305",
        "cumulative": false
    },
    {
        "date": "2020-12-08T11:21:11.579Z",
        "value": "0.2342545986175537",
        "cumulative": false
    },
    {
        "date": "2020-12-08T11:21:13.794Z",
        "value": "0.23505520820617676",
        "cumulative": false
    },
    {
        "date": "2020-12-08T11:21:15.814Z",
        "value": "0.23342299461364746",
        "cumulative": false
    },
    {
        "date": "2020-12-08T11:21:17.815Z",
        "value": "0.2573511600494385",
        "cumulative": false
    },
    {
        "date": "2020-12-08T11:21:19.918Z",
        "value": "0.24187803268432617",
        "cumulative": false
    },
    {
        "date": "2020-12-08T11:21:21.900Z",
        "value": "0.23702430725097656",
        "cumulative": false
    },
    {
        "date": "2020-12-08T11:21:23.986Z",
        "value": "0.2543332576751709",
        "cumulative": false
    },
    {
        "date": "2020-12-08T11:21:25.994Z",
        "value": "0.24499011039733887",
        "cumulative": false
    },
    {
        "date": "2020-12-08T11:21:27.981Z",
        "value": "0.238908052444458",
        "cumulative": false
    },
    {
        "date": "2020-12-08T11:21:29.965Z",
        "value": "0.21076607704162598",
        "cumulative": false
    },
    {
        "date": "2020-12-08T11:21:31.984Z",
        "value": "0.22666716575622559",
        "cumulative": false
    },
    {
        "date": "2020-12-08T11:21:34.037Z",
        "value": "0.24452710151672363",
        "cumulative": false
    },
    {
        "date": "2020-12-08T11:21:36.063Z",
        "value": "0.2353973388671875",
        "cumulative": false
    },
    {
        "date": "2020-12-08T11:21:38.298Z",
        "value": "0.24432659149169922",
        "cumulative": false
    }
]