[
    {
        "date": "2020-12-08T11:20:36.193Z",
        "value": "10.15625",
        "cumulative": false
    },
    {
        "date": "2020-12-08T11:20:38.198Z",
        "value": "28.90625",
        "cumulative": false
    },
    {
        "date": "2020-12-08T11:20:40.195Z",
        "value": "44.53125",
        "cumulative": false
    },
    {
        "date": "2020-12-08T11:20:42.199Z",
        "value": "47.65625",
        "cumulative": false
    },
    {
        "date": "2020-12-08T11:20:44.237Z",
        "value": "61.71875",
        "cumulative": false
    },
    {
        "date": "2020-12-08T11:20:46.231Z",
        "value": "58.59375",
        "cumulative": false
    },
    {
        "date": "2020-12-08T11:20:48.196Z",
        "value": "61.71875",
        "cumulative": false
    },
    {
        "date": "2020-12-08T11:20:50.198Z",
        "value": "66.40625",
        "cumulative": false
    },
    {
        "date": "2020-12-08T11:20:52.155Z",
        "value": "64.0625",
        "cumulative": false
    },
    {
        "date": "2020-12-08T11:20:54.131Z",
        "value": "67.1875",
        "cumulative": false
    },
    {
        "date": "2020-12-08T11:20:56.198Z",
        "value": "74.21875",
        "cumulative": false
    },
    {
        "date": "2020-12-08T11:20:58.213Z",
        "value": "67.96875",
        "cumulative": false
    },
    {
        "date": "2020-12-08T11:21:00.142Z",
        "value": "75.78125",
        "cumulative": false
    },
    {
        "date": "2020-12-08T11:21:02.190Z",
        "value": "71.875",
        "cumulative": false
    },
    {
        "date": "2020-12-08T11:21:04.212Z",
        "value": "77.34375",
        "cumulative": false
    },
    {
        "date": "2020-12-08T11:21:06.250Z",
        "value": "78.90625",
        "cumulative": false
    },
    {
        "date": "2020-12-08T11:21:08.242Z",
        "value": "78.90625",
        "cumulative": false
    },
    {
        "date": "2020-12-08T11:21:10.238Z",
        "value": "79.6875",
        "cumulative": false
    },
    {
        "date": "2020-12-08T11:21:12.295Z",
        "value": "84.375",
        "cumulative": false
    },
    {
        "date": "2020-12-08T11:21:14.437Z",
        "value": "79.6875",
        "cumulative": false
    },
    {
        "date": "2020-12-08T11:21:16.457Z",
        "value": "79.6875",
        "cumulative": false
    },
    {
        "date": "2020-12-08T11:21:18.498Z",
        "value": "80.46875",
        "cumulative": false
    },
    {
        "date": "2020-12-08T11:21:20.566Z",
        "value": "85.15625",
        "cumulative": false
    },
    {
        "date": "2020-12-08T11:21:22.649Z",
        "value": "85.15625",
        "cumulative": false
    },
    {
        "date": "2020-12-08T11:21:24.646Z",
        "value": "80.46875",
        "cumulative": false
    },
    {
        "date": "2020-12-08T11:21:26.649Z",
        "value": "85.9375",
        "cumulative": false
    },
    {
        "date": "2020-12-08T11:21:28.611Z",
        "value": "86.71875",
        "cumulative": false
    },
    {
        "date": "2020-12-08T11:21:30.661Z",
        "value": "86.71875",
        "cumulative": false
    },
    {
        "date": "2020-12-08T11:21:32.658Z",
        "value": "86.71875",
        "cumulative": false
    },
    {
        "date": "2020-12-08T11:21:34.730Z",
        "value": "86.71875",
        "cumulative": false
    },
    {
        "date": "2020-12-08T11:21:36.712Z",
        "value": "86.71875",
        "cumulative": false
    }
]