[
    {
        "date": "2020-12-08T11:20:36.191Z",
        "value": "10.15625",
        "cumulative": false
    },
    {
        "date": "2020-12-08T11:20:38.196Z",
        "value": "28.90625",
        "cumulative": false
    },
    {
        "date": "2020-12-08T11:20:40.192Z",
        "value": "35.15625",
        "cumulative": false
    },
    {
        "date": "2020-12-08T11:20:42.197Z",
        "value": "44.53125",
        "cumulative": false
    },
    {
        "date": "2020-12-08T11:20:44.235Z",
        "value": "46.875",
        "cumulative": false
    },
    {
        "date": "2020-12-08T11:20:46.229Z",
        "value": "54.6875",
        "cumulative": false
    },
    {
        "date": "2020-12-08T11:20:48.193Z",
        "value": "59.375",
        "cumulative": false
    },
    {
        "date": "2020-12-08T11:20:50.196Z",
        "value": "67.96875",
        "cumulative": false
    },
    {
        "date": "2020-12-08T11:20:52.153Z",
        "value": "65.625",
        "cumulative": false
    },
    {
        "date": "2020-12-08T11:20:54.129Z",
        "value": "67.1875",
        "cumulative": false
    },
    {
        "date": "2020-12-08T11:20:56.196Z",
        "value": "74.21875",
        "cumulative": false
    },
    {
        "date": "2020-12-08T11:20:58.221Z",
        "value": "78.125",
        "cumulative": false
    },
    {
        "date": "2020-12-08T11:21:00.140Z",
        "value": "75.0",
        "cumulative": false
    },
    {
        "date": "2020-12-08T11:21:02.187Z",
        "value": "82.8125",
        "cumulative": false
    },
    {
        "date": "2020-12-08T11:21:04.209Z",
        "value": "84.375",
        "cumulative": false
    },
    {
        "date": "2020-12-08T11:21:06.248Z",
        "value": "78.125",
        "cumulative": false
    },
    {
        "date": "2020-12-08T11:21:08.240Z",
        "value": "77.34375",
        "cumulative": false
    },
    {
        "date": "2020-12-08T11:21:10.236Z",
        "value": "79.6875",
        "cumulative": false
    },
    {
        "date": "2020-12-08T11:21:12.293Z",
        "value": "82.03125",
        "cumulative": false
    },
    {
        "date": "2020-12-08T11:21:14.435Z",
        "value": "85.15625",
        "cumulative": false
    },
    {
        "date": "2020-12-08T11:21:16.455Z",
        "value": "85.15625",
        "cumulative": false
    },
    {
        "date": "2020-12-08T11:21:18.496Z",
        "value": "82.8125",
        "cumulative": false
    },
    {
        "date": "2020-12-08T11:21:20.564Z",
        "value": "86.71875",
        "cumulative": false
    },
    {
        "date": "2020-12-08T11:21:22.646Z",
        "value": "83.59375",
        "cumulative": false
    },
    {
        "date": "2020-12-08T11:21:24.644Z",
        "value": "82.8125",
        "cumulative": false
    },
    {
        "date": "2020-12-08T11:21:26.646Z",
        "value": "80.46875",
        "cumulative": false
    },
    {
        "date": "2020-12-08T11:21:28.609Z",
        "value": "87.5",
        "cumulative": false
    },
    {
        "date": "2020-12-08T11:21:30.658Z",
        "value": "79.6875",
        "cumulative": false
    },
    {
        "date": "2020-12-08T11:21:32.655Z",
        "value": "87.5",
        "cumulative": false
    },
    {
        "date": "2020-12-08T11:21:34.728Z",
        "value": "86.71875",
        "cumulative": false
    },
    {
        "date": "2020-12-08T11:21:36.709Z",
        "value": "86.71875",
        "cumulative": false
    }
]