[
    {
        "date": "2020-12-08T11:20:37.532Z",
        "value": "5.637564659118652",
        "cumulative": false
    },
    {
        "date": "2020-12-08T11:20:39.548Z",
        "value": "1.3061859607696533",
        "cumulative": false
    },
    {
        "date": "2020-12-08T11:20:41.532Z",
        "value": "1.3314850330352783",
        "cumulative": false
    },
    {
        "date": "2020-12-08T11:20:43.573Z",
        "value": "1.3433029651641846",
        "cumulative": false
    },
    {
        "date": "2020-12-08T11:20:45.611Z",
        "value": "1.2999651432037354",
        "cumulative": false
    },
    {
        "date": "2020-12-08T11:20:47.562Z",
        "value": "1.2942185401916504",
        "cumulative": false
    },
    {
        "date": "2020-12-08T11:20:49.566Z",
        "value": "1.3539273738861084",
        "cumulative": false
    },
    {
        "date": "2020-12-08T11:20:51.540Z",
        "value": "1.2838597297668457",
        "cumulative": false
    },
    {
        "date": "2020-12-08T11:20:53.481Z",
        "value": "1.283815860748291",
        "cumulative": false
    },
    {
        "date": "2020-12-08T11:20:55.498Z",
        "value": "1.32523512840271",
        "cumulative": false
    },
    {
        "date": "2020-12-08T11:20:57.578Z",
        "value": "1.3292465209960938",
        "cumulative": false
    },
    {
        "date": "2020-12-08T11:20:59.536Z",
        "value": "1.3016438484191895",
        "cumulative": false
    },
    {
        "date": "2020-12-08T11:21:01.550Z",
        "value": "1.3606562614440918",
        "cumulative": false
    },
    {
        "date": "2020-12-08T11:21:03.539Z",
        "value": "1.3303420543670654",
        "cumulative": false
    },
    {
        "date": "2020-12-08T11:21:05.597Z",
        "value": "1.3657231330871582",
        "cumulative": false
    },
    {
        "date": "2020-12-08T11:21:07.615Z",
        "value": "1.3145828247070312",
        "cumulative": false
    },
    {
        "date": "2020-12-08T11:21:09.605Z",
        "value": "1.3113367557525635",
        "cumulative": false
    },
    {
        "date": "2020-12-08T11:21:11.604Z",
        "value": "1.3379807472229004",
        "cumulative": false
    },
    {
        "date": "2020-12-08T11:21:13.814Z",
        "value": "1.5071895122528076",
        "cumulative": false
    },
    {
        "date": "2020-12-08T11:21:15.837Z",
        "value": "1.3712782859802246",
        "cumulative": false
    },
    {
        "date": "2020-12-08T11:21:17.841Z",
        "value": "1.3435261249542236",
        "cumulative": false
    },
    {
        "date": "2020-12-08T11:21:19.929Z",
        "value": "1.4059760570526123",
        "cumulative": false
    },
    {
        "date": "2020-12-08T11:21:21.921Z",
        "value": "1.3047857284545898",
        "cumulative": false
    },
    {
        "date": "2020-12-08T11:21:23.995Z",
        "value": "1.2954442501068115",
        "cumulative": false
    },
    {
        "date": "2020-12-08T11:21:26.022Z",
        "value": "1.3245952129364014",
        "cumulative": false
    },
    {
        "date": "2020-12-08T11:21:27.992Z",
        "value": "1.3060636520385742",
        "cumulative": false
    },
    {
        "date": "2020-12-08T11:21:29.983Z",
        "value": "1.3604111671447754",
        "cumulative": false
    },
    {
        "date": "2020-12-08T11:21:31.999Z",
        "value": "1.3422658443450928",
        "cumulative": false
    },
    {
        "date": "2020-12-08T11:21:34.046Z",
        "value": "1.352613925933838",
        "cumulative": false
    },
    {
        "date": "2020-12-08T11:21:36.083Z",
        "value": "1.2957887649536133",
        "cumulative": false
    },
    {
        "date": "2020-12-08T11:21:38.313Z",
        "value": "1.504164695739746",
        "cumulative": false
    }
]