[
    {
        "date": "2020-12-08T11:20:37.511Z",
        "value": "5.65490460395813",
        "cumulative": false
    },
    {
        "date": "2020-12-08T11:20:39.507Z",
        "value": "1.3979976177215576",
        "cumulative": false
    },
    {
        "date": "2020-12-08T11:20:41.520Z",
        "value": "1.3877291679382324",
        "cumulative": false
    },
    {
        "date": "2020-12-08T11:20:43.549Z",
        "value": "1.431323766708374",
        "cumulative": false
    },
    {
        "date": "2020-12-08T11:20:45.572Z",
        "value": "1.3882167339324951",
        "cumulative": false
    },
    {
        "date": "2020-12-08T11:20:47.540Z",
        "value": "1.3686285018920898",
        "cumulative": false
    },
    {
        "date": "2020-12-08T11:20:49.547Z",
        "value": "1.4301860332489014",
        "cumulative": false
    },
    {
        "date": "2020-12-08T11:20:51.521Z",
        "value": "1.4016542434692383",
        "cumulative": false
    },
    {
        "date": "2020-12-08T11:20:53.458Z",
        "value": "1.3692047595977783",
        "cumulative": false
    },
    {
        "date": "2020-12-08T11:20:55.469Z",
        "value": "1.402660608291626",
        "cumulative": false
    },
    {
        "date": "2020-12-08T11:20:57.557Z",
        "value": "1.4138922691345215",
        "cumulative": false
    },
    {
        "date": "2020-12-08T11:20:59.513Z",
        "value": "1.3674135208129883",
        "cumulative": false
    },
    {
        "date": "2020-12-08T11:21:01.520Z",
        "value": "1.4298393726348877",
        "cumulative": false
    },
    {
        "date": "2020-12-08T11:21:03.512Z",
        "value": "1.3976080417633057",
        "cumulative": false
    },
    {
        "date": "2020-12-08T11:21:05.575Z",
        "value": "1.4457013607025146",
        "cumulative": false
    },
    {
        "date": "2020-12-08T11:21:07.594Z",
        "value": "1.4128050804138184",
        "cumulative": false
    },
    {
        "date": "2020-12-08T11:21:09.556Z",
        "value": "1.3979697227478027",
        "cumulative": false
    },
    {
        "date": "2020-12-08T11:21:11.579Z",
        "value": "1.3936233520507812",
        "cumulative": false
    },
    {
        "date": "2020-12-08T11:21:13.791Z",
        "value": "1.5601682662963867",
        "cumulative": false
    },
    {
        "date": "2020-12-08T11:21:15.808Z",
        "value": "1.4266302585601807",
        "cumulative": false
    },
    {
        "date": "2020-12-08T11:21:17.826Z",
        "value": "1.4275593757629395",
        "cumulative": false
    },
    {
        "date": "2020-12-08T11:21:19.904Z",
        "value": "1.492326259613037",
        "cumulative": false
    },
    {
        "date": "2020-12-08T11:21:21.899Z",
        "value": "1.3999569416046143",
        "cumulative": false
    },
    {
        "date": "2020-12-08T11:21:23.981Z",
        "value": "1.468653678894043",
        "cumulative": false
    },
    {
        "date": "2020-12-08T11:21:25.992Z",
        "value": "1.435511827468872",
        "cumulative": false
    },
    {
        "date": "2020-12-08T11:21:27.971Z",
        "value": "1.4041011333465576",
        "cumulative": false
    },
    {
        "date": "2020-12-08T11:21:29.964Z",
        "value": "1.421743392944336",
        "cumulative": false
    },
    {
        "date": "2020-12-08T11:21:31.996Z",
        "value": "1.411362886428833",
        "cumulative": false
    },
    {
        "date": "2020-12-08T11:21:34.031Z",
        "value": "1.4359002113342285",
        "cumulative": false
    },
    {
        "date": "2020-12-08T11:21:36.058Z",
        "value": "1.468787431716919",
        "cumulative": false
    },
    {
        "date": "2020-12-08T11:21:38.296Z",
        "value": "1.6512296199798584",
        "cumulative": false
    }
]