[
    {
        "date": "2020-12-08T11:20:36.195Z",
        "value": "10.9375",
        "cumulative": false
    },
    {
        "date": "2020-12-08T11:20:38.197Z",
        "value": "31.25",
        "cumulative": false
    },
    {
        "date": "2020-12-08T11:20:40.196Z",
        "value": "41.40625",
        "cumulative": false
    },
    {
        "date": "2020-12-08T11:20:42.200Z",
        "value": "47.65625",
        "cumulative": false
    },
    {
        "date": "2020-12-08T11:20:44.235Z",
        "value": "53.125",
        "cumulative": false
    },
    {
        "date": "2020-12-08T11:20:46.233Z",
        "value": "57.03125",
        "cumulative": false
    },
    {
        "date": "2020-12-08T11:20:48.198Z",
        "value": "60.9375",
        "cumulative": false
    },
    {
        "date": "2020-12-08T11:20:50.201Z",
        "value": "64.0625",
        "cumulative": false
    },
    {
        "date": "2020-12-08T11:20:52.162Z",
        "value": "62.5",
        "cumulative": false
    },
    {
        "date": "2020-12-08T11:20:54.133Z",
        "value": "68.75",
        "cumulative": false
    },
    {
        "date": "2020-12-08T11:20:56.200Z",
        "value": "64.84375",
        "cumulative": false
    },
    {
        "date": "2020-12-08T11:20:58.215Z",
        "value": "70.3125",
        "cumulative": false
    },
    {
        "date": "2020-12-08T11:21:00.144Z",
        "value": "67.1875",
        "cumulative": false
    },
    {
        "date": "2020-12-08T11:21:02.191Z",
        "value": "79.6875",
        "cumulative": false
    },
    {
        "date": "2020-12-08T11:21:04.212Z",
        "value": "77.34375",
        "cumulative": false
    },
    {
        "date": "2020-12-08T11:21:06.252Z",
        "value": "74.21875",
        "cumulative": false
    },
    {
        "date": "2020-12-08T11:21:08.244Z",
        "value": "78.90625",
        "cumulative": false
    },
    {
        "date": "2020-12-08T11:21:10.240Z",
        "value": "73.4375",
        "cumulative": false
    },
    {
        "date": "2020-12-08T11:21:12.297Z",
        "value": "77.34375",
        "cumulative": false
    },
    {
        "date": "2020-12-08T11:21:14.439Z",
        "value": "82.03125",
        "cumulative": false
    },
    {
        "date": "2020-12-08T11:21:16.453Z",
        "value": "78.90625",
        "cumulative": false
    },
    {
        "date": "2020-12-08T11:21:18.500Z",
        "value": "85.9375",
        "cumulative": false
    },
    {
        "date": "2020-12-08T11:21:20.579Z",
        "value": "85.9375",
        "cumulative": false
    },
    {
        "date": "2020-12-08T11:21:22.650Z",
        "value": "85.9375",
        "cumulative": false
    },
    {
        "date": "2020-12-08T11:21:24.648Z",
        "value": "90.625",
        "cumulative": false
    },
    {
        "date": "2020-12-08T11:21:26.651Z",
        "value": "85.9375",
        "cumulative": false
    },
    {
        "date": "2020-12-08T11:21:28.613Z",
        "value": "89.84375",
        "cumulative": false
    },
    {
        "date": "2020-12-08T11:21:30.662Z",
        "value": "87.5",
        "cumulative": false
    },
    {
        "date": "2020-12-08T11:21:32.662Z",
        "value": "84.375",
        "cumulative": false
    },
    {
        "date": "2020-12-08T11:21:34.733Z",
        "value": "82.8125",
        "cumulative": false
    },
    {
        "date": "2020-12-08T11:21:36.712Z",
        "value": "82.03125",
        "cumulative": false
    }
]