[
    {
        "date": "2020-12-08T11:20:36.185Z",
        "value": "2.545438766479492",
        "cumulative": false
    },
    {
        "date": "2020-12-08T11:20:38.188Z",
        "value": "1.820565938949585",
        "cumulative": false
    },
    {
        "date": "2020-12-08T11:20:40.188Z",
        "value": "1.6021368503570557",
        "cumulative": false
    },
    {
        "date": "2020-12-08T11:20:42.192Z",
        "value": "1.4668781757354736",
        "cumulative": false
    },
    {
        "date": "2020-12-08T11:20:44.226Z",
        "value": "1.267244577407837",
        "cumulative": false
    },
    {
        "date": "2020-12-08T11:20:46.224Z",
        "value": "1.0831687450408936",
        "cumulative": false
    },
    {
        "date": "2020-12-08T11:20:48.190Z",
        "value": "1.1868586540222168",
        "cumulative": false
    },
    {
        "date": "2020-12-08T11:20:50.192Z",
        "value": "1.259970784187317",
        "cumulative": false
    },
    {
        "date": "2020-12-08T11:20:52.148Z",
        "value": "0.8470991253852844",
        "cumulative": false
    },
    {
        "date": "2020-12-08T11:20:54.125Z",
        "value": "0.886215090751648",
        "cumulative": false
    },
    {
        "date": "2020-12-08T11:20:56.191Z",
        "value": "0.8790944814682007",
        "cumulative": false
    },
    {
        "date": "2020-12-08T11:20:58.206Z",
        "value": "0.8102220892906189",
        "cumulative": false
    },
    {
        "date": "2020-12-08T11:21:00.136Z",
        "value": "0.708566427230835",
        "cumulative": false
    },
    {
        "date": "2020-12-08T11:21:02.183Z",
        "value": "0.7876303791999817",
        "cumulative": false
    },
    {
        "date": "2020-12-08T11:21:04.204Z",
        "value": "0.6615779995918274",
        "cumulative": false
    },
    {
        "date": "2020-12-08T11:21:06.244Z",
        "value": "0.7628059983253479",
        "cumulative": false
    },
    {
        "date": "2020-12-08T11:21:08.235Z",
        "value": "0.768338143825531",
        "cumulative": false
    },
    {
        "date": "2020-12-08T11:21:10.231Z",
        "value": "0.654865026473999",
        "cumulative": false
    },
    {
        "date": "2020-12-08T11:21:12.288Z",
        "value": "0.5755075216293335",
        "cumulative": false
    },
    {
        "date": "2020-12-08T11:21:14.430Z",
        "value": "0.4825431704521179",
        "cumulative": false
    },
    {
        "date": "2020-12-08T11:21:16.445Z",
        "value": "0.6217395663261414",
        "cumulative": false
    },
    {
        "date": "2020-12-08T11:21:18.491Z",
        "value": "0.4149508476257324",
        "cumulative": false
    },
    {
        "date": "2020-12-08T11:21:20.570Z",
        "value": "0.43777087330818176",
        "cumulative": false
    },
    {
        "date": "2020-12-08T11:21:22.641Z",
        "value": "0.49359267950057983",
        "cumulative": false
    },
    {
        "date": "2020-12-08T11:21:24.640Z",
        "value": "0.5115814805030823",
        "cumulative": false
    },
    {
        "date": "2020-12-08T11:21:26.642Z",
        "value": "0.5779839158058167",
        "cumulative": false
    },
    {
        "date": "2020-12-08T11:21:28.604Z",
        "value": "0.37308716773986816",
        "cumulative": false
    },
    {
        "date": "2020-12-08T11:21:30.653Z",
        "value": "0.5803712606430054",
        "cumulative": false
    },
    {
        "date": "2020-12-08T11:21:32.650Z",
        "value": "0.3441609740257263",
        "cumulative": false
    },
    {
        "date": "2020-12-08T11:21:34.724Z",
        "value": "0.42740464210510254",
        "cumulative": false
    },
    {
        "date": "2020-12-08T11:21:36.704Z",
        "value": "0.3235924541950226",
        "cumulative": false
    }
]