[
    {
        "date": "2020-12-08T11:20:36.191Z",
        "value": "2.551621675491333",
        "cumulative": false
    },
    {
        "date": "2020-12-08T11:20:38.198Z",
        "value": "1.7960342168807983",
        "cumulative": false
    },
    {
        "date": "2020-12-08T11:20:40.195Z",
        "value": "1.6029962301254272",
        "cumulative": false
    },
    {
        "date": "2020-12-08T11:20:42.199Z",
        "value": "1.3748416900634766",
        "cumulative": false
    },
    {
        "date": "2020-12-08T11:20:44.237Z",
        "value": "1.2822022438049316",
        "cumulative": false
    },
    {
        "date": "2020-12-08T11:20:46.231Z",
        "value": "1.203729271888733",
        "cumulative": false
    },
    {
        "date": "2020-12-08T11:20:48.196Z",
        "value": "1.0622836351394653",
        "cumulative": false
    },
    {
        "date": "2020-12-08T11:20:50.198Z",
        "value": "0.9417386054992676",
        "cumulative": false
    },
    {
        "date": "2020-12-08T11:20:52.154Z",
        "value": "1.0610090494155884",
        "cumulative": false
    },
    {
        "date": "2020-12-08T11:20:54.131Z",
        "value": "0.8923971652984619",
        "cumulative": false
    },
    {
        "date": "2020-12-08T11:20:56.198Z",
        "value": "0.7930450439453125",
        "cumulative": false
    },
    {
        "date": "2020-12-08T11:20:58.213Z",
        "value": "0.9925594925880432",
        "cumulative": false
    },
    {
        "date": "2020-12-08T11:21:00.142Z",
        "value": "0.6869233846664429",
        "cumulative": false
    },
    {
        "date": "2020-12-08T11:21:02.189Z",
        "value": "0.753584623336792",
        "cumulative": false
    },
    {
        "date": "2020-12-08T11:21:04.211Z",
        "value": "0.6876934766769409",
        "cumulative": false
    },
    {
        "date": "2020-12-08T11:21:06.250Z",
        "value": "0.5473736524581909",
        "cumulative": false
    },
    {
        "date": "2020-12-08T11:21:08.242Z",
        "value": "0.5784600377082825",
        "cumulative": false
    },
    {
        "date": "2020-12-08T11:21:10.238Z",
        "value": "0.5934765338897705",
        "cumulative": false
    },
    {
        "date": "2020-12-08T11:21:12.295Z",
        "value": "0.46926987171173096",
        "cumulative": false
    },
    {
        "date": "2020-12-08T11:21:14.437Z",
        "value": "0.5867506861686707",
        "cumulative": false
    },
    {
        "date": "2020-12-08T11:21:16.457Z",
        "value": "0.6454129219055176",
        "cumulative": false
    },
    {
        "date": "2020-12-08T11:21:18.498Z",
        "value": "0.49097150564193726",
        "cumulative": false
    },
    {
        "date": "2020-12-08T11:21:20.566Z",
        "value": "0.4227956235408783",
        "cumulative": false
    },
    {
        "date": "2020-12-08T11:21:22.649Z",
        "value": "0.4936060607433319",
        "cumulative": false
    },
    {
        "date": "2020-12-08T11:21:24.645Z",
        "value": "0.5059895515441895",
        "cumulative": false
    },
    {
        "date": "2020-12-08T11:21:26.649Z",
        "value": "0.4143909811973572",
        "cumulative": false
    },
    {
        "date": "2020-12-08T11:21:28.611Z",
        "value": "0.4134758710861206",
        "cumulative": false
    },
    {
        "date": "2020-12-08T11:21:30.661Z",
        "value": "0.41026538610458374",
        "cumulative": false
    },
    {
        "date": "2020-12-08T11:21:32.657Z",
        "value": "0.41998291015625",
        "cumulative": false
    },
    {
        "date": "2020-12-08T11:21:34.730Z",
        "value": "0.40322402119636536",
        "cumulative": false
    },
    {
        "date": "2020-12-08T11:21:36.711Z",
        "value": "0.39888882637023926",
        "cumulative": false
    }
]