[
    {
        "date": "2020-12-08T11:20:37.539Z",
        "value": "0.006390571594238281",
        "cumulative": false
    },
    {
        "date": "2020-12-08T11:20:39.548Z",
        "value": "0.006259441375732422",
        "cumulative": false
    },
    {
        "date": "2020-12-08T11:20:41.532Z",
        "value": "0.006421566009521484",
        "cumulative": false
    },
    {
        "date": "2020-12-08T11:20:43.573Z",
        "value": "0.0092010498046875",
        "cumulative": false
    },
    {
        "date": "2020-12-08T11:20:45.611Z",
        "value": "0.008341789245605469",
        "cumulative": false
    },
    {
        "date": "2020-12-08T11:20:47.562Z",
        "value": "0.007236957550048828",
        "cumulative": false
    },
    {
        "date": "2020-12-08T11:20:49.566Z",
        "value": "0.006639719009399414",
        "cumulative": false
    },
    {
        "date": "2020-12-08T11:20:51.540Z",
        "value": "0.014772891998291016",
        "cumulative": false
    },
    {
        "date": "2020-12-08T11:20:53.481Z",
        "value": "0.008063554763793945",
        "cumulative": false
    },
    {
        "date": "2020-12-08T11:20:55.498Z",
        "value": "0.00627899169921875",
        "cumulative": false
    },
    {
        "date": "2020-12-08T11:20:57.578Z",
        "value": "0.0063893795013427734",
        "cumulative": false
    },
    {
        "date": "2020-12-08T11:20:59.536Z",
        "value": "0.00586247444152832",
        "cumulative": false
    },
    {
        "date": "2020-12-08T11:21:01.550Z",
        "value": "0.00607752799987793",
        "cumulative": false
    },
    {
        "date": "2020-12-08T11:21:03.539Z",
        "value": "0.006188869476318359",
        "cumulative": false
    },
    {
        "date": "2020-12-08T11:21:05.597Z",
        "value": "0.007638216018676758",
        "cumulative": false
    },
    {
        "date": "2020-12-08T11:21:07.615Z",
        "value": "0.007769107818603516",
        "cumulative": false
    },
    {
        "date": "2020-12-08T11:21:09.605Z",
        "value": "0.006324052810668945",
        "cumulative": false
    },
    {
        "date": "2020-12-08T11:21:11.604Z",
        "value": "0.006087303161621094",
        "cumulative": false
    },
    {
        "date": "2020-12-08T11:21:13.814Z",
        "value": "0.008030176162719727",
        "cumulative": false
    },
    {
        "date": "2020-12-08T11:21:15.837Z",
        "value": "0.006173372268676758",
        "cumulative": false
    },
    {
        "date": "2020-12-08T11:21:17.841Z",
        "value": "0.006922245025634766",
        "cumulative": false
    },
    {
        "date": "2020-12-08T11:21:19.929Z",
        "value": "0.009851455688476562",
        "cumulative": false
    },
    {
        "date": "2020-12-08T11:21:21.921Z",
        "value": "0.006222724914550781",
        "cumulative": false
    },
    {
        "date": "2020-12-08T11:21:23.995Z",
        "value": "0.0070722103118896484",
        "cumulative": false
    },
    {
        "date": "2020-12-08T11:21:26.022Z",
        "value": "0.0063323974609375",
        "cumulative": false
    },
    {
        "date": "2020-12-08T11:21:27.992Z",
        "value": "0.006436347961425781",
        "cumulative": false
    },
    {
        "date": "2020-12-08T11:21:29.983Z",
        "value": "0.0071985721588134766",
        "cumulative": false
    },
    {
        "date": "2020-12-08T11:21:31.999Z",
        "value": "0.005902528762817383",
        "cumulative": false
    },
    {
        "date": "2020-12-08T11:21:34.046Z",
        "value": "0.006455421447753906",
        "cumulative": false
    },
    {
        "date": "2020-12-08T11:21:36.083Z",
        "value": "0.006062746047973633",
        "cumulative": false
    },
    {
        "date": "2020-12-08T11:21:38.314Z",
        "value": "0.006401538848876953",
        "cumulative": false
    }
]