[
    {
        "date": "2020-12-08T11:20:36.192Z",
        "value": "11.71875",
        "cumulative": false
    },
    {
        "date": "2020-12-08T11:20:38.198Z",
        "value": "36.71875",
        "cumulative": false
    },
    {
        "date": "2020-12-08T11:20:40.194Z",
        "value": "39.84375",
        "cumulative": false
    },
    {
        "date": "2020-12-08T11:20:42.199Z",
        "value": "51.5625",
        "cumulative": false
    },
    {
        "date": "2020-12-08T11:20:44.237Z",
        "value": "53.125",
        "cumulative": false
    },
    {
        "date": "2020-12-08T11:20:46.231Z",
        "value": "61.71875",
        "cumulative": false
    },
    {
        "date": "2020-12-08T11:20:48.196Z",
        "value": "57.8125",
        "cumulative": false
    },
    {
        "date": "2020-12-08T11:20:50.198Z",
        "value": "67.96875",
        "cumulative": false
    },
    {
        "date": "2020-12-08T11:20:52.154Z",
        "value": "59.375",
        "cumulative": false
    },
    {
        "date": "2020-12-08T11:20:54.131Z",
        "value": "65.625",
        "cumulative": false
    },
    {
        "date": "2020-12-08T11:20:56.198Z",
        "value": "71.09375",
        "cumulative": false
    },
    {
        "date": "2020-12-08T11:20:58.213Z",
        "value": "71.09375",
        "cumulative": false
    },
    {
        "date": "2020-12-08T11:21:00.142Z",
        "value": "75.78125",
        "cumulative": false
    },
    {
        "date": "2020-12-08T11:21:02.189Z",
        "value": "80.46875",
        "cumulative": false
    },
    {
        "date": "2020-12-08T11:21:04.211Z",
        "value": "74.21875",
        "cumulative": false
    },
    {
        "date": "2020-12-08T11:21:06.250Z",
        "value": "83.59375",
        "cumulative": false
    },
    {
        "date": "2020-12-08T11:21:08.241Z",
        "value": "85.15625",
        "cumulative": false
    },
    {
        "date": "2020-12-08T11:21:10.238Z",
        "value": "79.6875",
        "cumulative": false
    },
    {
        "date": "2020-12-08T11:21:12.295Z",
        "value": "85.15625",
        "cumulative": false
    },
    {
        "date": "2020-12-08T11:21:14.437Z",
        "value": "83.59375",
        "cumulative": false
    },
    {
        "date": "2020-12-08T11:21:16.457Z",
        "value": "80.46875",
        "cumulative": false
    },
    {
        "date": "2020-12-08T11:21:18.498Z",
        "value": "82.8125",
        "cumulative": false
    },
    {
        "date": "2020-12-08T11:21:20.565Z",
        "value": "85.9375",
        "cumulative": false
    },
    {
        "date": "2020-12-08T11:21:22.647Z",
        "value": "84.375",
        "cumulative": false
    },
    {
        "date": "2020-12-08T11:21:24.645Z",
        "value": "84.375",
        "cumulative": false
    },
    {
        "date": "2020-12-08T11:21:26.648Z",
        "value": "87.5",
        "cumulative": false
    },
    {
        "date": "2020-12-08T11:21:28.610Z",
        "value": "82.8125",
        "cumulative": false
    },
    {
        "date": "2020-12-08T11:21:30.660Z",
        "value": "85.15625",
        "cumulative": false
    },
    {
        "date": "2020-12-08T11:21:32.657Z",
        "value": "85.15625",
        "cumulative": false
    },
    {
        "date": "2020-12-08T11:21:34.730Z",
        "value": "89.84375",
        "cumulative": false
    },
    {
        "date": "2020-12-08T11:21:36.707Z",
        "value": "91.40625",
        "cumulative": false
    }
]