[
    {
        "date": "2020-12-08T11:20:37.509Z",
        "value": "0.154754638671875",
        "cumulative": false
    },
    {
        "date": "2020-12-08T11:20:39.507Z",
        "value": "0.17329978942871094",
        "cumulative": false
    },
    {
        "date": "2020-12-08T11:20:41.502Z",
        "value": "0.1374039649963379",
        "cumulative": false
    },
    {
        "date": "2020-12-08T11:20:43.542Z",
        "value": "0.15697574615478516",
        "cumulative": false
    },
    {
        "date": "2020-12-08T11:20:45.567Z",
        "value": "0.13948917388916016",
        "cumulative": false
    },
    {
        "date": "2020-12-08T11:20:47.543Z",
        "value": "0.15482497215270996",
        "cumulative": false
    },
    {
        "date": "2020-12-08T11:20:49.541Z",
        "value": "0.1378028392791748",
        "cumulative": false
    },
    {
        "date": "2020-12-08T11:20:51.521Z",
        "value": "0.14731407165527344",
        "cumulative": false
    },
    {
        "date": "2020-12-08T11:20:53.456Z",
        "value": "0.15927743911743164",
        "cumulative": false
    },
    {
        "date": "2020-12-08T11:20:55.465Z",
        "value": "0.16083168983459473",
        "cumulative": false
    },
    {
        "date": "2020-12-08T11:20:57.549Z",
        "value": "0.15194153785705566",
        "cumulative": false
    },
    {
        "date": "2020-12-08T11:20:59.509Z",
        "value": "0.15044903755187988",
        "cumulative": false
    },
    {
        "date": "2020-12-08T11:21:01.517Z",
        "value": "0.16519999504089355",
        "cumulative": false
    },
    {
        "date": "2020-12-08T11:21:03.512Z",
        "value": "0.1444993019104004",
        "cumulative": false
    },
    {
        "date": "2020-12-08T11:21:05.571Z",
        "value": "0.1516742706298828",
        "cumulative": false
    },
    {
        "date": "2020-12-08T11:21:07.587Z",
        "value": "0.14255332946777344",
        "cumulative": false
    },
    {
        "date": "2020-12-08T11:21:09.550Z",
        "value": "0.14026308059692383",
        "cumulative": false
    },
    {
        "date": "2020-12-08T11:21:11.570Z",
        "value": "0.14866328239440918",
        "cumulative": false
    },
    {
        "date": "2020-12-08T11:21:13.794Z",
        "value": "0.1362285614013672",
        "cumulative": false
    },
    {
        "date": "2020-12-08T11:21:15.814Z",
        "value": "0.15932297706604004",
        "cumulative": false
    },
    {
        "date": "2020-12-08T11:21:17.808Z",
        "value": "0.13451433181762695",
        "cumulative": false
    },
    {
        "date": "2020-12-08T11:21:19.906Z",
        "value": "0.16716766357421875",
        "cumulative": false
    },
    {
        "date": "2020-12-08T11:21:21.903Z",
        "value": "0.15055179595947266",
        "cumulative": false
    },
    {
        "date": "2020-12-08T11:21:23.974Z",
        "value": "0.16605806350708008",
        "cumulative": false
    },
    {
        "date": "2020-12-08T11:21:25.992Z",
        "value": "0.14955687522888184",
        "cumulative": false
    },
    {
        "date": "2020-12-08T11:21:27.968Z",
        "value": "0.16612911224365234",
        "cumulative": false
    },
    {
        "date": "2020-12-08T11:21:29.960Z",
        "value": "0.15497970581054688",
        "cumulative": false
    },
    {
        "date": "2020-12-08T11:21:31.978Z",
        "value": "0.1468493938446045",
        "cumulative": false
    },
    {
        "date": "2020-12-08T11:21:34.023Z",
        "value": "0.14115619659423828",
        "cumulative": false
    },
    {
        "date": "2020-12-08T11:21:36.056Z",
        "value": "0.15191435813903809",
        "cumulative": false
    },
    {
        "date": "2020-12-08T11:21:38.288Z",
        "value": "0.14574694633483887",
        "cumulative": false
    }
]