[
    {
        "date": "2020-12-08T11:20:36.184Z",
        "value": "2.5517375469207764",
        "cumulative": false
    },
    {
        "date": "2020-12-08T11:20:38.187Z",
        "value": "1.8294402360916138",
        "cumulative": false
    },
    {
        "date": "2020-12-08T11:20:40.187Z",
        "value": "1.5002330541610718",
        "cumulative": false
    },
    {
        "date": "2020-12-08T11:20:42.193Z",
        "value": "1.3895610570907593",
        "cumulative": false
    },
    {
        "date": "2020-12-08T11:20:44.227Z",
        "value": "1.177452564239502",
        "cumulative": false
    },
    {
        "date": "2020-12-08T11:20:46.224Z",
        "value": "1.0181519985198975",
        "cumulative": false
    },
    {
        "date": "2020-12-08T11:20:48.196Z",
        "value": "0.908114492893219",
        "cumulative": false
    },
    {
        "date": "2020-12-08T11:20:50.192Z",
        "value": "0.8382971286773682",
        "cumulative": false
    },
    {
        "date": "2020-12-08T11:20:52.148Z",
        "value": "0.8481783866882324",
        "cumulative": false
    },
    {
        "date": "2020-12-08T11:20:54.124Z",
        "value": "0.7932419180870056",
        "cumulative": false
    },
    {
        "date": "2020-12-08T11:20:56.191Z",
        "value": "0.7920114398002625",
        "cumulative": false
    },
    {
        "date": "2020-12-08T11:20:58.212Z",
        "value": "0.9249566197395325",
        "cumulative": false
    },
    {
        "date": "2020-12-08T11:21:00.135Z",
        "value": "0.7088229656219482",
        "cumulative": false
    },
    {
        "date": "2020-12-08T11:21:02.182Z",
        "value": "0.6814823746681213",
        "cumulative": false
    },
    {
        "date": "2020-12-08T11:21:04.204Z",
        "value": "0.8344295620918274",
        "cumulative": false
    },
    {
        "date": "2020-12-08T11:21:06.244Z",
        "value": "0.6871903538703918",
        "cumulative": false
    },
    {
        "date": "2020-12-08T11:21:08.235Z",
        "value": "0.6659337878227234",
        "cumulative": false
    },
    {
        "date": "2020-12-08T11:21:10.231Z",
        "value": "0.6768501400947571",
        "cumulative": false
    },
    {
        "date": "2020-12-08T11:21:12.288Z",
        "value": "0.6000466346740723",
        "cumulative": false
    },
    {
        "date": "2020-12-08T11:21:14.430Z",
        "value": "0.6185852885246277",
        "cumulative": false
    },
    {
        "date": "2020-12-08T11:21:16.446Z",
        "value": "0.4711436331272125",
        "cumulative": false
    },
    {
        "date": "2020-12-08T11:21:18.491Z",
        "value": "0.6857807040214539",
        "cumulative": false
    },
    {
        "date": "2020-12-08T11:21:20.570Z",
        "value": "0.47789204120635986",
        "cumulative": false
    },
    {
        "date": "2020-12-08T11:21:22.641Z",
        "value": "0.5634011626243591",
        "cumulative": false
    },
    {
        "date": "2020-12-08T11:21:24.640Z",
        "value": "0.49281740188598633",
        "cumulative": false
    },
    {
        "date": "2020-12-08T11:21:26.642Z",
        "value": "0.5199676752090454",
        "cumulative": false
    },
    {
        "date": "2020-12-08T11:21:28.604Z",
        "value": "0.5816324949264526",
        "cumulative": false
    },
    {
        "date": "2020-12-08T11:21:30.641Z",
        "value": "0.48034897446632385",
        "cumulative": false
    },
    {
        "date": "2020-12-08T11:21:32.650Z",
        "value": "0.4572276473045349",
        "cumulative": false
    },
    {
        "date": "2020-12-08T11:21:34.724Z",
        "value": "0.44791579246520996",
        "cumulative": false
    },
    {
        "date": "2020-12-08T11:21:36.704Z",
        "value": "0.5220150351524353",
        "cumulative": false
    }
]