[
    {
        "date": "2020-12-08T11:20:37.517Z",
        "value": "0.22676301002502441",
        "cumulative": false
    },
    {
        "date": "2020-12-08T11:20:39.506Z",
        "value": "0.2216782569885254",
        "cumulative": false
    },
    {
        "date": "2020-12-08T11:20:41.510Z",
        "value": "0.24209952354431152",
        "cumulative": false
    },
    {
        "date": "2020-12-08T11:20:43.545Z",
        "value": "0.22880959510803223",
        "cumulative": false
    },
    {
        "date": "2020-12-08T11:20:45.572Z",
        "value": "0.21044445037841797",
        "cumulative": false
    },
    {
        "date": "2020-12-08T11:20:47.548Z",
        "value": "0.23070168495178223",
        "cumulative": false
    },
    {
        "date": "2020-12-08T11:20:49.549Z",
        "value": "0.21460533142089844",
        "cumulative": false
    },
    {
        "date": "2020-12-08T11:20:51.521Z",
        "value": "0.22151637077331543",
        "cumulative": false
    },
    {
        "date": "2020-12-08T11:20:53.458Z",
        "value": "0.2434401512145996",
        "cumulative": false
    },
    {
        "date": "2020-12-08T11:20:55.467Z",
        "value": "0.21857690811157227",
        "cumulative": false
    },
    {
        "date": "2020-12-08T11:20:57.551Z",
        "value": "0.2333972454071045",
        "cumulative": false
    },
    {
        "date": "2020-12-08T11:20:59.511Z",
        "value": "0.20889878273010254",
        "cumulative": false
    },
    {
        "date": "2020-12-08T11:21:01.524Z",
        "value": "0.2331082820892334",
        "cumulative": false
    },
    {
        "date": "2020-12-08T11:21:03.518Z",
        "value": "0.23994803428649902",
        "cumulative": false
    },
    {
        "date": "2020-12-08T11:21:05.574Z",
        "value": "0.22303128242492676",
        "cumulative": false
    },
    {
        "date": "2020-12-08T11:21:07.589Z",
        "value": "0.1999800205230713",
        "cumulative": false
    },
    {
        "date": "2020-12-08T11:21:09.557Z",
        "value": "0.2330470085144043",
        "cumulative": false
    },
    {
        "date": "2020-12-08T11:21:11.572Z",
        "value": "0.23186182975769043",
        "cumulative": false
    },
    {
        "date": "2020-12-08T11:21:13.796Z",
        "value": "0.21376848220825195",
        "cumulative": false
    },
    {
        "date": "2020-12-08T11:21:15.811Z",
        "value": "0.24794721603393555",
        "cumulative": false
    },
    {
        "date": "2020-12-08T11:21:17.812Z",
        "value": "0.2222292423248291",
        "cumulative": false
    },
    {
        "date": "2020-12-08T11:21:19.902Z",
        "value": "0.23427128791809082",
        "cumulative": false
    },
    {
        "date": "2020-12-08T11:21:21.906Z",
        "value": "0.2432265281677246",
        "cumulative": false
    },
    {
        "date": "2020-12-08T11:21:23.977Z",
        "value": "0.22140288352966309",
        "cumulative": false
    },
    {
        "date": "2020-12-08T11:21:25.991Z",
        "value": "0.2303164005279541",
        "cumulative": false
    },
    {
        "date": "2020-12-08T11:21:27.969Z",
        "value": "0.2446296215057373",
        "cumulative": false
    },
    {
        "date": "2020-12-08T11:21:29.961Z",
        "value": "0.22072982788085938",
        "cumulative": false
    },
    {
        "date": "2020-12-08T11:21:31.984Z",
        "value": "0.22396445274353027",
        "cumulative": false
    },
    {
        "date": "2020-12-08T11:21:34.036Z",
        "value": "0.23629212379455566",
        "cumulative": false
    },
    {
        "date": "2020-12-08T11:21:36.061Z",
        "value": "0.23846864700317383",
        "cumulative": false
    },
    {
        "date": "2020-12-08T11:21:38.291Z",
        "value": "0.23690295219421387",
        "cumulative": false
    }
]