[
    {
        "date": "2020-12-08T11:20:36.186Z",
        "value": "5.46875",
        "cumulative": false
    },
    {
        "date": "2020-12-08T11:20:38.187Z",
        "value": "28.125",
        "cumulative": false
    },
    {
        "date": "2020-12-08T11:20:40.188Z",
        "value": "47.65625",
        "cumulative": false
    },
    {
        "date": "2020-12-08T11:20:42.193Z",
        "value": "42.96875",
        "cumulative": false
    },
    {
        "date": "2020-12-08T11:20:44.228Z",
        "value": "57.03125",
        "cumulative": false
    },
    {
        "date": "2020-12-08T11:20:46.224Z",
        "value": "64.0625",
        "cumulative": false
    },
    {
        "date": "2020-12-08T11:20:48.196Z",
        "value": "69.53125",
        "cumulative": false
    },
    {
        "date": "2020-12-08T11:20:50.192Z",
        "value": "70.3125",
        "cumulative": false
    },
    {
        "date": "2020-12-08T11:20:52.148Z",
        "value": "69.53125",
        "cumulative": false
    },
    {
        "date": "2020-12-08T11:20:54.125Z",
        "value": "73.4375",
        "cumulative": false
    },
    {
        "date": "2020-12-08T11:20:56.192Z",
        "value": "72.65625",
        "cumulative": false
    },
    {
        "date": "2020-12-08T11:20:58.212Z",
        "value": "67.96875",
        "cumulative": false
    },
    {
        "date": "2020-12-08T11:21:00.135Z",
        "value": "75.78125",
        "cumulative": false
    },
    {
        "date": "2020-12-08T11:21:02.183Z",
        "value": "77.34375",
        "cumulative": false
    },
    {
        "date": "2020-12-08T11:21:04.204Z",
        "value": "66.40625",
        "cumulative": false
    },
    {
        "date": "2020-12-08T11:21:06.244Z",
        "value": "76.5625",
        "cumulative": false
    },
    {
        "date": "2020-12-08T11:21:08.235Z",
        "value": "80.46875",
        "cumulative": false
    },
    {
        "date": "2020-12-08T11:21:10.231Z",
        "value": "75.0",
        "cumulative": false
    },
    {
        "date": "2020-12-08T11:21:12.288Z",
        "value": "79.6875",
        "cumulative": false
    },
    {
        "date": "2020-12-08T11:21:14.430Z",
        "value": "79.6875",
        "cumulative": false
    },
    {
        "date": "2020-12-08T11:21:16.446Z",
        "value": "82.03125",
        "cumulative": false
    },
    {
        "date": "2020-12-08T11:21:18.491Z",
        "value": "77.34375",
        "cumulative": false
    },
    {
        "date": "2020-12-08T11:21:20.570Z",
        "value": "85.9375",
        "cumulative": false
    },
    {
        "date": "2020-12-08T11:21:22.641Z",
        "value": "82.8125",
        "cumulative": false
    },
    {
        "date": "2020-12-08T11:21:24.640Z",
        "value": "80.46875",
        "cumulative": false
    },
    {
        "date": "2020-12-08T11:21:26.643Z",
        "value": "82.03125",
        "cumulative": false
    },
    {
        "date": "2020-12-08T11:21:28.604Z",
        "value": "83.59375",
        "cumulative": false
    },
    {
        "date": "2020-12-08T11:21:30.641Z",
        "value": "82.8125",
        "cumulative": false
    },
    {
        "date": "2020-12-08T11:21:32.650Z",
        "value": "85.9375",
        "cumulative": false
    },
    {
        "date": "2020-12-08T11:21:34.724Z",
        "value": "84.375",
        "cumulative": false
    },
    {
        "date": "2020-12-08T11:21:36.704Z",
        "value": "88.28125",
        "cumulative": false
    }
]