[
    {
        "date": "2020-12-08T11:20:37.508Z",
        "value": "0.05590939521789551",
        "cumulative": false
    },
    {
        "date": "2020-12-08T11:20:39.507Z",
        "value": "0.057953596115112305",
        "cumulative": false
    },
    {
        "date": "2020-12-08T11:20:41.502Z",
        "value": "0.052942752838134766",
        "cumulative": false
    },
    {
        "date": "2020-12-08T11:20:43.541Z",
        "value": "0.055724382400512695",
        "cumulative": false
    },
    {
        "date": "2020-12-08T11:20:45.567Z",
        "value": "0.05257844924926758",
        "cumulative": false
    },
    {
        "date": "2020-12-08T11:20:47.543Z",
        "value": "0.05750417709350586",
        "cumulative": false
    },
    {
        "date": "2020-12-08T11:20:49.541Z",
        "value": "0.05896902084350586",
        "cumulative": false
    },
    {
        "date": "2020-12-08T11:20:51.521Z",
        "value": "0.05175161361694336",
        "cumulative": false
    },
    {
        "date": "2020-12-08T11:20:53.456Z",
        "value": "0.06644058227539062",
        "cumulative": false
    },
    {
        "date": "2020-12-08T11:20:55.465Z",
        "value": "0.06299090385437012",
        "cumulative": false
    },
    {
        "date": "2020-12-08T11:20:57.549Z",
        "value": "0.05459856986999512",
        "cumulative": false
    },
    {
        "date": "2020-12-08T11:20:59.509Z",
        "value": "0.052518367767333984",
        "cumulative": false
    },
    {
        "date": "2020-12-08T11:21:01.517Z",
        "value": "0.07510185241699219",
        "cumulative": false
    },
    {
        "date": "2020-12-08T11:21:03.512Z",
        "value": "0.05654597282409668",
        "cumulative": false
    },
    {
        "date": "2020-12-08T11:21:05.571Z",
        "value": "0.06815290451049805",
        "cumulative": false
    },
    {
        "date": "2020-12-08T11:21:07.587Z",
        "value": "0.058977603912353516",
        "cumulative": false
    },
    {
        "date": "2020-12-08T11:21:09.550Z",
        "value": "0.05094337463378906",
        "cumulative": false
    },
    {
        "date": "2020-12-08T11:21:11.570Z",
        "value": "0.05986833572387695",
        "cumulative": false
    },
    {
        "date": "2020-12-08T11:21:13.794Z",
        "value": "0.05813145637512207",
        "cumulative": false
    },
    {
        "date": "2020-12-08T11:21:15.814Z",
        "value": "0.0626382827758789",
        "cumulative": false
    },
    {
        "date": "2020-12-08T11:21:17.808Z",
        "value": "0.055155038833618164",
        "cumulative": false
    },
    {
        "date": "2020-12-08T11:21:19.906Z",
        "value": "0.05544257164001465",
        "cumulative": false
    },
    {
        "date": "2020-12-08T11:21:21.903Z",
        "value": "0.05463886260986328",
        "cumulative": false
    },
    {
        "date": "2020-12-08T11:21:23.974Z",
        "value": "0.05156660079956055",
        "cumulative": false
    },
    {
        "date": "2020-12-08T11:21:25.992Z",
        "value": "0.04450201988220215",
        "cumulative": false
    },
    {
        "date": "2020-12-08T11:21:27.968Z",
        "value": "0.06017947196960449",
        "cumulative": false
    },
    {
        "date": "2020-12-08T11:21:29.960Z",
        "value": "0.049289703369140625",
        "cumulative": false
    },
    {
        "date": "2020-12-08T11:21:31.978Z",
        "value": "0.05590653419494629",
        "cumulative": false
    },
    {
        "date": "2020-12-08T11:21:34.023Z",
        "value": "0.060460805892944336",
        "cumulative": false
    },
    {
        "date": "2020-12-08T11:21:36.056Z",
        "value": "0.05064105987548828",
        "cumulative": false
    },
    {
        "date": "2020-12-08T11:21:38.288Z",
        "value": "0.05198550224304199",
        "cumulative": false
    }
]