[
    {
        "date": "2020-12-08T11:20:37.535Z",
        "value": "0.09659767150878906",
        "cumulative": false
    },
    {
        "date": "2020-12-08T11:20:39.548Z",
        "value": "0.07673978805541992",
        "cumulative": false
    },
    {
        "date": "2020-12-08T11:20:41.532Z",
        "value": "0.08083367347717285",
        "cumulative": false
    },
    {
        "date": "2020-12-08T11:20:43.573Z",
        "value": "0.07582950592041016",
        "cumulative": false
    },
    {
        "date": "2020-12-08T11:20:45.611Z",
        "value": "0.08113789558410645",
        "cumulative": false
    },
    {
        "date": "2020-12-08T11:20:47.562Z",
        "value": "0.07748293876647949",
        "cumulative": false
    },
    {
        "date": "2020-12-08T11:20:49.566Z",
        "value": "0.08271932601928711",
        "cumulative": false
    },
    {
        "date": "2020-12-08T11:20:51.540Z",
        "value": "0.08100438117980957",
        "cumulative": false
    },
    {
        "date": "2020-12-08T11:20:53.481Z",
        "value": "0.07695722579956055",
        "cumulative": false
    },
    {
        "date": "2020-12-08T11:20:55.498Z",
        "value": "0.07826113700866699",
        "cumulative": false
    },
    {
        "date": "2020-12-08T11:20:57.578Z",
        "value": "0.09429144859313965",
        "cumulative": false
    },
    {
        "date": "2020-12-08T11:20:59.536Z",
        "value": "0.0738670825958252",
        "cumulative": false
    },
    {
        "date": "2020-12-08T11:21:01.550Z",
        "value": "0.08007073402404785",
        "cumulative": false
    },
    {
        "date": "2020-12-08T11:21:03.539Z",
        "value": "0.08382344245910645",
        "cumulative": false
    },
    {
        "date": "2020-12-08T11:21:05.597Z",
        "value": "0.07503628730773926",
        "cumulative": false
    },
    {
        "date": "2020-12-08T11:21:07.615Z",
        "value": "0.08086895942687988",
        "cumulative": false
    },
    {
        "date": "2020-12-08T11:21:09.605Z",
        "value": "0.07776522636413574",
        "cumulative": false
    },
    {
        "date": "2020-12-08T11:21:11.604Z",
        "value": "0.08470749855041504",
        "cumulative": false
    },
    {
        "date": "2020-12-08T11:21:13.814Z",
        "value": "0.08011770248413086",
        "cumulative": false
    },
    {
        "date": "2020-12-08T11:21:15.837Z",
        "value": "0.07684493064880371",
        "cumulative": false
    },
    {
        "date": "2020-12-08T11:21:17.841Z",
        "value": "0.07182669639587402",
        "cumulative": false
    },
    {
        "date": "2020-12-08T11:21:19.929Z",
        "value": "0.07589054107666016",
        "cumulative": false
    },
    {
        "date": "2020-12-08T11:21:21.921Z",
        "value": "0.07649827003479004",
        "cumulative": false
    },
    {
        "date": "2020-12-08T11:21:23.995Z",
        "value": "0.07883429527282715",
        "cumulative": false
    },
    {
        "date": "2020-12-08T11:21:26.022Z",
        "value": "0.09336471557617188",
        "cumulative": false
    },
    {
        "date": "2020-12-08T11:21:27.992Z",
        "value": "0.08467864990234375",
        "cumulative": false
    },
    {
        "date": "2020-12-08T11:21:29.983Z",
        "value": "0.08175110816955566",
        "cumulative": false
    },
    {
        "date": "2020-12-08T11:21:31.999Z",
        "value": "0.07313966751098633",
        "cumulative": false
    },
    {
        "date": "2020-12-08T11:21:34.046Z",
        "value": "0.07661223411560059",
        "cumulative": false
    },
    {
        "date": "2020-12-08T11:21:36.083Z",
        "value": "0.07147860527038574",
        "cumulative": false
    },
    {
        "date": "2020-12-08T11:21:38.314Z",
        "value": "0.07699775695800781",
        "cumulative": false
    }
]