[
    {
        "date": "2020-12-08T11:20:37.524Z",
        "value": "0.24855446815490723",
        "cumulative": false
    },
    {
        "date": "2020-12-08T11:20:39.523Z",
        "value": "0.25157666206359863",
        "cumulative": false
    },
    {
        "date": "2020-12-08T11:20:41.517Z",
        "value": "0.2482006549835205",
        "cumulative": false
    },
    {
        "date": "2020-12-08T11:20:43.553Z",
        "value": "0.23732948303222656",
        "cumulative": false
    },
    {
        "date": "2020-12-08T11:20:45.582Z",
        "value": "0.23753881454467773",
        "cumulative": false
    },
    {
        "date": "2020-12-08T11:20:47.550Z",
        "value": "0.24746918678283691",
        "cumulative": false
    },
    {
        "date": "2020-12-08T11:20:49.553Z",
        "value": "0.2256319522857666",
        "cumulative": false
    },
    {
        "date": "2020-12-08T11:20:51.533Z",
        "value": "0.25473999977111816",
        "cumulative": false
    },
    {
        "date": "2020-12-08T11:20:53.471Z",
        "value": "0.22811245918273926",
        "cumulative": false
    },
    {
        "date": "2020-12-08T11:20:55.485Z",
        "value": "0.24398112297058105",
        "cumulative": false
    },
    {
        "date": "2020-12-08T11:20:57.566Z",
        "value": "0.2353355884552002",
        "cumulative": false
    },
    {
        "date": "2020-12-08T11:20:59.524Z",
        "value": "0.2570984363555908",
        "cumulative": false
    },
    {
        "date": "2020-12-08T11:21:01.536Z",
        "value": "0.24301481246948242",
        "cumulative": false
    },
    {
        "date": "2020-12-08T11:21:03.531Z",
        "value": "0.2561156749725342",
        "cumulative": false
    },
    {
        "date": "2020-12-08T11:21:05.591Z",
        "value": "0.24249696731567383",
        "cumulative": false
    },
    {
        "date": "2020-12-08T11:21:07.601Z",
        "value": "0.24561834335327148",
        "cumulative": false
    },
    {
        "date": "2020-12-08T11:21:09.561Z",
        "value": "0.2528359889984131",
        "cumulative": false
    },
    {
        "date": "2020-12-08T11:21:11.599Z",
        "value": "0.2502009868621826",
        "cumulative": false
    },
    {
        "date": "2020-12-08T11:21:13.800Z",
        "value": "0.23852896690368652",
        "cumulative": false
    },
    {
        "date": "2020-12-08T11:21:15.820Z",
        "value": "0.2453298568725586",
        "cumulative": false
    },
    {
        "date": "2020-12-08T11:21:17.828Z",
        "value": "0.26580286026000977",
        "cumulative": false
    },
    {
        "date": "2020-12-08T11:21:19.922Z",
        "value": "0.23549318313598633",
        "cumulative": false
    },
    {
        "date": "2020-12-08T11:21:21.907Z",
        "value": "0.2523982524871826",
        "cumulative": false
    },
    {
        "date": "2020-12-08T11:21:23.993Z",
        "value": "0.23313331604003906",
        "cumulative": false
    },
    {
        "date": "2020-12-08T11:21:26.005Z",
        "value": "0.24097776412963867",
        "cumulative": false
    },
    {
        "date": "2020-12-08T11:21:27.978Z",
        "value": "0.22925639152526855",
        "cumulative": false
    },
    {
        "date": "2020-12-08T11:21:29.980Z",
        "value": "0.24349236488342285",
        "cumulative": false
    },
    {
        "date": "2020-12-08T11:21:31.995Z",
        "value": "0.2294619083404541",
        "cumulative": false
    },
    {
        "date": "2020-12-08T11:21:34.050Z",
        "value": "0.22889399528503418",
        "cumulative": false
    },
    {
        "date": "2020-12-08T11:21:36.069Z",
        "value": "0.2322988510131836",
        "cumulative": false
    },
    {
        "date": "2020-12-08T11:21:38.302Z",
        "value": "0.23105764389038086",
        "cumulative": false
    }
]