[
    {
        "date": "2020-12-08T11:20:37.522Z",
        "value": "2.5130093097686768",
        "cumulative": false
    },
    {
        "date": "2020-12-08T11:20:39.513Z",
        "value": "0.24021673202514648",
        "cumulative": false
    },
    {
        "date": "2020-12-08T11:20:41.513Z",
        "value": "0.2544209957122803",
        "cumulative": false
    },
    {
        "date": "2020-12-08T11:20:43.549Z",
        "value": "0.23264718055725098",
        "cumulative": false
    },
    {
        "date": "2020-12-08T11:20:45.586Z",
        "value": "0.25812649726867676",
        "cumulative": false
    },
    {
        "date": "2020-12-08T11:20:47.552Z",
        "value": "0.2628960609436035",
        "cumulative": false
    },
    {
        "date": "2020-12-08T11:20:49.552Z",
        "value": "0.25742006301879883",
        "cumulative": false
    },
    {
        "date": "2020-12-08T11:20:51.533Z",
        "value": "0.2430720329284668",
        "cumulative": false
    },
    {
        "date": "2020-12-08T11:20:53.479Z",
        "value": "0.2546355724334717",
        "cumulative": false
    },
    {
        "date": "2020-12-08T11:20:55.478Z",
        "value": "0.2683064937591553",
        "cumulative": false
    },
    {
        "date": "2020-12-08T11:20:57.563Z",
        "value": "0.26026344299316406",
        "cumulative": false
    },
    {
        "date": "2020-12-08T11:20:59.518Z",
        "value": "0.25159716606140137",
        "cumulative": false
    },
    {
        "date": "2020-12-08T11:21:01.531Z",
        "value": "0.2662827968597412",
        "cumulative": false
    },
    {
        "date": "2020-12-08T11:21:03.528Z",
        "value": "0.23890209197998047",
        "cumulative": false
    },
    {
        "date": "2020-12-08T11:21:05.581Z",
        "value": "0.26072239875793457",
        "cumulative": false
    },
    {
        "date": "2020-12-08T11:21:07.596Z",
        "value": "0.2503080368041992",
        "cumulative": false
    },
    {
        "date": "2020-12-08T11:21:09.562Z",
        "value": "0.25974345207214355",
        "cumulative": false
    },
    {
        "date": "2020-12-08T11:21:11.580Z",
        "value": "0.2583587169647217",
        "cumulative": false
    },
    {
        "date": "2020-12-08T11:21:13.801Z",
        "value": "0.25322413444519043",
        "cumulative": false
    },
    {
        "date": "2020-12-08T11:21:15.818Z",
        "value": "0.2629513740539551",
        "cumulative": false
    },
    {
        "date": "2020-12-08T11:21:17.817Z",
        "value": "0.2453596591949463",
        "cumulative": false
    },
    {
        "date": "2020-12-08T11:21:19.909Z",
        "value": "0.2554013729095459",
        "cumulative": false
    },
    {
        "date": "2020-12-08T11:21:21.902Z",
        "value": "0.25719714164733887",
        "cumulative": false
    },
    {
        "date": "2020-12-08T11:21:23.985Z",
        "value": "0.26217150688171387",
        "cumulative": false
    },
    {
        "date": "2020-12-08T11:21:25.995Z",
        "value": "0.26763081550598145",
        "cumulative": false
    },
    {
        "date": "2020-12-08T11:21:27.985Z",
        "value": "0.23830056190490723",
        "cumulative": false
    },
    {
        "date": "2020-12-08T11:21:29.968Z",
        "value": "0.2559349536895752",
        "cumulative": false
    },
    {
        "date": "2020-12-08T11:21:31.987Z",
        "value": "0.2496201992034912",
        "cumulative": false
    },
    {
        "date": "2020-12-08T11:21:34.043Z",
        "value": "0.24283671379089355",
        "cumulative": false
    },
    {
        "date": "2020-12-08T11:21:36.063Z",
        "value": "0.25960373878479004",
        "cumulative": false
    },
    {
        "date": "2020-12-08T11:21:38.306Z",
        "value": "0.2640340328216553",
        "cumulative": false
    }
]