[
    {
        "date": "2020-12-08T11:20:37.539Z",
        "value": "8.940696716308594e-05",
        "cumulative": false
    },
    {
        "date": "2020-12-08T11:20:39.548Z",
        "value": "7.557868957519531e-05",
        "cumulative": false
    },
    {
        "date": "2020-12-08T11:20:41.532Z",
        "value": "7.510185241699219e-05",
        "cumulative": false
    },
    {
        "date": "2020-12-08T11:20:43.573Z",
        "value": "0.00011897087097167969",
        "cumulative": false
    },
    {
        "date": "2020-12-08T11:20:45.611Z",
        "value": "0.00010371208190917969",
        "cumulative": false
    },
    {
        "date": "2020-12-08T11:20:47.562Z",
        "value": "7.176399230957031e-05",
        "cumulative": false
    },
    {
        "date": "2020-12-08T11:20:49.566Z",
        "value": "8.082389831542969e-05",
        "cumulative": false
    },
    {
        "date": "2020-12-08T11:20:51.540Z",
        "value": "7.319450378417969e-05",
        "cumulative": false
    },
    {
        "date": "2020-12-08T11:20:53.481Z",
        "value": "7.414817810058594e-05",
        "cumulative": false
    },
    {
        "date": "2020-12-08T11:20:55.498Z",
        "value": "7.128715515136719e-05",
        "cumulative": false
    },
    {
        "date": "2020-12-08T11:20:57.578Z",
        "value": "7.557868957519531e-05",
        "cumulative": false
    },
    {
        "date": "2020-12-08T11:20:59.537Z",
        "value": "0.0001239776611328125",
        "cumulative": false
    },
    {
        "date": "2020-12-08T11:21:01.550Z",
        "value": "0.00011157989501953125",
        "cumulative": false
    },
    {
        "date": "2020-12-08T11:21:03.539Z",
        "value": "7.867813110351562e-05",
        "cumulative": false
    },
    {
        "date": "2020-12-08T11:21:05.597Z",
        "value": "7.390975952148438e-05",
        "cumulative": false
    },
    {
        "date": "2020-12-08T11:21:07.616Z",
        "value": "0.00011920928955078125",
        "cumulative": false
    },
    {
        "date": "2020-12-08T11:21:09.605Z",
        "value": "7.295608520507812e-05",
        "cumulative": false
    },
    {
        "date": "2020-12-08T11:21:11.604Z",
        "value": "9.250640869140625e-05",
        "cumulative": false
    },
    {
        "date": "2020-12-08T11:21:13.814Z",
        "value": "7.2479248046875e-05",
        "cumulative": false
    },
    {
        "date": "2020-12-08T11:21:15.837Z",
        "value": "9.632110595703125e-05",
        "cumulative": false
    },
    {
        "date": "2020-12-08T11:21:17.841Z",
        "value": "8.821487426757812e-05",
        "cumulative": false
    },
    {
        "date": "2020-12-08T11:21:19.929Z",
        "value": "7.295608520507812e-05",
        "cumulative": false
    },
    {
        "date": "2020-12-08T11:21:21.921Z",
        "value": "7.271766662597656e-05",
        "cumulative": false
    },
    {
        "date": "2020-12-08T11:21:23.995Z",
        "value": "7.915496826171875e-05",
        "cumulative": false
    },
    {
        "date": "2020-12-08T11:21:26.022Z",
        "value": "7.62939453125e-05",
        "cumulative": false
    },
    {
        "date": "2020-12-08T11:21:27.992Z",
        "value": "7.748603820800781e-05",
        "cumulative": false
    },
    {
        "date": "2020-12-08T11:21:29.983Z",
        "value": "7.62939453125e-05",
        "cumulative": false
    },
    {
        "date": "2020-12-08T11:21:31.999Z",
        "value": "7.414817810058594e-05",
        "cumulative": false
    },
    {
        "date": "2020-12-08T11:21:34.046Z",
        "value": "9.775161743164062e-05",
        "cumulative": false
    },
    {
        "date": "2020-12-08T11:21:36.083Z",
        "value": "7.462501525878906e-05",
        "cumulative": false
    },
    {
        "date": "2020-12-08T11:21:38.314Z",
        "value": "7.748603820800781e-05",
        "cumulative": false
    }
]