[
    {
        "date": "2020-12-08T11:20:37.518Z",
        "value": "2.879692554473877",
        "cumulative": false
    },
    {
        "date": "2020-12-08T11:20:39.505Z",
        "value": "0.8144934177398682",
        "cumulative": false
    },
    {
        "date": "2020-12-08T11:20:41.505Z",
        "value": "0.7844007015228271",
        "cumulative": false
    },
    {
        "date": "2020-12-08T11:20:43.544Z",
        "value": "0.7602949142456055",
        "cumulative": false
    },
    {
        "date": "2020-12-08T11:20:45.566Z",
        "value": "0.8188281059265137",
        "cumulative": false
    },
    {
        "date": "2020-12-08T11:20:47.534Z",
        "value": "0.8305392265319824",
        "cumulative": false
    },
    {
        "date": "2020-12-08T11:20:49.542Z",
        "value": "0.8415453433990479",
        "cumulative": false
    },
    {
        "date": "2020-12-08T11:20:51.517Z",
        "value": "0.7942354679107666",
        "cumulative": false
    },
    {
        "date": "2020-12-08T11:20:53.461Z",
        "value": "0.7834787368774414",
        "cumulative": false
    },
    {
        "date": "2020-12-08T11:20:55.476Z",
        "value": "0.777491569519043",
        "cumulative": false
    },
    {
        "date": "2020-12-08T11:20:57.555Z",
        "value": "0.8120748996734619",
        "cumulative": false
    },
    {
        "date": "2020-12-08T11:20:59.509Z",
        "value": "0.7474551200866699",
        "cumulative": false
    },
    {
        "date": "2020-12-08T11:21:01.525Z",
        "value": "0.7902929782867432",
        "cumulative": false
    },
    {
        "date": "2020-12-08T11:21:03.514Z",
        "value": "0.7532968521118164",
        "cumulative": false
    },
    {
        "date": "2020-12-08T11:21:05.573Z",
        "value": "0.8247456550598145",
        "cumulative": false
    },
    {
        "date": "2020-12-08T11:21:07.593Z",
        "value": "0.8393566608428955",
        "cumulative": false
    },
    {
        "date": "2020-12-08T11:21:09.550Z",
        "value": "0.8136448860168457",
        "cumulative": false
    },
    {
        "date": "2020-12-08T11:21:11.573Z",
        "value": "0.7647697925567627",
        "cumulative": false
    },
    {
        "date": "2020-12-08T11:21:13.786Z",
        "value": "1.0067644119262695",
        "cumulative": false
    },
    {
        "date": "2020-12-08T11:21:15.815Z",
        "value": "0.8050947189331055",
        "cumulative": false
    },
    {
        "date": "2020-12-08T11:21:17.807Z",
        "value": "0.8272244930267334",
        "cumulative": false
    },
    {
        "date": "2020-12-08T11:21:19.909Z",
        "value": "0.8933205604553223",
        "cumulative": false
    },
    {
        "date": "2020-12-08T11:21:21.895Z",
        "value": "0.7949883937835693",
        "cumulative": false
    },
    {
        "date": "2020-12-08T11:21:23.974Z",
        "value": "0.8916857242584229",
        "cumulative": false
    },
    {
        "date": "2020-12-08T11:21:25.996Z",
        "value": "0.816277265548706",
        "cumulative": false
    },
    {
        "date": "2020-12-08T11:21:27.967Z",
        "value": "0.7976875305175781",
        "cumulative": false
    },
    {
        "date": "2020-12-08T11:21:29.958Z",
        "value": "0.8362598419189453",
        "cumulative": false
    },
    {
        "date": "2020-12-08T11:21:31.977Z",
        "value": "0.8181397914886475",
        "cumulative": false
    },
    {
        "date": "2020-12-08T11:21:34.022Z",
        "value": "0.8018107414245605",
        "cumulative": false
    },
    {
        "date": "2020-12-08T11:21:36.055Z",
        "value": "0.8853507041931152",
        "cumulative": false
    },
    {
        "date": "2020-12-08T11:21:38.287Z",
        "value": "1.0816009044647217",
        "cumulative": false
    }
]