[
    {
        "date": "2020-12-08T11:20:37.512Z",
        "value": "2.485417604446411",
        "cumulative": false
    },
    {
        "date": "2020-12-08T11:20:39.512Z",
        "value": "0.651076078414917",
        "cumulative": false
    },
    {
        "date": "2020-12-08T11:20:41.511Z",
        "value": "0.5798614025115967",
        "cumulative": false
    },
    {
        "date": "2020-12-08T11:20:43.549Z",
        "value": "0.6750278472900391",
        "cumulative": false
    },
    {
        "date": "2020-12-08T11:20:45.571Z",
        "value": "0.6446537971496582",
        "cumulative": false
    },
    {
        "date": "2020-12-08T11:20:47.539Z",
        "value": "0.6446421146392822",
        "cumulative": false
    },
    {
        "date": "2020-12-08T11:20:49.544Z",
        "value": "0.6791987419128418",
        "cumulative": false
    },
    {
        "date": "2020-12-08T11:20:51.520Z",
        "value": "0.5804398059844971",
        "cumulative": false
    },
    {
        "date": "2020-12-08T11:20:53.464Z",
        "value": "0.6055433750152588",
        "cumulative": false
    },
    {
        "date": "2020-12-08T11:20:55.472Z",
        "value": "0.5359253883361816",
        "cumulative": false
    },
    {
        "date": "2020-12-08T11:20:57.552Z",
        "value": "0.603480339050293",
        "cumulative": false
    },
    {
        "date": "2020-12-08T11:20:59.512Z",
        "value": "0.5871543884277344",
        "cumulative": false
    },
    {
        "date": "2020-12-08T11:21:01.520Z",
        "value": "0.6392855644226074",
        "cumulative": false
    },
    {
        "date": "2020-12-08T11:21:03.512Z",
        "value": "0.6132678985595703",
        "cumulative": false
    },
    {
        "date": "2020-12-08T11:21:05.576Z",
        "value": "0.5979633331298828",
        "cumulative": false
    },
    {
        "date": "2020-12-08T11:21:07.591Z",
        "value": "0.6625411510467529",
        "cumulative": false
    },
    {
        "date": "2020-12-08T11:21:09.552Z",
        "value": "0.6306869983673096",
        "cumulative": false
    },
    {
        "date": "2020-12-08T11:21:11.581Z",
        "value": "0.6312558650970459",
        "cumulative": false
    },
    {
        "date": "2020-12-08T11:21:13.798Z",
        "value": "0.8053135871887207",
        "cumulative": false
    },
    {
        "date": "2020-12-08T11:21:15.811Z",
        "value": "0.6078243255615234",
        "cumulative": false
    },
    {
        "date": "2020-12-08T11:21:17.816Z",
        "value": "0.6494567394256592",
        "cumulative": false
    },
    {
        "date": "2020-12-08T11:21:19.904Z",
        "value": "0.7288632392883301",
        "cumulative": false
    },
    {
        "date": "2020-12-08T11:21:21.901Z",
        "value": "0.6019740104675293",
        "cumulative": false
    },
    {
        "date": "2020-12-08T11:21:23.977Z",
        "value": "0.6993353366851807",
        "cumulative": false
    },
    {
        "date": "2020-12-08T11:21:25.997Z",
        "value": "0.6524524688720703",
        "cumulative": false
    },
    {
        "date": "2020-12-08T11:21:27.970Z",
        "value": "0.6038153171539307",
        "cumulative": false
    },
    {
        "date": "2020-12-08T11:21:29.963Z",
        "value": "0.6426947116851807",
        "cumulative": false
    },
    {
        "date": "2020-12-08T11:21:31.980Z",
        "value": "0.6800642013549805",
        "cumulative": false
    },
    {
        "date": "2020-12-08T11:21:34.028Z",
        "value": "0.6527502536773682",
        "cumulative": false
    },
    {
        "date": "2020-12-08T11:21:36.074Z",
        "value": "0.67600417137146",
        "cumulative": false
    },
    {
        "date": "2020-12-08T11:21:38.296Z",
        "value": "0.8542678356170654",
        "cumulative": false
    }
]