[
    {
        "date": "2020-12-08T11:20:37.509Z",
        "value": "5.649996042251587",
        "cumulative": false
    },
    {
        "date": "2020-12-08T11:20:39.512Z",
        "value": "1.398141622543335",
        "cumulative": false
    },
    {
        "date": "2020-12-08T11:20:41.511Z",
        "value": "1.3994090557098389",
        "cumulative": false
    },
    {
        "date": "2020-12-08T11:20:43.549Z",
        "value": "1.4435150623321533",
        "cumulative": false
    },
    {
        "date": "2020-12-08T11:20:45.571Z",
        "value": "1.412553071975708",
        "cumulative": false
    },
    {
        "date": "2020-12-08T11:20:47.539Z",
        "value": "1.3807168006896973",
        "cumulative": false
    },
    {
        "date": "2020-12-08T11:20:49.544Z",
        "value": "1.439467191696167",
        "cumulative": false
    },
    {
        "date": "2020-12-08T11:20:51.520Z",
        "value": "1.4139759540557861",
        "cumulative": false
    },
    {
        "date": "2020-12-08T11:20:53.464Z",
        "value": "1.3669631481170654",
        "cumulative": false
    },
    {
        "date": "2020-12-08T11:20:55.472Z",
        "value": "1.3835608959197998",
        "cumulative": false
    },
    {
        "date": "2020-12-08T11:20:57.552Z",
        "value": "1.4161369800567627",
        "cumulative": false
    },
    {
        "date": "2020-12-08T11:20:59.512Z",
        "value": "1.374734878540039",
        "cumulative": false
    },
    {
        "date": "2020-12-08T11:21:01.520Z",
        "value": "1.4272706508636475",
        "cumulative": false
    },
    {
        "date": "2020-12-08T11:21:03.512Z",
        "value": "1.405674934387207",
        "cumulative": false
    },
    {
        "date": "2020-12-08T11:21:05.575Z",
        "value": "1.4391114711761475",
        "cumulative": false
    },
    {
        "date": "2020-12-08T11:21:07.590Z",
        "value": "1.4189183712005615",
        "cumulative": false
    },
    {
        "date": "2020-12-08T11:21:09.552Z",
        "value": "1.400942325592041",
        "cumulative": false
    },
    {
        "date": "2020-12-08T11:21:11.581Z",
        "value": "1.4030351638793945",
        "cumulative": false
    },
    {
        "date": "2020-12-08T11:21:13.797Z",
        "value": "1.5876984596252441",
        "cumulative": false
    },
    {
        "date": "2020-12-08T11:21:15.811Z",
        "value": "1.425825834274292",
        "cumulative": false
    },
    {
        "date": "2020-12-08T11:21:17.816Z",
        "value": "1.399043083190918",
        "cumulative": false
    },
    {
        "date": "2020-12-08T11:21:19.904Z",
        "value": "1.4995639324188232",
        "cumulative": false
    },
    {
        "date": "2020-12-08T11:21:21.901Z",
        "value": "1.392141342163086",
        "cumulative": false
    },
    {
        "date": "2020-12-08T11:21:23.976Z",
        "value": "1.4841678142547607",
        "cumulative": false
    },
    {
        "date": "2020-12-08T11:21:25.996Z",
        "value": "1.4386389255523682",
        "cumulative": false
    },
    {
        "date": "2020-12-08T11:21:27.970Z",
        "value": "1.4006364345550537",
        "cumulative": false
    },
    {
        "date": "2020-12-08T11:21:29.963Z",
        "value": "1.4233713150024414",
        "cumulative": false
    },
    {
        "date": "2020-12-08T11:21:31.980Z",
        "value": "1.4076027870178223",
        "cumulative": false
    },
    {
        "date": "2020-12-08T11:21:34.028Z",
        "value": "1.4457283020019531",
        "cumulative": false
    },
    {
        "date": "2020-12-08T11:21:36.074Z",
        "value": "1.4800004959106445",
        "cumulative": false
    },
    {
        "date": "2020-12-08T11:21:38.296Z",
        "value": "1.6657564640045166",
        "cumulative": false
    }
]