[
    {
        "date": "2020-12-08T11:20:36.191Z",
        "value": "47.65625",
        "cumulative": false
    },
    {
        "date": "2020-12-08T11:20:38.195Z",
        "value": "82.03125",
        "cumulative": false
    },
    {
        "date": "2020-12-08T11:20:40.193Z",
        "value": "90.625",
        "cumulative": false
    },
    {
        "date": "2020-12-08T11:20:42.197Z",
        "value": "93.75",
        "cumulative": false
    },
    {
        "date": "2020-12-08T11:20:44.235Z",
        "value": "95.3125",
        "cumulative": false
    },
    {
        "date": "2020-12-08T11:20:46.228Z",
        "value": "96.09375",
        "cumulative": false
    },
    {
        "date": "2020-12-08T11:20:48.193Z",
        "value": "93.75",
        "cumulative": false
    },
    {
        "date": "2020-12-08T11:20:50.202Z",
        "value": "96.09375",
        "cumulative": false
    },
    {
        "date": "2020-12-08T11:20:52.152Z",
        "value": "99.21875",
        "cumulative": false
    },
    {
        "date": "2020-12-08T11:20:54.129Z",
        "value": "98.4375",
        "cumulative": false
    },
    {
        "date": "2020-12-08T11:20:56.196Z",
        "value": "99.21875",
        "cumulative": false
    },
    {
        "date": "2020-12-08T11:20:58.212Z",
        "value": "98.4375",
        "cumulative": false
    },
    {
        "date": "2020-12-08T11:21:00.140Z",
        "value": "100.0",
        "cumulative": false
    },
    {
        "date": "2020-12-08T11:21:02.187Z",
        "value": "98.4375",
        "cumulative": false
    },
    {
        "date": "2020-12-08T11:21:04.209Z",
        "value": "98.4375",
        "cumulative": false
    },
    {
        "date": "2020-12-08T11:21:06.252Z",
        "value": "99.21875",
        "cumulative": false
    },
    {
        "date": "2020-12-08T11:21:08.239Z",
        "value": "100.0",
        "cumulative": false
    },
    {
        "date": "2020-12-08T11:21:10.236Z",
        "value": "96.875",
        "cumulative": false
    },
    {
        "date": "2020-12-08T11:21:12.293Z",
        "value": "98.4375",
        "cumulative": false
    },
    {
        "date": "2020-12-08T11:21:14.435Z",
        "value": "99.21875",
        "cumulative": false
    },
    {
        "date": "2020-12-08T11:21:16.455Z",
        "value": "99.21875",
        "cumulative": false
    },
    {
        "date": "2020-12-08T11:21:18.498Z",
        "value": "97.65625",
        "cumulative": false
    },
    {
        "date": "2020-12-08T11:21:20.566Z",
        "value": "97.65625",
        "cumulative": false
    },
    {
        "date": "2020-12-08T11:21:22.650Z",
        "value": "98.4375",
        "cumulative": false
    },
    {
        "date": "2020-12-08T11:21:24.644Z",
        "value": "96.09375",
        "cumulative": false
    },
    {
        "date": "2020-12-08T11:21:26.647Z",
        "value": "99.21875",
        "cumulative": false
    },
    {
        "date": "2020-12-08T11:21:28.608Z",
        "value": "100.0",
        "cumulative": false
    },
    {
        "date": "2020-12-08T11:21:30.658Z",
        "value": "99.21875",
        "cumulative": false
    },
    {
        "date": "2020-12-08T11:21:32.660Z",
        "value": "98.4375",
        "cumulative": false
    },
    {
        "date": "2020-12-08T11:21:34.733Z",
        "value": "100.0",
        "cumulative": false
    },
    {
        "date": "2020-12-08T11:21:36.709Z",
        "value": "100.0",
        "cumulative": false
    }
]