[
    {
        "date": "2020-12-08T11:20:36.195Z",
        "value": "48.4375",
        "cumulative": false
    },
    {
        "date": "2020-12-08T11:20:38.197Z",
        "value": "83.59375",
        "cumulative": false
    },
    {
        "date": "2020-12-08T11:20:40.196Z",
        "value": "89.84375",
        "cumulative": false
    },
    {
        "date": "2020-12-08T11:20:42.200Z",
        "value": "89.0625",
        "cumulative": false
    },
    {
        "date": "2020-12-08T11:20:44.235Z",
        "value": "95.3125",
        "cumulative": false
    },
    {
        "date": "2020-12-08T11:20:46.233Z",
        "value": "92.96875",
        "cumulative": false
    },
    {
        "date": "2020-12-08T11:20:48.198Z",
        "value": "96.09375",
        "cumulative": false
    },
    {
        "date": "2020-12-08T11:20:50.201Z",
        "value": "96.875",
        "cumulative": false
    },
    {
        "date": "2020-12-08T11:20:52.162Z",
        "value": "97.65625",
        "cumulative": false
    },
    {
        "date": "2020-12-08T11:20:54.133Z",
        "value": "96.09375",
        "cumulative": false
    },
    {
        "date": "2020-12-08T11:20:56.200Z",
        "value": "97.65625",
        "cumulative": false
    },
    {
        "date": "2020-12-08T11:20:58.215Z",
        "value": "96.875",
        "cumulative": false
    },
    {
        "date": "2020-12-08T11:21:00.144Z",
        "value": "97.65625",
        "cumulative": false
    },
    {
        "date": "2020-12-08T11:21:02.191Z",
        "value": "100.0",
        "cumulative": false
    },
    {
        "date": "2020-12-08T11:21:04.213Z",
        "value": "99.21875",
        "cumulative": false
    },
    {
        "date": "2020-12-08T11:21:06.252Z",
        "value": "97.65625",
        "cumulative": false
    },
    {
        "date": "2020-12-08T11:21:08.244Z",
        "value": "100.0",
        "cumulative": false
    },
    {
        "date": "2020-12-08T11:21:10.240Z",
        "value": "98.4375",
        "cumulative": false
    },
    {
        "date": "2020-12-08T11:21:12.297Z",
        "value": "99.21875",
        "cumulative": false
    },
    {
        "date": "2020-12-08T11:21:14.439Z",
        "value": "97.65625",
        "cumulative": false
    },
    {
        "date": "2020-12-08T11:21:16.453Z",
        "value": "98.4375",
        "cumulative": false
    },
    {
        "date": "2020-12-08T11:21:18.500Z",
        "value": "99.21875",
        "cumulative": false
    },
    {
        "date": "2020-12-08T11:21:20.579Z",
        "value": "99.21875",
        "cumulative": false
    },
    {
        "date": "2020-12-08T11:21:22.650Z",
        "value": "100.0",
        "cumulative": false
    },
    {
        "date": "2020-12-08T11:21:24.648Z",
        "value": "100.0",
        "cumulative": false
    },
    {
        "date": "2020-12-08T11:21:26.651Z",
        "value": "100.0",
        "cumulative": false
    },
    {
        "date": "2020-12-08T11:21:28.613Z",
        "value": "100.0",
        "cumulative": false
    },
    {
        "date": "2020-12-08T11:21:30.662Z",
        "value": "99.21875",
        "cumulative": false
    },
    {
        "date": "2020-12-08T11:21:32.662Z",
        "value": "99.21875",
        "cumulative": false
    },
    {
        "date": "2020-12-08T11:21:34.733Z",
        "value": "99.21875",
        "cumulative": false
    },
    {
        "date": "2020-12-08T11:21:36.712Z",
        "value": "99.21875",
        "cumulative": false
    }
]