[
    {
        "date": "2020-12-08T11:20:37.509Z",
        "value": "0.05802583694458008",
        "cumulative": false
    },
    {
        "date": "2020-12-08T11:20:39.503Z",
        "value": "0.047029733657836914",
        "cumulative": false
    },
    {
        "date": "2020-12-08T11:20:41.507Z",
        "value": "0.05854487419128418",
        "cumulative": false
    },
    {
        "date": "2020-12-08T11:20:43.540Z",
        "value": "0.05090665817260742",
        "cumulative": false
    },
    {
        "date": "2020-12-08T11:20:45.567Z",
        "value": "0.057175636291503906",
        "cumulative": false
    },
    {
        "date": "2020-12-08T11:20:47.536Z",
        "value": "0.05383944511413574",
        "cumulative": false
    },
    {
        "date": "2020-12-08T11:20:49.543Z",
        "value": "0.06039261817932129",
        "cumulative": false
    },
    {
        "date": "2020-12-08T11:20:51.519Z",
        "value": "0.05126595497131348",
        "cumulative": false
    },
    {
        "date": "2020-12-08T11:20:53.458Z",
        "value": "0.05589795112609863",
        "cumulative": false
    },
    {
        "date": "2020-12-08T11:20:55.468Z",
        "value": "0.058861732482910156",
        "cumulative": false
    },
    {
        "date": "2020-12-08T11:20:57.563Z",
        "value": "0.05098843574523926",
        "cumulative": false
    },
    {
        "date": "2020-12-08T11:20:59.516Z",
        "value": "0.048921823501586914",
        "cumulative": false
    },
    {
        "date": "2020-12-08T11:21:01.530Z",
        "value": "0.05655956268310547",
        "cumulative": false
    },
    {
        "date": "2020-12-08T11:21:03.512Z",
        "value": "0.05936002731323242",
        "cumulative": false
    },
    {
        "date": "2020-12-08T11:21:05.585Z",
        "value": "0.054049015045166016",
        "cumulative": false
    },
    {
        "date": "2020-12-08T11:21:07.596Z",
        "value": "0.04690885543823242",
        "cumulative": false
    },
    {
        "date": "2020-12-08T11:21:09.554Z",
        "value": "0.04404592514038086",
        "cumulative": false
    },
    {
        "date": "2020-12-08T11:21:11.575Z",
        "value": "0.05495190620422363",
        "cumulative": false
    },
    {
        "date": "2020-12-08T11:21:13.794Z",
        "value": "0.057524681091308594",
        "cumulative": false
    },
    {
        "date": "2020-12-08T11:21:15.810Z",
        "value": "0.05784463882446289",
        "cumulative": false
    },
    {
        "date": "2020-12-08T11:21:17.823Z",
        "value": "0.06411862373352051",
        "cumulative": false
    },
    {
        "date": "2020-12-08T11:21:19.901Z",
        "value": "0.05390286445617676",
        "cumulative": false
    },
    {
        "date": "2020-12-08T11:21:21.898Z",
        "value": "0.06966090202331543",
        "cumulative": false
    },
    {
        "date": "2020-12-08T11:21:23.975Z",
        "value": "0.051079511642456055",
        "cumulative": false
    },
    {
        "date": "2020-12-08T11:21:25.996Z",
        "value": "0.0513916015625",
        "cumulative": false
    },
    {
        "date": "2020-12-08T11:21:27.971Z",
        "value": "0.06379342079162598",
        "cumulative": false
    },
    {
        "date": "2020-12-08T11:21:29.961Z",
        "value": "0.061634063720703125",
        "cumulative": false
    },
    {
        "date": "2020-12-08T11:21:31.987Z",
        "value": "0.05679965019226074",
        "cumulative": false
    },
    {
        "date": "2020-12-08T11:21:34.027Z",
        "value": "0.05157804489135742",
        "cumulative": false
    },
    {
        "date": "2020-12-08T11:21:36.061Z",
        "value": "0.056649208068847656",
        "cumulative": false
    },
    {
        "date": "2020-12-08T11:21:38.296Z",
        "value": "0.05588078498840332",
        "cumulative": false
    }
]