[
    {
        "date": "2020-12-08T11:20:37.519Z",
        "value": "7.82012939453125e-05",
        "cumulative": false
    },
    {
        "date": "2020-12-08T11:20:39.512Z",
        "value": "7.891654968261719e-05",
        "cumulative": false
    },
    {
        "date": "2020-12-08T11:20:41.523Z",
        "value": "9.036064147949219e-05",
        "cumulative": false
    },
    {
        "date": "2020-12-08T11:20:43.548Z",
        "value": "8.535385131835938e-05",
        "cumulative": false
    },
    {
        "date": "2020-12-08T11:20:45.576Z",
        "value": "8.916854858398438e-05",
        "cumulative": false
    },
    {
        "date": "2020-12-08T11:20:47.545Z",
        "value": "7.605552673339844e-05",
        "cumulative": false
    },
    {
        "date": "2020-12-08T11:20:49.550Z",
        "value": "8.511543273925781e-05",
        "cumulative": false
    },
    {
        "date": "2020-12-08T11:20:51.527Z",
        "value": "0.00011181831359863281",
        "cumulative": false
    },
    {
        "date": "2020-12-08T11:20:53.472Z",
        "value": "7.104873657226562e-05",
        "cumulative": false
    },
    {
        "date": "2020-12-08T11:20:55.475Z",
        "value": "7.700920104980469e-05",
        "cumulative": false
    },
    {
        "date": "2020-12-08T11:20:57.559Z",
        "value": "8.058547973632812e-05",
        "cumulative": false
    },
    {
        "date": "2020-12-08T11:20:59.518Z",
        "value": "8.106231689453125e-05",
        "cumulative": false
    },
    {
        "date": "2020-12-08T11:21:01.524Z",
        "value": "8.368492126464844e-05",
        "cumulative": false
    },
    {
        "date": "2020-12-08T11:21:03.523Z",
        "value": "7.772445678710938e-05",
        "cumulative": false
    },
    {
        "date": "2020-12-08T11:21:05.588Z",
        "value": "8.487701416015625e-05",
        "cumulative": false
    },
    {
        "date": "2020-12-08T11:21:07.595Z",
        "value": "7.867813110351562e-05",
        "cumulative": false
    },
    {
        "date": "2020-12-08T11:21:09.559Z",
        "value": "7.963180541992188e-05",
        "cumulative": false
    },
    {
        "date": "2020-12-08T11:21:11.583Z",
        "value": "7.843971252441406e-05",
        "cumulative": false
    },
    {
        "date": "2020-12-08T11:21:13.796Z",
        "value": "7.677078247070312e-05",
        "cumulative": false
    },
    {
        "date": "2020-12-08T11:21:15.817Z",
        "value": "8.821487426757812e-05",
        "cumulative": false
    },
    {
        "date": "2020-12-08T11:21:17.817Z",
        "value": "7.62939453125e-05",
        "cumulative": false
    },
    {
        "date": "2020-12-08T11:21:19.907Z",
        "value": "7.748603820800781e-05",
        "cumulative": false
    },
    {
        "date": "2020-12-08T11:21:21.913Z",
        "value": "7.581710815429688e-05",
        "cumulative": false
    },
    {
        "date": "2020-12-08T11:21:23.984Z",
        "value": "9.799003601074219e-05",
        "cumulative": false
    },
    {
        "date": "2020-12-08T11:21:26.004Z",
        "value": "9.608268737792969e-05",
        "cumulative": false
    },
    {
        "date": "2020-12-08T11:21:27.987Z",
        "value": "7.486343383789062e-05",
        "cumulative": false
    },
    {
        "date": "2020-12-08T11:21:29.971Z",
        "value": "9.846687316894531e-05",
        "cumulative": false
    },
    {
        "date": "2020-12-08T11:21:31.992Z",
        "value": "7.867813110351562e-05",
        "cumulative": false
    },
    {
        "date": "2020-12-08T11:21:34.031Z",
        "value": "7.510185241699219e-05",
        "cumulative": false
    },
    {
        "date": "2020-12-08T11:21:36.066Z",
        "value": "7.176399230957031e-05",
        "cumulative": false
    },
    {
        "date": "2020-12-08T11:21:38.295Z",
        "value": "9.5367431640625e-05",
        "cumulative": false
    }
]