[
    {
        "date": "2020-12-08T11:20:37.515Z",
        "value": "0.006735563278198242",
        "cumulative": false
    },
    {
        "date": "2020-12-08T11:20:39.507Z",
        "value": "0.0065326690673828125",
        "cumulative": false
    },
    {
        "date": "2020-12-08T11:20:41.521Z",
        "value": "0.0067942142486572266",
        "cumulative": false
    },
    {
        "date": "2020-12-08T11:20:43.549Z",
        "value": "0.006278276443481445",
        "cumulative": false
    },
    {
        "date": "2020-12-08T11:20:45.572Z",
        "value": "0.00619959831237793",
        "cumulative": false
    },
    {
        "date": "2020-12-08T11:20:47.540Z",
        "value": "0.005860328674316406",
        "cumulative": false
    },
    {
        "date": "2020-12-08T11:20:49.547Z",
        "value": "0.006109714508056641",
        "cumulative": false
    },
    {
        "date": "2020-12-08T11:20:51.521Z",
        "value": "0.0059702396392822266",
        "cumulative": false
    },
    {
        "date": "2020-12-08T11:20:53.458Z",
        "value": "0.006792306900024414",
        "cumulative": false
    },
    {
        "date": "2020-12-08T11:20:55.469Z",
        "value": "0.007676839828491211",
        "cumulative": false
    },
    {
        "date": "2020-12-08T11:20:57.557Z",
        "value": "0.006331205368041992",
        "cumulative": false
    },
    {
        "date": "2020-12-08T11:20:59.513Z",
        "value": "0.006330966949462891",
        "cumulative": false
    },
    {
        "date": "2020-12-08T11:21:01.520Z",
        "value": "0.006057262420654297",
        "cumulative": false
    },
    {
        "date": "2020-12-08T11:21:03.512Z",
        "value": "0.006910085678100586",
        "cumulative": false
    },
    {
        "date": "2020-12-08T11:21:05.575Z",
        "value": "0.006122589111328125",
        "cumulative": false
    },
    {
        "date": "2020-12-08T11:21:07.594Z",
        "value": "0.006021022796630859",
        "cumulative": false
    },
    {
        "date": "2020-12-08T11:21:09.556Z",
        "value": "0.006396055221557617",
        "cumulative": false
    },
    {
        "date": "2020-12-08T11:21:11.579Z",
        "value": "0.0068819522857666016",
        "cumulative": false
    },
    {
        "date": "2020-12-08T11:21:13.791Z",
        "value": "0.006049394607543945",
        "cumulative": false
    },
    {
        "date": "2020-12-08T11:21:15.808Z",
        "value": "0.006242513656616211",
        "cumulative": false
    },
    {
        "date": "2020-12-08T11:21:17.826Z",
        "value": "0.0064542293548583984",
        "cumulative": false
    },
    {
        "date": "2020-12-08T11:21:19.904Z",
        "value": "0.007205486297607422",
        "cumulative": false
    },
    {
        "date": "2020-12-08T11:21:21.899Z",
        "value": "0.0063800811767578125",
        "cumulative": false
    },
    {
        "date": "2020-12-08T11:21:23.981Z",
        "value": "0.006008148193359375",
        "cumulative": false
    },
    {
        "date": "2020-12-08T11:21:25.993Z",
        "value": "0.006097078323364258",
        "cumulative": false
    },
    {
        "date": "2020-12-08T11:21:27.971Z",
        "value": "0.005774497985839844",
        "cumulative": false
    },
    {
        "date": "2020-12-08T11:21:29.964Z",
        "value": "0.0061991214752197266",
        "cumulative": false
    },
    {
        "date": "2020-12-08T11:21:31.996Z",
        "value": "0.00642848014831543",
        "cumulative": false
    },
    {
        "date": "2020-12-08T11:21:34.032Z",
        "value": "0.00650787353515625",
        "cumulative": false
    },
    {
        "date": "2020-12-08T11:21:36.058Z",
        "value": "0.006283283233642578",
        "cumulative": false
    },
    {
        "date": "2020-12-08T11:21:38.296Z",
        "value": "0.006476163864135742",
        "cumulative": false
    }
]