[
    {
        "date": "2020-12-08T11:20:37.511Z",
        "value": "5.650304079055786",
        "cumulative": false
    },
    {
        "date": "2020-12-08T11:20:39.508Z",
        "value": "1.401970624923706",
        "cumulative": false
    },
    {
        "date": "2020-12-08T11:20:41.513Z",
        "value": "1.4146952629089355",
        "cumulative": false
    },
    {
        "date": "2020-12-08T11:20:43.544Z",
        "value": "1.4383349418640137",
        "cumulative": false
    },
    {
        "date": "2020-12-08T11:20:45.578Z",
        "value": "1.406083583831787",
        "cumulative": false
    },
    {
        "date": "2020-12-08T11:20:47.543Z",
        "value": "1.3887543678283691",
        "cumulative": false
    },
    {
        "date": "2020-12-08T11:20:49.551Z",
        "value": "1.4390788078308105",
        "cumulative": false
    },
    {
        "date": "2020-12-08T11:20:51.526Z",
        "value": "1.4208025932312012",
        "cumulative": false
    },
    {
        "date": "2020-12-08T11:20:53.470Z",
        "value": "1.3700520992279053",
        "cumulative": false
    },
    {
        "date": "2020-12-08T11:20:55.476Z",
        "value": "1.4169442653656006",
        "cumulative": false
    },
    {
        "date": "2020-12-08T11:20:57.561Z",
        "value": "1.409543514251709",
        "cumulative": false
    },
    {
        "date": "2020-12-08T11:20:59.511Z",
        "value": "1.375467300415039",
        "cumulative": false
    },
    {
        "date": "2020-12-08T11:21:01.523Z",
        "value": "1.4366862773895264",
        "cumulative": false
    },
    {
        "date": "2020-12-08T11:21:03.521Z",
        "value": "1.412093162536621",
        "cumulative": false
    },
    {
        "date": "2020-12-08T11:21:05.574Z",
        "value": "1.4459354877471924",
        "cumulative": false
    },
    {
        "date": "2020-12-08T11:21:07.598Z",
        "value": "1.4281244277954102",
        "cumulative": false
    },
    {
        "date": "2020-12-08T11:21:09.559Z",
        "value": "1.388397216796875",
        "cumulative": false
    },
    {
        "date": "2020-12-08T11:21:11.581Z",
        "value": "1.4147112369537354",
        "cumulative": false
    },
    {
        "date": "2020-12-08T11:21:13.790Z",
        "value": "1.5847668647766113",
        "cumulative": false
    },
    {
        "date": "2020-12-08T11:21:15.815Z",
        "value": "1.4406163692474365",
        "cumulative": false
    },
    {
        "date": "2020-12-08T11:21:17.817Z",
        "value": "1.4336438179016113",
        "cumulative": false
    },
    {
        "date": "2020-12-08T11:21:19.903Z",
        "value": "1.5010552406311035",
        "cumulative": false
    },
    {
        "date": "2020-12-08T11:21:21.901Z",
        "value": "1.4221410751342773",
        "cumulative": false
    },
    {
        "date": "2020-12-08T11:21:23.982Z",
        "value": "1.4844703674316406",
        "cumulative": false
    },
    {
        "date": "2020-12-08T11:21:25.990Z",
        "value": "1.4451043605804443",
        "cumulative": false
    },
    {
        "date": "2020-12-08T11:21:27.981Z",
        "value": "1.4038939476013184",
        "cumulative": false
    },
    {
        "date": "2020-12-08T11:21:29.969Z",
        "value": "1.419780969619751",
        "cumulative": false
    },
    {
        "date": "2020-12-08T11:21:31.982Z",
        "value": "1.4091291427612305",
        "cumulative": false
    },
    {
        "date": "2020-12-08T11:21:34.033Z",
        "value": "1.4454600811004639",
        "cumulative": false
    },
    {
        "date": "2020-12-08T11:21:36.061Z",
        "value": "1.4808580875396729",
        "cumulative": false
    },
    {
        "date": "2020-12-08T11:21:38.292Z",
        "value": "1.6542232036590576",
        "cumulative": false
    }
]