[
    {
        "date": "2020-12-08T11:20:37.518Z",
        "value": "2.5829532146453857",
        "cumulative": false
    },
    {
        "date": "2020-12-08T11:20:39.512Z",
        "value": "0.22616958618164062",
        "cumulative": false
    },
    {
        "date": "2020-12-08T11:20:41.517Z",
        "value": "0.25644421577453613",
        "cumulative": false
    },
    {
        "date": "2020-12-08T11:20:43.547Z",
        "value": "0.23682212829589844",
        "cumulative": false
    },
    {
        "date": "2020-12-08T11:20:45.590Z",
        "value": "0.23733234405517578",
        "cumulative": false
    },
    {
        "date": "2020-12-08T11:20:47.548Z",
        "value": "0.23906970024108887",
        "cumulative": false
    },
    {
        "date": "2020-12-08T11:20:49.550Z",
        "value": "0.22904419898986816",
        "cumulative": false
    },
    {
        "date": "2020-12-08T11:20:51.526Z",
        "value": "0.24007344245910645",
        "cumulative": false
    },
    {
        "date": "2020-12-08T11:20:53.478Z",
        "value": "0.2505953311920166",
        "cumulative": false
    },
    {
        "date": "2020-12-08T11:20:55.472Z",
        "value": "0.2459731101989746",
        "cumulative": false
    },
    {
        "date": "2020-12-08T11:20:57.558Z",
        "value": "0.252077579498291",
        "cumulative": false
    },
    {
        "date": "2020-12-08T11:20:59.520Z",
        "value": "0.2402949333190918",
        "cumulative": false
    },
    {
        "date": "2020-12-08T11:21:01.531Z",
        "value": "0.23010659217834473",
        "cumulative": false
    },
    {
        "date": "2020-12-08T11:21:03.534Z",
        "value": "0.24879932403564453",
        "cumulative": false
    },
    {
        "date": "2020-12-08T11:21:05.584Z",
        "value": "0.2346210479736328",
        "cumulative": false
    },
    {
        "date": "2020-12-08T11:21:07.595Z",
        "value": "0.22737836837768555",
        "cumulative": false
    },
    {
        "date": "2020-12-08T11:21:09.574Z",
        "value": "0.23252201080322266",
        "cumulative": false
    },
    {
        "date": "2020-12-08T11:21:11.596Z",
        "value": "0.2495124340057373",
        "cumulative": false
    },
    {
        "date": "2020-12-08T11:21:13.795Z",
        "value": "0.2358531951904297",
        "cumulative": false
    },
    {
        "date": "2020-12-08T11:21:15.820Z",
        "value": "0.2601597309112549",
        "cumulative": false
    },
    {
        "date": "2020-12-08T11:21:17.818Z",
        "value": "0.2486112117767334",
        "cumulative": false
    },
    {
        "date": "2020-12-08T11:21:19.907Z",
        "value": "0.24656367301940918",
        "cumulative": false
    },
    {
        "date": "2020-12-08T11:21:21.906Z",
        "value": "0.22400116920471191",
        "cumulative": false
    },
    {
        "date": "2020-12-08T11:21:23.987Z",
        "value": "0.22099614143371582",
        "cumulative": false
    },
    {
        "date": "2020-12-08T11:21:25.996Z",
        "value": "0.23243045806884766",
        "cumulative": false
    },
    {
        "date": "2020-12-08T11:21:27.986Z",
        "value": "0.22343659400939941",
        "cumulative": false
    },
    {
        "date": "2020-12-08T11:21:29.975Z",
        "value": "0.2410571575164795",
        "cumulative": false
    },
    {
        "date": "2020-12-08T11:21:31.988Z",
        "value": "0.2300710678100586",
        "cumulative": false
    },
    {
        "date": "2020-12-08T11:21:34.032Z",
        "value": "0.25253820419311523",
        "cumulative": false
    },
    {
        "date": "2020-12-08T11:21:36.066Z",
        "value": "0.26032209396362305",
        "cumulative": false
    },
    {
        "date": "2020-12-08T11:21:38.302Z",
        "value": "0.2453930377960205",
        "cumulative": false
    }
]