[
    {
        "date": "2020-12-08T11:20:37.507Z",
        "value": "5.6608726978302",
        "cumulative": false
    },
    {
        "date": "2020-12-08T11:20:39.503Z",
        "value": "1.4167098999023438",
        "cumulative": false
    },
    {
        "date": "2020-12-08T11:20:41.507Z",
        "value": "1.4063706398010254",
        "cumulative": false
    },
    {
        "date": "2020-12-08T11:20:43.540Z",
        "value": "1.4584064483642578",
        "cumulative": false
    },
    {
        "date": "2020-12-08T11:20:45.567Z",
        "value": "1.4283170700073242",
        "cumulative": false
    },
    {
        "date": "2020-12-08T11:20:47.536Z",
        "value": "1.3938157558441162",
        "cumulative": false
    },
    {
        "date": "2020-12-08T11:20:49.543Z",
        "value": "1.4536669254302979",
        "cumulative": false
    },
    {
        "date": "2020-12-08T11:20:51.519Z",
        "value": "1.4318358898162842",
        "cumulative": false
    },
    {
        "date": "2020-12-08T11:20:53.458Z",
        "value": "1.3901655673980713",
        "cumulative": false
    },
    {
        "date": "2020-12-08T11:20:55.468Z",
        "value": "1.434328317642212",
        "cumulative": false
    },
    {
        "date": "2020-12-08T11:20:57.563Z",
        "value": "1.4426372051239014",
        "cumulative": false
    },
    {
        "date": "2020-12-08T11:20:59.516Z",
        "value": "1.3861923217773438",
        "cumulative": false
    },
    {
        "date": "2020-12-08T11:21:01.530Z",
        "value": "1.4497921466827393",
        "cumulative": false
    },
    {
        "date": "2020-12-08T11:21:03.512Z",
        "value": "1.4026150703430176",
        "cumulative": false
    },
    {
        "date": "2020-12-08T11:21:05.585Z",
        "value": "1.453052282333374",
        "cumulative": false
    },
    {
        "date": "2020-12-08T11:21:07.596Z",
        "value": "1.4286251068115234",
        "cumulative": false
    },
    {
        "date": "2020-12-08T11:21:09.554Z",
        "value": "1.4073328971862793",
        "cumulative": false
    },
    {
        "date": "2020-12-08T11:21:11.575Z",
        "value": "1.4134957790374756",
        "cumulative": false
    },
    {
        "date": "2020-12-08T11:21:13.794Z",
        "value": "1.5881927013397217",
        "cumulative": false
    },
    {
        "date": "2020-12-08T11:21:15.810Z",
        "value": "1.4388172626495361",
        "cumulative": false
    },
    {
        "date": "2020-12-08T11:21:17.823Z",
        "value": "1.4468998908996582",
        "cumulative": false
    },
    {
        "date": "2020-12-08T11:21:19.901Z",
        "value": "1.5148906707763672",
        "cumulative": false
    },
    {
        "date": "2020-12-08T11:21:21.898Z",
        "value": "1.4279072284698486",
        "cumulative": false
    },
    {
        "date": "2020-12-08T11:21:23.975Z",
        "value": "1.498969554901123",
        "cumulative": false
    },
    {
        "date": "2020-12-08T11:21:25.996Z",
        "value": "1.4342291355133057",
        "cumulative": false
    },
    {
        "date": "2020-12-08T11:21:27.971Z",
        "value": "1.4178082942962646",
        "cumulative": false
    },
    {
        "date": "2020-12-08T11:21:29.961Z",
        "value": "1.4317855834960938",
        "cumulative": false
    },
    {
        "date": "2020-12-08T11:21:31.987Z",
        "value": "1.431626319885254",
        "cumulative": false
    },
    {
        "date": "2020-12-08T11:21:34.027Z",
        "value": "1.4535984992980957",
        "cumulative": false
    },
    {
        "date": "2020-12-08T11:21:36.060Z",
        "value": "1.467283010482788",
        "cumulative": false
    },
    {
        "date": "2020-12-08T11:21:38.296Z",
        "value": "1.6599926948547363",
        "cumulative": false
    }
]