[
    {
        "date": "2020-12-08T11:20:36.190Z",
        "value": "10.9375",
        "cumulative": false
    },
    {
        "date": "2020-12-08T11:20:38.195Z",
        "value": "32.03125",
        "cumulative": false
    },
    {
        "date": "2020-12-08T11:20:40.192Z",
        "value": "43.75",
        "cumulative": false
    },
    {
        "date": "2020-12-08T11:20:42.197Z",
        "value": "49.21875",
        "cumulative": false
    },
    {
        "date": "2020-12-08T11:20:44.235Z",
        "value": "57.8125",
        "cumulative": false
    },
    {
        "date": "2020-12-08T11:20:46.228Z",
        "value": "57.8125",
        "cumulative": false
    },
    {
        "date": "2020-12-08T11:20:48.193Z",
        "value": "70.3125",
        "cumulative": false
    },
    {
        "date": "2020-12-08T11:20:50.201Z",
        "value": "65.625",
        "cumulative": false
    },
    {
        "date": "2020-12-08T11:20:52.152Z",
        "value": "64.84375",
        "cumulative": false
    },
    {
        "date": "2020-12-08T11:20:54.129Z",
        "value": "74.21875",
        "cumulative": false
    },
    {
        "date": "2020-12-08T11:20:56.196Z",
        "value": "75.78125",
        "cumulative": false
    },
    {
        "date": "2020-12-08T11:20:58.212Z",
        "value": "71.875",
        "cumulative": false
    },
    {
        "date": "2020-12-08T11:21:00.140Z",
        "value": "79.6875",
        "cumulative": false
    },
    {
        "date": "2020-12-08T11:21:02.187Z",
        "value": "85.15625",
        "cumulative": false
    },
    {
        "date": "2020-12-08T11:21:04.209Z",
        "value": "71.875",
        "cumulative": false
    },
    {
        "date": "2020-12-08T11:21:06.252Z",
        "value": "75.78125",
        "cumulative": false
    },
    {
        "date": "2020-12-08T11:21:08.239Z",
        "value": "80.46875",
        "cumulative": false
    },
    {
        "date": "2020-12-08T11:21:10.236Z",
        "value": "86.71875",
        "cumulative": false
    },
    {
        "date": "2020-12-08T11:21:12.293Z",
        "value": "87.5",
        "cumulative": false
    },
    {
        "date": "2020-12-08T11:21:14.435Z",
        "value": "82.8125",
        "cumulative": false
    },
    {
        "date": "2020-12-08T11:21:16.455Z",
        "value": "85.15625",
        "cumulative": false
    },
    {
        "date": "2020-12-08T11:21:18.498Z",
        "value": "86.71875",
        "cumulative": false
    },
    {
        "date": "2020-12-08T11:21:20.566Z",
        "value": "82.03125",
        "cumulative": false
    },
    {
        "date": "2020-12-08T11:21:22.650Z",
        "value": "78.125",
        "cumulative": false
    },
    {
        "date": "2020-12-08T11:21:24.644Z",
        "value": "82.8125",
        "cumulative": false
    },
    {
        "date": "2020-12-08T11:21:26.647Z",
        "value": "83.59375",
        "cumulative": false
    },
    {
        "date": "2020-12-08T11:21:28.608Z",
        "value": "84.375",
        "cumulative": false
    },
    {
        "date": "2020-12-08T11:21:30.658Z",
        "value": "85.9375",
        "cumulative": false
    },
    {
        "date": "2020-12-08T11:21:32.660Z",
        "value": "82.8125",
        "cumulative": false
    },
    {
        "date": "2020-12-08T11:21:34.733Z",
        "value": "88.28125",
        "cumulative": false
    },
    {
        "date": "2020-12-08T11:21:36.708Z",
        "value": "82.8125",
        "cumulative": false
    }
]