[
    {
        "date": "2020-12-08T11:20:37.519Z",
        "value": "2.6092941761016846",
        "cumulative": false
    },
    {
        "date": "2020-12-08T11:20:39.512Z",
        "value": "0.2791600227355957",
        "cumulative": false
    },
    {
        "date": "2020-12-08T11:20:41.523Z",
        "value": "0.258436918258667",
        "cumulative": false
    },
    {
        "date": "2020-12-08T11:20:43.548Z",
        "value": "0.25322699546813965",
        "cumulative": false
    },
    {
        "date": "2020-12-08T11:20:45.576Z",
        "value": "0.27275776863098145",
        "cumulative": false
    },
    {
        "date": "2020-12-08T11:20:47.545Z",
        "value": "0.27896618843078613",
        "cumulative": false
    },
    {
        "date": "2020-12-08T11:20:49.550Z",
        "value": "0.2615180015563965",
        "cumulative": false
    },
    {
        "date": "2020-12-08T11:20:51.527Z",
        "value": "0.24941611289978027",
        "cumulative": false
    },
    {
        "date": "2020-12-08T11:20:53.471Z",
        "value": "0.26417040824890137",
        "cumulative": false
    },
    {
        "date": "2020-12-08T11:20:55.475Z",
        "value": "0.24918770790100098",
        "cumulative": false
    },
    {
        "date": "2020-12-08T11:20:57.559Z",
        "value": "0.25516414642333984",
        "cumulative": false
    },
    {
        "date": "2020-12-08T11:20:59.518Z",
        "value": "0.2595813274383545",
        "cumulative": false
    },
    {
        "date": "2020-12-08T11:21:01.524Z",
        "value": "0.2579329013824463",
        "cumulative": false
    },
    {
        "date": "2020-12-08T11:21:03.523Z",
        "value": "0.28339433670043945",
        "cumulative": false
    },
    {
        "date": "2020-12-08T11:21:05.588Z",
        "value": "0.25500988960266113",
        "cumulative": false
    },
    {
        "date": "2020-12-08T11:21:07.595Z",
        "value": "0.24848222732543945",
        "cumulative": false
    },
    {
        "date": "2020-12-08T11:21:09.558Z",
        "value": "0.2618591785430908",
        "cumulative": false
    },
    {
        "date": "2020-12-08T11:21:11.582Z",
        "value": "0.2575385570526123",
        "cumulative": false
    },
    {
        "date": "2020-12-08T11:21:13.796Z",
        "value": "0.2430872917175293",
        "cumulative": false
    },
    {
        "date": "2020-12-08T11:21:15.817Z",
        "value": "0.25431323051452637",
        "cumulative": false
    },
    {
        "date": "2020-12-08T11:21:17.817Z",
        "value": "0.2653815746307373",
        "cumulative": false
    },
    {
        "date": "2020-12-08T11:21:19.907Z",
        "value": "0.2721986770629883",
        "cumulative": false
    },
    {
        "date": "2020-12-08T11:21:21.913Z",
        "value": "0.25270748138427734",
        "cumulative": false
    },
    {
        "date": "2020-12-08T11:21:23.984Z",
        "value": "0.2688441276550293",
        "cumulative": false
    },
    {
        "date": "2020-12-08T11:21:26.004Z",
        "value": "0.25922274589538574",
        "cumulative": false
    },
    {
        "date": "2020-12-08T11:21:27.987Z",
        "value": "0.27058863639831543",
        "cumulative": false
    },
    {
        "date": "2020-12-08T11:21:29.971Z",
        "value": "0.26418018341064453",
        "cumulative": false
    },
    {
        "date": "2020-12-08T11:21:31.992Z",
        "value": "0.26601290702819824",
        "cumulative": false
    },
    {
        "date": "2020-12-08T11:21:34.031Z",
        "value": "0.2650437355041504",
        "cumulative": false
    },
    {
        "date": "2020-12-08T11:21:36.066Z",
        "value": "0.26106739044189453",
        "cumulative": false
    },
    {
        "date": "2020-12-08T11:21:38.295Z",
        "value": "0.27086424827575684",
        "cumulative": false
    }
]