[
    {
        "date": "2020-12-08T11:20:37.517Z",
        "value": "0.006160736083984375",
        "cumulative": false
    },
    {
        "date": "2020-12-08T11:20:39.513Z",
        "value": "0.006057024002075195",
        "cumulative": false
    },
    {
        "date": "2020-12-08T11:20:41.507Z",
        "value": "0.005559206008911133",
        "cumulative": false
    },
    {
        "date": "2020-12-08T11:20:43.542Z",
        "value": "0.005547285079956055",
        "cumulative": false
    },
    {
        "date": "2020-12-08T11:20:45.577Z",
        "value": "0.005176067352294922",
        "cumulative": false
    },
    {
        "date": "2020-12-08T11:20:47.547Z",
        "value": "0.0060307979583740234",
        "cumulative": false
    },
    {
        "date": "2020-12-08T11:20:49.549Z",
        "value": "0.005292654037475586",
        "cumulative": false
    },
    {
        "date": "2020-12-08T11:20:51.535Z",
        "value": "0.0052051544189453125",
        "cumulative": false
    },
    {
        "date": "2020-12-08T11:20:53.462Z",
        "value": "0.0054056644439697266",
        "cumulative": false
    },
    {
        "date": "2020-12-08T11:20:55.470Z",
        "value": "0.005364894866943359",
        "cumulative": false
    },
    {
        "date": "2020-12-08T11:20:57.553Z",
        "value": "0.00594019889831543",
        "cumulative": false
    },
    {
        "date": "2020-12-08T11:20:59.519Z",
        "value": "0.005339622497558594",
        "cumulative": false
    },
    {
        "date": "2020-12-08T11:21:01.522Z",
        "value": "0.00607609748840332",
        "cumulative": false
    },
    {
        "date": "2020-12-08T11:21:03.512Z",
        "value": "0.005735158920288086",
        "cumulative": false
    },
    {
        "date": "2020-12-08T11:21:05.578Z",
        "value": "0.005349874496459961",
        "cumulative": false
    },
    {
        "date": "2020-12-08T11:21:07.590Z",
        "value": "0.009374141693115234",
        "cumulative": false
    },
    {
        "date": "2020-12-08T11:21:09.554Z",
        "value": "0.005142688751220703",
        "cumulative": false
    },
    {
        "date": "2020-12-08T11:21:11.574Z",
        "value": "0.005640983581542969",
        "cumulative": false
    },
    {
        "date": "2020-12-08T11:21:13.791Z",
        "value": "0.005211591720581055",
        "cumulative": false
    },
    {
        "date": "2020-12-08T11:21:15.814Z",
        "value": "0.005667448043823242",
        "cumulative": false
    },
    {
        "date": "2020-12-08T11:21:17.810Z",
        "value": "0.005477428436279297",
        "cumulative": false
    },
    {
        "date": "2020-12-08T11:21:19.910Z",
        "value": "0.005540132522583008",
        "cumulative": false
    },
    {
        "date": "2020-12-08T11:21:21.902Z",
        "value": "0.0054073333740234375",
        "cumulative": false
    },
    {
        "date": "2020-12-08T11:21:23.978Z",
        "value": "0.005662441253662109",
        "cumulative": false
    },
    {
        "date": "2020-12-08T11:21:25.990Z",
        "value": "0.0051267147064208984",
        "cumulative": false
    },
    {
        "date": "2020-12-08T11:21:27.979Z",
        "value": "0.012297391891479492",
        "cumulative": false
    },
    {
        "date": "2020-12-08T11:21:29.973Z",
        "value": "0.00514984130859375",
        "cumulative": false
    },
    {
        "date": "2020-12-08T11:21:31.988Z",
        "value": "0.005012035369873047",
        "cumulative": false
    },
    {
        "date": "2020-12-08T11:21:34.033Z",
        "value": "0.0053081512451171875",
        "cumulative": false
    },
    {
        "date": "2020-12-08T11:21:36.060Z",
        "value": "0.005227565765380859",
        "cumulative": false
    },
    {
        "date": "2020-12-08T11:21:38.293Z",
        "value": "0.005130767822265625",
        "cumulative": false
    }
]