[
    {
        "date": "2020-12-08T11:20:37.512Z",
        "value": "7.224082946777344e-05",
        "cumulative": false
    },
    {
        "date": "2020-12-08T11:20:39.512Z",
        "value": "6.747245788574219e-05",
        "cumulative": false
    },
    {
        "date": "2020-12-08T11:20:41.511Z",
        "value": "7.05718994140625e-05",
        "cumulative": false
    },
    {
        "date": "2020-12-08T11:20:43.549Z",
        "value": "8.082389831542969e-05",
        "cumulative": false
    },
    {
        "date": "2020-12-08T11:20:45.571Z",
        "value": "7.104873657226562e-05",
        "cumulative": false
    },
    {
        "date": "2020-12-08T11:20:47.539Z",
        "value": "7.176399230957031e-05",
        "cumulative": false
    },
    {
        "date": "2020-12-08T11:20:49.544Z",
        "value": "6.4849853515625e-05",
        "cumulative": false
    },
    {
        "date": "2020-12-08T11:20:51.520Z",
        "value": "7.152557373046875e-05",
        "cumulative": false
    },
    {
        "date": "2020-12-08T11:20:53.464Z",
        "value": "6.937980651855469e-05",
        "cumulative": false
    },
    {
        "date": "2020-12-08T11:20:55.472Z",
        "value": "7.271766662597656e-05",
        "cumulative": false
    },
    {
        "date": "2020-12-08T11:20:57.552Z",
        "value": "9.298324584960938e-05",
        "cumulative": false
    },
    {
        "date": "2020-12-08T11:20:59.512Z",
        "value": "7.748603820800781e-05",
        "cumulative": false
    },
    {
        "date": "2020-12-08T11:21:01.520Z",
        "value": "7.104873657226562e-05",
        "cumulative": false
    },
    {
        "date": "2020-12-08T11:21:03.512Z",
        "value": "8.392333984375e-05",
        "cumulative": false
    },
    {
        "date": "2020-12-08T11:21:05.576Z",
        "value": "7.414817810058594e-05",
        "cumulative": false
    },
    {
        "date": "2020-12-08T11:21:07.591Z",
        "value": "7.367134094238281e-05",
        "cumulative": false
    },
    {
        "date": "2020-12-08T11:21:09.552Z",
        "value": "7.271766662597656e-05",
        "cumulative": false
    },
    {
        "date": "2020-12-08T11:21:11.581Z",
        "value": "7.033348083496094e-05",
        "cumulative": false
    },
    {
        "date": "2020-12-08T11:21:13.798Z",
        "value": "7.367134094238281e-05",
        "cumulative": false
    },
    {
        "date": "2020-12-08T11:21:15.811Z",
        "value": "7.915496826171875e-05",
        "cumulative": false
    },
    {
        "date": "2020-12-08T11:21:17.816Z",
        "value": "7.271766662597656e-05",
        "cumulative": false
    },
    {
        "date": "2020-12-08T11:21:19.904Z",
        "value": "6.890296936035156e-05",
        "cumulative": false
    },
    {
        "date": "2020-12-08T11:21:21.901Z",
        "value": "7.176399230957031e-05",
        "cumulative": false
    },
    {
        "date": "2020-12-08T11:21:23.977Z",
        "value": "6.890296936035156e-05",
        "cumulative": false
    },
    {
        "date": "2020-12-08T11:21:25.997Z",
        "value": "7.319450378417969e-05",
        "cumulative": false
    },
    {
        "date": "2020-12-08T11:21:27.970Z",
        "value": "7.104873657226562e-05",
        "cumulative": false
    },
    {
        "date": "2020-12-08T11:21:29.963Z",
        "value": "7.152557373046875e-05",
        "cumulative": false
    },
    {
        "date": "2020-12-08T11:21:31.980Z",
        "value": "7.224082946777344e-05",
        "cumulative": false
    },
    {
        "date": "2020-12-08T11:21:34.028Z",
        "value": "7.319450378417969e-05",
        "cumulative": false
    },
    {
        "date": "2020-12-08T11:21:36.074Z",
        "value": "7.367134094238281e-05",
        "cumulative": false
    },
    {
        "date": "2020-12-08T11:21:38.296Z",
        "value": "7.367134094238281e-05",
        "cumulative": false
    }
]