[
    {
        "date": "2020-12-08T11:20:37.525Z",
        "value": "2.601078987121582",
        "cumulative": false
    },
    {
        "date": "2020-12-08T11:20:39.516Z",
        "value": "0.2428274154663086",
        "cumulative": false
    },
    {
        "date": "2020-12-08T11:20:41.518Z",
        "value": "0.2594723701477051",
        "cumulative": false
    },
    {
        "date": "2020-12-08T11:20:43.551Z",
        "value": "0.2557213306427002",
        "cumulative": false
    },
    {
        "date": "2020-12-08T11:20:45.574Z",
        "value": "0.26212477684020996",
        "cumulative": false
    },
    {
        "date": "2020-12-08T11:20:47.542Z",
        "value": "0.24911165237426758",
        "cumulative": false
    },
    {
        "date": "2020-12-08T11:20:49.548Z",
        "value": "0.24796032905578613",
        "cumulative": false
    },
    {
        "date": "2020-12-08T11:20:51.528Z",
        "value": "0.23181557655334473",
        "cumulative": false
    },
    {
        "date": "2020-12-08T11:20:53.463Z",
        "value": "0.26374149322509766",
        "cumulative": false
    },
    {
        "date": "2020-12-08T11:20:55.479Z",
        "value": "0.25881004333496094",
        "cumulative": false
    },
    {
        "date": "2020-12-08T11:20:57.556Z",
        "value": "0.26775527000427246",
        "cumulative": false
    },
    {
        "date": "2020-12-08T11:20:59.517Z",
        "value": "0.2733438014984131",
        "cumulative": false
    },
    {
        "date": "2020-12-08T11:21:01.529Z",
        "value": "0.24767565727233887",
        "cumulative": false
    },
    {
        "date": "2020-12-08T11:21:03.523Z",
        "value": "0.24794673919677734",
        "cumulative": false
    },
    {
        "date": "2020-12-08T11:21:05.578Z",
        "value": "0.2703425884246826",
        "cumulative": false
    },
    {
        "date": "2020-12-08T11:21:07.595Z",
        "value": "0.27044010162353516",
        "cumulative": false
    },
    {
        "date": "2020-12-08T11:21:09.563Z",
        "value": "0.24933218955993652",
        "cumulative": false
    },
    {
        "date": "2020-12-08T11:21:11.579Z",
        "value": "0.26874589920043945",
        "cumulative": false
    },
    {
        "date": "2020-12-08T11:21:13.794Z",
        "value": "0.27493715286254883",
        "cumulative": false
    },
    {
        "date": "2020-12-08T11:21:15.814Z",
        "value": "0.269040584564209",
        "cumulative": false
    },
    {
        "date": "2020-12-08T11:21:17.815Z",
        "value": "0.25699305534362793",
        "cumulative": false
    },
    {
        "date": "2020-12-08T11:21:19.918Z",
        "value": "0.26381397247314453",
        "cumulative": false
    },
    {
        "date": "2020-12-08T11:21:21.900Z",
        "value": "0.2415604591369629",
        "cumulative": false
    },
    {
        "date": "2020-12-08T11:21:23.986Z",
        "value": "0.27138638496398926",
        "cumulative": false
    },
    {
        "date": "2020-12-08T11:21:25.994Z",
        "value": "0.2622194290161133",
        "cumulative": false
    },
    {
        "date": "2020-12-08T11:21:27.981Z",
        "value": "0.26217007637023926",
        "cumulative": false
    },
    {
        "date": "2020-12-08T11:21:29.965Z",
        "value": "0.23379898071289062",
        "cumulative": false
    },
    {
        "date": "2020-12-08T11:21:31.984Z",
        "value": "0.24865961074829102",
        "cumulative": false
    },
    {
        "date": "2020-12-08T11:21:34.037Z",
        "value": "0.250927209854126",
        "cumulative": false
    },
    {
        "date": "2020-12-08T11:21:36.063Z",
        "value": "0.259674072265625",
        "cumulative": false
    },
    {
        "date": "2020-12-08T11:21:38.298Z",
        "value": "0.26999855041503906",
        "cumulative": false
    }
]