[
    {
        "date": "2020-12-08T11:20:37.522Z",
        "value": "2.6304831504821777",
        "cumulative": false
    },
    {
        "date": "2020-12-08T11:20:39.513Z",
        "value": "0.7151148319244385",
        "cumulative": false
    },
    {
        "date": "2020-12-08T11:20:41.513Z",
        "value": "0.6876237392425537",
        "cumulative": false
    },
    {
        "date": "2020-12-08T11:20:43.549Z",
        "value": "0.76369309425354",
        "cumulative": false
    },
    {
        "date": "2020-12-08T11:20:45.586Z",
        "value": "0.6690611839294434",
        "cumulative": false
    },
    {
        "date": "2020-12-08T11:20:47.552Z",
        "value": "0.6215212345123291",
        "cumulative": false
    },
    {
        "date": "2020-12-08T11:20:49.552Z",
        "value": "0.6628706455230713",
        "cumulative": false
    },
    {
        "date": "2020-12-08T11:20:51.533Z",
        "value": "0.7290055751800537",
        "cumulative": false
    },
    {
        "date": "2020-12-08T11:20:53.479Z",
        "value": "0.641979455947876",
        "cumulative": false
    },
    {
        "date": "2020-12-08T11:20:55.478Z",
        "value": "0.6727097034454346",
        "cumulative": false
    },
    {
        "date": "2020-12-08T11:20:57.563Z",
        "value": "0.73545241355896",
        "cumulative": false
    },
    {
        "date": "2020-12-08T11:20:59.518Z",
        "value": "0.6658351421356201",
        "cumulative": false
    },
    {
        "date": "2020-12-08T11:21:01.531Z",
        "value": "0.7103543281555176",
        "cumulative": false
    },
    {
        "date": "2020-12-08T11:21:03.528Z",
        "value": "0.72615647315979",
        "cumulative": false
    },
    {
        "date": "2020-12-08T11:21:05.581Z",
        "value": "0.7376348972320557",
        "cumulative": false
    },
    {
        "date": "2020-12-08T11:21:07.596Z",
        "value": "0.7090950012207031",
        "cumulative": false
    },
    {
        "date": "2020-12-08T11:21:09.562Z",
        "value": "0.6804189682006836",
        "cumulative": false
    },
    {
        "date": "2020-12-08T11:21:11.580Z",
        "value": "0.6496262550354004",
        "cumulative": false
    },
    {
        "date": "2020-12-08T11:21:13.801Z",
        "value": "0.8796389102935791",
        "cumulative": false
    },
    {
        "date": "2020-12-08T11:21:15.818Z",
        "value": "0.690373420715332",
        "cumulative": false
    },
    {
        "date": "2020-12-08T11:21:17.818Z",
        "value": "0.7186441421508789",
        "cumulative": false
    },
    {
        "date": "2020-12-08T11:21:19.909Z",
        "value": "0.7671902179718018",
        "cumulative": false
    },
    {
        "date": "2020-12-08T11:21:21.902Z",
        "value": "0.6337969303131104",
        "cumulative": false
    },
    {
        "date": "2020-12-08T11:21:23.985Z",
        "value": "0.751943826675415",
        "cumulative": false
    },
    {
        "date": "2020-12-08T11:21:25.995Z",
        "value": "0.6942319869995117",
        "cumulative": false
    },
    {
        "date": "2020-12-08T11:21:27.985Z",
        "value": "0.7017767429351807",
        "cumulative": false
    },
    {
        "date": "2020-12-08T11:21:29.968Z",
        "value": "0.6881282329559326",
        "cumulative": false
    },
    {
        "date": "2020-12-08T11:21:31.987Z",
        "value": "0.6911389827728271",
        "cumulative": false
    },
    {
        "date": "2020-12-08T11:21:34.043Z",
        "value": "0.7373273372650146",
        "cumulative": false
    },
    {
        "date": "2020-12-08T11:21:36.063Z",
        "value": "0.7428278923034668",
        "cumulative": false
    },
    {
        "date": "2020-12-08T11:21:38.306Z",
        "value": "0.9301400184631348",
        "cumulative": false
    }
]