[
    {
        "date": "2020-12-08T11:20:37.519Z",
        "value": "2.5867278575897217",
        "cumulative": false
    },
    {
        "date": "2020-12-08T11:20:39.512Z",
        "value": "0.6039435863494873",
        "cumulative": false
    },
    {
        "date": "2020-12-08T11:20:41.523Z",
        "value": "0.6543967723846436",
        "cumulative": false
    },
    {
        "date": "2020-12-08T11:20:43.548Z",
        "value": "0.6859018802642822",
        "cumulative": false
    },
    {
        "date": "2020-12-08T11:20:45.576Z",
        "value": "0.6350541114807129",
        "cumulative": false
    },
    {
        "date": "2020-12-08T11:20:47.545Z",
        "value": "0.592423677444458",
        "cumulative": false
    },
    {
        "date": "2020-12-08T11:20:49.550Z",
        "value": "0.6911661624908447",
        "cumulative": false
    },
    {
        "date": "2020-12-08T11:20:51.527Z",
        "value": "0.6576642990112305",
        "cumulative": false
    },
    {
        "date": "2020-12-08T11:20:53.472Z",
        "value": "0.6022834777832031",
        "cumulative": false
    },
    {
        "date": "2020-12-08T11:20:55.475Z",
        "value": "0.6657025814056396",
        "cumulative": false
    },
    {
        "date": "2020-12-08T11:20:57.559Z",
        "value": "0.6855819225311279",
        "cumulative": false
    },
    {
        "date": "2020-12-08T11:20:59.518Z",
        "value": "0.6038506031036377",
        "cumulative": false
    },
    {
        "date": "2020-12-08T11:21:01.524Z",
        "value": "0.67399001121521",
        "cumulative": false
    },
    {
        "date": "2020-12-08T11:21:03.523Z",
        "value": "0.5888369083404541",
        "cumulative": false
    },
    {
        "date": "2020-12-08T11:21:05.588Z",
        "value": "0.7101535797119141",
        "cumulative": false
    },
    {
        "date": "2020-12-08T11:21:07.595Z",
        "value": "0.7022907733917236",
        "cumulative": false
    },
    {
        "date": "2020-12-08T11:21:09.559Z",
        "value": "0.6190969944000244",
        "cumulative": false
    },
    {
        "date": "2020-12-08T11:21:11.583Z",
        "value": "0.6484410762786865",
        "cumulative": false
    },
    {
        "date": "2020-12-08T11:21:13.796Z",
        "value": "0.8097209930419922",
        "cumulative": false
    },
    {
        "date": "2020-12-08T11:21:15.817Z",
        "value": "0.689018964767456",
        "cumulative": false
    },
    {
        "date": "2020-12-08T11:21:17.817Z",
        "value": "0.6784331798553467",
        "cumulative": false
    },
    {
        "date": "2020-12-08T11:21:19.907Z",
        "value": "0.7282392978668213",
        "cumulative": false
    },
    {
        "date": "2020-12-08T11:21:21.913Z",
        "value": "0.6418752670288086",
        "cumulative": false
    },
    {
        "date": "2020-12-08T11:21:23.984Z",
        "value": "0.7149710655212402",
        "cumulative": false
    },
    {
        "date": "2020-12-08T11:21:26.004Z",
        "value": "0.6703040599822998",
        "cumulative": false
    },
    {
        "date": "2020-12-08T11:21:27.987Z",
        "value": "0.5984160900115967",
        "cumulative": false
    },
    {
        "date": "2020-12-08T11:21:29.971Z",
        "value": "0.6727089881896973",
        "cumulative": false
    },
    {
        "date": "2020-12-08T11:21:31.992Z",
        "value": "0.6348681449890137",
        "cumulative": false
    },
    {
        "date": "2020-12-08T11:21:34.031Z",
        "value": "0.6895103454589844",
        "cumulative": false
    },
    {
        "date": "2020-12-08T11:21:36.066Z",
        "value": "0.7185690402984619",
        "cumulative": false
    },
    {
        "date": "2020-12-08T11:21:38.295Z",
        "value": "0.9098405838012695",
        "cumulative": false
    }
]