[
    {
        "date": "2020-12-08T11:20:37.511Z",
        "value": "0.06600260734558105",
        "cumulative": false
    },
    {
        "date": "2020-12-08T11:20:39.512Z",
        "value": "0.06514430046081543",
        "cumulative": false
    },
    {
        "date": "2020-12-08T11:20:41.511Z",
        "value": "0.0648956298828125",
        "cumulative": false
    },
    {
        "date": "2020-12-08T11:20:43.549Z",
        "value": "0.06783056259155273",
        "cumulative": false
    },
    {
        "date": "2020-12-08T11:20:45.571Z",
        "value": "0.06119704246520996",
        "cumulative": false
    },
    {
        "date": "2020-12-08T11:20:47.539Z",
        "value": "0.06834125518798828",
        "cumulative": false
    },
    {
        "date": "2020-12-08T11:20:49.544Z",
        "value": "0.06241273880004883",
        "cumulative": false
    },
    {
        "date": "2020-12-08T11:20:51.520Z",
        "value": "0.07440638542175293",
        "cumulative": false
    },
    {
        "date": "2020-12-08T11:20:53.464Z",
        "value": "0.06112551689147949",
        "cumulative": false
    },
    {
        "date": "2020-12-08T11:20:55.472Z",
        "value": "0.08139228820800781",
        "cumulative": false
    },
    {
        "date": "2020-12-08T11:20:57.552Z",
        "value": "0.06316566467285156",
        "cumulative": false
    },
    {
        "date": "2020-12-08T11:20:59.512Z",
        "value": "0.0616755485534668",
        "cumulative": false
    },
    {
        "date": "2020-12-08T11:21:01.520Z",
        "value": "0.07421040534973145",
        "cumulative": false
    },
    {
        "date": "2020-12-08T11:21:03.512Z",
        "value": "0.06026887893676758",
        "cumulative": false
    },
    {
        "date": "2020-12-08T11:21:05.576Z",
        "value": "0.06983017921447754",
        "cumulative": false
    },
    {
        "date": "2020-12-08T11:21:07.590Z",
        "value": "0.05729317665100098",
        "cumulative": false
    },
    {
        "date": "2020-12-08T11:21:09.552Z",
        "value": "0.06602668762207031",
        "cumulative": false
    },
    {
        "date": "2020-12-08T11:21:11.581Z",
        "value": "0.06799769401550293",
        "cumulative": false
    },
    {
        "date": "2020-12-08T11:21:13.797Z",
        "value": "0.06535220146179199",
        "cumulative": false
    },
    {
        "date": "2020-12-08T11:21:15.811Z",
        "value": "0.061205148696899414",
        "cumulative": false
    },
    {
        "date": "2020-12-08T11:21:17.816Z",
        "value": "0.06373476982116699",
        "cumulative": false
    },
    {
        "date": "2020-12-08T11:21:19.904Z",
        "value": "0.057004690170288086",
        "cumulative": false
    },
    {
        "date": "2020-12-08T11:21:21.901Z",
        "value": "0.06120610237121582",
        "cumulative": false
    },
    {
        "date": "2020-12-08T11:21:23.977Z",
        "value": "0.056355953216552734",
        "cumulative": false
    },
    {
        "date": "2020-12-08T11:21:25.996Z",
        "value": "0.06845593452453613",
        "cumulative": false
    },
    {
        "date": "2020-12-08T11:21:27.970Z",
        "value": "0.06572961807250977",
        "cumulative": false
    },
    {
        "date": "2020-12-08T11:21:29.963Z",
        "value": "0.062387704849243164",
        "cumulative": false
    },
    {
        "date": "2020-12-08T11:21:31.980Z",
        "value": "0.06051206588745117",
        "cumulative": false
    },
    {
        "date": "2020-12-08T11:21:34.028Z",
        "value": "0.06265807151794434",
        "cumulative": false
    },
    {
        "date": "2020-12-08T11:21:36.074Z",
        "value": "0.06591224670410156",
        "cumulative": false
    },
    {
        "date": "2020-12-08T11:21:38.296Z",
        "value": "0.06250476837158203",
        "cumulative": false
    }
]