[
    {
        "date": "2020-12-08T11:20:36.194Z",
        "value": "45.3125",
        "cumulative": false
    },
    {
        "date": "2020-12-08T11:20:38.198Z",
        "value": "85.9375",
        "cumulative": false
    },
    {
        "date": "2020-12-08T11:20:40.195Z",
        "value": "87.5",
        "cumulative": false
    },
    {
        "date": "2020-12-08T11:20:42.199Z",
        "value": "93.75",
        "cumulative": false
    },
    {
        "date": "2020-12-08T11:20:44.237Z",
        "value": "92.1875",
        "cumulative": false
    },
    {
        "date": "2020-12-08T11:20:46.231Z",
        "value": "92.96875",
        "cumulative": false
    },
    {
        "date": "2020-12-08T11:20:48.196Z",
        "value": "96.875",
        "cumulative": false
    },
    {
        "date": "2020-12-08T11:20:50.199Z",
        "value": "97.65625",
        "cumulative": false
    },
    {
        "date": "2020-12-08T11:20:52.155Z",
        "value": "95.3125",
        "cumulative": false
    },
    {
        "date": "2020-12-08T11:20:54.131Z",
        "value": "98.4375",
        "cumulative": false
    },
    {
        "date": "2020-12-08T11:20:56.198Z",
        "value": "97.65625",
        "cumulative": false
    },
    {
        "date": "2020-12-08T11:20:58.213Z",
        "value": "94.53125",
        "cumulative": false
    },
    {
        "date": "2020-12-08T11:21:00.142Z",
        "value": "98.4375",
        "cumulative": false
    },
    {
        "date": "2020-12-08T11:21:02.190Z",
        "value": "99.21875",
        "cumulative": false
    },
    {
        "date": "2020-12-08T11:21:04.212Z",
        "value": "96.875",
        "cumulative": false
    },
    {
        "date": "2020-12-08T11:21:06.251Z",
        "value": "98.4375",
        "cumulative": false
    },
    {
        "date": "2020-12-08T11:21:08.242Z",
        "value": "100.0",
        "cumulative": false
    },
    {
        "date": "2020-12-08T11:21:10.238Z",
        "value": "99.21875",
        "cumulative": false
    },
    {
        "date": "2020-12-08T11:21:12.295Z",
        "value": "99.21875",
        "cumulative": false
    },
    {
        "date": "2020-12-08T11:21:14.437Z",
        "value": "100.0",
        "cumulative": false
    },
    {
        "date": "2020-12-08T11:21:16.457Z",
        "value": "97.65625",
        "cumulative": false
    },
    {
        "date": "2020-12-08T11:21:18.498Z",
        "value": "98.4375",
        "cumulative": false
    },
    {
        "date": "2020-12-08T11:21:20.566Z",
        "value": "98.4375",
        "cumulative": false
    },
    {
        "date": "2020-12-08T11:21:22.649Z",
        "value": "98.4375",
        "cumulative": false
    },
    {
        "date": "2020-12-08T11:21:24.646Z",
        "value": "100.0",
        "cumulative": false
    },
    {
        "date": "2020-12-08T11:21:26.649Z",
        "value": "100.0",
        "cumulative": false
    },
    {
        "date": "2020-12-08T11:21:28.611Z",
        "value": "100.0",
        "cumulative": false
    },
    {
        "date": "2020-12-08T11:21:30.661Z",
        "value": "99.21875",
        "cumulative": false
    },
    {
        "date": "2020-12-08T11:21:32.658Z",
        "value": "100.0",
        "cumulative": false
    },
    {
        "date": "2020-12-08T11:21:34.731Z",
        "value": "97.65625",
        "cumulative": false
    },
    {
        "date": "2020-12-08T11:21:36.712Z",
        "value": "100.0",
        "cumulative": false
    }
]