[
    {
        "date": "2020-12-08T11:20:36.189Z",
        "value": "2.50980544090271",
        "cumulative": false
    },
    {
        "date": "2020-12-08T11:20:38.195Z",
        "value": "1.791263461112976",
        "cumulative": false
    },
    {
        "date": "2020-12-08T11:20:40.192Z",
        "value": "1.6409024000167847",
        "cumulative": false
    },
    {
        "date": "2020-12-08T11:20:42.197Z",
        "value": "1.430973768234253",
        "cumulative": false
    },
    {
        "date": "2020-12-08T11:20:44.235Z",
        "value": "1.3559507131576538",
        "cumulative": false
    },
    {
        "date": "2020-12-08T11:20:46.229Z",
        "value": "1.1811158657073975",
        "cumulative": false
    },
    {
        "date": "2020-12-08T11:20:48.193Z",
        "value": "1.1094940900802612",
        "cumulative": false
    },
    {
        "date": "2020-12-08T11:20:50.196Z",
        "value": "0.8818091154098511",
        "cumulative": false
    },
    {
        "date": "2020-12-08T11:20:52.152Z",
        "value": "0.8226423263549805",
        "cumulative": false
    },
    {
        "date": "2020-12-08T11:20:54.129Z",
        "value": "0.9058569669723511",
        "cumulative": false
    },
    {
        "date": "2020-12-08T11:20:56.196Z",
        "value": "0.768822193145752",
        "cumulative": false
    },
    {
        "date": "2020-12-08T11:20:58.221Z",
        "value": "0.6785571575164795",
        "cumulative": false
    },
    {
        "date": "2020-12-08T11:21:00.140Z",
        "value": "0.7186712026596069",
        "cumulative": false
    },
    {
        "date": "2020-12-08T11:21:02.187Z",
        "value": "0.5280048251152039",
        "cumulative": false
    },
    {
        "date": "2020-12-08T11:21:04.209Z",
        "value": "0.5614749789237976",
        "cumulative": false
    },
    {
        "date": "2020-12-08T11:21:06.248Z",
        "value": "0.676988422870636",
        "cumulative": false
    },
    {
        "date": "2020-12-08T11:21:08.240Z",
        "value": "0.6258520483970642",
        "cumulative": false
    },
    {
        "date": "2020-12-08T11:21:10.236Z",
        "value": "0.5027686953544617",
        "cumulative": false
    },
    {
        "date": "2020-12-08T11:21:12.293Z",
        "value": "0.5031195878982544",
        "cumulative": false
    },
    {
        "date": "2020-12-08T11:21:14.435Z",
        "value": "0.47055381536483765",
        "cumulative": false
    },
    {
        "date": "2020-12-08T11:21:16.455Z",
        "value": "0.41909435391426086",
        "cumulative": false
    },
    {
        "date": "2020-12-08T11:21:18.496Z",
        "value": "0.503845751285553",
        "cumulative": false
    },
    {
        "date": "2020-12-08T11:21:20.564Z",
        "value": "0.39468786120414734",
        "cumulative": false
    },
    {
        "date": "2020-12-08T11:21:22.646Z",
        "value": "0.5001435875892639",
        "cumulative": false
    },
    {
        "date": "2020-12-08T11:21:24.643Z",
        "value": "0.4610731601715088",
        "cumulative": false
    },
    {
        "date": "2020-12-08T11:21:26.646Z",
        "value": "0.4987763464450836",
        "cumulative": false
    },
    {
        "date": "2020-12-08T11:21:28.609Z",
        "value": "0.2840085029602051",
        "cumulative": false
    },
    {
        "date": "2020-12-08T11:21:30.658Z",
        "value": "0.6087865829467773",
        "cumulative": false
    },
    {
        "date": "2020-12-08T11:21:32.655Z",
        "value": "0.33387744426727295",
        "cumulative": false
    },
    {
        "date": "2020-12-08T11:21:34.728Z",
        "value": "0.4623934030532837",
        "cumulative": false
    },
    {
        "date": "2020-12-08T11:21:36.709Z",
        "value": "0.40802231431007385",
        "cumulative": false
    }
]