[
    {
        "date": "2020-12-08T11:20:36.187Z",
        "value": "7.03125",
        "cumulative": false
    },
    {
        "date": "2020-12-08T11:20:38.188Z",
        "value": "33.59375",
        "cumulative": false
    },
    {
        "date": "2020-12-08T11:20:40.188Z",
        "value": "43.75",
        "cumulative": false
    },
    {
        "date": "2020-12-08T11:20:42.192Z",
        "value": "48.4375",
        "cumulative": false
    },
    {
        "date": "2020-12-08T11:20:44.226Z",
        "value": "54.6875",
        "cumulative": false
    },
    {
        "date": "2020-12-08T11:20:46.224Z",
        "value": "60.9375",
        "cumulative": false
    },
    {
        "date": "2020-12-08T11:20:48.190Z",
        "value": "53.90625",
        "cumulative": false
    },
    {
        "date": "2020-12-08T11:20:50.192Z",
        "value": "59.375",
        "cumulative": false
    },
    {
        "date": "2020-12-08T11:20:52.149Z",
        "value": "66.40625",
        "cumulative": false
    },
    {
        "date": "2020-12-08T11:20:54.125Z",
        "value": "67.1875",
        "cumulative": false
    },
    {
        "date": "2020-12-08T11:20:56.192Z",
        "value": "67.1875",
        "cumulative": false
    },
    {
        "date": "2020-12-08T11:20:58.206Z",
        "value": "70.3125",
        "cumulative": false
    },
    {
        "date": "2020-12-08T11:21:00.136Z",
        "value": "75.0",
        "cumulative": false
    },
    {
        "date": "2020-12-08T11:21:02.183Z",
        "value": "73.4375",
        "cumulative": false
    },
    {
        "date": "2020-12-08T11:21:04.204Z",
        "value": "78.125",
        "cumulative": false
    },
    {
        "date": "2020-12-08T11:21:06.244Z",
        "value": "71.09375",
        "cumulative": false
    },
    {
        "date": "2020-12-08T11:21:08.235Z",
        "value": "72.65625",
        "cumulative": false
    },
    {
        "date": "2020-12-08T11:21:10.231Z",
        "value": "76.5625",
        "cumulative": false
    },
    {
        "date": "2020-12-08T11:21:12.288Z",
        "value": "82.8125",
        "cumulative": false
    },
    {
        "date": "2020-12-08T11:21:14.430Z",
        "value": "83.59375",
        "cumulative": false
    },
    {
        "date": "2020-12-08T11:21:16.445Z",
        "value": "75.78125",
        "cumulative": false
    },
    {
        "date": "2020-12-08T11:21:18.491Z",
        "value": "87.5",
        "cumulative": false
    },
    {
        "date": "2020-12-08T11:21:20.570Z",
        "value": "88.28125",
        "cumulative": false
    },
    {
        "date": "2020-12-08T11:21:22.642Z",
        "value": "83.59375",
        "cumulative": false
    },
    {
        "date": "2020-12-08T11:21:24.640Z",
        "value": "82.03125",
        "cumulative": false
    },
    {
        "date": "2020-12-08T11:21:26.642Z",
        "value": "80.46875",
        "cumulative": false
    },
    {
        "date": "2020-12-08T11:21:28.604Z",
        "value": "87.5",
        "cumulative": false
    },
    {
        "date": "2020-12-08T11:21:30.653Z",
        "value": "81.25",
        "cumulative": false
    },
    {
        "date": "2020-12-08T11:21:32.651Z",
        "value": "86.71875",
        "cumulative": false
    },
    {
        "date": "2020-12-08T11:21:34.724Z",
        "value": "85.9375",
        "cumulative": false
    },
    {
        "date": "2020-12-08T11:21:36.704Z",
        "value": "91.40625",
        "cumulative": false
    }
]