[
    {
        "date": "2020-12-08T11:20:37.523Z",
        "value": "0.06898045539855957",
        "cumulative": false
    },
    {
        "date": "2020-12-08T11:20:39.516Z",
        "value": "0.062079429626464844",
        "cumulative": false
    },
    {
        "date": "2020-12-08T11:20:41.518Z",
        "value": "0.06847000122070312",
        "cumulative": false
    },
    {
        "date": "2020-12-08T11:20:43.551Z",
        "value": "0.06522345542907715",
        "cumulative": false
    },
    {
        "date": "2020-12-08T11:20:45.574Z",
        "value": "0.06550264358520508",
        "cumulative": false
    },
    {
        "date": "2020-12-08T11:20:47.542Z",
        "value": "0.06272506713867188",
        "cumulative": false
    },
    {
        "date": "2020-12-08T11:20:49.548Z",
        "value": "0.056440114974975586",
        "cumulative": false
    },
    {
        "date": "2020-12-08T11:20:51.528Z",
        "value": "0.06725668907165527",
        "cumulative": false
    },
    {
        "date": "2020-12-08T11:20:53.463Z",
        "value": "0.06168818473815918",
        "cumulative": false
    },
    {
        "date": "2020-12-08T11:20:55.479Z",
        "value": "0.06903505325317383",
        "cumulative": false
    },
    {
        "date": "2020-12-08T11:20:57.555Z",
        "value": "0.07280707359313965",
        "cumulative": false
    },
    {
        "date": "2020-12-08T11:20:59.517Z",
        "value": "0.06691122055053711",
        "cumulative": false
    },
    {
        "date": "2020-12-08T11:21:01.529Z",
        "value": "0.06715965270996094",
        "cumulative": false
    },
    {
        "date": "2020-12-08T11:21:03.523Z",
        "value": "0.05698847770690918",
        "cumulative": false
    },
    {
        "date": "2020-12-08T11:21:05.578Z",
        "value": "0.0663900375366211",
        "cumulative": false
    },
    {
        "date": "2020-12-08T11:21:07.595Z",
        "value": "0.06130027770996094",
        "cumulative": false
    },
    {
        "date": "2020-12-08T11:21:09.563Z",
        "value": "0.05946969985961914",
        "cumulative": false
    },
    {
        "date": "2020-12-08T11:21:11.579Z",
        "value": "0.06064605712890625",
        "cumulative": false
    },
    {
        "date": "2020-12-08T11:21:13.794Z",
        "value": "0.07400250434875488",
        "cumulative": false
    },
    {
        "date": "2020-12-08T11:21:15.814Z",
        "value": "0.06633543968200684",
        "cumulative": false
    },
    {
        "date": "2020-12-08T11:21:17.815Z",
        "value": "0.06312084197998047",
        "cumulative": false
    },
    {
        "date": "2020-12-08T11:21:19.917Z",
        "value": "0.0690603256225586",
        "cumulative": false
    },
    {
        "date": "2020-12-08T11:21:21.900Z",
        "value": "0.06023263931274414",
        "cumulative": false
    },
    {
        "date": "2020-12-08T11:21:23.986Z",
        "value": "0.06050992012023926",
        "cumulative": false
    },
    {
        "date": "2020-12-08T11:21:25.994Z",
        "value": "0.06272149085998535",
        "cumulative": false
    },
    {
        "date": "2020-12-08T11:21:27.981Z",
        "value": "0.06424283981323242",
        "cumulative": false
    },
    {
        "date": "2020-12-08T11:21:29.965Z",
        "value": "0.058052778244018555",
        "cumulative": false
    },
    {
        "date": "2020-12-08T11:21:31.984Z",
        "value": "0.061571359634399414",
        "cumulative": false
    },
    {
        "date": "2020-12-08T11:21:34.037Z",
        "value": "0.0669717788696289",
        "cumulative": false
    },
    {
        "date": "2020-12-08T11:21:36.063Z",
        "value": "0.06702709197998047",
        "cumulative": false
    },
    {
        "date": "2020-12-08T11:21:38.298Z",
        "value": "0.07582402229309082",
        "cumulative": false
    }
]