[
    {
        "date": "2020-12-08T11:20:37.524Z",
        "value": "0.0063114166259765625",
        "cumulative": false
    },
    {
        "date": "2020-12-08T11:20:39.523Z",
        "value": "0.0058231353759765625",
        "cumulative": false
    },
    {
        "date": "2020-12-08T11:20:41.517Z",
        "value": "0.0056743621826171875",
        "cumulative": false
    },
    {
        "date": "2020-12-08T11:20:43.553Z",
        "value": "0.0055999755859375",
        "cumulative": false
    },
    {
        "date": "2020-12-08T11:20:45.582Z",
        "value": "0.005487680435180664",
        "cumulative": false
    },
    {
        "date": "2020-12-08T11:20:47.550Z",
        "value": "0.0057659149169921875",
        "cumulative": false
    },
    {
        "date": "2020-12-08T11:20:49.553Z",
        "value": "0.005894184112548828",
        "cumulative": false
    },
    {
        "date": "2020-12-08T11:20:51.533Z",
        "value": "0.0061452388763427734",
        "cumulative": false
    },
    {
        "date": "2020-12-08T11:20:53.471Z",
        "value": "0.005410432815551758",
        "cumulative": false
    },
    {
        "date": "2020-12-08T11:20:55.485Z",
        "value": "0.0058002471923828125",
        "cumulative": false
    },
    {
        "date": "2020-12-08T11:20:57.566Z",
        "value": "0.005677223205566406",
        "cumulative": false
    },
    {
        "date": "2020-12-08T11:20:59.524Z",
        "value": "0.005686044692993164",
        "cumulative": false
    },
    {
        "date": "2020-12-08T11:21:01.536Z",
        "value": "0.00595402717590332",
        "cumulative": false
    },
    {
        "date": "2020-12-08T11:21:03.531Z",
        "value": "0.006014108657836914",
        "cumulative": false
    },
    {
        "date": "2020-12-08T11:21:05.591Z",
        "value": "0.005872249603271484",
        "cumulative": false
    },
    {
        "date": "2020-12-08T11:21:07.601Z",
        "value": "0.0059015750885009766",
        "cumulative": false
    },
    {
        "date": "2020-12-08T11:21:09.561Z",
        "value": "0.005529165267944336",
        "cumulative": false
    },
    {
        "date": "2020-12-08T11:21:11.599Z",
        "value": "0.006217002868652344",
        "cumulative": false
    },
    {
        "date": "2020-12-08T11:21:13.800Z",
        "value": "0.005524158477783203",
        "cumulative": false
    },
    {
        "date": "2020-12-08T11:21:15.820Z",
        "value": "0.005830049514770508",
        "cumulative": false
    },
    {
        "date": "2020-12-08T11:21:17.828Z",
        "value": "0.005955696105957031",
        "cumulative": false
    },
    {
        "date": "2020-12-08T11:21:19.922Z",
        "value": "0.008294343948364258",
        "cumulative": false
    },
    {
        "date": "2020-12-08T11:21:21.907Z",
        "value": "0.006139039993286133",
        "cumulative": false
    },
    {
        "date": "2020-12-08T11:21:23.993Z",
        "value": "0.006022930145263672",
        "cumulative": false
    },
    {
        "date": "2020-12-08T11:21:26.005Z",
        "value": "0.006728172302246094",
        "cumulative": false
    },
    {
        "date": "2020-12-08T11:21:27.978Z",
        "value": "0.005354404449462891",
        "cumulative": false
    },
    {
        "date": "2020-12-08T11:21:29.980Z",
        "value": "0.005994319915771484",
        "cumulative": false
    },
    {
        "date": "2020-12-08T11:21:31.995Z",
        "value": "0.005301475524902344",
        "cumulative": false
    },
    {
        "date": "2020-12-08T11:21:34.050Z",
        "value": "0.005863189697265625",
        "cumulative": false
    },
    {
        "date": "2020-12-08T11:21:36.069Z",
        "value": "0.005647420883178711",
        "cumulative": false
    },
    {
        "date": "2020-12-08T11:21:38.302Z",
        "value": "0.006043672561645508",
        "cumulative": false
    }
]