[
    {
        "date": "2020-12-08T11:20:37.521Z",
        "value": "0.0048563480377197266",
        "cumulative": false
    },
    {
        "date": "2020-12-08T11:20:39.510Z",
        "value": "0.0047149658203125",
        "cumulative": false
    },
    {
        "date": "2020-12-08T11:20:41.510Z",
        "value": "0.00476837158203125",
        "cumulative": false
    },
    {
        "date": "2020-12-08T11:20:43.545Z",
        "value": "0.0045833587646484375",
        "cumulative": false
    },
    {
        "date": "2020-12-08T11:20:45.581Z",
        "value": "0.00484466552734375",
        "cumulative": false
    },
    {
        "date": "2020-12-08T11:20:47.547Z",
        "value": "0.0062007904052734375",
        "cumulative": false
    },
    {
        "date": "2020-12-08T11:20:49.554Z",
        "value": "0.004324436187744141",
        "cumulative": false
    },
    {
        "date": "2020-12-08T11:20:51.526Z",
        "value": "0.004586696624755859",
        "cumulative": false
    },
    {
        "date": "2020-12-08T11:20:53.462Z",
        "value": "0.005391597747802734",
        "cumulative": false
    },
    {
        "date": "2020-12-08T11:20:55.478Z",
        "value": "0.004749774932861328",
        "cumulative": false
    },
    {
        "date": "2020-12-08T11:20:57.554Z",
        "value": "0.005173683166503906",
        "cumulative": false
    },
    {
        "date": "2020-12-08T11:20:59.514Z",
        "value": "0.004362821578979492",
        "cumulative": false
    },
    {
        "date": "2020-12-08T11:21:01.526Z",
        "value": "0.00458526611328125",
        "cumulative": false
    },
    {
        "date": "2020-12-08T11:21:03.521Z",
        "value": "0.005796909332275391",
        "cumulative": false
    },
    {
        "date": "2020-12-08T11:21:05.577Z",
        "value": "0.00481414794921875",
        "cumulative": false
    },
    {
        "date": "2020-12-08T11:21:07.595Z",
        "value": "0.004921436309814453",
        "cumulative": false
    },
    {
        "date": "2020-12-08T11:21:09.559Z",
        "value": "0.005311727523803711",
        "cumulative": false
    },
    {
        "date": "2020-12-08T11:21:11.579Z",
        "value": "0.004484653472900391",
        "cumulative": false
    },
    {
        "date": "2020-12-08T11:21:13.794Z",
        "value": "0.004373311996459961",
        "cumulative": false
    },
    {
        "date": "2020-12-08T11:21:15.821Z",
        "value": "0.00477910041809082",
        "cumulative": false
    },
    {
        "date": "2020-12-08T11:21:17.815Z",
        "value": "0.005254507064819336",
        "cumulative": false
    },
    {
        "date": "2020-12-08T11:21:19.911Z",
        "value": "0.004687786102294922",
        "cumulative": false
    },
    {
        "date": "2020-12-08T11:21:21.909Z",
        "value": "0.004658937454223633",
        "cumulative": false
    },
    {
        "date": "2020-12-08T11:21:23.986Z",
        "value": "0.005197286605834961",
        "cumulative": false
    },
    {
        "date": "2020-12-08T11:21:25.994Z",
        "value": "0.005421876907348633",
        "cumulative": false
    },
    {
        "date": "2020-12-08T11:21:27.988Z",
        "value": "0.005847930908203125",
        "cumulative": false
    },
    {
        "date": "2020-12-08T11:21:29.968Z",
        "value": "0.00521087646484375",
        "cumulative": false
    },
    {
        "date": "2020-12-08T11:21:31.985Z",
        "value": "0.00534367561340332",
        "cumulative": false
    },
    {
        "date": "2020-12-08T11:21:34.040Z",
        "value": "0.0054666996002197266",
        "cumulative": false
    },
    {
        "date": "2020-12-08T11:21:36.069Z",
        "value": "0.005352020263671875",
        "cumulative": false
    },
    {
        "date": "2020-12-08T11:21:38.294Z",
        "value": "0.004981040954589844",
        "cumulative": false
    }
]