[
    {
        "date": "2020-12-08T11:20:37.516Z",
        "value": "2.5353236198425293",
        "cumulative": false
    },
    {
        "date": "2020-12-08T11:20:39.508Z",
        "value": "0.616666316986084",
        "cumulative": false
    },
    {
        "date": "2020-12-08T11:20:41.513Z",
        "value": "0.6091763973236084",
        "cumulative": false
    },
    {
        "date": "2020-12-08T11:20:43.545Z",
        "value": "0.6545417308807373",
        "cumulative": false
    },
    {
        "date": "2020-12-08T11:20:45.578Z",
        "value": "0.6372764110565186",
        "cumulative": false
    },
    {
        "date": "2020-12-08T11:20:47.543Z",
        "value": "0.6003549098968506",
        "cumulative": false
    },
    {
        "date": "2020-12-08T11:20:49.551Z",
        "value": "0.683319091796875",
        "cumulative": false
    },
    {
        "date": "2020-12-08T11:20:51.526Z",
        "value": "0.6765367984771729",
        "cumulative": false
    },
    {
        "date": "2020-12-08T11:20:53.470Z",
        "value": "0.6221010684967041",
        "cumulative": false
    },
    {
        "date": "2020-12-08T11:20:55.476Z",
        "value": "0.6620807647705078",
        "cumulative": false
    },
    {
        "date": "2020-12-08T11:20:57.561Z",
        "value": "0.5896964073181152",
        "cumulative": false
    },
    {
        "date": "2020-12-08T11:20:59.511Z",
        "value": "0.5966284275054932",
        "cumulative": false
    },
    {
        "date": "2020-12-08T11:21:01.523Z",
        "value": "0.6935980319976807",
        "cumulative": false
    },
    {
        "date": "2020-12-08T11:21:03.521Z",
        "value": "0.6105256080627441",
        "cumulative": false
    },
    {
        "date": "2020-12-08T11:21:05.574Z",
        "value": "0.696758508682251",
        "cumulative": false
    },
    {
        "date": "2020-12-08T11:21:07.598Z",
        "value": "0.683476448059082",
        "cumulative": false
    },
    {
        "date": "2020-12-08T11:21:09.559Z",
        "value": "0.607337236404419",
        "cumulative": false
    },
    {
        "date": "2020-12-08T11:21:11.581Z",
        "value": "0.6490919589996338",
        "cumulative": false
    },
    {
        "date": "2020-12-08T11:21:13.790Z",
        "value": "0.8363451957702637",
        "cumulative": false
    },
    {
        "date": "2020-12-08T11:21:15.815Z",
        "value": "0.663424015045166",
        "cumulative": false
    },
    {
        "date": "2020-12-08T11:21:17.817Z",
        "value": "0.6710989475250244",
        "cumulative": false
    },
    {
        "date": "2020-12-08T11:21:19.904Z",
        "value": "0.7767989635467529",
        "cumulative": false
    },
    {
        "date": "2020-12-08T11:21:21.901Z",
        "value": "0.6478815078735352",
        "cumulative": false
    },
    {
        "date": "2020-12-08T11:21:23.983Z",
        "value": "0.7266519069671631",
        "cumulative": false
    },
    {
        "date": "2020-12-08T11:21:25.990Z",
        "value": "0.6910805702209473",
        "cumulative": false
    },
    {
        "date": "2020-12-08T11:21:27.981Z",
        "value": "0.6302988529205322",
        "cumulative": false
    },
    {
        "date": "2020-12-08T11:21:29.969Z",
        "value": "0.6459825038909912",
        "cumulative": false
    },
    {
        "date": "2020-12-08T11:21:31.982Z",
        "value": "0.638460636138916",
        "cumulative": false
    },
    {
        "date": "2020-12-08T11:21:34.033Z",
        "value": "0.6455001831054688",
        "cumulative": false
    },
    {
        "date": "2020-12-08T11:21:36.061Z",
        "value": "0.687908411026001",
        "cumulative": false
    },
    {
        "date": "2020-12-08T11:21:38.292Z",
        "value": "0.9056010246276855",
        "cumulative": false
    }
]