[
    {
        "date": "2020-12-08T11:20:37.517Z",
        "value": "2.3963937759399414",
        "cumulative": false
    },
    {
        "date": "2020-12-08T11:20:39.505Z",
        "value": "0.20271873474121094",
        "cumulative": false
    },
    {
        "date": "2020-12-08T11:20:41.505Z",
        "value": "0.2234663963317871",
        "cumulative": false
    },
    {
        "date": "2020-12-08T11:20:43.544Z",
        "value": "0.22588634490966797",
        "cumulative": false
    },
    {
        "date": "2020-12-08T11:20:45.566Z",
        "value": "0.20580220222473145",
        "cumulative": false
    },
    {
        "date": "2020-12-08T11:20:47.534Z",
        "value": "0.20241308212280273",
        "cumulative": false
    },
    {
        "date": "2020-12-08T11:20:49.542Z",
        "value": "0.21543097496032715",
        "cumulative": false
    },
    {
        "date": "2020-12-08T11:20:51.517Z",
        "value": "0.2161579132080078",
        "cumulative": false
    },
    {
        "date": "2020-12-08T11:20:53.460Z",
        "value": "0.2220134735107422",
        "cumulative": false
    },
    {
        "date": "2020-12-08T11:20:55.476Z",
        "value": "0.21273207664489746",
        "cumulative": false
    },
    {
        "date": "2020-12-08T11:20:57.555Z",
        "value": "0.21674680709838867",
        "cumulative": false
    },
    {
        "date": "2020-12-08T11:20:59.509Z",
        "value": "0.22606539726257324",
        "cumulative": false
    },
    {
        "date": "2020-12-08T11:21:01.525Z",
        "value": "0.23848223686218262",
        "cumulative": false
    },
    {
        "date": "2020-12-08T11:21:03.514Z",
        "value": "0.21879982948303223",
        "cumulative": false
    },
    {
        "date": "2020-12-08T11:21:05.573Z",
        "value": "0.22336292266845703",
        "cumulative": false
    },
    {
        "date": "2020-12-08T11:21:07.593Z",
        "value": "0.21654033660888672",
        "cumulative": false
    },
    {
        "date": "2020-12-08T11:21:09.550Z",
        "value": "0.2108745574951172",
        "cumulative": false
    },
    {
        "date": "2020-12-08T11:21:11.573Z",
        "value": "0.23473620414733887",
        "cumulative": false
    },
    {
        "date": "2020-12-08T11:21:13.786Z",
        "value": "0.2053072452545166",
        "cumulative": false
    },
    {
        "date": "2020-12-08T11:21:15.815Z",
        "value": "0.22762751579284668",
        "cumulative": false
    },
    {
        "date": "2020-12-08T11:21:17.807Z",
        "value": "0.22117257118225098",
        "cumulative": false
    },
    {
        "date": "2020-12-08T11:21:19.909Z",
        "value": "0.21433401107788086",
        "cumulative": false
    },
    {
        "date": "2020-12-08T11:21:21.895Z",
        "value": "0.22025489807128906",
        "cumulative": false
    },
    {
        "date": "2020-12-08T11:21:23.973Z",
        "value": "0.22405505180358887",
        "cumulative": false
    },
    {
        "date": "2020-12-08T11:21:25.996Z",
        "value": "0.22409963607788086",
        "cumulative": false
    },
    {
        "date": "2020-12-08T11:21:27.967Z",
        "value": "0.21393609046936035",
        "cumulative": false
    },
    {
        "date": "2020-12-08T11:21:29.958Z",
        "value": "0.21323752403259277",
        "cumulative": false
    },
    {
        "date": "2020-12-08T11:21:31.977Z",
        "value": "0.21147942543029785",
        "cumulative": false
    },
    {
        "date": "2020-12-08T11:21:34.022Z",
        "value": "0.21224737167358398",
        "cumulative": false
    },
    {
        "date": "2020-12-08T11:21:36.055Z",
        "value": "0.22112679481506348",
        "cumulative": false
    },
    {
        "date": "2020-12-08T11:21:38.286Z",
        "value": "0.21524429321289062",
        "cumulative": false
    }
]