[
    {
        "date": "2020-12-08T11:20:36.189Z",
        "value": "2.4456722736358643",
        "cumulative": false
    },
    {
        "date": "2020-12-08T11:20:38.192Z",
        "value": "1.810019612312317",
        "cumulative": false
    },
    {
        "date": "2020-12-08T11:20:40.192Z",
        "value": "1.4483789205551147",
        "cumulative": false
    },
    {
        "date": "2020-12-08T11:20:42.197Z",
        "value": "1.2875374555587769",
        "cumulative": false
    },
    {
        "date": "2020-12-08T11:20:44.231Z",
        "value": "1.2365381717681885",
        "cumulative": false
    },
    {
        "date": "2020-12-08T11:20:46.228Z",
        "value": "1.0547229051589966",
        "cumulative": false
    },
    {
        "date": "2020-12-08T11:20:48.193Z",
        "value": "1.0924228429794312",
        "cumulative": false
    },
    {
        "date": "2020-12-08T11:20:50.197Z",
        "value": "0.892376184463501",
        "cumulative": false
    },
    {
        "date": "2020-12-08T11:20:52.152Z",
        "value": "0.8584699034690857",
        "cumulative": false
    },
    {
        "date": "2020-12-08T11:20:54.129Z",
        "value": "0.9857247471809387",
        "cumulative": false
    },
    {
        "date": "2020-12-08T11:20:56.196Z",
        "value": "0.8413568139076233",
        "cumulative": false
    },
    {
        "date": "2020-12-08T11:20:58.211Z",
        "value": "0.6942647695541382",
        "cumulative": false
    },
    {
        "date": "2020-12-08T11:21:00.140Z",
        "value": "0.7152994275093079",
        "cumulative": false
    },
    {
        "date": "2020-12-08T11:21:02.188Z",
        "value": "0.6155844330787659",
        "cumulative": false
    },
    {
        "date": "2020-12-08T11:21:04.209Z",
        "value": "0.5634384155273438",
        "cumulative": false
    },
    {
        "date": "2020-12-08T11:21:06.248Z",
        "value": "0.6801955103874207",
        "cumulative": false
    },
    {
        "date": "2020-12-08T11:21:08.239Z",
        "value": "0.6580197811126709",
        "cumulative": false
    },
    {
        "date": "2020-12-08T11:21:10.236Z",
        "value": "0.7386949062347412",
        "cumulative": false
    },
    {
        "date": "2020-12-08T11:21:12.293Z",
        "value": "0.5212968587875366",
        "cumulative": false
    },
    {
        "date": "2020-12-08T11:21:14.435Z",
        "value": "0.5575717687606812",
        "cumulative": false
    },
    {
        "date": "2020-12-08T11:21:16.449Z",
        "value": "0.5186832547187805",
        "cumulative": false
    },
    {
        "date": "2020-12-08T11:21:18.496Z",
        "value": "0.5345529913902283",
        "cumulative": false
    },
    {
        "date": "2020-12-08T11:21:20.564Z",
        "value": "0.6368215680122375",
        "cumulative": false
    },
    {
        "date": "2020-12-08T11:21:22.645Z",
        "value": "0.5113410949707031",
        "cumulative": false
    },
    {
        "date": "2020-12-08T11:21:24.635Z",
        "value": "0.41583895683288574",
        "cumulative": false
    },
    {
        "date": "2020-12-08T11:21:26.647Z",
        "value": "0.4369679391384125",
        "cumulative": false
    },
    {
        "date": "2020-12-08T11:21:28.609Z",
        "value": "0.4620822072029114",
        "cumulative": false
    },
    {
        "date": "2020-12-08T11:21:30.658Z",
        "value": "0.4745778441429138",
        "cumulative": false
    },
    {
        "date": "2020-12-08T11:21:32.654Z",
        "value": "0.3748587369918823",
        "cumulative": false
    },
    {
        "date": "2020-12-08T11:21:34.728Z",
        "value": "0.5047871470451355",
        "cumulative": false
    },
    {
        "date": "2020-12-08T11:21:36.709Z",
        "value": "0.5200186967849731",
        "cumulative": false
    }
]