[
    {
        "date": "2020-12-08T11:20:37.519Z",
        "value": "0.0061130523681640625",
        "cumulative": false
    },
    {
        "date": "2020-12-08T11:20:39.512Z",
        "value": "0.006200075149536133",
        "cumulative": false
    },
    {
        "date": "2020-12-08T11:20:41.523Z",
        "value": "0.005618095397949219",
        "cumulative": false
    },
    {
        "date": "2020-12-08T11:20:43.548Z",
        "value": "0.005831241607666016",
        "cumulative": false
    },
    {
        "date": "2020-12-08T11:20:45.576Z",
        "value": "0.006227731704711914",
        "cumulative": false
    },
    {
        "date": "2020-12-08T11:20:47.545Z",
        "value": "0.006218433380126953",
        "cumulative": false
    },
    {
        "date": "2020-12-08T11:20:49.550Z",
        "value": "0.005406379699707031",
        "cumulative": false
    },
    {
        "date": "2020-12-08T11:20:51.527Z",
        "value": "0.005635976791381836",
        "cumulative": false
    },
    {
        "date": "2020-12-08T11:20:53.471Z",
        "value": "0.0063629150390625",
        "cumulative": false
    },
    {
        "date": "2020-12-08T11:20:55.475Z",
        "value": "0.006000518798828125",
        "cumulative": false
    },
    {
        "date": "2020-12-08T11:20:57.559Z",
        "value": "0.006150484085083008",
        "cumulative": false
    },
    {
        "date": "2020-12-08T11:20:59.518Z",
        "value": "0.008514404296875",
        "cumulative": false
    },
    {
        "date": "2020-12-08T11:21:01.524Z",
        "value": "0.006307125091552734",
        "cumulative": false
    },
    {
        "date": "2020-12-08T11:21:03.523Z",
        "value": "0.006382942199707031",
        "cumulative": false
    },
    {
        "date": "2020-12-08T11:21:05.588Z",
        "value": "0.0057451725006103516",
        "cumulative": false
    },
    {
        "date": "2020-12-08T11:21:07.595Z",
        "value": "0.005823612213134766",
        "cumulative": false
    },
    {
        "date": "2020-12-08T11:21:09.559Z",
        "value": "0.005882740020751953",
        "cumulative": false
    },
    {
        "date": "2020-12-08T11:21:11.583Z",
        "value": "0.006131172180175781",
        "cumulative": false
    },
    {
        "date": "2020-12-08T11:21:13.796Z",
        "value": "0.0053904056549072266",
        "cumulative": false
    },
    {
        "date": "2020-12-08T11:21:15.817Z",
        "value": "0.00579833984375",
        "cumulative": false
    },
    {
        "date": "2020-12-08T11:21:17.817Z",
        "value": "0.006063938140869141",
        "cumulative": false
    },
    {
        "date": "2020-12-08T11:21:19.907Z",
        "value": "0.00584864616394043",
        "cumulative": false
    },
    {
        "date": "2020-12-08T11:21:21.913Z",
        "value": "0.005319833755493164",
        "cumulative": false
    },
    {
        "date": "2020-12-08T11:21:23.984Z",
        "value": "0.005720615386962891",
        "cumulative": false
    },
    {
        "date": "2020-12-08T11:21:26.004Z",
        "value": "0.0057294368743896484",
        "cumulative": false
    },
    {
        "date": "2020-12-08T11:21:27.987Z",
        "value": "0.005730390548706055",
        "cumulative": false
    },
    {
        "date": "2020-12-08T11:21:29.971Z",
        "value": "0.0059087276458740234",
        "cumulative": false
    },
    {
        "date": "2020-12-08T11:21:31.992Z",
        "value": "0.005843400955200195",
        "cumulative": false
    },
    {
        "date": "2020-12-08T11:21:34.031Z",
        "value": "0.0056874752044677734",
        "cumulative": false
    },
    {
        "date": "2020-12-08T11:21:36.066Z",
        "value": "0.005678653717041016",
        "cumulative": false
    },
    {
        "date": "2020-12-08T11:21:38.295Z",
        "value": "0.005541086196899414",
        "cumulative": false
    }
]