[
    {
        "date": "2020-12-08T11:20:37.518Z",
        "value": "9.799003601074219e-05",
        "cumulative": false
    },
    {
        "date": "2020-12-08T11:20:39.513Z",
        "value": "7.2479248046875e-05",
        "cumulative": false
    },
    {
        "date": "2020-12-08T11:20:41.507Z",
        "value": "9.274482727050781e-05",
        "cumulative": false
    },
    {
        "date": "2020-12-08T11:20:43.542Z",
        "value": "7.009506225585938e-05",
        "cumulative": false
    },
    {
        "date": "2020-12-08T11:20:45.577Z",
        "value": "8.797645568847656e-05",
        "cumulative": false
    },
    {
        "date": "2020-12-08T11:20:47.547Z",
        "value": "6.651878356933594e-05",
        "cumulative": false
    },
    {
        "date": "2020-12-08T11:20:49.549Z",
        "value": "6.937980651855469e-05",
        "cumulative": false
    },
    {
        "date": "2020-12-08T11:20:51.535Z",
        "value": "6.651878356933594e-05",
        "cumulative": false
    },
    {
        "date": "2020-12-08T11:20:53.462Z",
        "value": "6.818771362304688e-05",
        "cumulative": false
    },
    {
        "date": "2020-12-08T11:20:55.470Z",
        "value": "6.985664367675781e-05",
        "cumulative": false
    },
    {
        "date": "2020-12-08T11:20:57.553Z",
        "value": "6.508827209472656e-05",
        "cumulative": false
    },
    {
        "date": "2020-12-08T11:20:59.519Z",
        "value": "6.699562072753906e-05",
        "cumulative": false
    },
    {
        "date": "2020-12-08T11:21:01.522Z",
        "value": "9.107589721679688e-05",
        "cumulative": false
    },
    {
        "date": "2020-12-08T11:21:03.512Z",
        "value": "8.7738037109375e-05",
        "cumulative": false
    },
    {
        "date": "2020-12-08T11:21:05.578Z",
        "value": "8.749961853027344e-05",
        "cumulative": false
    },
    {
        "date": "2020-12-08T11:21:07.590Z",
        "value": "8.106231689453125e-05",
        "cumulative": false
    },
    {
        "date": "2020-12-08T11:21:09.554Z",
        "value": "6.866455078125e-05",
        "cumulative": false
    },
    {
        "date": "2020-12-08T11:21:11.574Z",
        "value": "8.726119995117188e-05",
        "cumulative": false
    },
    {
        "date": "2020-12-08T11:21:13.791Z",
        "value": "7.224082946777344e-05",
        "cumulative": false
    },
    {
        "date": "2020-12-08T11:21:15.814Z",
        "value": "0.00011420249938964844",
        "cumulative": false
    },
    {
        "date": "2020-12-08T11:21:17.810Z",
        "value": "6.961822509765625e-05",
        "cumulative": false
    },
    {
        "date": "2020-12-08T11:21:19.910Z",
        "value": "7.224082946777344e-05",
        "cumulative": false
    },
    {
        "date": "2020-12-08T11:21:21.902Z",
        "value": "6.532669067382812e-05",
        "cumulative": false
    },
    {
        "date": "2020-12-08T11:21:23.978Z",
        "value": "9.131431579589844e-05",
        "cumulative": false
    },
    {
        "date": "2020-12-08T11:21:25.990Z",
        "value": "6.67572021484375e-05",
        "cumulative": false
    },
    {
        "date": "2020-12-08T11:21:27.979Z",
        "value": "6.747245788574219e-05",
        "cumulative": false
    },
    {
        "date": "2020-12-08T11:21:29.973Z",
        "value": "6.914138793945312e-05",
        "cumulative": false
    },
    {
        "date": "2020-12-08T11:21:31.988Z",
        "value": "6.628036499023438e-05",
        "cumulative": false
    },
    {
        "date": "2020-12-08T11:21:34.033Z",
        "value": "6.866455078125e-05",
        "cumulative": false
    },
    {
        "date": "2020-12-08T11:21:36.061Z",
        "value": "0.00010085105895996094",
        "cumulative": false
    },
    {
        "date": "2020-12-08T11:21:38.293Z",
        "value": "6.532669067382812e-05",
        "cumulative": false
    }
]