[
    {
        "date": "2020-12-08T11:20:37.519Z",
        "value": "0.006549835205078125",
        "cumulative": false
    },
    {
        "date": "2020-12-08T11:20:39.512Z",
        "value": "0.005655527114868164",
        "cumulative": false
    },
    {
        "date": "2020-12-08T11:20:41.512Z",
        "value": "0.0057675838470458984",
        "cumulative": false
    },
    {
        "date": "2020-12-08T11:20:43.552Z",
        "value": "0.005945444107055664",
        "cumulative": false
    },
    {
        "date": "2020-12-08T11:20:45.579Z",
        "value": "0.005548000335693359",
        "cumulative": false
    },
    {
        "date": "2020-12-08T11:20:47.544Z",
        "value": "0.005922555923461914",
        "cumulative": false
    },
    {
        "date": "2020-12-08T11:20:49.557Z",
        "value": "0.005504131317138672",
        "cumulative": false
    },
    {
        "date": "2020-12-08T11:20:51.527Z",
        "value": "0.00557708740234375",
        "cumulative": false
    },
    {
        "date": "2020-12-08T11:20:53.469Z",
        "value": "0.005750417709350586",
        "cumulative": false
    },
    {
        "date": "2020-12-08T11:20:55.483Z",
        "value": "0.016631603240966797",
        "cumulative": false
    },
    {
        "date": "2020-12-08T11:20:57.557Z",
        "value": "0.0059337615966796875",
        "cumulative": false
    },
    {
        "date": "2020-12-08T11:20:59.530Z",
        "value": "0.005612611770629883",
        "cumulative": false
    },
    {
        "date": "2020-12-08T11:21:01.526Z",
        "value": "0.005959272384643555",
        "cumulative": false
    },
    {
        "date": "2020-12-08T11:21:03.523Z",
        "value": "0.006002187728881836",
        "cumulative": false
    },
    {
        "date": "2020-12-08T11:21:05.580Z",
        "value": "0.005933284759521484",
        "cumulative": false
    },
    {
        "date": "2020-12-08T11:21:07.595Z",
        "value": "0.0056896209716796875",
        "cumulative": false
    },
    {
        "date": "2020-12-08T11:21:09.559Z",
        "value": "0.006110429763793945",
        "cumulative": false
    },
    {
        "date": "2020-12-08T11:21:11.580Z",
        "value": "0.005685329437255859",
        "cumulative": false
    },
    {
        "date": "2020-12-08T11:21:13.796Z",
        "value": "0.00542759895324707",
        "cumulative": false
    },
    {
        "date": "2020-12-08T11:21:15.820Z",
        "value": "0.006463050842285156",
        "cumulative": false
    },
    {
        "date": "2020-12-08T11:21:17.819Z",
        "value": "0.0060918331146240234",
        "cumulative": false
    },
    {
        "date": "2020-12-08T11:21:19.913Z",
        "value": "0.006071805953979492",
        "cumulative": false
    },
    {
        "date": "2020-12-08T11:21:21.904Z",
        "value": "0.0061380863189697266",
        "cumulative": false
    },
    {
        "date": "2020-12-08T11:21:23.986Z",
        "value": "0.005890846252441406",
        "cumulative": false
    },
    {
        "date": "2020-12-08T11:21:25.996Z",
        "value": "0.0054934024810791016",
        "cumulative": false
    },
    {
        "date": "2020-12-08T11:21:27.983Z",
        "value": "0.0061185359954833984",
        "cumulative": false
    },
    {
        "date": "2020-12-08T11:21:29.971Z",
        "value": "0.006026268005371094",
        "cumulative": false
    },
    {
        "date": "2020-12-08T11:21:31.986Z",
        "value": "0.005697011947631836",
        "cumulative": false
    },
    {
        "date": "2020-12-08T11:21:34.041Z",
        "value": "0.005919218063354492",
        "cumulative": false
    },
    {
        "date": "2020-12-08T11:21:36.070Z",
        "value": "0.005909442901611328",
        "cumulative": false
    },
    {
        "date": "2020-12-08T11:21:38.296Z",
        "value": "0.006732463836669922",
        "cumulative": false
    }
]