[
    {
        "date": "2020-12-08T11:20:37.511Z",
        "value": "2.305159091949463",
        "cumulative": false
    },
    {
        "date": "2020-12-08T11:20:39.503Z",
        "value": "0.21641945838928223",
        "cumulative": false
    },
    {
        "date": "2020-12-08T11:20:41.507Z",
        "value": "0.2432253360748291",
        "cumulative": false
    },
    {
        "date": "2020-12-08T11:20:43.540Z",
        "value": "0.22457265853881836",
        "cumulative": false
    },
    {
        "date": "2020-12-08T11:20:45.567Z",
        "value": "0.23317193984985352",
        "cumulative": false
    },
    {
        "date": "2020-12-08T11:20:47.536Z",
        "value": "0.21804213523864746",
        "cumulative": false
    },
    {
        "date": "2020-12-08T11:20:49.543Z",
        "value": "0.21169638633728027",
        "cumulative": false
    },
    {
        "date": "2020-12-08T11:20:51.519Z",
        "value": "0.22878694534301758",
        "cumulative": false
    },
    {
        "date": "2020-12-08T11:20:53.458Z",
        "value": "0.23633885383605957",
        "cumulative": false
    },
    {
        "date": "2020-12-08T11:20:55.468Z",
        "value": "0.2476797103881836",
        "cumulative": false
    },
    {
        "date": "2020-12-08T11:20:57.563Z",
        "value": "0.24522614479064941",
        "cumulative": false
    },
    {
        "date": "2020-12-08T11:20:59.516Z",
        "value": "0.23549556732177734",
        "cumulative": false
    },
    {
        "date": "2020-12-08T11:21:01.530Z",
        "value": "0.24731993675231934",
        "cumulative": false
    },
    {
        "date": "2020-12-08T11:21:03.512Z",
        "value": "0.2619290351867676",
        "cumulative": false
    },
    {
        "date": "2020-12-08T11:21:05.585Z",
        "value": "0.22815728187561035",
        "cumulative": false
    },
    {
        "date": "2020-12-08T11:21:07.596Z",
        "value": "0.23436284065246582",
        "cumulative": false
    },
    {
        "date": "2020-12-08T11:21:09.554Z",
        "value": "0.21660876274108887",
        "cumulative": false
    },
    {
        "date": "2020-12-08T11:21:11.575Z",
        "value": "0.24361848831176758",
        "cumulative": false
    },
    {
        "date": "2020-12-08T11:21:13.794Z",
        "value": "0.23855066299438477",
        "cumulative": false
    },
    {
        "date": "2020-12-08T11:21:15.810Z",
        "value": "0.2570798397064209",
        "cumulative": false
    },
    {
        "date": "2020-12-08T11:21:17.823Z",
        "value": "0.27315258979797363",
        "cumulative": false
    },
    {
        "date": "2020-12-08T11:21:19.901Z",
        "value": "0.24843788146972656",
        "cumulative": false
    },
    {
        "date": "2020-12-08T11:21:21.898Z",
        "value": "0.2320539951324463",
        "cumulative": false
    },
    {
        "date": "2020-12-08T11:21:23.975Z",
        "value": "0.23263168334960938",
        "cumulative": false
    },
    {
        "date": "2020-12-08T11:21:25.996Z",
        "value": "0.24238801002502441",
        "cumulative": false
    },
    {
        "date": "2020-12-08T11:21:27.971Z",
        "value": "0.2640666961669922",
        "cumulative": false
    },
    {
        "date": "2020-12-08T11:21:29.961Z",
        "value": "0.25932741165161133",
        "cumulative": false
    },
    {
        "date": "2020-12-08T11:21:31.987Z",
        "value": "0.24188494682312012",
        "cumulative": false
    },
    {
        "date": "2020-12-08T11:21:34.027Z",
        "value": "0.25095033645629883",
        "cumulative": false
    },
    {
        "date": "2020-12-08T11:21:36.061Z",
        "value": "0.25452756881713867",
        "cumulative": false
    },
    {
        "date": "2020-12-08T11:21:38.296Z",
        "value": "0.22975993156433105",
        "cumulative": false
    }
]