[
    {
        "date": "2020-12-08T11:20:37.517Z",
        "value": "0.0779728889465332",
        "cumulative": false
    },
    {
        "date": "2020-12-08T11:20:39.512Z",
        "value": "0.05913090705871582",
        "cumulative": false
    },
    {
        "date": "2020-12-08T11:20:41.512Z",
        "value": "0.0648801326751709",
        "cumulative": false
    },
    {
        "date": "2020-12-08T11:20:43.552Z",
        "value": "0.06824183464050293",
        "cumulative": false
    },
    {
        "date": "2020-12-08T11:20:45.579Z",
        "value": "0.05973625183105469",
        "cumulative": false
    },
    {
        "date": "2020-12-08T11:20:47.544Z",
        "value": "0.06188821792602539",
        "cumulative": false
    },
    {
        "date": "2020-12-08T11:20:49.557Z",
        "value": "0.05851268768310547",
        "cumulative": false
    },
    {
        "date": "2020-12-08T11:20:51.527Z",
        "value": "0.06500911712646484",
        "cumulative": false
    },
    {
        "date": "2020-12-08T11:20:53.469Z",
        "value": "0.05691242218017578",
        "cumulative": false
    },
    {
        "date": "2020-12-08T11:20:55.483Z",
        "value": "0.0594637393951416",
        "cumulative": false
    },
    {
        "date": "2020-12-08T11:20:57.557Z",
        "value": "0.06292438507080078",
        "cumulative": false
    },
    {
        "date": "2020-12-08T11:20:59.530Z",
        "value": "0.05893230438232422",
        "cumulative": false
    },
    {
        "date": "2020-12-08T11:21:01.526Z",
        "value": "0.06481337547302246",
        "cumulative": false
    },
    {
        "date": "2020-12-08T11:21:03.523Z",
        "value": "0.06608867645263672",
        "cumulative": false
    },
    {
        "date": "2020-12-08T11:21:05.580Z",
        "value": "0.06437277793884277",
        "cumulative": false
    },
    {
        "date": "2020-12-08T11:21:07.595Z",
        "value": "0.06302118301391602",
        "cumulative": false
    },
    {
        "date": "2020-12-08T11:21:09.559Z",
        "value": "0.06635117530822754",
        "cumulative": false
    },
    {
        "date": "2020-12-08T11:21:11.580Z",
        "value": "0.06239509582519531",
        "cumulative": false
    },
    {
        "date": "2020-12-08T11:21:13.796Z",
        "value": "0.056921958923339844",
        "cumulative": false
    },
    {
        "date": "2020-12-08T11:21:15.820Z",
        "value": "0.0606231689453125",
        "cumulative": false
    },
    {
        "date": "2020-12-08T11:21:17.819Z",
        "value": "0.06113934516906738",
        "cumulative": false
    },
    {
        "date": "2020-12-08T11:21:19.913Z",
        "value": "0.07141542434692383",
        "cumulative": false
    },
    {
        "date": "2020-12-08T11:21:21.904Z",
        "value": "0.058153390884399414",
        "cumulative": false
    },
    {
        "date": "2020-12-08T11:21:23.986Z",
        "value": "0.06106138229370117",
        "cumulative": false
    },
    {
        "date": "2020-12-08T11:21:25.996Z",
        "value": "0.05630779266357422",
        "cumulative": false
    },
    {
        "date": "2020-12-08T11:21:27.983Z",
        "value": "0.059212446212768555",
        "cumulative": false
    },
    {
        "date": "2020-12-08T11:21:29.971Z",
        "value": "0.06166672706604004",
        "cumulative": false
    },
    {
        "date": "2020-12-08T11:21:31.986Z",
        "value": "0.06057596206665039",
        "cumulative": false
    },
    {
        "date": "2020-12-08T11:21:34.041Z",
        "value": "0.06040549278259277",
        "cumulative": false
    },
    {
        "date": "2020-12-08T11:21:36.070Z",
        "value": "0.06976175308227539",
        "cumulative": false
    },
    {
        "date": "2020-12-08T11:21:38.296Z",
        "value": "0.06017446517944336",
        "cumulative": false
    }
]