[
    {
        "date": "2020-12-08T11:20:36.185Z",
        "value": "2.531782627105713",
        "cumulative": false
    },
    {
        "date": "2020-12-08T11:20:38.192Z",
        "value": "1.7471157312393188",
        "cumulative": false
    },
    {
        "date": "2020-12-08T11:20:40.188Z",
        "value": "1.4389183521270752",
        "cumulative": false
    },
    {
        "date": "2020-12-08T11:20:42.193Z",
        "value": "1.3192552328109741",
        "cumulative": false
    },
    {
        "date": "2020-12-08T11:20:44.231Z",
        "value": "1.3544526100158691",
        "cumulative": false
    },
    {
        "date": "2020-12-08T11:20:46.225Z",
        "value": "1.2581937313079834",
        "cumulative": false
    },
    {
        "date": "2020-12-08T11:20:48.190Z",
        "value": "1.1064434051513672",
        "cumulative": false
    },
    {
        "date": "2020-12-08T11:20:50.192Z",
        "value": "0.9742615222930908",
        "cumulative": false
    },
    {
        "date": "2020-12-08T11:20:52.149Z",
        "value": "0.9339656233787537",
        "cumulative": false
    },
    {
        "date": "2020-12-08T11:20:54.125Z",
        "value": "0.8652362823486328",
        "cumulative": false
    },
    {
        "date": "2020-12-08T11:20:56.199Z",
        "value": "0.7207289338111877",
        "cumulative": false
    },
    {
        "date": "2020-12-08T11:20:58.208Z",
        "value": "0.7944122552871704",
        "cumulative": false
    },
    {
        "date": "2020-12-08T11:21:00.136Z",
        "value": "0.6637678742408752",
        "cumulative": false
    },
    {
        "date": "2020-12-08T11:21:02.184Z",
        "value": "0.6662492752075195",
        "cumulative": false
    },
    {
        "date": "2020-12-08T11:21:04.205Z",
        "value": "0.6118057370185852",
        "cumulative": false
    },
    {
        "date": "2020-12-08T11:21:06.244Z",
        "value": "0.7354437708854675",
        "cumulative": false
    },
    {
        "date": "2020-12-08T11:21:08.241Z",
        "value": "0.5520781874656677",
        "cumulative": false
    },
    {
        "date": "2020-12-08T11:21:10.231Z",
        "value": "0.6340487003326416",
        "cumulative": false
    },
    {
        "date": "2020-12-08T11:21:12.289Z",
        "value": "0.7410067319869995",
        "cumulative": false
    },
    {
        "date": "2020-12-08T11:21:14.430Z",
        "value": "0.5581496953964233",
        "cumulative": false
    },
    {
        "date": "2020-12-08T11:21:16.446Z",
        "value": "0.35903021693229675",
        "cumulative": false
    },
    {
        "date": "2020-12-08T11:21:18.492Z",
        "value": "0.544273853302002",
        "cumulative": false
    },
    {
        "date": "2020-12-08T11:21:20.567Z",
        "value": "0.46953830122947693",
        "cumulative": false
    },
    {
        "date": "2020-12-08T11:21:22.642Z",
        "value": "0.5400139689445496",
        "cumulative": false
    },
    {
        "date": "2020-12-08T11:21:24.640Z",
        "value": "0.48626694083213806",
        "cumulative": false
    },
    {
        "date": "2020-12-08T11:21:26.643Z",
        "value": "0.4467891752719879",
        "cumulative": false
    },
    {
        "date": "2020-12-08T11:21:28.605Z",
        "value": "0.4455597996711731",
        "cumulative": false
    },
    {
        "date": "2020-12-08T11:21:30.641Z",
        "value": "0.3337187170982361",
        "cumulative": false
    },
    {
        "date": "2020-12-08T11:21:32.651Z",
        "value": "0.5184595584869385",
        "cumulative": false
    },
    {
        "date": "2020-12-08T11:21:34.724Z",
        "value": "0.34266722202301025",
        "cumulative": false
    },
    {
        "date": "2020-12-08T11:21:36.704Z",
        "value": "0.3335520029067993",
        "cumulative": false
    }
]