[
    {
        "date": "2020-12-08T11:20:36.185Z",
        "value": "2.463191270828247",
        "cumulative": false
    },
    {
        "date": "2020-12-08T11:20:38.192Z",
        "value": "1.8163484334945679",
        "cumulative": false
    },
    {
        "date": "2020-12-08T11:20:40.189Z",
        "value": "1.5217878818511963",
        "cumulative": false
    },
    {
        "date": "2020-12-08T11:20:42.193Z",
        "value": "1.444970726966858",
        "cumulative": false
    },
    {
        "date": "2020-12-08T11:20:44.232Z",
        "value": "1.395607829093933",
        "cumulative": false
    },
    {
        "date": "2020-12-08T11:20:46.225Z",
        "value": "1.2446327209472656",
        "cumulative": false
    },
    {
        "date": "2020-12-08T11:20:48.190Z",
        "value": "0.9203765988349915",
        "cumulative": false
    },
    {
        "date": "2020-12-08T11:20:50.193Z",
        "value": "1.0120766162872314",
        "cumulative": false
    },
    {
        "date": "2020-12-08T11:20:52.149Z",
        "value": "0.9465398788452148",
        "cumulative": false
    },
    {
        "date": "2020-12-08T11:20:54.125Z",
        "value": "0.9642826318740845",
        "cumulative": false
    },
    {
        "date": "2020-12-08T11:20:56.192Z",
        "value": "0.8433349132537842",
        "cumulative": false
    },
    {
        "date": "2020-12-08T11:20:58.208Z",
        "value": "0.7121447324752808",
        "cumulative": false
    },
    {
        "date": "2020-12-08T11:21:00.136Z",
        "value": "0.6983281970024109",
        "cumulative": false
    },
    {
        "date": "2020-12-08T11:21:02.184Z",
        "value": "0.6305810809135437",
        "cumulative": false
    },
    {
        "date": "2020-12-08T11:21:04.206Z",
        "value": "0.6523850560188293",
        "cumulative": false
    },
    {
        "date": "2020-12-08T11:21:06.245Z",
        "value": "0.6066538095474243",
        "cumulative": false
    },
    {
        "date": "2020-12-08T11:21:08.236Z",
        "value": "0.7056235671043396",
        "cumulative": false
    },
    {
        "date": "2020-12-08T11:21:10.232Z",
        "value": "0.60475093126297",
        "cumulative": false
    },
    {
        "date": "2020-12-08T11:21:12.289Z",
        "value": "0.4817782938480377",
        "cumulative": false
    },
    {
        "date": "2020-12-08T11:21:14.431Z",
        "value": "0.5337762236595154",
        "cumulative": false
    },
    {
        "date": "2020-12-08T11:21:16.452Z",
        "value": "0.5570934414863586",
        "cumulative": false
    },
    {
        "date": "2020-12-08T11:21:18.492Z",
        "value": "0.47354966402053833",
        "cumulative": false
    },
    {
        "date": "2020-12-08T11:21:20.560Z",
        "value": "0.5971514582633972",
        "cumulative": false
    },
    {
        "date": "2020-12-08T11:21:22.642Z",
        "value": "0.4628358483314514",
        "cumulative": false
    },
    {
        "date": "2020-12-08T11:21:24.640Z",
        "value": "0.552660346031189",
        "cumulative": false
    },
    {
        "date": "2020-12-08T11:21:26.643Z",
        "value": "0.5113261938095093",
        "cumulative": false
    },
    {
        "date": "2020-12-08T11:21:28.605Z",
        "value": "0.4970259666442871",
        "cumulative": false
    },
    {
        "date": "2020-12-08T11:21:30.655Z",
        "value": "0.42632800340652466",
        "cumulative": false
    },
    {
        "date": "2020-12-08T11:21:32.652Z",
        "value": "0.5285801887512207",
        "cumulative": false
    },
    {
        "date": "2020-12-08T11:21:34.725Z",
        "value": "0.49902230501174927",
        "cumulative": false
    },
    {
        "date": "2020-12-08T11:21:36.701Z",
        "value": "0.35368064045906067",
        "cumulative": false
    }
]