[
    {
        "date": "2020-12-08T11:20:37.516Z",
        "value": "0.04906272888183594",
        "cumulative": false
    },
    {
        "date": "2020-12-08T11:20:39.505Z",
        "value": "0.05595040321350098",
        "cumulative": false
    },
    {
        "date": "2020-12-08T11:20:41.505Z",
        "value": "0.05602717399597168",
        "cumulative": false
    },
    {
        "date": "2020-12-08T11:20:43.544Z",
        "value": "0.055214881896972656",
        "cumulative": false
    },
    {
        "date": "2020-12-08T11:20:45.566Z",
        "value": "0.05441474914550781",
        "cumulative": false
    },
    {
        "date": "2020-12-08T11:20:47.534Z",
        "value": "0.04821515083312988",
        "cumulative": false
    },
    {
        "date": "2020-12-08T11:20:49.542Z",
        "value": "0.06199383735656738",
        "cumulative": false
    },
    {
        "date": "2020-12-08T11:20:51.517Z",
        "value": "0.05855536460876465",
        "cumulative": false
    },
    {
        "date": "2020-12-08T11:20:53.460Z",
        "value": "0.05350947380065918",
        "cumulative": false
    },
    {
        "date": "2020-12-08T11:20:55.476Z",
        "value": "0.06354522705078125",
        "cumulative": false
    },
    {
        "date": "2020-12-08T11:20:57.555Z",
        "value": "0.05904269218444824",
        "cumulative": false
    },
    {
        "date": "2020-12-08T11:20:59.509Z",
        "value": "0.06972193717956543",
        "cumulative": false
    },
    {
        "date": "2020-12-08T11:21:01.525Z",
        "value": "0.06055498123168945",
        "cumulative": false
    },
    {
        "date": "2020-12-08T11:21:03.514Z",
        "value": "0.05578947067260742",
        "cumulative": false
    },
    {
        "date": "2020-12-08T11:21:05.573Z",
        "value": "0.061383724212646484",
        "cumulative": false
    },
    {
        "date": "2020-12-08T11:21:07.593Z",
        "value": "0.05675005912780762",
        "cumulative": false
    },
    {
        "date": "2020-12-08T11:21:09.550Z",
        "value": "0.052693843841552734",
        "cumulative": false
    },
    {
        "date": "2020-12-08T11:21:11.573Z",
        "value": "0.0580136775970459",
        "cumulative": false
    },
    {
        "date": "2020-12-08T11:21:13.786Z",
        "value": "0.05453085899353027",
        "cumulative": false
    },
    {
        "date": "2020-12-08T11:21:15.815Z",
        "value": "0.0595400333404541",
        "cumulative": false
    },
    {
        "date": "2020-12-08T11:21:17.807Z",
        "value": "0.057260751724243164",
        "cumulative": false
    },
    {
        "date": "2020-12-08T11:21:19.909Z",
        "value": "0.051857948303222656",
        "cumulative": false
    },
    {
        "date": "2020-12-08T11:21:21.895Z",
        "value": "0.054868459701538086",
        "cumulative": false
    },
    {
        "date": "2020-12-08T11:21:23.973Z",
        "value": "0.054290056228637695",
        "cumulative": false
    },
    {
        "date": "2020-12-08T11:21:25.996Z",
        "value": "0.055930376052856445",
        "cumulative": false
    },
    {
        "date": "2020-12-08T11:21:27.967Z",
        "value": "0.05601000785827637",
        "cumulative": false
    },
    {
        "date": "2020-12-08T11:21:29.958Z",
        "value": "0.056243181228637695",
        "cumulative": false
    },
    {
        "date": "2020-12-08T11:21:31.977Z",
        "value": "0.04923725128173828",
        "cumulative": false
    },
    {
        "date": "2020-12-08T11:21:34.022Z",
        "value": "0.053417205810546875",
        "cumulative": false
    },
    {
        "date": "2020-12-08T11:21:36.055Z",
        "value": "0.05173826217651367",
        "cumulative": false
    },
    {
        "date": "2020-12-08T11:21:38.286Z",
        "value": "0.05417680740356445",
        "cumulative": false
    }
]