[
    {
        "date": "2020-12-08T11:20:36.187Z",
        "value": "11.71875",
        "cumulative": false
    },
    {
        "date": "2020-12-08T11:20:38.192Z",
        "value": "32.8125",
        "cumulative": false
    },
    {
        "date": "2020-12-08T11:20:40.188Z",
        "value": "48.4375",
        "cumulative": false
    },
    {
        "date": "2020-12-08T11:20:42.193Z",
        "value": "47.65625",
        "cumulative": false
    },
    {
        "date": "2020-12-08T11:20:44.232Z",
        "value": "49.21875",
        "cumulative": false
    },
    {
        "date": "2020-12-08T11:20:46.225Z",
        "value": "54.6875",
        "cumulative": false
    },
    {
        "date": "2020-12-08T11:20:48.189Z",
        "value": "63.28125",
        "cumulative": false
    },
    {
        "date": "2020-12-08T11:20:50.192Z",
        "value": "60.9375",
        "cumulative": false
    },
    {
        "date": "2020-12-08T11:20:52.148Z",
        "value": "67.96875",
        "cumulative": false
    },
    {
        "date": "2020-12-08T11:20:54.125Z",
        "value": "67.1875",
        "cumulative": false
    },
    {
        "date": "2020-12-08T11:20:56.192Z",
        "value": "72.65625",
        "cumulative": false
    },
    {
        "date": "2020-12-08T11:20:58.207Z",
        "value": "71.875",
        "cumulative": false
    },
    {
        "date": "2020-12-08T11:21:00.136Z",
        "value": "74.21875",
        "cumulative": false
    },
    {
        "date": "2020-12-08T11:21:02.184Z",
        "value": "78.125",
        "cumulative": false
    },
    {
        "date": "2020-12-08T11:21:04.205Z",
        "value": "80.46875",
        "cumulative": false
    },
    {
        "date": "2020-12-08T11:21:06.244Z",
        "value": "78.125",
        "cumulative": false
    },
    {
        "date": "2020-12-08T11:21:08.236Z",
        "value": "76.5625",
        "cumulative": false
    },
    {
        "date": "2020-12-08T11:21:10.231Z",
        "value": "75.78125",
        "cumulative": false
    },
    {
        "date": "2020-12-08T11:21:12.289Z",
        "value": "81.25",
        "cumulative": false
    },
    {
        "date": "2020-12-08T11:21:14.430Z",
        "value": "77.34375",
        "cumulative": false
    },
    {
        "date": "2020-12-08T11:21:16.446Z",
        "value": "84.375",
        "cumulative": false
    },
    {
        "date": "2020-12-08T11:21:18.492Z",
        "value": "85.9375",
        "cumulative": false
    },
    {
        "date": "2020-12-08T11:21:20.567Z",
        "value": "83.59375",
        "cumulative": false
    },
    {
        "date": "2020-12-08T11:21:22.642Z",
        "value": "81.25",
        "cumulative": false
    },
    {
        "date": "2020-12-08T11:21:24.640Z",
        "value": "85.9375",
        "cumulative": false
    },
    {
        "date": "2020-12-08T11:21:26.643Z",
        "value": "79.6875",
        "cumulative": false
    },
    {
        "date": "2020-12-08T11:21:28.605Z",
        "value": "83.59375",
        "cumulative": false
    },
    {
        "date": "2020-12-08T11:21:30.655Z",
        "value": "82.8125",
        "cumulative": false
    },
    {
        "date": "2020-12-08T11:21:32.651Z",
        "value": "85.9375",
        "cumulative": false
    },
    {
        "date": "2020-12-08T11:21:34.724Z",
        "value": "88.28125",
        "cumulative": false
    },
    {
        "date": "2020-12-08T11:21:36.703Z",
        "value": "85.9375",
        "cumulative": false
    }
]