[
    {
        "date": "2020-12-08T11:20:37.519Z",
        "value": "0.05217576026916504",
        "cumulative": false
    },
    {
        "date": "2020-12-08T11:20:39.510Z",
        "value": "0.0563054084777832",
        "cumulative": false
    },
    {
        "date": "2020-12-08T11:20:41.510Z",
        "value": "0.05201148986816406",
        "cumulative": false
    },
    {
        "date": "2020-12-08T11:20:43.545Z",
        "value": "0.05238795280456543",
        "cumulative": false
    },
    {
        "date": "2020-12-08T11:20:45.581Z",
        "value": "0.05799245834350586",
        "cumulative": false
    },
    {
        "date": "2020-12-08T11:20:47.547Z",
        "value": "0.052359819412231445",
        "cumulative": false
    },
    {
        "date": "2020-12-08T11:20:49.554Z",
        "value": "0.054268598556518555",
        "cumulative": false
    },
    {
        "date": "2020-12-08T11:20:51.526Z",
        "value": "0.05431175231933594",
        "cumulative": false
    },
    {
        "date": "2020-12-08T11:20:53.462Z",
        "value": "0.06852602958679199",
        "cumulative": false
    },
    {
        "date": "2020-12-08T11:20:55.478Z",
        "value": "0.048254966735839844",
        "cumulative": false
    },
    {
        "date": "2020-12-08T11:20:57.554Z",
        "value": "0.05314373970031738",
        "cumulative": false
    },
    {
        "date": "2020-12-08T11:20:59.514Z",
        "value": "0.05409884452819824",
        "cumulative": false
    },
    {
        "date": "2020-12-08T11:21:01.526Z",
        "value": "0.06132936477661133",
        "cumulative": false
    },
    {
        "date": "2020-12-08T11:21:03.521Z",
        "value": "0.06537723541259766",
        "cumulative": false
    },
    {
        "date": "2020-12-08T11:21:05.577Z",
        "value": "0.06386375427246094",
        "cumulative": false
    },
    {
        "date": "2020-12-08T11:21:07.595Z",
        "value": "0.05518198013305664",
        "cumulative": false
    },
    {
        "date": "2020-12-08T11:21:09.559Z",
        "value": "0.058830976486206055",
        "cumulative": false
    },
    {
        "date": "2020-12-08T11:21:11.579Z",
        "value": "0.055365800857543945",
        "cumulative": false
    },
    {
        "date": "2020-12-08T11:21:13.794Z",
        "value": "0.05569863319396973",
        "cumulative": false
    },
    {
        "date": "2020-12-08T11:21:15.821Z",
        "value": "0.05487561225891113",
        "cumulative": false
    },
    {
        "date": "2020-12-08T11:21:17.815Z",
        "value": "0.06176304817199707",
        "cumulative": false
    },
    {
        "date": "2020-12-08T11:21:19.911Z",
        "value": "0.05174088478088379",
        "cumulative": false
    },
    {
        "date": "2020-12-08T11:21:21.909Z",
        "value": "0.06033468246459961",
        "cumulative": false
    },
    {
        "date": "2020-12-08T11:21:23.986Z",
        "value": "0.053983211517333984",
        "cumulative": false
    },
    {
        "date": "2020-12-08T11:21:25.994Z",
        "value": "0.05681133270263672",
        "cumulative": false
    },
    {
        "date": "2020-12-08T11:21:27.988Z",
        "value": "0.06320452690124512",
        "cumulative": false
    },
    {
        "date": "2020-12-08T11:21:29.968Z",
        "value": "0.06072187423706055",
        "cumulative": false
    },
    {
        "date": "2020-12-08T11:21:31.985Z",
        "value": "0.05784130096435547",
        "cumulative": false
    },
    {
        "date": "2020-12-08T11:21:34.040Z",
        "value": "0.06462907791137695",
        "cumulative": false
    },
    {
        "date": "2020-12-08T11:21:36.069Z",
        "value": "0.06137990951538086",
        "cumulative": false
    },
    {
        "date": "2020-12-08T11:21:38.294Z",
        "value": "0.049245357513427734",
        "cumulative": false
    }
]