[
    {
        "date": "2020-12-08T11:20:37.521Z",
        "value": "0.12882184982299805",
        "cumulative": false
    },
    {
        "date": "2020-12-08T11:20:39.510Z",
        "value": "0.1608283519744873",
        "cumulative": false
    },
    {
        "date": "2020-12-08T11:20:41.510Z",
        "value": "0.13737154006958008",
        "cumulative": false
    },
    {
        "date": "2020-12-08T11:20:43.545Z",
        "value": "0.1338810920715332",
        "cumulative": false
    },
    {
        "date": "2020-12-08T11:20:45.581Z",
        "value": "0.14029908180236816",
        "cumulative": false
    },
    {
        "date": "2020-12-08T11:20:47.547Z",
        "value": "0.14671730995178223",
        "cumulative": false
    },
    {
        "date": "2020-12-08T11:20:49.554Z",
        "value": "0.14789271354675293",
        "cumulative": false
    },
    {
        "date": "2020-12-08T11:20:51.526Z",
        "value": "0.1425178050994873",
        "cumulative": false
    },
    {
        "date": "2020-12-08T11:20:53.462Z",
        "value": "0.14112329483032227",
        "cumulative": false
    },
    {
        "date": "2020-12-08T11:20:55.478Z",
        "value": "0.12961935997009277",
        "cumulative": false
    },
    {
        "date": "2020-12-08T11:20:57.554Z",
        "value": "0.14269328117370605",
        "cumulative": false
    },
    {
        "date": "2020-12-08T11:20:59.514Z",
        "value": "0.14432048797607422",
        "cumulative": false
    },
    {
        "date": "2020-12-08T11:21:01.526Z",
        "value": "0.1506366729736328",
        "cumulative": false
    },
    {
        "date": "2020-12-08T11:21:03.521Z",
        "value": "0.18274903297424316",
        "cumulative": false
    },
    {
        "date": "2020-12-08T11:21:05.577Z",
        "value": "0.15096592903137207",
        "cumulative": false
    },
    {
        "date": "2020-12-08T11:21:07.595Z",
        "value": "0.14062285423278809",
        "cumulative": false
    },
    {
        "date": "2020-12-08T11:21:09.559Z",
        "value": "0.15033602714538574",
        "cumulative": false
    },
    {
        "date": "2020-12-08T11:21:11.579Z",
        "value": "0.14328885078430176",
        "cumulative": false
    },
    {
        "date": "2020-12-08T11:21:13.794Z",
        "value": "0.1631605625152588",
        "cumulative": false
    },
    {
        "date": "2020-12-08T11:21:15.821Z",
        "value": "0.151200532913208",
        "cumulative": false
    },
    {
        "date": "2020-12-08T11:21:17.815Z",
        "value": "0.15766382217407227",
        "cumulative": false
    },
    {
        "date": "2020-12-08T11:21:19.911Z",
        "value": "0.1521444320678711",
        "cumulative": false
    },
    {
        "date": "2020-12-08T11:21:21.909Z",
        "value": "0.14856171607971191",
        "cumulative": false
    },
    {
        "date": "2020-12-08T11:21:23.986Z",
        "value": "0.14700818061828613",
        "cumulative": false
    },
    {
        "date": "2020-12-08T11:21:25.994Z",
        "value": "0.16434931755065918",
        "cumulative": false
    },
    {
        "date": "2020-12-08T11:21:27.988Z",
        "value": "0.13143634796142578",
        "cumulative": false
    },
    {
        "date": "2020-12-08T11:21:29.968Z",
        "value": "0.1491706371307373",
        "cumulative": false
    },
    {
        "date": "2020-12-08T11:21:31.985Z",
        "value": "0.16219520568847656",
        "cumulative": false
    },
    {
        "date": "2020-12-08T11:21:34.040Z",
        "value": "0.16210317611694336",
        "cumulative": false
    },
    {
        "date": "2020-12-08T11:21:36.069Z",
        "value": "0.1685199737548828",
        "cumulative": false
    },
    {
        "date": "2020-12-08T11:21:38.294Z",
        "value": "0.1403968334197998",
        "cumulative": false
    }
]