[
    {
        "date": "2020-12-08T11:20:36.191Z",
        "value": "50.0",
        "cumulative": false
    },
    {
        "date": "2020-12-08T11:20:38.196Z",
        "value": "87.5",
        "cumulative": false
    },
    {
        "date": "2020-12-08T11:20:40.192Z",
        "value": "85.9375",
        "cumulative": false
    },
    {
        "date": "2020-12-08T11:20:42.197Z",
        "value": "92.96875",
        "cumulative": false
    },
    {
        "date": "2020-12-08T11:20:44.235Z",
        "value": "93.75",
        "cumulative": false
    },
    {
        "date": "2020-12-08T11:20:46.229Z",
        "value": "92.96875",
        "cumulative": false
    },
    {
        "date": "2020-12-08T11:20:48.193Z",
        "value": "94.53125",
        "cumulative": false
    },
    {
        "date": "2020-12-08T11:20:50.196Z",
        "value": "96.09375",
        "cumulative": false
    },
    {
        "date": "2020-12-08T11:20:52.153Z",
        "value": "98.4375",
        "cumulative": false
    },
    {
        "date": "2020-12-08T11:20:54.130Z",
        "value": "98.4375",
        "cumulative": false
    },
    {
        "date": "2020-12-08T11:20:56.196Z",
        "value": "97.65625",
        "cumulative": false
    },
    {
        "date": "2020-12-08T11:20:58.221Z",
        "value": "98.4375",
        "cumulative": false
    },
    {
        "date": "2020-12-08T11:21:00.140Z",
        "value": "98.4375",
        "cumulative": false
    },
    {
        "date": "2020-12-08T11:21:02.187Z",
        "value": "98.4375",
        "cumulative": false
    },
    {
        "date": "2020-12-08T11:21:04.209Z",
        "value": "98.4375",
        "cumulative": false
    },
    {
        "date": "2020-12-08T11:21:06.248Z",
        "value": "100.0",
        "cumulative": false
    },
    {
        "date": "2020-12-08T11:21:08.240Z",
        "value": "99.21875",
        "cumulative": false
    },
    {
        "date": "2020-12-08T11:21:10.236Z",
        "value": "99.21875",
        "cumulative": false
    },
    {
        "date": "2020-12-08T11:21:12.293Z",
        "value": "99.21875",
        "cumulative": false
    },
    {
        "date": "2020-12-08T11:21:14.436Z",
        "value": "100.0",
        "cumulative": false
    },
    {
        "date": "2020-12-08T11:21:16.455Z",
        "value": "99.21875",
        "cumulative": false
    },
    {
        "date": "2020-12-08T11:21:18.496Z",
        "value": "98.4375",
        "cumulative": false
    },
    {
        "date": "2020-12-08T11:21:20.564Z",
        "value": "99.21875",
        "cumulative": false
    },
    {
        "date": "2020-12-08T11:21:22.646Z",
        "value": "99.21875",
        "cumulative": false
    },
    {
        "date": "2020-12-08T11:21:24.644Z",
        "value": "98.4375",
        "cumulative": false
    },
    {
        "date": "2020-12-08T11:21:26.646Z",
        "value": "100.0",
        "cumulative": false
    },
    {
        "date": "2020-12-08T11:21:28.609Z",
        "value": "99.21875",
        "cumulative": false
    },
    {
        "date": "2020-12-08T11:21:30.659Z",
        "value": "99.21875",
        "cumulative": false
    },
    {
        "date": "2020-12-08T11:21:32.655Z",
        "value": "100.0",
        "cumulative": false
    },
    {
        "date": "2020-12-08T11:21:34.728Z",
        "value": "98.4375",
        "cumulative": false
    },
    {
        "date": "2020-12-08T11:21:36.709Z",
        "value": "99.21875",
        "cumulative": false
    }
]