[
    {
        "date": "2020-12-08T11:20:37.524Z",
        "value": "7.271766662597656e-05",
        "cumulative": false
    },
    {
        "date": "2020-12-08T11:20:39.523Z",
        "value": "7.43865966796875e-05",
        "cumulative": false
    },
    {
        "date": "2020-12-08T11:20:41.517Z",
        "value": "7.295608520507812e-05",
        "cumulative": false
    },
    {
        "date": "2020-12-08T11:20:43.553Z",
        "value": "6.723403930664062e-05",
        "cumulative": false
    },
    {
        "date": "2020-12-08T11:20:45.582Z",
        "value": "6.866455078125e-05",
        "cumulative": false
    },
    {
        "date": "2020-12-08T11:20:47.550Z",
        "value": "7.2479248046875e-05",
        "cumulative": false
    },
    {
        "date": "2020-12-08T11:20:49.553Z",
        "value": "9.1552734375e-05",
        "cumulative": false
    },
    {
        "date": "2020-12-08T11:20:51.533Z",
        "value": "7.462501525878906e-05",
        "cumulative": false
    },
    {
        "date": "2020-12-08T11:20:53.471Z",
        "value": "6.890296936035156e-05",
        "cumulative": false
    },
    {
        "date": "2020-12-08T11:20:55.485Z",
        "value": "7.295608520507812e-05",
        "cumulative": false
    },
    {
        "date": "2020-12-08T11:20:57.566Z",
        "value": "7.653236389160156e-05",
        "cumulative": false
    },
    {
        "date": "2020-12-08T11:20:59.524Z",
        "value": "0.00010347366333007812",
        "cumulative": false
    },
    {
        "date": "2020-12-08T11:21:01.536Z",
        "value": "7.367134094238281e-05",
        "cumulative": false
    },
    {
        "date": "2020-12-08T11:21:03.531Z",
        "value": "9.393692016601562e-05",
        "cumulative": false
    },
    {
        "date": "2020-12-08T11:21:05.591Z",
        "value": "7.319450378417969e-05",
        "cumulative": false
    },
    {
        "date": "2020-12-08T11:21:07.601Z",
        "value": "7.43865966796875e-05",
        "cumulative": false
    },
    {
        "date": "2020-12-08T11:21:09.562Z",
        "value": "9.036064147949219e-05",
        "cumulative": false
    },
    {
        "date": "2020-12-08T11:21:11.599Z",
        "value": "7.987022399902344e-05",
        "cumulative": false
    },
    {
        "date": "2020-12-08T11:21:13.800Z",
        "value": "7.009506225585938e-05",
        "cumulative": false
    },
    {
        "date": "2020-12-08T11:21:15.820Z",
        "value": "7.486343383789062e-05",
        "cumulative": false
    },
    {
        "date": "2020-12-08T11:21:17.828Z",
        "value": "8.988380432128906e-05",
        "cumulative": false
    },
    {
        "date": "2020-12-08T11:21:19.922Z",
        "value": "7.581710815429688e-05",
        "cumulative": false
    },
    {
        "date": "2020-12-08T11:21:21.907Z",
        "value": "7.43865966796875e-05",
        "cumulative": false
    },
    {
        "date": "2020-12-08T11:21:23.993Z",
        "value": "6.890296936035156e-05",
        "cumulative": false
    },
    {
        "date": "2020-12-08T11:21:26.005Z",
        "value": "7.82012939453125e-05",
        "cumulative": false
    },
    {
        "date": "2020-12-08T11:21:27.978Z",
        "value": "7.867813110351562e-05",
        "cumulative": false
    },
    {
        "date": "2020-12-08T11:21:29.980Z",
        "value": "9.274482727050781e-05",
        "cumulative": false
    },
    {
        "date": "2020-12-08T11:21:31.995Z",
        "value": "7.033348083496094e-05",
        "cumulative": false
    },
    {
        "date": "2020-12-08T11:21:34.051Z",
        "value": "7.486343383789062e-05",
        "cumulative": false
    },
    {
        "date": "2020-12-08T11:21:36.069Z",
        "value": "9.1552734375e-05",
        "cumulative": false
    },
    {
        "date": "2020-12-08T11:21:38.302Z",
        "value": "8.416175842285156e-05",
        "cumulative": false
    }
]