[
    {
        "date": "2020-12-08T11:20:37.518Z",
        "value": "0.0664525032043457",
        "cumulative": false
    },
    {
        "date": "2020-12-08T11:20:39.512Z",
        "value": "0.059925079345703125",
        "cumulative": false
    },
    {
        "date": "2020-12-08T11:20:41.517Z",
        "value": "0.07055521011352539",
        "cumulative": false
    },
    {
        "date": "2020-12-08T11:20:43.547Z",
        "value": "0.062341928482055664",
        "cumulative": false
    },
    {
        "date": "2020-12-08T11:20:45.590Z",
        "value": "0.05999493598937988",
        "cumulative": false
    },
    {
        "date": "2020-12-08T11:20:47.548Z",
        "value": "0.05987548828125",
        "cumulative": false
    },
    {
        "date": "2020-12-08T11:20:49.550Z",
        "value": "0.06818771362304688",
        "cumulative": false
    },
    {
        "date": "2020-12-08T11:20:51.526Z",
        "value": "0.061728715896606445",
        "cumulative": false
    },
    {
        "date": "2020-12-08T11:20:53.478Z",
        "value": "0.05973696708679199",
        "cumulative": false
    },
    {
        "date": "2020-12-08T11:20:55.472Z",
        "value": "0.06769323348999023",
        "cumulative": false
    },
    {
        "date": "2020-12-08T11:20:57.558Z",
        "value": "0.06146669387817383",
        "cumulative": false
    },
    {
        "date": "2020-12-08T11:20:59.520Z",
        "value": "0.06549572944641113",
        "cumulative": false
    },
    {
        "date": "2020-12-08T11:21:01.531Z",
        "value": "0.06565499305725098",
        "cumulative": false
    },
    {
        "date": "2020-12-08T11:21:03.534Z",
        "value": "0.06058144569396973",
        "cumulative": false
    },
    {
        "date": "2020-12-08T11:21:05.584Z",
        "value": "0.05782341957092285",
        "cumulative": false
    },
    {
        "date": "2020-12-08T11:21:07.595Z",
        "value": "0.06165504455566406",
        "cumulative": false
    },
    {
        "date": "2020-12-08T11:21:09.574Z",
        "value": "0.06223487854003906",
        "cumulative": false
    },
    {
        "date": "2020-12-08T11:21:11.596Z",
        "value": "0.06387138366699219",
        "cumulative": false
    },
    {
        "date": "2020-12-08T11:21:13.795Z",
        "value": "0.057198286056518555",
        "cumulative": false
    },
    {
        "date": "2020-12-08T11:21:15.820Z",
        "value": "0.06280183792114258",
        "cumulative": false
    },
    {
        "date": "2020-12-08T11:21:17.818Z",
        "value": "0.06119656562805176",
        "cumulative": false
    },
    {
        "date": "2020-12-08T11:21:19.907Z",
        "value": "0.06017804145812988",
        "cumulative": false
    },
    {
        "date": "2020-12-08T11:21:21.906Z",
        "value": "0.05747532844543457",
        "cumulative": false
    },
    {
        "date": "2020-12-08T11:21:23.987Z",
        "value": "0.05823850631713867",
        "cumulative": false
    },
    {
        "date": "2020-12-08T11:21:25.996Z",
        "value": "0.05559873580932617",
        "cumulative": false
    },
    {
        "date": "2020-12-08T11:21:27.986Z",
        "value": "0.054514169692993164",
        "cumulative": false
    },
    {
        "date": "2020-12-08T11:21:29.975Z",
        "value": "0.059055328369140625",
        "cumulative": false
    },
    {
        "date": "2020-12-08T11:21:31.987Z",
        "value": "0.05718588829040527",
        "cumulative": false
    },
    {
        "date": "2020-12-08T11:21:34.032Z",
        "value": "0.062009334564208984",
        "cumulative": false
    },
    {
        "date": "2020-12-08T11:21:36.066Z",
        "value": "0.07239127159118652",
        "cumulative": false
    },
    {
        "date": "2020-12-08T11:21:38.302Z",
        "value": "0.06727313995361328",
        "cumulative": false
    }
]