[
    {
        "date": "2020-11-22T11:38:28.824Z",
        "value": "108.50992131233215",
        "cumulative": false
    },
    {
        "date": "2020-11-22T13:15:35.125Z",
        "value": "108.76598787307739",
        "cumulative": false
    },
    {
        "date": "2020-11-22T14:52:31.564Z",
        "value": "108.75827407836914",
        "cumulative": false
    },
    {
        "date": "2020-11-22T16:28:49.579Z",
        "value": "108.74429178237915",
        "cumulative": false
    },
    {
        "date": "2020-11-22T16:58:16.899Z",
        "value": "32.630155086517334",
        "cumulative": false
    }
]