[
    {
        "date": "2020-11-22T10:01:02.957Z",
        "value": "7.483636681008454",
        "cumulative": false
    },
    {
        "date": "2020-11-22T10:01:47.995Z",
        "value": "9.549175715042374",
        "cumulative": false
    },
    {
        "date": "2020-11-22T10:02:25.678Z",
        "value": "9.154563695355192",
        "cumulative": false
    },
    {
        "date": "2020-11-22T10:03:03.346Z",
        "value": "8.733024731016995",
        "cumulative": false
    },
    {
        "date": "2020-11-22T10:03:41.699Z",
        "value": "8.378391238535396",
        "cumulative": false
    },
    {
        "date": "2020-11-22T10:04:19.446Z",
        "value": "8.309874601774458",
        "cumulative": false
    },
    {
        "date": "2020-11-22T10:04:55.245Z",
        "value": "7.968275701603665",
        "cumulative": false
    },
    {
        "date": "2020-11-22T10:05:33.626Z",
        "value": "7.968720730410211",
        "cumulative": false
    },
    {
        "date": "2020-11-22T10:06:09.900Z",
        "value": "7.925217828133497",
        "cumulative": false
    },
    {
        "date": "2020-11-22T10:06:47.186Z",
        "value": "7.815805368568382",
        "cumulative": false
    },
    {
        "date": "2020-11-22T10:07:25.221Z",
        "value": "7.65031213862388",
        "cumulative": false
    },
    {
        "date": "2020-11-22T10:08:04.122Z",
        "value": "7.61922699868712",
        "cumulative": false
    },
    {
        "date": "2020-11-22T10:08:39.179Z",
        "value": "7.448770569142512",
        "cumulative": false
    },
    {
        "date": "2020-11-22T10:09:17.708Z",
        "value": "7.488735571600677",
        "cumulative": false
    },
    {
        "date": "2020-11-22T10:09:55.262Z",
        "value": "7.186286727829275",
        "cumulative": false
    },
    {
        "date": "2020-11-22T10:10:32.458Z",
        "value": "6.98612568351212",
        "cumulative": false
    },
    {
        "date": "2020-11-22T10:11:09.461Z",
        "value": "6.864274065585332",
        "cumulative": false
    },
    {
        "date": "2020-11-22T10:11:48.122Z",
        "value": "6.5235204879905275",
        "cumulative": false
    },
    {
        "date": "2020-11-22T10:12:25.616Z",
        "value": "6.344803187604341",
        "cumulative": false
    },
    {
        "date": "2020-11-22T10:13:03.133Z",
        "value": "6.49144567563081",
        "cumulative": false
    },
    {
        "date": "2020-11-22T10:13:39.902Z",
        "value": "6.288508628731344",
        "cumulative": false
    },
    {
        "date": "2020-11-22T10:14:17.692Z",
        "value": "6.112542848109691",
        "cumulative": false
    },
    {
        "date": "2020-11-22T10:14:54.263Z",
        "value": "5.864305503797558",
        "cumulative": false
    },
    {
        "date": "2020-11-22T10:15:31.445Z",
        "value": "5.864951232944855",
        "cumulative": false
    },
    {
        "date": "2020-11-22T10:16:07.756Z",
        "value": "5.807676404587766",
        "cumulative": false
    },
    {
        "date": "2020-11-22T10:16:45.859Z",
        "value": "5.507605698529412",
        "cumulative": false
    },
    {
        "date": "2020-11-22T10:17:21.283Z",
        "value": "5.30804775035014",
        "cumulative": false
    },
    {
        "date": "2020-11-22T10:17:58.950Z",
        "value": "5.05919227903297",
        "cumulative": false
    },
    {
        "date": "2020-11-22T10:18:35.604Z",
        "value": "5.058056560447455",
        "cumulative": false
    },
    {
        "date": "2020-11-22T10:19:15.361Z",
        "value": "5.019179885892809",
        "cumulative": false
    },
    {
        "date": "2020-11-22T10:19:51.005Z",
        "value": "4.734335548242661",
        "cumulative": false
    },
    {
        "date": "2020-11-22T10:20:29.157Z",
        "value": "4.98893591057532",
        "cumulative": false
    },
    {
        "date": "2020-11-22T10:21:05.625Z",
        "value": "4.6613543992464415",
        "cumulative": false
    },
    {
        "date": "2020-11-22T10:21:44.098Z",
        "value": "4.672302806672697",
        "cumulative": false
    },
    {
        "date": "2020-11-22T10:22:20.864Z",
        "value": "4.541953188671557",
        "cumulative": false
    },
    {
        "date": "2020-11-22T10:23:00.155Z",
        "value": "4.7078358765177795",
        "cumulative": false
    },
    {
        "date": "2020-11-22T10:23:36.723Z",
        "value": "4.547291050295858",
        "cumulative": false
    },
    {
        "date": "2020-11-22T10:24:16.698Z",
        "value": "4.518472694093111",
        "cumulative": false
    },
    {
        "date": "2020-11-22T10:24:53.304Z",
        "value": "4.173064610401199",
        "cumulative": false
    },
    {
        "date": "2020-11-22T10:25:32.150Z",
        "value": "4.332730305989584",
        "cumulative": false
    },
    {
        "date": "2020-11-22T10:26:07.888Z",
        "value": "4.264861681302308",
        "cumulative": false
    },
    {
        "date": "2020-11-22T10:26:46.701Z",
        "value": "4.416025923576325",
        "cumulative": false
    },
    {
        "date": "2020-11-22T10:27:23.957Z",
        "value": "4.232833693590897",
        "cumulative": false
    },
    {
        "date": "2020-11-22T10:28:00.055Z",
        "value": "3.9235992091801224",
        "cumulative": false
    },
    {
        "date": "2020-11-22T10:28:35.342Z",
        "value": "4.008420138888889",
        "cumulative": false
    },
    {
        "date": "2020-11-22T10:29:12.419Z",
        "value": "4.105562634585996",
        "cumulative": false
    },
    {
        "date": "2020-11-22T10:29:49.510Z",
        "value": "4.154574085941716",
        "cumulative": false
    },
    {
        "date": "2020-11-22T10:30:34.967Z",
        "value": "4.063858089974527",
        "cumulative": false
    },
    {
        "date": "2020-11-22T10:31:11.731Z",
        "value": "4.0782442811177715",
        "cumulative": false
    },
    {
        "date": "2020-11-22T10:31:50.169Z",
        "value": "4.045911454862037",
        "cumulative": false
    },
    {
        "date": "2020-11-22T10:32:26.351Z",
        "value": "4.043491599834071",
        "cumulative": false
    },
    {
        "date": "2020-11-22T10:33:04.694Z",
        "value": "4.365322851204504",
        "cumulative": false
    },
    {
        "date": "2020-11-22T10:33:40.420Z",
        "value": "3.95607195366347",
        "cumulative": false
    },
    {
        "date": "2020-11-22T10:34:19.960Z",
        "value": "4.095782671225903",
        "cumulative": false
    },
    {
        "date": "2020-11-22T10:34:54.188Z",
        "value": "4.015598237381152",
        "cumulative": false
    },
    {
        "date": "2020-11-22T10:35:31.981Z",
        "value": "3.839614908190032",
        "cumulative": false
    },
    {
        "date": "2020-11-22T10:36:08.098Z",
        "value": "4.19714401335212",
        "cumulative": false
    },
    {
        "date": "2020-11-22T10:36:46.289Z",
        "value": "3.7151720682779947",
        "cumulative": false
    },
    {
        "date": "2020-11-22T10:37:23.182Z",
        "value": "3.9832949945922915",
        "cumulative": false
    },
    {
        "date": "2020-11-22T10:38:01.697Z",
        "value": "3.937534831159181",
        "cumulative": false
    },
    {
        "date": "2020-11-22T10:38:40.541Z",
        "value": "4.036267519175605",
        "cumulative": false
    },
    {
        "date": "2020-11-22T10:39:19.101Z",
        "value": "3.734337491426612",
        "cumulative": false
    },
    {
        "date": "2020-11-22T10:39:54.762Z",
        "value": "3.9045950452456863",
        "cumulative": false
    },
    {
        "date": "2020-11-22T10:40:33.163Z",
        "value": "3.79824101159332",
        "cumulative": false
    },
    {
        "date": "2020-11-22T10:41:09.275Z",
        "value": "3.993785899890591",
        "cumulative": false
    },
    {
        "date": "2020-11-22T10:41:46.705Z",
        "value": "3.9119512648809525",
        "cumulative": false
    },
    {
        "date": "2020-11-22T10:42:23.959Z",
        "value": "3.8696432828392666",
        "cumulative": false
    },
    {
        "date": "2020-11-22T10:43:03.597Z",
        "value": "3.830216041445447",
        "cumulative": false
    },
    {
        "date": "2020-11-22T10:43:40.019Z",
        "value": "4.0501261040517464",
        "cumulative": false
    },
    {
        "date": "2020-11-22T10:44:18.394Z",
        "value": "3.711566318780721",
        "cumulative": false
    },
    {
        "date": "2020-11-22T10:44:55.696Z",
        "value": "3.6194023199840983",
        "cumulative": false
    },
    {
        "date": "2020-11-22T10:45:34.962Z",
        "value": "3.764445558148512",
        "cumulative": false
    },
    {
        "date": "2020-11-22T10:46:11.023Z",
        "value": "3.711969774238892",
        "cumulative": false
    },
    {
        "date": "2020-11-22T10:46:49.116Z",
        "value": "3.76006506069143",
        "cumulative": false
    },
    {
        "date": "2020-11-22T10:47:23.941Z",
        "value": "3.773355324545331",
        "cumulative": false
    },
    {
        "date": "2020-11-22T10:48:02.009Z",
        "value": "3.741541564906589",
        "cumulative": false
    },
    {
        "date": "2020-11-22T10:48:38.168Z",
        "value": "3.6507724934122625",
        "cumulative": false
    },
    {
        "date": "2020-11-22T10:49:15.358Z",
        "value": "3.6441523396032376",
        "cumulative": false
    },
    {
        "date": "2020-11-22T10:49:53.377Z",
        "value": "3.645837229665397",
        "cumulative": false
    },
    {
        "date": "2020-11-22T10:50:32.367Z",
        "value": "3.906411051881906",
        "cumulative": false
    },
    {
        "date": "2020-11-22T10:51:10.617Z",
        "value": "3.6629163268974465",
        "cumulative": false
    },
    {
        "date": "2020-11-22T10:51:47.765Z",
        "value": "3.65111744829463",
        "cumulative": false
    },
    {
        "date": "2020-11-22T10:52:24.480Z",
        "value": "3.6128016331568404",
        "cumulative": false
    },
    {
        "date": "2020-11-22T10:53:04.372Z",
        "value": "3.6436771327841386",
        "cumulative": false
    },
    {
        "date": "2020-11-22T10:53:40.785Z",
        "value": "3.792966652121375",
        "cumulative": false
    },
    {
        "date": "2020-11-22T10:54:19.083Z",
        "value": "3.611447743007115",
        "cumulative": false
    },
    {
        "date": "2020-11-22T10:54:54.153Z",
        "value": "3.632246871419364",
        "cumulative": false
    },
    {
        "date": "2020-11-22T10:55:31.531Z",
        "value": "3.600932627290866",
        "cumulative": false
    },
    {
        "date": "2020-11-22T10:56:07.055Z",
        "value": "3.8724301271832546",
        "cumulative": false
    },
    {
        "date": "2020-11-22T10:56:46.219Z",
        "value": "3.736469632839957",
        "cumulative": false
    },
    {
        "date": "2020-11-22T10:57:23.082Z",
        "value": "3.499246237630566",
        "cumulative": false
    },
    {
        "date": "2020-11-22T10:58:00.828Z",
        "value": "3.61568117859543",
        "cumulative": false
    },
    {
        "date": "2020-11-22T10:58:36.912Z",
        "value": "3.4913111464995827",
        "cumulative": false
    },
    {
        "date": "2020-11-22T10:59:14.762Z",
        "value": "3.806320863005997",
        "cumulative": false
    },
    {
        "date": "2020-11-22T10:59:56.170Z",
        "value": "3.705332611705421",
        "cumulative": false
    },
    {
        "date": "2020-11-22T11:00:35.137Z",
        "value": "3.795453224898878",
        "cumulative": false
    },
    {
        "date": "2020-11-22T11:01:12.441Z",
        "value": "3.7151068893925356",
        "cumulative": false
    },
    {
        "date": "2020-11-22T11:01:50.677Z",
        "value": "3.6367528132213387",
        "cumulative": false
    },
    {
        "date": "2020-11-22T11:02:26.936Z",
        "value": "3.654619944211994",
        "cumulative": false
    },
    {
        "date": "2020-11-22T11:03:06.973Z",
        "value": "3.5109880437480903",
        "cumulative": false
    },
    {
        "date": "2020-11-22T11:03:43.820Z",
        "value": "3.5221189463118248",
        "cumulative": false
    },
    {
        "date": "2020-11-22T11:04:22.803Z",
        "value": "3.727124174425249",
        "cumulative": false
    },
    {
        "date": "2020-11-22T11:04:59.872Z",
        "value": "3.8708901978386066",
        "cumulative": false
    },
    {
        "date": "2020-11-22T11:05:38.188Z",
        "value": "3.627989747019778",
        "cumulative": false
    },
    {
        "date": "2020-11-22T11:06:14.923Z",
        "value": "3.5628236140167364",
        "cumulative": false
    },
    {
        "date": "2020-11-22T11:06:53.473Z",
        "value": "3.6138379146191646",
        "cumulative": false
    },
    {
        "date": "2020-11-22T11:07:32.134Z",
        "value": "3.7256460738788486",
        "cumulative": false
    },
    {
        "date": "2020-11-22T11:08:10.755Z",
        "value": "3.5137823771216405",
        "cumulative": false
    },
    {
        "date": "2020-11-22T11:08:45.407Z",
        "value": "3.5077849314603693",
        "cumulative": false
    },
    {
        "date": "2020-11-22T11:09:23.903Z",
        "value": "3.6324869791666665",
        "cumulative": false
    },
    {
        "date": "2020-11-22T11:09:59.169Z",
        "value": "3.446308230565599",
        "cumulative": false
    },
    {
        "date": "2020-11-22T11:10:38.151Z",
        "value": "3.719321606163902",
        "cumulative": false
    },
    {
        "date": "2020-11-22T11:11:13.477Z",
        "value": "3.5064828704041435",
        "cumulative": false
    },
    {
        "date": "2020-11-22T11:11:51.554Z",
        "value": "3.6345127502129473",
        "cumulative": false
    },
    {
        "date": "2020-11-22T11:12:29.376Z",
        "value": "3.5898528548714705",
        "cumulative": false
    },
    {
        "date": "2020-11-22T11:13:07.744Z",
        "value": "3.763954701719754",
        "cumulative": false
    },
    {
        "date": "2020-11-22T11:13:44.113Z",
        "value": "3.4710801542861747",
        "cumulative": false
    },
    {
        "date": "2020-11-22T11:14:22.062Z",
        "value": "3.6524100963970803",
        "cumulative": false
    },
    {
        "date": "2020-11-22T11:14:56.562Z",
        "value": "3.59212579781278",
        "cumulative": false
    },
    {
        "date": "2020-11-22T11:15:34.439Z",
        "value": "3.34942291335659",
        "cumulative": false
    },
    {
        "date": "2020-11-22T11:16:09.812Z",
        "value": "3.486477465616295",
        "cumulative": false
    },
    {
        "date": "2020-11-22T11:16:47.496Z",
        "value": "3.6072955929254857",
        "cumulative": false
    },
    {
        "date": "2020-11-22T11:17:26.170Z",
        "value": "3.3994850577629543",
        "cumulative": false
    },
    {
        "date": "2020-11-22T11:18:03.697Z",
        "value": "3.471475353888425",
        "cumulative": false
    },
    {
        "date": "2020-11-22T11:18:40.541Z",
        "value": "3.5451366606998107",
        "cumulative": false
    },
    {
        "date": "2020-11-22T11:19:17.564Z",
        "value": "3.4470059562377418",
        "cumulative": false
    },
    {
        "date": "2020-11-22T11:19:52.629Z",
        "value": "3.548691713655846",
        "cumulative": false
    },
    {
        "date": "2020-11-22T11:20:30.215Z",
        "value": "3.7817310406275277",
        "cumulative": false
    },
    {
        "date": "2020-11-22T11:21:05.966Z",
        "value": "3.5460421150220545",
        "cumulative": false
    },
    {
        "date": "2020-11-22T11:21:44.268Z",
        "value": "3.5997756765377384",
        "cumulative": false
    },
    {
        "date": "2020-11-22T11:22:21.589Z",
        "value": "3.6738043630983865",
        "cumulative": false
    },
    {
        "date": "2020-11-22T11:23:00.065Z",
        "value": "3.5267392711281196",
        "cumulative": false
    },
    {
        "date": "2020-11-22T11:23:36.281Z",
        "value": "3.49504065269316",
        "cumulative": false
    },
    {
        "date": "2020-11-22T11:24:13.774Z",
        "value": "3.5384233869524766",
        "cumulative": false
    },
    {
        "date": "2020-11-22T11:24:50.934Z",
        "value": "3.631046947242404",
        "cumulative": false
    },
    {
        "date": "2020-11-22T11:25:28.669Z",
        "value": "3.497344505605217",
        "cumulative": false
    },
    {
        "date": "2020-11-22T11:26:06.928Z",
        "value": "3.279771033492903",
        "cumulative": false
    },
    {
        "date": "2020-11-22T11:26:44.400Z",
        "value": "3.488953925830752",
        "cumulative": false
    },
    {
        "date": "2020-11-22T11:27:19.920Z",
        "value": "3.3919044432075207",
        "cumulative": false
    },
    {
        "date": "2020-11-22T11:27:57.917Z",
        "value": "3.5428874577702705",
        "cumulative": false
    },
    {
        "date": "2020-11-22T11:28:40.057Z",
        "value": "3.3036996625721597",
        "cumulative": false
    },
    {
        "date": "2020-11-22T11:29:17.076Z",
        "value": "3.579558633495304",
        "cumulative": false
    },
    {
        "date": "2020-11-22T11:29:54.790Z",
        "value": "3.5151184241577114",
        "cumulative": false
    },
    {
        "date": "2020-11-22T11:30:32.372Z",
        "value": "3.5302196175771563",
        "cumulative": false
    },
    {
        "date": "2020-11-22T11:31:08.511Z",
        "value": "3.592059945570838",
        "cumulative": false
    },
    {
        "date": "2020-11-22T11:31:47.326Z",
        "value": "3.4902978007250867",
        "cumulative": false
    },
    {
        "date": "2020-11-22T11:32:24.205Z",
        "value": "3.492427759317175",
        "cumulative": false
    },
    {
        "date": "2020-11-22T11:33:02.665Z",
        "value": "3.413323547328543",
        "cumulative": false
    },
    {
        "date": "2020-11-22T11:33:38.007Z",
        "value": "3.406006952950028",
        "cumulative": false
    },
    {
        "date": "2020-11-22T11:34:18.037Z",
        "value": "3.449711700412924",
        "cumulative": false
    },
    {
        "date": "2020-11-22T11:34:54.126Z",
        "value": "3.549431677551737",
        "cumulative": false
    },
    {
        "date": "2020-11-22T11:35:33.747Z",
        "value": "3.5240179491829564",
        "cumulative": false
    },
    {
        "date": "2020-11-22T11:36:11.029Z",
        "value": "3.4166125675867955",
        "cumulative": false
    },
    {
        "date": "2020-11-22T11:36:50.851Z",
        "value": "3.445572423740536",
        "cumulative": false
    },
    {
        "date": "2020-11-22T11:37:27.224Z",
        "value": "3.5077663313001106",
        "cumulative": false
    },
    {
        "date": "2020-11-22T11:38:05.185Z",
        "value": "3.4898195704375667",
        "cumulative": false
    },
    {
        "date": "2020-11-22T11:38:20.392Z",
        "value": "3.4347591400146484",
        "cumulative": false
    },
    {
        "date": "2020-11-22T11:38:30.056Z",
        "value": "2.946676118111079",
        "cumulative": false
    },
    {
        "date": "2020-11-22T11:39:08.587Z",
        "value": "3.5177736079793425",
        "cumulative": false
    },
    {
        "date": "2020-11-22T11:39:45.598Z",
        "value": "3.394856600981607",
        "cumulative": false
    },
    {
        "date": "2020-11-22T11:40:22.962Z",
        "value": "3.4430564538577415",
        "cumulative": false
    },
    {
        "date": "2020-11-22T11:40:59.407Z",
        "value": "3.3996559104172257",
        "cumulative": false
    },
    {
        "date": "2020-11-22T11:41:36.410Z",
        "value": "3.4222088850288412",
        "cumulative": false
    },
    {
        "date": "2020-11-22T11:42:12.527Z",
        "value": "3.290274091400247",
        "cumulative": false
    },
    {
        "date": "2020-11-22T11:42:50.410Z",
        "value": "3.3197168078352974",
        "cumulative": false
    },
    {
        "date": "2020-11-22T11:43:26.169Z",
        "value": "3.4671281098096136",
        "cumulative": false
    },
    {
        "date": "2020-11-22T11:44:03.766Z",
        "value": "3.609632834631728",
        "cumulative": false
    },
    {
        "date": "2020-11-22T11:44:39.136Z",
        "value": "3.509738230904094",
        "cumulative": false
    },
    {
        "date": "2020-11-22T11:45:16.858Z",
        "value": "3.355689309662377",
        "cumulative": false
    },
    {
        "date": "2020-11-22T11:45:52.844Z",
        "value": "3.1953557903353484",
        "cumulative": false
    },
    {
        "date": "2020-11-22T11:46:30.284Z",
        "value": "3.359548836831352",
        "cumulative": false
    },
    {
        "date": "2020-11-22T11:47:05.994Z",
        "value": "3.3348790289859775",
        "cumulative": false
    },
    {
        "date": "2020-11-22T11:47:44.308Z",
        "value": "3.475775265494429",
        "cumulative": false
    },
    {
        "date": "2020-11-22T11:48:19.685Z",
        "value": "3.5240140183273283",
        "cumulative": false
    },
    {
        "date": "2020-11-22T11:48:58.438Z",
        "value": "3.407967825121866",
        "cumulative": false
    },
    {
        "date": "2020-11-22T11:49:35.382Z",
        "value": "3.399740724895468",
        "cumulative": false
    },
    {
        "date": "2020-11-22T11:50:13.520Z",
        "value": "3.6973309424481298",
        "cumulative": false
    },
    {
        "date": "2020-11-22T11:50:49.081Z",
        "value": "3.4245780833508697",
        "cumulative": false
    },
    {
        "date": "2020-11-22T11:51:28.530Z",
        "value": "3.449124412546829",
        "cumulative": false
    },
    {
        "date": "2020-11-22T11:52:04.768Z",
        "value": "3.392370983638013",
        "cumulative": false
    },
    {
        "date": "2020-11-22T11:52:43.137Z",
        "value": "3.1670826051143965",
        "cumulative": false
    },
    {
        "date": "2020-11-22T11:53:20.618Z",
        "value": "3.3986856659742215",
        "cumulative": false
    },
    {
        "date": "2020-11-22T11:54:00.353Z",
        "value": "3.4433253866641547",
        "cumulative": false
    },
    {
        "date": "2020-11-22T11:54:36.915Z",
        "value": "3.5050412955499866",
        "cumulative": false
    },
    {
        "date": "2020-11-22T11:55:14.265Z",
        "value": "3.5145761939730202",
        "cumulative": false
    },
    {
        "date": "2020-11-22T11:55:50.344Z",
        "value": "3.4205313087406015",
        "cumulative": false
    },
    {
        "date": "2020-11-22T11:56:29.641Z",
        "value": "3.4954680087568235",
        "cumulative": false
    },
    {
        "date": "2020-11-22T11:57:05.335Z",
        "value": "3.272952641282126",
        "cumulative": false
    },
    {
        "date": "2020-11-22T11:57:43.529Z",
        "value": "3.465991008331172",
        "cumulative": false
    },
    {
        "date": "2020-11-22T11:58:20.945Z",
        "value": "3.4665891444477",
        "cumulative": false
    },
    {
        "date": "2020-11-22T11:58:58.596Z",
        "value": "3.1382986985218175",
        "cumulative": false
    },
    {
        "date": "2020-11-22T11:59:34.168Z",
        "value": "3.4265997964381323",
        "cumulative": false
    },
    {
        "date": "2020-11-22T12:00:12.467Z",
        "value": "3.4037583424684033",
        "cumulative": false
    },
    {
        "date": "2020-11-22T12:00:49.218Z",
        "value": "3.2890086905005456",
        "cumulative": false
    },
    {
        "date": "2020-11-22T12:01:27.356Z",
        "value": "3.4502123915100498",
        "cumulative": false
    },
    {
        "date": "2020-11-22T12:02:03.910Z",
        "value": "3.398217461527294",
        "cumulative": false
    },
    {
        "date": "2020-11-22T12:02:42.816Z",
        "value": "3.433353155551676",
        "cumulative": false
    },
    {
        "date": "2020-11-22T12:03:18.382Z",
        "value": "3.4137913325006575",
        "cumulative": false
    },
    {
        "date": "2020-11-22T12:03:55.891Z",
        "value": "3.3229997532681854",
        "cumulative": false
    },
    {
        "date": "2020-11-22T12:04:33.242Z",
        "value": "3.296392343492869",
        "cumulative": false
    },
    {
        "date": "2020-11-22T12:05:10.337Z",
        "value": "3.38858840374279",
        "cumulative": false
    },
    {
        "date": "2020-11-22T12:05:46.477Z",
        "value": "3.5017237889332966",
        "cumulative": false
    },
    {
        "date": "2020-11-22T12:06:24.804Z",
        "value": "3.568687182864949",
        "cumulative": false
    },
    {
        "date": "2020-11-22T12:07:00.539Z",
        "value": "3.4657743536303953",
        "cumulative": false
    },
    {
        "date": "2020-11-22T12:07:44.478Z",
        "value": "3.541265489327062",
        "cumulative": false
    },
    {
        "date": "2020-11-22T12:08:20.321Z",
        "value": "3.3621662319106544",
        "cumulative": false
    },
    {
        "date": "2020-11-22T12:08:59.914Z",
        "value": "3.119687025109556",
        "cumulative": false
    },
    {
        "date": "2020-11-22T12:09:35.686Z",
        "value": "3.4556493947628457",
        "cumulative": false
    },
    {
        "date": "2020-11-22T12:10:15.612Z",
        "value": "3.5284059563638954",
        "cumulative": false
    },
    {
        "date": "2020-11-22T12:10:51.496Z",
        "value": "3.5274711944772013",
        "cumulative": false
    },
    {
        "date": "2020-11-22T12:11:28.508Z",
        "value": "3.459228515625",
        "cumulative": false
    },
    {
        "date": "2020-11-22T12:12:05.550Z",
        "value": "3.3254992942678365",
        "cumulative": false
    },
    {
        "date": "2020-11-22T12:12:42.766Z",
        "value": "3.453001755270232",
        "cumulative": false
    },
    {
        "date": "2020-11-22T12:13:17.835Z",
        "value": "3.2455392588373377",
        "cumulative": false
    },
    {
        "date": "2020-11-22T12:13:55.465Z",
        "value": "3.180932645608993",
        "cumulative": false
    },
    {
        "date": "2020-11-22T12:14:32.259Z",
        "value": "3.329009412091988",
        "cumulative": false
    },
    {
        "date": "2020-11-22T12:15:10.121Z",
        "value": "3.433083555388728",
        "cumulative": false
    },
    {
        "date": "2020-11-22T12:15:47.069Z",
        "value": "3.402901922958682",
        "cumulative": false
    },
    {
        "date": "2020-11-22T12:16:26.282Z",
        "value": "3.4600103870498238",
        "cumulative": false
    },
    {
        "date": "2020-11-22T12:17:01.346Z",
        "value": "3.3542732166890983",
        "cumulative": false
    },
    {
        "date": "2020-11-22T12:17:39.408Z",
        "value": "3.5301222755155313",
        "cumulative": false
    },
    {
        "date": "2020-11-22T12:18:16.136Z",
        "value": "3.0732452194467963",
        "cumulative": false
    },
    {
        "date": "2020-11-22T12:18:55.611Z",
        "value": "3.3520830361338616",
        "cumulative": false
    },
    {
        "date": "2020-11-22T12:19:33.286Z",
        "value": "3.501872092199173",
        "cumulative": false
    },
    {
        "date": "2020-11-22T12:20:10.353Z",
        "value": "3.5561372216534424",
        "cumulative": false
    },
    {
        "date": "2020-11-22T12:20:45.303Z",
        "value": "3.335841233691355",
        "cumulative": false
    },
    {
        "date": "2020-11-22T12:21:23.855Z",
        "value": "3.454107604225253",
        "cumulative": false
    },
    {
        "date": "2020-11-22T12:22:00.085Z",
        "value": "3.3142675598812383",
        "cumulative": false
    },
    {
        "date": "2020-11-22T12:22:39.702Z",
        "value": "3.260312136727298",
        "cumulative": false
    },
    {
        "date": "2020-11-22T12:23:15.449Z",
        "value": "3.390284383343873",
        "cumulative": false
    },
    {
        "date": "2020-11-22T12:23:54.368Z",
        "value": "3.4420524288774166",
        "cumulative": false
    },
    {
        "date": "2020-11-22T12:24:32.156Z",
        "value": "3.484941718355761",
        "cumulative": false
    },
    {
        "date": "2020-11-22T12:25:08.967Z",
        "value": "3.3485906217070602",
        "cumulative": false
    },
    {
        "date": "2020-11-22T12:25:45.319Z",
        "value": "3.1794008757961785",
        "cumulative": false
    },
    {
        "date": "2020-11-22T12:26:23.498Z",
        "value": "3.5075104890046296",
        "cumulative": false
    },
    {
        "date": "2020-11-22T12:26:59.100Z",
        "value": "3.3423362797142095",
        "cumulative": false
    },
    {
        "date": "2020-11-22T12:27:35.762Z",
        "value": "3.2981010716623036",
        "cumulative": false
    },
    {
        "date": "2020-11-22T12:28:11.188Z",
        "value": "3.381896613717719",
        "cumulative": false
    },
    {
        "date": "2020-11-22T12:28:48.916Z",
        "value": "3.2975636646775546",
        "cumulative": false
    },
    {
        "date": "2020-11-22T12:29:25.771Z",
        "value": "3.390321900007145",
        "cumulative": false
    },
    {
        "date": "2020-11-22T12:30:03.916Z",
        "value": "3.0374204241699494",
        "cumulative": false
    },
    {
        "date": "2020-11-22T12:30:39.740Z",
        "value": "3.3505271179248455",
        "cumulative": false
    },
    {
        "date": "2020-11-22T12:31:18.364Z",
        "value": "3.380191215034965",
        "cumulative": false
    },
    {
        "date": "2020-11-22T12:31:52.022Z",
        "value": "3.4069226902541225",
        "cumulative": false
    },
    {
        "date": "2020-11-22T12:32:30.084Z",
        "value": "3.4204938654834676",
        "cumulative": false
    },
    {
        "date": "2020-11-22T12:33:05.248Z",
        "value": "3.346529283007919",
        "cumulative": false
    },
    {
        "date": "2020-11-22T12:33:41.603Z",
        "value": "3.450359114583333",
        "cumulative": false
    },
    {
        "date": "2020-11-22T12:34:16.013Z",
        "value": "3.4233720352881067",
        "cumulative": false
    },
    {
        "date": "2020-11-22T12:34:54.827Z",
        "value": "3.5414301409513156",
        "cumulative": false
    },
    {
        "date": "2020-11-22T12:35:31.355Z",
        "value": "3.4028901781071244",
        "cumulative": false
    },
    {
        "date": "2020-11-22T12:36:10.438Z",
        "value": "3.4139184666701916",
        "cumulative": false
    },
    {
        "date": "2020-11-22T12:36:52.212Z",
        "value": "3.4024108008028793",
        "cumulative": false
    },
    {
        "date": "2020-11-22T12:37:30.145Z",
        "value": "3.2739428295658013",
        "cumulative": false
    },
    {
        "date": "2020-11-22T12:38:07.038Z",
        "value": "3.4374994583679976",
        "cumulative": false
    },
    {
        "date": "2020-11-22T12:38:46.984Z",
        "value": "3.282206719046329",
        "cumulative": false
    },
    {
        "date": "2020-11-22T12:39:23.558Z",
        "value": "3.5523139216084485",
        "cumulative": false
    },
    {
        "date": "2020-11-22T12:40:01.509Z",
        "value": "3.2098000557450157",
        "cumulative": false
    },
    {
        "date": "2020-11-22T12:40:37.572Z",
        "value": "3.268087659871396",
        "cumulative": false
    },
    {
        "date": "2020-11-22T12:41:17.384Z",
        "value": "3.4145520199137493",
        "cumulative": false
    },
    {
        "date": "2020-11-22T12:41:51.850Z",
        "value": "3.231370999582486",
        "cumulative": false
    },
    {
        "date": "2020-11-22T12:42:32.188Z",
        "value": "3.326573791678592",
        "cumulative": false
    },
    {
        "date": "2020-11-22T12:43:08.779Z",
        "value": "3.3089420193774264",
        "cumulative": false
    },
    {
        "date": "2020-11-22T12:43:48.606Z",
        "value": "3.3341291291925885",
        "cumulative": false
    },
    {
        "date": "2020-11-22T12:44:25.297Z",
        "value": "3.1908701563292743",
        "cumulative": false
    },
    {
        "date": "2020-11-22T12:45:03.329Z",
        "value": "3.4845777021479245",
        "cumulative": false
    },
    {
        "date": "2020-11-22T12:45:38.255Z",
        "value": "3.463592331387808",
        "cumulative": false
    },
    {
        "date": "2020-11-22T12:46:16.080Z",
        "value": "3.2798855952248442",
        "cumulative": false
    },
    {
        "date": "2020-11-22T12:46:52.482Z",
        "value": "3.3754422828376307",
        "cumulative": false
    },
    {
        "date": "2020-11-22T12:47:31.582Z",
        "value": "3.2940880470685383",
        "cumulative": false
    },
    {
        "date": "2020-11-22T12:48:07.992Z",
        "value": "3.3516132374555645",
        "cumulative": false
    },
    {
        "date": "2020-11-22T12:48:45.612Z",
        "value": "3.219605274689503",
        "cumulative": false
    },
    {
        "date": "2020-11-22T12:49:20.729Z",
        "value": "3.2402124149112708",
        "cumulative": false
    },
    {
        "date": "2020-11-22T12:49:58.116Z",
        "value": "3.2743989089439656",
        "cumulative": false
    },
    {
        "date": "2020-11-22T12:50:32.810Z",
        "value": "3.253483995022715",
        "cumulative": false
    },
    {
        "date": "2020-11-22T12:51:10.225Z",
        "value": "3.4012260324483776",
        "cumulative": false
    },
    {
        "date": "2020-11-22T12:51:47.431Z",
        "value": "3.593667266676564",
        "cumulative": false
    },
    {
        "date": "2020-11-22T12:52:26.513Z",
        "value": "3.2434094933573108",
        "cumulative": false
    },
    {
        "date": "2020-11-22T12:53:01.476Z",
        "value": "3.183707949112022",
        "cumulative": false
    },
    {
        "date": "2020-11-22T12:53:41.046Z",
        "value": "3.230154463707938",
        "cumulative": false
    },
    {
        "date": "2020-11-22T12:54:16.947Z",
        "value": "3.2513307490121366",
        "cumulative": false
    },
    {
        "date": "2020-11-22T12:54:54.798Z",
        "value": "3.344052175209659",
        "cumulative": false
    },
    {
        "date": "2020-11-22T12:55:31.030Z",
        "value": "3.273117148993702",
        "cumulative": false
    },
    {
        "date": "2020-11-22T12:56:08.617Z",
        "value": "3.38766500263749",
        "cumulative": false
    },
    {
        "date": "2020-11-22T12:56:45.399Z",
        "value": "3.31146819970651",
        "cumulative": false
    },
    {
        "date": "2020-11-22T12:57:26.370Z",
        "value": "3.4059566414046905",
        "cumulative": false
    },
    {
        "date": "2020-11-22T12:58:03.344Z",
        "value": "3.4770583918683347",
        "cumulative": false
    },
    {
        "date": "2020-11-22T12:58:42.695Z",
        "value": "3.3436350122653584",
        "cumulative": false
    },
    {
        "date": "2020-11-22T12:59:17.849Z",
        "value": "3.2539965616295263",
        "cumulative": false
    },
    {
        "date": "2020-11-22T12:59:55.618Z",
        "value": "3.4331663527043768",
        "cumulative": false
    },
    {
        "date": "2020-11-22T13:00:34.188Z",
        "value": "3.347608678729588",
        "cumulative": false
    },
    {
        "date": "2020-11-22T13:01:12.688Z",
        "value": "3.357387007201785",
        "cumulative": false
    },
    {
        "date": "2020-11-22T13:01:50.326Z",
        "value": "3.2943937370139507",
        "cumulative": false
    },
    {
        "date": "2020-11-22T13:02:29.598Z",
        "value": "3.3452478014667704",
        "cumulative": false
    },
    {
        "date": "2020-11-22T13:03:06.520Z",
        "value": "3.0348306374189686",
        "cumulative": false
    },
    {
        "date": "2020-11-22T13:03:43.373Z",
        "value": "3.39049922472948",
        "cumulative": false
    },
    {
        "date": "2020-11-22T13:04:20.770Z",
        "value": "3.358531907873164",
        "cumulative": false
    },
    {
        "date": "2020-11-22T13:04:58.031Z",
        "value": "3.2443914163746363",
        "cumulative": false
    },
    {
        "date": "2020-11-22T13:05:41.997Z",
        "value": "3.379129573490355",
        "cumulative": false
    },
    {
        "date": "2020-11-22T13:06:19.549Z",
        "value": "3.379281513921879",
        "cumulative": false
    },
    {
        "date": "2020-11-22T13:06:55.102Z",
        "value": "3.37733556992793",
        "cumulative": false
    },
    {
        "date": "2020-11-22T13:07:33.368Z",
        "value": "3.3525103087513632",
        "cumulative": false
    },
    {
        "date": "2020-11-22T13:08:10.615Z",
        "value": "3.2364453125",
        "cumulative": false
    },
    {
        "date": "2020-11-22T13:08:48.665Z",
        "value": "3.2986907829709122",
        "cumulative": false
    },
    {
        "date": "2020-11-22T13:09:26.105Z",
        "value": "3.3509910150143303",
        "cumulative": false
    },
    {
        "date": "2020-11-22T13:10:03.119Z",
        "value": "3.3104190100091286",
        "cumulative": false
    },
    {
        "date": "2020-11-22T13:10:39.520Z",
        "value": "3.2742626042792486",
        "cumulative": false
    },
    {
        "date": "2020-11-22T13:11:16.591Z",
        "value": "3.3264598934331797",
        "cumulative": false
    },
    {
        "date": "2020-11-22T13:11:53.855Z",
        "value": "3.2876351359822147",
        "cumulative": false
    },
    {
        "date": "2020-11-22T13:12:31.868Z",
        "value": "3.296298300622726",
        "cumulative": false
    },
    {
        "date": "2020-11-22T13:13:07.721Z",
        "value": "3.364772020188053",
        "cumulative": false
    },
    {
        "date": "2020-11-22T13:13:46.257Z",
        "value": "3.34180997557597",
        "cumulative": false
    },
    {
        "date": "2020-11-22T13:14:23.322Z",
        "value": "3.3547334626247065",
        "cumulative": false
    },
    {
        "date": "2020-11-22T13:15:00.773Z",
        "value": "3.3519463846387167",
        "cumulative": false
    },
    {
        "date": "2020-11-22T13:15:16.193Z",
        "value": "3.241795301437378",
        "cumulative": false
    },
    {
        "date": "2020-11-22T13:15:36.169Z",
        "value": "2.5691683087442736",
        "cumulative": false
    },
    {
        "date": "2020-11-22T13:16:14.522Z",
        "value": "2.987109208161304",
        "cumulative": false
    },
    {
        "date": "2020-11-22T13:16:49.959Z",
        "value": "3.180601591412239",
        "cumulative": false
    },
    {
        "date": "2020-11-22T13:17:28.136Z",
        "value": "3.4766929677124834",
        "cumulative": false
    },
    {
        "date": "2020-11-22T13:18:03.216Z",
        "value": "3.2413820347386393",
        "cumulative": false
    },
    {
        "date": "2020-11-22T13:18:41.060Z",
        "value": "3.4725904711787563",
        "cumulative": false
    },
    {
        "date": "2020-11-22T13:19:18.642Z",
        "value": "3.4609741278268062",
        "cumulative": false
    },
    {
        "date": "2020-11-22T13:19:57.319Z",
        "value": "3.3350106203843",
        "cumulative": false
    },
    {
        "date": "2020-11-22T13:20:33.173Z",
        "value": "3.154800642015156",
        "cumulative": false
    },
    {
        "date": "2020-11-22T13:21:12.633Z",
        "value": "3.139521882971939",
        "cumulative": false
    },
    {
        "date": "2020-11-22T13:21:48.501Z",
        "value": "3.061154598254336",
        "cumulative": false
    },
    {
        "date": "2020-11-22T13:22:28.306Z",
        "value": "3.314100939162234",
        "cumulative": false
    },
    {
        "date": "2020-11-22T13:23:03.802Z",
        "value": "3.291709661681404",
        "cumulative": false
    },
    {
        "date": "2020-11-22T13:23:40.941Z",
        "value": "3.1927734375",
        "cumulative": false
    },
    {
        "date": "2020-11-22T13:24:16.270Z",
        "value": "3.1428209637243896",
        "cumulative": false
    },
    {
        "date": "2020-11-22T13:24:54.504Z",
        "value": "3.248389147253129",
        "cumulative": false
    },
    {
        "date": "2020-11-22T13:25:29.562Z",
        "value": "3.055521431133429",
        "cumulative": false
    },
    {
        "date": "2020-11-22T13:26:06.450Z",
        "value": "3.3283164276448542",
        "cumulative": false
    },
    {
        "date": "2020-11-22T13:26:43.535Z",
        "value": "3.1144050818129623",
        "cumulative": false
    },
    {
        "date": "2020-11-22T13:27:21.432Z",
        "value": "3.3553975755529026",
        "cumulative": false
    },
    {
        "date": "2020-11-22T13:27:58.061Z",
        "value": "3.315700684943339",
        "cumulative": false
    },
    {
        "date": "2020-11-22T13:28:36.241Z",
        "value": "3.2942855005632214",
        "cumulative": false
    },
    {
        "date": "2020-11-22T13:29:12.625Z",
        "value": "3.3023532118772363",
        "cumulative": false
    },
    {
        "date": "2020-11-22T13:29:50.329Z",
        "value": "3.2340634781573216",
        "cumulative": false
    },
    {
        "date": "2020-11-22T13:30:27.418Z",
        "value": "3.2139750523915187",
        "cumulative": false
    },
    {
        "date": "2020-11-22T13:31:04.346Z",
        "value": "3.257032939365932",
        "cumulative": false
    },
    {
        "date": "2020-11-22T13:31:40.080Z",
        "value": "3.193663985640914",
        "cumulative": false
    },
    {
        "date": "2020-11-22T13:32:17.457Z",
        "value": "3.159916890764095",
        "cumulative": false
    },
    {
        "date": "2020-11-22T13:32:53.894Z",
        "value": "3.295261189088983",
        "cumulative": false
    },
    {
        "date": "2020-11-22T13:33:32.325Z",
        "value": "3.2096553734094853",
        "cumulative": false
    },
    {
        "date": "2020-11-22T13:34:07.403Z",
        "value": "3.25556293729817",
        "cumulative": false
    },
    {
        "date": "2020-11-22T13:34:45.042Z",
        "value": "3.311382004310345",
        "cumulative": false
    },
    {
        "date": "2020-11-22T13:35:21.689Z",
        "value": "3.456000564759036",
        "cumulative": false
    },
    {
        "date": "2020-11-22T13:36:00.792Z",
        "value": "3.2585940674952587",
        "cumulative": false
    },
    {
        "date": "2020-11-22T13:36:36.180Z",
        "value": "3.2746770886520298",
        "cumulative": false
    },
    {
        "date": "2020-11-22T13:37:11.604Z",
        "value": "3.3551637071929465",
        "cumulative": false
    },
    {
        "date": "2020-11-22T13:37:48.628Z",
        "value": "3.2249519979964383",
        "cumulative": false
    },
    {
        "date": "2020-11-22T13:38:27.234Z",
        "value": "3.212519106657609",
        "cumulative": false
    },
    {
        "date": "2020-11-22T13:39:04.927Z",
        "value": "3.295156542681295",
        "cumulative": false
    },
    {
        "date": "2020-11-22T13:39:42.847Z",
        "value": "3.1940225975635297",
        "cumulative": false
    },
    {
        "date": "2020-11-22T13:40:19.576Z",
        "value": "3.2895987041643946",
        "cumulative": false
    },
    {
        "date": "2020-11-22T13:40:57.787Z",
        "value": "3.3409320634664947",
        "cumulative": false
    },
    {
        "date": "2020-11-22T13:41:33.649Z",
        "value": "3.291376109491156",
        "cumulative": false
    },
    {
        "date": "2020-11-22T13:42:12.661Z",
        "value": "3.238313521851569",
        "cumulative": false
    },
    {
        "date": "2020-11-22T13:42:49.261Z",
        "value": "3.249762576326502",
        "cumulative": false
    },
    {
        "date": "2020-11-22T13:43:26.665Z",
        "value": "3.3404848223202395",
        "cumulative": false
    },
    {
        "date": "2020-11-22T13:44:03.785Z",
        "value": "3.3117309707934046",
        "cumulative": false
    },
    {
        "date": "2020-11-22T13:44:48.648Z",
        "value": "3.2191505842776205",
        "cumulative": false
    },
    {
        "date": "2020-11-22T13:45:23.410Z",
        "value": "3.09341374476161",
        "cumulative": false
    },
    {
        "date": "2020-11-22T13:46:01.014Z",
        "value": "3.2028744927488026",
        "cumulative": false
    },
    {
        "date": "2020-11-22T13:46:35.833Z",
        "value": "3.3471845877228525",
        "cumulative": false
    },
    {
        "date": "2020-11-22T13:47:14.205Z",
        "value": "3.1062681766819797",
        "cumulative": false
    },
    {
        "date": "2020-11-22T13:47:50.768Z",
        "value": "3.1755221566595346",
        "cumulative": false
    },
    {
        "date": "2020-11-22T13:48:30.322Z",
        "value": "3.3115149813041196",
        "cumulative": false
    },
    {
        "date": "2020-11-22T13:49:07.280Z",
        "value": "3.481295479910714",
        "cumulative": false
    },
    {
        "date": "2020-11-22T13:49:45.505Z",
        "value": "3.3293578272020388",
        "cumulative": false
    },
    {
        "date": "2020-11-22T13:50:20.669Z",
        "value": "3.2568336970354173",
        "cumulative": false
    },
    {
        "date": "2020-11-22T13:50:57.940Z",
        "value": "3.168008740961483",
        "cumulative": false
    },
    {
        "date": "2020-11-22T13:51:35.217Z",
        "value": "3.2864929401993357",
        "cumulative": false
    },
    {
        "date": "2020-11-22T13:52:13.306Z",
        "value": "3.3189055508948546",
        "cumulative": false
    },
    {
        "date": "2020-11-22T13:52:48.190Z",
        "value": "3.268158024053838",
        "cumulative": false
    },
    {
        "date": "2020-11-22T13:53:27.733Z",
        "value": "3.248753163130893",
        "cumulative": false
    },
    {
        "date": "2020-11-22T13:54:03.759Z",
        "value": "3.1565145993365924",
        "cumulative": false
    },
    {
        "date": "2020-11-22T13:54:42.536Z",
        "value": "3.1792177504133123",
        "cumulative": false
    },
    {
        "date": "2020-11-22T13:55:18.848Z",
        "value": "3.214566420542499",
        "cumulative": false
    },
    {
        "date": "2020-11-22T13:55:57.500Z",
        "value": "3.1885294956443584",
        "cumulative": false
    },
    {
        "date": "2020-11-22T13:56:33.339Z",
        "value": "3.1196642221894653",
        "cumulative": false
    },
    {
        "date": "2020-11-22T13:57:11.774Z",
        "value": "3.215378431316714",
        "cumulative": false
    },
    {
        "date": "2020-11-22T13:57:47.543Z",
        "value": "3.186829820873375",
        "cumulative": false
    },
    {
        "date": "2020-11-22T13:58:25.309Z",
        "value": "3.0759378296413504",
        "cumulative": false
    },
    {
        "date": "2020-11-22T13:59:01.886Z",
        "value": "3.3482338915836394",
        "cumulative": false
    },
    {
        "date": "2020-11-22T13:59:41.279Z",
        "value": "3.2586278119202228",
        "cumulative": false
    },
    {
        "date": "2020-11-22T14:00:16.900Z",
        "value": "3.3026757122349824",
        "cumulative": false
    },
    {
        "date": "2020-11-22T14:00:54.405Z",
        "value": "3.27928488913647",
        "cumulative": false
    },
    {
        "date": "2020-11-22T14:01:30.912Z",
        "value": "3.243346465664303",
        "cumulative": false
    },
    {
        "date": "2020-11-22T14:02:08.811Z",
        "value": "3.1425172917240904",
        "cumulative": false
    },
    {
        "date": "2020-11-22T14:02:44.837Z",
        "value": "3.201328939220921",
        "cumulative": false
    },
    {
        "date": "2020-11-22T14:03:21.845Z",
        "value": "3.183190180311891",
        "cumulative": false
    },
    {
        "date": "2020-11-22T14:03:57.876Z",
        "value": "3.225703500796282",
        "cumulative": false
    },
    {
        "date": "2020-11-22T14:04:37.145Z",
        "value": "3.346836766162057",
        "cumulative": false
    },
    {
        "date": "2020-11-22T14:05:11.809Z",
        "value": "3.272080918874172",
        "cumulative": false
    },
    {
        "date": "2020-11-22T14:05:49.325Z",
        "value": "3.3311404098537003",
        "cumulative": false
    },
    {
        "date": "2020-11-22T14:06:24.665Z",
        "value": "3.194633963496954",
        "cumulative": false
    },
    {
        "date": "2020-11-22T14:07:04.187Z",
        "value": "3.299915399090842",
        "cumulative": false
    },
    {
        "date": "2020-11-22T14:07:40.968Z",
        "value": "3.3323088381539914",
        "cumulative": false
    },
    {
        "date": "2020-11-22T14:08:18.789Z",
        "value": "3.3006686961055807",
        "cumulative": false
    },
    {
        "date": "2020-11-22T14:08:53.713Z",
        "value": "3.253630246596802",
        "cumulative": false
    },
    {
        "date": "2020-11-22T14:09:31.969Z",
        "value": "3.263210991753472",
        "cumulative": false
    },
    {
        "date": "2020-11-22T14:10:08.484Z",
        "value": "3.354553827595201",
        "cumulative": false
    },
    {
        "date": "2020-11-22T14:10:45.453Z",
        "value": "3.163972523948766",
        "cumulative": false
    },
    {
        "date": "2020-11-22T14:11:22.948Z",
        "value": "3.321501233882282",
        "cumulative": false
    },
    {
        "date": "2020-11-22T14:12:01.207Z",
        "value": "3.249710063103313",
        "cumulative": false
    },
    {
        "date": "2020-11-22T14:12:37.944Z",
        "value": "3.051914909411804",
        "cumulative": false
    },
    {
        "date": "2020-11-22T14:13:16.907Z",
        "value": "3.067238296348702",
        "cumulative": false
    },
    {
        "date": "2020-11-22T14:13:58.294Z",
        "value": "3.1137437437212974",
        "cumulative": false
    },
    {
        "date": "2020-11-22T14:14:37.729Z",
        "value": "3.1512997536343303",
        "cumulative": false
    },
    {
        "date": "2020-11-22T14:15:15.026Z",
        "value": "3.085776833121448",
        "cumulative": false
    },
    {
        "date": "2020-11-22T14:15:52.297Z",
        "value": "3.2362856186754922",
        "cumulative": false
    },
    {
        "date": "2020-11-22T14:16:27.368Z",
        "value": "3.4224155522944617",
        "cumulative": false
    },
    {
        "date": "2020-11-22T14:17:05.433Z",
        "value": "3.2071656064984495",
        "cumulative": false
    },
    {
        "date": "2020-11-22T14:17:40.347Z",
        "value": "3.020927611887115",
        "cumulative": false
    },
    {
        "date": "2020-11-22T14:18:17.267Z",
        "value": "3.3907514311375233",
        "cumulative": false
    },
    {
        "date": "2020-11-22T14:18:53.380Z",
        "value": "3.16573635569991",
        "cumulative": false
    },
    {
        "date": "2020-11-22T14:19:32.036Z",
        "value": "3.446484865119197",
        "cumulative": false
    },
    {
        "date": "2020-11-22T14:20:09.376Z",
        "value": "3.3220917585784315",
        "cumulative": false
    },
    {
        "date": "2020-11-22T14:20:47.588Z",
        "value": "3.254306467850541",
        "cumulative": false
    },
    {
        "date": "2020-11-22T14:21:23.804Z",
        "value": "3.3111328125",
        "cumulative": false
    },
    {
        "date": "2020-11-22T14:22:02.634Z",
        "value": "3.146896869803215",
        "cumulative": false
    },
    {
        "date": "2020-11-22T14:22:38.198Z",
        "value": "3.207297654423227",
        "cumulative": false
    },
    {
        "date": "2020-11-22T14:23:16.749Z",
        "value": "3.1571100754450363",
        "cumulative": false
    },
    {
        "date": "2020-11-22T14:23:52.305Z",
        "value": "3.2715153811906377",
        "cumulative": false
    },
    {
        "date": "2020-11-22T14:24:29.774Z",
        "value": "3.496603152830789",
        "cumulative": false
    },
    {
        "date": "2020-11-22T14:25:05.859Z",
        "value": "3.213746151097544",
        "cumulative": false
    },
    {
        "date": "2020-11-22T14:25:43.845Z",
        "value": "3.3007553610119804",
        "cumulative": false
    },
    {
        "date": "2020-11-22T14:26:18.866Z",
        "value": "3.2238163479149056",
        "cumulative": false
    },
    {
        "date": "2020-11-22T14:26:57.794Z",
        "value": "3.167418615826736",
        "cumulative": false
    },
    {
        "date": "2020-11-22T14:27:34.206Z",
        "value": "3.2006770261460336",
        "cumulative": false
    },
    {
        "date": "2020-11-22T14:28:13.701Z",
        "value": "3.176895292082717",
        "cumulative": false
    },
    {
        "date": "2020-11-22T14:28:47.902Z",
        "value": "3.2063406225534967",
        "cumulative": false
    },
    {
        "date": "2020-11-22T14:29:25.822Z",
        "value": "3.2074520431091877",
        "cumulative": false
    },
    {
        "date": "2020-11-22T14:30:01.358Z",
        "value": "3.111459425106649",
        "cumulative": false
    },
    {
        "date": "2020-11-22T14:30:36.752Z",
        "value": "3.212209169708029",
        "cumulative": false
    },
    {
        "date": "2020-11-22T14:31:12.865Z",
        "value": "3.264384443085623",
        "cumulative": false
    },
    {
        "date": "2020-11-22T14:31:51.724Z",
        "value": "3.2548164441747574",
        "cumulative": false
    },
    {
        "date": "2020-11-22T14:32:28.323Z",
        "value": "3.371415900863878",
        "cumulative": false
    },
    {
        "date": "2020-11-22T14:33:05.917Z",
        "value": "3.2342009565195142",
        "cumulative": false
    },
    {
        "date": "2020-11-22T14:33:41.613Z",
        "value": "3.387826823620876",
        "cumulative": false
    },
    {
        "date": "2020-11-22T14:34:21.451Z",
        "value": "3.2608478200883004",
        "cumulative": false
    },
    {
        "date": "2020-11-22T14:34:57.559Z",
        "value": "3.285106204182653",
        "cumulative": false
    },
    {
        "date": "2020-11-22T14:35:36.243Z",
        "value": "3.232228114723212",
        "cumulative": false
    },
    {
        "date": "2020-11-22T14:36:13.917Z",
        "value": "3.2469705157628805",
        "cumulative": false
    },
    {
        "date": "2020-11-22T14:36:53.521Z",
        "value": "3.3236935812465025",
        "cumulative": false
    },
    {
        "date": "2020-11-22T14:37:28.874Z",
        "value": "3.1380994729334817",
        "cumulative": false
    },
    {
        "date": "2020-11-22T14:38:08.583Z",
        "value": "3.1721318140645587",
        "cumulative": false
    },
    {
        "date": "2020-11-22T14:38:44.061Z",
        "value": "3.1753837249538623",
        "cumulative": false
    },
    {
        "date": "2020-11-22T14:39:22.597Z",
        "value": "3.214222127255876",
        "cumulative": false
    },
    {
        "date": "2020-11-22T14:39:57.820Z",
        "value": "3.193112167117749",
        "cumulative": false
    },
    {
        "date": "2020-11-22T14:40:36.878Z",
        "value": "3.031872108631837",
        "cumulative": false
    },
    {
        "date": "2020-11-22T14:41:12.938Z",
        "value": "3.2967214191296095",
        "cumulative": false
    },
    {
        "date": "2020-11-22T14:41:50.899Z",
        "value": "3.154534984223953",
        "cumulative": false
    },
    {
        "date": "2020-11-22T14:42:34.054Z",
        "value": "3.3408493993036403",
        "cumulative": false
    },
    {
        "date": "2020-11-22T14:43:15.065Z",
        "value": "3.4021273460613903",
        "cumulative": false
    },
    {
        "date": "2020-11-22T14:43:51.189Z",
        "value": "3.083065012350725",
        "cumulative": false
    },
    {
        "date": "2020-11-22T14:44:27.960Z",
        "value": "3.4088870494145036",
        "cumulative": false
    },
    {
        "date": "2020-11-22T14:45:05.356Z",
        "value": "3.1123427463734123",
        "cumulative": false
    },
    {
        "date": "2020-11-22T14:45:44.840Z",
        "value": "3.4044911795799884",
        "cumulative": false
    },
    {
        "date": "2020-11-22T14:46:20.850Z",
        "value": "3.282596317871661",
        "cumulative": false
    },
    {
        "date": "2020-11-22T14:46:58.692Z",
        "value": "3.217093204184046",
        "cumulative": false
    },
    {
        "date": "2020-11-22T14:47:36.149Z",
        "value": "3.265778843860725",
        "cumulative": false
    },
    {
        "date": "2020-11-22T14:48:14.594Z",
        "value": "3.145595546457219",
        "cumulative": false
    },
    {
        "date": "2020-11-22T14:48:49.400Z",
        "value": "3.139416834968263",
        "cumulative": false
    },
    {
        "date": "2020-11-22T14:49:26.954Z",
        "value": "3.2077584714924736",
        "cumulative": false
    },
    {
        "date": "2020-11-22T14:50:04.570Z",
        "value": "3.126996659156577",
        "cumulative": false
    },
    {
        "date": "2020-11-22T14:50:41.909Z",
        "value": "3.227788420978628",
        "cumulative": false
    },
    {
        "date": "2020-11-22T14:51:16.803Z",
        "value": "3.269022008672158",
        "cumulative": false
    },
    {
        "date": "2020-11-22T14:51:57.016Z",
        "value": "3.3158095066061106",
        "cumulative": false
    },
    {
        "date": "2020-11-22T14:52:12.532Z",
        "value": "3.1535959243774414",
        "cumulative": false
    },
    {
        "date": "2020-11-22T14:52:32.576Z",
        "value": "2.7064284725020147",
        "cumulative": false
    },
    {
        "date": "2020-11-22T14:53:09.344Z",
        "value": "3.3002229822220683",
        "cumulative": false
    },
    {
        "date": "2020-11-22T14:53:43.555Z",
        "value": "3.0689882180761456",
        "cumulative": false
    },
    {
        "date": "2020-11-22T14:54:21.243Z",
        "value": "3.3366631148498134",
        "cumulative": false
    },
    {
        "date": "2020-11-22T14:54:56.219Z",
        "value": "2.97364355303511",
        "cumulative": false
    },
    {
        "date": "2020-11-22T14:55:33.756Z",
        "value": "3.122518595835514",
        "cumulative": false
    },
    {
        "date": "2020-11-22T14:56:09.093Z",
        "value": "3.0649014248115414",
        "cumulative": false
    },
    {
        "date": "2020-11-22T14:56:46.706Z",
        "value": "3.0332449015755096",
        "cumulative": false
    },
    {
        "date": "2020-11-22T14:57:23.112Z",
        "value": "3.144275128218021",
        "cumulative": false
    },
    {
        "date": "2020-11-22T14:58:01.571Z",
        "value": "2.9189252626266082",
        "cumulative": false
    },
    {
        "date": "2020-11-22T14:58:37.903Z",
        "value": "3.120212385344135",
        "cumulative": false
    },
    {
        "date": "2020-11-22T14:59:16.468Z",
        "value": "3.212241643591772",
        "cumulative": false
    },
    {
        "date": "2020-11-22T14:59:53.665Z",
        "value": "3.1428770309224316",
        "cumulative": false
    },
    {
        "date": "2020-11-22T15:00:30.854Z",
        "value": "3.1189452592668303",
        "cumulative": false
    },
    {
        "date": "2020-11-22T15:01:07.260Z",
        "value": "3.0444249073450136",
        "cumulative": false
    },
    {
        "date": "2020-11-22T15:01:43.945Z",
        "value": "3.217535104866359",
        "cumulative": false
    },
    {
        "date": "2020-11-22T15:02:20.021Z",
        "value": "3.313333036999589",
        "cumulative": false
    },
    {
        "date": "2020-11-22T15:02:58.508Z",
        "value": "3.236112301206471",
        "cumulative": false
    },
    {
        "date": "2020-11-22T15:03:34.264Z",
        "value": "3.2798283703445366",
        "cumulative": false
    },
    {
        "date": "2020-11-22T15:04:11.802Z",
        "value": "3.098166962974092",
        "cumulative": false
    },
    {
        "date": "2020-11-22T15:04:47.341Z",
        "value": "2.970666181328234",
        "cumulative": false
    },
    {
        "date": "2020-11-22T15:05:23.897Z",
        "value": "3.0806784619248893",
        "cumulative": false
    },
    {
        "date": "2020-11-22T15:06:01.104Z",
        "value": "3.3746126033057853",
        "cumulative": false
    },
    {
        "date": "2020-11-22T15:06:38.340Z",
        "value": "3.2086941915563156",
        "cumulative": false
    },
    {
        "date": "2020-11-22T15:07:15.254Z",
        "value": "2.8489992204310113",
        "cumulative": false
    },
    {
        "date": "2020-11-22T15:07:53.008Z",
        "value": "3.0642404405652535",
        "cumulative": false
    },
    {
        "date": "2020-11-22T15:08:28.788Z",
        "value": "3.2601657746060067",
        "cumulative": false
    },
    {
        "date": "2020-11-22T15:09:06.512Z",
        "value": "3.1457767708898077",
        "cumulative": false
    },
    {
        "date": "2020-11-22T15:09:43.612Z",
        "value": "3.2768120985925115",
        "cumulative": false
    },
    {
        "date": "2020-11-22T15:10:22.037Z",
        "value": "3.0201969157307267",
        "cumulative": false
    },
    {
        "date": "2020-11-22T15:10:58.083Z",
        "value": "3.1102989704329462",
        "cumulative": false
    },
    {
        "date": "2020-11-22T15:11:35.664Z",
        "value": "3.1616358732509995",
        "cumulative": false
    },
    {
        "date": "2020-11-22T15:12:10.311Z",
        "value": "3.2489750637144224",
        "cumulative": false
    },
    {
        "date": "2020-11-22T15:12:48.817Z",
        "value": "3.2851198630136986",
        "cumulative": false
    },
    {
        "date": "2020-11-22T15:13:24.823Z",
        "value": "3.043746552675124",
        "cumulative": false
    },
    {
        "date": "2020-11-22T15:14:03.769Z",
        "value": "3.0096435887377964",
        "cumulative": false
    },
    {
        "date": "2020-11-22T15:14:40.357Z",
        "value": "3.0841359527121",
        "cumulative": false
    },
    {
        "date": "2020-11-22T15:15:18.946Z",
        "value": "3.0611859509156156",
        "cumulative": false
    },
    {
        "date": "2020-11-22T15:15:55.474Z",
        "value": "3.1160780310661296",
        "cumulative": false
    },
    {
        "date": "2020-11-22T15:16:33.000Z",
        "value": "3.0895623534739984",
        "cumulative": false
    },
    {
        "date": "2020-11-22T15:17:09.291Z",
        "value": "3.0446869104209826",
        "cumulative": false
    },
    {
        "date": "2020-11-22T15:17:46.506Z",
        "value": "3.0799338102221667",
        "cumulative": false
    },
    {
        "date": "2020-11-22T15:18:21.802Z",
        "value": "3.349470449790795",
        "cumulative": false
    },
    {
        "date": "2020-11-22T15:18:59.438Z",
        "value": "3.0652215065345967",
        "cumulative": false
    },
    {
        "date": "2020-11-22T15:19:35.104Z",
        "value": "3.0913562684547244",
        "cumulative": false
    },
    {
        "date": "2020-11-22T15:20:12.437Z",
        "value": "3.187008652828965",
        "cumulative": false
    },
    {
        "date": "2020-11-22T15:20:47.802Z",
        "value": "3.1683450401376145",
        "cumulative": false
    },
    {
        "date": "2020-11-22T15:21:31.855Z",
        "value": "3.069677284157586",
        "cumulative": false
    },
    {
        "date": "2020-11-22T15:22:06.881Z",
        "value": "2.9211679519217824",
        "cumulative": false
    },
    {
        "date": "2020-11-22T15:22:45.873Z",
        "value": "3.029258561227164",
        "cumulative": false
    },
    {
        "date": "2020-11-22T15:23:21.271Z",
        "value": "3.1354568770822655",
        "cumulative": false
    },
    {
        "date": "2020-11-22T15:24:00.096Z",
        "value": "3.287121683510995",
        "cumulative": false
    },
    {
        "date": "2020-11-22T15:24:35.996Z",
        "value": "2.9915176650225104",
        "cumulative": false
    },
    {
        "date": "2020-11-22T15:25:12.636Z",
        "value": "3.1644711143092104",
        "cumulative": false
    },
    {
        "date": "2020-11-22T15:25:49.164Z",
        "value": "3.0676646752450982",
        "cumulative": false
    },
    {
        "date": "2020-11-22T15:26:25.735Z",
        "value": "3.1211582757842864",
        "cumulative": false
    },
    {
        "date": "2020-11-22T15:27:01.063Z",
        "value": "3.069646227217084",
        "cumulative": false
    },
    {
        "date": "2020-11-22T15:27:40.189Z",
        "value": "3.078673966300191",
        "cumulative": false
    },
    {
        "date": "2020-11-22T15:28:14.297Z",
        "value": "3.112112808335696",
        "cumulative": false
    },
    {
        "date": "2020-11-22T15:28:51.576Z",
        "value": "3.162570023148148",
        "cumulative": false
    },
    {
        "date": "2020-11-22T15:29:29.133Z",
        "value": "3.0958174896458153",
        "cumulative": false
    },
    {
        "date": "2020-11-22T15:30:06.686Z",
        "value": "3.155691620291096",
        "cumulative": false
    },
    {
        "date": "2020-11-22T15:30:43.531Z",
        "value": "3.1437063244632104",
        "cumulative": false
    },
    {
        "date": "2020-11-22T15:31:22.064Z",
        "value": "3.041810972358924",
        "cumulative": false
    },
    {
        "date": "2020-11-22T15:31:58.077Z",
        "value": "3.210048308889315",
        "cumulative": false
    },
    {
        "date": "2020-11-22T15:32:36.539Z",
        "value": "2.987524884966721",
        "cumulative": false
    },
    {
        "date": "2020-11-22T15:33:14.187Z",
        "value": "3.143527659351412",
        "cumulative": false
    },
    {
        "date": "2020-11-22T15:33:52.696Z",
        "value": "3.2354605362664697",
        "cumulative": false
    },
    {
        "date": "2020-11-22T15:34:29.265Z",
        "value": "3.0044227117438957",
        "cumulative": false
    },
    {
        "date": "2020-11-22T15:35:07.666Z",
        "value": "3.002280150697053",
        "cumulative": false
    },
    {
        "date": "2020-11-22T15:35:43.931Z",
        "value": "2.953400946565009",
        "cumulative": false
    },
    {
        "date": "2020-11-22T15:36:22.827Z",
        "value": "3.181936445027372",
        "cumulative": false
    },
    {
        "date": "2020-11-22T15:36:57.976Z",
        "value": "3.11891958987366",
        "cumulative": false
    },
    {
        "date": "2020-11-22T15:37:34.302Z",
        "value": "3.2152681991495644",
        "cumulative": false
    },
    {
        "date": "2020-11-22T15:38:09.383Z",
        "value": "3.1225819762323943",
        "cumulative": false
    },
    {
        "date": "2020-11-22T15:38:46.022Z",
        "value": "3.151467401853227",
        "cumulative": false
    },
    {
        "date": "2020-11-22T15:39:22.861Z",
        "value": "3.1354149113642493",
        "cumulative": false
    },
    {
        "date": "2020-11-22T15:40:00.287Z",
        "value": "3.2364013149089934",
        "cumulative": false
    },
    {
        "date": "2020-11-22T15:40:36.600Z",
        "value": "3.020725326827862",
        "cumulative": false
    },
    {
        "date": "2020-11-22T15:41:16.718Z",
        "value": "3.2229526724798108",
        "cumulative": false
    },
    {
        "date": "2020-11-22T15:41:52.927Z",
        "value": "3.0395712183611425",
        "cumulative": false
    },
    {
        "date": "2020-11-22T15:42:30.957Z",
        "value": "3.3369521516115928",
        "cumulative": false
    },
    {
        "date": "2020-11-22T15:43:06.482Z",
        "value": "3.0298251223309607",
        "cumulative": false
    },
    {
        "date": "2020-11-22T15:43:43.538Z",
        "value": "3.2050344060430462",
        "cumulative": false
    },
    {
        "date": "2020-11-22T15:44:20.675Z",
        "value": "3.1978282039584505",
        "cumulative": false
    },
    {
        "date": "2020-11-22T15:44:57.994Z",
        "value": "3.117901229635447",
        "cumulative": false
    },
    {
        "date": "2020-11-22T15:45:34.063Z",
        "value": "3.2665292898240073",
        "cumulative": false
    },
    {
        "date": "2020-11-22T15:46:12.666Z",
        "value": "3.0706518841284467",
        "cumulative": false
    },
    {
        "date": "2020-11-22T15:46:49.053Z",
        "value": "3.119146216976835",
        "cumulative": false
    },
    {
        "date": "2020-11-22T15:47:26.465Z",
        "value": "3.0176429181595013",
        "cumulative": false
    },
    {
        "date": "2020-11-22T15:48:01.372Z",
        "value": "3.072276843994778",
        "cumulative": false
    },
    {
        "date": "2020-11-22T15:48:38.717Z",
        "value": "3.013951776901048",
        "cumulative": false
    },
    {
        "date": "2020-11-22T15:49:13.844Z",
        "value": "3.0720563049729366",
        "cumulative": false
    },
    {
        "date": "2020-11-22T15:49:51.433Z",
        "value": "3.202578493619531",
        "cumulative": false
    },
    {
        "date": "2020-11-22T15:50:33.797Z",
        "value": "3.0579147880573703",
        "cumulative": false
    },
    {
        "date": "2020-11-22T15:51:09.837Z",
        "value": "3.134993953238377",
        "cumulative": false
    },
    {
        "date": "2020-11-22T15:51:47.677Z",
        "value": "3.1291246034807956",
        "cumulative": false
    },
    {
        "date": "2020-11-22T15:52:24.683Z",
        "value": "3.1626752528237456",
        "cumulative": false
    },
    {
        "date": "2020-11-22T15:53:00.335Z",
        "value": "3.309891732695658",
        "cumulative": false
    },
    {
        "date": "2020-11-22T15:53:37.696Z",
        "value": "3.1004870122378914",
        "cumulative": false
    },
    {
        "date": "2020-11-22T15:54:13.964Z",
        "value": "3.086570848449868",
        "cumulative": false
    },
    {
        "date": "2020-11-22T15:54:50.084Z",
        "value": "3.163910743567104",
        "cumulative": false
    },
    {
        "date": "2020-11-22T15:55:27.834Z",
        "value": "3.1266200048063717",
        "cumulative": false
    },
    {
        "date": "2020-11-22T15:56:07.237Z",
        "value": "3.08489918072931",
        "cumulative": false
    },
    {
        "date": "2020-11-22T15:56:44.090Z",
        "value": "3.0614506056328783",
        "cumulative": false
    },
    {
        "date": "2020-11-22T15:57:20.893Z",
        "value": "3.049794564920895",
        "cumulative": false
    },
    {
        "date": "2020-11-22T15:57:57.030Z",
        "value": "3.0882411993743273",
        "cumulative": false
    },
    {
        "date": "2020-11-22T15:58:34.790Z",
        "value": "3.0194802083333334",
        "cumulative": false
    },
    {
        "date": "2020-11-22T15:59:11.058Z",
        "value": "2.953586739646247",
        "cumulative": false
    },
    {
        "date": "2020-11-22T15:59:47.594Z",
        "value": "3.183823638592859",
        "cumulative": false
    },
    {
        "date": "2020-11-22T16:00:25.006Z",
        "value": "3.029428393479102",
        "cumulative": false
    },
    {
        "date": "2020-11-22T16:01:03.424Z",
        "value": "3.0269043244771057",
        "cumulative": false
    },
    {
        "date": "2020-11-22T16:01:39.886Z",
        "value": "3.335339902052239",
        "cumulative": false
    },
    {
        "date": "2020-11-22T16:02:17.563Z",
        "value": "3.176451609077422",
        "cumulative": false
    },
    {
        "date": "2020-11-22T16:02:53.139Z",
        "value": "3.0507126733784506",
        "cumulative": false
    },
    {
        "date": "2020-11-22T16:03:31.888Z",
        "value": "3.1320330974726573",
        "cumulative": false
    },
    {
        "date": "2020-11-22T16:04:08.580Z",
        "value": "3.068073704962497",
        "cumulative": false
    },
    {
        "date": "2020-11-22T16:04:46.315Z",
        "value": "3.0649206088434235",
        "cumulative": false
    },
    {
        "date": "2020-11-22T16:05:22.553Z",
        "value": "3.110007653466921",
        "cumulative": false
    },
    {
        "date": "2020-11-22T16:06:01.387Z",
        "value": "3.2184320554942483",
        "cumulative": false
    },
    {
        "date": "2020-11-22T16:06:37.240Z",
        "value": "2.9828843029305405",
        "cumulative": false
    },
    {
        "date": "2020-11-22T16:07:14.816Z",
        "value": "2.9579173531714242",
        "cumulative": false
    },
    {
        "date": "2020-11-22T16:07:50.070Z",
        "value": "3.05373721512905",
        "cumulative": false
    },
    {
        "date": "2020-11-22T16:08:28.337Z",
        "value": "3.2016154487555157",
        "cumulative": false
    },
    {
        "date": "2020-11-22T16:09:02.138Z",
        "value": "3.15978267698162",
        "cumulative": false
    },
    {
        "date": "2020-11-22T16:09:39.813Z",
        "value": "3.044504290565345",
        "cumulative": false
    },
    {
        "date": "2020-11-22T16:10:16.029Z",
        "value": "3.0154126372190277",
        "cumulative": false
    },
    {
        "date": "2020-11-22T16:10:53.490Z",
        "value": "3.2229589288133296",
        "cumulative": false
    },
    {
        "date": "2020-11-22T16:11:30.333Z",
        "value": "3.2454405195165412",
        "cumulative": false
    },
    {
        "date": "2020-11-22T16:12:07.706Z",
        "value": "3.123897991971486",
        "cumulative": false
    },
    {
        "date": "2020-11-22T16:12:44.036Z",
        "value": "3.029974860558776",
        "cumulative": false
    },
    {
        "date": "2020-11-22T16:13:20.937Z",
        "value": "3.2010194848474622",
        "cumulative": false
    },
    {
        "date": "2020-11-22T16:13:55.894Z",
        "value": "3.3104878956155632",
        "cumulative": false
    },
    {
        "date": "2020-11-22T16:14:34.269Z",
        "value": "3.0794695463097437",
        "cumulative": false
    },
    {
        "date": "2020-11-22T16:15:10.297Z",
        "value": "3.0764830872252746",
        "cumulative": false
    },
    {
        "date": "2020-11-22T16:15:48.269Z",
        "value": "3.167548373664096",
        "cumulative": false
    },
    {
        "date": "2020-11-22T16:16:22.483Z",
        "value": "3.057348926957831",
        "cumulative": false
    },
    {
        "date": "2020-11-22T16:17:01.905Z",
        "value": "3.0900025884789155",
        "cumulative": false
    },
    {
        "date": "2020-11-22T16:17:37.485Z",
        "value": "3.2386214700499454",
        "cumulative": false
    },
    {
        "date": "2020-11-22T16:18:14.256Z",
        "value": "3.296484264933784",
        "cumulative": false
    },
    {
        "date": "2020-11-22T16:18:56.516Z",
        "value": "3.029903815622354",
        "cumulative": false
    },
    {
        "date": "2020-11-22T16:19:35.124Z",
        "value": "3.0320683829336588",
        "cumulative": false
    },
    {
        "date": "2020-11-22T16:20:08.403Z",
        "value": "2.9295293283407653",
        "cumulative": false
    },
    {
        "date": "2020-11-22T16:20:47.324Z",
        "value": "2.9855003356933594",
        "cumulative": false
    },
    {
        "date": "2020-11-22T16:21:23.926Z",
        "value": "3.070487044566524",
        "cumulative": false
    },
    {
        "date": "2020-11-22T16:22:02.849Z",
        "value": "3.0572980530058858",
        "cumulative": false
    },
    {
        "date": "2020-11-22T16:22:39.089Z",
        "value": "3.2165971295764657",
        "cumulative": false
    },
    {
        "date": "2020-11-22T16:23:16.454Z",
        "value": "3.151962525066845",
        "cumulative": false
    },
    {
        "date": "2020-11-22T16:23:51.774Z",
        "value": "3.0689563226355863",
        "cumulative": false
    },
    {
        "date": "2020-11-22T16:24:30.831Z",
        "value": "2.8181011902600233",
        "cumulative": false
    },
    {
        "date": "2020-11-22T16:25:07.080Z",
        "value": "3.050882350964296",
        "cumulative": false
    },
    {
        "date": "2020-11-22T16:25:45.702Z",
        "value": "3.114753424514075",
        "cumulative": false
    },
    {
        "date": "2020-11-22T16:26:21.029Z",
        "value": "3.191431631578101",
        "cumulative": false
    },
    {
        "date": "2020-11-22T16:26:59.387Z",
        "value": "3.053060252275527",
        "cumulative": false
    },
    {
        "date": "2020-11-22T16:27:37.459Z",
        "value": "3.1278567408473577",
        "cumulative": false
    },
    {
        "date": "2020-11-22T16:28:14.804Z",
        "value": "2.8786055745067682",
        "cumulative": false
    },
    {
        "date": "2020-11-22T16:28:30.025Z",
        "value": "3.0642759799957275",
        "cumulative": false
    },
    {
        "date": "2020-11-22T16:28:49.774Z",
        "value": "2.5726857350224335",
        "cumulative": false
    },
    {
        "date": "2020-11-22T16:29:26.907Z",
        "value": "3.001666380943051",
        "cumulative": false
    },
    {
        "date": "2020-11-22T16:30:03.576Z",
        "value": "2.9941707724641677",
        "cumulative": false
    },
    {
        "date": "2020-11-22T16:30:42.521Z",
        "value": "2.860415100464735",
        "cumulative": false
    },
    {
        "date": "2020-11-22T16:31:18.741Z",
        "value": "3.1197380339435545",
        "cumulative": false
    },
    {
        "date": "2020-11-22T16:31:56.271Z",
        "value": "3.087964720080513",
        "cumulative": false
    },
    {
        "date": "2020-11-22T16:32:32.225Z",
        "value": "3.0665556780548795",
        "cumulative": false
    },
    {
        "date": "2020-11-22T16:33:09.751Z",
        "value": "2.975189975503726",
        "cumulative": false
    },
    {
        "date": "2020-11-22T16:33:45.960Z",
        "value": "3.057692826159893",
        "cumulative": false
    },
    {
        "date": "2020-11-22T16:34:23.986Z",
        "value": "3.077551151573518",
        "cumulative": false
    },
    {
        "date": "2020-11-22T16:34:59.731Z",
        "value": "3.0068805788477144",
        "cumulative": false
    },
    {
        "date": "2020-11-22T16:35:37.628Z",
        "value": "3.0513813736219197",
        "cumulative": false
    },
    {
        "date": "2020-11-22T16:36:12.222Z",
        "value": "2.966562624106434",
        "cumulative": false
    },
    {
        "date": "2020-11-22T16:36:52.219Z",
        "value": "3.151211247774582",
        "cumulative": false
    },
    {
        "date": "2020-11-22T16:37:27.068Z",
        "value": "2.8795261791191153",
        "cumulative": false
    },
    {
        "date": "2020-11-22T16:38:06.451Z",
        "value": "3.015919229734577",
        "cumulative": false
    },
    {
        "date": "2020-11-22T16:38:41.202Z",
        "value": "3.091960036633799",
        "cumulative": false
    },
    {
        "date": "2020-11-22T16:39:20.021Z",
        "value": "3.0337005818155536",
        "cumulative": false
    },
    {
        "date": "2020-11-22T16:39:56.294Z",
        "value": "3.0236165501471826",
        "cumulative": false
    },
    {
        "date": "2020-11-22T16:40:34.719Z",
        "value": "3.1223953266861217",
        "cumulative": false
    },
    {
        "date": "2020-11-22T16:41:10.596Z",
        "value": "3.0342685409330987",
        "cumulative": false
    },
    {
        "date": "2020-11-22T16:41:51.378Z",
        "value": "2.9240054488651275",
        "cumulative": false
    },
    {
        "date": "2020-11-22T16:42:26.768Z",
        "value": "3.032358001324456",
        "cumulative": false
    },
    {
        "date": "2020-11-22T16:43:05.807Z",
        "value": "2.9403068053338655",
        "cumulative": false
    },
    {
        "date": "2020-11-22T16:43:40.631Z",
        "value": "3.0024950179994856",
        "cumulative": false
    },
    {
        "date": "2020-11-22T16:44:16.434Z",
        "value": "3.071282967265943",
        "cumulative": false
    },
    {
        "date": "2020-11-22T16:44:52.159Z",
        "value": "2.9215377471086605",
        "cumulative": false
    },
    {
        "date": "2020-11-22T16:45:31.225Z",
        "value": "3.1656229559694298",
        "cumulative": false
    },
    {
        "date": "2020-11-22T16:46:06.545Z",
        "value": "3.1456914945963357",
        "cumulative": false
    },
    {
        "date": "2020-11-22T16:46:43.008Z",
        "value": "3.0667911022167487",
        "cumulative": false
    },
    {
        "date": "2020-11-22T16:47:18.336Z",
        "value": "3.0288001521269337",
        "cumulative": false
    },
    {
        "date": "2020-11-22T16:47:55.800Z",
        "value": "3.073322517641129",
        "cumulative": false
    },
    {
        "date": "2020-11-22T16:48:32.619Z",
        "value": "2.9834754774305554",
        "cumulative": false
    },
    {
        "date": "2020-11-22T16:49:10.827Z",
        "value": "3.029162911002622",
        "cumulative": false
    },
    {
        "date": "2020-11-22T16:49:46.450Z",
        "value": "3.123914627548171",
        "cumulative": false
    },
    {
        "date": "2020-11-22T16:50:25.701Z",
        "value": "2.918361164867398",
        "cumulative": false
    },
    {
        "date": "2020-11-22T16:51:02.904Z",
        "value": "2.8182476496292375",
        "cumulative": false
    },
    {
        "date": "2020-11-22T16:51:40.941Z",
        "value": "3.0834940194881053",
        "cumulative": false
    },
    {
        "date": "2020-11-22T16:52:16.582Z",
        "value": "2.9922686387240356",
        "cumulative": false
    },
    {
        "date": "2020-11-22T16:52:58.188Z",
        "value": "3.0419783769887134",
        "cumulative": false
    },
    {
        "date": "2020-11-22T16:53:34.848Z",
        "value": "3.0813118698250532",
        "cumulative": false
    },
    {
        "date": "2020-11-22T16:54:11.436Z",
        "value": "2.96136254482582",
        "cumulative": false
    },
    {
        "date": "2020-11-22T16:54:47.594Z",
        "value": "2.9021783046118093",
        "cumulative": false
    },
    {
        "date": "2020-11-22T16:55:24.443Z",
        "value": "3.104511957068081",
        "cumulative": false
    },
    {
        "date": "2020-11-22T16:56:02.397Z",
        "value": "3.09133016748366",
        "cumulative": false
    },
    {
        "date": "2020-11-22T16:56:40.984Z",
        "value": "2.9425118186257104",
        "cumulative": false
    },
    {
        "date": "2020-11-22T16:57:17.541Z",
        "value": "2.8403078456074575",
        "cumulative": false
    }
]