[
    {
        "date": "2020-11-22T11:38:28.824Z",
        "value": "3776.699066400528",
        "cumulative": false
    },
    {
        "date": "2020-11-22T13:15:35.125Z",
        "value": "3740.803780078888",
        "cumulative": false
    },
    {
        "date": "2020-11-22T14:52:31.564Z",
        "value": "3730.87100148201",
        "cumulative": false
    },
    {
        "date": "2020-11-22T16:28:49.579Z",
        "value": "3691.645953655243",
        "cumulative": false
    },
    {
        "date": "2020-11-22T16:58:16.900Z",
        "value": "1117.19234085083",
        "cumulative": false
    }
]