[
    {
        "date": "2020-11-22T11:38:28.824Z",
        "value": "90.52651333808899",
        "cumulative": false
    },
    {
        "date": "2020-11-22T13:15:35.125Z",
        "value": "84.52249336242676",
        "cumulative": false
    },
    {
        "date": "2020-11-22T14:52:31.564Z",
        "value": "87.17326879501343",
        "cumulative": false
    },
    {
        "date": "2020-11-22T16:28:49.579Z",
        "value": "87.1859781742096",
        "cumulative": false
    },
    {
        "date": "2020-11-22T16:58:16.899Z",
        "value": "26.040422201156616",
        "cumulative": false
    }
]