[
    {
        "date": "2020-11-22T11:38:28.062Z",
        "value": "84.97550439834595",
        "cumulative": false
    },
    {
        "date": "2020-11-22T13:15:35.538Z",
        "value": "85.89169311523438",
        "cumulative": false
    },
    {
        "date": "2020-11-22T14:52:31.455Z",
        "value": "86.4236969947815",
        "cumulative": false
    },
    {
        "date": "2020-11-22T16:28:48.847Z",
        "value": "87.04693484306335",
        "cumulative": false
    },
    {
        "date": "2020-11-22T16:58:17.382Z",
        "value": "25.772506713867188",
        "cumulative": false
    }
]