[
    {
        "date": "2020-11-22T11:38:28.120Z",
        "value": "50.27379536628723",
        "cumulative": false
    },
    {
        "date": "2020-11-22T13:15:34.395Z",
        "value": "49.692357540130615",
        "cumulative": false
    },
    {
        "date": "2020-11-22T14:52:30.148Z",
        "value": "49.3820698261261",
        "cumulative": false
    },
    {
        "date": "2020-11-22T16:28:47.980Z",
        "value": "49.40806293487549",
        "cumulative": false
    },
    {
        "date": "2020-11-22T16:58:15.918Z",
        "value": "14.900861978530884",
        "cumulative": false
    }
]