[
    {
        "date": "2020-11-22T11:38:28.503Z",
        "value": "5811.573394775391",
        "cumulative": false
    },
    {
        "date": "2020-11-22T13:15:35.095Z",
        "value": "5778.82599234581",
        "cumulative": false
    },
    {
        "date": "2020-11-22T14:52:31.346Z",
        "value": "5770.341979503632",
        "cumulative": false
    },
    {
        "date": "2020-11-22T16:28:48.629Z",
        "value": "5731.735546827316",
        "cumulative": false
    },
    {
        "date": "2020-11-22T16:58:16.644Z",
        "value": "1728.9075200557709",
        "cumulative": false
    }
]