[
    {
        "date": "2020-11-22T11:38:28.806Z",
        "value": "87.06506586074829",
        "cumulative": false
    },
    {
        "date": "2020-11-22T13:15:35.425Z",
        "value": "81.43866205215454",
        "cumulative": false
    },
    {
        "date": "2020-11-22T14:52:31.841Z",
        "value": "83.68188071250916",
        "cumulative": false
    },
    {
        "date": "2020-11-22T16:28:49.047Z",
        "value": "83.94002056121826",
        "cumulative": false
    },
    {
        "date": "2020-11-22T16:58:16.627Z",
        "value": "25.197453260421753",
        "cumulative": false
    }
]