[
    {
        "date": "2020-11-22T11:38:28.133Z",
        "value": "49.115214347839355",
        "cumulative": false
    },
    {
        "date": "2020-11-22T13:15:35.182Z",
        "value": "49.09182858467102",
        "cumulative": false
    },
    {
        "date": "2020-11-22T14:52:32.009Z",
        "value": "49.070311069488525",
        "cumulative": false
    },
    {
        "date": "2020-11-22T16:28:49.689Z",
        "value": "49.054983615875244",
        "cumulative": false
    },
    {
        "date": "2020-11-22T16:58:17.484Z",
        "value": "14.69950008392334",
        "cumulative": false
    }
]