[
    {
        "date": "2020-11-22T11:38:27.739Z",
        "value": "3779.2757003307343",
        "cumulative": false
    },
    {
        "date": "2020-11-22T13:15:35.708Z",
        "value": "3744.784398794174",
        "cumulative": false
    },
    {
        "date": "2020-11-22T14:52:32.002Z",
        "value": "3734.602643966675",
        "cumulative": false
    },
    {
        "date": "2020-11-22T16:28:49.118Z",
        "value": "3697.1751062870026",
        "cumulative": false
    },
    {
        "date": "2020-11-22T16:58:17.042Z",
        "value": "1117.2066490650177",
        "cumulative": false
    }
]