[
    {
        "date": "2020-11-22T11:38:28.010Z",
        "value": "3791.4517691135406",
        "cumulative": false
    },
    {
        "date": "2020-11-22T13:15:35.181Z",
        "value": "3754.0388522148132",
        "cumulative": false
    },
    {
        "date": "2020-11-22T14:52:31.634Z",
        "value": "3744.907503604889",
        "cumulative": false
    },
    {
        "date": "2020-11-22T16:28:49.206Z",
        "value": "3706.9306621551514",
        "cumulative": false
    },
    {
        "date": "2020-11-22T16:58:17.006Z",
        "value": "1122.7284722328186",
        "cumulative": false
    }
]