[
    {
        "date": "2020-11-22T11:38:28.010Z",
        "value": "542.0348331928253",
        "cumulative": false
    },
    {
        "date": "2020-11-22T13:15:35.181Z",
        "value": "543.0345194339752",
        "cumulative": false
    },
    {
        "date": "2020-11-22T14:52:31.634Z",
        "value": "542.3981652259827",
        "cumulative": false
    },
    {
        "date": "2020-11-22T16:28:49.206Z",
        "value": "541.7710585594177",
        "cumulative": false
    },
    {
        "date": "2020-11-22T16:58:17.006Z",
        "value": "162.29408860206604",
        "cumulative": false
    }
]