[
    {
        "date": "2020-11-22T11:38:28.120Z",
        "value": "1184.2175107002258",
        "cumulative": false
    },
    {
        "date": "2020-11-22T13:15:34.395Z",
        "value": "1201.6885418891907",
        "cumulative": false
    },
    {
        "date": "2020-11-22T14:52:30.148Z",
        "value": "1200.8329486846924",
        "cumulative": false
    },
    {
        "date": "2020-11-22T16:28:47.980Z",
        "value": "1198.5170049667358",
        "cumulative": false
    },
    {
        "date": "2020-11-22T16:58:15.918Z",
        "value": "355.72759985923767",
        "cumulative": false
    }
]