[
    {
        "date": "2020-11-22T11:38:28.062Z",
        "value": "514.4331078529358",
        "cumulative": false
    },
    {
        "date": "2020-11-22T13:15:35.538Z",
        "value": "514.4830002784729",
        "cumulative": false
    },
    {
        "date": "2020-11-22T14:52:31.455Z",
        "value": "514.4990644454956",
        "cumulative": false
    },
    {
        "date": "2020-11-22T16:28:48.847Z",
        "value": "513.2141163349152",
        "cumulative": false
    },
    {
        "date": "2020-11-22T16:58:17.382Z",
        "value": "153.65316486358643",
        "cumulative": false
    }
]