[
    {
        "date": "2020-11-22T11:38:28.133Z",
        "value": "3.190897226333618",
        "cumulative": false
    },
    {
        "date": "2020-11-22T13:15:35.182Z",
        "value": "3.2455949783325195",
        "cumulative": false
    },
    {
        "date": "2020-11-22T14:52:32.009Z",
        "value": "3.024284601211548",
        "cumulative": false
    },
    {
        "date": "2020-11-22T16:28:49.689Z",
        "value": "3.0440142154693604",
        "cumulative": false
    },
    {
        "date": "2020-11-22T16:58:17.484Z",
        "value": "0.9052410125732422",
        "cumulative": false
    }
]