[
    {
        "date": "2020-11-22T11:38:28.824Z",
        "value": "49.26424980163574",
        "cumulative": false
    },
    {
        "date": "2020-11-22T13:15:35.125Z",
        "value": "49.2044095993042",
        "cumulative": false
    },
    {
        "date": "2020-11-22T14:52:31.564Z",
        "value": "49.185365200042725",
        "cumulative": false
    },
    {
        "date": "2020-11-22T16:28:49.579Z",
        "value": "49.174591302871704",
        "cumulative": false
    },
    {
        "date": "2020-11-22T16:58:16.900Z",
        "value": "14.753665447235107",
        "cumulative": false
    }
]