[
    {
        "date": "2020-11-22T10:01:03.321Z",
        "value": "8.035412299923781",
        "cumulative": false
    },
    {
        "date": "2020-11-22T10:01:47.794Z",
        "value": "9.57651715588392",
        "cumulative": false
    },
    {
        "date": "2020-11-22T10:02:25.714Z",
        "value": "9.040680040502378",
        "cumulative": false
    },
    {
        "date": "2020-11-22T10:03:03.344Z",
        "value": "8.848991105020758",
        "cumulative": false
    },
    {
        "date": "2020-11-22T10:03:41.683Z",
        "value": "8.493021083592424",
        "cumulative": false
    },
    {
        "date": "2020-11-22T10:04:19.433Z",
        "value": "8.153126679204728",
        "cumulative": false
    },
    {
        "date": "2020-11-22T10:04:55.350Z",
        "value": "8.164511449043442",
        "cumulative": false
    },
    {
        "date": "2020-11-22T10:05:33.623Z",
        "value": "7.859463282440325",
        "cumulative": false
    },
    {
        "date": "2020-11-22T10:06:09.880Z",
        "value": "7.736510526547117",
        "cumulative": false
    },
    {
        "date": "2020-11-22T10:06:47.368Z",
        "value": "7.740229515136853",
        "cumulative": false
    },
    {
        "date": "2020-11-22T10:07:25.305Z",
        "value": "7.75657299631349",
        "cumulative": false
    },
    {
        "date": "2020-11-22T10:08:04.116Z",
        "value": "7.700720077405323",
        "cumulative": false
    },
    {
        "date": "2020-11-22T10:08:39.216Z",
        "value": "7.579051717992586",
        "cumulative": false
    },
    {
        "date": "2020-11-22T10:09:17.721Z",
        "value": "7.382916066282421",
        "cumulative": false
    },
    {
        "date": "2020-11-22T10:09:55.293Z",
        "value": "7.221829355419136",
        "cumulative": false
    },
    {
        "date": "2020-11-22T10:10:32.456Z",
        "value": "6.97046129914947",
        "cumulative": false
    },
    {
        "date": "2020-11-22T10:11:09.493Z",
        "value": "6.771709389400922",
        "cumulative": false
    },
    {
        "date": "2020-11-22T10:11:48.116Z",
        "value": "6.639715831501466",
        "cumulative": false
    },
    {
        "date": "2020-11-22T10:12:25.643Z",
        "value": "6.3268645952414975",
        "cumulative": false
    },
    {
        "date": "2020-11-22T10:13:03.141Z",
        "value": "6.241158428319014",
        "cumulative": false
    },
    {
        "date": "2020-11-22T10:13:39.880Z",
        "value": "6.1175443103569425",
        "cumulative": false
    },
    {
        "date": "2020-11-22T10:14:17.694Z",
        "value": "6.079591785226143",
        "cumulative": false
    },
    {
        "date": "2020-11-22T10:14:54.294Z",
        "value": "5.9080944471784775",
        "cumulative": false
    },
    {
        "date": "2020-11-22T10:15:31.444Z",
        "value": "5.564004621416406",
        "cumulative": false
    },
    {
        "date": "2020-11-22T10:16:07.794Z",
        "value": "5.577709683585785",
        "cumulative": false
    },
    {
        "date": "2020-11-22T10:16:45.857Z",
        "value": "5.427294682911909",
        "cumulative": false
    },
    {
        "date": "2020-11-22T10:17:21.340Z",
        "value": "5.369965595120922",
        "cumulative": false
    },
    {
        "date": "2020-11-22T10:17:58.959Z",
        "value": "5.1910294257176375",
        "cumulative": false
    },
    {
        "date": "2020-11-22T10:18:35.633Z",
        "value": "5.232614904357067",
        "cumulative": false
    },
    {
        "date": "2020-11-22T10:19:15.359Z",
        "value": "4.996963202266023",
        "cumulative": false
    },
    {
        "date": "2020-11-22T10:19:50.995Z",
        "value": "4.828348214285715",
        "cumulative": false
    },
    {
        "date": "2020-11-22T10:20:29.161Z",
        "value": "4.9342128256273865",
        "cumulative": false
    },
    {
        "date": "2020-11-22T10:21:05.678Z",
        "value": "4.64135781756483",
        "cumulative": false
    },
    {
        "date": "2020-11-22T10:21:44.095Z",
        "value": "4.5347604671921316",
        "cumulative": false
    },
    {
        "date": "2020-11-22T10:22:20.871Z",
        "value": "4.579774934395328",
        "cumulative": false
    },
    {
        "date": "2020-11-22T10:23:00.163Z",
        "value": "4.49690349755338",
        "cumulative": false
    },
    {
        "date": "2020-11-22T10:23:36.747Z",
        "value": "4.368206994148576",
        "cumulative": false
    },
    {
        "date": "2020-11-22T10:24:16.691Z",
        "value": "4.234387020992087",
        "cumulative": false
    },
    {
        "date": "2020-11-22T10:24:53.351Z",
        "value": "4.316695934535786",
        "cumulative": false
    },
    {
        "date": "2020-11-22T10:25:32.145Z",
        "value": "4.243453637366872",
        "cumulative": false
    },
    {
        "date": "2020-11-22T10:26:07.897Z",
        "value": "4.4378132635096295",
        "cumulative": false
    },
    {
        "date": "2020-11-22T10:26:46.723Z",
        "value": "4.310569337307153",
        "cumulative": false
    },
    {
        "date": "2020-11-22T10:27:23.951Z",
        "value": "4.3009517873649035",
        "cumulative": false
    },
    {
        "date": "2020-11-22T10:28:00.053Z",
        "value": "4.422312048852797",
        "cumulative": false
    },
    {
        "date": "2020-11-22T10:28:35.362Z",
        "value": "4.18563994199593",
        "cumulative": false
    },
    {
        "date": "2020-11-22T10:29:12.424Z",
        "value": "4.150869782081681",
        "cumulative": false
    },
    {
        "date": "2020-11-22T10:29:49.471Z",
        "value": "4.174282242972808",
        "cumulative": false
    },
    {
        "date": "2020-11-22T10:30:34.964Z",
        "value": "4.2912527666526135",
        "cumulative": false
    },
    {
        "date": "2020-11-22T10:31:11.768Z",
        "value": "4.2364973300890245",
        "cumulative": false
    },
    {
        "date": "2020-11-22T10:31:50.166Z",
        "value": "3.967998094108978",
        "cumulative": false
    },
    {
        "date": "2020-11-22T10:32:26.400Z",
        "value": "4.029487970586226",
        "cumulative": false
    },
    {
        "date": "2020-11-22T10:33:04.687Z",
        "value": "4.009715346534653",
        "cumulative": false
    },
    {
        "date": "2020-11-22T10:33:40.646Z",
        "value": "3.7898915795424752",
        "cumulative": false
    },
    {
        "date": "2020-11-22T10:34:19.960Z",
        "value": "4.309689276529507",
        "cumulative": false
    },
    {
        "date": "2020-11-22T10:34:54.174Z",
        "value": "3.958645472857243",
        "cumulative": false
    },
    {
        "date": "2020-11-22T10:35:31.977Z",
        "value": "3.831707537087109",
        "cumulative": false
    },
    {
        "date": "2020-11-22T10:36:08.108Z",
        "value": "3.8642765671490396",
        "cumulative": false
    },
    {
        "date": "2020-11-22T10:36:46.287Z",
        "value": "3.9903565723367587",
        "cumulative": false
    },
    {
        "date": "2020-11-22T10:37:23.238Z",
        "value": "3.9216007100449293",
        "cumulative": false
    },
    {
        "date": "2020-11-22T10:38:01.698Z",
        "value": "3.9332866481909683",
        "cumulative": false
    },
    {
        "date": "2020-11-22T10:38:40.559Z",
        "value": "3.796893749577474",
        "cumulative": false
    },
    {
        "date": "2020-11-22T10:39:19.100Z",
        "value": "3.8055459988717177",
        "cumulative": false
    },
    {
        "date": "2020-11-22T10:39:54.804Z",
        "value": "3.685295885653219",
        "cumulative": false
    },
    {
        "date": "2020-11-22T10:40:33.160Z",
        "value": "4.03525387986355",
        "cumulative": false
    },
    {
        "date": "2020-11-22T10:41:09.396Z",
        "value": "3.9806112405178102",
        "cumulative": false
    },
    {
        "date": "2020-11-22T10:41:46.703Z",
        "value": "3.8399472420518106",
        "cumulative": false
    },
    {
        "date": "2020-11-22T10:42:24.032Z",
        "value": "3.9323828351975596",
        "cumulative": false
    },
    {
        "date": "2020-11-22T10:43:03.588Z",
        "value": "4.107082141285211",
        "cumulative": false
    },
    {
        "date": "2020-11-22T10:43:40.047Z",
        "value": "3.914965563606807",
        "cumulative": false
    },
    {
        "date": "2020-11-22T10:44:18.404Z",
        "value": "3.939395348575036",
        "cumulative": false
    },
    {
        "date": "2020-11-22T10:44:55.638Z",
        "value": "3.9768264938186815",
        "cumulative": false
    },
    {
        "date": "2020-11-22T10:45:34.973Z",
        "value": "3.6301227194725434",
        "cumulative": false
    },
    {
        "date": "2020-11-22T10:46:11.039Z",
        "value": "3.735144741406917",
        "cumulative": false
    },
    {
        "date": "2020-11-22T10:46:49.116Z",
        "value": "3.794217103110361",
        "cumulative": false
    },
    {
        "date": "2020-11-22T10:47:23.923Z",
        "value": "3.7179426943811946",
        "cumulative": false
    },
    {
        "date": "2020-11-22T10:48:02.007Z",
        "value": "3.816133697011585",
        "cumulative": false
    },
    {
        "date": "2020-11-22T10:48:38.245Z",
        "value": "3.6786236544077697",
        "cumulative": false
    },
    {
        "date": "2020-11-22T10:49:15.357Z",
        "value": "3.8655146285429582",
        "cumulative": false
    },
    {
        "date": "2020-11-22T10:49:53.404Z",
        "value": "3.645472349982806",
        "cumulative": false
    },
    {
        "date": "2020-11-22T10:50:32.365Z",
        "value": "3.8707460448539637",
        "cumulative": false
    },
    {
        "date": "2020-11-22T10:51:10.609Z",
        "value": "3.8018610863959905",
        "cumulative": false
    },
    {
        "date": "2020-11-22T10:51:47.784Z",
        "value": "3.5873772935972332",
        "cumulative": false
    },
    {
        "date": "2020-11-22T10:52:24.519Z",
        "value": "3.580216661740916",
        "cumulative": false
    },
    {
        "date": "2020-11-22T10:53:04.367Z",
        "value": "3.8244488610272893",
        "cumulative": false
    },
    {
        "date": "2020-11-22T10:53:40.754Z",
        "value": "3.7342346257247843",
        "cumulative": false
    },
    {
        "date": "2020-11-22T10:54:19.079Z",
        "value": "3.6954774504365875",
        "cumulative": false
    },
    {
        "date": "2020-11-22T10:54:54.195Z",
        "value": "3.52655612044598",
        "cumulative": false
    },
    {
        "date": "2020-11-22T10:55:31.530Z",
        "value": "3.584274675251863",
        "cumulative": false
    },
    {
        "date": "2020-11-22T10:56:07.017Z",
        "value": "3.53786907708628",
        "cumulative": false
    },
    {
        "date": "2020-11-22T10:56:46.215Z",
        "value": "3.493425123762376",
        "cumulative": false
    },
    {
        "date": "2020-11-22T10:57:23.128Z",
        "value": "3.8409497299489233",
        "cumulative": false
    },
    {
        "date": "2020-11-22T10:58:00.776Z",
        "value": "3.603810723325545",
        "cumulative": false
    },
    {
        "date": "2020-11-22T10:58:36.944Z",
        "value": "3.5280249110320283",
        "cumulative": false
    },
    {
        "date": "2020-11-22T10:59:14.758Z",
        "value": "3.681802520589798",
        "cumulative": false
    },
    {
        "date": "2020-11-22T10:59:56.212Z",
        "value": "3.5972118506493507",
        "cumulative": false
    },
    {
        "date": "2020-11-22T11:00:35.152Z",
        "value": "3.4453007979671897",
        "cumulative": false
    },
    {
        "date": "2020-11-22T11:01:12.443Z",
        "value": "3.7413072004701684",
        "cumulative": false
    },
    {
        "date": "2020-11-22T11:01:50.682Z",
        "value": "3.5365208154812913",
        "cumulative": false
    },
    {
        "date": "2020-11-22T11:02:26.992Z",
        "value": "3.6798715314745807",
        "cumulative": false
    },
    {
        "date": "2020-11-22T11:03:06.975Z",
        "value": "3.625952818627451",
        "cumulative": false
    },
    {
        "date": "2020-11-22T11:03:43.861Z",
        "value": "3.643744046359018",
        "cumulative": false
    },
    {
        "date": "2020-11-22T11:04:22.799Z",
        "value": "3.7090584609440853",
        "cumulative": false
    },
    {
        "date": "2020-11-22T11:04:59.875Z",
        "value": "3.6896572554785987",
        "cumulative": false
    },
    {
        "date": "2020-11-22T11:05:38.185Z",
        "value": "3.4911731788942975",
        "cumulative": false
    },
    {
        "date": "2020-11-22T11:06:14.953Z",
        "value": "3.7172486254795833",
        "cumulative": false
    },
    {
        "date": "2020-11-22T11:06:53.492Z",
        "value": "3.93474646614714",
        "cumulative": false
    },
    {
        "date": "2020-11-22T11:07:32.141Z",
        "value": "3.8282001595222512",
        "cumulative": false
    },
    {
        "date": "2020-11-22T11:08:10.775Z",
        "value": "3.5337419952060674",
        "cumulative": false
    },
    {
        "date": "2020-11-22T11:08:45.385Z",
        "value": "3.4986850387128214",
        "cumulative": false
    },
    {
        "date": "2020-11-22T11:09:23.887Z",
        "value": "3.7950095120683134",
        "cumulative": false
    },
    {
        "date": "2020-11-22T11:09:59.221Z",
        "value": "3.6693348942226596",
        "cumulative": false
    },
    {
        "date": "2020-11-22T11:10:38.158Z",
        "value": "3.6134642632241816",
        "cumulative": false
    },
    {
        "date": "2020-11-22T11:11:13.550Z",
        "value": "3.6560927959339438",
        "cumulative": false
    },
    {
        "date": "2020-11-22T11:11:51.550Z",
        "value": "3.734040906060706",
        "cumulative": false
    },
    {
        "date": "2020-11-22T11:12:29.412Z",
        "value": "3.5518028804385597",
        "cumulative": false
    },
    {
        "date": "2020-11-22T11:13:07.753Z",
        "value": "3.545824630462725",
        "cumulative": false
    },
    {
        "date": "2020-11-22T11:13:44.086Z",
        "value": "3.568383275971003",
        "cumulative": false
    },
    {
        "date": "2020-11-22T11:14:22.087Z",
        "value": "3.5791898287259616",
        "cumulative": false
    },
    {
        "date": "2020-11-22T11:14:56.640Z",
        "value": "3.595112106471555",
        "cumulative": false
    },
    {
        "date": "2020-11-22T11:15:34.435Z",
        "value": "3.535915652729228",
        "cumulative": false
    },
    {
        "date": "2020-11-22T11:16:09.825Z",
        "value": "3.5063524798017216",
        "cumulative": false
    },
    {
        "date": "2020-11-22T11:16:47.564Z",
        "value": "3.674146062985302",
        "cumulative": false
    },
    {
        "date": "2020-11-22T11:17:26.217Z",
        "value": "3.4172607173005862",
        "cumulative": false
    },
    {
        "date": "2020-11-22T11:18:03.696Z",
        "value": "3.239635500133547",
        "cumulative": false
    },
    {
        "date": "2020-11-22T11:18:40.558Z",
        "value": "3.7748245967741934",
        "cumulative": false
    },
    {
        "date": "2020-11-22T11:19:17.563Z",
        "value": "3.7256262937746887",
        "cumulative": false
    },
    {
        "date": "2020-11-22T11:19:52.617Z",
        "value": "3.6036830812806206",
        "cumulative": false
    },
    {
        "date": "2020-11-22T11:20:30.213Z",
        "value": "3.592432029177719",
        "cumulative": false
    },
    {
        "date": "2020-11-22T11:21:06.008Z",
        "value": "3.350055016852587",
        "cumulative": false
    },
    {
        "date": "2020-11-22T11:21:44.282Z",
        "value": "3.693868265086207",
        "cumulative": false
    },
    {
        "date": "2020-11-22T11:22:21.614Z",
        "value": "3.4790741300462575",
        "cumulative": false
    },
    {
        "date": "2020-11-22T11:23:00.078Z",
        "value": "3.665249610644637",
        "cumulative": false
    },
    {
        "date": "2020-11-22T11:23:36.314Z",
        "value": "3.7464326345855925",
        "cumulative": false
    },
    {
        "date": "2020-11-22T11:24:13.772Z",
        "value": "3.570518077887275",
        "cumulative": false
    },
    {
        "date": "2020-11-22T11:24:50.976Z",
        "value": "3.541290577023159",
        "cumulative": false
    },
    {
        "date": "2020-11-22T11:25:28.679Z",
        "value": "3.487661041404722",
        "cumulative": false
    },
    {
        "date": "2020-11-22T11:26:06.941Z",
        "value": "3.4112442152341704",
        "cumulative": false
    },
    {
        "date": "2020-11-22T11:26:44.418Z",
        "value": "3.543901128969065",
        "cumulative": false
    },
    {
        "date": "2020-11-22T11:27:19.860Z",
        "value": "3.5252582097457625",
        "cumulative": false
    },
    {
        "date": "2020-11-22T11:27:57.917Z",
        "value": "3.467664810159501",
        "cumulative": false
    },
    {
        "date": "2020-11-22T11:28:40.076Z",
        "value": "3.4880812113111985",
        "cumulative": false
    },
    {
        "date": "2020-11-22T11:29:17.072Z",
        "value": "3.566860071656051",
        "cumulative": false
    },
    {
        "date": "2020-11-22T11:29:54.855Z",
        "value": "3.363963081617433",
        "cumulative": false
    },
    {
        "date": "2020-11-22T11:30:32.372Z",
        "value": "3.470223009930075",
        "cumulative": false
    },
    {
        "date": "2020-11-22T11:31:08.575Z",
        "value": "3.4097957808762955",
        "cumulative": false
    },
    {
        "date": "2020-11-22T11:31:47.326Z",
        "value": "3.4938404683534263",
        "cumulative": false
    },
    {
        "date": "2020-11-22T11:32:24.227Z",
        "value": "3.3476700196122477",
        "cumulative": false
    },
    {
        "date": "2020-11-22T11:33:02.665Z",
        "value": "3.407426372140047",
        "cumulative": false
    },
    {
        "date": "2020-11-22T11:33:38.013Z",
        "value": "3.5543768722766886",
        "cumulative": false
    },
    {
        "date": "2020-11-22T11:34:18.038Z",
        "value": "3.588165608769652",
        "cumulative": false
    },
    {
        "date": "2020-11-22T11:34:54.138Z",
        "value": "3.4511307192820264",
        "cumulative": false
    },
    {
        "date": "2020-11-22T11:35:33.744Z",
        "value": "3.493096749629779",
        "cumulative": false
    },
    {
        "date": "2020-11-22T11:36:11.035Z",
        "value": "3.5720631223935864",
        "cumulative": false
    },
    {
        "date": "2020-11-22T11:36:50.862Z",
        "value": "3.429617221066058",
        "cumulative": false
    },
    {
        "date": "2020-11-22T11:37:27.215Z",
        "value": "3.4286031266706765",
        "cumulative": false
    },
    {
        "date": "2020-11-22T11:38:05.191Z",
        "value": "3.528431459723312",
        "cumulative": false
    },
    {
        "date": "2020-11-22T11:38:20.393Z",
        "value": "3.4347591400146484",
        "cumulative": false
    },
    {
        "date": "2020-11-22T11:38:28.450Z",
        "value": "3.3423483954995925",
        "cumulative": false
    },
    {
        "date": "2020-11-22T11:39:08.584Z",
        "value": "3.668524244568046",
        "cumulative": false
    },
    {
        "date": "2020-11-22T11:39:45.588Z",
        "value": "3.438397126528726",
        "cumulative": false
    },
    {
        "date": "2020-11-22T11:40:22.949Z",
        "value": "3.3627841988463665",
        "cumulative": false
    },
    {
        "date": "2020-11-22T11:40:59.452Z",
        "value": "3.3185209829038813",
        "cumulative": false
    },
    {
        "date": "2020-11-22T11:41:36.424Z",
        "value": "3.412966713820302",
        "cumulative": false
    },
    {
        "date": "2020-11-22T11:42:12.560Z",
        "value": "3.2714210035698263",
        "cumulative": false
    },
    {
        "date": "2020-11-22T11:42:50.422Z",
        "value": "3.363853993693471",
        "cumulative": false
    },
    {
        "date": "2020-11-22T11:43:26.207Z",
        "value": "3.298272340055633",
        "cumulative": false
    },
    {
        "date": "2020-11-22T11:44:03.777Z",
        "value": "3.5076857066346405",
        "cumulative": false
    },
    {
        "date": "2020-11-22T11:44:39.114Z",
        "value": "3.3512427356674275",
        "cumulative": false
    },
    {
        "date": "2020-11-22T11:45:16.857Z",
        "value": "3.3574378211219034",
        "cumulative": false
    },
    {
        "date": "2020-11-22T11:45:52.877Z",
        "value": "3.2926693742644897",
        "cumulative": false
    },
    {
        "date": "2020-11-22T11:46:30.297Z",
        "value": "3.304721578516903",
        "cumulative": false
    },
    {
        "date": "2020-11-22T11:47:05.998Z",
        "value": "3.2523919767572846",
        "cumulative": false
    },
    {
        "date": "2020-11-22T11:47:44.308Z",
        "value": "3.527692893667694",
        "cumulative": false
    },
    {
        "date": "2020-11-22T11:48:19.705Z",
        "value": "3.405536510402594",
        "cumulative": false
    },
    {
        "date": "2020-11-22T11:48:58.448Z",
        "value": "3.485053943452381",
        "cumulative": false
    },
    {
        "date": "2020-11-22T11:49:35.396Z",
        "value": "3.41272896103672",
        "cumulative": false
    },
    {
        "date": "2020-11-22T11:50:13.533Z",
        "value": "3.3243919527017396",
        "cumulative": false
    },
    {
        "date": "2020-11-22T11:50:49.133Z",
        "value": "3.368093899680681",
        "cumulative": false
    },
    {
        "date": "2020-11-22T11:51:28.536Z",
        "value": "3.5221342563236906",
        "cumulative": false
    },
    {
        "date": "2020-11-22T11:52:04.803Z",
        "value": "3.4726012248700764",
        "cumulative": false
    },
    {
        "date": "2020-11-22T11:52:43.121Z",
        "value": "3.4804710769956313",
        "cumulative": false
    },
    {
        "date": "2020-11-22T11:53:20.646Z",
        "value": "3.2336790287661117",
        "cumulative": false
    },
    {
        "date": "2020-11-22T11:54:00.352Z",
        "value": "3.340131009249391",
        "cumulative": false
    },
    {
        "date": "2020-11-22T11:54:36.949Z",
        "value": "3.3235772938435053",
        "cumulative": false
    },
    {
        "date": "2020-11-22T11:55:14.265Z",
        "value": "3.2533059776376145",
        "cumulative": false
    },
    {
        "date": "2020-11-22T11:55:50.354Z",
        "value": "3.338059688211845",
        "cumulative": false
    },
    {
        "date": "2020-11-22T11:56:29.643Z",
        "value": "3.4830665856293894",
        "cumulative": false
    },
    {
        "date": "2020-11-22T11:57:05.423Z",
        "value": "3.6063580496465724",
        "cumulative": false
    },
    {
        "date": "2020-11-22T11:57:43.532Z",
        "value": "3.4399784125258037",
        "cumulative": false
    },
    {
        "date": "2020-11-22T11:58:21.015Z",
        "value": "3.5243574239439885",
        "cumulative": false
    },
    {
        "date": "2020-11-22T11:58:58.595Z",
        "value": "3.313826955202211",
        "cumulative": false
    },
    {
        "date": "2020-11-22T11:59:34.129Z",
        "value": "3.139971008568401",
        "cumulative": false
    },
    {
        "date": "2020-11-22T12:00:12.464Z",
        "value": "3.1913202529635902",
        "cumulative": false
    },
    {
        "date": "2020-11-22T12:00:49.230Z",
        "value": "3.2515605851715685",
        "cumulative": false
    },
    {
        "date": "2020-11-22T12:01:27.355Z",
        "value": "3.4200818767655368",
        "cumulative": false
    },
    {
        "date": "2020-11-22T12:02:03.948Z",
        "value": "3.41569646696638",
        "cumulative": false
    },
    {
        "date": "2020-11-22T12:02:42.826Z",
        "value": "3.469902871330623",
        "cumulative": false
    },
    {
        "date": "2020-11-22T12:03:18.422Z",
        "value": "3.258025404889099",
        "cumulative": false
    },
    {
        "date": "2020-11-22T12:03:55.887Z",
        "value": "3.4098915426521392",
        "cumulative": false
    },
    {
        "date": "2020-11-22T12:04:33.233Z",
        "value": "3.3961919642857143",
        "cumulative": false
    },
    {
        "date": "2020-11-22T12:05:10.347Z",
        "value": "3.3567012279586006",
        "cumulative": false
    },
    {
        "date": "2020-11-22T12:05:46.505Z",
        "value": "3.33894288112889",
        "cumulative": false
    },
    {
        "date": "2020-11-22T12:06:24.812Z",
        "value": "3.2799046212096563",
        "cumulative": false
    },
    {
        "date": "2020-11-22T12:07:00.577Z",
        "value": "3.37493899609575",
        "cumulative": false
    },
    {
        "date": "2020-11-22T12:07:44.477Z",
        "value": "3.342010439503974",
        "cumulative": false
    },
    {
        "date": "2020-11-22T12:08:20.377Z",
        "value": "3.462784042462483",
        "cumulative": false
    },
    {
        "date": "2020-11-22T12:08:59.915Z",
        "value": "3.3965745020063056",
        "cumulative": false
    },
    {
        "date": "2020-11-22T12:09:35.771Z",
        "value": "3.33480505082642",
        "cumulative": false
    },
    {
        "date": "2020-11-22T12:10:15.609Z",
        "value": "3.4342328296032054",
        "cumulative": false
    },
    {
        "date": "2020-11-22T12:10:51.507Z",
        "value": "3.274639423076923",
        "cumulative": false
    },
    {
        "date": "2020-11-22T12:11:28.520Z",
        "value": "3.297078509406657",
        "cumulative": false
    },
    {
        "date": "2020-11-22T12:12:05.552Z",
        "value": "3.329925495270085",
        "cumulative": false
    },
    {
        "date": "2020-11-22T12:12:42.762Z",
        "value": "3.366218292979538",
        "cumulative": false
    },
    {
        "date": "2020-11-22T12:13:17.836Z",
        "value": "3.572792051174497",
        "cumulative": false
    },
    {
        "date": "2020-11-22T12:13:55.455Z",
        "value": "3.325746706770689",
        "cumulative": false
    },
    {
        "date": "2020-11-22T12:14:32.315Z",
        "value": "3.5806880426237355",
        "cumulative": false
    },
    {
        "date": "2020-11-22T12:15:10.119Z",
        "value": "3.3217755661929433",
        "cumulative": false
    },
    {
        "date": "2020-11-22T12:15:47.070Z",
        "value": "3.334298432497817",
        "cumulative": false
    },
    {
        "date": "2020-11-22T12:16:26.277Z",
        "value": "3.154110179227941",
        "cumulative": false
    },
    {
        "date": "2020-11-22T12:17:01.361Z",
        "value": "3.3362897117382273",
        "cumulative": false
    },
    {
        "date": "2020-11-22T12:17:39.405Z",
        "value": "3.6373766610063307",
        "cumulative": false
    },
    {
        "date": "2020-11-22T12:18:16.180Z",
        "value": "3.290422181711363",
        "cumulative": false
    },
    {
        "date": "2020-11-22T12:18:55.618Z",
        "value": "3.3284094231846337",
        "cumulative": false
    },
    {
        "date": "2020-11-22T12:19:33.298Z",
        "value": "3.488447019432773",
        "cumulative": false
    },
    {
        "date": "2020-11-22T12:20:10.351Z",
        "value": "3.3887990174861495",
        "cumulative": false
    },
    {
        "date": "2020-11-22T12:20:45.358Z",
        "value": "3.175847781060206",
        "cumulative": false
    },
    {
        "date": "2020-11-22T12:21:23.859Z",
        "value": "3.478403969275972",
        "cumulative": false
    },
    {
        "date": "2020-11-22T12:22:00.049Z",
        "value": "3.4356703917229265",
        "cumulative": false
    },
    {
        "date": "2020-11-22T12:22:39.698Z",
        "value": "3.2940785929994347",
        "cumulative": false
    },
    {
        "date": "2020-11-22T12:23:15.470Z",
        "value": "3.246730259486607",
        "cumulative": false
    },
    {
        "date": "2020-11-22T12:23:54.383Z",
        "value": "3.353242582385608",
        "cumulative": false
    },
    {
        "date": "2020-11-22T12:24:32.169Z",
        "value": "3.311498981271589",
        "cumulative": false
    },
    {
        "date": "2020-11-22T12:25:08.963Z",
        "value": "3.2240333299512987",
        "cumulative": false
    },
    {
        "date": "2020-11-22T12:25:45.320Z",
        "value": "3.4532213942638164",
        "cumulative": false
    },
    {
        "date": "2020-11-22T12:26:23.497Z",
        "value": "3.306110257819256",
        "cumulative": false
    },
    {
        "date": "2020-11-22T12:26:59.139Z",
        "value": "3.447057240618874",
        "cumulative": false
    },
    {
        "date": "2020-11-22T12:27:35.759Z",
        "value": "3.1886023647765875",
        "cumulative": false
    },
    {
        "date": "2020-11-22T12:28:11.194Z",
        "value": "3.366826897974102",
        "cumulative": false
    },
    {
        "date": "2020-11-22T12:28:48.916Z",
        "value": "3.4185382013906813",
        "cumulative": false
    },
    {
        "date": "2020-11-22T12:29:25.837Z",
        "value": "3.3640273659500863",
        "cumulative": false
    },
    {
        "date": "2020-11-22T12:30:03.911Z",
        "value": "3.452659375",
        "cumulative": false
    },
    {
        "date": "2020-11-22T12:30:39.759Z",
        "value": "3.235211814481577",
        "cumulative": false
    },
    {
        "date": "2020-11-22T12:31:18.363Z",
        "value": "3.5338115945640616",
        "cumulative": false
    },
    {
        "date": "2020-11-22T12:31:51.837Z",
        "value": "3.2743381973140497",
        "cumulative": false
    },
    {
        "date": "2020-11-22T12:32:30.082Z",
        "value": "3.37759816465564",
        "cumulative": false
    },
    {
        "date": "2020-11-22T12:33:05.402Z",
        "value": "3.2498221799006526",
        "cumulative": false
    },
    {
        "date": "2020-11-22T12:33:41.601Z",
        "value": "3.4162065400192203",
        "cumulative": false
    },
    {
        "date": "2020-11-22T12:34:16.052Z",
        "value": "3.463625490996941",
        "cumulative": false
    },
    {
        "date": "2020-11-22T12:34:54.821Z",
        "value": "3.176151160037879",
        "cumulative": false
    },
    {
        "date": "2020-11-22T12:35:31.376Z",
        "value": "3.3746808510638298",
        "cumulative": false
    },
    {
        "date": "2020-11-22T12:36:10.450Z",
        "value": "3.3141674337550353",
        "cumulative": false
    },
    {
        "date": "2020-11-22T12:36:52.234Z",
        "value": "3.279476524400569",
        "cumulative": false
    },
    {
        "date": "2020-11-22T12:37:30.143Z",
        "value": "3.282474130794702",
        "cumulative": false
    },
    {
        "date": "2020-11-22T12:38:07.087Z",
        "value": "3.465540201312696",
        "cumulative": false
    },
    {
        "date": "2020-11-22T12:38:46.980Z",
        "value": "3.1536868884207667",
        "cumulative": false
    },
    {
        "date": "2020-11-22T12:39:23.600Z",
        "value": "3.4819939193869964",
        "cumulative": false
    },
    {
        "date": "2020-11-22T12:40:01.506Z",
        "value": "3.224650642185239",
        "cumulative": false
    },
    {
        "date": "2020-11-22T12:40:37.616Z",
        "value": "3.329816245318352",
        "cumulative": false
    },
    {
        "date": "2020-11-22T12:41:17.387Z",
        "value": "3.2449813775344425",
        "cumulative": false
    },
    {
        "date": "2020-11-22T12:41:51.912Z",
        "value": "3.2003931067344347",
        "cumulative": false
    },
    {
        "date": "2020-11-22T12:42:32.187Z",
        "value": "3.4275194987340454",
        "cumulative": false
    },
    {
        "date": "2020-11-22T12:43:08.770Z",
        "value": "3.4883747190525587",
        "cumulative": false
    },
    {
        "date": "2020-11-22T12:43:48.618Z",
        "value": "3.3128615219773137",
        "cumulative": false
    },
    {
        "date": "2020-11-22T12:44:25.304Z",
        "value": "3.372970724657166",
        "cumulative": false
    },
    {
        "date": "2020-11-22T12:45:03.329Z",
        "value": "3.310820188914578",
        "cumulative": false
    },
    {
        "date": "2020-11-22T12:45:38.227Z",
        "value": "3.314535713035564",
        "cumulative": false
    },
    {
        "date": "2020-11-22T12:46:16.086Z",
        "value": "3.2965501765867704",
        "cumulative": false
    },
    {
        "date": "2020-11-22T12:46:52.511Z",
        "value": "3.313379791017837",
        "cumulative": false
    },
    {
        "date": "2020-11-22T12:47:31.575Z",
        "value": "3.4332044645919066",
        "cumulative": false
    },
    {
        "date": "2020-11-22T12:48:08.037Z",
        "value": "3.1521263800587915",
        "cumulative": false
    },
    {
        "date": "2020-11-22T12:48:45.610Z",
        "value": "3.4614820091831886",
        "cumulative": false
    },
    {
        "date": "2020-11-22T12:49:20.780Z",
        "value": "3.3184121273880107",
        "cumulative": false
    },
    {
        "date": "2020-11-22T12:49:58.124Z",
        "value": "3.347830791785449",
        "cumulative": false
    },
    {
        "date": "2020-11-22T12:50:32.813Z",
        "value": "3.180250419645243",
        "cumulative": false
    },
    {
        "date": "2020-11-22T12:51:10.230Z",
        "value": "3.166351392893487",
        "cumulative": false
    },
    {
        "date": "2020-11-22T12:51:47.478Z",
        "value": "3.3087468285269295",
        "cumulative": false
    },
    {
        "date": "2020-11-22T12:52:26.509Z",
        "value": "3.504931627710923",
        "cumulative": false
    },
    {
        "date": "2020-11-22T12:53:01.531Z",
        "value": "3.3924771366469817",
        "cumulative": false
    },
    {
        "date": "2020-11-22T12:53:41.045Z",
        "value": "3.4534204143248437",
        "cumulative": false
    },
    {
        "date": "2020-11-22T12:54:17.008Z",
        "value": "3.1328067385693217",
        "cumulative": false
    },
    {
        "date": "2020-11-22T12:54:54.792Z",
        "value": "3.7602966017488075",
        "cumulative": false
    },
    {
        "date": "2020-11-22T12:55:31.064Z",
        "value": "3.254775010146104",
        "cumulative": false
    },
    {
        "date": "2020-11-22T12:56:08.614Z",
        "value": "3.2906913229946717",
        "cumulative": false
    },
    {
        "date": "2020-11-22T12:56:45.401Z",
        "value": "3.3176985723125885",
        "cumulative": false
    },
    {
        "date": "2020-11-22T12:57:26.372Z",
        "value": "3.2745646577174217",
        "cumulative": false
    },
    {
        "date": "2020-11-22T12:58:03.399Z",
        "value": "3.2891484229631844",
        "cumulative": false
    },
    {
        "date": "2020-11-22T12:58:42.694Z",
        "value": "3.2777741971125516",
        "cumulative": false
    },
    {
        "date": "2020-11-22T12:59:17.856Z",
        "value": "3.268218200065051",
        "cumulative": false
    },
    {
        "date": "2020-11-22T12:59:55.616Z",
        "value": "3.0416538832398317",
        "cumulative": false
    },
    {
        "date": "2020-11-22T13:00:34.204Z",
        "value": "3.177270203133478",
        "cumulative": false
    },
    {
        "date": "2020-11-22T13:01:12.700Z",
        "value": "3.208115805623259",
        "cumulative": false
    },
    {
        "date": "2020-11-22T13:01:50.345Z",
        "value": "3.201693797402183",
        "cumulative": false
    },
    {
        "date": "2020-11-22T13:02:29.607Z",
        "value": "3.223623336283766",
        "cumulative": false
    },
    {
        "date": "2020-11-22T13:03:06.565Z",
        "value": "3.1646728190710673",
        "cumulative": false
    },
    {
        "date": "2020-11-22T13:03:43.355Z",
        "value": "3.340349607178009",
        "cumulative": false
    },
    {
        "date": "2020-11-22T13:04:20.775Z",
        "value": "3.4503376802180914",
        "cumulative": false
    },
    {
        "date": "2020-11-22T13:04:58.028Z",
        "value": "3.1486444382440477",
        "cumulative": false
    },
    {
        "date": "2020-11-22T13:05:42.002Z",
        "value": "3.200333645130691",
        "cumulative": false
    },
    {
        "date": "2020-11-22T13:06:19.550Z",
        "value": "3.3744243827705565",
        "cumulative": false
    },
    {
        "date": "2020-11-22T13:06:55.147Z",
        "value": "3.3701393358153022",
        "cumulative": false
    },
    {
        "date": "2020-11-22T13:07:33.362Z",
        "value": "3.239296685088119",
        "cumulative": false
    },
    {
        "date": "2020-11-22T13:08:10.654Z",
        "value": "3.343506764078216",
        "cumulative": false
    },
    {
        "date": "2020-11-22T13:08:48.691Z",
        "value": "3.1972637957419052",
        "cumulative": false
    },
    {
        "date": "2020-11-22T13:09:26.191Z",
        "value": "3.3025625096689355",
        "cumulative": false
    },
    {
        "date": "2020-11-22T13:10:03.128Z",
        "value": "3.1666188786341394",
        "cumulative": false
    },
    {
        "date": "2020-11-22T13:10:39.606Z",
        "value": "3.2695674956919407",
        "cumulative": false
    },
    {
        "date": "2020-11-22T13:11:16.590Z",
        "value": "3.377882068740325",
        "cumulative": false
    },
    {
        "date": "2020-11-22T13:11:53.861Z",
        "value": "3.351210698411542",
        "cumulative": false
    },
    {
        "date": "2020-11-22T13:12:31.868Z",
        "value": "3.3764029337789414",
        "cumulative": false
    },
    {
        "date": "2020-11-22T13:13:07.751Z",
        "value": "3.2499599525491827",
        "cumulative": false
    },
    {
        "date": "2020-11-22T13:13:46.263Z",
        "value": "3.390942352484472",
        "cumulative": false
    },
    {
        "date": "2020-11-22T13:14:23.365Z",
        "value": "3.3461864371317622",
        "cumulative": false
    },
    {
        "date": "2020-11-22T13:15:00.772Z",
        "value": "3.4721945209645106",
        "cumulative": false
    },
    {
        "date": "2020-11-22T13:15:16.194Z",
        "value": "3.241795301437378",
        "cumulative": false
    },
    {
        "date": "2020-11-22T13:15:36.453Z",
        "value": "2.8027806971714617",
        "cumulative": false
    },
    {
        "date": "2020-11-22T13:16:14.518Z",
        "value": "3.0472985836125495",
        "cumulative": false
    },
    {
        "date": "2020-11-22T13:16:49.980Z",
        "value": "3.222258129692714",
        "cumulative": false
    },
    {
        "date": "2020-11-22T13:17:28.147Z",
        "value": "3.1560170890119252",
        "cumulative": false
    },
    {
        "date": "2020-11-22T13:18:03.227Z",
        "value": "3.10802356788943",
        "cumulative": false
    },
    {
        "date": "2020-11-22T13:18:41.058Z",
        "value": "3.095487567580164",
        "cumulative": false
    },
    {
        "date": "2020-11-22T13:19:18.643Z",
        "value": "3.133896835144456",
        "cumulative": false
    },
    {
        "date": "2020-11-22T13:19:57.311Z",
        "value": "3.1561801333902735",
        "cumulative": false
    },
    {
        "date": "2020-11-22T13:20:33.191Z",
        "value": "3.3817496213225766",
        "cumulative": false
    },
    {
        "date": "2020-11-22T13:21:12.634Z",
        "value": "3.3663312135707044",
        "cumulative": false
    },
    {
        "date": "2020-11-22T13:21:48.499Z",
        "value": "3.3576231251681463",
        "cumulative": false
    },
    {
        "date": "2020-11-22T13:22:28.306Z",
        "value": "3.1527257368251007",
        "cumulative": false
    },
    {
        "date": "2020-11-22T13:23:03.787Z",
        "value": "3.260222780751992",
        "cumulative": false
    },
    {
        "date": "2020-11-22T13:23:40.939Z",
        "value": "3.0935596896158377",
        "cumulative": false
    },
    {
        "date": "2020-11-22T13:24:16.295Z",
        "value": "3.297084532576537",
        "cumulative": false
    },
    {
        "date": "2020-11-22T13:24:54.503Z",
        "value": "3.271172350681357",
        "cumulative": false
    },
    {
        "date": "2020-11-22T13:25:29.542Z",
        "value": "3.1519494058036965",
        "cumulative": false
    },
    {
        "date": "2020-11-22T13:26:06.448Z",
        "value": "3.0113589368776204",
        "cumulative": false
    },
    {
        "date": "2020-11-22T13:26:43.492Z",
        "value": "3.402835720368996",
        "cumulative": false
    },
    {
        "date": "2020-11-22T13:27:21.430Z",
        "value": "3.2152853750514825",
        "cumulative": false
    },
    {
        "date": "2020-11-22T13:27:58.087Z",
        "value": "3.152822488293974",
        "cumulative": false
    },
    {
        "date": "2020-11-22T13:28:36.240Z",
        "value": "3.393470637966078",
        "cumulative": false
    },
    {
        "date": "2020-11-22T13:29:12.571Z",
        "value": "3.255139544710064",
        "cumulative": false
    },
    {
        "date": "2020-11-22T13:29:50.328Z",
        "value": "3.2990262236982884",
        "cumulative": false
    },
    {
        "date": "2020-11-22T13:30:27.479Z",
        "value": "3.211997191154474",
        "cumulative": false
    },
    {
        "date": "2020-11-22T13:31:04.348Z",
        "value": "3.205696863072519",
        "cumulative": false
    },
    {
        "date": "2020-11-22T13:31:40.156Z",
        "value": "3.2604997039380654",
        "cumulative": false
    },
    {
        "date": "2020-11-22T13:32:17.476Z",
        "value": "3.4486326562083223",
        "cumulative": false
    },
    {
        "date": "2020-11-22T13:32:53.966Z",
        "value": "3.302160864477759",
        "cumulative": false
    },
    {
        "date": "2020-11-22T13:33:32.303Z",
        "value": "3.16447315307035",
        "cumulative": false
    },
    {
        "date": "2020-11-22T13:34:07.426Z",
        "value": "3.1501913319463317",
        "cumulative": false
    },
    {
        "date": "2020-11-22T13:34:45.039Z",
        "value": "3.2872285576276883",
        "cumulative": false
    },
    {
        "date": "2020-11-22T13:35:21.775Z",
        "value": "3.2382248820609276",
        "cumulative": false
    },
    {
        "date": "2020-11-22T13:36:00.795Z",
        "value": "3.3105569977325078",
        "cumulative": false
    },
    {
        "date": "2020-11-22T13:36:36.229Z",
        "value": "3.3224856808714627",
        "cumulative": false
    },
    {
        "date": "2020-11-22T13:37:11.606Z",
        "value": "3.2217496225194133",
        "cumulative": false
    },
    {
        "date": "2020-11-22T13:37:48.603Z",
        "value": "3.094343768027113",
        "cumulative": false
    },
    {
        "date": "2020-11-22T13:38:27.234Z",
        "value": "3.152789915347035",
        "cumulative": false
    },
    {
        "date": "2020-11-22T13:39:04.943Z",
        "value": "3.0594558820995315",
        "cumulative": false
    },
    {
        "date": "2020-11-22T13:39:42.845Z",
        "value": "2.9650556028857307",
        "cumulative": false
    },
    {
        "date": "2020-11-22T13:40:19.599Z",
        "value": "3.041892710584977",
        "cumulative": false
    },
    {
        "date": "2020-11-22T13:40:57.789Z",
        "value": "3.1181210266248613",
        "cumulative": false
    },
    {
        "date": "2020-11-22T13:41:33.692Z",
        "value": "3.2406853028687395",
        "cumulative": false
    },
    {
        "date": "2020-11-22T13:42:12.662Z",
        "value": "3.115732094318505",
        "cumulative": false
    },
    {
        "date": "2020-11-22T13:42:49.282Z",
        "value": "3.4146448834263854",
        "cumulative": false
    },
    {
        "date": "2020-11-22T13:43:26.663Z",
        "value": "3.3402469413421465",
        "cumulative": false
    },
    {
        "date": "2020-11-22T13:44:03.889Z",
        "value": "3.2324034111143485",
        "cumulative": false
    },
    {
        "date": "2020-11-22T13:44:48.647Z",
        "value": "3.298832396926947",
        "cumulative": false
    },
    {
        "date": "2020-11-22T13:45:23.472Z",
        "value": "3.2716531755915317",
        "cumulative": false
    },
    {
        "date": "2020-11-22T13:46:01.009Z",
        "value": "3.4289834235453314",
        "cumulative": false
    },
    {
        "date": "2020-11-22T13:46:35.866Z",
        "value": "3.2291993235313843",
        "cumulative": false
    },
    {
        "date": "2020-11-22T13:47:14.197Z",
        "value": "3.3123743988696996",
        "cumulative": false
    },
    {
        "date": "2020-11-22T13:47:50.734Z",
        "value": "3.091556067584982",
        "cumulative": false
    },
    {
        "date": "2020-11-22T13:48:30.334Z",
        "value": "3.0602212609209394",
        "cumulative": false
    },
    {
        "date": "2020-11-22T13:49:07.358Z",
        "value": "3.4692450316820276",
        "cumulative": false
    },
    {
        "date": "2020-11-22T13:49:45.505Z",
        "value": "3.09228262076387",
        "cumulative": false
    },
    {
        "date": "2020-11-22T13:50:20.700Z",
        "value": "3.271039022332905",
        "cumulative": false
    },
    {
        "date": "2020-11-22T13:50:57.955Z",
        "value": "3.2659100392837876",
        "cumulative": false
    },
    {
        "date": "2020-11-22T13:51:35.159Z",
        "value": "3.173999770023578",
        "cumulative": false
    },
    {
        "date": "2020-11-22T13:52:13.308Z",
        "value": "3.1431161020799676",
        "cumulative": false
    },
    {
        "date": "2020-11-22T13:52:48.217Z",
        "value": "2.940350158198826",
        "cumulative": false
    },
    {
        "date": "2020-11-22T13:53:27.726Z",
        "value": "3.339825871185853",
        "cumulative": false
    },
    {
        "date": "2020-11-22T13:54:03.845Z",
        "value": "3.511988679681417",
        "cumulative": false
    },
    {
        "date": "2020-11-22T13:54:42.534Z",
        "value": "3.257777079024817",
        "cumulative": false
    },
    {
        "date": "2020-11-22T13:55:18.860Z",
        "value": "3.2290426459194217",
        "cumulative": false
    },
    {
        "date": "2020-11-22T13:55:57.501Z",
        "value": "3.0873833775616126",
        "cumulative": false
    },
    {
        "date": "2020-11-22T13:56:33.388Z",
        "value": "3.2214014898450025",
        "cumulative": false
    },
    {
        "date": "2020-11-22T13:57:11.774Z",
        "value": "3.277820773290885",
        "cumulative": false
    },
    {
        "date": "2020-11-22T13:57:47.571Z",
        "value": "3.242077762298866",
        "cumulative": false
    },
    {
        "date": "2020-11-22T13:58:25.306Z",
        "value": "3.3258808777011657",
        "cumulative": false
    },
    {
        "date": "2020-11-22T13:59:01.914Z",
        "value": "3.2567953183374843",
        "cumulative": false
    },
    {
        "date": "2020-11-22T13:59:41.279Z",
        "value": "3.2582032349113677",
        "cumulative": false
    },
    {
        "date": "2020-11-22T14:00:16.936Z",
        "value": "3.262942854870043",
        "cumulative": false
    },
    {
        "date": "2020-11-22T14:00:54.407Z",
        "value": "3.32634938139023",
        "cumulative": false
    },
    {
        "date": "2020-11-22T14:01:30.955Z",
        "value": "3.2391206407055413",
        "cumulative": false
    },
    {
        "date": "2020-11-22T14:02:08.814Z",
        "value": "3.236379894578313",
        "cumulative": false
    },
    {
        "date": "2020-11-22T14:02:44.830Z",
        "value": "3.0946133104414613",
        "cumulative": false
    },
    {
        "date": "2020-11-22T14:03:21.852Z",
        "value": "3.2236424127867287",
        "cumulative": false
    },
    {
        "date": "2020-11-22T14:03:57.912Z",
        "value": "3.157599402598738",
        "cumulative": false
    },
    {
        "date": "2020-11-22T14:04:37.145Z",
        "value": "3.2499038384885206",
        "cumulative": false
    },
    {
        "date": "2020-11-22T14:05:11.824Z",
        "value": "3.222174418254678",
        "cumulative": false
    },
    {
        "date": "2020-11-22T14:05:49.322Z",
        "value": "3.376129656567683",
        "cumulative": false
    },
    {
        "date": "2020-11-22T14:06:24.677Z",
        "value": "3.1898549138723826",
        "cumulative": false
    },
    {
        "date": "2020-11-22T14:07:04.186Z",
        "value": "3.1980253603700515",
        "cumulative": false
    },
    {
        "date": "2020-11-22T14:07:40.991Z",
        "value": "3.00410700295961",
        "cumulative": false
    },
    {
        "date": "2020-11-22T14:08:18.784Z",
        "value": "3.2301062289220583",
        "cumulative": false
    },
    {
        "date": "2020-11-22T14:08:53.744Z",
        "value": "3.1332082181182246",
        "cumulative": false
    },
    {
        "date": "2020-11-22T14:09:31.978Z",
        "value": "3.3083551304812464",
        "cumulative": false
    },
    {
        "date": "2020-11-22T14:10:08.516Z",
        "value": "2.96143648511502",
        "cumulative": false
    },
    {
        "date": "2020-11-22T14:10:45.449Z",
        "value": "3.2117474439958325",
        "cumulative": false
    },
    {
        "date": "2020-11-22T14:11:22.954Z",
        "value": "3.2646909752012934",
        "cumulative": false
    },
    {
        "date": "2020-11-22T14:12:01.214Z",
        "value": "3.204846932647963",
        "cumulative": false
    },
    {
        "date": "2020-11-22T14:12:37.937Z",
        "value": "3.234049393435607",
        "cumulative": false
    },
    {
        "date": "2020-11-22T14:13:16.905Z",
        "value": "3.304258308499611",
        "cumulative": false
    },
    {
        "date": "2020-11-22T14:13:58.542Z",
        "value": "3.3116147925304484",
        "cumulative": false
    },
    {
        "date": "2020-11-22T14:14:37.727Z",
        "value": "3.174558413678819",
        "cumulative": false
    },
    {
        "date": "2020-11-22T14:15:15.077Z",
        "value": "3.2232503532956485",
        "cumulative": false
    },
    {
        "date": "2020-11-22T14:15:52.295Z",
        "value": "3.108642578125",
        "cumulative": false
    },
    {
        "date": "2020-11-22T14:16:27.388Z",
        "value": "3.314742877360165",
        "cumulative": false
    },
    {
        "date": "2020-11-22T14:17:05.432Z",
        "value": "3.320450990615224",
        "cumulative": false
    },
    {
        "date": "2020-11-22T14:17:40.338Z",
        "value": "3.4251328656462583",
        "cumulative": false
    },
    {
        "date": "2020-11-22T14:18:17.262Z",
        "value": "3.0603217186650356",
        "cumulative": false
    },
    {
        "date": "2020-11-22T14:18:53.470Z",
        "value": "3.3068931934931505",
        "cumulative": false
    },
    {
        "date": "2020-11-22T14:19:32.033Z",
        "value": "3.293032952152948",
        "cumulative": false
    },
    {
        "date": "2020-11-22T14:20:09.447Z",
        "value": "3.221612311028815",
        "cumulative": false
    },
    {
        "date": "2020-11-22T14:20:47.587Z",
        "value": "3.2110972430479827",
        "cumulative": false
    },
    {
        "date": "2020-11-22T14:21:23.791Z",
        "value": "3.4339273028139727",
        "cumulative": false
    },
    {
        "date": "2020-11-22T14:22:02.633Z",
        "value": "3.0874388703783318",
        "cumulative": false
    },
    {
        "date": "2020-11-22T14:22:38.233Z",
        "value": "3.097527576716366",
        "cumulative": false
    },
    {
        "date": "2020-11-22T14:23:16.748Z",
        "value": "3.181373659065075",
        "cumulative": false
    },
    {
        "date": "2020-11-22T14:23:52.350Z",
        "value": "3.296158186920449",
        "cumulative": false
    },
    {
        "date": "2020-11-22T14:24:29.767Z",
        "value": "3.262170443784435",
        "cumulative": false
    },
    {
        "date": "2020-11-22T14:25:05.922Z",
        "value": "3.299859538173864",
        "cumulative": false
    },
    {
        "date": "2020-11-22T14:25:43.853Z",
        "value": "3.307354256754492",
        "cumulative": false
    },
    {
        "date": "2020-11-22T14:26:18.889Z",
        "value": "3.1510842678100266",
        "cumulative": false
    },
    {
        "date": "2020-11-22T14:26:57.820Z",
        "value": "3.2883012404910095",
        "cumulative": false
    },
    {
        "date": "2020-11-22T14:27:34.232Z",
        "value": "3.1142192747691015",
        "cumulative": false
    },
    {
        "date": "2020-11-22T14:28:13.711Z",
        "value": "3.0904277469622716",
        "cumulative": false
    },
    {
        "date": "2020-11-22T14:28:47.948Z",
        "value": "3.059947020884521",
        "cumulative": false
    },
    {
        "date": "2020-11-22T14:29:25.823Z",
        "value": "2.9974922804519735",
        "cumulative": false
    },
    {
        "date": "2020-11-22T14:30:01.440Z",
        "value": "3.5433721968732317",
        "cumulative": false
    },
    {
        "date": "2020-11-22T14:30:36.760Z",
        "value": "3.1822495970370905",
        "cumulative": false
    },
    {
        "date": "2020-11-22T14:31:12.955Z",
        "value": "3.079685912093496",
        "cumulative": false
    },
    {
        "date": "2020-11-22T14:31:51.728Z",
        "value": "3.25159680807807",
        "cumulative": false
    },
    {
        "date": "2020-11-22T14:32:28.357Z",
        "value": "3.2750404130930044",
        "cumulative": false
    },
    {
        "date": "2020-11-22T14:33:05.907Z",
        "value": "3.2765472822659754",
        "cumulative": false
    },
    {
        "date": "2020-11-22T14:33:41.656Z",
        "value": "3.3860187031387827",
        "cumulative": false
    },
    {
        "date": "2020-11-22T14:34:21.445Z",
        "value": "3.243060781807467",
        "cumulative": false
    },
    {
        "date": "2020-11-22T14:34:57.597Z",
        "value": "3.2307566843930826",
        "cumulative": false
    },
    {
        "date": "2020-11-22T14:35:36.233Z",
        "value": "3.132126513900358",
        "cumulative": false
    },
    {
        "date": "2020-11-22T14:36:13.956Z",
        "value": "3.049183394160584",
        "cumulative": false
    },
    {
        "date": "2020-11-22T14:36:53.524Z",
        "value": "3.2084769454656863",
        "cumulative": false
    },
    {
        "date": "2020-11-22T14:37:28.915Z",
        "value": "3.051287195852457",
        "cumulative": false
    },
    {
        "date": "2020-11-22T14:38:08.589Z",
        "value": "3.172885799695289",
        "cumulative": false
    },
    {
        "date": "2020-11-22T14:38:44.107Z",
        "value": "3.188458539121393",
        "cumulative": false
    },
    {
        "date": "2020-11-22T14:39:22.605Z",
        "value": "3.2845187830136227",
        "cumulative": false
    },
    {
        "date": "2020-11-22T14:39:57.863Z",
        "value": "3.1479561179518796",
        "cumulative": false
    },
    {
        "date": "2020-11-22T14:40:36.889Z",
        "value": "3.3267508001669914",
        "cumulative": false
    },
    {
        "date": "2020-11-22T14:41:12.919Z",
        "value": "3.3091319286040144",
        "cumulative": false
    },
    {
        "date": "2020-11-22T14:41:50.899Z",
        "value": "3.1217859758895794",
        "cumulative": false
    },
    {
        "date": "2020-11-22T14:42:34.058Z",
        "value": "3.34241889941248",
        "cumulative": false
    },
    {
        "date": "2020-11-22T14:43:15.065Z",
        "value": "3.3400420476255457",
        "cumulative": false
    },
    {
        "date": "2020-11-22T14:43:51.224Z",
        "value": "3.3883589605437665",
        "cumulative": false
    },
    {
        "date": "2020-11-22T14:44:27.983Z",
        "value": "3.377510246740697",
        "cumulative": false
    },
    {
        "date": "2020-11-22T14:45:05.388Z",
        "value": "2.9604043765943877",
        "cumulative": false
    },
    {
        "date": "2020-11-22T14:45:44.851Z",
        "value": "3.0461644583390086",
        "cumulative": false
    },
    {
        "date": "2020-11-22T14:46:20.862Z",
        "value": "3.3737556157982103",
        "cumulative": false
    },
    {
        "date": "2020-11-22T14:46:58.705Z",
        "value": "3.4379512195627653",
        "cumulative": false
    },
    {
        "date": "2020-11-22T14:47:36.205Z",
        "value": "3.3611587314537696",
        "cumulative": false
    },
    {
        "date": "2020-11-22T14:48:14.593Z",
        "value": "3.2548640787715812",
        "cumulative": false
    },
    {
        "date": "2020-11-22T14:48:49.460Z",
        "value": "3.2872570050304426",
        "cumulative": false
    },
    {
        "date": "2020-11-22T14:49:26.947Z",
        "value": "3.098604762300532",
        "cumulative": false
    },
    {
        "date": "2020-11-22T14:50:04.521Z",
        "value": "3.153643089939426",
        "cumulative": false
    },
    {
        "date": "2020-11-22T14:50:41.908Z",
        "value": "3.14488925113699",
        "cumulative": false
    },
    {
        "date": "2020-11-22T14:51:16.882Z",
        "value": "3.1574000500067805",
        "cumulative": false
    },
    {
        "date": "2020-11-22T14:51:57.012Z",
        "value": "3.1486570870535715",
        "cumulative": false
    },
    {
        "date": "2020-11-22T14:52:12.532Z",
        "value": "3.1535959243774414",
        "cumulative": false
    },
    {
        "date": "2020-11-22T14:52:32.765Z",
        "value": "2.6436595220782655",
        "cumulative": false
    },
    {
        "date": "2020-11-22T14:53:09.334Z",
        "value": "3.3856109611052214",
        "cumulative": false
    },
    {
        "date": "2020-11-22T14:53:43.584Z",
        "value": "3.2067373385150484",
        "cumulative": false
    },
    {
        "date": "2020-11-22T14:54:21.240Z",
        "value": "3.0887333216292134",
        "cumulative": false
    },
    {
        "date": "2020-11-22T14:54:56.299Z",
        "value": "3.0707788584183673",
        "cumulative": false
    },
    {
        "date": "2020-11-22T14:55:33.749Z",
        "value": "3.152827771435387",
        "cumulative": false
    },
    {
        "date": "2020-11-22T14:56:09.101Z",
        "value": "3.0118405117944396",
        "cumulative": false
    },
    {
        "date": "2020-11-22T14:56:46.712Z",
        "value": "3.064293547049581",
        "cumulative": false
    },
    {
        "date": "2020-11-22T14:57:23.151Z",
        "value": "3.12890625",
        "cumulative": false
    },
    {
        "date": "2020-11-22T14:58:01.569Z",
        "value": "3.085952034883721",
        "cumulative": false
    },
    {
        "date": "2020-11-22T14:58:37.916Z",
        "value": "3.2221645938450374",
        "cumulative": false
    },
    {
        "date": "2020-11-22T14:59:16.464Z",
        "value": "3.238483297413793",
        "cumulative": false
    },
    {
        "date": "2020-11-22T14:59:53.706Z",
        "value": "3.2302362230965613",
        "cumulative": false
    },
    {
        "date": "2020-11-22T15:00:30.853Z",
        "value": "3.178655365014694",
        "cumulative": false
    },
    {
        "date": "2020-11-22T15:01:07.336Z",
        "value": "3.2670084635416665",
        "cumulative": false
    },
    {
        "date": "2020-11-22T15:01:43.945Z",
        "value": "3.090109897485461",
        "cumulative": false
    },
    {
        "date": "2020-11-22T15:02:20.089Z",
        "value": "3.1932438155785485",
        "cumulative": false
    },
    {
        "date": "2020-11-22T15:02:58.511Z",
        "value": "3.109621135974163",
        "cumulative": false
    },
    {
        "date": "2020-11-22T15:03:34.277Z",
        "value": "3.2906683273602666",
        "cumulative": false
    },
    {
        "date": "2020-11-22T15:04:11.806Z",
        "value": "3.1233533745853532",
        "cumulative": false
    },
    {
        "date": "2020-11-22T15:04:47.362Z",
        "value": "3.237945447815843",
        "cumulative": false
    },
    {
        "date": "2020-11-22T15:05:23.895Z",
        "value": "3.022747714474416",
        "cumulative": false
    },
    {
        "date": "2020-11-22T15:06:01.101Z",
        "value": "3.23649737715208",
        "cumulative": false
    },
    {
        "date": "2020-11-22T15:06:38.332Z",
        "value": "3.0459688085989822",
        "cumulative": false
    },
    {
        "date": "2020-11-22T15:07:15.308Z",
        "value": "3.275388592083008",
        "cumulative": false
    },
    {
        "date": "2020-11-22T15:07:53.015Z",
        "value": "3.1152944316688567",
        "cumulative": false
    },
    {
        "date": "2020-11-22T15:08:28.794Z",
        "value": "3.2759057805437384",
        "cumulative": false
    },
    {
        "date": "2020-11-22T15:09:06.517Z",
        "value": "3.195486907133193",
        "cumulative": false
    },
    {
        "date": "2020-11-22T15:09:43.634Z",
        "value": "3.371634583986416",
        "cumulative": false
    },
    {
        "date": "2020-11-22T15:10:22.042Z",
        "value": "3.111198543143834",
        "cumulative": false
    },
    {
        "date": "2020-11-22T15:10:58.084Z",
        "value": "3.1497937597628516",
        "cumulative": false
    },
    {
        "date": "2020-11-22T15:11:35.658Z",
        "value": "3.0911370740713657",
        "cumulative": false
    },
    {
        "date": "2020-11-22T15:12:10.376Z",
        "value": "3.1830649673171045",
        "cumulative": false
    },
    {
        "date": "2020-11-22T15:12:48.818Z",
        "value": "3.10806619896079",
        "cumulative": false
    },
    {
        "date": "2020-11-22T15:13:24.911Z",
        "value": "3.065490149080984",
        "cumulative": false
    },
    {
        "date": "2020-11-22T15:14:03.772Z",
        "value": "3.3117681303405377",
        "cumulative": false
    },
    {
        "date": "2020-11-22T15:14:40.428Z",
        "value": "3.1960175079235165",
        "cumulative": false
    },
    {
        "date": "2020-11-22T15:15:18.935Z",
        "value": "3.3068000947706064",
        "cumulative": false
    },
    {
        "date": "2020-11-22T15:15:55.522Z",
        "value": "2.9796103075265252",
        "cumulative": false
    },
    {
        "date": "2020-11-22T15:16:33.004Z",
        "value": "3.1729033217423135",
        "cumulative": false
    },
    {
        "date": "2020-11-22T15:17:09.304Z",
        "value": "3.133608710978489",
        "cumulative": false
    },
    {
        "date": "2020-11-22T15:17:46.503Z",
        "value": "3.0035376612699216",
        "cumulative": false
    },
    {
        "date": "2020-11-22T15:18:21.881Z",
        "value": "3.114337969653179",
        "cumulative": false
    },
    {
        "date": "2020-11-22T15:18:59.436Z",
        "value": "3.1839988730586994",
        "cumulative": false
    },
    {
        "date": "2020-11-22T15:19:35.157Z",
        "value": "3.078745912977867",
        "cumulative": false
    },
    {
        "date": "2020-11-22T15:20:12.465Z",
        "value": "3.17776516317734",
        "cumulative": false
    },
    {
        "date": "2020-11-22T15:20:47.839Z",
        "value": "3.080111039535059",
        "cumulative": false
    },
    {
        "date": "2020-11-22T15:21:31.853Z",
        "value": "3.201982909497301",
        "cumulative": false
    },
    {
        "date": "2020-11-22T15:22:06.901Z",
        "value": "3.076173017846694",
        "cumulative": false
    },
    {
        "date": "2020-11-22T15:22:45.880Z",
        "value": "3.1086248867753623",
        "cumulative": false
    },
    {
        "date": "2020-11-22T15:23:21.274Z",
        "value": "2.9672032588422215",
        "cumulative": false
    },
    {
        "date": "2020-11-22T15:24:00.090Z",
        "value": "3.228906676213857",
        "cumulative": false
    },
    {
        "date": "2020-11-22T15:24:35.975Z",
        "value": "3.292109386719922",
        "cumulative": false
    },
    {
        "date": "2020-11-22T15:25:12.632Z",
        "value": "3.212100323083779",
        "cumulative": false
    },
    {
        "date": "2020-11-22T15:25:49.183Z",
        "value": "2.9268956079512995",
        "cumulative": false
    },
    {
        "date": "2020-11-22T15:26:25.724Z",
        "value": "3.425150756160022",
        "cumulative": false
    },
    {
        "date": "2020-11-22T15:27:01.085Z",
        "value": "3.1009667864192987",
        "cumulative": false
    },
    {
        "date": "2020-11-22T15:27:40.201Z",
        "value": "3.019858891490228",
        "cumulative": false
    },
    {
        "date": "2020-11-22T15:28:14.307Z",
        "value": "3.0251613427379955",
        "cumulative": false
    },
    {
        "date": "2020-11-22T15:28:51.589Z",
        "value": "3.061706440846347",
        "cumulative": false
    },
    {
        "date": "2020-11-22T15:29:29.171Z",
        "value": "3.2078802823888735",
        "cumulative": false
    },
    {
        "date": "2020-11-22T15:30:06.491Z",
        "value": "3.293994530604517",
        "cumulative": false
    },
    {
        "date": "2020-11-22T15:30:43.506Z",
        "value": "3.0556450193971436",
        "cumulative": false
    },
    {
        "date": "2020-11-22T15:31:22.061Z",
        "value": "3.14940930393882",
        "cumulative": false
    },
    {
        "date": "2020-11-22T15:31:58.063Z",
        "value": "2.9960476300796266",
        "cumulative": false
    },
    {
        "date": "2020-11-22T15:32:36.536Z",
        "value": "3.0342029196922544",
        "cumulative": false
    },
    {
        "date": "2020-11-22T15:33:14.276Z",
        "value": "3.230757692502021",
        "cumulative": false
    },
    {
        "date": "2020-11-22T15:33:52.695Z",
        "value": "3.0414403878646947",
        "cumulative": false
    },
    {
        "date": "2020-11-22T15:34:29.315Z",
        "value": "3.0010345686551814",
        "cumulative": false
    },
    {
        "date": "2020-11-22T15:35:07.664Z",
        "value": "3.229747580050911",
        "cumulative": false
    },
    {
        "date": "2020-11-22T15:35:43.964Z",
        "value": "3.1863041805735",
        "cumulative": false
    },
    {
        "date": "2020-11-22T15:36:22.824Z",
        "value": "2.9528879408969306",
        "cumulative": false
    },
    {
        "date": "2020-11-22T15:36:58.034Z",
        "value": "3.2315575175897235",
        "cumulative": false
    },
    {
        "date": "2020-11-22T15:37:34.299Z",
        "value": "2.944822329325594",
        "cumulative": false
    },
    {
        "date": "2020-11-22T15:38:09.387Z",
        "value": "3.0665114634604866",
        "cumulative": false
    },
    {
        "date": "2020-11-22T15:38:46.031Z",
        "value": "3.1515450948251553",
        "cumulative": false
    },
    {
        "date": "2020-11-22T15:39:22.891Z",
        "value": "3.2441927228049456",
        "cumulative": false
    },
    {
        "date": "2020-11-22T15:40:00.282Z",
        "value": "3.024678302367238",
        "cumulative": false
    },
    {
        "date": "2020-11-22T15:40:36.579Z",
        "value": "3.08731397302134",
        "cumulative": false
    },
    {
        "date": "2020-11-22T15:41:16.721Z",
        "value": "2.989747360550591",
        "cumulative": false
    },
    {
        "date": "2020-11-22T15:41:52.974Z",
        "value": "3.1782754328462772",
        "cumulative": false
    },
    {
        "date": "2020-11-22T15:42:30.954Z",
        "value": "3.000943752560776",
        "cumulative": false
    },
    {
        "date": "2020-11-22T15:43:06.521Z",
        "value": "3.352336379716981",
        "cumulative": false
    },
    {
        "date": "2020-11-22T15:43:43.536Z",
        "value": "3.3258174726446588",
        "cumulative": false
    },
    {
        "date": "2020-11-22T15:44:20.675Z",
        "value": "3.1478279928900847",
        "cumulative": false
    },
    {
        "date": "2020-11-22T15:44:57.990Z",
        "value": "3.246043820069266",
        "cumulative": false
    },
    {
        "date": "2020-11-22T15:45:34.072Z",
        "value": "3.1784060701501966",
        "cumulative": false
    },
    {
        "date": "2020-11-22T15:46:12.680Z",
        "value": "3.0780067443847656",
        "cumulative": false
    },
    {
        "date": "2020-11-22T15:46:49.067Z",
        "value": "3.0306244742181314",
        "cumulative": false
    },
    {
        "date": "2020-11-22T15:47:26.464Z",
        "value": "3.3106221409758803",
        "cumulative": false
    },
    {
        "date": "2020-11-22T15:48:01.391Z",
        "value": "3.0035217573457906",
        "cumulative": false
    },
    {
        "date": "2020-11-22T15:48:38.533Z",
        "value": "3.1653304437598324",
        "cumulative": false
    },
    {
        "date": "2020-11-22T15:49:13.896Z",
        "value": "3.1614426725372278",
        "cumulative": false
    },
    {
        "date": "2020-11-22T15:49:51.430Z",
        "value": "2.9532017552146312",
        "cumulative": false
    },
    {
        "date": "2020-11-22T15:50:33.806Z",
        "value": "2.944629406481218",
        "cumulative": false
    },
    {
        "date": "2020-11-22T15:51:09.838Z",
        "value": "3.0581822339100224",
        "cumulative": false
    },
    {
        "date": "2020-11-22T15:51:47.715Z",
        "value": "2.9734011728480487",
        "cumulative": false
    },
    {
        "date": "2020-11-22T15:52:24.687Z",
        "value": "3.089560032894737",
        "cumulative": false
    },
    {
        "date": "2020-11-22T15:53:00.378Z",
        "value": "3.0587181395504417",
        "cumulative": false
    },
    {
        "date": "2020-11-22T15:53:37.694Z",
        "value": "2.9565616012556117",
        "cumulative": false
    },
    {
        "date": "2020-11-22T15:54:13.986Z",
        "value": "2.89807168842012",
        "cumulative": false
    },
    {
        "date": "2020-11-22T15:54:50.089Z",
        "value": "3.0302640824574243",
        "cumulative": false
    },
    {
        "date": "2020-11-22T15:55:27.848Z",
        "value": "3.0139138598578916",
        "cumulative": false
    },
    {
        "date": "2020-11-22T15:56:07.232Z",
        "value": "3.0399796316964287",
        "cumulative": false
    },
    {
        "date": "2020-11-22T15:56:44.115Z",
        "value": "3.326080859692495",
        "cumulative": false
    },
    {
        "date": "2020-11-22T15:57:20.892Z",
        "value": "3.138943988703604",
        "cumulative": false
    },
    {
        "date": "2020-11-22T15:57:57.268Z",
        "value": "3.115743393069111",
        "cumulative": false
    },
    {
        "date": "2020-11-22T15:58:34.797Z",
        "value": "2.890948945732527",
        "cumulative": false
    },
    {
        "date": "2020-11-22T15:59:11.090Z",
        "value": "3.092459999317686",
        "cumulative": false
    },
    {
        "date": "2020-11-22T15:59:47.592Z",
        "value": "3.1049291372669603",
        "cumulative": false
    },
    {
        "date": "2020-11-22T16:00:25.033Z",
        "value": "3.2402589279033225",
        "cumulative": false
    },
    {
        "date": "2020-11-22T16:01:03.431Z",
        "value": "3.132417967664629",
        "cumulative": false
    },
    {
        "date": "2020-11-22T16:01:39.915Z",
        "value": "3.211961031437876",
        "cumulative": false
    },
    {
        "date": "2020-11-22T16:02:17.559Z",
        "value": "3.1957845652675276",
        "cumulative": false
    },
    {
        "date": "2020-11-22T16:02:53.145Z",
        "value": "2.978493256808659",
        "cumulative": false
    },
    {
        "date": "2020-11-22T16:03:31.900Z",
        "value": "3.041026040989204",
        "cumulative": false
    },
    {
        "date": "2020-11-22T16:04:08.591Z",
        "value": "3.032923296044435",
        "cumulative": false
    },
    {
        "date": "2020-11-22T16:04:46.326Z",
        "value": "3.096265967153285",
        "cumulative": false
    },
    {
        "date": "2020-11-22T16:05:22.514Z",
        "value": "3.0383796054594274",
        "cumulative": false
    },
    {
        "date": "2020-11-22T16:06:01.395Z",
        "value": "2.870657209033005",
        "cumulative": false
    },
    {
        "date": "2020-11-22T16:06:37.265Z",
        "value": "3.1039400453920716",
        "cumulative": false
    },
    {
        "date": "2020-11-22T16:07:14.808Z",
        "value": "3.0293737378314",
        "cumulative": false
    },
    {
        "date": "2020-11-22T16:07:50.152Z",
        "value": "3.1234558536461163",
        "cumulative": false
    },
    {
        "date": "2020-11-22T16:08:28.332Z",
        "value": "2.973486807503506",
        "cumulative": false
    },
    {
        "date": "2020-11-22T16:09:02.218Z",
        "value": "3.127656332366895",
        "cumulative": false
    },
    {
        "date": "2020-11-22T16:09:39.802Z",
        "value": "3.06050787574204",
        "cumulative": false
    },
    {
        "date": "2020-11-22T16:10:16.083Z",
        "value": "3.3672550282579787",
        "cumulative": false
    },
    {
        "date": "2020-11-22T16:10:53.491Z",
        "value": "3.132613000790935",
        "cumulative": false
    },
    {
        "date": "2020-11-22T16:11:30.362Z",
        "value": "3.0497277885806717",
        "cumulative": false
    },
    {
        "date": "2020-11-22T16:12:07.699Z",
        "value": "3.036039638386648",
        "cumulative": false
    },
    {
        "date": "2020-11-22T16:12:44.066Z",
        "value": "3.012445915887379",
        "cumulative": false
    },
    {
        "date": "2020-11-22T16:13:20.938Z",
        "value": "3.1350618046697845",
        "cumulative": false
    },
    {
        "date": "2020-11-22T16:13:56.006Z",
        "value": "3.236078740304296",
        "cumulative": false
    },
    {
        "date": "2020-11-22T16:14:34.266Z",
        "value": "3.2553842972106395",
        "cumulative": false
    },
    {
        "date": "2020-11-22T16:15:10.380Z",
        "value": "3.1953758241592065",
        "cumulative": false
    },
    {
        "date": "2020-11-22T16:15:48.279Z",
        "value": "3.118955410061411",
        "cumulative": false
    },
    {
        "date": "2020-11-22T16:16:22.536Z",
        "value": "3.078524415973581",
        "cumulative": false
    },
    {
        "date": "2020-11-22T16:17:01.901Z",
        "value": "3.090804135789015",
        "cumulative": false
    },
    {
        "date": "2020-11-22T16:17:37.500Z",
        "value": "2.860955936578171",
        "cumulative": false
    },
    {
        "date": "2020-11-22T16:18:14.269Z",
        "value": "2.956603348337235",
        "cumulative": false
    },
    {
        "date": "2020-11-22T16:18:56.524Z",
        "value": "3.095855852240297",
        "cumulative": false
    },
    {
        "date": "2020-11-22T16:19:35.124Z",
        "value": "3.0139790092150625",
        "cumulative": false
    },
    {
        "date": "2020-11-22T16:20:08.444Z",
        "value": "3.02080517231462",
        "cumulative": false
    },
    {
        "date": "2020-11-22T16:20:47.322Z",
        "value": "3.2005050230539513",
        "cumulative": false
    },
    {
        "date": "2020-11-22T16:21:23.889Z",
        "value": "3.0517043579813836",
        "cumulative": false
    },
    {
        "date": "2020-11-22T16:22:02.846Z",
        "value": "3.081823840939621",
        "cumulative": false
    },
    {
        "date": "2020-11-22T16:22:39.098Z",
        "value": "3.04415969301572",
        "cumulative": false
    },
    {
        "date": "2020-11-22T16:23:16.459Z",
        "value": "3.051486514348042",
        "cumulative": false
    },
    {
        "date": "2020-11-22T16:23:51.798Z",
        "value": "3.022666193383817",
        "cumulative": false
    },
    {
        "date": "2020-11-22T16:24:30.842Z",
        "value": "3.1101305005259468",
        "cumulative": false
    },
    {
        "date": "2020-11-22T16:25:07.086Z",
        "value": "3.2111068957334132",
        "cumulative": false
    },
    {
        "date": "2020-11-22T16:25:45.698Z",
        "value": "3.0069102608724476",
        "cumulative": false
    },
    {
        "date": "2020-11-22T16:26:20.997Z",
        "value": "2.996193803064355",
        "cumulative": false
    },
    {
        "date": "2020-11-22T16:26:59.388Z",
        "value": "3.010018138439031",
        "cumulative": false
    },
    {
        "date": "2020-11-22T16:27:37.463Z",
        "value": "3.0865198731828025",
        "cumulative": false
    },
    {
        "date": "2020-11-22T16:28:14.801Z",
        "value": "3.2201390417569766",
        "cumulative": false
    },
    {
        "date": "2020-11-22T16:28:30.024Z",
        "value": "3.0642759799957275",
        "cumulative": false
    },
    {
        "date": "2020-11-22T16:28:49.800Z",
        "value": "2.7108557316507684",
        "cumulative": false
    },
    {
        "date": "2020-11-22T16:29:26.905Z",
        "value": "3.017289128243338",
        "cumulative": false
    },
    {
        "date": "2020-11-22T16:30:03.612Z",
        "value": "2.9447881783078187",
        "cumulative": false
    },
    {
        "date": "2020-11-22T16:30:42.522Z",
        "value": "3.0518288352272727",
        "cumulative": false
    },
    {
        "date": "2020-11-22T16:31:18.721Z",
        "value": "2.9297560307017543",
        "cumulative": false
    },
    {
        "date": "2020-11-22T16:31:56.268Z",
        "value": "2.9690150862068965",
        "cumulative": false
    },
    {
        "date": "2020-11-22T16:32:32.266Z",
        "value": "3.0325366870777026",
        "cumulative": false
    },
    {
        "date": "2020-11-22T16:33:09.747Z",
        "value": "2.9553641917293234",
        "cumulative": false
    },
    {
        "date": "2020-11-22T16:33:45.943Z",
        "value": "3.173049357338426",
        "cumulative": false
    },
    {
        "date": "2020-11-22T16:34:23.990Z",
        "value": "2.9045424936364888",
        "cumulative": false
    },
    {
        "date": "2020-11-22T16:34:59.784Z",
        "value": "3.182549423932967",
        "cumulative": false
    },
    {
        "date": "2020-11-22T16:35:37.620Z",
        "value": "3.0494666020264254",
        "cumulative": false
    },
    {
        "date": "2020-11-22T16:36:12.278Z",
        "value": "3.240810296474359",
        "cumulative": false
    },
    {
        "date": "2020-11-22T16:36:52.224Z",
        "value": "3.0297927680246826",
        "cumulative": false
    },
    {
        "date": "2020-11-22T16:37:27.125Z",
        "value": "3.167133766186231",
        "cumulative": false
    },
    {
        "date": "2020-11-22T16:38:06.449Z",
        "value": "3.0483850909607733",
        "cumulative": false
    },
    {
        "date": "2020-11-22T16:38:41.242Z",
        "value": "3.0923808495603016",
        "cumulative": false
    },
    {
        "date": "2020-11-22T16:39:20.030Z",
        "value": "3.073020465963535",
        "cumulative": false
    },
    {
        "date": "2020-11-22T16:39:56.300Z",
        "value": "3.151525123651079",
        "cumulative": false
    },
    {
        "date": "2020-11-22T16:40:34.714Z",
        "value": "2.8036797035468015",
        "cumulative": false
    },
    {
        "date": "2020-11-22T16:41:10.450Z",
        "value": "2.9574234074090584",
        "cumulative": false
    },
    {
        "date": "2020-11-22T16:41:51.374Z",
        "value": "3.0528644867396144",
        "cumulative": false
    },
    {
        "date": "2020-11-22T16:42:26.806Z",
        "value": "2.9631213322098273",
        "cumulative": false
    },
    {
        "date": "2020-11-22T16:43:05.807Z",
        "value": "2.923564932371279",
        "cumulative": false
    },
    {
        "date": "2020-11-22T16:43:40.620Z",
        "value": "2.9846311139522688",
        "cumulative": false
    },
    {
        "date": "2020-11-22T16:44:16.434Z",
        "value": "2.957861981542731",
        "cumulative": false
    },
    {
        "date": "2020-11-22T16:44:52.232Z",
        "value": "3.019771942502077",
        "cumulative": false
    },
    {
        "date": "2020-11-22T16:45:31.200Z",
        "value": "2.9701248041434543",
        "cumulative": false
    },
    {
        "date": "2020-11-22T16:46:06.589Z",
        "value": "2.979868537167774",
        "cumulative": false
    },
    {
        "date": "2020-11-22T16:46:43.005Z",
        "value": "3.023597642060197",
        "cumulative": false
    },
    {
        "date": "2020-11-22T16:47:18.400Z",
        "value": "3.0233760452472236",
        "cumulative": false
    },
    {
        "date": "2020-11-22T16:47:55.807Z",
        "value": "3.053387625459429",
        "cumulative": false
    },
    {
        "date": "2020-11-22T16:48:32.655Z",
        "value": "3.0157309465690263",
        "cumulative": false
    },
    {
        "date": "2020-11-22T16:49:10.833Z",
        "value": "3.0950808139638673",
        "cumulative": false
    },
    {
        "date": "2020-11-22T16:49:46.503Z",
        "value": "3.2065290414960463",
        "cumulative": false
    },
    {
        "date": "2020-11-22T16:50:25.698Z",
        "value": "2.89696191889431",
        "cumulative": false
    },
    {
        "date": "2020-11-22T16:51:02.918Z",
        "value": "3.0837833545108007",
        "cumulative": false
    },
    {
        "date": "2020-11-22T16:51:40.938Z",
        "value": "3.077464972926346",
        "cumulative": false
    },
    {
        "date": "2020-11-22T16:52:16.608Z",
        "value": "2.9574572062552833",
        "cumulative": false
    },
    {
        "date": "2020-11-22T16:52:58.185Z",
        "value": "2.8703425932891964",
        "cumulative": false
    },
    {
        "date": "2020-11-22T16:53:34.858Z",
        "value": "3.1237811873444414",
        "cumulative": false
    },
    {
        "date": "2020-11-22T16:54:11.449Z",
        "value": "3.048966299108437",
        "cumulative": false
    },
    {
        "date": "2020-11-22T16:54:47.621Z",
        "value": "3.030144576390755",
        "cumulative": false
    },
    {
        "date": "2020-11-22T16:55:24.440Z",
        "value": "3.0860892528717088",
        "cumulative": false
    },
    {
        "date": "2020-11-22T16:56:02.359Z",
        "value": "2.998632916086582",
        "cumulative": false
    },
    {
        "date": "2020-11-22T16:56:40.977Z",
        "value": "3.1246429408160323",
        "cumulative": false
    },
    {
        "date": "2020-11-22T16:57:17.598Z",
        "value": "2.9984430327798406",
        "cumulative": false
    }
]