[
    {
        "date": "2020-11-22T11:38:28.806Z",
        "value": "5811.555795907974",
        "cumulative": false
    },
    {
        "date": "2020-11-22T13:15:35.425Z",
        "value": "5778.993712902069",
        "cumulative": false
    },
    {
        "date": "2020-11-22T14:52:31.841Z",
        "value": "5770.044764757156",
        "cumulative": false
    },
    {
        "date": "2020-11-22T16:28:49.047Z",
        "value": "5731.240243196487",
        "cumulative": false
    },
    {
        "date": "2020-11-22T16:58:16.627Z",
        "value": "1728.3677744865417",
        "cumulative": false
    }
]