[
    {
        "date": "2020-11-22T11:38:28.010Z",
        "value": "0.14930009841918945",
        "cumulative": false
    },
    {
        "date": "2020-11-22T13:15:35.181Z",
        "value": "0.13750576972961426",
        "cumulative": false
    },
    {
        "date": "2020-11-22T14:52:31.634Z",
        "value": "0.1373286247253418",
        "cumulative": false
    },
    {
        "date": "2020-11-22T16:28:49.206Z",
        "value": "0.14268159866333008",
        "cumulative": false
    },
    {
        "date": "2020-11-22T16:58:17.006Z",
        "value": "0.0436863899230957",
        "cumulative": false
    }
]