[
    {
        "date": "2020-11-22T11:38:28.806Z",
        "value": "503.66731238365173",
        "cumulative": false
    },
    {
        "date": "2020-11-22T13:15:35.425Z",
        "value": "506.66918444633484",
        "cumulative": false
    },
    {
        "date": "2020-11-22T14:52:31.841Z",
        "value": "505.26293754577637",
        "cumulative": false
    },
    {
        "date": "2020-11-22T16:28:49.047Z",
        "value": "505.06395649909973",
        "cumulative": false
    },
    {
        "date": "2020-11-22T16:58:16.627Z",
        "value": "151.4378628730774",
        "cumulative": false
    }
]