[
    {
        "date": "2020-11-22T10:01:09.752Z",
        "value": "8.618352697649573",
        "cumulative": false
    },
    {
        "date": "2020-11-22T10:01:47.992Z",
        "value": "9.24696840805978",
        "cumulative": false
    },
    {
        "date": "2020-11-22T10:02:25.701Z",
        "value": "8.483261738418932",
        "cumulative": false
    },
    {
        "date": "2020-11-22T10:03:03.352Z",
        "value": "8.223867176561187",
        "cumulative": false
    },
    {
        "date": "2020-11-22T10:03:41.732Z",
        "value": "7.9853176257992775",
        "cumulative": false
    },
    {
        "date": "2020-11-22T10:04:19.451Z",
        "value": "7.716087814195944",
        "cumulative": false
    },
    {
        "date": "2020-11-22T10:04:55.321Z",
        "value": "7.483079620964375",
        "cumulative": false
    },
    {
        "date": "2020-11-22T10:05:33.632Z",
        "value": "7.588735546753951",
        "cumulative": false
    },
    {
        "date": "2020-11-22T10:06:09.886Z",
        "value": "7.402836018903126",
        "cumulative": false
    },
    {
        "date": "2020-11-22T10:06:47.369Z",
        "value": "7.4341950516412",
        "cumulative": false
    },
    {
        "date": "2020-11-22T10:07:25.268Z",
        "value": "7.182689910239362",
        "cumulative": false
    },
    {
        "date": "2020-11-22T10:08:04.129Z",
        "value": "7.49645116307714",
        "cumulative": false
    },
    {
        "date": "2020-11-22T10:08:39.210Z",
        "value": "7.231011014535608",
        "cumulative": false
    },
    {
        "date": "2020-11-22T10:09:17.715Z",
        "value": "6.926006865798414",
        "cumulative": false
    },
    {
        "date": "2020-11-22T10:09:55.247Z",
        "value": "6.9997977346278315",
        "cumulative": false
    },
    {
        "date": "2020-11-22T10:10:32.460Z",
        "value": "6.767980134335155",
        "cumulative": false
    },
    {
        "date": "2020-11-22T10:11:09.473Z",
        "value": "6.55361345488316",
        "cumulative": false
    },
    {
        "date": "2020-11-22T10:11:48.127Z",
        "value": "6.398572606349407",
        "cumulative": false
    },
    {
        "date": "2020-11-22T10:12:25.626Z",
        "value": "6.205697625748076",
        "cumulative": false
    },
    {
        "date": "2020-11-22T10:13:03.126Z",
        "value": "5.940415195134133",
        "cumulative": false
    },
    {
        "date": "2020-11-22T10:13:39.934Z",
        "value": "5.919729521780303",
        "cumulative": false
    },
    {
        "date": "2020-11-22T10:14:17.696Z",
        "value": "5.442436258946113",
        "cumulative": false
    },
    {
        "date": "2020-11-22T10:14:54.288Z",
        "value": "5.520296132151491",
        "cumulative": false
    },
    {
        "date": "2020-11-22T10:15:31.431Z",
        "value": "5.584260279292417",
        "cumulative": false
    },
    {
        "date": "2020-11-22T10:16:07.796Z",
        "value": "5.617189543552184",
        "cumulative": false
    },
    {
        "date": "2020-11-22T10:16:45.863Z",
        "value": "5.435394856856429",
        "cumulative": false
    },
    {
        "date": "2020-11-22T10:17:21.330Z",
        "value": "5.119874297453045",
        "cumulative": false
    },
    {
        "date": "2020-11-22T10:17:58.947Z",
        "value": "4.675958854446083",
        "cumulative": false
    },
    {
        "date": "2020-11-22T10:18:35.593Z",
        "value": "5.070776981788966",
        "cumulative": false
    },
    {
        "date": "2020-11-22T10:19:15.363Z",
        "value": "5.092093317268531",
        "cumulative": false
    },
    {
        "date": "2020-11-22T10:19:50.956Z",
        "value": "4.675899223993288",
        "cumulative": false
    },
    {
        "date": "2020-11-22T10:20:29.156Z",
        "value": "4.529967639616364",
        "cumulative": false
    },
    {
        "date": "2020-11-22T10:21:05.697Z",
        "value": "4.767789909638554",
        "cumulative": false
    },
    {
        "date": "2020-11-22T10:21:44.105Z",
        "value": "4.602981214266268",
        "cumulative": false
    },
    {
        "date": "2020-11-22T10:22:20.863Z",
        "value": "4.10931633530665",
        "cumulative": false
    },
    {
        "date": "2020-11-22T10:23:00.158Z",
        "value": "4.4369306527509655",
        "cumulative": false
    },
    {
        "date": "2020-11-22T10:23:36.746Z",
        "value": "4.278012895406466",
        "cumulative": false
    },
    {
        "date": "2020-11-22T10:24:16.691Z",
        "value": "4.404910171007701",
        "cumulative": false
    },
    {
        "date": "2020-11-22T10:24:53.331Z",
        "value": "4.287306459650811",
        "cumulative": false
    },
    {
        "date": "2020-11-22T10:25:32.360Z",
        "value": "3.7951037367810163",
        "cumulative": false
    },
    {
        "date": "2020-11-22T10:26:07.892Z",
        "value": "4.392228150663032",
        "cumulative": false
    },
    {
        "date": "2020-11-22T10:26:46.704Z",
        "value": "4.256049911518661",
        "cumulative": false
    },
    {
        "date": "2020-11-22T10:27:23.944Z",
        "value": "4.229057782861341",
        "cumulative": false
    },
    {
        "date": "2020-11-22T10:28:00.061Z",
        "value": "4.23004964305517",
        "cumulative": false
    },
    {
        "date": "2020-11-22T10:28:35.288Z",
        "value": "4.108645562729218",
        "cumulative": false
    },
    {
        "date": "2020-11-22T10:29:12.423Z",
        "value": "4.077584546232877",
        "cumulative": false
    },
    {
        "date": "2020-11-22T10:29:49.531Z",
        "value": "4.093122321072568",
        "cumulative": false
    },
    {
        "date": "2020-11-22T10:30:34.961Z",
        "value": "4.126717373598573",
        "cumulative": false
    },
    {
        "date": "2020-11-22T10:31:11.762Z",
        "value": "4.011911823961318",
        "cumulative": false
    },
    {
        "date": "2020-11-22T10:31:50.167Z",
        "value": "4.155044736319665",
        "cumulative": false
    },
    {
        "date": "2020-11-22T10:32:26.391Z",
        "value": "3.95571171625978",
        "cumulative": false
    },
    {
        "date": "2020-11-22T10:33:04.698Z",
        "value": "4.063809026353568",
        "cumulative": false
    },
    {
        "date": "2020-11-22T10:33:40.372Z",
        "value": "3.9827614165663077",
        "cumulative": false
    },
    {
        "date": "2020-11-22T10:34:19.953Z",
        "value": "3.6151147515311806",
        "cumulative": false
    },
    {
        "date": "2020-11-22T10:34:54.198Z",
        "value": "3.795479461530722",
        "cumulative": false
    },
    {
        "date": "2020-11-22T10:35:31.985Z",
        "value": "3.872535216237579",
        "cumulative": false
    },
    {
        "date": "2020-11-22T10:36:08.115Z",
        "value": "4.000580716967484",
        "cumulative": false
    },
    {
        "date": "2020-11-22T10:36:46.291Z",
        "value": "4.012846692239717",
        "cumulative": false
    },
    {
        "date": "2020-11-22T10:37:23.234Z",
        "value": "3.969341221872489",
        "cumulative": false
    },
    {
        "date": "2020-11-22T10:38:01.829Z",
        "value": "3.827479629427991",
        "cumulative": false
    },
    {
        "date": "2020-11-22T10:38:40.516Z",
        "value": "3.821287370506064",
        "cumulative": false
    },
    {
        "date": "2020-11-22T10:39:19.102Z",
        "value": "3.766324065075093",
        "cumulative": false
    },
    {
        "date": "2020-11-22T10:39:55.012Z",
        "value": "4.017322079453566",
        "cumulative": false
    },
    {
        "date": "2020-11-22T10:40:33.166Z",
        "value": "3.8864638030377785",
        "cumulative": false
    },
    {
        "date": "2020-11-22T10:41:09.381Z",
        "value": "3.678931955645161",
        "cumulative": false
    },
    {
        "date": "2020-11-22T10:41:46.706Z",
        "value": "3.7662190513724036",
        "cumulative": false
    },
    {
        "date": "2020-11-22T10:42:24.026Z",
        "value": "3.9772423377403845",
        "cumulative": false
    },
    {
        "date": "2020-11-22T10:43:03.587Z",
        "value": "3.771775906432241",
        "cumulative": false
    },
    {
        "date": "2020-11-22T10:43:39.985Z",
        "value": "3.808065436116098",
        "cumulative": false
    },
    {
        "date": "2020-11-22T10:44:18.394Z",
        "value": "3.869144244770982",
        "cumulative": false
    },
    {
        "date": "2020-11-22T10:44:55.709Z",
        "value": "3.854995593768264",
        "cumulative": false
    },
    {
        "date": "2020-11-22T10:45:34.964Z",
        "value": "3.849203427199673",
        "cumulative": false
    },
    {
        "date": "2020-11-22T10:46:11.028Z",
        "value": "3.7882456787521077",
        "cumulative": false
    },
    {
        "date": "2020-11-22T10:46:49.113Z",
        "value": "3.8022067885602375",
        "cumulative": false
    },
    {
        "date": "2020-11-22T10:47:23.942Z",
        "value": "3.547554324624317",
        "cumulative": false
    },
    {
        "date": "2020-11-22T10:48:02.033Z",
        "value": "3.853076130177199",
        "cumulative": false
    },
    {
        "date": "2020-11-22T10:48:38.164Z",
        "value": "3.9420517888370736",
        "cumulative": false
    },
    {
        "date": "2020-11-22T10:49:15.360Z",
        "value": "3.8974702751494026",
        "cumulative": false
    },
    {
        "date": "2020-11-22T10:49:53.401Z",
        "value": "3.6373010583826013",
        "cumulative": false
    },
    {
        "date": "2020-11-22T10:50:32.368Z",
        "value": "3.6924850866695675",
        "cumulative": false
    },
    {
        "date": "2020-11-22T10:51:10.573Z",
        "value": "3.652379270723511",
        "cumulative": false
    },
    {
        "date": "2020-11-22T10:51:47.787Z",
        "value": "3.933979820532809",
        "cumulative": false
    },
    {
        "date": "2020-11-22T10:52:24.458Z",
        "value": "3.6865284932731606",
        "cumulative": false
    },
    {
        "date": "2020-11-22T10:53:04.361Z",
        "value": "3.779672578444748",
        "cumulative": false
    },
    {
        "date": "2020-11-22T10:53:40.828Z",
        "value": "3.775885955285258",
        "cumulative": false
    },
    {
        "date": "2020-11-22T10:54:19.085Z",
        "value": "3.848215530675853",
        "cumulative": false
    },
    {
        "date": "2020-11-22T10:54:54.169Z",
        "value": "3.530195110708945",
        "cumulative": false
    },
    {
        "date": "2020-11-22T10:55:31.535Z",
        "value": "3.6768250879920723",
        "cumulative": false
    },
    {
        "date": "2020-11-22T10:56:07.072Z",
        "value": "3.6713671084946546",
        "cumulative": false
    },
    {
        "date": "2020-11-22T10:56:46.220Z",
        "value": "3.6985769545391256",
        "cumulative": false
    },
    {
        "date": "2020-11-22T10:57:23.054Z",
        "value": "3.504724203404427",
        "cumulative": false
    },
    {
        "date": "2020-11-22T10:58:00.829Z",
        "value": "3.6849970087274775",
        "cumulative": false
    },
    {
        "date": "2020-11-22T10:58:36.887Z",
        "value": "3.6662770309760373",
        "cumulative": false
    },
    {
        "date": "2020-11-22T10:59:14.765Z",
        "value": "3.754811686513431",
        "cumulative": false
    },
    {
        "date": "2020-11-22T10:59:56.168Z",
        "value": "3.4450965657822",
        "cumulative": false
    },
    {
        "date": "2020-11-22T11:00:35.143Z",
        "value": "3.688513755041656",
        "cumulative": false
    },
    {
        "date": "2020-11-22T11:01:12.439Z",
        "value": "3.737478552256048",
        "cumulative": false
    },
    {
        "date": "2020-11-22T11:01:50.680Z",
        "value": "3.810837983381406",
        "cumulative": false
    },
    {
        "date": "2020-11-22T11:02:26.949Z",
        "value": "3.807207911969496",
        "cumulative": false
    },
    {
        "date": "2020-11-22T11:03:06.978Z",
        "value": "3.66842905810422",
        "cumulative": false
    },
    {
        "date": "2020-11-22T11:03:43.738Z",
        "value": "3.506531474868196",
        "cumulative": false
    },
    {
        "date": "2020-11-22T11:04:22.813Z",
        "value": "3.6103560603494986",
        "cumulative": false
    },
    {
        "date": "2020-11-22T11:04:59.881Z",
        "value": "3.766721268417958",
        "cumulative": false
    },
    {
        "date": "2020-11-22T11:05:38.191Z",
        "value": "3.480091645822066",
        "cumulative": false
    },
    {
        "date": "2020-11-22T11:06:14.917Z",
        "value": "3.6726044671756264",
        "cumulative": false
    },
    {
        "date": "2020-11-22T11:06:53.474Z",
        "value": "3.6559838996362433",
        "cumulative": false
    },
    {
        "date": "2020-11-22T11:07:32.148Z",
        "value": "3.711168438712807",
        "cumulative": false
    },
    {
        "date": "2020-11-22T11:08:10.755Z",
        "value": "3.668546179668594",
        "cumulative": false
    },
    {
        "date": "2020-11-22T11:08:45.420Z",
        "value": "3.6247172908560312",
        "cumulative": false
    },
    {
        "date": "2020-11-22T11:09:23.903Z",
        "value": "3.5914645200276243",
        "cumulative": false
    },
    {
        "date": "2020-11-22T11:09:59.138Z",
        "value": "3.525597873263889",
        "cumulative": false
    },
    {
        "date": "2020-11-22T11:10:38.154Z",
        "value": "3.638550056378866",
        "cumulative": false
    },
    {
        "date": "2020-11-22T11:11:13.526Z",
        "value": "3.655270374429712",
        "cumulative": false
    },
    {
        "date": "2020-11-22T11:11:51.556Z",
        "value": "3.471500551363371",
        "cumulative": false
    },
    {
        "date": "2020-11-22T11:12:29.371Z",
        "value": "3.6435978931658366",
        "cumulative": false
    },
    {
        "date": "2020-11-22T11:13:07.748Z",
        "value": "3.5777391676144195",
        "cumulative": false
    },
    {
        "date": "2020-11-22T11:13:44.145Z",
        "value": "3.6359498338828935",
        "cumulative": false
    },
    {
        "date": "2020-11-22T11:14:22.059Z",
        "value": "3.5443582498646453",
        "cumulative": false
    },
    {
        "date": "2020-11-22T11:14:56.634Z",
        "value": "3.315559767495072",
        "cumulative": false
    },
    {
        "date": "2020-11-22T11:15:34.443Z",
        "value": "3.53420128649366",
        "cumulative": false
    },
    {
        "date": "2020-11-22T11:16:09.789Z",
        "value": "3.562960244018724",
        "cumulative": false
    },
    {
        "date": "2020-11-22T11:16:47.513Z",
        "value": "3.7427600686869376",
        "cumulative": false
    },
    {
        "date": "2020-11-22T11:17:26.161Z",
        "value": "3.665769996537396",
        "cumulative": false
    },
    {
        "date": "2020-11-22T11:18:03.701Z",
        "value": "3.4598360130845203",
        "cumulative": false
    },
    {
        "date": "2020-11-22T11:18:40.535Z",
        "value": "3.8663647512552854",
        "cumulative": false
    },
    {
        "date": "2020-11-22T11:19:17.565Z",
        "value": "3.5200128499371686",
        "cumulative": false
    },
    {
        "date": "2020-11-22T11:19:52.563Z",
        "value": "3.44166497264932",
        "cumulative": false
    },
    {
        "date": "2020-11-22T11:20:30.218Z",
        "value": "3.4904296875",
        "cumulative": false
    },
    {
        "date": "2020-11-22T11:21:05.992Z",
        "value": "3.4960932295830003",
        "cumulative": false
    },
    {
        "date": "2020-11-22T11:21:44.269Z",
        "value": "3.531246310881004",
        "cumulative": false
    },
    {
        "date": "2020-11-22T11:22:21.654Z",
        "value": "3.5908254228445053",
        "cumulative": false
    },
    {
        "date": "2020-11-22T11:23:00.061Z",
        "value": "3.389521607926672",
        "cumulative": false
    },
    {
        "date": "2020-11-22T11:23:36.274Z",
        "value": "3.4672101622137403",
        "cumulative": false
    },
    {
        "date": "2020-11-22T11:24:13.984Z",
        "value": "3.5580321352218065",
        "cumulative": false
    },
    {
        "date": "2020-11-22T11:24:50.907Z",
        "value": "3.6482049468449933",
        "cumulative": false
    },
    {
        "date": "2020-11-22T11:25:28.676Z",
        "value": "3.4400843702703634",
        "cumulative": false
    },
    {
        "date": "2020-11-22T11:26:06.909Z",
        "value": "3.6261236144904028",
        "cumulative": false
    },
    {
        "date": "2020-11-22T11:26:44.416Z",
        "value": "3.577628001912723",
        "cumulative": false
    },
    {
        "date": "2020-11-22T11:27:19.950Z",
        "value": "3.566153681791025",
        "cumulative": false
    },
    {
        "date": "2020-11-22T11:27:57.921Z",
        "value": "3.5052641263479",
        "cumulative": false
    },
    {
        "date": "2020-11-22T11:28:40.035Z",
        "value": "3.5435912611239906",
        "cumulative": false
    },
    {
        "date": "2020-11-22T11:29:17.079Z",
        "value": "3.3283056986223456",
        "cumulative": false
    },
    {
        "date": "2020-11-22T11:29:54.828Z",
        "value": "3.479224443935199",
        "cumulative": false
    },
    {
        "date": "2020-11-22T11:30:32.372Z",
        "value": "3.433250337064125",
        "cumulative": false
    },
    {
        "date": "2020-11-22T11:31:08.543Z",
        "value": "3.55143801078269",
        "cumulative": false
    },
    {
        "date": "2020-11-22T11:31:47.324Z",
        "value": "3.6549542550417247",
        "cumulative": false
    },
    {
        "date": "2020-11-22T11:32:24.187Z",
        "value": "3.4699081399437413",
        "cumulative": false
    },
    {
        "date": "2020-11-22T11:33:02.666Z",
        "value": "3.5319548091055433",
        "cumulative": false
    },
    {
        "date": "2020-11-22T11:33:38.024Z",
        "value": "3.475008494293635",
        "cumulative": false
    },
    {
        "date": "2020-11-22T11:34:18.044Z",
        "value": "3.4659012430939224",
        "cumulative": false
    },
    {
        "date": "2020-11-22T11:34:54.122Z",
        "value": "3.7127099622316457",
        "cumulative": false
    },
    {
        "date": "2020-11-22T11:35:33.751Z",
        "value": "3.4254535348585873",
        "cumulative": false
    },
    {
        "date": "2020-11-22T11:36:11.043Z",
        "value": "3.546732807490649",
        "cumulative": false
    },
    {
        "date": "2020-11-22T11:36:50.854Z",
        "value": "3.389238247901252",
        "cumulative": false
    },
    {
        "date": "2020-11-22T11:37:27.212Z",
        "value": "3.6312587445399944",
        "cumulative": false
    },
    {
        "date": "2020-11-22T11:38:05.194Z",
        "value": "3.42823680932971",
        "cumulative": false
    },
    {
        "date": "2020-11-22T11:38:20.395Z",
        "value": "3.4347591400146484",
        "cumulative": false
    },
    {
        "date": "2020-11-22T11:38:28.860Z",
        "value": "2.627921941102591",
        "cumulative": false
    },
    {
        "date": "2020-11-22T11:39:08.561Z",
        "value": "3.606348998958884",
        "cumulative": false
    },
    {
        "date": "2020-11-22T11:39:45.602Z",
        "value": "3.550009356287425",
        "cumulative": false
    },
    {
        "date": "2020-11-22T11:40:22.965Z",
        "value": "3.5653877124451756",
        "cumulative": false
    },
    {
        "date": "2020-11-22T11:40:59.355Z",
        "value": "3.3039014107966005",
        "cumulative": false
    },
    {
        "date": "2020-11-22T11:41:36.407Z",
        "value": "3.474854120765629",
        "cumulative": false
    },
    {
        "date": "2020-11-22T11:42:12.549Z",
        "value": "3.3669630839519797",
        "cumulative": false
    },
    {
        "date": "2020-11-22T11:42:50.412Z",
        "value": "3.330415084214003",
        "cumulative": false
    },
    {
        "date": "2020-11-22T11:43:26.198Z",
        "value": "3.4141895173021632",
        "cumulative": false
    },
    {
        "date": "2020-11-22T11:44:03.769Z",
        "value": "3.3013599733500816",
        "cumulative": false
    },
    {
        "date": "2020-11-22T11:44:39.126Z",
        "value": "3.3239455065190397",
        "cumulative": false
    },
    {
        "date": "2020-11-22T11:45:16.859Z",
        "value": "3.5205190197900365",
        "cumulative": false
    },
    {
        "date": "2020-11-22T11:45:52.879Z",
        "value": "3.3720634694343063",
        "cumulative": false
    },
    {
        "date": "2020-11-22T11:46:30.286Z",
        "value": "3.2236658120346506",
        "cumulative": false
    },
    {
        "date": "2020-11-22T11:47:06.033Z",
        "value": "3.2642332553609483",
        "cumulative": false
    },
    {
        "date": "2020-11-22T11:47:44.309Z",
        "value": "3.5257067951451226",
        "cumulative": false
    },
    {
        "date": "2020-11-22T11:48:19.678Z",
        "value": "3.40402073602203",
        "cumulative": false
    },
    {
        "date": "2020-11-22T11:48:58.444Z",
        "value": "3.366296763030692",
        "cumulative": false
    },
    {
        "date": "2020-11-22T11:49:35.409Z",
        "value": "3.5951550258190883",
        "cumulative": false
    },
    {
        "date": "2020-11-22T11:50:13.524Z",
        "value": "3.6040731252398923",
        "cumulative": false
    },
    {
        "date": "2020-11-22T11:50:49.085Z",
        "value": "3.4209079556530213",
        "cumulative": false
    },
    {
        "date": "2020-11-22T11:51:28.533Z",
        "value": "3.521372296705066",
        "cumulative": false
    },
    {
        "date": "2020-11-22T11:52:04.806Z",
        "value": "3.5388088574761714",
        "cumulative": false
    },
    {
        "date": "2020-11-22T11:52:43.142Z",
        "value": "3.3413211910228546",
        "cumulative": false
    },
    {
        "date": "2020-11-22T11:53:20.610Z",
        "value": "3.270328872840555",
        "cumulative": false
    },
    {
        "date": "2020-11-22T11:54:00.357Z",
        "value": "3.5165087407178217",
        "cumulative": false
    },
    {
        "date": "2020-11-22T11:54:36.966Z",
        "value": "3.4647474038394352",
        "cumulative": false
    },
    {
        "date": "2020-11-22T11:55:14.271Z",
        "value": "3.3078410221657975",
        "cumulative": false
    },
    {
        "date": "2020-11-22T11:55:50.349Z",
        "value": "3.2702113234312415",
        "cumulative": false
    },
    {
        "date": "2020-11-22T11:56:29.642Z",
        "value": "3.598793875105723",
        "cumulative": false
    },
    {
        "date": "2020-11-22T11:57:05.377Z",
        "value": "3.2487749274678412",
        "cumulative": false
    },
    {
        "date": "2020-11-22T11:57:43.534Z",
        "value": "3.4148435919375504",
        "cumulative": false
    },
    {
        "date": "2020-11-22T11:58:21.026Z",
        "value": "3.6391677957604083",
        "cumulative": false
    },
    {
        "date": "2020-11-22T11:58:58.595Z",
        "value": "3.079475166911577",
        "cumulative": false
    },
    {
        "date": "2020-11-22T11:59:34.181Z",
        "value": "3.296636962890625",
        "cumulative": false
    },
    {
        "date": "2020-11-22T12:00:12.470Z",
        "value": "3.4207035641512085",
        "cumulative": false
    },
    {
        "date": "2020-11-22T12:00:49.216Z",
        "value": "3.4813277487961476",
        "cumulative": false
    },
    {
        "date": "2020-11-22T12:01:27.357Z",
        "value": "3.101948119606433",
        "cumulative": false
    },
    {
        "date": "2020-11-22T12:02:03.881Z",
        "value": "3.4429183641020353",
        "cumulative": false
    },
    {
        "date": "2020-11-22T12:02:42.812Z",
        "value": "3.497216504491018",
        "cumulative": false
    },
    {
        "date": "2020-11-22T12:03:18.413Z",
        "value": "3.2355791421635667",
        "cumulative": false
    },
    {
        "date": "2020-11-22T12:03:55.894Z",
        "value": "3.322337185778237",
        "cumulative": false
    },
    {
        "date": "2020-11-22T12:04:33.231Z",
        "value": "3.1880127306439943",
        "cumulative": false
    },
    {
        "date": "2020-11-22T12:05:10.336Z",
        "value": "3.5604855964171764",
        "cumulative": false
    },
    {
        "date": "2020-11-22T12:05:46.486Z",
        "value": "3.3532070415266",
        "cumulative": false
    },
    {
        "date": "2020-11-22T12:06:24.806Z",
        "value": "3.3333930007549895",
        "cumulative": false
    },
    {
        "date": "2020-11-22T12:07:00.565Z",
        "value": "3.2302740710704807",
        "cumulative": false
    },
    {
        "date": "2020-11-22T12:07:44.481Z",
        "value": "3.4623591170296044",
        "cumulative": false
    },
    {
        "date": "2020-11-22T12:08:20.350Z",
        "value": "3.3645788626609443",
        "cumulative": false
    },
    {
        "date": "2020-11-22T12:08:59.916Z",
        "value": "3.259221716772152",
        "cumulative": false
    },
    {
        "date": "2020-11-22T12:09:35.739Z",
        "value": "3.3294858539658194",
        "cumulative": false
    },
    {
        "date": "2020-11-22T12:10:15.604Z",
        "value": "3.372496486116575",
        "cumulative": false
    },
    {
        "date": "2020-11-22T12:10:51.498Z",
        "value": "3.326812861969112",
        "cumulative": false
    },
    {
        "date": "2020-11-22T12:11:28.513Z",
        "value": "3.319479888656327",
        "cumulative": false
    },
    {
        "date": "2020-11-22T12:12:05.592Z",
        "value": "3.3027868265925013",
        "cumulative": false
    },
    {
        "date": "2020-11-22T12:12:42.769Z",
        "value": "3.3634350979136163",
        "cumulative": false
    },
    {
        "date": "2020-11-22T12:13:17.864Z",
        "value": "3.259044760464028",
        "cumulative": false
    },
    {
        "date": "2020-11-22T12:13:55.469Z",
        "value": "3.5450289696413737",
        "cumulative": false
    },
    {
        "date": "2020-11-22T12:14:32.326Z",
        "value": "3.511295225765655",
        "cumulative": false
    },
    {
        "date": "2020-11-22T12:15:10.123Z",
        "value": "3.371432385732148",
        "cumulative": false
    },
    {
        "date": "2020-11-22T12:15:47.100Z",
        "value": "3.4281626111983257",
        "cumulative": false
    },
    {
        "date": "2020-11-22T12:16:26.288Z",
        "value": "3.298970402113346",
        "cumulative": false
    },
    {
        "date": "2020-11-22T12:17:01.334Z",
        "value": "3.4010813438841203",
        "cumulative": false
    },
    {
        "date": "2020-11-22T12:17:39.398Z",
        "value": "3.421973975929054",
        "cumulative": false
    },
    {
        "date": "2020-11-22T12:18:16.176Z",
        "value": "3.3820153802110995",
        "cumulative": false
    },
    {
        "date": "2020-11-22T12:18:55.611Z",
        "value": "3.3303789511494255",
        "cumulative": false
    },
    {
        "date": "2020-11-22T12:19:33.257Z",
        "value": "3.34305644697238",
        "cumulative": false
    },
    {
        "date": "2020-11-22T12:20:10.354Z",
        "value": "3.2605317404906673",
        "cumulative": false
    },
    {
        "date": "2020-11-22T12:20:45.346Z",
        "value": "3.3795985604198187",
        "cumulative": false
    },
    {
        "date": "2020-11-22T12:21:23.849Z",
        "value": "3.256275034345561",
        "cumulative": false
    },
    {
        "date": "2020-11-22T12:22:00.110Z",
        "value": "3.2640046991853633",
        "cumulative": false
    },
    {
        "date": "2020-11-22T12:22:39.705Z",
        "value": "3.3488358773326423",
        "cumulative": false
    },
    {
        "date": "2020-11-22T12:23:15.486Z",
        "value": "3.492533640077493",
        "cumulative": false
    },
    {
        "date": "2020-11-22T12:23:54.377Z",
        "value": "3.1863824065101922",
        "cumulative": false
    },
    {
        "date": "2020-11-22T12:24:32.125Z",
        "value": "3.3541715126681937",
        "cumulative": false
    },
    {
        "date": "2020-11-22T12:25:08.961Z",
        "value": "3.4456859958809027",
        "cumulative": false
    },
    {
        "date": "2020-11-22T12:25:45.359Z",
        "value": "3.2551063508064515",
        "cumulative": false
    },
    {
        "date": "2020-11-22T12:26:23.501Z",
        "value": "3.2602816302143687",
        "cumulative": false
    },
    {
        "date": "2020-11-22T12:26:59.088Z",
        "value": "3.4829235872338065",
        "cumulative": false
    },
    {
        "date": "2020-11-22T12:27:35.764Z",
        "value": "3.312874783104246",
        "cumulative": false
    },
    {
        "date": "2020-11-22T12:28:11.181Z",
        "value": "3.153159485522408",
        "cumulative": false
    },
    {
        "date": "2020-11-22T12:28:48.911Z",
        "value": "3.275816117503487",
        "cumulative": false
    },
    {
        "date": "2020-11-22T12:29:25.770Z",
        "value": "3.467681623931624",
        "cumulative": false
    },
    {
        "date": "2020-11-22T12:30:03.917Z",
        "value": "3.4523201719384793",
        "cumulative": false
    },
    {
        "date": "2020-11-22T12:30:39.715Z",
        "value": "3.4717792629414697",
        "cumulative": false
    },
    {
        "date": "2020-11-22T12:31:18.365Z",
        "value": "3.5148936350108224",
        "cumulative": false
    },
    {
        "date": "2020-11-22T12:31:51.820Z",
        "value": "3.298624101379108",
        "cumulative": false
    },
    {
        "date": "2020-11-22T12:32:30.087Z",
        "value": "3.299479566201289",
        "cumulative": false
    },
    {
        "date": "2020-11-22T12:33:05.277Z",
        "value": "3.278141208506224",
        "cumulative": false
    },
    {
        "date": "2020-11-22T12:33:41.609Z",
        "value": "3.3856749159731114",
        "cumulative": false
    },
    {
        "date": "2020-11-22T12:34:16.031Z",
        "value": "3.3618145686323926",
        "cumulative": false
    },
    {
        "date": "2020-11-22T12:34:54.834Z",
        "value": "3.4453287716675627",
        "cumulative": false
    },
    {
        "date": "2020-11-22T12:35:31.370Z",
        "value": "3.36008066483887",
        "cumulative": false
    },
    {
        "date": "2020-11-22T12:36:10.441Z",
        "value": "3.416190669221698",
        "cumulative": false
    },
    {
        "date": "2020-11-22T12:36:52.215Z",
        "value": "3.2632986148334764",
        "cumulative": false
    },
    {
        "date": "2020-11-22T12:37:30.136Z",
        "value": "3.2550690916632457",
        "cumulative": false
    },
    {
        "date": "2020-11-22T12:38:07.033Z",
        "value": "3.366840254034464",
        "cumulative": false
    },
    {
        "date": "2020-11-22T12:38:46.989Z",
        "value": "3.5534585197992947",
        "cumulative": false
    },
    {
        "date": "2020-11-22T12:39:23.607Z",
        "value": "3.2743774554858707",
        "cumulative": false
    },
    {
        "date": "2020-11-22T12:40:01.511Z",
        "value": "3.2485478538711585",
        "cumulative": false
    },
    {
        "date": "2020-11-22T12:40:37.549Z",
        "value": "3.393972320778748",
        "cumulative": false
    },
    {
        "date": "2020-11-22T12:41:17.386Z",
        "value": "3.2454266450220057",
        "cumulative": false
    },
    {
        "date": "2020-11-22T12:41:51.863Z",
        "value": "3.3548392722134217",
        "cumulative": false
    },
    {
        "date": "2020-11-22T12:42:32.189Z",
        "value": "3.3555779309006213",
        "cumulative": false
    },
    {
        "date": "2020-11-22T12:43:08.775Z",
        "value": "3.454647012955854",
        "cumulative": false
    },
    {
        "date": "2020-11-22T12:43:48.609Z",
        "value": "3.2407609236534203",
        "cumulative": false
    },
    {
        "date": "2020-11-22T12:44:25.321Z",
        "value": "3.0473428648502834",
        "cumulative": false
    },
    {
        "date": "2020-11-22T12:45:03.337Z",
        "value": "3.228032492109462",
        "cumulative": false
    },
    {
        "date": "2020-11-22T12:45:38.430Z",
        "value": "3.280472206858407",
        "cumulative": false
    },
    {
        "date": "2020-11-22T12:46:16.084Z",
        "value": "3.399068026017717",
        "cumulative": false
    },
    {
        "date": "2020-11-22T12:46:52.464Z",
        "value": "3.254332214256866",
        "cumulative": false
    },
    {
        "date": "2020-11-22T12:47:31.585Z",
        "value": "3.109978350658238",
        "cumulative": false
    },
    {
        "date": "2020-11-22T12:48:08.042Z",
        "value": "3.4747171145685996",
        "cumulative": false
    },
    {
        "date": "2020-11-22T12:48:45.608Z",
        "value": "3.453982160931174",
        "cumulative": false
    },
    {
        "date": "2020-11-22T12:49:20.698Z",
        "value": "3.2662103261932707",
        "cumulative": false
    },
    {
        "date": "2020-11-22T12:49:58.119Z",
        "value": "3.306498646224517",
        "cumulative": false
    },
    {
        "date": "2020-11-22T12:50:32.803Z",
        "value": "3.332257451474598",
        "cumulative": false
    },
    {
        "date": "2020-11-22T12:51:10.227Z",
        "value": "3.262688186307185",
        "cumulative": false
    },
    {
        "date": "2020-11-22T12:51:47.470Z",
        "value": "3.315082870911215",
        "cumulative": false
    },
    {
        "date": "2020-11-22T12:52:26.515Z",
        "value": "3.305660357384824",
        "cumulative": false
    },
    {
        "date": "2020-11-22T12:53:01.450Z",
        "value": "3.276207498034591",
        "cumulative": false
    },
    {
        "date": "2020-11-22T12:53:41.048Z",
        "value": "3.2819206937136527",
        "cumulative": false
    },
    {
        "date": "2020-11-22T12:54:17.031Z",
        "value": "3.2947577515882185",
        "cumulative": false
    },
    {
        "date": "2020-11-22T12:54:54.798Z",
        "value": "3.170452197063019",
        "cumulative": false
    },
    {
        "date": "2020-11-22T12:55:31.049Z",
        "value": "3.2712743050887334",
        "cumulative": false
    },
    {
        "date": "2020-11-22T12:56:08.617Z",
        "value": "3.295800465210356",
        "cumulative": false
    },
    {
        "date": "2020-11-22T12:56:45.324Z",
        "value": "3.4325117799024993",
        "cumulative": false
    },
    {
        "date": "2020-11-22T12:57:26.365Z",
        "value": "3.216011488596253",
        "cumulative": false
    },
    {
        "date": "2020-11-22T12:58:03.362Z",
        "value": "3.3387563137933447",
        "cumulative": false
    },
    {
        "date": "2020-11-22T12:58:42.697Z",
        "value": "3.334498517786561",
        "cumulative": false
    },
    {
        "date": "2020-11-22T12:59:17.880Z",
        "value": "3.432713782564781",
        "cumulative": false
    },
    {
        "date": "2020-11-22T12:59:55.620Z",
        "value": "3.154276413156573",
        "cumulative": false
    },
    {
        "date": "2020-11-22T13:00:34.158Z",
        "value": "3.351454363702676",
        "cumulative": false
    },
    {
        "date": "2020-11-22T13:01:12.692Z",
        "value": "3.196094664182957",
        "cumulative": false
    },
    {
        "date": "2020-11-22T13:01:50.360Z",
        "value": "3.4801433206307952",
        "cumulative": false
    },
    {
        "date": "2020-11-22T13:02:29.603Z",
        "value": "3.3422614176235563",
        "cumulative": false
    },
    {
        "date": "2020-11-22T13:03:06.536Z",
        "value": "3.114242329062854",
        "cumulative": false
    },
    {
        "date": "2020-11-22T13:03:43.376Z",
        "value": "3.131736584308436",
        "cumulative": false
    },
    {
        "date": "2020-11-22T13:04:20.733Z",
        "value": "3.29581043172726",
        "cumulative": false
    },
    {
        "date": "2020-11-22T13:04:58.033Z",
        "value": "3.246583144776226",
        "cumulative": false
    },
    {
        "date": "2020-11-22T13:05:42.005Z",
        "value": "3.1733462700987087",
        "cumulative": false
    },
    {
        "date": "2020-11-22T13:06:19.551Z",
        "value": "3.3765541865326147",
        "cumulative": false
    },
    {
        "date": "2020-11-22T13:06:55.117Z",
        "value": "3.322107679447747",
        "cumulative": false
    },
    {
        "date": "2020-11-22T13:07:33.362Z",
        "value": "3.3195728165064105",
        "cumulative": false
    },
    {
        "date": "2020-11-22T13:08:10.646Z",
        "value": "3.2046104185313964",
        "cumulative": false
    },
    {
        "date": "2020-11-22T13:08:48.657Z",
        "value": "3.497838148332858",
        "cumulative": false
    },
    {
        "date": "2020-11-22T13:09:26.171Z",
        "value": "3.420666652571042",
        "cumulative": false
    },
    {
        "date": "2020-11-22T13:10:03.118Z",
        "value": "3.3175381119128464",
        "cumulative": false
    },
    {
        "date": "2020-11-22T13:10:39.593Z",
        "value": "3.2023973815761333",
        "cumulative": false
    },
    {
        "date": "2020-11-22T13:11:16.594Z",
        "value": "3.2587149751411735",
        "cumulative": false
    },
    {
        "date": "2020-11-22T13:11:53.857Z",
        "value": "3.546473261913229",
        "cumulative": false
    },
    {
        "date": "2020-11-22T13:12:31.878Z",
        "value": "3.313915019132653",
        "cumulative": false
    },
    {
        "date": "2020-11-22T13:13:07.746Z",
        "value": "3.301802284454061",
        "cumulative": false
    },
    {
        "date": "2020-11-22T13:13:46.259Z",
        "value": "3.319975180467271",
        "cumulative": false
    },
    {
        "date": "2020-11-22T13:14:23.334Z",
        "value": "3.298535420901084",
        "cumulative": false
    },
    {
        "date": "2020-11-22T13:15:00.776Z",
        "value": "3.178053593038155",
        "cumulative": false
    },
    {
        "date": "2020-11-22T13:15:16.194Z",
        "value": "3.241795301437378",
        "cumulative": false
    },
    {
        "date": "2020-11-22T13:15:35.155Z",
        "value": "2.7944559190918654",
        "cumulative": false
    },
    {
        "date": "2020-11-22T13:16:14.524Z",
        "value": "3.051606916690121",
        "cumulative": false
    },
    {
        "date": "2020-11-22T13:16:49.972Z",
        "value": "3.246711447328831",
        "cumulative": false
    },
    {
        "date": "2020-11-22T13:17:28.139Z",
        "value": "3.2420124113475177",
        "cumulative": false
    },
    {
        "date": "2020-11-22T13:18:03.240Z",
        "value": "3.283346478371754",
        "cumulative": false
    },
    {
        "date": "2020-11-22T13:18:41.070Z",
        "value": "3.2338156593878953",
        "cumulative": false
    },
    {
        "date": "2020-11-22T13:19:18.610Z",
        "value": "3.1876168536324787",
        "cumulative": false
    },
    {
        "date": "2020-11-22T13:19:57.321Z",
        "value": "3.213803061526155",
        "cumulative": false
    },
    {
        "date": "2020-11-22T13:20:33.182Z",
        "value": "3.0972944536063487",
        "cumulative": false
    },
    {
        "date": "2020-11-22T13:21:12.632Z",
        "value": "3.173515367862765",
        "cumulative": false
    },
    {
        "date": "2020-11-22T13:21:48.559Z",
        "value": "3.1439966996426683",
        "cumulative": false
    },
    {
        "date": "2020-11-22T13:22:28.311Z",
        "value": "3.0311305336031866",
        "cumulative": false
    },
    {
        "date": "2020-11-22T13:23:03.800Z",
        "value": "3.273250028714306",
        "cumulative": false
    },
    {
        "date": "2020-11-22T13:23:40.930Z",
        "value": "3.245898773666093",
        "cumulative": false
    },
    {
        "date": "2020-11-22T13:24:16.298Z",
        "value": "3.0996012917097775",
        "cumulative": false
    },
    {
        "date": "2020-11-22T13:24:54.507Z",
        "value": "3.357565820608279",
        "cumulative": false
    },
    {
        "date": "2020-11-22T13:25:29.569Z",
        "value": "3.070403305536451",
        "cumulative": false
    },
    {
        "date": "2020-11-22T13:26:06.454Z",
        "value": "3.10478075107704",
        "cumulative": false
    },
    {
        "date": "2020-11-22T13:26:43.524Z",
        "value": "3.5956582166234714",
        "cumulative": false
    },
    {
        "date": "2020-11-22T13:27:21.435Z",
        "value": "3.1769215904457733",
        "cumulative": false
    },
    {
        "date": "2020-11-22T13:27:58.089Z",
        "value": "3.3803225742730723",
        "cumulative": false
    },
    {
        "date": "2020-11-22T13:28:36.246Z",
        "value": "3.1003340528484973",
        "cumulative": false
    },
    {
        "date": "2020-11-22T13:29:12.605Z",
        "value": "3.1766305048473598",
        "cumulative": false
    },
    {
        "date": "2020-11-22T13:29:50.319Z",
        "value": "3.3933802448731787",
        "cumulative": false
    },
    {
        "date": "2020-11-22T13:30:27.390Z",
        "value": "3.3115055163122635",
        "cumulative": false
    },
    {
        "date": "2020-11-22T13:31:04.332Z",
        "value": "3.251825276406546",
        "cumulative": false
    },
    {
        "date": "2020-11-22T13:31:40.153Z",
        "value": "3.078715284217359",
        "cumulative": false
    },
    {
        "date": "2020-11-22T13:32:17.456Z",
        "value": "3.1092313960530067",
        "cumulative": false
    },
    {
        "date": "2020-11-22T13:32:53.959Z",
        "value": "3.05047390258895",
        "cumulative": false
    },
    {
        "date": "2020-11-22T13:33:32.337Z",
        "value": "3.309462243335735",
        "cumulative": false
    },
    {
        "date": "2020-11-22T13:34:07.423Z",
        "value": "3.3428247019555615",
        "cumulative": false
    },
    {
        "date": "2020-11-22T13:34:45.044Z",
        "value": "3.0692841312056736",
        "cumulative": false
    },
    {
        "date": "2020-11-22T13:35:21.700Z",
        "value": "3.3040791852057843",
        "cumulative": false
    },
    {
        "date": "2020-11-22T13:36:00.783Z",
        "value": "3.2206352413451014",
        "cumulative": false
    },
    {
        "date": "2020-11-22T13:36:36.091Z",
        "value": "3.2380157970722534",
        "cumulative": false
    },
    {
        "date": "2020-11-22T13:37:11.606Z",
        "value": "3.236283117561408",
        "cumulative": false
    },
    {
        "date": "2020-11-22T13:37:48.646Z",
        "value": "3.1435410787695095",
        "cumulative": false
    },
    {
        "date": "2020-11-22T13:38:27.240Z",
        "value": "3.594711999480212",
        "cumulative": false
    },
    {
        "date": "2020-11-22T13:39:04.937Z",
        "value": "3.050320043103448",
        "cumulative": false
    },
    {
        "date": "2020-11-22T13:39:42.850Z",
        "value": "3.160349154465961",
        "cumulative": false
    },
    {
        "date": "2020-11-22T13:40:19.574Z",
        "value": "3.2553294925850538",
        "cumulative": false
    },
    {
        "date": "2020-11-22T13:40:57.667Z",
        "value": "3.2442857746654328",
        "cumulative": false
    },
    {
        "date": "2020-11-22T13:41:33.680Z",
        "value": "3.32116356240838",
        "cumulative": false
    },
    {
        "date": "2020-11-22T13:42:12.666Z",
        "value": "3.217270293122886",
        "cumulative": false
    },
    {
        "date": "2020-11-22T13:42:49.297Z",
        "value": "3.189750396015791",
        "cumulative": false
    },
    {
        "date": "2020-11-22T13:43:26.657Z",
        "value": "3.1653000008634984",
        "cumulative": false
    },
    {
        "date": "2020-11-22T13:44:03.838Z",
        "value": "3.2797604210397426",
        "cumulative": false
    },
    {
        "date": "2020-11-22T13:44:48.645Z",
        "value": "3.256753223189891",
        "cumulative": false
    },
    {
        "date": "2020-11-22T13:45:23.353Z",
        "value": "3.214617773161245",
        "cumulative": false
    },
    {
        "date": "2020-11-22T13:46:01.022Z",
        "value": "3.145615725583138",
        "cumulative": false
    },
    {
        "date": "2020-11-22T13:46:35.861Z",
        "value": "3.117287438978763",
        "cumulative": false
    },
    {
        "date": "2020-11-22T13:47:14.207Z",
        "value": "3.3039419605014344",
        "cumulative": false
    },
    {
        "date": "2020-11-22T13:47:50.800Z",
        "value": "3.317348313630042",
        "cumulative": false
    },
    {
        "date": "2020-11-22T13:48:30.327Z",
        "value": "3.12527200931482",
        "cumulative": false
    },
    {
        "date": "2020-11-22T13:49:07.339Z",
        "value": "3.3801620901503058",
        "cumulative": false
    },
    {
        "date": "2020-11-22T13:49:45.508Z",
        "value": "3.159988904117049",
        "cumulative": false
    },
    {
        "date": "2020-11-22T13:50:20.699Z",
        "value": "3.1564979502777044",
        "cumulative": false
    },
    {
        "date": "2020-11-22T13:50:57.944Z",
        "value": "2.999284548961638",
        "cumulative": false
    },
    {
        "date": "2020-11-22T13:51:35.254Z",
        "value": "2.9485310497371833",
        "cumulative": false
    },
    {
        "date": "2020-11-22T13:52:13.184Z",
        "value": "3.2565673964440256",
        "cumulative": false
    },
    {
        "date": "2020-11-22T13:52:48.198Z",
        "value": "3.1666982962213224",
        "cumulative": false
    },
    {
        "date": "2020-11-22T13:53:27.744Z",
        "value": "3.1778793781599255",
        "cumulative": false
    },
    {
        "date": "2020-11-22T13:54:03.800Z",
        "value": "3.1723689463915745",
        "cumulative": false
    },
    {
        "date": "2020-11-22T13:54:42.539Z",
        "value": "3.2678203245223134",
        "cumulative": false
    },
    {
        "date": "2020-11-22T13:55:18.847Z",
        "value": "3.3324813061894885",
        "cumulative": false
    },
    {
        "date": "2020-11-22T13:55:57.503Z",
        "value": "3.3546890161491545",
        "cumulative": false
    },
    {
        "date": "2020-11-22T13:56:33.365Z",
        "value": "3.179994815814257",
        "cumulative": false
    },
    {
        "date": "2020-11-22T13:57:11.770Z",
        "value": "3.1571292087616163",
        "cumulative": false
    },
    {
        "date": "2020-11-22T13:57:47.545Z",
        "value": "3.2402986262736535",
        "cumulative": false
    },
    {
        "date": "2020-11-22T13:58:25.312Z",
        "value": "3.0025092539863327",
        "cumulative": false
    },
    {
        "date": "2020-11-22T13:59:01.920Z",
        "value": "3.3104936175418467",
        "cumulative": false
    },
    {
        "date": "2020-11-22T13:59:41.281Z",
        "value": "3.0809317231514086",
        "cumulative": false
    },
    {
        "date": "2020-11-22T14:00:16.890Z",
        "value": "3.2340311914794007",
        "cumulative": false
    },
    {
        "date": "2020-11-22T14:00:54.408Z",
        "value": "3.382133264977418",
        "cumulative": false
    },
    {
        "date": "2020-11-22T14:01:30.921Z",
        "value": "3.275044462224728",
        "cumulative": false
    },
    {
        "date": "2020-11-22T14:02:08.813Z",
        "value": "3.132030031944821",
        "cumulative": false
    },
    {
        "date": "2020-11-22T14:02:44.848Z",
        "value": "3.2986336484296324",
        "cumulative": false
    },
    {
        "date": "2020-11-22T14:03:21.848Z",
        "value": "3.2808765293743116",
        "cumulative": false
    },
    {
        "date": "2020-11-22T14:03:57.919Z",
        "value": "3.1636290093853137",
        "cumulative": false
    },
    {
        "date": "2020-11-22T14:04:37.141Z",
        "value": "3.201207340667",
        "cumulative": false
    },
    {
        "date": "2020-11-22T14:05:11.774Z",
        "value": "3.230216078905573",
        "cumulative": false
    },
    {
        "date": "2020-11-22T14:05:49.327Z",
        "value": "3.1144842222416202",
        "cumulative": false
    },
    {
        "date": "2020-11-22T14:06:24.649Z",
        "value": "3.2735180439595726",
        "cumulative": false
    },
    {
        "date": "2020-11-22T14:07:04.188Z",
        "value": "3.290077227604304",
        "cumulative": false
    },
    {
        "date": "2020-11-22T14:07:40.974Z",
        "value": "3.226157083506081",
        "cumulative": false
    },
    {
        "date": "2020-11-22T14:08:18.794Z",
        "value": "3.2158250125334225",
        "cumulative": false
    },
    {
        "date": "2020-11-22T14:08:53.693Z",
        "value": "3.1380974417119925",
        "cumulative": false
    },
    {
        "date": "2020-11-22T14:09:31.972Z",
        "value": "3.3156393709904424",
        "cumulative": false
    },
    {
        "date": "2020-11-22T14:10:08.448Z",
        "value": "3.2305583509227436",
        "cumulative": false
    },
    {
        "date": "2020-11-22T14:10:45.455Z",
        "value": "3.1275237247779684",
        "cumulative": false
    },
    {
        "date": "2020-11-22T14:11:22.935Z",
        "value": "3.1715531178346232",
        "cumulative": false
    },
    {
        "date": "2020-11-22T14:12:01.209Z",
        "value": "3.1280355767671857",
        "cumulative": false
    },
    {
        "date": "2020-11-22T14:12:37.969Z",
        "value": "3.405564274460759",
        "cumulative": false
    },
    {
        "date": "2020-11-22T14:13:16.892Z",
        "value": "3.2497935551578805",
        "cumulative": false
    },
    {
        "date": "2020-11-22T14:13:58.310Z",
        "value": "3.311406691740711",
        "cumulative": false
    },
    {
        "date": "2020-11-22T14:14:37.732Z",
        "value": "2.930710002940188",
        "cumulative": false
    },
    {
        "date": "2020-11-22T14:15:15.074Z",
        "value": "3.1312054984177213",
        "cumulative": false
    },
    {
        "date": "2020-11-22T14:15:52.300Z",
        "value": "3.167278286398041",
        "cumulative": false
    },
    {
        "date": "2020-11-22T14:16:27.379Z",
        "value": "3.396424266405603",
        "cumulative": false
    },
    {
        "date": "2020-11-22T14:17:05.434Z",
        "value": "3.2487958650273416",
        "cumulative": false
    },
    {
        "date": "2020-11-22T14:17:40.366Z",
        "value": "3.434018752037158",
        "cumulative": false
    },
    {
        "date": "2020-11-22T14:18:17.245Z",
        "value": "3.3095796537646898",
        "cumulative": false
    },
    {
        "date": "2020-11-22T14:18:53.490Z",
        "value": "3.198683190724206",
        "cumulative": false
    },
    {
        "date": "2020-11-22T14:19:32.037Z",
        "value": "3.24740373595687",
        "cumulative": false
    },
    {
        "date": "2020-11-22T14:20:09.402Z",
        "value": "3.1016531446218947",
        "cumulative": false
    },
    {
        "date": "2020-11-22T14:20:47.580Z",
        "value": "3.1561249421955035",
        "cumulative": false
    },
    {
        "date": "2020-11-22T14:21:23.800Z",
        "value": "3.16905298408716",
        "cumulative": false
    },
    {
        "date": "2020-11-22T14:22:02.625Z",
        "value": "3.2334660127737225",
        "cumulative": false
    },
    {
        "date": "2020-11-22T14:22:38.162Z",
        "value": "3.2951500976824524",
        "cumulative": false
    },
    {
        "date": "2020-11-22T14:23:16.751Z",
        "value": "3.170663974023216",
        "cumulative": false
    },
    {
        "date": "2020-11-22T14:23:52.360Z",
        "value": "3.211254103575019",
        "cumulative": false
    },
    {
        "date": "2020-11-22T14:24:29.779Z",
        "value": "3.141722866332241",
        "cumulative": false
    },
    {
        "date": "2020-11-22T14:25:05.929Z",
        "value": "3.2455514553373894",
        "cumulative": false
    },
    {
        "date": "2020-11-22T14:25:43.847Z",
        "value": "3.252937179569932",
        "cumulative": false
    },
    {
        "date": "2020-11-22T14:26:18.871Z",
        "value": "3.2027990963135844",
        "cumulative": false
    },
    {
        "date": "2020-11-22T14:26:57.792Z",
        "value": "3.0652628065664556",
        "cumulative": false
    },
    {
        "date": "2020-11-22T14:27:34.209Z",
        "value": "3.348852778155604",
        "cumulative": false
    },
    {
        "date": "2020-11-22T14:28:13.706Z",
        "value": "3.191962363044377",
        "cumulative": false
    },
    {
        "date": "2020-11-22T14:28:47.883Z",
        "value": "3.345622985687552",
        "cumulative": false
    },
    {
        "date": "2020-11-22T14:29:25.823Z",
        "value": "3.2501283770450633",
        "cumulative": false
    },
    {
        "date": "2020-11-22T14:30:01.401Z",
        "value": "3.300377298773987",
        "cumulative": false
    },
    {
        "date": "2020-11-22T14:30:36.762Z",
        "value": "3.2891419656448933",
        "cumulative": false
    },
    {
        "date": "2020-11-22T14:31:12.938Z",
        "value": "3.107797054648065",
        "cumulative": false
    },
    {
        "date": "2020-11-22T14:31:51.724Z",
        "value": "3.3233505534530927",
        "cumulative": false
    },
    {
        "date": "2020-11-22T14:32:28.349Z",
        "value": "3.123524488352198",
        "cumulative": false
    },
    {
        "date": "2020-11-22T14:33:05.909Z",
        "value": "3.205642902377241",
        "cumulative": false
    },
    {
        "date": "2020-11-22T14:33:41.647Z",
        "value": "3.224178521796372",
        "cumulative": false
    },
    {
        "date": "2020-11-22T14:34:21.454Z",
        "value": "2.989728751907603",
        "cumulative": false
    },
    {
        "date": "2020-11-22T14:34:57.568Z",
        "value": "3.2496983938346298",
        "cumulative": false
    },
    {
        "date": "2020-11-22T14:35:36.245Z",
        "value": "3.344045810963549",
        "cumulative": false
    },
    {
        "date": "2020-11-22T14:36:13.951Z",
        "value": "3.2747358171180645",
        "cumulative": false
    },
    {
        "date": "2020-11-22T14:36:53.518Z",
        "value": "3.218157107413894",
        "cumulative": false
    },
    {
        "date": "2020-11-22T14:37:28.888Z",
        "value": "3.460616042656038",
        "cumulative": false
    },
    {
        "date": "2020-11-22T14:38:08.584Z",
        "value": "3.227817111545139",
        "cumulative": false
    },
    {
        "date": "2020-11-22T14:38:44.081Z",
        "value": "3.395702599259758",
        "cumulative": false
    },
    {
        "date": "2020-11-22T14:39:22.600Z",
        "value": "2.992941863375645",
        "cumulative": false
    },
    {
        "date": "2020-11-22T14:39:57.841Z",
        "value": "3.1201017650290526",
        "cumulative": false
    },
    {
        "date": "2020-11-22T14:40:36.884Z",
        "value": "3.0727348823051948",
        "cumulative": false
    },
    {
        "date": "2020-11-22T14:41:12.954Z",
        "value": "3.2697498631291713",
        "cumulative": false
    },
    {
        "date": "2020-11-22T14:41:50.901Z",
        "value": "3.1483323894838002",
        "cumulative": false
    },
    {
        "date": "2020-11-22T14:42:34.051Z",
        "value": "3.294283857809877",
        "cumulative": false
    },
    {
        "date": "2020-11-22T14:43:15.258Z",
        "value": "3.2330488520045493",
        "cumulative": false
    },
    {
        "date": "2020-11-22T14:43:51.233Z",
        "value": "3.2275149886120045",
        "cumulative": false
    },
    {
        "date": "2020-11-22T14:44:27.963Z",
        "value": "3.06837672703815",
        "cumulative": false
    },
    {
        "date": "2020-11-22T14:45:05.372Z",
        "value": "3.295671072011641",
        "cumulative": false
    },
    {
        "date": "2020-11-22T14:45:44.842Z",
        "value": "3.162900090185135",
        "cumulative": false
    },
    {
        "date": "2020-11-22T14:46:20.828Z",
        "value": "3.1363322240799585",
        "cumulative": false
    },
    {
        "date": "2020-11-22T14:46:58.692Z",
        "value": "3.3920057930339667",
        "cumulative": false
    },
    {
        "date": "2020-11-22T14:47:36.181Z",
        "value": "3.1882361907697256",
        "cumulative": false
    },
    {
        "date": "2020-11-22T14:48:14.598Z",
        "value": "3.1723973851510534",
        "cumulative": false
    },
    {
        "date": "2020-11-22T14:48:49.466Z",
        "value": "3.3862309893057034",
        "cumulative": false
    },
    {
        "date": "2020-11-22T14:49:26.954Z",
        "value": "3.193816395184136",
        "cumulative": false
    },
    {
        "date": "2020-11-22T14:50:04.578Z",
        "value": "3.0277636774777683",
        "cumulative": false
    },
    {
        "date": "2020-11-22T14:50:41.912Z",
        "value": "3.3253365227569684",
        "cumulative": false
    },
    {
        "date": "2020-11-22T14:51:16.864Z",
        "value": "3.208243627841697",
        "cumulative": false
    },
    {
        "date": "2020-11-22T14:51:57.017Z",
        "value": "3.168945591278904",
        "cumulative": false
    },
    {
        "date": "2020-11-22T14:52:12.537Z",
        "value": "3.1535959243774414",
        "cumulative": false
    },
    {
        "date": "2020-11-22T14:52:30.893Z",
        "value": "2.4266636148502734",
        "cumulative": false
    },
    {
        "date": "2020-11-22T14:53:09.347Z",
        "value": "3.1566209584776237",
        "cumulative": false
    },
    {
        "date": "2020-11-22T14:53:43.566Z",
        "value": "3.165563559704185",
        "cumulative": false
    },
    {
        "date": "2020-11-22T14:54:21.243Z",
        "value": "3.1800127367837407",
        "cumulative": false
    },
    {
        "date": "2020-11-22T14:54:56.253Z",
        "value": "3.113154120147402",
        "cumulative": false
    },
    {
        "date": "2020-11-22T14:55:33.758Z",
        "value": "3.1563082591922624",
        "cumulative": false
    },
    {
        "date": "2020-11-22T14:56:09.068Z",
        "value": "3.1278343863923164",
        "cumulative": false
    },
    {
        "date": "2020-11-22T14:56:46.706Z",
        "value": "3.096915973911868",
        "cumulative": false
    },
    {
        "date": "2020-11-22T14:57:23.099Z",
        "value": "2.965561540650705",
        "cumulative": false
    },
    {
        "date": "2020-11-22T14:58:01.574Z",
        "value": "3.07177473848638",
        "cumulative": false
    },
    {
        "date": "2020-11-22T14:58:37.903Z",
        "value": "3.250207779255319",
        "cumulative": false
    },
    {
        "date": "2020-11-22T14:59:16.470Z",
        "value": "3.1298975263323103",
        "cumulative": false
    },
    {
        "date": "2020-11-22T14:59:53.658Z",
        "value": "3.2263841637401227",
        "cumulative": false
    },
    {
        "date": "2020-11-22T15:00:30.841Z",
        "value": "3.237021526559125",
        "cumulative": false
    },
    {
        "date": "2020-11-22T15:01:07.309Z",
        "value": "3.2648816217718037",
        "cumulative": false
    },
    {
        "date": "2020-11-22T15:01:43.949Z",
        "value": "2.9482438469095156",
        "cumulative": false
    },
    {
        "date": "2020-11-22T15:02:20.068Z",
        "value": "2.9913745943154995",
        "cumulative": false
    },
    {
        "date": "2020-11-22T15:02:58.511Z",
        "value": "3.0459990902832415",
        "cumulative": false
    },
    {
        "date": "2020-11-22T15:03:34.270Z",
        "value": "3.341223128320053",
        "cumulative": false
    },
    {
        "date": "2020-11-22T15:04:11.804Z",
        "value": "2.927625402360515",
        "cumulative": false
    },
    {
        "date": "2020-11-22T15:04:47.351Z",
        "value": "3.2215824159397863",
        "cumulative": false
    },
    {
        "date": "2020-11-22T15:05:23.899Z",
        "value": "3.216062041349139",
        "cumulative": false
    },
    {
        "date": "2020-11-22T15:06:01.099Z",
        "value": "3.248610521676678",
        "cumulative": false
    },
    {
        "date": "2020-11-22T15:06:38.341Z",
        "value": "3.066203463182246",
        "cumulative": false
    },
    {
        "date": "2020-11-22T15:07:15.282Z",
        "value": "3.2240449667498634",
        "cumulative": false
    },
    {
        "date": "2020-11-22T15:07:53.004Z",
        "value": "3.1749474117916217",
        "cumulative": false
    },
    {
        "date": "2020-11-22T15:08:28.821Z",
        "value": "2.862724768597147",
        "cumulative": false
    },
    {
        "date": "2020-11-22T15:09:06.511Z",
        "value": "3.2879840562534226",
        "cumulative": false
    },
    {
        "date": "2020-11-22T15:09:43.609Z",
        "value": "3.0952252025210694",
        "cumulative": false
    },
    {
        "date": "2020-11-22T15:10:22.033Z",
        "value": "3.2476183401292635",
        "cumulative": false
    },
    {
        "date": "2020-11-22T15:10:58.108Z",
        "value": "3.0370651404616726",
        "cumulative": false
    },
    {
        "date": "2020-11-22T15:11:35.664Z",
        "value": "3.133569765242145",
        "cumulative": false
    },
    {
        "date": "2020-11-22T15:12:10.363Z",
        "value": "3.1415085442093393",
        "cumulative": false
    },
    {
        "date": "2020-11-22T15:12:48.820Z",
        "value": "3.0968592636681285",
        "cumulative": false
    },
    {
        "date": "2020-11-22T15:13:24.909Z",
        "value": "3.345173290619272",
        "cumulative": false
    },
    {
        "date": "2020-11-22T15:14:03.986Z",
        "value": "3.1381120587942037",
        "cumulative": false
    },
    {
        "date": "2020-11-22T15:14:40.431Z",
        "value": "3.3223052153716215",
        "cumulative": false
    },
    {
        "date": "2020-11-22T15:15:18.947Z",
        "value": "3.102589889282326",
        "cumulative": false
    },
    {
        "date": "2020-11-22T15:15:55.526Z",
        "value": "3.157867382497987",
        "cumulative": false
    },
    {
        "date": "2020-11-22T15:16:33.003Z",
        "value": "3.151289123329224",
        "cumulative": false
    },
    {
        "date": "2020-11-22T15:17:09.283Z",
        "value": "3.128422986660079",
        "cumulative": false
    },
    {
        "date": "2020-11-22T15:17:46.507Z",
        "value": "3.206026886807712",
        "cumulative": false
    },
    {
        "date": "2020-11-22T15:18:21.859Z",
        "value": "3.2853015964314087",
        "cumulative": false
    },
    {
        "date": "2020-11-22T15:18:59.440Z",
        "value": "2.8927445845170454",
        "cumulative": false
    },
    {
        "date": "2020-11-22T15:19:35.122Z",
        "value": "3.027949125404133",
        "cumulative": false
    },
    {
        "date": "2020-11-22T15:20:12.448Z",
        "value": "3.1472478937414032",
        "cumulative": false
    },
    {
        "date": "2020-11-22T15:20:47.893Z",
        "value": "3.2631867575593954",
        "cumulative": false
    },
    {
        "date": "2020-11-22T15:21:31.856Z",
        "value": "3.196430118361541",
        "cumulative": false
    },
    {
        "date": "2020-11-22T15:22:06.916Z",
        "value": "3.1050663700810186",
        "cumulative": false
    },
    {
        "date": "2020-11-22T15:22:45.867Z",
        "value": "3.1741654071834993",
        "cumulative": false
    },
    {
        "date": "2020-11-22T15:23:21.226Z",
        "value": "2.982133778470716",
        "cumulative": false
    },
    {
        "date": "2020-11-22T15:24:00.099Z",
        "value": "2.989417628461592",
        "cumulative": false
    },
    {
        "date": "2020-11-22T15:24:36.006Z",
        "value": "3.277064768341334",
        "cumulative": false
    },
    {
        "date": "2020-11-22T15:25:12.640Z",
        "value": "3.07091981368745",
        "cumulative": false
    },
    {
        "date": "2020-11-22T15:25:49.172Z",
        "value": "3.2026687609708344",
        "cumulative": false
    },
    {
        "date": "2020-11-22T15:26:25.736Z",
        "value": "3.205981843677156",
        "cumulative": false
    },
    {
        "date": "2020-11-22T15:27:01.083Z",
        "value": "3.1121412369044648",
        "cumulative": false
    },
    {
        "date": "2020-11-22T15:27:40.193Z",
        "value": "3.0638459505133024",
        "cumulative": false
    },
    {
        "date": "2020-11-22T15:28:14.310Z",
        "value": "3.055789820151033",
        "cumulative": false
    },
    {
        "date": "2020-11-22T15:28:51.590Z",
        "value": "3.1134448352894104",
        "cumulative": false
    },
    {
        "date": "2020-11-22T15:29:29.159Z",
        "value": "2.97102907494068",
        "cumulative": false
    },
    {
        "date": "2020-11-22T15:30:06.685Z",
        "value": "3.116397281842865",
        "cumulative": false
    },
    {
        "date": "2020-11-22T15:30:43.522Z",
        "value": "3.041420725904912",
        "cumulative": false
    },
    {
        "date": "2020-11-22T15:31:22.065Z",
        "value": "3.1218863261775125",
        "cumulative": false
    },
    {
        "date": "2020-11-22T15:31:58.084Z",
        "value": "3.1917986420635978",
        "cumulative": false
    },
    {
        "date": "2020-11-22T15:32:36.541Z",
        "value": "3.0273449063795144",
        "cumulative": false
    },
    {
        "date": "2020-11-22T15:33:14.253Z",
        "value": "3.2464152883976065",
        "cumulative": false
    },
    {
        "date": "2020-11-22T15:33:52.697Z",
        "value": "3.0884595973606936",
        "cumulative": false
    },
    {
        "date": "2020-11-22T15:34:29.307Z",
        "value": "3.071085004664179",
        "cumulative": false
    },
    {
        "date": "2020-11-22T15:35:07.666Z",
        "value": "3.3034555527064584",
        "cumulative": false
    },
    {
        "date": "2020-11-22T15:35:43.879Z",
        "value": "3.228757337075775",
        "cumulative": false
    },
    {
        "date": "2020-11-22T15:36:22.829Z",
        "value": "3.1199836427077803",
        "cumulative": false
    },
    {
        "date": "2020-11-22T15:36:57.980Z",
        "value": "2.9757088654493558",
        "cumulative": false
    },
    {
        "date": "2020-11-22T15:37:34.304Z",
        "value": "3.2463925230245136",
        "cumulative": false
    },
    {
        "date": "2020-11-22T15:38:09.381Z",
        "value": "3.042145026771005",
        "cumulative": false
    },
    {
        "date": "2020-11-22T15:38:46.023Z",
        "value": "3.190740137924383",
        "cumulative": false
    },
    {
        "date": "2020-11-22T15:39:22.905Z",
        "value": "3.1746829349869827",
        "cumulative": false
    },
    {
        "date": "2020-11-22T15:40:00.290Z",
        "value": "3.1225776620993804",
        "cumulative": false
    },
    {
        "date": "2020-11-22T15:40:36.633Z",
        "value": "3.100622720490716",
        "cumulative": false
    },
    {
        "date": "2020-11-22T15:41:16.720Z",
        "value": "3.2675452044025155",
        "cumulative": false
    },
    {
        "date": "2020-11-22T15:41:52.912Z",
        "value": "3.116437946542485",
        "cumulative": false
    },
    {
        "date": "2020-11-22T15:42:30.959Z",
        "value": "3.072818580969657",
        "cumulative": false
    },
    {
        "date": "2020-11-22T15:43:06.487Z",
        "value": "2.9440301481187165",
        "cumulative": false
    },
    {
        "date": "2020-11-22T15:43:43.539Z",
        "value": "3.065744532552807",
        "cumulative": false
    },
    {
        "date": "2020-11-22T15:44:20.688Z",
        "value": "3.1020439540513145",
        "cumulative": false
    },
    {
        "date": "2020-11-22T15:44:57.987Z",
        "value": "3.0804833616455864",
        "cumulative": false
    },
    {
        "date": "2020-11-22T15:45:34.099Z",
        "value": "3.213362709862697",
        "cumulative": false
    },
    {
        "date": "2020-11-22T15:46:12.652Z",
        "value": "3.107046710662884",
        "cumulative": false
    },
    {
        "date": "2020-11-22T15:46:49.022Z",
        "value": "3.054090243851078",
        "cumulative": false
    },
    {
        "date": "2020-11-22T15:47:26.474Z",
        "value": "3.177337874051813",
        "cumulative": false
    },
    {
        "date": "2020-11-22T15:48:01.372Z",
        "value": "3.2253677340283216",
        "cumulative": false
    },
    {
        "date": "2020-11-22T15:48:38.716Z",
        "value": "3.012472461465242",
        "cumulative": false
    },
    {
        "date": "2020-11-22T15:49:13.876Z",
        "value": "2.8836338178936414",
        "cumulative": false
    },
    {
        "date": "2020-11-22T15:49:51.434Z",
        "value": "3.106231147029669",
        "cumulative": false
    },
    {
        "date": "2020-11-22T15:50:33.803Z",
        "value": "3.0742418576902395",
        "cumulative": false
    },
    {
        "date": "2020-11-22T15:51:09.843Z",
        "value": "3.077331431153494",
        "cumulative": false
    },
    {
        "date": "2020-11-22T15:51:47.743Z",
        "value": "3.0773727197966507",
        "cumulative": false
    },
    {
        "date": "2020-11-22T15:52:24.687Z",
        "value": "3.0178242937195647",
        "cumulative": false
    },
    {
        "date": "2020-11-22T15:53:00.375Z",
        "value": "3.0061663025717533",
        "cumulative": false
    },
    {
        "date": "2020-11-22T15:53:37.699Z",
        "value": "2.979223697078824",
        "cumulative": false
    },
    {
        "date": "2020-11-22T15:54:13.973Z",
        "value": "2.946035955001302",
        "cumulative": false
    },
    {
        "date": "2020-11-22T15:54:50.086Z",
        "value": "3.1437970324843367",
        "cumulative": false
    },
    {
        "date": "2020-11-22T15:55:27.849Z",
        "value": "3.0410677013196876",
        "cumulative": false
    },
    {
        "date": "2020-11-22T15:56:07.230Z",
        "value": "2.990720593504828",
        "cumulative": false
    },
    {
        "date": "2020-11-22T15:56:44.099Z",
        "value": "3.125180155689036",
        "cumulative": false
    },
    {
        "date": "2020-11-22T15:57:20.894Z",
        "value": "2.946015821733352",
        "cumulative": false
    },
    {
        "date": "2020-11-22T15:57:57.031Z",
        "value": "2.979135699584858",
        "cumulative": false
    },
    {
        "date": "2020-11-22T15:58:34.789Z",
        "value": "2.9276890162773017",
        "cumulative": false
    },
    {
        "date": "2020-11-22T15:59:11.052Z",
        "value": "3.167413577197726",
        "cumulative": false
    },
    {
        "date": "2020-11-22T15:59:47.596Z",
        "value": "3.108645363491642",
        "cumulative": false
    },
    {
        "date": "2020-11-22T16:00:25.028Z",
        "value": "3.294610668600706",
        "cumulative": false
    },
    {
        "date": "2020-11-22T16:01:03.426Z",
        "value": "3.0872762313741724",
        "cumulative": false
    },
    {
        "date": "2020-11-22T16:01:39.892Z",
        "value": "3.0953196486928105",
        "cumulative": false
    },
    {
        "date": "2020-11-22T16:02:17.566Z",
        "value": "2.976046491768862",
        "cumulative": false
    },
    {
        "date": "2020-11-22T16:02:53.096Z",
        "value": "3.2237833634819846",
        "cumulative": false
    },
    {
        "date": "2020-11-22T16:03:31.889Z",
        "value": "3.113752804706769",
        "cumulative": false
    },
    {
        "date": "2020-11-22T16:04:08.589Z",
        "value": "2.8464082701016316",
        "cumulative": false
    },
    {
        "date": "2020-11-22T16:04:46.317Z",
        "value": "3.1239014609195035",
        "cumulative": false
    },
    {
        "date": "2020-11-22T16:05:22.573Z",
        "value": "3.0856451190787753",
        "cumulative": false
    },
    {
        "date": "2020-11-22T16:06:01.389Z",
        "value": "3.1679055956798305",
        "cumulative": false
    },
    {
        "date": "2020-11-22T16:06:37.244Z",
        "value": "3.317722641941392",
        "cumulative": false
    },
    {
        "date": "2020-11-22T16:07:14.813Z",
        "value": "3.0631548227956706",
        "cumulative": false
    },
    {
        "date": "2020-11-22T16:07:50.111Z",
        "value": "3.0507625149880098",
        "cumulative": false
    },
    {
        "date": "2020-11-22T16:08:28.339Z",
        "value": "3.1376862510770147",
        "cumulative": false
    },
    {
        "date": "2020-11-22T16:09:02.166Z",
        "value": "3.141074874013251",
        "cumulative": false
    },
    {
        "date": "2020-11-22T16:09:39.815Z",
        "value": "3.159259155623209",
        "cumulative": false
    },
    {
        "date": "2020-11-22T16:10:16.014Z",
        "value": "3.0938867467718794",
        "cumulative": false
    },
    {
        "date": "2020-11-22T16:10:53.490Z",
        "value": "3.0414288060470995",
        "cumulative": false
    },
    {
        "date": "2020-11-22T16:11:30.352Z",
        "value": "3.1478831081756398",
        "cumulative": false
    },
    {
        "date": "2020-11-22T16:12:07.697Z",
        "value": "3.1408432841852707",
        "cumulative": false
    },
    {
        "date": "2020-11-22T16:12:44.055Z",
        "value": "3.1411514854635585",
        "cumulative": false
    },
    {
        "date": "2020-11-22T16:13:20.937Z",
        "value": "2.8856961108115393",
        "cumulative": false
    },
    {
        "date": "2020-11-22T16:13:55.994Z",
        "value": "3.0265805470099307",
        "cumulative": false
    },
    {
        "date": "2020-11-22T16:14:34.273Z",
        "value": "2.9561324843387893",
        "cumulative": false
    },
    {
        "date": "2020-11-22T16:15:10.372Z",
        "value": "3.103584382444415",
        "cumulative": false
    },
    {
        "date": "2020-11-22T16:15:48.273Z",
        "value": "3.087589427239569",
        "cumulative": false
    },
    {
        "date": "2020-11-22T16:16:22.518Z",
        "value": "3.053614479836353",
        "cumulative": false
    },
    {
        "date": "2020-11-22T16:17:01.907Z",
        "value": "3.1952834339436826",
        "cumulative": false
    },
    {
        "date": "2020-11-22T16:17:37.530Z",
        "value": "3.0840289595365786",
        "cumulative": false
    },
    {
        "date": "2020-11-22T16:18:14.259Z",
        "value": "3.032797167707404",
        "cumulative": false
    },
    {
        "date": "2020-11-22T16:18:56.551Z",
        "value": "3.148660692117982",
        "cumulative": false
    },
    {
        "date": "2020-11-22T16:19:35.126Z",
        "value": "3.076378930150971",
        "cumulative": false
    },
    {
        "date": "2020-11-22T16:20:08.458Z",
        "value": "3.157274410140562",
        "cumulative": false
    },
    {
        "date": "2020-11-22T16:20:47.326Z",
        "value": "3.049689981813935",
        "cumulative": false
    },
    {
        "date": "2020-11-22T16:21:23.915Z",
        "value": "3.184030102724066",
        "cumulative": false
    },
    {
        "date": "2020-11-22T16:22:02.851Z",
        "value": "3.1088460760149883",
        "cumulative": false
    },
    {
        "date": "2020-11-22T16:22:39.100Z",
        "value": "3.0364394824295866",
        "cumulative": false
    },
    {
        "date": "2020-11-22T16:23:16.458Z",
        "value": "3.119233849699087",
        "cumulative": false
    },
    {
        "date": "2020-11-22T16:23:51.809Z",
        "value": "3.359860463064617",
        "cumulative": false
    },
    {
        "date": "2020-11-22T16:24:30.832Z",
        "value": "2.824699466142294",
        "cumulative": false
    },
    {
        "date": "2020-11-22T16:25:07.080Z",
        "value": "3.291012404919814",
        "cumulative": false
    },
    {
        "date": "2020-11-22T16:25:45.688Z",
        "value": "3.124271205032042",
        "cumulative": false
    },
    {
        "date": "2020-11-22T16:26:21.031Z",
        "value": "3.25679490971862",
        "cumulative": false
    },
    {
        "date": "2020-11-22T16:26:59.383Z",
        "value": "3.0149864470391994",
        "cumulative": false
    },
    {
        "date": "2020-11-22T16:27:37.451Z",
        "value": "3.2590483997010056",
        "cumulative": false
    },
    {
        "date": "2020-11-22T16:28:14.794Z",
        "value": "3.006381213144292",
        "cumulative": false
    },
    {
        "date": "2020-11-22T16:28:30.028Z",
        "value": "3.0642759799957275",
        "cumulative": false
    },
    {
        "date": "2020-11-22T16:28:48.715Z",
        "value": "2.7158436187941954",
        "cumulative": false
    },
    {
        "date": "2020-11-22T16:29:26.905Z",
        "value": "3.126907030392426",
        "cumulative": false
    },
    {
        "date": "2020-11-22T16:30:03.555Z",
        "value": "2.914810703380995",
        "cumulative": false
    },
    {
        "date": "2020-11-22T16:30:42.522Z",
        "value": "3.158663815448419",
        "cumulative": false
    },
    {
        "date": "2020-11-22T16:31:18.690Z",
        "value": "2.9025666943155075",
        "cumulative": false
    },
    {
        "date": "2020-11-22T16:31:56.267Z",
        "value": "2.880501244874048",
        "cumulative": false
    },
    {
        "date": "2020-11-22T16:32:32.224Z",
        "value": "3.0419914016396192",
        "cumulative": false
    },
    {
        "date": "2020-11-22T16:33:09.751Z",
        "value": "3.0231818914607658",
        "cumulative": false
    },
    {
        "date": "2020-11-22T16:33:45.953Z",
        "value": "2.834290430059119",
        "cumulative": false
    },
    {
        "date": "2020-11-22T16:34:23.979Z",
        "value": "2.998527697194477",
        "cumulative": false
    },
    {
        "date": "2020-11-22T16:34:59.764Z",
        "value": "2.8585904611963606",
        "cumulative": false
    },
    {
        "date": "2020-11-22T16:35:37.619Z",
        "value": "2.994566485923585",
        "cumulative": false
    },
    {
        "date": "2020-11-22T16:36:12.267Z",
        "value": "2.924022165105863",
        "cumulative": false
    },
    {
        "date": "2020-11-22T16:36:52.222Z",
        "value": "3.0481715038871204",
        "cumulative": false
    },
    {
        "date": "2020-11-22T16:37:27.109Z",
        "value": "3.020768350146005",
        "cumulative": false
    },
    {
        "date": "2020-11-22T16:38:06.452Z",
        "value": "3.0931778724747474",
        "cumulative": false
    },
    {
        "date": "2020-11-22T16:38:41.235Z",
        "value": "3.1635572036694826",
        "cumulative": false
    },
    {
        "date": "2020-11-22T16:39:20.022Z",
        "value": "3.0496175423186096",
        "cumulative": false
    },
    {
        "date": "2020-11-22T16:39:56.313Z",
        "value": "2.977428399402524",
        "cumulative": false
    },
    {
        "date": "2020-11-22T16:40:34.722Z",
        "value": "2.9163482004643964",
        "cumulative": false
    },
    {
        "date": "2020-11-22T16:41:10.614Z",
        "value": "2.966569010416667",
        "cumulative": false
    },
    {
        "date": "2020-11-22T16:41:51.378Z",
        "value": "2.975193857357202",
        "cumulative": false
    },
    {
        "date": "2020-11-22T16:42:26.749Z",
        "value": "2.958895795422732",
        "cumulative": false
    },
    {
        "date": "2020-11-22T16:43:05.810Z",
        "value": "2.8158746088603426",
        "cumulative": false
    },
    {
        "date": "2020-11-22T16:43:40.624Z",
        "value": "3.0066024228172523",
        "cumulative": false
    },
    {
        "date": "2020-11-22T16:44:16.265Z",
        "value": "3.0493520331059107",
        "cumulative": false
    },
    {
        "date": "2020-11-22T16:44:52.199Z",
        "value": "3.1893683530495087",
        "cumulative": false
    },
    {
        "date": "2020-11-22T16:45:31.225Z",
        "value": "3.108463066838871",
        "cumulative": false
    },
    {
        "date": "2020-11-22T16:46:06.568Z",
        "value": "2.895981956430958",
        "cumulative": false
    },
    {
        "date": "2020-11-22T16:46:43.007Z",
        "value": "3.0006669800311205",
        "cumulative": false
    },
    {
        "date": "2020-11-22T16:47:18.335Z",
        "value": "3.172593470982143",
        "cumulative": false
    },
    {
        "date": "2020-11-22T16:47:55.802Z",
        "value": "3.05694708419284",
        "cumulative": false
    },
    {
        "date": "2020-11-22T16:48:32.584Z",
        "value": "3.140351473367085",
        "cumulative": false
    },
    {
        "date": "2020-11-22T16:49:10.834Z",
        "value": "3.134090319810936",
        "cumulative": false
    },
    {
        "date": "2020-11-22T16:49:46.519Z",
        "value": "2.88106203797043",
        "cumulative": false
    },
    {
        "date": "2020-11-22T16:50:25.704Z",
        "value": "3.033794371653624",
        "cumulative": false
    },
    {
        "date": "2020-11-22T16:51:02.911Z",
        "value": "3.084760931526488",
        "cumulative": false
    },
    {
        "date": "2020-11-22T16:51:40.941Z",
        "value": "3.1027175181125033",
        "cumulative": false
    },
    {
        "date": "2020-11-22T16:52:16.595Z",
        "value": "3.0082379383750673",
        "cumulative": false
    },
    {
        "date": "2020-11-22T16:52:58.190Z",
        "value": "3.01426184126872",
        "cumulative": false
    },
    {
        "date": "2020-11-22T16:53:34.841Z",
        "value": "2.891962441303873",
        "cumulative": false
    },
    {
        "date": "2020-11-22T16:54:11.435Z",
        "value": "2.943340078437917",
        "cumulative": false
    },
    {
        "date": "2020-11-22T16:54:47.583Z",
        "value": "2.8361195430937673",
        "cumulative": false
    },
    {
        "date": "2020-11-22T16:55:24.448Z",
        "value": "2.8972356360728346",
        "cumulative": false
    },
    {
        "date": "2020-11-22T16:56:02.407Z",
        "value": "2.992716161268699",
        "cumulative": false
    },
    {
        "date": "2020-11-22T16:56:40.985Z",
        "value": "2.748274155451332",
        "cumulative": false
    },
    {
        "date": "2020-11-22T16:57:17.567Z",
        "value": "2.8706492777035058",
        "cumulative": false
    }
]