[
    {
        "date": "2020-11-22T11:38:27.739Z",
        "value": "540.6841027736664",
        "cumulative": false
    },
    {
        "date": "2020-11-22T13:15:35.708Z",
        "value": "542.3704118728638",
        "cumulative": false
    },
    {
        "date": "2020-11-22T14:52:32.002Z",
        "value": "542.5781209468842",
        "cumulative": false
    },
    {
        "date": "2020-11-22T16:28:49.118Z",
        "value": "542.1924316883087",
        "cumulative": false
    },
    {
        "date": "2020-11-22T16:58:17.041Z",
        "value": "163.01621341705322",
        "cumulative": false
    }
]