[
    {
        "date": "2020-11-22T11:38:28.120Z",
        "value": "95.86825799942017",
        "cumulative": false
    },
    {
        "date": "2020-11-22T13:15:34.395Z",
        "value": "96.22756242752075",
        "cumulative": false
    },
    {
        "date": "2020-11-22T14:52:30.148Z",
        "value": "92.41803050041199",
        "cumulative": false
    },
    {
        "date": "2020-11-22T16:28:47.980Z",
        "value": "92.0827522277832",
        "cumulative": false
    },
    {
        "date": "2020-11-22T16:58:15.918Z",
        "value": "28.100847244262695",
        "cumulative": false
    }
]