[
    {
        "date": "2020-11-22T11:38:27.739Z",
        "value": "3.0187151432037354",
        "cumulative": false
    },
    {
        "date": "2020-11-22T13:15:35.708Z",
        "value": "3.0112040042877197",
        "cumulative": false
    },
    {
        "date": "2020-11-22T14:52:32.002Z",
        "value": "2.9862098693847656",
        "cumulative": false
    },
    {
        "date": "2020-11-22T16:28:49.118Z",
        "value": "2.995504856109619",
        "cumulative": false
    },
    {
        "date": "2020-11-22T16:58:17.041Z",
        "value": "0.8920168876647949",
        "cumulative": false
    }
]