[
    {
        "date": "2020-11-22T11:38:28.062Z",
        "value": "5811.68930888176",
        "cumulative": false
    },
    {
        "date": "2020-11-22T13:15:35.538Z",
        "value": "5780.2863438129425",
        "cumulative": false
    },
    {
        "date": "2020-11-22T14:52:31.455Z",
        "value": "5769.976958036423",
        "cumulative": false
    },
    {
        "date": "2020-11-22T16:28:48.847Z",
        "value": "5731.423581123352",
        "cumulative": false
    },
    {
        "date": "2020-11-22T16:58:17.382Z",
        "value": "1728.5257766246796",
        "cumulative": false
    }
]