[
    {
        "date": "2020-11-22T11:38:27.739Z",
        "value": "0.14668869972229004",
        "cumulative": false
    },
    {
        "date": "2020-11-22T13:15:35.708Z",
        "value": "0.13834500312805176",
        "cumulative": false
    },
    {
        "date": "2020-11-22T14:52:32.002Z",
        "value": "0.13515186309814453",
        "cumulative": false
    },
    {
        "date": "2020-11-22T16:28:49.118Z",
        "value": "0.1424872875213623",
        "cumulative": false
    },
    {
        "date": "2020-11-22T16:58:17.041Z",
        "value": "0.04310178756713867",
        "cumulative": false
    }
]