[
    {
        "date": "2020-11-22T11:38:28.010Z",
        "value": "88.09984755516052",
        "cumulative": false
    },
    {
        "date": "2020-11-22T13:15:35.180Z",
        "value": "86.14555144309998",
        "cumulative": false
    },
    {
        "date": "2020-11-22T14:52:31.634Z",
        "value": "87.1870448589325",
        "cumulative": false
    },
    {
        "date": "2020-11-22T16:28:49.206Z",
        "value": "87.0606460571289",
        "cumulative": false
    },
    {
        "date": "2020-11-22T16:58:17.006Z",
        "value": "25.886062622070312",
        "cumulative": false
    }
]