[
    {
        "date": "2020-11-22T11:38:28.120Z",
        "value": "108.12081265449524",
        "cumulative": false
    },
    {
        "date": "2020-11-22T13:15:34.395Z",
        "value": "108.36862134933472",
        "cumulative": false
    },
    {
        "date": "2020-11-22T14:52:30.148Z",
        "value": "108.65393090248108",
        "cumulative": false
    },
    {
        "date": "2020-11-22T16:28:47.980Z",
        "value": "108.7114200592041",
        "cumulative": false
    },
    {
        "date": "2020-11-22T16:58:15.918Z",
        "value": "32.542275190353394",
        "cumulative": false
    }
]