[
    {
        "date": "2020-11-22T11:38:28.120Z",
        "value": "5805.821729898453",
        "cumulative": false
    },
    {
        "date": "2020-11-22T13:15:34.395Z",
        "value": "5779.837383747101",
        "cumulative": false
    },
    {
        "date": "2020-11-22T14:52:30.148Z",
        "value": "5770.942288398743",
        "cumulative": false
    },
    {
        "date": "2020-11-22T16:28:47.980Z",
        "value": "5732.807344913483",
        "cumulative": false
    },
    {
        "date": "2020-11-22T16:58:15.918Z",
        "value": "1729.3620290756226",
        "cumulative": false
    }
]