[
    {
        "date": "2020-11-22T11:38:28.133Z",
        "value": "535.5519428253174",
        "cumulative": false
    },
    {
        "date": "2020-11-22T13:15:35.182Z",
        "value": "535.8623971939087",
        "cumulative": false
    },
    {
        "date": "2020-11-22T14:52:32.009Z",
        "value": "534.8845181465149",
        "cumulative": false
    },
    {
        "date": "2020-11-22T16:28:49.689Z",
        "value": "535.1134819984436",
        "cumulative": false
    },
    {
        "date": "2020-11-22T16:58:17.484Z",
        "value": "160.34791445732117",
        "cumulative": false
    }
]