[
    {
        "date": "2020-11-22T11:38:28.503Z",
        "value": "108.38602328300476",
        "cumulative": false
    },
    {
        "date": "2020-11-22T13:15:35.095Z",
        "value": "108.80672359466553",
        "cumulative": false
    },
    {
        "date": "2020-11-22T14:52:31.346Z",
        "value": "109.0752317905426",
        "cumulative": false
    },
    {
        "date": "2020-11-22T16:28:48.630Z",
        "value": "109.25370240211487",
        "cumulative": false
    },
    {
        "date": "2020-11-22T16:58:16.644Z",
        "value": "32.88653111457825",
        "cumulative": false
    }
]