[
    {
        "date": "2020-11-22T11:38:27.739Z",
        "value": "49.295385122299194",
        "cumulative": false
    },
    {
        "date": "2020-11-22T13:15:35.708Z",
        "value": "49.01576614379883",
        "cumulative": false
    },
    {
        "date": "2020-11-22T14:52:32.002Z",
        "value": "49.02013111114502",
        "cumulative": false
    },
    {
        "date": "2020-11-22T16:28:49.118Z",
        "value": "49.00041127204895",
        "cumulative": false
    },
    {
        "date": "2020-11-22T16:58:17.042Z",
        "value": "14.680650234222412",
        "cumulative": false
    }
]