[
    {
        "date": "2020-11-22T11:38:28.503Z",
        "value": "49.37332034111023",
        "cumulative": false
    },
    {
        "date": "2020-11-22T13:15:35.096Z",
        "value": "49.10186147689819",
        "cumulative": false
    },
    {
        "date": "2020-11-22T14:52:31.346Z",
        "value": "48.94977378845215",
        "cumulative": false
    },
    {
        "date": "2020-11-22T16:28:48.630Z",
        "value": "48.8788275718689",
        "cumulative": false
    },
    {
        "date": "2020-11-22T16:58:16.644Z",
        "value": "14.634894847869873",
        "cumulative": false
    }
]