[
    {
        "date": "2020-11-22T11:38:28.133Z",
        "value": "1214.6814284324646",
        "cumulative": false
    },
    {
        "date": "2020-11-22T13:15:35.182Z",
        "value": "1216.7787382602692",
        "cumulative": false
    },
    {
        "date": "2020-11-22T14:52:32.009Z",
        "value": "1217.0039241313934",
        "cumulative": false
    },
    {
        "date": "2020-11-22T16:28:49.689Z",
        "value": "1216.9447374343872",
        "cumulative": false
    },
    {
        "date": "2020-11-22T16:58:17.484Z",
        "value": "364.2433807849884",
        "cumulative": false
    }
]