[
    {
        "date": "2020-11-22T10:01:03.009Z",
        "value": "8.288408313204508",
        "cumulative": false
    },
    {
        "date": "2020-11-22T10:01:47.794Z",
        "value": "9.597679577225842",
        "cumulative": false
    },
    {
        "date": "2020-11-22T10:02:25.733Z",
        "value": "9.172689879966887",
        "cumulative": false
    },
    {
        "date": "2020-11-22T10:03:03.345Z",
        "value": "8.815268390098314",
        "cumulative": false
    },
    {
        "date": "2020-11-22T10:03:41.726Z",
        "value": "8.41438453311012",
        "cumulative": false
    },
    {
        "date": "2020-11-22T10:04:19.439Z",
        "value": "8.206605977134567",
        "cumulative": false
    },
    {
        "date": "2020-11-22T10:04:55.358Z",
        "value": "7.979647250660502",
        "cumulative": false
    },
    {
        "date": "2020-11-22T10:05:33.626Z",
        "value": "7.830524487492599",
        "cumulative": false
    },
    {
        "date": "2020-11-22T10:06:09.867Z",
        "value": "7.839548590613932",
        "cumulative": false
    },
    {
        "date": "2020-11-22T10:06:47.367Z",
        "value": "7.851636988222098",
        "cumulative": false
    },
    {
        "date": "2020-11-22T10:07:25.309Z",
        "value": "7.649598569611169",
        "cumulative": false
    },
    {
        "date": "2020-11-22T10:08:04.119Z",
        "value": "7.684876599182274",
        "cumulative": false
    },
    {
        "date": "2020-11-22T10:08:39.222Z",
        "value": "7.471755440675341",
        "cumulative": false
    },
    {
        "date": "2020-11-22T10:09:17.708Z",
        "value": "7.48808338772846",
        "cumulative": false
    },
    {
        "date": "2020-11-22T10:09:55.252Z",
        "value": "7.141288292965305",
        "cumulative": false
    },
    {
        "date": "2020-11-22T10:10:32.458Z",
        "value": "7.042655071539485",
        "cumulative": false
    },
    {
        "date": "2020-11-22T10:11:09.484Z",
        "value": "6.861209689699512",
        "cumulative": false
    },
    {
        "date": "2020-11-22T10:11:48.120Z",
        "value": "6.70502353794019",
        "cumulative": false
    },
    {
        "date": "2020-11-22T10:12:25.618Z",
        "value": "6.353005399967149",
        "cumulative": false
    },
    {
        "date": "2020-11-22T10:13:03.137Z",
        "value": "6.266808517910856",
        "cumulative": false
    },
    {
        "date": "2020-11-22T10:13:39.922Z",
        "value": "6.246225310645401",
        "cumulative": false
    },
    {
        "date": "2020-11-22T10:14:17.696Z",
        "value": "6.003995880055743",
        "cumulative": false
    },
    {
        "date": "2020-11-22T10:14:54.258Z",
        "value": "5.8920732965967835",
        "cumulative": false
    },
    {
        "date": "2020-11-22T10:15:31.446Z",
        "value": "5.706451231060606",
        "cumulative": false
    },
    {
        "date": "2020-11-22T10:16:07.718Z",
        "value": "5.632476796998421",
        "cumulative": false
    },
    {
        "date": "2020-11-22T10:16:45.858Z",
        "value": "5.283251804711246",
        "cumulative": false
    },
    {
        "date": "2020-11-22T10:17:21.324Z",
        "value": "5.457712350624661",
        "cumulative": false
    },
    {
        "date": "2020-11-22T10:17:58.960Z",
        "value": "5.183284165111941",
        "cumulative": false
    },
    {
        "date": "2020-11-22T10:18:35.597Z",
        "value": "4.969929321226172",
        "cumulative": false
    },
    {
        "date": "2020-11-22T10:19:15.361Z",
        "value": "4.9751132834432905",
        "cumulative": false
    },
    {
        "date": "2020-11-22T10:19:51.025Z",
        "value": "4.919290046821794",
        "cumulative": false
    },
    {
        "date": "2020-11-22T10:20:29.162Z",
        "value": "4.738708567313302",
        "cumulative": false
    },
    {
        "date": "2020-11-22T10:21:05.649Z",
        "value": "4.763929557081314",
        "cumulative": false
    },
    {
        "date": "2020-11-22T10:21:44.097Z",
        "value": "4.594008555070162",
        "cumulative": false
    },
    {
        "date": "2020-11-22T10:22:20.874Z",
        "value": "4.514280812112638",
        "cumulative": false
    },
    {
        "date": "2020-11-22T10:23:00.164Z",
        "value": "4.528250738093702",
        "cumulative": false
    },
    {
        "date": "2020-11-22T10:23:36.760Z",
        "value": "4.780672644083704",
        "cumulative": false
    },
    {
        "date": "2020-11-22T10:24:16.696Z",
        "value": "4.3283154351676485",
        "cumulative": false
    },
    {
        "date": "2020-11-22T10:24:53.318Z",
        "value": "4.255128288763317",
        "cumulative": false
    },
    {
        "date": "2020-11-22T10:25:32.148Z",
        "value": "4.167092440033562",
        "cumulative": false
    },
    {
        "date": "2020-11-22T10:26:07.870Z",
        "value": "4.427317211090142",
        "cumulative": false
    },
    {
        "date": "2020-11-22T10:26:46.709Z",
        "value": "4.144097676090529",
        "cumulative": false
    },
    {
        "date": "2020-11-22T10:27:23.983Z",
        "value": "4.152839231465046",
        "cumulative": false
    },
    {
        "date": "2020-11-22T10:28:00.054Z",
        "value": "3.998982983591689",
        "cumulative": false
    },
    {
        "date": "2020-11-22T10:28:35.360Z",
        "value": "4.17502160784842",
        "cumulative": false
    },
    {
        "date": "2020-11-22T10:29:12.415Z",
        "value": "3.988511884301197",
        "cumulative": false
    },
    {
        "date": "2020-11-22T10:29:49.544Z",
        "value": "4.046102209540533",
        "cumulative": false
    },
    {
        "date": "2020-11-22T10:30:34.966Z",
        "value": "4.248494037828947",
        "cumulative": false
    },
    {
        "date": "2020-11-22T10:31:11.766Z",
        "value": "4.273569142345815",
        "cumulative": false
    },
    {
        "date": "2020-11-22T10:31:50.168Z",
        "value": "4.1293390989951115",
        "cumulative": false
    },
    {
        "date": "2020-11-22T10:32:26.401Z",
        "value": "4.0172473111449865",
        "cumulative": false
    },
    {
        "date": "2020-11-22T10:33:04.693Z",
        "value": "3.9376037548154907",
        "cumulative": false
    },
    {
        "date": "2020-11-22T10:33:40.391Z",
        "value": "3.976315904329609",
        "cumulative": false
    },
    {
        "date": "2020-11-22T10:34:19.959Z",
        "value": "4.070072435413069",
        "cumulative": false
    },
    {
        "date": "2020-11-22T10:34:54.140Z",
        "value": "3.7994576358769314",
        "cumulative": false
    },
    {
        "date": "2020-11-22T10:35:31.979Z",
        "value": "3.9429144478699554",
        "cumulative": false
    },
    {
        "date": "2020-11-22T10:36:08.131Z",
        "value": "3.940990321795941",
        "cumulative": false
    },
    {
        "date": "2020-11-22T10:36:46.288Z",
        "value": "3.9211458810421362",
        "cumulative": false
    },
    {
        "date": "2020-11-22T10:37:23.207Z",
        "value": "3.8624632313255614",
        "cumulative": false
    },
    {
        "date": "2020-11-22T10:38:01.698Z",
        "value": "3.8157913473487985",
        "cumulative": false
    },
    {
        "date": "2020-11-22T10:38:40.543Z",
        "value": "3.814324439353965",
        "cumulative": false
    },
    {
        "date": "2020-11-22T10:39:19.100Z",
        "value": "3.785324207220955",
        "cumulative": false
    },
    {
        "date": "2020-11-22T10:39:54.732Z",
        "value": "3.9412935389665757",
        "cumulative": false
    },
    {
        "date": "2020-11-22T10:40:33.162Z",
        "value": "3.832215210657758",
        "cumulative": false
    },
    {
        "date": "2020-11-22T10:41:09.372Z",
        "value": "4.0073451689589366",
        "cumulative": false
    },
    {
        "date": "2020-11-22T10:41:46.704Z",
        "value": "3.819623729047557",
        "cumulative": false
    },
    {
        "date": "2020-11-22T10:42:24.036Z",
        "value": "4.025121326197388",
        "cumulative": false
    },
    {
        "date": "2020-11-22T10:43:03.593Z",
        "value": "3.819804710118703",
        "cumulative": false
    },
    {
        "date": "2020-11-22T10:43:40.022Z",
        "value": "3.7062609564294178",
        "cumulative": false
    },
    {
        "date": "2020-11-22T10:44:18.402Z",
        "value": "4.0152835783136664",
        "cumulative": false
    },
    {
        "date": "2020-11-22T10:44:55.725Z",
        "value": "4.052315017158767",
        "cumulative": false
    },
    {
        "date": "2020-11-22T10:45:34.972Z",
        "value": "3.7186327077747987",
        "cumulative": false
    },
    {
        "date": "2020-11-22T10:46:11.067Z",
        "value": "3.735278816309255",
        "cumulative": false
    },
    {
        "date": "2020-11-22T10:46:49.115Z",
        "value": "3.651442763657056",
        "cumulative": false
    },
    {
        "date": "2020-11-22T10:47:23.941Z",
        "value": "3.838434369194533",
        "cumulative": false
    },
    {
        "date": "2020-11-22T10:48:02.008Z",
        "value": "3.955838335765455",
        "cumulative": false
    },
    {
        "date": "2020-11-22T10:48:38.191Z",
        "value": "3.7271634837108913",
        "cumulative": false
    },
    {
        "date": "2020-11-22T10:49:15.358Z",
        "value": "3.4430500173370318",
        "cumulative": false
    },
    {
        "date": "2020-11-22T10:49:53.429Z",
        "value": "3.6950596130112836",
        "cumulative": false
    },
    {
        "date": "2020-11-22T10:50:32.367Z",
        "value": "3.8466281531755504",
        "cumulative": false
    },
    {
        "date": "2020-11-22T10:51:10.663Z",
        "value": "3.880446750097327",
        "cumulative": false
    },
    {
        "date": "2020-11-22T10:51:47.765Z",
        "value": "3.702503732158462",
        "cumulative": false
    },
    {
        "date": "2020-11-22T10:52:24.476Z",
        "value": "3.7986953731268396",
        "cumulative": false
    },
    {
        "date": "2020-11-22T10:53:04.373Z",
        "value": "3.676800367233624",
        "cumulative": false
    },
    {
        "date": "2020-11-22T10:53:40.824Z",
        "value": "3.595142175261097",
        "cumulative": false
    },
    {
        "date": "2020-11-22T10:54:19.081Z",
        "value": "3.702512616190344",
        "cumulative": false
    },
    {
        "date": "2020-11-22T10:54:54.173Z",
        "value": "3.776271162361934",
        "cumulative": false
    },
    {
        "date": "2020-11-22T10:55:31.530Z",
        "value": "3.5798779068706192",
        "cumulative": false
    },
    {
        "date": "2020-11-22T10:56:07.095Z",
        "value": "3.5368390741325446",
        "cumulative": false
    },
    {
        "date": "2020-11-22T10:56:46.217Z",
        "value": "3.631714809439047",
        "cumulative": false
    },
    {
        "date": "2020-11-22T10:57:23.127Z",
        "value": "3.7477682567674018",
        "cumulative": false
    },
    {
        "date": "2020-11-22T10:58:00.822Z",
        "value": "3.8876317185753213",
        "cumulative": false
    },
    {
        "date": "2020-11-22T10:58:36.945Z",
        "value": "3.660446330395844",
        "cumulative": false
    },
    {
        "date": "2020-11-22T10:59:14.760Z",
        "value": "3.6362754895596185",
        "cumulative": false
    },
    {
        "date": "2020-11-22T10:59:56.192Z",
        "value": "3.670965506871365",
        "cumulative": false
    },
    {
        "date": "2020-11-22T11:00:35.135Z",
        "value": "3.600786243296356",
        "cumulative": false
    },
    {
        "date": "2020-11-22T11:01:12.476Z",
        "value": "3.5509077036860717",
        "cumulative": false
    },
    {
        "date": "2020-11-22T11:01:50.676Z",
        "value": "3.6756619813012295",
        "cumulative": false
    },
    {
        "date": "2020-11-22T11:02:27.008Z",
        "value": "3.6537667334291974",
        "cumulative": false
    },
    {
        "date": "2020-11-22T11:03:06.972Z",
        "value": "3.636581381223999",
        "cumulative": false
    },
    {
        "date": "2020-11-22T11:03:43.861Z",
        "value": "3.8936898009417806",
        "cumulative": false
    },
    {
        "date": "2020-11-22T11:04:22.800Z",
        "value": "3.5933939426654264",
        "cumulative": false
    },
    {
        "date": "2020-11-22T11:04:59.920Z",
        "value": "3.600387475674173",
        "cumulative": false
    },
    {
        "date": "2020-11-22T11:05:38.186Z",
        "value": "3.652073910361842",
        "cumulative": false
    },
    {
        "date": "2020-11-22T11:06:14.960Z",
        "value": "3.5849436207012357",
        "cumulative": false
    },
    {
        "date": "2020-11-22T11:06:53.474Z",
        "value": "3.811170828583642",
        "cumulative": false
    },
    {
        "date": "2020-11-22T11:07:32.183Z",
        "value": "3.5627864760006784",
        "cumulative": false
    },
    {
        "date": "2020-11-22T11:08:10.755Z",
        "value": "3.6645156009076256",
        "cumulative": false
    },
    {
        "date": "2020-11-22T11:08:45.419Z",
        "value": "3.654842939392877",
        "cumulative": false
    },
    {
        "date": "2020-11-22T11:09:23.894Z",
        "value": "3.5253567891725353",
        "cumulative": false
    },
    {
        "date": "2020-11-22T11:09:59.154Z",
        "value": "3.5070388119401907",
        "cumulative": false
    },
    {
        "date": "2020-11-22T11:10:38.152Z",
        "value": "3.474030907204269",
        "cumulative": false
    },
    {
        "date": "2020-11-22T11:11:13.508Z",
        "value": "3.5505337877338436",
        "cumulative": false
    },
    {
        "date": "2020-11-22T11:11:51.554Z",
        "value": "3.5399007735366714",
        "cumulative": false
    },
    {
        "date": "2020-11-22T11:12:29.334Z",
        "value": "3.6124043310224994",
        "cumulative": false
    },
    {
        "date": "2020-11-22T11:13:07.754Z",
        "value": "3.6526949368990387",
        "cumulative": false
    },
    {
        "date": "2020-11-22T11:13:44.152Z",
        "value": "3.7424205318478543",
        "cumulative": false
    },
    {
        "date": "2020-11-22T11:14:22.064Z",
        "value": "3.485172621783088",
        "cumulative": false
    },
    {
        "date": "2020-11-22T11:14:56.657Z",
        "value": "3.6737142565359475",
        "cumulative": false
    },
    {
        "date": "2020-11-22T11:15:34.436Z",
        "value": "3.7601698431776556",
        "cumulative": false
    },
    {
        "date": "2020-11-22T11:16:09.845Z",
        "value": "3.5146517799843124",
        "cumulative": false
    },
    {
        "date": "2020-11-22T11:16:47.563Z",
        "value": "3.4646630534021017",
        "cumulative": false
    },
    {
        "date": "2020-11-22T11:17:26.187Z",
        "value": "3.5364534908746554",
        "cumulative": false
    },
    {
        "date": "2020-11-22T11:18:03.697Z",
        "value": "3.4818643005993386",
        "cumulative": false
    },
    {
        "date": "2020-11-22T11:18:40.522Z",
        "value": "3.608526474446521",
        "cumulative": false
    },
    {
        "date": "2020-11-22T11:19:17.563Z",
        "value": "3.7111028992653443",
        "cumulative": false
    },
    {
        "date": "2020-11-22T11:19:52.681Z",
        "value": "3.4829342430462464",
        "cumulative": false
    },
    {
        "date": "2020-11-22T11:20:30.215Z",
        "value": "3.777501583614865",
        "cumulative": false
    },
    {
        "date": "2020-11-22T11:21:06.017Z",
        "value": "3.5025586655937992",
        "cumulative": false
    },
    {
        "date": "2020-11-22T11:21:44.268Z",
        "value": "3.6632203977594004",
        "cumulative": false
    },
    {
        "date": "2020-11-22T11:22:21.656Z",
        "value": "3.489787754057742",
        "cumulative": false
    },
    {
        "date": "2020-11-22T11:23:00.079Z",
        "value": "3.660436367845976",
        "cumulative": false
    },
    {
        "date": "2020-11-22T11:23:36.326Z",
        "value": "3.619440437584232",
        "cumulative": false
    },
    {
        "date": "2020-11-22T11:24:13.769Z",
        "value": "3.4110989751208702",
        "cumulative": false
    },
    {
        "date": "2020-11-22T11:24:50.899Z",
        "value": "3.674449948230422",
        "cumulative": false
    },
    {
        "date": "2020-11-22T11:25:28.681Z",
        "value": "3.3570657888302033",
        "cumulative": false
    },
    {
        "date": "2020-11-22T11:26:06.964Z",
        "value": "3.5716779929331093",
        "cumulative": false
    },
    {
        "date": "2020-11-22T11:26:44.410Z",
        "value": "3.3905162426067514",
        "cumulative": false
    },
    {
        "date": "2020-11-22T11:27:19.911Z",
        "value": "3.448346054047487",
        "cumulative": false
    },
    {
        "date": "2020-11-22T11:27:57.915Z",
        "value": "3.536495326392748",
        "cumulative": false
    },
    {
        "date": "2020-11-22T11:28:40.051Z",
        "value": "3.4916621804667964",
        "cumulative": false
    },
    {
        "date": "2020-11-22T11:29:17.075Z",
        "value": "3.487058226636748",
        "cumulative": false
    },
    {
        "date": "2020-11-22T11:29:54.872Z",
        "value": "3.474541419683638",
        "cumulative": false
    },
    {
        "date": "2020-11-22T11:30:32.374Z",
        "value": "3.563514992673737",
        "cumulative": false
    },
    {
        "date": "2020-11-22T11:31:08.551Z",
        "value": "3.501400760999318",
        "cumulative": false
    },
    {
        "date": "2020-11-22T11:31:47.326Z",
        "value": "3.458169411618414",
        "cumulative": false
    },
    {
        "date": "2020-11-22T11:32:24.223Z",
        "value": "3.6072305812757204",
        "cumulative": false
    },
    {
        "date": "2020-11-22T11:33:02.665Z",
        "value": "3.4655981123890958",
        "cumulative": false
    },
    {
        "date": "2020-11-22T11:33:38.047Z",
        "value": "3.503606142241379",
        "cumulative": false
    },
    {
        "date": "2020-11-22T11:34:18.036Z",
        "value": "3.473575272749174",
        "cumulative": false
    },
    {
        "date": "2020-11-22T11:34:54.136Z",
        "value": "3.452879369527726",
        "cumulative": false
    },
    {
        "date": "2020-11-22T11:35:33.748Z",
        "value": "3.531950615934991",
        "cumulative": false
    },
    {
        "date": "2020-11-22T11:36:11.052Z",
        "value": "3.4755158910131176",
        "cumulative": false
    },
    {
        "date": "2020-11-22T11:36:50.863Z",
        "value": "3.4119183736728136",
        "cumulative": false
    },
    {
        "date": "2020-11-22T11:37:27.246Z",
        "value": "3.4416037197323703",
        "cumulative": false
    },
    {
        "date": "2020-11-22T11:38:05.191Z",
        "value": "3.428259157189412",
        "cumulative": false
    },
    {
        "date": "2020-11-22T11:38:20.393Z",
        "value": "3.4347591400146484",
        "cumulative": false
    },
    {
        "date": "2020-11-22T11:38:30.191Z",
        "value": "2.829550598196535",
        "cumulative": false
    },
    {
        "date": "2020-11-22T11:39:08.587Z",
        "value": "3.635933788079933",
        "cumulative": false
    },
    {
        "date": "2020-11-22T11:39:45.619Z",
        "value": "3.4937789835394386",
        "cumulative": false
    },
    {
        "date": "2020-11-22T11:40:22.961Z",
        "value": "3.22250734950374",
        "cumulative": false
    },
    {
        "date": "2020-11-22T11:40:59.403Z",
        "value": "3.4233023045031916",
        "cumulative": false
    },
    {
        "date": "2020-11-22T11:41:36.413Z",
        "value": "3.3207046672306824",
        "cumulative": false
    },
    {
        "date": "2020-11-22T11:42:12.557Z",
        "value": "3.2383199366864743",
        "cumulative": false
    },
    {
        "date": "2020-11-22T11:42:50.417Z",
        "value": "3.32238403071262",
        "cumulative": false
    },
    {
        "date": "2020-11-22T11:43:26.174Z",
        "value": "3.5872381442491896",
        "cumulative": false
    },
    {
        "date": "2020-11-22T11:44:03.765Z",
        "value": "3.3675952342861204",
        "cumulative": false
    },
    {
        "date": "2020-11-22T11:44:39.156Z",
        "value": "3.4531988846628288",
        "cumulative": false
    },
    {
        "date": "2020-11-22T11:45:16.858Z",
        "value": "3.4509724535413744",
        "cumulative": false
    },
    {
        "date": "2020-11-22T11:45:52.835Z",
        "value": "3.4059764624252775",
        "cumulative": false
    },
    {
        "date": "2020-11-22T11:46:30.297Z",
        "value": "3.408605868882054",
        "cumulative": false
    },
    {
        "date": "2020-11-22T11:47:05.970Z",
        "value": "3.492435344827586",
        "cumulative": false
    },
    {
        "date": "2020-11-22T11:47:44.308Z",
        "value": "3.3671862307479854",
        "cumulative": false
    },
    {
        "date": "2020-11-22T11:48:19.715Z",
        "value": "3.466285968648976",
        "cumulative": false
    },
    {
        "date": "2020-11-22T11:48:58.449Z",
        "value": "3.1578934701875685",
        "cumulative": false
    },
    {
        "date": "2020-11-22T11:49:35.412Z",
        "value": "3.33684833744891",
        "cumulative": false
    },
    {
        "date": "2020-11-22T11:50:13.532Z",
        "value": "3.3131301198954533",
        "cumulative": false
    },
    {
        "date": "2020-11-22T11:50:49.145Z",
        "value": "3.3889441598007446",
        "cumulative": false
    },
    {
        "date": "2020-11-22T11:51:28.535Z",
        "value": "3.119566902281746",
        "cumulative": false
    },
    {
        "date": "2020-11-22T11:52:04.796Z",
        "value": "3.3531856977932883",
        "cumulative": false
    },
    {
        "date": "2020-11-22T11:52:43.132Z",
        "value": "3.3703428316257753",
        "cumulative": false
    },
    {
        "date": "2020-11-22T11:53:20.573Z",
        "value": "3.4461666042148225",
        "cumulative": false
    },
    {
        "date": "2020-11-22T11:54:00.353Z",
        "value": "3.2920972419507577",
        "cumulative": false
    },
    {
        "date": "2020-11-22T11:54:36.876Z",
        "value": "3.5296891295441",
        "cumulative": false
    },
    {
        "date": "2020-11-22T11:55:14.260Z",
        "value": "3.303682273503342",
        "cumulative": false
    },
    {
        "date": "2020-11-22T11:55:50.344Z",
        "value": "3.388067441164036",
        "cumulative": false
    },
    {
        "date": "2020-11-22T11:56:29.637Z",
        "value": "3.602416322052875",
        "cumulative": false
    },
    {
        "date": "2020-11-22T11:57:05.402Z",
        "value": "3.3068671853110114",
        "cumulative": false
    },
    {
        "date": "2020-11-22T11:57:43.532Z",
        "value": "3.3534759364267317",
        "cumulative": false
    },
    {
        "date": "2020-11-22T11:58:21.025Z",
        "value": "3.330890907513525",
        "cumulative": false
    },
    {
        "date": "2020-11-22T11:58:58.596Z",
        "value": "3.3363818478114022",
        "cumulative": false
    },
    {
        "date": "2020-11-22T11:59:34.148Z",
        "value": "3.3173839493597206",
        "cumulative": false
    },
    {
        "date": "2020-11-22T12:00:12.466Z",
        "value": "3.351191915663514",
        "cumulative": false
    },
    {
        "date": "2020-11-22T12:00:49.215Z",
        "value": "3.3238596604301707",
        "cumulative": false
    },
    {
        "date": "2020-11-22T12:01:27.355Z",
        "value": "3.3284443805625665",
        "cumulative": false
    },
    {
        "date": "2020-11-22T12:02:03.869Z",
        "value": "3.4849276017717066",
        "cumulative": false
    },
    {
        "date": "2020-11-22T12:02:42.827Z",
        "value": "3.2421108405483405",
        "cumulative": false
    },
    {
        "date": "2020-11-22T12:03:18.389Z",
        "value": "3.3804129017738065",
        "cumulative": false
    },
    {
        "date": "2020-11-22T12:03:55.890Z",
        "value": "3.3515262531939216",
        "cumulative": false
    },
    {
        "date": "2020-11-22T12:04:33.224Z",
        "value": "3.2333235207017146",
        "cumulative": false
    },
    {
        "date": "2020-11-22T12:05:10.348Z",
        "value": "3.3693046498292256",
        "cumulative": false
    },
    {
        "date": "2020-11-22T12:05:46.475Z",
        "value": "3.3301134127771697",
        "cumulative": false
    },
    {
        "date": "2020-11-22T12:06:24.804Z",
        "value": "3.281629525905602",
        "cumulative": false
    },
    {
        "date": "2020-11-22T12:07:00.558Z",
        "value": "3.418957526471006",
        "cumulative": false
    },
    {
        "date": "2020-11-22T12:07:44.478Z",
        "value": "3.41242579875758",
        "cumulative": false
    },
    {
        "date": "2020-11-22T12:08:20.376Z",
        "value": "3.5325472536473788",
        "cumulative": false
    },
    {
        "date": "2020-11-22T12:08:59.914Z",
        "value": "3.241877117658783",
        "cumulative": false
    },
    {
        "date": "2020-11-22T12:09:35.743Z",
        "value": "3.2787924788572607",
        "cumulative": false
    },
    {
        "date": "2020-11-22T12:10:15.611Z",
        "value": "3.2641902449324323",
        "cumulative": false
    },
    {
        "date": "2020-11-22T12:10:51.498Z",
        "value": "3.342103389347764",
        "cumulative": false
    },
    {
        "date": "2020-11-22T12:11:28.506Z",
        "value": "3.309605602793805",
        "cumulative": false
    },
    {
        "date": "2020-11-22T12:12:05.555Z",
        "value": "3.3703080100574714",
        "cumulative": false
    },
    {
        "date": "2020-11-22T12:12:42.764Z",
        "value": "3.3956781936633536",
        "cumulative": false
    },
    {
        "date": "2020-11-22T12:13:17.864Z",
        "value": "3.4178779659504026",
        "cumulative": false
    },
    {
        "date": "2020-11-22T12:13:55.462Z",
        "value": "3.52779463379567",
        "cumulative": false
    },
    {
        "date": "2020-11-22T12:14:32.328Z",
        "value": "3.2681824824629775",
        "cumulative": false
    },
    {
        "date": "2020-11-22T12:15:10.121Z",
        "value": "3.255850504274646",
        "cumulative": false
    },
    {
        "date": "2020-11-22T12:15:47.093Z",
        "value": "3.3933163328282485",
        "cumulative": false
    },
    {
        "date": "2020-11-22T12:16:26.277Z",
        "value": "3.433965891478998",
        "cumulative": false
    },
    {
        "date": "2020-11-22T12:17:01.333Z",
        "value": "3.443859830901857",
        "cumulative": false
    },
    {
        "date": "2020-11-22T12:17:39.407Z",
        "value": "3.388879742605678",
        "cumulative": false
    },
    {
        "date": "2020-11-22T12:18:16.200Z",
        "value": "3.2567253218697947",
        "cumulative": false
    },
    {
        "date": "2020-11-22T12:18:55.619Z",
        "value": "3.329732652889785",
        "cumulative": false
    },
    {
        "date": "2020-11-22T12:19:33.342Z",
        "value": "3.3097355034957916",
        "cumulative": false
    },
    {
        "date": "2020-11-22T12:20:10.352Z",
        "value": "3.6077745225694446",
        "cumulative": false
    },
    {
        "date": "2020-11-22T12:20:45.315Z",
        "value": "3.3514130587663664",
        "cumulative": false
    },
    {
        "date": "2020-11-22T12:21:23.860Z",
        "value": "3.2566048833753602",
        "cumulative": false
    },
    {
        "date": "2020-11-22T12:22:00.100Z",
        "value": "3.6230385378130334",
        "cumulative": false
    },
    {
        "date": "2020-11-22T12:22:39.699Z",
        "value": "3.099327428520311",
        "cumulative": false
    },
    {
        "date": "2020-11-22T12:23:15.492Z",
        "value": "3.2317642004636884",
        "cumulative": false
    },
    {
        "date": "2020-11-22T12:23:54.369Z",
        "value": "3.508216367419638",
        "cumulative": false
    },
    {
        "date": "2020-11-22T12:24:32.194Z",
        "value": "3.355399866201016",
        "cumulative": false
    },
    {
        "date": "2020-11-22T12:25:08.967Z",
        "value": "3.429187623680739",
        "cumulative": false
    },
    {
        "date": "2020-11-22T12:25:45.363Z",
        "value": "3.4229034065530883",
        "cumulative": false
    },
    {
        "date": "2020-11-22T12:26:23.498Z",
        "value": "3.150213271627041",
        "cumulative": false
    },
    {
        "date": "2020-11-22T12:26:59.151Z",
        "value": "3.4359604585559618",
        "cumulative": false
    },
    {
        "date": "2020-11-22T12:27:35.761Z",
        "value": "3.458066096386301",
        "cumulative": false
    },
    {
        "date": "2020-11-22T12:28:11.195Z",
        "value": "3.4034239775325665",
        "cumulative": false
    },
    {
        "date": "2020-11-22T12:28:48.916Z",
        "value": "3.3812803953197226",
        "cumulative": false
    },
    {
        "date": "2020-11-22T12:29:25.830Z",
        "value": "3.294301778473202",
        "cumulative": false
    },
    {
        "date": "2020-11-22T12:30:03.916Z",
        "value": "3.325618674825401",
        "cumulative": false
    },
    {
        "date": "2020-11-22T12:30:39.736Z",
        "value": "3.281529017857143",
        "cumulative": false
    },
    {
        "date": "2020-11-22T12:31:18.364Z",
        "value": "3.5639003728923475",
        "cumulative": false
    },
    {
        "date": "2020-11-22T12:31:51.837Z",
        "value": "3.2976499261876326",
        "cumulative": false
    },
    {
        "date": "2020-11-22T12:32:30.083Z",
        "value": "3.3278388768140745",
        "cumulative": false
    },
    {
        "date": "2020-11-22T12:33:05.273Z",
        "value": "3.4466477624230873",
        "cumulative": false
    },
    {
        "date": "2020-11-22T12:33:41.603Z",
        "value": "3.598173989310615",
        "cumulative": false
    },
    {
        "date": "2020-11-22T12:34:16.046Z",
        "value": "3.3152085890616476",
        "cumulative": false
    },
    {
        "date": "2020-11-22T12:34:54.824Z",
        "value": "3.181724584079636",
        "cumulative": false
    },
    {
        "date": "2020-11-22T12:35:31.382Z",
        "value": "3.315880322851228",
        "cumulative": false
    },
    {
        "date": "2020-11-22T12:36:10.450Z",
        "value": "3.2710904457441186",
        "cumulative": false
    },
    {
        "date": "2020-11-22T12:36:52.247Z",
        "value": "3.3488612588356896",
        "cumulative": false
    },
    {
        "date": "2020-11-22T12:37:30.145Z",
        "value": "3.3119271048910046",
        "cumulative": false
    },
    {
        "date": "2020-11-22T12:38:07.087Z",
        "value": "3.2730758770409736",
        "cumulative": false
    },
    {
        "date": "2020-11-22T12:38:46.984Z",
        "value": "3.450455447177856",
        "cumulative": false
    },
    {
        "date": "2020-11-22T12:39:23.593Z",
        "value": "3.027940172235104",
        "cumulative": false
    },
    {
        "date": "2020-11-22T12:40:01.507Z",
        "value": "3.404038815522832",
        "cumulative": false
    },
    {
        "date": "2020-11-22T12:40:37.600Z",
        "value": "3.4872367816845973",
        "cumulative": false
    },
    {
        "date": "2020-11-22T12:41:17.384Z",
        "value": "3.397824754901961",
        "cumulative": false
    },
    {
        "date": "2020-11-22T12:41:51.897Z",
        "value": "3.5120736397625385",
        "cumulative": false
    },
    {
        "date": "2020-11-22T12:42:32.187Z",
        "value": "3.380352741493451",
        "cumulative": false
    },
    {
        "date": "2020-11-22T12:43:08.746Z",
        "value": "3.229678251523536",
        "cumulative": false
    },
    {
        "date": "2020-11-22T12:43:48.618Z",
        "value": "3.3070024375815925",
        "cumulative": false
    },
    {
        "date": "2020-11-22T12:44:25.316Z",
        "value": "3.5091677520416784",
        "cumulative": false
    },
    {
        "date": "2020-11-22T12:45:03.330Z",
        "value": "3.290647873404021",
        "cumulative": false
    },
    {
        "date": "2020-11-22T12:45:38.224Z",
        "value": "3.375172888365469",
        "cumulative": false
    },
    {
        "date": "2020-11-22T12:46:16.087Z",
        "value": "3.3975616112934097",
        "cumulative": false
    },
    {
        "date": "2020-11-22T12:46:52.488Z",
        "value": "3.187527026637454",
        "cumulative": false
    },
    {
        "date": "2020-11-22T12:47:31.579Z",
        "value": "3.2665631111473274",
        "cumulative": false
    },
    {
        "date": "2020-11-22T12:48:07.989Z",
        "value": "3.29355274822695",
        "cumulative": false
    },
    {
        "date": "2020-11-22T12:48:45.611Z",
        "value": "3.2739602397510983",
        "cumulative": false
    },
    {
        "date": "2020-11-22T12:49:20.780Z",
        "value": "3.3231660503885685",
        "cumulative": false
    },
    {
        "date": "2020-11-22T12:49:58.114Z",
        "value": "3.252791092385371",
        "cumulative": false
    },
    {
        "date": "2020-11-22T12:50:32.820Z",
        "value": "3.210710548440183",
        "cumulative": false
    },
    {
        "date": "2020-11-22T12:51:10.232Z",
        "value": "3.3013865596024163",
        "cumulative": false
    },
    {
        "date": "2020-11-22T12:51:47.466Z",
        "value": "3.2699442615009953",
        "cumulative": false
    },
    {
        "date": "2020-11-22T12:52:26.511Z",
        "value": "3.3338470772490463",
        "cumulative": false
    },
    {
        "date": "2020-11-22T12:53:01.494Z",
        "value": "3.354488311153246",
        "cumulative": false
    },
    {
        "date": "2020-11-22T12:53:41.046Z",
        "value": "3.3335665033667126",
        "cumulative": false
    },
    {
        "date": "2020-11-22T12:54:17.036Z",
        "value": "3.1669713982328056",
        "cumulative": false
    },
    {
        "date": "2020-11-22T12:54:54.796Z",
        "value": "3.379897126934039",
        "cumulative": false
    },
    {
        "date": "2020-11-22T12:55:31.079Z",
        "value": "3.3020435305523104",
        "cumulative": false
    },
    {
        "date": "2020-11-22T12:56:08.615Z",
        "value": "3.4018476573463374",
        "cumulative": false
    },
    {
        "date": "2020-11-22T12:56:45.400Z",
        "value": "3.2640594601167314",
        "cumulative": false
    },
    {
        "date": "2020-11-22T12:57:26.379Z",
        "value": "3.6625458417733925",
        "cumulative": false
    },
    {
        "date": "2020-11-22T12:58:03.336Z",
        "value": "3.346671118737617",
        "cumulative": false
    },
    {
        "date": "2020-11-22T12:58:42.696Z",
        "value": "3.2517982664823326",
        "cumulative": false
    },
    {
        "date": "2020-11-22T12:59:17.878Z",
        "value": "3.3650564505693583",
        "cumulative": false
    },
    {
        "date": "2020-11-22T12:59:55.617Z",
        "value": "3.216459894013706",
        "cumulative": false
    },
    {
        "date": "2020-11-22T13:00:34.148Z",
        "value": "3.2561774507440067",
        "cumulative": false
    },
    {
        "date": "2020-11-22T13:01:12.699Z",
        "value": "3.3733871962632724",
        "cumulative": false
    },
    {
        "date": "2020-11-22T13:01:50.367Z",
        "value": "3.2234112266095263",
        "cumulative": false
    },
    {
        "date": "2020-11-22T13:02:29.608Z",
        "value": "3.204275094163616",
        "cumulative": false
    },
    {
        "date": "2020-11-22T13:03:06.572Z",
        "value": "3.3860188000307883",
        "cumulative": false
    },
    {
        "date": "2020-11-22T13:03:43.355Z",
        "value": "3.3100630733944953",
        "cumulative": false
    },
    {
        "date": "2020-11-22T13:04:20.800Z",
        "value": "3.085393554147067",
        "cumulative": false
    },
    {
        "date": "2020-11-22T13:04:58.030Z",
        "value": "3.356428952901243",
        "cumulative": false
    },
    {
        "date": "2020-11-22T13:05:41.985Z",
        "value": "3.23864366146249",
        "cumulative": false
    },
    {
        "date": "2020-11-22T13:06:19.550Z",
        "value": "3.2185271041369474",
        "cumulative": false
    },
    {
        "date": "2020-11-22T13:06:55.147Z",
        "value": "3.2746455690770455",
        "cumulative": false
    },
    {
        "date": "2020-11-22T13:07:33.369Z",
        "value": "3.2351755465620826",
        "cumulative": false
    },
    {
        "date": "2020-11-22T13:08:10.664Z",
        "value": "3.2434215396808805",
        "cumulative": false
    },
    {
        "date": "2020-11-22T13:08:48.690Z",
        "value": "3.2827652116181185",
        "cumulative": false
    },
    {
        "date": "2020-11-22T13:09:26.169Z",
        "value": "3.3871840160174993",
        "cumulative": false
    },
    {
        "date": "2020-11-22T13:10:03.121Z",
        "value": "3.217741935483871",
        "cumulative": false
    },
    {
        "date": "2020-11-22T13:10:39.622Z",
        "value": "3.2766443510555123",
        "cumulative": false
    },
    {
        "date": "2020-11-22T13:11:16.591Z",
        "value": "3.2241892127051583",
        "cumulative": false
    },
    {
        "date": "2020-11-22T13:11:53.836Z",
        "value": "3.276328457788631",
        "cumulative": false
    },
    {
        "date": "2020-11-22T13:12:31.868Z",
        "value": "3.165683013613861",
        "cumulative": false
    },
    {
        "date": "2020-11-22T13:13:07.738Z",
        "value": "3.3442578334957003",
        "cumulative": false
    },
    {
        "date": "2020-11-22T13:13:46.257Z",
        "value": "3.3406775370950177",
        "cumulative": false
    },
    {
        "date": "2020-11-22T13:14:23.412Z",
        "value": "3.2667338222084026",
        "cumulative": false
    },
    {
        "date": "2020-11-22T13:15:00.773Z",
        "value": "3.3854891958553623",
        "cumulative": false
    },
    {
        "date": "2020-11-22T13:15:16.193Z",
        "value": "3.241795301437378",
        "cumulative": false
    },
    {
        "date": "2020-11-22T13:15:36.003Z",
        "value": "2.5858312698440087",
        "cumulative": false
    },
    {
        "date": "2020-11-22T13:16:14.522Z",
        "value": "3.048051361908784",
        "cumulative": false
    },
    {
        "date": "2020-11-22T13:16:49.999Z",
        "value": "3.10464450339795",
        "cumulative": false
    },
    {
        "date": "2020-11-22T13:17:28.136Z",
        "value": "3.2779616230994932",
        "cumulative": false
    },
    {
        "date": "2020-11-22T13:18:03.245Z",
        "value": "2.9571159860932132",
        "cumulative": false
    },
    {
        "date": "2020-11-22T13:18:41.060Z",
        "value": "3.1575237031386223",
        "cumulative": false
    },
    {
        "date": "2020-11-22T13:19:18.630Z",
        "value": "3.231270468214592",
        "cumulative": false
    },
    {
        "date": "2020-11-22T13:19:57.314Z",
        "value": "3.2204921875",
        "cumulative": false
    },
    {
        "date": "2020-11-22T13:20:33.119Z",
        "value": "3.2943393876794094",
        "cumulative": false
    },
    {
        "date": "2020-11-22T13:21:12.633Z",
        "value": "3.2194365150908117",
        "cumulative": false
    },
    {
        "date": "2020-11-22T13:21:48.548Z",
        "value": "3.2248717193808885",
        "cumulative": false
    },
    {
        "date": "2020-11-22T13:22:28.306Z",
        "value": "3.1060816235410518",
        "cumulative": false
    },
    {
        "date": "2020-11-22T13:23:03.721Z",
        "value": "3.2980086581940258",
        "cumulative": false
    },
    {
        "date": "2020-11-22T13:23:40.941Z",
        "value": "3.1648591694078947",
        "cumulative": false
    },
    {
        "date": "2020-11-22T13:24:16.305Z",
        "value": "3.11085753306498",
        "cumulative": false
    },
    {
        "date": "2020-11-22T13:24:54.503Z",
        "value": "3.097312502123539",
        "cumulative": false
    },
    {
        "date": "2020-11-22T13:25:29.587Z",
        "value": "3.0931649342018903",
        "cumulative": false
    },
    {
        "date": "2020-11-22T13:26:06.450Z",
        "value": "3.041826590594744",
        "cumulative": false
    },
    {
        "date": "2020-11-22T13:26:43.493Z",
        "value": "3.342785806879354",
        "cumulative": false
    },
    {
        "date": "2020-11-22T13:27:21.431Z",
        "value": "3.2390655081133115",
        "cumulative": false
    },
    {
        "date": "2020-11-22T13:27:58.068Z",
        "value": "3.1395130637163176",
        "cumulative": false
    },
    {
        "date": "2020-11-22T13:28:36.240Z",
        "value": "3.16611279539801",
        "cumulative": false
    },
    {
        "date": "2020-11-22T13:29:12.663Z",
        "value": "3.3527749239580635",
        "cumulative": false
    },
    {
        "date": "2020-11-22T13:29:50.329Z",
        "value": "3.110860161136796",
        "cumulative": false
    },
    {
        "date": "2020-11-22T13:30:27.476Z",
        "value": "3.2479918993517747",
        "cumulative": false
    },
    {
        "date": "2020-11-22T13:31:04.349Z",
        "value": "3.1592991779060067",
        "cumulative": false
    },
    {
        "date": "2020-11-22T13:31:40.178Z",
        "value": "3.426184730062455",
        "cumulative": false
    },
    {
        "date": "2020-11-22T13:32:17.477Z",
        "value": "3.2261015687217944",
        "cumulative": false
    },
    {
        "date": "2020-11-22T13:32:53.987Z",
        "value": "3.2697187209186387",
        "cumulative": false
    },
    {
        "date": "2020-11-22T13:33:32.323Z",
        "value": "3.234932707843713",
        "cumulative": false
    },
    {
        "date": "2020-11-22T13:34:07.433Z",
        "value": "3.270405647282291",
        "cumulative": false
    },
    {
        "date": "2020-11-22T13:34:45.041Z",
        "value": "3.321068598061761",
        "cumulative": false
    },
    {
        "date": "2020-11-22T13:35:21.764Z",
        "value": "3.351974617434663",
        "cumulative": false
    },
    {
        "date": "2020-11-22T13:36:00.795Z",
        "value": "3.3179749281465973",
        "cumulative": false
    },
    {
        "date": "2020-11-22T13:36:36.206Z",
        "value": "2.9933058044797884",
        "cumulative": false
    },
    {
        "date": "2020-11-22T13:37:11.606Z",
        "value": "3.2328681116746907",
        "cumulative": false
    },
    {
        "date": "2020-11-22T13:37:48.624Z",
        "value": "3.1437275327485183",
        "cumulative": false
    },
    {
        "date": "2020-11-22T13:38:27.239Z",
        "value": "3.1837773868253048",
        "cumulative": false
    },
    {
        "date": "2020-11-22T13:39:04.912Z",
        "value": "3.4365550085616436",
        "cumulative": false
    },
    {
        "date": "2020-11-22T13:39:42.848Z",
        "value": "3.3410014108827495",
        "cumulative": false
    },
    {
        "date": "2020-11-22T13:40:19.578Z",
        "value": "3.2096945034103563",
        "cumulative": false
    },
    {
        "date": "2020-11-22T13:40:57.790Z",
        "value": "3.2456029704377487",
        "cumulative": false
    },
    {
        "date": "2020-11-22T13:41:33.661Z",
        "value": "3.3023166515286535",
        "cumulative": false
    },
    {
        "date": "2020-11-22T13:42:12.662Z",
        "value": "3.1279546736129813",
        "cumulative": false
    },
    {
        "date": "2020-11-22T13:42:49.294Z",
        "value": "3.1082147821649775",
        "cumulative": false
    },
    {
        "date": "2020-11-22T13:43:26.666Z",
        "value": "3.4513212825665187",
        "cumulative": false
    },
    {
        "date": "2020-11-22T13:44:03.888Z",
        "value": "3.1982401582792206",
        "cumulative": false
    },
    {
        "date": "2020-11-22T13:44:48.649Z",
        "value": "3.1842639752148556",
        "cumulative": false
    },
    {
        "date": "2020-11-22T13:45:23.406Z",
        "value": "3.2140793615107914",
        "cumulative": false
    },
    {
        "date": "2020-11-22T13:46:01.011Z",
        "value": "3.1365198307218805",
        "cumulative": false
    },
    {
        "date": "2020-11-22T13:46:35.856Z",
        "value": "3.2933619392778994",
        "cumulative": false
    },
    {
        "date": "2020-11-22T13:47:14.201Z",
        "value": "3.2366228486720403",
        "cumulative": false
    },
    {
        "date": "2020-11-22T13:47:50.799Z",
        "value": "3.2252448095034247",
        "cumulative": false
    },
    {
        "date": "2020-11-22T13:48:30.319Z",
        "value": "3.1619352549272395",
        "cumulative": false
    },
    {
        "date": "2020-11-22T13:49:07.320Z",
        "value": "3.211144823296759",
        "cumulative": false
    },
    {
        "date": "2020-11-22T13:49:45.505Z",
        "value": "3.3703891317693127",
        "cumulative": false
    },
    {
        "date": "2020-11-22T13:50:20.687Z",
        "value": "3.2311514116016284",
        "cumulative": false
    },
    {
        "date": "2020-11-22T13:50:57.953Z",
        "value": "3.105014431299886",
        "cumulative": false
    },
    {
        "date": "2020-11-22T13:51:35.251Z",
        "value": "3.3438707139756945",
        "cumulative": false
    },
    {
        "date": "2020-11-22T13:52:13.307Z",
        "value": "3.1738060260641165",
        "cumulative": false
    },
    {
        "date": "2020-11-22T13:52:48.139Z",
        "value": "3.2294712386129887",
        "cumulative": false
    },
    {
        "date": "2020-11-22T13:53:27.733Z",
        "value": "3.212906462677382",
        "cumulative": false
    },
    {
        "date": "2020-11-22T13:54:03.846Z",
        "value": "3.2185104560295676",
        "cumulative": false
    },
    {
        "date": "2020-11-22T13:54:42.535Z",
        "value": "3.2932586150326335",
        "cumulative": false
    },
    {
        "date": "2020-11-22T13:55:18.831Z",
        "value": "3.170614026999115",
        "cumulative": false
    },
    {
        "date": "2020-11-22T13:55:57.352Z",
        "value": "3.279136174841772",
        "cumulative": false
    },
    {
        "date": "2020-11-22T13:56:33.367Z",
        "value": "3.15489360553932",
        "cumulative": false
    },
    {
        "date": "2020-11-22T13:57:11.774Z",
        "value": "3.069709588388826",
        "cumulative": false
    },
    {
        "date": "2020-11-22T13:57:47.553Z",
        "value": "3.389040207669467",
        "cumulative": false
    },
    {
        "date": "2020-11-22T13:58:25.308Z",
        "value": "3.312063506155303",
        "cumulative": false
    },
    {
        "date": "2020-11-22T13:59:01.919Z",
        "value": "3.2619427978790867",
        "cumulative": false
    },
    {
        "date": "2020-11-22T13:59:41.279Z",
        "value": "3.145624268452217",
        "cumulative": false
    },
    {
        "date": "2020-11-22T14:00:16.949Z",
        "value": "3.1751772249362786",
        "cumulative": false
    },
    {
        "date": "2020-11-22T14:00:54.408Z",
        "value": "3.137809951286514",
        "cumulative": false
    },
    {
        "date": "2020-11-22T14:01:30.924Z",
        "value": "3.218200281093379",
        "cumulative": false
    },
    {
        "date": "2020-11-22T14:02:08.814Z",
        "value": "3.3464778555285117",
        "cumulative": false
    },
    {
        "date": "2020-11-22T14:02:44.870Z",
        "value": "3.27117157607953",
        "cumulative": false
    },
    {
        "date": "2020-11-22T14:03:21.840Z",
        "value": "3.111092024132135",
        "cumulative": false
    },
    {
        "date": "2020-11-22T14:03:57.912Z",
        "value": "3.246429200513926",
        "cumulative": false
    },
    {
        "date": "2020-11-22T14:04:37.145Z",
        "value": "3.43354687283227",
        "cumulative": false
    },
    {
        "date": "2020-11-22T14:05:11.793Z",
        "value": "3.336925657942369",
        "cumulative": false
    },
    {
        "date": "2020-11-22T14:05:49.325Z",
        "value": "3.267307767932047",
        "cumulative": false
    },
    {
        "date": "2020-11-22T14:06:24.685Z",
        "value": "3.3453280127575225",
        "cumulative": false
    },
    {
        "date": "2020-11-22T14:07:04.187Z",
        "value": "3.137237966177086",
        "cumulative": false
    },
    {
        "date": "2020-11-22T14:07:40.951Z",
        "value": "3.2844459996918784",
        "cumulative": false
    },
    {
        "date": "2020-11-22T14:08:18.789Z",
        "value": "3.2101841367807205",
        "cumulative": false
    },
    {
        "date": "2020-11-22T14:08:53.773Z",
        "value": "3.145313525561552",
        "cumulative": false
    },
    {
        "date": "2020-11-22T14:09:31.978Z",
        "value": "3.2423263090510033",
        "cumulative": false
    },
    {
        "date": "2020-11-22T14:10:08.516Z",
        "value": "3.211838249016015",
        "cumulative": false
    },
    {
        "date": "2020-11-22T14:10:45.452Z",
        "value": "3.5104495252026675",
        "cumulative": false
    },
    {
        "date": "2020-11-22T14:11:22.987Z",
        "value": "3.348000367193586",
        "cumulative": false
    },
    {
        "date": "2020-11-22T14:12:01.214Z",
        "value": "3.159028113996479",
        "cumulative": false
    },
    {
        "date": "2020-11-22T14:12:37.941Z",
        "value": "3.2805419989899693",
        "cumulative": false
    },
    {
        "date": "2020-11-22T14:13:16.908Z",
        "value": "3.2747907537669128",
        "cumulative": false
    },
    {
        "date": "2020-11-22T14:13:58.453Z",
        "value": "3.210339089025869",
        "cumulative": false
    },
    {
        "date": "2020-11-22T14:14:37.728Z",
        "value": "3.1938511211278655",
        "cumulative": false
    },
    {
        "date": "2020-11-22T14:15:15.075Z",
        "value": "3.198770218818757",
        "cumulative": false
    },
    {
        "date": "2020-11-22T14:15:52.296Z",
        "value": "3.1812653143981224",
        "cumulative": false
    },
    {
        "date": "2020-11-22T14:16:27.374Z",
        "value": "3.237391366180574",
        "cumulative": false
    },
    {
        "date": "2020-11-22T14:17:05.433Z",
        "value": "3.111897878830874",
        "cumulative": false
    },
    {
        "date": "2020-11-22T14:17:40.396Z",
        "value": "3.044573898054447",
        "cumulative": false
    },
    {
        "date": "2020-11-22T14:18:17.268Z",
        "value": "3.212049309959876",
        "cumulative": false
    },
    {
        "date": "2020-11-22T14:18:53.479Z",
        "value": "3.2388406245715657",
        "cumulative": false
    },
    {
        "date": "2020-11-22T14:19:32.037Z",
        "value": "3.3229587134876715",
        "cumulative": false
    },
    {
        "date": "2020-11-22T14:20:09.431Z",
        "value": "3.3665480775934187",
        "cumulative": false
    },
    {
        "date": "2020-11-22T14:20:47.588Z",
        "value": "3.2523546251054554",
        "cumulative": false
    },
    {
        "date": "2020-11-22T14:21:23.847Z",
        "value": "3.2854004531130023",
        "cumulative": false
    },
    {
        "date": "2020-11-22T14:22:02.634Z",
        "value": "3.1691152716893485",
        "cumulative": false
    },
    {
        "date": "2020-11-22T14:22:38.210Z",
        "value": "3.3021247731714127",
        "cumulative": false
    },
    {
        "date": "2020-11-22T14:23:16.748Z",
        "value": "3.4058985194779643",
        "cumulative": false
    },
    {
        "date": "2020-11-22T14:23:52.325Z",
        "value": "3.0532088922516047",
        "cumulative": false
    },
    {
        "date": "2020-11-22T14:24:29.772Z",
        "value": "3.2693531501946067",
        "cumulative": false
    },
    {
        "date": "2020-11-22T14:25:05.892Z",
        "value": "3.086456540250513",
        "cumulative": false
    },
    {
        "date": "2020-11-22T14:25:43.846Z",
        "value": "3.1692271411215946",
        "cumulative": false
    },
    {
        "date": "2020-11-22T14:26:18.909Z",
        "value": "3.317176780974214",
        "cumulative": false
    },
    {
        "date": "2020-11-22T14:26:57.803Z",
        "value": "3.2964732318110443",
        "cumulative": false
    },
    {
        "date": "2020-11-22T14:27:34.159Z",
        "value": "3.0323303757598246",
        "cumulative": false
    },
    {
        "date": "2020-11-22T14:28:13.706Z",
        "value": "3.0999019396551724",
        "cumulative": false
    },
    {
        "date": "2020-11-22T14:28:47.936Z",
        "value": "3.209972438236047",
        "cumulative": false
    },
    {
        "date": "2020-11-22T14:29:25.823Z",
        "value": "3.199910553679626",
        "cumulative": false
    },
    {
        "date": "2020-11-22T14:30:01.412Z",
        "value": "3.2691800129273196",
        "cumulative": false
    },
    {
        "date": "2020-11-22T14:30:36.745Z",
        "value": "3.0988739758003048",
        "cumulative": false
    },
    {
        "date": "2020-11-22T14:31:12.975Z",
        "value": "3.303342516033702",
        "cumulative": false
    },
    {
        "date": "2020-11-22T14:31:51.726Z",
        "value": "3.161831248336439",
        "cumulative": false
    },
    {
        "date": "2020-11-22T14:32:28.357Z",
        "value": "3.131689013951349",
        "cumulative": false
    },
    {
        "date": "2020-11-22T14:33:05.914Z",
        "value": "3.0428515188791176",
        "cumulative": false
    },
    {
        "date": "2020-11-22T14:33:41.665Z",
        "value": "3.2505727993948774",
        "cumulative": false
    },
    {
        "date": "2020-11-22T14:34:21.446Z",
        "value": "3.070541446877664",
        "cumulative": false
    },
    {
        "date": "2020-11-22T14:34:57.587Z",
        "value": "3.298732653919153",
        "cumulative": false
    },
    {
        "date": "2020-11-22T14:35:36.236Z",
        "value": "3.2778400842667677",
        "cumulative": false
    },
    {
        "date": "2020-11-22T14:36:13.987Z",
        "value": "3.2450074613764044",
        "cumulative": false
    },
    {
        "date": "2020-11-22T14:36:53.523Z",
        "value": "3.2534475615530303",
        "cumulative": false
    },
    {
        "date": "2020-11-22T14:37:28.901Z",
        "value": "3.21622677648362",
        "cumulative": false
    },
    {
        "date": "2020-11-22T14:38:08.582Z",
        "value": "3.1175513792976783",
        "cumulative": false
    },
    {
        "date": "2020-11-22T14:38:44.085Z",
        "value": "3.168123115120632",
        "cumulative": false
    },
    {
        "date": "2020-11-22T14:39:22.603Z",
        "value": "3.208584930427934",
        "cumulative": false
    },
    {
        "date": "2020-11-22T14:39:57.826Z",
        "value": "3.2132993798049543",
        "cumulative": false
    },
    {
        "date": "2020-11-22T14:40:36.889Z",
        "value": "3.2311827902652004",
        "cumulative": false
    },
    {
        "date": "2020-11-22T14:41:12.944Z",
        "value": "3.3898112423988795",
        "cumulative": false
    },
    {
        "date": "2020-11-22T14:41:50.899Z",
        "value": "3.1981566971801345",
        "cumulative": false
    },
    {
        "date": "2020-11-22T14:42:34.075Z",
        "value": "3.2033933215381993",
        "cumulative": false
    },
    {
        "date": "2020-11-22T14:43:15.066Z",
        "value": "3.2021696116607887",
        "cumulative": false
    },
    {
        "date": "2020-11-22T14:43:51.205Z",
        "value": "3.0809536821243877",
        "cumulative": false
    },
    {
        "date": "2020-11-22T14:44:27.960Z",
        "value": "3.1853751421237595",
        "cumulative": false
    },
    {
        "date": "2020-11-22T14:45:05.378Z",
        "value": "3.3241724081911492",
        "cumulative": false
    },
    {
        "date": "2020-11-22T14:45:44.852Z",
        "value": "3.1649066426746755",
        "cumulative": false
    },
    {
        "date": "2020-11-22T14:46:20.874Z",
        "value": "3.2088266305791713",
        "cumulative": false
    },
    {
        "date": "2020-11-22T14:46:58.702Z",
        "value": "3.3964306982434533",
        "cumulative": false
    },
    {
        "date": "2020-11-22T14:47:36.225Z",
        "value": "3.3649606805098684",
        "cumulative": false
    },
    {
        "date": "2020-11-22T14:48:14.593Z",
        "value": "3.3113532395722634",
        "cumulative": false
    },
    {
        "date": "2020-11-22T14:48:49.458Z",
        "value": "3.3713313705489614",
        "cumulative": false
    },
    {
        "date": "2020-11-22T14:49:26.947Z",
        "value": "3.2433690691110657",
        "cumulative": false
    },
    {
        "date": "2020-11-22T14:50:04.570Z",
        "value": "3.3638730810243938",
        "cumulative": false
    },
    {
        "date": "2020-11-22T14:50:41.909Z",
        "value": "3.375979458748989",
        "cumulative": false
    },
    {
        "date": "2020-11-22T14:51:16.913Z",
        "value": "3.1985204769510855",
        "cumulative": false
    },
    {
        "date": "2020-11-22T14:51:57.009Z",
        "value": "3.3379767922794117",
        "cumulative": false
    },
    {
        "date": "2020-11-22T14:52:12.532Z",
        "value": "3.1535959243774414",
        "cumulative": false
    },
    {
        "date": "2020-11-22T14:52:32.358Z",
        "value": "2.591479965828924",
        "cumulative": false
    },
    {
        "date": "2020-11-22T14:53:09.341Z",
        "value": "3.145618316865187",
        "cumulative": false
    },
    {
        "date": "2020-11-22T14:53:43.586Z",
        "value": "3.2530616333924103",
        "cumulative": false
    },
    {
        "date": "2020-11-22T14:54:21.242Z",
        "value": "3.2076015423126614",
        "cumulative": false
    },
    {
        "date": "2020-11-22T14:54:56.271Z",
        "value": "3.0475640824986088",
        "cumulative": false
    },
    {
        "date": "2020-11-22T14:55:33.750Z",
        "value": "3.262533465734429",
        "cumulative": false
    },
    {
        "date": "2020-11-22T14:56:09.119Z",
        "value": "3.301111539121763",
        "cumulative": false
    },
    {
        "date": "2020-11-22T14:56:46.712Z",
        "value": "3.1660549794001867",
        "cumulative": false
    },
    {
        "date": "2020-11-22T14:57:23.137Z",
        "value": "3.139281073307329",
        "cumulative": false
    },
    {
        "date": "2020-11-22T14:58:01.568Z",
        "value": "2.9980771006260554",
        "cumulative": false
    },
    {
        "date": "2020-11-22T14:58:37.929Z",
        "value": "3.2616423632704534",
        "cumulative": false
    },
    {
        "date": "2020-11-22T14:59:16.467Z",
        "value": "3.2786178067232212",
        "cumulative": false
    },
    {
        "date": "2020-11-22T14:59:53.698Z",
        "value": "3.141341342225993",
        "cumulative": false
    },
    {
        "date": "2020-11-22T15:00:30.853Z",
        "value": "3.385138247193409",
        "cumulative": false
    },
    {
        "date": "2020-11-22T15:01:07.317Z",
        "value": "3.0974620456560285",
        "cumulative": false
    },
    {
        "date": "2020-11-22T15:01:43.938Z",
        "value": "3.3127060901749665",
        "cumulative": false
    },
    {
        "date": "2020-11-22T15:02:20.070Z",
        "value": "3.1584495116915248",
        "cumulative": false
    },
    {
        "date": "2020-11-22T15:02:58.511Z",
        "value": "2.9425245271033313",
        "cumulative": false
    },
    {
        "date": "2020-11-22T15:03:34.270Z",
        "value": "3.3489245698898125",
        "cumulative": false
    },
    {
        "date": "2020-11-22T15:04:11.800Z",
        "value": "3.0704705563583814",
        "cumulative": false
    },
    {
        "date": "2020-11-22T15:04:47.356Z",
        "value": "3.001004971590909",
        "cumulative": false
    },
    {
        "date": "2020-11-22T15:05:23.896Z",
        "value": "3.040226813856919",
        "cumulative": false
    },
    {
        "date": "2020-11-22T15:06:01.068Z",
        "value": "3.182185746085089",
        "cumulative": false
    },
    {
        "date": "2020-11-22T15:06:38.336Z",
        "value": "3.084089346630465",
        "cumulative": false
    },
    {
        "date": "2020-11-22T15:07:15.283Z",
        "value": "3.2559710584815322",
        "cumulative": false
    },
    {
        "date": "2020-11-22T15:07:53.006Z",
        "value": "3.155962674268231",
        "cumulative": false
    },
    {
        "date": "2020-11-22T15:08:28.816Z",
        "value": "3.1867616918412742",
        "cumulative": false
    },
    {
        "date": "2020-11-22T15:09:06.517Z",
        "value": "3.3088177849264704",
        "cumulative": false
    },
    {
        "date": "2020-11-22T15:09:43.606Z",
        "value": "3.2019479440107763",
        "cumulative": false
    },
    {
        "date": "2020-11-22T15:10:22.043Z",
        "value": "3.131943111435299",
        "cumulative": false
    },
    {
        "date": "2020-11-22T15:10:58.138Z",
        "value": "3.032934596257306",
        "cumulative": false
    },
    {
        "date": "2020-11-22T15:11:35.661Z",
        "value": "3.193871601286021",
        "cumulative": false
    },
    {
        "date": "2020-11-22T15:12:10.339Z",
        "value": "3.185086232311321",
        "cumulative": false
    },
    {
        "date": "2020-11-22T15:12:48.819Z",
        "value": "3.235483557482688",
        "cumulative": false
    },
    {
        "date": "2020-11-22T15:13:24.856Z",
        "value": "3.129275281515063",
        "cumulative": false
    },
    {
        "date": "2020-11-22T15:14:03.769Z",
        "value": "3.2320243892877056",
        "cumulative": false
    },
    {
        "date": "2020-11-22T15:14:40.394Z",
        "value": "3.1341084603979508",
        "cumulative": false
    },
    {
        "date": "2020-11-22T15:15:18.936Z",
        "value": "3.2459155664539776",
        "cumulative": false
    },
    {
        "date": "2020-11-22T15:15:55.521Z",
        "value": "2.9549981360838222",
        "cumulative": false
    },
    {
        "date": "2020-11-22T15:16:33.004Z",
        "value": "3.1297427828538105",
        "cumulative": false
    },
    {
        "date": "2020-11-22T15:17:09.300Z",
        "value": "3.0645434762549213",
        "cumulative": false
    },
    {
        "date": "2020-11-22T15:17:46.505Z",
        "value": "3.038918305768674",
        "cumulative": false
    },
    {
        "date": "2020-11-22T15:18:21.833Z",
        "value": "2.964551132823318",
        "cumulative": false
    },
    {
        "date": "2020-11-22T15:18:59.437Z",
        "value": "3.257941474662647",
        "cumulative": false
    },
    {
        "date": "2020-11-22T15:19:35.133Z",
        "value": "3.169902695376432",
        "cumulative": false
    },
    {
        "date": "2020-11-22T15:20:12.455Z",
        "value": "2.9725806382906215",
        "cumulative": false
    },
    {
        "date": "2020-11-22T15:20:47.924Z",
        "value": "3.1603031859222694",
        "cumulative": false
    },
    {
        "date": "2020-11-22T15:21:31.853Z",
        "value": "3.2088126595292117",
        "cumulative": false
    },
    {
        "date": "2020-11-22T15:22:06.922Z",
        "value": "2.9419714725378787",
        "cumulative": false
    },
    {
        "date": "2020-11-22T15:22:45.880Z",
        "value": "3.0390043277877696",
        "cumulative": false
    },
    {
        "date": "2020-11-22T15:23:21.287Z",
        "value": "3.108089026358257",
        "cumulative": false
    },
    {
        "date": "2020-11-22T15:24:00.094Z",
        "value": "3.090642164613848",
        "cumulative": false
    },
    {
        "date": "2020-11-22T15:24:35.970Z",
        "value": "3.1161322155004494",
        "cumulative": false
    },
    {
        "date": "2020-11-22T15:25:12.633Z",
        "value": "3.084636921965318",
        "cumulative": false
    },
    {
        "date": "2020-11-22T15:25:49.207Z",
        "value": "3.111331188943953",
        "cumulative": false
    },
    {
        "date": "2020-11-22T15:26:25.733Z",
        "value": "3.2161451571020514",
        "cumulative": false
    },
    {
        "date": "2020-11-22T15:27:01.078Z",
        "value": "3.154294746833288",
        "cumulative": false
    },
    {
        "date": "2020-11-22T15:27:40.186Z",
        "value": "3.031896765530925",
        "cumulative": false
    },
    {
        "date": "2020-11-22T15:28:14.283Z",
        "value": "2.999712342656166",
        "cumulative": false
    },
    {
        "date": "2020-11-22T15:28:51.579Z",
        "value": "3.091301475947522",
        "cumulative": false
    },
    {
        "date": "2020-11-22T15:29:29.176Z",
        "value": "2.990917661654874",
        "cumulative": false
    },
    {
        "date": "2020-11-22T15:30:06.686Z",
        "value": "3.0648627764662026",
        "cumulative": false
    },
    {
        "date": "2020-11-22T15:30:43.507Z",
        "value": "3.077088107137702",
        "cumulative": false
    },
    {
        "date": "2020-11-22T15:31:22.061Z",
        "value": "3.1654150102590406",
        "cumulative": false
    },
    {
        "date": "2020-11-22T15:31:58.029Z",
        "value": "3.0462287719500925",
        "cumulative": false
    },
    {
        "date": "2020-11-22T15:32:36.538Z",
        "value": "2.922633976571171",
        "cumulative": false
    },
    {
        "date": "2020-11-22T15:33:14.253Z",
        "value": "3.148676039189284",
        "cumulative": false
    },
    {
        "date": "2020-11-22T15:33:52.696Z",
        "value": "3.094085483009374",
        "cumulative": false
    },
    {
        "date": "2020-11-22T15:34:29.312Z",
        "value": "3.241928084404825",
        "cumulative": false
    },
    {
        "date": "2020-11-22T15:35:07.665Z",
        "value": "3.0679004087047077",
        "cumulative": false
    },
    {
        "date": "2020-11-22T15:35:43.949Z",
        "value": "3.215707745549185",
        "cumulative": false
    },
    {
        "date": "2020-11-22T15:36:22.825Z",
        "value": "3.0263515909568506",
        "cumulative": false
    },
    {
        "date": "2020-11-22T15:36:57.988Z",
        "value": "3.323021936855311",
        "cumulative": false
    },
    {
        "date": "2020-11-22T15:37:34.301Z",
        "value": "3.128272341008772",
        "cumulative": false
    },
    {
        "date": "2020-11-22T15:38:09.339Z",
        "value": "3.0352326696355023",
        "cumulative": false
    },
    {
        "date": "2020-11-22T15:38:46.023Z",
        "value": "3.163637402141563",
        "cumulative": false
    },
    {
        "date": "2020-11-22T15:39:22.935Z",
        "value": "3.0435646450146043",
        "cumulative": false
    },
    {
        "date": "2020-11-22T15:40:00.282Z",
        "value": "3.1205053337719932",
        "cumulative": false
    },
    {
        "date": "2020-11-22T15:40:36.637Z",
        "value": "3.304988485920426",
        "cumulative": false
    },
    {
        "date": "2020-11-22T15:41:16.721Z",
        "value": "2.9981306308124513",
        "cumulative": false
    },
    {
        "date": "2020-11-22T15:41:52.972Z",
        "value": "3.2895272559221094",
        "cumulative": false
    },
    {
        "date": "2020-11-22T15:42:30.955Z",
        "value": "3.077276029959258",
        "cumulative": false
    },
    {
        "date": "2020-11-22T15:43:06.460Z",
        "value": "3.1850995899789347",
        "cumulative": false
    },
    {
        "date": "2020-11-22T15:43:43.537Z",
        "value": "2.982064968625569",
        "cumulative": false
    },
    {
        "date": "2020-11-22T15:44:20.656Z",
        "value": "2.97398173450912",
        "cumulative": false
    },
    {
        "date": "2020-11-22T15:44:57.991Z",
        "value": "3.1929189342822433",
        "cumulative": false
    },
    {
        "date": "2020-11-22T15:45:34.099Z",
        "value": "3.082806693412162",
        "cumulative": false
    },
    {
        "date": "2020-11-22T15:46:12.679Z",
        "value": "3.108781445856546",
        "cumulative": false
    },
    {
        "date": "2020-11-22T15:46:49.068Z",
        "value": "3.1044646355799372",
        "cumulative": false
    },
    {
        "date": "2020-11-22T15:47:26.464Z",
        "value": "3.1171185388290135",
        "cumulative": false
    },
    {
        "date": "2020-11-22T15:48:01.405Z",
        "value": "3.151444017992664",
        "cumulative": false
    },
    {
        "date": "2020-11-22T15:48:38.533Z",
        "value": "2.9297250078277206",
        "cumulative": false
    },
    {
        "date": "2020-11-22T15:49:13.901Z",
        "value": "3.025731642900101",
        "cumulative": false
    },
    {
        "date": "2020-11-22T15:49:51.431Z",
        "value": "3.1942875",
        "cumulative": false
    },
    {
        "date": "2020-11-22T15:50:33.766Z",
        "value": "3.1521742868680773",
        "cumulative": false
    },
    {
        "date": "2020-11-22T15:51:09.837Z",
        "value": "2.9785812491393555",
        "cumulative": false
    },
    {
        "date": "2020-11-22T15:51:47.768Z",
        "value": "2.961088046139659",
        "cumulative": false
    },
    {
        "date": "2020-11-22T15:52:24.682Z",
        "value": "3.2348930513939553",
        "cumulative": false
    },
    {
        "date": "2020-11-22T15:53:00.391Z",
        "value": "3.252816245719178",
        "cumulative": false
    },
    {
        "date": "2020-11-22T15:53:37.694Z",
        "value": "3.14632165682585",
        "cumulative": false
    },
    {
        "date": "2020-11-22T15:54:13.967Z",
        "value": "3.0832885139536477",
        "cumulative": false
    },
    {
        "date": "2020-11-22T15:54:50.089Z",
        "value": "3.15084259647651",
        "cumulative": false
    },
    {
        "date": "2020-11-22T15:55:27.855Z",
        "value": "3.035052286449781",
        "cumulative": false
    },
    {
        "date": "2020-11-22T15:56:07.240Z",
        "value": "3.167901606251733",
        "cumulative": false
    },
    {
        "date": "2020-11-22T15:56:44.085Z",
        "value": "3.0619643753585772",
        "cumulative": false
    },
    {
        "date": "2020-11-22T15:57:20.891Z",
        "value": "3.10146468971806",
        "cumulative": false
    },
    {
        "date": "2020-11-22T15:57:57.247Z",
        "value": "3.0531076667334935",
        "cumulative": false
    },
    {
        "date": "2020-11-22T15:58:34.789Z",
        "value": "3.040831096958241",
        "cumulative": false
    },
    {
        "date": "2020-11-22T15:59:11.080Z",
        "value": "3.2138671875",
        "cumulative": false
    },
    {
        "date": "2020-11-22T15:59:47.593Z",
        "value": "3.0009578459695603",
        "cumulative": false
    },
    {
        "date": "2020-11-22T16:00:25.036Z",
        "value": "3.0931529445470716",
        "cumulative": false
    },
    {
        "date": "2020-11-22T16:01:03.428Z",
        "value": "3.2280174066071927",
        "cumulative": false
    },
    {
        "date": "2020-11-22T16:01:39.935Z",
        "value": "3.0218423532134358",
        "cumulative": false
    },
    {
        "date": "2020-11-22T16:02:17.562Z",
        "value": "3.226176393270242",
        "cumulative": false
    },
    {
        "date": "2020-11-22T16:02:53.133Z",
        "value": "3.1130631746960593",
        "cumulative": false
    },
    {
        "date": "2020-11-22T16:03:31.895Z",
        "value": "3.0023565412468516",
        "cumulative": false
    },
    {
        "date": "2020-11-22T16:04:08.581Z",
        "value": "3.089603289886935",
        "cumulative": false
    },
    {
        "date": "2020-11-22T16:04:46.309Z",
        "value": "3.0190665176192377",
        "cumulative": false
    },
    {
        "date": "2020-11-22T16:05:22.565Z",
        "value": "3.260511000201993",
        "cumulative": false
    },
    {
        "date": "2020-11-22T16:06:01.394Z",
        "value": "3.124356518707594",
        "cumulative": false
    },
    {
        "date": "2020-11-22T16:06:37.262Z",
        "value": "3.0575558727431957",
        "cumulative": false
    },
    {
        "date": "2020-11-22T16:07:14.809Z",
        "value": "3.2488647991813764",
        "cumulative": false
    },
    {
        "date": "2020-11-22T16:07:50.108Z",
        "value": "3.1526754332544544",
        "cumulative": false
    },
    {
        "date": "2020-11-22T16:08:28.334Z",
        "value": "2.9284774941070437",
        "cumulative": false
    },
    {
        "date": "2020-11-22T16:09:02.211Z",
        "value": "3.083278947212035",
        "cumulative": false
    },
    {
        "date": "2020-11-22T16:09:39.804Z",
        "value": "3.1284783529115017",
        "cumulative": false
    },
    {
        "date": "2020-11-22T16:10:16.069Z",
        "value": "3.228613717788588",
        "cumulative": false
    },
    {
        "date": "2020-11-22T16:10:53.490Z",
        "value": "3.121678344791116",
        "cumulative": false
    },
    {
        "date": "2020-11-22T16:11:30.355Z",
        "value": "2.9264807399864825",
        "cumulative": false
    },
    {
        "date": "2020-11-22T16:12:07.703Z",
        "value": "3.197339038838561",
        "cumulative": false
    },
    {
        "date": "2020-11-22T16:12:44.073Z",
        "value": "3.0369852090598175",
        "cumulative": false
    },
    {
        "date": "2020-11-22T16:13:20.939Z",
        "value": "3.131254456211742",
        "cumulative": false
    },
    {
        "date": "2020-11-22T16:13:55.980Z",
        "value": "3.0770924461641993",
        "cumulative": false
    },
    {
        "date": "2020-11-22T16:14:34.267Z",
        "value": "3.0585471266537243",
        "cumulative": false
    },
    {
        "date": "2020-11-22T16:15:10.352Z",
        "value": "3.0425928347280333",
        "cumulative": false
    },
    {
        "date": "2020-11-22T16:15:48.278Z",
        "value": "3.100263594417328",
        "cumulative": false
    },
    {
        "date": "2020-11-22T16:16:22.481Z",
        "value": "3.185786021171781",
        "cumulative": false
    },
    {
        "date": "2020-11-22T16:17:01.903Z",
        "value": "3.173265594085642",
        "cumulative": false
    },
    {
        "date": "2020-11-22T16:17:37.530Z",
        "value": "3.0031860009628852",
        "cumulative": false
    },
    {
        "date": "2020-11-22T16:18:14.251Z",
        "value": "3.107387402035037",
        "cumulative": false
    },
    {
        "date": "2020-11-22T16:18:56.566Z",
        "value": "3.2435667527389125",
        "cumulative": false
    },
    {
        "date": "2020-11-22T16:19:35.123Z",
        "value": "3.161227375338012",
        "cumulative": false
    },
    {
        "date": "2020-11-22T16:20:08.403Z",
        "value": "2.9163684048949863",
        "cumulative": false
    },
    {
        "date": "2020-11-22T16:20:47.323Z",
        "value": "3.300987222479186",
        "cumulative": false
    },
    {
        "date": "2020-11-22T16:21:23.933Z",
        "value": "3.016006928145118",
        "cumulative": false
    },
    {
        "date": "2020-11-22T16:22:02.847Z",
        "value": "3.161648861275153",
        "cumulative": false
    },
    {
        "date": "2020-11-22T16:22:39.135Z",
        "value": "2.908123405612245",
        "cumulative": false
    },
    {
        "date": "2020-11-22T16:23:16.458Z",
        "value": "3.1037174098440548",
        "cumulative": false
    },
    {
        "date": "2020-11-22T16:23:51.794Z",
        "value": "3.180159527596286",
        "cumulative": false
    },
    {
        "date": "2020-11-22T16:24:30.841Z",
        "value": "3.0161525303892636",
        "cumulative": false
    },
    {
        "date": "2020-11-22T16:25:07.131Z",
        "value": "3.19365234375",
        "cumulative": false
    },
    {
        "date": "2020-11-22T16:25:45.700Z",
        "value": "2.955976585989176",
        "cumulative": false
    },
    {
        "date": "2020-11-22T16:26:21.058Z",
        "value": "3.0046639876880983",
        "cumulative": false
    },
    {
        "date": "2020-11-22T16:26:59.388Z",
        "value": "3.2302985529240766",
        "cumulative": false
    },
    {
        "date": "2020-11-22T16:27:37.442Z",
        "value": "3.2377064809972107",
        "cumulative": false
    },
    {
        "date": "2020-11-22T16:28:14.802Z",
        "value": "3.2011259770811207",
        "cumulative": false
    },
    {
        "date": "2020-11-22T16:28:30.024Z",
        "value": "3.0642759799957275",
        "cumulative": false
    },
    {
        "date": "2020-11-22T16:28:50.392Z",
        "value": "2.4791430135213877",
        "cumulative": false
    },
    {
        "date": "2020-11-22T16:29:26.906Z",
        "value": "3.118009617017663",
        "cumulative": false
    },
    {
        "date": "2020-11-22T16:30:03.653Z",
        "value": "3.012644795988935",
        "cumulative": false
    },
    {
        "date": "2020-11-22T16:30:42.518Z",
        "value": "2.829342396479966",
        "cumulative": false
    },
    {
        "date": "2020-11-22T16:31:18.719Z",
        "value": "2.880140453060523",
        "cumulative": false
    },
    {
        "date": "2020-11-22T16:31:56.269Z",
        "value": "2.7351546358471075",
        "cumulative": false
    },
    {
        "date": "2020-11-22T16:32:32.206Z",
        "value": "3.0032231579088187",
        "cumulative": false
    },
    {
        "date": "2020-11-22T16:33:09.749Z",
        "value": "2.8775848419907883",
        "cumulative": false
    },
    {
        "date": "2020-11-22T16:33:45.955Z",
        "value": "3.0008863980484524",
        "cumulative": false
    },
    {
        "date": "2020-11-22T16:34:23.991Z",
        "value": "3.1657176258048714",
        "cumulative": false
    },
    {
        "date": "2020-11-22T16:34:59.781Z",
        "value": "3.0043791925719896",
        "cumulative": false
    },
    {
        "date": "2020-11-22T16:35:37.621Z",
        "value": "3.0461717552987744",
        "cumulative": false
    },
    {
        "date": "2020-11-22T16:36:12.289Z",
        "value": "2.8852886602410397",
        "cumulative": false
    },
    {
        "date": "2020-11-22T16:36:52.217Z",
        "value": "2.986624453609701",
        "cumulative": false
    },
    {
        "date": "2020-11-22T16:37:27.141Z",
        "value": "2.770609906568165",
        "cumulative": false
    },
    {
        "date": "2020-11-22T16:38:06.450Z",
        "value": "3.0101448752663353",
        "cumulative": false
    },
    {
        "date": "2020-11-22T16:38:41.243Z",
        "value": "2.859032818651575",
        "cumulative": false
    },
    {
        "date": "2020-11-22T16:39:20.031Z",
        "value": "3.1305029169386422",
        "cumulative": false
    },
    {
        "date": "2020-11-22T16:39:56.337Z",
        "value": "2.9923363070243214",
        "cumulative": false
    },
    {
        "date": "2020-11-22T16:40:34.717Z",
        "value": "2.9502325498455964",
        "cumulative": false
    },
    {
        "date": "2020-11-22T16:41:10.572Z",
        "value": "2.9474750070901874",
        "cumulative": false
    },
    {
        "date": "2020-11-22T16:41:51.378Z",
        "value": "2.782785048970113",
        "cumulative": false
    },
    {
        "date": "2020-11-22T16:42:26.809Z",
        "value": "3.160357947911261",
        "cumulative": false
    },
    {
        "date": "2020-11-22T16:43:05.808Z",
        "value": "2.9574776461180576",
        "cumulative": false
    },
    {
        "date": "2020-11-22T16:43:40.676Z",
        "value": "2.973273104926077",
        "cumulative": false
    },
    {
        "date": "2020-11-22T16:44:16.434Z",
        "value": "2.870969706264434",
        "cumulative": false
    },
    {
        "date": "2020-11-22T16:44:52.194Z",
        "value": "3.0400867881894826",
        "cumulative": false
    },
    {
        "date": "2020-11-22T16:45:31.224Z",
        "value": "3.045022695291049",
        "cumulative": false
    },
    {
        "date": "2020-11-22T16:46:06.604Z",
        "value": "2.9816675275482094",
        "cumulative": false
    },
    {
        "date": "2020-11-22T16:46:43.007Z",
        "value": "2.9888325771287194",
        "cumulative": false
    },
    {
        "date": "2020-11-22T16:47:18.294Z",
        "value": "2.7963679498078062",
        "cumulative": false
    },
    {
        "date": "2020-11-22T16:47:55.808Z",
        "value": "3.133820379309193",
        "cumulative": false
    },
    {
        "date": "2020-11-22T16:48:32.611Z",
        "value": "3.0236953752870264",
        "cumulative": false
    },
    {
        "date": "2020-11-22T16:49:10.827Z",
        "value": "3.1580792091320196",
        "cumulative": false
    },
    {
        "date": "2020-11-22T16:49:46.465Z",
        "value": "2.995147917536898",
        "cumulative": false
    },
    {
        "date": "2020-11-22T16:50:25.699Z",
        "value": "2.8357729630212707",
        "cumulative": false
    },
    {
        "date": "2020-11-22T16:51:02.859Z",
        "value": "2.8912085153607667",
        "cumulative": false
    },
    {
        "date": "2020-11-22T16:51:40.940Z",
        "value": "3.053003996625964",
        "cumulative": false
    },
    {
        "date": "2020-11-22T16:52:16.589Z",
        "value": "2.84973270376933",
        "cumulative": false
    },
    {
        "date": "2020-11-22T16:52:58.186Z",
        "value": "2.904551676787664",
        "cumulative": false
    },
    {
        "date": "2020-11-22T16:53:34.871Z",
        "value": "3.1344744259678747",
        "cumulative": false
    },
    {
        "date": "2020-11-22T16:54:11.435Z",
        "value": "3.248235141276776",
        "cumulative": false
    },
    {
        "date": "2020-11-22T16:54:47.627Z",
        "value": "2.994514567591984",
        "cumulative": false
    },
    {
        "date": "2020-11-22T16:55:24.441Z",
        "value": "3.1871916837073546",
        "cumulative": false
    },
    {
        "date": "2020-11-22T16:56:02.414Z",
        "value": "2.956489088474491",
        "cumulative": false
    },
    {
        "date": "2020-11-22T16:56:40.981Z",
        "value": "3.2599206602905073",
        "cumulative": false
    },
    {
        "date": "2020-11-22T16:57:17.523Z",
        "value": "3.0650618533751697",
        "cumulative": false
    }
]