[
    {
        "date": "2020-11-22T11:38:28.806Z",
        "value": "1159.1840312480927",
        "cumulative": false
    },
    {
        "date": "2020-11-22T13:15:35.425Z",
        "value": "1162.4975817203522",
        "cumulative": false
    },
    {
        "date": "2020-11-22T14:52:31.842Z",
        "value": "1162.742026567459",
        "cumulative": false
    },
    {
        "date": "2020-11-22T16:28:49.047Z",
        "value": "1160.8835587501526",
        "cumulative": false
    },
    {
        "date": "2020-11-22T16:58:16.627Z",
        "value": "348.5965402126312",
        "cumulative": false
    }
]