[
    {
        "date": "2020-11-22T11:38:28.132Z",
        "value": "5811.669315099716",
        "cumulative": false
    },
    {
        "date": "2020-11-22T13:15:35.182Z",
        "value": "5779.650270938873",
        "cumulative": false
    },
    {
        "date": "2020-11-22T14:52:32.009Z",
        "value": "5770.136279582977",
        "cumulative": false
    },
    {
        "date": "2020-11-22T16:28:49.689Z",
        "value": "5730.739025592804",
        "cumulative": false
    },
    {
        "date": "2020-11-22T16:58:17.484Z",
        "value": "1727.5477921962738",
        "cumulative": false
    }
]