[
    {
        "date": "2020-11-22T11:38:28.132Z",
        "value": "108.69121932983398",
        "cumulative": false
    },
    {
        "date": "2020-11-22T13:15:35.182Z",
        "value": "108.91041803359985",
        "cumulative": false
    },
    {
        "date": "2020-11-22T14:52:32.009Z",
        "value": "108.93617844581604",
        "cumulative": false
    },
    {
        "date": "2020-11-22T16:28:49.689Z",
        "value": "108.8798279762268",
        "cumulative": false
    },
    {
        "date": "2020-11-22T16:58:17.484Z",
        "value": "32.6805784702301",
        "cumulative": false
    }
]