[
    {
        "date": "2020-11-22T10:01:02.276Z",
        "value": "6.877264492753623",
        "cumulative": false
    },
    {
        "date": "2020-11-22T10:01:47.795Z",
        "value": "9.583969636351808",
        "cumulative": false
    },
    {
        "date": "2020-11-22T10:02:25.742Z",
        "value": "9.019567874363782",
        "cumulative": false
    },
    {
        "date": "2020-11-22T10:03:03.351Z",
        "value": "8.849122441848426",
        "cumulative": false
    },
    {
        "date": "2020-11-22T10:03:41.725Z",
        "value": "8.437154512938116",
        "cumulative": false
    },
    {
        "date": "2020-11-22T10:04:19.444Z",
        "value": "8.372251308900523",
        "cumulative": false
    },
    {
        "date": "2020-11-22T10:04:55.342Z",
        "value": "8.056121055825242",
        "cumulative": false
    },
    {
        "date": "2020-11-22T10:05:33.634Z",
        "value": "7.989576717419665",
        "cumulative": false
    },
    {
        "date": "2020-11-22T10:06:09.933Z",
        "value": "7.88453775141692",
        "cumulative": false
    },
    {
        "date": "2020-11-22T10:06:47.368Z",
        "value": "7.751267739392202",
        "cumulative": false
    },
    {
        "date": "2020-11-22T10:07:25.292Z",
        "value": "7.690162442706929",
        "cumulative": false
    },
    {
        "date": "2020-11-22T10:08:04.126Z",
        "value": "7.730205430599788",
        "cumulative": false
    },
    {
        "date": "2020-11-22T10:08:39.214Z",
        "value": "7.476846026490066",
        "cumulative": false
    },
    {
        "date": "2020-11-22T10:09:17.717Z",
        "value": "7.454677303179673",
        "cumulative": false
    },
    {
        "date": "2020-11-22T10:09:55.309Z",
        "value": "7.414747240194771",
        "cumulative": false
    },
    {
        "date": "2020-11-22T10:10:32.443Z",
        "value": "7.0039819734838",
        "cumulative": false
    },
    {
        "date": "2020-11-22T10:11:09.459Z",
        "value": "7.02806097320725",
        "cumulative": false
    },
    {
        "date": "2020-11-22T10:11:48.114Z",
        "value": "6.629494847172883",
        "cumulative": false
    },
    {
        "date": "2020-11-22T10:12:25.646Z",
        "value": "6.5897205046791445",
        "cumulative": false
    },
    {
        "date": "2020-11-22T10:13:03.136Z",
        "value": "6.386084011547023",
        "cumulative": false
    },
    {
        "date": "2020-11-22T10:13:39.932Z",
        "value": "6.2040458507611085",
        "cumulative": false
    },
    {
        "date": "2020-11-22T10:14:17.693Z",
        "value": "5.914660865966024",
        "cumulative": false
    },
    {
        "date": "2020-11-22T10:14:54.177Z",
        "value": "5.943777523712737",
        "cumulative": false
    },
    {
        "date": "2020-11-22T10:15:31.445Z",
        "value": "5.868361304263062",
        "cumulative": false
    },
    {
        "date": "2020-11-22T10:16:07.757Z",
        "value": "5.822363518088117",
        "cumulative": false
    },
    {
        "date": "2020-11-22T10:16:45.861Z",
        "value": "5.585198988449546",
        "cumulative": false
    },
    {
        "date": "2020-11-22T10:17:21.378Z",
        "value": "5.309757505773672",
        "cumulative": false
    },
    {
        "date": "2020-11-22T10:17:58.945Z",
        "value": "5.190002604166667",
        "cumulative": false
    },
    {
        "date": "2020-11-22T10:18:35.601Z",
        "value": "5.144803633449105",
        "cumulative": false
    },
    {
        "date": "2020-11-22T10:19:15.348Z",
        "value": "5.114303616545738",
        "cumulative": false
    },
    {
        "date": "2020-11-22T10:19:51.014Z",
        "value": "4.762343912379839",
        "cumulative": false
    },
    {
        "date": "2020-11-22T10:20:29.152Z",
        "value": "4.71325722101735",
        "cumulative": false
    },
    {
        "date": "2020-11-22T10:21:05.709Z",
        "value": "4.852289447869955",
        "cumulative": false
    },
    {
        "date": "2020-11-22T10:21:44.102Z",
        "value": "4.545371473281016",
        "cumulative": false
    },
    {
        "date": "2020-11-22T10:22:20.853Z",
        "value": "4.544136002218935",
        "cumulative": false
    },
    {
        "date": "2020-11-22T10:23:00.159Z",
        "value": "4.50688847409019",
        "cumulative": false
    },
    {
        "date": "2020-11-22T10:23:36.734Z",
        "value": "4.520205878847725",
        "cumulative": false
    },
    {
        "date": "2020-11-22T10:24:16.687Z",
        "value": "4.190205788652707",
        "cumulative": false
    },
    {
        "date": "2020-11-22T10:24:53.350Z",
        "value": "4.26470404917469",
        "cumulative": false
    },
    {
        "date": "2020-11-22T10:25:32.147Z",
        "value": "4.0835260967419265",
        "cumulative": false
    },
    {
        "date": "2020-11-22T10:26:07.937Z",
        "value": "4.4838411740780915",
        "cumulative": false
    },
    {
        "date": "2020-11-22T10:26:46.706Z",
        "value": "4.0998743143403376",
        "cumulative": false
    },
    {
        "date": "2020-11-22T10:27:23.951Z",
        "value": "4.26085561334831",
        "cumulative": false
    },
    {
        "date": "2020-11-22T10:28:00.046Z",
        "value": "4.046498978314898",
        "cumulative": false
    },
    {
        "date": "2020-11-22T10:28:35.383Z",
        "value": "4.048670579809835",
        "cumulative": false
    },
    {
        "date": "2020-11-22T10:29:12.425Z",
        "value": "3.957233708079268",
        "cumulative": false
    },
    {
        "date": "2020-11-22T10:29:49.529Z",
        "value": "3.9375668219049",
        "cumulative": false
    },
    {
        "date": "2020-11-22T10:30:34.842Z",
        "value": "3.9145934387877745",
        "cumulative": false
    },
    {
        "date": "2020-11-22T10:31:11.727Z",
        "value": "3.9982116932519847",
        "cumulative": false
    },
    {
        "date": "2020-11-22T10:31:50.162Z",
        "value": "4.165324503420153",
        "cumulative": false
    },
    {
        "date": "2020-11-22T10:32:26.368Z",
        "value": "4.062540981905711",
        "cumulative": false
    },
    {
        "date": "2020-11-22T10:33:04.705Z",
        "value": "3.966120021926697",
        "cumulative": false
    },
    {
        "date": "2020-11-22T10:33:40.643Z",
        "value": "3.9626463474481213",
        "cumulative": false
    },
    {
        "date": "2020-11-22T10:34:19.955Z",
        "value": "3.863668787926898",
        "cumulative": false
    },
    {
        "date": "2020-11-22T10:34:54.155Z",
        "value": "4.085475060933148",
        "cumulative": false
    },
    {
        "date": "2020-11-22T10:35:31.985Z",
        "value": "3.887764177994902",
        "cumulative": false
    },
    {
        "date": "2020-11-22T10:36:08.108Z",
        "value": "3.968851005660504",
        "cumulative": false
    },
    {
        "date": "2020-11-22T10:36:46.291Z",
        "value": "3.8813173731647916",
        "cumulative": false
    },
    {
        "date": "2020-11-22T10:37:23.231Z",
        "value": "3.8541745334201387",
        "cumulative": false
    },
    {
        "date": "2020-11-22T10:38:01.828Z",
        "value": "4.094974599700743",
        "cumulative": false
    },
    {
        "date": "2020-11-22T10:38:40.559Z",
        "value": "4.0279567356938",
        "cumulative": false
    },
    {
        "date": "2020-11-22T10:39:19.101Z",
        "value": "3.761740004262188",
        "cumulative": false
    },
    {
        "date": "2020-11-22T10:39:54.922Z",
        "value": "3.8084736105008785",
        "cumulative": false
    },
    {
        "date": "2020-11-22T10:40:33.155Z",
        "value": "3.8435056504101284",
        "cumulative": false
    },
    {
        "date": "2020-11-22T10:41:09.384Z",
        "value": "3.7882380000489047",
        "cumulative": false
    },
    {
        "date": "2020-11-22T10:41:46.702Z",
        "value": "3.8640809329966093",
        "cumulative": false
    },
    {
        "date": "2020-11-22T10:42:23.994Z",
        "value": "3.968299099828716",
        "cumulative": false
    },
    {
        "date": "2020-11-22T10:43:03.583Z",
        "value": "3.8032340305220464",
        "cumulative": false
    },
    {
        "date": "2020-11-22T10:43:40.047Z",
        "value": "3.8344192460959987",
        "cumulative": false
    },
    {
        "date": "2020-11-22T10:44:18.408Z",
        "value": "3.8752009867974477",
        "cumulative": false
    },
    {
        "date": "2020-11-22T10:44:55.729Z",
        "value": "3.8161563369262863",
        "cumulative": false
    },
    {
        "date": "2020-11-22T10:45:34.967Z",
        "value": "3.6214334002851976",
        "cumulative": false
    },
    {
        "date": "2020-11-22T10:46:11.040Z",
        "value": "3.7203305988843094",
        "cumulative": false
    },
    {
        "date": "2020-11-22T10:46:49.114Z",
        "value": "3.8522413870491543",
        "cumulative": false
    },
    {
        "date": "2020-11-22T10:47:23.975Z",
        "value": "3.7850376391700404",
        "cumulative": false
    },
    {
        "date": "2020-11-22T10:48:02.004Z",
        "value": "3.703326499859826",
        "cumulative": false
    },
    {
        "date": "2020-11-22T10:48:38.246Z",
        "value": "3.7691492567080704",
        "cumulative": false
    },
    {
        "date": "2020-11-22T10:49:15.362Z",
        "value": "3.751355229591837",
        "cumulative": false
    },
    {
        "date": "2020-11-22T10:49:53.396Z",
        "value": "3.804285370143114",
        "cumulative": false
    },
    {
        "date": "2020-11-22T10:50:32.360Z",
        "value": "3.9963178087008537",
        "cumulative": false
    },
    {
        "date": "2020-11-22T10:51:10.647Z",
        "value": "3.920040747785054",
        "cumulative": false
    },
    {
        "date": "2020-11-22T10:51:47.798Z",
        "value": "3.817175154380178",
        "cumulative": false
    },
    {
        "date": "2020-11-22T10:52:24.485Z",
        "value": "3.7328880940963343",
        "cumulative": false
    },
    {
        "date": "2020-11-22T10:53:04.354Z",
        "value": "3.5918378071761765",
        "cumulative": false
    },
    {
        "date": "2020-11-22T10:53:40.832Z",
        "value": "3.8103085073417238",
        "cumulative": false
    },
    {
        "date": "2020-11-22T10:54:19.087Z",
        "value": "3.4402308412011773",
        "cumulative": false
    },
    {
        "date": "2020-11-22T10:54:54.170Z",
        "value": "3.6949201164181202",
        "cumulative": false
    },
    {
        "date": "2020-11-22T10:55:31.536Z",
        "value": "3.8343591312025582",
        "cumulative": false
    },
    {
        "date": "2020-11-22T10:56:07.027Z",
        "value": "3.5410438052015913",
        "cumulative": false
    },
    {
        "date": "2020-11-22T10:56:46.220Z",
        "value": "3.695264685337946",
        "cumulative": false
    },
    {
        "date": "2020-11-22T10:57:23.103Z",
        "value": "3.5781628531651144",
        "cumulative": false
    },
    {
        "date": "2020-11-22T10:58:00.822Z",
        "value": "3.6367168178526",
        "cumulative": false
    },
    {
        "date": "2020-11-22T10:58:36.963Z",
        "value": "3.694314378695795",
        "cumulative": false
    },
    {
        "date": "2020-11-22T10:59:14.753Z",
        "value": "3.6548072806902003",
        "cumulative": false
    },
    {
        "date": "2020-11-22T10:59:56.207Z",
        "value": "3.5461153592777306",
        "cumulative": false
    },
    {
        "date": "2020-11-22T11:00:35.148Z",
        "value": "3.5551420594118475",
        "cumulative": false
    },
    {
        "date": "2020-11-22T11:01:12.464Z",
        "value": "3.6521106031841195",
        "cumulative": false
    },
    {
        "date": "2020-11-22T11:01:50.689Z",
        "value": "3.6501790970928685",
        "cumulative": false
    },
    {
        "date": "2020-11-22T11:02:26.968Z",
        "value": "3.6023073262485568",
        "cumulative": false
    },
    {
        "date": "2020-11-22T11:03:06.973Z",
        "value": "3.533153206550982",
        "cumulative": false
    },
    {
        "date": "2020-11-22T11:03:43.868Z",
        "value": "3.677382442044257",
        "cumulative": false
    },
    {
        "date": "2020-11-22T11:04:22.813Z",
        "value": "3.6799105767255544",
        "cumulative": false
    },
    {
        "date": "2020-11-22T11:04:59.922Z",
        "value": "3.7894713171086676",
        "cumulative": false
    },
    {
        "date": "2020-11-22T11:05:38.197Z",
        "value": "3.528422881253455",
        "cumulative": false
    },
    {
        "date": "2020-11-22T11:06:14.939Z",
        "value": "3.6396225158913103",
        "cumulative": false
    },
    {
        "date": "2020-11-22T11:06:53.479Z",
        "value": "3.5970665269155058",
        "cumulative": false
    },
    {
        "date": "2020-11-22T11:07:32.163Z",
        "value": "3.755884670574961",
        "cumulative": false
    },
    {
        "date": "2020-11-22T11:08:10.756Z",
        "value": "3.67118086549025",
        "cumulative": false
    },
    {
        "date": "2020-11-22T11:08:45.427Z",
        "value": "3.507883403728009",
        "cumulative": false
    },
    {
        "date": "2020-11-22T11:09:23.901Z",
        "value": "3.6468528838147987",
        "cumulative": false
    },
    {
        "date": "2020-11-22T11:09:59.169Z",
        "value": "3.700290959595045",
        "cumulative": false
    },
    {
        "date": "2020-11-22T11:10:38.156Z",
        "value": "3.7501297587189226",
        "cumulative": false
    },
    {
        "date": "2020-11-22T11:11:13.561Z",
        "value": "3.4496185471339778",
        "cumulative": false
    },
    {
        "date": "2020-11-22T11:11:51.548Z",
        "value": "3.617945329008188",
        "cumulative": false
    },
    {
        "date": "2020-11-22T11:12:29.360Z",
        "value": "3.4333334448130706",
        "cumulative": false
    },
    {
        "date": "2020-11-22T11:13:07.750Z",
        "value": "3.392985765021992",
        "cumulative": false
    },
    {
        "date": "2020-11-22T11:13:44.142Z",
        "value": "3.755194212147887",
        "cumulative": false
    },
    {
        "date": "2020-11-22T11:14:22.083Z",
        "value": "3.4212572899463254",
        "cumulative": false
    },
    {
        "date": "2020-11-22T11:14:56.649Z",
        "value": "3.438414518059182",
        "cumulative": false
    },
    {
        "date": "2020-11-22T11:15:34.433Z",
        "value": "3.655042822292949",
        "cumulative": false
    },
    {
        "date": "2020-11-22T11:16:09.802Z",
        "value": "3.3931561301831867",
        "cumulative": false
    },
    {
        "date": "2020-11-22T11:16:47.518Z",
        "value": "3.5340846034329685",
        "cumulative": false
    },
    {
        "date": "2020-11-22T11:17:26.198Z",
        "value": "3.5357590247844826",
        "cumulative": false
    },
    {
        "date": "2020-11-22T11:18:03.698Z",
        "value": "3.572850012797543",
        "cumulative": false
    },
    {
        "date": "2020-11-22T11:18:40.591Z",
        "value": "3.6315317156456954",
        "cumulative": false
    },
    {
        "date": "2020-11-22T11:19:17.567Z",
        "value": "3.7382793319479517",
        "cumulative": false
    },
    {
        "date": "2020-11-22T11:19:52.621Z",
        "value": "3.5732837730422977",
        "cumulative": false
    },
    {
        "date": "2020-11-22T11:20:30.208Z",
        "value": "3.445521782731494",
        "cumulative": false
    },
    {
        "date": "2020-11-22T11:21:05.993Z",
        "value": "3.595277653834818",
        "cumulative": false
    },
    {
        "date": "2020-11-22T11:21:44.282Z",
        "value": "3.6094934190582055",
        "cumulative": false
    },
    {
        "date": "2020-11-22T11:22:21.638Z",
        "value": "3.639979955465998",
        "cumulative": false
    },
    {
        "date": "2020-11-22T11:23:00.057Z",
        "value": "3.4737900152439023",
        "cumulative": false
    },
    {
        "date": "2020-11-22T11:23:36.281Z",
        "value": "3.516290521635301",
        "cumulative": false
    },
    {
        "date": "2020-11-22T11:24:13.988Z",
        "value": "3.5778895344225887",
        "cumulative": false
    },
    {
        "date": "2020-11-22T11:24:50.949Z",
        "value": "3.626151303826011",
        "cumulative": false
    },
    {
        "date": "2020-11-22T11:25:28.679Z",
        "value": "3.58437105260817",
        "cumulative": false
    },
    {
        "date": "2020-11-22T11:26:06.921Z",
        "value": "3.660102392538524",
        "cumulative": false
    },
    {
        "date": "2020-11-22T11:26:44.417Z",
        "value": "3.79959041477434",
        "cumulative": false
    },
    {
        "date": "2020-11-22T11:27:19.950Z",
        "value": "3.4738840060763887",
        "cumulative": false
    },
    {
        "date": "2020-11-22T11:27:57.913Z",
        "value": "3.626684687250532",
        "cumulative": false
    },
    {
        "date": "2020-11-22T11:28:40.076Z",
        "value": "3.371805500929634",
        "cumulative": false
    },
    {
        "date": "2020-11-22T11:29:17.079Z",
        "value": "3.454059469288793",
        "cumulative": false
    },
    {
        "date": "2020-11-22T11:29:54.846Z",
        "value": "3.4986406516865927",
        "cumulative": false
    },
    {
        "date": "2020-11-22T11:30:32.174Z",
        "value": "3.3797847619448182",
        "cumulative": false
    },
    {
        "date": "2020-11-22T11:31:08.367Z",
        "value": "3.5728539921720386",
        "cumulative": false
    },
    {
        "date": "2020-11-22T11:31:47.318Z",
        "value": "3.6007233676531456",
        "cumulative": false
    },
    {
        "date": "2020-11-22T11:32:24.223Z",
        "value": "3.395662594464869",
        "cumulative": false
    },
    {
        "date": "2020-11-22T11:33:02.664Z",
        "value": "3.284599532480315",
        "cumulative": false
    },
    {
        "date": "2020-11-22T11:33:37.989Z",
        "value": "3.6433403766310795",
        "cumulative": false
    },
    {
        "date": "2020-11-22T11:34:18.049Z",
        "value": "3.4706431530484205",
        "cumulative": false
    },
    {
        "date": "2020-11-22T11:34:54.166Z",
        "value": "3.5484885738337715",
        "cumulative": false
    },
    {
        "date": "2020-11-22T11:35:33.750Z",
        "value": "3.5205722364738805",
        "cumulative": false
    },
    {
        "date": "2020-11-22T11:36:11.042Z",
        "value": "3.409466975716671",
        "cumulative": false
    },
    {
        "date": "2020-11-22T11:36:50.859Z",
        "value": "3.4443448052639045",
        "cumulative": false
    },
    {
        "date": "2020-11-22T11:37:27.173Z",
        "value": "3.497526510188517",
        "cumulative": false
    },
    {
        "date": "2020-11-22T11:38:05.187Z",
        "value": "3.327406521206607",
        "cumulative": false
    },
    {
        "date": "2020-11-22T11:38:20.392Z",
        "value": "3.4347591400146484",
        "cumulative": false
    },
    {
        "date": "2020-11-22T11:38:29.472Z",
        "value": "3.210262551594079",
        "cumulative": false
    },
    {
        "date": "2020-11-22T11:39:08.557Z",
        "value": "3.397418407139866",
        "cumulative": false
    },
    {
        "date": "2020-11-22T11:39:45.612Z",
        "value": "3.489377329040272",
        "cumulative": false
    },
    {
        "date": "2020-11-22T11:40:22.962Z",
        "value": "3.4050363834839215",
        "cumulative": false
    },
    {
        "date": "2020-11-22T11:40:59.486Z",
        "value": "3.222908818208975",
        "cumulative": false
    },
    {
        "date": "2020-11-22T11:41:36.412Z",
        "value": "3.3518513199550655",
        "cumulative": false
    },
    {
        "date": "2020-11-22T11:42:12.562Z",
        "value": "3.43440642840547",
        "cumulative": false
    },
    {
        "date": "2020-11-22T11:42:50.416Z",
        "value": "3.3162744836748983",
        "cumulative": false
    },
    {
        "date": "2020-11-22T11:43:26.204Z",
        "value": "3.58647410678939",
        "cumulative": false
    },
    {
        "date": "2020-11-22T11:44:03.778Z",
        "value": "3.333339639234293",
        "cumulative": false
    },
    {
        "date": "2020-11-22T11:44:39.116Z",
        "value": "3.306631712786919",
        "cumulative": false
    },
    {
        "date": "2020-11-22T11:45:16.851Z",
        "value": "3.441889132408717",
        "cumulative": false
    },
    {
        "date": "2020-11-22T11:45:52.892Z",
        "value": "3.4908893024281062",
        "cumulative": false
    },
    {
        "date": "2020-11-22T11:46:30.281Z",
        "value": "3.394940715260503",
        "cumulative": false
    },
    {
        "date": "2020-11-22T11:47:06.025Z",
        "value": "3.231134623972095",
        "cumulative": false
    },
    {
        "date": "2020-11-22T11:47:44.312Z",
        "value": "3.4966432451091296",
        "cumulative": false
    },
    {
        "date": "2020-11-22T11:48:19.720Z",
        "value": "3.3524713304789655",
        "cumulative": false
    },
    {
        "date": "2020-11-22T11:48:58.446Z",
        "value": "3.370337675302756",
        "cumulative": false
    },
    {
        "date": "2020-11-22T11:49:35.376Z",
        "value": "3.3151993661556602",
        "cumulative": false
    },
    {
        "date": "2020-11-22T11:50:13.725Z",
        "value": "3.5344008564688183",
        "cumulative": false
    },
    {
        "date": "2020-11-22T11:50:49.078Z",
        "value": "3.375925164473684",
        "cumulative": false
    },
    {
        "date": "2020-11-22T11:51:28.525Z",
        "value": "3.570445336606454",
        "cumulative": false
    },
    {
        "date": "2020-11-22T11:52:04.777Z",
        "value": "3.3271033088729176",
        "cumulative": false
    },
    {
        "date": "2020-11-22T11:52:43.145Z",
        "value": "3.497037554560764",
        "cumulative": false
    },
    {
        "date": "2020-11-22T11:53:20.664Z",
        "value": "3.4584699817297033",
        "cumulative": false
    },
    {
        "date": "2020-11-22T11:54:00.353Z",
        "value": "3.436592066584632",
        "cumulative": false
    },
    {
        "date": "2020-11-22T11:54:36.963Z",
        "value": "3.5585481260970835",
        "cumulative": false
    },
    {
        "date": "2020-11-22T11:55:14.276Z",
        "value": "3.1799294423601636",
        "cumulative": false
    },
    {
        "date": "2020-11-22T11:55:50.380Z",
        "value": "3.180507766530597",
        "cumulative": false
    },
    {
        "date": "2020-11-22T11:56:29.644Z",
        "value": "3.374944929681084",
        "cumulative": false
    },
    {
        "date": "2020-11-22T11:57:05.370Z",
        "value": "3.587278150788388",
        "cumulative": false
    },
    {
        "date": "2020-11-22T11:57:43.539Z",
        "value": "3.5169372399895997",
        "cumulative": false
    },
    {
        "date": "2020-11-22T11:58:21.021Z",
        "value": "3.250138564439351",
        "cumulative": false
    },
    {
        "date": "2020-11-22T11:58:58.589Z",
        "value": "3.4145838404358897",
        "cumulative": false
    },
    {
        "date": "2020-11-22T11:59:34.179Z",
        "value": "3.339174592875999",
        "cumulative": false
    },
    {
        "date": "2020-11-22T12:00:12.473Z",
        "value": "3.481444269999333",
        "cumulative": false
    },
    {
        "date": "2020-11-22T12:00:49.210Z",
        "value": "3.485064459843874",
        "cumulative": false
    },
    {
        "date": "2020-11-22T12:01:27.352Z",
        "value": "3.4467175148221343",
        "cumulative": false
    },
    {
        "date": "2020-11-22T12:02:03.892Z",
        "value": "3.3713129838263756",
        "cumulative": false
    },
    {
        "date": "2020-11-22T12:02:42.811Z",
        "value": "3.464604125578074",
        "cumulative": false
    },
    {
        "date": "2020-11-22T12:03:18.429Z",
        "value": "3.371200954116638",
        "cumulative": false
    },
    {
        "date": "2020-11-22T12:03:55.894Z",
        "value": "3.3390731960743225",
        "cumulative": false
    },
    {
        "date": "2020-11-22T12:04:33.211Z",
        "value": "3.33299482115058",
        "cumulative": false
    },
    {
        "date": "2020-11-22T12:05:10.340Z",
        "value": "3.3022719398247498",
        "cumulative": false
    },
    {
        "date": "2020-11-22T12:05:46.490Z",
        "value": "3.4357454792837077",
        "cumulative": false
    },
    {
        "date": "2020-11-22T12:06:24.806Z",
        "value": "3.523408850493653",
        "cumulative": false
    },
    {
        "date": "2020-11-22T12:07:00.515Z",
        "value": "3.3717712053571427",
        "cumulative": false
    },
    {
        "date": "2020-11-22T12:07:44.482Z",
        "value": "3.351626885917389",
        "cumulative": false
    },
    {
        "date": "2020-11-22T12:08:20.368Z",
        "value": "3.3804094834669995",
        "cumulative": false
    },
    {
        "date": "2020-11-22T12:08:59.922Z",
        "value": "3.4024406872102535",
        "cumulative": false
    },
    {
        "date": "2020-11-22T12:09:35.728Z",
        "value": "3.2698903236136228",
        "cumulative": false
    },
    {
        "date": "2020-11-22T12:10:15.612Z",
        "value": "3.1190786778439525",
        "cumulative": false
    },
    {
        "date": "2020-11-22T12:10:51.491Z",
        "value": "3.3019009006200113",
        "cumulative": false
    },
    {
        "date": "2020-11-22T12:11:28.516Z",
        "value": "3.3733366846870605",
        "cumulative": false
    },
    {
        "date": "2020-11-22T12:12:05.550Z",
        "value": "3.46598761314807",
        "cumulative": false
    },
    {
        "date": "2020-11-22T12:12:42.771Z",
        "value": "3.3588991448734262",
        "cumulative": false
    },
    {
        "date": "2020-11-22T12:13:17.864Z",
        "value": "3.3521010659857327",
        "cumulative": false
    },
    {
        "date": "2020-11-22T12:13:55.472Z",
        "value": "3.5171696059746105",
        "cumulative": false
    },
    {
        "date": "2020-11-22T12:14:32.284Z",
        "value": "3.4899407729409857",
        "cumulative": false
    },
    {
        "date": "2020-11-22T12:15:10.117Z",
        "value": "3.4370746174396625",
        "cumulative": false
    },
    {
        "date": "2020-11-22T12:15:47.096Z",
        "value": "3.2862471917911953",
        "cumulative": false
    },
    {
        "date": "2020-11-22T12:16:26.288Z",
        "value": "3.2888893450215577",
        "cumulative": false
    },
    {
        "date": "2020-11-22T12:17:01.354Z",
        "value": "3.409442670738479",
        "cumulative": false
    },
    {
        "date": "2020-11-22T12:17:39.401Z",
        "value": "3.450540479040934",
        "cumulative": false
    },
    {
        "date": "2020-11-22T12:18:16.178Z",
        "value": "3.28593790485268",
        "cumulative": false
    },
    {
        "date": "2020-11-22T12:18:55.608Z",
        "value": "3.192164326449854",
        "cumulative": false
    },
    {
        "date": "2020-11-22T12:19:33.305Z",
        "value": "3.3263811958985987",
        "cumulative": false
    },
    {
        "date": "2020-11-22T12:20:10.352Z",
        "value": "3.238422601360275",
        "cumulative": false
    },
    {
        "date": "2020-11-22T12:20:45.355Z",
        "value": "3.436684878950567",
        "cumulative": false
    },
    {
        "date": "2020-11-22T12:21:23.857Z",
        "value": "3.525640107718812",
        "cumulative": false
    },
    {
        "date": "2020-11-22T12:22:00.101Z",
        "value": "3.5218138005595376",
        "cumulative": false
    },
    {
        "date": "2020-11-22T12:22:39.695Z",
        "value": "3.2676257905505954",
        "cumulative": false
    },
    {
        "date": "2020-11-22T12:23:15.473Z",
        "value": "3.213598336285425",
        "cumulative": false
    },
    {
        "date": "2020-11-22T12:23:54.382Z",
        "value": "3.2772641801795763",
        "cumulative": false
    },
    {
        "date": "2020-11-22T12:24:32.161Z",
        "value": "3.138067056171113",
        "cumulative": false
    },
    {
        "date": "2020-11-22T12:25:08.960Z",
        "value": "3.4624932914165036",
        "cumulative": false
    },
    {
        "date": "2020-11-22T12:25:45.295Z",
        "value": "3.658163461887148",
        "cumulative": false
    },
    {
        "date": "2020-11-22T12:26:23.488Z",
        "value": "3.505179084912043",
        "cumulative": false
    },
    {
        "date": "2020-11-22T12:26:59.125Z",
        "value": "3.3669210421844795",
        "cumulative": false
    },
    {
        "date": "2020-11-22T12:27:35.948Z",
        "value": "3.4248555072081577",
        "cumulative": false
    },
    {
        "date": "2020-11-22T12:28:11.216Z",
        "value": "3.25741862359448",
        "cumulative": false
    },
    {
        "date": "2020-11-22T12:28:48.908Z",
        "value": "3.4554908014112904",
        "cumulative": false
    },
    {
        "date": "2020-11-22T12:29:25.802Z",
        "value": "3.3793950848568595",
        "cumulative": false
    },
    {
        "date": "2020-11-22T12:30:03.928Z",
        "value": "3.237971700144708",
        "cumulative": false
    },
    {
        "date": "2020-11-22T12:30:39.691Z",
        "value": "3.3516848029539887",
        "cumulative": false
    },
    {
        "date": "2020-11-22T12:31:18.366Z",
        "value": "3.459834929435484",
        "cumulative": false
    },
    {
        "date": "2020-11-22T12:31:51.872Z",
        "value": "3.308440583881579",
        "cumulative": false
    },
    {
        "date": "2020-11-22T12:32:30.090Z",
        "value": "3.3834663835152115",
        "cumulative": false
    },
    {
        "date": "2020-11-22T12:33:05.295Z",
        "value": "3.386551248128233",
        "cumulative": false
    },
    {
        "date": "2020-11-22T12:33:41.608Z",
        "value": "3.4074218248684547",
        "cumulative": false
    },
    {
        "date": "2020-11-22T12:34:16.073Z",
        "value": "3.447632029188654",
        "cumulative": false
    },
    {
        "date": "2020-11-22T12:34:54.832Z",
        "value": "3.2842484635264464",
        "cumulative": false
    },
    {
        "date": "2020-11-22T12:35:31.395Z",
        "value": "3.2238467689764234",
        "cumulative": false
    },
    {
        "date": "2020-11-22T12:36:10.445Z",
        "value": "3.543782425814585",
        "cumulative": false
    },
    {
        "date": "2020-11-22T12:36:52.186Z",
        "value": "3.464619140625",
        "cumulative": false
    },
    {
        "date": "2020-11-22T12:37:30.140Z",
        "value": "3.2406405129619413",
        "cumulative": false
    },
    {
        "date": "2020-11-22T12:38:07.054Z",
        "value": "3.2804712594826406",
        "cumulative": false
    },
    {
        "date": "2020-11-22T12:38:46.995Z",
        "value": "3.3535312802307904",
        "cumulative": false
    },
    {
        "date": "2020-11-22T12:39:23.592Z",
        "value": "3.2582929293574545",
        "cumulative": false
    },
    {
        "date": "2020-11-22T12:40:01.513Z",
        "value": "3.4300581150165246",
        "cumulative": false
    },
    {
        "date": "2020-11-22T12:40:37.607Z",
        "value": "3.4874007276891255",
        "cumulative": false
    },
    {
        "date": "2020-11-22T12:41:17.388Z",
        "value": "3.340242398466676",
        "cumulative": false
    },
    {
        "date": "2020-11-22T12:41:51.877Z",
        "value": "3.3752997965778193",
        "cumulative": false
    },
    {
        "date": "2020-11-22T12:42:31.980Z",
        "value": "3.307719014316417",
        "cumulative": false
    },
    {
        "date": "2020-11-22T12:43:08.780Z",
        "value": "3.300170575670941",
        "cumulative": false
    },
    {
        "date": "2020-11-22T12:43:48.612Z",
        "value": "3.318231751447477",
        "cumulative": false
    },
    {
        "date": "2020-11-22T12:44:25.313Z",
        "value": "3.333363343974945",
        "cumulative": false
    },
    {
        "date": "2020-11-22T12:45:03.339Z",
        "value": "3.308858704613302",
        "cumulative": false
    },
    {
        "date": "2020-11-22T12:45:38.474Z",
        "value": "3.3278180174266985",
        "cumulative": false
    },
    {
        "date": "2020-11-22T12:46:16.090Z",
        "value": "3.156360811400182",
        "cumulative": false
    },
    {
        "date": "2020-11-22T12:46:52.483Z",
        "value": "3.3626077586206895",
        "cumulative": false
    },
    {
        "date": "2020-11-22T12:47:31.569Z",
        "value": "3.4679197129101285",
        "cumulative": false
    },
    {
        "date": "2020-11-22T12:48:08.051Z",
        "value": "3.5160983120437956",
        "cumulative": false
    },
    {
        "date": "2020-11-22T12:48:45.608Z",
        "value": "3.158652485280797",
        "cumulative": false
    },
    {
        "date": "2020-11-22T12:49:20.773Z",
        "value": "3.302368486147757",
        "cumulative": false
    },
    {
        "date": "2020-11-22T12:49:58.123Z",
        "value": "3.2504150595154986",
        "cumulative": false
    },
    {
        "date": "2020-11-22T12:50:32.802Z",
        "value": "3.2074228392416346",
        "cumulative": false
    },
    {
        "date": "2020-11-22T12:51:10.229Z",
        "value": "3.444184790628279",
        "cumulative": false
    },
    {
        "date": "2020-11-22T12:51:47.434Z",
        "value": "3.2357604017216643",
        "cumulative": false
    },
    {
        "date": "2020-11-22T12:52:26.507Z",
        "value": "3.3958984375",
        "cumulative": false
    },
    {
        "date": "2020-11-22T12:53:01.498Z",
        "value": "3.3031877420716365",
        "cumulative": false
    },
    {
        "date": "2020-11-22T12:53:41.047Z",
        "value": "3.3525279798429666",
        "cumulative": false
    },
    {
        "date": "2020-11-22T12:54:17.029Z",
        "value": "3.3536538285818716",
        "cumulative": false
    },
    {
        "date": "2020-11-22T12:54:54.787Z",
        "value": "3.492661830357143",
        "cumulative": false
    },
    {
        "date": "2020-11-22T12:55:31.065Z",
        "value": "3.230775924248524",
        "cumulative": false
    },
    {
        "date": "2020-11-22T12:56:08.602Z",
        "value": "3.565086857092153",
        "cumulative": false
    },
    {
        "date": "2020-11-22T12:56:45.374Z",
        "value": "3.3244302081843538",
        "cumulative": false
    },
    {
        "date": "2020-11-22T12:57:26.365Z",
        "value": "3.1896264581427265",
        "cumulative": false
    },
    {
        "date": "2020-11-22T12:58:03.380Z",
        "value": "3.5608796561794183",
        "cumulative": false
    },
    {
        "date": "2020-11-22T12:58:42.688Z",
        "value": "3.172788032527346",
        "cumulative": false
    },
    {
        "date": "2020-11-22T12:59:17.885Z",
        "value": "3.328575577166621",
        "cumulative": false
    },
    {
        "date": "2020-11-22T12:59:55.621Z",
        "value": "3.1565153382634894",
        "cumulative": false
    },
    {
        "date": "2020-11-22T13:00:34.143Z",
        "value": "3.278687621124031",
        "cumulative": false
    },
    {
        "date": "2020-11-22T13:01:12.696Z",
        "value": "3.318828342618384",
        "cumulative": false
    },
    {
        "date": "2020-11-22T13:01:50.328Z",
        "value": "3.2033236659404265",
        "cumulative": false
    },
    {
        "date": "2020-11-22T13:02:29.602Z",
        "value": "3.248486142936157",
        "cumulative": false
    },
    {
        "date": "2020-11-22T13:03:06.570Z",
        "value": "3.343502420774648",
        "cumulative": false
    },
    {
        "date": "2020-11-22T13:03:43.363Z",
        "value": "3.2411512372364952",
        "cumulative": false
    },
    {
        "date": "2020-11-22T13:04:20.786Z",
        "value": "3.3291557112068966",
        "cumulative": false
    },
    {
        "date": "2020-11-22T13:04:58.033Z",
        "value": "3.2271179549081555",
        "cumulative": false
    },
    {
        "date": "2020-11-22T13:05:42.019Z",
        "value": "3.4011490640137243",
        "cumulative": false
    },
    {
        "date": "2020-11-22T13:06:19.553Z",
        "value": "3.43049417849723",
        "cumulative": false
    },
    {
        "date": "2020-11-22T13:06:55.139Z",
        "value": "3.3990421009267933",
        "cumulative": false
    },
    {
        "date": "2020-11-22T13:07:33.360Z",
        "value": "3.4051810599662162",
        "cumulative": false
    },
    {
        "date": "2020-11-22T13:08:10.683Z",
        "value": "3.219008363675842",
        "cumulative": false
    },
    {
        "date": "2020-11-22T13:08:48.682Z",
        "value": "3.441760950232829",
        "cumulative": false
    },
    {
        "date": "2020-11-22T13:09:26.195Z",
        "value": "3.308212136082546",
        "cumulative": false
    },
    {
        "date": "2020-11-22T13:10:03.120Z",
        "value": "3.3583714148116437",
        "cumulative": false
    },
    {
        "date": "2020-11-22T13:10:39.619Z",
        "value": "3.2787442035607905",
        "cumulative": false
    },
    {
        "date": "2020-11-22T13:11:16.595Z",
        "value": "3.232051936468363",
        "cumulative": false
    },
    {
        "date": "2020-11-22T13:11:53.881Z",
        "value": "3.3106282140031644",
        "cumulative": false
    },
    {
        "date": "2020-11-22T13:12:31.866Z",
        "value": "3.382247195685809",
        "cumulative": false
    },
    {
        "date": "2020-11-22T13:13:07.759Z",
        "value": "3.3752543483688418",
        "cumulative": false
    },
    {
        "date": "2020-11-22T13:13:46.255Z",
        "value": "3.186315496098105",
        "cumulative": false
    },
    {
        "date": "2020-11-22T13:14:23.417Z",
        "value": "3.3278348521320495",
        "cumulative": false
    },
    {
        "date": "2020-11-22T13:15:00.773Z",
        "value": "3.4056603340675475",
        "cumulative": false
    },
    {
        "date": "2020-11-22T13:15:16.193Z",
        "value": "3.241795301437378",
        "cumulative": false
    },
    {
        "date": "2020-11-22T13:15:35.927Z",
        "value": "3.215295152865193",
        "cumulative": false
    },
    {
        "date": "2020-11-22T13:16:14.533Z",
        "value": "3.264753843454963",
        "cumulative": false
    },
    {
        "date": "2020-11-22T13:16:49.995Z",
        "value": "3.2885031858533793",
        "cumulative": false
    },
    {
        "date": "2020-11-22T13:17:28.142Z",
        "value": "3.3826088763297872",
        "cumulative": false
    },
    {
        "date": "2020-11-22T13:18:03.255Z",
        "value": "3.3441975618090605",
        "cumulative": false
    },
    {
        "date": "2020-11-22T13:18:41.070Z",
        "value": "3.0971111535623947",
        "cumulative": false
    },
    {
        "date": "2020-11-22T13:19:18.621Z",
        "value": "3.339288032772206",
        "cumulative": false
    },
    {
        "date": "2020-11-22T13:19:57.321Z",
        "value": "3.083933810455192",
        "cumulative": false
    },
    {
        "date": "2020-11-22T13:20:33.214Z",
        "value": "3.1110617199783803",
        "cumulative": false
    },
    {
        "date": "2020-11-22T13:21:12.633Z",
        "value": "3.0815225492518294",
        "cumulative": false
    },
    {
        "date": "2020-11-22T13:21:48.554Z",
        "value": "3.301088492434396",
        "cumulative": false
    },
    {
        "date": "2020-11-22T13:22:28.312Z",
        "value": "3.3295266482031884",
        "cumulative": false
    },
    {
        "date": "2020-11-22T13:23:03.818Z",
        "value": "3.3352130243406286",
        "cumulative": false
    },
    {
        "date": "2020-11-22T13:23:40.933Z",
        "value": "3.2161741394927534",
        "cumulative": false
    },
    {
        "date": "2020-11-22T13:24:16.292Z",
        "value": "3.3190834432774556",
        "cumulative": false
    },
    {
        "date": "2020-11-22T13:24:54.500Z",
        "value": "3.3607719276171304",
        "cumulative": false
    },
    {
        "date": "2020-11-22T13:25:29.576Z",
        "value": "3.1741843246107866",
        "cumulative": false
    },
    {
        "date": "2020-11-22T13:26:06.454Z",
        "value": "3.223678684433716",
        "cumulative": false
    },
    {
        "date": "2020-11-22T13:26:43.536Z",
        "value": "3.404856190612713",
        "cumulative": false
    },
    {
        "date": "2020-11-22T13:27:21.424Z",
        "value": "3.2081118641177233",
        "cumulative": false
    },
    {
        "date": "2020-11-22T13:27:58.091Z",
        "value": "3.168214060005322",
        "cumulative": false
    },
    {
        "date": "2020-11-22T13:28:36.245Z",
        "value": "3.161956570056899",
        "cumulative": false
    },
    {
        "date": "2020-11-22T13:29:12.641Z",
        "value": "3.0363284088844478",
        "cumulative": false
    },
    {
        "date": "2020-11-22T13:29:50.324Z",
        "value": "3.184322143151815",
        "cumulative": false
    },
    {
        "date": "2020-11-22T13:30:27.486Z",
        "value": "3.2090720186293176",
        "cumulative": false
    },
    {
        "date": "2020-11-22T13:31:04.337Z",
        "value": "3.1265893436491394",
        "cumulative": false
    },
    {
        "date": "2020-11-22T13:31:40.149Z",
        "value": "3.381918834109731",
        "cumulative": false
    },
    {
        "date": "2020-11-22T13:32:17.469Z",
        "value": "3.237655930688011",
        "cumulative": false
    },
    {
        "date": "2020-11-22T13:32:53.953Z",
        "value": "3.0448854402204635",
        "cumulative": false
    },
    {
        "date": "2020-11-22T13:33:32.347Z",
        "value": "3.289704057002474",
        "cumulative": false
    },
    {
        "date": "2020-11-22T13:34:07.406Z",
        "value": "3.193122460824144",
        "cumulative": false
    },
    {
        "date": "2020-11-22T13:34:45.031Z",
        "value": "3.183563088697017",
        "cumulative": false
    },
    {
        "date": "2020-11-22T13:35:21.759Z",
        "value": "3.206788296218187",
        "cumulative": false
    },
    {
        "date": "2020-11-22T13:36:00.789Z",
        "value": "3.3664057305518615",
        "cumulative": false
    },
    {
        "date": "2020-11-22T13:36:36.225Z",
        "value": "3.209205903569393",
        "cumulative": false
    },
    {
        "date": "2020-11-22T13:37:11.607Z",
        "value": "2.9588462648416884",
        "cumulative": false
    },
    {
        "date": "2020-11-22T13:37:48.648Z",
        "value": "3.1359784104433204",
        "cumulative": false
    },
    {
        "date": "2020-11-22T13:38:27.235Z",
        "value": "3.0344732161138412",
        "cumulative": false
    },
    {
        "date": "2020-11-22T13:39:04.946Z",
        "value": "3.135970618206522",
        "cumulative": false
    },
    {
        "date": "2020-11-22T13:39:42.849Z",
        "value": "3.2362029457038903",
        "cumulative": false
    },
    {
        "date": "2020-11-22T13:40:19.601Z",
        "value": "3.2783672489440723",
        "cumulative": false
    },
    {
        "date": "2020-11-22T13:40:57.781Z",
        "value": "3.10728125",
        "cumulative": false
    },
    {
        "date": "2020-11-22T13:41:33.676Z",
        "value": "3.363699892689006",
        "cumulative": false
    },
    {
        "date": "2020-11-22T13:42:12.659Z",
        "value": "3.1463107821714407",
        "cumulative": false
    },
    {
        "date": "2020-11-22T13:42:49.269Z",
        "value": "3.3142260299271578",
        "cumulative": false
    },
    {
        "date": "2020-11-22T13:43:26.650Z",
        "value": "3.3256656827560667",
        "cumulative": false
    },
    {
        "date": "2020-11-22T13:44:03.895Z",
        "value": "3.2930642313959804",
        "cumulative": false
    },
    {
        "date": "2020-11-22T13:44:48.642Z",
        "value": "3.2457677628044412",
        "cumulative": false
    },
    {
        "date": "2020-11-22T13:45:23.415Z",
        "value": "3.2078292548803957",
        "cumulative": false
    },
    {
        "date": "2020-11-22T13:46:01.018Z",
        "value": "3.0919539925853194",
        "cumulative": false
    },
    {
        "date": "2020-11-22T13:46:35.884Z",
        "value": "3.3371112967698084",
        "cumulative": false
    },
    {
        "date": "2020-11-22T13:47:14.209Z",
        "value": "3.2413739956232037",
        "cumulative": false
    },
    {
        "date": "2020-11-22T13:47:50.750Z",
        "value": "3.2390759359270134",
        "cumulative": false
    },
    {
        "date": "2020-11-22T13:48:30.343Z",
        "value": "3.1945603166714003",
        "cumulative": false
    },
    {
        "date": "2020-11-22T13:49:07.323Z",
        "value": "3.123549501836235",
        "cumulative": false
    },
    {
        "date": "2020-11-22T13:49:45.501Z",
        "value": "3.166073479664237",
        "cumulative": false
    },
    {
        "date": "2020-11-22T13:50:20.719Z",
        "value": "3.351367574038733",
        "cumulative": false
    },
    {
        "date": "2020-11-22T13:50:57.946Z",
        "value": "3.3432825369428296",
        "cumulative": false
    },
    {
        "date": "2020-11-22T13:51:35.169Z",
        "value": "3.3689829093597066",
        "cumulative": false
    },
    {
        "date": "2020-11-22T13:52:13.307Z",
        "value": "3.2079427843896027",
        "cumulative": false
    },
    {
        "date": "2020-11-22T13:52:48.200Z",
        "value": "3.1008897075107567",
        "cumulative": false
    },
    {
        "date": "2020-11-22T13:53:27.718Z",
        "value": "3.276470115681234",
        "cumulative": false
    },
    {
        "date": "2020-11-22T13:54:03.825Z",
        "value": "3.0621022562915825",
        "cumulative": false
    },
    {
        "date": "2020-11-22T13:54:42.532Z",
        "value": "3.31136837808418",
        "cumulative": false
    },
    {
        "date": "2020-11-22T13:55:18.853Z",
        "value": "3.3245123384617927",
        "cumulative": false
    },
    {
        "date": "2020-11-22T13:55:57.502Z",
        "value": "3.407779930900418",
        "cumulative": false
    },
    {
        "date": "2020-11-22T13:56:33.367Z",
        "value": "3.24770150847849",
        "cumulative": false
    },
    {
        "date": "2020-11-22T13:57:11.772Z",
        "value": "3.222883746133851",
        "cumulative": false
    },
    {
        "date": "2020-11-22T13:57:47.559Z",
        "value": "3.2535260446225878",
        "cumulative": false
    },
    {
        "date": "2020-11-22T13:58:25.298Z",
        "value": "3.2477623013080197",
        "cumulative": false
    },
    {
        "date": "2020-11-22T13:59:01.926Z",
        "value": "3.14429110323219",
        "cumulative": false
    },
    {
        "date": "2020-11-22T13:59:41.278Z",
        "value": "3.2763136972463336",
        "cumulative": false
    },
    {
        "date": "2020-11-22T14:00:16.913Z",
        "value": "3.1622579763986014",
        "cumulative": false
    },
    {
        "date": "2020-11-22T14:00:54.411Z",
        "value": "3.3094042914405954",
        "cumulative": false
    },
    {
        "date": "2020-11-22T14:01:30.888Z",
        "value": "3.319163962482219",
        "cumulative": false
    },
    {
        "date": "2020-11-22T14:02:08.814Z",
        "value": "3.2608146040179955",
        "cumulative": false
    },
    {
        "date": "2020-11-22T14:02:44.862Z",
        "value": "3.4313322656688166",
        "cumulative": false
    },
    {
        "date": "2020-11-22T14:03:21.851Z",
        "value": "3.325693373548621",
        "cumulative": false
    },
    {
        "date": "2020-11-22T14:03:57.918Z",
        "value": "3.1843615246625308",
        "cumulative": false
    },
    {
        "date": "2020-11-22T14:04:37.142Z",
        "value": "3.086929507578385",
        "cumulative": false
    },
    {
        "date": "2020-11-22T14:05:11.843Z",
        "value": "3.215776262859404",
        "cumulative": false
    },
    {
        "date": "2020-11-22T14:05:49.319Z",
        "value": "3.446359009125344",
        "cumulative": false
    },
    {
        "date": "2020-11-22T14:06:24.646Z",
        "value": "2.97210221971002",
        "cumulative": false
    },
    {
        "date": "2020-11-22T14:07:04.191Z",
        "value": "3.1911780092896533",
        "cumulative": false
    },
    {
        "date": "2020-11-22T14:07:40.986Z",
        "value": "3.4446243595579835",
        "cumulative": false
    },
    {
        "date": "2020-11-22T14:08:18.781Z",
        "value": "3.201617691186557",
        "cumulative": false
    },
    {
        "date": "2020-11-22T14:08:53.736Z",
        "value": "3.3821376922247772",
        "cumulative": false
    },
    {
        "date": "2020-11-22T14:09:31.975Z",
        "value": "3.240665298314993",
        "cumulative": false
    },
    {
        "date": "2020-11-22T14:10:08.528Z",
        "value": "3.220485998639544",
        "cumulative": false
    },
    {
        "date": "2020-11-22T14:10:45.464Z",
        "value": "3.1358556414789893",
        "cumulative": false
    },
    {
        "date": "2020-11-22T14:11:22.957Z",
        "value": "3.1825607515934844",
        "cumulative": false
    },
    {
        "date": "2020-11-22T14:12:01.212Z",
        "value": "3.181338763106866",
        "cumulative": false
    },
    {
        "date": "2020-11-22T14:12:37.945Z",
        "value": "3.36003996024853",
        "cumulative": false
    },
    {
        "date": "2020-11-22T14:13:16.904Z",
        "value": "3.2908765880497604",
        "cumulative": false
    },
    {
        "date": "2020-11-22T14:13:58.312Z",
        "value": "3.2703617104481264",
        "cumulative": false
    },
    {
        "date": "2020-11-22T14:14:37.720Z",
        "value": "3.302087609469075",
        "cumulative": false
    },
    {
        "date": "2020-11-22T14:15:15.080Z",
        "value": "3.2732446660850254",
        "cumulative": false
    },
    {
        "date": "2020-11-22T14:15:52.299Z",
        "value": "3.1192007736854492",
        "cumulative": false
    },
    {
        "date": "2020-11-22T14:16:27.374Z",
        "value": "3.152632137859808",
        "cumulative": false
    },
    {
        "date": "2020-11-22T14:17:05.436Z",
        "value": "3.112301347507235",
        "cumulative": false
    },
    {
        "date": "2020-11-22T14:17:40.358Z",
        "value": "3.338268198090692",
        "cumulative": false
    },
    {
        "date": "2020-11-22T14:18:17.260Z",
        "value": "3.3353940878631327",
        "cumulative": false
    },
    {
        "date": "2020-11-22T14:18:53.484Z",
        "value": "3.471429272870112",
        "cumulative": false
    },
    {
        "date": "2020-11-22T14:19:32.028Z",
        "value": "3.2259452336301178",
        "cumulative": false
    },
    {
        "date": "2020-11-22T14:20:09.422Z",
        "value": "3.201892729114713",
        "cumulative": false
    },
    {
        "date": "2020-11-22T14:20:47.581Z",
        "value": "3.155311007630911",
        "cumulative": false
    },
    {
        "date": "2020-11-22T14:21:23.828Z",
        "value": "3.21397276915995",
        "cumulative": false
    },
    {
        "date": "2020-11-22T14:22:02.629Z",
        "value": "3.3040335174336533",
        "cumulative": false
    },
    {
        "date": "2020-11-22T14:22:38.239Z",
        "value": "3.2037715205439814",
        "cumulative": false
    },
    {
        "date": "2020-11-22T14:23:16.740Z",
        "value": "3.2443284146032436",
        "cumulative": false
    },
    {
        "date": "2020-11-22T14:23:52.357Z",
        "value": "3.2245095151385317",
        "cumulative": false
    },
    {
        "date": "2020-11-22T14:24:29.783Z",
        "value": "3.1855558184084196",
        "cumulative": false
    },
    {
        "date": "2020-11-22T14:25:05.945Z",
        "value": "3.1235592553806786",
        "cumulative": false
    },
    {
        "date": "2020-11-22T14:25:43.851Z",
        "value": "3.3812337759584663",
        "cumulative": false
    },
    {
        "date": "2020-11-22T14:26:18.878Z",
        "value": "3.1358621364138437",
        "cumulative": false
    },
    {
        "date": "2020-11-22T14:26:57.795Z",
        "value": "3.2092881426511535",
        "cumulative": false
    },
    {
        "date": "2020-11-22T14:27:34.245Z",
        "value": "3.181674971292651",
        "cumulative": false
    },
    {
        "date": "2020-11-22T14:28:13.709Z",
        "value": "3.1777132261486685",
        "cumulative": false
    },
    {
        "date": "2020-11-22T14:28:47.961Z",
        "value": "3.327840899716209",
        "cumulative": false
    },
    {
        "date": "2020-11-22T14:29:25.821Z",
        "value": "3.2900271624643507",
        "cumulative": false
    },
    {
        "date": "2020-11-22T14:30:01.410Z",
        "value": "3.2249352704257768",
        "cumulative": false
    },
    {
        "date": "2020-11-22T14:30:36.757Z",
        "value": "3.232466349451303",
        "cumulative": false
    },
    {
        "date": "2020-11-22T14:31:12.917Z",
        "value": "3.2004510601329574",
        "cumulative": false
    },
    {
        "date": "2020-11-22T14:31:51.722Z",
        "value": "3.152158440026954",
        "cumulative": false
    },
    {
        "date": "2020-11-22T14:32:28.339Z",
        "value": "3.074361517587249",
        "cumulative": false
    },
    {
        "date": "2020-11-22T14:33:05.913Z",
        "value": "3.134658451064701",
        "cumulative": false
    },
    {
        "date": "2020-11-22T14:33:41.686Z",
        "value": "3.2514429328426706",
        "cumulative": false
    },
    {
        "date": "2020-11-22T14:34:21.459Z",
        "value": "3.209497990944854",
        "cumulative": false
    },
    {
        "date": "2020-11-22T14:34:57.574Z",
        "value": "3.0292709896224057",
        "cumulative": false
    },
    {
        "date": "2020-11-22T14:35:36.238Z",
        "value": "3.0996162840136052",
        "cumulative": false
    },
    {
        "date": "2020-11-22T14:36:13.985Z",
        "value": "3.336944118414189",
        "cumulative": false
    },
    {
        "date": "2020-11-22T14:36:53.525Z",
        "value": "3.2580969568017264",
        "cumulative": false
    },
    {
        "date": "2020-11-22T14:37:28.915Z",
        "value": "3.0572794104734475",
        "cumulative": false
    },
    {
        "date": "2020-11-22T14:38:08.586Z",
        "value": "3.087339603701117",
        "cumulative": false
    },
    {
        "date": "2020-11-22T14:38:44.063Z",
        "value": "3.2302642822265626",
        "cumulative": false
    },
    {
        "date": "2020-11-22T14:39:22.604Z",
        "value": "3.1820903542677175",
        "cumulative": false
    },
    {
        "date": "2020-11-22T14:39:57.854Z",
        "value": "3.3295078423187023",
        "cumulative": false
    },
    {
        "date": "2020-11-22T14:40:36.887Z",
        "value": "3.2457611679772236",
        "cumulative": false
    },
    {
        "date": "2020-11-22T14:41:12.977Z",
        "value": "3.3319130127298444",
        "cumulative": false
    },
    {
        "date": "2020-11-22T14:41:50.887Z",
        "value": "3.218429026294166",
        "cumulative": false
    },
    {
        "date": "2020-11-22T14:42:34.068Z",
        "value": "3.2605260895575823",
        "cumulative": false
    },
    {
        "date": "2020-11-22T14:43:15.257Z",
        "value": "3.284963525134557",
        "cumulative": false
    },
    {
        "date": "2020-11-22T14:43:51.208Z",
        "value": "3.1323457207822982",
        "cumulative": false
    },
    {
        "date": "2020-11-22T14:44:27.983Z",
        "value": "3.19764535668696",
        "cumulative": false
    },
    {
        "date": "2020-11-22T14:45:05.371Z",
        "value": "3.1121902275561095",
        "cumulative": false
    },
    {
        "date": "2020-11-22T14:45:44.833Z",
        "value": "3.165133752873363",
        "cumulative": false
    },
    {
        "date": "2020-11-22T14:46:20.855Z",
        "value": "3.318883451563827",
        "cumulative": false
    },
    {
        "date": "2020-11-22T14:46:58.701Z",
        "value": "3.224244815377862",
        "cumulative": false
    },
    {
        "date": "2020-11-22T14:47:36.209Z",
        "value": "3.3097632827405286",
        "cumulative": false
    },
    {
        "date": "2020-11-22T14:48:14.593Z",
        "value": "3.2491262477549046",
        "cumulative": false
    },
    {
        "date": "2020-11-22T14:48:49.478Z",
        "value": "3.334433619687915",
        "cumulative": false
    },
    {
        "date": "2020-11-22T14:49:26.953Z",
        "value": "3.33480285094665",
        "cumulative": false
    },
    {
        "date": "2020-11-22T14:50:04.538Z",
        "value": "3.067786250554078",
        "cumulative": false
    },
    {
        "date": "2020-11-22T14:50:41.902Z",
        "value": "3.1353800097226046",
        "cumulative": false
    },
    {
        "date": "2020-11-22T14:51:16.867Z",
        "value": "3.126471205720684",
        "cumulative": false
    },
    {
        "date": "2020-11-22T14:51:56.999Z",
        "value": "3.3786594812322948",
        "cumulative": false
    },
    {
        "date": "2020-11-22T14:52:12.533Z",
        "value": "3.1535959243774414",
        "cumulative": false
    },
    {
        "date": "2020-11-22T14:52:32.492Z",
        "value": "2.577026335587626",
        "cumulative": false
    },
    {
        "date": "2020-11-22T14:53:09.349Z",
        "value": "3.0960015592611785",
        "cumulative": false
    },
    {
        "date": "2020-11-22T14:53:43.594Z",
        "value": "3.1027146148899685",
        "cumulative": false
    },
    {
        "date": "2020-11-22T14:54:21.236Z",
        "value": "3.0484193001821054",
        "cumulative": false
    },
    {
        "date": "2020-11-22T14:54:56.258Z",
        "value": "3.1268116640946504",
        "cumulative": false
    },
    {
        "date": "2020-11-22T14:55:33.745Z",
        "value": "3.107236504175504",
        "cumulative": false
    },
    {
        "date": "2020-11-22T14:56:09.026Z",
        "value": "3.1543597131836796",
        "cumulative": false
    },
    {
        "date": "2020-11-22T14:56:46.708Z",
        "value": "2.9831798270822385",
        "cumulative": false
    },
    {
        "date": "2020-11-22T14:57:23.140Z",
        "value": "3.21852817401298",
        "cumulative": false
    },
    {
        "date": "2020-11-22T14:58:01.575Z",
        "value": "3.0599947616495644",
        "cumulative": false
    },
    {
        "date": "2020-11-22T14:58:37.899Z",
        "value": "3.1537430196131844",
        "cumulative": false
    },
    {
        "date": "2020-11-22T14:59:16.462Z",
        "value": "3.0868185669045345",
        "cumulative": false
    },
    {
        "date": "2020-11-22T14:59:53.674Z",
        "value": "3.1316971758704537",
        "cumulative": false
    },
    {
        "date": "2020-11-22T15:00:30.849Z",
        "value": "3.1106944668748207",
        "cumulative": false
    },
    {
        "date": "2020-11-22T15:01:07.327Z",
        "value": "3.028415533973093",
        "cumulative": false
    },
    {
        "date": "2020-11-22T15:01:43.949Z",
        "value": "3.033071527582819",
        "cumulative": false
    },
    {
        "date": "2020-11-22T15:02:20.106Z",
        "value": "3.067073787351969",
        "cumulative": false
    },
    {
        "date": "2020-11-22T15:02:58.510Z",
        "value": "3.2449355773246102",
        "cumulative": false
    },
    {
        "date": "2020-11-22T15:03:34.250Z",
        "value": "3.0889897924270073",
        "cumulative": false
    },
    {
        "date": "2020-11-22T15:04:11.805Z",
        "value": "3.149265703699292",
        "cumulative": false
    },
    {
        "date": "2020-11-22T15:04:47.384Z",
        "value": "3.3484356442992875",
        "cumulative": false
    },
    {
        "date": "2020-11-22T15:05:23.891Z",
        "value": "3.1320787307705573",
        "cumulative": false
    },
    {
        "date": "2020-11-22T15:06:01.115Z",
        "value": "3.206222907191586",
        "cumulative": false
    },
    {
        "date": "2020-11-22T15:06:38.329Z",
        "value": "3.218760805670816",
        "cumulative": false
    },
    {
        "date": "2020-11-22T15:07:15.278Z",
        "value": "3.1960478162910118",
        "cumulative": false
    },
    {
        "date": "2020-11-22T15:07:53.010Z",
        "value": "3.0085006490650015",
        "cumulative": false
    },
    {
        "date": "2020-11-22T15:08:28.827Z",
        "value": "3.1410908112235005",
        "cumulative": false
    },
    {
        "date": "2020-11-22T15:09:06.514Z",
        "value": "3.0519133685260464",
        "cumulative": false
    },
    {
        "date": "2020-11-22T15:09:43.641Z",
        "value": "3.0044877053972314",
        "cumulative": false
    },
    {
        "date": "2020-11-22T15:10:22.036Z",
        "value": "3.120675335994341",
        "cumulative": false
    },
    {
        "date": "2020-11-22T15:10:58.135Z",
        "value": "3.2791664727599903",
        "cumulative": false
    },
    {
        "date": "2020-11-22T15:11:35.665Z",
        "value": "3.095762941078562",
        "cumulative": false
    },
    {
        "date": "2020-11-22T15:12:10.309Z",
        "value": "3.2090719425602146",
        "cumulative": false
    },
    {
        "date": "2020-11-22T15:12:48.824Z",
        "value": "3.247359140439821",
        "cumulative": false
    },
    {
        "date": "2020-11-22T15:13:24.883Z",
        "value": "3.1166135883383728",
        "cumulative": false
    },
    {
        "date": "2020-11-22T15:14:03.771Z",
        "value": "3.1473847888764883",
        "cumulative": false
    },
    {
        "date": "2020-11-22T15:14:40.407Z",
        "value": "3.006542202484743",
        "cumulative": false
    },
    {
        "date": "2020-11-22T15:15:18.925Z",
        "value": "3.2231497395833335",
        "cumulative": false
    },
    {
        "date": "2020-11-22T15:15:55.516Z",
        "value": "3.0826334468139773",
        "cumulative": false
    },
    {
        "date": "2020-11-22T15:16:33.013Z",
        "value": "3.27223567504245",
        "cumulative": false
    },
    {
        "date": "2020-11-22T15:17:09.303Z",
        "value": "3.0734122894503546",
        "cumulative": false
    },
    {
        "date": "2020-11-22T15:17:46.507Z",
        "value": "3.275366395293959",
        "cumulative": false
    },
    {
        "date": "2020-11-22T15:18:21.846Z",
        "value": "3.105190308626033",
        "cumulative": false
    },
    {
        "date": "2020-11-22T15:18:59.429Z",
        "value": "3.1813829469407264",
        "cumulative": false
    },
    {
        "date": "2020-11-22T15:19:35.146Z",
        "value": "3.2691033607182476",
        "cumulative": false
    },
    {
        "date": "2020-11-22T15:20:12.453Z",
        "value": "3.1348328184491434",
        "cumulative": false
    },
    {
        "date": "2020-11-22T15:20:47.889Z",
        "value": "3.0710710728808515",
        "cumulative": false
    },
    {
        "date": "2020-11-22T15:21:31.841Z",
        "value": "3.0194035638619856",
        "cumulative": false
    },
    {
        "date": "2020-11-22T15:22:06.906Z",
        "value": "3.2093178220333054",
        "cumulative": false
    },
    {
        "date": "2020-11-22T15:22:45.868Z",
        "value": "3.05881411445962",
        "cumulative": false
    },
    {
        "date": "2020-11-22T15:23:21.278Z",
        "value": "2.963385545104639",
        "cumulative": false
    },
    {
        "date": "2020-11-22T15:24:00.085Z",
        "value": "3.1653126949021795",
        "cumulative": false
    },
    {
        "date": "2020-11-22T15:24:36.005Z",
        "value": "2.9863054800724638",
        "cumulative": false
    },
    {
        "date": "2020-11-22T15:25:12.644Z",
        "value": "3.199659881342062",
        "cumulative": false
    },
    {
        "date": "2020-11-22T15:25:49.199Z",
        "value": "3.0116288667520092",
        "cumulative": false
    },
    {
        "date": "2020-11-22T15:26:25.723Z",
        "value": "3.1745819579943464",
        "cumulative": false
    },
    {
        "date": "2020-11-22T15:27:01.094Z",
        "value": "2.9281262597272857",
        "cumulative": false
    },
    {
        "date": "2020-11-22T15:27:40.208Z",
        "value": "3.1333406571119524",
        "cumulative": false
    },
    {
        "date": "2020-11-22T15:28:14.339Z",
        "value": "3.139011640667207",
        "cumulative": false
    },
    {
        "date": "2020-11-22T15:28:51.771Z",
        "value": "3.033317829847144",
        "cumulative": false
    },
    {
        "date": "2020-11-22T15:29:29.112Z",
        "value": "3.099396574362504",
        "cumulative": false
    },
    {
        "date": "2020-11-22T15:30:06.485Z",
        "value": "3.201076269420403",
        "cumulative": false
    },
    {
        "date": "2020-11-22T15:30:43.551Z",
        "value": "2.972557620970531",
        "cumulative": false
    },
    {
        "date": "2020-11-22T15:31:22.063Z",
        "value": "3.2229347453517923",
        "cumulative": false
    },
    {
        "date": "2020-11-22T15:31:58.068Z",
        "value": "3.214254004457414",
        "cumulative": false
    },
    {
        "date": "2020-11-22T15:32:36.543Z",
        "value": "3.181130446454572",
        "cumulative": false
    },
    {
        "date": "2020-11-22T15:33:14.230Z",
        "value": "3.108948765538674",
        "cumulative": false
    },
    {
        "date": "2020-11-22T15:33:52.694Z",
        "value": "3.1409680871870655",
        "cumulative": false
    },
    {
        "date": "2020-11-22T15:34:29.335Z",
        "value": "3.1185016297457513",
        "cumulative": false
    },
    {
        "date": "2020-11-22T15:35:07.667Z",
        "value": "3.1629368949316627",
        "cumulative": false
    },
    {
        "date": "2020-11-22T15:35:43.991Z",
        "value": "3.375560042249608",
        "cumulative": false
    },
    {
        "date": "2020-11-22T15:36:22.830Z",
        "value": "3.102280174261409",
        "cumulative": false
    },
    {
        "date": "2020-11-22T15:36:58.006Z",
        "value": "3.07378864570984",
        "cumulative": false
    },
    {
        "date": "2020-11-22T15:37:34.306Z",
        "value": "3.0023888981977955",
        "cumulative": false
    },
    {
        "date": "2020-11-22T15:38:09.394Z",
        "value": "3.156986614188763",
        "cumulative": false
    },
    {
        "date": "2020-11-22T15:38:46.019Z",
        "value": "2.998274487241602",
        "cumulative": false
    },
    {
        "date": "2020-11-22T15:39:22.937Z",
        "value": "3.15469530065091",
        "cumulative": false
    },
    {
        "date": "2020-11-22T15:40:00.280Z",
        "value": "3.1188698026925112",
        "cumulative": false
    },
    {
        "date": "2020-11-22T15:40:36.619Z",
        "value": "3.100596931730228",
        "cumulative": false
    },
    {
        "date": "2020-11-22T15:41:16.719Z",
        "value": "3.334475948602827",
        "cumulative": false
    },
    {
        "date": "2020-11-22T15:41:52.956Z",
        "value": "3.1512127924231845",
        "cumulative": false
    },
    {
        "date": "2020-11-22T15:42:30.952Z",
        "value": "2.9222330359676505",
        "cumulative": false
    },
    {
        "date": "2020-11-22T15:43:06.506Z",
        "value": "3.1026172423630616",
        "cumulative": false
    },
    {
        "date": "2020-11-22T15:43:43.539Z",
        "value": "3.0410878356073945",
        "cumulative": false
    },
    {
        "date": "2020-11-22T15:44:20.657Z",
        "value": "2.9513059077340102",
        "cumulative": false
    },
    {
        "date": "2020-11-22T15:44:57.989Z",
        "value": "2.950773884863827",
        "cumulative": false
    },
    {
        "date": "2020-11-22T15:45:34.114Z",
        "value": "3.2831113497502025",
        "cumulative": false
    },
    {
        "date": "2020-11-22T15:46:12.666Z",
        "value": "3.1303237736288603",
        "cumulative": false
    },
    {
        "date": "2020-11-22T15:46:49.060Z",
        "value": "3.0844056054471207",
        "cumulative": false
    },
    {
        "date": "2020-11-22T15:47:26.472Z",
        "value": "2.9362191269935933",
        "cumulative": false
    },
    {
        "date": "2020-11-22T15:48:01.385Z",
        "value": "3.0799288561875366",
        "cumulative": false
    },
    {
        "date": "2020-11-22T15:48:38.521Z",
        "value": "3.3419906437380758",
        "cumulative": false
    },
    {
        "date": "2020-11-22T15:49:13.864Z",
        "value": "3.0632032891281513",
        "cumulative": false
    },
    {
        "date": "2020-11-22T15:49:51.422Z",
        "value": "3.0457025337954047",
        "cumulative": false
    },
    {
        "date": "2020-11-22T15:50:33.798Z",
        "value": "3.0973859462884845",
        "cumulative": false
    },
    {
        "date": "2020-11-22T15:51:09.836Z",
        "value": "3.1530219563847663",
        "cumulative": false
    },
    {
        "date": "2020-11-22T15:51:47.752Z",
        "value": "3.05895684970015",
        "cumulative": false
    },
    {
        "date": "2020-11-22T15:52:24.685Z",
        "value": "3.16689659739039",
        "cumulative": false
    },
    {
        "date": "2020-11-22T15:53:00.360Z",
        "value": "3.050420485388162",
        "cumulative": false
    },
    {
        "date": "2020-11-22T15:53:37.702Z",
        "value": "3.1935924702613105",
        "cumulative": false
    },
    {
        "date": "2020-11-22T15:54:13.987Z",
        "value": "3.211343019412747",
        "cumulative": false
    },
    {
        "date": "2020-11-22T15:54:50.097Z",
        "value": "3.1158560403963413",
        "cumulative": false
    },
    {
        "date": "2020-11-22T15:55:27.854Z",
        "value": "2.9599631494195924",
        "cumulative": false
    },
    {
        "date": "2020-11-22T15:56:07.235Z",
        "value": "3.0223613241103546",
        "cumulative": false
    },
    {
        "date": "2020-11-22T15:56:44.129Z",
        "value": "3.1290515194878243",
        "cumulative": false
    },
    {
        "date": "2020-11-22T15:57:20.893Z",
        "value": "3.152949376055469",
        "cumulative": false
    },
    {
        "date": "2020-11-22T15:57:57.250Z",
        "value": "3.0624228155260402",
        "cumulative": false
    },
    {
        "date": "2020-11-22T15:58:34.789Z",
        "value": "3.186113037447989",
        "cumulative": false
    },
    {
        "date": "2020-11-22T15:59:11.025Z",
        "value": "3.1160415601075764",
        "cumulative": false
    },
    {
        "date": "2020-11-22T15:59:47.596Z",
        "value": "3.251909890356945",
        "cumulative": false
    },
    {
        "date": "2020-11-22T16:00:25.015Z",
        "value": "3.1926158588435376",
        "cumulative": false
    },
    {
        "date": "2020-11-22T16:01:03.429Z",
        "value": "3.129879410754957",
        "cumulative": false
    },
    {
        "date": "2020-11-22T16:01:39.919Z",
        "value": "3.25857422907853",
        "cumulative": false
    },
    {
        "date": "2020-11-22T16:02:17.561Z",
        "value": "3.0763632395774847",
        "cumulative": false
    },
    {
        "date": "2020-11-22T16:02:53.102Z",
        "value": "2.9509041552667576",
        "cumulative": false
    },
    {
        "date": "2020-11-22T16:03:31.900Z",
        "value": "3.036907690602837",
        "cumulative": false
    },
    {
        "date": "2020-11-22T16:04:08.595Z",
        "value": "3.0262894650908962",
        "cumulative": false
    },
    {
        "date": "2020-11-22T16:04:46.325Z",
        "value": "3.140904476768092",
        "cumulative": false
    },
    {
        "date": "2020-11-22T16:05:22.567Z",
        "value": "3.2635117156798534",
        "cumulative": false
    },
    {
        "date": "2020-11-22T16:06:01.391Z",
        "value": "3.080277216286457",
        "cumulative": false
    },
    {
        "date": "2020-11-22T16:06:37.235Z",
        "value": "2.965871022222602",
        "cumulative": false
    },
    {
        "date": "2020-11-22T16:07:14.813Z",
        "value": "3.1919456796403254",
        "cumulative": false
    },
    {
        "date": "2020-11-22T16:07:50.117Z",
        "value": "3.1569404164494266",
        "cumulative": false
    },
    {
        "date": "2020-11-22T16:08:28.343Z",
        "value": "2.9891451887609155",
        "cumulative": false
    },
    {
        "date": "2020-11-22T16:09:02.160Z",
        "value": "2.861328125",
        "cumulative": false
    },
    {
        "date": "2020-11-22T16:09:39.819Z",
        "value": "2.8840805171996124",
        "cumulative": false
    },
    {
        "date": "2020-11-22T16:10:16.077Z",
        "value": "3.2327809574951103",
        "cumulative": false
    },
    {
        "date": "2020-11-22T16:10:53.480Z",
        "value": "3.0949721975862547",
        "cumulative": false
    },
    {
        "date": "2020-11-22T16:11:30.335Z",
        "value": "3.170037320325094",
        "cumulative": false
    },
    {
        "date": "2020-11-22T16:12:07.697Z",
        "value": "3.1375355261108804",
        "cumulative": false
    },
    {
        "date": "2020-11-22T16:12:44.030Z",
        "value": "3.1658883697397746",
        "cumulative": false
    },
    {
        "date": "2020-11-22T16:13:20.930Z",
        "value": "3.103844535814072",
        "cumulative": false
    },
    {
        "date": "2020-11-22T16:13:55.984Z",
        "value": "3.069637028318398",
        "cumulative": false
    },
    {
        "date": "2020-11-22T16:14:34.274Z",
        "value": "3.125925835580471",
        "cumulative": false
    },
    {
        "date": "2020-11-22T16:15:10.346Z",
        "value": "2.9740825349807234",
        "cumulative": false
    },
    {
        "date": "2020-11-22T16:15:48.281Z",
        "value": "3.0196414353958145",
        "cumulative": false
    },
    {
        "date": "2020-11-22T16:16:22.533Z",
        "value": "3.122727291501454",
        "cumulative": false
    },
    {
        "date": "2020-11-22T16:17:01.918Z",
        "value": "3.2062986144039978",
        "cumulative": false
    },
    {
        "date": "2020-11-22T16:17:37.535Z",
        "value": "3.142190555736636",
        "cumulative": false
    },
    {
        "date": "2020-11-22T16:18:14.266Z",
        "value": "3.039802776088132",
        "cumulative": false
    },
    {
        "date": "2020-11-22T16:18:56.548Z",
        "value": "3.2089191689488783",
        "cumulative": false
    },
    {
        "date": "2020-11-22T16:19:35.129Z",
        "value": "3.062366877543235",
        "cumulative": false
    },
    {
        "date": "2020-11-22T16:20:08.437Z",
        "value": "3.0792506889795788",
        "cumulative": false
    },
    {
        "date": "2020-11-22T16:20:47.314Z",
        "value": "3.003969236666207",
        "cumulative": false
    },
    {
        "date": "2020-11-22T16:21:23.930Z",
        "value": "3.0449019711915337",
        "cumulative": false
    },
    {
        "date": "2020-11-22T16:22:02.855Z",
        "value": "3.0385946511199036",
        "cumulative": false
    },
    {
        "date": "2020-11-22T16:22:39.117Z",
        "value": "3.3264074224079128",
        "cumulative": false
    },
    {
        "date": "2020-11-22T16:23:16.460Z",
        "value": "2.992970855795148",
        "cumulative": false
    },
    {
        "date": "2020-11-22T16:23:51.802Z",
        "value": "2.979263564287606",
        "cumulative": false
    },
    {
        "date": "2020-11-22T16:24:30.840Z",
        "value": "2.99437206623783",
        "cumulative": false
    },
    {
        "date": "2020-11-22T16:25:07.124Z",
        "value": "2.968371759412153",
        "cumulative": false
    },
    {
        "date": "2020-11-22T16:25:45.694Z",
        "value": "3.243793791338188",
        "cumulative": false
    },
    {
        "date": "2020-11-22T16:26:21.060Z",
        "value": "2.960273802002333",
        "cumulative": false
    },
    {
        "date": "2020-11-22T16:26:59.378Z",
        "value": "3.070318255257166",
        "cumulative": false
    },
    {
        "date": "2020-11-22T16:27:37.432Z",
        "value": "3.1108644015014715",
        "cumulative": false
    },
    {
        "date": "2020-11-22T16:28:14.795Z",
        "value": "3.107199824804433",
        "cumulative": false
    },
    {
        "date": "2020-11-22T16:28:30.024Z",
        "value": "3.0642759799957275",
        "cumulative": false
    },
    {
        "date": "2020-11-22T16:28:50.015Z",
        "value": "2.7726396980932204",
        "cumulative": false
    },
    {
        "date": "2020-11-22T16:29:26.858Z",
        "value": "2.8629719225888324",
        "cumulative": false
    },
    {
        "date": "2020-11-22T16:30:03.617Z",
        "value": "3.1466639200846354",
        "cumulative": false
    },
    {
        "date": "2020-11-22T16:30:42.527Z",
        "value": "2.9404980972542765",
        "cumulative": false
    },
    {
        "date": "2020-11-22T16:31:18.741Z",
        "value": "2.978354579656217",
        "cumulative": false
    },
    {
        "date": "2020-11-22T16:31:56.261Z",
        "value": "3.0213509956377105",
        "cumulative": false
    },
    {
        "date": "2020-11-22T16:32:32.271Z",
        "value": "3.021177135871047",
        "cumulative": false
    },
    {
        "date": "2020-11-22T16:33:09.763Z",
        "value": "3.072998664605004",
        "cumulative": false
    },
    {
        "date": "2020-11-22T16:33:45.942Z",
        "value": "2.946689677909207",
        "cumulative": false
    },
    {
        "date": "2020-11-22T16:34:23.984Z",
        "value": "2.7521396391761064",
        "cumulative": false
    },
    {
        "date": "2020-11-22T16:34:59.785Z",
        "value": "2.9695883324346184",
        "cumulative": false
    },
    {
        "date": "2020-11-22T16:35:37.613Z",
        "value": "3.0046324049475572",
        "cumulative": false
    },
    {
        "date": "2020-11-22T16:36:12.304Z",
        "value": "3.065039679114049",
        "cumulative": false
    },
    {
        "date": "2020-11-22T16:36:52.223Z",
        "value": "2.919823448666215",
        "cumulative": false
    },
    {
        "date": "2020-11-22T16:37:27.126Z",
        "value": "2.9807943504617174",
        "cumulative": false
    },
    {
        "date": "2020-11-22T16:38:06.454Z",
        "value": "2.8747964567910023",
        "cumulative": false
    },
    {
        "date": "2020-11-22T16:38:41.268Z",
        "value": "3.0802575096089573",
        "cumulative": false
    },
    {
        "date": "2020-11-22T16:39:20.024Z",
        "value": "3.0716389669163546",
        "cumulative": false
    },
    {
        "date": "2020-11-22T16:39:56.338Z",
        "value": "2.953100632289124",
        "cumulative": false
    },
    {
        "date": "2020-11-22T16:40:34.722Z",
        "value": "2.9318235623278235",
        "cumulative": false
    },
    {
        "date": "2020-11-22T16:41:10.643Z",
        "value": "3.026045535335314",
        "cumulative": false
    },
    {
        "date": "2020-11-22T16:41:51.378Z",
        "value": "2.963233243046572",
        "cumulative": false
    },
    {
        "date": "2020-11-22T16:42:26.680Z",
        "value": "3.040461885756341",
        "cumulative": false
    },
    {
        "date": "2020-11-22T16:43:05.812Z",
        "value": "2.952759332449594",
        "cumulative": false
    },
    {
        "date": "2020-11-22T16:43:40.647Z",
        "value": "2.9969540310889173",
        "cumulative": false
    },
    {
        "date": "2020-11-22T16:44:16.266Z",
        "value": "3.1545868608897742",
        "cumulative": false
    },
    {
        "date": "2020-11-22T16:44:52.207Z",
        "value": "2.987052888088195",
        "cumulative": false
    },
    {
        "date": "2020-11-22T16:45:31.203Z",
        "value": "3.0579048390545966",
        "cumulative": false
    },
    {
        "date": "2020-11-22T16:46:06.549Z",
        "value": "3.0345553664072633",
        "cumulative": false
    },
    {
        "date": "2020-11-22T16:46:43.006Z",
        "value": "2.9218217087312413",
        "cumulative": false
    },
    {
        "date": "2020-11-22T16:47:18.303Z",
        "value": "2.8237209834372283",
        "cumulative": false
    },
    {
        "date": "2020-11-22T16:47:55.805Z",
        "value": "2.8924417144579193",
        "cumulative": false
    },
    {
        "date": "2020-11-22T16:48:32.630Z",
        "value": "3.1808506280116213",
        "cumulative": false
    },
    {
        "date": "2020-11-22T16:49:10.831Z",
        "value": "3.191984681992199",
        "cumulative": false
    },
    {
        "date": "2020-11-22T16:49:46.520Z",
        "value": "2.9099075255102043",
        "cumulative": false
    },
    {
        "date": "2020-11-22T16:50:25.709Z",
        "value": "2.9021058316490818",
        "cumulative": false
    },
    {
        "date": "2020-11-22T16:51:02.934Z",
        "value": "3.0478034180827014",
        "cumulative": false
    },
    {
        "date": "2020-11-22T16:51:40.938Z",
        "value": "2.954482107198935",
        "cumulative": false
    },
    {
        "date": "2020-11-22T16:52:16.577Z",
        "value": "2.9794841579245817",
        "cumulative": false
    },
    {
        "date": "2020-11-22T16:52:58.196Z",
        "value": "2.9991214496600787",
        "cumulative": false
    },
    {
        "date": "2020-11-22T16:53:34.871Z",
        "value": "2.958772148619485",
        "cumulative": false
    },
    {
        "date": "2020-11-22T16:54:11.419Z",
        "value": "3.0808705629495248",
        "cumulative": false
    },
    {
        "date": "2020-11-22T16:54:47.637Z",
        "value": "2.7730453265958173",
        "cumulative": false
    },
    {
        "date": "2020-11-22T16:55:24.445Z",
        "value": "2.964669793950397",
        "cumulative": false
    },
    {
        "date": "2020-11-22T16:56:02.408Z",
        "value": "2.9890694024051045",
        "cumulative": false
    },
    {
        "date": "2020-11-22T16:56:40.988Z",
        "value": "3.0299283488412923",
        "cumulative": false
    },
    {
        "date": "2020-11-22T16:57:17.553Z",
        "value": "3.16397543891926",
        "cumulative": false
    }
]