[
    {
        "date": "2020-11-22T11:38:28.503Z",
        "value": "3684.293811559677",
        "cumulative": false
    },
    {
        "date": "2020-11-22T13:15:35.096Z",
        "value": "3647.9699630737305",
        "cumulative": false
    },
    {
        "date": "2020-11-22T14:52:31.346Z",
        "value": "3639.899983882904",
        "cumulative": false
    },
    {
        "date": "2020-11-22T16:28:48.630Z",
        "value": "3601.2434339523315",
        "cumulative": false
    },
    {
        "date": "2020-11-22T16:58:16.644Z",
        "value": "1089.8325419425964",
        "cumulative": false
    }
]