[
    {
        "date": "2020-11-22T11:38:28.120Z",
        "value": "512.6940808296204",
        "cumulative": false
    },
    {
        "date": "2020-11-22T13:15:34.395Z",
        "value": "516.527280330658",
        "cumulative": false
    },
    {
        "date": "2020-11-22T14:52:30.148Z",
        "value": "519.9667615890503",
        "cumulative": false
    },
    {
        "date": "2020-11-22T16:28:47.980Z",
        "value": "519.06858086586",
        "cumulative": false
    },
    {
        "date": "2020-11-22T16:58:15.918Z",
        "value": "153.85683631896973",
        "cumulative": false
    }
]