[
    {
        "date": "2020-11-22T11:38:28.062Z",
        "value": "109.24631547927856",
        "cumulative": false
    },
    {
        "date": "2020-11-22T13:15:35.538Z",
        "value": "109.38514113426208",
        "cumulative": false
    },
    {
        "date": "2020-11-22T14:52:31.455Z",
        "value": "109.34428691864014",
        "cumulative": false
    },
    {
        "date": "2020-11-22T16:28:48.847Z",
        "value": "109.36162996292114",
        "cumulative": false
    },
    {
        "date": "2020-11-22T16:58:17.382Z",
        "value": "32.82986092567444",
        "cumulative": false
    }
]