[
    {
        "date": "2020-11-22T11:38:28.010Z",
        "value": "108.60771560668945",
        "cumulative": false
    },
    {
        "date": "2020-11-22T13:15:35.180Z",
        "value": "108.76169800758362",
        "cumulative": false
    },
    {
        "date": "2020-11-22T14:52:31.634Z",
        "value": "108.78590440750122",
        "cumulative": false
    },
    {
        "date": "2020-11-22T16:28:49.206Z",
        "value": "108.7861578464508",
        "cumulative": false
    },
    {
        "date": "2020-11-22T16:58:17.006Z",
        "value": "32.67069625854492",
        "cumulative": false
    }
]