[
    {
        "date": "2020-11-22T11:38:28.503Z",
        "value": "1307.7066242694855",
        "cumulative": false
    },
    {
        "date": "2020-11-22T13:15:35.096Z",
        "value": "1312.6820888519287",
        "cumulative": false
    },
    {
        "date": "2020-11-22T14:52:31.346Z",
        "value": "1312.794141292572",
        "cumulative": false
    },
    {
        "date": "2020-11-22T16:28:48.630Z",
        "value": "1312.99840426445",
        "cumulative": false
    },
    {
        "date": "2020-11-22T16:58:16.644Z",
        "value": "393.8551712036133",
        "cumulative": false
    }
]