[
    {
        "date": "2020-11-22T11:38:28.010Z",
        "value": "1229.079615354538",
        "cumulative": false
    },
    {
        "date": "2020-11-22T13:15:35.181Z",
        "value": "1234.894945383072",
        "cumulative": false
    },
    {
        "date": "2020-11-22T14:52:31.634Z",
        "value": "1234.602567434311",
        "cumulative": false
    },
    {
        "date": "2020-11-22T16:28:49.206Z",
        "value": "1234.4246792793274",
        "cumulative": false
    },
    {
        "date": "2020-11-22T16:58:17.006Z",
        "value": "368.87087321281433",
        "cumulative": false
    }
]