[
    {
        "date": "2020-11-22T11:38:27.739Z",
        "value": "89.7787082195282",
        "cumulative": false
    },
    {
        "date": "2020-11-22T13:15:35.708Z",
        "value": "86.3767728805542",
        "cumulative": false
    },
    {
        "date": "2020-11-22T14:52:32.002Z",
        "value": "86.01089787483215",
        "cumulative": false
    },
    {
        "date": "2020-11-22T16:28:49.118Z",
        "value": "85.81791234016418",
        "cumulative": false
    },
    {
        "date": "2020-11-22T16:58:17.041Z",
        "value": "25.83420753479004",
        "cumulative": false
    }
]