[
    {
        "date": "2020-11-22T11:38:28.062Z",
        "value": "48.96687078475952",
        "cumulative": false
    },
    {
        "date": "2020-11-22T13:15:35.538Z",
        "value": "48.992398500442505",
        "cumulative": false
    },
    {
        "date": "2020-11-22T14:52:31.455Z",
        "value": "49.004188776016235",
        "cumulative": false
    },
    {
        "date": "2020-11-22T16:28:48.847Z",
        "value": "48.996336698532104",
        "cumulative": false
    },
    {
        "date": "2020-11-22T16:58:17.382Z",
        "value": "14.67753005027771",
        "cumulative": false
    }
]