[
    {
        "date": "2020-11-22T10:01:00.504Z",
        "value": "8.973296367003146",
        "cumulative": false
    },
    {
        "date": "2020-11-22T10:01:47.791Z",
        "value": "9.64257761703511",
        "cumulative": false
    },
    {
        "date": "2020-11-22T10:02:25.710Z",
        "value": "9.086021667817679",
        "cumulative": false
    },
    {
        "date": "2020-11-22T10:03:03.343Z",
        "value": "8.717757733714908",
        "cumulative": false
    },
    {
        "date": "2020-11-22T10:03:41.730Z",
        "value": "8.526733988782912",
        "cumulative": false
    },
    {
        "date": "2020-11-22T10:04:19.443Z",
        "value": "8.171766002856764",
        "cumulative": false
    },
    {
        "date": "2020-11-22T10:04:55.299Z",
        "value": "8.011700423834233",
        "cumulative": false
    },
    {
        "date": "2020-11-22T10:05:33.624Z",
        "value": "7.96484375",
        "cumulative": false
    },
    {
        "date": "2020-11-22T10:06:09.852Z",
        "value": "7.8491033428852415",
        "cumulative": false
    },
    {
        "date": "2020-11-22T10:06:47.372Z",
        "value": "7.801638494120512",
        "cumulative": false
    },
    {
        "date": "2020-11-22T10:07:25.280Z",
        "value": "7.678954516882184",
        "cumulative": false
    },
    {
        "date": "2020-11-22T10:08:04.118Z",
        "value": "7.775337022941681",
        "cumulative": false
    },
    {
        "date": "2020-11-22T10:08:39.205Z",
        "value": "7.593833528577085",
        "cumulative": false
    },
    {
        "date": "2020-11-22T10:09:17.720Z",
        "value": "7.395341829104786",
        "cumulative": false
    },
    {
        "date": "2020-11-22T10:09:55.242Z",
        "value": "7.224918356668591",
        "cumulative": false
    },
    {
        "date": "2020-11-22T10:10:32.454Z",
        "value": "7.014473636495503",
        "cumulative": false
    },
    {
        "date": "2020-11-22T10:11:09.447Z",
        "value": "6.835539187286081",
        "cumulative": false
    },
    {
        "date": "2020-11-22T10:11:48.116Z",
        "value": "6.693970737795858",
        "cumulative": false
    },
    {
        "date": "2020-11-22T10:12:25.630Z",
        "value": "6.311177191959385",
        "cumulative": false
    },
    {
        "date": "2020-11-22T10:13:03.140Z",
        "value": "6.289840453586498",
        "cumulative": false
    },
    {
        "date": "2020-11-22T10:13:39.927Z",
        "value": "6.282482701200994",
        "cumulative": false
    },
    {
        "date": "2020-11-22T10:14:17.694Z",
        "value": "6.038422861929406",
        "cumulative": false
    },
    {
        "date": "2020-11-22T10:14:54.268Z",
        "value": "6.035527222894808",
        "cumulative": false
    },
    {
        "date": "2020-11-22T10:15:31.443Z",
        "value": "5.616247478399029",
        "cumulative": false
    },
    {
        "date": "2020-11-22T10:16:07.740Z",
        "value": "5.706712421224914",
        "cumulative": false
    },
    {
        "date": "2020-11-22T10:16:45.858Z",
        "value": "5.448010939237077",
        "cumulative": false
    },
    {
        "date": "2020-11-22T10:17:21.341Z",
        "value": "5.304854910714286",
        "cumulative": false
    },
    {
        "date": "2020-11-22T10:17:58.957Z",
        "value": "5.221475035161744",
        "cumulative": false
    },
    {
        "date": "2020-11-22T10:18:35.565Z",
        "value": "5.167394364683632",
        "cumulative": false
    },
    {
        "date": "2020-11-22T10:19:15.356Z",
        "value": "5.168015616574548",
        "cumulative": false
    },
    {
        "date": "2020-11-22T10:19:51.011Z",
        "value": "4.958019763903998",
        "cumulative": false
    },
    {
        "date": "2020-11-22T10:20:29.157Z",
        "value": "4.668805960323033",
        "cumulative": false
    },
    {
        "date": "2020-11-22T10:21:05.641Z",
        "value": "4.592532297486033",
        "cumulative": false
    },
    {
        "date": "2020-11-22T10:21:44.093Z",
        "value": "4.689051224456987",
        "cumulative": false
    },
    {
        "date": "2020-11-22T10:22:20.876Z",
        "value": "4.668773896045742",
        "cumulative": false
    },
    {
        "date": "2020-11-22T10:23:00.159Z",
        "value": "4.462441581823754",
        "cumulative": false
    },
    {
        "date": "2020-11-22T10:23:36.732Z",
        "value": "4.610947178406799",
        "cumulative": false
    },
    {
        "date": "2020-11-22T10:24:16.691Z",
        "value": "4.470824338909876",
        "cumulative": false
    },
    {
        "date": "2020-11-22T10:24:53.320Z",
        "value": "4.175312286834925",
        "cumulative": false
    },
    {
        "date": "2020-11-22T10:25:32.143Z",
        "value": "4.297288586667847",
        "cumulative": false
    },
    {
        "date": "2020-11-22T10:26:07.892Z",
        "value": "4.191661865630065",
        "cumulative": false
    },
    {
        "date": "2020-11-22T10:26:46.722Z",
        "value": "4.2712416962949105",
        "cumulative": false
    },
    {
        "date": "2020-11-22T10:27:23.916Z",
        "value": "4.359161776746725",
        "cumulative": false
    },
    {
        "date": "2020-11-22T10:28:00.051Z",
        "value": "4.232764999186669",
        "cumulative": false
    },
    {
        "date": "2020-11-22T10:28:35.341Z",
        "value": "4.224377550074184",
        "cumulative": false
    },
    {
        "date": "2020-11-22T10:29:12.425Z",
        "value": "4.020614197059223",
        "cumulative": false
    },
    {
        "date": "2020-11-22T10:29:49.542Z",
        "value": "4.153659730774494",
        "cumulative": false
    },
    {
        "date": "2020-11-22T10:30:34.962Z",
        "value": "4.229746391516093",
        "cumulative": false
    },
    {
        "date": "2020-11-22T10:31:11.765Z",
        "value": "3.9492632426223144",
        "cumulative": false
    },
    {
        "date": "2020-11-22T10:31:50.164Z",
        "value": "3.9942410477160055",
        "cumulative": false
    },
    {
        "date": "2020-11-22T10:32:26.368Z",
        "value": "4.237222439698828",
        "cumulative": false
    },
    {
        "date": "2020-11-22T10:33:04.692Z",
        "value": "3.9809880810638583",
        "cumulative": false
    },
    {
        "date": "2020-11-22T10:33:40.636Z",
        "value": "3.9568341295159426",
        "cumulative": false
    },
    {
        "date": "2020-11-22T10:34:19.959Z",
        "value": "4.106014006270447",
        "cumulative": false
    },
    {
        "date": "2020-11-22T10:34:54.182Z",
        "value": "3.919846090406562",
        "cumulative": false
    },
    {
        "date": "2020-11-22T10:35:31.974Z",
        "value": "3.9033000970342355",
        "cumulative": false
    },
    {
        "date": "2020-11-22T10:36:08.113Z",
        "value": "3.9624939783009383",
        "cumulative": false
    },
    {
        "date": "2020-11-22T10:36:46.286Z",
        "value": "3.942202898302765",
        "cumulative": false
    },
    {
        "date": "2020-11-22T10:37:23.202Z",
        "value": "3.857300054320041",
        "cumulative": false
    },
    {
        "date": "2020-11-22T10:38:01.635Z",
        "value": "3.9320186491935485",
        "cumulative": false
    },
    {
        "date": "2020-11-22T10:38:40.512Z",
        "value": "4.067354594247907",
        "cumulative": false
    },
    {
        "date": "2020-11-22T10:39:19.098Z",
        "value": "3.825657405655277",
        "cumulative": false
    },
    {
        "date": "2020-11-22T10:39:54.745Z",
        "value": "3.7810630543005357",
        "cumulative": false
    },
    {
        "date": "2020-11-22T10:40:33.159Z",
        "value": "3.9280203780594407",
        "cumulative": false
    },
    {
        "date": "2020-11-22T10:41:09.390Z",
        "value": "3.9602927283975387",
        "cumulative": false
    },
    {
        "date": "2020-11-22T10:41:46.700Z",
        "value": "3.9931542490042893",
        "cumulative": false
    },
    {
        "date": "2020-11-22T10:42:24.009Z",
        "value": "3.9427904141210774",
        "cumulative": false
    },
    {
        "date": "2020-11-22T10:43:03.588Z",
        "value": "4.00676208851137",
        "cumulative": false
    },
    {
        "date": "2020-11-22T10:43:39.992Z",
        "value": "3.8868131758905853",
        "cumulative": false
    },
    {
        "date": "2020-11-22T10:44:18.408Z",
        "value": "3.7245939352766797",
        "cumulative": false
    },
    {
        "date": "2020-11-22T10:44:55.584Z",
        "value": "3.806796897730579",
        "cumulative": false
    },
    {
        "date": "2020-11-22T10:45:34.973Z",
        "value": "3.758992239932886",
        "cumulative": false
    },
    {
        "date": "2020-11-22T10:46:11.038Z",
        "value": "3.806179405120482",
        "cumulative": false
    },
    {
        "date": "2020-11-22T10:46:49.115Z",
        "value": "3.8877765779266573",
        "cumulative": false
    },
    {
        "date": "2020-11-22T10:47:23.935Z",
        "value": "3.815971634108702",
        "cumulative": false
    },
    {
        "date": "2020-11-22T10:48:02.005Z",
        "value": "3.748354373032013",
        "cumulative": false
    },
    {
        "date": "2020-11-22T10:48:38.211Z",
        "value": "3.653051323960016",
        "cumulative": false
    },
    {
        "date": "2020-11-22T10:49:15.357Z",
        "value": "3.683822837111127",
        "cumulative": false
    },
    {
        "date": "2020-11-22T10:49:53.419Z",
        "value": "3.7565117878580456",
        "cumulative": false
    },
    {
        "date": "2020-11-22T10:50:32.364Z",
        "value": "3.840200619794378",
        "cumulative": false
    },
    {
        "date": "2020-11-22T10:51:10.614Z",
        "value": "3.6809651714661453",
        "cumulative": false
    },
    {
        "date": "2020-11-22T10:51:47.796Z",
        "value": "3.8016231897065005",
        "cumulative": false
    },
    {
        "date": "2020-11-22T10:52:24.492Z",
        "value": "3.669651500484027",
        "cumulative": false
    },
    {
        "date": "2020-11-22T10:53:04.363Z",
        "value": "3.6538011361797826",
        "cumulative": false
    },
    {
        "date": "2020-11-22T10:53:40.763Z",
        "value": "3.6511559676712513",
        "cumulative": false
    },
    {
        "date": "2020-11-22T10:54:19.077Z",
        "value": "3.776513462206365",
        "cumulative": false
    },
    {
        "date": "2020-11-22T10:54:54.126Z",
        "value": "3.6742692879577654",
        "cumulative": false
    },
    {
        "date": "2020-11-22T10:55:31.528Z",
        "value": "3.702783490913556",
        "cumulative": false
    },
    {
        "date": "2020-11-22T10:56:06.977Z",
        "value": "3.711579658615757",
        "cumulative": false
    },
    {
        "date": "2020-11-22T10:56:46.222Z",
        "value": "3.7016502512208866",
        "cumulative": false
    },
    {
        "date": "2020-11-22T10:57:23.047Z",
        "value": "3.402880717844203",
        "cumulative": false
    },
    {
        "date": "2020-11-22T10:58:00.779Z",
        "value": "3.602736025528169",
        "cumulative": false
    },
    {
        "date": "2020-11-22T10:58:36.874Z",
        "value": "3.540785371536988",
        "cumulative": false
    },
    {
        "date": "2020-11-22T10:59:14.757Z",
        "value": "3.6703726997964954",
        "cumulative": false
    },
    {
        "date": "2020-11-22T10:59:56.153Z",
        "value": "3.68249061627095",
        "cumulative": false
    },
    {
        "date": "2020-11-22T11:00:35.152Z",
        "value": "3.7483833086331426",
        "cumulative": false
    },
    {
        "date": "2020-11-22T11:01:12.451Z",
        "value": "3.6095351267529665",
        "cumulative": false
    },
    {
        "date": "2020-11-22T11:01:50.693Z",
        "value": "3.5588113824825083",
        "cumulative": false
    },
    {
        "date": "2020-11-22T11:02:26.922Z",
        "value": "3.6309278415172597",
        "cumulative": false
    },
    {
        "date": "2020-11-22T11:03:06.974Z",
        "value": "3.7161238215214563",
        "cumulative": false
    },
    {
        "date": "2020-11-22T11:03:43.862Z",
        "value": "3.536943449334698",
        "cumulative": false
    },
    {
        "date": "2020-11-22T11:04:22.799Z",
        "value": "3.642777844722936",
        "cumulative": false
    },
    {
        "date": "2020-11-22T11:04:59.892Z",
        "value": "3.6848471856886342",
        "cumulative": false
    },
    {
        "date": "2020-11-22T11:05:38.186Z",
        "value": "3.848712949207697",
        "cumulative": false
    },
    {
        "date": "2020-11-22T11:06:14.925Z",
        "value": "3.592349407403494",
        "cumulative": false
    },
    {
        "date": "2020-11-22T11:06:53.491Z",
        "value": "3.6088459956983807",
        "cumulative": false
    },
    {
        "date": "2020-11-22T11:07:32.164Z",
        "value": "3.633406983039327",
        "cumulative": false
    },
    {
        "date": "2020-11-22T11:08:10.774Z",
        "value": "3.6002337214584474",
        "cumulative": false
    },
    {
        "date": "2020-11-22T11:08:45.401Z",
        "value": "3.4769461211287696",
        "cumulative": false
    },
    {
        "date": "2020-11-22T11:09:23.886Z",
        "value": "3.4951052883253046",
        "cumulative": false
    },
    {
        "date": "2020-11-22T11:09:59.194Z",
        "value": "3.31839432905424",
        "cumulative": false
    },
    {
        "date": "2020-11-22T11:10:38.158Z",
        "value": "3.3213285359565337",
        "cumulative": false
    },
    {
        "date": "2020-11-22T11:11:13.487Z",
        "value": "3.855314597742067",
        "cumulative": false
    },
    {
        "date": "2020-11-22T11:11:51.551Z",
        "value": "3.3617616710599334",
        "cumulative": false
    },
    {
        "date": "2020-11-22T11:12:29.357Z",
        "value": "3.5508838900862068",
        "cumulative": false
    },
    {
        "date": "2020-11-22T11:13:07.752Z",
        "value": "3.395205070587857",
        "cumulative": false
    },
    {
        "date": "2020-11-22T11:13:44.129Z",
        "value": "3.5268577584627785",
        "cumulative": false
    },
    {
        "date": "2020-11-22T11:14:22.085Z",
        "value": "3.54919542828929",
        "cumulative": false
    },
    {
        "date": "2020-11-22T11:14:56.624Z",
        "value": "3.484569364381068",
        "cumulative": false
    },
    {
        "date": "2020-11-22T11:15:34.434Z",
        "value": "3.562619433730715",
        "cumulative": false
    },
    {
        "date": "2020-11-22T11:16:09.809Z",
        "value": "3.62887152424335",
        "cumulative": false
    },
    {
        "date": "2020-11-22T11:16:47.564Z",
        "value": "3.6460713687654573",
        "cumulative": false
    },
    {
        "date": "2020-11-22T11:17:26.161Z",
        "value": "3.561898428753848",
        "cumulative": false
    },
    {
        "date": "2020-11-22T11:18:03.697Z",
        "value": "3.645133107604374",
        "cumulative": false
    },
    {
        "date": "2020-11-22T11:18:40.552Z",
        "value": "3.4928549035858096",
        "cumulative": false
    },
    {
        "date": "2020-11-22T11:19:17.567Z",
        "value": "3.499354154196595",
        "cumulative": false
    },
    {
        "date": "2020-11-22T11:19:52.630Z",
        "value": "3.5769678675672005",
        "cumulative": false
    },
    {
        "date": "2020-11-22T11:20:30.211Z",
        "value": "3.5481791633386583",
        "cumulative": false
    },
    {
        "date": "2020-11-22T11:21:05.974Z",
        "value": "3.4841095620013296",
        "cumulative": false
    },
    {
        "date": "2020-11-22T11:21:44.282Z",
        "value": "3.6647542537061994",
        "cumulative": false
    },
    {
        "date": "2020-11-22T11:22:21.588Z",
        "value": "3.48058867872807",
        "cumulative": false
    },
    {
        "date": "2020-11-22T11:23:00.062Z",
        "value": "3.592539300422204",
        "cumulative": false
    },
    {
        "date": "2020-11-22T11:23:36.243Z",
        "value": "3.5783442493726887",
        "cumulative": false
    },
    {
        "date": "2020-11-22T11:24:13.779Z",
        "value": "3.667728982243731",
        "cumulative": false
    },
    {
        "date": "2020-11-22T11:24:50.908Z",
        "value": "3.628115269906241",
        "cumulative": false
    },
    {
        "date": "2020-11-22T11:25:28.675Z",
        "value": "3.5355852537408246",
        "cumulative": false
    },
    {
        "date": "2020-11-22T11:26:06.953Z",
        "value": "3.509718331111271",
        "cumulative": false
    },
    {
        "date": "2020-11-22T11:26:44.416Z",
        "value": "3.4990392060481628",
        "cumulative": false
    },
    {
        "date": "2020-11-22T11:27:19.895Z",
        "value": "3.6238929744270543",
        "cumulative": false
    },
    {
        "date": "2020-11-22T11:27:57.916Z",
        "value": "3.6145211461482956",
        "cumulative": false
    },
    {
        "date": "2020-11-22T11:28:40.059Z",
        "value": "3.6796942092080154",
        "cumulative": false
    },
    {
        "date": "2020-11-22T11:29:17.069Z",
        "value": "3.5659246614355498",
        "cumulative": false
    },
    {
        "date": "2020-11-22T11:29:54.795Z",
        "value": "3.4940395195807494",
        "cumulative": false
    },
    {
        "date": "2020-11-22T11:30:32.188Z",
        "value": "3.55945136153109",
        "cumulative": false
    },
    {
        "date": "2020-11-22T11:31:08.302Z",
        "value": "3.5868830415775808",
        "cumulative": false
    },
    {
        "date": "2020-11-22T11:31:47.319Z",
        "value": "3.527084275506512",
        "cumulative": false
    },
    {
        "date": "2020-11-22T11:32:24.221Z",
        "value": "3.3971042585012596",
        "cumulative": false
    },
    {
        "date": "2020-11-22T11:33:02.665Z",
        "value": "3.456436820652174",
        "cumulative": false
    },
    {
        "date": "2020-11-22T11:33:38.016Z",
        "value": "3.559879561761879",
        "cumulative": false
    },
    {
        "date": "2020-11-22T11:34:18.037Z",
        "value": "3.7690441658437757",
        "cumulative": false
    },
    {
        "date": "2020-11-22T11:34:54.127Z",
        "value": "3.670168865515564",
        "cumulative": false
    },
    {
        "date": "2020-11-22T11:35:33.744Z",
        "value": "3.517083656709326",
        "cumulative": false
    },
    {
        "date": "2020-11-22T11:36:11.038Z",
        "value": "3.419814932336429",
        "cumulative": false
    },
    {
        "date": "2020-11-22T11:36:50.863Z",
        "value": "3.43016102825242",
        "cumulative": false
    },
    {
        "date": "2020-11-22T11:37:27.213Z",
        "value": "3.4253241880783794",
        "cumulative": false
    },
    {
        "date": "2020-11-22T11:38:05.190Z",
        "value": "3.434337095237247",
        "cumulative": false
    },
    {
        "date": "2020-11-22T11:38:20.393Z",
        "value": "3.4347591400146484",
        "cumulative": false
    },
    {
        "date": "2020-11-22T11:38:29.286Z",
        "value": "3.020021727804975",
        "cumulative": false
    },
    {
        "date": "2020-11-22T11:39:08.580Z",
        "value": "3.3582407743318035",
        "cumulative": false
    },
    {
        "date": "2020-11-22T11:39:45.573Z",
        "value": "3.4126819413458978",
        "cumulative": false
    },
    {
        "date": "2020-11-22T11:40:22.946Z",
        "value": "3.3579686875665957",
        "cumulative": false
    },
    {
        "date": "2020-11-22T11:40:59.448Z",
        "value": "3.397804346998511",
        "cumulative": false
    },
    {
        "date": "2020-11-22T11:41:36.423Z",
        "value": "3.387031120296071",
        "cumulative": false
    },
    {
        "date": "2020-11-22T11:42:12.575Z",
        "value": "3.5413796748545776",
        "cumulative": false
    },
    {
        "date": "2020-11-22T11:42:50.420Z",
        "value": "3.307501790735336",
        "cumulative": false
    },
    {
        "date": "2020-11-22T11:43:26.170Z",
        "value": "3.3973803256507957",
        "cumulative": false
    },
    {
        "date": "2020-11-22T11:44:03.781Z",
        "value": "3.343640499236747",
        "cumulative": false
    },
    {
        "date": "2020-11-22T11:44:39.113Z",
        "value": "3.317943431712963",
        "cumulative": false
    },
    {
        "date": "2020-11-22T11:45:16.855Z",
        "value": "3.380710192646262",
        "cumulative": false
    },
    {
        "date": "2020-11-22T11:45:52.874Z",
        "value": "3.5268523286776525",
        "cumulative": false
    },
    {
        "date": "2020-11-22T11:46:30.297Z",
        "value": "3.382245108657368",
        "cumulative": false
    },
    {
        "date": "2020-11-22T11:47:05.979Z",
        "value": "3.30765407054721",
        "cumulative": false
    },
    {
        "date": "2020-11-22T11:47:44.310Z",
        "value": "3.378580817791996",
        "cumulative": false
    },
    {
        "date": "2020-11-22T11:48:19.700Z",
        "value": "3.5831913967406006",
        "cumulative": false
    },
    {
        "date": "2020-11-22T11:48:58.447Z",
        "value": "3.5862379997007308",
        "cumulative": false
    },
    {
        "date": "2020-11-22T11:49:35.335Z",
        "value": "3.4825908200108127",
        "cumulative": false
    },
    {
        "date": "2020-11-22T11:50:13.724Z",
        "value": "3.290437353348976",
        "cumulative": false
    },
    {
        "date": "2020-11-22T11:50:49.118Z",
        "value": "3.3758697839329104",
        "cumulative": false
    },
    {
        "date": "2020-11-22T11:51:28.534Z",
        "value": "3.3454377608664365",
        "cumulative": false
    },
    {
        "date": "2020-11-22T11:52:04.777Z",
        "value": "3.5181653033672173",
        "cumulative": false
    },
    {
        "date": "2020-11-22T11:52:43.124Z",
        "value": "3.220749714978952",
        "cumulative": false
    },
    {
        "date": "2020-11-22T11:53:20.644Z",
        "value": "3.2730933039390613",
        "cumulative": false
    },
    {
        "date": "2020-11-22T11:54:00.351Z",
        "value": "3.532054397759339",
        "cumulative": false
    },
    {
        "date": "2020-11-22T11:54:36.939Z",
        "value": "3.418895309299795",
        "cumulative": false
    },
    {
        "date": "2020-11-22T11:55:14.279Z",
        "value": "3.434112395925435",
        "cumulative": false
    },
    {
        "date": "2020-11-22T11:55:50.318Z",
        "value": "3.4546810875512994",
        "cumulative": false
    },
    {
        "date": "2020-11-22T11:56:29.643Z",
        "value": "3.4857247537482565",
        "cumulative": false
    },
    {
        "date": "2020-11-22T11:57:05.387Z",
        "value": "3.4026861236334507",
        "cumulative": false
    },
    {
        "date": "2020-11-22T11:57:43.532Z",
        "value": "3.4429475041746183",
        "cumulative": false
    },
    {
        "date": "2020-11-22T11:58:20.987Z",
        "value": "3.485632208276798",
        "cumulative": false
    },
    {
        "date": "2020-11-22T11:58:58.592Z",
        "value": "3.5299821634354664",
        "cumulative": false
    },
    {
        "date": "2020-11-22T11:59:34.159Z",
        "value": "3.265246130390177",
        "cumulative": false
    },
    {
        "date": "2020-11-22T12:00:12.460Z",
        "value": "3.2979941095865213",
        "cumulative": false
    },
    {
        "date": "2020-11-22T12:00:49.145Z",
        "value": "3.3892840404856908",
        "cumulative": false
    },
    {
        "date": "2020-11-22T12:01:27.353Z",
        "value": "3.576065208574274",
        "cumulative": false
    },
    {
        "date": "2020-11-22T12:02:03.887Z",
        "value": "3.2814587097859977",
        "cumulative": false
    },
    {
        "date": "2020-11-22T12:02:42.820Z",
        "value": "3.732700422866367",
        "cumulative": false
    },
    {
        "date": "2020-11-22T12:03:18.407Z",
        "value": "3.5075178450577993",
        "cumulative": false
    },
    {
        "date": "2020-11-22T12:03:55.892Z",
        "value": "3.2360035384974166",
        "cumulative": false
    },
    {
        "date": "2020-11-22T12:04:33.238Z",
        "value": "3.388085783265333",
        "cumulative": false
    },
    {
        "date": "2020-11-22T12:05:10.346Z",
        "value": "3.51513671875",
        "cumulative": false
    },
    {
        "date": "2020-11-22T12:05:46.418Z",
        "value": "3.330446120689655",
        "cumulative": false
    },
    {
        "date": "2020-11-22T12:06:24.812Z",
        "value": "3.4876533621534582",
        "cumulative": false
    },
    {
        "date": "2020-11-22T12:07:00.537Z",
        "value": "3.4724775622466706",
        "cumulative": false
    },
    {
        "date": "2020-11-22T12:07:44.477Z",
        "value": "3.416252890323026",
        "cumulative": false
    },
    {
        "date": "2020-11-22T12:08:20.317Z",
        "value": "3.436114826888489",
        "cumulative": false
    },
    {
        "date": "2020-11-22T12:08:59.923Z",
        "value": "3.2574632057205926",
        "cumulative": false
    },
    {
        "date": "2020-11-22T12:09:35.685Z",
        "value": "3.2865097214161345",
        "cumulative": false
    },
    {
        "date": "2020-11-22T12:10:15.608Z",
        "value": "3.3558515875869683",
        "cumulative": false
    },
    {
        "date": "2020-11-22T12:10:51.484Z",
        "value": "3.277012454961197",
        "cumulative": false
    },
    {
        "date": "2020-11-22T12:11:28.517Z",
        "value": "3.2273904551630435",
        "cumulative": false
    },
    {
        "date": "2020-11-22T12:12:05.503Z",
        "value": "3.4748203425233326",
        "cumulative": false
    },
    {
        "date": "2020-11-22T12:12:42.760Z",
        "value": "3.539532944492009",
        "cumulative": false
    },
    {
        "date": "2020-11-22T12:13:17.847Z",
        "value": "3.337145141569071",
        "cumulative": false
    },
    {
        "date": "2020-11-22T12:13:55.456Z",
        "value": "3.439860067753716",
        "cumulative": false
    },
    {
        "date": "2020-11-22T12:14:32.290Z",
        "value": "3.20584080999861",
        "cumulative": false
    },
    {
        "date": "2020-11-22T12:15:10.118Z",
        "value": "3.2673078847090755",
        "cumulative": false
    },
    {
        "date": "2020-11-22T12:15:46.955Z",
        "value": "3.1473298224233983",
        "cumulative": false
    },
    {
        "date": "2020-11-22T12:16:26.276Z",
        "value": "3.355221504696532",
        "cumulative": false
    },
    {
        "date": "2020-11-22T12:17:01.318Z",
        "value": "3.271016243287168",
        "cumulative": false
    },
    {
        "date": "2020-11-22T12:17:39.402Z",
        "value": "3.2575955468312814",
        "cumulative": false
    },
    {
        "date": "2020-11-22T12:18:16.181Z",
        "value": "3.370221927623057",
        "cumulative": false
    },
    {
        "date": "2020-11-22T12:18:55.609Z",
        "value": "3.26759809775296",
        "cumulative": false
    },
    {
        "date": "2020-11-22T12:19:33.313Z",
        "value": "3.328412038208502",
        "cumulative": false
    },
    {
        "date": "2020-11-22T12:20:10.351Z",
        "value": "3.469015431568088",
        "cumulative": false
    },
    {
        "date": "2020-11-22T12:20:45.342Z",
        "value": "3.4085056440785753",
        "cumulative": false
    },
    {
        "date": "2020-11-22T12:21:23.859Z",
        "value": "3.3512894498052406",
        "cumulative": false
    },
    {
        "date": "2020-11-22T12:22:00.089Z",
        "value": "3.29754474256116",
        "cumulative": false
    },
    {
        "date": "2020-11-22T12:22:39.696Z",
        "value": "3.2758756564579867",
        "cumulative": false
    },
    {
        "date": "2020-11-22T12:23:15.468Z",
        "value": "3.273933386876947",
        "cumulative": false
    },
    {
        "date": "2020-11-22T12:23:54.384Z",
        "value": "3.258986162035791",
        "cumulative": false
    },
    {
        "date": "2020-11-22T12:24:32.134Z",
        "value": "3.1622550075619023",
        "cumulative": false
    },
    {
        "date": "2020-11-22T12:25:08.961Z",
        "value": "3.468165466183265",
        "cumulative": false
    },
    {
        "date": "2020-11-22T12:25:45.290Z",
        "value": "3.427681834168268",
        "cumulative": false
    },
    {
        "date": "2020-11-22T12:26:23.493Z",
        "value": "3.312441910423681",
        "cumulative": false
    },
    {
        "date": "2020-11-22T12:26:59.093Z",
        "value": "3.389124507397677",
        "cumulative": false
    },
    {
        "date": "2020-11-22T12:27:35.757Z",
        "value": "3.4083818946379782",
        "cumulative": false
    },
    {
        "date": "2020-11-22T12:28:11.185Z",
        "value": "3.307642308078778",
        "cumulative": false
    },
    {
        "date": "2020-11-22T12:28:48.916Z",
        "value": "3.329294385255628",
        "cumulative": false
    },
    {
        "date": "2020-11-22T12:29:25.812Z",
        "value": "3.451116138480024",
        "cumulative": false
    },
    {
        "date": "2020-11-22T12:30:03.911Z",
        "value": "3.3579080677929856",
        "cumulative": false
    },
    {
        "date": "2020-11-22T12:30:39.734Z",
        "value": "3.4910688472455846",
        "cumulative": false
    },
    {
        "date": "2020-11-22T12:31:18.362Z",
        "value": "3.303342957427536",
        "cumulative": false
    },
    {
        "date": "2020-11-22T12:31:51.810Z",
        "value": "3.1338338290262597",
        "cumulative": false
    },
    {
        "date": "2020-11-22T12:32:30.080Z",
        "value": "3.158745342028214",
        "cumulative": false
    },
    {
        "date": "2020-11-22T12:33:05.271Z",
        "value": "3.1368440523167007",
        "cumulative": false
    },
    {
        "date": "2020-11-22T12:33:41.600Z",
        "value": "3.4641625587916063",
        "cumulative": false
    },
    {
        "date": "2020-11-22T12:34:16.053Z",
        "value": "3.2068581345160414",
        "cumulative": false
    },
    {
        "date": "2020-11-22T12:34:54.816Z",
        "value": "3.3120880732117564",
        "cumulative": false
    },
    {
        "date": "2020-11-22T12:35:31.370Z",
        "value": "3.404386999919666",
        "cumulative": false
    },
    {
        "date": "2020-11-22T12:36:10.449Z",
        "value": "3.2756635123239435",
        "cumulative": false
    },
    {
        "date": "2020-11-22T12:36:52.195Z",
        "value": "3.317911973110465",
        "cumulative": false
    },
    {
        "date": "2020-11-22T12:37:30.141Z",
        "value": "3.3379931071279842",
        "cumulative": false
    },
    {
        "date": "2020-11-22T12:38:07.042Z",
        "value": "3.266933748379061",
        "cumulative": false
    },
    {
        "date": "2020-11-22T12:38:46.976Z",
        "value": "3.2984460499316004",
        "cumulative": false
    },
    {
        "date": "2020-11-22T12:39:23.539Z",
        "value": "3.5243743388274638",
        "cumulative": false
    },
    {
        "date": "2020-11-22T12:40:01.512Z",
        "value": "3.416659691220238",
        "cumulative": false
    },
    {
        "date": "2020-11-22T12:40:37.597Z",
        "value": "3.282056624020324",
        "cumulative": false
    },
    {
        "date": "2020-11-22T12:41:17.395Z",
        "value": "3.5287464537335436",
        "cumulative": false
    },
    {
        "date": "2020-11-22T12:41:51.863Z",
        "value": "3.247192349432595",
        "cumulative": false
    },
    {
        "date": "2020-11-22T12:42:32.185Z",
        "value": "3.375695235799439",
        "cumulative": false
    },
    {
        "date": "2020-11-22T12:43:08.743Z",
        "value": "3.3768030822480926",
        "cumulative": false
    },
    {
        "date": "2020-11-22T12:43:48.617Z",
        "value": "3.414372360641892",
        "cumulative": false
    },
    {
        "date": "2020-11-22T12:44:25.286Z",
        "value": "3.1662179129464287",
        "cumulative": false
    },
    {
        "date": "2020-11-22T12:45:03.332Z",
        "value": "3.1959388413874272",
        "cumulative": false
    },
    {
        "date": "2020-11-22T12:45:38.453Z",
        "value": "3.329648305326002",
        "cumulative": false
    },
    {
        "date": "2020-11-22T12:46:16.084Z",
        "value": "3.4113839886883923",
        "cumulative": false
    },
    {
        "date": "2020-11-22T12:46:52.469Z",
        "value": "3.2621219919429425",
        "cumulative": false
    },
    {
        "date": "2020-11-22T12:47:31.569Z",
        "value": "3.2549207238240294",
        "cumulative": false
    },
    {
        "date": "2020-11-22T12:48:08.010Z",
        "value": "3.473684540092696",
        "cumulative": false
    },
    {
        "date": "2020-11-22T12:48:45.609Z",
        "value": "3.3649891907416642",
        "cumulative": false
    },
    {
        "date": "2020-11-22T12:49:20.691Z",
        "value": "3.28425976067202",
        "cumulative": false
    },
    {
        "date": "2020-11-22T12:49:58.125Z",
        "value": "3.2948806686948426",
        "cumulative": false
    },
    {
        "date": "2020-11-22T12:50:32.806Z",
        "value": "3.3971493844037335",
        "cumulative": false
    },
    {
        "date": "2020-11-22T12:51:10.231Z",
        "value": "3.302822350952847",
        "cumulative": false
    },
    {
        "date": "2020-11-22T12:51:47.393Z",
        "value": "3.2489799971114963",
        "cumulative": false
    },
    {
        "date": "2020-11-22T12:52:26.506Z",
        "value": "3.480603889343679",
        "cumulative": false
    },
    {
        "date": "2020-11-22T12:53:01.499Z",
        "value": "3.1557557744565217",
        "cumulative": false
    },
    {
        "date": "2020-11-22T12:53:41.044Z",
        "value": "3.2614867867855217",
        "cumulative": false
    },
    {
        "date": "2020-11-22T12:54:16.987Z",
        "value": "3.2784540844679078",
        "cumulative": false
    },
    {
        "date": "2020-11-22T12:54:54.798Z",
        "value": "3.3308777195542585",
        "cumulative": false
    },
    {
        "date": "2020-11-22T12:55:31.049Z",
        "value": "3.401079850123066",
        "cumulative": false
    },
    {
        "date": "2020-11-22T12:56:08.611Z",
        "value": "3.3939931046676097",
        "cumulative": false
    },
    {
        "date": "2020-11-22T12:56:45.407Z",
        "value": "3.3801618651127305",
        "cumulative": false
    },
    {
        "date": "2020-11-22T12:57:26.369Z",
        "value": "3.19388779081917",
        "cumulative": false
    },
    {
        "date": "2020-11-22T12:58:03.364Z",
        "value": "3.3264769565427175",
        "cumulative": false
    },
    {
        "date": "2020-11-22T12:58:42.692Z",
        "value": "3.3845529654765416",
        "cumulative": false
    },
    {
        "date": "2020-11-22T12:59:17.872Z",
        "value": "3.2897919212639666",
        "cumulative": false
    },
    {
        "date": "2020-11-22T12:59:55.614Z",
        "value": "3.3926017699655038",
        "cumulative": false
    },
    {
        "date": "2020-11-22T13:00:34.146Z",
        "value": "3.2681785789695947",
        "cumulative": false
    },
    {
        "date": "2020-11-22T13:01:12.698Z",
        "value": "3.2159206555306006",
        "cumulative": false
    },
    {
        "date": "2020-11-22T13:01:50.346Z",
        "value": "3.342534081444343",
        "cumulative": false
    },
    {
        "date": "2020-11-22T13:02:29.606Z",
        "value": "3.2782335691260744",
        "cumulative": false
    },
    {
        "date": "2020-11-22T13:03:06.497Z",
        "value": "3.1793523938593293",
        "cumulative": false
    },
    {
        "date": "2020-11-22T13:03:43.353Z",
        "value": "3.3532505696388966",
        "cumulative": false
    },
    {
        "date": "2020-11-22T13:04:20.728Z",
        "value": "3.3715267087438425",
        "cumulative": false
    },
    {
        "date": "2020-11-22T13:04:58.025Z",
        "value": "3.364696509251291",
        "cumulative": false
    },
    {
        "date": "2020-11-22T13:05:41.949Z",
        "value": "3.3627668626237623",
        "cumulative": false
    },
    {
        "date": "2020-11-22T13:06:19.550Z",
        "value": "3.240973135590325",
        "cumulative": false
    },
    {
        "date": "2020-11-22T13:06:55.068Z",
        "value": "3.4215299030172415",
        "cumulative": false
    },
    {
        "date": "2020-11-22T13:07:33.360Z",
        "value": "3.249143455615942",
        "cumulative": false
    },
    {
        "date": "2020-11-22T13:08:10.643Z",
        "value": "3.290690386002886",
        "cumulative": false
    },
    {
        "date": "2020-11-22T13:08:48.689Z",
        "value": "3.1683033211883407",
        "cumulative": false
    },
    {
        "date": "2020-11-22T13:09:26.116Z",
        "value": "3.247693691881259",
        "cumulative": false
    },
    {
        "date": "2020-11-22T13:10:03.127Z",
        "value": "3.2981344684863205",
        "cumulative": false
    },
    {
        "date": "2020-11-22T13:10:39.592Z",
        "value": "3.1845465542638114",
        "cumulative": false
    },
    {
        "date": "2020-11-22T13:11:16.585Z",
        "value": "3.353729366057618",
        "cumulative": false
    },
    {
        "date": "2020-11-22T13:11:53.850Z",
        "value": "3.202565959017214",
        "cumulative": false
    },
    {
        "date": "2020-11-22T13:12:31.871Z",
        "value": "3.3908678756476682",
        "cumulative": false
    },
    {
        "date": "2020-11-22T13:13:07.734Z",
        "value": "3.410848229029062",
        "cumulative": false
    },
    {
        "date": "2020-11-22T13:13:46.260Z",
        "value": "3.2732036975773617",
        "cumulative": false
    },
    {
        "date": "2020-11-22T13:14:23.396Z",
        "value": "3.233969534430122",
        "cumulative": false
    },
    {
        "date": "2020-11-22T13:15:00.772Z",
        "value": "3.2739107512825574",
        "cumulative": false
    },
    {
        "date": "2020-11-22T13:15:16.193Z",
        "value": "3.241795301437378",
        "cumulative": false
    },
    {
        "date": "2020-11-22T13:15:36.364Z",
        "value": "2.509252011563272",
        "cumulative": false
    },
    {
        "date": "2020-11-22T13:16:14.532Z",
        "value": "3.0181630848512238",
        "cumulative": false
    },
    {
        "date": "2020-11-22T13:16:49.982Z",
        "value": "3.3249036325074064",
        "cumulative": false
    },
    {
        "date": "2020-11-22T13:17:28.146Z",
        "value": "3.2114103201116375",
        "cumulative": false
    },
    {
        "date": "2020-11-22T13:18:03.249Z",
        "value": "3.0423906580338267",
        "cumulative": false
    },
    {
        "date": "2020-11-22T13:18:41.053Z",
        "value": "3.1389850164757993",
        "cumulative": false
    },
    {
        "date": "2020-11-22T13:19:18.630Z",
        "value": "3.5154660964652447",
        "cumulative": false
    },
    {
        "date": "2020-11-22T13:19:57.313Z",
        "value": "3.0236505862860055",
        "cumulative": false
    },
    {
        "date": "2020-11-22T13:20:33.185Z",
        "value": "3.1737557484670753",
        "cumulative": false
    },
    {
        "date": "2020-11-22T13:21:12.633Z",
        "value": "3.1774602521929824",
        "cumulative": false
    },
    {
        "date": "2020-11-22T13:21:48.511Z",
        "value": "3.23808330177637",
        "cumulative": false
    },
    {
        "date": "2020-11-22T13:22:28.309Z",
        "value": "3.1968370823810166",
        "cumulative": false
    },
    {
        "date": "2020-11-22T13:23:03.723Z",
        "value": "3.2344653475386633",
        "cumulative": false
    },
    {
        "date": "2020-11-22T13:23:40.937Z",
        "value": "3.3485087432947487",
        "cumulative": false
    },
    {
        "date": "2020-11-22T13:24:16.287Z",
        "value": "3.116406462816671",
        "cumulative": false
    },
    {
        "date": "2020-11-22T13:24:54.501Z",
        "value": "3.1703082219273933",
        "cumulative": false
    },
    {
        "date": "2020-11-22T13:25:29.504Z",
        "value": "3.17814285082986",
        "cumulative": false
    },
    {
        "date": "2020-11-22T13:26:06.447Z",
        "value": "3.142115484089612",
        "cumulative": false
    },
    {
        "date": "2020-11-22T13:26:43.551Z",
        "value": "3.194817931866953",
        "cumulative": false
    },
    {
        "date": "2020-11-22T13:27:21.427Z",
        "value": "3.1616217569953817",
        "cumulative": false
    },
    {
        "date": "2020-11-22T13:27:58.064Z",
        "value": "3.3229033057369404",
        "cumulative": false
    },
    {
        "date": "2020-11-22T13:28:36.240Z",
        "value": "3.360967243802604",
        "cumulative": false
    },
    {
        "date": "2020-11-22T13:29:12.643Z",
        "value": "3.1481358350905695",
        "cumulative": false
    },
    {
        "date": "2020-11-22T13:29:50.324Z",
        "value": "3.2775161148248158",
        "cumulative": false
    },
    {
        "date": "2020-11-22T13:30:27.464Z",
        "value": "3.179976172713251",
        "cumulative": false
    },
    {
        "date": "2020-11-22T13:31:04.347Z",
        "value": "3.2466916509319566",
        "cumulative": false
    },
    {
        "date": "2020-11-22T13:31:40.119Z",
        "value": "3.24742694112628",
        "cumulative": false
    },
    {
        "date": "2020-11-22T13:32:17.474Z",
        "value": "3.400353267275054",
        "cumulative": false
    },
    {
        "date": "2020-11-22T13:32:53.953Z",
        "value": "3.4277627604166665",
        "cumulative": false
    },
    {
        "date": "2020-11-22T13:33:32.327Z",
        "value": "3.0796712021931",
        "cumulative": false
    },
    {
        "date": "2020-11-22T13:34:07.352Z",
        "value": "3.085553530838345",
        "cumulative": false
    },
    {
        "date": "2020-11-22T13:34:45.037Z",
        "value": "3.1321477331112435",
        "cumulative": false
    },
    {
        "date": "2020-11-22T13:35:21.723Z",
        "value": "3.0388650603881597",
        "cumulative": false
    },
    {
        "date": "2020-11-22T13:36:00.792Z",
        "value": "3.5602838380417956",
        "cumulative": false
    },
    {
        "date": "2020-11-22T13:36:36.208Z",
        "value": "3.337141688539318",
        "cumulative": false
    },
    {
        "date": "2020-11-22T13:37:11.606Z",
        "value": "3.1949087952988133",
        "cumulative": false
    },
    {
        "date": "2020-11-22T13:37:48.674Z",
        "value": "3.079499752050834",
        "cumulative": false
    },
    {
        "date": "2020-11-22T13:38:27.224Z",
        "value": "3.05836908679649",
        "cumulative": false
    },
    {
        "date": "2020-11-22T13:39:04.930Z",
        "value": "3.145128645122783",
        "cumulative": false
    },
    {
        "date": "2020-11-22T13:39:42.850Z",
        "value": "3.183566288558106",
        "cumulative": false
    },
    {
        "date": "2020-11-22T13:40:19.540Z",
        "value": "3.228877314814815",
        "cumulative": false
    },
    {
        "date": "2020-11-22T13:40:57.787Z",
        "value": "3.378716798035502",
        "cumulative": false
    },
    {
        "date": "2020-11-22T13:41:33.646Z",
        "value": "3.328844148990939",
        "cumulative": false
    },
    {
        "date": "2020-11-22T13:42:12.661Z",
        "value": "3.122838534907864",
        "cumulative": false
    },
    {
        "date": "2020-11-22T13:42:49.259Z",
        "value": "3.2596703767123287",
        "cumulative": false
    },
    {
        "date": "2020-11-22T13:43:26.652Z",
        "value": "3.2195533829338054",
        "cumulative": false
    },
    {
        "date": "2020-11-22T13:44:03.839Z",
        "value": "3.3629512029121735",
        "cumulative": false
    },
    {
        "date": "2020-11-22T13:44:48.645Z",
        "value": "3.1283385690334624",
        "cumulative": false
    },
    {
        "date": "2020-11-22T13:45:23.383Z",
        "value": "3.1613491720470637",
        "cumulative": false
    },
    {
        "date": "2020-11-22T13:46:01.016Z",
        "value": "3.0697163856596488",
        "cumulative": false
    },
    {
        "date": "2020-11-22T13:46:35.845Z",
        "value": "3.255954318576389",
        "cumulative": false
    },
    {
        "date": "2020-11-22T13:47:14.207Z",
        "value": "3.28754306919019",
        "cumulative": false
    },
    {
        "date": "2020-11-22T13:47:50.779Z",
        "value": "3.099355590566528",
        "cumulative": false
    },
    {
        "date": "2020-11-22T13:48:30.343Z",
        "value": "3.0212419837345945",
        "cumulative": false
    },
    {
        "date": "2020-11-22T13:49:07.297Z",
        "value": "3.3526718228732277",
        "cumulative": false
    },
    {
        "date": "2020-11-22T13:49:45.504Z",
        "value": "3.0069937024797713",
        "cumulative": false
    },
    {
        "date": "2020-11-22T13:50:20.684Z",
        "value": "3.2972516885341263",
        "cumulative": false
    },
    {
        "date": "2020-11-22T13:50:57.953Z",
        "value": "3.229345521414806",
        "cumulative": false
    },
    {
        "date": "2020-11-22T13:51:35.222Z",
        "value": "3.2484799380036122",
        "cumulative": false
    },
    {
        "date": "2020-11-22T13:52:13.308Z",
        "value": "3.3398380902594837",
        "cumulative": false
    },
    {
        "date": "2020-11-22T13:52:48.133Z",
        "value": "3.1527377349819643",
        "cumulative": false
    },
    {
        "date": "2020-11-22T13:53:27.719Z",
        "value": "3.115463030712804",
        "cumulative": false
    },
    {
        "date": "2020-11-22T13:54:03.745Z",
        "value": "3.347382888964625",
        "cumulative": false
    },
    {
        "date": "2020-11-22T13:54:42.534Z",
        "value": "3.268131251204084",
        "cumulative": false
    },
    {
        "date": "2020-11-22T13:55:18.841Z",
        "value": "3.1416848923283984",
        "cumulative": false
    },
    {
        "date": "2020-11-22T13:55:57.501Z",
        "value": "3.3082615721265856",
        "cumulative": false
    },
    {
        "date": "2020-11-22T13:56:33.366Z",
        "value": "3.3691824570716395",
        "cumulative": false
    },
    {
        "date": "2020-11-22T13:57:11.774Z",
        "value": "3.351113201962111",
        "cumulative": false
    },
    {
        "date": "2020-11-22T13:57:47.566Z",
        "value": "3.1444280620234206",
        "cumulative": false
    },
    {
        "date": "2020-11-22T13:58:25.304Z",
        "value": "3.317066941834304",
        "cumulative": false
    },
    {
        "date": "2020-11-22T13:59:01.849Z",
        "value": "3.283529337327403",
        "cumulative": false
    },
    {
        "date": "2020-11-22T13:59:41.273Z",
        "value": "3.269109310605557",
        "cumulative": false
    },
    {
        "date": "2020-11-22T14:00:16.902Z",
        "value": "3.214599132670851",
        "cumulative": false
    },
    {
        "date": "2020-11-22T14:00:54.412Z",
        "value": "3.201085785390752",
        "cumulative": false
    },
    {
        "date": "2020-11-22T14:01:30.939Z",
        "value": "3.1456537485603224",
        "cumulative": false
    },
    {
        "date": "2020-11-22T14:02:08.822Z",
        "value": "3.3323040853805397",
        "cumulative": false
    },
    {
        "date": "2020-11-22T14:02:44.846Z",
        "value": "3.1593989714086472",
        "cumulative": false
    },
    {
        "date": "2020-11-22T14:03:21.852Z",
        "value": "3.188503593537992",
        "cumulative": false
    },
    {
        "date": "2020-11-22T14:03:57.894Z",
        "value": "3.039169666170197",
        "cumulative": false
    },
    {
        "date": "2020-11-22T14:04:37.144Z",
        "value": "3.306591864597781",
        "cumulative": false
    },
    {
        "date": "2020-11-22T14:05:11.789Z",
        "value": "3.366730558835788",
        "cumulative": false
    },
    {
        "date": "2020-11-22T14:05:49.321Z",
        "value": "3.2112149826290914",
        "cumulative": false
    },
    {
        "date": "2020-11-22T14:06:24.642Z",
        "value": "3.3652027345895115",
        "cumulative": false
    },
    {
        "date": "2020-11-22T14:07:04.185Z",
        "value": "3.159540806440248",
        "cumulative": false
    },
    {
        "date": "2020-11-22T14:07:40.946Z",
        "value": "3.2330378401360544",
        "cumulative": false
    },
    {
        "date": "2020-11-22T14:08:18.783Z",
        "value": "3.334623186867173",
        "cumulative": false
    },
    {
        "date": "2020-11-22T14:08:53.736Z",
        "value": "3.1696205170975813",
        "cumulative": false
    },
    {
        "date": "2020-11-22T14:09:31.977Z",
        "value": "3.4925737482492996",
        "cumulative": false
    },
    {
        "date": "2020-11-22T14:10:08.477Z",
        "value": "3.0404538034260518",
        "cumulative": false
    },
    {
        "date": "2020-11-22T14:10:45.458Z",
        "value": "3.388768155809859",
        "cumulative": false
    },
    {
        "date": "2020-11-22T14:11:22.947Z",
        "value": "3.2958347963483146",
        "cumulative": false
    },
    {
        "date": "2020-11-22T14:12:01.215Z",
        "value": "3.1192121641866417",
        "cumulative": false
    },
    {
        "date": "2020-11-22T14:12:37.941Z",
        "value": "3.070287031600533",
        "cumulative": false
    },
    {
        "date": "2020-11-22T14:13:16.905Z",
        "value": "3.2451676895700174",
        "cumulative": false
    },
    {
        "date": "2020-11-22T14:13:58.524Z",
        "value": "3.2479902304876314",
        "cumulative": false
    },
    {
        "date": "2020-11-22T14:14:37.726Z",
        "value": "3.3864385253182157",
        "cumulative": false
    },
    {
        "date": "2020-11-22T14:15:15.071Z",
        "value": "3.3575191651044456",
        "cumulative": false
    },
    {
        "date": "2020-11-22T14:15:52.302Z",
        "value": "3.0863944605777136",
        "cumulative": false
    },
    {
        "date": "2020-11-22T14:16:27.359Z",
        "value": "3.144707803672316",
        "cumulative": false
    },
    {
        "date": "2020-11-22T14:17:05.433Z",
        "value": "3.2127846522536316",
        "cumulative": false
    },
    {
        "date": "2020-11-22T14:17:40.387Z",
        "value": "3.3663419335218308",
        "cumulative": false
    },
    {
        "date": "2020-11-22T14:18:17.262Z",
        "value": "3.185981258538251",
        "cumulative": false
    },
    {
        "date": "2020-11-22T14:18:53.478Z",
        "value": "3.25535418357684",
        "cumulative": false
    },
    {
        "date": "2020-11-22T14:19:32.033Z",
        "value": "3.1368918393556053",
        "cumulative": false
    },
    {
        "date": "2020-11-22T14:20:09.405Z",
        "value": "3.3147423968983145",
        "cumulative": false
    },
    {
        "date": "2020-11-22T14:20:47.585Z",
        "value": "3.2279060316381987",
        "cumulative": false
    },
    {
        "date": "2020-11-22T14:21:23.807Z",
        "value": "3.352959589278469",
        "cumulative": false
    },
    {
        "date": "2020-11-22T14:22:02.631Z",
        "value": "3.2701505656891197",
        "cumulative": false
    },
    {
        "date": "2020-11-22T14:22:38.215Z",
        "value": "3.2898747167545994",
        "cumulative": false
    },
    {
        "date": "2020-11-22T14:23:16.746Z",
        "value": "3.163037453794764",
        "cumulative": false
    },
    {
        "date": "2020-11-22T14:23:52.365Z",
        "value": "3.295447675839175",
        "cumulative": false
    },
    {
        "date": "2020-11-22T14:24:29.773Z",
        "value": "3.0756408112790865",
        "cumulative": false
    },
    {
        "date": "2020-11-22T14:25:05.887Z",
        "value": "3.1834452729061082",
        "cumulative": false
    },
    {
        "date": "2020-11-22T14:25:43.853Z",
        "value": "3.204950067759422",
        "cumulative": false
    },
    {
        "date": "2020-11-22T14:26:18.881Z",
        "value": "3.1986671162250753",
        "cumulative": false
    },
    {
        "date": "2020-11-22T14:26:57.803Z",
        "value": "3.1902465306980656",
        "cumulative": false
    },
    {
        "date": "2020-11-22T14:27:34.201Z",
        "value": "3.2291706748387567",
        "cumulative": false
    },
    {
        "date": "2020-11-22T14:28:13.711Z",
        "value": "3.317943574033243",
        "cumulative": false
    },
    {
        "date": "2020-11-22T14:28:47.898Z",
        "value": "3.1585894407434743",
        "cumulative": false
    },
    {
        "date": "2020-11-22T14:29:25.821Z",
        "value": "3.312804610799439",
        "cumulative": false
    },
    {
        "date": "2020-11-22T14:30:01.415Z",
        "value": "3.23476060591669",
        "cumulative": false
    },
    {
        "date": "2020-11-22T14:30:36.760Z",
        "value": "3.3293642414736166",
        "cumulative": false
    },
    {
        "date": "2020-11-22T14:31:12.940Z",
        "value": "3.259600258649932",
        "cumulative": false
    },
    {
        "date": "2020-11-22T14:31:51.726Z",
        "value": "3.1122490458487206",
        "cumulative": false
    },
    {
        "date": "2020-11-22T14:32:28.331Z",
        "value": "3.0828955454139164",
        "cumulative": false
    },
    {
        "date": "2020-11-22T14:33:05.907Z",
        "value": "3.3795162268001673",
        "cumulative": false
    },
    {
        "date": "2020-11-22T14:33:41.652Z",
        "value": "3.1012237847694504",
        "cumulative": false
    },
    {
        "date": "2020-11-22T14:34:21.445Z",
        "value": "3.2960397855293246",
        "cumulative": false
    },
    {
        "date": "2020-11-22T14:34:57.573Z",
        "value": "3.13368058398284",
        "cumulative": false
    },
    {
        "date": "2020-11-22T14:35:36.239Z",
        "value": "3.2936658687205105",
        "cumulative": false
    },
    {
        "date": "2020-11-22T14:36:13.938Z",
        "value": "3.246960607576594",
        "cumulative": false
    },
    {
        "date": "2020-11-22T14:36:53.525Z",
        "value": "3.267434857628701",
        "cumulative": false
    },
    {
        "date": "2020-11-22T14:37:28.892Z",
        "value": "3.242590156045216",
        "cumulative": false
    },
    {
        "date": "2020-11-22T14:38:08.588Z",
        "value": "3.299308998537542",
        "cumulative": false
    },
    {
        "date": "2020-11-22T14:38:44.017Z",
        "value": "3.1108703966903244",
        "cumulative": false
    },
    {
        "date": "2020-11-22T14:39:22.605Z",
        "value": "3.251773712527503",
        "cumulative": false
    },
    {
        "date": "2020-11-22T14:39:57.830Z",
        "value": "3.1539029557068323",
        "cumulative": false
    },
    {
        "date": "2020-11-22T14:40:36.889Z",
        "value": "3.2915690668327557",
        "cumulative": false
    },
    {
        "date": "2020-11-22T14:41:12.959Z",
        "value": "3.2767243747593686",
        "cumulative": false
    },
    {
        "date": "2020-11-22T14:41:50.899Z",
        "value": "3.4130378248957807",
        "cumulative": false
    },
    {
        "date": "2020-11-22T14:42:34.055Z",
        "value": "3.1860347508130364",
        "cumulative": false
    },
    {
        "date": "2020-11-22T14:43:15.062Z",
        "value": "3.254151133104092",
        "cumulative": false
    },
    {
        "date": "2020-11-22T14:43:51.170Z",
        "value": "3.142122987521301",
        "cumulative": false
    },
    {
        "date": "2020-11-22T14:44:27.989Z",
        "value": "3.24989959324583",
        "cumulative": false
    },
    {
        "date": "2020-11-22T14:45:05.330Z",
        "value": "3.248285766022061",
        "cumulative": false
    },
    {
        "date": "2020-11-22T14:45:44.848Z",
        "value": "3.199961725504323",
        "cumulative": false
    },
    {
        "date": "2020-11-22T14:46:20.849Z",
        "value": "3.179170896171694",
        "cumulative": false
    },
    {
        "date": "2020-11-22T14:46:58.706Z",
        "value": "3.160764757187325",
        "cumulative": false
    },
    {
        "date": "2020-11-22T14:47:36.159Z",
        "value": "3.2039945156994674",
        "cumulative": false
    },
    {
        "date": "2020-11-22T14:48:14.591Z",
        "value": "3.2543467813485805",
        "cumulative": false
    },
    {
        "date": "2020-11-22T14:48:49.413Z",
        "value": "3.18578851990003",
        "cumulative": false
    },
    {
        "date": "2020-11-22T14:49:26.927Z",
        "value": "3.1452559549825176",
        "cumulative": false
    },
    {
        "date": "2020-11-22T14:50:04.587Z",
        "value": "3.265799327146785",
        "cumulative": false
    },
    {
        "date": "2020-11-22T14:50:41.906Z",
        "value": "3.253645038167939",
        "cumulative": false
    },
    {
        "date": "2020-11-22T14:51:16.843Z",
        "value": "3.3572796963893197",
        "cumulative": false
    },
    {
        "date": "2020-11-22T14:51:57.007Z",
        "value": "3.2018847397214856",
        "cumulative": false
    },
    {
        "date": "2020-11-22T14:52:12.532Z",
        "value": "3.1535959243774414",
        "cumulative": false
    },
    {
        "date": "2020-11-22T14:52:32.275Z",
        "value": "2.4563251672359807",
        "cumulative": false
    },
    {
        "date": "2020-11-22T14:53:09.327Z",
        "value": "2.9832400135065127",
        "cumulative": false
    },
    {
        "date": "2020-11-22T14:53:43.572Z",
        "value": "3.0889632825420343",
        "cumulative": false
    },
    {
        "date": "2020-11-22T14:54:21.237Z",
        "value": "3.1830905476159117",
        "cumulative": false
    },
    {
        "date": "2020-11-22T14:54:56.250Z",
        "value": "3.1507076709353035",
        "cumulative": false
    },
    {
        "date": "2020-11-22T14:55:33.748Z",
        "value": "3.086424873422975",
        "cumulative": false
    },
    {
        "date": "2020-11-22T14:56:09.084Z",
        "value": "3.1341120357789856",
        "cumulative": false
    },
    {
        "date": "2020-11-22T14:56:46.710Z",
        "value": "3.2530532441106406",
        "cumulative": false
    },
    {
        "date": "2020-11-22T14:57:23.069Z",
        "value": "3.241758880124598",
        "cumulative": false
    },
    {
        "date": "2020-11-22T14:58:01.571Z",
        "value": "3.056502440392317",
        "cumulative": false
    },
    {
        "date": "2020-11-22T14:58:37.905Z",
        "value": "3.0521609222643553",
        "cumulative": false
    },
    {
        "date": "2020-11-22T14:59:16.463Z",
        "value": "3.3201370556960144",
        "cumulative": false
    },
    {
        "date": "2020-11-22T14:59:53.649Z",
        "value": "3.1286754927329774",
        "cumulative": false
    },
    {
        "date": "2020-11-22T15:00:30.853Z",
        "value": "3.0325011869820444",
        "cumulative": false
    },
    {
        "date": "2020-11-22T15:01:07.309Z",
        "value": "3.25334332345546",
        "cumulative": false
    },
    {
        "date": "2020-11-22T15:01:43.948Z",
        "value": "3.2659498143312535",
        "cumulative": false
    },
    {
        "date": "2020-11-22T15:02:20.095Z",
        "value": "3.2071855232950166",
        "cumulative": false
    },
    {
        "date": "2020-11-22T15:02:58.510Z",
        "value": "3.183450130508583",
        "cumulative": false
    },
    {
        "date": "2020-11-22T15:03:34.221Z",
        "value": "2.93294052179541",
        "cumulative": false
    },
    {
        "date": "2020-11-22T15:04:11.806Z",
        "value": "3.0145857393950632",
        "cumulative": false
    },
    {
        "date": "2020-11-22T15:04:47.315Z",
        "value": "3.0308887037540804",
        "cumulative": false
    },
    {
        "date": "2020-11-22T15:05:23.894Z",
        "value": "3.295725343830796",
        "cumulative": false
    },
    {
        "date": "2020-11-22T15:06:01.076Z",
        "value": "3.1967569754464287",
        "cumulative": false
    },
    {
        "date": "2020-11-22T15:06:38.332Z",
        "value": "3.072334378384782",
        "cumulative": false
    },
    {
        "date": "2020-11-22T15:07:15.263Z",
        "value": "3.1540249995266585",
        "cumulative": false
    },
    {
        "date": "2020-11-22T15:07:53.015Z",
        "value": "3.2220802505192108",
        "cumulative": false
    },
    {
        "date": "2020-11-22T15:08:28.756Z",
        "value": "3.1760250553591045",
        "cumulative": false
    },
    {
        "date": "2020-11-22T15:09:06.516Z",
        "value": "3.0448329726333427",
        "cumulative": false
    },
    {
        "date": "2020-11-22T15:09:43.606Z",
        "value": "3.164524535606496",
        "cumulative": false
    },
    {
        "date": "2020-11-22T15:10:22.040Z",
        "value": "3.2055115487411436",
        "cumulative": false
    },
    {
        "date": "2020-11-22T15:10:58.083Z",
        "value": "3.0945271610759923",
        "cumulative": false
    },
    {
        "date": "2020-11-22T15:11:35.666Z",
        "value": "3.040540344925199",
        "cumulative": false
    },
    {
        "date": "2020-11-22T15:12:10.332Z",
        "value": "3.320124863537118",
        "cumulative": false
    },
    {
        "date": "2020-11-22T15:12:48.826Z",
        "value": "3.078998823068714",
        "cumulative": false
    },
    {
        "date": "2020-11-22T15:13:24.910Z",
        "value": "3.1870168896558244",
        "cumulative": false
    },
    {
        "date": "2020-11-22T15:14:03.772Z",
        "value": "3.0857663057489044",
        "cumulative": false
    },
    {
        "date": "2020-11-22T15:14:40.411Z",
        "value": "3.0492660891495795",
        "cumulative": false
    },
    {
        "date": "2020-11-22T15:15:18.935Z",
        "value": "3.0712323156035395",
        "cumulative": false
    },
    {
        "date": "2020-11-22T15:15:55.528Z",
        "value": "2.8542416501774017",
        "cumulative": false
    },
    {
        "date": "2020-11-22T15:16:33.007Z",
        "value": "3.3493973214285715",
        "cumulative": false
    },
    {
        "date": "2020-11-22T15:17:09.305Z",
        "value": "3.065292056576236",
        "cumulative": false
    },
    {
        "date": "2020-11-22T15:17:46.507Z",
        "value": "3.0697788261161345",
        "cumulative": false
    },
    {
        "date": "2020-11-22T15:18:21.860Z",
        "value": "3.227261022597061",
        "cumulative": false
    },
    {
        "date": "2020-11-22T15:18:59.433Z",
        "value": "3.0550007963385193",
        "cumulative": false
    },
    {
        "date": "2020-11-22T15:19:35.125Z",
        "value": "3.046685221540498",
        "cumulative": false
    },
    {
        "date": "2020-11-22T15:20:12.465Z",
        "value": "3.2775297343147436",
        "cumulative": false
    },
    {
        "date": "2020-11-22T15:20:47.830Z",
        "value": "3.045083168253853",
        "cumulative": false
    },
    {
        "date": "2020-11-22T15:21:31.851Z",
        "value": "3.1710354769272704",
        "cumulative": false
    },
    {
        "date": "2020-11-22T15:22:06.885Z",
        "value": "2.9855433591650993",
        "cumulative": false
    },
    {
        "date": "2020-11-22T15:22:45.880Z",
        "value": "3.0854466325145657",
        "cumulative": false
    },
    {
        "date": "2020-11-22T15:23:21.249Z",
        "value": "3.0927528211805555",
        "cumulative": false
    },
    {
        "date": "2020-11-22T15:24:00.088Z",
        "value": "3.339652936358221",
        "cumulative": false
    },
    {
        "date": "2020-11-22T15:24:35.950Z",
        "value": "3.0850382137707886",
        "cumulative": false
    },
    {
        "date": "2020-11-22T15:25:12.635Z",
        "value": "3.028353541988892",
        "cumulative": false
    },
    {
        "date": "2020-11-22T15:25:49.137Z",
        "value": "3.0941172565076287",
        "cumulative": false
    },
    {
        "date": "2020-11-22T15:26:25.724Z",
        "value": "3.2301789809960684",
        "cumulative": false
    },
    {
        "date": "2020-11-22T15:27:01.053Z",
        "value": "3.1245842215524844",
        "cumulative": false
    },
    {
        "date": "2020-11-22T15:27:40.209Z",
        "value": "3.0361625008407316",
        "cumulative": false
    },
    {
        "date": "2020-11-22T15:28:14.282Z",
        "value": "3.1070872645796976",
        "cumulative": false
    },
    {
        "date": "2020-11-22T15:28:51.771Z",
        "value": "3.110406142979452",
        "cumulative": false
    },
    {
        "date": "2020-11-22T15:29:29.153Z",
        "value": "3.2390678271987197",
        "cumulative": false
    },
    {
        "date": "2020-11-22T15:30:06.489Z",
        "value": "3.201078063913711",
        "cumulative": false
    },
    {
        "date": "2020-11-22T15:30:43.548Z",
        "value": "3.1662442700987308",
        "cumulative": false
    },
    {
        "date": "2020-11-22T15:31:22.054Z",
        "value": "2.988040092117234",
        "cumulative": false
    },
    {
        "date": "2020-11-22T15:31:58.031Z",
        "value": "3.2304679431458276",
        "cumulative": false
    },
    {
        "date": "2020-11-22T15:32:36.535Z",
        "value": "2.9157458531891494",
        "cumulative": false
    },
    {
        "date": "2020-11-22T15:33:14.258Z",
        "value": "3.180524038778334",
        "cumulative": false
    },
    {
        "date": "2020-11-22T15:33:52.694Z",
        "value": "3.105322941138084",
        "cumulative": false
    },
    {
        "date": "2020-11-22T15:34:29.300Z",
        "value": "3.0644735178478206",
        "cumulative": false
    },
    {
        "date": "2020-11-22T15:35:07.664Z",
        "value": "3.0728482901975496",
        "cumulative": false
    },
    {
        "date": "2020-11-22T15:35:43.967Z",
        "value": "2.986461535177596",
        "cumulative": false
    },
    {
        "date": "2020-11-22T15:36:22.823Z",
        "value": "2.9781005931329205",
        "cumulative": false
    },
    {
        "date": "2020-11-22T15:36:58.004Z",
        "value": "3.1386935510367993",
        "cumulative": false
    },
    {
        "date": "2020-11-22T15:37:34.298Z",
        "value": "3.1163470381038314",
        "cumulative": false
    },
    {
        "date": "2020-11-22T15:38:09.385Z",
        "value": "3.13903359236164",
        "cumulative": false
    },
    {
        "date": "2020-11-22T15:38:46.025Z",
        "value": "3.0550268989476526",
        "cumulative": false
    },
    {
        "date": "2020-11-22T15:39:22.917Z",
        "value": "3.186881762758398",
        "cumulative": false
    },
    {
        "date": "2020-11-22T15:40:00.281Z",
        "value": "3.0983789795969687",
        "cumulative": false
    },
    {
        "date": "2020-11-22T15:40:36.597Z",
        "value": "3.1561274166433173",
        "cumulative": false
    },
    {
        "date": "2020-11-22T15:41:16.716Z",
        "value": "3.1135475348993764",
        "cumulative": false
    },
    {
        "date": "2020-11-22T15:41:52.869Z",
        "value": "3.135102778119724",
        "cumulative": false
    },
    {
        "date": "2020-11-22T15:42:30.946Z",
        "value": "3.078849955370023",
        "cumulative": false
    },
    {
        "date": "2020-11-22T15:43:06.525Z",
        "value": "3.023029904099699",
        "cumulative": false
    },
    {
        "date": "2020-11-22T15:43:43.530Z",
        "value": "3.0057068770256334",
        "cumulative": false
    },
    {
        "date": "2020-11-22T15:44:20.613Z",
        "value": "3.1396823553417614",
        "cumulative": false
    },
    {
        "date": "2020-11-22T15:44:57.989Z",
        "value": "3.0563900531123354",
        "cumulative": false
    },
    {
        "date": "2020-11-22T15:45:34.064Z",
        "value": "3.0731113663106444",
        "cumulative": false
    },
    {
        "date": "2020-11-22T15:46:12.666Z",
        "value": "3.084352562784666",
        "cumulative": false
    },
    {
        "date": "2020-11-22T15:46:49.035Z",
        "value": "3.014476256400267",
        "cumulative": false
    },
    {
        "date": "2020-11-22T15:47:26.463Z",
        "value": "3.1649187684238584",
        "cumulative": false
    },
    {
        "date": "2020-11-22T15:48:01.347Z",
        "value": "3.0070835983884647",
        "cumulative": false
    },
    {
        "date": "2020-11-22T15:48:38.533Z",
        "value": "3.125811873290793",
        "cumulative": false
    },
    {
        "date": "2020-11-22T15:49:13.861Z",
        "value": "2.939246670511745",
        "cumulative": false
    },
    {
        "date": "2020-11-22T15:49:51.428Z",
        "value": "3.104595490274447",
        "cumulative": false
    },
    {
        "date": "2020-11-22T15:50:33.801Z",
        "value": "2.990015665690104",
        "cumulative": false
    },
    {
        "date": "2020-11-22T15:51:09.837Z",
        "value": "2.980100728772899",
        "cumulative": false
    },
    {
        "date": "2020-11-22T15:51:47.735Z",
        "value": "3.072721717323783",
        "cumulative": false
    },
    {
        "date": "2020-11-22T15:52:24.686Z",
        "value": "3.1157907318572056",
        "cumulative": false
    },
    {
        "date": "2020-11-22T15:53:00.357Z",
        "value": "3.019566563434611",
        "cumulative": false
    },
    {
        "date": "2020-11-22T15:53:37.693Z",
        "value": "3.19801128262547",
        "cumulative": false
    },
    {
        "date": "2020-11-22T15:54:13.988Z",
        "value": "3.1353781403395145",
        "cumulative": false
    },
    {
        "date": "2020-11-22T15:54:50.091Z",
        "value": "3.1415168830940314",
        "cumulative": false
    },
    {
        "date": "2020-11-22T15:55:27.832Z",
        "value": "2.9741180195763377",
        "cumulative": false
    },
    {
        "date": "2020-11-22T15:56:07.237Z",
        "value": "3.1618337774107874",
        "cumulative": false
    },
    {
        "date": "2020-11-22T15:56:44.065Z",
        "value": "3.125211960644228",
        "cumulative": false
    },
    {
        "date": "2020-11-22T15:57:20.895Z",
        "value": "3.1455190562693063",
        "cumulative": false
    },
    {
        "date": "2020-11-22T15:57:57.238Z",
        "value": "3.142224646945272",
        "cumulative": false
    },
    {
        "date": "2020-11-22T15:58:34.799Z",
        "value": "3.079386129007711",
        "cumulative": false
    },
    {
        "date": "2020-11-22T15:59:11.044Z",
        "value": "3.085881350408681",
        "cumulative": false
    },
    {
        "date": "2020-11-22T15:59:47.590Z",
        "value": "3.0092963676948052",
        "cumulative": false
    },
    {
        "date": "2020-11-22T16:00:25.014Z",
        "value": "3.114114411615521",
        "cumulative": false
    },
    {
        "date": "2020-11-22T16:01:03.431Z",
        "value": "3.138327105483542",
        "cumulative": false
    },
    {
        "date": "2020-11-22T16:01:39.897Z",
        "value": "2.883362936317374",
        "cumulative": false
    },
    {
        "date": "2020-11-22T16:02:17.557Z",
        "value": "3.2369509939124534",
        "cumulative": false
    },
    {
        "date": "2020-11-22T16:02:53.069Z",
        "value": "2.947003586322308",
        "cumulative": false
    },
    {
        "date": "2020-11-22T16:03:31.900Z",
        "value": "2.9612936292375838",
        "cumulative": false
    },
    {
        "date": "2020-11-22T16:04:08.590Z",
        "value": "3.212828291223404",
        "cumulative": false
    },
    {
        "date": "2020-11-22T16:04:46.326Z",
        "value": "3.0964583974753697",
        "cumulative": false
    },
    {
        "date": "2020-11-22T16:05:22.558Z",
        "value": "3.098976498749671",
        "cumulative": false
    },
    {
        "date": "2020-11-22T16:06:01.392Z",
        "value": "3.1210507177774716",
        "cumulative": false
    },
    {
        "date": "2020-11-22T16:06:37.262Z",
        "value": "3.102122219926703",
        "cumulative": false
    },
    {
        "date": "2020-11-22T16:07:14.812Z",
        "value": "3.1189463803371518",
        "cumulative": false
    },
    {
        "date": "2020-11-22T16:07:50.066Z",
        "value": "2.9849580353826153",
        "cumulative": false
    },
    {
        "date": "2020-11-22T16:08:28.330Z",
        "value": "3.2297967481452967",
        "cumulative": false
    },
    {
        "date": "2020-11-22T16:09:02.172Z",
        "value": "3.097774125337262",
        "cumulative": false
    },
    {
        "date": "2020-11-22T16:09:39.820Z",
        "value": "3.0964640211595573",
        "cumulative": false
    },
    {
        "date": "2020-11-22T16:10:16.063Z",
        "value": "2.9613151006655016",
        "cumulative": false
    },
    {
        "date": "2020-11-22T16:10:53.490Z",
        "value": "3.1224288764861927",
        "cumulative": false
    },
    {
        "date": "2020-11-22T16:11:30.318Z",
        "value": "3.1680466266974863",
        "cumulative": false
    },
    {
        "date": "2020-11-22T16:12:07.703Z",
        "value": "2.954498006866853",
        "cumulative": false
    },
    {
        "date": "2020-11-22T16:12:44.033Z",
        "value": "3.148064373353096",
        "cumulative": false
    },
    {
        "date": "2020-11-22T16:13:20.936Z",
        "value": "2.942083100223785",
        "cumulative": false
    },
    {
        "date": "2020-11-22T16:13:55.962Z",
        "value": "2.899790252639517",
        "cumulative": false
    },
    {
        "date": "2020-11-22T16:14:34.268Z",
        "value": "2.955652760798696",
        "cumulative": false
    },
    {
        "date": "2020-11-22T16:15:10.328Z",
        "value": "3.1190543582202657",
        "cumulative": false
    },
    {
        "date": "2020-11-22T16:15:48.283Z",
        "value": "3.165880537129024",
        "cumulative": false
    },
    {
        "date": "2020-11-22T16:16:22.479Z",
        "value": "3.06769622222025",
        "cumulative": false
    },
    {
        "date": "2020-11-22T16:17:01.910Z",
        "value": "3.0712594215785907",
        "cumulative": false
    },
    {
        "date": "2020-11-22T16:17:37.479Z",
        "value": "2.9894356172333145",
        "cumulative": false
    },
    {
        "date": "2020-11-22T16:18:14.267Z",
        "value": "3.1727974429869685",
        "cumulative": false
    },
    {
        "date": "2020-11-22T16:18:56.556Z",
        "value": "3.1550331909806704",
        "cumulative": false
    },
    {
        "date": "2020-11-22T16:19:35.124Z",
        "value": "3.0628500785848045",
        "cumulative": false
    },
    {
        "date": "2020-11-22T16:20:08.423Z",
        "value": "2.9104968285674238",
        "cumulative": false
    },
    {
        "date": "2020-11-22T16:20:47.318Z",
        "value": "3.1368433953604806",
        "cumulative": false
    },
    {
        "date": "2020-11-22T16:21:23.901Z",
        "value": "3.172774718237705",
        "cumulative": false
    },
    {
        "date": "2020-11-22T16:22:02.855Z",
        "value": "3.1231151250682503",
        "cumulative": false
    },
    {
        "date": "2020-11-22T16:22:39.124Z",
        "value": "3.0542058137175325",
        "cumulative": false
    },
    {
        "date": "2020-11-22T16:23:16.462Z",
        "value": "2.9805610359383343",
        "cumulative": false
    },
    {
        "date": "2020-11-22T16:23:51.745Z",
        "value": "3.1795677143319896",
        "cumulative": false
    },
    {
        "date": "2020-11-22T16:24:30.842Z",
        "value": "3.0229338386811895",
        "cumulative": false
    },
    {
        "date": "2020-11-22T16:25:07.053Z",
        "value": "3.0046377385137903",
        "cumulative": false
    },
    {
        "date": "2020-11-22T16:25:45.697Z",
        "value": "3.083508290728795",
        "cumulative": false
    },
    {
        "date": "2020-11-22T16:26:20.998Z",
        "value": "3.129133222871364",
        "cumulative": false
    },
    {
        "date": "2020-11-22T16:26:59.388Z",
        "value": "3.143991215437788",
        "cumulative": false
    },
    {
        "date": "2020-11-22T16:27:37.417Z",
        "value": "3.0083701644824377",
        "cumulative": false
    },
    {
        "date": "2020-11-22T16:28:14.799Z",
        "value": "3.025046622983871",
        "cumulative": false
    },
    {
        "date": "2020-11-22T16:28:30.024Z",
        "value": "3.0642759799957275",
        "cumulative": false
    },
    {
        "date": "2020-11-22T16:28:49.683Z",
        "value": "2.7037000811156267",
        "cumulative": false
    },
    {
        "date": "2020-11-22T16:29:26.869Z",
        "value": "3.0644560688716087",
        "cumulative": false
    },
    {
        "date": "2020-11-22T16:30:03.630Z",
        "value": "3.140362079326923",
        "cumulative": false
    },
    {
        "date": "2020-11-22T16:30:42.528Z",
        "value": "2.9598171525888",
        "cumulative": false
    },
    {
        "date": "2020-11-22T16:31:18.684Z",
        "value": "3.0846786857210975",
        "cumulative": false
    },
    {
        "date": "2020-11-22T16:31:56.267Z",
        "value": "3.1818231345885635",
        "cumulative": false
    },
    {
        "date": "2020-11-22T16:32:32.224Z",
        "value": "3.0440550928428043",
        "cumulative": false
    },
    {
        "date": "2020-11-22T16:33:09.754Z",
        "value": "2.9642464689994497",
        "cumulative": false
    },
    {
        "date": "2020-11-22T16:33:45.870Z",
        "value": "2.8958858274905053",
        "cumulative": false
    },
    {
        "date": "2020-11-22T16:34:23.988Z",
        "value": "2.887820060483871",
        "cumulative": false
    },
    {
        "date": "2020-11-22T16:34:59.718Z",
        "value": "3.067389844200029",
        "cumulative": false
    },
    {
        "date": "2020-11-22T16:35:37.618Z",
        "value": "3.0435882925047566",
        "cumulative": false
    },
    {
        "date": "2020-11-22T16:36:12.257Z",
        "value": "2.9991700535660772",
        "cumulative": false
    },
    {
        "date": "2020-11-22T16:36:52.222Z",
        "value": "2.978078671058063",
        "cumulative": false
    },
    {
        "date": "2020-11-22T16:37:27.094Z",
        "value": "2.896071825006779",
        "cumulative": false
    },
    {
        "date": "2020-11-22T16:38:06.447Z",
        "value": "2.832832304977329",
        "cumulative": false
    },
    {
        "date": "2020-11-22T16:38:41.230Z",
        "value": "3.046346840499468",
        "cumulative": false
    },
    {
        "date": "2020-11-22T16:39:20.029Z",
        "value": "3.0206299522100624",
        "cumulative": false
    },
    {
        "date": "2020-11-22T16:39:56.308Z",
        "value": "3.029645685128726",
        "cumulative": false
    },
    {
        "date": "2020-11-22T16:40:34.709Z",
        "value": "2.9045677642354337",
        "cumulative": false
    },
    {
        "date": "2020-11-22T16:41:10.587Z",
        "value": "3.048963788006757",
        "cumulative": false
    },
    {
        "date": "2020-11-22T16:41:51.381Z",
        "value": "2.907433148531351",
        "cumulative": false
    },
    {
        "date": "2020-11-22T16:42:26.755Z",
        "value": "3.0577754844895466",
        "cumulative": false
    },
    {
        "date": "2020-11-22T16:43:05.807Z",
        "value": "2.9677614629533005",
        "cumulative": false
    },
    {
        "date": "2020-11-22T16:43:40.583Z",
        "value": "3.1967898566521926",
        "cumulative": false
    },
    {
        "date": "2020-11-22T16:44:16.264Z",
        "value": "3.070452494892149",
        "cumulative": false
    },
    {
        "date": "2020-11-22T16:44:52.205Z",
        "value": "3.0208903131106926",
        "cumulative": false
    },
    {
        "date": "2020-11-22T16:45:31.197Z",
        "value": "2.93339866173938",
        "cumulative": false
    },
    {
        "date": "2020-11-22T16:46:06.544Z",
        "value": "2.9630664170347876",
        "cumulative": false
    },
    {
        "date": "2020-11-22T16:46:43.005Z",
        "value": "2.856135963374733",
        "cumulative": false
    },
    {
        "date": "2020-11-22T16:47:18.322Z",
        "value": "2.7587121747737555",
        "cumulative": false
    },
    {
        "date": "2020-11-22T16:47:55.807Z",
        "value": "2.920259894179417",
        "cumulative": false
    },
    {
        "date": "2020-11-22T16:48:32.620Z",
        "value": "3.0741251383823913",
        "cumulative": false
    },
    {
        "date": "2020-11-22T16:49:10.832Z",
        "value": "3.103307278246586",
        "cumulative": false
    },
    {
        "date": "2020-11-22T16:49:46.487Z",
        "value": "2.8537172564338236",
        "cumulative": false
    },
    {
        "date": "2020-11-22T16:50:25.710Z",
        "value": "3.099104401572824",
        "cumulative": false
    },
    {
        "date": "2020-11-22T16:51:02.919Z",
        "value": "3.197667051648498",
        "cumulative": false
    },
    {
        "date": "2020-11-22T16:51:40.939Z",
        "value": "2.9667358761525877",
        "cumulative": false
    },
    {
        "date": "2020-11-22T16:52:16.596Z",
        "value": "3.146199862591044",
        "cumulative": false
    },
    {
        "date": "2020-11-22T16:52:58.192Z",
        "value": "3.012207417243083",
        "cumulative": false
    },
    {
        "date": "2020-11-22T16:53:34.808Z",
        "value": "2.9692894867743447",
        "cumulative": false
    },
    {
        "date": "2020-11-22T16:54:11.444Z",
        "value": "3.0469861804375533",
        "cumulative": false
    },
    {
        "date": "2020-11-22T16:54:47.582Z",
        "value": "3.046806806736795",
        "cumulative": false
    },
    {
        "date": "2020-11-22T16:55:24.448Z",
        "value": "2.9754644924765223",
        "cumulative": false
    },
    {
        "date": "2020-11-22T16:56:02.377Z",
        "value": "3.0145496412937742",
        "cumulative": false
    },
    {
        "date": "2020-11-22T16:56:40.989Z",
        "value": "3.0660556321123758",
        "cumulative": false
    },
    {
        "date": "2020-11-22T16:57:17.547Z",
        "value": "2.95969389449907",
        "cumulative": false
    }
]