[
    {
        "date": "2020-11-22T11:38:28.824Z",
        "value": "5811.2105367183685",
        "cumulative": false
    },
    {
        "date": "2020-11-22T13:15:35.125Z",
        "value": "5778.754643440247",
        "cumulative": false
    },
    {
        "date": "2020-11-22T14:52:31.564Z",
        "value": "5770.080054521561",
        "cumulative": false
    },
    {
        "date": "2020-11-22T16:28:49.579Z",
        "value": "5731.104246377945",
        "cumulative": false
    },
    {
        "date": "2020-11-22T16:58:16.899Z",
        "value": "1727.756100654602",
        "cumulative": false
    }
]