[
    {
        "date": "2020-11-22T11:38:28.806Z",
        "value": "3900.291852235794",
        "cumulative": false
    },
    {
        "date": "2020-11-22T13:15:35.425Z",
        "value": "3866.6598103046417",
        "cumulative": false
    },
    {
        "date": "2020-11-22T14:52:31.842Z",
        "value": "3856.878740787506",
        "cumulative": false
    },
    {
        "date": "2020-11-22T16:28:49.047Z",
        "value": "3819.869227409363",
        "cumulative": false
    },
    {
        "date": "2020-11-22T16:58:16.627Z",
        "value": "1154.6807219982147",
        "cumulative": false
    }
]