[
    {
        "date": "2020-11-22T11:38:28.824Z",
        "value": "3.0157320499420166",
        "cumulative": false
    },
    {
        "date": "2020-11-22T13:15:35.125Z",
        "value": "3.274644374847412",
        "cumulative": false
    },
    {
        "date": "2020-11-22T14:52:31.564Z",
        "value": "2.977656364440918",
        "cumulative": false
    },
    {
        "date": "2020-11-22T16:28:49.579Z",
        "value": "2.9951632022857666",
        "cumulative": false
    },
    {
        "date": "2020-11-22T16:58:16.899Z",
        "value": "0.887202262878418",
        "cumulative": false
    }
]