[
    {
        "date": "2020-11-22T11:38:28.010Z",
        "value": "5811.72482585907",
        "cumulative": false
    },
    {
        "date": "2020-11-22T13:15:35.180Z",
        "value": "5779.4103009700775",
        "cumulative": false
    },
    {
        "date": "2020-11-22T14:52:31.634Z",
        "value": "5770.209709644318",
        "cumulative": false
    },
    {
        "date": "2020-11-22T16:28:49.205Z",
        "value": "5731.288157939911",
        "cumulative": false
    },
    {
        "date": "2020-11-22T16:58:17.005Z",
        "value": "1728.1305975914001",
        "cumulative": false
    }
]