[
    {
        "date": "2020-11-22T11:38:28.010Z",
        "value": "3.1550755500793457",
        "cumulative": false
    },
    {
        "date": "2020-11-22T13:15:35.180Z",
        "value": "3.235405921936035",
        "cumulative": false
    },
    {
        "date": "2020-11-22T14:52:31.634Z",
        "value": "3.055694341659546",
        "cumulative": false
    },
    {
        "date": "2020-11-22T16:28:49.206Z",
        "value": "3.0579640865325928",
        "cumulative": false
    },
    {
        "date": "2020-11-22T16:58:17.006Z",
        "value": "0.9141051769256592",
        "cumulative": false
    }
]