[
    {
        "date": "2020-11-22T11:38:28.806Z",
        "value": "49.18743300437927",
        "cumulative": false
    },
    {
        "date": "2020-11-22T13:15:35.425Z",
        "value": "49.10552763938904",
        "cumulative": false
    },
    {
        "date": "2020-11-22T14:52:31.842Z",
        "value": "49.100322008132935",
        "cumulative": false
    },
    {
        "date": "2020-11-22T16:28:49.047Z",
        "value": "49.115288496017456",
        "cumulative": false
    },
    {
        "date": "2020-11-22T16:58:16.627Z",
        "value": "14.725091695785522",
        "cumulative": false
    }
]