[
    {
        "date": "2020-11-22T11:38:28.062Z",
        "value": "3.0188748836517334",
        "cumulative": false
    },
    {
        "date": "2020-11-22T13:15:35.538Z",
        "value": "3.109938144683838",
        "cumulative": false
    },
    {
        "date": "2020-11-22T14:52:31.455Z",
        "value": "2.9662835597991943",
        "cumulative": false
    },
    {
        "date": "2020-11-22T16:28:48.847Z",
        "value": "2.9699032306671143",
        "cumulative": false
    },
    {
        "date": "2020-11-22T16:58:17.382Z",
        "value": "0.8895344734191895",
        "cumulative": false
    }
]