[
    {
        "date": "2020-11-22T11:38:28.824Z",
        "value": "0.15161442756652832",
        "cumulative": false
    },
    {
        "date": "2020-11-22T13:15:35.125Z",
        "value": "0.13996553421020508",
        "cumulative": false
    },
    {
        "date": "2020-11-22T14:52:31.564Z",
        "value": "0.13888239860534668",
        "cumulative": false
    },
    {
        "date": "2020-11-22T16:28:49.579Z",
        "value": "0.14435505867004395",
        "cumulative": false
    },
    {
        "date": "2020-11-22T16:58:16.900Z",
        "value": "0.04557371139526367",
        "cumulative": false
    }
]