[
    {
        "date": "2020-11-22T11:38:28.133Z",
        "value": "84.4710762500763",
        "cumulative": false
    },
    {
        "date": "2020-11-22T13:15:35.182Z",
        "value": "83.92161679267883",
        "cumulative": false
    },
    {
        "date": "2020-11-22T14:52:32.009Z",
        "value": "85.21480894088745",
        "cumulative": false
    },
    {
        "date": "2020-11-22T16:28:49.689Z",
        "value": "84.84536170959473",
        "cumulative": false
    },
    {
        "date": "2020-11-22T16:58:17.484Z",
        "value": "25.26638150215149",
        "cumulative": false
    }
]