[
    {
        "date": "2020-11-22T11:38:28.824Z",
        "value": "541.8598475456238",
        "cumulative": false
    },
    {
        "date": "2020-11-22T13:15:35.125Z",
        "value": "546.4511761665344",
        "cumulative": false
    },
    {
        "date": "2020-11-22T14:52:31.564Z",
        "value": "544.9882202148438",
        "cumulative": false
    },
    {
        "date": "2020-11-22T16:28:49.579Z",
        "value": "544.393580198288",
        "cumulative": false
    },
    {
        "date": "2020-11-22T16:58:16.899Z",
        "value": "163.27198028564453",
        "cumulative": false
    }
]