[
    {
        "date": "2020-11-22T11:38:28.062Z",
        "value": "1173.460857629776",
        "cumulative": false
    },
    {
        "date": "2020-11-22T13:15:35.538Z",
        "value": "1176.039986371994",
        "cumulative": false
    },
    {
        "date": "2020-11-22T14:52:31.455Z",
        "value": "1176.9767661094666",
        "cumulative": false
    },
    {
        "date": "2020-11-22T16:28:48.847Z",
        "value": "1177.1240546703339",
        "cumulative": false
    },
    {
        "date": "2020-11-22T16:58:17.382Z",
        "value": "351.2034983634949",
        "cumulative": false
    }
]