[
    {
        "date": "2020-11-22T11:38:28.503Z",
        "value": "0.1602315902709961",
        "cumulative": false
    },
    {
        "date": "2020-11-22T13:15:35.096Z",
        "value": "0.13730216026306152",
        "cumulative": false
    },
    {
        "date": "2020-11-22T14:52:31.346Z",
        "value": "0.1302189826965332",
        "cumulative": false
    },
    {
        "date": "2020-11-22T16:28:48.630Z",
        "value": "0.13367271423339844",
        "cumulative": false
    },
    {
        "date": "2020-11-22T16:58:16.644Z",
        "value": "0.038968563079833984",
        "cumulative": false
    }
]