[
    {
        "date": "2020-11-22T11:38:28.133Z",
        "value": "3815.8209903240204",
        "cumulative": false
    },
    {
        "date": "2020-11-22T13:15:35.182Z",
        "value": "3781.69993185997",
        "cumulative": false
    },
    {
        "date": "2020-11-22T14:52:32.009Z",
        "value": "3771.8650500774384",
        "cumulative": false
    },
    {
        "date": "2020-11-22T16:28:49.689Z",
        "value": "3732.7107875347137",
        "cumulative": false
    },
    {
        "date": "2020-11-22T16:58:17.484Z",
        "value": "1129.359671831131",
        "cumulative": false
    }
]