[
    {
        "date": "2020-11-22T11:38:28.120Z",
        "value": "0.15993142127990723",
        "cumulative": false
    },
    {
        "date": "2020-11-22T13:15:34.395Z",
        "value": "0.15694117546081543",
        "cumulative": false
    },
    {
        "date": "2020-11-22T14:52:30.148Z",
        "value": "0.14495420455932617",
        "cumulative": false
    },
    {
        "date": "2020-11-22T16:28:47.980Z",
        "value": "0.15340924263000488",
        "cumulative": false
    },
    {
        "date": "2020-11-22T16:58:15.918Z",
        "value": "0.04999876022338867",
        "cumulative": false
    }
]