[
    {
        "date": "2020-11-22T11:38:27.739Z",
        "value": "5811.492819309235",
        "cumulative": false
    },
    {
        "date": "2020-11-22T13:15:35.708Z",
        "value": "5780.6661331653595",
        "cumulative": false
    },
    {
        "date": "2020-11-22T14:52:32.002Z",
        "value": "5769.716324329376",
        "cumulative": false
    },
    {
        "date": "2020-11-22T16:28:49.117Z",
        "value": "5730.793455123901",
        "cumulative": false
    },
    {
        "date": "2020-11-22T16:58:17.041Z",
        "value": "1728.2967393398285",
        "cumulative": false
    }
]