[
    {
        "date": "2020-11-22T11:38:28.062Z",
        "value": "0.13915586471557617",
        "cumulative": false
    },
    {
        "date": "2020-11-22T13:15:35.538Z",
        "value": "0.13070297241210938",
        "cumulative": false
    },
    {
        "date": "2020-11-22T14:52:31.455Z",
        "value": "0.12909531593322754",
        "cumulative": false
    },
    {
        "date": "2020-11-22T16:28:48.847Z",
        "value": "0.13592934608459473",
        "cumulative": false
    },
    {
        "date": "2020-11-22T16:58:17.382Z",
        "value": "0.041843414306640625",
        "cumulative": false
    }
]