[
    {
        "date": "2020-11-22T11:38:27.739Z",
        "value": "1240.634495973587",
        "cumulative": false
    },
    {
        "date": "2020-11-22T13:15:35.708Z",
        "value": "1246.0552821159363",
        "cumulative": false
    },
    {
        "date": "2020-11-22T14:52:32.002Z",
        "value": "1245.4766368865967",
        "cumulative": false
    },
    {
        "date": "2020-11-22T16:28:49.118Z",
        "value": "1244.563990354538",
        "cumulative": false
    },
    {
        "date": "2020-11-22T16:58:17.041Z",
        "value": "373.9272701740265",
        "cumulative": false
    }
]