[
    {
        "date": "2020-11-22T11:38:28.503Z",
        "value": "3.2366342544555664",
        "cumulative": false
    },
    {
        "date": "2020-11-22T13:15:35.096Z",
        "value": "3.2994894981384277",
        "cumulative": false
    },
    {
        "date": "2020-11-22T14:52:31.346Z",
        "value": "2.8264193534851074",
        "cumulative": false
    },
    {
        "date": "2020-11-22T16:28:48.630Z",
        "value": "2.751417398452759",
        "cumulative": false
    },
    {
        "date": "2020-11-22T16:58:16.644Z",
        "value": "0.7918672561645508",
        "cumulative": false
    }
]