[
    {
        "date": "2020-11-22T11:38:28.806Z",
        "value": "0.14006304740905762",
        "cumulative": false
    },
    {
        "date": "2020-11-22T13:15:35.425Z",
        "value": "0.12903547286987305",
        "cumulative": false
    },
    {
        "date": "2020-11-22T14:52:31.842Z",
        "value": "0.128617525100708",
        "cumulative": false
    },
    {
        "date": "2020-11-22T16:28:49.047Z",
        "value": "0.1354367733001709",
        "cumulative": false
    },
    {
        "date": "2020-11-22T16:58:16.627Z",
        "value": "0.04116249084472656",
        "cumulative": false
    }
]