[
    {
        "date": "2020-11-22T11:38:28.824Z",
        "value": "1241.1835918426514",
        "cumulative": false
    },
    {
        "date": "2020-11-22T13:15:35.125Z",
        "value": "1245.5921864509583",
        "cumulative": false
    },
    {
        "date": "2020-11-22T14:52:31.564Z",
        "value": "1245.9873859882355",
        "cumulative": false
    },
    {
        "date": "2020-11-22T16:28:49.579Z",
        "value": "1246.8203330039978",
        "cumulative": false
    },
    {
        "date": "2020-11-22T16:58:16.900Z",
        "value": "372.9347608089447",
        "cumulative": false
    }
]