[
    {
        "date": "2020-11-22T11:38:28.806Z",
        "value": "109.08731079101562",
        "cumulative": false
    },
    {
        "date": "2020-11-22T13:15:35.425Z",
        "value": "109.35716390609741",
        "cumulative": false
    },
    {
        "date": "2020-11-22T14:52:31.841Z",
        "value": "109.37244391441345",
        "cumulative": false
    },
    {
        "date": "2020-11-22T16:28:49.047Z",
        "value": "109.33076357841492",
        "cumulative": false
    },
    {
        "date": "2020-11-22T16:58:16.627Z",
        "value": "32.82213807106018",
        "cumulative": false
    }
]