[
    {
        "date": "2020-11-22T11:38:28.010Z",
        "value": "49.14666938781738",
        "cumulative": false
    },
    {
        "date": "2020-11-22T13:15:35.181Z",
        "value": "49.16182279586792",
        "cumulative": false
    },
    {
        "date": "2020-11-22T14:52:31.635Z",
        "value": "49.13550114631653",
        "cumulative": false
    },
    {
        "date": "2020-11-22T16:28:49.206Z",
        "value": "49.11430835723877",
        "cumulative": false
    },
    {
        "date": "2020-11-22T16:58:17.006Z",
        "value": "14.722613096237183",
        "cumulative": false
    }
]