[
    {
        "date": "2020-11-22T11:38:28.133Z",
        "value": "0.1465463638305664",
        "cumulative": false
    },
    {
        "date": "2020-11-22T13:15:35.182Z",
        "value": "0.13974523544311523",
        "cumulative": false
    },
    {
        "date": "2020-11-22T14:52:32.009Z",
        "value": "0.13720417022705078",
        "cumulative": false
    },
    {
        "date": "2020-11-22T16:28:49.689Z",
        "value": "0.14583110809326172",
        "cumulative": false
    },
    {
        "date": "2020-11-22T16:58:17.484Z",
        "value": "0.045124053955078125",
        "cumulative": false
    }
]