[
    {
        "date": "2020-11-22T11:38:28.120Z",
        "value": "3850.576408624649",
        "cumulative": false
    },
    {
        "date": "2020-11-22T13:15:34.395Z",
        "value": "3803.4050798416138",
        "cumulative": false
    },
    {
        "date": "2020-11-22T14:52:30.148Z",
        "value": "3796.0378160476685",
        "cumulative": false
    },
    {
        "date": "2020-11-22T16:28:47.980Z",
        "value": "3761.359799146652",
        "cumulative": false
    },
    {
        "date": "2020-11-22T16:58:15.918Z",
        "value": "1143.0674793720245",
        "cumulative": false
    }
]