[
    {
        "date": "2020-11-22T10:01:00.329Z",
        "value": "7.5789027495799495",
        "cumulative": false
    },
    {
        "date": "2020-11-22T10:01:47.788Z",
        "value": "9.535201075819671",
        "cumulative": false
    },
    {
        "date": "2020-11-22T10:02:25.720Z",
        "value": "9.099694100864758",
        "cumulative": false
    },
    {
        "date": "2020-11-22T10:03:03.342Z",
        "value": "8.81956584330308",
        "cumulative": false
    },
    {
        "date": "2020-11-22T10:03:41.710Z",
        "value": "8.410830419580419",
        "cumulative": false
    },
    {
        "date": "2020-11-22T10:04:19.440Z",
        "value": "8.193765633228015",
        "cumulative": false
    },
    {
        "date": "2020-11-22T10:04:55.326Z",
        "value": "8.014022818513016",
        "cumulative": false
    },
    {
        "date": "2020-11-22T10:05:33.635Z",
        "value": "7.918258423522103",
        "cumulative": false
    },
    {
        "date": "2020-11-22T10:06:09.926Z",
        "value": "7.847684586026115",
        "cumulative": false
    },
    {
        "date": "2020-11-22T10:06:47.371Z",
        "value": "7.792068830545902",
        "cumulative": false
    },
    {
        "date": "2020-11-22T10:07:25.300Z",
        "value": "7.744398621923656",
        "cumulative": false
    },
    {
        "date": "2020-11-22T10:08:04.128Z",
        "value": "7.675263852242744",
        "cumulative": false
    },
    {
        "date": "2020-11-22T10:08:39.174Z",
        "value": "7.386967585637019",
        "cumulative": false
    },
    {
        "date": "2020-11-22T10:09:17.719Z",
        "value": "7.380433759494499",
        "cumulative": false
    },
    {
        "date": "2020-11-22T10:09:55.306Z",
        "value": "7.307587654359879",
        "cumulative": false
    },
    {
        "date": "2020-11-22T10:10:32.450Z",
        "value": "7.117020873243933",
        "cumulative": false
    },
    {
        "date": "2020-11-22T10:11:09.480Z",
        "value": "6.828470490887208",
        "cumulative": false
    },
    {
        "date": "2020-11-22T10:11:48.114Z",
        "value": "6.658356906132833",
        "cumulative": false
    },
    {
        "date": "2020-11-22T10:12:25.655Z",
        "value": "6.367110906862745",
        "cumulative": false
    },
    {
        "date": "2020-11-22T10:13:03.138Z",
        "value": "6.373874435140882",
        "cumulative": false
    },
    {
        "date": "2020-11-22T10:13:39.940Z",
        "value": "6.18407023829715",
        "cumulative": false
    },
    {
        "date": "2020-11-22T10:14:17.693Z",
        "value": "5.826817978777713",
        "cumulative": false
    },
    {
        "date": "2020-11-22T10:14:54.141Z",
        "value": "5.764563655546624",
        "cumulative": false
    },
    {
        "date": "2020-11-22T10:15:31.445Z",
        "value": "5.892954122165085",
        "cumulative": false
    },
    {
        "date": "2020-11-22T10:16:07.774Z",
        "value": "5.65999991192221",
        "cumulative": false
    },
    {
        "date": "2020-11-22T10:16:45.862Z",
        "value": "5.52089390732077",
        "cumulative": false
    },
    {
        "date": "2020-11-22T10:17:21.312Z",
        "value": "5.275491470136757",
        "cumulative": false
    },
    {
        "date": "2020-11-22T10:17:58.953Z",
        "value": "5.185765855039637",
        "cumulative": false
    },
    {
        "date": "2020-11-22T10:18:35.612Z",
        "value": "4.93095221130633",
        "cumulative": false
    },
    {
        "date": "2020-11-22T10:19:15.352Z",
        "value": "5.036363849172746",
        "cumulative": false
    },
    {
        "date": "2020-11-22T10:19:51.002Z",
        "value": "4.856161201333428",
        "cumulative": false
    },
    {
        "date": "2020-11-22T10:20:29.154Z",
        "value": "4.830821088576159",
        "cumulative": false
    },
    {
        "date": "2020-11-22T10:21:05.626Z",
        "value": "4.645764746809666",
        "cumulative": false
    },
    {
        "date": "2020-11-22T10:21:44.093Z",
        "value": "4.630432818094189",
        "cumulative": false
    },
    {
        "date": "2020-11-22T10:22:20.842Z",
        "value": "4.542388150711468",
        "cumulative": false
    },
    {
        "date": "2020-11-22T10:23:00.160Z",
        "value": "4.53139689094816",
        "cumulative": false
    },
    {
        "date": "2020-11-22T10:23:36.751Z",
        "value": "4.601503535766764",
        "cumulative": false
    },
    {
        "date": "2020-11-22T10:24:16.688Z",
        "value": "4.388360927007555",
        "cumulative": false
    },
    {
        "date": "2020-11-22T10:24:53.343Z",
        "value": "4.354780331755564",
        "cumulative": false
    },
    {
        "date": "2020-11-22T10:25:32.146Z",
        "value": "4.279900660760839",
        "cumulative": false
    },
    {
        "date": "2020-11-22T10:26:07.911Z",
        "value": "4.282228094763337",
        "cumulative": false
    },
    {
        "date": "2020-11-22T10:26:46.716Z",
        "value": "4.270811205381518",
        "cumulative": false
    },
    {
        "date": "2020-11-22T10:27:23.972Z",
        "value": "4.152648102944092",
        "cumulative": false
    },
    {
        "date": "2020-11-22T10:28:00.048Z",
        "value": "4.22082719750716",
        "cumulative": false
    },
    {
        "date": "2020-11-22T10:28:35.375Z",
        "value": "4.155147522711978",
        "cumulative": false
    },
    {
        "date": "2020-11-22T10:29:12.424Z",
        "value": "3.997512927158273",
        "cumulative": false
    },
    {
        "date": "2020-11-22T10:29:49.492Z",
        "value": "4.210859654017857",
        "cumulative": false
    },
    {
        "date": "2020-11-22T10:30:34.960Z",
        "value": "4.293526941155989",
        "cumulative": false
    },
    {
        "date": "2020-11-22T10:31:11.762Z",
        "value": "3.897817906956215",
        "cumulative": false
    },
    {
        "date": "2020-11-22T10:31:50.162Z",
        "value": "3.986346693033274",
        "cumulative": false
    },
    {
        "date": "2020-11-22T10:32:26.397Z",
        "value": "4.175642527775913",
        "cumulative": false
    },
    {
        "date": "2020-11-22T10:33:04.695Z",
        "value": "4.122610059157053",
        "cumulative": false
    },
    {
        "date": "2020-11-22T10:33:40.653Z",
        "value": "3.9970316707152893",
        "cumulative": false
    },
    {
        "date": "2020-11-22T10:34:19.956Z",
        "value": "3.834688268082865",
        "cumulative": false
    },
    {
        "date": "2020-11-22T10:34:54.183Z",
        "value": "4.069735404242342",
        "cumulative": false
    },
    {
        "date": "2020-11-22T10:35:31.968Z",
        "value": "3.8703129131411953",
        "cumulative": false
    },
    {
        "date": "2020-11-22T10:36:08.111Z",
        "value": "3.885188766193495",
        "cumulative": false
    },
    {
        "date": "2020-11-22T10:36:46.285Z",
        "value": "4.022933493979039",
        "cumulative": false
    },
    {
        "date": "2020-11-22T10:37:23.244Z",
        "value": "3.8995802039508285",
        "cumulative": false
    },
    {
        "date": "2020-11-22T10:38:01.828Z",
        "value": "3.778594627808989",
        "cumulative": false
    },
    {
        "date": "2020-11-22T10:38:40.499Z",
        "value": "3.8844665599234394",
        "cumulative": false
    },
    {
        "date": "2020-11-22T10:39:19.096Z",
        "value": "3.7355723238814758",
        "cumulative": false
    },
    {
        "date": "2020-11-22T10:39:54.806Z",
        "value": "3.852306737137035",
        "cumulative": false
    },
    {
        "date": "2020-11-22T10:40:33.156Z",
        "value": "3.964820281991589",
        "cumulative": false
    },
    {
        "date": "2020-11-22T10:41:09.382Z",
        "value": "3.97341421014107",
        "cumulative": false
    },
    {
        "date": "2020-11-22T10:41:46.701Z",
        "value": "3.8881964396981448",
        "cumulative": false
    },
    {
        "date": "2020-11-22T10:42:24.022Z",
        "value": "3.774037724653167",
        "cumulative": false
    },
    {
        "date": "2020-11-22T10:43:03.582Z",
        "value": "4.039112169298606",
        "cumulative": false
    },
    {
        "date": "2020-11-22T10:43:40.071Z",
        "value": "3.801220291689318",
        "cumulative": false
    },
    {
        "date": "2020-11-22T10:44:18.408Z",
        "value": "3.749452296857792",
        "cumulative": false
    },
    {
        "date": "2020-11-22T10:44:55.719Z",
        "value": "3.833501101104391",
        "cumulative": false
    },
    {
        "date": "2020-11-22T10:45:34.968Z",
        "value": "3.693158519773813",
        "cumulative": false
    },
    {
        "date": "2020-11-22T10:46:11.042Z",
        "value": "3.844711488767916",
        "cumulative": false
    },
    {
        "date": "2020-11-22T10:46:49.114Z",
        "value": "3.899799474730267",
        "cumulative": false
    },
    {
        "date": "2020-11-22T10:47:23.912Z",
        "value": "3.763108029684862",
        "cumulative": false
    },
    {
        "date": "2020-11-22T10:48:02.004Z",
        "value": "3.7465414313677936",
        "cumulative": false
    },
    {
        "date": "2020-11-22T10:48:38.244Z",
        "value": "3.7916951363105063",
        "cumulative": false
    },
    {
        "date": "2020-11-22T10:49:15.353Z",
        "value": "3.6298636866047937",
        "cumulative": false
    },
    {
        "date": "2020-11-22T10:49:53.417Z",
        "value": "3.897456356731897",
        "cumulative": false
    },
    {
        "date": "2020-11-22T10:50:32.360Z",
        "value": "3.8550068421956056",
        "cumulative": false
    },
    {
        "date": "2020-11-22T10:51:10.625Z",
        "value": "3.8041535108078754",
        "cumulative": false
    },
    {
        "date": "2020-11-22T10:51:47.798Z",
        "value": "3.6948208800747864",
        "cumulative": false
    },
    {
        "date": "2020-11-22T10:52:24.461Z",
        "value": "3.6892474890771525",
        "cumulative": false
    },
    {
        "date": "2020-11-22T10:53:04.362Z",
        "value": "3.7680482919414673",
        "cumulative": false
    },
    {
        "date": "2020-11-22T10:53:40.804Z",
        "value": "3.7994144221915285",
        "cumulative": false
    },
    {
        "date": "2020-11-22T10:54:19.076Z",
        "value": "3.756625427464256",
        "cumulative": false
    },
    {
        "date": "2020-11-22T10:54:54.201Z",
        "value": "3.8184995917364284",
        "cumulative": false
    },
    {
        "date": "2020-11-22T10:55:31.526Z",
        "value": "3.863633937009305",
        "cumulative": false
    },
    {
        "date": "2020-11-22T10:56:06.986Z",
        "value": "3.669637800048682",
        "cumulative": false
    },
    {
        "date": "2020-11-22T10:56:46.221Z",
        "value": "3.890508907171829",
        "cumulative": false
    },
    {
        "date": "2020-11-22T10:57:23.058Z",
        "value": "3.8133664456602374",
        "cumulative": false
    },
    {
        "date": "2020-11-22T10:58:00.822Z",
        "value": "3.609482475331317",
        "cumulative": false
    },
    {
        "date": "2020-11-22T10:58:36.882Z",
        "value": "3.6595422469073244",
        "cumulative": false
    },
    {
        "date": "2020-11-22T10:59:14.754Z",
        "value": "3.4872831773127753",
        "cumulative": false
    },
    {
        "date": "2020-11-22T10:59:56.167Z",
        "value": "3.7093215737107625",
        "cumulative": false
    },
    {
        "date": "2020-11-22T11:00:35.150Z",
        "value": "3.689603497328747",
        "cumulative": false
    },
    {
        "date": "2020-11-22T11:01:12.444Z",
        "value": "3.60228444808677",
        "cumulative": false
    },
    {
        "date": "2020-11-22T11:01:50.692Z",
        "value": "3.6909746678851643",
        "cumulative": false
    },
    {
        "date": "2020-11-22T11:02:26.990Z",
        "value": "3.6008654878339694",
        "cumulative": false
    },
    {
        "date": "2020-11-22T11:03:06.972Z",
        "value": "3.824112776871566",
        "cumulative": false
    },
    {
        "date": "2020-11-22T11:03:43.846Z",
        "value": "3.617644337322695",
        "cumulative": false
    },
    {
        "date": "2020-11-22T11:04:22.800Z",
        "value": "3.7093105216630047",
        "cumulative": false
    },
    {
        "date": "2020-11-22T11:04:59.944Z",
        "value": "3.513364137965162",
        "cumulative": false
    },
    {
        "date": "2020-11-22T11:05:38.197Z",
        "value": "3.5948044920331843",
        "cumulative": false
    },
    {
        "date": "2020-11-22T11:06:14.959Z",
        "value": "3.643995969140083",
        "cumulative": false
    },
    {
        "date": "2020-11-22T11:06:53.486Z",
        "value": "3.7926400606749486",
        "cumulative": false
    },
    {
        "date": "2020-11-22T11:07:32.129Z",
        "value": "3.5515734614158165",
        "cumulative": false
    },
    {
        "date": "2020-11-22T11:08:10.756Z",
        "value": "3.504325837690114",
        "cumulative": false
    },
    {
        "date": "2020-11-22T11:08:45.394Z",
        "value": "3.5876924555352394",
        "cumulative": false
    },
    {
        "date": "2020-11-22T11:09:23.882Z",
        "value": "3.47200275508381",
        "cumulative": false
    },
    {
        "date": "2020-11-22T11:09:59.199Z",
        "value": "3.5540198768431637",
        "cumulative": false
    },
    {
        "date": "2020-11-22T11:10:38.156Z",
        "value": "3.8143338978916046",
        "cumulative": false
    },
    {
        "date": "2020-11-22T11:11:13.550Z",
        "value": "3.560025540038525",
        "cumulative": false
    },
    {
        "date": "2020-11-22T11:11:51.549Z",
        "value": "3.4934317536676045",
        "cumulative": false
    },
    {
        "date": "2020-11-22T11:12:29.357Z",
        "value": "3.3917473009694477",
        "cumulative": false
    },
    {
        "date": "2020-11-22T11:13:07.751Z",
        "value": "3.6074493373875143",
        "cumulative": false
    },
    {
        "date": "2020-11-22T11:13:44.146Z",
        "value": "3.7717138984614316",
        "cumulative": false
    },
    {
        "date": "2020-11-22T11:14:22.083Z",
        "value": "3.746682037370593",
        "cumulative": false
    },
    {
        "date": "2020-11-22T11:14:56.656Z",
        "value": "3.542233569853954",
        "cumulative": false
    },
    {
        "date": "2020-11-22T11:15:34.434Z",
        "value": "3.5117978163924994",
        "cumulative": false
    },
    {
        "date": "2020-11-22T11:16:09.838Z",
        "value": "3.6147927837354783",
        "cumulative": false
    },
    {
        "date": "2020-11-22T11:16:47.517Z",
        "value": "3.6611769118947226",
        "cumulative": false
    },
    {
        "date": "2020-11-22T11:17:26.187Z",
        "value": "3.338830626017363",
        "cumulative": false
    },
    {
        "date": "2020-11-22T11:18:03.695Z",
        "value": "3.497593422955109",
        "cumulative": false
    },
    {
        "date": "2020-11-22T11:18:40.580Z",
        "value": "3.6515284709618876",
        "cumulative": false
    },
    {
        "date": "2020-11-22T11:19:17.566Z",
        "value": "3.509129096433944",
        "cumulative": false
    },
    {
        "date": "2020-11-22T11:19:52.647Z",
        "value": "3.615292910479387",
        "cumulative": false
    },
    {
        "date": "2020-11-22T11:20:30.208Z",
        "value": "3.3575377958526347",
        "cumulative": false
    },
    {
        "date": "2020-11-22T11:21:06.003Z",
        "value": "3.493138476815824",
        "cumulative": false
    },
    {
        "date": "2020-11-22T11:21:44.280Z",
        "value": "3.378533364501063",
        "cumulative": false
    },
    {
        "date": "2020-11-22T11:22:21.644Z",
        "value": "3.5566487091266556",
        "cumulative": false
    },
    {
        "date": "2020-11-22T11:23:00.059Z",
        "value": "3.4147887427638666",
        "cumulative": false
    },
    {
        "date": "2020-11-22T11:23:36.259Z",
        "value": "3.35862939056815",
        "cumulative": false
    },
    {
        "date": "2020-11-22T11:24:13.979Z",
        "value": "3.6657844705784575",
        "cumulative": false
    },
    {
        "date": "2020-11-22T11:24:50.933Z",
        "value": "3.3505016524041022",
        "cumulative": false
    },
    {
        "date": "2020-11-22T11:25:28.675Z",
        "value": "3.3542153666338583",
        "cumulative": false
    },
    {
        "date": "2020-11-22T11:26:06.962Z",
        "value": "3.6111095385466987",
        "cumulative": false
    },
    {
        "date": "2020-11-22T11:26:44.416Z",
        "value": "3.5371892435715275",
        "cumulative": false
    },
    {
        "date": "2020-11-22T11:27:19.946Z",
        "value": "3.606178765951468",
        "cumulative": false
    },
    {
        "date": "2020-11-22T11:27:57.914Z",
        "value": "3.5490275696403386",
        "cumulative": false
    },
    {
        "date": "2020-11-22T11:28:40.060Z",
        "value": "3.6805494450446057",
        "cumulative": false
    },
    {
        "date": "2020-11-22T11:29:17.068Z",
        "value": "3.520503978547392",
        "cumulative": false
    },
    {
        "date": "2020-11-22T11:29:54.854Z",
        "value": "3.540351055942381",
        "cumulative": false
    },
    {
        "date": "2020-11-22T11:30:32.176Z",
        "value": "3.566548402508613",
        "cumulative": false
    },
    {
        "date": "2020-11-22T11:31:08.377Z",
        "value": "3.434211651614669",
        "cumulative": false
    },
    {
        "date": "2020-11-22T11:31:47.316Z",
        "value": "3.5288899739583335",
        "cumulative": false
    },
    {
        "date": "2020-11-22T11:32:24.223Z",
        "value": "3.40685721996444",
        "cumulative": false
    },
    {
        "date": "2020-11-22T11:33:02.664Z",
        "value": "3.5893767541196167",
        "cumulative": false
    },
    {
        "date": "2020-11-22T11:33:38.049Z",
        "value": "3.4736637931034484",
        "cumulative": false
    },
    {
        "date": "2020-11-22T11:34:18.035Z",
        "value": "3.4199414113911555",
        "cumulative": false
    },
    {
        "date": "2020-11-22T11:34:54.128Z",
        "value": "3.486222375976304",
        "cumulative": false
    },
    {
        "date": "2020-11-22T11:35:33.751Z",
        "value": "3.5395662737623086",
        "cumulative": false
    },
    {
        "date": "2020-11-22T11:36:11.036Z",
        "value": "3.362957121471343",
        "cumulative": false
    },
    {
        "date": "2020-11-22T11:36:50.860Z",
        "value": "3.653334811915727",
        "cumulative": false
    },
    {
        "date": "2020-11-22T11:37:27.159Z",
        "value": "3.3057857123636625",
        "cumulative": false
    },
    {
        "date": "2020-11-22T11:38:05.189Z",
        "value": "3.5381164021880416",
        "cumulative": false
    },
    {
        "date": "2020-11-22T11:38:20.392Z",
        "value": "3.4347591400146484",
        "cumulative": false
    },
    {
        "date": "2020-11-22T11:38:29.764Z",
        "value": "3.2929744214083243",
        "cumulative": false
    },
    {
        "date": "2020-11-22T11:39:08.577Z",
        "value": "3.4922537166056413",
        "cumulative": false
    },
    {
        "date": "2020-11-22T11:39:45.586Z",
        "value": "3.4773286660195213",
        "cumulative": false
    },
    {
        "date": "2020-11-22T11:40:22.945Z",
        "value": "3.3127442067698456",
        "cumulative": false
    },
    {
        "date": "2020-11-22T11:40:59.490Z",
        "value": "3.4277808779761907",
        "cumulative": false
    },
    {
        "date": "2020-11-22T11:41:36.415Z",
        "value": "3.4671868464166202",
        "cumulative": false
    },
    {
        "date": "2020-11-22T11:42:12.579Z",
        "value": "3.489533079701358",
        "cumulative": false
    },
    {
        "date": "2020-11-22T11:42:50.418Z",
        "value": "3.473214855138484",
        "cumulative": false
    },
    {
        "date": "2020-11-22T11:43:26.179Z",
        "value": "3.570038546823432",
        "cumulative": false
    },
    {
        "date": "2020-11-22T11:44:03.777Z",
        "value": "3.3868084261410223",
        "cumulative": false
    },
    {
        "date": "2020-11-22T11:44:39.121Z",
        "value": "3.3909847114125693",
        "cumulative": false
    },
    {
        "date": "2020-11-22T11:45:16.853Z",
        "value": "3.2811551540017985",
        "cumulative": false
    },
    {
        "date": "2020-11-22T11:45:52.833Z",
        "value": "3.4359687785849986",
        "cumulative": false
    },
    {
        "date": "2020-11-22T11:46:30.293Z",
        "value": "3.478226534296029",
        "cumulative": false
    },
    {
        "date": "2020-11-22T11:47:06.005Z",
        "value": "3.3171443262606273",
        "cumulative": false
    },
    {
        "date": "2020-11-22T11:47:44.312Z",
        "value": "3.410240494343742",
        "cumulative": false
    },
    {
        "date": "2020-11-22T11:48:19.687Z",
        "value": "3.2589007231971485",
        "cumulative": false
    },
    {
        "date": "2020-11-22T11:48:58.445Z",
        "value": "3.461158598139045",
        "cumulative": false
    },
    {
        "date": "2020-11-22T11:49:35.333Z",
        "value": "3.3146459622752724",
        "cumulative": false
    },
    {
        "date": "2020-11-22T11:50:13.727Z",
        "value": "3.3755565468249733",
        "cumulative": false
    },
    {
        "date": "2020-11-22T11:50:49.086Z",
        "value": "3.4456109229554523",
        "cumulative": false
    },
    {
        "date": "2020-11-22T11:51:28.530Z",
        "value": "3.471627723623853",
        "cumulative": false
    },
    {
        "date": "2020-11-22T11:52:04.795Z",
        "value": "3.4127295787576077",
        "cumulative": false
    },
    {
        "date": "2020-11-22T11:52:43.145Z",
        "value": "3.352038449590274",
        "cumulative": false
    },
    {
        "date": "2020-11-22T11:53:20.637Z",
        "value": "3.5920823942441054",
        "cumulative": false
    },
    {
        "date": "2020-11-22T11:54:00.352Z",
        "value": "3.352143043307356",
        "cumulative": false
    },
    {
        "date": "2020-11-22T11:54:36.925Z",
        "value": "3.350742027407787",
        "cumulative": false
    },
    {
        "date": "2020-11-22T11:55:14.278Z",
        "value": "3.572855494966443",
        "cumulative": false
    },
    {
        "date": "2020-11-22T11:55:50.371Z",
        "value": "3.3641066402036137",
        "cumulative": false
    },
    {
        "date": "2020-11-22T11:56:29.642Z",
        "value": "3.389600027575915",
        "cumulative": false
    },
    {
        "date": "2020-11-22T11:57:05.348Z",
        "value": "3.2737271794508915",
        "cumulative": false
    },
    {
        "date": "2020-11-22T11:57:43.542Z",
        "value": "3.4374989663270705",
        "cumulative": false
    },
    {
        "date": "2020-11-22T11:58:21.005Z",
        "value": "3.308427796510472",
        "cumulative": false
    },
    {
        "date": "2020-11-22T11:58:58.592Z",
        "value": "3.286320938176407",
        "cumulative": false
    },
    {
        "date": "2020-11-22T11:59:34.223Z",
        "value": "3.417690023317245",
        "cumulative": false
    },
    {
        "date": "2020-11-22T12:00:12.473Z",
        "value": "3.1979830114264014",
        "cumulative": false
    },
    {
        "date": "2020-11-22T12:00:49.218Z",
        "value": "3.337166463013034",
        "cumulative": false
    },
    {
        "date": "2020-11-22T12:01:27.352Z",
        "value": "3.449743801992119",
        "cumulative": false
    },
    {
        "date": "2020-11-22T12:02:03.899Z",
        "value": "3.112666619280171",
        "cumulative": false
    },
    {
        "date": "2020-11-22T12:02:42.817Z",
        "value": "3.291426713293122",
        "cumulative": false
    },
    {
        "date": "2020-11-22T12:03:18.387Z",
        "value": "3.1823077598314606",
        "cumulative": false
    },
    {
        "date": "2020-11-22T12:03:55.894Z",
        "value": "3.382458662111881",
        "cumulative": false
    },
    {
        "date": "2020-11-22T12:04:33.235Z",
        "value": "3.3724125744047617",
        "cumulative": false
    },
    {
        "date": "2020-11-22T12:05:10.342Z",
        "value": "3.483374003732849",
        "cumulative": false
    },
    {
        "date": "2020-11-22T12:05:46.489Z",
        "value": "3.48250899125826",
        "cumulative": false
    },
    {
        "date": "2020-11-22T12:06:24.811Z",
        "value": "3.2620444510275393",
        "cumulative": false
    },
    {
        "date": "2020-11-22T12:07:00.549Z",
        "value": "3.2718162696678323",
        "cumulative": false
    },
    {
        "date": "2020-11-22T12:07:44.483Z",
        "value": "3.421921424023769",
        "cumulative": false
    },
    {
        "date": "2020-11-22T12:08:20.345Z",
        "value": "3.5181154550948017",
        "cumulative": false
    },
    {
        "date": "2020-11-22T12:08:59.924Z",
        "value": "3.3012582683175036",
        "cumulative": false
    },
    {
        "date": "2020-11-22T12:09:35.718Z",
        "value": "3.4247193945590326",
        "cumulative": false
    },
    {
        "date": "2020-11-22T12:10:15.606Z",
        "value": "3.2841421274038463",
        "cumulative": false
    },
    {
        "date": "2020-11-22T12:10:51.510Z",
        "value": "3.3037404961804553",
        "cumulative": false
    },
    {
        "date": "2020-11-22T12:11:28.516Z",
        "value": "3.4818431201379068",
        "cumulative": false
    },
    {
        "date": "2020-11-22T12:12:05.491Z",
        "value": "3.4439478831209747",
        "cumulative": false
    },
    {
        "date": "2020-11-22T12:12:42.762Z",
        "value": "3.492224753065395",
        "cumulative": false
    },
    {
        "date": "2020-11-22T12:13:17.822Z",
        "value": "3.286878474105206",
        "cumulative": false
    },
    {
        "date": "2020-11-22T12:13:55.473Z",
        "value": "3.3732551392572945",
        "cumulative": false
    },
    {
        "date": "2020-11-22T12:14:32.304Z",
        "value": "3.3428943916251037",
        "cumulative": false
    },
    {
        "date": "2020-11-22T12:15:10.117Z",
        "value": "3.38615082551054",
        "cumulative": false
    },
    {
        "date": "2020-11-22T12:15:47.073Z",
        "value": "3.5002035960654063",
        "cumulative": false
    },
    {
        "date": "2020-11-22T12:16:26.280Z",
        "value": "3.3515972461475823",
        "cumulative": false
    },
    {
        "date": "2020-11-22T12:17:01.338Z",
        "value": "3.314369427587557",
        "cumulative": false
    },
    {
        "date": "2020-11-22T12:17:39.402Z",
        "value": "3.271560312582935",
        "cumulative": false
    },
    {
        "date": "2020-11-22T12:18:16.166Z",
        "value": "3.247460225793857",
        "cumulative": false
    },
    {
        "date": "2020-11-22T12:18:55.608Z",
        "value": "3.497609741700057",
        "cumulative": false
    },
    {
        "date": "2020-11-22T12:19:33.327Z",
        "value": "3.3368543666731973",
        "cumulative": false
    },
    {
        "date": "2020-11-22T12:20:10.352Z",
        "value": "3.236304593373494",
        "cumulative": false
    },
    {
        "date": "2020-11-22T12:20:45.340Z",
        "value": "3.3821150318842568",
        "cumulative": false
    },
    {
        "date": "2020-11-22T12:21:23.859Z",
        "value": "3.395944220915127",
        "cumulative": false
    },
    {
        "date": "2020-11-22T12:22:00.073Z",
        "value": "3.356791783565441",
        "cumulative": false
    },
    {
        "date": "2020-11-22T12:22:39.697Z",
        "value": "3.3047719374254623",
        "cumulative": false
    },
    {
        "date": "2020-11-22T12:23:15.424Z",
        "value": "3.528953758445946",
        "cumulative": false
    },
    {
        "date": "2020-11-22T12:23:54.384Z",
        "value": "3.3676483154296877",
        "cumulative": false
    },
    {
        "date": "2020-11-22T12:24:32.157Z",
        "value": "3.3080855778285434",
        "cumulative": false
    },
    {
        "date": "2020-11-22T12:25:08.954Z",
        "value": "3.261498283617424",
        "cumulative": false
    },
    {
        "date": "2020-11-22T12:25:45.339Z",
        "value": "3.4164252790933696",
        "cumulative": false
    },
    {
        "date": "2020-11-22T12:26:23.489Z",
        "value": "3.266310353085507",
        "cumulative": false
    },
    {
        "date": "2020-11-22T12:26:59.087Z",
        "value": "3.3177950159348444",
        "cumulative": false
    },
    {
        "date": "2020-11-22T12:27:35.948Z",
        "value": "3.4115882472442056",
        "cumulative": false
    },
    {
        "date": "2020-11-22T12:28:11.226Z",
        "value": "3.3429469039771083",
        "cumulative": false
    },
    {
        "date": "2020-11-22T12:28:48.916Z",
        "value": "3.362945960901595",
        "cumulative": false
    },
    {
        "date": "2020-11-22T12:29:25.832Z",
        "value": "3.1678640528678637",
        "cumulative": false
    },
    {
        "date": "2020-11-22T12:30:03.929Z",
        "value": "3.317014204163304",
        "cumulative": false
    },
    {
        "date": "2020-11-22T12:30:39.740Z",
        "value": "3.3004986748198446",
        "cumulative": false
    },
    {
        "date": "2020-11-22T12:31:18.367Z",
        "value": "3.1406234043096406",
        "cumulative": false
    },
    {
        "date": "2020-11-22T12:31:51.839Z",
        "value": "3.3031564017399515",
        "cumulative": false
    },
    {
        "date": "2020-11-22T12:32:30.087Z",
        "value": "3.152219524759865",
        "cumulative": false
    },
    {
        "date": "2020-11-22T12:33:05.286Z",
        "value": "3.270941149150743",
        "cumulative": false
    },
    {
        "date": "2020-11-22T12:33:41.599Z",
        "value": "3.179535438274515",
        "cumulative": false
    },
    {
        "date": "2020-11-22T12:34:16.071Z",
        "value": "3.491013260068439",
        "cumulative": false
    },
    {
        "date": "2020-11-22T12:34:54.818Z",
        "value": "3.379835444876718",
        "cumulative": false
    },
    {
        "date": "2020-11-22T12:35:31.315Z",
        "value": "3.2616361802271423",
        "cumulative": false
    },
    {
        "date": "2020-11-22T12:36:10.449Z",
        "value": "3.3360519899290684",
        "cumulative": false
    },
    {
        "date": "2020-11-22T12:36:52.220Z",
        "value": "3.348613237136505",
        "cumulative": false
    },
    {
        "date": "2020-11-22T12:37:30.144Z",
        "value": "3.2726503683701846",
        "cumulative": false
    },
    {
        "date": "2020-11-22T12:38:07.111Z",
        "value": "3.385079086245944",
        "cumulative": false
    },
    {
        "date": "2020-11-22T12:38:46.997Z",
        "value": "3.1645567327437734",
        "cumulative": false
    },
    {
        "date": "2020-11-22T12:39:23.573Z",
        "value": "3.4062229765644836",
        "cumulative": false
    },
    {
        "date": "2020-11-22T12:40:01.513Z",
        "value": "3.4189465686905067",
        "cumulative": false
    },
    {
        "date": "2020-11-22T12:40:37.583Z",
        "value": "3.392815359343103",
        "cumulative": false
    },
    {
        "date": "2020-11-22T12:41:17.392Z",
        "value": "3.312305539153343",
        "cumulative": false
    },
    {
        "date": "2020-11-22T12:41:51.858Z",
        "value": "3.4282098634824845",
        "cumulative": false
    },
    {
        "date": "2020-11-22T12:42:32.185Z",
        "value": "3.4382046015147303",
        "cumulative": false
    },
    {
        "date": "2020-11-22T12:43:08.767Z",
        "value": "3.509803971695026",
        "cumulative": false
    },
    {
        "date": "2020-11-22T12:43:48.616Z",
        "value": "3.438611719193137",
        "cumulative": false
    },
    {
        "date": "2020-11-22T12:44:25.293Z",
        "value": "3.5120667714235125",
        "cumulative": false
    },
    {
        "date": "2020-11-22T12:45:03.334Z",
        "value": "3.4318416189283756",
        "cumulative": false
    },
    {
        "date": "2020-11-22T12:45:38.430Z",
        "value": "3.4595457313671525",
        "cumulative": false
    },
    {
        "date": "2020-11-22T12:46:16.088Z",
        "value": "3.336876087920389",
        "cumulative": false
    },
    {
        "date": "2020-11-22T12:46:52.498Z",
        "value": "3.4254823732206408",
        "cumulative": false
    },
    {
        "date": "2020-11-22T12:47:31.570Z",
        "value": "3.2292646823660114",
        "cumulative": false
    },
    {
        "date": "2020-11-22T12:48:07.998Z",
        "value": "3.224349510502253",
        "cumulative": false
    },
    {
        "date": "2020-11-22T12:48:45.608Z",
        "value": "3.0867131362941094",
        "cumulative": false
    },
    {
        "date": "2020-11-22T12:49:20.764Z",
        "value": "3.3127526470336077",
        "cumulative": false
    },
    {
        "date": "2020-11-22T12:49:58.124Z",
        "value": "3.2357253475020147",
        "cumulative": false
    },
    {
        "date": "2020-11-22T12:50:32.757Z",
        "value": "3.38807505531776",
        "cumulative": false
    },
    {
        "date": "2020-11-22T12:51:10.231Z",
        "value": "3.354272725853084",
        "cumulative": false
    },
    {
        "date": "2020-11-22T12:51:47.453Z",
        "value": "3.3191322244623658",
        "cumulative": false
    },
    {
        "date": "2020-11-22T12:52:26.505Z",
        "value": "3.378801517210145",
        "cumulative": false
    },
    {
        "date": "2020-11-22T12:53:01.519Z",
        "value": "3.2015040135645605",
        "cumulative": false
    },
    {
        "date": "2020-11-22T12:53:41.045Z",
        "value": "3.349466449358218",
        "cumulative": false
    },
    {
        "date": "2020-11-22T12:54:17.016Z",
        "value": "3.3034399837427744",
        "cumulative": false
    },
    {
        "date": "2020-11-22T12:54:54.797Z",
        "value": "3.21911679964539",
        "cumulative": false
    },
    {
        "date": "2020-11-22T12:55:31.042Z",
        "value": "3.2854426104323307",
        "cumulative": false
    },
    {
        "date": "2020-11-22T12:56:08.612Z",
        "value": "3.2198463796145496",
        "cumulative": false
    },
    {
        "date": "2020-11-22T12:56:45.408Z",
        "value": "3.4353330195014964",
        "cumulative": false
    },
    {
        "date": "2020-11-22T12:57:26.369Z",
        "value": "3.1570243866623535",
        "cumulative": false
    },
    {
        "date": "2020-11-22T12:58:03.380Z",
        "value": "3.2011343558412806",
        "cumulative": false
    },
    {
        "date": "2020-11-22T12:58:42.690Z",
        "value": "3.186660189335121",
        "cumulative": false
    },
    {
        "date": "2020-11-22T12:59:17.845Z",
        "value": "3.421442826797923",
        "cumulative": false
    },
    {
        "date": "2020-11-22T12:59:55.614Z",
        "value": "3.1258966540357247",
        "cumulative": false
    },
    {
        "date": "2020-11-22T13:00:34.190Z",
        "value": "3.255735291632874",
        "cumulative": false
    },
    {
        "date": "2020-11-22T13:01:12.697Z",
        "value": "3.273103665275049",
        "cumulative": false
    },
    {
        "date": "2020-11-22T13:01:50.335Z",
        "value": "3.3258496233859396",
        "cumulative": false
    },
    {
        "date": "2020-11-22T13:02:29.604Z",
        "value": "3.1429516822959602",
        "cumulative": false
    },
    {
        "date": "2020-11-22T13:03:06.578Z",
        "value": "3.4573990632534155",
        "cumulative": false
    },
    {
        "date": "2020-11-22T13:03:43.357Z",
        "value": "3.2174878465170593",
        "cumulative": false
    },
    {
        "date": "2020-11-22T13:04:20.772Z",
        "value": "3.154597440150239",
        "cumulative": false
    },
    {
        "date": "2020-11-22T13:04:58.033Z",
        "value": "3.336780407367643",
        "cumulative": false
    },
    {
        "date": "2020-11-22T13:05:42.015Z",
        "value": "3.2380895083962637",
        "cumulative": false
    },
    {
        "date": "2020-11-22T13:06:19.553Z",
        "value": "3.3541057657819224",
        "cumulative": false
    },
    {
        "date": "2020-11-22T13:06:55.134Z",
        "value": "3.3690689434080445",
        "cumulative": false
    },
    {
        "date": "2020-11-22T13:07:33.359Z",
        "value": "3.237559782705773",
        "cumulative": false
    },
    {
        "date": "2020-11-22T13:08:10.677Z",
        "value": "3.2798405335642156",
        "cumulative": false
    },
    {
        "date": "2020-11-22T13:08:48.687Z",
        "value": "3.3465947448834563",
        "cumulative": false
    },
    {
        "date": "2020-11-22T13:09:26.172Z",
        "value": "3.1519759429185616",
        "cumulative": false
    },
    {
        "date": "2020-11-22T13:10:03.124Z",
        "value": "3.2300707233662025",
        "cumulative": false
    },
    {
        "date": "2020-11-22T13:10:39.602Z",
        "value": "3.4811844574214366",
        "cumulative": false
    },
    {
        "date": "2020-11-22T13:11:16.597Z",
        "value": "3.2646547548854445",
        "cumulative": false
    },
    {
        "date": "2020-11-22T13:11:53.787Z",
        "value": "3.323694947134815",
        "cumulative": false
    },
    {
        "date": "2020-11-22T13:12:31.868Z",
        "value": "3.105915489166446",
        "cumulative": false
    },
    {
        "date": "2020-11-22T13:13:07.703Z",
        "value": "3.1972361023636635",
        "cumulative": false
    },
    {
        "date": "2020-11-22T13:13:46.256Z",
        "value": "3.0424304446767185",
        "cumulative": false
    },
    {
        "date": "2020-11-22T13:14:23.427Z",
        "value": "3.147754549571805",
        "cumulative": false
    },
    {
        "date": "2020-11-22T13:15:00.773Z",
        "value": "3.299840475052729",
        "cumulative": false
    },
    {
        "date": "2020-11-22T13:15:16.193Z",
        "value": "3.241795301437378",
        "cumulative": false
    },
    {
        "date": "2020-11-22T13:15:35.949Z",
        "value": "2.805851798221983",
        "cumulative": false
    },
    {
        "date": "2020-11-22T13:16:14.533Z",
        "value": "3.116155094630282",
        "cumulative": false
    },
    {
        "date": "2020-11-22T13:16:49.985Z",
        "value": "3.294059915660278",
        "cumulative": false
    },
    {
        "date": "2020-11-22T13:17:28.144Z",
        "value": "3.236327848118089",
        "cumulative": false
    },
    {
        "date": "2020-11-22T13:18:03.247Z",
        "value": "3.242869785257725",
        "cumulative": false
    },
    {
        "date": "2020-11-22T13:18:41.053Z",
        "value": "3.092773940364315",
        "cumulative": false
    },
    {
        "date": "2020-11-22T13:19:18.649Z",
        "value": "3.195470892620171",
        "cumulative": false
    },
    {
        "date": "2020-11-22T13:19:57.314Z",
        "value": "3.1738417261490253",
        "cumulative": false
    },
    {
        "date": "2020-11-22T13:20:33.215Z",
        "value": "3.269336530008963",
        "cumulative": false
    },
    {
        "date": "2020-11-22T13:21:12.633Z",
        "value": "3.264383340598176",
        "cumulative": false
    },
    {
        "date": "2020-11-22T13:21:48.534Z",
        "value": "3.0446897629602057",
        "cumulative": false
    },
    {
        "date": "2020-11-22T13:22:28.311Z",
        "value": "3.0275330670112",
        "cumulative": false
    },
    {
        "date": "2020-11-22T13:23:03.815Z",
        "value": "3.24111239461738",
        "cumulative": false
    },
    {
        "date": "2020-11-22T13:23:40.935Z",
        "value": "3.2030212295772014",
        "cumulative": false
    },
    {
        "date": "2020-11-22T13:24:16.294Z",
        "value": "3.1207581519809713",
        "cumulative": false
    },
    {
        "date": "2020-11-22T13:24:54.500Z",
        "value": "3.163810643869921",
        "cumulative": false
    },
    {
        "date": "2020-11-22T13:25:29.587Z",
        "value": "3.181040641960651",
        "cumulative": false
    },
    {
        "date": "2020-11-22T13:26:06.453Z",
        "value": "3.309444276266766",
        "cumulative": false
    },
    {
        "date": "2020-11-22T13:26:43.539Z",
        "value": "3.288559787482066",
        "cumulative": false
    },
    {
        "date": "2020-11-22T13:27:21.425Z",
        "value": "3.141152196044212",
        "cumulative": false
    },
    {
        "date": "2020-11-22T13:27:58.084Z",
        "value": "3.213517149704508",
        "cumulative": false
    },
    {
        "date": "2020-11-22T13:28:36.239Z",
        "value": "3.3678955644576565",
        "cumulative": false
    },
    {
        "date": "2020-11-22T13:29:12.634Z",
        "value": "3.2935490498369413",
        "cumulative": false
    },
    {
        "date": "2020-11-22T13:29:50.322Z",
        "value": "3.1292840189873417",
        "cumulative": false
    },
    {
        "date": "2020-11-22T13:30:27.472Z",
        "value": "3.384325731981982",
        "cumulative": false
    },
    {
        "date": "2020-11-22T13:31:04.341Z",
        "value": "3.2506752575595397",
        "cumulative": false
    },
    {
        "date": "2020-11-22T13:31:40.149Z",
        "value": "3.179829506918068",
        "cumulative": false
    },
    {
        "date": "2020-11-22T13:32:17.473Z",
        "value": "3.1600057310977223",
        "cumulative": false
    },
    {
        "date": "2020-11-22T13:32:53.997Z",
        "value": "3.1597006692611855",
        "cumulative": false
    },
    {
        "date": "2020-11-22T13:33:32.343Z",
        "value": "3.247920123525074",
        "cumulative": false
    },
    {
        "date": "2020-11-22T13:34:07.402Z",
        "value": "3.1435828320418704",
        "cumulative": false
    },
    {
        "date": "2020-11-22T13:34:45.035Z",
        "value": "3.3372809339570986",
        "cumulative": false
    },
    {
        "date": "2020-11-22T13:35:21.728Z",
        "value": "3.354102527131531",
        "cumulative": false
    },
    {
        "date": "2020-11-22T13:36:00.791Z",
        "value": "3.1997858224061337",
        "cumulative": false
    },
    {
        "date": "2020-11-22T13:36:36.181Z",
        "value": "3.2505114032033426",
        "cumulative": false
    },
    {
        "date": "2020-11-22T13:37:11.606Z",
        "value": "3.250710277444193",
        "cumulative": false
    },
    {
        "date": "2020-11-22T13:37:48.667Z",
        "value": "3.156572265625",
        "cumulative": false
    },
    {
        "date": "2020-11-22T13:38:27.223Z",
        "value": "3.2292676193301686",
        "cumulative": false
    },
    {
        "date": "2020-11-22T13:39:04.895Z",
        "value": "3.3415418068342775",
        "cumulative": false
    },
    {
        "date": "2020-11-22T13:39:42.850Z",
        "value": "3.123168442137263",
        "cumulative": false
    },
    {
        "date": "2020-11-22T13:40:19.593Z",
        "value": "3.2612857041855206",
        "cumulative": false
    },
    {
        "date": "2020-11-22T13:40:57.784Z",
        "value": "3.224554364916598",
        "cumulative": false
    },
    {
        "date": "2020-11-22T13:41:33.629Z",
        "value": "3.1693055923375706",
        "cumulative": false
    },
    {
        "date": "2020-11-22T13:42:12.651Z",
        "value": "3.2059078694476084",
        "cumulative": false
    },
    {
        "date": "2020-11-22T13:42:49.271Z",
        "value": "3.1654421565423774",
        "cumulative": false
    },
    {
        "date": "2020-11-22T13:43:26.651Z",
        "value": "3.068725342976969",
        "cumulative": false
    },
    {
        "date": "2020-11-22T13:44:03.881Z",
        "value": "3.1049786857720396",
        "cumulative": false
    },
    {
        "date": "2020-11-22T13:44:48.643Z",
        "value": "3.1302755320040214",
        "cumulative": false
    },
    {
        "date": "2020-11-22T13:45:23.419Z",
        "value": "3.3977791767285206",
        "cumulative": false
    },
    {
        "date": "2020-11-22T13:46:01.018Z",
        "value": "3.2257990984007834",
        "cumulative": false
    },
    {
        "date": "2020-11-22T13:46:35.863Z",
        "value": "3.337859743411928",
        "cumulative": false
    },
    {
        "date": "2020-11-22T13:47:14.209Z",
        "value": "3.37150162933324",
        "cumulative": false
    },
    {
        "date": "2020-11-22T13:47:50.808Z",
        "value": "3.1269481157027443",
        "cumulative": false
    },
    {
        "date": "2020-11-22T13:48:30.344Z",
        "value": "3.270370081960266",
        "cumulative": false
    },
    {
        "date": "2020-11-22T13:49:07.335Z",
        "value": "3.226414711609792",
        "cumulative": false
    },
    {
        "date": "2020-11-22T13:49:45.502Z",
        "value": "3.3114969186659637",
        "cumulative": false
    },
    {
        "date": "2020-11-22T13:50:20.710Z",
        "value": "3.251134374120214",
        "cumulative": false
    },
    {
        "date": "2020-11-22T13:50:57.949Z",
        "value": "3.0062161487405805",
        "cumulative": false
    },
    {
        "date": "2020-11-22T13:51:35.230Z",
        "value": "3.395159345253409",
        "cumulative": false
    },
    {
        "date": "2020-11-22T13:52:13.307Z",
        "value": "3.0065855368589745",
        "cumulative": false
    },
    {
        "date": "2020-11-22T13:52:48.186Z",
        "value": "3.131215178943349",
        "cumulative": false
    },
    {
        "date": "2020-11-22T13:53:27.713Z",
        "value": "2.981110124571673",
        "cumulative": false
    },
    {
        "date": "2020-11-22T13:54:03.832Z",
        "value": "3.3940558357104047",
        "cumulative": false
    },
    {
        "date": "2020-11-22T13:54:42.533Z",
        "value": "3.1913770660064844",
        "cumulative": false
    },
    {
        "date": "2020-11-22T13:55:18.852Z",
        "value": "3.3753539731580604",
        "cumulative": false
    },
    {
        "date": "2020-11-22T13:55:57.502Z",
        "value": "3.164564640761463",
        "cumulative": false
    },
    {
        "date": "2020-11-22T13:56:33.381Z",
        "value": "3.184146282482724",
        "cumulative": false
    },
    {
        "date": "2020-11-22T13:57:11.772Z",
        "value": "3.43387628784693",
        "cumulative": false
    },
    {
        "date": "2020-11-22T13:57:47.556Z",
        "value": "3.03861343863725",
        "cumulative": false
    },
    {
        "date": "2020-11-22T13:58:25.299Z",
        "value": "3.202128651109704",
        "cumulative": false
    },
    {
        "date": "2020-11-22T13:59:01.895Z",
        "value": "3.135718762923904",
        "cumulative": false
    },
    {
        "date": "2020-11-22T13:59:41.281Z",
        "value": "3.096679969743497",
        "cumulative": false
    },
    {
        "date": "2020-11-22T14:00:16.910Z",
        "value": "3.265665055885972",
        "cumulative": false
    },
    {
        "date": "2020-11-22T14:00:54.412Z",
        "value": "3.0789723772321427",
        "cumulative": false
    },
    {
        "date": "2020-11-22T14:01:30.965Z",
        "value": "3.1816674377523553",
        "cumulative": false
    },
    {
        "date": "2020-11-22T14:02:08.817Z",
        "value": "3.131519846796657",
        "cumulative": false
    },
    {
        "date": "2020-11-22T14:02:44.845Z",
        "value": "3.3336266678370787",
        "cumulative": false
    },
    {
        "date": "2020-11-22T14:03:21.851Z",
        "value": "3.1929825594340917",
        "cumulative": false
    },
    {
        "date": "2020-11-22T14:03:57.912Z",
        "value": "3.294562606292517",
        "cumulative": false
    },
    {
        "date": "2020-11-22T14:04:37.143Z",
        "value": "3.218071557589787",
        "cumulative": false
    },
    {
        "date": "2020-11-22T14:05:11.819Z",
        "value": "3.17641764056533",
        "cumulative": false
    },
    {
        "date": "2020-11-22T14:05:49.320Z",
        "value": "3.132428679572673",
        "cumulative": false
    },
    {
        "date": "2020-11-22T14:06:24.686Z",
        "value": "3.355654822345334",
        "cumulative": false
    },
    {
        "date": "2020-11-22T14:07:04.185Z",
        "value": "3.2765528428245636",
        "cumulative": false
    },
    {
        "date": "2020-11-22T14:07:41.007Z",
        "value": "3.3157195808595765",
        "cumulative": false
    },
    {
        "date": "2020-11-22T14:08:18.782Z",
        "value": "3.3613883129164353",
        "cumulative": false
    },
    {
        "date": "2020-11-22T14:08:53.717Z",
        "value": "3.1732844142184824",
        "cumulative": false
    },
    {
        "date": "2020-11-22T14:09:31.976Z",
        "value": "3.2670126498114733",
        "cumulative": false
    },
    {
        "date": "2020-11-22T14:10:08.492Z",
        "value": "3.326903204379442",
        "cumulative": false
    },
    {
        "date": "2020-11-22T14:10:45.458Z",
        "value": "3.25103067862166",
        "cumulative": false
    },
    {
        "date": "2020-11-22T14:11:22.891Z",
        "value": "3.1729610835280373",
        "cumulative": false
    },
    {
        "date": "2020-11-22T14:12:01.213Z",
        "value": "3.3344828405634415",
        "cumulative": false
    },
    {
        "date": "2020-11-22T14:12:37.981Z",
        "value": "3.395234848284728",
        "cumulative": false
    },
    {
        "date": "2020-11-22T14:13:16.904Z",
        "value": "3.143668641522029",
        "cumulative": false
    },
    {
        "date": "2020-11-22T14:13:58.526Z",
        "value": "3.218496464658296",
        "cumulative": false
    },
    {
        "date": "2020-11-22T14:14:37.723Z",
        "value": "3.2426009852009168",
        "cumulative": false
    },
    {
        "date": "2020-11-22T14:15:15.074Z",
        "value": "3.4323864812914144",
        "cumulative": false
    },
    {
        "date": "2020-11-22T14:15:52.301Z",
        "value": "3.210351511142519",
        "cumulative": false
    },
    {
        "date": "2020-11-22T14:16:27.336Z",
        "value": "3.2606772295116473",
        "cumulative": false
    },
    {
        "date": "2020-11-22T14:17:05.432Z",
        "value": "3.2119572315988947",
        "cumulative": false
    },
    {
        "date": "2020-11-22T14:17:40.372Z",
        "value": "3.2763241782707255",
        "cumulative": false
    },
    {
        "date": "2020-11-22T14:18:17.259Z",
        "value": "3.1721217528292183",
        "cumulative": false
    },
    {
        "date": "2020-11-22T14:18:53.502Z",
        "value": "3.1888679027432643",
        "cumulative": false
    },
    {
        "date": "2020-11-22T14:19:32.028Z",
        "value": "3.2009996004044887",
        "cumulative": false
    },
    {
        "date": "2020-11-22T14:20:09.420Z",
        "value": "3.1960305219835714",
        "cumulative": false
    },
    {
        "date": "2020-11-22T14:20:47.583Z",
        "value": "3.094427536557838",
        "cumulative": false
    },
    {
        "date": "2020-11-22T14:21:23.818Z",
        "value": "3.181017588753563",
        "cumulative": false
    },
    {
        "date": "2020-11-22T14:22:02.630Z",
        "value": "2.9878586246468926",
        "cumulative": false
    },
    {
        "date": "2020-11-22T14:22:38.220Z",
        "value": "3.1427513333777",
        "cumulative": false
    },
    {
        "date": "2020-11-22T14:23:16.743Z",
        "value": "3.256678212670425",
        "cumulative": false
    },
    {
        "date": "2020-11-22T14:23:52.301Z",
        "value": "3.0665537220317263",
        "cumulative": false
    },
    {
        "date": "2020-11-22T14:24:29.782Z",
        "value": "3.1183037353157124",
        "cumulative": false
    },
    {
        "date": "2020-11-22T14:25:05.874Z",
        "value": "3.0542543054119906",
        "cumulative": false
    },
    {
        "date": "2020-11-22T14:25:43.853Z",
        "value": "3.223396677552653",
        "cumulative": false
    },
    {
        "date": "2020-11-22T14:26:18.884Z",
        "value": "3.078720340440165",
        "cumulative": false
    },
    {
        "date": "2020-11-22T14:26:57.799Z",
        "value": "3.111093662145066",
        "cumulative": false
    },
    {
        "date": "2020-11-22T14:27:34.201Z",
        "value": "3.2139109616951913",
        "cumulative": false
    },
    {
        "date": "2020-11-22T14:28:13.709Z",
        "value": "3.2254273272935143",
        "cumulative": false
    },
    {
        "date": "2020-11-22T14:28:47.905Z",
        "value": "3.1812135837847118",
        "cumulative": false
    },
    {
        "date": "2020-11-22T14:29:25.819Z",
        "value": "3.1622515261431277",
        "cumulative": false
    },
    {
        "date": "2020-11-22T14:30:01.414Z",
        "value": "3.221835980028579",
        "cumulative": false
    },
    {
        "date": "2020-11-22T14:30:36.758Z",
        "value": "3.2321616524634047",
        "cumulative": false
    },
    {
        "date": "2020-11-22T14:31:12.912Z",
        "value": "3.26349086149575",
        "cumulative": false
    },
    {
        "date": "2020-11-22T14:31:51.723Z",
        "value": "3.0651429743104983",
        "cumulative": false
    },
    {
        "date": "2020-11-22T14:32:28.347Z",
        "value": "3.1110581186655404",
        "cumulative": false
    },
    {
        "date": "2020-11-22T14:33:05.907Z",
        "value": "3.1805359436585023",
        "cumulative": false
    },
    {
        "date": "2020-11-22T14:33:41.679Z",
        "value": "3.1742028427014626",
        "cumulative": false
    },
    {
        "date": "2020-11-22T14:34:21.451Z",
        "value": "3.3402535897071366",
        "cumulative": false
    },
    {
        "date": "2020-11-22T14:34:57.572Z",
        "value": "3.206334431966146",
        "cumulative": false
    },
    {
        "date": "2020-11-22T14:35:36.238Z",
        "value": "3.0818200224271117",
        "cumulative": false
    },
    {
        "date": "2020-11-22T14:36:13.960Z",
        "value": "3.2053355630446623",
        "cumulative": false
    },
    {
        "date": "2020-11-22T14:36:53.525Z",
        "value": "3.271755929720604",
        "cumulative": false
    },
    {
        "date": "2020-11-22T14:37:28.891Z",
        "value": "3.1139340412835925",
        "cumulative": false
    },
    {
        "date": "2020-11-22T14:38:08.586Z",
        "value": "3.154929615745895",
        "cumulative": false
    },
    {
        "date": "2020-11-22T14:38:44.089Z",
        "value": "3.289769898433351",
        "cumulative": false
    },
    {
        "date": "2020-11-22T14:39:22.604Z",
        "value": "3.3858499024229523",
        "cumulative": false
    },
    {
        "date": "2020-11-22T14:39:57.841Z",
        "value": "3.3822917239262678",
        "cumulative": false
    },
    {
        "date": "2020-11-22T14:40:36.888Z",
        "value": "3.2129308224878934",
        "cumulative": false
    },
    {
        "date": "2020-11-22T14:41:12.963Z",
        "value": "3.118404657380512",
        "cumulative": false
    },
    {
        "date": "2020-11-22T14:41:50.898Z",
        "value": "3.1981414794921874",
        "cumulative": false
    },
    {
        "date": "2020-11-22T14:42:34.080Z",
        "value": "3.3102404522983235",
        "cumulative": false
    },
    {
        "date": "2020-11-22T14:43:15.253Z",
        "value": "3.199701141742637",
        "cumulative": false
    },
    {
        "date": "2020-11-22T14:43:51.195Z",
        "value": "3.16643385746308",
        "cumulative": false
    },
    {
        "date": "2020-11-22T14:44:27.986Z",
        "value": "3.156853672837296",
        "cumulative": false
    },
    {
        "date": "2020-11-22T14:45:05.369Z",
        "value": "3.208758448141409",
        "cumulative": false
    },
    {
        "date": "2020-11-22T14:45:44.841Z",
        "value": "3.3016376201923077",
        "cumulative": false
    },
    {
        "date": "2020-11-22T14:46:20.827Z",
        "value": "3.185608878968254",
        "cumulative": false
    },
    {
        "date": "2020-11-22T14:46:58.702Z",
        "value": "3.162672973504722",
        "cumulative": false
    },
    {
        "date": "2020-11-22T14:47:36.108Z",
        "value": "3.419364978134111",
        "cumulative": false
    },
    {
        "date": "2020-11-22T14:48:14.592Z",
        "value": "3.2209149365011416",
        "cumulative": false
    },
    {
        "date": "2020-11-22T14:48:49.453Z",
        "value": "3.1984359437250998",
        "cumulative": false
    },
    {
        "date": "2020-11-22T14:49:26.935Z",
        "value": "3.4224266245811394",
        "cumulative": false
    },
    {
        "date": "2020-11-22T14:50:04.599Z",
        "value": "3.1593648844166884",
        "cumulative": false
    },
    {
        "date": "2020-11-22T14:50:41.905Z",
        "value": "3.1072331368338006",
        "cumulative": false
    },
    {
        "date": "2020-11-22T14:51:16.870Z",
        "value": "3.208190936021148",
        "cumulative": false
    },
    {
        "date": "2020-11-22T14:51:57.008Z",
        "value": "3.077280720866534",
        "cumulative": false
    },
    {
        "date": "2020-11-22T14:52:12.532Z",
        "value": "3.1535959243774414",
        "cumulative": false
    },
    {
        "date": "2020-11-22T14:52:32.753Z",
        "value": "2.7778966387829405",
        "cumulative": false
    },
    {
        "date": "2020-11-22T14:53:09.337Z",
        "value": "3.072306927461728",
        "cumulative": false
    },
    {
        "date": "2020-11-22T14:53:43.602Z",
        "value": "3.2042485691690583",
        "cumulative": false
    },
    {
        "date": "2020-11-22T14:54:21.236Z",
        "value": "3.1815943015719803",
        "cumulative": false
    },
    {
        "date": "2020-11-22T14:54:56.218Z",
        "value": "3.0480538176593712",
        "cumulative": false
    },
    {
        "date": "2020-11-22T14:55:33.746Z",
        "value": "2.9649594867900055",
        "cumulative": false
    },
    {
        "date": "2020-11-22T14:56:09.093Z",
        "value": "3.1126012731481483",
        "cumulative": false
    },
    {
        "date": "2020-11-22T14:56:46.709Z",
        "value": "3.11078370554177",
        "cumulative": false
    },
    {
        "date": "2020-11-22T14:57:23.117Z",
        "value": "3.1382572661412445",
        "cumulative": false
    },
    {
        "date": "2020-11-22T14:58:01.571Z",
        "value": "3.1345151166308147",
        "cumulative": false
    },
    {
        "date": "2020-11-22T14:58:37.861Z",
        "value": "3.1618435299903367",
        "cumulative": false
    },
    {
        "date": "2020-11-22T14:59:16.462Z",
        "value": "3.171613595570306",
        "cumulative": false
    },
    {
        "date": "2020-11-22T14:59:53.694Z",
        "value": "3.0615673309384364",
        "cumulative": false
    },
    {
        "date": "2020-11-22T15:00:30.852Z",
        "value": "3.1861911774720784",
        "cumulative": false
    },
    {
        "date": "2020-11-22T15:01:07.307Z",
        "value": "3.26115436041372",
        "cumulative": false
    },
    {
        "date": "2020-11-22T15:01:43.949Z",
        "value": "3.0635750185329003",
        "cumulative": false
    },
    {
        "date": "2020-11-22T15:02:20.098Z",
        "value": "3.1336814536989137",
        "cumulative": false
    },
    {
        "date": "2020-11-22T15:02:58.509Z",
        "value": "3.149235416376185",
        "cumulative": false
    },
    {
        "date": "2020-11-22T15:03:34.265Z",
        "value": "3.234158276936478",
        "cumulative": false
    },
    {
        "date": "2020-11-22T15:04:11.805Z",
        "value": "3.2301943659814865",
        "cumulative": false
    },
    {
        "date": "2020-11-22T15:04:47.365Z",
        "value": "2.9802894582476216",
        "cumulative": false
    },
    {
        "date": "2020-11-22T15:05:23.892Z",
        "value": "3.0522029893270624",
        "cumulative": false
    },
    {
        "date": "2020-11-22T15:06:01.127Z",
        "value": "3.0511122255067566",
        "cumulative": false
    },
    {
        "date": "2020-11-22T15:06:38.331Z",
        "value": "3.0493999563163343",
        "cumulative": false
    },
    {
        "date": "2020-11-22T15:07:15.275Z",
        "value": "2.9156685267857143",
        "cumulative": false
    },
    {
        "date": "2020-11-22T15:07:53.012Z",
        "value": "3.12534866940838",
        "cumulative": false
    },
    {
        "date": "2020-11-22T15:08:28.821Z",
        "value": "3.0680219839632685",
        "cumulative": false
    },
    {
        "date": "2020-11-22T15:09:06.514Z",
        "value": "3.0305084150064268",
        "cumulative": false
    },
    {
        "date": "2020-11-22T15:09:43.601Z",
        "value": "3.044370844414894",
        "cumulative": false
    },
    {
        "date": "2020-11-22T15:10:22.038Z",
        "value": "3.049399401423641",
        "cumulative": false
    },
    {
        "date": "2020-11-22T15:10:58.117Z",
        "value": "3.1943429773104093",
        "cumulative": false
    },
    {
        "date": "2020-11-22T15:11:35.665Z",
        "value": "3.2150504372336646",
        "cumulative": false
    },
    {
        "date": "2020-11-22T15:12:10.365Z",
        "value": "3.2050627977858746",
        "cumulative": false
    },
    {
        "date": "2020-11-22T15:12:48.825Z",
        "value": "3.073846005721831",
        "cumulative": false
    },
    {
        "date": "2020-11-22T15:13:24.907Z",
        "value": "3.2708429594241726",
        "cumulative": false
    },
    {
        "date": "2020-11-22T15:14:03.771Z",
        "value": "3.1844561621683742",
        "cumulative": false
    },
    {
        "date": "2020-11-22T15:14:40.425Z",
        "value": "3.1047357602093566",
        "cumulative": false
    },
    {
        "date": "2020-11-22T15:15:18.929Z",
        "value": "3.01874010372189",
        "cumulative": false
    },
    {
        "date": "2020-11-22T15:15:55.518Z",
        "value": "3.2716568566019624",
        "cumulative": false
    },
    {
        "date": "2020-11-22T15:16:33.013Z",
        "value": "3.047606181841948",
        "cumulative": false
    },
    {
        "date": "2020-11-22T15:17:09.303Z",
        "value": "3.1699822146429475",
        "cumulative": false
    },
    {
        "date": "2020-11-22T15:17:46.513Z",
        "value": "3.3207783651447107",
        "cumulative": false
    },
    {
        "date": "2020-11-22T15:18:21.851Z",
        "value": "3.030420410024318",
        "cumulative": false
    },
    {
        "date": "2020-11-22T15:18:59.431Z",
        "value": "3.0192326477692526",
        "cumulative": false
    },
    {
        "date": "2020-11-22T15:19:35.089Z",
        "value": "3.02690083827094",
        "cumulative": false
    },
    {
        "date": "2020-11-22T15:20:12.462Z",
        "value": "3.285938361831219",
        "cumulative": false
    },
    {
        "date": "2020-11-22T15:20:47.881Z",
        "value": "3.288937186440079",
        "cumulative": false
    },
    {
        "date": "2020-11-22T15:21:31.850Z",
        "value": "3.2783090072009373",
        "cumulative": false
    },
    {
        "date": "2020-11-22T15:22:06.889Z",
        "value": "3.0536092634865657",
        "cumulative": false
    },
    {
        "date": "2020-11-22T15:22:45.878Z",
        "value": "3.2513322191235754",
        "cumulative": false
    },
    {
        "date": "2020-11-22T15:23:21.264Z",
        "value": "2.8503891431145676",
        "cumulative": false
    },
    {
        "date": "2020-11-22T15:24:00.086Z",
        "value": "3.185747401180698",
        "cumulative": false
    },
    {
        "date": "2020-11-22T15:24:35.994Z",
        "value": "3.1199133154880476",
        "cumulative": false
    },
    {
        "date": "2020-11-22T15:25:12.645Z",
        "value": "3.147478070175439",
        "cumulative": false
    },
    {
        "date": "2020-11-22T15:25:49.189Z",
        "value": "3.2680819181367724",
        "cumulative": false
    },
    {
        "date": "2020-11-22T15:26:25.724Z",
        "value": "3.140544680120114",
        "cumulative": false
    },
    {
        "date": "2020-11-22T15:27:01.073Z",
        "value": "3.243744285085343",
        "cumulative": false
    },
    {
        "date": "2020-11-22T15:27:40.209Z",
        "value": "3.2158702098540144",
        "cumulative": false
    },
    {
        "date": "2020-11-22T15:28:14.275Z",
        "value": "3.0079470802150756",
        "cumulative": false
    },
    {
        "date": "2020-11-22T15:28:51.771Z",
        "value": "3.1502374387254903",
        "cumulative": false
    },
    {
        "date": "2020-11-22T15:29:29.126Z",
        "value": "3.0974447959710742",
        "cumulative": false
    },
    {
        "date": "2020-11-22T15:30:06.486Z",
        "value": "3.0044209366596952",
        "cumulative": false
    },
    {
        "date": "2020-11-22T15:30:43.562Z",
        "value": "3.0468521012931036",
        "cumulative": false
    },
    {
        "date": "2020-11-22T15:31:22.053Z",
        "value": "3.066750593466553",
        "cumulative": false
    },
    {
        "date": "2020-11-22T15:31:58.078Z",
        "value": "2.9655301323508625",
        "cumulative": false
    },
    {
        "date": "2020-11-22T15:32:36.540Z",
        "value": "3.012986139112903",
        "cumulative": false
    },
    {
        "date": "2020-11-22T15:33:14.275Z",
        "value": "3.1201863099872593",
        "cumulative": false
    },
    {
        "date": "2020-11-22T15:33:52.696Z",
        "value": "3.117537867836032",
        "cumulative": false
    },
    {
        "date": "2020-11-22T15:34:29.334Z",
        "value": "3.249909011044177",
        "cumulative": false
    },
    {
        "date": "2020-11-22T15:35:07.663Z",
        "value": "3.0685169662017167",
        "cumulative": false
    },
    {
        "date": "2020-11-22T15:35:43.964Z",
        "value": "3.012040765898385",
        "cumulative": false
    },
    {
        "date": "2020-11-22T15:36:22.822Z",
        "value": "3.1124701629719054",
        "cumulative": false
    },
    {
        "date": "2020-11-22T15:36:57.969Z",
        "value": "3.128692635413779",
        "cumulative": false
    },
    {
        "date": "2020-11-22T15:37:34.297Z",
        "value": "2.872375795353655",
        "cumulative": false
    },
    {
        "date": "2020-11-22T15:38:09.408Z",
        "value": "3.234647986520511",
        "cumulative": false
    },
    {
        "date": "2020-11-22T15:38:46.020Z",
        "value": "3.071235392398447",
        "cumulative": false
    },
    {
        "date": "2020-11-22T15:39:22.919Z",
        "value": "3.1789169564991693",
        "cumulative": false
    },
    {
        "date": "2020-11-22T15:40:00.280Z",
        "value": "2.8659607170033206",
        "cumulative": false
    },
    {
        "date": "2020-11-22T15:40:36.609Z",
        "value": "3.1159170799559157",
        "cumulative": false
    },
    {
        "date": "2020-11-22T15:41:16.719Z",
        "value": "3.0477715608511526",
        "cumulative": false
    },
    {
        "date": "2020-11-22T15:41:52.931Z",
        "value": "3.0988136376806654",
        "cumulative": false
    },
    {
        "date": "2020-11-22T15:42:30.946Z",
        "value": "3.104339732873908",
        "cumulative": false
    },
    {
        "date": "2020-11-22T15:43:06.546Z",
        "value": "3.0500757505715437",
        "cumulative": false
    },
    {
        "date": "2020-11-22T15:43:43.537Z",
        "value": "3.0832748191172192",
        "cumulative": false
    },
    {
        "date": "2020-11-22T15:44:20.833Z",
        "value": "3.2045021349602956",
        "cumulative": false
    },
    {
        "date": "2020-11-22T15:44:57.988Z",
        "value": "3.212207511071244",
        "cumulative": false
    },
    {
        "date": "2020-11-22T15:45:34.036Z",
        "value": "3.1506532211798057",
        "cumulative": false
    },
    {
        "date": "2020-11-22T15:46:12.666Z",
        "value": "3.0502411039832142",
        "cumulative": false
    },
    {
        "date": "2020-11-22T15:46:49.026Z",
        "value": "3.3116687875641544",
        "cumulative": false
    },
    {
        "date": "2020-11-22T15:47:26.452Z",
        "value": "3.271226312586926",
        "cumulative": false
    },
    {
        "date": "2020-11-22T15:48:01.397Z",
        "value": "3.182489099884693",
        "cumulative": false
    },
    {
        "date": "2020-11-22T15:48:38.532Z",
        "value": "3.215453079906205",
        "cumulative": false
    },
    {
        "date": "2020-11-22T15:49:13.881Z",
        "value": "3.073556735720974",
        "cumulative": false
    },
    {
        "date": "2020-11-22T15:49:51.422Z",
        "value": "3.110497897553517",
        "cumulative": false
    },
    {
        "date": "2020-11-22T15:50:33.801Z",
        "value": "3.184524619427476",
        "cumulative": false
    },
    {
        "date": "2020-11-22T15:51:09.837Z",
        "value": "3.3028199383031542",
        "cumulative": false
    },
    {
        "date": "2020-11-22T15:51:47.682Z",
        "value": "3.135908863115693",
        "cumulative": false
    },
    {
        "date": "2020-11-22T15:52:24.685Z",
        "value": "3.1032698823109843",
        "cumulative": false
    },
    {
        "date": "2020-11-22T15:53:00.361Z",
        "value": "3.3636576144189623",
        "cumulative": false
    },
    {
        "date": "2020-11-22T15:53:37.691Z",
        "value": "3.173875014669394",
        "cumulative": false
    },
    {
        "date": "2020-11-22T15:54:13.972Z",
        "value": "3.115672973524177",
        "cumulative": false
    },
    {
        "date": "2020-11-22T15:54:50.096Z",
        "value": "3.109305778012541",
        "cumulative": false
    },
    {
        "date": "2020-11-22T15:55:27.823Z",
        "value": "3.0267706605236584",
        "cumulative": false
    },
    {
        "date": "2020-11-22T15:56:07.236Z",
        "value": "3.23482479149852",
        "cumulative": false
    },
    {
        "date": "2020-11-22T15:56:44.050Z",
        "value": "3.166264286747685",
        "cumulative": false
    },
    {
        "date": "2020-11-22T15:57:20.894Z",
        "value": "3.2552821843993027",
        "cumulative": false
    },
    {
        "date": "2020-11-22T15:57:57.226Z",
        "value": "3.160101466560843",
        "cumulative": false
    },
    {
        "date": "2020-11-22T15:58:34.794Z",
        "value": "3.034316777198596",
        "cumulative": false
    },
    {
        "date": "2020-11-22T15:59:11.018Z",
        "value": "2.9643946637401073",
        "cumulative": false
    },
    {
        "date": "2020-11-22T15:59:47.589Z",
        "value": "3.0160436508671804",
        "cumulative": false
    },
    {
        "date": "2020-11-22T16:00:25.037Z",
        "value": "3.1070149530002573",
        "cumulative": false
    },
    {
        "date": "2020-11-22T16:01:03.429Z",
        "value": "3.129064990486789",
        "cumulative": false
    },
    {
        "date": "2020-11-22T16:01:39.834Z",
        "value": "3.1035441827336583",
        "cumulative": false
    },
    {
        "date": "2020-11-22T16:02:17.555Z",
        "value": "3.2795458384777096",
        "cumulative": false
    },
    {
        "date": "2020-11-22T16:02:53.164Z",
        "value": "3.1026719674556213",
        "cumulative": false
    },
    {
        "date": "2020-11-22T16:03:31.900Z",
        "value": "3.040791635229506",
        "cumulative": false
    },
    {
        "date": "2020-11-22T16:04:08.525Z",
        "value": "3.0140059471687097",
        "cumulative": false
    },
    {
        "date": "2020-11-22T16:04:46.324Z",
        "value": "3.029327392578125",
        "cumulative": false
    },
    {
        "date": "2020-11-22T16:05:22.562Z",
        "value": "3.0401978576487254",
        "cumulative": false
    },
    {
        "date": "2020-11-22T16:06:01.391Z",
        "value": "3.0664897665764546",
        "cumulative": false
    },
    {
        "date": "2020-11-22T16:06:37.253Z",
        "value": "3.229029668328221",
        "cumulative": false
    },
    {
        "date": "2020-11-22T16:07:14.813Z",
        "value": "3.0891034610801555",
        "cumulative": false
    },
    {
        "date": "2020-11-22T16:07:50.132Z",
        "value": "3.2137651625579653",
        "cumulative": false
    },
    {
        "date": "2020-11-22T16:08:28.341Z",
        "value": "3.01619613497478",
        "cumulative": false
    },
    {
        "date": "2020-11-22T16:09:02.186Z",
        "value": "3.0713295373126104",
        "cumulative": false
    },
    {
        "date": "2020-11-22T16:09:39.819Z",
        "value": "3.137425951535667",
        "cumulative": false
    },
    {
        "date": "2020-11-22T16:10:16.041Z",
        "value": "3.0163900588457317",
        "cumulative": false
    },
    {
        "date": "2020-11-22T16:10:53.485Z",
        "value": "2.981726432394925",
        "cumulative": false
    },
    {
        "date": "2020-11-22T16:11:30.378Z",
        "value": "3.1331823161054375",
        "cumulative": false
    },
    {
        "date": "2020-11-22T16:12:07.697Z",
        "value": "2.9957883700877925",
        "cumulative": false
    },
    {
        "date": "2020-11-22T16:12:43.997Z",
        "value": "3.1409868275639283",
        "cumulative": false
    },
    {
        "date": "2020-11-22T16:13:20.943Z",
        "value": "2.9666663069751382",
        "cumulative": false
    },
    {
        "date": "2020-11-22T16:13:55.978Z",
        "value": "3.1093691539115644",
        "cumulative": false
    },
    {
        "date": "2020-11-22T16:14:34.274Z",
        "value": "2.9783533571182943",
        "cumulative": false
    },
    {
        "date": "2020-11-22T16:15:10.370Z",
        "value": "3.102795797413793",
        "cumulative": false
    },
    {
        "date": "2020-11-22T16:15:48.282Z",
        "value": "3.057688311937398",
        "cumulative": false
    },
    {
        "date": "2020-11-22T16:16:22.475Z",
        "value": "3.145642811106466",
        "cumulative": false
    },
    {
        "date": "2020-11-22T16:17:01.921Z",
        "value": "3.174395205116166",
        "cumulative": false
    },
    {
        "date": "2020-11-22T16:17:37.531Z",
        "value": "3.0980537863823607",
        "cumulative": false
    },
    {
        "date": "2020-11-22T16:18:14.266Z",
        "value": "3.1583195583583357",
        "cumulative": false
    },
    {
        "date": "2020-11-22T16:18:56.566Z",
        "value": "3.123504925459508",
        "cumulative": false
    },
    {
        "date": "2020-11-22T16:19:35.130Z",
        "value": "3.108564487960761",
        "cumulative": false
    },
    {
        "date": "2020-11-22T16:20:08.426Z",
        "value": "2.9535492956464764",
        "cumulative": false
    },
    {
        "date": "2020-11-22T16:20:47.315Z",
        "value": "2.9033738746537394",
        "cumulative": false
    },
    {
        "date": "2020-11-22T16:21:23.862Z",
        "value": "3.007874367453835",
        "cumulative": false
    },
    {
        "date": "2020-11-22T16:22:02.855Z",
        "value": "2.924655860226963",
        "cumulative": false
    },
    {
        "date": "2020-11-22T16:22:39.084Z",
        "value": "3.0286622396605396",
        "cumulative": false
    },
    {
        "date": "2020-11-22T16:23:16.461Z",
        "value": "3.0676209648999153",
        "cumulative": false
    },
    {
        "date": "2020-11-22T16:23:51.787Z",
        "value": "3.009399735469326",
        "cumulative": false
    },
    {
        "date": "2020-11-22T16:24:30.841Z",
        "value": "3.247694375340785",
        "cumulative": false
    },
    {
        "date": "2020-11-22T16:25:07.094Z",
        "value": "3.1332911025926458",
        "cumulative": false
    },
    {
        "date": "2020-11-22T16:25:45.696Z",
        "value": "3.0351278817826803",
        "cumulative": false
    },
    {
        "date": "2020-11-22T16:26:21.025Z",
        "value": "2.895631343482906",
        "cumulative": false
    },
    {
        "date": "2020-11-22T16:26:59.378Z",
        "value": "3.057038945135346",
        "cumulative": false
    },
    {
        "date": "2020-11-22T16:27:37.447Z",
        "value": "3.187533666032953",
        "cumulative": false
    },
    {
        "date": "2020-11-22T16:28:14.797Z",
        "value": "3.0970293903675126",
        "cumulative": false
    },
    {
        "date": "2020-11-22T16:28:30.024Z",
        "value": "3.0642759799957275",
        "cumulative": false
    },
    {
        "date": "2020-11-22T16:28:50.608Z",
        "value": "2.263531362410072",
        "cumulative": false
    },
    {
        "date": "2020-11-22T16:29:26.865Z",
        "value": "3.235990596863201",
        "cumulative": false
    },
    {
        "date": "2020-11-22T16:30:03.618Z",
        "value": "3.144473147883295",
        "cumulative": false
    },
    {
        "date": "2020-11-22T16:30:42.527Z",
        "value": "2.9691606709431344",
        "cumulative": false
    },
    {
        "date": "2020-11-22T16:31:18.728Z",
        "value": "3.1623454731810368",
        "cumulative": false
    },
    {
        "date": "2020-11-22T16:31:56.264Z",
        "value": "2.9372576793796594",
        "cumulative": false
    },
    {
        "date": "2020-11-22T16:32:32.268Z",
        "value": "2.8418766207221196",
        "cumulative": false
    },
    {
        "date": "2020-11-22T16:33:09.766Z",
        "value": "3.1421935382656745",
        "cumulative": false
    },
    {
        "date": "2020-11-22T16:33:45.945Z",
        "value": "2.937321417564807",
        "cumulative": false
    },
    {
        "date": "2020-11-22T16:34:23.986Z",
        "value": "2.8941926315831625",
        "cumulative": false
    },
    {
        "date": "2020-11-22T16:34:59.778Z",
        "value": "3.043171587936974",
        "cumulative": false
    },
    {
        "date": "2020-11-22T16:35:37.576Z",
        "value": "2.922038528154481",
        "cumulative": false
    },
    {
        "date": "2020-11-22T16:36:12.287Z",
        "value": "3.2466455530872436",
        "cumulative": false
    },
    {
        "date": "2020-11-22T16:36:52.224Z",
        "value": "3.0731828179883816",
        "cumulative": false
    },
    {
        "date": "2020-11-22T16:37:27.104Z",
        "value": "3.072994908119061",
        "cumulative": false
    },
    {
        "date": "2020-11-22T16:38:06.454Z",
        "value": "3.0203600648551743",
        "cumulative": false
    },
    {
        "date": "2020-11-22T16:38:41.202Z",
        "value": "2.891653823743951",
        "cumulative": false
    },
    {
        "date": "2020-11-22T16:39:20.028Z",
        "value": "2.9235990483710106",
        "cumulative": false
    },
    {
        "date": "2020-11-22T16:39:56.310Z",
        "value": "3.1716010416666665",
        "cumulative": false
    },
    {
        "date": "2020-11-22T16:40:34.723Z",
        "value": "2.9911193094135804",
        "cumulative": false
    },
    {
        "date": "2020-11-22T16:41:10.625Z",
        "value": "3.0411758636017274",
        "cumulative": false
    },
    {
        "date": "2020-11-22T16:41:51.380Z",
        "value": "3.000080447865521",
        "cumulative": false
    },
    {
        "date": "2020-11-22T16:42:26.784Z",
        "value": "3.084375",
        "cumulative": false
    },
    {
        "date": "2020-11-22T16:43:05.812Z",
        "value": "2.9582615448205867",
        "cumulative": false
    },
    {
        "date": "2020-11-22T16:43:40.651Z",
        "value": "3.0258175723898857",
        "cumulative": false
    },
    {
        "date": "2020-11-22T16:44:16.268Z",
        "value": "3.1119908497431505",
        "cumulative": false
    },
    {
        "date": "2020-11-22T16:44:52.213Z",
        "value": "3.02718269027111",
        "cumulative": false
    },
    {
        "date": "2020-11-22T16:45:31.201Z",
        "value": "3.0275865604878653",
        "cumulative": false
    },
    {
        "date": "2020-11-22T16:46:06.593Z",
        "value": "3.0163453895071544",
        "cumulative": false
    },
    {
        "date": "2020-11-22T16:46:43.006Z",
        "value": "2.899199781783515",
        "cumulative": false
    },
    {
        "date": "2020-11-22T16:47:18.361Z",
        "value": "2.9557300529199564",
        "cumulative": false
    },
    {
        "date": "2020-11-22T16:47:55.807Z",
        "value": "3.170953361443884",
        "cumulative": false
    },
    {
        "date": "2020-11-22T16:48:32.648Z",
        "value": "2.995384680706522",
        "cumulative": false
    },
    {
        "date": "2020-11-22T16:49:10.832Z",
        "value": "2.935287622148479",
        "cumulative": false
    },
    {
        "date": "2020-11-22T16:49:46.502Z",
        "value": "2.9637107746911284",
        "cumulative": false
    },
    {
        "date": "2020-11-22T16:50:25.709Z",
        "value": "2.890181585135654",
        "cumulative": false
    },
    {
        "date": "2020-11-22T16:51:02.907Z",
        "value": "3.0889485447260663",
        "cumulative": false
    },
    {
        "date": "2020-11-22T16:51:40.939Z",
        "value": "3.02401123046875",
        "cumulative": false
    },
    {
        "date": "2020-11-22T16:52:16.620Z",
        "value": "2.9145730616782677",
        "cumulative": false
    },
    {
        "date": "2020-11-22T16:52:58.196Z",
        "value": "3.1195670499929933",
        "cumulative": false
    },
    {
        "date": "2020-11-22T16:53:34.883Z",
        "value": "2.9324019815741735",
        "cumulative": false
    },
    {
        "date": "2020-11-22T16:54:11.433Z",
        "value": "3.0114731490449973",
        "cumulative": false
    },
    {
        "date": "2020-11-22T16:54:47.617Z",
        "value": "2.9395550888121162",
        "cumulative": false
    },
    {
        "date": "2020-11-22T16:55:24.447Z",
        "value": "3.1092357224295193",
        "cumulative": false
    },
    {
        "date": "2020-11-22T16:56:02.371Z",
        "value": "2.9814640290304397",
        "cumulative": false
    },
    {
        "date": "2020-11-22T16:56:40.990Z",
        "value": "2.9331326191775835",
        "cumulative": false
    },
    {
        "date": "2020-11-22T16:57:17.562Z",
        "value": "3.063077942580715",
        "cumulative": false
    }
]