[
    {
        "date": "2020-11-22T11:38:28.120Z",
        "value": "3.9109323024749756",
        "cumulative": false
    },
    {
        "date": "2020-11-22T13:15:34.395Z",
        "value": "3.7709991931915283",
        "cumulative": false
    },
    {
        "date": "2020-11-22T14:52:30.148Z",
        "value": "3.5057766437530518",
        "cumulative": false
    },
    {
        "date": "2020-11-22T16:28:47.980Z",
        "value": "3.5063154697418213",
        "cumulative": false
    },
    {
        "date": "2020-11-22T16:58:15.918Z",
        "value": "1.1161303520202637",
        "cumulative": false
    }
]