[
    {
        "date": "2020-11-22T11:38:28.503Z",
        "value": "91.25576543807983",
        "cumulative": false
    },
    {
        "date": "2020-11-22T13:15:35.096Z",
        "value": "82.82967209815979",
        "cumulative": false
    },
    {
        "date": "2020-11-22T14:52:31.346Z",
        "value": "82.3184027671814",
        "cumulative": false
    },
    {
        "date": "2020-11-22T16:28:48.630Z",
        "value": "80.24555039405823",
        "cumulative": false
    },
    {
        "date": "2020-11-22T16:58:16.644Z",
        "value": "23.38437294960022",
        "cumulative": false
    }
]