[
    {
        "date": "2020-11-22T11:38:28.806Z",
        "value": "2.932727336883545",
        "cumulative": false
    },
    {
        "date": "2020-11-22T13:15:35.425Z",
        "value": "3.136747360229492",
        "cumulative": false
    },
    {
        "date": "2020-11-22T14:52:31.841Z",
        "value": "2.877795696258545",
        "cumulative": false
    },
    {
        "date": "2020-11-22T16:28:49.047Z",
        "value": "2.901991128921509",
        "cumulative": false
    },
    {
        "date": "2020-11-22T16:58:16.627Z",
        "value": "0.8668038845062256",
        "cumulative": false
    }
]