[
    {
        "date": "2020-11-22T11:38:27.739Z",
        "value": "108.65902304649353",
        "cumulative": false
    },
    {
        "date": "2020-11-22T13:15:35.708Z",
        "value": "108.91395235061646",
        "cumulative": false
    },
    {
        "date": "2020-11-22T14:52:32.002Z",
        "value": "108.9065318107605",
        "cumulative": false
    },
    {
        "date": "2020-11-22T16:28:49.118Z",
        "value": "108.90561103820801",
        "cumulative": false
    },
    {
        "date": "2020-11-22T16:58:17.041Z",
        "value": "32.696630239486694",
        "cumulative": false
    }
]