[
    {
        "date": "2020-11-22T10:01:02.342Z",
        "value": "8.014907067994121",
        "cumulative": false
    },
    {
        "date": "2020-11-22T10:01:47.989Z",
        "value": "9.635479767900899",
        "cumulative": false
    },
    {
        "date": "2020-11-22T10:02:25.751Z",
        "value": "9.127938089786289",
        "cumulative": false
    },
    {
        "date": "2020-11-22T10:03:03.348Z",
        "value": "8.829708699122106",
        "cumulative": false
    },
    {
        "date": "2020-11-22T10:03:41.744Z",
        "value": "8.416517270873651",
        "cumulative": false
    },
    {
        "date": "2020-11-22T10:04:19.442Z",
        "value": "8.164387759370817",
        "cumulative": false
    },
    {
        "date": "2020-11-22T10:04:55.338Z",
        "value": "8.086500075827862",
        "cumulative": false
    },
    {
        "date": "2020-11-22T10:05:33.633Z",
        "value": "7.8937326060462745",
        "cumulative": false
    },
    {
        "date": "2020-11-22T10:06:09.955Z",
        "value": "7.909202509341033",
        "cumulative": false
    },
    {
        "date": "2020-11-22T10:06:47.367Z",
        "value": "7.783514192745631",
        "cumulative": false
    },
    {
        "date": "2020-11-22T10:07:25.264Z",
        "value": "7.849406493046401",
        "cumulative": false
    },
    {
        "date": "2020-11-22T10:08:04.123Z",
        "value": "7.746621392841664",
        "cumulative": false
    },
    {
        "date": "2020-11-22T10:08:39.213Z",
        "value": "7.4910280343577345",
        "cumulative": false
    },
    {
        "date": "2020-11-22T10:09:17.715Z",
        "value": "7.383644213516747",
        "cumulative": false
    },
    {
        "date": "2020-11-22T10:09:55.324Z",
        "value": "7.204045353684776",
        "cumulative": false
    },
    {
        "date": "2020-11-22T10:10:32.443Z",
        "value": "6.903981600129945",
        "cumulative": false
    },
    {
        "date": "2020-11-22T10:11:09.491Z",
        "value": "6.90796008908371",
        "cumulative": false
    },
    {
        "date": "2020-11-22T10:11:48.122Z",
        "value": "6.68238323833422",
        "cumulative": false
    },
    {
        "date": "2020-11-22T10:12:25.668Z",
        "value": "6.508097209001904",
        "cumulative": false
    },
    {
        "date": "2020-11-22T10:13:03.128Z",
        "value": "6.332605251736111",
        "cumulative": false
    },
    {
        "date": "2020-11-22T10:13:39.949Z",
        "value": "6.214946814293998",
        "cumulative": false
    },
    {
        "date": "2020-11-22T10:14:17.692Z",
        "value": "6.012602604166666",
        "cumulative": false
    },
    {
        "date": "2020-11-22T10:14:54.294Z",
        "value": "5.8708121486441796",
        "cumulative": false
    },
    {
        "date": "2020-11-22T10:15:31.441Z",
        "value": "5.724035908993729",
        "cumulative": false
    },
    {
        "date": "2020-11-22T10:16:07.792Z",
        "value": "5.661422246182127",
        "cumulative": false
    },
    {
        "date": "2020-11-22T10:16:45.860Z",
        "value": "5.581129574158031",
        "cumulative": false
    },
    {
        "date": "2020-11-22T10:17:21.381Z",
        "value": "5.384441785301712",
        "cumulative": false
    },
    {
        "date": "2020-11-22T10:17:58.943Z",
        "value": "5.274606922445776",
        "cumulative": false
    },
    {
        "date": "2020-11-22T10:18:35.633Z",
        "value": "5.2094630768168",
        "cumulative": false
    },
    {
        "date": "2020-11-22T10:19:15.362Z",
        "value": "4.846595177283654",
        "cumulative": false
    },
    {
        "date": "2020-11-22T10:19:51.007Z",
        "value": "4.725107977642277",
        "cumulative": false
    },
    {
        "date": "2020-11-22T10:20:29.150Z",
        "value": "4.652182804426163",
        "cumulative": false
    },
    {
        "date": "2020-11-22T10:21:05.706Z",
        "value": "4.69544429272677",
        "cumulative": false
    },
    {
        "date": "2020-11-22T10:21:44.102Z",
        "value": "4.589108307557827",
        "cumulative": false
    },
    {
        "date": "2020-11-22T10:22:20.916Z",
        "value": "4.708710461128049",
        "cumulative": false
    },
    {
        "date": "2020-11-22T10:23:00.158Z",
        "value": "4.535667165051504",
        "cumulative": false
    },
    {
        "date": "2020-11-22T10:23:36.783Z",
        "value": "4.4747380428206505",
        "cumulative": false
    },
    {
        "date": "2020-11-22T10:24:16.688Z",
        "value": "4.255276402714122",
        "cumulative": false
    },
    {
        "date": "2020-11-22T10:24:53.338Z",
        "value": "4.380759769363549",
        "cumulative": false
    },
    {
        "date": "2020-11-22T10:25:32.148Z",
        "value": "4.217331133285113",
        "cumulative": false
    },
    {
        "date": "2020-11-22T10:26:07.942Z",
        "value": "4.4610999434979135",
        "cumulative": false
    },
    {
        "date": "2020-11-22T10:26:46.706Z",
        "value": "4.007164777369281",
        "cumulative": false
    },
    {
        "date": "2020-11-22T10:27:23.955Z",
        "value": "4.361452218577348",
        "cumulative": false
    },
    {
        "date": "2020-11-22T10:28:00.056Z",
        "value": "4.205274998079287",
        "cumulative": false
    },
    {
        "date": "2020-11-22T10:28:35.358Z",
        "value": "4.137052765824542",
        "cumulative": false
    },
    {
        "date": "2020-11-22T10:29:12.424Z",
        "value": "4.357915812017374",
        "cumulative": false
    },
    {
        "date": "2020-11-22T10:29:49.584Z",
        "value": "4.3455845307265495",
        "cumulative": false
    },
    {
        "date": "2020-11-22T10:30:34.845Z",
        "value": "3.9783203125",
        "cumulative": false
    },
    {
        "date": "2020-11-22T10:31:11.753Z",
        "value": "4.084527577644097",
        "cumulative": false
    },
    {
        "date": "2020-11-22T10:31:50.163Z",
        "value": "3.8529932462738063",
        "cumulative": false
    },
    {
        "date": "2020-11-22T10:32:26.405Z",
        "value": "4.049682652094653",
        "cumulative": false
    },
    {
        "date": "2020-11-22T10:33:04.696Z",
        "value": "3.7900490605112065",
        "cumulative": false
    },
    {
        "date": "2020-11-22T10:33:40.456Z",
        "value": "4.006475435864421",
        "cumulative": false
    },
    {
        "date": "2020-11-22T10:34:19.954Z",
        "value": "3.8023827072102425",
        "cumulative": false
    },
    {
        "date": "2020-11-22T10:34:54.209Z",
        "value": "4.051861236069705",
        "cumulative": false
    },
    {
        "date": "2020-11-22T10:35:31.985Z",
        "value": "4.015187257209639",
        "cumulative": false
    },
    {
        "date": "2020-11-22T10:36:08.118Z",
        "value": "4.085276963229224",
        "cumulative": false
    },
    {
        "date": "2020-11-22T10:36:46.290Z",
        "value": "4.031217742006635",
        "cumulative": false
    },
    {
        "date": "2020-11-22T10:37:23.261Z",
        "value": "4.106385081563639",
        "cumulative": false
    },
    {
        "date": "2020-11-22T10:38:01.829Z",
        "value": "3.763794007371632",
        "cumulative": false
    },
    {
        "date": "2020-11-22T10:38:40.575Z",
        "value": "3.967209086885587",
        "cumulative": false
    },
    {
        "date": "2020-11-22T10:39:19.102Z",
        "value": "3.8537966369168015",
        "cumulative": false
    },
    {
        "date": "2020-11-22T10:39:55.018Z",
        "value": "3.8704535953177257",
        "cumulative": false
    },
    {
        "date": "2020-11-22T10:40:33.153Z",
        "value": "3.8201385880431884",
        "cumulative": false
    },
    {
        "date": "2020-11-22T10:41:09.370Z",
        "value": "3.872320975196227",
        "cumulative": false
    },
    {
        "date": "2020-11-22T10:41:46.700Z",
        "value": "3.9158676527117695",
        "cumulative": false
    },
    {
        "date": "2020-11-22T10:42:24.017Z",
        "value": "3.8628910627977024",
        "cumulative": false
    },
    {
        "date": "2020-11-22T10:43:03.582Z",
        "value": "3.8564463059511698",
        "cumulative": false
    },
    {
        "date": "2020-11-22T10:43:40.091Z",
        "value": "3.803099429371232",
        "cumulative": false
    },
    {
        "date": "2020-11-22T10:44:18.398Z",
        "value": "3.6966629324854248",
        "cumulative": false
    },
    {
        "date": "2020-11-22T10:44:55.729Z",
        "value": "3.6971536091245163",
        "cumulative": false
    },
    {
        "date": "2020-11-22T10:45:34.966Z",
        "value": "4.0039486249468235",
        "cumulative": false
    },
    {
        "date": "2020-11-22T10:46:11.069Z",
        "value": "3.7968420493197277",
        "cumulative": false
    },
    {
        "date": "2020-11-22T10:46:49.114Z",
        "value": "3.9572103038845023",
        "cumulative": false
    },
    {
        "date": "2020-11-22T10:47:23.979Z",
        "value": "3.6980461489312266",
        "cumulative": false
    },
    {
        "date": "2020-11-22T10:48:02.034Z",
        "value": "3.7680768885733897",
        "cumulative": false
    },
    {
        "date": "2020-11-22T10:48:38.240Z",
        "value": "3.7655741463481904",
        "cumulative": false
    },
    {
        "date": "2020-11-22T10:49:15.362Z",
        "value": "3.7694885168302945",
        "cumulative": false
    },
    {
        "date": "2020-11-22T10:49:53.430Z",
        "value": "3.6383842360308982",
        "cumulative": false
    },
    {
        "date": "2020-11-22T10:50:32.360Z",
        "value": "3.807054333749041",
        "cumulative": false
    },
    {
        "date": "2020-11-22T10:51:10.674Z",
        "value": "3.868375542389853",
        "cumulative": false
    },
    {
        "date": "2020-11-22T10:51:47.798Z",
        "value": "3.936929167107677",
        "cumulative": false
    },
    {
        "date": "2020-11-22T10:52:24.535Z",
        "value": "3.8854547510006157",
        "cumulative": false
    },
    {
        "date": "2020-11-22T10:53:04.362Z",
        "value": "3.657821862444583",
        "cumulative": false
    },
    {
        "date": "2020-11-22T10:53:40.853Z",
        "value": "3.6310319996843434",
        "cumulative": false
    },
    {
        "date": "2020-11-22T10:54:19.087Z",
        "value": "3.591127673553289",
        "cumulative": false
    },
    {
        "date": "2020-11-22T10:54:54.197Z",
        "value": "3.7299967974649406",
        "cumulative": false
    },
    {
        "date": "2020-11-22T10:55:31.535Z",
        "value": "3.7528857077455235",
        "cumulative": false
    },
    {
        "date": "2020-11-22T10:56:07.066Z",
        "value": "3.634630091817469",
        "cumulative": false
    },
    {
        "date": "2020-11-22T10:56:46.220Z",
        "value": "3.4736018420861217",
        "cumulative": false
    },
    {
        "date": "2020-11-22T10:57:23.152Z",
        "value": "3.6197306657037815",
        "cumulative": false
    },
    {
        "date": "2020-11-22T10:58:00.823Z",
        "value": "3.430658482142857",
        "cumulative": false
    },
    {
        "date": "2020-11-22T10:58:36.962Z",
        "value": "3.6646417303399725",
        "cumulative": false
    },
    {
        "date": "2020-11-22T10:59:14.765Z",
        "value": "3.687061334648316",
        "cumulative": false
    },
    {
        "date": "2020-11-22T10:59:56.212Z",
        "value": "3.5849934448074277",
        "cumulative": false
    },
    {
        "date": "2020-11-22T11:00:35.145Z",
        "value": "3.625033850584594",
        "cumulative": false
    },
    {
        "date": "2020-11-22T11:01:12.420Z",
        "value": "3.6881487260601915",
        "cumulative": false
    },
    {
        "date": "2020-11-22T11:01:50.685Z",
        "value": "3.7092346537915653",
        "cumulative": false
    },
    {
        "date": "2020-11-22T11:02:27.001Z",
        "value": "3.7269756916192027",
        "cumulative": false
    },
    {
        "date": "2020-11-22T11:03:06.978Z",
        "value": "3.5805651966350123",
        "cumulative": false
    },
    {
        "date": "2020-11-22T11:03:43.892Z",
        "value": "3.793888267852358",
        "cumulative": false
    },
    {
        "date": "2020-11-22T11:04:22.813Z",
        "value": "3.6381929343117547",
        "cumulative": false
    },
    {
        "date": "2020-11-22T11:04:59.956Z",
        "value": "3.582756592511306",
        "cumulative": false
    },
    {
        "date": "2020-11-22T11:05:38.191Z",
        "value": "3.3565853539053983",
        "cumulative": false
    },
    {
        "date": "2020-11-22T11:06:14.969Z",
        "value": "3.5879455213213007",
        "cumulative": false
    },
    {
        "date": "2020-11-22T11:06:53.474Z",
        "value": "3.6432263096544157",
        "cumulative": false
    },
    {
        "date": "2020-11-22T11:07:32.193Z",
        "value": "3.8432698737604385",
        "cumulative": false
    },
    {
        "date": "2020-11-22T11:08:10.755Z",
        "value": "3.5345811254680397",
        "cumulative": false
    },
    {
        "date": "2020-11-22T11:08:45.394Z",
        "value": "3.584080659752078",
        "cumulative": false
    },
    {
        "date": "2020-11-22T11:09:23.902Z",
        "value": "3.4638382694514362",
        "cumulative": false
    },
    {
        "date": "2020-11-22T11:09:59.229Z",
        "value": "3.653235465885049",
        "cumulative": false
    },
    {
        "date": "2020-11-22T11:10:38.156Z",
        "value": "3.580196321106778",
        "cumulative": false
    },
    {
        "date": "2020-11-22T11:11:13.562Z",
        "value": "3.5111189537848317",
        "cumulative": false
    },
    {
        "date": "2020-11-22T11:11:51.548Z",
        "value": "3.6594508064653994",
        "cumulative": false
    },
    {
        "date": "2020-11-22T11:12:29.421Z",
        "value": "3.659480235280999",
        "cumulative": false
    },
    {
        "date": "2020-11-22T11:13:07.747Z",
        "value": "3.5174237839550297",
        "cumulative": false
    },
    {
        "date": "2020-11-22T11:13:44.148Z",
        "value": "3.6787375685268486",
        "cumulative": false
    },
    {
        "date": "2020-11-22T11:14:22.077Z",
        "value": "3.6097375546012875",
        "cumulative": false
    },
    {
        "date": "2020-11-22T11:14:56.647Z",
        "value": "3.633681300028588",
        "cumulative": false
    },
    {
        "date": "2020-11-22T11:15:34.442Z",
        "value": "3.3894611589772095",
        "cumulative": false
    },
    {
        "date": "2020-11-22T11:16:09.877Z",
        "value": "3.703999193208355",
        "cumulative": false
    },
    {
        "date": "2020-11-22T11:16:47.517Z",
        "value": "3.4624634502923977",
        "cumulative": false
    },
    {
        "date": "2020-11-22T11:17:26.216Z",
        "value": "3.627016220414689",
        "cumulative": false
    },
    {
        "date": "2020-11-22T11:18:03.700Z",
        "value": "3.4482609830389057",
        "cumulative": false
    },
    {
        "date": "2020-11-22T11:18:40.590Z",
        "value": "3.6793754898850404",
        "cumulative": false
    },
    {
        "date": "2020-11-22T11:19:17.566Z",
        "value": "3.5335397421257158",
        "cumulative": false
    },
    {
        "date": "2020-11-22T11:19:52.643Z",
        "value": "3.5098188359601212",
        "cumulative": false
    },
    {
        "date": "2020-11-22T11:20:30.222Z",
        "value": "3.6516471302373374",
        "cumulative": false
    },
    {
        "date": "2020-11-22T11:21:05.941Z",
        "value": "3.550105126326075",
        "cumulative": false
    },
    {
        "date": "2020-11-22T11:21:44.282Z",
        "value": "3.5546164362546926",
        "cumulative": false
    },
    {
        "date": "2020-11-22T11:22:21.664Z",
        "value": "3.6754439702643174",
        "cumulative": false
    },
    {
        "date": "2020-11-22T11:23:00.057Z",
        "value": "3.5989649540960453",
        "cumulative": false
    },
    {
        "date": "2020-11-22T11:23:36.300Z",
        "value": "3.3897086709380355",
        "cumulative": false
    },
    {
        "date": "2020-11-22T11:24:13.986Z",
        "value": "3.646305265206732",
        "cumulative": false
    },
    {
        "date": "2020-11-22T11:24:50.984Z",
        "value": "3.4986360677083335",
        "cumulative": false
    },
    {
        "date": "2020-11-22T11:25:28.679Z",
        "value": "3.785557612834324",
        "cumulative": false
    },
    {
        "date": "2020-11-22T11:26:06.997Z",
        "value": "3.363967623536845",
        "cumulative": false
    },
    {
        "date": "2020-11-22T11:26:44.416Z",
        "value": "3.299218637622267",
        "cumulative": false
    },
    {
        "date": "2020-11-22T11:27:19.970Z",
        "value": "3.6406845340299583",
        "cumulative": false
    },
    {
        "date": "2020-11-22T11:27:57.921Z",
        "value": "3.425367643817015",
        "cumulative": false
    },
    {
        "date": "2020-11-22T11:28:40.072Z",
        "value": "3.5077490009482526",
        "cumulative": false
    },
    {
        "date": "2020-11-22T11:29:17.079Z",
        "value": "3.503275481999269",
        "cumulative": false
    },
    {
        "date": "2020-11-22T11:29:54.884Z",
        "value": "3.558525054956035",
        "cumulative": false
    },
    {
        "date": "2020-11-22T11:30:32.172Z",
        "value": "3.424107220276082",
        "cumulative": false
    },
    {
        "date": "2020-11-22T11:31:08.530Z",
        "value": "3.3319427911292743",
        "cumulative": false
    },
    {
        "date": "2020-11-22T11:31:47.319Z",
        "value": "3.5004808082036316",
        "cumulative": false
    },
    {
        "date": "2020-11-22T11:32:24.248Z",
        "value": "3.4940366218937737",
        "cumulative": false
    },
    {
        "date": "2020-11-22T11:33:02.666Z",
        "value": "3.5681727166594266",
        "cumulative": false
    },
    {
        "date": "2020-11-22T11:33:38.025Z",
        "value": "3.5326339852096686",
        "cumulative": false
    },
    {
        "date": "2020-11-22T11:34:18.048Z",
        "value": "3.64383295530914",
        "cumulative": false
    },
    {
        "date": "2020-11-22T11:34:54.149Z",
        "value": "3.5161423586727527",
        "cumulative": false
    },
    {
        "date": "2020-11-22T11:35:33.750Z",
        "value": "3.624133758105187",
        "cumulative": false
    },
    {
        "date": "2020-11-22T11:36:11.053Z",
        "value": "3.5842336109868813",
        "cumulative": false
    },
    {
        "date": "2020-11-22T11:36:50.857Z",
        "value": "3.4602692115984746",
        "cumulative": false
    },
    {
        "date": "2020-11-22T11:37:27.198Z",
        "value": "3.5890896777872827",
        "cumulative": false
    },
    {
        "date": "2020-11-22T11:38:05.193Z",
        "value": "3.356993292845702",
        "cumulative": false
    },
    {
        "date": "2020-11-22T11:38:20.393Z",
        "value": "3.4347591400146484",
        "cumulative": false
    },
    {
        "date": "2020-11-22T11:38:30.073Z",
        "value": "3.042083740234375",
        "cumulative": false
    },
    {
        "date": "2020-11-22T11:39:08.545Z",
        "value": "3.566715661141743",
        "cumulative": false
    },
    {
        "date": "2020-11-22T11:39:45.613Z",
        "value": "3.4222143439494865",
        "cumulative": false
    },
    {
        "date": "2020-11-22T11:40:22.963Z",
        "value": "3.4430225830413574",
        "cumulative": false
    },
    {
        "date": "2020-11-22T11:40:59.478Z",
        "value": "3.3909572014689346",
        "cumulative": false
    },
    {
        "date": "2020-11-22T11:41:36.410Z",
        "value": "3.460447508252493",
        "cumulative": false
    },
    {
        "date": "2020-11-22T11:42:12.583Z",
        "value": "3.3901569548209753",
        "cumulative": false
    },
    {
        "date": "2020-11-22T11:42:50.413Z",
        "value": "3.41238202929198",
        "cumulative": false
    },
    {
        "date": "2020-11-22T11:43:26.199Z",
        "value": "3.4712929247631146",
        "cumulative": false
    },
    {
        "date": "2020-11-22T11:44:03.777Z",
        "value": "3.3882627007681565",
        "cumulative": false
    },
    {
        "date": "2020-11-22T11:44:39.136Z",
        "value": "3.499569310897436",
        "cumulative": false
    },
    {
        "date": "2020-11-22T11:45:16.850Z",
        "value": "3.400653270171149",
        "cumulative": false
    },
    {
        "date": "2020-11-22T11:45:52.905Z",
        "value": "3.3282368921693815",
        "cumulative": false
    },
    {
        "date": "2020-11-22T11:46:30.287Z",
        "value": "3.4483778958276003",
        "cumulative": false
    },
    {
        "date": "2020-11-22T11:47:06.012Z",
        "value": "3.441552626348175",
        "cumulative": false
    },
    {
        "date": "2020-11-22T11:47:44.309Z",
        "value": "3.394294742954608",
        "cumulative": false
    },
    {
        "date": "2020-11-22T11:48:19.755Z",
        "value": "3.5279110519899843",
        "cumulative": false
    },
    {
        "date": "2020-11-22T11:48:58.444Z",
        "value": "3.433608008350551",
        "cumulative": false
    },
    {
        "date": "2020-11-22T11:49:35.423Z",
        "value": "3.418137986064753",
        "cumulative": false
    },
    {
        "date": "2020-11-22T11:50:13.724Z",
        "value": "3.3791724449400844",
        "cumulative": false
    },
    {
        "date": "2020-11-22T11:50:49.151Z",
        "value": "3.309609160665295",
        "cumulative": false
    },
    {
        "date": "2020-11-22T11:51:28.541Z",
        "value": "3.5465076476088697",
        "cumulative": false
    },
    {
        "date": "2020-11-22T11:52:04.835Z",
        "value": "3.4248757482276617",
        "cumulative": false
    },
    {
        "date": "2020-11-22T11:52:43.144Z",
        "value": "3.3820648232920663",
        "cumulative": false
    },
    {
        "date": "2020-11-22T11:53:20.654Z",
        "value": "3.417511786286949",
        "cumulative": false
    },
    {
        "date": "2020-11-22T11:54:00.356Z",
        "value": "3.4689412825925663",
        "cumulative": false
    },
    {
        "date": "2020-11-22T11:54:36.986Z",
        "value": "3.382723202418926",
        "cumulative": false
    },
    {
        "date": "2020-11-22T11:55:14.274Z",
        "value": "3.4531178857873353",
        "cumulative": false
    },
    {
        "date": "2020-11-22T11:55:50.373Z",
        "value": "3.4446209255073166",
        "cumulative": false
    },
    {
        "date": "2020-11-22T11:56:29.643Z",
        "value": "3.3963706057261467",
        "cumulative": false
    },
    {
        "date": "2020-11-22T11:57:05.425Z",
        "value": "3.324001352694346",
        "cumulative": false
    },
    {
        "date": "2020-11-22T11:57:43.536Z",
        "value": "3.3841929963015542",
        "cumulative": false
    },
    {
        "date": "2020-11-22T11:58:21.043Z",
        "value": "3.5978964192169838",
        "cumulative": false
    },
    {
        "date": "2020-11-22T11:58:58.589Z",
        "value": "3.443670715780697",
        "cumulative": false
    },
    {
        "date": "2020-11-22T11:59:34.164Z",
        "value": "3.4679633469426183",
        "cumulative": false
    },
    {
        "date": "2020-11-22T12:00:12.471Z",
        "value": "3.2926474590475534",
        "cumulative": false
    },
    {
        "date": "2020-11-22T12:00:49.247Z",
        "value": "3.3675849576045223",
        "cumulative": false
    },
    {
        "date": "2020-11-22T12:01:27.352Z",
        "value": "3.243117463044606",
        "cumulative": false
    },
    {
        "date": "2020-11-22T12:02:03.934Z",
        "value": "3.439250854391052",
        "cumulative": false
    },
    {
        "date": "2020-11-22T12:02:42.811Z",
        "value": "3.29303456621342",
        "cumulative": false
    },
    {
        "date": "2020-11-22T12:03:18.430Z",
        "value": "3.345649384206504",
        "cumulative": false
    },
    {
        "date": "2020-11-22T12:03:55.893Z",
        "value": "3.301466105187029",
        "cumulative": false
    },
    {
        "date": "2020-11-22T12:04:33.252Z",
        "value": "3.474831863216941",
        "cumulative": false
    },
    {
        "date": "2020-11-22T12:05:10.337Z",
        "value": "3.4939769553072626",
        "cumulative": false
    },
    {
        "date": "2020-11-22T12:05:46.489Z",
        "value": "3.317613302251344",
        "cumulative": false
    },
    {
        "date": "2020-11-22T12:06:24.807Z",
        "value": "3.254901558215265",
        "cumulative": false
    },
    {
        "date": "2020-11-22T12:07:00.569Z",
        "value": "3.587481972855323",
        "cumulative": false
    },
    {
        "date": "2020-11-22T12:07:44.479Z",
        "value": "3.2826699310878538",
        "cumulative": false
    },
    {
        "date": "2020-11-22T12:08:20.395Z",
        "value": "3.6779486536808936",
        "cumulative": false
    },
    {
        "date": "2020-11-22T12:08:59.919Z",
        "value": "3.3625948963388526",
        "cumulative": false
    },
    {
        "date": "2020-11-22T12:09:35.765Z",
        "value": "3.5118831873712097",
        "cumulative": false
    },
    {
        "date": "2020-11-22T12:10:15.612Z",
        "value": "3.3268806157982103",
        "cumulative": false
    },
    {
        "date": "2020-11-22T12:10:51.519Z",
        "value": "3.313193210384882",
        "cumulative": false
    },
    {
        "date": "2020-11-22T12:11:28.513Z",
        "value": "3.3993909471239503",
        "cumulative": false
    },
    {
        "date": "2020-11-22T12:12:05.531Z",
        "value": "3.3588538026172725",
        "cumulative": false
    },
    {
        "date": "2020-11-22T12:12:42.770Z",
        "value": "3.4210645972570313",
        "cumulative": false
    },
    {
        "date": "2020-11-22T12:13:17.869Z",
        "value": "3.449858827775708",
        "cumulative": false
    },
    {
        "date": "2020-11-22T12:13:55.470Z",
        "value": "3.2845806306985788",
        "cumulative": false
    },
    {
        "date": "2020-11-22T12:14:32.361Z",
        "value": "3.253429839012565",
        "cumulative": false
    },
    {
        "date": "2020-11-22T12:15:10.117Z",
        "value": "3.4021847336197983",
        "cumulative": false
    },
    {
        "date": "2020-11-22T12:15:47.106Z",
        "value": "3.367614604772318",
        "cumulative": false
    },
    {
        "date": "2020-11-22T12:16:26.288Z",
        "value": "3.360765760656846",
        "cumulative": false
    },
    {
        "date": "2020-11-22T12:17:01.385Z",
        "value": "3.358303536442006",
        "cumulative": false
    },
    {
        "date": "2020-11-22T12:17:39.399Z",
        "value": "3.4041694603508263",
        "cumulative": false
    },
    {
        "date": "2020-11-22T12:18:16.220Z",
        "value": "3.4688343248869242",
        "cumulative": false
    },
    {
        "date": "2020-11-22T12:18:55.608Z",
        "value": "3.438578851695762",
        "cumulative": false
    },
    {
        "date": "2020-11-22T12:19:33.313Z",
        "value": "3.3263160816342294",
        "cumulative": false
    },
    {
        "date": "2020-11-22T12:20:10.352Z",
        "value": "3.497088681306148",
        "cumulative": false
    },
    {
        "date": "2020-11-22T12:20:45.376Z",
        "value": "3.2802024430386045",
        "cumulative": false
    },
    {
        "date": "2020-11-22T12:21:23.854Z",
        "value": "3.3140453237347898",
        "cumulative": false
    },
    {
        "date": "2020-11-22T12:22:00.112Z",
        "value": "3.2115945008581237",
        "cumulative": false
    },
    {
        "date": "2020-11-22T12:22:39.705Z",
        "value": "3.3006870651350235",
        "cumulative": false
    },
    {
        "date": "2020-11-22T12:23:15.476Z",
        "value": "3.3633708428899083",
        "cumulative": false
    },
    {
        "date": "2020-11-22T12:23:54.378Z",
        "value": "3.5115890041272033",
        "cumulative": false
    },
    {
        "date": "2020-11-22T12:24:32.198Z",
        "value": "3.489048695727141",
        "cumulative": false
    },
    {
        "date": "2020-11-22T12:25:08.960Z",
        "value": "3.332291813877897",
        "cumulative": false
    },
    {
        "date": "2020-11-22T12:25:45.343Z",
        "value": "3.3036793646331177",
        "cumulative": false
    },
    {
        "date": "2020-11-22T12:26:23.489Z",
        "value": "3.373940012562814",
        "cumulative": false
    },
    {
        "date": "2020-11-22T12:26:59.174Z",
        "value": "3.437301489688287",
        "cumulative": false
    },
    {
        "date": "2020-11-22T12:27:35.948Z",
        "value": "3.290922579130901",
        "cumulative": false
    },
    {
        "date": "2020-11-22T12:28:11.226Z",
        "value": "3.4928613170150737",
        "cumulative": false
    },
    {
        "date": "2020-11-22T12:28:48.906Z",
        "value": "3.300398360148515",
        "cumulative": false
    },
    {
        "date": "2020-11-22T12:29:25.813Z",
        "value": "3.350224889154161",
        "cumulative": false
    },
    {
        "date": "2020-11-22T12:30:03.923Z",
        "value": "3.173142222270515",
        "cumulative": false
    },
    {
        "date": "2020-11-22T12:30:39.780Z",
        "value": "3.436566172001621",
        "cumulative": false
    },
    {
        "date": "2020-11-22T12:31:18.365Z",
        "value": "3.3720204744997315",
        "cumulative": false
    },
    {
        "date": "2020-11-22T12:31:51.898Z",
        "value": "3.237075496948341",
        "cumulative": false
    },
    {
        "date": "2020-11-22T12:32:30.088Z",
        "value": "3.19770979190121",
        "cumulative": false
    },
    {
        "date": "2020-11-22T12:33:05.317Z",
        "value": "3.3351423068878976",
        "cumulative": false
    },
    {
        "date": "2020-11-22T12:33:41.612Z",
        "value": "3.4234545075491574",
        "cumulative": false
    },
    {
        "date": "2020-11-22T12:34:16.097Z",
        "value": "3.373926687369051",
        "cumulative": false
    },
    {
        "date": "2020-11-22T12:34:54.833Z",
        "value": "3.4421038353516193",
        "cumulative": false
    },
    {
        "date": "2020-11-22T12:35:31.400Z",
        "value": "3.2776395598616657",
        "cumulative": false
    },
    {
        "date": "2020-11-22T12:36:10.443Z",
        "value": "3.312569535922814",
        "cumulative": false
    },
    {
        "date": "2020-11-22T12:36:52.225Z",
        "value": "3.1796770302867863",
        "cumulative": false
    },
    {
        "date": "2020-11-22T12:37:30.140Z",
        "value": "3.157216571435598",
        "cumulative": false
    },
    {
        "date": "2020-11-22T12:38:07.132Z",
        "value": "3.3011179772882513",
        "cumulative": false
    },
    {
        "date": "2020-11-22T12:38:46.992Z",
        "value": "3.403407959813845",
        "cumulative": false
    },
    {
        "date": "2020-11-22T12:39:23.630Z",
        "value": "3.2888656123991935",
        "cumulative": false
    },
    {
        "date": "2020-11-22T12:40:01.512Z",
        "value": "3.3558422956343885",
        "cumulative": false
    },
    {
        "date": "2020-11-22T12:40:37.593Z",
        "value": "3.426784296495861",
        "cumulative": false
    },
    {
        "date": "2020-11-22T12:41:17.388Z",
        "value": "3.254934047098569",
        "cumulative": false
    },
    {
        "date": "2020-11-22T12:41:51.907Z",
        "value": "3.3652083055258943",
        "cumulative": false
    },
    {
        "date": "2020-11-22T12:42:32.179Z",
        "value": "3.1204491534616867",
        "cumulative": false
    },
    {
        "date": "2020-11-22T12:43:08.809Z",
        "value": "3.1665544543223985",
        "cumulative": false
    },
    {
        "date": "2020-11-22T12:43:48.608Z",
        "value": "3.4302060194534194",
        "cumulative": false
    },
    {
        "date": "2020-11-22T12:44:25.296Z",
        "value": "3.463918828926598",
        "cumulative": false
    },
    {
        "date": "2020-11-22T12:45:03.337Z",
        "value": "3.2739436875684182",
        "cumulative": false
    },
    {
        "date": "2020-11-22T12:45:38.473Z",
        "value": "3.3058277011203536",
        "cumulative": false
    },
    {
        "date": "2020-11-22T12:46:16.088Z",
        "value": "3.5839782548535424",
        "cumulative": false
    },
    {
        "date": "2020-11-22T12:46:52.497Z",
        "value": "3.463249875927493",
        "cumulative": false
    },
    {
        "date": "2020-11-22T12:47:31.573Z",
        "value": "3.3720595018450186",
        "cumulative": false
    },
    {
        "date": "2020-11-22T12:48:08.072Z",
        "value": "3.2592873249693377",
        "cumulative": false
    },
    {
        "date": "2020-11-22T12:48:45.608Z",
        "value": "3.489578698315991",
        "cumulative": false
    },
    {
        "date": "2020-11-22T12:49:20.781Z",
        "value": "3.428023746589359",
        "cumulative": false
    },
    {
        "date": "2020-11-22T12:49:58.121Z",
        "value": "3.2903059571081648",
        "cumulative": false
    },
    {
        "date": "2020-11-22T12:50:32.854Z",
        "value": "3.417042254393499",
        "cumulative": false
    },
    {
        "date": "2020-11-22T12:51:10.228Z",
        "value": "3.0938202241280637",
        "cumulative": false
    },
    {
        "date": "2020-11-22T12:51:47.463Z",
        "value": "3.41085154852415",
        "cumulative": false
    },
    {
        "date": "2020-11-22T12:52:26.521Z",
        "value": "3.3853204018079026",
        "cumulative": false
    },
    {
        "date": "2020-11-22T12:53:01.517Z",
        "value": "3.2330292459705077",
        "cumulative": false
    },
    {
        "date": "2020-11-22T12:53:41.048Z",
        "value": "3.2438496133459194",
        "cumulative": false
    },
    {
        "date": "2020-11-22T12:54:17.049Z",
        "value": "3.4362489343741642",
        "cumulative": false
    },
    {
        "date": "2020-11-22T12:54:54.787Z",
        "value": "3.3996339946685685",
        "cumulative": false
    },
    {
        "date": "2020-11-22T12:55:31.078Z",
        "value": "3.2074240272038566",
        "cumulative": false
    },
    {
        "date": "2020-11-22T12:56:08.602Z",
        "value": "3.3651845874269783",
        "cumulative": false
    },
    {
        "date": "2020-11-22T12:56:45.420Z",
        "value": "3.373373463114754",
        "cumulative": false
    },
    {
        "date": "2020-11-22T12:57:26.365Z",
        "value": "3.476868510964012",
        "cumulative": false
    },
    {
        "date": "2020-11-22T12:58:03.420Z",
        "value": "3.1884166903997513",
        "cumulative": false
    },
    {
        "date": "2020-11-22T12:58:42.693Z",
        "value": "3.2873299257857975",
        "cumulative": false
    },
    {
        "date": "2020-11-22T12:59:17.919Z",
        "value": "3.3241502108895706",
        "cumulative": false
    },
    {
        "date": "2020-11-22T12:59:55.621Z",
        "value": "3.424934494883885",
        "cumulative": false
    },
    {
        "date": "2020-11-22T13:00:34.229Z",
        "value": "3.376150443193582",
        "cumulative": false
    },
    {
        "date": "2020-11-22T13:01:12.695Z",
        "value": "3.398483459326289",
        "cumulative": false
    },
    {
        "date": "2020-11-22T13:01:50.386Z",
        "value": "3.232725309817225",
        "cumulative": false
    },
    {
        "date": "2020-11-22T13:02:29.602Z",
        "value": "3.3299432122958197",
        "cumulative": false
    },
    {
        "date": "2020-11-22T13:03:06.565Z",
        "value": "3.4011545075619534",
        "cumulative": false
    },
    {
        "date": "2020-11-22T13:03:43.375Z",
        "value": "3.3174825453798267",
        "cumulative": false
    },
    {
        "date": "2020-11-22T13:04:20.767Z",
        "value": "3.2467693082451086",
        "cumulative": false
    },
    {
        "date": "2020-11-22T13:04:58.033Z",
        "value": "3.3543413231935215",
        "cumulative": false
    },
    {
        "date": "2020-11-22T13:05:42.037Z",
        "value": "3.39842334692029",
        "cumulative": false
    },
    {
        "date": "2020-11-22T13:06:19.547Z",
        "value": "3.2819622412809646",
        "cumulative": false
    },
    {
        "date": "2020-11-22T13:06:55.086Z",
        "value": "3.445437421788098",
        "cumulative": false
    },
    {
        "date": "2020-11-22T13:07:33.363Z",
        "value": "3.3301297448085223",
        "cumulative": false
    },
    {
        "date": "2020-11-22T13:08:10.663Z",
        "value": "3.318017565530694",
        "cumulative": false
    },
    {
        "date": "2020-11-22T13:08:48.662Z",
        "value": "3.4003160592002555",
        "cumulative": false
    },
    {
        "date": "2020-11-22T13:09:26.155Z",
        "value": "3.453576477542434",
        "cumulative": false
    },
    {
        "date": "2020-11-22T13:10:03.118Z",
        "value": "3.3339690523666317",
        "cumulative": false
    },
    {
        "date": "2020-11-22T13:10:39.654Z",
        "value": "3.047293867420646",
        "cumulative": false
    },
    {
        "date": "2020-11-22T13:11:16.594Z",
        "value": "3.3342260455120316",
        "cumulative": false
    },
    {
        "date": "2020-11-22T13:11:53.901Z",
        "value": "3.2183945763665056",
        "cumulative": false
    },
    {
        "date": "2020-11-22T13:12:31.878Z",
        "value": "3.352854431781572",
        "cumulative": false
    },
    {
        "date": "2020-11-22T13:13:07.767Z",
        "value": "3.1158142846686414",
        "cumulative": false
    },
    {
        "date": "2020-11-22T13:13:46.253Z",
        "value": "3.3650555788590606",
        "cumulative": false
    },
    {
        "date": "2020-11-22T13:14:23.436Z",
        "value": "3.3127741776754736",
        "cumulative": false
    },
    {
        "date": "2020-11-22T13:15:00.772Z",
        "value": "3.364751256434335",
        "cumulative": false
    },
    {
        "date": "2020-11-22T13:15:16.193Z",
        "value": "3.241795301437378",
        "cumulative": false
    },
    {
        "date": "2020-11-22T13:15:35.825Z",
        "value": "2.9113835129023675",
        "cumulative": false
    },
    {
        "date": "2020-11-22T13:16:14.529Z",
        "value": "3.38572467530327",
        "cumulative": false
    },
    {
        "date": "2020-11-22T13:16:50.019Z",
        "value": "3.2004053424254315",
        "cumulative": false
    },
    {
        "date": "2020-11-22T13:17:28.139Z",
        "value": "3.328241437374606",
        "cumulative": false
    },
    {
        "date": "2020-11-22T13:18:03.266Z",
        "value": "3.29018596589475",
        "cumulative": false
    },
    {
        "date": "2020-11-22T13:18:41.071Z",
        "value": "3.1733142027809147",
        "cumulative": false
    },
    {
        "date": "2020-11-22T13:19:18.646Z",
        "value": "3.3833052435267237",
        "cumulative": false
    },
    {
        "date": "2020-11-22T13:19:57.322Z",
        "value": "2.944292286300763",
        "cumulative": false
    },
    {
        "date": "2020-11-22T13:20:33.250Z",
        "value": "3.069809677458856",
        "cumulative": false
    },
    {
        "date": "2020-11-22T13:21:12.633Z",
        "value": "3.257317138185954",
        "cumulative": false
    },
    {
        "date": "2020-11-22T13:21:48.562Z",
        "value": "3.2092507551556175",
        "cumulative": false
    },
    {
        "date": "2020-11-22T13:22:28.311Z",
        "value": "3.162025750262674",
        "cumulative": false
    },
    {
        "date": "2020-11-22T13:23:03.845Z",
        "value": "3.272910266418211",
        "cumulative": false
    },
    {
        "date": "2020-11-22T13:23:40.930Z",
        "value": "3.3508450675230566",
        "cumulative": false
    },
    {
        "date": "2020-11-22T13:24:16.279Z",
        "value": "3.278418965777808",
        "cumulative": false
    },
    {
        "date": "2020-11-22T13:24:54.506Z",
        "value": "3.21612083492168",
        "cumulative": false
    },
    {
        "date": "2020-11-22T13:25:29.610Z",
        "value": "3.0810856567124736",
        "cumulative": false
    },
    {
        "date": "2020-11-22T13:26:06.453Z",
        "value": "3.331521034513591",
        "cumulative": false
    },
    {
        "date": "2020-11-22T13:26:43.543Z",
        "value": "3.2425057741540515",
        "cumulative": false
    },
    {
        "date": "2020-11-22T13:27:21.421Z",
        "value": "3.1255409630874964",
        "cumulative": false
    },
    {
        "date": "2020-11-22T13:27:58.111Z",
        "value": "3.1850517096236155",
        "cumulative": false
    },
    {
        "date": "2020-11-22T13:28:36.244Z",
        "value": "3.2551102465497412",
        "cumulative": false
    },
    {
        "date": "2020-11-22T13:29:12.674Z",
        "value": "3.321805441239622",
        "cumulative": false
    },
    {
        "date": "2020-11-22T13:29:50.321Z",
        "value": "3.1599395999231628",
        "cumulative": false
    },
    {
        "date": "2020-11-22T13:30:27.501Z",
        "value": "3.2773603518302714",
        "cumulative": false
    },
    {
        "date": "2020-11-22T13:31:04.334Z",
        "value": "3.3873969040119363",
        "cumulative": false
    },
    {
        "date": "2020-11-22T13:31:40.198Z",
        "value": "3.1887727307734126",
        "cumulative": false
    },
    {
        "date": "2020-11-22T13:32:17.461Z",
        "value": "3.277624545533241",
        "cumulative": false
    },
    {
        "date": "2020-11-22T13:32:54.012Z",
        "value": "3.2765157948369565",
        "cumulative": false
    },
    {
        "date": "2020-11-22T13:33:32.347Z",
        "value": "3.1665069538670285",
        "cumulative": false
    },
    {
        "date": "2020-11-22T13:34:07.411Z",
        "value": "3.203768541186636",
        "cumulative": false
    },
    {
        "date": "2020-11-22T13:34:45.027Z",
        "value": "3.19289238121594",
        "cumulative": false
    },
    {
        "date": "2020-11-22T13:35:21.778Z",
        "value": "3.2080912563740354",
        "cumulative": false
    },
    {
        "date": "2020-11-22T13:36:00.785Z",
        "value": "3.199344956428036",
        "cumulative": false
    },
    {
        "date": "2020-11-22T13:36:36.243Z",
        "value": "3.078599447755961",
        "cumulative": false
    },
    {
        "date": "2020-11-22T13:37:11.607Z",
        "value": "3.1780985169491527",
        "cumulative": false
    },
    {
        "date": "2020-11-22T13:37:48.666Z",
        "value": "3.2320357716664163",
        "cumulative": false
    },
    {
        "date": "2020-11-22T13:38:27.236Z",
        "value": "3.1875982102565756",
        "cumulative": false
    },
    {
        "date": "2020-11-22T13:39:04.934Z",
        "value": "3.172268854258931",
        "cumulative": false
    },
    {
        "date": "2020-11-22T13:39:42.848Z",
        "value": "3.404930616258741",
        "cumulative": false
    },
    {
        "date": "2020-11-22T13:40:19.622Z",
        "value": "3.3959554036458335",
        "cumulative": false
    },
    {
        "date": "2020-11-22T13:40:57.781Z",
        "value": "3.2296084184581435",
        "cumulative": false
    },
    {
        "date": "2020-11-22T13:41:33.691Z",
        "value": "3.2257941334102904",
        "cumulative": false
    },
    {
        "date": "2020-11-22T13:42:12.667Z",
        "value": "3.2964913690873865",
        "cumulative": false
    },
    {
        "date": "2020-11-22T13:42:49.309Z",
        "value": "3.3120971132286994",
        "cumulative": false
    },
    {
        "date": "2020-11-22T13:43:26.646Z",
        "value": "3.157788571332617",
        "cumulative": false
    },
    {
        "date": "2020-11-22T13:44:03.846Z",
        "value": "3.301871470188733",
        "cumulative": false
    },
    {
        "date": "2020-11-22T13:44:48.642Z",
        "value": "3.269566669365285",
        "cumulative": false
    },
    {
        "date": "2020-11-22T13:45:23.438Z",
        "value": "3.1659015194171443",
        "cumulative": false
    },
    {
        "date": "2020-11-22T13:46:01.017Z",
        "value": "3.246438119597283",
        "cumulative": false
    },
    {
        "date": "2020-11-22T13:46:35.865Z",
        "value": "3.1856919228434735",
        "cumulative": false
    },
    {
        "date": "2020-11-22T13:47:14.207Z",
        "value": "3.4429680226833286",
        "cumulative": false
    },
    {
        "date": "2020-11-22T13:47:50.828Z",
        "value": "3.343008903749661",
        "cumulative": false
    },
    {
        "date": "2020-11-22T13:48:30.338Z",
        "value": "3.2719187956998605",
        "cumulative": false
    },
    {
        "date": "2020-11-22T13:49:07.367Z",
        "value": "3.322926375655896",
        "cumulative": false
    },
    {
        "date": "2020-11-22T13:49:45.501Z",
        "value": "3.1215558874729585",
        "cumulative": false
    },
    {
        "date": "2020-11-22T13:50:20.741Z",
        "value": "3.2326035735112515",
        "cumulative": false
    },
    {
        "date": "2020-11-22T13:50:57.944Z",
        "value": "3.1039722207778704",
        "cumulative": false
    },
    {
        "date": "2020-11-22T13:51:35.284Z",
        "value": "3.1384433689963056",
        "cumulative": false
    },
    {
        "date": "2020-11-22T13:52:13.183Z",
        "value": "3.0375974007391418",
        "cumulative": false
    },
    {
        "date": "2020-11-22T13:52:48.225Z",
        "value": "3.1481458742632613",
        "cumulative": false
    },
    {
        "date": "2020-11-22T13:53:27.742Z",
        "value": "3.2004953677164822",
        "cumulative": false
    },
    {
        "date": "2020-11-22T13:54:03.847Z",
        "value": "3.2316120497802445",
        "cumulative": false
    },
    {
        "date": "2020-11-22T13:54:42.530Z",
        "value": "3.252148324012202",
        "cumulative": false
    },
    {
        "date": "2020-11-22T13:55:18.866Z",
        "value": "3.3568356688445666",
        "cumulative": false
    },
    {
        "date": "2020-11-22T13:55:57.502Z",
        "value": "3.131360197027755",
        "cumulative": false
    },
    {
        "date": "2020-11-22T13:56:33.395Z",
        "value": "3.4087632514475477",
        "cumulative": false
    },
    {
        "date": "2020-11-22T13:57:11.771Z",
        "value": "3.081541475535168",
        "cumulative": false
    },
    {
        "date": "2020-11-22T13:57:47.603Z",
        "value": "3.3891962020736854",
        "cumulative": false
    },
    {
        "date": "2020-11-22T13:58:25.312Z",
        "value": "3.2316066576086957",
        "cumulative": false
    },
    {
        "date": "2020-11-22T13:59:01.956Z",
        "value": "3.207900291726175",
        "cumulative": false
    },
    {
        "date": "2020-11-22T13:59:41.278Z",
        "value": "3.187586299640824",
        "cumulative": false
    },
    {
        "date": "2020-11-22T14:00:16.943Z",
        "value": "3.3518380673833614",
        "cumulative": false
    },
    {
        "date": "2020-11-22T14:00:54.409Z",
        "value": "3.2952262514732844",
        "cumulative": false
    },
    {
        "date": "2020-11-22T14:01:30.901Z",
        "value": "3.2440213548124612",
        "cumulative": false
    },
    {
        "date": "2020-11-22T14:02:08.814Z",
        "value": "3.165451152637377",
        "cumulative": false
    },
    {
        "date": "2020-11-22T14:02:44.880Z",
        "value": "3.2541222662587885",
        "cumulative": false
    },
    {
        "date": "2020-11-22T14:03:21.850Z",
        "value": "3.2612354910714285",
        "cumulative": false
    },
    {
        "date": "2020-11-22T14:03:57.900Z",
        "value": "3.193446828358209",
        "cumulative": false
    },
    {
        "date": "2020-11-22T14:04:37.141Z",
        "value": "3.2583377878289475",
        "cumulative": false
    },
    {
        "date": "2020-11-22T14:05:11.838Z",
        "value": "3.3050975154256794",
        "cumulative": false
    },
    {
        "date": "2020-11-22T14:05:49.316Z",
        "value": "3.0430872599283854",
        "cumulative": false
    },
    {
        "date": "2020-11-22T14:06:24.662Z",
        "value": "3.2310729195182044",
        "cumulative": false
    },
    {
        "date": "2020-11-22T14:07:04.190Z",
        "value": "3.128026618779214",
        "cumulative": false
    },
    {
        "date": "2020-11-22T14:07:40.995Z",
        "value": "3.206467237493221",
        "cumulative": false
    },
    {
        "date": "2020-11-22T14:08:18.793Z",
        "value": "3.2125694770956477",
        "cumulative": false
    },
    {
        "date": "2020-11-22T14:08:53.768Z",
        "value": "3.033230420225155",
        "cumulative": false
    },
    {
        "date": "2020-11-22T14:09:31.973Z",
        "value": "3.2679268973214284",
        "cumulative": false
    },
    {
        "date": "2020-11-22T14:10:08.496Z",
        "value": "3.2942074237335572",
        "cumulative": false
    },
    {
        "date": "2020-11-22T14:10:45.465Z",
        "value": "3.4674080248613874",
        "cumulative": false
    },
    {
        "date": "2020-11-22T14:11:22.984Z",
        "value": "3.145373343574178",
        "cumulative": false
    },
    {
        "date": "2020-11-22T14:12:01.209Z",
        "value": "3.2137657872404155",
        "cumulative": false
    },
    {
        "date": "2020-11-22T14:12:37.987Z",
        "value": "3.1020490818953017",
        "cumulative": false
    },
    {
        "date": "2020-11-22T14:13:16.894Z",
        "value": "3.1723910964819515",
        "cumulative": false
    },
    {
        "date": "2020-11-22T14:13:58.340Z",
        "value": "3.2263872683895234",
        "cumulative": false
    },
    {
        "date": "2020-11-22T14:14:37.713Z",
        "value": "3.3242464039075514",
        "cumulative": false
    },
    {
        "date": "2020-11-22T14:15:15.094Z",
        "value": "3.2550829300041935",
        "cumulative": false
    },
    {
        "date": "2020-11-22T14:15:52.299Z",
        "value": "3.099312768624642",
        "cumulative": false
    },
    {
        "date": "2020-11-22T14:16:27.382Z",
        "value": "3.2787771838450293",
        "cumulative": false
    },
    {
        "date": "2020-11-22T14:17:05.435Z",
        "value": "3.3162589353058145",
        "cumulative": false
    },
    {
        "date": "2020-11-22T14:17:40.416Z",
        "value": "3.1973282861286165",
        "cumulative": false
    },
    {
        "date": "2020-11-22T14:18:17.249Z",
        "value": "3.306784157480588",
        "cumulative": false
    },
    {
        "date": "2020-11-22T14:18:53.515Z",
        "value": "3.1266826669363916",
        "cumulative": false
    },
    {
        "date": "2020-11-22T14:19:32.034Z",
        "value": "3.302079784040758",
        "cumulative": false
    },
    {
        "date": "2020-11-22T14:20:09.394Z",
        "value": "3.180301451116519",
        "cumulative": false
    },
    {
        "date": "2020-11-22T14:20:47.578Z",
        "value": "3.1103236385524227",
        "cumulative": false
    },
    {
        "date": "2020-11-22T14:21:23.849Z",
        "value": "3.1518866684196687",
        "cumulative": false
    },
    {
        "date": "2020-11-22T14:22:02.627Z",
        "value": "3.257870571638025",
        "cumulative": false
    },
    {
        "date": "2020-11-22T14:22:38.255Z",
        "value": "3.0357536884445024",
        "cumulative": false
    },
    {
        "date": "2020-11-22T14:23:16.750Z",
        "value": "3.1707806485243797",
        "cumulative": false
    },
    {
        "date": "2020-11-22T14:23:52.393Z",
        "value": "3.1049291183774836",
        "cumulative": false
    },
    {
        "date": "2020-11-22T14:24:29.778Z",
        "value": "3.302024564636055",
        "cumulative": false
    },
    {
        "date": "2020-11-22T14:25:05.952Z",
        "value": "3.052354975476651",
        "cumulative": false
    },
    {
        "date": "2020-11-22T14:25:43.848Z",
        "value": "3.1258265421159477",
        "cumulative": false
    },
    {
        "date": "2020-11-22T14:26:18.879Z",
        "value": "3.1042854059697715",
        "cumulative": false
    },
    {
        "date": "2020-11-22T14:26:57.793Z",
        "value": "3.2450027341630494",
        "cumulative": false
    },
    {
        "date": "2020-11-22T14:27:34.182Z",
        "value": "3.199572022609447",
        "cumulative": false
    },
    {
        "date": "2020-11-22T14:28:13.707Z",
        "value": "3.3118793575255463",
        "cumulative": false
    },
    {
        "date": "2020-11-22T14:28:47.973Z",
        "value": "3.302144299523305",
        "cumulative": false
    },
    {
        "date": "2020-11-22T14:29:25.819Z",
        "value": "3.273614955357143",
        "cumulative": false
    },
    {
        "date": "2020-11-22T14:30:01.454Z",
        "value": "3.2541090513923874",
        "cumulative": false
    },
    {
        "date": "2020-11-22T14:30:36.756Z",
        "value": "3.106653675706194",
        "cumulative": false
    },
    {
        "date": "2020-11-22T14:31:12.930Z",
        "value": "3.130488993739143",
        "cumulative": false
    },
    {
        "date": "2020-11-22T14:31:51.731Z",
        "value": "3.3389099839154412",
        "cumulative": false
    },
    {
        "date": "2020-11-22T14:32:28.376Z",
        "value": "3.270879632795405",
        "cumulative": false
    },
    {
        "date": "2020-11-22T14:33:05.912Z",
        "value": "3.0960540858528236",
        "cumulative": false
    },
    {
        "date": "2020-11-22T14:33:41.693Z",
        "value": "3.1737354888525986",
        "cumulative": false
    },
    {
        "date": "2020-11-22T14:34:21.459Z",
        "value": "3.296665541613723",
        "cumulative": false
    },
    {
        "date": "2020-11-22T14:34:57.538Z",
        "value": "3.142695796699337",
        "cumulative": false
    },
    {
        "date": "2020-11-22T14:35:36.244Z",
        "value": "3.16097330543261",
        "cumulative": false
    },
    {
        "date": "2020-11-22T14:36:13.954Z",
        "value": "3.2659748730639975",
        "cumulative": false
    },
    {
        "date": "2020-11-22T14:36:53.523Z",
        "value": "3.0731192523841964",
        "cumulative": false
    },
    {
        "date": "2020-11-22T14:37:28.905Z",
        "value": "3.3942615408326082",
        "cumulative": false
    },
    {
        "date": "2020-11-22T14:38:08.585Z",
        "value": "3.2323137894417475",
        "cumulative": false
    },
    {
        "date": "2020-11-22T14:38:44.110Z",
        "value": "3.083030737672238",
        "cumulative": false
    },
    {
        "date": "2020-11-22T14:39:22.599Z",
        "value": "3.3737855745796836",
        "cumulative": false
    },
    {
        "date": "2020-11-22T14:39:57.878Z",
        "value": "3.348977092161017",
        "cumulative": false
    },
    {
        "date": "2020-11-22T14:40:36.884Z",
        "value": "3.2120985272889744",
        "cumulative": false
    },
    {
        "date": "2020-11-22T14:41:12.964Z",
        "value": "3.2667591411564625",
        "cumulative": false
    },
    {
        "date": "2020-11-22T14:41:50.900Z",
        "value": "3.180034569280141",
        "cumulative": false
    },
    {
        "date": "2020-11-22T14:42:34.043Z",
        "value": "3.1574758280727107",
        "cumulative": false
    },
    {
        "date": "2020-11-22T14:43:15.257Z",
        "value": "3.127885678123217",
        "cumulative": false
    },
    {
        "date": "2020-11-22T14:43:51.195Z",
        "value": "3.1046158030063293",
        "cumulative": false
    },
    {
        "date": "2020-11-22T14:44:27.982Z",
        "value": "3.03120111196319",
        "cumulative": false
    },
    {
        "date": "2020-11-22T14:45:05.341Z",
        "value": "3.022273829423542",
        "cumulative": false
    },
    {
        "date": "2020-11-22T14:45:44.842Z",
        "value": "3.4110525179519464",
        "cumulative": false
    },
    {
        "date": "2020-11-22T14:46:20.892Z",
        "value": "3.2639507430891035",
        "cumulative": false
    },
    {
        "date": "2020-11-22T14:46:58.694Z",
        "value": "3.1498841192632017",
        "cumulative": false
    },
    {
        "date": "2020-11-22T14:47:36.226Z",
        "value": "3.152059756515775",
        "cumulative": false
    },
    {
        "date": "2020-11-22T14:48:14.598Z",
        "value": "3.1975584900809446",
        "cumulative": false
    },
    {
        "date": "2020-11-22T14:48:49.470Z",
        "value": "3.4350676635708344",
        "cumulative": false
    },
    {
        "date": "2020-11-22T14:49:26.953Z",
        "value": "3.2661185509344564",
        "cumulative": false
    },
    {
        "date": "2020-11-22T14:50:04.611Z",
        "value": "3.158857562951445",
        "cumulative": false
    },
    {
        "date": "2020-11-22T14:50:41.911Z",
        "value": "3.1030625670421026",
        "cumulative": false
    },
    {
        "date": "2020-11-22T14:51:16.925Z",
        "value": "3.2235894369510665",
        "cumulative": false
    },
    {
        "date": "2020-11-22T14:51:57.006Z",
        "value": "3.3062263257575757",
        "cumulative": false
    },
    {
        "date": "2020-11-22T14:52:12.532Z",
        "value": "3.1535959243774414",
        "cumulative": false
    },
    {
        "date": "2020-11-22T14:52:32.208Z",
        "value": "2.386748325892857",
        "cumulative": false
    },
    {
        "date": "2020-11-22T14:53:09.347Z",
        "value": "3.1778673854195043",
        "cumulative": false
    },
    {
        "date": "2020-11-22T14:53:43.607Z",
        "value": "3.2105026781944837",
        "cumulative": false
    },
    {
        "date": "2020-11-22T14:54:21.235Z",
        "value": "3.252835684099529",
        "cumulative": false
    },
    {
        "date": "2020-11-22T14:54:56.279Z",
        "value": "3.18085517795472",
        "cumulative": false
    },
    {
        "date": "2020-11-22T14:55:33.742Z",
        "value": "2.9780226637380194",
        "cumulative": false
    },
    {
        "date": "2020-11-22T14:56:09.133Z",
        "value": "3.1284665412303663",
        "cumulative": false
    },
    {
        "date": "2020-11-22T14:56:46.707Z",
        "value": "3.191265586196192",
        "cumulative": false
    },
    {
        "date": "2020-11-22T14:57:23.158Z",
        "value": "3.2001090372415413",
        "cumulative": false
    },
    {
        "date": "2020-11-22T14:58:01.575Z",
        "value": "3.0634374117730094",
        "cumulative": false
    },
    {
        "date": "2020-11-22T14:58:37.946Z",
        "value": "3.3076060781757857",
        "cumulative": false
    },
    {
        "date": "2020-11-22T14:59:16.469Z",
        "value": "3.04361936989829",
        "cumulative": false
    },
    {
        "date": "2020-11-22T14:59:53.693Z",
        "value": "3.078223620416079",
        "cumulative": false
    },
    {
        "date": "2020-11-22T15:00:30.841Z",
        "value": "3.061721283236057",
        "cumulative": false
    },
    {
        "date": "2020-11-22T15:01:07.357Z",
        "value": "3.245041854118292",
        "cumulative": false
    },
    {
        "date": "2020-11-22T15:01:43.949Z",
        "value": "3.1208858181901613",
        "cumulative": false
    },
    {
        "date": "2020-11-22T15:02:20.066Z",
        "value": "3.086669782445745",
        "cumulative": false
    },
    {
        "date": "2020-11-22T15:02:58.510Z",
        "value": "3.087108475673754",
        "cumulative": false
    },
    {
        "date": "2020-11-22T15:03:34.293Z",
        "value": "2.960789910678206",
        "cumulative": false
    },
    {
        "date": "2020-11-22T15:04:11.803Z",
        "value": "3.1438939478490258",
        "cumulative": false
    },
    {
        "date": "2020-11-22T15:04:47.362Z",
        "value": "3.0842939731558987",
        "cumulative": false
    },
    {
        "date": "2020-11-22T15:05:23.898Z",
        "value": "3.138519139997322",
        "cumulative": false
    },
    {
        "date": "2020-11-22T15:06:01.146Z",
        "value": "3.0069292662172984",
        "cumulative": false
    },
    {
        "date": "2020-11-22T15:06:38.325Z",
        "value": "3.1280726963608516",
        "cumulative": false
    },
    {
        "date": "2020-11-22T15:07:15.302Z",
        "value": "3.0208480651922027",
        "cumulative": false
    },
    {
        "date": "2020-11-22T15:07:53.005Z",
        "value": "3.143035700185991",
        "cumulative": false
    },
    {
        "date": "2020-11-22T15:08:28.835Z",
        "value": "3.199319472878316",
        "cumulative": false
    },
    {
        "date": "2020-11-22T15:09:06.512Z",
        "value": "3.285643306805517",
        "cumulative": false
    },
    {
        "date": "2020-11-22T15:09:43.680Z",
        "value": "3.2019482664800996",
        "cumulative": false
    },
    {
        "date": "2020-11-22T15:10:22.034Z",
        "value": "3.3018081673409214",
        "cumulative": false
    },
    {
        "date": "2020-11-22T15:10:58.144Z",
        "value": "3.1040001502403847",
        "cumulative": false
    },
    {
        "date": "2020-11-22T15:11:35.664Z",
        "value": "3.1294609649715985",
        "cumulative": false
    },
    {
        "date": "2020-11-22T15:12:10.357Z",
        "value": "3.4286318862428455",
        "cumulative": false
    },
    {
        "date": "2020-11-22T15:12:48.823Z",
        "value": "2.9521823035105172",
        "cumulative": false
    },
    {
        "date": "2020-11-22T15:13:24.913Z",
        "value": "3.216537976077528",
        "cumulative": false
    },
    {
        "date": "2020-11-22T15:14:03.773Z",
        "value": "3.2725713361481885",
        "cumulative": false
    },
    {
        "date": "2020-11-22T15:14:40.381Z",
        "value": "2.9631319742194373",
        "cumulative": false
    },
    {
        "date": "2020-11-22T15:15:18.935Z",
        "value": "3.1111558860232944",
        "cumulative": false
    },
    {
        "date": "2020-11-22T15:15:55.508Z",
        "value": "3.118120319186876",
        "cumulative": false
    },
    {
        "date": "2020-11-22T15:16:33.006Z",
        "value": "3.1842995408873502",
        "cumulative": false
    },
    {
        "date": "2020-11-22T15:17:09.286Z",
        "value": "3.1556034297733517",
        "cumulative": false
    },
    {
        "date": "2020-11-22T15:17:46.508Z",
        "value": "3.1353377355617655",
        "cumulative": false
    },
    {
        "date": "2020-11-22T15:18:21.825Z",
        "value": "3.020239613702624",
        "cumulative": false
    },
    {
        "date": "2020-11-22T15:18:59.428Z",
        "value": "3.0283252987777636",
        "cumulative": false
    },
    {
        "date": "2020-11-22T15:19:35.134Z",
        "value": "3.0406901933016157",
        "cumulative": false
    },
    {
        "date": "2020-11-22T15:20:12.451Z",
        "value": "3.1821667564655174",
        "cumulative": false
    },
    {
        "date": "2020-11-22T15:20:47.905Z",
        "value": "3.1706279133371384",
        "cumulative": false
    },
    {
        "date": "2020-11-22T15:21:31.840Z",
        "value": "3.267467054429945",
        "cumulative": false
    },
    {
        "date": "2020-11-22T15:22:06.906Z",
        "value": "3.152324091233678",
        "cumulative": false
    },
    {
        "date": "2020-11-22T15:22:45.867Z",
        "value": "3.235036298542012",
        "cumulative": false
    },
    {
        "date": "2020-11-22T15:23:21.285Z",
        "value": "3.1274828313149974",
        "cumulative": false
    },
    {
        "date": "2020-11-22T15:24:00.092Z",
        "value": "3.158049281139275",
        "cumulative": false
    },
    {
        "date": "2020-11-22T15:24:36.011Z",
        "value": "3.1661057927425666",
        "cumulative": false
    },
    {
        "date": "2020-11-22T15:25:12.642Z",
        "value": "2.9845491301984235",
        "cumulative": false
    },
    {
        "date": "2020-11-22T15:25:49.178Z",
        "value": "2.935448826556225",
        "cumulative": false
    },
    {
        "date": "2020-11-22T15:26:25.724Z",
        "value": "2.961184323489011",
        "cumulative": false
    },
    {
        "date": "2020-11-22T15:27:01.095Z",
        "value": "3.100058624768396",
        "cumulative": false
    },
    {
        "date": "2020-11-22T15:27:40.194Z",
        "value": "2.892918867070003",
        "cumulative": false
    },
    {
        "date": "2020-11-22T15:28:14.359Z",
        "value": "3.2871049056064074",
        "cumulative": false
    },
    {
        "date": "2020-11-22T15:28:51.589Z",
        "value": "3.0642367198457223",
        "cumulative": false
    },
    {
        "date": "2020-11-22T15:29:29.175Z",
        "value": "3.2879421239481066",
        "cumulative": false
    },
    {
        "date": "2020-11-22T15:30:06.685Z",
        "value": "3.115457050613097",
        "cumulative": false
    },
    {
        "date": "2020-11-22T15:30:43.539Z",
        "value": "3.0103183166981387",
        "cumulative": false
    },
    {
        "date": "2020-11-22T15:31:22.064Z",
        "value": "3.159235788955262",
        "cumulative": false
    },
    {
        "date": "2020-11-22T15:31:58.041Z",
        "value": "3.272733684353461",
        "cumulative": false
    },
    {
        "date": "2020-11-22T15:32:36.542Z",
        "value": "3.1221343782158475",
        "cumulative": false
    },
    {
        "date": "2020-11-22T15:33:14.298Z",
        "value": "3.1557982966153637",
        "cumulative": false
    },
    {
        "date": "2020-11-22T15:33:52.697Z",
        "value": "2.9578202226759673",
        "cumulative": false
    },
    {
        "date": "2020-11-22T15:34:29.333Z",
        "value": "3.212278195644947",
        "cumulative": false
    },
    {
        "date": "2020-11-22T15:35:07.666Z",
        "value": "3.021453550170068",
        "cumulative": false
    },
    {
        "date": "2020-11-22T15:35:44.017Z",
        "value": "3.0925296284976906",
        "cumulative": false
    },
    {
        "date": "2020-11-22T15:36:22.829Z",
        "value": "3.156898761617726",
        "cumulative": false
    },
    {
        "date": "2020-11-22T15:36:58.034Z",
        "value": "2.9438948915565244",
        "cumulative": false
    },
    {
        "date": "2020-11-22T15:37:34.303Z",
        "value": "3.1718668061117468",
        "cumulative": false
    },
    {
        "date": "2020-11-22T15:38:09.376Z",
        "value": "3.0015841782283883",
        "cumulative": false
    },
    {
        "date": "2020-11-22T15:38:46.024Z",
        "value": "3.0452284157847442",
        "cumulative": false
    },
    {
        "date": "2020-11-22T15:39:22.950Z",
        "value": "3.0316531987660946",
        "cumulative": false
    },
    {
        "date": "2020-11-22T15:40:00.282Z",
        "value": "3.1554834192884953",
        "cumulative": false
    },
    {
        "date": "2020-11-22T15:40:36.586Z",
        "value": "3.1508478268016833",
        "cumulative": false
    },
    {
        "date": "2020-11-22T15:41:16.720Z",
        "value": "3.178410456730769",
        "cumulative": false
    },
    {
        "date": "2020-11-22T15:41:52.993Z",
        "value": "3.2467964315995292",
        "cumulative": false
    },
    {
        "date": "2020-11-22T15:42:30.953Z",
        "value": "3.095500224345439",
        "cumulative": false
    },
    {
        "date": "2020-11-22T15:43:06.533Z",
        "value": "3.1435919148489933",
        "cumulative": false
    },
    {
        "date": "2020-11-22T15:43:43.538Z",
        "value": "3.113347966916558",
        "cumulative": false
    },
    {
        "date": "2020-11-22T15:44:20.707Z",
        "value": "3.025543284809505",
        "cumulative": false
    },
    {
        "date": "2020-11-22T15:44:57.988Z",
        "value": "3.208026126413403",
        "cumulative": false
    },
    {
        "date": "2020-11-22T15:45:34.116Z",
        "value": "3.056386754833069",
        "cumulative": false
    },
    {
        "date": "2020-11-22T15:46:12.665Z",
        "value": "3.2575614990171435",
        "cumulative": false
    },
    {
        "date": "2020-11-22T15:46:49.084Z",
        "value": "3.0423524247839095",
        "cumulative": false
    },
    {
        "date": "2020-11-22T15:47:26.473Z",
        "value": "3.2717960026364765",
        "cumulative": false
    },
    {
        "date": "2020-11-22T15:48:01.412Z",
        "value": "3.2042391546841325",
        "cumulative": false
    },
    {
        "date": "2020-11-22T15:48:38.716Z",
        "value": "3.027678199900133",
        "cumulative": false
    },
    {
        "date": "2020-11-22T15:49:13.916Z",
        "value": "2.9423669022120786",
        "cumulative": false
    },
    {
        "date": "2020-11-22T15:49:51.433Z",
        "value": "3.132433379708904",
        "cumulative": false
    },
    {
        "date": "2020-11-22T15:50:33.806Z",
        "value": "3.101419288645691",
        "cumulative": false
    },
    {
        "date": "2020-11-22T15:51:09.832Z",
        "value": "2.955544743892386",
        "cumulative": false
    },
    {
        "date": "2020-11-22T15:51:47.795Z",
        "value": "3.1743172618116398",
        "cumulative": false
    },
    {
        "date": "2020-11-22T15:52:24.691Z",
        "value": "3.033205845229805",
        "cumulative": false
    },
    {
        "date": "2020-11-22T15:53:00.339Z",
        "value": "3.013854840158046",
        "cumulative": false
    },
    {
        "date": "2020-11-22T15:53:37.700Z",
        "value": "3.26083975423923",
        "cumulative": false
    },
    {
        "date": "2020-11-22T15:54:14.028Z",
        "value": "3.025232495635023",
        "cumulative": false
    },
    {
        "date": "2020-11-22T15:54:50.085Z",
        "value": "2.9696536523383292",
        "cumulative": false
    },
    {
        "date": "2020-11-22T15:55:27.847Z",
        "value": "3.0917528195488724",
        "cumulative": false
    },
    {
        "date": "2020-11-22T15:56:07.232Z",
        "value": "3.343291101815325",
        "cumulative": false
    },
    {
        "date": "2020-11-22T15:56:44.154Z",
        "value": "3.266609268148343",
        "cumulative": false
    },
    {
        "date": "2020-11-22T15:57:20.892Z",
        "value": "3.1196561653116532",
        "cumulative": false
    },
    {
        "date": "2020-11-22T15:57:57.273Z",
        "value": "3.0879195730143145",
        "cumulative": false
    },
    {
        "date": "2020-11-22T15:58:34.788Z",
        "value": "3.2211011368520235",
        "cumulative": false
    },
    {
        "date": "2020-11-22T15:59:11.071Z",
        "value": "3.1180674916286693",
        "cumulative": false
    },
    {
        "date": "2020-11-22T15:59:47.596Z",
        "value": "3.2009453822739324",
        "cumulative": false
    },
    {
        "date": "2020-11-22T16:00:24.923Z",
        "value": "3.089530190562117",
        "cumulative": false
    },
    {
        "date": "2020-11-22T16:01:03.427Z",
        "value": "3.0462995494344507",
        "cumulative": false
    },
    {
        "date": "2020-11-22T16:01:39.939Z",
        "value": "2.9854809175439208",
        "cumulative": false
    },
    {
        "date": "2020-11-22T16:02:17.560Z",
        "value": "3.157927490234375",
        "cumulative": false
    },
    {
        "date": "2020-11-22T16:02:53.183Z",
        "value": "3.1192185330408986",
        "cumulative": false
    },
    {
        "date": "2020-11-22T16:03:31.892Z",
        "value": "3.070730221926511",
        "cumulative": false
    },
    {
        "date": "2020-11-22T16:04:08.617Z",
        "value": "3.1306630945415748",
        "cumulative": false
    },
    {
        "date": "2020-11-22T16:04:46.327Z",
        "value": "2.883817594921444",
        "cumulative": false
    },
    {
        "date": "2020-11-22T16:05:22.558Z",
        "value": "2.886015902720809",
        "cumulative": false
    },
    {
        "date": "2020-11-22T16:06:01.390Z",
        "value": "3.166596776546091",
        "cumulative": false
    },
    {
        "date": "2020-11-22T16:06:37.263Z",
        "value": "3.152646446334168",
        "cumulative": false
    },
    {
        "date": "2020-11-22T16:07:14.812Z",
        "value": "3.1455117811907343",
        "cumulative": false
    },
    {
        "date": "2020-11-22T16:07:50.160Z",
        "value": "2.905932975632137",
        "cumulative": false
    },
    {
        "date": "2020-11-22T16:08:28.338Z",
        "value": "2.8973186660183874",
        "cumulative": false
    },
    {
        "date": "2020-11-22T16:09:02.206Z",
        "value": "3.015840030494235",
        "cumulative": false
    },
    {
        "date": "2020-11-22T16:09:39.816Z",
        "value": "3.0475159839300106",
        "cumulative": false
    },
    {
        "date": "2020-11-22T16:10:15.975Z",
        "value": "3.074216424158976",
        "cumulative": false
    },
    {
        "date": "2020-11-22T16:10:53.477Z",
        "value": "3.2411792970895115",
        "cumulative": false
    },
    {
        "date": "2020-11-22T16:11:30.393Z",
        "value": "3.0442380012868124",
        "cumulative": false
    },
    {
        "date": "2020-11-22T16:12:07.691Z",
        "value": "2.953839617144337",
        "cumulative": false
    },
    {
        "date": "2020-11-22T16:12:44.050Z",
        "value": "3.0004697321672587",
        "cumulative": false
    },
    {
        "date": "2020-11-22T16:13:20.929Z",
        "value": "3.115476553841092",
        "cumulative": false
    },
    {
        "date": "2020-11-22T16:13:56.024Z",
        "value": "3.133470698883686",
        "cumulative": false
    },
    {
        "date": "2020-11-22T16:14:34.273Z",
        "value": "3.2085993383404863",
        "cumulative": false
    },
    {
        "date": "2020-11-22T16:15:10.386Z",
        "value": "3.1885460020457113",
        "cumulative": false
    },
    {
        "date": "2020-11-22T16:15:48.279Z",
        "value": "3.027448795478513",
        "cumulative": false
    },
    {
        "date": "2020-11-22T16:16:22.541Z",
        "value": "3.164147560720268",
        "cumulative": false
    },
    {
        "date": "2020-11-22T16:17:01.911Z",
        "value": "3.18128647167663",
        "cumulative": false
    },
    {
        "date": "2020-11-22T16:17:37.521Z",
        "value": "2.966261305557494",
        "cumulative": false
    },
    {
        "date": "2020-11-22T16:18:14.264Z",
        "value": "3.034197654259836",
        "cumulative": false
    },
    {
        "date": "2020-11-22T16:18:56.501Z",
        "value": "3.1403898863075077",
        "cumulative": false
    },
    {
        "date": "2020-11-22T16:19:35.127Z",
        "value": "2.985141334048146",
        "cumulative": false
    },
    {
        "date": "2020-11-22T16:20:08.445Z",
        "value": "3.2002588725523995",
        "cumulative": false
    },
    {
        "date": "2020-11-22T16:20:47.322Z",
        "value": "3.1029703284898975",
        "cumulative": false
    },
    {
        "date": "2020-11-22T16:21:23.880Z",
        "value": "3.1862843081454177",
        "cumulative": false
    },
    {
        "date": "2020-11-22T16:22:02.853Z",
        "value": "3.0716886767782428",
        "cumulative": false
    },
    {
        "date": "2020-11-22T16:22:39.158Z",
        "value": "3.1655232560592763",
        "cumulative": false
    },
    {
        "date": "2020-11-22T16:23:16.458Z",
        "value": "3.1422113672069436",
        "cumulative": false
    },
    {
        "date": "2020-11-22T16:23:51.808Z",
        "value": "2.8674573709699267",
        "cumulative": false
    },
    {
        "date": "2020-11-22T16:24:30.834Z",
        "value": "2.9817292505554014",
        "cumulative": false
    },
    {
        "date": "2020-11-22T16:25:07.106Z",
        "value": "3.182227062304521",
        "cumulative": false
    },
    {
        "date": "2020-11-22T16:25:45.692Z",
        "value": "3.1211261222375692",
        "cumulative": false
    },
    {
        "date": "2020-11-22T16:26:21.060Z",
        "value": "3.097025880476286",
        "cumulative": false
    },
    {
        "date": "2020-11-22T16:26:59.382Z",
        "value": "3.148936963263359",
        "cumulative": false
    },
    {
        "date": "2020-11-22T16:27:37.466Z",
        "value": "2.883876395238254",
        "cumulative": false
    },
    {
        "date": "2020-11-22T16:28:14.794Z",
        "value": "3.088760024391561",
        "cumulative": false
    },
    {
        "date": "2020-11-22T16:28:30.024Z",
        "value": "3.0642759799957275",
        "cumulative": false
    },
    {
        "date": "2020-11-22T16:28:49.364Z",
        "value": "2.84504551268573",
        "cumulative": false
    },
    {
        "date": "2020-11-22T16:29:26.900Z",
        "value": "2.9162604975810846",
        "cumulative": false
    },
    {
        "date": "2020-11-22T16:30:03.600Z",
        "value": "3.0526424259334415",
        "cumulative": false
    },
    {
        "date": "2020-11-22T16:30:42.524Z",
        "value": "3.097114997314715",
        "cumulative": false
    },
    {
        "date": "2020-11-22T16:31:18.746Z",
        "value": "2.8827266943477095",
        "cumulative": false
    },
    {
        "date": "2020-11-22T16:31:56.253Z",
        "value": "3.004975560102513",
        "cumulative": false
    },
    {
        "date": "2020-11-22T16:32:32.292Z",
        "value": "2.960553979909057",
        "cumulative": false
    },
    {
        "date": "2020-11-22T16:33:09.753Z",
        "value": "2.883731798394594",
        "cumulative": false
    },
    {
        "date": "2020-11-22T16:33:45.967Z",
        "value": "2.9343374627873167",
        "cumulative": false
    },
    {
        "date": "2020-11-22T16:34:23.981Z",
        "value": "3.076942491941261",
        "cumulative": false
    },
    {
        "date": "2020-11-22T16:34:59.790Z",
        "value": "2.865031427956271",
        "cumulative": false
    },
    {
        "date": "2020-11-22T16:35:37.613Z",
        "value": "3.1333260395055325",
        "cumulative": false
    },
    {
        "date": "2020-11-22T16:36:12.319Z",
        "value": "3.141114936440678",
        "cumulative": false
    },
    {
        "date": "2020-11-22T16:36:52.220Z",
        "value": "2.862359604839235",
        "cumulative": false
    },
    {
        "date": "2020-11-22T16:37:27.130Z",
        "value": "3.0959438021557717",
        "cumulative": false
    },
    {
        "date": "2020-11-22T16:38:06.453Z",
        "value": "3.029355797168645",
        "cumulative": false
    },
    {
        "date": "2020-11-22T16:38:41.202Z",
        "value": "2.9508110801514507",
        "cumulative": false
    },
    {
        "date": "2020-11-22T16:39:20.016Z",
        "value": "3.130123247786678",
        "cumulative": false
    },
    {
        "date": "2020-11-22T16:39:56.341Z",
        "value": "2.9037052503201672",
        "cumulative": false
    },
    {
        "date": "2020-11-22T16:40:34.722Z",
        "value": "2.98599211807484",
        "cumulative": false
    },
    {
        "date": "2020-11-22T16:41:10.644Z",
        "value": "2.9809492086563307",
        "cumulative": false
    },
    {
        "date": "2020-11-22T16:41:51.376Z",
        "value": "3.043291620012215",
        "cumulative": false
    },
    {
        "date": "2020-11-22T16:42:26.739Z",
        "value": "3.0214568889693707",
        "cumulative": false
    },
    {
        "date": "2020-11-22T16:43:05.812Z",
        "value": "2.9222512258856854",
        "cumulative": false
    },
    {
        "date": "2020-11-22T16:43:40.675Z",
        "value": "2.8433740438108486",
        "cumulative": false
    },
    {
        "date": "2020-11-22T16:44:16.265Z",
        "value": "3.1708003025428924",
        "cumulative": false
    },
    {
        "date": "2020-11-22T16:44:52.244Z",
        "value": "2.9166659684986596",
        "cumulative": false
    },
    {
        "date": "2020-11-22T16:45:31.224Z",
        "value": "2.8507305709116957",
        "cumulative": false
    },
    {
        "date": "2020-11-22T16:46:06.601Z",
        "value": "2.9269005408653848",
        "cumulative": false
    },
    {
        "date": "2020-11-22T16:46:43.005Z",
        "value": "3.0063780316525075",
        "cumulative": false
    },
    {
        "date": "2020-11-22T16:47:18.395Z",
        "value": "3.000454484923812",
        "cumulative": false
    },
    {
        "date": "2020-11-22T16:47:55.803Z",
        "value": "3.0396874588165526",
        "cumulative": false
    },
    {
        "date": "2020-11-22T16:48:32.608Z",
        "value": "2.9324578233681113",
        "cumulative": false
    },
    {
        "date": "2020-11-22T16:49:10.828Z",
        "value": "2.8031210605759025",
        "cumulative": false
    },
    {
        "date": "2020-11-22T16:49:46.550Z",
        "value": "2.942705987706832",
        "cumulative": false
    },
    {
        "date": "2020-11-22T16:50:25.705Z",
        "value": "2.944751334896843",
        "cumulative": false
    },
    {
        "date": "2020-11-22T16:51:02.899Z",
        "value": "3.0622973870869448",
        "cumulative": false
    },
    {
        "date": "2020-11-22T16:51:40.937Z",
        "value": "2.958272496401683",
        "cumulative": false
    },
    {
        "date": "2020-11-22T16:52:16.613Z",
        "value": "2.9812819145215443",
        "cumulative": false
    },
    {
        "date": "2020-11-22T16:52:58.189Z",
        "value": "3.1367987470395655",
        "cumulative": false
    },
    {
        "date": "2020-11-22T16:53:34.904Z",
        "value": "3.0150227306449486",
        "cumulative": false
    },
    {
        "date": "2020-11-22T16:54:11.425Z",
        "value": "3.112169400246391",
        "cumulative": false
    },
    {
        "date": "2020-11-22T16:54:47.643Z",
        "value": "3.162027080407303",
        "cumulative": false
    },
    {
        "date": "2020-11-22T16:55:24.444Z",
        "value": "2.961921903118079",
        "cumulative": false
    },
    {
        "date": "2020-11-22T16:56:02.424Z",
        "value": "2.9050352448543824",
        "cumulative": false
    },
    {
        "date": "2020-11-22T16:56:40.986Z",
        "value": "3.0424624794407893",
        "cumulative": false
    },
    {
        "date": "2020-11-22T16:57:17.600Z",
        "value": "2.9471893954377637",
        "cumulative": false
    }
]