[
    {
        "date": "2020-11-22T11:38:28.503Z",
        "value": "567.1609840393066",
        "cumulative": false
    },
    {
        "date": "2020-11-22T13:15:35.096Z",
        "value": "573.9988915920258",
        "cumulative": false
    },
    {
        "date": "2020-11-22T14:52:31.346Z",
        "value": "574.3478076457977",
        "cumulative": false
    },
    {
        "date": "2020-11-22T16:28:48.630Z",
        "value": "576.2305381298065",
        "cumulative": false
    },
    {
        "date": "2020-11-22T16:58:16.644Z",
        "value": "173.48317217826843",
        "cumulative": false
    }
]