[
    {
        "date": "2020-11-22T11:38:28.062Z",
        "value": "3877.4486219882965",
        "cumulative": false
    },
    {
        "date": "2020-11-22T13:15:35.538Z",
        "value": "3842.2534832954407",
        "cumulative": false
    },
    {
        "date": "2020-11-22T14:52:31.455Z",
        "value": "3830.6335759162903",
        "cumulative": false
    },
    {
        "date": "2020-11-22T16:28:48.847Z",
        "value": "3792.5746760368347",
        "cumulative": false
    },
    {
        "date": "2020-11-22T16:58:17.382Z",
        "value": "1149.457837820053",
        "cumulative": false
    }
]