[
    {
        "date": "2020-12-08T10:59:21.073Z",
        "value": "0.20569491386413574",
        "cumulative": false
    },
    {
        "date": "2020-12-08T10:59:26.256Z",
        "value": "0.2084813117980957",
        "cumulative": false
    },
    {
        "date": "2020-12-08T10:59:31.445Z",
        "value": "0.20181989669799805",
        "cumulative": false
    },
    {
        "date": "2020-12-08T10:59:36.611Z",
        "value": "0.2049422264099121",
        "cumulative": false
    },
    {
        "date": "2020-12-08T10:59:41.784Z",
        "value": "0.20979070663452148",
        "cumulative": false
    },
    {
        "date": "2020-12-08T10:59:47.023Z",
        "value": "0.22378253936767578",
        "cumulative": false
    },
    {
        "date": "2020-12-08T10:59:52.207Z",
        "value": "0.2218167781829834",
        "cumulative": false
    },
    {
        "date": "2020-12-08T10:59:57.444Z",
        "value": "0.21592116355895996",
        "cumulative": false
    },
    {
        "date": "2020-12-08T11:00:02.691Z",
        "value": "0.21711206436157227",
        "cumulative": false
    },
    {
        "date": "2020-12-08T11:00:07.902Z",
        "value": "0.20152068138122559",
        "cumulative": false
    },
    {
        "date": "2020-12-08T11:00:13.159Z",
        "value": "0.19608855247497559",
        "cumulative": false
    },
    {
        "date": "2020-12-08T11:00:18.406Z",
        "value": "0.2023916244506836",
        "cumulative": false
    },
    {
        "date": "2020-12-08T11:00:23.660Z",
        "value": "0.21199941635131836",
        "cumulative": false
    },
    {
        "date": "2020-12-08T11:00:28.893Z",
        "value": "0.21661949157714844",
        "cumulative": false
    },
    {
        "date": "2020-12-08T11:00:34.173Z",
        "value": "0.21885275840759277",
        "cumulative": false
    },
    {
        "date": "2020-12-08T11:00:39.413Z",
        "value": "0.20035171508789062",
        "cumulative": false
    },
    {
        "date": "2020-12-08T11:00:44.663Z",
        "value": "0.22281193733215332",
        "cumulative": false
    }
]