[
    {
        "date": "2020-12-08T10:59:21.081Z",
        "value": "3.3075098991394043",
        "cumulative": false
    },
    {
        "date": "2020-12-08T10:59:26.261Z",
        "value": "1.140279769897461",
        "cumulative": false
    },
    {
        "date": "2020-12-08T10:59:31.456Z",
        "value": "1.107163906097412",
        "cumulative": false
    },
    {
        "date": "2020-12-08T10:59:36.611Z",
        "value": "1.1337063312530518",
        "cumulative": false
    },
    {
        "date": "2020-12-08T10:59:41.786Z",
        "value": "1.1096441745758057",
        "cumulative": false
    },
    {
        "date": "2020-12-08T10:59:47.031Z",
        "value": "1.1415882110595703",
        "cumulative": false
    },
    {
        "date": "2020-12-08T10:59:52.216Z",
        "value": "1.1189978122711182",
        "cumulative": false
    },
    {
        "date": "2020-12-08T10:59:57.454Z",
        "value": "1.1444993019104004",
        "cumulative": false
    },
    {
        "date": "2020-12-08T11:00:02.695Z",
        "value": "1.157477855682373",
        "cumulative": false
    },
    {
        "date": "2020-12-08T11:00:07.900Z",
        "value": "1.1410167217254639",
        "cumulative": false
    },
    {
        "date": "2020-12-08T11:00:13.162Z",
        "value": "1.1279783248901367",
        "cumulative": false
    },
    {
        "date": "2020-12-08T11:00:18.412Z",
        "value": "1.07515287399292",
        "cumulative": false
    },
    {
        "date": "2020-12-08T11:00:23.652Z",
        "value": "1.1170058250427246",
        "cumulative": false
    },
    {
        "date": "2020-12-08T11:00:28.891Z",
        "value": "1.1296947002410889",
        "cumulative": false
    },
    {
        "date": "2020-12-08T11:00:34.174Z",
        "value": "1.128478765487671",
        "cumulative": false
    },
    {
        "date": "2020-12-08T11:00:39.412Z",
        "value": "1.0965683460235596",
        "cumulative": false
    },
    {
        "date": "2020-12-08T11:00:44.664Z",
        "value": "1.1261265277862549",
        "cumulative": false
    }
]