[
    {
        "date": "2020-12-08T10:59:21.073Z",
        "value": "0.054183244705200195",
        "cumulative": false
    },
    {
        "date": "2020-12-08T10:59:26.256Z",
        "value": "0.0545954704284668",
        "cumulative": false
    },
    {
        "date": "2020-12-08T10:59:31.445Z",
        "value": "0.053247690200805664",
        "cumulative": false
    },
    {
        "date": "2020-12-08T10:59:36.611Z",
        "value": "0.054691314697265625",
        "cumulative": false
    },
    {
        "date": "2020-12-08T10:59:41.784Z",
        "value": "0.055887460708618164",
        "cumulative": false
    },
    {
        "date": "2020-12-08T10:59:47.023Z",
        "value": "0.0567774772644043",
        "cumulative": false
    },
    {
        "date": "2020-12-08T10:59:52.207Z",
        "value": "0.057352542877197266",
        "cumulative": false
    },
    {
        "date": "2020-12-08T10:59:57.444Z",
        "value": "0.05557966232299805",
        "cumulative": false
    },
    {
        "date": "2020-12-08T11:00:02.691Z",
        "value": "0.05613088607788086",
        "cumulative": false
    },
    {
        "date": "2020-12-08T11:00:07.902Z",
        "value": "0.05511116981506348",
        "cumulative": false
    },
    {
        "date": "2020-12-08T11:00:13.159Z",
        "value": "0.05416369438171387",
        "cumulative": false
    },
    {
        "date": "2020-12-08T11:00:18.406Z",
        "value": "0.054793357849121094",
        "cumulative": false
    },
    {
        "date": "2020-12-08T11:00:23.660Z",
        "value": "0.05423092842102051",
        "cumulative": false
    },
    {
        "date": "2020-12-08T11:00:28.893Z",
        "value": "0.054738759994506836",
        "cumulative": false
    },
    {
        "date": "2020-12-08T11:00:34.173Z",
        "value": "0.060242652893066406",
        "cumulative": false
    },
    {
        "date": "2020-12-08T11:00:39.413Z",
        "value": "0.05307126045227051",
        "cumulative": false
    },
    {
        "date": "2020-12-08T11:00:44.663Z",
        "value": "0.0575406551361084",
        "cumulative": false
    }
]