[
    {
        "date": "2020-12-08T10:59:21.070Z",
        "value": "0.06564593315124512",
        "cumulative": false
    },
    {
        "date": "2020-12-08T10:59:26.259Z",
        "value": "0.0659027099609375",
        "cumulative": false
    },
    {
        "date": "2020-12-08T10:59:31.450Z",
        "value": "0.06667232513427734",
        "cumulative": false
    },
    {
        "date": "2020-12-08T10:59:36.614Z",
        "value": "0.0662527084350586",
        "cumulative": false
    },
    {
        "date": "2020-12-08T10:59:41.789Z",
        "value": "0.06660008430480957",
        "cumulative": false
    },
    {
        "date": "2020-12-08T10:59:47.027Z",
        "value": "0.07015752792358398",
        "cumulative": false
    },
    {
        "date": "2020-12-08T10:59:52.213Z",
        "value": "0.06630373001098633",
        "cumulative": false
    },
    {
        "date": "2020-12-08T10:59:57.450Z",
        "value": "0.06495928764343262",
        "cumulative": false
    },
    {
        "date": "2020-12-08T11:00:02.687Z",
        "value": "0.06597065925598145",
        "cumulative": false
    },
    {
        "date": "2020-12-08T11:00:07.904Z",
        "value": "0.06429791450500488",
        "cumulative": false
    },
    {
        "date": "2020-12-08T11:00:13.160Z",
        "value": "0.06675434112548828",
        "cumulative": false
    },
    {
        "date": "2020-12-08T11:00:18.410Z",
        "value": "0.06894993782043457",
        "cumulative": false
    },
    {
        "date": "2020-12-08T11:00:23.647Z",
        "value": "0.0666658878326416",
        "cumulative": false
    },
    {
        "date": "2020-12-08T11:00:28.890Z",
        "value": "0.06754708290100098",
        "cumulative": false
    },
    {
        "date": "2020-12-08T11:00:34.168Z",
        "value": "0.06775307655334473",
        "cumulative": false
    },
    {
        "date": "2020-12-08T11:00:39.418Z",
        "value": "0.06429910659790039",
        "cumulative": false
    },
    {
        "date": "2020-12-08T11:00:44.664Z",
        "value": "0.06489777565002441",
        "cumulative": false
    }
]