[
    {
        "date": "2020-12-08T10:59:21.072Z",
        "value": "0.05766797065734863",
        "cumulative": false
    },
    {
        "date": "2020-12-08T10:59:26.258Z",
        "value": "0.06051898002624512",
        "cumulative": false
    },
    {
        "date": "2020-12-08T10:59:31.447Z",
        "value": "0.05860090255737305",
        "cumulative": false
    },
    {
        "date": "2020-12-08T10:59:36.612Z",
        "value": "0.05695343017578125",
        "cumulative": false
    },
    {
        "date": "2020-12-08T10:59:41.789Z",
        "value": "0.05574989318847656",
        "cumulative": false
    },
    {
        "date": "2020-12-08T10:59:47.028Z",
        "value": "0.06016874313354492",
        "cumulative": false
    },
    {
        "date": "2020-12-08T10:59:52.211Z",
        "value": "0.0598297119140625",
        "cumulative": false
    },
    {
        "date": "2020-12-08T10:59:57.444Z",
        "value": "0.062329769134521484",
        "cumulative": false
    },
    {
        "date": "2020-12-08T11:00:02.689Z",
        "value": "0.05845355987548828",
        "cumulative": false
    },
    {
        "date": "2020-12-08T11:00:07.912Z",
        "value": "0.06135845184326172",
        "cumulative": false
    },
    {
        "date": "2020-12-08T11:00:13.161Z",
        "value": "0.06528568267822266",
        "cumulative": false
    },
    {
        "date": "2020-12-08T11:00:18.415Z",
        "value": "0.06227612495422363",
        "cumulative": false
    },
    {
        "date": "2020-12-08T11:00:23.649Z",
        "value": "0.05985689163208008",
        "cumulative": false
    },
    {
        "date": "2020-12-08T11:00:28.903Z",
        "value": "0.05943584442138672",
        "cumulative": false
    },
    {
        "date": "2020-12-08T11:00:34.169Z",
        "value": "0.06381011009216309",
        "cumulative": false
    },
    {
        "date": "2020-12-08T11:00:39.421Z",
        "value": "0.06464886665344238",
        "cumulative": false
    },
    {
        "date": "2020-12-08T11:00:44.664Z",
        "value": "0.06186676025390625",
        "cumulative": false
    }
]