[
    {
        "date": "2020-12-08T10:59:21.070Z",
        "value": "3.12900972366333",
        "cumulative": false
    },
    {
        "date": "2020-12-08T10:59:26.259Z",
        "value": "0.9631340503692627",
        "cumulative": false
    },
    {
        "date": "2020-12-08T10:59:31.449Z",
        "value": "0.9012186527252197",
        "cumulative": false
    },
    {
        "date": "2020-12-08T10:59:36.613Z",
        "value": "0.9074561595916748",
        "cumulative": false
    },
    {
        "date": "2020-12-08T10:59:41.789Z",
        "value": "0.9363079071044922",
        "cumulative": false
    },
    {
        "date": "2020-12-08T10:59:47.027Z",
        "value": "0.9874556064605713",
        "cumulative": false
    },
    {
        "date": "2020-12-08T10:59:52.213Z",
        "value": "0.9619705677032471",
        "cumulative": false
    },
    {
        "date": "2020-12-08T10:59:57.450Z",
        "value": "0.97719407081604",
        "cumulative": false
    },
    {
        "date": "2020-12-08T11:00:02.687Z",
        "value": "0.9520175457000732",
        "cumulative": false
    },
    {
        "date": "2020-12-08T11:00:07.903Z",
        "value": "0.930593729019165",
        "cumulative": false
    },
    {
        "date": "2020-12-08T11:00:13.160Z",
        "value": "0.971306562423706",
        "cumulative": false
    },
    {
        "date": "2020-12-08T11:00:18.410Z",
        "value": "0.9659504890441895",
        "cumulative": false
    },
    {
        "date": "2020-12-08T11:00:23.647Z",
        "value": "0.9684388637542725",
        "cumulative": false
    },
    {
        "date": "2020-12-08T11:00:28.890Z",
        "value": "0.9884302616119385",
        "cumulative": false
    },
    {
        "date": "2020-12-08T11:00:34.168Z",
        "value": "0.9488050937652588",
        "cumulative": false
    },
    {
        "date": "2020-12-08T11:00:39.418Z",
        "value": "0.963759183883667",
        "cumulative": false
    },
    {
        "date": "2020-12-08T11:00:44.664Z",
        "value": "0.9582352638244629",
        "cumulative": false
    }
]