[
    {
        "date": "2020-12-08T10:59:16.554Z",
        "value": "7.03125",
        "cumulative": false
    },
    {
        "date": "2020-12-08T10:59:17.794Z",
        "value": "28.125",
        "cumulative": false
    },
    {
        "date": "2020-12-08T10:59:18.971Z",
        "value": "43.75",
        "cumulative": false
    },
    {
        "date": "2020-12-08T10:59:20.090Z",
        "value": "51.5625",
        "cumulative": false
    },
    {
        "date": "2020-12-08T10:59:21.825Z",
        "value": "43.75",
        "cumulative": false
    },
    {
        "date": "2020-12-08T10:59:23.001Z",
        "value": "57.03125",
        "cumulative": false
    },
    {
        "date": "2020-12-08T10:59:24.139Z",
        "value": "48.4375",
        "cumulative": false
    },
    {
        "date": "2020-12-08T10:59:25.259Z",
        "value": "56.25",
        "cumulative": false
    },
    {
        "date": "2020-12-08T10:59:27.018Z",
        "value": "64.84375",
        "cumulative": false
    },
    {
        "date": "2020-12-08T10:59:28.175Z",
        "value": "65.625",
        "cumulative": false
    },
    {
        "date": "2020-12-08T10:59:29.315Z",
        "value": "58.59375",
        "cumulative": false
    },
    {
        "date": "2020-12-08T10:59:30.446Z",
        "value": "67.96875",
        "cumulative": false
    },
    {
        "date": "2020-12-08T10:59:32.205Z",
        "value": "69.53125",
        "cumulative": false
    },
    {
        "date": "2020-12-08T10:59:33.372Z",
        "value": "69.53125",
        "cumulative": false
    },
    {
        "date": "2020-12-08T10:59:34.503Z",
        "value": "71.09375",
        "cumulative": false
    },
    {
        "date": "2020-12-08T10:59:35.618Z",
        "value": "71.09375",
        "cumulative": false
    },
    {
        "date": "2020-12-08T10:59:37.366Z",
        "value": "63.28125",
        "cumulative": false
    },
    {
        "date": "2020-12-08T10:59:38.514Z",
        "value": "74.21875",
        "cumulative": false
    },
    {
        "date": "2020-12-08T10:59:39.640Z",
        "value": "75.0",
        "cumulative": false
    },
    {
        "date": "2020-12-08T10:59:40.779Z",
        "value": "72.65625",
        "cumulative": false
    },
    {
        "date": "2020-12-08T10:59:42.550Z",
        "value": "82.03125",
        "cumulative": false
    },
    {
        "date": "2020-12-08T10:59:43.715Z",
        "value": "78.90625",
        "cumulative": false
    },
    {
        "date": "2020-12-08T10:59:44.887Z",
        "value": "78.90625",
        "cumulative": false
    },
    {
        "date": "2020-12-08T10:59:46.006Z",
        "value": "77.34375",
        "cumulative": false
    },
    {
        "date": "2020-12-08T10:59:47.773Z",
        "value": "80.46875",
        "cumulative": false
    },
    {
        "date": "2020-12-08T10:59:48.927Z",
        "value": "78.125",
        "cumulative": false
    },
    {
        "date": "2020-12-08T10:59:50.070Z",
        "value": "69.53125",
        "cumulative": false
    },
    {
        "date": "2020-12-08T10:59:51.195Z",
        "value": "77.34375",
        "cumulative": false
    },
    {
        "date": "2020-12-08T10:59:52.974Z",
        "value": "75.78125",
        "cumulative": false
    },
    {
        "date": "2020-12-08T10:59:54.131Z",
        "value": "76.5625",
        "cumulative": false
    },
    {
        "date": "2020-12-08T10:59:55.296Z",
        "value": "78.125",
        "cumulative": false
    },
    {
        "date": "2020-12-08T10:59:56.432Z",
        "value": "80.46875",
        "cumulative": false
    },
    {
        "date": "2020-12-08T10:59:58.208Z",
        "value": "83.59375",
        "cumulative": false
    },
    {
        "date": "2020-12-08T10:59:59.356Z",
        "value": "83.59375",
        "cumulative": false
    },
    {
        "date": "2020-12-08T11:00:00.520Z",
        "value": "78.125",
        "cumulative": false
    },
    {
        "date": "2020-12-08T11:00:01.667Z",
        "value": "78.90625",
        "cumulative": false
    },
    {
        "date": "2020-12-08T11:00:03.420Z",
        "value": "84.375",
        "cumulative": false
    },
    {
        "date": "2020-12-08T11:00:04.573Z",
        "value": "87.5",
        "cumulative": false
    },
    {
        "date": "2020-12-08T11:00:05.736Z",
        "value": "78.125",
        "cumulative": false
    },
    {
        "date": "2020-12-08T11:00:06.886Z",
        "value": "76.5625",
        "cumulative": false
    },
    {
        "date": "2020-12-08T11:00:08.679Z",
        "value": "82.8125",
        "cumulative": false
    },
    {
        "date": "2020-12-08T11:00:09.848Z",
        "value": "83.59375",
        "cumulative": false
    },
    {
        "date": "2020-12-08T11:00:10.989Z",
        "value": "79.6875",
        "cumulative": false
    },
    {
        "date": "2020-12-08T11:00:12.138Z",
        "value": "86.71875",
        "cumulative": false
    },
    {
        "date": "2020-12-08T11:00:13.918Z",
        "value": "78.90625",
        "cumulative": false
    },
    {
        "date": "2020-12-08T11:00:15.098Z",
        "value": "77.34375",
        "cumulative": false
    },
    {
        "date": "2020-12-08T11:00:16.251Z",
        "value": "82.03125",
        "cumulative": false
    },
    {
        "date": "2020-12-08T11:00:17.389Z",
        "value": "82.8125",
        "cumulative": false
    },
    {
        "date": "2020-12-08T11:00:19.167Z",
        "value": "83.59375",
        "cumulative": false
    },
    {
        "date": "2020-12-08T11:00:20.349Z",
        "value": "82.8125",
        "cumulative": false
    },
    {
        "date": "2020-12-08T11:00:21.483Z",
        "value": "89.0625",
        "cumulative": false
    },
    {
        "date": "2020-12-08T11:00:22.627Z",
        "value": "83.59375",
        "cumulative": false
    },
    {
        "date": "2020-12-08T11:00:24.397Z",
        "value": "89.84375",
        "cumulative": false
    },
    {
        "date": "2020-12-08T11:00:25.544Z",
        "value": "90.625",
        "cumulative": false
    },
    {
        "date": "2020-12-08T11:00:26.713Z",
        "value": "83.59375",
        "cumulative": false
    },
    {
        "date": "2020-12-08T11:00:27.851Z",
        "value": "83.59375",
        "cumulative": false
    },
    {
        "date": "2020-12-08T11:00:29.646Z",
        "value": "81.25",
        "cumulative": false
    },
    {
        "date": "2020-12-08T11:00:30.834Z",
        "value": "85.15625",
        "cumulative": false
    },
    {
        "date": "2020-12-08T11:00:32.001Z",
        "value": "84.375",
        "cumulative": false
    },
    {
        "date": "2020-12-08T11:00:33.147Z",
        "value": "82.8125",
        "cumulative": false
    },
    {
        "date": "2020-12-08T11:00:34.930Z",
        "value": "87.5",
        "cumulative": false
    },
    {
        "date": "2020-12-08T11:00:36.092Z",
        "value": "89.0625",
        "cumulative": false
    },
    {
        "date": "2020-12-08T11:00:37.250Z",
        "value": "89.0625",
        "cumulative": false
    },
    {
        "date": "2020-12-08T11:00:38.391Z",
        "value": "85.9375",
        "cumulative": false
    },
    {
        "date": "2020-12-08T11:00:40.178Z",
        "value": "85.15625",
        "cumulative": false
    },
    {
        "date": "2020-12-08T11:00:41.371Z",
        "value": "83.59375",
        "cumulative": false
    },
    {
        "date": "2020-12-08T11:00:42.515Z",
        "value": "82.03125",
        "cumulative": false
    },
    {
        "date": "2020-12-08T11:00:43.654Z",
        "value": "89.84375",
        "cumulative": false
    }
]