[
    {
        "date": "2020-12-08T10:59:16.548Z",
        "value": "2.46915602684021",
        "cumulative": false
    },
    {
        "date": "2020-12-08T10:59:17.786Z",
        "value": "1.8518543243408203",
        "cumulative": false
    },
    {
        "date": "2020-12-08T10:59:18.967Z",
        "value": "1.823480486869812",
        "cumulative": false
    },
    {
        "date": "2020-12-08T10:59:20.083Z",
        "value": "1.4777719974517822",
        "cumulative": false
    },
    {
        "date": "2020-12-08T10:59:21.825Z",
        "value": "1.5126912593841553",
        "cumulative": false
    },
    {
        "date": "2020-12-08T10:59:22.997Z",
        "value": "1.348105549812317",
        "cumulative": false
    },
    {
        "date": "2020-12-08T10:59:24.131Z",
        "value": "1.374800205230713",
        "cumulative": false
    },
    {
        "date": "2020-12-08T10:59:25.254Z",
        "value": "1.2741001844406128",
        "cumulative": false
    },
    {
        "date": "2020-12-08T10:59:27.008Z",
        "value": "1.1569336652755737",
        "cumulative": false
    },
    {
        "date": "2020-12-08T10:59:28.174Z",
        "value": "1.0329911708831787",
        "cumulative": false
    },
    {
        "date": "2020-12-08T10:59:29.311Z",
        "value": "0.9567673802375793",
        "cumulative": false
    },
    {
        "date": "2020-12-08T10:59:30.442Z",
        "value": "1.07400381565094",
        "cumulative": false
    },
    {
        "date": "2020-12-08T10:59:32.200Z",
        "value": "0.9255141019821167",
        "cumulative": false
    },
    {
        "date": "2020-12-08T10:59:33.368Z",
        "value": "0.7047029137611389",
        "cumulative": false
    },
    {
        "date": "2020-12-08T10:59:34.498Z",
        "value": "0.7541657090187073",
        "cumulative": false
    },
    {
        "date": "2020-12-08T10:59:35.615Z",
        "value": "0.8351327776908875",
        "cumulative": false
    },
    {
        "date": "2020-12-08T10:59:37.357Z",
        "value": "0.6091815233230591",
        "cumulative": false
    },
    {
        "date": "2020-12-08T10:59:38.514Z",
        "value": "0.842007040977478",
        "cumulative": false
    },
    {
        "date": "2020-12-08T10:59:39.635Z",
        "value": "0.7120190858840942",
        "cumulative": false
    },
    {
        "date": "2020-12-08T10:59:40.779Z",
        "value": "0.7861763834953308",
        "cumulative": false
    },
    {
        "date": "2020-12-08T10:59:42.551Z",
        "value": "0.7571447491645813",
        "cumulative": false
    },
    {
        "date": "2020-12-08T10:59:43.712Z",
        "value": "0.7471054196357727",
        "cumulative": false
    },
    {
        "date": "2020-12-08T10:59:44.883Z",
        "value": "0.5831152200698853",
        "cumulative": false
    },
    {
        "date": "2020-12-08T10:59:46.002Z",
        "value": "0.5988236665725708",
        "cumulative": false
    },
    {
        "date": "2020-12-08T10:59:47.773Z",
        "value": "0.6707696318626404",
        "cumulative": false
    },
    {
        "date": "2020-12-08T10:59:48.922Z",
        "value": "0.6703813076019287",
        "cumulative": false
    },
    {
        "date": "2020-12-08T10:59:50.061Z",
        "value": "0.5592826008796692",
        "cumulative": false
    },
    {
        "date": "2020-12-08T10:59:51.190Z",
        "value": "0.52616947889328",
        "cumulative": false
    },
    {
        "date": "2020-12-08T10:59:52.970Z",
        "value": "0.6355915665626526",
        "cumulative": false
    },
    {
        "date": "2020-12-08T10:59:54.130Z",
        "value": "0.5772415399551392",
        "cumulative": false
    },
    {
        "date": "2020-12-08T10:59:55.292Z",
        "value": "0.558506965637207",
        "cumulative": false
    },
    {
        "date": "2020-12-08T10:59:56.428Z",
        "value": "0.7385765910148621",
        "cumulative": false
    },
    {
        "date": "2020-12-08T10:59:58.208Z",
        "value": "0.6070945858955383",
        "cumulative": false
    },
    {
        "date": "2020-12-08T10:59:59.351Z",
        "value": "0.4682820439338684",
        "cumulative": false
    },
    {
        "date": "2020-12-08T11:00:00.518Z",
        "value": "0.49509745836257935",
        "cumulative": false
    },
    {
        "date": "2020-12-08T11:00:01.665Z",
        "value": "0.6489412188529968",
        "cumulative": false
    },
    {
        "date": "2020-12-08T11:00:03.412Z",
        "value": "0.5399096012115479",
        "cumulative": false
    },
    {
        "date": "2020-12-08T11:00:04.565Z",
        "value": "0.4578052759170532",
        "cumulative": false
    },
    {
        "date": "2020-12-08T11:00:05.732Z",
        "value": "0.3873140811920166",
        "cumulative": false
    },
    {
        "date": "2020-12-08T11:00:06.877Z",
        "value": "0.49186044931411743",
        "cumulative": false
    },
    {
        "date": "2020-12-08T11:00:08.669Z",
        "value": "0.4749201834201813",
        "cumulative": false
    },
    {
        "date": "2020-12-08T11:00:09.848Z",
        "value": "0.3615697920322418",
        "cumulative": false
    },
    {
        "date": "2020-12-08T11:00:10.989Z",
        "value": "0.40996232628822327",
        "cumulative": false
    },
    {
        "date": "2020-12-08T11:00:12.134Z",
        "value": "0.5341768264770508",
        "cumulative": false
    },
    {
        "date": "2020-12-08T11:00:13.925Z",
        "value": "0.3978835940361023",
        "cumulative": false
    },
    {
        "date": "2020-12-08T11:00:15.098Z",
        "value": "0.29466596245765686",
        "cumulative": false
    },
    {
        "date": "2020-12-08T11:00:16.242Z",
        "value": "0.45081883668899536",
        "cumulative": false
    },
    {
        "date": "2020-12-08T11:00:17.385Z",
        "value": "0.39717820286750793",
        "cumulative": false
    },
    {
        "date": "2020-12-08T11:00:19.162Z",
        "value": "0.4814479947090149",
        "cumulative": false
    },
    {
        "date": "2020-12-08T11:00:20.345Z",
        "value": "0.45050641894340515",
        "cumulative": false
    },
    {
        "date": "2020-12-08T11:00:21.478Z",
        "value": "0.5592132806777954",
        "cumulative": false
    },
    {
        "date": "2020-12-08T11:00:22.619Z",
        "value": "0.43630728125572205",
        "cumulative": false
    },
    {
        "date": "2020-12-08T11:00:24.397Z",
        "value": "0.48167684674263",
        "cumulative": false
    },
    {
        "date": "2020-12-08T11:00:25.543Z",
        "value": "0.3079935610294342",
        "cumulative": false
    },
    {
        "date": "2020-12-08T11:00:26.713Z",
        "value": "0.40915924310684204",
        "cumulative": false
    },
    {
        "date": "2020-12-08T11:00:27.847Z",
        "value": "0.5010070204734802",
        "cumulative": false
    },
    {
        "date": "2020-12-08T11:00:29.639Z",
        "value": "0.45690831542015076",
        "cumulative": false
    },
    {
        "date": "2020-12-08T11:00:30.833Z",
        "value": "0.47877731919288635",
        "cumulative": false
    },
    {
        "date": "2020-12-08T11:00:31.997Z",
        "value": "0.3351229429244995",
        "cumulative": false
    },
    {
        "date": "2020-12-08T11:00:33.146Z",
        "value": "0.3697485327720642",
        "cumulative": false
    },
    {
        "date": "2020-12-08T11:00:34.925Z",
        "value": "0.4105459749698639",
        "cumulative": false
    },
    {
        "date": "2020-12-08T11:00:36.086Z",
        "value": "0.37028971314430237",
        "cumulative": false
    },
    {
        "date": "2020-12-08T11:00:37.244Z",
        "value": "0.4746330976486206",
        "cumulative": false
    },
    {
        "date": "2020-12-08T11:00:38.387Z",
        "value": "0.4910573363304138",
        "cumulative": false
    },
    {
        "date": "2020-12-08T11:00:40.171Z",
        "value": "0.4476940631866455",
        "cumulative": false
    },
    {
        "date": "2020-12-08T11:00:41.367Z",
        "value": "0.4293251037597656",
        "cumulative": false
    },
    {
        "date": "2020-12-08T11:00:42.513Z",
        "value": "0.33173438906669617",
        "cumulative": false
    },
    {
        "date": "2020-12-08T11:00:43.651Z",
        "value": "0.4089564383029938",
        "cumulative": false
    }
]