[
    {
        "date": "2020-12-08T10:59:16.553Z",
        "value": "43.75",
        "cumulative": false
    },
    {
        "date": "2020-12-08T10:59:17.793Z",
        "value": "85.15625",
        "cumulative": false
    },
    {
        "date": "2020-12-08T10:59:18.970Z",
        "value": "81.25",
        "cumulative": false
    },
    {
        "date": "2020-12-08T10:59:20.085Z",
        "value": "92.1875",
        "cumulative": false
    },
    {
        "date": "2020-12-08T10:59:21.823Z",
        "value": "92.96875",
        "cumulative": false
    },
    {
        "date": "2020-12-08T10:59:23.004Z",
        "value": "91.40625",
        "cumulative": false
    },
    {
        "date": "2020-12-08T10:59:24.134Z",
        "value": "96.09375",
        "cumulative": false
    },
    {
        "date": "2020-12-08T10:59:25.260Z",
        "value": "96.875",
        "cumulative": false
    },
    {
        "date": "2020-12-08T10:59:27.015Z",
        "value": "96.09375",
        "cumulative": false
    },
    {
        "date": "2020-12-08T10:59:28.172Z",
        "value": "98.4375",
        "cumulative": false
    },
    {
        "date": "2020-12-08T10:59:29.314Z",
        "value": "96.09375",
        "cumulative": false
    },
    {
        "date": "2020-12-08T10:59:30.445Z",
        "value": "99.21875",
        "cumulative": false
    },
    {
        "date": "2020-12-08T10:59:32.207Z",
        "value": "97.65625",
        "cumulative": false
    },
    {
        "date": "2020-12-08T10:59:33.371Z",
        "value": "96.09375",
        "cumulative": false
    },
    {
        "date": "2020-12-08T10:59:34.501Z",
        "value": "96.09375",
        "cumulative": false
    },
    {
        "date": "2020-12-08T10:59:35.620Z",
        "value": "97.65625",
        "cumulative": false
    },
    {
        "date": "2020-12-08T10:59:37.366Z",
        "value": "98.4375",
        "cumulative": false
    },
    {
        "date": "2020-12-08T10:59:38.517Z",
        "value": "100.0",
        "cumulative": false
    },
    {
        "date": "2020-12-08T10:59:39.639Z",
        "value": "96.875",
        "cumulative": false
    },
    {
        "date": "2020-12-08T10:59:40.778Z",
        "value": "97.65625",
        "cumulative": false
    },
    {
        "date": "2020-12-08T10:59:42.555Z",
        "value": "97.65625",
        "cumulative": false
    },
    {
        "date": "2020-12-08T10:59:43.714Z",
        "value": "97.65625",
        "cumulative": false
    },
    {
        "date": "2020-12-08T10:59:44.886Z",
        "value": "97.65625",
        "cumulative": false
    },
    {
        "date": "2020-12-08T10:59:46.006Z",
        "value": "98.4375",
        "cumulative": false
    },
    {
        "date": "2020-12-08T10:59:47.776Z",
        "value": "100.0",
        "cumulative": false
    },
    {
        "date": "2020-12-08T10:59:48.929Z",
        "value": "98.4375",
        "cumulative": false
    },
    {
        "date": "2020-12-08T10:59:50.065Z",
        "value": "98.4375",
        "cumulative": false
    },
    {
        "date": "2020-12-08T10:59:51.193Z",
        "value": "97.65625",
        "cumulative": false
    },
    {
        "date": "2020-12-08T10:59:52.976Z",
        "value": "100.0",
        "cumulative": false
    },
    {
        "date": "2020-12-08T10:59:54.130Z",
        "value": "99.21875",
        "cumulative": false
    },
    {
        "date": "2020-12-08T10:59:55.298Z",
        "value": "100.0",
        "cumulative": false
    },
    {
        "date": "2020-12-08T10:59:56.431Z",
        "value": "99.21875",
        "cumulative": false
    },
    {
        "date": "2020-12-08T10:59:58.213Z",
        "value": "95.3125",
        "cumulative": false
    },
    {
        "date": "2020-12-08T10:59:59.358Z",
        "value": "98.4375",
        "cumulative": false
    },
    {
        "date": "2020-12-08T11:00:00.518Z",
        "value": "99.21875",
        "cumulative": false
    },
    {
        "date": "2020-12-08T11:00:01.666Z",
        "value": "99.21875",
        "cumulative": false
    },
    {
        "date": "2020-12-08T11:00:03.416Z",
        "value": "97.65625",
        "cumulative": false
    },
    {
        "date": "2020-12-08T11:00:04.568Z",
        "value": "97.65625",
        "cumulative": false
    },
    {
        "date": "2020-12-08T11:00:05.739Z",
        "value": "97.65625",
        "cumulative": false
    },
    {
        "date": "2020-12-08T11:00:06.881Z",
        "value": "100.0",
        "cumulative": false
    },
    {
        "date": "2020-12-08T11:00:08.673Z",
        "value": "96.875",
        "cumulative": false
    },
    {
        "date": "2020-12-08T11:00:09.846Z",
        "value": "98.4375",
        "cumulative": false
    },
    {
        "date": "2020-12-08T11:00:10.988Z",
        "value": "99.21875",
        "cumulative": false
    },
    {
        "date": "2020-12-08T11:00:12.139Z",
        "value": "98.4375",
        "cumulative": false
    },
    {
        "date": "2020-12-08T11:00:13.921Z",
        "value": "100.0",
        "cumulative": false
    },
    {
        "date": "2020-12-08T11:00:15.101Z",
        "value": "100.0",
        "cumulative": false
    },
    {
        "date": "2020-12-08T11:00:16.249Z",
        "value": "99.21875",
        "cumulative": false
    },
    {
        "date": "2020-12-08T11:00:17.388Z",
        "value": "100.0",
        "cumulative": false
    },
    {
        "date": "2020-12-08T11:00:19.166Z",
        "value": "100.0",
        "cumulative": false
    },
    {
        "date": "2020-12-08T11:00:20.350Z",
        "value": "97.65625",
        "cumulative": false
    },
    {
        "date": "2020-12-08T11:00:21.481Z",
        "value": "98.4375",
        "cumulative": false
    },
    {
        "date": "2020-12-08T11:00:22.622Z",
        "value": "99.21875",
        "cumulative": false
    },
    {
        "date": "2020-12-08T11:00:24.398Z",
        "value": "99.21875",
        "cumulative": false
    },
    {
        "date": "2020-12-08T11:00:25.542Z",
        "value": "100.0",
        "cumulative": false
    },
    {
        "date": "2020-12-08T11:00:26.715Z",
        "value": "99.21875",
        "cumulative": false
    },
    {
        "date": "2020-12-08T11:00:27.853Z",
        "value": "98.4375",
        "cumulative": false
    },
    {
        "date": "2020-12-08T11:00:29.646Z",
        "value": "99.21875",
        "cumulative": false
    },
    {
        "date": "2020-12-08T11:00:30.833Z",
        "value": "99.21875",
        "cumulative": false
    },
    {
        "date": "2020-12-08T11:00:32.004Z",
        "value": "100.0",
        "cumulative": false
    },
    {
        "date": "2020-12-08T11:00:33.145Z",
        "value": "100.0",
        "cumulative": false
    },
    {
        "date": "2020-12-08T11:00:34.929Z",
        "value": "99.21875",
        "cumulative": false
    },
    {
        "date": "2020-12-08T11:00:36.095Z",
        "value": "100.0",
        "cumulative": false
    },
    {
        "date": "2020-12-08T11:00:37.245Z",
        "value": "100.0",
        "cumulative": false
    },
    {
        "date": "2020-12-08T11:00:38.387Z",
        "value": "99.21875",
        "cumulative": false
    },
    {
        "date": "2020-12-08T11:00:40.175Z",
        "value": "100.0",
        "cumulative": false
    },
    {
        "date": "2020-12-08T11:00:41.370Z",
        "value": "100.0",
        "cumulative": false
    },
    {
        "date": "2020-12-08T11:00:42.516Z",
        "value": "100.0",
        "cumulative": false
    },
    {
        "date": "2020-12-08T11:00:43.652Z",
        "value": "99.21875",
        "cumulative": false
    }
]