[
    {
        "date": "2020-12-08T10:59:21.072Z",
        "value": "6.66355562210083",
        "cumulative": false
    },
    {
        "date": "2020-12-08T10:59:26.258Z",
        "value": "4.355539560317993",
        "cumulative": false
    },
    {
        "date": "2020-12-08T10:59:31.447Z",
        "value": "4.351492643356323",
        "cumulative": false
    },
    {
        "date": "2020-12-08T10:59:36.612Z",
        "value": "4.328139781951904",
        "cumulative": false
    },
    {
        "date": "2020-12-08T10:59:41.789Z",
        "value": "4.3381617069244385",
        "cumulative": false
    },
    {
        "date": "2020-12-08T10:59:47.028Z",
        "value": "4.386794805526733",
        "cumulative": false
    },
    {
        "date": "2020-12-08T10:59:52.211Z",
        "value": "4.352405786514282",
        "cumulative": false
    },
    {
        "date": "2020-12-08T10:59:57.444Z",
        "value": "4.386270761489868",
        "cumulative": false
    },
    {
        "date": "2020-12-08T11:00:02.688Z",
        "value": "4.391921043395996",
        "cumulative": false
    },
    {
        "date": "2020-12-08T11:00:07.912Z",
        "value": "4.399505853652954",
        "cumulative": false
    },
    {
        "date": "2020-12-08T11:00:13.161Z",
        "value": "4.382034063339233",
        "cumulative": false
    },
    {
        "date": "2020-12-08T11:00:18.415Z",
        "value": "4.40056848526001",
        "cumulative": false
    },
    {
        "date": "2020-12-08T11:00:23.649Z",
        "value": "4.38649582862854",
        "cumulative": false
    },
    {
        "date": "2020-12-08T11:00:28.903Z",
        "value": "4.401831865310669",
        "cumulative": false
    },
    {
        "date": "2020-12-08T11:00:34.169Z",
        "value": "4.431348085403442",
        "cumulative": false
    },
    {
        "date": "2020-12-08T11:00:39.420Z",
        "value": "4.386716842651367",
        "cumulative": false
    },
    {
        "date": "2020-12-08T11:00:44.663Z",
        "value": "4.409018516540527",
        "cumulative": false
    }
]