[
    {
        "date": "2020-12-08T10:59:21.072Z",
        "value": "0.018788814544677734",
        "cumulative": false
    },
    {
        "date": "2020-12-08T10:59:26.258Z",
        "value": "0.018967390060424805",
        "cumulative": false
    },
    {
        "date": "2020-12-08T10:59:31.447Z",
        "value": "0.018283843994140625",
        "cumulative": false
    },
    {
        "date": "2020-12-08T10:59:36.612Z",
        "value": "0.01819753646850586",
        "cumulative": false
    },
    {
        "date": "2020-12-08T10:59:41.789Z",
        "value": "0.018814802169799805",
        "cumulative": false
    },
    {
        "date": "2020-12-08T10:59:47.028Z",
        "value": "0.018266677856445312",
        "cumulative": false
    },
    {
        "date": "2020-12-08T10:59:52.211Z",
        "value": "0.01899099349975586",
        "cumulative": false
    },
    {
        "date": "2020-12-08T10:59:57.444Z",
        "value": "0.020197391510009766",
        "cumulative": false
    },
    {
        "date": "2020-12-08T11:00:02.689Z",
        "value": "0.01909661293029785",
        "cumulative": false
    },
    {
        "date": "2020-12-08T11:00:07.912Z",
        "value": "0.02081131935119629",
        "cumulative": false
    },
    {
        "date": "2020-12-08T11:00:13.161Z",
        "value": "0.020122289657592773",
        "cumulative": false
    },
    {
        "date": "2020-12-08T11:00:18.415Z",
        "value": "0.020871877670288086",
        "cumulative": false
    },
    {
        "date": "2020-12-08T11:00:23.649Z",
        "value": "0.019533395767211914",
        "cumulative": false
    },
    {
        "date": "2020-12-08T11:00:28.903Z",
        "value": "0.020458221435546875",
        "cumulative": false
    },
    {
        "date": "2020-12-08T11:00:34.169Z",
        "value": "0.020248889923095703",
        "cumulative": false
    },
    {
        "date": "2020-12-08T11:00:39.420Z",
        "value": "0.020340681076049805",
        "cumulative": false
    },
    {
        "date": "2020-12-08T11:00:44.664Z",
        "value": "0.02028489112854004",
        "cumulative": false
    }
]