[
    {
        "date": "2020-12-08T10:59:16.552Z",
        "value": "7.03125",
        "cumulative": false
    },
    {
        "date": "2020-12-08T10:59:17.791Z",
        "value": "33.59375",
        "cumulative": false
    },
    {
        "date": "2020-12-08T10:59:18.970Z",
        "value": "39.0625",
        "cumulative": false
    },
    {
        "date": "2020-12-08T10:59:20.085Z",
        "value": "47.65625",
        "cumulative": false
    },
    {
        "date": "2020-12-08T10:59:21.823Z",
        "value": "43.75",
        "cumulative": false
    },
    {
        "date": "2020-12-08T10:59:23.004Z",
        "value": "50.0",
        "cumulative": false
    },
    {
        "date": "2020-12-08T10:59:24.134Z",
        "value": "60.9375",
        "cumulative": false
    },
    {
        "date": "2020-12-08T10:59:25.260Z",
        "value": "64.84375",
        "cumulative": false
    },
    {
        "date": "2020-12-08T10:59:27.015Z",
        "value": "72.65625",
        "cumulative": false
    },
    {
        "date": "2020-12-08T10:59:28.172Z",
        "value": "63.28125",
        "cumulative": false
    },
    {
        "date": "2020-12-08T10:59:29.314Z",
        "value": "70.3125",
        "cumulative": false
    },
    {
        "date": "2020-12-08T10:59:30.445Z",
        "value": "64.84375",
        "cumulative": false
    },
    {
        "date": "2020-12-08T10:59:32.207Z",
        "value": "68.75",
        "cumulative": false
    },
    {
        "date": "2020-12-08T10:59:33.371Z",
        "value": "64.0625",
        "cumulative": false
    },
    {
        "date": "2020-12-08T10:59:34.501Z",
        "value": "60.15625",
        "cumulative": false
    },
    {
        "date": "2020-12-08T10:59:35.620Z",
        "value": "77.34375",
        "cumulative": false
    },
    {
        "date": "2020-12-08T10:59:37.366Z",
        "value": "76.5625",
        "cumulative": false
    },
    {
        "date": "2020-12-08T10:59:38.517Z",
        "value": "75.78125",
        "cumulative": false
    },
    {
        "date": "2020-12-08T10:59:39.639Z",
        "value": "71.875",
        "cumulative": false
    },
    {
        "date": "2020-12-08T10:59:40.778Z",
        "value": "74.21875",
        "cumulative": false
    },
    {
        "date": "2020-12-08T10:59:42.555Z",
        "value": "75.0",
        "cumulative": false
    },
    {
        "date": "2020-12-08T10:59:43.714Z",
        "value": "71.875",
        "cumulative": false
    },
    {
        "date": "2020-12-08T10:59:44.886Z",
        "value": "79.6875",
        "cumulative": false
    },
    {
        "date": "2020-12-08T10:59:46.006Z",
        "value": "74.21875",
        "cumulative": false
    },
    {
        "date": "2020-12-08T10:59:47.776Z",
        "value": "75.78125",
        "cumulative": false
    },
    {
        "date": "2020-12-08T10:59:48.929Z",
        "value": "74.21875",
        "cumulative": false
    },
    {
        "date": "2020-12-08T10:59:50.065Z",
        "value": "81.25",
        "cumulative": false
    },
    {
        "date": "2020-12-08T10:59:51.193Z",
        "value": "77.34375",
        "cumulative": false
    },
    {
        "date": "2020-12-08T10:59:52.976Z",
        "value": "78.90625",
        "cumulative": false
    },
    {
        "date": "2020-12-08T10:59:54.130Z",
        "value": "77.34375",
        "cumulative": false
    },
    {
        "date": "2020-12-08T10:59:55.298Z",
        "value": "75.78125",
        "cumulative": false
    },
    {
        "date": "2020-12-08T10:59:56.431Z",
        "value": "72.65625",
        "cumulative": false
    },
    {
        "date": "2020-12-08T10:59:58.212Z",
        "value": "74.21875",
        "cumulative": false
    },
    {
        "date": "2020-12-08T10:59:59.358Z",
        "value": "81.25",
        "cumulative": false
    },
    {
        "date": "2020-12-08T11:00:00.518Z",
        "value": "82.8125",
        "cumulative": false
    },
    {
        "date": "2020-12-08T11:00:01.666Z",
        "value": "78.90625",
        "cumulative": false
    },
    {
        "date": "2020-12-08T11:00:03.416Z",
        "value": "78.90625",
        "cumulative": false
    },
    {
        "date": "2020-12-08T11:00:04.568Z",
        "value": "78.125",
        "cumulative": false
    },
    {
        "date": "2020-12-08T11:00:05.739Z",
        "value": "83.59375",
        "cumulative": false
    },
    {
        "date": "2020-12-08T11:00:06.881Z",
        "value": "85.9375",
        "cumulative": false
    },
    {
        "date": "2020-12-08T11:00:08.673Z",
        "value": "81.25",
        "cumulative": false
    },
    {
        "date": "2020-12-08T11:00:09.846Z",
        "value": "81.25",
        "cumulative": false
    },
    {
        "date": "2020-12-08T11:00:10.988Z",
        "value": "86.71875",
        "cumulative": false
    },
    {
        "date": "2020-12-08T11:00:12.139Z",
        "value": "78.90625",
        "cumulative": false
    },
    {
        "date": "2020-12-08T11:00:13.921Z",
        "value": "83.59375",
        "cumulative": false
    },
    {
        "date": "2020-12-08T11:00:15.101Z",
        "value": "82.03125",
        "cumulative": false
    },
    {
        "date": "2020-12-08T11:00:16.249Z",
        "value": "85.15625",
        "cumulative": false
    },
    {
        "date": "2020-12-08T11:00:17.388Z",
        "value": "85.15625",
        "cumulative": false
    },
    {
        "date": "2020-12-08T11:00:19.166Z",
        "value": "85.9375",
        "cumulative": false
    },
    {
        "date": "2020-12-08T11:00:20.350Z",
        "value": "85.9375",
        "cumulative": false
    },
    {
        "date": "2020-12-08T11:00:21.481Z",
        "value": "84.375",
        "cumulative": false
    },
    {
        "date": "2020-12-08T11:00:22.622Z",
        "value": "84.375",
        "cumulative": false
    },
    {
        "date": "2020-12-08T11:00:24.398Z",
        "value": "83.59375",
        "cumulative": false
    },
    {
        "date": "2020-12-08T11:00:25.542Z",
        "value": "77.34375",
        "cumulative": false
    },
    {
        "date": "2020-12-08T11:00:26.715Z",
        "value": "87.5",
        "cumulative": false
    },
    {
        "date": "2020-12-08T11:00:27.853Z",
        "value": "82.03125",
        "cumulative": false
    },
    {
        "date": "2020-12-08T11:00:29.646Z",
        "value": "84.375",
        "cumulative": false
    },
    {
        "date": "2020-12-08T11:00:30.833Z",
        "value": "85.9375",
        "cumulative": false
    },
    {
        "date": "2020-12-08T11:00:32.004Z",
        "value": "87.5",
        "cumulative": false
    },
    {
        "date": "2020-12-08T11:00:33.145Z",
        "value": "83.59375",
        "cumulative": false
    },
    {
        "date": "2020-12-08T11:00:34.929Z",
        "value": "82.03125",
        "cumulative": false
    },
    {
        "date": "2020-12-08T11:00:36.095Z",
        "value": "86.71875",
        "cumulative": false
    },
    {
        "date": "2020-12-08T11:00:37.245Z",
        "value": "87.5",
        "cumulative": false
    },
    {
        "date": "2020-12-08T11:00:38.387Z",
        "value": "89.84375",
        "cumulative": false
    },
    {
        "date": "2020-12-08T11:00:40.175Z",
        "value": "83.59375",
        "cumulative": false
    },
    {
        "date": "2020-12-08T11:00:41.370Z",
        "value": "90.625",
        "cumulative": false
    },
    {
        "date": "2020-12-08T11:00:42.516Z",
        "value": "88.28125",
        "cumulative": false
    },
    {
        "date": "2020-12-08T11:00:43.652Z",
        "value": "88.28125",
        "cumulative": false
    }
]