[
    {
        "date": "2020-12-08T10:59:21.073Z",
        "value": "3.333280563354492",
        "cumulative": false
    },
    {
        "date": "2020-12-08T10:59:26.256Z",
        "value": "1.1036078929901123",
        "cumulative": false
    },
    {
        "date": "2020-12-08T10:59:31.445Z",
        "value": "1.0729029178619385",
        "cumulative": false
    },
    {
        "date": "2020-12-08T10:59:36.611Z",
        "value": "1.0825002193450928",
        "cumulative": false
    },
    {
        "date": "2020-12-08T10:59:41.784Z",
        "value": "1.085787057876587",
        "cumulative": false
    },
    {
        "date": "2020-12-08T10:59:47.023Z",
        "value": "1.1220853328704834",
        "cumulative": false
    },
    {
        "date": "2020-12-08T10:59:52.207Z",
        "value": "1.0667386054992676",
        "cumulative": false
    },
    {
        "date": "2020-12-08T10:59:57.444Z",
        "value": "1.150472640991211",
        "cumulative": false
    },
    {
        "date": "2020-12-08T11:00:02.691Z",
        "value": "1.1340832710266113",
        "cumulative": false
    },
    {
        "date": "2020-12-08T11:00:07.902Z",
        "value": "1.116884708404541",
        "cumulative": false
    },
    {
        "date": "2020-12-08T11:00:13.159Z",
        "value": "1.1169474124908447",
        "cumulative": false
    },
    {
        "date": "2020-12-08T11:00:18.406Z",
        "value": "1.1120483875274658",
        "cumulative": false
    },
    {
        "date": "2020-12-08T11:00:23.660Z",
        "value": "1.123466968536377",
        "cumulative": false
    },
    {
        "date": "2020-12-08T11:00:28.893Z",
        "value": "1.1381099224090576",
        "cumulative": false
    },
    {
        "date": "2020-12-08T11:00:34.173Z",
        "value": "1.1591930389404297",
        "cumulative": false
    },
    {
        "date": "2020-12-08T11:00:39.413Z",
        "value": "1.1251378059387207",
        "cumulative": false
    },
    {
        "date": "2020-12-08T11:00:44.663Z",
        "value": "1.1274755001068115",
        "cumulative": false
    }
]