[
    {
        "date": "2020-12-08T10:59:21.081Z",
        "value": "0.00028824806213378906",
        "cumulative": false
    },
    {
        "date": "2020-12-08T10:59:26.261Z",
        "value": "0.00029659271240234375",
        "cumulative": false
    },
    {
        "date": "2020-12-08T10:59:31.456Z",
        "value": "0.0002796649932861328",
        "cumulative": false
    },
    {
        "date": "2020-12-08T10:59:36.611Z",
        "value": "0.0002765655517578125",
        "cumulative": false
    },
    {
        "date": "2020-12-08T10:59:41.786Z",
        "value": "0.0002608299255371094",
        "cumulative": false
    },
    {
        "date": "2020-12-08T10:59:47.031Z",
        "value": "0.0002903938293457031",
        "cumulative": false
    },
    {
        "date": "2020-12-08T10:59:52.216Z",
        "value": "0.0003178119659423828",
        "cumulative": false
    },
    {
        "date": "2020-12-08T10:59:57.454Z",
        "value": "0.0002582073211669922",
        "cumulative": false
    },
    {
        "date": "2020-12-08T11:00:02.695Z",
        "value": "0.0002849102020263672",
        "cumulative": false
    },
    {
        "date": "2020-12-08T11:00:07.900Z",
        "value": "0.00025153160095214844",
        "cumulative": false
    },
    {
        "date": "2020-12-08T11:00:13.162Z",
        "value": "0.0002722740173339844",
        "cumulative": false
    },
    {
        "date": "2020-12-08T11:00:18.412Z",
        "value": "0.00029540061950683594",
        "cumulative": false
    },
    {
        "date": "2020-12-08T11:00:23.652Z",
        "value": "0.00028228759765625",
        "cumulative": false
    },
    {
        "date": "2020-12-08T11:00:28.891Z",
        "value": "0.0003113746643066406",
        "cumulative": false
    },
    {
        "date": "2020-12-08T11:00:34.174Z",
        "value": "0.0002880096435546875",
        "cumulative": false
    },
    {
        "date": "2020-12-08T11:00:39.412Z",
        "value": "0.0002753734588623047",
        "cumulative": false
    },
    {
        "date": "2020-12-08T11:00:44.664Z",
        "value": "0.0002942085266113281",
        "cumulative": false
    }
]