[
    {
        "date": "2020-12-08T10:59:16.549Z",
        "value": "7.03125",
        "cumulative": false
    },
    {
        "date": "2020-12-08T10:59:17.786Z",
        "value": "29.6875",
        "cumulative": false
    },
    {
        "date": "2020-12-08T10:59:18.966Z",
        "value": "37.5",
        "cumulative": false
    },
    {
        "date": "2020-12-08T10:59:20.082Z",
        "value": "46.09375",
        "cumulative": false
    },
    {
        "date": "2020-12-08T10:59:21.825Z",
        "value": "46.875",
        "cumulative": false
    },
    {
        "date": "2020-12-08T10:59:22.997Z",
        "value": "54.6875",
        "cumulative": false
    },
    {
        "date": "2020-12-08T10:59:24.131Z",
        "value": "57.8125",
        "cumulative": false
    },
    {
        "date": "2020-12-08T10:59:25.255Z",
        "value": "57.8125",
        "cumulative": false
    },
    {
        "date": "2020-12-08T10:59:27.012Z",
        "value": "60.9375",
        "cumulative": false
    },
    {
        "date": "2020-12-08T10:59:28.170Z",
        "value": "59.375",
        "cumulative": false
    },
    {
        "date": "2020-12-08T10:59:29.311Z",
        "value": "71.09375",
        "cumulative": false
    },
    {
        "date": "2020-12-08T10:59:30.442Z",
        "value": "64.0625",
        "cumulative": false
    },
    {
        "date": "2020-12-08T10:59:32.200Z",
        "value": "71.875",
        "cumulative": false
    },
    {
        "date": "2020-12-08T10:59:33.364Z",
        "value": "64.84375",
        "cumulative": false
    },
    {
        "date": "2020-12-08T10:59:34.498Z",
        "value": "67.96875",
        "cumulative": false
    },
    {
        "date": "2020-12-08T10:59:35.615Z",
        "value": "72.65625",
        "cumulative": false
    },
    {
        "date": "2020-12-08T10:59:37.363Z",
        "value": "77.34375",
        "cumulative": false
    },
    {
        "date": "2020-12-08T10:59:38.510Z",
        "value": "72.65625",
        "cumulative": false
    },
    {
        "date": "2020-12-08T10:59:39.635Z",
        "value": "73.4375",
        "cumulative": false
    },
    {
        "date": "2020-12-08T10:59:40.775Z",
        "value": "71.09375",
        "cumulative": false
    },
    {
        "date": "2020-12-08T10:59:42.550Z",
        "value": "71.09375",
        "cumulative": false
    },
    {
        "date": "2020-12-08T10:59:43.715Z",
        "value": "70.3125",
        "cumulative": false
    },
    {
        "date": "2020-12-08T10:59:44.883Z",
        "value": "76.5625",
        "cumulative": false
    },
    {
        "date": "2020-12-08T10:59:45.998Z",
        "value": "74.21875",
        "cumulative": false
    },
    {
        "date": "2020-12-08T10:59:47.773Z",
        "value": "79.6875",
        "cumulative": false
    },
    {
        "date": "2020-12-08T10:59:48.923Z",
        "value": "78.125",
        "cumulative": false
    },
    {
        "date": "2020-12-08T10:59:50.065Z",
        "value": "77.34375",
        "cumulative": false
    },
    {
        "date": "2020-12-08T10:59:51.192Z",
        "value": "80.46875",
        "cumulative": false
    },
    {
        "date": "2020-12-08T10:59:52.973Z",
        "value": "82.8125",
        "cumulative": false
    },
    {
        "date": "2020-12-08T10:59:54.126Z",
        "value": "81.25",
        "cumulative": false
    },
    {
        "date": "2020-12-08T10:59:55.291Z",
        "value": "82.03125",
        "cumulative": false
    },
    {
        "date": "2020-12-08T10:59:56.432Z",
        "value": "83.59375",
        "cumulative": false
    },
    {
        "date": "2020-12-08T10:59:58.203Z",
        "value": "80.46875",
        "cumulative": false
    },
    {
        "date": "2020-12-08T10:59:59.352Z",
        "value": "75.78125",
        "cumulative": false
    },
    {
        "date": "2020-12-08T11:00:00.516Z",
        "value": "82.03125",
        "cumulative": false
    },
    {
        "date": "2020-12-08T11:00:01.663Z",
        "value": "76.5625",
        "cumulative": false
    },
    {
        "date": "2020-12-08T11:00:03.416Z",
        "value": "81.25",
        "cumulative": false
    },
    {
        "date": "2020-12-08T11:00:04.565Z",
        "value": "82.03125",
        "cumulative": false
    },
    {
        "date": "2020-12-08T11:00:05.734Z",
        "value": "85.9375",
        "cumulative": false
    },
    {
        "date": "2020-12-08T11:00:06.881Z",
        "value": "85.9375",
        "cumulative": false
    },
    {
        "date": "2020-12-08T11:00:08.669Z",
        "value": "79.6875",
        "cumulative": false
    },
    {
        "date": "2020-12-08T11:00:09.842Z",
        "value": "85.15625",
        "cumulative": false
    },
    {
        "date": "2020-12-08T11:00:10.989Z",
        "value": "87.5",
        "cumulative": false
    },
    {
        "date": "2020-12-08T11:00:12.133Z",
        "value": "79.6875",
        "cumulative": false
    },
    {
        "date": "2020-12-08T11:00:13.918Z",
        "value": "87.5",
        "cumulative": false
    },
    {
        "date": "2020-12-08T11:00:15.094Z",
        "value": "76.5625",
        "cumulative": false
    },
    {
        "date": "2020-12-08T11:00:16.246Z",
        "value": "83.59375",
        "cumulative": false
    },
    {
        "date": "2020-12-08T11:00:17.384Z",
        "value": "85.15625",
        "cumulative": false
    },
    {
        "date": "2020-12-08T11:00:19.163Z",
        "value": "82.8125",
        "cumulative": false
    },
    {
        "date": "2020-12-08T11:00:20.348Z",
        "value": "88.28125",
        "cumulative": false
    },
    {
        "date": "2020-12-08T11:00:21.478Z",
        "value": "85.9375",
        "cumulative": false
    },
    {
        "date": "2020-12-08T11:00:22.623Z",
        "value": "83.59375",
        "cumulative": false
    },
    {
        "date": "2020-12-08T11:00:24.395Z",
        "value": "86.71875",
        "cumulative": false
    },
    {
        "date": "2020-12-08T11:00:25.543Z",
        "value": "78.90625",
        "cumulative": false
    },
    {
        "date": "2020-12-08T11:00:26.708Z",
        "value": "85.15625",
        "cumulative": false
    },
    {
        "date": "2020-12-08T11:00:27.850Z",
        "value": "82.8125",
        "cumulative": false
    },
    {
        "date": "2020-12-08T11:00:29.638Z",
        "value": "85.9375",
        "cumulative": false
    },
    {
        "date": "2020-12-08T11:00:30.833Z",
        "value": "89.84375",
        "cumulative": false
    },
    {
        "date": "2020-12-08T11:00:32.001Z",
        "value": "83.59375",
        "cumulative": false
    },
    {
        "date": "2020-12-08T11:00:33.142Z",
        "value": "86.71875",
        "cumulative": false
    },
    {
        "date": "2020-12-08T11:00:34.925Z",
        "value": "88.28125",
        "cumulative": false
    },
    {
        "date": "2020-12-08T11:00:36.086Z",
        "value": "86.71875",
        "cumulative": false
    },
    {
        "date": "2020-12-08T11:00:37.246Z",
        "value": "89.0625",
        "cumulative": false
    },
    {
        "date": "2020-12-08T11:00:38.385Z",
        "value": "85.9375",
        "cumulative": false
    },
    {
        "date": "2020-12-08T11:00:40.171Z",
        "value": "89.0625",
        "cumulative": false
    },
    {
        "date": "2020-12-08T11:00:41.371Z",
        "value": "85.9375",
        "cumulative": false
    },
    {
        "date": "2020-12-08T11:00:42.511Z",
        "value": "85.9375",
        "cumulative": false
    },
    {
        "date": "2020-12-08T11:00:43.653Z",
        "value": "84.375",
        "cumulative": false
    }
]