[
    {
        "date": "2020-12-08T10:59:21.072Z",
        "value": "0.0002067089080810547",
        "cumulative": false
    },
    {
        "date": "2020-12-08T10:59:26.258Z",
        "value": "0.0002465248107910156",
        "cumulative": false
    },
    {
        "date": "2020-12-08T10:59:31.448Z",
        "value": "0.00020956993103027344",
        "cumulative": false
    },
    {
        "date": "2020-12-08T10:59:36.612Z",
        "value": "0.00023317337036132812",
        "cumulative": false
    },
    {
        "date": "2020-12-08T10:59:41.789Z",
        "value": "0.00020575523376464844",
        "cumulative": false
    },
    {
        "date": "2020-12-08T10:59:47.028Z",
        "value": "0.00022077560424804688",
        "cumulative": false
    },
    {
        "date": "2020-12-08T10:59:52.211Z",
        "value": "0.0002334117889404297",
        "cumulative": false
    },
    {
        "date": "2020-12-08T10:59:57.444Z",
        "value": "0.0002613067626953125",
        "cumulative": false
    },
    {
        "date": "2020-12-08T11:00:02.689Z",
        "value": "0.00024199485778808594",
        "cumulative": false
    },
    {
        "date": "2020-12-08T11:00:07.912Z",
        "value": "0.0002574920654296875",
        "cumulative": false
    },
    {
        "date": "2020-12-08T11:00:13.161Z",
        "value": "0.0002777576446533203",
        "cumulative": false
    },
    {
        "date": "2020-12-08T11:00:18.415Z",
        "value": "0.000247955322265625",
        "cumulative": false
    },
    {
        "date": "2020-12-08T11:00:23.649Z",
        "value": "0.0002593994140625",
        "cumulative": false
    },
    {
        "date": "2020-12-08T11:00:28.903Z",
        "value": "0.000244140625",
        "cumulative": false
    },
    {
        "date": "2020-12-08T11:00:34.169Z",
        "value": "0.0002598762512207031",
        "cumulative": false
    },
    {
        "date": "2020-12-08T11:00:39.421Z",
        "value": "0.0002872943878173828",
        "cumulative": false
    },
    {
        "date": "2020-12-08T11:00:44.664Z",
        "value": "0.00025725364685058594",
        "cumulative": false
    }
]