[
    {
        "date": "2020-12-08T10:59:16.555Z",
        "value": "50.78125",
        "cumulative": false
    },
    {
        "date": "2020-12-08T10:59:17.796Z",
        "value": "88.28125",
        "cumulative": false
    },
    {
        "date": "2020-12-08T10:59:18.972Z",
        "value": "88.28125",
        "cumulative": false
    },
    {
        "date": "2020-12-08T10:59:20.090Z",
        "value": "93.75",
        "cumulative": false
    },
    {
        "date": "2020-12-08T10:59:21.825Z",
        "value": "93.75",
        "cumulative": false
    },
    {
        "date": "2020-12-08T10:59:23.001Z",
        "value": "93.75",
        "cumulative": false
    },
    {
        "date": "2020-12-08T10:59:24.139Z",
        "value": "94.53125",
        "cumulative": false
    },
    {
        "date": "2020-12-08T10:59:25.259Z",
        "value": "95.3125",
        "cumulative": false
    },
    {
        "date": "2020-12-08T10:59:27.018Z",
        "value": "95.3125",
        "cumulative": false
    },
    {
        "date": "2020-12-08T10:59:28.175Z",
        "value": "97.65625",
        "cumulative": false
    },
    {
        "date": "2020-12-08T10:59:29.315Z",
        "value": "96.875",
        "cumulative": false
    },
    {
        "date": "2020-12-08T10:59:30.446Z",
        "value": "96.09375",
        "cumulative": false
    },
    {
        "date": "2020-12-08T10:59:32.205Z",
        "value": "95.3125",
        "cumulative": false
    },
    {
        "date": "2020-12-08T10:59:33.372Z",
        "value": "96.875",
        "cumulative": false
    },
    {
        "date": "2020-12-08T10:59:34.503Z",
        "value": "95.3125",
        "cumulative": false
    },
    {
        "date": "2020-12-08T10:59:35.618Z",
        "value": "98.4375",
        "cumulative": false
    },
    {
        "date": "2020-12-08T10:59:37.366Z",
        "value": "96.875",
        "cumulative": false
    },
    {
        "date": "2020-12-08T10:59:38.514Z",
        "value": "97.65625",
        "cumulative": false
    },
    {
        "date": "2020-12-08T10:59:39.640Z",
        "value": "97.65625",
        "cumulative": false
    },
    {
        "date": "2020-12-08T10:59:40.779Z",
        "value": "99.21875",
        "cumulative": false
    },
    {
        "date": "2020-12-08T10:59:42.551Z",
        "value": "97.65625",
        "cumulative": false
    },
    {
        "date": "2020-12-08T10:59:43.716Z",
        "value": "98.4375",
        "cumulative": false
    },
    {
        "date": "2020-12-08T10:59:44.887Z",
        "value": "98.4375",
        "cumulative": false
    },
    {
        "date": "2020-12-08T10:59:46.006Z",
        "value": "100.0",
        "cumulative": false
    },
    {
        "date": "2020-12-08T10:59:47.773Z",
        "value": "98.4375",
        "cumulative": false
    },
    {
        "date": "2020-12-08T10:59:48.927Z",
        "value": "99.21875",
        "cumulative": false
    },
    {
        "date": "2020-12-08T10:59:50.070Z",
        "value": "99.21875",
        "cumulative": false
    },
    {
        "date": "2020-12-08T10:59:51.195Z",
        "value": "98.4375",
        "cumulative": false
    },
    {
        "date": "2020-12-08T10:59:52.974Z",
        "value": "100.0",
        "cumulative": false
    },
    {
        "date": "2020-12-08T10:59:54.131Z",
        "value": "98.4375",
        "cumulative": false
    },
    {
        "date": "2020-12-08T10:59:55.296Z",
        "value": "100.0",
        "cumulative": false
    },
    {
        "date": "2020-12-08T10:59:56.432Z",
        "value": "100.0",
        "cumulative": false
    },
    {
        "date": "2020-12-08T10:59:58.209Z",
        "value": "99.21875",
        "cumulative": false
    },
    {
        "date": "2020-12-08T10:59:59.356Z",
        "value": "99.21875",
        "cumulative": false
    },
    {
        "date": "2020-12-08T11:00:00.520Z",
        "value": "99.21875",
        "cumulative": false
    },
    {
        "date": "2020-12-08T11:00:01.667Z",
        "value": "99.21875",
        "cumulative": false
    },
    {
        "date": "2020-12-08T11:00:03.420Z",
        "value": "100.0",
        "cumulative": false
    },
    {
        "date": "2020-12-08T11:00:04.573Z",
        "value": "100.0",
        "cumulative": false
    },
    {
        "date": "2020-12-08T11:00:05.737Z",
        "value": "99.21875",
        "cumulative": false
    },
    {
        "date": "2020-12-08T11:00:06.886Z",
        "value": "97.65625",
        "cumulative": false
    },
    {
        "date": "2020-12-08T11:00:08.679Z",
        "value": "100.0",
        "cumulative": false
    },
    {
        "date": "2020-12-08T11:00:09.848Z",
        "value": "100.0",
        "cumulative": false
    },
    {
        "date": "2020-12-08T11:00:10.989Z",
        "value": "100.0",
        "cumulative": false
    },
    {
        "date": "2020-12-08T11:00:12.138Z",
        "value": "98.4375",
        "cumulative": false
    },
    {
        "date": "2020-12-08T11:00:13.918Z",
        "value": "98.4375",
        "cumulative": false
    },
    {
        "date": "2020-12-08T11:00:15.098Z",
        "value": "100.0",
        "cumulative": false
    },
    {
        "date": "2020-12-08T11:00:16.251Z",
        "value": "99.21875",
        "cumulative": false
    },
    {
        "date": "2020-12-08T11:00:17.389Z",
        "value": "98.4375",
        "cumulative": false
    },
    {
        "date": "2020-12-08T11:00:19.167Z",
        "value": "99.21875",
        "cumulative": false
    },
    {
        "date": "2020-12-08T11:00:20.349Z",
        "value": "96.875",
        "cumulative": false
    },
    {
        "date": "2020-12-08T11:00:21.483Z",
        "value": "100.0",
        "cumulative": false
    },
    {
        "date": "2020-12-08T11:00:22.627Z",
        "value": "99.21875",
        "cumulative": false
    },
    {
        "date": "2020-12-08T11:00:24.397Z",
        "value": "99.21875",
        "cumulative": false
    },
    {
        "date": "2020-12-08T11:00:25.544Z",
        "value": "100.0",
        "cumulative": false
    },
    {
        "date": "2020-12-08T11:00:26.713Z",
        "value": "99.21875",
        "cumulative": false
    },
    {
        "date": "2020-12-08T11:00:27.851Z",
        "value": "99.21875",
        "cumulative": false
    },
    {
        "date": "2020-12-08T11:00:29.646Z",
        "value": "98.4375",
        "cumulative": false
    },
    {
        "date": "2020-12-08T11:00:30.834Z",
        "value": "99.21875",
        "cumulative": false
    },
    {
        "date": "2020-12-08T11:00:32.001Z",
        "value": "98.4375",
        "cumulative": false
    },
    {
        "date": "2020-12-08T11:00:33.147Z",
        "value": "100.0",
        "cumulative": false
    },
    {
        "date": "2020-12-08T11:00:34.930Z",
        "value": "98.4375",
        "cumulative": false
    },
    {
        "date": "2020-12-08T11:00:36.092Z",
        "value": "100.0",
        "cumulative": false
    },
    {
        "date": "2020-12-08T11:00:37.250Z",
        "value": "100.0",
        "cumulative": false
    },
    {
        "date": "2020-12-08T11:00:38.391Z",
        "value": "99.21875",
        "cumulative": false
    },
    {
        "date": "2020-12-08T11:00:40.178Z",
        "value": "99.21875",
        "cumulative": false
    },
    {
        "date": "2020-12-08T11:00:41.372Z",
        "value": "99.21875",
        "cumulative": false
    },
    {
        "date": "2020-12-08T11:00:42.515Z",
        "value": "100.0",
        "cumulative": false
    },
    {
        "date": "2020-12-08T11:00:43.654Z",
        "value": "100.0",
        "cumulative": false
    }
]