[
    {
        "date": "2020-12-08T10:59:16.550Z",
        "value": "2.5621440410614014",
        "cumulative": false
    },
    {
        "date": "2020-12-08T10:59:17.789Z",
        "value": "1.7840867042541504",
        "cumulative": false
    },
    {
        "date": "2020-12-08T10:59:18.970Z",
        "value": "1.8289825916290283",
        "cumulative": false
    },
    {
        "date": "2020-12-08T10:59:20.085Z",
        "value": "1.4431638717651367",
        "cumulative": false
    },
    {
        "date": "2020-12-08T10:59:21.823Z",
        "value": "1.4136931896209717",
        "cumulative": false
    },
    {
        "date": "2020-12-08T10:59:23.003Z",
        "value": "1.4132295846939087",
        "cumulative": false
    },
    {
        "date": "2020-12-08T10:59:24.134Z",
        "value": "1.1356194019317627",
        "cumulative": false
    },
    {
        "date": "2020-12-08T10:59:25.260Z",
        "value": "1.1018905639648438",
        "cumulative": false
    },
    {
        "date": "2020-12-08T10:59:27.015Z",
        "value": "0.933146059513092",
        "cumulative": false
    },
    {
        "date": "2020-12-08T10:59:28.172Z",
        "value": "0.9664973020553589",
        "cumulative": false
    },
    {
        "date": "2020-12-08T10:59:29.314Z",
        "value": "0.9760416150093079",
        "cumulative": false
    },
    {
        "date": "2020-12-08T10:59:30.445Z",
        "value": "0.8946006894111633",
        "cumulative": false
    },
    {
        "date": "2020-12-08T10:59:32.207Z",
        "value": "0.8889204263687134",
        "cumulative": false
    },
    {
        "date": "2020-12-08T10:59:33.371Z",
        "value": "0.9585235714912415",
        "cumulative": false
    },
    {
        "date": "2020-12-08T10:59:34.501Z",
        "value": "1.114679217338562",
        "cumulative": false
    },
    {
        "date": "2020-12-08T10:59:35.620Z",
        "value": "0.6364846229553223",
        "cumulative": false
    },
    {
        "date": "2020-12-08T10:59:37.366Z",
        "value": "0.7096624970436096",
        "cumulative": false
    },
    {
        "date": "2020-12-08T10:59:38.517Z",
        "value": "0.6369184851646423",
        "cumulative": false
    },
    {
        "date": "2020-12-08T10:59:39.639Z",
        "value": "0.8141194581985474",
        "cumulative": false
    },
    {
        "date": "2020-12-08T10:59:40.778Z",
        "value": "0.778144121170044",
        "cumulative": false
    },
    {
        "date": "2020-12-08T10:59:42.555Z",
        "value": "0.7883911728858948",
        "cumulative": false
    },
    {
        "date": "2020-12-08T10:59:43.713Z",
        "value": "0.7392395734786987",
        "cumulative": false
    },
    {
        "date": "2020-12-08T10:59:44.886Z",
        "value": "0.6449796557426453",
        "cumulative": false
    },
    {
        "date": "2020-12-08T10:59:46.005Z",
        "value": "0.7352045774459839",
        "cumulative": false
    },
    {
        "date": "2020-12-08T10:59:47.776Z",
        "value": "0.642460286617279",
        "cumulative": false
    },
    {
        "date": "2020-12-08T10:59:48.929Z",
        "value": "0.7888221144676208",
        "cumulative": false
    },
    {
        "date": "2020-12-08T10:59:50.065Z",
        "value": "0.5676805377006531",
        "cumulative": false
    },
    {
        "date": "2020-12-08T10:59:51.193Z",
        "value": "0.6091747283935547",
        "cumulative": false
    },
    {
        "date": "2020-12-08T10:59:52.976Z",
        "value": "0.6380173563957214",
        "cumulative": false
    },
    {
        "date": "2020-12-08T10:59:54.130Z",
        "value": "0.6312086582183838",
        "cumulative": false
    },
    {
        "date": "2020-12-08T10:59:55.298Z",
        "value": "0.6071566939353943",
        "cumulative": false
    },
    {
        "date": "2020-12-08T10:59:56.431Z",
        "value": "0.7065880298614502",
        "cumulative": false
    },
    {
        "date": "2020-12-08T10:59:58.212Z",
        "value": "0.7424659729003906",
        "cumulative": false
    },
    {
        "date": "2020-12-08T10:59:59.358Z",
        "value": "0.5133244395256042",
        "cumulative": false
    },
    {
        "date": "2020-12-08T11:00:00.518Z",
        "value": "0.5350810885429382",
        "cumulative": false
    },
    {
        "date": "2020-12-08T11:00:01.666Z",
        "value": "0.5980209112167358",
        "cumulative": false
    },
    {
        "date": "2020-12-08T11:00:03.416Z",
        "value": "0.5792124271392822",
        "cumulative": false
    },
    {
        "date": "2020-12-08T11:00:04.568Z",
        "value": "0.7198724746704102",
        "cumulative": false
    },
    {
        "date": "2020-12-08T11:00:05.739Z",
        "value": "0.5075668096542358",
        "cumulative": false
    },
    {
        "date": "2020-12-08T11:00:06.881Z",
        "value": "0.45366817712783813",
        "cumulative": false
    },
    {
        "date": "2020-12-08T11:00:08.673Z",
        "value": "0.6268844604492188",
        "cumulative": false
    },
    {
        "date": "2020-12-08T11:00:09.846Z",
        "value": "0.5499019026756287",
        "cumulative": false
    },
    {
        "date": "2020-12-08T11:00:10.988Z",
        "value": "0.3758702874183655",
        "cumulative": false
    },
    {
        "date": "2020-12-08T11:00:12.139Z",
        "value": "0.713272213935852",
        "cumulative": false
    },
    {
        "date": "2020-12-08T11:00:13.921Z",
        "value": "0.4577072262763977",
        "cumulative": false
    },
    {
        "date": "2020-12-08T11:00:15.101Z",
        "value": "0.4853396415710449",
        "cumulative": false
    },
    {
        "date": "2020-12-08T11:00:16.249Z",
        "value": "0.5515919327735901",
        "cumulative": false
    },
    {
        "date": "2020-12-08T11:00:17.387Z",
        "value": "0.35690268874168396",
        "cumulative": false
    },
    {
        "date": "2020-12-08T11:00:19.166Z",
        "value": "0.367511510848999",
        "cumulative": false
    },
    {
        "date": "2020-12-08T11:00:20.350Z",
        "value": "0.4718632698059082",
        "cumulative": false
    },
    {
        "date": "2020-12-08T11:00:21.481Z",
        "value": "0.527510941028595",
        "cumulative": false
    },
    {
        "date": "2020-12-08T11:00:22.622Z",
        "value": "0.4003749489784241",
        "cumulative": false
    },
    {
        "date": "2020-12-08T11:00:24.398Z",
        "value": "0.4942515194416046",
        "cumulative": false
    },
    {
        "date": "2020-12-08T11:00:25.542Z",
        "value": "0.6197036504745483",
        "cumulative": false
    },
    {
        "date": "2020-12-08T11:00:26.715Z",
        "value": "0.40662628412246704",
        "cumulative": false
    },
    {
        "date": "2020-12-08T11:00:27.853Z",
        "value": "0.5926210880279541",
        "cumulative": false
    },
    {
        "date": "2020-12-08T11:00:29.645Z",
        "value": "0.4401949346065521",
        "cumulative": false
    },
    {
        "date": "2020-12-08T11:00:30.833Z",
        "value": "0.47732043266296387",
        "cumulative": false
    },
    {
        "date": "2020-12-08T11:00:32.004Z",
        "value": "0.43945854902267456",
        "cumulative": false
    },
    {
        "date": "2020-12-08T11:00:33.145Z",
        "value": "0.4448462426662445",
        "cumulative": false
    },
    {
        "date": "2020-12-08T11:00:34.929Z",
        "value": "0.44886085391044617",
        "cumulative": false
    },
    {
        "date": "2020-12-08T11:00:36.094Z",
        "value": "0.366340696811676",
        "cumulative": false
    },
    {
        "date": "2020-12-08T11:00:37.245Z",
        "value": "0.3904682695865631",
        "cumulative": false
    },
    {
        "date": "2020-12-08T11:00:38.387Z",
        "value": "0.41634881496429443",
        "cumulative": false
    },
    {
        "date": "2020-12-08T11:00:40.175Z",
        "value": "0.40158212184906006",
        "cumulative": false
    },
    {
        "date": "2020-12-08T11:00:41.370Z",
        "value": "0.34017738699913025",
        "cumulative": false
    },
    {
        "date": "2020-12-08T11:00:42.515Z",
        "value": "0.32495132088661194",
        "cumulative": false
    },
    {
        "date": "2020-12-08T11:00:43.652Z",
        "value": "0.4151584208011627",
        "cumulative": false
    }
]