[
    {
        "date": "2020-12-08T10:59:21.069Z",
        "value": "6.622895002365112",
        "cumulative": false
    },
    {
        "date": "2020-12-08T10:59:26.259Z",
        "value": "4.317474126815796",
        "cumulative": false
    },
    {
        "date": "2020-12-08T10:59:31.449Z",
        "value": "4.3221752643585205",
        "cumulative": false
    },
    {
        "date": "2020-12-08T10:59:36.613Z",
        "value": "4.282792091369629",
        "cumulative": false
    },
    {
        "date": "2020-12-08T10:59:41.789Z",
        "value": "4.3066246509552",
        "cumulative": false
    },
    {
        "date": "2020-12-08T10:59:47.027Z",
        "value": "4.335790395736694",
        "cumulative": false
    },
    {
        "date": "2020-12-08T10:59:52.213Z",
        "value": "4.319716691970825",
        "cumulative": false
    },
    {
        "date": "2020-12-08T10:59:57.450Z",
        "value": "4.355543851852417",
        "cumulative": false
    },
    {
        "date": "2020-12-08T11:00:02.687Z",
        "value": "4.358479261398315",
        "cumulative": false
    },
    {
        "date": "2020-12-08T11:00:07.903Z",
        "value": "4.355875492095947",
        "cumulative": false
    },
    {
        "date": "2020-12-08T11:00:13.160Z",
        "value": "4.356751441955566",
        "cumulative": false
    },
    {
        "date": "2020-12-08T11:00:18.410Z",
        "value": "4.382648468017578",
        "cumulative": false
    },
    {
        "date": "2020-12-08T11:00:23.647Z",
        "value": "4.362729787826538",
        "cumulative": false
    },
    {
        "date": "2020-12-08T11:00:28.890Z",
        "value": "4.382851600646973",
        "cumulative": false
    },
    {
        "date": "2020-12-08T11:00:34.167Z",
        "value": "4.407487154006958",
        "cumulative": false
    },
    {
        "date": "2020-12-08T11:00:39.418Z",
        "value": "4.366429328918457",
        "cumulative": false
    },
    {
        "date": "2020-12-08T11:00:44.664Z",
        "value": "4.375900983810425",
        "cumulative": false
    }
]