[
    {
        "date": "2020-12-08T10:59:21.070Z",
        "value": "0.5206813812255859",
        "cumulative": false
    },
    {
        "date": "2020-12-08T10:59:26.259Z",
        "value": "0.5369479656219482",
        "cumulative": false
    },
    {
        "date": "2020-12-08T10:59:31.450Z",
        "value": "0.5050079822540283",
        "cumulative": false
    },
    {
        "date": "2020-12-08T10:59:36.614Z",
        "value": "0.5357391834259033",
        "cumulative": false
    },
    {
        "date": "2020-12-08T10:59:41.789Z",
        "value": "0.5316338539123535",
        "cumulative": false
    },
    {
        "date": "2020-12-08T10:59:47.027Z",
        "value": "0.5455498695373535",
        "cumulative": false
    },
    {
        "date": "2020-12-08T10:59:52.213Z",
        "value": "0.5241937637329102",
        "cumulative": false
    },
    {
        "date": "2020-12-08T10:59:57.450Z",
        "value": "0.5292115211486816",
        "cumulative": false
    },
    {
        "date": "2020-12-08T11:00:02.687Z",
        "value": "0.517305850982666",
        "cumulative": false
    },
    {
        "date": "2020-12-08T11:00:07.903Z",
        "value": "0.5096452236175537",
        "cumulative": false
    },
    {
        "date": "2020-12-08T11:00:13.160Z",
        "value": "0.5221774578094482",
        "cumulative": false
    },
    {
        "date": "2020-12-08T11:00:18.410Z",
        "value": "0.5268642902374268",
        "cumulative": false
    },
    {
        "date": "2020-12-08T11:00:23.647Z",
        "value": "0.5292739868164062",
        "cumulative": false
    },
    {
        "date": "2020-12-08T11:00:28.890Z",
        "value": "0.5282883644104004",
        "cumulative": false
    },
    {
        "date": "2020-12-08T11:00:34.168Z",
        "value": "0.5190761089324951",
        "cumulative": false
    },
    {
        "date": "2020-12-08T11:00:39.418Z",
        "value": "0.511833667755127",
        "cumulative": false
    },
    {
        "date": "2020-12-08T11:00:44.664Z",
        "value": "0.5163073539733887",
        "cumulative": false
    }
]