[
    {
        "date": "2020-12-08T10:59:21.072Z",
        "value": "2.659424066543579",
        "cumulative": false
    },
    {
        "date": "2020-12-08T10:59:26.258Z",
        "value": "2.433070182800293",
        "cumulative": false
    },
    {
        "date": "2020-12-08T10:59:31.447Z",
        "value": "2.4738781452178955",
        "cumulative": false
    },
    {
        "date": "2020-12-08T10:59:36.612Z",
        "value": "2.4358627796173096",
        "cumulative": false
    },
    {
        "date": "2020-12-08T10:59:41.789Z",
        "value": "2.4842867851257324",
        "cumulative": false
    },
    {
        "date": "2020-12-08T10:59:47.028Z",
        "value": "2.5145857334136963",
        "cumulative": false
    },
    {
        "date": "2020-12-08T10:59:52.211Z",
        "value": "2.5003910064697266",
        "cumulative": false
    },
    {
        "date": "2020-12-08T10:59:57.444Z",
        "value": "2.4619359970092773",
        "cumulative": false
    },
    {
        "date": "2020-12-08T11:00:02.689Z",
        "value": "2.575441360473633",
        "cumulative": false
    },
    {
        "date": "2020-12-08T11:00:07.912Z",
        "value": "2.450913667678833",
        "cumulative": false
    },
    {
        "date": "2020-12-08T11:00:13.161Z",
        "value": "2.4995009899139404",
        "cumulative": false
    },
    {
        "date": "2020-12-08T11:00:18.415Z",
        "value": "2.489704132080078",
        "cumulative": false
    },
    {
        "date": "2020-12-08T11:00:23.649Z",
        "value": "2.5339343547821045",
        "cumulative": false
    },
    {
        "date": "2020-12-08T11:00:28.903Z",
        "value": "2.5239620208740234",
        "cumulative": false
    },
    {
        "date": "2020-12-08T11:00:34.169Z",
        "value": "2.5318918228149414",
        "cumulative": false
    },
    {
        "date": "2020-12-08T11:00:39.421Z",
        "value": "2.4674763679504395",
        "cumulative": false
    },
    {
        "date": "2020-12-08T11:00:44.664Z",
        "value": "2.5003697872161865",
        "cumulative": false
    }
]