[
    {
        "date": "2020-12-08T10:59:21.072Z",
        "value": "0.46570396423339844",
        "cumulative": false
    },
    {
        "date": "2020-12-08T10:59:26.258Z",
        "value": "0.4972805976867676",
        "cumulative": false
    },
    {
        "date": "2020-12-08T10:59:31.447Z",
        "value": "0.49732232093811035",
        "cumulative": false
    },
    {
        "date": "2020-12-08T10:59:36.612Z",
        "value": "0.48234987258911133",
        "cumulative": false
    },
    {
        "date": "2020-12-08T10:59:41.789Z",
        "value": "0.471482515335083",
        "cumulative": false
    },
    {
        "date": "2020-12-08T10:59:47.028Z",
        "value": "0.4927198886871338",
        "cumulative": false
    },
    {
        "date": "2020-12-08T10:59:52.211Z",
        "value": "0.48947763442993164",
        "cumulative": false
    },
    {
        "date": "2020-12-08T10:59:57.444Z",
        "value": "0.4936106204986572",
        "cumulative": false
    },
    {
        "date": "2020-12-08T11:00:02.689Z",
        "value": "0.4606177806854248",
        "cumulative": false
    },
    {
        "date": "2020-12-08T11:00:07.912Z",
        "value": "0.5044960975646973",
        "cumulative": false
    },
    {
        "date": "2020-12-08T11:00:13.161Z",
        "value": "0.5039918422698975",
        "cumulative": false
    },
    {
        "date": "2020-12-08T11:00:18.415Z",
        "value": "0.5108301639556885",
        "cumulative": false
    },
    {
        "date": "2020-12-08T11:00:23.649Z",
        "value": "0.4807627201080322",
        "cumulative": false
    },
    {
        "date": "2020-12-08T11:00:28.903Z",
        "value": "0.48658323287963867",
        "cumulative": false
    },
    {
        "date": "2020-12-08T11:00:34.169Z",
        "value": "0.49777936935424805",
        "cumulative": false
    },
    {
        "date": "2020-12-08T11:00:39.421Z",
        "value": "0.5048160552978516",
        "cumulative": false
    },
    {
        "date": "2020-12-08T11:00:44.664Z",
        "value": "0.485119104385376",
        "cumulative": false
    }
]