[
    {
        "date": "2020-12-08T10:59:21.081Z",
        "value": "0.020827293395996094",
        "cumulative": false
    },
    {
        "date": "2020-12-08T10:59:26.261Z",
        "value": "0.020265579223632812",
        "cumulative": false
    },
    {
        "date": "2020-12-08T10:59:31.456Z",
        "value": "0.01972794532775879",
        "cumulative": false
    },
    {
        "date": "2020-12-08T10:59:36.611Z",
        "value": "0.020175933837890625",
        "cumulative": false
    },
    {
        "date": "2020-12-08T10:59:41.786Z",
        "value": "0.021447181701660156",
        "cumulative": false
    },
    {
        "date": "2020-12-08T10:59:47.031Z",
        "value": "0.019295930862426758",
        "cumulative": false
    },
    {
        "date": "2020-12-08T10:59:52.216Z",
        "value": "0.021350860595703125",
        "cumulative": false
    },
    {
        "date": "2020-12-08T10:59:57.454Z",
        "value": "0.019870758056640625",
        "cumulative": false
    },
    {
        "date": "2020-12-08T11:00:02.695Z",
        "value": "0.020872116088867188",
        "cumulative": false
    },
    {
        "date": "2020-12-08T11:00:07.900Z",
        "value": "0.0204470157623291",
        "cumulative": false
    },
    {
        "date": "2020-12-08T11:00:13.162Z",
        "value": "0.01930403709411621",
        "cumulative": false
    },
    {
        "date": "2020-12-08T11:00:18.412Z",
        "value": "0.019186735153198242",
        "cumulative": false
    },
    {
        "date": "2020-12-08T11:00:23.652Z",
        "value": "0.020597219467163086",
        "cumulative": false
    },
    {
        "date": "2020-12-08T11:00:28.891Z",
        "value": "0.019864797592163086",
        "cumulative": false
    },
    {
        "date": "2020-12-08T11:00:34.174Z",
        "value": "0.019646644592285156",
        "cumulative": false
    },
    {
        "date": "2020-12-08T11:00:39.412Z",
        "value": "0.019121170043945312",
        "cumulative": false
    },
    {
        "date": "2020-12-08T11:00:44.664Z",
        "value": "0.01932549476623535",
        "cumulative": false
    }
]