[
    {
        "date": "2020-12-08T10:59:21.073Z",
        "value": "0.45003509521484375",
        "cumulative": false
    },
    {
        "date": "2020-12-08T10:59:26.256Z",
        "value": "0.4732687473297119",
        "cumulative": false
    },
    {
        "date": "2020-12-08T10:59:31.445Z",
        "value": "0.46380066871643066",
        "cumulative": false
    },
    {
        "date": "2020-12-08T10:59:36.611Z",
        "value": "0.4773111343383789",
        "cumulative": false
    },
    {
        "date": "2020-12-08T10:59:41.784Z",
        "value": "0.4873380661010742",
        "cumulative": false
    },
    {
        "date": "2020-12-08T10:59:47.023Z",
        "value": "0.4790835380554199",
        "cumulative": false
    },
    {
        "date": "2020-12-08T10:59:52.207Z",
        "value": "0.4969303607940674",
        "cumulative": false
    },
    {
        "date": "2020-12-08T10:59:57.444Z",
        "value": "0.4829392433166504",
        "cumulative": false
    },
    {
        "date": "2020-12-08T11:00:02.691Z",
        "value": "0.4737269878387451",
        "cumulative": false
    },
    {
        "date": "2020-12-08T11:00:07.902Z",
        "value": "0.4654262065887451",
        "cumulative": false
    },
    {
        "date": "2020-12-08T11:00:13.159Z",
        "value": "0.47239255905151367",
        "cumulative": false
    },
    {
        "date": "2020-12-08T11:00:18.406Z",
        "value": "0.4606516361236572",
        "cumulative": false
    },
    {
        "date": "2020-12-08T11:00:23.660Z",
        "value": "0.4733762741088867",
        "cumulative": false
    },
    {
        "date": "2020-12-08T11:00:28.893Z",
        "value": "0.4803280830383301",
        "cumulative": false
    },
    {
        "date": "2020-12-08T11:00:34.173Z",
        "value": "0.47279953956604004",
        "cumulative": false
    },
    {
        "date": "2020-12-08T11:00:39.413Z",
        "value": "0.4600493907928467",
        "cumulative": false
    },
    {
        "date": "2020-12-08T11:00:44.663Z",
        "value": "0.49003148078918457",
        "cumulative": false
    }
]