[
    {
        "date": "2020-12-08T10:59:21.072Z",
        "value": "3.243051290512085",
        "cumulative": false
    },
    {
        "date": "2020-12-08T10:59:26.258Z",
        "value": "1.1121971607208252",
        "cumulative": false
    },
    {
        "date": "2020-12-08T10:59:31.447Z",
        "value": "1.091700792312622",
        "cumulative": false
    },
    {
        "date": "2020-12-08T10:59:36.612Z",
        "value": "1.1181416511535645",
        "cumulative": false
    },
    {
        "date": "2020-12-08T10:59:41.789Z",
        "value": "1.1028478145599365",
        "cumulative": false
    },
    {
        "date": "2020-12-08T10:59:47.028Z",
        "value": "1.0868406295776367",
        "cumulative": false
    },
    {
        "date": "2020-12-08T10:59:52.211Z",
        "value": "1.0730714797973633",
        "cumulative": false
    },
    {
        "date": "2020-12-08T10:59:57.444Z",
        "value": "1.1269962787628174",
        "cumulative": false
    },
    {
        "date": "2020-12-08T11:00:02.688Z",
        "value": "1.0853018760681152",
        "cumulative": false
    },
    {
        "date": "2020-12-08T11:00:07.912Z",
        "value": "1.1409823894500732",
        "cumulative": false
    },
    {
        "date": "2020-12-08T11:00:13.161Z",
        "value": "1.0817420482635498",
        "cumulative": false
    },
    {
        "date": "2020-12-08T11:00:18.415Z",
        "value": "1.0959186553955078",
        "cumulative": false
    },
    {
        "date": "2020-12-08T11:00:23.649Z",
        "value": "1.0897190570831299",
        "cumulative": false
    },
    {
        "date": "2020-12-08T11:00:28.903Z",
        "value": "1.0994176864624023",
        "cumulative": false
    },
    {
        "date": "2020-12-08T11:00:34.169Z",
        "value": "1.1051039695739746",
        "cumulative": false
    },
    {
        "date": "2020-12-08T11:00:39.420Z",
        "value": "1.103273868560791",
        "cumulative": false
    },
    {
        "date": "2020-12-08T11:00:44.664Z",
        "value": "1.1254327297210693",
        "cumulative": false
    }
]