[
    {
        "date": "2020-12-08T10:59:21.080Z",
        "value": "6.648582458496094",
        "cumulative": false
    },
    {
        "date": "2020-12-08T10:59:26.261Z",
        "value": "4.341949224472046",
        "cumulative": false
    },
    {
        "date": "2020-12-08T10:59:31.456Z",
        "value": "4.345388650894165",
        "cumulative": false
    },
    {
        "date": "2020-12-08T10:59:36.611Z",
        "value": "4.311137914657593",
        "cumulative": false
    },
    {
        "date": "2020-12-08T10:59:41.786Z",
        "value": "4.329299449920654",
        "cumulative": false
    },
    {
        "date": "2020-12-08T10:59:47.031Z",
        "value": "4.3739869594573975",
        "cumulative": false
    },
    {
        "date": "2020-12-08T10:59:52.216Z",
        "value": "4.329206466674805",
        "cumulative": false
    },
    {
        "date": "2020-12-08T10:59:57.454Z",
        "value": "4.394274950027466",
        "cumulative": false
    },
    {
        "date": "2020-12-08T11:00:02.695Z",
        "value": "4.393013954162598",
        "cumulative": false
    },
    {
        "date": "2020-12-08T11:00:07.900Z",
        "value": "4.389793872833252",
        "cumulative": false
    },
    {
        "date": "2020-12-08T11:00:13.162Z",
        "value": "4.386229753494263",
        "cumulative": false
    },
    {
        "date": "2020-12-08T11:00:18.412Z",
        "value": "4.378305435180664",
        "cumulative": false
    },
    {
        "date": "2020-12-08T11:00:23.652Z",
        "value": "4.3912904262542725",
        "cumulative": false
    },
    {
        "date": "2020-12-08T11:00:28.891Z",
        "value": "4.409282684326172",
        "cumulative": false
    },
    {
        "date": "2020-12-08T11:00:34.173Z",
        "value": "4.419000864028931",
        "cumulative": false
    },
    {
        "date": "2020-12-08T11:00:39.412Z",
        "value": "4.3830413818359375",
        "cumulative": false
    },
    {
        "date": "2020-12-08T11:00:44.663Z",
        "value": "4.394240140914917",
        "cumulative": false
    }
]