[
    {
        "date": "2020-12-08T10:59:21.070Z",
        "value": "2.6433968544006348",
        "cumulative": false
    },
    {
        "date": "2020-12-08T10:59:26.259Z",
        "value": "2.47929048538208",
        "cumulative": false
    },
    {
        "date": "2020-12-08T10:59:31.450Z",
        "value": "2.5934433937072754",
        "cumulative": false
    },
    {
        "date": "2020-12-08T10:59:36.614Z",
        "value": "2.5072996616363525",
        "cumulative": false
    },
    {
        "date": "2020-12-08T10:59:41.789Z",
        "value": "2.5146424770355225",
        "cumulative": false
    },
    {
        "date": "2020-12-08T10:59:47.027Z",
        "value": "2.457073211669922",
        "cumulative": false
    },
    {
        "date": "2020-12-08T10:59:52.213Z",
        "value": "2.493277072906494",
        "cumulative": false
    },
    {
        "date": "2020-12-08T10:59:57.450Z",
        "value": "2.506941080093384",
        "cumulative": false
    },
    {
        "date": "2020-12-08T11:00:02.687Z",
        "value": "2.5410287380218506",
        "cumulative": false
    },
    {
        "date": "2020-12-08T11:00:07.903Z",
        "value": "2.590515375137329",
        "cumulative": false
    },
    {
        "date": "2020-12-08T11:00:13.160Z",
        "value": "2.5264391899108887",
        "cumulative": false
    },
    {
        "date": "2020-12-08T11:00:18.410Z",
        "value": "2.5422821044921875",
        "cumulative": false
    },
    {
        "date": "2020-12-08T11:00:23.647Z",
        "value": "2.533057451248169",
        "cumulative": false
    },
    {
        "date": "2020-12-08T11:00:28.890Z",
        "value": "2.5223677158355713",
        "cumulative": false
    },
    {
        "date": "2020-12-08T11:00:34.168Z",
        "value": "2.6016228199005127",
        "cumulative": false
    },
    {
        "date": "2020-12-08T11:00:39.418Z",
        "value": "2.5443882942199707",
        "cumulative": false
    },
    {
        "date": "2020-12-08T11:00:44.664Z",
        "value": "2.5659382343292236",
        "cumulative": false
    }
]