[
    {
        "date": "2020-12-08T10:59:21.070Z",
        "value": "0.0002543926239013672",
        "cumulative": false
    },
    {
        "date": "2020-12-08T10:59:26.259Z",
        "value": "0.00027108192443847656",
        "cumulative": false
    },
    {
        "date": "2020-12-08T10:59:31.450Z",
        "value": "0.0002644062042236328",
        "cumulative": false
    },
    {
        "date": "2020-12-08T10:59:36.614Z",
        "value": "0.0003325939178466797",
        "cumulative": false
    },
    {
        "date": "2020-12-08T10:59:41.789Z",
        "value": "0.0002789497375488281",
        "cumulative": false
    },
    {
        "date": "2020-12-08T10:59:47.027Z",
        "value": "0.00034427642822265625",
        "cumulative": false
    },
    {
        "date": "2020-12-08T10:59:52.213Z",
        "value": "0.0002865791320800781",
        "cumulative": false
    },
    {
        "date": "2020-12-08T10:59:57.450Z",
        "value": "0.00027751922607421875",
        "cumulative": false
    },
    {
        "date": "2020-12-08T11:00:02.687Z",
        "value": "0.0002765655517578125",
        "cumulative": false
    },
    {
        "date": "2020-12-08T11:00:07.904Z",
        "value": "0.0002498626708984375",
        "cumulative": false
    },
    {
        "date": "2020-12-08T11:00:13.160Z",
        "value": "0.0002989768981933594",
        "cumulative": false
    },
    {
        "date": "2020-12-08T11:00:18.410Z",
        "value": "0.0003204345703125",
        "cumulative": false
    },
    {
        "date": "2020-12-08T11:00:23.647Z",
        "value": "0.00027632713317871094",
        "cumulative": false
    },
    {
        "date": "2020-12-08T11:00:28.890Z",
        "value": "0.00032782554626464844",
        "cumulative": false
    },
    {
        "date": "2020-12-08T11:00:34.168Z",
        "value": "0.0002722740173339844",
        "cumulative": false
    },
    {
        "date": "2020-12-08T11:00:39.418Z",
        "value": "0.0002732276916503906",
        "cumulative": false
    },
    {
        "date": "2020-12-08T11:00:44.664Z",
        "value": "0.00027489662170410156",
        "cumulative": false
    }
]