[
    {
        "date": "2020-12-08T10:59:16.552Z",
        "value": "2.490200996398926",
        "cumulative": false
    },
    {
        "date": "2020-12-08T10:59:17.791Z",
        "value": "1.7634350061416626",
        "cumulative": false
    },
    {
        "date": "2020-12-08T10:59:18.971Z",
        "value": "1.6262738704681396",
        "cumulative": false
    },
    {
        "date": "2020-12-08T10:59:20.090Z",
        "value": "1.43269681930542",
        "cumulative": false
    },
    {
        "date": "2020-12-08T10:59:21.825Z",
        "value": "1.4638421535491943",
        "cumulative": false
    },
    {
        "date": "2020-12-08T10:59:23.001Z",
        "value": "1.1852511167526245",
        "cumulative": false
    },
    {
        "date": "2020-12-08T10:59:24.139Z",
        "value": "1.398984432220459",
        "cumulative": false
    },
    {
        "date": "2020-12-08T10:59:25.259Z",
        "value": "1.1856317520141602",
        "cumulative": false
    },
    {
        "date": "2020-12-08T10:59:27.017Z",
        "value": "1.0172947645187378",
        "cumulative": false
    },
    {
        "date": "2020-12-08T10:59:28.175Z",
        "value": "0.9276754260063171",
        "cumulative": false
    },
    {
        "date": "2020-12-08T10:59:29.315Z",
        "value": "1.0451397895812988",
        "cumulative": false
    },
    {
        "date": "2020-12-08T10:59:30.446Z",
        "value": "0.8826817274093628",
        "cumulative": false
    },
    {
        "date": "2020-12-08T10:59:32.205Z",
        "value": "0.8567428588867188",
        "cumulative": false
    },
    {
        "date": "2020-12-08T10:59:33.372Z",
        "value": "0.8712428212165833",
        "cumulative": false
    },
    {
        "date": "2020-12-08T10:59:34.502Z",
        "value": "0.7244680523872375",
        "cumulative": false
    },
    {
        "date": "2020-12-08T10:59:35.618Z",
        "value": "0.9210581183433533",
        "cumulative": false
    },
    {
        "date": "2020-12-08T10:59:37.365Z",
        "value": "0.9210067987442017",
        "cumulative": false
    },
    {
        "date": "2020-12-08T10:59:38.514Z",
        "value": "0.7990673780441284",
        "cumulative": false
    },
    {
        "date": "2020-12-08T10:59:39.640Z",
        "value": "0.7398939728736877",
        "cumulative": false
    },
    {
        "date": "2020-12-08T10:59:40.779Z",
        "value": "0.6941882967948914",
        "cumulative": false
    },
    {
        "date": "2020-12-08T10:59:42.550Z",
        "value": "0.651831328868866",
        "cumulative": false
    },
    {
        "date": "2020-12-08T10:59:43.715Z",
        "value": "0.6161602139472961",
        "cumulative": false
    },
    {
        "date": "2020-12-08T10:59:44.887Z",
        "value": "0.6390212178230286",
        "cumulative": false
    },
    {
        "date": "2020-12-08T10:59:46.006Z",
        "value": "0.6218704581260681",
        "cumulative": false
    },
    {
        "date": "2020-12-08T10:59:47.773Z",
        "value": "0.604762613773346",
        "cumulative": false
    },
    {
        "date": "2020-12-08T10:59:48.927Z",
        "value": "0.611490786075592",
        "cumulative": false
    },
    {
        "date": "2020-12-08T10:59:50.070Z",
        "value": "0.7142425775527954",
        "cumulative": false
    },
    {
        "date": "2020-12-08T10:59:51.195Z",
        "value": "0.6426113247871399",
        "cumulative": false
    },
    {
        "date": "2020-12-08T10:59:52.974Z",
        "value": "0.6610665917396545",
        "cumulative": false
    },
    {
        "date": "2020-12-08T10:59:54.131Z",
        "value": "0.7318423390388489",
        "cumulative": false
    },
    {
        "date": "2020-12-08T10:59:55.296Z",
        "value": "0.5991313457489014",
        "cumulative": false
    },
    {
        "date": "2020-12-08T10:59:56.432Z",
        "value": "0.5867318511009216",
        "cumulative": false
    },
    {
        "date": "2020-12-08T10:59:58.208Z",
        "value": "0.43675023317337036",
        "cumulative": false
    },
    {
        "date": "2020-12-08T10:59:59.356Z",
        "value": "0.4852004051208496",
        "cumulative": false
    },
    {
        "date": "2020-12-08T11:00:00.520Z",
        "value": "0.551158607006073",
        "cumulative": false
    },
    {
        "date": "2020-12-08T11:00:01.667Z",
        "value": "0.5814092755317688",
        "cumulative": false
    },
    {
        "date": "2020-12-08T11:00:03.420Z",
        "value": "0.47736963629722595",
        "cumulative": false
    },
    {
        "date": "2020-12-08T11:00:04.573Z",
        "value": "0.3900195360183716",
        "cumulative": false
    },
    {
        "date": "2020-12-08T11:00:05.736Z",
        "value": "0.5738568902015686",
        "cumulative": false
    },
    {
        "date": "2020-12-08T11:00:06.886Z",
        "value": "0.6432097554206848",
        "cumulative": false
    },
    {
        "date": "2020-12-08T11:00:08.679Z",
        "value": "0.4346090257167816",
        "cumulative": false
    },
    {
        "date": "2020-12-08T11:00:09.848Z",
        "value": "0.44462117552757263",
        "cumulative": false
    },
    {
        "date": "2020-12-08T11:00:10.989Z",
        "value": "0.5185611844062805",
        "cumulative": false
    },
    {
        "date": "2020-12-08T11:00:12.138Z",
        "value": "0.4573971927165985",
        "cumulative": false
    },
    {
        "date": "2020-12-08T11:00:13.918Z",
        "value": "0.5530236959457397",
        "cumulative": false
    },
    {
        "date": "2020-12-08T11:00:15.098Z",
        "value": "0.5223439931869507",
        "cumulative": false
    },
    {
        "date": "2020-12-08T11:00:16.250Z",
        "value": "0.47176286578178406",
        "cumulative": false
    },
    {
        "date": "2020-12-08T11:00:17.389Z",
        "value": "0.5045420527458191",
        "cumulative": false
    },
    {
        "date": "2020-12-08T11:00:19.167Z",
        "value": "0.4571334421634674",
        "cumulative": false
    },
    {
        "date": "2020-12-08T11:00:20.349Z",
        "value": "0.5257763266563416",
        "cumulative": false
    },
    {
        "date": "2020-12-08T11:00:21.483Z",
        "value": "0.3582146167755127",
        "cumulative": false
    },
    {
        "date": "2020-12-08T11:00:22.627Z",
        "value": "0.4341510534286499",
        "cumulative": false
    },
    {
        "date": "2020-12-08T11:00:24.397Z",
        "value": "0.3116413652896881",
        "cumulative": false
    },
    {
        "date": "2020-12-08T11:00:25.544Z",
        "value": "0.2594352662563324",
        "cumulative": false
    },
    {
        "date": "2020-12-08T11:00:26.713Z",
        "value": "0.46164873242378235",
        "cumulative": false
    },
    {
        "date": "2020-12-08T11:00:27.851Z",
        "value": "0.46125704050064087",
        "cumulative": false
    },
    {
        "date": "2020-12-08T11:00:29.646Z",
        "value": "0.4204149842262268",
        "cumulative": false
    },
    {
        "date": "2020-12-08T11:00:30.834Z",
        "value": "0.47247132658958435",
        "cumulative": false
    },
    {
        "date": "2020-12-08T11:00:32.001Z",
        "value": "0.4810473918914795",
        "cumulative": false
    },
    {
        "date": "2020-12-08T11:00:33.147Z",
        "value": "0.4273032248020172",
        "cumulative": false
    },
    {
        "date": "2020-12-08T11:00:34.929Z",
        "value": "0.37182700634002686",
        "cumulative": false
    },
    {
        "date": "2020-12-08T11:00:36.092Z",
        "value": "0.3031288683414459",
        "cumulative": false
    },
    {
        "date": "2020-12-08T11:00:37.250Z",
        "value": "0.37779974937438965",
        "cumulative": false
    },
    {
        "date": "2020-12-08T11:00:38.391Z",
        "value": "0.42420846223831177",
        "cumulative": false
    },
    {
        "date": "2020-12-08T11:00:40.178Z",
        "value": "0.44177427887916565",
        "cumulative": false
    },
    {
        "date": "2020-12-08T11:00:41.371Z",
        "value": "0.42501428723335266",
        "cumulative": false
    },
    {
        "date": "2020-12-08T11:00:42.515Z",
        "value": "0.5065231323242188",
        "cumulative": false
    },
    {
        "date": "2020-12-08T11:00:43.654Z",
        "value": "0.3380047380924225",
        "cumulative": false
    }
]