[
    {
        "date": "2020-12-08T10:59:21.070Z",
        "value": "0.020151853561401367",
        "cumulative": false
    },
    {
        "date": "2020-12-08T10:59:26.259Z",
        "value": "0.021347761154174805",
        "cumulative": false
    },
    {
        "date": "2020-12-08T10:59:31.449Z",
        "value": "0.020230770111083984",
        "cumulative": false
    },
    {
        "date": "2020-12-08T10:59:36.614Z",
        "value": "0.020219087600708008",
        "cumulative": false
    },
    {
        "date": "2020-12-08T10:59:41.789Z",
        "value": "0.020960092544555664",
        "cumulative": false
    },
    {
        "date": "2020-12-08T10:59:47.027Z",
        "value": "0.021680831909179688",
        "cumulative": false
    },
    {
        "date": "2020-12-08T10:59:52.213Z",
        "value": "0.022541284561157227",
        "cumulative": false
    },
    {
        "date": "2020-12-08T10:59:57.450Z",
        "value": "0.021610498428344727",
        "cumulative": false
    },
    {
        "date": "2020-12-08T11:00:02.687Z",
        "value": "0.02048349380493164",
        "cumulative": false
    },
    {
        "date": "2020-12-08T11:00:07.903Z",
        "value": "0.019829988479614258",
        "cumulative": false
    },
    {
        "date": "2020-12-08T11:00:13.160Z",
        "value": "0.021459102630615234",
        "cumulative": false
    },
    {
        "date": "2020-12-08T11:00:18.410Z",
        "value": "0.021054744720458984",
        "cumulative": false
    },
    {
        "date": "2020-12-08T11:00:23.647Z",
        "value": "0.021524429321289062",
        "cumulative": false
    },
    {
        "date": "2020-12-08T11:00:28.890Z",
        "value": "0.021157264709472656",
        "cumulative": false
    },
    {
        "date": "2020-12-08T11:00:34.168Z",
        "value": "0.020257234573364258",
        "cumulative": false
    },
    {
        "date": "2020-12-08T11:00:39.418Z",
        "value": "0.02152085304260254",
        "cumulative": false
    },
    {
        "date": "2020-12-08T11:00:44.664Z",
        "value": "0.020883798599243164",
        "cumulative": false
    }
]