[
    {
        "date": "2020-12-08T10:59:21.081Z",
        "value": "2.5033700466156006",
        "cumulative": false
    },
    {
        "date": "2020-12-08T10:59:26.261Z",
        "value": "2.3975491523742676",
        "cumulative": false
    },
    {
        "date": "2020-12-08T10:59:31.456Z",
        "value": "2.4225785732269287",
        "cumulative": false
    },
    {
        "date": "2020-12-08T10:59:36.611Z",
        "value": "2.378139019012451",
        "cumulative": false
    },
    {
        "date": "2020-12-08T10:59:41.786Z",
        "value": "2.375181198120117",
        "cumulative": false
    },
    {
        "date": "2020-12-08T10:59:47.031Z",
        "value": "2.466515302658081",
        "cumulative": false
    },
    {
        "date": "2020-12-08T10:59:52.216Z",
        "value": "2.4172446727752686",
        "cumulative": false
    },
    {
        "date": "2020-12-08T10:59:57.454Z",
        "value": "2.441838502883911",
        "cumulative": false
    },
    {
        "date": "2020-12-08T11:00:02.695Z",
        "value": "2.402400493621826",
        "cumulative": false
    },
    {
        "date": "2020-12-08T11:00:07.900Z",
        "value": "2.430954694747925",
        "cumulative": false
    },
    {
        "date": "2020-12-08T11:00:13.162Z",
        "value": "2.477907657623291",
        "cumulative": false
    },
    {
        "date": "2020-12-08T11:00:18.412Z",
        "value": "2.4904117584228516",
        "cumulative": false
    },
    {
        "date": "2020-12-08T11:00:23.652Z",
        "value": "2.4461658000946045",
        "cumulative": false
    },
    {
        "date": "2020-12-08T11:00:28.891Z",
        "value": "2.4515395164489746",
        "cumulative": false
    },
    {
        "date": "2020-12-08T11:00:34.174Z",
        "value": "2.4941375255584717",
        "cumulative": false
    },
    {
        "date": "2020-12-08T11:00:39.412Z",
        "value": "2.49422550201416",
        "cumulative": false
    },
    {
        "date": "2020-12-08T11:00:44.664Z",
        "value": "2.48677396774292",
        "cumulative": false
    }
]