[
    {
        "date": "2020-12-08T10:59:16.550Z",
        "value": "10.15625",
        "cumulative": false
    },
    {
        "date": "2020-12-08T10:59:17.790Z",
        "value": "27.34375",
        "cumulative": false
    },
    {
        "date": "2020-12-08T10:59:18.967Z",
        "value": "26.5625",
        "cumulative": false
    },
    {
        "date": "2020-12-08T10:59:20.083Z",
        "value": "45.3125",
        "cumulative": false
    },
    {
        "date": "2020-12-08T10:59:21.826Z",
        "value": "43.75",
        "cumulative": false
    },
    {
        "date": "2020-12-08T10:59:22.997Z",
        "value": "49.21875",
        "cumulative": false
    },
    {
        "date": "2020-12-08T10:59:24.131Z",
        "value": "42.1875",
        "cumulative": false
    },
    {
        "date": "2020-12-08T10:59:25.254Z",
        "value": "60.15625",
        "cumulative": false
    },
    {
        "date": "2020-12-08T10:59:27.008Z",
        "value": "60.15625",
        "cumulative": false
    },
    {
        "date": "2020-12-08T10:59:28.174Z",
        "value": "63.28125",
        "cumulative": false
    },
    {
        "date": "2020-12-08T10:59:29.311Z",
        "value": "69.53125",
        "cumulative": false
    },
    {
        "date": "2020-12-08T10:59:30.442Z",
        "value": "60.15625",
        "cumulative": false
    },
    {
        "date": "2020-12-08T10:59:32.200Z",
        "value": "65.625",
        "cumulative": false
    },
    {
        "date": "2020-12-08T10:59:33.369Z",
        "value": "74.21875",
        "cumulative": false
    },
    {
        "date": "2020-12-08T10:59:34.498Z",
        "value": "72.65625",
        "cumulative": false
    },
    {
        "date": "2020-12-08T10:59:35.615Z",
        "value": "69.53125",
        "cumulative": false
    },
    {
        "date": "2020-12-08T10:59:37.357Z",
        "value": "78.90625",
        "cumulative": false
    },
    {
        "date": "2020-12-08T10:59:38.514Z",
        "value": "71.875",
        "cumulative": false
    },
    {
        "date": "2020-12-08T10:59:39.635Z",
        "value": "77.34375",
        "cumulative": false
    },
    {
        "date": "2020-12-08T10:59:40.779Z",
        "value": "71.09375",
        "cumulative": false
    },
    {
        "date": "2020-12-08T10:59:42.551Z",
        "value": "68.75",
        "cumulative": false
    },
    {
        "date": "2020-12-08T10:59:43.712Z",
        "value": "78.90625",
        "cumulative": false
    },
    {
        "date": "2020-12-08T10:59:44.883Z",
        "value": "78.125",
        "cumulative": false
    },
    {
        "date": "2020-12-08T10:59:46.002Z",
        "value": "79.6875",
        "cumulative": false
    },
    {
        "date": "2020-12-08T10:59:47.773Z",
        "value": "76.5625",
        "cumulative": false
    },
    {
        "date": "2020-12-08T10:59:48.922Z",
        "value": "70.3125",
        "cumulative": false
    },
    {
        "date": "2020-12-08T10:59:50.062Z",
        "value": "78.90625",
        "cumulative": false
    },
    {
        "date": "2020-12-08T10:59:51.190Z",
        "value": "85.9375",
        "cumulative": false
    },
    {
        "date": "2020-12-08T10:59:52.971Z",
        "value": "78.90625",
        "cumulative": false
    },
    {
        "date": "2020-12-08T10:59:54.130Z",
        "value": "78.125",
        "cumulative": false
    },
    {
        "date": "2020-12-08T10:59:55.292Z",
        "value": "82.03125",
        "cumulative": false
    },
    {
        "date": "2020-12-08T10:59:56.428Z",
        "value": "75.0",
        "cumulative": false
    },
    {
        "date": "2020-12-08T10:59:58.209Z",
        "value": "82.03125",
        "cumulative": false
    },
    {
        "date": "2020-12-08T10:59:59.351Z",
        "value": "83.59375",
        "cumulative": false
    },
    {
        "date": "2020-12-08T11:00:00.518Z",
        "value": "86.71875",
        "cumulative": false
    },
    {
        "date": "2020-12-08T11:00:01.665Z",
        "value": "75.0",
        "cumulative": false
    },
    {
        "date": "2020-12-08T11:00:03.412Z",
        "value": "82.03125",
        "cumulative": false
    },
    {
        "date": "2020-12-08T11:00:04.565Z",
        "value": "85.15625",
        "cumulative": false
    },
    {
        "date": "2020-12-08T11:00:05.732Z",
        "value": "85.15625",
        "cumulative": false
    },
    {
        "date": "2020-12-08T11:00:06.878Z",
        "value": "82.8125",
        "cumulative": false
    },
    {
        "date": "2020-12-08T11:00:08.670Z",
        "value": "85.9375",
        "cumulative": false
    },
    {
        "date": "2020-12-08T11:00:09.848Z",
        "value": "88.28125",
        "cumulative": false
    },
    {
        "date": "2020-12-08T11:00:10.989Z",
        "value": "85.15625",
        "cumulative": false
    },
    {
        "date": "2020-12-08T11:00:12.134Z",
        "value": "79.6875",
        "cumulative": false
    },
    {
        "date": "2020-12-08T11:00:13.925Z",
        "value": "85.15625",
        "cumulative": false
    },
    {
        "date": "2020-12-08T11:00:15.098Z",
        "value": "91.40625",
        "cumulative": false
    },
    {
        "date": "2020-12-08T11:00:16.242Z",
        "value": "84.375",
        "cumulative": false
    },
    {
        "date": "2020-12-08T11:00:17.385Z",
        "value": "85.15625",
        "cumulative": false
    },
    {
        "date": "2020-12-08T11:00:19.163Z",
        "value": "85.15625",
        "cumulative": false
    },
    {
        "date": "2020-12-08T11:00:20.345Z",
        "value": "82.8125",
        "cumulative": false
    },
    {
        "date": "2020-12-08T11:00:21.478Z",
        "value": "84.375",
        "cumulative": false
    },
    {
        "date": "2020-12-08T11:00:22.619Z",
        "value": "88.28125",
        "cumulative": false
    },
    {
        "date": "2020-12-08T11:00:24.397Z",
        "value": "80.46875",
        "cumulative": false
    },
    {
        "date": "2020-12-08T11:00:25.543Z",
        "value": "89.84375",
        "cumulative": false
    },
    {
        "date": "2020-12-08T11:00:26.713Z",
        "value": "88.28125",
        "cumulative": false
    },
    {
        "date": "2020-12-08T11:00:27.847Z",
        "value": "81.25",
        "cumulative": false
    },
    {
        "date": "2020-12-08T11:00:29.639Z",
        "value": "83.59375",
        "cumulative": false
    },
    {
        "date": "2020-12-08T11:00:30.834Z",
        "value": "83.59375",
        "cumulative": false
    },
    {
        "date": "2020-12-08T11:00:31.997Z",
        "value": "85.9375",
        "cumulative": false
    },
    {
        "date": "2020-12-08T11:00:33.146Z",
        "value": "85.15625",
        "cumulative": false
    },
    {
        "date": "2020-12-08T11:00:34.925Z",
        "value": "87.5",
        "cumulative": false
    },
    {
        "date": "2020-12-08T11:00:36.086Z",
        "value": "85.9375",
        "cumulative": false
    },
    {
        "date": "2020-12-08T11:00:37.244Z",
        "value": "82.03125",
        "cumulative": false
    },
    {
        "date": "2020-12-08T11:00:38.387Z",
        "value": "78.125",
        "cumulative": false
    },
    {
        "date": "2020-12-08T11:00:40.171Z",
        "value": "85.9375",
        "cumulative": false
    },
    {
        "date": "2020-12-08T11:00:41.367Z",
        "value": "86.71875",
        "cumulative": false
    },
    {
        "date": "2020-12-08T11:00:42.513Z",
        "value": "87.5",
        "cumulative": false
    },
    {
        "date": "2020-12-08T11:00:43.651Z",
        "value": "85.15625",
        "cumulative": false
    }
]