[
    {
        "date": "2020-12-08T10:59:21.073Z",
        "value": "0.01630091667175293",
        "cumulative": false
    },
    {
        "date": "2020-12-08T10:59:26.256Z",
        "value": "0.01640629768371582",
        "cumulative": false
    },
    {
        "date": "2020-12-08T10:59:31.445Z",
        "value": "0.015544652938842773",
        "cumulative": false
    },
    {
        "date": "2020-12-08T10:59:36.611Z",
        "value": "0.015642166137695312",
        "cumulative": false
    },
    {
        "date": "2020-12-08T10:59:41.784Z",
        "value": "0.016840457916259766",
        "cumulative": false
    },
    {
        "date": "2020-12-08T10:59:47.023Z",
        "value": "0.01962733268737793",
        "cumulative": false
    },
    {
        "date": "2020-12-08T10:59:52.207Z",
        "value": "0.016585588455200195",
        "cumulative": false
    },
    {
        "date": "2020-12-08T10:59:57.444Z",
        "value": "0.01839900016784668",
        "cumulative": false
    },
    {
        "date": "2020-12-08T11:00:02.691Z",
        "value": "0.016996145248413086",
        "cumulative": false
    },
    {
        "date": "2020-12-08T11:00:07.902Z",
        "value": "0.016794681549072266",
        "cumulative": false
    },
    {
        "date": "2020-12-08T11:00:13.159Z",
        "value": "0.016483068466186523",
        "cumulative": false
    },
    {
        "date": "2020-12-08T11:00:18.406Z",
        "value": "0.016914844512939453",
        "cumulative": false
    },
    {
        "date": "2020-12-08T11:00:23.660Z",
        "value": "0.016948223114013672",
        "cumulative": false
    },
    {
        "date": "2020-12-08T11:00:28.893Z",
        "value": "0.01701068878173828",
        "cumulative": false
    },
    {
        "date": "2020-12-08T11:00:34.173Z",
        "value": "0.01734304428100586",
        "cumulative": false
    },
    {
        "date": "2020-12-08T11:00:39.413Z",
        "value": "0.01676154136657715",
        "cumulative": false
    },
    {
        "date": "2020-12-08T11:00:44.663Z",
        "value": "0.01710677146911621",
        "cumulative": false
    }
]