[
    {
        "date": "2020-12-08T10:59:16.547Z",
        "value": "2.566725492477417",
        "cumulative": false
    },
    {
        "date": "2020-12-08T10:59:17.783Z",
        "value": "1.860082745552063",
        "cumulative": false
    },
    {
        "date": "2020-12-08T10:59:18.966Z",
        "value": "1.7355461120605469",
        "cumulative": false
    },
    {
        "date": "2020-12-08T10:59:20.082Z",
        "value": "1.4177535772323608",
        "cumulative": false
    },
    {
        "date": "2020-12-08T10:59:21.825Z",
        "value": "1.4134820699691772",
        "cumulative": false
    },
    {
        "date": "2020-12-08T10:59:22.997Z",
        "value": "1.2700459957122803",
        "cumulative": false
    },
    {
        "date": "2020-12-08T10:59:24.131Z",
        "value": "1.204337477684021",
        "cumulative": false
    },
    {
        "date": "2020-12-08T10:59:25.255Z",
        "value": "1.2831346988677979",
        "cumulative": false
    },
    {
        "date": "2020-12-08T10:59:27.012Z",
        "value": "1.0372264385223389",
        "cumulative": false
    },
    {
        "date": "2020-12-08T10:59:28.170Z",
        "value": "1.227186918258667",
        "cumulative": false
    },
    {
        "date": "2020-12-08T10:59:29.311Z",
        "value": "0.8770188093185425",
        "cumulative": false
    },
    {
        "date": "2020-12-08T10:59:30.441Z",
        "value": "1.0560684204101562",
        "cumulative": false
    },
    {
        "date": "2020-12-08T10:59:32.199Z",
        "value": "0.8024400472640991",
        "cumulative": false
    },
    {
        "date": "2020-12-08T10:59:33.364Z",
        "value": "1.0048885345458984",
        "cumulative": false
    },
    {
        "date": "2020-12-08T10:59:34.498Z",
        "value": "0.8850198984146118",
        "cumulative": false
    },
    {
        "date": "2020-12-08T10:59:35.615Z",
        "value": "0.7548115849494934",
        "cumulative": false
    },
    {
        "date": "2020-12-08T10:59:37.362Z",
        "value": "0.6546405553817749",
        "cumulative": false
    },
    {
        "date": "2020-12-08T10:59:38.510Z",
        "value": "0.7539443969726562",
        "cumulative": false
    },
    {
        "date": "2020-12-08T10:59:39.635Z",
        "value": "0.7750723361968994",
        "cumulative": false
    },
    {
        "date": "2020-12-08T10:59:40.775Z",
        "value": "0.7670941948890686",
        "cumulative": false
    },
    {
        "date": "2020-12-08T10:59:42.550Z",
        "value": "0.7098197937011719",
        "cumulative": false
    },
    {
        "date": "2020-12-08T10:59:43.715Z",
        "value": "0.9054543972015381",
        "cumulative": false
    },
    {
        "date": "2020-12-08T10:59:44.883Z",
        "value": "0.5926097631454468",
        "cumulative": false
    },
    {
        "date": "2020-12-08T10:59:45.998Z",
        "value": "0.7064624428749084",
        "cumulative": false
    },
    {
        "date": "2020-12-08T10:59:47.773Z",
        "value": "0.4991686940193176",
        "cumulative": false
    },
    {
        "date": "2020-12-08T10:59:48.922Z",
        "value": "0.6909844279289246",
        "cumulative": false
    },
    {
        "date": "2020-12-08T10:59:50.065Z",
        "value": "0.6081472039222717",
        "cumulative": false
    },
    {
        "date": "2020-12-08T10:59:51.192Z",
        "value": "0.6784641742706299",
        "cumulative": false
    },
    {
        "date": "2020-12-08T10:59:52.972Z",
        "value": "0.5439857244491577",
        "cumulative": false
    },
    {
        "date": "2020-12-08T10:59:54.126Z",
        "value": "0.5893964767456055",
        "cumulative": false
    },
    {
        "date": "2020-12-08T10:59:55.291Z",
        "value": "0.5510261654853821",
        "cumulative": false
    },
    {
        "date": "2020-12-08T10:59:56.432Z",
        "value": "0.47289490699768066",
        "cumulative": false
    },
    {
        "date": "2020-12-08T10:59:58.203Z",
        "value": "0.5563435554504395",
        "cumulative": false
    },
    {
        "date": "2020-12-08T10:59:59.352Z",
        "value": "0.6664935946464539",
        "cumulative": false
    },
    {
        "date": "2020-12-08T11:00:00.516Z",
        "value": "0.4492858052253723",
        "cumulative": false
    },
    {
        "date": "2020-12-08T11:00:01.663Z",
        "value": "0.6096627116203308",
        "cumulative": false
    },
    {
        "date": "2020-12-08T11:00:03.416Z",
        "value": "0.48430854082107544",
        "cumulative": false
    },
    {
        "date": "2020-12-08T11:00:04.565Z",
        "value": "0.5229983925819397",
        "cumulative": false
    },
    {
        "date": "2020-12-08T11:00:05.733Z",
        "value": "0.47200655937194824",
        "cumulative": false
    },
    {
        "date": "2020-12-08T11:00:06.881Z",
        "value": "0.3913578391075134",
        "cumulative": false
    },
    {
        "date": "2020-12-08T11:00:08.669Z",
        "value": "0.546173095703125",
        "cumulative": false
    },
    {
        "date": "2020-12-08T11:00:09.842Z",
        "value": "0.5048022270202637",
        "cumulative": false
    },
    {
        "date": "2020-12-08T11:00:10.989Z",
        "value": "0.4022553563117981",
        "cumulative": false
    },
    {
        "date": "2020-12-08T11:00:12.133Z",
        "value": "0.49398982524871826",
        "cumulative": false
    },
    {
        "date": "2020-12-08T11:00:13.918Z",
        "value": "0.35199809074401855",
        "cumulative": false
    },
    {
        "date": "2020-12-08T11:00:15.094Z",
        "value": "0.6088622808456421",
        "cumulative": false
    },
    {
        "date": "2020-12-08T11:00:16.246Z",
        "value": "0.4088997542858124",
        "cumulative": false
    },
    {
        "date": "2020-12-08T11:00:17.384Z",
        "value": "0.3973011374473572",
        "cumulative": false
    },
    {
        "date": "2020-12-08T11:00:19.163Z",
        "value": "0.48090100288391113",
        "cumulative": false
    },
    {
        "date": "2020-12-08T11:00:20.348Z",
        "value": "0.3634399175643921",
        "cumulative": false
    },
    {
        "date": "2020-12-08T11:00:21.478Z",
        "value": "0.33956998586654663",
        "cumulative": false
    },
    {
        "date": "2020-12-08T11:00:22.623Z",
        "value": "0.4009687304496765",
        "cumulative": false
    },
    {
        "date": "2020-12-08T11:00:24.395Z",
        "value": "0.42749884724617004",
        "cumulative": false
    },
    {
        "date": "2020-12-08T11:00:25.543Z",
        "value": "0.4565686583518982",
        "cumulative": false
    },
    {
        "date": "2020-12-08T11:00:26.708Z",
        "value": "0.43363648653030396",
        "cumulative": false
    },
    {
        "date": "2020-12-08T11:00:27.850Z",
        "value": "0.504626989364624",
        "cumulative": false
    },
    {
        "date": "2020-12-08T11:00:29.638Z",
        "value": "0.35156548023223877",
        "cumulative": false
    },
    {
        "date": "2020-12-08T11:00:30.833Z",
        "value": "0.33810967206954956",
        "cumulative": false
    },
    {
        "date": "2020-12-08T11:00:32.001Z",
        "value": "0.5075206160545349",
        "cumulative": false
    },
    {
        "date": "2020-12-08T11:00:33.142Z",
        "value": "0.39803868532180786",
        "cumulative": false
    },
    {
        "date": "2020-12-08T11:00:34.925Z",
        "value": "0.4162400960922241",
        "cumulative": false
    },
    {
        "date": "2020-12-08T11:00:36.086Z",
        "value": "0.33193239569664",
        "cumulative": false
    },
    {
        "date": "2020-12-08T11:00:37.246Z",
        "value": "0.33187368512153625",
        "cumulative": false
    },
    {
        "date": "2020-12-08T11:00:38.385Z",
        "value": "0.3966118395328522",
        "cumulative": false
    },
    {
        "date": "2020-12-08T11:00:40.170Z",
        "value": "0.36888718605041504",
        "cumulative": false
    },
    {
        "date": "2020-12-08T11:00:41.370Z",
        "value": "0.3965931534767151",
        "cumulative": false
    },
    {
        "date": "2020-12-08T11:00:42.511Z",
        "value": "0.35816898941993713",
        "cumulative": false
    },
    {
        "date": "2020-12-08T11:00:43.652Z",
        "value": "0.43237802386283875",
        "cumulative": false
    }
]