[
    {
        "date": "2020-09-10T15:34:04Z",
        "value": "495.0221252441406",
        "cumulative": true
    },
    {
        "date": "2020-09-10T15:34:21Z",
        "value": "4861.936388969421",
        "cumulative": true
    },
    {
        "date": "2020-09-10T15:34:41Z",
        "value": "9875.31334400177",
        "cumulative": true
    },
    {
        "date": "2020-09-10T15:34:59Z",
        "value": "14211.922203063965",
        "cumulative": true
    },
    {
        "date": "2020-09-10T15:35:11Z",
        "value": "16682.97145843506",
        "cumulative": true
    },
    {
        "date": "2020-09-10T15:35:26Z",
        "value": "20074.998378753662",
        "cumulative": true
    },
    {
        "date": "2020-09-10T15:35:45Z",
        "value": "24104.39980506897",
        "cumulative": true
    },
    {
        "date": "2020-09-10T15:35:59Z",
        "value": "27197.80051422119",
        "cumulative": true
    },
    {
        "date": "2020-09-10T15:36:19Z",
        "value": "31826.43888568878",
        "cumulative": true
    },
    {
        "date": "2020-09-10T15:36:39Z",
        "value": "35822.19294643402",
        "cumulative": true
    },
    {
        "date": "2020-09-10T15:36:56Z",
        "value": "39352.41172885895",
        "cumulative": true
    },
    {
        "date": "2020-09-10T15:37:07Z",
        "value": "41944.77244281769",
        "cumulative": true
    },
    {
        "date": "2020-09-10T15:37:27Z",
        "value": "46378.489188194275",
        "cumulative": true
    },
    {
        "date": "2020-09-10T15:37:44Z",
        "value": "50323.80647563934",
        "cumulative": true
    },
    {
        "date": "2020-09-10T15:37:56Z",
        "value": "53050.5856256485",
        "cumulative": true
    },
    {
        "date": "2020-09-10T15:38:09Z",
        "value": "56068.421261787415",
        "cumulative": true
    },
    {
        "date": "2020-09-10T15:38:20Z",
        "value": "58436.43672084808",
        "cumulative": true
    },
    {
        "date": "2020-09-10T15:38:36Z",
        "value": "61821.52546977997",
        "cumulative": true
    },
    {
        "date": "2020-09-10T15:38:55Z",
        "value": "66521.79400730133",
        "cumulative": true
    },
    {
        "date": "2020-09-10T15:39:11Z",
        "value": "70102.48555469513",
        "cumulative": true
    },
    {
        "date": "2020-09-10T15:39:21Z",
        "value": "72428.65771198273",
        "cumulative": true
    },
    {
        "date": "2020-09-10T15:39:40Z",
        "value": "76608.07427787781",
        "cumulative": true
    },
    {
        "date": "2020-09-10T15:39:50Z",
        "value": "78817.05560112",
        "cumulative": true
    },
    {
        "date": "2020-09-10T15:40:04Z",
        "value": "81789.01247406006",
        "cumulative": true
    },
    {
        "date": "2020-09-10T15:40:20Z",
        "value": "85404.91996002197",
        "cumulative": true
    },
    {
        "date": "2020-09-10T15:40:31Z",
        "value": "87692.9883518219",
        "cumulative": true
    },
    {
        "date": "2020-09-10T15:40:46Z",
        "value": "91123.24598121643",
        "cumulative": true
    },
    {
        "date": "2020-09-10T15:41:05Z",
        "value": "95378.39758586884",
        "cumulative": true
    },
    {
        "date": "2020-09-10T15:41:24Z",
        "value": "99667.90969753265",
        "cumulative": true
    },
    {
        "date": "2020-09-10T15:41:42Z",
        "value": "104154.8991689682",
        "cumulative": true
    },
    {
        "date": "2020-09-10T15:41:55Z",
        "value": "107094.51568698883",
        "cumulative": true
    },
    {
        "date": "2020-09-10T15:42:10Z",
        "value": "110480.79094219208",
        "cumulative": true
    },
    {
        "date": "2020-09-10T15:42:29Z",
        "value": "114303.91637134552",
        "cumulative": true
    },
    {
        "date": "2020-09-10T15:42:42Z",
        "value": "117011.52245903015",
        "cumulative": true
    },
    {
        "date": "2020-09-10T15:42:53Z",
        "value": "119448.1574459076",
        "cumulative": true
    },
    {
        "date": "2020-09-10T15:43:07Z",
        "value": "122802.05077171326",
        "cumulative": true
    },
    {
        "date": "2020-09-10T15:43:20Z",
        "value": "126076.25064468384",
        "cumulative": true
    },
    {
        "date": "2020-09-10T15:43:33Z",
        "value": "128978.87324905396",
        "cumulative": true
    },
    {
        "date": "2020-09-10T15:43:49Z",
        "value": "132359.39448165894",
        "cumulative": true
    },
    {
        "date": "2020-09-10T15:44:00Z",
        "value": "134945.12137413025",
        "cumulative": true
    },
    {
        "date": "2020-09-10T15:44:16Z",
        "value": "138326.5892829895",
        "cumulative": true
    },
    {
        "date": "2020-09-10T15:44:30Z",
        "value": "141338.7455253601",
        "cumulative": true
    },
    {
        "date": "2020-09-10T15:44:48Z",
        "value": "145435.2901763916",
        "cumulative": true
    },
    {
        "date": "2020-09-10T15:45:08Z",
        "value": "150127.00716495514",
        "cumulative": true
    },
    {
        "date": "2020-09-10T15:45:18Z",
        "value": "152444.0535917282",
        "cumulative": true
    },
    {
        "date": "2020-09-10T15:45:37Z",
        "value": "157014.10072231293",
        "cumulative": true
    },
    {
        "date": "2020-09-10T15:45:54Z",
        "value": "160825.47044086456",
        "cumulative": true
    },
    {
        "date": "2020-09-10T15:46:09Z",
        "value": "164289.27449512482",
        "cumulative": true
    },
    {
        "date": "2020-09-10T15:46:21Z",
        "value": "166979.02633953094",
        "cumulative": true
    },
    {
        "date": "2020-09-10T15:46:38Z",
        "value": "171198.8316373825",
        "cumulative": true
    },
    {
        "date": "2020-09-10T15:46:52Z",
        "value": "174202.66167926788",
        "cumulative": true
    },
    {
        "date": "2020-09-10T15:47:04Z",
        "value": "176955.41368961334",
        "cumulative": true
    },
    {
        "date": "2020-09-10T15:47:14Z",
        "value": "179267.3491678238",
        "cumulative": true
    },
    {
        "date": "2020-09-10T15:47:29Z",
        "value": "182629.40243434906",
        "cumulative": true
    },
    {
        "date": "2020-09-10T15:47:41Z",
        "value": "184654.9676141739",
        "cumulative": true
    }
]