[
    {
        "date": "2020-09-10T15:34:05Z",
        "value": "746.4488897323608",
        "cumulative": true
    },
    {
        "date": "2020-09-10T15:34:19Z",
        "value": "4305.820045471191",
        "cumulative": true
    },
    {
        "date": "2020-09-10T15:34:33Z",
        "value": "7960.984059333801",
        "cumulative": true
    },
    {
        "date": "2020-09-10T15:34:52Z",
        "value": "12459.592658996582",
        "cumulative": true
    },
    {
        "date": "2020-09-10T15:35:02Z",
        "value": "14823.786101341248",
        "cumulative": true
    },
    {
        "date": "2020-09-10T15:35:13Z",
        "value": "17134.8480386734",
        "cumulative": true
    },
    {
        "date": "2020-09-10T15:35:32Z",
        "value": "21357.957124710083",
        "cumulative": true
    },
    {
        "date": "2020-09-10T15:35:45Z",
        "value": "24229.31046104431",
        "cumulative": true
    },
    {
        "date": "2020-09-10T15:35:58Z",
        "value": "26907.235843658447",
        "cumulative": true
    },
    {
        "date": "2020-09-10T15:36:17Z",
        "value": "31348.272673606873",
        "cumulative": true
    },
    {
        "date": "2020-09-10T15:36:33Z",
        "value": "34439.982436180115",
        "cumulative": true
    },
    {
        "date": "2020-09-10T15:36:49Z",
        "value": "37885.37423324585",
        "cumulative": true
    },
    {
        "date": "2020-09-10T15:37:07Z",
        "value": "41949.53281402588",
        "cumulative": true
    },
    {
        "date": "2020-09-10T15:37:19Z",
        "value": "44605.5242767334",
        "cumulative": true
    },
    {
        "date": "2020-09-10T15:37:38Z",
        "value": "48790.50831794739",
        "cumulative": true
    },
    {
        "date": "2020-09-10T15:37:49Z",
        "value": "51418.83320808411",
        "cumulative": true
    },
    {
        "date": "2020-09-10T15:38:00Z",
        "value": "54050.828437805176",
        "cumulative": true
    },
    {
        "date": "2020-09-10T15:38:10Z",
        "value": "56445.92436790466",
        "cumulative": true
    },
    {
        "date": "2020-09-10T15:38:23Z",
        "value": "59190.995924949646",
        "cumulative": true
    },
    {
        "date": "2020-09-10T15:38:40Z",
        "value": "62709.89170360565",
        "cumulative": true
    },
    {
        "date": "2020-09-10T15:38:52Z",
        "value": "65927.84833812714",
        "cumulative": true
    },
    {
        "date": "2020-09-10T15:39:10Z",
        "value": "69844.61843395233",
        "cumulative": true
    },
    {
        "date": "2020-09-10T15:39:23Z",
        "value": "72733.87890052795",
        "cumulative": true
    },
    {
        "date": "2020-09-10T15:39:33Z",
        "value": "75120.09128570557",
        "cumulative": true
    },
    {
        "date": "2020-09-10T15:39:50Z",
        "value": "78940.70438957214",
        "cumulative": true
    },
    {
        "date": "2020-09-10T15:40:02Z",
        "value": "81424.96596336365",
        "cumulative": true
    },
    {
        "date": "2020-09-10T15:40:18Z",
        "value": "84861.18922233582",
        "cumulative": true
    },
    {
        "date": "2020-09-10T15:40:35Z",
        "value": "88747.62463188171",
        "cumulative": true
    },
    {
        "date": "2020-09-10T15:40:46Z",
        "value": "91155.93819236755",
        "cumulative": true
    },
    {
        "date": "2020-09-10T15:41:05Z",
        "value": "95319.20097351074",
        "cumulative": true
    },
    {
        "date": "2020-09-10T15:41:15Z",
        "value": "97744.2915725708",
        "cumulative": true
    },
    {
        "date": "2020-09-10T15:41:27Z",
        "value": "100517.73676490784",
        "cumulative": true
    },
    {
        "date": "2020-09-10T15:41:44Z",
        "value": "104547.17785072327",
        "cumulative": true
    },
    {
        "date": "2020-09-10T15:42:02Z",
        "value": "108588.76663780212",
        "cumulative": true
    },
    {
        "date": "2020-09-10T15:42:14Z",
        "value": "111459.61714744568",
        "cumulative": true
    },
    {
        "date": "2020-09-10T15:42:29Z",
        "value": "114389.5366153717",
        "cumulative": true
    },
    {
        "date": "2020-09-10T15:42:41Z",
        "value": "116750.46913051605",
        "cumulative": true
    },
    {
        "date": "2020-09-10T15:42:53Z",
        "value": "119492.47155857086",
        "cumulative": true
    },
    {
        "date": "2020-09-10T15:43:10Z",
        "value": "123455.69538593292",
        "cumulative": true
    },
    {
        "date": "2020-09-10T15:43:22Z",
        "value": "126488.96156024933",
        "cumulative": true
    },
    {
        "date": "2020-09-10T15:43:37Z",
        "value": "129823.33188343048",
        "cumulative": true
    },
    {
        "date": "2020-09-10T15:43:55Z",
        "value": "133647.25812244415",
        "cumulative": true
    },
    {
        "date": "2020-09-10T15:44:08Z",
        "value": "136566.54736614227",
        "cumulative": true
    },
    {
        "date": "2020-09-10T15:44:23Z",
        "value": "139869.74711704254",
        "cumulative": true
    },
    {
        "date": "2020-09-10T15:44:34Z",
        "value": "142022.69284152985",
        "cumulative": true
    },
    {
        "date": "2020-09-10T15:44:44Z",
        "value": "144441.95267391205",
        "cumulative": true
    },
    {
        "date": "2020-09-10T15:44:58Z",
        "value": "147955.5810699463",
        "cumulative": true
    },
    {
        "date": "2020-09-10T15:45:11Z",
        "value": "151039.43840026855",
        "cumulative": true
    },
    {
        "date": "2020-09-10T15:45:24Z",
        "value": "154141.31461334229",
        "cumulative": true
    },
    {
        "date": "2020-09-10T15:45:39Z",
        "value": "157747.40671730042",
        "cumulative": true
    },
    {
        "date": "2020-09-10T15:45:52Z",
        "value": "160501.61430358887",
        "cumulative": true
    },
    {
        "date": "2020-09-10T15:46:11Z",
        "value": "164736.0673313141",
        "cumulative": true
    },
    {
        "date": "2020-09-10T15:46:23Z",
        "value": "167428.36368751526",
        "cumulative": true
    },
    {
        "date": "2020-09-10T15:46:34Z",
        "value": "170117.19693946838",
        "cumulative": true
    },
    {
        "date": "2020-09-10T15:46:49Z",
        "value": "173570.23450660706",
        "cumulative": true
    },
    {
        "date": "2020-09-10T15:47:01Z",
        "value": "176256.13111686707",
        "cumulative": true
    },
    {
        "date": "2020-09-10T15:47:20Z",
        "value": "180872.66079711914",
        "cumulative": true
    },
    {
        "date": "2020-09-10T15:47:39Z",
        "value": "184727.0024394989",
        "cumulative": true
    }
]