[
    {
        "date": "2020-09-10T15:33:55Z",
        "value": "1.703125",
        "cumulative": false
    },
    {
        "date": "2020-09-10T15:34:05Z",
        "value": "135.66015625",
        "cumulative": false
    },
    {
        "date": "2020-09-10T15:34:17Z",
        "value": "149.0234375",
        "cumulative": false
    },
    {
        "date": "2020-09-10T15:34:30Z",
        "value": "149.19140625",
        "cumulative": false
    },
    {
        "date": "2020-09-10T15:34:44Z",
        "value": "177.2890625",
        "cumulative": false
    },
    {
        "date": "2020-09-10T15:34:57Z",
        "value": "189.51953125",
        "cumulative": false
    },
    {
        "date": "2020-09-10T15:35:10Z",
        "value": "202.09765625",
        "cumulative": false
    },
    {
        "date": "2020-09-10T15:35:27Z",
        "value": "177.74609375",
        "cumulative": false
    },
    {
        "date": "2020-09-10T15:35:44Z",
        "value": "190.109375",
        "cumulative": false
    },
    {
        "date": "2020-09-10T15:36:01Z",
        "value": "190.09765625",
        "cumulative": false
    },
    {
        "date": "2020-09-10T15:36:18Z",
        "value": "228.47265625",
        "cumulative": false
    },
    {
        "date": "2020-09-10T15:36:37Z",
        "value": "237.5703125",
        "cumulative": false
    },
    {
        "date": "2020-09-10T15:36:53Z",
        "value": "246.06640625",
        "cumulative": false
    },
    {
        "date": "2020-09-10T15:37:06Z",
        "value": "225.25390625",
        "cumulative": false
    },
    {
        "date": "2020-09-10T15:37:19Z",
        "value": "302.81640625",
        "cumulative": false
    },
    {
        "date": "2020-09-10T15:37:33Z",
        "value": "249.9765625",
        "cumulative": false
    },
    {
        "date": "2020-09-10T15:37:43Z",
        "value": "292.3515625",
        "cumulative": false
    },
    {
        "date": "2020-09-10T15:37:55Z",
        "value": "324.46875",
        "cumulative": false
    },
    {
        "date": "2020-09-10T15:38:08Z",
        "value": "249.9765625",
        "cumulative": false
    },
    {
        "date": "2020-09-10T15:38:20Z",
        "value": "281.3515625",
        "cumulative": false
    },
    {
        "date": "2020-09-10T15:38:33Z",
        "value": "362.25390625",
        "cumulative": false
    },
    {
        "date": "2020-09-10T15:38:46Z",
        "value": "281.3515625",
        "cumulative": false
    },
    {
        "date": "2020-09-10T15:39:02Z",
        "value": "281.3515625",
        "cumulative": false
    },
    {
        "date": "2020-09-10T15:39:20Z",
        "value": "387.87890625",
        "cumulative": false
    },
    {
        "date": "2020-09-10T15:39:33Z",
        "value": "326.8671875",
        "cumulative": false
    },
    {
        "date": "2020-09-10T15:39:51Z",
        "value": "485.74609375",
        "cumulative": false
    },
    {
        "date": "2020-09-10T15:40:06Z",
        "value": "320.8515625",
        "cumulative": false
    },
    {
        "date": "2020-09-10T15:40:16Z",
        "value": "419.87109375",
        "cumulative": false
    },
    {
        "date": "2020-09-10T15:40:31Z",
        "value": "379.72265625",
        "cumulative": false
    },
    {
        "date": "2020-09-10T15:40:48Z",
        "value": "320.8515625",
        "cumulative": false
    },
    {
        "date": "2020-09-10T15:41:06Z",
        "value": "370.7265625",
        "cumulative": false
    },
    {
        "date": "2020-09-10T15:41:25Z",
        "value": "499.984375",
        "cumulative": false
    },
    {
        "date": "2020-09-10T15:41:44Z",
        "value": "370.7265625",
        "cumulative": false
    },
    {
        "date": "2020-09-10T15:42:03Z",
        "value": "370.61328125",
        "cumulative": false
    },
    {
        "date": "2020-09-10T15:42:18Z",
        "value": "370.7265625",
        "cumulative": false
    },
    {
        "date": "2020-09-10T15:42:36Z",
        "value": "180.46875",
        "cumulative": false
    },
    {
        "date": "2020-09-10T15:42:51Z",
        "value": "433.62890625",
        "cumulative": false
    },
    {
        "date": "2020-09-10T15:43:09Z",
        "value": "592.44921875",
        "cumulative": false
    },
    {
        "date": "2020-09-10T15:43:25Z",
        "value": "433.57421875",
        "cumulative": false
    },
    {
        "date": "2020-09-10T15:43:43Z",
        "value": "433.6015625",
        "cumulative": false
    },
    {
        "date": "2020-09-10T15:43:56Z",
        "value": "433.57421875",
        "cumulative": false
    },
    {
        "date": "2020-09-10T15:44:06Z",
        "value": "433.57421875",
        "cumulative": false
    },
    {
        "date": "2020-09-10T15:44:23Z",
        "value": "465.57421875",
        "cumulative": false
    },
    {
        "date": "2020-09-10T15:44:38Z",
        "value": "433.6015625",
        "cumulative": false
    },
    {
        "date": "2020-09-10T15:44:56Z",
        "value": "860.31640625",
        "cumulative": false
    },
    {
        "date": "2020-09-10T15:45:12Z",
        "value": "513.06640625",
        "cumulative": false
    },
    {
        "date": "2020-09-10T15:45:31Z",
        "value": "513.06640625",
        "cumulative": false
    },
    {
        "date": "2020-09-10T15:45:44Z",
        "value": "863.8203125",
        "cumulative": false
    },
    {
        "date": "2020-09-10T15:45:58Z",
        "value": "513.06640625",
        "cumulative": false
    },
    {
        "date": "2020-09-10T15:46:15Z",
        "value": "570.2265625",
        "cumulative": false
    },
    {
        "date": "2020-09-10T15:46:26Z",
        "value": "779.81640625",
        "cumulative": false
    },
    {
        "date": "2020-09-10T15:46:40Z",
        "value": "513.0703125",
        "cumulative": false
    },
    {
        "date": "2020-09-10T15:46:50Z",
        "value": "527.8203125",
        "cumulative": false
    },
    {
        "date": "2020-09-10T15:47:03Z",
        "value": "513.0703125",
        "cumulative": false
    },
    {
        "date": "2020-09-10T15:47:18Z",
        "value": "513.1015625",
        "cumulative": false
    },
    {
        "date": "2020-09-10T15:47:29Z",
        "value": "513.06640625",
        "cumulative": false
    },
    {
        "date": "2020-09-10T15:47:40Z",
        "value": "130.84375",
        "cumulative": false
    }
]