[
    {
        "date": "2020-09-10T15:34:04Z",
        "value": "494.66469383239746",
        "cumulative": true
    },
    {
        "date": "2020-09-10T15:34:21Z",
        "value": "4863.093322753906",
        "cumulative": true
    },
    {
        "date": "2020-09-10T15:34:41Z",
        "value": "9873.505430221558",
        "cumulative": true
    },
    {
        "date": "2020-09-10T15:34:59Z",
        "value": "14214.993856430054",
        "cumulative": true
    },
    {
        "date": "2020-09-10T15:35:11Z",
        "value": "16673.4662399292",
        "cumulative": true
    },
    {
        "date": "2020-09-10T15:35:26Z",
        "value": "20047.91455745697",
        "cumulative": true
    },
    {
        "date": "2020-09-10T15:35:45Z",
        "value": "24100.678416252136",
        "cumulative": true
    },
    {
        "date": "2020-09-10T15:35:59Z",
        "value": "27190.49876308441",
        "cumulative": true
    },
    {
        "date": "2020-09-10T15:36:19Z",
        "value": "31837.029698371887",
        "cumulative": true
    },
    {
        "date": "2020-09-10T15:36:39Z",
        "value": "35798.69168949127",
        "cumulative": true
    },
    {
        "date": "2020-09-10T15:36:56Z",
        "value": "39329.45150184631",
        "cumulative": true
    },
    {
        "date": "2020-09-10T15:37:07Z",
        "value": "41924.93538284302",
        "cumulative": true
    },
    {
        "date": "2020-09-10T15:37:27Z",
        "value": "46367.15957260132",
        "cumulative": true
    },
    {
        "date": "2020-09-10T15:37:44Z",
        "value": "50312.092416763306",
        "cumulative": true
    },
    {
        "date": "2020-09-10T15:37:56Z",
        "value": "53036.84118461609",
        "cumulative": true
    },
    {
        "date": "2020-09-10T15:38:09Z",
        "value": "56053.268898010254",
        "cumulative": true
    },
    {
        "date": "2020-09-10T15:38:20Z",
        "value": "58412.810004234314",
        "cumulative": true
    },
    {
        "date": "2020-09-10T15:38:36Z",
        "value": "61837.60535907745",
        "cumulative": true
    },
    {
        "date": "2020-09-10T15:38:55Z",
        "value": "66483.28843402863",
        "cumulative": true
    },
    {
        "date": "2020-09-10T15:39:11Z",
        "value": "70087.00265598297",
        "cumulative": true
    },
    {
        "date": "2020-09-10T15:39:21Z",
        "value": "72421.65382289886",
        "cumulative": true
    },
    {
        "date": "2020-09-10T15:39:40Z",
        "value": "76585.72211933136",
        "cumulative": true
    },
    {
        "date": "2020-09-10T15:39:50Z",
        "value": "78811.86413097382",
        "cumulative": true
    },
    {
        "date": "2020-09-10T15:40:04Z",
        "value": "81766.47389507294",
        "cumulative": true
    },
    {
        "date": "2020-09-10T15:40:20Z",
        "value": "85379.4634885788",
        "cumulative": true
    },
    {
        "date": "2020-09-10T15:40:31Z",
        "value": "87672.72615909576",
        "cumulative": true
    },
    {
        "date": "2020-09-10T15:40:46Z",
        "value": "91103.49292087555",
        "cumulative": true
    },
    {
        "date": "2020-09-10T15:41:05Z",
        "value": "95351.78797912598",
        "cumulative": true
    },
    {
        "date": "2020-09-10T15:41:24Z",
        "value": "99643.74387931824",
        "cumulative": true
    },
    {
        "date": "2020-09-10T15:41:42Z",
        "value": "104111.6985244751",
        "cumulative": true
    },
    {
        "date": "2020-09-10T15:41:55Z",
        "value": "107079.80133628845",
        "cumulative": true
    },
    {
        "date": "2020-09-10T15:42:10Z",
        "value": "110447.84731292725",
        "cumulative": true
    },
    {
        "date": "2020-09-10T15:42:29Z",
        "value": "114188.90510749817",
        "cumulative": true
    },
    {
        "date": "2020-09-10T15:42:42Z",
        "value": "116975.29707145691",
        "cumulative": true
    },
    {
        "date": "2020-09-10T15:42:53Z",
        "value": "119414.23476219177",
        "cumulative": true
    },
    {
        "date": "2020-09-10T15:43:07Z",
        "value": "122756.3696193695",
        "cumulative": true
    },
    {
        "date": "2020-09-10T15:43:20Z",
        "value": "126088.10040473938",
        "cumulative": true
    },
    {
        "date": "2020-09-10T15:43:33Z",
        "value": "128939.96612739563",
        "cumulative": true
    },
    {
        "date": "2020-09-10T15:43:49Z",
        "value": "132421.10265541077",
        "cumulative": true
    },
    {
        "date": "2020-09-10T15:44:00Z",
        "value": "134914.99046325684",
        "cumulative": true
    },
    {
        "date": "2020-09-10T15:44:16Z",
        "value": "138294.3758907318",
        "cumulative": true
    },
    {
        "date": "2020-09-10T15:44:30Z",
        "value": "141310.01383209229",
        "cumulative": true
    },
    {
        "date": "2020-09-10T15:44:48Z",
        "value": "145409.26640701294",
        "cumulative": true
    },
    {
        "date": "2020-09-10T15:45:08Z",
        "value": "150095.1750011444",
        "cumulative": true
    },
    {
        "date": "2020-09-10T15:45:18Z",
        "value": "152415.9038772583",
        "cumulative": true
    },
    {
        "date": "2020-09-10T15:45:37Z",
        "value": "156966.98657608032",
        "cumulative": true
    },
    {
        "date": "2020-09-10T15:45:54Z",
        "value": "160774.40326690674",
        "cumulative": true
    },
    {
        "date": "2020-09-10T15:46:09Z",
        "value": "164230.12608337402",
        "cumulative": true
    },
    {
        "date": "2020-09-10T15:46:21Z",
        "value": "166931.12896728516",
        "cumulative": true
    },
    {
        "date": "2020-09-10T15:46:38Z",
        "value": "171144.62740516663",
        "cumulative": true
    },
    {
        "date": "2020-09-10T15:46:52Z",
        "value": "174124.19286346436",
        "cumulative": true
    },
    {
        "date": "2020-09-10T15:47:04Z",
        "value": "176914.21197128296",
        "cumulative": true
    },
    {
        "date": "2020-09-10T15:47:14Z",
        "value": "179220.72539138794",
        "cumulative": true
    },
    {
        "date": "2020-09-10T15:47:29Z",
        "value": "182482.5427055359",
        "cumulative": true
    },
    {
        "date": "2020-09-10T15:47:41Z",
        "value": "184596.1336555481",
        "cumulative": true
    }
]