[
    {
        "date": "2020-09-10T15:34:05Z",
        "value": "746.3795700073242",
        "cumulative": true
    },
    {
        "date": "2020-09-10T15:34:19Z",
        "value": "4307.314763069153",
        "cumulative": true
    },
    {
        "date": "2020-09-10T15:34:33Z",
        "value": "7962.006791114807",
        "cumulative": true
    },
    {
        "date": "2020-09-10T15:34:52Z",
        "value": "12448.597414970398",
        "cumulative": true
    },
    {
        "date": "2020-09-10T15:35:02Z",
        "value": "14807.027953147888",
        "cumulative": true
    },
    {
        "date": "2020-09-10T15:35:13Z",
        "value": "17115.58944797516",
        "cumulative": true
    },
    {
        "date": "2020-09-10T15:35:32Z",
        "value": "21341.6306848526",
        "cumulative": true
    },
    {
        "date": "2020-09-10T15:35:45Z",
        "value": "24211.54856777191",
        "cumulative": true
    },
    {
        "date": "2020-09-10T15:35:58Z",
        "value": "26885.139351844788",
        "cumulative": true
    },
    {
        "date": "2020-09-10T15:36:17Z",
        "value": "31309.326886177063",
        "cumulative": true
    },
    {
        "date": "2020-09-10T15:36:33Z",
        "value": "34398.36773395538",
        "cumulative": true
    },
    {
        "date": "2020-09-10T15:36:49Z",
        "value": "37838.385701179504",
        "cumulative": true
    },
    {
        "date": "2020-09-10T15:37:07Z",
        "value": "41912.18323612213",
        "cumulative": true
    },
    {
        "date": "2020-09-10T15:37:19Z",
        "value": "44563.7716550827",
        "cumulative": true
    },
    {
        "date": "2020-09-10T15:37:38Z",
        "value": "48739.97647190094",
        "cumulative": true
    },
    {
        "date": "2020-09-10T15:37:49Z",
        "value": "51371.91550350189",
        "cumulative": true
    },
    {
        "date": "2020-09-10T15:38:00Z",
        "value": "54000.85325336456",
        "cumulative": true
    },
    {
        "date": "2020-09-10T15:38:10Z",
        "value": "56391.38429355621",
        "cumulative": true
    },
    {
        "date": "2020-09-10T15:38:23Z",
        "value": "59089.54219913483",
        "cumulative": true
    },
    {
        "date": "2020-09-10T15:38:40Z",
        "value": "62641.16810321808",
        "cumulative": true
    },
    {
        "date": "2020-09-10T15:38:52Z",
        "value": "65849.73199748993",
        "cumulative": true
    },
    {
        "date": "2020-09-10T15:39:10Z",
        "value": "69809.89346599579",
        "cumulative": true
    },
    {
        "date": "2020-09-10T15:39:23Z",
        "value": "72708.32266712189",
        "cumulative": true
    },
    {
        "date": "2020-09-10T15:39:33Z",
        "value": "74999.25043773651",
        "cumulative": true
    },
    {
        "date": "2020-09-10T15:39:50Z",
        "value": "78860.67100429535",
        "cumulative": true
    },
    {
        "date": "2020-09-10T15:40:02Z",
        "value": "81339.91889858246",
        "cumulative": true
    },
    {
        "date": "2020-09-10T15:40:18Z",
        "value": "84775.80816555023",
        "cumulative": true
    },
    {
        "date": "2020-09-10T15:40:35Z",
        "value": "88661.20757389069",
        "cumulative": true
    },
    {
        "date": "2020-09-10T15:40:46Z",
        "value": "91067.73130321503",
        "cumulative": true
    },
    {
        "date": "2020-09-10T15:41:05Z",
        "value": "95198.24392986298",
        "cumulative": true
    },
    {
        "date": "2020-09-10T15:41:15Z",
        "value": "97617.72423648834",
        "cumulative": true
    },
    {
        "date": "2020-09-10T15:41:27Z",
        "value": "100416.76066303253",
        "cumulative": true
    },
    {
        "date": "2020-09-10T15:41:44Z",
        "value": "104442.30385494232",
        "cumulative": true
    },
    {
        "date": "2020-09-10T15:42:02Z",
        "value": "108483.48097515106",
        "cumulative": true
    },
    {
        "date": "2020-09-10T15:42:14Z",
        "value": "111243.63700771332",
        "cumulative": true
    },
    {
        "date": "2020-09-10T15:42:29Z",
        "value": "114264.19121456146",
        "cumulative": true
    },
    {
        "date": "2020-09-10T15:42:41Z",
        "value": "116623.80956363678",
        "cumulative": true
    },
    {
        "date": "2020-09-10T15:42:53Z",
        "value": "119365.79550075531",
        "cumulative": true
    },
    {
        "date": "2020-09-10T15:43:10Z",
        "value": "123311.91042613983",
        "cumulative": true
    },
    {
        "date": "2020-09-10T15:43:22Z",
        "value": "126339.12985134125",
        "cumulative": true
    },
    {
        "date": "2020-09-10T15:43:37Z",
        "value": "129686.22424983978",
        "cumulative": true
    },
    {
        "date": "2020-09-10T15:43:55Z",
        "value": "133642.83018016815",
        "cumulative": true
    },
    {
        "date": "2020-09-10T15:44:08Z",
        "value": "136426.01828479767",
        "cumulative": true
    },
    {
        "date": "2020-09-10T15:44:23Z",
        "value": "139728.22357463837",
        "cumulative": true
    },
    {
        "date": "2020-09-10T15:44:34Z",
        "value": "141879.96946048737",
        "cumulative": true
    },
    {
        "date": "2020-09-10T15:44:44Z",
        "value": "144298.13433742523",
        "cumulative": true
    },
    {
        "date": "2020-09-10T15:44:58Z",
        "value": "147804.15269565582",
        "cumulative": true
    },
    {
        "date": "2020-09-10T15:45:11Z",
        "value": "150887.6408815384",
        "cumulative": true
    },
    {
        "date": "2020-09-10T15:45:24Z",
        "value": "154026.77141857147",
        "cumulative": true
    },
    {
        "date": "2020-09-10T15:45:39Z",
        "value": "157441.85574626923",
        "cumulative": true
    },
    {
        "date": "2020-09-10T15:45:52Z",
        "value": "160323.6723394394",
        "cumulative": true
    },
    {
        "date": "2020-09-10T15:46:11Z",
        "value": "164544.82183361053",
        "cumulative": true
    },
    {
        "date": "2020-09-10T15:46:23Z",
        "value": "167246.10475063324",
        "cumulative": true
    },
    {
        "date": "2020-09-10T15:46:34Z",
        "value": "169924.24127483368",
        "cumulative": true
    },
    {
        "date": "2020-09-10T15:46:49Z",
        "value": "173384.51553440094",
        "cumulative": true
    },
    {
        "date": "2020-09-10T15:47:01Z",
        "value": "176071.04860401154",
        "cumulative": true
    },
    {
        "date": "2020-09-10T15:47:20Z",
        "value": "180681.0391588211",
        "cumulative": true
    },
    {
        "date": "2020-09-10T15:47:39Z",
        "value": "184518.10187244415",
        "cumulative": true
    }
]