[
    {
        "date": "2020-09-10T15:34:06Z",
        "value": "0.901767127",
        "cumulative": false
    },
    {
        "date": "2020-09-10T15:34:25Z",
        "value": "1.017532365",
        "cumulative": false
    },
    {
        "date": "2020-09-10T15:34:39Z",
        "value": "1.000491729",
        "cumulative": false
    },
    {
        "date": "2020-09-10T15:34:50Z",
        "value": "1.000258007",
        "cumulative": false
    },
    {
        "date": "2020-09-10T15:35:02Z",
        "value": "0.999635609",
        "cumulative": false
    },
    {
        "date": "2020-09-10T15:35:20Z",
        "value": "0.99893574",
        "cumulative": false
    },
    {
        "date": "2020-09-10T15:35:39Z",
        "value": "0.999789051",
        "cumulative": false
    },
    {
        "date": "2020-09-10T15:35:57Z",
        "value": "0.999375771",
        "cumulative": false
    },
    {
        "date": "2020-09-10T15:36:07Z",
        "value": "1.001107753",
        "cumulative": false
    },
    {
        "date": "2020-09-10T15:36:18Z",
        "value": "0.998896789",
        "cumulative": false
    },
    {
        "date": "2020-09-10T15:36:33Z",
        "value": "0.998941675",
        "cumulative": false
    },
    {
        "date": "2020-09-10T15:36:48Z",
        "value": "1.000144693",
        "cumulative": false
    },
    {
        "date": "2020-09-10T15:37:05Z",
        "value": "0.999325905",
        "cumulative": false
    },
    {
        "date": "2020-09-10T15:37:16Z",
        "value": "0.999115384",
        "cumulative": false
    },
    {
        "date": "2020-09-10T15:37:29Z",
        "value": "0.999490812",
        "cumulative": false
    },
    {
        "date": "2020-09-10T15:37:41Z",
        "value": "0.999146774",
        "cumulative": false
    },
    {
        "date": "2020-09-10T15:37:58Z",
        "value": "0.999552093",
        "cumulative": false
    },
    {
        "date": "2020-09-10T15:38:17Z",
        "value": "0.999856228",
        "cumulative": false
    },
    {
        "date": "2020-09-10T15:38:32Z",
        "value": "0.999311821",
        "cumulative": false
    },
    {
        "date": "2020-09-10T15:38:52Z",
        "value": "0.999187156",
        "cumulative": false
    },
    {
        "date": "2020-09-10T15:39:06Z",
        "value": "0.999157519",
        "cumulative": false
    },
    {
        "date": "2020-09-10T15:39:23Z",
        "value": "0.999985406",
        "cumulative": false
    },
    {
        "date": "2020-09-10T15:39:41Z",
        "value": "0.99930776",
        "cumulative": false
    },
    {
        "date": "2020-09-10T15:40:01Z",
        "value": "0.9995901",
        "cumulative": false
    },
    {
        "date": "2020-09-10T15:40:11Z",
        "value": "0.999462892",
        "cumulative": false
    },
    {
        "date": "2020-09-10T15:40:29Z",
        "value": "0.999405976",
        "cumulative": false
    },
    {
        "date": "2020-09-10T15:40:46Z",
        "value": "0.998973181",
        "cumulative": false
    },
    {
        "date": "2020-09-10T15:40:57Z",
        "value": "1.00072155",
        "cumulative": false
    },
    {
        "date": "2020-09-10T15:41:08Z",
        "value": "0.999353949",
        "cumulative": false
    },
    {
        "date": "2020-09-10T15:41:28Z",
        "value": "0.999613915",
        "cumulative": false
    },
    {
        "date": "2020-09-10T15:41:44Z",
        "value": "0.999120782",
        "cumulative": false
    },
    {
        "date": "2020-09-10T15:41:55Z",
        "value": "0.999119734",
        "cumulative": false
    },
    {
        "date": "2020-09-10T15:42:07Z",
        "value": "0.999641393",
        "cumulative": false
    },
    {
        "date": "2020-09-10T15:42:20Z",
        "value": "0.999587148",
        "cumulative": false
    },
    {
        "date": "2020-09-10T15:42:37Z",
        "value": "1.000347319",
        "cumulative": false
    },
    {
        "date": "2020-09-10T15:42:48Z",
        "value": "0.999876064",
        "cumulative": false
    },
    {
        "date": "2020-09-10T15:43:07Z",
        "value": "0.999597716",
        "cumulative": false
    },
    {
        "date": "2020-09-10T15:43:27Z",
        "value": "0.999396856",
        "cumulative": false
    },
    {
        "date": "2020-09-10T15:43:42Z",
        "value": "0.999222923",
        "cumulative": false
    },
    {
        "date": "2020-09-10T15:44:01Z",
        "value": "0.999463037",
        "cumulative": false
    },
    {
        "date": "2020-09-10T15:44:19Z",
        "value": "0.999335437",
        "cumulative": false
    },
    {
        "date": "2020-09-10T15:44:36Z",
        "value": "0.999555447",
        "cumulative": false
    },
    {
        "date": "2020-09-10T15:44:55Z",
        "value": "0.999468919",
        "cumulative": false
    },
    {
        "date": "2020-09-10T15:45:08Z",
        "value": "0.999836871",
        "cumulative": false
    },
    {
        "date": "2020-09-10T15:45:20Z",
        "value": "0.999628836",
        "cumulative": false
    },
    {
        "date": "2020-09-10T15:45:36Z",
        "value": "0.999225808",
        "cumulative": false
    },
    {
        "date": "2020-09-10T15:45:52Z",
        "value": "0.99950507",
        "cumulative": false
    },
    {
        "date": "2020-09-10T15:46:08Z",
        "value": "0.999406996",
        "cumulative": false
    },
    {
        "date": "2020-09-10T15:46:24Z",
        "value": "0.999547983",
        "cumulative": false
    },
    {
        "date": "2020-09-10T15:46:34Z",
        "value": "0.999219622",
        "cumulative": false
    },
    {
        "date": "2020-09-10T15:46:47Z",
        "value": "0.999759326",
        "cumulative": false
    },
    {
        "date": "2020-09-10T15:47:07Z",
        "value": "0.99941612",
        "cumulative": false
    },
    {
        "date": "2020-09-10T15:47:17Z",
        "value": "0.999379661",
        "cumulative": false
    },
    {
        "date": "2020-09-10T15:47:27Z",
        "value": "0.99936736",
        "cumulative": false
    },
    {
        "date": "2020-09-10T15:47:39Z",
        "value": "0.878341135",
        "cumulative": false
    }
]