[
    {
        "date": "2020-09-10T15:33:55Z",
        "value": "1.71875",
        "cumulative": false
    },
    {
        "date": "2020-09-10T15:34:06Z",
        "value": "139.12890625",
        "cumulative": false
    },
    {
        "date": "2020-09-10T15:34:25Z",
        "value": "159.96875",
        "cumulative": false
    },
    {
        "date": "2020-09-10T15:34:39Z",
        "value": "177.328125",
        "cumulative": false
    },
    {
        "date": "2020-09-10T15:34:50Z",
        "value": "189.56640625",
        "cumulative": false
    },
    {
        "date": "2020-09-10T15:35:02Z",
        "value": "168.140625",
        "cumulative": false
    },
    {
        "date": "2020-09-10T15:35:20Z",
        "value": "180.765625",
        "cumulative": false
    },
    {
        "date": "2020-09-10T15:35:39Z",
        "value": "190.08203125",
        "cumulative": false
    },
    {
        "date": "2020-09-10T15:35:57Z",
        "value": "211.07421875",
        "cumulative": false
    },
    {
        "date": "2020-09-10T15:36:07Z",
        "value": "205.6171875",
        "cumulative": false
    },
    {
        "date": "2020-09-10T15:36:18Z",
        "value": "205.69921875",
        "cumulative": false
    },
    {
        "date": "2020-09-10T15:36:33Z",
        "value": "247.421875",
        "cumulative": false
    },
    {
        "date": "2020-09-10T15:36:48Z",
        "value": "278.23828125",
        "cumulative": false
    },
    {
        "date": "2020-09-10T15:37:05Z",
        "value": "225.26953125",
        "cumulative": false
    },
    {
        "date": "2020-09-10T15:37:16Z",
        "value": "265.11328125",
        "cumulative": false
    },
    {
        "date": "2020-09-10T15:37:29Z",
        "value": "250.0234375",
        "cumulative": false
    },
    {
        "date": "2020-09-10T15:37:41Z",
        "value": "289.8984375",
        "cumulative": false
    },
    {
        "date": "2020-09-10T15:37:58Z",
        "value": "321.2734375",
        "cumulative": false
    },
    {
        "date": "2020-09-10T15:38:17Z",
        "value": "356.4296875",
        "cumulative": false
    },
    {
        "date": "2020-09-10T15:38:32Z",
        "value": "281.37109375",
        "cumulative": false
    },
    {
        "date": "2020-09-10T15:38:52Z",
        "value": "342.55078125",
        "cumulative": false
    },
    {
        "date": "2020-09-10T15:39:06Z",
        "value": "281.30078125",
        "cumulative": false
    },
    {
        "date": "2020-09-10T15:39:23Z",
        "value": "320.89453125",
        "cumulative": false
    },
    {
        "date": "2020-09-10T15:39:41Z",
        "value": "437.4140625",
        "cumulative": false
    },
    {
        "date": "2020-09-10T15:40:01Z",
        "value": "322.6640625",
        "cumulative": false
    },
    {
        "date": "2020-09-10T15:40:11Z",
        "value": "479.41796875",
        "cumulative": false
    },
    {
        "date": "2020-09-10T15:40:29Z",
        "value": "423.2890625",
        "cumulative": false
    },
    {
        "date": "2020-09-10T15:40:46Z",
        "value": "320.8984375",
        "cumulative": false
    },
    {
        "date": "2020-09-10T15:40:57Z",
        "value": "370.66015625",
        "cumulative": false
    },
    {
        "date": "2020-09-10T15:41:08Z",
        "value": "404.7734375",
        "cumulative": false
    },
    {
        "date": "2020-09-10T15:41:28Z",
        "value": "370.765625",
        "cumulative": false
    },
    {
        "date": "2020-09-10T15:41:44Z",
        "value": "445.3984375",
        "cumulative": false
    },
    {
        "date": "2020-09-10T15:41:55Z",
        "value": "370.65625",
        "cumulative": false
    },
    {
        "date": "2020-09-10T15:42:07Z",
        "value": "440.65625",
        "cumulative": false
    },
    {
        "date": "2020-09-10T15:42:20Z",
        "value": "370.65625",
        "cumulative": false
    },
    {
        "date": "2020-09-10T15:42:37Z",
        "value": "451.62109375",
        "cumulative": false
    },
    {
        "date": "2020-09-10T15:42:48Z",
        "value": "542.375",
        "cumulative": false
    },
    {
        "date": "2020-09-10T15:43:07Z",
        "value": "619.62109375",
        "cumulative": false
    },
    {
        "date": "2020-09-10T15:43:27Z",
        "value": "433.62109375",
        "cumulative": false
    },
    {
        "date": "2020-09-10T15:43:42Z",
        "value": "492.75",
        "cumulative": false
    },
    {
        "date": "2020-09-10T15:44:01Z",
        "value": "537.37109375",
        "cumulative": false
    },
    {
        "date": "2020-09-10T15:44:19Z",
        "value": "640.0",
        "cumulative": false
    },
    {
        "date": "2020-09-10T15:44:36Z",
        "value": "433.625",
        "cumulative": false
    },
    {
        "date": "2020-09-10T15:44:55Z",
        "value": "513.1484375",
        "cumulative": false
    },
    {
        "date": "2020-09-10T15:45:08Z",
        "value": "513.11328125",
        "cumulative": false
    },
    {
        "date": "2020-09-10T15:45:20Z",
        "value": "513.12109375",
        "cumulative": false
    },
    {
        "date": "2020-09-10T15:45:36Z",
        "value": "513.12109375",
        "cumulative": false
    },
    {
        "date": "2020-09-10T15:45:52Z",
        "value": "864.48828125",
        "cumulative": false
    },
    {
        "date": "2020-09-10T15:46:08Z",
        "value": "817.12109375",
        "cumulative": false
    },
    {
        "date": "2020-09-10T15:46:24Z",
        "value": "604.49609375",
        "cumulative": false
    },
    {
        "date": "2020-09-10T15:46:34Z",
        "value": "513.11328125",
        "cumulative": false
    },
    {
        "date": "2020-09-10T15:46:47Z",
        "value": "754.87109375",
        "cumulative": false
    },
    {
        "date": "2020-09-10T15:47:07Z",
        "value": "513.12109375",
        "cumulative": false
    },
    {
        "date": "2020-09-10T15:47:17Z",
        "value": "513.12109375",
        "cumulative": false
    },
    {
        "date": "2020-09-10T15:47:27Z",
        "value": "694.37109375",
        "cumulative": false
    },
    {
        "date": "2020-09-10T15:47:39Z",
        "value": "130.89453125",
        "cumulative": false
    }
]