[
    {
        "date": "2020-09-10T15:34:05Z",
        "value": "0.784444567",
        "cumulative": false
    },
    {
        "date": "2020-09-10T15:34:17Z",
        "value": "1.030938514",
        "cumulative": false
    },
    {
        "date": "2020-09-10T15:34:30Z",
        "value": "1.001971458",
        "cumulative": false
    },
    {
        "date": "2020-09-10T15:34:44Z",
        "value": "1.000022157",
        "cumulative": false
    },
    {
        "date": "2020-09-10T15:34:57Z",
        "value": "1.000372593",
        "cumulative": false
    },
    {
        "date": "2020-09-10T15:35:10Z",
        "value": "1.000562351",
        "cumulative": false
    },
    {
        "date": "2020-09-10T15:35:27Z",
        "value": "1.000185816",
        "cumulative": false
    },
    {
        "date": "2020-09-10T15:35:44Z",
        "value": "1.000171498",
        "cumulative": false
    },
    {
        "date": "2020-09-10T15:36:01Z",
        "value": "0.999567364",
        "cumulative": false
    },
    {
        "date": "2020-09-10T15:36:18Z",
        "value": "1.000272699",
        "cumulative": false
    },
    {
        "date": "2020-09-10T15:36:37Z",
        "value": "0.999697364",
        "cumulative": false
    },
    {
        "date": "2020-09-10T15:36:53Z",
        "value": "1.000291861",
        "cumulative": false
    },
    {
        "date": "2020-09-10T15:37:06Z",
        "value": "0.999546745",
        "cumulative": false
    },
    {
        "date": "2020-09-10T15:37:19Z",
        "value": "0.999692696",
        "cumulative": false
    },
    {
        "date": "2020-09-10T15:37:33Z",
        "value": "1.000139665",
        "cumulative": false
    },
    {
        "date": "2020-09-10T15:37:43Z",
        "value": "0.999653386",
        "cumulative": false
    },
    {
        "date": "2020-09-10T15:37:55Z",
        "value": "0.999844935",
        "cumulative": false
    },
    {
        "date": "2020-09-10T15:38:08Z",
        "value": "0.999753912",
        "cumulative": false
    },
    {
        "date": "2020-09-10T15:38:20Z",
        "value": "1.000398831",
        "cumulative": false
    },
    {
        "date": "2020-09-10T15:38:33Z",
        "value": "0.999784019",
        "cumulative": false
    },
    {
        "date": "2020-09-10T15:38:46Z",
        "value": "0.999692045",
        "cumulative": false
    },
    {
        "date": "2020-09-10T15:39:02Z",
        "value": "0.999836868",
        "cumulative": false
    },
    {
        "date": "2020-09-10T15:39:20Z",
        "value": "0.999735853",
        "cumulative": false
    },
    {
        "date": "2020-09-10T15:39:33Z",
        "value": "1.000252357",
        "cumulative": false
    },
    {
        "date": "2020-09-10T15:39:51Z",
        "value": "0.999695469",
        "cumulative": false
    },
    {
        "date": "2020-09-10T15:40:06Z",
        "value": "0.999770791",
        "cumulative": false
    },
    {
        "date": "2020-09-10T15:40:16Z",
        "value": "0.999759664",
        "cumulative": false
    },
    {
        "date": "2020-09-10T15:40:31Z",
        "value": "0.999709846",
        "cumulative": false
    },
    {
        "date": "2020-09-10T15:40:48Z",
        "value": "0.999711314",
        "cumulative": false
    },
    {
        "date": "2020-09-10T15:41:06Z",
        "value": "1.000221712",
        "cumulative": false
    },
    {
        "date": "2020-09-10T15:41:25Z",
        "value": "0.999758764",
        "cumulative": false
    },
    {
        "date": "2020-09-10T15:41:44Z",
        "value": "0.999682588",
        "cumulative": false
    },
    {
        "date": "2020-09-10T15:42:03Z",
        "value": "0.999810204",
        "cumulative": false
    },
    {
        "date": "2020-09-10T15:42:18Z",
        "value": "0.999869781",
        "cumulative": false
    },
    {
        "date": "2020-09-10T15:42:36Z",
        "value": "1.000495979",
        "cumulative": false
    },
    {
        "date": "2020-09-10T15:42:51Z",
        "value": "0.999752332",
        "cumulative": false
    },
    {
        "date": "2020-09-10T15:43:09Z",
        "value": "0.999842111",
        "cumulative": false
    },
    {
        "date": "2020-09-10T15:43:25Z",
        "value": "0.999746222",
        "cumulative": false
    },
    {
        "date": "2020-09-10T15:43:43Z",
        "value": "0.999813419",
        "cumulative": false
    },
    {
        "date": "2020-09-10T15:43:56Z",
        "value": "0.999300249",
        "cumulative": false
    },
    {
        "date": "2020-09-10T15:44:06Z",
        "value": "0.999912144",
        "cumulative": false
    },
    {
        "date": "2020-09-10T15:44:23Z",
        "value": "0.999691306",
        "cumulative": false
    },
    {
        "date": "2020-09-10T15:44:38Z",
        "value": "0.999797683",
        "cumulative": false
    },
    {
        "date": "2020-09-10T15:44:56Z",
        "value": "1.000304644",
        "cumulative": false
    },
    {
        "date": "2020-09-10T15:45:12Z",
        "value": "0.999732301",
        "cumulative": false
    },
    {
        "date": "2020-09-10T15:45:31Z",
        "value": "0.999819736",
        "cumulative": false
    },
    {
        "date": "2020-09-10T15:45:44Z",
        "value": "0.999288432",
        "cumulative": false
    },
    {
        "date": "2020-09-10T15:45:58Z",
        "value": "0.999856378",
        "cumulative": false
    },
    {
        "date": "2020-09-10T15:46:15Z",
        "value": "0.999815265",
        "cumulative": false
    },
    {
        "date": "2020-09-10T15:46:26Z",
        "value": "0.999835435",
        "cumulative": false
    },
    {
        "date": "2020-09-10T15:46:40Z",
        "value": "0.999638744",
        "cumulative": false
    },
    {
        "date": "2020-09-10T15:46:50Z",
        "value": "0.999827577",
        "cumulative": false
    },
    {
        "date": "2020-09-10T15:47:03Z",
        "value": "0.999775459",
        "cumulative": false
    },
    {
        "date": "2020-09-10T15:47:18Z",
        "value": "0.999780468",
        "cumulative": false
    },
    {
        "date": "2020-09-10T15:47:29Z",
        "value": "0.999851801",
        "cumulative": false
    },
    {
        "date": "2020-09-10T15:47:40Z",
        "value": "0.734831479",
        "cumulative": false
    }
]