[
    {
        "date": "2020-12-08T11:13:11.702Z",
        "value": "0.011878013610839844",
        "cumulative": false
    },
    {
        "date": "2020-12-08T11:13:15.483Z",
        "value": "0.011732339859008789",
        "cumulative": false
    },
    {
        "date": "2020-12-08T11:13:19.114Z",
        "value": "0.011672019958496094",
        "cumulative": false
    },
    {
        "date": "2020-12-08T11:13:22.703Z",
        "value": "0.011745214462280273",
        "cumulative": false
    },
    {
        "date": "2020-12-08T11:13:26.369Z",
        "value": "0.012117385864257812",
        "cumulative": false
    },
    {
        "date": "2020-12-08T11:13:30.037Z",
        "value": "0.013080835342407227",
        "cumulative": false
    },
    {
        "date": "2020-12-08T11:13:33.974Z",
        "value": "0.012944936752319336",
        "cumulative": false
    },
    {
        "date": "2020-12-08T11:13:37.606Z",
        "value": "0.011998176574707031",
        "cumulative": false
    },
    {
        "date": "2020-12-08T11:13:41.435Z",
        "value": "0.013593673706054688",
        "cumulative": false
    },
    {
        "date": "2020-12-08T11:13:45.063Z",
        "value": "0.012221336364746094",
        "cumulative": false
    },
    {
        "date": "2020-12-08T11:13:48.932Z",
        "value": "0.011928319931030273",
        "cumulative": false
    },
    {
        "date": "2020-12-08T11:13:52.752Z",
        "value": "0.012269020080566406",
        "cumulative": false
    },
    {
        "date": "2020-12-08T11:13:56.528Z",
        "value": "0.01221776008605957",
        "cumulative": false
    },
    {
        "date": "2020-12-08T11:14:00.277Z",
        "value": "0.012628555297851562",
        "cumulative": false
    },
    {
        "date": "2020-12-08T11:14:04.086Z",
        "value": "0.013138055801391602",
        "cumulative": false
    },
    {
        "date": "2020-12-08T11:14:07.816Z",
        "value": "0.013055562973022461",
        "cumulative": false
    },
    {
        "date": "2020-12-08T11:14:11.710Z",
        "value": "0.013535499572753906",
        "cumulative": false
    },
    {
        "date": "2020-12-08T11:14:15.600Z",
        "value": "0.013162374496459961",
        "cumulative": false
    },
    {
        "date": "2020-12-08T11:14:19.330Z",
        "value": "0.01242971420288086",
        "cumulative": false
    },
    {
        "date": "2020-12-08T11:14:23.010Z",
        "value": "0.012273311614990234",
        "cumulative": false
    },
    {
        "date": "2020-12-08T11:14:26.901Z",
        "value": "0.012633562088012695",
        "cumulative": false
    }
]