[
    {
        "date": "2020-12-08T11:13:11.695Z",
        "value": "0.11424732208251953",
        "cumulative": false
    },
    {
        "date": "2020-12-08T11:13:15.488Z",
        "value": "0.10950517654418945",
        "cumulative": false
    },
    {
        "date": "2020-12-08T11:13:19.089Z",
        "value": "0.10764360427856445",
        "cumulative": false
    },
    {
        "date": "2020-12-08T11:13:22.686Z",
        "value": "0.11764049530029297",
        "cumulative": false
    },
    {
        "date": "2020-12-08T11:13:26.361Z",
        "value": "0.11878800392150879",
        "cumulative": false
    },
    {
        "date": "2020-12-08T11:13:30.012Z",
        "value": "0.12004280090332031",
        "cumulative": false
    },
    {
        "date": "2020-12-08T11:13:33.950Z",
        "value": "0.10537314414978027",
        "cumulative": false
    },
    {
        "date": "2020-12-08T11:13:37.588Z",
        "value": "0.12048625946044922",
        "cumulative": false
    },
    {
        "date": "2020-12-08T11:13:41.415Z",
        "value": "0.11302447319030762",
        "cumulative": false
    },
    {
        "date": "2020-12-08T11:13:45.065Z",
        "value": "0.11485433578491211",
        "cumulative": false
    },
    {
        "date": "2020-12-08T11:13:48.909Z",
        "value": "0.1235508918762207",
        "cumulative": false
    },
    {
        "date": "2020-12-08T11:13:52.737Z",
        "value": "0.11600351333618164",
        "cumulative": false
    },
    {
        "date": "2020-12-08T11:13:56.512Z",
        "value": "0.11825108528137207",
        "cumulative": false
    },
    {
        "date": "2020-12-08T11:14:00.265Z",
        "value": "0.11575984954833984",
        "cumulative": false
    },
    {
        "date": "2020-12-08T11:14:04.069Z",
        "value": "0.12201428413391113",
        "cumulative": false
    },
    {
        "date": "2020-12-08T11:14:07.805Z",
        "value": "0.12288069725036621",
        "cumulative": false
    },
    {
        "date": "2020-12-08T11:14:11.692Z",
        "value": "0.11339402198791504",
        "cumulative": false
    },
    {
        "date": "2020-12-08T11:14:15.573Z",
        "value": "0.1253194808959961",
        "cumulative": false
    },
    {
        "date": "2020-12-08T11:14:19.321Z",
        "value": "0.1192023754119873",
        "cumulative": false
    },
    {
        "date": "2020-12-08T11:14:22.995Z",
        "value": "0.11978459358215332",
        "cumulative": false
    },
    {
        "date": "2020-12-08T11:14:26.885Z",
        "value": "0.11052703857421875",
        "cumulative": false
    }
]