[
    {
        "date": "2020-12-08T11:13:11.692Z",
        "value": "0.11333799362182617",
        "cumulative": false
    },
    {
        "date": "2020-12-08T11:13:15.470Z",
        "value": "0.12288761138916016",
        "cumulative": false
    },
    {
        "date": "2020-12-08T11:13:19.081Z",
        "value": "0.11374497413635254",
        "cumulative": false
    },
    {
        "date": "2020-12-08T11:13:22.679Z",
        "value": "0.11962199211120605",
        "cumulative": false
    },
    {
        "date": "2020-12-08T11:13:26.355Z",
        "value": "0.11692404747009277",
        "cumulative": false
    },
    {
        "date": "2020-12-08T11:13:30.006Z",
        "value": "0.12364411354064941",
        "cumulative": false
    },
    {
        "date": "2020-12-08T11:13:33.944Z",
        "value": "0.1128842830657959",
        "cumulative": false
    },
    {
        "date": "2020-12-08T11:13:37.583Z",
        "value": "0.1269371509552002",
        "cumulative": false
    },
    {
        "date": "2020-12-08T11:13:41.406Z",
        "value": "0.12248349189758301",
        "cumulative": false
    },
    {
        "date": "2020-12-08T11:13:45.052Z",
        "value": "0.1163792610168457",
        "cumulative": false
    },
    {
        "date": "2020-12-08T11:13:48.909Z",
        "value": "0.12181663513183594",
        "cumulative": false
    },
    {
        "date": "2020-12-08T11:13:52.733Z",
        "value": "0.133101224899292",
        "cumulative": false
    },
    {
        "date": "2020-12-08T11:13:56.506Z",
        "value": "0.1225893497467041",
        "cumulative": false
    },
    {
        "date": "2020-12-08T11:14:00.268Z",
        "value": "0.12353372573852539",
        "cumulative": false
    },
    {
        "date": "2020-12-08T11:14:04.066Z",
        "value": "0.11964035034179688",
        "cumulative": false
    },
    {
        "date": "2020-12-08T11:14:07.796Z",
        "value": "0.11702084541320801",
        "cumulative": false
    },
    {
        "date": "2020-12-08T11:14:11.686Z",
        "value": "0.10820531845092773",
        "cumulative": false
    },
    {
        "date": "2020-12-08T11:14:15.572Z",
        "value": "0.1227259635925293",
        "cumulative": false
    },
    {
        "date": "2020-12-08T11:14:19.302Z",
        "value": "0.11873507499694824",
        "cumulative": false
    },
    {
        "date": "2020-12-08T11:14:22.986Z",
        "value": "0.12694668769836426",
        "cumulative": false
    },
    {
        "date": "2020-12-08T11:14:26.879Z",
        "value": "0.11196470260620117",
        "cumulative": false
    }
]