[
    {
        "date": "2020-12-08T11:13:11.701Z",
        "value": "0.12501192092895508",
        "cumulative": false
    },
    {
        "date": "2020-12-08T11:13:15.484Z",
        "value": "0.1282651424407959",
        "cumulative": false
    },
    {
        "date": "2020-12-08T11:13:19.095Z",
        "value": "0.1273043155670166",
        "cumulative": false
    },
    {
        "date": "2020-12-08T11:13:22.692Z",
        "value": "0.13025689125061035",
        "cumulative": false
    },
    {
        "date": "2020-12-08T11:13:26.366Z",
        "value": "0.1146392822265625",
        "cumulative": false
    },
    {
        "date": "2020-12-08T11:13:30.022Z",
        "value": "0.12133121490478516",
        "cumulative": false
    },
    {
        "date": "2020-12-08T11:13:33.962Z",
        "value": "0.13164901733398438",
        "cumulative": false
    },
    {
        "date": "2020-12-08T11:13:37.594Z",
        "value": "0.10934185981750488",
        "cumulative": false
    },
    {
        "date": "2020-12-08T11:13:41.418Z",
        "value": "0.11156153678894043",
        "cumulative": false
    },
    {
        "date": "2020-12-08T11:13:45.065Z",
        "value": "0.1093299388885498",
        "cumulative": false
    },
    {
        "date": "2020-12-08T11:13:48.915Z",
        "value": "0.11594629287719727",
        "cumulative": false
    },
    {
        "date": "2020-12-08T11:13:52.737Z",
        "value": "0.12056946754455566",
        "cumulative": false
    },
    {
        "date": "2020-12-08T11:13:56.522Z",
        "value": "0.11767840385437012",
        "cumulative": false
    },
    {
        "date": "2020-12-08T11:14:00.266Z",
        "value": "0.11829590797424316",
        "cumulative": false
    },
    {
        "date": "2020-12-08T11:14:04.071Z",
        "value": "0.12457609176635742",
        "cumulative": false
    },
    {
        "date": "2020-12-08T11:14:07.807Z",
        "value": "0.1212460994720459",
        "cumulative": false
    },
    {
        "date": "2020-12-08T11:14:11.705Z",
        "value": "0.11235499382019043",
        "cumulative": false
    },
    {
        "date": "2020-12-08T11:14:15.578Z",
        "value": "0.1237645149230957",
        "cumulative": false
    },
    {
        "date": "2020-12-08T11:14:19.315Z",
        "value": "0.11152458190917969",
        "cumulative": false
    },
    {
        "date": "2020-12-08T11:14:22.994Z",
        "value": "0.12021756172180176",
        "cumulative": false
    },
    {
        "date": "2020-12-08T11:14:26.890Z",
        "value": "0.11667490005493164",
        "cumulative": false
    }
]