[
    {
        "date": "2020-12-08T11:13:08.823Z",
        "value": "8.59375",
        "cumulative": false
    },
    {
        "date": "2020-12-08T11:13:10.380Z",
        "value": "32.8125",
        "cumulative": false
    },
    {
        "date": "2020-12-08T11:13:12.443Z",
        "value": "40.625",
        "cumulative": false
    },
    {
        "date": "2020-12-08T11:13:13.948Z",
        "value": "46.09375",
        "cumulative": false
    },
    {
        "date": "2020-12-08T11:13:16.168Z",
        "value": "50.0",
        "cumulative": false
    },
    {
        "date": "2020-12-08T11:13:17.661Z",
        "value": "52.34375",
        "cumulative": false
    },
    {
        "date": "2020-12-08T11:13:19.893Z",
        "value": "58.59375",
        "cumulative": false
    },
    {
        "date": "2020-12-08T11:13:21.332Z",
        "value": "68.75",
        "cumulative": false
    },
    {
        "date": "2020-12-08T11:13:23.419Z",
        "value": "63.28125",
        "cumulative": false
    },
    {
        "date": "2020-12-08T11:13:25.013Z",
        "value": "57.8125",
        "cumulative": false
    },
    {
        "date": "2020-12-08T11:13:27.074Z",
        "value": "67.1875",
        "cumulative": false
    },
    {
        "date": "2020-12-08T11:13:28.571Z",
        "value": "71.875",
        "cumulative": false
    },
    {
        "date": "2020-12-08T11:13:30.795Z",
        "value": "69.53125",
        "cumulative": false
    },
    {
        "date": "2020-12-08T11:13:32.480Z",
        "value": "71.875",
        "cumulative": false
    },
    {
        "date": "2020-12-08T11:13:34.718Z",
        "value": "67.1875",
        "cumulative": false
    },
    {
        "date": "2020-12-08T11:13:36.234Z",
        "value": "70.3125",
        "cumulative": false
    },
    {
        "date": "2020-12-08T11:13:38.258Z",
        "value": "77.34375",
        "cumulative": false
    },
    {
        "date": "2020-12-08T11:13:39.916Z",
        "value": "75.78125",
        "cumulative": false
    },
    {
        "date": "2020-12-08T11:13:42.135Z",
        "value": "78.125",
        "cumulative": false
    },
    {
        "date": "2020-12-08T11:13:43.686Z",
        "value": "78.125",
        "cumulative": false
    },
    {
        "date": "2020-12-08T11:13:46.012Z",
        "value": "78.90625",
        "cumulative": false
    },
    {
        "date": "2020-12-08T11:13:47.470Z",
        "value": "82.03125",
        "cumulative": false
    },
    {
        "date": "2020-12-08T11:13:49.705Z",
        "value": "78.90625",
        "cumulative": false
    },
    {
        "date": "2020-12-08T11:13:51.323Z",
        "value": "84.375",
        "cumulative": false
    },
    {
        "date": "2020-12-08T11:13:53.474Z",
        "value": "80.46875",
        "cumulative": false
    },
    {
        "date": "2020-12-08T11:13:55.084Z",
        "value": "83.59375",
        "cumulative": false
    },
    {
        "date": "2020-12-08T11:13:57.310Z",
        "value": "80.46875",
        "cumulative": false
    },
    {
        "date": "2020-12-08T11:13:58.853Z",
        "value": "85.9375",
        "cumulative": false
    },
    {
        "date": "2020-12-08T11:14:01.045Z",
        "value": "78.90625",
        "cumulative": false
    },
    {
        "date": "2020-12-08T11:14:02.621Z",
        "value": "82.03125",
        "cumulative": false
    },
    {
        "date": "2020-12-08T11:14:04.868Z",
        "value": "86.71875",
        "cumulative": false
    },
    {
        "date": "2020-12-08T11:14:06.434Z",
        "value": "82.03125",
        "cumulative": false
    },
    {
        "date": "2020-12-08T11:14:08.603Z",
        "value": "76.5625",
        "cumulative": false
    },
    {
        "date": "2020-12-08T11:14:10.278Z",
        "value": "84.375",
        "cumulative": false
    },
    {
        "date": "2020-12-08T11:14:12.453Z",
        "value": "84.375",
        "cumulative": false
    },
    {
        "date": "2020-12-08T11:14:14.039Z",
        "value": "82.8125",
        "cumulative": false
    },
    {
        "date": "2020-12-08T11:14:16.319Z",
        "value": "83.59375",
        "cumulative": false
    },
    {
        "date": "2020-12-08T11:14:17.845Z",
        "value": "85.15625",
        "cumulative": false
    },
    {
        "date": "2020-12-08T11:14:20.123Z",
        "value": "88.28125",
        "cumulative": false
    },
    {
        "date": "2020-12-08T11:14:21.640Z",
        "value": "83.59375",
        "cumulative": false
    },
    {
        "date": "2020-12-08T11:14:23.798Z",
        "value": "82.03125",
        "cumulative": false
    },
    {
        "date": "2020-12-08T11:14:25.412Z",
        "value": "86.71875",
        "cumulative": false
    }
]