[
    {
        "date": "2020-12-08T11:13:08.826Z",
        "value": "10.9375",
        "cumulative": false
    },
    {
        "date": "2020-12-08T11:13:10.379Z",
        "value": "32.03125",
        "cumulative": false
    },
    {
        "date": "2020-12-08T11:13:12.449Z",
        "value": "37.5",
        "cumulative": false
    },
    {
        "date": "2020-12-08T11:13:13.951Z",
        "value": "49.21875",
        "cumulative": false
    },
    {
        "date": "2020-12-08T11:13:16.180Z",
        "value": "46.09375",
        "cumulative": false
    },
    {
        "date": "2020-12-08T11:13:17.662Z",
        "value": "61.71875",
        "cumulative": false
    },
    {
        "date": "2020-12-08T11:13:19.892Z",
        "value": "63.28125",
        "cumulative": false
    },
    {
        "date": "2020-12-08T11:13:21.339Z",
        "value": "64.84375",
        "cumulative": false
    },
    {
        "date": "2020-12-08T11:13:23.418Z",
        "value": "60.15625",
        "cumulative": false
    },
    {
        "date": "2020-12-08T11:13:25.015Z",
        "value": "70.3125",
        "cumulative": false
    },
    {
        "date": "2020-12-08T11:13:27.071Z",
        "value": "65.625",
        "cumulative": false
    },
    {
        "date": "2020-12-08T11:13:28.578Z",
        "value": "70.3125",
        "cumulative": false
    },
    {
        "date": "2020-12-08T11:13:30.798Z",
        "value": "70.3125",
        "cumulative": false
    },
    {
        "date": "2020-12-08T11:13:32.483Z",
        "value": "74.21875",
        "cumulative": false
    },
    {
        "date": "2020-12-08T11:13:34.717Z",
        "value": "68.75",
        "cumulative": false
    },
    {
        "date": "2020-12-08T11:13:36.233Z",
        "value": "70.3125",
        "cumulative": false
    },
    {
        "date": "2020-12-08T11:13:38.259Z",
        "value": "78.125",
        "cumulative": false
    },
    {
        "date": "2020-12-08T11:13:39.918Z",
        "value": "76.5625",
        "cumulative": false
    },
    {
        "date": "2020-12-08T11:13:42.141Z",
        "value": "71.09375",
        "cumulative": false
    },
    {
        "date": "2020-12-08T11:13:43.686Z",
        "value": "75.0",
        "cumulative": false
    },
    {
        "date": "2020-12-08T11:13:46.013Z",
        "value": "79.6875",
        "cumulative": false
    },
    {
        "date": "2020-12-08T11:13:47.472Z",
        "value": "85.15625",
        "cumulative": false
    },
    {
        "date": "2020-12-08T11:13:49.706Z",
        "value": "80.46875",
        "cumulative": false
    },
    {
        "date": "2020-12-08T11:13:51.327Z",
        "value": "75.0",
        "cumulative": false
    },
    {
        "date": "2020-12-08T11:13:53.474Z",
        "value": "80.46875",
        "cumulative": false
    },
    {
        "date": "2020-12-08T11:13:55.088Z",
        "value": "77.34375",
        "cumulative": false
    },
    {
        "date": "2020-12-08T11:13:57.311Z",
        "value": "85.15625",
        "cumulative": false
    },
    {
        "date": "2020-12-08T11:13:58.856Z",
        "value": "82.8125",
        "cumulative": false
    },
    {
        "date": "2020-12-08T11:14:01.050Z",
        "value": "85.15625",
        "cumulative": false
    },
    {
        "date": "2020-12-08T11:14:02.623Z",
        "value": "78.90625",
        "cumulative": false
    },
    {
        "date": "2020-12-08T11:14:04.870Z",
        "value": "79.6875",
        "cumulative": false
    },
    {
        "date": "2020-12-08T11:14:06.438Z",
        "value": "85.15625",
        "cumulative": false
    },
    {
        "date": "2020-12-08T11:14:08.603Z",
        "value": "71.09375",
        "cumulative": false
    },
    {
        "date": "2020-12-08T11:14:10.282Z",
        "value": "83.59375",
        "cumulative": false
    },
    {
        "date": "2020-12-08T11:14:12.455Z",
        "value": "86.71875",
        "cumulative": false
    },
    {
        "date": "2020-12-08T11:14:14.042Z",
        "value": "83.59375",
        "cumulative": false
    },
    {
        "date": "2020-12-08T11:14:16.321Z",
        "value": "83.59375",
        "cumulative": false
    },
    {
        "date": "2020-12-08T11:14:17.849Z",
        "value": "86.71875",
        "cumulative": false
    },
    {
        "date": "2020-12-08T11:14:20.125Z",
        "value": "86.71875",
        "cumulative": false
    },
    {
        "date": "2020-12-08T11:14:21.642Z",
        "value": "85.15625",
        "cumulative": false
    },
    {
        "date": "2020-12-08T11:14:23.799Z",
        "value": "87.5",
        "cumulative": false
    },
    {
        "date": "2020-12-08T11:14:25.412Z",
        "value": "89.84375",
        "cumulative": false
    }
]