[
    {
        "date": "2020-12-08T11:13:11.700Z",
        "value": "2.0986695289611816",
        "cumulative": false
    },
    {
        "date": "2020-12-08T11:13:15.473Z",
        "value": "1.9835026264190674",
        "cumulative": false
    },
    {
        "date": "2020-12-08T11:13:19.080Z",
        "value": "1.9386582374572754",
        "cumulative": false
    },
    {
        "date": "2020-12-08T11:13:22.679Z",
        "value": "1.8161633014678955",
        "cumulative": false
    },
    {
        "date": "2020-12-08T11:13:26.352Z",
        "value": "1.96773099899292",
        "cumulative": false
    },
    {
        "date": "2020-12-08T11:13:30.005Z",
        "value": "1.9220538139343262",
        "cumulative": false
    },
    {
        "date": "2020-12-08T11:13:33.944Z",
        "value": "2.1594433784484863",
        "cumulative": false
    },
    {
        "date": "2020-12-08T11:13:37.581Z",
        "value": "1.8969573974609375",
        "cumulative": false
    },
    {
        "date": "2020-12-08T11:13:41.414Z",
        "value": "2.168048858642578",
        "cumulative": false
    },
    {
        "date": "2020-12-08T11:13:45.051Z",
        "value": "1.9291296005249023",
        "cumulative": false
    },
    {
        "date": "2020-12-08T11:13:48.909Z",
        "value": "2.154233694076538",
        "cumulative": false
    },
    {
        "date": "2020-12-08T11:13:52.732Z",
        "value": "2.1190125942230225",
        "cumulative": false
    },
    {
        "date": "2020-12-08T11:13:56.506Z",
        "value": "2.0231966972351074",
        "cumulative": false
    },
    {
        "date": "2020-12-08T11:14:00.254Z",
        "value": "1.9677095413208008",
        "cumulative": false
    },
    {
        "date": "2020-12-08T11:14:04.057Z",
        "value": "2.0515732765197754",
        "cumulative": false
    },
    {
        "date": "2020-12-08T11:14:07.804Z",
        "value": "1.9854741096496582",
        "cumulative": false
    },
    {
        "date": "2020-12-08T11:14:11.697Z",
        "value": "2.150099039077759",
        "cumulative": false
    },
    {
        "date": "2020-12-08T11:14:15.567Z",
        "value": "2.1883645057678223",
        "cumulative": false
    },
    {
        "date": "2020-12-08T11:14:19.305Z",
        "value": "2.0473716259002686",
        "cumulative": false
    },
    {
        "date": "2020-12-08T11:14:22.982Z",
        "value": "1.9324204921722412",
        "cumulative": false
    },
    {
        "date": "2020-12-08T11:14:26.879Z",
        "value": "2.175142765045166",
        "cumulative": false
    }
]