[
    {
        "date": "2020-12-08T11:13:11.692Z",
        "value": "0.02731633186340332",
        "cumulative": false
    },
    {
        "date": "2020-12-08T11:13:15.470Z",
        "value": "0.026854753494262695",
        "cumulative": false
    },
    {
        "date": "2020-12-08T11:13:19.081Z",
        "value": "0.02773594856262207",
        "cumulative": false
    },
    {
        "date": "2020-12-08T11:13:22.679Z",
        "value": "0.027827739715576172",
        "cumulative": false
    },
    {
        "date": "2020-12-08T11:13:26.355Z",
        "value": "0.027345895767211914",
        "cumulative": false
    },
    {
        "date": "2020-12-08T11:13:30.006Z",
        "value": "0.03016948699951172",
        "cumulative": false
    },
    {
        "date": "2020-12-08T11:13:33.944Z",
        "value": "0.02590346336364746",
        "cumulative": false
    },
    {
        "date": "2020-12-08T11:13:37.583Z",
        "value": "0.030713558197021484",
        "cumulative": false
    },
    {
        "date": "2020-12-08T11:13:41.406Z",
        "value": "0.02988290786743164",
        "cumulative": false
    },
    {
        "date": "2020-12-08T11:13:45.052Z",
        "value": "0.027167797088623047",
        "cumulative": false
    },
    {
        "date": "2020-12-08T11:13:48.909Z",
        "value": "0.030217647552490234",
        "cumulative": false
    },
    {
        "date": "2020-12-08T11:13:52.733Z",
        "value": "0.028979778289794922",
        "cumulative": false
    },
    {
        "date": "2020-12-08T11:13:56.506Z",
        "value": "0.029043912887573242",
        "cumulative": false
    },
    {
        "date": "2020-12-08T11:14:00.268Z",
        "value": "0.030624866485595703",
        "cumulative": false
    },
    {
        "date": "2020-12-08T11:14:04.066Z",
        "value": "0.02842998504638672",
        "cumulative": false
    },
    {
        "date": "2020-12-08T11:14:07.796Z",
        "value": "0.028940439224243164",
        "cumulative": false
    },
    {
        "date": "2020-12-08T11:14:11.686Z",
        "value": "0.028215885162353516",
        "cumulative": false
    },
    {
        "date": "2020-12-08T11:14:15.572Z",
        "value": "0.02773880958557129",
        "cumulative": false
    },
    {
        "date": "2020-12-08T11:14:19.302Z",
        "value": "0.028412580490112305",
        "cumulative": false
    },
    {
        "date": "2020-12-08T11:14:22.986Z",
        "value": "0.027376651763916016",
        "cumulative": false
    },
    {
        "date": "2020-12-08T11:14:26.879Z",
        "value": "0.028614282608032227",
        "cumulative": false
    }
]