[
    {
        "date": "2020-12-08T11:13:11.702Z",
        "value": "0.0316164493560791",
        "cumulative": false
    },
    {
        "date": "2020-12-08T11:13:15.476Z",
        "value": "0.03412365913391113",
        "cumulative": false
    },
    {
        "date": "2020-12-08T11:13:19.098Z",
        "value": "0.03492450714111328",
        "cumulative": false
    },
    {
        "date": "2020-12-08T11:13:22.684Z",
        "value": "0.030719757080078125",
        "cumulative": false
    },
    {
        "date": "2020-12-08T11:13:26.365Z",
        "value": "0.03453683853149414",
        "cumulative": false
    },
    {
        "date": "2020-12-08T11:13:30.009Z",
        "value": "0.03166937828063965",
        "cumulative": false
    },
    {
        "date": "2020-12-08T11:13:33.946Z",
        "value": "0.03213047981262207",
        "cumulative": false
    },
    {
        "date": "2020-12-08T11:13:37.595Z",
        "value": "0.03139638900756836",
        "cumulative": false
    },
    {
        "date": "2020-12-08T11:13:41.410Z",
        "value": "0.029613018035888672",
        "cumulative": false
    },
    {
        "date": "2020-12-08T11:13:45.056Z",
        "value": "0.033004045486450195",
        "cumulative": false
    },
    {
        "date": "2020-12-08T11:13:48.912Z",
        "value": "0.030799150466918945",
        "cumulative": false
    },
    {
        "date": "2020-12-08T11:13:52.728Z",
        "value": "0.03247499465942383",
        "cumulative": false
    },
    {
        "date": "2020-12-08T11:13:56.505Z",
        "value": "0.03242683410644531",
        "cumulative": false
    },
    {
        "date": "2020-12-08T11:14:00.266Z",
        "value": "0.03193783760070801",
        "cumulative": false
    },
    {
        "date": "2020-12-08T11:14:04.065Z",
        "value": "0.030402421951293945",
        "cumulative": false
    },
    {
        "date": "2020-12-08T11:14:07.800Z",
        "value": "0.03331899642944336",
        "cumulative": false
    },
    {
        "date": "2020-12-08T11:14:11.688Z",
        "value": "0.03181648254394531",
        "cumulative": false
    },
    {
        "date": "2020-12-08T11:14:15.570Z",
        "value": "0.03496837615966797",
        "cumulative": false
    },
    {
        "date": "2020-12-08T11:14:19.306Z",
        "value": "0.029935598373413086",
        "cumulative": false
    },
    {
        "date": "2020-12-08T11:14:22.991Z",
        "value": "0.03269672393798828",
        "cumulative": false
    },
    {
        "date": "2020-12-08T11:14:26.895Z",
        "value": "0.03144049644470215",
        "cumulative": false
    }
]