[
    {
        "date": "2020-12-08T11:13:08.824Z",
        "value": "2.421994686126709",
        "cumulative": false
    },
    {
        "date": "2020-12-08T11:13:10.377Z",
        "value": "1.9007186889648438",
        "cumulative": false
    },
    {
        "date": "2020-12-08T11:13:12.445Z",
        "value": "1.5927727222442627",
        "cumulative": false
    },
    {
        "date": "2020-12-08T11:13:13.955Z",
        "value": "1.4311881065368652",
        "cumulative": false
    },
    {
        "date": "2020-12-08T11:13:16.171Z",
        "value": "1.3626914024353027",
        "cumulative": false
    },
    {
        "date": "2020-12-08T11:13:17.662Z",
        "value": "1.2398571968078613",
        "cumulative": false
    },
    {
        "date": "2020-12-08T11:13:19.892Z",
        "value": "1.0638668537139893",
        "cumulative": false
    },
    {
        "date": "2020-12-08T11:13:21.339Z",
        "value": "1.0579475164413452",
        "cumulative": false
    },
    {
        "date": "2020-12-08T11:13:23.421Z",
        "value": "0.989071786403656",
        "cumulative": false
    },
    {
        "date": "2020-12-08T11:13:25.019Z",
        "value": "1.1311813592910767",
        "cumulative": false
    },
    {
        "date": "2020-12-08T11:13:27.070Z",
        "value": "0.86976158618927",
        "cumulative": false
    },
    {
        "date": "2020-12-08T11:13:28.575Z",
        "value": "0.9080402851104736",
        "cumulative": false
    },
    {
        "date": "2020-12-08T11:13:30.798Z",
        "value": "0.9155199527740479",
        "cumulative": false
    },
    {
        "date": "2020-12-08T11:13:32.486Z",
        "value": "0.700210690498352",
        "cumulative": false
    },
    {
        "date": "2020-12-08T11:13:34.717Z",
        "value": "0.9996621608734131",
        "cumulative": false
    },
    {
        "date": "2020-12-08T11:13:36.233Z",
        "value": "0.7496822476387024",
        "cumulative": false
    },
    {
        "date": "2020-12-08T11:13:38.254Z",
        "value": "0.6289148330688477",
        "cumulative": false
    },
    {
        "date": "2020-12-08T11:13:39.922Z",
        "value": "0.8017943501472473",
        "cumulative": false
    },
    {
        "date": "2020-12-08T11:13:42.138Z",
        "value": "0.6385594606399536",
        "cumulative": false
    },
    {
        "date": "2020-12-08T11:13:43.686Z",
        "value": "0.6344714164733887",
        "cumulative": false
    },
    {
        "date": "2020-12-08T11:13:46.013Z",
        "value": "0.7017415761947632",
        "cumulative": false
    },
    {
        "date": "2020-12-08T11:13:47.468Z",
        "value": "0.7055774927139282",
        "cumulative": false
    },
    {
        "date": "2020-12-08T11:13:49.705Z",
        "value": "0.5994767546653748",
        "cumulative": false
    },
    {
        "date": "2020-12-08T11:13:51.325Z",
        "value": "0.4902110993862152",
        "cumulative": false
    },
    {
        "date": "2020-12-08T11:13:53.468Z",
        "value": "0.5433657765388489",
        "cumulative": false
    },
    {
        "date": "2020-12-08T11:13:55.088Z",
        "value": "0.5125354528427124",
        "cumulative": false
    },
    {
        "date": "2020-12-08T11:13:57.311Z",
        "value": "0.4396017789840698",
        "cumulative": false
    },
    {
        "date": "2020-12-08T11:13:58.854Z",
        "value": "0.5244777202606201",
        "cumulative": false
    },
    {
        "date": "2020-12-08T11:14:01.049Z",
        "value": "0.5081183314323425",
        "cumulative": false
    },
    {
        "date": "2020-12-08T11:14:02.623Z",
        "value": "0.41118988394737244",
        "cumulative": false
    },
    {
        "date": "2020-12-08T11:14:04.869Z",
        "value": "0.5833145380020142",
        "cumulative": false
    },
    {
        "date": "2020-12-08T11:14:06.435Z",
        "value": "0.5625803470611572",
        "cumulative": false
    },
    {
        "date": "2020-12-08T11:14:08.608Z",
        "value": "0.44648686051368713",
        "cumulative": false
    },
    {
        "date": "2020-12-08T11:14:10.282Z",
        "value": "0.6294788122177124",
        "cumulative": false
    },
    {
        "date": "2020-12-08T11:14:12.454Z",
        "value": "0.3668850362300873",
        "cumulative": false
    },
    {
        "date": "2020-12-08T11:14:14.037Z",
        "value": "0.6406650543212891",
        "cumulative": false
    },
    {
        "date": "2020-12-08T11:14:16.325Z",
        "value": "0.4411514401435852",
        "cumulative": false
    },
    {
        "date": "2020-12-08T11:14:17.844Z",
        "value": "0.30859610438346863",
        "cumulative": false
    },
    {
        "date": "2020-12-08T11:14:20.124Z",
        "value": "0.3483971357345581",
        "cumulative": false
    },
    {
        "date": "2020-12-08T11:14:21.642Z",
        "value": "0.40916693210601807",
        "cumulative": false
    },
    {
        "date": "2020-12-08T11:14:23.799Z",
        "value": "0.45463666319847107",
        "cumulative": false
    },
    {
        "date": "2020-12-08T11:14:25.415Z",
        "value": "0.3418522775173187",
        "cumulative": false
    }
]