[
    {
        "date": "2020-12-08T11:13:11.701Z",
        "value": "0.26462888717651367",
        "cumulative": false
    },
    {
        "date": "2020-12-08T11:13:15.484Z",
        "value": "0.24037480354309082",
        "cumulative": false
    },
    {
        "date": "2020-12-08T11:13:19.095Z",
        "value": "0.2643094062805176",
        "cumulative": false
    },
    {
        "date": "2020-12-08T11:13:22.692Z",
        "value": "0.26467418670654297",
        "cumulative": false
    },
    {
        "date": "2020-12-08T11:13:26.366Z",
        "value": "0.25068163871765137",
        "cumulative": false
    },
    {
        "date": "2020-12-08T11:13:30.022Z",
        "value": "0.2405838966369629",
        "cumulative": false
    },
    {
        "date": "2020-12-08T11:13:33.962Z",
        "value": "0.26212453842163086",
        "cumulative": false
    },
    {
        "date": "2020-12-08T11:13:37.594Z",
        "value": "0.22923994064331055",
        "cumulative": false
    },
    {
        "date": "2020-12-08T11:13:41.418Z",
        "value": "0.2546842098236084",
        "cumulative": false
    },
    {
        "date": "2020-12-08T11:13:45.066Z",
        "value": "0.256162166595459",
        "cumulative": false
    },
    {
        "date": "2020-12-08T11:13:48.915Z",
        "value": "0.22456717491149902",
        "cumulative": false
    },
    {
        "date": "2020-12-08T11:13:52.737Z",
        "value": "0.24519896507263184",
        "cumulative": false
    },
    {
        "date": "2020-12-08T11:13:56.522Z",
        "value": "0.25112295150756836",
        "cumulative": false
    },
    {
        "date": "2020-12-08T11:14:00.266Z",
        "value": "0.24338603019714355",
        "cumulative": false
    },
    {
        "date": "2020-12-08T11:14:04.071Z",
        "value": "0.2471926212310791",
        "cumulative": false
    },
    {
        "date": "2020-12-08T11:14:07.807Z",
        "value": "0.2505199909210205",
        "cumulative": false
    },
    {
        "date": "2020-12-08T11:14:11.705Z",
        "value": "0.24428939819335938",
        "cumulative": false
    },
    {
        "date": "2020-12-08T11:14:15.578Z",
        "value": "0.24775171279907227",
        "cumulative": false
    },
    {
        "date": "2020-12-08T11:14:19.315Z",
        "value": "0.23397493362426758",
        "cumulative": false
    },
    {
        "date": "2020-12-08T11:14:22.994Z",
        "value": "0.23925304412841797",
        "cumulative": false
    },
    {
        "date": "2020-12-08T11:14:26.890Z",
        "value": "0.25125932693481445",
        "cumulative": false
    }
]