[
    {
        "date": "2020-12-08T11:13:11.702Z",
        "value": "2.8368959426879883",
        "cumulative": false
    },
    {
        "date": "2020-12-08T11:13:15.476Z",
        "value": "0.5647628307342529",
        "cumulative": false
    },
    {
        "date": "2020-12-08T11:13:19.098Z",
        "value": "0.5551156997680664",
        "cumulative": false
    },
    {
        "date": "2020-12-08T11:13:22.684Z",
        "value": "0.5560736656188965",
        "cumulative": false
    },
    {
        "date": "2020-12-08T11:13:26.365Z",
        "value": "0.5665154457092285",
        "cumulative": false
    },
    {
        "date": "2020-12-08T11:13:30.009Z",
        "value": "0.5449588298797607",
        "cumulative": false
    },
    {
        "date": "2020-12-08T11:13:33.946Z",
        "value": "0.5563559532165527",
        "cumulative": false
    },
    {
        "date": "2020-12-08T11:13:37.595Z",
        "value": "0.5676767826080322",
        "cumulative": false
    },
    {
        "date": "2020-12-08T11:13:41.410Z",
        "value": "0.5423128604888916",
        "cumulative": false
    },
    {
        "date": "2020-12-08T11:13:45.056Z",
        "value": "0.5244326591491699",
        "cumulative": false
    },
    {
        "date": "2020-12-08T11:13:48.912Z",
        "value": "0.5552139282226562",
        "cumulative": false
    },
    {
        "date": "2020-12-08T11:13:52.728Z",
        "value": "0.5357198715209961",
        "cumulative": false
    },
    {
        "date": "2020-12-08T11:13:56.505Z",
        "value": "0.5667450428009033",
        "cumulative": false
    },
    {
        "date": "2020-12-08T11:14:00.266Z",
        "value": "0.564323902130127",
        "cumulative": false
    },
    {
        "date": "2020-12-08T11:14:04.065Z",
        "value": "0.5479745864868164",
        "cumulative": false
    },
    {
        "date": "2020-12-08T11:14:07.800Z",
        "value": "0.5573711395263672",
        "cumulative": false
    },
    {
        "date": "2020-12-08T11:14:11.688Z",
        "value": "0.5440456867218018",
        "cumulative": false
    },
    {
        "date": "2020-12-08T11:14:15.570Z",
        "value": "0.5454673767089844",
        "cumulative": false
    },
    {
        "date": "2020-12-08T11:14:19.305Z",
        "value": "0.5361824035644531",
        "cumulative": false
    },
    {
        "date": "2020-12-08T11:14:22.991Z",
        "value": "0.551621675491333",
        "cumulative": false
    },
    {
        "date": "2020-12-08T11:14:26.895Z",
        "value": "0.5364880561828613",
        "cumulative": false
    }
]