[
    {
        "date": "2020-12-08T11:13:11.701Z",
        "value": "5.241389036178589",
        "cumulative": false
    },
    {
        "date": "2020-12-08T11:13:15.484Z",
        "value": "3.0117762088775635",
        "cumulative": false
    },
    {
        "date": "2020-12-08T11:13:19.095Z",
        "value": "2.891308307647705",
        "cumulative": false
    },
    {
        "date": "2020-12-08T11:13:22.692Z",
        "value": "2.807840347290039",
        "cumulative": false
    },
    {
        "date": "2020-12-08T11:13:26.366Z",
        "value": "2.9291274547576904",
        "cumulative": false
    },
    {
        "date": "2020-12-08T11:13:30.022Z",
        "value": "2.913161039352417",
        "cumulative": false
    },
    {
        "date": "2020-12-08T11:13:33.962Z",
        "value": "3.118800640106201",
        "cumulative": false
    },
    {
        "date": "2020-12-08T11:13:37.593Z",
        "value": "2.8558175563812256",
        "cumulative": false
    },
    {
        "date": "2020-12-08T11:13:41.417Z",
        "value": "3.149033546447754",
        "cumulative": false
    },
    {
        "date": "2020-12-08T11:13:45.065Z",
        "value": "2.909223794937134",
        "cumulative": false
    },
    {
        "date": "2020-12-08T11:13:48.915Z",
        "value": "3.090867280960083",
        "cumulative": false
    },
    {
        "date": "2020-12-08T11:13:52.737Z",
        "value": "3.0888071060180664",
        "cumulative": false
    },
    {
        "date": "2020-12-08T11:13:56.522Z",
        "value": "3.024315595626831",
        "cumulative": false
    },
    {
        "date": "2020-12-08T11:14:00.266Z",
        "value": "2.9659457206726074",
        "cumulative": false
    },
    {
        "date": "2020-12-08T11:14:04.071Z",
        "value": "3.0424787998199463",
        "cumulative": false
    },
    {
        "date": "2020-12-08T11:14:07.807Z",
        "value": "2.9570024013519287",
        "cumulative": false
    },
    {
        "date": "2020-12-08T11:14:11.705Z",
        "value": "3.1024599075317383",
        "cumulative": false
    },
    {
        "date": "2020-12-08T11:14:15.578Z",
        "value": "3.133197784423828",
        "cumulative": false
    },
    {
        "date": "2020-12-08T11:14:19.314Z",
        "value": "2.9827942848205566",
        "cumulative": false
    },
    {
        "date": "2020-12-08T11:14:22.994Z",
        "value": "2.9066970348358154",
        "cumulative": false
    },
    {
        "date": "2020-12-08T11:14:26.890Z",
        "value": "3.1038482189178467",
        "cumulative": false
    }
]