[
    {
        "date": "2020-12-08T11:13:11.702Z",
        "value": "0.010058164596557617",
        "cumulative": false
    },
    {
        "date": "2020-12-08T11:13:15.476Z",
        "value": "0.010208845138549805",
        "cumulative": false
    },
    {
        "date": "2020-12-08T11:13:19.098Z",
        "value": "0.010536670684814453",
        "cumulative": false
    },
    {
        "date": "2020-12-08T11:13:22.684Z",
        "value": "0.010083913803100586",
        "cumulative": false
    },
    {
        "date": "2020-12-08T11:13:26.365Z",
        "value": "0.010230541229248047",
        "cumulative": false
    },
    {
        "date": "2020-12-08T11:13:30.009Z",
        "value": "0.010057926177978516",
        "cumulative": false
    },
    {
        "date": "2020-12-08T11:13:33.946Z",
        "value": "0.009497642517089844",
        "cumulative": false
    },
    {
        "date": "2020-12-08T11:13:37.595Z",
        "value": "0.010311365127563477",
        "cumulative": false
    },
    {
        "date": "2020-12-08T11:13:41.410Z",
        "value": "0.010098457336425781",
        "cumulative": false
    },
    {
        "date": "2020-12-08T11:13:45.056Z",
        "value": "0.009319067001342773",
        "cumulative": false
    },
    {
        "date": "2020-12-08T11:13:48.912Z",
        "value": "0.009581804275512695",
        "cumulative": false
    },
    {
        "date": "2020-12-08T11:13:52.728Z",
        "value": "0.010347366333007812",
        "cumulative": false
    },
    {
        "date": "2020-12-08T11:13:56.505Z",
        "value": "0.010507345199584961",
        "cumulative": false
    },
    {
        "date": "2020-12-08T11:14:00.266Z",
        "value": "0.010777950286865234",
        "cumulative": false
    },
    {
        "date": "2020-12-08T11:14:04.065Z",
        "value": "0.010936737060546875",
        "cumulative": false
    },
    {
        "date": "2020-12-08T11:14:07.800Z",
        "value": "0.010395526885986328",
        "cumulative": false
    },
    {
        "date": "2020-12-08T11:14:11.688Z",
        "value": "0.010166645050048828",
        "cumulative": false
    },
    {
        "date": "2020-12-08T11:14:15.570Z",
        "value": "0.010533571243286133",
        "cumulative": false
    },
    {
        "date": "2020-12-08T11:14:19.305Z",
        "value": "0.01024174690246582",
        "cumulative": false
    },
    {
        "date": "2020-12-08T11:14:22.991Z",
        "value": "0.010047197341918945",
        "cumulative": false
    },
    {
        "date": "2020-12-08T11:14:26.895Z",
        "value": "0.009605646133422852",
        "cumulative": false
    }
]