[
    {
        "date": "2020-12-08T11:13:11.700Z",
        "value": "2.726268768310547",
        "cumulative": false
    },
    {
        "date": "2020-12-08T11:13:15.473Z",
        "value": "0.6295797824859619",
        "cumulative": false
    },
    {
        "date": "2020-12-08T11:13:19.080Z",
        "value": "0.547677755355835",
        "cumulative": false
    },
    {
        "date": "2020-12-08T11:13:22.679Z",
        "value": "0.56589674949646",
        "cumulative": false
    },
    {
        "date": "2020-12-08T11:13:26.352Z",
        "value": "0.5813980102539062",
        "cumulative": false
    },
    {
        "date": "2020-12-08T11:13:30.005Z",
        "value": "0.5722696781158447",
        "cumulative": false
    },
    {
        "date": "2020-12-08T11:13:33.944Z",
        "value": "0.57301926612854",
        "cumulative": false
    },
    {
        "date": "2020-12-08T11:13:37.581Z",
        "value": "0.5573999881744385",
        "cumulative": false
    },
    {
        "date": "2020-12-08T11:13:41.414Z",
        "value": "0.5666728019714355",
        "cumulative": false
    },
    {
        "date": "2020-12-08T11:13:45.051Z",
        "value": "0.5554876327514648",
        "cumulative": false
    },
    {
        "date": "2020-12-08T11:13:48.909Z",
        "value": "0.5479249954223633",
        "cumulative": false
    },
    {
        "date": "2020-12-08T11:13:52.732Z",
        "value": "0.5603876113891602",
        "cumulative": false
    },
    {
        "date": "2020-12-08T11:13:56.506Z",
        "value": "0.597527265548706",
        "cumulative": false
    },
    {
        "date": "2020-12-08T11:14:00.254Z",
        "value": "0.6027874946594238",
        "cumulative": false
    },
    {
        "date": "2020-12-08T11:14:04.057Z",
        "value": "0.6009957790374756",
        "cumulative": false
    },
    {
        "date": "2020-12-08T11:14:07.803Z",
        "value": "0.5644426345825195",
        "cumulative": false
    },
    {
        "date": "2020-12-08T11:14:11.697Z",
        "value": "0.5767030715942383",
        "cumulative": false
    },
    {
        "date": "2020-12-08T11:14:15.567Z",
        "value": "0.554152250289917",
        "cumulative": false
    },
    {
        "date": "2020-12-08T11:14:19.305Z",
        "value": "0.5353176593780518",
        "cumulative": false
    },
    {
        "date": "2020-12-08T11:14:22.982Z",
        "value": "0.5731511116027832",
        "cumulative": false
    },
    {
        "date": "2020-12-08T11:14:26.879Z",
        "value": "0.556523323059082",
        "cumulative": false
    }
]