[
    {
        "date": "2020-12-08T11:13:11.700Z",
        "value": "0.030493497848510742",
        "cumulative": false
    },
    {
        "date": "2020-12-08T11:13:15.473Z",
        "value": "0.03197503089904785",
        "cumulative": false
    },
    {
        "date": "2020-12-08T11:13:19.080Z",
        "value": "0.0319671630859375",
        "cumulative": false
    },
    {
        "date": "2020-12-08T11:13:22.679Z",
        "value": "0.031171321868896484",
        "cumulative": false
    },
    {
        "date": "2020-12-08T11:13:26.352Z",
        "value": "0.02955794334411621",
        "cumulative": false
    },
    {
        "date": "2020-12-08T11:13:30.005Z",
        "value": "0.030848026275634766",
        "cumulative": false
    },
    {
        "date": "2020-12-08T11:13:33.944Z",
        "value": "0.029811859130859375",
        "cumulative": false
    },
    {
        "date": "2020-12-08T11:13:37.581Z",
        "value": "0.029428482055664062",
        "cumulative": false
    },
    {
        "date": "2020-12-08T11:13:41.414Z",
        "value": "0.031019210815429688",
        "cumulative": false
    },
    {
        "date": "2020-12-08T11:13:45.051Z",
        "value": "0.029926538467407227",
        "cumulative": false
    },
    {
        "date": "2020-12-08T11:13:48.909Z",
        "value": "0.029717206954956055",
        "cumulative": false
    },
    {
        "date": "2020-12-08T11:13:52.732Z",
        "value": "0.02938532829284668",
        "cumulative": false
    },
    {
        "date": "2020-12-08T11:13:56.506Z",
        "value": "0.0314946174621582",
        "cumulative": false
    },
    {
        "date": "2020-12-08T11:14:00.254Z",
        "value": "0.029859304428100586",
        "cumulative": false
    },
    {
        "date": "2020-12-08T11:14:04.057Z",
        "value": "0.031038522720336914",
        "cumulative": false
    },
    {
        "date": "2020-12-08T11:14:07.804Z",
        "value": "0.03273129463195801",
        "cumulative": false
    },
    {
        "date": "2020-12-08T11:14:11.697Z",
        "value": "0.02884531021118164",
        "cumulative": false
    },
    {
        "date": "2020-12-08T11:14:15.567Z",
        "value": "0.031174182891845703",
        "cumulative": false
    },
    {
        "date": "2020-12-08T11:14:19.305Z",
        "value": "0.030964136123657227",
        "cumulative": false
    },
    {
        "date": "2020-12-08T11:14:22.982Z",
        "value": "0.030386686325073242",
        "cumulative": false
    },
    {
        "date": "2020-12-08T11:14:26.879Z",
        "value": "0.02838611602783203",
        "cumulative": false
    }
]