[
    {
        "date": "2020-12-08T11:13:11.702Z",
        "value": "0.0001456737518310547",
        "cumulative": false
    },
    {
        "date": "2020-12-08T11:13:15.476Z",
        "value": "0.00013256072998046875",
        "cumulative": false
    },
    {
        "date": "2020-12-08T11:13:19.098Z",
        "value": "0.0001227855682373047",
        "cumulative": false
    },
    {
        "date": "2020-12-08T11:13:22.684Z",
        "value": "0.00011706352233886719",
        "cumulative": false
    },
    {
        "date": "2020-12-08T11:13:26.365Z",
        "value": "0.0001266002655029297",
        "cumulative": false
    },
    {
        "date": "2020-12-08T11:13:30.009Z",
        "value": "0.00013780593872070312",
        "cumulative": false
    },
    {
        "date": "2020-12-08T11:13:33.946Z",
        "value": "0.00017523765563964844",
        "cumulative": false
    },
    {
        "date": "2020-12-08T11:13:37.595Z",
        "value": "0.00014829635620117188",
        "cumulative": false
    },
    {
        "date": "2020-12-08T11:13:41.410Z",
        "value": "0.00011873245239257812",
        "cumulative": false
    },
    {
        "date": "2020-12-08T11:13:45.056Z",
        "value": "0.00012302398681640625",
        "cumulative": false
    },
    {
        "date": "2020-12-08T11:13:48.912Z",
        "value": "0.00011801719665527344",
        "cumulative": false
    },
    {
        "date": "2020-12-08T11:13:52.728Z",
        "value": "0.00014543533325195312",
        "cumulative": false
    },
    {
        "date": "2020-12-08T11:13:56.505Z",
        "value": "0.0001289844512939453",
        "cumulative": false
    },
    {
        "date": "2020-12-08T11:14:00.266Z",
        "value": "0.0001220703125",
        "cumulative": false
    },
    {
        "date": "2020-12-08T11:14:04.065Z",
        "value": "0.00012969970703125",
        "cumulative": false
    },
    {
        "date": "2020-12-08T11:14:07.800Z",
        "value": "0.0001354217529296875",
        "cumulative": false
    },
    {
        "date": "2020-12-08T11:14:11.688Z",
        "value": "0.00012302398681640625",
        "cumulative": false
    },
    {
        "date": "2020-12-08T11:14:15.570Z",
        "value": "0.00012135505676269531",
        "cumulative": false
    },
    {
        "date": "2020-12-08T11:14:19.306Z",
        "value": "0.0001647472381591797",
        "cumulative": false
    },
    {
        "date": "2020-12-08T11:14:22.991Z",
        "value": "0.00012159347534179688",
        "cumulative": false
    },
    {
        "date": "2020-12-08T11:14:26.895Z",
        "value": "0.0001399517059326172",
        "cumulative": false
    }
]