[
    {
        "date": "2020-12-08T11:13:11.692Z",
        "value": "5.249959945678711",
        "cumulative": false
    },
    {
        "date": "2020-12-08T11:13:15.470Z",
        "value": "3.0262715816497803",
        "cumulative": false
    },
    {
        "date": "2020-12-08T11:13:19.081Z",
        "value": "2.887106418609619",
        "cumulative": false
    },
    {
        "date": "2020-12-08T11:13:22.679Z",
        "value": "2.8041653633117676",
        "cumulative": false
    },
    {
        "date": "2020-12-08T11:13:26.355Z",
        "value": "2.9372804164886475",
        "cumulative": false
    },
    {
        "date": "2020-12-08T11:13:30.006Z",
        "value": "2.9273712635040283",
        "cumulative": false
    },
    {
        "date": "2020-12-08T11:13:33.944Z",
        "value": "3.1575469970703125",
        "cumulative": false
    },
    {
        "date": "2020-12-08T11:13:37.583Z",
        "value": "2.8796820640563965",
        "cumulative": false
    },
    {
        "date": "2020-12-08T11:13:41.406Z",
        "value": "3.125150680541992",
        "cumulative": false
    },
    {
        "date": "2020-12-08T11:13:45.052Z",
        "value": "2.916663408279419",
        "cumulative": false
    },
    {
        "date": "2020-12-08T11:13:48.909Z",
        "value": "3.091282606124878",
        "cumulative": false
    },
    {
        "date": "2020-12-08T11:13:52.733Z",
        "value": "3.07702374458313",
        "cumulative": false
    },
    {
        "date": "2020-12-08T11:13:56.506Z",
        "value": "3.0095760822296143",
        "cumulative": false
    },
    {
        "date": "2020-12-08T11:14:00.268Z",
        "value": "2.9679067134857178",
        "cumulative": false
    },
    {
        "date": "2020-12-08T11:14:04.066Z",
        "value": "3.049185037612915",
        "cumulative": false
    },
    {
        "date": "2020-12-08T11:14:07.796Z",
        "value": "2.9688334465026855",
        "cumulative": false
    },
    {
        "date": "2020-12-08T11:14:11.686Z",
        "value": "3.1112282276153564",
        "cumulative": false
    },
    {
        "date": "2020-12-08T11:14:15.572Z",
        "value": "3.1654269695281982",
        "cumulative": false
    },
    {
        "date": "2020-12-08T11:14:19.302Z",
        "value": "2.981400966644287",
        "cumulative": false
    },
    {
        "date": "2020-12-08T11:14:22.986Z",
        "value": "2.9106359481811523",
        "cumulative": false
    },
    {
        "date": "2020-12-08T11:14:26.879Z",
        "value": "3.1157023906707764",
        "cumulative": false
    }
]