[
    {
        "date": "2020-12-08T11:13:11.692Z",
        "value": "2.0786495208740234",
        "cumulative": false
    },
    {
        "date": "2020-12-08T11:13:15.476Z",
        "value": "2.119297742843628",
        "cumulative": false
    },
    {
        "date": "2020-12-08T11:13:19.085Z",
        "value": "1.978487253189087",
        "cumulative": false
    },
    {
        "date": "2020-12-08T11:13:22.684Z",
        "value": "1.7965776920318604",
        "cumulative": false
    },
    {
        "date": "2020-12-08T11:13:26.358Z",
        "value": "2.004851818084717",
        "cumulative": false
    },
    {
        "date": "2020-12-08T11:13:30.016Z",
        "value": "1.9762353897094727",
        "cumulative": false
    },
    {
        "date": "2020-12-08T11:13:33.944Z",
        "value": "2.2440476417541504",
        "cumulative": false
    },
    {
        "date": "2020-12-08T11:13:37.586Z",
        "value": "1.9177706241607666",
        "cumulative": false
    },
    {
        "date": "2020-12-08T11:13:41.411Z",
        "value": "2.2403717041015625",
        "cumulative": false
    },
    {
        "date": "2020-12-08T11:13:45.053Z",
        "value": "1.980130672454834",
        "cumulative": false
    },
    {
        "date": "2020-12-08T11:13:48.903Z",
        "value": "2.1522772312164307",
        "cumulative": false
    },
    {
        "date": "2020-12-08T11:13:52.726Z",
        "value": "2.144383192062378",
        "cumulative": false
    },
    {
        "date": "2020-12-08T11:13:56.513Z",
        "value": "2.09826397895813",
        "cumulative": false
    },
    {
        "date": "2020-12-08T11:14:00.254Z",
        "value": "2.05011248588562",
        "cumulative": false
    },
    {
        "date": "2020-12-08T11:14:04.061Z",
        "value": "2.1002390384674072",
        "cumulative": false
    },
    {
        "date": "2020-12-08T11:14:07.797Z",
        "value": "2.0282881259918213",
        "cumulative": false
    },
    {
        "date": "2020-12-08T11:14:11.687Z",
        "value": "2.18597674369812",
        "cumulative": false
    },
    {
        "date": "2020-12-08T11:14:15.575Z",
        "value": "2.2149240970611572",
        "cumulative": false
    },
    {
        "date": "2020-12-08T11:14:19.302Z",
        "value": "2.059674024581909",
        "cumulative": false
    },
    {
        "date": "2020-12-08T11:14:22.983Z",
        "value": "1.9487199783325195",
        "cumulative": false
    },
    {
        "date": "2020-12-08T11:14:26.883Z",
        "value": "2.215362787246704",
        "cumulative": false
    }
]