[
    {
        "date": "2020-12-08T11:13:08.831Z",
        "value": "2.496805429458618",
        "cumulative": false
    },
    {
        "date": "2020-12-08T11:13:10.375Z",
        "value": "1.8382751941680908",
        "cumulative": false
    },
    {
        "date": "2020-12-08T11:13:12.444Z",
        "value": "1.7044578790664673",
        "cumulative": false
    },
    {
        "date": "2020-12-08T11:13:13.949Z",
        "value": "1.5470105409622192",
        "cumulative": false
    },
    {
        "date": "2020-12-08T11:13:16.177Z",
        "value": "1.272664189338684",
        "cumulative": false
    },
    {
        "date": "2020-12-08T11:13:17.661Z",
        "value": "1.1393071413040161",
        "cumulative": false
    },
    {
        "date": "2020-12-08T11:13:19.891Z",
        "value": "0.9978812336921692",
        "cumulative": false
    },
    {
        "date": "2020-12-08T11:13:21.337Z",
        "value": "0.9220618605613708",
        "cumulative": false
    },
    {
        "date": "2020-12-08T11:13:23.427Z",
        "value": "1.1168814897537231",
        "cumulative": false
    },
    {
        "date": "2020-12-08T11:13:25.013Z",
        "value": "1.0147292613983154",
        "cumulative": false
    },
    {
        "date": "2020-12-08T11:13:27.069Z",
        "value": "0.8312130570411682",
        "cumulative": false
    },
    {
        "date": "2020-12-08T11:13:28.573Z",
        "value": "0.8519372940063477",
        "cumulative": false
    },
    {
        "date": "2020-12-08T11:13:30.800Z",
        "value": "0.6628772020339966",
        "cumulative": false
    },
    {
        "date": "2020-12-08T11:13:32.485Z",
        "value": "0.821785569190979",
        "cumulative": false
    },
    {
        "date": "2020-12-08T11:13:34.715Z",
        "value": "0.6346070170402527",
        "cumulative": false
    },
    {
        "date": "2020-12-08T11:13:36.231Z",
        "value": "0.9577186107635498",
        "cumulative": false
    },
    {
        "date": "2020-12-08T11:13:38.254Z",
        "value": "0.6518807411193848",
        "cumulative": false
    },
    {
        "date": "2020-12-08T11:13:39.918Z",
        "value": "0.7197783589363098",
        "cumulative": false
    },
    {
        "date": "2020-12-08T11:13:42.136Z",
        "value": "0.6404781341552734",
        "cumulative": false
    },
    {
        "date": "2020-12-08T11:13:43.686Z",
        "value": "0.6774585843086243",
        "cumulative": false
    },
    {
        "date": "2020-12-08T11:13:46.012Z",
        "value": "0.5470550060272217",
        "cumulative": false
    },
    {
        "date": "2020-12-08T11:13:47.470Z",
        "value": "0.5738714337348938",
        "cumulative": false
    },
    {
        "date": "2020-12-08T11:13:49.705Z",
        "value": "0.5564013123512268",
        "cumulative": false
    },
    {
        "date": "2020-12-08T11:13:51.326Z",
        "value": "0.6662356853485107",
        "cumulative": false
    },
    {
        "date": "2020-12-08T11:13:53.468Z",
        "value": "0.6023473143577576",
        "cumulative": false
    },
    {
        "date": "2020-12-08T11:13:55.091Z",
        "value": "0.41705527901649475",
        "cumulative": false
    },
    {
        "date": "2020-12-08T11:13:57.306Z",
        "value": "0.5386826992034912",
        "cumulative": false
    },
    {
        "date": "2020-12-08T11:13:58.851Z",
        "value": "0.5879919528961182",
        "cumulative": false
    },
    {
        "date": "2020-12-08T11:14:01.046Z",
        "value": "0.3688892126083374",
        "cumulative": false
    },
    {
        "date": "2020-12-08T11:14:02.627Z",
        "value": "0.511283814907074",
        "cumulative": false
    },
    {
        "date": "2020-12-08T11:14:04.869Z",
        "value": "0.44956520199775696",
        "cumulative": false
    },
    {
        "date": "2020-12-08T11:14:06.437Z",
        "value": "0.4463537335395813",
        "cumulative": false
    },
    {
        "date": "2020-12-08T11:14:08.604Z",
        "value": "0.4439804255962372",
        "cumulative": false
    },
    {
        "date": "2020-12-08T11:14:10.279Z",
        "value": "0.4230548143386841",
        "cumulative": false
    },
    {
        "date": "2020-12-08T11:14:12.456Z",
        "value": "0.5308129787445068",
        "cumulative": false
    },
    {
        "date": "2020-12-08T11:14:14.040Z",
        "value": "0.4079000651836395",
        "cumulative": false
    },
    {
        "date": "2020-12-08T11:14:16.324Z",
        "value": "0.4898476004600525",
        "cumulative": false
    },
    {
        "date": "2020-12-08T11:14:17.847Z",
        "value": "0.4612230956554413",
        "cumulative": false
    },
    {
        "date": "2020-12-08T11:14:20.124Z",
        "value": "0.44978636503219604",
        "cumulative": false
    },
    {
        "date": "2020-12-08T11:14:21.645Z",
        "value": "0.4563135504722595",
        "cumulative": false
    },
    {
        "date": "2020-12-08T11:14:23.797Z",
        "value": "0.5496935844421387",
        "cumulative": false
    },
    {
        "date": "2020-12-08T11:14:25.411Z",
        "value": "0.3160806894302368",
        "cumulative": false
    }
]