[
    {
        "date": "2020-12-08T11:13:11.701Z",
        "value": "1.9409065246582031",
        "cumulative": false
    },
    {
        "date": "2020-12-08T11:13:15.484Z",
        "value": "2.0534534454345703",
        "cumulative": false
    },
    {
        "date": "2020-12-08T11:13:19.095Z",
        "value": "1.8693621158599854",
        "cumulative": false
    },
    {
        "date": "2020-12-08T11:13:22.692Z",
        "value": "1.7887647151947021",
        "cumulative": false
    },
    {
        "date": "2020-12-08T11:13:26.366Z",
        "value": "1.9621946811676025",
        "cumulative": false
    },
    {
        "date": "2020-12-08T11:13:30.022Z",
        "value": "1.982041835784912",
        "cumulative": false
    },
    {
        "date": "2020-12-08T11:13:33.962Z",
        "value": "2.176023244857788",
        "cumulative": false
    },
    {
        "date": "2020-12-08T11:13:37.594Z",
        "value": "1.8920187950134277",
        "cumulative": false
    },
    {
        "date": "2020-12-08T11:13:41.418Z",
        "value": "2.219559669494629",
        "cumulative": false
    },
    {
        "date": "2020-12-08T11:13:45.066Z",
        "value": "1.9460203647613525",
        "cumulative": false
    },
    {
        "date": "2020-12-08T11:13:48.915Z",
        "value": "2.162827253341675",
        "cumulative": false
    },
    {
        "date": "2020-12-08T11:13:52.737Z",
        "value": "2.1046957969665527",
        "cumulative": false
    },
    {
        "date": "2020-12-08T11:13:56.522Z",
        "value": "2.0917084217071533",
        "cumulative": false
    },
    {
        "date": "2020-12-08T11:14:00.266Z",
        "value": "2.020799398422241",
        "cumulative": false
    },
    {
        "date": "2020-12-08T11:14:04.071Z",
        "value": "2.1081717014312744",
        "cumulative": false
    },
    {
        "date": "2020-12-08T11:14:07.807Z",
        "value": "2.0092036724090576",
        "cumulative": false
    },
    {
        "date": "2020-12-08T11:14:11.705Z",
        "value": "2.1996583938598633",
        "cumulative": false
    },
    {
        "date": "2020-12-08T11:14:15.578Z",
        "value": "2.157606601715088",
        "cumulative": false
    },
    {
        "date": "2020-12-08T11:14:19.315Z",
        "value": "2.0744080543518066",
        "cumulative": false
    },
    {
        "date": "2020-12-08T11:14:22.994Z",
        "value": "1.9665553569793701",
        "cumulative": false
    },
    {
        "date": "2020-12-08T11:14:26.890Z",
        "value": "2.1338372230529785",
        "cumulative": false
    }
]