[
    {
        "date": "2020-12-08T11:13:11.695Z",
        "value": "2.640941858291626",
        "cumulative": false
    },
    {
        "date": "2020-12-08T11:13:15.488Z",
        "value": "0.5234310626983643",
        "cumulative": false
    },
    {
        "date": "2020-12-08T11:13:19.089Z",
        "value": "0.5237996578216553",
        "cumulative": false
    },
    {
        "date": "2020-12-08T11:13:22.686Z",
        "value": "0.5457289218902588",
        "cumulative": false
    },
    {
        "date": "2020-12-08T11:13:26.361Z",
        "value": "0.5265030860900879",
        "cumulative": false
    },
    {
        "date": "2020-12-08T11:13:30.012Z",
        "value": "0.5599713325500488",
        "cumulative": false
    },
    {
        "date": "2020-12-08T11:13:33.950Z",
        "value": "0.5186455249786377",
        "cumulative": false
    },
    {
        "date": "2020-12-08T11:13:37.588Z",
        "value": "0.5569422245025635",
        "cumulative": false
    },
    {
        "date": "2020-12-08T11:13:41.415Z",
        "value": "0.5636963844299316",
        "cumulative": false
    },
    {
        "date": "2020-12-08T11:13:45.065Z",
        "value": "0.5074660778045654",
        "cumulative": false
    },
    {
        "date": "2020-12-08T11:13:48.909Z",
        "value": "0.5271451473236084",
        "cumulative": false
    },
    {
        "date": "2020-12-08T11:13:52.737Z",
        "value": "0.5662662982940674",
        "cumulative": false
    },
    {
        "date": "2020-12-08T11:13:56.512Z",
        "value": "0.544672966003418",
        "cumulative": false
    },
    {
        "date": "2020-12-08T11:14:00.265Z",
        "value": "0.563312292098999",
        "cumulative": false
    },
    {
        "date": "2020-12-08T11:14:04.069Z",
        "value": "0.5306706428527832",
        "cumulative": false
    },
    {
        "date": "2020-12-08T11:14:07.805Z",
        "value": "0.5202085971832275",
        "cumulative": false
    },
    {
        "date": "2020-12-08T11:14:11.692Z",
        "value": "0.48683810234069824",
        "cumulative": false
    },
    {
        "date": "2020-12-08T11:14:15.573Z",
        "value": "0.5046124458312988",
        "cumulative": false
    },
    {
        "date": "2020-12-08T11:14:19.321Z",
        "value": "0.5524423122406006",
        "cumulative": false
    },
    {
        "date": "2020-12-08T11:14:22.995Z",
        "value": "0.5375802516937256",
        "cumulative": false
    },
    {
        "date": "2020-12-08T11:14:26.885Z",
        "value": "0.51296067237854",
        "cumulative": false
    }
]