[
    {
        "date": "2020-12-08T11:13:11.692Z",
        "value": "0.008646726608276367",
        "cumulative": false
    },
    {
        "date": "2020-12-08T11:13:15.476Z",
        "value": "0.008063554763793945",
        "cumulative": false
    },
    {
        "date": "2020-12-08T11:13:19.085Z",
        "value": "0.00803518295288086",
        "cumulative": false
    },
    {
        "date": "2020-12-08T11:13:22.684Z",
        "value": "0.010394573211669922",
        "cumulative": false
    },
    {
        "date": "2020-12-08T11:13:26.358Z",
        "value": "0.007918357849121094",
        "cumulative": false
    },
    {
        "date": "2020-12-08T11:13:30.016Z",
        "value": "0.009367942810058594",
        "cumulative": false
    },
    {
        "date": "2020-12-08T11:13:33.944Z",
        "value": "0.008455753326416016",
        "cumulative": false
    },
    {
        "date": "2020-12-08T11:13:37.586Z",
        "value": "0.008741617202758789",
        "cumulative": false
    },
    {
        "date": "2020-12-08T11:13:41.411Z",
        "value": "0.00829315185546875",
        "cumulative": false
    },
    {
        "date": "2020-12-08T11:13:45.053Z",
        "value": "0.008488655090332031",
        "cumulative": false
    },
    {
        "date": "2020-12-08T11:13:48.903Z",
        "value": "0.008575677871704102",
        "cumulative": false
    },
    {
        "date": "2020-12-08T11:13:52.726Z",
        "value": "0.008903980255126953",
        "cumulative": false
    },
    {
        "date": "2020-12-08T11:13:56.513Z",
        "value": "0.008478164672851562",
        "cumulative": false
    },
    {
        "date": "2020-12-08T11:14:00.254Z",
        "value": "0.008401870727539062",
        "cumulative": false
    },
    {
        "date": "2020-12-08T11:14:04.061Z",
        "value": "0.008514165878295898",
        "cumulative": false
    },
    {
        "date": "2020-12-08T11:14:07.797Z",
        "value": "0.009056329727172852",
        "cumulative": false
    },
    {
        "date": "2020-12-08T11:14:11.687Z",
        "value": "0.008369207382202148",
        "cumulative": false
    },
    {
        "date": "2020-12-08T11:14:15.575Z",
        "value": "0.00881505012512207",
        "cumulative": false
    },
    {
        "date": "2020-12-08T11:14:19.302Z",
        "value": "0.008713483810424805",
        "cumulative": false
    },
    {
        "date": "2020-12-08T11:14:22.983Z",
        "value": "0.009515047073364258",
        "cumulative": false
    },
    {
        "date": "2020-12-08T11:14:26.883Z",
        "value": "0.007926702499389648",
        "cumulative": false
    }
]