[
    {
        "date": "2020-12-08T11:13:11.692Z",
        "value": "0.23906731605529785",
        "cumulative": false
    },
    {
        "date": "2020-12-08T11:13:15.476Z",
        "value": "0.23479032516479492",
        "cumulative": false
    },
    {
        "date": "2020-12-08T11:13:19.085Z",
        "value": "0.23932790756225586",
        "cumulative": false
    },
    {
        "date": "2020-12-08T11:13:22.684Z",
        "value": "0.2548503875732422",
        "cumulative": false
    },
    {
        "date": "2020-12-08T11:13:26.358Z",
        "value": "0.23218750953674316",
        "cumulative": false
    },
    {
        "date": "2020-12-08T11:13:30.016Z",
        "value": "0.2409360408782959",
        "cumulative": false
    },
    {
        "date": "2020-12-08T11:13:33.944Z",
        "value": "0.24884510040283203",
        "cumulative": false
    },
    {
        "date": "2020-12-08T11:13:37.587Z",
        "value": "0.2315385341644287",
        "cumulative": false
    },
    {
        "date": "2020-12-08T11:13:41.411Z",
        "value": "0.24455881118774414",
        "cumulative": false
    },
    {
        "date": "2020-12-08T11:13:45.053Z",
        "value": "0.2353825569152832",
        "cumulative": false
    },
    {
        "date": "2020-12-08T11:13:48.903Z",
        "value": "0.24652099609375",
        "cumulative": false
    },
    {
        "date": "2020-12-08T11:13:52.726Z",
        "value": "0.2339615821838379",
        "cumulative": false
    },
    {
        "date": "2020-12-08T11:13:56.513Z",
        "value": "0.23689675331115723",
        "cumulative": false
    },
    {
        "date": "2020-12-08T11:14:00.254Z",
        "value": "0.23023295402526855",
        "cumulative": false
    },
    {
        "date": "2020-12-08T11:14:04.061Z",
        "value": "0.24418187141418457",
        "cumulative": false
    },
    {
        "date": "2020-12-08T11:14:07.797Z",
        "value": "0.23972415924072266",
        "cumulative": false
    },
    {
        "date": "2020-12-08T11:14:11.687Z",
        "value": "0.2392585277557373",
        "cumulative": false
    },
    {
        "date": "2020-12-08T11:14:15.575Z",
        "value": "0.2502741813659668",
        "cumulative": false
    },
    {
        "date": "2020-12-08T11:14:19.302Z",
        "value": "0.24123334884643555",
        "cumulative": false
    },
    {
        "date": "2020-12-08T11:14:22.983Z",
        "value": "0.2582058906555176",
        "cumulative": false
    },
    {
        "date": "2020-12-08T11:14:26.883Z",
        "value": "0.24526047706604004",
        "cumulative": false
    }
]