[
    {
        "date": "2020-12-08T11:13:11.692Z",
        "value": "0.11610198020935059",
        "cumulative": false
    },
    {
        "date": "2020-12-08T11:13:15.476Z",
        "value": "0.1243741512298584",
        "cumulative": false
    },
    {
        "date": "2020-12-08T11:13:19.085Z",
        "value": "0.11965823173522949",
        "cumulative": false
    },
    {
        "date": "2020-12-08T11:13:22.684Z",
        "value": "0.12498664855957031",
        "cumulative": false
    },
    {
        "date": "2020-12-08T11:13:26.358Z",
        "value": "0.11428713798522949",
        "cumulative": false
    },
    {
        "date": "2020-12-08T11:13:30.016Z",
        "value": "0.11450719833374023",
        "cumulative": false
    },
    {
        "date": "2020-12-08T11:13:33.944Z",
        "value": "0.11330485343933105",
        "cumulative": false
    },
    {
        "date": "2020-12-08T11:13:37.586Z",
        "value": "0.12294459342956543",
        "cumulative": false
    },
    {
        "date": "2020-12-08T11:13:41.410Z",
        "value": "0.11202716827392578",
        "cumulative": false
    },
    {
        "date": "2020-12-08T11:13:45.053Z",
        "value": "0.11150932312011719",
        "cumulative": false
    },
    {
        "date": "2020-12-08T11:13:48.903Z",
        "value": "0.11777615547180176",
        "cumulative": false
    },
    {
        "date": "2020-12-08T11:13:52.726Z",
        "value": "0.10522294044494629",
        "cumulative": false
    },
    {
        "date": "2020-12-08T11:13:56.513Z",
        "value": "0.11732983589172363",
        "cumulative": false
    },
    {
        "date": "2020-12-08T11:14:00.254Z",
        "value": "0.1158447265625",
        "cumulative": false
    },
    {
        "date": "2020-12-08T11:14:04.061Z",
        "value": "0.1133882999420166",
        "cumulative": false
    },
    {
        "date": "2020-12-08T11:14:07.797Z",
        "value": "0.1184549331665039",
        "cumulative": false
    },
    {
        "date": "2020-12-08T11:14:11.687Z",
        "value": "0.1122884750366211",
        "cumulative": false
    },
    {
        "date": "2020-12-08T11:14:15.575Z",
        "value": "0.11494064331054688",
        "cumulative": false
    },
    {
        "date": "2020-12-08T11:14:19.302Z",
        "value": "0.11462163925170898",
        "cumulative": false
    },
    {
        "date": "2020-12-08T11:14:22.982Z",
        "value": "0.12428522109985352",
        "cumulative": false
    },
    {
        "date": "2020-12-08T11:14:26.883Z",
        "value": "0.11433720588684082",
        "cumulative": false
    }
]