[
    {
        "date": "2020-12-08T11:13:11.700Z",
        "value": "0.11522841453552246",
        "cumulative": false
    },
    {
        "date": "2020-12-08T11:13:15.473Z",
        "value": "0.11802530288696289",
        "cumulative": false
    },
    {
        "date": "2020-12-08T11:13:19.080Z",
        "value": "0.11598992347717285",
        "cumulative": false
    },
    {
        "date": "2020-12-08T11:13:22.679Z",
        "value": "0.1282634735107422",
        "cumulative": false
    },
    {
        "date": "2020-12-08T11:13:26.352Z",
        "value": "0.11487913131713867",
        "cumulative": false
    },
    {
        "date": "2020-12-08T11:13:30.005Z",
        "value": "0.13101911544799805",
        "cumulative": false
    },
    {
        "date": "2020-12-08T11:13:33.944Z",
        "value": "0.1306171417236328",
        "cumulative": false
    },
    {
        "date": "2020-12-08T11:13:37.581Z",
        "value": "0.13022565841674805",
        "cumulative": false
    },
    {
        "date": "2020-12-08T11:13:41.414Z",
        "value": "0.11807537078857422",
        "cumulative": false
    },
    {
        "date": "2020-12-08T11:13:45.051Z",
        "value": "0.11891627311706543",
        "cumulative": false
    },
    {
        "date": "2020-12-08T11:13:48.909Z",
        "value": "0.11662936210632324",
        "cumulative": false
    },
    {
        "date": "2020-12-08T11:13:52.732Z",
        "value": "0.126326322555542",
        "cumulative": false
    },
    {
        "date": "2020-12-08T11:13:56.506Z",
        "value": "0.11407470703125",
        "cumulative": false
    },
    {
        "date": "2020-12-08T11:14:00.254Z",
        "value": "0.11485528945922852",
        "cumulative": false
    },
    {
        "date": "2020-12-08T11:14:04.057Z",
        "value": "0.11651992797851562",
        "cumulative": false
    },
    {
        "date": "2020-12-08T11:14:07.803Z",
        "value": "0.11668086051940918",
        "cumulative": false
    },
    {
        "date": "2020-12-08T11:14:11.697Z",
        "value": "0.10977649688720703",
        "cumulative": false
    },
    {
        "date": "2020-12-08T11:14:15.567Z",
        "value": "0.10949134826660156",
        "cumulative": false
    },
    {
        "date": "2020-12-08T11:14:19.305Z",
        "value": "0.11702251434326172",
        "cumulative": false
    },
    {
        "date": "2020-12-08T11:14:22.982Z",
        "value": "0.1275482177734375",
        "cumulative": false
    },
    {
        "date": "2020-12-08T11:14:26.879Z",
        "value": "0.11959409713745117",
        "cumulative": false
    }
]