[
    {
        "date": "2020-12-08T11:13:11.692Z",
        "value": "8.845329284667969e-05",
        "cumulative": false
    },
    {
        "date": "2020-12-08T11:13:15.470Z",
        "value": "7.987022399902344e-05",
        "cumulative": false
    },
    {
        "date": "2020-12-08T11:13:19.081Z",
        "value": "8.463859558105469e-05",
        "cumulative": false
    },
    {
        "date": "2020-12-08T11:13:22.679Z",
        "value": "8.630752563476562e-05",
        "cumulative": false
    },
    {
        "date": "2020-12-08T11:13:26.355Z",
        "value": "9.131431579589844e-05",
        "cumulative": false
    },
    {
        "date": "2020-12-08T11:13:30.006Z",
        "value": "9.179115295410156e-05",
        "cumulative": false
    },
    {
        "date": "2020-12-08T11:13:33.944Z",
        "value": "8.463859558105469e-05",
        "cumulative": false
    },
    {
        "date": "2020-12-08T11:13:37.583Z",
        "value": "9.393692016601562e-05",
        "cumulative": false
    },
    {
        "date": "2020-12-08T11:13:41.406Z",
        "value": "8.96453857421875e-05",
        "cumulative": false
    },
    {
        "date": "2020-12-08T11:13:45.052Z",
        "value": "9.107589721679688e-05",
        "cumulative": false
    },
    {
        "date": "2020-12-08T11:13:48.909Z",
        "value": "0.0001232624053955078",
        "cumulative": false
    },
    {
        "date": "2020-12-08T11:13:52.733Z",
        "value": "9.441375732421875e-05",
        "cumulative": false
    },
    {
        "date": "2020-12-08T11:13:56.506Z",
        "value": "9.107589721679688e-05",
        "cumulative": false
    },
    {
        "date": "2020-12-08T11:14:00.268Z",
        "value": "9.322166442871094e-05",
        "cumulative": false
    },
    {
        "date": "2020-12-08T11:14:04.066Z",
        "value": "0.00010156631469726562",
        "cumulative": false
    },
    {
        "date": "2020-12-08T11:14:07.796Z",
        "value": "0.00011968612670898438",
        "cumulative": false
    },
    {
        "date": "2020-12-08T11:14:11.686Z",
        "value": "0.00011515617370605469",
        "cumulative": false
    },
    {
        "date": "2020-12-08T11:14:15.572Z",
        "value": "9.1552734375e-05",
        "cumulative": false
    },
    {
        "date": "2020-12-08T11:14:19.302Z",
        "value": "9.369850158691406e-05",
        "cumulative": false
    },
    {
        "date": "2020-12-08T11:14:22.986Z",
        "value": "8.797645568847656e-05",
        "cumulative": false
    },
    {
        "date": "2020-12-08T11:14:26.879Z",
        "value": "8.916854858398438e-05",
        "cumulative": false
    }
]