[
    {
        "date": "2020-12-08T11:13:11.702Z",
        "value": "0.0001704692840576172",
        "cumulative": false
    },
    {
        "date": "2020-12-08T11:13:15.484Z",
        "value": "0.00014066696166992188",
        "cumulative": false
    },
    {
        "date": "2020-12-08T11:13:19.114Z",
        "value": "0.0001533031463623047",
        "cumulative": false
    },
    {
        "date": "2020-12-08T11:13:22.703Z",
        "value": "0.00013971328735351562",
        "cumulative": false
    },
    {
        "date": "2020-12-08T11:13:26.369Z",
        "value": "0.0001800060272216797",
        "cumulative": false
    },
    {
        "date": "2020-12-08T11:13:30.037Z",
        "value": "0.00015592575073242188",
        "cumulative": false
    },
    {
        "date": "2020-12-08T11:13:33.974Z",
        "value": "0.0001575946807861328",
        "cumulative": false
    },
    {
        "date": "2020-12-08T11:13:37.607Z",
        "value": "0.0001437664031982422",
        "cumulative": false
    },
    {
        "date": "2020-12-08T11:13:41.435Z",
        "value": "0.0001666545867919922",
        "cumulative": false
    },
    {
        "date": "2020-12-08T11:13:45.063Z",
        "value": "0.0001583099365234375",
        "cumulative": false
    },
    {
        "date": "2020-12-08T11:13:48.932Z",
        "value": "0.00018286705017089844",
        "cumulative": false
    },
    {
        "date": "2020-12-08T11:13:52.752Z",
        "value": "0.00017976760864257812",
        "cumulative": false
    },
    {
        "date": "2020-12-08T11:13:56.529Z",
        "value": "0.00016069412231445312",
        "cumulative": false
    },
    {
        "date": "2020-12-08T11:14:00.277Z",
        "value": "0.0001697540283203125",
        "cumulative": false
    },
    {
        "date": "2020-12-08T11:14:04.086Z",
        "value": "0.00015783309936523438",
        "cumulative": false
    },
    {
        "date": "2020-12-08T11:14:07.816Z",
        "value": "0.0001704692840576172",
        "cumulative": false
    },
    {
        "date": "2020-12-08T11:14:11.710Z",
        "value": "0.00015735626220703125",
        "cumulative": false
    },
    {
        "date": "2020-12-08T11:14:15.600Z",
        "value": "0.0001780986785888672",
        "cumulative": false
    },
    {
        "date": "2020-12-08T11:14:19.330Z",
        "value": "0.0001766681671142578",
        "cumulative": false
    },
    {
        "date": "2020-12-08T11:14:23.010Z",
        "value": "0.00017452239990234375",
        "cumulative": false
    },
    {
        "date": "2020-12-08T11:14:26.901Z",
        "value": "0.00015544891357421875",
        "cumulative": false
    }
]