[
    {
        "date": "2020-12-08T11:13:08.835Z",
        "value": "2.397911787033081",
        "cumulative": false
    },
    {
        "date": "2020-12-08T11:13:10.386Z",
        "value": "1.7726300954818726",
        "cumulative": false
    },
    {
        "date": "2020-12-08T11:13:12.455Z",
        "value": "1.5630202293395996",
        "cumulative": false
    },
    {
        "date": "2020-12-08T11:13:13.960Z",
        "value": "1.4187313318252563",
        "cumulative": false
    },
    {
        "date": "2020-12-08T11:13:16.181Z",
        "value": "1.2489718198776245",
        "cumulative": false
    },
    {
        "date": "2020-12-08T11:13:17.673Z",
        "value": "1.2890028953552246",
        "cumulative": false
    },
    {
        "date": "2020-12-08T11:13:19.901Z",
        "value": "1.1403733491897583",
        "cumulative": false
    },
    {
        "date": "2020-12-08T11:13:21.345Z",
        "value": "1.0954641103744507",
        "cumulative": false
    },
    {
        "date": "2020-12-08T11:13:23.438Z",
        "value": "0.9129562973976135",
        "cumulative": false
    },
    {
        "date": "2020-12-08T11:13:25.028Z",
        "value": "0.9418790936470032",
        "cumulative": false
    },
    {
        "date": "2020-12-08T11:13:27.080Z",
        "value": "0.8250447511672974",
        "cumulative": false
    },
    {
        "date": "2020-12-08T11:13:28.588Z",
        "value": "0.8731133341789246",
        "cumulative": false
    },
    {
        "date": "2020-12-08T11:13:30.810Z",
        "value": "0.760122537612915",
        "cumulative": false
    },
    {
        "date": "2020-12-08T11:13:32.496Z",
        "value": "0.6441238522529602",
        "cumulative": false
    },
    {
        "date": "2020-12-08T11:13:34.726Z",
        "value": "0.7973456978797913",
        "cumulative": false
    },
    {
        "date": "2020-12-08T11:13:36.243Z",
        "value": "0.7271488308906555",
        "cumulative": false
    },
    {
        "date": "2020-12-08T11:13:38.272Z",
        "value": "0.6285266876220703",
        "cumulative": false
    },
    {
        "date": "2020-12-08T11:13:39.929Z",
        "value": "0.5626572370529175",
        "cumulative": false
    },
    {
        "date": "2020-12-08T11:13:42.146Z",
        "value": "0.5012503862380981",
        "cumulative": false
    },
    {
        "date": "2020-12-08T11:13:43.700Z",
        "value": "0.5191681385040283",
        "cumulative": false
    },
    {
        "date": "2020-12-08T11:13:46.023Z",
        "value": "0.740131676197052",
        "cumulative": false
    },
    {
        "date": "2020-12-08T11:13:47.477Z",
        "value": "0.6271502375602722",
        "cumulative": false
    },
    {
        "date": "2020-12-08T11:13:49.716Z",
        "value": "0.5631856918334961",
        "cumulative": false
    },
    {
        "date": "2020-12-08T11:13:51.333Z",
        "value": "0.6156346201896667",
        "cumulative": false
    },
    {
        "date": "2020-12-08T11:13:53.478Z",
        "value": "0.41625910997390747",
        "cumulative": false
    },
    {
        "date": "2020-12-08T11:13:55.102Z",
        "value": "0.5094639658927917",
        "cumulative": false
    },
    {
        "date": "2020-12-08T11:13:57.317Z",
        "value": "0.6364902257919312",
        "cumulative": false
    },
    {
        "date": "2020-12-08T11:13:58.864Z",
        "value": "0.5169869065284729",
        "cumulative": false
    },
    {
        "date": "2020-12-08T11:14:01.056Z",
        "value": "0.4539218842983246",
        "cumulative": false
    },
    {
        "date": "2020-12-08T11:14:02.633Z",
        "value": "0.46346041560173035",
        "cumulative": false
    },
    {
        "date": "2020-12-08T11:14:04.879Z",
        "value": "0.5332006812095642",
        "cumulative": false
    },
    {
        "date": "2020-12-08T11:14:06.447Z",
        "value": "0.507533848285675",
        "cumulative": false
    },
    {
        "date": "2020-12-08T11:14:08.613Z",
        "value": "0.44576627016067505",
        "cumulative": false
    },
    {
        "date": "2020-12-08T11:14:10.293Z",
        "value": "0.4199979901313782",
        "cumulative": false
    },
    {
        "date": "2020-12-08T11:14:12.464Z",
        "value": "0.4317612051963806",
        "cumulative": false
    },
    {
        "date": "2020-12-08T11:14:14.047Z",
        "value": "0.4989610016345978",
        "cumulative": false
    },
    {
        "date": "2020-12-08T11:14:16.330Z",
        "value": "0.3527035415172577",
        "cumulative": false
    },
    {
        "date": "2020-12-08T11:14:17.853Z",
        "value": "0.4469018280506134",
        "cumulative": false
    },
    {
        "date": "2020-12-08T11:14:20.134Z",
        "value": "0.3895704448223114",
        "cumulative": false
    },
    {
        "date": "2020-12-08T11:14:21.651Z",
        "value": "0.33566561341285706",
        "cumulative": false
    },
    {
        "date": "2020-12-08T11:14:23.808Z",
        "value": "0.4239494204521179",
        "cumulative": false
    },
    {
        "date": "2020-12-08T11:14:25.421Z",
        "value": "0.41657325625419617",
        "cumulative": false
    }
]