[
    {
        "date": "2020-12-08T11:13:08.821Z",
        "value": "2.527711868286133",
        "cumulative": false
    },
    {
        "date": "2020-12-08T11:13:10.378Z",
        "value": "1.726635217666626",
        "cumulative": false
    },
    {
        "date": "2020-12-08T11:13:12.443Z",
        "value": "1.519974946975708",
        "cumulative": false
    },
    {
        "date": "2020-12-08T11:13:13.948Z",
        "value": "1.4020922183990479",
        "cumulative": false
    },
    {
        "date": "2020-12-08T11:13:16.168Z",
        "value": "1.3718771934509277",
        "cumulative": false
    },
    {
        "date": "2020-12-08T11:13:17.661Z",
        "value": "1.2669007778167725",
        "cumulative": false
    },
    {
        "date": "2020-12-08T11:13:19.893Z",
        "value": "1.1245245933532715",
        "cumulative": false
    },
    {
        "date": "2020-12-08T11:13:21.332Z",
        "value": "0.9221630096435547",
        "cumulative": false
    },
    {
        "date": "2020-12-08T11:13:23.419Z",
        "value": "1.0855361223220825",
        "cumulative": false
    },
    {
        "date": "2020-12-08T11:13:25.013Z",
        "value": "1.0298967361450195",
        "cumulative": false
    },
    {
        "date": "2020-12-08T11:13:27.074Z",
        "value": "0.9600996375083923",
        "cumulative": false
    },
    {
        "date": "2020-12-08T11:13:28.571Z",
        "value": "0.7481656074523926",
        "cumulative": false
    },
    {
        "date": "2020-12-08T11:13:30.795Z",
        "value": "0.769446611404419",
        "cumulative": false
    },
    {
        "date": "2020-12-08T11:13:32.480Z",
        "value": "0.8320162296295166",
        "cumulative": false
    },
    {
        "date": "2020-12-08T11:13:34.718Z",
        "value": "0.9093006253242493",
        "cumulative": false
    },
    {
        "date": "2020-12-08T11:13:36.234Z",
        "value": "0.7914382219314575",
        "cumulative": false
    },
    {
        "date": "2020-12-08T11:13:38.257Z",
        "value": "0.6810283064842224",
        "cumulative": false
    },
    {
        "date": "2020-12-08T11:13:39.916Z",
        "value": "0.6752479672431946",
        "cumulative": false
    },
    {
        "date": "2020-12-08T11:13:42.135Z",
        "value": "0.6822779774665833",
        "cumulative": false
    },
    {
        "date": "2020-12-08T11:13:43.686Z",
        "value": "0.6115730404853821",
        "cumulative": false
    },
    {
        "date": "2020-12-08T11:13:46.012Z",
        "value": "0.6084184646606445",
        "cumulative": false
    },
    {
        "date": "2020-12-08T11:13:47.469Z",
        "value": "0.4936273992061615",
        "cumulative": false
    },
    {
        "date": "2020-12-08T11:13:49.705Z",
        "value": "0.5851247906684875",
        "cumulative": false
    },
    {
        "date": "2020-12-08T11:13:51.323Z",
        "value": "0.489073246717453",
        "cumulative": false
    },
    {
        "date": "2020-12-08T11:13:53.474Z",
        "value": "0.6240566968917847",
        "cumulative": false
    },
    {
        "date": "2020-12-08T11:13:55.084Z",
        "value": "0.519923746585846",
        "cumulative": false
    },
    {
        "date": "2020-12-08T11:13:57.310Z",
        "value": "0.5753390192985535",
        "cumulative": false
    },
    {
        "date": "2020-12-08T11:13:58.853Z",
        "value": "0.5155470371246338",
        "cumulative": false
    },
    {
        "date": "2020-12-08T11:14:01.045Z",
        "value": "0.5917004346847534",
        "cumulative": false
    },
    {
        "date": "2020-12-08T11:14:02.621Z",
        "value": "0.47327980399131775",
        "cumulative": false
    },
    {
        "date": "2020-12-08T11:14:04.868Z",
        "value": "0.3621310293674469",
        "cumulative": false
    },
    {
        "date": "2020-12-08T11:14:06.434Z",
        "value": "0.502643883228302",
        "cumulative": false
    },
    {
        "date": "2020-12-08T11:14:08.603Z",
        "value": "0.745736837387085",
        "cumulative": false
    },
    {
        "date": "2020-12-08T11:14:10.278Z",
        "value": "0.44189199805259705",
        "cumulative": false
    },
    {
        "date": "2020-12-08T11:14:12.453Z",
        "value": "0.4418685734272003",
        "cumulative": false
    },
    {
        "date": "2020-12-08T11:14:14.039Z",
        "value": "0.4255048632621765",
        "cumulative": false
    },
    {
        "date": "2020-12-08T11:14:16.319Z",
        "value": "0.4890593886375427",
        "cumulative": false
    },
    {
        "date": "2020-12-08T11:14:17.845Z",
        "value": "0.4377668499946594",
        "cumulative": false
    },
    {
        "date": "2020-12-08T11:14:20.123Z",
        "value": "0.3377590775489807",
        "cumulative": false
    },
    {
        "date": "2020-12-08T11:14:21.640Z",
        "value": "0.411460816860199",
        "cumulative": false
    },
    {
        "date": "2020-12-08T11:14:23.798Z",
        "value": "0.43793824315071106",
        "cumulative": false
    },
    {
        "date": "2020-12-08T11:14:25.412Z",
        "value": "0.3743945360183716",
        "cumulative": false
    }
]