[
    {
        "date": "2020-12-08T11:13:11.694Z",
        "value": "5.242111444473267",
        "cumulative": false
    },
    {
        "date": "2020-12-08T11:13:15.484Z",
        "value": "3.0226364135742188",
        "cumulative": false
    },
    {
        "date": "2020-12-08T11:13:19.084Z",
        "value": "2.884431838989258",
        "cumulative": false
    },
    {
        "date": "2020-12-08T11:13:22.683Z",
        "value": "2.8062362670898438",
        "cumulative": false
    },
    {
        "date": "2020-12-08T11:13:26.357Z",
        "value": "2.9314022064208984",
        "cumulative": false
    },
    {
        "date": "2020-12-08T11:13:30.015Z",
        "value": "2.925525188446045",
        "cumulative": false
    },
    {
        "date": "2020-12-08T11:13:33.946Z",
        "value": "3.1467394828796387",
        "cumulative": false
    },
    {
        "date": "2020-12-08T11:13:37.585Z",
        "value": "2.865769624710083",
        "cumulative": false
    },
    {
        "date": "2020-12-08T11:13:41.417Z",
        "value": "3.14485239982605",
        "cumulative": false
    },
    {
        "date": "2020-12-08T11:13:45.060Z",
        "value": "2.8971729278564453",
        "cumulative": false
    },
    {
        "date": "2020-12-08T11:13:48.908Z",
        "value": "3.0988411903381348",
        "cumulative": false
    },
    {
        "date": "2020-12-08T11:13:52.729Z",
        "value": "3.0688257217407227",
        "cumulative": false
    },
    {
        "date": "2020-12-08T11:13:56.510Z",
        "value": "3.016378879547119",
        "cumulative": false
    },
    {
        "date": "2020-12-08T11:14:00.255Z",
        "value": "2.9586575031280518",
        "cumulative": false
    },
    {
        "date": "2020-12-08T11:14:04.062Z",
        "value": "3.041797399520874",
        "cumulative": false
    },
    {
        "date": "2020-12-08T11:14:07.799Z",
        "value": "2.9661474227905273",
        "cumulative": false
    },
    {
        "date": "2020-12-08T11:14:11.691Z",
        "value": "3.1038031578063965",
        "cumulative": false
    },
    {
        "date": "2020-12-08T11:14:15.568Z",
        "value": "3.150001049041748",
        "cumulative": false
    },
    {
        "date": "2020-12-08T11:14:19.306Z",
        "value": "2.980654001235962",
        "cumulative": false
    },
    {
        "date": "2020-12-08T11:14:22.985Z",
        "value": "2.90140700340271",
        "cumulative": false
    },
    {
        "date": "2020-12-08T11:14:26.887Z",
        "value": "3.117539644241333",
        "cumulative": false
    }
]