[
    {
        "date": "2020-12-08T11:13:11.692Z",
        "value": "2.777907609939575",
        "cumulative": false
    },
    {
        "date": "2020-12-08T11:13:15.476Z",
        "value": "0.5199601650238037",
        "cumulative": false
    },
    {
        "date": "2020-12-08T11:13:19.085Z",
        "value": "0.5224332809448242",
        "cumulative": false
    },
    {
        "date": "2020-12-08T11:13:22.684Z",
        "value": "0.5992758274078369",
        "cumulative": false
    },
    {
        "date": "2020-12-08T11:13:26.358Z",
        "value": "0.5567514896392822",
        "cumulative": false
    },
    {
        "date": "2020-12-08T11:13:30.016Z",
        "value": "0.5540289878845215",
        "cumulative": false
    },
    {
        "date": "2020-12-08T11:13:33.944Z",
        "value": "0.5116572380065918",
        "cumulative": false
    },
    {
        "date": "2020-12-08T11:13:37.586Z",
        "value": "0.5855488777160645",
        "cumulative": false
    },
    {
        "date": "2020-12-08T11:13:41.411Z",
        "value": "0.5187289714813232",
        "cumulative": false
    },
    {
        "date": "2020-12-08T11:13:45.053Z",
        "value": "0.5398602485656738",
        "cumulative": false
    },
    {
        "date": "2020-12-08T11:13:48.903Z",
        "value": "0.5522255897521973",
        "cumulative": false
    },
    {
        "date": "2020-12-08T11:13:52.726Z",
        "value": "0.5665180683135986",
        "cumulative": false
    },
    {
        "date": "2020-12-08T11:13:56.513Z",
        "value": "0.5500423908233643",
        "cumulative": false
    },
    {
        "date": "2020-12-08T11:14:00.254Z",
        "value": "0.5396826267242432",
        "cumulative": false
    },
    {
        "date": "2020-12-08T11:14:04.061Z",
        "value": "0.5511679649353027",
        "cumulative": false
    },
    {
        "date": "2020-12-08T11:14:07.797Z",
        "value": "0.5483133792877197",
        "cumulative": false
    },
    {
        "date": "2020-12-08T11:14:11.687Z",
        "value": "0.5360317230224609",
        "cumulative": false
    },
    {
        "date": "2020-12-08T11:14:15.575Z",
        "value": "0.5316896438598633",
        "cumulative": false
    },
    {
        "date": "2020-12-08T11:14:19.302Z",
        "value": "0.5347414016723633",
        "cumulative": false
    },
    {
        "date": "2020-12-08T11:14:22.983Z",
        "value": "0.5407640933990479",
        "cumulative": false
    },
    {
        "date": "2020-12-08T11:14:26.883Z",
        "value": "0.5160696506500244",
        "cumulative": false
    }
]