[
    {
        "date": "2020-12-08T11:13:08.824Z",
        "value": "46.875",
        "cumulative": false
    },
    {
        "date": "2020-12-08T11:13:10.382Z",
        "value": "85.9375",
        "cumulative": false
    },
    {
        "date": "2020-12-08T11:13:12.443Z",
        "value": "88.28125",
        "cumulative": false
    },
    {
        "date": "2020-12-08T11:13:13.948Z",
        "value": "93.75",
        "cumulative": false
    },
    {
        "date": "2020-12-08T11:13:16.168Z",
        "value": "92.96875",
        "cumulative": false
    },
    {
        "date": "2020-12-08T11:13:17.661Z",
        "value": "92.96875",
        "cumulative": false
    },
    {
        "date": "2020-12-08T11:13:19.893Z",
        "value": "96.09375",
        "cumulative": false
    },
    {
        "date": "2020-12-08T11:13:21.332Z",
        "value": "98.4375",
        "cumulative": false
    },
    {
        "date": "2020-12-08T11:13:23.419Z",
        "value": "96.875",
        "cumulative": false
    },
    {
        "date": "2020-12-08T11:13:25.013Z",
        "value": "96.875",
        "cumulative": false
    },
    {
        "date": "2020-12-08T11:13:27.074Z",
        "value": "96.09375",
        "cumulative": false
    },
    {
        "date": "2020-12-08T11:13:28.571Z",
        "value": "99.21875",
        "cumulative": false
    },
    {
        "date": "2020-12-08T11:13:30.795Z",
        "value": "99.21875",
        "cumulative": false
    },
    {
        "date": "2020-12-08T11:13:32.480Z",
        "value": "96.875",
        "cumulative": false
    },
    {
        "date": "2020-12-08T11:13:34.718Z",
        "value": "98.4375",
        "cumulative": false
    },
    {
        "date": "2020-12-08T11:13:36.234Z",
        "value": "94.53125",
        "cumulative": false
    },
    {
        "date": "2020-12-08T11:13:38.258Z",
        "value": "98.4375",
        "cumulative": false
    },
    {
        "date": "2020-12-08T11:13:39.916Z",
        "value": "98.4375",
        "cumulative": false
    },
    {
        "date": "2020-12-08T11:13:42.135Z",
        "value": "98.4375",
        "cumulative": false
    },
    {
        "date": "2020-12-08T11:13:43.686Z",
        "value": "100.0",
        "cumulative": false
    },
    {
        "date": "2020-12-08T11:13:46.012Z",
        "value": "97.65625",
        "cumulative": false
    },
    {
        "date": "2020-12-08T11:13:47.470Z",
        "value": "99.21875",
        "cumulative": false
    },
    {
        "date": "2020-12-08T11:13:49.705Z",
        "value": "100.0",
        "cumulative": false
    },
    {
        "date": "2020-12-08T11:13:51.323Z",
        "value": "97.65625",
        "cumulative": false
    },
    {
        "date": "2020-12-08T11:13:53.474Z",
        "value": "99.21875",
        "cumulative": false
    },
    {
        "date": "2020-12-08T11:13:55.084Z",
        "value": "100.0",
        "cumulative": false
    },
    {
        "date": "2020-12-08T11:13:57.310Z",
        "value": "99.21875",
        "cumulative": false
    },
    {
        "date": "2020-12-08T11:13:58.853Z",
        "value": "99.21875",
        "cumulative": false
    },
    {
        "date": "2020-12-08T11:14:01.045Z",
        "value": "98.4375",
        "cumulative": false
    },
    {
        "date": "2020-12-08T11:14:02.621Z",
        "value": "100.0",
        "cumulative": false
    },
    {
        "date": "2020-12-08T11:14:04.868Z",
        "value": "100.0",
        "cumulative": false
    },
    {
        "date": "2020-12-08T11:14:06.434Z",
        "value": "100.0",
        "cumulative": false
    },
    {
        "date": "2020-12-08T11:14:08.603Z",
        "value": "97.65625",
        "cumulative": false
    },
    {
        "date": "2020-12-08T11:14:10.278Z",
        "value": "100.0",
        "cumulative": false
    },
    {
        "date": "2020-12-08T11:14:12.453Z",
        "value": "100.0",
        "cumulative": false
    },
    {
        "date": "2020-12-08T11:14:14.039Z",
        "value": "100.0",
        "cumulative": false
    },
    {
        "date": "2020-12-08T11:14:16.319Z",
        "value": "100.0",
        "cumulative": false
    },
    {
        "date": "2020-12-08T11:14:17.846Z",
        "value": "100.0",
        "cumulative": false
    },
    {
        "date": "2020-12-08T11:14:20.123Z",
        "value": "100.0",
        "cumulative": false
    },
    {
        "date": "2020-12-08T11:14:21.640Z",
        "value": "98.4375",
        "cumulative": false
    },
    {
        "date": "2020-12-08T11:14:23.798Z",
        "value": "99.21875",
        "cumulative": false
    },
    {
        "date": "2020-12-08T11:14:25.412Z",
        "value": "100.0",
        "cumulative": false
    }
]