[
    {
        "date": "2020-12-08T11:13:08.822Z",
        "value": "2.475576400756836",
        "cumulative": false
    },
    {
        "date": "2020-12-08T11:13:10.379Z",
        "value": "1.7145596742630005",
        "cumulative": false
    },
    {
        "date": "2020-12-08T11:13:12.448Z",
        "value": "1.5570693016052246",
        "cumulative": false
    },
    {
        "date": "2020-12-08T11:13:13.949Z",
        "value": "1.3607892990112305",
        "cumulative": false
    },
    {
        "date": "2020-12-08T11:13:16.174Z",
        "value": "1.442867636680603",
        "cumulative": false
    },
    {
        "date": "2020-12-08T11:13:17.660Z",
        "value": "1.2750341892242432",
        "cumulative": false
    },
    {
        "date": "2020-12-08T11:13:19.889Z",
        "value": "1.070226788520813",
        "cumulative": false
    },
    {
        "date": "2020-12-08T11:13:21.336Z",
        "value": "1.0489501953125",
        "cumulative": false
    },
    {
        "date": "2020-12-08T11:13:23.419Z",
        "value": "0.9882720112800598",
        "cumulative": false
    },
    {
        "date": "2020-12-08T11:13:25.012Z",
        "value": "1.0819568634033203",
        "cumulative": false
    },
    {
        "date": "2020-12-08T11:13:27.073Z",
        "value": "0.9080061912536621",
        "cumulative": false
    },
    {
        "date": "2020-12-08T11:13:28.576Z",
        "value": "0.7251436114311218",
        "cumulative": false
    },
    {
        "date": "2020-12-08T11:13:30.796Z",
        "value": "0.6455321311950684",
        "cumulative": false
    },
    {
        "date": "2020-12-08T11:13:32.481Z",
        "value": "0.6706516742706299",
        "cumulative": false
    },
    {
        "date": "2020-12-08T11:13:34.714Z",
        "value": "0.7306238412857056",
        "cumulative": false
    },
    {
        "date": "2020-12-08T11:13:36.231Z",
        "value": "0.7988232374191284",
        "cumulative": false
    },
    {
        "date": "2020-12-08T11:13:38.255Z",
        "value": "0.6316248774528503",
        "cumulative": false
    },
    {
        "date": "2020-12-08T11:13:39.917Z",
        "value": "0.7914368510246277",
        "cumulative": false
    },
    {
        "date": "2020-12-08T11:13:42.134Z",
        "value": "0.6733869910240173",
        "cumulative": false
    },
    {
        "date": "2020-12-08T11:13:43.688Z",
        "value": "0.6253499388694763",
        "cumulative": false
    },
    {
        "date": "2020-12-08T11:13:46.011Z",
        "value": "0.6263366341590881",
        "cumulative": false
    },
    {
        "date": "2020-12-08T11:13:47.466Z",
        "value": "0.5902825593948364",
        "cumulative": false
    },
    {
        "date": "2020-12-08T11:13:49.703Z",
        "value": "0.6103391051292419",
        "cumulative": false
    },
    {
        "date": "2020-12-08T11:13:51.321Z",
        "value": "0.679470419883728",
        "cumulative": false
    },
    {
        "date": "2020-12-08T11:13:53.471Z",
        "value": "0.6671954393386841",
        "cumulative": false
    },
    {
        "date": "2020-12-08T11:13:55.084Z",
        "value": "0.5432689785957336",
        "cumulative": false
    },
    {
        "date": "2020-12-08T11:13:57.306Z",
        "value": "0.5356394648551941",
        "cumulative": false
    },
    {
        "date": "2020-12-08T11:13:58.855Z",
        "value": "0.6083161234855652",
        "cumulative": false
    },
    {
        "date": "2020-12-08T11:14:01.045Z",
        "value": "0.4513840079307556",
        "cumulative": false
    },
    {
        "date": "2020-12-08T11:14:02.621Z",
        "value": "0.5154157876968384",
        "cumulative": false
    },
    {
        "date": "2020-12-08T11:14:04.869Z",
        "value": "0.6166545748710632",
        "cumulative": false
    },
    {
        "date": "2020-12-08T11:14:06.437Z",
        "value": "0.46876153349876404",
        "cumulative": false
    },
    {
        "date": "2020-12-08T11:14:08.603Z",
        "value": "0.4366370141506195",
        "cumulative": false
    },
    {
        "date": "2020-12-08T11:14:10.282Z",
        "value": "0.5581071972846985",
        "cumulative": false
    },
    {
        "date": "2020-12-08T11:14:12.452Z",
        "value": "0.467703640460968",
        "cumulative": false
    },
    {
        "date": "2020-12-08T11:14:14.036Z",
        "value": "0.4958176612854004",
        "cumulative": false
    },
    {
        "date": "2020-12-08T11:14:16.319Z",
        "value": "0.4481945037841797",
        "cumulative": false
    },
    {
        "date": "2020-12-08T11:14:17.842Z",
        "value": "0.4623149633407593",
        "cumulative": false
    },
    {
        "date": "2020-12-08T11:14:20.123Z",
        "value": "0.5134148001670837",
        "cumulative": false
    },
    {
        "date": "2020-12-08T11:14:21.644Z",
        "value": "0.44850391149520874",
        "cumulative": false
    },
    {
        "date": "2020-12-08T11:14:23.798Z",
        "value": "0.36297133564949036",
        "cumulative": false
    },
    {
        "date": "2020-12-08T11:14:25.410Z",
        "value": "0.3436130881309509",
        "cumulative": false
    }
]