[
    {
        "date": "2020-12-08T11:13:08.828Z",
        "value": "2.4867029190063477",
        "cumulative": false
    },
    {
        "date": "2020-12-08T11:13:10.384Z",
        "value": "1.8800857067108154",
        "cumulative": false
    },
    {
        "date": "2020-12-08T11:13:12.449Z",
        "value": "1.519426941871643",
        "cumulative": false
    },
    {
        "date": "2020-12-08T11:13:13.955Z",
        "value": "1.4824434518814087",
        "cumulative": false
    },
    {
        "date": "2020-12-08T11:13:16.182Z",
        "value": "1.3720282316207886",
        "cumulative": false
    },
    {
        "date": "2020-12-08T11:13:17.666Z",
        "value": "1.1734484434127808",
        "cumulative": false
    },
    {
        "date": "2020-12-08T11:13:19.896Z",
        "value": "1.204088807106018",
        "cumulative": false
    },
    {
        "date": "2020-12-08T11:13:21.342Z",
        "value": "1.079643726348877",
        "cumulative": false
    },
    {
        "date": "2020-12-08T11:13:23.428Z",
        "value": "1.1002048254013062",
        "cumulative": false
    },
    {
        "date": "2020-12-08T11:13:25.018Z",
        "value": "1.0497044324874878",
        "cumulative": false
    },
    {
        "date": "2020-12-08T11:13:27.077Z",
        "value": "0.8337581157684326",
        "cumulative": false
    },
    {
        "date": "2020-12-08T11:13:28.578Z",
        "value": "0.8350735306739807",
        "cumulative": false
    },
    {
        "date": "2020-12-08T11:13:30.806Z",
        "value": "1.0314735174179077",
        "cumulative": false
    },
    {
        "date": "2020-12-08T11:13:32.488Z",
        "value": "0.7965330481529236",
        "cumulative": false
    },
    {
        "date": "2020-12-08T11:13:34.720Z",
        "value": "0.6737685203552246",
        "cumulative": false
    },
    {
        "date": "2020-12-08T11:13:36.236Z",
        "value": "0.7126061916351318",
        "cumulative": false
    },
    {
        "date": "2020-12-08T11:13:38.259Z",
        "value": "0.6695784330368042",
        "cumulative": false
    },
    {
        "date": "2020-12-08T11:13:39.924Z",
        "value": "0.641819179058075",
        "cumulative": false
    },
    {
        "date": "2020-12-08T11:13:42.139Z",
        "value": "0.5890918970108032",
        "cumulative": false
    },
    {
        "date": "2020-12-08T11:13:43.690Z",
        "value": "0.565719485282898",
        "cumulative": false
    },
    {
        "date": "2020-12-08T11:13:46.017Z",
        "value": "0.7342392206192017",
        "cumulative": false
    },
    {
        "date": "2020-12-08T11:13:47.472Z",
        "value": "0.46060723066329956",
        "cumulative": false
    },
    {
        "date": "2020-12-08T11:13:49.709Z",
        "value": "0.5987932682037354",
        "cumulative": false
    },
    {
        "date": "2020-12-08T11:13:51.327Z",
        "value": "0.46364596486091614",
        "cumulative": false
    },
    {
        "date": "2020-12-08T11:13:53.473Z",
        "value": "0.6205960512161255",
        "cumulative": false
    },
    {
        "date": "2020-12-08T11:13:55.096Z",
        "value": "0.4940301477909088",
        "cumulative": false
    },
    {
        "date": "2020-12-08T11:13:57.311Z",
        "value": "0.5143823623657227",
        "cumulative": false
    },
    {
        "date": "2020-12-08T11:13:58.857Z",
        "value": "0.3781387507915497",
        "cumulative": false
    },
    {
        "date": "2020-12-08T11:14:01.051Z",
        "value": "0.5028640031814575",
        "cumulative": false
    },
    {
        "date": "2020-12-08T11:14:02.627Z",
        "value": "0.3842225670814514",
        "cumulative": false
    },
    {
        "date": "2020-12-08T11:14:04.874Z",
        "value": "0.337429940700531",
        "cumulative": false
    },
    {
        "date": "2020-12-08T11:14:06.445Z",
        "value": "0.4276716709136963",
        "cumulative": false
    },
    {
        "date": "2020-12-08T11:14:08.607Z",
        "value": "0.4039797782897949",
        "cumulative": false
    },
    {
        "date": "2020-12-08T11:14:10.284Z",
        "value": "0.5287379622459412",
        "cumulative": false
    },
    {
        "date": "2020-12-08T11:14:12.459Z",
        "value": "0.43906623125076294",
        "cumulative": false
    },
    {
        "date": "2020-12-08T11:14:14.042Z",
        "value": "0.34871047735214233",
        "cumulative": false
    },
    {
        "date": "2020-12-08T11:14:16.324Z",
        "value": "0.44419050216674805",
        "cumulative": false
    },
    {
        "date": "2020-12-08T11:14:17.852Z",
        "value": "0.5769132971763611",
        "cumulative": false
    },
    {
        "date": "2020-12-08T11:14:20.128Z",
        "value": "0.42909637093544006",
        "cumulative": false
    },
    {
        "date": "2020-12-08T11:14:21.646Z",
        "value": "0.5767691731452942",
        "cumulative": false
    },
    {
        "date": "2020-12-08T11:14:23.802Z",
        "value": "0.3343057334423065",
        "cumulative": false
    },
    {
        "date": "2020-12-08T11:14:25.419Z",
        "value": "0.4613169729709625",
        "cumulative": false
    }
]