[
    {
        "date": "2020-12-08T11:13:11.701Z",
        "value": "0.00012874603271484375",
        "cumulative": false
    },
    {
        "date": "2020-12-08T11:13:15.484Z",
        "value": "0.00012731552124023438",
        "cumulative": false
    },
    {
        "date": "2020-12-08T11:13:19.095Z",
        "value": "0.0001323223114013672",
        "cumulative": false
    },
    {
        "date": "2020-12-08T11:13:22.692Z",
        "value": "0.0001552104949951172",
        "cumulative": false
    },
    {
        "date": "2020-12-08T11:13:26.366Z",
        "value": "0.00012612342834472656",
        "cumulative": false
    },
    {
        "date": "2020-12-08T11:13:30.022Z",
        "value": "0.0001227855682373047",
        "cumulative": false
    },
    {
        "date": "2020-12-08T11:13:33.962Z",
        "value": "0.00013184547424316406",
        "cumulative": false
    },
    {
        "date": "2020-12-08T11:13:37.594Z",
        "value": "0.00011563301086425781",
        "cumulative": false
    },
    {
        "date": "2020-12-08T11:13:41.418Z",
        "value": "0.0001614093780517578",
        "cumulative": false
    },
    {
        "date": "2020-12-08T11:13:45.066Z",
        "value": "0.0001430511474609375",
        "cumulative": false
    },
    {
        "date": "2020-12-08T11:13:48.915Z",
        "value": "0.00014591217041015625",
        "cumulative": false
    },
    {
        "date": "2020-12-08T11:13:52.737Z",
        "value": "0.0001385211944580078",
        "cumulative": false
    },
    {
        "date": "2020-12-08T11:13:56.522Z",
        "value": "0.0001232624053955078",
        "cumulative": false
    },
    {
        "date": "2020-12-08T11:14:00.266Z",
        "value": "0.00011491775512695312",
        "cumulative": false
    },
    {
        "date": "2020-12-08T11:14:04.071Z",
        "value": "0.00011444091796875",
        "cumulative": false
    },
    {
        "date": "2020-12-08T11:14:07.807Z",
        "value": "0.00011777877807617188",
        "cumulative": false
    },
    {
        "date": "2020-12-08T11:14:11.705Z",
        "value": "0.00014257431030273438",
        "cumulative": false
    },
    {
        "date": "2020-12-08T11:14:15.578Z",
        "value": "0.00013637542724609375",
        "cumulative": false
    },
    {
        "date": "2020-12-08T11:14:19.315Z",
        "value": "0.00011920928955078125",
        "cumulative": false
    },
    {
        "date": "2020-12-08T11:14:22.994Z",
        "value": "0.00011801719665527344",
        "cumulative": false
    },
    {
        "date": "2020-12-08T11:14:26.890Z",
        "value": "0.00013637542724609375",
        "cumulative": false
    }
]