[
    {
        "date": "2020-12-08T11:13:11.695Z",
        "value": "0.033530235290527344",
        "cumulative": false
    },
    {
        "date": "2020-12-08T11:13:15.484Z",
        "value": "0.03238368034362793",
        "cumulative": false
    },
    {
        "date": "2020-12-08T11:13:19.084Z",
        "value": "0.03311514854431152",
        "cumulative": false
    },
    {
        "date": "2020-12-08T11:13:22.683Z",
        "value": "0.0328824520111084",
        "cumulative": false
    },
    {
        "date": "2020-12-08T11:13:26.357Z",
        "value": "0.03300976753234863",
        "cumulative": false
    },
    {
        "date": "2020-12-08T11:13:30.015Z",
        "value": "0.03145122528076172",
        "cumulative": false
    },
    {
        "date": "2020-12-08T11:13:33.947Z",
        "value": "0.03208327293395996",
        "cumulative": false
    },
    {
        "date": "2020-12-08T11:13:37.585Z",
        "value": "0.034967899322509766",
        "cumulative": false
    },
    {
        "date": "2020-12-08T11:13:41.417Z",
        "value": "0.03151679039001465",
        "cumulative": false
    },
    {
        "date": "2020-12-08T11:13:45.060Z",
        "value": "0.0329132080078125",
        "cumulative": false
    },
    {
        "date": "2020-12-08T11:13:48.908Z",
        "value": "0.033111572265625",
        "cumulative": false
    },
    {
        "date": "2020-12-08T11:13:52.729Z",
        "value": "0.033154964447021484",
        "cumulative": false
    },
    {
        "date": "2020-12-08T11:13:56.510Z",
        "value": "0.03365802764892578",
        "cumulative": false
    },
    {
        "date": "2020-12-08T11:14:00.255Z",
        "value": "0.03258466720581055",
        "cumulative": false
    },
    {
        "date": "2020-12-08T11:14:04.062Z",
        "value": "0.032428741455078125",
        "cumulative": false
    },
    {
        "date": "2020-12-08T11:14:07.799Z",
        "value": "0.030825376510620117",
        "cumulative": false
    },
    {
        "date": "2020-12-08T11:14:11.691Z",
        "value": "0.0318295955657959",
        "cumulative": false
    },
    {
        "date": "2020-12-08T11:14:15.569Z",
        "value": "0.03198504447937012",
        "cumulative": false
    },
    {
        "date": "2020-12-08T11:14:19.307Z",
        "value": "0.03437948226928711",
        "cumulative": false
    },
    {
        "date": "2020-12-08T11:14:22.985Z",
        "value": "0.031944990158081055",
        "cumulative": false
    },
    {
        "date": "2020-12-08T11:14:26.887Z",
        "value": "0.03350520133972168",
        "cumulative": false
    }
]