[
    {
        "date": "2020-12-08T11:13:11.692Z",
        "value": "5.249354362487793",
        "cumulative": false
    },
    {
        "date": "2020-12-08T11:13:15.476Z",
        "value": "3.035767078399658",
        "cumulative": false
    },
    {
        "date": "2020-12-08T11:13:19.085Z",
        "value": "2.8972787857055664",
        "cumulative": false
    },
    {
        "date": "2020-12-08T11:13:22.684Z",
        "value": "2.8159713745117188",
        "cumulative": false
    },
    {
        "date": "2020-12-08T11:13:26.358Z",
        "value": "2.944030523300171",
        "cumulative": false
    },
    {
        "date": "2020-12-08T11:13:30.016Z",
        "value": "2.9249682426452637",
        "cumulative": false
    },
    {
        "date": "2020-12-08T11:13:33.944Z",
        "value": "3.1553421020507812",
        "cumulative": false
    },
    {
        "date": "2020-12-08T11:13:37.586Z",
        "value": "2.8941256999969482",
        "cumulative": false
    },
    {
        "date": "2020-12-08T11:13:41.410Z",
        "value": "3.154458522796631",
        "cumulative": false
    },
    {
        "date": "2020-12-08T11:13:45.053Z",
        "value": "2.904859781265259",
        "cumulative": false
    },
    {
        "date": "2020-12-08T11:13:48.903Z",
        "value": "3.1072967052459717",
        "cumulative": false
    },
    {
        "date": "2020-12-08T11:13:52.726Z",
        "value": "3.0881824493408203",
        "cumulative": false
    },
    {
        "date": "2020-12-08T11:13:56.513Z",
        "value": "3.0406126976013184",
        "cumulative": false
    },
    {
        "date": "2020-12-08T11:14:00.254Z",
        "value": "2.9735965728759766",
        "cumulative": false
    },
    {
        "date": "2020-12-08T11:14:04.061Z",
        "value": "3.0480141639709473",
        "cumulative": false
    },
    {
        "date": "2020-12-08T11:14:07.797Z",
        "value": "2.9715540409088135",
        "cumulative": false
    },
    {
        "date": "2020-12-08T11:14:11.687Z",
        "value": "3.1108429431915283",
        "cumulative": false
    },
    {
        "date": "2020-12-08T11:14:15.575Z",
        "value": "3.1527411937713623",
        "cumulative": false
    },
    {
        "date": "2020-12-08T11:14:19.302Z",
        "value": "2.987940788269043",
        "cumulative": false
    },
    {
        "date": "2020-12-08T11:14:22.982Z",
        "value": "2.9121861457824707",
        "cumulative": false
    },
    {
        "date": "2020-12-08T11:14:26.883Z",
        "value": "3.1265344619750977",
        "cumulative": false
    }
]