[
    {
        "date": "2020-12-08T11:13:11.702Z",
        "value": "0.12028264999389648",
        "cumulative": false
    },
    {
        "date": "2020-12-08T11:13:15.476Z",
        "value": "0.13312435150146484",
        "cumulative": false
    },
    {
        "date": "2020-12-08T11:13:19.098Z",
        "value": "0.12551045417785645",
        "cumulative": false
    },
    {
        "date": "2020-12-08T11:13:22.684Z",
        "value": "0.12011241912841797",
        "cumulative": false
    },
    {
        "date": "2020-12-08T11:13:26.364Z",
        "value": "0.13482141494750977",
        "cumulative": false
    },
    {
        "date": "2020-12-08T11:13:30.009Z",
        "value": "0.1199641227722168",
        "cumulative": false
    },
    {
        "date": "2020-12-08T11:13:33.946Z",
        "value": "0.12417435646057129",
        "cumulative": false
    },
    {
        "date": "2020-12-08T11:13:37.595Z",
        "value": "0.13165855407714844",
        "cumulative": false
    },
    {
        "date": "2020-12-08T11:13:41.410Z",
        "value": "0.14599275588989258",
        "cumulative": false
    },
    {
        "date": "2020-12-08T11:13:45.056Z",
        "value": "0.1323235034942627",
        "cumulative": false
    },
    {
        "date": "2020-12-08T11:13:48.912Z",
        "value": "0.11595392227172852",
        "cumulative": false
    },
    {
        "date": "2020-12-08T11:13:52.728Z",
        "value": "0.12734746932983398",
        "cumulative": false
    },
    {
        "date": "2020-12-08T11:13:56.505Z",
        "value": "0.13068246841430664",
        "cumulative": false
    },
    {
        "date": "2020-12-08T11:14:00.266Z",
        "value": "0.12127804756164551",
        "cumulative": false
    },
    {
        "date": "2020-12-08T11:14:04.065Z",
        "value": "0.12302041053771973",
        "cumulative": false
    },
    {
        "date": "2020-12-08T11:14:07.800Z",
        "value": "0.12562179565429688",
        "cumulative": false
    },
    {
        "date": "2020-12-08T11:14:11.688Z",
        "value": "0.12046527862548828",
        "cumulative": false
    },
    {
        "date": "2020-12-08T11:14:15.569Z",
        "value": "0.12307953834533691",
        "cumulative": false
    },
    {
        "date": "2020-12-08T11:14:19.305Z",
        "value": "0.12507152557373047",
        "cumulative": false
    },
    {
        "date": "2020-12-08T11:14:22.991Z",
        "value": "0.12458944320678711",
        "cumulative": false
    },
    {
        "date": "2020-12-08T11:14:26.895Z",
        "value": "0.11632800102233887",
        "cumulative": false
    }
]