[
    {
        "date": "2020-12-08T11:13:11.702Z",
        "value": "5.223205327987671",
        "cumulative": false
    },
    {
        "date": "2020-12-08T11:13:15.475Z",
        "value": "3.0074169635772705",
        "cumulative": false
    },
    {
        "date": "2020-12-08T11:13:19.098Z",
        "value": "2.8792855739593506",
        "cumulative": false
    },
    {
        "date": "2020-12-08T11:13:22.684Z",
        "value": "2.7983248233795166",
        "cumulative": false
    },
    {
        "date": "2020-12-08T11:13:26.364Z",
        "value": "2.9370293617248535",
        "cumulative": false
    },
    {
        "date": "2020-12-08T11:13:30.009Z",
        "value": "2.916102409362793",
        "cumulative": false
    },
    {
        "date": "2020-12-08T11:13:33.946Z",
        "value": "3.1421122550964355",
        "cumulative": false
    },
    {
        "date": "2020-12-08T11:13:37.595Z",
        "value": "2.879852771759033",
        "cumulative": false
    },
    {
        "date": "2020-12-08T11:13:41.410Z",
        "value": "3.1424853801727295",
        "cumulative": false
    },
    {
        "date": "2020-12-08T11:13:45.056Z",
        "value": "2.9026668071746826",
        "cumulative": false
    },
    {
        "date": "2020-12-08T11:13:48.912Z",
        "value": "3.094984531402588",
        "cumulative": false
    },
    {
        "date": "2020-12-08T11:13:52.728Z",
        "value": "3.074320077896118",
        "cumulative": false
    },
    {
        "date": "2020-12-08T11:13:56.505Z",
        "value": "3.01524019241333",
        "cumulative": false
    },
    {
        "date": "2020-12-08T11:14:00.266Z",
        "value": "2.957083225250244",
        "cumulative": false
    },
    {
        "date": "2020-12-08T11:14:04.065Z",
        "value": "3.043180465698242",
        "cumulative": false
    },
    {
        "date": "2020-12-08T11:14:07.799Z",
        "value": "2.9608585834503174",
        "cumulative": false
    },
    {
        "date": "2020-12-08T11:14:11.688Z",
        "value": "3.102302312850952",
        "cumulative": false
    },
    {
        "date": "2020-12-08T11:14:15.569Z",
        "value": "3.135568618774414",
        "cumulative": false
    },
    {
        "date": "2020-12-08T11:14:19.305Z",
        "value": "2.9705755710601807",
        "cumulative": false
    },
    {
        "date": "2020-12-08T11:14:22.991Z",
        "value": "2.901066780090332",
        "cumulative": false
    },
    {
        "date": "2020-12-08T11:14:26.895Z",
        "value": "3.1124720573425293",
        "cumulative": false
    }
]