[
    {
        "date": "2020-12-08T11:13:08.835Z",
        "value": "10.15625",
        "cumulative": false
    },
    {
        "date": "2020-12-08T11:13:10.382Z",
        "value": "31.25",
        "cumulative": false
    },
    {
        "date": "2020-12-08T11:13:12.449Z",
        "value": "38.28125",
        "cumulative": false
    },
    {
        "date": "2020-12-08T11:13:13.957Z",
        "value": "47.65625",
        "cumulative": false
    },
    {
        "date": "2020-12-08T11:13:16.186Z",
        "value": "51.5625",
        "cumulative": false
    },
    {
        "date": "2020-12-08T11:13:17.670Z",
        "value": "59.375",
        "cumulative": false
    },
    {
        "date": "2020-12-08T11:13:19.900Z",
        "value": "60.15625",
        "cumulative": false
    },
    {
        "date": "2020-12-08T11:13:21.343Z",
        "value": "61.71875",
        "cumulative": false
    },
    {
        "date": "2020-12-08T11:13:23.435Z",
        "value": "64.84375",
        "cumulative": false
    },
    {
        "date": "2020-12-08T11:13:25.022Z",
        "value": "56.25",
        "cumulative": false
    },
    {
        "date": "2020-12-08T11:13:27.074Z",
        "value": "60.15625",
        "cumulative": false
    },
    {
        "date": "2020-12-08T11:13:28.578Z",
        "value": "71.875",
        "cumulative": false
    },
    {
        "date": "2020-12-08T11:13:30.804Z",
        "value": "63.28125",
        "cumulative": false
    },
    {
        "date": "2020-12-08T11:13:32.494Z",
        "value": "75.0",
        "cumulative": false
    },
    {
        "date": "2020-12-08T11:13:34.727Z",
        "value": "73.4375",
        "cumulative": false
    },
    {
        "date": "2020-12-08T11:13:36.240Z",
        "value": "74.21875",
        "cumulative": false
    },
    {
        "date": "2020-12-08T11:13:38.263Z",
        "value": "75.78125",
        "cumulative": false
    },
    {
        "date": "2020-12-08T11:13:39.925Z",
        "value": "73.4375",
        "cumulative": false
    },
    {
        "date": "2020-12-08T11:13:42.144Z",
        "value": "82.8125",
        "cumulative": false
    },
    {
        "date": "2020-12-08T11:13:43.696Z",
        "value": "74.21875",
        "cumulative": false
    },
    {
        "date": "2020-12-08T11:13:46.017Z",
        "value": "79.6875",
        "cumulative": false
    },
    {
        "date": "2020-12-08T11:13:47.472Z",
        "value": "75.0",
        "cumulative": false
    },
    {
        "date": "2020-12-08T11:13:49.715Z",
        "value": "82.03125",
        "cumulative": false
    },
    {
        "date": "2020-12-08T11:13:51.329Z",
        "value": "78.125",
        "cumulative": false
    },
    {
        "date": "2020-12-08T11:13:53.477Z",
        "value": "80.46875",
        "cumulative": false
    },
    {
        "date": "2020-12-08T11:13:55.101Z",
        "value": "78.90625",
        "cumulative": false
    },
    {
        "date": "2020-12-08T11:13:57.317Z",
        "value": "85.15625",
        "cumulative": false
    },
    {
        "date": "2020-12-08T11:13:58.861Z",
        "value": "85.15625",
        "cumulative": false
    },
    {
        "date": "2020-12-08T11:14:01.060Z",
        "value": "82.8125",
        "cumulative": false
    },
    {
        "date": "2020-12-08T11:14:02.629Z",
        "value": "85.15625",
        "cumulative": false
    },
    {
        "date": "2020-12-08T11:14:04.879Z",
        "value": "82.03125",
        "cumulative": false
    },
    {
        "date": "2020-12-08T11:14:06.446Z",
        "value": "86.71875",
        "cumulative": false
    },
    {
        "date": "2020-12-08T11:14:08.612Z",
        "value": "84.375",
        "cumulative": false
    },
    {
        "date": "2020-12-08T11:14:10.288Z",
        "value": "80.46875",
        "cumulative": false
    },
    {
        "date": "2020-12-08T11:14:12.463Z",
        "value": "86.71875",
        "cumulative": false
    },
    {
        "date": "2020-12-08T11:14:14.046Z",
        "value": "88.28125",
        "cumulative": false
    },
    {
        "date": "2020-12-08T11:14:16.328Z",
        "value": "85.15625",
        "cumulative": false
    },
    {
        "date": "2020-12-08T11:14:17.854Z",
        "value": "86.71875",
        "cumulative": false
    },
    {
        "date": "2020-12-08T11:14:20.144Z",
        "value": "85.15625",
        "cumulative": false
    },
    {
        "date": "2020-12-08T11:14:21.649Z",
        "value": "86.71875",
        "cumulative": false
    },
    {
        "date": "2020-12-08T11:14:23.805Z",
        "value": "90.625",
        "cumulative": false
    },
    {
        "date": "2020-12-08T11:14:25.423Z",
        "value": "85.9375",
        "cumulative": false
    }
]