[
    {
        "date": "2020-12-08T11:13:08.827Z",
        "value": "50.78125",
        "cumulative": false
    },
    {
        "date": "2020-12-08T11:13:10.381Z",
        "value": "92.96875",
        "cumulative": false
    },
    {
        "date": "2020-12-08T11:13:12.449Z",
        "value": "86.71875",
        "cumulative": false
    },
    {
        "date": "2020-12-08T11:13:13.951Z",
        "value": "94.53125",
        "cumulative": false
    },
    {
        "date": "2020-12-08T11:13:16.180Z",
        "value": "93.75",
        "cumulative": false
    },
    {
        "date": "2020-12-08T11:13:17.662Z",
        "value": "96.09375",
        "cumulative": false
    },
    {
        "date": "2020-12-08T11:13:19.892Z",
        "value": "99.21875",
        "cumulative": false
    },
    {
        "date": "2020-12-08T11:13:21.339Z",
        "value": "93.75",
        "cumulative": false
    },
    {
        "date": "2020-12-08T11:13:23.418Z",
        "value": "94.53125",
        "cumulative": false
    },
    {
        "date": "2020-12-08T11:13:25.015Z",
        "value": "99.21875",
        "cumulative": false
    },
    {
        "date": "2020-12-08T11:13:27.071Z",
        "value": "98.4375",
        "cumulative": false
    },
    {
        "date": "2020-12-08T11:13:28.578Z",
        "value": "97.65625",
        "cumulative": false
    },
    {
        "date": "2020-12-08T11:13:30.798Z",
        "value": "98.4375",
        "cumulative": false
    },
    {
        "date": "2020-12-08T11:13:32.484Z",
        "value": "97.65625",
        "cumulative": false
    },
    {
        "date": "2020-12-08T11:13:34.717Z",
        "value": "98.4375",
        "cumulative": false
    },
    {
        "date": "2020-12-08T11:13:36.233Z",
        "value": "97.65625",
        "cumulative": false
    },
    {
        "date": "2020-12-08T11:13:38.259Z",
        "value": "97.65625",
        "cumulative": false
    },
    {
        "date": "2020-12-08T11:13:39.918Z",
        "value": "96.09375",
        "cumulative": false
    },
    {
        "date": "2020-12-08T11:13:42.141Z",
        "value": "99.21875",
        "cumulative": false
    },
    {
        "date": "2020-12-08T11:13:43.686Z",
        "value": "96.875",
        "cumulative": false
    },
    {
        "date": "2020-12-08T11:13:46.013Z",
        "value": "100.0",
        "cumulative": false
    },
    {
        "date": "2020-12-08T11:13:47.472Z",
        "value": "97.65625",
        "cumulative": false
    },
    {
        "date": "2020-12-08T11:13:49.706Z",
        "value": "100.0",
        "cumulative": false
    },
    {
        "date": "2020-12-08T11:13:51.327Z",
        "value": "97.65625",
        "cumulative": false
    },
    {
        "date": "2020-12-08T11:13:53.474Z",
        "value": "99.21875",
        "cumulative": false
    },
    {
        "date": "2020-12-08T11:13:55.088Z",
        "value": "96.875",
        "cumulative": false
    },
    {
        "date": "2020-12-08T11:13:57.311Z",
        "value": "99.21875",
        "cumulative": false
    },
    {
        "date": "2020-12-08T11:13:58.856Z",
        "value": "98.4375",
        "cumulative": false
    },
    {
        "date": "2020-12-08T11:14:01.050Z",
        "value": "100.0",
        "cumulative": false
    },
    {
        "date": "2020-12-08T11:14:02.623Z",
        "value": "100.0",
        "cumulative": false
    },
    {
        "date": "2020-12-08T11:14:04.870Z",
        "value": "100.0",
        "cumulative": false
    },
    {
        "date": "2020-12-08T11:14:06.438Z",
        "value": "100.0",
        "cumulative": false
    },
    {
        "date": "2020-12-08T11:14:08.603Z",
        "value": "100.0",
        "cumulative": false
    },
    {
        "date": "2020-12-08T11:14:10.282Z",
        "value": "100.0",
        "cumulative": false
    },
    {
        "date": "2020-12-08T11:14:12.455Z",
        "value": "100.0",
        "cumulative": false
    },
    {
        "date": "2020-12-08T11:14:14.042Z",
        "value": "100.0",
        "cumulative": false
    },
    {
        "date": "2020-12-08T11:14:16.321Z",
        "value": "99.21875",
        "cumulative": false
    },
    {
        "date": "2020-12-08T11:14:17.849Z",
        "value": "98.4375",
        "cumulative": false
    },
    {
        "date": "2020-12-08T11:14:20.125Z",
        "value": "100.0",
        "cumulative": false
    },
    {
        "date": "2020-12-08T11:14:21.642Z",
        "value": "98.4375",
        "cumulative": false
    },
    {
        "date": "2020-12-08T11:14:23.799Z",
        "value": "98.4375",
        "cumulative": false
    },
    {
        "date": "2020-12-08T11:14:25.412Z",
        "value": "100.0",
        "cumulative": false
    }
]