[
    {
        "date": "2020-12-08T11:13:08.830Z",
        "value": "10.15625",
        "cumulative": false
    },
    {
        "date": "2020-12-08T11:13:10.386Z",
        "value": "27.34375",
        "cumulative": false
    },
    {
        "date": "2020-12-08T11:13:12.449Z",
        "value": "42.1875",
        "cumulative": false
    },
    {
        "date": "2020-12-08T11:13:13.955Z",
        "value": "46.875",
        "cumulative": false
    },
    {
        "date": "2020-12-08T11:13:16.182Z",
        "value": "54.6875",
        "cumulative": false
    },
    {
        "date": "2020-12-08T11:13:17.666Z",
        "value": "61.71875",
        "cumulative": false
    },
    {
        "date": "2020-12-08T11:13:19.896Z",
        "value": "57.03125",
        "cumulative": false
    },
    {
        "date": "2020-12-08T11:13:21.342Z",
        "value": "63.28125",
        "cumulative": false
    },
    {
        "date": "2020-12-08T11:13:23.428Z",
        "value": "58.59375",
        "cumulative": false
    },
    {
        "date": "2020-12-08T11:13:25.018Z",
        "value": "60.9375",
        "cumulative": false
    },
    {
        "date": "2020-12-08T11:13:27.077Z",
        "value": "67.1875",
        "cumulative": false
    },
    {
        "date": "2020-12-08T11:13:28.578Z",
        "value": "67.96875",
        "cumulative": false
    },
    {
        "date": "2020-12-08T11:13:30.806Z",
        "value": "64.0625",
        "cumulative": false
    },
    {
        "date": "2020-12-08T11:13:32.488Z",
        "value": "71.875",
        "cumulative": false
    },
    {
        "date": "2020-12-08T11:13:34.721Z",
        "value": "75.0",
        "cumulative": false
    },
    {
        "date": "2020-12-08T11:13:36.237Z",
        "value": "77.34375",
        "cumulative": false
    },
    {
        "date": "2020-12-08T11:13:38.259Z",
        "value": "78.125",
        "cumulative": false
    },
    {
        "date": "2020-12-08T11:13:39.924Z",
        "value": "78.125",
        "cumulative": false
    },
    {
        "date": "2020-12-08T11:13:42.139Z",
        "value": "81.25",
        "cumulative": false
    },
    {
        "date": "2020-12-08T11:13:43.691Z",
        "value": "84.375",
        "cumulative": false
    },
    {
        "date": "2020-12-08T11:13:46.017Z",
        "value": "75.0",
        "cumulative": false
    },
    {
        "date": "2020-12-08T11:13:47.472Z",
        "value": "83.59375",
        "cumulative": false
    },
    {
        "date": "2020-12-08T11:13:49.710Z",
        "value": "78.125",
        "cumulative": false
    },
    {
        "date": "2020-12-08T11:13:51.327Z",
        "value": "84.375",
        "cumulative": false
    },
    {
        "date": "2020-12-08T11:13:53.473Z",
        "value": "78.125",
        "cumulative": false
    },
    {
        "date": "2020-12-08T11:13:55.096Z",
        "value": "81.25",
        "cumulative": false
    },
    {
        "date": "2020-12-08T11:13:57.311Z",
        "value": "85.9375",
        "cumulative": false
    },
    {
        "date": "2020-12-08T11:13:58.857Z",
        "value": "87.5",
        "cumulative": false
    },
    {
        "date": "2020-12-08T11:14:01.051Z",
        "value": "80.46875",
        "cumulative": false
    },
    {
        "date": "2020-12-08T11:14:02.627Z",
        "value": "85.9375",
        "cumulative": false
    },
    {
        "date": "2020-12-08T11:14:04.874Z",
        "value": "85.15625",
        "cumulative": false
    },
    {
        "date": "2020-12-08T11:14:06.445Z",
        "value": "84.375",
        "cumulative": false
    },
    {
        "date": "2020-12-08T11:14:08.607Z",
        "value": "89.0625",
        "cumulative": false
    },
    {
        "date": "2020-12-08T11:14:10.284Z",
        "value": "79.6875",
        "cumulative": false
    },
    {
        "date": "2020-12-08T11:14:12.459Z",
        "value": "84.375",
        "cumulative": false
    },
    {
        "date": "2020-12-08T11:14:14.042Z",
        "value": "89.84375",
        "cumulative": false
    },
    {
        "date": "2020-12-08T11:14:16.325Z",
        "value": "83.59375",
        "cumulative": false
    },
    {
        "date": "2020-12-08T11:14:17.852Z",
        "value": "80.46875",
        "cumulative": false
    },
    {
        "date": "2020-12-08T11:14:20.128Z",
        "value": "82.03125",
        "cumulative": false
    },
    {
        "date": "2020-12-08T11:14:21.646Z",
        "value": "78.90625",
        "cumulative": false
    },
    {
        "date": "2020-12-08T11:14:23.802Z",
        "value": "87.5",
        "cumulative": false
    },
    {
        "date": "2020-12-08T11:14:25.419Z",
        "value": "85.15625",
        "cumulative": false
    }
]