[
    {
        "date": "2020-12-08T11:13:11.701Z",
        "value": "5.199060440063477",
        "cumulative": false
    },
    {
        "date": "2020-12-08T11:13:15.483Z",
        "value": "2.922558546066284",
        "cumulative": false
    },
    {
        "date": "2020-12-08T11:13:19.114Z",
        "value": "2.858624219894409",
        "cumulative": false
    },
    {
        "date": "2020-12-08T11:13:22.703Z",
        "value": "2.7270166873931885",
        "cumulative": false
    },
    {
        "date": "2020-12-08T11:13:26.369Z",
        "value": "2.8710720539093018",
        "cumulative": false
    },
    {
        "date": "2020-12-08T11:13:30.037Z",
        "value": "2.868274450302124",
        "cumulative": false
    },
    {
        "date": "2020-12-08T11:13:33.973Z",
        "value": "3.0175251960754395",
        "cumulative": false
    },
    {
        "date": "2020-12-08T11:13:37.606Z",
        "value": "2.7904062271118164",
        "cumulative": false
    },
    {
        "date": "2020-12-08T11:13:41.434Z",
        "value": "3.0427002906799316",
        "cumulative": false
    },
    {
        "date": "2020-12-08T11:13:45.063Z",
        "value": "2.830793857574463",
        "cumulative": false
    },
    {
        "date": "2020-12-08T11:13:48.932Z",
        "value": "3.0283234119415283",
        "cumulative": false
    },
    {
        "date": "2020-12-08T11:13:52.752Z",
        "value": "2.9414446353912354",
        "cumulative": false
    },
    {
        "date": "2020-12-08T11:13:56.528Z",
        "value": "2.970179557800293",
        "cumulative": false
    },
    {
        "date": "2020-12-08T11:14:00.277Z",
        "value": "2.8536036014556885",
        "cumulative": false
    },
    {
        "date": "2020-12-08T11:14:04.085Z",
        "value": "2.9284610748291016",
        "cumulative": false
    },
    {
        "date": "2020-12-08T11:14:07.816Z",
        "value": "2.8346078395843506",
        "cumulative": false
    },
    {
        "date": "2020-12-08T11:14:11.709Z",
        "value": "2.985919237136841",
        "cumulative": false
    },
    {
        "date": "2020-12-08T11:14:15.600Z",
        "value": "2.968271255493164",
        "cumulative": false
    },
    {
        "date": "2020-12-08T11:14:19.330Z",
        "value": "2.8945560455322266",
        "cumulative": false
    },
    {
        "date": "2020-12-08T11:14:23.010Z",
        "value": "2.8046693801879883",
        "cumulative": false
    },
    {
        "date": "2020-12-08T11:14:26.901Z",
        "value": "2.976698398590088",
        "cumulative": false
    }
]