[
    {
        "date": "2020-12-08T11:13:11.695Z",
        "value": "2.843036651611328",
        "cumulative": false
    },
    {
        "date": "2020-12-08T11:13:15.484Z",
        "value": "0.5435357093811035",
        "cumulative": false
    },
    {
        "date": "2020-12-08T11:13:19.084Z",
        "value": "0.541724681854248",
        "cumulative": false
    },
    {
        "date": "2020-12-08T11:13:22.683Z",
        "value": "0.5576646327972412",
        "cumulative": false
    },
    {
        "date": "2020-12-08T11:13:26.357Z",
        "value": "0.5407359600067139",
        "cumulative": false
    },
    {
        "date": "2020-12-08T11:13:30.015Z",
        "value": "0.5779280662536621",
        "cumulative": false
    },
    {
        "date": "2020-12-08T11:13:33.947Z",
        "value": "0.5347092151641846",
        "cumulative": false
    },
    {
        "date": "2020-12-08T11:13:37.585Z",
        "value": "0.5750739574432373",
        "cumulative": false
    },
    {
        "date": "2020-12-08T11:13:41.417Z",
        "value": "0.5616672039031982",
        "cumulative": false
    },
    {
        "date": "2020-12-08T11:13:45.060Z",
        "value": "0.5420541763305664",
        "cumulative": false
    },
    {
        "date": "2020-12-08T11:13:48.908Z",
        "value": "0.6096851825714111",
        "cumulative": false
    },
    {
        "date": "2020-12-08T11:13:52.729Z",
        "value": "0.5786139965057373",
        "cumulative": false
    },
    {
        "date": "2020-12-08T11:13:56.510Z",
        "value": "0.5877106189727783",
        "cumulative": false
    },
    {
        "date": "2020-12-08T11:14:00.255Z",
        "value": "0.5907037258148193",
        "cumulative": false
    },
    {
        "date": "2020-12-08T11:14:04.062Z",
        "value": "0.574967622756958",
        "cumulative": false
    },
    {
        "date": "2020-12-08T11:14:07.799Z",
        "value": "0.5686464309692383",
        "cumulative": false
    },
    {
        "date": "2020-12-08T11:14:11.691Z",
        "value": "0.5099132061004639",
        "cumulative": false
    },
    {
        "date": "2020-12-08T11:14:15.569Z",
        "value": "0.5428454875946045",
        "cumulative": false
    },
    {
        "date": "2020-12-08T11:14:19.307Z",
        "value": "0.561795711517334",
        "cumulative": false
    },
    {
        "date": "2020-12-08T11:14:22.985Z",
        "value": "0.591151237487793",
        "cumulative": false
    },
    {
        "date": "2020-12-08T11:14:26.887Z",
        "value": "0.5454249382019043",
        "cumulative": false
    }
]