[
    {
        "date": "2020-12-08T11:13:08.825Z",
        "value": "52.34375",
        "cumulative": false
    },
    {
        "date": "2020-12-08T11:13:10.383Z",
        "value": "87.5",
        "cumulative": false
    },
    {
        "date": "2020-12-08T11:13:12.448Z",
        "value": "90.625",
        "cumulative": false
    },
    {
        "date": "2020-12-08T11:13:13.949Z",
        "value": "93.75",
        "cumulative": false
    },
    {
        "date": "2020-12-08T11:13:16.175Z",
        "value": "94.53125",
        "cumulative": false
    },
    {
        "date": "2020-12-08T11:13:17.660Z",
        "value": "95.3125",
        "cumulative": false
    },
    {
        "date": "2020-12-08T11:13:19.890Z",
        "value": "96.875",
        "cumulative": false
    },
    {
        "date": "2020-12-08T11:13:21.336Z",
        "value": "98.4375",
        "cumulative": false
    },
    {
        "date": "2020-12-08T11:13:23.419Z",
        "value": "96.875",
        "cumulative": false
    },
    {
        "date": "2020-12-08T11:13:25.012Z",
        "value": "96.875",
        "cumulative": false
    },
    {
        "date": "2020-12-08T11:13:27.074Z",
        "value": "97.65625",
        "cumulative": false
    },
    {
        "date": "2020-12-08T11:13:28.576Z",
        "value": "99.21875",
        "cumulative": false
    },
    {
        "date": "2020-12-08T11:13:30.796Z",
        "value": "98.4375",
        "cumulative": false
    },
    {
        "date": "2020-12-08T11:13:32.482Z",
        "value": "100.0",
        "cumulative": false
    },
    {
        "date": "2020-12-08T11:13:34.715Z",
        "value": "97.65625",
        "cumulative": false
    },
    {
        "date": "2020-12-08T11:13:36.231Z",
        "value": "99.21875",
        "cumulative": false
    },
    {
        "date": "2020-12-08T11:13:38.255Z",
        "value": "99.21875",
        "cumulative": false
    },
    {
        "date": "2020-12-08T11:13:39.917Z",
        "value": "98.4375",
        "cumulative": false
    },
    {
        "date": "2020-12-08T11:13:42.134Z",
        "value": "97.65625",
        "cumulative": false
    },
    {
        "date": "2020-12-08T11:13:43.689Z",
        "value": "98.4375",
        "cumulative": false
    },
    {
        "date": "2020-12-08T11:13:46.012Z",
        "value": "99.21875",
        "cumulative": false
    },
    {
        "date": "2020-12-08T11:13:47.466Z",
        "value": "100.0",
        "cumulative": false
    },
    {
        "date": "2020-12-08T11:13:49.703Z",
        "value": "98.4375",
        "cumulative": false
    },
    {
        "date": "2020-12-08T11:13:51.321Z",
        "value": "98.4375",
        "cumulative": false
    },
    {
        "date": "2020-12-08T11:13:53.471Z",
        "value": "99.21875",
        "cumulative": false
    },
    {
        "date": "2020-12-08T11:13:55.084Z",
        "value": "99.21875",
        "cumulative": false
    },
    {
        "date": "2020-12-08T11:13:57.306Z",
        "value": "99.21875",
        "cumulative": false
    },
    {
        "date": "2020-12-08T11:13:58.855Z",
        "value": "99.21875",
        "cumulative": false
    },
    {
        "date": "2020-12-08T11:14:01.045Z",
        "value": "99.21875",
        "cumulative": false
    },
    {
        "date": "2020-12-08T11:14:02.621Z",
        "value": "98.4375",
        "cumulative": false
    },
    {
        "date": "2020-12-08T11:14:04.869Z",
        "value": "96.875",
        "cumulative": false
    },
    {
        "date": "2020-12-08T11:14:06.437Z",
        "value": "99.21875",
        "cumulative": false
    },
    {
        "date": "2020-12-08T11:14:08.603Z",
        "value": "98.4375",
        "cumulative": false
    },
    {
        "date": "2020-12-08T11:14:10.282Z",
        "value": "98.4375",
        "cumulative": false
    },
    {
        "date": "2020-12-08T11:14:12.452Z",
        "value": "100.0",
        "cumulative": false
    },
    {
        "date": "2020-12-08T11:14:14.036Z",
        "value": "98.4375",
        "cumulative": false
    },
    {
        "date": "2020-12-08T11:14:16.319Z",
        "value": "100.0",
        "cumulative": false
    },
    {
        "date": "2020-12-08T11:14:17.842Z",
        "value": "99.21875",
        "cumulative": false
    },
    {
        "date": "2020-12-08T11:14:20.123Z",
        "value": "99.21875",
        "cumulative": false
    },
    {
        "date": "2020-12-08T11:14:21.644Z",
        "value": "100.0",
        "cumulative": false
    },
    {
        "date": "2020-12-08T11:14:23.798Z",
        "value": "100.0",
        "cumulative": false
    },
    {
        "date": "2020-12-08T11:14:25.410Z",
        "value": "100.0",
        "cumulative": false
    }
]