[
    {
        "date": "2020-12-08T11:13:11.702Z",
        "value": "0.03914952278137207",
        "cumulative": false
    },
    {
        "date": "2020-12-08T11:13:15.484Z",
        "value": "0.038703203201293945",
        "cumulative": false
    },
    {
        "date": "2020-12-08T11:13:19.114Z",
        "value": "0.037210941314697266",
        "cumulative": false
    },
    {
        "date": "2020-12-08T11:13:22.703Z",
        "value": "0.038639068603515625",
        "cumulative": false
    },
    {
        "date": "2020-12-08T11:13:26.369Z",
        "value": "0.04472661018371582",
        "cumulative": false
    },
    {
        "date": "2020-12-08T11:13:30.037Z",
        "value": "0.04019331932067871",
        "cumulative": false
    },
    {
        "date": "2020-12-08T11:13:33.974Z",
        "value": "0.04429912567138672",
        "cumulative": false
    },
    {
        "date": "2020-12-08T11:13:37.607Z",
        "value": "0.04221749305725098",
        "cumulative": false
    },
    {
        "date": "2020-12-08T11:13:41.435Z",
        "value": "0.04584836959838867",
        "cumulative": false
    },
    {
        "date": "2020-12-08T11:13:45.063Z",
        "value": "0.048769235610961914",
        "cumulative": false
    },
    {
        "date": "2020-12-08T11:13:48.932Z",
        "value": "0.04162144660949707",
        "cumulative": false
    },
    {
        "date": "2020-12-08T11:13:52.752Z",
        "value": "0.04277515411376953",
        "cumulative": false
    },
    {
        "date": "2020-12-08T11:13:56.529Z",
        "value": "0.045174598693847656",
        "cumulative": false
    },
    {
        "date": "2020-12-08T11:14:00.277Z",
        "value": "0.043179988861083984",
        "cumulative": false
    },
    {
        "date": "2020-12-08T11:14:04.086Z",
        "value": "0.042742252349853516",
        "cumulative": false
    },
    {
        "date": "2020-12-08T11:14:07.816Z",
        "value": "0.04506826400756836",
        "cumulative": false
    },
    {
        "date": "2020-12-08T11:14:11.710Z",
        "value": "0.04751420021057129",
        "cumulative": false
    },
    {
        "date": "2020-12-08T11:14:15.600Z",
        "value": "0.04355359077453613",
        "cumulative": false
    },
    {
        "date": "2020-12-08T11:14:19.330Z",
        "value": "0.04916667938232422",
        "cumulative": false
    },
    {
        "date": "2020-12-08T11:14:23.010Z",
        "value": "0.0421595573425293",
        "cumulative": false
    },
    {
        "date": "2020-12-08T11:14:26.901Z",
        "value": "0.04472041130065918",
        "cumulative": false
    }
]