[
    {
        "date": "2020-12-08T11:13:11.695Z",
        "value": "0.23988008499145508",
        "cumulative": false
    },
    {
        "date": "2020-12-08T11:13:15.488Z",
        "value": "0.24260330200195312",
        "cumulative": false
    },
    {
        "date": "2020-12-08T11:13:19.089Z",
        "value": "0.22214841842651367",
        "cumulative": false
    },
    {
        "date": "2020-12-08T11:13:22.686Z",
        "value": "0.2536284923553467",
        "cumulative": false
    },
    {
        "date": "2020-12-08T11:13:26.361Z",
        "value": "0.23563456535339355",
        "cumulative": false
    },
    {
        "date": "2020-12-08T11:13:30.012Z",
        "value": "0.25007081031799316",
        "cumulative": false
    },
    {
        "date": "2020-12-08T11:13:33.950Z",
        "value": "0.24145841598510742",
        "cumulative": false
    },
    {
        "date": "2020-12-08T11:13:37.588Z",
        "value": "0.24163293838500977",
        "cumulative": false
    },
    {
        "date": "2020-12-08T11:13:41.415Z",
        "value": "0.23391008377075195",
        "cumulative": false
    },
    {
        "date": "2020-12-08T11:13:45.065Z",
        "value": "0.22634458541870117",
        "cumulative": false
    },
    {
        "date": "2020-12-08T11:13:48.909Z",
        "value": "0.23022866249084473",
        "cumulative": false
    },
    {
        "date": "2020-12-08T11:13:52.737Z",
        "value": "0.24521398544311523",
        "cumulative": false
    },
    {
        "date": "2020-12-08T11:13:56.512Z",
        "value": "0.22981715202331543",
        "cumulative": false
    },
    {
        "date": "2020-12-08T11:14:00.265Z",
        "value": "0.2176036834716797",
        "cumulative": false
    },
    {
        "date": "2020-12-08T11:14:04.069Z",
        "value": "0.23630928993225098",
        "cumulative": false
    },
    {
        "date": "2020-12-08T11:14:07.805Z",
        "value": "0.253021240234375",
        "cumulative": false
    },
    {
        "date": "2020-12-08T11:14:11.692Z",
        "value": "0.2240276336669922",
        "cumulative": false
    },
    {
        "date": "2020-12-08T11:14:15.573Z",
        "value": "0.22314882278442383",
        "cumulative": false
    },
    {
        "date": "2020-12-08T11:14:19.321Z",
        "value": "0.2236936092376709",
        "cumulative": false
    },
    {
        "date": "2020-12-08T11:14:22.995Z",
        "value": "0.2475879192352295",
        "cumulative": false
    },
    {
        "date": "2020-12-08T11:14:26.885Z",
        "value": "0.25252676010131836",
        "cumulative": false
    }
]