[
    {
        "date": "2020-12-08T11:13:11.695Z",
        "value": "0.028513431549072266",
        "cumulative": false
    },
    {
        "date": "2020-12-08T11:13:15.488Z",
        "value": "0.0305325984954834",
        "cumulative": false
    },
    {
        "date": "2020-12-08T11:13:19.089Z",
        "value": "0.027838468551635742",
        "cumulative": false
    },
    {
        "date": "2020-12-08T11:13:22.686Z",
        "value": "0.030190229415893555",
        "cumulative": false
    },
    {
        "date": "2020-12-08T11:13:26.361Z",
        "value": "0.029986858367919922",
        "cumulative": false
    },
    {
        "date": "2020-12-08T11:13:30.012Z",
        "value": "0.02936387062072754",
        "cumulative": false
    },
    {
        "date": "2020-12-08T11:13:33.950Z",
        "value": "0.029220104217529297",
        "cumulative": false
    },
    {
        "date": "2020-12-08T11:13:37.588Z",
        "value": "0.029616355895996094",
        "cumulative": false
    },
    {
        "date": "2020-12-08T11:13:41.415Z",
        "value": "0.029109716415405273",
        "cumulative": false
    },
    {
        "date": "2020-12-08T11:13:45.065Z",
        "value": "0.028201818466186523",
        "cumulative": false
    },
    {
        "date": "2020-12-08T11:13:48.909Z",
        "value": "0.029455900192260742",
        "cumulative": false
    },
    {
        "date": "2020-12-08T11:13:52.737Z",
        "value": "0.029482603073120117",
        "cumulative": false
    },
    {
        "date": "2020-12-08T11:13:56.512Z",
        "value": "0.02965712547302246",
        "cumulative": false
    },
    {
        "date": "2020-12-08T11:14:00.265Z",
        "value": "0.03002476692199707",
        "cumulative": false
    },
    {
        "date": "2020-12-08T11:14:04.069Z",
        "value": "0.02945232391357422",
        "cumulative": false
    },
    {
        "date": "2020-12-08T11:14:07.805Z",
        "value": "0.03341341018676758",
        "cumulative": false
    },
    {
        "date": "2020-12-08T11:14:11.692Z",
        "value": "0.028310298919677734",
        "cumulative": false
    },
    {
        "date": "2020-12-08T11:14:15.573Z",
        "value": "0.03084540367126465",
        "cumulative": false
    },
    {
        "date": "2020-12-08T11:14:19.321Z",
        "value": "0.027965068817138672",
        "cumulative": false
    },
    {
        "date": "2020-12-08T11:14:22.995Z",
        "value": "0.03010725975036621",
        "cumulative": false
    },
    {
        "date": "2020-12-08T11:14:26.885Z",
        "value": "0.029705524444580078",
        "cumulative": false
    }
]