[
    {
        "date": "2020-12-08T11:13:11.694Z",
        "value": "0.1290137767791748",
        "cumulative": false
    },
    {
        "date": "2020-12-08T11:13:15.484Z",
        "value": "0.11992239952087402",
        "cumulative": false
    },
    {
        "date": "2020-12-08T11:13:19.084Z",
        "value": "0.11622166633605957",
        "cumulative": false
    },
    {
        "date": "2020-12-08T11:13:22.683Z",
        "value": "0.11815547943115234",
        "cumulative": false
    },
    {
        "date": "2020-12-08T11:13:26.357Z",
        "value": "0.13718223571777344",
        "cumulative": false
    },
    {
        "date": "2020-12-08T11:13:30.015Z",
        "value": "0.12293601036071777",
        "cumulative": false
    },
    {
        "date": "2020-12-08T11:13:33.947Z",
        "value": "0.1181187629699707",
        "cumulative": false
    },
    {
        "date": "2020-12-08T11:13:37.585Z",
        "value": "0.12662577629089355",
        "cumulative": false
    },
    {
        "date": "2020-12-08T11:13:41.417Z",
        "value": "0.13321757316589355",
        "cumulative": false
    },
    {
        "date": "2020-12-08T11:13:45.060Z",
        "value": "0.13105034828186035",
        "cumulative": false
    },
    {
        "date": "2020-12-08T11:13:48.908Z",
        "value": "0.11918282508850098",
        "cumulative": false
    },
    {
        "date": "2020-12-08T11:13:52.729Z",
        "value": "0.12979578971862793",
        "cumulative": false
    },
    {
        "date": "2020-12-08T11:13:56.510Z",
        "value": "0.12903261184692383",
        "cumulative": false
    },
    {
        "date": "2020-12-08T11:14:00.255Z",
        "value": "0.12511825561523438",
        "cumulative": false
    },
    {
        "date": "2020-12-08T11:14:04.062Z",
        "value": "0.11938977241516113",
        "cumulative": false
    },
    {
        "date": "2020-12-08T11:14:07.799Z",
        "value": "0.13541197776794434",
        "cumulative": false
    },
    {
        "date": "2020-12-08T11:14:11.691Z",
        "value": "0.1236727237701416",
        "cumulative": false
    },
    {
        "date": "2020-12-08T11:14:15.569Z",
        "value": "0.12481379508972168",
        "cumulative": false
    },
    {
        "date": "2020-12-08T11:14:19.306Z",
        "value": "0.12300324440002441",
        "cumulative": false
    },
    {
        "date": "2020-12-08T11:14:22.985Z",
        "value": "0.12859106063842773",
        "cumulative": false
    },
    {
        "date": "2020-12-08T11:14:26.887Z",
        "value": "0.13383722305297852",
        "cumulative": false
    }
]