[
    {
        "date": "2020-12-08T11:13:08.824Z",
        "value": "10.15625",
        "cumulative": false
    },
    {
        "date": "2020-12-08T11:13:10.381Z",
        "value": "37.5",
        "cumulative": false
    },
    {
        "date": "2020-12-08T11:13:12.448Z",
        "value": "39.84375",
        "cumulative": false
    },
    {
        "date": "2020-12-08T11:13:13.949Z",
        "value": "52.34375",
        "cumulative": false
    },
    {
        "date": "2020-12-08T11:13:16.175Z",
        "value": "50.0",
        "cumulative": false
    },
    {
        "date": "2020-12-08T11:13:17.660Z",
        "value": "55.46875",
        "cumulative": false
    },
    {
        "date": "2020-12-08T11:13:19.890Z",
        "value": "60.9375",
        "cumulative": false
    },
    {
        "date": "2020-12-08T11:13:21.336Z",
        "value": "59.375",
        "cumulative": false
    },
    {
        "date": "2020-12-08T11:13:23.419Z",
        "value": "63.28125",
        "cumulative": false
    },
    {
        "date": "2020-12-08T11:13:25.012Z",
        "value": "60.9375",
        "cumulative": false
    },
    {
        "date": "2020-12-08T11:13:27.074Z",
        "value": "68.75",
        "cumulative": false
    },
    {
        "date": "2020-12-08T11:13:28.576Z",
        "value": "70.3125",
        "cumulative": false
    },
    {
        "date": "2020-12-08T11:13:30.796Z",
        "value": "79.6875",
        "cumulative": false
    },
    {
        "date": "2020-12-08T11:13:32.482Z",
        "value": "77.34375",
        "cumulative": false
    },
    {
        "date": "2020-12-08T11:13:34.715Z",
        "value": "75.0",
        "cumulative": false
    },
    {
        "date": "2020-12-08T11:13:36.231Z",
        "value": "70.3125",
        "cumulative": false
    },
    {
        "date": "2020-12-08T11:13:38.255Z",
        "value": "77.34375",
        "cumulative": false
    },
    {
        "date": "2020-12-08T11:13:39.917Z",
        "value": "71.875",
        "cumulative": false
    },
    {
        "date": "2020-12-08T11:13:42.134Z",
        "value": "75.0",
        "cumulative": false
    },
    {
        "date": "2020-12-08T11:13:43.688Z",
        "value": "78.90625",
        "cumulative": false
    },
    {
        "date": "2020-12-08T11:13:46.012Z",
        "value": "78.90625",
        "cumulative": false
    },
    {
        "date": "2020-12-08T11:13:47.466Z",
        "value": "78.90625",
        "cumulative": false
    },
    {
        "date": "2020-12-08T11:13:49.703Z",
        "value": "77.34375",
        "cumulative": false
    },
    {
        "date": "2020-12-08T11:13:51.321Z",
        "value": "74.21875",
        "cumulative": false
    },
    {
        "date": "2020-12-08T11:13:53.471Z",
        "value": "76.5625",
        "cumulative": false
    },
    {
        "date": "2020-12-08T11:13:55.084Z",
        "value": "79.6875",
        "cumulative": false
    },
    {
        "date": "2020-12-08T11:13:57.306Z",
        "value": "80.46875",
        "cumulative": false
    },
    {
        "date": "2020-12-08T11:13:58.855Z",
        "value": "75.78125",
        "cumulative": false
    },
    {
        "date": "2020-12-08T11:14:01.045Z",
        "value": "83.59375",
        "cumulative": false
    },
    {
        "date": "2020-12-08T11:14:02.621Z",
        "value": "82.8125",
        "cumulative": false
    },
    {
        "date": "2020-12-08T11:14:04.869Z",
        "value": "75.78125",
        "cumulative": false
    },
    {
        "date": "2020-12-08T11:14:06.437Z",
        "value": "81.25",
        "cumulative": false
    },
    {
        "date": "2020-12-08T11:14:08.603Z",
        "value": "86.71875",
        "cumulative": false
    },
    {
        "date": "2020-12-08T11:14:10.282Z",
        "value": "82.03125",
        "cumulative": false
    },
    {
        "date": "2020-12-08T11:14:12.452Z",
        "value": "83.59375",
        "cumulative": false
    },
    {
        "date": "2020-12-08T11:14:14.036Z",
        "value": "81.25",
        "cumulative": false
    },
    {
        "date": "2020-12-08T11:14:16.319Z",
        "value": "86.71875",
        "cumulative": false
    },
    {
        "date": "2020-12-08T11:14:17.842Z",
        "value": "84.375",
        "cumulative": false
    },
    {
        "date": "2020-12-08T11:14:20.123Z",
        "value": "84.375",
        "cumulative": false
    },
    {
        "date": "2020-12-08T11:14:21.644Z",
        "value": "82.03125",
        "cumulative": false
    },
    {
        "date": "2020-12-08T11:14:23.798Z",
        "value": "83.59375",
        "cumulative": false
    },
    {
        "date": "2020-12-08T11:14:25.410Z",
        "value": "87.5",
        "cumulative": false
    }
]