[
    {
        "date": "2020-12-08T11:13:11.695Z",
        "value": "2.202864408493042",
        "cumulative": false
    },
    {
        "date": "2020-12-08T11:13:15.488Z",
        "value": "2.1110527515411377",
        "cumulative": false
    },
    {
        "date": "2020-12-08T11:13:19.089Z",
        "value": "2.0045628547668457",
        "cumulative": false
    },
    {
        "date": "2020-12-08T11:13:22.686Z",
        "value": "1.8564531803131104",
        "cumulative": false
    },
    {
        "date": "2020-12-08T11:13:26.361Z",
        "value": "2.029924154281616",
        "cumulative": false
    },
    {
        "date": "2020-12-08T11:13:30.012Z",
        "value": "1.9673075675964355",
        "cumulative": false
    },
    {
        "date": "2020-12-08T11:13:33.950Z",
        "value": "2.2465410232543945",
        "cumulative": false
    },
    {
        "date": "2020-12-08T11:13:37.588Z",
        "value": "1.9109954833984375",
        "cumulative": false
    },
    {
        "date": "2020-12-08T11:13:41.415Z",
        "value": "2.2010724544525146",
        "cumulative": false
    },
    {
        "date": "2020-12-08T11:13:45.065Z",
        "value": "2.0184452533721924",
        "cumulative": false
    },
    {
        "date": "2020-12-08T11:13:48.909Z",
        "value": "2.1889243125915527",
        "cumulative": false
    },
    {
        "date": "2020-12-08T11:13:52.737Z",
        "value": "2.123924493789673",
        "cumulative": false
    },
    {
        "date": "2020-12-08T11:13:56.512Z",
        "value": "2.0940442085266113",
        "cumulative": false
    },
    {
        "date": "2020-12-08T11:14:00.265Z",
        "value": "2.0345406532287598",
        "cumulative": false
    },
    {
        "date": "2020-12-08T11:14:04.069Z",
        "value": "2.1162266731262207",
        "cumulative": false
    },
    {
        "date": "2020-12-08T11:14:07.805Z",
        "value": "2.0241479873657227",
        "cumulative": false
    },
    {
        "date": "2020-12-08T11:14:11.692Z",
        "value": "2.254587411880493",
        "cumulative": false
    },
    {
        "date": "2020-12-08T11:14:15.573Z",
        "value": "2.2530956268310547",
        "cumulative": false
    },
    {
        "date": "2020-12-08T11:14:19.321Z",
        "value": "2.057849884033203",
        "cumulative": false
    },
    {
        "date": "2020-12-08T11:14:22.995Z",
        "value": "1.9593126773834229",
        "cumulative": false
    },
    {
        "date": "2020-12-08T11:14:26.885Z",
        "value": "2.2122628688812256",
        "cumulative": false
    }
]