[
    {
        "date": "2020-12-08T11:13:08.833Z",
        "value": "16.40625",
        "cumulative": false
    },
    {
        "date": "2020-12-08T11:13:10.378Z",
        "value": "29.6875",
        "cumulative": false
    },
    {
        "date": "2020-12-08T11:13:12.444Z",
        "value": "37.5",
        "cumulative": false
    },
    {
        "date": "2020-12-08T11:13:13.949Z",
        "value": "43.75",
        "cumulative": false
    },
    {
        "date": "2020-12-08T11:13:16.177Z",
        "value": "50.0",
        "cumulative": false
    },
    {
        "date": "2020-12-08T11:13:17.661Z",
        "value": "60.15625",
        "cumulative": false
    },
    {
        "date": "2020-12-08T11:13:19.891Z",
        "value": "62.5",
        "cumulative": false
    },
    {
        "date": "2020-12-08T11:13:21.337Z",
        "value": "66.40625",
        "cumulative": false
    },
    {
        "date": "2020-12-08T11:13:23.427Z",
        "value": "57.03125",
        "cumulative": false
    },
    {
        "date": "2020-12-08T11:13:25.013Z",
        "value": "63.28125",
        "cumulative": false
    },
    {
        "date": "2020-12-08T11:13:27.069Z",
        "value": "66.40625",
        "cumulative": false
    },
    {
        "date": "2020-12-08T11:13:28.573Z",
        "value": "67.96875",
        "cumulative": false
    },
    {
        "date": "2020-12-08T11:13:30.801Z",
        "value": "75.78125",
        "cumulative": false
    },
    {
        "date": "2020-12-08T11:13:32.485Z",
        "value": "70.3125",
        "cumulative": false
    },
    {
        "date": "2020-12-08T11:13:34.715Z",
        "value": "78.125",
        "cumulative": false
    },
    {
        "date": "2020-12-08T11:13:36.231Z",
        "value": "68.75",
        "cumulative": false
    },
    {
        "date": "2020-12-08T11:13:38.254Z",
        "value": "76.5625",
        "cumulative": false
    },
    {
        "date": "2020-12-08T11:13:39.918Z",
        "value": "72.65625",
        "cumulative": false
    },
    {
        "date": "2020-12-08T11:13:42.136Z",
        "value": "75.0",
        "cumulative": false
    },
    {
        "date": "2020-12-08T11:13:43.686Z",
        "value": "74.21875",
        "cumulative": false
    },
    {
        "date": "2020-12-08T11:13:46.012Z",
        "value": "78.90625",
        "cumulative": false
    },
    {
        "date": "2020-12-08T11:13:47.470Z",
        "value": "79.6875",
        "cumulative": false
    },
    {
        "date": "2020-12-08T11:13:49.705Z",
        "value": "78.125",
        "cumulative": false
    },
    {
        "date": "2020-12-08T11:13:51.326Z",
        "value": "78.125",
        "cumulative": false
    },
    {
        "date": "2020-12-08T11:13:53.468Z",
        "value": "81.25",
        "cumulative": false
    },
    {
        "date": "2020-12-08T11:13:55.091Z",
        "value": "85.9375",
        "cumulative": false
    },
    {
        "date": "2020-12-08T11:13:57.307Z",
        "value": "78.125",
        "cumulative": false
    },
    {
        "date": "2020-12-08T11:13:58.852Z",
        "value": "79.6875",
        "cumulative": false
    },
    {
        "date": "2020-12-08T11:14:01.046Z",
        "value": "87.5",
        "cumulative": false
    },
    {
        "date": "2020-12-08T11:14:02.627Z",
        "value": "79.6875",
        "cumulative": false
    },
    {
        "date": "2020-12-08T11:14:04.869Z",
        "value": "89.0625",
        "cumulative": false
    },
    {
        "date": "2020-12-08T11:14:06.437Z",
        "value": "82.8125",
        "cumulative": false
    },
    {
        "date": "2020-12-08T11:14:08.605Z",
        "value": "82.8125",
        "cumulative": false
    },
    {
        "date": "2020-12-08T11:14:10.279Z",
        "value": "83.59375",
        "cumulative": false
    },
    {
        "date": "2020-12-08T11:14:12.456Z",
        "value": "81.25",
        "cumulative": false
    },
    {
        "date": "2020-12-08T11:14:14.040Z",
        "value": "83.59375",
        "cumulative": false
    },
    {
        "date": "2020-12-08T11:14:16.324Z",
        "value": "81.25",
        "cumulative": false
    },
    {
        "date": "2020-12-08T11:14:17.847Z",
        "value": "83.59375",
        "cumulative": false
    },
    {
        "date": "2020-12-08T11:14:20.124Z",
        "value": "84.375",
        "cumulative": false
    },
    {
        "date": "2020-12-08T11:14:21.645Z",
        "value": "82.8125",
        "cumulative": false
    },
    {
        "date": "2020-12-08T11:14:23.797Z",
        "value": "81.25",
        "cumulative": false
    },
    {
        "date": "2020-12-08T11:14:25.411Z",
        "value": "89.84375",
        "cumulative": false
    }
]