[
    {
        "date": "2020-12-08T11:13:11.701Z",
        "value": "2.983630895614624",
        "cumulative": false
    },
    {
        "date": "2020-12-08T11:13:15.483Z",
        "value": "0.7060461044311523",
        "cumulative": false
    },
    {
        "date": "2020-12-08T11:13:19.114Z",
        "value": "0.6086921691894531",
        "cumulative": false
    },
    {
        "date": "2020-12-08T11:13:22.703Z",
        "value": "0.5975544452667236",
        "cumulative": false
    },
    {
        "date": "2020-12-08T11:13:26.369Z",
        "value": "0.6811282634735107",
        "cumulative": false
    },
    {
        "date": "2020-12-08T11:13:30.037Z",
        "value": "0.6297745704650879",
        "cumulative": false
    },
    {
        "date": "2020-12-08T11:13:33.974Z",
        "value": "0.6537673473358154",
        "cumulative": false
    },
    {
        "date": "2020-12-08T11:13:37.606Z",
        "value": "0.6552820205688477",
        "cumulative": false
    },
    {
        "date": "2020-12-08T11:13:41.435Z",
        "value": "0.6693556308746338",
        "cumulative": false
    },
    {
        "date": "2020-12-08T11:13:45.063Z",
        "value": "0.6632936000823975",
        "cumulative": false
    },
    {
        "date": "2020-12-08T11:13:48.932Z",
        "value": "0.665945291519165",
        "cumulative": false
    },
    {
        "date": "2020-12-08T11:13:52.752Z",
        "value": "0.7149708271026611",
        "cumulative": false
    },
    {
        "date": "2020-12-08T11:13:56.528Z",
        "value": "0.6665356159210205",
        "cumulative": false
    },
    {
        "date": "2020-12-08T11:14:00.277Z",
        "value": "0.633765697479248",
        "cumulative": false
    },
    {
        "date": "2020-12-08T11:14:04.086Z",
        "value": "0.6512227058410645",
        "cumulative": false
    },
    {
        "date": "2020-12-08T11:14:07.816Z",
        "value": "0.6390190124511719",
        "cumulative": false
    },
    {
        "date": "2020-12-08T11:14:11.710Z",
        "value": "0.624413251876831",
        "cumulative": false
    },
    {
        "date": "2020-12-08T11:14:15.600Z",
        "value": "0.6578490734100342",
        "cumulative": false
    },
    {
        "date": "2020-12-08T11:14:19.330Z",
        "value": "0.6392590999603271",
        "cumulative": false
    },
    {
        "date": "2020-12-08T11:14:23.010Z",
        "value": "0.6241109371185303",
        "cumulative": false
    },
    {
        "date": "2020-12-08T11:14:26.901Z",
        "value": "0.6386508941650391",
        "cumulative": false
    }
]