[
    {
        "date": "2020-12-08T11:13:08.837Z",
        "value": "15.625",
        "cumulative": false
    },
    {
        "date": "2020-12-08T11:13:10.388Z",
        "value": "30.46875",
        "cumulative": false
    },
    {
        "date": "2020-12-08T11:13:12.455Z",
        "value": "37.5",
        "cumulative": false
    },
    {
        "date": "2020-12-08T11:13:13.960Z",
        "value": "46.09375",
        "cumulative": false
    },
    {
        "date": "2020-12-08T11:13:16.181Z",
        "value": "54.6875",
        "cumulative": false
    },
    {
        "date": "2020-12-08T11:13:17.673Z",
        "value": "53.125",
        "cumulative": false
    },
    {
        "date": "2020-12-08T11:13:19.901Z",
        "value": "57.8125",
        "cumulative": false
    },
    {
        "date": "2020-12-08T11:13:21.345Z",
        "value": "57.03125",
        "cumulative": false
    },
    {
        "date": "2020-12-08T11:13:23.438Z",
        "value": "63.28125",
        "cumulative": false
    },
    {
        "date": "2020-12-08T11:13:25.028Z",
        "value": "63.28125",
        "cumulative": false
    },
    {
        "date": "2020-12-08T11:13:27.080Z",
        "value": "70.3125",
        "cumulative": false
    },
    {
        "date": "2020-12-08T11:13:28.588Z",
        "value": "70.3125",
        "cumulative": false
    },
    {
        "date": "2020-12-08T11:13:30.810Z",
        "value": "67.96875",
        "cumulative": false
    },
    {
        "date": "2020-12-08T11:13:32.496Z",
        "value": "78.125",
        "cumulative": false
    },
    {
        "date": "2020-12-08T11:13:34.726Z",
        "value": "71.09375",
        "cumulative": false
    },
    {
        "date": "2020-12-08T11:13:36.244Z",
        "value": "80.46875",
        "cumulative": false
    },
    {
        "date": "2020-12-08T11:13:38.272Z",
        "value": "75.0",
        "cumulative": false
    },
    {
        "date": "2020-12-08T11:13:39.929Z",
        "value": "81.25",
        "cumulative": false
    },
    {
        "date": "2020-12-08T11:13:42.146Z",
        "value": "82.03125",
        "cumulative": false
    },
    {
        "date": "2020-12-08T11:13:43.700Z",
        "value": "82.03125",
        "cumulative": false
    },
    {
        "date": "2020-12-08T11:13:46.023Z",
        "value": "72.65625",
        "cumulative": false
    },
    {
        "date": "2020-12-08T11:13:47.477Z",
        "value": "77.34375",
        "cumulative": false
    },
    {
        "date": "2020-12-08T11:13:49.716Z",
        "value": "78.125",
        "cumulative": false
    },
    {
        "date": "2020-12-08T11:13:51.333Z",
        "value": "78.90625",
        "cumulative": false
    },
    {
        "date": "2020-12-08T11:13:53.479Z",
        "value": "89.0625",
        "cumulative": false
    },
    {
        "date": "2020-12-08T11:13:55.102Z",
        "value": "82.8125",
        "cumulative": false
    },
    {
        "date": "2020-12-08T11:13:57.317Z",
        "value": "80.46875",
        "cumulative": false
    },
    {
        "date": "2020-12-08T11:13:58.864Z",
        "value": "78.125",
        "cumulative": false
    },
    {
        "date": "2020-12-08T11:14:01.056Z",
        "value": "87.5",
        "cumulative": false
    },
    {
        "date": "2020-12-08T11:14:02.634Z",
        "value": "85.9375",
        "cumulative": false
    },
    {
        "date": "2020-12-08T11:14:04.879Z",
        "value": "79.6875",
        "cumulative": false
    },
    {
        "date": "2020-12-08T11:14:06.447Z",
        "value": "80.46875",
        "cumulative": false
    },
    {
        "date": "2020-12-08T11:14:08.613Z",
        "value": "82.8125",
        "cumulative": false
    },
    {
        "date": "2020-12-08T11:14:10.293Z",
        "value": "86.71875",
        "cumulative": false
    },
    {
        "date": "2020-12-08T11:14:12.465Z",
        "value": "83.59375",
        "cumulative": false
    },
    {
        "date": "2020-12-08T11:14:14.047Z",
        "value": "85.15625",
        "cumulative": false
    },
    {
        "date": "2020-12-08T11:14:16.330Z",
        "value": "86.71875",
        "cumulative": false
    },
    {
        "date": "2020-12-08T11:14:17.853Z",
        "value": "86.71875",
        "cumulative": false
    },
    {
        "date": "2020-12-08T11:14:20.134Z",
        "value": "85.15625",
        "cumulative": false
    },
    {
        "date": "2020-12-08T11:14:21.651Z",
        "value": "86.71875",
        "cumulative": false
    },
    {
        "date": "2020-12-08T11:14:23.808Z",
        "value": "86.71875",
        "cumulative": false
    },
    {
        "date": "2020-12-08T11:14:25.421Z",
        "value": "87.5",
        "cumulative": false
    }
]