[
    {
        "date": "2020-12-08T11:13:11.702Z",
        "value": "0.33104968070983887",
        "cumulative": false
    },
    {
        "date": "2020-12-08T11:13:15.484Z",
        "value": "0.3190295696258545",
        "cumulative": false
    },
    {
        "date": "2020-12-08T11:13:19.114Z",
        "value": "0.3049783706665039",
        "cumulative": false
    },
    {
        "date": "2020-12-08T11:13:22.703Z",
        "value": "0.300539493560791",
        "cumulative": false
    },
    {
        "date": "2020-12-08T11:13:26.369Z",
        "value": "0.33111119270324707",
        "cumulative": false
    },
    {
        "date": "2020-12-08T11:13:30.037Z",
        "value": "0.32312893867492676",
        "cumulative": false
    },
    {
        "date": "2020-12-08T11:13:33.974Z",
        "value": "0.36579251289367676",
        "cumulative": false
    },
    {
        "date": "2020-12-08T11:13:37.607Z",
        "value": "0.30672526359558105",
        "cumulative": false
    },
    {
        "date": "2020-12-08T11:13:41.435Z",
        "value": "0.3432502746582031",
        "cumulative": false
    },
    {
        "date": "2020-12-08T11:13:45.063Z",
        "value": "0.3324284553527832",
        "cumulative": false
    },
    {
        "date": "2020-12-08T11:13:48.932Z",
        "value": "0.32107090950012207",
        "cumulative": false
    },
    {
        "date": "2020-12-08T11:13:52.752Z",
        "value": "0.34303903579711914",
        "cumulative": false
    },
    {
        "date": "2020-12-08T11:13:56.528Z",
        "value": "0.3575105667114258",
        "cumulative": false
    },
    {
        "date": "2020-12-08T11:14:00.277Z",
        "value": "0.3457629680633545",
        "cumulative": false
    },
    {
        "date": "2020-12-08T11:14:04.086Z",
        "value": "0.3370475769042969",
        "cumulative": false
    },
    {
        "date": "2020-12-08T11:14:07.816Z",
        "value": "0.3587532043457031",
        "cumulative": false
    },
    {
        "date": "2020-12-08T11:14:11.710Z",
        "value": "0.3705744743347168",
        "cumulative": false
    },
    {
        "date": "2020-12-08T11:14:15.600Z",
        "value": "0.3660566806793213",
        "cumulative": false
    },
    {
        "date": "2020-12-08T11:14:19.330Z",
        "value": "0.34940075874328613",
        "cumulative": false
    },
    {
        "date": "2020-12-08T11:14:23.010Z",
        "value": "0.34793925285339355",
        "cumulative": false
    },
    {
        "date": "2020-12-08T11:14:26.901Z",
        "value": "0.36757659912109375",
        "cumulative": false
    }
]