[
    {
        "date": "2020-12-08T11:13:11.700Z",
        "value": "0.011812210083007812",
        "cumulative": false
    },
    {
        "date": "2020-12-08T11:13:15.473Z",
        "value": "0.009517908096313477",
        "cumulative": false
    },
    {
        "date": "2020-12-08T11:13:19.080Z",
        "value": "0.00959634780883789",
        "cumulative": false
    },
    {
        "date": "2020-12-08T11:13:22.679Z",
        "value": "0.009273767471313477",
        "cumulative": false
    },
    {
        "date": "2020-12-08T11:13:26.352Z",
        "value": "0.00907588005065918",
        "cumulative": false
    },
    {
        "date": "2020-12-08T11:13:30.005Z",
        "value": "0.009131669998168945",
        "cumulative": false
    },
    {
        "date": "2020-12-08T11:13:33.944Z",
        "value": "0.008883476257324219",
        "cumulative": false
    },
    {
        "date": "2020-12-08T11:13:37.581Z",
        "value": "0.008697271347045898",
        "cumulative": false
    },
    {
        "date": "2020-12-08T11:13:41.414Z",
        "value": "0.009156227111816406",
        "cumulative": false
    },
    {
        "date": "2020-12-08T11:13:45.051Z",
        "value": "0.00922536849975586",
        "cumulative": false
    },
    {
        "date": "2020-12-08T11:13:48.909Z",
        "value": "0.008391857147216797",
        "cumulative": false
    },
    {
        "date": "2020-12-08T11:13:52.732Z",
        "value": "0.008298158645629883",
        "cumulative": false
    },
    {
        "date": "2020-12-08T11:13:56.506Z",
        "value": "0.010277986526489258",
        "cumulative": false
    },
    {
        "date": "2020-12-08T11:14:00.254Z",
        "value": "0.01032876968383789",
        "cumulative": false
    },
    {
        "date": "2020-12-08T11:14:04.057Z",
        "value": "0.009609460830688477",
        "cumulative": false
    },
    {
        "date": "2020-12-08T11:14:07.803Z",
        "value": "0.009732961654663086",
        "cumulative": false
    },
    {
        "date": "2020-12-08T11:14:11.697Z",
        "value": "0.008589744567871094",
        "cumulative": false
    },
    {
        "date": "2020-12-08T11:14:15.567Z",
        "value": "0.00940704345703125",
        "cumulative": false
    },
    {
        "date": "2020-12-08T11:14:19.305Z",
        "value": "0.008577823638916016",
        "cumulative": false
    },
    {
        "date": "2020-12-08T11:14:22.982Z",
        "value": "0.008673667907714844",
        "cumulative": false
    },
    {
        "date": "2020-12-08T11:14:26.879Z",
        "value": "0.008635997772216797",
        "cumulative": false
    }
]