[
    {
        "date": "2020-12-08T11:13:11.692Z",
        "value": "0.23987150192260742",
        "cumulative": false
    },
    {
        "date": "2020-12-08T11:13:15.470Z",
        "value": "0.219252347946167",
        "cumulative": false
    },
    {
        "date": "2020-12-08T11:13:19.081Z",
        "value": "0.2316606044769287",
        "cumulative": false
    },
    {
        "date": "2020-12-08T11:13:22.679Z",
        "value": "0.24249935150146484",
        "cumulative": false
    },
    {
        "date": "2020-12-08T11:13:26.355Z",
        "value": "0.2365889549255371",
        "cumulative": false
    },
    {
        "date": "2020-12-08T11:13:30.006Z",
        "value": "0.2468886375427246",
        "cumulative": false
    },
    {
        "date": "2020-12-08T11:13:33.944Z",
        "value": "0.22790288925170898",
        "cumulative": false
    },
    {
        "date": "2020-12-08T11:13:37.583Z",
        "value": "0.25760579109191895",
        "cumulative": false
    },
    {
        "date": "2020-12-08T11:13:41.406Z",
        "value": "0.24389171600341797",
        "cumulative": false
    },
    {
        "date": "2020-12-08T11:13:45.052Z",
        "value": "0.23489689826965332",
        "cumulative": false
    },
    {
        "date": "2020-12-08T11:13:48.909Z",
        "value": "0.2478635311126709",
        "cumulative": false
    },
    {
        "date": "2020-12-08T11:13:52.733Z",
        "value": "0.2351515293121338",
        "cumulative": false
    },
    {
        "date": "2020-12-08T11:13:56.506Z",
        "value": "0.24055790901184082",
        "cumulative": false
    },
    {
        "date": "2020-12-08T11:14:00.268Z",
        "value": "0.25784969329833984",
        "cumulative": false
    },
    {
        "date": "2020-12-08T11:14:04.066Z",
        "value": "0.2204267978668213",
        "cumulative": false
    },
    {
        "date": "2020-12-08T11:14:07.796Z",
        "value": "0.22452402114868164",
        "cumulative": false
    },
    {
        "date": "2020-12-08T11:14:11.686Z",
        "value": "0.22141075134277344",
        "cumulative": false
    },
    {
        "date": "2020-12-08T11:14:15.572Z",
        "value": "0.21643495559692383",
        "cumulative": false
    },
    {
        "date": "2020-12-08T11:14:19.302Z",
        "value": "0.25628018379211426",
        "cumulative": false
    },
    {
        "date": "2020-12-08T11:14:22.986Z",
        "value": "0.24009323120117188",
        "cumulative": false
    },
    {
        "date": "2020-12-08T11:14:26.879Z",
        "value": "0.23941373825073242",
        "cumulative": false
    }
]