[
    {
        "date": "2020-12-08T11:13:08.831Z",
        "value": "50.0",
        "cumulative": false
    },
    {
        "date": "2020-12-08T11:13:10.388Z",
        "value": "81.25",
        "cumulative": false
    },
    {
        "date": "2020-12-08T11:13:12.449Z",
        "value": "92.1875",
        "cumulative": false
    },
    {
        "date": "2020-12-08T11:13:13.955Z",
        "value": "93.75",
        "cumulative": false
    },
    {
        "date": "2020-12-08T11:13:16.182Z",
        "value": "94.53125",
        "cumulative": false
    },
    {
        "date": "2020-12-08T11:13:17.666Z",
        "value": "94.53125",
        "cumulative": false
    },
    {
        "date": "2020-12-08T11:13:19.896Z",
        "value": "94.53125",
        "cumulative": false
    },
    {
        "date": "2020-12-08T11:13:21.342Z",
        "value": "95.3125",
        "cumulative": false
    },
    {
        "date": "2020-12-08T11:13:23.428Z",
        "value": "94.53125",
        "cumulative": false
    },
    {
        "date": "2020-12-08T11:13:25.018Z",
        "value": "98.4375",
        "cumulative": false
    },
    {
        "date": "2020-12-08T11:13:27.077Z",
        "value": "97.65625",
        "cumulative": false
    },
    {
        "date": "2020-12-08T11:13:28.578Z",
        "value": "98.4375",
        "cumulative": false
    },
    {
        "date": "2020-12-08T11:13:30.806Z",
        "value": "94.53125",
        "cumulative": false
    },
    {
        "date": "2020-12-08T11:13:32.488Z",
        "value": "98.4375",
        "cumulative": false
    },
    {
        "date": "2020-12-08T11:13:34.721Z",
        "value": "98.4375",
        "cumulative": false
    },
    {
        "date": "2020-12-08T11:13:36.237Z",
        "value": "98.4375",
        "cumulative": false
    },
    {
        "date": "2020-12-08T11:13:38.259Z",
        "value": "98.4375",
        "cumulative": false
    },
    {
        "date": "2020-12-08T11:13:39.924Z",
        "value": "100.0",
        "cumulative": false
    },
    {
        "date": "2020-12-08T11:13:42.139Z",
        "value": "99.21875",
        "cumulative": false
    },
    {
        "date": "2020-12-08T11:13:43.691Z",
        "value": "99.21875",
        "cumulative": false
    },
    {
        "date": "2020-12-08T11:13:46.017Z",
        "value": "96.875",
        "cumulative": false
    },
    {
        "date": "2020-12-08T11:13:47.472Z",
        "value": "99.21875",
        "cumulative": false
    },
    {
        "date": "2020-12-08T11:13:49.710Z",
        "value": "100.0",
        "cumulative": false
    },
    {
        "date": "2020-12-08T11:13:51.327Z",
        "value": "98.4375",
        "cumulative": false
    },
    {
        "date": "2020-12-08T11:13:53.473Z",
        "value": "98.4375",
        "cumulative": false
    },
    {
        "date": "2020-12-08T11:13:55.096Z",
        "value": "98.4375",
        "cumulative": false
    },
    {
        "date": "2020-12-08T11:13:57.311Z",
        "value": "100.0",
        "cumulative": false
    },
    {
        "date": "2020-12-08T11:13:58.857Z",
        "value": "100.0",
        "cumulative": false
    },
    {
        "date": "2020-12-08T11:14:01.051Z",
        "value": "98.4375",
        "cumulative": false
    },
    {
        "date": "2020-12-08T11:14:02.627Z",
        "value": "100.0",
        "cumulative": false
    },
    {
        "date": "2020-12-08T11:14:04.874Z",
        "value": "100.0",
        "cumulative": false
    },
    {
        "date": "2020-12-08T11:14:06.445Z",
        "value": "100.0",
        "cumulative": false
    },
    {
        "date": "2020-12-08T11:14:08.607Z",
        "value": "100.0",
        "cumulative": false
    },
    {
        "date": "2020-12-08T11:14:10.284Z",
        "value": "99.21875",
        "cumulative": false
    },
    {
        "date": "2020-12-08T11:14:12.459Z",
        "value": "99.21875",
        "cumulative": false
    },
    {
        "date": "2020-12-08T11:14:14.042Z",
        "value": "100.0",
        "cumulative": false
    },
    {
        "date": "2020-12-08T11:14:16.325Z",
        "value": "100.0",
        "cumulative": false
    },
    {
        "date": "2020-12-08T11:14:17.852Z",
        "value": "100.0",
        "cumulative": false
    },
    {
        "date": "2020-12-08T11:14:20.128Z",
        "value": "99.21875",
        "cumulative": false
    },
    {
        "date": "2020-12-08T11:14:21.646Z",
        "value": "98.4375",
        "cumulative": false
    },
    {
        "date": "2020-12-08T11:14:23.802Z",
        "value": "100.0",
        "cumulative": false
    },
    {
        "date": "2020-12-08T11:14:25.419Z",
        "value": "99.21875",
        "cumulative": false
    }
]