[
    {
        "date": "2020-12-08T11:13:08.824Z",
        "value": "2.4750990867614746",
        "cumulative": false
    },
    {
        "date": "2020-12-08T11:13:10.377Z",
        "value": "1.7088032960891724",
        "cumulative": false
    },
    {
        "date": "2020-12-08T11:13:12.448Z",
        "value": "1.6217190027236938",
        "cumulative": false
    },
    {
        "date": "2020-12-08T11:13:13.951Z",
        "value": "1.3581740856170654",
        "cumulative": false
    },
    {
        "date": "2020-12-08T11:13:16.180Z",
        "value": "1.4052238464355469",
        "cumulative": false
    },
    {
        "date": "2020-12-08T11:13:17.662Z",
        "value": "1.104264497756958",
        "cumulative": false
    },
    {
        "date": "2020-12-08T11:13:19.892Z",
        "value": "1.0262895822525024",
        "cumulative": false
    },
    {
        "date": "2020-12-08T11:13:21.339Z",
        "value": "1.0081526041030884",
        "cumulative": false
    },
    {
        "date": "2020-12-08T11:13:23.417Z",
        "value": "1.086814522743225",
        "cumulative": false
    },
    {
        "date": "2020-12-08T11:13:25.015Z",
        "value": "0.8355769515037537",
        "cumulative": false
    },
    {
        "date": "2020-12-08T11:13:27.071Z",
        "value": "0.9629881978034973",
        "cumulative": false
    },
    {
        "date": "2020-12-08T11:13:28.578Z",
        "value": "0.8579562306404114",
        "cumulative": false
    },
    {
        "date": "2020-12-08T11:13:30.798Z",
        "value": "0.8440988063812256",
        "cumulative": false
    },
    {
        "date": "2020-12-08T11:13:32.483Z",
        "value": "0.7833037972450256",
        "cumulative": false
    },
    {
        "date": "2020-12-08T11:13:34.716Z",
        "value": "0.8103735446929932",
        "cumulative": false
    },
    {
        "date": "2020-12-08T11:13:36.233Z",
        "value": "0.7666827440261841",
        "cumulative": false
    },
    {
        "date": "2020-12-08T11:13:38.259Z",
        "value": "0.6822172999382019",
        "cumulative": false
    },
    {
        "date": "2020-12-08T11:13:39.918Z",
        "value": "0.6966520547866821",
        "cumulative": false
    },
    {
        "date": "2020-12-08T11:13:42.140Z",
        "value": "0.8571233749389648",
        "cumulative": false
    },
    {
        "date": "2020-12-08T11:13:43.686Z",
        "value": "0.7536262273788452",
        "cumulative": false
    },
    {
        "date": "2020-12-08T11:13:46.013Z",
        "value": "0.6333361864089966",
        "cumulative": false
    },
    {
        "date": "2020-12-08T11:13:47.471Z",
        "value": "0.486276775598526",
        "cumulative": false
    },
    {
        "date": "2020-12-08T11:13:49.705Z",
        "value": "0.5359488725662231",
        "cumulative": false
    },
    {
        "date": "2020-12-08T11:13:51.326Z",
        "value": "0.7086247205734253",
        "cumulative": false
    },
    {
        "date": "2020-12-08T11:13:53.473Z",
        "value": "0.510162353515625",
        "cumulative": false
    },
    {
        "date": "2020-12-08T11:13:55.088Z",
        "value": "0.6862989664077759",
        "cumulative": false
    },
    {
        "date": "2020-12-08T11:13:57.311Z",
        "value": "0.4821953773498535",
        "cumulative": false
    },
    {
        "date": "2020-12-08T11:13:58.856Z",
        "value": "0.48285821080207825",
        "cumulative": false
    },
    {
        "date": "2020-12-08T11:14:01.050Z",
        "value": "0.46650081872940063",
        "cumulative": false
    },
    {
        "date": "2020-12-08T11:14:02.623Z",
        "value": "0.5359749794006348",
        "cumulative": false
    },
    {
        "date": "2020-12-08T11:14:04.869Z",
        "value": "0.49109166860580444",
        "cumulative": false
    },
    {
        "date": "2020-12-08T11:14:06.438Z",
        "value": "0.4206193685531616",
        "cumulative": false
    },
    {
        "date": "2020-12-08T11:14:08.603Z",
        "value": "0.8084133863449097",
        "cumulative": false
    },
    {
        "date": "2020-12-08T11:14:10.282Z",
        "value": "0.43462082743644714",
        "cumulative": false
    },
    {
        "date": "2020-12-08T11:14:12.455Z",
        "value": "0.40877068042755127",
        "cumulative": false
    },
    {
        "date": "2020-12-08T11:14:14.042Z",
        "value": "0.5244945287704468",
        "cumulative": false
    },
    {
        "date": "2020-12-08T11:14:16.321Z",
        "value": "0.4208794832229614",
        "cumulative": false
    },
    {
        "date": "2020-12-08T11:14:17.849Z",
        "value": "0.49944785237312317",
        "cumulative": false
    },
    {
        "date": "2020-12-08T11:14:20.124Z",
        "value": "0.44239678978919983",
        "cumulative": false
    },
    {
        "date": "2020-12-08T11:14:21.642Z",
        "value": "0.4112532436847687",
        "cumulative": false
    },
    {
        "date": "2020-12-08T11:14:23.798Z",
        "value": "0.39259839057922363",
        "cumulative": false
    },
    {
        "date": "2020-12-08T11:14:25.412Z",
        "value": "0.3065853416919708",
        "cumulative": false
    }
]