[
    {
        "date": "2020-12-08T11:13:11.701Z",
        "value": "0.15106439590454102",
        "cumulative": false
    },
    {
        "date": "2020-12-08T11:13:15.483Z",
        "value": "0.15848898887634277",
        "cumulative": false
    },
    {
        "date": "2020-12-08T11:13:19.114Z",
        "value": "0.1434464454650879",
        "cumulative": false
    },
    {
        "date": "2020-12-08T11:13:22.703Z",
        "value": "0.14000964164733887",
        "cumulative": false
    },
    {
        "date": "2020-12-08T11:13:26.369Z",
        "value": "0.15767288208007812",
        "cumulative": false
    },
    {
        "date": "2020-12-08T11:13:30.037Z",
        "value": "0.14464020729064941",
        "cumulative": false
    },
    {
        "date": "2020-12-08T11:13:33.973Z",
        "value": "0.16325092315673828",
        "cumulative": false
    },
    {
        "date": "2020-12-08T11:13:37.606Z",
        "value": "0.13836383819580078",
        "cumulative": false
    },
    {
        "date": "2020-12-08T11:13:41.435Z",
        "value": "0.14849185943603516",
        "cumulative": false
    },
    {
        "date": "2020-12-08T11:13:45.063Z",
        "value": "0.14609360694885254",
        "cumulative": false
    },
    {
        "date": "2020-12-08T11:13:48.932Z",
        "value": "0.13677358627319336",
        "cumulative": false
    },
    {
        "date": "2020-12-08T11:13:52.752Z",
        "value": "0.1614699363708496",
        "cumulative": false
    },
    {
        "date": "2020-12-08T11:13:56.528Z",
        "value": "0.15095162391662598",
        "cumulative": false
    },
    {
        "date": "2020-12-08T11:14:00.277Z",
        "value": "0.15127325057983398",
        "cumulative": false
    },
    {
        "date": "2020-12-08T11:14:04.086Z",
        "value": "0.1505107879638672",
        "cumulative": false
    },
    {
        "date": "2020-12-08T11:14:07.816Z",
        "value": "0.1416022777557373",
        "cumulative": false
    },
    {
        "date": "2020-12-08T11:14:11.710Z",
        "value": "0.14366912841796875",
        "cumulative": false
    },
    {
        "date": "2020-12-08T11:14:15.600Z",
        "value": "0.15960383415222168",
        "cumulative": false
    },
    {
        "date": "2020-12-08T11:14:19.330Z",
        "value": "0.14828872680664062",
        "cumulative": false
    },
    {
        "date": "2020-12-08T11:14:23.010Z",
        "value": "0.14759469032287598",
        "cumulative": false
    },
    {
        "date": "2020-12-08T11:14:26.901Z",
        "value": "0.1610257625579834",
        "cumulative": false
    }
]