[
    {
        "date": "2020-12-08T11:13:08.826Z",
        "value": "14.84375",
        "cumulative": false
    },
    {
        "date": "2020-12-08T11:13:10.379Z",
        "value": "33.59375",
        "cumulative": false
    },
    {
        "date": "2020-12-08T11:13:12.446Z",
        "value": "35.15625",
        "cumulative": false
    },
    {
        "date": "2020-12-08T11:13:13.955Z",
        "value": "43.75",
        "cumulative": false
    },
    {
        "date": "2020-12-08T11:13:16.171Z",
        "value": "42.96875",
        "cumulative": false
    },
    {
        "date": "2020-12-08T11:13:17.662Z",
        "value": "54.6875",
        "cumulative": false
    },
    {
        "date": "2020-12-08T11:13:19.892Z",
        "value": "58.59375",
        "cumulative": false
    },
    {
        "date": "2020-12-08T11:13:21.339Z",
        "value": "62.5",
        "cumulative": false
    },
    {
        "date": "2020-12-08T11:13:23.422Z",
        "value": "64.0625",
        "cumulative": false
    },
    {
        "date": "2020-12-08T11:13:25.019Z",
        "value": "63.28125",
        "cumulative": false
    },
    {
        "date": "2020-12-08T11:13:27.071Z",
        "value": "67.1875",
        "cumulative": false
    },
    {
        "date": "2020-12-08T11:13:28.575Z",
        "value": "67.96875",
        "cumulative": false
    },
    {
        "date": "2020-12-08T11:13:30.798Z",
        "value": "67.1875",
        "cumulative": false
    },
    {
        "date": "2020-12-08T11:13:32.486Z",
        "value": "78.125",
        "cumulative": false
    },
    {
        "date": "2020-12-08T11:13:34.717Z",
        "value": "64.0625",
        "cumulative": false
    },
    {
        "date": "2020-12-08T11:13:36.233Z",
        "value": "71.875",
        "cumulative": false
    },
    {
        "date": "2020-12-08T11:13:38.255Z",
        "value": "79.6875",
        "cumulative": false
    },
    {
        "date": "2020-12-08T11:13:39.922Z",
        "value": "71.09375",
        "cumulative": false
    },
    {
        "date": "2020-12-08T11:13:42.138Z",
        "value": "78.90625",
        "cumulative": false
    },
    {
        "date": "2020-12-08T11:13:43.686Z",
        "value": "77.34375",
        "cumulative": false
    },
    {
        "date": "2020-12-08T11:13:46.014Z",
        "value": "75.78125",
        "cumulative": false
    },
    {
        "date": "2020-12-08T11:13:47.468Z",
        "value": "76.5625",
        "cumulative": false
    },
    {
        "date": "2020-12-08T11:13:49.705Z",
        "value": "80.46875",
        "cumulative": false
    },
    {
        "date": "2020-12-08T11:13:51.326Z",
        "value": "84.375",
        "cumulative": false
    },
    {
        "date": "2020-12-08T11:13:53.468Z",
        "value": "78.90625",
        "cumulative": false
    },
    {
        "date": "2020-12-08T11:13:55.088Z",
        "value": "81.25",
        "cumulative": false
    },
    {
        "date": "2020-12-08T11:13:57.311Z",
        "value": "82.8125",
        "cumulative": false
    },
    {
        "date": "2020-12-08T11:13:58.854Z",
        "value": "81.25",
        "cumulative": false
    },
    {
        "date": "2020-12-08T11:14:01.049Z",
        "value": "79.6875",
        "cumulative": false
    },
    {
        "date": "2020-12-08T11:14:02.623Z",
        "value": "85.9375",
        "cumulative": false
    },
    {
        "date": "2020-12-08T11:14:04.869Z",
        "value": "78.90625",
        "cumulative": false
    },
    {
        "date": "2020-12-08T11:14:06.435Z",
        "value": "80.46875",
        "cumulative": false
    },
    {
        "date": "2020-12-08T11:14:08.608Z",
        "value": "83.59375",
        "cumulative": false
    },
    {
        "date": "2020-12-08T11:14:10.282Z",
        "value": "78.125",
        "cumulative": false
    },
    {
        "date": "2020-12-08T11:14:12.454Z",
        "value": "89.0625",
        "cumulative": false
    },
    {
        "date": "2020-12-08T11:14:14.038Z",
        "value": "75.0",
        "cumulative": false
    },
    {
        "date": "2020-12-08T11:14:16.325Z",
        "value": "82.03125",
        "cumulative": false
    },
    {
        "date": "2020-12-08T11:14:17.844Z",
        "value": "89.84375",
        "cumulative": false
    },
    {
        "date": "2020-12-08T11:14:20.125Z",
        "value": "85.9375",
        "cumulative": false
    },
    {
        "date": "2020-12-08T11:14:21.642Z",
        "value": "86.71875",
        "cumulative": false
    },
    {
        "date": "2020-12-08T11:14:23.799Z",
        "value": "84.375",
        "cumulative": false
    },
    {
        "date": "2020-12-08T11:14:25.415Z",
        "value": "89.84375",
        "cumulative": false
    }
]