[
    {
        "date": "2020-12-08T11:13:11.692Z",
        "value": "0.028879404067993164",
        "cumulative": false
    },
    {
        "date": "2020-12-08T11:13:15.476Z",
        "value": "0.02918243408203125",
        "cumulative": false
    },
    {
        "date": "2020-12-08T11:13:19.085Z",
        "value": "0.02924346923828125",
        "cumulative": false
    },
    {
        "date": "2020-12-08T11:13:22.684Z",
        "value": "0.029773712158203125",
        "cumulative": false
    },
    {
        "date": "2020-12-08T11:13:26.358Z",
        "value": "0.027936935424804688",
        "cumulative": false
    },
    {
        "date": "2020-12-08T11:13:30.016Z",
        "value": "0.029786109924316406",
        "cumulative": false
    },
    {
        "date": "2020-12-08T11:13:33.944Z",
        "value": "0.028928041458129883",
        "cumulative": false
    },
    {
        "date": "2020-12-08T11:13:37.587Z",
        "value": "0.02747511863708496",
        "cumulative": false
    },
    {
        "date": "2020-12-08T11:13:41.411Z",
        "value": "0.030367136001586914",
        "cumulative": false
    },
    {
        "date": "2020-12-08T11:13:45.053Z",
        "value": "0.029377460479736328",
        "cumulative": false
    },
    {
        "date": "2020-12-08T11:13:48.903Z",
        "value": "0.029810428619384766",
        "cumulative": false
    },
    {
        "date": "2020-12-08T11:13:52.726Z",
        "value": "0.029073715209960938",
        "cumulative": false
    },
    {
        "date": "2020-12-08T11:13:56.513Z",
        "value": "0.029500961303710938",
        "cumulative": false
    },
    {
        "date": "2020-12-08T11:14:00.254Z",
        "value": "0.029201984405517578",
        "cumulative": false
    },
    {
        "date": "2020-12-08T11:14:04.061Z",
        "value": "0.030406475067138672",
        "cumulative": false
    },
    {
        "date": "2020-12-08T11:14:07.797Z",
        "value": "0.027620792388916016",
        "cumulative": false
    },
    {
        "date": "2020-12-08T11:14:11.687Z",
        "value": "0.028791189193725586",
        "cumulative": false
    },
    {
        "date": "2020-12-08T11:14:15.575Z",
        "value": "0.03198671340942383",
        "cumulative": false
    },
    {
        "date": "2020-12-08T11:14:19.302Z",
        "value": "0.02885603904724121",
        "cumulative": false
    },
    {
        "date": "2020-12-08T11:14:22.983Z",
        "value": "0.030593395233154297",
        "cumulative": false
    },
    {
        "date": "2020-12-08T11:14:26.883Z",
        "value": "0.027472496032714844",
        "cumulative": false
    }
]