[
    {
        "date": "2020-12-08T11:13:08.836Z",
        "value": "50.78125",
        "cumulative": false
    },
    {
        "date": "2020-12-08T11:13:10.384Z",
        "value": "88.28125",
        "cumulative": false
    },
    {
        "date": "2020-12-08T11:13:12.449Z",
        "value": "92.96875",
        "cumulative": false
    },
    {
        "date": "2020-12-08T11:13:13.957Z",
        "value": "91.40625",
        "cumulative": false
    },
    {
        "date": "2020-12-08T11:13:16.186Z",
        "value": "91.40625",
        "cumulative": false
    },
    {
        "date": "2020-12-08T11:13:17.670Z",
        "value": "93.75",
        "cumulative": false
    },
    {
        "date": "2020-12-08T11:13:19.901Z",
        "value": "98.4375",
        "cumulative": false
    },
    {
        "date": "2020-12-08T11:13:21.343Z",
        "value": "92.96875",
        "cumulative": false
    },
    {
        "date": "2020-12-08T11:13:23.435Z",
        "value": "98.4375",
        "cumulative": false
    },
    {
        "date": "2020-12-08T11:13:25.022Z",
        "value": "96.09375",
        "cumulative": false
    },
    {
        "date": "2020-12-08T11:13:27.074Z",
        "value": "97.65625",
        "cumulative": false
    },
    {
        "date": "2020-12-08T11:13:28.579Z",
        "value": "99.21875",
        "cumulative": false
    },
    {
        "date": "2020-12-08T11:13:30.804Z",
        "value": "98.4375",
        "cumulative": false
    },
    {
        "date": "2020-12-08T11:13:32.494Z",
        "value": "97.65625",
        "cumulative": false
    },
    {
        "date": "2020-12-08T11:13:34.727Z",
        "value": "100.0",
        "cumulative": false
    },
    {
        "date": "2020-12-08T11:13:36.240Z",
        "value": "99.21875",
        "cumulative": false
    },
    {
        "date": "2020-12-08T11:13:38.263Z",
        "value": "98.4375",
        "cumulative": false
    },
    {
        "date": "2020-12-08T11:13:39.925Z",
        "value": "96.09375",
        "cumulative": false
    },
    {
        "date": "2020-12-08T11:13:42.144Z",
        "value": "100.0",
        "cumulative": false
    },
    {
        "date": "2020-12-08T11:13:43.696Z",
        "value": "98.4375",
        "cumulative": false
    },
    {
        "date": "2020-12-08T11:13:46.017Z",
        "value": "99.21875",
        "cumulative": false
    },
    {
        "date": "2020-12-08T11:13:47.472Z",
        "value": "98.4375",
        "cumulative": false
    },
    {
        "date": "2020-12-08T11:13:49.715Z",
        "value": "100.0",
        "cumulative": false
    },
    {
        "date": "2020-12-08T11:13:51.330Z",
        "value": "99.21875",
        "cumulative": false
    },
    {
        "date": "2020-12-08T11:13:53.477Z",
        "value": "96.875",
        "cumulative": false
    },
    {
        "date": "2020-12-08T11:13:55.101Z",
        "value": "99.21875",
        "cumulative": false
    },
    {
        "date": "2020-12-08T11:13:57.317Z",
        "value": "100.0",
        "cumulative": false
    },
    {
        "date": "2020-12-08T11:13:58.861Z",
        "value": "99.21875",
        "cumulative": false
    },
    {
        "date": "2020-12-08T11:14:01.060Z",
        "value": "100.0",
        "cumulative": false
    },
    {
        "date": "2020-12-08T11:14:02.629Z",
        "value": "97.65625",
        "cumulative": false
    },
    {
        "date": "2020-12-08T11:14:04.879Z",
        "value": "100.0",
        "cumulative": false
    },
    {
        "date": "2020-12-08T11:14:06.446Z",
        "value": "99.21875",
        "cumulative": false
    },
    {
        "date": "2020-12-08T11:14:08.612Z",
        "value": "99.21875",
        "cumulative": false
    },
    {
        "date": "2020-12-08T11:14:10.288Z",
        "value": "99.21875",
        "cumulative": false
    },
    {
        "date": "2020-12-08T11:14:12.463Z",
        "value": "100.0",
        "cumulative": false
    },
    {
        "date": "2020-12-08T11:14:14.046Z",
        "value": "99.21875",
        "cumulative": false
    },
    {
        "date": "2020-12-08T11:14:16.328Z",
        "value": "99.21875",
        "cumulative": false
    },
    {
        "date": "2020-12-08T11:14:17.854Z",
        "value": "98.4375",
        "cumulative": false
    },
    {
        "date": "2020-12-08T11:14:20.144Z",
        "value": "99.21875",
        "cumulative": false
    },
    {
        "date": "2020-12-08T11:14:21.649Z",
        "value": "99.21875",
        "cumulative": false
    },
    {
        "date": "2020-12-08T11:14:23.805Z",
        "value": "99.21875",
        "cumulative": false
    },
    {
        "date": "2020-12-08T11:14:25.423Z",
        "value": "98.4375",
        "cumulative": false
    }
]