[
    {
        "date": "2020-12-08T11:13:11.701Z",
        "value": "2.868426561355591",
        "cumulative": false
    },
    {
        "date": "2020-12-08T11:13:15.484Z",
        "value": "0.5481288433074951",
        "cumulative": false
    },
    {
        "date": "2020-12-08T11:13:19.095Z",
        "value": "0.5849118232727051",
        "cumulative": false
    },
    {
        "date": "2020-12-08T11:13:22.692Z",
        "value": "0.5783905982971191",
        "cumulative": false
    },
    {
        "date": "2020-12-08T11:13:26.366Z",
        "value": "0.559704065322876",
        "cumulative": false
    },
    {
        "date": "2020-12-08T11:13:30.022Z",
        "value": "0.5268058776855469",
        "cumulative": false
    },
    {
        "date": "2020-12-08T11:13:33.962Z",
        "value": "0.5042192935943604",
        "cumulative": false
    },
    {
        "date": "2020-12-08T11:13:37.594Z",
        "value": "0.5858595371246338",
        "cumulative": false
    },
    {
        "date": "2020-12-08T11:13:41.418Z",
        "value": "0.5229883193969727",
        "cumulative": false
    },
    {
        "date": "2020-12-08T11:13:45.065Z",
        "value": "0.5568616390228271",
        "cumulative": false
    },
    {
        "date": "2020-12-08T11:13:48.915Z",
        "value": "0.5494363307952881",
        "cumulative": false
    },
    {
        "date": "2020-12-08T11:13:52.737Z",
        "value": "0.5794384479522705",
        "cumulative": false
    },
    {
        "date": "2020-12-08T11:13:56.522Z",
        "value": "0.5238020420074463",
        "cumulative": false
    },
    {
        "date": "2020-12-08T11:14:00.266Z",
        "value": "0.54585862159729",
        "cumulative": false
    },
    {
        "date": "2020-12-08T11:14:04.071Z",
        "value": "0.5217113494873047",
        "cumulative": false
    },
    {
        "date": "2020-12-08T11:14:07.807Z",
        "value": "0.5345401763916016",
        "cumulative": false
    },
    {
        "date": "2020-12-08T11:14:11.705Z",
        "value": "0.5071628093719482",
        "cumulative": false
    },
    {
        "date": "2020-12-08T11:14:15.578Z",
        "value": "0.5617892742156982",
        "cumulative": false
    },
    {
        "date": "2020-12-08T11:14:19.315Z",
        "value": "0.5223479270935059",
        "cumulative": false
    },
    {
        "date": "2020-12-08T11:14:22.994Z",
        "value": "0.5409867763519287",
        "cumulative": false
    },
    {
        "date": "2020-12-08T11:14:26.890Z",
        "value": "0.5600931644439697",
        "cumulative": false
    }
]