[
    {
        "date": "2020-12-08T11:13:08.833Z",
        "value": "2.4565205574035645",
        "cumulative": false
    },
    {
        "date": "2020-12-08T11:13:10.380Z",
        "value": "1.7145813703536987",
        "cumulative": false
    },
    {
        "date": "2020-12-08T11:13:12.449Z",
        "value": "1.5323108434677124",
        "cumulative": false
    },
    {
        "date": "2020-12-08T11:13:13.957Z",
        "value": "1.3269624710083008",
        "cumulative": false
    },
    {
        "date": "2020-12-08T11:13:16.186Z",
        "value": "1.3489677906036377",
        "cumulative": false
    },
    {
        "date": "2020-12-08T11:13:17.670Z",
        "value": "1.1678063869476318",
        "cumulative": false
    },
    {
        "date": "2020-12-08T11:13:19.900Z",
        "value": "1.0176177024841309",
        "cumulative": false
    },
    {
        "date": "2020-12-08T11:13:21.343Z",
        "value": "1.2192931175231934",
        "cumulative": false
    },
    {
        "date": "2020-12-08T11:13:23.435Z",
        "value": "1.049947738647461",
        "cumulative": false
    },
    {
        "date": "2020-12-08T11:13:25.022Z",
        "value": "1.177101492881775",
        "cumulative": false
    },
    {
        "date": "2020-12-08T11:13:27.074Z",
        "value": "1.002037525177002",
        "cumulative": false
    },
    {
        "date": "2020-12-08T11:13:28.578Z",
        "value": "0.7823379039764404",
        "cumulative": false
    },
    {
        "date": "2020-12-08T11:13:30.804Z",
        "value": "1.0575698614120483",
        "cumulative": false
    },
    {
        "date": "2020-12-08T11:13:32.494Z",
        "value": "0.7318273782730103",
        "cumulative": false
    },
    {
        "date": "2020-12-08T11:13:34.726Z",
        "value": "0.7649998068809509",
        "cumulative": false
    },
    {
        "date": "2020-12-08T11:13:36.240Z",
        "value": "0.7527026534080505",
        "cumulative": false
    },
    {
        "date": "2020-12-08T11:13:38.263Z",
        "value": "0.6300432085990906",
        "cumulative": false
    },
    {
        "date": "2020-12-08T11:13:39.925Z",
        "value": "0.8119270205497742",
        "cumulative": false
    },
    {
        "date": "2020-12-08T11:13:42.144Z",
        "value": "0.5227299332618713",
        "cumulative": false
    },
    {
        "date": "2020-12-08T11:13:43.696Z",
        "value": "0.7361958026885986",
        "cumulative": false
    },
    {
        "date": "2020-12-08T11:13:46.017Z",
        "value": "0.46817198395729065",
        "cumulative": false
    },
    {
        "date": "2020-12-08T11:13:47.472Z",
        "value": "0.6325337886810303",
        "cumulative": false
    },
    {
        "date": "2020-12-08T11:13:49.715Z",
        "value": "0.5173579454421997",
        "cumulative": false
    },
    {
        "date": "2020-12-08T11:13:51.329Z",
        "value": "0.6166958212852478",
        "cumulative": false
    },
    {
        "date": "2020-12-08T11:13:53.477Z",
        "value": "0.638160765171051",
        "cumulative": false
    },
    {
        "date": "2020-12-08T11:13:55.101Z",
        "value": "0.6013967394828796",
        "cumulative": false
    },
    {
        "date": "2020-12-08T11:13:57.316Z",
        "value": "0.46743589639663696",
        "cumulative": false
    },
    {
        "date": "2020-12-08T11:13:58.861Z",
        "value": "0.5012988448143005",
        "cumulative": false
    },
    {
        "date": "2020-12-08T11:14:01.055Z",
        "value": "0.46492800116539",
        "cumulative": false
    },
    {
        "date": "2020-12-08T11:14:02.629Z",
        "value": "0.5522312521934509",
        "cumulative": false
    },
    {
        "date": "2020-12-08T11:14:04.879Z",
        "value": "0.49963268637657166",
        "cumulative": false
    },
    {
        "date": "2020-12-08T11:14:06.446Z",
        "value": "0.3904358148574829",
        "cumulative": false
    },
    {
        "date": "2020-12-08T11:14:08.612Z",
        "value": "0.42961639165878296",
        "cumulative": false
    },
    {
        "date": "2020-12-08T11:14:10.288Z",
        "value": "0.5258399248123169",
        "cumulative": false
    },
    {
        "date": "2020-12-08T11:14:12.463Z",
        "value": "0.35258352756500244",
        "cumulative": false
    },
    {
        "date": "2020-12-08T11:14:14.046Z",
        "value": "0.42942965030670166",
        "cumulative": false
    },
    {
        "date": "2020-12-08T11:14:16.327Z",
        "value": "0.4715096652507782",
        "cumulative": false
    },
    {
        "date": "2020-12-08T11:14:17.853Z",
        "value": "0.4504455626010895",
        "cumulative": false
    },
    {
        "date": "2020-12-08T11:14:20.144Z",
        "value": "0.47849100828170776",
        "cumulative": false
    },
    {
        "date": "2020-12-08T11:14:21.649Z",
        "value": "0.46825748682022095",
        "cumulative": false
    },
    {
        "date": "2020-12-08T11:14:23.805Z",
        "value": "0.3603730797767639",
        "cumulative": false
    },
    {
        "date": "2020-12-08T11:14:25.423Z",
        "value": "0.43479108810424805",
        "cumulative": false
    }
]