[
    {
        "date": "2020-12-08T11:13:11.695Z",
        "value": "0.011320829391479492",
        "cumulative": false
    },
    {
        "date": "2020-12-08T11:13:15.484Z",
        "value": "0.010558843612670898",
        "cumulative": false
    },
    {
        "date": "2020-12-08T11:13:19.084Z",
        "value": "0.010207414627075195",
        "cumulative": false
    },
    {
        "date": "2020-12-08T11:13:22.683Z",
        "value": "0.010766983032226562",
        "cumulative": false
    },
    {
        "date": "2020-12-08T11:13:26.357Z",
        "value": "0.009884357452392578",
        "cumulative": false
    },
    {
        "date": "2020-12-08T11:13:30.015Z",
        "value": "0.010831594467163086",
        "cumulative": false
    },
    {
        "date": "2020-12-08T11:13:33.947Z",
        "value": "0.009419441223144531",
        "cumulative": false
    },
    {
        "date": "2020-12-08T11:13:37.585Z",
        "value": "0.011606693267822266",
        "cumulative": false
    },
    {
        "date": "2020-12-08T11:13:41.417Z",
        "value": "0.009501457214355469",
        "cumulative": false
    },
    {
        "date": "2020-12-08T11:13:45.060Z",
        "value": "0.010062217712402344",
        "cumulative": false
    },
    {
        "date": "2020-12-08T11:13:48.908Z",
        "value": "0.010837793350219727",
        "cumulative": false
    },
    {
        "date": "2020-12-08T11:13:52.729Z",
        "value": "0.01014399528503418",
        "cumulative": false
    },
    {
        "date": "2020-12-08T11:13:56.510Z",
        "value": "0.010466337203979492",
        "cumulative": false
    },
    {
        "date": "2020-12-08T11:14:00.255Z",
        "value": "0.010093927383422852",
        "cumulative": false
    },
    {
        "date": "2020-12-08T11:14:04.062Z",
        "value": "0.010094642639160156",
        "cumulative": false
    },
    {
        "date": "2020-12-08T11:14:07.799Z",
        "value": "0.009979963302612305",
        "cumulative": false
    },
    {
        "date": "2020-12-08T11:14:11.691Z",
        "value": "0.009866714477539062",
        "cumulative": false
    },
    {
        "date": "2020-12-08T11:14:15.569Z",
        "value": "0.009959936141967773",
        "cumulative": false
    },
    {
        "date": "2020-12-08T11:14:19.307Z",
        "value": "0.009851932525634766",
        "cumulative": false
    },
    {
        "date": "2020-12-08T11:14:22.985Z",
        "value": "0.010102272033691406",
        "cumulative": false
    },
    {
        "date": "2020-12-08T11:14:26.887Z",
        "value": "0.009731054306030273",
        "cumulative": false
    }
]