[
    {
        "date": "2020-09-10T15:15:39Z",
        "value": "4.00543212890625e-05",
        "cumulative": true
    },
    {
        "date": "2020-09-10T15:16:09Z",
        "value": "4.00543212890625e-05",
        "cumulative": true
    },
    {
        "date": "2020-09-10T15:16:23Z",
        "value": "4.00543212890625e-05",
        "cumulative": true
    },
    {
        "date": "2020-09-10T15:16:45Z",
        "value": "3071.160710334778",
        "cumulative": true
    },
    {
        "date": "2020-09-10T15:16:56Z",
        "value": "6954.462233543396",
        "cumulative": true
    },
    {
        "date": "2020-09-10T15:17:06Z",
        "value": "10314.12536907196",
        "cumulative": true
    },
    {
        "date": "2020-09-10T15:17:24Z",
        "value": "15510.143385887146",
        "cumulative": true
    },
    {
        "date": "2020-09-10T15:17:43Z",
        "value": "21406.143323898315",
        "cumulative": true
    },
    {
        "date": "2020-09-10T15:17:55Z",
        "value": "24741.068841934204",
        "cumulative": true
    },
    {
        "date": "2020-09-10T15:18:15Z",
        "value": "30384.879997253418",
        "cumulative": true
    },
    {
        "date": "2020-09-10T15:18:28Z",
        "value": "34742.15385055542",
        "cumulative": true
    },
    {
        "date": "2020-09-10T15:18:40Z",
        "value": "37952.31984138489",
        "cumulative": true
    },
    {
        "date": "2020-09-10T15:18:50Z",
        "value": "41383.02540588379",
        "cumulative": true
    },
    {
        "date": "2020-09-10T15:19:05Z",
        "value": "46567.91728210449",
        "cumulative": true
    },
    {
        "date": "2020-09-10T15:19:23Z",
        "value": "52791.35862159729",
        "cumulative": true
    },
    {
        "date": "2020-09-10T15:19:42Z",
        "value": "59069.17358970642",
        "cumulative": true
    },
    {
        "date": "2020-09-10T15:19:56Z",
        "value": "64001.46570396423",
        "cumulative": true
    },
    {
        "date": "2020-09-10T15:20:12Z",
        "value": "70128.34061813354",
        "cumulative": true
    },
    {
        "date": "2020-09-10T15:20:25Z",
        "value": "74760.86000061035",
        "cumulative": true
    },
    {
        "date": "2020-09-10T15:20:41Z",
        "value": "80189.62319755554",
        "cumulative": true
    },
    {
        "date": "2020-09-10T15:21:01Z",
        "value": "86475.72417449951",
        "cumulative": true
    },
    {
        "date": "2020-09-10T15:21:19Z",
        "value": "92112.77011108398",
        "cumulative": true
    },
    {
        "date": "2020-09-10T15:21:30Z",
        "value": "95878.66029930115",
        "cumulative": true
    },
    {
        "date": "2020-09-10T15:21:45Z",
        "value": "101250.21197128296",
        "cumulative": true
    },
    {
        "date": "2020-09-10T15:22:00Z",
        "value": "105938.08837127686",
        "cumulative": true
    },
    {
        "date": "2020-09-10T15:22:16Z",
        "value": "110626.64650154114",
        "cumulative": true
    },
    {
        "date": "2020-09-10T15:22:34Z",
        "value": "116134.57481002808",
        "cumulative": true
    },
    {
        "date": "2020-09-10T15:22:47Z",
        "value": "119837.60145568848",
        "cumulative": true
    },
    {
        "date": "2020-09-10T15:22:59Z",
        "value": "123787.5616722107",
        "cumulative": true
    },
    {
        "date": "2020-09-10T15:23:11Z",
        "value": "127726.16483688354",
        "cumulative": true
    },
    {
        "date": "2020-09-10T15:23:28Z",
        "value": "132800.19317626953",
        "cumulative": true
    },
    {
        "date": "2020-09-10T15:23:45Z",
        "value": "137948.5268058777",
        "cumulative": true
    },
    {
        "date": "2020-09-10T15:24:02Z",
        "value": "143429.6532459259",
        "cumulative": true
    },
    {
        "date": "2020-09-10T15:24:14Z",
        "value": "147210.7220802307",
        "cumulative": true
    },
    {
        "date": "2020-09-10T15:24:24Z",
        "value": "150576.58290481567",
        "cumulative": true
    },
    {
        "date": "2020-09-10T15:24:41Z",
        "value": "155904.08605194092",
        "cumulative": true
    },
    {
        "date": "2020-09-10T15:24:58Z",
        "value": "161093.86864089966",
        "cumulative": true
    },
    {
        "date": "2020-09-10T15:25:13Z",
        "value": "165742.47101020813",
        "cumulative": true
    },
    {
        "date": "2020-09-10T15:25:28Z",
        "value": "170385.23583602905",
        "cumulative": true
    },
    {
        "date": "2020-09-10T15:25:39Z",
        "value": "174182.7605895996",
        "cumulative": true
    },
    {
        "date": "2020-09-10T15:25:58Z",
        "value": "179836.093000412",
        "cumulative": true
    },
    {
        "date": "2020-09-10T15:26:09Z",
        "value": "183436.3483428955",
        "cumulative": true
    },
    {
        "date": "2020-09-10T15:26:28Z",
        "value": "189341.97469329834",
        "cumulative": true
    },
    {
        "date": "2020-09-10T15:26:47Z",
        "value": "195237.94935417175",
        "cumulative": true
    },
    {
        "date": "2020-09-10T15:27:06Z",
        "value": "201538.05311775208",
        "cumulative": true
    },
    {
        "date": "2020-09-10T15:27:22Z",
        "value": "206350.18672943115",
        "cumulative": true
    },
    {
        "date": "2020-09-10T15:27:36Z",
        "value": "210923.61056900024",
        "cumulative": true
    },
    {
        "date": "2020-09-10T15:27:55Z",
        "value": "217056.95772361755",
        "cumulative": true
    },
    {
        "date": "2020-09-10T15:28:07Z",
        "value": "220943.9302253723",
        "cumulative": true
    },
    {
        "date": "2020-09-10T15:28:23Z",
        "value": "226275.976688385",
        "cumulative": true
    },
    {
        "date": "2020-09-10T15:28:39Z",
        "value": "231607.81664276123",
        "cumulative": true
    },
    {
        "date": "2020-09-10T15:28:55Z",
        "value": "236400.362991333",
        "cumulative": true
    },
    {
        "date": "2020-09-10T15:29:05Z",
        "value": "240130.4395942688",
        "cumulative": true
    },
    {
        "date": "2020-09-10T15:29:17Z",
        "value": "243860.21209716797",
        "cumulative": true
    },
    {
        "date": "2020-09-10T15:29:29Z",
        "value": "247742.4689064026",
        "cumulative": true
    },
    {
        "date": "2020-09-10T15:29:44Z",
        "value": "252917.68803405762",
        "cumulative": true
    },
    {
        "date": "2020-09-10T15:30:02Z",
        "value": "258282.43030929565",
        "cumulative": true
    },
    {
        "date": "2020-09-10T15:30:13Z",
        "value": "261916.0665435791",
        "cumulative": true
    },
    {
        "date": "2020-09-10T15:30:31Z",
        "value": "267981.58818626404",
        "cumulative": true
    },
    {
        "date": "2020-09-10T15:30:50Z",
        "value": "274256.74104881287",
        "cumulative": true
    },
    {
        "date": "2020-09-10T15:31:05Z",
        "value": "278952.5396938324",
        "cumulative": true
    },
    {
        "date": "2020-09-10T15:31:22Z",
        "value": "284451.91324424744",
        "cumulative": true
    },
    {
        "date": "2020-09-10T15:31:33Z",
        "value": "287798.93919563293",
        "cumulative": true
    },
    {
        "date": "2020-09-10T15:31:46Z",
        "value": "292341.5533180237",
        "cumulative": true
    },
    {
        "date": "2020-09-10T15:32:02Z",
        "value": "297192.7845802307",
        "cumulative": true
    },
    {
        "date": "2020-09-10T15:32:20Z",
        "value": "302805.90087890625",
        "cumulative": true
    },
    {
        "date": "2020-09-10T15:32:34Z",
        "value": "307273.4373550415",
        "cumulative": true
    },
    {
        "date": "2020-09-10T15:32:53Z",
        "value": "313391.42517089844",
        "cumulative": true
    },
    {
        "date": "2020-09-10T15:33:06Z",
        "value": "317975.97656059265",
        "cumulative": true
    },
    {
        "date": "2020-09-10T15:33:20Z",
        "value": "322026.5218925476",
        "cumulative": true
    }
]