[
    {
        "date": "2020-09-10T15:16:13Z",
        "value": "0.016101611",
        "cumulative": false
    },
    {
        "date": "2020-09-10T15:16:30Z",
        "value": "0.338958658",
        "cumulative": false
    },
    {
        "date": "2020-09-10T15:16:50Z",
        "value": "1.026985392",
        "cumulative": false
    },
    {
        "date": "2020-09-10T15:17:01Z",
        "value": "1.002146275",
        "cumulative": false
    },
    {
        "date": "2020-09-10T15:17:15Z",
        "value": "1.001654824",
        "cumulative": false
    },
    {
        "date": "2020-09-10T15:17:31Z",
        "value": "1.000378789",
        "cumulative": false
    },
    {
        "date": "2020-09-10T15:17:44Z",
        "value": "1.000084277",
        "cumulative": false
    },
    {
        "date": "2020-09-10T15:17:58Z",
        "value": "1.000508592",
        "cumulative": false
    },
    {
        "date": "2020-09-10T15:18:10Z",
        "value": "0.999507798",
        "cumulative": false
    },
    {
        "date": "2020-09-10T15:18:29Z",
        "value": "1.00019386",
        "cumulative": false
    },
    {
        "date": "2020-09-10T15:18:41Z",
        "value": "0.999552148",
        "cumulative": false
    },
    {
        "date": "2020-09-10T15:19:01Z",
        "value": "1.000328712",
        "cumulative": false
    },
    {
        "date": "2020-09-10T15:19:20Z",
        "value": "0.999977452",
        "cumulative": false
    },
    {
        "date": "2020-09-10T15:19:36Z",
        "value": "0.999627568",
        "cumulative": false
    },
    {
        "date": "2020-09-10T15:19:47Z",
        "value": "0.99972184",
        "cumulative": false
    },
    {
        "date": "2020-09-10T15:20:06Z",
        "value": "1.000117113",
        "cumulative": false
    },
    {
        "date": "2020-09-10T15:20:16Z",
        "value": "0.9992004",
        "cumulative": false
    },
    {
        "date": "2020-09-10T15:20:31Z",
        "value": "0.999729505",
        "cumulative": false
    },
    {
        "date": "2020-09-10T15:20:43Z",
        "value": "1.00025138",
        "cumulative": false
    },
    {
        "date": "2020-09-10T15:20:54Z",
        "value": "0.999683593",
        "cumulative": false
    },
    {
        "date": "2020-09-10T15:21:12Z",
        "value": "0.999851595",
        "cumulative": false
    },
    {
        "date": "2020-09-10T15:21:28Z",
        "value": "0.999728798",
        "cumulative": false
    },
    {
        "date": "2020-09-10T15:21:44Z",
        "value": "1.000561783",
        "cumulative": false
    },
    {
        "date": "2020-09-10T15:22:01Z",
        "value": "0.999878227",
        "cumulative": false
    },
    {
        "date": "2020-09-10T15:22:18Z",
        "value": "0.999883908",
        "cumulative": false
    },
    {
        "date": "2020-09-10T15:22:30Z",
        "value": "0.999804627",
        "cumulative": false
    },
    {
        "date": "2020-09-10T15:22:46Z",
        "value": "0.999685119",
        "cumulative": false
    },
    {
        "date": "2020-09-10T15:22:56Z",
        "value": "0.999997031",
        "cumulative": false
    },
    {
        "date": "2020-09-10T15:23:06Z",
        "value": "0.999703197",
        "cumulative": false
    },
    {
        "date": "2020-09-10T15:23:17Z",
        "value": "1.000943079",
        "cumulative": false
    },
    {
        "date": "2020-09-10T15:23:35Z",
        "value": "0.999791888",
        "cumulative": false
    },
    {
        "date": "2020-09-10T15:23:46Z",
        "value": "0.999790482",
        "cumulative": false
    },
    {
        "date": "2020-09-10T15:24:04Z",
        "value": "0.999742965",
        "cumulative": false
    },
    {
        "date": "2020-09-10T15:24:16Z",
        "value": "0.99983407",
        "cumulative": false
    },
    {
        "date": "2020-09-10T15:24:31Z",
        "value": "0.999748606",
        "cumulative": false
    },
    {
        "date": "2020-09-10T15:24:45Z",
        "value": "0.999751454",
        "cumulative": false
    },
    {
        "date": "2020-09-10T15:25:01Z",
        "value": "1.000668837",
        "cumulative": false
    },
    {
        "date": "2020-09-10T15:25:19Z",
        "value": "0.999795711",
        "cumulative": false
    },
    {
        "date": "2020-09-10T15:25:33Z",
        "value": "0.99930052",
        "cumulative": false
    },
    {
        "date": "2020-09-10T15:25:45Z",
        "value": "0.999772859",
        "cumulative": false
    },
    {
        "date": "2020-09-10T15:26:01Z",
        "value": "0.999731336",
        "cumulative": false
    },
    {
        "date": "2020-09-10T15:26:15Z",
        "value": "0.999798609",
        "cumulative": false
    },
    {
        "date": "2020-09-10T15:26:32Z",
        "value": "0.999882906",
        "cumulative": false
    },
    {
        "date": "2020-09-10T15:26:45Z",
        "value": "0.999902989",
        "cumulative": false
    },
    {
        "date": "2020-09-10T15:26:57Z",
        "value": "0.99982471",
        "cumulative": false
    },
    {
        "date": "2020-09-10T15:27:10Z",
        "value": "1.000837299",
        "cumulative": false
    },
    {
        "date": "2020-09-10T15:27:28Z",
        "value": "0.999855082",
        "cumulative": false
    },
    {
        "date": "2020-09-10T15:27:41Z",
        "value": "0.999824112",
        "cumulative": false
    },
    {
        "date": "2020-09-10T15:27:56Z",
        "value": "0.999720678",
        "cumulative": false
    },
    {
        "date": "2020-09-10T15:28:06Z",
        "value": "0.999703765",
        "cumulative": false
    },
    {
        "date": "2020-09-10T15:28:22Z",
        "value": "0.999791766",
        "cumulative": false
    },
    {
        "date": "2020-09-10T15:28:35Z",
        "value": "0.999922874",
        "cumulative": false
    },
    {
        "date": "2020-09-10T15:28:45Z",
        "value": "0.999789605",
        "cumulative": false
    },
    {
        "date": "2020-09-10T15:29:02Z",
        "value": "0.999832936",
        "cumulative": false
    },
    {
        "date": "2020-09-10T15:29:21Z",
        "value": "0.999844356",
        "cumulative": false
    },
    {
        "date": "2020-09-10T15:29:40Z",
        "value": "0.999722238",
        "cumulative": false
    },
    {
        "date": "2020-09-10T15:29:56Z",
        "value": "1.000612568",
        "cumulative": false
    },
    {
        "date": "2020-09-10T15:30:10Z",
        "value": "0.999785781",
        "cumulative": false
    },
    {
        "date": "2020-09-10T15:30:21Z",
        "value": "0.999660578",
        "cumulative": false
    },
    {
        "date": "2020-09-10T15:30:40Z",
        "value": "0.999706748",
        "cumulative": false
    },
    {
        "date": "2020-09-10T15:30:54Z",
        "value": "0.999696592",
        "cumulative": false
    },
    {
        "date": "2020-09-10T15:31:14Z",
        "value": "0.999780573",
        "cumulative": false
    },
    {
        "date": "2020-09-10T15:31:28Z",
        "value": "0.999765526",
        "cumulative": false
    },
    {
        "date": "2020-09-10T15:31:43Z",
        "value": "0.999725998",
        "cumulative": false
    },
    {
        "date": "2020-09-10T15:31:57Z",
        "value": "0.999768375",
        "cumulative": false
    },
    {
        "date": "2020-09-10T15:32:14Z",
        "value": "0.999738507",
        "cumulative": false
    },
    {
        "date": "2020-09-10T15:32:29Z",
        "value": "0.99974591",
        "cumulative": false
    },
    {
        "date": "2020-09-10T15:32:39Z",
        "value": "0.999840578",
        "cumulative": false
    },
    {
        "date": "2020-09-10T15:32:49Z",
        "value": "0.999753544",
        "cumulative": false
    },
    {
        "date": "2020-09-10T15:33:07Z",
        "value": "0.999665018",
        "cumulative": false
    },
    {
        "date": "2020-09-10T15:33:20Z",
        "value": "0.999667781",
        "cumulative": false
    }
]