[
    {
        "date": "2020-09-10T15:16:16Z",
        "value": "0.015674869",
        "cumulative": false
    },
    {
        "date": "2020-09-10T15:16:29Z",
        "value": "0.334112744",
        "cumulative": false
    },
    {
        "date": "2020-09-10T15:16:47Z",
        "value": "1.029785967",
        "cumulative": false
    },
    {
        "date": "2020-09-10T15:17:04Z",
        "value": "1.001682025",
        "cumulative": false
    },
    {
        "date": "2020-09-10T15:17:20Z",
        "value": "1.000051042",
        "cumulative": false
    },
    {
        "date": "2020-09-10T15:17:35Z",
        "value": "1.000128633",
        "cumulative": false
    },
    {
        "date": "2020-09-10T15:17:50Z",
        "value": "1.000442932",
        "cumulative": false
    },
    {
        "date": "2020-09-10T15:18:05Z",
        "value": "1.000221522",
        "cumulative": false
    },
    {
        "date": "2020-09-10T15:18:24Z",
        "value": "1.000431611",
        "cumulative": false
    },
    {
        "date": "2020-09-10T15:18:34Z",
        "value": "0.999696333",
        "cumulative": false
    },
    {
        "date": "2020-09-10T15:18:52Z",
        "value": "1.000337819",
        "cumulative": false
    },
    {
        "date": "2020-09-10T15:19:09Z",
        "value": "0.999190792",
        "cumulative": false
    },
    {
        "date": "2020-09-10T15:19:27Z",
        "value": "1.000346114",
        "cumulative": false
    },
    {
        "date": "2020-09-10T15:19:43Z",
        "value": "0.99976319",
        "cumulative": false
    },
    {
        "date": "2020-09-10T15:19:59Z",
        "value": "1.000588695",
        "cumulative": false
    },
    {
        "date": "2020-09-10T15:20:15Z",
        "value": "0.99967549",
        "cumulative": false
    },
    {
        "date": "2020-09-10T15:20:27Z",
        "value": "0.999764172",
        "cumulative": false
    },
    {
        "date": "2020-09-10T15:20:44Z",
        "value": "0.999684103",
        "cumulative": false
    },
    {
        "date": "2020-09-10T15:20:58Z",
        "value": "0.999845739",
        "cumulative": false
    },
    {
        "date": "2020-09-10T15:21:11Z",
        "value": "0.999550994",
        "cumulative": false
    },
    {
        "date": "2020-09-10T15:21:24Z",
        "value": "0.999808117",
        "cumulative": false
    },
    {
        "date": "2020-09-10T15:21:39Z",
        "value": "0.999687367",
        "cumulative": false
    },
    {
        "date": "2020-09-10T15:21:58Z",
        "value": "1.000342623",
        "cumulative": false
    },
    {
        "date": "2020-09-10T15:22:17Z",
        "value": "0.999731132",
        "cumulative": false
    },
    {
        "date": "2020-09-10T15:22:34Z",
        "value": "0.99982938",
        "cumulative": false
    },
    {
        "date": "2020-09-10T15:22:46Z",
        "value": "0.99972993",
        "cumulative": false
    },
    {
        "date": "2020-09-10T15:22:59Z",
        "value": "0.999935415",
        "cumulative": false
    },
    {
        "date": "2020-09-10T15:23:14Z",
        "value": "1.000292427",
        "cumulative": false
    },
    {
        "date": "2020-09-10T15:23:31Z",
        "value": "0.999757876",
        "cumulative": false
    },
    {
        "date": "2020-09-10T15:23:51Z",
        "value": "0.999592049",
        "cumulative": false
    },
    {
        "date": "2020-09-10T15:24:10Z",
        "value": "0.999906847",
        "cumulative": false
    },
    {
        "date": "2020-09-10T15:24:22Z",
        "value": "0.99959035",
        "cumulative": false
    },
    {
        "date": "2020-09-10T15:24:37Z",
        "value": "0.999938638",
        "cumulative": false
    },
    {
        "date": "2020-09-10T15:24:49Z",
        "value": "0.999867603",
        "cumulative": false
    },
    {
        "date": "2020-09-10T15:25:01Z",
        "value": "1.000719293",
        "cumulative": false
    },
    {
        "date": "2020-09-10T15:25:15Z",
        "value": "0.999836887",
        "cumulative": false
    },
    {
        "date": "2020-09-10T15:25:29Z",
        "value": "0.999748493",
        "cumulative": false
    },
    {
        "date": "2020-09-10T15:25:40Z",
        "value": "0.999339057",
        "cumulative": false
    },
    {
        "date": "2020-09-10T15:25:58Z",
        "value": "0.999919951",
        "cumulative": false
    },
    {
        "date": "2020-09-10T15:26:15Z",
        "value": "0.999554972",
        "cumulative": false
    },
    {
        "date": "2020-09-10T15:26:34Z",
        "value": "0.999772138",
        "cumulative": false
    },
    {
        "date": "2020-09-10T15:26:53Z",
        "value": "0.999890879",
        "cumulative": false
    },
    {
        "date": "2020-09-10T15:27:04Z",
        "value": "0.999839655",
        "cumulative": false
    },
    {
        "date": "2020-09-10T15:27:17Z",
        "value": "1.000330161",
        "cumulative": false
    },
    {
        "date": "2020-09-10T15:27:36Z",
        "value": "0.999499767",
        "cumulative": false
    },
    {
        "date": "2020-09-10T15:27:53Z",
        "value": "0.999833114",
        "cumulative": false
    },
    {
        "date": "2020-09-10T15:28:12Z",
        "value": "0.999909778",
        "cumulative": false
    },
    {
        "date": "2020-09-10T15:28:31Z",
        "value": "0.999730465",
        "cumulative": false
    },
    {
        "date": "2020-09-10T15:28:42Z",
        "value": "1.000000305",
        "cumulative": false
    },
    {
        "date": "2020-09-10T15:28:58Z",
        "value": "0.99986702",
        "cumulative": false
    },
    {
        "date": "2020-09-10T15:29:08Z",
        "value": "0.999601141",
        "cumulative": false
    },
    {
        "date": "2020-09-10T15:29:28Z",
        "value": "0.999884833",
        "cumulative": false
    },
    {
        "date": "2020-09-10T15:29:40Z",
        "value": "0.99959692",
        "cumulative": false
    },
    {
        "date": "2020-09-10T15:29:51Z",
        "value": "0.999869886",
        "cumulative": false
    },
    {
        "date": "2020-09-10T15:30:02Z",
        "value": "1.001038183",
        "cumulative": false
    },
    {
        "date": "2020-09-10T15:30:13Z",
        "value": "0.999875947",
        "cumulative": false
    },
    {
        "date": "2020-09-10T15:30:31Z",
        "value": "0.999863139",
        "cumulative": false
    },
    {
        "date": "2020-09-10T15:30:44Z",
        "value": "0.999863659",
        "cumulative": false
    },
    {
        "date": "2020-09-10T15:31:03Z",
        "value": "0.999969528",
        "cumulative": false
    },
    {
        "date": "2020-09-10T15:31:19Z",
        "value": "0.999682826",
        "cumulative": false
    },
    {
        "date": "2020-09-10T15:31:37Z",
        "value": "0.999847053",
        "cumulative": false
    },
    {
        "date": "2020-09-10T15:31:51Z",
        "value": "0.999646777",
        "cumulative": false
    },
    {
        "date": "2020-09-10T15:32:04Z",
        "value": "0.999798896",
        "cumulative": false
    },
    {
        "date": "2020-09-10T15:32:19Z",
        "value": "0.999835378",
        "cumulative": false
    },
    {
        "date": "2020-09-10T15:32:31Z",
        "value": "0.999859521",
        "cumulative": false
    },
    {
        "date": "2020-09-10T15:32:43Z",
        "value": "0.999780803",
        "cumulative": false
    },
    {
        "date": "2020-09-10T15:33:00Z",
        "value": "0.999839457",
        "cumulative": false
    },
    {
        "date": "2020-09-10T15:33:14Z",
        "value": "0.999542326",
        "cumulative": false
    },
    {
        "date": "2020-09-10T15:33:30Z",
        "value": "0.475796989",
        "cumulative": false
    }
]