[
    {
        "date": "2020-09-10T15:16:19Z",
        "value": "0.010766455",
        "cumulative": false
    },
    {
        "date": "2020-09-10T15:16:32Z",
        "value": "0.57088152",
        "cumulative": false
    },
    {
        "date": "2020-09-10T15:16:46Z",
        "value": "1.033523605",
        "cumulative": false
    },
    {
        "date": "2020-09-10T15:17:00Z",
        "value": "1.003443592",
        "cumulative": false
    },
    {
        "date": "2020-09-10T15:17:12Z",
        "value": "1.000135814",
        "cumulative": false
    },
    {
        "date": "2020-09-10T15:17:29Z",
        "value": "1.000619643",
        "cumulative": false
    },
    {
        "date": "2020-09-10T15:17:44Z",
        "value": "1.000418204",
        "cumulative": false
    },
    {
        "date": "2020-09-10T15:18:02Z",
        "value": "0.999950041",
        "cumulative": false
    },
    {
        "date": "2020-09-10T15:18:20Z",
        "value": "1.000183594",
        "cumulative": false
    },
    {
        "date": "2020-09-10T15:18:33Z",
        "value": "0.999672138",
        "cumulative": false
    },
    {
        "date": "2020-09-10T15:18:47Z",
        "value": "1.000350402",
        "cumulative": false
    },
    {
        "date": "2020-09-10T15:19:05Z",
        "value": "0.999658385",
        "cumulative": false
    },
    {
        "date": "2020-09-10T15:19:22Z",
        "value": "0.999958784",
        "cumulative": false
    },
    {
        "date": "2020-09-10T15:19:39Z",
        "value": "0.999509999",
        "cumulative": false
    },
    {
        "date": "2020-09-10T15:19:55Z",
        "value": "1.000159793",
        "cumulative": false
    },
    {
        "date": "2020-09-10T15:20:09Z",
        "value": "0.999722405",
        "cumulative": false
    },
    {
        "date": "2020-09-10T15:20:24Z",
        "value": "0.999816938",
        "cumulative": false
    },
    {
        "date": "2020-09-10T15:20:41Z",
        "value": "1.000079277",
        "cumulative": false
    },
    {
        "date": "2020-09-10T15:20:55Z",
        "value": "0.999670249",
        "cumulative": false
    },
    {
        "date": "2020-09-10T15:21:07Z",
        "value": "0.999651744",
        "cumulative": false
    },
    {
        "date": "2020-09-10T15:21:24Z",
        "value": "0.99949369",
        "cumulative": false
    },
    {
        "date": "2020-09-10T15:21:41Z",
        "value": "0.998989256",
        "cumulative": false
    },
    {
        "date": "2020-09-10T15:21:55Z",
        "value": "0.99982672",
        "cumulative": false
    },
    {
        "date": "2020-09-10T15:22:05Z",
        "value": "0.99927372",
        "cumulative": false
    },
    {
        "date": "2020-09-10T15:22:16Z",
        "value": "0.999783979",
        "cumulative": false
    },
    {
        "date": "2020-09-10T15:22:33Z",
        "value": "0.999773969",
        "cumulative": false
    },
    {
        "date": "2020-09-10T15:22:48Z",
        "value": "0.999766157",
        "cumulative": false
    },
    {
        "date": "2020-09-10T15:23:02Z",
        "value": "0.999758537",
        "cumulative": false
    },
    {
        "date": "2020-09-10T15:23:19Z",
        "value": "0.999905244",
        "cumulative": false
    },
    {
        "date": "2020-09-10T15:23:36Z",
        "value": "0.999431677",
        "cumulative": false
    },
    {
        "date": "2020-09-10T15:23:46Z",
        "value": "0.999451185",
        "cumulative": false
    },
    {
        "date": "2020-09-10T15:24:03Z",
        "value": "0.999240831",
        "cumulative": false
    },
    {
        "date": "2020-09-10T15:24:14Z",
        "value": "0.999623397",
        "cumulative": false
    },
    {
        "date": "2020-09-10T15:24:32Z",
        "value": "0.99937409",
        "cumulative": false
    },
    {
        "date": "2020-09-10T15:24:42Z",
        "value": "0.999563421",
        "cumulative": false
    },
    {
        "date": "2020-09-10T15:24:52Z",
        "value": "0.999476066",
        "cumulative": false
    },
    {
        "date": "2020-09-10T15:25:10Z",
        "value": "1.000099523",
        "cumulative": false
    },
    {
        "date": "2020-09-10T15:25:28Z",
        "value": "0.999735207",
        "cumulative": false
    },
    {
        "date": "2020-09-10T15:25:40Z",
        "value": "0.999805467",
        "cumulative": false
    },
    {
        "date": "2020-09-10T15:25:51Z",
        "value": "0.999833249",
        "cumulative": false
    },
    {
        "date": "2020-09-10T15:26:08Z",
        "value": "0.999060803",
        "cumulative": false
    },
    {
        "date": "2020-09-10T15:26:25Z",
        "value": "0.999817724",
        "cumulative": false
    },
    {
        "date": "2020-09-10T15:26:38Z",
        "value": "0.999857363",
        "cumulative": false
    },
    {
        "date": "2020-09-10T15:26:50Z",
        "value": "0.999824159",
        "cumulative": false
    },
    {
        "date": "2020-09-10T15:27:02Z",
        "value": "0.999894414",
        "cumulative": false
    },
    {
        "date": "2020-09-10T15:27:15Z",
        "value": "1.00048673",
        "cumulative": false
    },
    {
        "date": "2020-09-10T15:27:34Z",
        "value": "0.999857911",
        "cumulative": false
    },
    {
        "date": "2020-09-10T15:27:53Z",
        "value": "0.99987601",
        "cumulative": false
    },
    {
        "date": "2020-09-10T15:28:11Z",
        "value": "0.999752654",
        "cumulative": false
    },
    {
        "date": "2020-09-10T15:28:29Z",
        "value": "0.999802873",
        "cumulative": false
    },
    {
        "date": "2020-09-10T15:28:46Z",
        "value": "0.999732164",
        "cumulative": false
    },
    {
        "date": "2020-09-10T15:28:56Z",
        "value": "0.999436507",
        "cumulative": false
    },
    {
        "date": "2020-09-10T15:29:14Z",
        "value": "0.999789658",
        "cumulative": false
    },
    {
        "date": "2020-09-10T15:29:27Z",
        "value": "0.999361002",
        "cumulative": false
    },
    {
        "date": "2020-09-10T15:29:43Z",
        "value": "0.999824035",
        "cumulative": false
    },
    {
        "date": "2020-09-10T15:29:59Z",
        "value": "1.000317951",
        "cumulative": false
    },
    {
        "date": "2020-09-10T15:30:15Z",
        "value": "0.99956489",
        "cumulative": false
    },
    {
        "date": "2020-09-10T15:30:29Z",
        "value": "0.999683241",
        "cumulative": false
    },
    {
        "date": "2020-09-10T15:30:40Z",
        "value": "0.99951179",
        "cumulative": false
    },
    {
        "date": "2020-09-10T15:30:57Z",
        "value": "0.999603534",
        "cumulative": false
    },
    {
        "date": "2020-09-10T15:31:12Z",
        "value": "0.999466211",
        "cumulative": false
    },
    {
        "date": "2020-09-10T15:31:23Z",
        "value": "0.998889042",
        "cumulative": false
    },
    {
        "date": "2020-09-10T15:31:34Z",
        "value": "0.999403755",
        "cumulative": false
    },
    {
        "date": "2020-09-10T15:31:49Z",
        "value": "0.999811263",
        "cumulative": false
    },
    {
        "date": "2020-09-10T15:32:08Z",
        "value": "0.999783348",
        "cumulative": false
    },
    {
        "date": "2020-09-10T15:32:27Z",
        "value": "0.999777898",
        "cumulative": false
    },
    {
        "date": "2020-09-10T15:32:42Z",
        "value": "0.999769744",
        "cumulative": false
    },
    {
        "date": "2020-09-10T15:33:02Z",
        "value": "0.999824571",
        "cumulative": false
    },
    {
        "date": "2020-09-10T15:33:14Z",
        "value": "0.99970836",
        "cumulative": false
    },
    {
        "date": "2020-09-10T15:33:30Z",
        "value": "0.491844099",
        "cumulative": false
    }
]