[
    {
        "date": "2020-09-10T15:15:53Z",
        "value": "0.0009593963623046875",
        "cumulative": true
    },
    {
        "date": "2020-09-10T15:16:22Z",
        "value": "0.0009593963623046875",
        "cumulative": true
    },
    {
        "date": "2020-09-10T15:16:37Z",
        "value": "957.6248769760132",
        "cumulative": true
    },
    {
        "date": "2020-09-10T15:16:50Z",
        "value": "4701.938002586365",
        "cumulative": true
    },
    {
        "date": "2020-09-10T15:17:00Z",
        "value": "8157.0242557525635",
        "cumulative": true
    },
    {
        "date": "2020-09-10T15:17:11Z",
        "value": "11543.97681236267",
        "cumulative": true
    },
    {
        "date": "2020-09-10T15:17:30Z",
        "value": "17464.14775943756",
        "cumulative": true
    },
    {
        "date": "2020-09-10T15:17:47Z",
        "value": "22548.07123184204",
        "cumulative": true
    },
    {
        "date": "2020-09-10T15:17:58Z",
        "value": "25555.241946220398",
        "cumulative": true
    },
    {
        "date": "2020-09-10T15:18:13Z",
        "value": "29843.00321674347",
        "cumulative": true
    },
    {
        "date": "2020-09-10T15:18:28Z",
        "value": "34511.33215236664",
        "cumulative": true
    },
    {
        "date": "2020-09-10T15:18:43Z",
        "value": "39276.470244407654",
        "cumulative": true
    },
    {
        "date": "2020-09-10T15:19:00Z",
        "value": "44787.376359939575",
        "cumulative": true
    },
    {
        "date": "2020-09-10T15:19:13Z",
        "value": "49252.44666671753",
        "cumulative": true
    },
    {
        "date": "2020-09-10T15:19:25Z",
        "value": "53533.83691215515",
        "cumulative": true
    },
    {
        "date": "2020-09-10T15:19:42Z",
        "value": "59274.75350189209",
        "cumulative": true
    },
    {
        "date": "2020-09-10T15:20:00Z",
        "value": "65668.53920173645",
        "cumulative": true
    },
    {
        "date": "2020-09-10T15:20:17Z",
        "value": "71799.03453063965",
        "cumulative": true
    },
    {
        "date": "2020-09-10T15:20:29Z",
        "value": "76260.57155609131",
        "cumulative": true
    },
    {
        "date": "2020-09-10T15:20:46Z",
        "value": "81674.07315731049",
        "cumulative": true
    },
    {
        "date": "2020-09-10T15:21:02Z",
        "value": "86561.88611125946",
        "cumulative": true
    },
    {
        "date": "2020-09-10T15:21:21Z",
        "value": "92834.51744747162",
        "cumulative": true
    },
    {
        "date": "2020-09-10T15:21:40Z",
        "value": "99465.65122318268",
        "cumulative": true
    },
    {
        "date": "2020-09-10T15:21:51Z",
        "value": "103160.46324443817",
        "cumulative": true
    },
    {
        "date": "2020-09-10T15:22:07Z",
        "value": "107942.55127429962",
        "cumulative": true
    },
    {
        "date": "2020-09-10T15:22:21Z",
        "value": "112262.01789951324",
        "cumulative": true
    },
    {
        "date": "2020-09-10T15:22:40Z",
        "value": "118007.03436756134",
        "cumulative": true
    },
    {
        "date": "2020-09-10T15:22:59Z",
        "value": "123810.73430347443",
        "cumulative": true
    },
    {
        "date": "2020-09-10T15:23:17Z",
        "value": "129725.90537834167",
        "cumulative": true
    },
    {
        "date": "2020-09-10T15:23:34Z",
        "value": "134870.84128189087",
        "cumulative": true
    },
    {
        "date": "2020-09-10T15:23:54Z",
        "value": "140962.77222824097",
        "cumulative": true
    },
    {
        "date": "2020-09-10T15:24:05Z",
        "value": "144287.24269866943",
        "cumulative": true
    },
    {
        "date": "2020-09-10T15:24:17Z",
        "value": "148301.09581375122",
        "cumulative": true
    },
    {
        "date": "2020-09-10T15:24:34Z",
        "value": "153599.3699607849",
        "cumulative": true
    },
    {
        "date": "2020-09-10T15:24:47Z",
        "value": "157563.15662002563",
        "cumulative": true
    },
    {
        "date": "2020-09-10T15:25:07Z",
        "value": "163808.56557941437",
        "cumulative": true
    },
    {
        "date": "2020-09-10T15:25:19Z",
        "value": "167457.7839975357",
        "cumulative": true
    },
    {
        "date": "2020-09-10T15:25:29Z",
        "value": "170835.69196605682",
        "cumulative": true
    },
    {
        "date": "2020-09-10T15:25:40Z",
        "value": "174309.479804039",
        "cumulative": true
    },
    {
        "date": "2020-09-10T15:25:53Z",
        "value": "178410.76542377472",
        "cumulative": true
    },
    {
        "date": "2020-09-10T15:26:05Z",
        "value": "182198.0947561264",
        "cumulative": true
    },
    {
        "date": "2020-09-10T15:26:23Z",
        "value": "187698.3370962143",
        "cumulative": true
    },
    {
        "date": "2020-09-10T15:26:37Z",
        "value": "192327.29237270355",
        "cumulative": true
    },
    {
        "date": "2020-09-10T15:26:49Z",
        "value": "196112.7729730606",
        "cumulative": true
    },
    {
        "date": "2020-09-10T15:27:04Z",
        "value": "200728.0986776352",
        "cumulative": true
    },
    {
        "date": "2020-09-10T15:27:16Z",
        "value": "204422.2828426361",
        "cumulative": true
    },
    {
        "date": "2020-09-10T15:27:28Z",
        "value": "208250.77718925476",
        "cumulative": true
    },
    {
        "date": "2020-09-10T15:27:42Z",
        "value": "213027.5306854248",
        "cumulative": true
    },
    {
        "date": "2020-09-10T15:27:59Z",
        "value": "218352.20959091187",
        "cumulative": true
    },
    {
        "date": "2020-09-10T15:28:17Z",
        "value": "224372.3721370697",
        "cumulative": true
    },
    {
        "date": "2020-09-10T15:28:28Z",
        "value": "227926.33554840088",
        "cumulative": true
    },
    {
        "date": "2020-09-10T15:28:47Z",
        "value": "234012.06819915771",
        "cumulative": true
    },
    {
        "date": "2020-09-10T15:29:05Z",
        "value": "239872.87528419495",
        "cumulative": true
    },
    {
        "date": "2020-09-10T15:29:19Z",
        "value": "244439.3636417389",
        "cumulative": true
    },
    {
        "date": "2020-09-10T15:29:36Z",
        "value": "250167.6195011139",
        "cumulative": true
    },
    {
        "date": "2020-09-10T15:29:56Z",
        "value": "256306.87581920624",
        "cumulative": true
    },
    {
        "date": "2020-09-10T15:30:10Z",
        "value": "260836.1063489914",
        "cumulative": true
    },
    {
        "date": "2020-09-10T15:30:24Z",
        "value": "265724.61239528656",
        "cumulative": true
    },
    {
        "date": "2020-09-10T15:30:38Z",
        "value": "270410.2230062485",
        "cumulative": true
    },
    {
        "date": "2020-09-10T15:30:57Z",
        "value": "276462.33839321136",
        "cumulative": true
    },
    {
        "date": "2020-09-10T15:31:10Z",
        "value": "280484.44260692596",
        "cumulative": true
    },
    {
        "date": "2020-09-10T15:31:29Z",
        "value": "287033.20568180084",
        "cumulative": true
    },
    {
        "date": "2020-09-10T15:31:42Z",
        "value": "290893.12774562836",
        "cumulative": true
    },
    {
        "date": "2020-09-10T15:32:01Z",
        "value": "297136.3563566208",
        "cumulative": true
    },
    {
        "date": "2020-09-10T15:32:21Z",
        "value": "303000.53151226044",
        "cumulative": true
    },
    {
        "date": "2020-09-10T15:32:39Z",
        "value": "308923.27248096466",
        "cumulative": true
    },
    {
        "date": "2020-09-10T15:32:53Z",
        "value": "313376.3663854599",
        "cumulative": true
    },
    {
        "date": "2020-09-10T15:33:11Z",
        "value": "319477.97187519073",
        "cumulative": true
    },
    {
        "date": "2020-09-10T15:33:22Z",
        "value": "322756.21706676483",
        "cumulative": true
    }
]