[
    {
        "date": "2020-09-10T15:16:05Z",
        "value": "0.0009593963623046875",
        "cumulative": true
    },
    {
        "date": "2020-09-10T15:16:18Z",
        "value": "0.0009593963623046875",
        "cumulative": true
    },
    {
        "date": "2020-09-10T15:16:46Z",
        "value": "3510.0740213394165",
        "cumulative": true
    },
    {
        "date": "2020-09-10T15:16:58Z",
        "value": "7520.307676315308",
        "cumulative": true
    },
    {
        "date": "2020-09-10T15:17:11Z",
        "value": "11657.814973831177",
        "cumulative": true
    },
    {
        "date": "2020-09-10T15:17:22Z",
        "value": "14925.747448921204",
        "cumulative": true
    },
    {
        "date": "2020-09-10T15:17:38Z",
        "value": "19927.457285881042",
        "cumulative": true
    },
    {
        "date": "2020-09-10T15:17:55Z",
        "value": "24911.979082107544",
        "cumulative": true
    },
    {
        "date": "2020-09-10T15:18:15Z",
        "value": "30539.123794555664",
        "cumulative": true
    },
    {
        "date": "2020-09-10T15:18:26Z",
        "value": "33761.360637664795",
        "cumulative": true
    },
    {
        "date": "2020-09-10T15:18:44Z",
        "value": "39435.1557636261",
        "cumulative": true
    },
    {
        "date": "2020-09-10T15:18:58Z",
        "value": "43949.87547683716",
        "cumulative": true
    },
    {
        "date": "2020-09-10T15:19:17Z",
        "value": "50726.26362800598",
        "cumulative": true
    },
    {
        "date": "2020-09-10T15:19:35Z",
        "value": "56824.44718170166",
        "cumulative": true
    },
    {
        "date": "2020-09-10T15:19:53Z",
        "value": "63143.654504776",
        "cumulative": true
    },
    {
        "date": "2020-09-10T15:20:07Z",
        "value": "67994.63280296326",
        "cumulative": true
    },
    {
        "date": "2020-09-10T15:20:24Z",
        "value": "74383.21973609924",
        "cumulative": true
    },
    {
        "date": "2020-09-10T15:20:41Z",
        "value": "79927.32468509674",
        "cumulative": true
    },
    {
        "date": "2020-09-10T15:20:52Z",
        "value": "83489.05816745758",
        "cumulative": true
    },
    {
        "date": "2020-09-10T15:21:07Z",
        "value": "87943.86933994293",
        "cumulative": true
    },
    {
        "date": "2020-09-10T15:21:27Z",
        "value": "94790.942070961",
        "cumulative": true
    },
    {
        "date": "2020-09-10T15:21:41Z",
        "value": "100015.77777004242",
        "cumulative": true
    },
    {
        "date": "2020-09-10T15:21:55Z",
        "value": "104397.65923404694",
        "cumulative": true
    },
    {
        "date": "2020-09-10T15:22:15Z",
        "value": "110216.75311756134",
        "cumulative": true
    },
    {
        "date": "2020-09-10T15:22:32Z",
        "value": "115240.92304897308",
        "cumulative": true
    },
    {
        "date": "2020-09-10T15:22:44Z",
        "value": "118942.64354991913",
        "cumulative": true
    },
    {
        "date": "2020-09-10T15:22:58Z",
        "value": "123274.45847415924",
        "cumulative": true
    },
    {
        "date": "2020-09-10T15:23:12Z",
        "value": "128210.7987575531",
        "cumulative": true
    },
    {
        "date": "2020-09-10T15:23:25Z",
        "value": "131882.98851394653",
        "cumulative": true
    },
    {
        "date": "2020-09-10T15:23:44Z",
        "value": "137803.9326915741",
        "cumulative": true
    },
    {
        "date": "2020-09-10T15:24:00Z",
        "value": "142869.75174331665",
        "cumulative": true
    },
    {
        "date": "2020-09-10T15:24:13Z",
        "value": "146917.11499404907",
        "cumulative": true
    },
    {
        "date": "2020-09-10T15:24:25Z",
        "value": "150905.96444129944",
        "cumulative": true
    },
    {
        "date": "2020-09-10T15:24:40Z",
        "value": "155565.27325820923",
        "cumulative": true
    },
    {
        "date": "2020-09-10T15:24:57Z",
        "value": "160645.6049489975",
        "cumulative": true
    },
    {
        "date": "2020-09-10T15:25:07Z",
        "value": "163948.92402744293",
        "cumulative": true
    },
    {
        "date": "2020-09-10T15:25:22Z",
        "value": "168635.86095142365",
        "cumulative": true
    },
    {
        "date": "2020-09-10T15:25:39Z",
        "value": "173983.08511447906",
        "cumulative": true
    },
    {
        "date": "2020-09-10T15:25:55Z",
        "value": "178886.65643024445",
        "cumulative": true
    },
    {
        "date": "2020-09-10T15:26:14Z",
        "value": "185034.8290090561",
        "cumulative": true
    },
    {
        "date": "2020-09-10T15:26:31Z",
        "value": "190444.45309352875",
        "cumulative": true
    },
    {
        "date": "2020-09-10T15:26:49Z",
        "value": "195986.96425914764",
        "cumulative": true
    },
    {
        "date": "2020-09-10T15:27:01Z",
        "value": "199783.96052455902",
        "cumulative": true
    },
    {
        "date": "2020-09-10T15:27:19Z",
        "value": "205310.82502746582",
        "cumulative": true
    },
    {
        "date": "2020-09-10T15:27:29Z",
        "value": "208652.5823059082",
        "cumulative": true
    },
    {
        "date": "2020-09-10T15:27:43Z",
        "value": "213129.60292434692",
        "cumulative": true
    },
    {
        "date": "2020-09-10T15:28:03Z",
        "value": "219549.00813484192",
        "cumulative": true
    },
    {
        "date": "2020-09-10T15:28:22Z",
        "value": "225864.65249443054",
        "cumulative": true
    },
    {
        "date": "2020-09-10T15:28:39Z",
        "value": "231339.01592445374",
        "cumulative": true
    },
    {
        "date": "2020-09-10T15:28:55Z",
        "value": "236465.8213672638",
        "cumulative": true
    },
    {
        "date": "2020-09-10T15:29:08Z",
        "value": "241047.26857566833",
        "cumulative": true
    },
    {
        "date": "2020-09-10T15:29:19Z",
        "value": "244308.47485923767",
        "cumulative": true
    },
    {
        "date": "2020-09-10T15:29:32Z",
        "value": "248566.5345478058",
        "cumulative": true
    },
    {
        "date": "2020-09-10T15:29:43Z",
        "value": "252187.73436546326",
        "cumulative": true
    },
    {
        "date": "2020-09-10T15:29:53Z",
        "value": "255478.12603473663",
        "cumulative": true
    },
    {
        "date": "2020-09-10T15:30:12Z",
        "value": "261512.74304676056",
        "cumulative": true
    },
    {
        "date": "2020-09-10T15:30:27Z",
        "value": "266226.352850914",
        "cumulative": true
    },
    {
        "date": "2020-09-10T15:30:39Z",
        "value": "270453.21034908295",
        "cumulative": true
    },
    {
        "date": "2020-09-10T15:30:56Z",
        "value": "276282.97212696075",
        "cumulative": true
    },
    {
        "date": "2020-09-10T15:31:11Z",
        "value": "280994.6528978348",
        "cumulative": true
    },
    {
        "date": "2020-09-10T15:31:24Z",
        "value": "285019.5024213791",
        "cumulative": true
    },
    {
        "date": "2020-09-10T15:31:42Z",
        "value": "290741.650683403",
        "cumulative": true
    },
    {
        "date": "2020-09-10T15:31:57Z",
        "value": "295432.4346189499",
        "cumulative": true
    },
    {
        "date": "2020-09-10T15:32:09Z",
        "value": "299297.0658521652",
        "cumulative": true
    },
    {
        "date": "2020-09-10T15:32:23Z",
        "value": "303826.8721151352",
        "cumulative": true
    },
    {
        "date": "2020-09-10T15:32:38Z",
        "value": "308528.2077989578",
        "cumulative": true
    },
    {
        "date": "2020-09-10T15:32:53Z",
        "value": "313527.301074028",
        "cumulative": true
    },
    {
        "date": "2020-09-10T15:33:11Z",
        "value": "319279.7773923874",
        "cumulative": true
    },
    {
        "date": "2020-09-10T15:33:28Z",
        "value": "322641.9439878464",
        "cumulative": true
    }
]