[
    {
        "date": "2020-09-10T15:16:07Z",
        "value": "1.81640625",
        "cumulative": false
    },
    {
        "date": "2020-09-10T15:16:27Z",
        "value": "129.66015625",
        "cumulative": false
    },
    {
        "date": "2020-09-10T15:16:41Z",
        "value": "140.1328125",
        "cumulative": false
    },
    {
        "date": "2020-09-10T15:16:55Z",
        "value": "160.56640625",
        "cumulative": false
    },
    {
        "date": "2020-09-10T15:17:08Z",
        "value": "162.91015625",
        "cumulative": false
    },
    {
        "date": "2020-09-10T15:17:20Z",
        "value": "189.0078125",
        "cumulative": false
    },
    {
        "date": "2020-09-10T15:17:34Z",
        "value": "203.54296875",
        "cumulative": false
    },
    {
        "date": "2020-09-10T15:17:45Z",
        "value": "221.890625",
        "cumulative": false
    },
    {
        "date": "2020-09-10T15:17:55Z",
        "value": "170.9375",
        "cumulative": false
    },
    {
        "date": "2020-09-10T15:18:10Z",
        "value": "171.05859375",
        "cumulative": false
    },
    {
        "date": "2020-09-10T15:18:26Z",
        "value": "180.68359375",
        "cumulative": false
    },
    {
        "date": "2020-09-10T15:18:42Z",
        "value": "210.43359375",
        "cumulative": false
    },
    {
        "date": "2020-09-10T15:18:52Z",
        "value": "210.8671875",
        "cumulative": false
    },
    {
        "date": "2020-09-10T15:19:11Z",
        "value": "193.05859375",
        "cumulative": false
    },
    {
        "date": "2020-09-10T15:19:22Z",
        "value": "245.6875",
        "cumulative": false
    },
    {
        "date": "2020-09-10T15:19:41Z",
        "value": "279.16015625",
        "cumulative": false
    },
    {
        "date": "2020-09-10T15:19:53Z",
        "value": "176.93359375",
        "cumulative": false
    },
    {
        "date": "2020-09-10T15:20:05Z",
        "value": "244.03125",
        "cumulative": false
    },
    {
        "date": "2020-09-10T15:20:17Z",
        "value": "262.40625",
        "cumulative": false
    },
    {
        "date": "2020-09-10T15:20:30Z",
        "value": "313.28125",
        "cumulative": false
    },
    {
        "date": "2020-09-10T15:20:49Z",
        "value": "305.3046875",
        "cumulative": false
    },
    {
        "date": "2020-09-10T15:21:08Z",
        "value": "252.9609375",
        "cumulative": false
    },
    {
        "date": "2020-09-10T15:21:24Z",
        "value": "252.9375",
        "cumulative": false
    },
    {
        "date": "2020-09-10T15:21:35Z",
        "value": "252.9296875",
        "cumulative": false
    },
    {
        "date": "2020-09-10T15:21:46Z",
        "value": "303.1640625",
        "cumulative": false
    },
    {
        "date": "2020-09-10T15:22:03Z",
        "value": "341.6640625",
        "cumulative": false
    },
    {
        "date": "2020-09-10T15:22:21Z",
        "value": "344.09375",
        "cumulative": false
    },
    {
        "date": "2020-09-10T15:22:37Z",
        "value": "323.56640625",
        "cumulative": false
    },
    {
        "date": "2020-09-10T15:22:55Z",
        "value": "406.96875",
        "cumulative": false
    },
    {
        "date": "2020-09-10T15:23:08Z",
        "value": "284.31640625",
        "cumulative": false
    },
    {
        "date": "2020-09-10T15:23:21Z",
        "value": "323.7109375",
        "cumulative": false
    },
    {
        "date": "2020-09-10T15:23:37Z",
        "value": "415.8359375",
        "cumulative": false
    },
    {
        "date": "2020-09-10T15:23:55Z",
        "value": "323.70703125",
        "cumulative": false
    },
    {
        "date": "2020-09-10T15:24:13Z",
        "value": "323.7109375",
        "cumulative": false
    },
    {
        "date": "2020-09-10T15:24:26Z",
        "value": "323.78125",
        "cumulative": false
    },
    {
        "date": "2020-09-10T15:24:36Z",
        "value": "479.4609375",
        "cumulative": false
    },
    {
        "date": "2020-09-10T15:24:51Z",
        "value": "510.8359375",
        "cumulative": false
    },
    {
        "date": "2020-09-10T15:25:08Z",
        "value": "373.58203125",
        "cumulative": false
    },
    {
        "date": "2020-09-10T15:25:18Z",
        "value": "434.578125",
        "cumulative": false
    },
    {
        "date": "2020-09-10T15:25:34Z",
        "value": "373.578125",
        "cumulative": false
    },
    {
        "date": "2020-09-10T15:25:47Z",
        "value": "373.6953125",
        "cumulative": false
    },
    {
        "date": "2020-09-10T15:26:00Z",
        "value": "460.58203125",
        "cumulative": false
    },
    {
        "date": "2020-09-10T15:26:11Z",
        "value": "373.578125",
        "cumulative": false
    },
    {
        "date": "2020-09-10T15:26:27Z",
        "value": "373.6953125",
        "cumulative": false
    },
    {
        "date": "2020-09-10T15:26:38Z",
        "value": "373.578125",
        "cumulative": false
    },
    {
        "date": "2020-09-10T15:26:51Z",
        "value": "373.578125",
        "cumulative": false
    },
    {
        "date": "2020-09-10T15:27:01Z",
        "value": "373.578125",
        "cumulative": false
    },
    {
        "date": "2020-09-10T15:27:19Z",
        "value": "590.546875",
        "cumulative": false
    },
    {
        "date": "2020-09-10T15:27:33Z",
        "value": "436.54296875",
        "cumulative": false
    },
    {
        "date": "2020-09-10T15:27:50Z",
        "value": "436.54296875",
        "cumulative": false
    },
    {
        "date": "2020-09-10T15:28:06Z",
        "value": "436.54296875",
        "cumulative": false
    },
    {
        "date": "2020-09-10T15:28:19Z",
        "value": "436.54296875",
        "cumulative": false
    },
    {
        "date": "2020-09-10T15:28:31Z",
        "value": "466.796875",
        "cumulative": false
    },
    {
        "date": "2020-09-10T15:28:45Z",
        "value": "436.54296875",
        "cumulative": false
    },
    {
        "date": "2020-09-10T15:29:05Z",
        "value": "436.54296875",
        "cumulative": false
    },
    {
        "date": "2020-09-10T15:29:20Z",
        "value": "574.296875",
        "cumulative": false
    },
    {
        "date": "2020-09-10T15:29:34Z",
        "value": "436.5703125",
        "cumulative": false
    },
    {
        "date": "2020-09-10T15:29:51Z",
        "value": "436.54296875",
        "cumulative": false
    },
    {
        "date": "2020-09-10T15:30:11Z",
        "value": "866.16796875",
        "cumulative": false
    },
    {
        "date": "2020-09-10T15:30:30Z",
        "value": "516.04296875",
        "cumulative": false
    },
    {
        "date": "2020-09-10T15:30:47Z",
        "value": "516.0703125",
        "cumulative": false
    },
    {
        "date": "2020-09-10T15:31:01Z",
        "value": "654.66015625",
        "cumulative": false
    },
    {
        "date": "2020-09-10T15:31:16Z",
        "value": "516.03515625",
        "cumulative": false
    },
    {
        "date": "2020-09-10T15:31:34Z",
        "value": "516.0703125",
        "cumulative": false
    },
    {
        "date": "2020-09-10T15:31:45Z",
        "value": "516.0703125",
        "cumulative": false
    },
    {
        "date": "2020-09-10T15:32:00Z",
        "value": "516.0703125",
        "cumulative": false
    },
    {
        "date": "2020-09-10T15:32:17Z",
        "value": "516.03515625",
        "cumulative": false
    },
    {
        "date": "2020-09-10T15:32:35Z",
        "value": "516.04296875",
        "cumulative": false
    },
    {
        "date": "2020-09-10T15:32:49Z",
        "value": "516.03515625",
        "cumulative": false
    },
    {
        "date": "2020-09-10T15:33:07Z",
        "value": "516.04296875",
        "cumulative": false
    },
    {
        "date": "2020-09-10T15:33:20Z",
        "value": "516.04296875",
        "cumulative": false
    }
]