[
    {
        "date": "2020-09-10T15:15:57Z",
        "value": "1.8046875",
        "cumulative": false
    },
    {
        "date": "2020-09-10T15:16:13Z",
        "value": "3.11328125",
        "cumulative": false
    },
    {
        "date": "2020-09-10T15:16:30Z",
        "value": "130.8359375",
        "cumulative": false
    },
    {
        "date": "2020-09-10T15:16:50Z",
        "value": "149.4140625",
        "cumulative": false
    },
    {
        "date": "2020-09-10T15:17:01Z",
        "value": "168.33203125",
        "cumulative": false
    },
    {
        "date": "2020-09-10T15:17:15Z",
        "value": "188.95703125",
        "cumulative": false
    },
    {
        "date": "2020-09-10T15:17:31Z",
        "value": "203.484375",
        "cumulative": false
    },
    {
        "date": "2020-09-10T15:17:44Z",
        "value": "221.83203125",
        "cumulative": false
    },
    {
        "date": "2020-09-10T15:17:58Z",
        "value": "170.875",
        "cumulative": false
    },
    {
        "date": "2020-09-10T15:18:10Z",
        "value": "183.24609375",
        "cumulative": false
    },
    {
        "date": "2020-09-10T15:18:29Z",
        "value": "212.0",
        "cumulative": false
    },
    {
        "date": "2020-09-10T15:18:41Z",
        "value": "180.625",
        "cumulative": false
    },
    {
        "date": "2020-09-10T15:19:01Z",
        "value": "241.875",
        "cumulative": false
    },
    {
        "date": "2020-09-10T15:19:20Z",
        "value": "243.65625",
        "cumulative": false
    },
    {
        "date": "2020-09-10T15:19:36Z",
        "value": "208.53125",
        "cumulative": false
    },
    {
        "date": "2020-09-10T15:19:47Z",
        "value": "231.12890625",
        "cumulative": false
    },
    {
        "date": "2020-09-10T15:20:06Z",
        "value": "279.9140625",
        "cumulative": false
    },
    {
        "date": "2020-09-10T15:20:16Z",
        "value": "253.5390625",
        "cumulative": false
    },
    {
        "date": "2020-09-10T15:20:31Z",
        "value": "249.3828125",
        "cumulative": false
    },
    {
        "date": "2020-09-10T15:20:43Z",
        "value": "333.7578125",
        "cumulative": false
    },
    {
        "date": "2020-09-10T15:20:54Z",
        "value": "252.8828125",
        "cumulative": false
    },
    {
        "date": "2020-09-10T15:21:12Z",
        "value": "252.875",
        "cumulative": false
    },
    {
        "date": "2020-09-10T15:21:28Z",
        "value": "265.1328125",
        "cumulative": false
    },
    {
        "date": "2020-09-10T15:21:44Z",
        "value": "284.26171875",
        "cumulative": false
    },
    {
        "date": "2020-09-10T15:22:01Z",
        "value": "284.26171875",
        "cumulative": false
    },
    {
        "date": "2020-09-10T15:22:18Z",
        "value": "284.26171875",
        "cumulative": false
    },
    {
        "date": "2020-09-10T15:22:30Z",
        "value": "284.26171875",
        "cumulative": false
    },
    {
        "date": "2020-09-10T15:22:46Z",
        "value": "284.26171875",
        "cumulative": false
    },
    {
        "date": "2020-09-10T15:22:56Z",
        "value": "318.2890625",
        "cumulative": false
    },
    {
        "date": "2020-09-10T15:23:06Z",
        "value": "284.1640625",
        "cumulative": false
    },
    {
        "date": "2020-09-10T15:23:17Z",
        "value": "504.78125",
        "cumulative": false
    },
    {
        "date": "2020-09-10T15:23:35Z",
        "value": "435.03125",
        "cumulative": false
    },
    {
        "date": "2020-09-10T15:23:46Z",
        "value": "323.76171875",
        "cumulative": false
    },
    {
        "date": "2020-09-10T15:24:04Z",
        "value": "323.76171875",
        "cumulative": false
    },
    {
        "date": "2020-09-10T15:24:16Z",
        "value": "455.40234375",
        "cumulative": false
    },
    {
        "date": "2020-09-10T15:24:31Z",
        "value": "423.90234375",
        "cumulative": false
    },
    {
        "date": "2020-09-10T15:24:45Z",
        "value": "379.40625",
        "cumulative": false
    },
    {
        "date": "2020-09-10T15:25:01Z",
        "value": "412.51953125",
        "cumulative": false
    },
    {
        "date": "2020-09-10T15:25:19Z",
        "value": "373.63671875",
        "cumulative": false
    },
    {
        "date": "2020-09-10T15:25:33Z",
        "value": "458.65234375",
        "cumulative": false
    },
    {
        "date": "2020-09-10T15:25:45Z",
        "value": "373.63671875",
        "cumulative": false
    },
    {
        "date": "2020-09-10T15:26:01Z",
        "value": "534.89453125",
        "cumulative": false
    },
    {
        "date": "2020-09-10T15:26:15Z",
        "value": "605.51953125",
        "cumulative": false
    },
    {
        "date": "2020-09-10T15:26:32Z",
        "value": "472.40234375",
        "cumulative": false
    },
    {
        "date": "2020-09-10T15:26:45Z",
        "value": "410.65234375",
        "cumulative": false
    },
    {
        "date": "2020-09-10T15:26:57Z",
        "value": "373.51953125",
        "cumulative": false
    },
    {
        "date": "2020-09-10T15:27:10Z",
        "value": "436.5078125",
        "cumulative": false
    },
    {
        "date": "2020-09-10T15:27:28Z",
        "value": "436.48828125",
        "cumulative": false
    },
    {
        "date": "2020-09-10T15:27:41Z",
        "value": "436.51171875",
        "cumulative": false
    },
    {
        "date": "2020-09-10T15:27:56Z",
        "value": "436.484375",
        "cumulative": false
    },
    {
        "date": "2020-09-10T15:28:06Z",
        "value": "436.484375",
        "cumulative": false
    },
    {
        "date": "2020-09-10T15:28:22Z",
        "value": "436.51171875",
        "cumulative": false
    },
    {
        "date": "2020-09-10T15:28:35Z",
        "value": "547.98828125",
        "cumulative": false
    },
    {
        "date": "2020-09-10T15:28:45Z",
        "value": "436.51171875",
        "cumulative": false
    },
    {
        "date": "2020-09-10T15:29:02Z",
        "value": "639.859375",
        "cumulative": false
    },
    {
        "date": "2020-09-10T15:29:21Z",
        "value": "436.484375",
        "cumulative": false
    },
    {
        "date": "2020-09-10T15:29:40Z",
        "value": "440.86328125",
        "cumulative": false
    },
    {
        "date": "2020-09-10T15:29:56Z",
        "value": "516.01171875",
        "cumulative": false
    },
    {
        "date": "2020-09-10T15:30:10Z",
        "value": "516.01171875",
        "cumulative": false
    },
    {
        "date": "2020-09-10T15:30:21Z",
        "value": "516.01171875",
        "cumulative": false
    },
    {
        "date": "2020-09-10T15:30:40Z",
        "value": "598.4765625",
        "cumulative": false
    },
    {
        "date": "2020-09-10T15:30:54Z",
        "value": "515.984375",
        "cumulative": false
    },
    {
        "date": "2020-09-10T15:31:14Z",
        "value": "516.01171875",
        "cumulative": false
    },
    {
        "date": "2020-09-10T15:31:28Z",
        "value": "827.609375",
        "cumulative": false
    },
    {
        "date": "2020-09-10T15:31:43Z",
        "value": "711.9765625",
        "cumulative": false
    },
    {
        "date": "2020-09-10T15:31:57Z",
        "value": "515.984375",
        "cumulative": false
    },
    {
        "date": "2020-09-10T15:32:14Z",
        "value": "516.01171875",
        "cumulative": false
    },
    {
        "date": "2020-09-10T15:32:29Z",
        "value": "515.9765625",
        "cumulative": false
    },
    {
        "date": "2020-09-10T15:32:39Z",
        "value": "515.984375",
        "cumulative": false
    },
    {
        "date": "2020-09-10T15:32:49Z",
        "value": "515.9765625",
        "cumulative": false
    },
    {
        "date": "2020-09-10T15:33:07Z",
        "value": "797.3515625",
        "cumulative": false
    },
    {
        "date": "2020-09-10T15:33:20Z",
        "value": "674.6015625",
        "cumulative": false
    }
]