[
    {
        "date": "2020-09-10T15:16:05Z",
        "value": "1.65625",
        "cumulative": false
    },
    {
        "date": "2020-09-10T15:16:19Z",
        "value": "2.90625",
        "cumulative": false
    },
    {
        "date": "2020-09-10T15:16:32Z",
        "value": "131.6875",
        "cumulative": false
    },
    {
        "date": "2020-09-10T15:16:46Z",
        "value": "140.89453125",
        "cumulative": false
    },
    {
        "date": "2020-09-10T15:17:00Z",
        "value": "165.859375",
        "cumulative": false
    },
    {
        "date": "2020-09-10T15:17:12Z",
        "value": "165.84375",
        "cumulative": false
    },
    {
        "date": "2020-09-10T15:17:29Z",
        "value": "180.1171875",
        "cumulative": false
    },
    {
        "date": "2020-09-10T15:17:44Z",
        "value": "192.34765625",
        "cumulative": false
    },
    {
        "date": "2020-09-10T15:18:02Z",
        "value": "171.02734375",
        "cumulative": false
    },
    {
        "date": "2020-09-10T15:18:20Z",
        "value": "180.55078125",
        "cumulative": false
    },
    {
        "date": "2020-09-10T15:18:33Z",
        "value": "180.5625",
        "cumulative": false
    },
    {
        "date": "2020-09-10T15:18:47Z",
        "value": "221.73046875",
        "cumulative": false
    },
    {
        "date": "2020-09-10T15:19:05Z",
        "value": "222.98046875",
        "cumulative": false
    },
    {
        "date": "2020-09-10T15:19:22Z",
        "value": "241.24609375",
        "cumulative": false
    },
    {
        "date": "2020-09-10T15:19:39Z",
        "value": "208.4765625",
        "cumulative": false
    },
    {
        "date": "2020-09-10T15:19:55Z",
        "value": "228.046875",
        "cumulative": false
    },
    {
        "date": "2020-09-10T15:20:09Z",
        "value": "275.015625",
        "cumulative": false
    },
    {
        "date": "2020-09-10T15:20:24Z",
        "value": "268.5703125",
        "cumulative": false
    },
    {
        "date": "2020-09-10T15:20:41Z",
        "value": "252.7890625",
        "cumulative": false
    },
    {
        "date": "2020-09-10T15:20:55Z",
        "value": "252.7890625",
        "cumulative": false
    },
    {
        "date": "2020-09-10T15:21:07Z",
        "value": "252.796875",
        "cumulative": false
    },
    {
        "date": "2020-09-10T15:21:24Z",
        "value": "252.796875",
        "cumulative": false
    },
    {
        "date": "2020-09-10T15:21:41Z",
        "value": "252.7890625",
        "cumulative": false
    },
    {
        "date": "2020-09-10T15:21:55Z",
        "value": "377.828125",
        "cumulative": false
    },
    {
        "date": "2020-09-10T15:22:05Z",
        "value": "284.078125",
        "cumulative": false
    },
    {
        "date": "2020-09-10T15:22:16Z",
        "value": "291.55078125",
        "cumulative": false
    },
    {
        "date": "2020-09-10T15:22:33Z",
        "value": "284.078125",
        "cumulative": false
    },
    {
        "date": "2020-09-10T15:22:48Z",
        "value": "284.078125",
        "cumulative": false
    },
    {
        "date": "2020-09-10T15:23:02Z",
        "value": "349.5234375",
        "cumulative": false
    },
    {
        "date": "2020-09-10T15:23:19Z",
        "value": "510.4453125",
        "cumulative": false
    },
    {
        "date": "2020-09-10T15:23:36Z",
        "value": "323.67578125",
        "cumulative": false
    },
    {
        "date": "2020-09-10T15:23:46Z",
        "value": "323.67578125",
        "cumulative": false
    },
    {
        "date": "2020-09-10T15:24:03Z",
        "value": "323.56640625",
        "cumulative": false
    },
    {
        "date": "2020-09-10T15:24:14Z",
        "value": "323.67578125",
        "cumulative": false
    },
    {
        "date": "2020-09-10T15:24:32Z",
        "value": "395.0703125",
        "cumulative": false
    },
    {
        "date": "2020-09-10T15:24:42Z",
        "value": "323.67578125",
        "cumulative": false
    },
    {
        "date": "2020-09-10T15:24:52Z",
        "value": "323.67578125",
        "cumulative": false
    },
    {
        "date": "2020-09-10T15:25:10Z",
        "value": "595.38671875",
        "cumulative": false
    },
    {
        "date": "2020-09-10T15:25:28Z",
        "value": "373.55078125",
        "cumulative": false
    },
    {
        "date": "2020-09-10T15:25:40Z",
        "value": "373.55078125",
        "cumulative": false
    },
    {
        "date": "2020-09-10T15:25:51Z",
        "value": "590.93359375",
        "cumulative": false
    },
    {
        "date": "2020-09-10T15:26:08Z",
        "value": "373.4375",
        "cumulative": false
    },
    {
        "date": "2020-09-10T15:26:25Z",
        "value": "402.05859375",
        "cumulative": false
    },
    {
        "date": "2020-09-10T15:26:38Z",
        "value": "373.43359375",
        "cumulative": false
    },
    {
        "date": "2020-09-10T15:26:50Z",
        "value": "373.4375",
        "cumulative": false
    },
    {
        "date": "2020-09-10T15:27:02Z",
        "value": "477.17578125",
        "cumulative": false
    },
    {
        "date": "2020-09-10T15:27:15Z",
        "value": "436.40234375",
        "cumulative": false
    },
    {
        "date": "2020-09-10T15:27:34Z",
        "value": "593.7734375",
        "cumulative": false
    },
    {
        "date": "2020-09-10T15:27:53Z",
        "value": "436.3984375",
        "cumulative": false
    },
    {
        "date": "2020-09-10T15:28:11Z",
        "value": "436.40234375",
        "cumulative": false
    },
    {
        "date": "2020-09-10T15:28:29Z",
        "value": "436.3984375",
        "cumulative": false
    },
    {
        "date": "2020-09-10T15:28:46Z",
        "value": "625.6484375",
        "cumulative": false
    },
    {
        "date": "2020-09-10T15:28:56Z",
        "value": "591.5234375",
        "cumulative": false
    },
    {
        "date": "2020-09-10T15:29:14Z",
        "value": "561.77734375",
        "cumulative": false
    },
    {
        "date": "2020-09-10T15:29:27Z",
        "value": "726.40234375",
        "cumulative": false
    },
    {
        "date": "2020-09-10T15:29:43Z",
        "value": "436.40234375",
        "cumulative": false
    },
    {
        "date": "2020-09-10T15:29:59Z",
        "value": "515.890625",
        "cumulative": false
    },
    {
        "date": "2020-09-10T15:30:15Z",
        "value": "839.0234375",
        "cumulative": false
    },
    {
        "date": "2020-09-10T15:30:29Z",
        "value": "874.640625",
        "cumulative": false
    },
    {
        "date": "2020-09-10T15:30:40Z",
        "value": "515.890625",
        "cumulative": false
    },
    {
        "date": "2020-09-10T15:30:57Z",
        "value": "515.92578125",
        "cumulative": false
    },
    {
        "date": "2020-09-10T15:31:12Z",
        "value": "515.92578125",
        "cumulative": false
    },
    {
        "date": "2020-09-10T15:31:23Z",
        "value": "515.8984375",
        "cumulative": false
    },
    {
        "date": "2020-09-10T15:31:34Z",
        "value": "517.765625",
        "cumulative": false
    },
    {
        "date": "2020-09-10T15:31:49Z",
        "value": "659.5234375",
        "cumulative": false
    },
    {
        "date": "2020-09-10T15:32:08Z",
        "value": "515.890625",
        "cumulative": false
    },
    {
        "date": "2020-09-10T15:32:27Z",
        "value": "515.8984375",
        "cumulative": false
    },
    {
        "date": "2020-09-10T15:32:42Z",
        "value": "692.140625",
        "cumulative": false
    },
    {
        "date": "2020-09-10T15:33:02Z",
        "value": "515.890625",
        "cumulative": false
    },
    {
        "date": "2020-09-10T15:33:14Z",
        "value": "515.890625",
        "cumulative": false
    },
    {
        "date": "2020-09-10T15:33:30Z",
        "value": "133.671875",
        "cumulative": false
    }
]