[
    {
        "date": "2020-09-10T15:15:45Z",
        "value": "0.0009593963623046875",
        "cumulative": true
    },
    {
        "date": "2020-09-10T15:16:12Z",
        "value": "0.0009593963623046875",
        "cumulative": true
    },
    {
        "date": "2020-09-10T15:16:26Z",
        "value": "0.015157699584960938",
        "cumulative": true
    },
    {
        "date": "2020-09-10T15:16:40Z",
        "value": "1575.3229808807373",
        "cumulative": true
    },
    {
        "date": "2020-09-10T15:16:52Z",
        "value": "5677.904553413391",
        "cumulative": true
    },
    {
        "date": "2020-09-10T15:17:11Z",
        "value": "11676.311298370361",
        "cumulative": true
    },
    {
        "date": "2020-09-10T15:17:27Z",
        "value": "16508.24064064026",
        "cumulative": true
    },
    {
        "date": "2020-09-10T15:17:38Z",
        "value": "20095.251083374023",
        "cumulative": true
    },
    {
        "date": "2020-09-10T15:17:53Z",
        "value": "24424.88667678833",
        "cumulative": true
    },
    {
        "date": "2020-09-10T15:18:09Z",
        "value": "28693.08884525299",
        "cumulative": true
    },
    {
        "date": "2020-09-10T15:18:20Z",
        "value": "31960.525460243225",
        "cumulative": true
    },
    {
        "date": "2020-09-10T15:18:35Z",
        "value": "36406.90054988861",
        "cumulative": true
    },
    {
        "date": "2020-09-10T15:18:49Z",
        "value": "41011.52259731293",
        "cumulative": true
    },
    {
        "date": "2020-09-10T15:19:05Z",
        "value": "46475.36613559723",
        "cumulative": true
    },
    {
        "date": "2020-09-10T15:19:20Z",
        "value": "51774.21419620514",
        "cumulative": true
    },
    {
        "date": "2020-09-10T15:19:36Z",
        "value": "57130.32016468048",
        "cumulative": true
    },
    {
        "date": "2020-09-10T15:19:48Z",
        "value": "61442.30593204498",
        "cumulative": true
    },
    {
        "date": "2020-09-10T15:20:02Z",
        "value": "66156.0509853363",
        "cumulative": true
    },
    {
        "date": "2020-09-10T15:20:19Z",
        "value": "72683.62567138672",
        "cumulative": true
    },
    {
        "date": "2020-09-10T15:20:31Z",
        "value": "76748.42560958862",
        "cumulative": true
    },
    {
        "date": "2020-09-10T15:20:44Z",
        "value": "81050.72927570343",
        "cumulative": true
    },
    {
        "date": "2020-09-10T15:20:57Z",
        "value": "85207.51207256317",
        "cumulative": true
    },
    {
        "date": "2020-09-10T15:21:14Z",
        "value": "90430.17897510529",
        "cumulative": true
    },
    {
        "date": "2020-09-10T15:21:31Z",
        "value": "96427.96868038177",
        "cumulative": true
    },
    {
        "date": "2020-09-10T15:21:43Z",
        "value": "100723.88032150269",
        "cumulative": true
    },
    {
        "date": "2020-09-10T15:22:03Z",
        "value": "106680.27290916443",
        "cumulative": true
    },
    {
        "date": "2020-09-10T15:22:15Z",
        "value": "110436.30094718933",
        "cumulative": true
    },
    {
        "date": "2020-09-10T15:22:35Z",
        "value": "116298.93630027771",
        "cumulative": true
    },
    {
        "date": "2020-09-10T15:22:53Z",
        "value": "121687.58255386353",
        "cumulative": true
    },
    {
        "date": "2020-09-10T15:23:11Z",
        "value": "127604.79888057709",
        "cumulative": true
    },
    {
        "date": "2020-09-10T15:23:30Z",
        "value": "133448.2985677719",
        "cumulative": true
    },
    {
        "date": "2020-09-10T15:23:48Z",
        "value": "138887.42806911469",
        "cumulative": true
    },
    {
        "date": "2020-09-10T15:24:03Z",
        "value": "143568.37727069855",
        "cumulative": true
    },
    {
        "date": "2020-09-10T15:24:19Z",
        "value": "148900.6632757187",
        "cumulative": true
    },
    {
        "date": "2020-09-10T15:24:34Z",
        "value": "153561.62471866608",
        "cumulative": true
    },
    {
        "date": "2020-09-10T15:24:52Z",
        "value": "159270.57959461212",
        "cumulative": true
    },
    {
        "date": "2020-09-10T15:25:10Z",
        "value": "164778.10712242126",
        "cumulative": true
    },
    {
        "date": "2020-09-10T15:25:30Z",
        "value": "170772.71608924866",
        "cumulative": true
    },
    {
        "date": "2020-09-10T15:25:42Z",
        "value": "174916.58521270752",
        "cumulative": true
    },
    {
        "date": "2020-09-10T15:25:52Z",
        "value": "178011.58854103088",
        "cumulative": true
    },
    {
        "date": "2020-09-10T15:26:12Z",
        "value": "184205.72247314453",
        "cumulative": true
    },
    {
        "date": "2020-09-10T15:26:29Z",
        "value": "189622.5826625824",
        "cumulative": true
    },
    {
        "date": "2020-09-10T15:26:39Z",
        "value": "192819.73485183716",
        "cumulative": true
    },
    {
        "date": "2020-09-10T15:26:51Z",
        "value": "196398.47437858582",
        "cumulative": true
    },
    {
        "date": "2020-09-10T15:27:02Z",
        "value": "199971.2818031311",
        "cumulative": true
    },
    {
        "date": "2020-09-10T15:27:13Z",
        "value": "203328.07359409332",
        "cumulative": true
    },
    {
        "date": "2020-09-10T15:27:23Z",
        "value": "206762.44959545135",
        "cumulative": true
    },
    {
        "date": "2020-09-10T15:27:39Z",
        "value": "211825.06472301483",
        "cumulative": true
    },
    {
        "date": "2020-09-10T15:27:52Z",
        "value": "216038.45213413239",
        "cumulative": true
    },
    {
        "date": "2020-09-10T15:28:08Z",
        "value": "220993.6885690689",
        "cumulative": true
    },
    {
        "date": "2020-09-10T15:28:18Z",
        "value": "224546.6348657608",
        "cumulative": true
    },
    {
        "date": "2020-09-10T15:28:33Z",
        "value": "229360.8713274002",
        "cumulative": true
    },
    {
        "date": "2020-09-10T15:28:46Z",
        "value": "233569.99504184723",
        "cumulative": true
    },
    {
        "date": "2020-09-10T15:28:57Z",
        "value": "237284.93329524994",
        "cumulative": true
    },
    {
        "date": "2020-09-10T15:29:13Z",
        "value": "242229.72841358185",
        "cumulative": true
    },
    {
        "date": "2020-09-10T15:29:26Z",
        "value": "246310.1873216629",
        "cumulative": true
    },
    {
        "date": "2020-09-10T15:29:43Z",
        "value": "252146.97134304047",
        "cumulative": true
    },
    {
        "date": "2020-09-10T15:29:57Z",
        "value": "256396.42812347412",
        "cumulative": true
    },
    {
        "date": "2020-09-10T15:30:15Z",
        "value": "262049.63459396362",
        "cumulative": true
    },
    {
        "date": "2020-09-10T15:30:32Z",
        "value": "268095.42146873474",
        "cumulative": true
    },
    {
        "date": "2020-09-10T15:30:51Z",
        "value": "274146.631483078",
        "cumulative": true
    },
    {
        "date": "2020-09-10T15:31:05Z",
        "value": "278851.0483722687",
        "cumulative": true
    },
    {
        "date": "2020-09-10T15:31:22Z",
        "value": "284376.9204826355",
        "cumulative": true
    },
    {
        "date": "2020-09-10T15:31:40Z",
        "value": "289978.5454597473",
        "cumulative": true
    },
    {
        "date": "2020-09-10T15:31:53Z",
        "value": "294164.93228912354",
        "cumulative": true
    },
    {
        "date": "2020-09-10T15:32:10Z",
        "value": "299446.27936172485",
        "cumulative": true
    },
    {
        "date": "2020-09-10T15:32:27Z",
        "value": "304680.1235809326",
        "cumulative": true
    },
    {
        "date": "2020-09-10T15:32:37Z",
        "value": "308259.43748664856",
        "cumulative": true
    },
    {
        "date": "2020-09-10T15:32:51Z",
        "value": "313051.7306804657",
        "cumulative": true
    },
    {
        "date": "2020-09-10T15:33:04Z",
        "value": "317154.59061050415",
        "cumulative": true
    },
    {
        "date": "2020-09-10T15:33:18Z",
        "value": "321183.6573944092",
        "cumulative": true
    },
    {
        "date": "2020-09-10T15:33:28Z",
        "value": "322530.01361465454",
        "cumulative": true
    }
]