[
    {
        "date": "2020-09-10T15:15:53Z",
        "value": "4.00543212890625e-05",
        "cumulative": true
    },
    {
        "date": "2020-09-10T15:16:20Z",
        "value": "4.00543212890625e-05",
        "cumulative": true
    },
    {
        "date": "2020-09-10T15:16:32Z",
        "value": "227.81342029571533",
        "cumulative": true
    },
    {
        "date": "2020-09-10T15:16:46Z",
        "value": "3601.8129329681396",
        "cumulative": true
    },
    {
        "date": "2020-09-10T15:17:01Z",
        "value": "8712.684604644775",
        "cumulative": true
    },
    {
        "date": "2020-09-10T15:17:17Z",
        "value": "13346.790630340576",
        "cumulative": true
    },
    {
        "date": "2020-09-10T15:17:30Z",
        "value": "17414.316827774048",
        "cumulative": true
    },
    {
        "date": "2020-09-10T15:17:42Z",
        "value": "21138.957845687866",
        "cumulative": true
    },
    {
        "date": "2020-09-10T15:17:59Z",
        "value": "25849.632286071777",
        "cumulative": true
    },
    {
        "date": "2020-09-10T15:18:15Z",
        "value": "30514.029735565186",
        "cumulative": true
    },
    {
        "date": "2020-09-10T15:18:32Z",
        "value": "35623.70920753479",
        "cumulative": true
    },
    {
        "date": "2020-09-10T15:18:45Z",
        "value": "39631.85042953491",
        "cumulative": true
    },
    {
        "date": "2020-09-10T15:19:02Z",
        "value": "45641.196855545044",
        "cumulative": true
    },
    {
        "date": "2020-09-10T15:19:13Z",
        "value": "49166.49075508118",
        "cumulative": true
    },
    {
        "date": "2020-09-10T15:19:26Z",
        "value": "53691.503213882446",
        "cumulative": true
    },
    {
        "date": "2020-09-10T15:19:40Z",
        "value": "58284.68577003479",
        "cumulative": true
    },
    {
        "date": "2020-09-10T15:19:54Z",
        "value": "63504.956983566284",
        "cumulative": true
    },
    {
        "date": "2020-09-10T15:20:05Z",
        "value": "67301.86569786072",
        "cumulative": true
    },
    {
        "date": "2020-09-10T15:20:17Z",
        "value": "71607.26166343689",
        "cumulative": true
    },
    {
        "date": "2020-09-10T15:20:35Z",
        "value": "78348.07822418213",
        "cumulative": true
    },
    {
        "date": "2020-09-10T15:20:55Z",
        "value": "84438.0673904419",
        "cumulative": true
    },
    {
        "date": "2020-09-10T15:21:10Z",
        "value": "88950.75710296631",
        "cumulative": true
    },
    {
        "date": "2020-09-10T15:21:21Z",
        "value": "92537.18199920654",
        "cumulative": true
    },
    {
        "date": "2020-09-10T15:21:31Z",
        "value": "96395.034324646",
        "cumulative": true
    },
    {
        "date": "2020-09-10T15:21:43Z",
        "value": "100678.94603729248",
        "cumulative": true
    },
    {
        "date": "2020-09-10T15:21:56Z",
        "value": "104542.11339187622",
        "cumulative": true
    },
    {
        "date": "2020-09-10T15:22:07Z",
        "value": "107828.20693969727",
        "cumulative": true
    },
    {
        "date": "2020-09-10T15:22:20Z",
        "value": "111794.96846199036",
        "cumulative": true
    },
    {
        "date": "2020-09-10T15:22:40Z",
        "value": "117761.6507472992",
        "cumulative": true
    },
    {
        "date": "2020-09-10T15:23:00Z",
        "value": "123925.22423934937",
        "cumulative": true
    },
    {
        "date": "2020-09-10T15:23:13Z",
        "value": "128163.21666145325",
        "cumulative": true
    },
    {
        "date": "2020-09-10T15:23:31Z",
        "value": "133592.9055557251",
        "cumulative": true
    },
    {
        "date": "2020-09-10T15:23:49Z",
        "value": "139253.93947029114",
        "cumulative": true
    },
    {
        "date": "2020-09-10T15:24:09Z",
        "value": "145540.0120124817",
        "cumulative": true
    },
    {
        "date": "2020-09-10T15:24:27Z",
        "value": "151199.67693328857",
        "cumulative": true
    },
    {
        "date": "2020-09-10T15:24:41Z",
        "value": "155708.16815567017",
        "cumulative": true
    },
    {
        "date": "2020-09-10T15:24:51Z",
        "value": "158927.85975456238",
        "cumulative": true
    },
    {
        "date": "2020-09-10T15:25:09Z",
        "value": "164410.30766487122",
        "cumulative": true
    },
    {
        "date": "2020-09-10T15:25:26Z",
        "value": "169549.75460243225",
        "cumulative": true
    },
    {
        "date": "2020-09-10T15:25:41Z",
        "value": "174459.6452140808",
        "cumulative": true
    },
    {
        "date": "2020-09-10T15:25:52Z",
        "value": "177890.1660041809",
        "cumulative": true
    },
    {
        "date": "2020-09-10T15:26:04Z",
        "value": "181687.5352859497",
        "cumulative": true
    },
    {
        "date": "2020-09-10T15:26:18Z",
        "value": "186222.63682937622",
        "cumulative": true
    },
    {
        "date": "2020-09-10T15:26:34Z",
        "value": "190991.11583137512",
        "cumulative": true
    },
    {
        "date": "2020-09-10T15:26:48Z",
        "value": "195613.89755439758",
        "cumulative": true
    },
    {
        "date": "2020-09-10T15:27:07Z",
        "value": "201347.75925064087",
        "cumulative": true
    },
    {
        "date": "2020-09-10T15:27:23Z",
        "value": "206434.53325653076",
        "cumulative": true
    },
    {
        "date": "2020-09-10T15:27:39Z",
        "value": "211743.53045845032",
        "cumulative": true
    },
    {
        "date": "2020-09-10T15:27:58Z",
        "value": "218086.83633995056",
        "cumulative": true
    },
    {
        "date": "2020-09-10T15:28:10Z",
        "value": "221848.56292915344",
        "cumulative": true
    },
    {
        "date": "2020-09-10T15:28:28Z",
        "value": "227682.75942611694",
        "cumulative": true
    },
    {
        "date": "2020-09-10T15:28:45Z",
        "value": "233490.70430755615",
        "cumulative": true
    },
    {
        "date": "2020-09-10T15:29:03Z",
        "value": "238880.34021377563",
        "cumulative": true
    },
    {
        "date": "2020-09-10T15:29:19Z",
        "value": "244163.6859855652",
        "cumulative": true
    },
    {
        "date": "2020-09-10T15:29:36Z",
        "value": "249496.2426185608",
        "cumulative": true
    },
    {
        "date": "2020-09-10T15:29:52Z",
        "value": "254758.15080451965",
        "cumulative": true
    },
    {
        "date": "2020-09-10T15:30:10Z",
        "value": "260655.3815765381",
        "cumulative": true
    },
    {
        "date": "2020-09-10T15:30:24Z",
        "value": "265069.10993003845",
        "cumulative": true
    },
    {
        "date": "2020-09-10T15:30:38Z",
        "value": "269947.8403720856",
        "cumulative": true
    },
    {
        "date": "2020-09-10T15:30:57Z",
        "value": "276157.6613559723",
        "cumulative": true
    },
    {
        "date": "2020-09-10T15:31:09Z",
        "value": "280090.6211242676",
        "cumulative": true
    },
    {
        "date": "2020-09-10T15:31:23Z",
        "value": "284508.705286026",
        "cumulative": true
    },
    {
        "date": "2020-09-10T15:31:41Z",
        "value": "290207.3442020416",
        "cumulative": true
    },
    {
        "date": "2020-09-10T15:31:51Z",
        "value": "293516.9463672638",
        "cumulative": true
    },
    {
        "date": "2020-09-10T15:32:08Z",
        "value": "298943.9165248871",
        "cumulative": true
    },
    {
        "date": "2020-09-10T15:32:26Z",
        "value": "304325.76851272583",
        "cumulative": true
    },
    {
        "date": "2020-09-10T15:32:40Z",
        "value": "309026.4819583893",
        "cumulative": true
    },
    {
        "date": "2020-09-10T15:32:58Z",
        "value": "314998.0881214142",
        "cumulative": true
    },
    {
        "date": "2020-09-10T15:33:10Z",
        "value": "319073.75322151184",
        "cumulative": true
    },
    {
        "date": "2020-09-10T15:33:24Z",
        "value": "322452.7126159668",
        "cumulative": true
    }
]