[
    {
        "date": "2020-09-10T15:15:54Z",
        "value": "0.0009593963623046875",
        "cumulative": true
    },
    {
        "date": "2020-09-10T15:16:13Z",
        "value": "0.0009593963623046875",
        "cumulative": true
    },
    {
        "date": "2020-09-10T15:16:30Z",
        "value": "44.48458003997803",
        "cumulative": true
    },
    {
        "date": "2020-09-10T15:16:48Z",
        "value": "4151.875421524048",
        "cumulative": true
    },
    {
        "date": "2020-09-10T15:17:03Z",
        "value": "9225.665327072144",
        "cumulative": true
    },
    {
        "date": "2020-09-10T15:17:16Z",
        "value": "13112.278441429138",
        "cumulative": true
    },
    {
        "date": "2020-09-10T15:17:30Z",
        "value": "17361.796613693237",
        "cumulative": true
    },
    {
        "date": "2020-09-10T15:17:48Z",
        "value": "22758.7164478302",
        "cumulative": true
    },
    {
        "date": "2020-09-10T15:18:02Z",
        "value": "26799.814903259277",
        "cumulative": true
    },
    {
        "date": "2020-09-10T15:18:14Z",
        "value": "30116.432056427002",
        "cumulative": true
    },
    {
        "date": "2020-09-10T15:18:27Z",
        "value": "34357.907276153564",
        "cumulative": true
    },
    {
        "date": "2020-09-10T15:18:42Z",
        "value": "38750.88271522522",
        "cumulative": true
    },
    {
        "date": "2020-09-10T15:18:56Z",
        "value": "43304.27438354492",
        "cumulative": true
    },
    {
        "date": "2020-09-10T15:19:14Z",
        "value": "49556.555839538574",
        "cumulative": true
    },
    {
        "date": "2020-09-10T15:19:25Z",
        "value": "53547.796463012695",
        "cumulative": true
    },
    {
        "date": "2020-09-10T15:19:42Z",
        "value": "59061.09747505188",
        "cumulative": true
    },
    {
        "date": "2020-09-10T15:19:55Z",
        "value": "63877.93299865723",
        "cumulative": true
    },
    {
        "date": "2020-09-10T15:20:08Z",
        "value": "68449.32274627686",
        "cumulative": true
    },
    {
        "date": "2020-09-10T15:20:26Z",
        "value": "75059.11082839966",
        "cumulative": true
    },
    {
        "date": "2020-09-10T15:20:42Z",
        "value": "80303.31221961975",
        "cumulative": true
    },
    {
        "date": "2020-09-10T15:21:02Z",
        "value": "86618.14705467224",
        "cumulative": true
    },
    {
        "date": "2020-09-10T15:21:13Z",
        "value": "89996.04261016846",
        "cumulative": true
    },
    {
        "date": "2020-09-10T15:21:30Z",
        "value": "96050.29286575317",
        "cumulative": true
    },
    {
        "date": "2020-09-10T15:21:45Z",
        "value": "101229.92241382599",
        "cumulative": true
    },
    {
        "date": "2020-09-10T15:21:57Z",
        "value": "105050.19539165497",
        "cumulative": true
    },
    {
        "date": "2020-09-10T15:22:10Z",
        "value": "108828.27258014679",
        "cumulative": true
    },
    {
        "date": "2020-09-10T15:22:24Z",
        "value": "112908.92767238617",
        "cumulative": true
    },
    {
        "date": "2020-09-10T15:22:41Z",
        "value": "118081.3355474472",
        "cumulative": true
    },
    {
        "date": "2020-09-10T15:23:00Z",
        "value": "123986.0861158371",
        "cumulative": true
    },
    {
        "date": "2020-09-10T15:23:18Z",
        "value": "129888.07907772064",
        "cumulative": true
    },
    {
        "date": "2020-09-10T15:23:34Z",
        "value": "134548.79484462738",
        "cumulative": true
    },
    {
        "date": "2020-09-10T15:23:46Z",
        "value": "138341.71633434296",
        "cumulative": true
    },
    {
        "date": "2020-09-10T15:24:00Z",
        "value": "142541.829413414",
        "cumulative": true
    },
    {
        "date": "2020-09-10T15:24:10Z",
        "value": "145929.66607952118",
        "cumulative": true
    },
    {
        "date": "2020-09-10T15:24:21Z",
        "value": "149388.61048793793",
        "cumulative": true
    },
    {
        "date": "2020-09-10T15:24:39Z",
        "value": "155028.39826107025",
        "cumulative": true
    },
    {
        "date": "2020-09-10T15:24:54Z",
        "value": "159772.43823337555",
        "cumulative": true
    },
    {
        "date": "2020-09-10T15:25:04Z",
        "value": "162931.5378522873",
        "cumulative": true
    },
    {
        "date": "2020-09-10T15:25:16Z",
        "value": "166718.2137002945",
        "cumulative": true
    },
    {
        "date": "2020-09-10T15:25:28Z",
        "value": "170404.3801240921",
        "cumulative": true
    },
    {
        "date": "2020-09-10T15:25:45Z",
        "value": "175768.02468776703",
        "cumulative": true
    },
    {
        "date": "2020-09-10T15:25:55Z",
        "value": "178780.2690782547",
        "cumulative": true
    },
    {
        "date": "2020-09-10T15:26:10Z",
        "value": "183577.2538099289",
        "cumulative": true
    },
    {
        "date": "2020-09-10T15:26:30Z",
        "value": "190012.03411388397",
        "cumulative": true
    },
    {
        "date": "2020-09-10T15:26:47Z",
        "value": "195402.31549358368",
        "cumulative": true
    },
    {
        "date": "2020-09-10T15:27:05Z",
        "value": "201121.61432361603",
        "cumulative": true
    },
    {
        "date": "2020-09-10T15:27:17Z",
        "value": "204813.59126758575",
        "cumulative": true
    },
    {
        "date": "2020-09-10T15:27:28Z",
        "value": "208498.7070569992",
        "cumulative": true
    },
    {
        "date": "2020-09-10T15:27:46Z",
        "value": "214124.67040920258",
        "cumulative": true
    },
    {
        "date": "2020-09-10T15:28:00Z",
        "value": "218843.95297336578",
        "cumulative": true
    },
    {
        "date": "2020-09-10T15:28:18Z",
        "value": "224679.1512823105",
        "cumulative": true
    },
    {
        "date": "2020-09-10T15:28:34Z",
        "value": "229815.0473871231",
        "cumulative": true
    },
    {
        "date": "2020-09-10T15:28:48Z",
        "value": "234249.93501377106",
        "cumulative": true
    },
    {
        "date": "2020-09-10T15:29:01Z",
        "value": "238504.20587825775",
        "cumulative": true
    },
    {
        "date": "2020-09-10T15:29:15Z",
        "value": "243102.9496641159",
        "cumulative": true
    },
    {
        "date": "2020-09-10T15:29:28Z",
        "value": "247055.89293956757",
        "cumulative": true
    },
    {
        "date": "2020-09-10T15:29:40Z",
        "value": "251271.37583637238",
        "cumulative": true
    },
    {
        "date": "2020-09-10T15:29:55Z",
        "value": "256072.2431936264",
        "cumulative": true
    },
    {
        "date": "2020-09-10T15:30:09Z",
        "value": "260342.13198375702",
        "cumulative": true
    },
    {
        "date": "2020-09-10T15:30:20Z",
        "value": "264041.17390727997",
        "cumulative": true
    },
    {
        "date": "2020-09-10T15:30:32Z",
        "value": "268224.89965343475",
        "cumulative": true
    },
    {
        "date": "2020-09-10T15:30:51Z",
        "value": "274258.17366695404",
        "cumulative": true
    },
    {
        "date": "2020-09-10T15:31:07Z",
        "value": "279616.610209465",
        "cumulative": true
    },
    {
        "date": "2020-09-10T15:31:27Z",
        "value": "285940.7334833145",
        "cumulative": true
    },
    {
        "date": "2020-09-10T15:31:40Z",
        "value": "290343.4673280716",
        "cumulative": true
    },
    {
        "date": "2020-09-10T15:31:58Z",
        "value": "295704.8048276901",
        "cumulative": true
    },
    {
        "date": "2020-09-10T15:32:16Z",
        "value": "301202.4058294296",
        "cumulative": true
    },
    {
        "date": "2020-09-10T15:32:34Z",
        "value": "307108.84852695465",
        "cumulative": true
    },
    {
        "date": "2020-09-10T15:32:52Z",
        "value": "313155.5568151474",
        "cumulative": true
    },
    {
        "date": "2020-09-10T15:33:10Z",
        "value": "318942.7908678055",
        "cumulative": true
    },
    {
        "date": "2020-09-10T15:33:24Z",
        "value": "322535.8073835373",
        "cumulative": true
    }
]