[
    {
        "date": "2020-09-10T15:15:53Z",
        "value": "0.0009593963623046875",
        "cumulative": true
    },
    {
        "date": "2020-09-10T15:16:20Z",
        "value": "0.0009593963623046875",
        "cumulative": true
    },
    {
        "date": "2020-09-10T15:16:32Z",
        "value": "227.70971965789795",
        "cumulative": true
    },
    {
        "date": "2020-09-10T15:16:46Z",
        "value": "3603.099864959717",
        "cumulative": true
    },
    {
        "date": "2020-09-10T15:17:01Z",
        "value": "8716.612733840942",
        "cumulative": true
    },
    {
        "date": "2020-09-10T15:17:17Z",
        "value": "13354.150250434875",
        "cumulative": true
    },
    {
        "date": "2020-09-10T15:17:30Z",
        "value": "17427.919050216675",
        "cumulative": true
    },
    {
        "date": "2020-09-10T15:17:42Z",
        "value": "21153.217085838318",
        "cumulative": true
    },
    {
        "date": "2020-09-10T15:17:59Z",
        "value": "25864.470947265625",
        "cumulative": true
    },
    {
        "date": "2020-09-10T15:18:15Z",
        "value": "30533.672229766846",
        "cumulative": true
    },
    {
        "date": "2020-09-10T15:18:32Z",
        "value": "35642.357743263245",
        "cumulative": true
    },
    {
        "date": "2020-09-10T15:18:45Z",
        "value": "39649.79028606415",
        "cumulative": true
    },
    {
        "date": "2020-09-10T15:19:02Z",
        "value": "45676.0317697525",
        "cumulative": true
    },
    {
        "date": "2020-09-10T15:19:13Z",
        "value": "49206.32594394684",
        "cumulative": true
    },
    {
        "date": "2020-09-10T15:19:26Z",
        "value": "53733.257756233215",
        "cumulative": true
    },
    {
        "date": "2020-09-10T15:19:40Z",
        "value": "58321.11149120331",
        "cumulative": true
    },
    {
        "date": "2020-09-10T15:19:54Z",
        "value": "63541.88055038452",
        "cumulative": true
    },
    {
        "date": "2020-09-10T15:20:05Z",
        "value": "67343.03767585754",
        "cumulative": true
    },
    {
        "date": "2020-09-10T15:20:17Z",
        "value": "71647.38257789612",
        "cumulative": true
    },
    {
        "date": "2020-09-10T15:20:35Z",
        "value": "78390.36002540588",
        "cumulative": true
    },
    {
        "date": "2020-09-10T15:20:55Z",
        "value": "84472.78550624847",
        "cumulative": true
    },
    {
        "date": "2020-09-10T15:21:10Z",
        "value": "88986.09340190887",
        "cumulative": true
    },
    {
        "date": "2020-09-10T15:21:21Z",
        "value": "92571.47856616974",
        "cumulative": true
    },
    {
        "date": "2020-09-10T15:21:31Z",
        "value": "96428.14263248444",
        "cumulative": true
    },
    {
        "date": "2020-09-10T15:21:43Z",
        "value": "100709.62452030182",
        "cumulative": true
    },
    {
        "date": "2020-09-10T15:21:56Z",
        "value": "104597.05902957916",
        "cumulative": true
    },
    {
        "date": "2020-09-10T15:22:07Z",
        "value": "107892.6189031601",
        "cumulative": true
    },
    {
        "date": "2020-09-10T15:22:20Z",
        "value": "111870.51661396027",
        "cumulative": true
    },
    {
        "date": "2020-09-10T15:22:40Z",
        "value": "117831.38876438141",
        "cumulative": true
    },
    {
        "date": "2020-09-10T15:23:00Z",
        "value": "124000.89816379547",
        "cumulative": true
    },
    {
        "date": "2020-09-10T15:23:13Z",
        "value": "128232.46605300903",
        "cumulative": true
    },
    {
        "date": "2020-09-10T15:23:31Z",
        "value": "133650.7740573883",
        "cumulative": true
    },
    {
        "date": "2020-09-10T15:23:49Z",
        "value": "139314.73838615417",
        "cumulative": true
    },
    {
        "date": "2020-09-10T15:24:09Z",
        "value": "145588.38375663757",
        "cumulative": true
    },
    {
        "date": "2020-09-10T15:24:27Z",
        "value": "151269.82914924622",
        "cumulative": true
    },
    {
        "date": "2020-09-10T15:24:41Z",
        "value": "155798.99499702454",
        "cumulative": true
    },
    {
        "date": "2020-09-10T15:24:51Z",
        "value": "159026.44124221802",
        "cumulative": true
    },
    {
        "date": "2020-09-10T15:25:09Z",
        "value": "164524.82150936127",
        "cumulative": true
    },
    {
        "date": "2020-09-10T15:25:26Z",
        "value": "169688.86555957794",
        "cumulative": true
    },
    {
        "date": "2020-09-10T15:25:41Z",
        "value": "174612.53077030182",
        "cumulative": true
    },
    {
        "date": "2020-09-10T15:25:52Z",
        "value": "178058.47766971588",
        "cumulative": true
    },
    {
        "date": "2020-09-10T15:26:04Z",
        "value": "181860.43827152252",
        "cumulative": true
    },
    {
        "date": "2020-09-10T15:26:18Z",
        "value": "186407.10629940033",
        "cumulative": true
    },
    {
        "date": "2020-09-10T15:26:34Z",
        "value": "191182.62646770477",
        "cumulative": true
    },
    {
        "date": "2020-09-10T15:26:48Z",
        "value": "195812.55574512482",
        "cumulative": true
    },
    {
        "date": "2020-09-10T15:27:07Z",
        "value": "201551.23367404938",
        "cumulative": true
    },
    {
        "date": "2020-09-10T15:27:23Z",
        "value": "206638.8497543335",
        "cumulative": true
    },
    {
        "date": "2020-09-10T15:27:39Z",
        "value": "211959.3208618164",
        "cumulative": true
    },
    {
        "date": "2020-09-10T15:27:58Z",
        "value": "218258.60160636902",
        "cumulative": true
    },
    {
        "date": "2020-09-10T15:28:10Z",
        "value": "222054.10448265076",
        "cumulative": true
    },
    {
        "date": "2020-09-10T15:28:28Z",
        "value": "227860.82963180542",
        "cumulative": true
    },
    {
        "date": "2020-09-10T15:28:45Z",
        "value": "233707.74926185608",
        "cumulative": true
    },
    {
        "date": "2020-09-10T15:29:03Z",
        "value": "239104.16719055176",
        "cumulative": true
    },
    {
        "date": "2020-09-10T15:29:19Z",
        "value": "244397.4292869568",
        "cumulative": true
    },
    {
        "date": "2020-09-10T15:29:36Z",
        "value": "249746.49509048462",
        "cumulative": true
    },
    {
        "date": "2020-09-10T15:29:52Z",
        "value": "255019.23598480225",
        "cumulative": true
    },
    {
        "date": "2020-09-10T15:30:10Z",
        "value": "260923.6627035141",
        "cumulative": true
    },
    {
        "date": "2020-09-10T15:30:24Z",
        "value": "265338.2056417465",
        "cumulative": true
    },
    {
        "date": "2020-09-10T15:30:38Z",
        "value": "270224.77641010284",
        "cumulative": true
    },
    {
        "date": "2020-09-10T15:30:57Z",
        "value": "276415.128695488",
        "cumulative": true
    },
    {
        "date": "2020-09-10T15:31:09Z",
        "value": "280394.5130147934",
        "cumulative": true
    },
    {
        "date": "2020-09-10T15:31:23Z",
        "value": "284804.6352567673",
        "cumulative": true
    },
    {
        "date": "2020-09-10T15:31:41Z",
        "value": "290462.1314134598",
        "cumulative": true
    },
    {
        "date": "2020-09-10T15:31:51Z",
        "value": "293713.2657251358",
        "cumulative": true
    },
    {
        "date": "2020-09-10T15:32:08Z",
        "value": "299178.21298122406",
        "cumulative": true
    },
    {
        "date": "2020-09-10T15:32:26Z",
        "value": "304552.7755022049",
        "cumulative": true
    },
    {
        "date": "2020-09-10T15:32:40Z",
        "value": "309255.4417181015",
        "cumulative": true
    },
    {
        "date": "2020-09-10T15:32:58Z",
        "value": "315245.61639881134",
        "cumulative": true
    },
    {
        "date": "2020-09-10T15:33:10Z",
        "value": "319329.8435640335",
        "cumulative": true
    },
    {
        "date": "2020-09-10T15:33:24Z",
        "value": "322691.64073848724",
        "cumulative": true
    }
]