[
    {
        "date": "2020-09-10T15:16:21Z",
        "value": "1.85546875",
        "cumulative": false
    },
    {
        "date": "2020-09-10T15:16:41Z",
        "value": "137.4453125",
        "cumulative": false
    },
    {
        "date": "2020-09-10T15:16:57Z",
        "value": "151.65234375",
        "cumulative": false
    },
    {
        "date": "2020-09-10T15:17:16Z",
        "value": "189.25390625",
        "cumulative": false
    },
    {
        "date": "2020-09-10T15:17:34Z",
        "value": "203.78125",
        "cumulative": false
    },
    {
        "date": "2020-09-10T15:17:48Z",
        "value": "192.73046875",
        "cumulative": false
    },
    {
        "date": "2020-09-10T15:18:01Z",
        "value": "191.0546875",
        "cumulative": false
    },
    {
        "date": "2020-09-10T15:18:15Z",
        "value": "171.1796875",
        "cumulative": false
    },
    {
        "date": "2020-09-10T15:18:33Z",
        "value": "220.30078125",
        "cumulative": false
    },
    {
        "date": "2020-09-10T15:18:43Z",
        "value": "226.17578125",
        "cumulative": false
    },
    {
        "date": "2020-09-10T15:18:58Z",
        "value": "227.4296875",
        "cumulative": false
    },
    {
        "date": "2020-09-10T15:19:10Z",
        "value": "193.23828125",
        "cumulative": false
    },
    {
        "date": "2020-09-10T15:19:30Z",
        "value": "208.80859375",
        "cumulative": false
    },
    {
        "date": "2020-09-10T15:19:49Z",
        "value": "255.90625",
        "cumulative": false
    },
    {
        "date": "2020-09-10T15:20:02Z",
        "value": "228.40234375",
        "cumulative": false
    },
    {
        "date": "2020-09-10T15:20:20Z",
        "value": "263.43359375",
        "cumulative": false
    },
    {
        "date": "2020-09-10T15:20:33Z",
        "value": "228.40234375",
        "cumulative": false
    },
    {
        "date": "2020-09-10T15:20:51Z",
        "value": "253.18359375",
        "cumulative": false
    },
    {
        "date": "2020-09-10T15:21:03Z",
        "value": "253.17578125",
        "cumulative": false
    },
    {
        "date": "2020-09-10T15:21:20Z",
        "value": "372.30078125",
        "cumulative": false
    },
    {
        "date": "2020-09-10T15:21:35Z",
        "value": "253.17578125",
        "cumulative": false
    },
    {
        "date": "2020-09-10T15:21:54Z",
        "value": "284.46484375",
        "cumulative": false
    },
    {
        "date": "2020-09-10T15:22:04Z",
        "value": "284.46484375",
        "cumulative": false
    },
    {
        "date": "2020-09-10T15:22:18Z",
        "value": "284.46484375",
        "cumulative": false
    },
    {
        "date": "2020-09-10T15:22:31Z",
        "value": "284.46484375",
        "cumulative": false
    },
    {
        "date": "2020-09-10T15:22:44Z",
        "value": "284.46484375",
        "cumulative": false
    },
    {
        "date": "2020-09-10T15:22:56Z",
        "value": "284.46484375",
        "cumulative": false
    },
    {
        "date": "2020-09-10T15:23:10Z",
        "value": "323.95703125",
        "cumulative": false
    },
    {
        "date": "2020-09-10T15:23:28Z",
        "value": "501.97265625",
        "cumulative": false
    },
    {
        "date": "2020-09-10T15:23:46Z",
        "value": "324.0625",
        "cumulative": false
    },
    {
        "date": "2020-09-10T15:24:01Z",
        "value": "324.0625",
        "cumulative": false
    },
    {
        "date": "2020-09-10T15:24:20Z",
        "value": "323.953125",
        "cumulative": false
    },
    {
        "date": "2020-09-10T15:24:39Z",
        "value": "364.453125",
        "cumulative": false
    },
    {
        "date": "2020-09-10T15:24:50Z",
        "value": "323.953125",
        "cumulative": false
    },
    {
        "date": "2020-09-10T15:25:06Z",
        "value": "550.078125",
        "cumulative": false
    },
    {
        "date": "2020-09-10T15:25:21Z",
        "value": "446.0703125",
        "cumulative": false
    },
    {
        "date": "2020-09-10T15:25:40Z",
        "value": "490.5703125",
        "cumulative": false
    },
    {
        "date": "2020-09-10T15:25:56Z",
        "value": "373.9375",
        "cumulative": false
    },
    {
        "date": "2020-09-10T15:26:08Z",
        "value": "373.9375",
        "cumulative": false
    },
    {
        "date": "2020-09-10T15:26:23Z",
        "value": "373.828125",
        "cumulative": false
    },
    {
        "date": "2020-09-10T15:26:37Z",
        "value": "373.828125",
        "cumulative": false
    },
    {
        "date": "2020-09-10T15:26:52Z",
        "value": "373.828125",
        "cumulative": false
    },
    {
        "date": "2020-09-10T15:27:03Z",
        "value": "373.828125",
        "cumulative": false
    },
    {
        "date": "2020-09-10T15:27:14Z",
        "value": "436.78515625",
        "cumulative": false
    },
    {
        "date": "2020-09-10T15:27:26Z",
        "value": "606.4140625",
        "cumulative": false
    },
    {
        "date": "2020-09-10T15:27:45Z",
        "value": "551.2890625",
        "cumulative": false
    },
    {
        "date": "2020-09-10T15:27:56Z",
        "value": "436.78515625",
        "cumulative": false
    },
    {
        "date": "2020-09-10T15:28:15Z",
        "value": "699.9140625",
        "cumulative": false
    },
    {
        "date": "2020-09-10T15:28:32Z",
        "value": "436.78515625",
        "cumulative": false
    },
    {
        "date": "2020-09-10T15:28:48Z",
        "value": "599.6640625",
        "cumulative": false
    },
    {
        "date": "2020-09-10T15:29:06Z",
        "value": "639.16015625",
        "cumulative": false
    },
    {
        "date": "2020-09-10T15:29:25Z",
        "value": "501.03515625",
        "cumulative": false
    },
    {
        "date": "2020-09-10T15:29:41Z",
        "value": "436.78515625",
        "cumulative": false
    },
    {
        "date": "2020-09-10T15:29:51Z",
        "value": "436.78515625",
        "cumulative": false
    },
    {
        "date": "2020-09-10T15:30:10Z",
        "value": "516.28515625",
        "cumulative": false
    },
    {
        "date": "2020-09-10T15:30:29Z",
        "value": "516.28515625",
        "cumulative": false
    },
    {
        "date": "2020-09-10T15:30:45Z",
        "value": "516.28515625",
        "cumulative": false
    },
    {
        "date": "2020-09-10T15:31:04Z",
        "value": "516.27734375",
        "cumulative": false
    },
    {
        "date": "2020-09-10T15:31:21Z",
        "value": "598.15234375",
        "cumulative": false
    },
    {
        "date": "2020-09-10T15:31:36Z",
        "value": "516.28515625",
        "cumulative": false
    },
    {
        "date": "2020-09-10T15:31:52Z",
        "value": "781.02734375",
        "cumulative": false
    },
    {
        "date": "2020-09-10T15:32:03Z",
        "value": "516.27734375",
        "cumulative": false
    },
    {
        "date": "2020-09-10T15:32:21Z",
        "value": "516.27734375",
        "cumulative": false
    },
    {
        "date": "2020-09-10T15:32:39Z",
        "value": "516.28515625",
        "cumulative": false
    },
    {
        "date": "2020-09-10T15:32:51Z",
        "value": "516.28515625",
        "cumulative": false
    },
    {
        "date": "2020-09-10T15:33:03Z",
        "value": "516.28515625",
        "cumulative": false
    },
    {
        "date": "2020-09-10T15:33:16Z",
        "value": "516.28515625",
        "cumulative": false
    },
    {
        "date": "2020-09-10T15:33:30Z",
        "value": "134.06640625",
        "cumulative": false
    }
]