[
    {
        "date": "2020-09-10T15:15:59Z",
        "value": "1.80859375",
        "cumulative": false
    },
    {
        "date": "2020-09-10T15:16:16Z",
        "value": "3.1015625",
        "cumulative": false
    },
    {
        "date": "2020-09-10T15:16:29Z",
        "value": "130.53125",
        "cumulative": false
    },
    {
        "date": "2020-09-10T15:16:47Z",
        "value": "141.06640625",
        "cumulative": false
    },
    {
        "date": "2020-09-10T15:17:04Z",
        "value": "159.3203125",
        "cumulative": false
    },
    {
        "date": "2020-09-10T15:17:20Z",
        "value": "170.6328125",
        "cumulative": false
    },
    {
        "date": "2020-09-10T15:17:35Z",
        "value": "180.3203125",
        "cumulative": false
    },
    {
        "date": "2020-09-10T15:17:50Z",
        "value": "192.55078125",
        "cumulative": false
    },
    {
        "date": "2020-09-10T15:18:05Z",
        "value": "171.1328125",
        "cumulative": false
    },
    {
        "date": "2020-09-10T15:18:24Z",
        "value": "180.7578125",
        "cumulative": false
    },
    {
        "date": "2020-09-10T15:18:34Z",
        "value": "182.50390625",
        "cumulative": false
    },
    {
        "date": "2020-09-10T15:18:52Z",
        "value": "198.06640625",
        "cumulative": false
    },
    {
        "date": "2020-09-10T15:19:09Z",
        "value": "193.0703125",
        "cumulative": false
    },
    {
        "date": "2020-09-10T15:19:27Z",
        "value": "208.62109375",
        "cumulative": false
    },
    {
        "date": "2020-09-10T15:19:43Z",
        "value": "259.234375",
        "cumulative": false
    },
    {
        "date": "2020-09-10T15:19:59Z",
        "value": "228.26171875",
        "cumulative": false
    },
    {
        "date": "2020-09-10T15:20:15Z",
        "value": "284.51171875",
        "cumulative": false
    },
    {
        "date": "2020-09-10T15:20:27Z",
        "value": "228.29296875",
        "cumulative": false
    },
    {
        "date": "2020-09-10T15:20:44Z",
        "value": "253.00390625",
        "cumulative": false
    },
    {
        "date": "2020-09-10T15:20:58Z",
        "value": "253.00390625",
        "cumulative": false
    },
    {
        "date": "2020-09-10T15:21:11Z",
        "value": "261.62890625",
        "cumulative": false
    },
    {
        "date": "2020-09-10T15:21:24Z",
        "value": "339.62890625",
        "cumulative": false
    },
    {
        "date": "2020-09-10T15:21:39Z",
        "value": "253.00390625",
        "cumulative": false
    },
    {
        "date": "2020-09-10T15:21:58Z",
        "value": "284.390625",
        "cumulative": false
    },
    {
        "date": "2020-09-10T15:22:17Z",
        "value": "390.66796875",
        "cumulative": false
    },
    {
        "date": "2020-09-10T15:22:34Z",
        "value": "284.390625",
        "cumulative": false
    },
    {
        "date": "2020-09-10T15:22:46Z",
        "value": "416.66796875",
        "cumulative": false
    },
    {
        "date": "2020-09-10T15:22:59Z",
        "value": "284.29296875",
        "cumulative": false
    },
    {
        "date": "2020-09-10T15:23:14Z",
        "value": "323.890625",
        "cumulative": false
    },
    {
        "date": "2020-09-10T15:23:31Z",
        "value": "359.28125",
        "cumulative": false
    },
    {
        "date": "2020-09-10T15:23:51Z",
        "value": "332.015625",
        "cumulative": false
    },
    {
        "date": "2020-09-10T15:24:10Z",
        "value": "323.78125",
        "cumulative": false
    },
    {
        "date": "2020-09-10T15:24:22Z",
        "value": "323.890625",
        "cumulative": false
    },
    {
        "date": "2020-09-10T15:24:37Z",
        "value": "323.87109375",
        "cumulative": false
    },
    {
        "date": "2020-09-10T15:24:49Z",
        "value": "323.78125",
        "cumulative": false
    },
    {
        "date": "2020-09-10T15:25:01Z",
        "value": "373.6484375",
        "cumulative": false
    },
    {
        "date": "2020-09-10T15:25:15Z",
        "value": "373.6484375",
        "cumulative": false
    },
    {
        "date": "2020-09-10T15:25:29Z",
        "value": "373.65234375",
        "cumulative": false
    },
    {
        "date": "2020-09-10T15:25:40Z",
        "value": "373.65234375",
        "cumulative": false
    },
    {
        "date": "2020-09-10T15:25:58Z",
        "value": "547.6484375",
        "cumulative": false
    },
    {
        "date": "2020-09-10T15:26:15Z",
        "value": "403.40234375",
        "cumulative": false
    },
    {
        "date": "2020-09-10T15:26:34Z",
        "value": "373.765625",
        "cumulative": false
    },
    {
        "date": "2020-09-10T15:26:53Z",
        "value": "373.65234375",
        "cumulative": false
    },
    {
        "date": "2020-09-10T15:27:04Z",
        "value": "512.65234375",
        "cumulative": false
    },
    {
        "date": "2020-09-10T15:27:17Z",
        "value": "436.61328125",
        "cumulative": false
    },
    {
        "date": "2020-09-10T15:27:36Z",
        "value": "693.11328125",
        "cumulative": false
    },
    {
        "date": "2020-09-10T15:27:53Z",
        "value": "436.640625",
        "cumulative": false
    },
    {
        "date": "2020-09-10T15:28:12Z",
        "value": "436.640625",
        "cumulative": false
    },
    {
        "date": "2020-09-10T15:28:31Z",
        "value": "436.61328125",
        "cumulative": false
    },
    {
        "date": "2020-09-10T15:28:42Z",
        "value": "436.61328125",
        "cumulative": false
    },
    {
        "date": "2020-09-10T15:28:58Z",
        "value": "436.640625",
        "cumulative": false
    },
    {
        "date": "2020-09-10T15:29:08Z",
        "value": "436.61328125",
        "cumulative": false
    },
    {
        "date": "2020-09-10T15:29:28Z",
        "value": "436.640625",
        "cumulative": false
    },
    {
        "date": "2020-09-10T15:29:40Z",
        "value": "488.86328125",
        "cumulative": false
    },
    {
        "date": "2020-09-10T15:29:51Z",
        "value": "436.61328125",
        "cumulative": false
    },
    {
        "date": "2020-09-10T15:30:02Z",
        "value": "833.859375",
        "cumulative": false
    },
    {
        "date": "2020-09-10T15:30:13Z",
        "value": "516.140625",
        "cumulative": false
    },
    {
        "date": "2020-09-10T15:30:31Z",
        "value": "516.140625",
        "cumulative": false
    },
    {
        "date": "2020-09-10T15:30:44Z",
        "value": "516.10546875",
        "cumulative": false
    },
    {
        "date": "2020-09-10T15:31:03Z",
        "value": "552.484375",
        "cumulative": false
    },
    {
        "date": "2020-09-10T15:31:19Z",
        "value": "516.109375",
        "cumulative": false
    },
    {
        "date": "2020-09-10T15:31:37Z",
        "value": "516.10546875",
        "cumulative": false
    },
    {
        "date": "2020-09-10T15:31:51Z",
        "value": "662.85546875",
        "cumulative": false
    },
    {
        "date": "2020-09-10T15:32:04Z",
        "value": "638.23046875",
        "cumulative": false
    },
    {
        "date": "2020-09-10T15:32:19Z",
        "value": "538.859375",
        "cumulative": false
    },
    {
        "date": "2020-09-10T15:32:31Z",
        "value": "516.109375",
        "cumulative": false
    },
    {
        "date": "2020-09-10T15:32:43Z",
        "value": "516.140625",
        "cumulative": false
    },
    {
        "date": "2020-09-10T15:33:00Z",
        "value": "516.109375",
        "cumulative": false
    },
    {
        "date": "2020-09-10T15:33:14Z",
        "value": "516.10546875",
        "cumulative": false
    },
    {
        "date": "2020-09-10T15:33:30Z",
        "value": "133.88671875",
        "cumulative": false
    }
]