[
    {
        "date": "2020-09-10T15:15:53Z",
        "value": "4.00543212890625e-05",
        "cumulative": true
    },
    {
        "date": "2020-09-10T15:16:22Z",
        "value": "4.00543212890625e-05",
        "cumulative": true
    },
    {
        "date": "2020-09-10T15:16:37Z",
        "value": "957.7034254074097",
        "cumulative": true
    },
    {
        "date": "2020-09-10T15:16:50Z",
        "value": "4701.382552146912",
        "cumulative": true
    },
    {
        "date": "2020-09-10T15:17:00Z",
        "value": "8154.379237174988",
        "cumulative": true
    },
    {
        "date": "2020-09-10T15:17:11Z",
        "value": "11540.128890037537",
        "cumulative": true
    },
    {
        "date": "2020-09-10T15:17:30Z",
        "value": "17460.324328422546",
        "cumulative": true
    },
    {
        "date": "2020-09-10T15:17:47Z",
        "value": "22536.52560520172",
        "cumulative": true
    },
    {
        "date": "2020-09-10T15:17:58Z",
        "value": "25538.62190914154",
        "cumulative": true
    },
    {
        "date": "2020-09-10T15:18:13Z",
        "value": "29832.036467552185",
        "cumulative": true
    },
    {
        "date": "2020-09-10T15:18:28Z",
        "value": "34491.97188663483",
        "cumulative": true
    },
    {
        "date": "2020-09-10T15:18:43Z",
        "value": "39261.06223964691",
        "cumulative": true
    },
    {
        "date": "2020-09-10T15:19:00Z",
        "value": "44773.982670784",
        "cumulative": true
    },
    {
        "date": "2020-09-10T15:19:13Z",
        "value": "49238.50447177887",
        "cumulative": true
    },
    {
        "date": "2020-09-10T15:19:25Z",
        "value": "53515.538189888",
        "cumulative": true
    },
    {
        "date": "2020-09-10T15:19:42Z",
        "value": "59260.47485637665",
        "cumulative": true
    },
    {
        "date": "2020-09-10T15:20:00Z",
        "value": "65637.28237056732",
        "cumulative": true
    },
    {
        "date": "2020-09-10T15:20:17Z",
        "value": "71765.39271450043",
        "cumulative": true
    },
    {
        "date": "2020-09-10T15:20:29Z",
        "value": "76234.07741832733",
        "cumulative": true
    },
    {
        "date": "2020-09-10T15:20:46Z",
        "value": "81642.90585041046",
        "cumulative": true
    },
    {
        "date": "2020-09-10T15:21:02Z",
        "value": "86528.14239788055",
        "cumulative": true
    },
    {
        "date": "2020-09-10T15:21:21Z",
        "value": "92820.18958759308",
        "cumulative": true
    },
    {
        "date": "2020-09-10T15:21:40Z",
        "value": "99427.06999874115",
        "cumulative": true
    },
    {
        "date": "2020-09-10T15:21:51Z",
        "value": "103092.08545780182",
        "cumulative": true
    },
    {
        "date": "2020-09-10T15:22:07Z",
        "value": "107839.73127269745",
        "cumulative": true
    },
    {
        "date": "2020-09-10T15:22:21Z",
        "value": "112148.14747333527",
        "cumulative": true
    },
    {
        "date": "2020-09-10T15:22:40Z",
        "value": "117891.55242443085",
        "cumulative": true
    },
    {
        "date": "2020-09-10T15:22:59Z",
        "value": "123698.00406360626",
        "cumulative": true
    },
    {
        "date": "2020-09-10T15:23:17Z",
        "value": "129613.02499485016",
        "cumulative": true
    },
    {
        "date": "2020-09-10T15:23:34Z",
        "value": "134748.2189207077",
        "cumulative": true
    },
    {
        "date": "2020-09-10T15:23:54Z",
        "value": "140824.95515346527",
        "cumulative": true
    },
    {
        "date": "2020-09-10T15:24:05Z",
        "value": "144147.7475786209",
        "cumulative": true
    },
    {
        "date": "2020-09-10T15:24:17Z",
        "value": "148160.48429584503",
        "cumulative": true
    },
    {
        "date": "2020-09-10T15:24:34Z",
        "value": "153452.67011737823",
        "cumulative": true
    },
    {
        "date": "2020-09-10T15:24:47Z",
        "value": "157422.74718379974",
        "cumulative": true
    },
    {
        "date": "2020-09-10T15:25:07Z",
        "value": "163628.92640209198",
        "cumulative": true
    },
    {
        "date": "2020-09-10T15:25:19Z",
        "value": "167274.45222949982",
        "cumulative": true
    },
    {
        "date": "2020-09-10T15:25:29Z",
        "value": "170645.1724538803",
        "cumulative": true
    },
    {
        "date": "2020-09-10T15:25:40Z",
        "value": "174108.05396556854",
        "cumulative": true
    },
    {
        "date": "2020-09-10T15:25:53Z",
        "value": "178212.89651203156",
        "cumulative": true
    },
    {
        "date": "2020-09-10T15:26:05Z",
        "value": "181990.78959178925",
        "cumulative": true
    },
    {
        "date": "2020-09-10T15:26:23Z",
        "value": "187473.39863491058",
        "cumulative": true
    },
    {
        "date": "2020-09-10T15:26:37Z",
        "value": "192098.65547466278",
        "cumulative": true
    },
    {
        "date": "2020-09-10T15:26:49Z",
        "value": "195900.9974565506",
        "cumulative": true
    },
    {
        "date": "2020-09-10T15:27:04Z",
        "value": "200541.11689853668",
        "cumulative": true
    },
    {
        "date": "2020-09-10T15:27:16Z",
        "value": "204217.55845928192",
        "cumulative": true
    },
    {
        "date": "2020-09-10T15:27:28Z",
        "value": "208091.64362239838",
        "cumulative": true
    },
    {
        "date": "2020-09-10T15:27:42Z",
        "value": "212886.6614484787",
        "cumulative": true
    },
    {
        "date": "2020-09-10T15:27:59Z",
        "value": "218210.1079301834",
        "cumulative": true
    },
    {
        "date": "2020-09-10T15:28:17Z",
        "value": "224233.5530462265",
        "cumulative": true
    },
    {
        "date": "2020-09-10T15:28:28Z",
        "value": "227790.13247776031",
        "cumulative": true
    },
    {
        "date": "2020-09-10T15:28:47Z",
        "value": "233867.71621608734",
        "cumulative": true
    },
    {
        "date": "2020-09-10T15:29:05Z",
        "value": "239713.47837352753",
        "cumulative": true
    },
    {
        "date": "2020-09-10T15:29:19Z",
        "value": "244258.05412197113",
        "cumulative": true
    },
    {
        "date": "2020-09-10T15:29:36Z",
        "value": "249947.9885778427",
        "cumulative": true
    },
    {
        "date": "2020-09-10T15:29:56Z",
        "value": "256077.47428417206",
        "cumulative": true
    },
    {
        "date": "2020-09-10T15:30:10Z",
        "value": "260609.30782413483",
        "cumulative": true
    },
    {
        "date": "2020-09-10T15:30:24Z",
        "value": "265447.78577136993",
        "cumulative": true
    },
    {
        "date": "2020-09-10T15:30:38Z",
        "value": "270139.37670993805",
        "cumulative": true
    },
    {
        "date": "2020-09-10T15:30:57Z",
        "value": "276177.26867961884",
        "cumulative": true
    },
    {
        "date": "2020-09-10T15:31:10Z",
        "value": "280201.0012254715",
        "cumulative": true
    },
    {
        "date": "2020-09-10T15:31:29Z",
        "value": "286718.9263048172",
        "cumulative": true
    },
    {
        "date": "2020-09-10T15:31:42Z",
        "value": "290617.6986131668",
        "cumulative": true
    },
    {
        "date": "2020-09-10T15:32:01Z",
        "value": "296890.256814003",
        "cumulative": true
    },
    {
        "date": "2020-09-10T15:32:21Z",
        "value": "302747.8300218582",
        "cumulative": true
    },
    {
        "date": "2020-09-10T15:32:39Z",
        "value": "308687.20307445526",
        "cumulative": true
    },
    {
        "date": "2020-09-10T15:32:53Z",
        "value": "313139.146777153",
        "cumulative": true
    },
    {
        "date": "2020-09-10T15:33:11Z",
        "value": "319248.47117710114",
        "cumulative": true
    },
    {
        "date": "2020-09-10T15:33:22Z",
        "value": "322538.3711671829",
        "cumulative": true
    }
]