[
    {
        "date": "2020-09-10T15:16:05Z",
        "value": "4.00543212890625e-05",
        "cumulative": true
    },
    {
        "date": "2020-09-10T15:16:18Z",
        "value": "4.00543212890625e-05",
        "cumulative": true
    },
    {
        "date": "2020-09-10T15:16:46Z",
        "value": "3509.138349533081",
        "cumulative": true
    },
    {
        "date": "2020-09-10T15:16:58Z",
        "value": "7516.050819396973",
        "cumulative": true
    },
    {
        "date": "2020-09-10T15:17:11Z",
        "value": "11651.290140151978",
        "cumulative": true
    },
    {
        "date": "2020-09-10T15:17:22Z",
        "value": "14920.907787322998",
        "cumulative": true
    },
    {
        "date": "2020-09-10T15:17:38Z",
        "value": "19917.147550582886",
        "cumulative": true
    },
    {
        "date": "2020-09-10T15:17:55Z",
        "value": "24903.183963775635",
        "cumulative": true
    },
    {
        "date": "2020-09-10T15:18:15Z",
        "value": "30525.87223815918",
        "cumulative": true
    },
    {
        "date": "2020-09-10T15:18:26Z",
        "value": "33738.65997123718",
        "cumulative": true
    },
    {
        "date": "2020-09-10T15:18:44Z",
        "value": "39414.1455116272",
        "cumulative": true
    },
    {
        "date": "2020-09-10T15:18:58Z",
        "value": "43935.58428001404",
        "cumulative": true
    },
    {
        "date": "2020-09-10T15:19:17Z",
        "value": "50703.48042869568",
        "cumulative": true
    },
    {
        "date": "2020-09-10T15:19:35Z",
        "value": "56814.29169464111",
        "cumulative": true
    },
    {
        "date": "2020-09-10T15:19:53Z",
        "value": "63141.05622673035",
        "cumulative": true
    },
    {
        "date": "2020-09-10T15:20:07Z",
        "value": "67988.64025688171",
        "cumulative": true
    },
    {
        "date": "2020-09-10T15:20:24Z",
        "value": "74378.99186706543",
        "cumulative": true
    },
    {
        "date": "2020-09-10T15:20:41Z",
        "value": "79926.97770118713",
        "cumulative": true
    },
    {
        "date": "2020-09-10T15:20:52Z",
        "value": "83485.18982887268",
        "cumulative": true
    },
    {
        "date": "2020-09-10T15:21:07Z",
        "value": "87934.55963516235",
        "cumulative": true
    },
    {
        "date": "2020-09-10T15:21:27Z",
        "value": "94775.63453102112",
        "cumulative": true
    },
    {
        "date": "2020-09-10T15:21:41Z",
        "value": "99988.87743759155",
        "cumulative": true
    },
    {
        "date": "2020-09-10T15:21:55Z",
        "value": "104378.95287132263",
        "cumulative": true
    },
    {
        "date": "2020-09-10T15:22:15Z",
        "value": "110197.95470046997",
        "cumulative": true
    },
    {
        "date": "2020-09-10T15:22:32Z",
        "value": "115223.5688457489",
        "cumulative": true
    },
    {
        "date": "2020-09-10T15:22:44Z",
        "value": "118922.28685379028",
        "cumulative": true
    },
    {
        "date": "2020-09-10T15:22:58Z",
        "value": "123253.14958763123",
        "cumulative": true
    },
    {
        "date": "2020-09-10T15:23:12Z",
        "value": "128186.86325836182",
        "cumulative": true
    },
    {
        "date": "2020-09-10T15:23:25Z",
        "value": "131855.96332359314",
        "cumulative": true
    },
    {
        "date": "2020-09-10T15:23:44Z",
        "value": "137758.41864013672",
        "cumulative": true
    },
    {
        "date": "2020-09-10T15:24:00Z",
        "value": "142790.915391922",
        "cumulative": true
    },
    {
        "date": "2020-09-10T15:24:13Z",
        "value": "146840.9541912079",
        "cumulative": true
    },
    {
        "date": "2020-09-10T15:24:25Z",
        "value": "150835.5855731964",
        "cumulative": true
    },
    {
        "date": "2020-09-10T15:24:40Z",
        "value": "155505.2346572876",
        "cumulative": true
    },
    {
        "date": "2020-09-10T15:24:57Z",
        "value": "160606.91878318787",
        "cumulative": true
    },
    {
        "date": "2020-09-10T15:25:07Z",
        "value": "163895.4164505005",
        "cumulative": true
    },
    {
        "date": "2020-09-10T15:25:22Z",
        "value": "168611.2169933319",
        "cumulative": true
    },
    {
        "date": "2020-09-10T15:25:39Z",
        "value": "173967.145570755",
        "cumulative": true
    },
    {
        "date": "2020-09-10T15:25:55Z",
        "value": "178888.7589969635",
        "cumulative": true
    },
    {
        "date": "2020-09-10T15:26:14Z",
        "value": "185054.8120136261",
        "cumulative": true
    },
    {
        "date": "2020-09-10T15:26:31Z",
        "value": "190457.77121162415",
        "cumulative": true
    },
    {
        "date": "2020-09-10T15:26:49Z",
        "value": "196021.4725971222",
        "cumulative": true
    },
    {
        "date": "2020-09-10T15:27:01Z",
        "value": "199812.05651474",
        "cumulative": true
    },
    {
        "date": "2020-09-10T15:27:19Z",
        "value": "205333.42010307312",
        "cumulative": true
    },
    {
        "date": "2020-09-10T15:27:29Z",
        "value": "208656.83618736267",
        "cumulative": true
    },
    {
        "date": "2020-09-10T15:27:43Z",
        "value": "213152.7592830658",
        "cumulative": true
    },
    {
        "date": "2020-09-10T15:28:03Z",
        "value": "219562.07677268982",
        "cumulative": true
    },
    {
        "date": "2020-09-10T15:28:22Z",
        "value": "225871.1910057068",
        "cumulative": true
    },
    {
        "date": "2020-09-10T15:28:39Z",
        "value": "231344.9112854004",
        "cumulative": true
    },
    {
        "date": "2020-09-10T15:28:55Z",
        "value": "236461.41312599182",
        "cumulative": true
    },
    {
        "date": "2020-09-10T15:29:08Z",
        "value": "241032.61610221863",
        "cumulative": true
    },
    {
        "date": "2020-09-10T15:29:19Z",
        "value": "244303.70217323303",
        "cumulative": true
    },
    {
        "date": "2020-09-10T15:29:32Z",
        "value": "248552.76214027405",
        "cumulative": true
    },
    {
        "date": "2020-09-10T15:29:43Z",
        "value": "252170.35057640076",
        "cumulative": true
    },
    {
        "date": "2020-09-10T15:29:53Z",
        "value": "255440.48345565796",
        "cumulative": true
    },
    {
        "date": "2020-09-10T15:30:12Z",
        "value": "261461.45123291016",
        "cumulative": true
    },
    {
        "date": "2020-09-10T15:30:27Z",
        "value": "266167.8277721405",
        "cumulative": true
    },
    {
        "date": "2020-09-10T15:30:39Z",
        "value": "270389.54435920715",
        "cumulative": true
    },
    {
        "date": "2020-09-10T15:30:56Z",
        "value": "276206.523809433",
        "cumulative": true
    },
    {
        "date": "2020-09-10T15:31:11Z",
        "value": "280889.3111782074",
        "cumulative": true
    },
    {
        "date": "2020-09-10T15:31:24Z",
        "value": "284912.3421058655",
        "cumulative": true
    },
    {
        "date": "2020-09-10T15:31:42Z",
        "value": "290630.1214160919",
        "cumulative": true
    },
    {
        "date": "2020-09-10T15:31:57Z",
        "value": "295315.39967155457",
        "cumulative": true
    },
    {
        "date": "2020-09-10T15:32:09Z",
        "value": "299157.6926765442",
        "cumulative": true
    },
    {
        "date": "2020-09-10T15:32:23Z",
        "value": "303680.8440914154",
        "cumulative": true
    },
    {
        "date": "2020-09-10T15:32:38Z",
        "value": "308386.0695819855",
        "cumulative": true
    },
    {
        "date": "2020-09-10T15:32:53Z",
        "value": "313382.170129776",
        "cumulative": true
    },
    {
        "date": "2020-09-10T15:33:11Z",
        "value": "319119.2494869232",
        "cumulative": true
    },
    {
        "date": "2020-09-10T15:33:28Z",
        "value": "322464.65480041504",
        "cumulative": true
    }
]