[
    {
        "date": "2020-09-10T15:16:20Z",
        "value": "0.010139953",
        "cumulative": false
    },
    {
        "date": "2020-09-10T15:16:35Z",
        "value": "1.139165625",
        "cumulative": false
    },
    {
        "date": "2020-09-10T15:16:52Z",
        "value": "1.026357934",
        "cumulative": false
    },
    {
        "date": "2020-09-10T15:17:04Z",
        "value": "1.001991464",
        "cumulative": false
    },
    {
        "date": "2020-09-10T15:17:20Z",
        "value": "1.0008075",
        "cumulative": false
    },
    {
        "date": "2020-09-10T15:17:39Z",
        "value": "1.001115777",
        "cumulative": false
    },
    {
        "date": "2020-09-10T15:17:49Z",
        "value": "0.999755826",
        "cumulative": false
    },
    {
        "date": "2020-09-10T15:18:00Z",
        "value": "1.001049038",
        "cumulative": false
    },
    {
        "date": "2020-09-10T15:18:12Z",
        "value": "0.999669234",
        "cumulative": false
    },
    {
        "date": "2020-09-10T15:18:29Z",
        "value": "1.000695888",
        "cumulative": false
    },
    {
        "date": "2020-09-10T15:18:47Z",
        "value": "1.000544997",
        "cumulative": false
    },
    {
        "date": "2020-09-10T15:19:05Z",
        "value": "0.99974548",
        "cumulative": false
    },
    {
        "date": "2020-09-10T15:19:25Z",
        "value": "0.999835157",
        "cumulative": false
    },
    {
        "date": "2020-09-10T15:19:40Z",
        "value": "0.999794325",
        "cumulative": false
    },
    {
        "date": "2020-09-10T15:19:52Z",
        "value": "0.999224822",
        "cumulative": false
    },
    {
        "date": "2020-09-10T15:20:11Z",
        "value": "0.999808038",
        "cumulative": false
    },
    {
        "date": "2020-09-10T15:20:29Z",
        "value": "0.998891883",
        "cumulative": false
    },
    {
        "date": "2020-09-10T15:20:48Z",
        "value": "1.000518938",
        "cumulative": false
    },
    {
        "date": "2020-09-10T15:21:01Z",
        "value": "0.999692845",
        "cumulative": false
    },
    {
        "date": "2020-09-10T15:21:16Z",
        "value": "0.999696178",
        "cumulative": false
    },
    {
        "date": "2020-09-10T15:21:26Z",
        "value": "0.999802535",
        "cumulative": false
    },
    {
        "date": "2020-09-10T15:21:45Z",
        "value": "1.000126363",
        "cumulative": false
    },
    {
        "date": "2020-09-10T15:22:03Z",
        "value": "0.999670321",
        "cumulative": false
    },
    {
        "date": "2020-09-10T15:22:21Z",
        "value": "0.999542183",
        "cumulative": false
    },
    {
        "date": "2020-09-10T15:22:35Z",
        "value": "0.99983291",
        "cumulative": false
    },
    {
        "date": "2020-09-10T15:22:47Z",
        "value": "0.999648532",
        "cumulative": false
    },
    {
        "date": "2020-09-10T15:23:01Z",
        "value": "0.999458211",
        "cumulative": false
    },
    {
        "date": "2020-09-10T15:23:12Z",
        "value": "1.000654057",
        "cumulative": false
    },
    {
        "date": "2020-09-10T15:23:30Z",
        "value": "0.999635793",
        "cumulative": false
    },
    {
        "date": "2020-09-10T15:23:48Z",
        "value": "0.999775894",
        "cumulative": false
    },
    {
        "date": "2020-09-10T15:24:04Z",
        "value": "0.999792517",
        "cumulative": false
    },
    {
        "date": "2020-09-10T15:24:21Z",
        "value": "0.999688846",
        "cumulative": false
    },
    {
        "date": "2020-09-10T15:24:32Z",
        "value": "0.999571266",
        "cumulative": false
    },
    {
        "date": "2020-09-10T15:24:43Z",
        "value": "0.999688641",
        "cumulative": false
    },
    {
        "date": "2020-09-10T15:25:02Z",
        "value": "1.000875551",
        "cumulative": false
    },
    {
        "date": "2020-09-10T15:25:18Z",
        "value": "0.999729552",
        "cumulative": false
    },
    {
        "date": "2020-09-10T15:25:28Z",
        "value": "0.999928333",
        "cumulative": false
    },
    {
        "date": "2020-09-10T15:25:39Z",
        "value": "0.999752617",
        "cumulative": false
    },
    {
        "date": "2020-09-10T15:25:51Z",
        "value": "0.999663141",
        "cumulative": false
    },
    {
        "date": "2020-09-10T15:26:08Z",
        "value": "0.999208057",
        "cumulative": false
    },
    {
        "date": "2020-09-10T15:26:20Z",
        "value": "0.999717166",
        "cumulative": false
    },
    {
        "date": "2020-09-10T15:26:37Z",
        "value": "0.999705404",
        "cumulative": false
    },
    {
        "date": "2020-09-10T15:26:53Z",
        "value": "0.999420342",
        "cumulative": false
    },
    {
        "date": "2020-09-10T15:27:07Z",
        "value": "0.999755529",
        "cumulative": false
    },
    {
        "date": "2020-09-10T15:27:20Z",
        "value": "1.000463038",
        "cumulative": false
    },
    {
        "date": "2020-09-10T15:27:39Z",
        "value": "0.999807183",
        "cumulative": false
    },
    {
        "date": "2020-09-10T15:27:51Z",
        "value": "0.999922526",
        "cumulative": false
    },
    {
        "date": "2020-09-10T15:28:03Z",
        "value": "0.999844057",
        "cumulative": false
    },
    {
        "date": "2020-09-10T15:28:21Z",
        "value": "0.999691119",
        "cumulative": false
    },
    {
        "date": "2020-09-10T15:28:34Z",
        "value": "0.999616638",
        "cumulative": false
    },
    {
        "date": "2020-09-10T15:28:45Z",
        "value": "0.999758948",
        "cumulative": false
    },
    {
        "date": "2020-09-10T15:29:01Z",
        "value": "0.999808913",
        "cumulative": false
    },
    {
        "date": "2020-09-10T15:29:15Z",
        "value": "0.999811276",
        "cumulative": false
    },
    {
        "date": "2020-09-10T15:29:29Z",
        "value": "0.99927976",
        "cumulative": false
    },
    {
        "date": "2020-09-10T15:29:40Z",
        "value": "0.999815774",
        "cumulative": false
    },
    {
        "date": "2020-09-10T15:29:58Z",
        "value": "1.000452348",
        "cumulative": false
    },
    {
        "date": "2020-09-10T15:30:13Z",
        "value": "0.99966861",
        "cumulative": false
    },
    {
        "date": "2020-09-10T15:30:24Z",
        "value": "0.999756084",
        "cumulative": false
    },
    {
        "date": "2020-09-10T15:30:40Z",
        "value": "0.999705533",
        "cumulative": false
    },
    {
        "date": "2020-09-10T15:30:57Z",
        "value": "0.999764247",
        "cumulative": false
    },
    {
        "date": "2020-09-10T15:31:09Z",
        "value": "0.999476217",
        "cumulative": false
    },
    {
        "date": "2020-09-10T15:31:27Z",
        "value": "0.999767567",
        "cumulative": false
    },
    {
        "date": "2020-09-10T15:31:38Z",
        "value": "0.999902101",
        "cumulative": false
    },
    {
        "date": "2020-09-10T15:31:48Z",
        "value": "0.999793532",
        "cumulative": false
    },
    {
        "date": "2020-09-10T15:31:59Z",
        "value": "0.999897538",
        "cumulative": false
    },
    {
        "date": "2020-09-10T15:32:18Z",
        "value": "0.999381139",
        "cumulative": false
    },
    {
        "date": "2020-09-10T15:32:33Z",
        "value": "0.998757537",
        "cumulative": false
    },
    {
        "date": "2020-09-10T15:32:51Z",
        "value": "0.999384963",
        "cumulative": false
    },
    {
        "date": "2020-09-10T15:33:02Z",
        "value": "0.999716567",
        "cumulative": false
    },
    {
        "date": "2020-09-10T15:33:15Z",
        "value": "0.999711788",
        "cumulative": false
    }
]