[
    {
        "date": "2020-09-10T15:15:54Z",
        "value": "4.00543212890625e-05",
        "cumulative": true
    },
    {
        "date": "2020-09-10T15:16:13Z",
        "value": "4.00543212890625e-05",
        "cumulative": true
    },
    {
        "date": "2020-09-10T15:16:30Z",
        "value": "44.46354103088379",
        "cumulative": true
    },
    {
        "date": "2020-09-10T15:16:48Z",
        "value": "4151.234980583191",
        "cumulative": true
    },
    {
        "date": "2020-09-10T15:17:03Z",
        "value": "9231.090361595154",
        "cumulative": true
    },
    {
        "date": "2020-09-10T15:17:16Z",
        "value": "13117.792300224304",
        "cumulative": true
    },
    {
        "date": "2020-09-10T15:17:30Z",
        "value": "17375.271810531616",
        "cumulative": true
    },
    {
        "date": "2020-09-10T15:17:48Z",
        "value": "22768.004822731018",
        "cumulative": true
    },
    {
        "date": "2020-09-10T15:18:02Z",
        "value": "26811.248582839966",
        "cumulative": true
    },
    {
        "date": "2020-09-10T15:18:14Z",
        "value": "30132.380235671997",
        "cumulative": true
    },
    {
        "date": "2020-09-10T15:18:27Z",
        "value": "34385.26893043518",
        "cumulative": true
    },
    {
        "date": "2020-09-10T15:18:42Z",
        "value": "38771.75203323364",
        "cumulative": true
    },
    {
        "date": "2020-09-10T15:18:56Z",
        "value": "43324.24788284302",
        "cumulative": true
    },
    {
        "date": "2020-09-10T15:19:14Z",
        "value": "49580.253593444824",
        "cumulative": true
    },
    {
        "date": "2020-09-10T15:19:25Z",
        "value": "53562.49555969238",
        "cumulative": true
    },
    {
        "date": "2020-09-10T15:19:42Z",
        "value": "59078.24516105652",
        "cumulative": true
    },
    {
        "date": "2020-09-10T15:19:55Z",
        "value": "63881.59118270874",
        "cumulative": true
    },
    {
        "date": "2020-09-10T15:20:08Z",
        "value": "68459.2686958313",
        "cumulative": true
    },
    {
        "date": "2020-09-10T15:20:26Z",
        "value": "75065.31307029724",
        "cumulative": true
    },
    {
        "date": "2020-09-10T15:20:42Z",
        "value": "80313.23006629944",
        "cumulative": true
    },
    {
        "date": "2020-09-10T15:21:02Z",
        "value": "86623.01355171204",
        "cumulative": true
    },
    {
        "date": "2020-09-10T15:21:13Z",
        "value": "90006.99819946289",
        "cumulative": true
    },
    {
        "date": "2020-09-10T15:21:30Z",
        "value": "96068.83086013794",
        "cumulative": true
    },
    {
        "date": "2020-09-10T15:21:45Z",
        "value": "101251.84184551239",
        "cumulative": true
    },
    {
        "date": "2020-09-10T15:21:57Z",
        "value": "105072.8612203598",
        "cumulative": true
    },
    {
        "date": "2020-09-10T15:22:10Z",
        "value": "108831.05901622772",
        "cumulative": true
    },
    {
        "date": "2020-09-10T15:22:24Z",
        "value": "112923.96834850311",
        "cumulative": true
    },
    {
        "date": "2020-09-10T15:22:41Z",
        "value": "118111.17001438141",
        "cumulative": true
    },
    {
        "date": "2020-09-10T15:23:00Z",
        "value": "124000.79753780365",
        "cumulative": true
    },
    {
        "date": "2020-09-10T15:23:18Z",
        "value": "129897.51603317261",
        "cumulative": true
    },
    {
        "date": "2020-09-10T15:23:34Z",
        "value": "134577.0944633484",
        "cumulative": true
    },
    {
        "date": "2020-09-10T15:23:46Z",
        "value": "138382.1340866089",
        "cumulative": true
    },
    {
        "date": "2020-09-10T15:24:00Z",
        "value": "142597.45128250122",
        "cumulative": true
    },
    {
        "date": "2020-09-10T15:24:10Z",
        "value": "145998.90633392334",
        "cumulative": true
    },
    {
        "date": "2020-09-10T15:24:21Z",
        "value": "149463.73786735535",
        "cumulative": true
    },
    {
        "date": "2020-09-10T15:24:39Z",
        "value": "155090.24898910522",
        "cumulative": true
    },
    {
        "date": "2020-09-10T15:24:54Z",
        "value": "159835.25464630127",
        "cumulative": true
    },
    {
        "date": "2020-09-10T15:25:04Z",
        "value": "162996.60790920258",
        "cumulative": true
    },
    {
        "date": "2020-09-10T15:25:16Z",
        "value": "166777.37315273285",
        "cumulative": true
    },
    {
        "date": "2020-09-10T15:25:28Z",
        "value": "170452.2164106369",
        "cumulative": true
    },
    {
        "date": "2020-09-10T15:25:45Z",
        "value": "175826.58960437775",
        "cumulative": true
    },
    {
        "date": "2020-09-10T15:25:55Z",
        "value": "178803.10506153107",
        "cumulative": true
    },
    {
        "date": "2020-09-10T15:26:10Z",
        "value": "183574.97775173187",
        "cumulative": true
    },
    {
        "date": "2020-09-10T15:26:30Z",
        "value": "190013.70821285248",
        "cumulative": true
    },
    {
        "date": "2020-09-10T15:26:47Z",
        "value": "195380.21274471283",
        "cumulative": true
    },
    {
        "date": "2020-09-10T15:27:05Z",
        "value": "201104.4775133133",
        "cumulative": true
    },
    {
        "date": "2020-09-10T15:27:17Z",
        "value": "204799.92411613464",
        "cumulative": true
    },
    {
        "date": "2020-09-10T15:27:28Z",
        "value": "208490.31436157227",
        "cumulative": true
    },
    {
        "date": "2020-09-10T15:27:46Z",
        "value": "214129.91120910645",
        "cumulative": true
    },
    {
        "date": "2020-09-10T15:28:00Z",
        "value": "218863.83737945557",
        "cumulative": true
    },
    {
        "date": "2020-09-10T15:28:18Z",
        "value": "224721.2251033783",
        "cumulative": true
    },
    {
        "date": "2020-09-10T15:28:34Z",
        "value": "229864.2282447815",
        "cumulative": true
    },
    {
        "date": "2020-09-10T15:28:48Z",
        "value": "234299.3526172638",
        "cumulative": true
    },
    {
        "date": "2020-09-10T15:29:01Z",
        "value": "238559.66863441467",
        "cumulative": true
    },
    {
        "date": "2020-09-10T15:29:15Z",
        "value": "243158.1480884552",
        "cumulative": true
    },
    {
        "date": "2020-09-10T15:29:28Z",
        "value": "247093.0177116394",
        "cumulative": true
    },
    {
        "date": "2020-09-10T15:29:40Z",
        "value": "251320.4304485321",
        "cumulative": true
    },
    {
        "date": "2020-09-10T15:29:55Z",
        "value": "256093.8317937851",
        "cumulative": true
    },
    {
        "date": "2020-09-10T15:30:09Z",
        "value": "260408.0960664749",
        "cumulative": true
    },
    {
        "date": "2020-09-10T15:30:20Z",
        "value": "264099.48623752594",
        "cumulative": true
    },
    {
        "date": "2020-09-10T15:30:32Z",
        "value": "268307.63220119476",
        "cumulative": true
    },
    {
        "date": "2020-09-10T15:30:51Z",
        "value": "274361.93695545197",
        "cumulative": true
    },
    {
        "date": "2020-09-10T15:31:07Z",
        "value": "279742.51362133026",
        "cumulative": true
    },
    {
        "date": "2020-09-10T15:31:27Z",
        "value": "286088.1951112747",
        "cumulative": true
    },
    {
        "date": "2020-09-10T15:31:40Z",
        "value": "290500.7265176773",
        "cumulative": true
    },
    {
        "date": "2020-09-10T15:31:58Z",
        "value": "295873.6405591965",
        "cumulative": true
    },
    {
        "date": "2020-09-10T15:32:16Z",
        "value": "301370.31498622894",
        "cumulative": true
    },
    {
        "date": "2020-09-10T15:32:34Z",
        "value": "307253.11983013153",
        "cumulative": true
    },
    {
        "date": "2020-09-10T15:32:52Z",
        "value": "313293.042096138",
        "cumulative": true
    },
    {
        "date": "2020-09-10T15:33:10Z",
        "value": "319071.0350923538",
        "cumulative": true
    },
    {
        "date": "2020-09-10T15:33:24Z",
        "value": "322702.2420568466",
        "cumulative": true
    }
]