[
    {
        "date": "2020-09-10T15:16:00Z",
        "value": "1.8671875",
        "cumulative": false
    },
    {
        "date": "2020-09-10T15:16:20Z",
        "value": "2.9765625",
        "cumulative": false
    },
    {
        "date": "2020-09-10T15:16:35Z",
        "value": "139.8203125",
        "cumulative": false
    },
    {
        "date": "2020-09-10T15:16:52Z",
        "value": "153.80859375",
        "cumulative": false
    },
    {
        "date": "2020-09-10T15:17:04Z",
        "value": "172.60546875",
        "cumulative": false
    },
    {
        "date": "2020-09-10T15:17:20Z",
        "value": "177.19140625",
        "cumulative": false
    },
    {
        "date": "2020-09-10T15:17:39Z",
        "value": "199.18359375",
        "cumulative": false
    },
    {
        "date": "2020-09-10T15:17:49Z",
        "value": "199.1171875",
        "cumulative": false
    },
    {
        "date": "2020-09-10T15:18:00Z",
        "value": "177.6875",
        "cumulative": false
    },
    {
        "date": "2020-09-10T15:18:12Z",
        "value": "195.06640625",
        "cumulative": false
    },
    {
        "date": "2020-09-10T15:18:29Z",
        "value": "187.3203125",
        "cumulative": false
    },
    {
        "date": "2020-09-10T15:18:47Z",
        "value": "225.90625",
        "cumulative": false
    },
    {
        "date": "2020-09-10T15:19:05Z",
        "value": "199.6875",
        "cumulative": false
    },
    {
        "date": "2020-09-10T15:19:25Z",
        "value": "259.58984375",
        "cumulative": false
    },
    {
        "date": "2020-09-10T15:19:40Z",
        "value": "215.1875",
        "cumulative": false
    },
    {
        "date": "2020-09-10T15:19:52Z",
        "value": "215.21484375",
        "cumulative": false
    },
    {
        "date": "2020-09-10T15:20:11Z",
        "value": "234.84375",
        "cumulative": false
    },
    {
        "date": "2020-09-10T15:20:29Z",
        "value": "294.9375",
        "cumulative": false
    },
    {
        "date": "2020-09-10T15:20:48Z",
        "value": "259.5625",
        "cumulative": false
    },
    {
        "date": "2020-09-10T15:21:01Z",
        "value": "290.3046875",
        "cumulative": false
    },
    {
        "date": "2020-09-10T15:21:16Z",
        "value": "353.3046875",
        "cumulative": false
    },
    {
        "date": "2020-09-10T15:21:26Z",
        "value": "308.3125",
        "cumulative": false
    },
    {
        "date": "2020-09-10T15:21:45Z",
        "value": "290.94140625",
        "cumulative": false
    },
    {
        "date": "2020-09-10T15:22:03Z",
        "value": "392.56640625",
        "cumulative": false
    },
    {
        "date": "2020-09-10T15:22:21Z",
        "value": "290.84375",
        "cumulative": false
    },
    {
        "date": "2020-09-10T15:22:35Z",
        "value": "290.84375",
        "cumulative": false
    },
    {
        "date": "2020-09-10T15:22:47Z",
        "value": "429.9140625",
        "cumulative": false
    },
    {
        "date": "2020-09-10T15:23:01Z",
        "value": "299.21875",
        "cumulative": false
    },
    {
        "date": "2020-09-10T15:23:12Z",
        "value": "457.95703125",
        "cumulative": false
    },
    {
        "date": "2020-09-10T15:23:30Z",
        "value": "330.3359375",
        "cumulative": false
    },
    {
        "date": "2020-09-10T15:23:48Z",
        "value": "342.42578125",
        "cumulative": false
    },
    {
        "date": "2020-09-10T15:24:04Z",
        "value": "330.3359375",
        "cumulative": false
    },
    {
        "date": "2020-09-10T15:24:21Z",
        "value": "330.44140625",
        "cumulative": false
    },
    {
        "date": "2020-09-10T15:24:32Z",
        "value": "330.3359375",
        "cumulative": false
    },
    {
        "date": "2020-09-10T15:24:43Z",
        "value": "516.9609375",
        "cumulative": false
    },
    {
        "date": "2020-09-10T15:25:02Z",
        "value": "380.31640625",
        "cumulative": false
    },
    {
        "date": "2020-09-10T15:25:18Z",
        "value": "380.19921875",
        "cumulative": false
    },
    {
        "date": "2020-09-10T15:25:28Z",
        "value": "380.2265625",
        "cumulative": false
    },
    {
        "date": "2020-09-10T15:25:39Z",
        "value": "380.19921875",
        "cumulative": false
    },
    {
        "date": "2020-09-10T15:25:51Z",
        "value": "380.20703125",
        "cumulative": false
    },
    {
        "date": "2020-09-10T15:26:08Z",
        "value": "380.20703125",
        "cumulative": false
    },
    {
        "date": "2020-09-10T15:26:20Z",
        "value": "517.59375",
        "cumulative": false
    },
    {
        "date": "2020-09-10T15:26:37Z",
        "value": "380.20703125",
        "cumulative": false
    },
    {
        "date": "2020-09-10T15:26:53Z",
        "value": "380.20703125",
        "cumulative": false
    },
    {
        "date": "2020-09-10T15:27:07Z",
        "value": "380.31640625",
        "cumulative": false
    },
    {
        "date": "2020-09-10T15:27:20Z",
        "value": "443.1640625",
        "cumulative": false
    },
    {
        "date": "2020-09-10T15:27:39Z",
        "value": "443.1640625",
        "cumulative": false
    },
    {
        "date": "2020-09-10T15:27:51Z",
        "value": "443.19140625",
        "cumulative": false
    },
    {
        "date": "2020-09-10T15:28:03Z",
        "value": "443.1640625",
        "cumulative": false
    },
    {
        "date": "2020-09-10T15:28:21Z",
        "value": "443.16796875",
        "cumulative": false
    },
    {
        "date": "2020-09-10T15:28:34Z",
        "value": "443.16796875",
        "cumulative": false
    },
    {
        "date": "2020-09-10T15:28:45Z",
        "value": "714.04296875",
        "cumulative": false
    },
    {
        "date": "2020-09-10T15:29:01Z",
        "value": "558.69140625",
        "cumulative": false
    },
    {
        "date": "2020-09-10T15:29:15Z",
        "value": "443.1640625",
        "cumulative": false
    },
    {
        "date": "2020-09-10T15:29:29Z",
        "value": "443.19140625",
        "cumulative": false
    },
    {
        "date": "2020-09-10T15:29:40Z",
        "value": "504.04296875",
        "cumulative": false
    },
    {
        "date": "2020-09-10T15:29:58Z",
        "value": "522.69140625",
        "cumulative": false
    },
    {
        "date": "2020-09-10T15:30:13Z",
        "value": "522.7265625",
        "cumulative": false
    },
    {
        "date": "2020-09-10T15:30:24Z",
        "value": "623.53125",
        "cumulative": false
    },
    {
        "date": "2020-09-10T15:30:40Z",
        "value": "522.65625",
        "cumulative": false
    },
    {
        "date": "2020-09-10T15:30:57Z",
        "value": "875.15625",
        "cumulative": false
    },
    {
        "date": "2020-09-10T15:31:09Z",
        "value": "750.53125",
        "cumulative": false
    },
    {
        "date": "2020-09-10T15:31:27Z",
        "value": "522.6640625",
        "cumulative": false
    },
    {
        "date": "2020-09-10T15:31:38Z",
        "value": "522.65625",
        "cumulative": false
    },
    {
        "date": "2020-09-10T15:31:48Z",
        "value": "522.69140625",
        "cumulative": false
    },
    {
        "date": "2020-09-10T15:31:59Z",
        "value": "522.65625",
        "cumulative": false
    },
    {
        "date": "2020-09-10T15:32:18Z",
        "value": "787.28125",
        "cumulative": false
    },
    {
        "date": "2020-09-10T15:32:33Z",
        "value": "522.65625",
        "cumulative": false
    },
    {
        "date": "2020-09-10T15:32:51Z",
        "value": "522.69140625",
        "cumulative": false
    },
    {
        "date": "2020-09-10T15:33:02Z",
        "value": "636.28125",
        "cumulative": false
    },
    {
        "date": "2020-09-10T15:33:15Z",
        "value": "695.90625",
        "cumulative": false
    }
]