[
    {
        "date": "2020-09-10T15:16:10Z",
        "value": "1.796875",
        "cumulative": false
    },
    {
        "date": "2020-09-10T15:16:23Z",
        "value": "3.03125",
        "cumulative": false
    },
    {
        "date": "2020-09-10T15:16:36Z",
        "value": "134.55859375",
        "cumulative": false
    },
    {
        "date": "2020-09-10T15:16:53Z",
        "value": "154.26953125",
        "cumulative": false
    },
    {
        "date": "2020-09-10T15:17:12Z",
        "value": "159.515625",
        "cumulative": false
    },
    {
        "date": "2020-09-10T15:17:25Z",
        "value": "203.66015625",
        "cumulative": false
    },
    {
        "date": "2020-09-10T15:17:36Z",
        "value": "203.453125",
        "cumulative": false
    },
    {
        "date": "2020-09-10T15:17:49Z",
        "value": "221.80078125",
        "cumulative": false
    },
    {
        "date": "2020-09-10T15:18:08Z",
        "value": "170.97265625",
        "cumulative": false
    },
    {
        "date": "2020-09-10T15:18:24Z",
        "value": "219.6015625",
        "cumulative": false
    },
    {
        "date": "2020-09-10T15:18:35Z",
        "value": "209.10546875",
        "cumulative": false
    },
    {
        "date": "2020-09-10T15:18:51Z",
        "value": "192.9765625",
        "cumulative": false
    },
    {
        "date": "2020-09-10T15:19:04Z",
        "value": "192.9765625",
        "cumulative": false
    },
    {
        "date": "2020-09-10T15:19:21Z",
        "value": "208.4765625",
        "cumulative": false
    },
    {
        "date": "2020-09-10T15:19:32Z",
        "value": "280.25390625",
        "cumulative": false
    },
    {
        "date": "2020-09-10T15:19:49Z",
        "value": "208.53125",
        "cumulative": false
    },
    {
        "date": "2020-09-10T15:20:09Z",
        "value": "253.57421875",
        "cumulative": false
    },
    {
        "date": "2020-09-10T15:20:21Z",
        "value": "270.60546875",
        "cumulative": false
    },
    {
        "date": "2020-09-10T15:20:32Z",
        "value": "280.69921875",
        "cumulative": false
    },
    {
        "date": "2020-09-10T15:20:46Z",
        "value": "301.34765625",
        "cumulative": false
    },
    {
        "date": "2020-09-10T15:21:01Z",
        "value": "252.84765625",
        "cumulative": false
    },
    {
        "date": "2020-09-10T15:21:14Z",
        "value": "252.86328125",
        "cumulative": false
    },
    {
        "date": "2020-09-10T15:21:33Z",
        "value": "252.87109375",
        "cumulative": false
    },
    {
        "date": "2020-09-10T15:21:43Z",
        "value": "303.38671875",
        "cumulative": false
    },
    {
        "date": "2020-09-10T15:21:54Z",
        "value": "284.234375",
        "cumulative": false
    },
    {
        "date": "2020-09-10T15:22:05Z",
        "value": "284.13671875",
        "cumulative": false
    },
    {
        "date": "2020-09-10T15:22:15Z",
        "value": "284.20703125",
        "cumulative": false
    },
    {
        "date": "2020-09-10T15:22:27Z",
        "value": "284.1796875",
        "cumulative": false
    },
    {
        "date": "2020-09-10T15:22:43Z",
        "value": "342.01171875",
        "cumulative": false
    },
    {
        "date": "2020-09-10T15:23:01Z",
        "value": "284.20703125",
        "cumulative": false
    },
    {
        "date": "2020-09-10T15:23:13Z",
        "value": "323.71484375",
        "cumulative": false
    },
    {
        "date": "2020-09-10T15:23:23Z",
        "value": "323.62890625",
        "cumulative": false
    },
    {
        "date": "2020-09-10T15:23:33Z",
        "value": "323.625",
        "cumulative": false
    },
    {
        "date": "2020-09-10T15:23:49Z",
        "value": "420.25",
        "cumulative": false
    },
    {
        "date": "2020-09-10T15:24:02Z",
        "value": "323.734375",
        "cumulative": false
    },
    {
        "date": "2020-09-10T15:24:16Z",
        "value": "323.625",
        "cumulative": false
    },
    {
        "date": "2020-09-10T15:24:34Z",
        "value": "323.734375",
        "cumulative": false
    },
    {
        "date": "2020-09-10T15:24:46Z",
        "value": "323.734375",
        "cumulative": false
    },
    {
        "date": "2020-09-10T15:25:05Z",
        "value": "608.6171875",
        "cumulative": false
    },
    {
        "date": "2020-09-10T15:25:18Z",
        "value": "373.609375",
        "cumulative": false
    },
    {
        "date": "2020-09-10T15:25:36Z",
        "value": "478.74609375",
        "cumulative": false
    },
    {
        "date": "2020-09-10T15:25:48Z",
        "value": "373.609375",
        "cumulative": false
    },
    {
        "date": "2020-09-10T15:26:03Z",
        "value": "373.4921875",
        "cumulative": false
    },
    {
        "date": "2020-09-10T15:26:17Z",
        "value": "373.4921875",
        "cumulative": false
    },
    {
        "date": "2020-09-10T15:26:36Z",
        "value": "496.4921875",
        "cumulative": false
    },
    {
        "date": "2020-09-10T15:26:50Z",
        "value": "373.49609375",
        "cumulative": false
    },
    {
        "date": "2020-09-10T15:27:09Z",
        "value": "373.49609375",
        "cumulative": false
    },
    {
        "date": "2020-09-10T15:27:20Z",
        "value": "436.45703125",
        "cumulative": false
    },
    {
        "date": "2020-09-10T15:27:31Z",
        "value": "628.95703125",
        "cumulative": false
    },
    {
        "date": "2020-09-10T15:27:45Z",
        "value": "436.45703125",
        "cumulative": false
    },
    {
        "date": "2020-09-10T15:28:01Z",
        "value": "587.703125",
        "cumulative": false
    },
    {
        "date": "2020-09-10T15:28:20Z",
        "value": "436.484375",
        "cumulative": false
    },
    {
        "date": "2020-09-10T15:28:32Z",
        "value": "436.45703125",
        "cumulative": false
    },
    {
        "date": "2020-09-10T15:28:50Z",
        "value": "436.45703125",
        "cumulative": false
    },
    {
        "date": "2020-09-10T15:29:05Z",
        "value": "436.45703125",
        "cumulative": false
    },
    {
        "date": "2020-09-10T15:29:20Z",
        "value": "476.95703125",
        "cumulative": false
    },
    {
        "date": "2020-09-10T15:29:32Z",
        "value": "566.08203125",
        "cumulative": false
    },
    {
        "date": "2020-09-10T15:29:42Z",
        "value": "436.484375",
        "cumulative": false
    },
    {
        "date": "2020-09-10T15:30:01Z",
        "value": "515.953125",
        "cumulative": false
    },
    {
        "date": "2020-09-10T15:30:16Z",
        "value": "537.44921875",
        "cumulative": false
    },
    {
        "date": "2020-09-10T15:30:35Z",
        "value": "515.94921875",
        "cumulative": false
    },
    {
        "date": "2020-09-10T15:30:55Z",
        "value": "714.328125",
        "cumulative": false
    },
    {
        "date": "2020-09-10T15:31:08Z",
        "value": "515.94921875",
        "cumulative": false
    },
    {
        "date": "2020-09-10T15:31:26Z",
        "value": "515.953125",
        "cumulative": false
    },
    {
        "date": "2020-09-10T15:31:45Z",
        "value": "624.078125",
        "cumulative": false
    },
    {
        "date": "2020-09-10T15:32:04Z",
        "value": "810.82421875",
        "cumulative": false
    },
    {
        "date": "2020-09-10T15:32:15Z",
        "value": "682.953125",
        "cumulative": false
    },
    {
        "date": "2020-09-10T15:32:35Z",
        "value": "515.953125",
        "cumulative": false
    },
    {
        "date": "2020-09-10T15:32:49Z",
        "value": "515.94921875",
        "cumulative": false
    },
    {
        "date": "2020-09-10T15:33:08Z",
        "value": "515.953125",
        "cumulative": false
    },
    {
        "date": "2020-09-10T15:33:19Z",
        "value": "515.94921875",
        "cumulative": false
    }
]