[
    {
        "date": "2020-09-10T15:16:23Z",
        "value": "0.035064083",
        "cumulative": false
    },
    {
        "date": "2020-09-10T15:16:36Z",
        "value": "0.892060121",
        "cumulative": false
    },
    {
        "date": "2020-09-10T15:16:53Z",
        "value": "1.01707527",
        "cumulative": false
    },
    {
        "date": "2020-09-10T15:17:12Z",
        "value": "1.000832282",
        "cumulative": false
    },
    {
        "date": "2020-09-10T15:17:25Z",
        "value": "1.001621217",
        "cumulative": false
    },
    {
        "date": "2020-09-10T15:17:36Z",
        "value": "0.99943395",
        "cumulative": false
    },
    {
        "date": "2020-09-10T15:17:49Z",
        "value": "1.000270946",
        "cumulative": false
    },
    {
        "date": "2020-09-10T15:18:08Z",
        "value": "1.000094462",
        "cumulative": false
    },
    {
        "date": "2020-09-10T15:18:24Z",
        "value": "1.000544005",
        "cumulative": false
    },
    {
        "date": "2020-09-10T15:18:35Z",
        "value": "0.99923623",
        "cumulative": false
    },
    {
        "date": "2020-09-10T15:18:51Z",
        "value": "1.00032951",
        "cumulative": false
    },
    {
        "date": "2020-09-10T15:19:04Z",
        "value": "0.999570507",
        "cumulative": false
    },
    {
        "date": "2020-09-10T15:19:21Z",
        "value": "0.999918786",
        "cumulative": false
    },
    {
        "date": "2020-09-10T15:19:32Z",
        "value": "0.99932978",
        "cumulative": false
    },
    {
        "date": "2020-09-10T15:19:49Z",
        "value": "0.999697249",
        "cumulative": false
    },
    {
        "date": "2020-09-10T15:20:09Z",
        "value": "1.00002108",
        "cumulative": false
    },
    {
        "date": "2020-09-10T15:20:21Z",
        "value": "0.999338002",
        "cumulative": false
    },
    {
        "date": "2020-09-10T15:20:32Z",
        "value": "0.998449954",
        "cumulative": false
    },
    {
        "date": "2020-09-10T15:20:46Z",
        "value": "1.000846806",
        "cumulative": false
    },
    {
        "date": "2020-09-10T15:21:01Z",
        "value": "0.999780811",
        "cumulative": false
    },
    {
        "date": "2020-09-10T15:21:14Z",
        "value": "0.99972104",
        "cumulative": false
    },
    {
        "date": "2020-09-10T15:21:33Z",
        "value": "0.999661017",
        "cumulative": false
    },
    {
        "date": "2020-09-10T15:21:43Z",
        "value": "1.000170752",
        "cumulative": false
    },
    {
        "date": "2020-09-10T15:21:54Z",
        "value": "0.999746793",
        "cumulative": false
    },
    {
        "date": "2020-09-10T15:22:05Z",
        "value": "0.999605211",
        "cumulative": false
    },
    {
        "date": "2020-09-10T15:22:15Z",
        "value": "0.999535435",
        "cumulative": false
    },
    {
        "date": "2020-09-10T15:22:27Z",
        "value": "0.9996047",
        "cumulative": false
    },
    {
        "date": "2020-09-10T15:22:43Z",
        "value": "0.999685922",
        "cumulative": false
    },
    {
        "date": "2020-09-10T15:23:01Z",
        "value": "0.999731451",
        "cumulative": false
    },
    {
        "date": "2020-09-10T15:23:13Z",
        "value": "1.000289825",
        "cumulative": false
    },
    {
        "date": "2020-09-10T15:23:23Z",
        "value": "0.999686261",
        "cumulative": false
    },
    {
        "date": "2020-09-10T15:23:33Z",
        "value": "0.999391066",
        "cumulative": false
    },
    {
        "date": "2020-09-10T15:23:49Z",
        "value": "0.999778922",
        "cumulative": false
    },
    {
        "date": "2020-09-10T15:24:02Z",
        "value": "0.999768019",
        "cumulative": false
    },
    {
        "date": "2020-09-10T15:24:16Z",
        "value": "0.999649663",
        "cumulative": false
    },
    {
        "date": "2020-09-10T15:24:34Z",
        "value": "0.999628573",
        "cumulative": false
    },
    {
        "date": "2020-09-10T15:24:46Z",
        "value": "0.999800689",
        "cumulative": false
    },
    {
        "date": "2020-09-10T15:25:05Z",
        "value": "1.000144438",
        "cumulative": false
    },
    {
        "date": "2020-09-10T15:25:18Z",
        "value": "0.999737332",
        "cumulative": false
    },
    {
        "date": "2020-09-10T15:25:36Z",
        "value": "0.999464474",
        "cumulative": false
    },
    {
        "date": "2020-09-10T15:25:48Z",
        "value": "0.999709645",
        "cumulative": false
    },
    {
        "date": "2020-09-10T15:26:03Z",
        "value": "0.999811728",
        "cumulative": false
    },
    {
        "date": "2020-09-10T15:26:17Z",
        "value": "0.999835065",
        "cumulative": false
    },
    {
        "date": "2020-09-10T15:26:36Z",
        "value": "0.99957682",
        "cumulative": false
    },
    {
        "date": "2020-09-10T15:26:50Z",
        "value": "0.999838564",
        "cumulative": false
    },
    {
        "date": "2020-09-10T15:27:09Z",
        "value": "0.999809619",
        "cumulative": false
    },
    {
        "date": "2020-09-10T15:27:20Z",
        "value": "1.000354059",
        "cumulative": false
    },
    {
        "date": "2020-09-10T15:27:31Z",
        "value": "0.999840796",
        "cumulative": false
    },
    {
        "date": "2020-09-10T15:27:45Z",
        "value": "0.999894454",
        "cumulative": false
    },
    {
        "date": "2020-09-10T15:28:01Z",
        "value": "0.998740115",
        "cumulative": false
    },
    {
        "date": "2020-09-10T15:28:20Z",
        "value": "0.999215137",
        "cumulative": false
    },
    {
        "date": "2020-09-10T15:28:32Z",
        "value": "0.999801426",
        "cumulative": false
    },
    {
        "date": "2020-09-10T15:28:50Z",
        "value": "0.99953724",
        "cumulative": false
    },
    {
        "date": "2020-09-10T15:29:05Z",
        "value": "0.999731174",
        "cumulative": false
    },
    {
        "date": "2020-09-10T15:29:20Z",
        "value": "0.999805948",
        "cumulative": false
    },
    {
        "date": "2020-09-10T15:29:32Z",
        "value": "0.999833284",
        "cumulative": false
    },
    {
        "date": "2020-09-10T15:29:42Z",
        "value": "0.999160919",
        "cumulative": false
    },
    {
        "date": "2020-09-10T15:30:01Z",
        "value": "0.999962857",
        "cumulative": false
    },
    {
        "date": "2020-09-10T15:30:16Z",
        "value": "0.999393653",
        "cumulative": false
    },
    {
        "date": "2020-09-10T15:30:35Z",
        "value": "0.999351943",
        "cumulative": false
    },
    {
        "date": "2020-09-10T15:30:55Z",
        "value": "0.999674027",
        "cumulative": false
    },
    {
        "date": "2020-09-10T15:31:08Z",
        "value": "0.999433526",
        "cumulative": false
    },
    {
        "date": "2020-09-10T15:31:26Z",
        "value": "0.999536943",
        "cumulative": false
    },
    {
        "date": "2020-09-10T15:31:45Z",
        "value": "0.99975984",
        "cumulative": false
    },
    {
        "date": "2020-09-10T15:32:04Z",
        "value": "0.999502126",
        "cumulative": false
    },
    {
        "date": "2020-09-10T15:32:15Z",
        "value": "0.999495067",
        "cumulative": false
    },
    {
        "date": "2020-09-10T15:32:35Z",
        "value": "0.99991895",
        "cumulative": false
    },
    {
        "date": "2020-09-10T15:32:49Z",
        "value": "0.99986451",
        "cumulative": false
    },
    {
        "date": "2020-09-10T15:33:08Z",
        "value": "0.999771888",
        "cumulative": false
    },
    {
        "date": "2020-09-10T15:33:19Z",
        "value": "0.999389211",
        "cumulative": false
    }
]