[
    {
        "date": "2020-09-10T15:15:39Z",
        "value": "0.0009593963623046875",
        "cumulative": true
    },
    {
        "date": "2020-09-10T15:16:09Z",
        "value": "0.0009593963623046875",
        "cumulative": true
    },
    {
        "date": "2020-09-10T15:16:23Z",
        "value": "0.0009593963623046875",
        "cumulative": true
    },
    {
        "date": "2020-09-10T15:16:45Z",
        "value": "3071.772488594055",
        "cumulative": true
    },
    {
        "date": "2020-09-10T15:16:56Z",
        "value": "6958.8342628479",
        "cumulative": true
    },
    {
        "date": "2020-09-10T15:17:06Z",
        "value": "10321.846166610718",
        "cumulative": true
    },
    {
        "date": "2020-09-10T15:17:24Z",
        "value": "15520.100443840027",
        "cumulative": true
    },
    {
        "date": "2020-09-10T15:17:43Z",
        "value": "21418.419993400574",
        "cumulative": true
    },
    {
        "date": "2020-09-10T15:17:55Z",
        "value": "24751.624934196472",
        "cumulative": true
    },
    {
        "date": "2020-09-10T15:18:15Z",
        "value": "30401.54197883606",
        "cumulative": true
    },
    {
        "date": "2020-09-10T15:18:28Z",
        "value": "34767.452902793884",
        "cumulative": true
    },
    {
        "date": "2020-09-10T15:18:40Z",
        "value": "37970.746022224426",
        "cumulative": true
    },
    {
        "date": "2020-09-10T15:18:50Z",
        "value": "41406.18842411041",
        "cumulative": true
    },
    {
        "date": "2020-09-10T15:19:05Z",
        "value": "46591.65364742279",
        "cumulative": true
    },
    {
        "date": "2020-09-10T15:19:23Z",
        "value": "52806.252042770386",
        "cumulative": true
    },
    {
        "date": "2020-09-10T15:19:42Z",
        "value": "59097.31925201416",
        "cumulative": true
    },
    {
        "date": "2020-09-10T15:19:56Z",
        "value": "64013.04116439819",
        "cumulative": true
    },
    {
        "date": "2020-09-10T15:20:12Z",
        "value": "70133.59416770935",
        "cumulative": true
    },
    {
        "date": "2020-09-10T15:20:25Z",
        "value": "74762.8683834076",
        "cumulative": true
    },
    {
        "date": "2020-09-10T15:20:41Z",
        "value": "80191.84010219574",
        "cumulative": true
    },
    {
        "date": "2020-09-10T15:21:01Z",
        "value": "86471.30724430084",
        "cumulative": true
    },
    {
        "date": "2020-09-10T15:21:19Z",
        "value": "92131.20130634308",
        "cumulative": true
    },
    {
        "date": "2020-09-10T15:21:30Z",
        "value": "95893.49699306488",
        "cumulative": true
    },
    {
        "date": "2020-09-10T15:21:45Z",
        "value": "101266.25433921814",
        "cumulative": true
    },
    {
        "date": "2020-09-10T15:22:00Z",
        "value": "105916.05702590942",
        "cumulative": true
    },
    {
        "date": "2020-09-10T15:22:16Z",
        "value": "110603.1375617981",
        "cumulative": true
    },
    {
        "date": "2020-09-10T15:22:34Z",
        "value": "116103.38425827026",
        "cumulative": true
    },
    {
        "date": "2020-09-10T15:22:47Z",
        "value": "119810.88639640808",
        "cumulative": true
    },
    {
        "date": "2020-09-10T15:22:59Z",
        "value": "123769.64537620544",
        "cumulative": true
    },
    {
        "date": "2020-09-10T15:23:11Z",
        "value": "127720.91397953033",
        "cumulative": true
    },
    {
        "date": "2020-09-10T15:23:28Z",
        "value": "132798.42326068878",
        "cumulative": true
    },
    {
        "date": "2020-09-10T15:23:45Z",
        "value": "137965.24217128754",
        "cumulative": true
    },
    {
        "date": "2020-09-10T15:24:02Z",
        "value": "143475.07505321503",
        "cumulative": true
    },
    {
        "date": "2020-09-10T15:24:14Z",
        "value": "147277.80366039276",
        "cumulative": true
    },
    {
        "date": "2020-09-10T15:24:24Z",
        "value": "150654.1677904129",
        "cumulative": true
    },
    {
        "date": "2020-09-10T15:24:41Z",
        "value": "155977.7209444046",
        "cumulative": true
    },
    {
        "date": "2020-09-10T15:24:58Z",
        "value": "161183.19838905334",
        "cumulative": true
    },
    {
        "date": "2020-09-10T15:25:13Z",
        "value": "165812.87259292603",
        "cumulative": true
    },
    {
        "date": "2020-09-10T15:25:28Z",
        "value": "170441.11357688904",
        "cumulative": true
    },
    {
        "date": "2020-09-10T15:25:39Z",
        "value": "174232.5043373108",
        "cumulative": true
    },
    {
        "date": "2020-09-10T15:25:58Z",
        "value": "179882.6326904297",
        "cumulative": true
    },
    {
        "date": "2020-09-10T15:26:09Z",
        "value": "183467.13948059082",
        "cumulative": true
    },
    {
        "date": "2020-09-10T15:26:28Z",
        "value": "189378.7776374817",
        "cumulative": true
    },
    {
        "date": "2020-09-10T15:26:47Z",
        "value": "195260.89331245422",
        "cumulative": true
    },
    {
        "date": "2020-09-10T15:27:06Z",
        "value": "201585.9729156494",
        "cumulative": true
    },
    {
        "date": "2020-09-10T15:27:22Z",
        "value": "206410.96666812897",
        "cumulative": true
    },
    {
        "date": "2020-09-10T15:27:36Z",
        "value": "211005.30519771576",
        "cumulative": true
    },
    {
        "date": "2020-09-10T15:27:55Z",
        "value": "217183.85019779205",
        "cumulative": true
    },
    {
        "date": "2020-09-10T15:28:07Z",
        "value": "221048.08865833282",
        "cumulative": true
    },
    {
        "date": "2020-09-10T15:28:23Z",
        "value": "226371.12290287018",
        "cumulative": true
    },
    {
        "date": "2020-09-10T15:28:39Z",
        "value": "231709.32829380035",
        "cumulative": true
    },
    {
        "date": "2020-09-10T15:28:55Z",
        "value": "236505.65528202057",
        "cumulative": true
    },
    {
        "date": "2020-09-10T15:29:05Z",
        "value": "240230.32123470306",
        "cumulative": true
    },
    {
        "date": "2020-09-10T15:29:17Z",
        "value": "243946.61466884613",
        "cumulative": true
    },
    {
        "date": "2020-09-10T15:29:29Z",
        "value": "247813.35501194",
        "cumulative": true
    },
    {
        "date": "2020-09-10T15:29:44Z",
        "value": "252981.50279521942",
        "cumulative": true
    },
    {
        "date": "2020-09-10T15:30:02Z",
        "value": "258318.52350616455",
        "cumulative": true
    },
    {
        "date": "2020-09-10T15:30:13Z",
        "value": "261939.42304992676",
        "cumulative": true
    },
    {
        "date": "2020-09-10T15:30:31Z",
        "value": "268020.95387268066",
        "cumulative": true
    },
    {
        "date": "2020-09-10T15:30:50Z",
        "value": "274337.4189529419",
        "cumulative": true
    },
    {
        "date": "2020-09-10T15:31:05Z",
        "value": "279043.7049484253",
        "cumulative": true
    },
    {
        "date": "2020-09-10T15:31:22Z",
        "value": "284539.93092536926",
        "cumulative": true
    },
    {
        "date": "2020-09-10T15:31:33Z",
        "value": "287907.6474056244",
        "cumulative": true
    },
    {
        "date": "2020-09-10T15:31:46Z",
        "value": "292435.1435871124",
        "cumulative": true
    },
    {
        "date": "2020-09-10T15:32:02Z",
        "value": "297315.4905948639",
        "cumulative": true
    },
    {
        "date": "2020-09-10T15:32:20Z",
        "value": "302905.94779777527",
        "cumulative": true
    },
    {
        "date": "2020-09-10T15:32:34Z",
        "value": "307356.71670913696",
        "cumulative": true
    },
    {
        "date": "2020-09-10T15:32:53Z",
        "value": "313472.8474254608",
        "cumulative": true
    },
    {
        "date": "2020-09-10T15:33:06Z",
        "value": "318072.12350845337",
        "cumulative": true
    },
    {
        "date": "2020-09-10T15:33:20Z",
        "value": "322135.3881816864",
        "cumulative": true
    }
]