[
    {
        "date": "2020-09-10T15:16:18Z",
        "value": "0.0009593963623046875",
        "cumulative": true
    },
    {
        "date": "2020-09-10T15:16:38Z",
        "value": "1073.7954263687134",
        "cumulative": true
    },
    {
        "date": "2020-09-10T15:16:52Z",
        "value": "5718.8851499557495",
        "cumulative": true
    },
    {
        "date": "2020-09-10T15:17:08Z",
        "value": "10794.507177352905",
        "cumulative": true
    },
    {
        "date": "2020-09-10T15:17:23Z",
        "value": "15319.743054389954",
        "cumulative": true
    },
    {
        "date": "2020-09-10T15:17:42Z",
        "value": "21210.923696517944",
        "cumulative": true
    },
    {
        "date": "2020-09-10T15:17:54Z",
        "value": "24517.305715560913",
        "cumulative": true
    },
    {
        "date": "2020-09-10T15:18:05Z",
        "value": "27651.55076122284",
        "cumulative": true
    },
    {
        "date": "2020-09-10T15:18:23Z",
        "value": "32860.836433410645",
        "cumulative": true
    },
    {
        "date": "2020-09-10T15:18:35Z",
        "value": "36348.53844642639",
        "cumulative": true
    },
    {
        "date": "2020-09-10T15:18:49Z",
        "value": "40976.12174129486",
        "cumulative": true
    },
    {
        "date": "2020-09-10T15:19:02Z",
        "value": "45647.87386608124",
        "cumulative": true
    },
    {
        "date": "2020-09-10T15:19:20Z",
        "value": "51507.793493270874",
        "cumulative": true
    },
    {
        "date": "2020-09-10T15:19:38Z",
        "value": "57608.66802597046",
        "cumulative": true
    },
    {
        "date": "2020-09-10T15:19:57Z",
        "value": "64661.24096488953",
        "cumulative": true
    },
    {
        "date": "2020-09-10T15:20:16Z",
        "value": "71617.33245658875",
        "cumulative": true
    },
    {
        "date": "2020-09-10T15:20:30Z",
        "value": "76584.62678909302",
        "cumulative": true
    },
    {
        "date": "2020-09-10T15:20:43Z",
        "value": "80823.07619857788",
        "cumulative": true
    },
    {
        "date": "2020-09-10T15:20:57Z",
        "value": "85428.83758163452",
        "cumulative": true
    },
    {
        "date": "2020-09-10T15:21:12Z",
        "value": "89533.87946891785",
        "cumulative": true
    },
    {
        "date": "2020-09-10T15:21:31Z",
        "value": "96487.28892326355",
        "cumulative": true
    },
    {
        "date": "2020-09-10T15:21:41Z",
        "value": "100061.35861968994",
        "cumulative": true
    },
    {
        "date": "2020-09-10T15:21:52Z",
        "value": "103543.39732074738",
        "cumulative": true
    },
    {
        "date": "2020-09-10T15:22:06Z",
        "value": "107400.70186901093",
        "cumulative": true
    },
    {
        "date": "2020-09-10T15:22:23Z",
        "value": "112762.11421871185",
        "cumulative": true
    },
    {
        "date": "2020-09-10T15:22:34Z",
        "value": "115941.57174015045",
        "cumulative": true
    },
    {
        "date": "2020-09-10T15:22:51Z",
        "value": "121346.66343975067",
        "cumulative": true
    },
    {
        "date": "2020-09-10T15:23:08Z",
        "value": "126885.6122789383",
        "cumulative": true
    },
    {
        "date": "2020-09-10T15:23:25Z",
        "value": "131873.65308952332",
        "cumulative": true
    },
    {
        "date": "2020-09-10T15:23:44Z",
        "value": "137762.4452495575",
        "cumulative": true
    },
    {
        "date": "2020-09-10T15:24:00Z",
        "value": "142601.6278476715",
        "cumulative": true
    },
    {
        "date": "2020-09-10T15:24:10Z",
        "value": "145838.36476135254",
        "cumulative": true
    },
    {
        "date": "2020-09-10T15:24:30Z",
        "value": "152155.19246292114",
        "cumulative": true
    },
    {
        "date": "2020-09-10T15:24:41Z",
        "value": "155812.87796783447",
        "cumulative": true
    },
    {
        "date": "2020-09-10T15:24:54Z",
        "value": "159854.82974624634",
        "cumulative": true
    },
    {
        "date": "2020-09-10T15:25:07Z",
        "value": "163932.67993450165",
        "cumulative": true
    },
    {
        "date": "2020-09-10T15:25:27Z",
        "value": "169839.56857585907",
        "cumulative": true
    },
    {
        "date": "2020-09-10T15:25:44Z",
        "value": "175310.30979251862",
        "cumulative": true
    },
    {
        "date": "2020-09-10T15:25:58Z",
        "value": "179693.20836353302",
        "cumulative": true
    },
    {
        "date": "2020-09-10T15:26:14Z",
        "value": "184620.86384677887",
        "cumulative": true
    },
    {
        "date": "2020-09-10T15:26:25Z",
        "value": "188341.2012643814",
        "cumulative": true
    },
    {
        "date": "2020-09-10T15:26:40Z",
        "value": "193227.71435832977",
        "cumulative": true
    },
    {
        "date": "2020-09-10T15:26:56Z",
        "value": "198051.81470775604",
        "cumulative": true
    },
    {
        "date": "2020-09-10T15:27:13Z",
        "value": "203404.82711601257",
        "cumulative": true
    },
    {
        "date": "2020-09-10T15:27:29Z",
        "value": "208561.50721931458",
        "cumulative": true
    },
    {
        "date": "2020-09-10T15:27:47Z",
        "value": "214385.92489814758",
        "cumulative": true
    },
    {
        "date": "2020-09-10T15:28:04Z",
        "value": "219884.8392162323",
        "cumulative": true
    },
    {
        "date": "2020-09-10T15:28:21Z",
        "value": "225519.93423080444",
        "cumulative": true
    },
    {
        "date": "2020-09-10T15:28:38Z",
        "value": "231028.04373550415",
        "cumulative": true
    },
    {
        "date": "2020-09-10T15:28:55Z",
        "value": "236341.96389770508",
        "cumulative": true
    },
    {
        "date": "2020-09-10T15:29:14Z",
        "value": "242716.89221572876",
        "cumulative": true
    },
    {
        "date": "2020-09-10T15:29:27Z",
        "value": "246843.0850868225",
        "cumulative": true
    },
    {
        "date": "2020-09-10T15:29:39Z",
        "value": "251170.51837730408",
        "cumulative": true
    },
    {
        "date": "2020-09-10T15:29:52Z",
        "value": "254929.34881591797",
        "cumulative": true
    },
    {
        "date": "2020-09-10T15:30:03Z",
        "value": "258485.95493984222",
        "cumulative": true
    },
    {
        "date": "2020-09-10T15:30:20Z",
        "value": "264163.6327638626",
        "cumulative": true
    },
    {
        "date": "2020-09-10T15:30:35Z",
        "value": "268933.9205121994",
        "cumulative": true
    },
    {
        "date": "2020-09-10T15:30:46Z",
        "value": "272785.7980566025",
        "cumulative": true
    },
    {
        "date": "2020-09-10T15:30:57Z",
        "value": "276233.3411512375",
        "cumulative": true
    },
    {
        "date": "2020-09-10T15:31:17Z",
        "value": "282865.4528284073",
        "cumulative": true
    },
    {
        "date": "2020-09-10T15:31:31Z",
        "value": "287390.3808641434",
        "cumulative": true
    },
    {
        "date": "2020-09-10T15:31:45Z",
        "value": "291670.66300678253",
        "cumulative": true
    },
    {
        "date": "2020-09-10T15:31:58Z",
        "value": "295801.290186882",
        "cumulative": true
    },
    {
        "date": "2020-09-10T15:32:18Z",
        "value": "301766.47060871124",
        "cumulative": true
    },
    {
        "date": "2020-09-10T15:32:36Z",
        "value": "307911.21709918976",
        "cumulative": true
    },
    {
        "date": "2020-09-10T15:32:54Z",
        "value": "313870.6521253586",
        "cumulative": true
    },
    {
        "date": "2020-09-10T15:33:07Z",
        "value": "317900.86640262604",
        "cumulative": true
    },
    {
        "date": "2020-09-10T15:33:18Z",
        "value": "321259.67409420013",
        "cumulative": true
    }
]