[
    {
        "date": "2020-09-10T15:15:46Z",
        "value": "4.00543212890625e-05",
        "cumulative": true
    },
    {
        "date": "2020-09-10T15:16:05Z",
        "value": "4.00543212890625e-05",
        "cumulative": true
    },
    {
        "date": "2020-09-10T15:16:19Z",
        "value": "4.00543212890625e-05",
        "cumulative": true
    },
    {
        "date": "2020-09-10T15:16:40Z",
        "value": "1624.9030170440674",
        "cumulative": true
    },
    {
        "date": "2020-09-10T15:16:52Z",
        "value": "5752.150465965271",
        "cumulative": true
    },
    {
        "date": "2020-09-10T15:17:06Z",
        "value": "10112.324690818787",
        "cumulative": true
    },
    {
        "date": "2020-09-10T15:17:21Z",
        "value": "14570.88214969635",
        "cumulative": true
    },
    {
        "date": "2020-09-10T15:17:39Z",
        "value": "20187.150586128235",
        "cumulative": true
    },
    {
        "date": "2020-09-10T15:17:54Z",
        "value": "24676.7626581192",
        "cumulative": true
    },
    {
        "date": "2020-09-10T15:18:09Z",
        "value": "28743.275420188904",
        "cumulative": true
    },
    {
        "date": "2020-09-10T15:18:26Z",
        "value": "34044.050824165344",
        "cumulative": true
    },
    {
        "date": "2020-09-10T15:18:44Z",
        "value": "39519.679938316345",
        "cumulative": true
    },
    {
        "date": "2020-09-10T15:19:00Z",
        "value": "44908.133383750916",
        "cumulative": true
    },
    {
        "date": "2020-09-10T15:19:16Z",
        "value": "50400.1585149765",
        "cumulative": true
    },
    {
        "date": "2020-09-10T15:19:34Z",
        "value": "56427.2623128891",
        "cumulative": true
    },
    {
        "date": "2020-09-10T15:19:46Z",
        "value": "60615.75830745697",
        "cumulative": true
    },
    {
        "date": "2020-09-10T15:20:04Z",
        "value": "66941.6609582901",
        "cumulative": true
    },
    {
        "date": "2020-09-10T15:20:19Z",
        "value": "72587.16536617279",
        "cumulative": true
    },
    {
        "date": "2020-09-10T15:20:34Z",
        "value": "77848.93682575226",
        "cumulative": true
    },
    {
        "date": "2020-09-10T15:20:52Z",
        "value": "83565.68128299713",
        "cumulative": true
    },
    {
        "date": "2020-09-10T15:21:04Z",
        "value": "87248.25789737701",
        "cumulative": true
    },
    {
        "date": "2020-09-10T15:21:22Z",
        "value": "92897.63746738434",
        "cumulative": true
    },
    {
        "date": "2020-09-10T15:21:33Z",
        "value": "97081.92362499237",
        "cumulative": true
    },
    {
        "date": "2020-09-10T15:21:48Z",
        "value": "102404.67634487152",
        "cumulative": true
    },
    {
        "date": "2020-09-10T15:22:06Z",
        "value": "107556.74483966827",
        "cumulative": true
    },
    {
        "date": "2020-09-10T15:22:24Z",
        "value": "112875.34072208405",
        "cumulative": true
    },
    {
        "date": "2020-09-10T15:22:43Z",
        "value": "118574.12765216827",
        "cumulative": true
    },
    {
        "date": "2020-09-10T15:22:57Z",
        "value": "123158.52661800385",
        "cumulative": true
    },
    {
        "date": "2020-09-10T15:23:10Z",
        "value": "127454.46282482147",
        "cumulative": true
    },
    {
        "date": "2020-09-10T15:23:25Z",
        "value": "131953.52908992767",
        "cumulative": true
    },
    {
        "date": "2020-09-10T15:23:43Z",
        "value": "137228.3491640091",
        "cumulative": true
    },
    {
        "date": "2020-09-10T15:24:02Z",
        "value": "143222.2083234787",
        "cumulative": true
    },
    {
        "date": "2020-09-10T15:24:19Z",
        "value": "148890.5459356308",
        "cumulative": true
    },
    {
        "date": "2020-09-10T15:24:29Z",
        "value": "152037.23794269562",
        "cumulative": true
    },
    {
        "date": "2020-09-10T15:24:43Z",
        "value": "156256.66349124908",
        "cumulative": true
    },
    {
        "date": "2020-09-10T15:24:56Z",
        "value": "160425.45926952362",
        "cumulative": true
    },
    {
        "date": "2020-09-10T15:25:15Z",
        "value": "166513.51715946198",
        "cumulative": true
    },
    {
        "date": "2020-09-10T15:25:31Z",
        "value": "171522.73402309418",
        "cumulative": true
    },
    {
        "date": "2020-09-10T15:25:42Z",
        "value": "174920.91400051117",
        "cumulative": true
    },
    {
        "date": "2020-09-10T15:25:58Z",
        "value": "179860.50208759308",
        "cumulative": true
    },
    {
        "date": "2020-09-10T15:26:12Z",
        "value": "184170.03579425812",
        "cumulative": true
    },
    {
        "date": "2020-09-10T15:26:31Z",
        "value": "190143.24310970306",
        "cumulative": true
    },
    {
        "date": "2020-09-10T15:26:48Z",
        "value": "195667.74870967865",
        "cumulative": true
    },
    {
        "date": "2020-09-10T15:27:05Z",
        "value": "201022.79742336273",
        "cumulative": true
    },
    {
        "date": "2020-09-10T15:27:20Z",
        "value": "205808.45727443695",
        "cumulative": true
    },
    {
        "date": "2020-09-10T15:27:32Z",
        "value": "209568.8069009781",
        "cumulative": true
    },
    {
        "date": "2020-09-10T15:27:43Z",
        "value": "213439.2700510025",
        "cumulative": true
    },
    {
        "date": "2020-09-10T15:27:59Z",
        "value": "218215.20453166962",
        "cumulative": true
    },
    {
        "date": "2020-09-10T15:28:13Z",
        "value": "222991.78201198578",
        "cumulative": true
    },
    {
        "date": "2020-09-10T15:28:24Z",
        "value": "226498.79019641876",
        "cumulative": true
    },
    {
        "date": "2020-09-10T15:28:34Z",
        "value": "229738.37820911407",
        "cumulative": true
    },
    {
        "date": "2020-09-10T15:28:45Z",
        "value": "233097.95808124542",
        "cumulative": true
    },
    {
        "date": "2020-09-10T15:29:03Z",
        "value": "239173.16464328766",
        "cumulative": true
    },
    {
        "date": "2020-09-10T15:29:16Z",
        "value": "243209.19560337067",
        "cumulative": true
    },
    {
        "date": "2020-09-10T15:29:26Z",
        "value": "246555.82421207428",
        "cumulative": true
    },
    {
        "date": "2020-09-10T15:29:42Z",
        "value": "251726.13161182404",
        "cumulative": true
    },
    {
        "date": "2020-09-10T15:29:55Z",
        "value": "256111.9606962204",
        "cumulative": true
    },
    {
        "date": "2020-09-10T15:30:07Z",
        "value": "259697.21571063995",
        "cumulative": true
    },
    {
        "date": "2020-09-10T15:30:24Z",
        "value": "265499.7016801834",
        "cumulative": true
    },
    {
        "date": "2020-09-10T15:30:44Z",
        "value": "271869.680811882",
        "cumulative": true
    },
    {
        "date": "2020-09-10T15:30:56Z",
        "value": "275796.5865240097",
        "cumulative": true
    },
    {
        "date": "2020-09-10T15:31:11Z",
        "value": "280956.9092988968",
        "cumulative": true
    },
    {
        "date": "2020-09-10T15:31:24Z",
        "value": "284981.75331401825",
        "cumulative": true
    },
    {
        "date": "2020-09-10T15:31:35Z",
        "value": "288343.1487150192",
        "cumulative": true
    },
    {
        "date": "2020-09-10T15:31:45Z",
        "value": "291716.8806695938",
        "cumulative": true
    },
    {
        "date": "2020-09-10T15:31:56Z",
        "value": "295051.69204616547",
        "cumulative": true
    },
    {
        "date": "2020-09-10T15:32:12Z",
        "value": "300143.008810997",
        "cumulative": true
    },
    {
        "date": "2020-09-10T15:32:25Z",
        "value": "304173.0752210617",
        "cumulative": true
    },
    {
        "date": "2020-09-10T15:32:40Z",
        "value": "309161.0889425278",
        "cumulative": true
    },
    {
        "date": "2020-09-10T15:32:53Z",
        "value": "313190.4330034256",
        "cumulative": true
    },
    {
        "date": "2020-09-10T15:33:11Z",
        "value": "319237.72347164154",
        "cumulative": true
    },
    {
        "date": "2020-09-10T15:33:23Z",
        "value": "322600.2022886276",
        "cumulative": true
    }
]