[
    {
        "date": "2020-09-10T15:16:27Z",
        "value": "0.113349214",
        "cumulative": false
    },
    {
        "date": "2020-09-10T15:16:41Z",
        "value": "1.04356093",
        "cumulative": false
    },
    {
        "date": "2020-09-10T15:16:55Z",
        "value": "1.0030867",
        "cumulative": false
    },
    {
        "date": "2020-09-10T15:17:08Z",
        "value": "1.000598798",
        "cumulative": false
    },
    {
        "date": "2020-09-10T15:17:20Z",
        "value": "1.000157502",
        "cumulative": false
    },
    {
        "date": "2020-09-10T15:17:34Z",
        "value": "1.000490986",
        "cumulative": false
    },
    {
        "date": "2020-09-10T15:17:45Z",
        "value": "1.001239027",
        "cumulative": false
    },
    {
        "date": "2020-09-10T15:17:55Z",
        "value": "1.000727375",
        "cumulative": false
    },
    {
        "date": "2020-09-10T15:18:10Z",
        "value": "0.999680792",
        "cumulative": false
    },
    {
        "date": "2020-09-10T15:18:26Z",
        "value": "0.99990493",
        "cumulative": false
    },
    {
        "date": "2020-09-10T15:18:42Z",
        "value": "0.999613613",
        "cumulative": false
    },
    {
        "date": "2020-09-10T15:18:52Z",
        "value": "1.001111522",
        "cumulative": false
    },
    {
        "date": "2020-09-10T15:19:11Z",
        "value": "0.999566421",
        "cumulative": false
    },
    {
        "date": "2020-09-10T15:19:22Z",
        "value": "1.000414269",
        "cumulative": false
    },
    {
        "date": "2020-09-10T15:19:41Z",
        "value": "0.999637366",
        "cumulative": false
    },
    {
        "date": "2020-09-10T15:19:53Z",
        "value": "1.000154962",
        "cumulative": false
    },
    {
        "date": "2020-09-10T15:20:05Z",
        "value": "0.999905699",
        "cumulative": false
    },
    {
        "date": "2020-09-10T15:20:17Z",
        "value": "0.999726269",
        "cumulative": false
    },
    {
        "date": "2020-09-10T15:20:30Z",
        "value": "0.999747321",
        "cumulative": false
    },
    {
        "date": "2020-09-10T15:20:49Z",
        "value": "1.000117174",
        "cumulative": false
    },
    {
        "date": "2020-09-10T15:21:08Z",
        "value": "0.999778089",
        "cumulative": false
    },
    {
        "date": "2020-09-10T15:21:24Z",
        "value": "0.999830993",
        "cumulative": false
    },
    {
        "date": "2020-09-10T15:21:35Z",
        "value": "0.999426639",
        "cumulative": false
    },
    {
        "date": "2020-09-10T15:21:46Z",
        "value": "1.000297981",
        "cumulative": false
    },
    {
        "date": "2020-09-10T15:22:03Z",
        "value": "0.999888203",
        "cumulative": false
    },
    {
        "date": "2020-09-10T15:22:21Z",
        "value": "0.999787871",
        "cumulative": false
    },
    {
        "date": "2020-09-10T15:22:37Z",
        "value": "0.999630589",
        "cumulative": false
    },
    {
        "date": "2020-09-10T15:22:55Z",
        "value": "0.999779963",
        "cumulative": false
    },
    {
        "date": "2020-09-10T15:23:08Z",
        "value": "0.999695595",
        "cumulative": false
    },
    {
        "date": "2020-09-10T15:23:21Z",
        "value": "1.000695077",
        "cumulative": false
    },
    {
        "date": "2020-09-10T15:23:37Z",
        "value": "0.999655016",
        "cumulative": false
    },
    {
        "date": "2020-09-10T15:23:55Z",
        "value": "0.999770868",
        "cumulative": false
    },
    {
        "date": "2020-09-10T15:24:13Z",
        "value": "0.999715372",
        "cumulative": false
    },
    {
        "date": "2020-09-10T15:24:26Z",
        "value": "0.999766462",
        "cumulative": false
    },
    {
        "date": "2020-09-10T15:24:36Z",
        "value": "0.99964972",
        "cumulative": false
    },
    {
        "date": "2020-09-10T15:24:51Z",
        "value": "0.999879685",
        "cumulative": false
    },
    {
        "date": "2020-09-10T15:25:08Z",
        "value": "1.000321398",
        "cumulative": false
    },
    {
        "date": "2020-09-10T15:25:18Z",
        "value": "0.999899594",
        "cumulative": false
    },
    {
        "date": "2020-09-10T15:25:34Z",
        "value": "0.999614927",
        "cumulative": false
    },
    {
        "date": "2020-09-10T15:25:47Z",
        "value": "0.999796599",
        "cumulative": false
    },
    {
        "date": "2020-09-10T15:26:00Z",
        "value": "0.999913609",
        "cumulative": false
    },
    {
        "date": "2020-09-10T15:26:11Z",
        "value": "0.999849318",
        "cumulative": false
    },
    {
        "date": "2020-09-10T15:26:27Z",
        "value": "0.999700106",
        "cumulative": false
    },
    {
        "date": "2020-09-10T15:26:38Z",
        "value": "0.99979808",
        "cumulative": false
    },
    {
        "date": "2020-09-10T15:26:51Z",
        "value": "0.999931474",
        "cumulative": false
    },
    {
        "date": "2020-09-10T15:27:01Z",
        "value": "0.999854994",
        "cumulative": false
    },
    {
        "date": "2020-09-10T15:27:19Z",
        "value": "1.000568351",
        "cumulative": false
    },
    {
        "date": "2020-09-10T15:27:33Z",
        "value": "0.99972895",
        "cumulative": false
    },
    {
        "date": "2020-09-10T15:27:50Z",
        "value": "0.999840594",
        "cumulative": false
    },
    {
        "date": "2020-09-10T15:28:06Z",
        "value": "0.999745679",
        "cumulative": false
    },
    {
        "date": "2020-09-10T15:28:19Z",
        "value": "0.999784308",
        "cumulative": false
    },
    {
        "date": "2020-09-10T15:28:31Z",
        "value": "0.99966716",
        "cumulative": false
    },
    {
        "date": "2020-09-10T15:28:45Z",
        "value": "0.999719225",
        "cumulative": false
    },
    {
        "date": "2020-09-10T15:29:05Z",
        "value": "0.999813668",
        "cumulative": false
    },
    {
        "date": "2020-09-10T15:29:20Z",
        "value": "0.999627351",
        "cumulative": false
    },
    {
        "date": "2020-09-10T15:29:34Z",
        "value": "0.999836149",
        "cumulative": false
    },
    {
        "date": "2020-09-10T15:29:51Z",
        "value": "0.999617554",
        "cumulative": false
    },
    {
        "date": "2020-09-10T15:30:11Z",
        "value": "1.000108814",
        "cumulative": false
    },
    {
        "date": "2020-09-10T15:30:30Z",
        "value": "0.999791667",
        "cumulative": false
    },
    {
        "date": "2020-09-10T15:30:47Z",
        "value": "0.999881447",
        "cumulative": false
    },
    {
        "date": "2020-09-10T15:31:01Z",
        "value": "0.999637996",
        "cumulative": false
    },
    {
        "date": "2020-09-10T15:31:16Z",
        "value": "0.999850649",
        "cumulative": false
    },
    {
        "date": "2020-09-10T15:31:34Z",
        "value": "0.999756778",
        "cumulative": false
    },
    {
        "date": "2020-09-10T15:31:45Z",
        "value": "0.999891727",
        "cumulative": false
    },
    {
        "date": "2020-09-10T15:32:00Z",
        "value": "0.999896251",
        "cumulative": false
    },
    {
        "date": "2020-09-10T15:32:17Z",
        "value": "0.999872995",
        "cumulative": false
    },
    {
        "date": "2020-09-10T15:32:35Z",
        "value": "0.999793675",
        "cumulative": false
    },
    {
        "date": "2020-09-10T15:32:49Z",
        "value": "0.999722678",
        "cumulative": false
    },
    {
        "date": "2020-09-10T15:33:07Z",
        "value": "0.999729777",
        "cumulative": false
    },
    {
        "date": "2020-09-10T15:33:20Z",
        "value": "0.999882081",
        "cumulative": false
    }
]