[
    {
        "date": "2020-09-10T15:16:18Z",
        "value": "4.00543212890625e-05",
        "cumulative": true
    },
    {
        "date": "2020-09-10T15:16:38Z",
        "value": "1073.2701816558838",
        "cumulative": true
    },
    {
        "date": "2020-09-10T15:16:52Z",
        "value": "5717.179718971252",
        "cumulative": true
    },
    {
        "date": "2020-09-10T15:17:08Z",
        "value": "10795.45382976532",
        "cumulative": true
    },
    {
        "date": "2020-09-10T15:17:23Z",
        "value": "15321.293677330017",
        "cumulative": true
    },
    {
        "date": "2020-09-10T15:17:42Z",
        "value": "21224.784203529358",
        "cumulative": true
    },
    {
        "date": "2020-09-10T15:17:54Z",
        "value": "24525.33540058136",
        "cumulative": true
    },
    {
        "date": "2020-09-10T15:18:05Z",
        "value": "27657.823954582214",
        "cumulative": true
    },
    {
        "date": "2020-09-10T15:18:23Z",
        "value": "32870.11511516571",
        "cumulative": true
    },
    {
        "date": "2020-09-10T15:18:35Z",
        "value": "36358.10570049286",
        "cumulative": true
    },
    {
        "date": "2020-09-10T15:18:49Z",
        "value": "40987.71668148041",
        "cumulative": true
    },
    {
        "date": "2020-09-10T15:19:02Z",
        "value": "45663.36684703827",
        "cumulative": true
    },
    {
        "date": "2020-09-10T15:19:20Z",
        "value": "51528.81067562103",
        "cumulative": true
    },
    {
        "date": "2020-09-10T15:19:38Z",
        "value": "57624.18979358673",
        "cumulative": true
    },
    {
        "date": "2020-09-10T15:19:57Z",
        "value": "64679.99692440033",
        "cumulative": true
    },
    {
        "date": "2020-09-10T15:20:16Z",
        "value": "71623.49685955048",
        "cumulative": true
    },
    {
        "date": "2020-09-10T15:20:30Z",
        "value": "76586.66326999664",
        "cumulative": true
    },
    {
        "date": "2020-09-10T15:20:43Z",
        "value": "80821.35548496246",
        "cumulative": true
    },
    {
        "date": "2020-09-10T15:20:57Z",
        "value": "85411.48804759979",
        "cumulative": true
    },
    {
        "date": "2020-09-10T15:21:12Z",
        "value": "89494.17510700226",
        "cumulative": true
    },
    {
        "date": "2020-09-10T15:21:31Z",
        "value": "96450.02289104462",
        "cumulative": true
    },
    {
        "date": "2020-09-10T15:21:41Z",
        "value": "100037.38966464996",
        "cumulative": true
    },
    {
        "date": "2020-09-10T15:21:52Z",
        "value": "103527.74125957489",
        "cumulative": true
    },
    {
        "date": "2020-09-10T15:22:06Z",
        "value": "107401.8695230484",
        "cumulative": true
    },
    {
        "date": "2020-09-10T15:22:23Z",
        "value": "112766.48053073883",
        "cumulative": true
    },
    {
        "date": "2020-09-10T15:22:34Z",
        "value": "115925.1458826065",
        "cumulative": true
    },
    {
        "date": "2020-09-10T15:22:51Z",
        "value": "121319.37930965424",
        "cumulative": true
    },
    {
        "date": "2020-09-10T15:23:08Z",
        "value": "126854.0123167038",
        "cumulative": true
    },
    {
        "date": "2020-09-10T15:23:25Z",
        "value": "131857.95870304108",
        "cumulative": true
    },
    {
        "date": "2020-09-10T15:23:44Z",
        "value": "137756.14788722992",
        "cumulative": true
    },
    {
        "date": "2020-09-10T15:24:00Z",
        "value": "142625.22123241425",
        "cumulative": true
    },
    {
        "date": "2020-09-10T15:24:10Z",
        "value": "145874.90135097504",
        "cumulative": true
    },
    {
        "date": "2020-09-10T15:24:30Z",
        "value": "152224.71138858795",
        "cumulative": true
    },
    {
        "date": "2020-09-10T15:24:41Z",
        "value": "155901.64245128632",
        "cumulative": true
    },
    {
        "date": "2020-09-10T15:24:54Z",
        "value": "159942.35714054108",
        "cumulative": true
    },
    {
        "date": "2020-09-10T15:25:07Z",
        "value": "164020.29190921783",
        "cumulative": true
    },
    {
        "date": "2020-09-10T15:25:27Z",
        "value": "169926.09949588776",
        "cumulative": true
    },
    {
        "date": "2020-09-10T15:25:44Z",
        "value": "175399.98723506927",
        "cumulative": true
    },
    {
        "date": "2020-09-10T15:25:58Z",
        "value": "179796.10553073883",
        "cumulative": true
    },
    {
        "date": "2020-09-10T15:26:14Z",
        "value": "184722.09630298615",
        "cumulative": true
    },
    {
        "date": "2020-09-10T15:26:25Z",
        "value": "188450.36948680878",
        "cumulative": true
    },
    {
        "date": "2020-09-10T15:26:40Z",
        "value": "193324.47930812836",
        "cumulative": true
    },
    {
        "date": "2020-09-10T15:26:56Z",
        "value": "198127.62212085724",
        "cumulative": true
    },
    {
        "date": "2020-09-10T15:27:13Z",
        "value": "203449.78758716583",
        "cumulative": true
    },
    {
        "date": "2020-09-10T15:27:29Z",
        "value": "208622.92391109467",
        "cumulative": true
    },
    {
        "date": "2020-09-10T15:27:47Z",
        "value": "214426.55250644684",
        "cumulative": true
    },
    {
        "date": "2020-09-10T15:28:04Z",
        "value": "219891.92314052582",
        "cumulative": true
    },
    {
        "date": "2020-09-10T15:28:21Z",
        "value": "225521.26004123688",
        "cumulative": true
    },
    {
        "date": "2020-09-10T15:28:38Z",
        "value": "231008.0242357254",
        "cumulative": true
    },
    {
        "date": "2020-09-10T15:28:55Z",
        "value": "236324.3315000534",
        "cumulative": true
    },
    {
        "date": "2020-09-10T15:29:14Z",
        "value": "242702.18949604034",
        "cumulative": true
    },
    {
        "date": "2020-09-10T15:29:27Z",
        "value": "246833.59303569794",
        "cumulative": true
    },
    {
        "date": "2020-09-10T15:29:39Z",
        "value": "251157.59545612335",
        "cumulative": true
    },
    {
        "date": "2020-09-10T15:29:52Z",
        "value": "254934.8827943802",
        "cumulative": true
    },
    {
        "date": "2020-09-10T15:30:03Z",
        "value": "258497.43867206573",
        "cumulative": true
    },
    {
        "date": "2020-09-10T15:30:20Z",
        "value": "264171.64497089386",
        "cumulative": true
    },
    {
        "date": "2020-09-10T15:30:35Z",
        "value": "268980.66370105743",
        "cumulative": true
    },
    {
        "date": "2020-09-10T15:30:46Z",
        "value": "272828.3151655197",
        "cumulative": true
    },
    {
        "date": "2020-09-10T15:30:57Z",
        "value": "276276.7607374191",
        "cumulative": true
    },
    {
        "date": "2020-09-10T15:31:17Z",
        "value": "282940.6185617447",
        "cumulative": true
    },
    {
        "date": "2020-09-10T15:31:31Z",
        "value": "287439.93954753876",
        "cumulative": true
    },
    {
        "date": "2020-09-10T15:31:45Z",
        "value": "291703.651055336",
        "cumulative": true
    },
    {
        "date": "2020-09-10T15:31:58Z",
        "value": "295823.1575536728",
        "cumulative": true
    },
    {
        "date": "2020-09-10T15:32:18Z",
        "value": "301765.28449726105",
        "cumulative": true
    },
    {
        "date": "2020-09-10T15:32:36Z",
        "value": "307896.8901014328",
        "cumulative": true
    },
    {
        "date": "2020-09-10T15:32:54Z",
        "value": "313856.2009744644",
        "cumulative": true
    },
    {
        "date": "2020-09-10T15:33:07Z",
        "value": "317887.84334278107",
        "cumulative": true
    },
    {
        "date": "2020-09-10T15:33:18Z",
        "value": "321245.6503267288",
        "cumulative": true
    }
]