[
    {
        "date": "2020-09-10T15:15:54Z",
        "value": "1.859375",
        "cumulative": false
    },
    {
        "date": "2020-09-10T15:16:11Z",
        "value": "3.0390625",
        "cumulative": false
    },
    {
        "date": "2020-09-10T15:16:25Z",
        "value": "58.11328125",
        "cumulative": false
    },
    {
        "date": "2020-09-10T15:16:44Z",
        "value": "136.69140625",
        "cumulative": false
    },
    {
        "date": "2020-09-10T15:16:56Z",
        "value": "151.2734375",
        "cumulative": false
    },
    {
        "date": "2020-09-10T15:17:11Z",
        "value": "148.49609375",
        "cumulative": false
    },
    {
        "date": "2020-09-10T15:17:22Z",
        "value": "188.85546875",
        "cumulative": false
    },
    {
        "date": "2020-09-10T15:17:32Z",
        "value": "203.38671875",
        "cumulative": false
    },
    {
        "date": "2020-09-10T15:17:44Z",
        "value": "192.328125",
        "cumulative": false
    },
    {
        "date": "2020-09-10T15:18:03Z",
        "value": "170.8984375",
        "cumulative": false
    },
    {
        "date": "2020-09-10T15:18:15Z",
        "value": "173.65234375",
        "cumulative": false
    },
    {
        "date": "2020-09-10T15:18:29Z",
        "value": "180.5390625",
        "cumulative": false
    },
    {
        "date": "2020-09-10T15:18:47Z",
        "value": "218.65625",
        "cumulative": false
    },
    {
        "date": "2020-09-10T15:18:57Z",
        "value": "225.96484375",
        "cumulative": false
    },
    {
        "date": "2020-09-10T15:19:12Z",
        "value": "231.84765625",
        "cumulative": false
    },
    {
        "date": "2020-09-10T15:19:28Z",
        "value": "208.43359375",
        "cumulative": false
    },
    {
        "date": "2020-09-10T15:19:41Z",
        "value": "208.37890625",
        "cumulative": false
    },
    {
        "date": "2020-09-10T15:19:51Z",
        "value": "254.12890625",
        "cumulative": false
    },
    {
        "date": "2020-09-10T15:20:01Z",
        "value": "228.0",
        "cumulative": false
    },
    {
        "date": "2020-09-10T15:20:18Z",
        "value": "228.03125",
        "cumulative": false
    },
    {
        "date": "2020-09-10T15:20:32Z",
        "value": "286.25",
        "cumulative": false
    },
    {
        "date": "2020-09-10T15:20:48Z",
        "value": "252.7734375",
        "cumulative": false
    },
    {
        "date": "2020-09-10T15:21:02Z",
        "value": "252.78125",
        "cumulative": false
    },
    {
        "date": "2020-09-10T15:21:13Z",
        "value": "308.8984375",
        "cumulative": false
    },
    {
        "date": "2020-09-10T15:21:32Z",
        "value": "252.78125",
        "cumulative": false
    },
    {
        "date": "2020-09-10T15:21:46Z",
        "value": "309.91015625",
        "cumulative": false
    },
    {
        "date": "2020-09-10T15:22:05Z",
        "value": "284.0625",
        "cumulative": false
    },
    {
        "date": "2020-09-10T15:22:15Z",
        "value": "366.6875",
        "cumulative": false
    },
    {
        "date": "2020-09-10T15:22:34Z",
        "value": "284.16015625",
        "cumulative": false
    },
    {
        "date": "2020-09-10T15:22:45Z",
        "value": "284.16015625",
        "cumulative": false
    },
    {
        "date": "2020-09-10T15:22:57Z",
        "value": "284.0625",
        "cumulative": false
    },
    {
        "date": "2020-09-10T15:23:10Z",
        "value": "323.66015625",
        "cumulative": false
    },
    {
        "date": "2020-09-10T15:23:21Z",
        "value": "354.3046875",
        "cumulative": false
    },
    {
        "date": "2020-09-10T15:23:41Z",
        "value": "426.5546875",
        "cumulative": false
    },
    {
        "date": "2020-09-10T15:23:53Z",
        "value": "323.55078125",
        "cumulative": false
    },
    {
        "date": "2020-09-10T15:24:09Z",
        "value": "323.66015625",
        "cumulative": false
    },
    {
        "date": "2020-09-10T15:24:27Z",
        "value": "323.5546875",
        "cumulative": false
    },
    {
        "date": "2020-09-10T15:24:43Z",
        "value": "506.0546875",
        "cumulative": false
    },
    {
        "date": "2020-09-10T15:25:03Z",
        "value": "373.421875",
        "cumulative": false
    },
    {
        "date": "2020-09-10T15:25:17Z",
        "value": "373.53515625",
        "cumulative": false
    },
    {
        "date": "2020-09-10T15:25:28Z",
        "value": "575.421875",
        "cumulative": false
    },
    {
        "date": "2020-09-10T15:25:43Z",
        "value": "373.421875",
        "cumulative": false
    },
    {
        "date": "2020-09-10T15:25:59Z",
        "value": "373.421875",
        "cumulative": false
    },
    {
        "date": "2020-09-10T15:26:19Z",
        "value": "373.41796875",
        "cumulative": false
    },
    {
        "date": "2020-09-10T15:26:33Z",
        "value": "410.41796875",
        "cumulative": false
    },
    {
        "date": "2020-09-10T15:26:50Z",
        "value": "373.421875",
        "cumulative": false
    },
    {
        "date": "2020-09-10T15:27:03Z",
        "value": "373.421875",
        "cumulative": false
    },
    {
        "date": "2020-09-10T15:27:16Z",
        "value": "588.3828125",
        "cumulative": false
    },
    {
        "date": "2020-09-10T15:27:36Z",
        "value": "436.3828125",
        "cumulative": false
    },
    {
        "date": "2020-09-10T15:27:50Z",
        "value": "551.2578125",
        "cumulative": false
    },
    {
        "date": "2020-09-10T15:28:01Z",
        "value": "436.4375",
        "cumulative": false
    },
    {
        "date": "2020-09-10T15:28:19Z",
        "value": "436.3828125",
        "cumulative": false
    },
    {
        "date": "2020-09-10T15:28:33Z",
        "value": "637.7578125",
        "cumulative": false
    },
    {
        "date": "2020-09-10T15:28:47Z",
        "value": "436.3828125",
        "cumulative": false
    },
    {
        "date": "2020-09-10T15:29:03Z",
        "value": "436.3828125",
        "cumulative": false
    },
    {
        "date": "2020-09-10T15:29:20Z",
        "value": "436.3828125",
        "cumulative": false
    },
    {
        "date": "2020-09-10T15:29:32Z",
        "value": "729.6328125",
        "cumulative": false
    },
    {
        "date": "2020-09-10T15:29:45Z",
        "value": "436.4375",
        "cumulative": false
    },
    {
        "date": "2020-09-10T15:30:02Z",
        "value": "759.2578125",
        "cumulative": false
    },
    {
        "date": "2020-09-10T15:30:16Z",
        "value": "572.625",
        "cumulative": false
    },
    {
        "date": "2020-09-10T15:30:29Z",
        "value": "515.91015625",
        "cumulative": false
    },
    {
        "date": "2020-09-10T15:30:48Z",
        "value": "674.125",
        "cumulative": false
    },
    {
        "date": "2020-09-10T15:31:08Z",
        "value": "515.875",
        "cumulative": false
    },
    {
        "date": "2020-09-10T15:31:19Z",
        "value": "730.2578125",
        "cumulative": false
    },
    {
        "date": "2020-09-10T15:31:36Z",
        "value": "553.2578125",
        "cumulative": false
    },
    {
        "date": "2020-09-10T15:31:55Z",
        "value": "515.875",
        "cumulative": false
    },
    {
        "date": "2020-09-10T15:32:15Z",
        "value": "515.8828125",
        "cumulative": false
    },
    {
        "date": "2020-09-10T15:32:25Z",
        "value": "515.875",
        "cumulative": false
    },
    {
        "date": "2020-09-10T15:32:40Z",
        "value": "805.78515625",
        "cumulative": false
    },
    {
        "date": "2020-09-10T15:32:53Z",
        "value": "515.875",
        "cumulative": false
    },
    {
        "date": "2020-09-10T15:33:08Z",
        "value": "540.7578125",
        "cumulative": false
    },
    {
        "date": "2020-09-10T15:33:27Z",
        "value": "133.65625",
        "cumulative": false
    }
]