[
    {
        "date": "2020-09-10T15:15:46Z",
        "value": "0.0009593963623046875",
        "cumulative": true
    },
    {
        "date": "2020-09-10T15:16:05Z",
        "value": "0.0009593963623046875",
        "cumulative": true
    },
    {
        "date": "2020-09-10T15:16:19Z",
        "value": "0.0009593963623046875",
        "cumulative": true
    },
    {
        "date": "2020-09-10T15:16:40Z",
        "value": "1625.1919603347778",
        "cumulative": true
    },
    {
        "date": "2020-09-10T15:16:52Z",
        "value": "5754.296611785889",
        "cumulative": true
    },
    {
        "date": "2020-09-10T15:17:06Z",
        "value": "10115.621633529663",
        "cumulative": true
    },
    {
        "date": "2020-09-10T15:17:21Z",
        "value": "14575.678931236267",
        "cumulative": true
    },
    {
        "date": "2020-09-10T15:17:39Z",
        "value": "20192.688150405884",
        "cumulative": true
    },
    {
        "date": "2020-09-10T15:17:54Z",
        "value": "24680.953790664673",
        "cumulative": true
    },
    {
        "date": "2020-09-10T15:18:09Z",
        "value": "28746.23381137848",
        "cumulative": true
    },
    {
        "date": "2020-09-10T15:18:26Z",
        "value": "34043.536766052246",
        "cumulative": true
    },
    {
        "date": "2020-09-10T15:18:44Z",
        "value": "39516.926038742065",
        "cumulative": true
    },
    {
        "date": "2020-09-10T15:19:00Z",
        "value": "44916.096311569214",
        "cumulative": true
    },
    {
        "date": "2020-09-10T15:19:16Z",
        "value": "50404.52853965759",
        "cumulative": true
    },
    {
        "date": "2020-09-10T15:19:34Z",
        "value": "56438.436807632446",
        "cumulative": true
    },
    {
        "date": "2020-09-10T15:19:46Z",
        "value": "60624.48564720154",
        "cumulative": true
    },
    {
        "date": "2020-09-10T15:20:04Z",
        "value": "66944.17630195618",
        "cumulative": true
    },
    {
        "date": "2020-09-10T15:20:19Z",
        "value": "72592.6088924408",
        "cumulative": true
    },
    {
        "date": "2020-09-10T15:20:34Z",
        "value": "77854.11097335815",
        "cumulative": true
    },
    {
        "date": "2020-09-10T15:20:52Z",
        "value": "83570.57721996307",
        "cumulative": true
    },
    {
        "date": "2020-09-10T15:21:04Z",
        "value": "87243.0134191513",
        "cumulative": true
    },
    {
        "date": "2020-09-10T15:21:22Z",
        "value": "92881.1649274826",
        "cumulative": true
    },
    {
        "date": "2020-09-10T15:21:33Z",
        "value": "97061.11754131317",
        "cumulative": true
    },
    {
        "date": "2020-09-10T15:21:48Z",
        "value": "102381.50043869019",
        "cumulative": true
    },
    {
        "date": "2020-09-10T15:22:06Z",
        "value": "107522.5398349762",
        "cumulative": true
    },
    {
        "date": "2020-09-10T15:22:24Z",
        "value": "112839.83536529541",
        "cumulative": true
    },
    {
        "date": "2020-09-10T15:22:43Z",
        "value": "118548.4002456665",
        "cumulative": true
    },
    {
        "date": "2020-09-10T15:22:57Z",
        "value": "123130.88303375244",
        "cumulative": true
    },
    {
        "date": "2020-09-10T15:23:10Z",
        "value": "127428.91264438629",
        "cumulative": true
    },
    {
        "date": "2020-09-10T15:23:25Z",
        "value": "131927.31967067719",
        "cumulative": true
    },
    {
        "date": "2020-09-10T15:23:43Z",
        "value": "137187.9883146286",
        "cumulative": true
    },
    {
        "date": "2020-09-10T15:24:02Z",
        "value": "143150.41338443756",
        "cumulative": true
    },
    {
        "date": "2020-09-10T15:24:19Z",
        "value": "148811.26371479034",
        "cumulative": true
    },
    {
        "date": "2020-09-10T15:24:29Z",
        "value": "151965.46226215363",
        "cumulative": true
    },
    {
        "date": "2020-09-10T15:24:43Z",
        "value": "156216.00938129425",
        "cumulative": true
    },
    {
        "date": "2020-09-10T15:24:56Z",
        "value": "160392.98831939697",
        "cumulative": true
    },
    {
        "date": "2020-09-10T15:25:15Z",
        "value": "166481.16842651367",
        "cumulative": true
    },
    {
        "date": "2020-09-10T15:25:31Z",
        "value": "171502.06061172485",
        "cumulative": true
    },
    {
        "date": "2020-09-10T15:25:42Z",
        "value": "174908.74213409424",
        "cumulative": true
    },
    {
        "date": "2020-09-10T15:25:58Z",
        "value": "179848.36143493652",
        "cumulative": true
    },
    {
        "date": "2020-09-10T15:26:12Z",
        "value": "184170.02697372437",
        "cumulative": true
    },
    {
        "date": "2020-09-10T15:26:31Z",
        "value": "190139.28467559814",
        "cumulative": true
    },
    {
        "date": "2020-09-10T15:26:48Z",
        "value": "195648.13730621338",
        "cumulative": true
    },
    {
        "date": "2020-09-10T15:27:05Z",
        "value": "200982.06969451904",
        "cumulative": true
    },
    {
        "date": "2020-09-10T15:27:20Z",
        "value": "205743.72755146027",
        "cumulative": true
    },
    {
        "date": "2020-09-10T15:27:32Z",
        "value": "209551.53616428375",
        "cumulative": true
    },
    {
        "date": "2020-09-10T15:27:43Z",
        "value": "213387.16665363312",
        "cumulative": true
    },
    {
        "date": "2020-09-10T15:27:59Z",
        "value": "218163.14363765717",
        "cumulative": true
    },
    {
        "date": "2020-09-10T15:28:13Z",
        "value": "222938.28870105743",
        "cumulative": true
    },
    {
        "date": "2020-09-10T15:28:24Z",
        "value": "226446.68830776215",
        "cumulative": true
    },
    {
        "date": "2020-09-10T15:28:34Z",
        "value": "229661.13315296173",
        "cumulative": true
    },
    {
        "date": "2020-09-10T15:28:45Z",
        "value": "233033.19592952728",
        "cumulative": true
    },
    {
        "date": "2020-09-10T15:29:03Z",
        "value": "239109.26177883148",
        "cumulative": true
    },
    {
        "date": "2020-09-10T15:29:16Z",
        "value": "243135.50424861908",
        "cumulative": true
    },
    {
        "date": "2020-09-10T15:29:26Z",
        "value": "246474.97400188446",
        "cumulative": true
    },
    {
        "date": "2020-09-10T15:29:42Z",
        "value": "251627.63275051117",
        "cumulative": true
    },
    {
        "date": "2020-09-10T15:29:55Z",
        "value": "256013.45519065857",
        "cumulative": true
    },
    {
        "date": "2020-09-10T15:30:07Z",
        "value": "259594.3984260559",
        "cumulative": true
    },
    {
        "date": "2020-09-10T15:30:24Z",
        "value": "265389.9039154053",
        "cumulative": true
    },
    {
        "date": "2020-09-10T15:30:44Z",
        "value": "271743.49281311035",
        "cumulative": true
    },
    {
        "date": "2020-09-10T15:30:56Z",
        "value": "275656.16159820557",
        "cumulative": true
    },
    {
        "date": "2020-09-10T15:31:11Z",
        "value": "280800.2601299286",
        "cumulative": true
    },
    {
        "date": "2020-09-10T15:31:24Z",
        "value": "284832.9084587097",
        "cumulative": true
    },
    {
        "date": "2020-09-10T15:31:35Z",
        "value": "288193.39081573486",
        "cumulative": true
    },
    {
        "date": "2020-09-10T15:31:45Z",
        "value": "291579.0693836212",
        "cumulative": true
    },
    {
        "date": "2020-09-10T15:31:56Z",
        "value": "294913.96343803406",
        "cumulative": true
    },
    {
        "date": "2020-09-10T15:32:12Z",
        "value": "300016.0091457367",
        "cumulative": true
    },
    {
        "date": "2020-09-10T15:32:25Z",
        "value": "304040.80978775024",
        "cumulative": true
    },
    {
        "date": "2020-09-10T15:32:40Z",
        "value": "309022.27318382263",
        "cumulative": true
    },
    {
        "date": "2020-09-10T15:32:53Z",
        "value": "313041.17677497864",
        "cumulative": true
    },
    {
        "date": "2020-09-10T15:33:11Z",
        "value": "319072.3382053375",
        "cumulative": true
    },
    {
        "date": "2020-09-10T15:33:23Z",
        "value": "322432.04363822937",
        "cumulative": true
    }
]