[
    {
        "date": "2020-09-10T15:16:41Z",
        "value": "0.892104841",
        "cumulative": false
    },
    {
        "date": "2020-09-10T15:16:57Z",
        "value": "1.003252748",
        "cumulative": false
    },
    {
        "date": "2020-09-10T15:17:16Z",
        "value": "1.000789997",
        "cumulative": false
    },
    {
        "date": "2020-09-10T15:17:34Z",
        "value": "0.999099284",
        "cumulative": false
    },
    {
        "date": "2020-09-10T15:17:48Z",
        "value": "0.999456805",
        "cumulative": false
    },
    {
        "date": "2020-09-10T15:18:01Z",
        "value": "1.000785967",
        "cumulative": false
    },
    {
        "date": "2020-09-10T15:18:15Z",
        "value": "0.999186243",
        "cumulative": false
    },
    {
        "date": "2020-09-10T15:18:33Z",
        "value": "0.9994793",
        "cumulative": false
    },
    {
        "date": "2020-09-10T15:18:43Z",
        "value": "0.99931652",
        "cumulative": false
    },
    {
        "date": "2020-09-10T15:18:58Z",
        "value": "1.000219394",
        "cumulative": false
    },
    {
        "date": "2020-09-10T15:19:10Z",
        "value": "0.999222361",
        "cumulative": false
    },
    {
        "date": "2020-09-10T15:19:30Z",
        "value": "0.999525652",
        "cumulative": false
    },
    {
        "date": "2020-09-10T15:19:49Z",
        "value": "0.998706063",
        "cumulative": false
    },
    {
        "date": "2020-09-10T15:20:02Z",
        "value": "1.000393743",
        "cumulative": false
    },
    {
        "date": "2020-09-10T15:20:20Z",
        "value": "0.998635361",
        "cumulative": false
    },
    {
        "date": "2020-09-10T15:20:33Z",
        "value": "0.999068785",
        "cumulative": false
    },
    {
        "date": "2020-09-10T15:20:51Z",
        "value": "1.000012619",
        "cumulative": false
    },
    {
        "date": "2020-09-10T15:21:03Z",
        "value": "0.998955695",
        "cumulative": false
    },
    {
        "date": "2020-09-10T15:21:20Z",
        "value": "0.999114789",
        "cumulative": false
    },
    {
        "date": "2020-09-10T15:21:35Z",
        "value": "0.999584039",
        "cumulative": false
    },
    {
        "date": "2020-09-10T15:21:54Z",
        "value": "1.000039858",
        "cumulative": false
    },
    {
        "date": "2020-09-10T15:22:04Z",
        "value": "0.999404664",
        "cumulative": false
    },
    {
        "date": "2020-09-10T15:22:18Z",
        "value": "0.999870438",
        "cumulative": false
    },
    {
        "date": "2020-09-10T15:22:31Z",
        "value": "0.998690188",
        "cumulative": false
    },
    {
        "date": "2020-09-10T15:22:44Z",
        "value": "0.998818064",
        "cumulative": false
    },
    {
        "date": "2020-09-10T15:22:56Z",
        "value": "0.999431281",
        "cumulative": false
    },
    {
        "date": "2020-09-10T15:23:10Z",
        "value": "1.00041034",
        "cumulative": false
    },
    {
        "date": "2020-09-10T15:23:28Z",
        "value": "0.998998921",
        "cumulative": false
    },
    {
        "date": "2020-09-10T15:23:46Z",
        "value": "0.999095857",
        "cumulative": false
    },
    {
        "date": "2020-09-10T15:24:01Z",
        "value": "0.999637191",
        "cumulative": false
    },
    {
        "date": "2020-09-10T15:24:20Z",
        "value": "0.999551227",
        "cumulative": false
    },
    {
        "date": "2020-09-10T15:24:39Z",
        "value": "0.999134136",
        "cumulative": false
    },
    {
        "date": "2020-09-10T15:24:50Z",
        "value": "0.999286311",
        "cumulative": false
    },
    {
        "date": "2020-09-10T15:25:06Z",
        "value": "0.999557099",
        "cumulative": false
    },
    {
        "date": "2020-09-10T15:25:21Z",
        "value": "0.999263054",
        "cumulative": false
    },
    {
        "date": "2020-09-10T15:25:40Z",
        "value": "0.999508613",
        "cumulative": false
    },
    {
        "date": "2020-09-10T15:25:56Z",
        "value": "0.999657065",
        "cumulative": false
    },
    {
        "date": "2020-09-10T15:26:08Z",
        "value": "0.999352082",
        "cumulative": false
    },
    {
        "date": "2020-09-10T15:26:23Z",
        "value": "0.99922095",
        "cumulative": false
    },
    {
        "date": "2020-09-10T15:26:37Z",
        "value": "0.999383443",
        "cumulative": false
    },
    {
        "date": "2020-09-10T15:26:52Z",
        "value": "0.999400807",
        "cumulative": false
    },
    {
        "date": "2020-09-10T15:27:03Z",
        "value": "0.999028361",
        "cumulative": false
    },
    {
        "date": "2020-09-10T15:27:14Z",
        "value": "1.000251052",
        "cumulative": false
    },
    {
        "date": "2020-09-10T15:27:26Z",
        "value": "0.999341209",
        "cumulative": false
    },
    {
        "date": "2020-09-10T15:27:45Z",
        "value": "0.998826717",
        "cumulative": false
    },
    {
        "date": "2020-09-10T15:27:56Z",
        "value": "0.998993438",
        "cumulative": false
    },
    {
        "date": "2020-09-10T15:28:15Z",
        "value": "0.999698377",
        "cumulative": false
    },
    {
        "date": "2020-09-10T15:28:32Z",
        "value": "0.998972898",
        "cumulative": false
    },
    {
        "date": "2020-09-10T15:28:48Z",
        "value": "0.998271117",
        "cumulative": false
    },
    {
        "date": "2020-09-10T15:29:06Z",
        "value": "0.999514162",
        "cumulative": false
    },
    {
        "date": "2020-09-10T15:29:25Z",
        "value": "0.999461911",
        "cumulative": false
    },
    {
        "date": "2020-09-10T15:29:41Z",
        "value": "0.999827087",
        "cumulative": false
    },
    {
        "date": "2020-09-10T15:29:51Z",
        "value": "0.999342381",
        "cumulative": false
    },
    {
        "date": "2020-09-10T15:30:10Z",
        "value": "0.999718238",
        "cumulative": false
    },
    {
        "date": "2020-09-10T15:30:29Z",
        "value": "0.999402272",
        "cumulative": false
    },
    {
        "date": "2020-09-10T15:30:45Z",
        "value": "0.999714563",
        "cumulative": false
    },
    {
        "date": "2020-09-10T15:31:04Z",
        "value": "0.999316171",
        "cumulative": false
    },
    {
        "date": "2020-09-10T15:31:21Z",
        "value": "0.999040852",
        "cumulative": false
    },
    {
        "date": "2020-09-10T15:31:36Z",
        "value": "0.999149583",
        "cumulative": false
    },
    {
        "date": "2020-09-10T15:31:52Z",
        "value": "0.998883192",
        "cumulative": false
    },
    {
        "date": "2020-09-10T15:32:03Z",
        "value": "0.999067779",
        "cumulative": false
    },
    {
        "date": "2020-09-10T15:32:21Z",
        "value": "0.999299202",
        "cumulative": false
    },
    {
        "date": "2020-09-10T15:32:39Z",
        "value": "0.99923523",
        "cumulative": false
    },
    {
        "date": "2020-09-10T15:32:51Z",
        "value": "0.99915923",
        "cumulative": false
    },
    {
        "date": "2020-09-10T15:33:03Z",
        "value": "0.999545007",
        "cumulative": false
    },
    {
        "date": "2020-09-10T15:33:16Z",
        "value": "0.999138908",
        "cumulative": false
    },
    {
        "date": "2020-09-10T15:33:30Z",
        "value": "0.400232346",
        "cumulative": false
    }
]