[
    {
        "date": "2020-09-10T15:16:11Z",
        "value": "0.015144162",
        "cumulative": false
    },
    {
        "date": "2020-09-10T15:16:25Z",
        "value": "0.061794553",
        "cumulative": false
    },
    {
        "date": "2020-09-10T15:16:44Z",
        "value": "1.020721983",
        "cumulative": false
    },
    {
        "date": "2020-09-10T15:16:56Z",
        "value": "1.002690623",
        "cumulative": false
    },
    {
        "date": "2020-09-10T15:17:11Z",
        "value": "1.000084808",
        "cumulative": false
    },
    {
        "date": "2020-09-10T15:17:22Z",
        "value": "1.000505088",
        "cumulative": false
    },
    {
        "date": "2020-09-10T15:17:32Z",
        "value": "1.000659886",
        "cumulative": false
    },
    {
        "date": "2020-09-10T15:17:44Z",
        "value": "1.000622293",
        "cumulative": false
    },
    {
        "date": "2020-09-10T15:18:03Z",
        "value": "1.000113336",
        "cumulative": false
    },
    {
        "date": "2020-09-10T15:18:15Z",
        "value": "0.999641565",
        "cumulative": false
    },
    {
        "date": "2020-09-10T15:18:29Z",
        "value": "1.000299149",
        "cumulative": false
    },
    {
        "date": "2020-09-10T15:18:47Z",
        "value": "1.000048984",
        "cumulative": false
    },
    {
        "date": "2020-09-10T15:18:57Z",
        "value": "0.999690552",
        "cumulative": false
    },
    {
        "date": "2020-09-10T15:19:12Z",
        "value": "0.999642321",
        "cumulative": false
    },
    {
        "date": "2020-09-10T15:19:28Z",
        "value": "1.000029368",
        "cumulative": false
    },
    {
        "date": "2020-09-10T15:19:41Z",
        "value": "0.99976461",
        "cumulative": false
    },
    {
        "date": "2020-09-10T15:19:51Z",
        "value": "0.999660629",
        "cumulative": false
    },
    {
        "date": "2020-09-10T15:20:01Z",
        "value": "1.000410133",
        "cumulative": false
    },
    {
        "date": "2020-09-10T15:20:18Z",
        "value": "0.999759413",
        "cumulative": false
    },
    {
        "date": "2020-09-10T15:20:32Z",
        "value": "0.999722006",
        "cumulative": false
    },
    {
        "date": "2020-09-10T15:20:48Z",
        "value": "1.000387923",
        "cumulative": false
    },
    {
        "date": "2020-09-10T15:21:02Z",
        "value": "0.999688007",
        "cumulative": false
    },
    {
        "date": "2020-09-10T15:21:13Z",
        "value": "0.999779471",
        "cumulative": false
    },
    {
        "date": "2020-09-10T15:21:32Z",
        "value": "0.999731256",
        "cumulative": false
    },
    {
        "date": "2020-09-10T15:21:46Z",
        "value": "1.000447751",
        "cumulative": false
    },
    {
        "date": "2020-09-10T15:22:05Z",
        "value": "0.99980631",
        "cumulative": false
    },
    {
        "date": "2020-09-10T15:22:15Z",
        "value": "0.999794583",
        "cumulative": false
    },
    {
        "date": "2020-09-10T15:22:34Z",
        "value": "0.999830089",
        "cumulative": false
    },
    {
        "date": "2020-09-10T15:22:45Z",
        "value": "0.999783489",
        "cumulative": false
    },
    {
        "date": "2020-09-10T15:22:57Z",
        "value": "0.99959877",
        "cumulative": false
    },
    {
        "date": "2020-09-10T15:23:10Z",
        "value": "1.000848825",
        "cumulative": false
    },
    {
        "date": "2020-09-10T15:23:21Z",
        "value": "0.999790017",
        "cumulative": false
    },
    {
        "date": "2020-09-10T15:23:41Z",
        "value": "0.999727341",
        "cumulative": false
    },
    {
        "date": "2020-09-10T15:23:53Z",
        "value": "0.999385651",
        "cumulative": false
    },
    {
        "date": "2020-09-10T15:24:09Z",
        "value": "0.999691092",
        "cumulative": false
    },
    {
        "date": "2020-09-10T15:24:27Z",
        "value": "0.999703587",
        "cumulative": false
    },
    {
        "date": "2020-09-10T15:24:43Z",
        "value": "0.999652058",
        "cumulative": false
    },
    {
        "date": "2020-09-10T15:25:03Z",
        "value": "1.000444",
        "cumulative": false
    },
    {
        "date": "2020-09-10T15:25:17Z",
        "value": "0.999853197",
        "cumulative": false
    },
    {
        "date": "2020-09-10T15:25:28Z",
        "value": "0.999872489",
        "cumulative": false
    },
    {
        "date": "2020-09-10T15:25:43Z",
        "value": "0.999849517",
        "cumulative": false
    },
    {
        "date": "2020-09-10T15:25:59Z",
        "value": "0.999815312",
        "cumulative": false
    },
    {
        "date": "2020-09-10T15:26:19Z",
        "value": "0.999687977",
        "cumulative": false
    },
    {
        "date": "2020-09-10T15:26:33Z",
        "value": "0.999772285",
        "cumulative": false
    },
    {
        "date": "2020-09-10T15:26:50Z",
        "value": "0.999753311",
        "cumulative": false
    },
    {
        "date": "2020-09-10T15:27:03Z",
        "value": "0.999922186",
        "cumulative": false
    },
    {
        "date": "2020-09-10T15:27:16Z",
        "value": "1.000781269",
        "cumulative": false
    },
    {
        "date": "2020-09-10T15:27:36Z",
        "value": "0.999814617",
        "cumulative": false
    },
    {
        "date": "2020-09-10T15:27:50Z",
        "value": "0.99980309",
        "cumulative": false
    },
    {
        "date": "2020-09-10T15:28:01Z",
        "value": "0.999936193",
        "cumulative": false
    },
    {
        "date": "2020-09-10T15:28:19Z",
        "value": "0.999629221",
        "cumulative": false
    },
    {
        "date": "2020-09-10T15:28:33Z",
        "value": "0.999709187",
        "cumulative": false
    },
    {
        "date": "2020-09-10T15:28:47Z",
        "value": "0.999739578",
        "cumulative": false
    },
    {
        "date": "2020-09-10T15:29:03Z",
        "value": "0.999949269",
        "cumulative": false
    },
    {
        "date": "2020-09-10T15:29:20Z",
        "value": "0.999889067",
        "cumulative": false
    },
    {
        "date": "2020-09-10T15:29:32Z",
        "value": "0.999851192",
        "cumulative": false
    },
    {
        "date": "2020-09-10T15:29:45Z",
        "value": "0.999778778",
        "cumulative": false
    },
    {
        "date": "2020-09-10T15:30:02Z",
        "value": "1.000609932",
        "cumulative": false
    },
    {
        "date": "2020-09-10T15:30:16Z",
        "value": "0.999791474",
        "cumulative": false
    },
    {
        "date": "2020-09-10T15:30:29Z",
        "value": "0.999833037",
        "cumulative": false
    },
    {
        "date": "2020-09-10T15:30:48Z",
        "value": "0.999802428",
        "cumulative": false
    },
    {
        "date": "2020-09-10T15:31:08Z",
        "value": "0.999801711",
        "cumulative": false
    },
    {
        "date": "2020-09-10T15:31:19Z",
        "value": "0.999866882",
        "cumulative": false
    },
    {
        "date": "2020-09-10T15:31:36Z",
        "value": "0.999751041",
        "cumulative": false
    },
    {
        "date": "2020-09-10T15:31:55Z",
        "value": "0.999928369",
        "cumulative": false
    },
    {
        "date": "2020-09-10T15:32:15Z",
        "value": "0.999759388",
        "cumulative": false
    },
    {
        "date": "2020-09-10T15:32:25Z",
        "value": "0.999918543",
        "cumulative": false
    },
    {
        "date": "2020-09-10T15:32:40Z",
        "value": "0.999678062",
        "cumulative": false
    },
    {
        "date": "2020-09-10T15:32:53Z",
        "value": "0.999881173",
        "cumulative": false
    },
    {
        "date": "2020-09-10T15:33:08Z",
        "value": "0.999684568",
        "cumulative": false
    },
    {
        "date": "2020-09-10T15:33:27Z",
        "value": "0.731835185",
        "cumulative": false
    }
]