[
    {
        "date": "2020-09-10T15:15:45Z",
        "value": "4.00543212890625e-05",
        "cumulative": true
    },
    {
        "date": "2020-09-10T15:16:12Z",
        "value": "4.00543212890625e-05",
        "cumulative": true
    },
    {
        "date": "2020-09-10T15:16:26Z",
        "value": "0.007477760314941406",
        "cumulative": true
    },
    {
        "date": "2020-09-10T15:16:40Z",
        "value": "1575.094560623169",
        "cumulative": true
    },
    {
        "date": "2020-09-10T15:16:52Z",
        "value": "5678.060524940491",
        "cumulative": true
    },
    {
        "date": "2020-09-10T15:17:11Z",
        "value": "11673.628855705261",
        "cumulative": true
    },
    {
        "date": "2020-09-10T15:17:27Z",
        "value": "16501.671767234802",
        "cumulative": true
    },
    {
        "date": "2020-09-10T15:17:38Z",
        "value": "20085.11621952057",
        "cumulative": true
    },
    {
        "date": "2020-09-10T15:17:53Z",
        "value": "24422.533234596252",
        "cumulative": true
    },
    {
        "date": "2020-09-10T15:18:09Z",
        "value": "28685.761160850525",
        "cumulative": true
    },
    {
        "date": "2020-09-10T15:18:20Z",
        "value": "31944.664229393005",
        "cumulative": true
    },
    {
        "date": "2020-09-10T15:18:35Z",
        "value": "36385.66048526764",
        "cumulative": true
    },
    {
        "date": "2020-09-10T15:18:49Z",
        "value": "40985.64088726044",
        "cumulative": true
    },
    {
        "date": "2020-09-10T15:19:05Z",
        "value": "46454.770718574524",
        "cumulative": true
    },
    {
        "date": "2020-09-10T15:19:20Z",
        "value": "51760.2917175293",
        "cumulative": true
    },
    {
        "date": "2020-09-10T15:19:36Z",
        "value": "57104.774183273315",
        "cumulative": true
    },
    {
        "date": "2020-09-10T15:19:48Z",
        "value": "61404.6508102417",
        "cumulative": true
    },
    {
        "date": "2020-09-10T15:20:02Z",
        "value": "66111.2344493866",
        "cumulative": true
    },
    {
        "date": "2020-09-10T15:20:19Z",
        "value": "72633.66930389404",
        "cumulative": true
    },
    {
        "date": "2020-09-10T15:20:31Z",
        "value": "76691.32882499695",
        "cumulative": true
    },
    {
        "date": "2020-09-10T15:20:44Z",
        "value": "80990.25562667847",
        "cumulative": true
    },
    {
        "date": "2020-09-10T15:20:57Z",
        "value": "85148.11673545837",
        "cumulative": true
    },
    {
        "date": "2020-09-10T15:21:14Z",
        "value": "90369.58612632751",
        "cumulative": true
    },
    {
        "date": "2020-09-10T15:21:31Z",
        "value": "96356.11376190186",
        "cumulative": true
    },
    {
        "date": "2020-09-10T15:21:43Z",
        "value": "100656.30362510681",
        "cumulative": true
    },
    {
        "date": "2020-09-10T15:22:03Z",
        "value": "106604.97026634216",
        "cumulative": true
    },
    {
        "date": "2020-09-10T15:22:15Z",
        "value": "110379.15344238281",
        "cumulative": true
    },
    {
        "date": "2020-09-10T15:22:35Z",
        "value": "116235.72206878662",
        "cumulative": true
    },
    {
        "date": "2020-09-10T15:22:53Z",
        "value": "121642.2449874878",
        "cumulative": true
    },
    {
        "date": "2020-09-10T15:23:11Z",
        "value": "127565.00312614441",
        "cumulative": true
    },
    {
        "date": "2020-09-10T15:23:30Z",
        "value": "133401.18600654602",
        "cumulative": true
    },
    {
        "date": "2020-09-10T15:23:48Z",
        "value": "138803.10575675964",
        "cumulative": true
    },
    {
        "date": "2020-09-10T15:24:03Z",
        "value": "143461.10487174988",
        "cumulative": true
    },
    {
        "date": "2020-09-10T15:24:19Z",
        "value": "148789.80506134033",
        "cumulative": true
    },
    {
        "date": "2020-09-10T15:24:34Z",
        "value": "153470.0886478424",
        "cumulative": true
    },
    {
        "date": "2020-09-10T15:24:52Z",
        "value": "159200.09543800354",
        "cumulative": true
    },
    {
        "date": "2020-09-10T15:25:10Z",
        "value": "164719.81120681763",
        "cumulative": true
    },
    {
        "date": "2020-09-10T15:25:30Z",
        "value": "170718.09319114685",
        "cumulative": true
    },
    {
        "date": "2020-09-10T15:25:42Z",
        "value": "174881.53588104248",
        "cumulative": true
    },
    {
        "date": "2020-09-10T15:25:52Z",
        "value": "177989.88566970825",
        "cumulative": true
    },
    {
        "date": "2020-09-10T15:26:12Z",
        "value": "184185.7867794037",
        "cumulative": true
    },
    {
        "date": "2020-09-10T15:26:29Z",
        "value": "189603.02356147766",
        "cumulative": true
    },
    {
        "date": "2020-09-10T15:26:39Z",
        "value": "192803.33681297302",
        "cumulative": true
    },
    {
        "date": "2020-09-10T15:26:51Z",
        "value": "196378.98947906494",
        "cumulative": true
    },
    {
        "date": "2020-09-10T15:27:02Z",
        "value": "199944.43280220032",
        "cumulative": true
    },
    {
        "date": "2020-09-10T15:27:13Z",
        "value": "203305.7799243927",
        "cumulative": true
    },
    {
        "date": "2020-09-10T15:27:23Z",
        "value": "206725.86950683594",
        "cumulative": true
    },
    {
        "date": "2020-09-10T15:27:39Z",
        "value": "211799.52180862427",
        "cumulative": true
    },
    {
        "date": "2020-09-10T15:27:52Z",
        "value": "216005.13983154297",
        "cumulative": true
    },
    {
        "date": "2020-09-10T15:28:08Z",
        "value": "220945.0076084137",
        "cumulative": true
    },
    {
        "date": "2020-09-10T15:28:18Z",
        "value": "224495.73691558838",
        "cumulative": true
    },
    {
        "date": "2020-09-10T15:28:33Z",
        "value": "229310.50756454468",
        "cumulative": true
    },
    {
        "date": "2020-09-10T15:28:46Z",
        "value": "233527.22499656677",
        "cumulative": true
    },
    {
        "date": "2020-09-10T15:28:57Z",
        "value": "237252.78503608704",
        "cumulative": true
    },
    {
        "date": "2020-09-10T15:29:13Z",
        "value": "242197.86918640137",
        "cumulative": true
    },
    {
        "date": "2020-09-10T15:29:26Z",
        "value": "246278.29013633728",
        "cumulative": true
    },
    {
        "date": "2020-09-10T15:29:43Z",
        "value": "252114.30534553528",
        "cumulative": true
    },
    {
        "date": "2020-09-10T15:29:57Z",
        "value": "256395.93488693237",
        "cumulative": true
    },
    {
        "date": "2020-09-10T15:30:15Z",
        "value": "261998.08590316772",
        "cumulative": true
    },
    {
        "date": "2020-09-10T15:30:32Z",
        "value": "268024.8383846283",
        "cumulative": true
    },
    {
        "date": "2020-09-10T15:30:51Z",
        "value": "274047.82755088806",
        "cumulative": true
    },
    {
        "date": "2020-09-10T15:31:05Z",
        "value": "278736.9619102478",
        "cumulative": true
    },
    {
        "date": "2020-09-10T15:31:22Z",
        "value": "284264.16657066345",
        "cumulative": true
    },
    {
        "date": "2020-09-10T15:31:40Z",
        "value": "289870.9109840393",
        "cumulative": true
    },
    {
        "date": "2020-09-10T15:31:53Z",
        "value": "294072.35177612305",
        "cumulative": true
    },
    {
        "date": "2020-09-10T15:32:10Z",
        "value": "299284.1563491821",
        "cumulative": true
    },
    {
        "date": "2020-09-10T15:32:27Z",
        "value": "304558.3287715912",
        "cumulative": true
    },
    {
        "date": "2020-09-10T15:32:37Z",
        "value": "308153.9802131653",
        "cumulative": true
    },
    {
        "date": "2020-09-10T15:32:51Z",
        "value": "312939.1280193329",
        "cumulative": true
    },
    {
        "date": "2020-09-10T15:33:04Z",
        "value": "317005.8504829407",
        "cumulative": true
    },
    {
        "date": "2020-09-10T15:33:18Z",
        "value": "321030.5089969635",
        "cumulative": true
    },
    {
        "date": "2020-09-10T15:33:28Z",
        "value": "322375.1498012543",
        "cumulative": true
    }
]