[
    {
        "date": "2020-12-08T11:05:52.716Z",
        "value": "0.00028443336486816406",
        "cumulative": false
    },
    {
        "date": "2020-12-08T11:05:58.131Z",
        "value": "0.00032067298889160156",
        "cumulative": false
    },
    {
        "date": "2020-12-08T11:06:03.592Z",
        "value": "0.0002701282501220703",
        "cumulative": false
    },
    {
        "date": "2020-12-08T11:06:08.995Z",
        "value": "0.0002703666687011719",
        "cumulative": false
    },
    {
        "date": "2020-12-08T11:06:14.460Z",
        "value": "0.0002722740173339844",
        "cumulative": false
    },
    {
        "date": "2020-12-08T11:06:20.092Z",
        "value": "0.00028252601623535156",
        "cumulative": false
    },
    {
        "date": "2020-12-08T11:06:25.562Z",
        "value": "0.0002808570861816406",
        "cumulative": false
    },
    {
        "date": "2020-12-08T11:06:31.042Z",
        "value": "0.00027370452880859375",
        "cumulative": false
    },
    {
        "date": "2020-12-08T11:06:36.740Z",
        "value": "0.0002770423889160156",
        "cumulative": false
    },
    {
        "date": "2020-12-08T11:06:42.300Z",
        "value": "0.000316619873046875",
        "cumulative": false
    },
    {
        "date": "2020-12-08T11:06:47.784Z",
        "value": "0.0002663135528564453",
        "cumulative": false
    },
    {
        "date": "2020-12-08T11:06:53.287Z",
        "value": "0.0002872943878173828",
        "cumulative": false
    },
    {
        "date": "2020-12-08T11:06:58.757Z",
        "value": "0.00028014183044433594",
        "cumulative": false
    },
    {
        "date": "2020-12-08T11:07:04.181Z",
        "value": "0.0003066062927246094",
        "cumulative": false
    },
    {
        "date": "2020-12-08T11:07:09.678Z",
        "value": "0.0002892017364501953",
        "cumulative": false
    }
]