[
    {
        "date": "2020-12-08T11:05:52.716Z",
        "value": "0.02448892593383789",
        "cumulative": false
    },
    {
        "date": "2020-12-08T11:05:58.131Z",
        "value": "0.023230791091918945",
        "cumulative": false
    },
    {
        "date": "2020-12-08T11:06:03.592Z",
        "value": "0.022716045379638672",
        "cumulative": false
    },
    {
        "date": "2020-12-08T11:06:08.995Z",
        "value": "0.02530050277709961",
        "cumulative": false
    },
    {
        "date": "2020-12-08T11:06:14.460Z",
        "value": "0.024218320846557617",
        "cumulative": false
    },
    {
        "date": "2020-12-08T11:06:20.092Z",
        "value": "0.025742292404174805",
        "cumulative": false
    },
    {
        "date": "2020-12-08T11:06:25.562Z",
        "value": "0.023051023483276367",
        "cumulative": false
    },
    {
        "date": "2020-12-08T11:06:31.042Z",
        "value": "0.023268461227416992",
        "cumulative": false
    },
    {
        "date": "2020-12-08T11:06:36.740Z",
        "value": "0.02329850196838379",
        "cumulative": false
    },
    {
        "date": "2020-12-08T11:06:42.300Z",
        "value": "0.023757219314575195",
        "cumulative": false
    },
    {
        "date": "2020-12-08T11:06:47.784Z",
        "value": "0.02352762222290039",
        "cumulative": false
    },
    {
        "date": "2020-12-08T11:06:53.287Z",
        "value": "0.024631500244140625",
        "cumulative": false
    },
    {
        "date": "2020-12-08T11:06:58.757Z",
        "value": "0.023024797439575195",
        "cumulative": false
    },
    {
        "date": "2020-12-08T11:07:04.181Z",
        "value": "0.022668838500976562",
        "cumulative": false
    },
    {
        "date": "2020-12-08T11:07:09.678Z",
        "value": "0.023275136947631836",
        "cumulative": false
    }
]