[
    {
        "date": "2020-12-08T11:05:52.715Z",
        "value": "0.02227330207824707",
        "cumulative": false
    },
    {
        "date": "2020-12-08T11:05:58.134Z",
        "value": "0.023657798767089844",
        "cumulative": false
    },
    {
        "date": "2020-12-08T11:06:03.602Z",
        "value": "0.02356123924255371",
        "cumulative": false
    },
    {
        "date": "2020-12-08T11:06:09.005Z",
        "value": "0.023313283920288086",
        "cumulative": false
    },
    {
        "date": "2020-12-08T11:06:14.460Z",
        "value": "0.024146556854248047",
        "cumulative": false
    },
    {
        "date": "2020-12-08T11:06:20.098Z",
        "value": "0.023905515670776367",
        "cumulative": false
    },
    {
        "date": "2020-12-08T11:06:25.564Z",
        "value": "0.02278304100036621",
        "cumulative": false
    },
    {
        "date": "2020-12-08T11:06:31.039Z",
        "value": "0.023326635360717773",
        "cumulative": false
    },
    {
        "date": "2020-12-08T11:06:36.752Z",
        "value": "0.022486209869384766",
        "cumulative": false
    },
    {
        "date": "2020-12-08T11:06:42.296Z",
        "value": "0.023671865463256836",
        "cumulative": false
    },
    {
        "date": "2020-12-08T11:06:47.780Z",
        "value": "0.022556066513061523",
        "cumulative": false
    },
    {
        "date": "2020-12-08T11:06:53.276Z",
        "value": "0.022959470748901367",
        "cumulative": false
    },
    {
        "date": "2020-12-08T11:06:58.753Z",
        "value": "0.02173924446105957",
        "cumulative": false
    },
    {
        "date": "2020-12-08T11:07:04.176Z",
        "value": "0.021905899047851562",
        "cumulative": false
    },
    {
        "date": "2020-12-08T11:07:09.677Z",
        "value": "0.02359604835510254",
        "cumulative": false
    }
]