[
    {
        "date": "2020-12-08T11:05:48.023Z",
        "value": "7.03125",
        "cumulative": false
    },
    {
        "date": "2020-12-08T11:05:49.299Z",
        "value": "32.03125",
        "cumulative": false
    },
    {
        "date": "2020-12-08T11:05:50.489Z",
        "value": "41.40625",
        "cumulative": false
    },
    {
        "date": "2020-12-08T11:05:51.665Z",
        "value": "42.96875",
        "cumulative": false
    },
    {
        "date": "2020-12-08T11:05:53.465Z",
        "value": "46.875",
        "cumulative": false
    },
    {
        "date": "2020-12-08T11:05:54.695Z",
        "value": "47.65625",
        "cumulative": false
    },
    {
        "date": "2020-12-08T11:05:55.877Z",
        "value": "55.46875",
        "cumulative": false
    },
    {
        "date": "2020-12-08T11:05:57.058Z",
        "value": "64.84375",
        "cumulative": false
    },
    {
        "date": "2020-12-08T11:05:58.866Z",
        "value": "64.84375",
        "cumulative": false
    },
    {
        "date": "2020-12-08T11:06:00.100Z",
        "value": "53.125",
        "cumulative": false
    },
    {
        "date": "2020-12-08T11:06:01.293Z",
        "value": "72.65625",
        "cumulative": false
    },
    {
        "date": "2020-12-08T11:06:02.522Z",
        "value": "61.71875",
        "cumulative": false
    },
    {
        "date": "2020-12-08T11:06:04.338Z",
        "value": "74.21875",
        "cumulative": false
    },
    {
        "date": "2020-12-08T11:06:05.544Z",
        "value": "66.40625",
        "cumulative": false
    },
    {
        "date": "2020-12-08T11:06:06.720Z",
        "value": "69.53125",
        "cumulative": false
    },
    {
        "date": "2020-12-08T11:06:07.933Z",
        "value": "70.3125",
        "cumulative": false
    },
    {
        "date": "2020-12-08T11:06:09.749Z",
        "value": "74.21875",
        "cumulative": false
    },
    {
        "date": "2020-12-08T11:06:10.971Z",
        "value": "78.90625",
        "cumulative": false
    },
    {
        "date": "2020-12-08T11:06:12.163Z",
        "value": "71.875",
        "cumulative": false
    },
    {
        "date": "2020-12-08T11:06:13.368Z",
        "value": "71.875",
        "cumulative": false
    },
    {
        "date": "2020-12-08T11:06:15.219Z",
        "value": "79.6875",
        "cumulative": false
    },
    {
        "date": "2020-12-08T11:06:16.471Z",
        "value": "64.0625",
        "cumulative": false
    },
    {
        "date": "2020-12-08T11:06:17.707Z",
        "value": "77.34375",
        "cumulative": false
    },
    {
        "date": "2020-12-08T11:06:18.978Z",
        "value": "66.40625",
        "cumulative": false
    },
    {
        "date": "2020-12-08T11:06:20.861Z",
        "value": "83.59375",
        "cumulative": false
    },
    {
        "date": "2020-12-08T11:06:22.088Z",
        "value": "78.90625",
        "cumulative": false
    },
    {
        "date": "2020-12-08T11:06:23.298Z",
        "value": "79.6875",
        "cumulative": false
    },
    {
        "date": "2020-12-08T11:06:24.509Z",
        "value": "82.03125",
        "cumulative": false
    },
    {
        "date": "2020-12-08T11:06:26.297Z",
        "value": "83.59375",
        "cumulative": false
    },
    {
        "date": "2020-12-08T11:06:27.516Z",
        "value": "76.5625",
        "cumulative": false
    },
    {
        "date": "2020-12-08T11:06:28.705Z",
        "value": "78.90625",
        "cumulative": false
    },
    {
        "date": "2020-12-08T11:06:29.939Z",
        "value": "78.90625",
        "cumulative": false
    },
    {
        "date": "2020-12-08T11:06:31.784Z",
        "value": "80.46875",
        "cumulative": false
    },
    {
        "date": "2020-12-08T11:06:33.223Z",
        "value": "82.8125",
        "cumulative": false
    },
    {
        "date": "2020-12-08T11:06:34.461Z",
        "value": "86.71875",
        "cumulative": false
    },
    {
        "date": "2020-12-08T11:06:35.651Z",
        "value": "82.8125",
        "cumulative": false
    },
    {
        "date": "2020-12-08T11:06:37.494Z",
        "value": "81.25",
        "cumulative": false
    },
    {
        "date": "2020-12-08T11:06:38.752Z",
        "value": "82.03125",
        "cumulative": false
    },
    {
        "date": "2020-12-08T11:06:39.993Z",
        "value": "89.0625",
        "cumulative": false
    },
    {
        "date": "2020-12-08T11:06:41.218Z",
        "value": "86.71875",
        "cumulative": false
    },
    {
        "date": "2020-12-08T11:06:43.059Z",
        "value": "77.34375",
        "cumulative": false
    },
    {
        "date": "2020-12-08T11:06:44.292Z",
        "value": "83.59375",
        "cumulative": false
    },
    {
        "date": "2020-12-08T11:06:45.510Z",
        "value": "85.9375",
        "cumulative": false
    },
    {
        "date": "2020-12-08T11:06:46.720Z",
        "value": "85.15625",
        "cumulative": false
    },
    {
        "date": "2020-12-08T11:06:48.590Z",
        "value": "85.15625",
        "cumulative": false
    },
    {
        "date": "2020-12-08T11:06:49.791Z",
        "value": "81.25",
        "cumulative": false
    },
    {
        "date": "2020-12-08T11:06:51.008Z",
        "value": "89.84375",
        "cumulative": false
    },
    {
        "date": "2020-12-08T11:06:52.194Z",
        "value": "85.9375",
        "cumulative": false
    },
    {
        "date": "2020-12-08T11:06:54.023Z",
        "value": "83.59375",
        "cumulative": false
    },
    {
        "date": "2020-12-08T11:06:55.259Z",
        "value": "87.5",
        "cumulative": false
    },
    {
        "date": "2020-12-08T11:06:56.460Z",
        "value": "89.84375",
        "cumulative": false
    },
    {
        "date": "2020-12-08T11:06:57.650Z",
        "value": "85.9375",
        "cumulative": false
    },
    {
        "date": "2020-12-08T11:06:59.512Z",
        "value": "89.0625",
        "cumulative": false
    },
    {
        "date": "2020-12-08T11:07:00.728Z",
        "value": "81.25",
        "cumulative": false
    },
    {
        "date": "2020-12-08T11:07:01.910Z",
        "value": "86.71875",
        "cumulative": false
    },
    {
        "date": "2020-12-08T11:07:03.102Z",
        "value": "83.59375",
        "cumulative": false
    },
    {
        "date": "2020-12-08T11:07:04.930Z",
        "value": "89.0625",
        "cumulative": false
    },
    {
        "date": "2020-12-08T11:07:06.169Z",
        "value": "85.15625",
        "cumulative": false
    },
    {
        "date": "2020-12-08T11:07:07.378Z",
        "value": "82.03125",
        "cumulative": false
    },
    {
        "date": "2020-12-08T11:07:08.576Z",
        "value": "87.5",
        "cumulative": false
    }
]