[
    {
        "date": "2020-12-08T11:05:48.028Z",
        "value": "43.75",
        "cumulative": false
    },
    {
        "date": "2020-12-08T11:05:49.305Z",
        "value": "82.8125",
        "cumulative": false
    },
    {
        "date": "2020-12-08T11:05:50.495Z",
        "value": "82.03125",
        "cumulative": false
    },
    {
        "date": "2020-12-08T11:05:51.671Z",
        "value": "92.96875",
        "cumulative": false
    },
    {
        "date": "2020-12-08T11:05:53.475Z",
        "value": "92.1875",
        "cumulative": false
    },
    {
        "date": "2020-12-08T11:05:54.700Z",
        "value": "92.96875",
        "cumulative": false
    },
    {
        "date": "2020-12-08T11:05:55.884Z",
        "value": "95.3125",
        "cumulative": false
    },
    {
        "date": "2020-12-08T11:05:57.064Z",
        "value": "95.3125",
        "cumulative": false
    },
    {
        "date": "2020-12-08T11:05:58.875Z",
        "value": "93.75",
        "cumulative": false
    },
    {
        "date": "2020-12-08T11:06:00.106Z",
        "value": "97.65625",
        "cumulative": false
    },
    {
        "date": "2020-12-08T11:06:01.299Z",
        "value": "98.4375",
        "cumulative": false
    },
    {
        "date": "2020-12-08T11:06:02.526Z",
        "value": "97.65625",
        "cumulative": false
    },
    {
        "date": "2020-12-08T11:06:04.344Z",
        "value": "99.21875",
        "cumulative": false
    },
    {
        "date": "2020-12-08T11:06:05.554Z",
        "value": "96.875",
        "cumulative": false
    },
    {
        "date": "2020-12-08T11:06:06.730Z",
        "value": "97.65625",
        "cumulative": false
    },
    {
        "date": "2020-12-08T11:06:07.939Z",
        "value": "96.09375",
        "cumulative": false
    },
    {
        "date": "2020-12-08T11:06:09.757Z",
        "value": "98.4375",
        "cumulative": false
    },
    {
        "date": "2020-12-08T11:06:10.981Z",
        "value": "98.4375",
        "cumulative": false
    },
    {
        "date": "2020-12-08T11:06:12.169Z",
        "value": "99.21875",
        "cumulative": false
    },
    {
        "date": "2020-12-08T11:06:13.375Z",
        "value": "99.21875",
        "cumulative": false
    },
    {
        "date": "2020-12-08T11:06:15.223Z",
        "value": "95.3125",
        "cumulative": false
    },
    {
        "date": "2020-12-08T11:06:16.478Z",
        "value": "98.4375",
        "cumulative": false
    },
    {
        "date": "2020-12-08T11:06:17.716Z",
        "value": "99.21875",
        "cumulative": false
    },
    {
        "date": "2020-12-08T11:06:18.983Z",
        "value": "98.4375",
        "cumulative": false
    },
    {
        "date": "2020-12-08T11:06:20.872Z",
        "value": "100.0",
        "cumulative": false
    },
    {
        "date": "2020-12-08T11:06:22.092Z",
        "value": "98.4375",
        "cumulative": false
    },
    {
        "date": "2020-12-08T11:06:23.308Z",
        "value": "99.21875",
        "cumulative": false
    },
    {
        "date": "2020-12-08T11:06:24.512Z",
        "value": "99.21875",
        "cumulative": false
    },
    {
        "date": "2020-12-08T11:06:26.304Z",
        "value": "99.21875",
        "cumulative": false
    },
    {
        "date": "2020-12-08T11:06:27.518Z",
        "value": "98.4375",
        "cumulative": false
    },
    {
        "date": "2020-12-08T11:06:28.711Z",
        "value": "98.4375",
        "cumulative": false
    },
    {
        "date": "2020-12-08T11:06:29.946Z",
        "value": "99.21875",
        "cumulative": false
    },
    {
        "date": "2020-12-08T11:06:31.793Z",
        "value": "96.875",
        "cumulative": false
    },
    {
        "date": "2020-12-08T11:06:33.230Z",
        "value": "99.21875",
        "cumulative": false
    },
    {
        "date": "2020-12-08T11:06:34.467Z",
        "value": "100.0",
        "cumulative": false
    },
    {
        "date": "2020-12-08T11:06:35.654Z",
        "value": "100.0",
        "cumulative": false
    },
    {
        "date": "2020-12-08T11:06:37.499Z",
        "value": "99.21875",
        "cumulative": false
    },
    {
        "date": "2020-12-08T11:06:38.758Z",
        "value": "98.4375",
        "cumulative": false
    },
    {
        "date": "2020-12-08T11:06:40.000Z",
        "value": "98.4375",
        "cumulative": false
    },
    {
        "date": "2020-12-08T11:06:41.225Z",
        "value": "100.0",
        "cumulative": false
    },
    {
        "date": "2020-12-08T11:06:43.063Z",
        "value": "92.96875",
        "cumulative": false
    },
    {
        "date": "2020-12-08T11:06:44.300Z",
        "value": "98.4375",
        "cumulative": false
    },
    {
        "date": "2020-12-08T11:06:45.513Z",
        "value": "100.0",
        "cumulative": false
    },
    {
        "date": "2020-12-08T11:06:46.726Z",
        "value": "98.4375",
        "cumulative": false
    },
    {
        "date": "2020-12-08T11:06:48.587Z",
        "value": "99.21875",
        "cumulative": false
    },
    {
        "date": "2020-12-08T11:06:49.797Z",
        "value": "100.0",
        "cumulative": false
    },
    {
        "date": "2020-12-08T11:06:51.013Z",
        "value": "100.0",
        "cumulative": false
    },
    {
        "date": "2020-12-08T11:06:52.201Z",
        "value": "99.21875",
        "cumulative": false
    },
    {
        "date": "2020-12-08T11:06:54.029Z",
        "value": "100.0",
        "cumulative": false
    },
    {
        "date": "2020-12-08T11:06:55.262Z",
        "value": "99.21875",
        "cumulative": false
    },
    {
        "date": "2020-12-08T11:06:56.466Z",
        "value": "98.4375",
        "cumulative": false
    },
    {
        "date": "2020-12-08T11:06:57.659Z",
        "value": "98.4375",
        "cumulative": false
    },
    {
        "date": "2020-12-08T11:06:59.524Z",
        "value": "100.0",
        "cumulative": false
    },
    {
        "date": "2020-12-08T11:07:00.734Z",
        "value": "99.21875",
        "cumulative": false
    },
    {
        "date": "2020-12-08T11:07:01.917Z",
        "value": "97.65625",
        "cumulative": false
    },
    {
        "date": "2020-12-08T11:07:03.113Z",
        "value": "98.4375",
        "cumulative": false
    },
    {
        "date": "2020-12-08T11:07:04.941Z",
        "value": "99.21875",
        "cumulative": false
    },
    {
        "date": "2020-12-08T11:07:06.173Z",
        "value": "99.21875",
        "cumulative": false
    },
    {
        "date": "2020-12-08T11:07:07.384Z",
        "value": "100.0",
        "cumulative": false
    },
    {
        "date": "2020-12-08T11:07:08.582Z",
        "value": "100.0",
        "cumulative": false
    }
]