[
    {
        "date": "2020-12-08T11:05:52.716Z",
        "value": "6.851207971572876",
        "cumulative": false
    },
    {
        "date": "2020-12-08T11:05:58.126Z",
        "value": "4.588358402252197",
        "cumulative": false
    },
    {
        "date": "2020-12-08T11:06:03.585Z",
        "value": "4.630855321884155",
        "cumulative": false
    },
    {
        "date": "2020-12-08T11:06:08.984Z",
        "value": "4.57085657119751",
        "cumulative": false
    },
    {
        "date": "2020-12-08T11:06:14.447Z",
        "value": "4.627110481262207",
        "cumulative": false
    },
    {
        "date": "2020-12-08T11:06:20.087Z",
        "value": "4.7820143699646",
        "cumulative": false
    },
    {
        "date": "2020-12-08T11:06:25.560Z",
        "value": "4.623978853225708",
        "cumulative": false
    },
    {
        "date": "2020-12-08T11:06:31.032Z",
        "value": "4.645608901977539",
        "cumulative": false
    },
    {
        "date": "2020-12-08T11:06:36.733Z",
        "value": "4.858962297439575",
        "cumulative": false
    },
    {
        "date": "2020-12-08T11:06:42.288Z",
        "value": "4.718204498291016",
        "cumulative": false
    },
    {
        "date": "2020-12-08T11:06:47.772Z",
        "value": "4.622172117233276",
        "cumulative": false
    },
    {
        "date": "2020-12-08T11:06:53.268Z",
        "value": "4.610968112945557",
        "cumulative": false
    },
    {
        "date": "2020-12-08T11:06:58.753Z",
        "value": "4.630117893218994",
        "cumulative": false
    },
    {
        "date": "2020-12-08T11:07:04.177Z",
        "value": "4.578149080276489",
        "cumulative": false
    },
    {
        "date": "2020-12-08T11:07:09.666Z",
        "value": "4.6631810665130615",
        "cumulative": false
    }
]