[
    {
        "date": "2020-12-08T11:05:52.716Z",
        "value": "2.5584752559661865",
        "cumulative": false
    },
    {
        "date": "2020-12-08T11:05:58.131Z",
        "value": "2.5232787132263184",
        "cumulative": false
    },
    {
        "date": "2020-12-08T11:06:03.592Z",
        "value": "2.5599961280822754",
        "cumulative": false
    },
    {
        "date": "2020-12-08T11:06:08.995Z",
        "value": "2.495368480682373",
        "cumulative": false
    },
    {
        "date": "2020-12-08T11:06:14.460Z",
        "value": "2.5116450786590576",
        "cumulative": false
    },
    {
        "date": "2020-12-08T11:06:20.092Z",
        "value": "2.6644937992095947",
        "cumulative": false
    },
    {
        "date": "2020-12-08T11:06:25.562Z",
        "value": "2.4961318969726562",
        "cumulative": false
    },
    {
        "date": "2020-12-08T11:06:31.042Z",
        "value": "2.567467212677002",
        "cumulative": false
    },
    {
        "date": "2020-12-08T11:06:36.740Z",
        "value": "2.762018918991089",
        "cumulative": false
    },
    {
        "date": "2020-12-08T11:06:42.300Z",
        "value": "2.6386609077453613",
        "cumulative": false
    },
    {
        "date": "2020-12-08T11:06:47.784Z",
        "value": "2.554009199142456",
        "cumulative": false
    },
    {
        "date": "2020-12-08T11:06:53.287Z",
        "value": "2.451051950454712",
        "cumulative": false
    },
    {
        "date": "2020-12-08T11:06:58.757Z",
        "value": "2.529242753982544",
        "cumulative": false
    },
    {
        "date": "2020-12-08T11:07:04.181Z",
        "value": "2.569051742553711",
        "cumulative": false
    },
    {
        "date": "2020-12-08T11:07:09.678Z",
        "value": "2.6045148372650146",
        "cumulative": false
    }
]