[
    {
        "date": "2020-12-08T11:05:48.026Z",
        "value": "2.490200996398926",
        "cumulative": false
    },
    {
        "date": "2020-12-08T11:05:49.301Z",
        "value": "1.7667368650436401",
        "cumulative": false
    },
    {
        "date": "2020-12-08T11:05:50.495Z",
        "value": "1.6083158254623413",
        "cumulative": false
    },
    {
        "date": "2020-12-08T11:05:51.671Z",
        "value": "1.4595845937728882",
        "cumulative": false
    },
    {
        "date": "2020-12-08T11:05:53.477Z",
        "value": "1.529719352722168",
        "cumulative": false
    },
    {
        "date": "2020-12-08T11:05:54.704Z",
        "value": "1.1872717142105103",
        "cumulative": false
    },
    {
        "date": "2020-12-08T11:05:55.883Z",
        "value": "1.52000892162323",
        "cumulative": false
    },
    {
        "date": "2020-12-08T11:05:57.068Z",
        "value": "1.1851149797439575",
        "cumulative": false
    },
    {
        "date": "2020-12-08T11:05:58.867Z",
        "value": "1.0170402526855469",
        "cumulative": false
    },
    {
        "date": "2020-12-08T11:06:00.103Z",
        "value": "0.8804870247840881",
        "cumulative": false
    },
    {
        "date": "2020-12-08T11:06:01.298Z",
        "value": "1.1185418367385864",
        "cumulative": false
    },
    {
        "date": "2020-12-08T11:06:02.524Z",
        "value": "0.9526656866073608",
        "cumulative": false
    },
    {
        "date": "2020-12-08T11:06:04.347Z",
        "value": "0.757067084312439",
        "cumulative": false
    },
    {
        "date": "2020-12-08T11:06:05.550Z",
        "value": "0.9812989830970764",
        "cumulative": false
    },
    {
        "date": "2020-12-08T11:06:06.730Z",
        "value": "0.7456567287445068",
        "cumulative": false
    },
    {
        "date": "2020-12-08T11:06:07.938Z",
        "value": "1.0455033779144287",
        "cumulative": false
    },
    {
        "date": "2020-12-08T11:06:09.759Z",
        "value": "0.8892369270324707",
        "cumulative": false
    },
    {
        "date": "2020-12-08T11:06:10.981Z",
        "value": "0.8604649901390076",
        "cumulative": false
    },
    {
        "date": "2020-12-08T11:06:12.173Z",
        "value": "0.749862551689148",
        "cumulative": false
    },
    {
        "date": "2020-12-08T11:06:13.374Z",
        "value": "0.7770082950592041",
        "cumulative": false
    },
    {
        "date": "2020-12-08T11:06:15.225Z",
        "value": "0.6633141040802002",
        "cumulative": false
    },
    {
        "date": "2020-12-08T11:06:16.480Z",
        "value": "0.6578711867332458",
        "cumulative": false
    },
    {
        "date": "2020-12-08T11:06:17.711Z",
        "value": "0.5519266724586487",
        "cumulative": false
    },
    {
        "date": "2020-12-08T11:06:18.982Z",
        "value": "0.6176546812057495",
        "cumulative": false
    },
    {
        "date": "2020-12-08T11:06:20.871Z",
        "value": "0.6059243679046631",
        "cumulative": false
    },
    {
        "date": "2020-12-08T11:06:22.092Z",
        "value": "0.6034955978393555",
        "cumulative": false
    },
    {
        "date": "2020-12-08T11:06:23.308Z",
        "value": "0.636680543422699",
        "cumulative": false
    },
    {
        "date": "2020-12-08T11:06:24.515Z",
        "value": "0.6817689538002014",
        "cumulative": false
    },
    {
        "date": "2020-12-08T11:06:26.299Z",
        "value": "0.6551722288131714",
        "cumulative": false
    },
    {
        "date": "2020-12-08T11:06:27.518Z",
        "value": "0.7342863082885742",
        "cumulative": false
    },
    {
        "date": "2020-12-08T11:06:28.711Z",
        "value": "0.6038076877593994",
        "cumulative": false
    },
    {
        "date": "2020-12-08T11:06:29.949Z",
        "value": "0.6248993277549744",
        "cumulative": false
    },
    {
        "date": "2020-12-08T11:06:31.792Z",
        "value": "0.48062142729759216",
        "cumulative": false
    },
    {
        "date": "2020-12-08T11:06:33.226Z",
        "value": "0.4556015431880951",
        "cumulative": false
    },
    {
        "date": "2020-12-08T11:06:34.467Z",
        "value": "0.5222887396812439",
        "cumulative": false
    },
    {
        "date": "2020-12-08T11:06:35.654Z",
        "value": "0.5910646319389343",
        "cumulative": false
    },
    {
        "date": "2020-12-08T11:06:37.500Z",
        "value": "0.5479641556739807",
        "cumulative": false
    },
    {
        "date": "2020-12-08T11:06:38.762Z",
        "value": "0.35416626930236816",
        "cumulative": false
    },
    {
        "date": "2020-12-08T11:06:40.004Z",
        "value": "0.5861996412277222",
        "cumulative": false
    },
    {
        "date": "2020-12-08T11:06:41.228Z",
        "value": "0.605699360370636",
        "cumulative": false
    },
    {
        "date": "2020-12-08T11:06:43.070Z",
        "value": "0.4286671578884125",
        "cumulative": false
    },
    {
        "date": "2020-12-08T11:06:44.301Z",
        "value": "0.3665158748626709",
        "cumulative": false
    },
    {
        "date": "2020-12-08T11:06:45.513Z",
        "value": "0.4873097836971283",
        "cumulative": false
    },
    {
        "date": "2020-12-08T11:06:46.729Z",
        "value": "0.48203372955322266",
        "cumulative": false
    },
    {
        "date": "2020-12-08T11:06:48.597Z",
        "value": "0.61549311876297",
        "cumulative": false
    },
    {
        "date": "2020-12-08T11:06:49.800Z",
        "value": "0.4283432364463806",
        "cumulative": false
    },
    {
        "date": "2020-12-08T11:06:51.013Z",
        "value": "0.49061527848243713",
        "cumulative": false
    },
    {
        "date": "2020-12-08T11:06:52.201Z",
        "value": "0.4023311734199524",
        "cumulative": false
    },
    {
        "date": "2020-12-08T11:06:54.022Z",
        "value": "0.42950165271759033",
        "cumulative": false
    },
    {
        "date": "2020-12-08T11:06:55.262Z",
        "value": "0.5399778485298157",
        "cumulative": false
    },
    {
        "date": "2020-12-08T11:06:56.462Z",
        "value": "0.30867093801498413",
        "cumulative": false
    },
    {
        "date": "2020-12-08T11:06:57.656Z",
        "value": "0.3044884204864502",
        "cumulative": false
    },
    {
        "date": "2020-12-08T11:06:59.522Z",
        "value": "0.2522268295288086",
        "cumulative": false
    },
    {
        "date": "2020-12-08T11:07:00.732Z",
        "value": "0.30269625782966614",
        "cumulative": false
    },
    {
        "date": "2020-12-08T11:07:01.921Z",
        "value": "0.4517551064491272",
        "cumulative": false
    },
    {
        "date": "2020-12-08T11:07:03.110Z",
        "value": "0.5139575004577637",
        "cumulative": false
    },
    {
        "date": "2020-12-08T11:07:04.937Z",
        "value": "0.3867717385292053",
        "cumulative": false
    },
    {
        "date": "2020-12-08T11:07:06.176Z",
        "value": "0.43694618344306946",
        "cumulative": false
    },
    {
        "date": "2020-12-08T11:07:07.388Z",
        "value": "0.5296674370765686",
        "cumulative": false
    },
    {
        "date": "2020-12-08T11:07:08.582Z",
        "value": "0.425521582365036",
        "cumulative": false
    }
]