[
    {
        "date": "2020-12-08T11:05:52.715Z",
        "value": "3.263794422149658",
        "cumulative": false
    },
    {
        "date": "2020-12-08T11:05:58.133Z",
        "value": "1.1230063438415527",
        "cumulative": false
    },
    {
        "date": "2020-12-08T11:06:03.602Z",
        "value": "1.1526644229888916",
        "cumulative": false
    },
    {
        "date": "2020-12-08T11:06:09.005Z",
        "value": "1.1185052394866943",
        "cumulative": false
    },
    {
        "date": "2020-12-08T11:06:14.460Z",
        "value": "1.1292061805725098",
        "cumulative": false
    },
    {
        "date": "2020-12-08T11:06:20.098Z",
        "value": "1.199307918548584",
        "cumulative": false
    },
    {
        "date": "2020-12-08T11:06:25.564Z",
        "value": "1.0890998840332031",
        "cumulative": false
    },
    {
        "date": "2020-12-08T11:06:31.039Z",
        "value": "1.1153485774993896",
        "cumulative": false
    },
    {
        "date": "2020-12-08T11:06:36.752Z",
        "value": "1.1222915649414062",
        "cumulative": false
    },
    {
        "date": "2020-12-08T11:06:42.296Z",
        "value": "1.1240816116333008",
        "cumulative": false
    },
    {
        "date": "2020-12-08T11:06:47.779Z",
        "value": "1.089979887008667",
        "cumulative": false
    },
    {
        "date": "2020-12-08T11:06:53.276Z",
        "value": "1.1306943893432617",
        "cumulative": false
    },
    {
        "date": "2020-12-08T11:06:58.753Z",
        "value": "1.082775592803955",
        "cumulative": false
    },
    {
        "date": "2020-12-08T11:07:04.176Z",
        "value": "1.0585227012634277",
        "cumulative": false
    },
    {
        "date": "2020-12-08T11:07:09.677Z",
        "value": "1.1154885292053223",
        "cumulative": false
    }
]