[
    {
        "date": "2020-12-08T11:05:48.028Z",
        "value": "7.03125",
        "cumulative": false
    },
    {
        "date": "2020-12-08T11:05:49.303Z",
        "value": "31.25",
        "cumulative": false
    },
    {
        "date": "2020-12-08T11:05:50.495Z",
        "value": "36.71875",
        "cumulative": false
    },
    {
        "date": "2020-12-08T11:05:51.671Z",
        "value": "48.4375",
        "cumulative": false
    },
    {
        "date": "2020-12-08T11:05:53.475Z",
        "value": "45.3125",
        "cumulative": false
    },
    {
        "date": "2020-12-08T11:05:54.700Z",
        "value": "48.4375",
        "cumulative": false
    },
    {
        "date": "2020-12-08T11:05:55.884Z",
        "value": "59.375",
        "cumulative": false
    },
    {
        "date": "2020-12-08T11:05:57.063Z",
        "value": "57.03125",
        "cumulative": false
    },
    {
        "date": "2020-12-08T11:05:58.875Z",
        "value": "71.09375",
        "cumulative": false
    },
    {
        "date": "2020-12-08T11:06:00.106Z",
        "value": "64.0625",
        "cumulative": false
    },
    {
        "date": "2020-12-08T11:06:01.299Z",
        "value": "65.625",
        "cumulative": false
    },
    {
        "date": "2020-12-08T11:06:02.526Z",
        "value": "68.75",
        "cumulative": false
    },
    {
        "date": "2020-12-08T11:06:04.344Z",
        "value": "70.3125",
        "cumulative": false
    },
    {
        "date": "2020-12-08T11:06:05.554Z",
        "value": "67.1875",
        "cumulative": false
    },
    {
        "date": "2020-12-08T11:06:06.730Z",
        "value": "60.15625",
        "cumulative": false
    },
    {
        "date": "2020-12-08T11:06:07.939Z",
        "value": "77.34375",
        "cumulative": false
    },
    {
        "date": "2020-12-08T11:06:09.757Z",
        "value": "76.5625",
        "cumulative": false
    },
    {
        "date": "2020-12-08T11:06:10.981Z",
        "value": "78.125",
        "cumulative": false
    },
    {
        "date": "2020-12-08T11:06:12.169Z",
        "value": "71.09375",
        "cumulative": false
    },
    {
        "date": "2020-12-08T11:06:13.375Z",
        "value": "68.75",
        "cumulative": false
    },
    {
        "date": "2020-12-08T11:06:15.223Z",
        "value": "71.875",
        "cumulative": false
    },
    {
        "date": "2020-12-08T11:06:16.478Z",
        "value": "71.09375",
        "cumulative": false
    },
    {
        "date": "2020-12-08T11:06:17.715Z",
        "value": "75.0",
        "cumulative": false
    },
    {
        "date": "2020-12-08T11:06:18.983Z",
        "value": "78.125",
        "cumulative": false
    },
    {
        "date": "2020-12-08T11:06:20.872Z",
        "value": "75.78125",
        "cumulative": false
    },
    {
        "date": "2020-12-08T11:06:22.092Z",
        "value": "78.90625",
        "cumulative": false
    },
    {
        "date": "2020-12-08T11:06:23.308Z",
        "value": "80.46875",
        "cumulative": false
    },
    {
        "date": "2020-12-08T11:06:24.511Z",
        "value": "80.46875",
        "cumulative": false
    },
    {
        "date": "2020-12-08T11:06:26.304Z",
        "value": "83.59375",
        "cumulative": false
    },
    {
        "date": "2020-12-08T11:06:27.518Z",
        "value": "78.125",
        "cumulative": false
    },
    {
        "date": "2020-12-08T11:06:28.711Z",
        "value": "76.5625",
        "cumulative": false
    },
    {
        "date": "2020-12-08T11:06:29.945Z",
        "value": "74.21875",
        "cumulative": false
    },
    {
        "date": "2020-12-08T11:06:31.793Z",
        "value": "76.5625",
        "cumulative": false
    },
    {
        "date": "2020-12-08T11:06:33.230Z",
        "value": "82.03125",
        "cumulative": false
    },
    {
        "date": "2020-12-08T11:06:34.467Z",
        "value": "78.90625",
        "cumulative": false
    },
    {
        "date": "2020-12-08T11:06:35.654Z",
        "value": "79.6875",
        "cumulative": false
    },
    {
        "date": "2020-12-08T11:06:37.499Z",
        "value": "75.78125",
        "cumulative": false
    },
    {
        "date": "2020-12-08T11:06:38.758Z",
        "value": "78.90625",
        "cumulative": false
    },
    {
        "date": "2020-12-08T11:06:40.000Z",
        "value": "79.6875",
        "cumulative": false
    },
    {
        "date": "2020-12-08T11:06:41.225Z",
        "value": "82.03125",
        "cumulative": false
    },
    {
        "date": "2020-12-08T11:06:43.063Z",
        "value": "80.46875",
        "cumulative": false
    },
    {
        "date": "2020-12-08T11:06:44.300Z",
        "value": "85.15625",
        "cumulative": false
    },
    {
        "date": "2020-12-08T11:06:45.513Z",
        "value": "83.59375",
        "cumulative": false
    },
    {
        "date": "2020-12-08T11:06:46.726Z",
        "value": "80.46875",
        "cumulative": false
    },
    {
        "date": "2020-12-08T11:06:48.587Z",
        "value": "81.25",
        "cumulative": false
    },
    {
        "date": "2020-12-08T11:06:49.797Z",
        "value": "85.15625",
        "cumulative": false
    },
    {
        "date": "2020-12-08T11:06:51.013Z",
        "value": "85.15625",
        "cumulative": false
    },
    {
        "date": "2020-12-08T11:06:52.201Z",
        "value": "87.5",
        "cumulative": false
    },
    {
        "date": "2020-12-08T11:06:54.028Z",
        "value": "88.28125",
        "cumulative": false
    },
    {
        "date": "2020-12-08T11:06:55.262Z",
        "value": "85.15625",
        "cumulative": false
    },
    {
        "date": "2020-12-08T11:06:56.466Z",
        "value": "88.28125",
        "cumulative": false
    },
    {
        "date": "2020-12-08T11:06:57.659Z",
        "value": "85.15625",
        "cumulative": false
    },
    {
        "date": "2020-12-08T11:06:59.524Z",
        "value": "85.15625",
        "cumulative": false
    },
    {
        "date": "2020-12-08T11:07:00.734Z",
        "value": "83.59375",
        "cumulative": false
    },
    {
        "date": "2020-12-08T11:07:01.917Z",
        "value": "89.84375",
        "cumulative": false
    },
    {
        "date": "2020-12-08T11:07:03.112Z",
        "value": "85.15625",
        "cumulative": false
    },
    {
        "date": "2020-12-08T11:07:04.941Z",
        "value": "84.375",
        "cumulative": false
    },
    {
        "date": "2020-12-08T11:07:06.173Z",
        "value": "85.9375",
        "cumulative": false
    },
    {
        "date": "2020-12-08T11:07:07.384Z",
        "value": "84.375",
        "cumulative": false
    },
    {
        "date": "2020-12-08T11:07:08.582Z",
        "value": "85.15625",
        "cumulative": false
    }
]