[
    {
        "date": "2020-12-08T11:05:52.715Z",
        "value": "0.2393789291381836",
        "cumulative": false
    },
    {
        "date": "2020-12-08T11:05:58.133Z",
        "value": "0.26705098152160645",
        "cumulative": false
    },
    {
        "date": "2020-12-08T11:06:03.602Z",
        "value": "0.24910616874694824",
        "cumulative": false
    },
    {
        "date": "2020-12-08T11:06:09.005Z",
        "value": "0.262662410736084",
        "cumulative": false
    },
    {
        "date": "2020-12-08T11:06:14.460Z",
        "value": "0.2637512683868408",
        "cumulative": false
    },
    {
        "date": "2020-12-08T11:06:20.098Z",
        "value": "0.259976863861084",
        "cumulative": false
    },
    {
        "date": "2020-12-08T11:06:25.564Z",
        "value": "0.23529553413391113",
        "cumulative": false
    },
    {
        "date": "2020-12-08T11:06:31.039Z",
        "value": "0.2497398853302002",
        "cumulative": false
    },
    {
        "date": "2020-12-08T11:06:36.752Z",
        "value": "0.23797607421875",
        "cumulative": false
    },
    {
        "date": "2020-12-08T11:06:42.296Z",
        "value": "0.2605266571044922",
        "cumulative": false
    },
    {
        "date": "2020-12-08T11:06:47.779Z",
        "value": "0.24910950660705566",
        "cumulative": false
    },
    {
        "date": "2020-12-08T11:06:53.276Z",
        "value": "0.24779820442199707",
        "cumulative": false
    },
    {
        "date": "2020-12-08T11:06:58.753Z",
        "value": "0.23776936531066895",
        "cumulative": false
    },
    {
        "date": "2020-12-08T11:07:04.176Z",
        "value": "0.24002337455749512",
        "cumulative": false
    },
    {
        "date": "2020-12-08T11:07:09.677Z",
        "value": "0.23355674743652344",
        "cumulative": false
    }
]