[
    {
        "date": "2020-12-08T11:05:52.715Z",
        "value": "0.0002624988555908203",
        "cumulative": false
    },
    {
        "date": "2020-12-08T11:05:58.134Z",
        "value": "0.0003147125244140625",
        "cumulative": false
    },
    {
        "date": "2020-12-08T11:06:03.602Z",
        "value": "0.0002994537353515625",
        "cumulative": false
    },
    {
        "date": "2020-12-08T11:06:09.005Z",
        "value": "0.00028133392333984375",
        "cumulative": false
    },
    {
        "date": "2020-12-08T11:06:14.460Z",
        "value": "0.00030422210693359375",
        "cumulative": false
    },
    {
        "date": "2020-12-08T11:06:20.098Z",
        "value": "0.00028967857360839844",
        "cumulative": false
    },
    {
        "date": "2020-12-08T11:06:25.564Z",
        "value": "0.0003275871276855469",
        "cumulative": false
    },
    {
        "date": "2020-12-08T11:06:31.039Z",
        "value": "0.00027298927307128906",
        "cumulative": false
    },
    {
        "date": "2020-12-08T11:06:36.752Z",
        "value": "0.00033354759216308594",
        "cumulative": false
    },
    {
        "date": "2020-12-08T11:06:42.297Z",
        "value": "0.00028324127197265625",
        "cumulative": false
    },
    {
        "date": "2020-12-08T11:06:47.780Z",
        "value": "0.00027298927307128906",
        "cumulative": false
    },
    {
        "date": "2020-12-08T11:06:53.276Z",
        "value": "0.0002970695495605469",
        "cumulative": false
    },
    {
        "date": "2020-12-08T11:06:58.753Z",
        "value": "0.0002684593200683594",
        "cumulative": false
    },
    {
        "date": "2020-12-08T11:07:04.176Z",
        "value": "0.0002613067626953125",
        "cumulative": false
    },
    {
        "date": "2020-12-08T11:07:09.677Z",
        "value": "0.00027942657470703125",
        "cumulative": false
    }
]