[
    {
        "date": "2020-12-08T11:05:52.716Z",
        "value": "0.06930160522460938",
        "cumulative": false
    },
    {
        "date": "2020-12-08T11:05:58.131Z",
        "value": "0.06726813316345215",
        "cumulative": false
    },
    {
        "date": "2020-12-08T11:06:03.592Z",
        "value": "0.06677508354187012",
        "cumulative": false
    },
    {
        "date": "2020-12-08T11:06:08.995Z",
        "value": "0.06952261924743652",
        "cumulative": false
    },
    {
        "date": "2020-12-08T11:06:14.460Z",
        "value": "0.06824707984924316",
        "cumulative": false
    },
    {
        "date": "2020-12-08T11:06:20.092Z",
        "value": "0.06790518760681152",
        "cumulative": false
    },
    {
        "date": "2020-12-08T11:06:25.562Z",
        "value": "0.06940841674804688",
        "cumulative": false
    },
    {
        "date": "2020-12-08T11:06:31.042Z",
        "value": "0.06843090057373047",
        "cumulative": false
    },
    {
        "date": "2020-12-08T11:06:36.740Z",
        "value": "0.06631851196289062",
        "cumulative": false
    },
    {
        "date": "2020-12-08T11:06:42.300Z",
        "value": "0.07104110717773438",
        "cumulative": false
    },
    {
        "date": "2020-12-08T11:06:47.784Z",
        "value": "0.06966376304626465",
        "cumulative": false
    },
    {
        "date": "2020-12-08T11:06:53.287Z",
        "value": "0.06948113441467285",
        "cumulative": false
    },
    {
        "date": "2020-12-08T11:06:58.757Z",
        "value": "0.06772494316101074",
        "cumulative": false
    },
    {
        "date": "2020-12-08T11:07:04.181Z",
        "value": "0.06736898422241211",
        "cumulative": false
    },
    {
        "date": "2020-12-08T11:07:09.678Z",
        "value": "0.06505322456359863",
        "cumulative": false
    }
]