[
    {
        "date": "2020-12-08T11:05:52.715Z",
        "value": "0.06948113441467285",
        "cumulative": false
    },
    {
        "date": "2020-12-08T11:05:58.134Z",
        "value": "0.0714111328125",
        "cumulative": false
    },
    {
        "date": "2020-12-08T11:06:03.602Z",
        "value": "0.07456564903259277",
        "cumulative": false
    },
    {
        "date": "2020-12-08T11:06:09.005Z",
        "value": "0.07034897804260254",
        "cumulative": false
    },
    {
        "date": "2020-12-08T11:06:14.460Z",
        "value": "0.069854736328125",
        "cumulative": false
    },
    {
        "date": "2020-12-08T11:06:20.098Z",
        "value": "0.0716547966003418",
        "cumulative": false
    },
    {
        "date": "2020-12-08T11:06:25.564Z",
        "value": "0.07022881507873535",
        "cumulative": false
    },
    {
        "date": "2020-12-08T11:06:31.039Z",
        "value": "0.07160067558288574",
        "cumulative": false
    },
    {
        "date": "2020-12-08T11:06:36.752Z",
        "value": "0.06992983818054199",
        "cumulative": false
    },
    {
        "date": "2020-12-08T11:06:42.297Z",
        "value": "0.07226872444152832",
        "cumulative": false
    },
    {
        "date": "2020-12-08T11:06:47.780Z",
        "value": "0.07142162322998047",
        "cumulative": false
    },
    {
        "date": "2020-12-08T11:06:53.276Z",
        "value": "0.06809544563293457",
        "cumulative": false
    },
    {
        "date": "2020-12-08T11:06:58.753Z",
        "value": "0.07061529159545898",
        "cumulative": false
    },
    {
        "date": "2020-12-08T11:07:04.176Z",
        "value": "0.06940913200378418",
        "cumulative": false
    },
    {
        "date": "2020-12-08T11:07:09.677Z",
        "value": "0.07037806510925293",
        "cumulative": false
    }
]