[
    {
        "date": "2020-12-08T11:05:52.715Z",
        "value": "0.5357322692871094",
        "cumulative": false
    },
    {
        "date": "2020-12-08T11:05:58.134Z",
        "value": "0.5524303913116455",
        "cumulative": false
    },
    {
        "date": "2020-12-08T11:06:03.602Z",
        "value": "0.5578460693359375",
        "cumulative": false
    },
    {
        "date": "2020-12-08T11:06:09.005Z",
        "value": "0.5489065647125244",
        "cumulative": false
    },
    {
        "date": "2020-12-08T11:06:14.460Z",
        "value": "0.5465965270996094",
        "cumulative": false
    },
    {
        "date": "2020-12-08T11:06:20.098Z",
        "value": "0.5555527210235596",
        "cumulative": false
    },
    {
        "date": "2020-12-08T11:06:25.564Z",
        "value": "0.5471692085266113",
        "cumulative": false
    },
    {
        "date": "2020-12-08T11:06:31.039Z",
        "value": "0.566673755645752",
        "cumulative": false
    },
    {
        "date": "2020-12-08T11:06:36.752Z",
        "value": "0.5458009243011475",
        "cumulative": false
    },
    {
        "date": "2020-12-08T11:06:42.296Z",
        "value": "0.577451229095459",
        "cumulative": false
    },
    {
        "date": "2020-12-08T11:06:47.780Z",
        "value": "0.5708680152893066",
        "cumulative": false
    },
    {
        "date": "2020-12-08T11:06:53.276Z",
        "value": "0.5424506664276123",
        "cumulative": false
    },
    {
        "date": "2020-12-08T11:06:58.753Z",
        "value": "0.554410457611084",
        "cumulative": false
    },
    {
        "date": "2020-12-08T11:07:04.176Z",
        "value": "0.5338084697723389",
        "cumulative": false
    },
    {
        "date": "2020-12-08T11:07:09.677Z",
        "value": "0.5324275493621826",
        "cumulative": false
    }
]