[
    {
        "date": "2020-12-08T11:05:48.023Z",
        "value": "10.15625",
        "cumulative": false
    },
    {
        "date": "2020-12-08T11:05:49.302Z",
        "value": "27.34375",
        "cumulative": false
    },
    {
        "date": "2020-12-08T11:05:50.494Z",
        "value": "35.9375",
        "cumulative": false
    },
    {
        "date": "2020-12-08T11:05:51.665Z",
        "value": "44.53125",
        "cumulative": false
    },
    {
        "date": "2020-12-08T11:05:53.470Z",
        "value": "40.625",
        "cumulative": false
    },
    {
        "date": "2020-12-08T11:05:54.699Z",
        "value": "53.125",
        "cumulative": false
    },
    {
        "date": "2020-12-08T11:05:55.875Z",
        "value": "47.65625",
        "cumulative": false
    },
    {
        "date": "2020-12-08T11:05:57.059Z",
        "value": "54.6875",
        "cumulative": false
    },
    {
        "date": "2020-12-08T11:05:58.867Z",
        "value": "55.46875",
        "cumulative": false
    },
    {
        "date": "2020-12-08T11:06:00.101Z",
        "value": "62.5",
        "cumulative": false
    },
    {
        "date": "2020-12-08T11:06:01.298Z",
        "value": "61.71875",
        "cumulative": false
    },
    {
        "date": "2020-12-08T11:06:02.519Z",
        "value": "64.0625",
        "cumulative": false
    },
    {
        "date": "2020-12-08T11:06:04.334Z",
        "value": "64.0625",
        "cumulative": false
    },
    {
        "date": "2020-12-08T11:06:05.545Z",
        "value": "78.125",
        "cumulative": false
    },
    {
        "date": "2020-12-08T11:06:06.721Z",
        "value": "71.875",
        "cumulative": false
    },
    {
        "date": "2020-12-08T11:06:07.935Z",
        "value": "71.875",
        "cumulative": false
    },
    {
        "date": "2020-12-08T11:06:09.747Z",
        "value": "78.125",
        "cumulative": false
    },
    {
        "date": "2020-12-08T11:06:10.972Z",
        "value": "71.09375",
        "cumulative": false
    },
    {
        "date": "2020-12-08T11:06:12.168Z",
        "value": "69.53125",
        "cumulative": false
    },
    {
        "date": "2020-12-08T11:06:13.370Z",
        "value": "68.75",
        "cumulative": false
    },
    {
        "date": "2020-12-08T11:06:15.219Z",
        "value": "71.09375",
        "cumulative": false
    },
    {
        "date": "2020-12-08T11:06:16.476Z",
        "value": "72.65625",
        "cumulative": false
    },
    {
        "date": "2020-12-08T11:06:17.707Z",
        "value": "82.03125",
        "cumulative": false
    },
    {
        "date": "2020-12-08T11:06:18.981Z",
        "value": "84.375",
        "cumulative": false
    },
    {
        "date": "2020-12-08T11:06:20.863Z",
        "value": "75.78125",
        "cumulative": false
    },
    {
        "date": "2020-12-08T11:06:22.084Z",
        "value": "73.4375",
        "cumulative": false
    },
    {
        "date": "2020-12-08T11:06:23.299Z",
        "value": "77.34375",
        "cumulative": false
    },
    {
        "date": "2020-12-08T11:06:24.506Z",
        "value": "80.46875",
        "cumulative": false
    },
    {
        "date": "2020-12-08T11:06:26.294Z",
        "value": "74.21875",
        "cumulative": false
    },
    {
        "date": "2020-12-08T11:06:27.513Z",
        "value": "82.03125",
        "cumulative": false
    },
    {
        "date": "2020-12-08T11:06:28.706Z",
        "value": "79.6875",
        "cumulative": false
    },
    {
        "date": "2020-12-08T11:06:29.940Z",
        "value": "74.21875",
        "cumulative": false
    },
    {
        "date": "2020-12-08T11:06:31.783Z",
        "value": "78.90625",
        "cumulative": false
    },
    {
        "date": "2020-12-08T11:06:33.221Z",
        "value": "82.8125",
        "cumulative": false
    },
    {
        "date": "2020-12-08T11:06:34.461Z",
        "value": "82.8125",
        "cumulative": false
    },
    {
        "date": "2020-12-08T11:06:35.652Z",
        "value": "79.6875",
        "cumulative": false
    },
    {
        "date": "2020-12-08T11:06:37.490Z",
        "value": "77.34375",
        "cumulative": false
    },
    {
        "date": "2020-12-08T11:06:38.756Z",
        "value": "84.375",
        "cumulative": false
    },
    {
        "date": "2020-12-08T11:06:39.994Z",
        "value": "86.71875",
        "cumulative": false
    },
    {
        "date": "2020-12-08T11:06:41.219Z",
        "value": "82.8125",
        "cumulative": false
    },
    {
        "date": "2020-12-08T11:06:43.068Z",
        "value": "85.15625",
        "cumulative": false
    },
    {
        "date": "2020-12-08T11:06:44.291Z",
        "value": "85.9375",
        "cumulative": false
    },
    {
        "date": "2020-12-08T11:06:45.511Z",
        "value": "88.28125",
        "cumulative": false
    },
    {
        "date": "2020-12-08T11:06:46.720Z",
        "value": "82.8125",
        "cumulative": false
    },
    {
        "date": "2020-12-08T11:06:48.592Z",
        "value": "85.15625",
        "cumulative": false
    },
    {
        "date": "2020-12-08T11:06:49.795Z",
        "value": "89.0625",
        "cumulative": false
    },
    {
        "date": "2020-12-08T11:06:51.008Z",
        "value": "82.8125",
        "cumulative": false
    },
    {
        "date": "2020-12-08T11:06:52.199Z",
        "value": "86.71875",
        "cumulative": false
    },
    {
        "date": "2020-12-08T11:06:54.018Z",
        "value": "82.8125",
        "cumulative": false
    },
    {
        "date": "2020-12-08T11:06:55.256Z",
        "value": "82.03125",
        "cumulative": false
    },
    {
        "date": "2020-12-08T11:06:56.457Z",
        "value": "85.15625",
        "cumulative": false
    },
    {
        "date": "2020-12-08T11:06:57.656Z",
        "value": "80.46875",
        "cumulative": false
    },
    {
        "date": "2020-12-08T11:06:59.514Z",
        "value": "82.03125",
        "cumulative": false
    },
    {
        "date": "2020-12-08T11:07:00.727Z",
        "value": "89.84375",
        "cumulative": false
    },
    {
        "date": "2020-12-08T11:07:01.912Z",
        "value": "85.9375",
        "cumulative": false
    },
    {
        "date": "2020-12-08T11:07:03.103Z",
        "value": "87.5",
        "cumulative": false
    },
    {
        "date": "2020-12-08T11:07:04.931Z",
        "value": "84.375",
        "cumulative": false
    },
    {
        "date": "2020-12-08T11:07:06.171Z",
        "value": "82.8125",
        "cumulative": false
    },
    {
        "date": "2020-12-08T11:07:07.379Z",
        "value": "83.59375",
        "cumulative": false
    },
    {
        "date": "2020-12-08T11:07:08.580Z",
        "value": "90.625",
        "cumulative": false
    }
]