[
    {
        "date": "2020-12-08T11:05:48.021Z",
        "value": "2.566725492477417",
        "cumulative": false
    },
    {
        "date": "2020-12-08T11:05:49.296Z",
        "value": "1.8833293914794922",
        "cumulative": false
    },
    {
        "date": "2020-12-08T11:05:50.488Z",
        "value": "1.714496374130249",
        "cumulative": false
    },
    {
        "date": "2020-12-08T11:05:51.665Z",
        "value": "1.4298067092895508",
        "cumulative": false
    },
    {
        "date": "2020-12-08T11:05:53.465Z",
        "value": "1.4423705339431763",
        "cumulative": false
    },
    {
        "date": "2020-12-08T11:05:54.695Z",
        "value": "1.3116168975830078",
        "cumulative": false
    },
    {
        "date": "2020-12-08T11:05:55.877Z",
        "value": "1.1941723823547363",
        "cumulative": false
    },
    {
        "date": "2020-12-08T11:05:57.058Z",
        "value": "1.1444727182388306",
        "cumulative": false
    },
    {
        "date": "2020-12-08T11:05:58.866Z",
        "value": "0.9943013191223145",
        "cumulative": false
    },
    {
        "date": "2020-12-08T11:06:00.100Z",
        "value": "1.2893962860107422",
        "cumulative": false
    },
    {
        "date": "2020-12-08T11:06:01.292Z",
        "value": "0.850959837436676",
        "cumulative": false
    },
    {
        "date": "2020-12-08T11:06:02.522Z",
        "value": "1.090110182762146",
        "cumulative": false
    },
    {
        "date": "2020-12-08T11:06:04.338Z",
        "value": "0.7589550018310547",
        "cumulative": false
    },
    {
        "date": "2020-12-08T11:06:05.544Z",
        "value": "0.864996075630188",
        "cumulative": false
    },
    {
        "date": "2020-12-08T11:06:06.720Z",
        "value": "0.8577091097831726",
        "cumulative": false
    },
    {
        "date": "2020-12-08T11:06:07.933Z",
        "value": "0.8644096851348877",
        "cumulative": false
    },
    {
        "date": "2020-12-08T11:06:09.749Z",
        "value": "0.7520026564598083",
        "cumulative": false
    },
    {
        "date": "2020-12-08T11:06:10.971Z",
        "value": "0.6708370447158813",
        "cumulative": false
    },
    {
        "date": "2020-12-08T11:06:12.163Z",
        "value": "0.7591862082481384",
        "cumulative": false
    },
    {
        "date": "2020-12-08T11:06:13.368Z",
        "value": "0.7770712971687317",
        "cumulative": false
    },
    {
        "date": "2020-12-08T11:06:15.219Z",
        "value": "0.6228373050689697",
        "cumulative": false
    },
    {
        "date": "2020-12-08T11:06:16.471Z",
        "value": "0.9001491665840149",
        "cumulative": false
    },
    {
        "date": "2020-12-08T11:06:17.706Z",
        "value": "0.5666136741638184",
        "cumulative": false
    },
    {
        "date": "2020-12-08T11:06:18.978Z",
        "value": "0.7409241199493408",
        "cumulative": false
    },
    {
        "date": "2020-12-08T11:06:20.861Z",
        "value": "0.498346209526062",
        "cumulative": false
    },
    {
        "date": "2020-12-08T11:06:22.088Z",
        "value": "0.6280795335769653",
        "cumulative": false
    },
    {
        "date": "2020-12-08T11:06:23.298Z",
        "value": "0.5433124899864197",
        "cumulative": false
    },
    {
        "date": "2020-12-08T11:06:24.508Z",
        "value": "0.5789620876312256",
        "cumulative": false
    },
    {
        "date": "2020-12-08T11:06:26.297Z",
        "value": "0.5204166173934937",
        "cumulative": false
    },
    {
        "date": "2020-12-08T11:06:27.516Z",
        "value": "0.6054009795188904",
        "cumulative": false
    },
    {
        "date": "2020-12-08T11:06:28.705Z",
        "value": "0.5413529872894287",
        "cumulative": false
    },
    {
        "date": "2020-12-08T11:06:29.939Z",
        "value": "0.5425811409950256",
        "cumulative": false
    },
    {
        "date": "2020-12-08T11:06:31.783Z",
        "value": "0.5710983872413635",
        "cumulative": false
    },
    {
        "date": "2020-12-08T11:06:33.223Z",
        "value": "0.5903781652450562",
        "cumulative": false
    },
    {
        "date": "2020-12-08T11:06:34.461Z",
        "value": "0.4407111406326294",
        "cumulative": false
    },
    {
        "date": "2020-12-08T11:06:35.651Z",
        "value": "0.5580746531486511",
        "cumulative": false
    },
    {
        "date": "2020-12-08T11:06:37.493Z",
        "value": "0.5327041149139404",
        "cumulative": false
    },
    {
        "date": "2020-12-08T11:06:38.752Z",
        "value": "0.5403755903244019",
        "cumulative": false
    },
    {
        "date": "2020-12-08T11:06:39.993Z",
        "value": "0.44871020317077637",
        "cumulative": false
    },
    {
        "date": "2020-12-08T11:06:41.218Z",
        "value": "0.426690936088562",
        "cumulative": false
    },
    {
        "date": "2020-12-08T11:06:43.059Z",
        "value": "0.5348644852638245",
        "cumulative": false
    },
    {
        "date": "2020-12-08T11:06:44.292Z",
        "value": "0.4742138683795929",
        "cumulative": false
    },
    {
        "date": "2020-12-08T11:06:45.510Z",
        "value": "0.4524078369140625",
        "cumulative": false
    },
    {
        "date": "2020-12-08T11:06:46.719Z",
        "value": "0.4199950098991394",
        "cumulative": false
    },
    {
        "date": "2020-12-08T11:06:48.590Z",
        "value": "0.4166742265224457",
        "cumulative": false
    },
    {
        "date": "2020-12-08T11:06:49.791Z",
        "value": "0.5630726218223572",
        "cumulative": false
    },
    {
        "date": "2020-12-08T11:06:51.008Z",
        "value": "0.3164817690849304",
        "cumulative": false
    },
    {
        "date": "2020-12-08T11:06:52.194Z",
        "value": "0.42603176832199097",
        "cumulative": false
    },
    {
        "date": "2020-12-08T11:06:54.023Z",
        "value": "0.4124137759208679",
        "cumulative": false
    },
    {
        "date": "2020-12-08T11:06:55.259Z",
        "value": "0.33499354124069214",
        "cumulative": false
    },
    {
        "date": "2020-12-08T11:06:56.459Z",
        "value": "0.27449753880500793",
        "cumulative": false
    },
    {
        "date": "2020-12-08T11:06:57.650Z",
        "value": "0.36751770973205566",
        "cumulative": false
    },
    {
        "date": "2020-12-08T11:06:59.512Z",
        "value": "0.4039500057697296",
        "cumulative": false
    },
    {
        "date": "2020-12-08T11:07:00.728Z",
        "value": "0.5053393840789795",
        "cumulative": false
    },
    {
        "date": "2020-12-08T11:07:01.910Z",
        "value": "0.40395495295524597",
        "cumulative": false
    },
    {
        "date": "2020-12-08T11:07:03.102Z",
        "value": "0.45406797528266907",
        "cumulative": false
    },
    {
        "date": "2020-12-08T11:07:04.930Z",
        "value": "0.3361346423625946",
        "cumulative": false
    },
    {
        "date": "2020-12-08T11:07:06.169Z",
        "value": "0.42388916015625",
        "cumulative": false
    },
    {
        "date": "2020-12-08T11:07:07.378Z",
        "value": "0.4680476188659668",
        "cumulative": false
    },
    {
        "date": "2020-12-08T11:07:08.576Z",
        "value": "0.4012194871902466",
        "cumulative": false
    }
]