[
    {
        "date": "2020-12-08T11:05:52.716Z",
        "value": "6.840054273605347",
        "cumulative": false
    },
    {
        "date": "2020-12-08T11:05:58.131Z",
        "value": "4.568711996078491",
        "cumulative": false
    },
    {
        "date": "2020-12-08T11:06:03.592Z",
        "value": "4.614327907562256",
        "cumulative": false
    },
    {
        "date": "2020-12-08T11:06:08.995Z",
        "value": "4.551452875137329",
        "cumulative": false
    },
    {
        "date": "2020-12-08T11:06:14.459Z",
        "value": "4.605092287063599",
        "cumulative": false
    },
    {
        "date": "2020-12-08T11:06:20.091Z",
        "value": "4.774457931518555",
        "cumulative": false
    },
    {
        "date": "2020-12-08T11:06:25.562Z",
        "value": "4.61566162109375",
        "cumulative": false
    },
    {
        "date": "2020-12-08T11:06:31.042Z",
        "value": "4.614405870437622",
        "cumulative": false
    },
    {
        "date": "2020-12-08T11:06:36.740Z",
        "value": "4.830823183059692",
        "cumulative": false
    },
    {
        "date": "2020-12-08T11:06:42.299Z",
        "value": "4.694062948226929",
        "cumulative": false
    },
    {
        "date": "2020-12-08T11:06:47.784Z",
        "value": "4.593983888626099",
        "cumulative": false
    },
    {
        "date": "2020-12-08T11:06:53.287Z",
        "value": "4.579172611236572",
        "cumulative": false
    },
    {
        "date": "2020-12-08T11:06:58.757Z",
        "value": "4.617585182189941",
        "cumulative": false
    },
    {
        "date": "2020-12-08T11:07:04.181Z",
        "value": "4.572195053100586",
        "cumulative": false
    },
    {
        "date": "2020-12-08T11:07:09.677Z",
        "value": "4.639934539794922",
        "cumulative": false
    }
]