[
    {
        "date": "2020-12-08T11:05:52.715Z",
        "value": "2.6959121227264404",
        "cumulative": false
    },
    {
        "date": "2020-12-08T11:05:58.134Z",
        "value": "2.51627516746521",
        "cumulative": false
    },
    {
        "date": "2020-12-08T11:06:03.602Z",
        "value": "2.5667271614074707",
        "cumulative": false
    },
    {
        "date": "2020-12-08T11:06:09.005Z",
        "value": "2.5331649780273438",
        "cumulative": false
    },
    {
        "date": "2020-12-08T11:06:14.460Z",
        "value": "2.565053701400757",
        "cumulative": false
    },
    {
        "date": "2020-12-08T11:06:20.098Z",
        "value": "2.6463170051574707",
        "cumulative": false
    },
    {
        "date": "2020-12-08T11:06:25.564Z",
        "value": "2.644505739212036",
        "cumulative": false
    },
    {
        "date": "2020-12-08T11:06:31.039Z",
        "value": "2.592491626739502",
        "cumulative": false
    },
    {
        "date": "2020-12-08T11:06:36.752Z",
        "value": "2.838528871536255",
        "cumulative": false
    },
    {
        "date": "2020-12-08T11:06:42.296Z",
        "value": "2.6106045246124268",
        "cumulative": false
    },
    {
        "date": "2020-12-08T11:06:47.780Z",
        "value": "2.5943264961242676",
        "cumulative": false
    },
    {
        "date": "2020-12-08T11:06:53.276Z",
        "value": "2.573465585708618",
        "cumulative": false
    },
    {
        "date": "2020-12-08T11:06:58.753Z",
        "value": "2.650989055633545",
        "cumulative": false
    },
    {
        "date": "2020-12-08T11:07:04.176Z",
        "value": "2.633667469024658",
        "cumulative": false
    },
    {
        "date": "2020-12-08T11:07:09.677Z",
        "value": "2.658278465270996",
        "cumulative": false
    }
]