[
    {
        "date": "2020-12-08T11:05:52.712Z",
        "value": "3.2913873195648193",
        "cumulative": false
    },
    {
        "date": "2020-12-08T11:05:58.125Z",
        "value": "1.1253235340118408",
        "cumulative": false
    },
    {
        "date": "2020-12-08T11:06:03.591Z",
        "value": "1.1809852123260498",
        "cumulative": false
    },
    {
        "date": "2020-12-08T11:06:08.987Z",
        "value": "1.184502363204956",
        "cumulative": false
    },
    {
        "date": "2020-12-08T11:06:14.449Z",
        "value": "1.1818711757659912",
        "cumulative": false
    },
    {
        "date": "2020-12-08T11:06:20.086Z",
        "value": "1.1800997257232666",
        "cumulative": false
    },
    {
        "date": "2020-12-08T11:06:25.556Z",
        "value": "1.1829652786254883",
        "cumulative": false
    },
    {
        "date": "2020-12-08T11:06:31.038Z",
        "value": "1.1847419738769531",
        "cumulative": false
    },
    {
        "date": "2020-12-08T11:06:36.731Z",
        "value": "1.186051368713379",
        "cumulative": false
    },
    {
        "date": "2020-12-08T11:06:42.293Z",
        "value": "1.1992862224578857",
        "cumulative": false
    },
    {
        "date": "2020-12-08T11:06:47.774Z",
        "value": "1.1847219467163086",
        "cumulative": false
    },
    {
        "date": "2020-12-08T11:06:53.277Z",
        "value": "1.1575911045074463",
        "cumulative": false
    },
    {
        "date": "2020-12-08T11:06:58.756Z",
        "value": "1.2184128761291504",
        "cumulative": false
    },
    {
        "date": "2020-12-08T11:07:04.175Z",
        "value": "1.1961402893066406",
        "cumulative": false
    },
    {
        "date": "2020-12-08T11:07:09.679Z",
        "value": "1.1762423515319824",
        "cumulative": false
    }
]