[
    {
        "date": "2020-12-08T11:05:52.715Z",
        "value": "6.826834678649902",
        "cumulative": false
    },
    {
        "date": "2020-12-08T11:05:58.133Z",
        "value": "4.5541465282440186",
        "cumulative": false
    },
    {
        "date": "2020-12-08T11:06:03.602Z",
        "value": "4.624770164489746",
        "cumulative": false
    },
    {
        "date": "2020-12-08T11:06:09.005Z",
        "value": "4.557182788848877",
        "cumulative": false
    },
    {
        "date": "2020-12-08T11:06:14.460Z",
        "value": "4.598913192749023",
        "cumulative": false
    },
    {
        "date": "2020-12-08T11:06:20.098Z",
        "value": "4.757004499435425",
        "cumulative": false
    },
    {
        "date": "2020-12-08T11:06:25.564Z",
        "value": "4.609409809112549",
        "cumulative": false
    },
    {
        "date": "2020-12-08T11:06:31.039Z",
        "value": "4.6194541454315186",
        "cumulative": false
    },
    {
        "date": "2020-12-08T11:06:36.752Z",
        "value": "4.837347030639648",
        "cumulative": false
    },
    {
        "date": "2020-12-08T11:06:42.296Z",
        "value": "4.6688878536224365",
        "cumulative": false
    },
    {
        "date": "2020-12-08T11:06:47.779Z",
        "value": "4.59853458404541",
        "cumulative": false
    },
    {
        "date": "2020-12-08T11:06:53.275Z",
        "value": "4.585760831832886",
        "cumulative": false
    },
    {
        "date": "2020-12-08T11:06:58.753Z",
        "value": "4.61856746673584",
        "cumulative": false
    },
    {
        "date": "2020-12-08T11:07:04.176Z",
        "value": "4.557598352432251",
        "cumulative": false
    },
    {
        "date": "2020-12-08T11:07:09.676Z",
        "value": "4.634004831314087",
        "cumulative": false
    }
]