[
    {
        "date": "2020-12-08T11:05:52.716Z",
        "value": "3.288487672805786",
        "cumulative": false
    },
    {
        "date": "2020-12-08T11:05:58.126Z",
        "value": "1.181736707687378",
        "cumulative": false
    },
    {
        "date": "2020-12-08T11:06:03.585Z",
        "value": "1.1902549266815186",
        "cumulative": false
    },
    {
        "date": "2020-12-08T11:06:08.984Z",
        "value": "1.1635608673095703",
        "cumulative": false
    },
    {
        "date": "2020-12-08T11:06:14.447Z",
        "value": "1.2065434455871582",
        "cumulative": false
    },
    {
        "date": "2020-12-08T11:06:20.087Z",
        "value": "1.1722817420959473",
        "cumulative": false
    },
    {
        "date": "2020-12-08T11:06:25.560Z",
        "value": "1.1912009716033936",
        "cumulative": false
    },
    {
        "date": "2020-12-08T11:06:31.032Z",
        "value": "1.1948270797729492",
        "cumulative": false
    },
    {
        "date": "2020-12-08T11:06:36.733Z",
        "value": "1.1660809516906738",
        "cumulative": false
    },
    {
        "date": "2020-12-08T11:06:42.288Z",
        "value": "1.2048180103302002",
        "cumulative": false
    },
    {
        "date": "2020-12-08T11:06:47.772Z",
        "value": "1.1593825817108154",
        "cumulative": false
    },
    {
        "date": "2020-12-08T11:06:53.268Z",
        "value": "1.1711070537567139",
        "cumulative": false
    },
    {
        "date": "2020-12-08T11:06:58.754Z",
        "value": "1.1803388595581055",
        "cumulative": false
    },
    {
        "date": "2020-12-08T11:07:04.177Z",
        "value": "1.1811316013336182",
        "cumulative": false
    },
    {
        "date": "2020-12-08T11:07:09.666Z",
        "value": "1.1473805904388428",
        "cumulative": false
    }
]