[
    {
        "date": "2020-12-08T11:05:52.716Z",
        "value": "0.00018739700317382812",
        "cumulative": false
    },
    {
        "date": "2020-12-08T11:05:58.126Z",
        "value": "0.00018858909606933594",
        "cumulative": false
    },
    {
        "date": "2020-12-08T11:06:03.585Z",
        "value": "0.00018358230590820312",
        "cumulative": false
    },
    {
        "date": "2020-12-08T11:06:08.984Z",
        "value": "0.00020432472229003906",
        "cumulative": false
    },
    {
        "date": "2020-12-08T11:06:14.447Z",
        "value": "0.0002224445343017578",
        "cumulative": false
    },
    {
        "date": "2020-12-08T11:06:20.087Z",
        "value": "0.00019240379333496094",
        "cumulative": false
    },
    {
        "date": "2020-12-08T11:06:25.560Z",
        "value": "0.00020623207092285156",
        "cumulative": false
    },
    {
        "date": "2020-12-08T11:06:31.032Z",
        "value": "0.00022029876708984375",
        "cumulative": false
    },
    {
        "date": "2020-12-08T11:06:36.733Z",
        "value": "0.00021123886108398438",
        "cumulative": false
    },
    {
        "date": "2020-12-08T11:06:42.288Z",
        "value": "0.000217437744140625",
        "cumulative": false
    },
    {
        "date": "2020-12-08T11:06:47.772Z",
        "value": "0.0001895427703857422",
        "cumulative": false
    },
    {
        "date": "2020-12-08T11:06:53.268Z",
        "value": "0.00020384788513183594",
        "cumulative": false
    },
    {
        "date": "2020-12-08T11:06:58.754Z",
        "value": "0.00019049644470214844",
        "cumulative": false
    },
    {
        "date": "2020-12-08T11:07:04.177Z",
        "value": "0.00020647048950195312",
        "cumulative": false
    },
    {
        "date": "2020-12-08T11:07:09.666Z",
        "value": "0.0002002716064453125",
        "cumulative": false
    }
]