[
    {
        "date": "2020-12-08T11:05:52.712Z",
        "value": "0.2408597469329834",
        "cumulative": false
    },
    {
        "date": "2020-12-08T11:05:58.125Z",
        "value": "0.23189949989318848",
        "cumulative": false
    },
    {
        "date": "2020-12-08T11:06:03.591Z",
        "value": "0.24724268913269043",
        "cumulative": false
    },
    {
        "date": "2020-12-08T11:06:08.987Z",
        "value": "0.24119019508361816",
        "cumulative": false
    },
    {
        "date": "2020-12-08T11:06:14.449Z",
        "value": "0.25617456436157227",
        "cumulative": false
    },
    {
        "date": "2020-12-08T11:06:20.086Z",
        "value": "0.24057865142822266",
        "cumulative": false
    },
    {
        "date": "2020-12-08T11:06:25.556Z",
        "value": "0.252483606338501",
        "cumulative": false
    },
    {
        "date": "2020-12-08T11:06:31.038Z",
        "value": "0.22580432891845703",
        "cumulative": false
    },
    {
        "date": "2020-12-08T11:06:36.731Z",
        "value": "0.23981738090515137",
        "cumulative": false
    },
    {
        "date": "2020-12-08T11:06:42.293Z",
        "value": "0.24439215660095215",
        "cumulative": false
    },
    {
        "date": "2020-12-08T11:06:47.774Z",
        "value": "0.23004555702209473",
        "cumulative": false
    },
    {
        "date": "2020-12-08T11:06:53.277Z",
        "value": "0.24028873443603516",
        "cumulative": false
    },
    {
        "date": "2020-12-08T11:06:58.756Z",
        "value": "0.24471449851989746",
        "cumulative": false
    },
    {
        "date": "2020-12-08T11:07:04.175Z",
        "value": "0.23387718200683594",
        "cumulative": false
    },
    {
        "date": "2020-12-08T11:07:09.679Z",
        "value": "0.2328495979309082",
        "cumulative": false
    }
]