[
    {
        "date": "2020-12-08T11:05:48.028Z",
        "value": "50.78125",
        "cumulative": false
    },
    {
        "date": "2020-12-08T11:05:49.304Z",
        "value": "83.59375",
        "cumulative": false
    },
    {
        "date": "2020-12-08T11:05:50.495Z",
        "value": "87.5",
        "cumulative": false
    },
    {
        "date": "2020-12-08T11:05:51.671Z",
        "value": "92.1875",
        "cumulative": false
    },
    {
        "date": "2020-12-08T11:05:53.477Z",
        "value": "93.75",
        "cumulative": false
    },
    {
        "date": "2020-12-08T11:05:54.704Z",
        "value": "94.53125",
        "cumulative": false
    },
    {
        "date": "2020-12-08T11:05:55.883Z",
        "value": "93.75",
        "cumulative": false
    },
    {
        "date": "2020-12-08T11:05:57.068Z",
        "value": "97.65625",
        "cumulative": false
    },
    {
        "date": "2020-12-08T11:05:58.868Z",
        "value": "96.875",
        "cumulative": false
    },
    {
        "date": "2020-12-08T11:06:00.103Z",
        "value": "97.65625",
        "cumulative": false
    },
    {
        "date": "2020-12-08T11:06:01.298Z",
        "value": "96.875",
        "cumulative": false
    },
    {
        "date": "2020-12-08T11:06:02.524Z",
        "value": "93.75",
        "cumulative": false
    },
    {
        "date": "2020-12-08T11:06:04.347Z",
        "value": "94.53125",
        "cumulative": false
    },
    {
        "date": "2020-12-08T11:06:05.550Z",
        "value": "95.3125",
        "cumulative": false
    },
    {
        "date": "2020-12-08T11:06:06.730Z",
        "value": "98.4375",
        "cumulative": false
    },
    {
        "date": "2020-12-08T11:06:07.939Z",
        "value": "98.4375",
        "cumulative": false
    },
    {
        "date": "2020-12-08T11:06:09.759Z",
        "value": "96.875",
        "cumulative": false
    },
    {
        "date": "2020-12-08T11:06:10.981Z",
        "value": "96.09375",
        "cumulative": false
    },
    {
        "date": "2020-12-08T11:06:12.173Z",
        "value": "96.875",
        "cumulative": false
    },
    {
        "date": "2020-12-08T11:06:13.374Z",
        "value": "99.21875",
        "cumulative": false
    },
    {
        "date": "2020-12-08T11:06:15.225Z",
        "value": "98.4375",
        "cumulative": false
    },
    {
        "date": "2020-12-08T11:06:16.480Z",
        "value": "99.21875",
        "cumulative": false
    },
    {
        "date": "2020-12-08T11:06:17.711Z",
        "value": "99.21875",
        "cumulative": false
    },
    {
        "date": "2020-12-08T11:06:18.982Z",
        "value": "99.21875",
        "cumulative": false
    },
    {
        "date": "2020-12-08T11:06:20.871Z",
        "value": "98.4375",
        "cumulative": false
    },
    {
        "date": "2020-12-08T11:06:22.092Z",
        "value": "99.21875",
        "cumulative": false
    },
    {
        "date": "2020-12-08T11:06:23.308Z",
        "value": "99.21875",
        "cumulative": false
    },
    {
        "date": "2020-12-08T11:06:24.515Z",
        "value": "97.65625",
        "cumulative": false
    },
    {
        "date": "2020-12-08T11:06:26.299Z",
        "value": "99.21875",
        "cumulative": false
    },
    {
        "date": "2020-12-08T11:06:27.518Z",
        "value": "98.4375",
        "cumulative": false
    },
    {
        "date": "2020-12-08T11:06:28.711Z",
        "value": "100.0",
        "cumulative": false
    },
    {
        "date": "2020-12-08T11:06:29.949Z",
        "value": "100.0",
        "cumulative": false
    },
    {
        "date": "2020-12-08T11:06:31.792Z",
        "value": "100.0",
        "cumulative": false
    },
    {
        "date": "2020-12-08T11:06:33.226Z",
        "value": "100.0",
        "cumulative": false
    },
    {
        "date": "2020-12-08T11:06:34.467Z",
        "value": "97.65625",
        "cumulative": false
    },
    {
        "date": "2020-12-08T11:06:35.654Z",
        "value": "97.65625",
        "cumulative": false
    },
    {
        "date": "2020-12-08T11:06:37.500Z",
        "value": "99.21875",
        "cumulative": false
    },
    {
        "date": "2020-12-08T11:06:38.762Z",
        "value": "100.0",
        "cumulative": false
    },
    {
        "date": "2020-12-08T11:06:40.004Z",
        "value": "98.4375",
        "cumulative": false
    },
    {
        "date": "2020-12-08T11:06:41.228Z",
        "value": "98.4375",
        "cumulative": false
    },
    {
        "date": "2020-12-08T11:06:43.070Z",
        "value": "100.0",
        "cumulative": false
    },
    {
        "date": "2020-12-08T11:06:44.301Z",
        "value": "100.0",
        "cumulative": false
    },
    {
        "date": "2020-12-08T11:06:45.514Z",
        "value": "100.0",
        "cumulative": false
    },
    {
        "date": "2020-12-08T11:06:46.729Z",
        "value": "99.21875",
        "cumulative": false
    },
    {
        "date": "2020-12-08T11:06:48.597Z",
        "value": "99.21875",
        "cumulative": false
    },
    {
        "date": "2020-12-08T11:06:49.800Z",
        "value": "99.21875",
        "cumulative": false
    },
    {
        "date": "2020-12-08T11:06:51.013Z",
        "value": "100.0",
        "cumulative": false
    },
    {
        "date": "2020-12-08T11:06:52.201Z",
        "value": "97.65625",
        "cumulative": false
    },
    {
        "date": "2020-12-08T11:06:54.022Z",
        "value": "99.21875",
        "cumulative": false
    },
    {
        "date": "2020-12-08T11:06:55.262Z",
        "value": "98.4375",
        "cumulative": false
    },
    {
        "date": "2020-12-08T11:06:56.462Z",
        "value": "100.0",
        "cumulative": false
    },
    {
        "date": "2020-12-08T11:06:57.656Z",
        "value": "100.0",
        "cumulative": false
    },
    {
        "date": "2020-12-08T11:06:59.522Z",
        "value": "100.0",
        "cumulative": false
    },
    {
        "date": "2020-12-08T11:07:00.732Z",
        "value": "100.0",
        "cumulative": false
    },
    {
        "date": "2020-12-08T11:07:01.921Z",
        "value": "98.4375",
        "cumulative": false
    },
    {
        "date": "2020-12-08T11:07:03.110Z",
        "value": "100.0",
        "cumulative": false
    },
    {
        "date": "2020-12-08T11:07:04.937Z",
        "value": "99.21875",
        "cumulative": false
    },
    {
        "date": "2020-12-08T11:07:06.177Z",
        "value": "100.0",
        "cumulative": false
    },
    {
        "date": "2020-12-08T11:07:07.388Z",
        "value": "100.0",
        "cumulative": false
    },
    {
        "date": "2020-12-08T11:07:08.582Z",
        "value": "99.21875",
        "cumulative": false
    }
]