[
    {
        "date": "2020-12-08T11:05:52.716Z",
        "value": "3.394831895828247",
        "cumulative": false
    },
    {
        "date": "2020-12-08T11:05:58.131Z",
        "value": "1.1641430854797363",
        "cumulative": false
    },
    {
        "date": "2020-12-08T11:06:03.592Z",
        "value": "1.2145540714263916",
        "cumulative": false
    },
    {
        "date": "2020-12-08T11:06:08.995Z",
        "value": "1.161503791809082",
        "cumulative": false
    },
    {
        "date": "2020-12-08T11:06:14.460Z",
        "value": "1.2114782333374023",
        "cumulative": false
    },
    {
        "date": "2020-12-08T11:06:20.091Z",
        "value": "1.2376089096069336",
        "cumulative": false
    },
    {
        "date": "2020-12-08T11:06:25.562Z",
        "value": "1.214874505996704",
        "cumulative": false
    },
    {
        "date": "2020-12-08T11:06:31.042Z",
        "value": "1.1503984928131104",
        "cumulative": false
    },
    {
        "date": "2020-12-08T11:06:36.740Z",
        "value": "1.204258680343628",
        "cumulative": false
    },
    {
        "date": "2020-12-08T11:06:42.300Z",
        "value": "1.1550359725952148",
        "cumulative": false
    },
    {
        "date": "2020-12-08T11:06:47.784Z",
        "value": "1.152012825012207",
        "cumulative": false
    },
    {
        "date": "2020-12-08T11:06:53.287Z",
        "value": "1.1931877136230469",
        "cumulative": false
    },
    {
        "date": "2020-12-08T11:06:58.757Z",
        "value": "1.2076737880706787",
        "cumulative": false
    },
    {
        "date": "2020-12-08T11:07:04.181Z",
        "value": "1.1463582515716553",
        "cumulative": false
    },
    {
        "date": "2020-12-08T11:07:09.678Z",
        "value": "1.1897213459014893",
        "cumulative": false
    }
]