[
    {
        "date": "2020-12-08T11:05:48.024Z",
        "value": "51.5625",
        "cumulative": false
    },
    {
        "date": "2020-12-08T11:05:49.305Z",
        "value": "85.15625",
        "cumulative": false
    },
    {
        "date": "2020-12-08T11:05:50.494Z",
        "value": "84.375",
        "cumulative": false
    },
    {
        "date": "2020-12-08T11:05:51.665Z",
        "value": "91.40625",
        "cumulative": false
    },
    {
        "date": "2020-12-08T11:05:53.470Z",
        "value": "89.84375",
        "cumulative": false
    },
    {
        "date": "2020-12-08T11:05:54.699Z",
        "value": "90.625",
        "cumulative": false
    },
    {
        "date": "2020-12-08T11:05:55.875Z",
        "value": "95.3125",
        "cumulative": false
    },
    {
        "date": "2020-12-08T11:05:57.059Z",
        "value": "93.75",
        "cumulative": false
    },
    {
        "date": "2020-12-08T11:05:58.867Z",
        "value": "96.09375",
        "cumulative": false
    },
    {
        "date": "2020-12-08T11:06:00.101Z",
        "value": "97.65625",
        "cumulative": false
    },
    {
        "date": "2020-12-08T11:06:01.298Z",
        "value": "96.875",
        "cumulative": false
    },
    {
        "date": "2020-12-08T11:06:02.519Z",
        "value": "95.3125",
        "cumulative": false
    },
    {
        "date": "2020-12-08T11:06:04.334Z",
        "value": "97.65625",
        "cumulative": false
    },
    {
        "date": "2020-12-08T11:06:05.545Z",
        "value": "100.0",
        "cumulative": false
    },
    {
        "date": "2020-12-08T11:06:06.721Z",
        "value": "99.21875",
        "cumulative": false
    },
    {
        "date": "2020-12-08T11:06:07.935Z",
        "value": "98.4375",
        "cumulative": false
    },
    {
        "date": "2020-12-08T11:06:09.747Z",
        "value": "99.21875",
        "cumulative": false
    },
    {
        "date": "2020-12-08T11:06:10.972Z",
        "value": "97.65625",
        "cumulative": false
    },
    {
        "date": "2020-12-08T11:06:12.168Z",
        "value": "99.21875",
        "cumulative": false
    },
    {
        "date": "2020-12-08T11:06:13.370Z",
        "value": "98.4375",
        "cumulative": false
    },
    {
        "date": "2020-12-08T11:06:15.219Z",
        "value": "98.4375",
        "cumulative": false
    },
    {
        "date": "2020-12-08T11:06:16.476Z",
        "value": "95.3125",
        "cumulative": false
    },
    {
        "date": "2020-12-08T11:06:17.707Z",
        "value": "99.21875",
        "cumulative": false
    },
    {
        "date": "2020-12-08T11:06:18.981Z",
        "value": "98.4375",
        "cumulative": false
    },
    {
        "date": "2020-12-08T11:06:20.863Z",
        "value": "98.4375",
        "cumulative": false
    },
    {
        "date": "2020-12-08T11:06:22.084Z",
        "value": "100.0",
        "cumulative": false
    },
    {
        "date": "2020-12-08T11:06:23.299Z",
        "value": "97.65625",
        "cumulative": false
    },
    {
        "date": "2020-12-08T11:06:24.506Z",
        "value": "99.21875",
        "cumulative": false
    },
    {
        "date": "2020-12-08T11:06:26.294Z",
        "value": "99.21875",
        "cumulative": false
    },
    {
        "date": "2020-12-08T11:06:27.513Z",
        "value": "98.4375",
        "cumulative": false
    },
    {
        "date": "2020-12-08T11:06:28.706Z",
        "value": "100.0",
        "cumulative": false
    },
    {
        "date": "2020-12-08T11:06:29.940Z",
        "value": "99.21875",
        "cumulative": false
    },
    {
        "date": "2020-12-08T11:06:31.783Z",
        "value": "99.21875",
        "cumulative": false
    },
    {
        "date": "2020-12-08T11:06:33.221Z",
        "value": "99.21875",
        "cumulative": false
    },
    {
        "date": "2020-12-08T11:06:34.461Z",
        "value": "98.4375",
        "cumulative": false
    },
    {
        "date": "2020-12-08T11:06:35.652Z",
        "value": "99.21875",
        "cumulative": false
    },
    {
        "date": "2020-12-08T11:06:37.490Z",
        "value": "100.0",
        "cumulative": false
    },
    {
        "date": "2020-12-08T11:06:38.756Z",
        "value": "98.4375",
        "cumulative": false
    },
    {
        "date": "2020-12-08T11:06:39.994Z",
        "value": "100.0",
        "cumulative": false
    },
    {
        "date": "2020-12-08T11:06:41.219Z",
        "value": "99.21875",
        "cumulative": false
    },
    {
        "date": "2020-12-08T11:06:43.068Z",
        "value": "99.21875",
        "cumulative": false
    },
    {
        "date": "2020-12-08T11:06:44.291Z",
        "value": "99.21875",
        "cumulative": false
    },
    {
        "date": "2020-12-08T11:06:45.511Z",
        "value": "99.21875",
        "cumulative": false
    },
    {
        "date": "2020-12-08T11:06:46.720Z",
        "value": "97.65625",
        "cumulative": false
    },
    {
        "date": "2020-12-08T11:06:48.592Z",
        "value": "99.21875",
        "cumulative": false
    },
    {
        "date": "2020-12-08T11:06:49.796Z",
        "value": "100.0",
        "cumulative": false
    },
    {
        "date": "2020-12-08T11:06:51.008Z",
        "value": "100.0",
        "cumulative": false
    },
    {
        "date": "2020-12-08T11:06:52.199Z",
        "value": "100.0",
        "cumulative": false
    },
    {
        "date": "2020-12-08T11:06:54.018Z",
        "value": "100.0",
        "cumulative": false
    },
    {
        "date": "2020-12-08T11:06:55.256Z",
        "value": "100.0",
        "cumulative": false
    },
    {
        "date": "2020-12-08T11:06:56.457Z",
        "value": "98.4375",
        "cumulative": false
    },
    {
        "date": "2020-12-08T11:06:57.656Z",
        "value": "100.0",
        "cumulative": false
    },
    {
        "date": "2020-12-08T11:06:59.514Z",
        "value": "100.0",
        "cumulative": false
    },
    {
        "date": "2020-12-08T11:07:00.727Z",
        "value": "99.21875",
        "cumulative": false
    },
    {
        "date": "2020-12-08T11:07:01.912Z",
        "value": "100.0",
        "cumulative": false
    },
    {
        "date": "2020-12-08T11:07:03.103Z",
        "value": "100.0",
        "cumulative": false
    },
    {
        "date": "2020-12-08T11:07:04.931Z",
        "value": "100.0",
        "cumulative": false
    },
    {
        "date": "2020-12-08T11:07:06.171Z",
        "value": "100.0",
        "cumulative": false
    },
    {
        "date": "2020-12-08T11:07:07.379Z",
        "value": "99.21875",
        "cumulative": false
    },
    {
        "date": "2020-12-08T11:07:08.580Z",
        "value": "100.0",
        "cumulative": false
    }
]