[
    {
        "date": "2020-12-08T11:05:48.021Z",
        "value": "2.46915602684021",
        "cumulative": false
    },
    {
        "date": "2020-12-08T11:05:49.300Z",
        "value": "1.8662841320037842",
        "cumulative": false
    },
    {
        "date": "2020-12-08T11:05:50.494Z",
        "value": "1.7842413187026978",
        "cumulative": false
    },
    {
        "date": "2020-12-08T11:05:51.664Z",
        "value": "1.5197800397872925",
        "cumulative": false
    },
    {
        "date": "2020-12-08T11:05:53.470Z",
        "value": "1.549701452255249",
        "cumulative": false
    },
    {
        "date": "2020-12-08T11:05:54.699Z",
        "value": "1.3571234941482544",
        "cumulative": false
    },
    {
        "date": "2020-12-08T11:05:55.875Z",
        "value": "1.378501534461975",
        "cumulative": false
    },
    {
        "date": "2020-12-08T11:05:57.059Z",
        "value": "1.2389233112335205",
        "cumulative": false
    },
    {
        "date": "2020-12-08T11:05:58.867Z",
        "value": "1.219124674797058",
        "cumulative": false
    },
    {
        "date": "2020-12-08T11:06:00.101Z",
        "value": "1.045475959777832",
        "cumulative": false
    },
    {
        "date": "2020-12-08T11:06:01.298Z",
        "value": "1.091194987297058",
        "cumulative": false
    },
    {
        "date": "2020-12-08T11:06:02.519Z",
        "value": "1.0365434885025024",
        "cumulative": false
    },
    {
        "date": "2020-12-08T11:06:04.334Z",
        "value": "0.9589262008666992",
        "cumulative": false
    },
    {
        "date": "2020-12-08T11:06:05.545Z",
        "value": "0.6493349075317383",
        "cumulative": false
    },
    {
        "date": "2020-12-08T11:06:06.721Z",
        "value": "0.767564594745636",
        "cumulative": false
    },
    {
        "date": "2020-12-08T11:06:07.934Z",
        "value": "0.8592792749404907",
        "cumulative": false
    },
    {
        "date": "2020-12-08T11:06:09.747Z",
        "value": "0.662268340587616",
        "cumulative": false
    },
    {
        "date": "2020-12-08T11:06:10.972Z",
        "value": "0.8953040242195129",
        "cumulative": false
    },
    {
        "date": "2020-12-08T11:06:12.167Z",
        "value": "0.6898993253707886",
        "cumulative": false
    },
    {
        "date": "2020-12-08T11:06:13.370Z",
        "value": "0.8247365355491638",
        "cumulative": false
    },
    {
        "date": "2020-12-08T11:06:15.219Z",
        "value": "0.7884716987609863",
        "cumulative": false
    },
    {
        "date": "2020-12-08T11:06:16.476Z",
        "value": "0.8013212084770203",
        "cumulative": false
    },
    {
        "date": "2020-12-08T11:06:17.707Z",
        "value": "0.5383553504943848",
        "cumulative": false
    },
    {
        "date": "2020-12-08T11:06:18.981Z",
        "value": "0.5994627475738525",
        "cumulative": false
    },
    {
        "date": "2020-12-08T11:06:20.862Z",
        "value": "0.6624689102172852",
        "cumulative": false
    },
    {
        "date": "2020-12-08T11:06:22.084Z",
        "value": "0.6692467331886292",
        "cumulative": false
    },
    {
        "date": "2020-12-08T11:06:23.299Z",
        "value": "0.5857975482940674",
        "cumulative": false
    },
    {
        "date": "2020-12-08T11:06:24.506Z",
        "value": "0.5096646547317505",
        "cumulative": false
    },
    {
        "date": "2020-12-08T11:06:26.294Z",
        "value": "0.5972118377685547",
        "cumulative": false
    },
    {
        "date": "2020-12-08T11:06:27.513Z",
        "value": "0.6084602475166321",
        "cumulative": false
    },
    {
        "date": "2020-12-08T11:06:28.706Z",
        "value": "0.5957262516021729",
        "cumulative": false
    },
    {
        "date": "2020-12-08T11:06:29.940Z",
        "value": "0.8102081418037415",
        "cumulative": false
    },
    {
        "date": "2020-12-08T11:06:31.783Z",
        "value": "0.6016885638237",
        "cumulative": false
    },
    {
        "date": "2020-12-08T11:06:33.221Z",
        "value": "0.44708675146102905",
        "cumulative": false
    },
    {
        "date": "2020-12-08T11:06:34.461Z",
        "value": "0.5272465348243713",
        "cumulative": false
    },
    {
        "date": "2020-12-08T11:06:35.652Z",
        "value": "0.5925958156585693",
        "cumulative": false
    },
    {
        "date": "2020-12-08T11:06:37.489Z",
        "value": "0.587449312210083",
        "cumulative": false
    },
    {
        "date": "2020-12-08T11:06:38.756Z",
        "value": "0.46491190791130066",
        "cumulative": false
    },
    {
        "date": "2020-12-08T11:06:39.994Z",
        "value": "0.39921876788139343",
        "cumulative": false
    },
    {
        "date": "2020-12-08T11:06:41.219Z",
        "value": "0.4868730902671814",
        "cumulative": false
    },
    {
        "date": "2020-12-08T11:06:43.068Z",
        "value": "0.45936691761016846",
        "cumulative": false
    },
    {
        "date": "2020-12-08T11:06:44.291Z",
        "value": "0.44394782185554504",
        "cumulative": false
    },
    {
        "date": "2020-12-08T11:06:45.511Z",
        "value": "0.36612075567245483",
        "cumulative": false
    },
    {
        "date": "2020-12-08T11:06:46.720Z",
        "value": "0.5469028949737549",
        "cumulative": false
    },
    {
        "date": "2020-12-08T11:06:48.592Z",
        "value": "0.4196433424949646",
        "cumulative": false
    },
    {
        "date": "2020-12-08T11:06:49.795Z",
        "value": "0.34173455834388733",
        "cumulative": false
    },
    {
        "date": "2020-12-08T11:06:51.007Z",
        "value": "0.43636757135391235",
        "cumulative": false
    },
    {
        "date": "2020-12-08T11:06:52.199Z",
        "value": "0.37956488132476807",
        "cumulative": false
    },
    {
        "date": "2020-12-08T11:06:54.017Z",
        "value": "0.45972558856010437",
        "cumulative": false
    },
    {
        "date": "2020-12-08T11:06:55.256Z",
        "value": "0.5154045224189758",
        "cumulative": false
    },
    {
        "date": "2020-12-08T11:06:56.456Z",
        "value": "0.47052302956581116",
        "cumulative": false
    },
    {
        "date": "2020-12-08T11:06:57.656Z",
        "value": "0.506170928478241",
        "cumulative": false
    },
    {
        "date": "2020-12-08T11:06:59.514Z",
        "value": "0.42414674162864685",
        "cumulative": false
    },
    {
        "date": "2020-12-08T11:07:00.727Z",
        "value": "0.2704751491546631",
        "cumulative": false
    },
    {
        "date": "2020-12-08T11:07:01.911Z",
        "value": "0.37296879291534424",
        "cumulative": false
    },
    {
        "date": "2020-12-08T11:07:03.103Z",
        "value": "0.35721269249916077",
        "cumulative": false
    },
    {
        "date": "2020-12-08T11:07:04.931Z",
        "value": "0.4530496597290039",
        "cumulative": false
    },
    {
        "date": "2020-12-08T11:07:06.171Z",
        "value": "0.47630375623703003",
        "cumulative": false
    },
    {
        "date": "2020-12-08T11:07:07.379Z",
        "value": "0.4082476496696472",
        "cumulative": false
    },
    {
        "date": "2020-12-08T11:07:08.580Z",
        "value": "0.31612715125083923",
        "cumulative": false
    }
]