[
    {
        "date": "2020-12-08T11:05:52.716Z",
        "value": "0.018735885620117188",
        "cumulative": false
    },
    {
        "date": "2020-12-08T11:05:58.126Z",
        "value": "0.017540931701660156",
        "cumulative": false
    },
    {
        "date": "2020-12-08T11:06:03.585Z",
        "value": "0.018934011459350586",
        "cumulative": false
    },
    {
        "date": "2020-12-08T11:06:08.984Z",
        "value": "0.020111799240112305",
        "cumulative": false
    },
    {
        "date": "2020-12-08T11:06:14.447Z",
        "value": "0.019504308700561523",
        "cumulative": false
    },
    {
        "date": "2020-12-08T11:06:20.087Z",
        "value": "0.017887592315673828",
        "cumulative": false
    },
    {
        "date": "2020-12-08T11:06:25.560Z",
        "value": "0.017483949661254883",
        "cumulative": false
    },
    {
        "date": "2020-12-08T11:06:31.032Z",
        "value": "0.018480300903320312",
        "cumulative": false
    },
    {
        "date": "2020-12-08T11:06:36.733Z",
        "value": "0.018659591674804688",
        "cumulative": false
    },
    {
        "date": "2020-12-08T11:06:42.288Z",
        "value": "0.016572237014770508",
        "cumulative": false
    },
    {
        "date": "2020-12-08T11:06:47.772Z",
        "value": "0.017269372940063477",
        "cumulative": false
    },
    {
        "date": "2020-12-08T11:06:53.268Z",
        "value": "0.018917560577392578",
        "cumulative": false
    },
    {
        "date": "2020-12-08T11:06:58.754Z",
        "value": "0.018004179000854492",
        "cumulative": false
    },
    {
        "date": "2020-12-08T11:07:04.177Z",
        "value": "0.02111053466796875",
        "cumulative": false
    },
    {
        "date": "2020-12-08T11:07:09.666Z",
        "value": "0.019875288009643555",
        "cumulative": false
    }
]