[
    {
        "date": "2020-12-08T11:05:52.712Z",
        "value": "0.0001857280731201172",
        "cumulative": false
    },
    {
        "date": "2020-12-08T11:05:58.125Z",
        "value": "0.000202178955078125",
        "cumulative": false
    },
    {
        "date": "2020-12-08T11:06:03.591Z",
        "value": "0.00020599365234375",
        "cumulative": false
    },
    {
        "date": "2020-12-08T11:06:08.987Z",
        "value": "0.000209808349609375",
        "cumulative": false
    },
    {
        "date": "2020-12-08T11:06:14.449Z",
        "value": "0.0002224445343017578",
        "cumulative": false
    },
    {
        "date": "2020-12-08T11:06:20.086Z",
        "value": "0.0002491474151611328",
        "cumulative": false
    },
    {
        "date": "2020-12-08T11:06:25.556Z",
        "value": "0.0002231597900390625",
        "cumulative": false
    },
    {
        "date": "2020-12-08T11:06:31.038Z",
        "value": "0.00022935867309570312",
        "cumulative": false
    },
    {
        "date": "2020-12-08T11:06:36.731Z",
        "value": "0.00019288063049316406",
        "cumulative": false
    },
    {
        "date": "2020-12-08T11:06:42.293Z",
        "value": "0.00023865699768066406",
        "cumulative": false
    },
    {
        "date": "2020-12-08T11:06:47.774Z",
        "value": "0.00019884109497070312",
        "cumulative": false
    },
    {
        "date": "2020-12-08T11:06:53.277Z",
        "value": "0.00017786026000976562",
        "cumulative": false
    },
    {
        "date": "2020-12-08T11:06:58.756Z",
        "value": "0.00018930435180664062",
        "cumulative": false
    },
    {
        "date": "2020-12-08T11:07:04.175Z",
        "value": "0.0002155303955078125",
        "cumulative": false
    },
    {
        "date": "2020-12-08T11:07:09.679Z",
        "value": "0.00021076202392578125",
        "cumulative": false
    }
]