[
    {
        "date": "2020-12-08T11:05:52.716Z",
        "value": "0.4773695468902588",
        "cumulative": false
    },
    {
        "date": "2020-12-08T11:05:58.126Z",
        "value": "0.5005886554718018",
        "cumulative": false
    },
    {
        "date": "2020-12-08T11:06:03.585Z",
        "value": "0.5220952033996582",
        "cumulative": false
    },
    {
        "date": "2020-12-08T11:06:08.984Z",
        "value": "0.5098297595977783",
        "cumulative": false
    },
    {
        "date": "2020-12-08T11:06:14.447Z",
        "value": "0.5243992805480957",
        "cumulative": false
    },
    {
        "date": "2020-12-08T11:06:20.087Z",
        "value": "0.49852752685546875",
        "cumulative": false
    },
    {
        "date": "2020-12-08T11:06:25.560Z",
        "value": "0.48967862129211426",
        "cumulative": false
    },
    {
        "date": "2020-12-08T11:06:31.032Z",
        "value": "0.48233914375305176",
        "cumulative": false
    },
    {
        "date": "2020-12-08T11:06:36.733Z",
        "value": "0.5039846897125244",
        "cumulative": false
    },
    {
        "date": "2020-12-08T11:06:42.288Z",
        "value": "0.462998628616333",
        "cumulative": false
    },
    {
        "date": "2020-12-08T11:06:47.772Z",
        "value": "0.5078802108764648",
        "cumulative": false
    },
    {
        "date": "2020-12-08T11:06:53.268Z",
        "value": "0.507598876953125",
        "cumulative": false
    },
    {
        "date": "2020-12-08T11:06:58.754Z",
        "value": "0.5048761367797852",
        "cumulative": false
    },
    {
        "date": "2020-12-08T11:07:04.177Z",
        "value": "0.505225419998169",
        "cumulative": false
    },
    {
        "date": "2020-12-08T11:07:09.666Z",
        "value": "0.5230438709259033",
        "cumulative": false
    }
]