[
    {
        "date": "2020-12-08T11:05:48.026Z",
        "value": "2.5621440410614014",
        "cumulative": false
    },
    {
        "date": "2020-12-08T11:05:49.301Z",
        "value": "1.801192045211792",
        "cumulative": false
    },
    {
        "date": "2020-12-08T11:05:50.495Z",
        "value": "1.8891029357910156",
        "cumulative": false
    },
    {
        "date": "2020-12-08T11:05:51.671Z",
        "value": "1.402440071105957",
        "cumulative": false
    },
    {
        "date": "2020-12-08T11:05:53.474Z",
        "value": "1.4649274349212646",
        "cumulative": false
    },
    {
        "date": "2020-12-08T11:05:54.700Z",
        "value": "1.3906642198562622",
        "cumulative": false
    },
    {
        "date": "2020-12-08T11:05:55.883Z",
        "value": "1.175728678703308",
        "cumulative": false
    },
    {
        "date": "2020-12-08T11:05:57.063Z",
        "value": "1.2372517585754395",
        "cumulative": false
    },
    {
        "date": "2020-12-08T11:05:58.875Z",
        "value": "0.9452691078186035",
        "cumulative": false
    },
    {
        "date": "2020-12-08T11:06:00.106Z",
        "value": "0.955012321472168",
        "cumulative": false
    },
    {
        "date": "2020-12-08T11:06:01.298Z",
        "value": "0.9706003665924072",
        "cumulative": false
    },
    {
        "date": "2020-12-08T11:06:02.526Z",
        "value": "0.8736284375190735",
        "cumulative": false
    },
    {
        "date": "2020-12-08T11:06:04.344Z",
        "value": "0.8895581960678101",
        "cumulative": false
    },
    {
        "date": "2020-12-08T11:06:05.554Z",
        "value": "0.9230445623397827",
        "cumulative": false
    },
    {
        "date": "2020-12-08T11:06:06.730Z",
        "value": "1.0693498849868774",
        "cumulative": false
    },
    {
        "date": "2020-12-08T11:06:07.939Z",
        "value": "0.7047968506813049",
        "cumulative": false
    },
    {
        "date": "2020-12-08T11:06:09.757Z",
        "value": "0.6829099655151367",
        "cumulative": false
    },
    {
        "date": "2020-12-08T11:06:10.981Z",
        "value": "0.6728851199150085",
        "cumulative": false
    },
    {
        "date": "2020-12-08T11:06:12.169Z",
        "value": "0.7658606171607971",
        "cumulative": false
    },
    {
        "date": "2020-12-08T11:06:13.375Z",
        "value": "0.7972742915153503",
        "cumulative": false
    },
    {
        "date": "2020-12-08T11:06:15.223Z",
        "value": "0.7791716456413269",
        "cumulative": false
    },
    {
        "date": "2020-12-08T11:06:16.477Z",
        "value": "0.8838369846343994",
        "cumulative": false
    },
    {
        "date": "2020-12-08T11:06:17.715Z",
        "value": "0.6223405003547668",
        "cumulative": false
    },
    {
        "date": "2020-12-08T11:06:18.983Z",
        "value": "0.6826631426811218",
        "cumulative": false
    },
    {
        "date": "2020-12-08T11:06:20.872Z",
        "value": "0.6083782315254211",
        "cumulative": false
    },
    {
        "date": "2020-12-08T11:06:22.092Z",
        "value": "0.685952365398407",
        "cumulative": false
    },
    {
        "date": "2020-12-08T11:06:23.308Z",
        "value": "0.5985764861106873",
        "cumulative": false
    },
    {
        "date": "2020-12-08T11:06:24.511Z",
        "value": "0.5452133417129517",
        "cumulative": false
    },
    {
        "date": "2020-12-08T11:06:26.303Z",
        "value": "0.5361400842666626",
        "cumulative": false
    },
    {
        "date": "2020-12-08T11:06:27.518Z",
        "value": "0.5527139902114868",
        "cumulative": false
    },
    {
        "date": "2020-12-08T11:06:28.711Z",
        "value": "0.5932928323745728",
        "cumulative": false
    },
    {
        "date": "2020-12-08T11:06:29.945Z",
        "value": "0.5867298245429993",
        "cumulative": false
    },
    {
        "date": "2020-12-08T11:06:31.793Z",
        "value": "0.6765449643135071",
        "cumulative": false
    },
    {
        "date": "2020-12-08T11:06:33.230Z",
        "value": "0.5162748098373413",
        "cumulative": false
    },
    {
        "date": "2020-12-08T11:06:34.467Z",
        "value": "0.5569127202033997",
        "cumulative": false
    },
    {
        "date": "2020-12-08T11:06:35.654Z",
        "value": "0.5995749235153198",
        "cumulative": false
    },
    {
        "date": "2020-12-08T11:06:37.499Z",
        "value": "0.6262297034263611",
        "cumulative": false
    },
    {
        "date": "2020-12-08T11:06:38.758Z",
        "value": "0.6631067991256714",
        "cumulative": false
    },
    {
        "date": "2020-12-08T11:06:40.000Z",
        "value": "0.5388377904891968",
        "cumulative": false
    },
    {
        "date": "2020-12-08T11:06:41.225Z",
        "value": "0.4811563789844513",
        "cumulative": false
    },
    {
        "date": "2020-12-08T11:06:43.063Z",
        "value": "0.7311710119247437",
        "cumulative": false
    },
    {
        "date": "2020-12-08T11:06:44.300Z",
        "value": "0.5287719964981079",
        "cumulative": false
    },
    {
        "date": "2020-12-08T11:06:45.513Z",
        "value": "0.37029382586479187",
        "cumulative": false
    },
    {
        "date": "2020-12-08T11:06:46.726Z",
        "value": "0.574338972568512",
        "cumulative": false
    },
    {
        "date": "2020-12-08T11:06:48.587Z",
        "value": "0.4939109683036804",
        "cumulative": false
    },
    {
        "date": "2020-12-08T11:06:49.797Z",
        "value": "0.4446086287498474",
        "cumulative": false
    },
    {
        "date": "2020-12-08T11:06:51.013Z",
        "value": "0.46623411774635315",
        "cumulative": false
    },
    {
        "date": "2020-12-08T11:06:52.201Z",
        "value": "0.3426694869995117",
        "cumulative": false
    },
    {
        "date": "2020-12-08T11:06:54.028Z",
        "value": "0.36333170533180237",
        "cumulative": false
    },
    {
        "date": "2020-12-08T11:06:55.262Z",
        "value": "0.44165465235710144",
        "cumulative": false
    },
    {
        "date": "2020-12-08T11:06:56.466Z",
        "value": "0.42477282881736755",
        "cumulative": false
    },
    {
        "date": "2020-12-08T11:06:57.659Z",
        "value": "0.40615394711494446",
        "cumulative": false
    },
    {
        "date": "2020-12-08T11:06:59.524Z",
        "value": "0.46489500999450684",
        "cumulative": false
    },
    {
        "date": "2020-12-08T11:07:00.734Z",
        "value": "0.5042106509208679",
        "cumulative": false
    },
    {
        "date": "2020-12-08T11:07:01.917Z",
        "value": "0.41293591260910034",
        "cumulative": false
    },
    {
        "date": "2020-12-08T11:07:03.112Z",
        "value": "0.4442729651927948",
        "cumulative": false
    },
    {
        "date": "2020-12-08T11:07:04.941Z",
        "value": "0.42277318239212036",
        "cumulative": false
    },
    {
        "date": "2020-12-08T11:07:06.173Z",
        "value": "0.4107992947101593",
        "cumulative": false
    },
    {
        "date": "2020-12-08T11:07:07.384Z",
        "value": "0.46473655104637146",
        "cumulative": false
    },
    {
        "date": "2020-12-08T11:07:08.582Z",
        "value": "0.43951109051704407",
        "cumulative": false
    }
]