[
    {
        "date": "2020-12-08T11:05:52.712Z",
        "value": "0.5021355152130127",
        "cumulative": false
    },
    {
        "date": "2020-12-08T11:05:58.125Z",
        "value": "0.5188288688659668",
        "cumulative": false
    },
    {
        "date": "2020-12-08T11:06:03.591Z",
        "value": "0.5357809066772461",
        "cumulative": false
    },
    {
        "date": "2020-12-08T11:06:08.987Z",
        "value": "0.48374032974243164",
        "cumulative": false
    },
    {
        "date": "2020-12-08T11:06:14.449Z",
        "value": "0.5281243324279785",
        "cumulative": false
    },
    {
        "date": "2020-12-08T11:06:20.086Z",
        "value": "0.5182456970214844",
        "cumulative": false
    },
    {
        "date": "2020-12-08T11:06:25.556Z",
        "value": "0.5034868717193604",
        "cumulative": false
    },
    {
        "date": "2020-12-08T11:06:31.038Z",
        "value": "0.5007472038269043",
        "cumulative": false
    },
    {
        "date": "2020-12-08T11:06:36.731Z",
        "value": "0.5011086463928223",
        "cumulative": false
    },
    {
        "date": "2020-12-08T11:06:42.293Z",
        "value": "0.5094776153564453",
        "cumulative": false
    },
    {
        "date": "2020-12-08T11:06:47.774Z",
        "value": "0.49289464950561523",
        "cumulative": false
    },
    {
        "date": "2020-12-08T11:06:53.277Z",
        "value": "0.5021309852600098",
        "cumulative": false
    },
    {
        "date": "2020-12-08T11:06:58.756Z",
        "value": "0.496321439743042",
        "cumulative": false
    },
    {
        "date": "2020-12-08T11:07:04.175Z",
        "value": "0.4769608974456787",
        "cumulative": false
    },
    {
        "date": "2020-12-08T11:07:09.679Z",
        "value": "0.4958305358886719",
        "cumulative": false
    }
]