[
    {
        "date": "2020-12-08T11:05:52.712Z",
        "value": "0.01881885528564453",
        "cumulative": false
    },
    {
        "date": "2020-12-08T11:05:58.125Z",
        "value": "0.017832517623901367",
        "cumulative": false
    },
    {
        "date": "2020-12-08T11:06:03.591Z",
        "value": "0.019441843032836914",
        "cumulative": false
    },
    {
        "date": "2020-12-08T11:06:08.987Z",
        "value": "0.02079916000366211",
        "cumulative": false
    },
    {
        "date": "2020-12-08T11:06:14.449Z",
        "value": "0.019665002822875977",
        "cumulative": false
    },
    {
        "date": "2020-12-08T11:06:20.086Z",
        "value": "0.01865386962890625",
        "cumulative": false
    },
    {
        "date": "2020-12-08T11:06:25.556Z",
        "value": "0.018872976303100586",
        "cumulative": false
    },
    {
        "date": "2020-12-08T11:06:31.038Z",
        "value": "0.018869638442993164",
        "cumulative": false
    },
    {
        "date": "2020-12-08T11:06:36.731Z",
        "value": "0.017826557159423828",
        "cumulative": false
    },
    {
        "date": "2020-12-08T11:06:42.293Z",
        "value": "0.01952838897705078",
        "cumulative": false
    },
    {
        "date": "2020-12-08T11:06:47.774Z",
        "value": "0.017746925354003906",
        "cumulative": false
    },
    {
        "date": "2020-12-08T11:06:53.277Z",
        "value": "0.020531892776489258",
        "cumulative": false
    },
    {
        "date": "2020-12-08T11:06:58.756Z",
        "value": "0.01907825469970703",
        "cumulative": false
    },
    {
        "date": "2020-12-08T11:07:04.175Z",
        "value": "0.018140792846679688",
        "cumulative": false
    },
    {
        "date": "2020-12-08T11:07:09.679Z",
        "value": "0.018193721771240234",
        "cumulative": false
    }
]