[
    {
        "date": "2020-09-11T12:18:01Z",
        "value": "4.00543212890625e-05",
        "cumulative": true
    },
    {
        "date": "2020-09-11T12:18:12Z",
        "value": "0.015350341796875",
        "cumulative": true
    },
    {
        "date": "2020-09-11T12:18:22Z",
        "value": "26.33717632293701",
        "cumulative": true
    },
    {
        "date": "2020-09-11T12:18:39Z",
        "value": "1482.3572368621826",
        "cumulative": true
    },
    {
        "date": "2020-09-11T12:18:57Z",
        "value": "3889.1995639801025",
        "cumulative": true
    },
    {
        "date": "2020-09-11T12:19:08Z",
        "value": "5385.431549072266",
        "cumulative": true
    },
    {
        "date": "2020-09-11T12:19:25Z",
        "value": "7706.2622175216675",
        "cumulative": true
    },
    {
        "date": "2020-09-11T12:19:44Z",
        "value": "10209.96160030365",
        "cumulative": true
    },
    {
        "date": "2020-09-11T12:19:59Z",
        "value": "12461.24347114563",
        "cumulative": true
    },
    {
        "date": "2020-09-11T12:20:14Z",
        "value": "15189.420157432556",
        "cumulative": true
    },
    {
        "date": "2020-09-11T12:20:32Z",
        "value": "17972.94930458069",
        "cumulative": true
    },
    {
        "date": "2020-09-11T12:20:46Z",
        "value": "19608.054503440857",
        "cumulative": true
    },
    {
        "date": "2020-09-11T12:21:04Z",
        "value": "23115.20042705536",
        "cumulative": true
    },
    {
        "date": "2020-09-11T12:21:20Z",
        "value": "24713.53995323181",
        "cumulative": true
    },
    {
        "date": "2020-09-11T12:21:30Z",
        "value": "25600.529161453247",
        "cumulative": true
    },
    {
        "date": "2020-09-11T12:21:49Z",
        "value": "30065.125664711",
        "cumulative": true
    },
    {
        "date": "2020-09-11T12:22:07Z",
        "value": "31495.464619636536",
        "cumulative": true
    },
    {
        "date": "2020-09-11T12:22:22Z",
        "value": "34089.85993003845",
        "cumulative": true
    },
    {
        "date": "2020-09-11T12:22:42Z",
        "value": "38156.73532104492",
        "cumulative": true
    },
    {
        "date": "2020-09-11T12:22:53Z",
        "value": "38988.347496032715",
        "cumulative": true
    },
    {
        "date": "2020-09-11T12:23:08Z",
        "value": "40118.980253219604",
        "cumulative": true
    },
    {
        "date": "2020-09-11T12:23:19Z",
        "value": "41858.377776145935",
        "cumulative": true
    },
    {
        "date": "2020-09-11T12:23:34Z",
        "value": "45285.87643146515",
        "cumulative": true
    },
    {
        "date": "2020-09-11T12:23:54Z",
        "value": "48386.571186065674",
        "cumulative": true
    },
    {
        "date": "2020-09-11T12:24:05Z",
        "value": "49212.90961074829",
        "cumulative": true
    },
    {
        "date": "2020-09-11T12:24:16Z",
        "value": "50055.03712463379",
        "cumulative": true
    },
    {
        "date": "2020-09-11T12:24:29Z",
        "value": "51103.76256942749",
        "cumulative": true
    },
    {
        "date": "2020-09-11T12:24:41Z",
        "value": "53413.094754219055",
        "cumulative": true
    },
    {
        "date": "2020-09-11T12:24:55Z",
        "value": "56874.01639652252",
        "cumulative": true
    },
    {
        "date": "2020-09-11T12:25:10Z",
        "value": "60309.27909374237",
        "cumulative": true
    },
    {
        "date": "2020-09-11T12:25:28Z",
        "value": "61710.450419425964",
        "cumulative": true
    },
    {
        "date": "2020-09-11T12:25:45Z",
        "value": "63005.84567165375",
        "cumulative": true
    },
    {
        "date": "2020-09-11T12:26:03Z",
        "value": "64419.84541225433",
        "cumulative": true
    },
    {
        "date": "2020-09-11T12:26:15Z",
        "value": "66270.53513145447",
        "cumulative": true
    },
    {
        "date": "2020-09-11T12:26:29Z",
        "value": "69569.15260887146",
        "cumulative": true
    },
    {
        "date": "2020-09-11T12:26:45Z",
        "value": "73146.81203842163",
        "cumulative": true
    },
    {
        "date": "2020-09-11T12:27:01Z",
        "value": "76367.78680992126",
        "cumulative": true
    },
    {
        "date": "2020-09-11T12:27:12Z",
        "value": "77151.44855117798",
        "cumulative": true
    },
    {
        "date": "2020-09-11T12:27:30Z",
        "value": "78577.31315040588",
        "cumulative": true
    },
    {
        "date": "2020-09-11T12:27:46Z",
        "value": "79797.8012084961",
        "cumulative": true
    },
    {
        "date": "2020-09-11T12:28:01Z",
        "value": "80924.41333961487",
        "cumulative": true
    },
    {
        "date": "2020-09-11T12:28:20Z",
        "value": "83266.29865932465",
        "cumulative": true
    },
    {
        "date": "2020-09-11T12:28:31Z",
        "value": "85729.44601154327",
        "cumulative": true
    },
    {
        "date": "2020-09-11T12:28:50Z",
        "value": "89983.18340015411",
        "cumulative": true
    },
    {
        "date": "2020-09-11T12:29:02Z",
        "value": "93053.02728748322",
        "cumulative": true
    },
    {
        "date": "2020-09-11T12:29:14Z",
        "value": "95687.2768945694",
        "cumulative": true
    },
    {
        "date": "2020-09-11T12:29:28Z",
        "value": "97021.03601932526",
        "cumulative": true
    },
    {
        "date": "2020-09-11T12:29:46Z",
        "value": "98285.64949321747",
        "cumulative": true
    },
    {
        "date": "2020-09-11T12:30:06Z",
        "value": "99655.6018667221",
        "cumulative": true
    },
    {
        "date": "2020-09-11T12:30:25Z",
        "value": "101063.15155696869",
        "cumulative": true
    },
    {
        "date": "2020-09-11T12:30:43Z",
        "value": "102282.38822841644",
        "cumulative": true
    },
    {
        "date": "2020-09-11T12:30:54Z",
        "value": "103065.56368350983",
        "cumulative": true
    },
    {
        "date": "2020-09-11T12:31:11Z",
        "value": "106070.82582092285",
        "cumulative": true
    },
    {
        "date": "2020-09-11T12:31:22Z",
        "value": "108918.15883255005",
        "cumulative": true
    },
    {
        "date": "2020-09-11T12:31:34Z",
        "value": "111527.70912361145",
        "cumulative": true
    },
    {
        "date": "2020-09-11T12:31:48Z",
        "value": "114804.90503501892",
        "cumulative": true
    },
    {
        "date": "2020-09-11T12:32:03Z",
        "value": "118437.61570930481",
        "cumulative": true
    },
    {
        "date": "2020-09-11T12:32:20Z",
        "value": "121799.10624408722",
        "cumulative": true
    },
    {
        "date": "2020-09-11T12:32:34Z",
        "value": "122812.06082820892",
        "cumulative": true
    },
    {
        "date": "2020-09-11T12:32:51Z",
        "value": "124020.75042629242",
        "cumulative": true
    },
    {
        "date": "2020-09-11T12:33:03Z",
        "value": "124888.40121364594",
        "cumulative": true
    },
    {
        "date": "2020-09-11T12:33:21Z",
        "value": "126155.30730342865",
        "cumulative": true
    },
    {
        "date": "2020-09-11T12:33:36Z",
        "value": "127195.74434566498",
        "cumulative": true
    },
    {
        "date": "2020-09-11T12:33:52Z",
        "value": "128367.72193813324",
        "cumulative": true
    },
    {
        "date": "2020-09-11T12:34:04Z",
        "value": "129185.30967235565",
        "cumulative": true
    },
    {
        "date": "2020-09-11T12:34:15Z",
        "value": "129993.319439888",
        "cumulative": true
    },
    {
        "date": "2020-09-11T12:34:29Z",
        "value": "131970.8684577942",
        "cumulative": true
    },
    {
        "date": "2020-09-11T12:34:43Z",
        "value": "135280.99210739136",
        "cumulative": true
    },
    {
        "date": "2020-09-11T12:34:58Z",
        "value": "138841.46250343323",
        "cumulative": true
    },
    {
        "date": "2020-09-11T12:35:11Z",
        "value": "141835.16003799438",
        "cumulative": true
    },
    {
        "date": "2020-09-11T12:35:25Z",
        "value": "144904.77815818787",
        "cumulative": true
    },
    {
        "date": "2020-09-11T12:35:40Z",
        "value": "148411.13040161133",
        "cumulative": true
    },
    {
        "date": "2020-09-11T12:35:53Z",
        "value": "151187.80640411377",
        "cumulative": true
    },
    {
        "date": "2020-09-11T12:36:08Z",
        "value": "153840.42509174347",
        "cumulative": true
    },
    {
        "date": "2020-09-11T12:36:24Z",
        "value": "154983.85568141937",
        "cumulative": true
    },
    {
        "date": "2020-09-11T12:36:42Z",
        "value": "156256.93044185638",
        "cumulative": true
    },
    {
        "date": "2020-09-11T12:37:00Z",
        "value": "157577.69090938568",
        "cumulative": true
    },
    {
        "date": "2020-09-11T12:37:13Z",
        "value": "158486.53784275055",
        "cumulative": true
    },
    {
        "date": "2020-09-11T12:37:29Z",
        "value": "159625.74524974823",
        "cumulative": true
    },
    {
        "date": "2020-09-11T12:37:40Z",
        "value": "160421.98317432404",
        "cumulative": true
    },
    {
        "date": "2020-09-11T12:37:57Z",
        "value": "161672.81906223297",
        "cumulative": true
    },
    {
        "date": "2020-09-11T12:38:12Z",
        "value": "162725.41629314423",
        "cumulative": true
    },
    {
        "date": "2020-09-11T12:38:24Z",
        "value": "163605.3402223587",
        "cumulative": true
    },
    {
        "date": "2020-09-11T12:38:39Z",
        "value": "164646.37368679047",
        "cumulative": true
    },
    {
        "date": "2020-09-11T12:38:56Z",
        "value": "168148.09095954895",
        "cumulative": true
    },
    {
        "date": "2020-09-11T12:39:12Z",
        "value": "172035.31107902527",
        "cumulative": true
    },
    {
        "date": "2020-09-11T12:39:30Z",
        "value": "175934.88718414307",
        "cumulative": true
    },
    {
        "date": "2020-09-11T12:39:42Z",
        "value": "178762.98241615295",
        "cumulative": true
    },
    {
        "date": "2020-09-11T12:39:53Z",
        "value": "181211.50522613525",
        "cumulative": true
    },
    {
        "date": "2020-09-11T12:40:09Z",
        "value": "184927.92011260986",
        "cumulative": true
    },
    {
        "date": "2020-09-11T12:40:23Z",
        "value": "188088.24758338928",
        "cumulative": true
    },
    {
        "date": "2020-09-11T12:40:37Z",
        "value": "191199.97673797607",
        "cumulative": true
    },
    {
        "date": "2020-09-11T12:40:56Z",
        "value": "194327.24770450592",
        "cumulative": true
    },
    {
        "date": "2020-09-11T12:41:14Z",
        "value": "195571.93314647675",
        "cumulative": true
    },
    {
        "date": "2020-09-11T12:41:27Z",
        "value": "196434.4614686966",
        "cumulative": true
    },
    {
        "date": "2020-09-11T12:41:46Z",
        "value": "197745.7591562271",
        "cumulative": true
    },
    {
        "date": "2020-09-11T12:41:58Z",
        "value": "198487.6523733139",
        "cumulative": true
    },
    {
        "date": "2020-09-11T12:42:09Z",
        "value": "199182.92751789093",
        "cumulative": true
    },
    {
        "date": "2020-09-11T12:42:19Z",
        "value": "199872.07199573517",
        "cumulative": true
    },
    {
        "date": "2020-09-11T12:42:39Z",
        "value": "201162.5829153061",
        "cumulative": true
    },
    {
        "date": "2020-09-11T12:42:50Z",
        "value": "201881.3317937851",
        "cumulative": true
    },
    {
        "date": "2020-09-11T12:43:03Z",
        "value": "202635.69336795807",
        "cumulative": true
    },
    {
        "date": "2020-09-11T12:43:22Z",
        "value": "203889.1658372879",
        "cumulative": true
    },
    {
        "date": "2020-09-11T12:43:40Z",
        "value": "205071.02305316925",
        "cumulative": true
    },
    {
        "date": "2020-09-11T12:43:56Z",
        "value": "206098.87931156158",
        "cumulative": true
    },
    {
        "date": "2020-09-11T12:44:13Z",
        "value": "207197.96088123322",
        "cumulative": true
    },
    {
        "date": "2020-09-11T12:44:28Z",
        "value": "208115.9942293167",
        "cumulative": true
    },
    {
        "date": "2020-09-11T12:44:45Z",
        "value": "211996.35164260864",
        "cumulative": true
    },
    {
        "date": "2020-09-11T12:45:04Z",
        "value": "216252.22456741333",
        "cumulative": true
    },
    {
        "date": "2020-09-11T12:45:23Z",
        "value": "220588.23118782043",
        "cumulative": true
    },
    {
        "date": "2020-09-11T12:45:41Z",
        "value": "224671.20796775818",
        "cumulative": true
    },
    {
        "date": "2020-09-11T12:45:52Z",
        "value": "227233.02491378784",
        "cumulative": true
    },
    {
        "date": "2020-09-11T12:46:11Z",
        "value": "231261.5652141571",
        "cumulative": true
    },
    {
        "date": "2020-09-11T12:46:27Z",
        "value": "234907.89901542664",
        "cumulative": true
    },
    {
        "date": "2020-09-11T12:46:42Z",
        "value": "238481.33667564392",
        "cumulative": true
    },
    {
        "date": "2020-09-11T12:47:00Z",
        "value": "242547.00240135193",
        "cumulative": true
    },
    {
        "date": "2020-09-11T12:47:13Z",
        "value": "244861.4140176773",
        "cumulative": true
    },
    {
        "date": "2020-09-11T12:47:24Z",
        "value": "245589.93243694305",
        "cumulative": true
    },
    {
        "date": "2020-09-11T12:47:34Z",
        "value": "246291.06904888153",
        "cumulative": true
    },
    {
        "date": "2020-09-11T12:47:49Z",
        "value": "247336.9612417221",
        "cumulative": true
    },
    {
        "date": "2020-09-11T12:48:07Z",
        "value": "248482.63695430756",
        "cumulative": true
    },
    {
        "date": "2020-09-11T12:48:27Z",
        "value": "249745.32605075836",
        "cumulative": true
    },
    {
        "date": "2020-09-11T12:48:47Z",
        "value": "251030.3046693802",
        "cumulative": true
    },
    {
        "date": "2020-09-11T12:48:59Z",
        "value": "251871.0294713974",
        "cumulative": true
    },
    {
        "date": "2020-09-11T12:49:11Z",
        "value": "252604.92903614044",
        "cumulative": true
    },
    {
        "date": "2020-09-11T12:49:26Z",
        "value": "253579.63182353973",
        "cumulative": true
    },
    {
        "date": "2020-09-11T12:49:44Z",
        "value": "254772.07260990143",
        "cumulative": true
    },
    {
        "date": "2020-09-11T12:50:00Z",
        "value": "255686.58358478546",
        "cumulative": true
    },
    {
        "date": "2020-09-11T12:50:10Z",
        "value": "256312.18625545502",
        "cumulative": true
    },
    {
        "date": "2020-09-11T12:50:25Z",
        "value": "257308.97622203827",
        "cumulative": true
    },
    {
        "date": "2020-09-11T12:50:42Z",
        "value": "258398.2361421585",
        "cumulative": true
    },
    {
        "date": "2020-09-11T12:50:57Z",
        "value": "259331.4727087021",
        "cumulative": true
    },
    {
        "date": "2020-09-11T12:51:08Z",
        "value": "260033.45703029633",
        "cumulative": true
    },
    {
        "date": "2020-09-11T12:51:27Z",
        "value": "261243.27523326874",
        "cumulative": true
    },
    {
        "date": "2020-09-11T12:51:43Z",
        "value": "262205.4354906082",
        "cumulative": true
    },
    {
        "date": "2020-09-11T12:51:56Z",
        "value": "263391.2644672394",
        "cumulative": true
    },
    {
        "date": "2020-09-11T12:52:12Z",
        "value": "267101.0889568329",
        "cumulative": true
    },
    {
        "date": "2020-09-11T12:52:26Z",
        "value": "270222.85420417786",
        "cumulative": true
    },
    {
        "date": "2020-09-11T12:52:39Z",
        "value": "273159.5719051361",
        "cumulative": true
    },
    {
        "date": "2020-09-11T12:52:50Z",
        "value": "275351.227602005",
        "cumulative": true
    },
    {
        "date": "2020-09-11T12:53:08Z",
        "value": "279611.1387500763",
        "cumulative": true
    },
    {
        "date": "2020-09-11T12:53:22Z",
        "value": "282869.98477363586",
        "cumulative": true
    },
    {
        "date": "2020-09-11T12:53:34Z",
        "value": "285627.8365573883",
        "cumulative": true
    },
    {
        "date": "2020-09-11T12:53:45Z",
        "value": "288179.16566848755",
        "cumulative": true
    },
    {
        "date": "2020-09-11T12:53:58Z",
        "value": "291126.19838523865",
        "cumulative": true
    },
    {
        "date": "2020-09-11T12:54:12Z",
        "value": "294340.81633377075",
        "cumulative": true
    },
    {
        "date": "2020-09-11T12:54:30Z",
        "value": "298126.1799926758",
        "cumulative": true
    },
    {
        "date": "2020-09-11T12:54:45Z",
        "value": "301820.47051620483",
        "cumulative": true
    },
    {
        "date": "2020-09-11T12:55:00Z",
        "value": "305136.4701900482",
        "cumulative": true
    },
    {
        "date": "2020-09-11T12:55:18Z",
        "value": "309214.52151203156",
        "cumulative": true
    },
    {
        "date": "2020-09-11T12:55:30Z",
        "value": "310132.05391407013",
        "cumulative": true
    },
    {
        "date": "2020-09-11T12:55:41Z",
        "value": "310825.4612836838",
        "cumulative": true
    },
    {
        "date": "2020-09-11T12:56:00Z",
        "value": "312070.0410375595",
        "cumulative": true
    },
    {
        "date": "2020-09-11T12:56:15Z",
        "value": "313114.3074045181",
        "cumulative": true
    },
    {
        "date": "2020-09-11T12:56:30Z",
        "value": "314032.68489170074",
        "cumulative": true
    },
    {
        "date": "2020-09-11T12:56:44Z",
        "value": "314950.782790184",
        "cumulative": true
    },
    {
        "date": "2020-09-11T12:57:02Z",
        "value": "316108.58065128326",
        "cumulative": true
    },
    {
        "date": "2020-09-11T12:57:14Z",
        "value": "316814.6939058304",
        "cumulative": true
    },
    {
        "date": "2020-09-11T12:57:32Z",
        "value": "318018.1466913223",
        "cumulative": true
    },
    {
        "date": "2020-09-11T12:57:47Z",
        "value": "318949.37285518646",
        "cumulative": true
    },
    {
        "date": "2020-09-11T12:58:03Z",
        "value": "320000.6133031845",
        "cumulative": true
    },
    {
        "date": "2020-09-11T12:58:14Z",
        "value": "320735.85096263885",
        "cumulative": true
    },
    {
        "date": "2020-09-11T12:58:30Z",
        "value": "321826.1667585373",
        "cumulative": true
    },
    {
        "date": "2020-09-11T12:58:48Z",
        "value": "322974.29594135284",
        "cumulative": true
    },
    {
        "date": "2020-09-11T12:59:00Z",
        "value": "323715.9465894699",
        "cumulative": true
    },
    {
        "date": "2020-09-11T12:59:20Z",
        "value": "324972.8029203415",
        "cumulative": true
    },
    {
        "date": "2020-09-11T12:59:40Z",
        "value": "326221.7726945877",
        "cumulative": true
    },
    {
        "date": "2020-09-11T12:59:53Z",
        "value": "327097.06685733795",
        "cumulative": true
    },
    {
        "date": "2020-09-11T13:00:12Z",
        "value": "328291.61946582794",
        "cumulative": true
    },
    {
        "date": "2020-09-11T13:00:24Z",
        "value": "329126.3635225296",
        "cumulative": true
    },
    {
        "date": "2020-09-11T13:00:41Z",
        "value": "330144.50766277313",
        "cumulative": true
    },
    {
        "date": "2020-09-11T13:00:51Z",
        "value": "330788.38540172577",
        "cumulative": true
    },
    {
        "date": "2020-09-11T13:01:07Z",
        "value": "331892.79998111725",
        "cumulative": true
    },
    {
        "date": "2020-09-11T13:01:25Z",
        "value": "335060.3429851532",
        "cumulative": true
    },
    {
        "date": "2020-09-11T13:01:42Z",
        "value": "339087.9164505005",
        "cumulative": true
    },
    {
        "date": "2020-09-11T13:01:54Z",
        "value": "341516.7715511322",
        "cumulative": true
    },
    {
        "date": "2020-09-11T13:02:10Z",
        "value": "344971.8983631134",
        "cumulative": true
    },
    {
        "date": "2020-09-11T13:02:28Z",
        "value": "349063.0294704437",
        "cumulative": true
    },
    {
        "date": "2020-09-11T13:02:45Z",
        "value": "352908.5261936188",
        "cumulative": true
    },
    {
        "date": "2020-09-11T13:03:01Z",
        "value": "356454.75081825256",
        "cumulative": true
    },
    {
        "date": "2020-09-11T13:03:19Z",
        "value": "360454.40838623047",
        "cumulative": true
    },
    {
        "date": "2020-09-11T13:03:32Z",
        "value": "363444.1238975525",
        "cumulative": true
    },
    {
        "date": "2020-09-11T13:03:42Z",
        "value": "365773.09673690796",
        "cumulative": true
    },
    {
        "date": "2020-09-11T13:03:56Z",
        "value": "368898.7502708435",
        "cumulative": true
    },
    {
        "date": "2020-09-11T13:04:09Z",
        "value": "372007.81976890564",
        "cumulative": true
    },
    {
        "date": "2020-09-11T13:04:24Z",
        "value": "375326.492023468",
        "cumulative": true
    },
    {
        "date": "2020-09-11T13:04:39Z",
        "value": "378821.47856903076",
        "cumulative": true
    },
    {
        "date": "2020-09-11T13:04:50Z",
        "value": "381156.0683822632",
        "cumulative": true
    },
    {
        "date": "2020-09-11T13:05:04Z",
        "value": "384518.7743148804",
        "cumulative": true
    },
    {
        "date": "2020-09-11T13:05:23Z",
        "value": "388745.41219711304",
        "cumulative": true
    },
    {
        "date": "2020-09-11T13:05:35Z",
        "value": "390787.1982822418",
        "cumulative": true
    },
    {
        "date": "2020-09-11T13:05:54Z",
        "value": "392014.19354248047",
        "cumulative": true
    },
    {
        "date": "2020-09-11T13:06:12Z",
        "value": "393211.48516845703",
        "cumulative": true
    },
    {
        "date": "2020-09-11T13:06:25Z",
        "value": "394097.5198020935",
        "cumulative": true
    },
    {
        "date": "2020-09-11T13:06:45Z",
        "value": "395433.05110549927",
        "cumulative": true
    },
    {
        "date": "2020-09-11T13:07:00Z",
        "value": "396341.21767807007",
        "cumulative": true
    },
    {
        "date": "2020-09-11T13:07:20Z",
        "value": "397730.11525917053",
        "cumulative": true
    },
    {
        "date": "2020-09-11T13:07:37Z",
        "value": "398716.0705909729",
        "cumulative": true
    },
    {
        "date": "2020-09-11T13:07:54Z",
        "value": "399814.00410461426",
        "cumulative": true
    },
    {
        "date": "2020-09-11T13:08:13Z",
        "value": "401022.6873321533",
        "cumulative": true
    },
    {
        "date": "2020-09-11T13:08:24Z",
        "value": "401783.26188087463",
        "cumulative": true
    },
    {
        "date": "2020-09-11T13:08:43Z",
        "value": "403000.5896663666",
        "cumulative": true
    },
    {
        "date": "2020-09-11T13:08:56Z",
        "value": "403841.8224620819",
        "cumulative": true
    },
    {
        "date": "2020-09-11T13:09:13Z",
        "value": "404966.04808425903",
        "cumulative": true
    },
    {
        "date": "2020-09-11T13:09:28Z",
        "value": "405841.96838760376",
        "cumulative": true
    },
    {
        "date": "2020-09-11T13:09:41Z",
        "value": "406730.1305770874",
        "cumulative": true
    },
    {
        "date": "2020-09-11T13:09:56Z",
        "value": "407660.49079322815",
        "cumulative": true
    },
    {
        "date": "2020-09-11T13:10:07Z",
        "value": "408446.90416908264",
        "cumulative": true
    },
    {
        "date": "2020-09-11T13:10:25Z",
        "value": "409464.2915649414",
        "cumulative": true
    },
    {
        "date": "2020-09-11T13:10:37Z",
        "value": "410234.14145469666",
        "cumulative": true
    },
    {
        "date": "2020-09-11T13:10:54Z",
        "value": "411337.02218818665",
        "cumulative": true
    },
    {
        "date": "2020-09-11T13:11:05Z",
        "value": "412096.42332077026",
        "cumulative": true
    },
    {
        "date": "2020-09-11T13:11:24Z",
        "value": "413362.81114959717",
        "cumulative": true
    },
    {
        "date": "2020-09-11T13:11:34Z",
        "value": "413941.2462463379",
        "cumulative": true
    },
    {
        "date": "2020-09-11T13:11:48Z",
        "value": "414817.9530029297",
        "cumulative": true
    },
    {
        "date": "2020-09-11T13:11:58Z",
        "value": "415483.00956344604",
        "cumulative": true
    },
    {
        "date": "2020-09-11T13:12:16Z",
        "value": "416617.7520008087",
        "cumulative": true
    },
    {
        "date": "2020-09-11T13:12:29Z",
        "value": "417499.90595054626",
        "cumulative": true
    },
    {
        "date": "2020-09-11T13:12:42Z",
        "value": "418345.0251712799",
        "cumulative": true
    },
    {
        "date": "2020-09-11T13:13:00Z",
        "value": "419437.6388530731",
        "cumulative": true
    }
]