[
    {
        "date": "2020-09-11T12:18:04Z",
        "value": "0.0009593963623046875",
        "cumulative": true
    },
    {
        "date": "2020-09-11T12:18:16Z",
        "value": "4.654054641723633",
        "cumulative": true
    },
    {
        "date": "2020-09-11T12:18:28Z",
        "value": "160.82914352416992",
        "cumulative": true
    },
    {
        "date": "2020-09-11T12:18:39Z",
        "value": "1497.2975492477417",
        "cumulative": true
    },
    {
        "date": "2020-09-11T12:18:58Z",
        "value": "3919.7402753829956",
        "cumulative": true
    },
    {
        "date": "2020-09-11T12:19:09Z",
        "value": "5629.811074256897",
        "cumulative": true
    },
    {
        "date": "2020-09-11T12:19:27Z",
        "value": "7876.053507804871",
        "cumulative": true
    },
    {
        "date": "2020-09-11T12:19:38Z",
        "value": "9697.514126777649",
        "cumulative": true
    },
    {
        "date": "2020-09-11T12:19:56Z",
        "value": "12295.986538887024",
        "cumulative": true
    },
    {
        "date": "2020-09-11T12:20:09Z",
        "value": "14593.333276748657",
        "cumulative": true
    },
    {
        "date": "2020-09-11T12:20:26Z",
        "value": "16425.615374565125",
        "cumulative": true
    },
    {
        "date": "2020-09-11T12:20:41Z",
        "value": "19281.080129623413",
        "cumulative": true
    },
    {
        "date": "2020-09-11T12:20:55Z",
        "value": "20790.27232170105",
        "cumulative": true
    },
    {
        "date": "2020-09-11T12:21:13Z",
        "value": "24255.428860664368",
        "cumulative": true
    },
    {
        "date": "2020-09-11T12:21:25Z",
        "value": "25187.289212226868",
        "cumulative": true
    },
    {
        "date": "2020-09-11T12:21:45Z",
        "value": "29427.57869911194",
        "cumulative": true
    },
    {
        "date": "2020-09-11T12:22:02Z",
        "value": "31215.793913841248",
        "cumulative": true
    },
    {
        "date": "2020-09-11T12:22:19Z",
        "value": "33288.09847640991",
        "cumulative": true
    },
    {
        "date": "2020-09-11T12:22:30Z",
        "value": "36032.34565734863",
        "cumulative": true
    },
    {
        "date": "2020-09-11T12:22:42Z",
        "value": "38279.62390041351",
        "cumulative": true
    },
    {
        "date": "2020-09-11T12:22:54Z",
        "value": "39150.43877887726",
        "cumulative": true
    },
    {
        "date": "2020-09-11T12:23:13Z",
        "value": "40601.16351032257",
        "cumulative": true
    },
    {
        "date": "2020-09-11T12:23:30Z",
        "value": "44523.13252449036",
        "cumulative": true
    },
    {
        "date": "2020-09-11T12:23:44Z",
        "value": "47445.09080314636",
        "cumulative": true
    },
    {
        "date": "2020-09-11T12:24:01Z",
        "value": "49016.3977355957",
        "cumulative": true
    },
    {
        "date": "2020-09-11T12:24:12Z",
        "value": "49884.22350692749",
        "cumulative": true
    },
    {
        "date": "2020-09-11T12:24:31Z",
        "value": "51372.53234100342",
        "cumulative": true
    },
    {
        "date": "2020-09-11T12:24:44Z",
        "value": "54337.4896364212",
        "cumulative": true
    },
    {
        "date": "2020-09-11T12:25:02Z",
        "value": "58645.88063907623",
        "cumulative": true
    },
    {
        "date": "2020-09-11T12:25:22Z",
        "value": "61401.719732284546",
        "cumulative": true
    },
    {
        "date": "2020-09-11T12:25:37Z",
        "value": "62559.1396484375",
        "cumulative": true
    },
    {
        "date": "2020-09-11T12:25:49Z",
        "value": "63463.17451286316",
        "cumulative": true
    },
    {
        "date": "2020-09-11T12:26:06Z",
        "value": "64806.809494018555",
        "cumulative": true
    },
    {
        "date": "2020-09-11T12:26:19Z",
        "value": "67331.4306192398",
        "cumulative": true
    },
    {
        "date": "2020-09-11T12:26:34Z",
        "value": "70768.94652462006",
        "cumulative": true
    },
    {
        "date": "2020-09-11T12:26:49Z",
        "value": "74083.02480792999",
        "cumulative": true
    },
    {
        "date": "2020-09-11T12:27:02Z",
        "value": "76589.2349357605",
        "cumulative": true
    },
    {
        "date": "2020-09-11T12:27:17Z",
        "value": "77718.6419429779",
        "cumulative": true
    },
    {
        "date": "2020-09-11T12:27:27Z",
        "value": "78564.93049812317",
        "cumulative": true
    },
    {
        "date": "2020-09-11T12:27:38Z",
        "value": "79354.95204162598",
        "cumulative": true
    },
    {
        "date": "2020-09-11T12:27:55Z",
        "value": "80599.1807384491",
        "cumulative": true
    },
    {
        "date": "2020-09-11T12:28:12Z",
        "value": "81898.20371437073",
        "cumulative": true
    },
    {
        "date": "2020-09-11T12:28:24Z",
        "value": "84405.41648197174",
        "cumulative": true
    },
    {
        "date": "2020-09-11T12:28:42Z",
        "value": "88514.87537288666",
        "cumulative": true
    },
    {
        "date": "2020-09-11T12:28:54Z",
        "value": "91192.53527164459",
        "cumulative": true
    },
    {
        "date": "2020-09-11T12:29:04Z",
        "value": "93696.56503200531",
        "cumulative": true
    },
    {
        "date": "2020-09-11T12:29:19Z",
        "value": "96628.91468811035",
        "cumulative": true
    },
    {
        "date": "2020-09-11T12:29:34Z",
        "value": "97650.80510520935",
        "cumulative": true
    },
    {
        "date": "2020-09-11T12:29:47Z",
        "value": "98576.50123977661",
        "cumulative": true
    },
    {
        "date": "2020-09-11T12:30:01Z",
        "value": "99518.06011009216",
        "cumulative": true
    },
    {
        "date": "2020-09-11T12:30:12Z",
        "value": "100298.55272293091",
        "cumulative": true
    },
    {
        "date": "2020-09-11T12:30:26Z",
        "value": "101296.1281299591",
        "cumulative": true
    },
    {
        "date": "2020-09-11T12:30:44Z",
        "value": "102535.63683700562",
        "cumulative": true
    },
    {
        "date": "2020-09-11T12:30:55Z",
        "value": "103354.41030693054",
        "cumulative": true
    },
    {
        "date": "2020-09-11T12:31:13Z",
        "value": "106846.25506687164",
        "cumulative": true
    },
    {
        "date": "2020-09-11T12:31:23Z",
        "value": "109369.83719158173",
        "cumulative": true
    },
    {
        "date": "2020-09-11T12:31:36Z",
        "value": "112396.72507953644",
        "cumulative": true
    },
    {
        "date": "2020-09-11T12:31:47Z",
        "value": "114928.12955188751",
        "cumulative": true
    },
    {
        "date": "2020-09-11T12:32:00Z",
        "value": "117975.05360507965",
        "cumulative": true
    },
    {
        "date": "2020-09-11T12:32:12Z",
        "value": "120944.15180492401",
        "cumulative": true
    },
    {
        "date": "2020-09-11T12:32:32Z",
        "value": "122923.43740081787",
        "cumulative": true
    },
    {
        "date": "2020-09-11T12:32:42Z",
        "value": "123655.04090309143",
        "cumulative": true
    },
    {
        "date": "2020-09-11T12:32:55Z",
        "value": "124575.50645637512",
        "cumulative": true
    },
    {
        "date": "2020-09-11T12:33:12Z",
        "value": "125771.64889335632",
        "cumulative": true
    },
    {
        "date": "2020-09-11T12:33:27Z",
        "value": "126874.05395126343",
        "cumulative": true
    },
    {
        "date": "2020-09-11T12:33:43Z",
        "value": "128033.85258865356",
        "cumulative": true
    },
    {
        "date": "2020-09-11T12:34:02Z",
        "value": "129376.90446281433",
        "cumulative": true
    },
    {
        "date": "2020-09-11T12:34:19Z",
        "value": "130545.50617599487",
        "cumulative": true
    },
    {
        "date": "2020-09-11T12:34:39Z",
        "value": "134441.57093906403",
        "cumulative": true
    },
    {
        "date": "2020-09-11T12:34:58Z",
        "value": "138977.2739534378",
        "cumulative": true
    },
    {
        "date": "2020-09-11T12:35:11Z",
        "value": "142046.08643245697",
        "cumulative": true
    },
    {
        "date": "2020-09-11T12:35:24Z",
        "value": "145093.22624874115",
        "cumulative": true
    },
    {
        "date": "2020-09-11T12:35:38Z",
        "value": "148400.62080669403",
        "cumulative": true
    },
    {
        "date": "2020-09-11T12:35:49Z",
        "value": "150852.57465076447",
        "cumulative": true
    },
    {
        "date": "2020-09-11T12:36:04Z",
        "value": "153950.58561515808",
        "cumulative": true
    },
    {
        "date": "2020-09-11T12:36:15Z",
        "value": "154682.1823940277",
        "cumulative": true
    },
    {
        "date": "2020-09-11T12:36:33Z",
        "value": "155999.62194633484",
        "cumulative": true
    },
    {
        "date": "2020-09-11T12:36:53Z",
        "value": "157401.6087360382",
        "cumulative": true
    },
    {
        "date": "2020-09-11T12:37:10Z",
        "value": "158615.97938156128",
        "cumulative": true
    },
    {
        "date": "2020-09-11T12:37:24Z",
        "value": "159582.5306034088",
        "cumulative": true
    },
    {
        "date": "2020-09-11T12:37:35Z",
        "value": "160434.72382736206",
        "cumulative": true
    },
    {
        "date": "2020-09-11T12:37:46Z",
        "value": "161233.2578277588",
        "cumulative": true
    },
    {
        "date": "2020-09-11T12:38:04Z",
        "value": "162497.9439754486",
        "cumulative": true
    },
    {
        "date": "2020-09-11T12:38:18Z",
        "value": "163505.49007987976",
        "cumulative": true
    },
    {
        "date": "2020-09-11T12:38:29Z",
        "value": "164300.57828330994",
        "cumulative": true
    },
    {
        "date": "2020-09-11T12:38:47Z",
        "value": "166368.3884382248",
        "cumulative": true
    },
    {
        "date": "2020-09-11T12:39:03Z",
        "value": "170147.27880954742",
        "cumulative": true
    },
    {
        "date": "2020-09-11T12:39:16Z",
        "value": "173344.37516880035",
        "cumulative": true
    },
    {
        "date": "2020-09-11T12:39:36Z",
        "value": "177708.65250110626",
        "cumulative": true
    },
    {
        "date": "2020-09-11T12:39:55Z",
        "value": "182063.49706935883",
        "cumulative": true
    },
    {
        "date": "2020-09-11T12:40:12Z",
        "value": "186125.78291225433",
        "cumulative": true
    },
    {
        "date": "2020-09-11T12:40:32Z",
        "value": "190481.8406305313",
        "cumulative": true
    },
    {
        "date": "2020-09-11T12:40:50Z",
        "value": "194393.71130371094",
        "cumulative": true
    },
    {
        "date": "2020-09-11T12:41:04Z",
        "value": "195312.0503501892",
        "cumulative": true
    },
    {
        "date": "2020-09-11T12:41:22Z",
        "value": "196551.47890281677",
        "cumulative": true
    },
    {
        "date": "2020-09-11T12:41:37Z",
        "value": "197558.77447128296",
        "cumulative": true
    },
    {
        "date": "2020-09-11T12:41:51Z",
        "value": "198482.04410362244",
        "cumulative": true
    },
    {
        "date": "2020-09-11T12:42:05Z",
        "value": "199372.01193618774",
        "cumulative": true
    },
    {
        "date": "2020-09-11T12:42:17Z",
        "value": "200141.10556793213",
        "cumulative": true
    },
    {
        "date": "2020-09-11T12:42:30Z",
        "value": "201001.22276115417",
        "cumulative": true
    },
    {
        "date": "2020-09-11T12:42:41Z",
        "value": "201718.65035820007",
        "cumulative": true
    },
    {
        "date": "2020-09-11T12:43:01Z",
        "value": "202942.9819984436",
        "cumulative": true
    },
    {
        "date": "2020-09-11T12:43:17Z",
        "value": "203943.75688362122",
        "cumulative": true
    },
    {
        "date": "2020-09-11T12:43:28Z",
        "value": "204664.097366333",
        "cumulative": true
    },
    {
        "date": "2020-09-11T12:43:45Z",
        "value": "205781.61949157715",
        "cumulative": true
    },
    {
        "date": "2020-09-11T12:43:59Z",
        "value": "206665.6477203369",
        "cumulative": true
    },
    {
        "date": "2020-09-11T12:44:16Z",
        "value": "207755.76829719543",
        "cumulative": true
    },
    {
        "date": "2020-09-11T12:44:33Z",
        "value": "209714.0044708252",
        "cumulative": true
    },
    {
        "date": "2020-09-11T12:44:44Z",
        "value": "212152.6714744568",
        "cumulative": true
    },
    {
        "date": "2020-09-11T12:45:04Z",
        "value": "216675.62692070007",
        "cumulative": true
    },
    {
        "date": "2020-09-11T12:45:19Z",
        "value": "220184.25070762634",
        "cumulative": true
    },
    {
        "date": "2020-09-11T12:45:39Z",
        "value": "224680.10465240479",
        "cumulative": true
    },
    {
        "date": "2020-09-11T12:45:55Z",
        "value": "228225.95848083496",
        "cumulative": true
    },
    {
        "date": "2020-09-11T12:46:11Z",
        "value": "231704.79634094238",
        "cumulative": true
    },
    {
        "date": "2020-09-11T12:46:27Z",
        "value": "235370.48510360718",
        "cumulative": true
    },
    {
        "date": "2020-09-11T12:46:46Z",
        "value": "239762.47063827515",
        "cumulative": true
    },
    {
        "date": "2020-09-11T12:47:04Z",
        "value": "243640.10842704773",
        "cumulative": true
    },
    {
        "date": "2020-09-11T12:47:18Z",
        "value": "245680.08940410614",
        "cumulative": true
    },
    {
        "date": "2020-09-11T12:47:31Z",
        "value": "246542.11752796173",
        "cumulative": true
    },
    {
        "date": "2020-09-11T12:47:42Z",
        "value": "247238.28118610382",
        "cumulative": true
    },
    {
        "date": "2020-09-11T12:47:57Z",
        "value": "248324.5863046646",
        "cumulative": true
    },
    {
        "date": "2020-09-11T12:48:09Z",
        "value": "249053.461728096",
        "cumulative": true
    },
    {
        "date": "2020-09-11T12:48:25Z",
        "value": "250043.53254413605",
        "cumulative": true
    },
    {
        "date": "2020-09-11T12:48:37Z",
        "value": "250863.93758678436",
        "cumulative": true
    },
    {
        "date": "2020-09-11T12:48:52Z",
        "value": "251801.9305410385",
        "cumulative": true
    },
    {
        "date": "2020-09-11T12:49:11Z",
        "value": "253055.26065158844",
        "cumulative": true
    },
    {
        "date": "2020-09-11T12:49:22Z",
        "value": "253779.48491573334",
        "cumulative": true
    },
    {
        "date": "2020-09-11T12:49:32Z",
        "value": "254425.65417575836",
        "cumulative": true
    },
    {
        "date": "2020-09-11T12:49:45Z",
        "value": "255219.02266025543",
        "cumulative": true
    },
    {
        "date": "2020-09-11T12:49:57Z",
        "value": "255941.9773683548",
        "cumulative": true
    },
    {
        "date": "2020-09-11T12:50:14Z",
        "value": "257046.3765115738",
        "cumulative": true
    },
    {
        "date": "2020-09-11T12:50:31Z",
        "value": "258123.98196315765",
        "cumulative": true
    },
    {
        "date": "2020-09-11T12:50:49Z",
        "value": "259266.5190820694",
        "cumulative": true
    },
    {
        "date": "2020-09-11T12:51:04Z",
        "value": "260253.28779888153",
        "cumulative": true
    },
    {
        "date": "2020-09-11T12:51:15Z",
        "value": "260908.6470594406",
        "cumulative": true
    },
    {
        "date": "2020-09-11T12:51:25Z",
        "value": "261579.49804019928",
        "cumulative": true
    },
    {
        "date": "2020-09-11T12:51:37Z",
        "value": "262302.2175397873",
        "cumulative": true
    },
    {
        "date": "2020-09-11T12:51:54Z",
        "value": "263434.5374240875",
        "cumulative": true
    },
    {
        "date": "2020-09-11T12:52:10Z",
        "value": "267102.77016448975",
        "cumulative": true
    },
    {
        "date": "2020-09-11T12:52:26Z",
        "value": "270807.4186229706",
        "cumulative": true
    },
    {
        "date": "2020-09-11T12:52:39Z",
        "value": "273579.06909942627",
        "cumulative": true
    },
    {
        "date": "2020-09-11T12:52:57Z",
        "value": "277626.226896286",
        "cumulative": true
    },
    {
        "date": "2020-09-11T12:53:08Z",
        "value": "280063.24419021606",
        "cumulative": true
    },
    {
        "date": "2020-09-11T12:53:19Z",
        "value": "282479.0451965332",
        "cumulative": true
    },
    {
        "date": "2020-09-11T12:53:33Z",
        "value": "286077.0276927948",
        "cumulative": true
    },
    {
        "date": "2020-09-11T12:53:51Z",
        "value": "290138.0215110779",
        "cumulative": true
    },
    {
        "date": "2020-09-11T12:54:07Z",
        "value": "293482.4482975006",
        "cumulative": true
    },
    {
        "date": "2020-09-11T12:54:26Z",
        "value": "297829.9495315552",
        "cumulative": true
    },
    {
        "date": "2020-09-11T12:54:42Z",
        "value": "301428.10379600525",
        "cumulative": true
    },
    {
        "date": "2020-09-11T12:54:54Z",
        "value": "304319.029466629",
        "cumulative": true
    },
    {
        "date": "2020-09-11T12:55:12Z",
        "value": "308533.56921577454",
        "cumulative": true
    },
    {
        "date": "2020-09-11T12:55:31Z",
        "value": "310626.7318754196",
        "cumulative": true
    },
    {
        "date": "2020-09-11T12:55:50Z",
        "value": "311976.5326051712",
        "cumulative": true
    },
    {
        "date": "2020-09-11T12:56:04Z",
        "value": "312895.5353631973",
        "cumulative": true
    },
    {
        "date": "2020-09-11T12:56:22Z",
        "value": "314042.3719148636",
        "cumulative": true
    },
    {
        "date": "2020-09-11T12:56:38Z",
        "value": "315008.9729681015",
        "cumulative": true
    },
    {
        "date": "2020-09-11T12:56:58Z",
        "value": "316330.4655046463",
        "cumulative": true
    },
    {
        "date": "2020-09-11T12:57:12Z",
        "value": "317233.13474941254",
        "cumulative": true
    },
    {
        "date": "2020-09-11T12:57:31Z",
        "value": "318393.4777402878",
        "cumulative": true
    },
    {
        "date": "2020-09-11T12:57:49Z",
        "value": "319590.06974697113",
        "cumulative": true
    },
    {
        "date": "2020-09-11T12:58:07Z",
        "value": "320703.81855106354",
        "cumulative": true
    },
    {
        "date": "2020-09-11T12:58:23Z",
        "value": "321822.07494831085",
        "cumulative": true
    },
    {
        "date": "2020-09-11T12:58:39Z",
        "value": "322773.2243757248",
        "cumulative": true
    },
    {
        "date": "2020-09-11T12:58:52Z",
        "value": "323668.7434988022",
        "cumulative": true
    },
    {
        "date": "2020-09-11T12:59:07Z",
        "value": "324599.19769763947",
        "cumulative": true
    },
    {
        "date": "2020-09-11T12:59:22Z",
        "value": "325539.9918355942",
        "cumulative": true
    },
    {
        "date": "2020-09-11T12:59:38Z",
        "value": "326631.83916568756",
        "cumulative": true
    },
    {
        "date": "2020-09-11T12:59:51Z",
        "value": "327392.4422082901",
        "cumulative": true
    },
    {
        "date": "2020-09-11T13:00:04Z",
        "value": "328265.9902276993",
        "cumulative": true
    },
    {
        "date": "2020-09-11T13:00:18Z",
        "value": "329148.5034303665",
        "cumulative": true
    },
    {
        "date": "2020-09-11T13:00:28Z",
        "value": "329816.95944690704",
        "cumulative": true
    },
    {
        "date": "2020-09-11T13:00:40Z",
        "value": "330530.74366283417",
        "cumulative": true
    },
    {
        "date": "2020-09-11T13:00:52Z",
        "value": "331280.40168094635",
        "cumulative": true
    },
    {
        "date": "2020-09-11T13:01:07Z",
        "value": "332311.1644067764",
        "cumulative": true
    },
    {
        "date": "2020-09-11T13:01:27Z",
        "value": "335964.40449905396",
        "cumulative": true
    },
    {
        "date": "2020-09-11T13:01:38Z",
        "value": "338428.7193031311",
        "cumulative": true
    },
    {
        "date": "2020-09-11T13:01:53Z",
        "value": "341936.33356666565",
        "cumulative": true
    },
    {
        "date": "2020-09-11T13:02:10Z",
        "value": "345431.24071502686",
        "cumulative": true
    },
    {
        "date": "2020-09-11T13:02:23Z",
        "value": "348428.7099609375",
        "cumulative": true
    },
    {
        "date": "2020-09-11T13:02:39Z",
        "value": "351862.51905059814",
        "cumulative": true
    },
    {
        "date": "2020-09-11T13:02:55Z",
        "value": "355368.24925613403",
        "cumulative": true
    },
    {
        "date": "2020-09-11T13:03:07Z",
        "value": "358281.16956710815",
        "cumulative": true
    },
    {
        "date": "2020-09-11T13:03:25Z",
        "value": "362357.4258708954",
        "cumulative": true
    },
    {
        "date": "2020-09-11T13:03:39Z",
        "value": "365405.53104400635",
        "cumulative": true
    },
    {
        "date": "2020-09-11T13:03:54Z",
        "value": "368783.4475593567",
        "cumulative": true
    },
    {
        "date": "2020-09-11T13:04:09Z",
        "value": "372283.8221435547",
        "cumulative": true
    },
    {
        "date": "2020-09-11T13:04:19Z",
        "value": "374627.2822532654",
        "cumulative": true
    },
    {
        "date": "2020-09-11T13:04:37Z",
        "value": "378710.9779186249",
        "cumulative": true
    },
    {
        "date": "2020-09-11T13:04:55Z",
        "value": "382795.963722229",
        "cumulative": true
    },
    {
        "date": "2020-09-11T13:05:08Z",
        "value": "385721.72324180603",
        "cumulative": true
    },
    {
        "date": "2020-09-11T13:05:22Z",
        "value": "389117.0484485626",
        "cumulative": true
    },
    {
        "date": "2020-09-11T13:05:34Z",
        "value": "391282.38463020325",
        "cumulative": true
    },
    {
        "date": "2020-09-11T13:05:45Z",
        "value": "391925.5835208893",
        "cumulative": true
    },
    {
        "date": "2020-09-11T13:05:56Z",
        "value": "392730.55899238586",
        "cumulative": true
    },
    {
        "date": "2020-09-11T13:06:09Z",
        "value": "393597.7919654846",
        "cumulative": true
    },
    {
        "date": "2020-09-11T13:06:28Z",
        "value": "394793.1432056427",
        "cumulative": true
    },
    {
        "date": "2020-09-11T13:06:47Z",
        "value": "396054.2362270355",
        "cumulative": true
    },
    {
        "date": "2020-09-11T13:07:03Z",
        "value": "397063.78759765625",
        "cumulative": true
    },
    {
        "date": "2020-09-11T13:07:22Z",
        "value": "398279.5085468292",
        "cumulative": true
    },
    {
        "date": "2020-09-11T13:07:34Z",
        "value": "399083.9866371155",
        "cumulative": true
    },
    {
        "date": "2020-09-11T13:07:49Z",
        "value": "400004.24837493896",
        "cumulative": true
    },
    {
        "date": "2020-09-11T13:08:02Z",
        "value": "400837.53299713135",
        "cumulative": true
    },
    {
        "date": "2020-09-11T13:08:14Z",
        "value": "401539.87162971497",
        "cumulative": true
    },
    {
        "date": "2020-09-11T13:08:28Z",
        "value": "402555.7301559448",
        "cumulative": true
    },
    {
        "date": "2020-09-11T13:08:40Z",
        "value": "403248.91928863525",
        "cumulative": true
    },
    {
        "date": "2020-09-11T13:08:52Z",
        "value": "404023.8320713043",
        "cumulative": true
    },
    {
        "date": "2020-09-11T13:09:05Z",
        "value": "404870.4531440735",
        "cumulative": true
    },
    {
        "date": "2020-09-11T13:09:20Z",
        "value": "405807.6726875305",
        "cumulative": true
    },
    {
        "date": "2020-09-11T13:09:33Z",
        "value": "406678.96821022034",
        "cumulative": true
    },
    {
        "date": "2020-09-11T13:09:49Z",
        "value": "407765.27677345276",
        "cumulative": true
    },
    {
        "date": "2020-09-11T13:10:00Z",
        "value": "408396.3649902344",
        "cumulative": true
    },
    {
        "date": "2020-09-11T13:10:12Z",
        "value": "409213.4965991974",
        "cumulative": true
    },
    {
        "date": "2020-09-11T13:10:24Z",
        "value": "409871.73847961426",
        "cumulative": true
    },
    {
        "date": "2020-09-11T13:10:38Z",
        "value": "410793.5769634247",
        "cumulative": true
    },
    {
        "date": "2020-09-11T13:10:57Z",
        "value": "412108.5310726166",
        "cumulative": true
    },
    {
        "date": "2020-09-11T13:11:14Z",
        "value": "413091.5414237976",
        "cumulative": true
    },
    {
        "date": "2020-09-11T13:11:33Z",
        "value": "414423.12486839294",
        "cumulative": true
    },
    {
        "date": "2020-09-11T13:11:46Z",
        "value": "415144.7637348175",
        "cumulative": true
    },
    {
        "date": "2020-09-11T13:11:58Z",
        "value": "415952.3006076813",
        "cumulative": true
    },
    {
        "date": "2020-09-11T13:12:11Z",
        "value": "416780.7682723999",
        "cumulative": true
    },
    {
        "date": "2020-09-11T13:12:26Z",
        "value": "417801.82503318787",
        "cumulative": true
    },
    {
        "date": "2020-09-11T13:12:42Z",
        "value": "418788.3440361023",
        "cumulative": true
    },
    {
        "date": "2020-09-11T13:13:01Z",
        "value": "419922.228975296",
        "cumulative": true
    }
]