[
    {
        "date": "2020-09-11T12:18:00Z",
        "value": "0.00678521",
        "cumulative": false
    },
    {
        "date": "2020-09-11T12:18:11Z",
        "value": "0.143351749",
        "cumulative": false
    },
    {
        "date": "2020-09-11T12:18:30Z",
        "value": "0.973308746",
        "cumulative": false
    },
    {
        "date": "2020-09-11T12:18:45Z",
        "value": "1.407928799",
        "cumulative": false
    },
    {
        "date": "2020-09-11T12:18:58Z",
        "value": "1.155568221",
        "cumulative": false
    },
    {
        "date": "2020-09-11T12:19:10Z",
        "value": "0.801709631",
        "cumulative": false
    },
    {
        "date": "2020-09-11T12:19:21Z",
        "value": "0.92380671",
        "cumulative": false
    },
    {
        "date": "2020-09-11T12:19:34Z",
        "value": "0.867967445",
        "cumulative": false
    },
    {
        "date": "2020-09-11T12:19:49Z",
        "value": "0.897846944",
        "cumulative": false
    },
    {
        "date": "2020-09-11T12:19:59Z",
        "value": "1.000739798",
        "cumulative": false
    },
    {
        "date": "2020-09-11T12:20:17Z",
        "value": "0.825659499",
        "cumulative": false
    },
    {
        "date": "2020-09-11T12:20:27Z",
        "value": "0.95896408",
        "cumulative": false
    },
    {
        "date": "2020-09-11T12:20:46Z",
        "value": "0.856704103",
        "cumulative": false
    },
    {
        "date": "2020-09-11T12:20:58Z",
        "value": "0.837123112",
        "cumulative": false
    },
    {
        "date": "2020-09-11T12:21:14Z",
        "value": "0.781467501",
        "cumulative": false
    },
    {
        "date": "2020-09-11T12:21:27Z",
        "value": "1.035199571",
        "cumulative": false
    },
    {
        "date": "2020-09-11T12:21:45Z",
        "value": "0.630572837",
        "cumulative": false
    },
    {
        "date": "2020-09-11T12:22:02Z",
        "value": "0.964495664",
        "cumulative": false
    },
    {
        "date": "2020-09-11T12:22:14Z",
        "value": "1.002811281",
        "cumulative": false
    },
    {
        "date": "2020-09-11T12:22:25Z",
        "value": "0.630317084",
        "cumulative": false
    },
    {
        "date": "2020-09-11T12:22:39Z",
        "value": "0.61888243",
        "cumulative": false
    },
    {
        "date": "2020-09-11T12:22:51Z",
        "value": "1.030700146",
        "cumulative": false
    },
    {
        "date": "2020-09-11T12:23:02Z",
        "value": "1.039775756",
        "cumulative": false
    },
    {
        "date": "2020-09-11T12:23:20Z",
        "value": "0.889985654",
        "cumulative": false
    },
    {
        "date": "2020-09-11T12:23:34Z",
        "value": "0.617240163",
        "cumulative": false
    },
    {
        "date": "2020-09-11T12:23:50Z",
        "value": "0.691550625",
        "cumulative": false
    },
    {
        "date": "2020-09-11T12:24:00Z",
        "value": "1.020631246",
        "cumulative": false
    },
    {
        "date": "2020-09-11T12:24:13Z",
        "value": "1.036261741",
        "cumulative": false
    },
    {
        "date": "2020-09-11T12:24:28Z",
        "value": "1.042875621",
        "cumulative": false
    },
    {
        "date": "2020-09-11T12:24:39Z",
        "value": "0.753650948",
        "cumulative": false
    },
    {
        "date": "2020-09-11T12:24:51Z",
        "value": "0.599054603",
        "cumulative": false
    },
    {
        "date": "2020-09-11T12:25:10Z",
        "value": "0.645258439",
        "cumulative": false
    },
    {
        "date": "2020-09-11T12:25:29Z",
        "value": "1.026897148",
        "cumulative": false
    },
    {
        "date": "2020-09-11T12:25:48Z",
        "value": "1.035568411",
        "cumulative": false
    },
    {
        "date": "2020-09-11T12:26:05Z",
        "value": "1.060540523",
        "cumulative": false
    },
    {
        "date": "2020-09-11T12:26:24Z",
        "value": "0.641951891",
        "cumulative": false
    },
    {
        "date": "2020-09-11T12:26:43Z",
        "value": "0.597223471",
        "cumulative": false
    },
    {
        "date": "2020-09-11T12:27:00Z",
        "value": "0.634827777",
        "cumulative": false
    },
    {
        "date": "2020-09-11T12:27:14Z",
        "value": "1.008844483",
        "cumulative": false
    },
    {
        "date": "2020-09-11T12:27:34Z",
        "value": "1.025355926",
        "cumulative": false
    },
    {
        "date": "2020-09-11T12:27:46Z",
        "value": "1.018212076",
        "cumulative": false
    },
    {
        "date": "2020-09-11T12:27:57Z",
        "value": "1.000154385",
        "cumulative": false
    },
    {
        "date": "2020-09-11T12:28:08Z",
        "value": "1.021944865",
        "cumulative": false
    },
    {
        "date": "2020-09-11T12:28:21Z",
        "value": "0.779547102",
        "cumulative": false
    },
    {
        "date": "2020-09-11T12:28:35Z",
        "value": "0.573978224",
        "cumulative": false
    },
    {
        "date": "2020-09-11T12:28:53Z",
        "value": "0.588394487",
        "cumulative": false
    },
    {
        "date": "2020-09-11T12:29:11Z",
        "value": "0.623506224",
        "cumulative": false
    },
    {
        "date": "2020-09-11T12:29:21Z",
        "value": "0.778577917",
        "cumulative": false
    },
    {
        "date": "2020-09-11T12:29:39Z",
        "value": "0.937182066",
        "cumulative": false
    },
    {
        "date": "2020-09-11T12:29:59Z",
        "value": "0.965353269",
        "cumulative": false
    },
    {
        "date": "2020-09-11T12:30:15Z",
        "value": "0.952691035",
        "cumulative": false
    },
    {
        "date": "2020-09-11T12:30:27Z",
        "value": "0.979547112",
        "cumulative": false
    },
    {
        "date": "2020-09-11T12:30:46Z",
        "value": "0.952428732",
        "cumulative": false
    },
    {
        "date": "2020-09-11T12:30:59Z",
        "value": "0.951634565",
        "cumulative": false
    },
    {
        "date": "2020-09-11T12:31:13Z",
        "value": "0.600300725",
        "cumulative": false
    },
    {
        "date": "2020-09-11T12:31:33Z",
        "value": "0.626137613",
        "cumulative": false
    },
    {
        "date": "2020-09-11T12:31:46Z",
        "value": "0.6201689",
        "cumulative": false
    },
    {
        "date": "2020-09-11T12:32:01Z",
        "value": "0.609018949",
        "cumulative": false
    },
    {
        "date": "2020-09-11T12:32:16Z",
        "value": "0.65045462",
        "cumulative": false
    },
    {
        "date": "2020-09-11T12:32:27Z",
        "value": "0.962236041",
        "cumulative": false
    },
    {
        "date": "2020-09-11T12:32:38Z",
        "value": "0.998017806",
        "cumulative": false
    },
    {
        "date": "2020-09-11T12:32:57Z",
        "value": "0.964171127",
        "cumulative": false
    },
    {
        "date": "2020-09-11T12:33:13Z",
        "value": "0.975142534",
        "cumulative": false
    },
    {
        "date": "2020-09-11T12:33:31Z",
        "value": "0.965116307",
        "cumulative": false
    },
    {
        "date": "2020-09-11T12:33:43Z",
        "value": "0.966627035",
        "cumulative": false
    },
    {
        "date": "2020-09-11T12:33:56Z",
        "value": "0.940237037",
        "cumulative": false
    },
    {
        "date": "2020-09-11T12:34:09Z",
        "value": "0.959503059",
        "cumulative": false
    },
    {
        "date": "2020-09-11T12:34:23Z",
        "value": "0.953837362",
        "cumulative": false
    },
    {
        "date": "2020-09-11T12:34:40Z",
        "value": "0.608576844",
        "cumulative": false
    },
    {
        "date": "2020-09-11T12:34:55Z",
        "value": "0.632516927",
        "cumulative": false
    },
    {
        "date": "2020-09-11T12:35:12Z",
        "value": "0.618690479",
        "cumulative": false
    },
    {
        "date": "2020-09-11T12:35:24Z",
        "value": "0.596749106",
        "cumulative": false
    },
    {
        "date": "2020-09-11T12:35:39Z",
        "value": "0.600158797",
        "cumulative": false
    },
    {
        "date": "2020-09-11T12:35:55Z",
        "value": "0.578325253",
        "cumulative": false
    },
    {
        "date": "2020-09-11T12:36:11Z",
        "value": "0.780864729",
        "cumulative": false
    },
    {
        "date": "2020-09-11T12:36:21Z",
        "value": "0.966271399",
        "cumulative": false
    },
    {
        "date": "2020-09-11T12:36:38Z",
        "value": "0.979571967",
        "cumulative": false
    },
    {
        "date": "2020-09-11T12:36:54Z",
        "value": "0.966131267",
        "cumulative": false
    },
    {
        "date": "2020-09-11T12:37:06Z",
        "value": "0.962574099",
        "cumulative": false
    },
    {
        "date": "2020-09-11T12:37:26Z",
        "value": "0.951698403",
        "cumulative": false
    },
    {
        "date": "2020-09-11T12:37:39Z",
        "value": "1.003753523",
        "cumulative": false
    },
    {
        "date": "2020-09-11T12:37:56Z",
        "value": "0.987024661",
        "cumulative": false
    },
    {
        "date": "2020-09-11T12:38:09Z",
        "value": "0.987261365",
        "cumulative": false
    },
    {
        "date": "2020-09-11T12:38:22Z",
        "value": "0.98078014",
        "cumulative": false
    },
    {
        "date": "2020-09-11T12:38:38Z",
        "value": "0.961384876",
        "cumulative": false
    },
    {
        "date": "2020-09-11T12:38:53Z",
        "value": "0.73693273",
        "cumulative": false
    },
    {
        "date": "2020-09-11T12:39:08Z",
        "value": "0.630805702",
        "cumulative": false
    },
    {
        "date": "2020-09-11T12:39:26Z",
        "value": "0.601327109",
        "cumulative": false
    },
    {
        "date": "2020-09-11T12:39:42Z",
        "value": "0.618371675",
        "cumulative": false
    },
    {
        "date": "2020-09-11T12:39:53Z",
        "value": "0.597533528",
        "cumulative": false
    },
    {
        "date": "2020-09-11T12:40:07Z",
        "value": "0.639226362",
        "cumulative": false
    },
    {
        "date": "2020-09-11T12:40:22Z",
        "value": "0.601596074",
        "cumulative": false
    },
    {
        "date": "2020-09-11T12:40:41Z",
        "value": "0.586305678",
        "cumulative": false
    },
    {
        "date": "2020-09-11T12:40:56Z",
        "value": "0.787747987",
        "cumulative": false
    },
    {
        "date": "2020-09-11T12:41:14Z",
        "value": "0.897686034",
        "cumulative": false
    },
    {
        "date": "2020-09-11T12:41:33Z",
        "value": "0.905691845",
        "cumulative": false
    },
    {
        "date": "2020-09-11T12:41:43Z",
        "value": "0.881124798",
        "cumulative": false
    },
    {
        "date": "2020-09-11T12:41:57Z",
        "value": "0.883745273",
        "cumulative": false
    },
    {
        "date": "2020-09-11T12:42:16Z",
        "value": "0.850752985",
        "cumulative": false
    },
    {
        "date": "2020-09-11T12:42:30Z",
        "value": "0.829349507",
        "cumulative": false
    },
    {
        "date": "2020-09-11T12:42:47Z",
        "value": "0.839425674",
        "cumulative": false
    },
    {
        "date": "2020-09-11T12:42:59Z",
        "value": "0.840093785",
        "cumulative": false
    },
    {
        "date": "2020-09-11T12:43:10Z",
        "value": "0.855838408",
        "cumulative": false
    },
    {
        "date": "2020-09-11T12:43:26Z",
        "value": "0.856078104",
        "cumulative": false
    },
    {
        "date": "2020-09-11T12:43:45Z",
        "value": "0.865767259",
        "cumulative": false
    },
    {
        "date": "2020-09-11T12:44:04Z",
        "value": "0.846012249",
        "cumulative": false
    },
    {
        "date": "2020-09-11T12:44:24Z",
        "value": "0.855166038",
        "cumulative": false
    },
    {
        "date": "2020-09-11T12:44:38Z",
        "value": "0.70946864",
        "cumulative": false
    },
    {
        "date": "2020-09-11T12:44:54Z",
        "value": "0.593173837",
        "cumulative": false
    },
    {
        "date": "2020-09-11T12:45:08Z",
        "value": "0.614857879",
        "cumulative": false
    },
    {
        "date": "2020-09-11T12:45:25Z",
        "value": "0.59976794",
        "cumulative": false
    },
    {
        "date": "2020-09-11T12:45:36Z",
        "value": "0.611750736",
        "cumulative": false
    },
    {
        "date": "2020-09-11T12:45:49Z",
        "value": "0.638769448",
        "cumulative": false
    },
    {
        "date": "2020-09-11T12:46:01Z",
        "value": "0.566124555",
        "cumulative": false
    },
    {
        "date": "2020-09-11T12:46:12Z",
        "value": "0.571622054",
        "cumulative": false
    },
    {
        "date": "2020-09-11T12:46:27Z",
        "value": "0.61673844",
        "cumulative": false
    },
    {
        "date": "2020-09-11T12:46:47Z",
        "value": "0.609439855",
        "cumulative": false
    },
    {
        "date": "2020-09-11T12:47:02Z",
        "value": "0.580806835",
        "cumulative": false
    },
    {
        "date": "2020-09-11T12:47:20Z",
        "value": "0.76729841",
        "cumulative": false
    },
    {
        "date": "2020-09-11T12:47:35Z",
        "value": "0.877651103",
        "cumulative": false
    },
    {
        "date": "2020-09-11T12:47:48Z",
        "value": "0.908193748",
        "cumulative": false
    },
    {
        "date": "2020-09-11T12:48:03Z",
        "value": "0.889242407",
        "cumulative": false
    },
    {
        "date": "2020-09-11T12:48:15Z",
        "value": "0.846715079",
        "cumulative": false
    },
    {
        "date": "2020-09-11T12:48:27Z",
        "value": "0.838162601",
        "cumulative": false
    },
    {
        "date": "2020-09-11T12:48:41Z",
        "value": "0.882271169",
        "cumulative": false
    },
    {
        "date": "2020-09-11T12:48:58Z",
        "value": "0.87305503",
        "cumulative": false
    },
    {
        "date": "2020-09-11T12:49:08Z",
        "value": "0.880145916",
        "cumulative": false
    },
    {
        "date": "2020-09-11T12:49:23Z",
        "value": "0.872354798",
        "cumulative": false
    },
    {
        "date": "2020-09-11T12:49:37Z",
        "value": "0.88431803",
        "cumulative": false
    },
    {
        "date": "2020-09-11T12:49:54Z",
        "value": "0.858381923",
        "cumulative": false
    },
    {
        "date": "2020-09-11T12:50:05Z",
        "value": "0.857223574",
        "cumulative": false
    },
    {
        "date": "2020-09-11T12:50:16Z",
        "value": "0.889606876",
        "cumulative": false
    },
    {
        "date": "2020-09-11T12:50:28Z",
        "value": "0.852995859",
        "cumulative": false
    },
    {
        "date": "2020-09-11T12:50:45Z",
        "value": "0.898416794",
        "cumulative": false
    },
    {
        "date": "2020-09-11T12:50:55Z",
        "value": "0.872745964",
        "cumulative": false
    },
    {
        "date": "2020-09-11T12:51:11Z",
        "value": "0.880201092",
        "cumulative": false
    },
    {
        "date": "2020-09-11T12:51:22Z",
        "value": "0.863379608",
        "cumulative": false
    },
    {
        "date": "2020-09-11T12:51:37Z",
        "value": "0.849468699",
        "cumulative": false
    },
    {
        "date": "2020-09-11T12:51:57Z",
        "value": "0.817956705",
        "cumulative": false
    },
    {
        "date": "2020-09-11T12:52:14Z",
        "value": "0.610209183",
        "cumulative": false
    },
    {
        "date": "2020-09-11T12:52:30Z",
        "value": "0.598075365",
        "cumulative": false
    },
    {
        "date": "2020-09-11T12:52:43Z",
        "value": "0.614915763",
        "cumulative": false
    },
    {
        "date": "2020-09-11T12:53:00Z",
        "value": "0.577855791",
        "cumulative": false
    },
    {
        "date": "2020-09-11T12:53:19Z",
        "value": "0.635861456",
        "cumulative": false
    },
    {
        "date": "2020-09-11T12:53:33Z",
        "value": "0.632292206",
        "cumulative": false
    },
    {
        "date": "2020-09-11T12:53:51Z",
        "value": "0.62291671",
        "cumulative": false
    },
    {
        "date": "2020-09-11T12:54:04Z",
        "value": "0.593063122",
        "cumulative": false
    },
    {
        "date": "2020-09-11T12:54:23Z",
        "value": "0.615094692",
        "cumulative": false
    },
    {
        "date": "2020-09-11T12:54:34Z",
        "value": "0.608787933",
        "cumulative": false
    },
    {
        "date": "2020-09-11T12:54:49Z",
        "value": "0.642232345",
        "cumulative": false
    },
    {
        "date": "2020-09-11T12:55:00Z",
        "value": "0.591402299",
        "cumulative": false
    },
    {
        "date": "2020-09-11T12:55:15Z",
        "value": "0.631785796",
        "cumulative": false
    },
    {
        "date": "2020-09-11T12:55:26Z",
        "value": "0.882432676",
        "cumulative": false
    },
    {
        "date": "2020-09-11T12:55:40Z",
        "value": "0.941360133",
        "cumulative": false
    },
    {
        "date": "2020-09-11T12:56:00Z",
        "value": "0.927550464",
        "cumulative": false
    },
    {
        "date": "2020-09-11T12:56:10Z",
        "value": "0.895671648",
        "cumulative": false
    },
    {
        "date": "2020-09-11T12:56:28Z",
        "value": "0.864616401",
        "cumulative": false
    },
    {
        "date": "2020-09-11T12:56:42Z",
        "value": "0.863357642",
        "cumulative": false
    },
    {
        "date": "2020-09-11T12:57:02Z",
        "value": "0.867432728",
        "cumulative": false
    },
    {
        "date": "2020-09-11T12:57:18Z",
        "value": "0.827935146",
        "cumulative": false
    },
    {
        "date": "2020-09-11T12:57:30Z",
        "value": "0.859805165",
        "cumulative": false
    },
    {
        "date": "2020-09-11T12:57:50Z",
        "value": "0.887149792",
        "cumulative": false
    },
    {
        "date": "2020-09-11T12:58:03Z",
        "value": "0.868678282",
        "cumulative": false
    },
    {
        "date": "2020-09-11T12:58:13Z",
        "value": "0.868959078",
        "cumulative": false
    },
    {
        "date": "2020-09-11T12:58:28Z",
        "value": "0.880499801",
        "cumulative": false
    },
    {
        "date": "2020-09-11T12:58:39Z",
        "value": "0.898933248",
        "cumulative": false
    },
    {
        "date": "2020-09-11T12:58:50Z",
        "value": "0.876254235",
        "cumulative": false
    },
    {
        "date": "2020-09-11T12:59:04Z",
        "value": "0.856188007",
        "cumulative": false
    },
    {
        "date": "2020-09-11T12:59:24Z",
        "value": "0.849809144",
        "cumulative": false
    },
    {
        "date": "2020-09-11T12:59:38Z",
        "value": "0.878854748",
        "cumulative": false
    },
    {
        "date": "2020-09-11T12:59:57Z",
        "value": "0.848773216",
        "cumulative": false
    },
    {
        "date": "2020-09-11T13:00:09Z",
        "value": "0.843521949",
        "cumulative": false
    },
    {
        "date": "2020-09-11T13:00:27Z",
        "value": "0.840389093",
        "cumulative": false
    },
    {
        "date": "2020-09-11T13:00:44Z",
        "value": "0.872653705",
        "cumulative": false
    },
    {
        "date": "2020-09-11T13:00:59Z",
        "value": "0.85747917",
        "cumulative": false
    },
    {
        "date": "2020-09-11T13:01:17Z",
        "value": "0.76576419",
        "cumulative": false
    },
    {
        "date": "2020-09-11T13:01:35Z",
        "value": "0.617443767",
        "cumulative": false
    },
    {
        "date": "2020-09-11T13:01:46Z",
        "value": "0.64236012",
        "cumulative": false
    },
    {
        "date": "2020-09-11T13:02:02Z",
        "value": "0.591443801",
        "cumulative": false
    },
    {
        "date": "2020-09-11T13:02:14Z",
        "value": "0.554899476",
        "cumulative": false
    },
    {
        "date": "2020-09-11T13:02:33Z",
        "value": "0.601772598",
        "cumulative": false
    },
    {
        "date": "2020-09-11T13:02:49Z",
        "value": "0.571510572",
        "cumulative": false
    },
    {
        "date": "2020-09-11T13:03:08Z",
        "value": "0.608601598",
        "cumulative": false
    },
    {
        "date": "2020-09-11T13:03:25Z",
        "value": "0.586311752",
        "cumulative": false
    },
    {
        "date": "2020-09-11T13:03:42Z",
        "value": "0.600242024",
        "cumulative": false
    },
    {
        "date": "2020-09-11T13:03:59Z",
        "value": "0.618615811",
        "cumulative": false
    },
    {
        "date": "2020-09-11T13:04:11Z",
        "value": "0.599673948",
        "cumulative": false
    },
    {
        "date": "2020-09-11T13:04:29Z",
        "value": "0.624165789",
        "cumulative": false
    },
    {
        "date": "2020-09-11T13:04:42Z",
        "value": "0.639331705",
        "cumulative": false
    },
    {
        "date": "2020-09-11T13:04:55Z",
        "value": "0.576270145",
        "cumulative": false
    },
    {
        "date": "2020-09-11T13:05:14Z",
        "value": "0.588248327",
        "cumulative": false
    },
    {
        "date": "2020-09-11T13:05:28Z",
        "value": "0.604115974",
        "cumulative": false
    },
    {
        "date": "2020-09-11T13:05:44Z",
        "value": "0.889600624",
        "cumulative": false
    },
    {
        "date": "2020-09-11T13:05:57Z",
        "value": "0.875995083",
        "cumulative": false
    },
    {
        "date": "2020-09-11T13:06:11Z",
        "value": "0.876273754",
        "cumulative": false
    },
    {
        "date": "2020-09-11T13:06:27Z",
        "value": "0.891104971",
        "cumulative": false
    },
    {
        "date": "2020-09-11T13:06:42Z",
        "value": "0.86668644",
        "cumulative": false
    },
    {
        "date": "2020-09-11T13:06:56Z",
        "value": "0.892912487",
        "cumulative": false
    },
    {
        "date": "2020-09-11T13:07:14Z",
        "value": "0.827668645",
        "cumulative": false
    },
    {
        "date": "2020-09-11T13:07:33Z",
        "value": "0.858310703",
        "cumulative": false
    },
    {
        "date": "2020-09-11T13:07:51Z",
        "value": "0.85255921",
        "cumulative": false
    },
    {
        "date": "2020-09-11T13:08:01Z",
        "value": "0.821006017",
        "cumulative": false
    },
    {
        "date": "2020-09-11T13:08:17Z",
        "value": "0.852084695",
        "cumulative": false
    },
    {
        "date": "2020-09-11T13:08:31Z",
        "value": "0.854783972",
        "cumulative": false
    },
    {
        "date": "2020-09-11T13:08:47Z",
        "value": "0.858694967",
        "cumulative": false
    },
    {
        "date": "2020-09-11T13:09:04Z",
        "value": "0.831859448",
        "cumulative": false
    },
    {
        "date": "2020-09-11T13:09:21Z",
        "value": "0.842640169",
        "cumulative": false
    },
    {
        "date": "2020-09-11T13:09:40Z",
        "value": "0.862237795",
        "cumulative": false
    },
    {
        "date": "2020-09-11T13:09:57Z",
        "value": "0.840695675",
        "cumulative": false
    },
    {
        "date": "2020-09-11T13:10:12Z",
        "value": "0.849550629",
        "cumulative": false
    },
    {
        "date": "2020-09-11T13:10:22Z",
        "value": "0.84907065",
        "cumulative": false
    },
    {
        "date": "2020-09-11T13:10:34Z",
        "value": "0.837763485",
        "cumulative": false
    },
    {
        "date": "2020-09-11T13:10:53Z",
        "value": "0.864768875",
        "cumulative": false
    },
    {
        "date": "2020-09-11T13:11:05Z",
        "value": "0.901855536",
        "cumulative": false
    },
    {
        "date": "2020-09-11T13:11:19Z",
        "value": "0.870011129",
        "cumulative": false
    },
    {
        "date": "2020-09-11T13:11:38Z",
        "value": "0.874221313",
        "cumulative": false
    },
    {
        "date": "2020-09-11T13:11:54Z",
        "value": "0.833268348",
        "cumulative": false
    },
    {
        "date": "2020-09-11T13:12:14Z",
        "value": "0.862179638",
        "cumulative": false
    },
    {
        "date": "2020-09-11T13:12:32Z",
        "value": "0.844341653",
        "cumulative": false
    },
    {
        "date": "2020-09-11T13:12:47Z",
        "value": "0.84564986",
        "cumulative": false
    },
    {
        "date": "2020-09-11T13:13:03Z",
        "value": "0.58332701",
        "cumulative": false
    }
]