[
    {
        "date": "2020-09-11T12:18:05Z",
        "value": "0.021922978",
        "cumulative": false
    },
    {
        "date": "2020-09-11T12:18:21Z",
        "value": "0.647235487",
        "cumulative": false
    },
    {
        "date": "2020-09-11T12:18:34Z",
        "value": "1.301716242",
        "cumulative": false
    },
    {
        "date": "2020-09-11T12:18:48Z",
        "value": "1.410331713",
        "cumulative": false
    },
    {
        "date": "2020-09-11T12:19:05Z",
        "value": "1.031593026",
        "cumulative": false
    },
    {
        "date": "2020-09-11T12:19:24Z",
        "value": "0.904515577",
        "cumulative": false
    },
    {
        "date": "2020-09-11T12:19:41Z",
        "value": "0.969791611",
        "cumulative": false
    },
    {
        "date": "2020-09-11T12:19:53Z",
        "value": "0.814547601",
        "cumulative": false
    },
    {
        "date": "2020-09-11T12:20:04Z",
        "value": "1.005631138",
        "cumulative": false
    },
    {
        "date": "2020-09-11T12:20:23Z",
        "value": "0.922629269",
        "cumulative": false
    },
    {
        "date": "2020-09-11T12:20:38Z",
        "value": "0.742569589",
        "cumulative": false
    },
    {
        "date": "2020-09-11T12:20:49Z",
        "value": "1.103478548",
        "cumulative": false
    },
    {
        "date": "2020-09-11T12:21:05Z",
        "value": "0.690271153",
        "cumulative": false
    },
    {
        "date": "2020-09-11T12:21:20Z",
        "value": "0.999810796",
        "cumulative": false
    },
    {
        "date": "2020-09-11T12:21:30Z",
        "value": "1.032354783",
        "cumulative": false
    },
    {
        "date": "2020-09-11T12:21:43Z",
        "value": "0.582360003",
        "cumulative": false
    },
    {
        "date": "2020-09-11T12:22:01Z",
        "value": "0.948775873",
        "cumulative": false
    },
    {
        "date": "2020-09-11T12:22:16Z",
        "value": "1.018853387",
        "cumulative": false
    },
    {
        "date": "2020-09-11T12:22:32Z",
        "value": "0.593665047",
        "cumulative": false
    },
    {
        "date": "2020-09-11T12:22:43Z",
        "value": "0.82148595",
        "cumulative": false
    },
    {
        "date": "2020-09-11T12:23:02Z",
        "value": "1.052726086",
        "cumulative": false
    },
    {
        "date": "2020-09-11T12:23:14Z",
        "value": "1.034065162",
        "cumulative": false
    },
    {
        "date": "2020-09-11T12:23:26Z",
        "value": "0.61875407",
        "cumulative": false
    },
    {
        "date": "2020-09-11T12:23:41Z",
        "value": "0.596448175",
        "cumulative": false
    },
    {
        "date": "2020-09-11T12:23:53Z",
        "value": "0.876430066",
        "cumulative": false
    },
    {
        "date": "2020-09-11T12:24:11Z",
        "value": "1.05132226",
        "cumulative": false
    },
    {
        "date": "2020-09-11T12:24:29Z",
        "value": "1.020215332",
        "cumulative": false
    },
    {
        "date": "2020-09-11T12:24:41Z",
        "value": "0.725966145",
        "cumulative": false
    },
    {
        "date": "2020-09-11T12:24:56Z",
        "value": "0.614386903",
        "cumulative": false
    },
    {
        "date": "2020-09-11T12:25:13Z",
        "value": "0.708252168",
        "cumulative": false
    },
    {
        "date": "2020-09-11T12:25:25Z",
        "value": "1.009294413",
        "cumulative": false
    },
    {
        "date": "2020-09-11T12:25:41Z",
        "value": "0.997379501",
        "cumulative": false
    },
    {
        "date": "2020-09-11T12:25:57Z",
        "value": "1.031343313",
        "cumulative": false
    },
    {
        "date": "2020-09-11T12:26:12Z",
        "value": "0.898881697",
        "cumulative": false
    },
    {
        "date": "2020-09-11T12:26:28Z",
        "value": "0.589568332",
        "cumulative": false
    },
    {
        "date": "2020-09-11T12:26:44Z",
        "value": "0.585619898",
        "cumulative": false
    },
    {
        "date": "2020-09-11T12:27:01Z",
        "value": "0.651531995",
        "cumulative": false
    },
    {
        "date": "2020-09-11T12:27:19Z",
        "value": "0.988532856",
        "cumulative": false
    },
    {
        "date": "2020-09-11T12:27:37Z",
        "value": "0.998827695",
        "cumulative": false
    },
    {
        "date": "2020-09-11T12:27:56Z",
        "value": "0.991148644",
        "cumulative": false
    },
    {
        "date": "2020-09-11T12:28:12Z",
        "value": "0.990090784",
        "cumulative": false
    },
    {
        "date": "2020-09-11T12:28:26Z",
        "value": "0.644463131",
        "cumulative": false
    },
    {
        "date": "2020-09-11T12:28:43Z",
        "value": "0.591352928",
        "cumulative": false
    },
    {
        "date": "2020-09-11T12:28:58Z",
        "value": "0.581561006",
        "cumulative": false
    },
    {
        "date": "2020-09-11T12:29:14Z",
        "value": "0.603185489",
        "cumulative": false
    },
    {
        "date": "2020-09-11T12:29:30Z",
        "value": "0.870745393",
        "cumulative": false
    },
    {
        "date": "2020-09-11T12:29:45Z",
        "value": "0.893473748",
        "cumulative": false
    },
    {
        "date": "2020-09-11T12:29:57Z",
        "value": "0.927973448",
        "cumulative": false
    },
    {
        "date": "2020-09-11T12:30:13Z",
        "value": "0.888753572",
        "cumulative": false
    },
    {
        "date": "2020-09-11T12:30:25Z",
        "value": "0.910578798",
        "cumulative": false
    },
    {
        "date": "2020-09-11T12:30:42Z",
        "value": "0.890160719",
        "cumulative": false
    },
    {
        "date": "2020-09-11T12:30:59Z",
        "value": "0.898971487",
        "cumulative": false
    },
    {
        "date": "2020-09-11T12:31:13Z",
        "value": "0.562278769",
        "cumulative": false
    },
    {
        "date": "2020-09-11T12:31:25Z",
        "value": "0.60386321",
        "cumulative": false
    },
    {
        "date": "2020-09-11T12:31:42Z",
        "value": "0.606881605",
        "cumulative": false
    },
    {
        "date": "2020-09-11T12:31:54Z",
        "value": "0.594411732",
        "cumulative": false
    },
    {
        "date": "2020-09-11T12:32:10Z",
        "value": "0.591173691",
        "cumulative": false
    },
    {
        "date": "2020-09-11T12:32:29Z",
        "value": "0.844455112",
        "cumulative": false
    },
    {
        "date": "2020-09-11T12:32:47Z",
        "value": "0.936583637",
        "cumulative": false
    },
    {
        "date": "2020-09-11T12:33:05Z",
        "value": "0.942453436",
        "cumulative": false
    },
    {
        "date": "2020-09-11T12:33:17Z",
        "value": "0.937507957",
        "cumulative": false
    },
    {
        "date": "2020-09-11T12:33:32Z",
        "value": "0.922943605",
        "cumulative": false
    },
    {
        "date": "2020-09-11T12:33:46Z",
        "value": "0.93511544",
        "cumulative": false
    },
    {
        "date": "2020-09-11T12:33:59Z",
        "value": "0.931327114",
        "cumulative": false
    },
    {
        "date": "2020-09-11T12:34:17Z",
        "value": "0.93314325",
        "cumulative": false
    },
    {
        "date": "2020-09-11T12:34:35Z",
        "value": "0.744944236",
        "cumulative": false
    },
    {
        "date": "2020-09-11T12:34:52Z",
        "value": "0.594555997",
        "cumulative": false
    },
    {
        "date": "2020-09-11T12:35:12Z",
        "value": "0.616089975",
        "cumulative": false
    },
    {
        "date": "2020-09-11T12:35:25Z",
        "value": "0.578717001",
        "cumulative": false
    },
    {
        "date": "2020-09-11T12:35:38Z",
        "value": "0.607061551",
        "cumulative": false
    },
    {
        "date": "2020-09-11T12:35:57Z",
        "value": "0.572186145",
        "cumulative": false
    },
    {
        "date": "2020-09-11T12:36:08Z",
        "value": "0.750038102",
        "cumulative": false
    },
    {
        "date": "2020-09-11T12:36:20Z",
        "value": "0.957290716",
        "cumulative": false
    },
    {
        "date": "2020-09-11T12:36:38Z",
        "value": "0.943031464",
        "cumulative": false
    },
    {
        "date": "2020-09-11T12:36:50Z",
        "value": "0.965061751",
        "cumulative": false
    },
    {
        "date": "2020-09-11T12:37:02Z",
        "value": "0.969699624",
        "cumulative": false
    },
    {
        "date": "2020-09-11T12:37:19Z",
        "value": "0.927962526",
        "cumulative": false
    },
    {
        "date": "2020-09-11T12:37:36Z",
        "value": "0.981749113",
        "cumulative": false
    },
    {
        "date": "2020-09-11T12:37:54Z",
        "value": "0.958460614",
        "cumulative": false
    },
    {
        "date": "2020-09-11T12:38:04Z",
        "value": "0.976454588",
        "cumulative": false
    },
    {
        "date": "2020-09-11T12:38:23Z",
        "value": "0.968338016",
        "cumulative": false
    },
    {
        "date": "2020-09-11T12:38:41Z",
        "value": "0.931297014",
        "cumulative": false
    },
    {
        "date": "2020-09-11T12:38:59Z",
        "value": "0.633225695",
        "cumulative": false
    },
    {
        "date": "2020-09-11T12:39:17Z",
        "value": "0.599206897",
        "cumulative": false
    },
    {
        "date": "2020-09-11T12:39:34Z",
        "value": "0.572148446",
        "cumulative": false
    },
    {
        "date": "2020-09-11T12:39:54Z",
        "value": "0.58055358",
        "cumulative": false
    },
    {
        "date": "2020-09-11T12:40:07Z",
        "value": "0.622477025",
        "cumulative": false
    },
    {
        "date": "2020-09-11T12:40:23Z",
        "value": "0.59642097",
        "cumulative": false
    },
    {
        "date": "2020-09-11T12:40:43Z",
        "value": "0.592058952",
        "cumulative": false
    },
    {
        "date": "2020-09-11T12:41:01Z",
        "value": "0.85003729",
        "cumulative": false
    },
    {
        "date": "2020-09-11T12:41:13Z",
        "value": "0.903743155",
        "cumulative": false
    },
    {
        "date": "2020-09-11T12:41:33Z",
        "value": "0.926046723",
        "cumulative": false
    },
    {
        "date": "2020-09-11T12:41:46Z",
        "value": "0.902631219",
        "cumulative": false
    },
    {
        "date": "2020-09-11T12:41:58Z",
        "value": "0.892871521",
        "cumulative": false
    },
    {
        "date": "2020-09-11T12:42:15Z",
        "value": "0.897939695",
        "cumulative": false
    },
    {
        "date": "2020-09-11T12:42:26Z",
        "value": "0.864886832",
        "cumulative": false
    },
    {
        "date": "2020-09-11T12:42:42Z",
        "value": "0.868683179",
        "cumulative": false
    },
    {
        "date": "2020-09-11T12:42:57Z",
        "value": "0.854560012",
        "cumulative": false
    },
    {
        "date": "2020-09-11T12:43:07Z",
        "value": "0.858388897",
        "cumulative": false
    },
    {
        "date": "2020-09-11T12:43:23Z",
        "value": "0.872680308",
        "cumulative": false
    },
    {
        "date": "2020-09-11T12:43:36Z",
        "value": "0.871830556",
        "cumulative": false
    },
    {
        "date": "2020-09-11T12:43:49Z",
        "value": "0.889290464",
        "cumulative": false
    },
    {
        "date": "2020-09-11T12:44:02Z",
        "value": "0.845806186",
        "cumulative": false
    },
    {
        "date": "2020-09-11T12:44:20Z",
        "value": "0.869071942",
        "cumulative": false
    },
    {
        "date": "2020-09-11T12:44:33Z",
        "value": "0.768209757",
        "cumulative": false
    },
    {
        "date": "2020-09-11T12:44:46Z",
        "value": "0.600342433",
        "cumulative": false
    },
    {
        "date": "2020-09-11T12:45:04Z",
        "value": "0.601422982",
        "cumulative": false
    },
    {
        "date": "2020-09-11T12:45:21Z",
        "value": "0.595619842",
        "cumulative": false
    },
    {
        "date": "2020-09-11T12:45:37Z",
        "value": "0.599059793",
        "cumulative": false
    },
    {
        "date": "2020-09-11T12:45:56Z",
        "value": "0.594766102",
        "cumulative": false
    },
    {
        "date": "2020-09-11T12:46:08Z",
        "value": "0.561488105",
        "cumulative": false
    },
    {
        "date": "2020-09-11T12:46:19Z",
        "value": "0.571369257",
        "cumulative": false
    },
    {
        "date": "2020-09-11T12:46:35Z",
        "value": "0.609881514",
        "cumulative": false
    },
    {
        "date": "2020-09-11T12:46:54Z",
        "value": "0.581411958",
        "cumulative": false
    },
    {
        "date": "2020-09-11T12:47:11Z",
        "value": "0.579237357",
        "cumulative": false
    },
    {
        "date": "2020-09-11T12:47:30Z",
        "value": "0.927297344",
        "cumulative": false
    },
    {
        "date": "2020-09-11T12:47:42Z",
        "value": "0.921010634",
        "cumulative": false
    },
    {
        "date": "2020-09-11T12:48:01Z",
        "value": "0.913151478",
        "cumulative": false
    },
    {
        "date": "2020-09-11T12:48:11Z",
        "value": "0.892629128",
        "cumulative": false
    },
    {
        "date": "2020-09-11T12:48:28Z",
        "value": "0.837092623",
        "cumulative": false
    },
    {
        "date": "2020-09-11T12:48:43Z",
        "value": "0.876030639",
        "cumulative": false
    },
    {
        "date": "2020-09-11T12:48:54Z",
        "value": "0.876692446",
        "cumulative": false
    },
    {
        "date": "2020-09-11T12:49:09Z",
        "value": "0.880441731",
        "cumulative": false
    },
    {
        "date": "2020-09-11T12:49:21Z",
        "value": "0.853826814",
        "cumulative": false
    },
    {
        "date": "2020-09-11T12:49:37Z",
        "value": "0.848155571",
        "cumulative": false
    },
    {
        "date": "2020-09-11T12:49:53Z",
        "value": "0.829952867",
        "cumulative": false
    },
    {
        "date": "2020-09-11T12:50:08Z",
        "value": "0.829948224",
        "cumulative": false
    },
    {
        "date": "2020-09-11T12:50:26Z",
        "value": "0.843850612",
        "cumulative": false
    },
    {
        "date": "2020-09-11T12:50:40Z",
        "value": "0.849739205",
        "cumulative": false
    },
    {
        "date": "2020-09-11T12:50:59Z",
        "value": "0.835706601",
        "cumulative": false
    },
    {
        "date": "2020-09-11T12:51:14Z",
        "value": "0.842429347",
        "cumulative": false
    },
    {
        "date": "2020-09-11T12:51:31Z",
        "value": "0.830465983",
        "cumulative": false
    },
    {
        "date": "2020-09-11T12:51:42Z",
        "value": "0.821836552",
        "cumulative": false
    },
    {
        "date": "2020-09-11T12:51:55Z",
        "value": "0.816590768",
        "cumulative": false
    },
    {
        "date": "2020-09-11T12:52:14Z",
        "value": "0.595946651",
        "cumulative": false
    },
    {
        "date": "2020-09-11T12:52:25Z",
        "value": "0.554818563",
        "cumulative": false
    },
    {
        "date": "2020-09-11T12:52:40Z",
        "value": "0.594402336",
        "cumulative": false
    },
    {
        "date": "2020-09-11T12:53:00Z",
        "value": "0.555478007",
        "cumulative": false
    },
    {
        "date": "2020-09-11T12:53:19Z",
        "value": "0.605594446",
        "cumulative": false
    },
    {
        "date": "2020-09-11T12:53:34Z",
        "value": "0.61145552",
        "cumulative": false
    },
    {
        "date": "2020-09-11T12:53:50Z",
        "value": "0.586936654",
        "cumulative": false
    },
    {
        "date": "2020-09-11T12:54:07Z",
        "value": "0.580201791",
        "cumulative": false
    },
    {
        "date": "2020-09-11T12:54:23Z",
        "value": "0.584488368",
        "cumulative": false
    },
    {
        "date": "2020-09-11T12:54:38Z",
        "value": "0.581747899",
        "cumulative": false
    },
    {
        "date": "2020-09-11T12:54:53Z",
        "value": "0.605597393",
        "cumulative": false
    },
    {
        "date": "2020-09-11T12:55:12Z",
        "value": "0.599679674",
        "cumulative": false
    },
    {
        "date": "2020-09-11T12:55:29Z",
        "value": "0.817437326",
        "cumulative": false
    },
    {
        "date": "2020-09-11T12:55:43Z",
        "value": "0.928512532",
        "cumulative": false
    },
    {
        "date": "2020-09-11T12:56:02Z",
        "value": "0.914735722",
        "cumulative": false
    },
    {
        "date": "2020-09-11T12:56:14Z",
        "value": "0.848789025",
        "cumulative": false
    },
    {
        "date": "2020-09-11T12:56:25Z",
        "value": "0.835605876",
        "cumulative": false
    },
    {
        "date": "2020-09-11T12:56:41Z",
        "value": "0.84494399",
        "cumulative": false
    },
    {
        "date": "2020-09-11T12:56:55Z",
        "value": "0.83033164",
        "cumulative": false
    },
    {
        "date": "2020-09-11T12:57:07Z",
        "value": "0.872351417",
        "cumulative": false
    },
    {
        "date": "2020-09-11T12:57:24Z",
        "value": "0.853144662",
        "cumulative": false
    },
    {
        "date": "2020-09-11T12:57:41Z",
        "value": "0.859220013",
        "cumulative": false
    },
    {
        "date": "2020-09-11T12:57:54Z",
        "value": "0.873075017",
        "cumulative": false
    },
    {
        "date": "2020-09-11T12:58:13Z",
        "value": "0.854884025",
        "cumulative": false
    },
    {
        "date": "2020-09-11T12:58:27Z",
        "value": "0.871781079",
        "cumulative": false
    },
    {
        "date": "2020-09-11T12:58:42Z",
        "value": "0.875358572",
        "cumulative": false
    },
    {
        "date": "2020-09-11T12:58:59Z",
        "value": "0.856472769",
        "cumulative": false
    },
    {
        "date": "2020-09-11T12:59:11Z",
        "value": "0.825341054",
        "cumulative": false
    },
    {
        "date": "2020-09-11T12:59:23Z",
        "value": "0.846157003",
        "cumulative": false
    },
    {
        "date": "2020-09-11T12:59:35Z",
        "value": "0.859448796",
        "cumulative": false
    },
    {
        "date": "2020-09-11T12:59:46Z",
        "value": "0.883493067",
        "cumulative": false
    },
    {
        "date": "2020-09-11T13:00:05Z",
        "value": "0.851132483",
        "cumulative": false
    },
    {
        "date": "2020-09-11T13:00:15Z",
        "value": "0.844398139",
        "cumulative": false
    },
    {
        "date": "2020-09-11T13:00:31Z",
        "value": "0.845859406",
        "cumulative": false
    },
    {
        "date": "2020-09-11T13:00:50Z",
        "value": "0.830268596",
        "cumulative": false
    },
    {
        "date": "2020-09-11T13:01:00Z",
        "value": "0.860166423",
        "cumulative": false
    },
    {
        "date": "2020-09-11T13:01:18Z",
        "value": "0.753711978",
        "cumulative": false
    },
    {
        "date": "2020-09-11T13:01:36Z",
        "value": "0.592511735",
        "cumulative": false
    },
    {
        "date": "2020-09-11T13:01:53Z",
        "value": "0.573077426",
        "cumulative": false
    },
    {
        "date": "2020-09-11T13:02:03Z",
        "value": "0.560148833",
        "cumulative": false
    },
    {
        "date": "2020-09-11T13:02:19Z",
        "value": "0.570314812",
        "cumulative": false
    },
    {
        "date": "2020-09-11T13:02:39Z",
        "value": "0.57794207",
        "cumulative": false
    },
    {
        "date": "2020-09-11T13:02:51Z",
        "value": "0.596898244",
        "cumulative": false
    },
    {
        "date": "2020-09-11T13:03:07Z",
        "value": "0.63133658",
        "cumulative": false
    },
    {
        "date": "2020-09-11T13:03:19Z",
        "value": "0.535428027",
        "cumulative": false
    },
    {
        "date": "2020-09-11T13:03:36Z",
        "value": "0.562098949",
        "cumulative": false
    },
    {
        "date": "2020-09-11T13:03:48Z",
        "value": "0.625645209",
        "cumulative": false
    },
    {
        "date": "2020-09-11T13:04:07Z",
        "value": "0.612068716",
        "cumulative": false
    },
    {
        "date": "2020-09-11T13:04:19Z",
        "value": "0.586391301",
        "cumulative": false
    },
    {
        "date": "2020-09-11T13:04:30Z",
        "value": "0.606487672",
        "cumulative": false
    },
    {
        "date": "2020-09-11T13:04:48Z",
        "value": "0.587917621",
        "cumulative": false
    },
    {
        "date": "2020-09-11T13:04:58Z",
        "value": "0.579133563",
        "cumulative": false
    },
    {
        "date": "2020-09-11T13:05:11Z",
        "value": "0.593486567",
        "cumulative": false
    },
    {
        "date": "2020-09-11T13:05:24Z",
        "value": "0.58259437",
        "cumulative": false
    },
    {
        "date": "2020-09-11T13:05:44Z",
        "value": "0.840169114",
        "cumulative": false
    },
    {
        "date": "2020-09-11T13:05:54Z",
        "value": "0.85269145",
        "cumulative": false
    },
    {
        "date": "2020-09-11T13:06:08Z",
        "value": "0.906093068",
        "cumulative": false
    },
    {
        "date": "2020-09-11T13:06:24Z",
        "value": "0.901699193",
        "cumulative": false
    },
    {
        "date": "2020-09-11T13:06:38Z",
        "value": "0.885788423",
        "cumulative": false
    },
    {
        "date": "2020-09-11T13:06:52Z",
        "value": "0.888812746",
        "cumulative": false
    },
    {
        "date": "2020-09-11T13:07:06Z",
        "value": "0.832282514",
        "cumulative": false
    },
    {
        "date": "2020-09-11T13:07:24Z",
        "value": "0.850225195",
        "cumulative": false
    },
    {
        "date": "2020-09-11T13:07:43Z",
        "value": "0.869779615",
        "cumulative": false
    },
    {
        "date": "2020-09-11T13:07:58Z",
        "value": "0.841581367",
        "cumulative": false
    },
    {
        "date": "2020-09-11T13:08:14Z",
        "value": "0.876237237",
        "cumulative": false
    },
    {
        "date": "2020-09-11T13:08:32Z",
        "value": "0.862874671",
        "cumulative": false
    },
    {
        "date": "2020-09-11T13:08:50Z",
        "value": "0.851927901",
        "cumulative": false
    },
    {
        "date": "2020-09-11T13:09:02Z",
        "value": "0.880003033",
        "cumulative": false
    },
    {
        "date": "2020-09-11T13:09:21Z",
        "value": "0.849317373",
        "cumulative": false
    },
    {
        "date": "2020-09-11T13:09:34Z",
        "value": "0.861368223",
        "cumulative": false
    },
    {
        "date": "2020-09-11T13:09:54Z",
        "value": "0.838687646",
        "cumulative": false
    },
    {
        "date": "2020-09-11T13:10:14Z",
        "value": "0.853835509",
        "cumulative": false
    },
    {
        "date": "2020-09-11T13:10:25Z",
        "value": "0.821376195",
        "cumulative": false
    },
    {
        "date": "2020-09-11T13:10:39Z",
        "value": "0.854858313",
        "cumulative": false
    },
    {
        "date": "2020-09-11T13:10:52Z",
        "value": "0.859535812",
        "cumulative": false
    },
    {
        "date": "2020-09-11T13:11:07Z",
        "value": "0.873544157",
        "cumulative": false
    },
    {
        "date": "2020-09-11T13:11:22Z",
        "value": "0.861458641",
        "cumulative": false
    },
    {
        "date": "2020-09-11T13:11:39Z",
        "value": "0.869376053",
        "cumulative": false
    },
    {
        "date": "2020-09-11T13:11:52Z",
        "value": "0.844691006",
        "cumulative": false
    },
    {
        "date": "2020-09-11T13:12:05Z",
        "value": "0.883609955",
        "cumulative": false
    },
    {
        "date": "2020-09-11T13:12:23Z",
        "value": "0.851458751",
        "cumulative": false
    },
    {
        "date": "2020-09-11T13:12:43Z",
        "value": "0.862944789",
        "cumulative": false
    },
    {
        "date": "2020-09-11T13:13:03Z",
        "value": "0.637032009",
        "cumulative": false
    }
]