[
    {
        "date": "2020-09-11T12:18:02Z",
        "value": "4.00543212890625e-05",
        "cumulative": true
    },
    {
        "date": "2020-09-11T12:18:22Z",
        "value": "23.616086959838867",
        "cumulative": true
    },
    {
        "date": "2020-09-11T12:18:39Z",
        "value": "1459.0475912094116",
        "cumulative": true
    },
    {
        "date": "2020-09-11T12:18:51Z",
        "value": "3038.9815397262573",
        "cumulative": true
    },
    {
        "date": "2020-09-11T12:19:07Z",
        "value": "5124.216051101685",
        "cumulative": true
    },
    {
        "date": "2020-09-11T12:19:23Z",
        "value": "7578.0007429122925",
        "cumulative": true
    },
    {
        "date": "2020-09-11T12:19:43Z",
        "value": "10013.606175422668",
        "cumulative": true
    },
    {
        "date": "2020-09-11T12:19:59Z",
        "value": "12504.129023551941",
        "cumulative": true
    },
    {
        "date": "2020-09-11T12:20:13Z",
        "value": "15088.342070579529",
        "cumulative": true
    },
    {
        "date": "2020-09-11T12:20:29Z",
        "value": "17125.308256149292",
        "cumulative": true
    },
    {
        "date": "2020-09-11T12:20:40Z",
        "value": "19187.841689109802",
        "cumulative": true
    },
    {
        "date": "2020-09-11T12:20:57Z",
        "value": "21395.6590423584",
        "cumulative": true
    },
    {
        "date": "2020-09-11T12:21:14Z",
        "value": "24320.46812915802",
        "cumulative": true
    },
    {
        "date": "2020-09-11T12:21:28Z",
        "value": "25399.102242469788",
        "cumulative": true
    },
    {
        "date": "2020-09-11T12:21:40Z",
        "value": "28254.499200820923",
        "cumulative": true
    },
    {
        "date": "2020-09-11T12:21:59Z",
        "value": "30965.055110931396",
        "cumulative": true
    },
    {
        "date": "2020-09-11T12:22:10Z",
        "value": "31855.203022003174",
        "cumulative": true
    },
    {
        "date": "2020-09-11T12:22:30Z",
        "value": "36085.518805503845",
        "cumulative": true
    },
    {
        "date": "2020-09-11T12:22:44Z",
        "value": "38389.48922538757",
        "cumulative": true
    },
    {
        "date": "2020-09-11T12:22:56Z",
        "value": "39318.31666755676",
        "cumulative": true
    },
    {
        "date": "2020-09-11T12:23:12Z",
        "value": "40532.259996414185",
        "cumulative": true
    },
    {
        "date": "2020-09-11T12:23:25Z",
        "value": "43358.86368846893",
        "cumulative": true
    },
    {
        "date": "2020-09-11T12:23:44Z",
        "value": "47665.84838962555",
        "cumulative": true
    },
    {
        "date": "2020-09-11T12:24:02Z",
        "value": "49117.51008319855",
        "cumulative": true
    },
    {
        "date": "2020-09-11T12:24:17Z",
        "value": "50282.156361579895",
        "cumulative": true
    },
    {
        "date": "2020-09-11T12:24:34Z",
        "value": "51943.24828052521",
        "cumulative": true
    },
    {
        "date": "2020-09-11T12:24:47Z",
        "value": "54917.79361438751",
        "cumulative": true
    },
    {
        "date": "2020-09-11T12:25:04Z",
        "value": "59117.98098278046",
        "cumulative": true
    },
    {
        "date": "2020-09-11T12:25:20Z",
        "value": "61231.336935043335",
        "cumulative": true
    },
    {
        "date": "2020-09-11T12:25:38Z",
        "value": "62570.729318618774",
        "cumulative": true
    },
    {
        "date": "2020-09-11T12:25:56Z",
        "value": "64002.66930770874",
        "cumulative": true
    },
    {
        "date": "2020-09-11T12:26:15Z",
        "value": "66432.25681304932",
        "cumulative": true
    },
    {
        "date": "2020-09-11T12:26:34Z",
        "value": "70914.92977142334",
        "cumulative": true
    },
    {
        "date": "2020-09-11T12:26:53Z",
        "value": "75136.10047531128",
        "cumulative": true
    },
    {
        "date": "2020-09-11T12:27:04Z",
        "value": "76721.58731555939",
        "cumulative": true
    },
    {
        "date": "2020-09-11T12:27:20Z",
        "value": "78003.76133823395",
        "cumulative": true
    },
    {
        "date": "2020-09-11T12:27:35Z",
        "value": "79084.14806079865",
        "cumulative": true
    },
    {
        "date": "2020-09-11T12:27:47Z",
        "value": "80036.29182338715",
        "cumulative": true
    },
    {
        "date": "2020-09-11T12:27:59Z",
        "value": "80930.29869937897",
        "cumulative": true
    },
    {
        "date": "2020-09-11T12:28:11Z",
        "value": "81794.38638019562",
        "cumulative": true
    },
    {
        "date": "2020-09-11T12:28:29Z",
        "value": "85329.93885993958",
        "cumulative": true
    },
    {
        "date": "2020-09-11T12:28:45Z",
        "value": "89196.10511779785",
        "cumulative": true
    },
    {
        "date": "2020-09-11T12:29:04Z",
        "value": "93762.22542762756",
        "cumulative": true
    },
    {
        "date": "2020-09-11T12:29:24Z",
        "value": "97004.01194572449",
        "cumulative": true
    },
    {
        "date": "2020-09-11T12:29:35Z",
        "value": "97717.73540115356",
        "cumulative": true
    },
    {
        "date": "2020-09-11T12:29:48Z",
        "value": "98641.3643283844",
        "cumulative": true
    },
    {
        "date": "2020-09-11T12:30:04Z",
        "value": "99735.62140846252",
        "cumulative": true
    },
    {
        "date": "2020-09-11T12:30:17Z",
        "value": "100637.75950241089",
        "cumulative": true
    },
    {
        "date": "2020-09-11T12:30:28Z",
        "value": "101447.03413391113",
        "cumulative": true
    },
    {
        "date": "2020-09-11T12:30:39Z",
        "value": "102169.19790458679",
        "cumulative": true
    },
    {
        "date": "2020-09-11T12:30:55Z",
        "value": "103304.55294036865",
        "cumulative": true
    },
    {
        "date": "2020-09-11T12:31:12Z",
        "value": "106697.70644855499",
        "cumulative": true
    },
    {
        "date": "2020-09-11T12:31:30Z",
        "value": "110858.1866235733",
        "cumulative": true
    },
    {
        "date": "2020-09-11T12:31:49Z",
        "value": "115467.12297725677",
        "cumulative": true
    },
    {
        "date": "2020-09-11T12:32:07Z",
        "value": "119626.52147579193",
        "cumulative": true
    },
    {
        "date": "2020-09-11T12:32:20Z",
        "value": "122074.87762451172",
        "cumulative": true
    },
    {
        "date": "2020-09-11T12:32:38Z",
        "value": "123360.28920555115",
        "cumulative": true
    },
    {
        "date": "2020-09-11T12:32:56Z",
        "value": "124616.78496742249",
        "cumulative": true
    },
    {
        "date": "2020-09-11T12:33:06Z",
        "value": "125377.22192192078",
        "cumulative": true
    },
    {
        "date": "2020-09-11T12:33:24Z",
        "value": "126667.51114273071",
        "cumulative": true
    },
    {
        "date": "2020-09-11T12:33:34Z",
        "value": "127388.94993591309",
        "cumulative": true
    },
    {
        "date": "2020-09-11T12:33:47Z",
        "value": "128289.17393875122",
        "cumulative": true
    },
    {
        "date": "2020-09-11T12:34:00Z",
        "value": "129219.49205970764",
        "cumulative": true
    },
    {
        "date": "2020-09-11T12:34:20Z",
        "value": "130631.55652046204",
        "cumulative": true
    },
    {
        "date": "2020-09-11T12:34:37Z",
        "value": "134153.97976589203",
        "cumulative": true
    },
    {
        "date": "2020-09-11T12:34:54Z",
        "value": "138186.7909154892",
        "cumulative": true
    },
    {
        "date": "2020-09-11T12:35:06Z",
        "value": "140899.1003293991",
        "cumulative": true
    },
    {
        "date": "2020-09-11T12:35:21Z",
        "value": "144300.19299411774",
        "cumulative": true
    },
    {
        "date": "2020-09-11T12:35:35Z",
        "value": "147623.22673511505",
        "cumulative": true
    },
    {
        "date": "2020-09-11T12:35:54Z",
        "value": "151770.6173772812",
        "cumulative": true
    },
    {
        "date": "2020-09-11T12:36:08Z",
        "value": "154181.33847236633",
        "cumulative": true
    },
    {
        "date": "2020-09-11T12:36:22Z",
        "value": "155203.40413475037",
        "cumulative": true
    },
    {
        "date": "2020-09-11T12:36:41Z",
        "value": "156521.70971298218",
        "cumulative": true
    },
    {
        "date": "2020-09-11T12:36:53Z",
        "value": "157442.33877372742",
        "cumulative": true
    },
    {
        "date": "2020-09-11T12:37:05Z",
        "value": "158237.32830238342",
        "cumulative": true
    },
    {
        "date": "2020-09-11T12:37:17Z",
        "value": "159073.00511932373",
        "cumulative": true
    },
    {
        "date": "2020-09-11T12:37:35Z",
        "value": "160432.35050201416",
        "cumulative": true
    },
    {
        "date": "2020-09-11T12:37:49Z",
        "value": "161400.3906764984",
        "cumulative": true
    },
    {
        "date": "2020-09-11T12:38:05Z",
        "value": "162592.5312652588",
        "cumulative": true
    },
    {
        "date": "2020-09-11T12:38:22Z",
        "value": "163843.90241622925",
        "cumulative": true
    },
    {
        "date": "2020-09-11T12:38:36Z",
        "value": "164769.7481174469",
        "cumulative": true
    },
    {
        "date": "2020-09-11T12:38:50Z",
        "value": "167022.2267370224",
        "cumulative": true
    },
    {
        "date": "2020-09-11T12:39:05Z",
        "value": "170715.1607313156",
        "cumulative": true
    },
    {
        "date": "2020-09-11T12:39:22Z",
        "value": "174503.2784166336",
        "cumulative": true
    },
    {
        "date": "2020-09-11T12:39:39Z",
        "value": "178575.12466144562",
        "cumulative": true
    },
    {
        "date": "2020-09-11T12:39:55Z",
        "value": "182062.52844524384",
        "cumulative": true
    },
    {
        "date": "2020-09-11T12:40:09Z",
        "value": "185418.6827249527",
        "cumulative": true
    },
    {
        "date": "2020-09-11T12:40:27Z",
        "value": "189448.1895055771",
        "cumulative": true
    },
    {
        "date": "2020-09-11T12:40:45Z",
        "value": "193600.5569639206",
        "cumulative": true
    },
    {
        "date": "2020-09-11T12:40:57Z",
        "value": "194844.36960601807",
        "cumulative": true
    },
    {
        "date": "2020-09-11T12:41:17Z",
        "value": "196159.96954727173",
        "cumulative": true
    },
    {
        "date": "2020-09-11T12:41:31Z",
        "value": "197130.06823921204",
        "cumulative": true
    },
    {
        "date": "2020-09-11T12:41:47Z",
        "value": "198200.5826740265",
        "cumulative": true
    },
    {
        "date": "2020-09-11T12:42:05Z",
        "value": "199414.61638450623",
        "cumulative": true
    },
    {
        "date": "2020-09-11T12:42:17Z",
        "value": "200142.5965270996",
        "cumulative": true
    },
    {
        "date": "2020-09-11T12:42:34Z",
        "value": "201206.91627120972",
        "cumulative": true
    },
    {
        "date": "2020-09-11T12:42:48Z",
        "value": "202152.04502677917",
        "cumulative": true
    },
    {
        "date": "2020-09-11T12:43:03Z",
        "value": "203058.54508972168",
        "cumulative": true
    },
    {
        "date": "2020-09-11T12:43:20Z",
        "value": "204188.56995010376",
        "cumulative": true
    },
    {
        "date": "2020-09-11T12:43:34Z",
        "value": "205088.55228614807",
        "cumulative": true
    },
    {
        "date": "2020-09-11T12:43:53Z",
        "value": "206319.16733932495",
        "cumulative": true
    },
    {
        "date": "2020-09-11T12:44:09Z",
        "value": "207350.9388408661",
        "cumulative": true
    },
    {
        "date": "2020-09-11T12:44:23Z",
        "value": "208251.7248210907",
        "cumulative": true
    },
    {
        "date": "2020-09-11T12:44:35Z",
        "value": "210080.71977710724",
        "cumulative": true
    },
    {
        "date": "2020-09-11T12:44:55Z",
        "value": "214483.85113811493",
        "cumulative": true
    },
    {
        "date": "2020-09-11T12:45:11Z",
        "value": "218145.80803585052",
        "cumulative": true
    },
    {
        "date": "2020-09-11T12:45:25Z",
        "value": "221445.26703166962",
        "cumulative": true
    },
    {
        "date": "2020-09-11T12:45:44Z",
        "value": "225842.055560112",
        "cumulative": true
    },
    {
        "date": "2020-09-11T12:45:59Z",
        "value": "229144.5670747757",
        "cumulative": true
    },
    {
        "date": "2020-09-11T12:46:19Z",
        "value": "233545.9969587326",
        "cumulative": true
    },
    {
        "date": "2020-09-11T12:46:35Z",
        "value": "237209.8871564865",
        "cumulative": true
    },
    {
        "date": "2020-09-11T12:46:49Z",
        "value": "240499.02339458466",
        "cumulative": true
    },
    {
        "date": "2020-09-11T12:47:07Z",
        "value": "244522.918715477",
        "cumulative": true
    },
    {
        "date": "2020-09-11T12:47:20Z",
        "value": "245796.2321987152",
        "cumulative": true
    },
    {
        "date": "2020-09-11T12:47:33Z",
        "value": "246703.52672576904",
        "cumulative": true
    },
    {
        "date": "2020-09-11T12:47:48Z",
        "value": "247693.01109695435",
        "cumulative": true
    },
    {
        "date": "2020-09-11T12:48:01Z",
        "value": "248548.80513763428",
        "cumulative": true
    },
    {
        "date": "2020-09-11T12:48:19Z",
        "value": "249692.78460884094",
        "cumulative": true
    },
    {
        "date": "2020-09-11T12:48:30Z",
        "value": "250369.84400558472",
        "cumulative": true
    },
    {
        "date": "2020-09-11T12:48:48Z",
        "value": "251598.21806907654",
        "cumulative": true
    },
    {
        "date": "2020-09-11T12:49:04Z",
        "value": "252687.42065238953",
        "cumulative": true
    },
    {
        "date": "2020-09-11T12:49:15Z",
        "value": "253317.95119285583",
        "cumulative": true
    },
    {
        "date": "2020-09-11T12:49:25Z",
        "value": "253970.4368095398",
        "cumulative": true
    },
    {
        "date": "2020-09-11T12:49:39Z",
        "value": "254863.4046344757",
        "cumulative": true
    },
    {
        "date": "2020-09-11T12:49:49Z",
        "value": "255482.77576255798",
        "cumulative": true
    },
    {
        "date": "2020-09-11T12:50:01Z",
        "value": "256185.25972938538",
        "cumulative": true
    },
    {
        "date": "2020-09-11T12:50:20Z",
        "value": "257405.90329360962",
        "cumulative": true
    },
    {
        "date": "2020-09-11T12:50:31Z",
        "value": "258143.08638572693",
        "cumulative": true
    },
    {
        "date": "2020-09-11T12:50:50Z",
        "value": "259403.08655548096",
        "cumulative": true
    },
    {
        "date": "2020-09-11T12:51:07Z",
        "value": "260491.71271133423",
        "cumulative": true
    },
    {
        "date": "2020-09-11T12:51:25Z",
        "value": "261580.29352378845",
        "cumulative": true
    },
    {
        "date": "2020-09-11T12:51:38Z",
        "value": "262368.8293437958",
        "cumulative": true
    },
    {
        "date": "2020-09-11T12:51:51Z",
        "value": "263217.5658855438",
        "cumulative": true
    },
    {
        "date": "2020-09-11T12:52:05Z",
        "value": "266122.8663072586",
        "cumulative": true
    },
    {
        "date": "2020-09-11T12:52:18Z",
        "value": "268856.46259593964",
        "cumulative": true
    },
    {
        "date": "2020-09-11T12:52:29Z",
        "value": "271279.88198184967",
        "cumulative": true
    },
    {
        "date": "2020-09-11T12:52:40Z",
        "value": "273953.75582408905",
        "cumulative": true
    },
    {
        "date": "2020-09-11T12:52:59Z",
        "value": "278015.7639322281",
        "cumulative": true
    },
    {
        "date": "2020-09-11T12:53:12Z",
        "value": "281004.50706768036",
        "cumulative": true
    },
    {
        "date": "2020-09-11T12:53:31Z",
        "value": "285627.5383653641",
        "cumulative": true
    },
    {
        "date": "2020-09-11T12:53:44Z",
        "value": "288403.5516901016",
        "cumulative": true
    },
    {
        "date": "2020-09-11T12:53:59Z",
        "value": "291892.6175661087",
        "cumulative": true
    },
    {
        "date": "2020-09-11T12:54:15Z",
        "value": "295353.79475688934",
        "cumulative": true
    },
    {
        "date": "2020-09-11T12:54:30Z",
        "value": "298591.317612648",
        "cumulative": true
    },
    {
        "date": "2020-09-11T12:54:42Z",
        "value": "301658.4646654129",
        "cumulative": true
    },
    {
        "date": "2020-09-11T12:54:57Z",
        "value": "304962.45034885406",
        "cumulative": true
    },
    {
        "date": "2020-09-11T12:55:07Z",
        "value": "307385.6073579788",
        "cumulative": true
    },
    {
        "date": "2020-09-11T12:55:25Z",
        "value": "310213.7698612213",
        "cumulative": true
    },
    {
        "date": "2020-09-11T12:55:37Z",
        "value": "311079.2042541504",
        "cumulative": true
    },
    {
        "date": "2020-09-11T12:55:56Z",
        "value": "312319.2654571533",
        "cumulative": true
    },
    {
        "date": "2020-09-11T12:56:07Z",
        "value": "313039.9365825653",
        "cumulative": true
    },
    {
        "date": "2020-09-11T12:56:18Z",
        "value": "313832.17900276184",
        "cumulative": true
    },
    {
        "date": "2020-09-11T12:56:29Z",
        "value": "314518.7949886322",
        "cumulative": true
    },
    {
        "date": "2020-09-11T12:56:48Z",
        "value": "315695.0101890564",
        "cumulative": true
    },
    {
        "date": "2020-09-11T12:57:00Z",
        "value": "316419.42333221436",
        "cumulative": true
    },
    {
        "date": "2020-09-11T12:57:10Z",
        "value": "317089.1359825134",
        "cumulative": true
    },
    {
        "date": "2020-09-11T12:57:27Z",
        "value": "318182.8550052643",
        "cumulative": true
    },
    {
        "date": "2020-09-11T12:57:47Z",
        "value": "319420.0780735016",
        "cumulative": true
    },
    {
        "date": "2020-09-11T12:57:59Z",
        "value": "320244.1516304016",
        "cumulative": true
    },
    {
        "date": "2020-09-11T12:58:12Z",
        "value": "321157.74193382263",
        "cumulative": true
    },
    {
        "date": "2020-09-11T12:58:23Z",
        "value": "321841.1544723511",
        "cumulative": true
    },
    {
        "date": "2020-09-11T12:58:43Z",
        "value": "323093.2069168091",
        "cumulative": true
    },
    {
        "date": "2020-09-11T12:59:00Z",
        "value": "324166.47007751465",
        "cumulative": true
    },
    {
        "date": "2020-09-11T12:59:15Z",
        "value": "325097.64057159424",
        "cumulative": true
    },
    {
        "date": "2020-09-11T12:59:31Z",
        "value": "326193.8797607422",
        "cumulative": true
    },
    {
        "date": "2020-09-11T12:59:50Z",
        "value": "327378.8240966797",
        "cumulative": true
    },
    {
        "date": "2020-09-11T13:00:06Z",
        "value": "328480.34390068054",
        "cumulative": true
    },
    {
        "date": "2020-09-11T13:00:24Z",
        "value": "329573.88320732117",
        "cumulative": true
    },
    {
        "date": "2020-09-11T13:00:41Z",
        "value": "330599.0650138855",
        "cumulative": true
    },
    {
        "date": "2020-09-11T13:00:59Z",
        "value": "331785.14977645874",
        "cumulative": true
    },
    {
        "date": "2020-09-11T13:01:12Z",
        "value": "332827.7771463394",
        "cumulative": true
    },
    {
        "date": "2020-09-11T13:01:26Z",
        "value": "335664.01184368134",
        "cumulative": true
    },
    {
        "date": "2020-09-11T13:01:40Z",
        "value": "339033.54529857635",
        "cumulative": true
    },
    {
        "date": "2020-09-11T13:01:54Z",
        "value": "342103.4761800766",
        "cumulative": true
    },
    {
        "date": "2020-09-11T13:02:08Z",
        "value": "345007.8408060074",
        "cumulative": true
    },
    {
        "date": "2020-09-11T13:02:27Z",
        "value": "349550.8216676712",
        "cumulative": true
    },
    {
        "date": "2020-09-11T13:02:40Z",
        "value": "352141.2396783829",
        "cumulative": true
    },
    {
        "date": "2020-09-11T13:02:58Z",
        "value": "356387.98028850555",
        "cumulative": true
    },
    {
        "date": "2020-09-11T13:03:17Z",
        "value": "360636.0833978653",
        "cumulative": true
    },
    {
        "date": "2020-09-11T13:03:31Z",
        "value": "363551.5860052109",
        "cumulative": true
    },
    {
        "date": "2020-09-11T13:03:44Z",
        "value": "366648.5777101517",
        "cumulative": true
    },
    {
        "date": "2020-09-11T13:04:01Z",
        "value": "370556.2071676254",
        "cumulative": true
    },
    {
        "date": "2020-09-11T13:04:15Z",
        "value": "373697.48340702057",
        "cumulative": true
    },
    {
        "date": "2020-09-11T13:04:30Z",
        "value": "377086.28037166595",
        "cumulative": true
    },
    {
        "date": "2020-09-11T13:04:42Z",
        "value": "379905.7589521408",
        "cumulative": true
    },
    {
        "date": "2020-09-11T13:04:56Z",
        "value": "382991.6632051468",
        "cumulative": true
    },
    {
        "date": "2020-09-11T13:05:13Z",
        "value": "386986.4696416855",
        "cumulative": true
    },
    {
        "date": "2020-09-11T13:05:26Z",
        "value": "389849.6945142746",
        "cumulative": true
    },
    {
        "date": "2020-09-11T13:05:38Z",
        "value": "391452.58874225616",
        "cumulative": true
    },
    {
        "date": "2020-09-11T13:05:55Z",
        "value": "392575.96347141266",
        "cumulative": true
    },
    {
        "date": "2020-09-11T13:06:08Z",
        "value": "393485.8278093338",
        "cumulative": true
    },
    {
        "date": "2020-09-11T13:06:26Z",
        "value": "394785.5993490219",
        "cumulative": true
    },
    {
        "date": "2020-09-11T13:06:38Z",
        "value": "395452.8941164017",
        "cumulative": true
    },
    {
        "date": "2020-09-11T13:06:48Z",
        "value": "396232.71451854706",
        "cumulative": true
    },
    {
        "date": "2020-09-11T13:07:04Z",
        "value": "397142.13903713226",
        "cumulative": true
    },
    {
        "date": "2020-09-11T13:07:15Z",
        "value": "397961.5280408859",
        "cumulative": true
    },
    {
        "date": "2020-09-11T13:07:27Z",
        "value": "398619.1912679672",
        "cumulative": true
    },
    {
        "date": "2020-09-11T13:07:41Z",
        "value": "399492.1813135147",
        "cumulative": true
    },
    {
        "date": "2020-09-11T13:07:55Z",
        "value": "400409.54032993317",
        "cumulative": true
    },
    {
        "date": "2020-09-11T13:08:12Z",
        "value": "401483.30791187286",
        "cumulative": true
    },
    {
        "date": "2020-09-11T13:08:27Z",
        "value": "402586.44793224335",
        "cumulative": true
    },
    {
        "date": "2020-09-11T13:08:47Z",
        "value": "403767.13675022125",
        "cumulative": true
    },
    {
        "date": "2020-09-11T13:08:59Z",
        "value": "404609.2183675766",
        "cumulative": true
    },
    {
        "date": "2020-09-11T13:09:10Z",
        "value": "405243.7572031021",
        "cumulative": true
    },
    {
        "date": "2020-09-11T13:09:29Z",
        "value": "406411.8454847336",
        "cumulative": true
    },
    {
        "date": "2020-09-11T13:09:43Z",
        "value": "407323.1733598709",
        "cumulative": true
    },
    {
        "date": "2020-09-11T13:10:00Z",
        "value": "408401.69825458527",
        "cumulative": true
    },
    {
        "date": "2020-09-11T13:10:16Z",
        "value": "409523.02651691437",
        "cumulative": true
    },
    {
        "date": "2020-09-11T13:10:28Z",
        "value": "410191.14672756195",
        "cumulative": true
    },
    {
        "date": "2020-09-11T13:10:45Z",
        "value": "411272.15713214874",
        "cumulative": true
    },
    {
        "date": "2020-09-11T13:10:58Z",
        "value": "412141.55086803436",
        "cumulative": true
    },
    {
        "date": "2020-09-11T13:11:13Z",
        "value": "413077.8407793045",
        "cumulative": true
    },
    {
        "date": "2020-09-11T13:11:30Z",
        "value": "414192.79627895355",
        "cumulative": true
    },
    {
        "date": "2020-09-11T13:11:41Z",
        "value": "414877.10200214386",
        "cumulative": true
    },
    {
        "date": "2020-09-11T13:11:51Z",
        "value": "415610.6921453476",
        "cumulative": true
    },
    {
        "date": "2020-09-11T13:12:06Z",
        "value": "416499.7171239853",
        "cumulative": true
    },
    {
        "date": "2020-09-11T13:12:21Z",
        "value": "417452.53645801544",
        "cumulative": true
    },
    {
        "date": "2020-09-11T13:12:40Z",
        "value": "418798.49923992157",
        "cumulative": true
    },
    {
        "date": "2020-09-11T13:12:51Z",
        "value": "419421.2186937332",
        "cumulative": true
    },
    {
        "date": "2020-09-11T13:13:05Z",
        "value": "419953.3411579132",
        "cumulative": true
    }
]