[
    {
        "date": "2020-09-11T12:17:59Z",
        "value": "4.00543212890625e-05",
        "cumulative": true
    },
    {
        "date": "2020-09-11T12:18:12Z",
        "value": "0.010427474975585938",
        "cumulative": true
    },
    {
        "date": "2020-09-11T12:18:31Z",
        "value": "501.5770492553711",
        "cumulative": true
    },
    {
        "date": "2020-09-11T12:18:42Z",
        "value": "1913.420220375061",
        "cumulative": true
    },
    {
        "date": "2020-09-11T12:18:59Z",
        "value": "4053.0608081817627",
        "cumulative": true
    },
    {
        "date": "2020-09-11T12:19:16Z",
        "value": "6275.255875587463",
        "cumulative": true
    },
    {
        "date": "2020-09-11T12:19:30Z",
        "value": "8458.757622718811",
        "cumulative": true
    },
    {
        "date": "2020-09-11T12:19:49Z",
        "value": "11533.508492469788",
        "cumulative": true
    },
    {
        "date": "2020-09-11T12:20:00Z",
        "value": "12584.631943702698",
        "cumulative": true
    },
    {
        "date": "2020-09-11T12:20:16Z",
        "value": "15367.452383041382",
        "cumulative": true
    },
    {
        "date": "2020-09-11T12:20:31Z",
        "value": "17686.517575263977",
        "cumulative": true
    },
    {
        "date": "2020-09-11T12:20:42Z",
        "value": "19370.886261940002",
        "cumulative": true
    },
    {
        "date": "2020-09-11T12:20:54Z",
        "value": "20446.682832717896",
        "cumulative": true
    },
    {
        "date": "2020-09-11T12:21:13Z",
        "value": "24253.576026916504",
        "cumulative": true
    },
    {
        "date": "2020-09-11T12:21:28Z",
        "value": "25424.49605369568",
        "cumulative": true
    },
    {
        "date": "2020-09-11T12:21:46Z",
        "value": "29665.132714271545",
        "cumulative": true
    },
    {
        "date": "2020-09-11T12:22:02Z",
        "value": "31198.05242061615",
        "cumulative": true
    },
    {
        "date": "2020-09-11T12:22:20Z",
        "value": "33630.57832145691",
        "cumulative": true
    },
    {
        "date": "2020-09-11T12:22:37Z",
        "value": "37804.59527206421",
        "cumulative": true
    },
    {
        "date": "2020-09-11T12:22:51Z",
        "value": "38892.13890171051",
        "cumulative": true
    },
    {
        "date": "2020-09-11T12:23:11Z",
        "value": "40406.498297691345",
        "cumulative": true
    },
    {
        "date": "2020-09-11T12:23:26Z",
        "value": "43459.67370414734",
        "cumulative": true
    },
    {
        "date": "2020-09-11T12:23:40Z",
        "value": "46735.15019035339",
        "cumulative": true
    },
    {
        "date": "2020-09-11T12:23:53Z",
        "value": "48377.5032081604",
        "cumulative": true
    },
    {
        "date": "2020-09-11T12:24:03Z",
        "value": "49181.81001281738",
        "cumulative": true
    },
    {
        "date": "2020-09-11T12:24:13Z",
        "value": "49963.077573776245",
        "cumulative": true
    },
    {
        "date": "2020-09-11T12:24:31Z",
        "value": "51310.88591003418",
        "cumulative": true
    },
    {
        "date": "2020-09-11T12:24:48Z",
        "value": "55013.19827747345",
        "cumulative": true
    },
    {
        "date": "2020-09-11T12:25:07Z",
        "value": "59786.46762561798",
        "cumulative": true
    },
    {
        "date": "2020-09-11T12:25:25Z",
        "value": "61604.7525844574",
        "cumulative": true
    },
    {
        "date": "2020-09-11T12:25:42Z",
        "value": "62903.69140625",
        "cumulative": true
    },
    {
        "date": "2020-09-11T12:25:57Z",
        "value": "64023.82348823547",
        "cumulative": true
    },
    {
        "date": "2020-09-11T12:26:12Z",
        "value": "65741.31829547882",
        "cumulative": true
    },
    {
        "date": "2020-09-11T12:26:31Z",
        "value": "70088.81490802765",
        "cumulative": true
    },
    {
        "date": "2020-09-11T12:26:43Z",
        "value": "72766.67552089691",
        "cumulative": true
    },
    {
        "date": "2020-09-11T12:26:58Z",
        "value": "76218.46488666534",
        "cumulative": true
    },
    {
        "date": "2020-09-11T12:27:16Z",
        "value": "77618.02018356323",
        "cumulative": true
    },
    {
        "date": "2020-09-11T12:27:27Z",
        "value": "78485.27383995056",
        "cumulative": true
    },
    {
        "date": "2020-09-11T12:27:45Z",
        "value": "79809.3521156311",
        "cumulative": true
    },
    {
        "date": "2020-09-11T12:28:03Z",
        "value": "81162.85939788818",
        "cumulative": true
    },
    {
        "date": "2020-09-11T12:28:13Z",
        "value": "81947.30557060242",
        "cumulative": true
    },
    {
        "date": "2020-09-11T12:28:33Z",
        "value": "86392.33231449127",
        "cumulative": true
    },
    {
        "date": "2020-09-11T12:28:49Z",
        "value": "90078.88813877106",
        "cumulative": true
    },
    {
        "date": "2020-09-11T12:29:03Z",
        "value": "93481.25339412689",
        "cumulative": true
    },
    {
        "date": "2020-09-11T12:29:15Z",
        "value": "96230.82259082794",
        "cumulative": true
    },
    {
        "date": "2020-09-11T12:29:27Z",
        "value": "97145.83657360077",
        "cumulative": true
    },
    {
        "date": "2020-09-11T12:29:42Z",
        "value": "98178.31073093414",
        "cumulative": true
    },
    {
        "date": "2020-09-11T12:29:55Z",
        "value": "99116.62910366058",
        "cumulative": true
    },
    {
        "date": "2020-09-11T12:30:08Z",
        "value": "100035.3479642868",
        "cumulative": true
    },
    {
        "date": "2020-09-11T12:30:25Z",
        "value": "101238.49935054779",
        "cumulative": true
    },
    {
        "date": "2020-09-11T12:30:37Z",
        "value": "102073.87502193451",
        "cumulative": true
    },
    {
        "date": "2020-09-11T12:30:53Z",
        "value": "103216.6195268631",
        "cumulative": true
    },
    {
        "date": "2020-09-11T12:31:07Z",
        "value": "105622.82068634033",
        "cumulative": true
    },
    {
        "date": "2020-09-11T12:31:18Z",
        "value": "107948.52694320679",
        "cumulative": true
    },
    {
        "date": "2020-09-11T12:31:30Z",
        "value": "110861.02856636047",
        "cumulative": true
    },
    {
        "date": "2020-09-11T12:31:49Z",
        "value": "115412.61134147644",
        "cumulative": true
    },
    {
        "date": "2020-09-11T12:32:03Z",
        "value": "118695.4428806305",
        "cumulative": true
    },
    {
        "date": "2020-09-11T12:32:23Z",
        "value": "122252.73703289032",
        "cumulative": true
    },
    {
        "date": "2020-09-11T12:32:33Z",
        "value": "122989.20087528229",
        "cumulative": true
    },
    {
        "date": "2020-09-11T12:32:48Z",
        "value": "124074.03761768341",
        "cumulative": true
    },
    {
        "date": "2020-09-11T12:32:59Z",
        "value": "124852.27106571198",
        "cumulative": true
    },
    {
        "date": "2020-09-11T12:33:14Z",
        "value": "125937.5949678421",
        "cumulative": true
    },
    {
        "date": "2020-09-11T12:33:31Z",
        "value": "127150.24165821075",
        "cumulative": true
    },
    {
        "date": "2020-09-11T12:33:51Z",
        "value": "128557.28957462311",
        "cumulative": true
    },
    {
        "date": "2020-09-11T12:34:08Z",
        "value": "129728.41330623627",
        "cumulative": true
    },
    {
        "date": "2020-09-11T12:34:25Z",
        "value": "131494.9182357788",
        "cumulative": true
    },
    {
        "date": "2020-09-11T12:34:43Z",
        "value": "135446.65696525574",
        "cumulative": true
    },
    {
        "date": "2020-09-11T12:35:02Z",
        "value": "140016.3346672058",
        "cumulative": true
    },
    {
        "date": "2020-09-11T12:35:18Z",
        "value": "143654.01335525513",
        "cumulative": true
    },
    {
        "date": "2020-09-11T12:35:37Z",
        "value": "148074.85464286804",
        "cumulative": true
    },
    {
        "date": "2020-09-11T12:35:49Z",
        "value": "150834.18584251404",
        "cumulative": true
    },
    {
        "date": "2020-09-11T12:36:00Z",
        "value": "153254.56319999695",
        "cumulative": true
    },
    {
        "date": "2020-09-11T12:36:12Z",
        "value": "154509.82601833344",
        "cumulative": true
    },
    {
        "date": "2020-09-11T12:36:28Z",
        "value": "155614.90990161896",
        "cumulative": true
    },
    {
        "date": "2020-09-11T12:36:40Z",
        "value": "156444.23502635956",
        "cumulative": true
    },
    {
        "date": "2020-09-11T12:36:51Z",
        "value": "157273.95071315765",
        "cumulative": true
    },
    {
        "date": "2020-09-11T12:37:05Z",
        "value": "158267.9814004898",
        "cumulative": true
    },
    {
        "date": "2020-09-11T12:37:17Z",
        "value": "159088.5692873001",
        "cumulative": true
    },
    {
        "date": "2020-09-11T12:37:29Z",
        "value": "159978.11522960663",
        "cumulative": true
    },
    {
        "date": "2020-09-11T12:37:41Z",
        "value": "160816.8972234726",
        "cumulative": true
    },
    {
        "date": "2020-09-11T12:37:55Z",
        "value": "161849.14850330353",
        "cumulative": true
    },
    {
        "date": "2020-09-11T12:38:07Z",
        "value": "162711.524228096",
        "cumulative": true
    },
    {
        "date": "2020-09-11T12:38:18Z",
        "value": "163523.46554088593",
        "cumulative": true
    },
    {
        "date": "2020-09-11T12:38:36Z",
        "value": "164763.08762264252",
        "cumulative": true
    },
    {
        "date": "2020-09-11T12:38:46Z",
        "value": "166176.96265220642",
        "cumulative": true
    },
    {
        "date": "2020-09-11T12:39:02Z",
        "value": "170072.99486541748",
        "cumulative": true
    },
    {
        "date": "2020-09-11T12:39:16Z",
        "value": "173340.82402038574",
        "cumulative": true
    },
    {
        "date": "2020-09-11T12:39:32Z",
        "value": "176758.7774295807",
        "cumulative": true
    },
    {
        "date": "2020-09-11T12:39:47Z",
        "value": "180293.60309410095",
        "cumulative": true
    },
    {
        "date": "2020-09-11T12:40:02Z",
        "value": "183714.52040290833",
        "cumulative": true
    },
    {
        "date": "2020-09-11T12:40:22Z",
        "value": "188252.23600578308",
        "cumulative": true
    },
    {
        "date": "2020-09-11T12:40:34Z",
        "value": "191059.31732177734",
        "cumulative": true
    },
    {
        "date": "2020-09-11T12:40:49Z",
        "value": "194270.7401304245",
        "cumulative": true
    },
    {
        "date": "2020-09-11T12:40:59Z",
        "value": "194988.51871585846",
        "cumulative": true
    },
    {
        "date": "2020-09-11T12:41:15Z",
        "value": "196108.22041034698",
        "cumulative": true
    },
    {
        "date": "2020-09-11T12:41:30Z",
        "value": "197074.381524086",
        "cumulative": true
    },
    {
        "date": "2020-09-11T12:41:48Z",
        "value": "198294.99401569366",
        "cumulative": true
    },
    {
        "date": "2020-09-11T12:42:06Z",
        "value": "199467.24185466766",
        "cumulative": true
    },
    {
        "date": "2020-09-11T12:42:23Z",
        "value": "200597.9079065323",
        "cumulative": true
    },
    {
        "date": "2020-09-11T12:42:43Z",
        "value": "201878.512093544",
        "cumulative": true
    },
    {
        "date": "2020-09-11T12:42:57Z",
        "value": "202751.24869060516",
        "cumulative": true
    },
    {
        "date": "2020-09-11T12:43:11Z",
        "value": "203613.68213176727",
        "cumulative": true
    },
    {
        "date": "2020-09-11T12:43:31Z",
        "value": "204905.91711902618",
        "cumulative": true
    },
    {
        "date": "2020-09-11T12:43:46Z",
        "value": "205915.0842962265",
        "cumulative": true
    },
    {
        "date": "2020-09-11T12:44:03Z",
        "value": "206987.181183815",
        "cumulative": true
    },
    {
        "date": "2020-09-11T12:44:22Z",
        "value": "208210.90456867218",
        "cumulative": true
    },
    {
        "date": "2020-09-11T12:44:34Z",
        "value": "209742.30918693542",
        "cumulative": true
    },
    {
        "date": "2020-09-11T12:44:54Z",
        "value": "214342.07313919067",
        "cumulative": true
    },
    {
        "date": "2020-09-11T12:45:11Z",
        "value": "218275.88345336914",
        "cumulative": true
    },
    {
        "date": "2020-09-11T12:45:28Z",
        "value": "222043.31269836426",
        "cumulative": true
    },
    {
        "date": "2020-09-11T12:45:44Z",
        "value": "225919.37538337708",
        "cumulative": true
    },
    {
        "date": "2020-09-11T12:45:55Z",
        "value": "228216.43983268738",
        "cumulative": true
    },
    {
        "date": "2020-09-11T12:46:13Z",
        "value": "232108.24018096924",
        "cumulative": true
    },
    {
        "date": "2020-09-11T12:46:33Z",
        "value": "236725.33130455017",
        "cumulative": true
    },
    {
        "date": "2020-09-11T12:46:47Z",
        "value": "240193.39776802063",
        "cumulative": true
    },
    {
        "date": "2020-09-11T12:47:07Z",
        "value": "244529.29371452332",
        "cumulative": true
    },
    {
        "date": "2020-09-11T12:47:26Z",
        "value": "246254.36636257172",
        "cumulative": true
    },
    {
        "date": "2020-09-11T12:47:45Z",
        "value": "247511.26221561432",
        "cumulative": true
    },
    {
        "date": "2020-09-11T12:47:57Z",
        "value": "248402.65337467194",
        "cumulative": true
    },
    {
        "date": "2020-09-11T12:48:13Z",
        "value": "249396.2945547104",
        "cumulative": true
    },
    {
        "date": "2020-09-11T12:48:31Z",
        "value": "250540.9053964615",
        "cumulative": true
    },
    {
        "date": "2020-09-11T12:48:44Z",
        "value": "251364.5335111618",
        "cumulative": true
    },
    {
        "date": "2020-09-11T12:49:03Z",
        "value": "252608.23948001862",
        "cumulative": true
    },
    {
        "date": "2020-09-11T12:49:13Z",
        "value": "253307.10634708405",
        "cumulative": true
    },
    {
        "date": "2020-09-11T12:49:23Z",
        "value": "253917.35016536713",
        "cumulative": true
    },
    {
        "date": "2020-09-11T12:49:42Z",
        "value": "255135.79945468903",
        "cumulative": true
    },
    {
        "date": "2020-09-11T12:49:57Z",
        "value": "256056.63888263702",
        "cumulative": true
    },
    {
        "date": "2020-09-11T12:50:11Z",
        "value": "256937.82898426056",
        "cumulative": true
    },
    {
        "date": "2020-09-11T12:50:22Z",
        "value": "257664.1068162918",
        "cumulative": true
    },
    {
        "date": "2020-09-11T12:50:35Z",
        "value": "258422.73309993744",
        "cumulative": true
    },
    {
        "date": "2020-09-11T12:50:48Z",
        "value": "259300.56337833405",
        "cumulative": true
    },
    {
        "date": "2020-09-11T12:51:07Z",
        "value": "260488.86837863922",
        "cumulative": true
    },
    {
        "date": "2020-09-11T12:51:25Z",
        "value": "261654.42939472198",
        "cumulative": true
    },
    {
        "date": "2020-09-11T12:51:44Z",
        "value": "262831.6826944351",
        "cumulative": true
    },
    {
        "date": "2020-09-11T12:51:58Z",
        "value": "264397.95153045654",
        "cumulative": true
    },
    {
        "date": "2020-09-11T12:52:12Z",
        "value": "267641.9598121643",
        "cumulative": true
    },
    {
        "date": "2020-09-11T12:52:23Z",
        "value": "270054.71208000183",
        "cumulative": true
    },
    {
        "date": "2020-09-11T12:52:38Z",
        "value": "273382.88839149475",
        "cumulative": true
    },
    {
        "date": "2020-09-11T12:52:51Z",
        "value": "276333.41043281555",
        "cumulative": true
    },
    {
        "date": "2020-09-11T12:53:03Z",
        "value": "279078.84182167053",
        "cumulative": true
    },
    {
        "date": "2020-09-11T12:53:19Z",
        "value": "282663.3117675781",
        "cumulative": true
    },
    {
        "date": "2020-09-11T12:53:38Z",
        "value": "287090.57367134094",
        "cumulative": true
    },
    {
        "date": "2020-09-11T12:53:57Z",
        "value": "291546.2472419739",
        "cumulative": true
    },
    {
        "date": "2020-09-11T12:54:12Z",
        "value": "294949.43577957153",
        "cumulative": true
    },
    {
        "date": "2020-09-11T12:54:25Z",
        "value": "297729.4832897186",
        "cumulative": true
    },
    {
        "date": "2020-09-11T12:54:42Z",
        "value": "301488.0224056244",
        "cumulative": true
    },
    {
        "date": "2020-09-11T12:54:58Z",
        "value": "305289.8953742981",
        "cumulative": true
    },
    {
        "date": "2020-09-11T12:55:10Z",
        "value": "308047.9927883148",
        "cumulative": true
    },
    {
        "date": "2020-09-11T12:55:20Z",
        "value": "309979.54539585114",
        "cumulative": true
    },
    {
        "date": "2020-09-11T12:55:39Z",
        "value": "311218.4682416916",
        "cumulative": true
    },
    {
        "date": "2020-09-11T12:55:50Z",
        "value": "312026.05418491364",
        "cumulative": true
    },
    {
        "date": "2020-09-11T12:56:09Z",
        "value": "313286.4238576889",
        "cumulative": true
    },
    {
        "date": "2020-09-11T12:56:22Z",
        "value": "314137.092959404",
        "cumulative": true
    },
    {
        "date": "2020-09-11T12:56:39Z",
        "value": "315170.04165554047",
        "cumulative": true
    },
    {
        "date": "2020-09-11T12:56:51Z",
        "value": "315969.8552560806",
        "cumulative": true
    },
    {
        "date": "2020-09-11T12:57:09Z",
        "value": "317115.98090457916",
        "cumulative": true
    },
    {
        "date": "2020-09-11T12:57:22Z",
        "value": "317877.10158252716",
        "cumulative": true
    },
    {
        "date": "2020-09-11T12:57:38Z",
        "value": "318950.2383852005",
        "cumulative": true
    },
    {
        "date": "2020-09-11T12:57:57Z",
        "value": "320171.4122457504",
        "cumulative": true
    },
    {
        "date": "2020-09-11T12:58:08Z",
        "value": "320898.6696653366",
        "cumulative": true
    },
    {
        "date": "2020-09-11T12:58:27Z",
        "value": "322159.4599199295",
        "cumulative": true
    },
    {
        "date": "2020-09-11T12:58:37Z",
        "value": "322845.2678861618",
        "cumulative": true
    },
    {
        "date": "2020-09-11T12:58:57Z",
        "value": "324051.6908197403",
        "cumulative": true
    },
    {
        "date": "2020-09-11T12:59:15Z",
        "value": "325186.17925930023",
        "cumulative": true
    },
    {
        "date": "2020-09-11T12:59:25Z",
        "value": "325874.09636592865",
        "cumulative": true
    },
    {
        "date": "2020-09-11T12:59:42Z",
        "value": "326978.48976421356",
        "cumulative": true
    },
    {
        "date": "2020-09-11T12:59:59Z",
        "value": "328047.22061252594",
        "cumulative": true
    },
    {
        "date": "2020-09-11T13:00:09Z",
        "value": "328683.8625879288",
        "cumulative": true
    },
    {
        "date": "2020-09-11T13:00:27Z",
        "value": "329845.047955513",
        "cumulative": true
    },
    {
        "date": "2020-09-11T13:00:40Z",
        "value": "330693.40482997894",
        "cumulative": true
    },
    {
        "date": "2020-09-11T13:00:56Z",
        "value": "331656.40849399567",
        "cumulative": true
    },
    {
        "date": "2020-09-11T13:01:14Z",
        "value": "333292.26073646545",
        "cumulative": true
    },
    {
        "date": "2020-09-11T13:01:25Z",
        "value": "335627.4302368164",
        "cumulative": true
    },
    {
        "date": "2020-09-11T13:01:42Z",
        "value": "339497.457485199",
        "cumulative": true
    },
    {
        "date": "2020-09-11T13:01:59Z",
        "value": "343340.7635688782",
        "cumulative": true
    },
    {
        "date": "2020-09-11T13:02:17Z",
        "value": "347312.4457321167",
        "cumulative": true
    },
    {
        "date": "2020-09-11T13:02:34Z",
        "value": "350918.41267204285",
        "cumulative": true
    },
    {
        "date": "2020-09-11T13:02:46Z",
        "value": "353607.0953464508",
        "cumulative": true
    },
    {
        "date": "2020-09-11T13:02:57Z",
        "value": "356264.5170955658",
        "cumulative": true
    },
    {
        "date": "2020-09-11T13:03:14Z",
        "value": "360176.0149307251",
        "cumulative": true
    },
    {
        "date": "2020-09-11T13:03:28Z",
        "value": "363108.18123435974",
        "cumulative": true
    },
    {
        "date": "2020-09-11T13:03:45Z",
        "value": "366930.94141578674",
        "cumulative": true
    },
    {
        "date": "2020-09-11T13:04:02Z",
        "value": "370849.2556362152",
        "cumulative": true
    },
    {
        "date": "2020-09-11T13:04:16Z",
        "value": "374202.8276462555",
        "cumulative": true
    },
    {
        "date": "2020-09-11T13:04:29Z",
        "value": "377127.2685108185",
        "cumulative": true
    },
    {
        "date": "2020-09-11T13:04:48Z",
        "value": "381468.093296051",
        "cumulative": true
    },
    {
        "date": "2020-09-11T13:05:06Z",
        "value": "385551.250749588",
        "cumulative": true
    },
    {
        "date": "2020-09-11T13:05:20Z",
        "value": "388785.0433254242",
        "cumulative": true
    },
    {
        "date": "2020-09-11T13:05:40Z",
        "value": "391753.8019733429",
        "cumulative": true
    },
    {
        "date": "2020-09-11T13:05:58Z",
        "value": "392938.9253177643",
        "cumulative": true
    },
    {
        "date": "2020-09-11T13:06:14Z",
        "value": "394049.3436756134",
        "cumulative": true
    },
    {
        "date": "2020-09-11T13:06:32Z",
        "value": "395242.00555229187",
        "cumulative": true
    },
    {
        "date": "2020-09-11T13:06:51Z",
        "value": "396484.5792655945",
        "cumulative": true
    },
    {
        "date": "2020-09-11T13:07:09Z",
        "value": "397615.528591156",
        "cumulative": true
    },
    {
        "date": "2020-09-11T13:07:25Z",
        "value": "398686.4839878082",
        "cumulative": true
    },
    {
        "date": "2020-09-11T13:07:43Z",
        "value": "399842.82088279724",
        "cumulative": true
    },
    {
        "date": "2020-09-11T13:08:01Z",
        "value": "400999.1713809967",
        "cumulative": true
    },
    {
        "date": "2020-09-11T13:08:13Z",
        "value": "401678.77230644226",
        "cumulative": true
    },
    {
        "date": "2020-09-11T13:08:31Z",
        "value": "402837.07714653015",
        "cumulative": true
    },
    {
        "date": "2020-09-11T13:08:48Z",
        "value": "403970.65296936035",
        "cumulative": true
    },
    {
        "date": "2020-09-11T13:09:02Z",
        "value": "404889.2922401428",
        "cumulative": true
    },
    {
        "date": "2020-09-11T13:09:17Z",
        "value": "405828.365983963",
        "cumulative": true
    },
    {
        "date": "2020-09-11T13:09:29Z",
        "value": "406600.4660701752",
        "cumulative": true
    },
    {
        "date": "2020-09-11T13:09:47Z",
        "value": "407758.0462913513",
        "cumulative": true
    },
    {
        "date": "2020-09-11T13:10:05Z",
        "value": "408865.6997413635",
        "cumulative": true
    },
    {
        "date": "2020-09-11T13:10:22Z",
        "value": "409978.8765850067",
        "cumulative": true
    },
    {
        "date": "2020-09-11T13:10:39Z",
        "value": "411137.19905281067",
        "cumulative": true
    },
    {
        "date": "2020-09-11T13:10:55Z",
        "value": "412068.036195755",
        "cumulative": true
    },
    {
        "date": "2020-09-11T13:11:15Z",
        "value": "413447.0188694",
        "cumulative": true
    },
    {
        "date": "2020-09-11T13:11:28Z",
        "value": "414314.5720062256",
        "cumulative": true
    },
    {
        "date": "2020-09-11T13:11:38Z",
        "value": "414891.9265766144",
        "cumulative": true
    },
    {
        "date": "2020-09-11T13:11:58Z",
        "value": "416108.45578956604",
        "cumulative": true
    },
    {
        "date": "2020-09-11T13:12:11Z",
        "value": "416996.30797195435",
        "cumulative": true
    },
    {
        "date": "2020-09-11T13:12:24Z",
        "value": "417814.8225784302",
        "cumulative": true
    },
    {
        "date": "2020-09-11T13:12:39Z",
        "value": "418768.4889984131",
        "cumulative": true
    },
    {
        "date": "2020-09-11T13:12:52Z",
        "value": "419600.30071258545",
        "cumulative": true
    }
]