[
    {
        "date": "2020-09-11T12:18:02Z",
        "value": "0.0009593963623046875",
        "cumulative": true
    },
    {
        "date": "2020-09-11T12:18:22Z",
        "value": "23.822193145751953",
        "cumulative": true
    },
    {
        "date": "2020-09-11T12:18:39Z",
        "value": "1463.426565170288",
        "cumulative": true
    },
    {
        "date": "2020-09-11T12:18:51Z",
        "value": "3046.231792449951",
        "cumulative": true
    },
    {
        "date": "2020-09-11T12:19:07Z",
        "value": "5132.904881477356",
        "cumulative": true
    },
    {
        "date": "2020-09-11T12:19:23Z",
        "value": "7586.119800567627",
        "cumulative": true
    },
    {
        "date": "2020-09-11T12:19:43Z",
        "value": "10019.471250534058",
        "cumulative": true
    },
    {
        "date": "2020-09-11T12:19:59Z",
        "value": "12511.151081085205",
        "cumulative": true
    },
    {
        "date": "2020-09-11T12:20:13Z",
        "value": "15094.879510879517",
        "cumulative": true
    },
    {
        "date": "2020-09-11T12:20:29Z",
        "value": "17130.036246299744",
        "cumulative": true
    },
    {
        "date": "2020-09-11T12:20:40Z",
        "value": "19189.76171684265",
        "cumulative": true
    },
    {
        "date": "2020-09-11T12:20:57Z",
        "value": "21391.05352306366",
        "cumulative": true
    },
    {
        "date": "2020-09-11T12:21:14Z",
        "value": "24312.827239990234",
        "cumulative": true
    },
    {
        "date": "2020-09-11T12:21:28Z",
        "value": "25390.45335006714",
        "cumulative": true
    },
    {
        "date": "2020-09-11T12:21:40Z",
        "value": "28239.585587501526",
        "cumulative": true
    },
    {
        "date": "2020-09-11T12:21:59Z",
        "value": "30951.669339179993",
        "cumulative": true
    },
    {
        "date": "2020-09-11T12:22:10Z",
        "value": "31840.736256599426",
        "cumulative": true
    },
    {
        "date": "2020-09-11T12:22:30Z",
        "value": "36065.087045669556",
        "cumulative": true
    },
    {
        "date": "2020-09-11T12:22:44Z",
        "value": "38366.82171726227",
        "cumulative": true
    },
    {
        "date": "2020-09-11T12:22:56Z",
        "value": "39297.00606250763",
        "cumulative": true
    },
    {
        "date": "2020-09-11T12:23:12Z",
        "value": "40512.9774389267",
        "cumulative": true
    },
    {
        "date": "2020-09-11T12:23:25Z",
        "value": "43333.64790725708",
        "cumulative": true
    },
    {
        "date": "2020-09-11T12:23:44Z",
        "value": "47656.03017807007",
        "cumulative": true
    },
    {
        "date": "2020-09-11T12:24:02Z",
        "value": "49108.0355758667",
        "cumulative": true
    },
    {
        "date": "2020-09-11T12:24:17Z",
        "value": "50272.92255401611",
        "cumulative": true
    },
    {
        "date": "2020-09-11T12:24:34Z",
        "value": "51938.60773277283",
        "cumulative": true
    },
    {
        "date": "2020-09-11T12:24:47Z",
        "value": "54908.952917099",
        "cumulative": true
    },
    {
        "date": "2020-09-11T12:25:04Z",
        "value": "59113.19675064087",
        "cumulative": true
    },
    {
        "date": "2020-09-11T12:25:20Z",
        "value": "61228.370429039",
        "cumulative": true
    },
    {
        "date": "2020-09-11T12:25:38Z",
        "value": "62564.353472709656",
        "cumulative": true
    },
    {
        "date": "2020-09-11T12:25:56Z",
        "value": "63992.741463661194",
        "cumulative": true
    },
    {
        "date": "2020-09-11T12:26:15Z",
        "value": "66424.47453212738",
        "cumulative": true
    },
    {
        "date": "2020-09-11T12:26:34Z",
        "value": "70903.75263881683",
        "cumulative": true
    },
    {
        "date": "2020-09-11T12:26:53Z",
        "value": "75126.24850559235",
        "cumulative": true
    },
    {
        "date": "2020-09-11T12:27:04Z",
        "value": "76719.70225906372",
        "cumulative": true
    },
    {
        "date": "2020-09-11T12:27:20Z",
        "value": "78005.00224113464",
        "cumulative": true
    },
    {
        "date": "2020-09-11T12:27:35Z",
        "value": "79086.64503479004",
        "cumulative": true
    },
    {
        "date": "2020-09-11T12:27:47Z",
        "value": "80039.35013580322",
        "cumulative": true
    },
    {
        "date": "2020-09-11T12:27:59Z",
        "value": "80938.3980960846",
        "cumulative": true
    },
    {
        "date": "2020-09-11T12:28:11Z",
        "value": "81801.8825931549",
        "cumulative": true
    },
    {
        "date": "2020-09-11T12:28:29Z",
        "value": "85334.94671344757",
        "cumulative": true
    },
    {
        "date": "2020-09-11T12:28:45Z",
        "value": "89203.75105762482",
        "cumulative": true
    },
    {
        "date": "2020-09-11T12:29:04Z",
        "value": "93785.0382642746",
        "cumulative": true
    },
    {
        "date": "2020-09-11T12:29:24Z",
        "value": "97029.28400325775",
        "cumulative": true
    },
    {
        "date": "2020-09-11T12:29:35Z",
        "value": "97744.46751117706",
        "cumulative": true
    },
    {
        "date": "2020-09-11T12:29:48Z",
        "value": "98671.77441501617",
        "cumulative": true
    },
    {
        "date": "2020-09-11T12:30:04Z",
        "value": "99769.48649120331",
        "cumulative": true
    },
    {
        "date": "2020-09-11T12:30:17Z",
        "value": "100669.74556446075",
        "cumulative": true
    },
    {
        "date": "2020-09-11T12:30:28Z",
        "value": "101476.1438589096",
        "cumulative": true
    },
    {
        "date": "2020-09-11T12:30:39Z",
        "value": "102205.48471546173",
        "cumulative": true
    },
    {
        "date": "2020-09-11T12:30:55Z",
        "value": "103342.75026988983",
        "cumulative": true
    },
    {
        "date": "2020-09-11T12:31:12Z",
        "value": "106720.42664527893",
        "cumulative": true
    },
    {
        "date": "2020-09-11T12:31:30Z",
        "value": "110885.57270812988",
        "cumulative": true
    },
    {
        "date": "2020-09-11T12:31:49Z",
        "value": "115489.7668018341",
        "cumulative": true
    },
    {
        "date": "2020-09-11T12:32:07Z",
        "value": "119645.27348899841",
        "cumulative": true
    },
    {
        "date": "2020-09-11T12:32:20Z",
        "value": "122092.49952602386",
        "cumulative": true
    },
    {
        "date": "2020-09-11T12:32:38Z",
        "value": "123381.52503299713",
        "cumulative": true
    },
    {
        "date": "2020-09-11T12:32:56Z",
        "value": "124636.58259677887",
        "cumulative": true
    },
    {
        "date": "2020-09-11T12:33:06Z",
        "value": "125399.11829853058",
        "cumulative": true
    },
    {
        "date": "2020-09-11T12:33:24Z",
        "value": "126692.78370380402",
        "cumulative": true
    },
    {
        "date": "2020-09-11T12:33:34Z",
        "value": "127415.63045024872",
        "cumulative": true
    },
    {
        "date": "2020-09-11T12:33:47Z",
        "value": "128319.90190219879",
        "cumulative": true
    },
    {
        "date": "2020-09-11T12:34:00Z",
        "value": "129249.29175853729",
        "cumulative": true
    },
    {
        "date": "2020-09-11T12:34:20Z",
        "value": "130664.08598804474",
        "cumulative": true
    },
    {
        "date": "2020-09-11T12:34:37Z",
        "value": "134191.22108650208",
        "cumulative": true
    },
    {
        "date": "2020-09-11T12:34:54Z",
        "value": "138218.1819000244",
        "cumulative": true
    },
    {
        "date": "2020-09-11T12:35:06Z",
        "value": "140932.97895240784",
        "cumulative": true
    },
    {
        "date": "2020-09-11T12:35:21Z",
        "value": "144323.189743042",
        "cumulative": true
    },
    {
        "date": "2020-09-11T12:35:35Z",
        "value": "147654.77410316467",
        "cumulative": true
    },
    {
        "date": "2020-09-11T12:35:54Z",
        "value": "151797.1645641327",
        "cumulative": true
    },
    {
        "date": "2020-09-11T12:36:08Z",
        "value": "154207.7205247879",
        "cumulative": true
    },
    {
        "date": "2020-09-11T12:36:22Z",
        "value": "155232.3960905075",
        "cumulative": true
    },
    {
        "date": "2020-09-11T12:36:41Z",
        "value": "156552.62050533295",
        "cumulative": true
    },
    {
        "date": "2020-09-11T12:36:53Z",
        "value": "157482.60110378265",
        "cumulative": true
    },
    {
        "date": "2020-09-11T12:37:05Z",
        "value": "158275.84365940094",
        "cumulative": true
    },
    {
        "date": "2020-09-11T12:37:17Z",
        "value": "159112.55677127838",
        "cumulative": true
    },
    {
        "date": "2020-09-11T12:37:35Z",
        "value": "160473.7508535385",
        "cumulative": true
    },
    {
        "date": "2020-09-11T12:37:49Z",
        "value": "161442.11772823334",
        "cumulative": true
    },
    {
        "date": "2020-09-11T12:38:05Z",
        "value": "162637.30830478668",
        "cumulative": true
    },
    {
        "date": "2020-09-11T12:38:22Z",
        "value": "163892.2544298172",
        "cumulative": true
    },
    {
        "date": "2020-09-11T12:38:36Z",
        "value": "164819.8947763443",
        "cumulative": true
    },
    {
        "date": "2020-09-11T12:38:50Z",
        "value": "167078.6581249237",
        "cumulative": true
    },
    {
        "date": "2020-09-11T12:39:05Z",
        "value": "170769.07099342346",
        "cumulative": true
    },
    {
        "date": "2020-09-11T12:39:22Z",
        "value": "174543.34992790222",
        "cumulative": true
    },
    {
        "date": "2020-09-11T12:39:39Z",
        "value": "178616.19984817505",
        "cumulative": true
    },
    {
        "date": "2020-09-11T12:39:55Z",
        "value": "182102.4268798828",
        "cumulative": true
    },
    {
        "date": "2020-09-11T12:40:09Z",
        "value": "185464.48622131348",
        "cumulative": true
    },
    {
        "date": "2020-09-11T12:40:27Z",
        "value": "189506.95801734924",
        "cumulative": true
    },
    {
        "date": "2020-09-11T12:40:45Z",
        "value": "193655.76097869873",
        "cumulative": true
    },
    {
        "date": "2020-09-11T12:40:57Z",
        "value": "194903.2129869461",
        "cumulative": true
    },
    {
        "date": "2020-09-11T12:41:17Z",
        "value": "196220.2436876297",
        "cumulative": true
    },
    {
        "date": "2020-09-11T12:41:31Z",
        "value": "197192.17313480377",
        "cumulative": true
    },
    {
        "date": "2020-09-11T12:41:47Z",
        "value": "198261.33920764923",
        "cumulative": true
    },
    {
        "date": "2020-09-11T12:42:05Z",
        "value": "199479.1996526718",
        "cumulative": true
    },
    {
        "date": "2020-09-11T12:42:17Z",
        "value": "200211.95241641998",
        "cumulative": true
    },
    {
        "date": "2020-09-11T12:42:34Z",
        "value": "201278.38160037994",
        "cumulative": true
    },
    {
        "date": "2020-09-11T12:42:48Z",
        "value": "202223.46198368073",
        "cumulative": true
    },
    {
        "date": "2020-09-11T12:43:03Z",
        "value": "203124.88109874725",
        "cumulative": true
    },
    {
        "date": "2020-09-11T12:43:20Z",
        "value": "204257.86995220184",
        "cumulative": true
    },
    {
        "date": "2020-09-11T12:43:34Z",
        "value": "205158.1368741989",
        "cumulative": true
    },
    {
        "date": "2020-09-11T12:43:53Z",
        "value": "206389.16291713715",
        "cumulative": true
    },
    {
        "date": "2020-09-11T12:44:09Z",
        "value": "207418.79129695892",
        "cumulative": true
    },
    {
        "date": "2020-09-11T12:44:23Z",
        "value": "208322.59737110138",
        "cumulative": true
    },
    {
        "date": "2020-09-11T12:44:35Z",
        "value": "210153.4709262848",
        "cumulative": true
    },
    {
        "date": "2020-09-11T12:44:55Z",
        "value": "214558.45528793335",
        "cumulative": true
    },
    {
        "date": "2020-09-11T12:45:11Z",
        "value": "218220.85824775696",
        "cumulative": true
    },
    {
        "date": "2020-09-11T12:45:25Z",
        "value": "221519.87035560608",
        "cumulative": true
    },
    {
        "date": "2020-09-11T12:45:44Z",
        "value": "225918.1219806671",
        "cumulative": true
    },
    {
        "date": "2020-09-11T12:45:59Z",
        "value": "229219.91602897644",
        "cumulative": true
    },
    {
        "date": "2020-09-11T12:46:19Z",
        "value": "233621.3484840393",
        "cumulative": true
    },
    {
        "date": "2020-09-11T12:46:35Z",
        "value": "237300.18328094482",
        "cumulative": true
    },
    {
        "date": "2020-09-11T12:46:49Z",
        "value": "240610.18000411987",
        "cumulative": true
    },
    {
        "date": "2020-09-11T12:47:07Z",
        "value": "244634.94638633728",
        "cumulative": true
    },
    {
        "date": "2020-09-11T12:47:20Z",
        "value": "245909.05832767487",
        "cumulative": true
    },
    {
        "date": "2020-09-11T12:47:33Z",
        "value": "246814.9581823349",
        "cumulative": true
    },
    {
        "date": "2020-09-11T12:47:48Z",
        "value": "247805.3005399704",
        "cumulative": true
    },
    {
        "date": "2020-09-11T12:48:01Z",
        "value": "248665.99675655365",
        "cumulative": true
    },
    {
        "date": "2020-09-11T12:48:19Z",
        "value": "249813.54484462738",
        "cumulative": true
    },
    {
        "date": "2020-09-11T12:48:30Z",
        "value": "250492.58084392548",
        "cumulative": true
    },
    {
        "date": "2020-09-11T12:48:48Z",
        "value": "251724.21895885468",
        "cumulative": true
    },
    {
        "date": "2020-09-11T12:49:04Z",
        "value": "252811.85124492645",
        "cumulative": true
    },
    {
        "date": "2020-09-11T12:49:15Z",
        "value": "253442.13366413116",
        "cumulative": true
    },
    {
        "date": "2020-09-11T12:49:25Z",
        "value": "254094.1559419632",
        "cumulative": true
    },
    {
        "date": "2020-09-11T12:49:39Z",
        "value": "254991.70391368866",
        "cumulative": true
    },
    {
        "date": "2020-09-11T12:49:49Z",
        "value": "255609.49511814117",
        "cumulative": true
    },
    {
        "date": "2020-09-11T12:50:01Z",
        "value": "256312.83215999603",
        "cumulative": true
    },
    {
        "date": "2020-09-11T12:50:20Z",
        "value": "257534.2926454544",
        "cumulative": true
    },
    {
        "date": "2020-09-11T12:50:31Z",
        "value": "258267.29719638824",
        "cumulative": true
    },
    {
        "date": "2020-09-11T12:50:50Z",
        "value": "259527.5865240097",
        "cumulative": true
    },
    {
        "date": "2020-09-11T12:51:07Z",
        "value": "260614.1134672165",
        "cumulative": true
    },
    {
        "date": "2020-09-11T12:51:25Z",
        "value": "261704.47423648834",
        "cumulative": true
    },
    {
        "date": "2020-09-11T12:51:38Z",
        "value": "262491.95867443085",
        "cumulative": true
    },
    {
        "date": "2020-09-11T12:51:51Z",
        "value": "263339.5357542038",
        "cumulative": true
    },
    {
        "date": "2020-09-11T12:52:05Z",
        "value": "266239.9767379761",
        "cumulative": true
    },
    {
        "date": "2020-09-11T12:52:18Z",
        "value": "268972.3355484009",
        "cumulative": true
    },
    {
        "date": "2020-09-11T12:52:29Z",
        "value": "271392.0594177246",
        "cumulative": true
    },
    {
        "date": "2020-09-11T12:52:40Z",
        "value": "274064.4201622009",
        "cumulative": true
    },
    {
        "date": "2020-09-11T12:52:59Z",
        "value": "278120.73926353455",
        "cumulative": true
    },
    {
        "date": "2020-09-11T12:53:12Z",
        "value": "281110.1599140167",
        "cumulative": true
    },
    {
        "date": "2020-09-11T12:53:31Z",
        "value": "285742.5420188904",
        "cumulative": true
    },
    {
        "date": "2020-09-11T12:53:44Z",
        "value": "288513.5324420929",
        "cumulative": true
    },
    {
        "date": "2020-09-11T12:53:59Z",
        "value": "292014.1426849365",
        "cumulative": true
    },
    {
        "date": "2020-09-11T12:54:15Z",
        "value": "295472.06739616394",
        "cumulative": true
    },
    {
        "date": "2020-09-11T12:54:30Z",
        "value": "298713.168844223",
        "cumulative": true
    },
    {
        "date": "2020-09-11T12:54:42Z",
        "value": "301787.94268226624",
        "cumulative": true
    },
    {
        "date": "2020-09-11T12:54:57Z",
        "value": "305092.35077285767",
        "cumulative": true
    },
    {
        "date": "2020-09-11T12:55:07Z",
        "value": "307518.65582466125",
        "cumulative": true
    },
    {
        "date": "2020-09-11T12:55:25Z",
        "value": "310336.7951402664",
        "cumulative": true
    },
    {
        "date": "2020-09-11T12:55:37Z",
        "value": "311209.58420848846",
        "cumulative": true
    },
    {
        "date": "2020-09-11T12:55:56Z",
        "value": "312448.7063322067",
        "cumulative": true
    },
    {
        "date": "2020-09-11T12:56:07Z",
        "value": "313168.86452388763",
        "cumulative": true
    },
    {
        "date": "2020-09-11T12:56:18Z",
        "value": "313960.3778219223",
        "cumulative": true
    },
    {
        "date": "2020-09-11T12:56:29Z",
        "value": "314648.43944454193",
        "cumulative": true
    },
    {
        "date": "2020-09-11T12:56:48Z",
        "value": "315824.8852376938",
        "cumulative": true
    },
    {
        "date": "2020-09-11T12:57:00Z",
        "value": "316548.25231075287",
        "cumulative": true
    },
    {
        "date": "2020-09-11T12:57:10Z",
        "value": "317215.8483552933",
        "cumulative": true
    },
    {
        "date": "2020-09-11T12:57:27Z",
        "value": "318317.42747211456",
        "cumulative": true
    },
    {
        "date": "2020-09-11T12:57:47Z",
        "value": "319554.30270671844",
        "cumulative": true
    },
    {
        "date": "2020-09-11T12:57:59Z",
        "value": "320383.1907262802",
        "cumulative": true
    },
    {
        "date": "2020-09-11T12:58:12Z",
        "value": "321294.21614170074",
        "cumulative": true
    },
    {
        "date": "2020-09-11T12:58:23Z",
        "value": "321982.44388103485",
        "cumulative": true
    },
    {
        "date": "2020-09-11T12:58:43Z",
        "value": "323232.94150829315",
        "cumulative": true
    },
    {
        "date": "2020-09-11T12:59:00Z",
        "value": "324307.15712833405",
        "cumulative": true
    },
    {
        "date": "2020-09-11T12:59:15Z",
        "value": "325241.6981668472",
        "cumulative": true
    },
    {
        "date": "2020-09-11T12:59:31Z",
        "value": "326341.3091955185",
        "cumulative": true
    },
    {
        "date": "2020-09-11T12:59:50Z",
        "value": "327529.28470897675",
        "cumulative": true
    },
    {
        "date": "2020-09-11T13:00:06Z",
        "value": "328639.88865947723",
        "cumulative": true
    },
    {
        "date": "2020-09-11T13:00:24Z",
        "value": "329735.98608875275",
        "cumulative": true
    },
    {
        "date": "2020-09-11T13:00:41Z",
        "value": "330758.08267879486",
        "cumulative": true
    },
    {
        "date": "2020-09-11T13:00:59Z",
        "value": "331944.60054302216",
        "cumulative": true
    },
    {
        "date": "2020-09-11T13:01:12Z",
        "value": "332987.1899871826",
        "cumulative": true
    },
    {
        "date": "2020-09-11T13:01:26Z",
        "value": "335813.03891944885",
        "cumulative": true
    },
    {
        "date": "2020-09-11T13:01:40Z",
        "value": "339186.61909866333",
        "cumulative": true
    },
    {
        "date": "2020-09-11T13:01:54Z",
        "value": "342252.7232475281",
        "cumulative": true
    },
    {
        "date": "2020-09-11T13:02:08Z",
        "value": "345168.25482940674",
        "cumulative": true
    },
    {
        "date": "2020-09-11T13:02:27Z",
        "value": "349709.82691574097",
        "cumulative": true
    },
    {
        "date": "2020-09-11T13:02:40Z",
        "value": "352307.2432727814",
        "cumulative": true
    },
    {
        "date": "2020-09-11T13:02:58Z",
        "value": "356565.585187912",
        "cumulative": true
    },
    {
        "date": "2020-09-11T13:03:17Z",
        "value": "360825.0270614624",
        "cumulative": true
    },
    {
        "date": "2020-09-11T13:03:31Z",
        "value": "363747.4293727875",
        "cumulative": true
    },
    {
        "date": "2020-09-11T13:03:44Z",
        "value": "366836.0789928436",
        "cumulative": true
    },
    {
        "date": "2020-09-11T13:04:01Z",
        "value": "370752.97058677673",
        "cumulative": true
    },
    {
        "date": "2020-09-11T13:04:15Z",
        "value": "373891.8163318634",
        "cumulative": true
    },
    {
        "date": "2020-09-11T13:04:30Z",
        "value": "377276.35655784607",
        "cumulative": true
    },
    {
        "date": "2020-09-11T13:04:42Z",
        "value": "380109.09726142883",
        "cumulative": true
    },
    {
        "date": "2020-09-11T13:04:56Z",
        "value": "383204.228061676",
        "cumulative": true
    },
    {
        "date": "2020-09-11T13:05:13Z",
        "value": "387195.0829925537",
        "cumulative": true
    },
    {
        "date": "2020-09-11T13:05:26Z",
        "value": "390049.30330467224",
        "cumulative": true
    },
    {
        "date": "2020-09-11T13:05:38Z",
        "value": "391643.47127342224",
        "cumulative": true
    },
    {
        "date": "2020-09-11T13:05:55Z",
        "value": "392764.1311149597",
        "cumulative": true
    },
    {
        "date": "2020-09-11T13:06:08Z",
        "value": "393673.4267692566",
        "cumulative": true
    },
    {
        "date": "2020-09-11T13:06:26Z",
        "value": "394979.7325210571",
        "cumulative": true
    },
    {
        "date": "2020-09-11T13:06:38Z",
        "value": "395645.70837020874",
        "cumulative": true
    },
    {
        "date": "2020-09-11T13:06:48Z",
        "value": "396425.8076286316",
        "cumulative": true
    },
    {
        "date": "2020-09-11T13:07:04Z",
        "value": "397340.4074897766",
        "cumulative": true
    },
    {
        "date": "2020-09-11T13:07:15Z",
        "value": "398164.1270084381",
        "cumulative": true
    },
    {
        "date": "2020-09-11T13:07:27Z",
        "value": "398825.89241981506",
        "cumulative": true
    },
    {
        "date": "2020-09-11T13:07:41Z",
        "value": "399695.9352970123",
        "cumulative": true
    },
    {
        "date": "2020-09-11T13:07:55Z",
        "value": "400616.6826133728",
        "cumulative": true
    },
    {
        "date": "2020-09-11T13:08:12Z",
        "value": "401690.69226264954",
        "cumulative": true
    },
    {
        "date": "2020-09-11T13:08:27Z",
        "value": "402798.3276157379",
        "cumulative": true
    },
    {
        "date": "2020-09-11T13:08:47Z",
        "value": "403981.9753704071",
        "cumulative": true
    },
    {
        "date": "2020-09-11T13:08:59Z",
        "value": "404823.8340187073",
        "cumulative": true
    },
    {
        "date": "2020-09-11T13:09:10Z",
        "value": "405459.20998573303",
        "cumulative": true
    },
    {
        "date": "2020-09-11T13:09:29Z",
        "value": "406630.80830574036",
        "cumulative": true
    },
    {
        "date": "2020-09-11T13:09:43Z",
        "value": "407538.0941467285",
        "cumulative": true
    },
    {
        "date": "2020-09-11T13:10:00Z",
        "value": "408617.6034221649",
        "cumulative": true
    },
    {
        "date": "2020-09-11T13:10:16Z",
        "value": "409739.2340373993",
        "cumulative": true
    },
    {
        "date": "2020-09-11T13:10:28Z",
        "value": "410406.96476364136",
        "cumulative": true
    },
    {
        "date": "2020-09-11T13:10:45Z",
        "value": "411485.2023830414",
        "cumulative": true
    },
    {
        "date": "2020-09-11T13:10:58Z",
        "value": "412351.32093048096",
        "cumulative": true
    },
    {
        "date": "2020-09-11T13:11:13Z",
        "value": "413288.8151988983",
        "cumulative": true
    },
    {
        "date": "2020-09-11T13:11:30Z",
        "value": "414403.53437805176",
        "cumulative": true
    },
    {
        "date": "2020-09-11T13:11:41Z",
        "value": "415086.4449119568",
        "cumulative": true
    },
    {
        "date": "2020-09-11T13:11:51Z",
        "value": "415822.68604660034",
        "cumulative": true
    },
    {
        "date": "2020-09-11T13:12:06Z",
        "value": "416709.68375968933",
        "cumulative": true
    },
    {
        "date": "2020-09-11T13:12:21Z",
        "value": "417660.5963001251",
        "cumulative": true
    },
    {
        "date": "2020-09-11T13:12:40Z",
        "value": "419004.67084884644",
        "cumulative": true
    },
    {
        "date": "2020-09-11T13:12:51Z",
        "value": "419627.53992652893",
        "cumulative": true
    },
    {
        "date": "2020-09-11T13:13:05Z",
        "value": "420162.62219905853",
        "cumulative": true
    }
]