[
    {
        "date": "2020-09-11T12:18:01Z",
        "value": "2.6796875",
        "cumulative": false
    },
    {
        "date": "2020-09-11T12:18:20Z",
        "value": "1052.82421875",
        "cumulative": false
    },
    {
        "date": "2020-09-11T12:18:35Z",
        "value": "1058.59765625",
        "cumulative": false
    },
    {
        "date": "2020-09-11T12:18:52Z",
        "value": "1073.9296875",
        "cumulative": false
    },
    {
        "date": "2020-09-11T12:19:07Z",
        "value": "1096.3046875",
        "cumulative": false
    },
    {
        "date": "2020-09-11T12:19:24Z",
        "value": "1107.37109375",
        "cumulative": false
    },
    {
        "date": "2020-09-11T12:19:44Z",
        "value": "1137.21484375",
        "cumulative": false
    },
    {
        "date": "2020-09-11T12:19:55Z",
        "value": "1137.01171875",
        "cumulative": false
    },
    {
        "date": "2020-09-11T12:20:13Z",
        "value": "1154.6953125",
        "cumulative": false
    },
    {
        "date": "2020-09-11T12:20:29Z",
        "value": "1177.03125",
        "cumulative": false
    },
    {
        "date": "2020-09-11T12:20:40Z",
        "value": "1177.03125",
        "cumulative": false
    },
    {
        "date": "2020-09-11T12:20:54Z",
        "value": "1205.234375",
        "cumulative": false
    },
    {
        "date": "2020-09-11T12:21:13Z",
        "value": "1216.87890625",
        "cumulative": false
    },
    {
        "date": "2020-09-11T12:21:31Z",
        "value": "1246.36328125",
        "cumulative": false
    },
    {
        "date": "2020-09-11T12:21:41Z",
        "value": "1246.36328125",
        "cumulative": false
    },
    {
        "date": "2020-09-11T12:21:54Z",
        "value": "1255.53515625",
        "cumulative": false
    },
    {
        "date": "2020-09-11T12:22:06Z",
        "value": "1255.53515625",
        "cumulative": false
    },
    {
        "date": "2020-09-11T12:22:20Z",
        "value": "1292.7578125",
        "cumulative": false
    },
    {
        "date": "2020-09-11T12:22:32Z",
        "value": "1292.7578125",
        "cumulative": false
    },
    {
        "date": "2020-09-11T12:22:44Z",
        "value": "1267.21484375",
        "cumulative": false
    },
    {
        "date": "2020-09-11T12:22:58Z",
        "value": "1293.51953125",
        "cumulative": false
    },
    {
        "date": "2020-09-11T12:23:08Z",
        "value": "1289.96484375",
        "cumulative": false
    },
    {
        "date": "2020-09-11T12:23:21Z",
        "value": "1314.2265625",
        "cumulative": false
    },
    {
        "date": "2020-09-11T12:23:35Z",
        "value": "1314.2265625",
        "cumulative": false
    },
    {
        "date": "2020-09-11T12:23:46Z",
        "value": "1314.44921875",
        "cumulative": false
    },
    {
        "date": "2020-09-11T12:24:04Z",
        "value": "1319.1015625",
        "cumulative": false
    },
    {
        "date": "2020-09-11T12:24:15Z",
        "value": "1319.1015625",
        "cumulative": false
    },
    {
        "date": "2020-09-11T12:24:27Z",
        "value": "1319.1015625",
        "cumulative": false
    },
    {
        "date": "2020-09-11T12:24:43Z",
        "value": "1378.51953125",
        "cumulative": false
    },
    {
        "date": "2020-09-11T12:24:55Z",
        "value": "1378.453125",
        "cumulative": false
    },
    {
        "date": "2020-09-11T12:25:13Z",
        "value": "1384.6328125",
        "cumulative": false
    },
    {
        "date": "2020-09-11T12:25:30Z",
        "value": "1384.69921875",
        "cumulative": false
    },
    {
        "date": "2020-09-11T12:25:47Z",
        "value": "1384.6328125",
        "cumulative": false
    },
    {
        "date": "2020-09-11T12:26:03Z",
        "value": "1384.69921875",
        "cumulative": false
    },
    {
        "date": "2020-09-11T12:26:15Z",
        "value": "1459.53125",
        "cumulative": false
    },
    {
        "date": "2020-09-11T12:26:31Z",
        "value": "1534.28125",
        "cumulative": false
    },
    {
        "date": "2020-09-11T12:26:48Z",
        "value": "1459.5546875",
        "cumulative": false
    },
    {
        "date": "2020-09-11T12:27:02Z",
        "value": "1560.78125",
        "cumulative": false
    },
    {
        "date": "2020-09-11T12:27:13Z",
        "value": "1459.73828125",
        "cumulative": false
    },
    {
        "date": "2020-09-11T12:27:31Z",
        "value": "1459.73828125",
        "cumulative": false
    },
    {
        "date": "2020-09-11T12:27:41Z",
        "value": "1511.28125",
        "cumulative": false
    },
    {
        "date": "2020-09-11T12:27:56Z",
        "value": "1459.6953125",
        "cumulative": false
    },
    {
        "date": "2020-09-11T12:28:11Z",
        "value": "1499.53125",
        "cumulative": false
    },
    {
        "date": "2020-09-11T12:28:29Z",
        "value": "1554.08984375",
        "cumulative": false
    },
    {
        "date": "2020-09-11T12:28:47Z",
        "value": "1554.1171875",
        "cumulative": false
    },
    {
        "date": "2020-09-11T12:29:05Z",
        "value": "1554.1171875",
        "cumulative": false
    },
    {
        "date": "2020-09-11T12:29:16Z",
        "value": "1554.1171875",
        "cumulative": false
    },
    {
        "date": "2020-09-11T12:29:30Z",
        "value": "1554.08984375",
        "cumulative": false
    },
    {
        "date": "2020-09-11T12:29:47Z",
        "value": "1554.08984375",
        "cumulative": false
    },
    {
        "date": "2020-09-11T12:30:02Z",
        "value": "1554.08984375",
        "cumulative": false
    },
    {
        "date": "2020-09-11T12:30:18Z",
        "value": "1554.08984375",
        "cumulative": false
    },
    {
        "date": "2020-09-11T12:30:33Z",
        "value": "1554.08984375",
        "cumulative": false
    },
    {
        "date": "2020-09-11T12:30:50Z",
        "value": "1560.81640625",
        "cumulative": false
    },
    {
        "date": "2020-09-11T12:31:03Z",
        "value": "1673.50390625",
        "cumulative": false
    },
    {
        "date": "2020-09-11T12:31:20Z",
        "value": "1673.5078125",
        "cumulative": false
    },
    {
        "date": "2020-09-11T12:31:37Z",
        "value": "1673.5078125",
        "cumulative": false
    },
    {
        "date": "2020-09-11T12:31:48Z",
        "value": "1673.50390625",
        "cumulative": false
    },
    {
        "date": "2020-09-11T12:32:04Z",
        "value": "1673.50390625",
        "cumulative": false
    },
    {
        "date": "2020-09-11T12:32:17Z",
        "value": "1783.50390625",
        "cumulative": false
    },
    {
        "date": "2020-09-11T12:32:32Z",
        "value": "1673.50390625",
        "cumulative": false
    },
    {
        "date": "2020-09-11T12:32:44Z",
        "value": "1673.5703125",
        "cumulative": false
    },
    {
        "date": "2020-09-11T12:32:59Z",
        "value": "1673.5703125",
        "cumulative": false
    },
    {
        "date": "2020-09-11T12:33:15Z",
        "value": "1673.50390625",
        "cumulative": false
    },
    {
        "date": "2020-09-11T12:33:25Z",
        "value": "1702.00390625",
        "cumulative": false
    },
    {
        "date": "2020-09-11T12:33:38Z",
        "value": "1673.50390625",
        "cumulative": false
    },
    {
        "date": "2020-09-11T12:33:48Z",
        "value": "1673.50390625",
        "cumulative": false
    },
    {
        "date": "2020-09-11T12:34:01Z",
        "value": "1673.5703125",
        "cumulative": false
    },
    {
        "date": "2020-09-11T12:34:17Z",
        "value": "1673.50390625",
        "cumulative": false
    },
    {
        "date": "2020-09-11T12:34:28Z",
        "value": "1824.34765625",
        "cumulative": false
    },
    {
        "date": "2020-09-11T12:34:47Z",
        "value": "1909.25390625",
        "cumulative": false
    },
    {
        "date": "2020-09-11T12:34:59Z",
        "value": "1916.47265625",
        "cumulative": false
    },
    {
        "date": "2020-09-11T12:35:13Z",
        "value": "1824.25390625",
        "cumulative": false
    },
    {
        "date": "2020-09-11T12:35:27Z",
        "value": "1868.00390625",
        "cumulative": false
    },
    {
        "date": "2020-09-11T12:35:44Z",
        "value": "1824.34765625",
        "cumulative": false
    },
    {
        "date": "2020-09-11T12:36:01Z",
        "value": "1940.62890625",
        "cumulative": false
    },
    {
        "date": "2020-09-11T12:36:21Z",
        "value": "2047.50390625",
        "cumulative": false
    },
    {
        "date": "2020-09-11T12:36:32Z",
        "value": "1966.98828125",
        "cumulative": false
    },
    {
        "date": "2020-09-11T12:36:49Z",
        "value": "1899.47265625",
        "cumulative": false
    },
    {
        "date": "2020-09-11T12:37:09Z",
        "value": "2041.25390625",
        "cumulative": false
    },
    {
        "date": "2020-09-11T12:37:21Z",
        "value": "1826.89453125",
        "cumulative": false
    },
    {
        "date": "2020-09-11T12:37:36Z",
        "value": "1824.26953125",
        "cumulative": false
    },
    {
        "date": "2020-09-11T12:37:55Z",
        "value": "1824.25390625",
        "cumulative": false
    },
    {
        "date": "2020-09-11T12:38:10Z",
        "value": "2046.75390625",
        "cumulative": false
    },
    {
        "date": "2020-09-11T12:38:23Z",
        "value": "1899.47265625",
        "cumulative": false
    },
    {
        "date": "2020-09-11T12:38:33Z",
        "value": "1824.25390625",
        "cumulative": false
    },
    {
        "date": "2020-09-11T12:38:44Z",
        "value": "2204.58984375",
        "cumulative": false
    },
    {
        "date": "2020-09-11T12:39:00Z",
        "value": "2014.6953125",
        "cumulative": false
    },
    {
        "date": "2020-09-11T12:39:13Z",
        "value": "2135.58984375",
        "cumulative": false
    },
    {
        "date": "2020-09-11T12:39:25Z",
        "value": "2014.6953125",
        "cumulative": false
    },
    {
        "date": "2020-09-11T12:39:42Z",
        "value": "2014.58984375",
        "cumulative": false
    },
    {
        "date": "2020-09-11T12:39:53Z",
        "value": "2137.08984375",
        "cumulative": false
    },
    {
        "date": "2020-09-11T12:40:08Z",
        "value": "2033.46484375",
        "cumulative": false
    },
    {
        "date": "2020-09-11T12:40:24Z",
        "value": "2202.71484375",
        "cumulative": false
    },
    {
        "date": "2020-09-11T12:40:41Z",
        "value": "2014.58984375",
        "cumulative": false
    },
    {
        "date": "2020-09-11T12:40:58Z",
        "value": "2014.59765625",
        "cumulative": false
    },
    {
        "date": "2020-09-11T12:41:17Z",
        "value": "2014.59765625",
        "cumulative": false
    },
    {
        "date": "2020-09-11T12:41:35Z",
        "value": "2014.60546875",
        "cumulative": false
    },
    {
        "date": "2020-09-11T12:41:54Z",
        "value": "2014.59765625",
        "cumulative": false
    },
    {
        "date": "2020-09-11T12:42:06Z",
        "value": "2297.72265625",
        "cumulative": false
    },
    {
        "date": "2020-09-11T12:42:20Z",
        "value": "2014.66015625",
        "cumulative": false
    },
    {
        "date": "2020-09-11T12:42:39Z",
        "value": "2069.97265625",
        "cumulative": false
    },
    {
        "date": "2020-09-11T12:42:52Z",
        "value": "2014.64453125",
        "cumulative": false
    },
    {
        "date": "2020-09-11T12:43:03Z",
        "value": "2014.59765625",
        "cumulative": false
    },
    {
        "date": "2020-09-11T12:43:23Z",
        "value": "2014.62109375",
        "cumulative": false
    },
    {
        "date": "2020-09-11T12:43:34Z",
        "value": "2014.59765625",
        "cumulative": false
    },
    {
        "date": "2020-09-11T12:43:49Z",
        "value": "2014.60546875",
        "cumulative": false
    },
    {
        "date": "2020-09-11T12:44:04Z",
        "value": "2130.84765625",
        "cumulative": false
    },
    {
        "date": "2020-09-11T12:44:22Z",
        "value": "2104.890625",
        "cumulative": false
    },
    {
        "date": "2020-09-11T12:44:39Z",
        "value": "2289.5703125",
        "cumulative": false
    },
    {
        "date": "2020-09-11T12:44:55Z",
        "value": "2254.9453125",
        "cumulative": false
    },
    {
        "date": "2020-09-11T12:45:09Z",
        "value": "2254.9453125",
        "cumulative": false
    },
    {
        "date": "2020-09-11T12:45:28Z",
        "value": "2254.9453125",
        "cumulative": false
    },
    {
        "date": "2020-09-11T12:45:46Z",
        "value": "2274.3203125",
        "cumulative": false
    },
    {
        "date": "2020-09-11T12:46:05Z",
        "value": "2254.9453125",
        "cumulative": false
    },
    {
        "date": "2020-09-11T12:46:24Z",
        "value": "2433.32421875",
        "cumulative": false
    },
    {
        "date": "2020-09-11T12:46:41Z",
        "value": "2254.94921875",
        "cumulative": false
    },
    {
        "date": "2020-09-11T12:46:58Z",
        "value": "2477.32421875",
        "cumulative": false
    },
    {
        "date": "2020-09-11T12:47:16Z",
        "value": "2254.94921875",
        "cumulative": false
    },
    {
        "date": "2020-09-11T12:47:35Z",
        "value": "2315.57421875",
        "cumulative": false
    },
    {
        "date": "2020-09-11T12:47:55Z",
        "value": "2254.96875",
        "cumulative": false
    },
    {
        "date": "2020-09-11T12:48:05Z",
        "value": "2254.94921875",
        "cumulative": false
    },
    {
        "date": "2020-09-11T12:48:16Z",
        "value": "2254.94921875",
        "cumulative": false
    },
    {
        "date": "2020-09-11T12:48:28Z",
        "value": "2255.015625",
        "cumulative": false
    },
    {
        "date": "2020-09-11T12:48:44Z",
        "value": "2254.94921875",
        "cumulative": false
    },
    {
        "date": "2020-09-11T12:48:55Z",
        "value": "2254.94921875",
        "cumulative": false
    },
    {
        "date": "2020-09-11T12:49:11Z",
        "value": "2255.00390625",
        "cumulative": false
    },
    {
        "date": "2020-09-11T12:49:29Z",
        "value": "2254.953125",
        "cumulative": false
    },
    {
        "date": "2020-09-11T12:49:41Z",
        "value": "2254.94921875",
        "cumulative": false
    },
    {
        "date": "2020-09-11T12:49:54Z",
        "value": "2255.09375",
        "cumulative": false
    },
    {
        "date": "2020-09-11T12:50:13Z",
        "value": "2254.953125",
        "cumulative": false
    },
    {
        "date": "2020-09-11T12:50:32Z",
        "value": "2254.94921875",
        "cumulative": false
    },
    {
        "date": "2020-09-11T12:50:48Z",
        "value": "2485.82421875",
        "cumulative": false
    },
    {
        "date": "2020-09-11T12:51:04Z",
        "value": "2254.953125",
        "cumulative": false
    },
    {
        "date": "2020-09-11T12:51:22Z",
        "value": "2255.08203125",
        "cumulative": false
    },
    {
        "date": "2020-09-11T12:51:42Z",
        "value": "2305.32421875",
        "cumulative": false
    },
    {
        "date": "2020-09-11T12:51:58Z",
        "value": "2648.48828125",
        "cumulative": false
    },
    {
        "date": "2020-09-11T12:52:18Z",
        "value": "2558.36328125",
        "cumulative": false
    },
    {
        "date": "2020-09-11T12:52:32Z",
        "value": "2558.36328125",
        "cumulative": false
    },
    {
        "date": "2020-09-11T12:52:49Z",
        "value": "2558.36328125",
        "cumulative": false
    },
    {
        "date": "2020-09-11T12:53:05Z",
        "value": "2558.38671875",
        "cumulative": false
    },
    {
        "date": "2020-09-11T12:53:22Z",
        "value": "2575.86328125",
        "cumulative": false
    },
    {
        "date": "2020-09-11T12:53:41Z",
        "value": "2558.36328125",
        "cumulative": false
    },
    {
        "date": "2020-09-11T12:54:01Z",
        "value": "2558.36328125",
        "cumulative": false
    },
    {
        "date": "2020-09-11T12:54:14Z",
        "value": "2607.11328125",
        "cumulative": false
    },
    {
        "date": "2020-09-11T12:54:26Z",
        "value": "2558.36328125",
        "cumulative": false
    },
    {
        "date": "2020-09-11T12:54:39Z",
        "value": "2558.36328125",
        "cumulative": false
    },
    {
        "date": "2020-09-11T12:54:54Z",
        "value": "2558.36328125",
        "cumulative": false
    },
    {
        "date": "2020-09-11T12:55:09Z",
        "value": "2855.73828125",
        "cumulative": false
    },
    {
        "date": "2020-09-11T12:55:28Z",
        "value": "2558.56640625",
        "cumulative": false
    },
    {
        "date": "2020-09-11T12:55:45Z",
        "value": "2558.46875",
        "cumulative": false
    },
    {
        "date": "2020-09-11T12:55:59Z",
        "value": "2558.36328125",
        "cumulative": false
    },
    {
        "date": "2020-09-11T12:56:16Z",
        "value": "2558.36328125",
        "cumulative": false
    },
    {
        "date": "2020-09-11T12:56:33Z",
        "value": "2558.37109375",
        "cumulative": false
    },
    {
        "date": "2020-09-11T12:56:47Z",
        "value": "2910.98828125",
        "cumulative": false
    },
    {
        "date": "2020-09-11T12:57:04Z",
        "value": "2558.36328125",
        "cumulative": false
    },
    {
        "date": "2020-09-11T12:57:22Z",
        "value": "2558.36328125",
        "cumulative": false
    },
    {
        "date": "2020-09-11T12:57:38Z",
        "value": "2558.37109375",
        "cumulative": false
    },
    {
        "date": "2020-09-11T12:57:57Z",
        "value": "2558.36328125",
        "cumulative": false
    },
    {
        "date": "2020-09-11T12:58:10Z",
        "value": "2558.55859375",
        "cumulative": false
    },
    {
        "date": "2020-09-11T12:58:24Z",
        "value": "2558.5625",
        "cumulative": false
    },
    {
        "date": "2020-09-11T12:58:36Z",
        "value": "2558.36328125",
        "cumulative": false
    },
    {
        "date": "2020-09-11T12:58:47Z",
        "value": "2558.36328125",
        "cumulative": false
    },
    {
        "date": "2020-09-11T12:59:02Z",
        "value": "2558.36328125",
        "cumulative": false
    },
    {
        "date": "2020-09-11T12:59:20Z",
        "value": "2607.99609375",
        "cumulative": false
    },
    {
        "date": "2020-09-11T12:59:38Z",
        "value": "2810.48828125",
        "cumulative": false
    },
    {
        "date": "2020-09-11T12:59:56Z",
        "value": "2558.36328125",
        "cumulative": false
    },
    {
        "date": "2020-09-11T13:00:10Z",
        "value": "2559.48828125",
        "cumulative": false
    },
    {
        "date": "2020-09-11T13:00:22Z",
        "value": "2558.36328125",
        "cumulative": false
    },
    {
        "date": "2020-09-11T13:00:35Z",
        "value": "2558.36328125",
        "cumulative": false
    },
    {
        "date": "2020-09-11T13:00:45Z",
        "value": "2558.36328125",
        "cumulative": false
    },
    {
        "date": "2020-09-11T13:01:04Z",
        "value": "2800.48828125",
        "cumulative": false
    },
    {
        "date": "2020-09-11T13:01:20Z",
        "value": "2941.49609375",
        "cumulative": false
    },
    {
        "date": "2020-09-11T13:01:34Z",
        "value": "2941.46484375",
        "cumulative": false
    },
    {
        "date": "2020-09-11T13:01:46Z",
        "value": "3323.71484375",
        "cumulative": false
    },
    {
        "date": "2020-09-11T13:01:58Z",
        "value": "3027.71484375",
        "cumulative": false
    },
    {
        "date": "2020-09-11T13:02:11Z",
        "value": "2941.46484375",
        "cumulative": false
    },
    {
        "date": "2020-09-11T13:02:27Z",
        "value": "2941.46484375",
        "cumulative": false
    },
    {
        "date": "2020-09-11T13:02:46Z",
        "value": "2941.46484375",
        "cumulative": false
    },
    {
        "date": "2020-09-11T13:02:59Z",
        "value": "3221.33984375",
        "cumulative": false
    },
    {
        "date": "2020-09-11T13:03:09Z",
        "value": "3248.58984375",
        "cumulative": false
    },
    {
        "date": "2020-09-11T13:03:23Z",
        "value": "2941.49609375",
        "cumulative": false
    },
    {
        "date": "2020-09-11T13:03:37Z",
        "value": "2941.46484375",
        "cumulative": false
    },
    {
        "date": "2020-09-11T13:03:52Z",
        "value": "2941.46484375",
        "cumulative": false
    },
    {
        "date": "2020-09-11T13:04:06Z",
        "value": "3321.83984375",
        "cumulative": false
    },
    {
        "date": "2020-09-11T13:04:18Z",
        "value": "2941.46484375",
        "cumulative": false
    },
    {
        "date": "2020-09-11T13:04:34Z",
        "value": "3074.96484375",
        "cumulative": false
    },
    {
        "date": "2020-09-11T13:04:52Z",
        "value": "2941.46484375",
        "cumulative": false
    },
    {
        "date": "2020-09-11T13:05:06Z",
        "value": "2941.49609375",
        "cumulative": false
    },
    {
        "date": "2020-09-11T13:05:26Z",
        "value": "3131.33984375",
        "cumulative": false
    },
    {
        "date": "2020-09-11T13:05:37Z",
        "value": "2941.46484375",
        "cumulative": false
    },
    {
        "date": "2020-09-11T13:05:55Z",
        "value": "2941.46484375",
        "cumulative": false
    },
    {
        "date": "2020-09-11T13:06:15Z",
        "value": "2941.53125",
        "cumulative": false
    },
    {
        "date": "2020-09-11T13:06:28Z",
        "value": "2941.5078125",
        "cumulative": false
    },
    {
        "date": "2020-09-11T13:06:46Z",
        "value": "2941.46484375",
        "cumulative": false
    },
    {
        "date": "2020-09-11T13:07:02Z",
        "value": "3101.83984375",
        "cumulative": false
    },
    {
        "date": "2020-09-11T13:07:16Z",
        "value": "2941.671875",
        "cumulative": false
    },
    {
        "date": "2020-09-11T13:07:34Z",
        "value": "3513.62109375",
        "cumulative": false
    },
    {
        "date": "2020-09-11T13:07:45Z",
        "value": "2941.50390625",
        "cumulative": false
    },
    {
        "date": "2020-09-11T13:08:04Z",
        "value": "2941.46484375",
        "cumulative": false
    },
    {
        "date": "2020-09-11T13:08:24Z",
        "value": "3500.08984375",
        "cumulative": false
    },
    {
        "date": "2020-09-11T13:08:41Z",
        "value": "2972.08984375",
        "cumulative": false
    },
    {
        "date": "2020-09-11T13:08:57Z",
        "value": "2941.46484375",
        "cumulative": false
    },
    {
        "date": "2020-09-11T13:09:13Z",
        "value": "2941.51953125",
        "cumulative": false
    },
    {
        "date": "2020-09-11T13:09:32Z",
        "value": "2941.46484375",
        "cumulative": false
    },
    {
        "date": "2020-09-11T13:09:49Z",
        "value": "3058.58984375",
        "cumulative": false
    },
    {
        "date": "2020-09-11T13:10:01Z",
        "value": "2941.46484375",
        "cumulative": false
    },
    {
        "date": "2020-09-11T13:10:14Z",
        "value": "2941.4765625",
        "cumulative": false
    },
    {
        "date": "2020-09-11T13:10:26Z",
        "value": "3440.33984375",
        "cumulative": false
    },
    {
        "date": "2020-09-11T13:10:40Z",
        "value": "2941.46484375",
        "cumulative": false
    },
    {
        "date": "2020-09-11T13:10:55Z",
        "value": "2941.60546875",
        "cumulative": false
    },
    {
        "date": "2020-09-11T13:11:10Z",
        "value": "2941.46484375",
        "cumulative": false
    },
    {
        "date": "2020-09-11T13:11:25Z",
        "value": "2941.46484375",
        "cumulative": false
    },
    {
        "date": "2020-09-11T13:11:37Z",
        "value": "2991.58984375",
        "cumulative": false
    },
    {
        "date": "2020-09-11T13:11:48Z",
        "value": "2941.671875",
        "cumulative": false
    },
    {
        "date": "2020-09-11T13:11:58Z",
        "value": "2941.5703125",
        "cumulative": false
    },
    {
        "date": "2020-09-11T13:12:10Z",
        "value": "3098.84765625",
        "cumulative": false
    },
    {
        "date": "2020-09-11T13:12:22Z",
        "value": "3077.46484375",
        "cumulative": false
    },
    {
        "date": "2020-09-11T13:12:39Z",
        "value": "2941.50390625",
        "cumulative": false
    },
    {
        "date": "2020-09-11T13:12:59Z",
        "value": "2941.46484375",
        "cumulative": false
    }
]