[
    {
        "date": "2020-09-11T12:18:00Z",
        "value": "2.609375",
        "cumulative": false
    },
    {
        "date": "2020-09-11T12:18:11Z",
        "value": "152.05859375",
        "cumulative": false
    },
    {
        "date": "2020-09-11T12:18:30Z",
        "value": "1055.46484375",
        "cumulative": false
    },
    {
        "date": "2020-09-11T12:18:45Z",
        "value": "1069.859375",
        "cumulative": false
    },
    {
        "date": "2020-09-11T12:18:58Z",
        "value": "1079.48828125",
        "cumulative": false
    },
    {
        "date": "2020-09-11T12:19:10Z",
        "value": "1093.02734375",
        "cumulative": false
    },
    {
        "date": "2020-09-11T12:19:21Z",
        "value": "1106.1953125",
        "cumulative": false
    },
    {
        "date": "2020-09-11T12:19:34Z",
        "value": "1115.39453125",
        "cumulative": false
    },
    {
        "date": "2020-09-11T12:19:49Z",
        "value": "1131.90234375",
        "cumulative": false
    },
    {
        "date": "2020-09-11T12:19:59Z",
        "value": "1135.5234375",
        "cumulative": false
    },
    {
        "date": "2020-09-11T12:20:17Z",
        "value": "1154.7265625",
        "cumulative": false
    },
    {
        "date": "2020-09-11T12:20:27Z",
        "value": "1173.19140625",
        "cumulative": false
    },
    {
        "date": "2020-09-11T12:20:46Z",
        "value": "1178.9453125",
        "cumulative": false
    },
    {
        "date": "2020-09-11T12:20:58Z",
        "value": "1202.32421875",
        "cumulative": false
    },
    {
        "date": "2020-09-11T12:21:14Z",
        "value": "1209.59375",
        "cumulative": false
    },
    {
        "date": "2020-09-11T12:21:27Z",
        "value": "1209.59375",
        "cumulative": false
    },
    {
        "date": "2020-09-11T12:21:45Z",
        "value": "1239.08203125",
        "cumulative": false
    },
    {
        "date": "2020-09-11T12:22:02Z",
        "value": "1248.234375",
        "cumulative": false
    },
    {
        "date": "2020-09-11T12:22:14Z",
        "value": "1248.234375",
        "cumulative": false
    },
    {
        "date": "2020-09-11T12:22:25Z",
        "value": "1285.44140625",
        "cumulative": false
    },
    {
        "date": "2020-09-11T12:22:39Z",
        "value": "1260.015625",
        "cumulative": false
    },
    {
        "date": "2020-09-11T12:22:51Z",
        "value": "1277.7734375",
        "cumulative": false
    },
    {
        "date": "2020-09-11T12:23:02Z",
        "value": "1265.140625",
        "cumulative": false
    },
    {
        "date": "2020-09-11T12:23:20Z",
        "value": "1325.05078125",
        "cumulative": false
    },
    {
        "date": "2020-09-11T12:23:34Z",
        "value": "1306.92578125",
        "cumulative": false
    },
    {
        "date": "2020-09-11T12:23:50Z",
        "value": "1358.67578125",
        "cumulative": false
    },
    {
        "date": "2020-09-11T12:24:00Z",
        "value": "1311.80078125",
        "cumulative": false
    },
    {
        "date": "2020-09-11T12:24:13Z",
        "value": "1340.55078125",
        "cumulative": false
    },
    {
        "date": "2020-09-11T12:24:28Z",
        "value": "1311.80078125",
        "cumulative": false
    },
    {
        "date": "2020-09-11T12:24:39Z",
        "value": "1371.23046875",
        "cumulative": false
    },
    {
        "date": "2020-09-11T12:24:51Z",
        "value": "1371.1640625",
        "cumulative": false
    },
    {
        "date": "2020-09-11T12:25:10Z",
        "value": "1371.51171875",
        "cumulative": false
    },
    {
        "date": "2020-09-11T12:25:29Z",
        "value": "1377.41015625",
        "cumulative": false
    },
    {
        "date": "2020-09-11T12:25:48Z",
        "value": "1377.41015625",
        "cumulative": false
    },
    {
        "date": "2020-09-11T12:26:05Z",
        "value": "1377.34375",
        "cumulative": false
    },
    {
        "date": "2020-09-11T12:26:24Z",
        "value": "1452.25390625",
        "cumulative": false
    },
    {
        "date": "2020-09-11T12:26:43Z",
        "value": "1452.23828125",
        "cumulative": false
    },
    {
        "date": "2020-09-11T12:27:00Z",
        "value": "1464.50390625",
        "cumulative": false
    },
    {
        "date": "2020-09-11T12:27:14Z",
        "value": "1452.23046875",
        "cumulative": false
    },
    {
        "date": "2020-09-11T12:27:34Z",
        "value": "1452.38671875",
        "cumulative": false
    },
    {
        "date": "2020-09-11T12:27:46Z",
        "value": "1464.88671875",
        "cumulative": false
    },
    {
        "date": "2020-09-11T12:27:57Z",
        "value": "1485.90234375",
        "cumulative": false
    },
    {
        "date": "2020-09-11T12:28:08Z",
        "value": "1452.375",
        "cumulative": false
    },
    {
        "date": "2020-09-11T12:28:21Z",
        "value": "1546.80859375",
        "cumulative": false
    },
    {
        "date": "2020-09-11T12:28:35Z",
        "value": "1637.3359375",
        "cumulative": false
    },
    {
        "date": "2020-09-11T12:28:53Z",
        "value": "1546.78125",
        "cumulative": false
    },
    {
        "date": "2020-09-11T12:29:11Z",
        "value": "1546.8359375",
        "cumulative": false
    },
    {
        "date": "2020-09-11T12:29:21Z",
        "value": "1546.9609375",
        "cumulative": false
    },
    {
        "date": "2020-09-11T12:29:39Z",
        "value": "1599.43359375",
        "cumulative": false
    },
    {
        "date": "2020-09-11T12:29:59Z",
        "value": "1546.86328125",
        "cumulative": false
    },
    {
        "date": "2020-09-11T12:30:15Z",
        "value": "1547.1484375",
        "cumulative": false
    },
    {
        "date": "2020-09-11T12:30:27Z",
        "value": "1546.9609375",
        "cumulative": false
    },
    {
        "date": "2020-09-11T12:30:46Z",
        "value": "1546.8828125",
        "cumulative": false
    },
    {
        "date": "2020-09-11T12:30:59Z",
        "value": "1666.34765625",
        "cumulative": false
    },
    {
        "date": "2020-09-11T12:31:13Z",
        "value": "1666.2265625",
        "cumulative": false
    },
    {
        "date": "2020-09-11T12:31:33Z",
        "value": "1666.2265625",
        "cumulative": false
    },
    {
        "date": "2020-09-11T12:31:46Z",
        "value": "1666.23046875",
        "cumulative": false
    },
    {
        "date": "2020-09-11T12:32:01Z",
        "value": "1666.2265625",
        "cumulative": false
    },
    {
        "date": "2020-09-11T12:32:16Z",
        "value": "1715.19921875",
        "cumulative": false
    },
    {
        "date": "2020-09-11T12:32:27Z",
        "value": "1666.19921875",
        "cumulative": false
    },
    {
        "date": "2020-09-11T12:32:38Z",
        "value": "1666.30078125",
        "cumulative": false
    },
    {
        "date": "2020-09-11T12:32:57Z",
        "value": "1666.47265625",
        "cumulative": false
    },
    {
        "date": "2020-09-11T12:33:13Z",
        "value": "1666.4140625",
        "cumulative": false
    },
    {
        "date": "2020-09-11T12:33:31Z",
        "value": "1666.19921875",
        "cumulative": false
    },
    {
        "date": "2020-09-11T12:33:43Z",
        "value": "1770.32421875",
        "cumulative": false
    },
    {
        "date": "2020-09-11T12:33:56Z",
        "value": "1666.21484375",
        "cumulative": false
    },
    {
        "date": "2020-09-11T12:34:09Z",
        "value": "1666.34375",
        "cumulative": false
    },
    {
        "date": "2020-09-11T12:34:23Z",
        "value": "1816.94921875",
        "cumulative": false
    },
    {
        "date": "2020-09-11T12:34:40Z",
        "value": "1816.9375",
        "cumulative": false
    },
    {
        "date": "2020-09-11T12:34:55Z",
        "value": "1901.5625",
        "cumulative": false
    },
    {
        "date": "2020-09-11T12:35:12Z",
        "value": "1817.03125",
        "cumulative": false
    },
    {
        "date": "2020-09-11T12:35:24Z",
        "value": "1817.03125",
        "cumulative": false
    },
    {
        "date": "2020-09-11T12:35:39Z",
        "value": "1816.9375",
        "cumulative": false
    },
    {
        "date": "2020-09-11T12:35:55Z",
        "value": "1816.9375",
        "cumulative": false
    },
    {
        "date": "2020-09-11T12:36:11Z",
        "value": "2021.30859375",
        "cumulative": false
    },
    {
        "date": "2020-09-11T12:36:21Z",
        "value": "1816.9375",
        "cumulative": false
    },
    {
        "date": "2020-09-11T12:36:38Z",
        "value": "1816.9375",
        "cumulative": false
    },
    {
        "date": "2020-09-11T12:36:54Z",
        "value": "1925.83203125",
        "cumulative": false
    },
    {
        "date": "2020-09-11T12:37:06Z",
        "value": "1816.98046875",
        "cumulative": false
    },
    {
        "date": "2020-09-11T12:37:26Z",
        "value": "1816.9375",
        "cumulative": false
    },
    {
        "date": "2020-09-11T12:37:39Z",
        "value": "1817.1171875",
        "cumulative": false
    },
    {
        "date": "2020-09-11T12:37:56Z",
        "value": "1816.94140625",
        "cumulative": false
    },
    {
        "date": "2020-09-11T12:38:09Z",
        "value": "1817.08984375",
        "cumulative": false
    },
    {
        "date": "2020-09-11T12:38:22Z",
        "value": "1816.9375",
        "cumulative": false
    },
    {
        "date": "2020-09-11T12:38:38Z",
        "value": "1816.9375",
        "cumulative": false
    },
    {
        "date": "2020-09-11T12:38:53Z",
        "value": "2021.76953125",
        "cumulative": false
    },
    {
        "date": "2020-09-11T12:39:08Z",
        "value": "2007.375",
        "cumulative": false
    },
    {
        "date": "2020-09-11T12:39:26Z",
        "value": "2007.26953125",
        "cumulative": false
    },
    {
        "date": "2020-09-11T12:39:42Z",
        "value": "2007.26953125",
        "cumulative": false
    },
    {
        "date": "2020-09-11T12:39:53Z",
        "value": "2007.26953125",
        "cumulative": false
    },
    {
        "date": "2020-09-11T12:40:07Z",
        "value": "2173.51953125",
        "cumulative": false
    },
    {
        "date": "2020-09-11T12:40:22Z",
        "value": "2007.375",
        "cumulative": false
    },
    {
        "date": "2020-09-11T12:40:41Z",
        "value": "2123.125",
        "cumulative": false
    },
    {
        "date": "2020-09-11T12:40:56Z",
        "value": "2007.30859375",
        "cumulative": false
    },
    {
        "date": "2020-09-11T12:41:14Z",
        "value": "2128.18359375",
        "cumulative": false
    },
    {
        "date": "2020-09-11T12:41:33Z",
        "value": "2196.93359375",
        "cumulative": false
    },
    {
        "date": "2020-09-11T12:41:43Z",
        "value": "2007.30859375",
        "cumulative": false
    },
    {
        "date": "2020-09-11T12:41:57Z",
        "value": "2007.33984375",
        "cumulative": false
    },
    {
        "date": "2020-09-11T12:42:16Z",
        "value": "2007.30859375",
        "cumulative": false
    },
    {
        "date": "2020-09-11T12:42:30Z",
        "value": "2007.30859375",
        "cumulative": false
    },
    {
        "date": "2020-09-11T12:42:47Z",
        "value": "2007.30859375",
        "cumulative": false
    },
    {
        "date": "2020-09-11T12:42:59Z",
        "value": "2116.55859375",
        "cumulative": false
    },
    {
        "date": "2020-09-11T12:43:10Z",
        "value": "2007.30859375",
        "cumulative": false
    },
    {
        "date": "2020-09-11T12:43:26Z",
        "value": "2177.18359375",
        "cumulative": false
    },
    {
        "date": "2020-09-11T12:43:45Z",
        "value": "2007.30859375",
        "cumulative": false
    },
    {
        "date": "2020-09-11T12:44:04Z",
        "value": "2007.33984375",
        "cumulative": false
    },
    {
        "date": "2020-09-11T12:44:24Z",
        "value": "2266.05859375",
        "cumulative": false
    },
    {
        "date": "2020-09-11T12:44:38Z",
        "value": "2401.4765625",
        "cumulative": false
    },
    {
        "date": "2020-09-11T12:44:54Z",
        "value": "2247.6015625",
        "cumulative": false
    },
    {
        "date": "2020-09-11T12:45:08Z",
        "value": "2247.71484375",
        "cumulative": false
    },
    {
        "date": "2020-09-11T12:45:25Z",
        "value": "2414.10546875",
        "cumulative": false
    },
    {
        "date": "2020-09-11T12:45:36Z",
        "value": "2247.71875",
        "cumulative": false
    },
    {
        "date": "2020-09-11T12:45:49Z",
        "value": "2247.71875",
        "cumulative": false
    },
    {
        "date": "2020-09-11T12:46:01Z",
        "value": "2298.35546875",
        "cumulative": false
    },
    {
        "date": "2020-09-11T12:46:12Z",
        "value": "2247.71875",
        "cumulative": false
    },
    {
        "date": "2020-09-11T12:46:27Z",
        "value": "2247.60546875",
        "cumulative": false
    },
    {
        "date": "2020-09-11T12:46:47Z",
        "value": "2247.71875",
        "cumulative": false
    },
    {
        "date": "2020-09-11T12:47:02Z",
        "value": "2247.60546875",
        "cumulative": false
    },
    {
        "date": "2020-09-11T12:47:20Z",
        "value": "2247.60546875",
        "cumulative": false
    },
    {
        "date": "2020-09-11T12:47:35Z",
        "value": "2247.60546875",
        "cumulative": false
    },
    {
        "date": "2020-09-11T12:47:48Z",
        "value": "2247.60546875",
        "cumulative": false
    },
    {
        "date": "2020-09-11T12:48:03Z",
        "value": "2566.73046875",
        "cumulative": false
    },
    {
        "date": "2020-09-11T12:48:15Z",
        "value": "2247.60546875",
        "cumulative": false
    },
    {
        "date": "2020-09-11T12:48:27Z",
        "value": "2247.60546875",
        "cumulative": false
    },
    {
        "date": "2020-09-11T12:48:41Z",
        "value": "2247.60546875",
        "cumulative": false
    },
    {
        "date": "2020-09-11T12:48:58Z",
        "value": "2247.640625",
        "cumulative": false
    },
    {
        "date": "2020-09-11T12:49:08Z",
        "value": "2247.73828125",
        "cumulative": false
    },
    {
        "date": "2020-09-11T12:49:23Z",
        "value": "2247.6640625",
        "cumulative": false
    },
    {
        "date": "2020-09-11T12:49:37Z",
        "value": "2247.6640625",
        "cumulative": false
    },
    {
        "date": "2020-09-11T12:49:54Z",
        "value": "2247.66015625",
        "cumulative": false
    },
    {
        "date": "2020-09-11T12:50:05Z",
        "value": "2364.85546875",
        "cumulative": false
    },
    {
        "date": "2020-09-11T12:50:16Z",
        "value": "2522.73046875",
        "cumulative": false
    },
    {
        "date": "2020-09-11T12:50:28Z",
        "value": "2479.98046875",
        "cumulative": false
    },
    {
        "date": "2020-09-11T12:50:45Z",
        "value": "2562.85546875",
        "cumulative": false
    },
    {
        "date": "2020-09-11T12:50:55Z",
        "value": "2247.60546875",
        "cumulative": false
    },
    {
        "date": "2020-09-11T12:51:11Z",
        "value": "2577.35546875",
        "cumulative": false
    },
    {
        "date": "2020-09-11T12:51:22Z",
        "value": "2542.98046875",
        "cumulative": false
    },
    {
        "date": "2020-09-11T12:51:37Z",
        "value": "2247.71484375",
        "cumulative": false
    },
    {
        "date": "2020-09-11T12:51:57Z",
        "value": "2551.046875",
        "cumulative": false
    },
    {
        "date": "2020-09-11T12:52:14Z",
        "value": "2551.0234375",
        "cumulative": false
    },
    {
        "date": "2020-09-11T12:52:30Z",
        "value": "2551.0234375",
        "cumulative": false
    },
    {
        "date": "2020-09-11T12:52:43Z",
        "value": "2599.5234375",
        "cumulative": false
    },
    {
        "date": "2020-09-11T12:53:00Z",
        "value": "2551.0234375",
        "cumulative": false
    },
    {
        "date": "2020-09-11T12:53:19Z",
        "value": "2551.0234375",
        "cumulative": false
    },
    {
        "date": "2020-09-11T12:53:33Z",
        "value": "2551.0234375",
        "cumulative": false
    },
    {
        "date": "2020-09-11T12:53:51Z",
        "value": "2551.046875",
        "cumulative": false
    },
    {
        "date": "2020-09-11T12:54:04Z",
        "value": "2584.7734375",
        "cumulative": false
    },
    {
        "date": "2020-09-11T12:54:23Z",
        "value": "2640.2734375",
        "cumulative": false
    },
    {
        "date": "2020-09-11T12:54:34Z",
        "value": "2551.0234375",
        "cumulative": false
    },
    {
        "date": "2020-09-11T12:54:49Z",
        "value": "2551.046875",
        "cumulative": false
    },
    {
        "date": "2020-09-11T12:55:00Z",
        "value": "2551.0234375",
        "cumulative": false
    },
    {
        "date": "2020-09-11T12:55:15Z",
        "value": "2643.8984375",
        "cumulative": false
    },
    {
        "date": "2020-09-11T12:55:26Z",
        "value": "2551.0234375",
        "cumulative": false
    },
    {
        "date": "2020-09-11T12:55:40Z",
        "value": "2659.3984375",
        "cumulative": false
    },
    {
        "date": "2020-09-11T12:56:00Z",
        "value": "2551.0234375",
        "cumulative": false
    },
    {
        "date": "2020-09-11T12:56:10Z",
        "value": "2551.07421875",
        "cumulative": false
    },
    {
        "date": "2020-09-11T12:56:28Z",
        "value": "2551.0234375",
        "cumulative": false
    },
    {
        "date": "2020-09-11T12:56:42Z",
        "value": "2551.0234375",
        "cumulative": false
    },
    {
        "date": "2020-09-11T12:57:02Z",
        "value": "2551.22265625",
        "cumulative": false
    },
    {
        "date": "2020-09-11T12:57:18Z",
        "value": "2551.0625",
        "cumulative": false
    },
    {
        "date": "2020-09-11T12:57:30Z",
        "value": "2623.8984375",
        "cumulative": false
    },
    {
        "date": "2020-09-11T12:57:50Z",
        "value": "2551.0234375",
        "cumulative": false
    },
    {
        "date": "2020-09-11T12:58:03Z",
        "value": "2551.140625",
        "cumulative": false
    },
    {
        "date": "2020-09-11T12:58:13Z",
        "value": "2551.140625",
        "cumulative": false
    },
    {
        "date": "2020-09-11T12:58:28Z",
        "value": "2551.0234375",
        "cumulative": false
    },
    {
        "date": "2020-09-11T12:58:39Z",
        "value": "2551.03125",
        "cumulative": false
    },
    {
        "date": "2020-09-11T12:58:50Z",
        "value": "2551.0234375",
        "cumulative": false
    },
    {
        "date": "2020-09-11T12:59:04Z",
        "value": "2551.06640625",
        "cumulative": false
    },
    {
        "date": "2020-09-11T12:59:24Z",
        "value": "2696.7734375",
        "cumulative": false
    },
    {
        "date": "2020-09-11T12:59:38Z",
        "value": "2943.0234375",
        "cumulative": false
    },
    {
        "date": "2020-09-11T12:59:57Z",
        "value": "2551.03125",
        "cumulative": false
    },
    {
        "date": "2020-09-11T13:00:09Z",
        "value": "2551.0234375",
        "cumulative": false
    },
    {
        "date": "2020-09-11T13:00:27Z",
        "value": "2551.0234375",
        "cumulative": false
    },
    {
        "date": "2020-09-11T13:00:44Z",
        "value": "2551.03125",
        "cumulative": false
    },
    {
        "date": "2020-09-11T13:00:59Z",
        "value": "2551.0234375",
        "cumulative": false
    },
    {
        "date": "2020-09-11T13:01:17Z",
        "value": "3030.625",
        "cumulative": false
    },
    {
        "date": "2020-09-11T13:01:35Z",
        "value": "3065.5",
        "cumulative": false
    },
    {
        "date": "2020-09-11T13:01:46Z",
        "value": "3316.375",
        "cumulative": false
    },
    {
        "date": "2020-09-11T13:02:02Z",
        "value": "2934.125",
        "cumulative": false
    },
    {
        "date": "2020-09-11T13:02:14Z",
        "value": "2934.125",
        "cumulative": false
    },
    {
        "date": "2020-09-11T13:02:33Z",
        "value": "2934.15625",
        "cumulative": false
    },
    {
        "date": "2020-09-11T13:02:49Z",
        "value": "3043.125",
        "cumulative": false
    },
    {
        "date": "2020-09-11T13:03:08Z",
        "value": "2934.125",
        "cumulative": false
    },
    {
        "date": "2020-09-11T13:03:25Z",
        "value": "3148.625",
        "cumulative": false
    },
    {
        "date": "2020-09-11T13:03:42Z",
        "value": "2934.125",
        "cumulative": false
    },
    {
        "date": "2020-09-11T13:03:59Z",
        "value": "2934.15625",
        "cumulative": false
    },
    {
        "date": "2020-09-11T13:04:11Z",
        "value": "3005.625",
        "cumulative": false
    },
    {
        "date": "2020-09-11T13:04:29Z",
        "value": "3095.125",
        "cumulative": false
    },
    {
        "date": "2020-09-11T13:04:42Z",
        "value": "2934.125",
        "cumulative": false
    },
    {
        "date": "2020-09-11T13:04:55Z",
        "value": "3289.75",
        "cumulative": false
    },
    {
        "date": "2020-09-11T13:05:14Z",
        "value": "2934.125",
        "cumulative": false
    },
    {
        "date": "2020-09-11T13:05:28Z",
        "value": "3053.75",
        "cumulative": false
    },
    {
        "date": "2020-09-11T13:05:44Z",
        "value": "2934.125",
        "cumulative": false
    },
    {
        "date": "2020-09-11T13:05:57Z",
        "value": "3464.75",
        "cumulative": false
    },
    {
        "date": "2020-09-11T13:06:11Z",
        "value": "2934.125",
        "cumulative": false
    },
    {
        "date": "2020-09-11T13:06:27Z",
        "value": "3125.328125",
        "cumulative": false
    },
    {
        "date": "2020-09-11T13:06:42Z",
        "value": "2934.125",
        "cumulative": false
    },
    {
        "date": "2020-09-11T13:06:56Z",
        "value": "2934.125",
        "cumulative": false
    },
    {
        "date": "2020-09-11T13:07:14Z",
        "value": "2934.125",
        "cumulative": false
    },
    {
        "date": "2020-09-11T13:07:33Z",
        "value": "2934.125",
        "cumulative": false
    },
    {
        "date": "2020-09-11T13:07:51Z",
        "value": "2934.125",
        "cumulative": false
    },
    {
        "date": "2020-09-11T13:08:01Z",
        "value": "3351.75",
        "cumulative": false
    },
    {
        "date": "2020-09-11T13:08:17Z",
        "value": "2934.16796875",
        "cumulative": false
    },
    {
        "date": "2020-09-11T13:08:31Z",
        "value": "2934.125",
        "cumulative": false
    },
    {
        "date": "2020-09-11T13:08:47Z",
        "value": "2934.16796875",
        "cumulative": false
    },
    {
        "date": "2020-09-11T13:09:04Z",
        "value": "3268.5",
        "cumulative": false
    },
    {
        "date": "2020-09-11T13:09:21Z",
        "value": "2934.125",
        "cumulative": false
    },
    {
        "date": "2020-09-11T13:09:40Z",
        "value": "3074.75",
        "cumulative": false
    },
    {
        "date": "2020-09-11T13:09:57Z",
        "value": "2934.125",
        "cumulative": false
    },
    {
        "date": "2020-09-11T13:10:12Z",
        "value": "3014.5",
        "cumulative": false
    },
    {
        "date": "2020-09-11T13:10:22Z",
        "value": "3393.84765625",
        "cumulative": false
    },
    {
        "date": "2020-09-11T13:10:34Z",
        "value": "2934.125",
        "cumulative": false
    },
    {
        "date": "2020-09-11T13:10:53Z",
        "value": "3184.875",
        "cumulative": false
    },
    {
        "date": "2020-09-11T13:11:05Z",
        "value": "2934.125",
        "cumulative": false
    },
    {
        "date": "2020-09-11T13:11:19Z",
        "value": "2934.125",
        "cumulative": false
    },
    {
        "date": "2020-09-11T13:11:38Z",
        "value": "3451.43359375",
        "cumulative": false
    },
    {
        "date": "2020-09-11T13:11:54Z",
        "value": "2934.125",
        "cumulative": false
    },
    {
        "date": "2020-09-11T13:12:14Z",
        "value": "3411.0",
        "cumulative": false
    },
    {
        "date": "2020-09-11T13:12:32Z",
        "value": "3435.75",
        "cumulative": false
    },
    {
        "date": "2020-09-11T13:12:47Z",
        "value": "2934.125",
        "cumulative": false
    },
    {
        "date": "2020-09-11T13:13:03Z",
        "value": "2934.16015625",
        "cumulative": false
    }
]