[
    {
        "date": "2020-09-11T12:17:47Z",
        "value": "1.73828125",
        "cumulative": false
    },
    {
        "date": "2020-09-11T12:18:07Z",
        "value": "3.0703125",
        "cumulative": false
    },
    {
        "date": "2020-09-11T12:18:23Z",
        "value": "1053.05859375",
        "cumulative": false
    },
    {
        "date": "2020-09-11T12:18:43Z",
        "value": "1067.56640625",
        "cumulative": false
    },
    {
        "date": "2020-09-11T12:18:58Z",
        "value": "1079.23828125",
        "cumulative": false
    },
    {
        "date": "2020-09-11T12:19:14Z",
        "value": "1096.62109375",
        "cumulative": false
    },
    {
        "date": "2020-09-11T12:19:28Z",
        "value": "1122.18359375",
        "cumulative": false
    },
    {
        "date": "2020-09-11T12:19:39Z",
        "value": "1122.1171875",
        "cumulative": false
    },
    {
        "date": "2020-09-11T12:19:56Z",
        "value": "1138.76953125",
        "cumulative": false
    },
    {
        "date": "2020-09-11T12:20:16Z",
        "value": "1156.453125",
        "cumulative": false
    },
    {
        "date": "2020-09-11T12:20:32Z",
        "value": "1178.7890625",
        "cumulative": false
    },
    {
        "date": "2020-09-11T12:20:43Z",
        "value": "1178.7890625",
        "cumulative": false
    },
    {
        "date": "2020-09-11T12:20:53Z",
        "value": "1206.9921875",
        "cumulative": false
    },
    {
        "date": "2020-09-11T12:21:12Z",
        "value": "1218.6328125",
        "cumulative": false
    },
    {
        "date": "2020-09-11T12:21:23Z",
        "value": "1218.6328125",
        "cumulative": false
    },
    {
        "date": "2020-09-11T12:21:34Z",
        "value": "1248.1015625",
        "cumulative": false
    },
    {
        "date": "2020-09-11T12:21:48Z",
        "value": "1257.2734375",
        "cumulative": false
    },
    {
        "date": "2020-09-11T12:22:05Z",
        "value": "1257.2734375",
        "cumulative": false
    },
    {
        "date": "2020-09-11T12:22:17Z",
        "value": "1294.48828125",
        "cumulative": false
    },
    {
        "date": "2020-09-11T12:22:33Z",
        "value": "1294.48828125",
        "cumulative": false
    },
    {
        "date": "2020-09-11T12:22:51Z",
        "value": "1269.1796875",
        "cumulative": false
    },
    {
        "date": "2020-09-11T12:23:05Z",
        "value": "1268.94921875",
        "cumulative": false
    },
    {
        "date": "2020-09-11T12:23:18Z",
        "value": "1315.9609375",
        "cumulative": false
    },
    {
        "date": "2020-09-11T12:23:29Z",
        "value": "1315.9609375",
        "cumulative": false
    },
    {
        "date": "2020-09-11T12:23:48Z",
        "value": "1320.83984375",
        "cumulative": false
    },
    {
        "date": "2020-09-11T12:24:02Z",
        "value": "1320.83984375",
        "cumulative": false
    },
    {
        "date": "2020-09-11T12:24:14Z",
        "value": "1320.83984375",
        "cumulative": false
    },
    {
        "date": "2020-09-11T12:24:34Z",
        "value": "1380.203125",
        "cumulative": false
    },
    {
        "date": "2020-09-11T12:24:54Z",
        "value": "1380.2265625",
        "cumulative": false
    },
    {
        "date": "2020-09-11T12:25:09Z",
        "value": "1380.2109375",
        "cumulative": false
    },
    {
        "date": "2020-09-11T12:25:28Z",
        "value": "1386.35546875",
        "cumulative": false
    },
    {
        "date": "2020-09-11T12:25:42Z",
        "value": "1386.36328125",
        "cumulative": false
    },
    {
        "date": "2020-09-11T12:25:54Z",
        "value": "1386.421875",
        "cumulative": false
    },
    {
        "date": "2020-09-11T12:26:10Z",
        "value": "1461.27734375",
        "cumulative": false
    },
    {
        "date": "2020-09-11T12:26:25Z",
        "value": "1461.30078125",
        "cumulative": false
    },
    {
        "date": "2020-09-11T12:26:40Z",
        "value": "1520.90234375",
        "cumulative": false
    },
    {
        "date": "2020-09-11T12:27:00Z",
        "value": "1461.46484375",
        "cumulative": false
    },
    {
        "date": "2020-09-11T12:27:11Z",
        "value": "1461.35546875",
        "cumulative": false
    },
    {
        "date": "2020-09-11T12:27:24Z",
        "value": "1461.265625",
        "cumulative": false
    },
    {
        "date": "2020-09-11T12:27:36Z",
        "value": "1461.25390625",
        "cumulative": false
    },
    {
        "date": "2020-09-11T12:27:53Z",
        "value": "1461.37109375",
        "cumulative": false
    },
    {
        "date": "2020-09-11T12:28:04Z",
        "value": "1526.2578125",
        "cumulative": false
    },
    {
        "date": "2020-09-11T12:28:14Z",
        "value": "1488.95703125",
        "cumulative": false
    },
    {
        "date": "2020-09-11T12:28:33Z",
        "value": "1555.82421875",
        "cumulative": false
    },
    {
        "date": "2020-09-11T12:28:51Z",
        "value": "1555.82421875",
        "cumulative": false
    },
    {
        "date": "2020-09-11T12:29:06Z",
        "value": "1555.87890625",
        "cumulative": false
    },
    {
        "date": "2020-09-11T12:29:17Z",
        "value": "1555.8359375",
        "cumulative": false
    },
    {
        "date": "2020-09-11T12:29:37Z",
        "value": "1555.82421875",
        "cumulative": false
    },
    {
        "date": "2020-09-11T12:29:50Z",
        "value": "1555.95703125",
        "cumulative": false
    },
    {
        "date": "2020-09-11T12:30:08Z",
        "value": "1555.890625",
        "cumulative": false
    },
    {
        "date": "2020-09-11T12:30:26Z",
        "value": "1688.69921875",
        "cumulative": false
    },
    {
        "date": "2020-09-11T12:30:45Z",
        "value": "1555.83203125",
        "cumulative": false
    },
    {
        "date": "2020-09-11T12:31:03Z",
        "value": "1675.23828125",
        "cumulative": false
    },
    {
        "date": "2020-09-11T12:31:22Z",
        "value": "1675.2421875",
        "cumulative": false
    },
    {
        "date": "2020-09-11T12:31:42Z",
        "value": "1675.234375",
        "cumulative": false
    },
    {
        "date": "2020-09-11T12:31:55Z",
        "value": "1740.36328125",
        "cumulative": false
    },
    {
        "date": "2020-09-11T12:32:10Z",
        "value": "1675.234375",
        "cumulative": false
    },
    {
        "date": "2020-09-11T12:32:28Z",
        "value": "1675.52734375",
        "cumulative": false
    },
    {
        "date": "2020-09-11T12:32:41Z",
        "value": "1675.234375",
        "cumulative": false
    },
    {
        "date": "2020-09-11T12:32:53Z",
        "value": "1675.28515625",
        "cumulative": false
    },
    {
        "date": "2020-09-11T12:33:04Z",
        "value": "1675.40234375",
        "cumulative": false
    },
    {
        "date": "2020-09-11T12:33:16Z",
        "value": "1675.28125",
        "cumulative": false
    },
    {
        "date": "2020-09-11T12:33:31Z",
        "value": "1675.234375",
        "cumulative": false
    },
    {
        "date": "2020-09-11T12:33:43Z",
        "value": "1675.234375",
        "cumulative": false
    },
    {
        "date": "2020-09-11T12:33:54Z",
        "value": "1675.4453125",
        "cumulative": false
    },
    {
        "date": "2020-09-11T12:34:05Z",
        "value": "1675.41015625",
        "cumulative": false
    },
    {
        "date": "2020-09-11T12:34:19Z",
        "value": "1675.2734375",
        "cumulative": false
    },
    {
        "date": "2020-09-11T12:34:31Z",
        "value": "1918.70703125",
        "cumulative": false
    },
    {
        "date": "2020-09-11T12:34:49Z",
        "value": "1825.98828125",
        "cumulative": false
    },
    {
        "date": "2020-09-11T12:35:04Z",
        "value": "1873.61328125",
        "cumulative": false
    },
    {
        "date": "2020-09-11T12:35:19Z",
        "value": "1825.98828125",
        "cumulative": false
    },
    {
        "date": "2020-09-11T12:35:30Z",
        "value": "1826.08203125",
        "cumulative": false
    },
    {
        "date": "2020-09-11T12:35:50Z",
        "value": "1973.36328125",
        "cumulative": false
    },
    {
        "date": "2020-09-11T12:36:01Z",
        "value": "1892.61328125",
        "cumulative": false
    },
    {
        "date": "2020-09-11T12:36:20Z",
        "value": "1826.0390625",
        "cumulative": false
    },
    {
        "date": "2020-09-11T12:36:38Z",
        "value": "1826.16015625",
        "cumulative": false
    },
    {
        "date": "2020-09-11T12:36:55Z",
        "value": "2020.73828125",
        "cumulative": false
    },
    {
        "date": "2020-09-11T12:37:15Z",
        "value": "1826.2109375",
        "cumulative": false
    },
    {
        "date": "2020-09-11T12:37:28Z",
        "value": "1826.00390625",
        "cumulative": false
    },
    {
        "date": "2020-09-11T12:37:47Z",
        "value": "1826.12890625",
        "cumulative": false
    },
    {
        "date": "2020-09-11T12:38:00Z",
        "value": "1849.48828125",
        "cumulative": false
    },
    {
        "date": "2020-09-11T12:38:17Z",
        "value": "1826.109375",
        "cumulative": false
    },
    {
        "date": "2020-09-11T12:38:28Z",
        "value": "1826.12890625",
        "cumulative": false
    },
    {
        "date": "2020-09-11T12:38:45Z",
        "value": "2063.9453125",
        "cumulative": false
    },
    {
        "date": "2020-09-11T12:38:55Z",
        "value": "2016.3203125",
        "cumulative": false
    },
    {
        "date": "2020-09-11T12:39:07Z",
        "value": "2016.3203125",
        "cumulative": false
    },
    {
        "date": "2020-09-11T12:39:17Z",
        "value": "2016.3203125",
        "cumulative": false
    },
    {
        "date": "2020-09-11T12:39:30Z",
        "value": "2016.42578125",
        "cumulative": false
    },
    {
        "date": "2020-09-11T12:39:41Z",
        "value": "2016.42578125",
        "cumulative": false
    },
    {
        "date": "2020-09-11T12:40:00Z",
        "value": "2016.3203125",
        "cumulative": false
    },
    {
        "date": "2020-09-11T12:40:12Z",
        "value": "2016.33203125",
        "cumulative": false
    },
    {
        "date": "2020-09-11T12:40:27Z",
        "value": "2016.3203125",
        "cumulative": false
    },
    {
        "date": "2020-09-11T12:40:39Z",
        "value": "2016.3203125",
        "cumulative": false
    },
    {
        "date": "2020-09-11T12:40:59Z",
        "value": "2016.32421875",
        "cumulative": false
    },
    {
        "date": "2020-09-11T12:41:10Z",
        "value": "2016.39453125",
        "cumulative": false
    },
    {
        "date": "2020-09-11T12:41:27Z",
        "value": "2016.38671875",
        "cumulative": false
    },
    {
        "date": "2020-09-11T12:41:47Z",
        "value": "2016.32421875",
        "cumulative": false
    },
    {
        "date": "2020-09-11T12:41:58Z",
        "value": "2016.32421875",
        "cumulative": false
    },
    {
        "date": "2020-09-11T12:42:16Z",
        "value": "2016.32421875",
        "cumulative": false
    },
    {
        "date": "2020-09-11T12:42:34Z",
        "value": "2016.32421875",
        "cumulative": false
    },
    {
        "date": "2020-09-11T12:42:49Z",
        "value": "2016.35546875",
        "cumulative": false
    },
    {
        "date": "2020-09-11T12:43:00Z",
        "value": "2259.82421875",
        "cumulative": false
    },
    {
        "date": "2020-09-11T12:43:13Z",
        "value": "2097.9765625",
        "cumulative": false
    },
    {
        "date": "2020-09-11T12:43:28Z",
        "value": "2016.40625",
        "cumulative": false
    },
    {
        "date": "2020-09-11T12:43:39Z",
        "value": "2016.32421875",
        "cumulative": false
    },
    {
        "date": "2020-09-11T12:43:58Z",
        "value": "2111.3046875",
        "cumulative": false
    },
    {
        "date": "2020-09-11T12:44:13Z",
        "value": "2113.07421875",
        "cumulative": false
    },
    {
        "date": "2020-09-11T12:44:28Z",
        "value": "2016.32421875",
        "cumulative": false
    },
    {
        "date": "2020-09-11T12:44:45Z",
        "value": "2401.046875",
        "cumulative": false
    },
    {
        "date": "2020-09-11T12:44:56Z",
        "value": "2256.671875",
        "cumulative": false
    },
    {
        "date": "2020-09-11T12:45:09Z",
        "value": "2454.046875",
        "cumulative": false
    },
    {
        "date": "2020-09-11T12:45:27Z",
        "value": "2256.671875",
        "cumulative": false
    },
    {
        "date": "2020-09-11T12:45:41Z",
        "value": "2272.671875",
        "cumulative": false
    },
    {
        "date": "2020-09-11T12:45:53Z",
        "value": "2496.546875",
        "cumulative": false
    },
    {
        "date": "2020-09-11T12:46:10Z",
        "value": "2256.671875",
        "cumulative": false
    },
    {
        "date": "2020-09-11T12:46:25Z",
        "value": "2256.70703125",
        "cumulative": false
    },
    {
        "date": "2020-09-11T12:46:44Z",
        "value": "2256.671875",
        "cumulative": false
    },
    {
        "date": "2020-09-11T12:46:57Z",
        "value": "2256.671875",
        "cumulative": false
    },
    {
        "date": "2020-09-11T12:47:15Z",
        "value": "2256.67578125",
        "cumulative": false
    },
    {
        "date": "2020-09-11T12:47:32Z",
        "value": "2256.67578125",
        "cumulative": false
    },
    {
        "date": "2020-09-11T12:47:42Z",
        "value": "2256.78125",
        "cumulative": false
    },
    {
        "date": "2020-09-11T12:47:54Z",
        "value": "2288.42578125",
        "cumulative": false
    },
    {
        "date": "2020-09-11T12:48:07Z",
        "value": "2256.67578125",
        "cumulative": false
    },
    {
        "date": "2020-09-11T12:48:27Z",
        "value": "2256.67578125",
        "cumulative": false
    },
    {
        "date": "2020-09-11T12:48:41Z",
        "value": "2256.67578125",
        "cumulative": false
    },
    {
        "date": "2020-09-11T12:48:55Z",
        "value": "2256.67578125",
        "cumulative": false
    },
    {
        "date": "2020-09-11T12:49:09Z",
        "value": "2256.67578125",
        "cumulative": false
    },
    {
        "date": "2020-09-11T12:49:24Z",
        "value": "2256.67578125",
        "cumulative": false
    },
    {
        "date": "2020-09-11T12:49:43Z",
        "value": "2256.67578125",
        "cumulative": false
    },
    {
        "date": "2020-09-11T12:49:58Z",
        "value": "2256.67578125",
        "cumulative": false
    },
    {
        "date": "2020-09-11T12:50:13Z",
        "value": "2258.42578125",
        "cumulative": false
    },
    {
        "date": "2020-09-11T12:50:28Z",
        "value": "2284.92578125",
        "cumulative": false
    },
    {
        "date": "2020-09-11T12:50:47Z",
        "value": "2256.78125",
        "cumulative": false
    },
    {
        "date": "2020-09-11T12:51:02Z",
        "value": "2256.67578125",
        "cumulative": false
    },
    {
        "date": "2020-09-11T12:51:20Z",
        "value": "2256.67578125",
        "cumulative": false
    },
    {
        "date": "2020-09-11T12:51:35Z",
        "value": "2256.67578125",
        "cumulative": false
    },
    {
        "date": "2020-09-11T12:51:46Z",
        "value": "2256.78125",
        "cumulative": false
    },
    {
        "date": "2020-09-11T12:52:06Z",
        "value": "2617.84375",
        "cumulative": false
    },
    {
        "date": "2020-09-11T12:52:24Z",
        "value": "2560.09375",
        "cumulative": false
    },
    {
        "date": "2020-09-11T12:52:39Z",
        "value": "2643.96875",
        "cumulative": false
    },
    {
        "date": "2020-09-11T12:52:49Z",
        "value": "2560.09375",
        "cumulative": false
    },
    {
        "date": "2020-09-11T12:53:06Z",
        "value": "2560.1171875",
        "cumulative": false
    },
    {
        "date": "2020-09-11T12:53:25Z",
        "value": "2560.09375",
        "cumulative": false
    },
    {
        "date": "2020-09-11T12:53:37Z",
        "value": "2560.1171875",
        "cumulative": false
    },
    {
        "date": "2020-09-11T12:53:57Z",
        "value": "2560.09765625",
        "cumulative": false
    },
    {
        "date": "2020-09-11T12:54:14Z",
        "value": "2560.13671875",
        "cumulative": false
    },
    {
        "date": "2020-09-11T12:54:33Z",
        "value": "2586.1171875",
        "cumulative": false
    },
    {
        "date": "2020-09-11T12:54:45Z",
        "value": "2862.84375",
        "cumulative": false
    },
    {
        "date": "2020-09-11T12:55:00Z",
        "value": "2560.09375",
        "cumulative": false
    },
    {
        "date": "2020-09-11T12:55:20Z",
        "value": "2560.19921875",
        "cumulative": false
    },
    {
        "date": "2020-09-11T12:55:31Z",
        "value": "2768.21875",
        "cumulative": false
    },
    {
        "date": "2020-09-11T12:55:47Z",
        "value": "2813.46875",
        "cumulative": false
    },
    {
        "date": "2020-09-11T12:55:59Z",
        "value": "2560.1015625",
        "cumulative": false
    },
    {
        "date": "2020-09-11T12:56:16Z",
        "value": "2560.12890625",
        "cumulative": false
    },
    {
        "date": "2020-09-11T12:56:35Z",
        "value": "2560.09375",
        "cumulative": false
    },
    {
        "date": "2020-09-11T12:56:46Z",
        "value": "2560.09375",
        "cumulative": false
    },
    {
        "date": "2020-09-11T12:56:58Z",
        "value": "2876.71875",
        "cumulative": false
    },
    {
        "date": "2020-09-11T12:57:14Z",
        "value": "2560.09375",
        "cumulative": false
    },
    {
        "date": "2020-09-11T12:57:26Z",
        "value": "2560.09375",
        "cumulative": false
    },
    {
        "date": "2020-09-11T12:57:43Z",
        "value": "2560.09375",
        "cumulative": false
    },
    {
        "date": "2020-09-11T12:58:01Z",
        "value": "2560.09375",
        "cumulative": false
    },
    {
        "date": "2020-09-11T12:58:12Z",
        "value": "2642.96875",
        "cumulative": false
    },
    {
        "date": "2020-09-11T12:58:24Z",
        "value": "2923.59375",
        "cumulative": false
    },
    {
        "date": "2020-09-11T12:58:43Z",
        "value": "2560.09375",
        "cumulative": false
    },
    {
        "date": "2020-09-11T12:58:56Z",
        "value": "2990.21875",
        "cumulative": false
    },
    {
        "date": "2020-09-11T12:59:08Z",
        "value": "2560.12890625",
        "cumulative": false
    },
    {
        "date": "2020-09-11T12:59:22Z",
        "value": "2560.09375",
        "cumulative": false
    },
    {
        "date": "2020-09-11T12:59:40Z",
        "value": "2560.09375",
        "cumulative": false
    },
    {
        "date": "2020-09-11T13:00:00Z",
        "value": "2889.34375",
        "cumulative": false
    },
    {
        "date": "2020-09-11T13:00:11Z",
        "value": "2560.09375",
        "cumulative": false
    },
    {
        "date": "2020-09-11T13:00:31Z",
        "value": "2560.09375",
        "cumulative": false
    },
    {
        "date": "2020-09-11T13:00:43Z",
        "value": "2937.46875",
        "cumulative": false
    },
    {
        "date": "2020-09-11T13:00:55Z",
        "value": "2560.09375",
        "cumulative": false
    },
    {
        "date": "2020-09-11T13:01:10Z",
        "value": "2560.09375",
        "cumulative": false
    },
    {
        "date": "2020-09-11T13:01:21Z",
        "value": "2947.30078125",
        "cumulative": false
    },
    {
        "date": "2020-09-11T13:01:40Z",
        "value": "3124.17578125",
        "cumulative": false
    },
    {
        "date": "2020-09-11T13:01:55Z",
        "value": "2943.17578125",
        "cumulative": false
    },
    {
        "date": "2020-09-11T13:02:10Z",
        "value": "3325.42578125",
        "cumulative": false
    },
    {
        "date": "2020-09-11T13:02:21Z",
        "value": "2943.17578125",
        "cumulative": false
    },
    {
        "date": "2020-09-11T13:02:35Z",
        "value": "2943.17578125",
        "cumulative": false
    },
    {
        "date": "2020-09-11T13:02:52Z",
        "value": "3271.17578125",
        "cumulative": false
    },
    {
        "date": "2020-09-11T13:03:08Z",
        "value": "2943.17578125",
        "cumulative": false
    },
    {
        "date": "2020-09-11T13:03:23Z",
        "value": "3296.80078125",
        "cumulative": false
    },
    {
        "date": "2020-09-11T13:03:41Z",
        "value": "3060.21484375",
        "cumulative": false
    },
    {
        "date": "2020-09-11T13:03:55Z",
        "value": "2943.17578125",
        "cumulative": false
    },
    {
        "date": "2020-09-11T13:04:10Z",
        "value": "2943.17578125",
        "cumulative": false
    },
    {
        "date": "2020-09-11T13:04:20Z",
        "value": "2943.17578125",
        "cumulative": false
    },
    {
        "date": "2020-09-11T13:04:40Z",
        "value": "2943.17578125",
        "cumulative": false
    },
    {
        "date": "2020-09-11T13:04:50Z",
        "value": "3325.42578125",
        "cumulative": false
    },
    {
        "date": "2020-09-11T13:05:10Z",
        "value": "2981.80078125",
        "cumulative": false
    },
    {
        "date": "2020-09-11T13:05:26Z",
        "value": "3174.17578125",
        "cumulative": false
    },
    {
        "date": "2020-09-11T13:05:39Z",
        "value": "3072.3203125",
        "cumulative": false
    },
    {
        "date": "2020-09-11T13:05:51Z",
        "value": "2943.28125",
        "cumulative": false
    },
    {
        "date": "2020-09-11T13:06:04Z",
        "value": "2943.17578125",
        "cumulative": false
    },
    {
        "date": "2020-09-11T13:06:16Z",
        "value": "2943.1796875",
        "cumulative": false
    },
    {
        "date": "2020-09-11T13:06:28Z",
        "value": "2943.21484375",
        "cumulative": false
    },
    {
        "date": "2020-09-11T13:06:39Z",
        "value": "2943.17578125",
        "cumulative": false
    },
    {
        "date": "2020-09-11T13:06:54Z",
        "value": "2943.3828125",
        "cumulative": false
    },
    {
        "date": "2020-09-11T13:07:07Z",
        "value": "3182.92578125",
        "cumulative": false
    },
    {
        "date": "2020-09-11T13:07:18Z",
        "value": "2943.17578125",
        "cumulative": false
    },
    {
        "date": "2020-09-11T13:07:32Z",
        "value": "2943.17578125",
        "cumulative": false
    },
    {
        "date": "2020-09-11T13:07:50Z",
        "value": "2943.17578125",
        "cumulative": false
    },
    {
        "date": "2020-09-11T13:08:03Z",
        "value": "2943.17578125",
        "cumulative": false
    },
    {
        "date": "2020-09-11T13:08:22Z",
        "value": "2943.17578125",
        "cumulative": false
    },
    {
        "date": "2020-09-11T13:08:35Z",
        "value": "2943.17578125",
        "cumulative": false
    },
    {
        "date": "2020-09-11T13:08:54Z",
        "value": "3008.17578125",
        "cumulative": false
    },
    {
        "date": "2020-09-11T13:09:10Z",
        "value": "2943.21875",
        "cumulative": false
    },
    {
        "date": "2020-09-11T13:09:24Z",
        "value": "2943.17578125",
        "cumulative": false
    },
    {
        "date": "2020-09-11T13:09:36Z",
        "value": "3134.33203125",
        "cumulative": false
    },
    {
        "date": "2020-09-11T13:09:52Z",
        "value": "2943.17578125",
        "cumulative": false
    },
    {
        "date": "2020-09-11T13:10:07Z",
        "value": "3169.92578125",
        "cumulative": false
    },
    {
        "date": "2020-09-11T13:10:20Z",
        "value": "2943.17578125",
        "cumulative": false
    },
    {
        "date": "2020-09-11T13:10:33Z",
        "value": "2943.17578125",
        "cumulative": false
    },
    {
        "date": "2020-09-11T13:10:46Z",
        "value": "2943.17578125",
        "cumulative": false
    },
    {
        "date": "2020-09-11T13:11:01Z",
        "value": "2943.17578125",
        "cumulative": false
    },
    {
        "date": "2020-09-11T13:11:18Z",
        "value": "2943.17578125",
        "cumulative": false
    },
    {
        "date": "2020-09-11T13:11:28Z",
        "value": "3187.42578125",
        "cumulative": false
    },
    {
        "date": "2020-09-11T13:11:48Z",
        "value": "2943.21875",
        "cumulative": false
    },
    {
        "date": "2020-09-11T13:12:01Z",
        "value": "3429.30078125",
        "cumulative": false
    },
    {
        "date": "2020-09-11T13:12:13Z",
        "value": "2943.17578125",
        "cumulative": false
    },
    {
        "date": "2020-09-11T13:12:25Z",
        "value": "2943.17578125",
        "cumulative": false
    },
    {
        "date": "2020-09-11T13:12:37Z",
        "value": "2943.21875",
        "cumulative": false
    },
    {
        "date": "2020-09-11T13:12:51Z",
        "value": "2943.17578125",
        "cumulative": false
    },
    {
        "date": "2020-09-11T13:13:03Z",
        "value": "2943.203125",
        "cumulative": false
    }
]