[
    {
        "date": "2020-09-11T12:17:59Z",
        "value": "0.0009593963623046875",
        "cumulative": true
    },
    {
        "date": "2020-09-11T12:18:12Z",
        "value": "0.014829635620117188",
        "cumulative": true
    },
    {
        "date": "2020-09-11T12:18:31Z",
        "value": "501.32037448883057",
        "cumulative": true
    },
    {
        "date": "2020-09-11T12:18:42Z",
        "value": "1910.7433986663818",
        "cumulative": true
    },
    {
        "date": "2020-09-11T12:18:59Z",
        "value": "4051.437497138977",
        "cumulative": true
    },
    {
        "date": "2020-09-11T12:19:16Z",
        "value": "6274.109758377075",
        "cumulative": true
    },
    {
        "date": "2020-09-11T12:19:30Z",
        "value": "8456.965738296509",
        "cumulative": true
    },
    {
        "date": "2020-09-11T12:19:49Z",
        "value": "11524.926486968994",
        "cumulative": true
    },
    {
        "date": "2020-09-11T12:20:00Z",
        "value": "12577.09296989441",
        "cumulative": true
    },
    {
        "date": "2020-09-11T12:20:16Z",
        "value": "15358.378287315369",
        "cumulative": true
    },
    {
        "date": "2020-09-11T12:20:31Z",
        "value": "17670.686834335327",
        "cumulative": true
    },
    {
        "date": "2020-09-11T12:20:42Z",
        "value": "19356.118810653687",
        "cumulative": true
    },
    {
        "date": "2020-09-11T12:20:54Z",
        "value": "20433.241976737976",
        "cumulative": true
    },
    {
        "date": "2020-09-11T12:21:13Z",
        "value": "24235.273478507996",
        "cumulative": true
    },
    {
        "date": "2020-09-11T12:21:28Z",
        "value": "25405.747794151306",
        "cumulative": true
    },
    {
        "date": "2020-09-11T12:21:46Z",
        "value": "29624.28999710083",
        "cumulative": true
    },
    {
        "date": "2020-09-11T12:22:02Z",
        "value": "31158.59601211548",
        "cumulative": true
    },
    {
        "date": "2020-09-11T12:22:20Z",
        "value": "33586.470255851746",
        "cumulative": true
    },
    {
        "date": "2020-09-11T12:22:37Z",
        "value": "37761.87284183502",
        "cumulative": true
    },
    {
        "date": "2020-09-11T12:22:51Z",
        "value": "38845.8272151947",
        "cumulative": true
    },
    {
        "date": "2020-09-11T12:23:11Z",
        "value": "40356.35759162903",
        "cumulative": true
    },
    {
        "date": "2020-09-11T12:23:26Z",
        "value": "43404.1041765213",
        "cumulative": true
    },
    {
        "date": "2020-09-11T12:23:40Z",
        "value": "46666.05931377411",
        "cumulative": true
    },
    {
        "date": "2020-09-11T12:23:53Z",
        "value": "48300.19061946869",
        "cumulative": true
    },
    {
        "date": "2020-09-11T12:24:03Z",
        "value": "49102.674803733826",
        "cumulative": true
    },
    {
        "date": "2020-09-11T12:24:13Z",
        "value": "49880.41895389557",
        "cumulative": true
    },
    {
        "date": "2020-09-11T12:24:31Z",
        "value": "51222.59521961212",
        "cumulative": true
    },
    {
        "date": "2020-09-11T12:24:48Z",
        "value": "54925.48141670227",
        "cumulative": true
    },
    {
        "date": "2020-09-11T12:25:07Z",
        "value": "59685.11332321167",
        "cumulative": true
    },
    {
        "date": "2020-09-11T12:25:25Z",
        "value": "61503.0932302475",
        "cumulative": true
    },
    {
        "date": "2020-09-11T12:25:42Z",
        "value": "62799.33970165253",
        "cumulative": true
    },
    {
        "date": "2020-09-11T12:25:57Z",
        "value": "63920.038546562195",
        "cumulative": true
    },
    {
        "date": "2020-09-11T12:26:12Z",
        "value": "65634.17293357849",
        "cumulative": true
    },
    {
        "date": "2020-09-11T12:26:31Z",
        "value": "69969.30726623535",
        "cumulative": true
    },
    {
        "date": "2020-09-11T12:26:43Z",
        "value": "72649.7924823761",
        "cumulative": true
    },
    {
        "date": "2020-09-11T12:26:58Z",
        "value": "76083.29249763489",
        "cumulative": true
    },
    {
        "date": "2020-09-11T12:27:16Z",
        "value": "77478.70374584198",
        "cumulative": true
    },
    {
        "date": "2020-09-11T12:27:27Z",
        "value": "78347.98173999786",
        "cumulative": true
    },
    {
        "date": "2020-09-11T12:27:45Z",
        "value": "79669.60141277313",
        "cumulative": true
    },
    {
        "date": "2020-09-11T12:28:03Z",
        "value": "81017.10778141022",
        "cumulative": true
    },
    {
        "date": "2020-09-11T12:28:13Z",
        "value": "81801.63587474823",
        "cumulative": true
    },
    {
        "date": "2020-09-11T12:28:33Z",
        "value": "86220.80355644226",
        "cumulative": true
    },
    {
        "date": "2020-09-11T12:28:49Z",
        "value": "89904.37156295776",
        "cumulative": true
    },
    {
        "date": "2020-09-11T12:29:03Z",
        "value": "93297.27594947815",
        "cumulative": true
    },
    {
        "date": "2020-09-11T12:29:15Z",
        "value": "96033.45076370239",
        "cumulative": true
    },
    {
        "date": "2020-09-11T12:29:27Z",
        "value": "96949.54272842407",
        "cumulative": true
    },
    {
        "date": "2020-09-11T12:29:42Z",
        "value": "97978.58381652832",
        "cumulative": true
    },
    {
        "date": "2020-09-11T12:29:55Z",
        "value": "98916.46383285522",
        "cumulative": true
    },
    {
        "date": "2020-09-11T12:30:08Z",
        "value": "99835.43236732483",
        "cumulative": true
    },
    {
        "date": "2020-09-11T12:30:25Z",
        "value": "101036.92553329468",
        "cumulative": true
    },
    {
        "date": "2020-09-11T12:30:37Z",
        "value": "101869.72442054749",
        "cumulative": true
    },
    {
        "date": "2020-09-11T12:30:53Z",
        "value": "103011.22161483765",
        "cumulative": true
    },
    {
        "date": "2020-09-11T12:31:07Z",
        "value": "105411.44051837921",
        "cumulative": true
    },
    {
        "date": "2020-09-11T12:31:18Z",
        "value": "107730.46194171906",
        "cumulative": true
    },
    {
        "date": "2020-09-11T12:31:30Z",
        "value": "110638.71000385284",
        "cumulative": true
    },
    {
        "date": "2020-09-11T12:31:49Z",
        "value": "115187.171833992",
        "cumulative": true
    },
    {
        "date": "2020-09-11T12:32:03Z",
        "value": "118459.10133457184",
        "cumulative": true
    },
    {
        "date": "2020-09-11T12:32:23Z",
        "value": "122014.56392669678",
        "cumulative": true
    },
    {
        "date": "2020-09-11T12:32:33Z",
        "value": "122748.10461997986",
        "cumulative": true
    },
    {
        "date": "2020-09-11T12:32:48Z",
        "value": "123829.38101196289",
        "cumulative": true
    },
    {
        "date": "2020-09-11T12:32:59Z",
        "value": "124609.49962997437",
        "cumulative": true
    },
    {
        "date": "2020-09-11T12:33:14Z",
        "value": "125691.46747207642",
        "cumulative": true
    },
    {
        "date": "2020-09-11T12:33:31Z",
        "value": "126900.18507766724",
        "cumulative": true
    },
    {
        "date": "2020-09-11T12:33:51Z",
        "value": "128301.46603012085",
        "cumulative": true
    },
    {
        "date": "2020-09-11T12:34:08Z",
        "value": "129476.26035499573",
        "cumulative": true
    },
    {
        "date": "2020-09-11T12:34:25Z",
        "value": "131242.18457317352",
        "cumulative": true
    },
    {
        "date": "2020-09-11T12:34:43Z",
        "value": "135172.48666667938",
        "cumulative": true
    },
    {
        "date": "2020-09-11T12:35:02Z",
        "value": "139736.66817188263",
        "cumulative": true
    },
    {
        "date": "2020-09-11T12:35:18Z",
        "value": "143372.5929555893",
        "cumulative": true
    },
    {
        "date": "2020-09-11T12:35:37Z",
        "value": "147763.93924617767",
        "cumulative": true
    },
    {
        "date": "2020-09-11T12:35:49Z",
        "value": "150521.76981067657",
        "cumulative": true
    },
    {
        "date": "2020-09-11T12:36:00Z",
        "value": "152941.997797966",
        "cumulative": true
    },
    {
        "date": "2020-09-11T12:36:12Z",
        "value": "154197.63505363464",
        "cumulative": true
    },
    {
        "date": "2020-09-11T12:36:28Z",
        "value": "155301.40934562683",
        "cumulative": true
    },
    {
        "date": "2020-09-11T12:36:40Z",
        "value": "156129.96835708618",
        "cumulative": true
    },
    {
        "date": "2020-09-11T12:36:51Z",
        "value": "156956.64750480652",
        "cumulative": true
    },
    {
        "date": "2020-09-11T12:37:05Z",
        "value": "157951.12846183777",
        "cumulative": true
    },
    {
        "date": "2020-09-11T12:37:17Z",
        "value": "158766.24049568176",
        "cumulative": true
    },
    {
        "date": "2020-09-11T12:37:29Z",
        "value": "159656.07387542725",
        "cumulative": true
    },
    {
        "date": "2020-09-11T12:37:41Z",
        "value": "160492.2638053894",
        "cumulative": true
    },
    {
        "date": "2020-09-11T12:37:55Z",
        "value": "161523.08086967468",
        "cumulative": true
    },
    {
        "date": "2020-09-11T12:38:07Z",
        "value": "162386.38568115234",
        "cumulative": true
    },
    {
        "date": "2020-09-11T12:38:18Z",
        "value": "163195.87171936035",
        "cumulative": true
    },
    {
        "date": "2020-09-11T12:38:36Z",
        "value": "164434.57940673828",
        "cumulative": true
    },
    {
        "date": "2020-09-11T12:38:46Z",
        "value": "165841.99121379852",
        "cumulative": true
    },
    {
        "date": "2020-09-11T12:39:02Z",
        "value": "169721.96532726288",
        "cumulative": true
    },
    {
        "date": "2020-09-11T12:39:16Z",
        "value": "172986.96898174286",
        "cumulative": true
    },
    {
        "date": "2020-09-11T12:39:32Z",
        "value": "176405.374833107",
        "cumulative": true
    },
    {
        "date": "2020-09-11T12:39:47Z",
        "value": "179934.02399539948",
        "cumulative": true
    },
    {
        "date": "2020-09-11T12:40:02Z",
        "value": "183342.4319486618",
        "cumulative": true
    },
    {
        "date": "2020-09-11T12:40:22Z",
        "value": "187868.49078273773",
        "cumulative": true
    },
    {
        "date": "2020-09-11T12:40:34Z",
        "value": "190667.32193660736",
        "cumulative": true
    },
    {
        "date": "2020-09-11T12:40:49Z",
        "value": "193873.45824050903",
        "cumulative": true
    },
    {
        "date": "2020-09-11T12:40:59Z",
        "value": "194592.11799240112",
        "cumulative": true
    },
    {
        "date": "2020-09-11T12:41:15Z",
        "value": "195711.6843547821",
        "cumulative": true
    },
    {
        "date": "2020-09-11T12:41:30Z",
        "value": "196676.17057991028",
        "cumulative": true
    },
    {
        "date": "2020-09-11T12:41:48Z",
        "value": "197898.27099227905",
        "cumulative": true
    },
    {
        "date": "2020-09-11T12:42:06Z",
        "value": "199066.7259902954",
        "cumulative": true
    },
    {
        "date": "2020-09-11T12:42:23Z",
        "value": "200196.2637577057",
        "cumulative": true
    },
    {
        "date": "2020-09-11T12:42:43Z",
        "value": "201476.9677658081",
        "cumulative": true
    },
    {
        "date": "2020-09-11T12:42:57Z",
        "value": "202353.1592617035",
        "cumulative": true
    },
    {
        "date": "2020-09-11T12:43:11Z",
        "value": "203213.0035610199",
        "cumulative": true
    },
    {
        "date": "2020-09-11T12:43:31Z",
        "value": "204503.73128700256",
        "cumulative": true
    },
    {
        "date": "2020-09-11T12:43:46Z",
        "value": "205511.08407783508",
        "cumulative": true
    },
    {
        "date": "2020-09-11T12:44:03Z",
        "value": "206585.93702316284",
        "cumulative": true
    },
    {
        "date": "2020-09-11T12:44:22Z",
        "value": "207809.6191368103",
        "cumulative": true
    },
    {
        "date": "2020-09-11T12:44:34Z",
        "value": "209339.44720363617",
        "cumulative": true
    },
    {
        "date": "2020-09-11T12:44:54Z",
        "value": "213927.10097408295",
        "cumulative": true
    },
    {
        "date": "2020-09-11T12:45:11Z",
        "value": "217856.60143566132",
        "cumulative": true
    },
    {
        "date": "2020-09-11T12:45:28Z",
        "value": "221629.37164592743",
        "cumulative": true
    },
    {
        "date": "2020-09-11T12:45:44Z",
        "value": "225501.84019565582",
        "cumulative": true
    },
    {
        "date": "2020-09-11T12:45:55Z",
        "value": "227788.4989824295",
        "cumulative": true
    },
    {
        "date": "2020-09-11T12:46:13Z",
        "value": "231675.3688879013",
        "cumulative": true
    },
    {
        "date": "2020-09-11T12:46:33Z",
        "value": "236267.5857076645",
        "cumulative": true
    },
    {
        "date": "2020-09-11T12:46:47Z",
        "value": "239718.837433815",
        "cumulative": true
    },
    {
        "date": "2020-09-11T12:47:07Z",
        "value": "244053.8151731491",
        "cumulative": true
    },
    {
        "date": "2020-09-11T12:47:26Z",
        "value": "245786.92041778564",
        "cumulative": true
    },
    {
        "date": "2020-09-11T12:47:45Z",
        "value": "247045.813621521",
        "cumulative": true
    },
    {
        "date": "2020-09-11T12:47:57Z",
        "value": "247937.3362674713",
        "cumulative": true
    },
    {
        "date": "2020-09-11T12:48:13Z",
        "value": "248924.95156478882",
        "cumulative": true
    },
    {
        "date": "2020-09-11T12:48:31Z",
        "value": "250069.3927974701",
        "cumulative": true
    },
    {
        "date": "2020-09-11T12:48:44Z",
        "value": "250889.05672454834",
        "cumulative": true
    },
    {
        "date": "2020-09-11T12:49:03Z",
        "value": "252132.16278457642",
        "cumulative": true
    },
    {
        "date": "2020-09-11T12:49:13Z",
        "value": "252832.05493736267",
        "cumulative": true
    },
    {
        "date": "2020-09-11T12:49:23Z",
        "value": "253443.95135307312",
        "cumulative": true
    },
    {
        "date": "2020-09-11T12:49:42Z",
        "value": "254659.11079216003",
        "cumulative": true
    },
    {
        "date": "2020-09-11T12:49:57Z",
        "value": "255580.96339797974",
        "cumulative": true
    },
    {
        "date": "2020-09-11T12:50:11Z",
        "value": "256461.23434829712",
        "cumulative": true
    },
    {
        "date": "2020-09-11T12:50:22Z",
        "value": "257185.00365829468",
        "cumulative": true
    },
    {
        "date": "2020-09-11T12:50:35Z",
        "value": "257942.1899471283",
        "cumulative": true
    },
    {
        "date": "2020-09-11T12:50:48Z",
        "value": "258820.58528327942",
        "cumulative": true
    },
    {
        "date": "2020-09-11T12:51:07Z",
        "value": "260011.17146110535",
        "cumulative": true
    },
    {
        "date": "2020-09-11T12:51:25Z",
        "value": "261175.1063556671",
        "cumulative": true
    },
    {
        "date": "2020-09-11T12:51:44Z",
        "value": "262349.04726600647",
        "cumulative": true
    },
    {
        "date": "2020-09-11T12:51:58Z",
        "value": "263914.450551033",
        "cumulative": true
    },
    {
        "date": "2020-09-11T12:52:12Z",
        "value": "267159.3345746994",
        "cumulative": true
    },
    {
        "date": "2020-09-11T12:52:23Z",
        "value": "269574.6634683609",
        "cumulative": true
    },
    {
        "date": "2020-09-11T12:52:38Z",
        "value": "272908.80720615387",
        "cumulative": true
    },
    {
        "date": "2020-09-11T12:52:51Z",
        "value": "275864.5208044052",
        "cumulative": true
    },
    {
        "date": "2020-09-11T12:53:03Z",
        "value": "278616.8069524765",
        "cumulative": true
    },
    {
        "date": "2020-09-11T12:53:19Z",
        "value": "282202.89389133453",
        "cumulative": true
    },
    {
        "date": "2020-09-11T12:53:38Z",
        "value": "286632.01299381256",
        "cumulative": true
    },
    {
        "date": "2020-09-11T12:53:57Z",
        "value": "291077.6982049942",
        "cumulative": true
    },
    {
        "date": "2020-09-11T12:54:12Z",
        "value": "294484.2001981735",
        "cumulative": true
    },
    {
        "date": "2020-09-11T12:54:25Z",
        "value": "297266.95824718475",
        "cumulative": true
    },
    {
        "date": "2020-09-11T12:54:42Z",
        "value": "301008.52382564545",
        "cumulative": true
    },
    {
        "date": "2020-09-11T12:54:58Z",
        "value": "304803.5714006424",
        "cumulative": true
    },
    {
        "date": "2020-09-11T12:55:10Z",
        "value": "307553.1775369644",
        "cumulative": true
    },
    {
        "date": "2020-09-11T12:55:20Z",
        "value": "309484.6270008087",
        "cumulative": true
    },
    {
        "date": "2020-09-11T12:55:39Z",
        "value": "310716.91719818115",
        "cumulative": true
    },
    {
        "date": "2020-09-11T12:55:50Z",
        "value": "311528.88791275024",
        "cumulative": true
    },
    {
        "date": "2020-09-11T12:56:09Z",
        "value": "312789.9367675781",
        "cumulative": true
    },
    {
        "date": "2020-09-11T12:56:22Z",
        "value": "313643.9404621124",
        "cumulative": true
    },
    {
        "date": "2020-09-11T12:56:39Z",
        "value": "314674.02962112427",
        "cumulative": true
    },
    {
        "date": "2020-09-11T12:56:51Z",
        "value": "315477.01560783386",
        "cumulative": true
    },
    {
        "date": "2020-09-11T12:57:09Z",
        "value": "316626.49157333374",
        "cumulative": true
    },
    {
        "date": "2020-09-11T12:57:22Z",
        "value": "317384.1331939697",
        "cumulative": true
    },
    {
        "date": "2020-09-11T12:57:38Z",
        "value": "318461.52076530457",
        "cumulative": true
    },
    {
        "date": "2020-09-11T12:57:57Z",
        "value": "319675.8543834686",
        "cumulative": true
    },
    {
        "date": "2020-09-11T12:58:08Z",
        "value": "320407.85805892944",
        "cumulative": true
    },
    {
        "date": "2020-09-11T12:58:27Z",
        "value": "321669.4990539551",
        "cumulative": true
    },
    {
        "date": "2020-09-11T12:58:37Z",
        "value": "322359.8264274597",
        "cumulative": true
    },
    {
        "date": "2020-09-11T12:58:57Z",
        "value": "323562.93397140503",
        "cumulative": true
    },
    {
        "date": "2020-09-11T12:59:15Z",
        "value": "324696.0375728607",
        "cumulative": true
    },
    {
        "date": "2020-09-11T12:59:25Z",
        "value": "325385.9525642395",
        "cumulative": true
    },
    {
        "date": "2020-09-11T12:59:42Z",
        "value": "326484.74279403687",
        "cumulative": true
    },
    {
        "date": "2020-09-11T12:59:59Z",
        "value": "327548.20537376404",
        "cumulative": true
    },
    {
        "date": "2020-09-11T13:00:09Z",
        "value": "328181.3066730499",
        "cumulative": true
    },
    {
        "date": "2020-09-11T13:00:27Z",
        "value": "329343.6202583313",
        "cumulative": true
    },
    {
        "date": "2020-09-11T13:00:40Z",
        "value": "330191.59423446655",
        "cumulative": true
    },
    {
        "date": "2020-09-11T13:00:56Z",
        "value": "331156.1837005615",
        "cumulative": true
    },
    {
        "date": "2020-09-11T13:01:14Z",
        "value": "332800.86179828644",
        "cumulative": true
    },
    {
        "date": "2020-09-11T13:01:25Z",
        "value": "335137.37272930145",
        "cumulative": true
    },
    {
        "date": "2020-09-11T13:01:42Z",
        "value": "338999.0738039017",
        "cumulative": true
    },
    {
        "date": "2020-09-11T13:01:59Z",
        "value": "342838.6348180771",
        "cumulative": true
    },
    {
        "date": "2020-09-11T13:02:17Z",
        "value": "346805.07439136505",
        "cumulative": true
    },
    {
        "date": "2020-09-11T13:02:34Z",
        "value": "350405.7926187515",
        "cumulative": true
    },
    {
        "date": "2020-09-11T13:02:46Z",
        "value": "353075.88034152985",
        "cumulative": true
    },
    {
        "date": "2020-09-11T13:02:57Z",
        "value": "355728.0488061905",
        "cumulative": true
    },
    {
        "date": "2020-09-11T13:03:14Z",
        "value": "359645.37278461456",
        "cumulative": true
    },
    {
        "date": "2020-09-11T13:03:28Z",
        "value": "362568.99454402924",
        "cumulative": true
    },
    {
        "date": "2020-09-11T13:03:45Z",
        "value": "366395.92018032074",
        "cumulative": true
    },
    {
        "date": "2020-09-11T13:04:02Z",
        "value": "370306.413643837",
        "cumulative": true
    },
    {
        "date": "2020-09-11T13:04:16Z",
        "value": "373654.4988489151",
        "cumulative": true
    },
    {
        "date": "2020-09-11T13:04:29Z",
        "value": "376576.21395778656",
        "cumulative": true
    },
    {
        "date": "2020-09-11T13:04:48Z",
        "value": "380898.63744449615",
        "cumulative": true
    },
    {
        "date": "2020-09-11T13:05:06Z",
        "value": "384976.83816051483",
        "cumulative": true
    },
    {
        "date": "2020-09-11T13:05:20Z",
        "value": "388210.1836309433",
        "cumulative": true
    },
    {
        "date": "2020-09-11T13:05:40Z",
        "value": "391179.5413980484",
        "cumulative": true
    },
    {
        "date": "2020-09-11T13:05:58Z",
        "value": "392365.44228839874",
        "cumulative": true
    },
    {
        "date": "2020-09-11T13:06:14Z",
        "value": "393477.549536705",
        "cumulative": true
    },
    {
        "date": "2020-09-11T13:06:32Z",
        "value": "394665.7663640976",
        "cumulative": true
    },
    {
        "date": "2020-09-11T13:06:51Z",
        "value": "395908.61598300934",
        "cumulative": true
    },
    {
        "date": "2020-09-11T13:07:09Z",
        "value": "397035.9377012253",
        "cumulative": true
    },
    {
        "date": "2020-09-11T13:07:25Z",
        "value": "398111.4106054306",
        "cumulative": true
    },
    {
        "date": "2020-09-11T13:07:43Z",
        "value": "399269.58987903595",
        "cumulative": true
    },
    {
        "date": "2020-09-11T13:08:01Z",
        "value": "400429.10612392426",
        "cumulative": true
    },
    {
        "date": "2020-09-11T13:08:13Z",
        "value": "401104.85458660126",
        "cumulative": true
    },
    {
        "date": "2020-09-11T13:08:31Z",
        "value": "402259.358748436",
        "cumulative": true
    },
    {
        "date": "2020-09-11T13:08:48Z",
        "value": "403394.3561925888",
        "cumulative": true
    },
    {
        "date": "2020-09-11T13:09:02Z",
        "value": "404313.38607120514",
        "cumulative": true
    },
    {
        "date": "2020-09-11T13:09:17Z",
        "value": "405248.03797245026",
        "cumulative": true
    },
    {
        "date": "2020-09-11T13:09:29Z",
        "value": "406022.5735731125",
        "cumulative": true
    },
    {
        "date": "2020-09-11T13:09:47Z",
        "value": "407183.12330150604",
        "cumulative": true
    },
    {
        "date": "2020-09-11T13:10:05Z",
        "value": "408294.3183298111",
        "cumulative": true
    },
    {
        "date": "2020-09-11T13:10:22Z",
        "value": "409407.9420557022",
        "cumulative": true
    },
    {
        "date": "2020-09-11T13:10:39Z",
        "value": "410563.8292322159",
        "cumulative": true
    },
    {
        "date": "2020-09-11T13:10:55Z",
        "value": "411494.64596271515",
        "cumulative": true
    },
    {
        "date": "2020-09-11T13:11:15Z",
        "value": "412878.3067369461",
        "cumulative": true
    },
    {
        "date": "2020-09-11T13:11:28Z",
        "value": "413746.180729866",
        "cumulative": true
    },
    {
        "date": "2020-09-11T13:11:38Z",
        "value": "414325.9214811325",
        "cumulative": true
    },
    {
        "date": "2020-09-11T13:11:58Z",
        "value": "415541.9527349472",
        "cumulative": true
    },
    {
        "date": "2020-09-11T13:12:11Z",
        "value": "416429.97341251373",
        "cumulative": true
    },
    {
        "date": "2020-09-11T13:12:24Z",
        "value": "417250.2505674362",
        "cumulative": true
    },
    {
        "date": "2020-09-11T13:12:39Z",
        "value": "418202.83929538727",
        "cumulative": true
    },
    {
        "date": "2020-09-11T13:12:52Z",
        "value": "419030.63651371",
        "cumulative": true
    }
]