[
    {
        "date": "2020-09-11T12:18:05Z",
        "value": "2.984375",
        "cumulative": false
    },
    {
        "date": "2020-09-11T12:18:21Z",
        "value": "1052.7578125",
        "cumulative": false
    },
    {
        "date": "2020-09-11T12:18:34Z",
        "value": "1058.6875",
        "cumulative": false
    },
    {
        "date": "2020-09-11T12:18:48Z",
        "value": "1074.1875",
        "cumulative": false
    },
    {
        "date": "2020-09-11T12:19:05Z",
        "value": "1087.625",
        "cumulative": false
    },
    {
        "date": "2020-09-11T12:19:24Z",
        "value": "1107.43359375",
        "cumulative": false
    },
    {
        "date": "2020-09-11T12:19:41Z",
        "value": "1120.4296875",
        "cumulative": false
    },
    {
        "date": "2020-09-11T12:19:53Z",
        "value": "1137.0703125",
        "cumulative": false
    },
    {
        "date": "2020-09-11T12:20:04Z",
        "value": "1154.765625",
        "cumulative": false
    },
    {
        "date": "2020-09-11T12:20:23Z",
        "value": "1154.765625",
        "cumulative": false
    },
    {
        "date": "2020-09-11T12:20:38Z",
        "value": "1177.10546875",
        "cumulative": false
    },
    {
        "date": "2020-09-11T12:20:49Z",
        "value": "1177.1015625",
        "cumulative": false
    },
    {
        "date": "2020-09-11T12:21:05Z",
        "value": "1205.3203125",
        "cumulative": false
    },
    {
        "date": "2020-09-11T12:21:20Z",
        "value": "1216.96484375",
        "cumulative": false
    },
    {
        "date": "2020-09-11T12:21:30Z",
        "value": "1246.43359375",
        "cumulative": false
    },
    {
        "date": "2020-09-11T12:21:43Z",
        "value": "1246.43359375",
        "cumulative": false
    },
    {
        "date": "2020-09-11T12:22:01Z",
        "value": "1255.60546875",
        "cumulative": false
    },
    {
        "date": "2020-09-11T12:22:16Z",
        "value": "1292.8125",
        "cumulative": false
    },
    {
        "date": "2020-09-11T12:22:32Z",
        "value": "1292.8125",
        "cumulative": false
    },
    {
        "date": "2020-09-11T12:22:43Z",
        "value": "1267.26953125",
        "cumulative": false
    },
    {
        "date": "2020-09-11T12:23:02Z",
        "value": "1267.26953125",
        "cumulative": false
    },
    {
        "date": "2020-09-11T12:23:14Z",
        "value": "1355.28515625",
        "cumulative": false
    },
    {
        "date": "2020-09-11T12:23:26Z",
        "value": "1314.28515625",
        "cumulative": false
    },
    {
        "date": "2020-09-11T12:23:41Z",
        "value": "1314.29296875",
        "cumulative": false
    },
    {
        "date": "2020-09-11T12:23:53Z",
        "value": "1319.1640625",
        "cumulative": false
    },
    {
        "date": "2020-09-11T12:24:11Z",
        "value": "1319.16015625",
        "cumulative": false
    },
    {
        "date": "2020-09-11T12:24:29Z",
        "value": "1362.9140625",
        "cumulative": false
    },
    {
        "date": "2020-09-11T12:24:41Z",
        "value": "1378.59765625",
        "cumulative": false
    },
    {
        "date": "2020-09-11T12:24:56Z",
        "value": "1378.65625",
        "cumulative": false
    },
    {
        "date": "2020-09-11T12:25:13Z",
        "value": "1384.75",
        "cumulative": false
    },
    {
        "date": "2020-09-11T12:25:25Z",
        "value": "1384.67578125",
        "cumulative": false
    },
    {
        "date": "2020-09-11T12:25:41Z",
        "value": "1384.7421875",
        "cumulative": false
    },
    {
        "date": "2020-09-11T12:25:57Z",
        "value": "1384.67578125",
        "cumulative": false
    },
    {
        "date": "2020-09-11T12:26:12Z",
        "value": "1459.68359375",
        "cumulative": false
    },
    {
        "date": "2020-09-11T12:26:28Z",
        "value": "1459.59765625",
        "cumulative": false
    },
    {
        "date": "2020-09-11T12:26:44Z",
        "value": "1459.59765625",
        "cumulative": false
    },
    {
        "date": "2020-09-11T12:27:01Z",
        "value": "1459.765625",
        "cumulative": false
    },
    {
        "date": "2020-09-11T12:27:19Z",
        "value": "1537.69921875",
        "cumulative": false
    },
    {
        "date": "2020-09-11T12:27:37Z",
        "value": "1459.65625",
        "cumulative": false
    },
    {
        "date": "2020-09-11T12:27:56Z",
        "value": "1459.60546875",
        "cumulative": false
    },
    {
        "date": "2020-09-11T12:28:12Z",
        "value": "1459.6015625",
        "cumulative": false
    },
    {
        "date": "2020-09-11T12:28:26Z",
        "value": "1568.15625",
        "cumulative": false
    },
    {
        "date": "2020-09-11T12:28:43Z",
        "value": "1554.16796875",
        "cumulative": false
    },
    {
        "date": "2020-09-11T12:28:58Z",
        "value": "1598.16796875",
        "cumulative": false
    },
    {
        "date": "2020-09-11T12:29:14Z",
        "value": "1554.16796875",
        "cumulative": false
    },
    {
        "date": "2020-09-11T12:29:30Z",
        "value": "1554.2265625",
        "cumulative": false
    },
    {
        "date": "2020-09-11T12:29:45Z",
        "value": "1554.140625",
        "cumulative": false
    },
    {
        "date": "2020-09-11T12:29:57Z",
        "value": "1554.140625",
        "cumulative": false
    },
    {
        "date": "2020-09-11T12:30:13Z",
        "value": "1554.140625",
        "cumulative": false
    },
    {
        "date": "2020-09-11T12:30:25Z",
        "value": "1666.421875",
        "cumulative": false
    },
    {
        "date": "2020-09-11T12:30:42Z",
        "value": "1660.515625",
        "cumulative": false
    },
    {
        "date": "2020-09-11T12:30:59Z",
        "value": "1673.66796875",
        "cumulative": false
    },
    {
        "date": "2020-09-11T12:31:13Z",
        "value": "1708.9296875",
        "cumulative": false
    },
    {
        "date": "2020-09-11T12:31:25Z",
        "value": "1673.5546875",
        "cumulative": false
    },
    {
        "date": "2020-09-11T12:31:42Z",
        "value": "1690.0546875",
        "cumulative": false
    },
    {
        "date": "2020-09-11T12:31:54Z",
        "value": "1673.5546875",
        "cumulative": false
    },
    {
        "date": "2020-09-11T12:32:10Z",
        "value": "1673.55859375",
        "cumulative": false
    },
    {
        "date": "2020-09-11T12:32:29Z",
        "value": "1673.5546875",
        "cumulative": false
    },
    {
        "date": "2020-09-11T12:32:47Z",
        "value": "1673.5546875",
        "cumulative": false
    },
    {
        "date": "2020-09-11T12:33:05Z",
        "value": "1673.6015625",
        "cumulative": false
    },
    {
        "date": "2020-09-11T12:33:17Z",
        "value": "1673.765625",
        "cumulative": false
    },
    {
        "date": "2020-09-11T12:33:32Z",
        "value": "1673.5546875",
        "cumulative": false
    },
    {
        "date": "2020-09-11T12:33:46Z",
        "value": "1673.63671875",
        "cumulative": false
    },
    {
        "date": "2020-09-11T12:33:59Z",
        "value": "1673.5859375",
        "cumulative": false
    },
    {
        "date": "2020-09-11T12:34:17Z",
        "value": "1754.21875",
        "cumulative": false
    },
    {
        "date": "2020-09-11T12:34:35Z",
        "value": "1824.3359375",
        "cumulative": false
    },
    {
        "date": "2020-09-11T12:34:52Z",
        "value": "1824.3984375",
        "cumulative": false
    },
    {
        "date": "2020-09-11T12:35:12Z",
        "value": "1824.3046875",
        "cumulative": false
    },
    {
        "date": "2020-09-11T12:35:25Z",
        "value": "1824.3046875",
        "cumulative": false
    },
    {
        "date": "2020-09-11T12:35:38Z",
        "value": "1855.9296875",
        "cumulative": false
    },
    {
        "date": "2020-09-11T12:35:57Z",
        "value": "1824.3046875",
        "cumulative": false
    },
    {
        "date": "2020-09-11T12:36:08Z",
        "value": "1824.328125",
        "cumulative": false
    },
    {
        "date": "2020-09-11T12:36:20Z",
        "value": "1824.3046875",
        "cumulative": false
    },
    {
        "date": "2020-09-11T12:36:38Z",
        "value": "1844.3046875",
        "cumulative": false
    },
    {
        "date": "2020-09-11T12:36:50Z",
        "value": "1824.3046875",
        "cumulative": false
    },
    {
        "date": "2020-09-11T12:37:02Z",
        "value": "1854.32421875",
        "cumulative": false
    },
    {
        "date": "2020-09-11T12:37:19Z",
        "value": "1824.3515625",
        "cumulative": false
    },
    {
        "date": "2020-09-11T12:37:36Z",
        "value": "1824.46875",
        "cumulative": false
    },
    {
        "date": "2020-09-11T12:37:54Z",
        "value": "1893.07421875",
        "cumulative": false
    },
    {
        "date": "2020-09-11T12:38:04Z",
        "value": "1824.3984375",
        "cumulative": false
    },
    {
        "date": "2020-09-11T12:38:23Z",
        "value": "1937.43359375",
        "cumulative": false
    },
    {
        "date": "2020-09-11T12:38:41Z",
        "value": "1824.35546875",
        "cumulative": false
    },
    {
        "date": "2020-09-11T12:38:59Z",
        "value": "2160.25390625",
        "cumulative": false
    },
    {
        "date": "2020-09-11T12:39:17Z",
        "value": "2014.62890625",
        "cumulative": false
    },
    {
        "date": "2020-09-11T12:39:34Z",
        "value": "2014.62890625",
        "cumulative": false
    },
    {
        "date": "2020-09-11T12:39:54Z",
        "value": "2014.62890625",
        "cumulative": false
    },
    {
        "date": "2020-09-11T12:40:07Z",
        "value": "2014.66015625",
        "cumulative": false
    },
    {
        "date": "2020-09-11T12:40:23Z",
        "value": "2014.62890625",
        "cumulative": false
    },
    {
        "date": "2020-09-11T12:40:43Z",
        "value": "2014.71484375",
        "cumulative": false
    },
    {
        "date": "2020-09-11T12:41:01Z",
        "value": "2285.53515625",
        "cumulative": false
    },
    {
        "date": "2020-09-11T12:41:13Z",
        "value": "2014.66015625",
        "cumulative": false
    },
    {
        "date": "2020-09-11T12:41:33Z",
        "value": "2248.03515625",
        "cumulative": false
    },
    {
        "date": "2020-09-11T12:41:46Z",
        "value": "2014.73046875",
        "cumulative": false
    },
    {
        "date": "2020-09-11T12:41:58Z",
        "value": "2014.734375",
        "cumulative": false
    },
    {
        "date": "2020-09-11T12:42:15Z",
        "value": "2014.69140625",
        "cumulative": false
    },
    {
        "date": "2020-09-11T12:42:26Z",
        "value": "2284.66015625",
        "cumulative": false
    },
    {
        "date": "2020-09-11T12:42:42Z",
        "value": "2014.66015625",
        "cumulative": false
    },
    {
        "date": "2020-09-11T12:42:57Z",
        "value": "2014.66015625",
        "cumulative": false
    },
    {
        "date": "2020-09-11T12:43:07Z",
        "value": "2014.69140625",
        "cumulative": false
    },
    {
        "date": "2020-09-11T12:43:23Z",
        "value": "2014.66015625",
        "cumulative": false
    },
    {
        "date": "2020-09-11T12:43:36Z",
        "value": "2014.66015625",
        "cumulative": false
    },
    {
        "date": "2020-09-11T12:43:49Z",
        "value": "2014.66015625",
        "cumulative": false
    },
    {
        "date": "2020-09-11T12:44:02Z",
        "value": "2014.66015625",
        "cumulative": false
    },
    {
        "date": "2020-09-11T12:44:20Z",
        "value": "2282.91015625",
        "cumulative": false
    },
    {
        "date": "2020-09-11T12:44:33Z",
        "value": "2304.8984375",
        "cumulative": false
    },
    {
        "date": "2020-09-11T12:44:46Z",
        "value": "2255.0234375",
        "cumulative": false
    },
    {
        "date": "2020-09-11T12:45:04Z",
        "value": "2255.0234375",
        "cumulative": false
    },
    {
        "date": "2020-09-11T12:45:21Z",
        "value": "2255.13671875",
        "cumulative": false
    },
    {
        "date": "2020-09-11T12:45:37Z",
        "value": "2255.0234375",
        "cumulative": false
    },
    {
        "date": "2020-09-11T12:45:56Z",
        "value": "2255.13671875",
        "cumulative": false
    },
    {
        "date": "2020-09-11T12:46:08Z",
        "value": "2255.0234375",
        "cumulative": false
    },
    {
        "date": "2020-09-11T12:46:19Z",
        "value": "2255.0234375",
        "cumulative": false
    },
    {
        "date": "2020-09-11T12:46:35Z",
        "value": "2449.6484375",
        "cumulative": false
    },
    {
        "date": "2020-09-11T12:46:54Z",
        "value": "2255.02734375",
        "cumulative": false
    },
    {
        "date": "2020-09-11T12:47:11Z",
        "value": "2257.15234375",
        "cumulative": false
    },
    {
        "date": "2020-09-11T12:47:30Z",
        "value": "2520.77734375",
        "cumulative": false
    },
    {
        "date": "2020-09-11T12:47:42Z",
        "value": "2255.13671875",
        "cumulative": false
    },
    {
        "date": "2020-09-11T12:48:01Z",
        "value": "2255.04296875",
        "cumulative": false
    },
    {
        "date": "2020-09-11T12:48:11Z",
        "value": "2255.15234375",
        "cumulative": false
    },
    {
        "date": "2020-09-11T12:48:28Z",
        "value": "2255.02734375",
        "cumulative": false
    },
    {
        "date": "2020-09-11T12:48:43Z",
        "value": "2255.02734375",
        "cumulative": false
    },
    {
        "date": "2020-09-11T12:48:54Z",
        "value": "2568.27734375",
        "cumulative": false
    },
    {
        "date": "2020-09-11T12:49:09Z",
        "value": "2255.02734375",
        "cumulative": false
    },
    {
        "date": "2020-09-11T12:49:21Z",
        "value": "2255.02734375",
        "cumulative": false
    },
    {
        "date": "2020-09-11T12:49:37Z",
        "value": "2255.0390625",
        "cumulative": false
    },
    {
        "date": "2020-09-11T12:49:53Z",
        "value": "2255.02734375",
        "cumulative": false
    },
    {
        "date": "2020-09-11T12:50:08Z",
        "value": "2255.1328125",
        "cumulative": false
    },
    {
        "date": "2020-09-11T12:50:26Z",
        "value": "2255.02734375",
        "cumulative": false
    },
    {
        "date": "2020-09-11T12:50:40Z",
        "value": "2255.02734375",
        "cumulative": false
    },
    {
        "date": "2020-09-11T12:50:59Z",
        "value": "2255.02734375",
        "cumulative": false
    },
    {
        "date": "2020-09-11T12:51:14Z",
        "value": "2255.1328125",
        "cumulative": false
    },
    {
        "date": "2020-09-11T12:51:31Z",
        "value": "2255.02734375",
        "cumulative": false
    },
    {
        "date": "2020-09-11T12:51:42Z",
        "value": "2559.52734375",
        "cumulative": false
    },
    {
        "date": "2020-09-11T12:51:55Z",
        "value": "2558.4453125",
        "cumulative": false
    },
    {
        "date": "2020-09-11T12:52:14Z",
        "value": "2861.19140625",
        "cumulative": false
    },
    {
        "date": "2020-09-11T12:52:25Z",
        "value": "2781.56640625",
        "cumulative": false
    },
    {
        "date": "2020-09-11T12:52:40Z",
        "value": "2558.44140625",
        "cumulative": false
    },
    {
        "date": "2020-09-11T12:53:00Z",
        "value": "2629.06640625",
        "cumulative": false
    },
    {
        "date": "2020-09-11T12:53:19Z",
        "value": "2558.44140625",
        "cumulative": false
    },
    {
        "date": "2020-09-11T12:53:34Z",
        "value": "2861.19140625",
        "cumulative": false
    },
    {
        "date": "2020-09-11T12:53:50Z",
        "value": "2819.19140625",
        "cumulative": false
    },
    {
        "date": "2020-09-11T12:54:07Z",
        "value": "2558.46484375",
        "cumulative": false
    },
    {
        "date": "2020-09-11T12:54:23Z",
        "value": "2558.46484375",
        "cumulative": false
    },
    {
        "date": "2020-09-11T12:54:38Z",
        "value": "2558.46484375",
        "cumulative": false
    },
    {
        "date": "2020-09-11T12:54:53Z",
        "value": "2558.44140625",
        "cumulative": false
    },
    {
        "date": "2020-09-11T12:55:12Z",
        "value": "2558.46484375",
        "cumulative": false
    },
    {
        "date": "2020-09-11T12:55:29Z",
        "value": "2558.44921875",
        "cumulative": false
    },
    {
        "date": "2020-09-11T12:55:43Z",
        "value": "2558.44140625",
        "cumulative": false
    },
    {
        "date": "2020-09-11T12:56:02Z",
        "value": "2558.44140625",
        "cumulative": false
    },
    {
        "date": "2020-09-11T12:56:14Z",
        "value": "2558.44140625",
        "cumulative": false
    },
    {
        "date": "2020-09-11T12:56:25Z",
        "value": "2732.19140625",
        "cumulative": false
    },
    {
        "date": "2020-09-11T12:56:41Z",
        "value": "2558.44140625",
        "cumulative": false
    },
    {
        "date": "2020-09-11T12:56:55Z",
        "value": "2558.44140625",
        "cumulative": false
    },
    {
        "date": "2020-09-11T12:57:07Z",
        "value": "2558.44140625",
        "cumulative": false
    },
    {
        "date": "2020-09-11T12:57:24Z",
        "value": "2558.45703125",
        "cumulative": false
    },
    {
        "date": "2020-09-11T12:57:41Z",
        "value": "2895.19140625",
        "cumulative": false
    },
    {
        "date": "2020-09-11T12:57:54Z",
        "value": "2558.44140625",
        "cumulative": false
    },
    {
        "date": "2020-09-11T12:58:13Z",
        "value": "2791.06640625",
        "cumulative": false
    },
    {
        "date": "2020-09-11T12:58:27Z",
        "value": "2854.56640625",
        "cumulative": false
    },
    {
        "date": "2020-09-11T12:58:42Z",
        "value": "2558.6015625",
        "cumulative": false
    },
    {
        "date": "2020-09-11T12:58:59Z",
        "value": "2558.44921875",
        "cumulative": false
    },
    {
        "date": "2020-09-11T12:59:11Z",
        "value": "2558.44140625",
        "cumulative": false
    },
    {
        "date": "2020-09-11T12:59:23Z",
        "value": "2558.44140625",
        "cumulative": false
    },
    {
        "date": "2020-09-11T12:59:35Z",
        "value": "2999.44140625",
        "cumulative": false
    },
    {
        "date": "2020-09-11T12:59:46Z",
        "value": "2558.609375",
        "cumulative": false
    },
    {
        "date": "2020-09-11T13:00:05Z",
        "value": "2558.44140625",
        "cumulative": false
    },
    {
        "date": "2020-09-11T13:00:15Z",
        "value": "2558.45703125",
        "cumulative": false
    },
    {
        "date": "2020-09-11T13:00:31Z",
        "value": "2558.44140625",
        "cumulative": false
    },
    {
        "date": "2020-09-11T13:00:50Z",
        "value": "2703.44140625",
        "cumulative": false
    },
    {
        "date": "2020-09-11T13:01:00Z",
        "value": "2558.44140625",
        "cumulative": false
    },
    {
        "date": "2020-09-11T13:01:18Z",
        "value": "2941.52734375",
        "cumulative": false
    },
    {
        "date": "2020-09-11T13:01:36Z",
        "value": "2941.55859375",
        "cumulative": false
    },
    {
        "date": "2020-09-11T13:01:53Z",
        "value": "2941.52734375",
        "cumulative": false
    },
    {
        "date": "2020-09-11T13:02:03Z",
        "value": "2941.52734375",
        "cumulative": false
    },
    {
        "date": "2020-09-11T13:02:19Z",
        "value": "2941.52734375",
        "cumulative": false
    },
    {
        "date": "2020-09-11T13:02:39Z",
        "value": "3164.02734375",
        "cumulative": false
    },
    {
        "date": "2020-09-11T13:02:51Z",
        "value": "2941.52734375",
        "cumulative": false
    },
    {
        "date": "2020-09-11T13:03:07Z",
        "value": "2941.55859375",
        "cumulative": false
    },
    {
        "date": "2020-09-11T13:03:19Z",
        "value": "2941.52734375",
        "cumulative": false
    },
    {
        "date": "2020-09-11T13:03:36Z",
        "value": "2961.40234375",
        "cumulative": false
    },
    {
        "date": "2020-09-11T13:03:48Z",
        "value": "2941.52734375",
        "cumulative": false
    },
    {
        "date": "2020-09-11T13:04:07Z",
        "value": "2941.55859375",
        "cumulative": false
    },
    {
        "date": "2020-09-11T13:04:19Z",
        "value": "3091.65234375",
        "cumulative": false
    },
    {
        "date": "2020-09-11T13:04:30Z",
        "value": "2941.52734375",
        "cumulative": false
    },
    {
        "date": "2020-09-11T13:04:48Z",
        "value": "2941.52734375",
        "cumulative": false
    },
    {
        "date": "2020-09-11T13:04:58Z",
        "value": "2941.55859375",
        "cumulative": false
    },
    {
        "date": "2020-09-11T13:05:11Z",
        "value": "2941.55859375",
        "cumulative": false
    },
    {
        "date": "2020-09-11T13:05:24Z",
        "value": "2941.52734375",
        "cumulative": false
    },
    {
        "date": "2020-09-11T13:05:44Z",
        "value": "2941.64453125",
        "cumulative": false
    },
    {
        "date": "2020-09-11T13:05:54Z",
        "value": "2941.52734375",
        "cumulative": false
    },
    {
        "date": "2020-09-11T13:06:08Z",
        "value": "2941.52734375",
        "cumulative": false
    },
    {
        "date": "2020-09-11T13:06:24Z",
        "value": "2941.56640625",
        "cumulative": false
    },
    {
        "date": "2020-09-11T13:06:38Z",
        "value": "2941.5546875",
        "cumulative": false
    },
    {
        "date": "2020-09-11T13:06:52Z",
        "value": "2941.52734375",
        "cumulative": false
    },
    {
        "date": "2020-09-11T13:07:06Z",
        "value": "2941.52734375",
        "cumulative": false
    },
    {
        "date": "2020-09-11T13:07:24Z",
        "value": "2941.53515625",
        "cumulative": false
    },
    {
        "date": "2020-09-11T13:07:43Z",
        "value": "2941.62890625",
        "cumulative": false
    },
    {
        "date": "2020-09-11T13:07:58Z",
        "value": "2941.52734375",
        "cumulative": false
    },
    {
        "date": "2020-09-11T13:08:14Z",
        "value": "2941.52734375",
        "cumulative": false
    },
    {
        "date": "2020-09-11T13:08:32Z",
        "value": "3084.02734375",
        "cumulative": false
    },
    {
        "date": "2020-09-11T13:08:50Z",
        "value": "2941.52734375",
        "cumulative": false
    },
    {
        "date": "2020-09-11T13:09:02Z",
        "value": "2941.52734375",
        "cumulative": false
    },
    {
        "date": "2020-09-11T13:09:21Z",
        "value": "2941.52734375",
        "cumulative": false
    },
    {
        "date": "2020-09-11T13:09:34Z",
        "value": "2941.52734375",
        "cumulative": false
    },
    {
        "date": "2020-09-11T13:09:54Z",
        "value": "3282.77734375",
        "cumulative": false
    },
    {
        "date": "2020-09-11T13:10:14Z",
        "value": "2941.64453125",
        "cumulative": false
    },
    {
        "date": "2020-09-11T13:10:25Z",
        "value": "2941.52734375",
        "cumulative": false
    },
    {
        "date": "2020-09-11T13:10:39Z",
        "value": "3089.40234375",
        "cumulative": false
    },
    {
        "date": "2020-09-11T13:10:52Z",
        "value": "2982.77734375",
        "cumulative": false
    },
    {
        "date": "2020-09-11T13:11:07Z",
        "value": "2941.734375",
        "cumulative": false
    },
    {
        "date": "2020-09-11T13:11:22Z",
        "value": "2941.56640625",
        "cumulative": false
    },
    {
        "date": "2020-09-11T13:11:39Z",
        "value": "2941.609375",
        "cumulative": false
    },
    {
        "date": "2020-09-11T13:11:52Z",
        "value": "2941.52734375",
        "cumulative": false
    },
    {
        "date": "2020-09-11T13:12:05Z",
        "value": "3402.90234375",
        "cumulative": false
    },
    {
        "date": "2020-09-11T13:12:23Z",
        "value": "2941.6328125",
        "cumulative": false
    },
    {
        "date": "2020-09-11T13:12:43Z",
        "value": "2941.56640625",
        "cumulative": false
    },
    {
        "date": "2020-09-11T13:13:03Z",
        "value": "2941.52734375",
        "cumulative": false
    }
]