[
    {
        "date": "2020-09-11T12:18:01Z",
        "value": "0.0009593963623046875",
        "cumulative": true
    },
    {
        "date": "2020-09-11T12:18:12Z",
        "value": "0.018709182739257812",
        "cumulative": true
    },
    {
        "date": "2020-09-11T12:18:22Z",
        "value": "26.198582649230957",
        "cumulative": true
    },
    {
        "date": "2020-09-11T12:18:39Z",
        "value": "1483.0102624893188",
        "cumulative": true
    },
    {
        "date": "2020-09-11T12:18:57Z",
        "value": "3880.694344520569",
        "cumulative": true
    },
    {
        "date": "2020-09-11T12:19:08Z",
        "value": "5378.016358375549",
        "cumulative": true
    },
    {
        "date": "2020-09-11T12:19:25Z",
        "value": "7698.611814498901",
        "cumulative": true
    },
    {
        "date": "2020-09-11T12:19:44Z",
        "value": "10200.472145080566",
        "cumulative": true
    },
    {
        "date": "2020-09-11T12:19:59Z",
        "value": "12455.342862129211",
        "cumulative": true
    },
    {
        "date": "2020-09-11T12:20:14Z",
        "value": "15179.398288726807",
        "cumulative": true
    },
    {
        "date": "2020-09-11T12:20:32Z",
        "value": "17964.622752189636",
        "cumulative": true
    },
    {
        "date": "2020-09-11T12:20:46Z",
        "value": "19599.365188598633",
        "cumulative": true
    },
    {
        "date": "2020-09-11T12:21:04Z",
        "value": "23109.242427825928",
        "cumulative": true
    },
    {
        "date": "2020-09-11T12:21:20Z",
        "value": "24707.984196662903",
        "cumulative": true
    },
    {
        "date": "2020-09-11T12:21:30Z",
        "value": "25595.321536064148",
        "cumulative": true
    },
    {
        "date": "2020-09-11T12:21:49Z",
        "value": "30078.678630828857",
        "cumulative": true
    },
    {
        "date": "2020-09-11T12:22:07Z",
        "value": "31507.859354019165",
        "cumulative": true
    },
    {
        "date": "2020-09-11T12:22:22Z",
        "value": "34101.88672924042",
        "cumulative": true
    },
    {
        "date": "2020-09-11T12:22:42Z",
        "value": "38171.18940448761",
        "cumulative": true
    },
    {
        "date": "2020-09-11T12:22:53Z",
        "value": "39004.50010204315",
        "cumulative": true
    },
    {
        "date": "2020-09-11T12:23:08Z",
        "value": "40135.7863073349",
        "cumulative": true
    },
    {
        "date": "2020-09-11T12:23:19Z",
        "value": "41869.93543624878",
        "cumulative": true
    },
    {
        "date": "2020-09-11T12:23:34Z",
        "value": "45305.209310531616",
        "cumulative": true
    },
    {
        "date": "2020-09-11T12:23:54Z",
        "value": "48408.94417285919",
        "cumulative": true
    },
    {
        "date": "2020-09-11T12:24:05Z",
        "value": "49235.749625205994",
        "cumulative": true
    },
    {
        "date": "2020-09-11T12:24:16Z",
        "value": "50082.940152168274",
        "cumulative": true
    },
    {
        "date": "2020-09-11T12:24:29Z",
        "value": "51134.21063709259",
        "cumulative": true
    },
    {
        "date": "2020-09-11T12:24:41Z",
        "value": "53428.92144203186",
        "cumulative": true
    },
    {
        "date": "2020-09-11T12:24:55Z",
        "value": "56898.99499130249",
        "cumulative": true
    },
    {
        "date": "2020-09-11T12:25:10Z",
        "value": "60343.583950042725",
        "cumulative": true
    },
    {
        "date": "2020-09-11T12:25:28Z",
        "value": "61741.90774154663",
        "cumulative": true
    },
    {
        "date": "2020-09-11T12:25:45Z",
        "value": "63037.16024208069",
        "cumulative": true
    },
    {
        "date": "2020-09-11T12:26:03Z",
        "value": "64450.59708023071",
        "cumulative": true
    },
    {
        "date": "2020-09-11T12:26:15Z",
        "value": "66304.5270986557",
        "cumulative": true
    },
    {
        "date": "2020-09-11T12:26:29Z",
        "value": "69604.37349796295",
        "cumulative": true
    },
    {
        "date": "2020-09-11T12:26:45Z",
        "value": "73169.79020404816",
        "cumulative": true
    },
    {
        "date": "2020-09-11T12:27:01Z",
        "value": "76408.43218135834",
        "cumulative": true
    },
    {
        "date": "2020-09-11T12:27:12Z",
        "value": "77195.89172649384",
        "cumulative": true
    },
    {
        "date": "2020-09-11T12:27:30Z",
        "value": "78620.67422389984",
        "cumulative": true
    },
    {
        "date": "2020-09-11T12:27:46Z",
        "value": "79839.31863498688",
        "cumulative": true
    },
    {
        "date": "2020-09-11T12:28:01Z",
        "value": "80969.89761447906",
        "cumulative": true
    },
    {
        "date": "2020-09-11T12:28:20Z",
        "value": "83312.68311309814",
        "cumulative": true
    },
    {
        "date": "2020-09-11T12:28:31Z",
        "value": "85789.69569587708",
        "cumulative": true
    },
    {
        "date": "2020-09-11T12:28:50Z",
        "value": "90039.36661338806",
        "cumulative": true
    },
    {
        "date": "2020-09-11T12:29:02Z",
        "value": "93114.27232170105",
        "cumulative": true
    },
    {
        "date": "2020-09-11T12:29:14Z",
        "value": "95746.96346092224",
        "cumulative": true
    },
    {
        "date": "2020-09-11T12:29:28Z",
        "value": "97081.27575874329",
        "cumulative": true
    },
    {
        "date": "2020-09-11T12:29:46Z",
        "value": "98347.0975894928",
        "cumulative": true
    },
    {
        "date": "2020-09-11T12:30:06Z",
        "value": "99715.27068138123",
        "cumulative": true
    },
    {
        "date": "2020-09-11T12:30:25Z",
        "value": "101124.26713752747",
        "cumulative": true
    },
    {
        "date": "2020-09-11T12:30:43Z",
        "value": "102341.23655319214",
        "cumulative": true
    },
    {
        "date": "2020-09-11T12:30:54Z",
        "value": "103122.12909698486",
        "cumulative": true
    },
    {
        "date": "2020-09-11T12:31:11Z",
        "value": "106124.55119228363",
        "cumulative": true
    },
    {
        "date": "2020-09-11T12:31:22Z",
        "value": "108977.9296426773",
        "cumulative": true
    },
    {
        "date": "2020-09-11T12:31:34Z",
        "value": "111589.90223026276",
        "cumulative": true
    },
    {
        "date": "2020-09-11T12:31:48Z",
        "value": "114874.79353809357",
        "cumulative": true
    },
    {
        "date": "2020-09-11T12:32:03Z",
        "value": "118506.62281131744",
        "cumulative": true
    },
    {
        "date": "2020-09-11T12:32:20Z",
        "value": "121867.62040519714",
        "cumulative": true
    },
    {
        "date": "2020-09-11T12:32:34Z",
        "value": "122879.92053604126",
        "cumulative": true
    },
    {
        "date": "2020-09-11T12:32:51Z",
        "value": "124089.28657913208",
        "cumulative": true
    },
    {
        "date": "2020-09-11T12:33:03Z",
        "value": "124963.99056434631",
        "cumulative": true
    },
    {
        "date": "2020-09-11T12:33:21Z",
        "value": "126230.29334831238",
        "cumulative": true
    },
    {
        "date": "2020-09-11T12:33:36Z",
        "value": "127274.3942604065",
        "cumulative": true
    },
    {
        "date": "2020-09-11T12:33:52Z",
        "value": "128446.38573646545",
        "cumulative": true
    },
    {
        "date": "2020-09-11T12:34:04Z",
        "value": "129263.94205284119",
        "cumulative": true
    },
    {
        "date": "2020-09-11T12:34:15Z",
        "value": "130065.4691772461",
        "cumulative": true
    },
    {
        "date": "2020-09-11T12:34:29Z",
        "value": "132038.04985141754",
        "cumulative": true
    },
    {
        "date": "2020-09-11T12:34:43Z",
        "value": "135352.32155132294",
        "cumulative": true
    },
    {
        "date": "2020-09-11T12:34:58Z",
        "value": "138922.34194278717",
        "cumulative": true
    },
    {
        "date": "2020-09-11T12:35:11Z",
        "value": "141922.1493215561",
        "cumulative": true
    },
    {
        "date": "2020-09-11T12:35:25Z",
        "value": "145002.24804973602",
        "cumulative": true
    },
    {
        "date": "2020-09-11T12:35:40Z",
        "value": "148524.21639347076",
        "cumulative": true
    },
    {
        "date": "2020-09-11T12:35:53Z",
        "value": "151298.2333650589",
        "cumulative": true
    },
    {
        "date": "2020-09-11T12:36:08Z",
        "value": "153952.7686290741",
        "cumulative": true
    },
    {
        "date": "2020-09-11T12:36:24Z",
        "value": "155093.85428619385",
        "cumulative": true
    },
    {
        "date": "2020-09-11T12:36:42Z",
        "value": "156368.61824035645",
        "cumulative": true
    },
    {
        "date": "2020-09-11T12:37:00Z",
        "value": "157690.23274803162",
        "cumulative": true
    },
    {
        "date": "2020-09-11T12:37:13Z",
        "value": "158599.37188148499",
        "cumulative": true
    },
    {
        "date": "2020-09-11T12:37:29Z",
        "value": "159736.08519744873",
        "cumulative": true
    },
    {
        "date": "2020-09-11T12:37:40Z",
        "value": "160533.28142547607",
        "cumulative": true
    },
    {
        "date": "2020-09-11T12:37:57Z",
        "value": "161787.43150520325",
        "cumulative": true
    },
    {
        "date": "2020-09-11T12:38:12Z",
        "value": "162839.3966960907",
        "cumulative": true
    },
    {
        "date": "2020-09-11T12:38:24Z",
        "value": "163720.54603767395",
        "cumulative": true
    },
    {
        "date": "2020-09-11T12:38:39Z",
        "value": "164765.49356651306",
        "cumulative": true
    },
    {
        "date": "2020-09-11T12:38:56Z",
        "value": "168283.60057544708",
        "cumulative": true
    },
    {
        "date": "2020-09-11T12:39:12Z",
        "value": "172179.08722782135",
        "cumulative": true
    },
    {
        "date": "2020-09-11T12:39:30Z",
        "value": "176079.01673984528",
        "cumulative": true
    },
    {
        "date": "2020-09-11T12:39:42Z",
        "value": "178905.61639881134",
        "cumulative": true
    },
    {
        "date": "2020-09-11T12:39:53Z",
        "value": "181352.02679729462",
        "cumulative": true
    },
    {
        "date": "2020-09-11T12:40:09Z",
        "value": "185071.89576625824",
        "cumulative": true
    },
    {
        "date": "2020-09-11T12:40:23Z",
        "value": "188230.24343776703",
        "cumulative": true
    },
    {
        "date": "2020-09-11T12:40:37Z",
        "value": "191337.18986415863",
        "cumulative": true
    },
    {
        "date": "2020-09-11T12:40:56Z",
        "value": "194463.48106193542",
        "cumulative": true
    },
    {
        "date": "2020-09-11T12:41:14Z",
        "value": "195706.67784690857",
        "cumulative": true
    },
    {
        "date": "2020-09-11T12:41:27Z",
        "value": "196569.10379219055",
        "cumulative": true
    },
    {
        "date": "2020-09-11T12:41:46Z",
        "value": "197876.92073440552",
        "cumulative": true
    },
    {
        "date": "2020-09-11T12:41:58Z",
        "value": "198617.07436943054",
        "cumulative": true
    },
    {
        "date": "2020-09-11T12:42:09Z",
        "value": "199309.5802898407",
        "cumulative": true
    },
    {
        "date": "2020-09-11T12:42:19Z",
        "value": "199996.04565048218",
        "cumulative": true
    },
    {
        "date": "2020-09-11T12:42:39Z",
        "value": "201284.88838386536",
        "cumulative": true
    },
    {
        "date": "2020-09-11T12:42:50Z",
        "value": "202002.0998325348",
        "cumulative": true
    },
    {
        "date": "2020-09-11T12:43:03Z",
        "value": "202753.7474155426",
        "cumulative": true
    },
    {
        "date": "2020-09-11T12:43:22Z",
        "value": "204007.12552070618",
        "cumulative": true
    },
    {
        "date": "2020-09-11T12:43:40Z",
        "value": "205186.66844940186",
        "cumulative": true
    },
    {
        "date": "2020-09-11T12:43:56Z",
        "value": "206213.09254074097",
        "cumulative": true
    },
    {
        "date": "2020-09-11T12:44:13Z",
        "value": "207310.74916648865",
        "cumulative": true
    },
    {
        "date": "2020-09-11T12:44:28Z",
        "value": "208226.4556236267",
        "cumulative": true
    },
    {
        "date": "2020-09-11T12:44:45Z",
        "value": "212096.91512584686",
        "cumulative": true
    },
    {
        "date": "2020-09-11T12:45:04Z",
        "value": "216350.89331150055",
        "cumulative": true
    },
    {
        "date": "2020-09-11T12:45:23Z",
        "value": "220666.33839130402",
        "cumulative": true
    },
    {
        "date": "2020-09-11T12:45:41Z",
        "value": "224731.18813419342",
        "cumulative": true
    },
    {
        "date": "2020-09-11T12:45:52Z",
        "value": "227286.72997379303",
        "cumulative": true
    },
    {
        "date": "2020-09-11T12:46:11Z",
        "value": "231307.8647966385",
        "cumulative": true
    },
    {
        "date": "2020-09-11T12:46:27Z",
        "value": "234952.43571949005",
        "cumulative": true
    },
    {
        "date": "2020-09-11T12:46:42Z",
        "value": "238513.64601039886",
        "cumulative": true
    },
    {
        "date": "2020-09-11T12:47:00Z",
        "value": "242565.99372768402",
        "cumulative": true
    },
    {
        "date": "2020-09-11T12:47:13Z",
        "value": "244868.24323654175",
        "cumulative": true
    },
    {
        "date": "2020-09-11T12:47:24Z",
        "value": "245591.90754318237",
        "cumulative": true
    },
    {
        "date": "2020-09-11T12:47:34Z",
        "value": "246289.55452156067",
        "cumulative": true
    },
    {
        "date": "2020-09-11T12:47:49Z",
        "value": "247329.55048179626",
        "cumulative": true
    },
    {
        "date": "2020-09-11T12:48:07Z",
        "value": "248474.017911911",
        "cumulative": true
    },
    {
        "date": "2020-09-11T12:48:27Z",
        "value": "249737.1905860901",
        "cumulative": true
    },
    {
        "date": "2020-09-11T12:48:47Z",
        "value": "251024.38380241394",
        "cumulative": true
    },
    {
        "date": "2020-09-11T12:48:59Z",
        "value": "251863.31579971313",
        "cumulative": true
    },
    {
        "date": "2020-09-11T12:49:11Z",
        "value": "252594.6304550171",
        "cumulative": true
    },
    {
        "date": "2020-09-11T12:49:26Z",
        "value": "253564.5632095337",
        "cumulative": true
    },
    {
        "date": "2020-09-11T12:49:44Z",
        "value": "254761.61538887024",
        "cumulative": true
    },
    {
        "date": "2020-09-11T12:50:00Z",
        "value": "255673.28232574463",
        "cumulative": true
    },
    {
        "date": "2020-09-11T12:50:10Z",
        "value": "256299.0037536621",
        "cumulative": true
    },
    {
        "date": "2020-09-11T12:50:25Z",
        "value": "257295.85670280457",
        "cumulative": true
    },
    {
        "date": "2020-09-11T12:50:42Z",
        "value": "258383.53661727905",
        "cumulative": true
    },
    {
        "date": "2020-09-11T12:50:57Z",
        "value": "259314.9364452362",
        "cumulative": true
    },
    {
        "date": "2020-09-11T12:51:08Z",
        "value": "260018.28220176697",
        "cumulative": true
    },
    {
        "date": "2020-09-11T12:51:27Z",
        "value": "261224.77049064636",
        "cumulative": true
    },
    {
        "date": "2020-09-11T12:51:43Z",
        "value": "262185.7307987213",
        "cumulative": true
    },
    {
        "date": "2020-09-11T12:51:56Z",
        "value": "263371.38998889923",
        "cumulative": true
    },
    {
        "date": "2020-09-11T12:52:12Z",
        "value": "267059.8915128708",
        "cumulative": true
    },
    {
        "date": "2020-09-11T12:52:26Z",
        "value": "270173.7396764755",
        "cumulative": true
    },
    {
        "date": "2020-09-11T12:52:39Z",
        "value": "273095.8748998642",
        "cumulative": true
    },
    {
        "date": "2020-09-11T12:52:50Z",
        "value": "275276.5565595627",
        "cumulative": true
    },
    {
        "date": "2020-09-11T12:53:08Z",
        "value": "279508.35015392303",
        "cumulative": true
    },
    {
        "date": "2020-09-11T12:53:22Z",
        "value": "282762.27312755585",
        "cumulative": true
    },
    {
        "date": "2020-09-11T12:53:34Z",
        "value": "285522.5856599808",
        "cumulative": true
    },
    {
        "date": "2020-09-11T12:53:45Z",
        "value": "288060.1203985214",
        "cumulative": true
    },
    {
        "date": "2020-09-11T12:53:58Z",
        "value": "291001.1360197067",
        "cumulative": true
    },
    {
        "date": "2020-09-11T12:54:12Z",
        "value": "294196.95400333405",
        "cumulative": true
    },
    {
        "date": "2020-09-11T12:54:30Z",
        "value": "297960.3578081131",
        "cumulative": true
    },
    {
        "date": "2020-09-11T12:54:45Z",
        "value": "301642.4220380783",
        "cumulative": true
    },
    {
        "date": "2020-09-11T12:55:00Z",
        "value": "304948.35046100616",
        "cumulative": true
    },
    {
        "date": "2020-09-11T12:55:18Z",
        "value": "309012.47001075745",
        "cumulative": true
    },
    {
        "date": "2020-09-11T12:55:30Z",
        "value": "309926.28301239014",
        "cumulative": true
    },
    {
        "date": "2020-09-11T12:55:41Z",
        "value": "310618.551486969",
        "cumulative": true
    },
    {
        "date": "2020-09-11T12:56:00Z",
        "value": "311858.9476776123",
        "cumulative": true
    },
    {
        "date": "2020-09-11T12:56:15Z",
        "value": "312900.2876434326",
        "cumulative": true
    },
    {
        "date": "2020-09-11T12:56:30Z",
        "value": "313814.25411605835",
        "cumulative": true
    },
    {
        "date": "2020-09-11T12:56:44Z",
        "value": "314729.51990890503",
        "cumulative": true
    },
    {
        "date": "2020-09-11T12:57:02Z",
        "value": "315881.44243240356",
        "cumulative": true
    },
    {
        "date": "2020-09-11T12:57:14Z",
        "value": "316584.96211624146",
        "cumulative": true
    },
    {
        "date": "2020-09-11T12:57:32Z",
        "value": "317785.1663303375",
        "cumulative": true
    },
    {
        "date": "2020-09-11T12:57:47Z",
        "value": "318709.4261856079",
        "cumulative": true
    },
    {
        "date": "2020-09-11T12:58:03Z",
        "value": "319761.43940353394",
        "cumulative": true
    },
    {
        "date": "2020-09-11T12:58:14Z",
        "value": "320495.2846508026",
        "cumulative": true
    },
    {
        "date": "2020-09-11T12:58:30Z",
        "value": "321582.6604576111",
        "cumulative": true
    },
    {
        "date": "2020-09-11T12:58:48Z",
        "value": "322723.24329948425",
        "cumulative": true
    },
    {
        "date": "2020-09-11T12:59:00Z",
        "value": "323463.6385860443",
        "cumulative": true
    },
    {
        "date": "2020-09-11T12:59:20Z",
        "value": "324718.1330718994",
        "cumulative": true
    },
    {
        "date": "2020-09-11T12:59:40Z",
        "value": "325962.0906352997",
        "cumulative": true
    },
    {
        "date": "2020-09-11T12:59:53Z",
        "value": "326834.679315567",
        "cumulative": true
    },
    {
        "date": "2020-09-11T13:00:12Z",
        "value": "328028.3508243561",
        "cumulative": true
    },
    {
        "date": "2020-09-11T13:00:24Z",
        "value": "328864.3112487793",
        "cumulative": true
    },
    {
        "date": "2020-09-11T13:00:41Z",
        "value": "329882.410905838",
        "cumulative": true
    },
    {
        "date": "2020-09-11T13:00:51Z",
        "value": "330522.9522819519",
        "cumulative": true
    },
    {
        "date": "2020-09-11T13:01:07Z",
        "value": "331620.60507774353",
        "cumulative": true
    },
    {
        "date": "2020-09-11T13:01:25Z",
        "value": "334780.12110614777",
        "cumulative": true
    },
    {
        "date": "2020-09-11T13:01:42Z",
        "value": "338805.576590538",
        "cumulative": true
    },
    {
        "date": "2020-09-11T13:01:54Z",
        "value": "341233.82028102875",
        "cumulative": true
    },
    {
        "date": "2020-09-11T13:02:10Z",
        "value": "344683.4344263077",
        "cumulative": true
    },
    {
        "date": "2020-09-11T13:02:28Z",
        "value": "348756.2610063553",
        "cumulative": true
    },
    {
        "date": "2020-09-11T13:02:45Z",
        "value": "352603.43702602386",
        "cumulative": true
    },
    {
        "date": "2020-09-11T13:03:01Z",
        "value": "356142.3942193985",
        "cumulative": true
    },
    {
        "date": "2020-09-11T13:03:19Z",
        "value": "360137.39232730865",
        "cumulative": true
    },
    {
        "date": "2020-09-11T13:03:32Z",
        "value": "363116.14695072174",
        "cumulative": true
    },
    {
        "date": "2020-09-11T13:03:42Z",
        "value": "365445.24841976166",
        "cumulative": true
    },
    {
        "date": "2020-09-11T13:03:56Z",
        "value": "368572.46014881134",
        "cumulative": true
    },
    {
        "date": "2020-09-11T13:04:09Z",
        "value": "371677.10362529755",
        "cumulative": true
    },
    {
        "date": "2020-09-11T13:04:24Z",
        "value": "374980.77548122406",
        "cumulative": true
    },
    {
        "date": "2020-09-11T13:04:39Z",
        "value": "378474.840716362",
        "cumulative": true
    },
    {
        "date": "2020-09-11T13:04:50Z",
        "value": "380805.0268239975",
        "cumulative": true
    },
    {
        "date": "2020-09-11T13:05:04Z",
        "value": "384163.8520898819",
        "cumulative": true
    },
    {
        "date": "2020-09-11T13:05:23Z",
        "value": "388383.83528232574",
        "cumulative": true
    },
    {
        "date": "2020-09-11T13:05:35Z",
        "value": "390418.3094263077",
        "cumulative": true
    },
    {
        "date": "2020-09-11T13:05:54Z",
        "value": "391641.8016767502",
        "cumulative": true
    },
    {
        "date": "2020-09-11T13:06:12Z",
        "value": "392835.76274204254",
        "cumulative": true
    },
    {
        "date": "2020-09-11T13:06:25Z",
        "value": "393718.5808649063",
        "cumulative": true
    },
    {
        "date": "2020-09-11T13:06:45Z",
        "value": "395051.5153398514",
        "cumulative": true
    },
    {
        "date": "2020-09-11T13:07:00Z",
        "value": "395959.69526195526",
        "cumulative": true
    },
    {
        "date": "2020-09-11T13:07:20Z",
        "value": "397347.1568040848",
        "cumulative": true
    },
    {
        "date": "2020-09-11T13:07:37Z",
        "value": "398329.09582424164",
        "cumulative": true
    },
    {
        "date": "2020-09-11T13:07:54Z",
        "value": "399423.48251247406",
        "cumulative": true
    },
    {
        "date": "2020-09-11T13:08:13Z",
        "value": "400631.56016635895",
        "cumulative": true
    },
    {
        "date": "2020-09-11T13:08:24Z",
        "value": "401391.1213541031",
        "cumulative": true
    },
    {
        "date": "2020-09-11T13:08:43Z",
        "value": "402607.3117303848",
        "cumulative": true
    },
    {
        "date": "2020-09-11T13:08:56Z",
        "value": "403448.5489358902",
        "cumulative": true
    },
    {
        "date": "2020-09-11T13:09:13Z",
        "value": "404570.9827013016",
        "cumulative": true
    },
    {
        "date": "2020-09-11T13:09:28Z",
        "value": "405443.52641773224",
        "cumulative": true
    },
    {
        "date": "2020-09-11T13:09:41Z",
        "value": "406328.7391901016",
        "cumulative": true
    },
    {
        "date": "2020-09-11T13:09:56Z",
        "value": "407254.29660892487",
        "cumulative": true
    },
    {
        "date": "2020-09-11T13:10:07Z",
        "value": "408035.66257190704",
        "cumulative": true
    },
    {
        "date": "2020-09-11T13:10:25Z",
        "value": "409050.19916057587",
        "cumulative": true
    },
    {
        "date": "2020-09-11T13:10:37Z",
        "value": "409822.1000585556",
        "cumulative": true
    },
    {
        "date": "2020-09-11T13:10:54Z",
        "value": "410925.5598974228",
        "cumulative": true
    },
    {
        "date": "2020-09-11T13:11:05Z",
        "value": "411686.01538944244",
        "cumulative": true
    },
    {
        "date": "2020-09-11T13:11:24Z",
        "value": "412947.1637125015",
        "cumulative": true
    },
    {
        "date": "2020-09-11T13:11:34Z",
        "value": "413523.52415943146",
        "cumulative": true
    },
    {
        "date": "2020-09-11T13:11:48Z",
        "value": "414396.758433342",
        "cumulative": true
    },
    {
        "date": "2020-09-11T13:11:58Z",
        "value": "415062.3070459366",
        "cumulative": true
    },
    {
        "date": "2020-09-11T13:12:16Z",
        "value": "416195.8507909775",
        "cumulative": true
    },
    {
        "date": "2020-09-11T13:12:29Z",
        "value": "417076.4490327835",
        "cumulative": true
    },
    {
        "date": "2020-09-11T13:12:42Z",
        "value": "417920.2246236801",
        "cumulative": true
    },
    {
        "date": "2020-09-11T13:13:00Z",
        "value": "419012.74327754974",
        "cumulative": true
    }
]