[
    {
        "date": "2020-09-11T12:18:01Z",
        "value": "0.005722632",
        "cumulative": false
    },
    {
        "date": "2020-09-11T12:18:20Z",
        "value": "0.4916497",
        "cumulative": false
    },
    {
        "date": "2020-09-11T12:18:35Z",
        "value": "1.254361747",
        "cumulative": false
    },
    {
        "date": "2020-09-11T12:18:52Z",
        "value": "1.332319927",
        "cumulative": false
    },
    {
        "date": "2020-09-11T12:19:07Z",
        "value": "1.036198638",
        "cumulative": false
    },
    {
        "date": "2020-09-11T12:19:24Z",
        "value": "0.925024924",
        "cumulative": false
    },
    {
        "date": "2020-09-11T12:19:44Z",
        "value": "0.972435302",
        "cumulative": false
    },
    {
        "date": "2020-09-11T12:19:55Z",
        "value": "0.810327269",
        "cumulative": false
    },
    {
        "date": "2020-09-11T12:20:13Z",
        "value": "0.888248119",
        "cumulative": false
    },
    {
        "date": "2020-09-11T12:20:29Z",
        "value": "0.961807819",
        "cumulative": false
    },
    {
        "date": "2020-09-11T12:20:40Z",
        "value": "0.819154342",
        "cumulative": false
    },
    {
        "date": "2020-09-11T12:20:54Z",
        "value": "1.060270919",
        "cumulative": false
    },
    {
        "date": "2020-09-11T12:21:13Z",
        "value": "0.719510809",
        "cumulative": false
    },
    {
        "date": "2020-09-11T12:21:31Z",
        "value": "1.02320196",
        "cumulative": false
    },
    {
        "date": "2020-09-11T12:21:41Z",
        "value": "0.572568954",
        "cumulative": false
    },
    {
        "date": "2020-09-11T12:21:54Z",
        "value": "0.867526998",
        "cumulative": false
    },
    {
        "date": "2020-09-11T12:22:06Z",
        "value": "1.093618922",
        "cumulative": false
    },
    {
        "date": "2020-09-11T12:22:20Z",
        "value": "0.901916645",
        "cumulative": false
    },
    {
        "date": "2020-09-11T12:22:32Z",
        "value": "0.578839783",
        "cumulative": false
    },
    {
        "date": "2020-09-11T12:22:44Z",
        "value": "0.830760901",
        "cumulative": false
    },
    {
        "date": "2020-09-11T12:22:58Z",
        "value": "1.051904676",
        "cumulative": false
    },
    {
        "date": "2020-09-11T12:23:08Z",
        "value": "1.065544816",
        "cumulative": false
    },
    {
        "date": "2020-09-11T12:23:21Z",
        "value": "0.807787388",
        "cumulative": false
    },
    {
        "date": "2020-09-11T12:23:35Z",
        "value": "0.610303833",
        "cumulative": false
    },
    {
        "date": "2020-09-11T12:23:46Z",
        "value": "0.564617803",
        "cumulative": false
    },
    {
        "date": "2020-09-11T12:24:04Z",
        "value": "1.061823083",
        "cumulative": false
    },
    {
        "date": "2020-09-11T12:24:15Z",
        "value": "1.073711207",
        "cumulative": false
    },
    {
        "date": "2020-09-11T12:24:27Z",
        "value": "1.032545553",
        "cumulative": false
    },
    {
        "date": "2020-09-11T12:24:43Z",
        "value": "0.737649131",
        "cumulative": false
    },
    {
        "date": "2020-09-11T12:24:55Z",
        "value": "0.58821491",
        "cumulative": false
    },
    {
        "date": "2020-09-11T12:25:13Z",
        "value": "0.69684324",
        "cumulative": false
    },
    {
        "date": "2020-09-11T12:25:30Z",
        "value": "1.00545127",
        "cumulative": false
    },
    {
        "date": "2020-09-11T12:25:47Z",
        "value": "1.026078985",
        "cumulative": false
    },
    {
        "date": "2020-09-11T12:26:03Z",
        "value": "1.052641715",
        "cumulative": false
    },
    {
        "date": "2020-09-11T12:26:15Z",
        "value": "0.779393359",
        "cumulative": false
    },
    {
        "date": "2020-09-11T12:26:31Z",
        "value": "0.57846351",
        "cumulative": false
    },
    {
        "date": "2020-09-11T12:26:48Z",
        "value": "0.568396",
        "cumulative": false
    },
    {
        "date": "2020-09-11T12:27:02Z",
        "value": "0.712189875",
        "cumulative": false
    },
    {
        "date": "2020-09-11T12:27:13Z",
        "value": "1.0460327",
        "cumulative": false
    },
    {
        "date": "2020-09-11T12:27:31Z",
        "value": "1.057826045",
        "cumulative": false
    },
    {
        "date": "2020-09-11T12:27:41Z",
        "value": "1.041454306",
        "cumulative": false
    },
    {
        "date": "2020-09-11T12:27:56Z",
        "value": "1.03633427",
        "cumulative": false
    },
    {
        "date": "2020-09-11T12:28:11Z",
        "value": "1.034273491",
        "cumulative": false
    },
    {
        "date": "2020-09-11T12:28:29Z",
        "value": "0.628673791",
        "cumulative": false
    },
    {
        "date": "2020-09-11T12:28:47Z",
        "value": "0.602588862",
        "cumulative": false
    },
    {
        "date": "2020-09-11T12:29:05Z",
        "value": "0.608336055",
        "cumulative": false
    },
    {
        "date": "2020-09-11T12:29:16Z",
        "value": "0.592545362",
        "cumulative": false
    },
    {
        "date": "2020-09-11T12:29:30Z",
        "value": "0.93435847",
        "cumulative": false
    },
    {
        "date": "2020-09-11T12:29:47Z",
        "value": "0.931176643",
        "cumulative": false
    },
    {
        "date": "2020-09-11T12:30:02Z",
        "value": "0.93243766",
        "cumulative": false
    },
    {
        "date": "2020-09-11T12:30:18Z",
        "value": "0.930214156",
        "cumulative": false
    },
    {
        "date": "2020-09-11T12:30:33Z",
        "value": "0.947311192",
        "cumulative": false
    },
    {
        "date": "2020-09-11T12:30:50Z",
        "value": "0.908603786",
        "cumulative": false
    },
    {
        "date": "2020-09-11T12:31:03Z",
        "value": "0.814244999",
        "cumulative": false
    },
    {
        "date": "2020-09-11T12:31:20Z",
        "value": "0.596310846",
        "cumulative": false
    },
    {
        "date": "2020-09-11T12:31:37Z",
        "value": "0.607407667",
        "cumulative": false
    },
    {
        "date": "2020-09-11T12:31:48Z",
        "value": "0.587824652",
        "cumulative": false
    },
    {
        "date": "2020-09-11T12:32:04Z",
        "value": "0.59173465",
        "cumulative": false
    },
    {
        "date": "2020-09-11T12:32:17Z",
        "value": "0.671587931",
        "cumulative": false
    },
    {
        "date": "2020-09-11T12:32:32Z",
        "value": "0.948178259",
        "cumulative": false
    },
    {
        "date": "2020-09-11T12:32:44Z",
        "value": "0.948992337",
        "cumulative": false
    },
    {
        "date": "2020-09-11T12:32:59Z",
        "value": "0.941654839",
        "cumulative": false
    },
    {
        "date": "2020-09-11T12:33:15Z",
        "value": "0.944939695",
        "cumulative": false
    },
    {
        "date": "2020-09-11T12:33:25Z",
        "value": "0.933249031",
        "cumulative": false
    },
    {
        "date": "2020-09-11T12:33:38Z",
        "value": "0.960524206",
        "cumulative": false
    },
    {
        "date": "2020-09-11T12:33:48Z",
        "value": "0.934568016",
        "cumulative": false
    },
    {
        "date": "2020-09-11T12:34:01Z",
        "value": "0.96717662",
        "cumulative": false
    },
    {
        "date": "2020-09-11T12:34:17Z",
        "value": "0.948762466",
        "cumulative": false
    },
    {
        "date": "2020-09-11T12:34:28Z",
        "value": "0.803214151",
        "cumulative": false
    },
    {
        "date": "2020-09-11T12:34:47Z",
        "value": "0.592413029",
        "cumulative": false
    },
    {
        "date": "2020-09-11T12:34:59Z",
        "value": "0.627598237",
        "cumulative": false
    },
    {
        "date": "2020-09-11T12:35:13Z",
        "value": "0.597712264",
        "cumulative": false
    },
    {
        "date": "2020-09-11T12:35:27Z",
        "value": "0.587865514",
        "cumulative": false
    },
    {
        "date": "2020-09-11T12:35:44Z",
        "value": "0.603127549",
        "cumulative": false
    },
    {
        "date": "2020-09-11T12:36:01Z",
        "value": "0.570742838",
        "cumulative": false
    },
    {
        "date": "2020-09-11T12:36:21Z",
        "value": "0.920012365",
        "cumulative": false
    },
    {
        "date": "2020-09-11T12:36:32Z",
        "value": "0.95493705",
        "cumulative": false
    },
    {
        "date": "2020-09-11T12:36:49Z",
        "value": "0.961981323",
        "cumulative": false
    },
    {
        "date": "2020-09-11T12:37:09Z",
        "value": "0.944084793",
        "cumulative": false
    },
    {
        "date": "2020-09-11T12:37:21Z",
        "value": "0.926285537",
        "cumulative": false
    },
    {
        "date": "2020-09-11T12:37:36Z",
        "value": "0.968701965",
        "cumulative": false
    },
    {
        "date": "2020-09-11T12:37:55Z",
        "value": "0.955019038",
        "cumulative": false
    },
    {
        "date": "2020-09-11T12:38:10Z",
        "value": "0.953282156",
        "cumulative": false
    },
    {
        "date": "2020-09-11T12:38:23Z",
        "value": "0.963088088",
        "cumulative": false
    },
    {
        "date": "2020-09-11T12:38:33Z",
        "value": "0.94004206",
        "cumulative": false
    },
    {
        "date": "2020-09-11T12:38:44Z",
        "value": "0.849325226",
        "cumulative": false
    },
    {
        "date": "2020-09-11T12:39:00Z",
        "value": "0.599772496",
        "cumulative": false
    },
    {
        "date": "2020-09-11T12:39:13Z",
        "value": "0.59878837",
        "cumulative": false
    },
    {
        "date": "2020-09-11T12:39:25Z",
        "value": "0.571450981",
        "cumulative": false
    },
    {
        "date": "2020-09-11T12:39:42Z",
        "value": "0.574996229",
        "cumulative": false
    },
    {
        "date": "2020-09-11T12:39:53Z",
        "value": "0.580707802",
        "cumulative": false
    },
    {
        "date": "2020-09-11T12:40:08Z",
        "value": "0.606580966",
        "cumulative": false
    },
    {
        "date": "2020-09-11T12:40:24Z",
        "value": "0.584448704",
        "cumulative": false
    },
    {
        "date": "2020-09-11T12:40:41Z",
        "value": "0.564202751",
        "cumulative": false
    },
    {
        "date": "2020-09-11T12:40:58Z",
        "value": "0.808239044",
        "cumulative": false
    },
    {
        "date": "2020-09-11T12:41:17Z",
        "value": "0.923944456",
        "cumulative": false
    },
    {
        "date": "2020-09-11T12:41:35Z",
        "value": "0.917205128",
        "cumulative": false
    },
    {
        "date": "2020-09-11T12:41:54Z",
        "value": "0.913396244",
        "cumulative": false
    },
    {
        "date": "2020-09-11T12:42:06Z",
        "value": "0.90612762",
        "cumulative": false
    },
    {
        "date": "2020-09-11T12:42:20Z",
        "value": "0.865347213",
        "cumulative": false
    },
    {
        "date": "2020-09-11T12:42:39Z",
        "value": "0.881123035",
        "cumulative": false
    },
    {
        "date": "2020-09-11T12:42:52Z",
        "value": "0.870027983",
        "cumulative": false
    },
    {
        "date": "2020-09-11T12:43:03Z",
        "value": "0.884605777",
        "cumulative": false
    },
    {
        "date": "2020-09-11T12:43:23Z",
        "value": "0.883527497",
        "cumulative": false
    },
    {
        "date": "2020-09-11T12:43:34Z",
        "value": "0.8886914",
        "cumulative": false
    },
    {
        "date": "2020-09-11T12:43:49Z",
        "value": "0.889558502",
        "cumulative": false
    },
    {
        "date": "2020-09-11T12:44:04Z",
        "value": "0.864961225",
        "cumulative": false
    },
    {
        "date": "2020-09-11T12:44:22Z",
        "value": "0.883369157",
        "cumulative": false
    },
    {
        "date": "2020-09-11T12:44:39Z",
        "value": "0.708998189",
        "cumulative": false
    },
    {
        "date": "2020-09-11T12:44:55Z",
        "value": "0.570913353",
        "cumulative": false
    },
    {
        "date": "2020-09-11T12:45:09Z",
        "value": "0.59566043",
        "cumulative": false
    },
    {
        "date": "2020-09-11T12:45:28Z",
        "value": "0.576001103",
        "cumulative": false
    },
    {
        "date": "2020-09-11T12:45:46Z",
        "value": "0.586680878",
        "cumulative": false
    },
    {
        "date": "2020-09-11T12:46:05Z",
        "value": "0.563633057",
        "cumulative": false
    },
    {
        "date": "2020-09-11T12:46:24Z",
        "value": "0.583225735",
        "cumulative": false
    },
    {
        "date": "2020-09-11T12:46:41Z",
        "value": "0.575821099",
        "cumulative": false
    },
    {
        "date": "2020-09-11T12:46:58Z",
        "value": "0.568253163",
        "cumulative": false
    },
    {
        "date": "2020-09-11T12:47:16Z",
        "value": "0.654809393",
        "cumulative": false
    },
    {
        "date": "2020-09-11T12:47:35Z",
        "value": "0.895104859",
        "cumulative": false
    },
    {
        "date": "2020-09-11T12:47:55Z",
        "value": "0.910169848",
        "cumulative": false
    },
    {
        "date": "2020-09-11T12:48:05Z",
        "value": "0.894745367",
        "cumulative": false
    },
    {
        "date": "2020-09-11T12:48:16Z",
        "value": "0.881118755",
        "cumulative": false
    },
    {
        "date": "2020-09-11T12:48:28Z",
        "value": "0.843790923",
        "cumulative": false
    },
    {
        "date": "2020-09-11T12:48:44Z",
        "value": "0.888049881",
        "cumulative": false
    },
    {
        "date": "2020-09-11T12:48:55Z",
        "value": "0.867848252",
        "cumulative": false
    },
    {
        "date": "2020-09-11T12:49:11Z",
        "value": "0.876779468",
        "cumulative": false
    },
    {
        "date": "2020-09-11T12:49:29Z",
        "value": "0.837229931",
        "cumulative": false
    },
    {
        "date": "2020-09-11T12:49:41Z",
        "value": "0.836859565",
        "cumulative": false
    },
    {
        "date": "2020-09-11T12:49:54Z",
        "value": "0.84307439",
        "cumulative": false
    },
    {
        "date": "2020-09-11T12:50:13Z",
        "value": "0.841261149",
        "cumulative": false
    },
    {
        "date": "2020-09-11T12:50:32Z",
        "value": "0.850592669",
        "cumulative": false
    },
    {
        "date": "2020-09-11T12:50:48Z",
        "value": "0.842100487",
        "cumulative": false
    },
    {
        "date": "2020-09-11T12:51:04Z",
        "value": "0.853607178",
        "cumulative": false
    },
    {
        "date": "2020-09-11T12:51:22Z",
        "value": "0.870458144",
        "cumulative": false
    },
    {
        "date": "2020-09-11T12:51:42Z",
        "value": "0.808317964",
        "cumulative": false
    },
    {
        "date": "2020-09-11T12:51:58Z",
        "value": "0.755001598",
        "cumulative": false
    },
    {
        "date": "2020-09-11T12:52:18Z",
        "value": "0.573014903",
        "cumulative": false
    },
    {
        "date": "2020-09-11T12:52:32Z",
        "value": "0.56692159",
        "cumulative": false
    },
    {
        "date": "2020-09-11T12:52:49Z",
        "value": "0.542025128",
        "cumulative": false
    },
    {
        "date": "2020-09-11T12:53:05Z",
        "value": "0.58462804",
        "cumulative": false
    },
    {
        "date": "2020-09-11T12:53:22Z",
        "value": "0.576695182",
        "cumulative": false
    },
    {
        "date": "2020-09-11T12:53:41Z",
        "value": "0.592624958",
        "cumulative": false
    },
    {
        "date": "2020-09-11T12:54:01Z",
        "value": "0.576485401",
        "cumulative": false
    },
    {
        "date": "2020-09-11T12:54:14Z",
        "value": "0.564046578",
        "cumulative": false
    },
    {
        "date": "2020-09-11T12:54:26Z",
        "value": "0.565680369",
        "cumulative": false
    },
    {
        "date": "2020-09-11T12:54:39Z",
        "value": "0.586426298",
        "cumulative": false
    },
    {
        "date": "2020-09-11T12:54:54Z",
        "value": "0.597812074",
        "cumulative": false
    },
    {
        "date": "2020-09-11T12:55:09Z",
        "value": "0.606179654",
        "cumulative": false
    },
    {
        "date": "2020-09-11T12:55:28Z",
        "value": "0.795533721",
        "cumulative": false
    },
    {
        "date": "2020-09-11T12:55:45Z",
        "value": "0.943697557",
        "cumulative": false
    },
    {
        "date": "2020-09-11T12:55:59Z",
        "value": "0.911684347",
        "cumulative": false
    },
    {
        "date": "2020-09-11T12:56:16Z",
        "value": "0.883817405",
        "cumulative": false
    },
    {
        "date": "2020-09-11T12:56:33Z",
        "value": "0.860728425",
        "cumulative": false
    },
    {
        "date": "2020-09-11T12:56:47Z",
        "value": "0.846225234",
        "cumulative": false
    },
    {
        "date": "2020-09-11T12:57:04Z",
        "value": "0.86318699",
        "cumulative": false
    },
    {
        "date": "2020-09-11T12:57:22Z",
        "value": "0.84916794",
        "cumulative": false
    },
    {
        "date": "2020-09-11T12:57:38Z",
        "value": "0.862741129",
        "cumulative": false
    },
    {
        "date": "2020-09-11T12:57:57Z",
        "value": "0.866254115",
        "cumulative": false
    },
    {
        "date": "2020-09-11T12:58:10Z",
        "value": "0.890252427",
        "cumulative": false
    },
    {
        "date": "2020-09-11T12:58:24Z",
        "value": "0.873721925",
        "cumulative": false
    },
    {
        "date": "2020-09-11T12:58:36Z",
        "value": "0.845950574",
        "cumulative": false
    },
    {
        "date": "2020-09-11T12:58:47Z",
        "value": "0.861311905",
        "cumulative": false
    },
    {
        "date": "2020-09-11T12:59:02Z",
        "value": "0.859680419",
        "cumulative": false
    },
    {
        "date": "2020-09-11T12:59:20Z",
        "value": "0.850999415",
        "cumulative": false
    },
    {
        "date": "2020-09-11T12:59:38Z",
        "value": "0.879554041",
        "cumulative": false
    },
    {
        "date": "2020-09-11T12:59:56Z",
        "value": "0.894869257",
        "cumulative": false
    },
    {
        "date": "2020-09-11T13:00:10Z",
        "value": "0.887382806",
        "cumulative": false
    },
    {
        "date": "2020-09-11T13:00:22Z",
        "value": "0.881202216",
        "cumulative": false
    },
    {
        "date": "2020-09-11T13:00:35Z",
        "value": "0.877211713",
        "cumulative": false
    },
    {
        "date": "2020-09-11T13:00:45Z",
        "value": "0.882087186",
        "cumulative": false
    },
    {
        "date": "2020-09-11T13:01:04Z",
        "value": "0.858009757",
        "cumulative": false
    },
    {
        "date": "2020-09-11T13:01:20Z",
        "value": "0.712208783",
        "cumulative": false
    },
    {
        "date": "2020-09-11T13:01:34Z",
        "value": "0.551655185",
        "cumulative": false
    },
    {
        "date": "2020-09-11T13:01:46Z",
        "value": "0.582527234",
        "cumulative": false
    },
    {
        "date": "2020-09-11T13:01:58Z",
        "value": "0.539286666",
        "cumulative": false
    },
    {
        "date": "2020-09-11T13:02:11Z",
        "value": "0.55724612",
        "cumulative": false
    },
    {
        "date": "2020-09-11T13:02:27Z",
        "value": "0.560893306",
        "cumulative": false
    },
    {
        "date": "2020-09-11T13:02:46Z",
        "value": "0.553340226",
        "cumulative": false
    },
    {
        "date": "2020-09-11T13:02:59Z",
        "value": "0.599924454",
        "cumulative": false
    },
    {
        "date": "2020-09-11T13:03:09Z",
        "value": "0.589282824",
        "cumulative": false
    },
    {
        "date": "2020-09-11T13:03:23Z",
        "value": "0.562789438",
        "cumulative": false
    },
    {
        "date": "2020-09-11T13:03:37Z",
        "value": "0.550644108",
        "cumulative": false
    },
    {
        "date": "2020-09-11T13:03:52Z",
        "value": "0.589804476",
        "cumulative": false
    },
    {
        "date": "2020-09-11T13:04:06Z",
        "value": "0.602362217",
        "cumulative": false
    },
    {
        "date": "2020-09-11T13:04:18Z",
        "value": "0.571432395",
        "cumulative": false
    },
    {
        "date": "2020-09-11T13:04:34Z",
        "value": "0.603931622",
        "cumulative": false
    },
    {
        "date": "2020-09-11T13:04:52Z",
        "value": "0.551453083",
        "cumulative": false
    },
    {
        "date": "2020-09-11T13:05:06Z",
        "value": "0.612317375",
        "cumulative": false
    },
    {
        "date": "2020-09-11T13:05:26Z",
        "value": "0.577852403",
        "cumulative": false
    },
    {
        "date": "2020-09-11T13:05:37Z",
        "value": "0.846888724",
        "cumulative": false
    },
    {
        "date": "2020-09-11T13:05:55Z",
        "value": "0.906370832",
        "cumulative": false
    },
    {
        "date": "2020-09-11T13:06:15Z",
        "value": "0.934251084",
        "cumulative": false
    },
    {
        "date": "2020-09-11T13:06:28Z",
        "value": "0.909762021",
        "cumulative": false
    },
    {
        "date": "2020-09-11T13:06:46Z",
        "value": "0.876026979",
        "cumulative": false
    },
    {
        "date": "2020-09-11T13:07:02Z",
        "value": "0.831679363",
        "cumulative": false
    },
    {
        "date": "2020-09-11T13:07:16Z",
        "value": "0.897815384",
        "cumulative": false
    },
    {
        "date": "2020-09-11T13:07:34Z",
        "value": "0.857766739",
        "cumulative": false
    },
    {
        "date": "2020-09-11T13:07:45Z",
        "value": "0.842536968",
        "cumulative": false
    },
    {
        "date": "2020-09-11T13:08:04Z",
        "value": "0.848413022",
        "cumulative": false
    },
    {
        "date": "2020-09-11T13:08:24Z",
        "value": "0.89433024",
        "cumulative": false
    },
    {
        "date": "2020-09-11T13:08:41Z",
        "value": "0.845982328",
        "cumulative": false
    },
    {
        "date": "2020-09-11T13:08:57Z",
        "value": "0.88394994",
        "cumulative": false
    },
    {
        "date": "2020-09-11T13:09:13Z",
        "value": "0.859560143",
        "cumulative": false
    },
    {
        "date": "2020-09-11T13:09:32Z",
        "value": "0.87827181",
        "cumulative": false
    },
    {
        "date": "2020-09-11T13:09:49Z",
        "value": "0.845130192",
        "cumulative": false
    },
    {
        "date": "2020-09-11T13:10:01Z",
        "value": "0.879753732",
        "cumulative": false
    },
    {
        "date": "2020-09-11T13:10:14Z",
        "value": "0.886277553",
        "cumulative": false
    },
    {
        "date": "2020-09-11T13:10:26Z",
        "value": "0.845224602",
        "cumulative": false
    },
    {
        "date": "2020-09-11T13:10:40Z",
        "value": "0.844458859",
        "cumulative": false
    },
    {
        "date": "2020-09-11T13:10:55Z",
        "value": "0.871524445",
        "cumulative": false
    },
    {
        "date": "2020-09-11T13:11:10Z",
        "value": "0.872171047",
        "cumulative": false
    },
    {
        "date": "2020-09-11T13:11:25Z",
        "value": "0.87036137",
        "cumulative": false
    },
    {
        "date": "2020-09-11T13:11:37Z",
        "value": "0.868204006",
        "cumulative": false
    },
    {
        "date": "2020-09-11T13:11:48Z",
        "value": "0.853602708",
        "cumulative": false
    },
    {
        "date": "2020-09-11T13:11:58Z",
        "value": "0.876504209",
        "cumulative": false
    },
    {
        "date": "2020-09-11T13:12:10Z",
        "value": "0.931331616",
        "cumulative": false
    },
    {
        "date": "2020-09-11T13:12:22Z",
        "value": "0.842406083",
        "cumulative": false
    },
    {
        "date": "2020-09-11T13:12:39Z",
        "value": "0.88819522",
        "cumulative": false
    },
    {
        "date": "2020-09-11T13:12:59Z",
        "value": "0.814103909",
        "cumulative": false
    }
]