[
    {
        "date": "2020-09-11T12:18:07Z",
        "value": "0.007934466",
        "cumulative": false
    },
    {
        "date": "2020-09-11T12:18:23Z",
        "value": "0.766375396",
        "cumulative": false
    },
    {
        "date": "2020-09-11T12:18:43Z",
        "value": "1.422216005",
        "cumulative": false
    },
    {
        "date": "2020-09-11T12:18:58Z",
        "value": "1.190280276",
        "cumulative": false
    },
    {
        "date": "2020-09-11T12:19:14Z",
        "value": "0.911779194",
        "cumulative": false
    },
    {
        "date": "2020-09-11T12:19:28Z",
        "value": "1.033775451",
        "cumulative": false
    },
    {
        "date": "2020-09-11T12:19:39Z",
        "value": "0.859457821",
        "cumulative": false
    },
    {
        "date": "2020-09-11T12:19:56Z",
        "value": "0.930311702",
        "cumulative": false
    },
    {
        "date": "2020-09-11T12:20:16Z",
        "value": "0.897701741",
        "cumulative": false
    },
    {
        "date": "2020-09-11T12:20:32Z",
        "value": "0.874664393",
        "cumulative": false
    },
    {
        "date": "2020-09-11T12:20:43Z",
        "value": "0.973479898",
        "cumulative": false
    },
    {
        "date": "2020-09-11T12:20:53Z",
        "value": "1.077921332",
        "cumulative": false
    },
    {
        "date": "2020-09-11T12:21:12Z",
        "value": "0.679453396",
        "cumulative": false
    },
    {
        "date": "2020-09-11T12:21:23Z",
        "value": "1.072849594",
        "cumulative": false
    },
    {
        "date": "2020-09-11T12:21:34Z",
        "value": "0.831931191",
        "cumulative": false
    },
    {
        "date": "2020-09-11T12:21:48Z",
        "value": "0.608897045",
        "cumulative": false
    },
    {
        "date": "2020-09-11T12:22:05Z",
        "value": "1.06058074",
        "cumulative": false
    },
    {
        "date": "2020-09-11T12:22:17Z",
        "value": "0.961186939",
        "cumulative": false
    },
    {
        "date": "2020-09-11T12:22:33Z",
        "value": "0.553644737",
        "cumulative": false
    },
    {
        "date": "2020-09-11T12:22:51Z",
        "value": "0.921620468",
        "cumulative": false
    },
    {
        "date": "2020-09-11T12:23:05Z",
        "value": "1.072933561",
        "cumulative": false
    },
    {
        "date": "2020-09-11T12:23:18Z",
        "value": "0.920545343",
        "cumulative": false
    },
    {
        "date": "2020-09-11T12:23:29Z",
        "value": "0.565497549",
        "cumulative": false
    },
    {
        "date": "2020-09-11T12:23:48Z",
        "value": "0.619312808",
        "cumulative": false
    },
    {
        "date": "2020-09-11T12:24:02Z",
        "value": "1.055674962",
        "cumulative": false
    },
    {
        "date": "2020-09-11T12:24:14Z",
        "value": "1.035635408",
        "cumulative": false
    },
    {
        "date": "2020-09-11T12:24:34Z",
        "value": "0.955939044",
        "cumulative": false
    },
    {
        "date": "2020-09-11T12:24:54Z",
        "value": "0.560493102",
        "cumulative": false
    },
    {
        "date": "2020-09-11T12:25:09Z",
        "value": "0.596049983",
        "cumulative": false
    },
    {
        "date": "2020-09-11T12:25:28Z",
        "value": "0.989968202",
        "cumulative": false
    },
    {
        "date": "2020-09-11T12:25:42Z",
        "value": "1.02658924",
        "cumulative": false
    },
    {
        "date": "2020-09-11T12:25:54Z",
        "value": "1.042244873",
        "cumulative": false
    },
    {
        "date": "2020-09-11T12:26:10Z",
        "value": "0.982119138",
        "cumulative": false
    },
    {
        "date": "2020-09-11T12:26:25Z",
        "value": "0.53395597",
        "cumulative": false
    },
    {
        "date": "2020-09-11T12:26:40Z",
        "value": "0.531927916",
        "cumulative": false
    },
    {
        "date": "2020-09-11T12:27:00Z",
        "value": "0.622305584",
        "cumulative": false
    },
    {
        "date": "2020-09-11T12:27:11Z",
        "value": "1.016569199",
        "cumulative": false
    },
    {
        "date": "2020-09-11T12:27:24Z",
        "value": "1.053618224",
        "cumulative": false
    },
    {
        "date": "2020-09-11T12:27:36Z",
        "value": "1.030681067",
        "cumulative": false
    },
    {
        "date": "2020-09-11T12:27:53Z",
        "value": "1.044431398",
        "cumulative": false
    },
    {
        "date": "2020-09-11T12:28:04Z",
        "value": "1.024838137",
        "cumulative": false
    },
    {
        "date": "2020-09-11T12:28:14Z",
        "value": "1.008643197",
        "cumulative": false
    },
    {
        "date": "2020-09-11T12:28:33Z",
        "value": "0.557229464",
        "cumulative": false
    },
    {
        "date": "2020-09-11T12:28:51Z",
        "value": "0.565753979",
        "cumulative": false
    },
    {
        "date": "2020-09-11T12:29:06Z",
        "value": "0.60401901",
        "cumulative": false
    },
    {
        "date": "2020-09-11T12:29:17Z",
        "value": "0.607405936",
        "cumulative": false
    },
    {
        "date": "2020-09-11T12:29:37Z",
        "value": "0.958644464",
        "cumulative": false
    },
    {
        "date": "2020-09-11T12:29:50Z",
        "value": "1.004524143",
        "cumulative": false
    },
    {
        "date": "2020-09-11T12:30:08Z",
        "value": "0.960902133",
        "cumulative": false
    },
    {
        "date": "2020-09-11T12:30:26Z",
        "value": "0.994318637",
        "cumulative": false
    },
    {
        "date": "2020-09-11T12:30:45Z",
        "value": "0.967639807",
        "cumulative": false
    },
    {
        "date": "2020-09-11T12:31:03Z",
        "value": "0.905444831",
        "cumulative": false
    },
    {
        "date": "2020-09-11T12:31:22Z",
        "value": "0.568228704",
        "cumulative": false
    },
    {
        "date": "2020-09-11T12:31:42Z",
        "value": "0.59669268",
        "cumulative": false
    },
    {
        "date": "2020-09-11T12:31:55Z",
        "value": "0.566663551",
        "cumulative": false
    },
    {
        "date": "2020-09-11T12:32:10Z",
        "value": "0.563779644",
        "cumulative": false
    },
    {
        "date": "2020-09-11T12:32:28Z",
        "value": "0.860942254",
        "cumulative": false
    },
    {
        "date": "2020-09-11T12:32:41Z",
        "value": "0.980836634",
        "cumulative": false
    },
    {
        "date": "2020-09-11T12:32:53Z",
        "value": "0.948770798",
        "cumulative": false
    },
    {
        "date": "2020-09-11T12:33:04Z",
        "value": "0.976897079",
        "cumulative": false
    },
    {
        "date": "2020-09-11T12:33:16Z",
        "value": "0.971645395",
        "cumulative": false
    },
    {
        "date": "2020-09-11T12:33:31Z",
        "value": "0.96724321",
        "cumulative": false
    },
    {
        "date": "2020-09-11T12:33:43Z",
        "value": "0.972826529",
        "cumulative": false
    },
    {
        "date": "2020-09-11T12:33:54Z",
        "value": "0.94984492",
        "cumulative": false
    },
    {
        "date": "2020-09-11T12:34:05Z",
        "value": "0.968877397",
        "cumulative": false
    },
    {
        "date": "2020-09-11T12:34:19Z",
        "value": "0.943778316",
        "cumulative": false
    },
    {
        "date": "2020-09-11T12:34:31Z",
        "value": "0.669538904",
        "cumulative": false
    },
    {
        "date": "2020-09-11T12:34:49Z",
        "value": "0.553526337",
        "cumulative": false
    },
    {
        "date": "2020-09-11T12:35:04Z",
        "value": "0.587045721",
        "cumulative": false
    },
    {
        "date": "2020-09-11T12:35:19Z",
        "value": "0.563440721",
        "cumulative": false
    },
    {
        "date": "2020-09-11T12:35:30Z",
        "value": "0.534142568",
        "cumulative": false
    },
    {
        "date": "2020-09-11T12:35:50Z",
        "value": "0.558510675",
        "cumulative": false
    },
    {
        "date": "2020-09-11T12:36:01Z",
        "value": "0.549510833",
        "cumulative": false
    },
    {
        "date": "2020-09-11T12:36:20Z",
        "value": "0.926360551",
        "cumulative": false
    },
    {
        "date": "2020-09-11T12:36:38Z",
        "value": "0.979582008",
        "cumulative": false
    },
    {
        "date": "2020-09-11T12:36:55Z",
        "value": "0.978923966",
        "cumulative": false
    },
    {
        "date": "2020-09-11T12:37:15Z",
        "value": "0.959151002",
        "cumulative": false
    },
    {
        "date": "2020-09-11T12:37:28Z",
        "value": "0.943306415",
        "cumulative": false
    },
    {
        "date": "2020-09-11T12:37:47Z",
        "value": "0.979376762",
        "cumulative": false
    },
    {
        "date": "2020-09-11T12:38:00Z",
        "value": "0.968836317",
        "cumulative": false
    },
    {
        "date": "2020-09-11T12:38:17Z",
        "value": "0.981257193",
        "cumulative": false
    },
    {
        "date": "2020-09-11T12:38:28Z",
        "value": "0.966912805",
        "cumulative": false
    },
    {
        "date": "2020-09-11T12:38:45Z",
        "value": "0.887129614",
        "cumulative": false
    },
    {
        "date": "2020-09-11T12:38:55Z",
        "value": "0.60989906",
        "cumulative": false
    },
    {
        "date": "2020-09-11T12:39:07Z",
        "value": "0.592045775",
        "cumulative": false
    },
    {
        "date": "2020-09-11T12:39:17Z",
        "value": "0.55519852",
        "cumulative": false
    },
    {
        "date": "2020-09-11T12:39:30Z",
        "value": "0.55898536",
        "cumulative": false
    },
    {
        "date": "2020-09-11T12:39:41Z",
        "value": "0.585553562",
        "cumulative": false
    },
    {
        "date": "2020-09-11T12:40:00Z",
        "value": "0.556403357",
        "cumulative": false
    },
    {
        "date": "2020-09-11T12:40:12Z",
        "value": "0.627331752",
        "cumulative": false
    },
    {
        "date": "2020-09-11T12:40:27Z",
        "value": "0.558448469",
        "cumulative": false
    },
    {
        "date": "2020-09-11T12:40:39Z",
        "value": "0.570249016",
        "cumulative": false
    },
    {
        "date": "2020-09-11T12:40:59Z",
        "value": "0.86255027",
        "cumulative": false
    },
    {
        "date": "2020-09-11T12:41:10Z",
        "value": "1.009981259",
        "cumulative": false
    },
    {
        "date": "2020-09-11T12:41:27Z",
        "value": "1.045529831",
        "cumulative": false
    },
    {
        "date": "2020-09-11T12:41:47Z",
        "value": "1.046693923",
        "cumulative": false
    },
    {
        "date": "2020-09-11T12:41:58Z",
        "value": "1.013094722",
        "cumulative": false
    },
    {
        "date": "2020-09-11T12:42:16Z",
        "value": "0.974409912",
        "cumulative": false
    },
    {
        "date": "2020-09-11T12:42:34Z",
        "value": "0.967135595",
        "cumulative": false
    },
    {
        "date": "2020-09-11T12:42:49Z",
        "value": "0.969117415",
        "cumulative": false
    },
    {
        "date": "2020-09-11T12:43:00Z",
        "value": "0.981415193",
        "cumulative": false
    },
    {
        "date": "2020-09-11T12:43:13Z",
        "value": "0.982859526",
        "cumulative": false
    },
    {
        "date": "2020-09-11T12:43:28Z",
        "value": "0.977423713",
        "cumulative": false
    },
    {
        "date": "2020-09-11T12:43:39Z",
        "value": "0.979948756",
        "cumulative": false
    },
    {
        "date": "2020-09-11T12:43:58Z",
        "value": "0.96822365",
        "cumulative": false
    },
    {
        "date": "2020-09-11T12:44:13Z",
        "value": "0.950015004",
        "cumulative": false
    },
    {
        "date": "2020-09-11T12:44:28Z",
        "value": "0.985530209",
        "cumulative": false
    },
    {
        "date": "2020-09-11T12:44:45Z",
        "value": "0.628733281",
        "cumulative": false
    },
    {
        "date": "2020-09-11T12:44:56Z",
        "value": "0.60184096",
        "cumulative": false
    },
    {
        "date": "2020-09-11T12:45:09Z",
        "value": "0.67783639",
        "cumulative": false
    },
    {
        "date": "2020-09-11T12:45:27Z",
        "value": "0.676134168",
        "cumulative": false
    },
    {
        "date": "2020-09-11T12:45:41Z",
        "value": "0.666352296",
        "cumulative": false
    },
    {
        "date": "2020-09-11T12:45:53Z",
        "value": "0.671061511",
        "cumulative": false
    },
    {
        "date": "2020-09-11T12:46:10Z",
        "value": "0.635574276",
        "cumulative": false
    },
    {
        "date": "2020-09-11T12:46:25Z",
        "value": "0.658303136",
        "cumulative": false
    },
    {
        "date": "2020-09-11T12:46:44Z",
        "value": "0.679984359",
        "cumulative": false
    },
    {
        "date": "2020-09-11T12:46:57Z",
        "value": "0.655917758",
        "cumulative": false
    },
    {
        "date": "2020-09-11T12:47:15Z",
        "value": "0.745068752",
        "cumulative": false
    },
    {
        "date": "2020-09-11T12:47:32Z",
        "value": "1.029713055",
        "cumulative": false
    },
    {
        "date": "2020-09-11T12:47:42Z",
        "value": "1.03511642",
        "cumulative": false
    },
    {
        "date": "2020-09-11T12:47:54Z",
        "value": "1.028111928",
        "cumulative": false
    },
    {
        "date": "2020-09-11T12:48:07Z",
        "value": "0.997817977",
        "cumulative": false
    },
    {
        "date": "2020-09-11T12:48:27Z",
        "value": "0.956629972",
        "cumulative": false
    },
    {
        "date": "2020-09-11T12:48:41Z",
        "value": "0.985552828",
        "cumulative": false
    },
    {
        "date": "2020-09-11T12:48:55Z",
        "value": "0.974456189",
        "cumulative": false
    },
    {
        "date": "2020-09-11T12:49:09Z",
        "value": "0.978319458",
        "cumulative": false
    },
    {
        "date": "2020-09-11T12:49:24Z",
        "value": "0.974168697",
        "cumulative": false
    },
    {
        "date": "2020-09-11T12:49:43Z",
        "value": "0.955212364",
        "cumulative": false
    },
    {
        "date": "2020-09-11T12:49:58Z",
        "value": "0.941969903",
        "cumulative": false
    },
    {
        "date": "2020-09-11T12:50:13Z",
        "value": "0.956629469",
        "cumulative": false
    },
    {
        "date": "2020-09-11T12:50:28Z",
        "value": "0.965654522",
        "cumulative": false
    },
    {
        "date": "2020-09-11T12:50:47Z",
        "value": "0.986353154",
        "cumulative": false
    },
    {
        "date": "2020-09-11T12:51:02Z",
        "value": "0.980861709",
        "cumulative": false
    },
    {
        "date": "2020-09-11T12:51:20Z",
        "value": "0.983513708",
        "cumulative": false
    },
    {
        "date": "2020-09-11T12:51:35Z",
        "value": "0.973079173",
        "cumulative": false
    },
    {
        "date": "2020-09-11T12:51:46Z",
        "value": "0.931708645",
        "cumulative": false
    },
    {
        "date": "2020-09-11T12:52:06Z",
        "value": "0.788478754",
        "cumulative": false
    },
    {
        "date": "2020-09-11T12:52:24Z",
        "value": "0.643642802",
        "cumulative": false
    },
    {
        "date": "2020-09-11T12:52:39Z",
        "value": "0.658869726",
        "cumulative": false
    },
    {
        "date": "2020-09-11T12:52:49Z",
        "value": "0.580841511",
        "cumulative": false
    },
    {
        "date": "2020-09-11T12:53:06Z",
        "value": "0.681197829",
        "cumulative": false
    },
    {
        "date": "2020-09-11T12:53:25Z",
        "value": "0.664563517",
        "cumulative": false
    },
    {
        "date": "2020-09-11T12:53:37Z",
        "value": "0.661990371",
        "cumulative": false
    },
    {
        "date": "2020-09-11T12:53:57Z",
        "value": "0.66766741",
        "cumulative": false
    },
    {
        "date": "2020-09-11T12:54:14Z",
        "value": "0.636494264",
        "cumulative": false
    },
    {
        "date": "2020-09-11T12:54:33Z",
        "value": "0.657211901",
        "cumulative": false
    },
    {
        "date": "2020-09-11T12:54:45Z",
        "value": "0.690572826",
        "cumulative": false
    },
    {
        "date": "2020-09-11T12:55:00Z",
        "value": "0.640546748",
        "cumulative": false
    },
    {
        "date": "2020-09-11T12:55:20Z",
        "value": "0.726718356",
        "cumulative": false
    },
    {
        "date": "2020-09-11T12:55:31Z",
        "value": "1.051025566",
        "cumulative": false
    },
    {
        "date": "2020-09-11T12:55:47Z",
        "value": "1.065093803",
        "cumulative": false
    },
    {
        "date": "2020-09-11T12:55:59Z",
        "value": "1.05635917",
        "cumulative": false
    },
    {
        "date": "2020-09-11T12:56:16Z",
        "value": "0.995166046",
        "cumulative": false
    },
    {
        "date": "2020-09-11T12:56:35Z",
        "value": "0.973528969",
        "cumulative": false
    },
    {
        "date": "2020-09-11T12:56:46Z",
        "value": "0.961328314",
        "cumulative": false
    },
    {
        "date": "2020-09-11T12:56:58Z",
        "value": "0.96298367",
        "cumulative": false
    },
    {
        "date": "2020-09-11T12:57:14Z",
        "value": "0.953995497",
        "cumulative": false
    },
    {
        "date": "2020-09-11T12:57:26Z",
        "value": "0.985387097",
        "cumulative": false
    },
    {
        "date": "2020-09-11T12:57:43Z",
        "value": "0.969667247",
        "cumulative": false
    },
    {
        "date": "2020-09-11T12:58:01Z",
        "value": "0.96147786",
        "cumulative": false
    },
    {
        "date": "2020-09-11T12:58:12Z",
        "value": "0.957488292",
        "cumulative": false
    },
    {
        "date": "2020-09-11T12:58:24Z",
        "value": "0.983790219",
        "cumulative": false
    },
    {
        "date": "2020-09-11T12:58:43Z",
        "value": "0.979769008",
        "cumulative": false
    },
    {
        "date": "2020-09-11T12:58:56Z",
        "value": "0.96919903",
        "cumulative": false
    },
    {
        "date": "2020-09-11T12:59:08Z",
        "value": "0.965146401",
        "cumulative": false
    },
    {
        "date": "2020-09-11T12:59:22Z",
        "value": "0.968326527",
        "cumulative": false
    },
    {
        "date": "2020-09-11T12:59:40Z",
        "value": "0.970756892",
        "cumulative": false
    },
    {
        "date": "2020-09-11T13:00:00Z",
        "value": "0.980752471",
        "cumulative": false
    },
    {
        "date": "2020-09-11T13:00:11Z",
        "value": "0.970544224",
        "cumulative": false
    },
    {
        "date": "2020-09-11T13:00:31Z",
        "value": "0.973312331",
        "cumulative": false
    },
    {
        "date": "2020-09-11T13:00:43Z",
        "value": "0.947713499",
        "cumulative": false
    },
    {
        "date": "2020-09-11T13:00:55Z",
        "value": "0.975183593",
        "cumulative": false
    },
    {
        "date": "2020-09-11T13:01:10Z",
        "value": "0.980508832",
        "cumulative": false
    },
    {
        "date": "2020-09-11T13:01:21Z",
        "value": "0.654953413",
        "cumulative": false
    },
    {
        "date": "2020-09-11T13:01:40Z",
        "value": "0.648147012",
        "cumulative": false
    },
    {
        "date": "2020-09-11T13:01:55Z",
        "value": "0.637342651",
        "cumulative": false
    },
    {
        "date": "2020-09-11T13:02:10Z",
        "value": "0.631177822",
        "cumulative": false
    },
    {
        "date": "2020-09-11T13:02:21Z",
        "value": "0.624995941",
        "cumulative": false
    },
    {
        "date": "2020-09-11T13:02:35Z",
        "value": "0.606398617",
        "cumulative": false
    },
    {
        "date": "2020-09-11T13:02:52Z",
        "value": "0.652087061",
        "cumulative": false
    },
    {
        "date": "2020-09-11T13:03:08Z",
        "value": "0.662977465",
        "cumulative": false
    },
    {
        "date": "2020-09-11T13:03:23Z",
        "value": "0.613814866",
        "cumulative": false
    },
    {
        "date": "2020-09-11T13:03:41Z",
        "value": "0.648522775",
        "cumulative": false
    },
    {
        "date": "2020-09-11T13:03:55Z",
        "value": "0.635915835",
        "cumulative": false
    },
    {
        "date": "2020-09-11T13:04:10Z",
        "value": "0.672271355",
        "cumulative": false
    },
    {
        "date": "2020-09-11T13:04:20Z",
        "value": "0.613910512",
        "cumulative": false
    },
    {
        "date": "2020-09-11T13:04:40Z",
        "value": "0.653944434",
        "cumulative": false
    },
    {
        "date": "2020-09-11T13:04:50Z",
        "value": "0.617924699",
        "cumulative": false
    },
    {
        "date": "2020-09-11T13:05:10Z",
        "value": "0.61044734",
        "cumulative": false
    },
    {
        "date": "2020-09-11T13:05:26Z",
        "value": "0.63842731",
        "cumulative": false
    },
    {
        "date": "2020-09-11T13:05:39Z",
        "value": "0.923913623",
        "cumulative": false
    },
    {
        "date": "2020-09-11T13:05:51Z",
        "value": "1.035512643",
        "cumulative": false
    },
    {
        "date": "2020-09-11T13:06:04Z",
        "value": "1.020521991",
        "cumulative": false
    },
    {
        "date": "2020-09-11T13:06:16Z",
        "value": "1.040792692",
        "cumulative": false
    },
    {
        "date": "2020-09-11T13:06:28Z",
        "value": "1.023312003",
        "cumulative": false
    },
    {
        "date": "2020-09-11T13:06:39Z",
        "value": "0.964289379",
        "cumulative": false
    },
    {
        "date": "2020-09-11T13:06:54Z",
        "value": "1.002482964",
        "cumulative": false
    },
    {
        "date": "2020-09-11T13:07:07Z",
        "value": "0.909957379",
        "cumulative": false
    },
    {
        "date": "2020-09-11T13:07:18Z",
        "value": "0.981809238",
        "cumulative": false
    },
    {
        "date": "2020-09-11T13:07:32Z",
        "value": "0.961786472",
        "cumulative": false
    },
    {
        "date": "2020-09-11T13:07:50Z",
        "value": "0.968267205",
        "cumulative": false
    },
    {
        "date": "2020-09-11T13:08:03Z",
        "value": "0.947883635",
        "cumulative": false
    },
    {
        "date": "2020-09-11T13:08:22Z",
        "value": "0.97877662",
        "cumulative": false
    },
    {
        "date": "2020-09-11T13:08:35Z",
        "value": "0.975753417",
        "cumulative": false
    },
    {
        "date": "2020-09-11T13:08:54Z",
        "value": "0.961282609",
        "cumulative": false
    },
    {
        "date": "2020-09-11T13:09:10Z",
        "value": "0.956892106",
        "cumulative": false
    },
    {
        "date": "2020-09-11T13:09:24Z",
        "value": "0.968609528",
        "cumulative": false
    },
    {
        "date": "2020-09-11T13:09:36Z",
        "value": "0.973030541",
        "cumulative": false
    },
    {
        "date": "2020-09-11T13:09:52Z",
        "value": "0.943863578",
        "cumulative": false
    },
    {
        "date": "2020-09-11T13:10:07Z",
        "value": "0.950665386",
        "cumulative": false
    },
    {
        "date": "2020-09-11T13:10:20Z",
        "value": "0.995558665",
        "cumulative": false
    },
    {
        "date": "2020-09-11T13:10:33Z",
        "value": "0.933658138",
        "cumulative": false
    },
    {
        "date": "2020-09-11T13:10:46Z",
        "value": "0.960838696",
        "cumulative": false
    },
    {
        "date": "2020-09-11T13:11:01Z",
        "value": "0.967933653",
        "cumulative": false
    },
    {
        "date": "2020-09-11T13:11:18Z",
        "value": "0.976120579",
        "cumulative": false
    },
    {
        "date": "2020-09-11T13:11:28Z",
        "value": "0.967899121",
        "cumulative": false
    },
    {
        "date": "2020-09-11T13:11:48Z",
        "value": "0.955941389",
        "cumulative": false
    },
    {
        "date": "2020-09-11T13:12:01Z",
        "value": "0.972150473",
        "cumulative": false
    },
    {
        "date": "2020-09-11T13:12:13Z",
        "value": "0.982398847",
        "cumulative": false
    },
    {
        "date": "2020-09-11T13:12:25Z",
        "value": "0.989379785",
        "cumulative": false
    },
    {
        "date": "2020-09-11T13:12:37Z",
        "value": "0.96557836",
        "cumulative": false
    },
    {
        "date": "2020-09-11T13:12:51Z",
        "value": "0.961247359",
        "cumulative": false
    },
    {
        "date": "2020-09-11T13:13:03Z",
        "value": "0.550201975",
        "cumulative": false
    }
]