[
    {
        "date": "2020-09-11T12:18:04Z",
        "value": "4.00543212890625e-05",
        "cumulative": true
    },
    {
        "date": "2020-09-11T12:18:16Z",
        "value": "4.436491012573242",
        "cumulative": true
    },
    {
        "date": "2020-09-11T12:18:28Z",
        "value": "160.77832794189453",
        "cumulative": true
    },
    {
        "date": "2020-09-11T12:18:39Z",
        "value": "1497.1089763641357",
        "cumulative": true
    },
    {
        "date": "2020-09-11T12:18:58Z",
        "value": "3915.6916580200195",
        "cumulative": true
    },
    {
        "date": "2020-09-11T12:19:09Z",
        "value": "5620.744459152222",
        "cumulative": true
    },
    {
        "date": "2020-09-11T12:19:27Z",
        "value": "7867.272541046143",
        "cumulative": true
    },
    {
        "date": "2020-09-11T12:19:38Z",
        "value": "9682.196531295776",
        "cumulative": true
    },
    {
        "date": "2020-09-11T12:19:56Z",
        "value": "12278.902658462524",
        "cumulative": true
    },
    {
        "date": "2020-09-11T12:20:09Z",
        "value": "14568.127902030945",
        "cumulative": true
    },
    {
        "date": "2020-09-11T12:20:26Z",
        "value": "16393.003993988037",
        "cumulative": true
    },
    {
        "date": "2020-09-11T12:20:41Z",
        "value": "19241.933617591858",
        "cumulative": true
    },
    {
        "date": "2020-09-11T12:20:55Z",
        "value": "20745.690571784973",
        "cumulative": true
    },
    {
        "date": "2020-09-11T12:21:13Z",
        "value": "24205.374740600586",
        "cumulative": true
    },
    {
        "date": "2020-09-11T12:21:25Z",
        "value": "25135.632234573364",
        "cumulative": true
    },
    {
        "date": "2020-09-11T12:21:45Z",
        "value": "29362.584315299988",
        "cumulative": true
    },
    {
        "date": "2020-09-11T12:22:02Z",
        "value": "31152.181297302246",
        "cumulative": true
    },
    {
        "date": "2020-09-11T12:22:19Z",
        "value": "33222.47302341461",
        "cumulative": true
    },
    {
        "date": "2020-09-11T12:22:30Z",
        "value": "35956.44886112213",
        "cumulative": true
    },
    {
        "date": "2020-09-11T12:22:42Z",
        "value": "38198.20024108887",
        "cumulative": true
    },
    {
        "date": "2020-09-11T12:22:54Z",
        "value": "39068.089515686035",
        "cumulative": true
    },
    {
        "date": "2020-09-11T12:23:13Z",
        "value": "40518.72528839111",
        "cumulative": true
    },
    {
        "date": "2020-09-11T12:23:30Z",
        "value": "44427.03802204132",
        "cumulative": true
    },
    {
        "date": "2020-09-11T12:23:44Z",
        "value": "47347.438714027405",
        "cumulative": true
    },
    {
        "date": "2020-09-11T12:24:01Z",
        "value": "48921.17157459259",
        "cumulative": true
    },
    {
        "date": "2020-09-11T12:24:12Z",
        "value": "49786.904896736145",
        "cumulative": true
    },
    {
        "date": "2020-09-11T12:24:31Z",
        "value": "51274.066140174866",
        "cumulative": true
    },
    {
        "date": "2020-09-11T12:24:44Z",
        "value": "54230.915283203125",
        "cumulative": true
    },
    {
        "date": "2020-09-11T12:25:02Z",
        "value": "58533.48307609558",
        "cumulative": true
    },
    {
        "date": "2020-09-11T12:25:22Z",
        "value": "61287.257561683655",
        "cumulative": true
    },
    {
        "date": "2020-09-11T12:25:37Z",
        "value": "62441.84527873993",
        "cumulative": true
    },
    {
        "date": "2020-09-11T12:25:49Z",
        "value": "63343.75612926483",
        "cumulative": true
    },
    {
        "date": "2020-09-11T12:26:06Z",
        "value": "64683.67693042755",
        "cumulative": true
    },
    {
        "date": "2020-09-11T12:26:19Z",
        "value": "67203.89805030823",
        "cumulative": true
    },
    {
        "date": "2020-09-11T12:26:34Z",
        "value": "70626.12135696411",
        "cumulative": true
    },
    {
        "date": "2020-09-11T12:26:49Z",
        "value": "73930.29894638062",
        "cumulative": true
    },
    {
        "date": "2020-09-11T12:27:02Z",
        "value": "76446.08838939667",
        "cumulative": true
    },
    {
        "date": "2020-09-11T12:27:17Z",
        "value": "77579.10008907318",
        "cumulative": true
    },
    {
        "date": "2020-09-11T12:27:27Z",
        "value": "78425.80757045746",
        "cumulative": true
    },
    {
        "date": "2020-09-11T12:27:38Z",
        "value": "79215.89549732208",
        "cumulative": true
    },
    {
        "date": "2020-09-11T12:27:55Z",
        "value": "80460.20660495758",
        "cumulative": true
    },
    {
        "date": "2020-09-11T12:28:12Z",
        "value": "81759.10325336456",
        "cumulative": true
    },
    {
        "date": "2020-09-11T12:28:24Z",
        "value": "84264.58303451538",
        "cumulative": true
    },
    {
        "date": "2020-09-11T12:28:42Z",
        "value": "88360.04502296448",
        "cumulative": true
    },
    {
        "date": "2020-09-11T12:28:54Z",
        "value": "91031.98718452454",
        "cumulative": true
    },
    {
        "date": "2020-09-11T12:29:04Z",
        "value": "93547.39746284485",
        "cumulative": true
    },
    {
        "date": "2020-09-11T12:29:19Z",
        "value": "96467.04794979095",
        "cumulative": true
    },
    {
        "date": "2020-09-11T12:29:34Z",
        "value": "97491.91606616974",
        "cumulative": true
    },
    {
        "date": "2020-09-11T12:29:47Z",
        "value": "98416.68125247955",
        "cumulative": true
    },
    {
        "date": "2020-09-11T12:30:01Z",
        "value": "99358.30736255646",
        "cumulative": true
    },
    {
        "date": "2020-09-11T12:30:12Z",
        "value": "100136.97477817535",
        "cumulative": true
    },
    {
        "date": "2020-09-11T12:30:26Z",
        "value": "101133.55509471893",
        "cumulative": true
    },
    {
        "date": "2020-09-11T12:30:44Z",
        "value": "102371.10105419159",
        "cumulative": true
    },
    {
        "date": "2020-09-11T12:30:55Z",
        "value": "103190.19445514679",
        "cumulative": true
    },
    {
        "date": "2020-09-11T12:31:13Z",
        "value": "106653.94745063782",
        "cumulative": true
    },
    {
        "date": "2020-09-11T12:31:23Z",
        "value": "109185.9632396698",
        "cumulative": true
    },
    {
        "date": "2020-09-11T12:31:36Z",
        "value": "112208.60491371155",
        "cumulative": true
    },
    {
        "date": "2020-09-11T12:31:47Z",
        "value": "114743.61552810669",
        "cumulative": true
    },
    {
        "date": "2020-09-11T12:32:00Z",
        "value": "117777.86958694458",
        "cumulative": true
    },
    {
        "date": "2020-09-11T12:32:12Z",
        "value": "120735.88171958923",
        "cumulative": true
    },
    {
        "date": "2020-09-11T12:32:32Z",
        "value": "122714.21729183197",
        "cumulative": true
    },
    {
        "date": "2020-09-11T12:32:42Z",
        "value": "123443.71797657013",
        "cumulative": true
    },
    {
        "date": "2020-09-11T12:32:55Z",
        "value": "124364.10283184052",
        "cumulative": true
    },
    {
        "date": "2020-09-11T12:33:12Z",
        "value": "125564.5838842392",
        "cumulative": true
    },
    {
        "date": "2020-09-11T12:33:27Z",
        "value": "126667.23985767365",
        "cumulative": true
    },
    {
        "date": "2020-09-11T12:33:43Z",
        "value": "127827.02913761139",
        "cumulative": true
    },
    {
        "date": "2020-09-11T12:34:02Z",
        "value": "129168.62868595123",
        "cumulative": true
    },
    {
        "date": "2020-09-11T12:34:19Z",
        "value": "130338.6520318985",
        "cumulative": true
    },
    {
        "date": "2020-09-11T12:34:39Z",
        "value": "134210.54538726807",
        "cumulative": true
    },
    {
        "date": "2020-09-11T12:34:58Z",
        "value": "138743.55311012268",
        "cumulative": true
    },
    {
        "date": "2020-09-11T12:35:11Z",
        "value": "141813.4844970703",
        "cumulative": true
    },
    {
        "date": "2020-09-11T12:35:24Z",
        "value": "144863.33749580383",
        "cumulative": true
    },
    {
        "date": "2020-09-11T12:35:38Z",
        "value": "148170.06781578064",
        "cumulative": true
    },
    {
        "date": "2020-09-11T12:35:49Z",
        "value": "150615.89764785767",
        "cumulative": true
    },
    {
        "date": "2020-09-11T12:36:04Z",
        "value": "153714.87384319305",
        "cumulative": true
    },
    {
        "date": "2020-09-11T12:36:15Z",
        "value": "154443.8088541031",
        "cumulative": true
    },
    {
        "date": "2020-09-11T12:36:33Z",
        "value": "155762.87952709198",
        "cumulative": true
    },
    {
        "date": "2020-09-11T12:36:53Z",
        "value": "157168.03819561005",
        "cumulative": true
    },
    {
        "date": "2020-09-11T12:37:10Z",
        "value": "158377.66253757477",
        "cumulative": true
    },
    {
        "date": "2020-09-11T12:37:24Z",
        "value": "159340.3439245224",
        "cumulative": true
    },
    {
        "date": "2020-09-11T12:37:35Z",
        "value": "160196.31493091583",
        "cumulative": true
    },
    {
        "date": "2020-09-11T12:37:46Z",
        "value": "160994.22640132904",
        "cumulative": true
    },
    {
        "date": "2020-09-11T12:38:04Z",
        "value": "162260.57616329193",
        "cumulative": true
    },
    {
        "date": "2020-09-11T12:38:18Z",
        "value": "163270.20973873138",
        "cumulative": true
    },
    {
        "date": "2020-09-11T12:38:29Z",
        "value": "164066.84724521637",
        "cumulative": true
    },
    {
        "date": "2020-09-11T12:38:47Z",
        "value": "166145.99717712402",
        "cumulative": true
    },
    {
        "date": "2020-09-11T12:39:03Z",
        "value": "169912.99268722534",
        "cumulative": true
    },
    {
        "date": "2020-09-11T12:39:16Z",
        "value": "173106.33987426758",
        "cumulative": true
    },
    {
        "date": "2020-09-11T12:39:36Z",
        "value": "177471.20561027527",
        "cumulative": true
    },
    {
        "date": "2020-09-11T12:39:55Z",
        "value": "181810.59425354004",
        "cumulative": true
    },
    {
        "date": "2020-09-11T12:40:12Z",
        "value": "185871.8567047119",
        "cumulative": true
    },
    {
        "date": "2020-09-11T12:40:32Z",
        "value": "190211.98954582214",
        "cumulative": true
    },
    {
        "date": "2020-09-11T12:40:50Z",
        "value": "194123.31388568878",
        "cumulative": true
    },
    {
        "date": "2020-09-11T12:41:04Z",
        "value": "195037.90509319305",
        "cumulative": true
    },
    {
        "date": "2020-09-11T12:41:22Z",
        "value": "196280.4623670578",
        "cumulative": true
    },
    {
        "date": "2020-09-11T12:41:37Z",
        "value": "197283.33404827118",
        "cumulative": true
    },
    {
        "date": "2020-09-11T12:41:51Z",
        "value": "198202.41895961761",
        "cumulative": true
    },
    {
        "date": "2020-09-11T12:42:05Z",
        "value": "199092.50369930267",
        "cumulative": true
    },
    {
        "date": "2020-09-11T12:42:17Z",
        "value": "199858.46170902252",
        "cumulative": true
    },
    {
        "date": "2020-09-11T12:42:30Z",
        "value": "200719.06049251556",
        "cumulative": true
    },
    {
        "date": "2020-09-11T12:42:41Z",
        "value": "201435.82567119598",
        "cumulative": true
    },
    {
        "date": "2020-09-11T12:43:01Z",
        "value": "202651.15987491608",
        "cumulative": true
    },
    {
        "date": "2020-09-11T12:43:17Z",
        "value": "203651.3337392807",
        "cumulative": true
    },
    {
        "date": "2020-09-11T12:43:28Z",
        "value": "204370.04575824738",
        "cumulative": true
    },
    {
        "date": "2020-09-11T12:43:45Z",
        "value": "205483.45039081573",
        "cumulative": true
    },
    {
        "date": "2020-09-11T12:43:59Z",
        "value": "206362.74489879608",
        "cumulative": true
    },
    {
        "date": "2020-09-11T12:44:16Z",
        "value": "207454.543091774",
        "cumulative": true
    },
    {
        "date": "2020-09-11T12:44:33Z",
        "value": "209408.66637706757",
        "cumulative": true
    },
    {
        "date": "2020-09-11T12:44:44Z",
        "value": "211834.444106102",
        "cumulative": true
    },
    {
        "date": "2020-09-11T12:45:04Z",
        "value": "216356.49964046478",
        "cumulative": true
    },
    {
        "date": "2020-09-11T12:45:19Z",
        "value": "219846.913189888",
        "cumulative": true
    },
    {
        "date": "2020-09-11T12:45:39Z",
        "value": "224316.0721731186",
        "cumulative": true
    },
    {
        "date": "2020-09-11T12:45:55Z",
        "value": "227851.23581027985",
        "cumulative": true
    },
    {
        "date": "2020-09-11T12:46:11Z",
        "value": "231314.1368894577",
        "cumulative": true
    },
    {
        "date": "2020-09-11T12:46:27Z",
        "value": "234964.12130641937",
        "cumulative": true
    },
    {
        "date": "2020-09-11T12:46:46Z",
        "value": "239341.0704011917",
        "cumulative": true
    },
    {
        "date": "2020-09-11T12:47:04Z",
        "value": "243215.3770055771",
        "cumulative": true
    },
    {
        "date": "2020-09-11T12:47:18Z",
        "value": "245244.26599121094",
        "cumulative": true
    },
    {
        "date": "2020-09-11T12:47:31Z",
        "value": "246103.22487449646",
        "cumulative": true
    },
    {
        "date": "2020-09-11T12:47:42Z",
        "value": "246798.35363388062",
        "cumulative": true
    },
    {
        "date": "2020-09-11T12:47:57Z",
        "value": "247881.29049110413",
        "cumulative": true
    },
    {
        "date": "2020-09-11T12:48:09Z",
        "value": "248606.43119239807",
        "cumulative": true
    },
    {
        "date": "2020-09-11T12:48:25Z",
        "value": "249594.89608573914",
        "cumulative": true
    },
    {
        "date": "2020-09-11T12:48:37Z",
        "value": "250419.2398033142",
        "cumulative": true
    },
    {
        "date": "2020-09-11T12:48:52Z",
        "value": "251354.29871559143",
        "cumulative": true
    },
    {
        "date": "2020-09-11T12:49:11Z",
        "value": "252602.05250167847",
        "cumulative": true
    },
    {
        "date": "2020-09-11T12:49:22Z",
        "value": "253324.0941886902",
        "cumulative": true
    },
    {
        "date": "2020-09-11T12:49:32Z",
        "value": "253971.96928977966",
        "cumulative": true
    },
    {
        "date": "2020-09-11T12:49:45Z",
        "value": "254765.461687088",
        "cumulative": true
    },
    {
        "date": "2020-09-11T12:49:57Z",
        "value": "255490.7721786499",
        "cumulative": true
    },
    {
        "date": "2020-09-11T12:50:14Z",
        "value": "256589.54049301147",
        "cumulative": true
    },
    {
        "date": "2020-09-11T12:50:31Z",
        "value": "257661.48615837097",
        "cumulative": true
    },
    {
        "date": "2020-09-11T12:50:49Z",
        "value": "258800.1516609192",
        "cumulative": true
    },
    {
        "date": "2020-09-11T12:51:04Z",
        "value": "259789.40251731873",
        "cumulative": true
    },
    {
        "date": "2020-09-11T12:51:15Z",
        "value": "260440.7152671814",
        "cumulative": true
    },
    {
        "date": "2020-09-11T12:51:25Z",
        "value": "261108.66066741943",
        "cumulative": true
    },
    {
        "date": "2020-09-11T12:51:37Z",
        "value": "261827.51905441284",
        "cumulative": true
    },
    {
        "date": "2020-09-11T12:51:54Z",
        "value": "262955.33074855804",
        "cumulative": true
    },
    {
        "date": "2020-09-11T12:52:10Z",
        "value": "266600.4788599014",
        "cumulative": true
    },
    {
        "date": "2020-09-11T12:52:26Z",
        "value": "270291.1617002487",
        "cumulative": true
    },
    {
        "date": "2020-09-11T12:52:39Z",
        "value": "273058.68729496",
        "cumulative": true
    },
    {
        "date": "2020-09-11T12:52:57Z",
        "value": "277079.446354866",
        "cumulative": true
    },
    {
        "date": "2020-09-11T12:53:08Z",
        "value": "279508.75701618195",
        "cumulative": true
    },
    {
        "date": "2020-09-11T12:53:19Z",
        "value": "281915.2637319565",
        "cumulative": true
    },
    {
        "date": "2020-09-11T12:53:33Z",
        "value": "285525.6901330948",
        "cumulative": true
    },
    {
        "date": "2020-09-11T12:53:51Z",
        "value": "289574.2201948166",
        "cumulative": true
    },
    {
        "date": "2020-09-11T12:54:07Z",
        "value": "292905.05326366425",
        "cumulative": true
    },
    {
        "date": "2020-09-11T12:54:26Z",
        "value": "297222.0419397354",
        "cumulative": true
    },
    {
        "date": "2020-09-11T12:54:42Z",
        "value": "300803.2380170822",
        "cumulative": true
    },
    {
        "date": "2020-09-11T12:54:54Z",
        "value": "303683.443482399",
        "cumulative": true
    },
    {
        "date": "2020-09-11T12:55:12Z",
        "value": "307870.49417972565",
        "cumulative": true
    },
    {
        "date": "2020-09-11T12:55:31Z",
        "value": "309952.17001342773",
        "cumulative": true
    },
    {
        "date": "2020-09-11T12:55:50Z",
        "value": "311301.9211406708",
        "cumulative": true
    },
    {
        "date": "2020-09-11T12:56:04Z",
        "value": "312217.14692115784",
        "cumulative": true
    },
    {
        "date": "2020-09-11T12:56:22Z",
        "value": "313360.4146900177",
        "cumulative": true
    },
    {
        "date": "2020-09-11T12:56:38Z",
        "value": "314321.7701816559",
        "cumulative": true
    },
    {
        "date": "2020-09-11T12:56:58Z",
        "value": "315642.8996143341",
        "cumulative": true
    },
    {
        "date": "2020-09-11T12:57:12Z",
        "value": "316537.5980319977",
        "cumulative": true
    },
    {
        "date": "2020-09-11T12:57:31Z",
        "value": "317697.32657814026",
        "cumulative": true
    },
    {
        "date": "2020-09-11T12:57:49Z",
        "value": "318891.9467315674",
        "cumulative": true
    },
    {
        "date": "2020-09-11T12:58:07Z",
        "value": "320004.1272163391",
        "cumulative": true
    },
    {
        "date": "2020-09-11T12:58:23Z",
        "value": "321124.7084827423",
        "cumulative": true
    },
    {
        "date": "2020-09-11T12:58:39Z",
        "value": "322070.19762802124",
        "cumulative": true
    },
    {
        "date": "2020-09-11T12:58:52Z",
        "value": "322962.8096675873",
        "cumulative": true
    },
    {
        "date": "2020-09-11T12:59:07Z",
        "value": "323892.66282844543",
        "cumulative": true
    },
    {
        "date": "2020-09-11T12:59:22Z",
        "value": "324831.57031440735",
        "cumulative": true
    },
    {
        "date": "2020-09-11T12:59:38Z",
        "value": "325920.78650283813",
        "cumulative": true
    },
    {
        "date": "2020-09-11T12:59:51Z",
        "value": "326676.18469047546",
        "cumulative": true
    },
    {
        "date": "2020-09-11T13:00:04Z",
        "value": "327551.3419647217",
        "cumulative": true
    },
    {
        "date": "2020-09-11T13:00:18Z",
        "value": "328437.036195755",
        "cumulative": true
    },
    {
        "date": "2020-09-11T13:00:28Z",
        "value": "329106.1059265137",
        "cumulative": true
    },
    {
        "date": "2020-09-11T13:00:40Z",
        "value": "329814.16801071167",
        "cumulative": true
    },
    {
        "date": "2020-09-11T13:00:52Z",
        "value": "330561.9711456299",
        "cumulative": true
    },
    {
        "date": "2020-09-11T13:01:07Z",
        "value": "331594.2128944397",
        "cumulative": true
    },
    {
        "date": "2020-09-11T13:01:27Z",
        "value": "335228.02171993256",
        "cumulative": true
    },
    {
        "date": "2020-09-11T13:01:38Z",
        "value": "337693.028134346",
        "cumulative": true
    },
    {
        "date": "2020-09-11T13:01:53Z",
        "value": "341190.20505428314",
        "cumulative": true
    },
    {
        "date": "2020-09-11T13:02:10Z",
        "value": "344682.35463809967",
        "cumulative": true
    },
    {
        "date": "2020-09-11T13:02:23Z",
        "value": "347665.92133426666",
        "cumulative": true
    },
    {
        "date": "2020-09-11T13:02:39Z",
        "value": "351088.08931827545",
        "cumulative": true
    },
    {
        "date": "2020-09-11T13:02:55Z",
        "value": "354583.6986322403",
        "cumulative": true
    },
    {
        "date": "2020-09-11T13:03:07Z",
        "value": "357500.98675251007",
        "cumulative": true
    },
    {
        "date": "2020-09-11T13:03:25Z",
        "value": "361576.91818523407",
        "cumulative": true
    },
    {
        "date": "2020-09-11T13:03:39Z",
        "value": "364629.477517128",
        "cumulative": true
    },
    {
        "date": "2020-09-11T13:03:54Z",
        "value": "367989.11290454865",
        "cumulative": true
    },
    {
        "date": "2020-09-11T13:04:09Z",
        "value": "371489.71244335175",
        "cumulative": true
    },
    {
        "date": "2020-09-11T13:04:19Z",
        "value": "373819.7433576584",
        "cumulative": true
    },
    {
        "date": "2020-09-11T13:04:37Z",
        "value": "377894.891579628",
        "cumulative": true
    },
    {
        "date": "2020-09-11T13:04:55Z",
        "value": "381969.6220331192",
        "cumulative": true
    },
    {
        "date": "2020-09-11T13:05:08Z",
        "value": "384893.4760828018",
        "cumulative": true
    },
    {
        "date": "2020-09-11T13:05:22Z",
        "value": "388272.53245449066",
        "cumulative": true
    },
    {
        "date": "2020-09-11T13:05:34Z",
        "value": "390420.99491786957",
        "cumulative": true
    },
    {
        "date": "2020-09-11T13:05:45Z",
        "value": "391059.5121450424",
        "cumulative": true
    },
    {
        "date": "2020-09-11T13:05:56Z",
        "value": "391862.41094875336",
        "cumulative": true
    },
    {
        "date": "2020-09-11T13:06:09Z",
        "value": "392726.35854434967",
        "cumulative": true
    },
    {
        "date": "2020-09-11T13:06:28Z",
        "value": "393917.3880186081",
        "cumulative": true
    },
    {
        "date": "2020-09-11T13:06:47Z",
        "value": "395175.8089647293",
        "cumulative": true
    },
    {
        "date": "2020-09-11T13:07:03Z",
        "value": "396189.9466676712",
        "cumulative": true
    },
    {
        "date": "2020-09-11T13:07:22Z",
        "value": "397406.83682727814",
        "cumulative": true
    },
    {
        "date": "2020-09-11T13:07:34Z",
        "value": "398213.9837846756",
        "cumulative": true
    },
    {
        "date": "2020-09-11T13:07:49Z",
        "value": "399131.30493450165",
        "cumulative": true
    },
    {
        "date": "2020-09-11T13:08:02Z",
        "value": "399965.12824344635",
        "cumulative": true
    },
    {
        "date": "2020-09-11T13:08:14Z",
        "value": "400663.57381534576",
        "cumulative": true
    },
    {
        "date": "2020-09-11T13:08:28Z",
        "value": "401680.2343645096",
        "cumulative": true
    },
    {
        "date": "2020-09-11T13:08:40Z",
        "value": "402368.22164058685",
        "cumulative": true
    },
    {
        "date": "2020-09-11T13:08:52Z",
        "value": "403146.9682703018",
        "cumulative": true
    },
    {
        "date": "2020-09-11T13:09:05Z",
        "value": "403994.0443086624",
        "cumulative": true
    },
    {
        "date": "2020-09-11T13:09:20Z",
        "value": "404928.6643667221",
        "cumulative": true
    },
    {
        "date": "2020-09-11T13:09:33Z",
        "value": "405797.49414920807",
        "cumulative": true
    },
    {
        "date": "2020-09-11T13:09:49Z",
        "value": "406879.4398908615",
        "cumulative": true
    },
    {
        "date": "2020-09-11T13:10:00Z",
        "value": "407507.4326868057",
        "cumulative": true
    },
    {
        "date": "2020-09-11T13:10:12Z",
        "value": "408321.58934497833",
        "cumulative": true
    },
    {
        "date": "2020-09-11T13:10:24Z",
        "value": "408977.49746608734",
        "cumulative": true
    },
    {
        "date": "2020-09-11T13:10:38Z",
        "value": "409898.7864332199",
        "cumulative": true
    },
    {
        "date": "2020-09-11T13:10:57Z",
        "value": "411212.3173093796",
        "cumulative": true
    },
    {
        "date": "2020-09-11T13:11:14Z",
        "value": "412190.60032367706",
        "cumulative": true
    },
    {
        "date": "2020-09-11T13:11:33Z",
        "value": "413520.68908405304",
        "cumulative": true
    },
    {
        "date": "2020-09-11T13:11:46Z",
        "value": "414247.57593631744",
        "cumulative": true
    },
    {
        "date": "2020-09-11T13:11:58Z",
        "value": "415048.49446201324",
        "cumulative": true
    },
    {
        "date": "2020-09-11T13:12:11Z",
        "value": "415873.17453479767",
        "cumulative": true
    },
    {
        "date": "2020-09-11T13:12:26Z",
        "value": "416893.3677186966",
        "cumulative": true
    },
    {
        "date": "2020-09-11T13:12:42Z",
        "value": "417871.1031446457",
        "cumulative": true
    },
    {
        "date": "2020-09-11T13:13:01Z",
        "value": "419009.2349328995",
        "cumulative": true
    }
]