[
    {
        "date": "2020-09-10T15:33:51Z",
        "value": "1.359375",
        "cumulative": false
    },
    {
        "date": "2020-09-10T15:34:09Z",
        "value": "117.30859375",
        "cumulative": false
    },
    {
        "date": "2020-09-10T15:34:28Z",
        "value": "120.9296875",
        "cumulative": false
    },
    {
        "date": "2020-09-10T15:34:41Z",
        "value": "131.33984375",
        "cumulative": false
    },
    {
        "date": "2020-09-10T15:34:56Z",
        "value": "139.984375",
        "cumulative": false
    },
    {
        "date": "2020-09-10T15:35:16Z",
        "value": "124.3984375",
        "cumulative": false
    },
    {
        "date": "2020-09-10T15:35:34Z",
        "value": "147.74609375",
        "cumulative": false
    },
    {
        "date": "2020-09-10T15:35:44Z",
        "value": "126.3125",
        "cumulative": false
    },
    {
        "date": "2020-09-10T15:35:59Z",
        "value": "175.1875",
        "cumulative": false
    },
    {
        "date": "2020-09-10T15:36:11Z",
        "value": "175.13671875",
        "cumulative": false
    },
    {
        "date": "2020-09-10T15:36:25Z",
        "value": "175.71484375",
        "cumulative": false
    },
    {
        "date": "2020-09-10T15:36:35Z",
        "value": "175.71484375",
        "cumulative": false
    },
    {
        "date": "2020-09-10T15:36:53Z",
        "value": "154.2578125",
        "cumulative": false
    },
    {
        "date": "2020-09-10T15:37:11Z",
        "value": "191.15625",
        "cumulative": false
    },
    {
        "date": "2020-09-10T15:37:28Z",
        "value": "191.2265625",
        "cumulative": false
    },
    {
        "date": "2020-09-10T15:37:45Z",
        "value": "182.48046875",
        "cumulative": false
    },
    {
        "date": "2020-09-10T15:38:04Z",
        "value": "210.65234375",
        "cumulative": false
    },
    {
        "date": "2020-09-10T15:38:15Z",
        "value": "210.65234375",
        "cumulative": false
    },
    {
        "date": "2020-09-10T15:38:34Z",
        "value": "176.3203125",
        "cumulative": false
    },
    {
        "date": "2020-09-10T15:38:52Z",
        "value": "176.3203125",
        "cumulative": false
    },
    {
        "date": "2020-09-10T15:39:09Z",
        "value": "205.7109375",
        "cumulative": false
    },
    {
        "date": "2020-09-10T15:39:22Z",
        "value": "212.15625",
        "cumulative": false
    },
    {
        "date": "2020-09-10T15:39:39Z",
        "value": "213.15625",
        "cumulative": false
    },
    {
        "date": "2020-09-10T15:39:57Z",
        "value": "191.7890625",
        "cumulative": false
    },
    {
        "date": "2020-09-10T15:40:14Z",
        "value": "191.84375",
        "cumulative": false
    },
    {
        "date": "2020-09-10T15:40:32Z",
        "value": "231.125",
        "cumulative": false
    },
    {
        "date": "2020-09-10T15:40:48Z",
        "value": "154.5",
        "cumulative": false
    },
    {
        "date": "2020-09-10T15:41:03Z",
        "value": "264.6015625",
        "cumulative": false
    },
    {
        "date": "2020-09-10T15:41:15Z",
        "value": "154.4609375",
        "cumulative": false
    },
    {
        "date": "2020-09-10T15:41:34Z",
        "value": "257.16015625",
        "cumulative": false
    },
    {
        "date": "2020-09-10T15:41:53Z",
        "value": "285.94140625",
        "cumulative": false
    },
    {
        "date": "2020-09-10T15:42:04Z",
        "value": "209.9375",
        "cumulative": false
    },
    {
        "date": "2020-09-10T15:42:16Z",
        "value": "210.96484375",
        "cumulative": false
    },
    {
        "date": "2020-09-10T15:42:30Z",
        "value": "267.83984375",
        "cumulative": false
    },
    {
        "date": "2020-09-10T15:42:47Z",
        "value": "216.98828125",
        "cumulative": false
    },
    {
        "date": "2020-09-10T15:43:01Z",
        "value": "164.3203125",
        "cumulative": false
    },
    {
        "date": "2020-09-10T15:43:14Z",
        "value": "164.234375",
        "cumulative": false
    },
    {
        "date": "2020-09-10T15:43:30Z",
        "value": "236.21484375",
        "cumulative": false
    },
    {
        "date": "2020-09-10T15:43:41Z",
        "value": "236.20703125",
        "cumulative": false
    },
    {
        "date": "2020-09-10T15:44:01Z",
        "value": "236.20703125",
        "cumulative": false
    },
    {
        "date": "2020-09-10T15:44:21Z",
        "value": "176.65234375",
        "cumulative": false
    },
    {
        "date": "2020-09-10T15:44:40Z",
        "value": "206.6484375",
        "cumulative": false
    },
    {
        "date": "2020-09-10T15:44:51Z",
        "value": "185.15234375",
        "cumulative": false
    },
    {
        "date": "2020-09-10T15:45:07Z",
        "value": "176.65234375",
        "cumulative": false
    },
    {
        "date": "2020-09-10T15:45:23Z",
        "value": "176.71875",
        "cumulative": false
    },
    {
        "date": "2020-09-10T15:45:34Z",
        "value": "336.02734375",
        "cumulative": false
    },
    {
        "date": "2020-09-10T15:45:49Z",
        "value": "180.3984375",
        "cumulative": false
    },
    {
        "date": "2020-09-10T15:46:07Z",
        "value": "267.58984375",
        "cumulative": false
    },
    {
        "date": "2020-09-10T15:46:20Z",
        "value": "267.5625",
        "cumulative": false
    },
    {
        "date": "2020-09-10T15:46:35Z",
        "value": "267.4921875",
        "cumulative": false
    },
    {
        "date": "2020-09-10T15:46:49Z",
        "value": "267.53515625",
        "cumulative": false
    },
    {
        "date": "2020-09-10T15:47:07Z",
        "value": "232.79296875",
        "cumulative": false
    },
    {
        "date": "2020-09-10T15:47:26Z",
        "value": "415.7890625",
        "cumulative": false
    },
    {
        "date": "2020-09-10T15:47:36Z",
        "value": "192.3125",
        "cumulative": false
    },
    {
        "date": "2020-09-10T15:47:54Z",
        "value": "412.1640625",
        "cumulative": false
    },
    {
        "date": "2020-09-10T15:48:09Z",
        "value": "192.3125",
        "cumulative": false
    },
    {
        "date": "2020-09-10T15:48:23Z",
        "value": "192.3125",
        "cumulative": false
    },
    {
        "date": "2020-09-10T15:48:34Z",
        "value": "192.2890625",
        "cumulative": false
    },
    {
        "date": "2020-09-10T15:48:48Z",
        "value": "200.66796875",
        "cumulative": false
    },
    {
        "date": "2020-09-10T15:49:04Z",
        "value": "442.74609375",
        "cumulative": false
    },
    {
        "date": "2020-09-10T15:49:15Z",
        "value": "307.09765625",
        "cumulative": false
    },
    {
        "date": "2020-09-10T15:49:26Z",
        "value": "376.3828125",
        "cumulative": false
    },
    {
        "date": "2020-09-10T15:49:38Z",
        "value": "307.1015625",
        "cumulative": false
    },
    {
        "date": "2020-09-10T15:49:50Z",
        "value": "473.1328125",
        "cumulative": false
    },
    {
        "date": "2020-09-10T15:50:09Z",
        "value": "320.6328125",
        "cumulative": false
    },
    {
        "date": "2020-09-10T15:50:27Z",
        "value": "307.1171875",
        "cumulative": false
    },
    {
        "date": "2020-09-10T15:50:47Z",
        "value": "212.1015625",
        "cumulative": false
    },
    {
        "date": "2020-09-10T15:51:00Z",
        "value": "212.1015625",
        "cumulative": false
    },
    {
        "date": "2020-09-10T15:51:12Z",
        "value": "364.06640625",
        "cumulative": false
    },
    {
        "date": "2020-09-10T15:51:27Z",
        "value": "379.8125",
        "cumulative": false
    },
    {
        "date": "2020-09-10T15:51:42Z",
        "value": "296.1875",
        "cumulative": false
    },
    {
        "date": "2020-09-10T15:51:56Z",
        "value": "212.1015625",
        "cumulative": false
    },
    {
        "date": "2020-09-10T15:52:13Z",
        "value": "406.31640625",
        "cumulative": false
    },
    {
        "date": "2020-09-10T15:52:29Z",
        "value": "423.56640625",
        "cumulative": false
    },
    {
        "date": "2020-09-10T15:52:49Z",
        "value": "212.1015625",
        "cumulative": false
    },
    {
        "date": "2020-09-10T15:53:06Z",
        "value": "343.6875",
        "cumulative": false
    },
    {
        "date": "2020-09-10T15:53:16Z",
        "value": "356.875",
        "cumulative": false
    },
    {
        "date": "2020-09-10T15:53:29Z",
        "value": "356.9921875",
        "cumulative": false
    },
    {
        "date": "2020-09-10T15:53:40Z",
        "value": "356.97265625",
        "cumulative": false
    },
    {
        "date": "2020-09-10T15:53:59Z",
        "value": "356.9921875",
        "cumulative": false
    },
    {
        "date": "2020-09-10T15:54:17Z",
        "value": "378.3671875",
        "cumulative": false
    },
    {
        "date": "2020-09-10T15:54:33Z",
        "value": "545.3671875",
        "cumulative": false
    }
]