[
    {
        "date": "2020-09-10T15:34:00Z",
        "value": "57.344472885131836",
        "cumulative": true
    },
    {
        "date": "2020-09-10T15:34:19Z",
        "value": "2203.4738340377808",
        "cumulative": true
    },
    {
        "date": "2020-09-10T15:34:33Z",
        "value": "4050.161106109619",
        "cumulative": true
    },
    {
        "date": "2020-09-10T15:34:53Z",
        "value": "6610.451956748962",
        "cumulative": true
    },
    {
        "date": "2020-09-10T15:35:13Z",
        "value": "9402.710542678833",
        "cumulative": true
    },
    {
        "date": "2020-09-10T15:35:29Z",
        "value": "11537.512871742249",
        "cumulative": true
    },
    {
        "date": "2020-09-10T15:35:41Z",
        "value": "12956.8871011734",
        "cumulative": true
    },
    {
        "date": "2020-09-10T15:35:54Z",
        "value": "15103.112371444702",
        "cumulative": true
    },
    {
        "date": "2020-09-10T15:36:04Z",
        "value": "16248.201635360718",
        "cumulative": true
    },
    {
        "date": "2020-09-10T15:36:21Z",
        "value": "18593.360864639282",
        "cumulative": true
    },
    {
        "date": "2020-09-10T15:36:36Z",
        "value": "20550.450315475464",
        "cumulative": true
    },
    {
        "date": "2020-09-10T15:36:52Z",
        "value": "22323.61027622223",
        "cumulative": true
    },
    {
        "date": "2020-09-10T15:37:04Z",
        "value": "25028.262095451355",
        "cumulative": true
    },
    {
        "date": "2020-09-10T15:37:23Z",
        "value": "26216.214155197144",
        "cumulative": true
    },
    {
        "date": "2020-09-10T15:37:35Z",
        "value": "26990.735714912415",
        "cumulative": true
    },
    {
        "date": "2020-09-10T15:37:53Z",
        "value": "31157.503947257996",
        "cumulative": true
    },
    {
        "date": "2020-09-10T15:38:12Z",
        "value": "32681.871523857117",
        "cumulative": true
    },
    {
        "date": "2020-09-10T15:38:30Z",
        "value": "33833.92934894562",
        "cumulative": true
    },
    {
        "date": "2020-09-10T15:38:48Z",
        "value": "37579.13304424286",
        "cumulative": true
    },
    {
        "date": "2020-09-10T15:38:59Z",
        "value": "39962.07196140289",
        "cumulative": true
    },
    {
        "date": "2020-09-10T15:39:12Z",
        "value": "40734.9355096817",
        "cumulative": true
    },
    {
        "date": "2020-09-10T15:39:26Z",
        "value": "41625.80429172516",
        "cumulative": true
    },
    {
        "date": "2020-09-10T15:39:45Z",
        "value": "42787.0233297348",
        "cumulative": true
    },
    {
        "date": "2020-09-10T15:40:05Z",
        "value": "47000.526980400085",
        "cumulative": true
    },
    {
        "date": "2020-09-10T15:40:16Z",
        "value": "49530.521471977234",
        "cumulative": true
    },
    {
        "date": "2020-09-10T15:40:28Z",
        "value": "50926.326358795166",
        "cumulative": true
    },
    {
        "date": "2020-09-10T15:40:40Z",
        "value": "51576.87045669556",
        "cumulative": true
    },
    {
        "date": "2020-09-10T15:40:50Z",
        "value": "52237.76028633118",
        "cumulative": true
    },
    {
        "date": "2020-09-10T15:41:05Z",
        "value": "53062.23840713501",
        "cumulative": true
    },
    {
        "date": "2020-09-10T15:41:22Z",
        "value": "54075.38419532776",
        "cumulative": true
    },
    {
        "date": "2020-09-10T15:41:35Z",
        "value": "56852.95040988922",
        "cumulative": true
    },
    {
        "date": "2020-09-10T15:41:49Z",
        "value": "60224.45290470123",
        "cumulative": true
    },
    {
        "date": "2020-09-10T15:42:00Z",
        "value": "62904.20735645294",
        "cumulative": true
    },
    {
        "date": "2020-09-10T15:42:19Z",
        "value": "64602.021246910095",
        "cumulative": true
    },
    {
        "date": "2020-09-10T15:42:36Z",
        "value": "65608.51723384857",
        "cumulative": true
    },
    {
        "date": "2020-09-10T15:42:48Z",
        "value": "66332.24243450165",
        "cumulative": true
    },
    {
        "date": "2020-09-10T15:43:00Z",
        "value": "67054.35610866547",
        "cumulative": true
    },
    {
        "date": "2020-09-10T15:43:15Z",
        "value": "67955.76428318024",
        "cumulative": true
    },
    {
        "date": "2020-09-10T15:43:26Z",
        "value": "69148.30989646912",
        "cumulative": true
    },
    {
        "date": "2020-09-10T15:43:43Z",
        "value": "73144.51524353027",
        "cumulative": true
    },
    {
        "date": "2020-09-10T15:43:57Z",
        "value": "76868.95225524902",
        "cumulative": true
    },
    {
        "date": "2020-09-10T15:44:14Z",
        "value": "80648.0890007019",
        "cumulative": true
    },
    {
        "date": "2020-09-10T15:44:24Z",
        "value": "81247.44623947144",
        "cumulative": true
    },
    {
        "date": "2020-09-10T15:44:44Z",
        "value": "82395.4587688446",
        "cumulative": true
    },
    {
        "date": "2020-09-10T15:45:02Z",
        "value": "83522.2196521759",
        "cumulative": true
    },
    {
        "date": "2020-09-10T15:45:20Z",
        "value": "84559.70321464539",
        "cumulative": true
    },
    {
        "date": "2020-09-10T15:45:33Z",
        "value": "85323.1971950531",
        "cumulative": true
    },
    {
        "date": "2020-09-10T15:45:49Z",
        "value": "86287.39582443237",
        "cumulative": true
    },
    {
        "date": "2020-09-10T15:46:09Z",
        "value": "90660.53834819794",
        "cumulative": true
    },
    {
        "date": "2020-09-10T15:46:20Z",
        "value": "93098.55947780609",
        "cumulative": true
    },
    {
        "date": "2020-09-10T15:46:31Z",
        "value": "95566.43225574493",
        "cumulative": true
    },
    {
        "date": "2020-09-10T15:46:49Z",
        "value": "100085.71526432037",
        "cumulative": true
    },
    {
        "date": "2020-09-10T15:47:07Z",
        "value": "102208.75786685944",
        "cumulative": true
    },
    {
        "date": "2020-09-10T15:47:20Z",
        "value": "102992.75302219391",
        "cumulative": true
    },
    {
        "date": "2020-09-10T15:47:31Z",
        "value": "103618.26617717743",
        "cumulative": true
    },
    {
        "date": "2020-09-10T15:47:44Z",
        "value": "104424.42364788055",
        "cumulative": true
    },
    {
        "date": "2020-09-10T15:48:00Z",
        "value": "105379.31886768341",
        "cumulative": true
    },
    {
        "date": "2020-09-10T15:48:11Z",
        "value": "105990.05385303497",
        "cumulative": true
    },
    {
        "date": "2020-09-10T15:48:23Z",
        "value": "106735.55318546295",
        "cumulative": true
    },
    {
        "date": "2020-09-10T15:48:36Z",
        "value": "107520.52024364471",
        "cumulative": true
    },
    {
        "date": "2020-09-10T15:48:51Z",
        "value": "108418.57269191742",
        "cumulative": true
    },
    {
        "date": "2020-09-10T15:49:10Z",
        "value": "110494.84461975098",
        "cumulative": true
    },
    {
        "date": "2020-09-10T15:49:29Z",
        "value": "115007.63319206238",
        "cumulative": true
    },
    {
        "date": "2020-09-10T15:49:49Z",
        "value": "119464.1773815155",
        "cumulative": true
    },
    {
        "date": "2020-09-10T15:50:08Z",
        "value": "123827.60229301453",
        "cumulative": true
    },
    {
        "date": "2020-09-10T15:50:19Z",
        "value": "126207.29340553284",
        "cumulative": true
    },
    {
        "date": "2020-09-10T15:50:36Z",
        "value": "128746.68131446838",
        "cumulative": true
    },
    {
        "date": "2020-09-10T15:50:55Z",
        "value": "129854.59700012207",
        "cumulative": true
    },
    {
        "date": "2020-09-10T15:51:08Z",
        "value": "130619.22042655945",
        "cumulative": true
    },
    {
        "date": "2020-09-10T15:51:24Z",
        "value": "131583.40100860596",
        "cumulative": true
    },
    {
        "date": "2020-09-10T15:51:36Z",
        "value": "132323.97335624695",
        "cumulative": true
    },
    {
        "date": "2020-09-10T15:51:54Z",
        "value": "133382.39862632751",
        "cumulative": true
    },
    {
        "date": "2020-09-10T15:52:05Z",
        "value": "134043.84339904785",
        "cumulative": true
    },
    {
        "date": "2020-09-10T15:52:18Z",
        "value": "134807.94474220276",
        "cumulative": true
    },
    {
        "date": "2020-09-10T15:52:34Z",
        "value": "135717.4513206482",
        "cumulative": true
    },
    {
        "date": "2020-09-10T15:52:45Z",
        "value": "136377.41399383545",
        "cumulative": true
    },
    {
        "date": "2020-09-10T15:52:56Z",
        "value": "137103.92888832092",
        "cumulative": true
    },
    {
        "date": "2020-09-10T15:53:10Z",
        "value": "138110.35522174835",
        "cumulative": true
    },
    {
        "date": "2020-09-10T15:53:29Z",
        "value": "142435.6026582718",
        "cumulative": true
    },
    {
        "date": "2020-09-10T15:53:46Z",
        "value": "146332.19844913483",
        "cumulative": true
    },
    {
        "date": "2020-09-10T15:54:00Z",
        "value": "149895.07064914703",
        "cumulative": true
    },
    {
        "date": "2020-09-10T15:54:14Z",
        "value": "153089.25970363617",
        "cumulative": true
    },
    {
        "date": "2020-09-10T15:54:33Z",
        "value": "157447.81027889252",
        "cumulative": true
    }
]