[
    {
        "date": "2020-09-10T15:34:09Z",
        "value": "0.841510148",
        "cumulative": false
    },
    {
        "date": "2020-09-10T15:34:28Z",
        "value": "0.953223324",
        "cumulative": false
    },
    {
        "date": "2020-09-10T15:34:41Z",
        "value": "0.949896944",
        "cumulative": false
    },
    {
        "date": "2020-09-10T15:34:56Z",
        "value": "0.918247626",
        "cumulative": false
    },
    {
        "date": "2020-09-10T15:35:16Z",
        "value": "0.887100028",
        "cumulative": false
    },
    {
        "date": "2020-09-10T15:35:34Z",
        "value": "0.947689089",
        "cumulative": false
    },
    {
        "date": "2020-09-10T15:35:44Z",
        "value": "1.008912803",
        "cumulative": false
    },
    {
        "date": "2020-09-10T15:35:59Z",
        "value": "0.892002218",
        "cumulative": false
    },
    {
        "date": "2020-09-10T15:36:11Z",
        "value": "1.004246269",
        "cumulative": false
    },
    {
        "date": "2020-09-10T15:36:25Z",
        "value": "0.855734917",
        "cumulative": false
    },
    {
        "date": "2020-09-10T15:36:35Z",
        "value": "0.994363941",
        "cumulative": false
    },
    {
        "date": "2020-09-10T15:36:53Z",
        "value": "0.918228791",
        "cumulative": false
    },
    {
        "date": "2020-09-10T15:37:11Z",
        "value": "0.858205495",
        "cumulative": false
    },
    {
        "date": "2020-09-10T15:37:28Z",
        "value": "0.979853178",
        "cumulative": false
    },
    {
        "date": "2020-09-10T15:37:45Z",
        "value": "0.855305024",
        "cumulative": false
    },
    {
        "date": "2020-09-10T15:38:04Z",
        "value": "0.859199857",
        "cumulative": false
    },
    {
        "date": "2020-09-10T15:38:15Z",
        "value": "0.95321348",
        "cumulative": false
    },
    {
        "date": "2020-09-10T15:38:34Z",
        "value": "0.928071312",
        "cumulative": false
    },
    {
        "date": "2020-09-10T15:38:52Z",
        "value": "0.794571311",
        "cumulative": false
    },
    {
        "date": "2020-09-10T15:39:09Z",
        "value": "0.891739156",
        "cumulative": false
    },
    {
        "date": "2020-09-10T15:39:22Z",
        "value": "0.996673493",
        "cumulative": false
    },
    {
        "date": "2020-09-10T15:39:39Z",
        "value": "0.994137873",
        "cumulative": false
    },
    {
        "date": "2020-09-10T15:39:57Z",
        "value": "0.89445442",
        "cumulative": false
    },
    {
        "date": "2020-09-10T15:40:14Z",
        "value": "0.813413533",
        "cumulative": false
    },
    {
        "date": "2020-09-10T15:40:32Z",
        "value": "0.915095338",
        "cumulative": false
    },
    {
        "date": "2020-09-10T15:40:48Z",
        "value": "0.987499431",
        "cumulative": false
    },
    {
        "date": "2020-09-10T15:41:03Z",
        "value": "0.99776588",
        "cumulative": false
    },
    {
        "date": "2020-09-10T15:41:15Z",
        "value": "0.982732715",
        "cumulative": false
    },
    {
        "date": "2020-09-10T15:41:34Z",
        "value": "0.925973656",
        "cumulative": false
    },
    {
        "date": "2020-09-10T15:41:53Z",
        "value": "0.812259076",
        "cumulative": false
    },
    {
        "date": "2020-09-10T15:42:04Z",
        "value": "0.863649072",
        "cumulative": false
    },
    {
        "date": "2020-09-10T15:42:16Z",
        "value": "0.996100981",
        "cumulative": false
    },
    {
        "date": "2020-09-10T15:42:30Z",
        "value": "0.985254611",
        "cumulative": false
    },
    {
        "date": "2020-09-10T15:42:47Z",
        "value": "1.005709415",
        "cumulative": false
    },
    {
        "date": "2020-09-10T15:43:01Z",
        "value": "0.988049339",
        "cumulative": false
    },
    {
        "date": "2020-09-10T15:43:14Z",
        "value": "1.003392407",
        "cumulative": false
    },
    {
        "date": "2020-09-10T15:43:30Z",
        "value": "0.919904533",
        "cumulative": false
    },
    {
        "date": "2020-09-10T15:43:41Z",
        "value": "0.844603602",
        "cumulative": false
    },
    {
        "date": "2020-09-10T15:44:01Z",
        "value": "0.905892884",
        "cumulative": false
    },
    {
        "date": "2020-09-10T15:44:21Z",
        "value": "0.934316956",
        "cumulative": false
    },
    {
        "date": "2020-09-10T15:44:40Z",
        "value": "1.002440356",
        "cumulative": false
    },
    {
        "date": "2020-09-10T15:44:51Z",
        "value": "1.008593545",
        "cumulative": false
    },
    {
        "date": "2020-09-10T15:45:07Z",
        "value": "1.001850595",
        "cumulative": false
    },
    {
        "date": "2020-09-10T15:45:23Z",
        "value": "0.993096935",
        "cumulative": false
    },
    {
        "date": "2020-09-10T15:45:34Z",
        "value": "0.989349043",
        "cumulative": false
    },
    {
        "date": "2020-09-10T15:45:49Z",
        "value": "0.98463729",
        "cumulative": false
    },
    {
        "date": "2020-09-10T15:46:07Z",
        "value": "0.873606912",
        "cumulative": false
    },
    {
        "date": "2020-09-10T15:46:20Z",
        "value": "0.825054361",
        "cumulative": false
    },
    {
        "date": "2020-09-10T15:46:35Z",
        "value": "0.814643181",
        "cumulative": false
    },
    {
        "date": "2020-09-10T15:46:49Z",
        "value": "0.833811762",
        "cumulative": false
    },
    {
        "date": "2020-09-10T15:47:07Z",
        "value": "0.872530429",
        "cumulative": false
    },
    {
        "date": "2020-09-10T15:47:26Z",
        "value": "1.001827694",
        "cumulative": false
    },
    {
        "date": "2020-09-10T15:47:36Z",
        "value": "1.00545078",
        "cumulative": false
    },
    {
        "date": "2020-09-10T15:47:54Z",
        "value": "0.999550552",
        "cumulative": false
    },
    {
        "date": "2020-09-10T15:48:09Z",
        "value": "0.985631586",
        "cumulative": false
    },
    {
        "date": "2020-09-10T15:48:23Z",
        "value": "1.006359803",
        "cumulative": false
    },
    {
        "date": "2020-09-10T15:48:34Z",
        "value": "1.00100003",
        "cumulative": false
    },
    {
        "date": "2020-09-10T15:48:48Z",
        "value": "0.9850208",
        "cumulative": false
    },
    {
        "date": "2020-09-10T15:49:04Z",
        "value": "0.996175632",
        "cumulative": false
    },
    {
        "date": "2020-09-10T15:49:15Z",
        "value": "0.796355105",
        "cumulative": false
    },
    {
        "date": "2020-09-10T15:49:26Z",
        "value": "0.796565165",
        "cumulative": false
    },
    {
        "date": "2020-09-10T15:49:38Z",
        "value": "0.778634933",
        "cumulative": false
    },
    {
        "date": "2020-09-10T15:49:50Z",
        "value": "0.745546471",
        "cumulative": false
    },
    {
        "date": "2020-09-10T15:50:09Z",
        "value": "0.772010359",
        "cumulative": false
    },
    {
        "date": "2020-09-10T15:50:27Z",
        "value": "0.806146325",
        "cumulative": false
    },
    {
        "date": "2020-09-10T15:50:47Z",
        "value": "0.976091571",
        "cumulative": false
    },
    {
        "date": "2020-09-10T15:51:00Z",
        "value": "0.983078611",
        "cumulative": false
    },
    {
        "date": "2020-09-10T15:51:12Z",
        "value": "1.00374183",
        "cumulative": false
    },
    {
        "date": "2020-09-10T15:51:27Z",
        "value": "1.000892351",
        "cumulative": false
    },
    {
        "date": "2020-09-10T15:51:42Z",
        "value": "0.997693048",
        "cumulative": false
    },
    {
        "date": "2020-09-10T15:51:56Z",
        "value": "0.992167999",
        "cumulative": false
    },
    {
        "date": "2020-09-10T15:52:13Z",
        "value": "1.001282872",
        "cumulative": false
    },
    {
        "date": "2020-09-10T15:52:29Z",
        "value": "0.976221531",
        "cumulative": false
    },
    {
        "date": "2020-09-10T15:52:49Z",
        "value": "0.997949124",
        "cumulative": false
    },
    {
        "date": "2020-09-10T15:53:06Z",
        "value": "0.993501511",
        "cumulative": false
    },
    {
        "date": "2020-09-10T15:53:16Z",
        "value": "0.850422521",
        "cumulative": false
    },
    {
        "date": "2020-09-10T15:53:29Z",
        "value": "0.828489352",
        "cumulative": false
    },
    {
        "date": "2020-09-10T15:53:40Z",
        "value": "0.799363757",
        "cumulative": false
    },
    {
        "date": "2020-09-10T15:53:59Z",
        "value": "0.826458054",
        "cumulative": false
    },
    {
        "date": "2020-09-10T15:54:17Z",
        "value": "0.814636858",
        "cumulative": false
    },
    {
        "date": "2020-09-10T15:54:33Z",
        "value": "0.834783237",
        "cumulative": false
    }
]