[
    {
        "date": "2020-09-10T15:34:03Z",
        "value": "0.813037077",
        "cumulative": false
    },
    {
        "date": "2020-09-10T15:34:18Z",
        "value": "1.506001073",
        "cumulative": false
    },
    {
        "date": "2020-09-10T15:34:32Z",
        "value": "1.16710908",
        "cumulative": false
    },
    {
        "date": "2020-09-10T15:34:43Z",
        "value": "1.19411241",
        "cumulative": false
    },
    {
        "date": "2020-09-10T15:34:54Z",
        "value": "1.090413359",
        "cumulative": false
    },
    {
        "date": "2020-09-10T15:35:11Z",
        "value": "0.827599252",
        "cumulative": false
    },
    {
        "date": "2020-09-10T15:35:26Z",
        "value": "0.948851577",
        "cumulative": false
    },
    {
        "date": "2020-09-10T15:35:38Z",
        "value": "0.893720623",
        "cumulative": false
    },
    {
        "date": "2020-09-10T15:35:54Z",
        "value": "0.91542985",
        "cumulative": false
    },
    {
        "date": "2020-09-10T15:36:11Z",
        "value": "0.9902471",
        "cumulative": false
    },
    {
        "date": "2020-09-10T15:36:25Z",
        "value": "0.811376563",
        "cumulative": false
    },
    {
        "date": "2020-09-10T15:36:40Z",
        "value": "0.986427673",
        "cumulative": false
    },
    {
        "date": "2020-09-10T15:36:52Z",
        "value": "0.870535868",
        "cumulative": false
    },
    {
        "date": "2020-09-10T15:37:09Z",
        "value": "0.768979246",
        "cumulative": false
    },
    {
        "date": "2020-09-10T15:37:23Z",
        "value": "0.970030648",
        "cumulative": false
    },
    {
        "date": "2020-09-10T15:37:36Z",
        "value": "0.953603331",
        "cumulative": false
    },
    {
        "date": "2020-09-10T15:37:53Z",
        "value": "0.723235738",
        "cumulative": false
    },
    {
        "date": "2020-09-10T15:38:09Z",
        "value": "0.947270733",
        "cumulative": false
    },
    {
        "date": "2020-09-10T15:38:28Z",
        "value": "0.999086035",
        "cumulative": false
    },
    {
        "date": "2020-09-10T15:38:42Z",
        "value": "0.831612942",
        "cumulative": false
    },
    {
        "date": "2020-09-10T15:38:59Z",
        "value": "0.705341027",
        "cumulative": false
    },
    {
        "date": "2020-09-10T15:39:15Z",
        "value": "0.941179641",
        "cumulative": false
    },
    {
        "date": "2020-09-10T15:39:27Z",
        "value": "0.952920307",
        "cumulative": false
    },
    {
        "date": "2020-09-10T15:39:38Z",
        "value": "0.959852113",
        "cumulative": false
    },
    {
        "date": "2020-09-10T15:39:54Z",
        "value": "0.858908834",
        "cumulative": false
    },
    {
        "date": "2020-09-10T15:40:05Z",
        "value": "0.741994822",
        "cumulative": false
    },
    {
        "date": "2020-09-10T15:40:21Z",
        "value": "0.704101792",
        "cumulative": false
    },
    {
        "date": "2020-09-10T15:40:36Z",
        "value": "0.935615874",
        "cumulative": false
    },
    {
        "date": "2020-09-10T15:40:54Z",
        "value": "0.957114222",
        "cumulative": false
    },
    {
        "date": "2020-09-10T15:41:07Z",
        "value": "0.914908101",
        "cumulative": false
    },
    {
        "date": "2020-09-10T15:41:22Z",
        "value": "0.94992122",
        "cumulative": false
    },
    {
        "date": "2020-09-10T15:41:38Z",
        "value": "0.807016752",
        "cumulative": false
    },
    {
        "date": "2020-09-10T15:41:52Z",
        "value": "0.736833052",
        "cumulative": false
    },
    {
        "date": "2020-09-10T15:42:08Z",
        "value": "0.828004764",
        "cumulative": false
    },
    {
        "date": "2020-09-10T15:42:26Z",
        "value": "0.940066673",
        "cumulative": false
    },
    {
        "date": "2020-09-10T15:42:37Z",
        "value": "0.954295802",
        "cumulative": false
    },
    {
        "date": "2020-09-10T15:42:54Z",
        "value": "0.943518668",
        "cumulative": false
    },
    {
        "date": "2020-09-10T15:43:09Z",
        "value": "0.955499455",
        "cumulative": false
    },
    {
        "date": "2020-09-10T15:43:20Z",
        "value": "0.950218189",
        "cumulative": false
    },
    {
        "date": "2020-09-10T15:43:40Z",
        "value": "0.807846838",
        "cumulative": false
    },
    {
        "date": "2020-09-10T15:43:59Z",
        "value": "0.843204014",
        "cumulative": false
    },
    {
        "date": "2020-09-10T15:44:19Z",
        "value": "0.855631802",
        "cumulative": false
    },
    {
        "date": "2020-09-10T15:44:33Z",
        "value": "0.945140639",
        "cumulative": false
    },
    {
        "date": "2020-09-10T15:44:53Z",
        "value": "0.953764778",
        "cumulative": false
    },
    {
        "date": "2020-09-10T15:45:05Z",
        "value": "0.948514785",
        "cumulative": false
    },
    {
        "date": "2020-09-10T15:45:23Z",
        "value": "0.943518409",
        "cumulative": false
    },
    {
        "date": "2020-09-10T15:45:38Z",
        "value": "0.924858108",
        "cumulative": false
    },
    {
        "date": "2020-09-10T15:45:50Z",
        "value": "0.961118107",
        "cumulative": false
    },
    {
        "date": "2020-09-10T15:46:07Z",
        "value": "0.783059526",
        "cumulative": false
    },
    {
        "date": "2020-09-10T15:46:20Z",
        "value": "0.73442771",
        "cumulative": false
    },
    {
        "date": "2020-09-10T15:46:33Z",
        "value": "0.761583261",
        "cumulative": false
    },
    {
        "date": "2020-09-10T15:46:45Z",
        "value": "0.742234931",
        "cumulative": false
    },
    {
        "date": "2020-09-10T15:47:03Z",
        "value": "0.801672021",
        "cumulative": false
    },
    {
        "date": "2020-09-10T15:47:22Z",
        "value": "0.945472725",
        "cumulative": false
    },
    {
        "date": "2020-09-10T15:47:34Z",
        "value": "0.953919259",
        "cumulative": false
    },
    {
        "date": "2020-09-10T15:47:52Z",
        "value": "0.957880705",
        "cumulative": false
    },
    {
        "date": "2020-09-10T15:48:08Z",
        "value": "0.938374329",
        "cumulative": false
    },
    {
        "date": "2020-09-10T15:48:23Z",
        "value": "0.961515146",
        "cumulative": false
    },
    {
        "date": "2020-09-10T15:48:42Z",
        "value": "0.941342405",
        "cumulative": false
    },
    {
        "date": "2020-09-10T15:49:00Z",
        "value": "0.963832283",
        "cumulative": false
    },
    {
        "date": "2020-09-10T15:49:18Z",
        "value": "0.787371661",
        "cumulative": false
    },
    {
        "date": "2020-09-10T15:49:35Z",
        "value": "0.720520338",
        "cumulative": false
    },
    {
        "date": "2020-09-10T15:49:46Z",
        "value": "0.70544494",
        "cumulative": false
    },
    {
        "date": "2020-09-10T15:49:57Z",
        "value": "0.715737094",
        "cumulative": false
    },
    {
        "date": "2020-09-10T15:50:12Z",
        "value": "0.712333896",
        "cumulative": false
    },
    {
        "date": "2020-09-10T15:50:25Z",
        "value": "0.727201215",
        "cumulative": false
    },
    {
        "date": "2020-09-10T15:50:42Z",
        "value": "0.898802089",
        "cumulative": false
    },
    {
        "date": "2020-09-10T15:50:53Z",
        "value": "0.909571305",
        "cumulative": false
    },
    {
        "date": "2020-09-10T15:51:05Z",
        "value": "0.953165996",
        "cumulative": false
    },
    {
        "date": "2020-09-10T15:51:22Z",
        "value": "0.95348939",
        "cumulative": false
    },
    {
        "date": "2020-09-10T15:51:38Z",
        "value": "0.951816485",
        "cumulative": false
    },
    {
        "date": "2020-09-10T15:51:49Z",
        "value": "0.944878203",
        "cumulative": false
    },
    {
        "date": "2020-09-10T15:52:00Z",
        "value": "0.946933386",
        "cumulative": false
    },
    {
        "date": "2020-09-10T15:52:18Z",
        "value": "0.935516141",
        "cumulative": false
    },
    {
        "date": "2020-09-10T15:52:32Z",
        "value": "0.943654146",
        "cumulative": false
    },
    {
        "date": "2020-09-10T15:52:52Z",
        "value": "0.95008676",
        "cumulative": false
    },
    {
        "date": "2020-09-10T15:53:11Z",
        "value": "0.907923175",
        "cumulative": false
    },
    {
        "date": "2020-09-10T15:53:24Z",
        "value": "0.752356229",
        "cumulative": false
    },
    {
        "date": "2020-09-10T15:53:43Z",
        "value": "0.742803515",
        "cumulative": false
    },
    {
        "date": "2020-09-10T15:53:59Z",
        "value": "0.773791824",
        "cumulative": false
    },
    {
        "date": "2020-09-10T15:54:12Z",
        "value": "0.752082317",
        "cumulative": false
    },
    {
        "date": "2020-09-10T15:54:29Z",
        "value": "0.750222951",
        "cumulative": false
    }
]