[
    {
        "date": "2020-09-10T15:33:59Z",
        "value": "14.079322814941406",
        "cumulative": true
    },
    {
        "date": "2020-09-10T15:34:13Z",
        "value": "1331.1778373718262",
        "cumulative": true
    },
    {
        "date": "2020-09-10T15:34:31Z",
        "value": "3924.63161945343",
        "cumulative": true
    },
    {
        "date": "2020-09-10T15:34:47Z",
        "value": "6147.413003921509",
        "cumulative": true
    },
    {
        "date": "2020-09-10T15:35:03Z",
        "value": "8114.532431602478",
        "cumulative": true
    },
    {
        "date": "2020-09-10T15:35:21Z",
        "value": "10255.574690818787",
        "cumulative": true
    },
    {
        "date": "2020-09-10T15:35:34Z",
        "value": "12550.699975967407",
        "cumulative": true
    },
    {
        "date": "2020-09-10T15:35:47Z",
        "value": "13351.443525314331",
        "cumulative": true
    },
    {
        "date": "2020-09-10T15:36:05Z",
        "value": "16267.997186660767",
        "cumulative": true
    },
    {
        "date": "2020-09-10T15:36:24Z",
        "value": "19562.038710594177",
        "cumulative": true
    },
    {
        "date": "2020-09-10T15:36:42Z",
        "value": "20965.516705513",
        "cumulative": true
    },
    {
        "date": "2020-09-10T15:36:59Z",
        "value": "23840.29918861389",
        "cumulative": true
    },
    {
        "date": "2020-09-10T15:37:16Z",
        "value": "25764.60328388214",
        "cumulative": true
    },
    {
        "date": "2020-09-10T15:37:33Z",
        "value": "26862.09678554535",
        "cumulative": true
    },
    {
        "date": "2020-09-10T15:37:44Z",
        "value": "29191.188535690308",
        "cumulative": true
    },
    {
        "date": "2020-09-10T15:38:04Z",
        "value": "32179.096536636353",
        "cumulative": true
    },
    {
        "date": "2020-09-10T15:38:14Z",
        "value": "32837.96586608887",
        "cumulative": true
    },
    {
        "date": "2020-09-10T15:38:28Z",
        "value": "33731.18414115906",
        "cumulative": true
    },
    {
        "date": "2020-09-10T15:38:48Z",
        "value": "37471.838817596436",
        "cumulative": true
    },
    {
        "date": "2020-09-10T15:39:06Z",
        "value": "40414.60331535339",
        "cumulative": true
    },
    {
        "date": "2020-09-10T15:39:18Z",
        "value": "41117.057178497314",
        "cumulative": true
    },
    {
        "date": "2020-09-10T15:39:30Z",
        "value": "41862.65498542786",
        "cumulative": true
    },
    {
        "date": "2020-09-10T15:39:48Z",
        "value": "43170.12536525726",
        "cumulative": true
    },
    {
        "date": "2020-09-10T15:40:00Z",
        "value": "45808.65030384064",
        "cumulative": true
    },
    {
        "date": "2020-09-10T15:40:17Z",
        "value": "49620.71225833893",
        "cumulative": true
    },
    {
        "date": "2020-09-10T15:40:36Z",
        "value": "51383.20498085022",
        "cumulative": true
    },
    {
        "date": "2020-09-10T15:40:48Z",
        "value": "52096.216857910156",
        "cumulative": true
    },
    {
        "date": "2020-09-10T15:40:59Z",
        "value": "52735.88647651672",
        "cumulative": true
    },
    {
        "date": "2020-09-10T15:41:18Z",
        "value": "53899.240003585815",
        "cumulative": true
    },
    {
        "date": "2020-09-10T15:41:38Z",
        "value": "57500.35044670105",
        "cumulative": true
    },
    {
        "date": "2020-09-10T15:41:48Z",
        "value": "59782.907918930054",
        "cumulative": true
    },
    {
        "date": "2020-09-10T15:42:06Z",
        "value": "63848.46398830414",
        "cumulative": true
    },
    {
        "date": "2020-09-10T15:42:17Z",
        "value": "64554.091378211975",
        "cumulative": true
    },
    {
        "date": "2020-09-10T15:42:31Z",
        "value": "65363.39783000946",
        "cumulative": true
    },
    {
        "date": "2020-09-10T15:42:51Z",
        "value": "66502.58777713776",
        "cumulative": true
    },
    {
        "date": "2020-09-10T15:43:04Z",
        "value": "67324.42208957672",
        "cumulative": true
    },
    {
        "date": "2020-09-10T15:43:19Z",
        "value": "68206.08107852936",
        "cumulative": true
    },
    {
        "date": "2020-09-10T15:43:38Z",
        "value": "71970.69063568115",
        "cumulative": true
    },
    {
        "date": "2020-09-10T15:43:53Z",
        "value": "75808.46702194214",
        "cumulative": true
    },
    {
        "date": "2020-09-10T15:44:07Z",
        "value": "79521.26789474487",
        "cumulative": true
    },
    {
        "date": "2020-09-10T15:44:23Z",
        "value": "81201.22786712646",
        "cumulative": true
    },
    {
        "date": "2020-09-10T15:44:35Z",
        "value": "81887.89925765991",
        "cumulative": true
    },
    {
        "date": "2020-09-10T15:44:55Z",
        "value": "83068.20909690857",
        "cumulative": true
    },
    {
        "date": "2020-09-10T15:45:14Z",
        "value": "84252.35809326172",
        "cumulative": true
    },
    {
        "date": "2020-09-10T15:45:34Z",
        "value": "85388.8570022583",
        "cumulative": true
    },
    {
        "date": "2020-09-10T15:45:54Z",
        "value": "86783.39925670624",
        "cumulative": true
    },
    {
        "date": "2020-09-10T15:46:13Z",
        "value": "91468.5979604721",
        "cumulative": true
    },
    {
        "date": "2020-09-10T15:46:31Z",
        "value": "95561.633477211",
        "cumulative": true
    },
    {
        "date": "2020-09-10T15:46:46Z",
        "value": "99345.49838161469",
        "cumulative": true
    },
    {
        "date": "2020-09-10T15:47:03Z",
        "value": "101993.40100193024",
        "cumulative": true
    },
    {
        "date": "2020-09-10T15:47:13Z",
        "value": "102599.35810184479",
        "cumulative": true
    },
    {
        "date": "2020-09-10T15:47:28Z",
        "value": "103506.37624835968",
        "cumulative": true
    },
    {
        "date": "2020-09-10T15:47:41Z",
        "value": "104216.537150383",
        "cumulative": true
    },
    {
        "date": "2020-09-10T15:47:58Z",
        "value": "105253.35548305511",
        "cumulative": true
    },
    {
        "date": "2020-09-10T15:48:10Z",
        "value": "106001.95301532745",
        "cumulative": true
    },
    {
        "date": "2020-09-10T15:48:22Z",
        "value": "106681.65963459015",
        "cumulative": true
    },
    {
        "date": "2020-09-10T15:48:36Z",
        "value": "107511.38609409332",
        "cumulative": true
    },
    {
        "date": "2020-09-10T15:48:47Z",
        "value": "108145.62409305573",
        "cumulative": true
    },
    {
        "date": "2020-09-10T15:49:02Z",
        "value": "109066.35395717621",
        "cumulative": true
    },
    {
        "date": "2020-09-10T15:49:21Z",
        "value": "113195.3806438446",
        "cumulative": true
    },
    {
        "date": "2020-09-10T15:49:39Z",
        "value": "117419.16662025452",
        "cumulative": true
    },
    {
        "date": "2020-09-10T15:49:57Z",
        "value": "121250.6824874878",
        "cumulative": true
    },
    {
        "date": "2020-09-10T15:50:15Z",
        "value": "125329.47040176392",
        "cumulative": true
    },
    {
        "date": "2020-09-10T15:50:27Z",
        "value": "128043.97703170776",
        "cumulative": true
    },
    {
        "date": "2020-09-10T15:50:40Z",
        "value": "129032.78243637085",
        "cumulative": true
    },
    {
        "date": "2020-09-10T15:50:51Z",
        "value": "129677.79921913147",
        "cumulative": true
    },
    {
        "date": "2020-09-10T15:51:05Z",
        "value": "130487.73692703247",
        "cumulative": true
    },
    {
        "date": "2020-09-10T15:51:21Z",
        "value": "131414.0692615509",
        "cumulative": true
    },
    {
        "date": "2020-09-10T15:51:31Z",
        "value": "132064.56835746765",
        "cumulative": true
    },
    {
        "date": "2020-09-10T15:51:48Z",
        "value": "133020.99410820007",
        "cumulative": true
    },
    {
        "date": "2020-09-10T15:51:58Z",
        "value": "133689.06719589233",
        "cumulative": true
    },
    {
        "date": "2020-09-10T15:52:16Z",
        "value": "134742.28514289856",
        "cumulative": true
    },
    {
        "date": "2020-09-10T15:52:28Z",
        "value": "135409.62837219238",
        "cumulative": true
    },
    {
        "date": "2020-09-10T15:52:39Z",
        "value": "136078.78419303894",
        "cumulative": true
    },
    {
        "date": "2020-09-10T15:52:58Z",
        "value": "137223.25465774536",
        "cumulative": true
    },
    {
        "date": "2020-09-10T15:53:17Z",
        "value": "139582.12744998932",
        "cumulative": true
    },
    {
        "date": "2020-09-10T15:53:27Z",
        "value": "142000.52870845795",
        "cumulative": true
    },
    {
        "date": "2020-09-10T15:53:44Z",
        "value": "146103.75230121613",
        "cumulative": true
    },
    {
        "date": "2020-09-10T15:54:00Z",
        "value": "149730.44254398346",
        "cumulative": true
    },
    {
        "date": "2020-09-10T15:54:18Z",
        "value": "153965.32944583893",
        "cumulative": true
    },
    {
        "date": "2020-09-10T15:54:34Z",
        "value": "157639.9001340866",
        "cumulative": true
    }
]