[
    {
        "date": "2020-09-10T15:34:00Z",
        "value": "57.63591766357422",
        "cumulative": true
    },
    {
        "date": "2020-09-10T15:34:19Z",
        "value": "2203.879991531372",
        "cumulative": true
    },
    {
        "date": "2020-09-10T15:34:33Z",
        "value": "4054.136950492859",
        "cumulative": true
    },
    {
        "date": "2020-09-10T15:34:53Z",
        "value": "6610.9200649261475",
        "cumulative": true
    },
    {
        "date": "2020-09-10T15:35:13Z",
        "value": "9407.124684333801",
        "cumulative": true
    },
    {
        "date": "2020-09-10T15:35:29Z",
        "value": "11540.289484024048",
        "cumulative": true
    },
    {
        "date": "2020-09-10T15:35:41Z",
        "value": "12962.483598709106",
        "cumulative": true
    },
    {
        "date": "2020-09-10T15:35:54Z",
        "value": "15111.18989276886",
        "cumulative": true
    },
    {
        "date": "2020-09-10T15:36:04Z",
        "value": "16259.137812614441",
        "cumulative": true
    },
    {
        "date": "2020-09-10T15:36:21Z",
        "value": "18607.743372917175",
        "cumulative": true
    },
    {
        "date": "2020-09-10T15:36:36Z",
        "value": "20567.51740550995",
        "cumulative": true
    },
    {
        "date": "2020-09-10T15:36:52Z",
        "value": "22339.490524291992",
        "cumulative": true
    },
    {
        "date": "2020-09-10T15:37:04Z",
        "value": "25038.69694519043",
        "cumulative": true
    },
    {
        "date": "2020-09-10T15:37:23Z",
        "value": "26225.53859424591",
        "cumulative": true
    },
    {
        "date": "2020-09-10T15:37:35Z",
        "value": "27000.35622215271",
        "cumulative": true
    },
    {
        "date": "2020-09-10T15:37:53Z",
        "value": "31164.794006347656",
        "cumulative": true
    },
    {
        "date": "2020-09-10T15:38:12Z",
        "value": "32687.286922454834",
        "cumulative": true
    },
    {
        "date": "2020-09-10T15:38:30Z",
        "value": "33839.83367919922",
        "cumulative": true
    },
    {
        "date": "2020-09-10T15:38:48Z",
        "value": "37581.230474472046",
        "cumulative": true
    },
    {
        "date": "2020-09-10T15:38:59Z",
        "value": "39969.20979690552",
        "cumulative": true
    },
    {
        "date": "2020-09-10T15:39:12Z",
        "value": "40741.68815612793",
        "cumulative": true
    },
    {
        "date": "2020-09-10T15:39:26Z",
        "value": "41632.95025444031",
        "cumulative": true
    },
    {
        "date": "2020-09-10T15:39:45Z",
        "value": "42791.42949295044",
        "cumulative": true
    },
    {
        "date": "2020-09-10T15:40:05Z",
        "value": "47003.65502166748",
        "cumulative": true
    },
    {
        "date": "2020-09-10T15:40:16Z",
        "value": "49529.11035346985",
        "cumulative": true
    },
    {
        "date": "2020-09-10T15:40:28Z",
        "value": "50922.655259132385",
        "cumulative": true
    },
    {
        "date": "2020-09-10T15:40:40Z",
        "value": "51573.18936061859",
        "cumulative": true
    },
    {
        "date": "2020-09-10T15:40:50Z",
        "value": "52233.16000843048",
        "cumulative": true
    },
    {
        "date": "2020-09-10T15:41:05Z",
        "value": "53061.130719184875",
        "cumulative": true
    },
    {
        "date": "2020-09-10T15:41:22Z",
        "value": "54073.19319438934",
        "cumulative": true
    },
    {
        "date": "2020-09-10T15:41:35Z",
        "value": "56849.08637428284",
        "cumulative": true
    },
    {
        "date": "2020-09-10T15:41:49Z",
        "value": "60218.793186187744",
        "cumulative": true
    },
    {
        "date": "2020-09-10T15:42:00Z",
        "value": "62901.16324043274",
        "cumulative": true
    },
    {
        "date": "2020-09-10T15:42:19Z",
        "value": "64597.22071456909",
        "cumulative": true
    },
    {
        "date": "2020-09-10T15:42:36Z",
        "value": "65604.28751754761",
        "cumulative": true
    },
    {
        "date": "2020-09-10T15:42:48Z",
        "value": "66326.01351165771",
        "cumulative": true
    },
    {
        "date": "2020-09-10T15:43:00Z",
        "value": "67049.9955368042",
        "cumulative": true
    },
    {
        "date": "2020-09-10T15:43:15Z",
        "value": "67951.4574584961",
        "cumulative": true
    },
    {
        "date": "2020-09-10T15:43:26Z",
        "value": "69141.92261791229",
        "cumulative": true
    },
    {
        "date": "2020-09-10T15:43:43Z",
        "value": "73141.15177440643",
        "cumulative": true
    },
    {
        "date": "2020-09-10T15:43:57Z",
        "value": "76866.34318637848",
        "cumulative": true
    },
    {
        "date": "2020-09-10T15:44:14Z",
        "value": "80640.56103992462",
        "cumulative": true
    },
    {
        "date": "2020-09-10T15:44:24Z",
        "value": "81239.09715747833",
        "cumulative": true
    },
    {
        "date": "2020-09-10T15:44:44Z",
        "value": "82385.42977428436",
        "cumulative": true
    },
    {
        "date": "2020-09-10T15:45:02Z",
        "value": "83510.82986354828",
        "cumulative": true
    },
    {
        "date": "2020-09-10T15:45:20Z",
        "value": "84548.04262065887",
        "cumulative": true
    },
    {
        "date": "2020-09-10T15:45:33Z",
        "value": "85309.98833560944",
        "cumulative": true
    },
    {
        "date": "2020-09-10T15:45:49Z",
        "value": "86278.58579730988",
        "cumulative": true
    },
    {
        "date": "2020-09-10T15:46:09Z",
        "value": "90654.08205223083",
        "cumulative": true
    },
    {
        "date": "2020-09-10T15:46:20Z",
        "value": "93091.58115959167",
        "cumulative": true
    },
    {
        "date": "2020-09-10T15:46:31Z",
        "value": "95563.31878089905",
        "cumulative": true
    },
    {
        "date": "2020-09-10T15:46:49Z",
        "value": "100074.90733718872",
        "cumulative": true
    },
    {
        "date": "2020-09-10T15:47:07Z",
        "value": "102193.41616821289",
        "cumulative": true
    },
    {
        "date": "2020-09-10T15:47:20Z",
        "value": "102977.77745056152",
        "cumulative": true
    },
    {
        "date": "2020-09-10T15:47:31Z",
        "value": "103602.84236526489",
        "cumulative": true
    },
    {
        "date": "2020-09-10T15:47:44Z",
        "value": "104409.43043136597",
        "cumulative": true
    },
    {
        "date": "2020-09-10T15:48:00Z",
        "value": "105367.1948337555",
        "cumulative": true
    },
    {
        "date": "2020-09-10T15:48:11Z",
        "value": "105979.42724609375",
        "cumulative": true
    },
    {
        "date": "2020-09-10T15:48:23Z",
        "value": "106724.2071018219",
        "cumulative": true
    },
    {
        "date": "2020-09-10T15:48:36Z",
        "value": "107509.14083862305",
        "cumulative": true
    },
    {
        "date": "2020-09-10T15:48:51Z",
        "value": "108408.38269424438",
        "cumulative": true
    },
    {
        "date": "2020-09-10T15:49:10Z",
        "value": "110488.85789203644",
        "cumulative": true
    },
    {
        "date": "2020-09-10T15:49:29Z",
        "value": "115002.45228481293",
        "cumulative": true
    },
    {
        "date": "2020-09-10T15:49:49Z",
        "value": "119454.30139446259",
        "cumulative": true
    },
    {
        "date": "2020-09-10T15:50:08Z",
        "value": "123823.97140216827",
        "cumulative": true
    },
    {
        "date": "2020-09-10T15:50:19Z",
        "value": "126205.33955097198",
        "cumulative": true
    },
    {
        "date": "2020-09-10T15:50:36Z",
        "value": "128736.75298023224",
        "cumulative": true
    },
    {
        "date": "2020-09-10T15:50:55Z",
        "value": "129843.94085979462",
        "cumulative": true
    },
    {
        "date": "2020-09-10T15:51:08Z",
        "value": "130609.00384044647",
        "cumulative": true
    },
    {
        "date": "2020-09-10T15:51:24Z",
        "value": "131574.71331501007",
        "cumulative": true
    },
    {
        "date": "2020-09-10T15:51:36Z",
        "value": "132314.73839855194",
        "cumulative": true
    },
    {
        "date": "2020-09-10T15:51:54Z",
        "value": "133371.3244009018",
        "cumulative": true
    },
    {
        "date": "2020-09-10T15:52:05Z",
        "value": "134035.14201831818",
        "cumulative": true
    },
    {
        "date": "2020-09-10T15:52:18Z",
        "value": "134800.68456554413",
        "cumulative": true
    },
    {
        "date": "2020-09-10T15:52:34Z",
        "value": "135706.81636333466",
        "cumulative": true
    },
    {
        "date": "2020-09-10T15:52:45Z",
        "value": "136366.247300148",
        "cumulative": true
    },
    {
        "date": "2020-09-10T15:52:56Z",
        "value": "137089.77870082855",
        "cumulative": true
    },
    {
        "date": "2020-09-10T15:53:10Z",
        "value": "138095.92081832886",
        "cumulative": true
    },
    {
        "date": "2020-09-10T15:53:29Z",
        "value": "142417.61605072021",
        "cumulative": true
    },
    {
        "date": "2020-09-10T15:53:46Z",
        "value": "146305.44967842102",
        "cumulative": true
    },
    {
        "date": "2020-09-10T15:54:00Z",
        "value": "149872.4168548584",
        "cumulative": true
    },
    {
        "date": "2020-09-10T15:54:14Z",
        "value": "153060.89740371704",
        "cumulative": true
    },
    {
        "date": "2020-09-10T15:54:33Z",
        "value": "157423.91563034058",
        "cumulative": true
    }
]