[
    {
        "date": "2020-09-10T15:33:50Z",
        "value": "1.5",
        "cumulative": false
    },
    {
        "date": "2020-09-10T15:34:03Z",
        "value": "114.84765625",
        "cumulative": false
    },
    {
        "date": "2020-09-10T15:34:18Z",
        "value": "121.7421875",
        "cumulative": false
    },
    {
        "date": "2020-09-10T15:34:32Z",
        "value": "128.5625",
        "cumulative": false
    },
    {
        "date": "2020-09-10T15:34:43Z",
        "value": "135.1484375",
        "cumulative": false
    },
    {
        "date": "2020-09-10T15:34:54Z",
        "value": "139.9140625",
        "cumulative": false
    },
    {
        "date": "2020-09-10T15:35:11Z",
        "value": "146.24609375",
        "cumulative": false
    },
    {
        "date": "2020-09-10T15:35:26Z",
        "value": "153.91796875",
        "cumulative": false
    },
    {
        "date": "2020-09-10T15:35:38Z",
        "value": "153.91796875",
        "cumulative": false
    },
    {
        "date": "2020-09-10T15:35:54Z",
        "value": "163.625",
        "cumulative": false
    },
    {
        "date": "2020-09-10T15:36:11Z",
        "value": "163.625",
        "cumulative": false
    },
    {
        "date": "2020-09-10T15:36:25Z",
        "value": "175.8984375",
        "cumulative": false
    },
    {
        "date": "2020-09-10T15:36:40Z",
        "value": "190.59765625",
        "cumulative": false
    },
    {
        "date": "2020-09-10T15:36:52Z",
        "value": "154.46484375",
        "cumulative": false
    },
    {
        "date": "2020-09-10T15:37:09Z",
        "value": "156.0859375",
        "cumulative": false
    },
    {
        "date": "2020-09-10T15:37:23Z",
        "value": "154.33203125",
        "cumulative": false
    },
    {
        "date": "2020-09-10T15:37:36Z",
        "value": "201.09375",
        "cumulative": false
    },
    {
        "date": "2020-09-10T15:37:53Z",
        "value": "203.21875",
        "cumulative": false
    },
    {
        "date": "2020-09-10T15:38:09Z",
        "value": "163.96484375",
        "cumulative": false
    },
    {
        "date": "2020-09-10T15:38:28Z",
        "value": "209.96484375",
        "cumulative": false
    },
    {
        "date": "2020-09-10T15:38:42Z",
        "value": "246.44140625",
        "cumulative": false
    },
    {
        "date": "2020-09-10T15:38:59Z",
        "value": "238.5",
        "cumulative": false
    },
    {
        "date": "2020-09-10T15:39:15Z",
        "value": "176.3046875",
        "cumulative": false
    },
    {
        "date": "2020-09-10T15:39:27Z",
        "value": "176.3046875",
        "cumulative": false
    },
    {
        "date": "2020-09-10T15:39:38Z",
        "value": "176.3046875",
        "cumulative": false
    },
    {
        "date": "2020-09-10T15:39:54Z",
        "value": "192.05078125",
        "cumulative": false
    },
    {
        "date": "2020-09-10T15:40:05Z",
        "value": "229.65234375",
        "cumulative": false
    },
    {
        "date": "2020-09-10T15:40:21Z",
        "value": "154.64453125",
        "cumulative": false
    },
    {
        "date": "2020-09-10T15:40:36Z",
        "value": "154.6484375",
        "cumulative": false
    },
    {
        "date": "2020-09-10T15:40:54Z",
        "value": "254.9375",
        "cumulative": false
    },
    {
        "date": "2020-09-10T15:41:07Z",
        "value": "154.609375",
        "cumulative": false
    },
    {
        "date": "2020-09-10T15:41:22Z",
        "value": "156.7734375",
        "cumulative": false
    },
    {
        "date": "2020-09-10T15:41:38Z",
        "value": "211.59375",
        "cumulative": false
    },
    {
        "date": "2020-09-10T15:41:52Z",
        "value": "211.68359375",
        "cumulative": false
    },
    {
        "date": "2020-09-10T15:42:08Z",
        "value": "164.42578125",
        "cumulative": false
    },
    {
        "date": "2020-09-10T15:42:26Z",
        "value": "164.52734375",
        "cumulative": false
    },
    {
        "date": "2020-09-10T15:42:37Z",
        "value": "214.046875",
        "cumulative": false
    },
    {
        "date": "2020-09-10T15:42:54Z",
        "value": "256.02734375",
        "cumulative": false
    },
    {
        "date": "2020-09-10T15:43:09Z",
        "value": "288.796875",
        "cumulative": false
    },
    {
        "date": "2020-09-10T15:43:20Z",
        "value": "274.15234375",
        "cumulative": false
    },
    {
        "date": "2020-09-10T15:43:40Z",
        "value": "236.41015625",
        "cumulative": false
    },
    {
        "date": "2020-09-10T15:43:59Z",
        "value": "312.02734375",
        "cumulative": false
    },
    {
        "date": "2020-09-10T15:44:19Z",
        "value": "212.78125",
        "cumulative": false
    },
    {
        "date": "2020-09-10T15:44:33Z",
        "value": "176.90625",
        "cumulative": false
    },
    {
        "date": "2020-09-10T15:44:53Z",
        "value": "176.84375",
        "cumulative": false
    },
    {
        "date": "2020-09-10T15:45:05Z",
        "value": "199.15625",
        "cumulative": false
    },
    {
        "date": "2020-09-10T15:45:23Z",
        "value": "237.46875",
        "cumulative": false
    },
    {
        "date": "2020-09-10T15:45:38Z",
        "value": "176.84375",
        "cumulative": false
    },
    {
        "date": "2020-09-10T15:45:50Z",
        "value": "176.8359375",
        "cumulative": false
    },
    {
        "date": "2020-09-10T15:46:07Z",
        "value": "292.55859375",
        "cumulative": false
    },
    {
        "date": "2020-09-10T15:46:20Z",
        "value": "267.78125",
        "cumulative": false
    },
    {
        "date": "2020-09-10T15:46:33Z",
        "value": "356.75390625",
        "cumulative": false
    },
    {
        "date": "2020-09-10T15:46:45Z",
        "value": "268.90625",
        "cumulative": false
    },
    {
        "date": "2020-09-10T15:47:03Z",
        "value": "224.734375",
        "cumulative": false
    },
    {
        "date": "2020-09-10T15:47:22Z",
        "value": "192.48828125",
        "cumulative": false
    },
    {
        "date": "2020-09-10T15:47:34Z",
        "value": "416.81640625",
        "cumulative": false
    },
    {
        "date": "2020-09-10T15:47:52Z",
        "value": "192.48828125",
        "cumulative": false
    },
    {
        "date": "2020-09-10T15:48:08Z",
        "value": "192.5078125",
        "cumulative": false
    },
    {
        "date": "2020-09-10T15:48:23Z",
        "value": "192.52734375",
        "cumulative": false
    },
    {
        "date": "2020-09-10T15:48:42Z",
        "value": "193.234375",
        "cumulative": false
    },
    {
        "date": "2020-09-10T15:49:00Z",
        "value": "192.5078125",
        "cumulative": false
    },
    {
        "date": "2020-09-10T15:49:18Z",
        "value": "307.203125",
        "cumulative": false
    },
    {
        "date": "2020-09-10T15:49:35Z",
        "value": "307.30859375",
        "cumulative": false
    },
    {
        "date": "2020-09-10T15:49:46Z",
        "value": "361.31640625",
        "cumulative": false
    },
    {
        "date": "2020-09-10T15:49:57Z",
        "value": "307.31640625",
        "cumulative": false
    },
    {
        "date": "2020-09-10T15:50:12Z",
        "value": "461.83203125",
        "cumulative": false
    },
    {
        "date": "2020-09-10T15:50:25Z",
        "value": "307.2890625",
        "cumulative": false
    },
    {
        "date": "2020-09-10T15:50:42Z",
        "value": "212.34765625",
        "cumulative": false
    },
    {
        "date": "2020-09-10T15:50:53Z",
        "value": "212.30859375",
        "cumulative": false
    },
    {
        "date": "2020-09-10T15:51:05Z",
        "value": "212.2734375",
        "cumulative": false
    },
    {
        "date": "2020-09-10T15:51:22Z",
        "value": "384.3984375",
        "cumulative": false
    },
    {
        "date": "2020-09-10T15:51:38Z",
        "value": "212.30859375",
        "cumulative": false
    },
    {
        "date": "2020-09-10T15:51:49Z",
        "value": "212.2734375",
        "cumulative": false
    },
    {
        "date": "2020-09-10T15:52:00Z",
        "value": "212.30859375",
        "cumulative": false
    },
    {
        "date": "2020-09-10T15:52:18Z",
        "value": "372.14453125",
        "cumulative": false
    },
    {
        "date": "2020-09-10T15:52:32Z",
        "value": "336.2734375",
        "cumulative": false
    },
    {
        "date": "2020-09-10T15:52:52Z",
        "value": "212.30859375",
        "cumulative": false
    },
    {
        "date": "2020-09-10T15:53:11Z",
        "value": "357.0859375",
        "cumulative": false
    },
    {
        "date": "2020-09-10T15:53:24Z",
        "value": "514.3125",
        "cumulative": false
    },
    {
        "date": "2020-09-10T15:53:43Z",
        "value": "401.58203125",
        "cumulative": false
    },
    {
        "date": "2020-09-10T15:53:59Z",
        "value": "468.9609375",
        "cumulative": false
    },
    {
        "date": "2020-09-10T15:54:12Z",
        "value": "527.20703125",
        "cumulative": false
    },
    {
        "date": "2020-09-10T15:54:29Z",
        "value": "357.19921875",
        "cumulative": false
    }
]