[
    {
        "date": "2020-09-10T15:33:59Z",
        "value": "13.906560897827148",
        "cumulative": true
    },
    {
        "date": "2020-09-10T15:34:13Z",
        "value": "1330.5530471801758",
        "cumulative": true
    },
    {
        "date": "2020-09-10T15:34:31Z",
        "value": "3919.4533491134644",
        "cumulative": true
    },
    {
        "date": "2020-09-10T15:34:47Z",
        "value": "6145.604904174805",
        "cumulative": true
    },
    {
        "date": "2020-09-10T15:35:03Z",
        "value": "8106.46228313446",
        "cumulative": true
    },
    {
        "date": "2020-09-10T15:35:21Z",
        "value": "10246.90862941742",
        "cumulative": true
    },
    {
        "date": "2020-09-10T15:35:34Z",
        "value": "12538.995794296265",
        "cumulative": true
    },
    {
        "date": "2020-09-10T15:35:47Z",
        "value": "13338.932516098022",
        "cumulative": true
    },
    {
        "date": "2020-09-10T15:36:05Z",
        "value": "16248.450241088867",
        "cumulative": true
    },
    {
        "date": "2020-09-10T15:36:24Z",
        "value": "19532.93375492096",
        "cumulative": true
    },
    {
        "date": "2020-09-10T15:36:42Z",
        "value": "20936.796067237854",
        "cumulative": true
    },
    {
        "date": "2020-09-10T15:36:59Z",
        "value": "23813.39439201355",
        "cumulative": true
    },
    {
        "date": "2020-09-10T15:37:16Z",
        "value": "25740.081292152405",
        "cumulative": true
    },
    {
        "date": "2020-09-10T15:37:33Z",
        "value": "26837.047350883484",
        "cumulative": true
    },
    {
        "date": "2020-09-10T15:37:44Z",
        "value": "29165.93637084961",
        "cumulative": true
    },
    {
        "date": "2020-09-10T15:38:04Z",
        "value": "32154.211530685425",
        "cumulative": true
    },
    {
        "date": "2020-09-10T15:38:14Z",
        "value": "32812.380725860596",
        "cumulative": true
    },
    {
        "date": "2020-09-10T15:38:28Z",
        "value": "33705.78465270996",
        "cumulative": true
    },
    {
        "date": "2020-09-10T15:38:48Z",
        "value": "37448.90845680237",
        "cumulative": true
    },
    {
        "date": "2020-09-10T15:39:06Z",
        "value": "40385.92167854309",
        "cumulative": true
    },
    {
        "date": "2020-09-10T15:39:18Z",
        "value": "41088.33981132507",
        "cumulative": true
    },
    {
        "date": "2020-09-10T15:39:30Z",
        "value": "41832.317068099976",
        "cumulative": true
    },
    {
        "date": "2020-09-10T15:39:48Z",
        "value": "43141.49508190155",
        "cumulative": true
    },
    {
        "date": "2020-09-10T15:40:00Z",
        "value": "45781.97662258148",
        "cumulative": true
    },
    {
        "date": "2020-09-10T15:40:17Z",
        "value": "49595.545590400696",
        "cumulative": true
    },
    {
        "date": "2020-09-10T15:40:36Z",
        "value": "51357.85472679138",
        "cumulative": true
    },
    {
        "date": "2020-09-10T15:40:48Z",
        "value": "52071.625940322876",
        "cumulative": true
    },
    {
        "date": "2020-09-10T15:40:59Z",
        "value": "52707.95864486694",
        "cumulative": true
    },
    {
        "date": "2020-09-10T15:41:18Z",
        "value": "53871.131956100464",
        "cumulative": true
    },
    {
        "date": "2020-09-10T15:41:38Z",
        "value": "57467.87718963623",
        "cumulative": true
    },
    {
        "date": "2020-09-10T15:41:48Z",
        "value": "59755.03568458557",
        "cumulative": true
    },
    {
        "date": "2020-09-10T15:42:06Z",
        "value": "63815.717089653015",
        "cumulative": true
    },
    {
        "date": "2020-09-10T15:42:17Z",
        "value": "64521.76454257965",
        "cumulative": true
    },
    {
        "date": "2020-09-10T15:42:31Z",
        "value": "65329.56418132782",
        "cumulative": true
    },
    {
        "date": "2020-09-10T15:42:51Z",
        "value": "66467.83440303802",
        "cumulative": true
    },
    {
        "date": "2020-09-10T15:43:04Z",
        "value": "67289.2830286026",
        "cumulative": true
    },
    {
        "date": "2020-09-10T15:43:19Z",
        "value": "68170.9906835556",
        "cumulative": true
    },
    {
        "date": "2020-09-10T15:43:38Z",
        "value": "71937.33778762817",
        "cumulative": true
    },
    {
        "date": "2020-09-10T15:43:53Z",
        "value": "75767.53131484985",
        "cumulative": true
    },
    {
        "date": "2020-09-10T15:44:07Z",
        "value": "79485.35502243042",
        "cumulative": true
    },
    {
        "date": "2020-09-10T15:44:23Z",
        "value": "81162.86156654358",
        "cumulative": true
    },
    {
        "date": "2020-09-10T15:44:35Z",
        "value": "81850.46360969543",
        "cumulative": true
    },
    {
        "date": "2020-09-10T15:44:55Z",
        "value": "83030.83907318115",
        "cumulative": true
    },
    {
        "date": "2020-09-10T15:45:14Z",
        "value": "84212.88939285278",
        "cumulative": true
    },
    {
        "date": "2020-09-10T15:45:34Z",
        "value": "85351.66898727417",
        "cumulative": true
    },
    {
        "date": "2020-09-10T15:45:54Z",
        "value": "86741.97660160065",
        "cumulative": true
    },
    {
        "date": "2020-09-10T15:46:13Z",
        "value": "91419.69428539276",
        "cumulative": true
    },
    {
        "date": "2020-09-10T15:46:31Z",
        "value": "95511.0757112503",
        "cumulative": true
    },
    {
        "date": "2020-09-10T15:46:46Z",
        "value": "99297.75373363495",
        "cumulative": true
    },
    {
        "date": "2020-09-10T15:47:03Z",
        "value": "101953.25059986115",
        "cumulative": true
    },
    {
        "date": "2020-09-10T15:47:13Z",
        "value": "102555.46903705597",
        "cumulative": true
    },
    {
        "date": "2020-09-10T15:47:28Z",
        "value": "103463.21685504913",
        "cumulative": true
    },
    {
        "date": "2020-09-10T15:47:41Z",
        "value": "104171.30989551544",
        "cumulative": true
    },
    {
        "date": "2020-09-10T15:47:58Z",
        "value": "105206.58207416534",
        "cumulative": true
    },
    {
        "date": "2020-09-10T15:48:10Z",
        "value": "105952.03682422638",
        "cumulative": true
    },
    {
        "date": "2020-09-10T15:48:22Z",
        "value": "106631.92491817474",
        "cumulative": true
    },
    {
        "date": "2020-09-10T15:48:36Z",
        "value": "107461.13499736786",
        "cumulative": true
    },
    {
        "date": "2020-09-10T15:48:47Z",
        "value": "108092.90047359467",
        "cumulative": true
    },
    {
        "date": "2020-09-10T15:49:02Z",
        "value": "109012.70184612274",
        "cumulative": true
    },
    {
        "date": "2020-09-10T15:49:21Z",
        "value": "113137.20559310913",
        "cumulative": true
    },
    {
        "date": "2020-09-10T15:49:39Z",
        "value": "117357.15997886658",
        "cumulative": true
    },
    {
        "date": "2020-09-10T15:49:57Z",
        "value": "121193.76647567749",
        "cumulative": true
    },
    {
        "date": "2020-09-10T15:50:15Z",
        "value": "125264.95436859131",
        "cumulative": true
    },
    {
        "date": "2020-09-10T15:50:27Z",
        "value": "127980.6364402771",
        "cumulative": true
    },
    {
        "date": "2020-09-10T15:50:40Z",
        "value": "128971.30634880066",
        "cumulative": true
    },
    {
        "date": "2020-09-10T15:50:51Z",
        "value": "129617.15039253235",
        "cumulative": true
    },
    {
        "date": "2020-09-10T15:51:05Z",
        "value": "130426.71369361877",
        "cumulative": true
    },
    {
        "date": "2020-09-10T15:51:21Z",
        "value": "131349.89146614075",
        "cumulative": true
    },
    {
        "date": "2020-09-10T15:51:31Z",
        "value": "132000.36433792114",
        "cumulative": true
    },
    {
        "date": "2020-09-10T15:51:48Z",
        "value": "132958.4044895172",
        "cumulative": true
    },
    {
        "date": "2020-09-10T15:51:58Z",
        "value": "133623.54537582397",
        "cumulative": true
    },
    {
        "date": "2020-09-10T15:52:16Z",
        "value": "134672.59734725952",
        "cumulative": true
    },
    {
        "date": "2020-09-10T15:52:28Z",
        "value": "135343.42695236206",
        "cumulative": true
    },
    {
        "date": "2020-09-10T15:52:39Z",
        "value": "136012.48179626465",
        "cumulative": true
    },
    {
        "date": "2020-09-10T15:52:58Z",
        "value": "137159.83672714233",
        "cumulative": true
    },
    {
        "date": "2020-09-10T15:53:17Z",
        "value": "139522.03630542755",
        "cumulative": true
    },
    {
        "date": "2020-09-10T15:53:27Z",
        "value": "141938.71476840973",
        "cumulative": true
    },
    {
        "date": "2020-09-10T15:53:44Z",
        "value": "146047.2833185196",
        "cumulative": true
    },
    {
        "date": "2020-09-10T15:54:00Z",
        "value": "149668.89906787872",
        "cumulative": true
    },
    {
        "date": "2020-09-10T15:54:18Z",
        "value": "153905.3440618515",
        "cumulative": true
    },
    {
        "date": "2020-09-10T15:54:34Z",
        "value": "157572.9738702774",
        "cumulative": true
    }
]