[
    {
        "date": "2020-09-11T11:52:03Z",
        "value": "4.00543212890625e-05",
        "cumulative": true
    },
    {
        "date": "2020-09-11T11:52:27Z",
        "value": "4.00543212890625e-05",
        "cumulative": true
    },
    {
        "date": "2020-09-11T11:52:42Z",
        "value": "389.29103088378906",
        "cumulative": true
    },
    {
        "date": "2020-09-11T11:53:02Z",
        "value": "4355.125928878784",
        "cumulative": true
    },
    {
        "date": "2020-09-11T11:53:13Z",
        "value": "6568.436382293701",
        "cumulative": true
    },
    {
        "date": "2020-09-11T11:53:23Z",
        "value": "8540.012188911438",
        "cumulative": true
    },
    {
        "date": "2020-09-11T11:53:40Z",
        "value": "11904.09441947937",
        "cumulative": true
    },
    {
        "date": "2020-09-11T11:53:56Z",
        "value": "15247.121572494507",
        "cumulative": true
    },
    {
        "date": "2020-09-11T11:54:13Z",
        "value": "18965.742748260498",
        "cumulative": true
    },
    {
        "date": "2020-09-11T11:54:29Z",
        "value": "22421.770840644836",
        "cumulative": true
    },
    {
        "date": "2020-09-11T11:54:47Z",
        "value": "25749.32560157776",
        "cumulative": true
    },
    {
        "date": "2020-09-11T11:55:01Z",
        "value": "29811.38247013092",
        "cumulative": true
    },
    {
        "date": "2020-09-11T11:55:15Z",
        "value": "31700.054020881653",
        "cumulative": true
    },
    {
        "date": "2020-09-11T11:55:28Z",
        "value": "34756.73440170288",
        "cumulative": true
    },
    {
        "date": "2020-09-11T11:55:45Z",
        "value": "38567.550364494324",
        "cumulative": true
    },
    {
        "date": "2020-09-11T11:55:58Z",
        "value": "40306.17402744293",
        "cumulative": true
    },
    {
        "date": "2020-09-11T11:56:10Z",
        "value": "43410.61185455322",
        "cumulative": true
    },
    {
        "date": "2020-09-11T11:56:30Z",
        "value": "48166.250217437744",
        "cumulative": true
    },
    {
        "date": "2020-09-11T11:56:44Z",
        "value": "49956.03853225708",
        "cumulative": true
    },
    {
        "date": "2020-09-11T11:57:03Z",
        "value": "54173.056871414185",
        "cumulative": true
    },
    {
        "date": "2020-09-11T11:57:18Z",
        "value": "58064.373695373535",
        "cumulative": true
    },
    {
        "date": "2020-09-11T11:57:33Z",
        "value": "61060.73416137695",
        "cumulative": true
    },
    {
        "date": "2020-09-11T11:57:52Z",
        "value": "63612.11683654785",
        "cumulative": true
    },
    {
        "date": "2020-09-11T11:58:03Z",
        "value": "65558.32417869568",
        "cumulative": true
    },
    {
        "date": "2020-09-11T11:58:21Z",
        "value": "71076.59550857544",
        "cumulative": true
    },
    {
        "date": "2020-09-11T11:58:33Z",
        "value": "74793.16811180115",
        "cumulative": true
    },
    {
        "date": "2020-09-11T11:58:45Z",
        "value": "76766.96779060364",
        "cumulative": true
    },
    {
        "date": "2020-09-11T11:59:04Z",
        "value": "79200.75791931152",
        "cumulative": true
    },
    {
        "date": "2020-09-11T11:59:22Z",
        "value": "81756.60874176025",
        "cumulative": true
    },
    {
        "date": "2020-09-11T11:59:36Z",
        "value": "86111.35410118103",
        "cumulative": true
    },
    {
        "date": "2020-09-11T11:59:55Z",
        "value": "92015.66629981995",
        "cumulative": true
    },
    {
        "date": "2020-09-11T12:00:06Z",
        "value": "95345.19301605225",
        "cumulative": true
    },
    {
        "date": "2020-09-11T12:00:25Z",
        "value": "97965.10263824463",
        "cumulative": true
    },
    {
        "date": "2020-09-11T12:00:45Z",
        "value": "100524.65211677551",
        "cumulative": true
    },
    {
        "date": "2020-09-11T12:01:02Z",
        "value": "103028.59327507019",
        "cumulative": true
    },
    {
        "date": "2020-09-11T12:01:21Z",
        "value": "109299.09683418274",
        "cumulative": true
    },
    {
        "date": "2020-09-11T12:01:37Z",
        "value": "114509.62040138245",
        "cumulative": true
    },
    {
        "date": "2020-09-11T12:01:55Z",
        "value": "120414.50732421875",
        "cumulative": true
    },
    {
        "date": "2020-09-11T12:02:07Z",
        "value": "122030.30494403839",
        "cumulative": true
    },
    {
        "date": "2020-09-11T12:02:17Z",
        "value": "123455.63713550568",
        "cumulative": true
    },
    {
        "date": "2020-09-11T12:02:29Z",
        "value": "124904.87957668304",
        "cumulative": true
    },
    {
        "date": "2020-09-11T12:02:46Z",
        "value": "127164.20556354523",
        "cumulative": true
    },
    {
        "date": "2020-09-11T12:03:02Z",
        "value": "129323.48103809357",
        "cumulative": true
    },
    {
        "date": "2020-09-11T12:03:17Z",
        "value": "133417.96423721313",
        "cumulative": true
    },
    {
        "date": "2020-09-11T12:03:29Z",
        "value": "136827.87652778625",
        "cumulative": true
    },
    {
        "date": "2020-09-11T12:03:40Z",
        "value": "140221.36212921143",
        "cumulative": true
    },
    {
        "date": "2020-09-11T12:03:58Z",
        "value": "145842.26708984375",
        "cumulative": true
    },
    {
        "date": "2020-09-11T12:04:13Z",
        "value": "150541.21828269958",
        "cumulative": true
    },
    {
        "date": "2020-09-11T12:04:28Z",
        "value": "153695.49041557312",
        "cumulative": true
    },
    {
        "date": "2020-09-11T12:04:45Z",
        "value": "156094.66494560242",
        "cumulative": true
    },
    {
        "date": "2020-09-11T12:05:05Z",
        "value": "158815.238363266",
        "cumulative": true
    },
    {
        "date": "2020-09-11T12:05:22Z",
        "value": "161319.7949962616",
        "cumulative": true
    },
    {
        "date": "2020-09-11T12:05:42Z",
        "value": "164587.89671516418",
        "cumulative": true
    },
    {
        "date": "2020-09-11T12:05:59Z",
        "value": "169767.8921546936",
        "cumulative": true
    },
    {
        "date": "2020-09-11T12:06:18Z",
        "value": "175620.8332672119",
        "cumulative": true
    },
    {
        "date": "2020-09-11T12:06:33Z",
        "value": "180198.81449317932",
        "cumulative": true
    },
    {
        "date": "2020-09-11T12:06:53Z",
        "value": "186369.38249397278",
        "cumulative": true
    },
    {
        "date": "2020-09-11T12:07:09Z",
        "value": "191368.62119483948",
        "cumulative": true
    },
    {
        "date": "2020-09-11T12:07:19Z",
        "value": "193230.5474805832",
        "cumulative": true
    },
    {
        "date": "2020-09-11T12:07:32Z",
        "value": "195094.28505039215",
        "cumulative": true
    },
    {
        "date": "2020-09-11T12:07:51Z",
        "value": "197726.84601688385",
        "cumulative": true
    },
    {
        "date": "2020-09-11T12:08:03Z",
        "value": "199542.31667995453",
        "cumulative": true
    },
    {
        "date": "2020-09-11T12:08:22Z",
        "value": "202127.4952363968",
        "cumulative": true
    },
    {
        "date": "2020-09-11T12:08:39Z",
        "value": "204709.270693779",
        "cumulative": true
    },
    {
        "date": "2020-09-11T12:08:54Z",
        "value": "206944.36968803406",
        "cumulative": true
    },
    {
        "date": "2020-09-11T12:09:12Z",
        "value": "212706.56476783752",
        "cumulative": true
    },
    {
        "date": "2020-09-11T12:09:31Z",
        "value": "218554.04468345642",
        "cumulative": true
    },
    {
        "date": "2020-09-11T12:09:48Z",
        "value": "223963.0727710724",
        "cumulative": true
    },
    {
        "date": "2020-09-11T12:10:02Z",
        "value": "228299.71384429932",
        "cumulative": true
    },
    {
        "date": "2020-09-11T12:10:12Z",
        "value": "231548.09431648254",
        "cumulative": true
    },
    {
        "date": "2020-09-11T12:10:23Z",
        "value": "234968.69094467163",
        "cumulative": true
    },
    {
        "date": "2020-09-11T12:10:34Z",
        "value": "238540.02991485596",
        "cumulative": true
    },
    {
        "date": "2020-09-11T12:10:51Z",
        "value": "243149.85043430328",
        "cumulative": true
    },
    {
        "date": "2020-09-11T12:11:02Z",
        "value": "244779.71100711823",
        "cumulative": true
    },
    {
        "date": "2020-09-11T12:11:19Z",
        "value": "247135.3992547989",
        "cumulative": true
    },
    {
        "date": "2020-09-11T12:11:35Z",
        "value": "249492.801445961",
        "cumulative": true
    },
    {
        "date": "2020-09-11T12:11:47Z",
        "value": "251310.1053686142",
        "cumulative": true
    },
    {
        "date": "2020-09-11T12:12:06Z",
        "value": "254039.8237581253",
        "cumulative": true
    },
    {
        "date": "2020-09-11T12:12:18Z",
        "value": "255671.487698555",
        "cumulative": true
    },
    {
        "date": "2020-09-11T12:12:34Z",
        "value": "258212.83774852753",
        "cumulative": true
    },
    {
        "date": "2020-09-11T12:12:50Z",
        "value": "260472.95689487457",
        "cumulative": true
    },
    {
        "date": "2020-09-11T12:13:05Z",
        "value": "264653.5444755554",
        "cumulative": true
    },
    {
        "date": "2020-09-11T12:13:18Z",
        "value": "269195.897315979",
        "cumulative": true
    },
    {
        "date": "2020-09-11T12:13:29Z",
        "value": "272403.4002132416",
        "cumulative": true
    },
    {
        "date": "2020-09-11T12:13:48Z",
        "value": "278748.85379981995",
        "cumulative": true
    },
    {
        "date": "2020-09-11T12:14:03Z",
        "value": "283404.6995410919",
        "cumulative": true
    },
    {
        "date": "2020-09-11T12:14:18Z",
        "value": "288166.53758621216",
        "cumulative": true
    },
    {
        "date": "2020-09-11T12:14:33Z",
        "value": "293029.51610946655",
        "cumulative": true
    },
    {
        "date": "2020-09-11T12:14:50Z",
        "value": "298570.87692451477",
        "cumulative": true
    },
    {
        "date": "2020-09-11T12:15:01Z",
        "value": "302311.66820526123",
        "cumulative": true
    },
    {
        "date": "2020-09-11T12:15:15Z",
        "value": "306768.088763237",
        "cumulative": true
    },
    {
        "date": "2020-09-11T12:15:33Z",
        "value": "309504.97727680206",
        "cumulative": true
    },
    {
        "date": "2020-09-11T12:15:49Z",
        "value": "311786.7777299881",
        "cumulative": true
    },
    {
        "date": "2020-09-11T12:16:04Z",
        "value": "314063.2725687027",
        "cumulative": true
    },
    {
        "date": "2020-09-11T12:16:17Z",
        "value": "315891.94701862335",
        "cumulative": true
    },
    {
        "date": "2020-09-11T12:16:32Z",
        "value": "318181.45936489105",
        "cumulative": true
    },
    {
        "date": "2020-09-11T12:16:50Z",
        "value": "320747.11212062836",
        "cumulative": true
    },
    {
        "date": "2020-09-11T12:17:04Z",
        "value": "322927.2630338669",
        "cumulative": true
    },
    {
        "date": "2020-09-11T12:17:17Z",
        "value": "324805.7408475876",
        "cumulative": true
    },
    {
        "date": "2020-09-11T12:17:33Z",
        "value": "327092.76111888885",
        "cumulative": true
    },
    {
        "date": "2020-09-11T12:17:51Z",
        "value": "329949.0719232559",
        "cumulative": true
    },
    {
        "date": "2020-09-11T12:18:11Z",
        "value": "336790.667014122",
        "cumulative": true
    },
    {
        "date": "2020-09-11T12:18:25Z",
        "value": "341147.27610111237",
        "cumulative": true
    },
    {
        "date": "2020-09-11T12:18:36Z",
        "value": "344608.7218313217",
        "cumulative": true
    },
    {
        "date": "2020-09-11T12:18:51Z",
        "value": "349792.8448648453",
        "cumulative": true
    },
    {
        "date": "2020-09-11T12:19:02Z",
        "value": "353251.69734859467",
        "cumulative": true
    },
    {
        "date": "2020-09-11T12:19:16Z",
        "value": "357956.61164569855",
        "cumulative": true
    },
    {
        "date": "2020-09-11T12:19:34Z",
        "value": "364195.3445749283",
        "cumulative": true
    },
    {
        "date": "2020-09-11T12:19:45Z",
        "value": "367659.5376634598",
        "cumulative": true
    },
    {
        "date": "2020-09-11T12:20:01Z",
        "value": "373430.3748807907",
        "cumulative": true
    },
    {
        "date": "2020-09-11T12:20:12Z",
        "value": "376822.44906139374",
        "cumulative": true
    },
    {
        "date": "2020-09-11T12:20:28Z",
        "value": "382083.99420261383",
        "cumulative": true
    },
    {
        "date": "2020-09-11T12:20:47Z",
        "value": "387565.8825006485",
        "cumulative": true
    },
    {
        "date": "2020-09-11T12:21:01Z",
        "value": "389588.9251394272",
        "cumulative": true
    },
    {
        "date": "2020-09-11T12:21:14Z",
        "value": "391607.24403858185",
        "cumulative": true
    },
    {
        "date": "2020-09-11T12:21:28Z",
        "value": "393623.49872112274",
        "cumulative": true
    },
    {
        "date": "2020-09-11T12:21:46Z",
        "value": "396220.7267408371",
        "cumulative": true
    },
    {
        "date": "2020-09-11T12:22:04Z",
        "value": "398819.845290184",
        "cumulative": true
    },
    {
        "date": "2020-09-11T12:22:20Z",
        "value": "401288.00297641754",
        "cumulative": true
    },
    {
        "date": "2020-09-11T12:22:30Z",
        "value": "402838.35328769684",
        "cumulative": true
    },
    {
        "date": "2020-09-11T12:22:48Z",
        "value": "405429.8337659836",
        "cumulative": true
    },
    {
        "date": "2020-09-11T12:23:03Z",
        "value": "407451.9854917526",
        "cumulative": true
    },
    {
        "date": "2020-09-11T12:23:21Z",
        "value": "410321.31888103485",
        "cumulative": true
    },
    {
        "date": "2020-09-11T12:23:36Z",
        "value": "412569.53730106354",
        "cumulative": true
    },
    {
        "date": "2020-09-11T12:23:54Z",
        "value": "415145.87202358246",
        "cumulative": true
    },
    {
        "date": "2020-09-11T12:24:06Z",
        "value": "416098.04839611053",
        "cumulative": true
    }
]