[
    {
        "date": "2020-09-11T11:52:03Z",
        "value": "0.0009593963623046875",
        "cumulative": true
    },
    {
        "date": "2020-09-11T11:52:27Z",
        "value": "0.0009593963623046875",
        "cumulative": true
    },
    {
        "date": "2020-09-11T11:52:42Z",
        "value": "411.93474769592285",
        "cumulative": true
    },
    {
        "date": "2020-09-11T11:53:02Z",
        "value": "4394.58215045929",
        "cumulative": true
    },
    {
        "date": "2020-09-11T11:53:13Z",
        "value": "6612.5159158706665",
        "cumulative": true
    },
    {
        "date": "2020-09-11T11:53:23Z",
        "value": "8582.046939849854",
        "cumulative": true
    },
    {
        "date": "2020-09-11T11:53:40Z",
        "value": "11949.756194114685",
        "cumulative": true
    },
    {
        "date": "2020-09-11T11:53:56Z",
        "value": "15286.046795845032",
        "cumulative": true
    },
    {
        "date": "2020-09-11T11:54:13Z",
        "value": "19000.058575630188",
        "cumulative": true
    },
    {
        "date": "2020-09-11T11:54:29Z",
        "value": "22460.912225723267",
        "cumulative": true
    },
    {
        "date": "2020-09-11T11:54:47Z",
        "value": "25782.645743370056",
        "cumulative": true
    },
    {
        "date": "2020-09-11T11:55:01Z",
        "value": "29847.848468780518",
        "cumulative": true
    },
    {
        "date": "2020-09-11T11:55:15Z",
        "value": "31738.257928848267",
        "cumulative": true
    },
    {
        "date": "2020-09-11T11:55:28Z",
        "value": "34806.80993747711",
        "cumulative": true
    },
    {
        "date": "2020-09-11T11:55:45Z",
        "value": "38630.51412200928",
        "cumulative": true
    },
    {
        "date": "2020-09-11T11:55:58Z",
        "value": "40375.308769226074",
        "cumulative": true
    },
    {
        "date": "2020-09-11T11:56:10Z",
        "value": "43500.203474998474",
        "cumulative": true
    },
    {
        "date": "2020-09-11T11:56:30Z",
        "value": "48249.30010128021",
        "cumulative": true
    },
    {
        "date": "2020-09-11T11:56:44Z",
        "value": "50038.10063457489",
        "cumulative": true
    },
    {
        "date": "2020-09-11T11:57:03Z",
        "value": "54255.15763378143",
        "cumulative": true
    },
    {
        "date": "2020-09-11T11:57:18Z",
        "value": "58141.77109622955",
        "cumulative": true
    },
    {
        "date": "2020-09-11T11:57:33Z",
        "value": "61138.84211063385",
        "cumulative": true
    },
    {
        "date": "2020-09-11T11:57:52Z",
        "value": "63691.347462654114",
        "cumulative": true
    },
    {
        "date": "2020-09-11T11:58:03Z",
        "value": "65640.72107410431",
        "cumulative": true
    },
    {
        "date": "2020-09-11T11:58:21Z",
        "value": "71156.89337444305",
        "cumulative": true
    },
    {
        "date": "2020-09-11T11:58:33Z",
        "value": "74871.60626888275",
        "cumulative": true
    },
    {
        "date": "2020-09-11T11:58:45Z",
        "value": "76842.69244480133",
        "cumulative": true
    },
    {
        "date": "2020-09-11T11:59:04Z",
        "value": "79276.84951877594",
        "cumulative": true
    },
    {
        "date": "2020-09-11T11:59:22Z",
        "value": "81830.0397348404",
        "cumulative": true
    },
    {
        "date": "2020-09-11T11:59:36Z",
        "value": "86190.19319820404",
        "cumulative": true
    },
    {
        "date": "2020-09-11T11:59:55Z",
        "value": "92081.79028987885",
        "cumulative": true
    },
    {
        "date": "2020-09-11T12:00:06Z",
        "value": "95417.20932483673",
        "cumulative": true
    },
    {
        "date": "2020-09-11T12:00:25Z",
        "value": "98039.95626926422",
        "cumulative": true
    },
    {
        "date": "2020-09-11T12:00:45Z",
        "value": "100613.8982591629",
        "cumulative": true
    },
    {
        "date": "2020-09-11T12:01:02Z",
        "value": "103117.36402225494",
        "cumulative": true
    },
    {
        "date": "2020-09-11T12:01:21Z",
        "value": "109410.53669452667",
        "cumulative": true
    },
    {
        "date": "2020-09-11T12:01:37Z",
        "value": "114627.5171251297",
        "cumulative": true
    },
    {
        "date": "2020-09-11T12:01:55Z",
        "value": "120536.00707530975",
        "cumulative": true
    },
    {
        "date": "2020-09-11T12:02:07Z",
        "value": "122157.28225517273",
        "cumulative": true
    },
    {
        "date": "2020-09-11T12:02:17Z",
        "value": "123581.67101669312",
        "cumulative": true
    },
    {
        "date": "2020-09-11T12:02:29Z",
        "value": "125034.4442577362",
        "cumulative": true
    },
    {
        "date": "2020-09-11T12:02:46Z",
        "value": "127292.81016921997",
        "cumulative": true
    },
    {
        "date": "2020-09-11T12:03:02Z",
        "value": "129454.56858444214",
        "cumulative": true
    },
    {
        "date": "2020-09-11T12:03:17Z",
        "value": "133558.4470720291",
        "cumulative": true
    },
    {
        "date": "2020-09-11T12:03:29Z",
        "value": "136967.53403949738",
        "cumulative": true
    },
    {
        "date": "2020-09-11T12:03:40Z",
        "value": "140362.3844385147",
        "cumulative": true
    },
    {
        "date": "2020-09-11T12:03:58Z",
        "value": "145987.05402088165",
        "cumulative": true
    },
    {
        "date": "2020-09-11T12:04:13Z",
        "value": "150681.5133008957",
        "cumulative": true
    },
    {
        "date": "2020-09-11T12:04:28Z",
        "value": "153840.64079380035",
        "cumulative": true
    },
    {
        "date": "2020-09-11T12:04:45Z",
        "value": "156235.21489810944",
        "cumulative": true
    },
    {
        "date": "2020-09-11T12:05:05Z",
        "value": "158956.48453235626",
        "cumulative": true
    },
    {
        "date": "2020-09-11T12:05:22Z",
        "value": "161454.21386241913",
        "cumulative": true
    },
    {
        "date": "2020-09-11T12:05:42Z",
        "value": "164718.11565113068",
        "cumulative": true
    },
    {
        "date": "2020-09-11T12:05:59Z",
        "value": "169897.56640148163",
        "cumulative": true
    },
    {
        "date": "2020-09-11T12:06:18Z",
        "value": "175753.48503780365",
        "cumulative": true
    },
    {
        "date": "2020-09-11T12:06:33Z",
        "value": "180329.4823217392",
        "cumulative": true
    },
    {
        "date": "2020-09-11T12:06:53Z",
        "value": "186496.24320697784",
        "cumulative": true
    },
    {
        "date": "2020-09-11T12:07:09Z",
        "value": "191498.47287654877",
        "cumulative": true
    },
    {
        "date": "2020-09-11T12:07:19Z",
        "value": "193359.65124702454",
        "cumulative": true
    },
    {
        "date": "2020-09-11T12:07:32Z",
        "value": "195219.4130783081",
        "cumulative": true
    },
    {
        "date": "2020-09-11T12:07:51Z",
        "value": "197848.9235496521",
        "cumulative": true
    },
    {
        "date": "2020-09-11T12:08:03Z",
        "value": "199659.7919883728",
        "cumulative": true
    },
    {
        "date": "2020-09-11T12:08:22Z",
        "value": "202235.91041183472",
        "cumulative": true
    },
    {
        "date": "2020-09-11T12:08:39Z",
        "value": "204809.84003448486",
        "cumulative": true
    },
    {
        "date": "2020-09-11T12:08:54Z",
        "value": "207031.0466852188",
        "cumulative": true
    },
    {
        "date": "2020-09-11T12:09:12Z",
        "value": "212782.03886699677",
        "cumulative": true
    },
    {
        "date": "2020-09-11T12:09:31Z",
        "value": "218632.37486743927",
        "cumulative": true
    },
    {
        "date": "2020-09-11T12:09:48Z",
        "value": "224030.874253273",
        "cumulative": true
    },
    {
        "date": "2020-09-11T12:10:02Z",
        "value": "228370.3635339737",
        "cumulative": true
    },
    {
        "date": "2020-09-11T12:10:12Z",
        "value": "231615.2944574356",
        "cumulative": true
    },
    {
        "date": "2020-09-11T12:10:23Z",
        "value": "235038.43636989594",
        "cumulative": true
    },
    {
        "date": "2020-09-11T12:10:34Z",
        "value": "238599.8959054947",
        "cumulative": true
    },
    {
        "date": "2020-09-11T12:10:51Z",
        "value": "243192.54565620422",
        "cumulative": true
    },
    {
        "date": "2020-09-11T12:11:02Z",
        "value": "244822.15782546997",
        "cumulative": true
    },
    {
        "date": "2020-09-11T12:11:19Z",
        "value": "247175.1539363861",
        "cumulative": true
    },
    {
        "date": "2020-09-11T12:11:35Z",
        "value": "249526.9862384796",
        "cumulative": true
    },
    {
        "date": "2020-09-11T12:11:47Z",
        "value": "251330.9381084442",
        "cumulative": true
    },
    {
        "date": "2020-09-11T12:12:06Z",
        "value": "254039.00638771057",
        "cumulative": true
    },
    {
        "date": "2020-09-11T12:12:18Z",
        "value": "255666.26315307617",
        "cumulative": true
    },
    {
        "date": "2020-09-11T12:12:34Z",
        "value": "258194.9486579895",
        "cumulative": true
    },
    {
        "date": "2020-09-11T12:12:50Z",
        "value": "260441.8200302124",
        "cumulative": true
    },
    {
        "date": "2020-09-11T12:13:05Z",
        "value": "264592.3528356552",
        "cumulative": true
    },
    {
        "date": "2020-09-11T12:13:18Z",
        "value": "269117.63547992706",
        "cumulative": true
    },
    {
        "date": "2020-09-11T12:13:29Z",
        "value": "272311.1707239151",
        "cumulative": true
    },
    {
        "date": "2020-09-11T12:13:48Z",
        "value": "278643.7278738022",
        "cumulative": true
    },
    {
        "date": "2020-09-11T12:14:03Z",
        "value": "283274.6087064743",
        "cumulative": true
    },
    {
        "date": "2020-09-11T12:14:18Z",
        "value": "288029.3945989609",
        "cumulative": true
    },
    {
        "date": "2020-09-11T12:14:33Z",
        "value": "292866.8376779556",
        "cumulative": true
    },
    {
        "date": "2020-09-11T12:14:50Z",
        "value": "298389.65602207184",
        "cumulative": true
    },
    {
        "date": "2020-09-11T12:15:01Z",
        "value": "302111.7536649704",
        "cumulative": true
    },
    {
        "date": "2020-09-11T12:15:15Z",
        "value": "306551.53780937195",
        "cumulative": true
    },
    {
        "date": "2020-09-11T12:15:33Z",
        "value": "309285.4061870575",
        "cumulative": true
    },
    {
        "date": "2020-09-11T12:15:49Z",
        "value": "311565.4488773346",
        "cumulative": true
    },
    {
        "date": "2020-09-11T12:16:04Z",
        "value": "313847.2322406769",
        "cumulative": true
    },
    {
        "date": "2020-09-11T12:16:17Z",
        "value": "315672.13613700867",
        "cumulative": true
    },
    {
        "date": "2020-09-11T12:16:32Z",
        "value": "317960.1790752411",
        "cumulative": true
    },
    {
        "date": "2020-09-11T12:16:50Z",
        "value": "320524.88988494873",
        "cumulative": true
    },
    {
        "date": "2020-09-11T12:17:04Z",
        "value": "322701.6916656494",
        "cumulative": true
    },
    {
        "date": "2020-09-11T12:17:17Z",
        "value": "324578.51394462585",
        "cumulative": true
    },
    {
        "date": "2020-09-11T12:17:33Z",
        "value": "326860.35422325134",
        "cumulative": true
    },
    {
        "date": "2020-09-11T12:17:51Z",
        "value": "329717.1774520874",
        "cumulative": true
    },
    {
        "date": "2020-09-11T12:18:11Z",
        "value": "336548.45535850525",
        "cumulative": true
    },
    {
        "date": "2020-09-11T12:18:25Z",
        "value": "340889.84574508667",
        "cumulative": true
    },
    {
        "date": "2020-09-11T12:18:36Z",
        "value": "344340.7034072876",
        "cumulative": true
    },
    {
        "date": "2020-09-11T12:18:51Z",
        "value": "349523.37780189514",
        "cumulative": true
    },
    {
        "date": "2020-09-11T12:19:02Z",
        "value": "352977.02992630005",
        "cumulative": true
    },
    {
        "date": "2020-09-11T12:19:16Z",
        "value": "357685.0082912445",
        "cumulative": true
    },
    {
        "date": "2020-09-11T12:19:34Z",
        "value": "363917.49183273315",
        "cumulative": true
    },
    {
        "date": "2020-09-11T12:19:45Z",
        "value": "367375.8805217743",
        "cumulative": true
    },
    {
        "date": "2020-09-11T12:20:01Z",
        "value": "373135.23488616943",
        "cumulative": true
    },
    {
        "date": "2020-09-11T12:20:12Z",
        "value": "376517.3858413696",
        "cumulative": true
    },
    {
        "date": "2020-09-11T12:20:28Z",
        "value": "381763.6354675293",
        "cumulative": true
    },
    {
        "date": "2020-09-11T12:20:47Z",
        "value": "387229.68772506714",
        "cumulative": true
    },
    {
        "date": "2020-09-11T12:21:01Z",
        "value": "389249.17131614685",
        "cumulative": true
    },
    {
        "date": "2020-09-11T12:21:14Z",
        "value": "391267.0793685913",
        "cumulative": true
    },
    {
        "date": "2020-09-11T12:21:28Z",
        "value": "393282.7079963684",
        "cumulative": true
    },
    {
        "date": "2020-09-11T12:21:46Z",
        "value": "395873.0103492737",
        "cumulative": true
    },
    {
        "date": "2020-09-11T12:22:04Z",
        "value": "398471.20668792725",
        "cumulative": true
    },
    {
        "date": "2020-09-11T12:22:20Z",
        "value": "400945.4848575592",
        "cumulative": true
    },
    {
        "date": "2020-09-11T12:22:30Z",
        "value": "402505.87317085266",
        "cumulative": true
    },
    {
        "date": "2020-09-11T12:22:48Z",
        "value": "405099.23534584045",
        "cumulative": true
    },
    {
        "date": "2020-09-11T12:23:03Z",
        "value": "407122.93932533264",
        "cumulative": true
    },
    {
        "date": "2020-09-11T12:23:21Z",
        "value": "410000.82562446594",
        "cumulative": true
    },
    {
        "date": "2020-09-11T12:23:36Z",
        "value": "412247.5261268616",
        "cumulative": true
    },
    {
        "date": "2020-09-11T12:23:54Z",
        "value": "414819.2179508209",
        "cumulative": true
    },
    {
        "date": "2020-09-11T12:24:06Z",
        "value": "415761.58420944214",
        "cumulative": true
    }
]