[
    {
        "date": "2020-09-11T11:52:15Z",
        "value": "4.00543212890625e-05",
        "cumulative": true
    },
    {
        "date": "2020-09-11T11:52:36Z",
        "value": "18.492228507995605",
        "cumulative": true
    },
    {
        "date": "2020-09-11T11:52:51Z",
        "value": "2161.688536643982",
        "cumulative": true
    },
    {
        "date": "2020-09-11T11:53:08Z",
        "value": "5835.847334861755",
        "cumulative": true
    },
    {
        "date": "2020-09-11T11:53:23Z",
        "value": "8551.772870063782",
        "cumulative": true
    },
    {
        "date": "2020-09-11T11:53:42Z",
        "value": "12338.363686561584",
        "cumulative": true
    },
    {
        "date": "2020-09-11T11:54:02Z",
        "value": "16351.062424659729",
        "cumulative": true
    },
    {
        "date": "2020-09-11T11:54:14Z",
        "value": "19179.856672286987",
        "cumulative": true
    },
    {
        "date": "2020-09-11T11:54:27Z",
        "value": "22135.644834518433",
        "cumulative": true
    },
    {
        "date": "2020-09-11T11:54:41Z",
        "value": "24824.86253261566",
        "cumulative": true
    },
    {
        "date": "2020-09-11T11:54:52Z",
        "value": "27218.840858459473",
        "cumulative": true
    },
    {
        "date": "2020-09-11T11:55:07Z",
        "value": "30654.169365882874",
        "cumulative": true
    },
    {
        "date": "2020-09-11T11:55:23Z",
        "value": "33485.005935668945",
        "cumulative": true
    },
    {
        "date": "2020-09-11T11:55:38Z",
        "value": "37762.00594806671",
        "cumulative": true
    },
    {
        "date": "2020-09-11T11:55:51Z",
        "value": "39524.31935596466",
        "cumulative": true
    },
    {
        "date": "2020-09-11T11:56:07Z",
        "value": "42809.5685710907",
        "cumulative": true
    },
    {
        "date": "2020-09-11T11:56:25Z",
        "value": "47712.14562034607",
        "cumulative": true
    },
    {
        "date": "2020-09-11T11:56:42Z",
        "value": "49892.23929977417",
        "cumulative": true
    },
    {
        "date": "2020-09-11T11:56:52Z",
        "value": "51210.39922904968",
        "cumulative": true
    },
    {
        "date": "2020-09-11T11:57:08Z",
        "value": "55726.460735321045",
        "cumulative": true
    },
    {
        "date": "2020-09-11T11:57:23Z",
        "value": "59651.11204338074",
        "cumulative": true
    },
    {
        "date": "2020-09-11T11:57:34Z",
        "value": "61408.95206832886",
        "cumulative": true
    },
    {
        "date": "2020-09-11T11:57:54Z",
        "value": "64000.87655067444",
        "cumulative": true
    },
    {
        "date": "2020-09-11T11:58:11Z",
        "value": "68291.51097297668",
        "cumulative": true
    },
    {
        "date": "2020-09-11T11:58:23Z",
        "value": "71744.77914237976",
        "cumulative": true
    },
    {
        "date": "2020-09-11T11:58:42Z",
        "value": "76710.86914253235",
        "cumulative": true
    },
    {
        "date": "2020-09-11T11:58:56Z",
        "value": "78417.29076766968",
        "cumulative": true
    },
    {
        "date": "2020-09-11T11:59:15Z",
        "value": "80924.25194740295",
        "cumulative": true
    },
    {
        "date": "2020-09-11T11:59:31Z",
        "value": "84815.29068851471",
        "cumulative": true
    },
    {
        "date": "2020-09-11T11:59:49Z",
        "value": "90368.75710201263",
        "cumulative": true
    },
    {
        "date": "2020-09-11T12:00:00Z",
        "value": "94047.16394519806",
        "cumulative": true
    },
    {
        "date": "2020-09-11T12:00:15Z",
        "value": "97129.85970878601",
        "cumulative": true
    },
    {
        "date": "2020-09-11T12:00:29Z",
        "value": "98926.01562690735",
        "cumulative": true
    },
    {
        "date": "2020-09-11T12:00:44Z",
        "value": "100935.52434158325",
        "cumulative": true
    },
    {
        "date": "2020-09-11T12:00:55Z",
        "value": "102321.83115959167",
        "cumulative": true
    },
    {
        "date": "2020-09-11T12:01:13Z",
        "value": "107132.09672164917",
        "cumulative": true
    },
    {
        "date": "2020-09-11T12:01:23Z",
        "value": "110560.75559043884",
        "cumulative": true
    },
    {
        "date": "2020-09-11T12:01:35Z",
        "value": "114533.24029541016",
        "cumulative": true
    },
    {
        "date": "2020-09-11T12:01:54Z",
        "value": "120573.22019958496",
        "cumulative": true
    },
    {
        "date": "2020-09-11T12:02:13Z",
        "value": "123454.03085803986",
        "cumulative": true
    },
    {
        "date": "2020-09-11T12:02:32Z",
        "value": "125941.09575366974",
        "cumulative": true
    },
    {
        "date": "2020-09-11T12:02:43Z",
        "value": "127434.51233768463",
        "cumulative": true
    },
    {
        "date": "2020-09-11T12:02:54Z",
        "value": "128977.2194108963",
        "cumulative": true
    },
    {
        "date": "2020-09-11T12:03:06Z",
        "value": "130703.31065654755",
        "cumulative": true
    },
    {
        "date": "2020-09-11T12:03:21Z",
        "value": "135265.82863903046",
        "cumulative": true
    },
    {
        "date": "2020-09-11T12:03:33Z",
        "value": "138686.64097309113",
        "cumulative": true
    },
    {
        "date": "2020-09-11T12:03:51Z",
        "value": "144135.30043506622",
        "cumulative": true
    },
    {
        "date": "2020-09-11T12:04:02Z",
        "value": "147907.47372341156",
        "cumulative": true
    },
    {
        "date": "2020-09-11T12:04:16Z",
        "value": "152543.3926782608",
        "cumulative": true
    },
    {
        "date": "2020-09-11T12:04:29Z",
        "value": "154633.30251789093",
        "cumulative": true
    },
    {
        "date": "2020-09-11T12:04:46Z",
        "value": "157018.60526943207",
        "cumulative": true
    },
    {
        "date": "2020-09-11T12:05:05Z",
        "value": "159753.9092054367",
        "cumulative": true
    },
    {
        "date": "2020-09-11T12:05:19Z",
        "value": "161703.45852184296",
        "cumulative": true
    },
    {
        "date": "2020-09-11T12:05:36Z",
        "value": "164069.66448688507",
        "cumulative": true
    },
    {
        "date": "2020-09-11T12:05:46Z",
        "value": "166743.7774362564",
        "cumulative": true
    },
    {
        "date": "2020-09-11T12:06:00Z",
        "value": "171036.83188724518",
        "cumulative": true
    },
    {
        "date": "2020-09-11T12:06:15Z",
        "value": "175902.2572851181",
        "cumulative": true
    },
    {
        "date": "2020-09-11T12:06:31Z",
        "value": "180534.33098888397",
        "cumulative": true
    },
    {
        "date": "2020-09-11T12:06:41Z",
        "value": "183684.6561422348",
        "cumulative": true
    },
    {
        "date": "2020-09-11T12:06:52Z",
        "value": "186872.2668275833",
        "cumulative": true
    },
    {
        "date": "2020-09-11T12:07:06Z",
        "value": "191286.0898771286",
        "cumulative": true
    },
    {
        "date": "2020-09-11T12:07:25Z",
        "value": "195098.76464653015",
        "cumulative": true
    },
    {
        "date": "2020-09-11T12:07:44Z",
        "value": "197833.02466964722",
        "cumulative": true
    },
    {
        "date": "2020-09-11T12:07:55Z",
        "value": "199420.50820541382",
        "cumulative": true
    },
    {
        "date": "2020-09-11T12:08:09Z",
        "value": "201434.65705680847",
        "cumulative": true
    },
    {
        "date": "2020-09-11T12:08:19Z",
        "value": "202866.82921409607",
        "cumulative": true
    },
    {
        "date": "2020-09-11T12:08:31Z",
        "value": "204595.20119476318",
        "cumulative": true
    },
    {
        "date": "2020-09-11T12:08:48Z",
        "value": "206895.05833625793",
        "cumulative": true
    },
    {
        "date": "2020-09-11T12:09:04Z",
        "value": "211130.90341091156",
        "cumulative": true
    },
    {
        "date": "2020-09-11T12:09:21Z",
        "value": "216348.05594730377",
        "cumulative": true
    },
    {
        "date": "2020-09-11T12:09:36Z",
        "value": "221301.84080791473",
        "cumulative": true
    },
    {
        "date": "2020-09-11T12:09:50Z",
        "value": "225751.46623134613",
        "cumulative": true
    },
    {
        "date": "2020-09-11T12:10:02Z",
        "value": "229286.02073192596",
        "cumulative": true
    },
    {
        "date": "2020-09-11T12:10:16Z",
        "value": "233758.49596881866",
        "cumulative": true
    },
    {
        "date": "2020-09-11T12:10:31Z",
        "value": "238546.51848316193",
        "cumulative": true
    },
    {
        "date": "2020-09-11T12:10:46Z",
        "value": "243411.98145771027",
        "cumulative": true
    },
    {
        "date": "2020-09-11T12:11:02Z",
        "value": "245890.54610443115",
        "cumulative": true
    },
    {
        "date": "2020-09-11T12:11:20Z",
        "value": "248428.75050354004",
        "cumulative": true
    },
    {
        "date": "2020-09-11T12:11:37Z",
        "value": "250980.9876022339",
        "cumulative": true
    },
    {
        "date": "2020-09-11T12:11:55Z",
        "value": "253537.64421463013",
        "cumulative": true
    },
    {
        "date": "2020-09-11T12:12:08Z",
        "value": "255352.22070503235",
        "cumulative": true
    },
    {
        "date": "2020-09-11T12:12:28Z",
        "value": "258269.13725090027",
        "cumulative": true
    },
    {
        "date": "2020-09-11T12:12:44Z",
        "value": "260667.2889881134",
        "cumulative": true
    },
    {
        "date": "2020-09-11T12:12:58Z",
        "value": "263928.92828178406",
        "cumulative": true
    },
    {
        "date": "2020-09-11T12:13:13Z",
        "value": "268521.8180027008",
        "cumulative": true
    },
    {
        "date": "2020-09-11T12:13:27Z",
        "value": "273114.4519138336",
        "cumulative": true
    },
    {
        "date": "2020-09-11T12:13:42Z",
        "value": "277710.1331062317",
        "cumulative": true
    },
    {
        "date": "2020-09-11T12:13:57Z",
        "value": "282753.02830314636",
        "cumulative": true
    },
    {
        "date": "2020-09-11T12:14:16Z",
        "value": "288891.9163913727",
        "cumulative": true
    },
    {
        "date": "2020-09-11T12:14:36Z",
        "value": "295151.8017959595",
        "cumulative": true
    },
    {
        "date": "2020-09-11T12:14:56Z",
        "value": "301585.04350852966",
        "cumulative": true
    },
    {
        "date": "2020-09-11T12:15:07Z",
        "value": "305522.19987487793",
        "cumulative": true
    },
    {
        "date": "2020-09-11T12:15:25Z",
        "value": "309373.29810237885",
        "cumulative": true
    },
    {
        "date": "2020-09-11T12:15:43Z",
        "value": "312117.8744573593",
        "cumulative": true
    },
    {
        "date": "2020-09-11T12:15:53Z",
        "value": "313725.07118701935",
        "cumulative": true
    },
    {
        "date": "2020-09-11T12:16:11Z",
        "value": "316292.18204784393",
        "cumulative": true
    },
    {
        "date": "2020-09-11T12:16:26Z",
        "value": "318547.46243190765",
        "cumulative": true
    },
    {
        "date": "2020-09-11T12:16:39Z",
        "value": "320617.928360939",
        "cumulative": true
    },
    {
        "date": "2020-09-11T12:16:58Z",
        "value": "323386.13543224335",
        "cumulative": true
    },
    {
        "date": "2020-09-11T12:17:17Z",
        "value": "325971.32370471954",
        "cumulative": true
    },
    {
        "date": "2020-09-11T12:17:34Z",
        "value": "328599.6500482559",
        "cumulative": true
    },
    {
        "date": "2020-09-11T12:17:50Z",
        "value": "330983.66709423065",
        "cumulative": true
    },
    {
        "date": "2020-09-11T12:18:08Z",
        "value": "337207.4671831131",
        "cumulative": true
    },
    {
        "date": "2020-09-11T12:18:22Z",
        "value": "341478.53651714325",
        "cumulative": true
    },
    {
        "date": "2020-09-11T12:18:39Z",
        "value": "347196.6898622513",
        "cumulative": true
    },
    {
        "date": "2020-09-11T12:18:57Z",
        "value": "353251.0924425125",
        "cumulative": true
    },
    {
        "date": "2020-09-11T12:19:15Z",
        "value": "359346.74162197113",
        "cumulative": true
    },
    {
        "date": "2020-09-11T12:19:26Z",
        "value": "362802.59023571014",
        "cumulative": true
    },
    {
        "date": "2020-09-11T12:19:38Z",
        "value": "366894.4958105087",
        "cumulative": true
    },
    {
        "date": "2020-09-11T12:19:50Z",
        "value": "371075.53867435455",
        "cumulative": true
    },
    {
        "date": "2020-09-11T12:20:02Z",
        "value": "374988.61493968964",
        "cumulative": true
    },
    {
        "date": "2020-09-11T12:20:15Z",
        "value": "379050.1925802231",
        "cumulative": true
    },
    {
        "date": "2020-09-11T12:20:31Z",
        "value": "384269.75420856476",
        "cumulative": true
    },
    {
        "date": "2020-09-11T12:20:48Z",
        "value": "389405.3036546707",
        "cumulative": true
    },
    {
        "date": "2020-09-11T12:20:59Z",
        "value": "390912.8413743973",
        "cumulative": true
    },
    {
        "date": "2020-09-11T12:21:10Z",
        "value": "392645.59309864044",
        "cumulative": true
    },
    {
        "date": "2020-09-11T12:21:23Z",
        "value": "394628.13284778595",
        "cumulative": true
    },
    {
        "date": "2020-09-11T12:21:35Z",
        "value": "396416.25227832794",
        "cumulative": true
    },
    {
        "date": "2020-09-11T12:21:53Z",
        "value": "399006.0087785721",
        "cumulative": true
    },
    {
        "date": "2020-09-11T12:22:04Z",
        "value": "400709.3349161148",
        "cumulative": true
    },
    {
        "date": "2020-09-11T12:22:18Z",
        "value": "402613.5304403305",
        "cumulative": true
    },
    {
        "date": "2020-09-11T12:22:37Z",
        "value": "405422.21718502045",
        "cumulative": true
    },
    {
        "date": "2020-09-11T12:22:49Z",
        "value": "407122.1198415756",
        "cumulative": true
    },
    {
        "date": "2020-09-11T12:23:00Z",
        "value": "408856.889210701",
        "cumulative": true
    },
    {
        "date": "2020-09-11T12:23:12Z",
        "value": "410694.3588895798",
        "cumulative": true
    },
    {
        "date": "2020-09-11T12:23:32Z",
        "value": "413781.58708286285",
        "cumulative": true
    },
    {
        "date": "2020-09-11T12:23:50Z",
        "value": "416393.1969842911",
        "cumulative": true
    },
    {
        "date": "2020-09-11T12:24:07Z",
        "value": "417837.0745859146",
        "cumulative": true
    }
]