[
    {
        "date": "2020-09-11T11:52:20Z",
        "value": "1.6484375",
        "cumulative": false
    },
    {
        "date": "2020-09-11T11:52:40Z",
        "value": "1197.91796875",
        "cumulative": false
    },
    {
        "date": "2020-09-11T11:52:53Z",
        "value": "1201.16015625",
        "cumulative": false
    },
    {
        "date": "2020-09-11T11:53:13Z",
        "value": "1206.28515625",
        "cumulative": false
    },
    {
        "date": "2020-09-11T11:53:25Z",
        "value": "1208.59765625",
        "cumulative": false
    },
    {
        "date": "2020-09-11T11:53:41Z",
        "value": "1220.9140625",
        "cumulative": false
    },
    {
        "date": "2020-09-11T11:53:52Z",
        "value": "1223.9140625",
        "cumulative": false
    },
    {
        "date": "2020-09-11T11:54:08Z",
        "value": "1227.7890625",
        "cumulative": false
    },
    {
        "date": "2020-09-11T11:54:23Z",
        "value": "1232.5390625",
        "cumulative": false
    },
    {
        "date": "2020-09-11T11:54:40Z",
        "value": "1244.16796875",
        "cumulative": false
    },
    {
        "date": "2020-09-11T11:54:53Z",
        "value": "1244.16796875",
        "cumulative": false
    },
    {
        "date": "2020-09-11T11:55:12Z",
        "value": "1253.3984375",
        "cumulative": false
    },
    {
        "date": "2020-09-11T11:55:26Z",
        "value": "1253.34375",
        "cumulative": false
    },
    {
        "date": "2020-09-11T11:55:36Z",
        "value": "1253.34375",
        "cumulative": false
    },
    {
        "date": "2020-09-11T11:55:53Z",
        "value": "1264.953125",
        "cumulative": false
    },
    {
        "date": "2020-09-11T11:56:09Z",
        "value": "1227.83203125",
        "cumulative": false
    },
    {
        "date": "2020-09-11T11:56:28Z",
        "value": "1232.70703125",
        "cumulative": false
    },
    {
        "date": "2020-09-11T11:56:39Z",
        "value": "1279.58203125",
        "cumulative": false
    },
    {
        "date": "2020-09-11T11:56:51Z",
        "value": "1233.70703125",
        "cumulative": false
    },
    {
        "date": "2020-09-11T11:57:04Z",
        "value": "1232.796875",
        "cumulative": false
    },
    {
        "date": "2020-09-11T11:57:15Z",
        "value": "1232.796875",
        "cumulative": false
    },
    {
        "date": "2020-09-11T11:57:28Z",
        "value": "1298.109375",
        "cumulative": false
    },
    {
        "date": "2020-09-11T11:57:43Z",
        "value": "1238.83984375",
        "cumulative": false
    },
    {
        "date": "2020-09-11T11:57:57Z",
        "value": "1238.9375",
        "cumulative": false
    },
    {
        "date": "2020-09-11T11:58:10Z",
        "value": "1310.51171875",
        "cumulative": false
    },
    {
        "date": "2020-09-11T11:58:28Z",
        "value": "1293.29296875",
        "cumulative": false
    },
    {
        "date": "2020-09-11T11:58:45Z",
        "value": "1317.23828125",
        "cumulative": false
    },
    {
        "date": "2020-09-11T11:58:59Z",
        "value": "1348.04296875",
        "cumulative": false
    },
    {
        "date": "2020-09-11T11:59:17Z",
        "value": "1238.89453125",
        "cumulative": false
    },
    {
        "date": "2020-09-11T11:59:28Z",
        "value": "1238.8671875",
        "cumulative": false
    },
    {
        "date": "2020-09-11T11:59:46Z",
        "value": "1272.43359375",
        "cumulative": false
    },
    {
        "date": "2020-09-11T12:00:02Z",
        "value": "1238.91796875",
        "cumulative": false
    },
    {
        "date": "2020-09-11T12:00:16Z",
        "value": "1266.515625",
        "cumulative": false
    },
    {
        "date": "2020-09-11T12:00:28Z",
        "value": "1245.5",
        "cumulative": false
    },
    {
        "date": "2020-09-11T12:00:41Z",
        "value": "1349.4140625",
        "cumulative": false
    },
    {
        "date": "2020-09-11T12:00:53Z",
        "value": "1238.8984375",
        "cumulative": false
    },
    {
        "date": "2020-09-11T12:01:04Z",
        "value": "1272.71875",
        "cumulative": false
    },
    {
        "date": "2020-09-11T12:01:19Z",
        "value": "1351.44921875",
        "cumulative": false
    },
    {
        "date": "2020-09-11T12:01:31Z",
        "value": "1238.9140625",
        "cumulative": false
    },
    {
        "date": "2020-09-11T12:01:51Z",
        "value": "1358.0546875",
        "cumulative": false
    },
    {
        "date": "2020-09-11T12:02:01Z",
        "value": "1365.3671875",
        "cumulative": false
    },
    {
        "date": "2020-09-11T12:02:19Z",
        "value": "1313.96875",
        "cumulative": false
    },
    {
        "date": "2020-09-11T12:02:37Z",
        "value": "1238.88671875",
        "cumulative": false
    },
    {
        "date": "2020-09-11T12:02:48Z",
        "value": "1368.1328125",
        "cumulative": false
    },
    {
        "date": "2020-09-11T12:03:07Z",
        "value": "1354.8828125",
        "cumulative": false
    },
    {
        "date": "2020-09-11T12:03:20Z",
        "value": "1238.9453125",
        "cumulative": false
    },
    {
        "date": "2020-09-11T12:03:35Z",
        "value": "1238.8515625",
        "cumulative": false
    },
    {
        "date": "2020-09-11T12:03:51Z",
        "value": "1322.6953125",
        "cumulative": false
    },
    {
        "date": "2020-09-11T12:04:02Z",
        "value": "1238.9140625",
        "cumulative": false
    },
    {
        "date": "2020-09-11T12:04:14Z",
        "value": "1369.1640625",
        "cumulative": false
    },
    {
        "date": "2020-09-11T12:04:30Z",
        "value": "1349.6640625",
        "cumulative": false
    },
    {
        "date": "2020-09-11T12:04:44Z",
        "value": "1342.6796875",
        "cumulative": false
    },
    {
        "date": "2020-09-11T12:04:54Z",
        "value": "1238.8984375",
        "cumulative": false
    },
    {
        "date": "2020-09-11T12:05:08Z",
        "value": "1287.2734375",
        "cumulative": false
    },
    {
        "date": "2020-09-11T12:05:26Z",
        "value": "1238.8828125",
        "cumulative": false
    },
    {
        "date": "2020-09-11T12:05:46Z",
        "value": "1238.8359375",
        "cumulative": false
    },
    {
        "date": "2020-09-11T12:06:01Z",
        "value": "1238.8984375",
        "cumulative": false
    },
    {
        "date": "2020-09-11T12:06:13Z",
        "value": "1238.875",
        "cumulative": false
    },
    {
        "date": "2020-09-11T12:06:31Z",
        "value": "1428.79296875",
        "cumulative": false
    },
    {
        "date": "2020-09-11T12:06:41Z",
        "value": "1262.93359375",
        "cumulative": false
    },
    {
        "date": "2020-09-11T12:06:56Z",
        "value": "1238.87109375",
        "cumulative": false
    },
    {
        "date": "2020-09-11T12:07:09Z",
        "value": "1413.97265625",
        "cumulative": false
    },
    {
        "date": "2020-09-11T12:07:20Z",
        "value": "1238.8203125",
        "cumulative": false
    },
    {
        "date": "2020-09-11T12:07:35Z",
        "value": "1238.8828125",
        "cumulative": false
    },
    {
        "date": "2020-09-11T12:07:50Z",
        "value": "1247.3515625",
        "cumulative": false
    },
    {
        "date": "2020-09-11T12:08:07Z",
        "value": "1496.1328125",
        "cumulative": false
    },
    {
        "date": "2020-09-11T12:08:24Z",
        "value": "1238.9140625",
        "cumulative": false
    },
    {
        "date": "2020-09-11T12:08:35Z",
        "value": "1238.8828125",
        "cumulative": false
    },
    {
        "date": "2020-09-11T12:08:48Z",
        "value": "1517.8828125",
        "cumulative": false
    },
    {
        "date": "2020-09-11T12:09:01Z",
        "value": "1238.8203125",
        "cumulative": false
    },
    {
        "date": "2020-09-11T12:09:20Z",
        "value": "1454.39453125",
        "cumulative": false
    },
    {
        "date": "2020-09-11T12:09:36Z",
        "value": "1238.8984375",
        "cumulative": false
    },
    {
        "date": "2020-09-11T12:09:52Z",
        "value": "1238.859375",
        "cumulative": false
    },
    {
        "date": "2020-09-11T12:10:02Z",
        "value": "1238.87890625",
        "cumulative": false
    },
    {
        "date": "2020-09-11T12:10:19Z",
        "value": "1373.08984375",
        "cumulative": false
    },
    {
        "date": "2020-09-11T12:10:36Z",
        "value": "1405.1640625",
        "cumulative": false
    },
    {
        "date": "2020-09-11T12:10:50Z",
        "value": "1423.27734375",
        "cumulative": false
    },
    {
        "date": "2020-09-11T12:11:04Z",
        "value": "1238.91796875",
        "cumulative": false
    },
    {
        "date": "2020-09-11T12:11:18Z",
        "value": "1238.828125",
        "cumulative": false
    },
    {
        "date": "2020-09-11T12:11:32Z",
        "value": "1482.11328125",
        "cumulative": false
    },
    {
        "date": "2020-09-11T12:11:43Z",
        "value": "1238.8125",
        "cumulative": false
    },
    {
        "date": "2020-09-11T12:11:58Z",
        "value": "1581.34765625",
        "cumulative": false
    },
    {
        "date": "2020-09-11T12:12:09Z",
        "value": "1447.296875",
        "cumulative": false
    },
    {
        "date": "2020-09-11T12:12:25Z",
        "value": "1563.16796875",
        "cumulative": false
    },
    {
        "date": "2020-09-11T12:12:37Z",
        "value": "1559.22265625",
        "cumulative": false
    },
    {
        "date": "2020-09-11T12:12:49Z",
        "value": "1441.65234375",
        "cumulative": false
    },
    {
        "date": "2020-09-11T12:13:05Z",
        "value": "1238.8125",
        "cumulative": false
    },
    {
        "date": "2020-09-11T12:13:25Z",
        "value": "1238.890625",
        "cumulative": false
    },
    {
        "date": "2020-09-11T12:13:41Z",
        "value": "1238.8984375",
        "cumulative": false
    },
    {
        "date": "2020-09-11T12:13:55Z",
        "value": "1238.8828125",
        "cumulative": false
    },
    {
        "date": "2020-09-11T12:14:06Z",
        "value": "1238.8203125",
        "cumulative": false
    },
    {
        "date": "2020-09-11T12:14:20Z",
        "value": "1541.65625",
        "cumulative": false
    },
    {
        "date": "2020-09-11T12:14:38Z",
        "value": "1238.8359375",
        "cumulative": false
    },
    {
        "date": "2020-09-11T12:14:50Z",
        "value": "1541.6484375",
        "cumulative": false
    },
    {
        "date": "2020-09-11T12:15:07Z",
        "value": "1238.8828125",
        "cumulative": false
    },
    {
        "date": "2020-09-11T12:15:23Z",
        "value": "1417.69140625",
        "cumulative": false
    },
    {
        "date": "2020-09-11T12:15:43Z",
        "value": "1418.2734375",
        "cumulative": false
    },
    {
        "date": "2020-09-11T12:15:56Z",
        "value": "1306.83984375",
        "cumulative": false
    },
    {
        "date": "2020-09-11T12:16:09Z",
        "value": "1335.99609375",
        "cumulative": false
    },
    {
        "date": "2020-09-11T12:16:19Z",
        "value": "1238.8671875",
        "cumulative": false
    },
    {
        "date": "2020-09-11T12:16:36Z",
        "value": "1238.87890625",
        "cumulative": false
    },
    {
        "date": "2020-09-11T12:16:49Z",
        "value": "1509.41015625",
        "cumulative": false
    },
    {
        "date": "2020-09-11T12:17:07Z",
        "value": "1238.83203125",
        "cumulative": false
    },
    {
        "date": "2020-09-11T12:17:25Z",
        "value": "1354.21875",
        "cumulative": false
    },
    {
        "date": "2020-09-11T12:17:40Z",
        "value": "1238.8203125",
        "cumulative": false
    },
    {
        "date": "2020-09-11T12:17:56Z",
        "value": "1238.90625",
        "cumulative": false
    },
    {
        "date": "2020-09-11T12:18:09Z",
        "value": "1238.90625",
        "cumulative": false
    },
    {
        "date": "2020-09-11T12:18:24Z",
        "value": "1238.90625",
        "cumulative": false
    },
    {
        "date": "2020-09-11T12:18:42Z",
        "value": "1255.46875",
        "cumulative": false
    },
    {
        "date": "2020-09-11T12:18:56Z",
        "value": "1238.84375",
        "cumulative": false
    },
    {
        "date": "2020-09-11T12:19:07Z",
        "value": "1621.15625",
        "cumulative": false
    },
    {
        "date": "2020-09-11T12:19:22Z",
        "value": "1514.9375",
        "cumulative": false
    },
    {
        "date": "2020-09-11T12:19:40Z",
        "value": "1238.90625",
        "cumulative": false
    },
    {
        "date": "2020-09-11T12:19:54Z",
        "value": "1238.90625",
        "cumulative": false
    },
    {
        "date": "2020-09-11T12:20:05Z",
        "value": "1238.84375",
        "cumulative": false
    },
    {
        "date": "2020-09-11T12:20:24Z",
        "value": "1238.9375",
        "cumulative": false
    },
    {
        "date": "2020-09-11T12:20:36Z",
        "value": "1573.125",
        "cumulative": false
    },
    {
        "date": "2020-09-11T12:20:47Z",
        "value": "1763.85546875",
        "cumulative": false
    },
    {
        "date": "2020-09-11T12:21:01Z",
        "value": "1698.5",
        "cumulative": false
    },
    {
        "date": "2020-09-11T12:21:20Z",
        "value": "1431.578125",
        "cumulative": false
    },
    {
        "date": "2020-09-11T12:21:40Z",
        "value": "1429.0234375",
        "cumulative": false
    },
    {
        "date": "2020-09-11T12:21:54Z",
        "value": "1779.19921875",
        "cumulative": false
    },
    {
        "date": "2020-09-11T12:22:06Z",
        "value": "1238.875",
        "cumulative": false
    },
    {
        "date": "2020-09-11T12:22:21Z",
        "value": "1781.80078125",
        "cumulative": false
    },
    {
        "date": "2020-09-11T12:22:32Z",
        "value": "1556.55859375",
        "cumulative": false
    },
    {
        "date": "2020-09-11T12:22:48Z",
        "value": "1744.34375",
        "cumulative": false
    },
    {
        "date": "2020-09-11T12:23:00Z",
        "value": "1514.2265625",
        "cumulative": false
    },
    {
        "date": "2020-09-11T12:23:16Z",
        "value": "1684.9453125",
        "cumulative": false
    },
    {
        "date": "2020-09-11T12:23:26Z",
        "value": "1313.953125",
        "cumulative": false
    },
    {
        "date": "2020-09-11T12:23:37Z",
        "value": "1718.66796875",
        "cumulative": false
    },
    {
        "date": "2020-09-11T12:23:57Z",
        "value": "1713.09765625",
        "cumulative": false
    }
]