[
    {
        "date": "2020-09-11T11:52:37Z",
        "value": "0.965077905",
        "cumulative": false
    },
    {
        "date": "2020-09-11T11:52:47Z",
        "value": "2.072654128",
        "cumulative": false
    },
    {
        "date": "2020-09-11T11:53:03Z",
        "value": "2.052822928",
        "cumulative": false
    },
    {
        "date": "2020-09-11T11:53:18Z",
        "value": "1.959887947",
        "cumulative": false
    },
    {
        "date": "2020-09-11T11:53:33Z",
        "value": "1.901592009",
        "cumulative": false
    },
    {
        "date": "2020-09-11T11:53:44Z",
        "value": "1.860474196",
        "cumulative": false
    },
    {
        "date": "2020-09-11T11:53:58Z",
        "value": "1.633104266",
        "cumulative": false
    },
    {
        "date": "2020-09-11T11:54:15Z",
        "value": "1.590327932",
        "cumulative": false
    },
    {
        "date": "2020-09-11T11:54:32Z",
        "value": "1.603121189",
        "cumulative": false
    },
    {
        "date": "2020-09-11T11:54:43Z",
        "value": "1.442349365",
        "cumulative": false
    },
    {
        "date": "2020-09-11T11:55:02Z",
        "value": "1.637972879",
        "cumulative": false
    },
    {
        "date": "2020-09-11T11:55:20Z",
        "value": "1.498732719",
        "cumulative": false
    },
    {
        "date": "2020-09-11T11:55:35Z",
        "value": "1.680716536",
        "cumulative": false
    },
    {
        "date": "2020-09-11T11:55:51Z",
        "value": "1.433552643",
        "cumulative": false
    },
    {
        "date": "2020-09-11T11:56:06Z",
        "value": "1.480420038",
        "cumulative": false
    },
    {
        "date": "2020-09-11T11:56:24Z",
        "value": "1.58475187",
        "cumulative": false
    },
    {
        "date": "2020-09-11T11:56:39Z",
        "value": "1.402905878",
        "cumulative": false
    },
    {
        "date": "2020-09-11T11:56:59Z",
        "value": "1.463722375",
        "cumulative": false
    },
    {
        "date": "2020-09-11T11:57:09Z",
        "value": "1.59814668",
        "cumulative": false
    },
    {
        "date": "2020-09-11T11:57:21Z",
        "value": "1.599728716",
        "cumulative": false
    },
    {
        "date": "2020-09-11T11:57:32Z",
        "value": "1.443149271",
        "cumulative": false
    },
    {
        "date": "2020-09-11T11:57:48Z",
        "value": "1.403037399",
        "cumulative": false
    },
    {
        "date": "2020-09-11T11:58:02Z",
        "value": "1.42630955",
        "cumulative": false
    },
    {
        "date": "2020-09-11T11:58:17Z",
        "value": "1.554790121",
        "cumulative": false
    },
    {
        "date": "2020-09-11T11:58:35Z",
        "value": "1.560313882",
        "cumulative": false
    },
    {
        "date": "2020-09-11T11:58:51Z",
        "value": "1.377236536",
        "cumulative": false
    },
    {
        "date": "2020-09-11T11:59:09Z",
        "value": "1.382924072",
        "cumulative": false
    },
    {
        "date": "2020-09-11T11:59:21Z",
        "value": "1.366861445",
        "cumulative": false
    },
    {
        "date": "2020-09-11T11:59:41Z",
        "value": "1.545925015",
        "cumulative": false
    },
    {
        "date": "2020-09-11T12:00:01Z",
        "value": "1.529796748",
        "cumulative": false
    },
    {
        "date": "2020-09-11T12:00:17Z",
        "value": "1.411958859",
        "cumulative": false
    },
    {
        "date": "2020-09-11T12:00:34Z",
        "value": "1.340073668",
        "cumulative": false
    },
    {
        "date": "2020-09-11T12:00:52Z",
        "value": "1.361094767",
        "cumulative": false
    },
    {
        "date": "2020-09-11T12:01:10Z",
        "value": "1.423964209",
        "cumulative": false
    },
    {
        "date": "2020-09-11T12:01:23Z",
        "value": "1.50281532",
        "cumulative": false
    },
    {
        "date": "2020-09-11T12:01:40Z",
        "value": "1.499504591",
        "cumulative": false
    },
    {
        "date": "2020-09-11T12:01:57Z",
        "value": "1.513575629",
        "cumulative": false
    },
    {
        "date": "2020-09-11T12:02:11Z",
        "value": "1.357488853",
        "cumulative": false
    },
    {
        "date": "2020-09-11T12:02:30Z",
        "value": "1.35129428",
        "cumulative": false
    },
    {
        "date": "2020-09-11T12:02:47Z",
        "value": "1.347815652",
        "cumulative": false
    },
    {
        "date": "2020-09-11T12:03:04Z",
        "value": "1.365957513",
        "cumulative": false
    },
    {
        "date": "2020-09-11T12:03:21Z",
        "value": "1.554424176",
        "cumulative": false
    },
    {
        "date": "2020-09-11T12:03:38Z",
        "value": "1.566330794",
        "cumulative": false
    },
    {
        "date": "2020-09-11T12:03:58Z",
        "value": "1.539005835",
        "cumulative": false
    },
    {
        "date": "2020-09-11T12:04:12Z",
        "value": "1.527025791",
        "cumulative": false
    },
    {
        "date": "2020-09-11T12:04:28Z",
        "value": "1.380744357",
        "cumulative": false
    },
    {
        "date": "2020-09-11T12:04:44Z",
        "value": "1.295006822",
        "cumulative": false
    },
    {
        "date": "2020-09-11T12:05:02Z",
        "value": "1.302652505",
        "cumulative": false
    },
    {
        "date": "2020-09-11T12:05:16Z",
        "value": "1.298587121",
        "cumulative": false
    },
    {
        "date": "2020-09-11T12:05:32Z",
        "value": "1.315105279",
        "cumulative": false
    },
    {
        "date": "2020-09-11T12:05:50Z",
        "value": "1.464774799",
        "cumulative": false
    },
    {
        "date": "2020-09-11T12:06:05Z",
        "value": "1.536429762",
        "cumulative": false
    },
    {
        "date": "2020-09-11T12:06:15Z",
        "value": "1.549947612",
        "cumulative": false
    },
    {
        "date": "2020-09-11T12:06:35Z",
        "value": "1.569143746",
        "cumulative": false
    },
    {
        "date": "2020-09-11T12:06:51Z",
        "value": "1.544560569",
        "cumulative": false
    },
    {
        "date": "2020-09-11T12:07:07Z",
        "value": "1.537430847",
        "cumulative": false
    },
    {
        "date": "2020-09-11T12:07:18Z",
        "value": "1.419382454",
        "cumulative": false
    },
    {
        "date": "2020-09-11T12:07:35Z",
        "value": "1.283278752",
        "cumulative": false
    },
    {
        "date": "2020-09-11T12:07:48Z",
        "value": "1.291016098",
        "cumulative": false
    },
    {
        "date": "2020-09-11T12:08:04Z",
        "value": "1.299374467",
        "cumulative": false
    },
    {
        "date": "2020-09-11T12:08:16Z",
        "value": "1.296926942",
        "cumulative": false
    },
    {
        "date": "2020-09-11T12:08:33Z",
        "value": "1.287965675",
        "cumulative": false
    },
    {
        "date": "2020-09-11T12:08:53Z",
        "value": "1.29492733",
        "cumulative": false
    },
    {
        "date": "2020-09-11T12:09:09Z",
        "value": "1.547010468",
        "cumulative": false
    },
    {
        "date": "2020-09-11T12:09:26Z",
        "value": "1.552050366",
        "cumulative": false
    },
    {
        "date": "2020-09-11T12:09:45Z",
        "value": "1.532238201",
        "cumulative": false
    },
    {
        "date": "2020-09-11T12:09:58Z",
        "value": "1.550061286",
        "cumulative": false
    },
    {
        "date": "2020-09-11T12:10:09Z",
        "value": "1.521196902",
        "cumulative": false
    },
    {
        "date": "2020-09-11T12:10:20Z",
        "value": "1.54256314",
        "cumulative": false
    },
    {
        "date": "2020-09-11T12:10:34Z",
        "value": "1.541721698",
        "cumulative": false
    },
    {
        "date": "2020-09-11T12:10:46Z",
        "value": "1.53146872",
        "cumulative": false
    },
    {
        "date": "2020-09-11T12:11:04Z",
        "value": "1.312112925",
        "cumulative": false
    },
    {
        "date": "2020-09-11T12:11:19Z",
        "value": "1.280464007",
        "cumulative": false
    },
    {
        "date": "2020-09-11T12:11:31Z",
        "value": "1.302330783",
        "cumulative": false
    },
    {
        "date": "2020-09-11T12:11:45Z",
        "value": "1.305018338",
        "cumulative": false
    },
    {
        "date": "2020-09-11T12:12:00Z",
        "value": "1.277274635",
        "cumulative": false
    },
    {
        "date": "2020-09-11T12:12:15Z",
        "value": "1.273482101",
        "cumulative": false
    },
    {
        "date": "2020-09-11T12:12:26Z",
        "value": "1.310692411",
        "cumulative": false
    },
    {
        "date": "2020-09-11T12:12:43Z",
        "value": "1.278526397",
        "cumulative": false
    },
    {
        "date": "2020-09-11T12:12:53Z",
        "value": "1.273639406",
        "cumulative": false
    },
    {
        "date": "2020-09-11T12:13:10Z",
        "value": "1.539672543",
        "cumulative": false
    },
    {
        "date": "2020-09-11T12:13:27Z",
        "value": "1.54518688",
        "cumulative": false
    },
    {
        "date": "2020-09-11T12:13:47Z",
        "value": "1.554341909",
        "cumulative": false
    },
    {
        "date": "2020-09-11T12:14:03Z",
        "value": "1.547531572",
        "cumulative": false
    },
    {
        "date": "2020-09-11T12:14:20Z",
        "value": "1.52931814",
        "cumulative": false
    },
    {
        "date": "2020-09-11T12:14:36Z",
        "value": "1.542821572",
        "cumulative": false
    },
    {
        "date": "2020-09-11T12:14:54Z",
        "value": "1.549815808",
        "cumulative": false
    },
    {
        "date": "2020-09-11T12:15:07Z",
        "value": "1.527513704",
        "cumulative": false
    },
    {
        "date": "2020-09-11T12:15:21Z",
        "value": "1.418170992",
        "cumulative": false
    },
    {
        "date": "2020-09-11T12:15:37Z",
        "value": "1.290109591",
        "cumulative": false
    },
    {
        "date": "2020-09-11T12:15:48Z",
        "value": "1.282315853",
        "cumulative": false
    },
    {
        "date": "2020-09-11T12:16:00Z",
        "value": "1.294625067",
        "cumulative": false
    },
    {
        "date": "2020-09-11T12:16:12Z",
        "value": "1.29623375",
        "cumulative": false
    },
    {
        "date": "2020-09-11T12:16:24Z",
        "value": "1.321402441",
        "cumulative": false
    },
    {
        "date": "2020-09-11T12:16:35Z",
        "value": "1.269099792",
        "cumulative": false
    },
    {
        "date": "2020-09-11T12:16:47Z",
        "value": "1.324344762",
        "cumulative": false
    },
    {
        "date": "2020-09-11T12:16:58Z",
        "value": "1.30006966",
        "cumulative": false
    },
    {
        "date": "2020-09-11T12:17:14Z",
        "value": "1.322888527",
        "cumulative": false
    },
    {
        "date": "2020-09-11T12:17:28Z",
        "value": "1.32046453",
        "cumulative": false
    },
    {
        "date": "2020-09-11T12:17:45Z",
        "value": "1.313988693",
        "cumulative": false
    },
    {
        "date": "2020-09-11T12:17:57Z",
        "value": "1.435244649",
        "cumulative": false
    },
    {
        "date": "2020-09-11T12:18:16Z",
        "value": "1.498451269",
        "cumulative": false
    },
    {
        "date": "2020-09-11T12:18:34Z",
        "value": "1.573243457",
        "cumulative": false
    },
    {
        "date": "2020-09-11T12:18:51Z",
        "value": "1.506019174",
        "cumulative": false
    },
    {
        "date": "2020-09-11T12:19:05Z",
        "value": "1.520823403",
        "cumulative": false
    },
    {
        "date": "2020-09-11T12:19:21Z",
        "value": "1.512627253",
        "cumulative": false
    },
    {
        "date": "2020-09-11T12:19:33Z",
        "value": "1.517456875",
        "cumulative": false
    },
    {
        "date": "2020-09-11T12:19:46Z",
        "value": "1.501226862",
        "cumulative": false
    },
    {
        "date": "2020-09-11T12:19:58Z",
        "value": "1.532193951",
        "cumulative": false
    },
    {
        "date": "2020-09-11T12:20:11Z",
        "value": "1.513552283",
        "cumulative": false
    },
    {
        "date": "2020-09-11T12:20:31Z",
        "value": "1.519812467",
        "cumulative": false
    },
    {
        "date": "2020-09-11T12:20:48Z",
        "value": "1.496990851",
        "cumulative": false
    },
    {
        "date": "2020-09-11T12:21:01Z",
        "value": "1.309360065",
        "cumulative": false
    },
    {
        "date": "2020-09-11T12:21:19Z",
        "value": "1.302222978",
        "cumulative": false
    },
    {
        "date": "2020-09-11T12:21:32Z",
        "value": "1.309049704",
        "cumulative": false
    },
    {
        "date": "2020-09-11T12:21:45Z",
        "value": "1.28849902",
        "cumulative": false
    },
    {
        "date": "2020-09-11T12:22:04Z",
        "value": "1.276821486",
        "cumulative": false
    },
    {
        "date": "2020-09-11T12:22:22Z",
        "value": "1.298701994",
        "cumulative": false
    },
    {
        "date": "2020-09-11T12:22:37Z",
        "value": "1.289662726",
        "cumulative": false
    },
    {
        "date": "2020-09-11T12:22:48Z",
        "value": "1.309080691",
        "cumulative": false
    },
    {
        "date": "2020-09-11T12:23:02Z",
        "value": "1.291184964",
        "cumulative": false
    },
    {
        "date": "2020-09-11T12:23:12Z",
        "value": "1.279559197",
        "cumulative": false
    },
    {
        "date": "2020-09-11T12:23:25Z",
        "value": "1.297747104",
        "cumulative": false
    },
    {
        "date": "2020-09-11T12:23:39Z",
        "value": "1.272553828",
        "cumulative": false
    },
    {
        "date": "2020-09-11T12:23:55Z",
        "value": "1.314630537",
        "cumulative": false
    }
]