[
    {
        "date": "2020-09-11T11:52:15Z",
        "value": "0.0009593963623046875",
        "cumulative": true
    },
    {
        "date": "2020-09-11T11:52:36Z",
        "value": "17.2441463470459",
        "cumulative": true
    },
    {
        "date": "2020-09-11T11:52:51Z",
        "value": "2135.248176574707",
        "cumulative": true
    },
    {
        "date": "2020-09-11T11:53:08Z",
        "value": "5789.527549743652",
        "cumulative": true
    },
    {
        "date": "2020-09-11T11:53:23Z",
        "value": "8518.348623275757",
        "cumulative": true
    },
    {
        "date": "2020-09-11T11:53:42Z",
        "value": "12311.672300338745",
        "cumulative": true
    },
    {
        "date": "2020-09-11T11:54:02Z",
        "value": "16325.69598197937",
        "cumulative": true
    },
    {
        "date": "2020-09-11T11:54:14Z",
        "value": "19152.966828346252",
        "cumulative": true
    },
    {
        "date": "2020-09-11T11:54:27Z",
        "value": "22108.773617744446",
        "cumulative": true
    },
    {
        "date": "2020-09-11T11:54:41Z",
        "value": "24802.69533920288",
        "cumulative": true
    },
    {
        "date": "2020-09-11T11:54:52Z",
        "value": "27193.793690681458",
        "cumulative": true
    },
    {
        "date": "2020-09-11T11:55:07Z",
        "value": "30626.52276802063",
        "cumulative": true
    },
    {
        "date": "2020-09-11T11:55:23Z",
        "value": "33443.873995780945",
        "cumulative": true
    },
    {
        "date": "2020-09-11T11:55:38Z",
        "value": "37715.18249130249",
        "cumulative": true
    },
    {
        "date": "2020-09-11T11:55:51Z",
        "value": "39478.465295791626",
        "cumulative": true
    },
    {
        "date": "2020-09-11T11:56:07Z",
        "value": "42752.392479896545",
        "cumulative": true
    },
    {
        "date": "2020-09-11T11:56:25Z",
        "value": "47611.977721214294",
        "cumulative": true
    },
    {
        "date": "2020-09-11T11:56:42Z",
        "value": "49778.43283367157",
        "cumulative": true
    },
    {
        "date": "2020-09-11T11:56:52Z",
        "value": "51089.2415895462",
        "cumulative": true
    },
    {
        "date": "2020-09-11T11:57:08Z",
        "value": "55604.89910030365",
        "cumulative": true
    },
    {
        "date": "2020-09-11T11:57:23Z",
        "value": "59514.52546596527",
        "cumulative": true
    },
    {
        "date": "2020-09-11T11:57:34Z",
        "value": "61268.576563835144",
        "cumulative": true
    },
    {
        "date": "2020-09-11T11:57:54Z",
        "value": "63846.974886894226",
        "cumulative": true
    },
    {
        "date": "2020-09-11T11:58:11Z",
        "value": "68143.72605228424",
        "cumulative": true
    },
    {
        "date": "2020-09-11T11:58:23Z",
        "value": "71608.99903583527",
        "cumulative": true
    },
    {
        "date": "2020-09-11T11:58:42Z",
        "value": "76565.74833583832",
        "cumulative": true
    },
    {
        "date": "2020-09-11T11:58:56Z",
        "value": "78266.2957162857",
        "cumulative": true
    },
    {
        "date": "2020-09-11T11:59:15Z",
        "value": "80762.18981647491",
        "cumulative": true
    },
    {
        "date": "2020-09-11T11:59:31Z",
        "value": "84630.46754074097",
        "cumulative": true
    },
    {
        "date": "2020-09-11T11:59:49Z",
        "value": "90147.62662506104",
        "cumulative": true
    },
    {
        "date": "2020-09-11T12:00:00Z",
        "value": "93810.0274887085",
        "cumulative": true
    },
    {
        "date": "2020-09-11T12:00:15Z",
        "value": "96862.34173297882",
        "cumulative": true
    },
    {
        "date": "2020-09-11T12:00:29Z",
        "value": "98643.26481151581",
        "cumulative": true
    },
    {
        "date": "2020-09-11T12:00:44Z",
        "value": "100634.59498119354",
        "cumulative": true
    },
    {
        "date": "2020-09-11T12:00:55Z",
        "value": "102019.28812503815",
        "cumulative": true
    },
    {
        "date": "2020-09-11T12:01:13Z",
        "value": "106795.19008541107",
        "cumulative": true
    },
    {
        "date": "2020-09-11T12:01:23Z",
        "value": "110203.61863994598",
        "cumulative": true
    },
    {
        "date": "2020-09-11T12:01:35Z",
        "value": "114146.55932331085",
        "cumulative": true
    },
    {
        "date": "2020-09-11T12:01:54Z",
        "value": "120161.43019390106",
        "cumulative": true
    },
    {
        "date": "2020-09-11T12:02:13Z",
        "value": "123031.14968109131",
        "cumulative": true
    },
    {
        "date": "2020-09-11T12:02:32Z",
        "value": "125506.65013885498",
        "cumulative": true
    },
    {
        "date": "2020-09-11T12:02:43Z",
        "value": "126986.17123794556",
        "cumulative": true
    },
    {
        "date": "2020-09-11T12:02:54Z",
        "value": "128515.1853427887",
        "cumulative": true
    },
    {
        "date": "2020-09-11T12:03:06Z",
        "value": "130228.70846366882",
        "cumulative": true
    },
    {
        "date": "2020-09-11T12:03:21Z",
        "value": "134759.61970329285",
        "cumulative": true
    },
    {
        "date": "2020-09-11T12:03:33Z",
        "value": "138167.37432861328",
        "cumulative": true
    },
    {
        "date": "2020-09-11T12:03:51Z",
        "value": "143587.01870918274",
        "cumulative": true
    },
    {
        "date": "2020-09-11T12:04:02Z",
        "value": "147338.75535964966",
        "cumulative": true
    },
    {
        "date": "2020-09-11T12:04:16Z",
        "value": "151940.0748348236",
        "cumulative": true
    },
    {
        "date": "2020-09-11T12:04:29Z",
        "value": "154028.29673194885",
        "cumulative": true
    },
    {
        "date": "2020-09-11T12:04:46Z",
        "value": "156415.456199646",
        "cumulative": true
    },
    {
        "date": "2020-09-11T12:05:05Z",
        "value": "159135.21956443787",
        "cumulative": true
    },
    {
        "date": "2020-09-11T12:05:19Z",
        "value": "161068.66292190552",
        "cumulative": true
    },
    {
        "date": "2020-09-11T12:05:36Z",
        "value": "163432.69031333923",
        "cumulative": true
    },
    {
        "date": "2020-09-11T12:05:46Z",
        "value": "166083.03518486023",
        "cumulative": true
    },
    {
        "date": "2020-09-11T12:06:00Z",
        "value": "170341.1347503662",
        "cumulative": true
    },
    {
        "date": "2020-09-11T12:06:15Z",
        "value": "175186.3636112213",
        "cumulative": true
    },
    {
        "date": "2020-09-11T12:06:31Z",
        "value": "179816.57220840454",
        "cumulative": true
    },
    {
        "date": "2020-09-11T12:06:41Z",
        "value": "182951.0457572937",
        "cumulative": true
    },
    {
        "date": "2020-09-11T12:06:52Z",
        "value": "186120.52068710327",
        "cumulative": true
    },
    {
        "date": "2020-09-11T12:07:06Z",
        "value": "190498.50996017456",
        "cumulative": true
    },
    {
        "date": "2020-09-11T12:07:25Z",
        "value": "194280.953166008",
        "cumulative": true
    },
    {
        "date": "2020-09-11T12:07:44Z",
        "value": "197007.44042682648",
        "cumulative": true
    },
    {
        "date": "2020-09-11T12:07:55Z",
        "value": "198583.47450351715",
        "cumulative": true
    },
    {
        "date": "2020-09-11T12:08:09Z",
        "value": "200589.84041500092",
        "cumulative": true
    },
    {
        "date": "2020-09-11T12:08:19Z",
        "value": "202022.84965991974",
        "cumulative": true
    },
    {
        "date": "2020-09-11T12:08:31Z",
        "value": "203746.8623495102",
        "cumulative": true
    },
    {
        "date": "2020-09-11T12:08:48Z",
        "value": "206041.1763048172",
        "cumulative": true
    },
    {
        "date": "2020-09-11T12:09:04Z",
        "value": "210249.86339378357",
        "cumulative": true
    },
    {
        "date": "2020-09-11T12:09:21Z",
        "value": "215436.2637939453",
        "cumulative": true
    },
    {
        "date": "2020-09-11T12:09:36Z",
        "value": "220383.67601776123",
        "cumulative": true
    },
    {
        "date": "2020-09-11T12:09:50Z",
        "value": "224818.24042129517",
        "cumulative": true
    },
    {
        "date": "2020-09-11T12:10:02Z",
        "value": "228338.7541103363",
        "cumulative": true
    },
    {
        "date": "2020-09-11T12:10:16Z",
        "value": "232792.71269607544",
        "cumulative": true
    },
    {
        "date": "2020-09-11T12:10:31Z",
        "value": "237577.2252445221",
        "cumulative": true
    },
    {
        "date": "2020-09-11T12:10:46Z",
        "value": "242450.8666419983",
        "cumulative": true
    },
    {
        "date": "2020-09-11T12:11:02Z",
        "value": "244915.968791008",
        "cumulative": true
    },
    {
        "date": "2020-09-11T12:11:20Z",
        "value": "247454.94141292572",
        "cumulative": true
    },
    {
        "date": "2020-09-11T12:11:37Z",
        "value": "249995.0924062729",
        "cumulative": true
    },
    {
        "date": "2020-09-11T12:11:55Z",
        "value": "252529.58840847015",
        "cumulative": true
    },
    {
        "date": "2020-09-11T12:12:08Z",
        "value": "254340.72784519196",
        "cumulative": true
    },
    {
        "date": "2020-09-11T12:12:28Z",
        "value": "257236.59995555878",
        "cumulative": true
    },
    {
        "date": "2020-09-11T12:12:44Z",
        "value": "259619.09038829803",
        "cumulative": true
    },
    {
        "date": "2020-09-11T12:12:58Z",
        "value": "262873.1040391922",
        "cumulative": true
    },
    {
        "date": "2020-09-11T12:13:13Z",
        "value": "267452.1249074936",
        "cumulative": true
    },
    {
        "date": "2020-09-11T12:13:27Z",
        "value": "272015.0788831711",
        "cumulative": true
    },
    {
        "date": "2020-09-11T12:13:42Z",
        "value": "276577.00026226044",
        "cumulative": true
    },
    {
        "date": "2020-09-11T12:13:57Z",
        "value": "281593.354765892",
        "cumulative": true
    },
    {
        "date": "2020-09-11T12:14:16Z",
        "value": "287707.081240654",
        "cumulative": true
    },
    {
        "date": "2020-09-11T12:14:36Z",
        "value": "293922.48805713654",
        "cumulative": true
    },
    {
        "date": "2020-09-11T12:14:56Z",
        "value": "300304.7189435959",
        "cumulative": true
    },
    {
        "date": "2020-09-11T12:15:07Z",
        "value": "304234.2481164932",
        "cumulative": true
    },
    {
        "date": "2020-09-11T12:15:25Z",
        "value": "308062.91387939453",
        "cumulative": true
    },
    {
        "date": "2020-09-11T12:15:43Z",
        "value": "310799.27864074707",
        "cumulative": true
    },
    {
        "date": "2020-09-11T12:15:53Z",
        "value": "312393.6714553833",
        "cumulative": true
    },
    {
        "date": "2020-09-11T12:16:11Z",
        "value": "314943.0348033905",
        "cumulative": true
    },
    {
        "date": "2020-09-11T12:16:26Z",
        "value": "317187.8505420685",
        "cumulative": true
    },
    {
        "date": "2020-09-11T12:16:39Z",
        "value": "319241.4050998688",
        "cumulative": true
    },
    {
        "date": "2020-09-11T12:16:58Z",
        "value": "321984.4101524353",
        "cumulative": true
    },
    {
        "date": "2020-09-11T12:17:17Z",
        "value": "324551.17996788025",
        "cumulative": true
    },
    {
        "date": "2020-09-11T12:17:34Z",
        "value": "327156.7487602234",
        "cumulative": true
    },
    {
        "date": "2020-09-11T12:17:50Z",
        "value": "329529.347574234",
        "cumulative": true
    },
    {
        "date": "2020-09-11T12:18:08Z",
        "value": "335737.8894100189",
        "cumulative": true
    },
    {
        "date": "2020-09-11T12:18:22Z",
        "value": "339982.8371963501",
        "cumulative": true
    },
    {
        "date": "2020-09-11T12:18:39Z",
        "value": "345653.9330596924",
        "cumulative": true
    },
    {
        "date": "2020-09-11T12:18:57Z",
        "value": "351683.7803516388",
        "cumulative": true
    },
    {
        "date": "2020-09-11T12:19:15Z",
        "value": "357757.50766563416",
        "cumulative": true
    },
    {
        "date": "2020-09-11T12:19:26Z",
        "value": "361211.3918914795",
        "cumulative": true
    },
    {
        "date": "2020-09-11T12:19:38Z",
        "value": "365285.1494731903",
        "cumulative": true
    },
    {
        "date": "2020-09-11T12:19:50Z",
        "value": "369425.57719039917",
        "cumulative": true
    },
    {
        "date": "2020-09-11T12:20:02Z",
        "value": "373310.78278923035",
        "cumulative": true
    },
    {
        "date": "2020-09-11T12:20:15Z",
        "value": "377349.1667137146",
        "cumulative": true
    },
    {
        "date": "2020-09-11T12:20:31Z",
        "value": "382539.1895236969",
        "cumulative": true
    },
    {
        "date": "2020-09-11T12:20:48Z",
        "value": "387644.5894126892",
        "cumulative": true
    },
    {
        "date": "2020-09-11T12:20:59Z",
        "value": "389150.32947540283",
        "cumulative": true
    },
    {
        "date": "2020-09-11T12:21:10Z",
        "value": "390891.33819389343",
        "cumulative": true
    },
    {
        "date": "2020-09-11T12:21:23Z",
        "value": "392868.7828159332",
        "cumulative": true
    },
    {
        "date": "2020-09-11T12:21:35Z",
        "value": "394663.8595161438",
        "cumulative": true
    },
    {
        "date": "2020-09-11T12:21:53Z",
        "value": "397272.84176826477",
        "cumulative": true
    },
    {
        "date": "2020-09-11T12:22:04Z",
        "value": "398981.9023761749",
        "cumulative": true
    },
    {
        "date": "2020-09-11T12:22:18Z",
        "value": "400898.24283981323",
        "cumulative": true
    },
    {
        "date": "2020-09-11T12:22:37Z",
        "value": "403708.6695919037",
        "cumulative": true
    },
    {
        "date": "2020-09-11T12:22:49Z",
        "value": "405389.09828567505",
        "cumulative": true
    },
    {
        "date": "2020-09-11T12:23:00Z",
        "value": "407120.191614151",
        "cumulative": true
    },
    {
        "date": "2020-09-11T12:23:12Z",
        "value": "408953.514749527",
        "cumulative": true
    },
    {
        "date": "2020-09-11T12:23:32Z",
        "value": "412020.7323989868",
        "cumulative": true
    },
    {
        "date": "2020-09-11T12:23:50Z",
        "value": "414613.0802669525",
        "cumulative": true
    },
    {
        "date": "2020-09-11T12:24:07Z",
        "value": "416050.6082210541",
        "cumulative": true
    }
]