[
    {
        "date": "2020-09-11T11:52:17Z",
        "value": "0.0009593963623046875",
        "cumulative": true
    },
    {
        "date": "2020-09-11T11:52:34Z",
        "value": "3.3426437377929688",
        "cumulative": true
    },
    {
        "date": "2020-09-11T11:52:51Z",
        "value": "2130.231113433838",
        "cumulative": true
    },
    {
        "date": "2020-09-11T11:53:04Z",
        "value": "4905.203127861023",
        "cumulative": true
    },
    {
        "date": "2020-09-11T11:53:17Z",
        "value": "7579.429061889648",
        "cumulative": true
    },
    {
        "date": "2020-09-11T11:53:29Z",
        "value": "9688.522171020508",
        "cumulative": true
    },
    {
        "date": "2020-09-11T11:53:44Z",
        "value": "12615.125722885132",
        "cumulative": true
    },
    {
        "date": "2020-09-11T11:54:03Z",
        "value": "16562.67626094818",
        "cumulative": true
    },
    {
        "date": "2020-09-11T11:54:14Z",
        "value": "19209.985858917236",
        "cumulative": true
    },
    {
        "date": "2020-09-11T11:54:25Z",
        "value": "21375.825785636902",
        "cumulative": true
    },
    {
        "date": "2020-09-11T11:54:35Z",
        "value": "23931.939266204834",
        "cumulative": true
    },
    {
        "date": "2020-09-11T11:54:51Z",
        "value": "26928.217703819275",
        "cumulative": true
    },
    {
        "date": "2020-09-11T11:55:01Z",
        "value": "29927.415565490723",
        "cumulative": true
    },
    {
        "date": "2020-09-11T11:55:14Z",
        "value": "31668.22922897339",
        "cumulative": true
    },
    {
        "date": "2020-09-11T11:55:32Z",
        "value": "36197.92400550842",
        "cumulative": true
    },
    {
        "date": "2020-09-11T11:55:43Z",
        "value": "38432.54816246033",
        "cumulative": true
    },
    {
        "date": "2020-09-11T11:55:57Z",
        "value": "40301.77794456482",
        "cumulative": true
    },
    {
        "date": "2020-09-11T11:56:07Z",
        "value": "42849.26697063446",
        "cumulative": true
    },
    {
        "date": "2020-09-11T11:56:20Z",
        "value": "46278.42621707916",
        "cumulative": true
    },
    {
        "date": "2020-09-11T11:56:34Z",
        "value": "48878.49220466614",
        "cumulative": true
    },
    {
        "date": "2020-09-11T11:56:52Z",
        "value": "51305.216007232666",
        "cumulative": true
    },
    {
        "date": "2020-09-11T11:57:03Z",
        "value": "54220.90737533569",
        "cumulative": true
    },
    {
        "date": "2020-09-11T11:57:13Z",
        "value": "57061.17949676514",
        "cumulative": true
    },
    {
        "date": "2020-09-11T11:57:30Z",
        "value": "60881.36790847778",
        "cumulative": true
    },
    {
        "date": "2020-09-11T11:57:44Z",
        "value": "62759.62505149841",
        "cumulative": true
    },
    {
        "date": "2020-09-11T11:58:03Z",
        "value": "65857.55905723572",
        "cumulative": true
    },
    {
        "date": "2020-09-11T11:58:13Z",
        "value": "68998.36839866638",
        "cumulative": true
    },
    {
        "date": "2020-09-11T11:58:32Z",
        "value": "74467.03107261658",
        "cumulative": true
    },
    {
        "date": "2020-09-11T11:58:49Z",
        "value": "77593.79400062561",
        "cumulative": true
    },
    {
        "date": "2020-09-11T11:59:08Z",
        "value": "80041.66515731812",
        "cumulative": true
    },
    {
        "date": "2020-09-11T11:59:20Z",
        "value": "81581.17248725891",
        "cumulative": true
    },
    {
        "date": "2020-09-11T11:59:33Z",
        "value": "85328.45276165009",
        "cumulative": true
    },
    {
        "date": "2020-09-11T11:59:48Z",
        "value": "90283.8863954544",
        "cumulative": true
    },
    {
        "date": "2020-09-11T12:00:01Z",
        "value": "94439.18536281586",
        "cumulative": true
    },
    {
        "date": "2020-09-11T12:00:20Z",
        "value": "97810.15206241608",
        "cumulative": true
    },
    {
        "date": "2020-09-11T12:00:30Z",
        "value": "99178.92291545868",
        "cumulative": true
    },
    {
        "date": "2020-09-11T12:00:41Z",
        "value": "100530.84578609467",
        "cumulative": true
    },
    {
        "date": "2020-09-11T12:00:57Z",
        "value": "102638.74727916718",
        "cumulative": true
    },
    {
        "date": "2020-09-11T12:01:16Z",
        "value": "108028.03277683258",
        "cumulative": true
    },
    {
        "date": "2020-09-11T12:01:33Z",
        "value": "113887.41037845612",
        "cumulative": true
    },
    {
        "date": "2020-09-11T12:01:52Z",
        "value": "120237.80467700958",
        "cumulative": true
    },
    {
        "date": "2020-09-11T12:02:06Z",
        "value": "122606.4890575409",
        "cumulative": true
    },
    {
        "date": "2020-09-11T12:02:22Z",
        "value": "124720.51767730713",
        "cumulative": true
    },
    {
        "date": "2020-09-11T12:02:35Z",
        "value": "126439.07684135437",
        "cumulative": true
    },
    {
        "date": "2020-09-11T12:02:53Z",
        "value": "128860.862575531",
        "cumulative": true
    },
    {
        "date": "2020-09-11T12:03:08Z",
        "value": "131217.77749061584",
        "cumulative": true
    },
    {
        "date": "2020-09-11T12:03:22Z",
        "value": "135521.80849075317",
        "cumulative": true
    },
    {
        "date": "2020-09-11T12:03:33Z",
        "value": "138741.01929664612",
        "cumulative": true
    },
    {
        "date": "2020-09-11T12:03:44Z",
        "value": "142158.11639022827",
        "cumulative": true
    },
    {
        "date": "2020-09-11T12:04:00Z",
        "value": "147273.4160823822",
        "cumulative": true
    },
    {
        "date": "2020-09-11T12:04:11Z",
        "value": "150602.14461898804",
        "cumulative": true
    },
    {
        "date": "2020-09-11T12:04:24Z",
        "value": "154016.42064666748",
        "cumulative": true
    },
    {
        "date": "2020-09-11T12:04:36Z",
        "value": "155605.68552017212",
        "cumulative": true
    },
    {
        "date": "2020-09-11T12:04:54Z",
        "value": "158231.96883773804",
        "cumulative": true
    },
    {
        "date": "2020-09-11T12:05:12Z",
        "value": "160851.2062587738",
        "cumulative": true
    },
    {
        "date": "2020-09-11T12:05:23Z",
        "value": "162337.23079681396",
        "cumulative": true
    },
    {
        "date": "2020-09-11T12:05:40Z",
        "value": "164793.38889694214",
        "cumulative": true
    },
    {
        "date": "2020-09-11T12:05:51Z",
        "value": "168101.36749839783",
        "cumulative": true
    },
    {
        "date": "2020-09-11T12:06:10Z",
        "value": "174305.2557735443",
        "cumulative": true
    },
    {
        "date": "2020-09-11T12:06:24Z",
        "value": "178471.13991737366",
        "cumulative": true
    },
    {
        "date": "2020-09-11T12:06:38Z",
        "value": "182631.67114257812",
        "cumulative": true
    },
    {
        "date": "2020-09-11T12:06:53Z",
        "value": "187334.53751182556",
        "cumulative": true
    },
    {
        "date": "2020-09-11T12:07:12Z",
        "value": "193309.160695076",
        "cumulative": true
    },
    {
        "date": "2020-09-11T12:07:31Z",
        "value": "195985.6944990158",
        "cumulative": true
    },
    {
        "date": "2020-09-11T12:07:49Z",
        "value": "198640.61153125763",
        "cumulative": true
    },
    {
        "date": "2020-09-11T12:08:00Z",
        "value": "200223.81097888947",
        "cumulative": true
    },
    {
        "date": "2020-09-11T12:08:16Z",
        "value": "202523.6481218338",
        "cumulative": true
    },
    {
        "date": "2020-09-11T12:08:34Z",
        "value": "205113.93205738068",
        "cumulative": true
    },
    {
        "date": "2020-09-11T12:08:46Z",
        "value": "206758.07227230072",
        "cumulative": true
    },
    {
        "date": "2020-09-11T12:09:01Z",
        "value": "210421.39822864532",
        "cumulative": true
    },
    {
        "date": "2020-09-11T12:09:21Z",
        "value": "216438.70036792755",
        "cumulative": true
    },
    {
        "date": "2020-09-11T12:09:38Z",
        "value": "221875.71978473663",
        "cumulative": true
    },
    {
        "date": "2020-09-11T12:09:57Z",
        "value": "227877.96253108978",
        "cumulative": true
    },
    {
        "date": "2020-09-11T12:10:15Z",
        "value": "233490.2833814621",
        "cumulative": true
    },
    {
        "date": "2020-09-11T12:10:33Z",
        "value": "239295.3797864914",
        "cumulative": true
    },
    {
        "date": "2020-09-11T12:10:46Z",
        "value": "243358.46683979034",
        "cumulative": true
    },
    {
        "date": "2020-09-11T12:11:00Z",
        "value": "245734.14407920837",
        "cumulative": true
    },
    {
        "date": "2020-09-11T12:11:12Z",
        "value": "247442.36627388",
        "cumulative": true
    },
    {
        "date": "2020-09-11T12:11:26Z",
        "value": "249441.54353141785",
        "cumulative": true
    },
    {
        "date": "2020-09-11T12:11:37Z",
        "value": "251082.6150417328",
        "cumulative": true
    },
    {
        "date": "2020-09-11T12:11:56Z",
        "value": "253731.5754928589",
        "cumulative": true
    },
    {
        "date": "2020-09-11T12:12:06Z",
        "value": "255273.93574142456",
        "cumulative": true
    },
    {
        "date": "2020-09-11T12:12:21Z",
        "value": "257458.30457305908",
        "cumulative": true
    },
    {
        "date": "2020-09-11T12:12:33Z",
        "value": "259244.77743148804",
        "cumulative": true
    },
    {
        "date": "2020-09-11T12:12:44Z",
        "value": "260757.20385932922",
        "cumulative": true
    },
    {
        "date": "2020-09-11T12:12:58Z",
        "value": "263745.6818122864",
        "cumulative": true
    },
    {
        "date": "2020-09-11T12:13:16Z",
        "value": "269770.9772129059",
        "cumulative": true
    },
    {
        "date": "2020-09-11T12:13:27Z",
        "value": "273218.8305969238",
        "cumulative": true
    },
    {
        "date": "2020-09-11T12:13:41Z",
        "value": "277530.80715179443",
        "cumulative": true
    },
    {
        "date": "2020-09-11T12:13:55Z",
        "value": "281948.61124801636",
        "cumulative": true
    },
    {
        "date": "2020-09-11T12:14:07Z",
        "value": "286071.47071266174",
        "cumulative": true
    },
    {
        "date": "2020-09-11T12:14:24Z",
        "value": "291582.46248817444",
        "cumulative": true
    },
    {
        "date": "2020-09-11T12:14:41Z",
        "value": "296824.01131629944",
        "cumulative": true
    },
    {
        "date": "2020-09-11T12:14:56Z",
        "value": "301701.09757232666",
        "cumulative": true
    },
    {
        "date": "2020-09-11T12:15:12Z",
        "value": "307144.1828594208",
        "cumulative": true
    },
    {
        "date": "2020-09-11T12:15:31Z",
        "value": "310464.27222537994",
        "cumulative": true
    },
    {
        "date": "2020-09-11T12:15:43Z",
        "value": "312238.0196619034",
        "cumulative": true
    },
    {
        "date": "2020-09-11T12:16:03Z",
        "value": "315232.10618686676",
        "cumulative": true
    },
    {
        "date": "2020-09-11T12:16:20Z",
        "value": "317803.1760187149",
        "cumulative": true
    },
    {
        "date": "2020-09-11T12:16:33Z",
        "value": "319666.9468450546",
        "cumulative": true
    },
    {
        "date": "2020-09-11T12:16:45Z",
        "value": "321434.2836942673",
        "cumulative": true
    },
    {
        "date": "2020-09-11T12:17:00Z",
        "value": "323740.7601194382",
        "cumulative": true
    },
    {
        "date": "2020-09-11T12:17:11Z",
        "value": "325356.89964962006",
        "cumulative": true
    },
    {
        "date": "2020-09-11T12:17:26Z",
        "value": "327432.6404161453",
        "cumulative": true
    },
    {
        "date": "2020-09-11T12:17:45Z",
        "value": "330305.19910907745",
        "cumulative": true
    },
    {
        "date": "2020-09-11T12:18:02Z",
        "value": "335150.21685409546",
        "cumulative": true
    },
    {
        "date": "2020-09-11T12:18:21Z",
        "value": "341524.73436164856",
        "cumulative": true
    },
    {
        "date": "2020-09-11T12:18:38Z",
        "value": "346798.7000904083",
        "cumulative": true
    },
    {
        "date": "2020-09-11T12:18:52Z",
        "value": "351623.61095046997",
        "cumulative": true
    },
    {
        "date": "2020-09-11T12:19:05Z",
        "value": "356024.4592227936",
        "cumulative": true
    },
    {
        "date": "2020-09-11T12:19:24Z",
        "value": "362367.3781223297",
        "cumulative": true
    },
    {
        "date": "2020-09-11T12:19:37Z",
        "value": "367003.45830345154",
        "cumulative": true
    },
    {
        "date": "2020-09-11T12:19:56Z",
        "value": "373392.4153175354",
        "cumulative": true
    },
    {
        "date": "2020-09-11T12:20:16Z",
        "value": "379775.78496551514",
        "cumulative": true
    },
    {
        "date": "2020-09-11T12:20:33Z",
        "value": "385394.3553276062",
        "cumulative": true
    },
    {
        "date": "2020-09-11T12:20:50Z",
        "value": "389721.79887771606",
        "cumulative": true
    },
    {
        "date": "2020-09-11T12:21:01Z",
        "value": "391354.3906650543",
        "cumulative": true
    },
    {
        "date": "2020-09-11T12:21:13Z",
        "value": "393137.8951396942",
        "cumulative": true
    },
    {
        "date": "2020-09-11T12:21:30Z",
        "value": "395694.0739917755",
        "cumulative": true
    },
    {
        "date": "2020-09-11T12:21:43Z",
        "value": "397621.3891429901",
        "cumulative": true
    },
    {
        "date": "2020-09-11T12:21:59Z",
        "value": "400029.7043361664",
        "cumulative": true
    },
    {
        "date": "2020-09-11T12:22:10Z",
        "value": "401764.71570014954",
        "cumulative": true
    },
    {
        "date": "2020-09-11T12:22:30Z",
        "value": "404656.81015586853",
        "cumulative": true
    },
    {
        "date": "2020-09-11T12:22:42Z",
        "value": "406402.33777809143",
        "cumulative": true
    },
    {
        "date": "2020-09-11T12:22:52Z",
        "value": "407852.884311676",
        "cumulative": true
    },
    {
        "date": "2020-09-11T12:23:05Z",
        "value": "409849.82482910156",
        "cumulative": true
    },
    {
        "date": "2020-09-11T12:23:20Z",
        "value": "411913.0620479584",
        "cumulative": true
    },
    {
        "date": "2020-09-11T12:23:39Z",
        "value": "414806.7934913635",
        "cumulative": true
    },
    {
        "date": "2020-09-11T12:23:55Z",
        "value": "417206.52104377747",
        "cumulative": true
    }
]