[
    {
        "date": "2020-09-11T11:52:27Z",
        "value": "1.87890625",
        "cumulative": false
    },
    {
        "date": "2020-09-11T11:52:38Z",
        "value": "1216.03515625",
        "cumulative": false
    },
    {
        "date": "2020-09-11T11:52:57Z",
        "value": "1220.265625",
        "cumulative": false
    },
    {
        "date": "2020-09-11T11:53:07Z",
        "value": "1222.89453125",
        "cumulative": false
    },
    {
        "date": "2020-09-11T11:53:27Z",
        "value": "1229.76953125",
        "cumulative": false
    },
    {
        "date": "2020-09-11T11:53:45Z",
        "value": "1242.16015625",
        "cumulative": false
    },
    {
        "date": "2020-09-11T11:53:56Z",
        "value": "1242.1640625",
        "cumulative": false
    },
    {
        "date": "2020-09-11T11:54:13Z",
        "value": "1246.00390625",
        "cumulative": false
    },
    {
        "date": "2020-09-11T11:54:29Z",
        "value": "1250.84765625",
        "cumulative": false
    },
    {
        "date": "2020-09-11T11:54:49Z",
        "value": "1262.5",
        "cumulative": false
    },
    {
        "date": "2020-09-11T11:54:59Z",
        "value": "1262.5",
        "cumulative": false
    },
    {
        "date": "2020-09-11T11:55:13Z",
        "value": "1271.75",
        "cumulative": false
    },
    {
        "date": "2020-09-11T11:55:28Z",
        "value": "1271.75",
        "cumulative": false
    },
    {
        "date": "2020-09-11T11:55:44Z",
        "value": "1283.265625",
        "cumulative": false
    },
    {
        "date": "2020-09-11T11:55:54Z",
        "value": "1283.3203125",
        "cumulative": false
    },
    {
        "date": "2020-09-11T11:56:12Z",
        "value": "1277.12109375",
        "cumulative": false
    },
    {
        "date": "2020-09-11T11:56:26Z",
        "value": "1251.109375",
        "cumulative": false
    },
    {
        "date": "2020-09-11T11:56:44Z",
        "value": "1275.8828125",
        "cumulative": false
    },
    {
        "date": "2020-09-11T11:56:58Z",
        "value": "1251.09375",
        "cumulative": false
    },
    {
        "date": "2020-09-11T11:57:15Z",
        "value": "1251.12109375",
        "cumulative": false
    },
    {
        "date": "2020-09-11T11:57:26Z",
        "value": "1293.734375",
        "cumulative": false
    },
    {
        "date": "2020-09-11T11:57:39Z",
        "value": "1316.43359375",
        "cumulative": false
    },
    {
        "date": "2020-09-11T11:57:50Z",
        "value": "1316.43359375",
        "cumulative": false
    },
    {
        "date": "2020-09-11T11:58:07Z",
        "value": "1257.25390625",
        "cumulative": false
    },
    {
        "date": "2020-09-11T11:58:27Z",
        "value": "1257.265625",
        "cumulative": false
    },
    {
        "date": "2020-09-11T11:58:40Z",
        "value": "1332.3984375",
        "cumulative": false
    },
    {
        "date": "2020-09-11T11:58:50Z",
        "value": "1257.22265625",
        "cumulative": false
    },
    {
        "date": "2020-09-11T11:59:03Z",
        "value": "1268.6796875",
        "cumulative": false
    },
    {
        "date": "2020-09-11T11:59:16Z",
        "value": "1331.6953125",
        "cumulative": false
    },
    {
        "date": "2020-09-11T11:59:30Z",
        "value": "1271.71875",
        "cumulative": false
    },
    {
        "date": "2020-09-11T11:59:47Z",
        "value": "1257.1796875",
        "cumulative": false
    },
    {
        "date": "2020-09-11T12:00:02Z",
        "value": "1274.25390625",
        "cumulative": false
    },
    {
        "date": "2020-09-11T12:00:21Z",
        "value": "1257.171875",
        "cumulative": false
    },
    {
        "date": "2020-09-11T12:00:32Z",
        "value": "1257.19140625",
        "cumulative": false
    },
    {
        "date": "2020-09-11T12:00:49Z",
        "value": "1297.65625",
        "cumulative": false
    },
    {
        "date": "2020-09-11T12:01:06Z",
        "value": "1296.59765625",
        "cumulative": false
    },
    {
        "date": "2020-09-11T12:01:23Z",
        "value": "1259.10546875",
        "cumulative": false
    },
    {
        "date": "2020-09-11T12:01:34Z",
        "value": "1376.31640625",
        "cumulative": false
    },
    {
        "date": "2020-09-11T12:01:49Z",
        "value": "1285.83203125",
        "cumulative": false
    },
    {
        "date": "2020-09-11T12:02:08Z",
        "value": "1257.18359375",
        "cumulative": false
    },
    {
        "date": "2020-09-11T12:02:26Z",
        "value": "1285.68359375",
        "cumulative": false
    },
    {
        "date": "2020-09-11T12:02:38Z",
        "value": "1403.11328125",
        "cumulative": false
    },
    {
        "date": "2020-09-11T12:02:56Z",
        "value": "1257.265625",
        "cumulative": false
    },
    {
        "date": "2020-09-11T12:03:15Z",
        "value": "1257.29296875",
        "cumulative": false
    },
    {
        "date": "2020-09-11T12:03:29Z",
        "value": "1370.01953125",
        "cumulative": false
    },
    {
        "date": "2020-09-11T12:03:42Z",
        "value": "1257.23828125",
        "cumulative": false
    },
    {
        "date": "2020-09-11T12:03:58Z",
        "value": "1359.80078125",
        "cumulative": false
    },
    {
        "date": "2020-09-11T12:04:16Z",
        "value": "1258.203125",
        "cumulative": false
    },
    {
        "date": "2020-09-11T12:04:27Z",
        "value": "1381.80078125",
        "cumulative": false
    },
    {
        "date": "2020-09-11T12:04:46Z",
        "value": "1276.67578125",
        "cumulative": false
    },
    {
        "date": "2020-09-11T12:05:05Z",
        "value": "1375.95703125",
        "cumulative": false
    },
    {
        "date": "2020-09-11T12:05:23Z",
        "value": "1275.86328125",
        "cumulative": false
    },
    {
        "date": "2020-09-11T12:05:36Z",
        "value": "1434.53125",
        "cumulative": false
    },
    {
        "date": "2020-09-11T12:05:47Z",
        "value": "1257.27734375",
        "cumulative": false
    },
    {
        "date": "2020-09-11T12:06:01Z",
        "value": "1372.43359375",
        "cumulative": false
    },
    {
        "date": "2020-09-11T12:06:13Z",
        "value": "1257.26953125",
        "cumulative": false
    },
    {
        "date": "2020-09-11T12:06:31Z",
        "value": "1264.43359375",
        "cumulative": false
    },
    {
        "date": "2020-09-11T12:06:47Z",
        "value": "1390.60546875",
        "cumulative": false
    },
    {
        "date": "2020-09-11T12:07:03Z",
        "value": "1257.3046875",
        "cumulative": false
    },
    {
        "date": "2020-09-11T12:07:19Z",
        "value": "1257.27734375",
        "cumulative": false
    },
    {
        "date": "2020-09-11T12:07:39Z",
        "value": "1441.74609375",
        "cumulative": false
    },
    {
        "date": "2020-09-11T12:07:50Z",
        "value": "1257.21484375",
        "cumulative": false
    },
    {
        "date": "2020-09-11T12:08:00Z",
        "value": "1429.80859375",
        "cumulative": false
    },
    {
        "date": "2020-09-11T12:08:15Z",
        "value": "1513.96484375",
        "cumulative": false
    },
    {
        "date": "2020-09-11T12:08:26Z",
        "value": "1531.40234375",
        "cumulative": false
    },
    {
        "date": "2020-09-11T12:08:43Z",
        "value": "1522.80859375",
        "cumulative": false
    },
    {
        "date": "2020-09-11T12:08:58Z",
        "value": "1271.8125",
        "cumulative": false
    },
    {
        "date": "2020-09-11T12:09:11Z",
        "value": "1257.25390625",
        "cumulative": false
    },
    {
        "date": "2020-09-11T12:09:22Z",
        "value": "1257.30078125",
        "cumulative": false
    },
    {
        "date": "2020-09-11T12:09:34Z",
        "value": "1257.2890625",
        "cumulative": false
    },
    {
        "date": "2020-09-11T12:09:49Z",
        "value": "1257.1953125",
        "cumulative": false
    },
    {
        "date": "2020-09-11T12:10:06Z",
        "value": "1257.2265625",
        "cumulative": false
    },
    {
        "date": "2020-09-11T12:10:18Z",
        "value": "1270.9921875",
        "cumulative": false
    },
    {
        "date": "2020-09-11T12:10:34Z",
        "value": "1257.27734375",
        "cumulative": false
    },
    {
        "date": "2020-09-11T12:10:51Z",
        "value": "1340.5234375",
        "cumulative": false
    },
    {
        "date": "2020-09-11T12:11:07Z",
        "value": "1257.1875",
        "cumulative": false
    },
    {
        "date": "2020-09-11T12:11:25Z",
        "value": "1407.2890625",
        "cumulative": false
    },
    {
        "date": "2020-09-11T12:11:37Z",
        "value": "1480.76171875",
        "cumulative": false
    },
    {
        "date": "2020-09-11T12:11:48Z",
        "value": "1339.5859375",
        "cumulative": false
    },
    {
        "date": "2020-09-11T12:12:01Z",
        "value": "1328.61328125",
        "cumulative": false
    },
    {
        "date": "2020-09-11T12:12:11Z",
        "value": "1440.70703125",
        "cumulative": false
    },
    {
        "date": "2020-09-11T12:12:30Z",
        "value": "1257.26953125",
        "cumulative": false
    },
    {
        "date": "2020-09-11T12:12:46Z",
        "value": "1257.1875",
        "cumulative": false
    },
    {
        "date": "2020-09-11T12:13:05Z",
        "value": "1257.234375",
        "cumulative": false
    },
    {
        "date": "2020-09-11T12:13:19Z",
        "value": "1257.3046875",
        "cumulative": false
    },
    {
        "date": "2020-09-11T12:13:30Z",
        "value": "1257.234375",
        "cumulative": false
    },
    {
        "date": "2020-09-11T12:13:49Z",
        "value": "1542.0546875",
        "cumulative": false
    },
    {
        "date": "2020-09-11T12:14:01Z",
        "value": "1257.2578125",
        "cumulative": false
    },
    {
        "date": "2020-09-11T12:14:15Z",
        "value": "1257.2734375",
        "cumulative": false
    },
    {
        "date": "2020-09-11T12:14:29Z",
        "value": "1257.2578125",
        "cumulative": false
    },
    {
        "date": "2020-09-11T12:14:46Z",
        "value": "1257.28125",
        "cumulative": false
    },
    {
        "date": "2020-09-11T12:14:57Z",
        "value": "1257.1875",
        "cumulative": false
    },
    {
        "date": "2020-09-11T12:15:10Z",
        "value": "1257.234375",
        "cumulative": false
    },
    {
        "date": "2020-09-11T12:15:27Z",
        "value": "1257.27734375",
        "cumulative": false
    },
    {
        "date": "2020-09-11T12:15:41Z",
        "value": "1490.21875",
        "cumulative": false
    },
    {
        "date": "2020-09-11T12:16:00Z",
        "value": "1625.3515625",
        "cumulative": false
    },
    {
        "date": "2020-09-11T12:16:13Z",
        "value": "1470.33203125",
        "cumulative": false
    },
    {
        "date": "2020-09-11T12:16:28Z",
        "value": "1257.30859375",
        "cumulative": false
    },
    {
        "date": "2020-09-11T12:16:48Z",
        "value": "1611.7578125",
        "cumulative": false
    },
    {
        "date": "2020-09-11T12:17:03Z",
        "value": "1696.40625",
        "cumulative": false
    },
    {
        "date": "2020-09-11T12:17:23Z",
        "value": "1325.6015625",
        "cumulative": false
    },
    {
        "date": "2020-09-11T12:17:40Z",
        "value": "1635.02734375",
        "cumulative": false
    },
    {
        "date": "2020-09-11T12:17:57Z",
        "value": "1257.2578125",
        "cumulative": false
    },
    {
        "date": "2020-09-11T12:18:10Z",
        "value": "1401.6953125",
        "cumulative": false
    },
    {
        "date": "2020-09-11T12:18:23Z",
        "value": "1274.1953125",
        "cumulative": false
    },
    {
        "date": "2020-09-11T12:18:36Z",
        "value": "1598.2265625",
        "cumulative": false
    },
    {
        "date": "2020-09-11T12:18:46Z",
        "value": "1484.671875",
        "cumulative": false
    },
    {
        "date": "2020-09-11T12:19:06Z",
        "value": "1257.2890625",
        "cumulative": false
    },
    {
        "date": "2020-09-11T12:19:23Z",
        "value": "1257.2578125",
        "cumulative": false
    },
    {
        "date": "2020-09-11T12:19:36Z",
        "value": "1639.4765625",
        "cumulative": false
    },
    {
        "date": "2020-09-11T12:19:47Z",
        "value": "1639.5078125",
        "cumulative": false
    },
    {
        "date": "2020-09-11T12:20:01Z",
        "value": "1257.2578125",
        "cumulative": false
    },
    {
        "date": "2020-09-11T12:20:18Z",
        "value": "1442.2890625",
        "cumulative": false
    },
    {
        "date": "2020-09-11T12:20:37Z",
        "value": "1257.2578125",
        "cumulative": false
    },
    {
        "date": "2020-09-11T12:20:47Z",
        "value": "1257.3125",
        "cumulative": false
    },
    {
        "date": "2020-09-11T12:21:02Z",
        "value": "1306.28515625",
        "cumulative": false
    },
    {
        "date": "2020-09-11T12:21:20Z",
        "value": "1318.7421875",
        "cumulative": false
    },
    {
        "date": "2020-09-11T12:21:33Z",
        "value": "1272.08984375",
        "cumulative": false
    },
    {
        "date": "2020-09-11T12:21:44Z",
        "value": "1697.7734375",
        "cumulative": false
    },
    {
        "date": "2020-09-11T12:21:57Z",
        "value": "1257.1953125",
        "cumulative": false
    },
    {
        "date": "2020-09-11T12:22:13Z",
        "value": "1643.921875",
        "cumulative": false
    },
    {
        "date": "2020-09-11T12:22:29Z",
        "value": "1785.640625",
        "cumulative": false
    },
    {
        "date": "2020-09-11T12:22:42Z",
        "value": "1278.15625",
        "cumulative": false
    },
    {
        "date": "2020-09-11T12:22:52Z",
        "value": "1679.78125",
        "cumulative": false
    },
    {
        "date": "2020-09-11T12:23:06Z",
        "value": "1750.08203125",
        "cumulative": false
    },
    {
        "date": "2020-09-11T12:23:20Z",
        "value": "1815.48828125",
        "cumulative": false
    },
    {
        "date": "2020-09-11T12:23:37Z",
        "value": "1642.09375",
        "cumulative": false
    },
    {
        "date": "2020-09-11T12:23:49Z",
        "value": "1257.20703125",
        "cumulative": false
    },
    {
        "date": "2020-09-11T12:24:06Z",
        "value": "1257.1953125",
        "cumulative": false
    }
]