[
    {
        "date": "2020-09-11T11:52:14Z",
        "value": "0.0009593963623046875",
        "cumulative": true
    },
    {
        "date": "2020-09-11T11:52:27Z",
        "value": "0.0009593963623046875",
        "cumulative": true
    },
    {
        "date": "2020-09-11T11:52:54Z",
        "value": "2752.232151031494",
        "cumulative": true
    },
    {
        "date": "2020-09-11T11:53:07Z",
        "value": "5471.235551834106",
        "cumulative": true
    },
    {
        "date": "2020-09-11T11:53:26Z",
        "value": "9247.069974899292",
        "cumulative": true
    },
    {
        "date": "2020-09-11T11:53:44Z",
        "value": "12514.84662437439",
        "cumulative": true
    },
    {
        "date": "2020-09-11T11:54:01Z",
        "value": "16181.16113948822",
        "cumulative": true
    },
    {
        "date": "2020-09-11T11:54:18Z",
        "value": "19818.307903289795",
        "cumulative": true
    },
    {
        "date": "2020-09-11T11:54:32Z",
        "value": "23449.032402038574",
        "cumulative": true
    },
    {
        "date": "2020-09-11T11:54:48Z",
        "value": "26201.043084144592",
        "cumulative": true
    },
    {
        "date": "2020-09-11T11:54:59Z",
        "value": "29044.593007087708",
        "cumulative": true
    },
    {
        "date": "2020-09-11T11:55:12Z",
        "value": "31280.58363723755",
        "cumulative": true
    },
    {
        "date": "2020-09-11T11:55:28Z",
        "value": "34923.10593891144",
        "cumulative": true
    },
    {
        "date": "2020-09-11T11:55:39Z",
        "value": "37764.67519378662",
        "cumulative": true
    },
    {
        "date": "2020-09-11T11:55:58Z",
        "value": "40316.18190193176",
        "cumulative": true
    },
    {
        "date": "2020-09-11T11:56:16Z",
        "value": "45097.15476131439",
        "cumulative": true
    },
    {
        "date": "2020-09-11T11:56:32Z",
        "value": "48457.90605068207",
        "cumulative": true
    },
    {
        "date": "2020-09-11T11:56:49Z",
        "value": "50685.13545703888",
        "cumulative": true
    },
    {
        "date": "2020-09-11T11:56:59Z",
        "value": "53119.87681674957",
        "cumulative": true
    },
    {
        "date": "2020-09-11T11:57:10Z",
        "value": "55956.39868450165",
        "cumulative": true
    },
    {
        "date": "2020-09-11T11:57:26Z",
        "value": "60170.30461502075",
        "cumulative": true
    },
    {
        "date": "2020-09-11T11:57:38Z",
        "value": "61712.54489135742",
        "cumulative": true
    },
    {
        "date": "2020-09-11T11:57:55Z",
        "value": "63988.619634628296",
        "cumulative": true
    },
    {
        "date": "2020-09-11T11:58:15Z",
        "value": "69308.4929895401",
        "cumulative": true
    },
    {
        "date": "2020-09-11T11:58:32Z",
        "value": "74355.61132907867",
        "cumulative": true
    },
    {
        "date": "2020-09-11T11:58:43Z",
        "value": "76609.94913196564",
        "cumulative": true
    },
    {
        "date": "2020-09-11T11:58:54Z",
        "value": "77905.1262216568",
        "cumulative": true
    },
    {
        "date": "2020-09-11T11:59:08Z",
        "value": "79667.14226055145",
        "cumulative": true
    },
    {
        "date": "2020-09-11T11:59:23Z",
        "value": "82198.68328666687",
        "cumulative": true
    },
    {
        "date": "2020-09-11T11:59:40Z",
        "value": "87377.02407646179",
        "cumulative": true
    },
    {
        "date": "2020-09-11T11:59:55Z",
        "value": "92011.12880516052",
        "cumulative": true
    },
    {
        "date": "2020-09-11T12:00:13Z",
        "value": "96340.526304245",
        "cumulative": true
    },
    {
        "date": "2020-09-11T12:00:25Z",
        "value": "97981.3952884674",
        "cumulative": true
    },
    {
        "date": "2020-09-11T12:00:43Z",
        "value": "100254.25046539307",
        "cumulative": true
    },
    {
        "date": "2020-09-11T12:01:00Z",
        "value": "102530.63836288452",
        "cumulative": true
    },
    {
        "date": "2020-09-11T12:01:13Z",
        "value": "106823.1097164154",
        "cumulative": true
    },
    {
        "date": "2020-09-11T12:01:29Z",
        "value": "111994.931640625",
        "cumulative": true
    },
    {
        "date": "2020-09-11T12:01:44Z",
        "value": "117155.43384933472",
        "cumulative": true
    },
    {
        "date": "2020-09-11T12:01:59Z",
        "value": "121050.09758758545",
        "cumulative": true
    },
    {
        "date": "2020-09-11T12:02:19Z",
        "value": "123654.35248756409",
        "cumulative": true
    },
    {
        "date": "2020-09-11T12:02:38Z",
        "value": "126152.57970809937",
        "cumulative": true
    },
    {
        "date": "2020-09-11T12:02:55Z",
        "value": "128408.81824874878",
        "cumulative": true
    },
    {
        "date": "2020-09-11T12:03:06Z",
        "value": "130033.53928661346",
        "cumulative": true
    },
    {
        "date": "2020-09-11T12:03:17Z",
        "value": "133197.67127895355",
        "cumulative": true
    },
    {
        "date": "2020-09-11T12:03:34Z",
        "value": "138470.0887517929",
        "cumulative": true
    },
    {
        "date": "2020-09-11T12:03:53Z",
        "value": "144075.68185710907",
        "cumulative": true
    },
    {
        "date": "2020-09-11T12:04:11Z",
        "value": "149972.45303821564",
        "cumulative": true
    },
    {
        "date": "2020-09-11T12:04:21Z",
        "value": "152691.3675441742",
        "cumulative": true
    },
    {
        "date": "2020-09-11T12:04:34Z",
        "value": "154592.11317062378",
        "cumulative": true
    },
    {
        "date": "2020-09-11T12:04:53Z",
        "value": "157230.13151741028",
        "cumulative": true
    },
    {
        "date": "2020-09-11T12:05:06Z",
        "value": "159047.47805404663",
        "cumulative": true
    },
    {
        "date": "2020-09-11T12:05:18Z",
        "value": "160640.09781646729",
        "cumulative": true
    },
    {
        "date": "2020-09-11T12:05:30Z",
        "value": "162343.144197464",
        "cumulative": true
    },
    {
        "date": "2020-09-11T12:05:44Z",
        "value": "165311.67502975464",
        "cumulative": true
    },
    {
        "date": "2020-09-11T12:05:57Z",
        "value": "169288.9740486145",
        "cumulative": true
    },
    {
        "date": "2020-09-11T12:06:15Z",
        "value": "174755.59231948853",
        "cumulative": true
    },
    {
        "date": "2020-09-11T12:06:32Z",
        "value": "179717.99608039856",
        "cumulative": true
    },
    {
        "date": "2020-09-11T12:06:51Z",
        "value": "185822.37817764282",
        "cumulative": true
    },
    {
        "date": "2020-09-11T12:07:11Z",
        "value": "191943.73122024536",
        "cumulative": true
    },
    {
        "date": "2020-09-11T12:07:30Z",
        "value": "194812.8776845932",
        "cumulative": true
    },
    {
        "date": "2020-09-11T12:07:47Z",
        "value": "197253.06913852692",
        "cumulative": true
    },
    {
        "date": "2020-09-11T12:08:03Z",
        "value": "199521.22463703156",
        "cumulative": true
    },
    {
        "date": "2020-09-11T12:08:19Z",
        "value": "201847.0109052658",
        "cumulative": true
    },
    {
        "date": "2020-09-11T12:08:38Z",
        "value": "204573.23952579498",
        "cumulative": true
    },
    {
        "date": "2020-09-11T12:08:54Z",
        "value": "207283.55177402496",
        "cumulative": true
    },
    {
        "date": "2020-09-11T12:09:08Z",
        "value": "211501.30439662933",
        "cumulative": true
    },
    {
        "date": "2020-09-11T12:09:25Z",
        "value": "216721.06768894196",
        "cumulative": true
    },
    {
        "date": "2020-09-11T12:09:37Z",
        "value": "220344.57088947296",
        "cumulative": true
    },
    {
        "date": "2020-09-11T12:09:54Z",
        "value": "225781.194149971",
        "cumulative": true
    },
    {
        "date": "2020-09-11T12:10:07Z",
        "value": "229758.41030216217",
        "cumulative": true
    },
    {
        "date": "2020-09-11T12:10:23Z",
        "value": "234821.3110151291",
        "cumulative": true
    },
    {
        "date": "2020-09-11T12:10:36Z",
        "value": "239038.11395549774",
        "cumulative": true
    },
    {
        "date": "2020-09-11T12:10:54Z",
        "value": "243526.03944396973",
        "cumulative": true
    },
    {
        "date": "2020-09-11T12:11:05Z",
        "value": "245160.15417099",
        "cumulative": true
    },
    {
        "date": "2020-09-11T12:11:15Z",
        "value": "246790.87842941284",
        "cumulative": true
    },
    {
        "date": "2020-09-11T12:11:30Z",
        "value": "248810.32466506958",
        "cumulative": true
    },
    {
        "date": "2020-09-11T12:11:40Z",
        "value": "250268.53538703918",
        "cumulative": true
    },
    {
        "date": "2020-09-11T12:11:54Z",
        "value": "252258.59360313416",
        "cumulative": true
    },
    {
        "date": "2020-09-11T12:12:14Z",
        "value": "255148.99060630798",
        "cumulative": true
    },
    {
        "date": "2020-09-11T12:12:25Z",
        "value": "256778.27499961853",
        "cumulative": true
    },
    {
        "date": "2020-09-11T12:12:37Z",
        "value": "258598.49092674255",
        "cumulative": true
    },
    {
        "date": "2020-09-11T12:12:48Z",
        "value": "260239.71886444092",
        "cumulative": true
    },
    {
        "date": "2020-09-11T12:13:03Z",
        "value": "264188.0435256958",
        "cumulative": true
    },
    {
        "date": "2020-09-11T12:13:21Z",
        "value": "270107.0889492035",
        "cumulative": true
    },
    {
        "date": "2020-09-11T12:13:31Z",
        "value": "273121.91156578064",
        "cumulative": true
    },
    {
        "date": "2020-09-11T12:13:45Z",
        "value": "277469.1823787689",
        "cumulative": true
    },
    {
        "date": "2020-09-11T12:14:01Z",
        "value": "282976.1582374573",
        "cumulative": true
    },
    {
        "date": "2020-09-11T12:14:13Z",
        "value": "286709.53307533264",
        "cumulative": true
    },
    {
        "date": "2020-09-11T12:14:33Z",
        "value": "293060.09499549866",
        "cumulative": true
    },
    {
        "date": "2020-09-11T12:14:47Z",
        "value": "297803.988986969",
        "cumulative": true
    },
    {
        "date": "2020-09-11T12:15:03Z",
        "value": "302945.6147766113",
        "cumulative": true
    },
    {
        "date": "2020-09-11T12:15:14Z",
        "value": "306484.6505756378",
        "cumulative": true
    },
    {
        "date": "2020-09-11T12:15:29Z",
        "value": "308856.46621608734",
        "cumulative": true
    },
    {
        "date": "2020-09-11T12:15:45Z",
        "value": "311364.7648229599",
        "cumulative": true
    },
    {
        "date": "2020-09-11T12:16:05Z",
        "value": "314097.665312767",
        "cumulative": true
    },
    {
        "date": "2020-09-11T12:16:20Z",
        "value": "316429.64496707916",
        "cumulative": true
    },
    {
        "date": "2020-09-11T12:16:35Z",
        "value": "318670.66968250275",
        "cumulative": true
    },
    {
        "date": "2020-09-11T12:16:50Z",
        "value": "320958.0726747513",
        "cumulative": true
    },
    {
        "date": "2020-09-11T12:17:10Z",
        "value": "323724.1715478897",
        "cumulative": true
    },
    {
        "date": "2020-09-11T12:17:25Z",
        "value": "325985.42839336395",
        "cumulative": true
    },
    {
        "date": "2020-09-11T12:17:39Z",
        "value": "328043.4825696945",
        "cumulative": true
    },
    {
        "date": "2020-09-11T12:17:51Z",
        "value": "330076.2402572632",
        "cumulative": true
    },
    {
        "date": "2020-09-11T12:18:08Z",
        "value": "335633.6649494171",
        "cumulative": true
    },
    {
        "date": "2020-09-11T12:18:26Z",
        "value": "341377.5137939453",
        "cumulative": true
    },
    {
        "date": "2020-09-11T12:18:43Z",
        "value": "346950.80459976196",
        "cumulative": true
    },
    {
        "date": "2020-09-11T12:18:56Z",
        "value": "351558.627199173",
        "cumulative": true
    },
    {
        "date": "2020-09-11T12:19:13Z",
        "value": "356826.6734313965",
        "cumulative": true
    },
    {
        "date": "2020-09-11T12:19:25Z",
        "value": "361358.5364189148",
        "cumulative": true
    },
    {
        "date": "2020-09-11T12:19:37Z",
        "value": "364972.56179618835",
        "cumulative": true
    },
    {
        "date": "2020-09-11T12:19:53Z",
        "value": "370591.80432891846",
        "cumulative": true
    },
    {
        "date": "2020-09-11T12:20:05Z",
        "value": "374622.200006485",
        "cumulative": true
    },
    {
        "date": "2020-09-11T12:20:17Z",
        "value": "378631.1466026306",
        "cumulative": true
    },
    {
        "date": "2020-09-11T12:20:32Z",
        "value": "383337.63350868225",
        "cumulative": true
    },
    {
        "date": "2020-09-11T12:20:45Z",
        "value": "387319.7488708496",
        "cumulative": true
    },
    {
        "date": "2020-09-11T12:20:59Z",
        "value": "389343.6721096039",
        "cumulative": true
    },
    {
        "date": "2020-09-11T12:21:17Z",
        "value": "391942.40653419495",
        "cumulative": true
    },
    {
        "date": "2020-09-11T12:21:29Z",
        "value": "393671.1892261505",
        "cumulative": true
    },
    {
        "date": "2020-09-11T12:21:41Z",
        "value": "395411.64182281494",
        "cumulative": true
    },
    {
        "date": "2020-09-11T12:21:53Z",
        "value": "397421.51947021484",
        "cumulative": true
    },
    {
        "date": "2020-09-11T12:22:11Z",
        "value": "400014.73565864563",
        "cumulative": true
    },
    {
        "date": "2020-09-11T12:22:24Z",
        "value": "402028.17272377014",
        "cumulative": true
    },
    {
        "date": "2020-09-11T12:22:36Z",
        "value": "403755.85596847534",
        "cumulative": true
    },
    {
        "date": "2020-09-11T12:22:46Z",
        "value": "405195.8908405304",
        "cumulative": true
    },
    {
        "date": "2020-09-11T12:22:57Z",
        "value": "406923.09011268616",
        "cumulative": true
    },
    {
        "date": "2020-09-11T12:23:16Z",
        "value": "409515.06729507446",
        "cumulative": true
    },
    {
        "date": "2020-09-11T12:23:35Z",
        "value": "412394.07624816895",
        "cumulative": true
    },
    {
        "date": "2020-09-11T12:23:50Z",
        "value": "414672.05581092834",
        "cumulative": true
    }
]