[
    {
        "date": "2020-09-11T11:52:14Z",
        "value": "4.00543212890625e-05",
        "cumulative": true
    },
    {
        "date": "2020-09-11T11:52:27Z",
        "value": "4.00543212890625e-05",
        "cumulative": true
    },
    {
        "date": "2020-09-11T11:52:54Z",
        "value": "2759.111205101013",
        "cumulative": true
    },
    {
        "date": "2020-09-11T11:53:07Z",
        "value": "5476.999083518982",
        "cumulative": true
    },
    {
        "date": "2020-09-11T11:53:26Z",
        "value": "9271.791060447693",
        "cumulative": true
    },
    {
        "date": "2020-09-11T11:53:44Z",
        "value": "12548.493763923645",
        "cumulative": true
    },
    {
        "date": "2020-09-11T11:54:01Z",
        "value": "16210.630249023438",
        "cumulative": true
    },
    {
        "date": "2020-09-11T11:54:18Z",
        "value": "19852.361269950867",
        "cumulative": true
    },
    {
        "date": "2020-09-11T11:54:32Z",
        "value": "23497.097115516663",
        "cumulative": true
    },
    {
        "date": "2020-09-11T11:54:48Z",
        "value": "26251.673454284668",
        "cumulative": true
    },
    {
        "date": "2020-09-11T11:54:59Z",
        "value": "29098.2997341156",
        "cumulative": true
    },
    {
        "date": "2020-09-11T11:55:12Z",
        "value": "31339.40052509308",
        "cumulative": true
    },
    {
        "date": "2020-09-11T11:55:28Z",
        "value": "34983.85838317871",
        "cumulative": true
    },
    {
        "date": "2020-09-11T11:55:39Z",
        "value": "37832.17358875275",
        "cumulative": true
    },
    {
        "date": "2020-09-11T11:55:58Z",
        "value": "40381.991324424744",
        "cumulative": true
    },
    {
        "date": "2020-09-11T11:56:16Z",
        "value": "45150.519592285156",
        "cumulative": true
    },
    {
        "date": "2020-09-11T11:56:32Z",
        "value": "48505.82011604309",
        "cumulative": true
    },
    {
        "date": "2020-09-11T11:56:49Z",
        "value": "50735.59736633301",
        "cumulative": true
    },
    {
        "date": "2020-09-11T11:56:59Z",
        "value": "53164.00803756714",
        "cumulative": true
    },
    {
        "date": "2020-09-11T11:57:10Z",
        "value": "55995.23938369751",
        "cumulative": true
    },
    {
        "date": "2020-09-11T11:57:26Z",
        "value": "60211.1929101944",
        "cumulative": true
    },
    {
        "date": "2020-09-11T11:57:38Z",
        "value": "61755.87279987335",
        "cumulative": true
    },
    {
        "date": "2020-09-11T11:57:55Z",
        "value": "64027.16991329193",
        "cumulative": true
    },
    {
        "date": "2020-09-11T11:58:15Z",
        "value": "69368.96647071838",
        "cumulative": true
    },
    {
        "date": "2020-09-11T11:58:32Z",
        "value": "74427.47539901733",
        "cumulative": true
    },
    {
        "date": "2020-09-11T11:58:43Z",
        "value": "76688.328332901",
        "cumulative": true
    },
    {
        "date": "2020-09-11T11:58:54Z",
        "value": "77990.53281021118",
        "cumulative": true
    },
    {
        "date": "2020-09-11T11:59:08Z",
        "value": "79762.77236366272",
        "cumulative": true
    },
    {
        "date": "2020-09-11T11:59:23Z",
        "value": "82301.56243610382",
        "cumulative": true
    },
    {
        "date": "2020-09-11T11:59:40Z",
        "value": "87477.51661777496",
        "cumulative": true
    },
    {
        "date": "2020-09-11T11:59:55Z",
        "value": "92106.00625705719",
        "cumulative": true
    },
    {
        "date": "2020-09-11T12:00:13Z",
        "value": "96442.04142475128",
        "cumulative": true
    },
    {
        "date": "2020-09-11T12:00:25Z",
        "value": "98078.04555225372",
        "cumulative": true
    },
    {
        "date": "2020-09-11T12:00:43Z",
        "value": "100351.61128902435",
        "cumulative": true
    },
    {
        "date": "2020-09-11T12:01:00Z",
        "value": "102631.47118854523",
        "cumulative": true
    },
    {
        "date": "2020-09-11T12:01:13Z",
        "value": "106922.8116979599",
        "cumulative": true
    },
    {
        "date": "2020-09-11T12:01:29Z",
        "value": "112095.57330417633",
        "cumulative": true
    },
    {
        "date": "2020-09-11T12:01:44Z",
        "value": "117252.82413768768",
        "cumulative": true
    },
    {
        "date": "2020-09-11T12:01:59Z",
        "value": "121146.80827617645",
        "cumulative": true
    },
    {
        "date": "2020-09-11T12:02:19Z",
        "value": "123750.84941959381",
        "cumulative": true
    },
    {
        "date": "2020-09-11T12:02:38Z",
        "value": "126252.13664913177",
        "cumulative": true
    },
    {
        "date": "2020-09-11T12:02:55Z",
        "value": "128512.42509174347",
        "cumulative": true
    },
    {
        "date": "2020-09-11T12:03:06Z",
        "value": "130135.84533691406",
        "cumulative": true
    },
    {
        "date": "2020-09-11T12:03:17Z",
        "value": "133303.30311393738",
        "cumulative": true
    },
    {
        "date": "2020-09-11T12:03:34Z",
        "value": "138569.10602760315",
        "cumulative": true
    },
    {
        "date": "2020-09-11T12:03:53Z",
        "value": "144175.28087997437",
        "cumulative": true
    },
    {
        "date": "2020-09-11T12:04:11Z",
        "value": "150066.66691970825",
        "cumulative": true
    },
    {
        "date": "2020-09-11T12:04:21Z",
        "value": "152787.2126302719",
        "cumulative": true
    },
    {
        "date": "2020-09-11T12:04:34Z",
        "value": "154685.5076379776",
        "cumulative": true
    },
    {
        "date": "2020-09-11T12:04:53Z",
        "value": "157324.0467042923",
        "cumulative": true
    },
    {
        "date": "2020-09-11T12:05:06Z",
        "value": "159136.93293476105",
        "cumulative": true
    },
    {
        "date": "2020-09-11T12:05:18Z",
        "value": "160725.5409193039",
        "cumulative": true
    },
    {
        "date": "2020-09-11T12:05:30Z",
        "value": "162426.26517772675",
        "cumulative": true
    },
    {
        "date": "2020-09-11T12:05:44Z",
        "value": "165395.75009441376",
        "cumulative": true
    },
    {
        "date": "2020-09-11T12:05:57Z",
        "value": "169370.6091814041",
        "cumulative": true
    },
    {
        "date": "2020-09-11T12:06:15Z",
        "value": "174833.86052036285",
        "cumulative": true
    },
    {
        "date": "2020-09-11T12:06:32Z",
        "value": "179786.03321361542",
        "cumulative": true
    },
    {
        "date": "2020-09-11T12:06:51Z",
        "value": "185894.51562023163",
        "cumulative": true
    },
    {
        "date": "2020-09-11T12:07:11Z",
        "value": "192007.49425792694",
        "cumulative": true
    },
    {
        "date": "2020-09-11T12:07:30Z",
        "value": "194873.5313835144",
        "cumulative": true
    },
    {
        "date": "2020-09-11T12:07:47Z",
        "value": "197309.4260597229",
        "cumulative": true
    },
    {
        "date": "2020-09-11T12:08:03Z",
        "value": "199570.6394367218",
        "cumulative": true
    },
    {
        "date": "2020-09-11T12:08:19Z",
        "value": "201895.79682159424",
        "cumulative": true
    },
    {
        "date": "2020-09-11T12:08:38Z",
        "value": "204624.74700546265",
        "cumulative": true
    },
    {
        "date": "2020-09-11T12:08:54Z",
        "value": "207324.26707458496",
        "cumulative": true
    },
    {
        "date": "2020-09-11T12:09:08Z",
        "value": "211529.4512271881",
        "cumulative": true
    },
    {
        "date": "2020-09-11T12:09:25Z",
        "value": "216750.28925704956",
        "cumulative": true
    },
    {
        "date": "2020-09-11T12:09:37Z",
        "value": "220371.85658836365",
        "cumulative": true
    },
    {
        "date": "2020-09-11T12:09:54Z",
        "value": "225788.84208488464",
        "cumulative": true
    },
    {
        "date": "2020-09-11T12:10:07Z",
        "value": "229764.02619361877",
        "cumulative": true
    },
    {
        "date": "2020-09-11T12:10:23Z",
        "value": "234826.1192779541",
        "cumulative": true
    },
    {
        "date": "2020-09-11T12:10:36Z",
        "value": "239036.77355575562",
        "cumulative": true
    },
    {
        "date": "2020-09-11T12:10:54Z",
        "value": "243512.41909694672",
        "cumulative": true
    },
    {
        "date": "2020-09-11T12:11:05Z",
        "value": "245140.9131708145",
        "cumulative": true
    },
    {
        "date": "2020-09-11T12:11:15Z",
        "value": "246773.0006608963",
        "cumulative": true
    },
    {
        "date": "2020-09-11T12:11:30Z",
        "value": "248801.75763988495",
        "cumulative": true
    },
    {
        "date": "2020-09-11T12:11:40Z",
        "value": "250253.83548069",
        "cumulative": true
    },
    {
        "date": "2020-09-11T12:11:54Z",
        "value": "252233.89368152618",
        "cumulative": true
    },
    {
        "date": "2020-09-11T12:12:14Z",
        "value": "255105.79344272614",
        "cumulative": true
    },
    {
        "date": "2020-09-11T12:12:25Z",
        "value": "256734.17681407928",
        "cumulative": true
    },
    {
        "date": "2020-09-11T12:12:37Z",
        "value": "258545.7599592209",
        "cumulative": true
    },
    {
        "date": "2020-09-11T12:12:48Z",
        "value": "260177.88309001923",
        "cumulative": true
    },
    {
        "date": "2020-09-11T12:13:03Z",
        "value": "264109.8470430374",
        "cumulative": true
    },
    {
        "date": "2020-09-11T12:13:21Z",
        "value": "270012.28749370575",
        "cumulative": true
    },
    {
        "date": "2020-09-11T12:13:31Z",
        "value": "273015.91116428375",
        "cumulative": true
    },
    {
        "date": "2020-09-11T12:13:45Z",
        "value": "277343.0782175064",
        "cumulative": true
    },
    {
        "date": "2020-09-11T12:14:01Z",
        "value": "282817.3124284744",
        "cumulative": true
    },
    {
        "date": "2020-09-11T12:14:13Z",
        "value": "286538.44860363007",
        "cumulative": true
    },
    {
        "date": "2020-09-11T12:14:33Z",
        "value": "292859.21205616",
        "cumulative": true
    },
    {
        "date": "2020-09-11T12:14:47Z",
        "value": "297587.7323656082",
        "cumulative": true
    },
    {
        "date": "2020-09-11T12:15:03Z",
        "value": "302696.4036035538",
        "cumulative": true
    },
    {
        "date": "2020-09-11T12:15:14Z",
        "value": "306226.0282354355",
        "cumulative": true
    },
    {
        "date": "2020-09-11T12:15:29Z",
        "value": "308591.48542785645",
        "cumulative": true
    },
    {
        "date": "2020-09-11T12:15:45Z",
        "value": "311097.5410194397",
        "cumulative": true
    },
    {
        "date": "2020-09-11T12:16:05Z",
        "value": "313830.97131347656",
        "cumulative": true
    },
    {
        "date": "2020-09-11T12:16:20Z",
        "value": "316159.0216617584",
        "cumulative": true
    },
    {
        "date": "2020-09-11T12:16:35Z",
        "value": "318393.421459198",
        "cumulative": true
    },
    {
        "date": "2020-09-11T12:16:50Z",
        "value": "320678.5455379486",
        "cumulative": true
    },
    {
        "date": "2020-09-11T12:17:10Z",
        "value": "323444.3496360779",
        "cumulative": true
    },
    {
        "date": "2020-09-11T12:17:25Z",
        "value": "325701.088848114",
        "cumulative": true
    },
    {
        "date": "2020-09-11T12:17:39Z",
        "value": "327761.88665771484",
        "cumulative": true
    },
    {
        "date": "2020-09-11T12:17:51Z",
        "value": "329790.6272172928",
        "cumulative": true
    },
    {
        "date": "2020-09-11T12:18:08Z",
        "value": "335331.3322496414",
        "cumulative": true
    },
    {
        "date": "2020-09-11T12:18:26Z",
        "value": "341060.06627750397",
        "cumulative": true
    },
    {
        "date": "2020-09-11T12:18:43Z",
        "value": "346629.7404985428",
        "cumulative": true
    },
    {
        "date": "2020-09-11T12:18:56Z",
        "value": "351237.4812898636",
        "cumulative": true
    },
    {
        "date": "2020-09-11T12:19:13Z",
        "value": "356502.7493429184",
        "cumulative": true
    },
    {
        "date": "2020-09-11T12:19:25Z",
        "value": "361027.1226968765",
        "cumulative": true
    },
    {
        "date": "2020-09-11T12:19:37Z",
        "value": "364642.3251943588",
        "cumulative": true
    },
    {
        "date": "2020-09-11T12:19:53Z",
        "value": "370240.5562429428",
        "cumulative": true
    },
    {
        "date": "2020-09-11T12:20:05Z",
        "value": "374269.152346611",
        "cumulative": true
    },
    {
        "date": "2020-09-11T12:20:17Z",
        "value": "378263.4753751755",
        "cumulative": true
    },
    {
        "date": "2020-09-11T12:20:32Z",
        "value": "382959.661608696",
        "cumulative": true
    },
    {
        "date": "2020-09-11T12:20:45Z",
        "value": "386928.372590065",
        "cumulative": true
    },
    {
        "date": "2020-09-11T12:20:59Z",
        "value": "388952.1783571243",
        "cumulative": true
    },
    {
        "date": "2020-09-11T12:21:17Z",
        "value": "391562.21053409576",
        "cumulative": true
    },
    {
        "date": "2020-09-11T12:21:29Z",
        "value": "393305.7937936783",
        "cumulative": true
    },
    {
        "date": "2020-09-11T12:21:41Z",
        "value": "395048.2389116287",
        "cumulative": true
    },
    {
        "date": "2020-09-11T12:21:53Z",
        "value": "397072.30258464813",
        "cumulative": true
    },
    {
        "date": "2020-09-11T12:22:11Z",
        "value": "399687.7799940109",
        "cumulative": true
    },
    {
        "date": "2020-09-11T12:22:24Z",
        "value": "401715.7573366165",
        "cumulative": true
    },
    {
        "date": "2020-09-11T12:22:36Z",
        "value": "403453.49551296234",
        "cumulative": true
    },
    {
        "date": "2020-09-11T12:22:46Z",
        "value": "404895.3096780777",
        "cumulative": true
    },
    {
        "date": "2020-09-11T12:22:57Z",
        "value": "406625.1825456619",
        "cumulative": true
    },
    {
        "date": "2020-09-11T12:23:16Z",
        "value": "409219.0475034714",
        "cumulative": true
    },
    {
        "date": "2020-09-11T12:23:35Z",
        "value": "412100.18768405914",
        "cumulative": true
    },
    {
        "date": "2020-09-11T12:23:50Z",
        "value": "414369.1372900009",
        "cumulative": true
    }
]