[
    {
        "date": "2020-09-11T11:52:17Z",
        "value": "4.00543212890625e-05",
        "cumulative": true
    },
    {
        "date": "2020-09-11T11:52:34Z",
        "value": "3.031771659851074",
        "cumulative": true
    },
    {
        "date": "2020-09-11T11:52:51Z",
        "value": "2126.540985107422",
        "cumulative": true
    },
    {
        "date": "2020-09-11T11:53:04Z",
        "value": "4891.640657424927",
        "cumulative": true
    },
    {
        "date": "2020-09-11T11:53:17Z",
        "value": "7561.0530614852905",
        "cumulative": true
    },
    {
        "date": "2020-09-11T11:53:29Z",
        "value": "9667.24916934967",
        "cumulative": true
    },
    {
        "date": "2020-09-11T11:53:44Z",
        "value": "12588.155856132507",
        "cumulative": true
    },
    {
        "date": "2020-09-11T11:54:03Z",
        "value": "16524.348472595215",
        "cumulative": true
    },
    {
        "date": "2020-09-11T11:54:14Z",
        "value": "19168.314959526062",
        "cumulative": true
    },
    {
        "date": "2020-09-11T11:54:25Z",
        "value": "21327.798179626465",
        "cumulative": true
    },
    {
        "date": "2020-09-11T11:54:35Z",
        "value": "23878.46913433075",
        "cumulative": true
    },
    {
        "date": "2020-09-11T11:54:51Z",
        "value": "26862.724658966064",
        "cumulative": true
    },
    {
        "date": "2020-09-11T11:55:01Z",
        "value": "29849.641137123108",
        "cumulative": true
    },
    {
        "date": "2020-09-11T11:55:14Z",
        "value": "31586.088252067566",
        "cumulative": true
    },
    {
        "date": "2020-09-11T11:55:32Z",
        "value": "36106.22969722748",
        "cumulative": true
    },
    {
        "date": "2020-09-11T11:55:43Z",
        "value": "38343.23223590851",
        "cumulative": true
    },
    {
        "date": "2020-09-11T11:55:57Z",
        "value": "40215.13985538483",
        "cumulative": true
    },
    {
        "date": "2020-09-11T11:56:07Z",
        "value": "42760.29350280762",
        "cumulative": true
    },
    {
        "date": "2020-09-11T11:56:20Z",
        "value": "46168.65965461731",
        "cumulative": true
    },
    {
        "date": "2020-09-11T11:56:34Z",
        "value": "48754.73406505585",
        "cumulative": true
    },
    {
        "date": "2020-09-11T11:56:52Z",
        "value": "51170.809807777405",
        "cumulative": true
    },
    {
        "date": "2020-09-11T11:57:03Z",
        "value": "54073.89651012421",
        "cumulative": true
    },
    {
        "date": "2020-09-11T11:57:13Z",
        "value": "56917.23948383331",
        "cumulative": true
    },
    {
        "date": "2020-09-11T11:57:30Z",
        "value": "60716.10300540924",
        "cumulative": true
    },
    {
        "date": "2020-09-11T11:57:44Z",
        "value": "62589.41504955292",
        "cumulative": true
    },
    {
        "date": "2020-09-11T11:58:03Z",
        "value": "65675.3803319931",
        "cumulative": true
    },
    {
        "date": "2020-09-11T11:58:13Z",
        "value": "68803.18874835968",
        "cumulative": true
    },
    {
        "date": "2020-09-11T11:58:32Z",
        "value": "74248.812458992",
        "cumulative": true
    },
    {
        "date": "2020-09-11T11:58:49Z",
        "value": "77362.61119747162",
        "cumulative": true
    },
    {
        "date": "2020-09-11T11:59:08Z",
        "value": "79785.00380420685",
        "cumulative": true
    },
    {
        "date": "2020-09-11T11:59:20Z",
        "value": "81306.67677783966",
        "cumulative": true
    },
    {
        "date": "2020-09-11T11:59:33Z",
        "value": "85030.38726043701",
        "cumulative": true
    },
    {
        "date": "2020-09-11T11:59:48Z",
        "value": "89951.1178226471",
        "cumulative": true
    },
    {
        "date": "2020-09-11T12:00:01Z",
        "value": "94072.3860988617",
        "cumulative": true
    },
    {
        "date": "2020-09-11T12:00:20Z",
        "value": "97423.33399772644",
        "cumulative": true
    },
    {
        "date": "2020-09-11T12:00:30Z",
        "value": "98780.85171318054",
        "cumulative": true
    },
    {
        "date": "2020-09-11T12:00:41Z",
        "value": "100121.7718372345",
        "cumulative": true
    },
    {
        "date": "2020-09-11T12:00:57Z",
        "value": "102220.6504611969",
        "cumulative": true
    },
    {
        "date": "2020-09-11T12:01:16Z",
        "value": "107585.95071792603",
        "cumulative": true
    },
    {
        "date": "2020-09-11T12:01:33Z",
        "value": "113419.76226615906",
        "cumulative": true
    },
    {
        "date": "2020-09-11T12:01:52Z",
        "value": "119744.0576915741",
        "cumulative": true
    },
    {
        "date": "2020-09-11T12:02:06Z",
        "value": "122098.91311740875",
        "cumulative": true
    },
    {
        "date": "2020-09-11T12:02:22Z",
        "value": "124209.03353214264",
        "cumulative": true
    },
    {
        "date": "2020-09-11T12:02:35Z",
        "value": "125917.61743450165",
        "cumulative": true
    },
    {
        "date": "2020-09-11T12:02:53Z",
        "value": "128311.51074504852",
        "cumulative": true
    },
    {
        "date": "2020-09-11T12:03:08Z",
        "value": "130645.3445444107",
        "cumulative": true
    },
    {
        "date": "2020-09-11T12:03:22Z",
        "value": "134926.87238788605",
        "cumulative": true
    },
    {
        "date": "2020-09-11T12:03:33Z",
        "value": "138135.02595424652",
        "cumulative": true
    },
    {
        "date": "2020-09-11T12:03:44Z",
        "value": "141531.14192295074",
        "cumulative": true
    },
    {
        "date": "2020-09-11T12:04:00Z",
        "value": "146620.103638649",
        "cumulative": true
    },
    {
        "date": "2020-09-11T12:04:11Z",
        "value": "149922.2527360916",
        "cumulative": true
    },
    {
        "date": "2020-09-11T12:04:24Z",
        "value": "153323.26619243622",
        "cumulative": true
    },
    {
        "date": "2020-09-11T12:04:36Z",
        "value": "154912.0568037033",
        "cumulative": true
    },
    {
        "date": "2020-09-11T12:04:54Z",
        "value": "157518.86547756195",
        "cumulative": true
    },
    {
        "date": "2020-09-11T12:05:12Z",
        "value": "160129.90498828888",
        "cumulative": true
    },
    {
        "date": "2020-09-11T12:05:23Z",
        "value": "161603.97457408905",
        "cumulative": true
    },
    {
        "date": "2020-09-11T12:05:40Z",
        "value": "164044.99763202667",
        "cumulative": true
    },
    {
        "date": "2020-09-11T12:05:51Z",
        "value": "167319.3610277176",
        "cumulative": true
    },
    {
        "date": "2020-09-11T12:06:10Z",
        "value": "173496.80658054352",
        "cumulative": true
    },
    {
        "date": "2020-09-11T12:06:24Z",
        "value": "177650.4220380783",
        "cumulative": true
    },
    {
        "date": "2020-09-11T12:06:38Z",
        "value": "181792.6567544937",
        "cumulative": true
    },
    {
        "date": "2020-09-11T12:06:53Z",
        "value": "186469.02999401093",
        "cumulative": true
    },
    {
        "date": "2020-09-11T12:07:12Z",
        "value": "192392.5002861023",
        "cumulative": true
    },
    {
        "date": "2020-09-11T12:07:31Z",
        "value": "195056.16220474243",
        "cumulative": true
    },
    {
        "date": "2020-09-11T12:07:49Z",
        "value": "197688.3402118683",
        "cumulative": true
    },
    {
        "date": "2020-09-11T12:08:00Z",
        "value": "199260.96844291687",
        "cumulative": true
    },
    {
        "date": "2020-09-11T12:08:16Z",
        "value": "201551.10438346863",
        "cumulative": true
    },
    {
        "date": "2020-09-11T12:08:34Z",
        "value": "204124.5779724121",
        "cumulative": true
    },
    {
        "date": "2020-09-11T12:08:46Z",
        "value": "205765.9756412506",
        "cumulative": true
    },
    {
        "date": "2020-09-11T12:09:01Z",
        "value": "209399.88253974915",
        "cumulative": true
    },
    {
        "date": "2020-09-11T12:09:21Z",
        "value": "215376.3212375641",
        "cumulative": true
    },
    {
        "date": "2020-09-11T12:09:38Z",
        "value": "220801.03759002686",
        "cumulative": true
    },
    {
        "date": "2020-09-11T12:09:57Z",
        "value": "226776.35217285156",
        "cumulative": true
    },
    {
        "date": "2020-09-11T12:10:15Z",
        "value": "232369.6918334961",
        "cumulative": true
    },
    {
        "date": "2020-09-11T12:10:33Z",
        "value": "238147.52162742615",
        "cumulative": true
    },
    {
        "date": "2020-09-11T12:10:46Z",
        "value": "242226.2474384308",
        "cumulative": true
    },
    {
        "date": "2020-09-11T12:11:00Z",
        "value": "244584.25445079803",
        "cumulative": true
    },
    {
        "date": "2020-09-11T12:11:12Z",
        "value": "246285.14713573456",
        "cumulative": true
    },
    {
        "date": "2020-09-11T12:11:26Z",
        "value": "248275.26839733124",
        "cumulative": true
    },
    {
        "date": "2020-09-11T12:11:37Z",
        "value": "249901.00045871735",
        "cumulative": true
    },
    {
        "date": "2020-09-11T12:11:56Z",
        "value": "252520.65743541718",
        "cumulative": true
    },
    {
        "date": "2020-09-11T12:12:06Z",
        "value": "254053.16762065887",
        "cumulative": true
    },
    {
        "date": "2020-09-11T12:12:21Z",
        "value": "256222.27609920502",
        "cumulative": true
    },
    {
        "date": "2020-09-11T12:12:33Z",
        "value": "257996.32488536835",
        "cumulative": true
    },
    {
        "date": "2020-09-11T12:12:44Z",
        "value": "259494.10282993317",
        "cumulative": true
    },
    {
        "date": "2020-09-11T12:12:58Z",
        "value": "262463.1038312912",
        "cumulative": true
    },
    {
        "date": "2020-09-11T12:13:16Z",
        "value": "268441.626206398",
        "cumulative": true
    },
    {
        "date": "2020-09-11T12:13:27Z",
        "value": "271864.47141742706",
        "cumulative": true
    },
    {
        "date": "2020-09-11T12:13:41Z",
        "value": "276155.12691783905",
        "cumulative": true
    },
    {
        "date": "2020-09-11T12:13:55Z",
        "value": "280543.8415517807",
        "cumulative": true
    },
    {
        "date": "2020-09-11T12:14:07Z",
        "value": "284651.8996973038",
        "cumulative": true
    },
    {
        "date": "2020-09-11T12:14:24Z",
        "value": "290134.1233968735",
        "cumulative": true
    },
    {
        "date": "2020-09-11T12:14:41Z",
        "value": "295330.89207553864",
        "cumulative": true
    },
    {
        "date": "2020-09-11T12:14:56Z",
        "value": "300168.85855579376",
        "cumulative": true
    },
    {
        "date": "2020-09-11T12:15:12Z",
        "value": "305580.0935430527",
        "cumulative": true
    },
    {
        "date": "2020-09-11T12:15:31Z",
        "value": "308894.17308425903",
        "cumulative": true
    },
    {
        "date": "2020-09-11T12:15:43Z",
        "value": "310654.47944259644",
        "cumulative": true
    },
    {
        "date": "2020-09-11T12:16:03Z",
        "value": "313623.87386894226",
        "cumulative": true
    },
    {
        "date": "2020-09-11T12:16:20Z",
        "value": "316178.16817855835",
        "cumulative": true
    },
    {
        "date": "2020-09-11T12:16:33Z",
        "value": "318039.83935165405",
        "cumulative": true
    },
    {
        "date": "2020-09-11T12:16:45Z",
        "value": "319789.9411239624",
        "cumulative": true
    },
    {
        "date": "2020-09-11T12:17:00Z",
        "value": "322073.9231700897",
        "cumulative": true
    },
    {
        "date": "2020-09-11T12:17:11Z",
        "value": "323670.9836406708",
        "cumulative": true
    },
    {
        "date": "2020-09-11T12:17:26Z",
        "value": "325725.3784942627",
        "cumulative": true
    },
    {
        "date": "2020-09-11T12:17:45Z",
        "value": "328575.6693840027",
        "cumulative": true
    },
    {
        "date": "2020-09-11T12:18:02Z",
        "value": "333408.83244228363",
        "cumulative": true
    },
    {
        "date": "2020-09-11T12:18:21Z",
        "value": "339742.8527479172",
        "cumulative": true
    },
    {
        "date": "2020-09-11T12:18:38Z",
        "value": "344970.59819698334",
        "cumulative": true
    },
    {
        "date": "2020-09-11T12:18:52Z",
        "value": "349767.1037340164",
        "cumulative": true
    },
    {
        "date": "2020-09-11T12:19:05Z",
        "value": "354135.35755062103",
        "cumulative": true
    },
    {
        "date": "2020-09-11T12:19:24Z",
        "value": "360464.7816915512",
        "cumulative": true
    },
    {
        "date": "2020-09-11T12:19:37Z",
        "value": "365077.1127195358",
        "cumulative": true
    },
    {
        "date": "2020-09-11T12:19:56Z",
        "value": "371414.39524555206",
        "cumulative": true
    },
    {
        "date": "2020-09-11T12:20:16Z",
        "value": "377746.94617557526",
        "cumulative": true
    },
    {
        "date": "2020-09-11T12:20:33Z",
        "value": "383333.28845500946",
        "cumulative": true
    },
    {
        "date": "2020-09-11T12:20:50Z",
        "value": "387627.20142650604",
        "cumulative": true
    },
    {
        "date": "2020-09-11T12:21:01Z",
        "value": "389257.5133962631",
        "cumulative": true
    },
    {
        "date": "2020-09-11T12:21:13Z",
        "value": "391035.1079416275",
        "cumulative": true
    },
    {
        "date": "2020-09-11T12:21:30Z",
        "value": "393578.09433078766",
        "cumulative": true
    },
    {
        "date": "2020-09-11T12:21:43Z",
        "value": "395499.2832670212",
        "cumulative": true
    },
    {
        "date": "2020-09-11T12:21:59Z",
        "value": "397898.7966012955",
        "cumulative": true
    },
    {
        "date": "2020-09-11T12:22:10Z",
        "value": "399625.6392259598",
        "cumulative": true
    },
    {
        "date": "2020-09-11T12:22:30Z",
        "value": "402515.0642194748",
        "cumulative": true
    },
    {
        "date": "2020-09-11T12:22:42Z",
        "value": "404244.1328020096",
        "cumulative": true
    },
    {
        "date": "2020-09-11T12:22:52Z",
        "value": "405686.67307949066",
        "cumulative": true
    },
    {
        "date": "2020-09-11T12:23:05Z",
        "value": "407677.3744363785",
        "cumulative": true
    },
    {
        "date": "2020-09-11T12:23:20Z",
        "value": "409723.52897167206",
        "cumulative": true
    },
    {
        "date": "2020-09-11T12:23:39Z",
        "value": "412604.0516767502",
        "cumulative": true
    },
    {
        "date": "2020-09-11T12:23:55Z",
        "value": "414994.11588573456",
        "cumulative": true
    }
]