[
    {
        "date": "2020-09-11T11:52:21Z",
        "value": "1.69140625",
        "cumulative": false
    },
    {
        "date": "2020-09-11T11:52:36Z",
        "value": "1216.08203125",
        "cumulative": false
    },
    {
        "date": "2020-09-11T11:52:53Z",
        "value": "1219.6328125",
        "cumulative": false
    },
    {
        "date": "2020-09-11T11:53:06Z",
        "value": "1223.05859375",
        "cumulative": false
    },
    {
        "date": "2020-09-11T11:53:24Z",
        "value": "1227.08984375",
        "cumulative": false
    },
    {
        "date": "2020-09-11T11:53:37Z",
        "value": "1230.0078125",
        "cumulative": false
    },
    {
        "date": "2020-09-11T11:53:49Z",
        "value": "1233.51953125",
        "cumulative": false
    },
    {
        "date": "2020-09-11T11:54:03Z",
        "value": "1238.07421875",
        "cumulative": false
    },
    {
        "date": "2020-09-11T11:54:15Z",
        "value": "1243.9296875",
        "cumulative": false
    },
    {
        "date": "2020-09-11T11:54:27Z",
        "value": "1243.9296875",
        "cumulative": false
    },
    {
        "date": "2020-09-11T11:54:43Z",
        "value": "1251.09375",
        "cumulative": false
    },
    {
        "date": "2020-09-11T11:54:54Z",
        "value": "1251.09375",
        "cumulative": false
    },
    {
        "date": "2020-09-11T11:55:08Z",
        "value": "1260.265625",
        "cumulative": false
    },
    {
        "date": "2020-09-11T11:55:25Z",
        "value": "1260.265625",
        "cumulative": false
    },
    {
        "date": "2020-09-11T11:55:42Z",
        "value": "1234.7578125",
        "cumulative": false
    },
    {
        "date": "2020-09-11T11:55:57Z",
        "value": "1234.73828125",
        "cumulative": false
    },
    {
        "date": "2020-09-11T11:56:07Z",
        "value": "1234.8203125",
        "cumulative": false
    },
    {
        "date": "2020-09-11T11:56:25Z",
        "value": "1245.72265625",
        "cumulative": false
    },
    {
        "date": "2020-09-11T11:56:38Z",
        "value": "1239.59765625",
        "cumulative": false
    },
    {
        "date": "2020-09-11T11:56:52Z",
        "value": "1239.609375",
        "cumulative": false
    },
    {
        "date": "2020-09-11T11:57:06Z",
        "value": "1289.58203125",
        "cumulative": false
    },
    {
        "date": "2020-09-11T11:57:26Z",
        "value": "1304.97265625",
        "cumulative": false
    },
    {
        "date": "2020-09-11T11:57:38Z",
        "value": "1305.046875",
        "cumulative": false
    },
    {
        "date": "2020-09-11T11:57:57Z",
        "value": "1245.83984375",
        "cumulative": false
    },
    {
        "date": "2020-09-11T11:58:08Z",
        "value": "1256.4765625",
        "cumulative": false
    },
    {
        "date": "2020-09-11T11:58:24Z",
        "value": "1245.7578125",
        "cumulative": false
    },
    {
        "date": "2020-09-11T11:58:38Z",
        "value": "1356.11328125",
        "cumulative": false
    },
    {
        "date": "2020-09-11T11:58:54Z",
        "value": "1330.7890625",
        "cumulative": false
    },
    {
        "date": "2020-09-11T11:59:13Z",
        "value": "1283.1875",
        "cumulative": false
    },
    {
        "date": "2020-09-11T11:59:24Z",
        "value": "1245.828125",
        "cumulative": false
    },
    {
        "date": "2020-09-11T11:59:40Z",
        "value": "1245.8125",
        "cumulative": false
    },
    {
        "date": "2020-09-11T11:59:54Z",
        "value": "1245.78515625",
        "cumulative": false
    },
    {
        "date": "2020-09-11T12:00:08Z",
        "value": "1247.5859375",
        "cumulative": false
    },
    {
        "date": "2020-09-11T12:00:27Z",
        "value": "1386.765625",
        "cumulative": false
    },
    {
        "date": "2020-09-11T12:00:41Z",
        "value": "1279.875",
        "cumulative": false
    },
    {
        "date": "2020-09-11T12:00:57Z",
        "value": "1346.96875",
        "cumulative": false
    },
    {
        "date": "2020-09-11T12:01:08Z",
        "value": "1298.95703125",
        "cumulative": false
    },
    {
        "date": "2020-09-11T12:01:26Z",
        "value": "1245.7734375",
        "cumulative": false
    },
    {
        "date": "2020-09-11T12:01:40Z",
        "value": "1245.828125",
        "cumulative": false
    },
    {
        "date": "2020-09-11T12:01:51Z",
        "value": "1245.796875",
        "cumulative": false
    },
    {
        "date": "2020-09-11T12:02:02Z",
        "value": "1303.1171875",
        "cumulative": false
    },
    {
        "date": "2020-09-11T12:02:17Z",
        "value": "1353.13671875",
        "cumulative": false
    },
    {
        "date": "2020-09-11T12:02:35Z",
        "value": "1304.61328125",
        "cumulative": false
    },
    {
        "date": "2020-09-11T12:02:53Z",
        "value": "1245.84765625",
        "cumulative": false
    },
    {
        "date": "2020-09-11T12:03:11Z",
        "value": "1245.84375",
        "cumulative": false
    },
    {
        "date": "2020-09-11T12:03:28Z",
        "value": "1278.875",
        "cumulative": false
    },
    {
        "date": "2020-09-11T12:03:47Z",
        "value": "1396.26171875",
        "cumulative": false
    },
    {
        "date": "2020-09-11T12:04:03Z",
        "value": "1245.76171875",
        "cumulative": false
    },
    {
        "date": "2020-09-11T12:04:20Z",
        "value": "1245.77734375",
        "cumulative": false
    },
    {
        "date": "2020-09-11T12:04:31Z",
        "value": "1352.90234375",
        "cumulative": false
    },
    {
        "date": "2020-09-11T12:04:44Z",
        "value": "1265.16796875",
        "cumulative": false
    },
    {
        "date": "2020-09-11T12:04:55Z",
        "value": "1330.99609375",
        "cumulative": false
    },
    {
        "date": "2020-09-11T12:05:15Z",
        "value": "1245.76171875",
        "cumulative": false
    },
    {
        "date": "2020-09-11T12:05:27Z",
        "value": "1274.87109375",
        "cumulative": false
    },
    {
        "date": "2020-09-11T12:05:41Z",
        "value": "1245.78125",
        "cumulative": false
    },
    {
        "date": "2020-09-11T12:05:53Z",
        "value": "1245.77734375",
        "cumulative": false
    },
    {
        "date": "2020-09-11T12:06:10Z",
        "value": "1330.8984375",
        "cumulative": false
    },
    {
        "date": "2020-09-11T12:06:28Z",
        "value": "1314.27734375",
        "cumulative": false
    },
    {
        "date": "2020-09-11T12:06:39Z",
        "value": "1361.66796875",
        "cumulative": false
    },
    {
        "date": "2020-09-11T12:06:53Z",
        "value": "1256.875",
        "cumulative": false
    },
    {
        "date": "2020-09-11T12:07:07Z",
        "value": "1245.83203125",
        "cumulative": false
    },
    {
        "date": "2020-09-11T12:07:22Z",
        "value": "1245.796875",
        "cumulative": false
    },
    {
        "date": "2020-09-11T12:07:33Z",
        "value": "1499.015625",
        "cumulative": false
    },
    {
        "date": "2020-09-11T12:07:48Z",
        "value": "1456.109375",
        "cumulative": false
    },
    {
        "date": "2020-09-11T12:08:01Z",
        "value": "1503.890625",
        "cumulative": false
    },
    {
        "date": "2020-09-11T12:08:12Z",
        "value": "1387.234375",
        "cumulative": false
    },
    {
        "date": "2020-09-11T12:08:29Z",
        "value": "1494.609375",
        "cumulative": false
    },
    {
        "date": "2020-09-11T12:08:45Z",
        "value": "1245.86328125",
        "cumulative": false
    },
    {
        "date": "2020-09-11T12:09:03Z",
        "value": "1393.1015625",
        "cumulative": false
    },
    {
        "date": "2020-09-11T12:09:16Z",
        "value": "1283.22265625",
        "cumulative": false
    },
    {
        "date": "2020-09-11T12:09:30Z",
        "value": "1449.83203125",
        "cumulative": false
    },
    {
        "date": "2020-09-11T12:09:42Z",
        "value": "1245.828125",
        "cumulative": false
    },
    {
        "date": "2020-09-11T12:10:00Z",
        "value": "1245.890625",
        "cumulative": false
    },
    {
        "date": "2020-09-11T12:10:18Z",
        "value": "1245.83984375",
        "cumulative": false
    },
    {
        "date": "2020-09-11T12:10:30Z",
        "value": "1326.0859375",
        "cumulative": false
    },
    {
        "date": "2020-09-11T12:10:42Z",
        "value": "1245.84375",
        "cumulative": false
    },
    {
        "date": "2020-09-11T12:10:53Z",
        "value": "1488.95703125",
        "cumulative": false
    },
    {
        "date": "2020-09-11T12:11:11Z",
        "value": "1531.43359375",
        "cumulative": false
    },
    {
        "date": "2020-09-11T12:11:23Z",
        "value": "1261.11328125",
        "cumulative": false
    },
    {
        "date": "2020-09-11T12:11:40Z",
        "value": "1554.984375",
        "cumulative": false
    },
    {
        "date": "2020-09-11T12:11:57Z",
        "value": "1421.8359375",
        "cumulative": false
    },
    {
        "date": "2020-09-11T12:12:10Z",
        "value": "1499.765625",
        "cumulative": false
    },
    {
        "date": "2020-09-11T12:12:26Z",
        "value": "1295.63671875",
        "cumulative": false
    },
    {
        "date": "2020-09-11T12:12:44Z",
        "value": "1245.84375",
        "cumulative": false
    },
    {
        "date": "2020-09-11T12:13:02Z",
        "value": "1245.87109375",
        "cumulative": false
    },
    {
        "date": "2020-09-11T12:13:15Z",
        "value": "1426.95703125",
        "cumulative": false
    },
    {
        "date": "2020-09-11T12:13:34Z",
        "value": "1269.38671875",
        "cumulative": false
    },
    {
        "date": "2020-09-11T12:13:49Z",
        "value": "1396.87109375",
        "cumulative": false
    },
    {
        "date": "2020-09-11T12:14:01Z",
        "value": "1245.83203125",
        "cumulative": false
    },
    {
        "date": "2020-09-11T12:14:12Z",
        "value": "1245.89453125",
        "cumulative": false
    },
    {
        "date": "2020-09-11T12:14:25Z",
        "value": "1245.85546875",
        "cumulative": false
    },
    {
        "date": "2020-09-11T12:14:39Z",
        "value": "1245.83984375",
        "cumulative": false
    },
    {
        "date": "2020-09-11T12:14:54Z",
        "value": "1338.57421875",
        "cumulative": false
    },
    {
        "date": "2020-09-11T12:15:12Z",
        "value": "1382.62890625",
        "cumulative": false
    },
    {
        "date": "2020-09-11T12:15:28Z",
        "value": "1245.8671875",
        "cumulative": false
    },
    {
        "date": "2020-09-11T12:15:40Z",
        "value": "1245.7734375",
        "cumulative": false
    },
    {
        "date": "2020-09-11T12:15:55Z",
        "value": "1463.58984375",
        "cumulative": false
    },
    {
        "date": "2020-09-11T12:16:13Z",
        "value": "1451.63671875",
        "cumulative": false
    },
    {
        "date": "2020-09-11T12:16:31Z",
        "value": "1245.80859375",
        "cumulative": false
    },
    {
        "date": "2020-09-11T12:16:47Z",
        "value": "1579.28515625",
        "cumulative": false
    },
    {
        "date": "2020-09-11T12:17:06Z",
        "value": "1460.33203125",
        "cumulative": false
    },
    {
        "date": "2020-09-11T12:17:25Z",
        "value": "1615.87890625",
        "cumulative": false
    },
    {
        "date": "2020-09-11T12:17:37Z",
        "value": "1245.78515625",
        "cumulative": false
    },
    {
        "date": "2020-09-11T12:17:47Z",
        "value": "1578.24609375",
        "cumulative": false
    },
    {
        "date": "2020-09-11T12:18:00Z",
        "value": "1546.140625",
        "cumulative": false
    },
    {
        "date": "2020-09-11T12:18:12Z",
        "value": "1245.890625",
        "cumulative": false
    },
    {
        "date": "2020-09-11T12:18:25Z",
        "value": "1424.19921875",
        "cumulative": false
    },
    {
        "date": "2020-09-11T12:18:38Z",
        "value": "1481.91796875",
        "cumulative": false
    },
    {
        "date": "2020-09-11T12:18:56Z",
        "value": "1245.88671875",
        "cumulative": false
    },
    {
        "date": "2020-09-11T12:19:15Z",
        "value": "1245.85546875",
        "cumulative": false
    },
    {
        "date": "2020-09-11T12:19:29Z",
        "value": "1471.35546875",
        "cumulative": false
    },
    {
        "date": "2020-09-11T12:19:43Z",
        "value": "1245.88671875",
        "cumulative": false
    },
    {
        "date": "2020-09-11T12:20:00Z",
        "value": "1354.41796875",
        "cumulative": false
    },
    {
        "date": "2020-09-11T12:20:11Z",
        "value": "1508.85546875",
        "cumulative": false
    },
    {
        "date": "2020-09-11T12:20:23Z",
        "value": "1245.85546875",
        "cumulative": false
    },
    {
        "date": "2020-09-11T12:20:36Z",
        "value": "1447.41796875",
        "cumulative": false
    },
    {
        "date": "2020-09-11T12:20:50Z",
        "value": "1245.828125",
        "cumulative": false
    },
    {
        "date": "2020-09-11T12:21:09Z",
        "value": "1687.58984375",
        "cumulative": false
    },
    {
        "date": "2020-09-11T12:21:28Z",
        "value": "1475.01953125",
        "cumulative": false
    },
    {
        "date": "2020-09-11T12:21:45Z",
        "value": "1245.78125",
        "cumulative": false
    },
    {
        "date": "2020-09-11T12:21:58Z",
        "value": "1606.2890625",
        "cumulative": false
    },
    {
        "date": "2020-09-11T12:22:16Z",
        "value": "1245.84375",
        "cumulative": false
    },
    {
        "date": "2020-09-11T12:22:33Z",
        "value": "1245.85546875",
        "cumulative": false
    },
    {
        "date": "2020-09-11T12:22:50Z",
        "value": "1400.82421875",
        "cumulative": false
    },
    {
        "date": "2020-09-11T12:23:02Z",
        "value": "1643.70703125",
        "cumulative": false
    },
    {
        "date": "2020-09-11T12:23:14Z",
        "value": "1436.921875",
        "cumulative": false
    },
    {
        "date": "2020-09-11T12:23:26Z",
        "value": "1245.81640625",
        "cumulative": false
    },
    {
        "date": "2020-09-11T12:23:41Z",
        "value": "1575.4921875",
        "cumulative": false
    },
    {
        "date": "2020-09-11T12:23:59Z",
        "value": "1769.00390625",
        "cumulative": false
    }
]