[
    {
        "date": "2020-09-11T11:52:40Z",
        "value": "0.84596989",
        "cumulative": false
    },
    {
        "date": "2020-09-11T11:52:53Z",
        "value": "2.175513361",
        "cumulative": false
    },
    {
        "date": "2020-09-11T11:53:13Z",
        "value": "1.997115804",
        "cumulative": false
    },
    {
        "date": "2020-09-11T11:53:25Z",
        "value": "1.869608836",
        "cumulative": false
    },
    {
        "date": "2020-09-11T11:53:41Z",
        "value": "1.870861138",
        "cumulative": false
    },
    {
        "date": "2020-09-11T11:53:52Z",
        "value": "1.811130042",
        "cumulative": false
    },
    {
        "date": "2020-09-11T11:54:08Z",
        "value": "1.822006248",
        "cumulative": false
    },
    {
        "date": "2020-09-11T11:54:23Z",
        "value": "1.811356267",
        "cumulative": false
    },
    {
        "date": "2020-09-11T11:54:40Z",
        "value": "1.752135943",
        "cumulative": false
    },
    {
        "date": "2020-09-11T11:54:53Z",
        "value": "1.738741753",
        "cumulative": false
    },
    {
        "date": "2020-09-11T11:55:12Z",
        "value": "1.763341101",
        "cumulative": false
    },
    {
        "date": "2020-09-11T11:55:26Z",
        "value": "1.758594715",
        "cumulative": false
    },
    {
        "date": "2020-09-11T11:55:36Z",
        "value": "1.682363372",
        "cumulative": false
    },
    {
        "date": "2020-09-11T11:55:53Z",
        "value": "1.709947819",
        "cumulative": false
    },
    {
        "date": "2020-09-11T11:56:09Z",
        "value": "1.641388498",
        "cumulative": false
    },
    {
        "date": "2020-09-11T11:56:28Z",
        "value": "1.559649287",
        "cumulative": false
    },
    {
        "date": "2020-09-11T11:56:39Z",
        "value": "1.390632574",
        "cumulative": false
    },
    {
        "date": "2020-09-11T11:56:51Z",
        "value": "1.410180715",
        "cumulative": false
    },
    {
        "date": "2020-09-11T11:57:04Z",
        "value": "1.583174265",
        "cumulative": false
    },
    {
        "date": "2020-09-11T11:57:15Z",
        "value": "1.600811361",
        "cumulative": false
    },
    {
        "date": "2020-09-11T11:57:28Z",
        "value": "1.536642217",
        "cumulative": false
    },
    {
        "date": "2020-09-11T11:57:43Z",
        "value": "1.401997555",
        "cumulative": false
    },
    {
        "date": "2020-09-11T11:57:57Z",
        "value": "1.388797409",
        "cumulative": false
    },
    {
        "date": "2020-09-11T11:58:10Z",
        "value": "1.547473001",
        "cumulative": false
    },
    {
        "date": "2020-09-11T11:58:28Z",
        "value": "1.568466045",
        "cumulative": false
    },
    {
        "date": "2020-09-11T11:58:45Z",
        "value": "1.452991893",
        "cumulative": false
    },
    {
        "date": "2020-09-11T11:58:59Z",
        "value": "1.3702578",
        "cumulative": false
    },
    {
        "date": "2020-09-11T11:59:17Z",
        "value": "1.388601745",
        "cumulative": false
    },
    {
        "date": "2020-09-11T11:59:28Z",
        "value": "1.482255724",
        "cumulative": false
    },
    {
        "date": "2020-09-11T11:59:46Z",
        "value": "1.545542469",
        "cumulative": false
    },
    {
        "date": "2020-09-11T12:00:02Z",
        "value": "1.539383463",
        "cumulative": false
    },
    {
        "date": "2020-09-11T12:00:16Z",
        "value": "1.42170079",
        "cumulative": false
    },
    {
        "date": "2020-09-11T12:00:28Z",
        "value": "1.352752264",
        "cumulative": false
    },
    {
        "date": "2020-09-11T12:00:41Z",
        "value": "1.349386486",
        "cumulative": false
    },
    {
        "date": "2020-09-11T12:00:53Z",
        "value": "1.367515999",
        "cumulative": false
    },
    {
        "date": "2020-09-11T12:01:04Z",
        "value": "1.402087918",
        "cumulative": false
    },
    {
        "date": "2020-09-11T12:01:19Z",
        "value": "1.508639895",
        "cumulative": false
    },
    {
        "date": "2020-09-11T12:01:31Z",
        "value": "1.510513487",
        "cumulative": false
    },
    {
        "date": "2020-09-11T12:01:51Z",
        "value": "1.506212338",
        "cumulative": false
    },
    {
        "date": "2020-09-11T12:02:01Z",
        "value": "1.445156563",
        "cumulative": false
    },
    {
        "date": "2020-09-11T12:02:19Z",
        "value": "1.359629766",
        "cumulative": false
    },
    {
        "date": "2020-09-11T12:02:37Z",
        "value": "1.35383718",
        "cumulative": false
    },
    {
        "date": "2020-09-11T12:02:48Z",
        "value": "1.348364923",
        "cumulative": false
    },
    {
        "date": "2020-09-11T12:03:07Z",
        "value": "1.402454865",
        "cumulative": false
    },
    {
        "date": "2020-09-11T12:03:20Z",
        "value": "1.565851992",
        "cumulative": false
    },
    {
        "date": "2020-09-11T12:03:35Z",
        "value": "1.559752689",
        "cumulative": false
    },
    {
        "date": "2020-09-11T12:03:51Z",
        "value": "1.565487734",
        "cumulative": false
    },
    {
        "date": "2020-09-11T12:04:02Z",
        "value": "1.530301693",
        "cumulative": false
    },
    {
        "date": "2020-09-11T12:04:14Z",
        "value": "1.510935199",
        "cumulative": false
    },
    {
        "date": "2020-09-11T12:04:30Z",
        "value": "1.359767958",
        "cumulative": false
    },
    {
        "date": "2020-09-11T12:04:44Z",
        "value": "1.302439266",
        "cumulative": false
    },
    {
        "date": "2020-09-11T12:04:54Z",
        "value": "1.298859227",
        "cumulative": false
    },
    {
        "date": "2020-09-11T12:05:08Z",
        "value": "1.309934767",
        "cumulative": false
    },
    {
        "date": "2020-09-11T12:05:26Z",
        "value": "1.316237618",
        "cumulative": false
    },
    {
        "date": "2020-09-11T12:05:46Z",
        "value": "1.397611526",
        "cumulative": false
    },
    {
        "date": "2020-09-11T12:06:01Z",
        "value": "1.545504025",
        "cumulative": false
    },
    {
        "date": "2020-09-11T12:06:13Z",
        "value": "1.547091403",
        "cumulative": false
    },
    {
        "date": "2020-09-11T12:06:31Z",
        "value": "1.563127309",
        "cumulative": false
    },
    {
        "date": "2020-09-11T12:06:41Z",
        "value": "1.569292528",
        "cumulative": false
    },
    {
        "date": "2020-09-11T12:06:56Z",
        "value": "1.54518578",
        "cumulative": false
    },
    {
        "date": "2020-09-11T12:07:09Z",
        "value": "1.540884814",
        "cumulative": false
    },
    {
        "date": "2020-09-11T12:07:20Z",
        "value": "1.350977808",
        "cumulative": false
    },
    {
        "date": "2020-09-11T12:07:35Z",
        "value": "1.302730367",
        "cumulative": false
    },
    {
        "date": "2020-09-11T12:07:50Z",
        "value": "1.300846346",
        "cumulative": false
    },
    {
        "date": "2020-09-11T12:08:07Z",
        "value": "1.278985607",
        "cumulative": false
    },
    {
        "date": "2020-09-11T12:08:24Z",
        "value": "1.308284803",
        "cumulative": false
    },
    {
        "date": "2020-09-11T12:08:35Z",
        "value": "1.280302611",
        "cumulative": false
    },
    {
        "date": "2020-09-11T12:08:48Z",
        "value": "1.301156559",
        "cumulative": false
    },
    {
        "date": "2020-09-11T12:09:01Z",
        "value": "1.474685196",
        "cumulative": false
    },
    {
        "date": "2020-09-11T12:09:20Z",
        "value": "1.542822623",
        "cumulative": false
    },
    {
        "date": "2020-09-11T12:09:36Z",
        "value": "1.547539416",
        "cumulative": false
    },
    {
        "date": "2020-09-11T12:09:52Z",
        "value": "1.527792613",
        "cumulative": false
    },
    {
        "date": "2020-09-11T12:10:02Z",
        "value": "1.541414548",
        "cumulative": false
    },
    {
        "date": "2020-09-11T12:10:19Z",
        "value": "1.541271733",
        "cumulative": false
    },
    {
        "date": "2020-09-11T12:10:36Z",
        "value": "1.531702166",
        "cumulative": false
    },
    {
        "date": "2020-09-11T12:10:50Z",
        "value": "1.527387557",
        "cumulative": false
    },
    {
        "date": "2020-09-11T12:11:04Z",
        "value": "1.294365355",
        "cumulative": false
    },
    {
        "date": "2020-09-11T12:11:18Z",
        "value": "1.279507288",
        "cumulative": false
    },
    {
        "date": "2020-09-11T12:11:32Z",
        "value": "1.287796108",
        "cumulative": false
    },
    {
        "date": "2020-09-11T12:11:43Z",
        "value": "1.279982473",
        "cumulative": false
    },
    {
        "date": "2020-09-11T12:11:58Z",
        "value": "1.285064672",
        "cumulative": false
    },
    {
        "date": "2020-09-11T12:12:09Z",
        "value": "1.298543129",
        "cumulative": false
    },
    {
        "date": "2020-09-11T12:12:25Z",
        "value": "1.285686303",
        "cumulative": false
    },
    {
        "date": "2020-09-11T12:12:37Z",
        "value": "1.276945553",
        "cumulative": false
    },
    {
        "date": "2020-09-11T12:12:49Z",
        "value": "1.295102848",
        "cumulative": false
    },
    {
        "date": "2020-09-11T12:13:05Z",
        "value": "1.496593223",
        "cumulative": false
    },
    {
        "date": "2020-09-11T12:13:25Z",
        "value": "1.530554521",
        "cumulative": false
    },
    {
        "date": "2020-09-11T12:13:41Z",
        "value": "1.561072297",
        "cumulative": false
    },
    {
        "date": "2020-09-11T12:13:55Z",
        "value": "1.542306722",
        "cumulative": false
    },
    {
        "date": "2020-09-11T12:14:06Z",
        "value": "1.52414388",
        "cumulative": false
    },
    {
        "date": "2020-09-11T12:14:20Z",
        "value": "1.536970662",
        "cumulative": false
    },
    {
        "date": "2020-09-11T12:14:38Z",
        "value": "1.556228064",
        "cumulative": false
    },
    {
        "date": "2020-09-11T12:14:50Z",
        "value": "1.514062432",
        "cumulative": false
    },
    {
        "date": "2020-09-11T12:15:07Z",
        "value": "1.546973326",
        "cumulative": false
    },
    {
        "date": "2020-09-11T12:15:23Z",
        "value": "1.411630749",
        "cumulative": false
    },
    {
        "date": "2020-09-11T12:15:43Z",
        "value": "1.290330647",
        "cumulative": false
    },
    {
        "date": "2020-09-11T12:15:56Z",
        "value": "1.296064076",
        "cumulative": false
    },
    {
        "date": "2020-09-11T12:16:09Z",
        "value": "1.302170433",
        "cumulative": false
    },
    {
        "date": "2020-09-11T12:16:19Z",
        "value": "1.278575107",
        "cumulative": false
    },
    {
        "date": "2020-09-11T12:16:36Z",
        "value": "1.294097564",
        "cumulative": false
    },
    {
        "date": "2020-09-11T12:16:49Z",
        "value": "1.315352465",
        "cumulative": false
    },
    {
        "date": "2020-09-11T12:17:07Z",
        "value": "1.318092004",
        "cumulative": false
    },
    {
        "date": "2020-09-11T12:17:25Z",
        "value": "1.324686119",
        "cumulative": false
    },
    {
        "date": "2020-09-11T12:17:40Z",
        "value": "1.305834175",
        "cumulative": false
    },
    {
        "date": "2020-09-11T12:17:56Z",
        "value": "1.381208783",
        "cumulative": false
    },
    {
        "date": "2020-09-11T12:18:09Z",
        "value": "1.509871178",
        "cumulative": false
    },
    {
        "date": "2020-09-11T12:18:24Z",
        "value": "1.557500054",
        "cumulative": false
    },
    {
        "date": "2020-09-11T12:18:42Z",
        "value": "1.53002791",
        "cumulative": false
    },
    {
        "date": "2020-09-11T12:18:56Z",
        "value": "1.503501119",
        "cumulative": false
    },
    {
        "date": "2020-09-11T12:19:07Z",
        "value": "1.506675522",
        "cumulative": false
    },
    {
        "date": "2020-09-11T12:19:22Z",
        "value": "1.521932769",
        "cumulative": false
    },
    {
        "date": "2020-09-11T12:19:40Z",
        "value": "1.522982862",
        "cumulative": false
    },
    {
        "date": "2020-09-11T12:19:54Z",
        "value": "1.514341568",
        "cumulative": false
    },
    {
        "date": "2020-09-11T12:20:05Z",
        "value": "1.526121834",
        "cumulative": false
    },
    {
        "date": "2020-09-11T12:20:24Z",
        "value": "1.517479477",
        "cumulative": false
    },
    {
        "date": "2020-09-11T12:20:36Z",
        "value": "1.526082054",
        "cumulative": false
    },
    {
        "date": "2020-09-11T12:20:47Z",
        "value": "1.46957472",
        "cumulative": false
    },
    {
        "date": "2020-09-11T12:21:01Z",
        "value": "1.304447048",
        "cumulative": false
    },
    {
        "date": "2020-09-11T12:21:20Z",
        "value": "1.319714796",
        "cumulative": false
    },
    {
        "date": "2020-09-11T12:21:40Z",
        "value": "1.298484743",
        "cumulative": false
    },
    {
        "date": "2020-09-11T12:21:54Z",
        "value": "1.269578407",
        "cumulative": false
    },
    {
        "date": "2020-09-11T12:22:06Z",
        "value": "1.286515044",
        "cumulative": false
    },
    {
        "date": "2020-09-11T12:22:21Z",
        "value": "1.292786871",
        "cumulative": false
    },
    {
        "date": "2020-09-11T12:22:32Z",
        "value": "1.308841286",
        "cumulative": false
    },
    {
        "date": "2020-09-11T12:22:48Z",
        "value": "1.287734625",
        "cumulative": false
    },
    {
        "date": "2020-09-11T12:23:00Z",
        "value": "1.311054352",
        "cumulative": false
    },
    {
        "date": "2020-09-11T12:23:16Z",
        "value": "1.287750204",
        "cumulative": false
    },
    {
        "date": "2020-09-11T12:23:26Z",
        "value": "1.302711642",
        "cumulative": false
    },
    {
        "date": "2020-09-11T12:23:37Z",
        "value": "1.25592855",
        "cumulative": false
    },
    {
        "date": "2020-09-11T12:23:57Z",
        "value": "1.309844144",
        "cumulative": false
    }
]