[
    {
        "date": "2020-09-11T11:52:36Z",
        "value": "0.663968361",
        "cumulative": false
    },
    {
        "date": "2020-09-11T11:52:53Z",
        "value": "2.08583673",
        "cumulative": false
    },
    {
        "date": "2020-09-11T11:53:06Z",
        "value": "2.048039236",
        "cumulative": false
    },
    {
        "date": "2020-09-11T11:53:24Z",
        "value": "1.936804381",
        "cumulative": false
    },
    {
        "date": "2020-09-11T11:53:37Z",
        "value": "1.875018492",
        "cumulative": false
    },
    {
        "date": "2020-09-11T11:53:49Z",
        "value": "1.845573418",
        "cumulative": false
    },
    {
        "date": "2020-09-11T11:54:03Z",
        "value": "1.845719488",
        "cumulative": false
    },
    {
        "date": "2020-09-11T11:54:15Z",
        "value": "1.76337865",
        "cumulative": false
    },
    {
        "date": "2020-09-11T11:54:27Z",
        "value": "1.77788251",
        "cumulative": false
    },
    {
        "date": "2020-09-11T11:54:43Z",
        "value": "1.789440648",
        "cumulative": false
    },
    {
        "date": "2020-09-11T11:54:54Z",
        "value": "1.727159477",
        "cumulative": false
    },
    {
        "date": "2020-09-11T11:55:08Z",
        "value": "1.761910632",
        "cumulative": false
    },
    {
        "date": "2020-09-11T11:55:25Z",
        "value": "1.770642948",
        "cumulative": false
    },
    {
        "date": "2020-09-11T11:55:42Z",
        "value": "1.622587522",
        "cumulative": false
    },
    {
        "date": "2020-09-11T11:55:57Z",
        "value": "1.4229214",
        "cumulative": false
    },
    {
        "date": "2020-09-11T11:56:07Z",
        "value": "1.572215851",
        "cumulative": false
    },
    {
        "date": "2020-09-11T11:56:25Z",
        "value": "1.604256652",
        "cumulative": false
    },
    {
        "date": "2020-09-11T11:56:38Z",
        "value": "1.427462607",
        "cumulative": false
    },
    {
        "date": "2020-09-11T11:56:52Z",
        "value": "1.437430988",
        "cumulative": false
    },
    {
        "date": "2020-09-11T11:57:06Z",
        "value": "1.617551593",
        "cumulative": false
    },
    {
        "date": "2020-09-11T11:57:26Z",
        "value": "1.608234723",
        "cumulative": false
    },
    {
        "date": "2020-09-11T11:57:38Z",
        "value": "1.433666889",
        "cumulative": false
    },
    {
        "date": "2020-09-11T11:57:57Z",
        "value": "1.418557174",
        "cumulative": false
    },
    {
        "date": "2020-09-11T11:58:08Z",
        "value": "1.560891155",
        "cumulative": false
    },
    {
        "date": "2020-09-11T11:58:24Z",
        "value": "1.582288817",
        "cumulative": false
    },
    {
        "date": "2020-09-11T11:58:38Z",
        "value": "1.54400735",
        "cumulative": false
    },
    {
        "date": "2020-09-11T11:58:54Z",
        "value": "1.389441043",
        "cumulative": false
    },
    {
        "date": "2020-09-11T11:59:13Z",
        "value": "1.383634334",
        "cumulative": false
    },
    {
        "date": "2020-09-11T11:59:24Z",
        "value": "1.448456969",
        "cumulative": false
    },
    {
        "date": "2020-09-11T11:59:40Z",
        "value": "1.556923678",
        "cumulative": false
    },
    {
        "date": "2020-09-11T11:59:54Z",
        "value": "1.56665587",
        "cumulative": false
    },
    {
        "date": "2020-09-11T12:00:08Z",
        "value": "1.554857238",
        "cumulative": false
    },
    {
        "date": "2020-09-11T12:00:27Z",
        "value": "1.377926357",
        "cumulative": false
    },
    {
        "date": "2020-09-11T12:00:41Z",
        "value": "1.385500086",
        "cumulative": false
    },
    {
        "date": "2020-09-11T12:00:57Z",
        "value": "1.37752535",
        "cumulative": false
    },
    {
        "date": "2020-09-11T12:01:08Z",
        "value": "1.468906303",
        "cumulative": false
    },
    {
        "date": "2020-09-11T12:01:26Z",
        "value": "1.530319083",
        "cumulative": false
    },
    {
        "date": "2020-09-11T12:01:40Z",
        "value": "1.533102927",
        "cumulative": false
    },
    {
        "date": "2020-09-11T12:01:51Z",
        "value": "1.558903746",
        "cumulative": false
    },
    {
        "date": "2020-09-11T12:02:02Z",
        "value": "1.466227444",
        "cumulative": false
    },
    {
        "date": "2020-09-11T12:02:17Z",
        "value": "1.381699812",
        "cumulative": false
    },
    {
        "date": "2020-09-11T12:02:35Z",
        "value": "1.397898861",
        "cumulative": false
    },
    {
        "date": "2020-09-11T12:02:53Z",
        "value": "1.385128893",
        "cumulative": false
    },
    {
        "date": "2020-09-11T12:03:11Z",
        "value": "1.486216574",
        "cumulative": false
    },
    {
        "date": "2020-09-11T12:03:28Z",
        "value": "1.563172807",
        "cumulative": false
    },
    {
        "date": "2020-09-11T12:03:47Z",
        "value": "1.58116337",
        "cumulative": false
    },
    {
        "date": "2020-09-11T12:04:03Z",
        "value": "1.533830484",
        "cumulative": false
    },
    {
        "date": "2020-09-11T12:04:20Z",
        "value": "1.496288692",
        "cumulative": false
    },
    {
        "date": "2020-09-11T12:04:31Z",
        "value": "1.303874106",
        "cumulative": false
    },
    {
        "date": "2020-09-11T12:04:44Z",
        "value": "1.305354683",
        "cumulative": false
    },
    {
        "date": "2020-09-11T12:04:55Z",
        "value": "1.332743514",
        "cumulative": false
    },
    {
        "date": "2020-09-11T12:05:15Z",
        "value": "1.353860621",
        "cumulative": false
    },
    {
        "date": "2020-09-11T12:05:27Z",
        "value": "1.377935352",
        "cumulative": false
    },
    {
        "date": "2020-09-11T12:05:41Z",
        "value": "1.405448807",
        "cumulative": false
    },
    {
        "date": "2020-09-11T12:05:53Z",
        "value": "1.560272432",
        "cumulative": false
    },
    {
        "date": "2020-09-11T12:06:10Z",
        "value": "1.565142736",
        "cumulative": false
    },
    {
        "date": "2020-09-11T12:06:28Z",
        "value": "1.586531603",
        "cumulative": false
    },
    {
        "date": "2020-09-11T12:06:39Z",
        "value": "1.556874142",
        "cumulative": false
    },
    {
        "date": "2020-09-11T12:06:53Z",
        "value": "1.577679131",
        "cumulative": false
    },
    {
        "date": "2020-09-11T12:07:07Z",
        "value": "1.561769626",
        "cumulative": false
    },
    {
        "date": "2020-09-11T12:07:22Z",
        "value": "1.400377161",
        "cumulative": false
    },
    {
        "date": "2020-09-11T12:07:33Z",
        "value": "1.317691673",
        "cumulative": false
    },
    {
        "date": "2020-09-11T12:07:48Z",
        "value": "1.327423051",
        "cumulative": false
    },
    {
        "date": "2020-09-11T12:08:01Z",
        "value": "1.321011556",
        "cumulative": false
    },
    {
        "date": "2020-09-11T12:08:12Z",
        "value": "1.342690035",
        "cumulative": false
    },
    {
        "date": "2020-09-11T12:08:29Z",
        "value": "1.346760958",
        "cumulative": false
    },
    {
        "date": "2020-09-11T12:08:45Z",
        "value": "1.350079335",
        "cumulative": false
    },
    {
        "date": "2020-09-11T12:09:03Z",
        "value": "1.485621234",
        "cumulative": false
    },
    {
        "date": "2020-09-11T12:09:16Z",
        "value": "1.582911484",
        "cumulative": false
    },
    {
        "date": "2020-09-11T12:09:30Z",
        "value": "1.559731522",
        "cumulative": false
    },
    {
        "date": "2020-09-11T12:09:42Z",
        "value": "1.585234164",
        "cumulative": false
    },
    {
        "date": "2020-09-11T12:10:00Z",
        "value": "1.569398657",
        "cumulative": false
    },
    {
        "date": "2020-09-11T12:10:18Z",
        "value": "1.569434217",
        "cumulative": false
    },
    {
        "date": "2020-09-11T12:10:30Z",
        "value": "1.56387856",
        "cumulative": false
    },
    {
        "date": "2020-09-11T12:10:42Z",
        "value": "1.576042741",
        "cumulative": false
    },
    {
        "date": "2020-09-11T12:10:53Z",
        "value": "1.468422778",
        "cumulative": false
    },
    {
        "date": "2020-09-11T12:11:11Z",
        "value": "1.335377502",
        "cumulative": false
    },
    {
        "date": "2020-09-11T12:11:23Z",
        "value": "1.346101802",
        "cumulative": false
    },
    {
        "date": "2020-09-11T12:11:40Z",
        "value": "1.334963211",
        "cumulative": false
    },
    {
        "date": "2020-09-11T12:11:57Z",
        "value": "1.339482415",
        "cumulative": false
    },
    {
        "date": "2020-09-11T12:12:10Z",
        "value": "1.326091222",
        "cumulative": false
    },
    {
        "date": "2020-09-11T12:12:26Z",
        "value": "1.341633542",
        "cumulative": false
    },
    {
        "date": "2020-09-11T12:12:44Z",
        "value": "1.316832185",
        "cumulative": false
    },
    {
        "date": "2020-09-11T12:13:02Z",
        "value": "1.411370262",
        "cumulative": false
    },
    {
        "date": "2020-09-11T12:13:15Z",
        "value": "1.560871313",
        "cumulative": false
    },
    {
        "date": "2020-09-11T12:13:34Z",
        "value": "1.58361822",
        "cumulative": false
    },
    {
        "date": "2020-09-11T12:13:49Z",
        "value": "1.544441124",
        "cumulative": false
    },
    {
        "date": "2020-09-11T12:14:01Z",
        "value": "1.543510697",
        "cumulative": false
    },
    {
        "date": "2020-09-11T12:14:12Z",
        "value": "1.548970475",
        "cumulative": false
    },
    {
        "date": "2020-09-11T12:14:25Z",
        "value": "1.558135519",
        "cumulative": false
    },
    {
        "date": "2020-09-11T12:14:39Z",
        "value": "1.549754232",
        "cumulative": false
    },
    {
        "date": "2020-09-11T12:14:54Z",
        "value": "1.545807989",
        "cumulative": false
    },
    {
        "date": "2020-09-11T12:15:12Z",
        "value": "1.544346197",
        "cumulative": false
    },
    {
        "date": "2020-09-11T12:15:28Z",
        "value": "1.357856928",
        "cumulative": false
    },
    {
        "date": "2020-09-11T12:15:40Z",
        "value": "1.278094235",
        "cumulative": false
    },
    {
        "date": "2020-09-11T12:15:55Z",
        "value": "1.31000095",
        "cumulative": false
    },
    {
        "date": "2020-09-11T12:16:13Z",
        "value": "1.304041266",
        "cumulative": false
    },
    {
        "date": "2020-09-11T12:16:31Z",
        "value": "1.292511953",
        "cumulative": false
    },
    {
        "date": "2020-09-11T12:16:47Z",
        "value": "1.313605128",
        "cumulative": false
    },
    {
        "date": "2020-09-11T12:17:06Z",
        "value": "1.315566584",
        "cumulative": false
    },
    {
        "date": "2020-09-11T12:17:25Z",
        "value": "1.331266281",
        "cumulative": false
    },
    {
        "date": "2020-09-11T12:17:37Z",
        "value": "1.318578495",
        "cumulative": false
    },
    {
        "date": "2020-09-11T12:17:47Z",
        "value": "1.329043052",
        "cumulative": false
    },
    {
        "date": "2020-09-11T12:18:00Z",
        "value": "1.476564281",
        "cumulative": false
    },
    {
        "date": "2020-09-11T12:18:12Z",
        "value": "1.499221031",
        "cumulative": false
    },
    {
        "date": "2020-09-11T12:18:25Z",
        "value": "1.591065241",
        "cumulative": false
    },
    {
        "date": "2020-09-11T12:18:38Z",
        "value": "1.548883207",
        "cumulative": false
    },
    {
        "date": "2020-09-11T12:18:56Z",
        "value": "1.544267646",
        "cumulative": false
    },
    {
        "date": "2020-09-11T12:19:15Z",
        "value": "1.533412184",
        "cumulative": false
    },
    {
        "date": "2020-09-11T12:19:29Z",
        "value": "1.524266601",
        "cumulative": false
    },
    {
        "date": "2020-09-11T12:19:43Z",
        "value": "1.524786656",
        "cumulative": false
    },
    {
        "date": "2020-09-11T12:20:00Z",
        "value": "1.5514156",
        "cumulative": false
    },
    {
        "date": "2020-09-11T12:20:11Z",
        "value": "1.532737775",
        "cumulative": false
    },
    {
        "date": "2020-09-11T12:20:23Z",
        "value": "1.539208406",
        "cumulative": false
    },
    {
        "date": "2020-09-11T12:20:36Z",
        "value": "1.580464821",
        "cumulative": false
    },
    {
        "date": "2020-09-11T12:20:50Z",
        "value": "1.456439782",
        "cumulative": false
    },
    {
        "date": "2020-09-11T12:21:09Z",
        "value": "1.322973439",
        "cumulative": false
    },
    {
        "date": "2020-09-11T12:21:28Z",
        "value": "1.321459588",
        "cumulative": false
    },
    {
        "date": "2020-09-11T12:21:45Z",
        "value": "1.315715118",
        "cumulative": false
    },
    {
        "date": "2020-09-11T12:21:58Z",
        "value": "1.304355927",
        "cumulative": false
    },
    {
        "date": "2020-09-11T12:22:16Z",
        "value": "1.298657739",
        "cumulative": false
    },
    {
        "date": "2020-09-11T12:22:33Z",
        "value": "1.314952924",
        "cumulative": false
    },
    {
        "date": "2020-09-11T12:22:50Z",
        "value": "1.329373223",
        "cumulative": false
    },
    {
        "date": "2020-09-11T12:23:02Z",
        "value": "1.303851641",
        "cumulative": false
    },
    {
        "date": "2020-09-11T12:23:14Z",
        "value": "1.298929429",
        "cumulative": false
    },
    {
        "date": "2020-09-11T12:23:26Z",
        "value": "1.328080282",
        "cumulative": false
    },
    {
        "date": "2020-09-11T12:23:41Z",
        "value": "1.30959688",
        "cumulative": false
    },
    {
        "date": "2020-09-11T12:23:59Z",
        "value": "1.329927655",
        "cumulative": false
    }
]