[
    {
        "date": "2020-09-11T11:52:25Z",
        "value": "1.67578125",
        "cumulative": false
    },
    {
        "date": "2020-09-11T11:52:37Z",
        "value": "1197.625",
        "cumulative": false
    },
    {
        "date": "2020-09-11T11:52:47Z",
        "value": "1199.296875",
        "cumulative": false
    },
    {
        "date": "2020-09-11T11:53:03Z",
        "value": "1204.59765625",
        "cumulative": false
    },
    {
        "date": "2020-09-11T11:53:18Z",
        "value": "1208.6015625",
        "cumulative": false
    },
    {
        "date": "2020-09-11T11:53:33Z",
        "value": "1211.37109375",
        "cumulative": false
    },
    {
        "date": "2020-09-11T11:53:44Z",
        "value": "1215.01171875",
        "cumulative": false
    },
    {
        "date": "2020-09-11T11:53:58Z",
        "value": "1219.5390625",
        "cumulative": false
    },
    {
        "date": "2020-09-11T11:54:15Z",
        "value": "1225.4140625",
        "cumulative": false
    },
    {
        "date": "2020-09-11T11:54:32Z",
        "value": "1225.29296875",
        "cumulative": false
    },
    {
        "date": "2020-09-11T11:54:43Z",
        "value": "1232.66015625",
        "cumulative": false
    },
    {
        "date": "2020-09-11T11:55:02Z",
        "value": "1241.80078125",
        "cumulative": false
    },
    {
        "date": "2020-09-11T11:55:20Z",
        "value": "1241.7265625",
        "cumulative": false
    },
    {
        "date": "2020-09-11T11:55:35Z",
        "value": "1241.7265625",
        "cumulative": false
    },
    {
        "date": "2020-09-11T11:55:51Z",
        "value": "1253.31640625",
        "cumulative": false
    },
    {
        "date": "2020-09-11T11:56:06Z",
        "value": "1216.28125",
        "cumulative": false
    },
    {
        "date": "2020-09-11T11:56:24Z",
        "value": "1219.28125",
        "cumulative": false
    },
    {
        "date": "2020-09-11T11:56:39Z",
        "value": "1268.03125",
        "cumulative": false
    },
    {
        "date": "2020-09-11T11:56:59Z",
        "value": "1249.6171875",
        "cumulative": false
    },
    {
        "date": "2020-09-11T11:57:09Z",
        "value": "1280.30078125",
        "cumulative": false
    },
    {
        "date": "2020-09-11T11:57:21Z",
        "value": "1271.2578125",
        "cumulative": false
    },
    {
        "date": "2020-09-11T11:57:32Z",
        "value": "1286.4140625",
        "cumulative": false
    },
    {
        "date": "2020-09-11T11:57:48Z",
        "value": "1238.16015625",
        "cumulative": false
    },
    {
        "date": "2020-09-11T11:58:02Z",
        "value": "1302.03125",
        "cumulative": false
    },
    {
        "date": "2020-09-11T11:58:17Z",
        "value": "1290.8671875",
        "cumulative": false
    },
    {
        "date": "2020-09-11T11:58:35Z",
        "value": "1227.21875",
        "cumulative": false
    },
    {
        "date": "2020-09-11T11:58:51Z",
        "value": "1296.97265625",
        "cumulative": false
    },
    {
        "date": "2020-09-11T11:59:09Z",
        "value": "1261.62890625",
        "cumulative": false
    },
    {
        "date": "2020-09-11T11:59:21Z",
        "value": "1227.265625",
        "cumulative": false
    },
    {
        "date": "2020-09-11T11:59:41Z",
        "value": "1227.31640625",
        "cumulative": false
    },
    {
        "date": "2020-09-11T12:00:01Z",
        "value": "1227.22265625",
        "cumulative": false
    },
    {
        "date": "2020-09-11T12:00:17Z",
        "value": "1227.2421875",
        "cumulative": false
    },
    {
        "date": "2020-09-11T12:00:34Z",
        "value": "1339.0390625",
        "cumulative": false
    },
    {
        "date": "2020-09-11T12:00:52Z",
        "value": "1227.265625",
        "cumulative": false
    },
    {
        "date": "2020-09-11T12:01:10Z",
        "value": "1241.4375",
        "cumulative": false
    },
    {
        "date": "2020-09-11T12:01:23Z",
        "value": "1227.27734375",
        "cumulative": false
    },
    {
        "date": "2020-09-11T12:01:40Z",
        "value": "1292.27734375",
        "cumulative": false
    },
    {
        "date": "2020-09-11T12:01:57Z",
        "value": "1227.265625",
        "cumulative": false
    },
    {
        "date": "2020-09-11T12:02:11Z",
        "value": "1356.96875",
        "cumulative": false
    },
    {
        "date": "2020-09-11T12:02:30Z",
        "value": "1227.26953125",
        "cumulative": false
    },
    {
        "date": "2020-09-11T12:02:47Z",
        "value": "1227.3046875",
        "cumulative": false
    },
    {
        "date": "2020-09-11T12:03:04Z",
        "value": "1227.2734375",
        "cumulative": false
    },
    {
        "date": "2020-09-11T12:03:21Z",
        "value": "1227.3359375",
        "cumulative": false
    },
    {
        "date": "2020-09-11T12:03:38Z",
        "value": "1227.2421875",
        "cumulative": false
    },
    {
        "date": "2020-09-11T12:03:58Z",
        "value": "1370.1796875",
        "cumulative": false
    },
    {
        "date": "2020-09-11T12:04:12Z",
        "value": "1356.0546875",
        "cumulative": false
    },
    {
        "date": "2020-09-11T12:04:28Z",
        "value": "1227.2265625",
        "cumulative": false
    },
    {
        "date": "2020-09-11T12:04:44Z",
        "value": "1345.7734375",
        "cumulative": false
    },
    {
        "date": "2020-09-11T12:05:02Z",
        "value": "1227.2578125",
        "cumulative": false
    },
    {
        "date": "2020-09-11T12:05:16Z",
        "value": "1387.6484375",
        "cumulative": false
    },
    {
        "date": "2020-09-11T12:05:32Z",
        "value": "1227.26171875",
        "cumulative": false
    },
    {
        "date": "2020-09-11T12:05:50Z",
        "value": "1227.27734375",
        "cumulative": false
    },
    {
        "date": "2020-09-11T12:06:05Z",
        "value": "1227.3203125",
        "cumulative": false
    },
    {
        "date": "2020-09-11T12:06:15Z",
        "value": "1227.23046875",
        "cumulative": false
    },
    {
        "date": "2020-09-11T12:06:35Z",
        "value": "1245.21484375",
        "cumulative": false
    },
    {
        "date": "2020-09-11T12:06:51Z",
        "value": "1252.98828125",
        "cumulative": false
    },
    {
        "date": "2020-09-11T12:07:07Z",
        "value": "1227.28125",
        "cumulative": false
    },
    {
        "date": "2020-09-11T12:07:18Z",
        "value": "1227.24609375",
        "cumulative": false
    },
    {
        "date": "2020-09-11T12:07:35Z",
        "value": "1508.40234375",
        "cumulative": false
    },
    {
        "date": "2020-09-11T12:07:48Z",
        "value": "1227.33984375",
        "cumulative": false
    },
    {
        "date": "2020-09-11T12:08:04Z",
        "value": "1356.18359375",
        "cumulative": false
    },
    {
        "date": "2020-09-11T12:08:16Z",
        "value": "1323.68359375",
        "cumulative": false
    },
    {
        "date": "2020-09-11T12:08:33Z",
        "value": "1227.33984375",
        "cumulative": false
    },
    {
        "date": "2020-09-11T12:08:53Z",
        "value": "1441.18359375",
        "cumulative": false
    },
    {
        "date": "2020-09-11T12:09:09Z",
        "value": "1467.01953125",
        "cumulative": false
    },
    {
        "date": "2020-09-11T12:09:26Z",
        "value": "1227.34375",
        "cumulative": false
    },
    {
        "date": "2020-09-11T12:09:45Z",
        "value": "1467.03125",
        "cumulative": false
    },
    {
        "date": "2020-09-11T12:09:58Z",
        "value": "1281.515625",
        "cumulative": false
    },
    {
        "date": "2020-09-11T12:10:09Z",
        "value": "1227.2734375",
        "cumulative": false
    },
    {
        "date": "2020-09-11T12:10:20Z",
        "value": "1227.29296875",
        "cumulative": false
    },
    {
        "date": "2020-09-11T12:10:34Z",
        "value": "1227.27734375",
        "cumulative": false
    },
    {
        "date": "2020-09-11T12:10:46Z",
        "value": "1227.2734375",
        "cumulative": false
    },
    {
        "date": "2020-09-11T12:11:04Z",
        "value": "1227.328125",
        "cumulative": false
    },
    {
        "date": "2020-09-11T12:11:19Z",
        "value": "1227.34375",
        "cumulative": false
    },
    {
        "date": "2020-09-11T12:11:31Z",
        "value": "1545.04296875",
        "cumulative": false
    },
    {
        "date": "2020-09-11T12:11:45Z",
        "value": "1249.953125",
        "cumulative": false
    },
    {
        "date": "2020-09-11T12:12:00Z",
        "value": "1482.21875",
        "cumulative": false
    },
    {
        "date": "2020-09-11T12:12:15Z",
        "value": "1571.484375",
        "cumulative": false
    },
    {
        "date": "2020-09-11T12:12:26Z",
        "value": "1227.30859375",
        "cumulative": false
    },
    {
        "date": "2020-09-11T12:12:43Z",
        "value": "1227.28515625",
        "cumulative": false
    },
    {
        "date": "2020-09-11T12:12:53Z",
        "value": "1530.0078125",
        "cumulative": false
    },
    {
        "date": "2020-09-11T12:13:10Z",
        "value": "1516.2890625",
        "cumulative": false
    },
    {
        "date": "2020-09-11T12:13:27Z",
        "value": "1530.0703125",
        "cumulative": false
    },
    {
        "date": "2020-09-11T12:13:47Z",
        "value": "1227.2734375",
        "cumulative": false
    },
    {
        "date": "2020-09-11T12:14:03Z",
        "value": "1227.28125",
        "cumulative": false
    },
    {
        "date": "2020-09-11T12:14:20Z",
        "value": "1227.3359375",
        "cumulative": false
    },
    {
        "date": "2020-09-11T12:14:36Z",
        "value": "1530.0703125",
        "cumulative": false
    },
    {
        "date": "2020-09-11T12:14:54Z",
        "value": "1227.34765625",
        "cumulative": false
    },
    {
        "date": "2020-09-11T12:15:07Z",
        "value": "1230.45703125",
        "cumulative": false
    },
    {
        "date": "2020-09-11T12:15:21Z",
        "value": "1227.24609375",
        "cumulative": false
    },
    {
        "date": "2020-09-11T12:15:37Z",
        "value": "1227.2578125",
        "cumulative": false
    },
    {
        "date": "2020-09-11T12:15:48Z",
        "value": "1596.34375",
        "cumulative": false
    },
    {
        "date": "2020-09-11T12:16:00Z",
        "value": "1227.28515625",
        "cumulative": false
    },
    {
        "date": "2020-09-11T12:16:12Z",
        "value": "1617.28125",
        "cumulative": false
    },
    {
        "date": "2020-09-11T12:16:24Z",
        "value": "1227.3125",
        "cumulative": false
    },
    {
        "date": "2020-09-11T12:16:35Z",
        "value": "1645.93359375",
        "cumulative": false
    },
    {
        "date": "2020-09-11T12:16:47Z",
        "value": "1227.33984375",
        "cumulative": false
    },
    {
        "date": "2020-09-11T12:16:58Z",
        "value": "1227.3359375",
        "cumulative": false
    },
    {
        "date": "2020-09-11T12:17:14Z",
        "value": "1426.0625",
        "cumulative": false
    },
    {
        "date": "2020-09-11T12:17:28Z",
        "value": "1227.25390625",
        "cumulative": false
    },
    {
        "date": "2020-09-11T12:17:45Z",
        "value": "1334.890625",
        "cumulative": false
    },
    {
        "date": "2020-09-11T12:17:57Z",
        "value": "1281.87109375",
        "cumulative": false
    },
    {
        "date": "2020-09-11T12:18:16Z",
        "value": "1227.24609375",
        "cumulative": false
    },
    {
        "date": "2020-09-11T12:18:34Z",
        "value": "1227.27734375",
        "cumulative": false
    },
    {
        "date": "2020-09-11T12:18:51Z",
        "value": "1446.58984375",
        "cumulative": false
    },
    {
        "date": "2020-09-11T12:19:05Z",
        "value": "1405.46484375",
        "cumulative": false
    },
    {
        "date": "2020-09-11T12:19:21Z",
        "value": "1227.27734375",
        "cumulative": false
    },
    {
        "date": "2020-09-11T12:19:33Z",
        "value": "1227.24609375",
        "cumulative": false
    },
    {
        "date": "2020-09-11T12:19:46Z",
        "value": "1484.83984375",
        "cumulative": false
    },
    {
        "date": "2020-09-11T12:19:58Z",
        "value": "1317.68359375",
        "cumulative": false
    },
    {
        "date": "2020-09-11T12:20:11Z",
        "value": "1227.29296875",
        "cumulative": false
    },
    {
        "date": "2020-09-11T12:20:31Z",
        "value": "1227.26171875",
        "cumulative": false
    },
    {
        "date": "2020-09-11T12:20:48Z",
        "value": "1227.3203125",
        "cumulative": false
    },
    {
        "date": "2020-09-11T12:21:01Z",
        "value": "1611.203125",
        "cumulative": false
    },
    {
        "date": "2020-09-11T12:21:19Z",
        "value": "1686.71484375",
        "cumulative": false
    },
    {
        "date": "2020-09-11T12:21:32Z",
        "value": "1349.390625",
        "cumulative": false
    },
    {
        "date": "2020-09-11T12:21:45Z",
        "value": "1227.31640625",
        "cumulative": false
    },
    {
        "date": "2020-09-11T12:22:04Z",
        "value": "1227.28515625",
        "cumulative": false
    },
    {
        "date": "2020-09-11T12:22:22Z",
        "value": "1227.296875",
        "cumulative": false
    },
    {
        "date": "2020-09-11T12:22:37Z",
        "value": "1227.265625",
        "cumulative": false
    },
    {
        "date": "2020-09-11T12:22:48Z",
        "value": "1523.23046875",
        "cumulative": false
    },
    {
        "date": "2020-09-11T12:23:02Z",
        "value": "1548.65625",
        "cumulative": false
    },
    {
        "date": "2020-09-11T12:23:12Z",
        "value": "1738.87109375",
        "cumulative": false
    },
    {
        "date": "2020-09-11T12:23:25Z",
        "value": "1620.296875",
        "cumulative": false
    },
    {
        "date": "2020-09-11T12:23:39Z",
        "value": "1772.72265625",
        "cumulative": false
    },
    {
        "date": "2020-09-11T12:23:55Z",
        "value": "1602.31640625",
        "cumulative": false
    }
]