[
    {
        "date": "2020-09-11T11:52:38Z",
        "value": "1.216644812",
        "cumulative": false
    },
    {
        "date": "2020-09-11T11:52:57Z",
        "value": "1.373136392",
        "cumulative": false
    },
    {
        "date": "2020-09-11T11:53:07Z",
        "value": "1.474532857",
        "cumulative": false
    },
    {
        "date": "2020-09-11T11:53:27Z",
        "value": "1.531470867",
        "cumulative": false
    },
    {
        "date": "2020-09-11T11:53:45Z",
        "value": "1.455950683",
        "cumulative": false
    },
    {
        "date": "2020-09-11T11:53:56Z",
        "value": "1.529607557",
        "cumulative": false
    },
    {
        "date": "2020-09-11T11:54:13Z",
        "value": "1.508213967",
        "cumulative": false
    },
    {
        "date": "2020-09-11T11:54:29Z",
        "value": "1.484265717",
        "cumulative": false
    },
    {
        "date": "2020-09-11T11:54:49Z",
        "value": "1.43414888",
        "cumulative": false
    },
    {
        "date": "2020-09-11T11:54:59Z",
        "value": "1.619247125",
        "cumulative": false
    },
    {
        "date": "2020-09-11T11:55:13Z",
        "value": "1.392608156",
        "cumulative": false
    },
    {
        "date": "2020-09-11T11:55:28Z",
        "value": "1.562614344",
        "cumulative": false
    },
    {
        "date": "2020-09-11T11:55:44Z",
        "value": "1.495731535",
        "cumulative": false
    },
    {
        "date": "2020-09-11T11:55:54Z",
        "value": "1.30619835",
        "cumulative": false
    },
    {
        "date": "2020-09-11T11:56:12Z",
        "value": "1.465210967",
        "cumulative": false
    },
    {
        "date": "2020-09-11T11:56:26Z",
        "value": "1.508379475",
        "cumulative": false
    },
    {
        "date": "2020-09-11T11:56:44Z",
        "value": "1.307011391",
        "cumulative": false
    },
    {
        "date": "2020-09-11T11:56:58Z",
        "value": "1.394662249",
        "cumulative": false
    },
    {
        "date": "2020-09-11T11:57:15Z",
        "value": "1.52637332",
        "cumulative": false
    },
    {
        "date": "2020-09-11T11:57:26Z",
        "value": "1.484167911",
        "cumulative": false
    },
    {
        "date": "2020-09-11T11:57:39Z",
        "value": "1.30398274",
        "cumulative": false
    },
    {
        "date": "2020-09-11T11:57:50Z",
        "value": "1.310853047",
        "cumulative": false
    },
    {
        "date": "2020-09-11T11:58:07Z",
        "value": "1.394615075",
        "cumulative": false
    },
    {
        "date": "2020-09-11T11:58:27Z",
        "value": "1.5004594",
        "cumulative": false
    },
    {
        "date": "2020-09-11T11:58:40Z",
        "value": "1.427158917",
        "cumulative": false
    },
    {
        "date": "2020-09-11T11:58:50Z",
        "value": "1.263378356",
        "cumulative": false
    },
    {
        "date": "2020-09-11T11:59:03Z",
        "value": "1.324949688",
        "cumulative": false
    },
    {
        "date": "2020-09-11T11:59:16Z",
        "value": "1.319364408",
        "cumulative": false
    },
    {
        "date": "2020-09-11T11:59:30Z",
        "value": "1.43586981",
        "cumulative": false
    },
    {
        "date": "2020-09-11T11:59:47Z",
        "value": "1.466257316",
        "cumulative": false
    },
    {
        "date": "2020-09-11T12:00:02Z",
        "value": "1.478747741",
        "cumulative": false
    },
    {
        "date": "2020-09-11T12:00:21Z",
        "value": "1.317867387",
        "cumulative": false
    },
    {
        "date": "2020-09-11T12:00:32Z",
        "value": "1.274588716",
        "cumulative": false
    },
    {
        "date": "2020-09-11T12:00:49Z",
        "value": "1.304902506",
        "cumulative": false
    },
    {
        "date": "2020-09-11T12:01:06Z",
        "value": "1.334686486",
        "cumulative": false
    },
    {
        "date": "2020-09-11T12:01:23Z",
        "value": "1.457929758",
        "cumulative": false
    },
    {
        "date": "2020-09-11T12:01:34Z",
        "value": "1.425571387",
        "cumulative": false
    },
    {
        "date": "2020-09-11T12:01:49Z",
        "value": "1.45831271",
        "cumulative": false
    },
    {
        "date": "2020-09-11T12:02:08Z",
        "value": "1.336601894",
        "cumulative": false
    },
    {
        "date": "2020-09-11T12:02:26Z",
        "value": "1.278164032",
        "cumulative": false
    },
    {
        "date": "2020-09-11T12:02:38Z",
        "value": "1.262922093",
        "cumulative": false
    },
    {
        "date": "2020-09-11T12:02:56Z",
        "value": "1.276584674",
        "cumulative": false
    },
    {
        "date": "2020-09-11T12:03:15Z",
        "value": "1.419999682",
        "cumulative": false
    },
    {
        "date": "2020-09-11T12:03:29Z",
        "value": "1.491397903",
        "cumulative": false
    },
    {
        "date": "2020-09-11T12:03:42Z",
        "value": "1.517793204",
        "cumulative": false
    },
    {
        "date": "2020-09-11T12:03:58Z",
        "value": "1.490146967",
        "cumulative": false
    },
    {
        "date": "2020-09-11T12:04:16Z",
        "value": "1.50608984",
        "cumulative": false
    },
    {
        "date": "2020-09-11T12:04:27Z",
        "value": "1.32351687",
        "cumulative": false
    },
    {
        "date": "2020-09-11T12:04:46Z",
        "value": "1.301483905",
        "cumulative": false
    },
    {
        "date": "2020-09-11T12:05:05Z",
        "value": "1.285041372",
        "cumulative": false
    },
    {
        "date": "2020-09-11T12:05:23Z",
        "value": "1.310875068",
        "cumulative": false
    },
    {
        "date": "2020-09-11T12:05:36Z",
        "value": "1.295678889",
        "cumulative": false
    },
    {
        "date": "2020-09-11T12:05:47Z",
        "value": "1.504920806",
        "cumulative": false
    },
    {
        "date": "2020-09-11T12:06:01Z",
        "value": "1.538314505",
        "cumulative": false
    },
    {
        "date": "2020-09-11T12:06:13Z",
        "value": "1.537828904",
        "cumulative": false
    },
    {
        "date": "2020-09-11T12:06:31Z",
        "value": "1.56841921",
        "cumulative": false
    },
    {
        "date": "2020-09-11T12:06:47Z",
        "value": "1.536934777",
        "cumulative": false
    },
    {
        "date": "2020-09-11T12:07:03Z",
        "value": "1.5431013",
        "cumulative": false
    },
    {
        "date": "2020-09-11T12:07:19Z",
        "value": "1.411431731",
        "cumulative": false
    },
    {
        "date": "2020-09-11T12:07:39Z",
        "value": "1.312178207",
        "cumulative": false
    },
    {
        "date": "2020-09-11T12:07:50Z",
        "value": "1.313273664",
        "cumulative": false
    },
    {
        "date": "2020-09-11T12:08:00Z",
        "value": "1.296170687",
        "cumulative": false
    },
    {
        "date": "2020-09-11T12:08:15Z",
        "value": "1.304075879",
        "cumulative": false
    },
    {
        "date": "2020-09-11T12:08:26Z",
        "value": "1.310931416",
        "cumulative": false
    },
    {
        "date": "2020-09-11T12:08:43Z",
        "value": "1.321557776",
        "cumulative": false
    },
    {
        "date": "2020-09-11T12:08:58Z",
        "value": "1.409344444",
        "cumulative": false
    },
    {
        "date": "2020-09-11T12:09:11Z",
        "value": "1.539378046",
        "cumulative": false
    },
    {
        "date": "2020-09-11T12:09:22Z",
        "value": "1.551626807",
        "cumulative": false
    },
    {
        "date": "2020-09-11T12:09:34Z",
        "value": "1.54071128",
        "cumulative": false
    },
    {
        "date": "2020-09-11T12:09:49Z",
        "value": "1.556923693",
        "cumulative": false
    },
    {
        "date": "2020-09-11T12:10:06Z",
        "value": "1.531122032",
        "cumulative": false
    },
    {
        "date": "2020-09-11T12:10:18Z",
        "value": "1.56120504",
        "cumulative": false
    },
    {
        "date": "2020-09-11T12:10:34Z",
        "value": "1.530700799",
        "cumulative": false
    },
    {
        "date": "2020-09-11T12:10:51Z",
        "value": "1.521288565",
        "cumulative": false
    },
    {
        "date": "2020-09-11T12:11:07Z",
        "value": "1.298854596",
        "cumulative": false
    },
    {
        "date": "2020-09-11T12:11:25Z",
        "value": "1.30055558",
        "cumulative": false
    },
    {
        "date": "2020-09-11T12:11:37Z",
        "value": "1.301328772",
        "cumulative": false
    },
    {
        "date": "2020-09-11T12:11:48Z",
        "value": "1.317014036",
        "cumulative": false
    },
    {
        "date": "2020-09-11T12:12:01Z",
        "value": "1.305645201",
        "cumulative": false
    },
    {
        "date": "2020-09-11T12:12:11Z",
        "value": "1.28639588",
        "cumulative": false
    },
    {
        "date": "2020-09-11T12:12:30Z",
        "value": "1.28529623",
        "cumulative": false
    },
    {
        "date": "2020-09-11T12:12:46Z",
        "value": "1.30279535",
        "cumulative": false
    },
    {
        "date": "2020-09-11T12:13:05Z",
        "value": "1.44027202",
        "cumulative": false
    },
    {
        "date": "2020-09-11T12:13:19Z",
        "value": "1.522501301",
        "cumulative": false
    },
    {
        "date": "2020-09-11T12:13:30Z",
        "value": "1.573515962",
        "cumulative": false
    },
    {
        "date": "2020-09-11T12:13:49Z",
        "value": "1.521468079",
        "cumulative": false
    },
    {
        "date": "2020-09-11T12:14:01Z",
        "value": "1.529825696",
        "cumulative": false
    },
    {
        "date": "2020-09-11T12:14:15Z",
        "value": "1.556045407",
        "cumulative": false
    },
    {
        "date": "2020-09-11T12:14:29Z",
        "value": "1.505057543",
        "cumulative": false
    },
    {
        "date": "2020-09-11T12:14:46Z",
        "value": "1.53375305",
        "cumulative": false
    },
    {
        "date": "2020-09-11T12:14:57Z",
        "value": "1.508238402",
        "cumulative": false
    },
    {
        "date": "2020-09-11T12:15:10Z",
        "value": "1.515055734",
        "cumulative": false
    },
    {
        "date": "2020-09-11T12:15:27Z",
        "value": "1.339121344",
        "cumulative": false
    },
    {
        "date": "2020-09-11T12:15:41Z",
        "value": "1.25514326",
        "cumulative": false
    },
    {
        "date": "2020-09-11T12:16:00Z",
        "value": "1.262993634",
        "cumulative": false
    },
    {
        "date": "2020-09-11T12:16:13Z",
        "value": "1.264944061",
        "cumulative": false
    },
    {
        "date": "2020-09-11T12:16:28Z",
        "value": "1.261755696",
        "cumulative": false
    },
    {
        "date": "2020-09-11T12:16:48Z",
        "value": "1.271121463",
        "cumulative": false
    },
    {
        "date": "2020-09-11T12:17:03Z",
        "value": "1.264710897",
        "cumulative": false
    },
    {
        "date": "2020-09-11T12:17:23Z",
        "value": "1.301536953",
        "cumulative": false
    },
    {
        "date": "2020-09-11T12:17:40Z",
        "value": "1.269761974",
        "cumulative": false
    },
    {
        "date": "2020-09-11T12:17:57Z",
        "value": "1.362125111",
        "cumulative": false
    },
    {
        "date": "2020-09-11T12:18:10Z",
        "value": "1.473230559",
        "cumulative": false
    },
    {
        "date": "2020-09-11T12:18:23Z",
        "value": "1.466599856",
        "cumulative": false
    },
    {
        "date": "2020-09-11T12:18:36Z",
        "value": "1.453341207",
        "cumulative": false
    },
    {
        "date": "2020-09-11T12:18:46Z",
        "value": "1.505309238",
        "cumulative": false
    },
    {
        "date": "2020-09-11T12:19:06Z",
        "value": "1.493206772",
        "cumulative": false
    },
    {
        "date": "2020-09-11T12:19:23Z",
        "value": "1.483771486",
        "cumulative": false
    },
    {
        "date": "2020-09-11T12:19:36Z",
        "value": "1.494201839",
        "cumulative": false
    },
    {
        "date": "2020-09-11T12:19:47Z",
        "value": "1.504698901",
        "cumulative": false
    },
    {
        "date": "2020-09-11T12:20:01Z",
        "value": "1.526239874",
        "cumulative": false
    },
    {
        "date": "2020-09-11T12:20:18Z",
        "value": "1.493931517",
        "cumulative": false
    },
    {
        "date": "2020-09-11T12:20:37Z",
        "value": "1.499647113",
        "cumulative": false
    },
    {
        "date": "2020-09-11T12:20:47Z",
        "value": "1.399039455",
        "cumulative": false
    },
    {
        "date": "2020-09-11T12:21:02Z",
        "value": "1.286107846",
        "cumulative": false
    },
    {
        "date": "2020-09-11T12:21:20Z",
        "value": "1.255822937",
        "cumulative": false
    },
    {
        "date": "2020-09-11T12:21:33Z",
        "value": "1.258774049",
        "cumulative": false
    },
    {
        "date": "2020-09-11T12:21:44Z",
        "value": "1.242704252",
        "cumulative": false
    },
    {
        "date": "2020-09-11T12:21:57Z",
        "value": "1.262924511",
        "cumulative": false
    },
    {
        "date": "2020-09-11T12:22:13Z",
        "value": "1.246623007",
        "cumulative": false
    },
    {
        "date": "2020-09-11T12:22:29Z",
        "value": "1.243925665",
        "cumulative": false
    },
    {
        "date": "2020-09-11T12:22:42Z",
        "value": "1.283408198",
        "cumulative": false
    },
    {
        "date": "2020-09-11T12:22:52Z",
        "value": "1.236527208",
        "cumulative": false
    },
    {
        "date": "2020-09-11T12:23:06Z",
        "value": "1.252734311",
        "cumulative": false
    },
    {
        "date": "2020-09-11T12:23:20Z",
        "value": "1.252435896",
        "cumulative": false
    },
    {
        "date": "2020-09-11T12:23:37Z",
        "value": "1.259163041",
        "cumulative": false
    },
    {
        "date": "2020-09-11T12:23:49Z",
        "value": "1.250999714",
        "cumulative": false
    },
    {
        "date": "2020-09-11T12:24:06Z",
        "value": "0.836654497",
        "cumulative": false
    }
]