[
    {
        "date": "2020-12-08T10:58:20.998Z",
        "value": "0.056943655014038086",
        "cumulative": false
    },
    {
        "date": "2020-12-08T10:58:26.280Z",
        "value": "0.05745816230773926",
        "cumulative": false
    },
    {
        "date": "2020-12-08T10:58:31.612Z",
        "value": "0.05685305595397949",
        "cumulative": false
    },
    {
        "date": "2020-12-08T10:58:36.933Z",
        "value": "0.058684587478637695",
        "cumulative": false
    },
    {
        "date": "2020-12-08T10:58:42.333Z",
        "value": "0.05895256996154785",
        "cumulative": false
    },
    {
        "date": "2020-12-08T10:58:47.690Z",
        "value": "0.05963873863220215",
        "cumulative": false
    },
    {
        "date": "2020-12-08T10:58:53.051Z",
        "value": "0.05651712417602539",
        "cumulative": false
    },
    {
        "date": "2020-12-08T10:58:58.424Z",
        "value": "0.05884122848510742",
        "cumulative": false
    },
    {
        "date": "2020-12-08T10:59:03.807Z",
        "value": "0.056849002838134766",
        "cumulative": false
    },
    {
        "date": "2020-12-08T10:59:09.165Z",
        "value": "0.05779552459716797",
        "cumulative": false
    },
    {
        "date": "2020-12-08T10:59:14.550Z",
        "value": "0.056908607482910156",
        "cumulative": false
    },
    {
        "date": "2020-12-08T10:59:19.944Z",
        "value": "0.059978485107421875",
        "cumulative": false
    },
    {
        "date": "2020-12-08T10:59:25.448Z",
        "value": "0.06136012077331543",
        "cumulative": false
    }
]