[
    {
        "date": "2020-12-08T10:58:20.999Z",
        "value": "0.04140186309814453",
        "cumulative": false
    },
    {
        "date": "2020-12-08T10:58:26.289Z",
        "value": "0.045253753662109375",
        "cumulative": false
    },
    {
        "date": "2020-12-08T10:58:31.615Z",
        "value": "0.0442357063293457",
        "cumulative": false
    },
    {
        "date": "2020-12-08T10:58:36.935Z",
        "value": "0.05529284477233887",
        "cumulative": false
    },
    {
        "date": "2020-12-08T10:58:42.335Z",
        "value": "0.0577540397644043",
        "cumulative": false
    },
    {
        "date": "2020-12-08T10:58:47.692Z",
        "value": "0.0601198673248291",
        "cumulative": false
    },
    {
        "date": "2020-12-08T10:58:53.061Z",
        "value": "0.04979658126831055",
        "cumulative": false
    },
    {
        "date": "2020-12-08T10:58:58.436Z",
        "value": "0.05370020866394043",
        "cumulative": false
    },
    {
        "date": "2020-12-08T10:59:03.809Z",
        "value": "0.06242775917053223",
        "cumulative": false
    },
    {
        "date": "2020-12-08T10:59:09.170Z",
        "value": "0.0401611328125",
        "cumulative": false
    },
    {
        "date": "2020-12-08T10:59:14.545Z",
        "value": "0.04704928398132324",
        "cumulative": false
    },
    {
        "date": "2020-12-08T10:59:19.940Z",
        "value": "0.04826641082763672",
        "cumulative": false
    },
    {
        "date": "2020-12-08T10:59:25.448Z",
        "value": "0.04845118522644043",
        "cumulative": false
    }
]