[
    {
        "date": "2020-12-08T10:58:16.401Z",
        "value": "2.490201234817505",
        "cumulative": false
    },
    {
        "date": "2020-12-08T10:58:17.629Z",
        "value": "2.0290093421936035",
        "cumulative": false
    },
    {
        "date": "2020-12-08T10:58:18.801Z",
        "value": "1.7608712911605835",
        "cumulative": false
    },
    {
        "date": "2020-12-08T10:58:19.973Z",
        "value": "1.707334041595459",
        "cumulative": false
    },
    {
        "date": "2020-12-08T10:58:21.727Z",
        "value": "1.6163978576660156",
        "cumulative": false
    },
    {
        "date": "2020-12-08T10:58:22.923Z",
        "value": "1.498248815536499",
        "cumulative": false
    },
    {
        "date": "2020-12-08T10:58:24.086Z",
        "value": "1.7437634468078613",
        "cumulative": false
    },
    {
        "date": "2020-12-08T10:58:25.243Z",
        "value": "1.5959084033966064",
        "cumulative": false
    },
    {
        "date": "2020-12-08T10:58:26.986Z",
        "value": "1.3028099536895752",
        "cumulative": false
    },
    {
        "date": "2020-12-08T10:58:28.193Z",
        "value": "1.2435011863708496",
        "cumulative": false
    },
    {
        "date": "2020-12-08T10:58:29.392Z",
        "value": "1.3402705192565918",
        "cumulative": false
    },
    {
        "date": "2020-12-08T10:58:30.584Z",
        "value": "1.0790730714797974",
        "cumulative": false
    },
    {
        "date": "2020-12-08T10:58:32.326Z",
        "value": "1.0633238554000854",
        "cumulative": false
    },
    {
        "date": "2020-12-08T10:58:33.529Z",
        "value": "1.0892014503479004",
        "cumulative": false
    },
    {
        "date": "2020-12-08T10:58:34.724Z",
        "value": "0.9664738178253174",
        "cumulative": false
    },
    {
        "date": "2020-12-08T10:58:35.899Z",
        "value": "1.1689850091934204",
        "cumulative": false
    },
    {
        "date": "2020-12-08T10:58:37.646Z",
        "value": "0.9519549012184143",
        "cumulative": false
    },
    {
        "date": "2020-12-08T10:58:38.854Z",
        "value": "0.8635749220848083",
        "cumulative": false
    },
    {
        "date": "2020-12-08T10:58:40.085Z",
        "value": "0.8536237478256226",
        "cumulative": false
    },
    {
        "date": "2020-12-08T10:58:41.281Z",
        "value": "0.9222374558448792",
        "cumulative": false
    },
    {
        "date": "2020-12-08T10:58:43.077Z",
        "value": "0.7301656603813171",
        "cumulative": false
    },
    {
        "date": "2020-12-08T10:58:44.275Z",
        "value": "0.7560666799545288",
        "cumulative": false
    },
    {
        "date": "2020-12-08T10:58:45.470Z",
        "value": "0.7381091117858887",
        "cumulative": false
    },
    {
        "date": "2020-12-08T10:58:46.641Z",
        "value": "0.6436954140663147",
        "cumulative": false
    },
    {
        "date": "2020-12-08T10:58:48.447Z",
        "value": "0.7749900221824646",
        "cumulative": false
    },
    {
        "date": "2020-12-08T10:58:49.635Z",
        "value": "0.6475524306297302",
        "cumulative": false
    },
    {
        "date": "2020-12-08T10:58:50.833Z",
        "value": "0.7582757472991943",
        "cumulative": false
    },
    {
        "date": "2020-12-08T10:58:52.028Z",
        "value": "0.7148905396461487",
        "cumulative": false
    },
    {
        "date": "2020-12-08T10:58:53.794Z",
        "value": "0.8187074661254883",
        "cumulative": false
    },
    {
        "date": "2020-12-08T10:58:55.002Z",
        "value": "0.7565684914588928",
        "cumulative": false
    },
    {
        "date": "2020-12-08T10:58:56.182Z",
        "value": "0.6194919943809509",
        "cumulative": false
    },
    {
        "date": "2020-12-08T10:58:57.384Z",
        "value": "0.6547020673751831",
        "cumulative": false
    },
    {
        "date": "2020-12-08T10:58:59.182Z",
        "value": "0.49763214588165283",
        "cumulative": false
    },
    {
        "date": "2020-12-08T10:59:00.406Z",
        "value": "0.5269408822059631",
        "cumulative": false
    },
    {
        "date": "2020-12-08T10:59:01.579Z",
        "value": "0.5684968829154968",
        "cumulative": false
    },
    {
        "date": "2020-12-08T10:59:02.765Z",
        "value": "0.5575395822525024",
        "cumulative": false
    },
    {
        "date": "2020-12-08T10:59:04.528Z",
        "value": "0.6053779721260071",
        "cumulative": false
    },
    {
        "date": "2020-12-08T10:59:05.739Z",
        "value": "0.3949822783470154",
        "cumulative": false
    },
    {
        "date": "2020-12-08T10:59:06.926Z",
        "value": "0.6041725873947144",
        "cumulative": false
    },
    {
        "date": "2020-12-08T10:59:08.106Z",
        "value": "0.5878801941871643",
        "cumulative": false
    },
    {
        "date": "2020-12-08T10:59:09.895Z",
        "value": "0.38896146416664124",
        "cumulative": false
    },
    {
        "date": "2020-12-08T10:59:11.106Z",
        "value": "0.4286084473133087",
        "cumulative": false
    },
    {
        "date": "2020-12-08T10:59:12.299Z",
        "value": "0.5979549288749695",
        "cumulative": false
    },
    {
        "date": "2020-12-08T10:59:13.478Z",
        "value": "0.5462042689323425",
        "cumulative": false
    },
    {
        "date": "2020-12-08T10:59:15.270Z",
        "value": "0.5288004875183105",
        "cumulative": false
    },
    {
        "date": "2020-12-08T10:59:16.486Z",
        "value": "0.4447283148765564",
        "cumulative": false
    },
    {
        "date": "2020-12-08T10:59:17.680Z",
        "value": "0.4495968818664551",
        "cumulative": false
    },
    {
        "date": "2020-12-08T10:59:18.896Z",
        "value": "0.3717549741268158",
        "cumulative": false
    },
    {
        "date": "2020-12-08T10:59:20.692Z",
        "value": "0.462695837020874",
        "cumulative": false
    },
    {
        "date": "2020-12-08T10:59:21.938Z",
        "value": "0.5703231692314148",
        "cumulative": false
    },
    {
        "date": "2020-12-08T10:59:23.125Z",
        "value": "0.3390323221683502",
        "cumulative": false
    },
    {
        "date": "2020-12-08T10:59:24.387Z",
        "value": "0.3918602168560028",
        "cumulative": false
    }
]