[
    {
        "date": "2020-12-08T10:58:16.402Z",
        "value": "43.75",
        "cumulative": false
    },
    {
        "date": "2020-12-08T10:58:17.631Z",
        "value": "81.25",
        "cumulative": false
    },
    {
        "date": "2020-12-08T10:58:18.803Z",
        "value": "81.25",
        "cumulative": false
    },
    {
        "date": "2020-12-08T10:58:19.977Z",
        "value": "89.0625",
        "cumulative": false
    },
    {
        "date": "2020-12-08T10:58:21.721Z",
        "value": "89.84375",
        "cumulative": false
    },
    {
        "date": "2020-12-08T10:58:22.919Z",
        "value": "86.71875",
        "cumulative": false
    },
    {
        "date": "2020-12-08T10:58:24.083Z",
        "value": "92.96875",
        "cumulative": false
    },
    {
        "date": "2020-12-08T10:58:25.244Z",
        "value": "95.3125",
        "cumulative": false
    },
    {
        "date": "2020-12-08T10:58:26.985Z",
        "value": "96.09375",
        "cumulative": false
    },
    {
        "date": "2020-12-08T10:58:28.190Z",
        "value": "96.09375",
        "cumulative": false
    },
    {
        "date": "2020-12-08T10:58:29.388Z",
        "value": "93.75",
        "cumulative": false
    },
    {
        "date": "2020-12-08T10:58:30.584Z",
        "value": "96.875",
        "cumulative": false
    },
    {
        "date": "2020-12-08T10:58:32.326Z",
        "value": "98.4375",
        "cumulative": false
    },
    {
        "date": "2020-12-08T10:58:33.525Z",
        "value": "97.65625",
        "cumulative": false
    },
    {
        "date": "2020-12-08T10:58:34.721Z",
        "value": "95.3125",
        "cumulative": false
    },
    {
        "date": "2020-12-08T10:58:35.904Z",
        "value": "96.09375",
        "cumulative": false
    },
    {
        "date": "2020-12-08T10:58:37.644Z",
        "value": "96.875",
        "cumulative": false
    },
    {
        "date": "2020-12-08T10:58:38.851Z",
        "value": "98.4375",
        "cumulative": false
    },
    {
        "date": "2020-12-08T10:58:40.080Z",
        "value": "97.65625",
        "cumulative": false
    },
    {
        "date": "2020-12-08T10:58:41.280Z",
        "value": "98.4375",
        "cumulative": false
    },
    {
        "date": "2020-12-08T10:58:43.071Z",
        "value": "95.3125",
        "cumulative": false
    },
    {
        "date": "2020-12-08T10:58:44.273Z",
        "value": "99.21875",
        "cumulative": false
    },
    {
        "date": "2020-12-08T10:58:45.466Z",
        "value": "97.65625",
        "cumulative": false
    },
    {
        "date": "2020-12-08T10:58:46.634Z",
        "value": "96.875",
        "cumulative": false
    },
    {
        "date": "2020-12-08T10:58:48.446Z",
        "value": "100.0",
        "cumulative": false
    },
    {
        "date": "2020-12-08T10:58:49.634Z",
        "value": "98.4375",
        "cumulative": false
    },
    {
        "date": "2020-12-08T10:58:50.830Z",
        "value": "98.4375",
        "cumulative": false
    },
    {
        "date": "2020-12-08T10:58:52.028Z",
        "value": "97.65625",
        "cumulative": false
    },
    {
        "date": "2020-12-08T10:58:53.796Z",
        "value": "97.65625",
        "cumulative": false
    },
    {
        "date": "2020-12-08T10:58:54.999Z",
        "value": "99.21875",
        "cumulative": false
    },
    {
        "date": "2020-12-08T10:58:56.180Z",
        "value": "98.4375",
        "cumulative": false
    },
    {
        "date": "2020-12-08T10:58:57.382Z",
        "value": "98.4375",
        "cumulative": false
    },
    {
        "date": "2020-12-08T10:58:59.183Z",
        "value": "97.65625",
        "cumulative": false
    },
    {
        "date": "2020-12-08T10:59:00.405Z",
        "value": "99.21875",
        "cumulative": false
    },
    {
        "date": "2020-12-08T10:59:01.574Z",
        "value": "99.21875",
        "cumulative": false
    },
    {
        "date": "2020-12-08T10:59:02.764Z",
        "value": "99.21875",
        "cumulative": false
    },
    {
        "date": "2020-12-08T10:59:04.528Z",
        "value": "98.4375",
        "cumulative": false
    },
    {
        "date": "2020-12-08T10:59:05.737Z",
        "value": "99.21875",
        "cumulative": false
    },
    {
        "date": "2020-12-08T10:59:06.927Z",
        "value": "99.21875",
        "cumulative": false
    },
    {
        "date": "2020-12-08T10:59:08.107Z",
        "value": "100.0",
        "cumulative": false
    },
    {
        "date": "2020-12-08T10:59:09.893Z",
        "value": "97.65625",
        "cumulative": false
    },
    {
        "date": "2020-12-08T10:59:11.107Z",
        "value": "97.65625",
        "cumulative": false
    },
    {
        "date": "2020-12-08T10:59:12.297Z",
        "value": "100.0",
        "cumulative": false
    },
    {
        "date": "2020-12-08T10:59:13.476Z",
        "value": "97.65625",
        "cumulative": false
    },
    {
        "date": "2020-12-08T10:59:15.266Z",
        "value": "99.21875",
        "cumulative": false
    },
    {
        "date": "2020-12-08T10:59:16.481Z",
        "value": "99.21875",
        "cumulative": false
    },
    {
        "date": "2020-12-08T10:59:17.682Z",
        "value": "98.4375",
        "cumulative": false
    },
    {
        "date": "2020-12-08T10:59:18.888Z",
        "value": "99.21875",
        "cumulative": false
    },
    {
        "date": "2020-12-08T10:59:20.692Z",
        "value": "99.21875",
        "cumulative": false
    },
    {
        "date": "2020-12-08T10:59:21.932Z",
        "value": "100.0",
        "cumulative": false
    },
    {
        "date": "2020-12-08T10:59:23.124Z",
        "value": "99.21875",
        "cumulative": false
    },
    {
        "date": "2020-12-08T10:59:24.386Z",
        "value": "99.21875",
        "cumulative": false
    }
]