[
    {
        "date": "2020-12-08T10:58:16.403Z",
        "value": "50.78125",
        "cumulative": false
    },
    {
        "date": "2020-12-08T10:58:17.634Z",
        "value": "79.6875",
        "cumulative": false
    },
    {
        "date": "2020-12-08T10:58:18.801Z",
        "value": "86.71875",
        "cumulative": false
    },
    {
        "date": "2020-12-08T10:58:19.974Z",
        "value": "86.71875",
        "cumulative": false
    },
    {
        "date": "2020-12-08T10:58:21.727Z",
        "value": "89.84375",
        "cumulative": false
    },
    {
        "date": "2020-12-08T10:58:22.923Z",
        "value": "89.0625",
        "cumulative": false
    },
    {
        "date": "2020-12-08T10:58:24.086Z",
        "value": "89.84375",
        "cumulative": false
    },
    {
        "date": "2020-12-08T10:58:25.243Z",
        "value": "89.0625",
        "cumulative": false
    },
    {
        "date": "2020-12-08T10:58:26.986Z",
        "value": "94.53125",
        "cumulative": false
    },
    {
        "date": "2020-12-08T10:58:28.193Z",
        "value": "97.65625",
        "cumulative": false
    },
    {
        "date": "2020-12-08T10:58:29.392Z",
        "value": "91.40625",
        "cumulative": false
    },
    {
        "date": "2020-12-08T10:58:30.584Z",
        "value": "95.3125",
        "cumulative": false
    },
    {
        "date": "2020-12-08T10:58:32.327Z",
        "value": "92.96875",
        "cumulative": false
    },
    {
        "date": "2020-12-08T10:58:33.529Z",
        "value": "95.3125",
        "cumulative": false
    },
    {
        "date": "2020-12-08T10:58:34.725Z",
        "value": "94.53125",
        "cumulative": false
    },
    {
        "date": "2020-12-08T10:58:35.899Z",
        "value": "97.65625",
        "cumulative": false
    },
    {
        "date": "2020-12-08T10:58:37.647Z",
        "value": "96.09375",
        "cumulative": false
    },
    {
        "date": "2020-12-08T10:58:38.854Z",
        "value": "97.65625",
        "cumulative": false
    },
    {
        "date": "2020-12-08T10:58:40.085Z",
        "value": "98.4375",
        "cumulative": false
    },
    {
        "date": "2020-12-08T10:58:41.281Z",
        "value": "96.875",
        "cumulative": false
    },
    {
        "date": "2020-12-08T10:58:43.078Z",
        "value": "100.0",
        "cumulative": false
    },
    {
        "date": "2020-12-08T10:58:44.275Z",
        "value": "98.4375",
        "cumulative": false
    },
    {
        "date": "2020-12-08T10:58:45.470Z",
        "value": "99.21875",
        "cumulative": false
    },
    {
        "date": "2020-12-08T10:58:46.641Z",
        "value": "98.4375",
        "cumulative": false
    },
    {
        "date": "2020-12-08T10:58:48.447Z",
        "value": "96.875",
        "cumulative": false
    },
    {
        "date": "2020-12-08T10:58:49.635Z",
        "value": "99.21875",
        "cumulative": false
    },
    {
        "date": "2020-12-08T10:58:50.834Z",
        "value": "100.0",
        "cumulative": false
    },
    {
        "date": "2020-12-08T10:58:52.028Z",
        "value": "99.21875",
        "cumulative": false
    },
    {
        "date": "2020-12-08T10:58:53.794Z",
        "value": "99.21875",
        "cumulative": false
    },
    {
        "date": "2020-12-08T10:58:55.002Z",
        "value": "96.875",
        "cumulative": false
    },
    {
        "date": "2020-12-08T10:58:56.182Z",
        "value": "100.0",
        "cumulative": false
    },
    {
        "date": "2020-12-08T10:58:57.384Z",
        "value": "100.0",
        "cumulative": false
    },
    {
        "date": "2020-12-08T10:58:59.182Z",
        "value": "98.4375",
        "cumulative": false
    },
    {
        "date": "2020-12-08T10:59:00.406Z",
        "value": "99.21875",
        "cumulative": false
    },
    {
        "date": "2020-12-08T10:59:01.580Z",
        "value": "99.21875",
        "cumulative": false
    },
    {
        "date": "2020-12-08T10:59:02.765Z",
        "value": "99.21875",
        "cumulative": false
    },
    {
        "date": "2020-12-08T10:59:04.528Z",
        "value": "100.0",
        "cumulative": false
    },
    {
        "date": "2020-12-08T10:59:05.739Z",
        "value": "100.0",
        "cumulative": false
    },
    {
        "date": "2020-12-08T10:59:06.926Z",
        "value": "99.21875",
        "cumulative": false
    },
    {
        "date": "2020-12-08T10:59:08.106Z",
        "value": "96.875",
        "cumulative": false
    },
    {
        "date": "2020-12-08T10:59:09.895Z",
        "value": "100.0",
        "cumulative": false
    },
    {
        "date": "2020-12-08T10:59:11.106Z",
        "value": "100.0",
        "cumulative": false
    },
    {
        "date": "2020-12-08T10:59:12.299Z",
        "value": "99.21875",
        "cumulative": false
    },
    {
        "date": "2020-12-08T10:59:13.478Z",
        "value": "99.21875",
        "cumulative": false
    },
    {
        "date": "2020-12-08T10:59:15.270Z",
        "value": "99.21875",
        "cumulative": false
    },
    {
        "date": "2020-12-08T10:59:16.486Z",
        "value": "100.0",
        "cumulative": false
    },
    {
        "date": "2020-12-08T10:59:17.680Z",
        "value": "99.21875",
        "cumulative": false
    },
    {
        "date": "2020-12-08T10:59:18.896Z",
        "value": "99.21875",
        "cumulative": false
    },
    {
        "date": "2020-12-08T10:59:20.693Z",
        "value": "99.21875",
        "cumulative": false
    },
    {
        "date": "2020-12-08T10:59:21.938Z",
        "value": "96.875",
        "cumulative": false
    },
    {
        "date": "2020-12-08T10:59:23.125Z",
        "value": "100.0",
        "cumulative": false
    },
    {
        "date": "2020-12-08T10:59:24.388Z",
        "value": "100.0",
        "cumulative": false
    }
]