[
    {
        "date": "2020-12-08T10:58:16.403Z",
        "value": "45.3125",
        "cumulative": false
    },
    {
        "date": "2020-12-08T10:58:17.637Z",
        "value": "77.34375",
        "cumulative": false
    },
    {
        "date": "2020-12-08T10:58:18.803Z",
        "value": "85.15625",
        "cumulative": false
    },
    {
        "date": "2020-12-08T10:58:19.983Z",
        "value": "92.1875",
        "cumulative": false
    },
    {
        "date": "2020-12-08T10:58:21.727Z",
        "value": "89.84375",
        "cumulative": false
    },
    {
        "date": "2020-12-08T10:58:22.922Z",
        "value": "92.96875",
        "cumulative": false
    },
    {
        "date": "2020-12-08T10:58:24.084Z",
        "value": "87.5",
        "cumulative": false
    },
    {
        "date": "2020-12-08T10:58:25.245Z",
        "value": "91.40625",
        "cumulative": false
    },
    {
        "date": "2020-12-08T10:58:26.986Z",
        "value": "96.875",
        "cumulative": false
    },
    {
        "date": "2020-12-08T10:58:28.190Z",
        "value": "93.75",
        "cumulative": false
    },
    {
        "date": "2020-12-08T10:58:29.395Z",
        "value": "96.09375",
        "cumulative": false
    },
    {
        "date": "2020-12-08T10:58:30.586Z",
        "value": "93.75",
        "cumulative": false
    },
    {
        "date": "2020-12-08T10:58:32.324Z",
        "value": "97.65625",
        "cumulative": false
    },
    {
        "date": "2020-12-08T10:58:33.528Z",
        "value": "93.75",
        "cumulative": false
    },
    {
        "date": "2020-12-08T10:58:34.726Z",
        "value": "95.3125",
        "cumulative": false
    },
    {
        "date": "2020-12-08T10:58:35.899Z",
        "value": "98.4375",
        "cumulative": false
    },
    {
        "date": "2020-12-08T10:58:37.647Z",
        "value": "93.75",
        "cumulative": false
    },
    {
        "date": "2020-12-08T10:58:38.853Z",
        "value": "100.0",
        "cumulative": false
    },
    {
        "date": "2020-12-08T10:58:40.080Z",
        "value": "96.875",
        "cumulative": false
    },
    {
        "date": "2020-12-08T10:58:41.281Z",
        "value": "97.65625",
        "cumulative": false
    },
    {
        "date": "2020-12-08T10:58:43.077Z",
        "value": "98.4375",
        "cumulative": false
    },
    {
        "date": "2020-12-08T10:58:44.278Z",
        "value": "99.21875",
        "cumulative": false
    },
    {
        "date": "2020-12-08T10:58:45.466Z",
        "value": "99.21875",
        "cumulative": false
    },
    {
        "date": "2020-12-08T10:58:46.637Z",
        "value": "98.4375",
        "cumulative": false
    },
    {
        "date": "2020-12-08T10:58:48.444Z",
        "value": "100.0",
        "cumulative": false
    },
    {
        "date": "2020-12-08T10:58:49.635Z",
        "value": "96.875",
        "cumulative": false
    },
    {
        "date": "2020-12-08T10:58:50.831Z",
        "value": "98.4375",
        "cumulative": false
    },
    {
        "date": "2020-12-08T10:58:52.030Z",
        "value": "99.21875",
        "cumulative": false
    },
    {
        "date": "2020-12-08T10:58:53.788Z",
        "value": "100.0",
        "cumulative": false
    },
    {
        "date": "2020-12-08T10:58:54.999Z",
        "value": "99.21875",
        "cumulative": false
    },
    {
        "date": "2020-12-08T10:58:56.186Z",
        "value": "99.21875",
        "cumulative": false
    },
    {
        "date": "2020-12-08T10:58:57.380Z",
        "value": "98.4375",
        "cumulative": false
    },
    {
        "date": "2020-12-08T10:58:59.183Z",
        "value": "99.21875",
        "cumulative": false
    },
    {
        "date": "2020-12-08T10:59:00.406Z",
        "value": "99.21875",
        "cumulative": false
    },
    {
        "date": "2020-12-08T10:59:01.578Z",
        "value": "98.4375",
        "cumulative": false
    },
    {
        "date": "2020-12-08T10:59:02.771Z",
        "value": "98.4375",
        "cumulative": false
    },
    {
        "date": "2020-12-08T10:59:04.530Z",
        "value": "100.0",
        "cumulative": false
    },
    {
        "date": "2020-12-08T10:59:05.739Z",
        "value": "100.0",
        "cumulative": false
    },
    {
        "date": "2020-12-08T10:59:06.932Z",
        "value": "98.4375",
        "cumulative": false
    },
    {
        "date": "2020-12-08T10:59:08.109Z",
        "value": "99.21875",
        "cumulative": false
    },
    {
        "date": "2020-12-08T10:59:09.890Z",
        "value": "100.0",
        "cumulative": false
    },
    {
        "date": "2020-12-08T10:59:11.106Z",
        "value": "100.0",
        "cumulative": false
    },
    {
        "date": "2020-12-08T10:59:12.295Z",
        "value": "100.0",
        "cumulative": false
    },
    {
        "date": "2020-12-08T10:59:13.475Z",
        "value": "98.4375",
        "cumulative": false
    },
    {
        "date": "2020-12-08T10:59:15.270Z",
        "value": "99.21875",
        "cumulative": false
    },
    {
        "date": "2020-12-08T10:59:16.484Z",
        "value": "99.21875",
        "cumulative": false
    },
    {
        "date": "2020-12-08T10:59:17.681Z",
        "value": "99.21875",
        "cumulative": false
    },
    {
        "date": "2020-12-08T10:59:18.892Z",
        "value": "99.21875",
        "cumulative": false
    },
    {
        "date": "2020-12-08T10:59:20.697Z",
        "value": "99.21875",
        "cumulative": false
    },
    {
        "date": "2020-12-08T10:59:21.936Z",
        "value": "98.4375",
        "cumulative": false
    },
    {
        "date": "2020-12-08T10:59:23.129Z",
        "value": "100.0",
        "cumulative": false
    },
    {
        "date": "2020-12-08T10:59:24.387Z",
        "value": "99.21875",
        "cumulative": false
    }
]