[
    {
        "date": "2020-12-08T10:58:20.998Z",
        "value": "0.00023102760314941406",
        "cumulative": false
    },
    {
        "date": "2020-12-08T10:58:26.280Z",
        "value": "0.00022530555725097656",
        "cumulative": false
    },
    {
        "date": "2020-12-08T10:58:31.612Z",
        "value": "0.0002765655517578125",
        "cumulative": false
    },
    {
        "date": "2020-12-08T10:58:36.933Z",
        "value": "0.0002484321594238281",
        "cumulative": false
    },
    {
        "date": "2020-12-08T10:58:42.333Z",
        "value": "0.0002465248107910156",
        "cumulative": false
    },
    {
        "date": "2020-12-08T10:58:47.690Z",
        "value": "0.0002372264862060547",
        "cumulative": false
    },
    {
        "date": "2020-12-08T10:58:53.051Z",
        "value": "0.0002465248107910156",
        "cumulative": false
    },
    {
        "date": "2020-12-08T10:58:58.424Z",
        "value": "0.00022125244140625",
        "cumulative": false
    },
    {
        "date": "2020-12-08T10:59:03.807Z",
        "value": "0.00021791458129882812",
        "cumulative": false
    },
    {
        "date": "2020-12-08T10:59:09.165Z",
        "value": "0.000247955322265625",
        "cumulative": false
    },
    {
        "date": "2020-12-08T10:59:14.550Z",
        "value": "0.00023317337036132812",
        "cumulative": false
    },
    {
        "date": "2020-12-08T10:59:19.944Z",
        "value": "0.0002713203430175781",
        "cumulative": false
    },
    {
        "date": "2020-12-08T10:59:25.448Z",
        "value": "0.0002589225769042969",
        "cumulative": false
    }
]