[
    {
        "date": "2020-12-08T10:58:20.997Z",
        "value": "0.03719639778137207",
        "cumulative": false
    },
    {
        "date": "2020-12-08T10:58:26.280Z",
        "value": "0.048911094665527344",
        "cumulative": false
    },
    {
        "date": "2020-12-08T10:58:31.611Z",
        "value": "0.04073381423950195",
        "cumulative": false
    },
    {
        "date": "2020-12-08T10:58:36.932Z",
        "value": "0.04554271697998047",
        "cumulative": false
    },
    {
        "date": "2020-12-08T10:58:42.333Z",
        "value": "0.0379180908203125",
        "cumulative": false
    },
    {
        "date": "2020-12-08T10:58:47.690Z",
        "value": "0.04196953773498535",
        "cumulative": false
    },
    {
        "date": "2020-12-08T10:58:53.051Z",
        "value": "0.04429960250854492",
        "cumulative": false
    },
    {
        "date": "2020-12-08T10:58:58.424Z",
        "value": "0.040910959243774414",
        "cumulative": false
    },
    {
        "date": "2020-12-08T10:59:03.807Z",
        "value": "0.04630851745605469",
        "cumulative": false
    },
    {
        "date": "2020-12-08T10:59:09.165Z",
        "value": "0.04720258712768555",
        "cumulative": false
    },
    {
        "date": "2020-12-08T10:59:14.550Z",
        "value": "0.051863670349121094",
        "cumulative": false
    },
    {
        "date": "2020-12-08T10:59:19.944Z",
        "value": "0.04007577896118164",
        "cumulative": false
    },
    {
        "date": "2020-12-08T10:59:25.448Z",
        "value": "0.04434847831726074",
        "cumulative": false
    }
]