[
    {
        "date": "2020-12-08T10:58:20.996Z",
        "value": "6.905280590057373",
        "cumulative": false
    },
    {
        "date": "2020-12-08T10:58:26.279Z",
        "value": "4.535069227218628",
        "cumulative": false
    },
    {
        "date": "2020-12-08T10:58:31.614Z",
        "value": "4.588092565536499",
        "cumulative": false
    },
    {
        "date": "2020-12-08T10:58:36.929Z",
        "value": "4.574135065078735",
        "cumulative": false
    },
    {
        "date": "2020-12-08T10:58:42.328Z",
        "value": "4.664421558380127",
        "cumulative": false
    },
    {
        "date": "2020-12-08T10:58:47.683Z",
        "value": "4.585433721542358",
        "cumulative": false
    },
    {
        "date": "2020-12-08T10:58:53.049Z",
        "value": "4.594223737716675",
        "cumulative": false
    },
    {
        "date": "2020-12-08T10:58:58.429Z",
        "value": "4.615593433380127",
        "cumulative": false
    },
    {
        "date": "2020-12-08T10:59:03.803Z",
        "value": "4.589869976043701",
        "cumulative": false
    },
    {
        "date": "2020-12-08T10:59:09.157Z",
        "value": "4.607808589935303",
        "cumulative": false
    },
    {
        "date": "2020-12-08T10:59:14.544Z",
        "value": "4.6389665603637695",
        "cumulative": false
    },
    {
        "date": "2020-12-08T10:59:19.942Z",
        "value": "4.626521110534668",
        "cumulative": false
    },
    {
        "date": "2020-12-08T10:59:25.444Z",
        "value": "4.725307464599609",
        "cumulative": false
    }
]