[
    {
        "date": "2020-12-08T10:58:16.403Z",
        "value": "7.03125",
        "cumulative": false
    },
    {
        "date": "2020-12-08T10:58:17.634Z",
        "value": "21.09375",
        "cumulative": false
    },
    {
        "date": "2020-12-08T10:58:18.803Z",
        "value": "28.90625",
        "cumulative": false
    },
    {
        "date": "2020-12-08T10:58:19.983Z",
        "value": "30.46875",
        "cumulative": false
    },
    {
        "date": "2020-12-08T10:58:21.727Z",
        "value": "38.28125",
        "cumulative": false
    },
    {
        "date": "2020-12-08T10:58:22.922Z",
        "value": "42.96875",
        "cumulative": false
    },
    {
        "date": "2020-12-08T10:58:24.084Z",
        "value": "44.53125",
        "cumulative": false
    },
    {
        "date": "2020-12-08T10:58:25.245Z",
        "value": "52.34375",
        "cumulative": false
    },
    {
        "date": "2020-12-08T10:58:26.986Z",
        "value": "50.0",
        "cumulative": false
    },
    {
        "date": "2020-12-08T10:58:28.190Z",
        "value": "41.40625",
        "cumulative": false
    },
    {
        "date": "2020-12-08T10:58:29.395Z",
        "value": "60.9375",
        "cumulative": false
    },
    {
        "date": "2020-12-08T10:58:30.586Z",
        "value": "57.8125",
        "cumulative": false
    },
    {
        "date": "2020-12-08T10:58:32.324Z",
        "value": "66.40625",
        "cumulative": false
    },
    {
        "date": "2020-12-08T10:58:33.528Z",
        "value": "61.71875",
        "cumulative": false
    },
    {
        "date": "2020-12-08T10:58:34.726Z",
        "value": "69.53125",
        "cumulative": false
    },
    {
        "date": "2020-12-08T10:58:35.899Z",
        "value": "68.75",
        "cumulative": false
    },
    {
        "date": "2020-12-08T10:58:37.646Z",
        "value": "69.53125",
        "cumulative": false
    },
    {
        "date": "2020-12-08T10:58:38.853Z",
        "value": "69.53125",
        "cumulative": false
    },
    {
        "date": "2020-12-08T10:58:40.080Z",
        "value": "70.3125",
        "cumulative": false
    },
    {
        "date": "2020-12-08T10:58:41.281Z",
        "value": "68.75",
        "cumulative": false
    },
    {
        "date": "2020-12-08T10:58:43.077Z",
        "value": "71.09375",
        "cumulative": false
    },
    {
        "date": "2020-12-08T10:58:44.278Z",
        "value": "68.75",
        "cumulative": false
    },
    {
        "date": "2020-12-08T10:58:45.466Z",
        "value": "78.125",
        "cumulative": false
    },
    {
        "date": "2020-12-08T10:58:46.637Z",
        "value": "69.53125",
        "cumulative": false
    },
    {
        "date": "2020-12-08T10:58:48.444Z",
        "value": "79.6875",
        "cumulative": false
    },
    {
        "date": "2020-12-08T10:58:49.635Z",
        "value": "75.78125",
        "cumulative": false
    },
    {
        "date": "2020-12-08T10:58:50.831Z",
        "value": "82.03125",
        "cumulative": false
    },
    {
        "date": "2020-12-08T10:58:52.030Z",
        "value": "78.125",
        "cumulative": false
    },
    {
        "date": "2020-12-08T10:58:53.788Z",
        "value": "78.90625",
        "cumulative": false
    },
    {
        "date": "2020-12-08T10:58:54.999Z",
        "value": "79.6875",
        "cumulative": false
    },
    {
        "date": "2020-12-08T10:58:56.186Z",
        "value": "78.90625",
        "cumulative": false
    },
    {
        "date": "2020-12-08T10:58:57.380Z",
        "value": "82.8125",
        "cumulative": false
    },
    {
        "date": "2020-12-08T10:58:59.183Z",
        "value": "78.125",
        "cumulative": false
    },
    {
        "date": "2020-12-08T10:59:00.406Z",
        "value": "76.5625",
        "cumulative": false
    },
    {
        "date": "2020-12-08T10:59:01.578Z",
        "value": "85.15625",
        "cumulative": false
    },
    {
        "date": "2020-12-08T10:59:02.771Z",
        "value": "78.90625",
        "cumulative": false
    },
    {
        "date": "2020-12-08T10:59:04.530Z",
        "value": "82.03125",
        "cumulative": false
    },
    {
        "date": "2020-12-08T10:59:05.739Z",
        "value": "82.8125",
        "cumulative": false
    },
    {
        "date": "2020-12-08T10:59:06.932Z",
        "value": "86.71875",
        "cumulative": false
    },
    {
        "date": "2020-12-08T10:59:08.109Z",
        "value": "87.5",
        "cumulative": false
    },
    {
        "date": "2020-12-08T10:59:09.890Z",
        "value": "80.46875",
        "cumulative": false
    },
    {
        "date": "2020-12-08T10:59:11.106Z",
        "value": "80.46875",
        "cumulative": false
    },
    {
        "date": "2020-12-08T10:59:12.295Z",
        "value": "85.9375",
        "cumulative": false
    },
    {
        "date": "2020-12-08T10:59:13.475Z",
        "value": "83.59375",
        "cumulative": false
    },
    {
        "date": "2020-12-08T10:59:15.270Z",
        "value": "82.8125",
        "cumulative": false
    },
    {
        "date": "2020-12-08T10:59:16.484Z",
        "value": "82.03125",
        "cumulative": false
    },
    {
        "date": "2020-12-08T10:59:17.681Z",
        "value": "87.5",
        "cumulative": false
    },
    {
        "date": "2020-12-08T10:59:18.892Z",
        "value": "82.8125",
        "cumulative": false
    },
    {
        "date": "2020-12-08T10:59:20.697Z",
        "value": "85.9375",
        "cumulative": false
    },
    {
        "date": "2020-12-08T10:59:21.936Z",
        "value": "89.84375",
        "cumulative": false
    },
    {
        "date": "2020-12-08T10:59:23.129Z",
        "value": "87.5",
        "cumulative": false
    },
    {
        "date": "2020-12-08T10:59:24.387Z",
        "value": "84.375",
        "cumulative": false
    }
]