[
    {
        "date": "2020-12-08T10:58:20.997Z",
        "value": "0.22308659553527832",
        "cumulative": false
    },
    {
        "date": "2020-12-08T10:58:26.280Z",
        "value": "0.2232527732849121",
        "cumulative": false
    },
    {
        "date": "2020-12-08T10:58:31.611Z",
        "value": "0.21784019470214844",
        "cumulative": false
    },
    {
        "date": "2020-12-08T10:58:36.932Z",
        "value": "0.2215719223022461",
        "cumulative": false
    },
    {
        "date": "2020-12-08T10:58:42.333Z",
        "value": "0.23281526565551758",
        "cumulative": false
    },
    {
        "date": "2020-12-08T10:58:47.690Z",
        "value": "0.20500874519348145",
        "cumulative": false
    },
    {
        "date": "2020-12-08T10:58:53.051Z",
        "value": "0.22297382354736328",
        "cumulative": false
    },
    {
        "date": "2020-12-08T10:58:58.424Z",
        "value": "0.22566509246826172",
        "cumulative": false
    },
    {
        "date": "2020-12-08T10:59:03.807Z",
        "value": "0.2138996124267578",
        "cumulative": false
    },
    {
        "date": "2020-12-08T10:59:09.165Z",
        "value": "0.220534086227417",
        "cumulative": false
    },
    {
        "date": "2020-12-08T10:59:14.550Z",
        "value": "0.21587562561035156",
        "cumulative": false
    },
    {
        "date": "2020-12-08T10:59:19.944Z",
        "value": "0.24006915092468262",
        "cumulative": false
    },
    {
        "date": "2020-12-08T10:59:25.448Z",
        "value": "0.24285173416137695",
        "cumulative": false
    }
]