[
    {
        "date": "2020-12-08T10:58:20.999Z",
        "value": "0.5667908191680908",
        "cumulative": false
    },
    {
        "date": "2020-12-08T10:58:26.283Z",
        "value": "0.6152200698852539",
        "cumulative": false
    },
    {
        "date": "2020-12-08T10:58:31.616Z",
        "value": "0.6213955879211426",
        "cumulative": false
    },
    {
        "date": "2020-12-08T10:58:36.929Z",
        "value": "0.5966336727142334",
        "cumulative": false
    },
    {
        "date": "2020-12-08T10:58:42.336Z",
        "value": "0.6458396911621094",
        "cumulative": false
    },
    {
        "date": "2020-12-08T10:58:47.693Z",
        "value": "0.6247704029083252",
        "cumulative": false
    },
    {
        "date": "2020-12-08T10:58:53.051Z",
        "value": "0.6056075096130371",
        "cumulative": false
    },
    {
        "date": "2020-12-08T10:58:58.429Z",
        "value": "0.6250975131988525",
        "cumulative": false
    },
    {
        "date": "2020-12-08T10:59:03.810Z",
        "value": "0.6323699951171875",
        "cumulative": false
    },
    {
        "date": "2020-12-08T10:59:09.165Z",
        "value": "0.5900614261627197",
        "cumulative": false
    },
    {
        "date": "2020-12-08T10:59:14.549Z",
        "value": "0.6102721691131592",
        "cumulative": false
    },
    {
        "date": "2020-12-08T10:59:19.941Z",
        "value": "0.6144886016845703",
        "cumulative": false
    },
    {
        "date": "2020-12-08T10:59:25.454Z",
        "value": "0.6291763782501221",
        "cumulative": false
    }
]