[
    {
        "date": "2020-12-08T10:58:16.403Z",
        "value": "51.5625",
        "cumulative": false
    },
    {
        "date": "2020-12-08T10:58:17.633Z",
        "value": "79.6875",
        "cumulative": false
    },
    {
        "date": "2020-12-08T10:58:18.797Z",
        "value": "83.59375",
        "cumulative": false
    },
    {
        "date": "2020-12-08T10:58:19.973Z",
        "value": "90.625",
        "cumulative": false
    },
    {
        "date": "2020-12-08T10:58:21.726Z",
        "value": "85.15625",
        "cumulative": false
    },
    {
        "date": "2020-12-08T10:58:22.924Z",
        "value": "87.5",
        "cumulative": false
    },
    {
        "date": "2020-12-08T10:58:24.085Z",
        "value": "89.84375",
        "cumulative": false
    },
    {
        "date": "2020-12-08T10:58:25.243Z",
        "value": "93.75",
        "cumulative": false
    },
    {
        "date": "2020-12-08T10:58:26.983Z",
        "value": "92.1875",
        "cumulative": false
    },
    {
        "date": "2020-12-08T10:58:28.193Z",
        "value": "96.09375",
        "cumulative": false
    },
    {
        "date": "2020-12-08T10:58:29.390Z",
        "value": "94.53125",
        "cumulative": false
    },
    {
        "date": "2020-12-08T10:58:30.585Z",
        "value": "90.625",
        "cumulative": false
    },
    {
        "date": "2020-12-08T10:58:32.326Z",
        "value": "94.53125",
        "cumulative": false
    },
    {
        "date": "2020-12-08T10:58:33.529Z",
        "value": "99.21875",
        "cumulative": false
    },
    {
        "date": "2020-12-08T10:58:34.723Z",
        "value": "98.4375",
        "cumulative": false
    },
    {
        "date": "2020-12-08T10:58:35.904Z",
        "value": "96.875",
        "cumulative": false
    },
    {
        "date": "2020-12-08T10:58:37.645Z",
        "value": "97.65625",
        "cumulative": false
    },
    {
        "date": "2020-12-08T10:58:38.850Z",
        "value": "96.875",
        "cumulative": false
    },
    {
        "date": "2020-12-08T10:58:40.082Z",
        "value": "97.65625",
        "cumulative": false
    },
    {
        "date": "2020-12-08T10:58:41.279Z",
        "value": "97.65625",
        "cumulative": false
    },
    {
        "date": "2020-12-08T10:58:43.077Z",
        "value": "98.4375",
        "cumulative": false
    },
    {
        "date": "2020-12-08T10:58:44.277Z",
        "value": "96.09375",
        "cumulative": false
    },
    {
        "date": "2020-12-08T10:58:45.465Z",
        "value": "99.21875",
        "cumulative": false
    },
    {
        "date": "2020-12-08T10:58:46.636Z",
        "value": "99.21875",
        "cumulative": false
    },
    {
        "date": "2020-12-08T10:58:48.444Z",
        "value": "97.65625",
        "cumulative": false
    },
    {
        "date": "2020-12-08T10:58:49.633Z",
        "value": "98.4375",
        "cumulative": false
    },
    {
        "date": "2020-12-08T10:58:50.829Z",
        "value": "97.65625",
        "cumulative": false
    },
    {
        "date": "2020-12-08T10:58:52.028Z",
        "value": "99.21875",
        "cumulative": false
    },
    {
        "date": "2020-12-08T10:58:53.785Z",
        "value": "99.21875",
        "cumulative": false
    },
    {
        "date": "2020-12-08T10:58:54.998Z",
        "value": "99.21875",
        "cumulative": false
    },
    {
        "date": "2020-12-08T10:58:56.181Z",
        "value": "99.21875",
        "cumulative": false
    },
    {
        "date": "2020-12-08T10:58:57.384Z",
        "value": "98.4375",
        "cumulative": false
    },
    {
        "date": "2020-12-08T10:58:59.177Z",
        "value": "98.4375",
        "cumulative": false
    },
    {
        "date": "2020-12-08T10:59:00.406Z",
        "value": "99.21875",
        "cumulative": false
    },
    {
        "date": "2020-12-08T10:59:01.577Z",
        "value": "97.65625",
        "cumulative": false
    },
    {
        "date": "2020-12-08T10:59:02.768Z",
        "value": "98.4375",
        "cumulative": false
    },
    {
        "date": "2020-12-08T10:59:04.527Z",
        "value": "100.0",
        "cumulative": false
    },
    {
        "date": "2020-12-08T10:59:05.738Z",
        "value": "99.21875",
        "cumulative": false
    },
    {
        "date": "2020-12-08T10:59:06.929Z",
        "value": "100.0",
        "cumulative": false
    },
    {
        "date": "2020-12-08T10:59:08.111Z",
        "value": "98.4375",
        "cumulative": false
    },
    {
        "date": "2020-12-08T10:59:09.894Z",
        "value": "99.21875",
        "cumulative": false
    },
    {
        "date": "2020-12-08T10:59:11.106Z",
        "value": "98.4375",
        "cumulative": false
    },
    {
        "date": "2020-12-08T10:59:12.296Z",
        "value": "99.21875",
        "cumulative": false
    },
    {
        "date": "2020-12-08T10:59:13.472Z",
        "value": "100.0",
        "cumulative": false
    },
    {
        "date": "2020-12-08T10:59:15.269Z",
        "value": "98.4375",
        "cumulative": false
    },
    {
        "date": "2020-12-08T10:59:16.482Z",
        "value": "100.0",
        "cumulative": false
    },
    {
        "date": "2020-12-08T10:59:17.683Z",
        "value": "99.21875",
        "cumulative": false
    },
    {
        "date": "2020-12-08T10:59:18.891Z",
        "value": "100.0",
        "cumulative": false
    },
    {
        "date": "2020-12-08T10:59:20.697Z",
        "value": "100.0",
        "cumulative": false
    },
    {
        "date": "2020-12-08T10:59:21.932Z",
        "value": "100.0",
        "cumulative": false
    },
    {
        "date": "2020-12-08T10:59:23.124Z",
        "value": "98.4375",
        "cumulative": false
    },
    {
        "date": "2020-12-08T10:59:24.386Z",
        "value": "100.0",
        "cumulative": false
    }
]