[
    {
        "date": "2020-12-08T10:58:20.998Z",
        "value": "2.674332857131958",
        "cumulative": false
    },
    {
        "date": "2020-12-08T10:58:26.280Z",
        "value": "2.2717370986938477",
        "cumulative": false
    },
    {
        "date": "2020-12-08T10:58:31.612Z",
        "value": "2.43835186958313",
        "cumulative": false
    },
    {
        "date": "2020-12-08T10:58:36.933Z",
        "value": "2.3644185066223145",
        "cumulative": false
    },
    {
        "date": "2020-12-08T10:58:42.333Z",
        "value": "2.381232500076294",
        "cumulative": false
    },
    {
        "date": "2020-12-08T10:58:47.690Z",
        "value": "2.441007137298584",
        "cumulative": false
    },
    {
        "date": "2020-12-08T10:58:53.051Z",
        "value": "2.426706552505493",
        "cumulative": false
    },
    {
        "date": "2020-12-08T10:58:58.424Z",
        "value": "2.343541145324707",
        "cumulative": false
    },
    {
        "date": "2020-12-08T10:59:03.807Z",
        "value": "2.402946710586548",
        "cumulative": false
    },
    {
        "date": "2020-12-08T10:59:09.165Z",
        "value": "2.4265499114990234",
        "cumulative": false
    },
    {
        "date": "2020-12-08T10:59:14.550Z",
        "value": "2.517857789993286",
        "cumulative": false
    },
    {
        "date": "2020-12-08T10:59:19.944Z",
        "value": "2.3146159648895264",
        "cumulative": false
    },
    {
        "date": "2020-12-08T10:59:25.448Z",
        "value": "2.3287367820739746",
        "cumulative": false
    }
]