[
    {
        "date": "2020-12-08T10:58:16.402Z",
        "value": "7.03125",
        "cumulative": false
    },
    {
        "date": "2020-12-08T10:58:17.629Z",
        "value": "21.09375",
        "cumulative": false
    },
    {
        "date": "2020-12-08T10:58:18.803Z",
        "value": "33.59375",
        "cumulative": false
    },
    {
        "date": "2020-12-08T10:58:19.977Z",
        "value": "36.71875",
        "cumulative": false
    },
    {
        "date": "2020-12-08T10:58:21.721Z",
        "value": "39.0625",
        "cumulative": false
    },
    {
        "date": "2020-12-08T10:58:22.919Z",
        "value": "37.5",
        "cumulative": false
    },
    {
        "date": "2020-12-08T10:58:24.083Z",
        "value": "47.65625",
        "cumulative": false
    },
    {
        "date": "2020-12-08T10:58:25.244Z",
        "value": "43.75",
        "cumulative": false
    },
    {
        "date": "2020-12-08T10:58:26.985Z",
        "value": "58.59375",
        "cumulative": false
    },
    {
        "date": "2020-12-08T10:58:28.190Z",
        "value": "56.25",
        "cumulative": false
    },
    {
        "date": "2020-12-08T10:58:29.388Z",
        "value": "53.125",
        "cumulative": false
    },
    {
        "date": "2020-12-08T10:58:30.583Z",
        "value": "59.375",
        "cumulative": false
    },
    {
        "date": "2020-12-08T10:58:32.326Z",
        "value": "64.0625",
        "cumulative": false
    },
    {
        "date": "2020-12-08T10:58:33.525Z",
        "value": "62.5",
        "cumulative": false
    },
    {
        "date": "2020-12-08T10:58:34.721Z",
        "value": "53.90625",
        "cumulative": false
    },
    {
        "date": "2020-12-08T10:58:35.904Z",
        "value": "70.3125",
        "cumulative": false
    },
    {
        "date": "2020-12-08T10:58:37.644Z",
        "value": "68.75",
        "cumulative": false
    },
    {
        "date": "2020-12-08T10:58:38.851Z",
        "value": "72.65625",
        "cumulative": false
    },
    {
        "date": "2020-12-08T10:58:40.080Z",
        "value": "64.84375",
        "cumulative": false
    },
    {
        "date": "2020-12-08T10:58:41.280Z",
        "value": "71.875",
        "cumulative": false
    },
    {
        "date": "2020-12-08T10:58:43.071Z",
        "value": "67.96875",
        "cumulative": false
    },
    {
        "date": "2020-12-08T10:58:44.273Z",
        "value": "66.40625",
        "cumulative": false
    },
    {
        "date": "2020-12-08T10:58:45.466Z",
        "value": "72.65625",
        "cumulative": false
    },
    {
        "date": "2020-12-08T10:58:46.634Z",
        "value": "73.4375",
        "cumulative": false
    },
    {
        "date": "2020-12-08T10:58:48.446Z",
        "value": "73.4375",
        "cumulative": false
    },
    {
        "date": "2020-12-08T10:58:49.634Z",
        "value": "69.53125",
        "cumulative": false
    },
    {
        "date": "2020-12-08T10:58:50.830Z",
        "value": "75.0",
        "cumulative": false
    },
    {
        "date": "2020-12-08T10:58:52.028Z",
        "value": "75.0",
        "cumulative": false
    },
    {
        "date": "2020-12-08T10:58:53.796Z",
        "value": "80.46875",
        "cumulative": false
    },
    {
        "date": "2020-12-08T10:58:54.999Z",
        "value": "75.0",
        "cumulative": false
    },
    {
        "date": "2020-12-08T10:58:56.180Z",
        "value": "78.125",
        "cumulative": false
    },
    {
        "date": "2020-12-08T10:58:57.382Z",
        "value": "74.21875",
        "cumulative": false
    },
    {
        "date": "2020-12-08T10:58:59.183Z",
        "value": "77.34375",
        "cumulative": false
    },
    {
        "date": "2020-12-08T10:59:00.405Z",
        "value": "81.25",
        "cumulative": false
    },
    {
        "date": "2020-12-08T10:59:01.574Z",
        "value": "79.6875",
        "cumulative": false
    },
    {
        "date": "2020-12-08T10:59:02.764Z",
        "value": "75.78125",
        "cumulative": false
    },
    {
        "date": "2020-12-08T10:59:04.528Z",
        "value": "77.34375",
        "cumulative": false
    },
    {
        "date": "2020-12-08T10:59:05.737Z",
        "value": "79.6875",
        "cumulative": false
    },
    {
        "date": "2020-12-08T10:59:06.927Z",
        "value": "83.59375",
        "cumulative": false
    },
    {
        "date": "2020-12-08T10:59:08.107Z",
        "value": "82.8125",
        "cumulative": false
    },
    {
        "date": "2020-12-08T10:59:09.893Z",
        "value": "81.25",
        "cumulative": false
    },
    {
        "date": "2020-12-08T10:59:11.107Z",
        "value": "85.15625",
        "cumulative": false
    },
    {
        "date": "2020-12-08T10:59:12.297Z",
        "value": "88.28125",
        "cumulative": false
    },
    {
        "date": "2020-12-08T10:59:13.476Z",
        "value": "78.90625",
        "cumulative": false
    },
    {
        "date": "2020-12-08T10:59:15.266Z",
        "value": "82.8125",
        "cumulative": false
    },
    {
        "date": "2020-12-08T10:59:16.481Z",
        "value": "82.8125",
        "cumulative": false
    },
    {
        "date": "2020-12-08T10:59:17.682Z",
        "value": "82.8125",
        "cumulative": false
    },
    {
        "date": "2020-12-08T10:59:18.888Z",
        "value": "89.0625",
        "cumulative": false
    },
    {
        "date": "2020-12-08T10:59:20.692Z",
        "value": "88.28125",
        "cumulative": false
    },
    {
        "date": "2020-12-08T10:59:21.932Z",
        "value": "82.03125",
        "cumulative": false
    },
    {
        "date": "2020-12-08T10:59:23.124Z",
        "value": "84.375",
        "cumulative": false
    },
    {
        "date": "2020-12-08T10:59:24.386Z",
        "value": "83.59375",
        "cumulative": false
    }
]