[
    {
        "date": "2020-12-08T10:58:20.996Z",
        "value": "0.5980269908905029",
        "cumulative": false
    },
    {
        "date": "2020-12-08T10:58:26.279Z",
        "value": "0.5824732780456543",
        "cumulative": false
    },
    {
        "date": "2020-12-08T10:58:31.615Z",
        "value": "0.6157116889953613",
        "cumulative": false
    },
    {
        "date": "2020-12-08T10:58:36.929Z",
        "value": "0.615673303604126",
        "cumulative": false
    },
    {
        "date": "2020-12-08T10:58:42.329Z",
        "value": "0.6483128070831299",
        "cumulative": false
    },
    {
        "date": "2020-12-08T10:58:47.683Z",
        "value": "0.5957396030426025",
        "cumulative": false
    },
    {
        "date": "2020-12-08T10:58:53.049Z",
        "value": "0.629209041595459",
        "cumulative": false
    },
    {
        "date": "2020-12-08T10:58:58.430Z",
        "value": "0.599189281463623",
        "cumulative": false
    },
    {
        "date": "2020-12-08T10:59:03.803Z",
        "value": "0.5999021530151367",
        "cumulative": false
    },
    {
        "date": "2020-12-08T10:59:09.157Z",
        "value": "0.5912199020385742",
        "cumulative": false
    },
    {
        "date": "2020-12-08T10:59:14.544Z",
        "value": "0.5639727115631104",
        "cumulative": false
    },
    {
        "date": "2020-12-08T10:59:19.942Z",
        "value": "0.6077659130096436",
        "cumulative": false
    },
    {
        "date": "2020-12-08T10:59:25.444Z",
        "value": "0.6051385402679443",
        "cumulative": false
    }
]