[
    {
        "date": "2020-12-08T10:58:20.996Z",
        "value": "0.038181304931640625",
        "cumulative": false
    },
    {
        "date": "2020-12-08T10:58:26.279Z",
        "value": "0.041908979415893555",
        "cumulative": false
    },
    {
        "date": "2020-12-08T10:58:31.615Z",
        "value": "0.038281917572021484",
        "cumulative": false
    },
    {
        "date": "2020-12-08T10:58:36.929Z",
        "value": "0.039853811264038086",
        "cumulative": false
    },
    {
        "date": "2020-12-08T10:58:42.328Z",
        "value": "0.04248499870300293",
        "cumulative": false
    },
    {
        "date": "2020-12-08T10:58:47.683Z",
        "value": "0.04224538803100586",
        "cumulative": false
    },
    {
        "date": "2020-12-08T10:58:53.049Z",
        "value": "0.03728961944580078",
        "cumulative": false
    },
    {
        "date": "2020-12-08T10:58:58.430Z",
        "value": "0.03500175476074219",
        "cumulative": false
    },
    {
        "date": "2020-12-08T10:59:03.803Z",
        "value": "0.034580230712890625",
        "cumulative": false
    },
    {
        "date": "2020-12-08T10:59:09.157Z",
        "value": "0.04562830924987793",
        "cumulative": false
    },
    {
        "date": "2020-12-08T10:59:14.544Z",
        "value": "0.04905128479003906",
        "cumulative": false
    },
    {
        "date": "2020-12-08T10:59:19.942Z",
        "value": "0.04395031929016113",
        "cumulative": false
    },
    {
        "date": "2020-12-08T10:59:25.444Z",
        "value": "0.04146432876586914",
        "cumulative": false
    }
]