[
    {
        "date": "2020-12-08T10:58:16.402Z",
        "value": "10.15625",
        "cumulative": false
    },
    {
        "date": "2020-12-08T10:58:17.631Z",
        "value": "16.40625",
        "cumulative": false
    },
    {
        "date": "2020-12-08T10:58:18.797Z",
        "value": "22.65625",
        "cumulative": false
    },
    {
        "date": "2020-12-08T10:58:19.973Z",
        "value": "35.15625",
        "cumulative": false
    },
    {
        "date": "2020-12-08T10:58:21.726Z",
        "value": "31.25",
        "cumulative": false
    },
    {
        "date": "2020-12-08T10:58:22.924Z",
        "value": "40.625",
        "cumulative": false
    },
    {
        "date": "2020-12-08T10:58:24.085Z",
        "value": "39.84375",
        "cumulative": false
    },
    {
        "date": "2020-12-08T10:58:25.243Z",
        "value": "45.3125",
        "cumulative": false
    },
    {
        "date": "2020-12-08T10:58:26.983Z",
        "value": "46.09375",
        "cumulative": false
    },
    {
        "date": "2020-12-08T10:58:28.193Z",
        "value": "49.21875",
        "cumulative": false
    },
    {
        "date": "2020-12-08T10:58:29.389Z",
        "value": "49.21875",
        "cumulative": false
    },
    {
        "date": "2020-12-08T10:58:30.585Z",
        "value": "53.125",
        "cumulative": false
    },
    {
        "date": "2020-12-08T10:58:32.326Z",
        "value": "56.25",
        "cumulative": false
    },
    {
        "date": "2020-12-08T10:58:33.529Z",
        "value": "67.96875",
        "cumulative": false
    },
    {
        "date": "2020-12-08T10:58:34.723Z",
        "value": "63.28125",
        "cumulative": false
    },
    {
        "date": "2020-12-08T10:58:35.904Z",
        "value": "70.3125",
        "cumulative": false
    },
    {
        "date": "2020-12-08T10:58:37.644Z",
        "value": "75.78125",
        "cumulative": false
    },
    {
        "date": "2020-12-08T10:58:38.850Z",
        "value": "62.5",
        "cumulative": false
    },
    {
        "date": "2020-12-08T10:58:40.082Z",
        "value": "66.40625",
        "cumulative": false
    },
    {
        "date": "2020-12-08T10:58:41.279Z",
        "value": "72.65625",
        "cumulative": false
    },
    {
        "date": "2020-12-08T10:58:43.077Z",
        "value": "64.0625",
        "cumulative": false
    },
    {
        "date": "2020-12-08T10:58:44.277Z",
        "value": "73.4375",
        "cumulative": false
    },
    {
        "date": "2020-12-08T10:58:45.465Z",
        "value": "75.78125",
        "cumulative": false
    },
    {
        "date": "2020-12-08T10:58:46.636Z",
        "value": "76.5625",
        "cumulative": false
    },
    {
        "date": "2020-12-08T10:58:48.444Z",
        "value": "73.4375",
        "cumulative": false
    },
    {
        "date": "2020-12-08T10:58:49.633Z",
        "value": "71.09375",
        "cumulative": false
    },
    {
        "date": "2020-12-08T10:58:50.829Z",
        "value": "77.34375",
        "cumulative": false
    },
    {
        "date": "2020-12-08T10:58:52.028Z",
        "value": "77.34375",
        "cumulative": false
    },
    {
        "date": "2020-12-08T10:58:53.785Z",
        "value": "75.78125",
        "cumulative": false
    },
    {
        "date": "2020-12-08T10:58:54.998Z",
        "value": "74.21875",
        "cumulative": false
    },
    {
        "date": "2020-12-08T10:58:56.181Z",
        "value": "78.90625",
        "cumulative": false
    },
    {
        "date": "2020-12-08T10:58:57.384Z",
        "value": "69.53125",
        "cumulative": false
    },
    {
        "date": "2020-12-08T10:58:59.177Z",
        "value": "73.4375",
        "cumulative": false
    },
    {
        "date": "2020-12-08T10:59:00.406Z",
        "value": "82.03125",
        "cumulative": false
    },
    {
        "date": "2020-12-08T10:59:01.577Z",
        "value": "82.03125",
        "cumulative": false
    },
    {
        "date": "2020-12-08T10:59:02.768Z",
        "value": "76.5625",
        "cumulative": false
    },
    {
        "date": "2020-12-08T10:59:04.527Z",
        "value": "76.5625",
        "cumulative": false
    },
    {
        "date": "2020-12-08T10:59:05.738Z",
        "value": "81.25",
        "cumulative": false
    },
    {
        "date": "2020-12-08T10:59:06.929Z",
        "value": "82.8125",
        "cumulative": false
    },
    {
        "date": "2020-12-08T10:59:08.111Z",
        "value": "85.9375",
        "cumulative": false
    },
    {
        "date": "2020-12-08T10:59:09.893Z",
        "value": "84.375",
        "cumulative": false
    },
    {
        "date": "2020-12-08T10:59:11.106Z",
        "value": "85.15625",
        "cumulative": false
    },
    {
        "date": "2020-12-08T10:59:12.296Z",
        "value": "87.5",
        "cumulative": false
    },
    {
        "date": "2020-12-08T10:59:13.472Z",
        "value": "78.90625",
        "cumulative": false
    },
    {
        "date": "2020-12-08T10:59:15.269Z",
        "value": "84.375",
        "cumulative": false
    },
    {
        "date": "2020-12-08T10:59:16.482Z",
        "value": "87.5",
        "cumulative": false
    },
    {
        "date": "2020-12-08T10:59:17.683Z",
        "value": "82.03125",
        "cumulative": false
    },
    {
        "date": "2020-12-08T10:59:18.891Z",
        "value": "86.71875",
        "cumulative": false
    },
    {
        "date": "2020-12-08T10:59:20.697Z",
        "value": "85.15625",
        "cumulative": false
    },
    {
        "date": "2020-12-08T10:59:21.932Z",
        "value": "86.71875",
        "cumulative": false
    },
    {
        "date": "2020-12-08T10:59:23.124Z",
        "value": "80.46875",
        "cumulative": false
    },
    {
        "date": "2020-12-08T10:59:24.386Z",
        "value": "80.46875",
        "cumulative": false
    }
]