[
    {
        "date": "2020-12-08T10:58:20.999Z",
        "value": "3.014143705368042",
        "cumulative": false
    },
    {
        "date": "2020-12-08T10:58:26.283Z",
        "value": "0.7422714233398438",
        "cumulative": false
    },
    {
        "date": "2020-12-08T10:58:31.616Z",
        "value": "0.782188892364502",
        "cumulative": false
    },
    {
        "date": "2020-12-08T10:58:36.929Z",
        "value": "0.745396614074707",
        "cumulative": false
    },
    {
        "date": "2020-12-08T10:58:42.336Z",
        "value": "0.7770566940307617",
        "cumulative": false
    },
    {
        "date": "2020-12-08T10:58:47.693Z",
        "value": "0.7501821517944336",
        "cumulative": false
    },
    {
        "date": "2020-12-08T10:58:53.051Z",
        "value": "0.7128903865814209",
        "cumulative": false
    },
    {
        "date": "2020-12-08T10:58:58.429Z",
        "value": "0.7716739177703857",
        "cumulative": false
    },
    {
        "date": "2020-12-08T10:59:03.810Z",
        "value": "0.7701387405395508",
        "cumulative": false
    },
    {
        "date": "2020-12-08T10:59:09.165Z",
        "value": "0.7510170936584473",
        "cumulative": false
    },
    {
        "date": "2020-12-08T10:59:14.549Z",
        "value": "0.7347145080566406",
        "cumulative": false
    },
    {
        "date": "2020-12-08T10:59:19.941Z",
        "value": "0.779090166091919",
        "cumulative": false
    },
    {
        "date": "2020-12-08T10:59:25.454Z",
        "value": "0.7635152339935303",
        "cumulative": false
    }
]