[
    {
        "date": "2020-12-08T10:58:20.999Z",
        "value": "0.06427335739135742",
        "cumulative": false
    },
    {
        "date": "2020-12-08T10:58:26.283Z",
        "value": "0.06542730331420898",
        "cumulative": false
    },
    {
        "date": "2020-12-08T10:58:31.616Z",
        "value": "0.06627321243286133",
        "cumulative": false
    },
    {
        "date": "2020-12-08T10:58:36.929Z",
        "value": "0.0649099349975586",
        "cumulative": false
    },
    {
        "date": "2020-12-08T10:58:42.336Z",
        "value": "0.0682687759399414",
        "cumulative": false
    },
    {
        "date": "2020-12-08T10:58:47.693Z",
        "value": "0.06824541091918945",
        "cumulative": false
    },
    {
        "date": "2020-12-08T10:58:53.051Z",
        "value": "0.06438207626342773",
        "cumulative": false
    },
    {
        "date": "2020-12-08T10:58:58.429Z",
        "value": "0.06646013259887695",
        "cumulative": false
    },
    {
        "date": "2020-12-08T10:59:03.810Z",
        "value": "0.0666196346282959",
        "cumulative": false
    },
    {
        "date": "2020-12-08T10:59:09.165Z",
        "value": "0.06586647033691406",
        "cumulative": false
    },
    {
        "date": "2020-12-08T10:59:14.549Z",
        "value": "0.06461715698242188",
        "cumulative": false
    },
    {
        "date": "2020-12-08T10:59:19.941Z",
        "value": "0.06550836563110352",
        "cumulative": false
    },
    {
        "date": "2020-12-08T10:59:25.454Z",
        "value": "0.06733083724975586",
        "cumulative": false
    }
]