[
    {
        "date": "2020-12-08T10:58:20.999Z",
        "value": "0.24748635292053223",
        "cumulative": false
    },
    {
        "date": "2020-12-08T10:58:26.289Z",
        "value": "0.26540064811706543",
        "cumulative": false
    },
    {
        "date": "2020-12-08T10:58:31.615Z",
        "value": "0.2575380802154541",
        "cumulative": false
    },
    {
        "date": "2020-12-08T10:58:36.935Z",
        "value": "0.24930691719055176",
        "cumulative": false
    },
    {
        "date": "2020-12-08T10:58:42.335Z",
        "value": "0.24425673484802246",
        "cumulative": false
    },
    {
        "date": "2020-12-08T10:58:47.692Z",
        "value": "0.26491785049438477",
        "cumulative": false
    },
    {
        "date": "2020-12-08T10:58:53.061Z",
        "value": "0.24994516372680664",
        "cumulative": false
    },
    {
        "date": "2020-12-08T10:58:58.436Z",
        "value": "0.26529932022094727",
        "cumulative": false
    },
    {
        "date": "2020-12-08T10:59:03.810Z",
        "value": "0.2348029613494873",
        "cumulative": false
    },
    {
        "date": "2020-12-08T10:59:09.170Z",
        "value": "0.25042176246643066",
        "cumulative": false
    },
    {
        "date": "2020-12-08T10:59:14.545Z",
        "value": "0.24688220024108887",
        "cumulative": false
    },
    {
        "date": "2020-12-08T10:59:19.940Z",
        "value": "0.24256253242492676",
        "cumulative": false
    },
    {
        "date": "2020-12-08T10:59:25.448Z",
        "value": "0.25113749504089355",
        "cumulative": false
    }
]