[
    {
        "date": "2020-12-08T10:58:20.996Z",
        "value": "0.0002276897430419922",
        "cumulative": false
    },
    {
        "date": "2020-12-08T10:58:26.279Z",
        "value": "0.00021767616271972656",
        "cumulative": false
    },
    {
        "date": "2020-12-08T10:58:31.615Z",
        "value": "0.00022172927856445312",
        "cumulative": false
    },
    {
        "date": "2020-12-08T10:58:36.929Z",
        "value": "0.00023412704467773438",
        "cumulative": false
    },
    {
        "date": "2020-12-08T10:58:42.329Z",
        "value": "0.00023746490478515625",
        "cumulative": false
    },
    {
        "date": "2020-12-08T10:58:47.683Z",
        "value": "0.00020503997802734375",
        "cumulative": false
    },
    {
        "date": "2020-12-08T10:58:53.049Z",
        "value": "0.00021409988403320312",
        "cumulative": false
    },
    {
        "date": "2020-12-08T10:58:58.430Z",
        "value": "0.0002124309539794922",
        "cumulative": false
    },
    {
        "date": "2020-12-08T10:59:03.803Z",
        "value": "0.00020742416381835938",
        "cumulative": false
    },
    {
        "date": "2020-12-08T10:59:09.157Z",
        "value": "0.00022292137145996094",
        "cumulative": false
    },
    {
        "date": "2020-12-08T10:59:14.545Z",
        "value": "0.00020170211791992188",
        "cumulative": false
    },
    {
        "date": "2020-12-08T10:59:19.942Z",
        "value": "0.00022125244140625",
        "cumulative": false
    },
    {
        "date": "2020-12-08T10:59:25.444Z",
        "value": "0.00020241737365722656",
        "cumulative": false
    }
]