[
    {
        "date": "2020-12-08T10:58:16.401Z",
        "value": "2.566725254058838",
        "cumulative": false
    },
    {
        "date": "2020-12-08T10:58:17.631Z",
        "value": "2.0779778957366943",
        "cumulative": false
    },
    {
        "date": "2020-12-08T10:58:18.803Z",
        "value": "1.8084743022918701",
        "cumulative": false
    },
    {
        "date": "2020-12-08T10:58:19.983Z",
        "value": "1.658981204032898",
        "cumulative": false
    },
    {
        "date": "2020-12-08T10:58:21.727Z",
        "value": "1.6113247871398926",
        "cumulative": false
    },
    {
        "date": "2020-12-08T10:58:22.922Z",
        "value": "1.5275979042053223",
        "cumulative": false
    },
    {
        "date": "2020-12-08T10:58:24.083Z",
        "value": "1.5427802801132202",
        "cumulative": false
    },
    {
        "date": "2020-12-08T10:58:25.245Z",
        "value": "1.3505849838256836",
        "cumulative": false
    },
    {
        "date": "2020-12-08T10:58:26.986Z",
        "value": "1.3055001497268677",
        "cumulative": false
    },
    {
        "date": "2020-12-08T10:58:28.190Z",
        "value": "1.5151474475860596",
        "cumulative": false
    },
    {
        "date": "2020-12-08T10:58:29.395Z",
        "value": "1.1442946195602417",
        "cumulative": false
    },
    {
        "date": "2020-12-08T10:58:30.586Z",
        "value": "1.2813234329223633",
        "cumulative": false
    },
    {
        "date": "2020-12-08T10:58:32.323Z",
        "value": "0.938126802444458",
        "cumulative": false
    },
    {
        "date": "2020-12-08T10:58:33.528Z",
        "value": "1.0993785858154297",
        "cumulative": false
    },
    {
        "date": "2020-12-08T10:58:34.726Z",
        "value": "0.9832625985145569",
        "cumulative": false
    },
    {
        "date": "2020-12-08T10:58:35.899Z",
        "value": "0.9040595889091492",
        "cumulative": false
    },
    {
        "date": "2020-12-08T10:58:37.646Z",
        "value": "0.8641870021820068",
        "cumulative": false
    },
    {
        "date": "2020-12-08T10:58:38.853Z",
        "value": "0.8044700622558594",
        "cumulative": false
    },
    {
        "date": "2020-12-08T10:58:40.080Z",
        "value": "0.8592080473899841",
        "cumulative": false
    },
    {
        "date": "2020-12-08T10:58:41.280Z",
        "value": "0.8776028156280518",
        "cumulative": false
    },
    {
        "date": "2020-12-08T10:58:43.077Z",
        "value": "0.8632341027259827",
        "cumulative": false
    },
    {
        "date": "2020-12-08T10:58:44.278Z",
        "value": "0.8585111498832703",
        "cumulative": false
    },
    {
        "date": "2020-12-08T10:58:45.466Z",
        "value": "0.7184389233589172",
        "cumulative": false
    },
    {
        "date": "2020-12-08T10:58:46.637Z",
        "value": "0.8810980916023254",
        "cumulative": false
    },
    {
        "date": "2020-12-08T10:58:48.444Z",
        "value": "0.585864782333374",
        "cumulative": false
    },
    {
        "date": "2020-12-08T10:58:49.634Z",
        "value": "0.738343358039856",
        "cumulative": false
    },
    {
        "date": "2020-12-08T10:58:50.831Z",
        "value": "0.5899896621704102",
        "cumulative": false
    },
    {
        "date": "2020-12-08T10:58:52.029Z",
        "value": "0.6702753305435181",
        "cumulative": false
    },
    {
        "date": "2020-12-08T10:58:53.788Z",
        "value": "0.6210172176361084",
        "cumulative": false
    },
    {
        "date": "2020-12-08T10:58:54.999Z",
        "value": "0.6263055801391602",
        "cumulative": false
    },
    {
        "date": "2020-12-08T10:58:56.186Z",
        "value": "0.6379331946372986",
        "cumulative": false
    },
    {
        "date": "2020-12-08T10:58:57.380Z",
        "value": "0.502899169921875",
        "cumulative": false
    },
    {
        "date": "2020-12-08T10:58:59.182Z",
        "value": "0.642673671245575",
        "cumulative": false
    },
    {
        "date": "2020-12-08T10:59:00.406Z",
        "value": "0.6480978727340698",
        "cumulative": false
    },
    {
        "date": "2020-12-08T10:59:01.578Z",
        "value": "0.5267725586891174",
        "cumulative": false
    },
    {
        "date": "2020-12-08T10:59:02.771Z",
        "value": "0.6974887847900391",
        "cumulative": false
    },
    {
        "date": "2020-12-08T10:59:04.530Z",
        "value": "0.48832958936691284",
        "cumulative": false
    },
    {
        "date": "2020-12-08T10:59:05.738Z",
        "value": "0.5031843781471252",
        "cumulative": false
    },
    {
        "date": "2020-12-08T10:59:06.932Z",
        "value": "0.3783324658870697",
        "cumulative": false
    },
    {
        "date": "2020-12-08T10:59:08.109Z",
        "value": "0.3851229250431061",
        "cumulative": false
    },
    {
        "date": "2020-12-08T10:59:09.890Z",
        "value": "0.5223424434661865",
        "cumulative": false
    },
    {
        "date": "2020-12-08T10:59:11.106Z",
        "value": "0.5200685858726501",
        "cumulative": false
    },
    {
        "date": "2020-12-08T10:59:12.294Z",
        "value": "0.3850744068622589",
        "cumulative": false
    },
    {
        "date": "2020-12-08T10:59:13.475Z",
        "value": "0.4625614285469055",
        "cumulative": false
    },
    {
        "date": "2020-12-08T10:59:15.270Z",
        "value": "0.45722901821136475",
        "cumulative": false
    },
    {
        "date": "2020-12-08T10:59:16.484Z",
        "value": "0.5658459067344666",
        "cumulative": false
    },
    {
        "date": "2020-12-08T10:59:17.680Z",
        "value": "0.34132465720176697",
        "cumulative": false
    },
    {
        "date": "2020-12-08T10:59:18.891Z",
        "value": "0.4312022626399994",
        "cumulative": false
    },
    {
        "date": "2020-12-08T10:59:20.697Z",
        "value": "0.4042831063270569",
        "cumulative": false
    },
    {
        "date": "2020-12-08T10:59:21.936Z",
        "value": "0.318122535943985",
        "cumulative": false
    },
    {
        "date": "2020-12-08T10:59:23.129Z",
        "value": "0.3347230851650238",
        "cumulative": false
    },
    {
        "date": "2020-12-08T10:59:24.387Z",
        "value": "0.40564361214637756",
        "cumulative": false
    }
]