[
    {
        "date": "2020-12-08T10:58:20.999Z",
        "value": "0.24448800086975098",
        "cumulative": false
    },
    {
        "date": "2020-12-08T10:58:26.283Z",
        "value": "0.25696444511413574",
        "cumulative": false
    },
    {
        "date": "2020-12-08T10:58:31.616Z",
        "value": "0.25989675521850586",
        "cumulative": false
    },
    {
        "date": "2020-12-08T10:58:36.929Z",
        "value": "0.2527797222137451",
        "cumulative": false
    },
    {
        "date": "2020-12-08T10:58:42.336Z",
        "value": "0.26033759117126465",
        "cumulative": false
    },
    {
        "date": "2020-12-08T10:58:47.693Z",
        "value": "0.2502100467681885",
        "cumulative": false
    },
    {
        "date": "2020-12-08T10:58:53.051Z",
        "value": "0.23959684371948242",
        "cumulative": false
    },
    {
        "date": "2020-12-08T10:58:58.429Z",
        "value": "0.2573738098144531",
        "cumulative": false
    },
    {
        "date": "2020-12-08T10:59:03.810Z",
        "value": "0.2504301071166992",
        "cumulative": false
    },
    {
        "date": "2020-12-08T10:59:09.165Z",
        "value": "0.24756097793579102",
        "cumulative": false
    },
    {
        "date": "2020-12-08T10:59:14.549Z",
        "value": "0.24001669883728027",
        "cumulative": false
    },
    {
        "date": "2020-12-08T10:59:19.941Z",
        "value": "0.255054235458374",
        "cumulative": false
    },
    {
        "date": "2020-12-08T10:59:25.454Z",
        "value": "0.25931262969970703",
        "cumulative": false
    }
]