[
    {
        "date": "2020-12-08T10:58:20.997Z",
        "value": "6.883738994598389",
        "cumulative": false
    },
    {
        "date": "2020-12-08T10:58:26.280Z",
        "value": "4.511751413345337",
        "cumulative": false
    },
    {
        "date": "2020-12-08T10:58:31.611Z",
        "value": "4.583436727523804",
        "cumulative": false
    },
    {
        "date": "2020-12-08T10:58:36.932Z",
        "value": "4.560429573059082",
        "cumulative": false
    },
    {
        "date": "2020-12-08T10:58:42.333Z",
        "value": "4.632702350616455",
        "cumulative": false
    },
    {
        "date": "2020-12-08T10:58:47.690Z",
        "value": "4.554442405700684",
        "cumulative": false
    },
    {
        "date": "2020-12-08T10:58:53.051Z",
        "value": "4.5707926750183105",
        "cumulative": false
    },
    {
        "date": "2020-12-08T10:58:58.424Z",
        "value": "4.5949602127075195",
        "cumulative": false
    },
    {
        "date": "2020-12-08T10:59:03.806Z",
        "value": "4.580170154571533",
        "cumulative": false
    },
    {
        "date": "2020-12-08T10:59:09.165Z",
        "value": "4.593146800994873",
        "cumulative": false
    },
    {
        "date": "2020-12-08T10:59:14.550Z",
        "value": "4.617740631103516",
        "cumulative": false
    },
    {
        "date": "2020-12-08T10:59:19.944Z",
        "value": "4.620192766189575",
        "cumulative": false
    },
    {
        "date": "2020-12-08T10:59:25.448Z",
        "value": "4.699054479598999",
        "cumulative": false
    }
]