[
    {
        "date": "2020-12-08T10:58:20.999Z",
        "value": "0.06261920928955078",
        "cumulative": false
    },
    {
        "date": "2020-12-08T10:58:26.289Z",
        "value": "0.06460905075073242",
        "cumulative": false
    },
    {
        "date": "2020-12-08T10:58:31.615Z",
        "value": "0.06792497634887695",
        "cumulative": false
    },
    {
        "date": "2020-12-08T10:58:36.935Z",
        "value": "0.06403112411499023",
        "cumulative": false
    },
    {
        "date": "2020-12-08T10:58:42.335Z",
        "value": "0.07018852233886719",
        "cumulative": false
    },
    {
        "date": "2020-12-08T10:58:47.692Z",
        "value": "0.0650031566619873",
        "cumulative": false
    },
    {
        "date": "2020-12-08T10:58:53.061Z",
        "value": "0.06431865692138672",
        "cumulative": false
    },
    {
        "date": "2020-12-08T10:58:58.436Z",
        "value": "0.06348538398742676",
        "cumulative": false
    },
    {
        "date": "2020-12-08T10:59:03.810Z",
        "value": "0.06318449974060059",
        "cumulative": false
    },
    {
        "date": "2020-12-08T10:59:09.170Z",
        "value": "0.06478095054626465",
        "cumulative": false
    },
    {
        "date": "2020-12-08T10:59:14.545Z",
        "value": "0.06614232063293457",
        "cumulative": false
    },
    {
        "date": "2020-12-08T10:59:19.940Z",
        "value": "0.06479167938232422",
        "cumulative": false
    },
    {
        "date": "2020-12-08T10:59:25.448Z",
        "value": "0.06449437141418457",
        "cumulative": false
    }
]