[
    {
        "date": "2020-12-08T10:58:20.999Z",
        "value": "2.2539992332458496",
        "cumulative": false
    },
    {
        "date": "2020-12-08T10:58:26.283Z",
        "value": "2.0375020503997803",
        "cumulative": false
    },
    {
        "date": "2020-12-08T10:58:31.616Z",
        "value": "2.0288679599761963",
        "cumulative": false
    },
    {
        "date": "2020-12-08T10:58:36.929Z",
        "value": "2.1126222610473633",
        "cumulative": false
    },
    {
        "date": "2020-12-08T10:58:42.336Z",
        "value": "2.0551533699035645",
        "cumulative": false
    },
    {
        "date": "2020-12-08T10:58:47.693Z",
        "value": "2.036372661590576",
        "cumulative": false
    },
    {
        "date": "2020-12-08T10:58:53.051Z",
        "value": "2.2041707038879395",
        "cumulative": false
    },
    {
        "date": "2020-12-08T10:58:58.429Z",
        "value": "2.0714797973632812",
        "cumulative": false
    },
    {
        "date": "2020-12-08T10:59:03.810Z",
        "value": "2.0570144653320312",
        "cumulative": false
    },
    {
        "date": "2020-12-08T10:59:09.165Z",
        "value": "2.1223549842834473",
        "cumulative": false
    },
    {
        "date": "2020-12-08T10:59:14.549Z",
        "value": "2.15740966796875",
        "cumulative": false
    },
    {
        "date": "2020-12-08T10:59:19.941Z",
        "value": "2.0983684062957764",
        "cumulative": false
    },
    {
        "date": "2020-12-08T10:59:25.454Z",
        "value": "2.166743755340576",
        "cumulative": false
    }
]