[
    {
        "date": "2020-12-08T10:58:20.997Z",
        "value": "2.7445106506347656",
        "cumulative": false
    },
    {
        "date": "2020-12-08T10:58:26.280Z",
        "value": "0.7112343311309814",
        "cumulative": false
    },
    {
        "date": "2020-12-08T10:58:31.612Z",
        "value": "0.6797995567321777",
        "cumulative": false
    },
    {
        "date": "2020-12-08T10:58:36.933Z",
        "value": "0.680866003036499",
        "cumulative": false
    },
    {
        "date": "2020-12-08T10:58:42.333Z",
        "value": "0.7173607349395752",
        "cumulative": false
    },
    {
        "date": "2020-12-08T10:58:47.690Z",
        "value": "0.6631412506103516",
        "cumulative": false
    },
    {
        "date": "2020-12-08T10:58:53.051Z",
        "value": "0.689511775970459",
        "cumulative": false
    },
    {
        "date": "2020-12-08T10:58:58.424Z",
        "value": "0.704535722732544",
        "cumulative": false
    },
    {
        "date": "2020-12-08T10:59:03.807Z",
        "value": "0.690270185470581",
        "cumulative": false
    },
    {
        "date": "2020-12-08T10:59:09.165Z",
        "value": "0.6896796226501465",
        "cumulative": false
    },
    {
        "date": "2020-12-08T10:59:14.550Z",
        "value": "0.6533768177032471",
        "cumulative": false
    },
    {
        "date": "2020-12-08T10:59:19.944Z",
        "value": "0.7218279838562012",
        "cumulative": false
    },
    {
        "date": "2020-12-08T10:59:25.448Z",
        "value": "0.7575128078460693",
        "cumulative": false
    }
]