[
    {
        "date": "2020-12-08T10:58:20.999Z",
        "value": "0.00027060508728027344",
        "cumulative": false
    },
    {
        "date": "2020-12-08T10:58:26.289Z",
        "value": "0.0002758502960205078",
        "cumulative": false
    },
    {
        "date": "2020-12-08T10:58:31.615Z",
        "value": "0.00027823448181152344",
        "cumulative": false
    },
    {
        "date": "2020-12-08T10:58:36.935Z",
        "value": "0.000324249267578125",
        "cumulative": false
    },
    {
        "date": "2020-12-08T10:58:42.335Z",
        "value": "0.0002796649932861328",
        "cumulative": false
    },
    {
        "date": "2020-12-08T10:58:47.692Z",
        "value": "0.0003247261047363281",
        "cumulative": false
    },
    {
        "date": "2020-12-08T10:58:53.061Z",
        "value": "0.0002810955047607422",
        "cumulative": false
    },
    {
        "date": "2020-12-08T10:58:58.436Z",
        "value": "0.0002655982971191406",
        "cumulative": false
    },
    {
        "date": "2020-12-08T10:59:03.810Z",
        "value": "0.00028824806213378906",
        "cumulative": false
    },
    {
        "date": "2020-12-08T10:59:09.170Z",
        "value": "0.0002753734588623047",
        "cumulative": false
    },
    {
        "date": "2020-12-08T10:59:14.545Z",
        "value": "0.0002906322479248047",
        "cumulative": false
    },
    {
        "date": "2020-12-08T10:59:19.940Z",
        "value": "0.00028896331787109375",
        "cumulative": false
    },
    {
        "date": "2020-12-08T10:59:25.448Z",
        "value": "0.00026702880859375",
        "cumulative": false
    }
]