[
    {
        "date": "2020-12-08T10:58:20.996Z",
        "value": "2.732217788696289",
        "cumulative": false
    },
    {
        "date": "2020-12-08T10:58:26.279Z",
        "value": "2.4819998741149902",
        "cumulative": false
    },
    {
        "date": "2020-12-08T10:58:31.615Z",
        "value": "2.4608051776885986",
        "cumulative": false
    },
    {
        "date": "2020-12-08T10:58:36.929Z",
        "value": "2.460252046585083",
        "cumulative": false
    },
    {
        "date": "2020-12-08T10:58:42.329Z",
        "value": "2.401146411895752",
        "cumulative": false
    },
    {
        "date": "2020-12-08T10:58:47.683Z",
        "value": "2.478078842163086",
        "cumulative": false
    },
    {
        "date": "2020-12-08T10:58:53.049Z",
        "value": "2.395073175430298",
        "cumulative": false
    },
    {
        "date": "2020-12-08T10:58:58.430Z",
        "value": "2.5202150344848633",
        "cumulative": false
    },
    {
        "date": "2020-12-08T10:59:03.803Z",
        "value": "2.4712297916412354",
        "cumulative": false
    },
    {
        "date": "2020-12-08T10:59:09.157Z",
        "value": "2.511300563812256",
        "cumulative": false
    },
    {
        "date": "2020-12-08T10:59:14.545Z",
        "value": "2.578927516937256",
        "cumulative": false
    },
    {
        "date": "2020-12-08T10:59:19.942Z",
        "value": "2.4916844367980957",
        "cumulative": false
    },
    {
        "date": "2020-12-08T10:59:25.444Z",
        "value": "2.6032023429870605",
        "cumulative": false
    }
]