[
    {
        "date": "2020-12-08T10:58:20.996Z",
        "value": "2.734579563140869",
        "cumulative": false
    },
    {
        "date": "2020-12-08T10:58:26.279Z",
        "value": "0.6424252986907959",
        "cumulative": false
    },
    {
        "date": "2020-12-08T10:58:31.615Z",
        "value": "0.6726789474487305",
        "cumulative": false
    },
    {
        "date": "2020-12-08T10:58:36.929Z",
        "value": "0.6549005508422852",
        "cumulative": false
    },
    {
        "date": "2020-12-08T10:58:42.329Z",
        "value": "0.7118964195251465",
        "cumulative": false
    },
    {
        "date": "2020-12-08T10:58:47.683Z",
        "value": "0.6661045551300049",
        "cumulative": false
    },
    {
        "date": "2020-12-08T10:58:53.049Z",
        "value": "0.6903927326202393",
        "cumulative": false
    },
    {
        "date": "2020-12-08T10:58:58.430Z",
        "value": "0.6583597660064697",
        "cumulative": false
    },
    {
        "date": "2020-12-08T10:59:03.803Z",
        "value": "0.6795518398284912",
        "cumulative": false
    },
    {
        "date": "2020-12-08T10:59:09.157Z",
        "value": "0.6530048847198486",
        "cumulative": false
    },
    {
        "date": "2020-12-08T10:59:14.544Z",
        "value": "0.6603729724884033",
        "cumulative": false
    },
    {
        "date": "2020-12-08T10:59:19.942Z",
        "value": "0.666651725769043",
        "cumulative": false
    },
    {
        "date": "2020-12-08T10:59:25.444Z",
        "value": "0.675961971282959",
        "cumulative": false
    }
]