[
    {
        "date": "2020-12-08T10:58:20.996Z",
        "value": "0.22824764251708984",
        "cumulative": false
    },
    {
        "date": "2020-12-08T10:58:26.279Z",
        "value": "0.2136092185974121",
        "cumulative": false
    },
    {
        "date": "2020-12-08T10:58:31.615Z",
        "value": "0.22650623321533203",
        "cumulative": false
    },
    {
        "date": "2020-12-08T10:58:36.929Z",
        "value": "0.2179882526397705",
        "cumulative": false
    },
    {
        "date": "2020-12-08T10:58:42.328Z",
        "value": "0.24488449096679688",
        "cumulative": false
    },
    {
        "date": "2020-12-08T10:58:47.683Z",
        "value": "0.22504258155822754",
        "cumulative": false
    },
    {
        "date": "2020-12-08T10:58:53.049Z",
        "value": "0.23123860359191895",
        "cumulative": false
    },
    {
        "date": "2020-12-08T10:58:58.430Z",
        "value": "0.21527886390686035",
        "cumulative": false
    },
    {
        "date": "2020-12-08T10:59:03.803Z",
        "value": "0.22899484634399414",
        "cumulative": false
    },
    {
        "date": "2020-12-08T10:59:09.157Z",
        "value": "0.21085572242736816",
        "cumulative": false
    },
    {
        "date": "2020-12-08T10:59:14.544Z",
        "value": "0.21166610717773438",
        "cumulative": false
    },
    {
        "date": "2020-12-08T10:59:19.942Z",
        "value": "0.22011041641235352",
        "cumulative": false
    },
    {
        "date": "2020-12-08T10:59:25.444Z",
        "value": "0.21750187873840332",
        "cumulative": false
    }
]