[
    {
        "date": "2020-12-08T10:58:20.999Z",
        "value": "6.886879920959473",
        "cumulative": false
    },
    {
        "date": "2020-12-08T10:58:26.283Z",
        "value": "4.508410215377808",
        "cumulative": false
    },
    {
        "date": "2020-12-08T10:58:31.615Z",
        "value": "4.571163177490234",
        "cumulative": false
    },
    {
        "date": "2020-12-08T10:58:36.929Z",
        "value": "4.546816825866699",
        "cumulative": false
    },
    {
        "date": "2020-12-08T10:58:42.336Z",
        "value": "4.624786615371704",
        "cumulative": false
    },
    {
        "date": "2020-12-08T10:58:47.693Z",
        "value": "4.560281276702881",
        "cumulative": false
    },
    {
        "date": "2020-12-08T10:58:53.051Z",
        "value": "4.567598819732666",
        "cumulative": false
    },
    {
        "date": "2020-12-08T10:58:58.429Z",
        "value": "4.5922040939331055",
        "cumulative": false
    },
    {
        "date": "2020-12-08T10:59:03.810Z",
        "value": "4.5704734325408936",
        "cumulative": false
    },
    {
        "date": "2020-12-08T10:59:09.165Z",
        "value": "4.59152626991272",
        "cumulative": false
    },
    {
        "date": "2020-12-08T10:59:14.549Z",
        "value": "4.592903137207031",
        "cumulative": false
    },
    {
        "date": "2020-12-08T10:59:19.940Z",
        "value": "4.617741584777832",
        "cumulative": false
    },
    {
        "date": "2020-12-08T10:59:25.454Z",
        "value": "4.698364496231079",
        "cumulative": false
    }
]