[
    {
        "date": "2020-12-08T10:58:20.999Z",
        "value": "6.8772358894348145",
        "cumulative": false
    },
    {
        "date": "2020-12-08T10:58:26.289Z",
        "value": "4.5044660568237305",
        "cumulative": false
    },
    {
        "date": "2020-12-08T10:58:31.615Z",
        "value": "4.572951793670654",
        "cumulative": false
    },
    {
        "date": "2020-12-08T10:58:36.935Z",
        "value": "4.548691987991333",
        "cumulative": false
    },
    {
        "date": "2020-12-08T10:58:42.334Z",
        "value": "4.629977703094482",
        "cumulative": false
    },
    {
        "date": "2020-12-08T10:58:47.692Z",
        "value": "4.570394515991211",
        "cumulative": false
    },
    {
        "date": "2020-12-08T10:58:53.061Z",
        "value": "4.557317018508911",
        "cumulative": false
    },
    {
        "date": "2020-12-08T10:58:58.436Z",
        "value": "4.591448545455933",
        "cumulative": false
    },
    {
        "date": "2020-12-08T10:59:03.809Z",
        "value": "4.585107326507568",
        "cumulative": false
    },
    {
        "date": "2020-12-08T10:59:09.170Z",
        "value": "4.572057723999023",
        "cumulative": false
    },
    {
        "date": "2020-12-08T10:59:14.544Z",
        "value": "4.600281476974487",
        "cumulative": false
    },
    {
        "date": "2020-12-08T10:59:19.940Z",
        "value": "4.630627393722534",
        "cumulative": false
    },
    {
        "date": "2020-12-08T10:59:25.448Z",
        "value": "4.694545745849609",
        "cumulative": false
    }
]