[
    {
        "date": "2020-12-08T10:58:16.400Z",
        "value": "2.5621442794799805",
        "cumulative": false
    },
    {
        "date": "2020-12-08T10:58:17.628Z",
        "value": "2.0332562923431396",
        "cumulative": false
    },
    {
        "date": "2020-12-08T10:58:18.803Z",
        "value": "1.9234005212783813",
        "cumulative": false
    },
    {
        "date": "2020-12-08T10:58:19.977Z",
        "value": "1.6638189554214478",
        "cumulative": false
    },
    {
        "date": "2020-12-08T10:58:21.721Z",
        "value": "1.6232157945632935",
        "cumulative": false
    },
    {
        "date": "2020-12-08T10:58:22.919Z",
        "value": "1.641348123550415",
        "cumulative": false
    },
    {
        "date": "2020-12-08T10:58:24.083Z",
        "value": "1.4967397451400757",
        "cumulative": false
    },
    {
        "date": "2020-12-08T10:58:25.244Z",
        "value": "1.4793674945831299",
        "cumulative": false
    },
    {
        "date": "2020-12-08T10:58:26.984Z",
        "value": "1.0848866701126099",
        "cumulative": false
    },
    {
        "date": "2020-12-08T10:58:28.190Z",
        "value": "1.19707453250885",
        "cumulative": false
    },
    {
        "date": "2020-12-08T10:58:29.387Z",
        "value": "1.2627694606781006",
        "cumulative": false
    },
    {
        "date": "2020-12-08T10:58:30.583Z",
        "value": "1.1177308559417725",
        "cumulative": false
    },
    {
        "date": "2020-12-08T10:58:32.325Z",
        "value": "1.00729238986969",
        "cumulative": false
    },
    {
        "date": "2020-12-08T10:58:33.525Z",
        "value": "1.0259696245193481",
        "cumulative": false
    },
    {
        "date": "2020-12-08T10:58:34.721Z",
        "value": "1.2888039350509644",
        "cumulative": false
    },
    {
        "date": "2020-12-08T10:58:35.904Z",
        "value": "0.8238668441772461",
        "cumulative": false
    },
    {
        "date": "2020-12-08T10:58:37.643Z",
        "value": "0.9295654296875",
        "cumulative": false
    },
    {
        "date": "2020-12-08T10:58:38.851Z",
        "value": "0.7552928328514099",
        "cumulative": false
    },
    {
        "date": "2020-12-08T10:58:40.080Z",
        "value": "0.9221757650375366",
        "cumulative": false
    },
    {
        "date": "2020-12-08T10:58:41.280Z",
        "value": "0.8714456558227539",
        "cumulative": false
    },
    {
        "date": "2020-12-08T10:58:43.071Z",
        "value": "0.9115481376647949",
        "cumulative": false
    },
    {
        "date": "2020-12-08T10:58:44.272Z",
        "value": "0.8453165292739868",
        "cumulative": false
    },
    {
        "date": "2020-12-08T10:58:45.466Z",
        "value": "0.8635161519050598",
        "cumulative": false
    },
    {
        "date": "2020-12-08T10:58:46.634Z",
        "value": "0.8131489157676697",
        "cumulative": false
    },
    {
        "date": "2020-12-08T10:58:48.446Z",
        "value": "0.6837949752807617",
        "cumulative": false
    },
    {
        "date": "2020-12-08T10:58:49.634Z",
        "value": "0.770512580871582",
        "cumulative": false
    },
    {
        "date": "2020-12-08T10:58:50.830Z",
        "value": "0.7377923727035522",
        "cumulative": false
    },
    {
        "date": "2020-12-08T10:58:52.028Z",
        "value": "0.6635730862617493",
        "cumulative": false
    },
    {
        "date": "2020-12-08T10:58:53.796Z",
        "value": "0.6527430415153503",
        "cumulative": false
    },
    {
        "date": "2020-12-08T10:58:54.998Z",
        "value": "0.6205940842628479",
        "cumulative": false
    },
    {
        "date": "2020-12-08T10:58:56.180Z",
        "value": "0.610194206237793",
        "cumulative": false
    },
    {
        "date": "2020-12-08T10:58:57.382Z",
        "value": "0.6740742921829224",
        "cumulative": false
    },
    {
        "date": "2020-12-08T10:58:59.182Z",
        "value": "0.6700550317764282",
        "cumulative": false
    },
    {
        "date": "2020-12-08T10:59:00.405Z",
        "value": "0.5241272449493408",
        "cumulative": false
    },
    {
        "date": "2020-12-08T10:59:01.574Z",
        "value": "0.596513032913208",
        "cumulative": false
    },
    {
        "date": "2020-12-08T10:59:02.764Z",
        "value": "0.6224388480186462",
        "cumulative": false
    },
    {
        "date": "2020-12-08T10:59:04.528Z",
        "value": "0.5730674862861633",
        "cumulative": false
    },
    {
        "date": "2020-12-08T10:59:05.737Z",
        "value": "0.6180495023727417",
        "cumulative": false
    },
    {
        "date": "2020-12-08T10:59:06.927Z",
        "value": "0.49209368228912354",
        "cumulative": false
    },
    {
        "date": "2020-12-08T10:59:08.107Z",
        "value": "0.4694206416606903",
        "cumulative": false
    },
    {
        "date": "2020-12-08T10:59:09.893Z",
        "value": "0.5840000510215759",
        "cumulative": false
    },
    {
        "date": "2020-12-08T10:59:11.107Z",
        "value": "0.5213327407836914",
        "cumulative": false
    },
    {
        "date": "2020-12-08T10:59:12.297Z",
        "value": "0.41863957047462463",
        "cumulative": false
    },
    {
        "date": "2020-12-08T10:59:13.476Z",
        "value": "0.6847134828567505",
        "cumulative": false
    },
    {
        "date": "2020-12-08T10:59:15.266Z",
        "value": "0.47342634201049805",
        "cumulative": false
    },
    {
        "date": "2020-12-08T10:59:16.481Z",
        "value": "0.4585415720939636",
        "cumulative": false
    },
    {
        "date": "2020-12-08T10:59:17.682Z",
        "value": "0.5986786484718323",
        "cumulative": false
    },
    {
        "date": "2020-12-08T10:59:18.888Z",
        "value": "0.3800393342971802",
        "cumulative": false
    },
    {
        "date": "2020-12-08T10:59:20.692Z",
        "value": "0.37784984707832336",
        "cumulative": false
    },
    {
        "date": "2020-12-08T10:59:21.932Z",
        "value": "0.5612188577651978",
        "cumulative": false
    },
    {
        "date": "2020-12-08T10:59:23.124Z",
        "value": "0.39864540100097656",
        "cumulative": false
    },
    {
        "date": "2020-12-08T10:59:24.386Z",
        "value": "0.4316689968109131",
        "cumulative": false
    }
]