[
    {
        "date": "2020-12-08T10:58:20.998Z",
        "value": "0.01841449737548828",
        "cumulative": false
    },
    {
        "date": "2020-12-08T10:58:26.280Z",
        "value": "0.019437551498413086",
        "cumulative": false
    },
    {
        "date": "2020-12-08T10:58:31.612Z",
        "value": "0.019343137741088867",
        "cumulative": false
    },
    {
        "date": "2020-12-08T10:58:36.933Z",
        "value": "0.018549680709838867",
        "cumulative": false
    },
    {
        "date": "2020-12-08T10:58:42.333Z",
        "value": "0.01934075355529785",
        "cumulative": false
    },
    {
        "date": "2020-12-08T10:58:47.690Z",
        "value": "0.017782211303710938",
        "cumulative": false
    },
    {
        "date": "2020-12-08T10:58:53.051Z",
        "value": "0.018193483352661133",
        "cumulative": false
    },
    {
        "date": "2020-12-08T10:58:58.424Z",
        "value": "0.01909017562866211",
        "cumulative": false
    },
    {
        "date": "2020-12-08T10:59:03.807Z",
        "value": "0.019487619400024414",
        "cumulative": false
    },
    {
        "date": "2020-12-08T10:59:09.165Z",
        "value": "0.018543243408203125",
        "cumulative": false
    },
    {
        "date": "2020-12-08T10:59:14.550Z",
        "value": "0.018782854080200195",
        "cumulative": false
    },
    {
        "date": "2020-12-08T10:59:19.944Z",
        "value": "0.02050328254699707",
        "cumulative": false
    },
    {
        "date": "2020-12-08T10:59:25.448Z",
        "value": "0.021546602249145508",
        "cumulative": false
    }
]