[
    {
        "date": "2020-12-08T10:58:20.999Z",
        "value": "3.0422873497009277",
        "cumulative": false
    },
    {
        "date": "2020-12-08T10:58:26.289Z",
        "value": "0.7551414966583252",
        "cumulative": false
    },
    {
        "date": "2020-12-08T10:58:31.615Z",
        "value": "0.7442038059234619",
        "cumulative": false
    },
    {
        "date": "2020-12-08T10:58:36.935Z",
        "value": "0.7673985958099365",
        "cumulative": false
    },
    {
        "date": "2020-12-08T10:58:42.335Z",
        "value": "0.761054515838623",
        "cumulative": false
    },
    {
        "date": "2020-12-08T10:58:47.692Z",
        "value": "0.794731616973877",
        "cumulative": false
    },
    {
        "date": "2020-12-08T10:58:53.061Z",
        "value": "0.7550790309906006",
        "cumulative": false
    },
    {
        "date": "2020-12-08T10:58:58.436Z",
        "value": "0.7696232795715332",
        "cumulative": false
    },
    {
        "date": "2020-12-08T10:59:03.810Z",
        "value": "0.7142934799194336",
        "cumulative": false
    },
    {
        "date": "2020-12-08T10:59:09.170Z",
        "value": "0.7642626762390137",
        "cumulative": false
    },
    {
        "date": "2020-12-08T10:59:14.545Z",
        "value": "0.7416720390319824",
        "cumulative": false
    },
    {
        "date": "2020-12-08T10:59:19.940Z",
        "value": "0.7452883720397949",
        "cumulative": false
    },
    {
        "date": "2020-12-08T10:59:25.448Z",
        "value": "0.764507532119751",
        "cumulative": false
    }
]