[
    {
        "date": "2020-12-08T10:58:20.996Z",
        "value": "0.053353309631347656",
        "cumulative": false
    },
    {
        "date": "2020-12-08T10:58:26.279Z",
        "value": "0.053107500076293945",
        "cumulative": false
    },
    {
        "date": "2020-12-08T10:58:31.615Z",
        "value": "0.05254936218261719",
        "cumulative": false
    },
    {
        "date": "2020-12-08T10:58:36.929Z",
        "value": "0.05394315719604492",
        "cumulative": false
    },
    {
        "date": "2020-12-08T10:58:42.329Z",
        "value": "0.05588126182556152",
        "cumulative": false
    },
    {
        "date": "2020-12-08T10:58:47.683Z",
        "value": "0.052707672119140625",
        "cumulative": false
    },
    {
        "date": "2020-12-08T10:58:53.049Z",
        "value": "0.05572509765625",
        "cumulative": false
    },
    {
        "date": "2020-12-08T10:58:58.430Z",
        "value": "0.05454087257385254",
        "cumulative": false
    },
    {
        "date": "2020-12-08T10:59:03.803Z",
        "value": "0.053873300552368164",
        "cumulative": false
    },
    {
        "date": "2020-12-08T10:59:09.157Z",
        "value": "0.05537676811218262",
        "cumulative": false
    },
    {
        "date": "2020-12-08T10:59:14.545Z",
        "value": "0.052752017974853516",
        "cumulative": false
    },
    {
        "date": "2020-12-08T10:59:19.942Z",
        "value": "0.05422496795654297",
        "cumulative": false
    },
    {
        "date": "2020-12-08T10:59:25.444Z",
        "value": "0.055167198181152344",
        "cumulative": false
    }
]