[
    {
        "date": "2020-12-08T10:58:16.401Z",
        "value": "2.469156265258789",
        "cumulative": false
    },
    {
        "date": "2020-12-08T10:58:17.629Z",
        "value": "2.0704822540283203",
        "cumulative": false
    },
    {
        "date": "2020-12-08T10:58:18.797Z",
        "value": "1.9433236122131348",
        "cumulative": false
    },
    {
        "date": "2020-12-08T10:58:19.973Z",
        "value": "1.6752665042877197",
        "cumulative": false
    },
    {
        "date": "2020-12-08T10:58:21.726Z",
        "value": "1.7716479301452637",
        "cumulative": false
    },
    {
        "date": "2020-12-08T10:58:22.924Z",
        "value": "1.6193205118179321",
        "cumulative": false
    },
    {
        "date": "2020-12-08T10:58:24.085Z",
        "value": "1.563895344734192",
        "cumulative": false
    },
    {
        "date": "2020-12-08T10:58:25.243Z",
        "value": "1.4531676769256592",
        "cumulative": false
    },
    {
        "date": "2020-12-08T10:58:26.982Z",
        "value": "1.4549390077590942",
        "cumulative": false
    },
    {
        "date": "2020-12-08T10:58:28.193Z",
        "value": "1.2726668119430542",
        "cumulative": false
    },
    {
        "date": "2020-12-08T10:58:29.389Z",
        "value": "1.307108998298645",
        "cumulative": false
    },
    {
        "date": "2020-12-08T10:58:30.585Z",
        "value": "1.2783886194229126",
        "cumulative": false
    },
    {
        "date": "2020-12-08T10:58:32.325Z",
        "value": "1.2576404809951782",
        "cumulative": false
    },
    {
        "date": "2020-12-08T10:58:33.528Z",
        "value": "0.8926821947097778",
        "cumulative": false
    },
    {
        "date": "2020-12-08T10:58:34.723Z",
        "value": "1.0012167692184448",
        "cumulative": false
    },
    {
        "date": "2020-12-08T10:58:35.904Z",
        "value": "0.8626200556755066",
        "cumulative": false
    },
    {
        "date": "2020-12-08T10:58:37.644Z",
        "value": "0.7636346817016602",
        "cumulative": false
    },
    {
        "date": "2020-12-08T10:58:38.849Z",
        "value": "1.0209881067276",
        "cumulative": false
    },
    {
        "date": "2020-12-08T10:58:40.082Z",
        "value": "0.8543812036514282",
        "cumulative": false
    },
    {
        "date": "2020-12-08T10:58:41.279Z",
        "value": "0.9003206491470337",
        "cumulative": false
    },
    {
        "date": "2020-12-08T10:58:43.076Z",
        "value": "0.9381091594696045",
        "cumulative": false
    },
    {
        "date": "2020-12-08T10:58:44.277Z",
        "value": "0.7578487396240234",
        "cumulative": false
    },
    {
        "date": "2020-12-08T10:58:45.465Z",
        "value": "0.713024377822876",
        "cumulative": false
    },
    {
        "date": "2020-12-08T10:58:46.636Z",
        "value": "0.7336844205856323",
        "cumulative": false
    },
    {
        "date": "2020-12-08T10:58:48.443Z",
        "value": "0.6955204010009766",
        "cumulative": false
    },
    {
        "date": "2020-12-08T10:58:49.633Z",
        "value": "0.7741645574569702",
        "cumulative": false
    },
    {
        "date": "2020-12-08T10:58:50.829Z",
        "value": "0.7029224038124084",
        "cumulative": false
    },
    {
        "date": "2020-12-08T10:58:52.028Z",
        "value": "0.5898911356925964",
        "cumulative": false
    },
    {
        "date": "2020-12-08T10:58:53.785Z",
        "value": "0.69538414478302",
        "cumulative": false
    },
    {
        "date": "2020-12-08T10:58:54.998Z",
        "value": "0.7423087954521179",
        "cumulative": false
    },
    {
        "date": "2020-12-08T10:58:56.181Z",
        "value": "0.5789195895195007",
        "cumulative": false
    },
    {
        "date": "2020-12-08T10:58:57.384Z",
        "value": "0.8165931105613708",
        "cumulative": false
    },
    {
        "date": "2020-12-08T10:58:59.177Z",
        "value": "0.7524957060813904",
        "cumulative": false
    },
    {
        "date": "2020-12-08T10:59:00.406Z",
        "value": "0.4701015055179596",
        "cumulative": false
    },
    {
        "date": "2020-12-08T10:59:01.577Z",
        "value": "0.5230080485343933",
        "cumulative": false
    },
    {
        "date": "2020-12-08T10:59:02.768Z",
        "value": "0.741662323474884",
        "cumulative": false
    },
    {
        "date": "2020-12-08T10:59:04.527Z",
        "value": "0.5701683163642883",
        "cumulative": false
    },
    {
        "date": "2020-12-08T10:59:05.738Z",
        "value": "0.5243217945098877",
        "cumulative": false
    },
    {
        "date": "2020-12-08T10:59:06.929Z",
        "value": "0.4324047863483429",
        "cumulative": false
    },
    {
        "date": "2020-12-08T10:59:08.111Z",
        "value": "0.4931393265724182",
        "cumulative": false
    },
    {
        "date": "2020-12-08T10:59:09.893Z",
        "value": "0.4249687194824219",
        "cumulative": false
    },
    {
        "date": "2020-12-08T10:59:11.106Z",
        "value": "0.4765453636646271",
        "cumulative": false
    },
    {
        "date": "2020-12-08T10:59:12.296Z",
        "value": "0.39862626791000366",
        "cumulative": false
    },
    {
        "date": "2020-12-08T10:59:13.472Z",
        "value": "0.49250704050064087",
        "cumulative": false
    },
    {
        "date": "2020-12-08T10:59:15.269Z",
        "value": "0.4451158344745636",
        "cumulative": false
    },
    {
        "date": "2020-12-08T10:59:16.482Z",
        "value": "0.30101993680000305",
        "cumulative": false
    },
    {
        "date": "2020-12-08T10:59:17.683Z",
        "value": "0.4855726957321167",
        "cumulative": false
    },
    {
        "date": "2020-12-08T10:59:18.890Z",
        "value": "0.3301461338996887",
        "cumulative": false
    },
    {
        "date": "2020-12-08T10:59:20.696Z",
        "value": "0.43455836176872253",
        "cumulative": false
    },
    {
        "date": "2020-12-08T10:59:21.932Z",
        "value": "0.3664422333240509",
        "cumulative": false
    },
    {
        "date": "2020-12-08T10:59:23.123Z",
        "value": "0.5197452902793884",
        "cumulative": false
    },
    {
        "date": "2020-12-08T10:59:24.386Z",
        "value": "0.535688579082489",
        "cumulative": false
    }
]