[
    {
        "date": "2020-12-08T10:56:53.533Z",
        "value": "4.156832695007324",
        "cumulative": false
    },
    {
        "date": "2020-12-08T10:57:03.595Z",
        "value": "3.8634214401245117",
        "cumulative": false
    },
    {
        "date": "2020-12-08T10:57:13.738Z",
        "value": "3.9334805011749268",
        "cumulative": false
    },
    {
        "date": "2020-12-08T10:57:23.938Z",
        "value": "4.041167736053467",
        "cumulative": false
    },
    {
        "date": "2020-12-08T10:57:33.997Z",
        "value": "3.891793727874756",
        "cumulative": false
    },
    {
        "date": "2020-12-08T10:57:44.158Z",
        "value": "3.9533584117889404",
        "cumulative": false
    },
    {
        "date": "2020-12-08T10:57:54.388Z",
        "value": "3.8561277389526367",
        "cumulative": false
    },
    {
        "date": "2020-12-08T10:58:04.531Z",
        "value": "3.8244619369506836",
        "cumulative": false
    },
    {
        "date": "2020-12-08T10:58:14.686Z",
        "value": "4.000924825668335",
        "cumulative": false
    },
    {
        "date": "2020-12-08T10:58:24.798Z",
        "value": "3.9166502952575684",
        "cumulative": false
    },
    {
        "date": "2020-12-08T10:58:34.949Z",
        "value": "4.152165412902832",
        "cumulative": false
    },
    {
        "date": "2020-12-08T10:58:44.902Z",
        "value": "3.9654173851013184",
        "cumulative": false
    }
]