[
    {
        "date": "2020-12-08T10:56:53.526Z",
        "value": "5.6688103675842285",
        "cumulative": false
    },
    {
        "date": "2020-12-08T10:57:03.590Z",
        "value": "1.5620770454406738",
        "cumulative": false
    },
    {
        "date": "2020-12-08T10:57:13.731Z",
        "value": "1.5775806903839111",
        "cumulative": false
    },
    {
        "date": "2020-12-08T10:57:23.943Z",
        "value": "1.587822437286377",
        "cumulative": false
    },
    {
        "date": "2020-12-08T10:57:34.004Z",
        "value": "1.5605878829956055",
        "cumulative": false
    },
    {
        "date": "2020-12-08T10:57:44.152Z",
        "value": "1.6294746398925781",
        "cumulative": false
    },
    {
        "date": "2020-12-08T10:57:54.382Z",
        "value": "1.5943541526794434",
        "cumulative": false
    },
    {
        "date": "2020-12-08T10:58:04.533Z",
        "value": "1.610102891921997",
        "cumulative": false
    },
    {
        "date": "2020-12-08T10:58:14.671Z",
        "value": "1.5565896034240723",
        "cumulative": false
    },
    {
        "date": "2020-12-08T10:58:24.799Z",
        "value": "1.5700597763061523",
        "cumulative": false
    },
    {
        "date": "2020-12-08T10:58:34.945Z",
        "value": "1.5159728527069092",
        "cumulative": false
    },
    {
        "date": "2020-12-08T10:58:44.890Z",
        "value": "1.5664596557617188",
        "cumulative": false
    }
]