[
    {
        "date": "2020-12-08T10:56:53.526Z",
        "value": "0.04447817802429199",
        "cumulative": false
    },
    {
        "date": "2020-12-08T10:57:03.590Z",
        "value": "0.044893503189086914",
        "cumulative": false
    },
    {
        "date": "2020-12-08T10:57:13.731Z",
        "value": "0.04617428779602051",
        "cumulative": false
    },
    {
        "date": "2020-12-08T10:57:23.943Z",
        "value": "0.045809030532836914",
        "cumulative": false
    },
    {
        "date": "2020-12-08T10:57:34.004Z",
        "value": "0.04511308670043945",
        "cumulative": false
    },
    {
        "date": "2020-12-08T10:57:44.152Z",
        "value": "0.0480496883392334",
        "cumulative": false
    },
    {
        "date": "2020-12-08T10:57:54.382Z",
        "value": "0.045533180236816406",
        "cumulative": false
    },
    {
        "date": "2020-12-08T10:58:04.533Z",
        "value": "0.04676461219787598",
        "cumulative": false
    },
    {
        "date": "2020-12-08T10:58:14.671Z",
        "value": "0.04410815238952637",
        "cumulative": false
    },
    {
        "date": "2020-12-08T10:58:24.799Z",
        "value": "0.04414176940917969",
        "cumulative": false
    },
    {
        "date": "2020-12-08T10:58:34.945Z",
        "value": "0.04277443885803223",
        "cumulative": false
    },
    {
        "date": "2020-12-08T10:58:44.890Z",
        "value": "0.04396176338195801",
        "cumulative": false
    }
]