[
    {
        "date": "2020-12-08T10:56:53.533Z",
        "value": "0.0005156993865966797",
        "cumulative": false
    },
    {
        "date": "2020-12-08T10:57:03.595Z",
        "value": "0.0005135536193847656",
        "cumulative": false
    },
    {
        "date": "2020-12-08T10:57:13.738Z",
        "value": "0.0005502700805664062",
        "cumulative": false
    },
    {
        "date": "2020-12-08T10:57:23.938Z",
        "value": "0.0005967617034912109",
        "cumulative": false
    },
    {
        "date": "2020-12-08T10:57:33.997Z",
        "value": "0.0005676746368408203",
        "cumulative": false
    },
    {
        "date": "2020-12-08T10:57:44.158Z",
        "value": "0.0005636215209960938",
        "cumulative": false
    },
    {
        "date": "2020-12-08T10:57:54.388Z",
        "value": "0.0005803108215332031",
        "cumulative": false
    },
    {
        "date": "2020-12-08T10:58:04.531Z",
        "value": "0.0005686283111572266",
        "cumulative": false
    },
    {
        "date": "2020-12-08T10:58:14.686Z",
        "value": "0.0005505084991455078",
        "cumulative": false
    },
    {
        "date": "2020-12-08T10:58:24.798Z",
        "value": "0.0005424022674560547",
        "cumulative": false
    },
    {
        "date": "2020-12-08T10:58:34.949Z",
        "value": "0.0005435943603515625",
        "cumulative": false
    },
    {
        "date": "2020-12-08T10:58:44.902Z",
        "value": "0.0005726814270019531",
        "cumulative": false
    }
]