[
    {
        "date": "2020-12-08T10:56:53.533Z",
        "value": "1.0645098686218262",
        "cumulative": false
    },
    {
        "date": "2020-12-08T10:57:03.595Z",
        "value": "1.03718900680542",
        "cumulative": false
    },
    {
        "date": "2020-12-08T10:57:13.738Z",
        "value": "1.1046960353851318",
        "cumulative": false
    },
    {
        "date": "2020-12-08T10:57:23.938Z",
        "value": "1.1238939762115479",
        "cumulative": false
    },
    {
        "date": "2020-12-08T10:57:33.997Z",
        "value": "1.0645101070404053",
        "cumulative": false
    },
    {
        "date": "2020-12-08T10:57:44.158Z",
        "value": "1.0939440727233887",
        "cumulative": false
    },
    {
        "date": "2020-12-08T10:57:54.388Z",
        "value": "1.0869300365447998",
        "cumulative": false
    },
    {
        "date": "2020-12-08T10:58:04.531Z",
        "value": "1.1020042896270752",
        "cumulative": false
    },
    {
        "date": "2020-12-08T10:58:14.686Z",
        "value": "1.0500102043151855",
        "cumulative": false
    },
    {
        "date": "2020-12-08T10:58:24.798Z",
        "value": "1.094054937362671",
        "cumulative": false
    },
    {
        "date": "2020-12-08T10:58:34.949Z",
        "value": "0.9973156452178955",
        "cumulative": false
    },
    {
        "date": "2020-12-08T10:58:44.902Z",
        "value": "1.0233495235443115",
        "cumulative": false
    }
]