[
    {
        "date": "2020-12-08T10:56:44.593Z",
        "value": "10.9375",
        "cumulative": false
    },
    {
        "date": "2020-12-08T10:56:45.812Z",
        "value": "21.875",
        "cumulative": false
    },
    {
        "date": "2020-12-08T10:56:46.891Z",
        "value": "32.8125",
        "cumulative": false
    },
    {
        "date": "2020-12-08T10:56:47.997Z",
        "value": "32.03125",
        "cumulative": false
    },
    {
        "date": "2020-12-08T10:56:49.168Z",
        "value": "32.03125",
        "cumulative": false
    },
    {
        "date": "2020-12-08T10:56:50.334Z",
        "value": "41.40625",
        "cumulative": false
    },
    {
        "date": "2020-12-08T10:56:51.462Z",
        "value": "39.0625",
        "cumulative": false
    },
    {
        "date": "2020-12-08T10:56:52.618Z",
        "value": "43.75",
        "cumulative": false
    },
    {
        "date": "2020-12-08T10:56:54.685Z",
        "value": "54.6875",
        "cumulative": false
    },
    {
        "date": "2020-12-08T10:56:55.807Z",
        "value": "47.65625",
        "cumulative": false
    },
    {
        "date": "2020-12-08T10:56:56.947Z",
        "value": "40.625",
        "cumulative": false
    },
    {
        "date": "2020-12-08T10:56:58.083Z",
        "value": "52.34375",
        "cumulative": false
    },
    {
        "date": "2020-12-08T10:56:59.218Z",
        "value": "44.53125",
        "cumulative": false
    },
    {
        "date": "2020-12-08T10:57:00.341Z",
        "value": "52.34375",
        "cumulative": false
    },
    {
        "date": "2020-12-08T10:57:01.504Z",
        "value": "56.25",
        "cumulative": false
    },
    {
        "date": "2020-12-08T10:57:02.685Z",
        "value": "54.6875",
        "cumulative": false
    },
    {
        "date": "2020-12-08T10:57:04.745Z",
        "value": "52.34375",
        "cumulative": false
    },
    {
        "date": "2020-12-08T10:57:05.859Z",
        "value": "56.25",
        "cumulative": false
    },
    {
        "date": "2020-12-08T10:57:07.015Z",
        "value": "58.59375",
        "cumulative": false
    },
    {
        "date": "2020-12-08T10:57:08.190Z",
        "value": "62.5",
        "cumulative": false
    },
    {
        "date": "2020-12-08T10:57:09.376Z",
        "value": "60.9375",
        "cumulative": false
    },
    {
        "date": "2020-12-08T10:57:10.519Z",
        "value": "59.375",
        "cumulative": false
    },
    {
        "date": "2020-12-08T10:57:11.665Z",
        "value": "70.3125",
        "cumulative": false
    },
    {
        "date": "2020-12-08T10:57:12.821Z",
        "value": "60.15625",
        "cumulative": false
    },
    {
        "date": "2020-12-08T10:57:14.897Z",
        "value": "71.09375",
        "cumulative": false
    },
    {
        "date": "2020-12-08T10:57:16.043Z",
        "value": "69.53125",
        "cumulative": false
    },
    {
        "date": "2020-12-08T10:57:17.218Z",
        "value": "55.46875",
        "cumulative": false
    },
    {
        "date": "2020-12-08T10:57:18.379Z",
        "value": "63.28125",
        "cumulative": false
    },
    {
        "date": "2020-12-08T10:57:19.525Z",
        "value": "67.1875",
        "cumulative": false
    },
    {
        "date": "2020-12-08T10:57:20.682Z",
        "value": "75.78125",
        "cumulative": false
    },
    {
        "date": "2020-12-08T10:57:21.865Z",
        "value": "66.40625",
        "cumulative": false
    },
    {
        "date": "2020-12-08T10:57:23.028Z",
        "value": "67.96875",
        "cumulative": false
    },
    {
        "date": "2020-12-08T10:57:25.096Z",
        "value": "67.96875",
        "cumulative": false
    },
    {
        "date": "2020-12-08T10:57:26.238Z",
        "value": "70.3125",
        "cumulative": false
    },
    {
        "date": "2020-12-08T10:57:27.361Z",
        "value": "64.84375",
        "cumulative": false
    },
    {
        "date": "2020-12-08T10:57:28.509Z",
        "value": "68.75",
        "cumulative": false
    },
    {
        "date": "2020-12-08T10:57:29.654Z",
        "value": "77.34375",
        "cumulative": false
    },
    {
        "date": "2020-12-08T10:57:30.777Z",
        "value": "75.0",
        "cumulative": false
    },
    {
        "date": "2020-12-08T10:57:31.963Z",
        "value": "72.65625",
        "cumulative": false
    },
    {
        "date": "2020-12-08T10:57:33.099Z",
        "value": "70.3125",
        "cumulative": false
    },
    {
        "date": "2020-12-08T10:57:35.106Z",
        "value": "70.3125",
        "cumulative": false
    },
    {
        "date": "2020-12-08T10:57:36.219Z",
        "value": "75.78125",
        "cumulative": false
    },
    {
        "date": "2020-12-08T10:57:37.388Z",
        "value": "77.34375",
        "cumulative": false
    },
    {
        "date": "2020-12-08T10:57:38.560Z",
        "value": "78.90625",
        "cumulative": false
    },
    {
        "date": "2020-12-08T10:57:39.746Z",
        "value": "71.875",
        "cumulative": false
    },
    {
        "date": "2020-12-08T10:57:40.916Z",
        "value": "71.875",
        "cumulative": false
    },
    {
        "date": "2020-12-08T10:57:42.079Z",
        "value": "75.0",
        "cumulative": false
    },
    {
        "date": "2020-12-08T10:57:43.224Z",
        "value": "77.34375",
        "cumulative": false
    },
    {
        "date": "2020-12-08T10:57:45.271Z",
        "value": "79.6875",
        "cumulative": false
    },
    {
        "date": "2020-12-08T10:57:46.493Z",
        "value": "71.875",
        "cumulative": false
    },
    {
        "date": "2020-12-08T10:57:47.677Z",
        "value": "67.96875",
        "cumulative": false
    },
    {
        "date": "2020-12-08T10:57:48.867Z",
        "value": "80.46875",
        "cumulative": false
    },
    {
        "date": "2020-12-08T10:57:50.048Z",
        "value": "76.5625",
        "cumulative": false
    },
    {
        "date": "2020-12-08T10:57:51.198Z",
        "value": "75.78125",
        "cumulative": false
    },
    {
        "date": "2020-12-08T10:57:52.343Z",
        "value": "77.34375",
        "cumulative": false
    },
    {
        "date": "2020-12-08T10:57:53.470Z",
        "value": "79.6875",
        "cumulative": false
    },
    {
        "date": "2020-12-08T10:57:55.521Z",
        "value": "77.34375",
        "cumulative": false
    },
    {
        "date": "2020-12-08T10:57:56.688Z",
        "value": "83.59375",
        "cumulative": false
    },
    {
        "date": "2020-12-08T10:57:57.843Z",
        "value": "72.65625",
        "cumulative": false
    },
    {
        "date": "2020-12-08T10:57:59.003Z",
        "value": "79.6875",
        "cumulative": false
    },
    {
        "date": "2020-12-08T10:58:00.149Z",
        "value": "74.21875",
        "cumulative": false
    },
    {
        "date": "2020-12-08T10:58:01.305Z",
        "value": "79.6875",
        "cumulative": false
    },
    {
        "date": "2020-12-08T10:58:02.457Z",
        "value": "81.25",
        "cumulative": false
    },
    {
        "date": "2020-12-08T10:58:03.619Z",
        "value": "76.5625",
        "cumulative": false
    },
    {
        "date": "2020-12-08T10:58:05.719Z",
        "value": "78.90625",
        "cumulative": false
    },
    {
        "date": "2020-12-08T10:58:06.894Z",
        "value": "85.9375",
        "cumulative": false
    },
    {
        "date": "2020-12-08T10:58:08.062Z",
        "value": "79.6875",
        "cumulative": false
    },
    {
        "date": "2020-12-08T10:58:09.206Z",
        "value": "80.46875",
        "cumulative": false
    },
    {
        "date": "2020-12-08T10:58:10.338Z",
        "value": "83.59375",
        "cumulative": false
    },
    {
        "date": "2020-12-08T10:58:11.477Z",
        "value": "72.65625",
        "cumulative": false
    },
    {
        "date": "2020-12-08T10:58:12.636Z",
        "value": "85.9375",
        "cumulative": false
    },
    {
        "date": "2020-12-08T10:58:13.783Z",
        "value": "81.25",
        "cumulative": false
    },
    {
        "date": "2020-12-08T10:58:15.807Z",
        "value": "82.8125",
        "cumulative": false
    },
    {
        "date": "2020-12-08T10:58:16.979Z",
        "value": "78.125",
        "cumulative": false
    },
    {
        "date": "2020-12-08T10:58:18.108Z",
        "value": "78.90625",
        "cumulative": false
    },
    {
        "date": "2020-12-08T10:58:19.276Z",
        "value": "84.375",
        "cumulative": false
    },
    {
        "date": "2020-12-08T10:58:20.427Z",
        "value": "82.8125",
        "cumulative": false
    },
    {
        "date": "2020-12-08T10:58:21.545Z",
        "value": "78.90625",
        "cumulative": false
    },
    {
        "date": "2020-12-08T10:58:22.678Z",
        "value": "82.03125",
        "cumulative": false
    },
    {
        "date": "2020-12-08T10:58:23.855Z",
        "value": "83.59375",
        "cumulative": false
    },
    {
        "date": "2020-12-08T10:58:25.881Z",
        "value": "76.5625",
        "cumulative": false
    },
    {
        "date": "2020-12-08T10:58:27.072Z",
        "value": "83.59375",
        "cumulative": false
    },
    {
        "date": "2020-12-08T10:58:28.214Z",
        "value": "85.15625",
        "cumulative": false
    },
    {
        "date": "2020-12-08T10:58:29.342Z",
        "value": "78.125",
        "cumulative": false
    },
    {
        "date": "2020-12-08T10:58:30.669Z",
        "value": "85.15625",
        "cumulative": false
    },
    {
        "date": "2020-12-08T10:58:31.767Z",
        "value": "82.03125",
        "cumulative": false
    },
    {
        "date": "2020-12-08T10:58:32.900Z",
        "value": "80.46875",
        "cumulative": false
    },
    {
        "date": "2020-12-08T10:58:34.041Z",
        "value": "80.46875",
        "cumulative": false
    },
    {
        "date": "2020-12-08T10:58:36.050Z",
        "value": "82.8125",
        "cumulative": false
    },
    {
        "date": "2020-12-08T10:58:37.208Z",
        "value": "87.5",
        "cumulative": false
    },
    {
        "date": "2020-12-08T10:58:38.351Z",
        "value": "81.25",
        "cumulative": false
    },
    {
        "date": "2020-12-08T10:58:39.493Z",
        "value": "85.9375",
        "cumulative": false
    },
    {
        "date": "2020-12-08T10:58:40.615Z",
        "value": "87.5",
        "cumulative": false
    },
    {
        "date": "2020-12-08T10:58:41.739Z",
        "value": "77.34375",
        "cumulative": false
    },
    {
        "date": "2020-12-08T10:58:42.855Z",
        "value": "83.59375",
        "cumulative": false
    },
    {
        "date": "2020-12-08T10:58:43.983Z",
        "value": "82.8125",
        "cumulative": false
    }
]