[
    {
        "date": "2020-12-08T10:56:53.526Z",
        "value": "12.982290029525757",
        "cumulative": false
    },
    {
        "date": "2020-12-08T10:57:03.590Z",
        "value": "8.795360565185547",
        "cumulative": false
    },
    {
        "date": "2020-12-08T10:57:13.731Z",
        "value": "8.866117715835571",
        "cumulative": false
    },
    {
        "date": "2020-12-08T10:57:23.943Z",
        "value": "8.916314840316772",
        "cumulative": false
    },
    {
        "date": "2020-12-08T10:57:34.004Z",
        "value": "8.799208641052246",
        "cumulative": false
    },
    {
        "date": "2020-12-08T10:57:44.152Z",
        "value": "8.912539005279541",
        "cumulative": false
    },
    {
        "date": "2020-12-08T10:57:54.381Z",
        "value": "8.985874652862549",
        "cumulative": false
    },
    {
        "date": "2020-12-08T10:58:04.533Z",
        "value": "8.885004997253418",
        "cumulative": false
    },
    {
        "date": "2020-12-08T10:58:14.670Z",
        "value": "8.830648422241211",
        "cumulative": false
    },
    {
        "date": "2020-12-08T10:58:24.799Z",
        "value": "8.868090867996216",
        "cumulative": false
    },
    {
        "date": "2020-12-08T10:58:34.945Z",
        "value": "8.934255361557007",
        "cumulative": false
    },
    {
        "date": "2020-12-08T10:58:44.890Z",
        "value": "8.714393377304077",
        "cumulative": false
    }
]