[
    {
        "date": "2020-12-08T10:56:44.586Z",
        "value": "2.520179033279419",
        "cumulative": false
    },
    {
        "date": "2020-12-08T10:56:45.805Z",
        "value": "2.036770820617676",
        "cumulative": false
    },
    {
        "date": "2020-12-08T10:56:46.886Z",
        "value": "1.734024167060852",
        "cumulative": false
    },
    {
        "date": "2020-12-08T10:56:47.991Z",
        "value": "1.7138981819152832",
        "cumulative": false
    },
    {
        "date": "2020-12-08T10:56:49.161Z",
        "value": "1.7795445919036865",
        "cumulative": false
    },
    {
        "date": "2020-12-08T10:56:50.324Z",
        "value": "1.645564079284668",
        "cumulative": false
    },
    {
        "date": "2020-12-08T10:56:51.456Z",
        "value": "1.622352123260498",
        "cumulative": false
    },
    {
        "date": "2020-12-08T10:56:52.613Z",
        "value": "1.6394779682159424",
        "cumulative": false
    },
    {
        "date": "2020-12-08T10:56:54.676Z",
        "value": "1.3154101371765137",
        "cumulative": false
    },
    {
        "date": "2020-12-08T10:56:55.805Z",
        "value": "1.5165797472000122",
        "cumulative": false
    },
    {
        "date": "2020-12-08T10:56:56.937Z",
        "value": "1.0558534860610962",
        "cumulative": false
    },
    {
        "date": "2020-12-08T10:56:58.079Z",
        "value": "1.435327172279358",
        "cumulative": false
    },
    {
        "date": "2020-12-08T10:56:59.215Z",
        "value": "1.2757583856582642",
        "cumulative": false
    },
    {
        "date": "2020-12-08T10:57:00.336Z",
        "value": "1.3591378927230835",
        "cumulative": false
    },
    {
        "date": "2020-12-08T10:57:01.494Z",
        "value": "1.2974853515625",
        "cumulative": false
    },
    {
        "date": "2020-12-08T10:57:02.680Z",
        "value": "1.1918498277664185",
        "cumulative": false
    },
    {
        "date": "2020-12-08T10:57:04.740Z",
        "value": "1.102475881576538",
        "cumulative": false
    },
    {
        "date": "2020-12-08T10:57:05.854Z",
        "value": "1.124943733215332",
        "cumulative": false
    },
    {
        "date": "2020-12-08T10:57:07.015Z",
        "value": "1.1443049907684326",
        "cumulative": false
    },
    {
        "date": "2020-12-08T10:57:08.185Z",
        "value": "1.0012813806533813",
        "cumulative": false
    },
    {
        "date": "2020-12-08T10:57:09.371Z",
        "value": "1.0149922370910645",
        "cumulative": false
    },
    {
        "date": "2020-12-08T10:57:10.513Z",
        "value": "1.0786352157592773",
        "cumulative": false
    },
    {
        "date": "2020-12-08T10:57:11.660Z",
        "value": "1.1167449951171875",
        "cumulative": false
    },
    {
        "date": "2020-12-08T10:57:12.821Z",
        "value": "1.1077003479003906",
        "cumulative": false
    },
    {
        "date": "2020-12-08T10:57:14.890Z",
        "value": "1.0927808284759521",
        "cumulative": false
    },
    {
        "date": "2020-12-08T10:57:16.040Z",
        "value": "0.8152538537979126",
        "cumulative": false
    },
    {
        "date": "2020-12-08T10:57:17.208Z",
        "value": "0.9964929223060608",
        "cumulative": false
    },
    {
        "date": "2020-12-08T10:57:18.379Z",
        "value": "0.8443833589553833",
        "cumulative": false
    },
    {
        "date": "2020-12-08T10:57:19.514Z",
        "value": "0.9528393745422363",
        "cumulative": false
    },
    {
        "date": "2020-12-08T10:57:20.672Z",
        "value": "0.9370405673980713",
        "cumulative": false
    },
    {
        "date": "2020-12-08T10:57:21.866Z",
        "value": "0.8468067049980164",
        "cumulative": false
    },
    {
        "date": "2020-12-08T10:57:23.018Z",
        "value": "0.826007604598999",
        "cumulative": false
    },
    {
        "date": "2020-12-08T10:57:25.090Z",
        "value": "0.9383208751678467",
        "cumulative": false
    },
    {
        "date": "2020-12-08T10:57:26.238Z",
        "value": "0.8098401427268982",
        "cumulative": false
    },
    {
        "date": "2020-12-08T10:57:27.356Z",
        "value": "0.9630483388900757",
        "cumulative": false
    },
    {
        "date": "2020-12-08T10:57:28.510Z",
        "value": "0.7560592293739319",
        "cumulative": false
    },
    {
        "date": "2020-12-08T10:57:29.646Z",
        "value": "0.8796589970588684",
        "cumulative": false
    },
    {
        "date": "2020-12-08T10:57:30.772Z",
        "value": "1.0041991472244263",
        "cumulative": false
    },
    {
        "date": "2020-12-08T10:57:31.963Z",
        "value": "0.7233201861381531",
        "cumulative": false
    },
    {
        "date": "2020-12-08T10:57:33.095Z",
        "value": "0.9077373743057251",
        "cumulative": false
    },
    {
        "date": "2020-12-08T10:57:35.097Z",
        "value": "0.5637623071670532",
        "cumulative": false
    },
    {
        "date": "2020-12-08T10:57:36.215Z",
        "value": "0.8572327494621277",
        "cumulative": false
    },
    {
        "date": "2020-12-08T10:57:37.384Z",
        "value": "0.6036338806152344",
        "cumulative": false
    },
    {
        "date": "2020-12-08T10:57:38.550Z",
        "value": "0.5966672301292419",
        "cumulative": false
    },
    {
        "date": "2020-12-08T10:57:39.737Z",
        "value": "0.6641713380813599",
        "cumulative": false
    },
    {
        "date": "2020-12-08T10:57:40.917Z",
        "value": "0.565069854259491",
        "cumulative": false
    },
    {
        "date": "2020-12-08T10:57:42.070Z",
        "value": "0.6731593608856201",
        "cumulative": false
    },
    {
        "date": "2020-12-08T10:57:43.220Z",
        "value": "0.7507137656211853",
        "cumulative": false
    },
    {
        "date": "2020-12-08T10:57:45.262Z",
        "value": "0.725261390209198",
        "cumulative": false
    },
    {
        "date": "2020-12-08T10:57:46.489Z",
        "value": "0.625532329082489",
        "cumulative": false
    },
    {
        "date": "2020-12-08T10:57:47.669Z",
        "value": "0.5812492370605469",
        "cumulative": false
    },
    {
        "date": "2020-12-08T10:57:48.862Z",
        "value": "0.6104352474212646",
        "cumulative": false
    },
    {
        "date": "2020-12-08T10:57:50.048Z",
        "value": "0.6169213056564331",
        "cumulative": false
    },
    {
        "date": "2020-12-08T10:57:51.193Z",
        "value": "0.5261954665184021",
        "cumulative": false
    },
    {
        "date": "2020-12-08T10:57:52.340Z",
        "value": "0.6231197714805603",
        "cumulative": false
    },
    {
        "date": "2020-12-08T10:57:53.465Z",
        "value": "0.7654855847358704",
        "cumulative": false
    },
    {
        "date": "2020-12-08T10:57:55.515Z",
        "value": "0.49730971455574036",
        "cumulative": false
    },
    {
        "date": "2020-12-08T10:57:56.685Z",
        "value": "0.6555189490318298",
        "cumulative": false
    },
    {
        "date": "2020-12-08T10:57:57.838Z",
        "value": "0.5175918936729431",
        "cumulative": false
    },
    {
        "date": "2020-12-08T10:57:58.998Z",
        "value": "0.5397642254829407",
        "cumulative": false
    },
    {
        "date": "2020-12-08T10:58:00.144Z",
        "value": "0.5840674042701721",
        "cumulative": false
    },
    {
        "date": "2020-12-08T10:58:01.300Z",
        "value": "0.628349244594574",
        "cumulative": false
    },
    {
        "date": "2020-12-08T10:58:02.457Z",
        "value": "0.7567983865737915",
        "cumulative": false
    },
    {
        "date": "2020-12-08T10:58:03.620Z",
        "value": "0.6872437000274658",
        "cumulative": false
    },
    {
        "date": "2020-12-08T10:58:05.715Z",
        "value": "0.5324902534484863",
        "cumulative": false
    },
    {
        "date": "2020-12-08T10:58:06.887Z",
        "value": "0.5682328343391418",
        "cumulative": false
    },
    {
        "date": "2020-12-08T10:58:08.060Z",
        "value": "0.6889726519584656",
        "cumulative": false
    },
    {
        "date": "2020-12-08T10:58:09.200Z",
        "value": "0.4695134162902832",
        "cumulative": false
    },
    {
        "date": "2020-12-08T10:58:10.339Z",
        "value": "0.5746033191680908",
        "cumulative": false
    },
    {
        "date": "2020-12-08T10:58:11.478Z",
        "value": "0.6084197163581848",
        "cumulative": false
    },
    {
        "date": "2020-12-08T10:58:12.637Z",
        "value": "0.6399120688438416",
        "cumulative": false
    },
    {
        "date": "2020-12-08T10:58:13.776Z",
        "value": "0.5784599184989929",
        "cumulative": false
    },
    {
        "date": "2020-12-08T10:58:15.802Z",
        "value": "0.6398380994796753",
        "cumulative": false
    },
    {
        "date": "2020-12-08T10:58:16.974Z",
        "value": "0.5771108269691467",
        "cumulative": false
    },
    {
        "date": "2020-12-08T10:58:18.099Z",
        "value": "0.511282742023468",
        "cumulative": false
    },
    {
        "date": "2020-12-08T10:58:19.267Z",
        "value": "0.5215955972671509",
        "cumulative": false
    },
    {
        "date": "2020-12-08T10:58:20.420Z",
        "value": "0.3984993100166321",
        "cumulative": false
    },
    {
        "date": "2020-12-08T10:58:21.541Z",
        "value": "0.5691233277320862",
        "cumulative": false
    },
    {
        "date": "2020-12-08T10:58:22.671Z",
        "value": "0.47217315435409546",
        "cumulative": false
    },
    {
        "date": "2020-12-08T10:58:23.855Z",
        "value": "0.554707944393158",
        "cumulative": false
    },
    {
        "date": "2020-12-08T10:58:25.873Z",
        "value": "0.5971247553825378",
        "cumulative": false
    },
    {
        "date": "2020-12-08T10:58:27.063Z",
        "value": "0.4360620379447937",
        "cumulative": false
    },
    {
        "date": "2020-12-08T10:58:28.210Z",
        "value": "0.44091200828552246",
        "cumulative": false
    },
    {
        "date": "2020-12-08T10:58:29.333Z",
        "value": "0.5136945843696594",
        "cumulative": false
    },
    {
        "date": "2020-12-08T10:58:30.664Z",
        "value": "0.4596410393714905",
        "cumulative": false
    },
    {
        "date": "2020-12-08T10:58:31.762Z",
        "value": "0.46915847063064575",
        "cumulative": false
    },
    {
        "date": "2020-12-08T10:58:32.899Z",
        "value": "0.628029465675354",
        "cumulative": false
    },
    {
        "date": "2020-12-08T10:58:34.036Z",
        "value": "0.4310039281845093",
        "cumulative": false
    },
    {
        "date": "2020-12-08T10:58:36.045Z",
        "value": "0.5468952655792236",
        "cumulative": false
    },
    {
        "date": "2020-12-08T10:58:37.204Z",
        "value": "0.4850391745567322",
        "cumulative": false
    },
    {
        "date": "2020-12-08T10:58:38.353Z",
        "value": "0.38439294695854187",
        "cumulative": false
    },
    {
        "date": "2020-12-08T10:58:39.485Z",
        "value": "0.5280253887176514",
        "cumulative": false
    },
    {
        "date": "2020-12-08T10:58:40.616Z",
        "value": "0.4319871664047241",
        "cumulative": false
    },
    {
        "date": "2020-12-08T10:58:41.739Z",
        "value": "0.5730894804000854",
        "cumulative": false
    },
    {
        "date": "2020-12-08T10:58:42.851Z",
        "value": "0.3785824179649353",
        "cumulative": false
    },
    {
        "date": "2020-12-08T10:58:43.974Z",
        "value": "0.5013145804405212",
        "cumulative": false
    }
]