[
    {
        "date": "2020-12-08T10:56:53.526Z",
        "value": "0.0005774497985839844",
        "cumulative": false
    },
    {
        "date": "2020-12-08T10:57:03.590Z",
        "value": "0.0006074905395507812",
        "cumulative": false
    },
    {
        "date": "2020-12-08T10:57:13.731Z",
        "value": "0.0005853176116943359",
        "cumulative": false
    },
    {
        "date": "2020-12-08T10:57:23.943Z",
        "value": "0.0006244182586669922",
        "cumulative": false
    },
    {
        "date": "2020-12-08T10:57:34.004Z",
        "value": "0.0006074905395507812",
        "cumulative": false
    },
    {
        "date": "2020-12-08T10:57:44.152Z",
        "value": "0.0006122589111328125",
        "cumulative": false
    },
    {
        "date": "2020-12-08T10:57:54.382Z",
        "value": "0.0006277561187744141",
        "cumulative": false
    },
    {
        "date": "2020-12-08T10:58:04.533Z",
        "value": "0.0006232261657714844",
        "cumulative": false
    },
    {
        "date": "2020-12-08T10:58:14.671Z",
        "value": "0.0005841255187988281",
        "cumulative": false
    },
    {
        "date": "2020-12-08T10:58:24.799Z",
        "value": "0.0005884170532226562",
        "cumulative": false
    },
    {
        "date": "2020-12-08T10:58:34.946Z",
        "value": "0.0006098747253417969",
        "cumulative": false
    },
    {
        "date": "2020-12-08T10:58:44.891Z",
        "value": "0.0006411075592041016",
        "cumulative": false
    }
]