[
    {
        "date": "2020-12-08T10:56:53.526Z",
        "value": "1.4077372550964355",
        "cumulative": false
    },
    {
        "date": "2020-12-08T10:57:03.590Z",
        "value": "1.446606159210205",
        "cumulative": false
    },
    {
        "date": "2020-12-08T10:57:13.731Z",
        "value": "1.450589895248413",
        "cumulative": false
    },
    {
        "date": "2020-12-08T10:57:23.943Z",
        "value": "1.4836878776550293",
        "cumulative": false
    },
    {
        "date": "2020-12-08T10:57:34.004Z",
        "value": "1.4552223682403564",
        "cumulative": false
    },
    {
        "date": "2020-12-08T10:57:44.152Z",
        "value": "1.4965620040893555",
        "cumulative": false
    },
    {
        "date": "2020-12-08T10:57:54.382Z",
        "value": "1.5018775463104248",
        "cumulative": false
    },
    {
        "date": "2020-12-08T10:58:04.533Z",
        "value": "1.4844286441802979",
        "cumulative": false
    },
    {
        "date": "2020-12-08T10:58:14.671Z",
        "value": "1.4325065612792969",
        "cumulative": false
    },
    {
        "date": "2020-12-08T10:58:24.799Z",
        "value": "1.4546012878417969",
        "cumulative": false
    },
    {
        "date": "2020-12-08T10:58:34.945Z",
        "value": "1.4144032001495361",
        "cumulative": false
    },
    {
        "date": "2020-12-08T10:58:44.890Z",
        "value": "1.4272470474243164",
        "cumulative": false
    }
]