[
    {
        "date": "2020-12-08T10:56:53.526Z",
        "value": "1.0243442058563232",
        "cumulative": false
    },
    {
        "date": "2020-12-08T10:57:03.590Z",
        "value": "1.0493359565734863",
        "cumulative": false
    },
    {
        "date": "2020-12-08T10:57:13.731Z",
        "value": "1.0445914268493652",
        "cumulative": false
    },
    {
        "date": "2020-12-08T10:57:23.943Z",
        "value": "1.0336487293243408",
        "cumulative": false
    },
    {
        "date": "2020-12-08T10:57:34.004Z",
        "value": "1.0300540924072266",
        "cumulative": false
    },
    {
        "date": "2020-12-08T10:57:44.152Z",
        "value": "1.0719444751739502",
        "cumulative": false
    },
    {
        "date": "2020-12-08T10:57:54.382Z",
        "value": "1.0753402709960938",
        "cumulative": false
    },
    {
        "date": "2020-12-08T10:58:04.533Z",
        "value": "1.0482420921325684",
        "cumulative": false
    },
    {
        "date": "2020-12-08T10:58:14.671Z",
        "value": "1.0532639026641846",
        "cumulative": false
    },
    {
        "date": "2020-12-08T10:58:24.799Z",
        "value": "1.0622410774230957",
        "cumulative": false
    },
    {
        "date": "2020-12-08T10:58:34.945Z",
        "value": "1.0410606861114502",
        "cumulative": false
    },
    {
        "date": "2020-12-08T10:58:44.890Z",
        "value": "1.0185534954071045",
        "cumulative": false
    }
]