[
    {
        "date": "2020-12-08T10:56:44.591Z",
        "value": "2.4433867931365967",
        "cumulative": false
    },
    {
        "date": "2020-12-08T10:56:45.810Z",
        "value": "2.013723611831665",
        "cumulative": false
    },
    {
        "date": "2020-12-08T10:56:46.891Z",
        "value": "1.7088228464126587",
        "cumulative": false
    },
    {
        "date": "2020-12-08T10:56:47.997Z",
        "value": "1.792323350906372",
        "cumulative": false
    },
    {
        "date": "2020-12-08T10:56:49.168Z",
        "value": "1.7329941987991333",
        "cumulative": false
    },
    {
        "date": "2020-12-08T10:56:50.334Z",
        "value": "1.5947980880737305",
        "cumulative": false
    },
    {
        "date": "2020-12-08T10:56:51.461Z",
        "value": "1.5682449340820312",
        "cumulative": false
    },
    {
        "date": "2020-12-08T10:56:52.618Z",
        "value": "1.648474931716919",
        "cumulative": false
    },
    {
        "date": "2020-12-08T10:56:54.685Z",
        "value": "1.4494339227676392",
        "cumulative": false
    },
    {
        "date": "2020-12-08T10:56:55.807Z",
        "value": "1.4289053678512573",
        "cumulative": false
    },
    {
        "date": "2020-12-08T10:56:56.947Z",
        "value": "1.4536515474319458",
        "cumulative": false
    },
    {
        "date": "2020-12-08T10:56:58.083Z",
        "value": "1.2733138799667358",
        "cumulative": false
    },
    {
        "date": "2020-12-08T10:56:59.218Z",
        "value": "1.5396130084991455",
        "cumulative": false
    },
    {
        "date": "2020-12-08T10:57:00.341Z",
        "value": "1.3119940757751465",
        "cumulative": false
    },
    {
        "date": "2020-12-08T10:57:01.504Z",
        "value": "1.1630655527114868",
        "cumulative": false
    },
    {
        "date": "2020-12-08T10:57:02.685Z",
        "value": "1.103271722793579",
        "cumulative": false
    },
    {
        "date": "2020-12-08T10:57:04.745Z",
        "value": "1.293670654296875",
        "cumulative": false
    },
    {
        "date": "2020-12-08T10:57:05.859Z",
        "value": "1.1169888973236084",
        "cumulative": false
    },
    {
        "date": "2020-12-08T10:57:07.015Z",
        "value": "1.1531758308410645",
        "cumulative": false
    },
    {
        "date": "2020-12-08T10:57:08.190Z",
        "value": "0.8896943926811218",
        "cumulative": false
    },
    {
        "date": "2020-12-08T10:57:09.375Z",
        "value": "1.0823805332183838",
        "cumulative": false
    },
    {
        "date": "2020-12-08T10:57:10.518Z",
        "value": "0.9745215177536011",
        "cumulative": false
    },
    {
        "date": "2020-12-08T10:57:11.665Z",
        "value": "0.980607271194458",
        "cumulative": false
    },
    {
        "date": "2020-12-08T10:57:12.821Z",
        "value": "1.016981601715088",
        "cumulative": false
    },
    {
        "date": "2020-12-08T10:57:14.896Z",
        "value": "0.8612395524978638",
        "cumulative": false
    },
    {
        "date": "2020-12-08T10:57:16.042Z",
        "value": "0.8380306959152222",
        "cumulative": false
    },
    {
        "date": "2020-12-08T10:57:17.218Z",
        "value": "1.2233871221542358",
        "cumulative": false
    },
    {
        "date": "2020-12-08T10:57:18.379Z",
        "value": "1.019431710243225",
        "cumulative": false
    },
    {
        "date": "2020-12-08T10:57:19.525Z",
        "value": "0.9730131030082703",
        "cumulative": false
    },
    {
        "date": "2020-12-08T10:57:20.682Z",
        "value": "0.7365983724594116",
        "cumulative": false
    },
    {
        "date": "2020-12-08T10:57:21.865Z",
        "value": "0.9887632131576538",
        "cumulative": false
    },
    {
        "date": "2020-12-08T10:57:23.028Z",
        "value": "0.9479677677154541",
        "cumulative": false
    },
    {
        "date": "2020-12-08T10:57:25.096Z",
        "value": "0.8795428276062012",
        "cumulative": false
    },
    {
        "date": "2020-12-08T10:57:26.238Z",
        "value": "0.7978649735450745",
        "cumulative": false
    },
    {
        "date": "2020-12-08T10:57:27.361Z",
        "value": "1.0341252088546753",
        "cumulative": false
    },
    {
        "date": "2020-12-08T10:57:28.509Z",
        "value": "0.8328906893730164",
        "cumulative": false
    },
    {
        "date": "2020-12-08T10:57:29.654Z",
        "value": "0.7010578513145447",
        "cumulative": false
    },
    {
        "date": "2020-12-08T10:57:30.777Z",
        "value": "0.6845674514770508",
        "cumulative": false
    },
    {
        "date": "2020-12-08T10:57:31.963Z",
        "value": "0.7917184829711914",
        "cumulative": false
    },
    {
        "date": "2020-12-08T10:57:33.099Z",
        "value": "0.9708371162414551",
        "cumulative": false
    },
    {
        "date": "2020-12-08T10:57:35.106Z",
        "value": "0.808134913444519",
        "cumulative": false
    },
    {
        "date": "2020-12-08T10:57:36.219Z",
        "value": "0.8453847169876099",
        "cumulative": false
    },
    {
        "date": "2020-12-08T10:57:37.388Z",
        "value": "0.6634888052940369",
        "cumulative": false
    },
    {
        "date": "2020-12-08T10:57:38.560Z",
        "value": "0.6321738958358765",
        "cumulative": false
    },
    {
        "date": "2020-12-08T10:57:39.746Z",
        "value": "0.9220222234725952",
        "cumulative": false
    },
    {
        "date": "2020-12-08T10:57:40.916Z",
        "value": "0.7538025379180908",
        "cumulative": false
    },
    {
        "date": "2020-12-08T10:57:42.079Z",
        "value": "0.7488287687301636",
        "cumulative": false
    },
    {
        "date": "2020-12-08T10:57:43.224Z",
        "value": "0.6681599617004395",
        "cumulative": false
    },
    {
        "date": "2020-12-08T10:57:45.271Z",
        "value": "0.6124839186668396",
        "cumulative": false
    },
    {
        "date": "2020-12-08T10:57:46.492Z",
        "value": "0.7402801513671875",
        "cumulative": false
    },
    {
        "date": "2020-12-08T10:57:47.677Z",
        "value": "0.8753631114959717",
        "cumulative": false
    },
    {
        "date": "2020-12-08T10:57:48.867Z",
        "value": "0.5254196524620056",
        "cumulative": false
    },
    {
        "date": "2020-12-08T10:57:50.048Z",
        "value": "0.6965780854225159",
        "cumulative": false
    },
    {
        "date": "2020-12-08T10:57:51.198Z",
        "value": "0.7110893726348877",
        "cumulative": false
    },
    {
        "date": "2020-12-08T10:57:52.343Z",
        "value": "0.6799909472465515",
        "cumulative": false
    },
    {
        "date": "2020-12-08T10:57:53.469Z",
        "value": "0.6497983932495117",
        "cumulative": false
    },
    {
        "date": "2020-12-08T10:57:55.520Z",
        "value": "0.610562801361084",
        "cumulative": false
    },
    {
        "date": "2020-12-08T10:57:56.688Z",
        "value": "0.5064788460731506",
        "cumulative": false
    },
    {
        "date": "2020-12-08T10:57:57.843Z",
        "value": "0.7147866487503052",
        "cumulative": false
    },
    {
        "date": "2020-12-08T10:57:59.003Z",
        "value": "0.5831670165061951",
        "cumulative": false
    },
    {
        "date": "2020-12-08T10:58:00.149Z",
        "value": "0.7167362570762634",
        "cumulative": false
    },
    {
        "date": "2020-12-08T10:58:01.304Z",
        "value": "0.5229873657226562",
        "cumulative": false
    },
    {
        "date": "2020-12-08T10:58:02.457Z",
        "value": "0.4929673671722412",
        "cumulative": false
    },
    {
        "date": "2020-12-08T10:58:03.619Z",
        "value": "0.6968916654586792",
        "cumulative": false
    },
    {
        "date": "2020-12-08T10:58:05.719Z",
        "value": "0.555579662322998",
        "cumulative": false
    },
    {
        "date": "2020-12-08T10:58:06.893Z",
        "value": "0.4992523789405823",
        "cumulative": false
    },
    {
        "date": "2020-12-08T10:58:08.062Z",
        "value": "0.5948687195777893",
        "cumulative": false
    },
    {
        "date": "2020-12-08T10:58:09.206Z",
        "value": "0.4927115738391876",
        "cumulative": false
    },
    {
        "date": "2020-12-08T10:58:10.338Z",
        "value": "0.602864682674408",
        "cumulative": false
    },
    {
        "date": "2020-12-08T10:58:11.477Z",
        "value": "0.7795298099517822",
        "cumulative": false
    },
    {
        "date": "2020-12-08T10:58:12.636Z",
        "value": "0.5402376055717468",
        "cumulative": false
    },
    {
        "date": "2020-12-08T10:58:13.783Z",
        "value": "0.5174228549003601",
        "cumulative": false
    },
    {
        "date": "2020-12-08T10:58:15.807Z",
        "value": "0.5360256433486938",
        "cumulative": false
    },
    {
        "date": "2020-12-08T10:58:16.979Z",
        "value": "0.7177865505218506",
        "cumulative": false
    },
    {
        "date": "2020-12-08T10:58:18.108Z",
        "value": "0.6253995895385742",
        "cumulative": false
    },
    {
        "date": "2020-12-08T10:58:19.276Z",
        "value": "0.5417369604110718",
        "cumulative": false
    },
    {
        "date": "2020-12-08T10:58:20.427Z",
        "value": "0.5252619385719299",
        "cumulative": false
    },
    {
        "date": "2020-12-08T10:58:21.545Z",
        "value": "0.5643305778503418",
        "cumulative": false
    },
    {
        "date": "2020-12-08T10:58:22.678Z",
        "value": "0.5270887017250061",
        "cumulative": false
    },
    {
        "date": "2020-12-08T10:58:23.855Z",
        "value": "0.4432816207408905",
        "cumulative": false
    },
    {
        "date": "2020-12-08T10:58:25.881Z",
        "value": "0.5781379342079163",
        "cumulative": false
    },
    {
        "date": "2020-12-08T10:58:27.072Z",
        "value": "0.5130376219749451",
        "cumulative": false
    },
    {
        "date": "2020-12-08T10:58:28.213Z",
        "value": "0.4809035658836365",
        "cumulative": false
    },
    {
        "date": "2020-12-08T10:58:29.342Z",
        "value": "0.6557033658027649",
        "cumulative": false
    },
    {
        "date": "2020-12-08T10:58:30.669Z",
        "value": "0.4828629195690155",
        "cumulative": false
    },
    {
        "date": "2020-12-08T10:58:31.767Z",
        "value": "0.5407069325447083",
        "cumulative": false
    },
    {
        "date": "2020-12-08T10:58:32.900Z",
        "value": "0.5592785477638245",
        "cumulative": false
    },
    {
        "date": "2020-12-08T10:58:34.040Z",
        "value": "0.5648047924041748",
        "cumulative": false
    },
    {
        "date": "2020-12-08T10:58:36.050Z",
        "value": "0.5675494074821472",
        "cumulative": false
    },
    {
        "date": "2020-12-08T10:58:37.208Z",
        "value": "0.4924887418746948",
        "cumulative": false
    },
    {
        "date": "2020-12-08T10:58:38.351Z",
        "value": "0.4789904057979584",
        "cumulative": false
    },
    {
        "date": "2020-12-08T10:58:39.493Z",
        "value": "0.37379130721092224",
        "cumulative": false
    },
    {
        "date": "2020-12-08T10:58:40.615Z",
        "value": "0.4017668068408966",
        "cumulative": false
    },
    {
        "date": "2020-12-08T10:58:41.739Z",
        "value": "0.47195109724998474",
        "cumulative": false
    },
    {
        "date": "2020-12-08T10:58:42.855Z",
        "value": "0.4111578166484833",
        "cumulative": false
    },
    {
        "date": "2020-12-08T10:58:43.983Z",
        "value": "0.5030597448348999",
        "cumulative": false
    }
]