[
    {
        "date": "2020-12-08T10:56:53.533Z",
        "value": "12.988530158996582",
        "cumulative": false
    },
    {
        "date": "2020-12-08T10:57:03.595Z",
        "value": "8.803173542022705",
        "cumulative": false
    },
    {
        "date": "2020-12-08T10:57:13.738Z",
        "value": "8.88384461402893",
        "cumulative": false
    },
    {
        "date": "2020-12-08T10:57:23.938Z",
        "value": "8.944545269012451",
        "cumulative": false
    },
    {
        "date": "2020-12-08T10:57:33.997Z",
        "value": "8.797144412994385",
        "cumulative": false
    },
    {
        "date": "2020-12-08T10:57:44.157Z",
        "value": "8.917869329452515",
        "cumulative": false
    },
    {
        "date": "2020-12-08T10:57:54.388Z",
        "value": "8.99071717262268",
        "cumulative": false
    },
    {
        "date": "2020-12-08T10:58:04.531Z",
        "value": "8.899135112762451",
        "cumulative": false
    },
    {
        "date": "2020-12-08T10:58:14.686Z",
        "value": "8.853352785110474",
        "cumulative": false
    },
    {
        "date": "2020-12-08T10:58:24.798Z",
        "value": "8.893092155456543",
        "cumulative": false
    },
    {
        "date": "2020-12-08T10:58:34.949Z",
        "value": "8.958844900131226",
        "cumulative": false
    },
    {
        "date": "2020-12-08T10:58:44.901Z",
        "value": "8.726158380508423",
        "cumulative": false
    }
]