[
    {
        "date": "2020-12-08T10:56:53.533Z",
        "value": "0.10776472091674805",
        "cumulative": false
    },
    {
        "date": "2020-12-08T10:57:03.595Z",
        "value": "0.0994257926940918",
        "cumulative": false
    },
    {
        "date": "2020-12-08T10:57:13.738Z",
        "value": "0.09240841865539551",
        "cumulative": false
    },
    {
        "date": "2020-12-08T10:57:23.938Z",
        "value": "0.10515594482421875",
        "cumulative": false
    },
    {
        "date": "2020-12-08T10:57:33.997Z",
        "value": "0.08077383041381836",
        "cumulative": false
    },
    {
        "date": "2020-12-08T10:57:44.157Z",
        "value": "0.09055352210998535",
        "cumulative": false
    },
    {
        "date": "2020-12-08T10:57:54.388Z",
        "value": "0.10224199295043945",
        "cumulative": false
    },
    {
        "date": "2020-12-08T10:58:04.531Z",
        "value": "0.09291243553161621",
        "cumulative": false
    },
    {
        "date": "2020-12-08T10:58:14.686Z",
        "value": "0.0847935676574707",
        "cumulative": false
    },
    {
        "date": "2020-12-08T10:58:24.798Z",
        "value": "0.09362578392028809",
        "cumulative": false
    },
    {
        "date": "2020-12-08T10:58:34.949Z",
        "value": "0.10054993629455566",
        "cumulative": false
    },
    {
        "date": "2020-12-08T10:58:44.902Z",
        "value": "0.08325791358947754",
        "cumulative": false
    }
]