[
    {
        "date": "2020-12-08T10:56:53.526Z",
        "value": "0.13374638557434082",
        "cumulative": false
    },
    {
        "date": "2020-12-08T10:57:03.590Z",
        "value": "0.1352405548095703",
        "cumulative": false
    },
    {
        "date": "2020-12-08T10:57:13.731Z",
        "value": "0.13505315780639648",
        "cumulative": false
    },
    {
        "date": "2020-12-08T10:57:23.943Z",
        "value": "0.13560199737548828",
        "cumulative": false
    },
    {
        "date": "2020-12-08T10:57:34.004Z",
        "value": "0.13374829292297363",
        "cumulative": false
    },
    {
        "date": "2020-12-08T10:57:44.152Z",
        "value": "0.1378765106201172",
        "cumulative": false
    },
    {
        "date": "2020-12-08T10:57:54.382Z",
        "value": "0.1430211067199707",
        "cumulative": false
    },
    {
        "date": "2020-12-08T10:58:04.533Z",
        "value": "0.13759088516235352",
        "cumulative": false
    },
    {
        "date": "2020-12-08T10:58:14.671Z",
        "value": "0.1321403980255127",
        "cumulative": false
    },
    {
        "date": "2020-12-08T10:58:24.799Z",
        "value": "0.13201427459716797",
        "cumulative": false
    },
    {
        "date": "2020-12-08T10:58:34.945Z",
        "value": "0.1284041404724121",
        "cumulative": false
    },
    {
        "date": "2020-12-08T10:58:44.890Z",
        "value": "0.12676262855529785",
        "cumulative": false
    }
]