[
    {
        "date": "2020-12-08T10:56:44.587Z",
        "value": "12.5",
        "cumulative": false
    },
    {
        "date": "2020-12-08T10:56:45.807Z",
        "value": "18.75",
        "cumulative": false
    },
    {
        "date": "2020-12-08T10:56:46.886Z",
        "value": "27.34375",
        "cumulative": false
    },
    {
        "date": "2020-12-08T10:56:47.992Z",
        "value": "30.46875",
        "cumulative": false
    },
    {
        "date": "2020-12-08T10:56:49.161Z",
        "value": "32.8125",
        "cumulative": false
    },
    {
        "date": "2020-12-08T10:56:50.324Z",
        "value": "39.0625",
        "cumulative": false
    },
    {
        "date": "2020-12-08T10:56:51.456Z",
        "value": "35.9375",
        "cumulative": false
    },
    {
        "date": "2020-12-08T10:56:52.613Z",
        "value": "36.71875",
        "cumulative": false
    },
    {
        "date": "2020-12-08T10:56:54.676Z",
        "value": "53.90625",
        "cumulative": false
    },
    {
        "date": "2020-12-08T10:56:55.805Z",
        "value": "38.28125",
        "cumulative": false
    },
    {
        "date": "2020-12-08T10:56:56.937Z",
        "value": "67.1875",
        "cumulative": false
    },
    {
        "date": "2020-12-08T10:56:58.079Z",
        "value": "42.96875",
        "cumulative": false
    },
    {
        "date": "2020-12-08T10:56:59.215Z",
        "value": "58.59375",
        "cumulative": false
    },
    {
        "date": "2020-12-08T10:57:00.336Z",
        "value": "53.125",
        "cumulative": false
    },
    {
        "date": "2020-12-08T10:57:01.494Z",
        "value": "53.90625",
        "cumulative": false
    },
    {
        "date": "2020-12-08T10:57:02.680Z",
        "value": "61.71875",
        "cumulative": false
    },
    {
        "date": "2020-12-08T10:57:04.740Z",
        "value": "60.15625",
        "cumulative": false
    },
    {
        "date": "2020-12-08T10:57:05.854Z",
        "value": "60.9375",
        "cumulative": false
    },
    {
        "date": "2020-12-08T10:57:07.015Z",
        "value": "63.28125",
        "cumulative": false
    },
    {
        "date": "2020-12-08T10:57:08.185Z",
        "value": "62.5",
        "cumulative": false
    },
    {
        "date": "2020-12-08T10:57:09.371Z",
        "value": "65.625",
        "cumulative": false
    },
    {
        "date": "2020-12-08T10:57:10.513Z",
        "value": "64.0625",
        "cumulative": false
    },
    {
        "date": "2020-12-08T10:57:11.660Z",
        "value": "59.375",
        "cumulative": false
    },
    {
        "date": "2020-12-08T10:57:12.821Z",
        "value": "64.0625",
        "cumulative": false
    },
    {
        "date": "2020-12-08T10:57:14.890Z",
        "value": "58.59375",
        "cumulative": false
    },
    {
        "date": "2020-12-08T10:57:16.040Z",
        "value": "67.96875",
        "cumulative": false
    },
    {
        "date": "2020-12-08T10:57:17.208Z",
        "value": "66.40625",
        "cumulative": false
    },
    {
        "date": "2020-12-08T10:57:18.379Z",
        "value": "68.75",
        "cumulative": false
    },
    {
        "date": "2020-12-08T10:57:19.514Z",
        "value": "65.625",
        "cumulative": false
    },
    {
        "date": "2020-12-08T10:57:20.672Z",
        "value": "65.625",
        "cumulative": false
    },
    {
        "date": "2020-12-08T10:57:21.866Z",
        "value": "72.65625",
        "cumulative": false
    },
    {
        "date": "2020-12-08T10:57:23.018Z",
        "value": "65.625",
        "cumulative": false
    },
    {
        "date": "2020-12-08T10:57:25.090Z",
        "value": "71.09375",
        "cumulative": false
    },
    {
        "date": "2020-12-08T10:57:26.238Z",
        "value": "74.21875",
        "cumulative": false
    },
    {
        "date": "2020-12-08T10:57:27.356Z",
        "value": "67.96875",
        "cumulative": false
    },
    {
        "date": "2020-12-08T10:57:28.510Z",
        "value": "75.78125",
        "cumulative": false
    },
    {
        "date": "2020-12-08T10:57:29.646Z",
        "value": "69.53125",
        "cumulative": false
    },
    {
        "date": "2020-12-08T10:57:30.772Z",
        "value": "70.3125",
        "cumulative": false
    },
    {
        "date": "2020-12-08T10:57:31.963Z",
        "value": "78.125",
        "cumulative": false
    },
    {
        "date": "2020-12-08T10:57:33.095Z",
        "value": "67.1875",
        "cumulative": false
    },
    {
        "date": "2020-12-08T10:57:35.097Z",
        "value": "81.25",
        "cumulative": false
    },
    {
        "date": "2020-12-08T10:57:36.215Z",
        "value": "71.09375",
        "cumulative": false
    },
    {
        "date": "2020-12-08T10:57:37.384Z",
        "value": "78.90625",
        "cumulative": false
    },
    {
        "date": "2020-12-08T10:57:38.550Z",
        "value": "75.78125",
        "cumulative": false
    },
    {
        "date": "2020-12-08T10:57:39.737Z",
        "value": "73.4375",
        "cumulative": false
    },
    {
        "date": "2020-12-08T10:57:40.917Z",
        "value": "82.8125",
        "cumulative": false
    },
    {
        "date": "2020-12-08T10:57:42.070Z",
        "value": "78.90625",
        "cumulative": false
    },
    {
        "date": "2020-12-08T10:57:43.220Z",
        "value": "75.78125",
        "cumulative": false
    },
    {
        "date": "2020-12-08T10:57:45.262Z",
        "value": "72.65625",
        "cumulative": false
    },
    {
        "date": "2020-12-08T10:57:46.490Z",
        "value": "78.125",
        "cumulative": false
    },
    {
        "date": "2020-12-08T10:57:47.669Z",
        "value": "81.25",
        "cumulative": false
    },
    {
        "date": "2020-12-08T10:57:48.862Z",
        "value": "78.90625",
        "cumulative": false
    },
    {
        "date": "2020-12-08T10:57:50.048Z",
        "value": "74.21875",
        "cumulative": false
    },
    {
        "date": "2020-12-08T10:57:51.193Z",
        "value": "78.125",
        "cumulative": false
    },
    {
        "date": "2020-12-08T10:57:52.340Z",
        "value": "77.34375",
        "cumulative": false
    },
    {
        "date": "2020-12-08T10:57:53.465Z",
        "value": "72.65625",
        "cumulative": false
    },
    {
        "date": "2020-12-08T10:57:55.515Z",
        "value": "83.59375",
        "cumulative": false
    },
    {
        "date": "2020-12-08T10:57:56.686Z",
        "value": "75.78125",
        "cumulative": false
    },
    {
        "date": "2020-12-08T10:57:57.838Z",
        "value": "80.46875",
        "cumulative": false
    },
    {
        "date": "2020-12-08T10:57:58.999Z",
        "value": "77.34375",
        "cumulative": false
    },
    {
        "date": "2020-12-08T10:58:00.144Z",
        "value": "82.03125",
        "cumulative": false
    },
    {
        "date": "2020-12-08T10:58:01.300Z",
        "value": "78.90625",
        "cumulative": false
    },
    {
        "date": "2020-12-08T10:58:02.457Z",
        "value": "77.34375",
        "cumulative": false
    },
    {
        "date": "2020-12-08T10:58:03.620Z",
        "value": "73.4375",
        "cumulative": false
    },
    {
        "date": "2020-12-08T10:58:05.715Z",
        "value": "78.90625",
        "cumulative": false
    },
    {
        "date": "2020-12-08T10:58:06.887Z",
        "value": "82.8125",
        "cumulative": false
    },
    {
        "date": "2020-12-08T10:58:08.060Z",
        "value": "73.4375",
        "cumulative": false
    },
    {
        "date": "2020-12-08T10:58:09.200Z",
        "value": "84.375",
        "cumulative": false
    },
    {
        "date": "2020-12-08T10:58:10.339Z",
        "value": "79.6875",
        "cumulative": false
    },
    {
        "date": "2020-12-08T10:58:11.478Z",
        "value": "78.125",
        "cumulative": false
    },
    {
        "date": "2020-12-08T10:58:12.637Z",
        "value": "79.6875",
        "cumulative": false
    },
    {
        "date": "2020-12-08T10:58:13.776Z",
        "value": "79.6875",
        "cumulative": false
    },
    {
        "date": "2020-12-08T10:58:15.803Z",
        "value": "81.25",
        "cumulative": false
    },
    {
        "date": "2020-12-08T10:58:16.974Z",
        "value": "78.125",
        "cumulative": false
    },
    {
        "date": "2020-12-08T10:58:18.099Z",
        "value": "82.8125",
        "cumulative": false
    },
    {
        "date": "2020-12-08T10:58:19.267Z",
        "value": "82.03125",
        "cumulative": false
    },
    {
        "date": "2020-12-08T10:58:20.420Z",
        "value": "88.28125",
        "cumulative": false
    },
    {
        "date": "2020-12-08T10:58:21.541Z",
        "value": "78.90625",
        "cumulative": false
    },
    {
        "date": "2020-12-08T10:58:22.671Z",
        "value": "84.375",
        "cumulative": false
    },
    {
        "date": "2020-12-08T10:58:23.856Z",
        "value": "82.8125",
        "cumulative": false
    },
    {
        "date": "2020-12-08T10:58:25.873Z",
        "value": "78.90625",
        "cumulative": false
    },
    {
        "date": "2020-12-08T10:58:27.063Z",
        "value": "85.9375",
        "cumulative": false
    },
    {
        "date": "2020-12-08T10:58:28.210Z",
        "value": "85.15625",
        "cumulative": false
    },
    {
        "date": "2020-12-08T10:58:29.333Z",
        "value": "80.46875",
        "cumulative": false
    },
    {
        "date": "2020-12-08T10:58:30.664Z",
        "value": "85.9375",
        "cumulative": false
    },
    {
        "date": "2020-12-08T10:58:31.762Z",
        "value": "81.25",
        "cumulative": false
    },
    {
        "date": "2020-12-08T10:58:32.899Z",
        "value": "78.125",
        "cumulative": false
    },
    {
        "date": "2020-12-08T10:58:34.036Z",
        "value": "85.9375",
        "cumulative": false
    },
    {
        "date": "2020-12-08T10:58:36.045Z",
        "value": "78.125",
        "cumulative": false
    },
    {
        "date": "2020-12-08T10:58:37.204Z",
        "value": "84.375",
        "cumulative": false
    },
    {
        "date": "2020-12-08T10:58:38.353Z",
        "value": "88.28125",
        "cumulative": false
    },
    {
        "date": "2020-12-08T10:58:39.485Z",
        "value": "83.59375",
        "cumulative": false
    },
    {
        "date": "2020-12-08T10:58:40.616Z",
        "value": "83.59375",
        "cumulative": false
    },
    {
        "date": "2020-12-08T10:58:41.739Z",
        "value": "82.03125",
        "cumulative": false
    },
    {
        "date": "2020-12-08T10:58:42.851Z",
        "value": "87.5",
        "cumulative": false
    },
    {
        "date": "2020-12-08T10:58:43.974Z",
        "value": "83.59375",
        "cumulative": false
    }
]