[
    {
        "date": "2020-12-08T10:56:53.533Z",
        "value": "0.04515957832336426",
        "cumulative": false
    },
    {
        "date": "2020-12-08T10:57:03.595Z",
        "value": "0.046842098236083984",
        "cumulative": false
    },
    {
        "date": "2020-12-08T10:57:13.738Z",
        "value": "0.04543948173522949",
        "cumulative": false
    },
    {
        "date": "2020-12-08T10:57:23.938Z",
        "value": "0.04671454429626465",
        "cumulative": false
    },
    {
        "date": "2020-12-08T10:57:33.997Z",
        "value": "0.04567360877990723",
        "cumulative": false
    },
    {
        "date": "2020-12-08T10:57:44.158Z",
        "value": "0.04741024971008301",
        "cumulative": false
    },
    {
        "date": "2020-12-08T10:57:54.388Z",
        "value": "0.048000335693359375",
        "cumulative": false
    },
    {
        "date": "2020-12-08T10:58:04.531Z",
        "value": "0.04685163497924805",
        "cumulative": false
    },
    {
        "date": "2020-12-08T10:58:14.686Z",
        "value": "0.0443415641784668",
        "cumulative": false
    },
    {
        "date": "2020-12-08T10:58:24.798Z",
        "value": "0.04621553421020508",
        "cumulative": false
    },
    {
        "date": "2020-12-08T10:58:34.949Z",
        "value": "0.04368090629577637",
        "cumulative": false
    },
    {
        "date": "2020-12-08T10:58:44.902Z",
        "value": "0.042990922927856445",
        "cumulative": false
    }
]