[
    {
        "date": "2020-12-08T11:07:46.842Z",
        "value": "10.15625",
        "cumulative": false
    },
    {
        "date": "2020-12-08T11:07:48.274Z",
        "value": "26.5625",
        "cumulative": false
    },
    {
        "date": "2020-12-08T11:07:50.041Z",
        "value": "31.25",
        "cumulative": false
    },
    {
        "date": "2020-12-08T11:07:51.406Z",
        "value": "32.03125",
        "cumulative": false
    },
    {
        "date": "2020-12-08T11:07:53.171Z",
        "value": "48.4375",
        "cumulative": false
    },
    {
        "date": "2020-12-08T11:07:54.520Z",
        "value": "50.78125",
        "cumulative": false
    },
    {
        "date": "2020-12-08T11:07:56.319Z",
        "value": "52.34375",
        "cumulative": false
    },
    {
        "date": "2020-12-08T11:07:57.673Z",
        "value": "63.28125",
        "cumulative": false
    },
    {
        "date": "2020-12-08T11:07:59.460Z",
        "value": "53.125",
        "cumulative": false
    },
    {
        "date": "2020-12-08T11:08:00.821Z",
        "value": "60.9375",
        "cumulative": false
    },
    {
        "date": "2020-12-08T11:08:02.614Z",
        "value": "66.40625",
        "cumulative": false
    },
    {
        "date": "2020-12-08T11:08:04.008Z",
        "value": "71.875",
        "cumulative": false
    },
    {
        "date": "2020-12-08T11:08:05.781Z",
        "value": "67.96875",
        "cumulative": false
    },
    {
        "date": "2020-12-08T11:08:07.129Z",
        "value": "72.65625",
        "cumulative": false
    },
    {
        "date": "2020-12-08T11:08:08.897Z",
        "value": "74.21875",
        "cumulative": false
    },
    {
        "date": "2020-12-08T11:08:10.242Z",
        "value": "75.78125",
        "cumulative": false
    },
    {
        "date": "2020-12-08T11:08:12.012Z",
        "value": "81.25",
        "cumulative": false
    },
    {
        "date": "2020-12-08T11:08:13.418Z",
        "value": "75.78125",
        "cumulative": false
    },
    {
        "date": "2020-12-08T11:08:15.262Z",
        "value": "85.9375",
        "cumulative": false
    },
    {
        "date": "2020-12-08T11:08:16.596Z",
        "value": "78.125",
        "cumulative": false
    },
    {
        "date": "2020-12-08T11:08:18.402Z",
        "value": "73.4375",
        "cumulative": false
    },
    {
        "date": "2020-12-08T11:08:19.762Z",
        "value": "84.375",
        "cumulative": false
    },
    {
        "date": "2020-12-08T11:08:21.588Z",
        "value": "81.25",
        "cumulative": false
    },
    {
        "date": "2020-12-08T11:08:22.955Z",
        "value": "82.8125",
        "cumulative": false
    },
    {
        "date": "2020-12-08T11:08:24.788Z",
        "value": "76.5625",
        "cumulative": false
    },
    {
        "date": "2020-12-08T11:08:26.125Z",
        "value": "85.9375",
        "cumulative": false
    },
    {
        "date": "2020-12-08T11:08:27.941Z",
        "value": "80.46875",
        "cumulative": false
    },
    {
        "date": "2020-12-08T11:08:29.288Z",
        "value": "88.28125",
        "cumulative": false
    }
]