[
    {
        "date": "2020-12-08T11:07:49.509Z",
        "value": "0.020122289657592773",
        "cumulative": false
    },
    {
        "date": "2020-12-08T11:07:52.629Z",
        "value": "0.019713878631591797",
        "cumulative": false
    },
    {
        "date": "2020-12-08T11:07:55.767Z",
        "value": "0.02171492576599121",
        "cumulative": false
    },
    {
        "date": "2020-12-08T11:07:58.903Z",
        "value": "0.02179431915283203",
        "cumulative": false
    },
    {
        "date": "2020-12-08T11:08:02.043Z",
        "value": "0.018425703048706055",
        "cumulative": false
    },
    {
        "date": "2020-12-08T11:08:05.226Z",
        "value": "0.021196842193603516",
        "cumulative": false
    },
    {
        "date": "2020-12-08T11:08:08.345Z",
        "value": "0.019379615783691406",
        "cumulative": false
    },
    {
        "date": "2020-12-08T11:08:11.476Z",
        "value": "0.02373790740966797",
        "cumulative": false
    },
    {
        "date": "2020-12-08T11:08:14.714Z",
        "value": "0.015862703323364258",
        "cumulative": false
    },
    {
        "date": "2020-12-08T11:08:17.820Z",
        "value": "0.01573348045349121",
        "cumulative": false
    },
    {
        "date": "2020-12-08T11:08:21.029Z",
        "value": "0.016147136688232422",
        "cumulative": false
    },
    {
        "date": "2020-12-08T11:08:24.199Z",
        "value": "0.018212080001831055",
        "cumulative": false
    },
    {
        "date": "2020-12-08T11:08:27.345Z",
        "value": "0.021831750869750977",
        "cumulative": false
    },
    {
        "date": "2020-12-08T11:08:30.510Z",
        "value": "0.02600836753845215",
        "cumulative": false
    }
]