[
    {
        "date": "2020-12-08T11:07:49.496Z",
        "value": "0.13117766380310059",
        "cumulative": false
    },
    {
        "date": "2020-12-08T11:07:52.620Z",
        "value": "0.12334513664245605",
        "cumulative": false
    },
    {
        "date": "2020-12-08T11:07:55.759Z",
        "value": "0.1339724063873291",
        "cumulative": false
    },
    {
        "date": "2020-12-08T11:07:58.894Z",
        "value": "0.12885236740112305",
        "cumulative": false
    },
    {
        "date": "2020-12-08T11:08:02.044Z",
        "value": "0.13259553909301758",
        "cumulative": false
    },
    {
        "date": "2020-12-08T11:08:05.214Z",
        "value": "0.12958979606628418",
        "cumulative": false
    },
    {
        "date": "2020-12-08T11:08:08.340Z",
        "value": "0.1233823299407959",
        "cumulative": false
    },
    {
        "date": "2020-12-08T11:08:11.464Z",
        "value": "0.12251687049865723",
        "cumulative": false
    },
    {
        "date": "2020-12-08T11:08:14.707Z",
        "value": "0.12628650665283203",
        "cumulative": false
    },
    {
        "date": "2020-12-08T11:08:17.811Z",
        "value": "0.11790204048156738",
        "cumulative": false
    },
    {
        "date": "2020-12-08T11:08:21.014Z",
        "value": "0.13173508644104004",
        "cumulative": false
    },
    {
        "date": "2020-12-08T11:08:24.196Z",
        "value": "0.12055039405822754",
        "cumulative": false
    },
    {
        "date": "2020-12-08T11:08:27.335Z",
        "value": "0.12639951705932617",
        "cumulative": false
    },
    {
        "date": "2020-12-08T11:08:30.507Z",
        "value": "0.1280663013458252",
        "cumulative": false
    }
]