[
    {
        "date": "2020-12-08T11:07:46.837Z",
        "value": "50.78125",
        "cumulative": false
    },
    {
        "date": "2020-12-08T11:07:48.273Z",
        "value": "82.8125",
        "cumulative": false
    },
    {
        "date": "2020-12-08T11:07:50.036Z",
        "value": "89.0625",
        "cumulative": false
    },
    {
        "date": "2020-12-08T11:07:51.400Z",
        "value": "85.9375",
        "cumulative": false
    },
    {
        "date": "2020-12-08T11:07:53.166Z",
        "value": "96.09375",
        "cumulative": false
    },
    {
        "date": "2020-12-08T11:07:54.513Z",
        "value": "92.96875",
        "cumulative": false
    },
    {
        "date": "2020-12-08T11:07:56.316Z",
        "value": "98.4375",
        "cumulative": false
    },
    {
        "date": "2020-12-08T11:07:57.662Z",
        "value": "92.1875",
        "cumulative": false
    },
    {
        "date": "2020-12-08T11:07:59.460Z",
        "value": "96.09375",
        "cumulative": false
    },
    {
        "date": "2020-12-08T11:08:00.817Z",
        "value": "97.65625",
        "cumulative": false
    },
    {
        "date": "2020-12-08T11:08:02.606Z",
        "value": "97.65625",
        "cumulative": false
    },
    {
        "date": "2020-12-08T11:08:04.002Z",
        "value": "98.4375",
        "cumulative": false
    },
    {
        "date": "2020-12-08T11:08:05.783Z",
        "value": "96.875",
        "cumulative": false
    },
    {
        "date": "2020-12-08T11:08:07.122Z",
        "value": "98.4375",
        "cumulative": false
    },
    {
        "date": "2020-12-08T11:08:08.890Z",
        "value": "97.65625",
        "cumulative": false
    },
    {
        "date": "2020-12-08T11:08:10.236Z",
        "value": "98.4375",
        "cumulative": false
    },
    {
        "date": "2020-12-08T11:08:12.006Z",
        "value": "99.21875",
        "cumulative": false
    },
    {
        "date": "2020-12-08T11:08:13.414Z",
        "value": "96.875",
        "cumulative": false
    },
    {
        "date": "2020-12-08T11:08:15.254Z",
        "value": "100.0",
        "cumulative": false
    },
    {
        "date": "2020-12-08T11:08:16.588Z",
        "value": "99.21875",
        "cumulative": false
    },
    {
        "date": "2020-12-08T11:08:18.396Z",
        "value": "100.0",
        "cumulative": false
    },
    {
        "date": "2020-12-08T11:08:19.756Z",
        "value": "96.875",
        "cumulative": false
    },
    {
        "date": "2020-12-08T11:08:21.585Z",
        "value": "100.0",
        "cumulative": false
    },
    {
        "date": "2020-12-08T11:08:22.949Z",
        "value": "100.0",
        "cumulative": false
    },
    {
        "date": "2020-12-08T11:08:24.782Z",
        "value": "96.875",
        "cumulative": false
    },
    {
        "date": "2020-12-08T11:08:26.119Z",
        "value": "100.0",
        "cumulative": false
    },
    {
        "date": "2020-12-08T11:08:27.934Z",
        "value": "100.0",
        "cumulative": false
    },
    {
        "date": "2020-12-08T11:08:29.287Z",
        "value": "100.0",
        "cumulative": false
    }
]