[
    {
        "date": "2020-12-08T11:07:49.509Z",
        "value": "0.0001533031463623047",
        "cumulative": false
    },
    {
        "date": "2020-12-08T11:07:52.629Z",
        "value": "0.00016760826110839844",
        "cumulative": false
    },
    {
        "date": "2020-12-08T11:07:55.767Z",
        "value": "0.00015664100646972656",
        "cumulative": false
    },
    {
        "date": "2020-12-08T11:07:58.904Z",
        "value": "0.00015020370483398438",
        "cumulative": false
    },
    {
        "date": "2020-12-08T11:08:02.043Z",
        "value": "0.0001475811004638672",
        "cumulative": false
    },
    {
        "date": "2020-12-08T11:08:05.227Z",
        "value": "0.00015306472778320312",
        "cumulative": false
    },
    {
        "date": "2020-12-08T11:08:08.345Z",
        "value": "0.00017189979553222656",
        "cumulative": false
    },
    {
        "date": "2020-12-08T11:08:11.476Z",
        "value": "0.00014472007751464844",
        "cumulative": false
    },
    {
        "date": "2020-12-08T11:08:14.715Z",
        "value": "0.00015616416931152344",
        "cumulative": false
    },
    {
        "date": "2020-12-08T11:08:17.820Z",
        "value": "0.00014209747314453125",
        "cumulative": false
    },
    {
        "date": "2020-12-08T11:08:21.029Z",
        "value": "0.00014257431030273438",
        "cumulative": false
    },
    {
        "date": "2020-12-08T11:08:24.199Z",
        "value": "0.0001494884490966797",
        "cumulative": false
    },
    {
        "date": "2020-12-08T11:08:27.345Z",
        "value": "0.0001392364501953125",
        "cumulative": false
    },
    {
        "date": "2020-12-08T11:08:30.510Z",
        "value": "0.0001621246337890625",
        "cumulative": false
    }
]