[
    {
        "date": "2020-12-08T11:07:49.496Z",
        "value": "0.010797262191772461",
        "cumulative": false
    },
    {
        "date": "2020-12-08T11:07:52.620Z",
        "value": "0.010825872421264648",
        "cumulative": false
    },
    {
        "date": "2020-12-08T11:07:55.759Z",
        "value": "0.011657953262329102",
        "cumulative": false
    },
    {
        "date": "2020-12-08T11:07:58.894Z",
        "value": "0.010110855102539062",
        "cumulative": false
    },
    {
        "date": "2020-12-08T11:08:02.044Z",
        "value": "0.010629415512084961",
        "cumulative": false
    },
    {
        "date": "2020-12-08T11:08:05.214Z",
        "value": "0.011420249938964844",
        "cumulative": false
    },
    {
        "date": "2020-12-08T11:08:08.340Z",
        "value": "0.010145187377929688",
        "cumulative": false
    },
    {
        "date": "2020-12-08T11:08:11.464Z",
        "value": "0.011332273483276367",
        "cumulative": false
    },
    {
        "date": "2020-12-08T11:08:14.707Z",
        "value": "0.011370658874511719",
        "cumulative": false
    },
    {
        "date": "2020-12-08T11:08:17.811Z",
        "value": "0.010901212692260742",
        "cumulative": false
    },
    {
        "date": "2020-12-08T11:08:21.015Z",
        "value": "0.010821819305419922",
        "cumulative": false
    },
    {
        "date": "2020-12-08T11:08:24.196Z",
        "value": "0.010642766952514648",
        "cumulative": false
    },
    {
        "date": "2020-12-08T11:08:27.335Z",
        "value": "0.011034488677978516",
        "cumulative": false
    },
    {
        "date": "2020-12-08T11:08:30.507Z",
        "value": "0.011568307876586914",
        "cumulative": false
    }
]