[
    {
        "date": "2020-12-08T11:07:46.837Z",
        "value": "50.78125",
        "cumulative": false
    },
    {
        "date": "2020-12-08T11:07:48.271Z",
        "value": "78.125",
        "cumulative": false
    },
    {
        "date": "2020-12-08T11:07:50.034Z",
        "value": "85.15625",
        "cumulative": false
    },
    {
        "date": "2020-12-08T11:07:51.397Z",
        "value": "90.625",
        "cumulative": false
    },
    {
        "date": "2020-12-08T11:07:53.158Z",
        "value": "90.625",
        "cumulative": false
    },
    {
        "date": "2020-12-08T11:07:54.511Z",
        "value": "89.0625",
        "cumulative": false
    },
    {
        "date": "2020-12-08T11:07:56.308Z",
        "value": "96.09375",
        "cumulative": false
    },
    {
        "date": "2020-12-08T11:07:57.661Z",
        "value": "94.53125",
        "cumulative": false
    },
    {
        "date": "2020-12-08T11:07:59.456Z",
        "value": "93.75",
        "cumulative": false
    },
    {
        "date": "2020-12-08T11:08:00.812Z",
        "value": "96.09375",
        "cumulative": false
    },
    {
        "date": "2020-12-08T11:08:02.605Z",
        "value": "98.4375",
        "cumulative": false
    },
    {
        "date": "2020-12-08T11:08:04.002Z",
        "value": "95.3125",
        "cumulative": false
    },
    {
        "date": "2020-12-08T11:08:05.766Z",
        "value": "96.09375",
        "cumulative": false
    },
    {
        "date": "2020-12-08T11:08:07.116Z",
        "value": "99.21875",
        "cumulative": false
    },
    {
        "date": "2020-12-08T11:08:08.885Z",
        "value": "99.21875",
        "cumulative": false
    },
    {
        "date": "2020-12-08T11:08:10.230Z",
        "value": "96.875",
        "cumulative": false
    },
    {
        "date": "2020-12-08T11:08:11.999Z",
        "value": "97.65625",
        "cumulative": false
    },
    {
        "date": "2020-12-08T11:08:13.417Z",
        "value": "97.65625",
        "cumulative": false
    },
    {
        "date": "2020-12-08T11:08:15.253Z",
        "value": "99.21875",
        "cumulative": false
    },
    {
        "date": "2020-12-08T11:08:16.588Z",
        "value": "97.65625",
        "cumulative": false
    },
    {
        "date": "2020-12-08T11:08:18.389Z",
        "value": "100.0",
        "cumulative": false
    },
    {
        "date": "2020-12-08T11:08:19.752Z",
        "value": "98.4375",
        "cumulative": false
    },
    {
        "date": "2020-12-08T11:08:21.582Z",
        "value": "100.0",
        "cumulative": false
    },
    {
        "date": "2020-12-08T11:08:22.947Z",
        "value": "98.4375",
        "cumulative": false
    },
    {
        "date": "2020-12-08T11:08:24.772Z",
        "value": "99.21875",
        "cumulative": false
    },
    {
        "date": "2020-12-08T11:08:26.116Z",
        "value": "96.875",
        "cumulative": false
    },
    {
        "date": "2020-12-08T11:08:27.932Z",
        "value": "100.0",
        "cumulative": false
    },
    {
        "date": "2020-12-08T11:08:29.284Z",
        "value": "100.0",
        "cumulative": false
    }
]