[
    {
        "date": "2020-12-08T11:07:46.836Z",
        "value": "2.397911548614502",
        "cumulative": false
    },
    {
        "date": "2020-12-08T11:07:48.265Z",
        "value": "1.9232600927352905",
        "cumulative": false
    },
    {
        "date": "2020-12-08T11:07:50.035Z",
        "value": "1.8567050695419312",
        "cumulative": false
    },
    {
        "date": "2020-12-08T11:07:51.394Z",
        "value": "1.679424524307251",
        "cumulative": false
    },
    {
        "date": "2020-12-08T11:07:53.159Z",
        "value": "1.4343572854995728",
        "cumulative": false
    },
    {
        "date": "2020-12-08T11:07:54.512Z",
        "value": "1.3725016117095947",
        "cumulative": false
    },
    {
        "date": "2020-12-08T11:07:56.317Z",
        "value": "1.2061924934387207",
        "cumulative": false
    },
    {
        "date": "2020-12-08T11:07:57.666Z",
        "value": "1.1735860109329224",
        "cumulative": false
    },
    {
        "date": "2020-12-08T11:07:59.453Z",
        "value": "0.9675952792167664",
        "cumulative": false
    },
    {
        "date": "2020-12-08T11:08:00.817Z",
        "value": "1.031264066696167",
        "cumulative": false
    },
    {
        "date": "2020-12-08T11:08:02.609Z",
        "value": "0.8662017583847046",
        "cumulative": false
    },
    {
        "date": "2020-12-08T11:08:04.006Z",
        "value": "0.9522556066513062",
        "cumulative": false
    },
    {
        "date": "2020-12-08T11:08:05.777Z",
        "value": "0.728873610496521",
        "cumulative": false
    },
    {
        "date": "2020-12-08T11:08:07.123Z",
        "value": "0.7019863128662109",
        "cumulative": false
    },
    {
        "date": "2020-12-08T11:08:08.890Z",
        "value": "0.6984935998916626",
        "cumulative": false
    },
    {
        "date": "2020-12-08T11:08:10.235Z",
        "value": "0.7009329795837402",
        "cumulative": false
    },
    {
        "date": "2020-12-08T11:08:12.008Z",
        "value": "0.6329609751701355",
        "cumulative": false
    },
    {
        "date": "2020-12-08T11:08:13.413Z",
        "value": "0.6264481544494629",
        "cumulative": false
    },
    {
        "date": "2020-12-08T11:08:15.256Z",
        "value": "0.5103216171264648",
        "cumulative": false
    },
    {
        "date": "2020-12-08T11:08:16.588Z",
        "value": "0.5186145901679993",
        "cumulative": false
    },
    {
        "date": "2020-12-08T11:08:18.391Z",
        "value": "0.7171717882156372",
        "cumulative": false
    },
    {
        "date": "2020-12-08T11:08:19.752Z",
        "value": "0.6100364327430725",
        "cumulative": false
    },
    {
        "date": "2020-12-08T11:08:21.578Z",
        "value": "0.5086449384689331",
        "cumulative": false
    },
    {
        "date": "2020-12-08T11:08:22.949Z",
        "value": "0.5562998652458191",
        "cumulative": false
    },
    {
        "date": "2020-12-08T11:08:24.778Z",
        "value": "0.44133540987968445",
        "cumulative": false
    },
    {
        "date": "2020-12-08T11:08:26.113Z",
        "value": "0.553188145160675",
        "cumulative": false
    },
    {
        "date": "2020-12-08T11:08:27.928Z",
        "value": "0.5298112034797668",
        "cumulative": false
    },
    {
        "date": "2020-12-08T11:08:29.286Z",
        "value": "0.38619375228881836",
        "cumulative": false
    }
]