[
    {
        "date": "2020-12-08T11:07:46.837Z",
        "value": "14.84375",
        "cumulative": false
    },
    {
        "date": "2020-12-08T11:07:48.265Z",
        "value": "28.125",
        "cumulative": false
    },
    {
        "date": "2020-12-08T11:07:50.032Z",
        "value": "28.125",
        "cumulative": false
    },
    {
        "date": "2020-12-08T11:07:51.399Z",
        "value": "42.96875",
        "cumulative": false
    },
    {
        "date": "2020-12-08T11:07:53.159Z",
        "value": "39.84375",
        "cumulative": false
    },
    {
        "date": "2020-12-08T11:07:54.514Z",
        "value": "46.875",
        "cumulative": false
    },
    {
        "date": "2020-12-08T11:07:56.309Z",
        "value": "57.8125",
        "cumulative": false
    },
    {
        "date": "2020-12-08T11:07:57.661Z",
        "value": "59.375",
        "cumulative": false
    },
    {
        "date": "2020-12-08T11:07:59.453Z",
        "value": "58.59375",
        "cumulative": false
    },
    {
        "date": "2020-12-08T11:08:00.810Z",
        "value": "57.03125",
        "cumulative": false
    },
    {
        "date": "2020-12-08T11:08:02.601Z",
        "value": "67.1875",
        "cumulative": false
    },
    {
        "date": "2020-12-08T11:08:04.002Z",
        "value": "67.96875",
        "cumulative": false
    },
    {
        "date": "2020-12-08T11:08:05.779Z",
        "value": "68.75",
        "cumulative": false
    },
    {
        "date": "2020-12-08T11:08:07.121Z",
        "value": "71.875",
        "cumulative": false
    },
    {
        "date": "2020-12-08T11:08:08.882Z",
        "value": "64.0625",
        "cumulative": false
    },
    {
        "date": "2020-12-08T11:08:10.232Z",
        "value": "78.125",
        "cumulative": false
    },
    {
        "date": "2020-12-08T11:08:11.997Z",
        "value": "80.46875",
        "cumulative": false
    },
    {
        "date": "2020-12-08T11:08:13.411Z",
        "value": "73.4375",
        "cumulative": false
    },
    {
        "date": "2020-12-08T11:08:15.253Z",
        "value": "78.125",
        "cumulative": false
    },
    {
        "date": "2020-12-08T11:08:16.587Z",
        "value": "75.78125",
        "cumulative": false
    },
    {
        "date": "2020-12-08T11:08:18.396Z",
        "value": "73.4375",
        "cumulative": false
    },
    {
        "date": "2020-12-08T11:08:19.754Z",
        "value": "80.46875",
        "cumulative": false
    },
    {
        "date": "2020-12-08T11:08:21.578Z",
        "value": "82.03125",
        "cumulative": false
    },
    {
        "date": "2020-12-08T11:08:22.950Z",
        "value": "84.375",
        "cumulative": false
    },
    {
        "date": "2020-12-08T11:08:24.779Z",
        "value": "80.46875",
        "cumulative": false
    },
    {
        "date": "2020-12-08T11:08:26.115Z",
        "value": "85.9375",
        "cumulative": false
    },
    {
        "date": "2020-12-08T11:08:27.930Z",
        "value": "82.03125",
        "cumulative": false
    },
    {
        "date": "2020-12-08T11:08:29.285Z",
        "value": "83.59375",
        "cumulative": false
    }
]