[
    {
        "date": "2020-12-08T11:07:49.489Z",
        "value": "0.26639676094055176",
        "cumulative": false
    },
    {
        "date": "2020-12-08T11:07:52.627Z",
        "value": "0.293271541595459",
        "cumulative": false
    },
    {
        "date": "2020-12-08T11:07:55.757Z",
        "value": "0.297898530960083",
        "cumulative": false
    },
    {
        "date": "2020-12-08T11:07:58.891Z",
        "value": "0.295971155166626",
        "cumulative": false
    },
    {
        "date": "2020-12-08T11:08:02.035Z",
        "value": "0.2746310234069824",
        "cumulative": false
    },
    {
        "date": "2020-12-08T11:08:05.202Z",
        "value": "0.2773246765136719",
        "cumulative": false
    },
    {
        "date": "2020-12-08T11:08:08.332Z",
        "value": "0.28185558319091797",
        "cumulative": false
    },
    {
        "date": "2020-12-08T11:08:11.452Z",
        "value": "0.2757589817047119",
        "cumulative": false
    },
    {
        "date": "2020-12-08T11:08:14.704Z",
        "value": "0.29149770736694336",
        "cumulative": false
    },
    {
        "date": "2020-12-08T11:08:17.806Z",
        "value": "0.2976396083831787",
        "cumulative": false
    },
    {
        "date": "2020-12-08T11:08:21.032Z",
        "value": "0.3078649044036865",
        "cumulative": false
    },
    {
        "date": "2020-12-08T11:08:24.184Z",
        "value": "0.28835248947143555",
        "cumulative": false
    },
    {
        "date": "2020-12-08T11:08:27.324Z",
        "value": "0.2861151695251465",
        "cumulative": false
    },
    {
        "date": "2020-12-08T11:08:30.503Z",
        "value": "0.26041626930236816",
        "cumulative": false
    }
]