[
    {
        "date": "2020-12-08T11:07:49.502Z",
        "value": "0.034136295318603516",
        "cumulative": false
    },
    {
        "date": "2020-12-08T11:07:52.627Z",
        "value": "0.017667531967163086",
        "cumulative": false
    },
    {
        "date": "2020-12-08T11:07:55.769Z",
        "value": "0.019342899322509766",
        "cumulative": false
    },
    {
        "date": "2020-12-08T11:07:58.900Z",
        "value": "0.0205075740814209",
        "cumulative": false
    },
    {
        "date": "2020-12-08T11:08:02.036Z",
        "value": "0.02090740203857422",
        "cumulative": false
    },
    {
        "date": "2020-12-08T11:08:05.213Z",
        "value": "0.01938343048095703",
        "cumulative": false
    },
    {
        "date": "2020-12-08T11:08:08.341Z",
        "value": "0.020002365112304688",
        "cumulative": false
    },
    {
        "date": "2020-12-08T11:08:11.461Z",
        "value": "0.019483089447021484",
        "cumulative": false
    },
    {
        "date": "2020-12-08T11:08:14.706Z",
        "value": "0.019513607025146484",
        "cumulative": false
    },
    {
        "date": "2020-12-08T11:08:17.821Z",
        "value": "0.014582633972167969",
        "cumulative": false
    },
    {
        "date": "2020-12-08T11:08:21.022Z",
        "value": "0.016017675399780273",
        "cumulative": false
    },
    {
        "date": "2020-12-08T11:08:24.195Z",
        "value": "0.01785898208618164",
        "cumulative": false
    },
    {
        "date": "2020-12-08T11:08:27.335Z",
        "value": "0.016336441040039062",
        "cumulative": false
    },
    {
        "date": "2020-12-08T11:08:30.518Z",
        "value": "0.019037723541259766",
        "cumulative": false
    }
]