[
    {
        "date": "2020-12-08T11:07:46.834Z",
        "value": "2.4750990867614746",
        "cumulative": false
    },
    {
        "date": "2020-12-08T11:07:48.267Z",
        "value": "2.0526344776153564",
        "cumulative": false
    },
    {
        "date": "2020-12-08T11:07:50.034Z",
        "value": "1.8476145267486572",
        "cumulative": false
    },
    {
        "date": "2020-12-08T11:07:51.397Z",
        "value": "1.6142158508300781",
        "cumulative": false
    },
    {
        "date": "2020-12-08T11:07:53.158Z",
        "value": "1.5384987592697144",
        "cumulative": false
    },
    {
        "date": "2020-12-08T11:07:54.511Z",
        "value": "1.2984915971755981",
        "cumulative": false
    },
    {
        "date": "2020-12-08T11:07:56.308Z",
        "value": "1.1807901859283447",
        "cumulative": false
    },
    {
        "date": "2020-12-08T11:07:57.661Z",
        "value": "1.1797337532043457",
        "cumulative": false
    },
    {
        "date": "2020-12-08T11:07:59.456Z",
        "value": "1.16712486743927",
        "cumulative": false
    },
    {
        "date": "2020-12-08T11:08:00.812Z",
        "value": "0.8195822834968567",
        "cumulative": false
    },
    {
        "date": "2020-12-08T11:08:02.605Z",
        "value": "0.9304676055908203",
        "cumulative": false
    },
    {
        "date": "2020-12-08T11:08:04.002Z",
        "value": "1.0024152994155884",
        "cumulative": false
    },
    {
        "date": "2020-12-08T11:08:05.765Z",
        "value": "0.9052197337150574",
        "cumulative": false
    },
    {
        "date": "2020-12-08T11:08:07.116Z",
        "value": "0.7320858836174011",
        "cumulative": false
    },
    {
        "date": "2020-12-08T11:08:08.885Z",
        "value": "0.7453744411468506",
        "cumulative": false
    },
    {
        "date": "2020-12-08T11:08:10.230Z",
        "value": "0.7591827511787415",
        "cumulative": false
    },
    {
        "date": "2020-12-08T11:08:11.999Z",
        "value": "0.6399564146995544",
        "cumulative": false
    },
    {
        "date": "2020-12-08T11:08:13.417Z",
        "value": "0.756447434425354",
        "cumulative": false
    },
    {
        "date": "2020-12-08T11:08:15.252Z",
        "value": "0.8285949230194092",
        "cumulative": false
    },
    {
        "date": "2020-12-08T11:08:16.588Z",
        "value": "0.6666811108589172",
        "cumulative": false
    },
    {
        "date": "2020-12-08T11:08:18.389Z",
        "value": "0.5796263813972473",
        "cumulative": false
    },
    {
        "date": "2020-12-08T11:08:19.752Z",
        "value": "0.4744390845298767",
        "cumulative": false
    },
    {
        "date": "2020-12-08T11:08:21.581Z",
        "value": "0.4894956350326538",
        "cumulative": false
    },
    {
        "date": "2020-12-08T11:08:22.947Z",
        "value": "0.5610398054122925",
        "cumulative": false
    },
    {
        "date": "2020-12-08T11:08:24.772Z",
        "value": "0.46929651498794556",
        "cumulative": false
    },
    {
        "date": "2020-12-08T11:08:26.116Z",
        "value": "0.6836077570915222",
        "cumulative": false
    },
    {
        "date": "2020-12-08T11:08:27.931Z",
        "value": "0.4122832417488098",
        "cumulative": false
    },
    {
        "date": "2020-12-08T11:08:29.284Z",
        "value": "0.3975042998790741",
        "cumulative": false
    }
]