[
    {
        "date": "2020-12-08T11:07:49.489Z",
        "value": "0.021779298782348633",
        "cumulative": false
    },
    {
        "date": "2020-12-08T11:07:52.627Z",
        "value": "0.019056081771850586",
        "cumulative": false
    },
    {
        "date": "2020-12-08T11:07:55.757Z",
        "value": "0.017482280731201172",
        "cumulative": false
    },
    {
        "date": "2020-12-08T11:07:58.891Z",
        "value": "0.021020889282226562",
        "cumulative": false
    },
    {
        "date": "2020-12-08T11:08:02.035Z",
        "value": "0.020456790924072266",
        "cumulative": false
    },
    {
        "date": "2020-12-08T11:08:05.202Z",
        "value": "0.016108989715576172",
        "cumulative": false
    },
    {
        "date": "2020-12-08T11:08:08.332Z",
        "value": "0.017581701278686523",
        "cumulative": false
    },
    {
        "date": "2020-12-08T11:08:11.452Z",
        "value": "0.02358222007751465",
        "cumulative": false
    },
    {
        "date": "2020-12-08T11:08:14.704Z",
        "value": "0.017245054244995117",
        "cumulative": false
    },
    {
        "date": "2020-12-08T11:08:17.806Z",
        "value": "0.017511606216430664",
        "cumulative": false
    },
    {
        "date": "2020-12-08T11:08:21.032Z",
        "value": "0.024164438247680664",
        "cumulative": false
    },
    {
        "date": "2020-12-08T11:08:24.184Z",
        "value": "0.015981435775756836",
        "cumulative": false
    },
    {
        "date": "2020-12-08T11:08:27.324Z",
        "value": "0.025846481323242188",
        "cumulative": false
    },
    {
        "date": "2020-12-08T11:08:30.502Z",
        "value": "0.020010948181152344",
        "cumulative": false
    }
]