[
    {
        "date": "2020-12-08T11:07:46.835Z",
        "value": "2.42199444770813",
        "cumulative": false
    },
    {
        "date": "2020-12-08T11:07:48.264Z",
        "value": "2.0542404651641846",
        "cumulative": false
    },
    {
        "date": "2020-12-08T11:07:50.031Z",
        "value": "1.7438294887542725",
        "cumulative": false
    },
    {
        "date": "2020-12-08T11:07:51.399Z",
        "value": "1.4832417964935303",
        "cumulative": false
    },
    {
        "date": "2020-12-08T11:07:53.159Z",
        "value": "1.4711915254592896",
        "cumulative": false
    },
    {
        "date": "2020-12-08T11:07:54.514Z",
        "value": "1.405747890472412",
        "cumulative": false
    },
    {
        "date": "2020-12-08T11:07:56.308Z",
        "value": "1.1195008754730225",
        "cumulative": false
    },
    {
        "date": "2020-12-08T11:07:57.661Z",
        "value": "1.1794720888137817",
        "cumulative": false
    },
    {
        "date": "2020-12-08T11:07:59.453Z",
        "value": "1.054934024810791",
        "cumulative": false
    },
    {
        "date": "2020-12-08T11:08:00.810Z",
        "value": "1.1134114265441895",
        "cumulative": false
    },
    {
        "date": "2020-12-08T11:08:02.601Z",
        "value": "0.8776552081108093",
        "cumulative": false
    },
    {
        "date": "2020-12-08T11:08:04.002Z",
        "value": "0.7995122075080872",
        "cumulative": false
    },
    {
        "date": "2020-12-08T11:08:05.779Z",
        "value": "0.8852128386497498",
        "cumulative": false
    },
    {
        "date": "2020-12-08T11:08:07.121Z",
        "value": "0.7056391835212708",
        "cumulative": false
    },
    {
        "date": "2020-12-08T11:08:08.882Z",
        "value": "1.0792077779769897",
        "cumulative": false
    },
    {
        "date": "2020-12-08T11:08:10.232Z",
        "value": "0.6864661574363708",
        "cumulative": false
    },
    {
        "date": "2020-12-08T11:08:11.997Z",
        "value": "0.5662954449653625",
        "cumulative": false
    },
    {
        "date": "2020-12-08T11:08:13.411Z",
        "value": "0.8109158873558044",
        "cumulative": false
    },
    {
        "date": "2020-12-08T11:08:15.253Z",
        "value": "0.5828666090965271",
        "cumulative": false
    },
    {
        "date": "2020-12-08T11:08:16.587Z",
        "value": "0.6587790250778198",
        "cumulative": false
    },
    {
        "date": "2020-12-08T11:08:18.396Z",
        "value": "0.6796818971633911",
        "cumulative": false
    },
    {
        "date": "2020-12-08T11:08:19.754Z",
        "value": "0.6347751021385193",
        "cumulative": false
    },
    {
        "date": "2020-12-08T11:08:21.577Z",
        "value": "0.5125830769538879",
        "cumulative": false
    },
    {
        "date": "2020-12-08T11:08:22.950Z",
        "value": "0.4427892863750458",
        "cumulative": false
    },
    {
        "date": "2020-12-08T11:08:24.779Z",
        "value": "0.5535951852798462",
        "cumulative": false
    },
    {
        "date": "2020-12-08T11:08:26.115Z",
        "value": "0.36589154601097107",
        "cumulative": false
    },
    {
        "date": "2020-12-08T11:08:27.929Z",
        "value": "0.46076348423957825",
        "cumulative": false
    },
    {
        "date": "2020-12-08T11:08:29.285Z",
        "value": "0.43096452951431274",
        "cumulative": false
    }
]