[
    {
        "date": "2020-12-08T11:07:49.509Z",
        "value": "4.941137313842773",
        "cumulative": false
    },
    {
        "date": "2020-12-08T11:07:52.629Z",
        "value": "2.5828893184661865",
        "cumulative": false
    },
    {
        "date": "2020-12-08T11:07:55.767Z",
        "value": "2.594825506210327",
        "cumulative": false
    },
    {
        "date": "2020-12-08T11:07:58.903Z",
        "value": "2.5794591903686523",
        "cumulative": false
    },
    {
        "date": "2020-12-08T11:08:02.043Z",
        "value": "2.5695619583129883",
        "cumulative": false
    },
    {
        "date": "2020-12-08T11:08:05.226Z",
        "value": "2.6066946983337402",
        "cumulative": false
    },
    {
        "date": "2020-12-08T11:08:08.345Z",
        "value": "2.5588905811309814",
        "cumulative": false
    },
    {
        "date": "2020-12-08T11:08:11.476Z",
        "value": "2.5762710571289062",
        "cumulative": false
    },
    {
        "date": "2020-12-08T11:08:14.714Z",
        "value": "2.691398859024048",
        "cumulative": false
    },
    {
        "date": "2020-12-08T11:08:17.820Z",
        "value": "2.5586414337158203",
        "cumulative": false
    },
    {
        "date": "2020-12-08T11:08:21.029Z",
        "value": "2.637849807739258",
        "cumulative": false
    },
    {
        "date": "2020-12-08T11:08:24.199Z",
        "value": "2.593095064163208",
        "cumulative": false
    },
    {
        "date": "2020-12-08T11:08:27.345Z",
        "value": "2.535038948059082",
        "cumulative": false
    },
    {
        "date": "2020-12-08T11:08:30.510Z",
        "value": "2.5563957691192627",
        "cumulative": false
    }
]