[
    {
        "date": "2020-12-08T11:07:49.498Z",
        "value": "0.00013685226440429688",
        "cumulative": false
    },
    {
        "date": "2020-12-08T11:07:52.627Z",
        "value": "0.0001404285430908203",
        "cumulative": false
    },
    {
        "date": "2020-12-08T11:07:55.760Z",
        "value": "0.000141143798828125",
        "cumulative": false
    },
    {
        "date": "2020-12-08T11:07:58.894Z",
        "value": "0.00018715858459472656",
        "cumulative": false
    },
    {
        "date": "2020-12-08T11:08:02.035Z",
        "value": "0.00013875961303710938",
        "cumulative": false
    },
    {
        "date": "2020-12-08T11:08:05.208Z",
        "value": "0.00015878677368164062",
        "cumulative": false
    },
    {
        "date": "2020-12-08T11:08:08.337Z",
        "value": "0.00013875961303710938",
        "cumulative": false
    },
    {
        "date": "2020-12-08T11:08:11.458Z",
        "value": "0.00013780593872070312",
        "cumulative": false
    },
    {
        "date": "2020-12-08T11:08:14.702Z",
        "value": "0.0001480579376220703",
        "cumulative": false
    },
    {
        "date": "2020-12-08T11:08:17.825Z",
        "value": "0.00014019012451171875",
        "cumulative": false
    },
    {
        "date": "2020-12-08T11:08:21.032Z",
        "value": "0.00016617774963378906",
        "cumulative": false
    },
    {
        "date": "2020-12-08T11:08:24.196Z",
        "value": "0.00015044212341308594",
        "cumulative": false
    },
    {
        "date": "2020-12-08T11:08:27.329Z",
        "value": "0.0001533031463623047",
        "cumulative": false
    },
    {
        "date": "2020-12-08T11:08:30.499Z",
        "value": "0.00014591217041015625",
        "cumulative": false
    }
]