[
    {
        "date": "2020-12-08T11:07:49.509Z",
        "value": "2.631819486618042",
        "cumulative": false
    },
    {
        "date": "2020-12-08T11:07:52.629Z",
        "value": "0.4120004177093506",
        "cumulative": false
    },
    {
        "date": "2020-12-08T11:07:55.767Z",
        "value": "0.4186866283416748",
        "cumulative": false
    },
    {
        "date": "2020-12-08T11:07:58.903Z",
        "value": "0.3995370864868164",
        "cumulative": false
    },
    {
        "date": "2020-12-08T11:08:02.043Z",
        "value": "0.4273092746734619",
        "cumulative": false
    },
    {
        "date": "2020-12-08T11:08:05.226Z",
        "value": "0.4061315059661865",
        "cumulative": false
    },
    {
        "date": "2020-12-08T11:08:08.345Z",
        "value": "0.4368128776550293",
        "cumulative": false
    },
    {
        "date": "2020-12-08T11:08:11.476Z",
        "value": "0.4040853977203369",
        "cumulative": false
    },
    {
        "date": "2020-12-08T11:08:14.714Z",
        "value": "0.38289403915405273",
        "cumulative": false
    },
    {
        "date": "2020-12-08T11:08:17.820Z",
        "value": "0.3975515365600586",
        "cumulative": false
    },
    {
        "date": "2020-12-08T11:08:21.029Z",
        "value": "0.4173111915588379",
        "cumulative": false
    },
    {
        "date": "2020-12-08T11:08:24.199Z",
        "value": "0.4084920883178711",
        "cumulative": false
    },
    {
        "date": "2020-12-08T11:08:27.345Z",
        "value": "0.3913567066192627",
        "cumulative": false
    },
    {
        "date": "2020-12-08T11:08:30.510Z",
        "value": "0.4005293846130371",
        "cumulative": false
    }
]