[
    {
        "date": "2020-12-08T11:07:49.501Z",
        "value": "0.027699708938598633",
        "cumulative": false
    },
    {
        "date": "2020-12-08T11:07:52.620Z",
        "value": "0.027460098266601562",
        "cumulative": false
    },
    {
        "date": "2020-12-08T11:07:55.757Z",
        "value": "0.030852556228637695",
        "cumulative": false
    },
    {
        "date": "2020-12-08T11:07:58.889Z",
        "value": "0.025889158248901367",
        "cumulative": false
    },
    {
        "date": "2020-12-08T11:08:02.028Z",
        "value": "0.0288388729095459",
        "cumulative": false
    },
    {
        "date": "2020-12-08T11:08:05.210Z",
        "value": "0.026058673858642578",
        "cumulative": false
    },
    {
        "date": "2020-12-08T11:08:08.333Z",
        "value": "0.027104854583740234",
        "cumulative": false
    },
    {
        "date": "2020-12-08T11:08:11.461Z",
        "value": "0.027726173400878906",
        "cumulative": false
    },
    {
        "date": "2020-12-08T11:08:14.698Z",
        "value": "0.03174114227294922",
        "cumulative": false
    },
    {
        "date": "2020-12-08T11:08:17.807Z",
        "value": "0.02943277359008789",
        "cumulative": false
    },
    {
        "date": "2020-12-08T11:08:21.015Z",
        "value": "0.028060197830200195",
        "cumulative": false
    },
    {
        "date": "2020-12-08T11:08:24.183Z",
        "value": "0.027558565139770508",
        "cumulative": false
    },
    {
        "date": "2020-12-08T11:08:27.325Z",
        "value": "0.026659488677978516",
        "cumulative": false
    },
    {
        "date": "2020-12-08T11:08:30.506Z",
        "value": "0.027744054794311523",
        "cumulative": false
    }
]