[
    {
        "date": "2020-12-08T11:07:46.841Z",
        "value": "49.21875",
        "cumulative": false
    },
    {
        "date": "2020-12-08T11:07:48.282Z",
        "value": "82.03125",
        "cumulative": false
    },
    {
        "date": "2020-12-08T11:07:50.033Z",
        "value": "83.59375",
        "cumulative": false
    },
    {
        "date": "2020-12-08T11:07:51.398Z",
        "value": "89.84375",
        "cumulative": false
    },
    {
        "date": "2020-12-08T11:07:53.169Z",
        "value": "91.40625",
        "cumulative": false
    },
    {
        "date": "2020-12-08T11:07:54.520Z",
        "value": "91.40625",
        "cumulative": false
    },
    {
        "date": "2020-12-08T11:07:56.313Z",
        "value": "93.75",
        "cumulative": false
    },
    {
        "date": "2020-12-08T11:07:57.668Z",
        "value": "95.3125",
        "cumulative": false
    },
    {
        "date": "2020-12-08T11:07:59.463Z",
        "value": "96.875",
        "cumulative": false
    },
    {
        "date": "2020-12-08T11:08:00.820Z",
        "value": "96.875",
        "cumulative": false
    },
    {
        "date": "2020-12-08T11:08:02.611Z",
        "value": "99.21875",
        "cumulative": false
    },
    {
        "date": "2020-12-08T11:08:04.004Z",
        "value": "96.09375",
        "cumulative": false
    },
    {
        "date": "2020-12-08T11:08:05.783Z",
        "value": "99.21875",
        "cumulative": false
    },
    {
        "date": "2020-12-08T11:08:07.120Z",
        "value": "99.21875",
        "cumulative": false
    },
    {
        "date": "2020-12-08T11:08:08.886Z",
        "value": "99.21875",
        "cumulative": false
    },
    {
        "date": "2020-12-08T11:08:10.234Z",
        "value": "96.09375",
        "cumulative": false
    },
    {
        "date": "2020-12-08T11:08:12.006Z",
        "value": "98.4375",
        "cumulative": false
    },
    {
        "date": "2020-12-08T11:08:13.416Z",
        "value": "98.4375",
        "cumulative": false
    },
    {
        "date": "2020-12-08T11:08:15.259Z",
        "value": "100.0",
        "cumulative": false
    },
    {
        "date": "2020-12-08T11:08:16.592Z",
        "value": "99.21875",
        "cumulative": false
    },
    {
        "date": "2020-12-08T11:08:18.403Z",
        "value": "98.4375",
        "cumulative": false
    },
    {
        "date": "2020-12-08T11:08:19.756Z",
        "value": "99.21875",
        "cumulative": false
    },
    {
        "date": "2020-12-08T11:08:21.589Z",
        "value": "99.21875",
        "cumulative": false
    },
    {
        "date": "2020-12-08T11:08:22.952Z",
        "value": "98.4375",
        "cumulative": false
    },
    {
        "date": "2020-12-08T11:08:24.777Z",
        "value": "98.4375",
        "cumulative": false
    },
    {
        "date": "2020-12-08T11:08:26.121Z",
        "value": "100.0",
        "cumulative": false
    },
    {
        "date": "2020-12-08T11:08:27.938Z",
        "value": "99.21875",
        "cumulative": false
    },
    {
        "date": "2020-12-08T11:08:29.289Z",
        "value": "100.0",
        "cumulative": false
    }
]