[
    {
        "date": "2020-12-08T11:07:49.501Z",
        "value": "0.277996301651001",
        "cumulative": false
    },
    {
        "date": "2020-12-08T11:07:52.620Z",
        "value": "0.2678701877593994",
        "cumulative": false
    },
    {
        "date": "2020-12-08T11:07:55.757Z",
        "value": "0.26770949363708496",
        "cumulative": false
    },
    {
        "date": "2020-12-08T11:07:58.889Z",
        "value": "0.27387475967407227",
        "cumulative": false
    },
    {
        "date": "2020-12-08T11:08:02.028Z",
        "value": "0.29024720191955566",
        "cumulative": false
    },
    {
        "date": "2020-12-08T11:08:05.210Z",
        "value": "0.2854917049407959",
        "cumulative": false
    },
    {
        "date": "2020-12-08T11:08:08.333Z",
        "value": "0.27736854553222656",
        "cumulative": false
    },
    {
        "date": "2020-12-08T11:08:11.461Z",
        "value": "0.2734541893005371",
        "cumulative": false
    },
    {
        "date": "2020-12-08T11:08:14.698Z",
        "value": "0.30491185188293457",
        "cumulative": false
    },
    {
        "date": "2020-12-08T11:08:17.807Z",
        "value": "0.29409313201904297",
        "cumulative": false
    },
    {
        "date": "2020-12-08T11:08:21.015Z",
        "value": "0.2678830623626709",
        "cumulative": false
    },
    {
        "date": "2020-12-08T11:08:24.183Z",
        "value": "0.28355860710144043",
        "cumulative": false
    },
    {
        "date": "2020-12-08T11:08:27.325Z",
        "value": "0.26153111457824707",
        "cumulative": false
    },
    {
        "date": "2020-12-08T11:08:30.506Z",
        "value": "0.26813387870788574",
        "cumulative": false
    }
]