[
    {
        "date": "2020-12-08T11:07:46.836Z",
        "value": "10.9375",
        "cumulative": false
    },
    {
        "date": "2020-12-08T11:07:48.269Z",
        "value": "14.0625",
        "cumulative": false
    },
    {
        "date": "2020-12-08T11:07:50.034Z",
        "value": "21.875",
        "cumulative": false
    },
    {
        "date": "2020-12-08T11:07:51.397Z",
        "value": "39.84375",
        "cumulative": false
    },
    {
        "date": "2020-12-08T11:07:53.158Z",
        "value": "40.625",
        "cumulative": false
    },
    {
        "date": "2020-12-08T11:07:54.511Z",
        "value": "53.90625",
        "cumulative": false
    },
    {
        "date": "2020-12-08T11:07:56.308Z",
        "value": "57.03125",
        "cumulative": false
    },
    {
        "date": "2020-12-08T11:07:57.661Z",
        "value": "57.03125",
        "cumulative": false
    },
    {
        "date": "2020-12-08T11:07:59.456Z",
        "value": "57.03125",
        "cumulative": false
    },
    {
        "date": "2020-12-08T11:08:00.812Z",
        "value": "71.09375",
        "cumulative": false
    },
    {
        "date": "2020-12-08T11:08:02.605Z",
        "value": "66.40625",
        "cumulative": false
    },
    {
        "date": "2020-12-08T11:08:04.002Z",
        "value": "68.75",
        "cumulative": false
    },
    {
        "date": "2020-12-08T11:08:05.766Z",
        "value": "70.3125",
        "cumulative": false
    },
    {
        "date": "2020-12-08T11:08:07.116Z",
        "value": "75.78125",
        "cumulative": false
    },
    {
        "date": "2020-12-08T11:08:08.885Z",
        "value": "73.4375",
        "cumulative": false
    },
    {
        "date": "2020-12-08T11:08:10.230Z",
        "value": "74.21875",
        "cumulative": false
    },
    {
        "date": "2020-12-08T11:08:11.999Z",
        "value": "79.6875",
        "cumulative": false
    },
    {
        "date": "2020-12-08T11:08:13.417Z",
        "value": "74.21875",
        "cumulative": false
    },
    {
        "date": "2020-12-08T11:08:15.253Z",
        "value": "71.09375",
        "cumulative": false
    },
    {
        "date": "2020-12-08T11:08:16.588Z",
        "value": "76.5625",
        "cumulative": false
    },
    {
        "date": "2020-12-08T11:08:18.389Z",
        "value": "78.125",
        "cumulative": false
    },
    {
        "date": "2020-12-08T11:08:19.752Z",
        "value": "85.15625",
        "cumulative": false
    },
    {
        "date": "2020-12-08T11:08:21.582Z",
        "value": "82.03125",
        "cumulative": false
    },
    {
        "date": "2020-12-08T11:08:22.947Z",
        "value": "82.8125",
        "cumulative": false
    },
    {
        "date": "2020-12-08T11:08:24.772Z",
        "value": "82.03125",
        "cumulative": false
    },
    {
        "date": "2020-12-08T11:08:26.116Z",
        "value": "81.25",
        "cumulative": false
    },
    {
        "date": "2020-12-08T11:08:27.932Z",
        "value": "82.03125",
        "cumulative": false
    },
    {
        "date": "2020-12-08T11:08:29.284Z",
        "value": "85.15625",
        "cumulative": false
    }
]