[
    {
        "date": "2020-12-08T11:07:49.496Z",
        "value": "0.032631635665893555",
        "cumulative": false
    },
    {
        "date": "2020-12-08T11:07:52.620Z",
        "value": "0.0355839729309082",
        "cumulative": false
    },
    {
        "date": "2020-12-08T11:07:55.759Z",
        "value": "0.03505277633666992",
        "cumulative": false
    },
    {
        "date": "2020-12-08T11:07:58.894Z",
        "value": "0.03423357009887695",
        "cumulative": false
    },
    {
        "date": "2020-12-08T11:08:02.044Z",
        "value": "0.035642385482788086",
        "cumulative": false
    },
    {
        "date": "2020-12-08T11:08:05.214Z",
        "value": "0.0312952995300293",
        "cumulative": false
    },
    {
        "date": "2020-12-08T11:08:08.340Z",
        "value": "0.03571033477783203",
        "cumulative": false
    },
    {
        "date": "2020-12-08T11:08:11.464Z",
        "value": "0.035118818283081055",
        "cumulative": false
    },
    {
        "date": "2020-12-08T11:08:14.707Z",
        "value": "0.03413963317871094",
        "cumulative": false
    },
    {
        "date": "2020-12-08T11:08:17.811Z",
        "value": "0.03177595138549805",
        "cumulative": false
    },
    {
        "date": "2020-12-08T11:08:21.015Z",
        "value": "0.032621145248413086",
        "cumulative": false
    },
    {
        "date": "2020-12-08T11:08:24.196Z",
        "value": "0.03194689750671387",
        "cumulative": false
    },
    {
        "date": "2020-12-08T11:08:27.335Z",
        "value": "0.033638715744018555",
        "cumulative": false
    },
    {
        "date": "2020-12-08T11:08:30.507Z",
        "value": "0.032570600509643555",
        "cumulative": false
    }
]