[
    {
        "date": "2020-12-08T11:07:46.840Z",
        "value": "16.40625",
        "cumulative": false
    },
    {
        "date": "2020-12-08T11:07:48.278Z",
        "value": "23.4375",
        "cumulative": false
    },
    {
        "date": "2020-12-08T11:07:50.033Z",
        "value": "28.125",
        "cumulative": false
    },
    {
        "date": "2020-12-08T11:07:51.398Z",
        "value": "32.03125",
        "cumulative": false
    },
    {
        "date": "2020-12-08T11:07:53.169Z",
        "value": "42.1875",
        "cumulative": false
    },
    {
        "date": "2020-12-08T11:07:54.520Z",
        "value": "57.8125",
        "cumulative": false
    },
    {
        "date": "2020-12-08T11:07:56.313Z",
        "value": "48.4375",
        "cumulative": false
    },
    {
        "date": "2020-12-08T11:07:57.668Z",
        "value": "57.03125",
        "cumulative": false
    },
    {
        "date": "2020-12-08T11:07:59.463Z",
        "value": "55.46875",
        "cumulative": false
    },
    {
        "date": "2020-12-08T11:08:00.820Z",
        "value": "54.6875",
        "cumulative": false
    },
    {
        "date": "2020-12-08T11:08:02.611Z",
        "value": "60.9375",
        "cumulative": false
    },
    {
        "date": "2020-12-08T11:08:04.004Z",
        "value": "68.75",
        "cumulative": false
    },
    {
        "date": "2020-12-08T11:08:05.783Z",
        "value": "79.6875",
        "cumulative": false
    },
    {
        "date": "2020-12-08T11:08:07.120Z",
        "value": "72.65625",
        "cumulative": false
    },
    {
        "date": "2020-12-08T11:08:08.886Z",
        "value": "71.09375",
        "cumulative": false
    },
    {
        "date": "2020-12-08T11:08:10.234Z",
        "value": "65.625",
        "cumulative": false
    },
    {
        "date": "2020-12-08T11:08:12.006Z",
        "value": "82.8125",
        "cumulative": false
    },
    {
        "date": "2020-12-08T11:08:13.416Z",
        "value": "74.21875",
        "cumulative": false
    },
    {
        "date": "2020-12-08T11:08:15.259Z",
        "value": "80.46875",
        "cumulative": false
    },
    {
        "date": "2020-12-08T11:08:16.592Z",
        "value": "78.90625",
        "cumulative": false
    },
    {
        "date": "2020-12-08T11:08:18.403Z",
        "value": "80.46875",
        "cumulative": false
    },
    {
        "date": "2020-12-08T11:08:19.756Z",
        "value": "81.25",
        "cumulative": false
    },
    {
        "date": "2020-12-08T11:08:21.589Z",
        "value": "80.46875",
        "cumulative": false
    },
    {
        "date": "2020-12-08T11:08:22.952Z",
        "value": "73.4375",
        "cumulative": false
    },
    {
        "date": "2020-12-08T11:08:24.777Z",
        "value": "82.8125",
        "cumulative": false
    },
    {
        "date": "2020-12-08T11:08:26.121Z",
        "value": "85.15625",
        "cumulative": false
    },
    {
        "date": "2020-12-08T11:08:27.938Z",
        "value": "82.03125",
        "cumulative": false
    },
    {
        "date": "2020-12-08T11:08:29.289Z",
        "value": "78.90625",
        "cumulative": false
    }
]