[
    {
        "date": "2020-12-08T11:07:49.509Z",
        "value": "0.2655770778656006",
        "cumulative": false
    },
    {
        "date": "2020-12-08T11:07:52.629Z",
        "value": "0.2678663730621338",
        "cumulative": false
    },
    {
        "date": "2020-12-08T11:07:55.767Z",
        "value": "0.26564526557922363",
        "cumulative": false
    },
    {
        "date": "2020-12-08T11:07:58.903Z",
        "value": "0.2680647373199463",
        "cumulative": false
    },
    {
        "date": "2020-12-08T11:08:02.043Z",
        "value": "0.2831711769104004",
        "cumulative": false
    },
    {
        "date": "2020-12-08T11:08:05.227Z",
        "value": "0.2952234745025635",
        "cumulative": false
    },
    {
        "date": "2020-12-08T11:08:08.345Z",
        "value": "0.2714545726776123",
        "cumulative": false
    },
    {
        "date": "2020-12-08T11:08:11.476Z",
        "value": "0.2585732936859131",
        "cumulative": false
    },
    {
        "date": "2020-12-08T11:08:14.715Z",
        "value": "0.2670266628265381",
        "cumulative": false
    },
    {
        "date": "2020-12-08T11:08:17.820Z",
        "value": "0.27335643768310547",
        "cumulative": false
    },
    {
        "date": "2020-12-08T11:08:21.029Z",
        "value": "0.26175999641418457",
        "cumulative": false
    },
    {
        "date": "2020-12-08T11:08:24.199Z",
        "value": "0.275315523147583",
        "cumulative": false
    },
    {
        "date": "2020-12-08T11:08:27.345Z",
        "value": "0.2581207752227783",
        "cumulative": false
    },
    {
        "date": "2020-12-08T11:08:30.510Z",
        "value": "0.2588944435119629",
        "cumulative": false
    }
]