[
    {
        "date": "2020-12-08T11:07:49.501Z",
        "value": "0.021365880966186523",
        "cumulative": false
    },
    {
        "date": "2020-12-08T11:07:52.619Z",
        "value": "0.016690731048583984",
        "cumulative": false
    },
    {
        "date": "2020-12-08T11:07:55.757Z",
        "value": "0.016415834426879883",
        "cumulative": false
    },
    {
        "date": "2020-12-08T11:07:58.889Z",
        "value": "0.01886892318725586",
        "cumulative": false
    },
    {
        "date": "2020-12-08T11:08:02.028Z",
        "value": "0.015543222427368164",
        "cumulative": false
    },
    {
        "date": "2020-12-08T11:08:05.210Z",
        "value": "0.01675105094909668",
        "cumulative": false
    },
    {
        "date": "2020-12-08T11:08:08.333Z",
        "value": "0.018151283264160156",
        "cumulative": false
    },
    {
        "date": "2020-12-08T11:08:11.460Z",
        "value": "0.02063274383544922",
        "cumulative": false
    },
    {
        "date": "2020-12-08T11:08:14.698Z",
        "value": "0.017390966415405273",
        "cumulative": false
    },
    {
        "date": "2020-12-08T11:08:17.806Z",
        "value": "0.014717578887939453",
        "cumulative": false
    },
    {
        "date": "2020-12-08T11:08:21.015Z",
        "value": "0.017111778259277344",
        "cumulative": false
    },
    {
        "date": "2020-12-08T11:08:24.183Z",
        "value": "0.01618218421936035",
        "cumulative": false
    },
    {
        "date": "2020-12-08T11:08:27.324Z",
        "value": "0.017491817474365234",
        "cumulative": false
    },
    {
        "date": "2020-12-08T11:08:30.506Z",
        "value": "0.02160787582397461",
        "cumulative": false
    }
]