[
    {
        "date": "2020-12-08T11:07:49.489Z",
        "value": "1.9040501117706299",
        "cumulative": false
    },
    {
        "date": "2020-12-08T11:07:52.627Z",
        "value": "1.5743286609649658",
        "cumulative": false
    },
    {
        "date": "2020-12-08T11:07:55.757Z",
        "value": "1.5122487545013428",
        "cumulative": false
    },
    {
        "date": "2020-12-08T11:07:58.891Z",
        "value": "1.5899157524108887",
        "cumulative": false
    },
    {
        "date": "2020-12-08T11:08:02.035Z",
        "value": "1.5583062171936035",
        "cumulative": false
    },
    {
        "date": "2020-12-08T11:08:05.202Z",
        "value": "1.623593807220459",
        "cumulative": false
    },
    {
        "date": "2020-12-08T11:08:08.332Z",
        "value": "1.5389883518218994",
        "cumulative": false
    },
    {
        "date": "2020-12-08T11:08:11.452Z",
        "value": "1.5435271263122559",
        "cumulative": false
    },
    {
        "date": "2020-12-08T11:08:14.704Z",
        "value": "1.6197984218597412",
        "cumulative": false
    },
    {
        "date": "2020-12-08T11:08:17.806Z",
        "value": "1.5332961082458496",
        "cumulative": false
    },
    {
        "date": "2020-12-08T11:08:21.032Z",
        "value": "1.5991032123565674",
        "cumulative": false
    },
    {
        "date": "2020-12-08T11:08:24.184Z",
        "value": "1.6008732318878174",
        "cumulative": false
    },
    {
        "date": "2020-12-08T11:08:27.324Z",
        "value": "1.5328114032745361",
        "cumulative": false
    },
    {
        "date": "2020-12-08T11:08:30.503Z",
        "value": "1.5614230632781982",
        "cumulative": false
    }
]