[
    {
        "date": "2020-12-08T11:07:49.501Z",
        "value": "0.1166989803314209",
        "cumulative": false
    },
    {
        "date": "2020-12-08T11:07:52.619Z",
        "value": "0.11748719215393066",
        "cumulative": false
    },
    {
        "date": "2020-12-08T11:07:55.757Z",
        "value": "0.10891222953796387",
        "cumulative": false
    },
    {
        "date": "2020-12-08T11:07:58.889Z",
        "value": "0.12620329856872559",
        "cumulative": false
    },
    {
        "date": "2020-12-08T11:08:02.028Z",
        "value": "0.11760234832763672",
        "cumulative": false
    },
    {
        "date": "2020-12-08T11:08:05.210Z",
        "value": "0.11296510696411133",
        "cumulative": false
    },
    {
        "date": "2020-12-08T11:08:08.333Z",
        "value": "0.10506486892700195",
        "cumulative": false
    },
    {
        "date": "2020-12-08T11:08:11.460Z",
        "value": "0.12122702598571777",
        "cumulative": false
    },
    {
        "date": "2020-12-08T11:08:14.698Z",
        "value": "0.13742852210998535",
        "cumulative": false
    },
    {
        "date": "2020-12-08T11:08:17.806Z",
        "value": "0.11737251281738281",
        "cumulative": false
    },
    {
        "date": "2020-12-08T11:08:21.015Z",
        "value": "0.12366843223571777",
        "cumulative": false
    },
    {
        "date": "2020-12-08T11:08:24.183Z",
        "value": "0.11190938949584961",
        "cumulative": false
    },
    {
        "date": "2020-12-08T11:08:27.324Z",
        "value": "0.12355303764343262",
        "cumulative": false
    },
    {
        "date": "2020-12-08T11:08:30.506Z",
        "value": "0.11436581611633301",
        "cumulative": false
    }
]