[
    {
        "date": "2020-12-08T11:07:49.489Z",
        "value": "4.934603929519653",
        "cumulative": false
    },
    {
        "date": "2020-12-08T11:07:52.627Z",
        "value": "2.596731424331665",
        "cumulative": false
    },
    {
        "date": "2020-12-08T11:07:55.757Z",
        "value": "2.6168084144592285",
        "cumulative": false
    },
    {
        "date": "2020-12-08T11:07:58.891Z",
        "value": "2.59021258354187",
        "cumulative": false
    },
    {
        "date": "2020-12-08T11:08:02.035Z",
        "value": "2.5983169078826904",
        "cumulative": false
    },
    {
        "date": "2020-12-08T11:08:05.202Z",
        "value": "2.6279518604278564",
        "cumulative": false
    },
    {
        "date": "2020-12-08T11:08:08.332Z",
        "value": "2.565251350402832",
        "cumulative": false
    },
    {
        "date": "2020-12-08T11:08:11.452Z",
        "value": "2.584702968597412",
        "cumulative": false
    },
    {
        "date": "2020-12-08T11:08:14.703Z",
        "value": "2.692523241043091",
        "cumulative": false
    },
    {
        "date": "2020-12-08T11:08:17.806Z",
        "value": "2.572744369506836",
        "cumulative": false
    },
    {
        "date": "2020-12-08T11:08:21.032Z",
        "value": "2.6500084400177",
        "cumulative": false
    },
    {
        "date": "2020-12-08T11:08:24.183Z",
        "value": "2.6232149600982666",
        "cumulative": false
    },
    {
        "date": "2020-12-08T11:08:27.324Z",
        "value": "2.5588366985321045",
        "cumulative": false
    },
    {
        "date": "2020-12-08T11:08:30.502Z",
        "value": "2.5753328800201416",
        "cumulative": false
    }
]