[
    {
        "date": "2020-12-08T11:07:46.835Z",
        "value": "2.4565205574035645",
        "cumulative": false
    },
    {
        "date": "2020-12-08T11:07:48.269Z",
        "value": "1.9633748531341553",
        "cumulative": false
    },
    {
        "date": "2020-12-08T11:07:50.036Z",
        "value": "1.7274879217147827",
        "cumulative": false
    },
    {
        "date": "2020-12-08T11:07:51.400Z",
        "value": "1.634103536605835",
        "cumulative": false
    },
    {
        "date": "2020-12-08T11:07:53.166Z",
        "value": "1.5011510848999023",
        "cumulative": false
    },
    {
        "date": "2020-12-08T11:07:54.513Z",
        "value": "1.3416588306427002",
        "cumulative": false
    },
    {
        "date": "2020-12-08T11:07:56.316Z",
        "value": "1.183660864830017",
        "cumulative": false
    },
    {
        "date": "2020-12-08T11:07:57.661Z",
        "value": "1.3455642461776733",
        "cumulative": false
    },
    {
        "date": "2020-12-08T11:07:59.460Z",
        "value": "1.1591912508010864",
        "cumulative": false
    },
    {
        "date": "2020-12-08T11:08:00.817Z",
        "value": "1.092619776725769",
        "cumulative": false
    },
    {
        "date": "2020-12-08T11:08:02.606Z",
        "value": "0.9301696419715881",
        "cumulative": false
    },
    {
        "date": "2020-12-08T11:08:04.002Z",
        "value": "0.8348435163497925",
        "cumulative": false
    },
    {
        "date": "2020-12-08T11:08:05.783Z",
        "value": "0.998720645904541",
        "cumulative": false
    },
    {
        "date": "2020-12-08T11:08:07.122Z",
        "value": "0.7501689195632935",
        "cumulative": false
    },
    {
        "date": "2020-12-08T11:08:08.890Z",
        "value": "0.682892382144928",
        "cumulative": false
    },
    {
        "date": "2020-12-08T11:08:10.235Z",
        "value": "0.7331929206848145",
        "cumulative": false
    },
    {
        "date": "2020-12-08T11:08:12.006Z",
        "value": "0.6373385190963745",
        "cumulative": false
    },
    {
        "date": "2020-12-08T11:08:13.414Z",
        "value": "0.7139433026313782",
        "cumulative": false
    },
    {
        "date": "2020-12-08T11:08:15.253Z",
        "value": "0.5944002270698547",
        "cumulative": false
    },
    {
        "date": "2020-12-08T11:08:16.588Z",
        "value": "0.7393612265586853",
        "cumulative": false
    },
    {
        "date": "2020-12-08T11:08:18.396Z",
        "value": "0.4104444980621338",
        "cumulative": false
    },
    {
        "date": "2020-12-08T11:08:19.755Z",
        "value": "0.6826610565185547",
        "cumulative": false
    },
    {
        "date": "2020-12-08T11:08:21.585Z",
        "value": "0.5178293585777283",
        "cumulative": false
    },
    {
        "date": "2020-12-08T11:08:22.949Z",
        "value": "0.535402774810791",
        "cumulative": false
    },
    {
        "date": "2020-12-08T11:08:24.781Z",
        "value": "0.6358237862586975",
        "cumulative": false
    },
    {
        "date": "2020-12-08T11:08:26.119Z",
        "value": "0.4931506812572479",
        "cumulative": false
    },
    {
        "date": "2020-12-08T11:08:27.934Z",
        "value": "0.4509393870830536",
        "cumulative": false
    },
    {
        "date": "2020-12-08T11:08:29.287Z",
        "value": "0.41810593008995056",
        "cumulative": false
    }
]