[
    {
        "date": "2020-12-08T11:07:46.839Z",
        "value": "2.475576400756836",
        "cumulative": false
    },
    {
        "date": "2020-12-08T11:07:48.268Z",
        "value": "1.9275848865509033",
        "cumulative": false
    },
    {
        "date": "2020-12-08T11:07:50.032Z",
        "value": "1.6816445589065552",
        "cumulative": false
    },
    {
        "date": "2020-12-08T11:07:51.397Z",
        "value": "1.5923595428466797",
        "cumulative": false
    },
    {
        "date": "2020-12-08T11:07:53.162Z",
        "value": "1.5682610273361206",
        "cumulative": false
    },
    {
        "date": "2020-12-08T11:07:54.515Z",
        "value": "1.3282054662704468",
        "cumulative": false
    },
    {
        "date": "2020-12-08T11:07:56.320Z",
        "value": "1.1329067945480347",
        "cumulative": false
    },
    {
        "date": "2020-12-08T11:07:57.664Z",
        "value": "1.262815237045288",
        "cumulative": false
    },
    {
        "date": "2020-12-08T11:07:59.464Z",
        "value": "0.9850441217422485",
        "cumulative": false
    },
    {
        "date": "2020-12-08T11:08:00.820Z",
        "value": "1.1239808797836304",
        "cumulative": false
    },
    {
        "date": "2020-12-08T11:08:02.614Z",
        "value": "0.8671162724494934",
        "cumulative": false
    },
    {
        "date": "2020-12-08T11:08:04.004Z",
        "value": "0.7993651628494263",
        "cumulative": false
    },
    {
        "date": "2020-12-08T11:08:05.781Z",
        "value": "0.6759780049324036",
        "cumulative": false
    },
    {
        "date": "2020-12-08T11:08:07.125Z",
        "value": "0.7279922962188721",
        "cumulative": false
    },
    {
        "date": "2020-12-08T11:08:08.885Z",
        "value": "0.6904690265655518",
        "cumulative": false
    },
    {
        "date": "2020-12-08T11:08:10.234Z",
        "value": "0.7998718023300171",
        "cumulative": false
    },
    {
        "date": "2020-12-08T11:08:12.006Z",
        "value": "0.6426329612731934",
        "cumulative": false
    },
    {
        "date": "2020-12-08T11:08:13.415Z",
        "value": "0.7740738987922668",
        "cumulative": false
    },
    {
        "date": "2020-12-08T11:08:15.258Z",
        "value": "0.65870201587677",
        "cumulative": false
    },
    {
        "date": "2020-12-08T11:08:16.592Z",
        "value": "0.618640661239624",
        "cumulative": false
    },
    {
        "date": "2020-12-08T11:08:18.400Z",
        "value": "0.6143174171447754",
        "cumulative": false
    },
    {
        "date": "2020-12-08T11:08:19.754Z",
        "value": "0.5882352590560913",
        "cumulative": false
    },
    {
        "date": "2020-12-08T11:08:21.584Z",
        "value": "0.6257436275482178",
        "cumulative": false
    },
    {
        "date": "2020-12-08T11:08:22.951Z",
        "value": "0.6203744411468506",
        "cumulative": false
    },
    {
        "date": "2020-12-08T11:08:24.780Z",
        "value": "0.5526191592216492",
        "cumulative": false
    },
    {
        "date": "2020-12-08T11:08:26.116Z",
        "value": "0.4981725811958313",
        "cumulative": false
    },
    {
        "date": "2020-12-08T11:08:27.936Z",
        "value": "0.6154953241348267",
        "cumulative": false
    },
    {
        "date": "2020-12-08T11:08:29.289Z",
        "value": "0.4840303659439087",
        "cumulative": false
    }
]