[
    {
        "date": "2020-12-08T11:07:49.496Z",
        "value": "0.2568395137786865",
        "cumulative": false
    },
    {
        "date": "2020-12-08T11:07:52.620Z",
        "value": "0.25781726837158203",
        "cumulative": false
    },
    {
        "date": "2020-12-08T11:07:55.759Z",
        "value": "0.27321338653564453",
        "cumulative": false
    },
    {
        "date": "2020-12-08T11:07:58.894Z",
        "value": "0.25644636154174805",
        "cumulative": false
    },
    {
        "date": "2020-12-08T11:08:02.044Z",
        "value": "0.2652466297149658",
        "cumulative": false
    },
    {
        "date": "2020-12-08T11:08:05.214Z",
        "value": "0.2585422992706299",
        "cumulative": false
    },
    {
        "date": "2020-12-08T11:08:08.340Z",
        "value": "0.25812482833862305",
        "cumulative": false
    },
    {
        "date": "2020-12-08T11:08:11.464Z",
        "value": "0.26530885696411133",
        "cumulative": false
    },
    {
        "date": "2020-12-08T11:08:14.707Z",
        "value": "0.2607862949371338",
        "cumulative": false
    },
    {
        "date": "2020-12-08T11:08:17.811Z",
        "value": "0.2658700942993164",
        "cumulative": false
    },
    {
        "date": "2020-12-08T11:08:21.015Z",
        "value": "0.2709686756134033",
        "cumulative": false
    },
    {
        "date": "2020-12-08T11:08:24.196Z",
        "value": "0.24820446968078613",
        "cumulative": false
    },
    {
        "date": "2020-12-08T11:08:27.335Z",
        "value": "0.263347864151001",
        "cumulative": false
    },
    {
        "date": "2020-12-08T11:08:30.507Z",
        "value": "0.2608013153076172",
        "cumulative": false
    }
]