[
    {
        "date": "2020-12-08T11:07:49.509Z",
        "value": "0.12056827545166016",
        "cumulative": false
    },
    {
        "date": "2020-12-08T11:07:52.629Z",
        "value": "0.1287384033203125",
        "cumulative": false
    },
    {
        "date": "2020-12-08T11:07:55.779Z",
        "value": "0.12370777130126953",
        "cumulative": false
    },
    {
        "date": "2020-12-08T11:07:58.899Z",
        "value": "0.1306302547454834",
        "cumulative": false
    },
    {
        "date": "2020-12-08T11:08:02.036Z",
        "value": "0.1242215633392334",
        "cumulative": false
    },
    {
        "date": "2020-12-08T11:08:05.217Z",
        "value": "0.13126468658447266",
        "cumulative": false
    },
    {
        "date": "2020-12-08T11:08:08.340Z",
        "value": "0.12073469161987305",
        "cumulative": false
    },
    {
        "date": "2020-12-08T11:08:11.460Z",
        "value": "0.12897586822509766",
        "cumulative": false
    },
    {
        "date": "2020-12-08T11:08:14.706Z",
        "value": "0.1265249252319336",
        "cumulative": false
    },
    {
        "date": "2020-12-08T11:08:17.818Z",
        "value": "0.12141752243041992",
        "cumulative": false
    },
    {
        "date": "2020-12-08T11:08:21.030Z",
        "value": "0.12534189224243164",
        "cumulative": false
    },
    {
        "date": "2020-12-08T11:08:24.197Z",
        "value": "0.11466860771179199",
        "cumulative": false
    },
    {
        "date": "2020-12-08T11:08:27.332Z",
        "value": "0.12667179107666016",
        "cumulative": false
    },
    {
        "date": "2020-12-08T11:08:30.506Z",
        "value": "0.13340473175048828",
        "cumulative": false
    }
]