[
    {
        "date": "2020-12-08T11:07:46.841Z",
        "value": "10.15625",
        "cumulative": false
    },
    {
        "date": "2020-12-08T11:07:48.270Z",
        "value": "30.46875",
        "cumulative": false
    },
    {
        "date": "2020-12-08T11:07:50.032Z",
        "value": "31.25",
        "cumulative": false
    },
    {
        "date": "2020-12-08T11:07:51.397Z",
        "value": "36.71875",
        "cumulative": false
    },
    {
        "date": "2020-12-08T11:07:53.162Z",
        "value": "43.75",
        "cumulative": false
    },
    {
        "date": "2020-12-08T11:07:54.516Z",
        "value": "54.6875",
        "cumulative": false
    },
    {
        "date": "2020-12-08T11:07:56.320Z",
        "value": "59.375",
        "cumulative": false
    },
    {
        "date": "2020-12-08T11:07:57.664Z",
        "value": "49.21875",
        "cumulative": false
    },
    {
        "date": "2020-12-08T11:07:59.464Z",
        "value": "70.3125",
        "cumulative": false
    },
    {
        "date": "2020-12-08T11:08:00.820Z",
        "value": "58.59375",
        "cumulative": false
    },
    {
        "date": "2020-12-08T11:08:02.615Z",
        "value": "69.53125",
        "cumulative": false
    },
    {
        "date": "2020-12-08T11:08:04.004Z",
        "value": "71.09375",
        "cumulative": false
    },
    {
        "date": "2020-12-08T11:08:05.781Z",
        "value": "75.0",
        "cumulative": false
    },
    {
        "date": "2020-12-08T11:08:07.125Z",
        "value": "75.0",
        "cumulative": false
    },
    {
        "date": "2020-12-08T11:08:08.885Z",
        "value": "78.125",
        "cumulative": false
    },
    {
        "date": "2020-12-08T11:08:10.234Z",
        "value": "71.09375",
        "cumulative": false
    },
    {
        "date": "2020-12-08T11:08:12.006Z",
        "value": "78.125",
        "cumulative": false
    },
    {
        "date": "2020-12-08T11:08:13.415Z",
        "value": "73.4375",
        "cumulative": false
    },
    {
        "date": "2020-12-08T11:08:15.258Z",
        "value": "76.5625",
        "cumulative": false
    },
    {
        "date": "2020-12-08T11:08:16.592Z",
        "value": "76.5625",
        "cumulative": false
    },
    {
        "date": "2020-12-08T11:08:18.400Z",
        "value": "78.90625",
        "cumulative": false
    },
    {
        "date": "2020-12-08T11:08:19.754Z",
        "value": "78.125",
        "cumulative": false
    },
    {
        "date": "2020-12-08T11:08:21.585Z",
        "value": "81.25",
        "cumulative": false
    },
    {
        "date": "2020-12-08T11:08:22.951Z",
        "value": "78.90625",
        "cumulative": false
    },
    {
        "date": "2020-12-08T11:08:24.781Z",
        "value": "84.375",
        "cumulative": false
    },
    {
        "date": "2020-12-08T11:08:26.116Z",
        "value": "84.375",
        "cumulative": false
    },
    {
        "date": "2020-12-08T11:08:27.936Z",
        "value": "80.46875",
        "cumulative": false
    },
    {
        "date": "2020-12-08T11:08:29.289Z",
        "value": "78.125",
        "cumulative": false
    }
]