[
    {
        "date": "2020-12-08T11:07:49.502Z",
        "value": "0.02933669090270996",
        "cumulative": false
    },
    {
        "date": "2020-12-08T11:07:52.627Z",
        "value": "0.03311729431152344",
        "cumulative": false
    },
    {
        "date": "2020-12-08T11:07:55.769Z",
        "value": "0.03160715103149414",
        "cumulative": false
    },
    {
        "date": "2020-12-08T11:07:58.900Z",
        "value": "0.030428171157836914",
        "cumulative": false
    },
    {
        "date": "2020-12-08T11:08:02.036Z",
        "value": "0.029818296432495117",
        "cumulative": false
    },
    {
        "date": "2020-12-08T11:08:05.213Z",
        "value": "0.030527830123901367",
        "cumulative": false
    },
    {
        "date": "2020-12-08T11:08:08.341Z",
        "value": "0.03034496307373047",
        "cumulative": false
    },
    {
        "date": "2020-12-08T11:08:11.461Z",
        "value": "0.03481936454772949",
        "cumulative": false
    },
    {
        "date": "2020-12-08T11:08:14.707Z",
        "value": "0.03330183029174805",
        "cumulative": false
    },
    {
        "date": "2020-12-08T11:08:17.821Z",
        "value": "0.030460834503173828",
        "cumulative": false
    },
    {
        "date": "2020-12-08T11:08:21.022Z",
        "value": "0.031020402908325195",
        "cumulative": false
    },
    {
        "date": "2020-12-08T11:08:24.195Z",
        "value": "0.029883861541748047",
        "cumulative": false
    },
    {
        "date": "2020-12-08T11:08:27.335Z",
        "value": "0.030811071395874023",
        "cumulative": false
    },
    {
        "date": "2020-12-08T11:08:30.518Z",
        "value": "0.03220558166503906",
        "cumulative": false
    }
]