[
    {
        "date": "2020-12-08T11:07:49.509Z",
        "value": "0.12817716598510742",
        "cumulative": false
    },
    {
        "date": "2020-12-08T11:07:52.629Z",
        "value": "0.1547706127166748",
        "cumulative": false
    },
    {
        "date": "2020-12-08T11:07:55.767Z",
        "value": "0.12633585929870605",
        "cumulative": false
    },
    {
        "date": "2020-12-08T11:07:58.903Z",
        "value": "0.13102149963378906",
        "cumulative": false
    },
    {
        "date": "2020-12-08T11:08:02.043Z",
        "value": "0.13522934913635254",
        "cumulative": false
    },
    {
        "date": "2020-12-08T11:08:05.226Z",
        "value": "0.14415192604064941",
        "cumulative": false
    },
    {
        "date": "2020-12-08T11:08:08.345Z",
        "value": "0.13193178176879883",
        "cumulative": false
    },
    {
        "date": "2020-12-08T11:08:11.476Z",
        "value": "0.11736416816711426",
        "cumulative": false
    },
    {
        "date": "2020-12-08T11:08:14.714Z",
        "value": "0.11855649948120117",
        "cumulative": false
    },
    {
        "date": "2020-12-08T11:08:17.820Z",
        "value": "0.1313629150390625",
        "cumulative": false
    },
    {
        "date": "2020-12-08T11:08:21.029Z",
        "value": "0.12946176528930664",
        "cumulative": false
    },
    {
        "date": "2020-12-08T11:08:24.199Z",
        "value": "0.13130736351013184",
        "cumulative": false
    },
    {
        "date": "2020-12-08T11:08:27.345Z",
        "value": "0.11782455444335938",
        "cumulative": false
    },
    {
        "date": "2020-12-08T11:08:30.510Z",
        "value": "0.13585734367370605",
        "cumulative": false
    }
]