[
    {
        "date": "2020-12-08T11:07:46.838Z",
        "value": "56.25",
        "cumulative": false
    },
    {
        "date": "2020-12-08T11:07:48.269Z",
        "value": "85.15625",
        "cumulative": false
    },
    {
        "date": "2020-12-08T11:07:50.035Z",
        "value": "82.8125",
        "cumulative": false
    },
    {
        "date": "2020-12-08T11:07:51.394Z",
        "value": "85.9375",
        "cumulative": false
    },
    {
        "date": "2020-12-08T11:07:53.159Z",
        "value": "97.65625",
        "cumulative": false
    },
    {
        "date": "2020-12-08T11:07:54.513Z",
        "value": "96.875",
        "cumulative": false
    },
    {
        "date": "2020-12-08T11:07:56.318Z",
        "value": "94.53125",
        "cumulative": false
    },
    {
        "date": "2020-12-08T11:07:57.666Z",
        "value": "93.75",
        "cumulative": false
    },
    {
        "date": "2020-12-08T11:07:59.454Z",
        "value": "99.21875",
        "cumulative": false
    },
    {
        "date": "2020-12-08T11:08:00.817Z",
        "value": "95.3125",
        "cumulative": false
    },
    {
        "date": "2020-12-08T11:08:02.609Z",
        "value": "98.4375",
        "cumulative": false
    },
    {
        "date": "2020-12-08T11:08:04.006Z",
        "value": "98.4375",
        "cumulative": false
    },
    {
        "date": "2020-12-08T11:08:05.777Z",
        "value": "99.21875",
        "cumulative": false
    },
    {
        "date": "2020-12-08T11:08:07.123Z",
        "value": "98.4375",
        "cumulative": false
    },
    {
        "date": "2020-12-08T11:08:08.890Z",
        "value": "100.0",
        "cumulative": false
    },
    {
        "date": "2020-12-08T11:08:10.236Z",
        "value": "98.4375",
        "cumulative": false
    },
    {
        "date": "2020-12-08T11:08:12.009Z",
        "value": "99.21875",
        "cumulative": false
    },
    {
        "date": "2020-12-08T11:08:13.414Z",
        "value": "97.65625",
        "cumulative": false
    },
    {
        "date": "2020-12-08T11:08:15.256Z",
        "value": "100.0",
        "cumulative": false
    },
    {
        "date": "2020-12-08T11:08:16.588Z",
        "value": "98.4375",
        "cumulative": false
    },
    {
        "date": "2020-12-08T11:08:18.391Z",
        "value": "98.4375",
        "cumulative": false
    },
    {
        "date": "2020-12-08T11:08:19.752Z",
        "value": "100.0",
        "cumulative": false
    },
    {
        "date": "2020-12-08T11:08:21.578Z",
        "value": "100.0",
        "cumulative": false
    },
    {
        "date": "2020-12-08T11:08:22.949Z",
        "value": "99.21875",
        "cumulative": false
    },
    {
        "date": "2020-12-08T11:08:24.779Z",
        "value": "100.0",
        "cumulative": false
    },
    {
        "date": "2020-12-08T11:08:26.113Z",
        "value": "99.21875",
        "cumulative": false
    },
    {
        "date": "2020-12-08T11:08:27.928Z",
        "value": "99.21875",
        "cumulative": false
    },
    {
        "date": "2020-12-08T11:08:29.286Z",
        "value": "100.0",
        "cumulative": false
    }
]