[
    {
        "date": "2020-12-08T11:07:49.498Z",
        "value": "0.025761127471923828",
        "cumulative": false
    },
    {
        "date": "2020-12-08T11:07:52.621Z",
        "value": "0.03243565559387207",
        "cumulative": false
    },
    {
        "date": "2020-12-08T11:07:55.762Z",
        "value": "0.020230531692504883",
        "cumulative": false
    },
    {
        "date": "2020-12-08T11:07:58.900Z",
        "value": "0.018889427185058594",
        "cumulative": false
    },
    {
        "date": "2020-12-08T11:08:02.043Z",
        "value": "0.023839950561523438",
        "cumulative": false
    },
    {
        "date": "2020-12-08T11:08:05.223Z",
        "value": "0.017330169677734375",
        "cumulative": false
    },
    {
        "date": "2020-12-08T11:08:08.341Z",
        "value": "0.01932239532470703",
        "cumulative": false
    },
    {
        "date": "2020-12-08T11:08:11.457Z",
        "value": "0.018055438995361328",
        "cumulative": false
    },
    {
        "date": "2020-12-08T11:08:14.713Z",
        "value": "0.0197293758392334",
        "cumulative": false
    },
    {
        "date": "2020-12-08T11:08:17.819Z",
        "value": "0.02286076545715332",
        "cumulative": false
    },
    {
        "date": "2020-12-08T11:08:21.022Z",
        "value": "0.024329662322998047",
        "cumulative": false
    },
    {
        "date": "2020-12-08T11:08:24.205Z",
        "value": "0.021702289581298828",
        "cumulative": false
    },
    {
        "date": "2020-12-08T11:08:27.336Z",
        "value": "0.02677750587463379",
        "cumulative": false
    },
    {
        "date": "2020-12-08T11:08:30.503Z",
        "value": "0.025199174880981445",
        "cumulative": false
    }
]