[
    {
        "date": "2020-12-08T11:07:49.498Z",
        "value": "1.466320276260376",
        "cumulative": false
    },
    {
        "date": "2020-12-08T11:07:52.621Z",
        "value": "1.4269251823425293",
        "cumulative": false
    },
    {
        "date": "2020-12-08T11:07:55.762Z",
        "value": "1.4024734497070312",
        "cumulative": false
    },
    {
        "date": "2020-12-08T11:07:58.900Z",
        "value": "1.4362208843231201",
        "cumulative": false
    },
    {
        "date": "2020-12-08T11:08:02.043Z",
        "value": "1.396700143814087",
        "cumulative": false
    },
    {
        "date": "2020-12-08T11:08:05.223Z",
        "value": "1.4098656177520752",
        "cumulative": false
    },
    {
        "date": "2020-12-08T11:08:08.341Z",
        "value": "1.3868663311004639",
        "cumulative": false
    },
    {
        "date": "2020-12-08T11:08:11.457Z",
        "value": "1.4164807796478271",
        "cumulative": false
    },
    {
        "date": "2020-12-08T11:08:14.713Z",
        "value": "1.4432837963104248",
        "cumulative": false
    },
    {
        "date": "2020-12-08T11:08:17.819Z",
        "value": "1.4380712509155273",
        "cumulative": false
    },
    {
        "date": "2020-12-08T11:08:21.022Z",
        "value": "1.4727058410644531",
        "cumulative": false
    },
    {
        "date": "2020-12-08T11:08:24.205Z",
        "value": "1.3476147651672363",
        "cumulative": false
    },
    {
        "date": "2020-12-08T11:08:27.336Z",
        "value": "1.296684980392456",
        "cumulative": false
    },
    {
        "date": "2020-12-08T11:08:30.503Z",
        "value": "1.4270224571228027",
        "cumulative": false
    }
]