[
    {
        "date": "2020-12-08T11:07:46.838Z",
        "value": "15.625",
        "cumulative": false
    },
    {
        "date": "2020-12-08T11:07:48.267Z",
        "value": "25.0",
        "cumulative": false
    },
    {
        "date": "2020-12-08T11:07:50.035Z",
        "value": "32.03125",
        "cumulative": false
    },
    {
        "date": "2020-12-08T11:07:51.394Z",
        "value": "39.84375",
        "cumulative": false
    },
    {
        "date": "2020-12-08T11:07:53.159Z",
        "value": "46.875",
        "cumulative": false
    },
    {
        "date": "2020-12-08T11:07:54.513Z",
        "value": "50.0",
        "cumulative": false
    },
    {
        "date": "2020-12-08T11:07:56.318Z",
        "value": "51.5625",
        "cumulative": false
    },
    {
        "date": "2020-12-08T11:07:57.666Z",
        "value": "54.6875",
        "cumulative": false
    },
    {
        "date": "2020-12-08T11:07:59.454Z",
        "value": "60.15625",
        "cumulative": false
    },
    {
        "date": "2020-12-08T11:08:00.817Z",
        "value": "64.84375",
        "cumulative": false
    },
    {
        "date": "2020-12-08T11:08:02.609Z",
        "value": "72.65625",
        "cumulative": false
    },
    {
        "date": "2020-12-08T11:08:04.006Z",
        "value": "67.1875",
        "cumulative": false
    },
    {
        "date": "2020-12-08T11:08:05.777Z",
        "value": "73.4375",
        "cumulative": false
    },
    {
        "date": "2020-12-08T11:08:07.123Z",
        "value": "74.21875",
        "cumulative": false
    },
    {
        "date": "2020-12-08T11:08:08.890Z",
        "value": "73.4375",
        "cumulative": false
    },
    {
        "date": "2020-12-08T11:08:10.235Z",
        "value": "78.125",
        "cumulative": false
    },
    {
        "date": "2020-12-08T11:08:12.009Z",
        "value": "77.34375",
        "cumulative": false
    },
    {
        "date": "2020-12-08T11:08:13.414Z",
        "value": "78.90625",
        "cumulative": false
    },
    {
        "date": "2020-12-08T11:08:15.256Z",
        "value": "83.59375",
        "cumulative": false
    },
    {
        "date": "2020-12-08T11:08:16.588Z",
        "value": "80.46875",
        "cumulative": false
    },
    {
        "date": "2020-12-08T11:08:18.391Z",
        "value": "75.0",
        "cumulative": false
    },
    {
        "date": "2020-12-08T11:08:19.752Z",
        "value": "78.125",
        "cumulative": false
    },
    {
        "date": "2020-12-08T11:08:21.578Z",
        "value": "80.46875",
        "cumulative": false
    },
    {
        "date": "2020-12-08T11:08:22.949Z",
        "value": "79.6875",
        "cumulative": false
    },
    {
        "date": "2020-12-08T11:08:24.779Z",
        "value": "85.15625",
        "cumulative": false
    },
    {
        "date": "2020-12-08T11:08:26.113Z",
        "value": "80.46875",
        "cumulative": false
    },
    {
        "date": "2020-12-08T11:08:27.928Z",
        "value": "82.8125",
        "cumulative": false
    },
    {
        "date": "2020-12-08T11:08:29.286Z",
        "value": "85.9375",
        "cumulative": false
    }
]