[
    {
        "date": "2020-12-08T11:07:49.498Z",
        "value": "0.1270766258239746",
        "cumulative": false
    },
    {
        "date": "2020-12-08T11:07:52.627Z",
        "value": "0.11973905563354492",
        "cumulative": false
    },
    {
        "date": "2020-12-08T11:07:55.760Z",
        "value": "0.12112188339233398",
        "cumulative": false
    },
    {
        "date": "2020-12-08T11:07:58.894Z",
        "value": "0.13254451751708984",
        "cumulative": false
    },
    {
        "date": "2020-12-08T11:08:02.035Z",
        "value": "0.12143468856811523",
        "cumulative": false
    },
    {
        "date": "2020-12-08T11:08:05.208Z",
        "value": "0.13313817977905273",
        "cumulative": false
    },
    {
        "date": "2020-12-08T11:08:08.337Z",
        "value": "0.12377738952636719",
        "cumulative": false
    },
    {
        "date": "2020-12-08T11:08:11.458Z",
        "value": "0.12880516052246094",
        "cumulative": false
    },
    {
        "date": "2020-12-08T11:08:14.702Z",
        "value": "0.13755273818969727",
        "cumulative": false
    },
    {
        "date": "2020-12-08T11:08:17.825Z",
        "value": "0.12224769592285156",
        "cumulative": false
    },
    {
        "date": "2020-12-08T11:08:21.032Z",
        "value": "0.14266204833984375",
        "cumulative": false
    },
    {
        "date": "2020-12-08T11:08:24.196Z",
        "value": "0.12273907661437988",
        "cumulative": false
    },
    {
        "date": "2020-12-08T11:08:27.328Z",
        "value": "0.12275004386901855",
        "cumulative": false
    },
    {
        "date": "2020-12-08T11:08:30.499Z",
        "value": "0.12254762649536133",
        "cumulative": false
    }
]