[
    {
        "date": "2020-12-08T11:07:49.489Z",
        "value": "0.007779121398925781",
        "cumulative": false
    },
    {
        "date": "2020-12-08T11:07:52.627Z",
        "value": "0.007544994354248047",
        "cumulative": false
    },
    {
        "date": "2020-12-08T11:07:55.757Z",
        "value": "0.00867605209350586",
        "cumulative": false
    },
    {
        "date": "2020-12-08T11:07:58.891Z",
        "value": "0.0077152252197265625",
        "cumulative": false
    },
    {
        "date": "2020-12-08T11:08:02.035Z",
        "value": "0.0079803466796875",
        "cumulative": false
    },
    {
        "date": "2020-12-08T11:08:05.202Z",
        "value": "0.008302688598632812",
        "cumulative": false
    },
    {
        "date": "2020-12-08T11:08:08.332Z",
        "value": "0.00797414779663086",
        "cumulative": false
    },
    {
        "date": "2020-12-08T11:08:11.452Z",
        "value": "0.008308172225952148",
        "cumulative": false
    },
    {
        "date": "2020-12-08T11:08:14.704Z",
        "value": "0.008481502532958984",
        "cumulative": false
    },
    {
        "date": "2020-12-08T11:08:17.806Z",
        "value": "0.007905006408691406",
        "cumulative": false
    },
    {
        "date": "2020-12-08T11:08:21.032Z",
        "value": "0.008684158325195312",
        "cumulative": false
    },
    {
        "date": "2020-12-08T11:08:24.184Z",
        "value": "0.00828099250793457",
        "cumulative": false
    },
    {
        "date": "2020-12-08T11:08:27.324Z",
        "value": "0.007780790328979492",
        "cumulative": false
    },
    {
        "date": "2020-12-08T11:08:30.503Z",
        "value": "0.008371591567993164",
        "cumulative": false
    }
]