[
    {
        "date": "2020-12-08T11:07:49.498Z",
        "value": "4.942269563674927",
        "cumulative": false
    },
    {
        "date": "2020-12-08T11:07:52.627Z",
        "value": "2.579991102218628",
        "cumulative": false
    },
    {
        "date": "2020-12-08T11:07:55.760Z",
        "value": "2.5865299701690674",
        "cumulative": false
    },
    {
        "date": "2020-12-08T11:07:58.894Z",
        "value": "2.5761325359344482",
        "cumulative": false
    },
    {
        "date": "2020-12-08T11:08:02.035Z",
        "value": "2.5682730674743652",
        "cumulative": false
    },
    {
        "date": "2020-12-08T11:08:05.207Z",
        "value": "2.6111388206481934",
        "cumulative": false
    },
    {
        "date": "2020-12-08T11:08:08.337Z",
        "value": "2.553433656692505",
        "cumulative": false
    },
    {
        "date": "2020-12-08T11:08:11.458Z",
        "value": "2.5644638538360596",
        "cumulative": false
    },
    {
        "date": "2020-12-08T11:08:14.702Z",
        "value": "2.6852211952209473",
        "cumulative": false
    },
    {
        "date": "2020-12-08T11:08:17.825Z",
        "value": "2.5580546855926514",
        "cumulative": false
    },
    {
        "date": "2020-12-08T11:08:21.032Z",
        "value": "2.630774974822998",
        "cumulative": false
    },
    {
        "date": "2020-12-08T11:08:24.195Z",
        "value": "2.6098685264587402",
        "cumulative": false
    },
    {
        "date": "2020-12-08T11:08:27.328Z",
        "value": "2.5383307933807373",
        "cumulative": false
    },
    {
        "date": "2020-12-08T11:08:30.499Z",
        "value": "2.5553619861602783",
        "cumulative": false
    }
]