[
    {
        "date": "2020-12-08T11:07:49.509Z",
        "value": "1.5226209163665771",
        "cumulative": false
    },
    {
        "date": "2020-12-08T11:07:52.629Z",
        "value": "1.3454737663269043",
        "cumulative": false
    },
    {
        "date": "2020-12-08T11:07:55.767Z",
        "value": "1.3804209232330322",
        "cumulative": false
    },
    {
        "date": "2020-12-08T11:07:58.903Z",
        "value": "1.3643357753753662",
        "cumulative": false
    },
    {
        "date": "2020-12-08T11:08:02.043Z",
        "value": "1.31951904296875",
        "cumulative": false
    },
    {
        "date": "2020-12-08T11:08:05.227Z",
        "value": "1.342090129852295",
        "cumulative": false
    },
    {
        "date": "2020-12-08T11:08:08.345Z",
        "value": "1.323352336883545",
        "cumulative": false
    },
    {
        "date": "2020-12-08T11:08:11.476Z",
        "value": "1.41121506690979",
        "cumulative": false
    },
    {
        "date": "2020-12-08T11:08:14.715Z",
        "value": "1.5133888721466064",
        "cumulative": false
    },
    {
        "date": "2020-12-08T11:08:17.820Z",
        "value": "1.3679571151733398",
        "cumulative": false
    },
    {
        "date": "2020-12-08T11:08:21.029Z",
        "value": "1.4462037086486816",
        "cumulative": false
    },
    {
        "date": "2020-12-08T11:08:24.199Z",
        "value": "1.3742034435272217",
        "cumulative": false
    },
    {
        "date": "2020-12-08T11:08:27.345Z",
        "value": "1.381420612335205",
        "cumulative": false
    },
    {
        "date": "2020-12-08T11:08:30.510Z",
        "value": "1.3464443683624268",
        "cumulative": false
    }
]