[
    {
        "date": "2020-12-08T11:07:46.844Z",
        "value": "2.527712106704712",
        "cumulative": false
    },
    {
        "date": "2020-12-08T11:07:48.273Z",
        "value": "2.0049633979797363",
        "cumulative": false
    },
    {
        "date": "2020-12-08T11:07:50.042Z",
        "value": "1.802184820175171",
        "cumulative": false
    },
    {
        "date": "2020-12-08T11:07:51.403Z",
        "value": "1.7036066055297852",
        "cumulative": false
    },
    {
        "date": "2020-12-08T11:07:53.176Z",
        "value": "1.484959363937378",
        "cumulative": false
    },
    {
        "date": "2020-12-08T11:07:54.525Z",
        "value": "1.4015085697174072",
        "cumulative": false
    },
    {
        "date": "2020-12-08T11:07:56.327Z",
        "value": "1.2200199365615845",
        "cumulative": false
    },
    {
        "date": "2020-12-08T11:07:57.670Z",
        "value": "1.0643646717071533",
        "cumulative": false
    },
    {
        "date": "2020-12-08T11:07:59.466Z",
        "value": "1.1499582529067993",
        "cumulative": false
    },
    {
        "date": "2020-12-08T11:08:00.820Z",
        "value": "1.1093580722808838",
        "cumulative": false
    },
    {
        "date": "2020-12-08T11:08:02.615Z",
        "value": "1.0764087438583374",
        "cumulative": false
    },
    {
        "date": "2020-12-08T11:08:04.009Z",
        "value": "0.7981072068214417",
        "cumulative": false
    },
    {
        "date": "2020-12-08T11:08:05.781Z",
        "value": "0.6973975896835327",
        "cumulative": false
    },
    {
        "date": "2020-12-08T11:08:07.126Z",
        "value": "0.8008866906166077",
        "cumulative": false
    },
    {
        "date": "2020-12-08T11:08:08.897Z",
        "value": "0.814616322517395",
        "cumulative": false
    },
    {
        "date": "2020-12-08T11:08:10.239Z",
        "value": "0.7686604857444763",
        "cumulative": false
    },
    {
        "date": "2020-12-08T11:08:12.013Z",
        "value": "0.6310609579086304",
        "cumulative": false
    },
    {
        "date": "2020-12-08T11:08:13.420Z",
        "value": "0.6478497385978699",
        "cumulative": false
    },
    {
        "date": "2020-12-08T11:08:15.259Z",
        "value": "0.7293166518211365",
        "cumulative": false
    },
    {
        "date": "2020-12-08T11:08:16.604Z",
        "value": "0.5956348180770874",
        "cumulative": false
    },
    {
        "date": "2020-12-08T11:08:18.405Z",
        "value": "0.6651415228843689",
        "cumulative": false
    },
    {
        "date": "2020-12-08T11:08:19.763Z",
        "value": "0.4822975993156433",
        "cumulative": false
    },
    {
        "date": "2020-12-08T11:08:21.593Z",
        "value": "0.5186837911605835",
        "cumulative": false
    },
    {
        "date": "2020-12-08T11:08:22.957Z",
        "value": "0.410202294588089",
        "cumulative": false
    },
    {
        "date": "2020-12-08T11:08:24.781Z",
        "value": "0.5623506903648376",
        "cumulative": false
    },
    {
        "date": "2020-12-08T11:08:26.122Z",
        "value": "0.4916438162326813",
        "cumulative": false
    },
    {
        "date": "2020-12-08T11:08:27.945Z",
        "value": "0.4843089282512665",
        "cumulative": false
    },
    {
        "date": "2020-12-08T11:08:29.290Z",
        "value": "0.5701795816421509",
        "cumulative": false
    }
]