[
    {
        "date": "2020-12-08T11:07:49.498Z",
        "value": "0.34166550636291504",
        "cumulative": false
    },
    {
        "date": "2020-12-08T11:07:52.621Z",
        "value": "0.3170497417449951",
        "cumulative": false
    },
    {
        "date": "2020-12-08T11:07:55.762Z",
        "value": "0.3302934169769287",
        "cumulative": false
    },
    {
        "date": "2020-12-08T11:07:58.900Z",
        "value": "0.31061768531799316",
        "cumulative": false
    },
    {
        "date": "2020-12-08T11:08:02.043Z",
        "value": "0.3168315887451172",
        "cumulative": false
    },
    {
        "date": "2020-12-08T11:08:05.223Z",
        "value": "0.3284599781036377",
        "cumulative": false
    },
    {
        "date": "2020-12-08T11:08:08.341Z",
        "value": "0.33812832832336426",
        "cumulative": false
    },
    {
        "date": "2020-12-08T11:08:11.457Z",
        "value": "0.3196258544921875",
        "cumulative": false
    },
    {
        "date": "2020-12-08T11:08:14.713Z",
        "value": "0.34171414375305176",
        "cumulative": false
    },
    {
        "date": "2020-12-08T11:08:17.819Z",
        "value": "0.3176743984222412",
        "cumulative": false
    },
    {
        "date": "2020-12-08T11:08:21.022Z",
        "value": "0.310823917388916",
        "cumulative": false
    },
    {
        "date": "2020-12-08T11:08:24.205Z",
        "value": "0.33409786224365234",
        "cumulative": false
    },
    {
        "date": "2020-12-08T11:08:27.336Z",
        "value": "0.3460569381713867",
        "cumulative": false
    },
    {
        "date": "2020-12-08T11:08:30.503Z",
        "value": "0.31886768341064453",
        "cumulative": false
    }
]