[
    {
        "date": "2020-12-08T11:07:49.489Z",
        "value": "2.3543429374694824",
        "cumulative": false
    },
    {
        "date": "2020-12-08T11:07:52.627Z",
        "value": "0.3279745578765869",
        "cumulative": false
    },
    {
        "date": "2020-12-08T11:07:55.757Z",
        "value": "0.3666393756866455",
        "cumulative": false
    },
    {
        "date": "2020-12-08T11:07:58.891Z",
        "value": "0.31445741653442383",
        "cumulative": false
    },
    {
        "date": "2020-12-08T11:08:02.035Z",
        "value": "0.35036563873291016",
        "cumulative": false
    },
    {
        "date": "2020-12-08T11:08:05.202Z",
        "value": "0.3285088539123535",
        "cumulative": false
    },
    {
        "date": "2020-12-08T11:08:08.332Z",
        "value": "0.34281325340270996",
        "cumulative": false
    },
    {
        "date": "2020-12-08T11:08:11.452Z",
        "value": "0.34120988845825195",
        "cumulative": false
    },
    {
        "date": "2020-12-08T11:08:14.704Z",
        "value": "0.3530726432800293",
        "cumulative": false
    },
    {
        "date": "2020-12-08T11:08:17.806Z",
        "value": "0.3288717269897461",
        "cumulative": false
    },
    {
        "date": "2020-12-08T11:08:21.032Z",
        "value": "0.32080721855163574",
        "cumulative": false
    },
    {
        "date": "2020-12-08T11:08:24.184Z",
        "value": "0.3302922248840332",
        "cumulative": false
    },
    {
        "date": "2020-12-08T11:08:27.324Z",
        "value": "0.3316483497619629",
        "cumulative": false
    },
    {
        "date": "2020-12-08T11:08:30.502Z",
        "value": "0.33826422691345215",
        "cumulative": false
    }
]