[
    {
        "date": "2020-12-08T11:07:46.840Z",
        "value": "2.4867031574249268",
        "cumulative": false
    },
    {
        "date": "2020-12-08T11:07:48.272Z",
        "value": "2.032193899154663",
        "cumulative": false
    },
    {
        "date": "2020-12-08T11:07:50.041Z",
        "value": "1.7381689548492432",
        "cumulative": false
    },
    {
        "date": "2020-12-08T11:07:51.406Z",
        "value": "1.6230828762054443",
        "cumulative": false
    },
    {
        "date": "2020-12-08T11:07:53.170Z",
        "value": "1.5512844324111938",
        "cumulative": false
    },
    {
        "date": "2020-12-08T11:07:54.520Z",
        "value": "1.360636591911316",
        "cumulative": false
    },
    {
        "date": "2020-12-08T11:07:56.319Z",
        "value": "1.2475535869598389",
        "cumulative": false
    },
    {
        "date": "2020-12-08T11:07:57.673Z",
        "value": "1.08771812915802",
        "cumulative": false
    },
    {
        "date": "2020-12-08T11:07:59.460Z",
        "value": "1.1576857566833496",
        "cumulative": false
    },
    {
        "date": "2020-12-08T11:08:00.821Z",
        "value": "1.0279912948608398",
        "cumulative": false
    },
    {
        "date": "2020-12-08T11:08:02.614Z",
        "value": "0.8281615972518921",
        "cumulative": false
    },
    {
        "date": "2020-12-08T11:08:04.008Z",
        "value": "0.8411344289779663",
        "cumulative": false
    },
    {
        "date": "2020-12-08T11:08:05.781Z",
        "value": "0.9170966744422913",
        "cumulative": false
    },
    {
        "date": "2020-12-08T11:08:07.129Z",
        "value": "0.7857258915901184",
        "cumulative": false
    },
    {
        "date": "2020-12-08T11:08:08.897Z",
        "value": "0.6870675683021545",
        "cumulative": false
    },
    {
        "date": "2020-12-08T11:08:10.242Z",
        "value": "0.7411016225814819",
        "cumulative": false
    },
    {
        "date": "2020-12-08T11:08:12.011Z",
        "value": "0.6115294098854065",
        "cumulative": false
    },
    {
        "date": "2020-12-08T11:08:13.418Z",
        "value": "0.6637870669364929",
        "cumulative": false
    },
    {
        "date": "2020-12-08T11:08:15.262Z",
        "value": "0.5027456879615784",
        "cumulative": false
    },
    {
        "date": "2020-12-08T11:08:16.596Z",
        "value": "0.6432644128799438",
        "cumulative": false
    },
    {
        "date": "2020-12-08T11:08:18.402Z",
        "value": "0.756687343120575",
        "cumulative": false
    },
    {
        "date": "2020-12-08T11:08:19.762Z",
        "value": "0.4503977298736572",
        "cumulative": false
    },
    {
        "date": "2020-12-08T11:08:21.588Z",
        "value": "0.5258154273033142",
        "cumulative": false
    },
    {
        "date": "2020-12-08T11:08:22.955Z",
        "value": "0.4788018465042114",
        "cumulative": false
    },
    {
        "date": "2020-12-08T11:08:24.788Z",
        "value": "0.5943853259086609",
        "cumulative": false
    },
    {
        "date": "2020-12-08T11:08:26.125Z",
        "value": "0.4752514362335205",
        "cumulative": false
    },
    {
        "date": "2020-12-08T11:08:27.941Z",
        "value": "0.4940585196018219",
        "cumulative": false
    },
    {
        "date": "2020-12-08T11:08:29.288Z",
        "value": "0.3424006700515747",
        "cumulative": false
    }
]