[
    {
        "date": "2020-12-08T11:07:49.498Z",
        "value": "2.5680770874023438",
        "cumulative": false
    },
    {
        "date": "2020-12-08T11:07:52.627Z",
        "value": "0.3723571300506592",
        "cumulative": false
    },
    {
        "date": "2020-12-08T11:07:55.760Z",
        "value": "0.3791067600250244",
        "cumulative": false
    },
    {
        "date": "2020-12-08T11:07:58.894Z",
        "value": "0.39534616470336914",
        "cumulative": false
    },
    {
        "date": "2020-12-08T11:08:02.035Z",
        "value": "0.38669347763061523",
        "cumulative": false
    },
    {
        "date": "2020-12-08T11:08:05.208Z",
        "value": "0.4094374179840088",
        "cumulative": false
    },
    {
        "date": "2020-12-08T11:08:08.337Z",
        "value": "0.3697042465209961",
        "cumulative": false
    },
    {
        "date": "2020-12-08T11:08:11.458Z",
        "value": "0.3933837413787842",
        "cumulative": false
    },
    {
        "date": "2020-12-08T11:08:14.702Z",
        "value": "0.4179811477661133",
        "cumulative": false
    },
    {
        "date": "2020-12-08T11:08:17.825Z",
        "value": "0.37984156608581543",
        "cumulative": false
    },
    {
        "date": "2020-12-08T11:08:21.032Z",
        "value": "0.3996114730834961",
        "cumulative": false
    },
    {
        "date": "2020-12-08T11:08:24.196Z",
        "value": "0.39588308334350586",
        "cumulative": false
    },
    {
        "date": "2020-12-08T11:08:27.328Z",
        "value": "0.3733067512512207",
        "cumulative": false
    },
    {
        "date": "2020-12-08T11:08:30.499Z",
        "value": "0.3890376091003418",
        "cumulative": false
    }
]