[
    {
        "date": "2020-12-08T11:07:46.843Z",
        "value": "50.0",
        "cumulative": false
    },
    {
        "date": "2020-12-08T11:07:48.276Z",
        "value": "77.34375",
        "cumulative": false
    },
    {
        "date": "2020-12-08T11:07:50.041Z",
        "value": "89.84375",
        "cumulative": false
    },
    {
        "date": "2020-12-08T11:07:51.406Z",
        "value": "88.28125",
        "cumulative": false
    },
    {
        "date": "2020-12-08T11:07:53.171Z",
        "value": "90.625",
        "cumulative": false
    },
    {
        "date": "2020-12-08T11:07:54.520Z",
        "value": "91.40625",
        "cumulative": false
    },
    {
        "date": "2020-12-08T11:07:56.319Z",
        "value": "95.3125",
        "cumulative": false
    },
    {
        "date": "2020-12-08T11:07:57.673Z",
        "value": "96.09375",
        "cumulative": false
    },
    {
        "date": "2020-12-08T11:07:59.460Z",
        "value": "92.1875",
        "cumulative": false
    },
    {
        "date": "2020-12-08T11:08:00.821Z",
        "value": "96.875",
        "cumulative": false
    },
    {
        "date": "2020-12-08T11:08:02.614Z",
        "value": "99.21875",
        "cumulative": false
    },
    {
        "date": "2020-12-08T11:08:04.008Z",
        "value": "98.4375",
        "cumulative": false
    },
    {
        "date": "2020-12-08T11:08:05.781Z",
        "value": "96.09375",
        "cumulative": false
    },
    {
        "date": "2020-12-08T11:08:07.129Z",
        "value": "97.65625",
        "cumulative": false
    },
    {
        "date": "2020-12-08T11:08:08.898Z",
        "value": "97.65625",
        "cumulative": false
    },
    {
        "date": "2020-12-08T11:08:10.242Z",
        "value": "97.65625",
        "cumulative": false
    },
    {
        "date": "2020-12-08T11:08:12.012Z",
        "value": "98.4375",
        "cumulative": false
    },
    {
        "date": "2020-12-08T11:08:13.418Z",
        "value": "99.21875",
        "cumulative": false
    },
    {
        "date": "2020-12-08T11:08:15.262Z",
        "value": "99.21875",
        "cumulative": false
    },
    {
        "date": "2020-12-08T11:08:16.596Z",
        "value": "99.21875",
        "cumulative": false
    },
    {
        "date": "2020-12-08T11:08:18.402Z",
        "value": "96.875",
        "cumulative": false
    },
    {
        "date": "2020-12-08T11:08:19.762Z",
        "value": "100.0",
        "cumulative": false
    },
    {
        "date": "2020-12-08T11:08:21.588Z",
        "value": "100.0",
        "cumulative": false
    },
    {
        "date": "2020-12-08T11:08:22.955Z",
        "value": "97.65625",
        "cumulative": false
    },
    {
        "date": "2020-12-08T11:08:24.788Z",
        "value": "98.4375",
        "cumulative": false
    },
    {
        "date": "2020-12-08T11:08:26.126Z",
        "value": "98.4375",
        "cumulative": false
    },
    {
        "date": "2020-12-08T11:08:27.941Z",
        "value": "98.4375",
        "cumulative": false
    },
    {
        "date": "2020-12-08T11:08:29.289Z",
        "value": "100.0",
        "cumulative": false
    }
]