[
    {
        "date": "2020-12-08T11:07:49.501Z",
        "value": "9.369850158691406e-05",
        "cumulative": false
    },
    {
        "date": "2020-12-08T11:07:52.620Z",
        "value": "9.5367431640625e-05",
        "cumulative": false
    },
    {
        "date": "2020-12-08T11:07:55.757Z",
        "value": "9.512901306152344e-05",
        "cumulative": false
    },
    {
        "date": "2020-12-08T11:07:58.889Z",
        "value": "9.489059448242188e-05",
        "cumulative": false
    },
    {
        "date": "2020-12-08T11:08:02.028Z",
        "value": "0.00010704994201660156",
        "cumulative": false
    },
    {
        "date": "2020-12-08T11:08:05.210Z",
        "value": "9.679794311523438e-05",
        "cumulative": false
    },
    {
        "date": "2020-12-08T11:08:08.333Z",
        "value": "9.393692016601562e-05",
        "cumulative": false
    },
    {
        "date": "2020-12-08T11:08:11.461Z",
        "value": "0.00010228157043457031",
        "cumulative": false
    },
    {
        "date": "2020-12-08T11:08:14.698Z",
        "value": "0.0001285076141357422",
        "cumulative": false
    },
    {
        "date": "2020-12-08T11:08:17.807Z",
        "value": "0.00010418891906738281",
        "cumulative": false
    },
    {
        "date": "2020-12-08T11:08:21.015Z",
        "value": "0.00010704994201660156",
        "cumulative": false
    },
    {
        "date": "2020-12-08T11:08:24.183Z",
        "value": "0.00011801719665527344",
        "cumulative": false
    },
    {
        "date": "2020-12-08T11:08:27.325Z",
        "value": "9.608268737792969e-05",
        "cumulative": false
    },
    {
        "date": "2020-12-08T11:08:30.506Z",
        "value": "9.679794311523438e-05",
        "cumulative": false
    }
]