[
    {
        "date": "2020-12-08T11:07:49.509Z",
        "value": "0.32422327995300293",
        "cumulative": false
    },
    {
        "date": "2020-12-08T11:07:52.629Z",
        "value": "0.3357362747192383",
        "cumulative": false
    },
    {
        "date": "2020-12-08T11:07:55.767Z",
        "value": "0.3301832675933838",
        "cumulative": false
    },
    {
        "date": "2020-12-08T11:07:58.903Z",
        "value": "0.34734058380126953",
        "cumulative": false
    },
    {
        "date": "2020-12-08T11:08:02.043Z",
        "value": "0.3373119831085205",
        "cumulative": false
    },
    {
        "date": "2020-12-08T11:08:05.227Z",
        "value": "0.34595727920532227",
        "cumulative": false
    },
    {
        "date": "2020-12-08T11:08:08.345Z",
        "value": "0.32932591438293457",
        "cumulative": false
    },
    {
        "date": "2020-12-08T11:08:11.476Z",
        "value": "0.3150811195373535",
        "cumulative": false
    },
    {
        "date": "2020-12-08T11:08:14.715Z",
        "value": "0.34052181243896484",
        "cumulative": false
    },
    {
        "date": "2020-12-08T11:08:17.820Z",
        "value": "0.32706379890441895",
        "cumulative": false
    },
    {
        "date": "2020-12-08T11:08:21.029Z",
        "value": "0.31905174255371094",
        "cumulative": false
    },
    {
        "date": "2020-12-08T11:08:24.199Z",
        "value": "0.33786606788635254",
        "cumulative": false
    },
    {
        "date": "2020-12-08T11:08:27.345Z",
        "value": "0.32038211822509766",
        "cumulative": false
    },
    {
        "date": "2020-12-08T11:08:30.510Z",
        "value": "0.3403036594390869",
        "cumulative": false
    }
]