[
    {
        "date": "2020-12-08T11:07:49.509Z",
        "value": "4.943080425262451",
        "cumulative": false
    },
    {
        "date": "2020-12-08T11:07:52.629Z",
        "value": "2.5861949920654297",
        "cumulative": false
    },
    {
        "date": "2020-12-08T11:07:55.779Z",
        "value": "2.591721296310425",
        "cumulative": false
    },
    {
        "date": "2020-12-08T11:07:58.899Z",
        "value": "2.5689761638641357",
        "cumulative": false
    },
    {
        "date": "2020-12-08T11:08:02.036Z",
        "value": "2.5737216472625732",
        "cumulative": false
    },
    {
        "date": "2020-12-08T11:08:05.217Z",
        "value": "2.5966646671295166",
        "cumulative": false
    },
    {
        "date": "2020-12-08T11:08:08.340Z",
        "value": "2.56197452545166",
        "cumulative": false
    },
    {
        "date": "2020-12-08T11:08:11.460Z",
        "value": "2.553014039993286",
        "cumulative": false
    },
    {
        "date": "2020-12-08T11:08:14.705Z",
        "value": "2.6775944232940674",
        "cumulative": false
    },
    {
        "date": "2020-12-08T11:08:17.818Z",
        "value": "2.5595173835754395",
        "cumulative": false
    },
    {
        "date": "2020-12-08T11:08:21.030Z",
        "value": "2.6220312118530273",
        "cumulative": false
    },
    {
        "date": "2020-12-08T11:08:24.196Z",
        "value": "2.6000826358795166",
        "cumulative": false
    },
    {
        "date": "2020-12-08T11:08:27.332Z",
        "value": "2.5276145935058594",
        "cumulative": false
    },
    {
        "date": "2020-12-08T11:08:30.506Z",
        "value": "2.567688465118408",
        "cumulative": false
    }
]