[
    {
        "date": "2020-12-08T11:07:46.838Z",
        "value": "2.496805429458618",
        "cumulative": false
    },
    {
        "date": "2020-12-08T11:07:48.273Z",
        "value": "1.9875255823135376",
        "cumulative": false
    },
    {
        "date": "2020-12-08T11:07:50.032Z",
        "value": "1.9273251295089722",
        "cumulative": false
    },
    {
        "date": "2020-12-08T11:07:51.397Z",
        "value": "1.7322044372558594",
        "cumulative": false
    },
    {
        "date": "2020-12-08T11:07:53.169Z",
        "value": "1.4346821308135986",
        "cumulative": false
    },
    {
        "date": "2020-12-08T11:07:54.520Z",
        "value": "1.2085130214691162",
        "cumulative": false
    },
    {
        "date": "2020-12-08T11:07:56.313Z",
        "value": "1.1591335535049438",
        "cumulative": false
    },
    {
        "date": "2020-12-08T11:07:57.668Z",
        "value": "1.0753291845321655",
        "cumulative": false
    },
    {
        "date": "2020-12-08T11:07:59.463Z",
        "value": "1.1881369352340698",
        "cumulative": false
    },
    {
        "date": "2020-12-08T11:08:00.820Z",
        "value": "1.1479241847991943",
        "cumulative": false
    },
    {
        "date": "2020-12-08T11:08:02.611Z",
        "value": "0.9351906180381775",
        "cumulative": false
    },
    {
        "date": "2020-12-08T11:08:04.004Z",
        "value": "0.8588498830795288",
        "cumulative": false
    },
    {
        "date": "2020-12-08T11:08:05.783Z",
        "value": "0.5972112417221069",
        "cumulative": false
    },
    {
        "date": "2020-12-08T11:08:07.120Z",
        "value": "0.7667298316955566",
        "cumulative": false
    },
    {
        "date": "2020-12-08T11:08:08.886Z",
        "value": "0.7442604303359985",
        "cumulative": false
    },
    {
        "date": "2020-12-08T11:08:10.234Z",
        "value": "0.961798369884491",
        "cumulative": false
    },
    {
        "date": "2020-12-08T11:08:12.006Z",
        "value": "0.626212477684021",
        "cumulative": false
    },
    {
        "date": "2020-12-08T11:08:13.416Z",
        "value": "0.7398597598075867",
        "cumulative": false
    },
    {
        "date": "2020-12-08T11:08:15.259Z",
        "value": "0.5860954523086548",
        "cumulative": false
    },
    {
        "date": "2020-12-08T11:08:16.592Z",
        "value": "0.5639641880989075",
        "cumulative": false
    },
    {
        "date": "2020-12-08T11:08:18.403Z",
        "value": "0.5847755670547485",
        "cumulative": false
    },
    {
        "date": "2020-12-08T11:08:19.756Z",
        "value": "0.5144802331924438",
        "cumulative": false
    },
    {
        "date": "2020-12-08T11:08:21.589Z",
        "value": "0.5401555299758911",
        "cumulative": false
    },
    {
        "date": "2020-12-08T11:08:22.952Z",
        "value": "0.6887503862380981",
        "cumulative": false
    },
    {
        "date": "2020-12-08T11:08:24.777Z",
        "value": "0.6182165741920471",
        "cumulative": false
    },
    {
        "date": "2020-12-08T11:08:26.121Z",
        "value": "0.41149893403053284",
        "cumulative": false
    },
    {
        "date": "2020-12-08T11:08:27.938Z",
        "value": "0.5920310020446777",
        "cumulative": false
    },
    {
        "date": "2020-12-08T11:08:29.289Z",
        "value": "0.5167385935783386",
        "cumulative": false
    }
]