[
    {
        "date": "2020-12-08T11:07:49.498Z",
        "value": "2.672222852706909",
        "cumulative": false
    },
    {
        "date": "2020-12-08T11:07:52.621Z",
        "value": "0.3876521587371826",
        "cumulative": false
    },
    {
        "date": "2020-12-08T11:07:55.762Z",
        "value": "0.41034936904907227",
        "cumulative": false
    },
    {
        "date": "2020-12-08T11:07:58.900Z",
        "value": "0.3922312259674072",
        "cumulative": false
    },
    {
        "date": "2020-12-08T11:08:02.043Z",
        "value": "0.40190649032592773",
        "cumulative": false
    },
    {
        "date": "2020-12-08T11:08:05.223Z",
        "value": "0.4277305603027344",
        "cumulative": false
    },
    {
        "date": "2020-12-08T11:08:08.341Z",
        "value": "0.37822580337524414",
        "cumulative": false
    },
    {
        "date": "2020-12-08T11:08:11.457Z",
        "value": "0.38602733612060547",
        "cumulative": false
    },
    {
        "date": "2020-12-08T11:08:14.713Z",
        "value": "0.4172782897949219",
        "cumulative": false
    },
    {
        "date": "2020-12-08T11:08:17.819Z",
        "value": "0.37955546379089355",
        "cumulative": false
    },
    {
        "date": "2020-12-08T11:08:21.022Z",
        "value": "0.38862133026123047",
        "cumulative": false
    },
    {
        "date": "2020-12-08T11:08:24.205Z",
        "value": "0.4431953430175781",
        "cumulative": false
    },
    {
        "date": "2020-12-08T11:08:27.336Z",
        "value": "0.4208219051361084",
        "cumulative": false
    },
    {
        "date": "2020-12-08T11:08:30.503Z",
        "value": "0.3762681484222412",
        "cumulative": false
    }
]