[
    {
        "date": "2020-12-08T11:07:49.501Z",
        "value": "4.9695188999176025",
        "cumulative": false
    },
    {
        "date": "2020-12-08T11:07:52.619Z",
        "value": "2.60185170173645",
        "cumulative": false
    },
    {
        "date": "2020-12-08T11:07:55.757Z",
        "value": "2.608983039855957",
        "cumulative": false
    },
    {
        "date": "2020-12-08T11:07:58.889Z",
        "value": "2.6005070209503174",
        "cumulative": false
    },
    {
        "date": "2020-12-08T11:08:02.028Z",
        "value": "2.5950570106506348",
        "cumulative": false
    },
    {
        "date": "2020-12-08T11:08:05.210Z",
        "value": "2.635786533355713",
        "cumulative": false
    },
    {
        "date": "2020-12-08T11:08:08.333Z",
        "value": "2.576838970184326",
        "cumulative": false
    },
    {
        "date": "2020-12-08T11:08:11.460Z",
        "value": "2.5935275554656982",
        "cumulative": false
    },
    {
        "date": "2020-12-08T11:08:14.698Z",
        "value": "2.691925048828125",
        "cumulative": false
    },
    {
        "date": "2020-12-08T11:08:17.806Z",
        "value": "2.5762932300567627",
        "cumulative": false
    },
    {
        "date": "2020-12-08T11:08:21.015Z",
        "value": "2.6566779613494873",
        "cumulative": false
    },
    {
        "date": "2020-12-08T11:08:24.183Z",
        "value": "2.622147798538208",
        "cumulative": false
    },
    {
        "date": "2020-12-08T11:08:27.324Z",
        "value": "2.5583975315093994",
        "cumulative": false
    },
    {
        "date": "2020-12-08T11:08:30.506Z",
        "value": "2.58030104637146",
        "cumulative": false
    }
]