[
    {
        "date": "2020-12-08T11:07:46.838Z",
        "value": "57.03125",
        "cumulative": false
    },
    {
        "date": "2020-12-08T11:07:48.267Z",
        "value": "77.34375",
        "cumulative": false
    },
    {
        "date": "2020-12-08T11:07:50.032Z",
        "value": "91.40625",
        "cumulative": false
    },
    {
        "date": "2020-12-08T11:07:51.399Z",
        "value": "91.40625",
        "cumulative": false
    },
    {
        "date": "2020-12-08T11:07:53.159Z",
        "value": "91.40625",
        "cumulative": false
    },
    {
        "date": "2020-12-08T11:07:54.514Z",
        "value": "93.75",
        "cumulative": false
    },
    {
        "date": "2020-12-08T11:07:56.309Z",
        "value": "96.09375",
        "cumulative": false
    },
    {
        "date": "2020-12-08T11:07:57.661Z",
        "value": "92.96875",
        "cumulative": false
    },
    {
        "date": "2020-12-08T11:07:59.453Z",
        "value": "94.53125",
        "cumulative": false
    },
    {
        "date": "2020-12-08T11:08:00.810Z",
        "value": "91.40625",
        "cumulative": false
    },
    {
        "date": "2020-12-08T11:08:02.601Z",
        "value": "97.65625",
        "cumulative": false
    },
    {
        "date": "2020-12-08T11:08:04.002Z",
        "value": "98.4375",
        "cumulative": false
    },
    {
        "date": "2020-12-08T11:08:05.779Z",
        "value": "98.4375",
        "cumulative": false
    },
    {
        "date": "2020-12-08T11:08:07.122Z",
        "value": "99.21875",
        "cumulative": false
    },
    {
        "date": "2020-12-08T11:08:08.882Z",
        "value": "96.875",
        "cumulative": false
    },
    {
        "date": "2020-12-08T11:08:10.232Z",
        "value": "98.4375",
        "cumulative": false
    },
    {
        "date": "2020-12-08T11:08:11.997Z",
        "value": "97.65625",
        "cumulative": false
    },
    {
        "date": "2020-12-08T11:08:13.411Z",
        "value": "99.21875",
        "cumulative": false
    },
    {
        "date": "2020-12-08T11:08:15.254Z",
        "value": "98.4375",
        "cumulative": false
    },
    {
        "date": "2020-12-08T11:08:16.587Z",
        "value": "100.0",
        "cumulative": false
    },
    {
        "date": "2020-12-08T11:08:18.396Z",
        "value": "100.0",
        "cumulative": false
    },
    {
        "date": "2020-12-08T11:08:19.754Z",
        "value": "100.0",
        "cumulative": false
    },
    {
        "date": "2020-12-08T11:08:21.578Z",
        "value": "100.0",
        "cumulative": false
    },
    {
        "date": "2020-12-08T11:08:22.950Z",
        "value": "100.0",
        "cumulative": false
    },
    {
        "date": "2020-12-08T11:08:24.779Z",
        "value": "99.21875",
        "cumulative": false
    },
    {
        "date": "2020-12-08T11:08:26.115Z",
        "value": "100.0",
        "cumulative": false
    },
    {
        "date": "2020-12-08T11:08:27.930Z",
        "value": "98.4375",
        "cumulative": false
    },
    {
        "date": "2020-12-08T11:08:29.285Z",
        "value": "100.0",
        "cumulative": false
    }
]