[
    {
        "date": "2020-12-08T11:07:49.501Z",
        "value": "1.9145503044128418",
        "cumulative": false
    },
    {
        "date": "2020-12-08T11:07:52.620Z",
        "value": "1.6255710124969482",
        "cumulative": false
    },
    {
        "date": "2020-12-08T11:07:55.757Z",
        "value": "1.5987727642059326",
        "cumulative": false
    },
    {
        "date": "2020-12-08T11:07:58.889Z",
        "value": "1.6000008583068848",
        "cumulative": false
    },
    {
        "date": "2020-12-08T11:08:02.028Z",
        "value": "1.5414605140686035",
        "cumulative": false
    },
    {
        "date": "2020-12-08T11:08:05.210Z",
        "value": "1.6557393074035645",
        "cumulative": false
    },
    {
        "date": "2020-12-08T11:08:08.333Z",
        "value": "1.6001770496368408",
        "cumulative": false
    },
    {
        "date": "2020-12-08T11:08:11.461Z",
        "value": "1.5759587287902832",
        "cumulative": false
    },
    {
        "date": "2020-12-08T11:08:14.698Z",
        "value": "1.5662009716033936",
        "cumulative": false
    },
    {
        "date": "2020-12-08T11:08:17.807Z",
        "value": "1.5098390579223633",
        "cumulative": false
    },
    {
        "date": "2020-12-08T11:08:21.015Z",
        "value": "1.6450419425964355",
        "cumulative": false
    },
    {
        "date": "2020-12-08T11:08:24.183Z",
        "value": "1.6199729442596436",
        "cumulative": false
    },
    {
        "date": "2020-12-08T11:08:27.325Z",
        "value": "1.560842752456665",
        "cumulative": false
    },
    {
        "date": "2020-12-08T11:08:30.506Z",
        "value": "1.5894684791564941",
        "cumulative": false
    }
]