[
    {
        "date": "2020-12-08T11:07:49.498Z",
        "value": "0.019837617874145508",
        "cumulative": false
    },
    {
        "date": "2020-12-08T11:07:52.627Z",
        "value": "0.019582033157348633",
        "cumulative": false
    },
    {
        "date": "2020-12-08T11:07:55.760Z",
        "value": "0.018167495727539062",
        "cumulative": false
    },
    {
        "date": "2020-12-08T11:07:58.894Z",
        "value": "0.017711400985717773",
        "cumulative": false
    },
    {
        "date": "2020-12-08T11:08:02.035Z",
        "value": "0.01787710189819336",
        "cumulative": false
    },
    {
        "date": "2020-12-08T11:08:05.208Z",
        "value": "0.019657611846923828",
        "cumulative": false
    },
    {
        "date": "2020-12-08T11:08:08.337Z",
        "value": "0.019093990325927734",
        "cumulative": false
    },
    {
        "date": "2020-12-08T11:08:11.458Z",
        "value": "0.017956018447875977",
        "cumulative": false
    },
    {
        "date": "2020-12-08T11:08:14.702Z",
        "value": "0.02552628517150879",
        "cumulative": false
    },
    {
        "date": "2020-12-08T11:08:17.825Z",
        "value": "0.022822856903076172",
        "cumulative": false
    },
    {
        "date": "2020-12-08T11:08:21.032Z",
        "value": "0.020433425903320312",
        "cumulative": false
    },
    {
        "date": "2020-12-08T11:08:24.196Z",
        "value": "0.025864839553833008",
        "cumulative": false
    },
    {
        "date": "2020-12-08T11:08:27.328Z",
        "value": "0.021274566650390625",
        "cumulative": false
    },
    {
        "date": "2020-12-08T11:08:30.499Z",
        "value": "0.027467966079711914",
        "cumulative": false
    }
]