[
    {
        "date": "2020-12-08T11:07:46.837Z",
        "value": "10.15625",
        "cumulative": false
    },
    {
        "date": "2020-12-08T11:07:48.272Z",
        "value": "21.875",
        "cumulative": false
    },
    {
        "date": "2020-12-08T11:07:50.036Z",
        "value": "38.28125",
        "cumulative": false
    },
    {
        "date": "2020-12-08T11:07:51.400Z",
        "value": "34.375",
        "cumulative": false
    },
    {
        "date": "2020-12-08T11:07:53.166Z",
        "value": "42.1875",
        "cumulative": false
    },
    {
        "date": "2020-12-08T11:07:54.513Z",
        "value": "53.125",
        "cumulative": false
    },
    {
        "date": "2020-12-08T11:07:56.316Z",
        "value": "57.03125",
        "cumulative": false
    },
    {
        "date": "2020-12-08T11:07:57.661Z",
        "value": "56.25",
        "cumulative": false
    },
    {
        "date": "2020-12-08T11:07:59.460Z",
        "value": "58.59375",
        "cumulative": false
    },
    {
        "date": "2020-12-08T11:08:00.817Z",
        "value": "60.9375",
        "cumulative": false
    },
    {
        "date": "2020-12-08T11:08:02.606Z",
        "value": "64.0625",
        "cumulative": false
    },
    {
        "date": "2020-12-08T11:08:04.002Z",
        "value": "67.96875",
        "cumulative": false
    },
    {
        "date": "2020-12-08T11:08:05.783Z",
        "value": "68.75",
        "cumulative": false
    },
    {
        "date": "2020-12-08T11:08:07.122Z",
        "value": "73.4375",
        "cumulative": false
    },
    {
        "date": "2020-12-08T11:08:08.890Z",
        "value": "80.46875",
        "cumulative": false
    },
    {
        "date": "2020-12-08T11:08:10.236Z",
        "value": "71.09375",
        "cumulative": false
    },
    {
        "date": "2020-12-08T11:08:12.006Z",
        "value": "77.34375",
        "cumulative": false
    },
    {
        "date": "2020-12-08T11:08:13.414Z",
        "value": "75.78125",
        "cumulative": false
    },
    {
        "date": "2020-12-08T11:08:15.253Z",
        "value": "77.34375",
        "cumulative": false
    },
    {
        "date": "2020-12-08T11:08:16.588Z",
        "value": "73.4375",
        "cumulative": false
    },
    {
        "date": "2020-12-08T11:08:18.396Z",
        "value": "83.59375",
        "cumulative": false
    },
    {
        "date": "2020-12-08T11:08:19.756Z",
        "value": "73.4375",
        "cumulative": false
    },
    {
        "date": "2020-12-08T11:08:21.585Z",
        "value": "82.03125",
        "cumulative": false
    },
    {
        "date": "2020-12-08T11:08:22.949Z",
        "value": "78.90625",
        "cumulative": false
    },
    {
        "date": "2020-12-08T11:08:24.782Z",
        "value": "78.90625",
        "cumulative": false
    },
    {
        "date": "2020-12-08T11:08:26.119Z",
        "value": "83.59375",
        "cumulative": false
    },
    {
        "date": "2020-12-08T11:08:27.934Z",
        "value": "87.5",
        "cumulative": false
    },
    {
        "date": "2020-12-08T11:08:29.287Z",
        "value": "85.15625",
        "cumulative": false
    }
]