[
    {
        "date": "2020-12-08T11:07:46.846Z",
        "value": "8.59375",
        "cumulative": false
    },
    {
        "date": "2020-12-08T11:07:48.275Z",
        "value": "21.875",
        "cumulative": false
    },
    {
        "date": "2020-12-08T11:07:50.043Z",
        "value": "29.6875",
        "cumulative": false
    },
    {
        "date": "2020-12-08T11:07:51.403Z",
        "value": "33.59375",
        "cumulative": false
    },
    {
        "date": "2020-12-08T11:07:53.176Z",
        "value": "41.40625",
        "cumulative": false
    },
    {
        "date": "2020-12-08T11:07:54.525Z",
        "value": "50.0",
        "cumulative": false
    },
    {
        "date": "2020-12-08T11:07:56.327Z",
        "value": "53.90625",
        "cumulative": false
    },
    {
        "date": "2020-12-08T11:07:57.670Z",
        "value": "61.71875",
        "cumulative": false
    },
    {
        "date": "2020-12-08T11:07:59.466Z",
        "value": "57.8125",
        "cumulative": false
    },
    {
        "date": "2020-12-08T11:08:00.820Z",
        "value": "59.375",
        "cumulative": false
    },
    {
        "date": "2020-12-08T11:08:02.615Z",
        "value": "61.71875",
        "cumulative": false
    },
    {
        "date": "2020-12-08T11:08:04.009Z",
        "value": "73.4375",
        "cumulative": false
    },
    {
        "date": "2020-12-08T11:08:05.781Z",
        "value": "74.21875",
        "cumulative": false
    },
    {
        "date": "2020-12-08T11:08:07.126Z",
        "value": "72.65625",
        "cumulative": false
    },
    {
        "date": "2020-12-08T11:08:08.897Z",
        "value": "71.09375",
        "cumulative": false
    },
    {
        "date": "2020-12-08T11:08:10.239Z",
        "value": "71.875",
        "cumulative": false
    },
    {
        "date": "2020-12-08T11:08:12.013Z",
        "value": "78.125",
        "cumulative": false
    },
    {
        "date": "2020-12-08T11:08:13.421Z",
        "value": "76.5625",
        "cumulative": false
    },
    {
        "date": "2020-12-08T11:08:15.259Z",
        "value": "75.0",
        "cumulative": false
    },
    {
        "date": "2020-12-08T11:08:16.604Z",
        "value": "78.90625",
        "cumulative": false
    },
    {
        "date": "2020-12-08T11:08:18.405Z",
        "value": "78.125",
        "cumulative": false
    },
    {
        "date": "2020-12-08T11:08:19.763Z",
        "value": "83.59375",
        "cumulative": false
    },
    {
        "date": "2020-12-08T11:08:21.593Z",
        "value": "81.25",
        "cumulative": false
    },
    {
        "date": "2020-12-08T11:08:22.957Z",
        "value": "85.15625",
        "cumulative": false
    },
    {
        "date": "2020-12-08T11:08:24.781Z",
        "value": "81.25",
        "cumulative": false
    },
    {
        "date": "2020-12-08T11:08:26.122Z",
        "value": "82.03125",
        "cumulative": false
    },
    {
        "date": "2020-12-08T11:08:27.945Z",
        "value": "82.8125",
        "cumulative": false
    },
    {
        "date": "2020-12-08T11:08:29.290Z",
        "value": "83.59375",
        "cumulative": false
    }
]