[
    {
        "date": "2020-12-08T11:07:49.502Z",
        "value": "0.00013828277587890625",
        "cumulative": false
    },
    {
        "date": "2020-12-08T11:07:52.627Z",
        "value": "0.00015354156494140625",
        "cumulative": false
    },
    {
        "date": "2020-12-08T11:07:55.769Z",
        "value": "0.00015020370483398438",
        "cumulative": false
    },
    {
        "date": "2020-12-08T11:07:58.901Z",
        "value": "0.00015854835510253906",
        "cumulative": false
    },
    {
        "date": "2020-12-08T11:08:02.036Z",
        "value": "0.00013899803161621094",
        "cumulative": false
    },
    {
        "date": "2020-12-08T11:08:05.213Z",
        "value": "0.0001647472381591797",
        "cumulative": false
    },
    {
        "date": "2020-12-08T11:08:08.341Z",
        "value": "0.00015807151794433594",
        "cumulative": false
    },
    {
        "date": "2020-12-08T11:08:11.461Z",
        "value": "0.00015234947204589844",
        "cumulative": false
    },
    {
        "date": "2020-12-08T11:08:14.707Z",
        "value": "0.0001766681671142578",
        "cumulative": false
    },
    {
        "date": "2020-12-08T11:08:17.821Z",
        "value": "0.00017023086547851562",
        "cumulative": false
    },
    {
        "date": "2020-12-08T11:08:21.022Z",
        "value": "0.00014901161193847656",
        "cumulative": false
    },
    {
        "date": "2020-12-08T11:08:24.195Z",
        "value": "0.00014829635620117188",
        "cumulative": false
    },
    {
        "date": "2020-12-08T11:08:27.335Z",
        "value": "0.00017189979553222656",
        "cumulative": false
    },
    {
        "date": "2020-12-08T11:08:30.518Z",
        "value": "0.000152587890625",
        "cumulative": false
    }
]