[
    {
        "date": "2020-12-08T11:07:49.509Z",
        "value": "0.03620028495788574",
        "cumulative": false
    },
    {
        "date": "2020-12-08T11:07:52.629Z",
        "value": "0.03542208671569824",
        "cumulative": false
    },
    {
        "date": "2020-12-08T11:07:55.767Z",
        "value": "0.03461718559265137",
        "cumulative": false
    },
    {
        "date": "2020-12-08T11:07:58.904Z",
        "value": "0.03629279136657715",
        "cumulative": false
    },
    {
        "date": "2020-12-08T11:08:02.043Z",
        "value": "0.03699946403503418",
        "cumulative": false
    },
    {
        "date": "2020-12-08T11:08:05.227Z",
        "value": "0.03977036476135254",
        "cumulative": false
    },
    {
        "date": "2020-12-08T11:08:08.345Z",
        "value": "0.03524208068847656",
        "cumulative": false
    },
    {
        "date": "2020-12-08T11:08:11.476Z",
        "value": "0.03477168083190918",
        "cumulative": false
    },
    {
        "date": "2020-12-08T11:08:14.715Z",
        "value": "0.041269779205322266",
        "cumulative": false
    },
    {
        "date": "2020-12-08T11:08:17.820Z",
        "value": "0.03422951698303223",
        "cumulative": false
    },
    {
        "date": "2020-12-08T11:08:21.029Z",
        "value": "0.034909963607788086",
        "cumulative": false
    },
    {
        "date": "2020-12-08T11:08:24.199Z",
        "value": "0.036083221435546875",
        "cumulative": false
    },
    {
        "date": "2020-12-08T11:08:27.345Z",
        "value": "0.03283095359802246",
        "cumulative": false
    },
    {
        "date": "2020-12-08T11:08:30.510Z",
        "value": "0.03687930107116699",
        "cumulative": false
    }
]