[
    {
        "date": "2020-12-08T11:07:49.498Z",
        "value": "0.030431032180786133",
        "cumulative": false
    },
    {
        "date": "2020-12-08T11:07:52.627Z",
        "value": "0.03271746635437012",
        "cumulative": false
    },
    {
        "date": "2020-12-08T11:07:55.760Z",
        "value": "0.0313417911529541",
        "cumulative": false
    },
    {
        "date": "2020-12-08T11:07:58.894Z",
        "value": "0.032681941986083984",
        "cumulative": false
    },
    {
        "date": "2020-12-08T11:08:02.035Z",
        "value": "0.03345155715942383",
        "cumulative": false
    },
    {
        "date": "2020-12-08T11:08:05.208Z",
        "value": "0.03194928169250488",
        "cumulative": false
    },
    {
        "date": "2020-12-08T11:08:08.337Z",
        "value": "0.029770374298095703",
        "cumulative": false
    },
    {
        "date": "2020-12-08T11:08:11.458Z",
        "value": "0.03165602684020996",
        "cumulative": false
    },
    {
        "date": "2020-12-08T11:08:14.702Z",
        "value": "0.03966546058654785",
        "cumulative": false
    },
    {
        "date": "2020-12-08T11:08:17.825Z",
        "value": "0.032270193099975586",
        "cumulative": false
    },
    {
        "date": "2020-12-08T11:08:21.032Z",
        "value": "0.03265953063964844",
        "cumulative": false
    },
    {
        "date": "2020-12-08T11:08:24.196Z",
        "value": "0.031987905502319336",
        "cumulative": false
    },
    {
        "date": "2020-12-08T11:08:27.329Z",
        "value": "0.030421733856201172",
        "cumulative": false
    },
    {
        "date": "2020-12-08T11:08:30.499Z",
        "value": "0.0318760871887207",
        "cumulative": false
    }
]