[
    {
        "date": "2020-12-08T11:07:46.847Z",
        "value": "46.875",
        "cumulative": false
    },
    {
        "date": "2020-12-08T11:07:48.277Z",
        "value": "77.34375",
        "cumulative": false
    },
    {
        "date": "2020-12-08T11:07:50.043Z",
        "value": "85.9375",
        "cumulative": false
    },
    {
        "date": "2020-12-08T11:07:51.403Z",
        "value": "87.5",
        "cumulative": false
    },
    {
        "date": "2020-12-08T11:07:53.176Z",
        "value": "93.75",
        "cumulative": false
    },
    {
        "date": "2020-12-08T11:07:54.525Z",
        "value": "91.40625",
        "cumulative": false
    },
    {
        "date": "2020-12-08T11:07:56.327Z",
        "value": "94.53125",
        "cumulative": false
    },
    {
        "date": "2020-12-08T11:07:57.670Z",
        "value": "98.4375",
        "cumulative": false
    },
    {
        "date": "2020-12-08T11:07:59.466Z",
        "value": "96.09375",
        "cumulative": false
    },
    {
        "date": "2020-12-08T11:08:00.820Z",
        "value": "94.53125",
        "cumulative": false
    },
    {
        "date": "2020-12-08T11:08:02.615Z",
        "value": "96.09375",
        "cumulative": false
    },
    {
        "date": "2020-12-08T11:08:04.009Z",
        "value": "97.65625",
        "cumulative": false
    },
    {
        "date": "2020-12-08T11:08:05.781Z",
        "value": "99.21875",
        "cumulative": false
    },
    {
        "date": "2020-12-08T11:08:07.126Z",
        "value": "96.875",
        "cumulative": false
    },
    {
        "date": "2020-12-08T11:08:08.897Z",
        "value": "97.65625",
        "cumulative": false
    },
    {
        "date": "2020-12-08T11:08:10.239Z",
        "value": "98.4375",
        "cumulative": false
    },
    {
        "date": "2020-12-08T11:08:12.013Z",
        "value": "98.4375",
        "cumulative": false
    },
    {
        "date": "2020-12-08T11:08:13.421Z",
        "value": "99.21875",
        "cumulative": false
    },
    {
        "date": "2020-12-08T11:08:15.259Z",
        "value": "98.4375",
        "cumulative": false
    },
    {
        "date": "2020-12-08T11:08:16.604Z",
        "value": "100.0",
        "cumulative": false
    },
    {
        "date": "2020-12-08T11:08:18.405Z",
        "value": "97.65625",
        "cumulative": false
    },
    {
        "date": "2020-12-08T11:08:19.763Z",
        "value": "99.21875",
        "cumulative": false
    },
    {
        "date": "2020-12-08T11:08:21.593Z",
        "value": "99.21875",
        "cumulative": false
    },
    {
        "date": "2020-12-08T11:08:22.958Z",
        "value": "100.0",
        "cumulative": false
    },
    {
        "date": "2020-12-08T11:08:24.781Z",
        "value": "99.21875",
        "cumulative": false
    },
    {
        "date": "2020-12-08T11:08:26.122Z",
        "value": "100.0",
        "cumulative": false
    },
    {
        "date": "2020-12-08T11:08:27.945Z",
        "value": "100.0",
        "cumulative": false
    },
    {
        "date": "2020-12-08T11:08:29.290Z",
        "value": "96.875",
        "cumulative": false
    }
]