[
    {
        "date": "2020-12-08T11:07:49.510Z",
        "value": "0.29682493209838867",
        "cumulative": false
    },
    {
        "date": "2020-12-08T11:07:52.629Z",
        "value": "0.33769726753234863",
        "cumulative": false
    },
    {
        "date": "2020-12-08T11:07:55.779Z",
        "value": "0.3251328468322754",
        "cumulative": false
    },
    {
        "date": "2020-12-08T11:07:58.899Z",
        "value": "0.3467109203338623",
        "cumulative": false
    },
    {
        "date": "2020-12-08T11:08:02.036Z",
        "value": "0.32176923751831055",
        "cumulative": false
    },
    {
        "date": "2020-12-08T11:08:05.217Z",
        "value": "0.36525821685791016",
        "cumulative": false
    },
    {
        "date": "2020-12-08T11:08:08.340Z",
        "value": "0.3218240737915039",
        "cumulative": false
    },
    {
        "date": "2020-12-08T11:08:11.460Z",
        "value": "0.332378625869751",
        "cumulative": false
    },
    {
        "date": "2020-12-08T11:08:14.706Z",
        "value": "0.34443211555480957",
        "cumulative": false
    },
    {
        "date": "2020-12-08T11:08:17.818Z",
        "value": "0.3292412757873535",
        "cumulative": false
    },
    {
        "date": "2020-12-08T11:08:21.030Z",
        "value": "0.3112368583679199",
        "cumulative": false
    },
    {
        "date": "2020-12-08T11:08:24.197Z",
        "value": "0.34245800971984863",
        "cumulative": false
    },
    {
        "date": "2020-12-08T11:08:27.332Z",
        "value": "0.316143274307251",
        "cumulative": false
    },
    {
        "date": "2020-12-08T11:08:30.506Z",
        "value": "0.34456968307495117",
        "cumulative": false
    }
]