[
    {
        "date": "2020-12-08T11:07:46.841Z",
        "value": "52.34375",
        "cumulative": false
    },
    {
        "date": "2020-12-08T11:07:48.272Z",
        "value": "86.71875",
        "cumulative": false
    },
    {
        "date": "2020-12-08T11:07:50.032Z",
        "value": "86.71875",
        "cumulative": false
    },
    {
        "date": "2020-12-08T11:07:51.397Z",
        "value": "94.53125",
        "cumulative": false
    },
    {
        "date": "2020-12-08T11:07:53.162Z",
        "value": "89.84375",
        "cumulative": false
    },
    {
        "date": "2020-12-08T11:07:54.516Z",
        "value": "98.4375",
        "cumulative": false
    },
    {
        "date": "2020-12-08T11:07:56.320Z",
        "value": "96.09375",
        "cumulative": false
    },
    {
        "date": "2020-12-08T11:07:57.664Z",
        "value": "96.09375",
        "cumulative": false
    },
    {
        "date": "2020-12-08T11:07:59.464Z",
        "value": "98.4375",
        "cumulative": false
    },
    {
        "date": "2020-12-08T11:08:00.820Z",
        "value": "95.3125",
        "cumulative": false
    },
    {
        "date": "2020-12-08T11:08:02.615Z",
        "value": "99.21875",
        "cumulative": false
    },
    {
        "date": "2020-12-08T11:08:04.004Z",
        "value": "96.875",
        "cumulative": false
    },
    {
        "date": "2020-12-08T11:08:05.781Z",
        "value": "99.21875",
        "cumulative": false
    },
    {
        "date": "2020-12-08T11:08:07.125Z",
        "value": "96.09375",
        "cumulative": false
    },
    {
        "date": "2020-12-08T11:08:08.885Z",
        "value": "99.21875",
        "cumulative": false
    },
    {
        "date": "2020-12-08T11:08:10.234Z",
        "value": "99.21875",
        "cumulative": false
    },
    {
        "date": "2020-12-08T11:08:12.006Z",
        "value": "99.21875",
        "cumulative": false
    },
    {
        "date": "2020-12-08T11:08:13.415Z",
        "value": "98.4375",
        "cumulative": false
    },
    {
        "date": "2020-12-08T11:08:15.258Z",
        "value": "97.65625",
        "cumulative": false
    },
    {
        "date": "2020-12-08T11:08:16.592Z",
        "value": "99.21875",
        "cumulative": false
    },
    {
        "date": "2020-12-08T11:08:18.400Z",
        "value": "98.4375",
        "cumulative": false
    },
    {
        "date": "2020-12-08T11:08:19.754Z",
        "value": "99.21875",
        "cumulative": false
    },
    {
        "date": "2020-12-08T11:08:21.585Z",
        "value": "99.21875",
        "cumulative": false
    },
    {
        "date": "2020-12-08T11:08:22.952Z",
        "value": "98.4375",
        "cumulative": false
    },
    {
        "date": "2020-12-08T11:08:24.781Z",
        "value": "100.0",
        "cumulative": false
    },
    {
        "date": "2020-12-08T11:08:26.116Z",
        "value": "98.4375",
        "cumulative": false
    },
    {
        "date": "2020-12-08T11:08:27.936Z",
        "value": "97.65625",
        "cumulative": false
    },
    {
        "date": "2020-12-08T11:08:29.289Z",
        "value": "100.0",
        "cumulative": false
    }
]