[
    {
        "date": "2020-12-08T11:07:49.501Z",
        "value": "0.23344802856445312",
        "cumulative": false
    },
    {
        "date": "2020-12-08T11:07:52.620Z",
        "value": "0.23230934143066406",
        "cumulative": false
    },
    {
        "date": "2020-12-08T11:07:55.757Z",
        "value": "0.2520735263824463",
        "cumulative": false
    },
    {
        "date": "2020-12-08T11:07:58.889Z",
        "value": "0.22662639617919922",
        "cumulative": false
    },
    {
        "date": "2020-12-08T11:08:02.028Z",
        "value": "0.2541968822479248",
        "cumulative": false
    },
    {
        "date": "2020-12-08T11:08:05.210Z",
        "value": "0.22221994400024414",
        "cumulative": false
    },
    {
        "date": "2020-12-08T11:08:08.333Z",
        "value": "0.2415766716003418",
        "cumulative": false
    },
    {
        "date": "2020-12-08T11:08:11.461Z",
        "value": "0.2404797077178955",
        "cumulative": false
    },
    {
        "date": "2020-12-08T11:08:14.698Z",
        "value": "0.28166890144348145",
        "cumulative": false
    },
    {
        "date": "2020-12-08T11:08:17.807Z",
        "value": "0.26075196266174316",
        "cumulative": false
    },
    {
        "date": "2020-12-08T11:08:21.015Z",
        "value": "0.24323010444641113",
        "cumulative": false
    },
    {
        "date": "2020-12-08T11:08:24.183Z",
        "value": "0.2449655532836914",
        "cumulative": false
    },
    {
        "date": "2020-12-08T11:08:27.325Z",
        "value": "0.23917508125305176",
        "cumulative": false
    },
    {
        "date": "2020-12-08T11:08:30.506Z",
        "value": "0.2409977912902832",
        "cumulative": false
    }
]