[
    {
        "date": "2020-12-08T11:07:49.498Z",
        "value": "0.12207555770874023",
        "cumulative": false
    },
    {
        "date": "2020-12-08T11:07:52.621Z",
        "value": "0.11497211456298828",
        "cumulative": false
    },
    {
        "date": "2020-12-08T11:07:55.762Z",
        "value": "0.1293025016784668",
        "cumulative": false
    },
    {
        "date": "2020-12-08T11:07:58.900Z",
        "value": "0.12102937698364258",
        "cumulative": false
    },
    {
        "date": "2020-12-08T11:08:02.043Z",
        "value": "0.12087035179138184",
        "cumulative": false
    },
    {
        "date": "2020-12-08T11:08:05.223Z",
        "value": "0.1311352252960205",
        "cumulative": false
    },
    {
        "date": "2020-12-08T11:08:08.341Z",
        "value": "0.12371039390563965",
        "cumulative": false
    },
    {
        "date": "2020-12-08T11:08:11.457Z",
        "value": "0.11569452285766602",
        "cumulative": false
    },
    {
        "date": "2020-12-08T11:08:14.713Z",
        "value": "0.13616204261779785",
        "cumulative": false
    },
    {
        "date": "2020-12-08T11:08:17.819Z",
        "value": "0.12511706352233887",
        "cumulative": false
    },
    {
        "date": "2020-12-08T11:08:21.022Z",
        "value": "0.12115621566772461",
        "cumulative": false
    },
    {
        "date": "2020-12-08T11:08:24.205Z",
        "value": "0.13069748878479004",
        "cumulative": false
    },
    {
        "date": "2020-12-08T11:08:27.336Z",
        "value": "0.12836027145385742",
        "cumulative": false
    },
    {
        "date": "2020-12-08T11:08:30.503Z",
        "value": "0.12003469467163086",
        "cumulative": false
    }
]