[
    {
        "date": "2020-12-08T11:07:49.510Z",
        "value": "0.00018668174743652344",
        "cumulative": false
    },
    {
        "date": "2020-12-08T11:07:52.629Z",
        "value": "0.00016069412231445312",
        "cumulative": false
    },
    {
        "date": "2020-12-08T11:07:55.779Z",
        "value": "0.00015354156494140625",
        "cumulative": false
    },
    {
        "date": "2020-12-08T11:07:58.899Z",
        "value": "0.0001659393310546875",
        "cumulative": false
    },
    {
        "date": "2020-12-08T11:08:02.036Z",
        "value": "0.00019025802612304688",
        "cumulative": false
    },
    {
        "date": "2020-12-08T11:08:05.217Z",
        "value": "0.0001583099365234375",
        "cumulative": false
    },
    {
        "date": "2020-12-08T11:08:08.340Z",
        "value": "0.00014638900756835938",
        "cumulative": false
    },
    {
        "date": "2020-12-08T11:08:11.460Z",
        "value": "0.00016832351684570312",
        "cumulative": false
    },
    {
        "date": "2020-12-08T11:08:14.706Z",
        "value": "0.000194549560546875",
        "cumulative": false
    },
    {
        "date": "2020-12-08T11:08:17.818Z",
        "value": "0.00016379356384277344",
        "cumulative": false
    },
    {
        "date": "2020-12-08T11:08:21.030Z",
        "value": "0.0001590251922607422",
        "cumulative": false
    },
    {
        "date": "2020-12-08T11:08:24.197Z",
        "value": "0.0001621246337890625",
        "cumulative": false
    },
    {
        "date": "2020-12-08T11:08:27.332Z",
        "value": "0.0001671314239501953",
        "cumulative": false
    },
    {
        "date": "2020-12-08T11:08:30.506Z",
        "value": "0.00016617774963378906",
        "cumulative": false
    }
]