[
    {
        "date": "2020-12-08T11:07:49.502Z",
        "value": "2.561115264892578",
        "cumulative": false
    },
    {
        "date": "2020-12-08T11:07:52.627Z",
        "value": "0.39823269844055176",
        "cumulative": false
    },
    {
        "date": "2020-12-08T11:07:55.769Z",
        "value": "0.39944005012512207",
        "cumulative": false
    },
    {
        "date": "2020-12-08T11:07:58.900Z",
        "value": "0.386615514755249",
        "cumulative": false
    },
    {
        "date": "2020-12-08T11:08:02.036Z",
        "value": "0.36755967140197754",
        "cumulative": false
    },
    {
        "date": "2020-12-08T11:08:05.213Z",
        "value": "0.38869690895080566",
        "cumulative": false
    },
    {
        "date": "2020-12-08T11:08:08.341Z",
        "value": "0.36068201065063477",
        "cumulative": false
    },
    {
        "date": "2020-12-08T11:08:11.461Z",
        "value": "0.3860182762145996",
        "cumulative": false
    },
    {
        "date": "2020-12-08T11:08:14.706Z",
        "value": "0.39466214179992676",
        "cumulative": false
    },
    {
        "date": "2020-12-08T11:08:17.821Z",
        "value": "0.3620281219482422",
        "cumulative": false
    },
    {
        "date": "2020-12-08T11:08:21.022Z",
        "value": "0.3545386791229248",
        "cumulative": false
    },
    {
        "date": "2020-12-08T11:08:24.195Z",
        "value": "0.3980724811553955",
        "cumulative": false
    },
    {
        "date": "2020-12-08T11:08:27.335Z",
        "value": "0.36594414710998535",
        "cumulative": false
    },
    {
        "date": "2020-12-08T11:08:30.518Z",
        "value": "0.3968334197998047",
        "cumulative": false
    }
]