[
    {
        "date": "2020-12-08T11:07:49.496Z",
        "value": "0.0001342296600341797",
        "cumulative": false
    },
    {
        "date": "2020-12-08T11:07:52.620Z",
        "value": "0.00013709068298339844",
        "cumulative": false
    },
    {
        "date": "2020-12-08T11:07:55.759Z",
        "value": "0.00014925003051757812",
        "cumulative": false
    },
    {
        "date": "2020-12-08T11:07:58.894Z",
        "value": "0.00013017654418945312",
        "cumulative": false
    },
    {
        "date": "2020-12-08T11:08:02.044Z",
        "value": "0.0001533031463623047",
        "cumulative": false
    },
    {
        "date": "2020-12-08T11:08:05.214Z",
        "value": "0.0001342296600341797",
        "cumulative": false
    },
    {
        "date": "2020-12-08T11:08:08.340Z",
        "value": "0.00013327598571777344",
        "cumulative": false
    },
    {
        "date": "2020-12-08T11:08:11.464Z",
        "value": "0.00013709068298339844",
        "cumulative": false
    },
    {
        "date": "2020-12-08T11:08:14.707Z",
        "value": "0.000141143798828125",
        "cumulative": false
    },
    {
        "date": "2020-12-08T11:08:17.811Z",
        "value": "0.00014209747314453125",
        "cumulative": false
    },
    {
        "date": "2020-12-08T11:08:21.015Z",
        "value": "0.0001392364501953125",
        "cumulative": false
    },
    {
        "date": "2020-12-08T11:08:24.196Z",
        "value": "0.00013637542724609375",
        "cumulative": false
    },
    {
        "date": "2020-12-08T11:08:27.335Z",
        "value": "0.00013756752014160156",
        "cumulative": false
    },
    {
        "date": "2020-12-08T11:08:30.507Z",
        "value": "0.00013756752014160156",
        "cumulative": false
    }
]