[
    {
        "date": "2020-12-08T11:07:49.502Z",
        "value": "0.009206771850585938",
        "cumulative": false
    },
    {
        "date": "2020-12-08T11:07:52.627Z",
        "value": "0.010101079940795898",
        "cumulative": false
    },
    {
        "date": "2020-12-08T11:07:55.769Z",
        "value": "0.011358976364135742",
        "cumulative": false
    },
    {
        "date": "2020-12-08T11:07:58.900Z",
        "value": "0.009818553924560547",
        "cumulative": false
    },
    {
        "date": "2020-12-08T11:08:02.036Z",
        "value": "0.008946418762207031",
        "cumulative": false
    },
    {
        "date": "2020-12-08T11:08:05.213Z",
        "value": "0.010029792785644531",
        "cumulative": false
    },
    {
        "date": "2020-12-08T11:08:08.341Z",
        "value": "0.010095596313476562",
        "cumulative": false
    },
    {
        "date": "2020-12-08T11:08:11.461Z",
        "value": "0.010450601577758789",
        "cumulative": false
    },
    {
        "date": "2020-12-08T11:08:14.706Z",
        "value": "0.010219097137451172",
        "cumulative": false
    },
    {
        "date": "2020-12-08T11:08:17.821Z",
        "value": "0.009420156478881836",
        "cumulative": false
    },
    {
        "date": "2020-12-08T11:08:21.022Z",
        "value": "0.010976552963256836",
        "cumulative": false
    },
    {
        "date": "2020-12-08T11:08:24.195Z",
        "value": "0.009604215621948242",
        "cumulative": false
    },
    {
        "date": "2020-12-08T11:08:27.335Z",
        "value": "0.009484529495239258",
        "cumulative": false
    },
    {
        "date": "2020-12-08T11:08:30.518Z",
        "value": "0.009785890579223633",
        "cumulative": false
    }
]