[
    {
        "date": "2020-12-08T11:07:49.510Z",
        "value": "1.5353970527648926",
        "cumulative": false
    },
    {
        "date": "2020-12-08T11:07:52.629Z",
        "value": "1.3822822570800781",
        "cumulative": false
    },
    {
        "date": "2020-12-08T11:07:55.779Z",
        "value": "1.4053936004638672",
        "cumulative": false
    },
    {
        "date": "2020-12-08T11:07:58.899Z",
        "value": "1.3429436683654785",
        "cumulative": false
    },
    {
        "date": "2020-12-08T11:08:02.036Z",
        "value": "1.4139430522918701",
        "cumulative": false
    },
    {
        "date": "2020-12-08T11:08:05.217Z",
        "value": "1.3344924449920654",
        "cumulative": false
    },
    {
        "date": "2020-12-08T11:08:08.340Z",
        "value": "1.432945966720581",
        "cumulative": false
    },
    {
        "date": "2020-12-08T11:08:11.460Z",
        "value": "1.3720142841339111",
        "cumulative": false
    },
    {
        "date": "2020-12-08T11:08:14.706Z",
        "value": "1.4255239963531494",
        "cumulative": false
    },
    {
        "date": "2020-12-08T11:08:17.818Z",
        "value": "1.3806722164154053",
        "cumulative": false
    },
    {
        "date": "2020-12-08T11:08:21.030Z",
        "value": "1.4497411251068115",
        "cumulative": false
    },
    {
        "date": "2020-12-08T11:08:24.197Z",
        "value": "1.3725578784942627",
        "cumulative": false
    },
    {
        "date": "2020-12-08T11:08:27.332Z",
        "value": "1.3400914669036865",
        "cumulative": false
    },
    {
        "date": "2020-12-08T11:08:30.506Z",
        "value": "1.3438348770141602",
        "cumulative": false
    }
]