[
    {
        "date": "2020-09-14T10:29:10Z",
        "value": "1.73046875",
        "cumulative": false
    },
    {
        "date": "2020-09-14T10:29:20Z",
        "value": "3.1171875",
        "cumulative": false
    },
    {
        "date": "2020-09-14T10:29:38Z",
        "value": "1071.50390625",
        "cumulative": false
    },
    {
        "date": "2020-09-14T10:29:55Z",
        "value": "1084.79296875",
        "cumulative": false
    },
    {
        "date": "2020-09-14T10:30:07Z",
        "value": "1094.48828125",
        "cumulative": false
    },
    {
        "date": "2020-09-14T10:30:26Z",
        "value": "1122.265625",
        "cumulative": false
    },
    {
        "date": "2020-09-14T10:30:41Z",
        "value": "1131.58203125",
        "cumulative": false
    },
    {
        "date": "2020-09-14T10:30:53Z",
        "value": "1143.7109375",
        "cumulative": false
    },
    {
        "date": "2020-09-14T10:31:11Z",
        "value": "1180.953125",
        "cumulative": false
    },
    {
        "date": "2020-09-14T10:31:30Z",
        "value": "1152.58203125",
        "cumulative": false
    },
    {
        "date": "2020-09-14T10:31:44Z",
        "value": "1190.5859375",
        "cumulative": false
    },
    {
        "date": "2020-09-14T10:32:01Z",
        "value": "1190.5859375",
        "cumulative": false
    },
    {
        "date": "2020-09-14T10:32:14Z",
        "value": "1203.02734375",
        "cumulative": false
    },
    {
        "date": "2020-09-14T10:32:31Z",
        "value": "1202.97265625",
        "cumulative": false
    },
    {
        "date": "2020-09-14T10:32:41Z",
        "value": "1203.0234375",
        "cumulative": false
    },
    {
        "date": "2020-09-14T10:32:53Z",
        "value": "1218.47265625",
        "cumulative": false
    },
    {
        "date": "2020-09-14T10:33:04Z",
        "value": "1218.54296875",
        "cumulative": false
    },
    {
        "date": "2020-09-14T10:33:23Z",
        "value": "1218.44921875",
        "cumulative": false
    },
    {
        "date": "2020-09-14T10:33:40Z",
        "value": "1218.44921875",
        "cumulative": false
    },
    {
        "date": "2020-09-14T10:33:58Z",
        "value": "1220.23046875",
        "cumulative": false
    },
    {
        "date": "2020-09-14T10:34:16Z",
        "value": "1238.05078125",
        "cumulative": false
    },
    {
        "date": "2020-09-14T10:34:26Z",
        "value": "1238.0234375",
        "cumulative": false
    },
    {
        "date": "2020-09-14T10:34:37Z",
        "value": "1208.1640625",
        "cumulative": false
    },
    {
        "date": "2020-09-14T10:34:56Z",
        "value": "1262.859375",
        "cumulative": false
    },
    {
        "date": "2020-09-14T10:35:07Z",
        "value": "1224.30859375",
        "cumulative": false
    },
    {
        "date": "2020-09-14T10:35:19Z",
        "value": "1262.8046875",
        "cumulative": false
    },
    {
        "date": "2020-09-14T10:35:33Z",
        "value": "1262.8046875",
        "cumulative": false
    },
    {
        "date": "2020-09-14T10:35:44Z",
        "value": "1214.9296875",
        "cumulative": false
    },
    {
        "date": "2020-09-14T10:35:56Z",
        "value": "1222.6875",
        "cumulative": false
    },
    {
        "date": "2020-09-14T10:36:08Z",
        "value": "1240.0546875",
        "cumulative": false
    },
    {
        "date": "2020-09-14T10:36:25Z",
        "value": "1262.8046875",
        "cumulative": false
    },
    {
        "date": "2020-09-14T10:36:44Z",
        "value": "1294.1484375",
        "cumulative": false
    },
    {
        "date": "2020-09-14T10:36:58Z",
        "value": "1294.1796875",
        "cumulative": false
    },
    {
        "date": "2020-09-14T10:37:16Z",
        "value": "1294.1796875",
        "cumulative": false
    },
    {
        "date": "2020-09-14T10:37:32Z",
        "value": "1178.6484375",
        "cumulative": false
    },
    {
        "date": "2020-09-14T10:37:51Z",
        "value": "1294.32421875",
        "cumulative": false
    },
    {
        "date": "2020-09-14T10:38:10Z",
        "value": "1294.2734375",
        "cumulative": false
    },
    {
        "date": "2020-09-14T10:38:27Z",
        "value": "1198.89453125",
        "cumulative": false
    },
    {
        "date": "2020-09-14T10:38:41Z",
        "value": "1152.9140625",
        "cumulative": false
    },
    {
        "date": "2020-09-14T10:38:58Z",
        "value": "1219.9140625",
        "cumulative": false
    },
    {
        "date": "2020-09-14T10:39:10Z",
        "value": "1168.7890625",
        "cumulative": false
    },
    {
        "date": "2020-09-14T10:39:21Z",
        "value": "1333.68359375",
        "cumulative": false
    },
    {
        "date": "2020-09-14T10:39:35Z",
        "value": "1333.7890625",
        "cumulative": false
    },
    {
        "date": "2020-09-14T10:39:54Z",
        "value": "1333.68359375",
        "cumulative": false
    },
    {
        "date": "2020-09-14T10:40:13Z",
        "value": "1333.68359375",
        "cumulative": false
    },
    {
        "date": "2020-09-14T10:40:29Z",
        "value": "1333.7890625",
        "cumulative": false
    },
    {
        "date": "2020-09-14T10:40:44Z",
        "value": "1367.43359375",
        "cumulative": false
    },
    {
        "date": "2020-09-14T10:41:03Z",
        "value": "1383.55859375",
        "cumulative": false
    },
    {
        "date": "2020-09-14T10:41:13Z",
        "value": "1383.55859375",
        "cumulative": false
    },
    {
        "date": "2020-09-14T10:41:25Z",
        "value": "1383.55859375",
        "cumulative": false
    },
    {
        "date": "2020-09-14T10:41:41Z",
        "value": "1383.55859375",
        "cumulative": false
    },
    {
        "date": "2020-09-14T10:41:51Z",
        "value": "1383.546875",
        "cumulative": false
    },
    {
        "date": "2020-09-14T10:42:11Z",
        "value": "1383.55859375",
        "cumulative": false
    },
    {
        "date": "2020-09-14T10:42:29Z",
        "value": "1383.55859375",
        "cumulative": false
    },
    {
        "date": "2020-09-14T10:42:48Z",
        "value": "1383.55859375",
        "cumulative": false
    },
    {
        "date": "2020-09-14T10:43:03Z",
        "value": "1383.671875",
        "cumulative": false
    },
    {
        "date": "2020-09-14T10:43:16Z",
        "value": "1185.671875",
        "cumulative": false
    },
    {
        "date": "2020-09-14T10:43:34Z",
        "value": "1266.1875",
        "cumulative": false
    },
    {
        "date": "2020-09-14T10:43:51Z",
        "value": "1276.3125",
        "cumulative": false
    },
    {
        "date": "2020-09-14T10:44:06Z",
        "value": "1415.1875",
        "cumulative": false
    },
    {
        "date": "2020-09-14T10:44:21Z",
        "value": "1298.1875",
        "cumulative": false
    },
    {
        "date": "2020-09-14T10:44:40Z",
        "value": "1276.078125",
        "cumulative": false
    },
    {
        "date": "2020-09-14T10:44:58Z",
        "value": "1446.4375",
        "cumulative": false
    },
    {
        "date": "2020-09-14T10:45:16Z",
        "value": "1183.9609375",
        "cumulative": false
    },
    {
        "date": "2020-09-14T10:45:32Z",
        "value": "1389.3125",
        "cumulative": false
    },
    {
        "date": "2020-09-14T10:45:44Z",
        "value": "1446.4375",
        "cumulative": false
    },
    {
        "date": "2020-09-14T10:45:59Z",
        "value": "1446.4375",
        "cumulative": false
    },
    {
        "date": "2020-09-14T10:46:09Z",
        "value": "1446.4375",
        "cumulative": false
    },
    {
        "date": "2020-09-14T10:46:22Z",
        "value": "1446.4375",
        "cumulative": false
    },
    {
        "date": "2020-09-14T10:46:40Z",
        "value": "1373.0625",
        "cumulative": false
    },
    {
        "date": "2020-09-14T10:46:55Z",
        "value": "1446.4609375",
        "cumulative": false
    },
    {
        "date": "2020-09-14T10:47:09Z",
        "value": "1525.890625",
        "cumulative": false
    },
    {
        "date": "2020-09-14T10:47:27Z",
        "value": "1525.890625",
        "cumulative": false
    },
    {
        "date": "2020-09-14T10:47:46Z",
        "value": "1525.890625",
        "cumulative": false
    },
    {
        "date": "2020-09-14T10:47:59Z",
        "value": "1525.921875",
        "cumulative": false
    },
    {
        "date": "2020-09-14T10:48:10Z",
        "value": "1214.046875",
        "cumulative": false
    },
    {
        "date": "2020-09-14T10:48:21Z",
        "value": "1448.765625",
        "cumulative": false
    },
    {
        "date": "2020-09-14T10:48:39Z",
        "value": "1517.015625",
        "cumulative": false
    },
    {
        "date": "2020-09-14T10:48:49Z",
        "value": "1284.515625",
        "cumulative": false
    },
    {
        "date": "2020-09-14T10:49:07Z",
        "value": "1525.890625",
        "cumulative": false
    },
    {
        "date": "2020-09-14T10:49:25Z",
        "value": "1162.046875",
        "cumulative": false
    },
    {
        "date": "2020-09-14T10:49:36Z",
        "value": "1525.890625",
        "cumulative": false
    },
    {
        "date": "2020-09-14T10:49:51Z",
        "value": "1395.671875",
        "cumulative": false
    },
    {
        "date": "2020-09-14T10:50:08Z",
        "value": "1525.890625",
        "cumulative": false
    },
    {
        "date": "2020-09-14T10:50:19Z",
        "value": "1525.890625",
        "cumulative": false
    },
    {
        "date": "2020-09-14T10:50:36Z",
        "value": "1343.421875",
        "cumulative": false
    },
    {
        "date": "2020-09-14T10:50:46Z",
        "value": "1480.640625",
        "cumulative": false
    },
    {
        "date": "2020-09-14T10:50:57Z",
        "value": "1525.890625",
        "cumulative": false
    },
    {
        "date": "2020-09-14T10:51:15Z",
        "value": "1525.890625",
        "cumulative": false
    },
    {
        "date": "2020-09-14T10:51:29Z",
        "value": "1143.64453125",
        "cumulative": false
    }
]