[
    {
        "date": "2020-09-14T10:29:02Z",
        "value": "4.00543212890625e-05",
        "cumulative": true
    },
    {
        "date": "2020-09-14T10:29:13Z",
        "value": "4.00543212890625e-05",
        "cumulative": true
    },
    {
        "date": "2020-09-14T10:29:36Z",
        "value": "763.3087482452393",
        "cumulative": true
    },
    {
        "date": "2020-09-14T10:29:55Z",
        "value": "5882.673131942749",
        "cumulative": true
    },
    {
        "date": "2020-09-14T10:30:07Z",
        "value": "9415.751749038696",
        "cumulative": true
    },
    {
        "date": "2020-09-14T10:30:23Z",
        "value": "13870.344518661499",
        "cumulative": true
    },
    {
        "date": "2020-09-14T10:30:35Z",
        "value": "17075.038960456848",
        "cumulative": true
    },
    {
        "date": "2020-09-14T10:30:53Z",
        "value": "22107.027729034424",
        "cumulative": true
    },
    {
        "date": "2020-09-14T10:31:08Z",
        "value": "25641.690405845642",
        "cumulative": true
    },
    {
        "date": "2020-09-14T10:31:26Z",
        "value": "29881.391278266907",
        "cumulative": true
    },
    {
        "date": "2020-09-14T10:31:42Z",
        "value": "33626.718437194824",
        "cumulative": true
    },
    {
        "date": "2020-09-14T10:31:54Z",
        "value": "36417.884355545044",
        "cumulative": true
    },
    {
        "date": "2020-09-14T10:32:14Z",
        "value": "41036.24424266815",
        "cumulative": true
    },
    {
        "date": "2020-09-14T10:32:34Z",
        "value": "45600.30618953705",
        "cumulative": true
    },
    {
        "date": "2020-09-14T10:32:53Z",
        "value": "50156.48882484436",
        "cumulative": true
    },
    {
        "date": "2020-09-14T10:33:04Z",
        "value": "53363.779903411865",
        "cumulative": true
    },
    {
        "date": "2020-09-14T10:33:21Z",
        "value": "57633.019971847534",
        "cumulative": true
    },
    {
        "date": "2020-09-14T10:33:33Z",
        "value": "60367.93739891052",
        "cumulative": true
    },
    {
        "date": "2020-09-14T10:33:46Z",
        "value": "63482.34753894806",
        "cumulative": true
    },
    {
        "date": "2020-09-14T10:34:05Z",
        "value": "67932.98300647736",
        "cumulative": true
    },
    {
        "date": "2020-09-14T10:34:20Z",
        "value": "71401.15667057037",
        "cumulative": true
    },
    {
        "date": "2020-09-14T10:34:38Z",
        "value": "75697.33217525482",
        "cumulative": true
    },
    {
        "date": "2020-09-14T10:34:57Z",
        "value": "79910.18061256409",
        "cumulative": true
    },
    {
        "date": "2020-09-14T10:35:11Z",
        "value": "83281.6950340271",
        "cumulative": true
    },
    {
        "date": "2020-09-14T10:35:29Z",
        "value": "87284.47422981262",
        "cumulative": true
    },
    {
        "date": "2020-09-14T10:35:49Z",
        "value": "91708.51806259155",
        "cumulative": true
    },
    {
        "date": "2020-09-14T10:36:01Z",
        "value": "94452.45420265198",
        "cumulative": true
    },
    {
        "date": "2020-09-14T10:36:15Z",
        "value": "97818.94069671631",
        "cumulative": true
    },
    {
        "date": "2020-09-14T10:36:28Z",
        "value": "100684.03087997437",
        "cumulative": true
    },
    {
        "date": "2020-09-14T10:36:46Z",
        "value": "105023.47572040558",
        "cumulative": true
    },
    {
        "date": "2020-09-14T10:37:02Z",
        "value": "108866.13595485687",
        "cumulative": true
    },
    {
        "date": "2020-09-14T10:37:17Z",
        "value": "112661.32264232635",
        "cumulative": true
    },
    {
        "date": "2020-09-14T10:37:29Z",
        "value": "115310.44314289093",
        "cumulative": true
    },
    {
        "date": "2020-09-14T10:37:39Z",
        "value": "117850.06025981903",
        "cumulative": true
    },
    {
        "date": "2020-09-14T10:37:53Z",
        "value": "121138.12641048431",
        "cumulative": true
    },
    {
        "date": "2020-09-14T10:38:12Z",
        "value": "125806.50351810455",
        "cumulative": true
    },
    {
        "date": "2020-09-14T10:38:22Z",
        "value": "128191.6916770935",
        "cumulative": true
    },
    {
        "date": "2020-09-14T10:38:33Z",
        "value": "130773.14918899536",
        "cumulative": true
    },
    {
        "date": "2020-09-14T10:38:47Z",
        "value": "134467.3717842102",
        "cumulative": true
    },
    {
        "date": "2020-09-14T10:39:06Z",
        "value": "138841.97001838684",
        "cumulative": true
    },
    {
        "date": "2020-09-14T10:39:23Z",
        "value": "142874.88802337646",
        "cumulative": true
    },
    {
        "date": "2020-09-14T10:39:38Z",
        "value": "146453.82137680054",
        "cumulative": true
    },
    {
        "date": "2020-09-14T10:39:57Z",
        "value": "151171.09358596802",
        "cumulative": true
    },
    {
        "date": "2020-09-14T10:40:17Z",
        "value": "155969.54140090942",
        "cumulative": true
    },
    {
        "date": "2020-09-14T10:40:35Z",
        "value": "160648.61149024963",
        "cumulative": true
    },
    {
        "date": "2020-09-14T10:40:52Z",
        "value": "164837.27908420563",
        "cumulative": true
    },
    {
        "date": "2020-09-14T10:41:10Z",
        "value": "169492.47251033783",
        "cumulative": true
    },
    {
        "date": "2020-09-14T10:41:28Z",
        "value": "173962.7295293808",
        "cumulative": true
    },
    {
        "date": "2020-09-14T10:41:47Z",
        "value": "178440.25893497467",
        "cumulative": true
    },
    {
        "date": "2020-09-14T10:42:03Z",
        "value": "182589.276137352",
        "cumulative": true
    },
    {
        "date": "2020-09-14T10:42:22Z",
        "value": "187163.8175764084",
        "cumulative": true
    },
    {
        "date": "2020-09-14T10:42:39Z",
        "value": "191134.78836536407",
        "cumulative": true
    },
    {
        "date": "2020-09-14T10:42:49Z",
        "value": "193680.17705249786",
        "cumulative": true
    },
    {
        "date": "2020-09-14T10:43:05Z",
        "value": "197630.36809444427",
        "cumulative": true
    },
    {
        "date": "2020-09-14T10:43:18Z",
        "value": "200820.99174022675",
        "cumulative": true
    },
    {
        "date": "2020-09-14T10:43:33Z",
        "value": "204400.17609786987",
        "cumulative": true
    },
    {
        "date": "2020-09-14T10:43:43Z",
        "value": "207052.5116291046",
        "cumulative": true
    },
    {
        "date": "2020-09-14T10:44:02Z",
        "value": "211924.6042690277",
        "cumulative": true
    },
    {
        "date": "2020-09-14T10:44:22Z",
        "value": "216907.5154247284",
        "cumulative": true
    },
    {
        "date": "2020-09-14T10:44:41Z",
        "value": "221581.0467891693",
        "cumulative": true
    },
    {
        "date": "2020-09-14T10:44:52Z",
        "value": "224499.30296707153",
        "cumulative": true
    },
    {
        "date": "2020-09-14T10:45:05Z",
        "value": "227729.5668258667",
        "cumulative": true
    },
    {
        "date": "2020-09-14T10:45:25Z",
        "value": "232500.23943328857",
        "cumulative": true
    },
    {
        "date": "2020-09-14T10:45:35Z",
        "value": "235150.46799850464",
        "cumulative": true
    },
    {
        "date": "2020-09-14T10:45:48Z",
        "value": "238706.90289115906",
        "cumulative": true
    },
    {
        "date": "2020-09-14T10:46:03Z",
        "value": "242204.5022163391",
        "cumulative": true
    },
    {
        "date": "2020-09-14T10:46:15Z",
        "value": "245325.75918579102",
        "cumulative": true
    },
    {
        "date": "2020-09-14T10:46:27Z",
        "value": "248537.38521957397",
        "cumulative": true
    },
    {
        "date": "2020-09-14T10:46:39Z",
        "value": "251454.5922870636",
        "cumulative": true
    },
    {
        "date": "2020-09-14T10:46:52Z",
        "value": "254970.52918052673",
        "cumulative": true
    },
    {
        "date": "2020-09-14T10:47:08Z",
        "value": "258699.06910419464",
        "cumulative": true
    },
    {
        "date": "2020-09-14T10:47:23Z",
        "value": "262788.41366672516",
        "cumulative": true
    },
    {
        "date": "2020-09-14T10:47:39Z",
        "value": "266633.65141773224",
        "cumulative": true
    },
    {
        "date": "2020-09-14T10:47:58Z",
        "value": "271322.11455631256",
        "cumulative": true
    },
    {
        "date": "2020-09-14T10:48:12Z",
        "value": "275337.26165676117",
        "cumulative": true
    },
    {
        "date": "2020-09-14T10:48:25Z",
        "value": "278683.2304868698",
        "cumulative": true
    },
    {
        "date": "2020-09-14T10:48:36Z",
        "value": "281359.57612133026",
        "cumulative": true
    },
    {
        "date": "2020-09-14T10:48:50Z",
        "value": "284780.6728258133",
        "cumulative": true
    },
    {
        "date": "2020-09-14T10:49:06Z",
        "value": "288881.1694383621",
        "cumulative": true
    },
    {
        "date": "2020-09-14T10:49:17Z",
        "value": "292067.2563905716",
        "cumulative": true
    },
    {
        "date": "2020-09-14T10:49:28Z",
        "value": "294744.7916536331",
        "cumulative": true
    },
    {
        "date": "2020-09-14T10:49:44Z",
        "value": "299203.136595726",
        "cumulative": true
    },
    {
        "date": "2020-09-14T10:49:58Z",
        "value": "302778.6928434372",
        "cumulative": true
    },
    {
        "date": "2020-09-14T10:50:12Z",
        "value": "306128.4010629654",
        "cumulative": true
    },
    {
        "date": "2020-09-14T10:50:28Z",
        "value": "310179.9185552597",
        "cumulative": true
    },
    {
        "date": "2020-09-14T10:50:43Z",
        "value": "314231.4194536209",
        "cumulative": true
    },
    {
        "date": "2020-09-14T10:50:54Z",
        "value": "316936.2000169754",
        "cumulative": true
    },
    {
        "date": "2020-09-14T10:51:13Z",
        "value": "322236.0123052597",
        "cumulative": true
    }
]