[
    {
        "date": "2020-09-14T10:29:36Z",
        "value": "1.187539865",
        "cumulative": false
    },
    {
        "date": "2020-09-14T10:29:53Z",
        "value": "1.014631134",
        "cumulative": false
    },
    {
        "date": "2020-09-14T10:30:06Z",
        "value": "1.000791378",
        "cumulative": false
    },
    {
        "date": "2020-09-14T10:30:24Z",
        "value": "1.000494929",
        "cumulative": false
    },
    {
        "date": "2020-09-14T10:30:43Z",
        "value": "0.999779983",
        "cumulative": false
    },
    {
        "date": "2020-09-14T10:31:03Z",
        "value": "1.000584996",
        "cumulative": false
    },
    {
        "date": "2020-09-14T10:31:15Z",
        "value": "1.000156416",
        "cumulative": false
    },
    {
        "date": "2020-09-14T10:31:28Z",
        "value": "0.999374774",
        "cumulative": false
    },
    {
        "date": "2020-09-14T10:31:43Z",
        "value": "1.000343703",
        "cumulative": false
    },
    {
        "date": "2020-09-14T10:32:00Z",
        "value": "0.999994696",
        "cumulative": false
    },
    {
        "date": "2020-09-14T10:32:11Z",
        "value": "1.000480855",
        "cumulative": false
    },
    {
        "date": "2020-09-14T10:32:26Z",
        "value": "0.999864944",
        "cumulative": false
    },
    {
        "date": "2020-09-14T10:32:46Z",
        "value": "1.000001094",
        "cumulative": false
    },
    {
        "date": "2020-09-14T10:33:01Z",
        "value": "1.000834552",
        "cumulative": false
    },
    {
        "date": "2020-09-14T10:33:16Z",
        "value": "0.99994331",
        "cumulative": false
    },
    {
        "date": "2020-09-14T10:33:36Z",
        "value": "1.000116755",
        "cumulative": false
    },
    {
        "date": "2020-09-14T10:33:47Z",
        "value": "1.001298038",
        "cumulative": false
    },
    {
        "date": "2020-09-14T10:33:59Z",
        "value": "1.000111549",
        "cumulative": false
    },
    {
        "date": "2020-09-14T10:34:09Z",
        "value": "0.999802255",
        "cumulative": false
    },
    {
        "date": "2020-09-14T10:34:28Z",
        "value": "0.999669492",
        "cumulative": false
    },
    {
        "date": "2020-09-14T10:34:40Z",
        "value": "1.000177419",
        "cumulative": false
    },
    {
        "date": "2020-09-14T10:34:50Z",
        "value": "1.000244053",
        "cumulative": false
    },
    {
        "date": "2020-09-14T10:35:02Z",
        "value": "0.999834483",
        "cumulative": false
    },
    {
        "date": "2020-09-14T10:35:19Z",
        "value": "1.000177089",
        "cumulative": false
    },
    {
        "date": "2020-09-14T10:35:32Z",
        "value": "1.000181122",
        "cumulative": false
    },
    {
        "date": "2020-09-14T10:35:46Z",
        "value": "1.000161633",
        "cumulative": false
    },
    {
        "date": "2020-09-14T10:36:00Z",
        "value": "0.999929739",
        "cumulative": false
    },
    {
        "date": "2020-09-14T10:36:14Z",
        "value": "0.999798715",
        "cumulative": false
    },
    {
        "date": "2020-09-14T10:36:33Z",
        "value": "1.000698934",
        "cumulative": false
    },
    {
        "date": "2020-09-14T10:36:52Z",
        "value": "0.999905516",
        "cumulative": false
    },
    {
        "date": "2020-09-14T10:37:09Z",
        "value": "0.999948317",
        "cumulative": false
    },
    {
        "date": "2020-09-14T10:37:25Z",
        "value": "1.000239993",
        "cumulative": false
    },
    {
        "date": "2020-09-14T10:37:44Z",
        "value": "1.000132321",
        "cumulative": false
    },
    {
        "date": "2020-09-14T10:37:59Z",
        "value": "0.999993706",
        "cumulative": false
    },
    {
        "date": "2020-09-14T10:38:14Z",
        "value": "1.000264041",
        "cumulative": false
    },
    {
        "date": "2020-09-14T10:38:27Z",
        "value": "1.00064246",
        "cumulative": false
    },
    {
        "date": "2020-09-14T10:38:38Z",
        "value": "1.000210518",
        "cumulative": false
    },
    {
        "date": "2020-09-14T10:38:54Z",
        "value": "0.999841459",
        "cumulative": false
    },
    {
        "date": "2020-09-14T10:39:07Z",
        "value": "0.999853765",
        "cumulative": false
    },
    {
        "date": "2020-09-14T10:39:19Z",
        "value": "0.999781133",
        "cumulative": false
    },
    {
        "date": "2020-09-14T10:39:29Z",
        "value": "1.000024716",
        "cumulative": false
    },
    {
        "date": "2020-09-14T10:39:43Z",
        "value": "0.999686123",
        "cumulative": false
    },
    {
        "date": "2020-09-14T10:39:58Z",
        "value": "0.999955527",
        "cumulative": false
    },
    {
        "date": "2020-09-14T10:40:08Z",
        "value": "0.999652594",
        "cumulative": false
    },
    {
        "date": "2020-09-14T10:40:19Z",
        "value": "1.000287759",
        "cumulative": false
    },
    {
        "date": "2020-09-14T10:40:29Z",
        "value": "0.999754874",
        "cumulative": false
    },
    {
        "date": "2020-09-14T10:40:43Z",
        "value": "1.000983071",
        "cumulative": false
    },
    {
        "date": "2020-09-14T10:41:01Z",
        "value": "0.999945317",
        "cumulative": false
    },
    {
        "date": "2020-09-14T10:41:16Z",
        "value": "1.000107858",
        "cumulative": false
    },
    {
        "date": "2020-09-14T10:41:34Z",
        "value": "1.000000331",
        "cumulative": false
    },
    {
        "date": "2020-09-14T10:41:48Z",
        "value": "1.00033057",
        "cumulative": false
    },
    {
        "date": "2020-09-14T10:42:03Z",
        "value": "1.00009333",
        "cumulative": false
    },
    {
        "date": "2020-09-14T10:42:19Z",
        "value": "1.000026533",
        "cumulative": false
    },
    {
        "date": "2020-09-14T10:42:33Z",
        "value": "1.000034006",
        "cumulative": false
    },
    {
        "date": "2020-09-14T10:42:52Z",
        "value": "1.000056509",
        "cumulative": false
    },
    {
        "date": "2020-09-14T10:43:04Z",
        "value": "0.999843767",
        "cumulative": false
    },
    {
        "date": "2020-09-14T10:43:23Z",
        "value": "1.000167443",
        "cumulative": false
    },
    {
        "date": "2020-09-14T10:43:37Z",
        "value": "1.000237145",
        "cumulative": false
    },
    {
        "date": "2020-09-14T10:43:53Z",
        "value": "1.000097422",
        "cumulative": false
    },
    {
        "date": "2020-09-14T10:44:06Z",
        "value": "1.000228421",
        "cumulative": false
    },
    {
        "date": "2020-09-14T10:44:17Z",
        "value": "0.999731223",
        "cumulative": false
    },
    {
        "date": "2020-09-14T10:44:34Z",
        "value": "0.999743501",
        "cumulative": false
    },
    {
        "date": "2020-09-14T10:44:51Z",
        "value": "0.9995773",
        "cumulative": false
    },
    {
        "date": "2020-09-14T10:45:08Z",
        "value": "1.000074116",
        "cumulative": false
    },
    {
        "date": "2020-09-14T10:45:20Z",
        "value": "0.999995209",
        "cumulative": false
    },
    {
        "date": "2020-09-14T10:45:39Z",
        "value": "1.0001806",
        "cumulative": false
    },
    {
        "date": "2020-09-14T10:45:50Z",
        "value": "1.000209869",
        "cumulative": false
    },
    {
        "date": "2020-09-14T10:46:01Z",
        "value": "1.000286442",
        "cumulative": false
    },
    {
        "date": "2020-09-14T10:46:18Z",
        "value": "0.999985083",
        "cumulative": false
    },
    {
        "date": "2020-09-14T10:46:37Z",
        "value": "1.000150222",
        "cumulative": false
    },
    {
        "date": "2020-09-14T10:46:54Z",
        "value": "1.000100422",
        "cumulative": false
    },
    {
        "date": "2020-09-14T10:47:09Z",
        "value": "1.000192025",
        "cumulative": false
    },
    {
        "date": "2020-09-14T10:47:26Z",
        "value": "1.000203528",
        "cumulative": false
    },
    {
        "date": "2020-09-14T10:47:42Z",
        "value": "1.000057027",
        "cumulative": false
    },
    {
        "date": "2020-09-14T10:47:54Z",
        "value": "0.999733426",
        "cumulative": false
    },
    {
        "date": "2020-09-14T10:48:06Z",
        "value": "0.999844217",
        "cumulative": false
    },
    {
        "date": "2020-09-14T10:48:21Z",
        "value": "1.000208047",
        "cumulative": false
    },
    {
        "date": "2020-09-14T10:48:40Z",
        "value": "1.000363382",
        "cumulative": false
    },
    {
        "date": "2020-09-14T10:48:51Z",
        "value": "1.000325967",
        "cumulative": false
    },
    {
        "date": "2020-09-14T10:49:06Z",
        "value": "1.000113857",
        "cumulative": false
    },
    {
        "date": "2020-09-14T10:49:26Z",
        "value": "1.000163209",
        "cumulative": false
    },
    {
        "date": "2020-09-14T10:49:45Z",
        "value": "1.000139927",
        "cumulative": false
    },
    {
        "date": "2020-09-14T10:49:59Z",
        "value": "1.000256189",
        "cumulative": false
    },
    {
        "date": "2020-09-14T10:50:12Z",
        "value": "1.000259005",
        "cumulative": false
    },
    {
        "date": "2020-09-14T10:50:27Z",
        "value": "1.000195924",
        "cumulative": false
    },
    {
        "date": "2020-09-14T10:50:39Z",
        "value": "1.000282359",
        "cumulative": false
    },
    {
        "date": "2020-09-14T10:50:54Z",
        "value": "1.000268756",
        "cumulative": false
    },
    {
        "date": "2020-09-14T10:51:09Z",
        "value": "1.000287919",
        "cumulative": false
    },
    {
        "date": "2020-09-14T10:51:29Z",
        "value": "0.495885441",
        "cumulative": false
    }
]