[
    {
        "date": "2020-09-14T10:29:02Z",
        "value": "1.76953125",
        "cumulative": false
    },
    {
        "date": "2020-09-14T10:29:17Z",
        "value": "2.98046875",
        "cumulative": false
    },
    {
        "date": "2020-09-14T10:29:33Z",
        "value": "1073.2421875",
        "cumulative": false
    },
    {
        "date": "2020-09-14T10:29:47Z",
        "value": "1078.62890625",
        "cumulative": false
    },
    {
        "date": "2020-09-14T10:29:58Z",
        "value": "1093.55859375",
        "cumulative": false
    },
    {
        "date": "2020-09-14T10:30:11Z",
        "value": "1103.953125",
        "cumulative": false
    },
    {
        "date": "2020-09-14T10:30:28Z",
        "value": "1112.1171875",
        "cumulative": false
    },
    {
        "date": "2020-09-14T10:30:43Z",
        "value": "1121.4375",
        "cumulative": false
    },
    {
        "date": "2020-09-14T10:30:53Z",
        "value": "1133.5625",
        "cumulative": false
    },
    {
        "date": "2020-09-14T10:31:03Z",
        "value": "1133.5625",
        "cumulative": false
    },
    {
        "date": "2020-09-14T10:31:21Z",
        "value": "1170.90234375",
        "cumulative": false
    },
    {
        "date": "2020-09-14T10:31:39Z",
        "value": "1147.81640625",
        "cumulative": false
    },
    {
        "date": "2020-09-14T10:31:52Z",
        "value": "1180.46484375",
        "cumulative": false
    },
    {
        "date": "2020-09-14T10:32:09Z",
        "value": "1192.890625",
        "cumulative": false
    },
    {
        "date": "2020-09-14T10:32:21Z",
        "value": "1192.82421875",
        "cumulative": false
    },
    {
        "date": "2020-09-14T10:32:36Z",
        "value": "1192.85546875",
        "cumulative": false
    },
    {
        "date": "2020-09-14T10:32:54Z",
        "value": "1208.34375",
        "cumulative": false
    },
    {
        "date": "2020-09-14T10:33:08Z",
        "value": "1169.96875",
        "cumulative": false
    },
    {
        "date": "2020-09-14T10:33:23Z",
        "value": "1208.4375",
        "cumulative": false
    },
    {
        "date": "2020-09-14T10:33:42Z",
        "value": "1208.390625",
        "cumulative": false
    },
    {
        "date": "2020-09-14T10:33:59Z",
        "value": "1227.97265625",
        "cumulative": false
    },
    {
        "date": "2020-09-14T10:34:10Z",
        "value": "1227.97265625",
        "cumulative": false
    },
    {
        "date": "2020-09-14T10:34:26Z",
        "value": "1227.9453125",
        "cumulative": false
    },
    {
        "date": "2020-09-14T10:34:43Z",
        "value": "1200.14453125",
        "cumulative": false
    },
    {
        "date": "2020-09-14T10:34:58Z",
        "value": "1175.328125",
        "cumulative": false
    },
    {
        "date": "2020-09-14T10:35:13Z",
        "value": "1252.6953125",
        "cumulative": false
    },
    {
        "date": "2020-09-14T10:35:23Z",
        "value": "1150.32421875",
        "cumulative": false
    },
    {
        "date": "2020-09-14T10:35:43Z",
        "value": "1189.578125",
        "cumulative": false
    },
    {
        "date": "2020-09-14T10:36:02Z",
        "value": "1252.6953125",
        "cumulative": false
    },
    {
        "date": "2020-09-14T10:36:14Z",
        "value": "1205.3203125",
        "cumulative": false
    },
    {
        "date": "2020-09-14T10:36:26Z",
        "value": "1252.69921875",
        "cumulative": false
    },
    {
        "date": "2020-09-14T10:36:39Z",
        "value": "1279.13671875",
        "cumulative": false
    },
    {
        "date": "2020-09-14T10:36:49Z",
        "value": "1284.04296875",
        "cumulative": false
    },
    {
        "date": "2020-09-14T10:37:00Z",
        "value": "1188.63671875",
        "cumulative": false
    },
    {
        "date": "2020-09-14T10:37:11Z",
        "value": "1284.16796875",
        "cumulative": false
    },
    {
        "date": "2020-09-14T10:37:24Z",
        "value": "1284.07421875",
        "cumulative": false
    },
    {
        "date": "2020-09-14T10:37:44Z",
        "value": "1284.07421875",
        "cumulative": false
    },
    {
        "date": "2020-09-14T10:38:00Z",
        "value": "1284.16796875",
        "cumulative": false
    },
    {
        "date": "2020-09-14T10:38:15Z",
        "value": "1212.13671875",
        "cumulative": false
    },
    {
        "date": "2020-09-14T10:38:34Z",
        "value": "1323.55859375",
        "cumulative": false
    },
    {
        "date": "2020-09-14T10:38:49Z",
        "value": "1323.55859375",
        "cumulative": false
    },
    {
        "date": "2020-09-14T10:39:07Z",
        "value": "1323.578125",
        "cumulative": false
    },
    {
        "date": "2020-09-14T10:39:23Z",
        "value": "1323.68359375",
        "cumulative": false
    },
    {
        "date": "2020-09-14T10:39:39Z",
        "value": "1323.55859375",
        "cumulative": false
    },
    {
        "date": "2020-09-14T10:39:53Z",
        "value": "1323.55859375",
        "cumulative": false
    },
    {
        "date": "2020-09-14T10:40:12Z",
        "value": "1281.953125",
        "cumulative": false
    },
    {
        "date": "2020-09-14T10:40:24Z",
        "value": "1323.578125",
        "cumulative": false
    },
    {
        "date": "2020-09-14T10:40:39Z",
        "value": "1261.32421875",
        "cumulative": false
    },
    {
        "date": "2020-09-14T10:40:50Z",
        "value": "1133.671875",
        "cumulative": false
    },
    {
        "date": "2020-09-14T10:41:05Z",
        "value": "1255.79296875",
        "cumulative": false
    },
    {
        "date": "2020-09-14T10:41:25Z",
        "value": "1373.4453125",
        "cumulative": false
    },
    {
        "date": "2020-09-14T10:41:35Z",
        "value": "1373.45703125",
        "cumulative": false
    },
    {
        "date": "2020-09-14T10:41:51Z",
        "value": "1373.45703125",
        "cumulative": false
    },
    {
        "date": "2020-09-14T10:42:08Z",
        "value": "1211.9453125",
        "cumulative": false
    },
    {
        "date": "2020-09-14T10:42:20Z",
        "value": "1320.95703125",
        "cumulative": false
    },
    {
        "date": "2020-09-14T10:42:34Z",
        "value": "1263.45703125",
        "cumulative": false
    },
    {
        "date": "2020-09-14T10:42:54Z",
        "value": "1216.91796875",
        "cumulative": false
    },
    {
        "date": "2020-09-14T10:43:12Z",
        "value": "1373.45703125",
        "cumulative": false
    },
    {
        "date": "2020-09-14T10:43:22Z",
        "value": "1373.45703125",
        "cumulative": false
    },
    {
        "date": "2020-09-14T10:43:35Z",
        "value": "1436.3359375",
        "cumulative": false
    },
    {
        "date": "2020-09-14T10:43:51Z",
        "value": "1436.3359375",
        "cumulative": false
    },
    {
        "date": "2020-09-14T10:44:07Z",
        "value": "1436.3359375",
        "cumulative": false
    },
    {
        "date": "2020-09-14T10:44:23Z",
        "value": "1348.7109375",
        "cumulative": false
    },
    {
        "date": "2020-09-14T10:44:34Z",
        "value": "1436.3359375",
        "cumulative": false
    },
    {
        "date": "2020-09-14T10:44:48Z",
        "value": "1270.984375",
        "cumulative": false
    },
    {
        "date": "2020-09-14T10:45:07Z",
        "value": "1343.7109375",
        "cumulative": false
    },
    {
        "date": "2020-09-14T10:45:20Z",
        "value": "1144.609375",
        "cumulative": false
    },
    {
        "date": "2020-09-14T10:45:39Z",
        "value": "1436.3828125",
        "cumulative": false
    },
    {
        "date": "2020-09-14T10:45:53Z",
        "value": "1420.1015625",
        "cumulative": false
    },
    {
        "date": "2020-09-14T10:46:08Z",
        "value": "1182.859375",
        "cumulative": false
    },
    {
        "date": "2020-09-14T10:46:21Z",
        "value": "1436.3359375",
        "cumulative": false
    },
    {
        "date": "2020-09-14T10:46:38Z",
        "value": "1436.3359375",
        "cumulative": false
    },
    {
        "date": "2020-09-14T10:46:49Z",
        "value": "1436.359375",
        "cumulative": false
    },
    {
        "date": "2020-09-14T10:47:02Z",
        "value": "1515.83984375",
        "cumulative": false
    },
    {
        "date": "2020-09-14T10:47:22Z",
        "value": "1473.99609375",
        "cumulative": false
    },
    {
        "date": "2020-09-14T10:47:39Z",
        "value": "1352.24609375",
        "cumulative": false
    },
    {
        "date": "2020-09-14T10:47:51Z",
        "value": "1515.83984375",
        "cumulative": false
    },
    {
        "date": "2020-09-14T10:48:10Z",
        "value": "1164.99609375",
        "cumulative": false
    },
    {
        "date": "2020-09-14T10:48:26Z",
        "value": "1471.98046875",
        "cumulative": false
    },
    {
        "date": "2020-09-14T10:48:44Z",
        "value": "1459.08984375",
        "cumulative": false
    },
    {
        "date": "2020-09-14T10:49:00Z",
        "value": "1302.65234375",
        "cumulative": false
    },
    {
        "date": "2020-09-14T10:49:11Z",
        "value": "1514.96484375",
        "cumulative": false
    },
    {
        "date": "2020-09-14T10:49:31Z",
        "value": "1449.62109375",
        "cumulative": false
    },
    {
        "date": "2020-09-14T10:49:46Z",
        "value": "1515.83984375",
        "cumulative": false
    },
    {
        "date": "2020-09-14T10:50:05Z",
        "value": "1515.87109375",
        "cumulative": false
    },
    {
        "date": "2020-09-14T10:50:22Z",
        "value": "1277.87109375",
        "cumulative": false
    },
    {
        "date": "2020-09-14T10:50:40Z",
        "value": "1515.83984375",
        "cumulative": false
    },
    {
        "date": "2020-09-14T10:50:56Z",
        "value": "1310.37109375",
        "cumulative": false
    },
    {
        "date": "2020-09-14T10:51:07Z",
        "value": "1215.37109375",
        "cumulative": false
    },
    {
        "date": "2020-09-14T10:51:24Z",
        "value": "1133.58984375",
        "cumulative": false
    }
]