[
    {
        "date": "2020-09-14T10:29:10Z",
        "value": "1.7890625",
        "cumulative": false
    },
    {
        "date": "2020-09-14T10:29:25Z",
        "value": "31.80078125",
        "cumulative": false
    },
    {
        "date": "2020-09-14T10:29:42Z",
        "value": "1076.67578125",
        "cumulative": false
    },
    {
        "date": "2020-09-14T10:30:00Z",
        "value": "1089.1015625",
        "cumulative": false
    },
    {
        "date": "2020-09-14T10:30:12Z",
        "value": "1099.52734375",
        "cumulative": false
    },
    {
        "date": "2020-09-14T10:30:27Z",
        "value": "1107.68359375",
        "cumulative": false
    },
    {
        "date": "2020-09-14T10:30:44Z",
        "value": "1117.00390625",
        "cumulative": false
    },
    {
        "date": "2020-09-14T10:31:00Z",
        "value": "1129.12890625",
        "cumulative": false
    },
    {
        "date": "2020-09-14T10:31:11Z",
        "value": "1129.3515625",
        "cumulative": false
    },
    {
        "date": "2020-09-14T10:31:22Z",
        "value": "1166.48046875",
        "cumulative": false
    },
    {
        "date": "2020-09-14T10:31:39Z",
        "value": "1176.12890625",
        "cumulative": false
    },
    {
        "date": "2020-09-14T10:31:52Z",
        "value": "1176.00390625",
        "cumulative": false
    },
    {
        "date": "2020-09-14T10:32:02Z",
        "value": "1176.00390625",
        "cumulative": false
    },
    {
        "date": "2020-09-14T10:32:20Z",
        "value": "1188.4453125",
        "cumulative": false
    },
    {
        "date": "2020-09-14T10:32:31Z",
        "value": "1188.4609375",
        "cumulative": false
    },
    {
        "date": "2020-09-14T10:32:51Z",
        "value": "1188.40234375",
        "cumulative": false
    },
    {
        "date": "2020-09-14T10:33:10Z",
        "value": "1129.62890625",
        "cumulative": false
    },
    {
        "date": "2020-09-14T10:33:29Z",
        "value": "1203.90234375",
        "cumulative": false
    },
    {
        "date": "2020-09-14T10:33:42Z",
        "value": "1159.98046875",
        "cumulative": false
    },
    {
        "date": "2020-09-14T10:33:59Z",
        "value": "1223.5",
        "cumulative": false
    },
    {
        "date": "2020-09-14T10:34:14Z",
        "value": "1223.52734375",
        "cumulative": false
    },
    {
        "date": "2020-09-14T10:34:29Z",
        "value": "1179.234375",
        "cumulative": false
    },
    {
        "date": "2020-09-14T10:34:49Z",
        "value": "1223.5",
        "cumulative": false
    },
    {
        "date": "2020-09-14T10:35:02Z",
        "value": "1248.2265625",
        "cumulative": false
    },
    {
        "date": "2020-09-14T10:35:15Z",
        "value": "1173.734375",
        "cumulative": false
    },
    {
        "date": "2020-09-14T10:35:33Z",
        "value": "1248.21875",
        "cumulative": false
    },
    {
        "date": "2020-09-14T10:35:46Z",
        "value": "1248.22265625",
        "cumulative": false
    },
    {
        "date": "2020-09-14T10:36:00Z",
        "value": "1248.22265625",
        "cumulative": false
    },
    {
        "date": "2020-09-14T10:36:13Z",
        "value": "1248.21875",
        "cumulative": false
    },
    {
        "date": "2020-09-14T10:36:31Z",
        "value": "1279.59765625",
        "cumulative": false
    },
    {
        "date": "2020-09-14T10:36:51Z",
        "value": "1279.69140625",
        "cumulative": false
    },
    {
        "date": "2020-09-14T10:37:10Z",
        "value": "1279.56640625",
        "cumulative": false
    },
    {
        "date": "2020-09-14T10:37:22Z",
        "value": "1279.69140625",
        "cumulative": false
    },
    {
        "date": "2020-09-14T10:37:39Z",
        "value": "1279.69140625",
        "cumulative": false
    },
    {
        "date": "2020-09-14T10:37:51Z",
        "value": "1221.50390625",
        "cumulative": false
    },
    {
        "date": "2020-09-14T10:38:11Z",
        "value": "1229.31640625",
        "cumulative": false
    },
    {
        "date": "2020-09-14T10:38:24Z",
        "value": "1208.8125",
        "cumulative": false
    },
    {
        "date": "2020-09-14T10:38:43Z",
        "value": "1251.3046875",
        "cumulative": false
    },
    {
        "date": "2020-09-14T10:38:56Z",
        "value": "1319.20703125",
        "cumulative": false
    },
    {
        "date": "2020-09-14T10:39:12Z",
        "value": "1243.83203125",
        "cumulative": false
    },
    {
        "date": "2020-09-14T10:39:31Z",
        "value": "1308.1015625",
        "cumulative": false
    },
    {
        "date": "2020-09-14T10:39:42Z",
        "value": "1319.1015625",
        "cumulative": false
    },
    {
        "date": "2020-09-14T10:40:01Z",
        "value": "1319.20703125",
        "cumulative": false
    },
    {
        "date": "2020-09-14T10:40:16Z",
        "value": "1152.58203125",
        "cumulative": false
    },
    {
        "date": "2020-09-14T10:40:34Z",
        "value": "1231.1328125",
        "cumulative": false
    },
    {
        "date": "2020-09-14T10:40:53Z",
        "value": "1368.984375",
        "cumulative": false
    },
    {
        "date": "2020-09-14T10:41:06Z",
        "value": "1368.984375",
        "cumulative": false
    },
    {
        "date": "2020-09-14T10:41:17Z",
        "value": "1368.984375",
        "cumulative": false
    },
    {
        "date": "2020-09-14T10:41:33Z",
        "value": "1186.72265625",
        "cumulative": false
    },
    {
        "date": "2020-09-14T10:41:46Z",
        "value": "1134.09765625",
        "cumulative": false
    },
    {
        "date": "2020-09-14T10:42:03Z",
        "value": "1259.484375",
        "cumulative": false
    },
    {
        "date": "2020-09-14T10:42:22Z",
        "value": "1368.87109375",
        "cumulative": false
    },
    {
        "date": "2020-09-14T10:42:40Z",
        "value": "1368.984375",
        "cumulative": false
    },
    {
        "date": "2020-09-14T10:42:59Z",
        "value": "1368.984375",
        "cumulative": false
    },
    {
        "date": "2020-09-14T10:43:12Z",
        "value": "1368.984375",
        "cumulative": false
    },
    {
        "date": "2020-09-14T10:43:29Z",
        "value": "1431.8515625",
        "cumulative": false
    },
    {
        "date": "2020-09-14T10:43:41Z",
        "value": "1431.86328125",
        "cumulative": false
    },
    {
        "date": "2020-09-14T10:43:58Z",
        "value": "1345.18359375",
        "cumulative": false
    },
    {
        "date": "2020-09-14T10:44:15Z",
        "value": "1431.86328125",
        "cumulative": false
    },
    {
        "date": "2020-09-14T10:44:35Z",
        "value": "1172.88671875",
        "cumulative": false
    },
    {
        "date": "2020-09-14T10:44:48Z",
        "value": "1295.88671875",
        "cumulative": false
    },
    {
        "date": "2020-09-14T10:45:08Z",
        "value": "1414.16015625",
        "cumulative": false
    },
    {
        "date": "2020-09-14T10:45:24Z",
        "value": "1428.73828125",
        "cumulative": false
    },
    {
        "date": "2020-09-14T10:45:36Z",
        "value": "1431.86328125",
        "cumulative": false
    },
    {
        "date": "2020-09-14T10:45:54Z",
        "value": "1427.23828125",
        "cumulative": false
    },
    {
        "date": "2020-09-14T10:46:12Z",
        "value": "1168.88671875",
        "cumulative": false
    },
    {
        "date": "2020-09-14T10:46:30Z",
        "value": "1219.23828125",
        "cumulative": false
    },
    {
        "date": "2020-09-14T10:46:42Z",
        "value": "1431.86328125",
        "cumulative": false
    },
    {
        "date": "2020-09-14T10:47:01Z",
        "value": "1289.8984375",
        "cumulative": false
    },
    {
        "date": "2020-09-14T10:47:13Z",
        "value": "1511.3671875",
        "cumulative": false
    },
    {
        "date": "2020-09-14T10:47:32Z",
        "value": "1511.3671875",
        "cumulative": false
    },
    {
        "date": "2020-09-14T10:47:44Z",
        "value": "1496.7421875",
        "cumulative": false
    },
    {
        "date": "2020-09-14T10:47:57Z",
        "value": "1511.3984375",
        "cumulative": false
    },
    {
        "date": "2020-09-14T10:48:14Z",
        "value": "1511.3671875",
        "cumulative": false
    },
    {
        "date": "2020-09-14T10:48:33Z",
        "value": "1256.2734375",
        "cumulative": false
    },
    {
        "date": "2020-09-14T10:48:49Z",
        "value": "1511.3671875",
        "cumulative": false
    },
    {
        "date": "2020-09-14T10:49:00Z",
        "value": "1427.3671875",
        "cumulative": false
    },
    {
        "date": "2020-09-14T10:49:19Z",
        "value": "1511.3671875",
        "cumulative": false
    },
    {
        "date": "2020-09-14T10:49:39Z",
        "value": "1511.3671875",
        "cumulative": false
    },
    {
        "date": "2020-09-14T10:49:56Z",
        "value": "1397.3046875",
        "cumulative": false
    },
    {
        "date": "2020-09-14T10:50:15Z",
        "value": "1511.3671875",
        "cumulative": false
    },
    {
        "date": "2020-09-14T10:50:28Z",
        "value": "1511.3671875",
        "cumulative": false
    },
    {
        "date": "2020-09-14T10:50:44Z",
        "value": "1511.3671875",
        "cumulative": false
    },
    {
        "date": "2020-09-14T10:51:02Z",
        "value": "1347.0234375",
        "cumulative": false
    },
    {
        "date": "2020-09-14T10:51:19Z",
        "value": "1129.1484375",
        "cumulative": false
    }
]