[
    {
        "date": "2020-09-14T10:29:14Z",
        "value": "1.828125",
        "cumulative": false
    },
    {
        "date": "2020-09-14T10:29:28Z",
        "value": "1071.98046875",
        "cumulative": false
    },
    {
        "date": "2020-09-14T10:29:46Z",
        "value": "1078.9296875",
        "cumulative": false
    },
    {
        "date": "2020-09-14T10:30:04Z",
        "value": "1099.2734375",
        "cumulative": false
    },
    {
        "date": "2020-09-14T10:30:22Z",
        "value": "1112.4453125",
        "cumulative": false
    },
    {
        "date": "2020-09-14T10:30:37Z",
        "value": "1121.765625",
        "cumulative": false
    },
    {
        "date": "2020-09-14T10:30:52Z",
        "value": "1133.90234375",
        "cumulative": false
    },
    {
        "date": "2020-09-14T10:31:04Z",
        "value": "1171.265625",
        "cumulative": false
    },
    {
        "date": "2020-09-14T10:31:21Z",
        "value": "1162.35546875",
        "cumulative": false
    },
    {
        "date": "2020-09-14T10:31:36Z",
        "value": "1180.78125",
        "cumulative": false
    },
    {
        "date": "2020-09-14T10:31:51Z",
        "value": "1180.78125",
        "cumulative": false
    },
    {
        "date": "2020-09-14T10:32:02Z",
        "value": "1166.15625",
        "cumulative": false
    },
    {
        "date": "2020-09-14T10:32:20Z",
        "value": "1181.59765625",
        "cumulative": false
    },
    {
        "date": "2020-09-14T10:32:36Z",
        "value": "1134.046875",
        "cumulative": false
    },
    {
        "date": "2020-09-14T10:32:48Z",
        "value": "1193.22265625",
        "cumulative": false
    },
    {
        "date": "2020-09-14T10:33:00Z",
        "value": "1208.80078125",
        "cumulative": false
    },
    {
        "date": "2020-09-14T10:33:19Z",
        "value": "1208.67578125",
        "cumulative": false
    },
    {
        "date": "2020-09-14T10:33:32Z",
        "value": "1152.10546875",
        "cumulative": false
    },
    {
        "date": "2020-09-14T10:33:48Z",
        "value": "1228.3203125",
        "cumulative": false
    },
    {
        "date": "2020-09-14T10:34:07Z",
        "value": "1228.3203125",
        "cumulative": false
    },
    {
        "date": "2020-09-14T10:34:26Z",
        "value": "1228.34765625",
        "cumulative": false
    },
    {
        "date": "2020-09-14T10:34:37Z",
        "value": "1228.40234375",
        "cumulative": false
    },
    {
        "date": "2020-09-14T10:34:52Z",
        "value": "1228.375",
        "cumulative": false
    },
    {
        "date": "2020-09-14T10:35:06Z",
        "value": "1253.046875",
        "cumulative": false
    },
    {
        "date": "2020-09-14T10:35:20Z",
        "value": "1253.04296875",
        "cumulative": false
    },
    {
        "date": "2020-09-14T10:35:35Z",
        "value": "1253.05078125",
        "cumulative": false
    },
    {
        "date": "2020-09-14T10:35:46Z",
        "value": "1253.046875",
        "cumulative": false
    },
    {
        "date": "2020-09-14T10:36:05Z",
        "value": "1253.04296875",
        "cumulative": false
    },
    {
        "date": "2020-09-14T10:36:18Z",
        "value": "1151.17578125",
        "cumulative": false
    },
    {
        "date": "2020-09-14T10:36:37Z",
        "value": "1134.828125",
        "cumulative": false
    },
    {
        "date": "2020-09-14T10:36:54Z",
        "value": "1264.484375",
        "cumulative": false
    },
    {
        "date": "2020-09-14T10:37:04Z",
        "value": "1284.421875",
        "cumulative": false
    },
    {
        "date": "2020-09-14T10:37:24Z",
        "value": "1182.7265625",
        "cumulative": false
    },
    {
        "date": "2020-09-14T10:37:42Z",
        "value": "1284.359375",
        "cumulative": false
    },
    {
        "date": "2020-09-14T10:38:01Z",
        "value": "1284.421875",
        "cumulative": false
    },
    {
        "date": "2020-09-14T10:38:17Z",
        "value": "1284.4453125",
        "cumulative": false
    },
    {
        "date": "2020-09-14T10:38:29Z",
        "value": "1254.17578125",
        "cumulative": false
    },
    {
        "date": "2020-09-14T10:38:44Z",
        "value": "1261.19140625",
        "cumulative": false
    },
    {
        "date": "2020-09-14T10:39:03Z",
        "value": "1324.03125",
        "cumulative": false
    },
    {
        "date": "2020-09-14T10:39:17Z",
        "value": "1323.92578125",
        "cumulative": false
    },
    {
        "date": "2020-09-14T10:39:28Z",
        "value": "1285.30078125",
        "cumulative": false
    },
    {
        "date": "2020-09-14T10:39:46Z",
        "value": "1323.92578125",
        "cumulative": false
    },
    {
        "date": "2020-09-14T10:40:00Z",
        "value": "1323.90625",
        "cumulative": false
    },
    {
        "date": "2020-09-14T10:40:15Z",
        "value": "1323.92578125",
        "cumulative": false
    },
    {
        "date": "2020-09-14T10:40:34Z",
        "value": "1258.33203125",
        "cumulative": false
    },
    {
        "date": "2020-09-14T10:40:50Z",
        "value": "1259.0546875",
        "cumulative": false
    },
    {
        "date": "2020-09-14T10:41:03Z",
        "value": "1373.8046875",
        "cumulative": false
    },
    {
        "date": "2020-09-14T10:41:17Z",
        "value": "1373.8046875",
        "cumulative": false
    },
    {
        "date": "2020-09-14T10:41:27Z",
        "value": "1273.4296875",
        "cumulative": false
    },
    {
        "date": "2020-09-14T10:41:46Z",
        "value": "1373.8046875",
        "cumulative": false
    },
    {
        "date": "2020-09-14T10:42:01Z",
        "value": "1183.41796875",
        "cumulative": false
    },
    {
        "date": "2020-09-14T10:42:21Z",
        "value": "1373.8046875",
        "cumulative": false
    },
    {
        "date": "2020-09-14T10:42:36Z",
        "value": "1232.16796875",
        "cumulative": false
    },
    {
        "date": "2020-09-14T10:42:52Z",
        "value": "1373.8046875",
        "cumulative": false
    },
    {
        "date": "2020-09-14T10:43:06Z",
        "value": "1221.54296875",
        "cumulative": false
    },
    {
        "date": "2020-09-14T10:43:21Z",
        "value": "1373.8046875",
        "cumulative": false
    },
    {
        "date": "2020-09-14T10:43:35Z",
        "value": "1135.19921875",
        "cumulative": false
    },
    {
        "date": "2020-09-14T10:43:52Z",
        "value": "1411.26953125",
        "cumulative": false
    },
    {
        "date": "2020-09-14T10:44:02Z",
        "value": "1253.64453125",
        "cumulative": false
    },
    {
        "date": "2020-09-14T10:44:19Z",
        "value": "1436.64453125",
        "cumulative": false
    },
    {
        "date": "2020-09-14T10:44:38Z",
        "value": "1272.76953125",
        "cumulative": false
    },
    {
        "date": "2020-09-14T10:44:56Z",
        "value": "1436.66796875",
        "cumulative": false
    },
    {
        "date": "2020-09-14T10:45:12Z",
        "value": "1436.64453125",
        "cumulative": false
    },
    {
        "date": "2020-09-14T10:45:25Z",
        "value": "1436.64453125",
        "cumulative": false
    },
    {
        "date": "2020-09-14T10:45:40Z",
        "value": "1245.91796875",
        "cumulative": false
    },
    {
        "date": "2020-09-14T10:46:00Z",
        "value": "1376.64453125",
        "cumulative": false
    },
    {
        "date": "2020-09-14T10:46:11Z",
        "value": "1436.66796875",
        "cumulative": false
    },
    {
        "date": "2020-09-14T10:46:24Z",
        "value": "1436.64453125",
        "cumulative": false
    },
    {
        "date": "2020-09-14T10:46:38Z",
        "value": "1436.64453125",
        "cumulative": false
    },
    {
        "date": "2020-09-14T10:46:54Z",
        "value": "1436.64453125",
        "cumulative": false
    },
    {
        "date": "2020-09-14T10:47:09Z",
        "value": "1516.19140625",
        "cumulative": false
    },
    {
        "date": "2020-09-14T10:47:28Z",
        "value": "1516.1484375",
        "cumulative": false
    },
    {
        "date": "2020-09-14T10:47:47Z",
        "value": "1292.2734375",
        "cumulative": false
    },
    {
        "date": "2020-09-14T10:48:05Z",
        "value": "1516.1484375",
        "cumulative": false
    },
    {
        "date": "2020-09-14T10:48:16Z",
        "value": "1439.0234375",
        "cumulative": false
    },
    {
        "date": "2020-09-14T10:48:33Z",
        "value": "1251.0546875",
        "cumulative": false
    },
    {
        "date": "2020-09-14T10:48:50Z",
        "value": "1516.1484375",
        "cumulative": false
    },
    {
        "date": "2020-09-14T10:49:02Z",
        "value": "1408.9296875",
        "cumulative": false
    },
    {
        "date": "2020-09-14T10:49:20Z",
        "value": "1187.8046875",
        "cumulative": false
    },
    {
        "date": "2020-09-14T10:49:37Z",
        "value": "1516.1484375",
        "cumulative": false
    },
    {
        "date": "2020-09-14T10:49:51Z",
        "value": "1516.1796875",
        "cumulative": false
    },
    {
        "date": "2020-09-14T10:50:08Z",
        "value": "1516.1484375",
        "cumulative": false
    },
    {
        "date": "2020-09-14T10:50:24Z",
        "value": "1516.1640625",
        "cumulative": false
    },
    {
        "date": "2020-09-14T10:50:37Z",
        "value": "1257.1484375",
        "cumulative": false
    },
    {
        "date": "2020-09-14T10:50:52Z",
        "value": "1516.1484375",
        "cumulative": false
    },
    {
        "date": "2020-09-14T10:51:11Z",
        "value": "1417.9296875",
        "cumulative": false
    },
    {
        "date": "2020-09-14T10:51:26Z",
        "value": "1133.8984375",
        "cumulative": false
    }
]