[
    {
        "date": "2020-09-14T10:29:20Z",
        "value": "0.019760986",
        "cumulative": false
    },
    {
        "date": "2020-09-14T10:29:38Z",
        "value": "0.773847735",
        "cumulative": false
    },
    {
        "date": "2020-09-14T10:29:55Z",
        "value": "1.007034746",
        "cumulative": false
    },
    {
        "date": "2020-09-14T10:30:07Z",
        "value": "1.000740799",
        "cumulative": false
    },
    {
        "date": "2020-09-14T10:30:26Z",
        "value": "1.000865934",
        "cumulative": false
    },
    {
        "date": "2020-09-14T10:30:41Z",
        "value": "1.000317916",
        "cumulative": false
    },
    {
        "date": "2020-09-14T10:30:53Z",
        "value": "1.000676327",
        "cumulative": false
    },
    {
        "date": "2020-09-14T10:31:11Z",
        "value": "1.000331234",
        "cumulative": false
    },
    {
        "date": "2020-09-14T10:31:30Z",
        "value": "1.000203443",
        "cumulative": false
    },
    {
        "date": "2020-09-14T10:31:44Z",
        "value": "1.000960425",
        "cumulative": false
    },
    {
        "date": "2020-09-14T10:32:01Z",
        "value": "1.00003878",
        "cumulative": false
    },
    {
        "date": "2020-09-14T10:32:14Z",
        "value": "1.001140959",
        "cumulative": false
    },
    {
        "date": "2020-09-14T10:32:31Z",
        "value": "1.000092322",
        "cumulative": false
    },
    {
        "date": "2020-09-14T10:32:41Z",
        "value": "1.000341708",
        "cumulative": false
    },
    {
        "date": "2020-09-14T10:32:53Z",
        "value": "1.000957092",
        "cumulative": false
    },
    {
        "date": "2020-09-14T10:33:04Z",
        "value": "1.000101619",
        "cumulative": false
    },
    {
        "date": "2020-09-14T10:33:23Z",
        "value": "1.000035383",
        "cumulative": false
    },
    {
        "date": "2020-09-14T10:33:40Z",
        "value": "0.999890758",
        "cumulative": false
    },
    {
        "date": "2020-09-14T10:33:58Z",
        "value": "1.000798373",
        "cumulative": false
    },
    {
        "date": "2020-09-14T10:34:16Z",
        "value": "1.000169423",
        "cumulative": false
    },
    {
        "date": "2020-09-14T10:34:26Z",
        "value": "0.999832865",
        "cumulative": false
    },
    {
        "date": "2020-09-14T10:34:37Z",
        "value": "1.000385017",
        "cumulative": false
    },
    {
        "date": "2020-09-14T10:34:56Z",
        "value": "1.000906991",
        "cumulative": false
    },
    {
        "date": "2020-09-14T10:35:07Z",
        "value": "1.000234478",
        "cumulative": false
    },
    {
        "date": "2020-09-14T10:35:19Z",
        "value": "0.999991822",
        "cumulative": false
    },
    {
        "date": "2020-09-14T10:35:33Z",
        "value": "1.000101014",
        "cumulative": false
    },
    {
        "date": "2020-09-14T10:35:44Z",
        "value": "1.000189257",
        "cumulative": false
    },
    {
        "date": "2020-09-14T10:35:56Z",
        "value": "1.000115811",
        "cumulative": false
    },
    {
        "date": "2020-09-14T10:36:08Z",
        "value": "1.000047826",
        "cumulative": false
    },
    {
        "date": "2020-09-14T10:36:25Z",
        "value": "1.000272264",
        "cumulative": false
    },
    {
        "date": "2020-09-14T10:36:44Z",
        "value": "1.000780011",
        "cumulative": false
    },
    {
        "date": "2020-09-14T10:36:58Z",
        "value": "1.000192143",
        "cumulative": false
    },
    {
        "date": "2020-09-14T10:37:16Z",
        "value": "1.000355899",
        "cumulative": false
    },
    {
        "date": "2020-09-14T10:37:32Z",
        "value": "1.000201698",
        "cumulative": false
    },
    {
        "date": "2020-09-14T10:37:51Z",
        "value": "1.000204799",
        "cumulative": false
    },
    {
        "date": "2020-09-14T10:38:10Z",
        "value": "1.000243495",
        "cumulative": false
    },
    {
        "date": "2020-09-14T10:38:27Z",
        "value": "1.000589016",
        "cumulative": false
    },
    {
        "date": "2020-09-14T10:38:41Z",
        "value": "1.000361372",
        "cumulative": false
    },
    {
        "date": "2020-09-14T10:38:58Z",
        "value": "1.000403193",
        "cumulative": false
    },
    {
        "date": "2020-09-14T10:39:10Z",
        "value": "1.000413622",
        "cumulative": false
    },
    {
        "date": "2020-09-14T10:39:21Z",
        "value": "1.000340682",
        "cumulative": false
    },
    {
        "date": "2020-09-14T10:39:35Z",
        "value": "1.000274416",
        "cumulative": false
    },
    {
        "date": "2020-09-14T10:39:54Z",
        "value": "1.000439169",
        "cumulative": false
    },
    {
        "date": "2020-09-14T10:40:13Z",
        "value": "0.999949799",
        "cumulative": false
    },
    {
        "date": "2020-09-14T10:40:29Z",
        "value": "1.000275186",
        "cumulative": false
    },
    {
        "date": "2020-09-14T10:40:44Z",
        "value": "1.000607214",
        "cumulative": false
    },
    {
        "date": "2020-09-14T10:41:03Z",
        "value": "1.000323723",
        "cumulative": false
    },
    {
        "date": "2020-09-14T10:41:13Z",
        "value": "1.000324792",
        "cumulative": false
    },
    {
        "date": "2020-09-14T10:41:25Z",
        "value": "1.000371285",
        "cumulative": false
    },
    {
        "date": "2020-09-14T10:41:41Z",
        "value": "1.000254583",
        "cumulative": false
    },
    {
        "date": "2020-09-14T10:41:51Z",
        "value": "1.000202086",
        "cumulative": false
    },
    {
        "date": "2020-09-14T10:42:11Z",
        "value": "1.000282641",
        "cumulative": false
    },
    {
        "date": "2020-09-14T10:42:29Z",
        "value": "1.000319544",
        "cumulative": false
    },
    {
        "date": "2020-09-14T10:42:48Z",
        "value": "1.000353756",
        "cumulative": false
    },
    {
        "date": "2020-09-14T10:43:03Z",
        "value": "1.000319213",
        "cumulative": false
    },
    {
        "date": "2020-09-14T10:43:16Z",
        "value": "1.000265314",
        "cumulative": false
    },
    {
        "date": "2020-09-14T10:43:34Z",
        "value": "1.000663385",
        "cumulative": false
    },
    {
        "date": "2020-09-14T10:43:51Z",
        "value": "1.000409492",
        "cumulative": false
    },
    {
        "date": "2020-09-14T10:44:06Z",
        "value": "1.000400918",
        "cumulative": false
    },
    {
        "date": "2020-09-14T10:44:21Z",
        "value": "1.000121451",
        "cumulative": false
    },
    {
        "date": "2020-09-14T10:44:40Z",
        "value": "1.000301416",
        "cumulative": false
    },
    {
        "date": "2020-09-14T10:44:58Z",
        "value": "1.000295748",
        "cumulative": false
    },
    {
        "date": "2020-09-14T10:45:16Z",
        "value": "1.000320879",
        "cumulative": false
    },
    {
        "date": "2020-09-14T10:45:32Z",
        "value": "1.000293469",
        "cumulative": false
    },
    {
        "date": "2020-09-14T10:45:44Z",
        "value": "1.000353975",
        "cumulative": false
    },
    {
        "date": "2020-09-14T10:45:59Z",
        "value": "1.00032676",
        "cumulative": false
    },
    {
        "date": "2020-09-14T10:46:09Z",
        "value": "1.000409681",
        "cumulative": false
    },
    {
        "date": "2020-09-14T10:46:22Z",
        "value": "1.00033194",
        "cumulative": false
    },
    {
        "date": "2020-09-14T10:46:40Z",
        "value": "1.00031206",
        "cumulative": false
    },
    {
        "date": "2020-09-14T10:46:55Z",
        "value": "1.000200213",
        "cumulative": false
    },
    {
        "date": "2020-09-14T10:47:09Z",
        "value": "1.001111286",
        "cumulative": false
    },
    {
        "date": "2020-09-14T10:47:27Z",
        "value": "1.000333765",
        "cumulative": false
    },
    {
        "date": "2020-09-14T10:47:46Z",
        "value": "1.000297067",
        "cumulative": false
    },
    {
        "date": "2020-09-14T10:47:59Z",
        "value": "1.000302712",
        "cumulative": false
    },
    {
        "date": "2020-09-14T10:48:10Z",
        "value": "0.999955833",
        "cumulative": false
    },
    {
        "date": "2020-09-14T10:48:21Z",
        "value": "1.000258378",
        "cumulative": false
    },
    {
        "date": "2020-09-14T10:48:39Z",
        "value": "1.000390274",
        "cumulative": false
    },
    {
        "date": "2020-09-14T10:48:49Z",
        "value": "1.000344004",
        "cumulative": false
    },
    {
        "date": "2020-09-14T10:49:07Z",
        "value": "1.000319789",
        "cumulative": false
    },
    {
        "date": "2020-09-14T10:49:25Z",
        "value": "1.000329253",
        "cumulative": false
    },
    {
        "date": "2020-09-14T10:49:36Z",
        "value": "1.000434133",
        "cumulative": false
    },
    {
        "date": "2020-09-14T10:49:51Z",
        "value": "0.999921912",
        "cumulative": false
    },
    {
        "date": "2020-09-14T10:50:08Z",
        "value": "1.000235049",
        "cumulative": false
    },
    {
        "date": "2020-09-14T10:50:19Z",
        "value": "1.000380279",
        "cumulative": false
    },
    {
        "date": "2020-09-14T10:50:36Z",
        "value": "1.000320284",
        "cumulative": false
    },
    {
        "date": "2020-09-14T10:50:46Z",
        "value": "1.000435564",
        "cumulative": false
    },
    {
        "date": "2020-09-14T10:50:57Z",
        "value": "1.000425764",
        "cumulative": false
    },
    {
        "date": "2020-09-14T10:51:15Z",
        "value": "1.000306897",
        "cumulative": false
    },
    {
        "date": "2020-09-14T10:51:29Z",
        "value": "0.268637469",
        "cumulative": false
    }
]