[
    {
        "date": "2020-09-14T10:29:01Z",
        "value": "1.9296875",
        "cumulative": false
    },
    {
        "date": "2020-09-14T10:29:16Z",
        "value": "3.29296875",
        "cumulative": false
    },
    {
        "date": "2020-09-14T10:29:28Z",
        "value": "1068.484375",
        "cumulative": false
    },
    {
        "date": "2020-09-14T10:29:47Z",
        "value": "1082.6328125",
        "cumulative": false
    },
    {
        "date": "2020-09-14T10:29:59Z",
        "value": "1090.26171875",
        "cumulative": false
    },
    {
        "date": "2020-09-14T10:30:13Z",
        "value": "1100.69140625",
        "cumulative": false
    },
    {
        "date": "2020-09-14T10:30:26Z",
        "value": "1108.84375",
        "cumulative": false
    },
    {
        "date": "2020-09-14T10:30:42Z",
        "value": "1118.16796875",
        "cumulative": false
    },
    {
        "date": "2020-09-14T10:30:57Z",
        "value": "1130.29296875",
        "cumulative": false
    },
    {
        "date": "2020-09-14T10:31:08Z",
        "value": "1167.64453125",
        "cumulative": false
    },
    {
        "date": "2020-09-14T10:31:20Z",
        "value": "1167.59375",
        "cumulative": false
    },
    {
        "date": "2020-09-14T10:31:33Z",
        "value": "1177.12890625",
        "cumulative": false
    },
    {
        "date": "2020-09-14T10:31:47Z",
        "value": "1177.12890625",
        "cumulative": false
    },
    {
        "date": "2020-09-14T10:32:07Z",
        "value": "1177.12890625",
        "cumulative": false
    },
    {
        "date": "2020-09-14T10:32:22Z",
        "value": "1189.54296875",
        "cumulative": false
    },
    {
        "date": "2020-09-14T10:32:40Z",
        "value": "1189.51171875",
        "cumulative": false
    },
    {
        "date": "2020-09-14T10:32:58Z",
        "value": "1205.09765625",
        "cumulative": false
    },
    {
        "date": "2020-09-14T10:33:14Z",
        "value": "1205.05078125",
        "cumulative": false
    },
    {
        "date": "2020-09-14T10:33:33Z",
        "value": "1205.05078125",
        "cumulative": false
    },
    {
        "date": "2020-09-14T10:33:45Z",
        "value": "1140.578125",
        "cumulative": false
    },
    {
        "date": "2020-09-14T10:33:59Z",
        "value": "1224.62890625",
        "cumulative": false
    },
    {
        "date": "2020-09-14T10:34:13Z",
        "value": "1215.0703125",
        "cumulative": false
    },
    {
        "date": "2020-09-14T10:34:30Z",
        "value": "1224.68359375",
        "cumulative": false
    },
    {
        "date": "2020-09-14T10:34:45Z",
        "value": "1224.62890625",
        "cumulative": false
    },
    {
        "date": "2020-09-14T10:34:59Z",
        "value": "1210.5234375",
        "cumulative": false
    },
    {
        "date": "2020-09-14T10:35:17Z",
        "value": "1249.38671875",
        "cumulative": false
    },
    {
        "date": "2020-09-14T10:35:30Z",
        "value": "1249.39453125",
        "cumulative": false
    },
    {
        "date": "2020-09-14T10:35:44Z",
        "value": "1230.265625",
        "cumulative": false
    },
    {
        "date": "2020-09-14T10:35:55Z",
        "value": "1160.88671875",
        "cumulative": false
    },
    {
        "date": "2020-09-14T10:36:13Z",
        "value": "1249.38671875",
        "cumulative": false
    },
    {
        "date": "2020-09-14T10:36:30Z",
        "value": "1280.7265625",
        "cumulative": false
    },
    {
        "date": "2020-09-14T10:36:48Z",
        "value": "1280.7578125",
        "cumulative": false
    },
    {
        "date": "2020-09-14T10:37:02Z",
        "value": "1280.7578125",
        "cumulative": false
    },
    {
        "date": "2020-09-14T10:37:18Z",
        "value": "1280.8203125",
        "cumulative": false
    },
    {
        "date": "2020-09-14T10:37:29Z",
        "value": "1280.7578125",
        "cumulative": false
    },
    {
        "date": "2020-09-14T10:37:41Z",
        "value": "1280.7578125",
        "cumulative": false
    },
    {
        "date": "2020-09-14T10:37:59Z",
        "value": "1280.7578125",
        "cumulative": false
    },
    {
        "date": "2020-09-14T10:38:19Z",
        "value": "1179.3828125",
        "cumulative": false
    },
    {
        "date": "2020-09-14T10:38:37Z",
        "value": "1320.265625",
        "cumulative": false
    },
    {
        "date": "2020-09-14T10:38:54Z",
        "value": "1170.7265625",
        "cumulative": false
    },
    {
        "date": "2020-09-14T10:39:07Z",
        "value": "1320.24609375",
        "cumulative": false
    },
    {
        "date": "2020-09-14T10:39:25Z",
        "value": "1320.33203125",
        "cumulative": false
    },
    {
        "date": "2020-09-14T10:39:43Z",
        "value": "1287.140625",
        "cumulative": false
    },
    {
        "date": "2020-09-14T10:40:02Z",
        "value": "1320.265625",
        "cumulative": false
    },
    {
        "date": "2020-09-14T10:40:13Z",
        "value": "1320.265625",
        "cumulative": false
    },
    {
        "date": "2020-09-14T10:40:31Z",
        "value": "1320.37109375",
        "cumulative": false
    },
    {
        "date": "2020-09-14T10:40:44Z",
        "value": "1310.9921875",
        "cumulative": false
    },
    {
        "date": "2020-09-14T10:41:02Z",
        "value": "1370.140625",
        "cumulative": false
    },
    {
        "date": "2020-09-14T10:41:21Z",
        "value": "1370.140625",
        "cumulative": false
    },
    {
        "date": "2020-09-14T10:41:36Z",
        "value": "1203.37890625",
        "cumulative": false
    },
    {
        "date": "2020-09-14T10:41:50Z",
        "value": "1220.75390625",
        "cumulative": false
    },
    {
        "date": "2020-09-14T10:42:01Z",
        "value": "1137.75390625",
        "cumulative": false
    },
    {
        "date": "2020-09-14T10:42:19Z",
        "value": "1370.140625",
        "cumulative": false
    },
    {
        "date": "2020-09-14T10:42:32Z",
        "value": "1195.12890625",
        "cumulative": false
    },
    {
        "date": "2020-09-14T10:42:42Z",
        "value": "1370.140625",
        "cumulative": false
    },
    {
        "date": "2020-09-14T10:42:54Z",
        "value": "1134.390625",
        "cumulative": false
    },
    {
        "date": "2020-09-14T10:43:09Z",
        "value": "1370.25390625",
        "cumulative": false
    },
    {
        "date": "2020-09-14T10:43:23Z",
        "value": "1370.25390625",
        "cumulative": false
    },
    {
        "date": "2020-09-14T10:43:40Z",
        "value": "1232.1953125",
        "cumulative": false
    },
    {
        "date": "2020-09-14T10:43:51Z",
        "value": "1205.296875",
        "cumulative": false
    },
    {
        "date": "2020-09-14T10:44:08Z",
        "value": "1365.796875",
        "cumulative": false
    },
    {
        "date": "2020-09-14T10:44:22Z",
        "value": "1433.0234375",
        "cumulative": false
    },
    {
        "date": "2020-09-14T10:44:40Z",
        "value": "1234.546875",
        "cumulative": false
    },
    {
        "date": "2020-09-14T10:44:57Z",
        "value": "1287.7734375",
        "cumulative": false
    },
    {
        "date": "2020-09-14T10:45:10Z",
        "value": "1433.0234375",
        "cumulative": false
    },
    {
        "date": "2020-09-14T10:45:25Z",
        "value": "1433.0234375",
        "cumulative": false
    },
    {
        "date": "2020-09-14T10:45:37Z",
        "value": "1336.6484375",
        "cumulative": false
    },
    {
        "date": "2020-09-14T10:45:51Z",
        "value": "1260.6484375",
        "cumulative": false
    },
    {
        "date": "2020-09-14T10:46:09Z",
        "value": "1275.296875",
        "cumulative": false
    },
    {
        "date": "2020-09-14T10:46:20Z",
        "value": "1433.0234375",
        "cumulative": false
    },
    {
        "date": "2020-09-14T10:46:33Z",
        "value": "1433.0234375",
        "cumulative": false
    },
    {
        "date": "2020-09-14T10:46:46Z",
        "value": "1433.0234375",
        "cumulative": false
    },
    {
        "date": "2020-09-14T10:46:59Z",
        "value": "1423.7734375",
        "cumulative": false
    },
    {
        "date": "2020-09-14T10:47:18Z",
        "value": "1512.52734375",
        "cumulative": false
    },
    {
        "date": "2020-09-14T10:47:29Z",
        "value": "1512.52734375",
        "cumulative": false
    },
    {
        "date": "2020-09-14T10:47:41Z",
        "value": "1320.77734375",
        "cumulative": false
    },
    {
        "date": "2020-09-14T10:47:56Z",
        "value": "1512.52734375",
        "cumulative": false
    },
    {
        "date": "2020-09-14T10:48:14Z",
        "value": "1512.52734375",
        "cumulative": false
    },
    {
        "date": "2020-09-14T10:48:30Z",
        "value": "1512.52734375",
        "cumulative": false
    },
    {
        "date": "2020-09-14T10:48:41Z",
        "value": "1247.43359375",
        "cumulative": false
    },
    {
        "date": "2020-09-14T10:48:54Z",
        "value": "1175.55859375",
        "cumulative": false
    },
    {
        "date": "2020-09-14T10:49:13Z",
        "value": "1177.55859375",
        "cumulative": false
    },
    {
        "date": "2020-09-14T10:49:26Z",
        "value": "1512.55859375",
        "cumulative": false
    },
    {
        "date": "2020-09-14T10:49:39Z",
        "value": "1512.52734375",
        "cumulative": false
    },
    {
        "date": "2020-09-14T10:49:53Z",
        "value": "1490.15234375",
        "cumulative": false
    },
    {
        "date": "2020-09-14T10:50:10Z",
        "value": "1512.52734375",
        "cumulative": false
    },
    {
        "date": "2020-09-14T10:50:20Z",
        "value": "1512.52734375",
        "cumulative": false
    },
    {
        "date": "2020-09-14T10:50:39Z",
        "value": "1512.52734375",
        "cumulative": false
    },
    {
        "date": "2020-09-14T10:50:53Z",
        "value": "1512.52734375",
        "cumulative": false
    },
    {
        "date": "2020-09-14T10:51:07Z",
        "value": "1441.02734375",
        "cumulative": false
    },
    {
        "date": "2020-09-14T10:51:21Z",
        "value": "1130.27734375",
        "cumulative": false
    }
]