[
    {
        "date": "2020-09-14T10:29:02Z",
        "value": "0.0009593963623046875",
        "cumulative": true
    },
    {
        "date": "2020-09-14T10:29:13Z",
        "value": "0.0009593963623046875",
        "cumulative": true
    },
    {
        "date": "2020-09-14T10:29:36Z",
        "value": "763.465950012207",
        "cumulative": true
    },
    {
        "date": "2020-09-14T10:29:55Z",
        "value": "5887.667799949646",
        "cumulative": true
    },
    {
        "date": "2020-09-14T10:30:07Z",
        "value": "9421.936050415039",
        "cumulative": true
    },
    {
        "date": "2020-09-14T10:30:23Z",
        "value": "13878.432563781738",
        "cumulative": true
    },
    {
        "date": "2020-09-14T10:30:35Z",
        "value": "17077.94836139679",
        "cumulative": true
    },
    {
        "date": "2020-09-14T10:30:53Z",
        "value": "22113.558961868286",
        "cumulative": true
    },
    {
        "date": "2020-09-14T10:31:08Z",
        "value": "25646.82514858246",
        "cumulative": true
    },
    {
        "date": "2020-09-14T10:31:26Z",
        "value": "29885.581574440002",
        "cumulative": true
    },
    {
        "date": "2020-09-14T10:31:42Z",
        "value": "33630.95853424072",
        "cumulative": true
    },
    {
        "date": "2020-09-14T10:31:54Z",
        "value": "36410.54111289978",
        "cumulative": true
    },
    {
        "date": "2020-09-14T10:32:14Z",
        "value": "41031.362829208374",
        "cumulative": true
    },
    {
        "date": "2020-09-14T10:32:34Z",
        "value": "45590.19618034363",
        "cumulative": true
    },
    {
        "date": "2020-09-14T10:32:53Z",
        "value": "50164.709807395935",
        "cumulative": true
    },
    {
        "date": "2020-09-14T10:33:04Z",
        "value": "53380.5994310379",
        "cumulative": true
    },
    {
        "date": "2020-09-14T10:33:21Z",
        "value": "57655.23940372467",
        "cumulative": true
    },
    {
        "date": "2020-09-14T10:33:33Z",
        "value": "60375.082283973694",
        "cumulative": true
    },
    {
        "date": "2020-09-14T10:33:46Z",
        "value": "63508.873396873474",
        "cumulative": true
    },
    {
        "date": "2020-09-14T10:34:05Z",
        "value": "67969.13448619843",
        "cumulative": true
    },
    {
        "date": "2020-09-14T10:34:20Z",
        "value": "71463.45663547516",
        "cumulative": true
    },
    {
        "date": "2020-09-14T10:34:38Z",
        "value": "75785.44847202301",
        "cumulative": true
    },
    {
        "date": "2020-09-14T10:34:57Z",
        "value": "79993.31031990051",
        "cumulative": true
    },
    {
        "date": "2020-09-14T10:35:11Z",
        "value": "83359.32300567627",
        "cumulative": true
    },
    {
        "date": "2020-09-14T10:35:29Z",
        "value": "87359.13073539734",
        "cumulative": true
    },
    {
        "date": "2020-09-14T10:35:49Z",
        "value": "91779.44010925293",
        "cumulative": true
    },
    {
        "date": "2020-09-14T10:36:01Z",
        "value": "94512.82190132141",
        "cumulative": true
    },
    {
        "date": "2020-09-14T10:36:15Z",
        "value": "97863.56021881104",
        "cumulative": true
    },
    {
        "date": "2020-09-14T10:36:28Z",
        "value": "100708.3358631134",
        "cumulative": true
    },
    {
        "date": "2020-09-14T10:36:46Z",
        "value": "105049.29181194305",
        "cumulative": true
    },
    {
        "date": "2020-09-14T10:37:02Z",
        "value": "108874.2722082138",
        "cumulative": true
    },
    {
        "date": "2020-09-14T10:37:17Z",
        "value": "112649.9691324234",
        "cumulative": true
    },
    {
        "date": "2020-09-14T10:37:29Z",
        "value": "115299.0920495987",
        "cumulative": true
    },
    {
        "date": "2020-09-14T10:37:39Z",
        "value": "117822.00510501862",
        "cumulative": true
    },
    {
        "date": "2020-09-14T10:37:53Z",
        "value": "121094.0208234787",
        "cumulative": true
    },
    {
        "date": "2020-09-14T10:38:12Z",
        "value": "125715.8679895401",
        "cumulative": true
    },
    {
        "date": "2020-09-14T10:38:22Z",
        "value": "128079.78134346008",
        "cumulative": true
    },
    {
        "date": "2020-09-14T10:38:33Z",
        "value": "130631.14798164368",
        "cumulative": true
    },
    {
        "date": "2020-09-14T10:38:47Z",
        "value": "134256.9356880188",
        "cumulative": true
    },
    {
        "date": "2020-09-14T10:39:06Z",
        "value": "138604.19083976746",
        "cumulative": true
    },
    {
        "date": "2020-09-14T10:39:23Z",
        "value": "142610.51143836975",
        "cumulative": true
    },
    {
        "date": "2020-09-14T10:39:38Z",
        "value": "146180.7096233368",
        "cumulative": true
    },
    {
        "date": "2020-09-14T10:39:57Z",
        "value": "150913.43919754028",
        "cumulative": true
    },
    {
        "date": "2020-09-14T10:40:17Z",
        "value": "155673.04487419128",
        "cumulative": true
    },
    {
        "date": "2020-09-14T10:40:35Z",
        "value": "160346.3567390442",
        "cumulative": true
    },
    {
        "date": "2020-09-14T10:40:52Z",
        "value": "164524.02725696564",
        "cumulative": true
    },
    {
        "date": "2020-09-14T10:41:10Z",
        "value": "169164.16123867035",
        "cumulative": true
    },
    {
        "date": "2020-09-14T10:41:28Z",
        "value": "173625.3963956833",
        "cumulative": true
    },
    {
        "date": "2020-09-14T10:41:47Z",
        "value": "178086.45179271698",
        "cumulative": true
    },
    {
        "date": "2020-09-14T10:42:03Z",
        "value": "182204.63860034943",
        "cumulative": true
    },
    {
        "date": "2020-09-14T10:42:22Z",
        "value": "186792.26821231842",
        "cumulative": true
    },
    {
        "date": "2020-09-14T10:42:39Z",
        "value": "190748.0017900467",
        "cumulative": true
    },
    {
        "date": "2020-09-14T10:42:49Z",
        "value": "193288.28307056427",
        "cumulative": true
    },
    {
        "date": "2020-09-14T10:43:05Z",
        "value": "197242.04742717743",
        "cumulative": true
    },
    {
        "date": "2020-09-14T10:43:18Z",
        "value": "200439.16722774506",
        "cumulative": true
    },
    {
        "date": "2020-09-14T10:43:33Z",
        "value": "204051.09701919556",
        "cumulative": true
    },
    {
        "date": "2020-09-14T10:43:43Z",
        "value": "206723.4125328064",
        "cumulative": true
    },
    {
        "date": "2020-09-14T10:44:02Z",
        "value": "211641.1092529297",
        "cumulative": true
    },
    {
        "date": "2020-09-14T10:44:22Z",
        "value": "216675.66081809998",
        "cumulative": true
    },
    {
        "date": "2020-09-14T10:44:41Z",
        "value": "221403.93993377686",
        "cumulative": true
    },
    {
        "date": "2020-09-14T10:44:52Z",
        "value": "224335.61084365845",
        "cumulative": true
    },
    {
        "date": "2020-09-14T10:45:05Z",
        "value": "227625.570438385",
        "cumulative": true
    },
    {
        "date": "2020-09-14T10:45:25Z",
        "value": "232457.80454063416",
        "cumulative": true
    },
    {
        "date": "2020-09-14T10:45:35Z",
        "value": "235135.8459777832",
        "cumulative": true
    },
    {
        "date": "2020-09-14T10:45:48Z",
        "value": "238673.79954338074",
        "cumulative": true
    },
    {
        "date": "2020-09-14T10:46:03Z",
        "value": "242162.14225578308",
        "cumulative": true
    },
    {
        "date": "2020-09-14T10:46:15Z",
        "value": "245277.21689987183",
        "cumulative": true
    },
    {
        "date": "2020-09-14T10:46:27Z",
        "value": "248483.67282485962",
        "cumulative": true
    },
    {
        "date": "2020-09-14T10:46:39Z",
        "value": "251394.87028884888",
        "cumulative": true
    },
    {
        "date": "2020-09-14T10:46:52Z",
        "value": "254890.64312934875",
        "cumulative": true
    },
    {
        "date": "2020-09-14T10:47:08Z",
        "value": "258614.932015419",
        "cumulative": true
    },
    {
        "date": "2020-09-14T10:47:23Z",
        "value": "262755.7928533554",
        "cumulative": true
    },
    {
        "date": "2020-09-14T10:47:39Z",
        "value": "266650.37217998505",
        "cumulative": true
    },
    {
        "date": "2020-09-14T10:47:58Z",
        "value": "271388.0246858597",
        "cumulative": true
    },
    {
        "date": "2020-09-14T10:48:12Z",
        "value": "275452.77407360077",
        "cumulative": true
    },
    {
        "date": "2020-09-14T10:48:25Z",
        "value": "278803.37696933746",
        "cumulative": true
    },
    {
        "date": "2020-09-14T10:48:36Z",
        "value": "281493.8507909775",
        "cumulative": true
    },
    {
        "date": "2020-09-14T10:48:50Z",
        "value": "284939.34379291534",
        "cumulative": true
    },
    {
        "date": "2020-09-14T10:49:06Z",
        "value": "289038.8052377701",
        "cumulative": true
    },
    {
        "date": "2020-09-14T10:49:17Z",
        "value": "292224.94848155975",
        "cumulative": true
    },
    {
        "date": "2020-09-14T10:49:28Z",
        "value": "294901.5142183304",
        "cumulative": true
    },
    {
        "date": "2020-09-14T10:49:44Z",
        "value": "299375.9862794876",
        "cumulative": true
    },
    {
        "date": "2020-09-14T10:49:58Z",
        "value": "302937.68523693085",
        "cumulative": true
    },
    {
        "date": "2020-09-14T10:50:12Z",
        "value": "306317.97708034515",
        "cumulative": true
    },
    {
        "date": "2020-09-14T10:50:28Z",
        "value": "310363.7545824051",
        "cumulative": true
    },
    {
        "date": "2020-09-14T10:50:43Z",
        "value": "314411.74739170074",
        "cumulative": true
    },
    {
        "date": "2020-09-14T10:50:54Z",
        "value": "317108.98009586334",
        "cumulative": true
    },
    {
        "date": "2020-09-14T10:51:13Z",
        "value": "322391.7292280197",
        "cumulative": true
    }
]