[
    {
        "date": "2020-09-14T10:29:05Z",
        "value": "0.0009593963623046875",
        "cumulative": true
    },
    {
        "date": "2020-09-14T10:29:22Z",
        "value": "0.0009593963623046875",
        "cumulative": true
    },
    {
        "date": "2020-09-14T10:29:40Z",
        "value": "1662.8155393600464",
        "cumulative": true
    },
    {
        "date": "2020-09-14T10:29:58Z",
        "value": "6789.320481300354",
        "cumulative": true
    },
    {
        "date": "2020-09-14T10:30:16Z",
        "value": "11743.587098121643",
        "cumulative": true
    },
    {
        "date": "2020-09-14T10:30:31Z",
        "value": "15935.871954917908",
        "cumulative": true
    },
    {
        "date": "2020-09-14T10:30:45Z",
        "value": "19688.69643688202",
        "cumulative": true
    },
    {
        "date": "2020-09-14T10:30:56Z",
        "value": "22780.456515312195",
        "cumulative": true
    },
    {
        "date": "2020-09-14T10:31:07Z",
        "value": "25607.54899406433",
        "cumulative": true
    },
    {
        "date": "2020-09-14T10:31:24Z",
        "value": "29610.57582473755",
        "cumulative": true
    },
    {
        "date": "2020-09-14T10:31:43Z",
        "value": "33952.22835254669",
        "cumulative": true
    },
    {
        "date": "2020-09-14T10:32:02Z",
        "value": "38161.32994747162",
        "cumulative": true
    },
    {
        "date": "2020-09-14T10:32:14Z",
        "value": "41010.39653587341",
        "cumulative": true
    },
    {
        "date": "2020-09-14T10:32:26Z",
        "value": "43815.77489089966",
        "cumulative": true
    },
    {
        "date": "2020-09-14T10:32:45Z",
        "value": "48515.25781440735",
        "cumulative": true
    },
    {
        "date": "2020-09-14T10:33:02Z",
        "value": "52605.31733608246",
        "cumulative": true
    },
    {
        "date": "2020-09-14T10:33:16Z",
        "value": "56650.289076805115",
        "cumulative": true
    },
    {
        "date": "2020-09-14T10:33:27Z",
        "value": "59011.03795719147",
        "cumulative": true
    },
    {
        "date": "2020-09-14T10:33:43Z",
        "value": "62699.31243801117",
        "cumulative": true
    },
    {
        "date": "2020-09-14T10:34:02Z",
        "value": "67063.26543235779",
        "cumulative": true
    },
    {
        "date": "2020-09-14T10:34:13Z",
        "value": "69593.28526687622",
        "cumulative": true
    },
    {
        "date": "2020-09-14T10:34:32Z",
        "value": "74233.3243522644",
        "cumulative": true
    },
    {
        "date": "2020-09-14T10:34:43Z",
        "value": "76895.40772247314",
        "cumulative": true
    },
    {
        "date": "2020-09-14T10:34:59Z",
        "value": "80556.68907642365",
        "cumulative": true
    },
    {
        "date": "2020-09-14T10:35:15Z",
        "value": "84247.46041584015",
        "cumulative": true
    },
    {
        "date": "2020-09-14T10:35:33Z",
        "value": "88120.70989131927",
        "cumulative": true
    },
    {
        "date": "2020-09-14T10:35:48Z",
        "value": "91490.01132297516",
        "cumulative": true
    },
    {
        "date": "2020-09-14T10:36:00Z",
        "value": "94175.0128774643",
        "cumulative": true
    },
    {
        "date": "2020-09-14T10:36:12Z",
        "value": "97121.91664600372",
        "cumulative": true
    },
    {
        "date": "2020-09-14T10:36:23Z",
        "value": "99532.49065113068",
        "cumulative": true
    },
    {
        "date": "2020-09-14T10:36:35Z",
        "value": "102242.76852226257",
        "cumulative": true
    },
    {
        "date": "2020-09-14T10:36:50Z",
        "value": "106013.69317817688",
        "cumulative": true
    },
    {
        "date": "2020-09-14T10:37:07Z",
        "value": "110065.20232582092",
        "cumulative": true
    },
    {
        "date": "2020-09-14T10:37:24Z",
        "value": "114174.53511810303",
        "cumulative": true
    },
    {
        "date": "2020-09-14T10:37:39Z",
        "value": "117709.68314552307",
        "cumulative": true
    },
    {
        "date": "2020-09-14T10:37:58Z",
        "value": "122228.56891059875",
        "cumulative": true
    },
    {
        "date": "2020-09-14T10:38:17Z",
        "value": "126941.70252609253",
        "cumulative": true
    },
    {
        "date": "2020-09-14T10:38:32Z",
        "value": "130629.16510105133",
        "cumulative": true
    },
    {
        "date": "2020-09-14T10:38:47Z",
        "value": "133990.96614551544",
        "cumulative": true
    },
    {
        "date": "2020-09-14T10:39:06Z",
        "value": "138611.24323368073",
        "cumulative": true
    },
    {
        "date": "2020-09-14T10:39:26Z",
        "value": "143348.63729000092",
        "cumulative": true
    },
    {
        "date": "2020-09-14T10:39:38Z",
        "value": "146432.45774555206",
        "cumulative": true
    },
    {
        "date": "2020-09-14T10:39:53Z",
        "value": "149995.6230955124",
        "cumulative": true
    },
    {
        "date": "2020-09-14T10:40:13Z",
        "value": "154792.6680212021",
        "cumulative": true
    },
    {
        "date": "2020-09-14T10:40:29Z",
        "value": "158816.36034870148",
        "cumulative": true
    },
    {
        "date": "2020-09-14T10:40:48Z",
        "value": "163785.70335578918",
        "cumulative": true
    },
    {
        "date": "2020-09-14T10:41:05Z",
        "value": "167986.7970275879",
        "cumulative": true
    },
    {
        "date": "2020-09-14T10:41:16Z",
        "value": "170562.806558609",
        "cumulative": true
    },
    {
        "date": "2020-09-14T10:41:30Z",
        "value": "174055.01061058044",
        "cumulative": true
    },
    {
        "date": "2020-09-14T10:41:41Z",
        "value": "176732.08207511902",
        "cumulative": true
    },
    {
        "date": "2020-09-14T10:41:52Z",
        "value": "179448.97904586792",
        "cumulative": true
    },
    {
        "date": "2020-09-14T10:42:04Z",
        "value": "182674.62968826294",
        "cumulative": true
    },
    {
        "date": "2020-09-14T10:42:15Z",
        "value": "185379.3221797943",
        "cumulative": true
    },
    {
        "date": "2020-09-14T10:42:26Z",
        "value": "187996.57717704773",
        "cumulative": true
    },
    {
        "date": "2020-09-14T10:42:41Z",
        "value": "191730.80388641357",
        "cumulative": true
    },
    {
        "date": "2020-09-14T10:43:00Z",
        "value": "196182.85428619385",
        "cumulative": true
    },
    {
        "date": "2020-09-14T10:43:18Z",
        "value": "200698.30228996277",
        "cumulative": true
    },
    {
        "date": "2020-09-14T10:43:37Z",
        "value": "205277.88330364227",
        "cumulative": true
    },
    {
        "date": "2020-09-14T10:43:54Z",
        "value": "209553.19516658783",
        "cumulative": true
    },
    {
        "date": "2020-09-14T10:44:07Z",
        "value": "212918.61565113068",
        "cumulative": true
    },
    {
        "date": "2020-09-14T10:44:20Z",
        "value": "216481.04690265656",
        "cumulative": true
    },
    {
        "date": "2020-09-14T10:44:31Z",
        "value": "219134.542719841",
        "cumulative": true
    },
    {
        "date": "2020-09-14T10:44:47Z",
        "value": "223364.2067747116",
        "cumulative": true
    },
    {
        "date": "2020-09-14T10:45:02Z",
        "value": "227136.57132816315",
        "cumulative": true
    },
    {
        "date": "2020-09-14T10:45:13Z",
        "value": "229809.37027454376",
        "cumulative": true
    },
    {
        "date": "2020-09-14T10:45:28Z",
        "value": "233550.7335138321",
        "cumulative": true
    },
    {
        "date": "2020-09-14T10:45:40Z",
        "value": "236560.0108423233",
        "cumulative": true
    },
    {
        "date": "2020-09-14T10:45:55Z",
        "value": "240468.9032716751",
        "cumulative": true
    },
    {
        "date": "2020-09-14T10:46:10Z",
        "value": "244229.3427324295",
        "cumulative": true
    },
    {
        "date": "2020-09-14T10:46:29Z",
        "value": "249032.61703586578",
        "cumulative": true
    },
    {
        "date": "2020-09-14T10:46:40Z",
        "value": "251698.74853038788",
        "cumulative": true
    },
    {
        "date": "2020-09-14T10:46:55Z",
        "value": "255593.68517398834",
        "cumulative": true
    },
    {
        "date": "2020-09-14T10:47:09Z",
        "value": "259095.0661239624",
        "cumulative": true
    },
    {
        "date": "2020-09-14T10:47:19Z",
        "value": "261657.58965873718",
        "cumulative": true
    },
    {
        "date": "2020-09-14T10:47:38Z",
        "value": "266550.42650413513",
        "cumulative": true
    },
    {
        "date": "2020-09-14T10:47:57Z",
        "value": "271268.851064682",
        "cumulative": true
    },
    {
        "date": "2020-09-14T10:48:07Z",
        "value": "273965.903635025",
        "cumulative": true
    },
    {
        "date": "2020-09-14T10:48:21Z",
        "value": "277339.45983695984",
        "cumulative": true
    },
    {
        "date": "2020-09-14T10:48:34Z",
        "value": "280718.53587913513",
        "cumulative": true
    },
    {
        "date": "2020-09-14T10:48:45Z",
        "value": "283416.2245941162",
        "cumulative": true
    },
    {
        "date": "2020-09-14T10:49:02Z",
        "value": "288132.6587982178",
        "cumulative": true
    },
    {
        "date": "2020-09-14T10:49:17Z",
        "value": "292182.2860946655",
        "cumulative": true
    },
    {
        "date": "2020-09-14T10:49:31Z",
        "value": "295751.2100467682",
        "cumulative": true
    },
    {
        "date": "2020-09-14T10:49:48Z",
        "value": "300255.9646091461",
        "cumulative": true
    },
    {
        "date": "2020-09-14T10:49:59Z",
        "value": "303102.3014278412",
        "cumulative": true
    },
    {
        "date": "2020-09-14T10:50:14Z",
        "value": "306877.51777648926",
        "cumulative": true
    },
    {
        "date": "2020-09-14T10:50:32Z",
        "value": "311689.939081192",
        "cumulative": true
    },
    {
        "date": "2020-09-14T10:50:50Z",
        "value": "316355.6478424072",
        "cumulative": true
    },
    {
        "date": "2020-09-14T10:51:03Z",
        "value": "319430.98694610596",
        "cumulative": true
    },
    {
        "date": "2020-09-14T10:51:22Z",
        "value": "323796.0453014374",
        "cumulative": true
    }
]