[
    {
        "date": "2020-09-14T10:28:52Z",
        "value": "0.0009593963623046875",
        "cumulative": true
    },
    {
        "date": "2020-09-14T10:29:09Z",
        "value": "0.0009593963623046875",
        "cumulative": true
    },
    {
        "date": "2020-09-14T10:29:25Z",
        "value": "0.015339851379394531",
        "cumulative": true
    },
    {
        "date": "2020-09-14T10:29:37Z",
        "value": "1046.5027198791504",
        "cumulative": true
    },
    {
        "date": "2020-09-14T10:29:48Z",
        "value": "4179.1190366744995",
        "cumulative": true
    },
    {
        "date": "2020-09-14T10:30:05Z",
        "value": "8757.404824256897",
        "cumulative": true
    },
    {
        "date": "2020-09-14T10:30:19Z",
        "value": "12715.515392303467",
        "cumulative": true
    },
    {
        "date": "2020-09-14T10:30:31Z",
        "value": "16085.13150024414",
        "cumulative": true
    },
    {
        "date": "2020-09-14T10:30:51Z",
        "value": "21569.892413139343",
        "cumulative": true
    },
    {
        "date": "2020-09-14T10:31:11Z",
        "value": "26585.072281837463",
        "cumulative": true
    },
    {
        "date": "2020-09-14T10:31:30Z",
        "value": "30932.018887519836",
        "cumulative": true
    },
    {
        "date": "2020-09-14T10:31:46Z",
        "value": "34460.47953128815",
        "cumulative": true
    },
    {
        "date": "2020-09-14T10:31:57Z",
        "value": "37013.41925907135",
        "cumulative": true
    },
    {
        "date": "2020-09-14T10:32:11Z",
        "value": "40304.677770614624",
        "cumulative": true
    },
    {
        "date": "2020-09-14T10:32:22Z",
        "value": "42992.27303695679",
        "cumulative": true
    },
    {
        "date": "2020-09-14T10:32:40Z",
        "value": "47127.815382003784",
        "cumulative": true
    },
    {
        "date": "2020-09-14T10:32:59Z",
        "value": "51699.03719615936",
        "cumulative": true
    },
    {
        "date": "2020-09-14T10:33:14Z",
        "value": "56036.29794216156",
        "cumulative": true
    },
    {
        "date": "2020-09-14T10:33:25Z",
        "value": "58610.79282093048",
        "cumulative": true
    },
    {
        "date": "2020-09-14T10:33:41Z",
        "value": "62228.714133262634",
        "cumulative": true
    },
    {
        "date": "2020-09-14T10:33:57Z",
        "value": "65992.94594097137",
        "cumulative": true
    },
    {
        "date": "2020-09-14T10:34:15Z",
        "value": "70321.8725194931",
        "cumulative": true
    },
    {
        "date": "2020-09-14T10:34:33Z",
        "value": "74473.15520000458",
        "cumulative": true
    },
    {
        "date": "2020-09-14T10:34:51Z",
        "value": "78770.25531101227",
        "cumulative": true
    },
    {
        "date": "2020-09-14T10:35:07Z",
        "value": "82474.255443573",
        "cumulative": true
    },
    {
        "date": "2020-09-14T10:35:18Z",
        "value": "84769.95615196228",
        "cumulative": true
    },
    {
        "date": "2020-09-14T10:35:33Z",
        "value": "88331.14517021179",
        "cumulative": true
    },
    {
        "date": "2020-09-14T10:35:46Z",
        "value": "91039.88036727905",
        "cumulative": true
    },
    {
        "date": "2020-09-14T10:35:57Z",
        "value": "93655.97954559326",
        "cumulative": true
    },
    {
        "date": "2020-09-14T10:36:14Z",
        "value": "97584.80556297302",
        "cumulative": true
    },
    {
        "date": "2020-09-14T10:36:29Z",
        "value": "100984.17774868011",
        "cumulative": true
    },
    {
        "date": "2020-09-14T10:36:41Z",
        "value": "103634.60977840424",
        "cumulative": true
    },
    {
        "date": "2020-09-14T10:36:53Z",
        "value": "106549.99782276154",
        "cumulative": true
    },
    {
        "date": "2020-09-14T10:37:07Z",
        "value": "109878.28981494904",
        "cumulative": true
    },
    {
        "date": "2020-09-14T10:37:17Z",
        "value": "112563.20947933197",
        "cumulative": true
    },
    {
        "date": "2020-09-14T10:37:35Z",
        "value": "116897.73878002167",
        "cumulative": true
    },
    {
        "date": "2020-09-14T10:37:47Z",
        "value": "119549.15825748444",
        "cumulative": true
    },
    {
        "date": "2020-09-14T10:37:59Z",
        "value": "122642.97622776031",
        "cumulative": true
    },
    {
        "date": "2020-09-14T10:38:12Z",
        "value": "125662.82178783417",
        "cumulative": true
    },
    {
        "date": "2020-09-14T10:38:22Z",
        "value": "127932.55193901062",
        "cumulative": true
    },
    {
        "date": "2020-09-14T10:38:37Z",
        "value": "131709.00388908386",
        "cumulative": true
    },
    {
        "date": "2020-09-14T10:38:56Z",
        "value": "136008.85450172424",
        "cumulative": true
    },
    {
        "date": "2020-09-14T10:39:12Z",
        "value": "140023.0302658081",
        "cumulative": true
    },
    {
        "date": "2020-09-14T10:39:25Z",
        "value": "143017.0517539978",
        "cumulative": true
    },
    {
        "date": "2020-09-14T10:39:38Z",
        "value": "146139.63302993774",
        "cumulative": true
    },
    {
        "date": "2020-09-14T10:39:56Z",
        "value": "150715.56762504578",
        "cumulative": true
    },
    {
        "date": "2020-09-14T10:40:07Z",
        "value": "153395.32884407043",
        "cumulative": true
    },
    {
        "date": "2020-09-14T10:40:22Z",
        "value": "157175.22497940063",
        "cumulative": true
    },
    {
        "date": "2020-09-14T10:40:39Z",
        "value": "161188.4267244339",
        "cumulative": true
    },
    {
        "date": "2020-09-14T10:40:57Z",
        "value": "165839.71162509918",
        "cumulative": true
    },
    {
        "date": "2020-09-14T10:41:09Z",
        "value": "168799.42906093597",
        "cumulative": true
    },
    {
        "date": "2020-09-14T10:41:24Z",
        "value": "172588.89422893524",
        "cumulative": true
    },
    {
        "date": "2020-09-14T10:41:37Z",
        "value": "175562.46714115143",
        "cumulative": true
    },
    {
        "date": "2020-09-14T10:41:50Z",
        "value": "178944.28909397125",
        "cumulative": true
    },
    {
        "date": "2020-09-14T10:42:04Z",
        "value": "182326.3801908493",
        "cumulative": true
    },
    {
        "date": "2020-09-14T10:42:21Z",
        "value": "186703.98186588287",
        "cumulative": true
    },
    {
        "date": "2020-09-14T10:42:32Z",
        "value": "189304.29868984222",
        "cumulative": true
    },
    {
        "date": "2020-09-14T10:42:52Z",
        "value": "193989.51060199738",
        "cumulative": true
    },
    {
        "date": "2020-09-14T10:43:06Z",
        "value": "197565.25489521027",
        "cumulative": true
    },
    {
        "date": "2020-09-14T10:43:24Z",
        "value": "202112.31254673004",
        "cumulative": true
    },
    {
        "date": "2020-09-14T10:43:43Z",
        "value": "206810.96124076843",
        "cumulative": true
    },
    {
        "date": "2020-09-14T10:44:01Z",
        "value": "211607.23179626465",
        "cumulative": true
    },
    {
        "date": "2020-09-14T10:44:18Z",
        "value": "215819.04685783386",
        "cumulative": true
    },
    {
        "date": "2020-09-14T10:44:30Z",
        "value": "218855.30423736572",
        "cumulative": true
    },
    {
        "date": "2020-09-14T10:44:47Z",
        "value": "222845.93220329285",
        "cumulative": true
    },
    {
        "date": "2020-09-14T10:45:01Z",
        "value": "226575.3389568329",
        "cumulative": true
    },
    {
        "date": "2020-09-14T10:45:15Z",
        "value": "230195.90132141113",
        "cumulative": true
    },
    {
        "date": "2020-09-14T10:45:29Z",
        "value": "233531.4947872162",
        "cumulative": true
    },
    {
        "date": "2020-09-14T10:45:39Z",
        "value": "236246.06506347656",
        "cumulative": true
    },
    {
        "date": "2020-09-14T10:45:50Z",
        "value": "239004.7604122162",
        "cumulative": true
    },
    {
        "date": "2020-09-14T10:46:09Z",
        "value": "243924.40083694458",
        "cumulative": true
    },
    {
        "date": "2020-09-14T10:46:22Z",
        "value": "247273.6136226654",
        "cumulative": true
    },
    {
        "date": "2020-09-14T10:46:39Z",
        "value": "251687.8844203949",
        "cumulative": true
    },
    {
        "date": "2020-09-14T10:46:54Z",
        "value": "255424.9156513214",
        "cumulative": true
    },
    {
        "date": "2020-09-14T10:47:07Z",
        "value": "258517.63951206207",
        "cumulative": true
    },
    {
        "date": "2020-09-14T10:47:26Z",
        "value": "263611.85796260834",
        "cumulative": true
    },
    {
        "date": "2020-09-14T10:47:39Z",
        "value": "266590.021569252",
        "cumulative": true
    },
    {
        "date": "2020-09-14T10:47:51Z",
        "value": "269558.11570835114",
        "cumulative": true
    },
    {
        "date": "2020-09-14T10:48:05Z",
        "value": "273319.4012327194",
        "cumulative": true
    },
    {
        "date": "2020-09-14T10:48:18Z",
        "value": "276683.77117061615",
        "cumulative": true
    },
    {
        "date": "2020-09-14T10:48:29Z",
        "value": "279497.736117363",
        "cumulative": true
    },
    {
        "date": "2020-09-14T10:48:44Z",
        "value": "283324.03781604767",
        "cumulative": true
    },
    {
        "date": "2020-09-14T10:48:57Z",
        "value": "286783.9385766983",
        "cumulative": true
    },
    {
        "date": "2020-09-14T10:49:10Z",
        "value": "290131.492562294",
        "cumulative": true
    },
    {
        "date": "2020-09-14T10:49:28Z",
        "value": "294834.9376382828",
        "cumulative": true
    },
    {
        "date": "2020-09-14T10:49:41Z",
        "value": "298491.98342609406",
        "cumulative": true
    },
    {
        "date": "2020-09-14T10:49:59Z",
        "value": "303050.91449069977",
        "cumulative": true
    },
    {
        "date": "2020-09-14T10:50:14Z",
        "value": "306873.2948465347",
        "cumulative": true
    },
    {
        "date": "2020-09-14T10:50:27Z",
        "value": "310222.61801052094",
        "cumulative": true
    },
    {
        "date": "2020-09-14T10:50:46Z",
        "value": "314918.69975948334",
        "cumulative": true
    },
    {
        "date": "2020-09-14T10:51:02Z",
        "value": "318956.8558740616",
        "cumulative": true
    },
    {
        "date": "2020-09-14T10:51:19Z",
        "value": "323645.78763103485",
        "cumulative": true
    }
]