[
    {
        "date": "2020-09-14T10:29:28Z",
        "value": "0.286094926",
        "cumulative": false
    },
    {
        "date": "2020-09-14T10:29:46Z",
        "value": "1.032446737",
        "cumulative": false
    },
    {
        "date": "2020-09-14T10:30:04Z",
        "value": "1.000874298",
        "cumulative": false
    },
    {
        "date": "2020-09-14T10:30:22Z",
        "value": "1.000893295",
        "cumulative": false
    },
    {
        "date": "2020-09-14T10:30:37Z",
        "value": "1.000594971",
        "cumulative": false
    },
    {
        "date": "2020-09-14T10:30:52Z",
        "value": "1.000682435",
        "cumulative": false
    },
    {
        "date": "2020-09-14T10:31:04Z",
        "value": "1.000642096",
        "cumulative": false
    },
    {
        "date": "2020-09-14T10:31:21Z",
        "value": "1.000129566",
        "cumulative": false
    },
    {
        "date": "2020-09-14T10:31:36Z",
        "value": "1.000337234",
        "cumulative": false
    },
    {
        "date": "2020-09-14T10:31:51Z",
        "value": "1.00023127",
        "cumulative": false
    },
    {
        "date": "2020-09-14T10:32:02Z",
        "value": "1.000226414",
        "cumulative": false
    },
    {
        "date": "2020-09-14T10:32:20Z",
        "value": "1.000470664",
        "cumulative": false
    },
    {
        "date": "2020-09-14T10:32:36Z",
        "value": "1.000205765",
        "cumulative": false
    },
    {
        "date": "2020-09-14T10:32:48Z",
        "value": "1.000281914",
        "cumulative": false
    },
    {
        "date": "2020-09-14T10:33:00Z",
        "value": "1.000868813",
        "cumulative": false
    },
    {
        "date": "2020-09-14T10:33:19Z",
        "value": "1.000208825",
        "cumulative": false
    },
    {
        "date": "2020-09-14T10:33:32Z",
        "value": "1.00034735",
        "cumulative": false
    },
    {
        "date": "2020-09-14T10:33:48Z",
        "value": "1.000608975",
        "cumulative": false
    },
    {
        "date": "2020-09-14T10:34:07Z",
        "value": "1.000043789",
        "cumulative": false
    },
    {
        "date": "2020-09-14T10:34:26Z",
        "value": "1.0002185",
        "cumulative": false
    },
    {
        "date": "2020-09-14T10:34:37Z",
        "value": "1.000323639",
        "cumulative": false
    },
    {
        "date": "2020-09-14T10:34:52Z",
        "value": "1.000274145",
        "cumulative": false
    },
    {
        "date": "2020-09-14T10:35:06Z",
        "value": "1.000674407",
        "cumulative": false
    },
    {
        "date": "2020-09-14T10:35:20Z",
        "value": "1.000224054",
        "cumulative": false
    },
    {
        "date": "2020-09-14T10:35:35Z",
        "value": "1.000105329",
        "cumulative": false
    },
    {
        "date": "2020-09-14T10:35:46Z",
        "value": "1.000273206",
        "cumulative": false
    },
    {
        "date": "2020-09-14T10:36:05Z",
        "value": "1.000013602",
        "cumulative": false
    },
    {
        "date": "2020-09-14T10:36:18Z",
        "value": "1.000134716",
        "cumulative": false
    },
    {
        "date": "2020-09-14T10:36:37Z",
        "value": "1.000606197",
        "cumulative": false
    },
    {
        "date": "2020-09-14T10:36:54Z",
        "value": "1.00016616",
        "cumulative": false
    },
    {
        "date": "2020-09-14T10:37:04Z",
        "value": "0.999936302",
        "cumulative": false
    },
    {
        "date": "2020-09-14T10:37:24Z",
        "value": "0.999963736",
        "cumulative": false
    },
    {
        "date": "2020-09-14T10:37:42Z",
        "value": "1.000168774",
        "cumulative": false
    },
    {
        "date": "2020-09-14T10:38:01Z",
        "value": "1.000235252",
        "cumulative": false
    },
    {
        "date": "2020-09-14T10:38:17Z",
        "value": "1.000191341",
        "cumulative": false
    },
    {
        "date": "2020-09-14T10:38:29Z",
        "value": "1.000604594",
        "cumulative": false
    },
    {
        "date": "2020-09-14T10:38:44Z",
        "value": "1.000229393",
        "cumulative": false
    },
    {
        "date": "2020-09-14T10:39:03Z",
        "value": "1.000328032",
        "cumulative": false
    },
    {
        "date": "2020-09-14T10:39:17Z",
        "value": "1.000339758",
        "cumulative": false
    },
    {
        "date": "2020-09-14T10:39:28Z",
        "value": "1.000070404",
        "cumulative": false
    },
    {
        "date": "2020-09-14T10:39:46Z",
        "value": "1.000245807",
        "cumulative": false
    },
    {
        "date": "2020-09-14T10:40:00Z",
        "value": "1.000195506",
        "cumulative": false
    },
    {
        "date": "2020-09-14T10:40:15Z",
        "value": "1.000322184",
        "cumulative": false
    },
    {
        "date": "2020-09-14T10:40:34Z",
        "value": "1.000043725",
        "cumulative": false
    },
    {
        "date": "2020-09-14T10:40:50Z",
        "value": "1.000871855",
        "cumulative": false
    },
    {
        "date": "2020-09-14T10:41:03Z",
        "value": "1.00011327",
        "cumulative": false
    },
    {
        "date": "2020-09-14T10:41:17Z",
        "value": "1.000387748",
        "cumulative": false
    },
    {
        "date": "2020-09-14T10:41:27Z",
        "value": "1.000344272",
        "cumulative": false
    },
    {
        "date": "2020-09-14T10:41:46Z",
        "value": "1.0002676",
        "cumulative": false
    },
    {
        "date": "2020-09-14T10:42:01Z",
        "value": "1.000157763",
        "cumulative": false
    },
    {
        "date": "2020-09-14T10:42:21Z",
        "value": "1.000376029",
        "cumulative": false
    },
    {
        "date": "2020-09-14T10:42:36Z",
        "value": "1.000402839",
        "cumulative": false
    },
    {
        "date": "2020-09-14T10:42:52Z",
        "value": "1.000230925",
        "cumulative": false
    },
    {
        "date": "2020-09-14T10:43:06Z",
        "value": "1.00024099",
        "cumulative": false
    },
    {
        "date": "2020-09-14T10:43:21Z",
        "value": "1.000288788",
        "cumulative": false
    },
    {
        "date": "2020-09-14T10:43:35Z",
        "value": "1.000927064",
        "cumulative": false
    },
    {
        "date": "2020-09-14T10:43:52Z",
        "value": "1.000399159",
        "cumulative": false
    },
    {
        "date": "2020-09-14T10:44:02Z",
        "value": "1.000362208",
        "cumulative": false
    },
    {
        "date": "2020-09-14T10:44:19Z",
        "value": "1.000338984",
        "cumulative": false
    },
    {
        "date": "2020-09-14T10:44:38Z",
        "value": "1.000131509",
        "cumulative": false
    },
    {
        "date": "2020-09-14T10:44:56Z",
        "value": "1.000175175",
        "cumulative": false
    },
    {
        "date": "2020-09-14T10:45:12Z",
        "value": "1.00035773",
        "cumulative": false
    },
    {
        "date": "2020-09-14T10:45:25Z",
        "value": "1.000340305",
        "cumulative": false
    },
    {
        "date": "2020-09-14T10:45:40Z",
        "value": "1.00039551",
        "cumulative": false
    },
    {
        "date": "2020-09-14T10:46:00Z",
        "value": "1.000304812",
        "cumulative": false
    },
    {
        "date": "2020-09-14T10:46:11Z",
        "value": "1.00040384",
        "cumulative": false
    },
    {
        "date": "2020-09-14T10:46:24Z",
        "value": "1.000351714",
        "cumulative": false
    },
    {
        "date": "2020-09-14T10:46:38Z",
        "value": "1.000379723",
        "cumulative": false
    },
    {
        "date": "2020-09-14T10:46:54Z",
        "value": "1.000339914",
        "cumulative": false
    },
    {
        "date": "2020-09-14T10:47:09Z",
        "value": "1.000821447",
        "cumulative": false
    },
    {
        "date": "2020-09-14T10:47:28Z",
        "value": "1.00017249",
        "cumulative": false
    },
    {
        "date": "2020-09-14T10:47:47Z",
        "value": "1.000303834",
        "cumulative": false
    },
    {
        "date": "2020-09-14T10:48:05Z",
        "value": "1.000306295",
        "cumulative": false
    },
    {
        "date": "2020-09-14T10:48:16Z",
        "value": "1.000322737",
        "cumulative": false
    },
    {
        "date": "2020-09-14T10:48:33Z",
        "value": "1.000299499",
        "cumulative": false
    },
    {
        "date": "2020-09-14T10:48:50Z",
        "value": "1.000358946",
        "cumulative": false
    },
    {
        "date": "2020-09-14T10:49:02Z",
        "value": "1.000355015",
        "cumulative": false
    },
    {
        "date": "2020-09-14T10:49:20Z",
        "value": "1.000283177",
        "cumulative": false
    },
    {
        "date": "2020-09-14T10:49:37Z",
        "value": "1.000308476",
        "cumulative": false
    },
    {
        "date": "2020-09-14T10:49:51Z",
        "value": "1.000364056",
        "cumulative": false
    },
    {
        "date": "2020-09-14T10:50:08Z",
        "value": "1.000318301",
        "cumulative": false
    },
    {
        "date": "2020-09-14T10:50:24Z",
        "value": "1.000272884",
        "cumulative": false
    },
    {
        "date": "2020-09-14T10:50:37Z",
        "value": "1.000394008",
        "cumulative": false
    },
    {
        "date": "2020-09-14T10:50:52Z",
        "value": "1.000303594",
        "cumulative": false
    },
    {
        "date": "2020-09-14T10:51:11Z",
        "value": "1.000347354",
        "cumulative": false
    },
    {
        "date": "2020-09-14T10:51:26Z",
        "value": "0.503805404",
        "cumulative": false
    }
]