[
    {
        "date": "2020-09-14T10:29:16Z",
        "value": "0.021717301",
        "cumulative": false
    },
    {
        "date": "2020-09-14T10:29:28Z",
        "value": "0.315283725",
        "cumulative": false
    },
    {
        "date": "2020-09-14T10:29:47Z",
        "value": "1.023153412",
        "cumulative": false
    },
    {
        "date": "2020-09-14T10:29:59Z",
        "value": "1.000380183",
        "cumulative": false
    },
    {
        "date": "2020-09-14T10:30:13Z",
        "value": "1.000910427",
        "cumulative": false
    },
    {
        "date": "2020-09-14T10:30:26Z",
        "value": "1.000161608",
        "cumulative": false
    },
    {
        "date": "2020-09-14T10:30:42Z",
        "value": "1.000376879",
        "cumulative": false
    },
    {
        "date": "2020-09-14T10:30:57Z",
        "value": "1.000659274",
        "cumulative": false
    },
    {
        "date": "2020-09-14T10:31:08Z",
        "value": "1.000984902",
        "cumulative": false
    },
    {
        "date": "2020-09-14T10:31:20Z",
        "value": "0.999881331",
        "cumulative": false
    },
    {
        "date": "2020-09-14T10:31:33Z",
        "value": "1.000688162",
        "cumulative": false
    },
    {
        "date": "2020-09-14T10:31:47Z",
        "value": "0.999918497",
        "cumulative": false
    },
    {
        "date": "2020-09-14T10:32:07Z",
        "value": "0.999987168",
        "cumulative": false
    },
    {
        "date": "2020-09-14T10:32:22Z",
        "value": "1.000151876",
        "cumulative": false
    },
    {
        "date": "2020-09-14T10:32:40Z",
        "value": "1.000167569",
        "cumulative": false
    },
    {
        "date": "2020-09-14T10:32:58Z",
        "value": "1.000689983",
        "cumulative": false
    },
    {
        "date": "2020-09-14T10:33:14Z",
        "value": "0.999997124",
        "cumulative": false
    },
    {
        "date": "2020-09-14T10:33:33Z",
        "value": "0.999946226",
        "cumulative": false
    },
    {
        "date": "2020-09-14T10:33:45Z",
        "value": "1.000876241",
        "cumulative": false
    },
    {
        "date": "2020-09-14T10:33:59Z",
        "value": "1.000367116",
        "cumulative": false
    },
    {
        "date": "2020-09-14T10:34:13Z",
        "value": "1.000044654",
        "cumulative": false
    },
    {
        "date": "2020-09-14T10:34:30Z",
        "value": "1.000314246",
        "cumulative": false
    },
    {
        "date": "2020-09-14T10:34:45Z",
        "value": "1.000222189",
        "cumulative": false
    },
    {
        "date": "2020-09-14T10:34:59Z",
        "value": "1.000974431",
        "cumulative": false
    },
    {
        "date": "2020-09-14T10:35:17Z",
        "value": "1.000258038",
        "cumulative": false
    },
    {
        "date": "2020-09-14T10:35:30Z",
        "value": "1.000166124",
        "cumulative": false
    },
    {
        "date": "2020-09-14T10:35:44Z",
        "value": "1.000201915",
        "cumulative": false
    },
    {
        "date": "2020-09-14T10:35:55Z",
        "value": "1.000241194",
        "cumulative": false
    },
    {
        "date": "2020-09-14T10:36:13Z",
        "value": "1.000193632",
        "cumulative": false
    },
    {
        "date": "2020-09-14T10:36:30Z",
        "value": "1.00067328",
        "cumulative": false
    },
    {
        "date": "2020-09-14T10:36:48Z",
        "value": "1.000194031",
        "cumulative": false
    },
    {
        "date": "2020-09-14T10:37:02Z",
        "value": "0.999852663",
        "cumulative": false
    },
    {
        "date": "2020-09-14T10:37:18Z",
        "value": "1.000159357",
        "cumulative": false
    },
    {
        "date": "2020-09-14T10:37:29Z",
        "value": "1.00036056",
        "cumulative": false
    },
    {
        "date": "2020-09-14T10:37:41Z",
        "value": "1.000253504",
        "cumulative": false
    },
    {
        "date": "2020-09-14T10:37:59Z",
        "value": "1.000237504",
        "cumulative": false
    },
    {
        "date": "2020-09-14T10:38:19Z",
        "value": "1.000453934",
        "cumulative": false
    },
    {
        "date": "2020-09-14T10:38:37Z",
        "value": "1.000124878",
        "cumulative": false
    },
    {
        "date": "2020-09-14T10:38:54Z",
        "value": "0.999962569",
        "cumulative": false
    },
    {
        "date": "2020-09-14T10:39:07Z",
        "value": "1.000099591",
        "cumulative": false
    },
    {
        "date": "2020-09-14T10:39:25Z",
        "value": "1.000223431",
        "cumulative": false
    },
    {
        "date": "2020-09-14T10:39:43Z",
        "value": "1.00030456",
        "cumulative": false
    },
    {
        "date": "2020-09-14T10:40:02Z",
        "value": "1.000272343",
        "cumulative": false
    },
    {
        "date": "2020-09-14T10:40:13Z",
        "value": "1.000277022",
        "cumulative": false
    },
    {
        "date": "2020-09-14T10:40:31Z",
        "value": "1.000325205",
        "cumulative": false
    },
    {
        "date": "2020-09-14T10:40:44Z",
        "value": "1.001014797",
        "cumulative": false
    },
    {
        "date": "2020-09-14T10:41:02Z",
        "value": "1.000304384",
        "cumulative": false
    },
    {
        "date": "2020-09-14T10:41:21Z",
        "value": "1.000301229",
        "cumulative": false
    },
    {
        "date": "2020-09-14T10:41:36Z",
        "value": "1.000202987",
        "cumulative": false
    },
    {
        "date": "2020-09-14T10:41:50Z",
        "value": "1.000301373",
        "cumulative": false
    },
    {
        "date": "2020-09-14T10:42:01Z",
        "value": "1.000242944",
        "cumulative": false
    },
    {
        "date": "2020-09-14T10:42:19Z",
        "value": "1.000256176",
        "cumulative": false
    },
    {
        "date": "2020-09-14T10:42:32Z",
        "value": "1.000345705",
        "cumulative": false
    },
    {
        "date": "2020-09-14T10:42:42Z",
        "value": "1.000310152",
        "cumulative": false
    },
    {
        "date": "2020-09-14T10:42:54Z",
        "value": "1.000067153",
        "cumulative": false
    },
    {
        "date": "2020-09-14T10:43:09Z",
        "value": "1.00017951",
        "cumulative": false
    },
    {
        "date": "2020-09-14T10:43:23Z",
        "value": "1.000244109",
        "cumulative": false
    },
    {
        "date": "2020-09-14T10:43:40Z",
        "value": "1.000829176",
        "cumulative": false
    },
    {
        "date": "2020-09-14T10:43:51Z",
        "value": "1.000374031",
        "cumulative": false
    },
    {
        "date": "2020-09-14T10:44:08Z",
        "value": "1.000346151",
        "cumulative": false
    },
    {
        "date": "2020-09-14T10:44:22Z",
        "value": "1.000255487",
        "cumulative": false
    },
    {
        "date": "2020-09-14T10:44:40Z",
        "value": "1.000158764",
        "cumulative": false
    },
    {
        "date": "2020-09-14T10:44:57Z",
        "value": "1.000262399",
        "cumulative": false
    },
    {
        "date": "2020-09-14T10:45:10Z",
        "value": "1.000415549",
        "cumulative": false
    },
    {
        "date": "2020-09-14T10:45:25Z",
        "value": "1.000192859",
        "cumulative": false
    },
    {
        "date": "2020-09-14T10:45:37Z",
        "value": "1.000333415",
        "cumulative": false
    },
    {
        "date": "2020-09-14T10:45:51Z",
        "value": "1.000396509",
        "cumulative": false
    },
    {
        "date": "2020-09-14T10:46:09Z",
        "value": "1.000296816",
        "cumulative": false
    },
    {
        "date": "2020-09-14T10:46:20Z",
        "value": "1.000381703",
        "cumulative": false
    },
    {
        "date": "2020-09-14T10:46:33Z",
        "value": "1.000320273",
        "cumulative": false
    },
    {
        "date": "2020-09-14T10:46:46Z",
        "value": "1.00032835",
        "cumulative": false
    },
    {
        "date": "2020-09-14T10:46:59Z",
        "value": "1.000939689",
        "cumulative": false
    },
    {
        "date": "2020-09-14T10:47:18Z",
        "value": "1.00016721",
        "cumulative": false
    },
    {
        "date": "2020-09-14T10:47:29Z",
        "value": "1.00041719",
        "cumulative": false
    },
    {
        "date": "2020-09-14T10:47:41Z",
        "value": "1.000253541",
        "cumulative": false
    },
    {
        "date": "2020-09-14T10:47:56Z",
        "value": "1.000318991",
        "cumulative": false
    },
    {
        "date": "2020-09-14T10:48:14Z",
        "value": "1.000370829",
        "cumulative": false
    },
    {
        "date": "2020-09-14T10:48:30Z",
        "value": "1.000071937",
        "cumulative": false
    },
    {
        "date": "2020-09-14T10:48:41Z",
        "value": "1.000339229",
        "cumulative": false
    },
    {
        "date": "2020-09-14T10:48:54Z",
        "value": "1.000171219",
        "cumulative": false
    },
    {
        "date": "2020-09-14T10:49:13Z",
        "value": "1.000067113",
        "cumulative": false
    },
    {
        "date": "2020-09-14T10:49:26Z",
        "value": "1.000106613",
        "cumulative": false
    },
    {
        "date": "2020-09-14T10:49:39Z",
        "value": "1.000049328",
        "cumulative": false
    },
    {
        "date": "2020-09-14T10:49:53Z",
        "value": "1.000163933",
        "cumulative": false
    },
    {
        "date": "2020-09-14T10:50:10Z",
        "value": "1.000181069",
        "cumulative": false
    },
    {
        "date": "2020-09-14T10:50:20Z",
        "value": "1.000344013",
        "cumulative": false
    },
    {
        "date": "2020-09-14T10:50:39Z",
        "value": "1.000386517",
        "cumulative": false
    },
    {
        "date": "2020-09-14T10:50:53Z",
        "value": "1.000318695",
        "cumulative": false
    },
    {
        "date": "2020-09-14T10:51:07Z",
        "value": "1.000319779",
        "cumulative": false
    },
    {
        "date": "2020-09-14T10:51:21Z",
        "value": "0.809445926",
        "cumulative": false
    }
]