[
    {
        "date": "2020-09-14T10:29:21Z",
        "value": "1.6328125",
        "cumulative": false
    },
    {
        "date": "2020-09-14T10:29:39Z",
        "value": "1073.34375",
        "cumulative": false
    },
    {
        "date": "2020-09-14T10:29:51Z",
        "value": "1081.0703125",
        "cumulative": false
    },
    {
        "date": "2020-09-14T10:30:09Z",
        "value": "1113.81640625",
        "cumulative": false
    },
    {
        "date": "2020-09-14T10:30:26Z",
        "value": "1121.9453125",
        "cumulative": false
    },
    {
        "date": "2020-09-14T10:30:42Z",
        "value": "1131.265625",
        "cumulative": false
    },
    {
        "date": "2020-09-14T10:30:53Z",
        "value": "1143.390625",
        "cumulative": false
    },
    {
        "date": "2020-09-14T10:31:10Z",
        "value": "1164.7734375",
        "cumulative": false
    },
    {
        "date": "2020-09-14T10:31:30Z",
        "value": "1180.765625",
        "cumulative": false
    },
    {
        "date": "2020-09-14T10:31:46Z",
        "value": "1167.52734375",
        "cumulative": false
    },
    {
        "date": "2020-09-14T10:31:59Z",
        "value": "1190.27734375",
        "cumulative": false
    },
    {
        "date": "2020-09-14T10:32:11Z",
        "value": "1194.68359375",
        "cumulative": false
    },
    {
        "date": "2020-09-14T10:32:27Z",
        "value": "1202.59375",
        "cumulative": false
    },
    {
        "date": "2020-09-14T10:32:42Z",
        "value": "1202.65234375",
        "cumulative": false
    },
    {
        "date": "2020-09-14T10:32:56Z",
        "value": "1192.2265625",
        "cumulative": false
    },
    {
        "date": "2020-09-14T10:33:09Z",
        "value": "1218.15625",
        "cumulative": false
    },
    {
        "date": "2020-09-14T10:33:24Z",
        "value": "1218.203125",
        "cumulative": false
    },
    {
        "date": "2020-09-14T10:33:40Z",
        "value": "1218.1796875",
        "cumulative": false
    },
    {
        "date": "2020-09-14T10:33:54Z",
        "value": "1175.23828125",
        "cumulative": false
    },
    {
        "date": "2020-09-14T10:34:05Z",
        "value": "1237.80859375",
        "cumulative": false
    },
    {
        "date": "2020-09-14T10:34:19Z",
        "value": "1237.93359375",
        "cumulative": false
    },
    {
        "date": "2020-09-14T10:34:30Z",
        "value": "1237.80859375",
        "cumulative": false
    },
    {
        "date": "2020-09-14T10:34:42Z",
        "value": "1237.78125",
        "cumulative": false
    },
    {
        "date": "2020-09-14T10:34:58Z",
        "value": "1174.66796875",
        "cumulative": false
    },
    {
        "date": "2020-09-14T10:35:11Z",
        "value": "1261.16796875",
        "cumulative": false
    },
    {
        "date": "2020-09-14T10:35:28Z",
        "value": "1262.53125",
        "cumulative": false
    },
    {
        "date": "2020-09-14T10:35:45Z",
        "value": "1262.53125",
        "cumulative": false
    },
    {
        "date": "2020-09-14T10:36:02Z",
        "value": "1262.53125",
        "cumulative": false
    },
    {
        "date": "2020-09-14T10:36:18Z",
        "value": "1262.53125",
        "cumulative": false
    },
    {
        "date": "2020-09-14T10:36:35Z",
        "value": "1249.0390625",
        "cumulative": false
    },
    {
        "date": "2020-09-14T10:36:48Z",
        "value": "1261.8828125",
        "cumulative": false
    },
    {
        "date": "2020-09-14T10:37:05Z",
        "value": "1293.96484375",
        "cumulative": false
    },
    {
        "date": "2020-09-14T10:37:19Z",
        "value": "1293.9140625",
        "cumulative": false
    },
    {
        "date": "2020-09-14T10:37:30Z",
        "value": "1190.3515625",
        "cumulative": false
    },
    {
        "date": "2020-09-14T10:37:42Z",
        "value": "1232.9140625",
        "cumulative": false
    },
    {
        "date": "2020-09-14T10:37:56Z",
        "value": "1293.8828125",
        "cumulative": false
    },
    {
        "date": "2020-09-14T10:38:13Z",
        "value": "1290.6328125",
        "cumulative": false
    },
    {
        "date": "2020-09-14T10:38:31Z",
        "value": "1184.39453125",
        "cumulative": false
    },
    {
        "date": "2020-09-14T10:38:50Z",
        "value": "1222.6640625",
        "cumulative": false
    },
    {
        "date": "2020-09-14T10:39:04Z",
        "value": "1333.39453125",
        "cumulative": false
    },
    {
        "date": "2020-09-14T10:39:23Z",
        "value": "1330.48046875",
        "cumulative": false
    },
    {
        "date": "2020-09-14T10:39:34Z",
        "value": "1268.2890625",
        "cumulative": false
    },
    {
        "date": "2020-09-14T10:39:47Z",
        "value": "1310.6640625",
        "cumulative": false
    },
    {
        "date": "2020-09-14T10:40:00Z",
        "value": "1210.01953125",
        "cumulative": false
    },
    {
        "date": "2020-09-14T10:40:18Z",
        "value": "1192.1640625",
        "cumulative": false
    },
    {
        "date": "2020-09-14T10:40:31Z",
        "value": "1333.51953125",
        "cumulative": false
    },
    {
        "date": "2020-09-14T10:40:45Z",
        "value": "1278.28125",
        "cumulative": false
    },
    {
        "date": "2020-09-14T10:41:00Z",
        "value": "1383.29296875",
        "cumulative": false
    },
    {
        "date": "2020-09-14T10:41:10Z",
        "value": "1383.29296875",
        "cumulative": false
    },
    {
        "date": "2020-09-14T10:41:28Z",
        "value": "1383.29296875",
        "cumulative": false
    },
    {
        "date": "2020-09-14T10:41:47Z",
        "value": "1238.65625",
        "cumulative": false
    },
    {
        "date": "2020-09-14T10:42:03Z",
        "value": "1383.28125",
        "cumulative": false
    },
    {
        "date": "2020-09-14T10:42:22Z",
        "value": "1383.29296875",
        "cumulative": false
    },
    {
        "date": "2020-09-14T10:42:32Z",
        "value": "1383.29296875",
        "cumulative": false
    },
    {
        "date": "2020-09-14T10:42:43Z",
        "value": "1273.03515625",
        "cumulative": false
    },
    {
        "date": "2020-09-14T10:42:55Z",
        "value": "1383.40625",
        "cumulative": false
    },
    {
        "date": "2020-09-14T10:43:13Z",
        "value": "1383.40625",
        "cumulative": false
    },
    {
        "date": "2020-09-14T10:43:33Z",
        "value": "1376.1640625",
        "cumulative": false
    },
    {
        "date": "2020-09-14T10:43:44Z",
        "value": "1446.140625",
        "cumulative": false
    },
    {
        "date": "2020-09-14T10:43:56Z",
        "value": "1446.140625",
        "cumulative": false
    },
    {
        "date": "2020-09-14T10:44:10Z",
        "value": "1247.640625",
        "cumulative": false
    },
    {
        "date": "2020-09-14T10:44:20Z",
        "value": "1201.6640625",
        "cumulative": false
    },
    {
        "date": "2020-09-14T10:44:34Z",
        "value": "1446.1640625",
        "cumulative": false
    },
    {
        "date": "2020-09-14T10:44:50Z",
        "value": "1446.140625",
        "cumulative": false
    },
    {
        "date": "2020-09-14T10:45:08Z",
        "value": "1446.140625",
        "cumulative": false
    },
    {
        "date": "2020-09-14T10:45:21Z",
        "value": "1446.140625",
        "cumulative": false
    },
    {
        "date": "2020-09-14T10:45:37Z",
        "value": "1446.140625",
        "cumulative": false
    },
    {
        "date": "2020-09-14T10:45:52Z",
        "value": "1446.140625",
        "cumulative": false
    },
    {
        "date": "2020-09-14T10:46:06Z",
        "value": "1366.890625",
        "cumulative": false
    },
    {
        "date": "2020-09-14T10:46:25Z",
        "value": "1446.140625",
        "cumulative": false
    },
    {
        "date": "2020-09-14T10:46:43Z",
        "value": "1274.890625",
        "cumulative": false
    },
    {
        "date": "2020-09-14T10:46:56Z",
        "value": "1446.1640625",
        "cumulative": false
    },
    {
        "date": "2020-09-14T10:47:11Z",
        "value": "1525.640625",
        "cumulative": false
    },
    {
        "date": "2020-09-14T10:47:29Z",
        "value": "1525.671875",
        "cumulative": false
    },
    {
        "date": "2020-09-14T10:47:45Z",
        "value": "1525.640625",
        "cumulative": false
    },
    {
        "date": "2020-09-14T10:48:05Z",
        "value": "1525.6171875",
        "cumulative": false
    },
    {
        "date": "2020-09-14T10:48:24Z",
        "value": "1525.640625",
        "cumulative": false
    },
    {
        "date": "2020-09-14T10:48:44Z",
        "value": "1525.640625",
        "cumulative": false
    },
    {
        "date": "2020-09-14T10:49:03Z",
        "value": "1285.296875",
        "cumulative": false
    },
    {
        "date": "2020-09-14T10:49:17Z",
        "value": "1251.171875",
        "cumulative": false
    },
    {
        "date": "2020-09-14T10:49:29Z",
        "value": "1525.640625",
        "cumulative": false
    },
    {
        "date": "2020-09-14T10:49:42Z",
        "value": "1271.890625",
        "cumulative": false
    },
    {
        "date": "2020-09-14T10:49:59Z",
        "value": "1525.640625",
        "cumulative": false
    },
    {
        "date": "2020-09-14T10:50:14Z",
        "value": "1525.640625",
        "cumulative": false
    },
    {
        "date": "2020-09-14T10:50:24Z",
        "value": "1525.640625",
        "cumulative": false
    },
    {
        "date": "2020-09-14T10:50:35Z",
        "value": "1451.171875",
        "cumulative": false
    },
    {
        "date": "2020-09-14T10:50:47Z",
        "value": "1525.640625",
        "cumulative": false
    },
    {
        "date": "2020-09-14T10:51:04Z",
        "value": "1206.921875",
        "cumulative": false
    },
    {
        "date": "2020-09-14T10:51:17Z",
        "value": "1332.171875",
        "cumulative": false
    }
]