[
    {
        "date": "2020-09-14T10:29:19Z",
        "value": "0.0009593963623046875",
        "cumulative": true
    },
    {
        "date": "2020-09-14T10:29:33Z",
        "value": "297.5234069824219",
        "cumulative": true
    },
    {
        "date": "2020-09-14T10:29:49Z",
        "value": "4387.98456287384",
        "cumulative": true
    },
    {
        "date": "2020-09-14T10:30:03Z",
        "value": "8258.906518936157",
        "cumulative": true
    },
    {
        "date": "2020-09-14T10:30:18Z",
        "value": "12351.367311477661",
        "cumulative": true
    },
    {
        "date": "2020-09-14T10:30:29Z",
        "value": "15357.350631713867",
        "cumulative": true
    },
    {
        "date": "2020-09-14T10:30:47Z",
        "value": "20178.863691329956",
        "cumulative": true
    },
    {
        "date": "2020-09-14T10:30:59Z",
        "value": "23620.453453063965",
        "cumulative": true
    },
    {
        "date": "2020-09-14T10:31:13Z",
        "value": "27079.097805976868",
        "cumulative": true
    },
    {
        "date": "2020-09-14T10:31:24Z",
        "value": "29567.90883541107",
        "cumulative": true
    },
    {
        "date": "2020-09-14T10:31:42Z",
        "value": "33614.53668022156",
        "cumulative": true
    },
    {
        "date": "2020-09-14T10:31:52Z",
        "value": "35896.297037124634",
        "cumulative": true
    },
    {
        "date": "2020-09-14T10:32:05Z",
        "value": "38825.1095123291",
        "cumulative": true
    },
    {
        "date": "2020-09-14T10:32:19Z",
        "value": "42276.22641372681",
        "cumulative": true
    },
    {
        "date": "2020-09-14T10:32:36Z",
        "value": "46036.71261405945",
        "cumulative": true
    },
    {
        "date": "2020-09-14T10:32:46Z",
        "value": "48708.818088531494",
        "cumulative": true
    },
    {
        "date": "2020-09-14T10:33:04Z",
        "value": "53147.09202480316",
        "cumulative": true
    },
    {
        "date": "2020-09-14T10:33:15Z",
        "value": "56344.904744148254",
        "cumulative": true
    },
    {
        "date": "2020-09-14T10:33:33Z",
        "value": "60391.64506816864",
        "cumulative": true
    },
    {
        "date": "2020-09-14T10:33:49Z",
        "value": "64316.03583621979",
        "cumulative": true
    },
    {
        "date": "2020-09-14T10:34:08Z",
        "value": "68619.08207035065",
        "cumulative": true
    },
    {
        "date": "2020-09-14T10:34:25Z",
        "value": "72630.00705623627",
        "cumulative": true
    },
    {
        "date": "2020-09-14T10:34:43Z",
        "value": "76931.27741718292",
        "cumulative": true
    },
    {
        "date": "2020-09-14T10:34:57Z",
        "value": "80118.01211929321",
        "cumulative": true
    },
    {
        "date": "2020-09-14T10:35:12Z",
        "value": "83548.3271560669",
        "cumulative": true
    },
    {
        "date": "2020-09-14T10:35:26Z",
        "value": "86699.5774230957",
        "cumulative": true
    },
    {
        "date": "2020-09-14T10:35:43Z",
        "value": "90664.87222290039",
        "cumulative": true
    },
    {
        "date": "2020-09-14T10:36:01Z",
        "value": "94646.63397598267",
        "cumulative": true
    },
    {
        "date": "2020-09-14T10:36:18Z",
        "value": "98426.53606033325",
        "cumulative": true
    },
    {
        "date": "2020-09-14T10:36:32Z",
        "value": "101621.36204433441",
        "cumulative": true
    },
    {
        "date": "2020-09-14T10:36:49Z",
        "value": "105818.01307964325",
        "cumulative": true
    },
    {
        "date": "2020-09-14T10:37:03Z",
        "value": "109196.57267093658",
        "cumulative": true
    },
    {
        "date": "2020-09-14T10:37:19Z",
        "value": "113012.65199565887",
        "cumulative": true
    },
    {
        "date": "2020-09-14T10:37:33Z",
        "value": "116420.12538433075",
        "cumulative": true
    },
    {
        "date": "2020-09-14T10:37:47Z",
        "value": "119899.29685497284",
        "cumulative": true
    },
    {
        "date": "2020-09-14T10:38:02Z",
        "value": "123351.99683475494",
        "cumulative": true
    },
    {
        "date": "2020-09-14T10:38:20Z",
        "value": "127671.48990821838",
        "cumulative": true
    },
    {
        "date": "2020-09-14T10:38:37Z",
        "value": "131670.60445404053",
        "cumulative": true
    },
    {
        "date": "2020-09-14T10:38:57Z",
        "value": "136358.95768165588",
        "cumulative": true
    },
    {
        "date": "2020-09-14T10:39:12Z",
        "value": "140040.02139663696",
        "cumulative": true
    },
    {
        "date": "2020-09-14T10:39:29Z",
        "value": "144202.69748687744",
        "cumulative": true
    },
    {
        "date": "2020-09-14T10:39:45Z",
        "value": "147935.4191532135",
        "cumulative": true
    },
    {
        "date": "2020-09-14T10:40:02Z",
        "value": "152065.99883651733",
        "cumulative": true
    },
    {
        "date": "2020-09-14T10:40:22Z",
        "value": "157027.1578617096",
        "cumulative": true
    },
    {
        "date": "2020-09-14T10:40:33Z",
        "value": "159705.39195632935",
        "cumulative": true
    },
    {
        "date": "2020-09-14T10:40:52Z",
        "value": "164514.51020145416",
        "cumulative": true
    },
    {
        "date": "2020-09-14T10:41:05Z",
        "value": "167898.05008029938",
        "cumulative": true
    },
    {
        "date": "2020-09-14T10:41:25Z",
        "value": "172553.3160047531",
        "cumulative": true
    },
    {
        "date": "2020-09-14T10:41:39Z",
        "value": "176157.48045253754",
        "cumulative": true
    },
    {
        "date": "2020-09-14T10:41:59Z",
        "value": "181005.74010944366",
        "cumulative": true
    },
    {
        "date": "2020-09-14T10:42:12Z",
        "value": "184360.41173648834",
        "cumulative": true
    },
    {
        "date": "2020-09-14T10:42:27Z",
        "value": "188024.79673862457",
        "cumulative": true
    },
    {
        "date": "2020-09-14T10:42:46Z",
        "value": "192470.63456439972",
        "cumulative": true
    },
    {
        "date": "2020-09-14T10:42:59Z",
        "value": "195783.42345523834",
        "cumulative": true
    },
    {
        "date": "2020-09-14T10:43:13Z",
        "value": "199170.61520671844",
        "cumulative": true
    },
    {
        "date": "2020-09-14T10:43:26Z",
        "value": "202557.46372509003",
        "cumulative": true
    },
    {
        "date": "2020-09-14T10:43:45Z",
        "value": "207261.73253822327",
        "cumulative": true
    },
    {
        "date": "2020-09-14T10:43:59Z",
        "value": "210873.17345428467",
        "cumulative": true
    },
    {
        "date": "2020-09-14T10:44:09Z",
        "value": "213594.34752845764",
        "cumulative": true
    },
    {
        "date": "2020-09-14T10:44:21Z",
        "value": "216351.31331062317",
        "cumulative": true
    },
    {
        "date": "2020-09-14T10:44:33Z",
        "value": "219559.37405967712",
        "cumulative": true
    },
    {
        "date": "2020-09-14T10:44:47Z",
        "value": "222886.39833068848",
        "cumulative": true
    },
    {
        "date": "2020-09-14T10:45:05Z",
        "value": "227561.65123939514",
        "cumulative": true
    },
    {
        "date": "2020-09-14T10:45:21Z",
        "value": "231303.1500530243",
        "cumulative": true
    },
    {
        "date": "2020-09-14T10:45:31Z",
        "value": "233966.96745681763",
        "cumulative": true
    },
    {
        "date": "2020-09-14T10:45:43Z",
        "value": "237167.13065338135",
        "cumulative": true
    },
    {
        "date": "2020-09-14T10:45:53Z",
        "value": "239764.39665985107",
        "cumulative": true
    },
    {
        "date": "2020-09-14T10:46:10Z",
        "value": "244062.2950553894",
        "cumulative": true
    },
    {
        "date": "2020-09-14T10:46:25Z",
        "value": "247772.94916915894",
        "cumulative": true
    },
    {
        "date": "2020-09-14T10:46:44Z",
        "value": "252753.07873916626",
        "cumulative": true
    },
    {
        "date": "2020-09-14T10:46:57Z",
        "value": "255751.39641571045",
        "cumulative": true
    },
    {
        "date": "2020-09-14T10:47:15Z",
        "value": "260342.74825191498",
        "cumulative": true
    },
    {
        "date": "2020-09-14T10:47:35Z",
        "value": "265479.91401958466",
        "cumulative": true
    },
    {
        "date": "2020-09-14T10:47:52Z",
        "value": "269760.7992696762",
        "cumulative": true
    },
    {
        "date": "2020-09-14T10:48:03Z",
        "value": "272452.34509563446",
        "cumulative": true
    },
    {
        "date": "2020-09-14T10:48:17Z",
        "value": "276407.3037481308",
        "cumulative": true
    },
    {
        "date": "2020-09-14T10:48:30Z",
        "value": "279573.9227952957",
        "cumulative": true
    },
    {
        "date": "2020-09-14T10:48:47Z",
        "value": "283887.0198831558",
        "cumulative": true
    },
    {
        "date": "2020-09-14T10:49:00Z",
        "value": "287239.0194540024",
        "cumulative": true
    },
    {
        "date": "2020-09-14T10:49:19Z",
        "value": "292129.7882165909",
        "cumulative": true
    },
    {
        "date": "2020-09-14T10:49:31Z",
        "value": "295269.7674150467",
        "cumulative": true
    },
    {
        "date": "2020-09-14T10:49:47Z",
        "value": "299742.7286672592",
        "cumulative": true
    },
    {
        "date": "2020-09-14T10:50:00Z",
        "value": "303264.49283504486",
        "cumulative": true
    },
    {
        "date": "2020-09-14T10:50:12Z",
        "value": "306044.3632040024",
        "cumulative": true
    },
    {
        "date": "2020-09-14T10:50:29Z",
        "value": "310651.52040195465",
        "cumulative": true
    },
    {
        "date": "2020-09-14T10:50:45Z",
        "value": "314775.50524044037",
        "cumulative": true
    },
    {
        "date": "2020-09-14T10:51:02Z",
        "value": "318923.9489393234",
        "cumulative": true
    },
    {
        "date": "2020-09-14T10:51:17Z",
        "value": "322852.0374765396",
        "cumulative": true
    }
]