[
    {
        "date": "2020-09-14T10:29:18Z",
        "value": "0.0009593963623046875",
        "cumulative": true
    },
    {
        "date": "2020-09-14T10:29:30Z",
        "value": "15.57187271118164",
        "cumulative": true
    },
    {
        "date": "2020-09-14T10:29:45Z",
        "value": "3264.046498298645",
        "cumulative": true
    },
    {
        "date": "2020-09-14T10:29:57Z",
        "value": "6434.209684371948",
        "cumulative": true
    },
    {
        "date": "2020-09-14T10:30:08Z",
        "value": "9731.14002609253",
        "cumulative": true
    },
    {
        "date": "2020-09-14T10:30:27Z",
        "value": "14892.01888179779",
        "cumulative": true
    },
    {
        "date": "2020-09-14T10:30:46Z",
        "value": "19970.700273513794",
        "cumulative": true
    },
    {
        "date": "2020-09-14T10:30:59Z",
        "value": "23695.103199005127",
        "cumulative": true
    },
    {
        "date": "2020-09-14T10:31:18Z",
        "value": "28153.296515464783",
        "cumulative": true
    },
    {
        "date": "2020-09-14T10:31:33Z",
        "value": "31577.328546524048",
        "cumulative": true
    },
    {
        "date": "2020-09-14T10:31:52Z",
        "value": "35829.043058395386",
        "cumulative": true
    },
    {
        "date": "2020-09-14T10:32:07Z",
        "value": "39460.20296859741",
        "cumulative": true
    },
    {
        "date": "2020-09-14T10:32:26Z",
        "value": "44022.45999622345",
        "cumulative": true
    },
    {
        "date": "2020-09-14T10:32:41Z",
        "value": "47365.26640224457",
        "cumulative": true
    },
    {
        "date": "2020-09-14T10:32:56Z",
        "value": "50984.29848575592",
        "cumulative": true
    },
    {
        "date": "2020-09-14T10:33:08Z",
        "value": "54403.14821147919",
        "cumulative": true
    },
    {
        "date": "2020-09-14T10:33:18Z",
        "value": "57165.27238559723",
        "cumulative": true
    },
    {
        "date": "2020-09-14T10:33:32Z",
        "value": "60315.035700798035",
        "cumulative": true
    },
    {
        "date": "2020-09-14T10:33:44Z",
        "value": "63124.13294506073",
        "cumulative": true
    },
    {
        "date": "2020-09-14T10:34:03Z",
        "value": "67413.4409790039",
        "cumulative": true
    },
    {
        "date": "2020-09-14T10:34:16Z",
        "value": "70657.08222770691",
        "cumulative": true
    },
    {
        "date": "2020-09-14T10:34:30Z",
        "value": "73916.86590766907",
        "cumulative": true
    },
    {
        "date": "2020-09-14T10:34:43Z",
        "value": "77092.27227973938",
        "cumulative": true
    },
    {
        "date": "2020-09-14T10:35:02Z",
        "value": "81433.6832780838",
        "cumulative": true
    },
    {
        "date": "2020-09-14T10:35:21Z",
        "value": "85742.0001039505",
        "cumulative": true
    },
    {
        "date": "2020-09-14T10:35:38Z",
        "value": "89615.48436069489",
        "cumulative": true
    },
    {
        "date": "2020-09-14T10:35:50Z",
        "value": "92348.24335956573",
        "cumulative": true
    },
    {
        "date": "2020-09-14T10:36:02Z",
        "value": "95073.09045696259",
        "cumulative": true
    },
    {
        "date": "2020-09-14T10:36:20Z",
        "value": "99121.74844264984",
        "cumulative": true
    },
    {
        "date": "2020-09-14T10:36:39Z",
        "value": "103646.65555000305",
        "cumulative": true
    },
    {
        "date": "2020-09-14T10:36:51Z",
        "value": "106560.865650177",
        "cumulative": true
    },
    {
        "date": "2020-09-14T10:37:10Z",
        "value": "111077.28361129761",
        "cumulative": true
    },
    {
        "date": "2020-09-14T10:37:21Z",
        "value": "113741.56063270569",
        "cumulative": true
    },
    {
        "date": "2020-09-14T10:37:36Z",
        "value": "117197.78667640686",
        "cumulative": true
    },
    {
        "date": "2020-09-14T10:37:47Z",
        "value": "120084.61828804016",
        "cumulative": true
    },
    {
        "date": "2020-09-14T10:38:07Z",
        "value": "124907.28632926941",
        "cumulative": true
    },
    {
        "date": "2020-09-14T10:38:27Z",
        "value": "129474.62123775482",
        "cumulative": true
    },
    {
        "date": "2020-09-14T10:38:37Z",
        "value": "131945.89480113983",
        "cumulative": true
    },
    {
        "date": "2020-09-14T10:38:48Z",
        "value": "134620.8300523758",
        "cumulative": true
    },
    {
        "date": "2020-09-14T10:38:59Z",
        "value": "137307.49478816986",
        "cumulative": true
    },
    {
        "date": "2020-09-14T10:39:19Z",
        "value": "141955.04980373383",
        "cumulative": true
    },
    {
        "date": "2020-09-14T10:39:30Z",
        "value": "144697.54339885712",
        "cumulative": true
    },
    {
        "date": "2020-09-14T10:39:45Z",
        "value": "148313.8634710312",
        "cumulative": true
    },
    {
        "date": "2020-09-14T10:40:01Z",
        "value": "152082.58160686493",
        "cumulative": true
    },
    {
        "date": "2020-09-14T10:40:17Z",
        "value": "156125.81020259857",
        "cumulative": true
    },
    {
        "date": "2020-09-14T10:40:33Z",
        "value": "160295.26604938507",
        "cumulative": true
    },
    {
        "date": "2020-09-14T10:40:46Z",
        "value": "163529.81017112732",
        "cumulative": true
    },
    {
        "date": "2020-09-14T10:41:02Z",
        "value": "167593.85538101196",
        "cumulative": true
    },
    {
        "date": "2020-09-14T10:41:15Z",
        "value": "170678.38818359375",
        "cumulative": true
    },
    {
        "date": "2020-09-14T10:41:34Z",
        "value": "175517.05855178833",
        "cumulative": true
    },
    {
        "date": "2020-09-14T10:41:49Z",
        "value": "179063.6438331604",
        "cumulative": true
    },
    {
        "date": "2020-09-14T10:42:07Z",
        "value": "183626.83605766296",
        "cumulative": true
    },
    {
        "date": "2020-09-14T10:42:23Z",
        "value": "187562.15628623962",
        "cumulative": true
    },
    {
        "date": "2020-09-14T10:42:41Z",
        "value": "191976.47523117065",
        "cumulative": true
    },
    {
        "date": "2020-09-14T10:42:55Z",
        "value": "195185.20083999634",
        "cumulative": true
    },
    {
        "date": "2020-09-14T10:43:12Z",
        "value": "199601.67420387268",
        "cumulative": true
    },
    {
        "date": "2020-09-14T10:43:32Z",
        "value": "204615.38693714142",
        "cumulative": true
    },
    {
        "date": "2020-09-14T10:43:44Z",
        "value": "207538.76274204254",
        "cumulative": true
    },
    {
        "date": "2020-09-14T10:44:01Z",
        "value": "211858.93063259125",
        "cumulative": true
    },
    {
        "date": "2020-09-14T10:44:18Z",
        "value": "216279.5952386856",
        "cumulative": true
    },
    {
        "date": "2020-09-14T10:44:36Z",
        "value": "220722.29815006256",
        "cumulative": true
    },
    {
        "date": "2020-09-14T10:44:56Z",
        "value": "226025.4557466507",
        "cumulative": true
    },
    {
        "date": "2020-09-14T10:45:06Z",
        "value": "228589.52439785004",
        "cumulative": true
    },
    {
        "date": "2020-09-14T10:45:17Z",
        "value": "231061.8851671219",
        "cumulative": true
    },
    {
        "date": "2020-09-14T10:45:36Z",
        "value": "236129.15224552155",
        "cumulative": true
    },
    {
        "date": "2020-09-14T10:45:53Z",
        "value": "240485.0942811966",
        "cumulative": true
    },
    {
        "date": "2020-09-14T10:46:08Z",
        "value": "244231.17117786407",
        "cumulative": true
    },
    {
        "date": "2020-09-14T10:46:25Z",
        "value": "248524.17276096344",
        "cumulative": true
    },
    {
        "date": "2020-09-14T10:46:41Z",
        "value": "252704.23381328583",
        "cumulative": true
    },
    {
        "date": "2020-09-14T10:46:59Z",
        "value": "257083.68981552124",
        "cumulative": true
    },
    {
        "date": "2020-09-14T10:47:13Z",
        "value": "260678.2369594574",
        "cumulative": true
    },
    {
        "date": "2020-09-14T10:47:32Z",
        "value": "265716.52243232727",
        "cumulative": true
    },
    {
        "date": "2020-09-14T10:47:46Z",
        "value": "269089.5662651062",
        "cumulative": true
    },
    {
        "date": "2020-09-14T10:48:03Z",
        "value": "273301.3219642639",
        "cumulative": true
    },
    {
        "date": "2020-09-14T10:48:17Z",
        "value": "277357.6903190613",
        "cumulative": true
    },
    {
        "date": "2020-09-14T10:48:33Z",
        "value": "281411.14130210876",
        "cumulative": true
    },
    {
        "date": "2020-09-14T10:48:49Z",
        "value": "285306.9582386017",
        "cumulative": true
    },
    {
        "date": "2020-09-14T10:49:03Z",
        "value": "288967.8038043976",
        "cumulative": true
    },
    {
        "date": "2020-09-14T10:49:18Z",
        "value": "292899.60785865784",
        "cumulative": true
    },
    {
        "date": "2020-09-14T10:49:35Z",
        "value": "297622.19775772095",
        "cumulative": true
    },
    {
        "date": "2020-09-14T10:49:54Z",
        "value": "302874.1937484741",
        "cumulative": true
    },
    {
        "date": "2020-09-14T10:50:12Z",
        "value": "307080.7194786072",
        "cumulative": true
    },
    {
        "date": "2020-09-14T10:50:25Z",
        "value": "310470.8651714325",
        "cumulative": true
    },
    {
        "date": "2020-09-14T10:50:40Z",
        "value": "314373.6475086212",
        "cumulative": true
    },
    {
        "date": "2020-09-14T10:50:50Z",
        "value": "317158.31856155396",
        "cumulative": true
    },
    {
        "date": "2020-09-14T10:51:02Z",
        "value": "319923.5517425537",
        "cumulative": true
    },
    {
        "date": "2020-09-14T10:51:19Z",
        "value": "324665.58973121643",
        "cumulative": true
    }
]