[
    {
        "date": "2020-09-14T10:29:05Z",
        "value": "4.00543212890625e-05",
        "cumulative": true
    },
    {
        "date": "2020-09-14T10:29:22Z",
        "value": "4.00543212890625e-05",
        "cumulative": true
    },
    {
        "date": "2020-09-14T10:29:40Z",
        "value": "1662.119764328003",
        "cumulative": true
    },
    {
        "date": "2020-09-14T10:29:58Z",
        "value": "6783.191051483154",
        "cumulative": true
    },
    {
        "date": "2020-09-14T10:30:16Z",
        "value": "11734.758939743042",
        "cumulative": true
    },
    {
        "date": "2020-09-14T10:30:31Z",
        "value": "15929.50770187378",
        "cumulative": true
    },
    {
        "date": "2020-09-14T10:30:45Z",
        "value": "19682.780396461487",
        "cumulative": true
    },
    {
        "date": "2020-09-14T10:30:56Z",
        "value": "22779.3105096817",
        "cumulative": true
    },
    {
        "date": "2020-09-14T10:31:07Z",
        "value": "25611.03981781006",
        "cumulative": true
    },
    {
        "date": "2020-09-14T10:31:24Z",
        "value": "29615.641387939453",
        "cumulative": true
    },
    {
        "date": "2020-09-14T10:31:43Z",
        "value": "33958.94583415985",
        "cumulative": true
    },
    {
        "date": "2020-09-14T10:32:02Z",
        "value": "38165.97732067108",
        "cumulative": true
    },
    {
        "date": "2020-09-14T10:32:14Z",
        "value": "41022.71688079834",
        "cumulative": true
    },
    {
        "date": "2020-09-14T10:32:26Z",
        "value": "43839.08309173584",
        "cumulative": true
    },
    {
        "date": "2020-09-14T10:32:45Z",
        "value": "48519.873613357544",
        "cumulative": true
    },
    {
        "date": "2020-09-14T10:33:02Z",
        "value": "52619.897042274475",
        "cumulative": true
    },
    {
        "date": "2020-09-14T10:33:16Z",
        "value": "56677.90352153778",
        "cumulative": true
    },
    {
        "date": "2020-09-14T10:33:27Z",
        "value": "59043.593651771545",
        "cumulative": true
    },
    {
        "date": "2020-09-14T10:33:43Z",
        "value": "62748.523299217224",
        "cumulative": true
    },
    {
        "date": "2020-09-14T10:34:02Z",
        "value": "67125.5024356842",
        "cumulative": true
    },
    {
        "date": "2020-09-14T10:34:13Z",
        "value": "69664.90008544922",
        "cumulative": true
    },
    {
        "date": "2020-09-14T10:34:32Z",
        "value": "74289.10712432861",
        "cumulative": true
    },
    {
        "date": "2020-09-14T10:34:43Z",
        "value": "76934.94739723206",
        "cumulative": true
    },
    {
        "date": "2020-09-14T10:34:59Z",
        "value": "80562.44716358185",
        "cumulative": true
    },
    {
        "date": "2020-09-14T10:35:15Z",
        "value": "84223.71304035187",
        "cumulative": true
    },
    {
        "date": "2020-09-14T10:35:33Z",
        "value": "88103.4998922348",
        "cumulative": true
    },
    {
        "date": "2020-09-14T10:35:48Z",
        "value": "91502.49590587616",
        "cumulative": true
    },
    {
        "date": "2020-09-14T10:36:00Z",
        "value": "94197.82347393036",
        "cumulative": true
    },
    {
        "date": "2020-09-14T10:36:12Z",
        "value": "97138.80183887482",
        "cumulative": true
    },
    {
        "date": "2020-09-14T10:36:23Z",
        "value": "99537.94264125824",
        "cumulative": true
    },
    {
        "date": "2020-09-14T10:36:35Z",
        "value": "102229.88018226624",
        "cumulative": true
    },
    {
        "date": "2020-09-14T10:36:50Z",
        "value": "105994.67024040222",
        "cumulative": true
    },
    {
        "date": "2020-09-14T10:37:07Z",
        "value": "110042.59209632874",
        "cumulative": true
    },
    {
        "date": "2020-09-14T10:37:24Z",
        "value": "114121.03933906555",
        "cumulative": true
    },
    {
        "date": "2020-09-14T10:37:39Z",
        "value": "117665.10190010071",
        "cumulative": true
    },
    {
        "date": "2020-09-14T10:37:58Z",
        "value": "122179.65059280396",
        "cumulative": true
    },
    {
        "date": "2020-09-14T10:38:17Z",
        "value": "126910.61573982239",
        "cumulative": true
    },
    {
        "date": "2020-09-14T10:38:32Z",
        "value": "130590.01778888702",
        "cumulative": true
    },
    {
        "date": "2020-09-14T10:38:47Z",
        "value": "133952.04392147064",
        "cumulative": true
    },
    {
        "date": "2020-09-14T10:39:06Z",
        "value": "138564.68469142914",
        "cumulative": true
    },
    {
        "date": "2020-09-14T10:39:26Z",
        "value": "143280.2112531662",
        "cumulative": true
    },
    {
        "date": "2020-09-14T10:39:38Z",
        "value": "146331.4217824936",
        "cumulative": true
    },
    {
        "date": "2020-09-14T10:39:53Z",
        "value": "149883.46441936493",
        "cumulative": true
    },
    {
        "date": "2020-09-14T10:40:13Z",
        "value": "154712.24907970428",
        "cumulative": true
    },
    {
        "date": "2020-09-14T10:40:29Z",
        "value": "158731.72894382477",
        "cumulative": true
    },
    {
        "date": "2020-09-14T10:40:48Z",
        "value": "163698.84954452515",
        "cumulative": true
    },
    {
        "date": "2020-09-14T10:41:05Z",
        "value": "167896.8465900421",
        "cumulative": true
    },
    {
        "date": "2020-09-14T10:41:16Z",
        "value": "170462.29415893555",
        "cumulative": true
    },
    {
        "date": "2020-09-14T10:41:30Z",
        "value": "173948.369764328",
        "cumulative": true
    },
    {
        "date": "2020-09-14T10:41:41Z",
        "value": "176620.37502479553",
        "cumulative": true
    },
    {
        "date": "2020-09-14T10:41:52Z",
        "value": "179338.0266418457",
        "cumulative": true
    },
    {
        "date": "2020-09-14T10:42:04Z",
        "value": "182555.83019828796",
        "cumulative": true
    },
    {
        "date": "2020-09-14T10:42:15Z",
        "value": "185251.92932128906",
        "cumulative": true
    },
    {
        "date": "2020-09-14T10:42:26Z",
        "value": "187863.9819869995",
        "cumulative": true
    },
    {
        "date": "2020-09-14T10:42:41Z",
        "value": "191597.49984931946",
        "cumulative": true
    },
    {
        "date": "2020-09-14T10:43:00Z",
        "value": "196052.04666900635",
        "cumulative": true
    },
    {
        "date": "2020-09-14T10:43:18Z",
        "value": "200597.24960517883",
        "cumulative": true
    },
    {
        "date": "2020-09-14T10:43:37Z",
        "value": "205177.29685497284",
        "cumulative": true
    },
    {
        "date": "2020-09-14T10:43:54Z",
        "value": "209442.26059246063",
        "cumulative": true
    },
    {
        "date": "2020-09-14T10:44:07Z",
        "value": "212804.4635705948",
        "cumulative": true
    },
    {
        "date": "2020-09-14T10:44:20Z",
        "value": "216379.7418756485",
        "cumulative": true
    },
    {
        "date": "2020-09-14T10:44:31Z",
        "value": "219045.68039035797",
        "cumulative": true
    },
    {
        "date": "2020-09-14T10:44:47Z",
        "value": "223298.38649463654",
        "cumulative": true
    },
    {
        "date": "2020-09-14T10:45:02Z",
        "value": "227061.72947978973",
        "cumulative": true
    },
    {
        "date": "2020-09-14T10:45:13Z",
        "value": "229723.66525936127",
        "cumulative": true
    },
    {
        "date": "2020-09-14T10:45:28Z",
        "value": "233474.83641910553",
        "cumulative": true
    },
    {
        "date": "2020-09-14T10:45:40Z",
        "value": "236474.4512872696",
        "cumulative": true
    },
    {
        "date": "2020-09-14T10:45:55Z",
        "value": "240386.7730550766",
        "cumulative": true
    },
    {
        "date": "2020-09-14T10:46:10Z",
        "value": "244152.47873592377",
        "cumulative": true
    },
    {
        "date": "2020-09-14T10:46:29Z",
        "value": "248962.74505138397",
        "cumulative": true
    },
    {
        "date": "2020-09-14T10:46:40Z",
        "value": "251638.57162570953",
        "cumulative": true
    },
    {
        "date": "2020-09-14T10:46:55Z",
        "value": "255558.79664707184",
        "cumulative": true
    },
    {
        "date": "2020-09-14T10:47:09Z",
        "value": "259061.20505142212",
        "cumulative": true
    },
    {
        "date": "2020-09-14T10:47:19Z",
        "value": "261636.52710914612",
        "cumulative": true
    },
    {
        "date": "2020-09-14T10:47:38Z",
        "value": "266534.8566093445",
        "cumulative": true
    },
    {
        "date": "2020-09-14T10:47:57Z",
        "value": "271245.50685691833",
        "cumulative": true
    },
    {
        "date": "2020-09-14T10:48:07Z",
        "value": "273934.65036201477",
        "cumulative": true
    },
    {
        "date": "2020-09-14T10:48:21Z",
        "value": "277298.5210952759",
        "cumulative": true
    },
    {
        "date": "2020-09-14T10:48:34Z",
        "value": "280669.94589424133",
        "cumulative": true
    },
    {
        "date": "2020-09-14T10:48:45Z",
        "value": "283362.51842689514",
        "cumulative": true
    },
    {
        "date": "2020-09-14T10:49:02Z",
        "value": "288065.8488063812",
        "cumulative": true
    },
    {
        "date": "2020-09-14T10:49:17Z",
        "value": "292058.04623413086",
        "cumulative": true
    },
    {
        "date": "2020-09-14T10:49:31Z",
        "value": "295626.6324863434",
        "cumulative": true
    },
    {
        "date": "2020-09-14T10:49:48Z",
        "value": "300119.3446941376",
        "cumulative": true
    },
    {
        "date": "2020-09-14T10:49:59Z",
        "value": "302967.7578315735",
        "cumulative": true
    },
    {
        "date": "2020-09-14T10:50:14Z",
        "value": "306766.6370754242",
        "cumulative": true
    },
    {
        "date": "2020-09-14T10:50:32Z",
        "value": "311504.1232242584",
        "cumulative": true
    },
    {
        "date": "2020-09-14T10:50:50Z",
        "value": "316143.5367794037",
        "cumulative": true
    },
    {
        "date": "2020-09-14T10:51:03Z",
        "value": "319223.76247787476",
        "cumulative": true
    },
    {
        "date": "2020-09-14T10:51:22Z",
        "value": "323586.15571308136",
        "cumulative": true
    }
]