[
    {
        "date": "2020-09-14T10:28:52Z",
        "value": "4.00543212890625e-05",
        "cumulative": true
    },
    {
        "date": "2020-09-14T10:29:09Z",
        "value": "4.00543212890625e-05",
        "cumulative": true
    },
    {
        "date": "2020-09-14T10:29:25Z",
        "value": "0.007335662841796875",
        "cumulative": true
    },
    {
        "date": "2020-09-14T10:29:37Z",
        "value": "1046.3742589950562",
        "cumulative": true
    },
    {
        "date": "2020-09-14T10:29:48Z",
        "value": "4179.185140609741",
        "cumulative": true
    },
    {
        "date": "2020-09-14T10:30:05Z",
        "value": "8754.911396980286",
        "cumulative": true
    },
    {
        "date": "2020-09-14T10:30:19Z",
        "value": "12710.427069664001",
        "cumulative": true
    },
    {
        "date": "2020-09-14T10:30:31Z",
        "value": "16079.027896881104",
        "cumulative": true
    },
    {
        "date": "2020-09-14T10:30:51Z",
        "value": "21565.378092765808",
        "cumulative": true
    },
    {
        "date": "2020-09-14T10:31:11Z",
        "value": "26577.978427886963",
        "cumulative": true
    },
    {
        "date": "2020-09-14T10:31:30Z",
        "value": "30921.736391067505",
        "cumulative": true
    },
    {
        "date": "2020-09-14T10:31:46Z",
        "value": "34444.50145435333",
        "cumulative": true
    },
    {
        "date": "2020-09-14T10:31:57Z",
        "value": "37004.36098957062",
        "cumulative": true
    },
    {
        "date": "2020-09-14T10:32:11Z",
        "value": "40294.42078971863",
        "cumulative": true
    },
    {
        "date": "2020-09-14T10:32:22Z",
        "value": "42986.52431678772",
        "cumulative": true
    },
    {
        "date": "2020-09-14T10:32:40Z",
        "value": "47117.41775894165",
        "cumulative": true
    },
    {
        "date": "2020-09-14T10:32:59Z",
        "value": "51705.405079841614",
        "cumulative": true
    },
    {
        "date": "2020-09-14T10:33:14Z",
        "value": "56036.28122806549",
        "cumulative": true
    },
    {
        "date": "2020-09-14T10:33:25Z",
        "value": "58590.402594566345",
        "cumulative": true
    },
    {
        "date": "2020-09-14T10:33:41Z",
        "value": "62209.47475337982",
        "cumulative": true
    },
    {
        "date": "2020-09-14T10:33:57Z",
        "value": "65961.75665855408",
        "cumulative": true
    },
    {
        "date": "2020-09-14T10:34:15Z",
        "value": "70287.93949890137",
        "cumulative": true
    },
    {
        "date": "2020-09-14T10:34:33Z",
        "value": "74444.69804573059",
        "cumulative": true
    },
    {
        "date": "2020-09-14T10:34:51Z",
        "value": "78772.65280532837",
        "cumulative": true
    },
    {
        "date": "2020-09-14T10:35:07Z",
        "value": "82501.28956699371",
        "cumulative": true
    },
    {
        "date": "2020-09-14T10:35:18Z",
        "value": "84815.01744937897",
        "cumulative": true
    },
    {
        "date": "2020-09-14T10:35:33Z",
        "value": "88394.12783718109",
        "cumulative": true
    },
    {
        "date": "2020-09-14T10:35:46Z",
        "value": "91094.99659061432",
        "cumulative": true
    },
    {
        "date": "2020-09-14T10:35:57Z",
        "value": "93715.06097507477",
        "cumulative": true
    },
    {
        "date": "2020-09-14T10:36:14Z",
        "value": "97633.13231182098",
        "cumulative": true
    },
    {
        "date": "2020-09-14T10:36:29Z",
        "value": "101037.78619194031",
        "cumulative": true
    },
    {
        "date": "2020-09-14T10:36:41Z",
        "value": "103690.44095230103",
        "cumulative": true
    },
    {
        "date": "2020-09-14T10:36:53Z",
        "value": "106614.54100418091",
        "cumulative": true
    },
    {
        "date": "2020-09-14T10:37:07Z",
        "value": "109941.03449821472",
        "cumulative": true
    },
    {
        "date": "2020-09-14T10:37:17Z",
        "value": "112628.6721496582",
        "cumulative": true
    },
    {
        "date": "2020-09-14T10:37:35Z",
        "value": "116958.12312889099",
        "cumulative": true
    },
    {
        "date": "2020-09-14T10:37:47Z",
        "value": "119608.15428352356",
        "cumulative": true
    },
    {
        "date": "2020-09-14T10:37:59Z",
        "value": "122691.95916366577",
        "cumulative": true
    },
    {
        "date": "2020-09-14T10:38:12Z",
        "value": "125682.57470703125",
        "cumulative": true
    },
    {
        "date": "2020-09-14T10:38:22Z",
        "value": "127927.10344219208",
        "cumulative": true
    },
    {
        "date": "2020-09-14T10:38:37Z",
        "value": "131670.84549236298",
        "cumulative": true
    },
    {
        "date": "2020-09-14T10:38:56Z",
        "value": "135926.29849529266",
        "cumulative": true
    },
    {
        "date": "2020-09-14T10:39:12Z",
        "value": "139894.67941188812",
        "cumulative": true
    },
    {
        "date": "2020-09-14T10:39:25Z",
        "value": "142904.03681087494",
        "cumulative": true
    },
    {
        "date": "2020-09-14T10:39:38Z",
        "value": "146034.06829357147",
        "cumulative": true
    },
    {
        "date": "2020-09-14T10:39:56Z",
        "value": "150604.78993320465",
        "cumulative": true
    },
    {
        "date": "2020-09-14T10:40:07Z",
        "value": "153284.21029758453",
        "cumulative": true
    },
    {
        "date": "2020-09-14T10:40:22Z",
        "value": "157059.3817873001",
        "cumulative": true
    },
    {
        "date": "2020-09-14T10:40:39Z",
        "value": "161076.7257156372",
        "cumulative": true
    },
    {
        "date": "2020-09-14T10:40:57Z",
        "value": "165731.35519599915",
        "cumulative": true
    },
    {
        "date": "2020-09-14T10:41:09Z",
        "value": "168688.98003578186",
        "cumulative": true
    },
    {
        "date": "2020-09-14T10:41:24Z",
        "value": "172481.0801486969",
        "cumulative": true
    },
    {
        "date": "2020-09-14T10:41:37Z",
        "value": "175461.08909225464",
        "cumulative": true
    },
    {
        "date": "2020-09-14T10:41:50Z",
        "value": "178837.7140235901",
        "cumulative": true
    },
    {
        "date": "2020-09-14T10:42:04Z",
        "value": "182225.6729297638",
        "cumulative": true
    },
    {
        "date": "2020-09-14T10:42:21Z",
        "value": "186612.1649494171",
        "cumulative": true
    },
    {
        "date": "2020-09-14T10:42:32Z",
        "value": "189214.44475746155",
        "cumulative": true
    },
    {
        "date": "2020-09-14T10:42:52Z",
        "value": "193883.74803733826",
        "cumulative": true
    },
    {
        "date": "2020-09-14T10:43:06Z",
        "value": "197430.6768398285",
        "cumulative": true
    },
    {
        "date": "2020-09-14T10:43:24Z",
        "value": "201949.06565093994",
        "cumulative": true
    },
    {
        "date": "2020-09-14T10:43:43Z",
        "value": "206661.35782146454",
        "cumulative": true
    },
    {
        "date": "2020-09-14T10:44:01Z",
        "value": "211480.43414020538",
        "cumulative": true
    },
    {
        "date": "2020-09-14T10:44:18Z",
        "value": "215695.5674943924",
        "cumulative": true
    },
    {
        "date": "2020-09-14T10:44:30Z",
        "value": "218754.28796482086",
        "cumulative": true
    },
    {
        "date": "2020-09-14T10:44:47Z",
        "value": "222754.2080926895",
        "cumulative": true
    },
    {
        "date": "2020-09-14T10:45:01Z",
        "value": "226502.56958293915",
        "cumulative": true
    },
    {
        "date": "2020-09-14T10:45:15Z",
        "value": "230128.76348781586",
        "cumulative": true
    },
    {
        "date": "2020-09-14T10:45:29Z",
        "value": "233485.470328331",
        "cumulative": true
    },
    {
        "date": "2020-09-14T10:45:39Z",
        "value": "236209.79519367218",
        "cumulative": true
    },
    {
        "date": "2020-09-14T10:45:50Z",
        "value": "238962.60906887054",
        "cumulative": true
    },
    {
        "date": "2020-09-14T10:46:09Z",
        "value": "243879.958111763",
        "cumulative": true
    },
    {
        "date": "2020-09-14T10:46:22Z",
        "value": "247241.82755756378",
        "cumulative": true
    },
    {
        "date": "2020-09-14T10:46:39Z",
        "value": "251630.76242733002",
        "cumulative": true
    },
    {
        "date": "2020-09-14T10:46:54Z",
        "value": "255367.00864124298",
        "cumulative": true
    },
    {
        "date": "2020-09-14T10:47:07Z",
        "value": "258456.72442245483",
        "cumulative": true
    },
    {
        "date": "2020-09-14T10:47:26Z",
        "value": "263561.8382797241",
        "cumulative": true
    },
    {
        "date": "2020-09-14T10:47:39Z",
        "value": "266591.72208213806",
        "cumulative": true
    },
    {
        "date": "2020-09-14T10:47:51Z",
        "value": "269578.07585144043",
        "cumulative": true
    },
    {
        "date": "2020-09-14T10:48:05Z",
        "value": "273360.8619194031",
        "cumulative": true
    },
    {
        "date": "2020-09-14T10:48:18Z",
        "value": "276740.2404575348",
        "cumulative": true
    },
    {
        "date": "2020-09-14T10:48:29Z",
        "value": "279532.3338394165",
        "cumulative": true
    },
    {
        "date": "2020-09-14T10:48:44Z",
        "value": "283366.0638027191",
        "cumulative": true
    },
    {
        "date": "2020-09-14T10:48:57Z",
        "value": "286817.58368873596",
        "cumulative": true
    },
    {
        "date": "2020-09-14T10:49:10Z",
        "value": "290162.1869430542",
        "cumulative": true
    },
    {
        "date": "2020-09-14T10:49:28Z",
        "value": "294859.94574928284",
        "cumulative": true
    },
    {
        "date": "2020-09-14T10:49:41Z",
        "value": "298513.4437484741",
        "cumulative": true
    },
    {
        "date": "2020-09-14T10:49:59Z",
        "value": "303074.646402359",
        "cumulative": true
    },
    {
        "date": "2020-09-14T10:50:14Z",
        "value": "306931.069026947",
        "cumulative": true
    },
    {
        "date": "2020-09-14T10:50:27Z",
        "value": "310301.5237751007",
        "cumulative": true
    },
    {
        "date": "2020-09-14T10:50:46Z",
        "value": "315022.0188007355",
        "cumulative": true
    },
    {
        "date": "2020-09-14T10:51:02Z",
        "value": "319067.36520576477",
        "cumulative": true
    },
    {
        "date": "2020-09-14T10:51:19Z",
        "value": "323780.8293352127",
        "cumulative": true
    }
]