[
    {
        "date": "2020-09-14T10:29:27Z",
        "value": "0.117538211",
        "cumulative": false
    },
    {
        "date": "2020-09-14T10:29:42Z",
        "value": "1.02796366",
        "cumulative": false
    },
    {
        "date": "2020-09-14T10:30:00Z",
        "value": "1.000660444",
        "cumulative": false
    },
    {
        "date": "2020-09-14T10:30:11Z",
        "value": "1.000477846",
        "cumulative": false
    },
    {
        "date": "2020-09-14T10:30:30Z",
        "value": "1.000413163",
        "cumulative": false
    },
    {
        "date": "2020-09-14T10:30:44Z",
        "value": "0.999820745",
        "cumulative": false
    },
    {
        "date": "2020-09-14T10:31:00Z",
        "value": "1.000008021",
        "cumulative": false
    },
    {
        "date": "2020-09-14T10:31:16Z",
        "value": "1.000533111",
        "cumulative": false
    },
    {
        "date": "2020-09-14T10:31:29Z",
        "value": "1.000012038",
        "cumulative": false
    },
    {
        "date": "2020-09-14T10:31:42Z",
        "value": "1.000636718",
        "cumulative": false
    },
    {
        "date": "2020-09-14T10:31:59Z",
        "value": "0.999667199",
        "cumulative": false
    },
    {
        "date": "2020-09-14T10:32:17Z",
        "value": "1.000454967",
        "cumulative": false
    },
    {
        "date": "2020-09-14T10:32:27Z",
        "value": "1.000023961",
        "cumulative": false
    },
    {
        "date": "2020-09-14T10:32:47Z",
        "value": "0.999719704",
        "cumulative": false
    },
    {
        "date": "2020-09-14T10:33:03Z",
        "value": "1.000473782",
        "cumulative": false
    },
    {
        "date": "2020-09-14T10:33:16Z",
        "value": "1.000042877",
        "cumulative": false
    },
    {
        "date": "2020-09-14T10:33:26Z",
        "value": "1.000105527",
        "cumulative": false
    },
    {
        "date": "2020-09-14T10:33:39Z",
        "value": "1.000141744",
        "cumulative": false
    },
    {
        "date": "2020-09-14T10:33:54Z",
        "value": "1.000448792",
        "cumulative": false
    },
    {
        "date": "2020-09-14T10:34:11Z",
        "value": "1.000060663",
        "cumulative": false
    },
    {
        "date": "2020-09-14T10:34:29Z",
        "value": "0.99995093",
        "cumulative": false
    },
    {
        "date": "2020-09-14T10:34:40Z",
        "value": "0.999730599",
        "cumulative": false
    },
    {
        "date": "2020-09-14T10:34:56Z",
        "value": "1.000518662",
        "cumulative": false
    },
    {
        "date": "2020-09-14T10:35:13Z",
        "value": "1.00013274",
        "cumulative": false
    },
    {
        "date": "2020-09-14T10:35:31Z",
        "value": "1.000187642",
        "cumulative": false
    },
    {
        "date": "2020-09-14T10:35:48Z",
        "value": "1.00001053",
        "cumulative": false
    },
    {
        "date": "2020-09-14T10:36:06Z",
        "value": "0.999913253",
        "cumulative": false
    },
    {
        "date": "2020-09-14T10:36:19Z",
        "value": "0.999828694",
        "cumulative": false
    },
    {
        "date": "2020-09-14T10:36:31Z",
        "value": "1.00077149",
        "cumulative": false
    },
    {
        "date": "2020-09-14T10:36:41Z",
        "value": "1.000191932",
        "cumulative": false
    },
    {
        "date": "2020-09-14T10:37:01Z",
        "value": "1.000148053",
        "cumulative": false
    },
    {
        "date": "2020-09-14T10:37:15Z",
        "value": "1.00008127",
        "cumulative": false
    },
    {
        "date": "2020-09-14T10:37:34Z",
        "value": "1.000129988",
        "cumulative": false
    },
    {
        "date": "2020-09-14T10:37:49Z",
        "value": "0.99997137",
        "cumulative": false
    },
    {
        "date": "2020-09-14T10:38:01Z",
        "value": "1.000068969",
        "cumulative": false
    },
    {
        "date": "2020-09-14T10:38:20Z",
        "value": "1.000438179",
        "cumulative": false
    },
    {
        "date": "2020-09-14T10:38:36Z",
        "value": "1.000018899",
        "cumulative": false
    },
    {
        "date": "2020-09-14T10:38:47Z",
        "value": "1.000106156",
        "cumulative": false
    },
    {
        "date": "2020-09-14T10:39:02Z",
        "value": "1.000152304",
        "cumulative": false
    },
    {
        "date": "2020-09-14T10:39:20Z",
        "value": "1.000165294",
        "cumulative": false
    },
    {
        "date": "2020-09-14T10:39:32Z",
        "value": "0.999941456",
        "cumulative": false
    },
    {
        "date": "2020-09-14T10:39:48Z",
        "value": "0.999946728",
        "cumulative": false
    },
    {
        "date": "2020-09-14T10:40:06Z",
        "value": "0.999960712",
        "cumulative": false
    },
    {
        "date": "2020-09-14T10:40:20Z",
        "value": "0.999962313",
        "cumulative": false
    },
    {
        "date": "2020-09-14T10:40:39Z",
        "value": "1.000674296",
        "cumulative": false
    },
    {
        "date": "2020-09-14T10:40:54Z",
        "value": "1.000098223",
        "cumulative": false
    },
    {
        "date": "2020-09-14T10:41:06Z",
        "value": "1.000328527",
        "cumulative": false
    },
    {
        "date": "2020-09-14T10:41:17Z",
        "value": "1.000188185",
        "cumulative": false
    },
    {
        "date": "2020-09-14T10:41:28Z",
        "value": "1.000171577",
        "cumulative": false
    },
    {
        "date": "2020-09-14T10:41:41Z",
        "value": "0.999885039",
        "cumulative": false
    },
    {
        "date": "2020-09-14T10:41:59Z",
        "value": "1.000124302",
        "cumulative": false
    },
    {
        "date": "2020-09-14T10:42:17Z",
        "value": "1.000118771",
        "cumulative": false
    },
    {
        "date": "2020-09-14T10:42:28Z",
        "value": "1.00018196",
        "cumulative": false
    },
    {
        "date": "2020-09-14T10:42:45Z",
        "value": "1.000228514",
        "cumulative": false
    },
    {
        "date": "2020-09-14T10:43:04Z",
        "value": "1.000228566",
        "cumulative": false
    },
    {
        "date": "2020-09-14T10:43:19Z",
        "value": "1.000197301",
        "cumulative": false
    },
    {
        "date": "2020-09-14T10:43:37Z",
        "value": "1.000829042",
        "cumulative": false
    },
    {
        "date": "2020-09-14T10:43:53Z",
        "value": "1.000188957",
        "cumulative": false
    },
    {
        "date": "2020-09-14T10:44:08Z",
        "value": "1.000287933",
        "cumulative": false
    },
    {
        "date": "2020-09-14T10:44:26Z",
        "value": "1.000056937",
        "cumulative": false
    },
    {
        "date": "2020-09-14T10:44:45Z",
        "value": "1.000268313",
        "cumulative": false
    },
    {
        "date": "2020-09-14T10:44:56Z",
        "value": "1.000084621",
        "cumulative": false
    },
    {
        "date": "2020-09-14T10:45:15Z",
        "value": "1.000210796",
        "cumulative": false
    },
    {
        "date": "2020-09-14T10:45:33Z",
        "value": "1.000225536",
        "cumulative": false
    },
    {
        "date": "2020-09-14T10:45:47Z",
        "value": "1.00009596",
        "cumulative": false
    },
    {
        "date": "2020-09-14T10:45:59Z",
        "value": "0.999914619",
        "cumulative": false
    },
    {
        "date": "2020-09-14T10:46:10Z",
        "value": "0.99985654",
        "cumulative": false
    },
    {
        "date": "2020-09-14T10:46:23Z",
        "value": "0.999895027",
        "cumulative": false
    },
    {
        "date": "2020-09-14T10:46:39Z",
        "value": "1.000021844",
        "cumulative": false
    },
    {
        "date": "2020-09-14T10:46:56Z",
        "value": "1.000136074",
        "cumulative": false
    },
    {
        "date": "2020-09-14T10:47:07Z",
        "value": "1.000661609",
        "cumulative": false
    },
    {
        "date": "2020-09-14T10:47:27Z",
        "value": "1.00014029",
        "cumulative": false
    },
    {
        "date": "2020-09-14T10:47:45Z",
        "value": "1.000216748",
        "cumulative": false
    },
    {
        "date": "2020-09-14T10:48:04Z",
        "value": "1.000280282",
        "cumulative": false
    },
    {
        "date": "2020-09-14T10:48:16Z",
        "value": "1.000184785",
        "cumulative": false
    },
    {
        "date": "2020-09-14T10:48:34Z",
        "value": "1.000183753",
        "cumulative": false
    },
    {
        "date": "2020-09-14T10:48:47Z",
        "value": "1.000189376",
        "cumulative": false
    },
    {
        "date": "2020-09-14T10:49:02Z",
        "value": "1.000104814",
        "cumulative": false
    },
    {
        "date": "2020-09-14T10:49:21Z",
        "value": "0.999988821",
        "cumulative": false
    },
    {
        "date": "2020-09-14T10:49:31Z",
        "value": "0.999858243",
        "cumulative": false
    },
    {
        "date": "2020-09-14T10:49:44Z",
        "value": "1.000211595",
        "cumulative": false
    },
    {
        "date": "2020-09-14T10:50:03Z",
        "value": "1.000185588",
        "cumulative": false
    },
    {
        "date": "2020-09-14T10:50:14Z",
        "value": "1.000223174",
        "cumulative": false
    },
    {
        "date": "2020-09-14T10:50:27Z",
        "value": "1.00009536",
        "cumulative": false
    },
    {
        "date": "2020-09-14T10:50:39Z",
        "value": "1.000045852",
        "cumulative": false
    },
    {
        "date": "2020-09-14T10:50:58Z",
        "value": "1.000140566",
        "cumulative": false
    },
    {
        "date": "2020-09-14T10:51:15Z",
        "value": "0.999960459",
        "cumulative": false
    },
    {
        "date": "2020-09-14T10:51:28Z",
        "value": "0.259461092",
        "cumulative": false
    }
]