[
    {
        "date": "2020-09-14T10:29:25Z",
        "value": "0.0485775",
        "cumulative": false
    },
    {
        "date": "2020-09-14T10:29:42Z",
        "value": "1.027727281",
        "cumulative": false
    },
    {
        "date": "2020-09-14T10:30:00Z",
        "value": "1.002209024",
        "cumulative": false
    },
    {
        "date": "2020-09-14T10:30:12Z",
        "value": "1.000454342",
        "cumulative": false
    },
    {
        "date": "2020-09-14T10:30:27Z",
        "value": "1.000202548",
        "cumulative": false
    },
    {
        "date": "2020-09-14T10:30:44Z",
        "value": "1.000469093",
        "cumulative": false
    },
    {
        "date": "2020-09-14T10:31:00Z",
        "value": "1.000437161",
        "cumulative": false
    },
    {
        "date": "2020-09-14T10:31:11Z",
        "value": "1.000773314",
        "cumulative": false
    },
    {
        "date": "2020-09-14T10:31:22Z",
        "value": "1.000135588",
        "cumulative": false
    },
    {
        "date": "2020-09-14T10:31:39Z",
        "value": "1.000528378",
        "cumulative": false
    },
    {
        "date": "2020-09-14T10:31:52Z",
        "value": "0.99989287",
        "cumulative": false
    },
    {
        "date": "2020-09-14T10:32:02Z",
        "value": "1.000123648",
        "cumulative": false
    },
    {
        "date": "2020-09-14T10:32:20Z",
        "value": "1.000780038",
        "cumulative": false
    },
    {
        "date": "2020-09-14T10:32:31Z",
        "value": "1.000176628",
        "cumulative": false
    },
    {
        "date": "2020-09-14T10:32:51Z",
        "value": "1.000149312",
        "cumulative": false
    },
    {
        "date": "2020-09-14T10:33:10Z",
        "value": "1.000712188",
        "cumulative": false
    },
    {
        "date": "2020-09-14T10:33:29Z",
        "value": "1.000343489",
        "cumulative": false
    },
    {
        "date": "2020-09-14T10:33:42Z",
        "value": "1.000217562",
        "cumulative": false
    },
    {
        "date": "2020-09-14T10:33:59Z",
        "value": "1.000941185",
        "cumulative": false
    },
    {
        "date": "2020-09-14T10:34:14Z",
        "value": "0.999727719",
        "cumulative": false
    },
    {
        "date": "2020-09-14T10:34:29Z",
        "value": "1.000266671",
        "cumulative": false
    },
    {
        "date": "2020-09-14T10:34:49Z",
        "value": "1.00021824",
        "cumulative": false
    },
    {
        "date": "2020-09-14T10:35:02Z",
        "value": "1.000741607",
        "cumulative": false
    },
    {
        "date": "2020-09-14T10:35:15Z",
        "value": "1.000222775",
        "cumulative": false
    },
    {
        "date": "2020-09-14T10:35:33Z",
        "value": "1.000221981",
        "cumulative": false
    },
    {
        "date": "2020-09-14T10:35:46Z",
        "value": "1.000265133",
        "cumulative": false
    },
    {
        "date": "2020-09-14T10:36:00Z",
        "value": "1.000081415",
        "cumulative": false
    },
    {
        "date": "2020-09-14T10:36:13Z",
        "value": "1.00020199",
        "cumulative": false
    },
    {
        "date": "2020-09-14T10:36:31Z",
        "value": "1.000604683",
        "cumulative": false
    },
    {
        "date": "2020-09-14T10:36:51Z",
        "value": "1.000049612",
        "cumulative": false
    },
    {
        "date": "2020-09-14T10:37:10Z",
        "value": "1.00014373",
        "cumulative": false
    },
    {
        "date": "2020-09-14T10:37:22Z",
        "value": "1.000129134",
        "cumulative": false
    },
    {
        "date": "2020-09-14T10:37:39Z",
        "value": "1.000339567",
        "cumulative": false
    },
    {
        "date": "2020-09-14T10:37:51Z",
        "value": "1.000294198",
        "cumulative": false
    },
    {
        "date": "2020-09-14T10:38:11Z",
        "value": "1.000248039",
        "cumulative": false
    },
    {
        "date": "2020-09-14T10:38:24Z",
        "value": "1.000892303",
        "cumulative": false
    },
    {
        "date": "2020-09-14T10:38:43Z",
        "value": "1.000212273",
        "cumulative": false
    },
    {
        "date": "2020-09-14T10:38:56Z",
        "value": "1.000321809",
        "cumulative": false
    },
    {
        "date": "2020-09-14T10:39:12Z",
        "value": "1.000047799",
        "cumulative": false
    },
    {
        "date": "2020-09-14T10:39:31Z",
        "value": "0.999955721",
        "cumulative": false
    },
    {
        "date": "2020-09-14T10:39:42Z",
        "value": "1.000307345",
        "cumulative": false
    },
    {
        "date": "2020-09-14T10:40:01Z",
        "value": "1.000350628",
        "cumulative": false
    },
    {
        "date": "2020-09-14T10:40:16Z",
        "value": "1.000240405",
        "cumulative": false
    },
    {
        "date": "2020-09-14T10:40:34Z",
        "value": "1.000288665",
        "cumulative": false
    },
    {
        "date": "2020-09-14T10:40:53Z",
        "value": "1.000826507",
        "cumulative": false
    },
    {
        "date": "2020-09-14T10:41:06Z",
        "value": "1.000284214",
        "cumulative": false
    },
    {
        "date": "2020-09-14T10:41:17Z",
        "value": "1.000195464",
        "cumulative": false
    },
    {
        "date": "2020-09-14T10:41:33Z",
        "value": "1.000319756",
        "cumulative": false
    },
    {
        "date": "2020-09-14T10:41:46Z",
        "value": "1.000256387",
        "cumulative": false
    },
    {
        "date": "2020-09-14T10:42:03Z",
        "value": "1.000321639",
        "cumulative": false
    },
    {
        "date": "2020-09-14T10:42:22Z",
        "value": "0.99999544",
        "cumulative": false
    },
    {
        "date": "2020-09-14T10:42:40Z",
        "value": "1.000113123",
        "cumulative": false
    },
    {
        "date": "2020-09-14T10:42:59Z",
        "value": "1.000234007",
        "cumulative": false
    },
    {
        "date": "2020-09-14T10:43:12Z",
        "value": "1.000288339",
        "cumulative": false
    },
    {
        "date": "2020-09-14T10:43:29Z",
        "value": "1.001076009",
        "cumulative": false
    },
    {
        "date": "2020-09-14T10:43:41Z",
        "value": "1.000283746",
        "cumulative": false
    },
    {
        "date": "2020-09-14T10:43:58Z",
        "value": "1.000344811",
        "cumulative": false
    },
    {
        "date": "2020-09-14T10:44:15Z",
        "value": "1.000052183",
        "cumulative": false
    },
    {
        "date": "2020-09-14T10:44:35Z",
        "value": "1.000353465",
        "cumulative": false
    },
    {
        "date": "2020-09-14T10:44:48Z",
        "value": "1.000342774",
        "cumulative": false
    },
    {
        "date": "2020-09-14T10:45:08Z",
        "value": "1.000376268",
        "cumulative": false
    },
    {
        "date": "2020-09-14T10:45:24Z",
        "value": "1.000293521",
        "cumulative": false
    },
    {
        "date": "2020-09-14T10:45:36Z",
        "value": "1.00038495",
        "cumulative": false
    },
    {
        "date": "2020-09-14T10:45:54Z",
        "value": "1.000321842",
        "cumulative": false
    },
    {
        "date": "2020-09-14T10:46:12Z",
        "value": "1.00033807",
        "cumulative": false
    },
    {
        "date": "2020-09-14T10:46:30Z",
        "value": "1.000366522",
        "cumulative": false
    },
    {
        "date": "2020-09-14T10:46:42Z",
        "value": "1.000328599",
        "cumulative": false
    },
    {
        "date": "2020-09-14T10:47:01Z",
        "value": "1.000543122",
        "cumulative": false
    },
    {
        "date": "2020-09-14T10:47:13Z",
        "value": "1.000210824",
        "cumulative": false
    },
    {
        "date": "2020-09-14T10:47:32Z",
        "value": "1.000190962",
        "cumulative": false
    },
    {
        "date": "2020-09-14T10:47:44Z",
        "value": "1.000328874",
        "cumulative": false
    },
    {
        "date": "2020-09-14T10:47:57Z",
        "value": "1.000204934",
        "cumulative": false
    },
    {
        "date": "2020-09-14T10:48:14Z",
        "value": "1.000274383",
        "cumulative": false
    },
    {
        "date": "2020-09-14T10:48:33Z",
        "value": "1.00022571",
        "cumulative": false
    },
    {
        "date": "2020-09-14T10:48:49Z",
        "value": "1.000377378",
        "cumulative": false
    },
    {
        "date": "2020-09-14T10:49:00Z",
        "value": "1.000403723",
        "cumulative": false
    },
    {
        "date": "2020-09-14T10:49:19Z",
        "value": "1.000252246",
        "cumulative": false
    },
    {
        "date": "2020-09-14T10:49:39Z",
        "value": "1.000324775",
        "cumulative": false
    },
    {
        "date": "2020-09-14T10:49:56Z",
        "value": "1.000232908",
        "cumulative": false
    },
    {
        "date": "2020-09-14T10:50:15Z",
        "value": "0.999985154",
        "cumulative": false
    },
    {
        "date": "2020-09-14T10:50:28Z",
        "value": "0.999741779",
        "cumulative": false
    },
    {
        "date": "2020-09-14T10:50:44Z",
        "value": "1.000273825",
        "cumulative": false
    },
    {
        "date": "2020-09-14T10:51:02Z",
        "value": "1.000368761",
        "cumulative": false
    },
    {
        "date": "2020-09-14T10:51:19Z",
        "value": "0.98323339",
        "cumulative": false
    }
]