[
    {
        "date": "2020-09-14T10:29:13Z",
        "value": "4.00543212890625e-05",
        "cumulative": true
    },
    {
        "date": "2020-09-14T10:29:33Z",
        "value": "328.61505794525146",
        "cumulative": true
    },
    {
        "date": "2020-09-14T10:29:48Z",
        "value": "4070.599292755127",
        "cumulative": true
    },
    {
        "date": "2020-09-14T10:30:00Z",
        "value": "7447.140121459961",
        "cumulative": true
    },
    {
        "date": "2020-09-14T10:30:16Z",
        "value": "11937.22597694397",
        "cumulative": true
    },
    {
        "date": "2020-09-14T10:30:34Z",
        "value": "16695.398820877075",
        "cumulative": true
    },
    {
        "date": "2020-09-14T10:30:49Z",
        "value": "20850.358538627625",
        "cumulative": true
    },
    {
        "date": "2020-09-14T10:31:00Z",
        "value": "24037.49883365631",
        "cumulative": true
    },
    {
        "date": "2020-09-14T10:31:16Z",
        "value": "27775.728225708008",
        "cumulative": true
    },
    {
        "date": "2020-09-14T10:31:33Z",
        "value": "31615.9553899765",
        "cumulative": true
    },
    {
        "date": "2020-09-14T10:31:44Z",
        "value": "34026.82718753815",
        "cumulative": true
    },
    {
        "date": "2020-09-14T10:32:02Z",
        "value": "38234.46565914154",
        "cumulative": true
    },
    {
        "date": "2020-09-14T10:32:22Z",
        "value": "42865.6698513031",
        "cumulative": true
    },
    {
        "date": "2020-09-14T10:32:37Z",
        "value": "46207.929903030396",
        "cumulative": true
    },
    {
        "date": "2020-09-14T10:32:48Z",
        "value": "49024.339071273804",
        "cumulative": true
    },
    {
        "date": "2020-09-14T10:33:02Z",
        "value": "52574.94553852081",
        "cumulative": true
    },
    {
        "date": "2020-09-14T10:33:21Z",
        "value": "57688.217877388",
        "cumulative": true
    },
    {
        "date": "2020-09-14T10:33:37Z",
        "value": "61253.2905664444",
        "cumulative": true
    },
    {
        "date": "2020-09-14T10:33:48Z",
        "value": "63902.05559158325",
        "cumulative": true
    },
    {
        "date": "2020-09-14T10:34:02Z",
        "value": "67061.1711025238",
        "cumulative": true
    },
    {
        "date": "2020-09-14T10:34:18Z",
        "value": "70824.16673278809",
        "cumulative": true
    },
    {
        "date": "2020-09-14T10:34:30Z",
        "value": "73711.19037818909",
        "cumulative": true
    },
    {
        "date": "2020-09-14T10:34:45Z",
        "value": "77293.10015487671",
        "cumulative": true
    },
    {
        "date": "2020-09-14T10:34:56Z",
        "value": "79708.63695240021",
        "cumulative": true
    },
    {
        "date": "2020-09-14T10:35:15Z",
        "value": "84127.2326631546",
        "cumulative": true
    },
    {
        "date": "2020-09-14T10:35:32Z",
        "value": "88034.26688671112",
        "cumulative": true
    },
    {
        "date": "2020-09-14T10:35:50Z",
        "value": "91968.2692785263",
        "cumulative": true
    },
    {
        "date": "2020-09-14T10:36:10Z",
        "value": "96454.30697727203",
        "cumulative": true
    },
    {
        "date": "2020-09-14T10:36:29Z",
        "value": "100893.56155586243",
        "cumulative": true
    },
    {
        "date": "2020-09-14T10:36:49Z",
        "value": "105473.22671699524",
        "cumulative": true
    },
    {
        "date": "2020-09-14T10:37:00Z",
        "value": "108214.45804023743",
        "cumulative": true
    },
    {
        "date": "2020-09-14T10:37:15Z",
        "value": "111899.29962348938",
        "cumulative": true
    },
    {
        "date": "2020-09-14T10:37:32Z",
        "value": "116080.54418945312",
        "cumulative": true
    },
    {
        "date": "2020-09-14T10:37:45Z",
        "value": "119273.81730079651",
        "cumulative": true
    },
    {
        "date": "2020-09-14T10:37:59Z",
        "value": "122461.069190979",
        "cumulative": true
    },
    {
        "date": "2020-09-14T10:38:18Z",
        "value": "127011.65900039673",
        "cumulative": true
    },
    {
        "date": "2020-09-14T10:38:30Z",
        "value": "129923.67584514618",
        "cumulative": true
    },
    {
        "date": "2020-09-14T10:38:48Z",
        "value": "134290.9558134079",
        "cumulative": true
    },
    {
        "date": "2020-09-14T10:39:02Z",
        "value": "137650.59481334686",
        "cumulative": true
    },
    {
        "date": "2020-09-14T10:39:12Z",
        "value": "140004.06485271454",
        "cumulative": true
    },
    {
        "date": "2020-09-14T10:39:23Z",
        "value": "142693.21503162384",
        "cumulative": true
    },
    {
        "date": "2020-09-14T10:39:38Z",
        "value": "146396.09727573395",
        "cumulative": true
    },
    {
        "date": "2020-09-14T10:39:49Z",
        "value": "148960.69287395477",
        "cumulative": true
    },
    {
        "date": "2020-09-14T10:40:06Z",
        "value": "153080.2028169632",
        "cumulative": true
    },
    {
        "date": "2020-09-14T10:40:20Z",
        "value": "156452.87451648712",
        "cumulative": true
    },
    {
        "date": "2020-09-14T10:40:30Z",
        "value": "159110.64067173004",
        "cumulative": true
    },
    {
        "date": "2020-09-14T10:40:40Z",
        "value": "161630.13492774963",
        "cumulative": true
    },
    {
        "date": "2020-09-14T10:40:57Z",
        "value": "165857.13250732422",
        "cumulative": true
    },
    {
        "date": "2020-09-14T10:41:14Z",
        "value": "170153.3820323944",
        "cumulative": true
    },
    {
        "date": "2020-09-14T10:41:27Z",
        "value": "173479.1726436615",
        "cumulative": true
    },
    {
        "date": "2020-09-14T10:41:41Z",
        "value": "176867.70882034302",
        "cumulative": true
    },
    {
        "date": "2020-09-14T10:41:55Z",
        "value": "180245.94169425964",
        "cumulative": true
    },
    {
        "date": "2020-09-14T10:42:14Z",
        "value": "185206.45923233032",
        "cumulative": true
    },
    {
        "date": "2020-09-14T10:42:29Z",
        "value": "188713.9912261963",
        "cumulative": true
    },
    {
        "date": "2020-09-14T10:42:39Z",
        "value": "191209.225440979",
        "cumulative": true
    },
    {
        "date": "2020-09-14T10:42:57Z",
        "value": "195056.14902496338",
        "cumulative": true
    },
    {
        "date": "2020-09-14T10:43:14Z",
        "value": "199701.61518669128",
        "cumulative": true
    },
    {
        "date": "2020-09-14T10:43:28Z",
        "value": "203082.48088359833",
        "cumulative": true
    },
    {
        "date": "2020-09-14T10:43:42Z",
        "value": "206668.57422733307",
        "cumulative": true
    },
    {
        "date": "2020-09-14T10:43:58Z",
        "value": "210699.06788921356",
        "cumulative": true
    },
    {
        "date": "2020-09-14T10:44:13Z",
        "value": "214703.90441417694",
        "cumulative": true
    },
    {
        "date": "2020-09-14T10:44:31Z",
        "value": "219068.55173015594",
        "cumulative": true
    },
    {
        "date": "2020-09-14T10:44:42Z",
        "value": "221727.7771615982",
        "cumulative": true
    },
    {
        "date": "2020-09-14T10:44:56Z",
        "value": "225462.56478786469",
        "cumulative": true
    },
    {
        "date": "2020-09-14T10:45:11Z",
        "value": "229202.1447877884",
        "cumulative": true
    },
    {
        "date": "2020-09-14T10:45:24Z",
        "value": "232402.91830921173",
        "cumulative": true
    },
    {
        "date": "2020-09-14T10:45:38Z",
        "value": "236146.1332616806",
        "cumulative": true
    },
    {
        "date": "2020-09-14T10:45:53Z",
        "value": "239878.40162181854",
        "cumulative": true
    },
    {
        "date": "2020-09-14T10:46:11Z",
        "value": "244150.03603076935",
        "cumulative": true
    },
    {
        "date": "2020-09-14T10:46:25Z",
        "value": "247765.37821292877",
        "cumulative": true
    },
    {
        "date": "2020-09-14T10:46:39Z",
        "value": "251532.01802158356",
        "cumulative": true
    },
    {
        "date": "2020-09-14T10:46:51Z",
        "value": "254329.66827106476",
        "cumulative": true
    },
    {
        "date": "2020-09-14T10:47:07Z",
        "value": "258394.72554397583",
        "cumulative": true
    },
    {
        "date": "2020-09-14T10:47:19Z",
        "value": "261756.47146987915",
        "cumulative": true
    },
    {
        "date": "2020-09-14T10:47:32Z",
        "value": "264877.17643737793",
        "cumulative": true
    },
    {
        "date": "2020-09-14T10:47:52Z",
        "value": "269728.59068107605",
        "cumulative": true
    },
    {
        "date": "2020-09-14T10:48:03Z",
        "value": "272681.3929615021",
        "cumulative": true
    },
    {
        "date": "2020-09-14T10:48:20Z",
        "value": "277238.36343193054",
        "cumulative": true
    },
    {
        "date": "2020-09-14T10:48:31Z",
        "value": "279944.40680122375",
        "cumulative": true
    },
    {
        "date": "2020-09-14T10:48:44Z",
        "value": "283264.8499546051",
        "cumulative": true
    },
    {
        "date": "2020-09-14T10:49:01Z",
        "value": "287814.17250061035",
        "cumulative": true
    },
    {
        "date": "2020-09-14T10:49:17Z",
        "value": "292069.99546813965",
        "cumulative": true
    },
    {
        "date": "2020-09-14T10:49:29Z",
        "value": "295194.9122581482",
        "cumulative": true
    },
    {
        "date": "2020-09-14T10:49:47Z",
        "value": "300134.10552215576",
        "cumulative": true
    },
    {
        "date": "2020-09-14T10:50:05Z",
        "value": "304312.5076389313",
        "cumulative": true
    },
    {
        "date": "2020-09-14T10:50:23Z",
        "value": "309279.1332988739",
        "cumulative": true
    },
    {
        "date": "2020-09-14T10:50:35Z",
        "value": "312256.8244075775",
        "cumulative": true
    },
    {
        "date": "2020-09-14T10:50:52Z",
        "value": "316306.0721549988",
        "cumulative": true
    },
    {
        "date": "2020-09-14T10:51:04Z",
        "value": "319668.07286834717",
        "cumulative": true
    },
    {
        "date": "2020-09-14T10:51:18Z",
        "value": "323094.95649147034",
        "cumulative": true
    }
]