[
    {
        "date": "2020-09-14T10:28:59Z",
        "value": "4.00543212890625e-05",
        "cumulative": true
    },
    {
        "date": "2020-09-14T10:29:16Z",
        "value": "4.00543212890625e-05",
        "cumulative": true
    },
    {
        "date": "2020-09-14T10:29:42Z",
        "value": "2230.9147939682007",
        "cumulative": true
    },
    {
        "date": "2020-09-14T10:29:57Z",
        "value": "6524.676704406738",
        "cumulative": true
    },
    {
        "date": "2020-09-14T10:30:09Z",
        "value": "9911.46757698059",
        "cumulative": true
    },
    {
        "date": "2020-09-14T10:30:22Z",
        "value": "13427.293009757996",
        "cumulative": true
    },
    {
        "date": "2020-09-14T10:30:39Z",
        "value": "18213.426454544067",
        "cumulative": true
    },
    {
        "date": "2020-09-14T10:30:56Z",
        "value": "22924.694937705994",
        "cumulative": true
    },
    {
        "date": "2020-09-14T10:31:15Z",
        "value": "27377.845806121826",
        "cumulative": true
    },
    {
        "date": "2020-09-14T10:31:31Z",
        "value": "31232.0479927063",
        "cumulative": true
    },
    {
        "date": "2020-09-14T10:31:48Z",
        "value": "35160.60953044891",
        "cumulative": true
    },
    {
        "date": "2020-09-14T10:32:07Z",
        "value": "39392.110825538635",
        "cumulative": true
    },
    {
        "date": "2020-09-14T10:32:23Z",
        "value": "43254.1176738739",
        "cumulative": true
    },
    {
        "date": "2020-09-14T10:32:41Z",
        "value": "47275.4056892395",
        "cumulative": true
    },
    {
        "date": "2020-09-14T10:32:55Z",
        "value": "50603.567732810974",
        "cumulative": true
    },
    {
        "date": "2020-09-14T10:33:12Z",
        "value": "55370.534710884094",
        "cumulative": true
    },
    {
        "date": "2020-09-14T10:33:31Z",
        "value": "59878.62082004547",
        "cumulative": true
    },
    {
        "date": "2020-09-14T10:33:50Z",
        "value": "64300.60387992859",
        "cumulative": true
    },
    {
        "date": "2020-09-14T10:34:07Z",
        "value": "68459.65368652344",
        "cumulative": true
    },
    {
        "date": "2020-09-14T10:34:26Z",
        "value": "72822.50892448425",
        "cumulative": true
    },
    {
        "date": "2020-09-14T10:34:44Z",
        "value": "77011.16571044922",
        "cumulative": true
    },
    {
        "date": "2020-09-14T10:35:01Z",
        "value": "81123.24083995819",
        "cumulative": true
    },
    {
        "date": "2020-09-14T10:35:14Z",
        "value": "83954.1015329361",
        "cumulative": true
    },
    {
        "date": "2020-09-14T10:35:32Z",
        "value": "88120.30594348907",
        "cumulative": true
    },
    {
        "date": "2020-09-14T10:35:44Z",
        "value": "90854.80767345428",
        "cumulative": true
    },
    {
        "date": "2020-09-14T10:36:03Z",
        "value": "94876.12859249115",
        "cumulative": true
    },
    {
        "date": "2020-09-14T10:36:21Z",
        "value": "99063.64945697784",
        "cumulative": true
    },
    {
        "date": "2020-09-14T10:36:37Z",
        "value": "102867.67680168152",
        "cumulative": true
    },
    {
        "date": "2020-09-14T10:36:53Z",
        "value": "106591.77722740173",
        "cumulative": true
    },
    {
        "date": "2020-09-14T10:37:12Z",
        "value": "111152.20091819763",
        "cumulative": true
    },
    {
        "date": "2020-09-14T10:37:30Z",
        "value": "115619.33557891846",
        "cumulative": true
    },
    {
        "date": "2020-09-14T10:37:40Z",
        "value": "118088.69450569153",
        "cumulative": true
    },
    {
        "date": "2020-09-14T10:37:56Z",
        "value": "121992.14978027344",
        "cumulative": true
    },
    {
        "date": "2020-09-14T10:38:11Z",
        "value": "125433.9243888855",
        "cumulative": true
    },
    {
        "date": "2020-09-14T10:38:23Z",
        "value": "128305.17468547821",
        "cumulative": true
    },
    {
        "date": "2020-09-14T10:38:39Z",
        "value": "132156.72989559174",
        "cumulative": true
    },
    {
        "date": "2020-09-14T10:38:57Z",
        "value": "136322.32076358795",
        "cumulative": true
    },
    {
        "date": "2020-09-14T10:39:14Z",
        "value": "140430.8533449173",
        "cumulative": true
    },
    {
        "date": "2020-09-14T10:39:25Z",
        "value": "143007.6506280899",
        "cumulative": true
    },
    {
        "date": "2020-09-14T10:39:41Z",
        "value": "146995.5726594925",
        "cumulative": true
    },
    {
        "date": "2020-09-14T10:39:59Z",
        "value": "151318.09974765778",
        "cumulative": true
    },
    {
        "date": "2020-09-14T10:40:18Z",
        "value": "155980.02683734894",
        "cumulative": true
    },
    {
        "date": "2020-09-14T10:40:29Z",
        "value": "158657.58918476105",
        "cumulative": true
    },
    {
        "date": "2020-09-14T10:40:40Z",
        "value": "161449.7450351715",
        "cumulative": true
    },
    {
        "date": "2020-09-14T10:40:55Z",
        "value": "165313.3075580597",
        "cumulative": true
    },
    {
        "date": "2020-09-14T10:41:05Z",
        "value": "167848.20148849487",
        "cumulative": true
    },
    {
        "date": "2020-09-14T10:41:18Z",
        "value": "170808.2624912262",
        "cumulative": true
    },
    {
        "date": "2020-09-14T10:41:35Z",
        "value": "175043.76018714905",
        "cumulative": true
    },
    {
        "date": "2020-09-14T10:41:45Z",
        "value": "177564.0865459442",
        "cumulative": true
    },
    {
        "date": "2020-09-14T10:42:02Z",
        "value": "181775.11422538757",
        "cumulative": true
    },
    {
        "date": "2020-09-14T10:42:15Z",
        "value": "185150.39903259277",
        "cumulative": true
    },
    {
        "date": "2020-09-14T10:42:32Z",
        "value": "189384.1253528595",
        "cumulative": true
    },
    {
        "date": "2020-09-14T10:42:45Z",
        "value": "192344.32125663757",
        "cumulative": true
    },
    {
        "date": "2020-09-14T10:42:57Z",
        "value": "194881.9893360138",
        "cumulative": true
    },
    {
        "date": "2020-09-14T10:43:08Z",
        "value": "197845.96864318848",
        "cumulative": true
    },
    {
        "date": "2020-09-14T10:43:20Z",
        "value": "200928.45098495483",
        "cumulative": true
    },
    {
        "date": "2020-09-14T10:43:33Z",
        "value": "203998.48526096344",
        "cumulative": true
    },
    {
        "date": "2020-09-14T10:43:48Z",
        "value": "207935.94509983063",
        "cumulative": true
    },
    {
        "date": "2020-09-14T10:44:07Z",
        "value": "212947.1759557724",
        "cumulative": true
    },
    {
        "date": "2020-09-14T10:44:23Z",
        "value": "216824.94305324554",
        "cumulative": true
    },
    {
        "date": "2020-09-14T10:44:41Z",
        "value": "221502.5678510666",
        "cumulative": true
    },
    {
        "date": "2020-09-14T10:45:00Z",
        "value": "226391.39201831818",
        "cumulative": true
    },
    {
        "date": "2020-09-14T10:45:15Z",
        "value": "230061.5418176651",
        "cumulative": true
    },
    {
        "date": "2020-09-14T10:45:30Z",
        "value": "233902.58461093903",
        "cumulative": true
    },
    {
        "date": "2020-09-14T10:45:48Z",
        "value": "238506.8596830368",
        "cumulative": true
    },
    {
        "date": "2020-09-14T10:46:07Z",
        "value": "242936.32299518585",
        "cumulative": true
    },
    {
        "date": "2020-09-14T10:46:26Z",
        "value": "247706.38696575165",
        "cumulative": true
    },
    {
        "date": "2020-09-14T10:46:41Z",
        "value": "251954.17480182648",
        "cumulative": true
    },
    {
        "date": "2020-09-14T10:46:55Z",
        "value": "255237.7639989853",
        "cumulative": true
    },
    {
        "date": "2020-09-14T10:47:13Z",
        "value": "259643.10424995422",
        "cumulative": true
    },
    {
        "date": "2020-09-14T10:47:27Z",
        "value": "263632.30110931396",
        "cumulative": true
    },
    {
        "date": "2020-09-14T10:47:46Z",
        "value": "268346.52992630005",
        "cumulative": true
    },
    {
        "date": "2020-09-14T10:48:04Z",
        "value": "273054.2899169922",
        "cumulative": true
    },
    {
        "date": "2020-09-14T10:48:23Z",
        "value": "277757.8376464844",
        "cumulative": true
    },
    {
        "date": "2020-09-14T10:48:35Z",
        "value": "280927.26634407043",
        "cumulative": true
    },
    {
        "date": "2020-09-14T10:48:54Z",
        "value": "285626.8837528229",
        "cumulative": true
    },
    {
        "date": "2020-09-14T10:49:11Z",
        "value": "289970.4941635132",
        "cumulative": true
    },
    {
        "date": "2020-09-14T10:49:24Z",
        "value": "293507.7353401184",
        "cumulative": true
    },
    {
        "date": "2020-09-14T10:49:40Z",
        "value": "297883.40500450134",
        "cumulative": true
    },
    {
        "date": "2020-09-14T10:49:55Z",
        "value": "301921.81781196594",
        "cumulative": true
    },
    {
        "date": "2020-09-14T10:50:10Z",
        "value": "305485.97774505615",
        "cumulative": true
    },
    {
        "date": "2020-09-14T10:50:23Z",
        "value": "308953.04435157776",
        "cumulative": true
    },
    {
        "date": "2020-09-14T10:50:38Z",
        "value": "312686.6475696564",
        "cumulative": true
    },
    {
        "date": "2020-09-14T10:50:52Z",
        "value": "316243.5193157196",
        "cumulative": true
    },
    {
        "date": "2020-09-14T10:51:11Z",
        "value": "321373.17228889465",
        "cumulative": true
    },
    {
        "date": "2020-09-14T10:51:25Z",
        "value": "323440.11351299286",
        "cumulative": true
    }
]