[
    {
        "date": "2020-09-14T10:28:59Z",
        "value": "0.0009593963623046875",
        "cumulative": true
    },
    {
        "date": "2020-09-14T10:29:16Z",
        "value": "0.0009593963623046875",
        "cumulative": true
    },
    {
        "date": "2020-09-14T10:29:42Z",
        "value": "2231.4929161071777",
        "cumulative": true
    },
    {
        "date": "2020-09-14T10:29:57Z",
        "value": "6528.699866294861",
        "cumulative": true
    },
    {
        "date": "2020-09-14T10:30:09Z",
        "value": "9922.250051498413",
        "cumulative": true
    },
    {
        "date": "2020-09-14T10:30:22Z",
        "value": "13445.338541984558",
        "cumulative": true
    },
    {
        "date": "2020-09-14T10:30:39Z",
        "value": "18229.7980632782",
        "cumulative": true
    },
    {
        "date": "2020-09-14T10:30:56Z",
        "value": "22941.92981815338",
        "cumulative": true
    },
    {
        "date": "2020-09-14T10:31:15Z",
        "value": "27408.38131427765",
        "cumulative": true
    },
    {
        "date": "2020-09-14T10:31:31Z",
        "value": "31263.969666481018",
        "cumulative": true
    },
    {
        "date": "2020-09-14T10:31:48Z",
        "value": "35204.83477783203",
        "cumulative": true
    },
    {
        "date": "2020-09-14T10:32:07Z",
        "value": "39434.71704864502",
        "cumulative": true
    },
    {
        "date": "2020-09-14T10:32:23Z",
        "value": "43294.908867836",
        "cumulative": true
    },
    {
        "date": "2020-09-14T10:32:41Z",
        "value": "47324.393204689026",
        "cumulative": true
    },
    {
        "date": "2020-09-14T10:32:55Z",
        "value": "50671.039834976196",
        "cumulative": true
    },
    {
        "date": "2020-09-14T10:33:12Z",
        "value": "55435.209980010986",
        "cumulative": true
    },
    {
        "date": "2020-09-14T10:33:31Z",
        "value": "59941.303537368774",
        "cumulative": true
    },
    {
        "date": "2020-09-14T10:33:50Z",
        "value": "64367.70723056793",
        "cumulative": true
    },
    {
        "date": "2020-09-14T10:34:07Z",
        "value": "68523.12483692169",
        "cumulative": true
    },
    {
        "date": "2020-09-14T10:34:26Z",
        "value": "72901.15649318695",
        "cumulative": true
    },
    {
        "date": "2020-09-14T10:34:44Z",
        "value": "77119.61972522736",
        "cumulative": true
    },
    {
        "date": "2020-09-14T10:35:01Z",
        "value": "81231.81895828247",
        "cumulative": true
    },
    {
        "date": "2020-09-14T10:35:14Z",
        "value": "84071.11686897278",
        "cumulative": true
    },
    {
        "date": "2020-09-14T10:35:32Z",
        "value": "88238.06893539429",
        "cumulative": true
    },
    {
        "date": "2020-09-14T10:35:44Z",
        "value": "90987.84481048584",
        "cumulative": true
    },
    {
        "date": "2020-09-14T10:36:03Z",
        "value": "94977.30381202698",
        "cumulative": true
    },
    {
        "date": "2020-09-14T10:36:21Z",
        "value": "99181.10161590576",
        "cumulative": true
    },
    {
        "date": "2020-09-14T10:36:37Z",
        "value": "102986.64137363434",
        "cumulative": true
    },
    {
        "date": "2020-09-14T10:36:53Z",
        "value": "106687.12567043304",
        "cumulative": true
    },
    {
        "date": "2020-09-14T10:37:12Z",
        "value": "111234.09180355072",
        "cumulative": true
    },
    {
        "date": "2020-09-14T10:37:30Z",
        "value": "115669.83576869965",
        "cumulative": true
    },
    {
        "date": "2020-09-14T10:37:40Z",
        "value": "118133.4002084732",
        "cumulative": true
    },
    {
        "date": "2020-09-14T10:37:56Z",
        "value": "122020.00639629364",
        "cumulative": true
    },
    {
        "date": "2020-09-14T10:38:11Z",
        "value": "125472.83626270294",
        "cumulative": true
    },
    {
        "date": "2020-09-14T10:38:23Z",
        "value": "128347.3685207367",
        "cumulative": true
    },
    {
        "date": "2020-09-14T10:38:39Z",
        "value": "132198.62511444092",
        "cumulative": true
    },
    {
        "date": "2020-09-14T10:38:57Z",
        "value": "136349.50373840332",
        "cumulative": true
    },
    {
        "date": "2020-09-14T10:39:14Z",
        "value": "140468.42776870728",
        "cumulative": true
    },
    {
        "date": "2020-09-14T10:39:25Z",
        "value": "143043.35589790344",
        "cumulative": true
    },
    {
        "date": "2020-09-14T10:39:41Z",
        "value": "147039.68115997314",
        "cumulative": true
    },
    {
        "date": "2020-09-14T10:39:59Z",
        "value": "151409.36317062378",
        "cumulative": true
    },
    {
        "date": "2020-09-14T10:40:18Z",
        "value": "156110.6173439026",
        "cumulative": true
    },
    {
        "date": "2020-09-14T10:40:29Z",
        "value": "158774.01021575928",
        "cumulative": true
    },
    {
        "date": "2020-09-14T10:40:40Z",
        "value": "161560.16335391998",
        "cumulative": true
    },
    {
        "date": "2020-09-14T10:40:55Z",
        "value": "165401.95675182343",
        "cumulative": true
    },
    {
        "date": "2020-09-14T10:41:05Z",
        "value": "167932.57337093353",
        "cumulative": true
    },
    {
        "date": "2020-09-14T10:41:18Z",
        "value": "170895.88289546967",
        "cumulative": true
    },
    {
        "date": "2020-09-14T10:41:35Z",
        "value": "175127.09345149994",
        "cumulative": true
    },
    {
        "date": "2020-09-14T10:41:45Z",
        "value": "177674.40227031708",
        "cumulative": true
    },
    {
        "date": "2020-09-14T10:42:02Z",
        "value": "181913.00078868866",
        "cumulative": true
    },
    {
        "date": "2020-09-14T10:42:15Z",
        "value": "185296.59024906158",
        "cumulative": true
    },
    {
        "date": "2020-09-14T10:42:32Z",
        "value": "189529.9102525711",
        "cumulative": true
    },
    {
        "date": "2020-09-14T10:42:45Z",
        "value": "192500.44311618805",
        "cumulative": true
    },
    {
        "date": "2020-09-14T10:42:57Z",
        "value": "195037.2604379654",
        "cumulative": true
    },
    {
        "date": "2020-09-14T10:43:08Z",
        "value": "198002.21766376495",
        "cumulative": true
    },
    {
        "date": "2020-09-14T10:43:20Z",
        "value": "201092.95026493073",
        "cumulative": true
    },
    {
        "date": "2020-09-14T10:43:33Z",
        "value": "204160.66011714935",
        "cumulative": true
    },
    {
        "date": "2020-09-14T10:43:48Z",
        "value": "208097.52958011627",
        "cumulative": true
    },
    {
        "date": "2020-09-14T10:44:07Z",
        "value": "213103.5797071457",
        "cumulative": true
    },
    {
        "date": "2020-09-14T10:44:23Z",
        "value": "216982.59599399567",
        "cumulative": true
    },
    {
        "date": "2020-09-14T10:44:41Z",
        "value": "221643.10689640045",
        "cumulative": true
    },
    {
        "date": "2020-09-14T10:45:00Z",
        "value": "226489.60960292816",
        "cumulative": true
    },
    {
        "date": "2020-09-14T10:45:15Z",
        "value": "230219.3487558365",
        "cumulative": true
    },
    {
        "date": "2020-09-14T10:45:30Z",
        "value": "234045.27756595612",
        "cumulative": true
    },
    {
        "date": "2020-09-14T10:45:48Z",
        "value": "238642.4043226242",
        "cumulative": true
    },
    {
        "date": "2020-09-14T10:46:07Z",
        "value": "243130.9224023819",
        "cumulative": true
    },
    {
        "date": "2020-09-14T10:46:26Z",
        "value": "247954.0331068039",
        "cumulative": true
    },
    {
        "date": "2020-09-14T10:46:41Z",
        "value": "252227.60162448883",
        "cumulative": true
    },
    {
        "date": "2020-09-14T10:46:55Z",
        "value": "255518.6968793869",
        "cumulative": true
    },
    {
        "date": "2020-09-14T10:47:13Z",
        "value": "259911.77452278137",
        "cumulative": true
    },
    {
        "date": "2020-09-14T10:47:27Z",
        "value": "263886.0331878662",
        "cumulative": true
    },
    {
        "date": "2020-09-14T10:47:46Z",
        "value": "268612.46176719666",
        "cumulative": true
    },
    {
        "date": "2020-09-14T10:48:04Z",
        "value": "273329.8452358246",
        "cumulative": true
    },
    {
        "date": "2020-09-14T10:48:23Z",
        "value": "278042.0262184143",
        "cumulative": true
    },
    {
        "date": "2020-09-14T10:48:35Z",
        "value": "281177.9210796356",
        "cumulative": true
    },
    {
        "date": "2020-09-14T10:48:54Z",
        "value": "285897.116065979",
        "cumulative": true
    },
    {
        "date": "2020-09-14T10:49:11Z",
        "value": "290320.01320266724",
        "cumulative": true
    },
    {
        "date": "2020-09-14T10:49:24Z",
        "value": "293887.0638179779",
        "cumulative": true
    },
    {
        "date": "2020-09-14T10:49:40Z",
        "value": "298285.83166503906",
        "cumulative": true
    },
    {
        "date": "2020-09-14T10:49:55Z",
        "value": "302335.4062423706",
        "cumulative": true
    },
    {
        "date": "2020-09-14T10:50:10Z",
        "value": "305908.21449661255",
        "cumulative": true
    },
    {
        "date": "2020-09-14T10:50:23Z",
        "value": "309377.103887558",
        "cumulative": true
    },
    {
        "date": "2020-09-14T10:50:38Z",
        "value": "313149.7076969147",
        "cumulative": true
    },
    {
        "date": "2020-09-14T10:50:52Z",
        "value": "316710.21742248535",
        "cumulative": true
    },
    {
        "date": "2020-09-14T10:51:11Z",
        "value": "321851.485912323",
        "cumulative": true
    },
    {
        "date": "2020-09-14T10:51:25Z",
        "value": "323917.0179233551",
        "cumulative": true
    }
]