[
    {
        "date": "2020-09-14T10:29:18Z",
        "value": "4.00543212890625e-05",
        "cumulative": true
    },
    {
        "date": "2020-09-14T10:29:30Z",
        "value": "15.600261688232422",
        "cumulative": true
    },
    {
        "date": "2020-09-14T10:29:45Z",
        "value": "3263.5305547714233",
        "cumulative": true
    },
    {
        "date": "2020-09-14T10:29:57Z",
        "value": "6431.147340774536",
        "cumulative": true
    },
    {
        "date": "2020-09-14T10:30:08Z",
        "value": "9728.051880836487",
        "cumulative": true
    },
    {
        "date": "2020-09-14T10:30:27Z",
        "value": "14884.661234855652",
        "cumulative": true
    },
    {
        "date": "2020-09-14T10:30:46Z",
        "value": "19951.880757331848",
        "cumulative": true
    },
    {
        "date": "2020-09-14T10:30:59Z",
        "value": "23671.44261074066",
        "cumulative": true
    },
    {
        "date": "2020-09-14T10:31:18Z",
        "value": "28134.083980560303",
        "cumulative": true
    },
    {
        "date": "2020-09-14T10:31:33Z",
        "value": "31545.647994041443",
        "cumulative": true
    },
    {
        "date": "2020-09-14T10:31:52Z",
        "value": "35804.902205467224",
        "cumulative": true
    },
    {
        "date": "2020-09-14T10:32:07Z",
        "value": "39430.44143009186",
        "cumulative": true
    },
    {
        "date": "2020-09-14T10:32:26Z",
        "value": "43974.02524185181",
        "cumulative": true
    },
    {
        "date": "2020-09-14T10:32:41Z",
        "value": "47319.42716217041",
        "cumulative": true
    },
    {
        "date": "2020-09-14T10:32:56Z",
        "value": "50936.109711647034",
        "cumulative": true
    },
    {
        "date": "2020-09-14T10:33:08Z",
        "value": "54348.43837451935",
        "cumulative": true
    },
    {
        "date": "2020-09-14T10:33:18Z",
        "value": "57096.027024269104",
        "cumulative": true
    },
    {
        "date": "2020-09-14T10:33:32Z",
        "value": "60254.21300601959",
        "cumulative": true
    },
    {
        "date": "2020-09-14T10:33:44Z",
        "value": "63056.347138404846",
        "cumulative": true
    },
    {
        "date": "2020-09-14T10:34:03Z",
        "value": "67349.1506729126",
        "cumulative": true
    },
    {
        "date": "2020-09-14T10:34:16Z",
        "value": "70589.30881690979",
        "cumulative": true
    },
    {
        "date": "2020-09-14T10:34:30Z",
        "value": "73834.99422264099",
        "cumulative": true
    },
    {
        "date": "2020-09-14T10:34:43Z",
        "value": "77015.10248565674",
        "cumulative": true
    },
    {
        "date": "2020-09-14T10:35:02Z",
        "value": "81354.2207479477",
        "cumulative": true
    },
    {
        "date": "2020-09-14T10:35:21Z",
        "value": "85675.22012805939",
        "cumulative": true
    },
    {
        "date": "2020-09-14T10:35:38Z",
        "value": "89525.56200504303",
        "cumulative": true
    },
    {
        "date": "2020-09-14T10:35:50Z",
        "value": "92251.83616352081",
        "cumulative": true
    },
    {
        "date": "2020-09-14T10:36:02Z",
        "value": "94967.78999996185",
        "cumulative": true
    },
    {
        "date": "2020-09-14T10:36:20Z",
        "value": "98994.83725261688",
        "cumulative": true
    },
    {
        "date": "2020-09-14T10:36:39Z",
        "value": "103510.01656532288",
        "cumulative": true
    },
    {
        "date": "2020-09-14T10:36:51Z",
        "value": "106412.57274055481",
        "cumulative": true
    },
    {
        "date": "2020-09-14T10:37:10Z",
        "value": "110908.95581817627",
        "cumulative": true
    },
    {
        "date": "2020-09-14T10:37:21Z",
        "value": "113544.45024681091",
        "cumulative": true
    },
    {
        "date": "2020-09-14T10:37:36Z",
        "value": "116977.25021362305",
        "cumulative": true
    },
    {
        "date": "2020-09-14T10:37:47Z",
        "value": "119858.29986763",
        "cumulative": true
    },
    {
        "date": "2020-09-14T10:38:07Z",
        "value": "124666.72319030762",
        "cumulative": true
    },
    {
        "date": "2020-09-14T10:38:27Z",
        "value": "129222.84617328644",
        "cumulative": true
    },
    {
        "date": "2020-09-14T10:38:37Z",
        "value": "131670.81675243378",
        "cumulative": true
    },
    {
        "date": "2020-09-14T10:38:48Z",
        "value": "134325.1462430954",
        "cumulative": true
    },
    {
        "date": "2020-09-14T10:38:59Z",
        "value": "137003.18329906464",
        "cumulative": true
    },
    {
        "date": "2020-09-14T10:39:19Z",
        "value": "141640.11508655548",
        "cumulative": true
    },
    {
        "date": "2020-09-14T10:39:30Z",
        "value": "144358.98991680145",
        "cumulative": true
    },
    {
        "date": "2020-09-14T10:39:45Z",
        "value": "147955.84630298615",
        "cumulative": true
    },
    {
        "date": "2020-09-14T10:40:01Z",
        "value": "151728.23311519623",
        "cumulative": true
    },
    {
        "date": "2020-09-14T10:40:17Z",
        "value": "155760.81483364105",
        "cumulative": true
    },
    {
        "date": "2020-09-14T10:40:33Z",
        "value": "159901.22007656097",
        "cumulative": true
    },
    {
        "date": "2020-09-14T10:40:46Z",
        "value": "163115.9954509735",
        "cumulative": true
    },
    {
        "date": "2020-09-14T10:41:02Z",
        "value": "167150.59631729126",
        "cumulative": true
    },
    {
        "date": "2020-09-14T10:41:15Z",
        "value": "170226.7384777069",
        "cumulative": true
    },
    {
        "date": "2020-09-14T10:41:34Z",
        "value": "175066.26880836487",
        "cumulative": true
    },
    {
        "date": "2020-09-14T10:41:49Z",
        "value": "178608.10404968262",
        "cumulative": true
    },
    {
        "date": "2020-09-14T10:42:07Z",
        "value": "183164.5838623047",
        "cumulative": true
    },
    {
        "date": "2020-09-14T10:42:23Z",
        "value": "187102.5164527893",
        "cumulative": true
    },
    {
        "date": "2020-09-14T10:42:41Z",
        "value": "191515.38757133484",
        "cumulative": true
    },
    {
        "date": "2020-09-14T10:42:55Z",
        "value": "194714.82373046875",
        "cumulative": true
    },
    {
        "date": "2020-09-14T10:43:12Z",
        "value": "199122.17930030823",
        "cumulative": true
    },
    {
        "date": "2020-09-14T10:43:32Z",
        "value": "204137.6134672165",
        "cumulative": true
    },
    {
        "date": "2020-09-14T10:43:44Z",
        "value": "207053.4556646347",
        "cumulative": true
    },
    {
        "date": "2020-09-14T10:44:01Z",
        "value": "211373.51913166046",
        "cumulative": true
    },
    {
        "date": "2020-09-14T10:44:18Z",
        "value": "215795.81537342072",
        "cumulative": true
    },
    {
        "date": "2020-09-14T10:44:36Z",
        "value": "220188.64265918732",
        "cumulative": true
    },
    {
        "date": "2020-09-14T10:44:56Z",
        "value": "225438.6401720047",
        "cumulative": true
    },
    {
        "date": "2020-09-14T10:45:06Z",
        "value": "228024.75620555878",
        "cumulative": true
    },
    {
        "date": "2020-09-14T10:45:17Z",
        "value": "230506.20580387115",
        "cumulative": true
    },
    {
        "date": "2020-09-14T10:45:36Z",
        "value": "235544.99051380157",
        "cumulative": true
    },
    {
        "date": "2020-09-14T10:45:53Z",
        "value": "239902.62798976898",
        "cumulative": true
    },
    {
        "date": "2020-09-14T10:46:08Z",
        "value": "243647.34791851044",
        "cumulative": true
    },
    {
        "date": "2020-09-14T10:46:25Z",
        "value": "247937.48535251617",
        "cumulative": true
    },
    {
        "date": "2020-09-14T10:46:41Z",
        "value": "252123.37152957916",
        "cumulative": true
    },
    {
        "date": "2020-09-14T10:46:59Z",
        "value": "256486.2604598999",
        "cumulative": true
    },
    {
        "date": "2020-09-14T10:47:13Z",
        "value": "260059.8036556244",
        "cumulative": true
    },
    {
        "date": "2020-09-14T10:47:32Z",
        "value": "265099.2504501343",
        "cumulative": true
    },
    {
        "date": "2020-09-14T10:47:46Z",
        "value": "268451.10469818115",
        "cumulative": true
    },
    {
        "date": "2020-09-14T10:48:03Z",
        "value": "272637.68114471436",
        "cumulative": true
    },
    {
        "date": "2020-09-14T10:48:17Z",
        "value": "276678.3741054535",
        "cumulative": true
    },
    {
        "date": "2020-09-14T10:48:33Z",
        "value": "280719.08211898804",
        "cumulative": true
    },
    {
        "date": "2020-09-14T10:48:49Z",
        "value": "284588.80442237854",
        "cumulative": true
    },
    {
        "date": "2020-09-14T10:49:03Z",
        "value": "288254.05789375305",
        "cumulative": true
    },
    {
        "date": "2020-09-14T10:49:18Z",
        "value": "292193.4739456177",
        "cumulative": true
    },
    {
        "date": "2020-09-14T10:49:35Z",
        "value": "296923.9500141144",
        "cumulative": true
    },
    {
        "date": "2020-09-14T10:49:54Z",
        "value": "302172.2861251831",
        "cumulative": true
    },
    {
        "date": "2020-09-14T10:50:12Z",
        "value": "306364.00663757324",
        "cumulative": true
    },
    {
        "date": "2020-09-14T10:50:25Z",
        "value": "309730.6195793152",
        "cumulative": true
    },
    {
        "date": "2020-09-14T10:50:40Z",
        "value": "313643.1601829529",
        "cumulative": true
    },
    {
        "date": "2020-09-14T10:50:50Z",
        "value": "316421.00201797485",
        "cumulative": true
    },
    {
        "date": "2020-09-14T10:51:02Z",
        "value": "319179.2839374542",
        "cumulative": true
    },
    {
        "date": "2020-09-14T10:51:19Z",
        "value": "323894.89880275726",
        "cumulative": true
    }
]