[
    {
        "date": "2020-09-14T10:29:19Z",
        "value": "0.0009593963623046875",
        "cumulative": true
    },
    {
        "date": "2020-09-14T10:29:40Z",
        "value": "1661.8313961029053",
        "cumulative": true
    },
    {
        "date": "2020-09-14T10:29:55Z",
        "value": "6021.245767593384",
        "cumulative": true
    },
    {
        "date": "2020-09-14T10:30:08Z",
        "value": "9615.444514274597",
        "cumulative": true
    },
    {
        "date": "2020-09-14T10:30:22Z",
        "value": "13406.090229988098",
        "cumulative": true
    },
    {
        "date": "2020-09-14T10:30:39Z",
        "value": "18138.805466651917",
        "cumulative": true
    },
    {
        "date": "2020-09-14T10:30:59Z",
        "value": "23648.977647781372",
        "cumulative": true
    },
    {
        "date": "2020-09-14T10:31:16Z",
        "value": "27670.2710647583",
        "cumulative": true
    },
    {
        "date": "2020-09-14T10:31:33Z",
        "value": "31708.2569770813",
        "cumulative": true
    },
    {
        "date": "2020-09-14T10:31:50Z",
        "value": "35456.845209121704",
        "cumulative": true
    },
    {
        "date": "2020-09-14T10:32:09Z",
        "value": "39844.17909908295",
        "cumulative": true
    },
    {
        "date": "2020-09-14T10:32:28Z",
        "value": "44390.81237125397",
        "cumulative": true
    },
    {
        "date": "2020-09-14T10:32:42Z",
        "value": "47628.49750614166",
        "cumulative": true
    },
    {
        "date": "2020-09-14T10:32:52Z",
        "value": "50105.98113536835",
        "cumulative": true
    },
    {
        "date": "2020-09-14T10:33:07Z",
        "value": "54211.89234447479",
        "cumulative": true
    },
    {
        "date": "2020-09-14T10:33:19Z",
        "value": "57404.36716747284",
        "cumulative": true
    },
    {
        "date": "2020-09-14T10:33:34Z",
        "value": "60640.74434185028",
        "cumulative": true
    },
    {
        "date": "2020-09-14T10:33:45Z",
        "value": "63267.60079288483",
        "cumulative": true
    },
    {
        "date": "2020-09-14T10:34:04Z",
        "value": "67526.62450122833",
        "cumulative": true
    },
    {
        "date": "2020-09-14T10:34:15Z",
        "value": "70270.75948047638",
        "cumulative": true
    },
    {
        "date": "2020-09-14T10:34:27Z",
        "value": "72990.21218776703",
        "cumulative": true
    },
    {
        "date": "2020-09-14T10:34:40Z",
        "value": "76221.56045246124",
        "cumulative": true
    },
    {
        "date": "2020-09-14T10:34:56Z",
        "value": "79864.58817863464",
        "cumulative": true
    },
    {
        "date": "2020-09-14T10:35:13Z",
        "value": "83706.6462802887",
        "cumulative": true
    },
    {
        "date": "2020-09-14T10:35:25Z",
        "value": "86489.36497306824",
        "cumulative": true
    },
    {
        "date": "2020-09-14T10:35:44Z",
        "value": "90687.66695785522",
        "cumulative": true
    },
    {
        "date": "2020-09-14T10:35:58Z",
        "value": "93866.07201194763",
        "cumulative": true
    },
    {
        "date": "2020-09-14T10:36:10Z",
        "value": "96592.54298400879",
        "cumulative": true
    },
    {
        "date": "2020-09-14T10:36:26Z",
        "value": "100172.41217803955",
        "cumulative": true
    },
    {
        "date": "2020-09-14T10:36:38Z",
        "value": "103020.48356723785",
        "cumulative": true
    },
    {
        "date": "2020-09-14T10:36:51Z",
        "value": "106200.37673282623",
        "cumulative": true
    },
    {
        "date": "2020-09-14T10:37:04Z",
        "value": "109430.27333927155",
        "cumulative": true
    },
    {
        "date": "2020-09-14T10:37:22Z",
        "value": "113701.88929462433",
        "cumulative": true
    },
    {
        "date": "2020-09-14T10:37:39Z",
        "value": "117853.46119213104",
        "cumulative": true
    },
    {
        "date": "2020-09-14T10:37:51Z",
        "value": "120850.26551914215",
        "cumulative": true
    },
    {
        "date": "2020-09-14T10:38:08Z",
        "value": "125049.61277103424",
        "cumulative": true
    },
    {
        "date": "2020-09-14T10:38:23Z",
        "value": "128456.68911933899",
        "cumulative": true
    },
    {
        "date": "2020-09-14T10:38:34Z",
        "value": "131149.25037765503",
        "cumulative": true
    },
    {
        "date": "2020-09-14T10:38:50Z",
        "value": "134922.85953330994",
        "cumulative": true
    },
    {
        "date": "2020-09-14T10:39:07Z",
        "value": "138947.02640533447",
        "cumulative": true
    },
    {
        "date": "2020-09-14T10:39:23Z",
        "value": "142928.9568786621",
        "cumulative": true
    },
    {
        "date": "2020-09-14T10:39:33Z",
        "value": "145472.99726867676",
        "cumulative": true
    },
    {
        "date": "2020-09-14T10:39:44Z",
        "value": "147868.21659851074",
        "cumulative": true
    },
    {
        "date": "2020-09-14T10:40:00Z",
        "value": "151970.84392738342",
        "cumulative": true
    },
    {
        "date": "2020-09-14T10:40:12Z",
        "value": "154796.2108592987",
        "cumulative": true
    },
    {
        "date": "2020-09-14T10:40:23Z",
        "value": "157705.23697662354",
        "cumulative": true
    },
    {
        "date": "2020-09-14T10:40:33Z",
        "value": "160104.14735984802",
        "cumulative": true
    },
    {
        "date": "2020-09-14T10:40:51Z",
        "value": "164466.70734882355",
        "cumulative": true
    },
    {
        "date": "2020-09-14T10:41:05Z",
        "value": "168280.2630777359",
        "cumulative": true
    },
    {
        "date": "2020-09-14T10:41:19Z",
        "value": "171684.70858860016",
        "cumulative": true
    },
    {
        "date": "2020-09-14T10:41:30Z",
        "value": "174288.00872707367",
        "cumulative": true
    },
    {
        "date": "2020-09-14T10:41:44Z",
        "value": "177972.6232843399",
        "cumulative": true
    },
    {
        "date": "2020-09-14T10:41:55Z",
        "value": "180596.87784671783",
        "cumulative": true
    },
    {
        "date": "2020-09-14T10:42:10Z",
        "value": "184413.05565547943",
        "cumulative": true
    },
    {
        "date": "2020-09-14T10:42:26Z",
        "value": "188230.60019397736",
        "cumulative": true
    },
    {
        "date": "2020-09-14T10:42:43Z",
        "value": "192378.87100696564",
        "cumulative": true
    },
    {
        "date": "2020-09-14T10:43:02Z",
        "value": "196767.2802286148",
        "cumulative": true
    },
    {
        "date": "2020-09-14T10:43:18Z",
        "value": "200897.17589855194",
        "cumulative": true
    },
    {
        "date": "2020-09-14T10:43:37Z",
        "value": "205539.34429836273",
        "cumulative": true
    },
    {
        "date": "2020-09-14T10:43:47Z",
        "value": "208191.03329753876",
        "cumulative": true
    },
    {
        "date": "2020-09-14T10:44:04Z",
        "value": "212435.6740026474",
        "cumulative": true
    },
    {
        "date": "2020-09-14T10:44:19Z",
        "value": "216149.13747692108",
        "cumulative": true
    },
    {
        "date": "2020-09-14T10:44:31Z",
        "value": "219328.85310840607",
        "cumulative": true
    },
    {
        "date": "2020-09-14T10:44:47Z",
        "value": "223190.0804758072",
        "cumulative": true
    },
    {
        "date": "2020-09-14T10:45:00Z",
        "value": "226752.30957698822",
        "cumulative": true
    },
    {
        "date": "2020-09-14T10:45:14Z",
        "value": "230060.64817142487",
        "cumulative": true
    },
    {
        "date": "2020-09-14T10:45:29Z",
        "value": "233953.3119058609",
        "cumulative": true
    },
    {
        "date": "2020-09-14T10:45:41Z",
        "value": "236834.19888019562",
        "cumulative": true
    },
    {
        "date": "2020-09-14T10:45:56Z",
        "value": "240596.40099811554",
        "cumulative": true
    },
    {
        "date": "2020-09-14T10:46:06Z",
        "value": "243278.42341518402",
        "cumulative": true
    },
    {
        "date": "2020-09-14T10:46:23Z",
        "value": "247555.89438152313",
        "cumulative": true
    },
    {
        "date": "2020-09-14T10:46:39Z",
        "value": "251845.15885066986",
        "cumulative": true
    },
    {
        "date": "2020-09-14T10:46:55Z",
        "value": "255658.7905817032",
        "cumulative": true
    },
    {
        "date": "2020-09-14T10:47:08Z",
        "value": "259044.82901763916",
        "cumulative": true
    },
    {
        "date": "2020-09-14T10:47:21Z",
        "value": "262523.482963562",
        "cumulative": true
    },
    {
        "date": "2020-09-14T10:47:32Z",
        "value": "265330.8164291382",
        "cumulative": true
    },
    {
        "date": "2020-09-14T10:47:46Z",
        "value": "268643.91837501526",
        "cumulative": true
    },
    {
        "date": "2020-09-14T10:47:56Z",
        "value": "271064.0060348511",
        "cumulative": true
    },
    {
        "date": "2020-09-14T10:48:12Z",
        "value": "275436.58748054504",
        "cumulative": true
    },
    {
        "date": "2020-09-14T10:48:27Z",
        "value": "279406.25537872314",
        "cumulative": true
    },
    {
        "date": "2020-09-14T10:48:47Z",
        "value": "284141.2028064728",
        "cumulative": true
    },
    {
        "date": "2020-09-14T10:49:05Z",
        "value": "288829.60464668274",
        "cumulative": true
    },
    {
        "date": "2020-09-14T10:49:23Z",
        "value": "293516.75661087036",
        "cumulative": true
    },
    {
        "date": "2020-09-14T10:49:40Z",
        "value": "298205.1508464813",
        "cumulative": true
    },
    {
        "date": "2020-09-14T10:49:51Z",
        "value": "300931.217256546",
        "cumulative": true
    },
    {
        "date": "2020-09-14T10:50:06Z",
        "value": "304902.78940963745",
        "cumulative": true
    },
    {
        "date": "2020-09-14T10:50:21Z",
        "value": "308844.9387817383",
        "cumulative": true
    },
    {
        "date": "2020-09-14T10:50:36Z",
        "value": "312655.6156864166",
        "cumulative": true
    },
    {
        "date": "2020-09-14T10:50:49Z",
        "value": "315704.442281723",
        "cumulative": true
    },
    {
        "date": "2020-09-14T10:51:00Z",
        "value": "318858.1584453583",
        "cumulative": true
    },
    {
        "date": "2020-09-14T10:51:19Z",
        "value": "323813.91282367706",
        "cumulative": true
    }
]