[
    {
        "date": "2020-09-14T10:29:19Z",
        "value": "4.00543212890625e-05",
        "cumulative": true
    },
    {
        "date": "2020-09-14T10:29:40Z",
        "value": "1661.3222951889038",
        "cumulative": true
    },
    {
        "date": "2020-09-14T10:29:55Z",
        "value": "6024.785439491272",
        "cumulative": true
    },
    {
        "date": "2020-09-14T10:30:08Z",
        "value": "9626.302583694458",
        "cumulative": true
    },
    {
        "date": "2020-09-14T10:30:22Z",
        "value": "13421.258708000183",
        "cumulative": true
    },
    {
        "date": "2020-09-14T10:30:39Z",
        "value": "18152.011459350586",
        "cumulative": true
    },
    {
        "date": "2020-09-14T10:30:59Z",
        "value": "23674.578434944153",
        "cumulative": true
    },
    {
        "date": "2020-09-14T10:31:16Z",
        "value": "27701.759410858154",
        "cumulative": true
    },
    {
        "date": "2020-09-14T10:31:33Z",
        "value": "31738.53562259674",
        "cumulative": true
    },
    {
        "date": "2020-09-14T10:31:50Z",
        "value": "35483.08905506134",
        "cumulative": true
    },
    {
        "date": "2020-09-14T10:32:09Z",
        "value": "39872.413970947266",
        "cumulative": true
    },
    {
        "date": "2020-09-14T10:32:28Z",
        "value": "44418.31223487854",
        "cumulative": true
    },
    {
        "date": "2020-09-14T10:32:42Z",
        "value": "47665.01847076416",
        "cumulative": true
    },
    {
        "date": "2020-09-14T10:32:52Z",
        "value": "50155.70448589325",
        "cumulative": true
    },
    {
        "date": "2020-09-14T10:33:07Z",
        "value": "54292.5559129715",
        "cumulative": true
    },
    {
        "date": "2020-09-14T10:33:19Z",
        "value": "57493.04454898834",
        "cumulative": true
    },
    {
        "date": "2020-09-14T10:33:34Z",
        "value": "60723.74223232269",
        "cumulative": true
    },
    {
        "date": "2020-09-14T10:33:45Z",
        "value": "63374.9212770462",
        "cumulative": true
    },
    {
        "date": "2020-09-14T10:34:04Z",
        "value": "67622.52628993988",
        "cumulative": true
    },
    {
        "date": "2020-09-14T10:34:15Z",
        "value": "70390.25135326385",
        "cumulative": true
    },
    {
        "date": "2020-09-14T10:34:27Z",
        "value": "73140.32200908661",
        "cumulative": true
    },
    {
        "date": "2020-09-14T10:34:40Z",
        "value": "76398.23025417328",
        "cumulative": true
    },
    {
        "date": "2020-09-14T10:34:56Z",
        "value": "80034.62106132507",
        "cumulative": true
    },
    {
        "date": "2020-09-14T10:35:13Z",
        "value": "83861.84216308594",
        "cumulative": true
    },
    {
        "date": "2020-09-14T10:35:25Z",
        "value": "86648.55045509338",
        "cumulative": true
    },
    {
        "date": "2020-09-14T10:35:44Z",
        "value": "90845.03037261963",
        "cumulative": true
    },
    {
        "date": "2020-09-14T10:35:58Z",
        "value": "94018.62208747864",
        "cumulative": true
    },
    {
        "date": "2020-09-14T10:36:10Z",
        "value": "96734.72727584839",
        "cumulative": true
    },
    {
        "date": "2020-09-14T10:36:26Z",
        "value": "100320.25834846497",
        "cumulative": true
    },
    {
        "date": "2020-09-14T10:36:38Z",
        "value": "103172.59459209442",
        "cumulative": true
    },
    {
        "date": "2020-09-14T10:36:51Z",
        "value": "106337.3075056076",
        "cumulative": true
    },
    {
        "date": "2020-09-14T10:37:04Z",
        "value": "109552.96917247772",
        "cumulative": true
    },
    {
        "date": "2020-09-14T10:37:22Z",
        "value": "113820.25616931915",
        "cumulative": true
    },
    {
        "date": "2020-09-14T10:37:39Z",
        "value": "117962.6457490921",
        "cumulative": true
    },
    {
        "date": "2020-09-14T10:37:51Z",
        "value": "120951.72807216644",
        "cumulative": true
    },
    {
        "date": "2020-09-14T10:38:08Z",
        "value": "125139.54582118988",
        "cumulative": true
    },
    {
        "date": "2020-09-14T10:38:23Z",
        "value": "128542.76036071777",
        "cumulative": true
    },
    {
        "date": "2020-09-14T10:38:34Z",
        "value": "131229.81934165955",
        "cumulative": true
    },
    {
        "date": "2020-09-14T10:38:50Z",
        "value": "134997.32147979736",
        "cumulative": true
    },
    {
        "date": "2020-09-14T10:39:07Z",
        "value": "139006.20870399475",
        "cumulative": true
    },
    {
        "date": "2020-09-14T10:39:23Z",
        "value": "142988.43494415283",
        "cumulative": true
    },
    {
        "date": "2020-09-14T10:39:33Z",
        "value": "145524.69435691833",
        "cumulative": true
    },
    {
        "date": "2020-09-14T10:39:44Z",
        "value": "147938.32588005066",
        "cumulative": true
    },
    {
        "date": "2020-09-14T10:40:00Z",
        "value": "152025.54878425598",
        "cumulative": true
    },
    {
        "date": "2020-09-14T10:40:12Z",
        "value": "154856.01880455017",
        "cumulative": true
    },
    {
        "date": "2020-09-14T10:40:23Z",
        "value": "157773.55874061584",
        "cumulative": true
    },
    {
        "date": "2020-09-14T10:40:33Z",
        "value": "160168.6332244873",
        "cumulative": true
    },
    {
        "date": "2020-09-14T10:40:51Z",
        "value": "164513.55622005463",
        "cumulative": true
    },
    {
        "date": "2020-09-14T10:41:05Z",
        "value": "168331.82421207428",
        "cumulative": true
    },
    {
        "date": "2020-09-14T10:41:19Z",
        "value": "171723.876578331",
        "cumulative": true
    },
    {
        "date": "2020-09-14T10:41:30Z",
        "value": "174326.75962162018",
        "cumulative": true
    },
    {
        "date": "2020-09-14T10:41:44Z",
        "value": "178004.79458332062",
        "cumulative": true
    },
    {
        "date": "2020-09-14T10:41:55Z",
        "value": "180624.26269435883",
        "cumulative": true
    },
    {
        "date": "2020-09-14T10:42:10Z",
        "value": "184435.9744386673",
        "cumulative": true
    },
    {
        "date": "2020-09-14T10:42:26Z",
        "value": "188245.78396701813",
        "cumulative": true
    },
    {
        "date": "2020-09-14T10:42:43Z",
        "value": "192379.14885234833",
        "cumulative": true
    },
    {
        "date": "2020-09-14T10:43:02Z",
        "value": "196795.64528369904",
        "cumulative": true
    },
    {
        "date": "2020-09-14T10:43:18Z",
        "value": "200962.44838428497",
        "cumulative": true
    },
    {
        "date": "2020-09-14T10:43:37Z",
        "value": "205638.06243896484",
        "cumulative": true
    },
    {
        "date": "2020-09-14T10:43:47Z",
        "value": "208316.6686706543",
        "cumulative": true
    },
    {
        "date": "2020-09-14T10:44:04Z",
        "value": "212594.27609443665",
        "cumulative": true
    },
    {
        "date": "2020-09-14T10:44:19Z",
        "value": "216339.51754379272",
        "cumulative": true
    },
    {
        "date": "2020-09-14T10:44:31Z",
        "value": "219547.09364128113",
        "cumulative": true
    },
    {
        "date": "2020-09-14T10:44:47Z",
        "value": "223451.98167037964",
        "cumulative": true
    },
    {
        "date": "2020-09-14T10:45:00Z",
        "value": "227037.95214271545",
        "cumulative": true
    },
    {
        "date": "2020-09-14T10:45:14Z",
        "value": "230374.8071231842",
        "cumulative": true
    },
    {
        "date": "2020-09-14T10:45:29Z",
        "value": "234307.3335762024",
        "cumulative": true
    },
    {
        "date": "2020-09-14T10:45:41Z",
        "value": "237208.04320144653",
        "cumulative": true
    },
    {
        "date": "2020-09-14T10:45:56Z",
        "value": "240953.2601261139",
        "cumulative": true
    },
    {
        "date": "2020-09-14T10:46:06Z",
        "value": "243626.5389728546",
        "cumulative": true
    },
    {
        "date": "2020-09-14T10:46:23Z",
        "value": "247918.1608734131",
        "cumulative": true
    },
    {
        "date": "2020-09-14T10:46:39Z",
        "value": "252191.70813941956",
        "cumulative": true
    },
    {
        "date": "2020-09-14T10:46:55Z",
        "value": "256001.67393112183",
        "cumulative": true
    },
    {
        "date": "2020-09-14T10:47:08Z",
        "value": "259384.15155506134",
        "cumulative": true
    },
    {
        "date": "2020-09-14T10:47:21Z",
        "value": "262913.7253961563",
        "cumulative": true
    },
    {
        "date": "2020-09-14T10:47:32Z",
        "value": "265735.38650226593",
        "cumulative": true
    },
    {
        "date": "2020-09-14T10:47:46Z",
        "value": "269116.37570667267",
        "cumulative": true
    },
    {
        "date": "2020-09-14T10:47:56Z",
        "value": "271507.57409000397",
        "cumulative": true
    },
    {
        "date": "2020-09-14T10:48:12Z",
        "value": "275921.6782541275",
        "cumulative": true
    },
    {
        "date": "2020-09-14T10:48:27Z",
        "value": "279926.3903493881",
        "cumulative": true
    },
    {
        "date": "2020-09-14T10:48:47Z",
        "value": "284714.6860742569",
        "cumulative": true
    },
    {
        "date": "2020-09-14T10:49:05Z",
        "value": "289435.2783956528",
        "cumulative": true
    },
    {
        "date": "2020-09-14T10:49:23Z",
        "value": "294152.3810663223",
        "cumulative": true
    },
    {
        "date": "2020-09-14T10:49:40Z",
        "value": "298877.5136079788",
        "cumulative": true
    },
    {
        "date": "2020-09-14T10:49:51Z",
        "value": "301622.1894388199",
        "cumulative": true
    },
    {
        "date": "2020-09-14T10:50:06Z",
        "value": "305630.29014492035",
        "cumulative": true
    },
    {
        "date": "2020-09-14T10:50:21Z",
        "value": "309560.64255428314",
        "cumulative": true
    },
    {
        "date": "2020-09-14T10:50:36Z",
        "value": "313405.2746629715",
        "cumulative": true
    },
    {
        "date": "2020-09-14T10:50:49Z",
        "value": "316444.7599744797",
        "cumulative": true
    },
    {
        "date": "2020-09-14T10:51:00Z",
        "value": "319581.69365787506",
        "cumulative": true
    },
    {
        "date": "2020-09-14T10:51:19Z",
        "value": "324559.55582523346",
        "cumulative": true
    }
]