[
    {
        "date": "2020-09-14T10:29:17Z",
        "value": "0.011174134",
        "cumulative": false
    },
    {
        "date": "2020-09-14T10:29:33Z",
        "value": "0.558299954",
        "cumulative": false
    },
    {
        "date": "2020-09-14T10:29:47Z",
        "value": "1.026420786",
        "cumulative": false
    },
    {
        "date": "2020-09-14T10:29:58Z",
        "value": "1.000971411",
        "cumulative": false
    },
    {
        "date": "2020-09-14T10:30:11Z",
        "value": "1.000643019",
        "cumulative": false
    },
    {
        "date": "2020-09-14T10:30:28Z",
        "value": "0.999661083",
        "cumulative": false
    },
    {
        "date": "2020-09-14T10:30:43Z",
        "value": "1.000833187",
        "cumulative": false
    },
    {
        "date": "2020-09-14T10:30:53Z",
        "value": "1.000954726",
        "cumulative": false
    },
    {
        "date": "2020-09-14T10:31:03Z",
        "value": "0.999912876",
        "cumulative": false
    },
    {
        "date": "2020-09-14T10:31:21Z",
        "value": "1.000294129",
        "cumulative": false
    },
    {
        "date": "2020-09-14T10:31:39Z",
        "value": "1.000064047",
        "cumulative": false
    },
    {
        "date": "2020-09-14T10:31:52Z",
        "value": "1.000047816",
        "cumulative": false
    },
    {
        "date": "2020-09-14T10:32:09Z",
        "value": "1.000655459",
        "cumulative": false
    },
    {
        "date": "2020-09-14T10:32:21Z",
        "value": "1.000062194",
        "cumulative": false
    },
    {
        "date": "2020-09-14T10:32:36Z",
        "value": "0.999962049",
        "cumulative": false
    },
    {
        "date": "2020-09-14T10:32:54Z",
        "value": "1.000363833",
        "cumulative": false
    },
    {
        "date": "2020-09-14T10:33:08Z",
        "value": "1.000015349",
        "cumulative": false
    },
    {
        "date": "2020-09-14T10:33:23Z",
        "value": "1.000198738",
        "cumulative": false
    },
    {
        "date": "2020-09-14T10:33:42Z",
        "value": "1.00013548",
        "cumulative": false
    },
    {
        "date": "2020-09-14T10:33:59Z",
        "value": "1.000804449",
        "cumulative": false
    },
    {
        "date": "2020-09-14T10:34:10Z",
        "value": "1.000161027",
        "cumulative": false
    },
    {
        "date": "2020-09-14T10:34:26Z",
        "value": "1.00022583",
        "cumulative": false
    },
    {
        "date": "2020-09-14T10:34:43Z",
        "value": "1.00017232",
        "cumulative": false
    },
    {
        "date": "2020-09-14T10:34:58Z",
        "value": "1.000647315",
        "cumulative": false
    },
    {
        "date": "2020-09-14T10:35:13Z",
        "value": "1.000075127",
        "cumulative": false
    },
    {
        "date": "2020-09-14T10:35:23Z",
        "value": "1.000150208",
        "cumulative": false
    },
    {
        "date": "2020-09-14T10:35:43Z",
        "value": "1.000175322",
        "cumulative": false
    },
    {
        "date": "2020-09-14T10:36:02Z",
        "value": "1.000083014",
        "cumulative": false
    },
    {
        "date": "2020-09-14T10:36:14Z",
        "value": "1.000102457",
        "cumulative": false
    },
    {
        "date": "2020-09-14T10:36:26Z",
        "value": "1.000198319",
        "cumulative": false
    },
    {
        "date": "2020-09-14T10:36:39Z",
        "value": "1.000958056",
        "cumulative": false
    },
    {
        "date": "2020-09-14T10:36:49Z",
        "value": "1.000050805",
        "cumulative": false
    },
    {
        "date": "2020-09-14T10:37:00Z",
        "value": "1.000224915",
        "cumulative": false
    },
    {
        "date": "2020-09-14T10:37:11Z",
        "value": "1.000332496",
        "cumulative": false
    },
    {
        "date": "2020-09-14T10:37:24Z",
        "value": "1.000206498",
        "cumulative": false
    },
    {
        "date": "2020-09-14T10:37:44Z",
        "value": "1.000147155",
        "cumulative": false
    },
    {
        "date": "2020-09-14T10:38:00Z",
        "value": "0.99996023",
        "cumulative": false
    },
    {
        "date": "2020-09-14T10:38:15Z",
        "value": "1.000157045",
        "cumulative": false
    },
    {
        "date": "2020-09-14T10:38:34Z",
        "value": "1.000747458",
        "cumulative": false
    },
    {
        "date": "2020-09-14T10:38:49Z",
        "value": "1.000222686",
        "cumulative": false
    },
    {
        "date": "2020-09-14T10:39:07Z",
        "value": "1.000196002",
        "cumulative": false
    },
    {
        "date": "2020-09-14T10:39:23Z",
        "value": "1.000153234",
        "cumulative": false
    },
    {
        "date": "2020-09-14T10:39:39Z",
        "value": "1.000186221",
        "cumulative": false
    },
    {
        "date": "2020-09-14T10:39:53Z",
        "value": "1.000202245",
        "cumulative": false
    },
    {
        "date": "2020-09-14T10:40:12Z",
        "value": "1.000179025",
        "cumulative": false
    },
    {
        "date": "2020-09-14T10:40:24Z",
        "value": "1.000281452",
        "cumulative": false
    },
    {
        "date": "2020-09-14T10:40:39Z",
        "value": "1.000382639",
        "cumulative": false
    },
    {
        "date": "2020-09-14T10:40:50Z",
        "value": "1.000052439",
        "cumulative": false
    },
    {
        "date": "2020-09-14T10:41:05Z",
        "value": "1.000249539",
        "cumulative": false
    },
    {
        "date": "2020-09-14T10:41:25Z",
        "value": "1.000142258",
        "cumulative": false
    },
    {
        "date": "2020-09-14T10:41:35Z",
        "value": "1.000194646",
        "cumulative": false
    },
    {
        "date": "2020-09-14T10:41:51Z",
        "value": "1.000303474",
        "cumulative": false
    },
    {
        "date": "2020-09-14T10:42:08Z",
        "value": "1.000173844",
        "cumulative": false
    },
    {
        "date": "2020-09-14T10:42:20Z",
        "value": "1.000338342",
        "cumulative": false
    },
    {
        "date": "2020-09-14T10:42:34Z",
        "value": "1.000109934",
        "cumulative": false
    },
    {
        "date": "2020-09-14T10:42:54Z",
        "value": "1.000258759",
        "cumulative": false
    },
    {
        "date": "2020-09-14T10:43:12Z",
        "value": "1.000136661",
        "cumulative": false
    },
    {
        "date": "2020-09-14T10:43:22Z",
        "value": "1.000150993",
        "cumulative": false
    },
    {
        "date": "2020-09-14T10:43:35Z",
        "value": "1.000967114",
        "cumulative": false
    },
    {
        "date": "2020-09-14T10:43:51Z",
        "value": "1.000255736",
        "cumulative": false
    },
    {
        "date": "2020-09-14T10:44:07Z",
        "value": "1.000238582",
        "cumulative": false
    },
    {
        "date": "2020-09-14T10:44:23Z",
        "value": "1.000262401",
        "cumulative": false
    },
    {
        "date": "2020-09-14T10:44:34Z",
        "value": "1.00029507",
        "cumulative": false
    },
    {
        "date": "2020-09-14T10:44:48Z",
        "value": "1.000200298",
        "cumulative": false
    },
    {
        "date": "2020-09-14T10:45:07Z",
        "value": "1.000319225",
        "cumulative": false
    },
    {
        "date": "2020-09-14T10:45:20Z",
        "value": "1.000141103",
        "cumulative": false
    },
    {
        "date": "2020-09-14T10:45:39Z",
        "value": "1.000146728",
        "cumulative": false
    },
    {
        "date": "2020-09-14T10:45:53Z",
        "value": "1.000196783",
        "cumulative": false
    },
    {
        "date": "2020-09-14T10:46:08Z",
        "value": "1.000226006",
        "cumulative": false
    },
    {
        "date": "2020-09-14T10:46:21Z",
        "value": "1.000253903",
        "cumulative": false
    },
    {
        "date": "2020-09-14T10:46:38Z",
        "value": "1.000297941",
        "cumulative": false
    },
    {
        "date": "2020-09-14T10:46:49Z",
        "value": "1.000257285",
        "cumulative": false
    },
    {
        "date": "2020-09-14T10:47:02Z",
        "value": "1.000869978",
        "cumulative": false
    },
    {
        "date": "2020-09-14T10:47:22Z",
        "value": "1.000293978",
        "cumulative": false
    },
    {
        "date": "2020-09-14T10:47:39Z",
        "value": "1.000276305",
        "cumulative": false
    },
    {
        "date": "2020-09-14T10:47:51Z",
        "value": "1.000269862",
        "cumulative": false
    },
    {
        "date": "2020-09-14T10:48:10Z",
        "value": "1.000333202",
        "cumulative": false
    },
    {
        "date": "2020-09-14T10:48:26Z",
        "value": "1.000281773",
        "cumulative": false
    },
    {
        "date": "2020-09-14T10:48:44Z",
        "value": "1.000303972",
        "cumulative": false
    },
    {
        "date": "2020-09-14T10:49:00Z",
        "value": "1.000222757",
        "cumulative": false
    },
    {
        "date": "2020-09-14T10:49:11Z",
        "value": "1.000403574",
        "cumulative": false
    },
    {
        "date": "2020-09-14T10:49:31Z",
        "value": "1.000316229",
        "cumulative": false
    },
    {
        "date": "2020-09-14T10:49:46Z",
        "value": "1.000299206",
        "cumulative": false
    },
    {
        "date": "2020-09-14T10:50:05Z",
        "value": "1.000252204",
        "cumulative": false
    },
    {
        "date": "2020-09-14T10:50:22Z",
        "value": "1.000345471",
        "cumulative": false
    },
    {
        "date": "2020-09-14T10:50:40Z",
        "value": "1.000215953",
        "cumulative": false
    },
    {
        "date": "2020-09-14T10:50:56Z",
        "value": "1.000363297",
        "cumulative": false
    },
    {
        "date": "2020-09-14T10:51:07Z",
        "value": "1.000232522",
        "cumulative": false
    },
    {
        "date": "2020-09-14T10:51:24Z",
        "value": "0.702175014",
        "cumulative": false
    }
]