[
    {
        "date": "2020-09-14T10:29:13Z",
        "value": "0.0009593963623046875",
        "cumulative": true
    },
    {
        "date": "2020-09-14T10:29:33Z",
        "value": "328.6314306259155",
        "cumulative": true
    },
    {
        "date": "2020-09-14T10:29:48Z",
        "value": "4068.838315963745",
        "cumulative": true
    },
    {
        "date": "2020-09-14T10:30:00Z",
        "value": "7447.104060173035",
        "cumulative": true
    },
    {
        "date": "2020-09-14T10:30:16Z",
        "value": "11936.017554283142",
        "cumulative": true
    },
    {
        "date": "2020-09-14T10:30:34Z",
        "value": "16701.036458969116",
        "cumulative": true
    },
    {
        "date": "2020-09-14T10:30:49Z",
        "value": "20861.82811355591",
        "cumulative": true
    },
    {
        "date": "2020-09-14T10:31:00Z",
        "value": "24053.83240890503",
        "cumulative": true
    },
    {
        "date": "2020-09-14T10:31:16Z",
        "value": "27806.301877975464",
        "cumulative": true
    },
    {
        "date": "2020-09-14T10:31:33Z",
        "value": "31648.553780555725",
        "cumulative": true
    },
    {
        "date": "2020-09-14T10:31:44Z",
        "value": "34061.85356616974",
        "cumulative": true
    },
    {
        "date": "2020-09-14T10:32:02Z",
        "value": "38279.80360507965",
        "cumulative": true
    },
    {
        "date": "2020-09-14T10:32:22Z",
        "value": "42916.57772445679",
        "cumulative": true
    },
    {
        "date": "2020-09-14T10:32:37Z",
        "value": "46257.09657096863",
        "cumulative": true
    },
    {
        "date": "2020-09-14T10:32:48Z",
        "value": "49071.42628097534",
        "cumulative": true
    },
    {
        "date": "2020-09-14T10:33:02Z",
        "value": "52636.10148715973",
        "cumulative": true
    },
    {
        "date": "2020-09-14T10:33:21Z",
        "value": "57750.43495845795",
        "cumulative": true
    },
    {
        "date": "2020-09-14T10:33:37Z",
        "value": "61331.19697666168",
        "cumulative": true
    },
    {
        "date": "2020-09-14T10:33:48Z",
        "value": "63982.78866291046",
        "cumulative": true
    },
    {
        "date": "2020-09-14T10:34:02Z",
        "value": "67145.36188411713",
        "cumulative": true
    },
    {
        "date": "2020-09-14T10:34:18Z",
        "value": "70912.0820608139",
        "cumulative": true
    },
    {
        "date": "2020-09-14T10:34:30Z",
        "value": "73805.62374210358",
        "cumulative": true
    },
    {
        "date": "2020-09-14T10:34:45Z",
        "value": "77395.91360378265",
        "cumulative": true
    },
    {
        "date": "2020-09-14T10:34:56Z",
        "value": "79804.65208816528",
        "cumulative": true
    },
    {
        "date": "2020-09-14T10:35:15Z",
        "value": "84216.97739601135",
        "cumulative": true
    },
    {
        "date": "2020-09-14T10:35:32Z",
        "value": "88144.38251876831",
        "cumulative": true
    },
    {
        "date": "2020-09-14T10:35:50Z",
        "value": "92110.4755897522",
        "cumulative": true
    },
    {
        "date": "2020-09-14T10:36:10Z",
        "value": "96629.89307785034",
        "cumulative": true
    },
    {
        "date": "2020-09-14T10:36:29Z",
        "value": "101035.66157627106",
        "cumulative": true
    },
    {
        "date": "2020-09-14T10:36:49Z",
        "value": "105623.73112010956",
        "cumulative": true
    },
    {
        "date": "2020-09-14T10:37:00Z",
        "value": "108370.2863817215",
        "cumulative": true
    },
    {
        "date": "2020-09-14T10:37:15Z",
        "value": "112039.40561389923",
        "cumulative": true
    },
    {
        "date": "2020-09-14T10:37:32Z",
        "value": "116198.92409038544",
        "cumulative": true
    },
    {
        "date": "2020-09-14T10:37:45Z",
        "value": "119390.57454586029",
        "cumulative": true
    },
    {
        "date": "2020-09-14T10:37:59Z",
        "value": "122587.4115896225",
        "cumulative": true
    },
    {
        "date": "2020-09-14T10:38:18Z",
        "value": "127142.09311771393",
        "cumulative": true
    },
    {
        "date": "2020-09-14T10:38:30Z",
        "value": "130045.66919326782",
        "cumulative": true
    },
    {
        "date": "2020-09-14T10:38:48Z",
        "value": "134408.5157146454",
        "cumulative": true
    },
    {
        "date": "2020-09-14T10:39:02Z",
        "value": "137761.44151115417",
        "cumulative": true
    },
    {
        "date": "2020-09-14T10:39:12Z",
        "value": "140106.83459091187",
        "cumulative": true
    },
    {
        "date": "2020-09-14T10:39:23Z",
        "value": "142790.80334091187",
        "cumulative": true
    },
    {
        "date": "2020-09-14T10:39:38Z",
        "value": "146476.78722381592",
        "cumulative": true
    },
    {
        "date": "2020-09-14T10:39:49Z",
        "value": "149058.24092674255",
        "cumulative": true
    },
    {
        "date": "2020-09-14T10:40:06Z",
        "value": "153164.94516944885",
        "cumulative": true
    },
    {
        "date": "2020-09-14T10:40:20Z",
        "value": "156532.60101127625",
        "cumulative": true
    },
    {
        "date": "2020-09-14T10:40:30Z",
        "value": "159170.08716011047",
        "cumulative": true
    },
    {
        "date": "2020-09-14T10:40:40Z",
        "value": "161693.32561206818",
        "cumulative": true
    },
    {
        "date": "2020-09-14T10:40:57Z",
        "value": "165927.32202243805",
        "cumulative": true
    },
    {
        "date": "2020-09-14T10:41:14Z",
        "value": "170215.59521770477",
        "cumulative": true
    },
    {
        "date": "2020-09-14T10:41:27Z",
        "value": "173540.9579629898",
        "cumulative": true
    },
    {
        "date": "2020-09-14T10:41:41Z",
        "value": "176928.74438381195",
        "cumulative": true
    },
    {
        "date": "2020-09-14T10:41:55Z",
        "value": "180309.88643741608",
        "cumulative": true
    },
    {
        "date": "2020-09-14T10:42:14Z",
        "value": "185297.3904352188",
        "cumulative": true
    },
    {
        "date": "2020-09-14T10:42:29Z",
        "value": "188776.9831533432",
        "cumulative": true
    },
    {
        "date": "2020-09-14T10:42:39Z",
        "value": "191271.06255435944",
        "cumulative": true
    },
    {
        "date": "2020-09-14T10:42:57Z",
        "value": "195107.52538585663",
        "cumulative": true
    },
    {
        "date": "2020-09-14T10:43:14Z",
        "value": "199757.28705883026",
        "cumulative": true
    },
    {
        "date": "2020-09-14T10:43:28Z",
        "value": "203134.58479690552",
        "cumulative": true
    },
    {
        "date": "2020-09-14T10:43:42Z",
        "value": "206739.74380874634",
        "cumulative": true
    },
    {
        "date": "2020-09-14T10:43:58Z",
        "value": "210768.26328086853",
        "cumulative": true
    },
    {
        "date": "2020-09-14T10:44:13Z",
        "value": "214792.73690795898",
        "cumulative": true
    },
    {
        "date": "2020-09-14T10:44:31Z",
        "value": "219184.64879226685",
        "cumulative": true
    },
    {
        "date": "2020-09-14T10:44:42Z",
        "value": "221858.30339813232",
        "cumulative": true
    },
    {
        "date": "2020-09-14T10:44:56Z",
        "value": "225578.67902755737",
        "cumulative": true
    },
    {
        "date": "2020-09-14T10:45:11Z",
        "value": "229301.6229095459",
        "cumulative": true
    },
    {
        "date": "2020-09-14T10:45:24Z",
        "value": "232491.0101966858",
        "cumulative": true
    },
    {
        "date": "2020-09-14T10:45:38Z",
        "value": "236229.47159194946",
        "cumulative": true
    },
    {
        "date": "2020-09-14T10:45:53Z",
        "value": "239953.91271018982",
        "cumulative": true
    },
    {
        "date": "2020-09-14T10:46:11Z",
        "value": "244232.89358711243",
        "cumulative": true
    },
    {
        "date": "2020-09-14T10:46:25Z",
        "value": "247852.84867668152",
        "cumulative": true
    },
    {
        "date": "2020-09-14T10:46:39Z",
        "value": "251619.8637638092",
        "cumulative": true
    },
    {
        "date": "2020-09-14T10:46:51Z",
        "value": "254414.64859199524",
        "cumulative": true
    },
    {
        "date": "2020-09-14T10:47:07Z",
        "value": "258484.53363513947",
        "cumulative": true
    },
    {
        "date": "2020-09-14T10:47:19Z",
        "value": "261842.41713619232",
        "cumulative": true
    },
    {
        "date": "2020-09-14T10:47:32Z",
        "value": "264962.61110782623",
        "cumulative": true
    },
    {
        "date": "2020-09-14T10:47:52Z",
        "value": "269861.30688762665",
        "cumulative": true
    },
    {
        "date": "2020-09-14T10:48:03Z",
        "value": "272791.1207342148",
        "cumulative": true
    },
    {
        "date": "2020-09-14T10:48:20Z",
        "value": "277293.8430738449",
        "cumulative": true
    },
    {
        "date": "2020-09-14T10:48:31Z",
        "value": "280037.962225914",
        "cumulative": true
    },
    {
        "date": "2020-09-14T10:48:44Z",
        "value": "283401.79776096344",
        "cumulative": true
    },
    {
        "date": "2020-09-14T10:49:01Z",
        "value": "287911.21225452423",
        "cumulative": true
    },
    {
        "date": "2020-09-14T10:49:17Z",
        "value": "292116.5248937607",
        "cumulative": true
    },
    {
        "date": "2020-09-14T10:49:29Z",
        "value": "295284.38903713226",
        "cumulative": true
    },
    {
        "date": "2020-09-14T10:49:47Z",
        "value": "300213.3184366226",
        "cumulative": true
    },
    {
        "date": "2020-09-14T10:50:05Z",
        "value": "304458.47297000885",
        "cumulative": true
    },
    {
        "date": "2020-09-14T10:50:23Z",
        "value": "309424.9714727402",
        "cumulative": true
    },
    {
        "date": "2020-09-14T10:50:35Z",
        "value": "312390.20614910126",
        "cumulative": true
    },
    {
        "date": "2020-09-14T10:50:52Z",
        "value": "316431.90949344635",
        "cumulative": true
    },
    {
        "date": "2020-09-14T10:51:04Z",
        "value": "319799.68175792694",
        "cumulative": true
    },
    {
        "date": "2020-09-14T10:51:18Z",
        "value": "323233.14643764496",
        "cumulative": true
    }
]