[
    {
        "date": "2020-09-14T10:29:07Z",
        "value": "1.80078125",
        "cumulative": false
    },
    {
        "date": "2020-09-14T10:29:27Z",
        "value": "393.86328125",
        "cumulative": false
    },
    {
        "date": "2020-09-14T10:29:42Z",
        "value": "1075.24609375",
        "cumulative": false
    },
    {
        "date": "2020-09-14T10:30:00Z",
        "value": "1089.44140625",
        "cumulative": false
    },
    {
        "date": "2020-09-14T10:30:11Z",
        "value": "1099.859375",
        "cumulative": false
    },
    {
        "date": "2020-09-14T10:30:30Z",
        "value": "1117.4765625",
        "cumulative": false
    },
    {
        "date": "2020-09-14T10:30:44Z",
        "value": "1117.33984375",
        "cumulative": false
    },
    {
        "date": "2020-09-14T10:31:00Z",
        "value": "1129.46484375",
        "cumulative": false
    },
    {
        "date": "2020-09-14T10:31:16Z",
        "value": "1166.80859375",
        "cumulative": false
    },
    {
        "date": "2020-09-14T10:31:29Z",
        "value": "1166.80078125",
        "cumulative": false
    },
    {
        "date": "2020-09-14T10:31:42Z",
        "value": "1155.3125",
        "cumulative": false
    },
    {
        "date": "2020-09-14T10:31:59Z",
        "value": "1176.3046875",
        "cumulative": false
    },
    {
        "date": "2020-09-14T10:32:17Z",
        "value": "1187.5625",
        "cumulative": false
    },
    {
        "date": "2020-09-14T10:32:27Z",
        "value": "1188.73046875",
        "cumulative": false
    },
    {
        "date": "2020-09-14T10:32:47Z",
        "value": "1188.6875",
        "cumulative": false
    },
    {
        "date": "2020-09-14T10:33:03Z",
        "value": "1204.296875",
        "cumulative": false
    },
    {
        "date": "2020-09-14T10:33:16Z",
        "value": "1204.15625",
        "cumulative": false
    },
    {
        "date": "2020-09-14T10:33:26Z",
        "value": "1204.22265625",
        "cumulative": false
    },
    {
        "date": "2020-09-14T10:33:39Z",
        "value": "1204.19140625",
        "cumulative": false
    },
    {
        "date": "2020-09-14T10:33:54Z",
        "value": "1179.48046875",
        "cumulative": false
    },
    {
        "date": "2020-09-14T10:34:11Z",
        "value": "1223.8828125",
        "cumulative": false
    },
    {
        "date": "2020-09-14T10:34:29Z",
        "value": "1223.85546875",
        "cumulative": false
    },
    {
        "date": "2020-09-14T10:34:40Z",
        "value": "1223.8125",
        "cumulative": false
    },
    {
        "date": "2020-09-14T10:34:56Z",
        "value": "1200.4296875",
        "cumulative": false
    },
    {
        "date": "2020-09-14T10:35:13Z",
        "value": "1248.5546875",
        "cumulative": false
    },
    {
        "date": "2020-09-14T10:35:31Z",
        "value": "1248.53125",
        "cumulative": false
    },
    {
        "date": "2020-09-14T10:35:48Z",
        "value": "1248.515625",
        "cumulative": false
    },
    {
        "date": "2020-09-14T10:36:06Z",
        "value": "1248.51171875",
        "cumulative": false
    },
    {
        "date": "2020-09-14T10:36:19Z",
        "value": "1248.5234375",
        "cumulative": false
    },
    {
        "date": "2020-09-14T10:36:31Z",
        "value": "1279.859375",
        "cumulative": false
    },
    {
        "date": "2020-09-14T10:36:41Z",
        "value": "1279.984375",
        "cumulative": false
    },
    {
        "date": "2020-09-14T10:37:01Z",
        "value": "1270.984375",
        "cumulative": false
    },
    {
        "date": "2020-09-14T10:37:15Z",
        "value": "1279.890625",
        "cumulative": false
    },
    {
        "date": "2020-09-14T10:37:34Z",
        "value": "1279.984375",
        "cumulative": false
    },
    {
        "date": "2020-09-14T10:37:49Z",
        "value": "1279.859375",
        "cumulative": false
    },
    {
        "date": "2020-09-14T10:38:01Z",
        "value": "1279.890625",
        "cumulative": false
    },
    {
        "date": "2020-09-14T10:38:20Z",
        "value": "1149.9375",
        "cumulative": false
    },
    {
        "date": "2020-09-14T10:38:36Z",
        "value": "1319.39453125",
        "cumulative": false
    },
    {
        "date": "2020-09-14T10:38:47Z",
        "value": "1319.39453125",
        "cumulative": false
    },
    {
        "date": "2020-09-14T10:39:02Z",
        "value": "1238.3359375",
        "cumulative": false
    },
    {
        "date": "2020-09-14T10:39:20Z",
        "value": "1319.39453125",
        "cumulative": false
    },
    {
        "date": "2020-09-14T10:39:32Z",
        "value": "1319.5",
        "cumulative": false
    },
    {
        "date": "2020-09-14T10:39:48Z",
        "value": "1153.73046875",
        "cumulative": false
    },
    {
        "date": "2020-09-14T10:40:06Z",
        "value": "1319.39453125",
        "cumulative": false
    },
    {
        "date": "2020-09-14T10:40:20Z",
        "value": "1319.30078125",
        "cumulative": false
    },
    {
        "date": "2020-09-14T10:40:39Z",
        "value": "1235.0078125",
        "cumulative": false
    },
    {
        "date": "2020-09-14T10:40:54Z",
        "value": "1369.26953125",
        "cumulative": false
    },
    {
        "date": "2020-09-14T10:41:06Z",
        "value": "1369.26953125",
        "cumulative": false
    },
    {
        "date": "2020-09-14T10:41:17Z",
        "value": "1369.2578125",
        "cumulative": false
    },
    {
        "date": "2020-09-14T10:41:28Z",
        "value": "1369.15625",
        "cumulative": false
    },
    {
        "date": "2020-09-14T10:41:41Z",
        "value": "1369.26953125",
        "cumulative": false
    },
    {
        "date": "2020-09-14T10:41:59Z",
        "value": "1369.26953125",
        "cumulative": false
    },
    {
        "date": "2020-09-14T10:42:17Z",
        "value": "1255.89453125",
        "cumulative": false
    },
    {
        "date": "2020-09-14T10:42:28Z",
        "value": "1369.2578125",
        "cumulative": false
    },
    {
        "date": "2020-09-14T10:42:45Z",
        "value": "1138.7578125",
        "cumulative": false
    },
    {
        "date": "2020-09-14T10:43:04Z",
        "value": "1369.2578125",
        "cumulative": false
    },
    {
        "date": "2020-09-14T10:43:19Z",
        "value": "1153.7578125",
        "cumulative": false
    },
    {
        "date": "2020-09-14T10:43:37Z",
        "value": "1432.171875",
        "cumulative": false
    },
    {
        "date": "2020-09-14T10:43:53Z",
        "value": "1432.1484375",
        "cumulative": false
    },
    {
        "date": "2020-09-14T10:44:08Z",
        "value": "1202.8203125",
        "cumulative": false
    },
    {
        "date": "2020-09-14T10:44:26Z",
        "value": "1432.171875",
        "cumulative": false
    },
    {
        "date": "2020-09-14T10:44:45Z",
        "value": "1432.171875",
        "cumulative": false
    },
    {
        "date": "2020-09-14T10:44:56Z",
        "value": "1240.171875",
        "cumulative": false
    },
    {
        "date": "2020-09-14T10:45:15Z",
        "value": "1432.1484375",
        "cumulative": false
    },
    {
        "date": "2020-09-14T10:45:33Z",
        "value": "1432.171875",
        "cumulative": false
    },
    {
        "date": "2020-09-14T10:45:47Z",
        "value": "1417.82421875",
        "cumulative": false
    },
    {
        "date": "2020-09-14T10:45:59Z",
        "value": "1432.1484375",
        "cumulative": false
    },
    {
        "date": "2020-09-14T10:46:10Z",
        "value": "1238.0234375",
        "cumulative": false
    },
    {
        "date": "2020-09-14T10:46:23Z",
        "value": "1259.1484375",
        "cumulative": false
    },
    {
        "date": "2020-09-14T10:46:39Z",
        "value": "1432.1484375",
        "cumulative": false
    },
    {
        "date": "2020-09-14T10:46:56Z",
        "value": "1432.1484375",
        "cumulative": false
    },
    {
        "date": "2020-09-14T10:47:07Z",
        "value": "1399.02734375",
        "cumulative": false
    },
    {
        "date": "2020-09-14T10:47:27Z",
        "value": "1511.65234375",
        "cumulative": false
    },
    {
        "date": "2020-09-14T10:47:45Z",
        "value": "1511.68359375",
        "cumulative": false
    },
    {
        "date": "2020-09-14T10:48:04Z",
        "value": "1511.65234375",
        "cumulative": false
    },
    {
        "date": "2020-09-14T10:48:16Z",
        "value": "1230.68359375",
        "cumulative": false
    },
    {
        "date": "2020-09-14T10:48:34Z",
        "value": "1511.65234375",
        "cumulative": false
    },
    {
        "date": "2020-09-14T10:48:47Z",
        "value": "1191.18359375",
        "cumulative": false
    },
    {
        "date": "2020-09-14T10:49:02Z",
        "value": "1504.05859375",
        "cumulative": false
    },
    {
        "date": "2020-09-14T10:49:21Z",
        "value": "1311.18359375",
        "cumulative": false
    },
    {
        "date": "2020-09-14T10:49:31Z",
        "value": "1511.65234375",
        "cumulative": false
    },
    {
        "date": "2020-09-14T10:49:44Z",
        "value": "1511.65234375",
        "cumulative": false
    },
    {
        "date": "2020-09-14T10:50:03Z",
        "value": "1511.65234375",
        "cumulative": false
    },
    {
        "date": "2020-09-14T10:50:14Z",
        "value": "1413.90234375",
        "cumulative": false
    },
    {
        "date": "2020-09-14T10:50:27Z",
        "value": "1281.30859375",
        "cumulative": false
    },
    {
        "date": "2020-09-14T10:50:39Z",
        "value": "1511.62109375",
        "cumulative": false
    },
    {
        "date": "2020-09-14T10:50:58Z",
        "value": "1511.65234375",
        "cumulative": false
    },
    {
        "date": "2020-09-14T10:51:15Z",
        "value": "1511.65234375",
        "cumulative": false
    },
    {
        "date": "2020-09-14T10:51:28Z",
        "value": "1129.40234375",
        "cumulative": false
    }
]