[
    {
        "date": "2020-09-14T10:29:19Z",
        "value": "4.00543212890625e-05",
        "cumulative": true
    },
    {
        "date": "2020-09-14T10:29:33Z",
        "value": "297.5658712387085",
        "cumulative": true
    },
    {
        "date": "2020-09-14T10:29:49Z",
        "value": "4388.099328994751",
        "cumulative": true
    },
    {
        "date": "2020-09-14T10:30:03Z",
        "value": "8261.739325523376",
        "cumulative": true
    },
    {
        "date": "2020-09-14T10:30:18Z",
        "value": "12354.517378807068",
        "cumulative": true
    },
    {
        "date": "2020-09-14T10:30:29Z",
        "value": "15365.590725898743",
        "cumulative": true
    },
    {
        "date": "2020-09-14T10:30:47Z",
        "value": "20182.571846961975",
        "cumulative": true
    },
    {
        "date": "2020-09-14T10:30:59Z",
        "value": "23628.668488502502",
        "cumulative": true
    },
    {
        "date": "2020-09-14T10:31:13Z",
        "value": "27088.287965774536",
        "cumulative": true
    },
    {
        "date": "2020-09-14T10:31:24Z",
        "value": "29576.990348815918",
        "cumulative": true
    },
    {
        "date": "2020-09-14T10:31:42Z",
        "value": "33627.965107917786",
        "cumulative": true
    },
    {
        "date": "2020-09-14T10:31:52Z",
        "value": "35919.69673061371",
        "cumulative": true
    },
    {
        "date": "2020-09-14T10:32:05Z",
        "value": "38852.230050086975",
        "cumulative": true
    },
    {
        "date": "2020-09-14T10:32:19Z",
        "value": "42286.67371940613",
        "cumulative": true
    },
    {
        "date": "2020-09-14T10:32:36Z",
        "value": "46044.19690132141",
        "cumulative": true
    },
    {
        "date": "2020-09-14T10:32:46Z",
        "value": "48730.70323753357",
        "cumulative": true
    },
    {
        "date": "2020-09-14T10:33:04Z",
        "value": "53156.12108707428",
        "cumulative": true
    },
    {
        "date": "2020-09-14T10:33:15Z",
        "value": "56351.10202503204",
        "cumulative": true
    },
    {
        "date": "2020-09-14T10:33:33Z",
        "value": "60391.30432033539",
        "cumulative": true
    },
    {
        "date": "2020-09-14T10:33:49Z",
        "value": "64308.98089027405",
        "cumulative": true
    },
    {
        "date": "2020-09-14T10:34:08Z",
        "value": "68615.83706855774",
        "cumulative": true
    },
    {
        "date": "2020-09-14T10:34:25Z",
        "value": "72632.50797653198",
        "cumulative": true
    },
    {
        "date": "2020-09-14T10:34:43Z",
        "value": "76969.2018032074",
        "cumulative": true
    },
    {
        "date": "2020-09-14T10:34:57Z",
        "value": "80153.92918109894",
        "cumulative": true
    },
    {
        "date": "2020-09-14T10:35:12Z",
        "value": "83575.96630001068",
        "cumulative": true
    },
    {
        "date": "2020-09-14T10:35:26Z",
        "value": "86726.73394870758",
        "cumulative": true
    },
    {
        "date": "2020-09-14T10:35:43Z",
        "value": "90704.60575389862",
        "cumulative": true
    },
    {
        "date": "2020-09-14T10:36:01Z",
        "value": "94687.89409923553",
        "cumulative": true
    },
    {
        "date": "2020-09-14T10:36:18Z",
        "value": "98475.03991985321",
        "cumulative": true
    },
    {
        "date": "2020-09-14T10:36:32Z",
        "value": "101666.24890708923",
        "cumulative": true
    },
    {
        "date": "2020-09-14T10:36:49Z",
        "value": "105854.8088722229",
        "cumulative": true
    },
    {
        "date": "2020-09-14T10:37:03Z",
        "value": "109234.8204498291",
        "cumulative": true
    },
    {
        "date": "2020-09-14T10:37:19Z",
        "value": "113021.35630989075",
        "cumulative": true
    },
    {
        "date": "2020-09-14T10:37:33Z",
        "value": "116417.57082176208",
        "cumulative": true
    },
    {
        "date": "2020-09-14T10:37:47Z",
        "value": "119908.20823287964",
        "cumulative": true
    },
    {
        "date": "2020-09-14T10:38:02Z",
        "value": "123369.93322944641",
        "cumulative": true
    },
    {
        "date": "2020-09-14T10:38:20Z",
        "value": "127686.19666576385",
        "cumulative": true
    },
    {
        "date": "2020-09-14T10:38:37Z",
        "value": "131699.96448230743",
        "cumulative": true
    },
    {
        "date": "2020-09-14T10:38:57Z",
        "value": "136400.3133802414",
        "cumulative": true
    },
    {
        "date": "2020-09-14T10:39:12Z",
        "value": "140082.85862636566",
        "cumulative": true
    },
    {
        "date": "2020-09-14T10:39:29Z",
        "value": "144262.99295139313",
        "cumulative": true
    },
    {
        "date": "2020-09-14T10:39:45Z",
        "value": "148031.66800785065",
        "cumulative": true
    },
    {
        "date": "2020-09-14T10:40:02Z",
        "value": "152169.26477718353",
        "cumulative": true
    },
    {
        "date": "2020-09-14T10:40:22Z",
        "value": "157140.5412721634",
        "cumulative": true
    },
    {
        "date": "2020-09-14T10:40:33Z",
        "value": "159809.11370754242",
        "cumulative": true
    },
    {
        "date": "2020-09-14T10:40:52Z",
        "value": "164622.31497955322",
        "cumulative": true
    },
    {
        "date": "2020-09-14T10:41:05Z",
        "value": "168007.45203971863",
        "cumulative": true
    },
    {
        "date": "2020-09-14T10:41:25Z",
        "value": "172660.35864830017",
        "cumulative": true
    },
    {
        "date": "2020-09-14T10:41:39Z",
        "value": "176266.90134429932",
        "cumulative": true
    },
    {
        "date": "2020-09-14T10:41:59Z",
        "value": "181135.2474117279",
        "cumulative": true
    },
    {
        "date": "2020-09-14T10:42:12Z",
        "value": "184500.95077896118",
        "cumulative": true
    },
    {
        "date": "2020-09-14T10:42:27Z",
        "value": "188170.15354156494",
        "cumulative": true
    },
    {
        "date": "2020-09-14T10:42:46Z",
        "value": "192608.09113502502",
        "cumulative": true
    },
    {
        "date": "2020-09-14T10:42:59Z",
        "value": "195908.32469940186",
        "cumulative": true
    },
    {
        "date": "2020-09-14T10:43:13Z",
        "value": "199286.8081665039",
        "cumulative": true
    },
    {
        "date": "2020-09-14T10:43:26Z",
        "value": "202666.0781326294",
        "cumulative": true
    },
    {
        "date": "2020-09-14T10:43:45Z",
        "value": "207367.05962657928",
        "cumulative": true
    },
    {
        "date": "2020-09-14T10:43:59Z",
        "value": "210987.5692434311",
        "cumulative": true
    },
    {
        "date": "2020-09-14T10:44:09Z",
        "value": "213697.48721790314",
        "cumulative": true
    },
    {
        "date": "2020-09-14T10:44:21Z",
        "value": "216463.283118248",
        "cumulative": true
    },
    {
        "date": "2020-09-14T10:44:33Z",
        "value": "219672.07053279877",
        "cumulative": true
    },
    {
        "date": "2020-09-14T10:44:47Z",
        "value": "223000.40486240387",
        "cumulative": true
    },
    {
        "date": "2020-09-14T10:45:05Z",
        "value": "227657.65841197968",
        "cumulative": true
    },
    {
        "date": "2020-09-14T10:45:21Z",
        "value": "231374.6284341812",
        "cumulative": true
    },
    {
        "date": "2020-09-14T10:45:31Z",
        "value": "234041.96728229523",
        "cumulative": true
    },
    {
        "date": "2020-09-14T10:45:43Z",
        "value": "237244.52428913116",
        "cumulative": true
    },
    {
        "date": "2020-09-14T10:45:53Z",
        "value": "239863.13918972015",
        "cumulative": true
    },
    {
        "date": "2020-09-14T10:46:10Z",
        "value": "244173.78522396088",
        "cumulative": true
    },
    {
        "date": "2020-09-14T10:46:25Z",
        "value": "247907.87916088104",
        "cumulative": true
    },
    {
        "date": "2020-09-14T10:46:44Z",
        "value": "252896.33603572845",
        "cumulative": true
    },
    {
        "date": "2020-09-14T10:46:57Z",
        "value": "255880.3882303238",
        "cumulative": true
    },
    {
        "date": "2020-09-14T10:47:15Z",
        "value": "260451.69941329956",
        "cumulative": true
    },
    {
        "date": "2020-09-14T10:47:35Z",
        "value": "265550.32426071167",
        "cumulative": true
    },
    {
        "date": "2020-09-14T10:47:52Z",
        "value": "269869.7718334198",
        "cumulative": true
    },
    {
        "date": "2020-09-14T10:48:03Z",
        "value": "272562.5340766907",
        "cumulative": true
    },
    {
        "date": "2020-09-14T10:48:17Z",
        "value": "276503.570684433",
        "cumulative": true
    },
    {
        "date": "2020-09-14T10:48:30Z",
        "value": "279699.83172416687",
        "cumulative": true
    },
    {
        "date": "2020-09-14T10:48:47Z",
        "value": "284009.28931427",
        "cumulative": true
    },
    {
        "date": "2020-09-14T10:49:00Z",
        "value": "287376.32923316956",
        "cumulative": true
    },
    {
        "date": "2020-09-14T10:49:19Z",
        "value": "292295.5940761566",
        "cumulative": true
    },
    {
        "date": "2020-09-14T10:49:31Z",
        "value": "295456.78919792175",
        "cumulative": true
    },
    {
        "date": "2020-09-14T10:49:47Z",
        "value": "299930.1901950836",
        "cumulative": true
    },
    {
        "date": "2020-09-14T10:50:00Z",
        "value": "303467.5706348419",
        "cumulative": true
    },
    {
        "date": "2020-09-14T10:50:12Z",
        "value": "306262.8136253357",
        "cumulative": true
    },
    {
        "date": "2020-09-14T10:50:29Z",
        "value": "310874.59932518005",
        "cumulative": true
    },
    {
        "date": "2020-09-14T10:50:45Z",
        "value": "315010.6357059479",
        "cumulative": true
    },
    {
        "date": "2020-09-14T10:51:02Z",
        "value": "319163.8471355438",
        "cumulative": true
    },
    {
        "date": "2020-09-14T10:51:17Z",
        "value": "323081.09163093567",
        "cumulative": true
    }
]