[
    {
        "date": "2020-09-14T10:29:39Z",
        "value": "0.857010876",
        "cumulative": false
    },
    {
        "date": "2020-09-14T10:29:51Z",
        "value": "1.002231475",
        "cumulative": false
    },
    {
        "date": "2020-09-14T10:30:09Z",
        "value": "1.001344978",
        "cumulative": false
    },
    {
        "date": "2020-09-14T10:30:26Z",
        "value": "1.000458028",
        "cumulative": false
    },
    {
        "date": "2020-09-14T10:30:42Z",
        "value": "1.000028007",
        "cumulative": false
    },
    {
        "date": "2020-09-14T10:30:53Z",
        "value": "1.001198806",
        "cumulative": false
    },
    {
        "date": "2020-09-14T10:31:10Z",
        "value": "1.000033229",
        "cumulative": false
    },
    {
        "date": "2020-09-14T10:31:30Z",
        "value": "0.999868002",
        "cumulative": false
    },
    {
        "date": "2020-09-14T10:31:46Z",
        "value": "1.000745068",
        "cumulative": false
    },
    {
        "date": "2020-09-14T10:31:59Z",
        "value": "1.000145676",
        "cumulative": false
    },
    {
        "date": "2020-09-14T10:32:11Z",
        "value": "1.000916836",
        "cumulative": false
    },
    {
        "date": "2020-09-14T10:32:27Z",
        "value": "1.000119659",
        "cumulative": false
    },
    {
        "date": "2020-09-14T10:32:42Z",
        "value": "0.999886332",
        "cumulative": false
    },
    {
        "date": "2020-09-14T10:32:56Z",
        "value": "1.000777229",
        "cumulative": false
    },
    {
        "date": "2020-09-14T10:33:09Z",
        "value": "0.999905216",
        "cumulative": false
    },
    {
        "date": "2020-09-14T10:33:24Z",
        "value": "1.000106527",
        "cumulative": false
    },
    {
        "date": "2020-09-14T10:33:40Z",
        "value": "1.000138279",
        "cumulative": false
    },
    {
        "date": "2020-09-14T10:33:54Z",
        "value": "1.001004065",
        "cumulative": false
    },
    {
        "date": "2020-09-14T10:34:05Z",
        "value": "1.000106218",
        "cumulative": false
    },
    {
        "date": "2020-09-14T10:34:19Z",
        "value": "1.000177646",
        "cumulative": false
    },
    {
        "date": "2020-09-14T10:34:30Z",
        "value": "1.000183653",
        "cumulative": false
    },
    {
        "date": "2020-09-14T10:34:42Z",
        "value": "1.00024645",
        "cumulative": false
    },
    {
        "date": "2020-09-14T10:34:58Z",
        "value": "1.000615557",
        "cumulative": false
    },
    {
        "date": "2020-09-14T10:35:11Z",
        "value": "1.000157874",
        "cumulative": false
    },
    {
        "date": "2020-09-14T10:35:28Z",
        "value": "1.000161169",
        "cumulative": false
    },
    {
        "date": "2020-09-14T10:35:45Z",
        "value": "1.000175127",
        "cumulative": false
    },
    {
        "date": "2020-09-14T10:36:02Z",
        "value": "1.000191747",
        "cumulative": false
    },
    {
        "date": "2020-09-14T10:36:18Z",
        "value": "1.000195508",
        "cumulative": false
    },
    {
        "date": "2020-09-14T10:36:35Z",
        "value": "1.000754287",
        "cumulative": false
    },
    {
        "date": "2020-09-14T10:36:48Z",
        "value": "0.999960653",
        "cumulative": false
    },
    {
        "date": "2020-09-14T10:37:05Z",
        "value": "1.00015203",
        "cumulative": false
    },
    {
        "date": "2020-09-14T10:37:19Z",
        "value": "1.000193281",
        "cumulative": false
    },
    {
        "date": "2020-09-14T10:37:30Z",
        "value": "1.000159494",
        "cumulative": false
    },
    {
        "date": "2020-09-14T10:37:42Z",
        "value": "1.000289628",
        "cumulative": false
    },
    {
        "date": "2020-09-14T10:37:56Z",
        "value": "1.000324877",
        "cumulative": false
    },
    {
        "date": "2020-09-14T10:38:13Z",
        "value": "1.000115308",
        "cumulative": false
    },
    {
        "date": "2020-09-14T10:38:31Z",
        "value": "1.000785144",
        "cumulative": false
    },
    {
        "date": "2020-09-14T10:38:50Z",
        "value": "1.000075384",
        "cumulative": false
    },
    {
        "date": "2020-09-14T10:39:04Z",
        "value": "1.000268838",
        "cumulative": false
    },
    {
        "date": "2020-09-14T10:39:23Z",
        "value": "1.000371817",
        "cumulative": false
    },
    {
        "date": "2020-09-14T10:39:34Z",
        "value": "1.000268948",
        "cumulative": false
    },
    {
        "date": "2020-09-14T10:39:47Z",
        "value": "1.000138103",
        "cumulative": false
    },
    {
        "date": "2020-09-14T10:40:00Z",
        "value": "1.000277655",
        "cumulative": false
    },
    {
        "date": "2020-09-14T10:40:18Z",
        "value": "1.000203049",
        "cumulative": false
    },
    {
        "date": "2020-09-14T10:40:31Z",
        "value": "0.999735731",
        "cumulative": false
    },
    {
        "date": "2020-09-14T10:40:45Z",
        "value": "1.000949016",
        "cumulative": false
    },
    {
        "date": "2020-09-14T10:41:00Z",
        "value": "1.000195892",
        "cumulative": false
    },
    {
        "date": "2020-09-14T10:41:10Z",
        "value": "1.00009578",
        "cumulative": false
    },
    {
        "date": "2020-09-14T10:41:28Z",
        "value": "1.000181413",
        "cumulative": false
    },
    {
        "date": "2020-09-14T10:41:47Z",
        "value": "1.000131559",
        "cumulative": false
    },
    {
        "date": "2020-09-14T10:42:03Z",
        "value": "1.000191801",
        "cumulative": false
    },
    {
        "date": "2020-09-14T10:42:22Z",
        "value": "1.00024189",
        "cumulative": false
    },
    {
        "date": "2020-09-14T10:42:32Z",
        "value": "1.00027203",
        "cumulative": false
    },
    {
        "date": "2020-09-14T10:42:43Z",
        "value": "1.000226306",
        "cumulative": false
    },
    {
        "date": "2020-09-14T10:42:55Z",
        "value": "1.000186793",
        "cumulative": false
    },
    {
        "date": "2020-09-14T10:43:13Z",
        "value": "1.000122456",
        "cumulative": false
    },
    {
        "date": "2020-09-14T10:43:33Z",
        "value": "1.000931468",
        "cumulative": false
    },
    {
        "date": "2020-09-14T10:43:44Z",
        "value": "1.000290674",
        "cumulative": false
    },
    {
        "date": "2020-09-14T10:43:56Z",
        "value": "1.000188592",
        "cumulative": false
    },
    {
        "date": "2020-09-14T10:44:10Z",
        "value": "1.000426671",
        "cumulative": false
    },
    {
        "date": "2020-09-14T10:44:20Z",
        "value": "1.000181124",
        "cumulative": false
    },
    {
        "date": "2020-09-14T10:44:34Z",
        "value": "1.000437212",
        "cumulative": false
    },
    {
        "date": "2020-09-14T10:44:50Z",
        "value": "1.000249867",
        "cumulative": false
    },
    {
        "date": "2020-09-14T10:45:08Z",
        "value": "1.000213217",
        "cumulative": false
    },
    {
        "date": "2020-09-14T10:45:21Z",
        "value": "1.000176327",
        "cumulative": false
    },
    {
        "date": "2020-09-14T10:45:37Z",
        "value": "1.000306174",
        "cumulative": false
    },
    {
        "date": "2020-09-14T10:45:52Z",
        "value": "1.000337727",
        "cumulative": false
    },
    {
        "date": "2020-09-14T10:46:06Z",
        "value": "1.000111499",
        "cumulative": false
    },
    {
        "date": "2020-09-14T10:46:25Z",
        "value": "1.000166994",
        "cumulative": false
    },
    {
        "date": "2020-09-14T10:46:43Z",
        "value": "1.000261238",
        "cumulative": false
    },
    {
        "date": "2020-09-14T10:46:56Z",
        "value": "1.000295898",
        "cumulative": false
    },
    {
        "date": "2020-09-14T10:47:11Z",
        "value": "1.000987838",
        "cumulative": false
    },
    {
        "date": "2020-09-14T10:47:29Z",
        "value": "1.000143527",
        "cumulative": false
    },
    {
        "date": "2020-09-14T10:47:45Z",
        "value": "1.000157288",
        "cumulative": false
    },
    {
        "date": "2020-09-14T10:48:05Z",
        "value": "1.000321927",
        "cumulative": false
    },
    {
        "date": "2020-09-14T10:48:24Z",
        "value": "1.000327769",
        "cumulative": false
    },
    {
        "date": "2020-09-14T10:48:44Z",
        "value": "1.000175867",
        "cumulative": false
    },
    {
        "date": "2020-09-14T10:49:03Z",
        "value": "1.000320906",
        "cumulative": false
    },
    {
        "date": "2020-09-14T10:49:17Z",
        "value": "1.000272581",
        "cumulative": false
    },
    {
        "date": "2020-09-14T10:49:29Z",
        "value": "1.000324057",
        "cumulative": false
    },
    {
        "date": "2020-09-14T10:49:42Z",
        "value": "1.000252518",
        "cumulative": false
    },
    {
        "date": "2020-09-14T10:49:59Z",
        "value": "1.000282066",
        "cumulative": false
    },
    {
        "date": "2020-09-14T10:50:14Z",
        "value": "1.000305969",
        "cumulative": false
    },
    {
        "date": "2020-09-14T10:50:24Z",
        "value": "1.000238876",
        "cumulative": false
    },
    {
        "date": "2020-09-14T10:50:35Z",
        "value": "1.000316076",
        "cumulative": false
    },
    {
        "date": "2020-09-14T10:50:47Z",
        "value": "1.000323685",
        "cumulative": false
    },
    {
        "date": "2020-09-14T10:51:04Z",
        "value": "1.000264298",
        "cumulative": false
    },
    {
        "date": "2020-09-14T10:51:17Z",
        "value": "1.000258196",
        "cumulative": false
    }
]