[
    {
        "date": "2020-09-14T10:29:21Z",
        "value": "1.8125",
        "cumulative": false
    },
    {
        "date": "2020-09-14T10:29:36Z",
        "value": "1077.52734375",
        "cumulative": false
    },
    {
        "date": "2020-09-14T10:29:53Z",
        "value": "1091.35546875",
        "cumulative": false
    },
    {
        "date": "2020-09-14T10:30:06Z",
        "value": "1101.05859375",
        "cumulative": false
    },
    {
        "date": "2020-09-14T10:30:24Z",
        "value": "1147.2734375",
        "cumulative": false
    },
    {
        "date": "2020-09-14T10:30:43Z",
        "value": "1179.80078125",
        "cumulative": false
    },
    {
        "date": "2020-09-14T10:31:03Z",
        "value": "1221.32421875",
        "cumulative": false
    },
    {
        "date": "2020-09-14T10:31:15Z",
        "value": "1258.57421875",
        "cumulative": false
    },
    {
        "date": "2020-09-14T10:31:28Z",
        "value": "1255.4453125",
        "cumulative": false
    },
    {
        "date": "2020-09-14T10:31:43Z",
        "value": "1268.20703125",
        "cumulative": false
    },
    {
        "date": "2020-09-14T10:32:00Z",
        "value": "1268.203125",
        "cumulative": false
    },
    {
        "date": "2020-09-14T10:32:11Z",
        "value": "1236.0859375",
        "cumulative": false
    },
    {
        "date": "2020-09-14T10:32:26Z",
        "value": "1235.4609375",
        "cumulative": false
    },
    {
        "date": "2020-09-14T10:32:46Z",
        "value": "1280.5859375",
        "cumulative": false
    },
    {
        "date": "2020-09-14T10:33:01Z",
        "value": "1290.33203125",
        "cumulative": false
    },
    {
        "date": "2020-09-14T10:33:16Z",
        "value": "1296.12890625",
        "cumulative": false
    },
    {
        "date": "2020-09-14T10:33:36Z",
        "value": "1296.10546875",
        "cumulative": false
    },
    {
        "date": "2020-09-14T10:33:47Z",
        "value": "1315.76171875",
        "cumulative": false
    },
    {
        "date": "2020-09-14T10:33:59Z",
        "value": "1307.734375",
        "cumulative": false
    },
    {
        "date": "2020-09-14T10:34:09Z",
        "value": "1315.70703125",
        "cumulative": false
    },
    {
        "date": "2020-09-14T10:34:28Z",
        "value": "1315.70703125",
        "cumulative": false
    },
    {
        "date": "2020-09-14T10:34:40Z",
        "value": "1315.70703125",
        "cumulative": false
    },
    {
        "date": "2020-09-14T10:34:50Z",
        "value": "1315.76171875",
        "cumulative": false
    },
    {
        "date": "2020-09-14T10:35:02Z",
        "value": "1340.5390625",
        "cumulative": false
    },
    {
        "date": "2020-09-14T10:35:19Z",
        "value": "1340.45703125",
        "cumulative": false
    },
    {
        "date": "2020-09-14T10:35:32Z",
        "value": "1335.08203125",
        "cumulative": false
    },
    {
        "date": "2020-09-14T10:35:46Z",
        "value": "1340.45703125",
        "cumulative": false
    },
    {
        "date": "2020-09-14T10:36:00Z",
        "value": "1340.453125",
        "cumulative": false
    },
    {
        "date": "2020-09-14T10:36:14Z",
        "value": "1340.45703125",
        "cumulative": false
    },
    {
        "date": "2020-09-14T10:36:33Z",
        "value": "1331.0859375",
        "cumulative": false
    },
    {
        "date": "2020-09-14T10:36:52Z",
        "value": "1263.3359375",
        "cumulative": false
    },
    {
        "date": "2020-09-14T10:37:09Z",
        "value": "1371.8359375",
        "cumulative": false
    },
    {
        "date": "2020-09-14T10:37:25Z",
        "value": "1371.8359375",
        "cumulative": false
    },
    {
        "date": "2020-09-14T10:37:44Z",
        "value": "1228.5546875",
        "cumulative": false
    },
    {
        "date": "2020-09-14T10:37:59Z",
        "value": "1371.8359375",
        "cumulative": false
    },
    {
        "date": "2020-09-14T10:38:14Z",
        "value": "1371.8359375",
        "cumulative": false
    },
    {
        "date": "2020-09-14T10:38:27Z",
        "value": "1411.33984375",
        "cumulative": false
    },
    {
        "date": "2020-09-14T10:38:38Z",
        "value": "1263.67578125",
        "cumulative": false
    },
    {
        "date": "2020-09-14T10:38:54Z",
        "value": "1411.33984375",
        "cumulative": false
    },
    {
        "date": "2020-09-14T10:39:07Z",
        "value": "1411.33984375",
        "cumulative": false
    },
    {
        "date": "2020-09-14T10:39:19Z",
        "value": "1411.33984375",
        "cumulative": false
    },
    {
        "date": "2020-09-14T10:39:29Z",
        "value": "1411.33984375",
        "cumulative": false
    },
    {
        "date": "2020-09-14T10:39:43Z",
        "value": "1411.33984375",
        "cumulative": false
    },
    {
        "date": "2020-09-14T10:39:58Z",
        "value": "1411.4453125",
        "cumulative": false
    },
    {
        "date": "2020-09-14T10:40:08Z",
        "value": "1232.21484375",
        "cumulative": false
    },
    {
        "date": "2020-09-14T10:40:19Z",
        "value": "1411.33984375",
        "cumulative": false
    },
    {
        "date": "2020-09-14T10:40:29Z",
        "value": "1411.33984375",
        "cumulative": false
    },
    {
        "date": "2020-09-14T10:40:43Z",
        "value": "1461.21875",
        "cumulative": false
    },
    {
        "date": "2020-09-14T10:41:01Z",
        "value": "1461.21875",
        "cumulative": false
    },
    {
        "date": "2020-09-14T10:41:16Z",
        "value": "1369.34375",
        "cumulative": false
    },
    {
        "date": "2020-09-14T10:41:34Z",
        "value": "1461.12890625",
        "cumulative": false
    },
    {
        "date": "2020-09-14T10:41:48Z",
        "value": "1461.21875",
        "cumulative": false
    },
    {
        "date": "2020-09-14T10:42:03Z",
        "value": "1461.21875",
        "cumulative": false
    },
    {
        "date": "2020-09-14T10:42:19Z",
        "value": "1448.95703125",
        "cumulative": false
    },
    {
        "date": "2020-09-14T10:42:33Z",
        "value": "1461.21875",
        "cumulative": false
    },
    {
        "date": "2020-09-14T10:42:52Z",
        "value": "1461.20703125",
        "cumulative": false
    },
    {
        "date": "2020-09-14T10:43:04Z",
        "value": "1256.71875",
        "cumulative": false
    },
    {
        "date": "2020-09-14T10:43:23Z",
        "value": "1425.95703125",
        "cumulative": false
    },
    {
        "date": "2020-09-14T10:43:37Z",
        "value": "1399.59765625",
        "cumulative": false
    },
    {
        "date": "2020-09-14T10:43:53Z",
        "value": "1524.09765625",
        "cumulative": false
    },
    {
        "date": "2020-09-14T10:44:06Z",
        "value": "1500.72265625",
        "cumulative": false
    },
    {
        "date": "2020-09-14T10:44:17Z",
        "value": "1286.84765625",
        "cumulative": false
    },
    {
        "date": "2020-09-14T10:44:34Z",
        "value": "1524.1171875",
        "cumulative": false
    },
    {
        "date": "2020-09-14T10:44:51Z",
        "value": "1524.09765625",
        "cumulative": false
    },
    {
        "date": "2020-09-14T10:45:08Z",
        "value": "1524.09765625",
        "cumulative": false
    },
    {
        "date": "2020-09-14T10:45:20Z",
        "value": "1524.09765625",
        "cumulative": false
    },
    {
        "date": "2020-09-14T10:45:39Z",
        "value": "1524.12109375",
        "cumulative": false
    },
    {
        "date": "2020-09-14T10:45:50Z",
        "value": "1524.1953125",
        "cumulative": false
    },
    {
        "date": "2020-09-14T10:46:01Z",
        "value": "1524.09765625",
        "cumulative": false
    },
    {
        "date": "2020-09-14T10:46:18Z",
        "value": "1524.09765625",
        "cumulative": false
    },
    {
        "date": "2020-09-14T10:46:37Z",
        "value": "1524.09765625",
        "cumulative": false
    },
    {
        "date": "2020-09-14T10:46:54Z",
        "value": "1306.47265625",
        "cumulative": false
    },
    {
        "date": "2020-09-14T10:47:09Z",
        "value": "1237.6328125",
        "cumulative": false
    },
    {
        "date": "2020-09-14T10:47:26Z",
        "value": "1603.6015625",
        "cumulative": false
    },
    {
        "date": "2020-09-14T10:47:42Z",
        "value": "1603.6015625",
        "cumulative": false
    },
    {
        "date": "2020-09-14T10:47:54Z",
        "value": "1244.0078125",
        "cumulative": false
    },
    {
        "date": "2020-09-14T10:48:06Z",
        "value": "1603.6015625",
        "cumulative": false
    },
    {
        "date": "2020-09-14T10:48:21Z",
        "value": "1455.1015625",
        "cumulative": false
    },
    {
        "date": "2020-09-14T10:48:40Z",
        "value": "1603.6015625",
        "cumulative": false
    },
    {
        "date": "2020-09-14T10:48:51Z",
        "value": "1603.6015625",
        "cumulative": false
    },
    {
        "date": "2020-09-14T10:49:06Z",
        "value": "1603.65625",
        "cumulative": false
    },
    {
        "date": "2020-09-14T10:49:26Z",
        "value": "1569.4765625",
        "cumulative": false
    },
    {
        "date": "2020-09-14T10:49:45Z",
        "value": "1421.4765625",
        "cumulative": false
    },
    {
        "date": "2020-09-14T10:49:59Z",
        "value": "1603.6015625",
        "cumulative": false
    },
    {
        "date": "2020-09-14T10:50:12Z",
        "value": "1355.4765625",
        "cumulative": false
    },
    {
        "date": "2020-09-14T10:50:27Z",
        "value": "1479.7265625",
        "cumulative": false
    },
    {
        "date": "2020-09-14T10:50:39Z",
        "value": "1603.6015625",
        "cumulative": false
    },
    {
        "date": "2020-09-14T10:50:54Z",
        "value": "1602.6015625",
        "cumulative": false
    },
    {
        "date": "2020-09-14T10:51:09Z",
        "value": "1576.6015625",
        "cumulative": false
    },
    {
        "date": "2020-09-14T10:51:29Z",
        "value": "1221.3515625",
        "cumulative": false
    }
]