[
    {
        "date": "2020-12-08T11:32:33.740Z",
        "value": "10.15625",
        "cumulative": false
    },
    {
        "date": "2020-12-08T11:32:36.032Z",
        "value": "18.75",
        "cumulative": false
    },
    {
        "date": "2020-12-08T11:32:38.347Z",
        "value": "36.71875",
        "cumulative": false
    },
    {
        "date": "2020-12-08T11:32:40.617Z",
        "value": "41.40625",
        "cumulative": false
    },
    {
        "date": "2020-12-08T11:32:42.811Z",
        "value": "53.125",
        "cumulative": false
    },
    {
        "date": "2020-12-08T11:32:45.131Z",
        "value": "60.15625",
        "cumulative": false
    },
    {
        "date": "2020-12-08T11:32:47.336Z",
        "value": "64.0625",
        "cumulative": false
    },
    {
        "date": "2020-12-08T11:32:49.624Z",
        "value": "72.65625",
        "cumulative": false
    },
    {
        "date": "2020-12-08T11:32:51.864Z",
        "value": "71.875",
        "cumulative": false
    },
    {
        "date": "2020-12-08T11:32:54.236Z",
        "value": "67.1875",
        "cumulative": false
    },
    {
        "date": "2020-12-08T11:32:56.450Z",
        "value": "78.125",
        "cumulative": false
    },
    {
        "date": "2020-12-08T11:32:58.761Z",
        "value": "69.53125",
        "cumulative": false
    },
    {
        "date": "2020-12-08T11:33:01.066Z",
        "value": "85.9375",
        "cumulative": false
    },
    {
        "date": "2020-12-08T11:33:03.434Z",
        "value": "81.25",
        "cumulative": false
    }
]