[
    {
        "date": "2020-12-08T11:32:35.330Z",
        "value": "4.071071147918701",
        "cumulative": false
    },
    {
        "date": "2020-12-08T11:32:37.607Z",
        "value": "1.6898508071899414",
        "cumulative": false
    },
    {
        "date": "2020-12-08T11:32:39.926Z",
        "value": "1.6786894798278809",
        "cumulative": false
    },
    {
        "date": "2020-12-08T11:32:42.132Z",
        "value": "1.5831491947174072",
        "cumulative": false
    },
    {
        "date": "2020-12-08T11:32:44.445Z",
        "value": "1.742368459701538",
        "cumulative": false
    },
    {
        "date": "2020-12-08T11:32:46.639Z",
        "value": "1.6139626502990723",
        "cumulative": false
    },
    {
        "date": "2020-12-08T11:32:48.939Z",
        "value": "1.6941478252410889",
        "cumulative": false
    },
    {
        "date": "2020-12-08T11:32:51.145Z",
        "value": "1.6074769496917725",
        "cumulative": false
    },
    {
        "date": "2020-12-08T11:32:53.445Z",
        "value": "1.7025911808013916",
        "cumulative": false
    },
    {
        "date": "2020-12-08T11:32:55.789Z",
        "value": "1.6707773208618164",
        "cumulative": false
    },
    {
        "date": "2020-12-08T11:32:58.040Z",
        "value": "1.65089750289917",
        "cumulative": false
    },
    {
        "date": "2020-12-08T11:33:00.384Z",
        "value": "1.7038376331329346",
        "cumulative": false
    },
    {
        "date": "2020-12-08T11:33:02.739Z",
        "value": "1.7631628513336182",
        "cumulative": false
    },
    {
        "date": "2020-12-08T11:33:04.997Z",
        "value": "1.6589300632476807",
        "cumulative": false
    }
]