[
    {
        "date": "2020-12-08T11:32:33.741Z",
        "value": "55.46875",
        "cumulative": false
    },
    {
        "date": "2020-12-08T11:32:36.033Z",
        "value": "85.15625",
        "cumulative": false
    },
    {
        "date": "2020-12-08T11:32:38.348Z",
        "value": "87.5",
        "cumulative": false
    },
    {
        "date": "2020-12-08T11:32:40.619Z",
        "value": "92.96875",
        "cumulative": false
    },
    {
        "date": "2020-12-08T11:32:42.813Z",
        "value": "94.53125",
        "cumulative": false
    },
    {
        "date": "2020-12-08T11:32:45.135Z",
        "value": "94.53125",
        "cumulative": false
    },
    {
        "date": "2020-12-08T11:32:47.337Z",
        "value": "97.65625",
        "cumulative": false
    },
    {
        "date": "2020-12-08T11:32:49.624Z",
        "value": "97.65625",
        "cumulative": false
    },
    {
        "date": "2020-12-08T11:32:51.867Z",
        "value": "97.65625",
        "cumulative": false
    },
    {
        "date": "2020-12-08T11:32:54.238Z",
        "value": "96.875",
        "cumulative": false
    },
    {
        "date": "2020-12-08T11:32:56.452Z",
        "value": "99.21875",
        "cumulative": false
    },
    {
        "date": "2020-12-08T11:32:58.763Z",
        "value": "99.21875",
        "cumulative": false
    },
    {
        "date": "2020-12-08T11:33:01.068Z",
        "value": "98.4375",
        "cumulative": false
    },
    {
        "date": "2020-12-08T11:33:03.438Z",
        "value": "99.21875",
        "cumulative": false
    }
]