[
    {
        "date": "2020-12-08T11:32:35.326Z",
        "value": "0.13249421119689941",
        "cumulative": false
    },
    {
        "date": "2020-12-08T11:32:37.605Z",
        "value": "0.16266226768493652",
        "cumulative": false
    },
    {
        "date": "2020-12-08T11:32:39.926Z",
        "value": "0.1613917350769043",
        "cumulative": false
    },
    {
        "date": "2020-12-08T11:32:42.125Z",
        "value": "0.15972208976745605",
        "cumulative": false
    },
    {
        "date": "2020-12-08T11:32:44.457Z",
        "value": "0.1492903232574463",
        "cumulative": false
    },
    {
        "date": "2020-12-08T11:32:46.642Z",
        "value": "0.14887595176696777",
        "cumulative": false
    },
    {
        "date": "2020-12-08T11:32:48.942Z",
        "value": "0.148850679397583",
        "cumulative": false
    },
    {
        "date": "2020-12-08T11:32:51.144Z",
        "value": "0.1502683162689209",
        "cumulative": false
    },
    {
        "date": "2020-12-08T11:32:53.445Z",
        "value": "0.1375744342803955",
        "cumulative": false
    },
    {
        "date": "2020-12-08T11:32:55.797Z",
        "value": "0.153731107711792",
        "cumulative": false
    },
    {
        "date": "2020-12-08T11:32:58.037Z",
        "value": "0.15452075004577637",
        "cumulative": false
    },
    {
        "date": "2020-12-08T11:33:00.374Z",
        "value": "0.17172837257385254",
        "cumulative": false
    },
    {
        "date": "2020-12-08T11:33:02.735Z",
        "value": "0.1602475643157959",
        "cumulative": false
    },
    {
        "date": "2020-12-08T11:33:04.993Z",
        "value": "0.14951205253601074",
        "cumulative": false
    }
]