[
    {
        "date": "2020-12-08T11:32:35.330Z",
        "value": "0.10828232765197754",
        "cumulative": false
    },
    {
        "date": "2020-12-08T11:32:37.609Z",
        "value": "0.09277701377868652",
        "cumulative": false
    },
    {
        "date": "2020-12-08T11:32:39.920Z",
        "value": "0.11475396156311035",
        "cumulative": false
    },
    {
        "date": "2020-12-08T11:32:42.125Z",
        "value": "0.1177072525024414",
        "cumulative": false
    },
    {
        "date": "2020-12-08T11:32:44.455Z",
        "value": "0.10825157165527344",
        "cumulative": false
    },
    {
        "date": "2020-12-08T11:32:46.638Z",
        "value": "0.10719847679138184",
        "cumulative": false
    },
    {
        "date": "2020-12-08T11:32:48.937Z",
        "value": "0.09493565559387207",
        "cumulative": false
    },
    {
        "date": "2020-12-08T11:32:51.136Z",
        "value": "0.10767745971679688",
        "cumulative": false
    },
    {
        "date": "2020-12-08T11:32:53.438Z",
        "value": "0.10687899589538574",
        "cumulative": false
    },
    {
        "date": "2020-12-08T11:32:55.784Z",
        "value": "0.11837434768676758",
        "cumulative": false
    },
    {
        "date": "2020-12-08T11:32:58.035Z",
        "value": "0.10594010353088379",
        "cumulative": false
    },
    {
        "date": "2020-12-08T11:33:00.373Z",
        "value": "0.10993432998657227",
        "cumulative": false
    },
    {
        "date": "2020-12-08T11:33:02.733Z",
        "value": "0.1284794807434082",
        "cumulative": false
    },
    {
        "date": "2020-12-08T11:33:04.988Z",
        "value": "0.09657049179077148",
        "cumulative": false
    }
]