[
    {
        "date": "2020-12-08T11:32:35.344Z",
        "value": "4.071040630340576",
        "cumulative": false
    },
    {
        "date": "2020-12-08T11:32:37.609Z",
        "value": "1.682765007019043",
        "cumulative": false
    },
    {
        "date": "2020-12-08T11:32:39.947Z",
        "value": "1.6800265312194824",
        "cumulative": false
    },
    {
        "date": "2020-12-08T11:32:42.133Z",
        "value": "1.5733330249786377",
        "cumulative": false
    },
    {
        "date": "2020-12-08T11:32:44.460Z",
        "value": "1.732525110244751",
        "cumulative": false
    },
    {
        "date": "2020-12-08T11:32:46.647Z",
        "value": "1.61381196975708",
        "cumulative": false
    },
    {
        "date": "2020-12-08T11:32:48.953Z",
        "value": "1.7094814777374268",
        "cumulative": false
    },
    {
        "date": "2020-12-08T11:32:51.161Z",
        "value": "1.5985465049743652",
        "cumulative": false
    },
    {
        "date": "2020-12-08T11:32:53.461Z",
        "value": "1.693882703781128",
        "cumulative": false
    },
    {
        "date": "2020-12-08T11:32:55.797Z",
        "value": "1.675288200378418",
        "cumulative": false
    },
    {
        "date": "2020-12-08T11:32:58.049Z",
        "value": "1.677208662033081",
        "cumulative": false
    },
    {
        "date": "2020-12-08T11:33:00.386Z",
        "value": "1.6961793899536133",
        "cumulative": false
    },
    {
        "date": "2020-12-08T11:33:02.745Z",
        "value": "1.7644596099853516",
        "cumulative": false
    },
    {
        "date": "2020-12-08T11:33:05.007Z",
        "value": "1.6545171737670898",
        "cumulative": false
    }
]