[
    {
        "date": "2020-12-08T11:32:35.340Z",
        "value": "6.270408630371094e-05",
        "cumulative": false
    },
    {
        "date": "2020-12-08T11:32:37.621Z",
        "value": "6.771087646484375e-05",
        "cumulative": false
    },
    {
        "date": "2020-12-08T11:32:39.937Z",
        "value": "7.104873657226562e-05",
        "cumulative": false
    },
    {
        "date": "2020-12-08T11:32:42.131Z",
        "value": "6.29425048828125e-05",
        "cumulative": false
    },
    {
        "date": "2020-12-08T11:32:44.460Z",
        "value": "6.151199340820312e-05",
        "cumulative": false
    },
    {
        "date": "2020-12-08T11:32:46.643Z",
        "value": "6.461143493652344e-05",
        "cumulative": false
    },
    {
        "date": "2020-12-08T11:32:48.945Z",
        "value": "7.43865966796875e-05",
        "cumulative": false
    },
    {
        "date": "2020-12-08T11:32:51.150Z",
        "value": "6.318092346191406e-05",
        "cumulative": false
    },
    {
        "date": "2020-12-08T11:32:53.456Z",
        "value": "6.532669067382812e-05",
        "cumulative": false
    },
    {
        "date": "2020-12-08T11:32:55.793Z",
        "value": "7.486343383789062e-05",
        "cumulative": false
    },
    {
        "date": "2020-12-08T11:32:58.050Z",
        "value": "6.937980651855469e-05",
        "cumulative": false
    },
    {
        "date": "2020-12-08T11:33:00.383Z",
        "value": "7.104873657226562e-05",
        "cumulative": false
    },
    {
        "date": "2020-12-08T11:33:02.743Z",
        "value": "6.365776062011719e-05",
        "cumulative": false
    },
    {
        "date": "2020-12-08T11:33:05.001Z",
        "value": "6.628036499023438e-05",
        "cumulative": false
    }
]