[
    {
        "date": "2020-12-08T11:32:33.745Z",
        "value": "51.5625",
        "cumulative": false
    },
    {
        "date": "2020-12-08T11:32:36.037Z",
        "value": "81.25",
        "cumulative": false
    },
    {
        "date": "2020-12-08T11:32:38.351Z",
        "value": "88.28125",
        "cumulative": false
    },
    {
        "date": "2020-12-08T11:32:40.625Z",
        "value": "95.3125",
        "cumulative": false
    },
    {
        "date": "2020-12-08T11:32:42.817Z",
        "value": "96.09375",
        "cumulative": false
    },
    {
        "date": "2020-12-08T11:32:45.136Z",
        "value": "96.875",
        "cumulative": false
    },
    {
        "date": "2020-12-08T11:32:47.341Z",
        "value": "96.875",
        "cumulative": false
    },
    {
        "date": "2020-12-08T11:32:49.630Z",
        "value": "92.96875",
        "cumulative": false
    },
    {
        "date": "2020-12-08T11:32:51.874Z",
        "value": "98.4375",
        "cumulative": false
    },
    {
        "date": "2020-12-08T11:32:54.242Z",
        "value": "96.875",
        "cumulative": false
    },
    {
        "date": "2020-12-08T11:32:56.455Z",
        "value": "99.21875",
        "cumulative": false
    },
    {
        "date": "2020-12-08T11:32:58.768Z",
        "value": "96.875",
        "cumulative": false
    },
    {
        "date": "2020-12-08T11:33:01.072Z",
        "value": "100.0",
        "cumulative": false
    },
    {
        "date": "2020-12-08T11:33:03.439Z",
        "value": "100.0",
        "cumulative": false
    }
]