[
    {
        "date": "2020-12-08T11:32:35.330Z",
        "value": "1.62532639503479",
        "cumulative": false
    },
    {
        "date": "2020-12-08T11:32:37.609Z",
        "value": "1.269730806350708",
        "cumulative": false
    },
    {
        "date": "2020-12-08T11:32:39.920Z",
        "value": "1.1937510967254639",
        "cumulative": false
    },
    {
        "date": "2020-12-08T11:32:42.125Z",
        "value": "1.1128227710723877",
        "cumulative": false
    },
    {
        "date": "2020-12-08T11:32:44.455Z",
        "value": "1.3019204139709473",
        "cumulative": false
    },
    {
        "date": "2020-12-08T11:32:46.638Z",
        "value": "1.157386302947998",
        "cumulative": false
    },
    {
        "date": "2020-12-08T11:32:48.937Z",
        "value": "1.257187843322754",
        "cumulative": false
    },
    {
        "date": "2020-12-08T11:32:51.136Z",
        "value": "1.1171531677246094",
        "cumulative": false
    },
    {
        "date": "2020-12-08T11:32:53.438Z",
        "value": "1.250058650970459",
        "cumulative": false
    },
    {
        "date": "2020-12-08T11:32:55.784Z",
        "value": "1.1994259357452393",
        "cumulative": false
    },
    {
        "date": "2020-12-08T11:32:58.035Z",
        "value": "1.1887736320495605",
        "cumulative": false
    },
    {
        "date": "2020-12-08T11:33:00.373Z",
        "value": "1.1871814727783203",
        "cumulative": false
    },
    {
        "date": "2020-12-08T11:33:02.733Z",
        "value": "1.2329251766204834",
        "cumulative": false
    },
    {
        "date": "2020-12-08T11:33:04.988Z",
        "value": "1.2151939868927002",
        "cumulative": false
    }
]