[
    {
        "date": "2020-12-08T11:32:33.744Z",
        "value": "41.40625",
        "cumulative": false
    },
    {
        "date": "2020-12-08T11:32:36.040Z",
        "value": "82.8125",
        "cumulative": false
    },
    {
        "date": "2020-12-08T11:32:38.357Z",
        "value": "91.40625",
        "cumulative": false
    },
    {
        "date": "2020-12-08T11:32:40.628Z",
        "value": "92.1875",
        "cumulative": false
    },
    {
        "date": "2020-12-08T11:32:42.829Z",
        "value": "95.3125",
        "cumulative": false
    },
    {
        "date": "2020-12-08T11:32:45.141Z",
        "value": "94.53125",
        "cumulative": false
    },
    {
        "date": "2020-12-08T11:32:47.347Z",
        "value": "98.4375",
        "cumulative": false
    },
    {
        "date": "2020-12-08T11:32:49.634Z",
        "value": "97.65625",
        "cumulative": false
    },
    {
        "date": "2020-12-08T11:32:51.884Z",
        "value": "96.875",
        "cumulative": false
    },
    {
        "date": "2020-12-08T11:32:54.246Z",
        "value": "97.65625",
        "cumulative": false
    },
    {
        "date": "2020-12-08T11:32:56.459Z",
        "value": "96.875",
        "cumulative": false
    },
    {
        "date": "2020-12-08T11:32:58.772Z",
        "value": "99.21875",
        "cumulative": false
    },
    {
        "date": "2020-12-08T11:33:01.078Z",
        "value": "99.21875",
        "cumulative": false
    },
    {
        "date": "2020-12-08T11:33:03.443Z",
        "value": "100.0",
        "cumulative": false
    }
]