[
    {
        "date": "2020-12-08T11:32:33.739Z",
        "value": "12.5",
        "cumulative": false
    },
    {
        "date": "2020-12-08T11:32:36.030Z",
        "value": "19.53125",
        "cumulative": false
    },
    {
        "date": "2020-12-08T11:32:38.345Z",
        "value": "38.28125",
        "cumulative": false
    },
    {
        "date": "2020-12-08T11:32:40.616Z",
        "value": "50.0",
        "cumulative": false
    },
    {
        "date": "2020-12-08T11:32:42.815Z",
        "value": "56.25",
        "cumulative": false
    },
    {
        "date": "2020-12-08T11:32:45.135Z",
        "value": "67.96875",
        "cumulative": false
    },
    {
        "date": "2020-12-08T11:32:47.334Z",
        "value": "64.84375",
        "cumulative": false
    },
    {
        "date": "2020-12-08T11:32:49.622Z",
        "value": "73.4375",
        "cumulative": false
    },
    {
        "date": "2020-12-08T11:32:51.863Z",
        "value": "71.09375",
        "cumulative": false
    },
    {
        "date": "2020-12-08T11:32:54.237Z",
        "value": "71.875",
        "cumulative": false
    },
    {
        "date": "2020-12-08T11:32:56.449Z",
        "value": "78.125",
        "cumulative": false
    },
    {
        "date": "2020-12-08T11:32:58.763Z",
        "value": "84.375",
        "cumulative": false
    },
    {
        "date": "2020-12-08T11:33:01.065Z",
        "value": "77.34375",
        "cumulative": false
    },
    {
        "date": "2020-12-08T11:33:03.434Z",
        "value": "82.03125",
        "cumulative": false
    }
]