[
    {
        "date": "2020-12-08T11:32:35.340Z",
        "value": "0.0053904056549072266",
        "cumulative": false
    },
    {
        "date": "2020-12-08T11:32:37.612Z",
        "value": "0.0052301883697509766",
        "cumulative": false
    },
    {
        "date": "2020-12-08T11:32:39.933Z",
        "value": "0.005076885223388672",
        "cumulative": false
    },
    {
        "date": "2020-12-08T11:32:42.134Z",
        "value": "0.005547285079956055",
        "cumulative": false
    },
    {
        "date": "2020-12-08T11:32:44.448Z",
        "value": "0.0048961639404296875",
        "cumulative": false
    },
    {
        "date": "2020-12-08T11:32:46.641Z",
        "value": "0.0059244632720947266",
        "cumulative": false
    },
    {
        "date": "2020-12-08T11:32:48.943Z",
        "value": "0.0049173831939697266",
        "cumulative": false
    },
    {
        "date": "2020-12-08T11:32:51.146Z",
        "value": "0.005020856857299805",
        "cumulative": false
    },
    {
        "date": "2020-12-08T11:32:53.458Z",
        "value": "0.005204200744628906",
        "cumulative": false
    },
    {
        "date": "2020-12-08T11:32:55.804Z",
        "value": "0.005246639251708984",
        "cumulative": false
    },
    {
        "date": "2020-12-08T11:32:58.042Z",
        "value": "0.0047147274017333984",
        "cumulative": false
    },
    {
        "date": "2020-12-08T11:33:00.380Z",
        "value": "0.0052585601806640625",
        "cumulative": false
    },
    {
        "date": "2020-12-08T11:33:02.747Z",
        "value": "0.005474090576171875",
        "cumulative": false
    },
    {
        "date": "2020-12-08T11:33:04.999Z",
        "value": "0.00503993034362793",
        "cumulative": false
    }
]