[
    {
        "date": "2020-12-08T11:32:33.741Z",
        "value": "2.612445831298828",
        "cumulative": false
    },
    {
        "date": "2020-12-08T11:32:36.039Z",
        "value": "1.9932297468185425",
        "cumulative": false
    },
    {
        "date": "2020-12-08T11:32:38.357Z",
        "value": "1.542144775390625",
        "cumulative": false
    },
    {
        "date": "2020-12-08T11:32:40.627Z",
        "value": "1.399002194404602",
        "cumulative": false
    },
    {
        "date": "2020-12-08T11:32:42.829Z",
        "value": "1.1785448789596558",
        "cumulative": false
    },
    {
        "date": "2020-12-08T11:32:45.141Z",
        "value": "1.1282199621200562",
        "cumulative": false
    },
    {
        "date": "2020-12-08T11:32:47.347Z",
        "value": "0.8983799815177917",
        "cumulative": false
    },
    {
        "date": "2020-12-08T11:32:49.634Z",
        "value": "0.755212128162384",
        "cumulative": false
    },
    {
        "date": "2020-12-08T11:32:51.884Z",
        "value": "0.7064182758331299",
        "cumulative": false
    },
    {
        "date": "2020-12-08T11:32:54.246Z",
        "value": "0.855163037776947",
        "cumulative": false
    },
    {
        "date": "2020-12-08T11:32:56.459Z",
        "value": "0.6445493698120117",
        "cumulative": false
    },
    {
        "date": "2020-12-08T11:32:58.772Z",
        "value": "0.7027313113212585",
        "cumulative": false
    },
    {
        "date": "2020-12-08T11:33:01.077Z",
        "value": "0.5703141689300537",
        "cumulative": false
    },
    {
        "date": "2020-12-08T11:33:03.443Z",
        "value": "0.5347432494163513",
        "cumulative": false
    }
]