[
    {
        "date": "2020-12-08T11:32:35.337Z",
        "value": "0.0053958892822265625",
        "cumulative": false
    },
    {
        "date": "2020-12-08T11:32:37.605Z",
        "value": "0.005524158477783203",
        "cumulative": false
    },
    {
        "date": "2020-12-08T11:32:39.933Z",
        "value": "0.006258249282836914",
        "cumulative": false
    },
    {
        "date": "2020-12-08T11:32:42.135Z",
        "value": "0.005640983581542969",
        "cumulative": false
    },
    {
        "date": "2020-12-08T11:32:44.449Z",
        "value": "0.004572629928588867",
        "cumulative": false
    },
    {
        "date": "2020-12-08T11:32:46.641Z",
        "value": "0.005186796188354492",
        "cumulative": false
    },
    {
        "date": "2020-12-08T11:32:48.943Z",
        "value": "0.005609750747680664",
        "cumulative": false
    },
    {
        "date": "2020-12-08T11:32:51.150Z",
        "value": "0.005387783050537109",
        "cumulative": false
    },
    {
        "date": "2020-12-08T11:32:53.447Z",
        "value": "0.005337953567504883",
        "cumulative": false
    },
    {
        "date": "2020-12-08T11:32:55.798Z",
        "value": "0.005747318267822266",
        "cumulative": false
    },
    {
        "date": "2020-12-08T11:32:58.043Z",
        "value": "0.00517582893371582",
        "cumulative": false
    },
    {
        "date": "2020-12-08T11:33:00.386Z",
        "value": "0.00542140007019043",
        "cumulative": false
    },
    {
        "date": "2020-12-08T11:33:02.744Z",
        "value": "0.0047914981842041016",
        "cumulative": false
    },
    {
        "date": "2020-12-08T11:33:04.993Z",
        "value": "0.0049016475677490234",
        "cumulative": false
    }
]