[
    {
        "date": "2020-12-08T11:32:35.326Z",
        "value": "2.428807020187378",
        "cumulative": false
    },
    {
        "date": "2020-12-08T11:32:37.605Z",
        "value": "0.18036770820617676",
        "cumulative": false
    },
    {
        "date": "2020-12-08T11:32:39.926Z",
        "value": "0.18402433395385742",
        "cumulative": false
    },
    {
        "date": "2020-12-08T11:32:42.125Z",
        "value": "0.1844310760498047",
        "cumulative": false
    },
    {
        "date": "2020-12-08T11:32:44.457Z",
        "value": "0.17231512069702148",
        "cumulative": false
    },
    {
        "date": "2020-12-08T11:32:46.642Z",
        "value": "0.19323444366455078",
        "cumulative": false
    },
    {
        "date": "2020-12-08T11:32:48.942Z",
        "value": "0.1827225685119629",
        "cumulative": false
    },
    {
        "date": "2020-12-08T11:32:51.144Z",
        "value": "0.15952014923095703",
        "cumulative": false
    },
    {
        "date": "2020-12-08T11:32:53.445Z",
        "value": "0.187882661819458",
        "cumulative": false
    },
    {
        "date": "2020-12-08T11:32:55.797Z",
        "value": "0.18110013008117676",
        "cumulative": false
    },
    {
        "date": "2020-12-08T11:32:58.037Z",
        "value": "0.1865990161895752",
        "cumulative": false
    },
    {
        "date": "2020-12-08T11:33:00.374Z",
        "value": "0.1922769546508789",
        "cumulative": false
    },
    {
        "date": "2020-12-08T11:33:02.735Z",
        "value": "0.15681838989257812",
        "cumulative": false
    },
    {
        "date": "2020-12-08T11:33:04.993Z",
        "value": "0.17185759544372559",
        "cumulative": false
    }
]