[
    {
        "date": "2020-12-08T11:32:33.748Z",
        "value": "49.21875",
        "cumulative": false
    },
    {
        "date": "2020-12-08T11:32:36.039Z",
        "value": "79.6875",
        "cumulative": false
    },
    {
        "date": "2020-12-08T11:32:38.354Z",
        "value": "83.59375",
        "cumulative": false
    },
    {
        "date": "2020-12-08T11:32:40.626Z",
        "value": "95.3125",
        "cumulative": false
    },
    {
        "date": "2020-12-08T11:32:42.819Z",
        "value": "92.1875",
        "cumulative": false
    },
    {
        "date": "2020-12-08T11:32:45.139Z",
        "value": "94.53125",
        "cumulative": false
    },
    {
        "date": "2020-12-08T11:32:47.343Z",
        "value": "96.875",
        "cumulative": false
    },
    {
        "date": "2020-12-08T11:32:49.630Z",
        "value": "98.4375",
        "cumulative": false
    },
    {
        "date": "2020-12-08T11:32:51.872Z",
        "value": "98.4375",
        "cumulative": false
    },
    {
        "date": "2020-12-08T11:32:54.244Z",
        "value": "98.4375",
        "cumulative": false
    },
    {
        "date": "2020-12-08T11:32:56.458Z",
        "value": "99.21875",
        "cumulative": false
    },
    {
        "date": "2020-12-08T11:32:58.770Z",
        "value": "100.0",
        "cumulative": false
    },
    {
        "date": "2020-12-08T11:33:01.074Z",
        "value": "100.0",
        "cumulative": false
    },
    {
        "date": "2020-12-08T11:33:03.442Z",
        "value": "100.0",
        "cumulative": false
    }
]