[
    {
        "date": "2020-12-08T11:32:35.334Z",
        "value": "0.01715397834777832",
        "cumulative": false
    },
    {
        "date": "2020-12-08T11:32:37.608Z",
        "value": "0.01621699333190918",
        "cumulative": false
    },
    {
        "date": "2020-12-08T11:32:39.926Z",
        "value": "0.01670217514038086",
        "cumulative": false
    },
    {
        "date": "2020-12-08T11:32:42.132Z",
        "value": "0.016962528228759766",
        "cumulative": false
    },
    {
        "date": "2020-12-08T11:32:44.445Z",
        "value": "0.014930486679077148",
        "cumulative": false
    },
    {
        "date": "2020-12-08T11:32:46.639Z",
        "value": "0.01705002784729004",
        "cumulative": false
    },
    {
        "date": "2020-12-08T11:32:48.939Z",
        "value": "0.015331506729125977",
        "cumulative": false
    },
    {
        "date": "2020-12-08T11:32:51.145Z",
        "value": "0.018110990524291992",
        "cumulative": false
    },
    {
        "date": "2020-12-08T11:32:53.446Z",
        "value": "0.01775383949279785",
        "cumulative": false
    },
    {
        "date": "2020-12-08T11:32:55.790Z",
        "value": "0.016424179077148438",
        "cumulative": false
    },
    {
        "date": "2020-12-08T11:32:58.041Z",
        "value": "0.01674628257751465",
        "cumulative": false
    },
    {
        "date": "2020-12-08T11:33:00.385Z",
        "value": "0.016342639923095703",
        "cumulative": false
    },
    {
        "date": "2020-12-08T11:33:02.739Z",
        "value": "0.018286943435668945",
        "cumulative": false
    },
    {
        "date": "2020-12-08T11:33:04.997Z",
        "value": "0.01508331298828125",
        "cumulative": false
    }
]