[
    {
        "date": "2020-12-08T11:32:33.746Z",
        "value": "7.03125",
        "cumulative": false
    },
    {
        "date": "2020-12-08T11:32:36.039Z",
        "value": "23.4375",
        "cumulative": false
    },
    {
        "date": "2020-12-08T11:32:38.354Z",
        "value": "42.96875",
        "cumulative": false
    },
    {
        "date": "2020-12-08T11:32:40.626Z",
        "value": "51.5625",
        "cumulative": false
    },
    {
        "date": "2020-12-08T11:32:42.819Z",
        "value": "60.15625",
        "cumulative": false
    },
    {
        "date": "2020-12-08T11:32:45.139Z",
        "value": "55.46875",
        "cumulative": false
    },
    {
        "date": "2020-12-08T11:32:47.343Z",
        "value": "64.84375",
        "cumulative": false
    },
    {
        "date": "2020-12-08T11:32:49.630Z",
        "value": "69.53125",
        "cumulative": false
    },
    {
        "date": "2020-12-08T11:32:51.872Z",
        "value": "72.65625",
        "cumulative": false
    },
    {
        "date": "2020-12-08T11:32:54.244Z",
        "value": "76.5625",
        "cumulative": false
    },
    {
        "date": "2020-12-08T11:32:56.458Z",
        "value": "79.6875",
        "cumulative": false
    },
    {
        "date": "2020-12-08T11:32:58.770Z",
        "value": "77.34375",
        "cumulative": false
    },
    {
        "date": "2020-12-08T11:33:01.074Z",
        "value": "82.03125",
        "cumulative": false
    },
    {
        "date": "2020-12-08T11:33:03.442Z",
        "value": "85.9375",
        "cumulative": false
    }
]