[
    {
        "date": "2020-12-08T11:32:33.744Z",
        "value": "5.46875",
        "cumulative": false
    },
    {
        "date": "2020-12-08T11:32:36.037Z",
        "value": "28.90625",
        "cumulative": false
    },
    {
        "date": "2020-12-08T11:32:38.351Z",
        "value": "34.375",
        "cumulative": false
    },
    {
        "date": "2020-12-08T11:32:40.625Z",
        "value": "43.75",
        "cumulative": false
    },
    {
        "date": "2020-12-08T11:32:42.817Z",
        "value": "46.875",
        "cumulative": false
    },
    {
        "date": "2020-12-08T11:32:45.136Z",
        "value": "65.625",
        "cumulative": false
    },
    {
        "date": "2020-12-08T11:32:47.341Z",
        "value": "69.53125",
        "cumulative": false
    },
    {
        "date": "2020-12-08T11:32:49.630Z",
        "value": "75.0",
        "cumulative": false
    },
    {
        "date": "2020-12-08T11:32:51.874Z",
        "value": "82.8125",
        "cumulative": false
    },
    {
        "date": "2020-12-08T11:32:54.242Z",
        "value": "75.0",
        "cumulative": false
    },
    {
        "date": "2020-12-08T11:32:56.455Z",
        "value": "75.78125",
        "cumulative": false
    },
    {
        "date": "2020-12-08T11:32:58.767Z",
        "value": "82.8125",
        "cumulative": false
    },
    {
        "date": "2020-12-08T11:33:01.072Z",
        "value": "82.03125",
        "cumulative": false
    },
    {
        "date": "2020-12-08T11:33:03.439Z",
        "value": "80.46875",
        "cumulative": false
    }
]