[
    {
        "date": "2020-12-08T11:32:35.332Z",
        "value": "0.010181427001953125",
        "cumulative": false
    },
    {
        "date": "2020-12-08T11:32:37.607Z",
        "value": "0.008450984954833984",
        "cumulative": false
    },
    {
        "date": "2020-12-08T11:32:39.926Z",
        "value": "0.011937141418457031",
        "cumulative": false
    },
    {
        "date": "2020-12-08T11:32:42.132Z",
        "value": "0.010111808776855469",
        "cumulative": false
    },
    {
        "date": "2020-12-08T11:32:44.445Z",
        "value": "0.008402347564697266",
        "cumulative": false
    },
    {
        "date": "2020-12-08T11:32:46.639Z",
        "value": "0.008171319961547852",
        "cumulative": false
    },
    {
        "date": "2020-12-08T11:32:48.939Z",
        "value": "0.008069276809692383",
        "cumulative": false
    },
    {
        "date": "2020-12-08T11:32:51.145Z",
        "value": "0.008944034576416016",
        "cumulative": false
    },
    {
        "date": "2020-12-08T11:32:53.446Z",
        "value": "0.008266210556030273",
        "cumulative": false
    },
    {
        "date": "2020-12-08T11:32:55.789Z",
        "value": "0.008632183074951172",
        "cumulative": false
    },
    {
        "date": "2020-12-08T11:32:58.041Z",
        "value": "0.007901430130004883",
        "cumulative": false
    },
    {
        "date": "2020-12-08T11:33:00.384Z",
        "value": "0.009024381637573242",
        "cumulative": false
    },
    {
        "date": "2020-12-08T11:33:02.739Z",
        "value": "0.009041070938110352",
        "cumulative": false
    },
    {
        "date": "2020-12-08T11:33:04.997Z",
        "value": "0.00940394401550293",
        "cumulative": false
    }
]