[
    {
        "date": "2020-12-08T11:32:35.332Z",
        "value": "0.0043141841888427734",
        "cumulative": false
    },
    {
        "date": "2020-12-08T11:32:37.600Z",
        "value": "0.004290580749511719",
        "cumulative": false
    },
    {
        "date": "2020-12-08T11:32:39.926Z",
        "value": "0.004306316375732422",
        "cumulative": false
    },
    {
        "date": "2020-12-08T11:32:42.126Z",
        "value": "0.004406929016113281",
        "cumulative": false
    },
    {
        "date": "2020-12-08T11:32:44.450Z",
        "value": "0.004405975341796875",
        "cumulative": false
    },
    {
        "date": "2020-12-08T11:32:46.638Z",
        "value": "0.003921031951904297",
        "cumulative": false
    },
    {
        "date": "2020-12-08T11:32:48.939Z",
        "value": "0.004219532012939453",
        "cumulative": false
    },
    {
        "date": "2020-12-08T11:32:51.151Z",
        "value": "0.00415802001953125",
        "cumulative": false
    },
    {
        "date": "2020-12-08T11:32:53.444Z",
        "value": "0.00405120849609375",
        "cumulative": false
    },
    {
        "date": "2020-12-08T11:32:55.789Z",
        "value": "0.004473447799682617",
        "cumulative": false
    },
    {
        "date": "2020-12-08T11:32:58.039Z",
        "value": "0.0041959285736083984",
        "cumulative": false
    },
    {
        "date": "2020-12-08T11:33:00.380Z",
        "value": "0.004318714141845703",
        "cumulative": false
    },
    {
        "date": "2020-12-08T11:33:02.743Z",
        "value": "0.004263639450073242",
        "cumulative": false
    },
    {
        "date": "2020-12-08T11:33:04.991Z",
        "value": "0.004064798355102539",
        "cumulative": false
    }
]