[
    {
        "date": "2020-12-08T11:32:33.742Z",
        "value": "11.71875",
        "cumulative": false
    },
    {
        "date": "2020-12-08T11:32:36.032Z",
        "value": "20.3125",
        "cumulative": false
    },
    {
        "date": "2020-12-08T11:32:38.349Z",
        "value": "28.125",
        "cumulative": false
    },
    {
        "date": "2020-12-08T11:32:40.617Z",
        "value": "55.46875",
        "cumulative": false
    },
    {
        "date": "2020-12-08T11:32:42.812Z",
        "value": "53.125",
        "cumulative": false
    },
    {
        "date": "2020-12-08T11:32:45.132Z",
        "value": "59.375",
        "cumulative": false
    },
    {
        "date": "2020-12-08T11:32:47.336Z",
        "value": "67.1875",
        "cumulative": false
    },
    {
        "date": "2020-12-08T11:32:49.623Z",
        "value": "68.75",
        "cumulative": false
    },
    {
        "date": "2020-12-08T11:32:51.867Z",
        "value": "69.53125",
        "cumulative": false
    },
    {
        "date": "2020-12-08T11:32:54.236Z",
        "value": "69.53125",
        "cumulative": false
    },
    {
        "date": "2020-12-08T11:32:56.450Z",
        "value": "74.21875",
        "cumulative": false
    },
    {
        "date": "2020-12-08T11:32:58.762Z",
        "value": "75.78125",
        "cumulative": false
    },
    {
        "date": "2020-12-08T11:33:01.068Z",
        "value": "80.46875",
        "cumulative": false
    },
    {
        "date": "2020-12-08T11:33:03.435Z",
        "value": "85.9375",
        "cumulative": false
    }
]