[
    {
        "date": "2020-12-08T11:32:33.743Z",
        "value": "47.65625",
        "cumulative": false
    },
    {
        "date": "2020-12-08T11:32:36.032Z",
        "value": "76.5625",
        "cumulative": false
    },
    {
        "date": "2020-12-08T11:32:38.349Z",
        "value": "87.5",
        "cumulative": false
    },
    {
        "date": "2020-12-08T11:32:40.617Z",
        "value": "94.53125",
        "cumulative": false
    },
    {
        "date": "2020-12-08T11:32:42.812Z",
        "value": "94.53125",
        "cumulative": false
    },
    {
        "date": "2020-12-08T11:32:45.132Z",
        "value": "98.4375",
        "cumulative": false
    },
    {
        "date": "2020-12-08T11:32:47.336Z",
        "value": "95.3125",
        "cumulative": false
    },
    {
        "date": "2020-12-08T11:32:49.623Z",
        "value": "96.09375",
        "cumulative": false
    },
    {
        "date": "2020-12-08T11:32:51.867Z",
        "value": "100.0",
        "cumulative": false
    },
    {
        "date": "2020-12-08T11:32:54.236Z",
        "value": "100.0",
        "cumulative": false
    },
    {
        "date": "2020-12-08T11:32:56.450Z",
        "value": "98.4375",
        "cumulative": false
    },
    {
        "date": "2020-12-08T11:32:58.762Z",
        "value": "100.0",
        "cumulative": false
    },
    {
        "date": "2020-12-08T11:33:01.068Z",
        "value": "100.0",
        "cumulative": false
    },
    {
        "date": "2020-12-08T11:33:03.435Z",
        "value": "100.0",
        "cumulative": false
    }
]