[
    {
        "date": "2020-12-08T11:32:35.330Z",
        "value": "0.13898658752441406",
        "cumulative": false
    },
    {
        "date": "2020-12-08T11:32:37.610Z",
        "value": "0.15280818939208984",
        "cumulative": false
    },
    {
        "date": "2020-12-08T11:32:39.932Z",
        "value": "0.13114047050476074",
        "cumulative": false
    },
    {
        "date": "2020-12-08T11:32:42.130Z",
        "value": "0.13404130935668945",
        "cumulative": false
    },
    {
        "date": "2020-12-08T11:32:44.448Z",
        "value": "0.14465546607971191",
        "cumulative": false
    },
    {
        "date": "2020-12-08T11:32:46.641Z",
        "value": "0.15811586380004883",
        "cumulative": false
    },
    {
        "date": "2020-12-08T11:32:48.948Z",
        "value": "0.1618354320526123",
        "cumulative": false
    },
    {
        "date": "2020-12-08T11:32:51.147Z",
        "value": "0.14534640312194824",
        "cumulative": false
    },
    {
        "date": "2020-12-08T11:32:53.445Z",
        "value": "0.15042448043823242",
        "cumulative": false
    },
    {
        "date": "2020-12-08T11:32:55.793Z",
        "value": "0.15724492073059082",
        "cumulative": false
    },
    {
        "date": "2020-12-08T11:32:58.042Z",
        "value": "0.16173768043518066",
        "cumulative": false
    },
    {
        "date": "2020-12-08T11:33:00.378Z",
        "value": "0.14780688285827637",
        "cumulative": false
    },
    {
        "date": "2020-12-08T11:33:02.741Z",
        "value": "0.139678955078125",
        "cumulative": false
    },
    {
        "date": "2020-12-08T11:33:05.000Z",
        "value": "0.14545488357543945",
        "cumulative": false
    }
]