[
    {
        "date": "2020-12-08T11:32:35.330Z",
        "value": "0.01451253890991211",
        "cumulative": false
    },
    {
        "date": "2020-12-08T11:32:37.609Z",
        "value": "0.012424707412719727",
        "cumulative": false
    },
    {
        "date": "2020-12-08T11:32:39.920Z",
        "value": "0.014209747314453125",
        "cumulative": false
    },
    {
        "date": "2020-12-08T11:32:42.125Z",
        "value": "0.013876914978027344",
        "cumulative": false
    },
    {
        "date": "2020-12-08T11:32:44.455Z",
        "value": "0.013799190521240234",
        "cumulative": false
    },
    {
        "date": "2020-12-08T11:32:46.638Z",
        "value": "0.01350092887878418",
        "cumulative": false
    },
    {
        "date": "2020-12-08T11:32:48.937Z",
        "value": "0.012315988540649414",
        "cumulative": false
    },
    {
        "date": "2020-12-08T11:32:51.136Z",
        "value": "0.013764619827270508",
        "cumulative": false
    },
    {
        "date": "2020-12-08T11:32:53.438Z",
        "value": "0.014763593673706055",
        "cumulative": false
    },
    {
        "date": "2020-12-08T11:32:55.784Z",
        "value": "0.014283180236816406",
        "cumulative": false
    },
    {
        "date": "2020-12-08T11:32:58.035Z",
        "value": "0.013566017150878906",
        "cumulative": false
    },
    {
        "date": "2020-12-08T11:33:00.373Z",
        "value": "0.016390085220336914",
        "cumulative": false
    },
    {
        "date": "2020-12-08T11:33:02.733Z",
        "value": "0.015719890594482422",
        "cumulative": false
    },
    {
        "date": "2020-12-08T11:33:04.988Z",
        "value": "0.013777732849121094",
        "cumulative": false
    }
]