[
    {
        "date": "2020-12-08T11:32:35.330Z",
        "value": "0.12790799140930176",
        "cumulative": false
    },
    {
        "date": "2020-12-08T11:32:37.610Z",
        "value": "0.13069415092468262",
        "cumulative": false
    },
    {
        "date": "2020-12-08T11:32:39.932Z",
        "value": "0.11333036422729492",
        "cumulative": false
    },
    {
        "date": "2020-12-08T11:32:42.130Z",
        "value": "0.1286013126373291",
        "cumulative": false
    },
    {
        "date": "2020-12-08T11:32:44.448Z",
        "value": "0.10756635665893555",
        "cumulative": false
    },
    {
        "date": "2020-12-08T11:32:46.641Z",
        "value": "0.12082338333129883",
        "cumulative": false
    },
    {
        "date": "2020-12-08T11:32:48.948Z",
        "value": "0.11656332015991211",
        "cumulative": false
    },
    {
        "date": "2020-12-08T11:32:51.147Z",
        "value": "0.12966513633728027",
        "cumulative": false
    },
    {
        "date": "2020-12-08T11:32:53.445Z",
        "value": "0.10964822769165039",
        "cumulative": false
    },
    {
        "date": "2020-12-08T11:32:55.793Z",
        "value": "0.12987923622131348",
        "cumulative": false
    },
    {
        "date": "2020-12-08T11:32:58.042Z",
        "value": "0.12300682067871094",
        "cumulative": false
    },
    {
        "date": "2020-12-08T11:33:00.378Z",
        "value": "0.11164116859436035",
        "cumulative": false
    },
    {
        "date": "2020-12-08T11:33:02.741Z",
        "value": "0.10986590385437012",
        "cumulative": false
    },
    {
        "date": "2020-12-08T11:33:05.000Z",
        "value": "0.11854910850524902",
        "cumulative": false
    }
]