[
    {
        "date": "2020-12-08T11:32:33.736Z",
        "value": "2.4456725120544434",
        "cumulative": false
    },
    {
        "date": "2020-12-08T11:32:36.030Z",
        "value": "2.048550605773926",
        "cumulative": false
    },
    {
        "date": "2020-12-08T11:32:38.345Z",
        "value": "1.7128238677978516",
        "cumulative": false
    },
    {
        "date": "2020-12-08T11:32:40.616Z",
        "value": "1.3824434280395508",
        "cumulative": false
    },
    {
        "date": "2020-12-08T11:32:42.815Z",
        "value": "1.210982322692871",
        "cumulative": false
    },
    {
        "date": "2020-12-08T11:32:45.135Z",
        "value": "0.9793528318405151",
        "cumulative": false
    },
    {
        "date": "2020-12-08T11:32:47.334Z",
        "value": "0.9333834052085876",
        "cumulative": false
    },
    {
        "date": "2020-12-08T11:32:49.622Z",
        "value": "0.7886152267456055",
        "cumulative": false
    },
    {
        "date": "2020-12-08T11:32:51.863Z",
        "value": "0.8169023990631104",
        "cumulative": false
    },
    {
        "date": "2020-12-08T11:32:54.237Z",
        "value": "0.8029546737670898",
        "cumulative": false
    },
    {
        "date": "2020-12-08T11:32:56.449Z",
        "value": "0.5889827609062195",
        "cumulative": false
    },
    {
        "date": "2020-12-08T11:32:58.763Z",
        "value": "0.4937644600868225",
        "cumulative": false
    },
    {
        "date": "2020-12-08T11:33:01.065Z",
        "value": "0.5545850992202759",
        "cumulative": false
    },
    {
        "date": "2020-12-08T11:33:03.433Z",
        "value": "0.5312488675117493",
        "cumulative": false
    }
]