[
    {
        "date": "2020-12-08T11:32:33.749Z",
        "value": "2.446298360824585",
        "cumulative": false
    },
    {
        "date": "2020-12-08T11:32:36.041Z",
        "value": "1.9763824939727783",
        "cumulative": false
    },
    {
        "date": "2020-12-08T11:32:38.356Z",
        "value": "1.644740343093872",
        "cumulative": false
    },
    {
        "date": "2020-12-08T11:32:40.628Z",
        "value": "1.5045846700668335",
        "cumulative": false
    },
    {
        "date": "2020-12-08T11:32:42.823Z",
        "value": "1.122304916381836",
        "cumulative": false
    },
    {
        "date": "2020-12-08T11:32:45.141Z",
        "value": "1.1260833740234375",
        "cumulative": false
    },
    {
        "date": "2020-12-08T11:32:47.346Z",
        "value": "1.000407338142395",
        "cumulative": false
    },
    {
        "date": "2020-12-08T11:32:49.633Z",
        "value": "0.642035961151123",
        "cumulative": false
    },
    {
        "date": "2020-12-08T11:32:51.875Z",
        "value": "0.7572473287582397",
        "cumulative": false
    },
    {
        "date": "2020-12-08T11:32:54.247Z",
        "value": "0.7440540194511414",
        "cumulative": false
    },
    {
        "date": "2020-12-08T11:32:56.460Z",
        "value": "0.8035950064659119",
        "cumulative": false
    },
    {
        "date": "2020-12-08T11:32:58.773Z",
        "value": "0.5670963525772095",
        "cumulative": false
    },
    {
        "date": "2020-12-08T11:33:01.078Z",
        "value": "0.5051085352897644",
        "cumulative": false
    },
    {
        "date": "2020-12-08T11:33:03.445Z",
        "value": "0.5115687847137451",
        "cumulative": false
    }
]