[
    {
        "date": "2020-12-08T11:32:33.743Z",
        "value": "4.6875",
        "cumulative": false
    },
    {
        "date": "2020-12-08T11:32:36.040Z",
        "value": "27.34375",
        "cumulative": false
    },
    {
        "date": "2020-12-08T11:32:38.357Z",
        "value": "40.625",
        "cumulative": false
    },
    {
        "date": "2020-12-08T11:32:40.628Z",
        "value": "47.65625",
        "cumulative": false
    },
    {
        "date": "2020-12-08T11:32:42.829Z",
        "value": "60.15625",
        "cumulative": false
    },
    {
        "date": "2020-12-08T11:32:45.141Z",
        "value": "57.8125",
        "cumulative": false
    },
    {
        "date": "2020-12-08T11:32:47.347Z",
        "value": "69.53125",
        "cumulative": false
    },
    {
        "date": "2020-12-08T11:32:49.634Z",
        "value": "72.65625",
        "cumulative": false
    },
    {
        "date": "2020-12-08T11:32:51.884Z",
        "value": "73.4375",
        "cumulative": false
    },
    {
        "date": "2020-12-08T11:32:54.246Z",
        "value": "72.65625",
        "cumulative": false
    },
    {
        "date": "2020-12-08T11:32:56.459Z",
        "value": "76.5625",
        "cumulative": false
    },
    {
        "date": "2020-12-08T11:32:58.772Z",
        "value": "75.78125",
        "cumulative": false
    },
    {
        "date": "2020-12-08T11:33:01.078Z",
        "value": "82.8125",
        "cumulative": false
    },
    {
        "date": "2020-12-08T11:33:03.443Z",
        "value": "77.34375",
        "cumulative": false
    }
]