[
    {
        "date": "2020-12-08T11:32:35.348Z",
        "value": "0.14891386032104492",
        "cumulative": false
    },
    {
        "date": "2020-12-08T11:32:37.610Z",
        "value": "0.14265060424804688",
        "cumulative": false
    },
    {
        "date": "2020-12-08T11:32:39.948Z",
        "value": "0.13924646377563477",
        "cumulative": false
    },
    {
        "date": "2020-12-08T11:32:42.133Z",
        "value": "0.15692591667175293",
        "cumulative": false
    },
    {
        "date": "2020-12-08T11:32:44.460Z",
        "value": "0.17470026016235352",
        "cumulative": false
    },
    {
        "date": "2020-12-08T11:32:46.647Z",
        "value": "0.16297292709350586",
        "cumulative": false
    },
    {
        "date": "2020-12-08T11:32:48.953Z",
        "value": "0.1806628704071045",
        "cumulative": false
    },
    {
        "date": "2020-12-08T11:32:51.161Z",
        "value": "0.16644072532653809",
        "cumulative": false
    },
    {
        "date": "2020-12-08T11:32:53.461Z",
        "value": "0.156463623046875",
        "cumulative": false
    },
    {
        "date": "2020-12-08T11:32:55.797Z",
        "value": "0.162186861038208",
        "cumulative": false
    },
    {
        "date": "2020-12-08T11:32:58.049Z",
        "value": "0.1499314308166504",
        "cumulative": false
    },
    {
        "date": "2020-12-08T11:33:00.386Z",
        "value": "0.15906381607055664",
        "cumulative": false
    },
    {
        "date": "2020-12-08T11:33:02.745Z",
        "value": "0.1537799835205078",
        "cumulative": false
    },
    {
        "date": "2020-12-08T11:33:05.008Z",
        "value": "0.16256213188171387",
        "cumulative": false
    }
]