[
    {
        "date": "2020-12-08T11:32:35.332Z",
        "value": "4.081949234008789",
        "cumulative": false
    },
    {
        "date": "2020-12-08T11:32:37.596Z",
        "value": "1.689281940460205",
        "cumulative": false
    },
    {
        "date": "2020-12-08T11:32:39.923Z",
        "value": "1.6788783073425293",
        "cumulative": false
    },
    {
        "date": "2020-12-08T11:32:42.125Z",
        "value": "1.5895254611968994",
        "cumulative": false
    },
    {
        "date": "2020-12-08T11:32:44.442Z",
        "value": "1.751563549041748",
        "cumulative": false
    },
    {
        "date": "2020-12-08T11:32:46.640Z",
        "value": "1.6152424812316895",
        "cumulative": false
    },
    {
        "date": "2020-12-08T11:32:48.935Z",
        "value": "1.7092645168304443",
        "cumulative": false
    },
    {
        "date": "2020-12-08T11:32:51.138Z",
        "value": "1.6202688217163086",
        "cumulative": false
    },
    {
        "date": "2020-12-08T11:32:53.440Z",
        "value": "1.7059094905853271",
        "cumulative": false
    },
    {
        "date": "2020-12-08T11:32:55.785Z",
        "value": "1.6876556873321533",
        "cumulative": false
    },
    {
        "date": "2020-12-08T11:32:58.037Z",
        "value": "1.671339988708496",
        "cumulative": false
    },
    {
        "date": "2020-12-08T11:33:00.372Z",
        "value": "1.7033390998840332",
        "cumulative": false
    },
    {
        "date": "2020-12-08T11:33:02.733Z",
        "value": "1.7659227848052979",
        "cumulative": false
    },
    {
        "date": "2020-12-08T11:33:04.986Z",
        "value": "1.6596949100494385",
        "cumulative": false
    }
]