[
    {
        "date": "2020-12-08T11:32:33.740Z",
        "value": "11.71875",
        "cumulative": false
    },
    {
        "date": "2020-12-08T11:32:36.031Z",
        "value": "17.96875",
        "cumulative": false
    },
    {
        "date": "2020-12-08T11:32:38.346Z",
        "value": "36.71875",
        "cumulative": false
    },
    {
        "date": "2020-12-08T11:32:40.618Z",
        "value": "48.4375",
        "cumulative": false
    },
    {
        "date": "2020-12-08T11:32:42.811Z",
        "value": "55.46875",
        "cumulative": false
    },
    {
        "date": "2020-12-08T11:32:45.131Z",
        "value": "66.40625",
        "cumulative": false
    },
    {
        "date": "2020-12-08T11:32:47.336Z",
        "value": "64.0625",
        "cumulative": false
    },
    {
        "date": "2020-12-08T11:32:49.623Z",
        "value": "67.96875",
        "cumulative": false
    },
    {
        "date": "2020-12-08T11:32:51.865Z",
        "value": "75.0",
        "cumulative": false
    },
    {
        "date": "2020-12-08T11:32:54.236Z",
        "value": "79.6875",
        "cumulative": false
    },
    {
        "date": "2020-12-08T11:32:56.450Z",
        "value": "71.875",
        "cumulative": false
    },
    {
        "date": "2020-12-08T11:32:58.764Z",
        "value": "76.5625",
        "cumulative": false
    },
    {
        "date": "2020-12-08T11:33:01.067Z",
        "value": "75.78125",
        "cumulative": false
    },
    {
        "date": "2020-12-08T11:33:03.432Z",
        "value": "81.25",
        "cumulative": false
    }
]