[
    {
        "date": "2020-12-08T11:32:35.331Z",
        "value": "0.005926370620727539",
        "cumulative": false
    },
    {
        "date": "2020-12-08T11:32:37.599Z",
        "value": "0.00537109375",
        "cumulative": false
    },
    {
        "date": "2020-12-08T11:32:39.936Z",
        "value": "0.006140708923339844",
        "cumulative": false
    },
    {
        "date": "2020-12-08T11:32:42.122Z",
        "value": "0.0049381256103515625",
        "cumulative": false
    },
    {
        "date": "2020-12-08T11:32:44.447Z",
        "value": "0.0050373077392578125",
        "cumulative": false
    },
    {
        "date": "2020-12-08T11:32:46.649Z",
        "value": "0.005331516265869141",
        "cumulative": false
    },
    {
        "date": "2020-12-08T11:32:48.942Z",
        "value": "0.0046193599700927734",
        "cumulative": false
    },
    {
        "date": "2020-12-08T11:32:51.147Z",
        "value": "0.0053484439849853516",
        "cumulative": false
    },
    {
        "date": "2020-12-08T11:32:53.445Z",
        "value": "0.005001544952392578",
        "cumulative": false
    },
    {
        "date": "2020-12-08T11:32:55.792Z",
        "value": "0.005506753921508789",
        "cumulative": false
    },
    {
        "date": "2020-12-08T11:32:58.043Z",
        "value": "0.005209684371948242",
        "cumulative": false
    },
    {
        "date": "2020-12-08T11:33:00.378Z",
        "value": "0.005521297454833984",
        "cumulative": false
    },
    {
        "date": "2020-12-08T11:33:02.742Z",
        "value": "0.005461454391479492",
        "cumulative": false
    },
    {
        "date": "2020-12-08T11:33:04.987Z",
        "value": "0.0046536922454833984",
        "cumulative": false
    }
]