[
    {
        "date": "2020-12-08T11:32:35.326Z",
        "value": "1.310338020324707",
        "cumulative": false
    },
    {
        "date": "2020-12-08T11:32:37.605Z",
        "value": "1.1086311340332031",
        "cumulative": false
    },
    {
        "date": "2020-12-08T11:32:39.926Z",
        "value": "1.1038806438446045",
        "cumulative": false
    },
    {
        "date": "2020-12-08T11:32:42.125Z",
        "value": "1.0132768154144287",
        "cumulative": false
    },
    {
        "date": "2020-12-08T11:32:44.457Z",
        "value": "1.2065067291259766",
        "cumulative": false
    },
    {
        "date": "2020-12-08T11:32:46.642Z",
        "value": "1.0308148860931396",
        "cumulative": false
    },
    {
        "date": "2020-12-08T11:32:48.942Z",
        "value": "1.1611378192901611",
        "cumulative": false
    },
    {
        "date": "2020-12-08T11:32:51.144Z",
        "value": "1.0579140186309814",
        "cumulative": false
    },
    {
        "date": "2020-12-08T11:32:53.445Z",
        "value": "1.1483099460601807",
        "cumulative": false
    },
    {
        "date": "2020-12-08T11:32:55.797Z",
        "value": "1.1356191635131836",
        "cumulative": false
    },
    {
        "date": "2020-12-08T11:32:58.037Z",
        "value": "1.1020946502685547",
        "cumulative": false
    },
    {
        "date": "2020-12-08T11:33:00.374Z",
        "value": "1.1242642402648926",
        "cumulative": false
    },
    {
        "date": "2020-12-08T11:33:02.735Z",
        "value": "1.229581356048584",
        "cumulative": false
    },
    {
        "date": "2020-12-08T11:33:04.993Z",
        "value": "1.1102964878082275",
        "cumulative": false
    }
]