[
    {
        "date": "2020-12-08T11:32:33.749Z",
        "value": "2.44671893119812",
        "cumulative": false
    },
    {
        "date": "2020-12-08T11:32:36.042Z",
        "value": "2.068401575088501",
        "cumulative": false
    },
    {
        "date": "2020-12-08T11:32:38.357Z",
        "value": "1.8439955711364746",
        "cumulative": false
    },
    {
        "date": "2020-12-08T11:32:40.633Z",
        "value": "1.4346245527267456",
        "cumulative": false
    },
    {
        "date": "2020-12-08T11:32:42.824Z",
        "value": "1.1808797121047974",
        "cumulative": false
    },
    {
        "date": "2020-12-08T11:32:45.142Z",
        "value": "1.173317551612854",
        "cumulative": false
    },
    {
        "date": "2020-12-08T11:32:47.348Z",
        "value": "0.9047543406486511",
        "cumulative": false
    },
    {
        "date": "2020-12-08T11:32:49.635Z",
        "value": "0.9871771335601807",
        "cumulative": false
    },
    {
        "date": "2020-12-08T11:32:51.877Z",
        "value": "0.8293570280075073",
        "cumulative": false
    },
    {
        "date": "2020-12-08T11:32:54.249Z",
        "value": "0.7196425199508667",
        "cumulative": false
    },
    {
        "date": "2020-12-08T11:32:56.462Z",
        "value": "0.8123695254325867",
        "cumulative": false
    },
    {
        "date": "2020-12-08T11:32:58.774Z",
        "value": "0.6404650807380676",
        "cumulative": false
    },
    {
        "date": "2020-12-08T11:33:01.078Z",
        "value": "0.692534327507019",
        "cumulative": false
    },
    {
        "date": "2020-12-08T11:33:03.446Z",
        "value": "0.4623631238937378",
        "cumulative": false
    }
]