[
    {
        "date": "2020-12-08T11:32:35.355Z",
        "value": "0.07904505729675293",
        "cumulative": false
    },
    {
        "date": "2020-12-08T11:32:37.620Z",
        "value": "0.07110929489135742",
        "cumulative": false
    },
    {
        "date": "2020-12-08T11:32:39.949Z",
        "value": "0.08075356483459473",
        "cumulative": false
    },
    {
        "date": "2020-12-08T11:32:42.140Z",
        "value": "0.06936144828796387",
        "cumulative": false
    },
    {
        "date": "2020-12-08T11:32:44.471Z",
        "value": "0.07246804237365723",
        "cumulative": false
    },
    {
        "date": "2020-12-08T11:32:46.661Z",
        "value": "0.07542943954467773",
        "cumulative": false
    },
    {
        "date": "2020-12-08T11:32:48.967Z",
        "value": "0.06949067115783691",
        "cumulative": false
    },
    {
        "date": "2020-12-08T11:32:51.176Z",
        "value": "0.07605814933776855",
        "cumulative": false
    },
    {
        "date": "2020-12-08T11:32:53.498Z",
        "value": "0.09479355812072754",
        "cumulative": false
    },
    {
        "date": "2020-12-08T11:32:55.814Z",
        "value": "0.0724947452545166",
        "cumulative": false
    },
    {
        "date": "2020-12-08T11:32:58.067Z",
        "value": "0.09677457809448242",
        "cumulative": false
    },
    {
        "date": "2020-12-08T11:33:00.403Z",
        "value": "0.08651399612426758",
        "cumulative": false
    },
    {
        "date": "2020-12-08T11:33:02.764Z",
        "value": "0.0783839225769043",
        "cumulative": false
    },
    {
        "date": "2020-12-08T11:33:05.017Z",
        "value": "0.07538127899169922",
        "cumulative": false
    }
]