[
    {
        "date": "2020-12-08T11:32:35.327Z",
        "value": "4.088522434234619",
        "cumulative": false
    },
    {
        "date": "2020-12-08T11:32:37.608Z",
        "value": "1.7021970748901367",
        "cumulative": false
    },
    {
        "date": "2020-12-08T11:32:39.920Z",
        "value": "1.6915690898895264",
        "cumulative": false
    },
    {
        "date": "2020-12-08T11:32:42.125Z",
        "value": "1.596877098083496",
        "cumulative": false
    },
    {
        "date": "2020-12-08T11:32:44.455Z",
        "value": "1.753582239151001",
        "cumulative": false
    },
    {
        "date": "2020-12-08T11:32:46.638Z",
        "value": "1.613692045211792",
        "cumulative": false
    },
    {
        "date": "2020-12-08T11:32:48.937Z",
        "value": "1.7069668769836426",
        "cumulative": false
    },
    {
        "date": "2020-12-08T11:32:51.136Z",
        "value": "1.6170661449432373",
        "cumulative": false
    },
    {
        "date": "2020-12-08T11:32:53.438Z",
        "value": "1.7112207412719727",
        "cumulative": false
    },
    {
        "date": "2020-12-08T11:32:55.784Z",
        "value": "1.6859979629516602",
        "cumulative": false
    },
    {
        "date": "2020-12-08T11:32:58.034Z",
        "value": "1.6725225448608398",
        "cumulative": false
    },
    {
        "date": "2020-12-08T11:33:00.373Z",
        "value": "1.7170758247375488",
        "cumulative": false
    },
    {
        "date": "2020-12-08T11:33:02.732Z",
        "value": "1.7669930458068848",
        "cumulative": false
    },
    {
        "date": "2020-12-08T11:33:04.988Z",
        "value": "1.6618969440460205",
        "cumulative": false
    }
]