[
    {
        "date": "2020-12-08T11:32:35.333Z",
        "value": "1.4860026836395264",
        "cumulative": false
    },
    {
        "date": "2020-12-08T11:32:37.594Z",
        "value": "1.2250337600708008",
        "cumulative": false
    },
    {
        "date": "2020-12-08T11:32:39.926Z",
        "value": "1.18977689743042",
        "cumulative": false
    },
    {
        "date": "2020-12-08T11:32:42.125Z",
        "value": "1.053361177444458",
        "cumulative": false
    },
    {
        "date": "2020-12-08T11:32:44.441Z",
        "value": "1.2170825004577637",
        "cumulative": false
    },
    {
        "date": "2020-12-08T11:32:46.637Z",
        "value": "1.0800764560699463",
        "cumulative": false
    },
    {
        "date": "2020-12-08T11:32:48.938Z",
        "value": "1.1825494766235352",
        "cumulative": false
    },
    {
        "date": "2020-12-08T11:32:51.140Z",
        "value": "1.0854315757751465",
        "cumulative": false
    },
    {
        "date": "2020-12-08T11:32:53.446Z",
        "value": "1.201481819152832",
        "cumulative": false
    },
    {
        "date": "2020-12-08T11:32:55.784Z",
        "value": "1.1846883296966553",
        "cumulative": false
    },
    {
        "date": "2020-12-08T11:32:58.032Z",
        "value": "1.1743042469024658",
        "cumulative": false
    },
    {
        "date": "2020-12-08T11:33:00.373Z",
        "value": "1.20780348777771",
        "cumulative": false
    },
    {
        "date": "2020-12-08T11:33:02.729Z",
        "value": "1.3014657497406006",
        "cumulative": false
    },
    {
        "date": "2020-12-08T11:33:04.986Z",
        "value": "1.1736795902252197",
        "cumulative": false
    }
]