[
    {
        "date": "2020-12-08T11:32:35.335Z",
        "value": "6.532669067382812e-05",
        "cumulative": false
    },
    {
        "date": "2020-12-08T11:32:37.596Z",
        "value": "6.0558319091796875e-05",
        "cumulative": false
    },
    {
        "date": "2020-12-08T11:32:39.923Z",
        "value": "8.869171142578125e-05",
        "cumulative": false
    },
    {
        "date": "2020-12-08T11:32:42.125Z",
        "value": "9.965896606445312e-05",
        "cumulative": false
    },
    {
        "date": "2020-12-08T11:32:44.442Z",
        "value": "6.532669067382812e-05",
        "cumulative": false
    },
    {
        "date": "2020-12-08T11:32:46.640Z",
        "value": "7.796287536621094e-05",
        "cumulative": false
    },
    {
        "date": "2020-12-08T11:32:48.935Z",
        "value": "6.222724914550781e-05",
        "cumulative": false
    },
    {
        "date": "2020-12-08T11:32:51.138Z",
        "value": "8.296966552734375e-05",
        "cumulative": false
    },
    {
        "date": "2020-12-08T11:32:53.440Z",
        "value": "5.698204040527344e-05",
        "cumulative": false
    },
    {
        "date": "2020-12-08T11:32:55.786Z",
        "value": "6.365776062011719e-05",
        "cumulative": false
    },
    {
        "date": "2020-12-08T11:32:58.037Z",
        "value": "6.341934204101562e-05",
        "cumulative": false
    },
    {
        "date": "2020-12-08T11:33:00.372Z",
        "value": "6.914138793945312e-05",
        "cumulative": false
    },
    {
        "date": "2020-12-08T11:33:02.733Z",
        "value": "7.987022399902344e-05",
        "cumulative": false
    },
    {
        "date": "2020-12-08T11:33:04.986Z",
        "value": "6.079673767089844e-05",
        "cumulative": false
    }
]