[
    {
        "date": "2020-12-08T11:32:35.340Z",
        "value": "2.357927083969116",
        "cumulative": false
    },
    {
        "date": "2020-12-08T11:32:37.621Z",
        "value": "0.15424895286560059",
        "cumulative": false
    },
    {
        "date": "2020-12-08T11:32:39.937Z",
        "value": "0.16510224342346191",
        "cumulative": false
    },
    {
        "date": "2020-12-08T11:32:42.131Z",
        "value": "0.16788244247436523",
        "cumulative": false
    },
    {
        "date": "2020-12-08T11:32:44.460Z",
        "value": "0.1474592685699463",
        "cumulative": false
    },
    {
        "date": "2020-12-08T11:32:46.643Z",
        "value": "0.1639559268951416",
        "cumulative": false
    },
    {
        "date": "2020-12-08T11:32:48.945Z",
        "value": "0.1585702896118164",
        "cumulative": false
    },
    {
        "date": "2020-12-08T11:32:51.150Z",
        "value": "0.16953229904174805",
        "cumulative": false
    },
    {
        "date": "2020-12-08T11:32:53.456Z",
        "value": "0.17781615257263184",
        "cumulative": false
    },
    {
        "date": "2020-12-08T11:32:55.793Z",
        "value": "0.17249846458435059",
        "cumulative": false
    },
    {
        "date": "2020-12-08T11:32:58.050Z",
        "value": "0.18050312995910645",
        "cumulative": false
    },
    {
        "date": "2020-12-08T11:33:00.383Z",
        "value": "0.15563321113586426",
        "cumulative": false
    },
    {
        "date": "2020-12-08T11:33:02.743Z",
        "value": "0.16144132614135742",
        "cumulative": false
    },
    {
        "date": "2020-12-08T11:33:05.000Z",
        "value": "0.17583227157592773",
        "cumulative": false
    }
]