[
    {
        "date": "2020-12-08T11:32:33.739Z",
        "value": "2.507415533065796",
        "cumulative": false
    },
    {
        "date": "2020-12-08T11:32:36.033Z",
        "value": "2.090442180633545",
        "cumulative": false
    },
    {
        "date": "2020-12-08T11:32:38.348Z",
        "value": "1.6658883094787598",
        "cumulative": false
    },
    {
        "date": "2020-12-08T11:32:40.619Z",
        "value": "1.4537076950073242",
        "cumulative": false
    },
    {
        "date": "2020-12-08T11:32:42.814Z",
        "value": "1.1386899948120117",
        "cumulative": false
    },
    {
        "date": "2020-12-08T11:32:45.133Z",
        "value": "1.0449196100234985",
        "cumulative": false
    },
    {
        "date": "2020-12-08T11:32:47.337Z",
        "value": "0.878947377204895",
        "cumulative": false
    },
    {
        "date": "2020-12-08T11:32:49.624Z",
        "value": "0.8706237077713013",
        "cumulative": false
    },
    {
        "date": "2020-12-08T11:32:51.866Z",
        "value": "0.7377117872238159",
        "cumulative": false
    },
    {
        "date": "2020-12-08T11:32:54.237Z",
        "value": "0.7489467859268188",
        "cumulative": false
    },
    {
        "date": "2020-12-08T11:32:56.451Z",
        "value": "0.5792728066444397",
        "cumulative": false
    },
    {
        "date": "2020-12-08T11:32:58.763Z",
        "value": "0.6394938230514526",
        "cumulative": false
    },
    {
        "date": "2020-12-08T11:33:01.068Z",
        "value": "0.43520110845565796",
        "cumulative": false
    },
    {
        "date": "2020-12-08T11:33:03.437Z",
        "value": "0.47992661595344543",
        "cumulative": false
    }
]