[
    {
        "date": "2020-12-08T11:32:35.333Z",
        "value": "0.00425410270690918",
        "cumulative": false
    },
    {
        "date": "2020-12-08T11:32:37.594Z",
        "value": "0.003889322280883789",
        "cumulative": false
    },
    {
        "date": "2020-12-08T11:32:39.926Z",
        "value": "0.003925800323486328",
        "cumulative": false
    },
    {
        "date": "2020-12-08T11:32:42.125Z",
        "value": "0.003943681716918945",
        "cumulative": false
    },
    {
        "date": "2020-12-08T11:32:44.441Z",
        "value": "0.004113912582397461",
        "cumulative": false
    },
    {
        "date": "2020-12-08T11:32:46.637Z",
        "value": "0.0045130252838134766",
        "cumulative": false
    },
    {
        "date": "2020-12-08T11:32:48.938Z",
        "value": "0.004163980484008789",
        "cumulative": false
    },
    {
        "date": "2020-12-08T11:32:51.140Z",
        "value": "0.0039768218994140625",
        "cumulative": false
    },
    {
        "date": "2020-12-08T11:32:53.446Z",
        "value": "0.00402522087097168",
        "cumulative": false
    },
    {
        "date": "2020-12-08T11:32:55.784Z",
        "value": "0.0041735172271728516",
        "cumulative": false
    },
    {
        "date": "2020-12-08T11:32:58.032Z",
        "value": "0.004067182540893555",
        "cumulative": false
    },
    {
        "date": "2020-12-08T11:33:00.373Z",
        "value": "0.004155874252319336",
        "cumulative": false
    },
    {
        "date": "2020-12-08T11:33:02.729Z",
        "value": "0.0036706924438476562",
        "cumulative": false
    },
    {
        "date": "2020-12-08T11:33:04.986Z",
        "value": "0.004136800765991211",
        "cumulative": false
    }
]