[
    {
        "date": "2020-12-08T11:32:35.334Z",
        "value": "0.07139015197753906",
        "cumulative": false
    },
    {
        "date": "2020-12-08T11:32:37.607Z",
        "value": "0.05797386169433594",
        "cumulative": false
    },
    {
        "date": "2020-12-08T11:32:39.926Z",
        "value": "0.06360459327697754",
        "cumulative": false
    },
    {
        "date": "2020-12-08T11:32:42.132Z",
        "value": "0.06760311126708984",
        "cumulative": false
    },
    {
        "date": "2020-12-08T11:32:44.445Z",
        "value": "0.048243045806884766",
        "cumulative": false
    },
    {
        "date": "2020-12-08T11:32:46.639Z",
        "value": "0.0624079704284668",
        "cumulative": false
    },
    {
        "date": "2020-12-08T11:32:48.939Z",
        "value": "0.0653836727142334",
        "cumulative": false
    },
    {
        "date": "2020-12-08T11:32:51.145Z",
        "value": "0.05810976028442383",
        "cumulative": false
    },
    {
        "date": "2020-12-08T11:32:53.446Z",
        "value": "0.050975799560546875",
        "cumulative": false
    },
    {
        "date": "2020-12-08T11:32:55.790Z",
        "value": "0.058530330657958984",
        "cumulative": false
    },
    {
        "date": "2020-12-08T11:32:58.041Z",
        "value": "0.070098876953125",
        "cumulative": false
    },
    {
        "date": "2020-12-08T11:33:00.384Z",
        "value": "0.05996894836425781",
        "cumulative": false
    },
    {
        "date": "2020-12-08T11:33:02.739Z",
        "value": "0.05771231651306152",
        "cumulative": false
    },
    {
        "date": "2020-12-08T11:33:04.997Z",
        "value": "0.06109189987182617",
        "cumulative": false
    }
]