[
    {
        "date": "2020-12-08T11:32:35.328Z",
        "value": "0.016333580017089844",
        "cumulative": false
    },
    {
        "date": "2020-12-08T11:32:37.599Z",
        "value": "0.016576528549194336",
        "cumulative": false
    },
    {
        "date": "2020-12-08T11:32:39.925Z",
        "value": "0.016976118087768555",
        "cumulative": false
    },
    {
        "date": "2020-12-08T11:32:42.124Z",
        "value": "0.0161590576171875",
        "cumulative": false
    },
    {
        "date": "2020-12-08T11:32:44.444Z",
        "value": "0.017807960510253906",
        "cumulative": false
    },
    {
        "date": "2020-12-08T11:32:46.639Z",
        "value": "0.017008543014526367",
        "cumulative": false
    },
    {
        "date": "2020-12-08T11:32:48.943Z",
        "value": "0.015459060668945312",
        "cumulative": false
    },
    {
        "date": "2020-12-08T11:32:51.144Z",
        "value": "0.016507625579833984",
        "cumulative": false
    },
    {
        "date": "2020-12-08T11:32:53.444Z",
        "value": "0.017496347427368164",
        "cumulative": false
    },
    {
        "date": "2020-12-08T11:32:55.789Z",
        "value": "0.01632833480834961",
        "cumulative": false
    },
    {
        "date": "2020-12-08T11:32:58.044Z",
        "value": "0.015405893325805664",
        "cumulative": false
    },
    {
        "date": "2020-12-08T11:33:00.380Z",
        "value": "0.017497777938842773",
        "cumulative": false
    },
    {
        "date": "2020-12-08T11:33:02.736Z",
        "value": "0.01650834083557129",
        "cumulative": false
    },
    {
        "date": "2020-12-08T11:33:04.994Z",
        "value": "0.016769886016845703",
        "cumulative": false
    }
]