[
    {
        "date": "2020-12-08T11:32:35.330Z",
        "value": "0.008280515670776367",
        "cumulative": false
    },
    {
        "date": "2020-12-08T11:32:37.600Z",
        "value": "0.012062549591064453",
        "cumulative": false
    },
    {
        "date": "2020-12-08T11:32:39.926Z",
        "value": "0.010152578353881836",
        "cumulative": false
    },
    {
        "date": "2020-12-08T11:32:42.126Z",
        "value": "0.0075588226318359375",
        "cumulative": false
    },
    {
        "date": "2020-12-08T11:32:44.450Z",
        "value": "0.012471437454223633",
        "cumulative": false
    },
    {
        "date": "2020-12-08T11:32:46.638Z",
        "value": "0.007763385772705078",
        "cumulative": false
    },
    {
        "date": "2020-12-08T11:32:48.939Z",
        "value": "0.007580757141113281",
        "cumulative": false
    },
    {
        "date": "2020-12-08T11:32:51.151Z",
        "value": "0.0072727203369140625",
        "cumulative": false
    },
    {
        "date": "2020-12-08T11:32:53.444Z",
        "value": "0.008056640625",
        "cumulative": false
    },
    {
        "date": "2020-12-08T11:32:55.789Z",
        "value": "0.00847172737121582",
        "cumulative": false
    },
    {
        "date": "2020-12-08T11:32:58.039Z",
        "value": "0.0074710845947265625",
        "cumulative": false
    },
    {
        "date": "2020-12-08T11:33:00.380Z",
        "value": "0.007770538330078125",
        "cumulative": false
    },
    {
        "date": "2020-12-08T11:33:02.743Z",
        "value": "0.009810209274291992",
        "cumulative": false
    },
    {
        "date": "2020-12-08T11:33:04.991Z",
        "value": "0.007064104080200195",
        "cumulative": false
    }
]