[
    {
        "date": "2020-12-08T11:32:35.340Z",
        "value": "7.557868957519531e-05",
        "cumulative": false
    },
    {
        "date": "2020-12-08T11:32:37.612Z",
        "value": "9.632110595703125e-05",
        "cumulative": false
    },
    {
        "date": "2020-12-08T11:32:39.933Z",
        "value": "9.179115295410156e-05",
        "cumulative": false
    },
    {
        "date": "2020-12-08T11:32:42.134Z",
        "value": "7.128715515136719e-05",
        "cumulative": false
    },
    {
        "date": "2020-12-08T11:32:44.448Z",
        "value": "7.081031799316406e-05",
        "cumulative": false
    },
    {
        "date": "2020-12-08T11:32:46.641Z",
        "value": "7.271766662597656e-05",
        "cumulative": false
    },
    {
        "date": "2020-12-08T11:32:48.944Z",
        "value": "7.05718994140625e-05",
        "cumulative": false
    },
    {
        "date": "2020-12-08T11:32:51.146Z",
        "value": "7.152557373046875e-05",
        "cumulative": false
    },
    {
        "date": "2020-12-08T11:32:53.458Z",
        "value": "7.05718994140625e-05",
        "cumulative": false
    },
    {
        "date": "2020-12-08T11:32:55.804Z",
        "value": "7.200241088867188e-05",
        "cumulative": false
    },
    {
        "date": "2020-12-08T11:32:58.043Z",
        "value": "7.987022399902344e-05",
        "cumulative": false
    },
    {
        "date": "2020-12-08T11:33:00.380Z",
        "value": "7.224082946777344e-05",
        "cumulative": false
    },
    {
        "date": "2020-12-08T11:33:02.747Z",
        "value": "8.58306884765625e-05",
        "cumulative": false
    },
    {
        "date": "2020-12-08T11:33:04.999Z",
        "value": "6.771087646484375e-05",
        "cumulative": false
    }
]