[
    {
        "date": "2020-12-08T11:32:33.745Z",
        "value": "58.59375",
        "cumulative": false
    },
    {
        "date": "2020-12-08T11:32:36.036Z",
        "value": "80.46875",
        "cumulative": false
    },
    {
        "date": "2020-12-08T11:32:38.351Z",
        "value": "92.1875",
        "cumulative": false
    },
    {
        "date": "2020-12-08T11:32:40.623Z",
        "value": "94.53125",
        "cumulative": false
    },
    {
        "date": "2020-12-08T11:32:42.817Z",
        "value": "96.875",
        "cumulative": false
    },
    {
        "date": "2020-12-08T11:32:45.136Z",
        "value": "97.65625",
        "cumulative": false
    },
    {
        "date": "2020-12-08T11:32:47.341Z",
        "value": "97.65625",
        "cumulative": false
    },
    {
        "date": "2020-12-08T11:32:49.628Z",
        "value": "99.21875",
        "cumulative": false
    },
    {
        "date": "2020-12-08T11:32:51.870Z",
        "value": "98.4375",
        "cumulative": false
    },
    {
        "date": "2020-12-08T11:32:54.242Z",
        "value": "97.65625",
        "cumulative": false
    },
    {
        "date": "2020-12-08T11:32:56.455Z",
        "value": "100.0",
        "cumulative": false
    },
    {
        "date": "2020-12-08T11:32:58.768Z",
        "value": "99.21875",
        "cumulative": false
    },
    {
        "date": "2020-12-08T11:33:01.072Z",
        "value": "99.21875",
        "cumulative": false
    },
    {
        "date": "2020-12-08T11:33:03.439Z",
        "value": "97.65625",
        "cumulative": false
    }
]