[
    {
        "date": "2020-12-08T11:32:35.337Z",
        "value": "4.079850912094116",
        "cumulative": false
    },
    {
        "date": "2020-12-08T11:32:37.620Z",
        "value": "1.6938822269439697",
        "cumulative": false
    },
    {
        "date": "2020-12-08T11:32:39.937Z",
        "value": "1.6843061447143555",
        "cumulative": false
    },
    {
        "date": "2020-12-08T11:32:42.131Z",
        "value": "1.5910606384277344",
        "cumulative": false
    },
    {
        "date": "2020-12-08T11:32:44.459Z",
        "value": "1.7486670017242432",
        "cumulative": false
    },
    {
        "date": "2020-12-08T11:32:46.643Z",
        "value": "1.6153266429901123",
        "cumulative": false
    },
    {
        "date": "2020-12-08T11:32:48.945Z",
        "value": "1.7101757526397705",
        "cumulative": false
    },
    {
        "date": "2020-12-08T11:32:51.149Z",
        "value": "1.6070058345794678",
        "cumulative": false
    },
    {
        "date": "2020-12-08T11:32:53.455Z",
        "value": "1.703674077987671",
        "cumulative": false
    },
    {
        "date": "2020-12-08T11:32:55.793Z",
        "value": "1.68145751953125",
        "cumulative": false
    },
    {
        "date": "2020-12-08T11:32:58.050Z",
        "value": "1.679839849472046",
        "cumulative": false
    },
    {
        "date": "2020-12-08T11:33:00.383Z",
        "value": "1.7037014961242676",
        "cumulative": false
    },
    {
        "date": "2020-12-08T11:33:02.743Z",
        "value": "1.7727775573730469",
        "cumulative": false
    },
    {
        "date": "2020-12-08T11:33:05.000Z",
        "value": "1.6557109355926514",
        "cumulative": false
    }
]