[
    {
        "date": "2020-12-08T11:32:35.332Z",
        "value": "0.013971328735351562",
        "cumulative": false
    },
    {
        "date": "2020-12-08T11:32:37.601Z",
        "value": "0.016049623489379883",
        "cumulative": false
    },
    {
        "date": "2020-12-08T11:32:39.926Z",
        "value": "0.014346122741699219",
        "cumulative": false
    },
    {
        "date": "2020-12-08T11:32:42.126Z",
        "value": "0.014843225479125977",
        "cumulative": false
    },
    {
        "date": "2020-12-08T11:32:44.450Z",
        "value": "0.012911558151245117",
        "cumulative": false
    },
    {
        "date": "2020-12-08T11:32:46.638Z",
        "value": "0.012454748153686523",
        "cumulative": false
    },
    {
        "date": "2020-12-08T11:32:48.940Z",
        "value": "0.013362407684326172",
        "cumulative": false
    },
    {
        "date": "2020-12-08T11:32:51.151Z",
        "value": "0.013333320617675781",
        "cumulative": false
    },
    {
        "date": "2020-12-08T11:32:53.444Z",
        "value": "0.01369333267211914",
        "cumulative": false
    },
    {
        "date": "2020-12-08T11:32:55.789Z",
        "value": "0.013820886611938477",
        "cumulative": false
    },
    {
        "date": "2020-12-08T11:32:58.039Z",
        "value": "0.012969017028808594",
        "cumulative": false
    },
    {
        "date": "2020-12-08T11:33:00.380Z",
        "value": "0.014432668685913086",
        "cumulative": false
    },
    {
        "date": "2020-12-08T11:33:02.743Z",
        "value": "0.015438318252563477",
        "cumulative": false
    },
    {
        "date": "2020-12-08T11:33:04.991Z",
        "value": "0.013026952743530273",
        "cumulative": false
    }
]