[
    {
        "date": "2020-12-08T11:32:33.740Z",
        "value": "2.4839680194854736",
        "cumulative": false
    },
    {
        "date": "2020-12-08T11:32:36.032Z",
        "value": "2.05953311920166",
        "cumulative": false
    },
    {
        "date": "2020-12-08T11:32:38.349Z",
        "value": "1.7252142429351807",
        "cumulative": false
    },
    {
        "date": "2020-12-08T11:32:40.617Z",
        "value": "1.3374664783477783",
        "cumulative": false
    },
    {
        "date": "2020-12-08T11:32:42.812Z",
        "value": "1.219231367111206",
        "cumulative": false
    },
    {
        "date": "2020-12-08T11:32:45.132Z",
        "value": "1.0903819799423218",
        "cumulative": false
    },
    {
        "date": "2020-12-08T11:32:47.336Z",
        "value": "0.9953347444534302",
        "cumulative": false
    },
    {
        "date": "2020-12-08T11:32:49.623Z",
        "value": "0.8247014880180359",
        "cumulative": false
    },
    {
        "date": "2020-12-08T11:32:51.867Z",
        "value": "0.842173159122467",
        "cumulative": false
    },
    {
        "date": "2020-12-08T11:32:54.236Z",
        "value": "0.8430731892585754",
        "cumulative": false
    },
    {
        "date": "2020-12-08T11:32:56.450Z",
        "value": "0.6782218217849731",
        "cumulative": false
    },
    {
        "date": "2020-12-08T11:32:58.762Z",
        "value": "0.5717357993125916",
        "cumulative": false
    },
    {
        "date": "2020-12-08T11:33:01.067Z",
        "value": "0.5403776168823242",
        "cumulative": false
    },
    {
        "date": "2020-12-08T11:33:03.434Z",
        "value": "0.43865105509757996",
        "cumulative": false
    }
]