[
    {
        "date": "2020-12-08T11:32:35.355Z",
        "value": "0.16748332977294922",
        "cumulative": false
    },
    {
        "date": "2020-12-08T11:32:37.620Z",
        "value": "0.19872236251831055",
        "cumulative": false
    },
    {
        "date": "2020-12-08T11:32:39.949Z",
        "value": "0.18699955940246582",
        "cumulative": false
    },
    {
        "date": "2020-12-08T11:32:42.140Z",
        "value": "0.17542695999145508",
        "cumulative": false
    },
    {
        "date": "2020-12-08T11:32:44.471Z",
        "value": "0.20293045043945312",
        "cumulative": false
    },
    {
        "date": "2020-12-08T11:32:46.661Z",
        "value": "0.18128609657287598",
        "cumulative": false
    },
    {
        "date": "2020-12-08T11:32:48.967Z",
        "value": "0.19709324836730957",
        "cumulative": false
    },
    {
        "date": "2020-12-08T11:32:51.176Z",
        "value": "0.19310593605041504",
        "cumulative": false
    },
    {
        "date": "2020-12-08T11:32:53.498Z",
        "value": "0.18321800231933594",
        "cumulative": false
    },
    {
        "date": "2020-12-08T11:32:55.814Z",
        "value": "0.18551111221313477",
        "cumulative": false
    },
    {
        "date": "2020-12-08T11:32:58.067Z",
        "value": "0.18811464309692383",
        "cumulative": false
    },
    {
        "date": "2020-12-08T11:33:00.403Z",
        "value": "0.20335030555725098",
        "cumulative": false
    },
    {
        "date": "2020-12-08T11:33:02.764Z",
        "value": "0.20726680755615234",
        "cumulative": false
    },
    {
        "date": "2020-12-08T11:33:05.017Z",
        "value": "0.1837928295135498",
        "cumulative": false
    }
]