[
    {
        "date": "2020-12-08T11:32:33.742Z",
        "value": "2.5517373085021973",
        "cumulative": false
    },
    {
        "date": "2020-12-08T11:32:36.037Z",
        "value": "2.0055572986602783",
        "cumulative": false
    },
    {
        "date": "2020-12-08T11:32:38.351Z",
        "value": "1.6499555110931396",
        "cumulative": false
    },
    {
        "date": "2020-12-08T11:32:40.625Z",
        "value": "1.444515347480774",
        "cumulative": false
    },
    {
        "date": "2020-12-08T11:32:42.817Z",
        "value": "1.3327769041061401",
        "cumulative": false
    },
    {
        "date": "2020-12-08T11:32:45.136Z",
        "value": "0.9868192672729492",
        "cumulative": false
    },
    {
        "date": "2020-12-08T11:32:47.341Z",
        "value": "0.9020534753799438",
        "cumulative": false
    },
    {
        "date": "2020-12-08T11:32:49.630Z",
        "value": "0.8294156193733215",
        "cumulative": false
    },
    {
        "date": "2020-12-08T11:32:51.874Z",
        "value": "0.5751557350158691",
        "cumulative": false
    },
    {
        "date": "2020-12-08T11:32:54.242Z",
        "value": "0.7080590724945068",
        "cumulative": false
    },
    {
        "date": "2020-12-08T11:32:56.455Z",
        "value": "0.6918069124221802",
        "cumulative": false
    },
    {
        "date": "2020-12-08T11:32:58.767Z",
        "value": "0.6878256797790527",
        "cumulative": false
    },
    {
        "date": "2020-12-08T11:33:01.071Z",
        "value": "0.5585744976997375",
        "cumulative": false
    },
    {
        "date": "2020-12-08T11:33:03.439Z",
        "value": "0.4723019599914551",
        "cumulative": false
    }
]