[
    {
        "date": "2020-12-08T11:32:35.329Z",
        "value": "0.008461236953735352",
        "cumulative": false
    },
    {
        "date": "2020-12-08T11:32:37.609Z",
        "value": "0.00717926025390625",
        "cumulative": false
    },
    {
        "date": "2020-12-08T11:32:39.920Z",
        "value": "0.009611845016479492",
        "cumulative": false
    },
    {
        "date": "2020-12-08T11:32:42.125Z",
        "value": "0.00930023193359375",
        "cumulative": false
    },
    {
        "date": "2020-12-08T11:32:44.455Z",
        "value": "0.00943446159362793",
        "cumulative": false
    },
    {
        "date": "2020-12-08T11:32:46.638Z",
        "value": "0.0077533721923828125",
        "cumulative": false
    },
    {
        "date": "2020-12-08T11:32:48.937Z",
        "value": "0.007319211959838867",
        "cumulative": false
    },
    {
        "date": "2020-12-08T11:32:51.136Z",
        "value": "0.007304668426513672",
        "cumulative": false
    },
    {
        "date": "2020-12-08T11:32:53.438Z",
        "value": "0.0071239471435546875",
        "cumulative": false
    },
    {
        "date": "2020-12-08T11:32:55.784Z",
        "value": "0.00918126106262207",
        "cumulative": false
    },
    {
        "date": "2020-12-08T11:32:58.035Z",
        "value": "0.007559299468994141",
        "cumulative": false
    },
    {
        "date": "2020-12-08T11:33:00.373Z",
        "value": "0.007815361022949219",
        "cumulative": false
    },
    {
        "date": "2020-12-08T11:33:02.732Z",
        "value": "0.011813163757324219",
        "cumulative": false
    },
    {
        "date": "2020-12-08T11:33:04.988Z",
        "value": "0.007433891296386719",
        "cumulative": false
    }
]