[
    {
        "date": "2020-12-08T11:32:35.333Z",
        "value": "2.2588868141174316",
        "cumulative": false
    },
    {
        "date": "2020-12-08T11:32:37.594Z",
        "value": "0.15233063697814941",
        "cumulative": false
    },
    {
        "date": "2020-12-08T11:32:39.926Z",
        "value": "0.16058611869812012",
        "cumulative": false
    },
    {
        "date": "2020-12-08T11:32:42.125Z",
        "value": "0.1586604118347168",
        "cumulative": false
    },
    {
        "date": "2020-12-08T11:32:44.441Z",
        "value": "0.1545085906982422",
        "cumulative": false
    },
    {
        "date": "2020-12-08T11:32:46.637Z",
        "value": "0.18223953247070312",
        "cumulative": false
    },
    {
        "date": "2020-12-08T11:32:48.938Z",
        "value": "0.16927242279052734",
        "cumulative": false
    },
    {
        "date": "2020-12-08T11:32:51.140Z",
        "value": "0.1658003330230713",
        "cumulative": false
    },
    {
        "date": "2020-12-08T11:32:53.446Z",
        "value": "0.16390681266784668",
        "cumulative": false
    },
    {
        "date": "2020-12-08T11:32:55.784Z",
        "value": "0.16066241264343262",
        "cumulative": false
    },
    {
        "date": "2020-12-08T11:32:58.032Z",
        "value": "0.1633613109588623",
        "cumulative": false
    },
    {
        "date": "2020-12-08T11:33:00.373Z",
        "value": "0.15929746627807617",
        "cumulative": false
    },
    {
        "date": "2020-12-08T11:33:02.729Z",
        "value": "0.14870476722717285",
        "cumulative": false
    },
    {
        "date": "2020-12-08T11:33:04.986Z",
        "value": "0.15217041969299316",
        "cumulative": false
    }
]