[
    {
        "date": "2020-12-08T11:32:35.335Z",
        "value": "1.4066178798675537",
        "cumulative": false
    },
    {
        "date": "2020-12-08T11:32:37.596Z",
        "value": "1.1752829551696777",
        "cumulative": false
    },
    {
        "date": "2020-12-08T11:32:39.923Z",
        "value": "1.1242222785949707",
        "cumulative": false
    },
    {
        "date": "2020-12-08T11:32:42.125Z",
        "value": "1.0427227020263672",
        "cumulative": false
    },
    {
        "date": "2020-12-08T11:32:44.442Z",
        "value": "1.266301155090332",
        "cumulative": false
    },
    {
        "date": "2020-12-08T11:32:46.640Z",
        "value": "1.077244520187378",
        "cumulative": false
    },
    {
        "date": "2020-12-08T11:32:48.935Z",
        "value": "1.2025730609893799",
        "cumulative": false
    },
    {
        "date": "2020-12-08T11:32:51.138Z",
        "value": "1.1363539695739746",
        "cumulative": false
    },
    {
        "date": "2020-12-08T11:32:53.440Z",
        "value": "1.1801197528839111",
        "cumulative": false
    },
    {
        "date": "2020-12-08T11:32:55.786Z",
        "value": "1.1964781284332275",
        "cumulative": false
    },
    {
        "date": "2020-12-08T11:32:58.037Z",
        "value": "1.1535570621490479",
        "cumulative": false
    },
    {
        "date": "2020-12-08T11:33:00.372Z",
        "value": "1.1797864437103271",
        "cumulative": false
    },
    {
        "date": "2020-12-08T11:33:02.733Z",
        "value": "1.2278201580047607",
        "cumulative": false
    },
    {
        "date": "2020-12-08T11:33:04.986Z",
        "value": "1.159379243850708",
        "cumulative": false
    }
]