[
    {
        "date": "2020-12-08T11:32:35.323Z",
        "value": "4.08023738861084",
        "cumulative": false
    },
    {
        "date": "2020-12-08T11:32:37.604Z",
        "value": "1.6638023853302002",
        "cumulative": false
    },
    {
        "date": "2020-12-08T11:32:39.926Z",
        "value": "1.6680943965911865",
        "cumulative": false
    },
    {
        "date": "2020-12-08T11:32:42.125Z",
        "value": "1.5917208194732666",
        "cumulative": false
    },
    {
        "date": "2020-12-08T11:32:44.457Z",
        "value": "1.7275984287261963",
        "cumulative": false
    },
    {
        "date": "2020-12-08T11:32:46.642Z",
        "value": "1.6036744117736816",
        "cumulative": false
    },
    {
        "date": "2020-12-08T11:32:48.942Z",
        "value": "1.6879034042358398",
        "cumulative": false
    },
    {
        "date": "2020-12-08T11:32:51.144Z",
        "value": "1.586453914642334",
        "cumulative": false
    },
    {
        "date": "2020-12-08T11:32:53.445Z",
        "value": "1.699791431427002",
        "cumulative": false
    },
    {
        "date": "2020-12-08T11:32:55.797Z",
        "value": "1.6886961460113525",
        "cumulative": false
    },
    {
        "date": "2020-12-08T11:32:58.037Z",
        "value": "1.670511245727539",
        "cumulative": false
    },
    {
        "date": "2020-12-08T11:33:00.374Z",
        "value": "1.7054967880249023",
        "cumulative": false
    },
    {
        "date": "2020-12-08T11:33:02.735Z",
        "value": "1.7579808235168457",
        "cumulative": false
    },
    {
        "date": "2020-12-08T11:33:04.992Z",
        "value": "1.6440348625183105",
        "cumulative": false
    }
]