[
    {
        "date": "2020-12-08T11:32:35.335Z",
        "value": "5.3882598876953125e-05",
        "cumulative": false
    },
    {
        "date": "2020-12-08T11:32:37.594Z",
        "value": "5.1021575927734375e-05",
        "cumulative": false
    },
    {
        "date": "2020-12-08T11:32:39.923Z",
        "value": "5.316734313964844e-05",
        "cumulative": false
    },
    {
        "date": "2020-12-08T11:32:42.125Z",
        "value": "5.245208740234375e-05",
        "cumulative": false
    },
    {
        "date": "2020-12-08T11:32:44.440Z",
        "value": "7.319450378417969e-05",
        "cumulative": false
    },
    {
        "date": "2020-12-08T11:32:46.630Z",
        "value": "5.245208740234375e-05",
        "cumulative": false
    },
    {
        "date": "2020-12-08T11:32:48.932Z",
        "value": "4.935264587402344e-05",
        "cumulative": false
    },
    {
        "date": "2020-12-08T11:32:51.137Z",
        "value": "4.9591064453125e-05",
        "cumulative": false
    },
    {
        "date": "2020-12-08T11:32:53.452Z",
        "value": "5.14984130859375e-05",
        "cumulative": false
    },
    {
        "date": "2020-12-08T11:32:55.783Z",
        "value": "5.412101745605469e-05",
        "cumulative": false
    },
    {
        "date": "2020-12-08T11:32:58.035Z",
        "value": "5.6743621826171875e-05",
        "cumulative": false
    },
    {
        "date": "2020-12-08T11:33:00.380Z",
        "value": "6.67572021484375e-05",
        "cumulative": false
    },
    {
        "date": "2020-12-08T11:33:02.730Z",
        "value": "4.792213439941406e-05",
        "cumulative": false
    },
    {
        "date": "2020-12-08T11:33:04.984Z",
        "value": "4.744529724121094e-05",
        "cumulative": false
    }
]