[
    {
        "date": "2020-12-08T11:32:35.340Z",
        "value": "1.3749511241912842",
        "cumulative": false
    },
    {
        "date": "2020-12-08T11:32:37.621Z",
        "value": "1.1939749717712402",
        "cumulative": false
    },
    {
        "date": "2020-12-08T11:32:39.937Z",
        "value": "1.1592576503753662",
        "cumulative": false
    },
    {
        "date": "2020-12-08T11:32:42.131Z",
        "value": "1.0654206275939941",
        "cumulative": false
    },
    {
        "date": "2020-12-08T11:32:44.460Z",
        "value": "1.254037857055664",
        "cumulative": false
    },
    {
        "date": "2020-12-08T11:32:46.643Z",
        "value": "1.0960402488708496",
        "cumulative": false
    },
    {
        "date": "2020-12-08T11:32:48.945Z",
        "value": "1.1855933666229248",
        "cumulative": false
    },
    {
        "date": "2020-12-08T11:32:51.150Z",
        "value": "1.0932421684265137",
        "cumulative": false
    },
    {
        "date": "2020-12-08T11:32:53.456Z",
        "value": "1.1625146865844727",
        "cumulative": false
    },
    {
        "date": "2020-12-08T11:32:55.793Z",
        "value": "1.14310622215271",
        "cumulative": false
    },
    {
        "date": "2020-12-08T11:32:58.050Z",
        "value": "1.1423671245574951",
        "cumulative": false
    },
    {
        "date": "2020-12-08T11:33:00.383Z",
        "value": "1.1860408782958984",
        "cumulative": false
    },
    {
        "date": "2020-12-08T11:33:02.743Z",
        "value": "1.262789249420166",
        "cumulative": false
    },
    {
        "date": "2020-12-08T11:33:05.001Z",
        "value": "1.133296012878418",
        "cumulative": false
    }
]