[
    {
        "date": "2020-12-08T11:32:35.352Z",
        "value": "0.011201143264770508",
        "cumulative": false
    },
    {
        "date": "2020-12-08T11:32:37.620Z",
        "value": "0.018727779388427734",
        "cumulative": false
    },
    {
        "date": "2020-12-08T11:32:39.949Z",
        "value": "0.03025364875793457",
        "cumulative": false
    },
    {
        "date": "2020-12-08T11:32:42.140Z",
        "value": "0.01591205596923828",
        "cumulative": false
    },
    {
        "date": "2020-12-08T11:32:44.471Z",
        "value": "0.025333642959594727",
        "cumulative": false
    },
    {
        "date": "2020-12-08T11:32:46.661Z",
        "value": "0.029549837112426758",
        "cumulative": false
    },
    {
        "date": "2020-12-08T11:32:48.966Z",
        "value": "0.011948108673095703",
        "cumulative": false
    },
    {
        "date": "2020-12-08T11:32:51.176Z",
        "value": "0.012645483016967773",
        "cumulative": false
    },
    {
        "date": "2020-12-08T11:32:53.498Z",
        "value": "0.011178016662597656",
        "cumulative": false
    },
    {
        "date": "2020-12-08T11:32:55.814Z",
        "value": "0.010893583297729492",
        "cumulative": false
    },
    {
        "date": "2020-12-08T11:32:58.067Z",
        "value": "0.011588573455810547",
        "cumulative": false
    },
    {
        "date": "2020-12-08T11:33:00.403Z",
        "value": "0.01390385627746582",
        "cumulative": false
    },
    {
        "date": "2020-12-08T11:33:02.763Z",
        "value": "0.039090871810913086",
        "cumulative": false
    },
    {
        "date": "2020-12-08T11:33:05.017Z",
        "value": "0.013121604919433594",
        "cumulative": false
    }
]