[
    {
        "date": "2020-12-08T11:32:35.337Z",
        "value": "0.057454824447631836",
        "cumulative": false
    },
    {
        "date": "2020-12-08T11:32:37.605Z",
        "value": "0.06478404998779297",
        "cumulative": false
    },
    {
        "date": "2020-12-08T11:32:39.933Z",
        "value": "0.06956028938293457",
        "cumulative": false
    },
    {
        "date": "2020-12-08T11:32:42.135Z",
        "value": "0.06304407119750977",
        "cumulative": false
    },
    {
        "date": "2020-12-08T11:32:44.449Z",
        "value": "0.05011796951293945",
        "cumulative": false
    },
    {
        "date": "2020-12-08T11:32:46.641Z",
        "value": "0.0546877384185791",
        "cumulative": false
    },
    {
        "date": "2020-12-08T11:32:48.943Z",
        "value": "0.05494260787963867",
        "cumulative": false
    },
    {
        "date": "2020-12-08T11:32:51.150Z",
        "value": "0.059243202209472656",
        "cumulative": false
    },
    {
        "date": "2020-12-08T11:32:53.446Z",
        "value": "0.05936551094055176",
        "cumulative": false
    },
    {
        "date": "2020-12-08T11:32:55.798Z",
        "value": "0.06244921684265137",
        "cumulative": false
    },
    {
        "date": "2020-12-08T11:32:58.043Z",
        "value": "0.06799101829528809",
        "cumulative": false
    },
    {
        "date": "2020-12-08T11:33:00.386Z",
        "value": "0.05743408203125",
        "cumulative": false
    },
    {
        "date": "2020-12-08T11:33:02.744Z",
        "value": "0.05385279655456543",
        "cumulative": false
    },
    {
        "date": "2020-12-08T11:33:04.993Z",
        "value": "0.0558009147644043",
        "cumulative": false
    }
]