[
    {
        "date": "2020-12-08T11:32:33.746Z",
        "value": "10.15625",
        "cumulative": false
    },
    {
        "date": "2020-12-08T11:32:36.039Z",
        "value": "17.96875",
        "cumulative": false
    },
    {
        "date": "2020-12-08T11:32:38.354Z",
        "value": "32.8125",
        "cumulative": false
    },
    {
        "date": "2020-12-08T11:32:40.625Z",
        "value": "47.65625",
        "cumulative": false
    },
    {
        "date": "2020-12-08T11:32:42.819Z",
        "value": "51.5625",
        "cumulative": false
    },
    {
        "date": "2020-12-08T11:32:45.140Z",
        "value": "56.25",
        "cumulative": false
    },
    {
        "date": "2020-12-08T11:32:47.344Z",
        "value": "59.375",
        "cumulative": false
    },
    {
        "date": "2020-12-08T11:32:49.631Z",
        "value": "74.21875",
        "cumulative": false
    },
    {
        "date": "2020-12-08T11:32:51.872Z",
        "value": "65.625",
        "cumulative": false
    },
    {
        "date": "2020-12-08T11:32:54.243Z",
        "value": "75.0",
        "cumulative": false
    },
    {
        "date": "2020-12-08T11:32:56.457Z",
        "value": "70.3125",
        "cumulative": false
    },
    {
        "date": "2020-12-08T11:32:58.769Z",
        "value": "80.46875",
        "cumulative": false
    },
    {
        "date": "2020-12-08T11:33:01.077Z",
        "value": "76.5625",
        "cumulative": false
    },
    {
        "date": "2020-12-08T11:33:03.442Z",
        "value": "85.9375",
        "cumulative": false
    }
]