[
    {
        "date": "2020-12-08T11:32:35.334Z",
        "value": "0.005470991134643555",
        "cumulative": false
    },
    {
        "date": "2020-12-08T11:32:37.608Z",
        "value": "0.004590511322021484",
        "cumulative": false
    },
    {
        "date": "2020-12-08T11:32:39.926Z",
        "value": "0.005487918853759766",
        "cumulative": false
    },
    {
        "date": "2020-12-08T11:32:42.132Z",
        "value": "0.005663156509399414",
        "cumulative": false
    },
    {
        "date": "2020-12-08T11:32:44.445Z",
        "value": "0.0044858455657958984",
        "cumulative": false
    },
    {
        "date": "2020-12-08T11:32:46.639Z",
        "value": "0.005487680435180664",
        "cumulative": false
    },
    {
        "date": "2020-12-08T11:32:48.939Z",
        "value": "0.005063056945800781",
        "cumulative": false
    },
    {
        "date": "2020-12-08T11:32:51.145Z",
        "value": "0.005629062652587891",
        "cumulative": false
    },
    {
        "date": "2020-12-08T11:32:53.446Z",
        "value": "0.0050928592681884766",
        "cumulative": false
    },
    {
        "date": "2020-12-08T11:32:55.790Z",
        "value": "0.005226850509643555",
        "cumulative": false
    },
    {
        "date": "2020-12-08T11:32:58.041Z",
        "value": "0.005053043365478516",
        "cumulative": false
    },
    {
        "date": "2020-12-08T11:33:00.384Z",
        "value": "0.005326986312866211",
        "cumulative": false
    },
    {
        "date": "2020-12-08T11:33:02.739Z",
        "value": "0.0051691532135009766",
        "cumulative": false
    },
    {
        "date": "2020-12-08T11:33:04.997Z",
        "value": "0.0048639774322509766",
        "cumulative": false
    }
]