[
    {
        "date": "2020-12-08T11:32:33.742Z",
        "value": "2.311479091644287",
        "cumulative": false
    },
    {
        "date": "2020-12-08T11:32:36.036Z",
        "value": "1.9875564575195312",
        "cumulative": false
    },
    {
        "date": "2020-12-08T11:32:38.351Z",
        "value": "1.622440218925476",
        "cumulative": false
    },
    {
        "date": "2020-12-08T11:32:40.623Z",
        "value": "1.329530954360962",
        "cumulative": false
    },
    {
        "date": "2020-12-08T11:32:42.817Z",
        "value": "1.1121153831481934",
        "cumulative": false
    },
    {
        "date": "2020-12-08T11:32:45.136Z",
        "value": "1.019132137298584",
        "cumulative": false
    },
    {
        "date": "2020-12-08T11:32:47.341Z",
        "value": "0.8262346982955933",
        "cumulative": false
    },
    {
        "date": "2020-12-08T11:32:49.628Z",
        "value": "0.6678681969642639",
        "cumulative": false
    },
    {
        "date": "2020-12-08T11:32:51.870Z",
        "value": "0.7613356113433838",
        "cumulative": false
    },
    {
        "date": "2020-12-08T11:32:54.242Z",
        "value": "0.9079614877700806",
        "cumulative": false
    },
    {
        "date": "2020-12-08T11:32:56.455Z",
        "value": "0.6058892011642456",
        "cumulative": false
    },
    {
        "date": "2020-12-08T11:32:58.767Z",
        "value": "0.46179577708244324",
        "cumulative": false
    },
    {
        "date": "2020-12-08T11:33:01.072Z",
        "value": "0.6402528882026672",
        "cumulative": false
    },
    {
        "date": "2020-12-08T11:33:03.439Z",
        "value": "0.6135415434837341",
        "cumulative": false
    }
]