[
    {
        "date": "2020-12-08T11:32:33.739Z",
        "value": "6.25",
        "cumulative": false
    },
    {
        "date": "2020-12-08T11:32:36.032Z",
        "value": "20.3125",
        "cumulative": false
    },
    {
        "date": "2020-12-08T11:32:38.346Z",
        "value": "32.03125",
        "cumulative": false
    },
    {
        "date": "2020-12-08T11:32:40.617Z",
        "value": "46.875",
        "cumulative": false
    },
    {
        "date": "2020-12-08T11:32:42.815Z",
        "value": "62.5",
        "cumulative": false
    },
    {
        "date": "2020-12-08T11:32:45.131Z",
        "value": "61.71875",
        "cumulative": false
    },
    {
        "date": "2020-12-08T11:32:47.336Z",
        "value": "70.3125",
        "cumulative": false
    },
    {
        "date": "2020-12-08T11:32:49.623Z",
        "value": "71.09375",
        "cumulative": false
    },
    {
        "date": "2020-12-08T11:32:51.865Z",
        "value": "63.28125",
        "cumulative": false
    },
    {
        "date": "2020-12-08T11:32:54.236Z",
        "value": "75.0",
        "cumulative": false
    },
    {
        "date": "2020-12-08T11:32:56.450Z",
        "value": "75.0",
        "cumulative": false
    },
    {
        "date": "2020-12-08T11:32:58.762Z",
        "value": "78.125",
        "cumulative": false
    },
    {
        "date": "2020-12-08T11:33:01.067Z",
        "value": "79.6875",
        "cumulative": false
    },
    {
        "date": "2020-12-08T11:33:03.434Z",
        "value": "77.34375",
        "cumulative": false
    }
]