[
    {
        "date": "2020-12-08T11:32:35.331Z",
        "value": "2.5190606117248535",
        "cumulative": false
    },
    {
        "date": "2020-12-08T11:32:37.599Z",
        "value": "0.1886301040649414",
        "cumulative": false
    },
    {
        "date": "2020-12-08T11:32:39.936Z",
        "value": "0.18330812454223633",
        "cumulative": false
    },
    {
        "date": "2020-12-08T11:32:42.122Z",
        "value": "0.1826634407043457",
        "cumulative": false
    },
    {
        "date": "2020-12-08T11:32:44.447Z",
        "value": "0.17351984977722168",
        "cumulative": false
    },
    {
        "date": "2020-12-08T11:32:46.649Z",
        "value": "0.18156099319458008",
        "cumulative": false
    },
    {
        "date": "2020-12-08T11:32:48.942Z",
        "value": "0.1487596035003662",
        "cumulative": false
    },
    {
        "date": "2020-12-08T11:32:51.147Z",
        "value": "0.1728229522705078",
        "cumulative": false
    },
    {
        "date": "2020-12-08T11:32:53.444Z",
        "value": "0.17640280723571777",
        "cumulative": false
    },
    {
        "date": "2020-12-08T11:32:55.792Z",
        "value": "0.18300080299377441",
        "cumulative": false
    },
    {
        "date": "2020-12-08T11:32:58.043Z",
        "value": "0.1923964023590088",
        "cumulative": false
    },
    {
        "date": "2020-12-08T11:33:00.378Z",
        "value": "0.17849946022033691",
        "cumulative": false
    },
    {
        "date": "2020-12-08T11:33:02.742Z",
        "value": "0.18330740928649902",
        "cumulative": false
    },
    {
        "date": "2020-12-08T11:33:04.987Z",
        "value": "0.1806173324584961",
        "cumulative": false
    }
]