[
    {
        "date": "2020-12-08T11:32:33.741Z",
        "value": "45.3125",
        "cumulative": false
    },
    {
        "date": "2020-12-08T11:32:36.032Z",
        "value": "73.4375",
        "cumulative": false
    },
    {
        "date": "2020-12-08T11:32:38.347Z",
        "value": "86.71875",
        "cumulative": false
    },
    {
        "date": "2020-12-08T11:32:40.617Z",
        "value": "91.40625",
        "cumulative": false
    },
    {
        "date": "2020-12-08T11:32:42.811Z",
        "value": "91.40625",
        "cumulative": false
    },
    {
        "date": "2020-12-08T11:32:45.131Z",
        "value": "94.53125",
        "cumulative": false
    },
    {
        "date": "2020-12-08T11:32:47.336Z",
        "value": "99.21875",
        "cumulative": false
    },
    {
        "date": "2020-12-08T11:32:49.624Z",
        "value": "99.21875",
        "cumulative": false
    },
    {
        "date": "2020-12-08T11:32:51.864Z",
        "value": "97.65625",
        "cumulative": false
    },
    {
        "date": "2020-12-08T11:32:54.236Z",
        "value": "100.0",
        "cumulative": false
    },
    {
        "date": "2020-12-08T11:32:56.450Z",
        "value": "97.65625",
        "cumulative": false
    },
    {
        "date": "2020-12-08T11:32:58.761Z",
        "value": "99.21875",
        "cumulative": false
    },
    {
        "date": "2020-12-08T11:33:01.066Z",
        "value": "99.21875",
        "cumulative": false
    },
    {
        "date": "2020-12-08T11:33:03.434Z",
        "value": "99.21875",
        "cumulative": false
    }
]