[
    {
        "date": "2020-12-08T11:32:33.750Z",
        "value": "11.71875",
        "cumulative": false
    },
    {
        "date": "2020-12-08T11:32:36.041Z",
        "value": "22.65625",
        "cumulative": false
    },
    {
        "date": "2020-12-08T11:32:38.356Z",
        "value": "35.9375",
        "cumulative": false
    },
    {
        "date": "2020-12-08T11:32:40.628Z",
        "value": "45.3125",
        "cumulative": false
    },
    {
        "date": "2020-12-08T11:32:42.823Z",
        "value": "61.71875",
        "cumulative": false
    },
    {
        "date": "2020-12-08T11:32:45.141Z",
        "value": "57.8125",
        "cumulative": false
    },
    {
        "date": "2020-12-08T11:32:47.346Z",
        "value": "64.84375",
        "cumulative": false
    },
    {
        "date": "2020-12-08T11:32:49.633Z",
        "value": "75.78125",
        "cumulative": false
    },
    {
        "date": "2020-12-08T11:32:51.875Z",
        "value": "70.3125",
        "cumulative": false
    },
    {
        "date": "2020-12-08T11:32:54.247Z",
        "value": "74.21875",
        "cumulative": false
    },
    {
        "date": "2020-12-08T11:32:56.460Z",
        "value": "71.875",
        "cumulative": false
    },
    {
        "date": "2020-12-08T11:32:58.773Z",
        "value": "80.46875",
        "cumulative": false
    },
    {
        "date": "2020-12-08T11:33:01.078Z",
        "value": "85.9375",
        "cumulative": false
    },
    {
        "date": "2020-12-08T11:33:03.446Z",
        "value": "82.8125",
        "cumulative": false
    }
]