[
    {
        "date": "2020-12-08T11:32:35.335Z",
        "value": "1.6240170001983643",
        "cumulative": false
    },
    {
        "date": "2020-12-08T11:32:37.594Z",
        "value": "1.2319552898406982",
        "cumulative": false
    },
    {
        "date": "2020-12-08T11:32:39.923Z",
        "value": "1.1651408672332764",
        "cumulative": false
    },
    {
        "date": "2020-12-08T11:32:42.125Z",
        "value": "1.142871379852295",
        "cumulative": false
    },
    {
        "date": "2020-12-08T11:32:44.440Z",
        "value": "1.2739691734313965",
        "cumulative": false
    },
    {
        "date": "2020-12-08T11:32:46.630Z",
        "value": "1.1447343826293945",
        "cumulative": false
    },
    {
        "date": "2020-12-08T11:32:48.932Z",
        "value": "1.278449296951294",
        "cumulative": false
    },
    {
        "date": "2020-12-08T11:32:51.137Z",
        "value": "1.1847288608551025",
        "cumulative": false
    },
    {
        "date": "2020-12-08T11:32:53.452Z",
        "value": "1.275773286819458",
        "cumulative": false
    },
    {
        "date": "2020-12-08T11:32:55.783Z",
        "value": "1.2078688144683838",
        "cumulative": false
    },
    {
        "date": "2020-12-08T11:32:58.035Z",
        "value": "1.2073376178741455",
        "cumulative": false
    },
    {
        "date": "2020-12-08T11:33:00.380Z",
        "value": "1.1910851001739502",
        "cumulative": false
    },
    {
        "date": "2020-12-08T11:33:02.730Z",
        "value": "1.295703411102295",
        "cumulative": false
    },
    {
        "date": "2020-12-08T11:33:04.984Z",
        "value": "1.2065393924713135",
        "cumulative": false
    }
]