[
    {
        "date": "2020-12-08T11:32:35.340Z",
        "value": "0.11205363273620605",
        "cumulative": false
    },
    {
        "date": "2020-12-08T11:32:37.621Z",
        "value": "0.12598800659179688",
        "cumulative": false
    },
    {
        "date": "2020-12-08T11:32:39.937Z",
        "value": "0.1144099235534668",
        "cumulative": false
    },
    {
        "date": "2020-12-08T11:32:42.131Z",
        "value": "0.12237834930419922",
        "cumulative": false
    },
    {
        "date": "2020-12-08T11:32:44.460Z",
        "value": "0.10327601432800293",
        "cumulative": false
    },
    {
        "date": "2020-12-08T11:32:46.643Z",
        "value": "0.11710619926452637",
        "cumulative": false
    },
    {
        "date": "2020-12-08T11:32:48.945Z",
        "value": "0.12650418281555176",
        "cumulative": false
    },
    {
        "date": "2020-12-08T11:32:51.150Z",
        "value": "0.11611628532409668",
        "cumulative": false
    },
    {
        "date": "2020-12-08T11:32:53.456Z",
        "value": "0.12920117378234863",
        "cumulative": false
    },
    {
        "date": "2020-12-08T11:32:55.793Z",
        "value": "0.130875825881958",
        "cumulative": false
    },
    {
        "date": "2020-12-08T11:32:58.050Z",
        "value": "0.12061882019042969",
        "cumulative": false
    },
    {
        "date": "2020-12-08T11:33:00.383Z",
        "value": "0.11555242538452148",
        "cumulative": false
    },
    {
        "date": "2020-12-08T11:33:02.743Z",
        "value": "0.11696267127990723",
        "cumulative": false
    },
    {
        "date": "2020-12-08T11:33:05.001Z",
        "value": "0.11798763275146484",
        "cumulative": false
    }
]