[
    {
        "date": "2020-12-08T11:32:35.329Z",
        "value": "4.0704121589660645",
        "cumulative": false
    },
    {
        "date": "2020-12-08T11:32:37.600Z",
        "value": "1.685103178024292",
        "cumulative": false
    },
    {
        "date": "2020-12-08T11:32:39.931Z",
        "value": "1.6528871059417725",
        "cumulative": false
    },
    {
        "date": "2020-12-08T11:32:42.124Z",
        "value": "1.5795881748199463",
        "cumulative": false
    },
    {
        "date": "2020-12-08T11:32:44.448Z",
        "value": "1.7400271892547607",
        "cumulative": false
    },
    {
        "date": "2020-12-08T11:32:46.638Z",
        "value": "1.6087539196014404",
        "cumulative": false
    },
    {
        "date": "2020-12-08T11:32:48.936Z",
        "value": "1.6977636814117432",
        "cumulative": false
    },
    {
        "date": "2020-12-08T11:32:51.155Z",
        "value": "1.5946166515350342",
        "cumulative": false
    },
    {
        "date": "2020-12-08T11:32:53.446Z",
        "value": "1.7073264122009277",
        "cumulative": false
    },
    {
        "date": "2020-12-08T11:32:55.791Z",
        "value": "1.678905963897705",
        "cumulative": false
    },
    {
        "date": "2020-12-08T11:32:58.043Z",
        "value": "1.6641924381256104",
        "cumulative": false
    },
    {
        "date": "2020-12-08T11:33:00.374Z",
        "value": "1.6958036422729492",
        "cumulative": false
    },
    {
        "date": "2020-12-08T11:33:02.734Z",
        "value": "1.7646324634552002",
        "cumulative": false
    },
    {
        "date": "2020-12-08T11:33:04.990Z",
        "value": "1.6452691555023193",
        "cumulative": false
    }
]