[
    {
        "date": "2020-12-08T11:32:35.328Z",
        "value": "4.07265305519104",
        "cumulative": false
    },
    {
        "date": "2020-12-08T11:32:37.598Z",
        "value": "1.6879103183746338",
        "cumulative": false
    },
    {
        "date": "2020-12-08T11:32:39.936Z",
        "value": "1.6678571701049805",
        "cumulative": false
    },
    {
        "date": "2020-12-08T11:32:42.122Z",
        "value": "1.5835332870483398",
        "cumulative": false
    },
    {
        "date": "2020-12-08T11:32:44.447Z",
        "value": "1.7326292991638184",
        "cumulative": false
    },
    {
        "date": "2020-12-08T11:32:46.649Z",
        "value": "1.5922765731811523",
        "cumulative": false
    },
    {
        "date": "2020-12-08T11:32:48.942Z",
        "value": "1.6988279819488525",
        "cumulative": false
    },
    {
        "date": "2020-12-08T11:32:51.147Z",
        "value": "1.606992483139038",
        "cumulative": false
    },
    {
        "date": "2020-12-08T11:32:53.444Z",
        "value": "1.706268310546875",
        "cumulative": false
    },
    {
        "date": "2020-12-08T11:32:55.792Z",
        "value": "1.6837594509124756",
        "cumulative": false
    },
    {
        "date": "2020-12-08T11:32:58.043Z",
        "value": "1.6589078903198242",
        "cumulative": false
    },
    {
        "date": "2020-12-08T11:33:00.378Z",
        "value": "1.7035491466522217",
        "cumulative": false
    },
    {
        "date": "2020-12-08T11:33:02.742Z",
        "value": "1.735393762588501",
        "cumulative": false
    },
    {
        "date": "2020-12-08T11:33:04.987Z",
        "value": "1.6440348625183105",
        "cumulative": false
    }
]