[
    {
        "date": "2020-12-08T11:32:35.332Z",
        "value": "9.083747863769531e-05",
        "cumulative": false
    },
    {
        "date": "2020-12-08T11:32:37.600Z",
        "value": "8.344650268554688e-05",
        "cumulative": false
    },
    {
        "date": "2020-12-08T11:32:39.931Z",
        "value": "0.00010180473327636719",
        "cumulative": false
    },
    {
        "date": "2020-12-08T11:32:42.124Z",
        "value": "8.797645568847656e-05",
        "cumulative": false
    },
    {
        "date": "2020-12-08T11:32:44.448Z",
        "value": "8.940696716308594e-05",
        "cumulative": false
    },
    {
        "date": "2020-12-08T11:32:46.638Z",
        "value": "0.00010442733764648438",
        "cumulative": false
    },
    {
        "date": "2020-12-08T11:32:48.937Z",
        "value": "8.511543273925781e-05",
        "cumulative": false
    },
    {
        "date": "2020-12-08T11:32:51.155Z",
        "value": "9.918212890625e-05",
        "cumulative": false
    },
    {
        "date": "2020-12-08T11:32:53.446Z",
        "value": "8.463859558105469e-05",
        "cumulative": false
    },
    {
        "date": "2020-12-08T11:32:55.791Z",
        "value": "8.749961853027344e-05",
        "cumulative": false
    },
    {
        "date": "2020-12-08T11:32:58.043Z",
        "value": "0.00010323524475097656",
        "cumulative": false
    },
    {
        "date": "2020-12-08T11:33:00.374Z",
        "value": "9.465217590332031e-05",
        "cumulative": false
    },
    {
        "date": "2020-12-08T11:33:02.734Z",
        "value": "9.560585021972656e-05",
        "cumulative": false
    },
    {
        "date": "2020-12-08T11:33:04.990Z",
        "value": "9.250640869140625e-05",
        "cumulative": false
    }
]