[
    {
        "date": "2020-12-08T11:32:35.348Z",
        "value": "0.01580810546875",
        "cumulative": false
    },
    {
        "date": "2020-12-08T11:32:37.610Z",
        "value": "0.01759624481201172",
        "cumulative": false
    },
    {
        "date": "2020-12-08T11:32:39.948Z",
        "value": "0.016658306121826172",
        "cumulative": false
    },
    {
        "date": "2020-12-08T11:32:42.133Z",
        "value": "0.016652345657348633",
        "cumulative": false
    },
    {
        "date": "2020-12-08T11:32:44.460Z",
        "value": "0.01506185531616211",
        "cumulative": false
    },
    {
        "date": "2020-12-08T11:32:46.647Z",
        "value": "0.017673015594482422",
        "cumulative": false
    },
    {
        "date": "2020-12-08T11:32:48.953Z",
        "value": "0.016849994659423828",
        "cumulative": false
    },
    {
        "date": "2020-12-08T11:32:51.161Z",
        "value": "0.015897512435913086",
        "cumulative": false
    },
    {
        "date": "2020-12-08T11:32:53.461Z",
        "value": "0.016246318817138672",
        "cumulative": false
    },
    {
        "date": "2020-12-08T11:32:55.797Z",
        "value": "0.018935203552246094",
        "cumulative": false
    },
    {
        "date": "2020-12-08T11:32:58.049Z",
        "value": "0.016225576400756836",
        "cumulative": false
    },
    {
        "date": "2020-12-08T11:33:00.386Z",
        "value": "0.017661571502685547",
        "cumulative": false
    },
    {
        "date": "2020-12-08T11:33:02.745Z",
        "value": "0.017519474029541016",
        "cumulative": false
    },
    {
        "date": "2020-12-08T11:33:05.008Z",
        "value": "0.01455545425415039",
        "cumulative": false
    }
]