[
    {
        "date": "2020-12-08T11:32:35.335Z",
        "value": "0.010392904281616211",
        "cumulative": false
    },
    {
        "date": "2020-12-08T11:32:37.605Z",
        "value": "0.008833885192871094",
        "cumulative": false
    },
    {
        "date": "2020-12-08T11:32:39.933Z",
        "value": "0.016390562057495117",
        "cumulative": false
    },
    {
        "date": "2020-12-08T11:32:42.135Z",
        "value": "0.009979248046875",
        "cumulative": false
    },
    {
        "date": "2020-12-08T11:32:44.449Z",
        "value": "0.008610010147094727",
        "cumulative": false
    },
    {
        "date": "2020-12-08T11:32:46.641Z",
        "value": "0.007585763931274414",
        "cumulative": false
    },
    {
        "date": "2020-12-08T11:32:48.942Z",
        "value": "0.008512735366821289",
        "cumulative": false
    },
    {
        "date": "2020-12-08T11:32:51.150Z",
        "value": "0.008272886276245117",
        "cumulative": false
    },
    {
        "date": "2020-12-08T11:32:53.446Z",
        "value": "0.008201837539672852",
        "cumulative": false
    },
    {
        "date": "2020-12-08T11:32:55.798Z",
        "value": "0.011443138122558594",
        "cumulative": false
    },
    {
        "date": "2020-12-08T11:32:58.043Z",
        "value": "0.008698463439941406",
        "cumulative": false
    },
    {
        "date": "2020-12-08T11:33:00.386Z",
        "value": "0.00917196273803711",
        "cumulative": false
    },
    {
        "date": "2020-12-08T11:33:02.744Z",
        "value": "0.008293867111206055",
        "cumulative": false
    },
    {
        "date": "2020-12-08T11:33:04.993Z",
        "value": "0.008617162704467773",
        "cumulative": false
    }
]