[
    {
        "date": "2020-12-08T11:32:33.737Z",
        "value": "2.5446317195892334",
        "cumulative": false
    },
    {
        "date": "2020-12-08T11:32:36.031Z",
        "value": "2.0066707134246826",
        "cumulative": false
    },
    {
        "date": "2020-12-08T11:32:38.346Z",
        "value": "1.7127448320388794",
        "cumulative": false
    },
    {
        "date": "2020-12-08T11:32:40.617Z",
        "value": "1.3475854396820068",
        "cumulative": false
    },
    {
        "date": "2020-12-08T11:32:42.814Z",
        "value": "1.182831048965454",
        "cumulative": false
    },
    {
        "date": "2020-12-08T11:32:45.131Z",
        "value": "1.1576272249221802",
        "cumulative": false
    },
    {
        "date": "2020-12-08T11:32:47.336Z",
        "value": "0.8395176529884338",
        "cumulative": false
    },
    {
        "date": "2020-12-08T11:32:49.623Z",
        "value": "0.8437495231628418",
        "cumulative": false
    },
    {
        "date": "2020-12-08T11:32:51.864Z",
        "value": "0.993929386138916",
        "cumulative": false
    },
    {
        "date": "2020-12-08T11:32:54.236Z",
        "value": "0.7613857984542847",
        "cumulative": false
    },
    {
        "date": "2020-12-08T11:32:56.450Z",
        "value": "0.6852743029594421",
        "cumulative": false
    },
    {
        "date": "2020-12-08T11:32:58.762Z",
        "value": "0.629676103591919",
        "cumulative": false
    },
    {
        "date": "2020-12-08T11:33:01.066Z",
        "value": "0.649428129196167",
        "cumulative": false
    },
    {
        "date": "2020-12-08T11:33:03.434Z",
        "value": "0.5674610137939453",
        "cumulative": false
    }
]