[
    {
        "date": "2020-12-08T11:32:33.745Z",
        "value": "2.50980544090271",
        "cumulative": false
    },
    {
        "date": "2020-12-08T11:32:36.039Z",
        "value": "2.040158987045288",
        "cumulative": false
    },
    {
        "date": "2020-12-08T11:32:38.354Z",
        "value": "1.764391541481018",
        "cumulative": false
    },
    {
        "date": "2020-12-08T11:32:40.625Z",
        "value": "1.5182654857635498",
        "cumulative": false
    },
    {
        "date": "2020-12-08T11:32:42.819Z",
        "value": "1.2145445346832275",
        "cumulative": false
    },
    {
        "date": "2020-12-08T11:32:45.140Z",
        "value": "1.1394736766815186",
        "cumulative": false
    },
    {
        "date": "2020-12-08T11:32:47.343Z",
        "value": "1.035772681236267",
        "cumulative": false
    },
    {
        "date": "2020-12-08T11:32:49.630Z",
        "value": "0.77090984582901",
        "cumulative": false
    },
    {
        "date": "2020-12-08T11:32:51.872Z",
        "value": "0.8175143599510193",
        "cumulative": false
    },
    {
        "date": "2020-12-08T11:32:54.243Z",
        "value": "0.6892701983451843",
        "cumulative": false
    },
    {
        "date": "2020-12-08T11:32:56.457Z",
        "value": "0.7338765263557434",
        "cumulative": false
    },
    {
        "date": "2020-12-08T11:32:58.769Z",
        "value": "0.5850724577903748",
        "cumulative": false
    },
    {
        "date": "2020-12-08T11:33:01.076Z",
        "value": "0.6030184030532837",
        "cumulative": false
    },
    {
        "date": "2020-12-08T11:33:03.442Z",
        "value": "0.38241851329803467",
        "cumulative": false
    }
]