[
    {
        "date": "2020-12-08T11:32:35.328Z",
        "value": "0.061075448989868164",
        "cumulative": false
    },
    {
        "date": "2020-12-08T11:32:37.599Z",
        "value": "0.06399226188659668",
        "cumulative": false
    },
    {
        "date": "2020-12-08T11:32:39.925Z",
        "value": "0.05773806571960449",
        "cumulative": false
    },
    {
        "date": "2020-12-08T11:32:42.124Z",
        "value": "0.0660698413848877",
        "cumulative": false
    },
    {
        "date": "2020-12-08T11:32:44.444Z",
        "value": "0.054857492446899414",
        "cumulative": false
    },
    {
        "date": "2020-12-08T11:32:46.639Z",
        "value": "0.06535887718200684",
        "cumulative": false
    },
    {
        "date": "2020-12-08T11:32:48.943Z",
        "value": "0.06043291091918945",
        "cumulative": false
    },
    {
        "date": "2020-12-08T11:32:51.143Z",
        "value": "0.06399106979370117",
        "cumulative": false
    },
    {
        "date": "2020-12-08T11:32:53.444Z",
        "value": "0.06297421455383301",
        "cumulative": false
    },
    {
        "date": "2020-12-08T11:32:55.789Z",
        "value": "0.055290937423706055",
        "cumulative": false
    },
    {
        "date": "2020-12-08T11:32:58.044Z",
        "value": "0.06563925743103027",
        "cumulative": false
    },
    {
        "date": "2020-12-08T11:33:00.380Z",
        "value": "0.05979633331298828",
        "cumulative": false
    },
    {
        "date": "2020-12-08T11:33:02.736Z",
        "value": "0.05590701103210449",
        "cumulative": false
    },
    {
        "date": "2020-12-08T11:33:04.994Z",
        "value": "0.05645608901977539",
        "cumulative": false
    }
]