[
    {
        "date": "2020-12-08T11:32:35.337Z",
        "value": "0.14743924140930176",
        "cumulative": false
    },
    {
        "date": "2020-12-08T11:32:37.605Z",
        "value": "0.1615583896636963",
        "cumulative": false
    },
    {
        "date": "2020-12-08T11:32:39.933Z",
        "value": "0.16041159629821777",
        "cumulative": false
    },
    {
        "date": "2020-12-08T11:32:42.135Z",
        "value": "0.16151833534240723",
        "cumulative": false
    },
    {
        "date": "2020-12-08T11:32:44.449Z",
        "value": "0.1582508087158203",
        "cumulative": false
    },
    {
        "date": "2020-12-08T11:32:46.641Z",
        "value": "0.15801382064819336",
        "cumulative": false
    },
    {
        "date": "2020-12-08T11:32:48.943Z",
        "value": "0.16547465324401855",
        "cumulative": false
    },
    {
        "date": "2020-12-08T11:32:51.150Z",
        "value": "0.1379542350769043",
        "cumulative": false
    },
    {
        "date": "2020-12-08T11:32:53.447Z",
        "value": "0.16371560096740723",
        "cumulative": false
    },
    {
        "date": "2020-12-08T11:32:55.798Z",
        "value": "0.14827227592468262",
        "cumulative": false
    },
    {
        "date": "2020-12-08T11:32:58.043Z",
        "value": "0.1446843147277832",
        "cumulative": false
    },
    {
        "date": "2020-12-08T11:33:00.386Z",
        "value": "0.14925813674926758",
        "cumulative": false
    },
    {
        "date": "2020-12-08T11:33:02.744Z",
        "value": "0.13869500160217285",
        "cumulative": false
    },
    {
        "date": "2020-12-08T11:33:04.993Z",
        "value": "0.14821815490722656",
        "cumulative": false
    }
]