[
    {
        "date": "2020-12-08T11:32:33.745Z",
        "value": "2.463191270828247",
        "cumulative": false
    },
    {
        "date": "2020-12-08T11:32:36.041Z",
        "value": "1.9947177171707153",
        "cumulative": false
    },
    {
        "date": "2020-12-08T11:32:38.354Z",
        "value": "1.618356704711914",
        "cumulative": false
    },
    {
        "date": "2020-12-08T11:32:40.627Z",
        "value": "1.4965025186538696",
        "cumulative": false
    },
    {
        "date": "2020-12-08T11:32:42.820Z",
        "value": "1.3997398614883423",
        "cumulative": false
    },
    {
        "date": "2020-12-08T11:32:45.138Z",
        "value": "1.2614188194274902",
        "cumulative": false
    },
    {
        "date": "2020-12-08T11:32:47.343Z",
        "value": "0.946295440196991",
        "cumulative": false
    },
    {
        "date": "2020-12-08T11:32:49.630Z",
        "value": "0.856142520904541",
        "cumulative": false
    },
    {
        "date": "2020-12-08T11:32:51.872Z",
        "value": "0.8107866644859314",
        "cumulative": false
    },
    {
        "date": "2020-12-08T11:32:54.243Z",
        "value": "0.8420391082763672",
        "cumulative": false
    },
    {
        "date": "2020-12-08T11:32:56.457Z",
        "value": "0.7381626963615417",
        "cumulative": false
    },
    {
        "date": "2020-12-08T11:32:58.768Z",
        "value": "0.5463710427284241",
        "cumulative": false
    },
    {
        "date": "2020-12-08T11:33:01.074Z",
        "value": "0.49730560183525085",
        "cumulative": false
    },
    {
        "date": "2020-12-08T11:33:03.441Z",
        "value": "0.4850305914878845",
        "cumulative": false
    }
]