[
    {
        "date": "2020-12-08T11:32:35.332Z",
        "value": "1.5397353172302246",
        "cumulative": false
    },
    {
        "date": "2020-12-08T11:32:37.601Z",
        "value": "1.208268404006958",
        "cumulative": false
    },
    {
        "date": "2020-12-08T11:32:39.926Z",
        "value": "1.1959824562072754",
        "cumulative": false
    },
    {
        "date": "2020-12-08T11:32:42.126Z",
        "value": "1.1236131191253662",
        "cumulative": false
    },
    {
        "date": "2020-12-08T11:32:44.450Z",
        "value": "1.293393611907959",
        "cumulative": false
    },
    {
        "date": "2020-12-08T11:32:46.638Z",
        "value": "1.170363426208496",
        "cumulative": false
    },
    {
        "date": "2020-12-08T11:32:48.939Z",
        "value": "1.2578983306884766",
        "cumulative": false
    },
    {
        "date": "2020-12-08T11:32:51.151Z",
        "value": "1.1609017848968506",
        "cumulative": false
    },
    {
        "date": "2020-12-08T11:32:53.444Z",
        "value": "1.2294411659240723",
        "cumulative": false
    },
    {
        "date": "2020-12-08T11:32:55.789Z",
        "value": "1.1939637660980225",
        "cumulative": false
    },
    {
        "date": "2020-12-08T11:32:58.039Z",
        "value": "1.2414381504058838",
        "cumulative": false
    },
    {
        "date": "2020-12-08T11:33:00.380Z",
        "value": "1.2493767738342285",
        "cumulative": false
    },
    {
        "date": "2020-12-08T11:33:02.743Z",
        "value": "1.314476490020752",
        "cumulative": false
    },
    {
        "date": "2020-12-08T11:33:04.991Z",
        "value": "1.2058918476104736",
        "cumulative": false
    }
]