[
    {
        "date": "2020-12-08T11:32:33.752Z",
        "value": "50.78125",
        "cumulative": false
    },
    {
        "date": "2020-12-08T11:32:36.041Z",
        "value": "77.34375",
        "cumulative": false
    },
    {
        "date": "2020-12-08T11:32:38.354Z",
        "value": "89.84375",
        "cumulative": false
    },
    {
        "date": "2020-12-08T11:32:40.627Z",
        "value": "89.0625",
        "cumulative": false
    },
    {
        "date": "2020-12-08T11:32:42.821Z",
        "value": "94.53125",
        "cumulative": false
    },
    {
        "date": "2020-12-08T11:32:45.138Z",
        "value": "94.53125",
        "cumulative": false
    },
    {
        "date": "2020-12-08T11:32:47.343Z",
        "value": "97.65625",
        "cumulative": false
    },
    {
        "date": "2020-12-08T11:32:49.630Z",
        "value": "99.21875",
        "cumulative": false
    },
    {
        "date": "2020-12-08T11:32:51.872Z",
        "value": "99.21875",
        "cumulative": false
    },
    {
        "date": "2020-12-08T11:32:54.243Z",
        "value": "98.4375",
        "cumulative": false
    },
    {
        "date": "2020-12-08T11:32:56.458Z",
        "value": "96.875",
        "cumulative": false
    },
    {
        "date": "2020-12-08T11:32:58.769Z",
        "value": "98.4375",
        "cumulative": false
    },
    {
        "date": "2020-12-08T11:33:01.074Z",
        "value": "98.4375",
        "cumulative": false
    },
    {
        "date": "2020-12-08T11:33:03.441Z",
        "value": "99.21875",
        "cumulative": false
    }
]