[
    {
        "date": "2020-12-08T11:32:35.335Z",
        "value": "2.3165037631988525",
        "cumulative": false
    },
    {
        "date": "2020-12-08T11:32:37.596Z",
        "value": "0.150604248046875",
        "cumulative": false
    },
    {
        "date": "2020-12-08T11:32:39.923Z",
        "value": "0.1795368194580078",
        "cumulative": false
    },
    {
        "date": "2020-12-08T11:32:42.125Z",
        "value": "0.173142671585083",
        "cumulative": false
    },
    {
        "date": "2020-12-08T11:32:44.442Z",
        "value": "0.1499643325805664",
        "cumulative": false
    },
    {
        "date": "2020-12-08T11:32:46.640Z",
        "value": "0.1759657859802246",
        "cumulative": false
    },
    {
        "date": "2020-12-08T11:32:48.935Z",
        "value": "0.1680145263671875",
        "cumulative": false
    },
    {
        "date": "2020-12-08T11:32:51.138Z",
        "value": "0.14714550971984863",
        "cumulative": false
    },
    {
        "date": "2020-12-08T11:32:53.440Z",
        "value": "0.17517399787902832",
        "cumulative": false
    },
    {
        "date": "2020-12-08T11:32:55.786Z",
        "value": "0.16336750984191895",
        "cumulative": false
    },
    {
        "date": "2020-12-08T11:32:58.037Z",
        "value": "0.1689462661743164",
        "cumulative": false
    },
    {
        "date": "2020-12-08T11:33:00.372Z",
        "value": "0.15804004669189453",
        "cumulative": false
    },
    {
        "date": "2020-12-08T11:33:02.733Z",
        "value": "0.17231202125549316",
        "cumulative": false
    },
    {
        "date": "2020-12-08T11:33:04.986Z",
        "value": "0.1719677448272705",
        "cumulative": false
    }
]