[
    {
        "date": "2020-12-08T11:32:35.348Z",
        "value": "1.2880678176879883",
        "cumulative": false
    },
    {
        "date": "2020-12-08T11:32:37.610Z",
        "value": "1.175957441329956",
        "cumulative": false
    },
    {
        "date": "2020-12-08T11:32:39.948Z",
        "value": "1.1566407680511475",
        "cumulative": false
    },
    {
        "date": "2020-12-08T11:32:42.133Z",
        "value": "1.0467653274536133",
        "cumulative": false
    },
    {
        "date": "2020-12-08T11:32:44.460Z",
        "value": "1.1929051876068115",
        "cumulative": false
    },
    {
        "date": "2020-12-08T11:32:46.647Z",
        "value": "1.0633594989776611",
        "cumulative": false
    },
    {
        "date": "2020-12-08T11:32:48.953Z",
        "value": "1.1478471755981445",
        "cumulative": false
    },
    {
        "date": "2020-12-08T11:32:51.161Z",
        "value": "1.0185589790344238",
        "cumulative": false
    },
    {
        "date": "2020-12-08T11:32:53.461Z",
        "value": "1.1427943706512451",
        "cumulative": false
    },
    {
        "date": "2020-12-08T11:32:55.797Z",
        "value": "1.1154875755310059",
        "cumulative": false
    },
    {
        "date": "2020-12-08T11:32:58.049Z",
        "value": "1.1286816596984863",
        "cumulative": false
    },
    {
        "date": "2020-12-08T11:33:00.386Z",
        "value": "1.1528542041778564",
        "cumulative": false
    },
    {
        "date": "2020-12-08T11:33:02.745Z",
        "value": "1.225785255432129",
        "cumulative": false
    },
    {
        "date": "2020-12-08T11:33:05.008Z",
        "value": "1.1123881340026855",
        "cumulative": false
    }
]