[
    {
        "date": "2020-12-08T11:32:35.340Z",
        "value": "0.016383886337280273",
        "cumulative": false
    },
    {
        "date": "2020-12-08T11:32:37.612Z",
        "value": "0.01729273796081543",
        "cumulative": false
    },
    {
        "date": "2020-12-08T11:32:39.933Z",
        "value": "0.016525745391845703",
        "cumulative": false
    },
    {
        "date": "2020-12-08T11:32:42.134Z",
        "value": "0.01692652702331543",
        "cumulative": false
    },
    {
        "date": "2020-12-08T11:32:44.448Z",
        "value": "0.017096519470214844",
        "cumulative": false
    },
    {
        "date": "2020-12-08T11:32:46.641Z",
        "value": "0.017378807067871094",
        "cumulative": false
    },
    {
        "date": "2020-12-08T11:32:48.944Z",
        "value": "0.016980886459350586",
        "cumulative": false
    },
    {
        "date": "2020-12-08T11:32:51.146Z",
        "value": "0.01705336570739746",
        "cumulative": false
    },
    {
        "date": "2020-12-08T11:32:53.458Z",
        "value": "0.016946792602539062",
        "cumulative": false
    },
    {
        "date": "2020-12-08T11:32:55.804Z",
        "value": "0.020029544830322266",
        "cumulative": false
    },
    {
        "date": "2020-12-08T11:32:58.043Z",
        "value": "0.015630245208740234",
        "cumulative": false
    },
    {
        "date": "2020-12-08T11:33:00.380Z",
        "value": "0.016732454299926758",
        "cumulative": false
    },
    {
        "date": "2020-12-08T11:33:02.747Z",
        "value": "0.016089439392089844",
        "cumulative": false
    },
    {
        "date": "2020-12-08T11:33:04.999Z",
        "value": "0.01506185531616211",
        "cumulative": false
    }
]