[
    {
        "date": "2020-12-08T11:32:35.324Z",
        "value": "4.073946952819824",
        "cumulative": false
    },
    {
        "date": "2020-12-08T11:32:37.599Z",
        "value": "1.6910333633422852",
        "cumulative": false
    },
    {
        "date": "2020-12-08T11:32:39.925Z",
        "value": "1.6698620319366455",
        "cumulative": false
    },
    {
        "date": "2020-12-08T11:32:42.124Z",
        "value": "1.5883710384368896",
        "cumulative": false
    },
    {
        "date": "2020-12-08T11:32:44.444Z",
        "value": "1.7367973327636719",
        "cumulative": false
    },
    {
        "date": "2020-12-08T11:32:46.639Z",
        "value": "1.606184482574463",
        "cumulative": false
    },
    {
        "date": "2020-12-08T11:32:48.943Z",
        "value": "1.7103874683380127",
        "cumulative": false
    },
    {
        "date": "2020-12-08T11:32:51.143Z",
        "value": "1.6077992916107178",
        "cumulative": false
    },
    {
        "date": "2020-12-08T11:32:53.444Z",
        "value": "1.6955339908599854",
        "cumulative": false
    },
    {
        "date": "2020-12-08T11:32:55.789Z",
        "value": "1.6799237728118896",
        "cumulative": false
    },
    {
        "date": "2020-12-08T11:32:58.044Z",
        "value": "1.6736366748809814",
        "cumulative": false
    },
    {
        "date": "2020-12-08T11:33:00.380Z",
        "value": "1.699993371963501",
        "cumulative": false
    },
    {
        "date": "2020-12-08T11:33:02.736Z",
        "value": "1.740250825881958",
        "cumulative": false
    },
    {
        "date": "2020-12-08T11:33:04.994Z",
        "value": "1.6539151668548584",
        "cumulative": false
    }
]