[
    {
        "date": "2020-12-08T11:32:33.739Z",
        "value": "51.5625",
        "cumulative": false
    },
    {
        "date": "2020-12-08T11:32:36.030Z",
        "value": "82.03125",
        "cumulative": false
    },
    {
        "date": "2020-12-08T11:32:38.345Z",
        "value": "87.5",
        "cumulative": false
    },
    {
        "date": "2020-12-08T11:32:40.616Z",
        "value": "88.28125",
        "cumulative": false
    },
    {
        "date": "2020-12-08T11:32:42.815Z",
        "value": "96.09375",
        "cumulative": false
    },
    {
        "date": "2020-12-08T11:32:45.135Z",
        "value": "96.875",
        "cumulative": false
    },
    {
        "date": "2020-12-08T11:32:47.334Z",
        "value": "99.21875",
        "cumulative": false
    },
    {
        "date": "2020-12-08T11:32:49.622Z",
        "value": "97.65625",
        "cumulative": false
    },
    {
        "date": "2020-12-08T11:32:51.863Z",
        "value": "97.65625",
        "cumulative": false
    },
    {
        "date": "2020-12-08T11:32:54.237Z",
        "value": "96.875",
        "cumulative": false
    },
    {
        "date": "2020-12-08T11:32:56.449Z",
        "value": "100.0",
        "cumulative": false
    },
    {
        "date": "2020-12-08T11:32:58.763Z",
        "value": "99.21875",
        "cumulative": false
    },
    {
        "date": "2020-12-08T11:33:01.065Z",
        "value": "99.21875",
        "cumulative": false
    },
    {
        "date": "2020-12-08T11:33:03.434Z",
        "value": "98.4375",
        "cumulative": false
    }
]