[
    {
        "date": "2020-12-08T11:32:35.339Z",
        "value": "2.5338563919067383",
        "cumulative": false
    },
    {
        "date": "2020-12-08T11:32:37.612Z",
        "value": "0.19323992729187012",
        "cumulative": false
    },
    {
        "date": "2020-12-08T11:32:39.933Z",
        "value": "0.1837177276611328",
        "cumulative": false
    },
    {
        "date": "2020-12-08T11:32:42.134Z",
        "value": "0.19824504852294922",
        "cumulative": false
    },
    {
        "date": "2020-12-08T11:32:44.448Z",
        "value": "0.16929888725280762",
        "cumulative": false
    },
    {
        "date": "2020-12-08T11:32:46.641Z",
        "value": "0.19640278816223145",
        "cumulative": false
    },
    {
        "date": "2020-12-08T11:32:48.943Z",
        "value": "0.17676734924316406",
        "cumulative": false
    },
    {
        "date": "2020-12-08T11:32:51.146Z",
        "value": "0.18115878105163574",
        "cumulative": false
    },
    {
        "date": "2020-12-08T11:32:53.458Z",
        "value": "0.1869509220123291",
        "cumulative": false
    },
    {
        "date": "2020-12-08T11:32:55.804Z",
        "value": "0.2000293731689453",
        "cumulative": false
    },
    {
        "date": "2020-12-08T11:32:58.042Z",
        "value": "0.16396474838256836",
        "cumulative": false
    },
    {
        "date": "2020-12-08T11:33:00.380Z",
        "value": "0.1745922565460205",
        "cumulative": false
    },
    {
        "date": "2020-12-08T11:33:02.747Z",
        "value": "0.17621135711669922",
        "cumulative": false
    },
    {
        "date": "2020-12-08T11:33:04.999Z",
        "value": "0.17309880256652832",
        "cumulative": false
    }
]