[
    {
        "date": "2020-12-08T11:32:35.331Z",
        "value": "0.0683906078338623",
        "cumulative": false
    },
    {
        "date": "2020-12-08T11:32:37.599Z",
        "value": "0.06125187873840332",
        "cumulative": false
    },
    {
        "date": "2020-12-08T11:32:39.936Z",
        "value": "0.06005692481994629",
        "cumulative": false
    },
    {
        "date": "2020-12-08T11:32:42.122Z",
        "value": "0.05779242515563965",
        "cumulative": false
    },
    {
        "date": "2020-12-08T11:32:44.447Z",
        "value": "0.05500316619873047",
        "cumulative": false
    },
    {
        "date": "2020-12-08T11:32:46.649Z",
        "value": "0.06963253021240234",
        "cumulative": false
    },
    {
        "date": "2020-12-08T11:32:48.942Z",
        "value": "0.04981827735900879",
        "cumulative": false
    },
    {
        "date": "2020-12-08T11:32:51.147Z",
        "value": "0.06859517097473145",
        "cumulative": false
    },
    {
        "date": "2020-12-08T11:32:53.444Z",
        "value": "0.05472826957702637",
        "cumulative": false
    },
    {
        "date": "2020-12-08T11:32:55.792Z",
        "value": "0.06126213073730469",
        "cumulative": false
    },
    {
        "date": "2020-12-08T11:32:58.043Z",
        "value": "0.06286144256591797",
        "cumulative": false
    },
    {
        "date": "2020-12-08T11:33:00.378Z",
        "value": "0.05503654479980469",
        "cumulative": false
    },
    {
        "date": "2020-12-08T11:33:02.742Z",
        "value": "0.059578657150268555",
        "cumulative": false
    },
    {
        "date": "2020-12-08T11:33:04.987Z",
        "value": "0.05675697326660156",
        "cumulative": false
    }
]