[
    {
        "date": "2020-12-08T11:32:33.741Z",
        "value": "47.65625",
        "cumulative": false
    },
    {
        "date": "2020-12-08T11:32:36.033Z",
        "value": "82.8125",
        "cumulative": false
    },
    {
        "date": "2020-12-08T11:32:38.348Z",
        "value": "85.9375",
        "cumulative": false
    },
    {
        "date": "2020-12-08T11:32:40.619Z",
        "value": "90.625",
        "cumulative": false
    },
    {
        "date": "2020-12-08T11:32:42.813Z",
        "value": "94.53125",
        "cumulative": false
    },
    {
        "date": "2020-12-08T11:32:45.132Z",
        "value": "95.3125",
        "cumulative": false
    },
    {
        "date": "2020-12-08T11:32:47.337Z",
        "value": "96.09375",
        "cumulative": false
    },
    {
        "date": "2020-12-08T11:32:49.624Z",
        "value": "97.65625",
        "cumulative": false
    },
    {
        "date": "2020-12-08T11:32:51.866Z",
        "value": "98.4375",
        "cumulative": false
    },
    {
        "date": "2020-12-08T11:32:54.238Z",
        "value": "97.65625",
        "cumulative": false
    },
    {
        "date": "2020-12-08T11:32:56.451Z",
        "value": "98.4375",
        "cumulative": false
    },
    {
        "date": "2020-12-08T11:32:58.764Z",
        "value": "96.09375",
        "cumulative": false
    },
    {
        "date": "2020-12-08T11:33:01.073Z",
        "value": "97.65625",
        "cumulative": false
    },
    {
        "date": "2020-12-08T11:33:03.436Z",
        "value": "96.875",
        "cumulative": false
    }
]