[
    {
        "date": "2020-12-08T11:32:33.738Z",
        "value": "2.545438528060913",
        "cumulative": false
    },
    {
        "date": "2020-12-08T11:32:36.032Z",
        "value": "2.0492055416107178",
        "cumulative": false
    },
    {
        "date": "2020-12-08T11:32:38.348Z",
        "value": "1.735115647315979",
        "cumulative": false
    },
    {
        "date": "2020-12-08T11:32:40.619Z",
        "value": "1.5757404565811157",
        "cumulative": false
    },
    {
        "date": "2020-12-08T11:32:42.813Z",
        "value": "1.20136559009552",
        "cumulative": false
    },
    {
        "date": "2020-12-08T11:32:45.132Z",
        "value": "1.0683670043945312",
        "cumulative": false
    },
    {
        "date": "2020-12-08T11:32:47.337Z",
        "value": "1.0654810667037964",
        "cumulative": false
    },
    {
        "date": "2020-12-08T11:32:49.624Z",
        "value": "1.0146868228912354",
        "cumulative": false
    },
    {
        "date": "2020-12-08T11:32:51.866Z",
        "value": "0.6898674964904785",
        "cumulative": false
    },
    {
        "date": "2020-12-08T11:32:54.238Z",
        "value": "0.8152080774307251",
        "cumulative": false
    },
    {
        "date": "2020-12-08T11:32:56.451Z",
        "value": "0.8100168108940125",
        "cumulative": false
    },
    {
        "date": "2020-12-08T11:32:58.764Z",
        "value": "0.7825322151184082",
        "cumulative": false
    },
    {
        "date": "2020-12-08T11:33:01.073Z",
        "value": "0.6038550138473511",
        "cumulative": false
    },
    {
        "date": "2020-12-08T11:33:03.436Z",
        "value": "0.672886312007904",
        "cumulative": false
    }
]