[
    {
        "date": "2020-12-08T11:32:33.751Z",
        "value": "52.34375",
        "cumulative": false
    },
    {
        "date": "2020-12-08T11:32:36.041Z",
        "value": "82.8125",
        "cumulative": false
    },
    {
        "date": "2020-12-08T11:32:38.356Z",
        "value": "89.84375",
        "cumulative": false
    },
    {
        "date": "2020-12-08T11:32:40.628Z",
        "value": "90.625",
        "cumulative": false
    },
    {
        "date": "2020-12-08T11:32:42.823Z",
        "value": "97.65625",
        "cumulative": false
    },
    {
        "date": "2020-12-08T11:32:45.141Z",
        "value": "94.53125",
        "cumulative": false
    },
    {
        "date": "2020-12-08T11:32:47.346Z",
        "value": "95.3125",
        "cumulative": false
    },
    {
        "date": "2020-12-08T11:32:49.633Z",
        "value": "98.4375",
        "cumulative": false
    },
    {
        "date": "2020-12-08T11:32:51.875Z",
        "value": "99.21875",
        "cumulative": false
    },
    {
        "date": "2020-12-08T11:32:54.247Z",
        "value": "98.4375",
        "cumulative": false
    },
    {
        "date": "2020-12-08T11:32:56.460Z",
        "value": "97.65625",
        "cumulative": false
    },
    {
        "date": "2020-12-08T11:32:58.773Z",
        "value": "99.21875",
        "cumulative": false
    },
    {
        "date": "2020-12-08T11:33:01.078Z",
        "value": "98.4375",
        "cumulative": false
    },
    {
        "date": "2020-12-08T11:33:03.446Z",
        "value": "100.0",
        "cumulative": false
    }
]