[
    {
        "date": "2020-12-08T11:32:35.333Z",
        "value": "0.143096923828125",
        "cumulative": false
    },
    {
        "date": "2020-12-08T11:32:37.594Z",
        "value": "0.14087772369384766",
        "cumulative": false
    },
    {
        "date": "2020-12-08T11:32:39.926Z",
        "value": "0.1447920799255371",
        "cumulative": false
    },
    {
        "date": "2020-12-08T11:32:42.125Z",
        "value": "0.15634989738464355",
        "cumulative": false
    },
    {
        "date": "2020-12-08T11:32:44.441Z",
        "value": "0.16530752182006836",
        "cumulative": false
    },
    {
        "date": "2020-12-08T11:32:46.637Z",
        "value": "0.14481878280639648",
        "cumulative": false
    },
    {
        "date": "2020-12-08T11:32:48.938Z",
        "value": "0.15758919715881348",
        "cumulative": false
    },
    {
        "date": "2020-12-08T11:32:51.140Z",
        "value": "0.15854215621948242",
        "cumulative": false
    },
    {
        "date": "2020-12-08T11:32:53.446Z",
        "value": "0.1454472541809082",
        "cumulative": false
    },
    {
        "date": "2020-12-08T11:32:55.784Z",
        "value": "0.1472008228302002",
        "cumulative": false
    },
    {
        "date": "2020-12-08T11:32:58.032Z",
        "value": "0.14087176322937012",
        "cumulative": false
    },
    {
        "date": "2020-12-08T11:33:00.373Z",
        "value": "0.15108227729797363",
        "cumulative": false
    },
    {
        "date": "2020-12-08T11:33:02.729Z",
        "value": "0.14651203155517578",
        "cumulative": false
    },
    {
        "date": "2020-12-08T11:33:04.986Z",
        "value": "0.14347338676452637",
        "cumulative": false
    }
]