[
    {
        "date": "2020-12-08T11:32:33.738Z",
        "value": "2.551621913909912",
        "cumulative": false
    },
    {
        "date": "2020-12-08T11:32:36.031Z",
        "value": "2.0993833541870117",
        "cumulative": false
    },
    {
        "date": "2020-12-08T11:32:38.346Z",
        "value": "1.717002511024475",
        "cumulative": false
    },
    {
        "date": "2020-12-08T11:32:40.617Z",
        "value": "1.5350050926208496",
        "cumulative": false
    },
    {
        "date": "2020-12-08T11:32:42.811Z",
        "value": "1.2967208623886108",
        "cumulative": false
    },
    {
        "date": "2020-12-08T11:32:45.131Z",
        "value": "1.1220396757125854",
        "cumulative": false
    },
    {
        "date": "2020-12-08T11:32:47.336Z",
        "value": "0.9520962238311768",
        "cumulative": false
    },
    {
        "date": "2020-12-08T11:32:49.624Z",
        "value": "0.7761542797088623",
        "cumulative": false
    },
    {
        "date": "2020-12-08T11:32:51.864Z",
        "value": "0.8682515025138855",
        "cumulative": false
    },
    {
        "date": "2020-12-08T11:32:54.236Z",
        "value": "0.8445162773132324",
        "cumulative": false
    },
    {
        "date": "2020-12-08T11:32:56.450Z",
        "value": "0.6694959998130798",
        "cumulative": false
    },
    {
        "date": "2020-12-08T11:32:58.761Z",
        "value": "0.7381113767623901",
        "cumulative": false
    },
    {
        "date": "2020-12-08T11:33:01.066Z",
        "value": "0.5049673318862915",
        "cumulative": false
    },
    {
        "date": "2020-12-08T11:33:03.434Z",
        "value": "0.6435168385505676",
        "cumulative": false
    }
]