[
    {
        "date": "2020-12-08T11:32:35.332Z",
        "value": "0.0156710147857666",
        "cumulative": false
    },
    {
        "date": "2020-12-08T11:32:37.600Z",
        "value": "0.018279552459716797",
        "cumulative": false
    },
    {
        "date": "2020-12-08T11:32:39.931Z",
        "value": "0.01727461814880371",
        "cumulative": false
    },
    {
        "date": "2020-12-08T11:32:42.124Z",
        "value": "0.0165860652923584",
        "cumulative": false
    },
    {
        "date": "2020-12-08T11:32:44.448Z",
        "value": "0.015941381454467773",
        "cumulative": false
    },
    {
        "date": "2020-12-08T11:32:46.638Z",
        "value": "0.018453359603881836",
        "cumulative": false
    },
    {
        "date": "2020-12-08T11:32:48.937Z",
        "value": "0.016236543655395508",
        "cumulative": false
    },
    {
        "date": "2020-12-08T11:32:51.155Z",
        "value": "0.016220808029174805",
        "cumulative": false
    },
    {
        "date": "2020-12-08T11:32:53.446Z",
        "value": "0.017108917236328125",
        "cumulative": false
    },
    {
        "date": "2020-12-08T11:32:55.791Z",
        "value": "0.015487432479858398",
        "cumulative": false
    },
    {
        "date": "2020-12-08T11:32:58.043Z",
        "value": "0.0164031982421875",
        "cumulative": false
    },
    {
        "date": "2020-12-08T11:33:00.374Z",
        "value": "0.016512155532836914",
        "cumulative": false
    },
    {
        "date": "2020-12-08T11:33:02.734Z",
        "value": "0.015571832656860352",
        "cumulative": false
    },
    {
        "date": "2020-12-08T11:33:04.990Z",
        "value": "0.017505645751953125",
        "cumulative": false
    }
]