[
    {
        "date": "2020-12-08T11:32:35.337Z",
        "value": "0.01624155044555664",
        "cumulative": false
    },
    {
        "date": "2020-12-08T11:32:37.605Z",
        "value": "0.015912294387817383",
        "cumulative": false
    },
    {
        "date": "2020-12-08T11:32:39.933Z",
        "value": "0.01725482940673828",
        "cumulative": false
    },
    {
        "date": "2020-12-08T11:32:42.135Z",
        "value": "0.017802953720092773",
        "cumulative": false
    },
    {
        "date": "2020-12-08T11:32:44.449Z",
        "value": "0.016254425048828125",
        "cumulative": false
    },
    {
        "date": "2020-12-08T11:32:46.641Z",
        "value": "0.016567707061767578",
        "cumulative": false
    },
    {
        "date": "2020-12-08T11:32:48.943Z",
        "value": "0.015616655349731445",
        "cumulative": false
    },
    {
        "date": "2020-12-08T11:32:51.150Z",
        "value": "0.017190933227539062",
        "cumulative": false
    },
    {
        "date": "2020-12-08T11:32:53.447Z",
        "value": "0.01634073257446289",
        "cumulative": false
    },
    {
        "date": "2020-12-08T11:32:55.798Z",
        "value": "0.017053842544555664",
        "cumulative": false
    },
    {
        "date": "2020-12-08T11:32:58.043Z",
        "value": "0.016482114791870117",
        "cumulative": false
    },
    {
        "date": "2020-12-08T11:33:00.386Z",
        "value": "0.017667531967163086",
        "cumulative": false
    },
    {
        "date": "2020-12-08T11:33:02.744Z",
        "value": "0.018139362335205078",
        "cumulative": false
    },
    {
        "date": "2020-12-08T11:33:04.993Z",
        "value": "0.01746082305908203",
        "cumulative": false
    }
]