[
    {
        "date": "2020-12-08T11:32:35.330Z",
        "value": "0.018045425415039062",
        "cumulative": false
    },
    {
        "date": "2020-12-08T11:32:37.610Z",
        "value": "0.01632070541381836",
        "cumulative": false
    },
    {
        "date": "2020-12-08T11:32:39.932Z",
        "value": "0.01611781120300293",
        "cumulative": false
    },
    {
        "date": "2020-12-08T11:32:42.130Z",
        "value": "0.0167081356048584",
        "cumulative": false
    },
    {
        "date": "2020-12-08T11:32:44.448Z",
        "value": "0.015416383743286133",
        "cumulative": false
    },
    {
        "date": "2020-12-08T11:32:46.641Z",
        "value": "0.016731977462768555",
        "cumulative": false
    },
    {
        "date": "2020-12-08T11:32:48.948Z",
        "value": "0.01608443260192871",
        "cumulative": false
    },
    {
        "date": "2020-12-08T11:32:51.147Z",
        "value": "0.020643234252929688",
        "cumulative": false
    },
    {
        "date": "2020-12-08T11:32:53.445Z",
        "value": "0.01646709442138672",
        "cumulative": false
    },
    {
        "date": "2020-12-08T11:32:55.793Z",
        "value": "0.017204999923706055",
        "cumulative": false
    },
    {
        "date": "2020-12-08T11:32:58.042Z",
        "value": "0.01823568344116211",
        "cumulative": false
    },
    {
        "date": "2020-12-08T11:33:00.378Z",
        "value": "0.01842808723449707",
        "cumulative": false
    },
    {
        "date": "2020-12-08T11:33:02.741Z",
        "value": "0.015350818634033203",
        "cumulative": false
    },
    {
        "date": "2020-12-08T11:33:05.000Z",
        "value": "0.015767812728881836",
        "cumulative": false
    }
]