[
    {
        "date": "2020-12-08T11:32:35.334Z",
        "value": "2.445357322692871",
        "cumulative": false
    },
    {
        "date": "2020-12-08T11:32:37.608Z",
        "value": "0.15732789039611816",
        "cumulative": false
    },
    {
        "date": "2020-12-08T11:32:39.926Z",
        "value": "0.19016170501708984",
        "cumulative": false
    },
    {
        "date": "2020-12-08T11:32:42.132Z",
        "value": "0.19460630416870117",
        "cumulative": false
    },
    {
        "date": "2020-12-08T11:32:44.445Z",
        "value": "0.15630459785461426",
        "cumulative": false
    },
    {
        "date": "2020-12-08T11:32:46.639Z",
        "value": "0.19443821907043457",
        "cumulative": false
    },
    {
        "date": "2020-12-08T11:32:48.939Z",
        "value": "0.17719721794128418",
        "cumulative": false
    },
    {
        "date": "2020-12-08T11:32:51.145Z",
        "value": "0.17741799354553223",
        "cumulative": false
    },
    {
        "date": "2020-12-08T11:32:53.446Z",
        "value": "0.1635446548461914",
        "cumulative": false
    },
    {
        "date": "2020-12-08T11:32:55.790Z",
        "value": "0.17399382591247559",
        "cumulative": false
    },
    {
        "date": "2020-12-08T11:32:58.041Z",
        "value": "0.17391467094421387",
        "cumulative": false
    },
    {
        "date": "2020-12-08T11:33:00.384Z",
        "value": "0.17912077903747559",
        "cumulative": false
    },
    {
        "date": "2020-12-08T11:33:02.739Z",
        "value": "0.1873490810394287",
        "cumulative": false
    },
    {
        "date": "2020-12-08T11:33:04.997Z",
        "value": "0.1646437644958496",
        "cumulative": false
    }
]