[
    {
        "date": "2020-12-08T11:32:35.346Z",
        "value": "0.009707212448120117",
        "cumulative": false
    },
    {
        "date": "2020-12-08T11:32:37.609Z",
        "value": "0.007971525192260742",
        "cumulative": false
    },
    {
        "date": "2020-12-08T11:32:39.948Z",
        "value": "0.00858163833618164",
        "cumulative": false
    },
    {
        "date": "2020-12-08T11:32:42.133Z",
        "value": "0.008424520492553711",
        "cumulative": false
    },
    {
        "date": "2020-12-08T11:32:44.460Z",
        "value": "0.007647275924682617",
        "cumulative": false
    },
    {
        "date": "2020-12-08T11:32:46.647Z",
        "value": "0.010159730911254883",
        "cumulative": false
    },
    {
        "date": "2020-12-08T11:32:48.953Z",
        "value": "0.011719942092895508",
        "cumulative": false
    },
    {
        "date": "2020-12-08T11:32:51.161Z",
        "value": "0.012058258056640625",
        "cumulative": false
    },
    {
        "date": "2020-12-08T11:32:53.461Z",
        "value": "0.009049415588378906",
        "cumulative": false
    },
    {
        "date": "2020-12-08T11:32:55.797Z",
        "value": "0.012929916381835938",
        "cumulative": false
    },
    {
        "date": "2020-12-08T11:32:58.049Z",
        "value": "0.008056402206420898",
        "cumulative": false
    },
    {
        "date": "2020-12-08T11:33:00.386Z",
        "value": "0.008362770080566406",
        "cumulative": false
    },
    {
        "date": "2020-12-08T11:33:02.745Z",
        "value": "0.007661342620849609",
        "cumulative": false
    },
    {
        "date": "2020-12-08T11:33:05.007Z",
        "value": "0.007920980453491211",
        "cumulative": false
    }
]