[
    {
        "date": "2020-12-08T11:32:35.335Z",
        "value": "0.10447454452514648",
        "cumulative": false
    },
    {
        "date": "2020-12-08T11:32:37.594Z",
        "value": "0.10062980651855469",
        "cumulative": false
    },
    {
        "date": "2020-12-08T11:32:39.923Z",
        "value": "0.11447739601135254",
        "cumulative": false
    },
    {
        "date": "2020-12-08T11:32:42.125Z",
        "value": "0.11399984359741211",
        "cumulative": false
    },
    {
        "date": "2020-12-08T11:32:44.440Z",
        "value": "0.10365676879882812",
        "cumulative": false
    },
    {
        "date": "2020-12-08T11:32:46.630Z",
        "value": "0.11643218994140625",
        "cumulative": false
    },
    {
        "date": "2020-12-08T11:32:48.932Z",
        "value": "0.09703755378723145",
        "cumulative": false
    },
    {
        "date": "2020-12-08T11:32:51.137Z",
        "value": "0.10644197463989258",
        "cumulative": false
    },
    {
        "date": "2020-12-08T11:32:53.452Z",
        "value": "0.10316038131713867",
        "cumulative": false
    },
    {
        "date": "2020-12-08T11:32:55.783Z",
        "value": "0.10630130767822266",
        "cumulative": false
    },
    {
        "date": "2020-12-08T11:32:58.035Z",
        "value": "0.11041712760925293",
        "cumulative": false
    },
    {
        "date": "2020-12-08T11:33:00.380Z",
        "value": "0.11535382270812988",
        "cumulative": false
    },
    {
        "date": "2020-12-08T11:33:02.730Z",
        "value": "0.09804439544677734",
        "cumulative": false
    },
    {
        "date": "2020-12-08T11:33:04.984Z",
        "value": "0.10700345039367676",
        "cumulative": false
    }
]