[
    {
        "date": "2020-12-08T11:32:35.326Z",
        "value": "6.890296936035156e-05",
        "cumulative": false
    },
    {
        "date": "2020-12-08T11:32:37.605Z",
        "value": "7.772445678710938e-05",
        "cumulative": false
    },
    {
        "date": "2020-12-08T11:32:39.926Z",
        "value": "6.842613220214844e-05",
        "cumulative": false
    },
    {
        "date": "2020-12-08T11:32:42.125Z",
        "value": "6.842613220214844e-05",
        "cumulative": false
    },
    {
        "date": "2020-12-08T11:32:44.457Z",
        "value": "7.319450378417969e-05",
        "cumulative": false
    },
    {
        "date": "2020-12-08T11:32:46.642Z",
        "value": "7.176399230957031e-05",
        "cumulative": false
    },
    {
        "date": "2020-12-08T11:32:48.942Z",
        "value": "7.009506225585938e-05",
        "cumulative": false
    },
    {
        "date": "2020-12-08T11:32:51.144Z",
        "value": "6.628036499023438e-05",
        "cumulative": false
    },
    {
        "date": "2020-12-08T11:32:53.445Z",
        "value": "6.604194641113281e-05",
        "cumulative": false
    },
    {
        "date": "2020-12-08T11:32:55.797Z",
        "value": "7.033348083496094e-05",
        "cumulative": false
    },
    {
        "date": "2020-12-08T11:32:58.037Z",
        "value": "6.842613220214844e-05",
        "cumulative": false
    },
    {
        "date": "2020-12-08T11:33:00.374Z",
        "value": "7.414817810058594e-05",
        "cumulative": false
    },
    {
        "date": "2020-12-08T11:33:02.735Z",
        "value": "7.462501525878906e-05",
        "cumulative": false
    },
    {
        "date": "2020-12-08T11:33:04.993Z",
        "value": "7.271766662597656e-05",
        "cumulative": false
    }
]