[
    {
        "date": "2020-12-08T11:32:35.355Z",
        "value": "8.034706115722656e-05",
        "cumulative": false
    },
    {
        "date": "2020-12-08T11:32:37.620Z",
        "value": "8.678436279296875e-05",
        "cumulative": false
    },
    {
        "date": "2020-12-08T11:32:39.949Z",
        "value": "8.177757263183594e-05",
        "cumulative": false
    },
    {
        "date": "2020-12-08T11:32:42.140Z",
        "value": "8.249282836914062e-05",
        "cumulative": false
    },
    {
        "date": "2020-12-08T11:32:44.471Z",
        "value": "8.20159912109375e-05",
        "cumulative": false
    },
    {
        "date": "2020-12-08T11:32:46.661Z",
        "value": "8.845329284667969e-05",
        "cumulative": false
    },
    {
        "date": "2020-12-08T11:32:48.967Z",
        "value": "8.726119995117188e-05",
        "cumulative": false
    },
    {
        "date": "2020-12-08T11:32:51.176Z",
        "value": "8.082389831542969e-05",
        "cumulative": false
    },
    {
        "date": "2020-12-08T11:32:53.498Z",
        "value": "0.00010204315185546875",
        "cumulative": false
    },
    {
        "date": "2020-12-08T11:32:55.814Z",
        "value": "9.012222290039062e-05",
        "cumulative": false
    },
    {
        "date": "2020-12-08T11:32:58.067Z",
        "value": "8.702278137207031e-05",
        "cumulative": false
    },
    {
        "date": "2020-12-08T11:33:00.403Z",
        "value": "8.749961853027344e-05",
        "cumulative": false
    },
    {
        "date": "2020-12-08T11:33:02.764Z",
        "value": "8.7738037109375e-05",
        "cumulative": false
    },
    {
        "date": "2020-12-08T11:33:05.017Z",
        "value": "8.916854858398438e-05",
        "cumulative": false
    }
]