[
    {
        "date": "2020-12-08T11:32:35.332Z",
        "value": "0.16054511070251465",
        "cumulative": false
    },
    {
        "date": "2020-12-08T11:32:37.600Z",
        "value": "0.15320944786071777",
        "cumulative": false
    },
    {
        "date": "2020-12-08T11:32:39.931Z",
        "value": "0.173262357711792",
        "cumulative": false
    },
    {
        "date": "2020-12-08T11:32:42.124Z",
        "value": "0.14877891540527344",
        "cumulative": false
    },
    {
        "date": "2020-12-08T11:32:44.448Z",
        "value": "0.14476943016052246",
        "cumulative": false
    },
    {
        "date": "2020-12-08T11:32:46.638Z",
        "value": "0.15603899955749512",
        "cumulative": false
    },
    {
        "date": "2020-12-08T11:32:48.937Z",
        "value": "0.16417741775512695",
        "cumulative": false
    },
    {
        "date": "2020-12-08T11:32:51.155Z",
        "value": "0.15724921226501465",
        "cumulative": false
    },
    {
        "date": "2020-12-08T11:32:53.446Z",
        "value": "0.16440558433532715",
        "cumulative": false
    },
    {
        "date": "2020-12-08T11:32:55.791Z",
        "value": "0.15312981605529785",
        "cumulative": false
    },
    {
        "date": "2020-12-08T11:32:58.043Z",
        "value": "0.159254789352417",
        "cumulative": false
    },
    {
        "date": "2020-12-08T11:33:00.374Z",
        "value": "0.17044377326965332",
        "cumulative": false
    },
    {
        "date": "2020-12-08T11:33:02.734Z",
        "value": "0.15642666816711426",
        "cumulative": false
    },
    {
        "date": "2020-12-08T11:33:04.990Z",
        "value": "0.13163304328918457",
        "cumulative": false
    }
]