[
    {
        "date": "2020-12-08T11:32:35.326Z",
        "value": "0.010245800018310547",
        "cumulative": false
    },
    {
        "date": "2020-12-08T11:32:37.599Z",
        "value": "0.010207176208496094",
        "cumulative": false
    },
    {
        "date": "2020-12-08T11:32:39.925Z",
        "value": "0.00792837142944336",
        "cumulative": false
    },
    {
        "date": "2020-12-08T11:32:42.124Z",
        "value": "0.008332967758178711",
        "cumulative": false
    },
    {
        "date": "2020-12-08T11:32:44.444Z",
        "value": "0.008197307586669922",
        "cumulative": false
    },
    {
        "date": "2020-12-08T11:32:46.639Z",
        "value": "0.011934518814086914",
        "cumulative": false
    },
    {
        "date": "2020-12-08T11:32:48.943Z",
        "value": "0.00783395767211914",
        "cumulative": false
    },
    {
        "date": "2020-12-08T11:32:51.143Z",
        "value": "0.008189678192138672",
        "cumulative": false
    },
    {
        "date": "2020-12-08T11:32:53.444Z",
        "value": "0.007485151290893555",
        "cumulative": false
    },
    {
        "date": "2020-12-08T11:32:55.789Z",
        "value": "0.00781559944152832",
        "cumulative": false
    },
    {
        "date": "2020-12-08T11:32:58.044Z",
        "value": "0.008228063583374023",
        "cumulative": false
    },
    {
        "date": "2020-12-08T11:33:00.380Z",
        "value": "0.008893013000488281",
        "cumulative": false
    },
    {
        "date": "2020-12-08T11:33:02.736Z",
        "value": "0.008107185363769531",
        "cumulative": false
    },
    {
        "date": "2020-12-08T11:33:04.994Z",
        "value": "0.012784481048583984",
        "cumulative": false
    }
]