[
    {
        "date": "2020-12-08T11:32:35.332Z",
        "value": "2.2149899005889893",
        "cumulative": false
    },
    {
        "date": "2020-12-08T11:32:37.600Z",
        "value": "0.1532433032989502",
        "cumulative": false
    },
    {
        "date": "2020-12-08T11:32:39.926Z",
        "value": "0.15075230598449707",
        "cumulative": false
    },
    {
        "date": "2020-12-08T11:32:42.126Z",
        "value": "0.1600966453552246",
        "cumulative": false
    },
    {
        "date": "2020-12-08T11:32:44.450Z",
        "value": "0.1438744068145752",
        "cumulative": false
    },
    {
        "date": "2020-12-08T11:32:46.638Z",
        "value": "0.13506078720092773",
        "cumulative": false
    },
    {
        "date": "2020-12-08T11:32:48.939Z",
        "value": "0.1507434844970703",
        "cumulative": false
    },
    {
        "date": "2020-12-08T11:32:51.151Z",
        "value": "0.15580272674560547",
        "cumulative": false
    },
    {
        "date": "2020-12-08T11:32:53.444Z",
        "value": "0.1498861312866211",
        "cumulative": false
    },
    {
        "date": "2020-12-08T11:32:55.789Z",
        "value": "0.16161751747131348",
        "cumulative": false
    },
    {
        "date": "2020-12-08T11:32:58.039Z",
        "value": "0.14159655570983887",
        "cumulative": false
    },
    {
        "date": "2020-12-08T11:33:00.380Z",
        "value": "0.14790129661560059",
        "cumulative": false
    },
    {
        "date": "2020-12-08T11:33:02.743Z",
        "value": "0.1453394889831543",
        "cumulative": false
    },
    {
        "date": "2020-12-08T11:33:04.991Z",
        "value": "0.14952421188354492",
        "cumulative": false
    }
]