[
    {
        "date": "2020-12-08T11:32:35.330Z",
        "value": "0.00010037422180175781",
        "cumulative": false
    },
    {
        "date": "2020-12-08T11:32:37.610Z",
        "value": "6.747245788574219e-05",
        "cumulative": false
    },
    {
        "date": "2020-12-08T11:32:39.932Z",
        "value": "6.67572021484375e-05",
        "cumulative": false
    },
    {
        "date": "2020-12-08T11:32:42.130Z",
        "value": "7.009506225585938e-05",
        "cumulative": false
    },
    {
        "date": "2020-12-08T11:32:44.448Z",
        "value": "6.556510925292969e-05",
        "cumulative": false
    },
    {
        "date": "2020-12-08T11:32:46.641Z",
        "value": "7.939338684082031e-05",
        "cumulative": false
    },
    {
        "date": "2020-12-08T11:32:48.948Z",
        "value": "6.628036499023438e-05",
        "cumulative": false
    },
    {
        "date": "2020-12-08T11:32:51.147Z",
        "value": "6.67572021484375e-05",
        "cumulative": false
    },
    {
        "date": "2020-12-08T11:32:53.445Z",
        "value": "6.771087646484375e-05",
        "cumulative": false
    },
    {
        "date": "2020-12-08T11:32:55.793Z",
        "value": "6.985664367675781e-05",
        "cumulative": false
    },
    {
        "date": "2020-12-08T11:32:58.042Z",
        "value": "7.152557373046875e-05",
        "cumulative": false
    },
    {
        "date": "2020-12-08T11:33:00.378Z",
        "value": "6.794929504394531e-05",
        "cumulative": false
    },
    {
        "date": "2020-12-08T11:33:02.741Z",
        "value": "7.009506225585938e-05",
        "cumulative": false
    },
    {
        "date": "2020-12-08T11:33:05.000Z",
        "value": "6.437301635742188e-05",
        "cumulative": false
    }
]