[
    {
        "date": "2020-12-08T11:32:33.739Z",
        "value": "2.461289644241333",
        "cumulative": false
    },
    {
        "date": "2020-12-08T11:32:36.032Z",
        "value": "2.025352716445923",
        "cumulative": false
    },
    {
        "date": "2020-12-08T11:32:38.348Z",
        "value": "1.679172158241272",
        "cumulative": false
    },
    {
        "date": "2020-12-08T11:32:40.619Z",
        "value": "1.4230564832687378",
        "cumulative": false
    },
    {
        "date": "2020-12-08T11:32:42.813Z",
        "value": "1.261569857597351",
        "cumulative": false
    },
    {
        "date": "2020-12-08T11:32:45.135Z",
        "value": "1.1493343114852905",
        "cumulative": false
    },
    {
        "date": "2020-12-08T11:32:47.337Z",
        "value": "0.8999674320220947",
        "cumulative": false
    },
    {
        "date": "2020-12-08T11:32:49.624Z",
        "value": "0.8394944071769714",
        "cumulative": false
    },
    {
        "date": "2020-12-08T11:32:51.867Z",
        "value": "0.8133667707443237",
        "cumulative": false
    },
    {
        "date": "2020-12-08T11:32:54.238Z",
        "value": "0.746008038520813",
        "cumulative": false
    },
    {
        "date": "2020-12-08T11:32:56.451Z",
        "value": "0.6760496497154236",
        "cumulative": false
    },
    {
        "date": "2020-12-08T11:32:58.763Z",
        "value": "0.6553352475166321",
        "cumulative": false
    },
    {
        "date": "2020-12-08T11:33:01.068Z",
        "value": "0.6406065225601196",
        "cumulative": false
    },
    {
        "date": "2020-12-08T11:33:03.437Z",
        "value": "0.5078045725822449",
        "cumulative": false
    }
]