[
    {
        "date": "2020-12-08T11:32:35.348Z",
        "value": "0.005256175994873047",
        "cumulative": false
    },
    {
        "date": "2020-12-08T11:32:37.610Z",
        "value": "0.004771232604980469",
        "cumulative": false
    },
    {
        "date": "2020-12-08T11:32:39.948Z",
        "value": "0.00538945198059082",
        "cumulative": false
    },
    {
        "date": "2020-12-08T11:32:42.133Z",
        "value": "0.005026102066040039",
        "cumulative": false
    },
    {
        "date": "2020-12-08T11:32:44.460Z",
        "value": "0.004923582077026367",
        "cumulative": false
    },
    {
        "date": "2020-12-08T11:32:46.647Z",
        "value": "0.005364656448364258",
        "cumulative": false
    },
    {
        "date": "2020-12-08T11:32:48.953Z",
        "value": "0.005217313766479492",
        "cumulative": false
    },
    {
        "date": "2020-12-08T11:32:51.161Z",
        "value": "0.0057680606842041016",
        "cumulative": false
    },
    {
        "date": "2020-12-08T11:32:53.461Z",
        "value": "0.0053861141204833984",
        "cumulative": false
    },
    {
        "date": "2020-12-08T11:32:55.797Z",
        "value": "0.005252361297607422",
        "cumulative": false
    },
    {
        "date": "2020-12-08T11:32:58.049Z",
        "value": "0.005176544189453125",
        "cumulative": false
    },
    {
        "date": "2020-12-08T11:33:00.386Z",
        "value": "0.005145072937011719",
        "cumulative": false
    },
    {
        "date": "2020-12-08T11:33:02.745Z",
        "value": "0.005183219909667969",
        "cumulative": false
    },
    {
        "date": "2020-12-08T11:33:05.007Z",
        "value": "0.0050585269927978516",
        "cumulative": false
    }
]