[
    {
        "date": "2020-12-08T11:32:35.333Z",
        "value": "0.013094663619995117",
        "cumulative": false
    },
    {
        "date": "2020-12-08T11:32:37.594Z",
        "value": "0.013081550598144531",
        "cumulative": false
    },
    {
        "date": "2020-12-08T11:32:39.926Z",
        "value": "0.012418985366821289",
        "cumulative": false
    },
    {
        "date": "2020-12-08T11:32:42.125Z",
        "value": "0.013471603393554688",
        "cumulative": false
    },
    {
        "date": "2020-12-08T11:32:44.441Z",
        "value": "0.015409469604492188",
        "cumulative": false
    },
    {
        "date": "2020-12-08T11:32:46.638Z",
        "value": "0.014230966567993164",
        "cumulative": false
    },
    {
        "date": "2020-12-08T11:32:48.938Z",
        "value": "0.013512849807739258",
        "cumulative": false
    },
    {
        "date": "2020-12-08T11:32:51.140Z",
        "value": "0.013980627059936523",
        "cumulative": false
    },
    {
        "date": "2020-12-08T11:32:53.446Z",
        "value": "0.013536691665649414",
        "cumulative": false
    },
    {
        "date": "2020-12-08T11:32:55.784Z",
        "value": "0.015267372131347656",
        "cumulative": false
    },
    {
        "date": "2020-12-08T11:32:58.032Z",
        "value": "0.013374567031860352",
        "cumulative": false
    },
    {
        "date": "2020-12-08T11:33:00.373Z",
        "value": "0.014891386032104492",
        "cumulative": false
    },
    {
        "date": "2020-12-08T11:33:02.729Z",
        "value": "0.013407468795776367",
        "cumulative": false
    },
    {
        "date": "2020-12-08T11:33:04.986Z",
        "value": "0.014481544494628906",
        "cumulative": false
    }
]