[
    {
        "date": "2020-12-08T11:32:35.331Z",
        "value": "0.16819238662719727",
        "cumulative": false
    },
    {
        "date": "2020-12-08T11:32:37.599Z",
        "value": "0.16479086875915527",
        "cumulative": false
    },
    {
        "date": "2020-12-08T11:32:39.936Z",
        "value": "0.15924930572509766",
        "cumulative": false
    },
    {
        "date": "2020-12-08T11:32:42.122Z",
        "value": "0.16886258125305176",
        "cumulative": false
    },
    {
        "date": "2020-12-08T11:32:44.447Z",
        "value": "0.1605069637298584",
        "cumulative": false
    },
    {
        "date": "2020-12-08T11:32:46.649Z",
        "value": "0.1668097972869873",
        "cumulative": false
    },
    {
        "date": "2020-12-08T11:32:48.942Z",
        "value": "0.15326452255249023",
        "cumulative": false
    },
    {
        "date": "2020-12-08T11:32:51.147Z",
        "value": "0.14167499542236328",
        "cumulative": false
    },
    {
        "date": "2020-12-08T11:32:53.445Z",
        "value": "0.17394685745239258",
        "cumulative": false
    },
    {
        "date": "2020-12-08T11:32:55.792Z",
        "value": "0.16107916831970215",
        "cumulative": false
    },
    {
        "date": "2020-12-08T11:32:58.043Z",
        "value": "0.1555924415588379",
        "cumulative": false
    },
    {
        "date": "2020-12-08T11:33:00.379Z",
        "value": "0.15271759033203125",
        "cumulative": false
    },
    {
        "date": "2020-12-08T11:33:02.742Z",
        "value": "0.15569424629211426",
        "cumulative": false
    },
    {
        "date": "2020-12-08T11:33:04.987Z",
        "value": "0.17596220970153809",
        "cumulative": false
    }
]