[
    {
        "date": "2020-12-08T11:32:35.334Z",
        "value": "0.012753725051879883",
        "cumulative": false
    },
    {
        "date": "2020-12-08T11:32:37.594Z",
        "value": "0.007033348083496094",
        "cumulative": false
    },
    {
        "date": "2020-12-08T11:32:39.923Z",
        "value": "0.011057853698730469",
        "cumulative": false
    },
    {
        "date": "2020-12-08T11:32:42.125Z",
        "value": "0.008449316024780273",
        "cumulative": false
    },
    {
        "date": "2020-12-08T11:32:44.440Z",
        "value": "0.007974624633789062",
        "cumulative": false
    },
    {
        "date": "2020-12-08T11:32:46.630Z",
        "value": "0.010457277297973633",
        "cumulative": false
    },
    {
        "date": "2020-12-08T11:32:48.932Z",
        "value": "0.00700831413269043",
        "cumulative": false
    },
    {
        "date": "2020-12-08T11:32:51.137Z",
        "value": "0.0071697235107421875",
        "cumulative": false
    },
    {
        "date": "2020-12-08T11:32:53.452Z",
        "value": "0.007364988327026367",
        "cumulative": false
    },
    {
        "date": "2020-12-08T11:32:55.783Z",
        "value": "0.011751890182495117",
        "cumulative": false
    },
    {
        "date": "2020-12-08T11:32:58.035Z",
        "value": "0.0071468353271484375",
        "cumulative": false
    },
    {
        "date": "2020-12-08T11:33:00.380Z",
        "value": "0.00778961181640625",
        "cumulative": false
    },
    {
        "date": "2020-12-08T11:33:02.730Z",
        "value": "0.010219812393188477",
        "cumulative": false
    },
    {
        "date": "2020-12-08T11:33:04.984Z",
        "value": "0.007345914840698242",
        "cumulative": false
    }
]