[
    {
        "date": "2020-12-08T11:32:35.330Z",
        "value": "2.3949460983276367",
        "cumulative": false
    },
    {
        "date": "2020-12-08T11:32:37.610Z",
        "value": "0.16819262504577637",
        "cumulative": false
    },
    {
        "date": "2020-12-08T11:32:39.932Z",
        "value": "0.16430306434631348",
        "cumulative": false
    },
    {
        "date": "2020-12-08T11:32:42.130Z",
        "value": "0.1675879955291748",
        "cumulative": false
    },
    {
        "date": "2020-12-08T11:32:44.448Z",
        "value": "0.15315675735473633",
        "cumulative": false
    },
    {
        "date": "2020-12-08T11:32:46.641Z",
        "value": "0.1840038299560547",
        "cumulative": false
    },
    {
        "date": "2020-12-08T11:32:48.948Z",
        "value": "0.16681194305419922",
        "cumulative": false
    },
    {
        "date": "2020-12-08T11:32:51.147Z",
        "value": "0.17575883865356445",
        "cumulative": false
    },
    {
        "date": "2020-12-08T11:32:53.445Z",
        "value": "0.1521620750427246",
        "cumulative": false
    },
    {
        "date": "2020-12-08T11:32:55.793Z",
        "value": "0.18347501754760742",
        "cumulative": false
    },
    {
        "date": "2020-12-08T11:32:58.042Z",
        "value": "0.1811964511871338",
        "cumulative": false
    },
    {
        "date": "2020-12-08T11:33:00.378Z",
        "value": "0.17267632484436035",
        "cumulative": false
    },
    {
        "date": "2020-12-08T11:33:02.741Z",
        "value": "0.16481733322143555",
        "cumulative": false
    },
    {
        "date": "2020-12-08T11:33:05.000Z",
        "value": "0.16808795928955078",
        "cumulative": false
    }
]