[
    {
        "date": "2020-12-08T11:32:33.741Z",
        "value": "50.78125",
        "cumulative": false
    },
    {
        "date": "2020-12-08T11:32:36.031Z",
        "value": "85.9375",
        "cumulative": false
    },
    {
        "date": "2020-12-08T11:32:38.346Z",
        "value": "92.1875",
        "cumulative": false
    },
    {
        "date": "2020-12-08T11:32:40.618Z",
        "value": "95.3125",
        "cumulative": false
    },
    {
        "date": "2020-12-08T11:32:42.811Z",
        "value": "96.875",
        "cumulative": false
    },
    {
        "date": "2020-12-08T11:32:45.131Z",
        "value": "95.3125",
        "cumulative": false
    },
    {
        "date": "2020-12-08T11:32:47.336Z",
        "value": "96.875",
        "cumulative": false
    },
    {
        "date": "2020-12-08T11:32:49.623Z",
        "value": "98.4375",
        "cumulative": false
    },
    {
        "date": "2020-12-08T11:32:51.865Z",
        "value": "95.3125",
        "cumulative": false
    },
    {
        "date": "2020-12-08T11:32:54.236Z",
        "value": "100.0",
        "cumulative": false
    },
    {
        "date": "2020-12-08T11:32:56.450Z",
        "value": "98.4375",
        "cumulative": false
    },
    {
        "date": "2020-12-08T11:32:58.764Z",
        "value": "100.0",
        "cumulative": false
    },
    {
        "date": "2020-12-08T11:33:01.067Z",
        "value": "99.21875",
        "cumulative": false
    },
    {
        "date": "2020-12-08T11:33:03.432Z",
        "value": "100.0",
        "cumulative": false
    }
]