[
    {
        "date": "2020-12-08T11:32:35.330Z",
        "value": "0.00433039665222168",
        "cumulative": false
    },
    {
        "date": "2020-12-08T11:32:37.609Z",
        "value": "0.004087686538696289",
        "cumulative": false
    },
    {
        "date": "2020-12-08T11:32:39.920Z",
        "value": "0.004411220550537109",
        "cumulative": false
    },
    {
        "date": "2020-12-08T11:32:42.125Z",
        "value": "0.00420379638671875",
        "cumulative": false
    },
    {
        "date": "2020-12-08T11:32:44.455Z",
        "value": "0.003936052322387695",
        "cumulative": false
    },
    {
        "date": "2020-12-08T11:32:46.638Z",
        "value": "0.0040624141693115234",
        "cumulative": false
    },
    {
        "date": "2020-12-08T11:32:48.937Z",
        "value": "0.00410151481628418",
        "cumulative": false
    },
    {
        "date": "2020-12-08T11:32:51.136Z",
        "value": "0.0039789676666259766",
        "cumulative": false
    },
    {
        "date": "2020-12-08T11:32:53.438Z",
        "value": "0.00408172607421875",
        "cumulative": false
    },
    {
        "date": "2020-12-08T11:32:55.784Z",
        "value": "0.004338502883911133",
        "cumulative": false
    },
    {
        "date": "2020-12-08T11:32:58.035Z",
        "value": "0.004459381103515625",
        "cumulative": false
    },
    {
        "date": "2020-12-08T11:33:00.373Z",
        "value": "0.00501251220703125",
        "cumulative": false
    },
    {
        "date": "2020-12-08T11:33:02.733Z",
        "value": "0.004737377166748047",
        "cumulative": false
    },
    {
        "date": "2020-12-08T11:33:04.988Z",
        "value": "0.003960609436035156",
        "cumulative": false
    }
]