[
    {
        "date": "2020-12-08T11:32:33.738Z",
        "value": "2.528208017349243",
        "cumulative": false
    },
    {
        "date": "2020-12-08T11:32:36.030Z",
        "value": "1.9853005409240723",
        "cumulative": false
    },
    {
        "date": "2020-12-08T11:32:38.346Z",
        "value": "1.6780515909194946",
        "cumulative": false
    },
    {
        "date": "2020-12-08T11:32:40.618Z",
        "value": "1.3137184381484985",
        "cumulative": false
    },
    {
        "date": "2020-12-08T11:32:42.811Z",
        "value": "1.1256834268569946",
        "cumulative": false
    },
    {
        "date": "2020-12-08T11:32:45.131Z",
        "value": "1.0536986589431763",
        "cumulative": false
    },
    {
        "date": "2020-12-08T11:32:47.336Z",
        "value": "0.9340894818305969",
        "cumulative": false
    },
    {
        "date": "2020-12-08T11:32:49.622Z",
        "value": "0.8088470101356506",
        "cumulative": false
    },
    {
        "date": "2020-12-08T11:32:51.865Z",
        "value": "0.8190039396286011",
        "cumulative": false
    },
    {
        "date": "2020-12-08T11:32:54.236Z",
        "value": "0.5882869362831116",
        "cumulative": false
    },
    {
        "date": "2020-12-08T11:32:56.450Z",
        "value": "0.6586151123046875",
        "cumulative": false
    },
    {
        "date": "2020-12-08T11:32:58.764Z",
        "value": "0.6485804319381714",
        "cumulative": false
    },
    {
        "date": "2020-12-08T11:33:01.066Z",
        "value": "0.6072658896446228",
        "cumulative": false
    },
    {
        "date": "2020-12-08T11:33:03.432Z",
        "value": "0.6120360493659973",
        "cumulative": false
    }
]