[
    {
        "date": "2020-12-08T11:32:35.340Z",
        "value": "1.1801340579986572",
        "cumulative": false
    },
    {
        "date": "2020-12-08T11:32:37.612Z",
        "value": "1.0991816520690918",
        "cumulative": false
    },
    {
        "date": "2020-12-08T11:32:39.933Z",
        "value": "1.112328052520752",
        "cumulative": false
    },
    {
        "date": "2020-12-08T11:32:42.134Z",
        "value": "1.0012922286987305",
        "cumulative": false
    },
    {
        "date": "2020-12-08T11:32:44.448Z",
        "value": "1.201284646987915",
        "cumulative": false
    },
    {
        "date": "2020-12-08T11:32:46.641Z",
        "value": "1.0374171733856201",
        "cumulative": false
    },
    {
        "date": "2020-12-08T11:32:48.943Z",
        "value": "1.1559703350067139",
        "cumulative": false
    },
    {
        "date": "2020-12-08T11:32:51.146Z",
        "value": "1.039518117904663",
        "cumulative": false
    },
    {
        "date": "2020-12-08T11:32:53.458Z",
        "value": "1.1339666843414307",
        "cumulative": false
    },
    {
        "date": "2020-12-08T11:32:55.804Z",
        "value": "1.0907256603240967",
        "cumulative": false
    },
    {
        "date": "2020-12-08T11:32:58.043Z",
        "value": "1.1555819511413574",
        "cumulative": false
    },
    {
        "date": "2020-12-08T11:33:00.380Z",
        "value": "1.1816532611846924",
        "cumulative": false
    },
    {
        "date": "2020-12-08T11:33:02.747Z",
        "value": "1.206852912902832",
        "cumulative": false
    },
    {
        "date": "2020-12-08T11:33:04.999Z",
        "value": "1.116450548171997",
        "cumulative": false
    }
]