[
    {
        "date": "2020-12-08T11:32:33.744Z",
        "value": "14.84375",
        "cumulative": false
    },
    {
        "date": "2020-12-08T11:32:36.036Z",
        "value": "22.65625",
        "cumulative": false
    },
    {
        "date": "2020-12-08T11:32:38.351Z",
        "value": "38.28125",
        "cumulative": false
    },
    {
        "date": "2020-12-08T11:32:40.623Z",
        "value": "52.34375",
        "cumulative": false
    },
    {
        "date": "2020-12-08T11:32:42.817Z",
        "value": "57.03125",
        "cumulative": false
    },
    {
        "date": "2020-12-08T11:32:45.136Z",
        "value": "60.15625",
        "cumulative": false
    },
    {
        "date": "2020-12-08T11:32:47.341Z",
        "value": "67.96875",
        "cumulative": false
    },
    {
        "date": "2020-12-08T11:32:49.628Z",
        "value": "73.4375",
        "cumulative": false
    },
    {
        "date": "2020-12-08T11:32:51.870Z",
        "value": "72.65625",
        "cumulative": false
    },
    {
        "date": "2020-12-08T11:32:54.242Z",
        "value": "67.1875",
        "cumulative": false
    },
    {
        "date": "2020-12-08T11:32:56.455Z",
        "value": "78.125",
        "cumulative": false
    },
    {
        "date": "2020-12-08T11:32:58.767Z",
        "value": "85.15625",
        "cumulative": false
    },
    {
        "date": "2020-12-08T11:33:01.072Z",
        "value": "75.78125",
        "cumulative": false
    },
    {
        "date": "2020-12-08T11:33:03.439Z",
        "value": "79.6875",
        "cumulative": false
    }
]