[
    {
        "date": "2020-12-08T11:32:35.351Z",
        "value": "4.022174596786499",
        "cumulative": false
    },
    {
        "date": "2020-12-08T11:32:37.620Z",
        "value": "1.5588126182556152",
        "cumulative": false
    },
    {
        "date": "2020-12-08T11:32:39.949Z",
        "value": "1.5792033672332764",
        "cumulative": false
    },
    {
        "date": "2020-12-08T11:32:42.140Z",
        "value": "1.5128319263458252",
        "cumulative": false
    },
    {
        "date": "2020-12-08T11:32:44.471Z",
        "value": "1.6461677551269531",
        "cumulative": false
    },
    {
        "date": "2020-12-08T11:32:46.661Z",
        "value": "1.510146141052246",
        "cumulative": false
    },
    {
        "date": "2020-12-08T11:32:48.966Z",
        "value": "1.5967025756835938",
        "cumulative": false
    },
    {
        "date": "2020-12-08T11:32:51.176Z",
        "value": "1.5272314548492432",
        "cumulative": false
    },
    {
        "date": "2020-12-08T11:32:53.498Z",
        "value": "1.5881280899047852",
        "cumulative": false
    },
    {
        "date": "2020-12-08T11:32:55.814Z",
        "value": "1.554457664489746",
        "cumulative": false
    },
    {
        "date": "2020-12-08T11:32:58.067Z",
        "value": "1.5784103870391846",
        "cumulative": false
    },
    {
        "date": "2020-12-08T11:33:00.402Z",
        "value": "1.6179544925689697",
        "cumulative": false
    },
    {
        "date": "2020-12-08T11:33:02.763Z",
        "value": "1.6903431415557861",
        "cumulative": false
    },
    {
        "date": "2020-12-08T11:33:05.017Z",
        "value": "1.5659856796264648",
        "cumulative": false
    }
]