[
    {
        "date": "2020-12-08T11:32:35.332Z",
        "value": "0.10279464721679688",
        "cumulative": false
    },
    {
        "date": "2020-12-08T11:32:37.601Z",
        "value": "0.10568928718566895",
        "cumulative": false
    },
    {
        "date": "2020-12-08T11:32:39.926Z",
        "value": "0.10846161842346191",
        "cumulative": false
    },
    {
        "date": "2020-12-08T11:32:42.126Z",
        "value": "0.10188937187194824",
        "cumulative": false
    },
    {
        "date": "2020-12-08T11:32:44.450Z",
        "value": "0.09819555282592773",
        "cumulative": false
    },
    {
        "date": "2020-12-08T11:32:46.638Z",
        "value": "0.10051584243774414",
        "cumulative": false
    },
    {
        "date": "2020-12-08T11:32:48.939Z",
        "value": "0.09513664245605469",
        "cumulative": false
    },
    {
        "date": "2020-12-08T11:32:51.151Z",
        "value": "0.11133813858032227",
        "cumulative": false
    },
    {
        "date": "2020-12-08T11:32:53.444Z",
        "value": "0.09916305541992188",
        "cumulative": false
    },
    {
        "date": "2020-12-08T11:32:55.789Z",
        "value": "0.1081840991973877",
        "cumulative": false
    },
    {
        "date": "2020-12-08T11:32:58.039Z",
        "value": "0.10080385208129883",
        "cumulative": false
    },
    {
        "date": "2020-12-08T11:33:00.380Z",
        "value": "0.10917878150939941",
        "cumulative": false
    },
    {
        "date": "2020-12-08T11:33:02.743Z",
        "value": "0.10682058334350586",
        "cumulative": false
    },
    {
        "date": "2020-12-08T11:33:04.991Z",
        "value": "0.09298539161682129",
        "cumulative": false
    }
]