[
    {
        "date": "2020-12-08T11:32:33.751Z",
        "value": "10.9375",
        "cumulative": false
    },
    {
        "date": "2020-12-08T11:32:36.042Z",
        "value": "14.84375",
        "cumulative": false
    },
    {
        "date": "2020-12-08T11:32:38.357Z",
        "value": "35.9375",
        "cumulative": false
    },
    {
        "date": "2020-12-08T11:32:40.633Z",
        "value": "44.53125",
        "cumulative": false
    },
    {
        "date": "2020-12-08T11:32:42.824Z",
        "value": "57.03125",
        "cumulative": false
    },
    {
        "date": "2020-12-08T11:32:45.143Z",
        "value": "54.6875",
        "cumulative": false
    },
    {
        "date": "2020-12-08T11:32:47.348Z",
        "value": "66.40625",
        "cumulative": false
    },
    {
        "date": "2020-12-08T11:32:49.635Z",
        "value": "67.96875",
        "cumulative": false
    },
    {
        "date": "2020-12-08T11:32:51.877Z",
        "value": "71.09375",
        "cumulative": false
    },
    {
        "date": "2020-12-08T11:32:54.249Z",
        "value": "74.21875",
        "cumulative": false
    },
    {
        "date": "2020-12-08T11:32:56.462Z",
        "value": "67.1875",
        "cumulative": false
    },
    {
        "date": "2020-12-08T11:32:58.774Z",
        "value": "75.0",
        "cumulative": false
    },
    {
        "date": "2020-12-08T11:33:01.078Z",
        "value": "71.875",
        "cumulative": false
    },
    {
        "date": "2020-12-08T11:33:03.446Z",
        "value": "82.8125",
        "cumulative": false
    }
]