[
    {
        "date": "2020-12-08T11:32:35.335Z",
        "value": "0.004892110824584961",
        "cumulative": false
    },
    {
        "date": "2020-12-08T11:32:37.596Z",
        "value": "0.004194498062133789",
        "cumulative": false
    },
    {
        "date": "2020-12-08T11:32:39.923Z",
        "value": "0.004853248596191406",
        "cumulative": false
    },
    {
        "date": "2020-12-08T11:32:42.125Z",
        "value": "0.00450897216796875",
        "cumulative": false
    },
    {
        "date": "2020-12-08T11:32:44.442Z",
        "value": "0.004148721694946289",
        "cumulative": false
    },
    {
        "date": "2020-12-08T11:32:46.640Z",
        "value": "0.004994630813598633",
        "cumulative": false
    },
    {
        "date": "2020-12-08T11:32:48.935Z",
        "value": "0.004293918609619141",
        "cumulative": false
    },
    {
        "date": "2020-12-08T11:32:51.138Z",
        "value": "0.004018545150756836",
        "cumulative": false
    },
    {
        "date": "2020-12-08T11:32:53.440Z",
        "value": "0.004647016525268555",
        "cumulative": false
    },
    {
        "date": "2020-12-08T11:32:55.786Z",
        "value": "0.0040149688720703125",
        "cumulative": false
    },
    {
        "date": "2020-12-08T11:32:58.037Z",
        "value": "0.004248619079589844",
        "cumulative": false
    },
    {
        "date": "2020-12-08T11:33:00.372Z",
        "value": "0.004242658615112305",
        "cumulative": false
    },
    {
        "date": "2020-12-08T11:33:02.733Z",
        "value": "0.004528045654296875",
        "cumulative": false
    },
    {
        "date": "2020-12-08T11:33:04.986Z",
        "value": "0.00454401969909668",
        "cumulative": false
    }
]