[
    {
        "date": "2020-12-08T11:32:33.741Z",
        "value": "10.9375",
        "cumulative": false
    },
    {
        "date": "2020-12-08T11:32:36.033Z",
        "value": "21.09375",
        "cumulative": false
    },
    {
        "date": "2020-12-08T11:32:38.348Z",
        "value": "40.625",
        "cumulative": false
    },
    {
        "date": "2020-12-08T11:32:40.619Z",
        "value": "44.53125",
        "cumulative": false
    },
    {
        "date": "2020-12-08T11:32:42.814Z",
        "value": "61.71875",
        "cumulative": false
    },
    {
        "date": "2020-12-08T11:32:45.133Z",
        "value": "62.5",
        "cumulative": false
    },
    {
        "date": "2020-12-08T11:32:47.337Z",
        "value": "69.53125",
        "cumulative": false
    },
    {
        "date": "2020-12-08T11:32:49.624Z",
        "value": "71.09375",
        "cumulative": false
    },
    {
        "date": "2020-12-08T11:32:51.866Z",
        "value": "75.78125",
        "cumulative": false
    },
    {
        "date": "2020-12-08T11:32:54.237Z",
        "value": "74.21875",
        "cumulative": false
    },
    {
        "date": "2020-12-08T11:32:56.451Z",
        "value": "75.0",
        "cumulative": false
    },
    {
        "date": "2020-12-08T11:32:58.763Z",
        "value": "80.46875",
        "cumulative": false
    },
    {
        "date": "2020-12-08T11:33:01.068Z",
        "value": "86.71875",
        "cumulative": false
    },
    {
        "date": "2020-12-08T11:33:03.437Z",
        "value": "86.71875",
        "cumulative": false
    }
]