[
    {
        "date": "2020-12-08T11:32:33.740Z",
        "value": "7.03125",
        "cumulative": false
    },
    {
        "date": "2020-12-08T11:32:36.033Z",
        "value": "25.78125",
        "cumulative": false
    },
    {
        "date": "2020-12-08T11:32:38.348Z",
        "value": "32.03125",
        "cumulative": false
    },
    {
        "date": "2020-12-08T11:32:40.619Z",
        "value": "39.84375",
        "cumulative": false
    },
    {
        "date": "2020-12-08T11:32:42.813Z",
        "value": "55.46875",
        "cumulative": false
    },
    {
        "date": "2020-12-08T11:32:45.132Z",
        "value": "59.375",
        "cumulative": false
    },
    {
        "date": "2020-12-08T11:32:47.337Z",
        "value": "60.15625",
        "cumulative": false
    },
    {
        "date": "2020-12-08T11:32:49.624Z",
        "value": "66.40625",
        "cumulative": false
    },
    {
        "date": "2020-12-08T11:32:51.866Z",
        "value": "75.0",
        "cumulative": false
    },
    {
        "date": "2020-12-08T11:32:54.238Z",
        "value": "74.21875",
        "cumulative": false
    },
    {
        "date": "2020-12-08T11:32:56.451Z",
        "value": "77.34375",
        "cumulative": false
    },
    {
        "date": "2020-12-08T11:32:58.764Z",
        "value": "75.78125",
        "cumulative": false
    },
    {
        "date": "2020-12-08T11:33:01.073Z",
        "value": "78.90625",
        "cumulative": false
    },
    {
        "date": "2020-12-08T11:33:03.436Z",
        "value": "79.6875",
        "cumulative": false
    }
]