[
    {
        "date": "2020-12-08T11:32:35.335Z",
        "value": "0.013602972030639648",
        "cumulative": false
    },
    {
        "date": "2020-12-08T11:32:37.594Z",
        "value": "0.012415170669555664",
        "cumulative": false
    },
    {
        "date": "2020-12-08T11:32:39.923Z",
        "value": "0.012724876403808594",
        "cumulative": false
    },
    {
        "date": "2020-12-08T11:32:42.125Z",
        "value": "0.01223611831665039",
        "cumulative": false
    },
    {
        "date": "2020-12-08T11:32:44.440Z",
        "value": "0.013232946395874023",
        "cumulative": false
    },
    {
        "date": "2020-12-08T11:32:46.630Z",
        "value": "0.01384878158569336",
        "cumulative": false
    },
    {
        "date": "2020-12-08T11:32:48.932Z",
        "value": "0.012677192687988281",
        "cumulative": false
    },
    {
        "date": "2020-12-08T11:32:51.137Z",
        "value": "0.012053728103637695",
        "cumulative": false
    },
    {
        "date": "2020-12-08T11:32:53.452Z",
        "value": "0.01258230209350586",
        "cumulative": false
    },
    {
        "date": "2020-12-08T11:32:55.783Z",
        "value": "0.012797832489013672",
        "cumulative": false
    },
    {
        "date": "2020-12-08T11:32:58.035Z",
        "value": "0.013245105743408203",
        "cumulative": false
    },
    {
        "date": "2020-12-08T11:33:00.380Z",
        "value": "0.015197515487670898",
        "cumulative": false
    },
    {
        "date": "2020-12-08T11:33:02.730Z",
        "value": "0.012166976928710938",
        "cumulative": false
    },
    {
        "date": "2020-12-08T11:33:04.984Z",
        "value": "0.01252889633178711",
        "cumulative": false
    }
]