[
    {
        "date": "2020-12-08T11:32:33.744Z",
        "value": "2.531782627105713",
        "cumulative": false
    },
    {
        "date": "2020-12-08T11:32:36.038Z",
        "value": "2.0018086433410645",
        "cumulative": false
    },
    {
        "date": "2020-12-08T11:32:38.354Z",
        "value": "1.606899619102478",
        "cumulative": false
    },
    {
        "date": "2020-12-08T11:32:40.625Z",
        "value": "1.405036211013794",
        "cumulative": false
    },
    {
        "date": "2020-12-08T11:32:42.819Z",
        "value": "1.2598460912704468",
        "cumulative": false
    },
    {
        "date": "2020-12-08T11:32:45.139Z",
        "value": "1.1525990962982178",
        "cumulative": false
    },
    {
        "date": "2020-12-08T11:32:47.343Z",
        "value": "1.0192686319351196",
        "cumulative": false
    },
    {
        "date": "2020-12-08T11:32:49.630Z",
        "value": "0.8290901780128479",
        "cumulative": false
    },
    {
        "date": "2020-12-08T11:32:51.872Z",
        "value": "0.7827268242835999",
        "cumulative": false
    },
    {
        "date": "2020-12-08T11:32:54.244Z",
        "value": "0.7656328082084656",
        "cumulative": false
    },
    {
        "date": "2020-12-08T11:32:56.458Z",
        "value": "0.5995436310768127",
        "cumulative": false
    },
    {
        "date": "2020-12-08T11:32:58.769Z",
        "value": "0.6593480706214905",
        "cumulative": false
    },
    {
        "date": "2020-12-08T11:33:01.074Z",
        "value": "0.500733494758606",
        "cumulative": false
    },
    {
        "date": "2020-12-08T11:33:03.442Z",
        "value": "0.45702511072158813",
        "cumulative": false
    }
]