[
    {
        "date": "2020-12-08T11:32:33.741Z",
        "value": "11.71875",
        "cumulative": false
    },
    {
        "date": "2020-12-08T11:32:36.033Z",
        "value": "17.1875",
        "cumulative": false
    },
    {
        "date": "2020-12-08T11:32:38.348Z",
        "value": "38.28125",
        "cumulative": false
    },
    {
        "date": "2020-12-08T11:32:40.619Z",
        "value": "47.65625",
        "cumulative": false
    },
    {
        "date": "2020-12-08T11:32:42.813Z",
        "value": "52.34375",
        "cumulative": false
    },
    {
        "date": "2020-12-08T11:32:45.135Z",
        "value": "57.8125",
        "cumulative": false
    },
    {
        "date": "2020-12-08T11:32:47.337Z",
        "value": "67.96875",
        "cumulative": false
    },
    {
        "date": "2020-12-08T11:32:49.624Z",
        "value": "66.40625",
        "cumulative": false
    },
    {
        "date": "2020-12-08T11:32:51.867Z",
        "value": "68.75",
        "cumulative": false
    },
    {
        "date": "2020-12-08T11:32:54.238Z",
        "value": "74.21875",
        "cumulative": false
    },
    {
        "date": "2020-12-08T11:32:56.452Z",
        "value": "71.875",
        "cumulative": false
    },
    {
        "date": "2020-12-08T11:32:58.763Z",
        "value": "77.34375",
        "cumulative": false
    },
    {
        "date": "2020-12-08T11:33:01.068Z",
        "value": "75.78125",
        "cumulative": false
    },
    {
        "date": "2020-12-08T11:33:03.438Z",
        "value": "82.03125",
        "cumulative": false
    }
]