[
    {
        "date": "2020-12-08T11:32:35.339Z",
        "value": "0.011740446090698242",
        "cumulative": false
    },
    {
        "date": "2020-12-08T11:32:37.620Z",
        "value": "0.0078125",
        "cumulative": false
    },
    {
        "date": "2020-12-08T11:32:39.937Z",
        "value": "0.007133007049560547",
        "cumulative": false
    },
    {
        "date": "2020-12-08T11:32:42.131Z",
        "value": "0.007964611053466797",
        "cumulative": false
    },
    {
        "date": "2020-12-08T11:32:44.460Z",
        "value": "0.010452747344970703",
        "cumulative": false
    },
    {
        "date": "2020-12-08T11:32:46.643Z",
        "value": "0.007855653762817383",
        "cumulative": false
    },
    {
        "date": "2020-12-08T11:32:48.945Z",
        "value": "0.00838017463684082",
        "cumulative": false
    },
    {
        "date": "2020-12-08T11:32:51.150Z",
        "value": "0.007903099060058594",
        "cumulative": false
    },
    {
        "date": "2020-12-08T11:32:53.456Z",
        "value": "0.007666587829589844",
        "cumulative": false
    },
    {
        "date": "2020-12-08T11:32:55.793Z",
        "value": "0.007925987243652344",
        "cumulative": false
    },
    {
        "date": "2020-12-08T11:32:58.050Z",
        "value": "0.0073299407958984375",
        "cumulative": false
    },
    {
        "date": "2020-12-08T11:33:00.383Z",
        "value": "0.007950067520141602",
        "cumulative": false
    },
    {
        "date": "2020-12-08T11:33:02.743Z",
        "value": "0.007706403732299805",
        "cumulative": false
    },
    {
        "date": "2020-12-08T11:33:05.000Z",
        "value": "0.007254838943481445",
        "cumulative": false
    }
]