[
    {
        "date": "2020-12-08T11:32:33.751Z",
        "value": "48.4375",
        "cumulative": false
    },
    {
        "date": "2020-12-08T11:32:36.043Z",
        "value": "82.03125",
        "cumulative": false
    },
    {
        "date": "2020-12-08T11:32:38.358Z",
        "value": "85.9375",
        "cumulative": false
    },
    {
        "date": "2020-12-08T11:32:40.633Z",
        "value": "92.1875",
        "cumulative": false
    },
    {
        "date": "2020-12-08T11:32:42.824Z",
        "value": "95.3125",
        "cumulative": false
    },
    {
        "date": "2020-12-08T11:32:45.143Z",
        "value": "95.3125",
        "cumulative": false
    },
    {
        "date": "2020-12-08T11:32:47.348Z",
        "value": "96.09375",
        "cumulative": false
    },
    {
        "date": "2020-12-08T11:32:49.635Z",
        "value": "98.4375",
        "cumulative": false
    },
    {
        "date": "2020-12-08T11:32:51.877Z",
        "value": "97.65625",
        "cumulative": false
    },
    {
        "date": "2020-12-08T11:32:54.249Z",
        "value": "100.0",
        "cumulative": false
    },
    {
        "date": "2020-12-08T11:32:56.462Z",
        "value": "98.4375",
        "cumulative": false
    },
    {
        "date": "2020-12-08T11:32:58.774Z",
        "value": "99.21875",
        "cumulative": false
    },
    {
        "date": "2020-12-08T11:33:01.078Z",
        "value": "97.65625",
        "cumulative": false
    },
    {
        "date": "2020-12-08T11:33:03.446Z",
        "value": "100.0",
        "cumulative": false
    }
]