[
    {
        "date": "2020-12-08T11:32:35.330Z",
        "value": "0.01480412483215332",
        "cumulative": false
    },
    {
        "date": "2020-12-08T11:32:37.600Z",
        "value": "0.007925748825073242",
        "cumulative": false
    },
    {
        "date": "2020-12-08T11:32:39.931Z",
        "value": "0.010136842727661133",
        "cumulative": false
    },
    {
        "date": "2020-12-08T11:32:42.124Z",
        "value": "0.008369207382202148",
        "cumulative": false
    },
    {
        "date": "2020-12-08T11:32:44.448Z",
        "value": "0.009989738464355469",
        "cumulative": false
    },
    {
        "date": "2020-12-08T11:32:46.638Z",
        "value": "0.008380413055419922",
        "cumulative": false
    },
    {
        "date": "2020-12-08T11:32:48.936Z",
        "value": "0.010631084442138672",
        "cumulative": false
    },
    {
        "date": "2020-12-08T11:32:51.155Z",
        "value": "0.008517980575561523",
        "cumulative": false
    },
    {
        "date": "2020-12-08T11:32:53.446Z",
        "value": "0.007982492446899414",
        "cumulative": false
    },
    {
        "date": "2020-12-08T11:32:55.791Z",
        "value": "0.009924650192260742",
        "cumulative": false
    },
    {
        "date": "2020-12-08T11:32:58.043Z",
        "value": "0.00845789909362793",
        "cumulative": false
    },
    {
        "date": "2020-12-08T11:33:00.374Z",
        "value": "0.007917165756225586",
        "cumulative": false
    },
    {
        "date": "2020-12-08T11:33:02.734Z",
        "value": "0.0076406002044677734",
        "cumulative": false
    },
    {
        "date": "2020-12-08T11:33:04.990Z",
        "value": "0.00826573371887207",
        "cumulative": false
    }
]