[
    {
        "date": "2020-12-08T11:32:35.355Z",
        "value": "0.020221233367919922",
        "cumulative": false
    },
    {
        "date": "2020-12-08T11:32:37.620Z",
        "value": "0.022766828536987305",
        "cumulative": false
    },
    {
        "date": "2020-12-08T11:32:39.949Z",
        "value": "0.02411198616027832",
        "cumulative": false
    },
    {
        "date": "2020-12-08T11:32:42.140Z",
        "value": "0.02130889892578125",
        "cumulative": false
    },
    {
        "date": "2020-12-08T11:32:44.471Z",
        "value": "0.02329087257385254",
        "cumulative": false
    },
    {
        "date": "2020-12-08T11:32:46.661Z",
        "value": "0.023355484008789062",
        "cumulative": false
    },
    {
        "date": "2020-12-08T11:32:48.967Z",
        "value": "0.024713993072509766",
        "cumulative": false
    },
    {
        "date": "2020-12-08T11:32:51.176Z",
        "value": "0.02283167839050293",
        "cumulative": false
    },
    {
        "date": "2020-12-08T11:32:53.498Z",
        "value": "0.02270364761352539",
        "cumulative": false
    },
    {
        "date": "2020-12-08T11:32:55.814Z",
        "value": "0.02837347984313965",
        "cumulative": false
    },
    {
        "date": "2020-12-08T11:32:58.067Z",
        "value": "0.022338151931762695",
        "cumulative": false
    },
    {
        "date": "2020-12-08T11:33:00.403Z",
        "value": "0.024559736251831055",
        "cumulative": false
    },
    {
        "date": "2020-12-08T11:33:02.764Z",
        "value": "0.024661779403686523",
        "cumulative": false
    },
    {
        "date": "2020-12-08T11:33:05.017Z",
        "value": "0.022260665893554688",
        "cumulative": false
    }
]