[
    {
        "date": "2020-12-08T11:32:35.328Z",
        "value": "2.4376144409179688",
        "cumulative": false
    },
    {
        "date": "2020-12-08T11:32:37.599Z",
        "value": "0.16996240615844727",
        "cumulative": false
    },
    {
        "date": "2020-12-08T11:32:39.925Z",
        "value": "0.17331600189208984",
        "cumulative": false
    },
    {
        "date": "2020-12-08T11:32:42.124Z",
        "value": "0.1829988956451416",
        "cumulative": false
    },
    {
        "date": "2020-12-08T11:32:44.444Z",
        "value": "0.1663064956665039",
        "cumulative": false
    },
    {
        "date": "2020-12-08T11:32:46.639Z",
        "value": "0.20047688484191895",
        "cumulative": false
    },
    {
        "date": "2020-12-08T11:32:48.943Z",
        "value": "0.18876266479492188",
        "cumulative": false
    },
    {
        "date": "2020-12-08T11:32:51.143Z",
        "value": "0.18698406219482422",
        "cumulative": false
    },
    {
        "date": "2020-12-08T11:32:53.444Z",
        "value": "0.17699003219604492",
        "cumulative": false
    },
    {
        "date": "2020-12-08T11:32:55.789Z",
        "value": "0.1777338981628418",
        "cumulative": false
    },
    {
        "date": "2020-12-08T11:32:58.044Z",
        "value": "0.17806363105773926",
        "cumulative": false
    },
    {
        "date": "2020-12-08T11:33:00.380Z",
        "value": "0.18931055068969727",
        "cumulative": false
    },
    {
        "date": "2020-12-08T11:33:02.736Z",
        "value": "0.15449833869934082",
        "cumulative": false
    },
    {
        "date": "2020-12-08T11:33:04.994Z",
        "value": "0.1575164794921875",
        "cumulative": false
    }
]