[
    {
        "date": "2020-12-08T11:32:33.747Z",
        "value": "12.5",
        "cumulative": false
    },
    {
        "date": "2020-12-08T11:32:36.041Z",
        "value": "25.78125",
        "cumulative": false
    },
    {
        "date": "2020-12-08T11:32:38.354Z",
        "value": "36.71875",
        "cumulative": false
    },
    {
        "date": "2020-12-08T11:32:40.627Z",
        "value": "42.96875",
        "cumulative": false
    },
    {
        "date": "2020-12-08T11:32:42.821Z",
        "value": "51.5625",
        "cumulative": false
    },
    {
        "date": "2020-12-08T11:32:45.138Z",
        "value": "54.6875",
        "cumulative": false
    },
    {
        "date": "2020-12-08T11:32:47.343Z",
        "value": "66.40625",
        "cumulative": false
    },
    {
        "date": "2020-12-08T11:32:49.630Z",
        "value": "71.09375",
        "cumulative": false
    },
    {
        "date": "2020-12-08T11:32:51.872Z",
        "value": "67.1875",
        "cumulative": false
    },
    {
        "date": "2020-12-08T11:32:54.243Z",
        "value": "70.3125",
        "cumulative": false
    },
    {
        "date": "2020-12-08T11:32:56.458Z",
        "value": "71.09375",
        "cumulative": false
    },
    {
        "date": "2020-12-08T11:32:58.769Z",
        "value": "79.6875",
        "cumulative": false
    },
    {
        "date": "2020-12-08T11:33:01.074Z",
        "value": "83.59375",
        "cumulative": false
    },
    {
        "date": "2020-12-08T11:33:03.441Z",
        "value": "80.46875",
        "cumulative": false
    }
]