[
    {
        "date": "2020-12-08T11:32:35.355Z",
        "value": "0.21095013618469238",
        "cumulative": false
    },
    {
        "date": "2020-12-08T11:32:37.620Z",
        "value": "0.22927451133728027",
        "cumulative": false
    },
    {
        "date": "2020-12-08T11:32:39.949Z",
        "value": "0.20917439460754395",
        "cumulative": false
    },
    {
        "date": "2020-12-08T11:32:42.140Z",
        "value": "0.2013709545135498",
        "cumulative": false
    },
    {
        "date": "2020-12-08T11:32:44.471Z",
        "value": "0.24390816688537598",
        "cumulative": false
    },
    {
        "date": "2020-12-08T11:32:46.661Z",
        "value": "0.21898984909057617",
        "cumulative": false
    },
    {
        "date": "2020-12-08T11:32:48.967Z",
        "value": "0.22513937950134277",
        "cumulative": false
    },
    {
        "date": "2020-12-08T11:32:51.176Z",
        "value": "0.22211885452270508",
        "cumulative": false
    },
    {
        "date": "2020-12-08T11:32:53.498Z",
        "value": "0.21015334129333496",
        "cumulative": false
    },
    {
        "date": "2020-12-08T11:32:55.814Z",
        "value": "0.20568490028381348",
        "cumulative": false
    },
    {
        "date": "2020-12-08T11:32:58.067Z",
        "value": "0.2239382266998291",
        "cumulative": false
    },
    {
        "date": "2020-12-08T11:33:00.403Z",
        "value": "0.2286853790283203",
        "cumulative": false
    },
    {
        "date": "2020-12-08T11:33:02.764Z",
        "value": "0.2139744758605957",
        "cumulative": false
    },
    {
        "date": "2020-12-08T11:33:05.017Z",
        "value": "0.26378297805786133",
        "cumulative": false
    }
]