[
    {
        "date": "2020-09-11T11:52:40Z",
        "value": "1.765625",
        "cumulative": false
    },
    {
        "date": "2020-09-11T11:52:52Z",
        "value": "1076.15234375",
        "cumulative": false
    },
    {
        "date": "2020-09-11T11:53:07Z",
        "value": "1091.40625",
        "cumulative": false
    },
    {
        "date": "2020-09-11T11:53:18Z",
        "value": "1100.15234375",
        "cumulative": false
    },
    {
        "date": "2020-09-11T11:53:35Z",
        "value": "1113.81640625",
        "cumulative": false
    },
    {
        "date": "2020-09-11T11:53:47Z",
        "value": "1123.61328125",
        "cumulative": false
    },
    {
        "date": "2020-09-11T11:53:58Z",
        "value": "1136.00390625",
        "cumulative": false
    },
    {
        "date": "2020-09-11T11:54:17Z",
        "value": "1173.12890625",
        "cumulative": false
    },
    {
        "date": "2020-09-11T11:54:31Z",
        "value": "1173.12890625",
        "cumulative": false
    },
    {
        "date": "2020-09-11T11:54:43Z",
        "value": "1182.8828125",
        "cumulative": false
    },
    {
        "date": "2020-09-11T11:54:58Z",
        "value": "1141.94921875",
        "cumulative": false
    },
    {
        "date": "2020-09-11T11:55:08Z",
        "value": "1182.8828125",
        "cumulative": false
    },
    {
        "date": "2020-09-11T11:55:26Z",
        "value": "1158.50390625",
        "cumulative": false
    },
    {
        "date": "2020-09-11T11:55:44Z",
        "value": "1195.26953125",
        "cumulative": false
    },
    {
        "date": "2020-09-11T11:56:02Z",
        "value": "1163.15625",
        "cumulative": false
    },
    {
        "date": "2020-09-11T11:56:21Z",
        "value": "1210.9765625",
        "cumulative": false
    },
    {
        "date": "2020-09-11T11:56:34Z",
        "value": "1151.953125",
        "cumulative": false
    },
    {
        "date": "2020-09-11T11:56:46Z",
        "value": "1230.41015625",
        "cumulative": false
    },
    {
        "date": "2020-09-11T11:57:04Z",
        "value": "1146.4921875",
        "cumulative": false
    },
    {
        "date": "2020-09-11T11:57:16Z",
        "value": "1230.4375",
        "cumulative": false
    },
    {
        "date": "2020-09-11T11:57:29Z",
        "value": "1230.41015625",
        "cumulative": false
    },
    {
        "date": "2020-09-11T11:57:42Z",
        "value": "1255.140625",
        "cumulative": false
    },
    {
        "date": "2020-09-11T11:57:59Z",
        "value": "1187.51171875",
        "cumulative": false
    },
    {
        "date": "2020-09-11T11:58:15Z",
        "value": "1182.8828125",
        "cumulative": false
    },
    {
        "date": "2020-09-11T11:58:27Z",
        "value": "1249.01171875",
        "cumulative": false
    },
    {
        "date": "2020-09-11T11:58:43Z",
        "value": "1255.13671875",
        "cumulative": false
    },
    {
        "date": "2020-09-11T11:58:58Z",
        "value": "1286.51171875",
        "cumulative": false
    },
    {
        "date": "2020-09-11T11:59:12Z",
        "value": "1203.26171875",
        "cumulative": false
    },
    {
        "date": "2020-09-11T11:59:25Z",
        "value": "1286.4609375",
        "cumulative": false
    },
    {
        "date": "2020-09-11T11:59:37Z",
        "value": "1286.60546875",
        "cumulative": false
    },
    {
        "date": "2020-09-11T11:59:56Z",
        "value": "1215.01171875",
        "cumulative": false
    },
    {
        "date": "2020-09-11T12:00:08Z",
        "value": "1286.60546875",
        "cumulative": false
    },
    {
        "date": "2020-09-11T12:00:20Z",
        "value": "1153.07421875",
        "cumulative": false
    },
    {
        "date": "2020-09-11T12:00:37Z",
        "value": "1326.12109375",
        "cumulative": false
    },
    {
        "date": "2020-09-11T12:00:53Z",
        "value": "1326.015625",
        "cumulative": false
    },
    {
        "date": "2020-09-11T12:01:06Z",
        "value": "1221.99609375",
        "cumulative": false
    },
    {
        "date": "2020-09-11T12:01:25Z",
        "value": "1150.1015625",
        "cumulative": false
    },
    {
        "date": "2020-09-11T12:01:38Z",
        "value": "1153.12109375",
        "cumulative": false
    },
    {
        "date": "2020-09-11T12:01:53Z",
        "value": "1239.99609375",
        "cumulative": false
    },
    {
        "date": "2020-09-11T12:02:05Z",
        "value": "1326.08203125",
        "cumulative": false
    },
    {
        "date": "2020-09-11T12:02:16Z",
        "value": "1326.015625",
        "cumulative": false
    },
    {
        "date": "2020-09-11T12:02:30Z",
        "value": "1308.74609375",
        "cumulative": false
    },
    {
        "date": "2020-09-11T12:02:50Z",
        "value": "1375.89453125",
        "cumulative": false
    },
    {
        "date": "2020-09-11T12:03:05Z",
        "value": "1202.99609375",
        "cumulative": false
    },
    {
        "date": "2020-09-11T12:03:16Z",
        "value": "1375.89453125",
        "cumulative": false
    },
    {
        "date": "2020-09-11T12:03:30Z",
        "value": "1242.6328125",
        "cumulative": false
    },
    {
        "date": "2020-09-11T12:03:44Z",
        "value": "1367.62109375",
        "cumulative": false
    },
    {
        "date": "2020-09-11T12:04:00Z",
        "value": "1375.89453125",
        "cumulative": false
    },
    {
        "date": "2020-09-11T12:04:18Z",
        "value": "1302.50390625",
        "cumulative": false
    },
    {
        "date": "2020-09-11T12:04:29Z",
        "value": "1375.8828125",
        "cumulative": false
    },
    {
        "date": "2020-09-11T12:04:44Z",
        "value": "1241.1328125",
        "cumulative": false
    },
    {
        "date": "2020-09-11T12:05:03Z",
        "value": "1301.41796875",
        "cumulative": false
    },
    {
        "date": "2020-09-11T12:05:20Z",
        "value": "1438.76953125",
        "cumulative": false
    },
    {
        "date": "2020-09-11T12:05:32Z",
        "value": "1438.76953125",
        "cumulative": false
    },
    {
        "date": "2020-09-11T12:05:42Z",
        "value": "1438.76953125",
        "cumulative": false
    },
    {
        "date": "2020-09-11T12:05:52Z",
        "value": "1399.89453125",
        "cumulative": false
    },
    {
        "date": "2020-09-11T12:06:10Z",
        "value": "1329.76953125",
        "cumulative": false
    },
    {
        "date": "2020-09-11T12:06:24Z",
        "value": "1438.76953125",
        "cumulative": false
    },
    {
        "date": "2020-09-11T12:06:42Z",
        "value": "1208.89453125",
        "cumulative": false
    },
    {
        "date": "2020-09-11T12:06:57Z",
        "value": "1438.79296875",
        "cumulative": false
    },
    {
        "date": "2020-09-11T12:07:08Z",
        "value": "1438.76953125",
        "cumulative": false
    },
    {
        "date": "2020-09-11T12:07:27Z",
        "value": "1438.79296875",
        "cumulative": false
    },
    {
        "date": "2020-09-11T12:07:46Z",
        "value": "1438.76953125",
        "cumulative": false
    },
    {
        "date": "2020-09-11T12:08:05Z",
        "value": "1214.51953125",
        "cumulative": false
    },
    {
        "date": "2020-09-11T12:08:22Z",
        "value": "1518.2734375",
        "cumulative": false
    },
    {
        "date": "2020-09-11T12:08:36Z",
        "value": "1518.36328125",
        "cumulative": false
    },
    {
        "date": "2020-09-11T12:08:55Z",
        "value": "1518.2734375",
        "cumulative": false
    },
    {
        "date": "2020-09-11T12:09:09Z",
        "value": "1518.2734375",
        "cumulative": false
    },
    {
        "date": "2020-09-11T12:09:26Z",
        "value": "1309.5546875",
        "cumulative": false
    },
    {
        "date": "2020-09-11T12:09:38Z",
        "value": "1344.3046875",
        "cumulative": false
    },
    {
        "date": "2020-09-11T12:09:52Z",
        "value": "1471.2734375",
        "cumulative": false
    },
    {
        "date": "2020-09-11T12:10:03Z",
        "value": "1212.8046875",
        "cumulative": false
    },
    {
        "date": "2020-09-11T12:10:16Z",
        "value": "1518.2734375",
        "cumulative": false
    },
    {
        "date": "2020-09-11T12:10:28Z",
        "value": "1518.2734375",
        "cumulative": false
    },
    {
        "date": "2020-09-11T12:10:44Z",
        "value": "1518.2421875",
        "cumulative": false
    },
    {
        "date": "2020-09-11T12:11:03Z",
        "value": "1428.3984375",
        "cumulative": false
    },
    {
        "date": "2020-09-11T12:11:23Z",
        "value": "1386.7734375",
        "cumulative": false
    },
    {
        "date": "2020-09-11T12:11:42Z",
        "value": "1518.2734375",
        "cumulative": false
    },
    {
        "date": "2020-09-11T12:12:00Z",
        "value": "1136.0234375",
        "cumulative": false
    }
]