[
    {
        "date": "2020-09-11T11:52:27Z",
        "value": "0.0009593963623046875",
        "cumulative": true
    },
    {
        "date": "2020-09-11T11:52:49Z",
        "value": "42.766310691833496",
        "cumulative": true
    },
    {
        "date": "2020-09-11T11:53:08Z",
        "value": "4926.4224491119385",
        "cumulative": true
    },
    {
        "date": "2020-09-11T11:53:27Z",
        "value": "9784.909553527832",
        "cumulative": true
    },
    {
        "date": "2020-09-11T11:53:40Z",
        "value": "13111.318033218384",
        "cumulative": true
    },
    {
        "date": "2020-09-11T11:53:53Z",
        "value": "16492.095591545105",
        "cumulative": true
    },
    {
        "date": "2020-09-11T11:54:05Z",
        "value": "19491.25877380371",
        "cumulative": true
    },
    {
        "date": "2020-09-11T11:54:22Z",
        "value": "23573.518126487732",
        "cumulative": true
    },
    {
        "date": "2020-09-11T11:54:32Z",
        "value": "25798.19851207733",
        "cumulative": true
    },
    {
        "date": "2020-09-11T11:54:46Z",
        "value": "29085.960887908936",
        "cumulative": true
    },
    {
        "date": "2020-09-11T11:55:00Z",
        "value": "32066.92551422119",
        "cumulative": true
    },
    {
        "date": "2020-09-11T11:55:13Z",
        "value": "34976.13379859924",
        "cumulative": true
    },
    {
        "date": "2020-09-11T11:55:26Z",
        "value": "37885.03629875183",
        "cumulative": true
    },
    {
        "date": "2020-09-11T11:55:44Z",
        "value": "42025.64847946167",
        "cumulative": true
    },
    {
        "date": "2020-09-11T11:56:01Z",
        "value": "46108.825165748596",
        "cumulative": true
    },
    {
        "date": "2020-09-11T11:56:16Z",
        "value": "49748.493290901184",
        "cumulative": true
    },
    {
        "date": "2020-09-11T11:56:28Z",
        "value": "52924.08633136749",
        "cumulative": true
    },
    {
        "date": "2020-09-11T11:56:40Z",
        "value": "55839.32187747955",
        "cumulative": true
    },
    {
        "date": "2020-09-11T11:56:58Z",
        "value": "60164.86214542389",
        "cumulative": true
    },
    {
        "date": "2020-09-11T11:57:15Z",
        "value": "64047.891705513",
        "cumulative": true
    },
    {
        "date": "2020-09-11T11:57:33Z",
        "value": "68364.43324375153",
        "cumulative": true
    },
    {
        "date": "2020-09-11T11:57:46Z",
        "value": "71527.05145168304",
        "cumulative": true
    },
    {
        "date": "2020-09-11T11:58:00Z",
        "value": "74807.53112506866",
        "cumulative": true
    },
    {
        "date": "2020-09-11T11:58:17Z",
        "value": "78803.13448619843",
        "cumulative": true
    },
    {
        "date": "2020-09-11T11:58:29Z",
        "value": "81707.7919626236",
        "cumulative": true
    },
    {
        "date": "2020-09-11T11:58:49Z",
        "value": "86391.85716342926",
        "cumulative": true
    },
    {
        "date": "2020-09-11T11:59:01Z",
        "value": "89333.30158042908",
        "cumulative": true
    },
    {
        "date": "2020-09-11T11:59:17Z",
        "value": "92905.90316200256",
        "cumulative": true
    },
    {
        "date": "2020-09-11T11:59:35Z",
        "value": "97261.07069969177",
        "cumulative": true
    },
    {
        "date": "2020-09-11T11:59:47Z",
        "value": "100232.06207466125",
        "cumulative": true
    },
    {
        "date": "2020-09-11T12:00:06Z",
        "value": "104569.26209259033",
        "cumulative": true
    },
    {
        "date": "2020-09-11T12:00:22Z",
        "value": "108473.62455368042",
        "cumulative": true
    },
    {
        "date": "2020-09-11T12:00:36Z",
        "value": "111733.64973163605",
        "cumulative": true
    },
    {
        "date": "2020-09-11T12:00:53Z",
        "value": "115877.401968956",
        "cumulative": true
    },
    {
        "date": "2020-09-11T12:01:04Z",
        "value": "118341.99484729767",
        "cumulative": true
    },
    {
        "date": "2020-09-11T12:01:24Z",
        "value": "123144.98194408417",
        "cumulative": true
    },
    {
        "date": "2020-09-11T12:01:40Z",
        "value": "126759.43289470673",
        "cumulative": true
    },
    {
        "date": "2020-09-11T12:01:53Z",
        "value": "129815.39377880096",
        "cumulative": true
    },
    {
        "date": "2020-09-11T12:02:05Z",
        "value": "132722.1235666275",
        "cumulative": true
    },
    {
        "date": "2020-09-11T12:02:20Z",
        "value": "136495.22656536102",
        "cumulative": true
    },
    {
        "date": "2020-09-11T12:02:37Z",
        "value": "140368.80617332458",
        "cumulative": true
    },
    {
        "date": "2020-09-11T12:02:55Z",
        "value": "144911.30101013184",
        "cumulative": true
    },
    {
        "date": "2020-09-11T12:03:06Z",
        "value": "147440.58249092102",
        "cumulative": true
    },
    {
        "date": "2020-09-11T12:03:26Z",
        "value": "152314.43779182434",
        "cumulative": true
    },
    {
        "date": "2020-09-11T12:03:42Z",
        "value": "156329.46747398376",
        "cumulative": true
    },
    {
        "date": "2020-09-11T12:03:56Z",
        "value": "159620.26529884338",
        "cumulative": true
    },
    {
        "date": "2020-09-11T12:04:06Z",
        "value": "162358.44812965393",
        "cumulative": true
    },
    {
        "date": "2020-09-11T12:04:19Z",
        "value": "165463.51866340637",
        "cumulative": true
    },
    {
        "date": "2020-09-11T12:04:36Z",
        "value": "169308.50114250183",
        "cumulative": true
    },
    {
        "date": "2020-09-11T12:04:54Z",
        "value": "173796.21075820923",
        "cumulative": true
    },
    {
        "date": "2020-09-11T12:05:10Z",
        "value": "177634.24642276764",
        "cumulative": true
    },
    {
        "date": "2020-09-11T12:05:21Z",
        "value": "180388.5974740982",
        "cumulative": true
    },
    {
        "date": "2020-09-11T12:05:37Z",
        "value": "184088.57223796844",
        "cumulative": true
    },
    {
        "date": "2020-09-11T12:05:49Z",
        "value": "186912.94104480743",
        "cumulative": true
    },
    {
        "date": "2020-09-11T12:05:59Z",
        "value": "189615.67639827728",
        "cumulative": true
    },
    {
        "date": "2020-09-11T12:06:17Z",
        "value": "194042.37127017975",
        "cumulative": true
    },
    {
        "date": "2020-09-11T12:06:30Z",
        "value": "197080.14524173737",
        "cumulative": true
    },
    {
        "date": "2020-09-11T12:06:47Z",
        "value": "201171.02699375153",
        "cumulative": true
    },
    {
        "date": "2020-09-11T12:07:06Z",
        "value": "205767.80277729034",
        "cumulative": true
    },
    {
        "date": "2020-09-11T12:07:22Z",
        "value": "209918.83434963226",
        "cumulative": true
    },
    {
        "date": "2020-09-11T12:07:35Z",
        "value": "213001.37975025177",
        "cumulative": true
    },
    {
        "date": "2020-09-11T12:07:53Z",
        "value": "217760.26217556",
        "cumulative": true
    },
    {
        "date": "2020-09-11T12:08:09Z",
        "value": "221455.1893081665",
        "cumulative": true
    },
    {
        "date": "2020-09-11T12:08:22Z",
        "value": "224877.28817367554",
        "cumulative": true
    },
    {
        "date": "2020-09-11T12:08:39Z",
        "value": "229051.15274047852",
        "cumulative": true
    },
    {
        "date": "2020-09-11T12:08:54Z",
        "value": "232549.97774887085",
        "cumulative": true
    },
    {
        "date": "2020-09-11T12:09:04Z",
        "value": "235316.9010219574",
        "cumulative": true
    },
    {
        "date": "2020-09-11T12:09:22Z",
        "value": "239553.3782043457",
        "cumulative": true
    },
    {
        "date": "2020-09-11T12:09:41Z",
        "value": "244222.28539276123",
        "cumulative": true
    },
    {
        "date": "2020-09-11T12:09:56Z",
        "value": "248261.26586341858",
        "cumulative": true
    },
    {
        "date": "2020-09-11T12:10:15Z",
        "value": "252954.67644691467",
        "cumulative": true
    },
    {
        "date": "2020-09-11T12:10:27Z",
        "value": "255859.04706954956",
        "cumulative": true
    },
    {
        "date": "2020-09-11T12:10:42Z",
        "value": "259933.31629943848",
        "cumulative": true
    },
    {
        "date": "2020-09-11T12:11:01Z",
        "value": "264587.0947570801",
        "cumulative": true
    },
    {
        "date": "2020-09-11T12:11:14Z",
        "value": "268074.14441490173",
        "cumulative": true
    },
    {
        "date": "2020-09-11T12:11:25Z",
        "value": "270943.5805912018",
        "cumulative": true
    },
    {
        "date": "2020-09-11T12:11:43Z",
        "value": "275633.5124397278",
        "cumulative": true
    },
    {
        "date": "2020-09-11T12:11:53Z",
        "value": "277957.0874824524",
        "cumulative": true
    },
    {
        "date": "2020-09-11T12:12:05Z",
        "value": "279704.75332069397",
        "cumulative": true
    }
]