[
    {
        "date": "2020-09-11T11:52:39Z",
        "value": "4.00543212890625e-05",
        "cumulative": true
    },
    {
        "date": "2020-09-11T11:52:51Z",
        "value": "338.90844440460205",
        "cumulative": true
    },
    {
        "date": "2020-09-11T11:53:07Z",
        "value": "4640.405742645264",
        "cumulative": true
    },
    {
        "date": "2020-09-11T11:53:17Z",
        "value": "7207.788356781006",
        "cumulative": true
    },
    {
        "date": "2020-09-11T11:53:35Z",
        "value": "11677.96711063385",
        "cumulative": true
    },
    {
        "date": "2020-09-11T11:53:48Z",
        "value": "15152.797053337097",
        "cumulative": true
    },
    {
        "date": "2020-09-11T11:54:03Z",
        "value": "18968.455646514893",
        "cumulative": true
    },
    {
        "date": "2020-09-11T11:54:16Z",
        "value": "22174.850554466248",
        "cumulative": true
    },
    {
        "date": "2020-09-11T11:54:27Z",
        "value": "24704.61940097809",
        "cumulative": true
    },
    {
        "date": "2020-09-11T11:54:45Z",
        "value": "28799.117309570312",
        "cumulative": true
    },
    {
        "date": "2020-09-11T11:55:04Z",
        "value": "33061.2816734314",
        "cumulative": true
    },
    {
        "date": "2020-09-11T11:55:17Z",
        "value": "35934.34222793579",
        "cumulative": true
    },
    {
        "date": "2020-09-11T11:55:30Z",
        "value": "38809.74486160278",
        "cumulative": true
    },
    {
        "date": "2020-09-11T11:55:48Z",
        "value": "42762.68830490112",
        "cumulative": true
    },
    {
        "date": "2020-09-11T11:56:08Z",
        "value": "47587.425285339355",
        "cumulative": true
    },
    {
        "date": "2020-09-11T11:56:23Z",
        "value": "51556.7236366272",
        "cumulative": true
    },
    {
        "date": "2020-09-11T11:56:42Z",
        "value": "56181.44161891937",
        "cumulative": true
    },
    {
        "date": "2020-09-11T11:57:02Z",
        "value": "60906.65402317047",
        "cumulative": true
    },
    {
        "date": "2020-09-11T11:57:20Z",
        "value": "65062.12317562103",
        "cumulative": true
    },
    {
        "date": "2020-09-11T11:57:33Z",
        "value": "68512.11178684235",
        "cumulative": true
    },
    {
        "date": "2020-09-11T11:57:44Z",
        "value": "70986.53715133667",
        "cumulative": true
    },
    {
        "date": "2020-09-11T11:58:01Z",
        "value": "74994.45957946777",
        "cumulative": true
    },
    {
        "date": "2020-09-11T11:58:21Z",
        "value": "79866.87421417236",
        "cumulative": true
    },
    {
        "date": "2020-09-11T11:58:34Z",
        "value": "82797.38425445557",
        "cumulative": true
    },
    {
        "date": "2020-09-11T11:58:51Z",
        "value": "86813.79705238342",
        "cumulative": true
    },
    {
        "date": "2020-09-11T11:59:04Z",
        "value": "90141.08371257782",
        "cumulative": true
    },
    {
        "date": "2020-09-11T11:59:15Z",
        "value": "92684.37024974823",
        "cumulative": true
    },
    {
        "date": "2020-09-11T11:59:31Z",
        "value": "96234.0360879898",
        "cumulative": true
    },
    {
        "date": "2020-09-11T11:59:48Z",
        "value": "100392.85234928131",
        "cumulative": true
    },
    {
        "date": "2020-09-11T12:00:01Z",
        "value": "103541.76623249054",
        "cumulative": true
    },
    {
        "date": "2020-09-11T12:00:14Z",
        "value": "106518.99989414215",
        "cumulative": true
    },
    {
        "date": "2020-09-11T12:00:29Z",
        "value": "110145.72893714905",
        "cumulative": true
    },
    {
        "date": "2020-09-11T12:00:45Z",
        "value": "113905.83072471619",
        "cumulative": true
    },
    {
        "date": "2020-09-11T12:00:56Z",
        "value": "116512.10838508606",
        "cumulative": true
    },
    {
        "date": "2020-09-11T12:01:10Z",
        "value": "119740.22983551025",
        "cumulative": true
    },
    {
        "date": "2020-09-11T12:01:28Z",
        "value": "124033.46328163147",
        "cumulative": true
    },
    {
        "date": "2020-09-11T12:01:42Z",
        "value": "127215.56609725952",
        "cumulative": true
    },
    {
        "date": "2020-09-11T12:02:01Z",
        "value": "131665.85640907288",
        "cumulative": true
    },
    {
        "date": "2020-09-11T12:02:11Z",
        "value": "134180.78198623657",
        "cumulative": true
    },
    {
        "date": "2020-09-11T12:02:26Z",
        "value": "137660.63585853577",
        "cumulative": true
    },
    {
        "date": "2020-09-11T12:02:39Z",
        "value": "141007.35546970367",
        "cumulative": true
    },
    {
        "date": "2020-09-11T12:02:49Z",
        "value": "143553.1822156906",
        "cumulative": true
    },
    {
        "date": "2020-09-11T12:03:06Z",
        "value": "147354.72203731537",
        "cumulative": true
    },
    {
        "date": "2020-09-11T12:03:24Z",
        "value": "151950.95416164398",
        "cumulative": true
    },
    {
        "date": "2020-09-11T12:03:39Z",
        "value": "155604.13123226166",
        "cumulative": true
    },
    {
        "date": "2020-09-11T12:03:59Z",
        "value": "160366.21733760834",
        "cumulative": true
    },
    {
        "date": "2020-09-11T12:04:13Z",
        "value": "163998.54299640656",
        "cumulative": true
    },
    {
        "date": "2020-09-11T12:04:30Z",
        "value": "168029.69194698334",
        "cumulative": true
    },
    {
        "date": "2020-09-11T12:04:48Z",
        "value": "172148.39529514313",
        "cumulative": true
    },
    {
        "date": "2020-09-11T12:05:06Z",
        "value": "176638.77032470703",
        "cumulative": true
    },
    {
        "date": "2020-09-11T12:05:21Z",
        "value": "180402.71872138977",
        "cumulative": true
    },
    {
        "date": "2020-09-11T12:05:34Z",
        "value": "183385.5003643036",
        "cumulative": true
    },
    {
        "date": "2020-09-11T12:05:45Z",
        "value": "186126.2720222473",
        "cumulative": true
    },
    {
        "date": "2020-09-11T12:06:01Z",
        "value": "190077.75966453552",
        "cumulative": true
    },
    {
        "date": "2020-09-11T12:06:17Z",
        "value": "194231.12553596497",
        "cumulative": true
    },
    {
        "date": "2020-09-11T12:06:36Z",
        "value": "198846.04236984253",
        "cumulative": true
    },
    {
        "date": "2020-09-11T12:06:48Z",
        "value": "201662.7548084259",
        "cumulative": true
    },
    {
        "date": "2020-09-11T12:06:58Z",
        "value": "204248.50531578064",
        "cumulative": true
    },
    {
        "date": "2020-09-11T12:07:16Z",
        "value": "208494.7090702057",
        "cumulative": true
    },
    {
        "date": "2020-09-11T12:07:26Z",
        "value": "210851.33785057068",
        "cumulative": true
    },
    {
        "date": "2020-09-11T12:07:46Z",
        "value": "215883.7579536438",
        "cumulative": true
    },
    {
        "date": "2020-09-11T12:07:57Z",
        "value": "218491.9493598938",
        "cumulative": true
    },
    {
        "date": "2020-09-11T12:08:15Z",
        "value": "223091.79435825348",
        "cumulative": true
    },
    {
        "date": "2020-09-11T12:08:31Z",
        "value": "227126.14097309113",
        "cumulative": true
    },
    {
        "date": "2020-09-11T12:08:44Z",
        "value": "230226.9902868271",
        "cumulative": true
    },
    {
        "date": "2020-09-11T12:09:00Z",
        "value": "234313.81427288055",
        "cumulative": true
    },
    {
        "date": "2020-09-11T12:09:12Z",
        "value": "237233.76213550568",
        "cumulative": true
    },
    {
        "date": "2020-09-11T12:09:28Z",
        "value": "241313.30943012238",
        "cumulative": true
    },
    {
        "date": "2020-09-11T12:09:48Z",
        "value": "245979.72313022614",
        "cumulative": true
    },
    {
        "date": "2020-09-11T12:10:06Z",
        "value": "250639.26129436493",
        "cumulative": true
    },
    {
        "date": "2020-09-11T12:10:21Z",
        "value": "254704.74523830414",
        "cumulative": true
    },
    {
        "date": "2020-09-11T12:10:32Z",
        "value": "257252.20596790314",
        "cumulative": true
    },
    {
        "date": "2020-09-11T12:10:45Z",
        "value": "260526.57002925873",
        "cumulative": true
    },
    {
        "date": "2020-09-11T12:10:59Z",
        "value": "264014.9461069107",
        "cumulative": true
    },
    {
        "date": "2020-09-11T12:11:16Z",
        "value": "268658.97048664093",
        "cumulative": true
    },
    {
        "date": "2020-09-11T12:11:35Z",
        "value": "273387.10070705414",
        "cumulative": true
    },
    {
        "date": "2020-09-11T12:11:49Z",
        "value": "276903.77856731415",
        "cumulative": true
    },
    {
        "date": "2020-09-11T12:12:04Z",
        "value": "279709.42950725555",
        "cumulative": true
    }
]