[
    {
        "date": "2020-09-11T11:52:42Z",
        "value": "1.65234375",
        "cumulative": false
    },
    {
        "date": "2020-09-11T11:52:52Z",
        "value": "1070.09765625",
        "cumulative": false
    },
    {
        "date": "2020-09-11T11:53:10Z",
        "value": "1088.5",
        "cumulative": false
    },
    {
        "date": "2020-09-11T11:53:26Z",
        "value": "1113.53515625",
        "cumulative": false
    },
    {
        "date": "2020-09-11T11:53:38Z",
        "value": "1121.22265625",
        "cumulative": false
    },
    {
        "date": "2020-09-11T11:53:49Z",
        "value": "1131.01171875",
        "cumulative": false
    },
    {
        "date": "2020-09-11T11:54:05Z",
        "value": "1143.3984375",
        "cumulative": false
    },
    {
        "date": "2020-09-11T11:54:21Z",
        "value": "1167.76171875",
        "cumulative": false
    },
    {
        "date": "2020-09-11T11:54:31Z",
        "value": "1180.7578125",
        "cumulative": false
    },
    {
        "date": "2020-09-11T11:54:46Z",
        "value": "1190.27734375",
        "cumulative": false
    },
    {
        "date": "2020-09-11T11:55:04Z",
        "value": "1190.27734375",
        "cumulative": false
    },
    {
        "date": "2020-09-11T11:55:18Z",
        "value": "1202.71875",
        "cumulative": false
    },
    {
        "date": "2020-09-11T11:55:36Z",
        "value": "1202.69921875",
        "cumulative": false
    },
    {
        "date": "2020-09-11T11:55:51Z",
        "value": "1218.17578125",
        "cumulative": false
    },
    {
        "date": "2020-09-11T11:56:09Z",
        "value": "1218.15234375",
        "cumulative": false
    },
    {
        "date": "2020-09-11T11:56:28Z",
        "value": "1218.17578125",
        "cumulative": false
    },
    {
        "date": "2020-09-11T11:56:38Z",
        "value": "1237.8046875",
        "cumulative": false
    },
    {
        "date": "2020-09-11T11:56:58Z",
        "value": "1237.8046875",
        "cumulative": false
    },
    {
        "date": "2020-09-11T11:57:14Z",
        "value": "1237.8046875",
        "cumulative": false
    },
    {
        "date": "2020-09-11T11:57:26Z",
        "value": "1237.8046875",
        "cumulative": false
    },
    {
        "date": "2020-09-11T11:57:42Z",
        "value": "1262.5625",
        "cumulative": false
    },
    {
        "date": "2020-09-11T11:58:02Z",
        "value": "1248.12109375",
        "cumulative": false
    },
    {
        "date": "2020-09-11T11:58:19Z",
        "value": "1262.4921875",
        "cumulative": false
    },
    {
        "date": "2020-09-11T11:58:33Z",
        "value": "1262.49609375",
        "cumulative": false
    },
    {
        "date": "2020-09-11T11:58:45Z",
        "value": "1236.52734375",
        "cumulative": false
    },
    {
        "date": "2020-09-11T11:59:01Z",
        "value": "1293.8671875",
        "cumulative": false
    },
    {
        "date": "2020-09-11T11:59:17Z",
        "value": "1260.0859375",
        "cumulative": false
    },
    {
        "date": "2020-09-11T11:59:33Z",
        "value": "1293.8359375",
        "cumulative": false
    },
    {
        "date": "2020-09-11T11:59:46Z",
        "value": "1241.2109375",
        "cumulative": false
    },
    {
        "date": "2020-09-11T11:59:56Z",
        "value": "1216.8046875",
        "cumulative": false
    },
    {
        "date": "2020-09-11T12:00:12Z",
        "value": "1248.0859375",
        "cumulative": false
    },
    {
        "date": "2020-09-11T12:00:26Z",
        "value": "1272.7421875",
        "cumulative": false
    },
    {
        "date": "2020-09-11T12:00:41Z",
        "value": "1333.3359375",
        "cumulative": false
    },
    {
        "date": "2020-09-11T12:00:57Z",
        "value": "1287.75",
        "cumulative": false
    },
    {
        "date": "2020-09-11T12:01:12Z",
        "value": "1206.85546875",
        "cumulative": false
    },
    {
        "date": "2020-09-11T12:01:25Z",
        "value": "1329.73046875",
        "cumulative": false
    },
    {
        "date": "2020-09-11T12:01:37Z",
        "value": "1273.2109375",
        "cumulative": false
    },
    {
        "date": "2020-09-11T12:01:48Z",
        "value": "1179.35546875",
        "cumulative": false
    },
    {
        "date": "2020-09-11T12:02:01Z",
        "value": "1333.48046875",
        "cumulative": false
    },
    {
        "date": "2020-09-11T12:02:14Z",
        "value": "1333.48046875",
        "cumulative": false
    },
    {
        "date": "2020-09-11T12:02:24Z",
        "value": "1333.375",
        "cumulative": false
    },
    {
        "date": "2020-09-11T12:02:36Z",
        "value": "1360.8515625",
        "cumulative": false
    },
    {
        "date": "2020-09-11T12:02:55Z",
        "value": "1383.25",
        "cumulative": false
    },
    {
        "date": "2020-09-11T12:03:12Z",
        "value": "1383.25",
        "cumulative": false
    },
    {
        "date": "2020-09-11T12:03:31Z",
        "value": "1383.25",
        "cumulative": false
    },
    {
        "date": "2020-09-11T12:03:48Z",
        "value": "1383.23828125",
        "cumulative": false
    },
    {
        "date": "2020-09-11T12:04:08Z",
        "value": "1383.25",
        "cumulative": false
    },
    {
        "date": "2020-09-11T12:04:19Z",
        "value": "1383.1640625",
        "cumulative": false
    },
    {
        "date": "2020-09-11T12:04:36Z",
        "value": "1383.21484375",
        "cumulative": false
    },
    {
        "date": "2020-09-11T12:04:54Z",
        "value": "1366.23828125",
        "cumulative": false
    },
    {
        "date": "2020-09-11T12:05:04Z",
        "value": "1446.12890625",
        "cumulative": false
    },
    {
        "date": "2020-09-11T12:05:24Z",
        "value": "1394.9609375",
        "cumulative": false
    },
    {
        "date": "2020-09-11T12:05:39Z",
        "value": "1398.4609375",
        "cumulative": false
    },
    {
        "date": "2020-09-11T12:05:53Z",
        "value": "1446.15234375",
        "cumulative": false
    },
    {
        "date": "2020-09-11T12:06:13Z",
        "value": "1446.0859375",
        "cumulative": false
    },
    {
        "date": "2020-09-11T12:06:23Z",
        "value": "1297.7109375",
        "cumulative": false
    },
    {
        "date": "2020-09-11T12:06:35Z",
        "value": "1446.1328125",
        "cumulative": false
    },
    {
        "date": "2020-09-11T12:06:53Z",
        "value": "1296.7109375",
        "cumulative": false
    },
    {
        "date": "2020-09-11T12:07:11Z",
        "value": "1351.609375",
        "cumulative": false
    },
    {
        "date": "2020-09-11T12:07:21Z",
        "value": "1446.109375",
        "cumulative": false
    },
    {
        "date": "2020-09-11T12:07:35Z",
        "value": "1446.0859375",
        "cumulative": false
    },
    {
        "date": "2020-09-11T12:07:52Z",
        "value": "1446.0859375",
        "cumulative": false
    },
    {
        "date": "2020-09-11T12:08:07Z",
        "value": "1171.234375",
        "cumulative": false
    },
    {
        "date": "2020-09-11T12:08:18Z",
        "value": "1525.58984375",
        "cumulative": false
    },
    {
        "date": "2020-09-11T12:08:36Z",
        "value": "1525.58984375",
        "cumulative": false
    },
    {
        "date": "2020-09-11T12:08:48Z",
        "value": "1525.58984375",
        "cumulative": false
    },
    {
        "date": "2020-09-11T12:09:05Z",
        "value": "1525.58984375",
        "cumulative": false
    },
    {
        "date": "2020-09-11T12:09:19Z",
        "value": "1525.58984375",
        "cumulative": false
    },
    {
        "date": "2020-09-11T12:09:32Z",
        "value": "1525.58984375",
        "cumulative": false
    },
    {
        "date": "2020-09-11T12:09:45Z",
        "value": "1344.1171875",
        "cumulative": false
    },
    {
        "date": "2020-09-11T12:09:57Z",
        "value": "1473.08984375",
        "cumulative": false
    },
    {
        "date": "2020-09-11T12:10:16Z",
        "value": "1376.49609375",
        "cumulative": false
    },
    {
        "date": "2020-09-11T12:10:29Z",
        "value": "1525.58984375",
        "cumulative": false
    },
    {
        "date": "2020-09-11T12:10:39Z",
        "value": "1525.58984375",
        "cumulative": false
    },
    {
        "date": "2020-09-11T12:10:57Z",
        "value": "1525.62109375",
        "cumulative": false
    },
    {
        "date": "2020-09-11T12:11:08Z",
        "value": "1479.33984375",
        "cumulative": false
    },
    {
        "date": "2020-09-11T12:11:27Z",
        "value": "1525.58984375",
        "cumulative": false
    },
    {
        "date": "2020-09-11T12:11:43Z",
        "value": "1525.55859375",
        "cumulative": false
    },
    {
        "date": "2020-09-11T12:11:57Z",
        "value": "1525.58984375",
        "cumulative": false
    }
]