[
    {
        "date": "2020-09-11T11:52:54Z",
        "value": "0.83334108",
        "cumulative": false
    },
    {
        "date": "2020-09-11T11:53:06Z",
        "value": "1.017076523",
        "cumulative": false
    },
    {
        "date": "2020-09-11T11:53:22Z",
        "value": "1.000517866",
        "cumulative": false
    },
    {
        "date": "2020-09-11T11:53:33Z",
        "value": "1.000496996",
        "cumulative": false
    },
    {
        "date": "2020-09-11T11:53:50Z",
        "value": "1.000293215",
        "cumulative": false
    },
    {
        "date": "2020-09-11T11:54:08Z",
        "value": "1.000273467",
        "cumulative": false
    },
    {
        "date": "2020-09-11T11:54:19Z",
        "value": "1.000500581",
        "cumulative": false
    },
    {
        "date": "2020-09-11T11:54:32Z",
        "value": "1.00007233",
        "cumulative": false
    },
    {
        "date": "2020-09-11T11:54:49Z",
        "value": "1.000328785",
        "cumulative": false
    },
    {
        "date": "2020-09-11T11:55:08Z",
        "value": "0.99992858",
        "cumulative": false
    },
    {
        "date": "2020-09-11T11:55:21Z",
        "value": "1.001054845",
        "cumulative": false
    },
    {
        "date": "2020-09-11T11:55:37Z",
        "value": "1.000042785",
        "cumulative": false
    },
    {
        "date": "2020-09-11T11:55:51Z",
        "value": "1.000720222",
        "cumulative": false
    },
    {
        "date": "2020-09-11T11:56:03Z",
        "value": "1.000040428",
        "cumulative": false
    },
    {
        "date": "2020-09-11T11:56:14Z",
        "value": "1.00026086",
        "cumulative": false
    },
    {
        "date": "2020-09-11T11:56:25Z",
        "value": "0.999946351",
        "cumulative": false
    },
    {
        "date": "2020-09-11T11:56:37Z",
        "value": "1.000472709",
        "cumulative": false
    },
    {
        "date": "2020-09-11T11:56:52Z",
        "value": "1.000082955",
        "cumulative": false
    },
    {
        "date": "2020-09-11T11:57:11Z",
        "value": "1.000167993",
        "cumulative": false
    },
    {
        "date": "2020-09-11T11:57:29Z",
        "value": "1.000191598",
        "cumulative": false
    },
    {
        "date": "2020-09-11T11:57:45Z",
        "value": "1.000638849",
        "cumulative": false
    },
    {
        "date": "2020-09-11T11:57:59Z",
        "value": "1.000168023",
        "cumulative": false
    },
    {
        "date": "2020-09-11T11:58:10Z",
        "value": "1.000117612",
        "cumulative": false
    },
    {
        "date": "2020-09-11T11:58:21Z",
        "value": "1.00019471",
        "cumulative": false
    },
    {
        "date": "2020-09-11T11:58:39Z",
        "value": "1.000176525",
        "cumulative": false
    },
    {
        "date": "2020-09-11T11:58:57Z",
        "value": "1.000777032",
        "cumulative": false
    },
    {
        "date": "2020-09-11T11:59:10Z",
        "value": "1.000193735",
        "cumulative": false
    },
    {
        "date": "2020-09-11T11:59:30Z",
        "value": "1.000276332",
        "cumulative": false
    },
    {
        "date": "2020-09-11T11:59:44Z",
        "value": "1.000245511",
        "cumulative": false
    },
    {
        "date": "2020-09-11T11:59:58Z",
        "value": "1.000259424",
        "cumulative": false
    },
    {
        "date": "2020-09-11T12:00:10Z",
        "value": "1.00020336",
        "cumulative": false
    },
    {
        "date": "2020-09-11T12:00:25Z",
        "value": "1.000208754",
        "cumulative": false
    },
    {
        "date": "2020-09-11T12:00:40Z",
        "value": "1.000815269",
        "cumulative": false
    },
    {
        "date": "2020-09-11T12:00:56Z",
        "value": "1.000193015",
        "cumulative": false
    },
    {
        "date": "2020-09-11T12:01:13Z",
        "value": "1.000138556",
        "cumulative": false
    },
    {
        "date": "2020-09-11T12:01:33Z",
        "value": "1.000194704",
        "cumulative": false
    },
    {
        "date": "2020-09-11T12:01:44Z",
        "value": "1.00012327",
        "cumulative": false
    },
    {
        "date": "2020-09-11T12:01:59Z",
        "value": "1.000208053",
        "cumulative": false
    },
    {
        "date": "2020-09-11T12:02:15Z",
        "value": "1.000289067",
        "cumulative": false
    },
    {
        "date": "2020-09-11T12:02:26Z",
        "value": "1.000172027",
        "cumulative": false
    },
    {
        "date": "2020-09-11T12:02:40Z",
        "value": "1.000900637",
        "cumulative": false
    },
    {
        "date": "2020-09-11T12:02:59Z",
        "value": "1.000136706",
        "cumulative": false
    },
    {
        "date": "2020-09-11T12:03:19Z",
        "value": "1.00009182",
        "cumulative": false
    },
    {
        "date": "2020-09-11T12:03:37Z",
        "value": "1.000230355",
        "cumulative": false
    },
    {
        "date": "2020-09-11T12:03:51Z",
        "value": "1.000260621",
        "cumulative": false
    },
    {
        "date": "2020-09-11T12:04:06Z",
        "value": "0.999770013",
        "cumulative": false
    },
    {
        "date": "2020-09-11T12:04:19Z",
        "value": "1.000207119",
        "cumulative": false
    },
    {
        "date": "2020-09-11T12:04:36Z",
        "value": "1.000206",
        "cumulative": false
    },
    {
        "date": "2020-09-11T12:04:50Z",
        "value": "1.000209829",
        "cumulative": false
    },
    {
        "date": "2020-09-11T12:05:01Z",
        "value": "1.001328407",
        "cumulative": false
    },
    {
        "date": "2020-09-11T12:05:13Z",
        "value": "1.000122211",
        "cumulative": false
    },
    {
        "date": "2020-09-11T12:05:28Z",
        "value": "1.000377075",
        "cumulative": false
    },
    {
        "date": "2020-09-11T12:05:47Z",
        "value": "1.000206889",
        "cumulative": false
    },
    {
        "date": "2020-09-11T12:06:04Z",
        "value": "1.000149804",
        "cumulative": false
    },
    {
        "date": "2020-09-11T12:06:21Z",
        "value": "1.000204356",
        "cumulative": false
    },
    {
        "date": "2020-09-11T12:06:40Z",
        "value": "0.99987533",
        "cumulative": false
    },
    {
        "date": "2020-09-11T12:06:58Z",
        "value": "1.000245517",
        "cumulative": false
    },
    {
        "date": "2020-09-11T12:07:14Z",
        "value": "1.000213392",
        "cumulative": false
    },
    {
        "date": "2020-09-11T12:07:24Z",
        "value": "1.000264532",
        "cumulative": false
    },
    {
        "date": "2020-09-11T12:07:44Z",
        "value": "1.000104519",
        "cumulative": false
    },
    {
        "date": "2020-09-11T12:07:55Z",
        "value": "1.000318498",
        "cumulative": false
    },
    {
        "date": "2020-09-11T12:08:12Z",
        "value": "1.000764003",
        "cumulative": false
    },
    {
        "date": "2020-09-11T12:08:22Z",
        "value": "1.000279541",
        "cumulative": false
    },
    {
        "date": "2020-09-11T12:08:39Z",
        "value": "1.000197584",
        "cumulative": false
    },
    {
        "date": "2020-09-11T12:08:57Z",
        "value": "1.00028573",
        "cumulative": false
    },
    {
        "date": "2020-09-11T12:09:11Z",
        "value": "1.000266449",
        "cumulative": false
    },
    {
        "date": "2020-09-11T12:09:23Z",
        "value": "1.000242174",
        "cumulative": false
    },
    {
        "date": "2020-09-11T12:09:38Z",
        "value": "1.000287556",
        "cumulative": false
    },
    {
        "date": "2020-09-11T12:09:52Z",
        "value": "1.000252208",
        "cumulative": false
    },
    {
        "date": "2020-09-11T12:10:06Z",
        "value": "1.00030628",
        "cumulative": false
    },
    {
        "date": "2020-09-11T12:10:18Z",
        "value": "1.000299135",
        "cumulative": false
    },
    {
        "date": "2020-09-11T12:10:37Z",
        "value": "1.000297045",
        "cumulative": false
    },
    {
        "date": "2020-09-11T12:10:52Z",
        "value": "1.000232548",
        "cumulative": false
    },
    {
        "date": "2020-09-11T12:11:10Z",
        "value": "1.000374979",
        "cumulative": false
    },
    {
        "date": "2020-09-11T12:11:28Z",
        "value": "1.000278842",
        "cumulative": false
    },
    {
        "date": "2020-09-11T12:11:47Z",
        "value": "1.000136139",
        "cumulative": false
    },
    {
        "date": "2020-09-11T12:11:59Z",
        "value": "1.000185533",
        "cumulative": false
    }
]