[
    {
        "date": "2020-09-11T11:52:52Z",
        "value": "0.691818514",
        "cumulative": false
    },
    {
        "date": "2020-09-11T11:53:07Z",
        "value": "1.020225152",
        "cumulative": false
    },
    {
        "date": "2020-09-11T11:53:18Z",
        "value": "1.000492371",
        "cumulative": false
    },
    {
        "date": "2020-09-11T11:53:35Z",
        "value": "1.000445546",
        "cumulative": false
    },
    {
        "date": "2020-09-11T11:53:47Z",
        "value": "1.000673381",
        "cumulative": false
    },
    {
        "date": "2020-09-11T11:53:58Z",
        "value": "1.000397299",
        "cumulative": false
    },
    {
        "date": "2020-09-11T11:54:17Z",
        "value": "1.000184746",
        "cumulative": false
    },
    {
        "date": "2020-09-11T11:54:31Z",
        "value": "0.999786094",
        "cumulative": false
    },
    {
        "date": "2020-09-11T11:54:43Z",
        "value": "1.000147108",
        "cumulative": false
    },
    {
        "date": "2020-09-11T11:54:58Z",
        "value": "1.000197287",
        "cumulative": false
    },
    {
        "date": "2020-09-11T11:55:08Z",
        "value": "0.999865224",
        "cumulative": false
    },
    {
        "date": "2020-09-11T11:55:26Z",
        "value": "1.000307065",
        "cumulative": false
    },
    {
        "date": "2020-09-11T11:55:44Z",
        "value": "1.000018308",
        "cumulative": false
    },
    {
        "date": "2020-09-11T11:56:02Z",
        "value": "1.000500366",
        "cumulative": false
    },
    {
        "date": "2020-09-11T11:56:21Z",
        "value": "1.000008165",
        "cumulative": false
    },
    {
        "date": "2020-09-11T11:56:34Z",
        "value": "1.00032973",
        "cumulative": false
    },
    {
        "date": "2020-09-11T11:56:46Z",
        "value": "1.000339393",
        "cumulative": false
    },
    {
        "date": "2020-09-11T11:57:04Z",
        "value": "1.000102603",
        "cumulative": false
    },
    {
        "date": "2020-09-11T11:57:16Z",
        "value": "1.00001874",
        "cumulative": false
    },
    {
        "date": "2020-09-11T11:57:29Z",
        "value": "1.000085576",
        "cumulative": false
    },
    {
        "date": "2020-09-11T11:57:42Z",
        "value": "1.000582611",
        "cumulative": false
    },
    {
        "date": "2020-09-11T11:57:59Z",
        "value": "1.000031523",
        "cumulative": false
    },
    {
        "date": "2020-09-11T11:58:15Z",
        "value": "1.000096086",
        "cumulative": false
    },
    {
        "date": "2020-09-11T11:58:27Z",
        "value": "1.000031954",
        "cumulative": false
    },
    {
        "date": "2020-09-11T11:58:43Z",
        "value": "1.000070955",
        "cumulative": false
    },
    {
        "date": "2020-09-11T11:58:58Z",
        "value": "1.000556605",
        "cumulative": false
    },
    {
        "date": "2020-09-11T11:59:12Z",
        "value": "1.000247649",
        "cumulative": false
    },
    {
        "date": "2020-09-11T11:59:25Z",
        "value": "1.000202162",
        "cumulative": false
    },
    {
        "date": "2020-09-11T11:59:37Z",
        "value": "0.999843263",
        "cumulative": false
    },
    {
        "date": "2020-09-11T11:59:56Z",
        "value": "1.00027212",
        "cumulative": false
    },
    {
        "date": "2020-09-11T12:00:08Z",
        "value": "1.000116445",
        "cumulative": false
    },
    {
        "date": "2020-09-11T12:00:20Z",
        "value": "1.000106789",
        "cumulative": false
    },
    {
        "date": "2020-09-11T12:00:37Z",
        "value": "1.000581716",
        "cumulative": false
    },
    {
        "date": "2020-09-11T12:00:53Z",
        "value": "1.000127876",
        "cumulative": false
    },
    {
        "date": "2020-09-11T12:01:06Z",
        "value": "1.000163206",
        "cumulative": false
    },
    {
        "date": "2020-09-11T12:01:25Z",
        "value": "1.000152205",
        "cumulative": false
    },
    {
        "date": "2020-09-11T12:01:38Z",
        "value": "1.000183934",
        "cumulative": false
    },
    {
        "date": "2020-09-11T12:01:53Z",
        "value": "1.000129117",
        "cumulative": false
    },
    {
        "date": "2020-09-11T12:02:05Z",
        "value": "1.000101102",
        "cumulative": false
    },
    {
        "date": "2020-09-11T12:02:16Z",
        "value": "1.000171163",
        "cumulative": false
    },
    {
        "date": "2020-09-11T12:02:30Z",
        "value": "1.000548188",
        "cumulative": false
    },
    {
        "date": "2020-09-11T12:02:50Z",
        "value": "1.000281436",
        "cumulative": false
    },
    {
        "date": "2020-09-11T12:03:05Z",
        "value": "1.000152442",
        "cumulative": false
    },
    {
        "date": "2020-09-11T12:03:16Z",
        "value": "1.000146851",
        "cumulative": false
    },
    {
        "date": "2020-09-11T12:03:30Z",
        "value": "1.000214424",
        "cumulative": false
    },
    {
        "date": "2020-09-11T12:03:44Z",
        "value": "1.000126305",
        "cumulative": false
    },
    {
        "date": "2020-09-11T12:04:00Z",
        "value": "1.00010916",
        "cumulative": false
    },
    {
        "date": "2020-09-11T12:04:18Z",
        "value": "1.00008853",
        "cumulative": false
    },
    {
        "date": "2020-09-11T12:04:29Z",
        "value": "1.00024259",
        "cumulative": false
    },
    {
        "date": "2020-09-11T12:04:44Z",
        "value": "1.000156905",
        "cumulative": false
    },
    {
        "date": "2020-09-11T12:05:03Z",
        "value": "1.000800197",
        "cumulative": false
    },
    {
        "date": "2020-09-11T12:05:20Z",
        "value": "1.000174085",
        "cumulative": false
    },
    {
        "date": "2020-09-11T12:05:32Z",
        "value": "1.000093629",
        "cumulative": false
    },
    {
        "date": "2020-09-11T12:05:42Z",
        "value": "1.000156458",
        "cumulative": false
    },
    {
        "date": "2020-09-11T12:05:52Z",
        "value": "1.000133312",
        "cumulative": false
    },
    {
        "date": "2020-09-11T12:06:10Z",
        "value": "1.000191305",
        "cumulative": false
    },
    {
        "date": "2020-09-11T12:06:24Z",
        "value": "1.000138534",
        "cumulative": false
    },
    {
        "date": "2020-09-11T12:06:42Z",
        "value": "1.000253362",
        "cumulative": false
    },
    {
        "date": "2020-09-11T12:06:57Z",
        "value": "1.000117926",
        "cumulative": false
    },
    {
        "date": "2020-09-11T12:07:08Z",
        "value": "1.000034477",
        "cumulative": false
    },
    {
        "date": "2020-09-11T12:07:27Z",
        "value": "1.00034445",
        "cumulative": false
    },
    {
        "date": "2020-09-11T12:07:46Z",
        "value": "1.00013829",
        "cumulative": false
    },
    {
        "date": "2020-09-11T12:08:05Z",
        "value": "1.000274925",
        "cumulative": false
    },
    {
        "date": "2020-09-11T12:08:22Z",
        "value": "1.000824601",
        "cumulative": false
    },
    {
        "date": "2020-09-11T12:08:36Z",
        "value": "1.000207582",
        "cumulative": false
    },
    {
        "date": "2020-09-11T12:08:55Z",
        "value": "1.000168087",
        "cumulative": false
    },
    {
        "date": "2020-09-11T12:09:09Z",
        "value": "1.000103399",
        "cumulative": false
    },
    {
        "date": "2020-09-11T12:09:26Z",
        "value": "1.000327029",
        "cumulative": false
    },
    {
        "date": "2020-09-11T12:09:38Z",
        "value": "1.000290903",
        "cumulative": false
    },
    {
        "date": "2020-09-11T12:09:52Z",
        "value": "1.000097296",
        "cumulative": false
    },
    {
        "date": "2020-09-11T12:10:03Z",
        "value": "1.000221673",
        "cumulative": false
    },
    {
        "date": "2020-09-11T12:10:16Z",
        "value": "1.000137272",
        "cumulative": false
    },
    {
        "date": "2020-09-11T12:10:28Z",
        "value": "1.000266974",
        "cumulative": false
    },
    {
        "date": "2020-09-11T12:10:44Z",
        "value": "1.000174384",
        "cumulative": false
    },
    {
        "date": "2020-09-11T12:11:03Z",
        "value": "1.000224393",
        "cumulative": false
    },
    {
        "date": "2020-09-11T12:11:23Z",
        "value": "1.000180563",
        "cumulative": false
    },
    {
        "date": "2020-09-11T12:11:42Z",
        "value": "1.0001205",
        "cumulative": false
    },
    {
        "date": "2020-09-11T12:12:00Z",
        "value": "0.977311225",
        "cumulative": false
    }
]