[
    {
        "date": "2020-09-11T11:52:28Z",
        "value": "0.0009593963623046875",
        "cumulative": true
    },
    {
        "date": "2020-09-11T11:52:45Z",
        "value": "0.00823211669921875",
        "cumulative": true
    },
    {
        "date": "2020-09-11T11:52:58Z",
        "value": "2370.8921642303467",
        "cumulative": true
    },
    {
        "date": "2020-09-11T11:53:10Z",
        "value": "5432.420398712158",
        "cumulative": true
    },
    {
        "date": "2020-09-11T11:53:23Z",
        "value": "8864.652453422546",
        "cumulative": true
    },
    {
        "date": "2020-09-11T11:53:39Z",
        "value": "12768.182823181152",
        "cumulative": true
    },
    {
        "date": "2020-09-11T11:53:58Z",
        "value": "17744.928246498108",
        "cumulative": true
    },
    {
        "date": "2020-09-11T11:54:09Z",
        "value": "20675.500945091248",
        "cumulative": true
    },
    {
        "date": "2020-09-11T11:54:24Z",
        "value": "24198.41979789734",
        "cumulative": true
    },
    {
        "date": "2020-09-11T11:54:40Z",
        "value": "27683.311447143555",
        "cumulative": true
    },
    {
        "date": "2020-09-11T11:54:57Z",
        "value": "31429.97043609619",
        "cumulative": true
    },
    {
        "date": "2020-09-11T11:55:10Z",
        "value": "34071.92132472992",
        "cumulative": true
    },
    {
        "date": "2020-09-11T11:55:26Z",
        "value": "37801.62906551361",
        "cumulative": true
    },
    {
        "date": "2020-09-11T11:55:43Z",
        "value": "41585.933424949646",
        "cumulative": true
    },
    {
        "date": "2020-09-11T11:56:01Z",
        "value": "45875.96727371216",
        "cumulative": true
    },
    {
        "date": "2020-09-11T11:56:17Z",
        "value": "49722.438972473145",
        "cumulative": true
    },
    {
        "date": "2020-09-11T11:56:28Z",
        "value": "52647.64178276062",
        "cumulative": true
    },
    {
        "date": "2020-09-11T11:56:41Z",
        "value": "55949.81151485443",
        "cumulative": true
    },
    {
        "date": "2020-09-11T11:56:58Z",
        "value": "59948.996956825256",
        "cumulative": true
    },
    {
        "date": "2020-09-11T11:57:10Z",
        "value": "62728.0317697525",
        "cumulative": true
    },
    {
        "date": "2020-09-11T11:57:28Z",
        "value": "66795.13031864166",
        "cumulative": true
    },
    {
        "date": "2020-09-11T11:57:39Z",
        "value": "69585.34860229492",
        "cumulative": true
    },
    {
        "date": "2020-09-11T11:57:51Z",
        "value": "72420.05474662781",
        "cumulative": true
    },
    {
        "date": "2020-09-11T11:58:04Z",
        "value": "75328.31747627258",
        "cumulative": true
    },
    {
        "date": "2020-09-11T11:58:17Z",
        "value": "78424.65371513367",
        "cumulative": true
    },
    {
        "date": "2020-09-11T11:58:31Z",
        "value": "81740.57619285583",
        "cumulative": true
    },
    {
        "date": "2020-09-11T11:58:49Z",
        "value": "86035.25546073914",
        "cumulative": true
    },
    {
        "date": "2020-09-11T11:59:04Z",
        "value": "89608.3640165329",
        "cumulative": true
    },
    {
        "date": "2020-09-11T11:59:17Z",
        "value": "92684.85859012604",
        "cumulative": true
    },
    {
        "date": "2020-09-11T11:59:34Z",
        "value": "96456.96587467194",
        "cumulative": true
    },
    {
        "date": "2020-09-11T11:59:48Z",
        "value": "99751.85833454132",
        "cumulative": true
    },
    {
        "date": "2020-09-11T12:00:04Z",
        "value": "103620.72435855865",
        "cumulative": true
    },
    {
        "date": "2020-09-11T12:00:15Z",
        "value": "106246.24583148956",
        "cumulative": true
    },
    {
        "date": "2020-09-11T12:00:30Z",
        "value": "109888.969871521",
        "cumulative": true
    },
    {
        "date": "2020-09-11T12:00:42Z",
        "value": "112548.2862663269",
        "cumulative": true
    },
    {
        "date": "2020-09-11T12:00:53Z",
        "value": "115352.09592437744",
        "cumulative": true
    },
    {
        "date": "2020-09-11T12:01:06Z",
        "value": "118229.42187690735",
        "cumulative": true
    },
    {
        "date": "2020-09-11T12:01:18Z",
        "value": "120837.45504188538",
        "cumulative": true
    },
    {
        "date": "2020-09-11T12:01:30Z",
        "value": "123970.81803131104",
        "cumulative": true
    },
    {
        "date": "2020-09-11T12:01:42Z",
        "value": "126596.26735687256",
        "cumulative": true
    },
    {
        "date": "2020-09-11T12:01:59Z",
        "value": "130558.50994682312",
        "cumulative": true
    },
    {
        "date": "2020-09-11T12:02:10Z",
        "value": "133216.0373363495",
        "cumulative": true
    },
    {
        "date": "2020-09-11T12:02:29Z",
        "value": "137567.56999969482",
        "cumulative": true
    },
    {
        "date": "2020-09-11T12:02:48Z",
        "value": "142397.3913640976",
        "cumulative": true
    },
    {
        "date": "2020-09-11T12:03:03Z",
        "value": "146023.657412529",
        "cumulative": true
    },
    {
        "date": "2020-09-11T12:03:21Z",
        "value": "150197.7481546402",
        "cumulative": true
    },
    {
        "date": "2020-09-11T12:03:40Z",
        "value": "155081.77258777618",
        "cumulative": true
    },
    {
        "date": "2020-09-11T12:03:52Z",
        "value": "157982.06885242462",
        "cumulative": true
    },
    {
        "date": "2020-09-11T12:04:07Z",
        "value": "161608.1595067978",
        "cumulative": true
    },
    {
        "date": "2020-09-11T12:04:22Z",
        "value": "165087.14277553558",
        "cumulative": true
    },
    {
        "date": "2020-09-11T12:04:35Z",
        "value": "168120.76034641266",
        "cumulative": true
    },
    {
        "date": "2020-09-11T12:04:48Z",
        "value": "171021.69958400726",
        "cumulative": true
    },
    {
        "date": "2020-09-11T12:05:06Z",
        "value": "175590.5050201416",
        "cumulative": true
    },
    {
        "date": "2020-09-11T12:05:21Z",
        "value": "179184.26872253418",
        "cumulative": true
    },
    {
        "date": "2020-09-11T12:05:32Z",
        "value": "181602.7894153595",
        "cumulative": true
    },
    {
        "date": "2020-09-11T12:05:45Z",
        "value": "185095.04041671753",
        "cumulative": true
    },
    {
        "date": "2020-09-11T12:06:03Z",
        "value": "189374.73988723755",
        "cumulative": true
    },
    {
        "date": "2020-09-11T12:06:21Z",
        "value": "193942.40813446045",
        "cumulative": true
    },
    {
        "date": "2020-09-11T12:06:39Z",
        "value": "198058.11510276794",
        "cumulative": true
    },
    {
        "date": "2020-09-11T12:06:49Z",
        "value": "200803.63415527344",
        "cumulative": true
    },
    {
        "date": "2020-09-11T12:07:00Z",
        "value": "203115.95395851135",
        "cumulative": true
    },
    {
        "date": "2020-09-11T12:07:16Z",
        "value": "207211.2712726593",
        "cumulative": true
    },
    {
        "date": "2020-09-11T12:07:31Z",
        "value": "210678.89315795898",
        "cumulative": true
    },
    {
        "date": "2020-09-11T12:07:48Z",
        "value": "215000.9718723297",
        "cumulative": true
    },
    {
        "date": "2020-09-11T12:07:58Z",
        "value": "217445.50993728638",
        "cumulative": true
    },
    {
        "date": "2020-09-11T12:08:11Z",
        "value": "220607.25948619843",
        "cumulative": true
    },
    {
        "date": "2020-09-11T12:08:28Z",
        "value": "224711.26487064362",
        "cumulative": true
    },
    {
        "date": "2020-09-11T12:08:45Z",
        "value": "228852.42973804474",
        "cumulative": true
    },
    {
        "date": "2020-09-11T12:08:56Z",
        "value": "231575.68427562714",
        "cumulative": true
    },
    {
        "date": "2020-09-11T12:09:16Z",
        "value": "236510.80970287323",
        "cumulative": true
    },
    {
        "date": "2020-09-11T12:09:26Z",
        "value": "238981.97489452362",
        "cumulative": true
    },
    {
        "date": "2020-09-11T12:09:45Z",
        "value": "243697.5404958725",
        "cumulative": true
    },
    {
        "date": "2020-09-11T12:10:03Z",
        "value": "248311.61495113373",
        "cumulative": true
    },
    {
        "date": "2020-09-11T12:10:22Z",
        "value": "252929.49185848236",
        "cumulative": true
    },
    {
        "date": "2020-09-11T12:10:38Z",
        "value": "256962.43826389313",
        "cumulative": true
    },
    {
        "date": "2020-09-11T12:10:53Z",
        "value": "260618.93909549713",
        "cumulative": true
    },
    {
        "date": "2020-09-11T12:11:07Z",
        "value": "264417.24831295013",
        "cumulative": true
    },
    {
        "date": "2020-09-11T12:11:23Z",
        "value": "268513.05760478973",
        "cumulative": true
    },
    {
        "date": "2020-09-11T12:11:35Z",
        "value": "271400.8130350113",
        "cumulative": true
    },
    {
        "date": "2020-09-11T12:11:46Z",
        "value": "274285.5811300278",
        "cumulative": true
    },
    {
        "date": "2020-09-11T12:12:00Z",
        "value": "277756.7608499527",
        "cumulative": true
    }
]