[
    {
        "date": "2020-09-11T11:52:28Z",
        "value": "4.00543212890625e-05",
        "cumulative": true
    },
    {
        "date": "2020-09-11T11:52:45Z",
        "value": "0.005100250244140625",
        "cumulative": true
    },
    {
        "date": "2020-09-11T11:52:58Z",
        "value": "2370.0346641540527",
        "cumulative": true
    },
    {
        "date": "2020-09-11T11:53:10Z",
        "value": "5428.968858718872",
        "cumulative": true
    },
    {
        "date": "2020-09-11T11:53:23Z",
        "value": "8862.283716201782",
        "cumulative": true
    },
    {
        "date": "2020-09-11T11:53:39Z",
        "value": "12765.539818763733",
        "cumulative": true
    },
    {
        "date": "2020-09-11T11:53:58Z",
        "value": "17749.978615760803",
        "cumulative": true
    },
    {
        "date": "2020-09-11T11:54:09Z",
        "value": "20691.648621559143",
        "cumulative": true
    },
    {
        "date": "2020-09-11T11:54:24Z",
        "value": "24221.388984680176",
        "cumulative": true
    },
    {
        "date": "2020-09-11T11:54:40Z",
        "value": "27715.675318717957",
        "cumulative": true
    },
    {
        "date": "2020-09-11T11:54:57Z",
        "value": "31488.41624736786",
        "cumulative": true
    },
    {
        "date": "2020-09-11T11:55:10Z",
        "value": "34133.57680892944",
        "cumulative": true
    },
    {
        "date": "2020-09-11T11:55:26Z",
        "value": "37872.57475280762",
        "cumulative": true
    },
    {
        "date": "2020-09-11T11:55:43Z",
        "value": "41675.42456245422",
        "cumulative": true
    },
    {
        "date": "2020-09-11T11:56:01Z",
        "value": "45964.390040397644",
        "cumulative": true
    },
    {
        "date": "2020-09-11T11:56:17Z",
        "value": "49807.94654750824",
        "cumulative": true
    },
    {
        "date": "2020-09-11T11:56:28Z",
        "value": "52746.01796627045",
        "cumulative": true
    },
    {
        "date": "2020-09-11T11:56:41Z",
        "value": "56041.02363586426",
        "cumulative": true
    },
    {
        "date": "2020-09-11T11:56:58Z",
        "value": "60048.53490638733",
        "cumulative": true
    },
    {
        "date": "2020-09-11T11:57:10Z",
        "value": "62842.53942680359",
        "cumulative": true
    },
    {
        "date": "2020-09-11T11:57:28Z",
        "value": "66924.32915687561",
        "cumulative": true
    },
    {
        "date": "2020-09-11T11:57:39Z",
        "value": "69726.31985759735",
        "cumulative": true
    },
    {
        "date": "2020-09-11T11:57:51Z",
        "value": "72556.41361904144",
        "cumulative": true
    },
    {
        "date": "2020-09-11T11:58:04Z",
        "value": "75459.70567035675",
        "cumulative": true
    },
    {
        "date": "2020-09-11T11:58:17Z",
        "value": "78585.96587276459",
        "cumulative": true
    },
    {
        "date": "2020-09-11T11:58:31Z",
        "value": "81909.44106197357",
        "cumulative": true
    },
    {
        "date": "2020-09-11T11:58:49Z",
        "value": "86216.75058841705",
        "cumulative": true
    },
    {
        "date": "2020-09-11T11:59:04Z",
        "value": "89793.77581596375",
        "cumulative": true
    },
    {
        "date": "2020-09-11T11:59:17Z",
        "value": "92880.94623565674",
        "cumulative": true
    },
    {
        "date": "2020-09-11T11:59:34Z",
        "value": "96666.03809738159",
        "cumulative": true
    },
    {
        "date": "2020-09-11T11:59:48Z",
        "value": "99973.29161834717",
        "cumulative": true
    },
    {
        "date": "2020-09-11T12:00:04Z",
        "value": "103851.13548088074",
        "cumulative": true
    },
    {
        "date": "2020-09-11T12:00:15Z",
        "value": "106484.83298683167",
        "cumulative": true
    },
    {
        "date": "2020-09-11T12:00:30Z",
        "value": "110142.59974765778",
        "cumulative": true
    },
    {
        "date": "2020-09-11T12:00:42Z",
        "value": "112807.3092660904",
        "cumulative": true
    },
    {
        "date": "2020-09-11T12:00:53Z",
        "value": "115622.29478549957",
        "cumulative": true
    },
    {
        "date": "2020-09-11T12:01:06Z",
        "value": "118513.67227840424",
        "cumulative": true
    },
    {
        "date": "2020-09-11T12:01:18Z",
        "value": "121129.07392215729",
        "cumulative": true
    },
    {
        "date": "2020-09-11T12:01:30Z",
        "value": "124268.92823314667",
        "cumulative": true
    },
    {
        "date": "2020-09-11T12:01:42Z",
        "value": "126909.0791387558",
        "cumulative": true
    },
    {
        "date": "2020-09-11T12:01:59Z",
        "value": "130865.32831859589",
        "cumulative": true
    },
    {
        "date": "2020-09-11T12:02:10Z",
        "value": "133564.28893756866",
        "cumulative": true
    },
    {
        "date": "2020-09-11T12:02:29Z",
        "value": "137934.19076633453",
        "cumulative": true
    },
    {
        "date": "2020-09-11T12:02:48Z",
        "value": "142778.0404071808",
        "cumulative": true
    },
    {
        "date": "2020-09-11T12:03:03Z",
        "value": "146413.5163078308",
        "cumulative": true
    },
    {
        "date": "2020-09-11T12:03:21Z",
        "value": "150600.12014961243",
        "cumulative": true
    },
    {
        "date": "2020-09-11T12:03:40Z",
        "value": "155514.87066459656",
        "cumulative": true
    },
    {
        "date": "2020-09-11T12:03:52Z",
        "value": "158424.0756034851",
        "cumulative": true
    },
    {
        "date": "2020-09-11T12:04:07Z",
        "value": "162058.90242767334",
        "cumulative": true
    },
    {
        "date": "2020-09-11T12:04:22Z",
        "value": "165547.32797813416",
        "cumulative": true
    },
    {
        "date": "2020-09-11T12:04:35Z",
        "value": "168611.87721061707",
        "cumulative": true
    },
    {
        "date": "2020-09-11T12:04:48Z",
        "value": "171523.96506500244",
        "cumulative": true
    },
    {
        "date": "2020-09-11T12:05:06Z",
        "value": "176104.0557088852",
        "cumulative": true
    },
    {
        "date": "2020-09-11T12:05:21Z",
        "value": "179722.4104528427",
        "cumulative": true
    },
    {
        "date": "2020-09-11T12:05:32Z",
        "value": "182148.28829097748",
        "cumulative": true
    },
    {
        "date": "2020-09-11T12:05:45Z",
        "value": "185647.80858516693",
        "cumulative": true
    },
    {
        "date": "2020-09-11T12:06:03Z",
        "value": "189950.23765659332",
        "cumulative": true
    },
    {
        "date": "2020-09-11T12:06:21Z",
        "value": "194491.71023464203",
        "cumulative": true
    },
    {
        "date": "2020-09-11T12:06:39Z",
        "value": "198655.45309734344",
        "cumulative": true
    },
    {
        "date": "2020-09-11T12:06:49Z",
        "value": "201406.40903377533",
        "cumulative": true
    },
    {
        "date": "2020-09-11T12:07:00Z",
        "value": "203716.88243198395",
        "cumulative": true
    },
    {
        "date": "2020-09-11T12:07:16Z",
        "value": "207827.4609670639",
        "cumulative": true
    },
    {
        "date": "2020-09-11T12:07:31Z",
        "value": "211294.67536830902",
        "cumulative": true
    },
    {
        "date": "2020-09-11T12:07:48Z",
        "value": "215634.03765392303",
        "cumulative": true
    },
    {
        "date": "2020-09-11T12:07:58Z",
        "value": "218086.19710826874",
        "cumulative": true
    },
    {
        "date": "2020-09-11T12:08:11Z",
        "value": "221266.75559806824",
        "cumulative": true
    },
    {
        "date": "2020-09-11T12:08:28Z",
        "value": "225388.3480014801",
        "cumulative": true
    },
    {
        "date": "2020-09-11T12:08:45Z",
        "value": "229533.21637916565",
        "cumulative": true
    },
    {
        "date": "2020-09-11T12:08:56Z",
        "value": "232265.90586090088",
        "cumulative": true
    },
    {
        "date": "2020-09-11T12:09:16Z",
        "value": "237211.9930305481",
        "cumulative": true
    },
    {
        "date": "2020-09-11T12:09:26Z",
        "value": "239677.62812423706",
        "cumulative": true
    },
    {
        "date": "2020-09-11T12:09:45Z",
        "value": "244412.5125465393",
        "cumulative": true
    },
    {
        "date": "2020-09-11T12:10:03Z",
        "value": "249038.71079826355",
        "cumulative": true
    },
    {
        "date": "2020-09-11T12:10:22Z",
        "value": "253678.87845230103",
        "cumulative": true
    },
    {
        "date": "2020-09-11T12:10:38Z",
        "value": "257738.31526374817",
        "cumulative": true
    },
    {
        "date": "2020-09-11T12:10:53Z",
        "value": "261423.57145118713",
        "cumulative": true
    },
    {
        "date": "2020-09-11T12:11:07Z",
        "value": "265215.19675445557",
        "cumulative": true
    },
    {
        "date": "2020-09-11T12:11:23Z",
        "value": "269342.8584957123",
        "cumulative": true
    },
    {
        "date": "2020-09-11T12:11:35Z",
        "value": "272235.88893699646",
        "cumulative": true
    },
    {
        "date": "2020-09-11T12:11:46Z",
        "value": "275128.3057422638",
        "cumulative": true
    },
    {
        "date": "2020-09-11T12:12:00Z",
        "value": "278607.6572256088",
        "cumulative": true
    }
]