[
    {
        "date": "2020-09-11T11:52:42Z",
        "value": "1.8046875",
        "cumulative": false
    },
    {
        "date": "2020-09-11T11:52:54Z",
        "value": "1072.3671875",
        "cumulative": false
    },
    {
        "date": "2020-09-11T11:53:06Z",
        "value": "1084.23828125",
        "cumulative": false
    },
    {
        "date": "2020-09-11T11:53:22Z",
        "value": "1099.1015625",
        "cumulative": false
    },
    {
        "date": "2020-09-11T11:53:33Z",
        "value": "1106.64453125",
        "cumulative": false
    },
    {
        "date": "2020-09-11T11:53:50Z",
        "value": "1116.42578125",
        "cumulative": false
    },
    {
        "date": "2020-09-11T11:54:08Z",
        "value": "1128.81640625",
        "cumulative": false
    },
    {
        "date": "2020-09-11T11:54:19Z",
        "value": "1166.15625",
        "cumulative": false
    },
    {
        "date": "2020-09-11T11:54:32Z",
        "value": "1152.55859375",
        "cumulative": false
    },
    {
        "date": "2020-09-11T11:54:49Z",
        "value": "1175.6953125",
        "cumulative": false
    },
    {
        "date": "2020-09-11T11:55:08Z",
        "value": "1175.6953125",
        "cumulative": false
    },
    {
        "date": "2020-09-11T11:55:21Z",
        "value": "1163.26171875",
        "cumulative": false
    },
    {
        "date": "2020-09-11T11:55:37Z",
        "value": "1188.1875",
        "cumulative": false
    },
    {
        "date": "2020-09-11T11:55:51Z",
        "value": "1203.59375",
        "cumulative": false
    },
    {
        "date": "2020-09-11T11:56:03Z",
        "value": "1196.3671875",
        "cumulative": false
    },
    {
        "date": "2020-09-11T11:56:14Z",
        "value": "1163.71875",
        "cumulative": false
    },
    {
        "date": "2020-09-11T11:56:25Z",
        "value": "1203.6640625",
        "cumulative": false
    },
    {
        "date": "2020-09-11T11:56:37Z",
        "value": "1223.22265625",
        "cumulative": false
    },
    {
        "date": "2020-09-11T11:56:52Z",
        "value": "1175.0",
        "cumulative": false
    },
    {
        "date": "2020-09-11T11:57:11Z",
        "value": "1172.75",
        "cumulative": false
    },
    {
        "date": "2020-09-11T11:57:29Z",
        "value": "1184.38671875",
        "cumulative": false
    },
    {
        "date": "2020-09-11T11:57:45Z",
        "value": "1247.953125",
        "cumulative": false
    },
    {
        "date": "2020-09-11T11:57:59Z",
        "value": "1247.953125",
        "cumulative": false
    },
    {
        "date": "2020-09-11T11:58:10Z",
        "value": "1176.46484375",
        "cumulative": false
    },
    {
        "date": "2020-09-11T11:58:21Z",
        "value": "1247.94921875",
        "cumulative": false
    },
    {
        "date": "2020-09-11T11:58:39Z",
        "value": "1247.95703125",
        "cumulative": false
    },
    {
        "date": "2020-09-11T11:58:57Z",
        "value": "1279.41796875",
        "cumulative": false
    },
    {
        "date": "2020-09-11T11:59:10Z",
        "value": "1279.23046875",
        "cumulative": false
    },
    {
        "date": "2020-09-11T11:59:30Z",
        "value": "1279.41796875",
        "cumulative": false
    },
    {
        "date": "2020-09-11T11:59:44Z",
        "value": "1279.29296875",
        "cumulative": false
    },
    {
        "date": "2020-09-11T11:59:58Z",
        "value": "1253.57421875",
        "cumulative": false
    },
    {
        "date": "2020-09-11T12:00:10Z",
        "value": "1279.41796875",
        "cumulative": false
    },
    {
        "date": "2020-09-11T12:00:25Z",
        "value": "1279.32421875",
        "cumulative": false
    },
    {
        "date": "2020-09-11T12:00:40Z",
        "value": "1154.3125",
        "cumulative": false
    },
    {
        "date": "2020-09-11T12:00:56Z",
        "value": "1318.83203125",
        "cumulative": false
    },
    {
        "date": "2020-09-11T12:01:13Z",
        "value": "1213.95703125",
        "cumulative": false
    },
    {
        "date": "2020-09-11T12:01:33Z",
        "value": "1183.4375",
        "cumulative": false
    },
    {
        "date": "2020-09-11T12:01:44Z",
        "value": "1315.36328125",
        "cumulative": false
    },
    {
        "date": "2020-09-11T12:01:59Z",
        "value": "1166.8125",
        "cumulative": false
    },
    {
        "date": "2020-09-11T12:02:15Z",
        "value": "1318.9375",
        "cumulative": false
    },
    {
        "date": "2020-09-11T12:02:26Z",
        "value": "1318.83203125",
        "cumulative": false
    },
    {
        "date": "2020-09-11T12:02:40Z",
        "value": "1340.33203125",
        "cumulative": false
    },
    {
        "date": "2020-09-11T12:02:59Z",
        "value": "1243.421875",
        "cumulative": false
    },
    {
        "date": "2020-09-11T12:03:19Z",
        "value": "1368.6953125",
        "cumulative": false
    },
    {
        "date": "2020-09-11T12:03:37Z",
        "value": "1161.9453125",
        "cumulative": false
    },
    {
        "date": "2020-09-11T12:03:51Z",
        "value": "1253.1953125",
        "cumulative": false
    },
    {
        "date": "2020-09-11T12:04:06Z",
        "value": "1368.8203125",
        "cumulative": false
    },
    {
        "date": "2020-09-11T12:04:19Z",
        "value": "1170.55859375",
        "cumulative": false
    },
    {
        "date": "2020-09-11T12:04:36Z",
        "value": "1368.70703125",
        "cumulative": false
    },
    {
        "date": "2020-09-11T12:04:50Z",
        "value": "1363.4453125",
        "cumulative": false
    },
    {
        "date": "2020-09-11T12:05:01Z",
        "value": "1305.83984375",
        "cumulative": false
    },
    {
        "date": "2020-09-11T12:05:13Z",
        "value": "1184.5234375",
        "cumulative": false
    },
    {
        "date": "2020-09-11T12:05:28Z",
        "value": "1431.58203125",
        "cumulative": false
    },
    {
        "date": "2020-09-11T12:05:47Z",
        "value": "1431.55859375",
        "cumulative": false
    },
    {
        "date": "2020-09-11T12:06:04Z",
        "value": "1431.55859375",
        "cumulative": false
    },
    {
        "date": "2020-09-11T12:06:21Z",
        "value": "1431.58203125",
        "cumulative": false
    },
    {
        "date": "2020-09-11T12:06:40Z",
        "value": "1143.58203125",
        "cumulative": false
    },
    {
        "date": "2020-09-11T12:06:58Z",
        "value": "1431.58203125",
        "cumulative": false
    },
    {
        "date": "2020-09-11T12:07:14Z",
        "value": "1431.55859375",
        "cumulative": false
    },
    {
        "date": "2020-09-11T12:07:24Z",
        "value": "1355.55859375",
        "cumulative": false
    },
    {
        "date": "2020-09-11T12:07:44Z",
        "value": "1431.55859375",
        "cumulative": false
    },
    {
        "date": "2020-09-11T12:07:55Z",
        "value": "1431.58203125",
        "cumulative": false
    },
    {
        "date": "2020-09-11T12:08:12Z",
        "value": "1511.08203125",
        "cumulative": false
    },
    {
        "date": "2020-09-11T12:08:22Z",
        "value": "1511.01171875",
        "cumulative": false
    },
    {
        "date": "2020-09-11T12:08:39Z",
        "value": "1209.13671875",
        "cumulative": false
    },
    {
        "date": "2020-09-11T12:08:57Z",
        "value": "1511.01171875",
        "cumulative": false
    },
    {
        "date": "2020-09-11T12:09:11Z",
        "value": "1511.01171875",
        "cumulative": false
    },
    {
        "date": "2020-09-11T12:09:23Z",
        "value": "1511.01171875",
        "cumulative": false
    },
    {
        "date": "2020-09-11T12:09:38Z",
        "value": "1511.01171875",
        "cumulative": false
    },
    {
        "date": "2020-09-11T12:09:52Z",
        "value": "1373.26171875",
        "cumulative": false
    },
    {
        "date": "2020-09-11T12:10:06Z",
        "value": "1437.26171875",
        "cumulative": false
    },
    {
        "date": "2020-09-11T12:10:18Z",
        "value": "1205.04296875",
        "cumulative": false
    },
    {
        "date": "2020-09-11T12:10:37Z",
        "value": "1511.01171875",
        "cumulative": false
    },
    {
        "date": "2020-09-11T12:10:52Z",
        "value": "1456.63671875",
        "cumulative": false
    },
    {
        "date": "2020-09-11T12:11:10Z",
        "value": "1208.79296875",
        "cumulative": false
    },
    {
        "date": "2020-09-11T12:11:28Z",
        "value": "1511.01171875",
        "cumulative": false
    },
    {
        "date": "2020-09-11T12:11:47Z",
        "value": "1511.01171875",
        "cumulative": false
    },
    {
        "date": "2020-09-11T12:11:59Z",
        "value": "1511.0234375",
        "cumulative": false
    }
]