[
    {
        "date": "2020-09-11T11:52:27Z",
        "value": "4.00543212890625e-05",
        "cumulative": true
    },
    {
        "date": "2020-09-11T11:52:49Z",
        "value": "42.7785587310791",
        "cumulative": true
    },
    {
        "date": "2020-09-11T11:53:08Z",
        "value": "4922.157619476318",
        "cumulative": true
    },
    {
        "date": "2020-09-11T11:53:27Z",
        "value": "9768.679782867432",
        "cumulative": true
    },
    {
        "date": "2020-09-11T11:53:40Z",
        "value": "13088.003176689148",
        "cumulative": true
    },
    {
        "date": "2020-09-11T11:53:53Z",
        "value": "16463.77268218994",
        "cumulative": true
    },
    {
        "date": "2020-09-11T11:54:05Z",
        "value": "19442.363083839417",
        "cumulative": true
    },
    {
        "date": "2020-09-11T11:54:22Z",
        "value": "23490.72477912903",
        "cumulative": true
    },
    {
        "date": "2020-09-11T11:54:32Z",
        "value": "25696.06357383728",
        "cumulative": true
    },
    {
        "date": "2020-09-11T11:54:46Z",
        "value": "28958.117777824402",
        "cumulative": true
    },
    {
        "date": "2020-09-11T11:55:00Z",
        "value": "31922.100277900696",
        "cumulative": true
    },
    {
        "date": "2020-09-11T11:55:13Z",
        "value": "34823.71857833862",
        "cumulative": true
    },
    {
        "date": "2020-09-11T11:55:26Z",
        "value": "37706.804470062256",
        "cumulative": true
    },
    {
        "date": "2020-09-11T11:55:44Z",
        "value": "41839.96979141235",
        "cumulative": true
    },
    {
        "date": "2020-09-11T11:56:01Z",
        "value": "45860.415558815",
        "cumulative": true
    },
    {
        "date": "2020-09-11T11:56:16Z",
        "value": "49454.51877117157",
        "cumulative": true
    },
    {
        "date": "2020-09-11T11:56:28Z",
        "value": "52589.76934719086",
        "cumulative": true
    },
    {
        "date": "2020-09-11T11:56:40Z",
        "value": "55465.71578979492",
        "cumulative": true
    },
    {
        "date": "2020-09-11T11:56:58Z",
        "value": "59716.179386138916",
        "cumulative": true
    },
    {
        "date": "2020-09-11T11:57:15Z",
        "value": "63541.88962364197",
        "cumulative": true
    },
    {
        "date": "2020-09-11T11:57:33Z",
        "value": "67774.5726070404",
        "cumulative": true
    },
    {
        "date": "2020-09-11T11:57:46Z",
        "value": "70900.18192577362",
        "cumulative": true
    },
    {
        "date": "2020-09-11T11:58:00Z",
        "value": "74119.66261196136",
        "cumulative": true
    },
    {
        "date": "2020-09-11T11:58:17Z",
        "value": "78055.07442378998",
        "cumulative": true
    },
    {
        "date": "2020-09-11T11:58:29Z",
        "value": "80932.6640996933",
        "cumulative": true
    },
    {
        "date": "2020-09-11T11:58:49Z",
        "value": "85579.06774234772",
        "cumulative": true
    },
    {
        "date": "2020-09-11T11:59:01Z",
        "value": "88512.28849029541",
        "cumulative": true
    },
    {
        "date": "2020-09-11T11:59:17Z",
        "value": "92050.27661132812",
        "cumulative": true
    },
    {
        "date": "2020-09-11T11:59:35Z",
        "value": "96371.70574760437",
        "cumulative": true
    },
    {
        "date": "2020-09-11T11:59:47Z",
        "value": "99329.02416419983",
        "cumulative": true
    },
    {
        "date": "2020-09-11T12:00:06Z",
        "value": "103634.70183372498",
        "cumulative": true
    },
    {
        "date": "2020-09-11T12:00:22Z",
        "value": "107473.00665855408",
        "cumulative": true
    },
    {
        "date": "2020-09-11T12:00:36Z",
        "value": "110699.92540836334",
        "cumulative": true
    },
    {
        "date": "2020-09-11T12:00:53Z",
        "value": "114801.25192165375",
        "cumulative": true
    },
    {
        "date": "2020-09-11T12:01:04Z",
        "value": "117194.99761486053",
        "cumulative": true
    },
    {
        "date": "2020-09-11T12:01:24Z",
        "value": "121934.4307718277",
        "cumulative": true
    },
    {
        "date": "2020-09-11T12:01:40Z",
        "value": "125531.46505260468",
        "cumulative": true
    },
    {
        "date": "2020-09-11T12:01:53Z",
        "value": "128547.35403347015",
        "cumulative": true
    },
    {
        "date": "2020-09-11T12:02:05Z",
        "value": "131398.2459859848",
        "cumulative": true
    },
    {
        "date": "2020-09-11T12:02:20Z",
        "value": "135117.58571529388",
        "cumulative": true
    },
    {
        "date": "2020-09-11T12:02:37Z",
        "value": "138974.88489341736",
        "cumulative": true
    },
    {
        "date": "2020-09-11T12:02:55Z",
        "value": "143487.99944877625",
        "cumulative": true
    },
    {
        "date": "2020-09-11T12:03:06Z",
        "value": "146010.95194625854",
        "cumulative": true
    },
    {
        "date": "2020-09-11T12:03:26Z",
        "value": "150844.95001792908",
        "cumulative": true
    },
    {
        "date": "2020-09-11T12:03:42Z",
        "value": "154831.07351112366",
        "cumulative": true
    },
    {
        "date": "2020-09-11T12:03:56Z",
        "value": "158096.23052978516",
        "cumulative": true
    },
    {
        "date": "2020-09-11T12:04:06Z",
        "value": "160819.4549369812",
        "cumulative": true
    },
    {
        "date": "2020-09-11T12:04:19Z",
        "value": "163867.03205871582",
        "cumulative": true
    },
    {
        "date": "2020-09-11T12:04:36Z",
        "value": "167686.74440956116",
        "cumulative": true
    },
    {
        "date": "2020-09-11T12:04:54Z",
        "value": "172087.40720367432",
        "cumulative": true
    },
    {
        "date": "2020-09-11T12:05:10Z",
        "value": "175863.96962833405",
        "cumulative": true
    },
    {
        "date": "2020-09-11T12:05:21Z",
        "value": "178589.21430301666",
        "cumulative": true
    },
    {
        "date": "2020-09-11T12:05:37Z",
        "value": "182270.9633512497",
        "cumulative": true
    },
    {
        "date": "2020-09-11T12:05:49Z",
        "value": "185065.7958498001",
        "cumulative": true
    },
    {
        "date": "2020-09-11T12:05:59Z",
        "value": "187738.6098470688",
        "cumulative": true
    },
    {
        "date": "2020-09-11T12:06:17Z",
        "value": "192138.38100719452",
        "cumulative": true
    },
    {
        "date": "2020-09-11T12:06:30Z",
        "value": "195085.35345363617",
        "cumulative": true
    },
    {
        "date": "2020-09-11T12:06:47Z",
        "value": "199128.70533657074",
        "cumulative": true
    },
    {
        "date": "2020-09-11T12:07:06Z",
        "value": "203667.02098941803",
        "cumulative": true
    },
    {
        "date": "2020-09-11T12:07:22Z",
        "value": "207743.02183246613",
        "cumulative": true
    },
    {
        "date": "2020-09-11T12:07:35Z",
        "value": "210834.79054927826",
        "cumulative": true
    },
    {
        "date": "2020-09-11T12:07:53Z",
        "value": "215472.24649906158",
        "cumulative": true
    },
    {
        "date": "2020-09-11T12:08:09Z",
        "value": "219106.99920463562",
        "cumulative": true
    },
    {
        "date": "2020-09-11T12:08:22Z",
        "value": "222524.67743492126",
        "cumulative": true
    },
    {
        "date": "2020-09-11T12:08:39Z",
        "value": "226569.70451545715",
        "cumulative": true
    },
    {
        "date": "2020-09-11T12:08:54Z",
        "value": "230012.26909828186",
        "cumulative": true
    },
    {
        "date": "2020-09-11T12:09:04Z",
        "value": "232785.78881263733",
        "cumulative": true
    },
    {
        "date": "2020-09-11T12:09:22Z",
        "value": "236897.8046169281",
        "cumulative": true
    },
    {
        "date": "2020-09-11T12:09:41Z",
        "value": "241488.90732383728",
        "cumulative": true
    },
    {
        "date": "2020-09-11T12:09:56Z",
        "value": "245476.92532348633",
        "cumulative": true
    },
    {
        "date": "2020-09-11T12:10:15Z",
        "value": "250120.4222126007",
        "cumulative": true
    },
    {
        "date": "2020-09-11T12:10:27Z",
        "value": "253001.67022514343",
        "cumulative": true
    },
    {
        "date": "2020-09-11T12:10:42Z",
        "value": "257038.3938999176",
        "cumulative": true
    },
    {
        "date": "2020-09-11T12:11:01Z",
        "value": "261658.12698173523",
        "cumulative": true
    },
    {
        "date": "2020-09-11T12:11:14Z",
        "value": "265130.4263458252",
        "cumulative": true
    },
    {
        "date": "2020-09-11T12:11:25Z",
        "value": "267996.0822715759",
        "cumulative": true
    },
    {
        "date": "2020-09-11T12:11:43Z",
        "value": "272633.905002594",
        "cumulative": true
    },
    {
        "date": "2020-09-11T12:11:53Z",
        "value": "274944.22059059143",
        "cumulative": true
    },
    {
        "date": "2020-09-11T12:12:05Z",
        "value": "276674.3049707413",
        "cumulative": true
    }
]