[
    {
        "date": "2020-09-11T11:52:21Z",
        "value": "0.0009593963623046875",
        "cumulative": true
    },
    {
        "date": "2020-09-11T11:52:48Z",
        "value": "0.017099380493164062",
        "cumulative": true
    },
    {
        "date": "2020-09-11T11:53:05Z",
        "value": "4225.422646522522",
        "cumulative": true
    },
    {
        "date": "2020-09-11T11:53:18Z",
        "value": "7650.214699745178",
        "cumulative": true
    },
    {
        "date": "2020-09-11T11:53:34Z",
        "value": "11477.25175857544",
        "cumulative": true
    },
    {
        "date": "2020-09-11T11:53:48Z",
        "value": "15026.055333137512",
        "cumulative": true
    },
    {
        "date": "2020-09-11T11:54:07Z",
        "value": "20074.348825454712",
        "cumulative": true
    },
    {
        "date": "2020-09-11T11:54:20Z",
        "value": "23211.21793460846",
        "cumulative": true
    },
    {
        "date": "2020-09-11T11:54:34Z",
        "value": "26229.190272331238",
        "cumulative": true
    },
    {
        "date": "2020-09-11T11:54:52Z",
        "value": "30222.595558166504",
        "cumulative": true
    },
    {
        "date": "2020-09-11T11:55:08Z",
        "value": "33761.23002243042",
        "cumulative": true
    },
    {
        "date": "2020-09-11T11:55:21Z",
        "value": "36586.32738113403",
        "cumulative": true
    },
    {
        "date": "2020-09-11T11:55:36Z",
        "value": "39894.208671569824",
        "cumulative": true
    },
    {
        "date": "2020-09-11T11:55:55Z",
        "value": "44423.173641204834",
        "cumulative": true
    },
    {
        "date": "2020-09-11T11:56:12Z",
        "value": "48326.14681816101",
        "cumulative": true
    },
    {
        "date": "2020-09-11T11:56:29Z",
        "value": "52811.008699417114",
        "cumulative": true
    },
    {
        "date": "2020-09-11T11:56:46Z",
        "value": "56853.8362531662",
        "cumulative": true
    },
    {
        "date": "2020-09-11T11:57:01Z",
        "value": "60277.268372535706",
        "cumulative": true
    },
    {
        "date": "2020-09-11T11:57:17Z",
        "value": "63818.264466285706",
        "cumulative": true
    },
    {
        "date": "2020-09-11T11:57:29Z",
        "value": "66651.82157421112",
        "cumulative": true
    },
    {
        "date": "2020-09-11T11:57:41Z",
        "value": "69819.20034122467",
        "cumulative": true
    },
    {
        "date": "2020-09-11T11:57:59Z",
        "value": "73752.7937631607",
        "cumulative": true
    },
    {
        "date": "2020-09-11T11:58:10Z",
        "value": "76435.73178195953",
        "cumulative": true
    },
    {
        "date": "2020-09-11T11:58:26Z",
        "value": "80197.1020898819",
        "cumulative": true
    },
    {
        "date": "2020-09-11T11:58:36Z",
        "value": "82545.02552127838",
        "cumulative": true
    },
    {
        "date": "2020-09-11T11:58:55Z",
        "value": "87088.65769958496",
        "cumulative": true
    },
    {
        "date": "2020-09-11T11:59:13Z",
        "value": "91320.54863929749",
        "cumulative": true
    },
    {
        "date": "2020-09-11T11:59:29Z",
        "value": "94971.83899497986",
        "cumulative": true
    },
    {
        "date": "2020-09-11T11:59:44Z",
        "value": "98416.5991153717",
        "cumulative": true
    },
    {
        "date": "2020-09-11T12:00:04Z",
        "value": "103172.5979423523",
        "cumulative": true
    },
    {
        "date": "2020-09-11T12:00:18Z",
        "value": "106558.80923843384",
        "cumulative": true
    },
    {
        "date": "2020-09-11T12:00:29Z",
        "value": "109194.86386203766",
        "cumulative": true
    },
    {
        "date": "2020-09-11T12:00:49Z",
        "value": "113756.41282176971",
        "cumulative": true
    },
    {
        "date": "2020-09-11T12:01:08Z",
        "value": "118037.80882549286",
        "cumulative": true
    },
    {
        "date": "2020-09-11T12:01:24Z",
        "value": "121944.73028850555",
        "cumulative": true
    },
    {
        "date": "2020-09-11T12:01:40Z",
        "value": "125581.63016605377",
        "cumulative": true
    },
    {
        "date": "2020-09-11T12:01:52Z",
        "value": "128352.25571918488",
        "cumulative": true
    },
    {
        "date": "2020-09-11T12:02:10Z",
        "value": "132652.030459404",
        "cumulative": true
    },
    {
        "date": "2020-09-11T12:02:23Z",
        "value": "135676.8728876114",
        "cumulative": true
    },
    {
        "date": "2020-09-11T12:02:41Z",
        "value": "140120.1902141571",
        "cumulative": true
    },
    {
        "date": "2020-09-11T12:02:55Z",
        "value": "143555.48438453674",
        "cumulative": true
    },
    {
        "date": "2020-09-11T12:03:14Z",
        "value": "147931.41368675232",
        "cumulative": true
    },
    {
        "date": "2020-09-11T12:03:31Z",
        "value": "152152.6535434723",
        "cumulative": true
    },
    {
        "date": "2020-09-11T12:03:44Z",
        "value": "155295.28767585754",
        "cumulative": true
    },
    {
        "date": "2020-09-11T12:03:55Z",
        "value": "158077.51431274414",
        "cumulative": true
    },
    {
        "date": "2020-09-11T12:04:11Z",
        "value": "162051.62928771973",
        "cumulative": true
    },
    {
        "date": "2020-09-11T12:04:29Z",
        "value": "166012.6554965973",
        "cumulative": true
    },
    {
        "date": "2020-09-11T12:04:41Z",
        "value": "168771.64247894287",
        "cumulative": true
    },
    {
        "date": "2020-09-11T12:04:54Z",
        "value": "171916.3572807312",
        "cumulative": true
    },
    {
        "date": "2020-09-11T12:05:08Z",
        "value": "175392.63622379303",
        "cumulative": true
    },
    {
        "date": "2020-09-11T12:05:25Z",
        "value": "179507.6254644394",
        "cumulative": true
    },
    {
        "date": "2020-09-11T12:05:41Z",
        "value": "183162.68861293793",
        "cumulative": true
    },
    {
        "date": "2020-09-11T12:05:57Z",
        "value": "186930.574177742",
        "cumulative": true
    },
    {
        "date": "2020-09-11T12:06:11Z",
        "value": "190757.57321071625",
        "cumulative": true
    },
    {
        "date": "2020-09-11T12:06:29Z",
        "value": "194998.0442609787",
        "cumulative": true
    },
    {
        "date": "2020-09-11T12:06:48Z",
        "value": "199542.41270542145",
        "cumulative": true
    },
    {
        "date": "2020-09-11T12:07:04Z",
        "value": "203396.6234254837",
        "cumulative": true
    },
    {
        "date": "2020-09-11T12:07:16Z",
        "value": "206284.23139858246",
        "cumulative": true
    },
    {
        "date": "2020-09-11T12:07:29Z",
        "value": "209271.3234796524",
        "cumulative": true
    },
    {
        "date": "2020-09-11T12:07:42Z",
        "value": "212446.31514644623",
        "cumulative": true
    },
    {
        "date": "2020-09-11T12:07:55Z",
        "value": "215734.52300548553",
        "cumulative": true
    },
    {
        "date": "2020-09-11T12:08:12Z",
        "value": "219664.7082672119",
        "cumulative": true
    },
    {
        "date": "2020-09-11T12:08:22Z",
        "value": "222533.143075943",
        "cumulative": true
    },
    {
        "date": "2020-09-11T12:08:37Z",
        "value": "225975.15459251404",
        "cumulative": true
    },
    {
        "date": "2020-09-11T12:08:53Z",
        "value": "229927.27213478088",
        "cumulative": true
    },
    {
        "date": "2020-09-11T12:09:07Z",
        "value": "233432.4724521637",
        "cumulative": true
    },
    {
        "date": "2020-09-11T12:09:22Z",
        "value": "236874.54634284973",
        "cumulative": true
    },
    {
        "date": "2020-09-11T12:09:34Z",
        "value": "239743.90828704834",
        "cumulative": true
    },
    {
        "date": "2020-09-11T12:09:45Z",
        "value": "242611.90274620056",
        "cumulative": true
    },
    {
        "date": "2020-09-11T12:10:01Z",
        "value": "246630.52542495728",
        "cumulative": true
    },
    {
        "date": "2020-09-11T12:10:19Z",
        "value": "251152.33944702148",
        "cumulative": true
    },
    {
        "date": "2020-09-11T12:10:33Z",
        "value": "254707.99393463135",
        "cumulative": true
    },
    {
        "date": "2020-09-11T12:10:50Z",
        "value": "258861.21467971802",
        "cumulative": true
    },
    {
        "date": "2020-09-11T12:11:01Z",
        "value": "261632.33639335632",
        "cumulative": true
    },
    {
        "date": "2020-09-11T12:11:17Z",
        "value": "265680.65782546997",
        "cumulative": true
    },
    {
        "date": "2020-09-11T12:11:30Z",
        "value": "269143.3715019226",
        "cumulative": true
    },
    {
        "date": "2020-09-11T12:11:47Z",
        "value": "273264.6773815155",
        "cumulative": true
    },
    {
        "date": "2020-09-11T12:12:06Z",
        "value": "276648.8504047394",
        "cumulative": true
    }
]