[
    {
        "date": "2020-09-11T11:52:59Z",
        "value": "0.909533441",
        "cumulative": false
    },
    {
        "date": "2020-09-11T11:53:10Z",
        "value": "1.001522503",
        "cumulative": false
    },
    {
        "date": "2020-09-11T11:53:22Z",
        "value": "1.001066354",
        "cumulative": false
    },
    {
        "date": "2020-09-11T11:53:40Z",
        "value": "1.000205043",
        "cumulative": false
    },
    {
        "date": "2020-09-11T11:53:57Z",
        "value": "1.000964598",
        "cumulative": false
    },
    {
        "date": "2020-09-11T11:54:13Z",
        "value": "1.000481469",
        "cumulative": false
    },
    {
        "date": "2020-09-11T11:54:30Z",
        "value": "0.99997151",
        "cumulative": false
    },
    {
        "date": "2020-09-11T11:54:48Z",
        "value": "1.000542271",
        "cumulative": false
    },
    {
        "date": "2020-09-11T11:55:02Z",
        "value": "0.999809883",
        "cumulative": false
    },
    {
        "date": "2020-09-11T11:55:20Z",
        "value": "1.000554181",
        "cumulative": false
    },
    {
        "date": "2020-09-11T11:55:39Z",
        "value": "0.999962144",
        "cumulative": false
    },
    {
        "date": "2020-09-11T11:55:56Z",
        "value": "1.000390876",
        "cumulative": false
    },
    {
        "date": "2020-09-11T11:56:06Z",
        "value": "1.000116747",
        "cumulative": false
    },
    {
        "date": "2020-09-11T11:56:23Z",
        "value": "1.00013377",
        "cumulative": false
    },
    {
        "date": "2020-09-11T11:56:39Z",
        "value": "1.000552786",
        "cumulative": false
    },
    {
        "date": "2020-09-11T11:56:49Z",
        "value": "1.000267386",
        "cumulative": false
    },
    {
        "date": "2020-09-11T11:57:03Z",
        "value": "1.000182096",
        "cumulative": false
    },
    {
        "date": "2020-09-11T11:57:16Z",
        "value": "1.000004043",
        "cumulative": false
    },
    {
        "date": "2020-09-11T11:57:34Z",
        "value": "1.000191778",
        "cumulative": false
    },
    {
        "date": "2020-09-11T11:57:50Z",
        "value": "1.000739012",
        "cumulative": false
    },
    {
        "date": "2020-09-11T11:58:05Z",
        "value": "1.00024336",
        "cumulative": false
    },
    {
        "date": "2020-09-11T11:58:19Z",
        "value": "1.00012689",
        "cumulative": false
    },
    {
        "date": "2020-09-11T11:58:32Z",
        "value": "1.000157714",
        "cumulative": false
    },
    {
        "date": "2020-09-11T11:58:50Z",
        "value": "1.000212122",
        "cumulative": false
    },
    {
        "date": "2020-09-11T11:59:10Z",
        "value": "1.000591121",
        "cumulative": false
    },
    {
        "date": "2020-09-11T11:59:24Z",
        "value": "1.000264405",
        "cumulative": false
    },
    {
        "date": "2020-09-11T11:59:41Z",
        "value": "1.000288255",
        "cumulative": false
    },
    {
        "date": "2020-09-11T11:59:59Z",
        "value": "1.000213668",
        "cumulative": false
    },
    {
        "date": "2020-09-11T12:00:16Z",
        "value": "1.000209515",
        "cumulative": false
    },
    {
        "date": "2020-09-11T12:00:28Z",
        "value": "1.000810097",
        "cumulative": false
    },
    {
        "date": "2020-09-11T12:00:43Z",
        "value": "1.000187404",
        "cumulative": false
    },
    {
        "date": "2020-09-11T12:01:01Z",
        "value": "1.000229444",
        "cumulative": false
    },
    {
        "date": "2020-09-11T12:01:16Z",
        "value": "1.000208269",
        "cumulative": false
    },
    {
        "date": "2020-09-11T12:01:31Z",
        "value": "1.000130175",
        "cumulative": false
    },
    {
        "date": "2020-09-11T12:01:49Z",
        "value": "1.000245083",
        "cumulative": false
    },
    {
        "date": "2020-09-11T12:01:59Z",
        "value": "1.000254814",
        "cumulative": false
    },
    {
        "date": "2020-09-11T12:02:14Z",
        "value": "1.000066165",
        "cumulative": false
    },
    {
        "date": "2020-09-11T12:02:33Z",
        "value": "1.000532226",
        "cumulative": false
    },
    {
        "date": "2020-09-11T12:02:49Z",
        "value": "1.000007491",
        "cumulative": false
    },
    {
        "date": "2020-09-11T12:02:59Z",
        "value": "1.000259713",
        "cumulative": false
    },
    {
        "date": "2020-09-11T12:03:18Z",
        "value": "1.000146978",
        "cumulative": false
    },
    {
        "date": "2020-09-11T12:03:32Z",
        "value": "1.000153335",
        "cumulative": false
    },
    {
        "date": "2020-09-11T12:03:48Z",
        "value": "1.000131499",
        "cumulative": false
    },
    {
        "date": "2020-09-11T12:03:58Z",
        "value": "1.000130181",
        "cumulative": false
    },
    {
        "date": "2020-09-11T12:04:13Z",
        "value": "1.000158035",
        "cumulative": false
    },
    {
        "date": "2020-09-11T12:04:24Z",
        "value": "1.000305902",
        "cumulative": false
    },
    {
        "date": "2020-09-11T12:04:40Z",
        "value": "1.000150352",
        "cumulative": false
    },
    {
        "date": "2020-09-11T12:04:56Z",
        "value": "1.000359559",
        "cumulative": false
    },
    {
        "date": "2020-09-11T12:05:07Z",
        "value": "1.000429425",
        "cumulative": false
    },
    {
        "date": "2020-09-11T12:05:26Z",
        "value": "1.000239502",
        "cumulative": false
    },
    {
        "date": "2020-09-11T12:05:39Z",
        "value": "1.000200465",
        "cumulative": false
    },
    {
        "date": "2020-09-11T12:05:52Z",
        "value": "1.000189395",
        "cumulative": false
    },
    {
        "date": "2020-09-11T12:06:06Z",
        "value": "1.000196285",
        "cumulative": false
    },
    {
        "date": "2020-09-11T12:06:25Z",
        "value": "1.000317885",
        "cumulative": false
    },
    {
        "date": "2020-09-11T12:06:41Z",
        "value": "1.000156972",
        "cumulative": false
    },
    {
        "date": "2020-09-11T12:06:53Z",
        "value": "1.000241833",
        "cumulative": false
    },
    {
        "date": "2020-09-11T12:07:09Z",
        "value": "1.000311168",
        "cumulative": false
    },
    {
        "date": "2020-09-11T12:07:29Z",
        "value": "1.000115862",
        "cumulative": false
    },
    {
        "date": "2020-09-11T12:07:48Z",
        "value": "1.000206714",
        "cumulative": false
    },
    {
        "date": "2020-09-11T12:08:05Z",
        "value": "1.000100753",
        "cumulative": false
    },
    {
        "date": "2020-09-11T12:08:24Z",
        "value": "1.000655493",
        "cumulative": false
    },
    {
        "date": "2020-09-11T12:08:43Z",
        "value": "1.000211657",
        "cumulative": false
    },
    {
        "date": "2020-09-11T12:08:55Z",
        "value": "1.000112751",
        "cumulative": false
    },
    {
        "date": "2020-09-11T12:09:07Z",
        "value": "1.000247426",
        "cumulative": false
    },
    {
        "date": "2020-09-11T12:09:25Z",
        "value": "1.0002049",
        "cumulative": false
    },
    {
        "date": "2020-09-11T12:09:38Z",
        "value": "1.000254909",
        "cumulative": false
    },
    {
        "date": "2020-09-11T12:09:53Z",
        "value": "1.00023779",
        "cumulative": false
    },
    {
        "date": "2020-09-11T12:10:13Z",
        "value": "1.000317262",
        "cumulative": false
    },
    {
        "date": "2020-09-11T12:10:30Z",
        "value": "1.000238528",
        "cumulative": false
    },
    {
        "date": "2020-09-11T12:10:44Z",
        "value": "1.00022683",
        "cumulative": false
    },
    {
        "date": "2020-09-11T12:11:02Z",
        "value": "1.000191754",
        "cumulative": false
    },
    {
        "date": "2020-09-11T12:11:15Z",
        "value": "1.000122973",
        "cumulative": false
    },
    {
        "date": "2020-09-11T12:11:28Z",
        "value": "1.000382507",
        "cumulative": false
    },
    {
        "date": "2020-09-11T12:11:39Z",
        "value": "1.000191538",
        "cumulative": false
    },
    {
        "date": "2020-09-11T12:11:58Z",
        "value": "1.000189568",
        "cumulative": false
    }
]