[
    {
        "date": "2020-09-11T11:52:40Z",
        "value": "1.71875",
        "cumulative": false
    },
    {
        "date": "2020-09-11T11:52:59Z",
        "value": "1081.6484375",
        "cumulative": false
    },
    {
        "date": "2020-09-11T11:53:10Z",
        "value": "1090.73828125",
        "cumulative": false
    },
    {
        "date": "2020-09-11T11:53:22Z",
        "value": "1101.234375",
        "cumulative": false
    },
    {
        "date": "2020-09-11T11:53:40Z",
        "value": "1108.859375",
        "cumulative": false
    },
    {
        "date": "2020-09-11T11:53:57Z",
        "value": "1131.13671875",
        "cumulative": false
    },
    {
        "date": "2020-09-11T11:54:13Z",
        "value": "1168.375",
        "cumulative": false
    },
    {
        "date": "2020-09-11T11:54:30Z",
        "value": "1154.49609375",
        "cumulative": false
    },
    {
        "date": "2020-09-11T11:54:48Z",
        "value": "1177.91015625",
        "cumulative": false
    },
    {
        "date": "2020-09-11T11:55:02Z",
        "value": "1177.91015625",
        "cumulative": false
    },
    {
        "date": "2020-09-11T11:55:20Z",
        "value": "1155.63671875",
        "cumulative": false
    },
    {
        "date": "2020-09-11T11:55:39Z",
        "value": "1190.296875",
        "cumulative": false
    },
    {
        "date": "2020-09-11T11:55:56Z",
        "value": "1147.43359375",
        "cumulative": false
    },
    {
        "date": "2020-09-11T11:56:06Z",
        "value": "1205.87890625",
        "cumulative": false
    },
    {
        "date": "2020-09-11T11:56:23Z",
        "value": "1205.92578125",
        "cumulative": false
    },
    {
        "date": "2020-09-11T11:56:39Z",
        "value": "1225.39453125",
        "cumulative": false
    },
    {
        "date": "2020-09-11T11:56:49Z",
        "value": "1195.921875",
        "cumulative": false
    },
    {
        "date": "2020-09-11T11:57:03Z",
        "value": "1225.44921875",
        "cumulative": false
    },
    {
        "date": "2020-09-11T11:57:16Z",
        "value": "1225.46484375",
        "cumulative": false
    },
    {
        "date": "2020-09-11T11:57:34Z",
        "value": "1225.4765625",
        "cumulative": false
    },
    {
        "date": "2020-09-11T11:57:50Z",
        "value": "1250.15234375",
        "cumulative": false
    },
    {
        "date": "2020-09-11T11:58:05Z",
        "value": "1250.13671875",
        "cumulative": false
    },
    {
        "date": "2020-09-11T11:58:19Z",
        "value": "1227.38671875",
        "cumulative": false
    },
    {
        "date": "2020-09-11T11:58:32Z",
        "value": "1151.015625",
        "cumulative": false
    },
    {
        "date": "2020-09-11T11:58:50Z",
        "value": "1250.1484375",
        "cumulative": false
    },
    {
        "date": "2020-09-11T11:59:10Z",
        "value": "1281.484375",
        "cumulative": false
    },
    {
        "date": "2020-09-11T11:59:24Z",
        "value": "1281.609375",
        "cumulative": false
    },
    {
        "date": "2020-09-11T11:59:41Z",
        "value": "1281.515625",
        "cumulative": false
    },
    {
        "date": "2020-09-11T11:59:59Z",
        "value": "1281.50390625",
        "cumulative": false
    },
    {
        "date": "2020-09-11T12:00:16Z",
        "value": "1281.50390625",
        "cumulative": false
    },
    {
        "date": "2020-09-11T12:00:28Z",
        "value": "1316.12890625",
        "cumulative": false
    },
    {
        "date": "2020-09-11T12:00:43Z",
        "value": "1321.1171875",
        "cumulative": false
    },
    {
        "date": "2020-09-11T12:01:01Z",
        "value": "1321.01171875",
        "cumulative": false
    },
    {
        "date": "2020-09-11T12:01:16Z",
        "value": "1151.68359375",
        "cumulative": false
    },
    {
        "date": "2020-09-11T12:01:31Z",
        "value": "1321.01171875",
        "cumulative": false
    },
    {
        "date": "2020-09-11T12:01:49Z",
        "value": "1133.97265625",
        "cumulative": false
    },
    {
        "date": "2020-09-11T12:01:59Z",
        "value": "1321.01171875",
        "cumulative": false
    },
    {
        "date": "2020-09-11T12:02:14Z",
        "value": "1321.01171875",
        "cumulative": false
    },
    {
        "date": "2020-09-11T12:02:33Z",
        "value": "1137.71484375",
        "cumulative": false
    },
    {
        "date": "2020-09-11T12:02:49Z",
        "value": "1370.76953125",
        "cumulative": false
    },
    {
        "date": "2020-09-11T12:02:59Z",
        "value": "1197.99609375",
        "cumulative": false
    },
    {
        "date": "2020-09-11T12:03:18Z",
        "value": "1370.2578125",
        "cumulative": false
    },
    {
        "date": "2020-09-11T12:03:32Z",
        "value": "1321.37109375",
        "cumulative": false
    },
    {
        "date": "2020-09-11T12:03:48Z",
        "value": "1370.8828125",
        "cumulative": false
    },
    {
        "date": "2020-09-11T12:03:58Z",
        "value": "1173.99609375",
        "cumulative": false
    },
    {
        "date": "2020-09-11T12:04:13Z",
        "value": "1337.609375",
        "cumulative": false
    },
    {
        "date": "2020-09-11T12:04:24Z",
        "value": "1147.99609375",
        "cumulative": false
    },
    {
        "date": "2020-09-11T12:04:40Z",
        "value": "1355.12109375",
        "cumulative": false
    },
    {
        "date": "2020-09-11T12:04:56Z",
        "value": "1370.8828125",
        "cumulative": false
    },
    {
        "date": "2020-09-11T12:05:07Z",
        "value": "1433.78515625",
        "cumulative": false
    },
    {
        "date": "2020-09-11T12:05:26Z",
        "value": "1433.7421875",
        "cumulative": false
    },
    {
        "date": "2020-09-11T12:05:39Z",
        "value": "1335.84375",
        "cumulative": false
    },
    {
        "date": "2020-09-11T12:05:52Z",
        "value": "1184.59375",
        "cumulative": false
    },
    {
        "date": "2020-09-11T12:06:06Z",
        "value": "1433.71875",
        "cumulative": false
    },
    {
        "date": "2020-09-11T12:06:25Z",
        "value": "1413.59375",
        "cumulative": false
    },
    {
        "date": "2020-09-11T12:06:41Z",
        "value": "1433.71875",
        "cumulative": false
    },
    {
        "date": "2020-09-11T12:06:53Z",
        "value": "1142.6171875",
        "cumulative": false
    },
    {
        "date": "2020-09-11T12:07:09Z",
        "value": "1433.71875",
        "cumulative": false
    },
    {
        "date": "2020-09-11T12:07:29Z",
        "value": "1433.765625",
        "cumulative": false
    },
    {
        "date": "2020-09-11T12:07:48Z",
        "value": "1433.71875",
        "cumulative": false
    },
    {
        "date": "2020-09-11T12:08:05Z",
        "value": "1433.71875",
        "cumulative": false
    },
    {
        "date": "2020-09-11T12:08:24Z",
        "value": "1509.59765625",
        "cumulative": false
    },
    {
        "date": "2020-09-11T12:08:43Z",
        "value": "1513.22265625",
        "cumulative": false
    },
    {
        "date": "2020-09-11T12:08:55Z",
        "value": "1513.22265625",
        "cumulative": false
    },
    {
        "date": "2020-09-11T12:09:07Z",
        "value": "1220.37890625",
        "cumulative": false
    },
    {
        "date": "2020-09-11T12:09:25Z",
        "value": "1513.22265625",
        "cumulative": false
    },
    {
        "date": "2020-09-11T12:09:38Z",
        "value": "1453.22265625",
        "cumulative": false
    },
    {
        "date": "2020-09-11T12:09:53Z",
        "value": "1513.22265625",
        "cumulative": false
    },
    {
        "date": "2020-09-11T12:10:13Z",
        "value": "1373.75390625",
        "cumulative": false
    },
    {
        "date": "2020-09-11T12:10:30Z",
        "value": "1513.2578125",
        "cumulative": false
    },
    {
        "date": "2020-09-11T12:10:44Z",
        "value": "1513.22265625",
        "cumulative": false
    },
    {
        "date": "2020-09-11T12:11:02Z",
        "value": "1513.22265625",
        "cumulative": false
    },
    {
        "date": "2020-09-11T12:11:15Z",
        "value": "1513.22265625",
        "cumulative": false
    },
    {
        "date": "2020-09-11T12:11:28Z",
        "value": "1433.97265625",
        "cumulative": false
    },
    {
        "date": "2020-09-11T12:11:39Z",
        "value": "1513.22265625",
        "cumulative": false
    },
    {
        "date": "2020-09-11T12:11:58Z",
        "value": "1483.59765625",
        "cumulative": false
    }
]