[
    {
        "date": "2020-09-11T11:52:21Z",
        "value": "4.00543212890625e-05",
        "cumulative": true
    },
    {
        "date": "2020-09-11T11:52:48Z",
        "value": "0.011311531066894531",
        "cumulative": true
    },
    {
        "date": "2020-09-11T11:53:05Z",
        "value": "4228.128842353821",
        "cumulative": true
    },
    {
        "date": "2020-09-11T11:53:18Z",
        "value": "7657.671048164368",
        "cumulative": true
    },
    {
        "date": "2020-09-11T11:53:34Z",
        "value": "11487.227229118347",
        "cumulative": true
    },
    {
        "date": "2020-09-11T11:53:48Z",
        "value": "15030.252756118774",
        "cumulative": true
    },
    {
        "date": "2020-09-11T11:54:07Z",
        "value": "20091.87036037445",
        "cumulative": true
    },
    {
        "date": "2020-09-11T11:54:20Z",
        "value": "23241.750415802002",
        "cumulative": true
    },
    {
        "date": "2020-09-11T11:54:34Z",
        "value": "26274.393434524536",
        "cumulative": true
    },
    {
        "date": "2020-09-11T11:54:52Z",
        "value": "30283.479670524597",
        "cumulative": true
    },
    {
        "date": "2020-09-11T11:55:08Z",
        "value": "33823.98573970795",
        "cumulative": true
    },
    {
        "date": "2020-09-11T11:55:21Z",
        "value": "36656.15174674988",
        "cumulative": true
    },
    {
        "date": "2020-09-11T11:55:36Z",
        "value": "39961.686685562134",
        "cumulative": true
    },
    {
        "date": "2020-09-11T11:55:55Z",
        "value": "44517.05593204498",
        "cumulative": true
    },
    {
        "date": "2020-09-11T11:56:12Z",
        "value": "48451.77557468414",
        "cumulative": true
    },
    {
        "date": "2020-09-11T11:56:29Z",
        "value": "52959.77630138397",
        "cumulative": true
    },
    {
        "date": "2020-09-11T11:56:46Z",
        "value": "57029.79613685608",
        "cumulative": true
    },
    {
        "date": "2020-09-11T11:57:01Z",
        "value": "60487.4551448822",
        "cumulative": true
    },
    {
        "date": "2020-09-11T11:57:17Z",
        "value": "64047.902770996094",
        "cumulative": true
    },
    {
        "date": "2020-09-11T11:57:29Z",
        "value": "66900.0762386322",
        "cumulative": true
    },
    {
        "date": "2020-09-11T11:57:41Z",
        "value": "70086.09553432465",
        "cumulative": true
    },
    {
        "date": "2020-09-11T11:57:59Z",
        "value": "74055.51020908356",
        "cumulative": true
    },
    {
        "date": "2020-09-11T11:58:10Z",
        "value": "76756.01944446564",
        "cumulative": true
    },
    {
        "date": "2020-09-11T11:58:26Z",
        "value": "80542.27906703949",
        "cumulative": true
    },
    {
        "date": "2020-09-11T11:58:36Z",
        "value": "82887.00167942047",
        "cumulative": true
    },
    {
        "date": "2020-09-11T11:58:55Z",
        "value": "87436.22485351562",
        "cumulative": true
    },
    {
        "date": "2020-09-11T11:59:13Z",
        "value": "91691.12063217163",
        "cumulative": true
    },
    {
        "date": "2020-09-11T11:59:29Z",
        "value": "95345.24962615967",
        "cumulative": true
    },
    {
        "date": "2020-09-11T11:59:44Z",
        "value": "98796.79372215271",
        "cumulative": true
    },
    {
        "date": "2020-09-11T12:00:04Z",
        "value": "103564.01470565796",
        "cumulative": true
    },
    {
        "date": "2020-09-11T12:00:18Z",
        "value": "106978.74278068542",
        "cumulative": true
    },
    {
        "date": "2020-09-11T12:00:29Z",
        "value": "109633.721991539",
        "cumulative": true
    },
    {
        "date": "2020-09-11T12:00:49Z",
        "value": "114229.72216701508",
        "cumulative": true
    },
    {
        "date": "2020-09-11T12:01:08Z",
        "value": "118544.57413387299",
        "cumulative": true
    },
    {
        "date": "2020-09-11T12:01:24Z",
        "value": "122462.37902545929",
        "cumulative": true
    },
    {
        "date": "2020-09-11T12:01:40Z",
        "value": "126094.14082050323",
        "cumulative": true
    },
    {
        "date": "2020-09-11T12:01:52Z",
        "value": "128878.39800930023",
        "cumulative": true
    },
    {
        "date": "2020-09-11T12:02:10Z",
        "value": "133208.67430782318",
        "cumulative": true
    },
    {
        "date": "2020-09-11T12:02:23Z",
        "value": "136240.60969638824",
        "cumulative": true
    },
    {
        "date": "2020-09-11T12:02:41Z",
        "value": "140676.2911529541",
        "cumulative": true
    },
    {
        "date": "2020-09-11T12:02:55Z",
        "value": "144104.602558136",
        "cumulative": true
    },
    {
        "date": "2020-09-11T12:03:14Z",
        "value": "148479.15571594238",
        "cumulative": true
    },
    {
        "date": "2020-09-11T12:03:31Z",
        "value": "152694.07912254333",
        "cumulative": true
    },
    {
        "date": "2020-09-11T12:03:44Z",
        "value": "155838.4426498413",
        "cumulative": true
    },
    {
        "date": "2020-09-11T12:03:55Z",
        "value": "158621.6355495453",
        "cumulative": true
    },
    {
        "date": "2020-09-11T12:04:11Z",
        "value": "162604.96022224426",
        "cumulative": true
    },
    {
        "date": "2020-09-11T12:04:29Z",
        "value": "166584.39900779724",
        "cumulative": true
    },
    {
        "date": "2020-09-11T12:04:41Z",
        "value": "169357.39373779297",
        "cumulative": true
    },
    {
        "date": "2020-09-11T12:04:54Z",
        "value": "172522.6631450653",
        "cumulative": true
    },
    {
        "date": "2020-09-11T12:05:08Z",
        "value": "176015.04400539398",
        "cumulative": true
    },
    {
        "date": "2020-09-11T12:05:25Z",
        "value": "180131.7881345749",
        "cumulative": true
    },
    {
        "date": "2020-09-11T12:05:41Z",
        "value": "183789.3402967453",
        "cumulative": true
    },
    {
        "date": "2020-09-11T12:05:57Z",
        "value": "187567.80809497833",
        "cumulative": true
    },
    {
        "date": "2020-09-11T12:06:11Z",
        "value": "191405.92865085602",
        "cumulative": true
    },
    {
        "date": "2020-09-11T12:06:29Z",
        "value": "195663.82656764984",
        "cumulative": true
    },
    {
        "date": "2020-09-11T12:06:48Z",
        "value": "200237.24106884003",
        "cumulative": true
    },
    {
        "date": "2020-09-11T12:07:04Z",
        "value": "204112.75917339325",
        "cumulative": true
    },
    {
        "date": "2020-09-11T12:07:16Z",
        "value": "207022.1486825943",
        "cumulative": true
    },
    {
        "date": "2020-09-11T12:07:29Z",
        "value": "210027.09416866302",
        "cumulative": true
    },
    {
        "date": "2020-09-11T12:07:42Z",
        "value": "213227.32131671906",
        "cumulative": true
    },
    {
        "date": "2020-09-11T12:07:55Z",
        "value": "216529.82133579254",
        "cumulative": true
    },
    {
        "date": "2020-09-11T12:08:12Z",
        "value": "220482.02653121948",
        "cumulative": true
    },
    {
        "date": "2020-09-11T12:08:22Z",
        "value": "223366.1270427704",
        "cumulative": true
    },
    {
        "date": "2020-09-11T12:08:37Z",
        "value": "226827.65112495422",
        "cumulative": true
    },
    {
        "date": "2020-09-11T12:08:53Z",
        "value": "230830.30677986145",
        "cumulative": true
    },
    {
        "date": "2020-09-11T12:09:07Z",
        "value": "234327.90488052368",
        "cumulative": true
    },
    {
        "date": "2020-09-11T12:09:22Z",
        "value": "237785.78264045715",
        "cumulative": true
    },
    {
        "date": "2020-09-11T12:09:34Z",
        "value": "240673.5256023407",
        "cumulative": true
    },
    {
        "date": "2020-09-11T12:09:45Z",
        "value": "243555.94645690918",
        "cumulative": true
    },
    {
        "date": "2020-09-11T12:10:01Z",
        "value": "247589.840133667",
        "cumulative": true
    },
    {
        "date": "2020-09-11T12:10:19Z",
        "value": "252108.8053302765",
        "cumulative": true
    },
    {
        "date": "2020-09-11T12:10:33Z",
        "value": "255662.13125038147",
        "cumulative": true
    },
    {
        "date": "2020-09-11T12:10:50Z",
        "value": "259815.77090072632",
        "cumulative": true
    },
    {
        "date": "2020-09-11T12:11:01Z",
        "value": "262585.3211078644",
        "cumulative": true
    },
    {
        "date": "2020-09-11T12:11:17Z",
        "value": "266625.91370010376",
        "cumulative": true
    },
    {
        "date": "2020-09-11T12:11:30Z",
        "value": "270093.7809085846",
        "cumulative": true
    },
    {
        "date": "2020-09-11T12:11:47Z",
        "value": "274212.05966567993",
        "cumulative": true
    },
    {
        "date": "2020-09-11T12:12:06Z",
        "value": "277603.2898321152",
        "cumulative": true
    }
]