[
    {
        "date": "2020-09-11T11:52:52Z",
        "value": "0.869772765",
        "cumulative": false
    },
    {
        "date": "2020-09-11T11:53:10Z",
        "value": "1.017689372",
        "cumulative": false
    },
    {
        "date": "2020-09-11T11:53:26Z",
        "value": "1.000437048",
        "cumulative": false
    },
    {
        "date": "2020-09-11T11:53:38Z",
        "value": "1.000686574",
        "cumulative": false
    },
    {
        "date": "2020-09-11T11:53:49Z",
        "value": "1.00033857",
        "cumulative": false
    },
    {
        "date": "2020-09-11T11:54:05Z",
        "value": "1.000663897",
        "cumulative": false
    },
    {
        "date": "2020-09-11T11:54:21Z",
        "value": "1.000355295",
        "cumulative": false
    },
    {
        "date": "2020-09-11T11:54:31Z",
        "value": "1.000067604",
        "cumulative": false
    },
    {
        "date": "2020-09-11T11:54:46Z",
        "value": "1.000388794",
        "cumulative": false
    },
    {
        "date": "2020-09-11T11:55:04Z",
        "value": "0.999958566",
        "cumulative": false
    },
    {
        "date": "2020-09-11T11:55:18Z",
        "value": "1.000750936",
        "cumulative": false
    },
    {
        "date": "2020-09-11T11:55:36Z",
        "value": "1.000033781",
        "cumulative": false
    },
    {
        "date": "2020-09-11T11:55:51Z",
        "value": "1.00074694",
        "cumulative": false
    },
    {
        "date": "2020-09-11T11:56:09Z",
        "value": "1.000134917",
        "cumulative": false
    },
    {
        "date": "2020-09-11T11:56:28Z",
        "value": "1.000023049",
        "cumulative": false
    },
    {
        "date": "2020-09-11T11:56:38Z",
        "value": "1.001265778",
        "cumulative": false
    },
    {
        "date": "2020-09-11T11:56:58Z",
        "value": "1.000102951",
        "cumulative": false
    },
    {
        "date": "2020-09-11T11:57:14Z",
        "value": "1.000093892",
        "cumulative": false
    },
    {
        "date": "2020-09-11T11:57:26Z",
        "value": "1.000209071",
        "cumulative": false
    },
    {
        "date": "2020-09-11T11:57:42Z",
        "value": "1.000773021",
        "cumulative": false
    },
    {
        "date": "2020-09-11T11:58:02Z",
        "value": "1.000105393",
        "cumulative": false
    },
    {
        "date": "2020-09-11T11:58:19Z",
        "value": "1.000249075",
        "cumulative": false
    },
    {
        "date": "2020-09-11T11:58:33Z",
        "value": "1.000251718",
        "cumulative": false
    },
    {
        "date": "2020-09-11T11:58:45Z",
        "value": "1.000199639",
        "cumulative": false
    },
    {
        "date": "2020-09-11T11:59:01Z",
        "value": "1.000887444",
        "cumulative": false
    },
    {
        "date": "2020-09-11T11:59:17Z",
        "value": "1.000364756",
        "cumulative": false
    },
    {
        "date": "2020-09-11T11:59:33Z",
        "value": "1.000214261",
        "cumulative": false
    },
    {
        "date": "2020-09-11T11:59:46Z",
        "value": "1.000332274",
        "cumulative": false
    },
    {
        "date": "2020-09-11T11:59:56Z",
        "value": "1.000163104",
        "cumulative": false
    },
    {
        "date": "2020-09-11T12:00:12Z",
        "value": "1.000249319",
        "cumulative": false
    },
    {
        "date": "2020-09-11T12:00:26Z",
        "value": "1.000251762",
        "cumulative": false
    },
    {
        "date": "2020-09-11T12:00:41Z",
        "value": "1.000578922",
        "cumulative": false
    },
    {
        "date": "2020-09-11T12:00:57Z",
        "value": "1.000188686",
        "cumulative": false
    },
    {
        "date": "2020-09-11T12:01:12Z",
        "value": "1.000251128",
        "cumulative": false
    },
    {
        "date": "2020-09-11T12:01:25Z",
        "value": "1.000276497",
        "cumulative": false
    },
    {
        "date": "2020-09-11T12:01:37Z",
        "value": "0.999840933",
        "cumulative": false
    },
    {
        "date": "2020-09-11T12:01:48Z",
        "value": "1.000239138",
        "cumulative": false
    },
    {
        "date": "2020-09-11T12:02:01Z",
        "value": "1.000173921",
        "cumulative": false
    },
    {
        "date": "2020-09-11T12:02:14Z",
        "value": "1.000279263",
        "cumulative": false
    },
    {
        "date": "2020-09-11T12:02:24Z",
        "value": "1.000159573",
        "cumulative": false
    },
    {
        "date": "2020-09-11T12:02:36Z",
        "value": "1.00125106",
        "cumulative": false
    },
    {
        "date": "2020-09-11T12:02:55Z",
        "value": "1.000141563",
        "cumulative": false
    },
    {
        "date": "2020-09-11T12:03:12Z",
        "value": "1.000261868",
        "cumulative": false
    },
    {
        "date": "2020-09-11T12:03:31Z",
        "value": "1.00019688",
        "cumulative": false
    },
    {
        "date": "2020-09-11T12:03:48Z",
        "value": "1.000163359",
        "cumulative": false
    },
    {
        "date": "2020-09-11T12:04:08Z",
        "value": "1.000234021",
        "cumulative": false
    },
    {
        "date": "2020-09-11T12:04:19Z",
        "value": "1.000124036",
        "cumulative": false
    },
    {
        "date": "2020-09-11T12:04:36Z",
        "value": "1.000172771",
        "cumulative": false
    },
    {
        "date": "2020-09-11T12:04:54Z",
        "value": "1.000274188",
        "cumulative": false
    },
    {
        "date": "2020-09-11T12:05:04Z",
        "value": "1.000606732",
        "cumulative": false
    },
    {
        "date": "2020-09-11T12:05:24Z",
        "value": "1.000232802",
        "cumulative": false
    },
    {
        "date": "2020-09-11T12:05:39Z",
        "value": "1.000239178",
        "cumulative": false
    },
    {
        "date": "2020-09-11T12:05:53Z",
        "value": "1.000243125",
        "cumulative": false
    },
    {
        "date": "2020-09-11T12:06:13Z",
        "value": "1.000247134",
        "cumulative": false
    },
    {
        "date": "2020-09-11T12:06:23Z",
        "value": "0.999840079",
        "cumulative": false
    },
    {
        "date": "2020-09-11T12:06:35Z",
        "value": "1.000428042",
        "cumulative": false
    },
    {
        "date": "2020-09-11T12:06:53Z",
        "value": "1.00023143",
        "cumulative": false
    },
    {
        "date": "2020-09-11T12:07:11Z",
        "value": "1.000415914",
        "cumulative": false
    },
    {
        "date": "2020-09-11T12:07:21Z",
        "value": "1.000515966",
        "cumulative": false
    },
    {
        "date": "2020-09-11T12:07:35Z",
        "value": "1.000335521",
        "cumulative": false
    },
    {
        "date": "2020-09-11T12:07:52Z",
        "value": "1.000261806",
        "cumulative": false
    },
    {
        "date": "2020-09-11T12:08:07Z",
        "value": "1.000364073",
        "cumulative": false
    },
    {
        "date": "2020-09-11T12:08:18Z",
        "value": "1.001486594",
        "cumulative": false
    },
    {
        "date": "2020-09-11T12:08:36Z",
        "value": "1.000292677",
        "cumulative": false
    },
    {
        "date": "2020-09-11T12:08:48Z",
        "value": "1.000353884",
        "cumulative": false
    },
    {
        "date": "2020-09-11T12:09:05Z",
        "value": "1.000290767",
        "cumulative": false
    },
    {
        "date": "2020-09-11T12:09:19Z",
        "value": "1.000368648",
        "cumulative": false
    },
    {
        "date": "2020-09-11T12:09:32Z",
        "value": "1.000331692",
        "cumulative": false
    },
    {
        "date": "2020-09-11T12:09:45Z",
        "value": "1.000300833",
        "cumulative": false
    },
    {
        "date": "2020-09-11T12:09:57Z",
        "value": "1.000260983",
        "cumulative": false
    },
    {
        "date": "2020-09-11T12:10:16Z",
        "value": "1.000204822",
        "cumulative": false
    },
    {
        "date": "2020-09-11T12:10:29Z",
        "value": "1.000348814",
        "cumulative": false
    },
    {
        "date": "2020-09-11T12:10:39Z",
        "value": "1.000203389",
        "cumulative": false
    },
    {
        "date": "2020-09-11T12:10:57Z",
        "value": "1.000175499",
        "cumulative": false
    },
    {
        "date": "2020-09-11T12:11:08Z",
        "value": "1.000274299",
        "cumulative": false
    },
    {
        "date": "2020-09-11T12:11:27Z",
        "value": "1.000247421",
        "cumulative": false
    },
    {
        "date": "2020-09-11T12:11:43Z",
        "value": "1.000238201",
        "cumulative": false
    },
    {
        "date": "2020-09-11T12:11:57Z",
        "value": "1.000347031",
        "cumulative": false
    }
]