[
    {
        "date": "2020-09-11T11:52:39Z",
        "value": "0.0009593963623046875",
        "cumulative": true
    },
    {
        "date": "2020-09-11T11:52:51Z",
        "value": "339.07577323913574",
        "cumulative": true
    },
    {
        "date": "2020-09-11T11:53:07Z",
        "value": "4642.149117469788",
        "cumulative": true
    },
    {
        "date": "2020-09-11T11:53:17Z",
        "value": "7207.460371017456",
        "cumulative": true
    },
    {
        "date": "2020-09-11T11:53:35Z",
        "value": "11677.65160369873",
        "cumulative": true
    },
    {
        "date": "2020-09-11T11:53:48Z",
        "value": "15148.406985282898",
        "cumulative": true
    },
    {
        "date": "2020-09-11T11:54:03Z",
        "value": "18966.531114578247",
        "cumulative": true
    },
    {
        "date": "2020-09-11T11:54:16Z",
        "value": "22168.454794883728",
        "cumulative": true
    },
    {
        "date": "2020-09-11T11:54:27Z",
        "value": "24694.513405799866",
        "cumulative": true
    },
    {
        "date": "2020-09-11T11:54:45Z",
        "value": "28797.50696849823",
        "cumulative": true
    },
    {
        "date": "2020-09-11T11:55:04Z",
        "value": "33065.722043037415",
        "cumulative": true
    },
    {
        "date": "2020-09-11T11:55:17Z",
        "value": "35942.685559272766",
        "cumulative": true
    },
    {
        "date": "2020-09-11T11:55:30Z",
        "value": "38817.041268348694",
        "cumulative": true
    },
    {
        "date": "2020-09-11T11:55:48Z",
        "value": "42769.27600955963",
        "cumulative": true
    },
    {
        "date": "2020-09-11T11:56:08Z",
        "value": "47571.166606903076",
        "cumulative": true
    },
    {
        "date": "2020-09-11T11:56:23Z",
        "value": "51527.30310058594",
        "cumulative": true
    },
    {
        "date": "2020-09-11T11:56:42Z",
        "value": "56120.280923843384",
        "cumulative": true
    },
    {
        "date": "2020-09-11T11:57:02Z",
        "value": "60815.66847229004",
        "cumulative": true
    },
    {
        "date": "2020-09-11T11:57:20Z",
        "value": "64949.859104156494",
        "cumulative": true
    },
    {
        "date": "2020-09-11T11:57:33Z",
        "value": "68388.82890319824",
        "cumulative": true
    },
    {
        "date": "2020-09-11T11:57:44Z",
        "value": "70845.70949649811",
        "cumulative": true
    },
    {
        "date": "2020-09-11T11:58:01Z",
        "value": "74822.32974529266",
        "cumulative": true
    },
    {
        "date": "2020-09-11T11:58:21Z",
        "value": "79675.03982639313",
        "cumulative": true
    },
    {
        "date": "2020-09-11T11:58:34Z",
        "value": "82600.05377292633",
        "cumulative": true
    },
    {
        "date": "2020-09-11T11:58:51Z",
        "value": "86601.16851711273",
        "cumulative": true
    },
    {
        "date": "2020-09-11T11:59:04Z",
        "value": "89930.04620933533",
        "cumulative": true
    },
    {
        "date": "2020-09-11T11:59:15Z",
        "value": "92478.02960777283",
        "cumulative": true
    },
    {
        "date": "2020-09-11T11:59:31Z",
        "value": "96025.27689361572",
        "cumulative": true
    },
    {
        "date": "2020-09-11T11:59:48Z",
        "value": "100179.06497001648",
        "cumulative": true
    },
    {
        "date": "2020-09-11T12:00:01Z",
        "value": "103331.44073104858",
        "cumulative": true
    },
    {
        "date": "2020-09-11T12:00:14Z",
        "value": "106299.36673164368",
        "cumulative": true
    },
    {
        "date": "2020-09-11T12:00:29Z",
        "value": "109909.39661502838",
        "cumulative": true
    },
    {
        "date": "2020-09-11T12:00:45Z",
        "value": "113659.32730579376",
        "cumulative": true
    },
    {
        "date": "2020-09-11T12:00:56Z",
        "value": "116256.97677326202",
        "cumulative": true
    },
    {
        "date": "2020-09-11T12:01:10Z",
        "value": "119477.17374134064",
        "cumulative": true
    },
    {
        "date": "2020-09-11T12:01:28Z",
        "value": "123753.5649023056",
        "cumulative": true
    },
    {
        "date": "2020-09-11T12:01:42Z",
        "value": "126928.47097301483",
        "cumulative": true
    },
    {
        "date": "2020-09-11T12:02:01Z",
        "value": "131362.70890903473",
        "cumulative": true
    },
    {
        "date": "2020-09-11T12:02:11Z",
        "value": "133861.35707569122",
        "cumulative": true
    },
    {
        "date": "2020-09-11T12:02:26Z",
        "value": "137325.98915195465",
        "cumulative": true
    },
    {
        "date": "2020-09-11T12:02:39Z",
        "value": "140660.88806915283",
        "cumulative": true
    },
    {
        "date": "2020-09-11T12:02:49Z",
        "value": "143213.1828994751",
        "cumulative": true
    },
    {
        "date": "2020-09-11T12:03:06Z",
        "value": "147004.85775375366",
        "cumulative": true
    },
    {
        "date": "2020-09-11T12:03:24Z",
        "value": "151589.97335624695",
        "cumulative": true
    },
    {
        "date": "2020-09-11T12:03:39Z",
        "value": "155232.78724098206",
        "cumulative": true
    },
    {
        "date": "2020-09-11T12:03:59Z",
        "value": "159977.62145996094",
        "cumulative": true
    },
    {
        "date": "2020-09-11T12:04:13Z",
        "value": "163597.42385101318",
        "cumulative": true
    },
    {
        "date": "2020-09-11T12:04:30Z",
        "value": "167598.62000465393",
        "cumulative": true
    },
    {
        "date": "2020-09-11T12:04:48Z",
        "value": "171713.16239738464",
        "cumulative": true
    },
    {
        "date": "2020-09-11T12:05:06Z",
        "value": "176200.82174015045",
        "cumulative": true
    },
    {
        "date": "2020-09-11T12:05:21Z",
        "value": "179945.90577983856",
        "cumulative": true
    },
    {
        "date": "2020-09-11T12:05:34Z",
        "value": "182926.15980434418",
        "cumulative": true
    },
    {
        "date": "2020-09-11T12:05:45Z",
        "value": "185652.0499753952",
        "cumulative": true
    },
    {
        "date": "2020-09-11T12:06:01Z",
        "value": "189589.74378871918",
        "cumulative": true
    },
    {
        "date": "2020-09-11T12:06:17Z",
        "value": "193715.8696680069",
        "cumulative": true
    },
    {
        "date": "2020-09-11T12:06:36Z",
        "value": "198303.83109378815",
        "cumulative": true
    },
    {
        "date": "2020-09-11T12:06:48Z",
        "value": "201100.0231847763",
        "cumulative": true
    },
    {
        "date": "2020-09-11T12:06:58Z",
        "value": "203686.15448093414",
        "cumulative": true
    },
    {
        "date": "2020-09-11T12:07:16Z",
        "value": "207934.57408809662",
        "cumulative": true
    },
    {
        "date": "2020-09-11T12:07:26Z",
        "value": "210225.1379480362",
        "cumulative": true
    },
    {
        "date": "2020-09-11T12:07:46Z",
        "value": "215261.120511055",
        "cumulative": true
    },
    {
        "date": "2020-09-11T12:07:57Z",
        "value": "217863.1080751419",
        "cumulative": true
    },
    {
        "date": "2020-09-11T12:08:15Z",
        "value": "222451.90979003906",
        "cumulative": true
    },
    {
        "date": "2020-09-11T12:08:31Z",
        "value": "226452.24335861206",
        "cumulative": true
    },
    {
        "date": "2020-09-11T12:08:44Z",
        "value": "229492.5533771515",
        "cumulative": true
    },
    {
        "date": "2020-09-11T12:09:00Z",
        "value": "233548.24753189087",
        "cumulative": true
    },
    {
        "date": "2020-09-11T12:09:12Z",
        "value": "236442.0288257599",
        "cumulative": true
    },
    {
        "date": "2020-09-11T12:09:28Z",
        "value": "240492.29834365845",
        "cumulative": true
    },
    {
        "date": "2020-09-11T12:09:48Z",
        "value": "245119.85936546326",
        "cumulative": true
    },
    {
        "date": "2020-09-11T12:10:06Z",
        "value": "249751.90510368347",
        "cumulative": true
    },
    {
        "date": "2020-09-11T12:10:21Z",
        "value": "253814.03842926025",
        "cumulative": true
    },
    {
        "date": "2020-09-11T12:10:32Z",
        "value": "256343.62769126892",
        "cumulative": true
    },
    {
        "date": "2020-09-11T12:10:45Z",
        "value": "259629.87104988098",
        "cumulative": true
    },
    {
        "date": "2020-09-11T12:10:59Z",
        "value": "263108.068397522",
        "cumulative": true
    },
    {
        "date": "2020-09-11T12:11:16Z",
        "value": "267716.8642883301",
        "cumulative": true
    },
    {
        "date": "2020-09-11T12:11:35Z",
        "value": "272452.96953964233",
        "cumulative": true
    },
    {
        "date": "2020-09-11T12:11:49Z",
        "value": "275959.88379859924",
        "cumulative": true
    },
    {
        "date": "2020-09-11T12:12:04Z",
        "value": "278757.9514436722",
        "cumulative": true
    }
]