[
    {
        "date": "2020-12-08T10:53:10.220Z",
        "value": "0.05576348304748535",
        "cumulative": false
    },
    {
        "date": "2020-12-08T10:53:15.436Z",
        "value": "0.05609917640686035",
        "cumulative": false
    },
    {
        "date": "2020-12-08T10:53:20.675Z",
        "value": "0.05490422248840332",
        "cumulative": false
    },
    {
        "date": "2020-12-08T10:53:25.935Z",
        "value": "0.05858325958251953",
        "cumulative": false
    },
    {
        "date": "2020-12-08T10:53:31.260Z",
        "value": "0.05764293670654297",
        "cumulative": false
    },
    {
        "date": "2020-12-08T10:53:36.503Z",
        "value": "0.05690288543701172",
        "cumulative": false
    },
    {
        "date": "2020-12-08T10:53:41.703Z",
        "value": "0.056565284729003906",
        "cumulative": false
    },
    {
        "date": "2020-12-08T10:53:46.909Z",
        "value": "0.05534243583679199",
        "cumulative": false
    },
    {
        "date": "2020-12-08T10:53:52.148Z",
        "value": "0.0560755729675293",
        "cumulative": false
    },
    {
        "date": "2020-12-08T10:53:57.359Z",
        "value": "0.0554356575012207",
        "cumulative": false
    },
    {
        "date": "2020-12-08T10:54:02.651Z",
        "value": "0.05772519111633301",
        "cumulative": false
    },
    {
        "date": "2020-12-08T10:54:07.951Z",
        "value": "0.05811786651611328",
        "cumulative": false
    }
]