[
    {
        "date": "2020-12-08T10:53:10.219Z",
        "value": "0.23279285430908203",
        "cumulative": false
    },
    {
        "date": "2020-12-08T10:53:15.437Z",
        "value": "0.23714828491210938",
        "cumulative": false
    },
    {
        "date": "2020-12-08T10:53:20.672Z",
        "value": "0.24857544898986816",
        "cumulative": false
    },
    {
        "date": "2020-12-08T10:53:25.931Z",
        "value": "0.22561264038085938",
        "cumulative": false
    },
    {
        "date": "2020-12-08T10:53:31.253Z",
        "value": "0.24982762336730957",
        "cumulative": false
    },
    {
        "date": "2020-12-08T10:53:36.497Z",
        "value": "0.21926569938659668",
        "cumulative": false
    },
    {
        "date": "2020-12-08T10:53:41.691Z",
        "value": "0.22974085807800293",
        "cumulative": false
    },
    {
        "date": "2020-12-08T10:53:46.907Z",
        "value": "0.24025630950927734",
        "cumulative": false
    },
    {
        "date": "2020-12-08T10:53:52.144Z",
        "value": "0.2245631217956543",
        "cumulative": false
    },
    {
        "date": "2020-12-08T10:53:57.357Z",
        "value": "0.24651789665222168",
        "cumulative": false
    },
    {
        "date": "2020-12-08T10:54:02.645Z",
        "value": "0.23302197456359863",
        "cumulative": false
    },
    {
        "date": "2020-12-08T10:54:07.945Z",
        "value": "0.2471158504486084",
        "cumulative": false
    }
]