[
    {
        "date": "2020-12-08T10:53:05.655Z",
        "value": "2.566725254058838",
        "cumulative": false
    },
    {
        "date": "2020-12-08T10:53:06.917Z",
        "value": "2.076960563659668",
        "cumulative": false
    },
    {
        "date": "2020-12-08T10:53:08.061Z",
        "value": "1.7901948690414429",
        "cumulative": false
    },
    {
        "date": "2020-12-08T10:53:09.217Z",
        "value": "1.636163353919983",
        "cumulative": false
    },
    {
        "date": "2020-12-08T10:53:10.952Z",
        "value": "1.5741411447525024",
        "cumulative": false
    },
    {
        "date": "2020-12-08T10:53:12.097Z",
        "value": "1.5101516246795654",
        "cumulative": false
    },
    {
        "date": "2020-12-08T10:53:13.253Z",
        "value": "1.4992122650146484",
        "cumulative": false
    },
    {
        "date": "2020-12-08T10:53:14.407Z",
        "value": "1.4775254726409912",
        "cumulative": false
    },
    {
        "date": "2020-12-08T10:53:16.171Z",
        "value": "1.3038842678070068",
        "cumulative": false
    },
    {
        "date": "2020-12-08T10:53:17.320Z",
        "value": "1.470414400100708",
        "cumulative": false
    },
    {
        "date": "2020-12-08T10:53:18.489Z",
        "value": "1.1486930847167969",
        "cumulative": false
    },
    {
        "date": "2020-12-08T10:53:19.635Z",
        "value": "1.3514013290405273",
        "cumulative": false
    },
    {
        "date": "2020-12-08T10:53:21.403Z",
        "value": "0.890733003616333",
        "cumulative": false
    },
    {
        "date": "2020-12-08T10:53:22.563Z",
        "value": "1.137619972229004",
        "cumulative": false
    },
    {
        "date": "2020-12-08T10:53:23.719Z",
        "value": "0.9488343000411987",
        "cumulative": false
    },
    {
        "date": "2020-12-08T10:53:24.884Z",
        "value": "0.9840003252029419",
        "cumulative": false
    },
    {
        "date": "2020-12-08T10:53:26.711Z",
        "value": "0.804457426071167",
        "cumulative": false
    },
    {
        "date": "2020-12-08T10:53:27.905Z",
        "value": "0.9018263220787048",
        "cumulative": false
    },
    {
        "date": "2020-12-08T10:53:29.074Z",
        "value": "0.8805059790611267",
        "cumulative": false
    },
    {
        "date": "2020-12-08T10:53:30.252Z",
        "value": "0.7969890832901001",
        "cumulative": false
    },
    {
        "date": "2020-12-08T10:53:31.975Z",
        "value": "0.7854516506195068",
        "cumulative": false
    },
    {
        "date": "2020-12-08T10:53:33.131Z",
        "value": "0.8781647682189941",
        "cumulative": false
    },
    {
        "date": "2020-12-08T10:53:34.273Z",
        "value": "0.7833349704742432",
        "cumulative": false
    },
    {
        "date": "2020-12-08T10:53:35.469Z",
        "value": "0.7866161465644836",
        "cumulative": false
    },
    {
        "date": "2020-12-08T10:53:37.196Z",
        "value": "0.6354318261146545",
        "cumulative": false
    },
    {
        "date": "2020-12-08T10:53:38.354Z",
        "value": "0.7408202886581421",
        "cumulative": false
    },
    {
        "date": "2020-12-08T10:53:39.508Z",
        "value": "0.6412748694419861",
        "cumulative": false
    },
    {
        "date": "2020-12-08T10:53:40.670Z",
        "value": "0.6485450267791748",
        "cumulative": false
    },
    {
        "date": "2020-12-08T10:53:42.406Z",
        "value": "0.6452909708023071",
        "cumulative": false
    },
    {
        "date": "2020-12-08T10:53:43.570Z",
        "value": "0.7444393038749695",
        "cumulative": false
    },
    {
        "date": "2020-12-08T10:53:44.734Z",
        "value": "0.6443378925323486",
        "cumulative": false
    },
    {
        "date": "2020-12-08T10:53:45.901Z",
        "value": "0.5620402693748474",
        "cumulative": false
    },
    {
        "date": "2020-12-08T10:53:47.655Z",
        "value": "0.5360475182533264",
        "cumulative": false
    },
    {
        "date": "2020-12-08T10:53:48.843Z",
        "value": "0.538713276386261",
        "cumulative": false
    },
    {
        "date": "2020-12-08T10:53:49.970Z",
        "value": "0.49467483162879944",
        "cumulative": false
    },
    {
        "date": "2020-12-08T10:53:51.114Z",
        "value": "0.5845084190368652",
        "cumulative": false
    },
    {
        "date": "2020-12-08T10:53:52.868Z",
        "value": "0.6401129961013794",
        "cumulative": false
    },
    {
        "date": "2020-12-08T10:53:54.030Z",
        "value": "0.5713769793510437",
        "cumulative": false
    },
    {
        "date": "2020-12-08T10:53:55.191Z",
        "value": "0.45115724205970764",
        "cumulative": false
    },
    {
        "date": "2020-12-08T10:53:56.316Z",
        "value": "0.43915143609046936",
        "cumulative": false
    },
    {
        "date": "2020-12-08T10:53:58.131Z",
        "value": "0.5127032399177551",
        "cumulative": false
    },
    {
        "date": "2020-12-08T10:53:59.288Z",
        "value": "0.5558702945709229",
        "cumulative": false
    },
    {
        "date": "2020-12-08T10:54:00.435Z",
        "value": "0.4542243480682373",
        "cumulative": false
    },
    {
        "date": "2020-12-08T10:54:01.628Z",
        "value": "0.557730495929718",
        "cumulative": false
    },
    {
        "date": "2020-12-08T10:54:03.355Z",
        "value": "0.37895992398262024",
        "cumulative": false
    },
    {
        "date": "2020-12-08T10:54:04.556Z",
        "value": "0.5077022314071655",
        "cumulative": false
    },
    {
        "date": "2020-12-08T10:54:05.728Z",
        "value": "0.3728761076927185",
        "cumulative": false
    },
    {
        "date": "2020-12-08T10:54:06.904Z",
        "value": "0.45422685146331787",
        "cumulative": false
    }
]