[
    {
        "date": "2020-12-08T10:53:10.219Z",
        "value": "4.399574518203735",
        "cumulative": false
    },
    {
        "date": "2020-12-08T10:53:15.437Z",
        "value": "0.6936395168304443",
        "cumulative": false
    },
    {
        "date": "2020-12-08T10:53:20.672Z",
        "value": "0.7109367847442627",
        "cumulative": false
    },
    {
        "date": "2020-12-08T10:53:25.931Z",
        "value": "0.702488899230957",
        "cumulative": false
    },
    {
        "date": "2020-12-08T10:53:31.253Z",
        "value": "0.7017385959625244",
        "cumulative": false
    },
    {
        "date": "2020-12-08T10:53:36.497Z",
        "value": "0.6802234649658203",
        "cumulative": false
    },
    {
        "date": "2020-12-08T10:53:41.691Z",
        "value": "0.6661896705627441",
        "cumulative": false
    },
    {
        "date": "2020-12-08T10:53:46.907Z",
        "value": "0.7036254405975342",
        "cumulative": false
    },
    {
        "date": "2020-12-08T10:53:52.144Z",
        "value": "0.6859772205352783",
        "cumulative": false
    },
    {
        "date": "2020-12-08T10:53:57.357Z",
        "value": "0.7335679531097412",
        "cumulative": false
    },
    {
        "date": "2020-12-08T10:54:02.645Z",
        "value": "0.6856234073638916",
        "cumulative": false
    },
    {
        "date": "2020-12-08T10:54:07.945Z",
        "value": "0.7200703620910645",
        "cumulative": false
    }
]