[
    {
        "date": "2020-12-08T10:53:05.662Z",
        "value": "7.03125",
        "cumulative": false
    },
    {
        "date": "2020-12-08T10:53:06.927Z",
        "value": "21.875",
        "cumulative": false
    },
    {
        "date": "2020-12-08T10:53:08.067Z",
        "value": "31.25",
        "cumulative": false
    },
    {
        "date": "2020-12-08T10:53:09.222Z",
        "value": "34.375",
        "cumulative": false
    },
    {
        "date": "2020-12-08T10:53:10.956Z",
        "value": "37.5",
        "cumulative": false
    },
    {
        "date": "2020-12-08T10:53:12.098Z",
        "value": "47.65625",
        "cumulative": false
    },
    {
        "date": "2020-12-08T10:53:13.258Z",
        "value": "39.0625",
        "cumulative": false
    },
    {
        "date": "2020-12-08T10:53:14.414Z",
        "value": "46.875",
        "cumulative": false
    },
    {
        "date": "2020-12-08T10:53:16.173Z",
        "value": "53.125",
        "cumulative": false
    },
    {
        "date": "2020-12-08T10:53:17.325Z",
        "value": "58.59375",
        "cumulative": false
    },
    {
        "date": "2020-12-08T10:53:18.496Z",
        "value": "59.375",
        "cumulative": false
    },
    {
        "date": "2020-12-08T10:53:19.639Z",
        "value": "61.71875",
        "cumulative": false
    },
    {
        "date": "2020-12-08T10:53:21.412Z",
        "value": "69.53125",
        "cumulative": false
    },
    {
        "date": "2020-12-08T10:53:22.568Z",
        "value": "59.375",
        "cumulative": false
    },
    {
        "date": "2020-12-08T10:53:23.724Z",
        "value": "67.1875",
        "cumulative": false
    },
    {
        "date": "2020-12-08T10:53:24.889Z",
        "value": "60.9375",
        "cumulative": false
    },
    {
        "date": "2020-12-08T10:53:26.718Z",
        "value": "69.53125",
        "cumulative": false
    },
    {
        "date": "2020-12-08T10:53:27.912Z",
        "value": "67.96875",
        "cumulative": false
    },
    {
        "date": "2020-12-08T10:53:29.077Z",
        "value": "64.0625",
        "cumulative": false
    },
    {
        "date": "2020-12-08T10:53:30.257Z",
        "value": "67.96875",
        "cumulative": false
    },
    {
        "date": "2020-12-08T10:53:31.987Z",
        "value": "70.3125",
        "cumulative": false
    },
    {
        "date": "2020-12-08T10:53:33.132Z",
        "value": "75.78125",
        "cumulative": false
    },
    {
        "date": "2020-12-08T10:53:34.278Z",
        "value": "72.65625",
        "cumulative": false
    },
    {
        "date": "2020-12-08T10:53:35.474Z",
        "value": "77.34375",
        "cumulative": false
    },
    {
        "date": "2020-12-08T10:53:37.199Z",
        "value": "72.65625",
        "cumulative": false
    },
    {
        "date": "2020-12-08T10:53:38.357Z",
        "value": "75.78125",
        "cumulative": false
    },
    {
        "date": "2020-12-08T10:53:39.509Z",
        "value": "75.78125",
        "cumulative": false
    },
    {
        "date": "2020-12-08T10:53:40.676Z",
        "value": "67.1875",
        "cumulative": false
    },
    {
        "date": "2020-12-08T10:53:42.416Z",
        "value": "78.125",
        "cumulative": false
    },
    {
        "date": "2020-12-08T10:53:43.579Z",
        "value": "72.65625",
        "cumulative": false
    },
    {
        "date": "2020-12-08T10:53:44.740Z",
        "value": "73.4375",
        "cumulative": false
    },
    {
        "date": "2020-12-08T10:53:45.905Z",
        "value": "82.8125",
        "cumulative": false
    },
    {
        "date": "2020-12-08T10:53:47.661Z",
        "value": "80.46875",
        "cumulative": false
    },
    {
        "date": "2020-12-08T10:53:48.845Z",
        "value": "80.46875",
        "cumulative": false
    },
    {
        "date": "2020-12-08T10:53:49.976Z",
        "value": "81.25",
        "cumulative": false
    },
    {
        "date": "2020-12-08T10:53:51.121Z",
        "value": "83.59375",
        "cumulative": false
    },
    {
        "date": "2020-12-08T10:53:52.867Z",
        "value": "78.90625",
        "cumulative": false
    },
    {
        "date": "2020-12-08T10:53:54.036Z",
        "value": "82.8125",
        "cumulative": false
    },
    {
        "date": "2020-12-08T10:53:55.196Z",
        "value": "80.46875",
        "cumulative": false
    },
    {
        "date": "2020-12-08T10:53:56.317Z",
        "value": "77.34375",
        "cumulative": false
    },
    {
        "date": "2020-12-08T10:53:58.133Z",
        "value": "82.8125",
        "cumulative": false
    },
    {
        "date": "2020-12-08T10:53:59.294Z",
        "value": "82.8125",
        "cumulative": false
    },
    {
        "date": "2020-12-08T10:54:00.446Z",
        "value": "77.34375",
        "cumulative": false
    },
    {
        "date": "2020-12-08T10:54:01.630Z",
        "value": "83.59375",
        "cumulative": false
    },
    {
        "date": "2020-12-08T10:54:03.365Z",
        "value": "80.46875",
        "cumulative": false
    },
    {
        "date": "2020-12-08T10:54:04.566Z",
        "value": "81.25",
        "cumulative": false
    },
    {
        "date": "2020-12-08T10:54:05.729Z",
        "value": "85.9375",
        "cumulative": false
    },
    {
        "date": "2020-12-08T10:54:06.909Z",
        "value": "89.0625",
        "cumulative": false
    }
]