[
    {
        "date": "2020-12-08T10:53:05.658Z",
        "value": "7.03125",
        "cumulative": false
    },
    {
        "date": "2020-12-08T10:53:06.918Z",
        "value": "20.3125",
        "cumulative": false
    },
    {
        "date": "2020-12-08T10:53:08.064Z",
        "value": "33.59375",
        "cumulative": false
    },
    {
        "date": "2020-12-08T10:53:09.218Z",
        "value": "41.40625",
        "cumulative": false
    },
    {
        "date": "2020-12-08T10:53:10.953Z",
        "value": "37.5",
        "cumulative": false
    },
    {
        "date": "2020-12-08T10:53:12.094Z",
        "value": "32.03125",
        "cumulative": false
    },
    {
        "date": "2020-12-08T10:53:13.255Z",
        "value": "48.4375",
        "cumulative": false
    },
    {
        "date": "2020-12-08T10:53:14.409Z",
        "value": "47.65625",
        "cumulative": false
    },
    {
        "date": "2020-12-08T10:53:16.166Z",
        "value": "58.59375",
        "cumulative": false
    },
    {
        "date": "2020-12-08T10:53:17.321Z",
        "value": "50.0",
        "cumulative": false
    },
    {
        "date": "2020-12-08T10:53:18.490Z",
        "value": "58.59375",
        "cumulative": false
    },
    {
        "date": "2020-12-08T10:53:19.635Z",
        "value": "57.03125",
        "cumulative": false
    },
    {
        "date": "2020-12-08T10:53:21.407Z",
        "value": "65.625",
        "cumulative": false
    },
    {
        "date": "2020-12-08T10:53:22.564Z",
        "value": "58.59375",
        "cumulative": false
    },
    {
        "date": "2020-12-08T10:53:23.720Z",
        "value": "54.6875",
        "cumulative": false
    },
    {
        "date": "2020-12-08T10:53:24.886Z",
        "value": "70.3125",
        "cumulative": false
    },
    {
        "date": "2020-12-08T10:53:26.715Z",
        "value": "67.1875",
        "cumulative": false
    },
    {
        "date": "2020-12-08T10:53:27.906Z",
        "value": "71.875",
        "cumulative": false
    },
    {
        "date": "2020-12-08T10:53:29.071Z",
        "value": "67.1875",
        "cumulative": false
    },
    {
        "date": "2020-12-08T10:53:30.250Z",
        "value": "72.65625",
        "cumulative": false
    },
    {
        "date": "2020-12-08T10:53:31.982Z",
        "value": "64.84375",
        "cumulative": false
    },
    {
        "date": "2020-12-08T10:53:33.133Z",
        "value": "67.1875",
        "cumulative": false
    },
    {
        "date": "2020-12-08T10:53:34.274Z",
        "value": "67.96875",
        "cumulative": false
    },
    {
        "date": "2020-12-08T10:53:35.471Z",
        "value": "76.5625",
        "cumulative": false
    },
    {
        "date": "2020-12-08T10:53:37.194Z",
        "value": "75.78125",
        "cumulative": false
    },
    {
        "date": "2020-12-08T10:53:38.356Z",
        "value": "66.40625",
        "cumulative": false
    },
    {
        "date": "2020-12-08T10:53:39.505Z",
        "value": "78.125",
        "cumulative": false
    },
    {
        "date": "2020-12-08T10:53:40.676Z",
        "value": "71.09375",
        "cumulative": false
    },
    {
        "date": "2020-12-08T10:53:42.412Z",
        "value": "75.0",
        "cumulative": false
    },
    {
        "date": "2020-12-08T10:53:43.571Z",
        "value": "75.78125",
        "cumulative": false
    },
    {
        "date": "2020-12-08T10:53:44.740Z",
        "value": "75.78125",
        "cumulative": false
    },
    {
        "date": "2020-12-08T10:53:45.901Z",
        "value": "71.875",
        "cumulative": false
    },
    {
        "date": "2020-12-08T10:53:47.658Z",
        "value": "75.78125",
        "cumulative": false
    },
    {
        "date": "2020-12-08T10:53:48.841Z",
        "value": "83.59375",
        "cumulative": false
    },
    {
        "date": "2020-12-08T10:53:49.971Z",
        "value": "78.90625",
        "cumulative": false
    },
    {
        "date": "2020-12-08T10:53:51.120Z",
        "value": "73.4375",
        "cumulative": false
    },
    {
        "date": "2020-12-08T10:53:52.863Z",
        "value": "78.125",
        "cumulative": false
    },
    {
        "date": "2020-12-08T10:53:54.031Z",
        "value": "79.6875",
        "cumulative": false
    },
    {
        "date": "2020-12-08T10:53:55.192Z",
        "value": "82.03125",
        "cumulative": false
    },
    {
        "date": "2020-12-08T10:53:56.320Z",
        "value": "82.8125",
        "cumulative": false
    },
    {
        "date": "2020-12-08T10:53:58.135Z",
        "value": "79.6875",
        "cumulative": false
    },
    {
        "date": "2020-12-08T10:53:59.289Z",
        "value": "78.90625",
        "cumulative": false
    },
    {
        "date": "2020-12-08T10:54:00.436Z",
        "value": "79.6875",
        "cumulative": false
    },
    {
        "date": "2020-12-08T10:54:01.630Z",
        "value": "77.34375",
        "cumulative": false
    },
    {
        "date": "2020-12-08T10:54:03.361Z",
        "value": "85.9375",
        "cumulative": false
    },
    {
        "date": "2020-12-08T10:54:04.562Z",
        "value": "83.59375",
        "cumulative": false
    },
    {
        "date": "2020-12-08T10:54:05.725Z",
        "value": "82.8125",
        "cumulative": false
    },
    {
        "date": "2020-12-08T10:54:06.903Z",
        "value": "87.5",
        "cumulative": false
    }
]