[
    {
        "date": "2020-12-08T10:53:10.215Z",
        "value": "0.5002069473266602",
        "cumulative": false
    },
    {
        "date": "2020-12-08T10:53:15.439Z",
        "value": "0.5133218765258789",
        "cumulative": false
    },
    {
        "date": "2020-12-08T10:53:20.675Z",
        "value": "0.48348236083984375",
        "cumulative": false
    },
    {
        "date": "2020-12-08T10:53:25.928Z",
        "value": "0.5005509853363037",
        "cumulative": false
    },
    {
        "date": "2020-12-08T10:53:31.254Z",
        "value": "0.5071756839752197",
        "cumulative": false
    },
    {
        "date": "2020-12-08T10:53:36.498Z",
        "value": "0.4891977310180664",
        "cumulative": false
    },
    {
        "date": "2020-12-08T10:53:41.692Z",
        "value": "0.5104281902313232",
        "cumulative": false
    },
    {
        "date": "2020-12-08T10:53:46.917Z",
        "value": "0.49423670768737793",
        "cumulative": false
    },
    {
        "date": "2020-12-08T10:53:52.147Z",
        "value": "0.4969308376312256",
        "cumulative": false
    },
    {
        "date": "2020-12-08T10:53:57.359Z",
        "value": "0.4852912425994873",
        "cumulative": false
    },
    {
        "date": "2020-12-08T10:54:02.653Z",
        "value": "0.48420143127441406",
        "cumulative": false
    },
    {
        "date": "2020-12-08T10:54:07.947Z",
        "value": "0.5200662612915039",
        "cumulative": false
    }
]