[
    {
        "date": "2020-12-08T10:53:10.215Z",
        "value": "8.77888035774231",
        "cumulative": false
    },
    {
        "date": "2020-12-08T10:53:15.439Z",
        "value": "4.44840931892395",
        "cumulative": false
    },
    {
        "date": "2020-12-08T10:53:20.675Z",
        "value": "4.468248128890991",
        "cumulative": false
    },
    {
        "date": "2020-12-08T10:53:25.928Z",
        "value": "4.496294736862183",
        "cumulative": false
    },
    {
        "date": "2020-12-08T10:53:31.254Z",
        "value": "4.52241063117981",
        "cumulative": false
    },
    {
        "date": "2020-12-08T10:53:36.498Z",
        "value": "4.474543333053589",
        "cumulative": false
    },
    {
        "date": "2020-12-08T10:53:41.692Z",
        "value": "4.44593071937561",
        "cumulative": false
    },
    {
        "date": "2020-12-08T10:53:46.917Z",
        "value": "4.4520862102508545",
        "cumulative": false
    },
    {
        "date": "2020-12-08T10:53:52.146Z",
        "value": "4.454033374786377",
        "cumulative": false
    },
    {
        "date": "2020-12-08T10:53:57.359Z",
        "value": "4.4501049518585205",
        "cumulative": false
    },
    {
        "date": "2020-12-08T10:54:02.653Z",
        "value": "4.488589525222778",
        "cumulative": false
    },
    {
        "date": "2020-12-08T10:54:07.946Z",
        "value": "4.5263471603393555",
        "cumulative": false
    }
]