[
    {
        "date": "2020-12-08T10:53:10.219Z",
        "value": "8.79940915107727",
        "cumulative": false
    },
    {
        "date": "2020-12-08T10:53:15.437Z",
        "value": "4.446601152420044",
        "cumulative": false
    },
    {
        "date": "2020-12-08T10:53:20.672Z",
        "value": "4.455031394958496",
        "cumulative": false
    },
    {
        "date": "2020-12-08T10:53:25.931Z",
        "value": "4.474903345108032",
        "cumulative": false
    },
    {
        "date": "2020-12-08T10:53:31.253Z",
        "value": "4.49423360824585",
        "cumulative": false
    },
    {
        "date": "2020-12-08T10:53:36.497Z",
        "value": "4.48054313659668",
        "cumulative": false
    },
    {
        "date": "2020-12-08T10:53:41.691Z",
        "value": "4.441218137741089",
        "cumulative": false
    },
    {
        "date": "2020-12-08T10:53:46.907Z",
        "value": "4.453807830810547",
        "cumulative": false
    },
    {
        "date": "2020-12-08T10:53:52.144Z",
        "value": "4.442951679229736",
        "cumulative": false
    },
    {
        "date": "2020-12-08T10:53:57.357Z",
        "value": "4.4465012550354",
        "cumulative": false
    },
    {
        "date": "2020-12-08T10:54:02.645Z",
        "value": "4.471682548522949",
        "cumulative": false
    },
    {
        "date": "2020-12-08T10:54:07.945Z",
        "value": "4.529489278793335",
        "cumulative": false
    }
]