[
    {
        "date": "2020-12-08T10:53:10.220Z",
        "value": "0.00020599365234375",
        "cumulative": false
    },
    {
        "date": "2020-12-08T10:53:15.436Z",
        "value": "0.0002655982971191406",
        "cumulative": false
    },
    {
        "date": "2020-12-08T10:53:20.675Z",
        "value": "0.00024700164794921875",
        "cumulative": false
    },
    {
        "date": "2020-12-08T10:53:25.935Z",
        "value": "0.0002346038818359375",
        "cumulative": false
    },
    {
        "date": "2020-12-08T10:53:31.260Z",
        "value": "0.0002346038818359375",
        "cumulative": false
    },
    {
        "date": "2020-12-08T10:53:36.503Z",
        "value": "0.0002541542053222656",
        "cumulative": false
    },
    {
        "date": "2020-12-08T10:53:41.703Z",
        "value": "0.00026988983154296875",
        "cumulative": false
    },
    {
        "date": "2020-12-08T10:53:46.909Z",
        "value": "0.0002143383026123047",
        "cumulative": false
    },
    {
        "date": "2020-12-08T10:53:52.148Z",
        "value": "0.00022459030151367188",
        "cumulative": false
    },
    {
        "date": "2020-12-08T10:53:57.359Z",
        "value": "0.00023365020751953125",
        "cumulative": false
    },
    {
        "date": "2020-12-08T10:54:02.651Z",
        "value": "0.00023174285888671875",
        "cumulative": false
    },
    {
        "date": "2020-12-08T10:54:07.951Z",
        "value": "0.0002231597900390625",
        "cumulative": false
    }
]