[
    {
        "date": "2020-12-08T10:53:05.656Z",
        "value": "2.5621442794799805",
        "cumulative": false
    },
    {
        "date": "2020-12-08T10:53:06.916Z",
        "value": "2.038816452026367",
        "cumulative": false
    },
    {
        "date": "2020-12-08T10:53:08.064Z",
        "value": "1.904266595840454",
        "cumulative": false
    },
    {
        "date": "2020-12-08T10:53:09.218Z",
        "value": "1.632667064666748",
        "cumulative": false
    },
    {
        "date": "2020-12-08T10:53:10.953Z",
        "value": "1.6193883419036865",
        "cumulative": false
    },
    {
        "date": "2020-12-08T10:53:12.094Z",
        "value": "1.709123969078064",
        "cumulative": false
    },
    {
        "date": "2020-12-08T10:53:13.255Z",
        "value": "1.5398696660995483",
        "cumulative": false
    },
    {
        "date": "2020-12-08T10:53:14.409Z",
        "value": "1.5495576858520508",
        "cumulative": false
    },
    {
        "date": "2020-12-08T10:53:16.166Z",
        "value": "1.0420969724655151",
        "cumulative": false
    },
    {
        "date": "2020-12-08T10:53:17.321Z",
        "value": "1.2312227487564087",
        "cumulative": false
    },
    {
        "date": "2020-12-08T10:53:18.490Z",
        "value": "1.139766812324524",
        "cumulative": false
    },
    {
        "date": "2020-12-08T10:53:19.635Z",
        "value": "1.2172175645828247",
        "cumulative": false
    },
    {
        "date": "2020-12-08T10:53:21.407Z",
        "value": "0.9524876475334167",
        "cumulative": false
    },
    {
        "date": "2020-12-08T10:53:22.564Z",
        "value": "1.0953493118286133",
        "cumulative": false
    },
    {
        "date": "2020-12-08T10:53:23.720Z",
        "value": "1.2837541103363037",
        "cumulative": false
    },
    {
        "date": "2020-12-08T10:53:24.886Z",
        "value": "0.8420060276985168",
        "cumulative": false
    },
    {
        "date": "2020-12-08T10:53:26.715Z",
        "value": "0.8815783262252808",
        "cumulative": false
    },
    {
        "date": "2020-12-08T10:53:27.906Z",
        "value": "0.7903932332992554",
        "cumulative": false
    },
    {
        "date": "2020-12-08T10:53:29.071Z",
        "value": "0.8807756900787354",
        "cumulative": false
    },
    {
        "date": "2020-12-08T10:53:30.250Z",
        "value": "0.8223407864570618",
        "cumulative": false
    },
    {
        "date": "2020-12-08T10:53:31.982Z",
        "value": "0.8814682960510254",
        "cumulative": false
    },
    {
        "date": "2020-12-08T10:53:33.133Z",
        "value": "0.8928365111351013",
        "cumulative": false
    },
    {
        "date": "2020-12-08T10:53:34.274Z",
        "value": "0.7776486873626709",
        "cumulative": false
    },
    {
        "date": "2020-12-08T10:53:35.470Z",
        "value": "0.7692232728004456",
        "cumulative": false
    },
    {
        "date": "2020-12-08T10:53:37.194Z",
        "value": "0.7115743160247803",
        "cumulative": false
    },
    {
        "date": "2020-12-08T10:53:38.356Z",
        "value": "0.8963505029678345",
        "cumulative": false
    },
    {
        "date": "2020-12-08T10:53:39.505Z",
        "value": "0.6605980396270752",
        "cumulative": false
    },
    {
        "date": "2020-12-08T10:53:40.676Z",
        "value": "0.6618798971176147",
        "cumulative": false
    },
    {
        "date": "2020-12-08T10:53:42.412Z",
        "value": "0.7550198435783386",
        "cumulative": false
    },
    {
        "date": "2020-12-08T10:53:43.571Z",
        "value": "0.6533914804458618",
        "cumulative": false
    },
    {
        "date": "2020-12-08T10:53:44.740Z",
        "value": "0.6626120805740356",
        "cumulative": false
    },
    {
        "date": "2020-12-08T10:53:45.901Z",
        "value": "0.7450941205024719",
        "cumulative": false
    },
    {
        "date": "2020-12-08T10:53:47.658Z",
        "value": "0.7455219030380249",
        "cumulative": false
    },
    {
        "date": "2020-12-08T10:53:48.841Z",
        "value": "0.46634989976882935",
        "cumulative": false
    },
    {
        "date": "2020-12-08T10:53:49.971Z",
        "value": "0.5750052332878113",
        "cumulative": false
    },
    {
        "date": "2020-12-08T10:53:51.120Z",
        "value": "0.6641581058502197",
        "cumulative": false
    },
    {
        "date": "2020-12-08T10:53:52.863Z",
        "value": "0.5382285714149475",
        "cumulative": false
    },
    {
        "date": "2020-12-08T10:53:54.031Z",
        "value": "0.6409482955932617",
        "cumulative": false
    },
    {
        "date": "2020-12-08T10:53:55.192Z",
        "value": "0.5460172891616821",
        "cumulative": false
    },
    {
        "date": "2020-12-08T10:53:56.320Z",
        "value": "0.5299727320671082",
        "cumulative": false
    },
    {
        "date": "2020-12-08T10:53:58.135Z",
        "value": "0.6482335329055786",
        "cumulative": false
    },
    {
        "date": "2020-12-08T10:53:59.289Z",
        "value": "0.6523083448410034",
        "cumulative": false
    },
    {
        "date": "2020-12-08T10:54:00.436Z",
        "value": "0.5014760494232178",
        "cumulative": false
    },
    {
        "date": "2020-12-08T10:54:01.630Z",
        "value": "0.6115744113922119",
        "cumulative": false
    },
    {
        "date": "2020-12-08T10:54:03.361Z",
        "value": "0.4410409927368164",
        "cumulative": false
    },
    {
        "date": "2020-12-08T10:54:04.562Z",
        "value": "0.3595443069934845",
        "cumulative": false
    },
    {
        "date": "2020-12-08T10:54:05.725Z",
        "value": "0.5402483344078064",
        "cumulative": false
    },
    {
        "date": "2020-12-08T10:54:06.903Z",
        "value": "0.3488718867301941",
        "cumulative": false
    }
]