[
    {
        "date": "2020-12-08T10:53:10.216Z",
        "value": "0.21120953559875488",
        "cumulative": false
    },
    {
        "date": "2020-12-08T10:53:15.435Z",
        "value": "0.20815229415893555",
        "cumulative": false
    },
    {
        "date": "2020-12-08T10:53:20.685Z",
        "value": "0.22351551055908203",
        "cumulative": false
    },
    {
        "date": "2020-12-08T10:53:25.932Z",
        "value": "0.20794177055358887",
        "cumulative": false
    },
    {
        "date": "2020-12-08T10:53:31.257Z",
        "value": "0.20458126068115234",
        "cumulative": false
    },
    {
        "date": "2020-12-08T10:53:36.499Z",
        "value": "0.23037004470825195",
        "cumulative": false
    },
    {
        "date": "2020-12-08T10:53:41.690Z",
        "value": "0.2164320945739746",
        "cumulative": false
    },
    {
        "date": "2020-12-08T10:53:46.908Z",
        "value": "0.2082817554473877",
        "cumulative": false
    },
    {
        "date": "2020-12-08T10:53:52.143Z",
        "value": "0.20642328262329102",
        "cumulative": false
    },
    {
        "date": "2020-12-08T10:53:57.362Z",
        "value": "0.20098280906677246",
        "cumulative": false
    },
    {
        "date": "2020-12-08T10:54:02.648Z",
        "value": "0.2155756950378418",
        "cumulative": false
    },
    {
        "date": "2020-12-08T10:54:07.944Z",
        "value": "0.20772624015808105",
        "cumulative": false
    }
]