[
    {
        "date": "2020-12-08T10:53:05.658Z",
        "value": "43.75",
        "cumulative": false
    },
    {
        "date": "2020-12-08T10:53:06.920Z",
        "value": "81.25",
        "cumulative": false
    },
    {
        "date": "2020-12-08T10:53:08.064Z",
        "value": "83.59375",
        "cumulative": false
    },
    {
        "date": "2020-12-08T10:53:09.218Z",
        "value": "92.1875",
        "cumulative": false
    },
    {
        "date": "2020-12-08T10:53:10.953Z",
        "value": "89.84375",
        "cumulative": false
    },
    {
        "date": "2020-12-08T10:53:12.094Z",
        "value": "89.0625",
        "cumulative": false
    },
    {
        "date": "2020-12-08T10:53:13.255Z",
        "value": "87.5",
        "cumulative": false
    },
    {
        "date": "2020-12-08T10:53:14.409Z",
        "value": "90.625",
        "cumulative": false
    },
    {
        "date": "2020-12-08T10:53:16.166Z",
        "value": "97.65625",
        "cumulative": false
    },
    {
        "date": "2020-12-08T10:53:17.321Z",
        "value": "96.09375",
        "cumulative": false
    },
    {
        "date": "2020-12-08T10:53:18.490Z",
        "value": "96.09375",
        "cumulative": false
    },
    {
        "date": "2020-12-08T10:53:19.635Z",
        "value": "96.09375",
        "cumulative": false
    },
    {
        "date": "2020-12-08T10:53:21.407Z",
        "value": "98.4375",
        "cumulative": false
    },
    {
        "date": "2020-12-08T10:53:22.564Z",
        "value": "96.875",
        "cumulative": false
    },
    {
        "date": "2020-12-08T10:53:23.720Z",
        "value": "94.53125",
        "cumulative": false
    },
    {
        "date": "2020-12-08T10:53:24.886Z",
        "value": "97.65625",
        "cumulative": false
    },
    {
        "date": "2020-12-08T10:53:26.715Z",
        "value": "96.875",
        "cumulative": false
    },
    {
        "date": "2020-12-08T10:53:27.907Z",
        "value": "96.875",
        "cumulative": false
    },
    {
        "date": "2020-12-08T10:53:29.071Z",
        "value": "98.4375",
        "cumulative": false
    },
    {
        "date": "2020-12-08T10:53:30.250Z",
        "value": "96.875",
        "cumulative": false
    },
    {
        "date": "2020-12-08T10:53:31.982Z",
        "value": "95.3125",
        "cumulative": false
    },
    {
        "date": "2020-12-08T10:53:33.133Z",
        "value": "96.09375",
        "cumulative": false
    },
    {
        "date": "2020-12-08T10:53:34.274Z",
        "value": "99.21875",
        "cumulative": false
    },
    {
        "date": "2020-12-08T10:53:35.471Z",
        "value": "97.65625",
        "cumulative": false
    },
    {
        "date": "2020-12-08T10:53:37.194Z",
        "value": "100.0",
        "cumulative": false
    },
    {
        "date": "2020-12-08T10:53:38.356Z",
        "value": "97.65625",
        "cumulative": false
    },
    {
        "date": "2020-12-08T10:53:39.505Z",
        "value": "98.4375",
        "cumulative": false
    },
    {
        "date": "2020-12-08T10:53:40.676Z",
        "value": "98.4375",
        "cumulative": false
    },
    {
        "date": "2020-12-08T10:53:42.412Z",
        "value": "100.0",
        "cumulative": false
    },
    {
        "date": "2020-12-08T10:53:43.571Z",
        "value": "97.65625",
        "cumulative": false
    },
    {
        "date": "2020-12-08T10:53:44.740Z",
        "value": "98.4375",
        "cumulative": false
    },
    {
        "date": "2020-12-08T10:53:45.901Z",
        "value": "98.4375",
        "cumulative": false
    },
    {
        "date": "2020-12-08T10:53:47.658Z",
        "value": "96.875",
        "cumulative": false
    },
    {
        "date": "2020-12-08T10:53:48.841Z",
        "value": "99.21875",
        "cumulative": false
    },
    {
        "date": "2020-12-08T10:53:49.971Z",
        "value": "99.21875",
        "cumulative": false
    },
    {
        "date": "2020-12-08T10:53:51.120Z",
        "value": "99.21875",
        "cumulative": false
    },
    {
        "date": "2020-12-08T10:53:52.863Z",
        "value": "99.21875",
        "cumulative": false
    },
    {
        "date": "2020-12-08T10:53:54.031Z",
        "value": "99.21875",
        "cumulative": false
    },
    {
        "date": "2020-12-08T10:53:55.192Z",
        "value": "97.65625",
        "cumulative": false
    },
    {
        "date": "2020-12-08T10:53:56.320Z",
        "value": "99.21875",
        "cumulative": false
    },
    {
        "date": "2020-12-08T10:53:58.135Z",
        "value": "99.21875",
        "cumulative": false
    },
    {
        "date": "2020-12-08T10:53:59.289Z",
        "value": "97.65625",
        "cumulative": false
    },
    {
        "date": "2020-12-08T10:54:00.436Z",
        "value": "99.21875",
        "cumulative": false
    },
    {
        "date": "2020-12-08T10:54:01.630Z",
        "value": "98.4375",
        "cumulative": false
    },
    {
        "date": "2020-12-08T10:54:03.361Z",
        "value": "99.21875",
        "cumulative": false
    },
    {
        "date": "2020-12-08T10:54:04.562Z",
        "value": "100.0",
        "cumulative": false
    },
    {
        "date": "2020-12-08T10:54:05.725Z",
        "value": "97.65625",
        "cumulative": false
    },
    {
        "date": "2020-12-08T10:54:06.903Z",
        "value": "100.0",
        "cumulative": false
    }
]