[
    {
        "date": "2020-12-08T10:53:10.215Z",
        "value": "0.040436506271362305",
        "cumulative": false
    },
    {
        "date": "2020-12-08T10:53:15.439Z",
        "value": "0.041188955307006836",
        "cumulative": false
    },
    {
        "date": "2020-12-08T10:53:20.675Z",
        "value": "0.03826570510864258",
        "cumulative": false
    },
    {
        "date": "2020-12-08T10:53:25.928Z",
        "value": "0.0433497428894043",
        "cumulative": false
    },
    {
        "date": "2020-12-08T10:53:31.254Z",
        "value": "0.04556083679199219",
        "cumulative": false
    },
    {
        "date": "2020-12-08T10:53:36.498Z",
        "value": "0.04287886619567871",
        "cumulative": false
    },
    {
        "date": "2020-12-08T10:53:41.692Z",
        "value": "0.031772613525390625",
        "cumulative": false
    },
    {
        "date": "2020-12-08T10:53:46.917Z",
        "value": "0.039093017578125",
        "cumulative": false
    },
    {
        "date": "2020-12-08T10:53:52.146Z",
        "value": "0.04229402542114258",
        "cumulative": false
    },
    {
        "date": "2020-12-08T10:53:57.359Z",
        "value": "0.03818368911743164",
        "cumulative": false
    },
    {
        "date": "2020-12-08T10:54:02.653Z",
        "value": "0.04335284233093262",
        "cumulative": false
    },
    {
        "date": "2020-12-08T10:54:07.946Z",
        "value": "0.047196149826049805",
        "cumulative": false
    }
]