[
    {
        "date": "2020-12-08T10:53:05.662Z",
        "value": "50.78125",
        "cumulative": false
    },
    {
        "date": "2020-12-08T10:53:06.929Z",
        "value": "78.125",
        "cumulative": false
    },
    {
        "date": "2020-12-08T10:53:08.067Z",
        "value": "84.375",
        "cumulative": false
    },
    {
        "date": "2020-12-08T10:53:09.222Z",
        "value": "85.9375",
        "cumulative": false
    },
    {
        "date": "2020-12-08T10:53:10.956Z",
        "value": "89.84375",
        "cumulative": false
    },
    {
        "date": "2020-12-08T10:53:12.098Z",
        "value": "86.71875",
        "cumulative": false
    },
    {
        "date": "2020-12-08T10:53:13.258Z",
        "value": "88.28125",
        "cumulative": false
    },
    {
        "date": "2020-12-08T10:53:14.414Z",
        "value": "88.28125",
        "cumulative": false
    },
    {
        "date": "2020-12-08T10:53:16.173Z",
        "value": "94.53125",
        "cumulative": false
    },
    {
        "date": "2020-12-08T10:53:17.325Z",
        "value": "95.3125",
        "cumulative": false
    },
    {
        "date": "2020-12-08T10:53:18.496Z",
        "value": "93.75",
        "cumulative": false
    },
    {
        "date": "2020-12-08T10:53:19.639Z",
        "value": "96.875",
        "cumulative": false
    },
    {
        "date": "2020-12-08T10:53:21.412Z",
        "value": "93.75",
        "cumulative": false
    },
    {
        "date": "2020-12-08T10:53:22.568Z",
        "value": "96.09375",
        "cumulative": false
    },
    {
        "date": "2020-12-08T10:53:23.724Z",
        "value": "94.53125",
        "cumulative": false
    },
    {
        "date": "2020-12-08T10:53:24.889Z",
        "value": "97.65625",
        "cumulative": false
    },
    {
        "date": "2020-12-08T10:53:26.718Z",
        "value": "96.875",
        "cumulative": false
    },
    {
        "date": "2020-12-08T10:53:27.912Z",
        "value": "96.875",
        "cumulative": false
    },
    {
        "date": "2020-12-08T10:53:29.077Z",
        "value": "97.65625",
        "cumulative": false
    },
    {
        "date": "2020-12-08T10:53:30.257Z",
        "value": "97.65625",
        "cumulative": false
    },
    {
        "date": "2020-12-08T10:53:31.987Z",
        "value": "99.21875",
        "cumulative": false
    },
    {
        "date": "2020-12-08T10:53:33.132Z",
        "value": "98.4375",
        "cumulative": false
    },
    {
        "date": "2020-12-08T10:53:34.278Z",
        "value": "98.4375",
        "cumulative": false
    },
    {
        "date": "2020-12-08T10:53:35.474Z",
        "value": "96.875",
        "cumulative": false
    },
    {
        "date": "2020-12-08T10:53:37.199Z",
        "value": "96.09375",
        "cumulative": false
    },
    {
        "date": "2020-12-08T10:53:38.357Z",
        "value": "98.4375",
        "cumulative": false
    },
    {
        "date": "2020-12-08T10:53:39.509Z",
        "value": "100.0",
        "cumulative": false
    },
    {
        "date": "2020-12-08T10:53:40.676Z",
        "value": "97.65625",
        "cumulative": false
    },
    {
        "date": "2020-12-08T10:53:42.416Z",
        "value": "100.0",
        "cumulative": false
    },
    {
        "date": "2020-12-08T10:53:43.579Z",
        "value": "99.21875",
        "cumulative": false
    },
    {
        "date": "2020-12-08T10:53:44.741Z",
        "value": "100.0",
        "cumulative": false
    },
    {
        "date": "2020-12-08T10:53:45.905Z",
        "value": "100.0",
        "cumulative": false
    },
    {
        "date": "2020-12-08T10:53:47.661Z",
        "value": "100.0",
        "cumulative": false
    },
    {
        "date": "2020-12-08T10:53:48.845Z",
        "value": "99.21875",
        "cumulative": false
    },
    {
        "date": "2020-12-08T10:53:49.976Z",
        "value": "99.21875",
        "cumulative": false
    },
    {
        "date": "2020-12-08T10:53:51.121Z",
        "value": "96.875",
        "cumulative": false
    },
    {
        "date": "2020-12-08T10:53:52.867Z",
        "value": "100.0",
        "cumulative": false
    },
    {
        "date": "2020-12-08T10:53:54.036Z",
        "value": "100.0",
        "cumulative": false
    },
    {
        "date": "2020-12-08T10:53:55.196Z",
        "value": "97.65625",
        "cumulative": false
    },
    {
        "date": "2020-12-08T10:53:56.318Z",
        "value": "97.65625",
        "cumulative": false
    },
    {
        "date": "2020-12-08T10:53:58.133Z",
        "value": "100.0",
        "cumulative": false
    },
    {
        "date": "2020-12-08T10:53:59.294Z",
        "value": "100.0",
        "cumulative": false
    },
    {
        "date": "2020-12-08T10:54:00.446Z",
        "value": "99.21875",
        "cumulative": false
    },
    {
        "date": "2020-12-08T10:54:01.630Z",
        "value": "98.4375",
        "cumulative": false
    },
    {
        "date": "2020-12-08T10:54:03.365Z",
        "value": "99.21875",
        "cumulative": false
    },
    {
        "date": "2020-12-08T10:54:04.566Z",
        "value": "100.0",
        "cumulative": false
    },
    {
        "date": "2020-12-08T10:54:05.730Z",
        "value": "100.0",
        "cumulative": false
    },
    {
        "date": "2020-12-08T10:54:06.909Z",
        "value": "98.4375",
        "cumulative": false
    }
]