[
    {
        "date": "2020-12-08T10:53:10.220Z",
        "value": "8.782107591629028",
        "cumulative": false
    },
    {
        "date": "2020-12-08T10:53:15.436Z",
        "value": "4.445452928543091",
        "cumulative": false
    },
    {
        "date": "2020-12-08T10:53:20.675Z",
        "value": "4.472638130187988",
        "cumulative": false
    },
    {
        "date": "2020-12-08T10:53:25.934Z",
        "value": "4.489587068557739",
        "cumulative": false
    },
    {
        "date": "2020-12-08T10:53:31.260Z",
        "value": "4.532799005508423",
        "cumulative": false
    },
    {
        "date": "2020-12-08T10:53:36.502Z",
        "value": "4.473864793777466",
        "cumulative": false
    },
    {
        "date": "2020-12-08T10:53:41.703Z",
        "value": "4.448642730712891",
        "cumulative": false
    },
    {
        "date": "2020-12-08T10:53:46.909Z",
        "value": "4.467127561569214",
        "cumulative": false
    },
    {
        "date": "2020-12-08T10:53:52.148Z",
        "value": "4.44931697845459",
        "cumulative": false
    },
    {
        "date": "2020-12-08T10:53:57.359Z",
        "value": "4.458994150161743",
        "cumulative": false
    },
    {
        "date": "2020-12-08T10:54:02.650Z",
        "value": "4.50184178352356",
        "cumulative": false
    },
    {
        "date": "2020-12-08T10:54:07.951Z",
        "value": "4.5293190479278564",
        "cumulative": false
    }
]