[
    {
        "date": "2020-12-08T10:53:10.216Z",
        "value": "0.4761199951171875",
        "cumulative": false
    },
    {
        "date": "2020-12-08T10:53:15.435Z",
        "value": "0.47775983810424805",
        "cumulative": false
    },
    {
        "date": "2020-12-08T10:53:20.685Z",
        "value": "0.49833106994628906",
        "cumulative": false
    },
    {
        "date": "2020-12-08T10:53:25.933Z",
        "value": "0.4853365421295166",
        "cumulative": false
    },
    {
        "date": "2020-12-08T10:53:31.257Z",
        "value": "0.47984862327575684",
        "cumulative": false
    },
    {
        "date": "2020-12-08T10:53:36.499Z",
        "value": "0.5151238441467285",
        "cumulative": false
    },
    {
        "date": "2020-12-08T10:53:41.691Z",
        "value": "0.488847017288208",
        "cumulative": false
    },
    {
        "date": "2020-12-08T10:53:46.908Z",
        "value": "0.485213041305542",
        "cumulative": false
    },
    {
        "date": "2020-12-08T10:53:52.143Z",
        "value": "0.496340274810791",
        "cumulative": false
    },
    {
        "date": "2020-12-08T10:53:57.362Z",
        "value": "0.48665404319763184",
        "cumulative": false
    },
    {
        "date": "2020-12-08T10:54:02.648Z",
        "value": "0.4919717311859131",
        "cumulative": false
    },
    {
        "date": "2020-12-08T10:54:07.944Z",
        "value": "0.4682297706604004",
        "cumulative": false
    }
]