[
    {
        "date": "2020-12-08T10:53:10.220Z",
        "value": "0.20819473266601562",
        "cumulative": false
    },
    {
        "date": "2020-12-08T10:53:15.436Z",
        "value": "0.21325254440307617",
        "cumulative": false
    },
    {
        "date": "2020-12-08T10:53:20.675Z",
        "value": "0.20803618431091309",
        "cumulative": false
    },
    {
        "date": "2020-12-08T10:53:25.934Z",
        "value": "0.20483779907226562",
        "cumulative": false
    },
    {
        "date": "2020-12-08T10:53:31.260Z",
        "value": "0.2108752727508545",
        "cumulative": false
    },
    {
        "date": "2020-12-08T10:53:36.503Z",
        "value": "0.2042391300201416",
        "cumulative": false
    },
    {
        "date": "2020-12-08T10:53:41.703Z",
        "value": "0.20177316665649414",
        "cumulative": false
    },
    {
        "date": "2020-12-08T10:53:46.909Z",
        "value": "0.1944425106048584",
        "cumulative": false
    },
    {
        "date": "2020-12-08T10:53:52.148Z",
        "value": "0.2027909755706787",
        "cumulative": false
    },
    {
        "date": "2020-12-08T10:53:57.359Z",
        "value": "0.19062256813049316",
        "cumulative": false
    },
    {
        "date": "2020-12-08T10:54:02.651Z",
        "value": "0.19417619705200195",
        "cumulative": false
    },
    {
        "date": "2020-12-08T10:54:07.951Z",
        "value": "0.20705938339233398",
        "cumulative": false
    }
]