[
    {
        "date": "2020-12-08T10:53:05.658Z",
        "value": "45.3125",
        "cumulative": false
    },
    {
        "date": "2020-12-08T10:53:06.921Z",
        "value": "78.90625",
        "cumulative": false
    },
    {
        "date": "2020-12-08T10:53:08.061Z",
        "value": "88.28125",
        "cumulative": false
    },
    {
        "date": "2020-12-08T10:53:09.217Z",
        "value": "92.96875",
        "cumulative": false
    },
    {
        "date": "2020-12-08T10:53:10.952Z",
        "value": "90.625",
        "cumulative": false
    },
    {
        "date": "2020-12-08T10:53:12.097Z",
        "value": "94.53125",
        "cumulative": false
    },
    {
        "date": "2020-12-08T10:53:13.253Z",
        "value": "89.0625",
        "cumulative": false
    },
    {
        "date": "2020-12-08T10:53:14.407Z",
        "value": "89.0625",
        "cumulative": false
    },
    {
        "date": "2020-12-08T10:53:16.171Z",
        "value": "96.875",
        "cumulative": false
    },
    {
        "date": "2020-12-08T10:53:17.320Z",
        "value": "89.84375",
        "cumulative": false
    },
    {
        "date": "2020-12-08T10:53:18.489Z",
        "value": "98.4375",
        "cumulative": false
    },
    {
        "date": "2020-12-08T10:53:19.635Z",
        "value": "93.75",
        "cumulative": false
    },
    {
        "date": "2020-12-08T10:53:21.404Z",
        "value": "96.875",
        "cumulative": false
    },
    {
        "date": "2020-12-08T10:53:22.563Z",
        "value": "96.09375",
        "cumulative": false
    },
    {
        "date": "2020-12-08T10:53:23.719Z",
        "value": "96.09375",
        "cumulative": false
    },
    {
        "date": "2020-12-08T10:53:24.884Z",
        "value": "97.65625",
        "cumulative": false
    },
    {
        "date": "2020-12-08T10:53:26.712Z",
        "value": "98.4375",
        "cumulative": false
    },
    {
        "date": "2020-12-08T10:53:27.905Z",
        "value": "96.09375",
        "cumulative": false
    },
    {
        "date": "2020-12-08T10:53:29.074Z",
        "value": "99.21875",
        "cumulative": false
    },
    {
        "date": "2020-12-08T10:53:30.252Z",
        "value": "96.875",
        "cumulative": false
    },
    {
        "date": "2020-12-08T10:53:31.976Z",
        "value": "98.4375",
        "cumulative": false
    },
    {
        "date": "2020-12-08T10:53:33.132Z",
        "value": "98.4375",
        "cumulative": false
    },
    {
        "date": "2020-12-08T10:53:34.273Z",
        "value": "97.65625",
        "cumulative": false
    },
    {
        "date": "2020-12-08T10:53:35.469Z",
        "value": "99.21875",
        "cumulative": false
    },
    {
        "date": "2020-12-08T10:53:37.196Z",
        "value": "100.0",
        "cumulative": false
    },
    {
        "date": "2020-12-08T10:53:38.355Z",
        "value": "97.65625",
        "cumulative": false
    },
    {
        "date": "2020-12-08T10:53:39.508Z",
        "value": "98.4375",
        "cumulative": false
    },
    {
        "date": "2020-12-08T10:53:40.670Z",
        "value": "100.0",
        "cumulative": false
    },
    {
        "date": "2020-12-08T10:53:42.406Z",
        "value": "99.21875",
        "cumulative": false
    },
    {
        "date": "2020-12-08T10:53:43.570Z",
        "value": "100.0",
        "cumulative": false
    },
    {
        "date": "2020-12-08T10:53:44.734Z",
        "value": "100.0",
        "cumulative": false
    },
    {
        "date": "2020-12-08T10:53:45.901Z",
        "value": "98.4375",
        "cumulative": false
    },
    {
        "date": "2020-12-08T10:53:47.655Z",
        "value": "98.4375",
        "cumulative": false
    },
    {
        "date": "2020-12-08T10:53:48.844Z",
        "value": "100.0",
        "cumulative": false
    },
    {
        "date": "2020-12-08T10:53:49.971Z",
        "value": "99.21875",
        "cumulative": false
    },
    {
        "date": "2020-12-08T10:53:51.114Z",
        "value": "98.4375",
        "cumulative": false
    },
    {
        "date": "2020-12-08T10:53:52.868Z",
        "value": "99.21875",
        "cumulative": false
    },
    {
        "date": "2020-12-08T10:53:54.030Z",
        "value": "99.21875",
        "cumulative": false
    },
    {
        "date": "2020-12-08T10:53:55.191Z",
        "value": "98.4375",
        "cumulative": false
    },
    {
        "date": "2020-12-08T10:53:56.316Z",
        "value": "99.21875",
        "cumulative": false
    },
    {
        "date": "2020-12-08T10:53:58.131Z",
        "value": "100.0",
        "cumulative": false
    },
    {
        "date": "2020-12-08T10:53:59.288Z",
        "value": "100.0",
        "cumulative": false
    },
    {
        "date": "2020-12-08T10:54:00.435Z",
        "value": "98.4375",
        "cumulative": false
    },
    {
        "date": "2020-12-08T10:54:01.628Z",
        "value": "99.21875",
        "cumulative": false
    },
    {
        "date": "2020-12-08T10:54:03.355Z",
        "value": "100.0",
        "cumulative": false
    },
    {
        "date": "2020-12-08T10:54:04.556Z",
        "value": "99.21875",
        "cumulative": false
    },
    {
        "date": "2020-12-08T10:54:05.729Z",
        "value": "99.21875",
        "cumulative": false
    },
    {
        "date": "2020-12-08T10:54:06.904Z",
        "value": "99.21875",
        "cumulative": false
    }
]