[
    {
        "date": "2020-12-08T10:53:05.657Z",
        "value": "7.03125",
        "cumulative": false
    },
    {
        "date": "2020-12-08T10:53:06.919Z",
        "value": "18.75",
        "cumulative": false
    },
    {
        "date": "2020-12-08T10:53:08.061Z",
        "value": "29.6875",
        "cumulative": false
    },
    {
        "date": "2020-12-08T10:53:09.217Z",
        "value": "31.25",
        "cumulative": false
    },
    {
        "date": "2020-12-08T10:53:10.952Z",
        "value": "34.375",
        "cumulative": false
    },
    {
        "date": "2020-12-08T10:53:12.097Z",
        "value": "40.625",
        "cumulative": false
    },
    {
        "date": "2020-12-08T10:53:13.253Z",
        "value": "43.75",
        "cumulative": false
    },
    {
        "date": "2020-12-08T10:53:14.407Z",
        "value": "50.0",
        "cumulative": false
    },
    {
        "date": "2020-12-08T10:53:16.171Z",
        "value": "51.5625",
        "cumulative": false
    },
    {
        "date": "2020-12-08T10:53:17.320Z",
        "value": "49.21875",
        "cumulative": false
    },
    {
        "date": "2020-12-08T10:53:18.489Z",
        "value": "57.8125",
        "cumulative": false
    },
    {
        "date": "2020-12-08T10:53:19.635Z",
        "value": "50.0",
        "cumulative": false
    },
    {
        "date": "2020-12-08T10:53:21.404Z",
        "value": "67.96875",
        "cumulative": false
    },
    {
        "date": "2020-12-08T10:53:22.563Z",
        "value": "59.375",
        "cumulative": false
    },
    {
        "date": "2020-12-08T10:53:23.719Z",
        "value": "69.53125",
        "cumulative": false
    },
    {
        "date": "2020-12-08T10:53:24.884Z",
        "value": "64.0625",
        "cumulative": false
    },
    {
        "date": "2020-12-08T10:53:26.712Z",
        "value": "69.53125",
        "cumulative": false
    },
    {
        "date": "2020-12-08T10:53:27.905Z",
        "value": "66.40625",
        "cumulative": false
    },
    {
        "date": "2020-12-08T10:53:29.074Z",
        "value": "69.53125",
        "cumulative": false
    },
    {
        "date": "2020-12-08T10:53:30.252Z",
        "value": "73.4375",
        "cumulative": false
    },
    {
        "date": "2020-12-08T10:53:31.976Z",
        "value": "73.4375",
        "cumulative": false
    },
    {
        "date": "2020-12-08T10:53:33.131Z",
        "value": "64.0625",
        "cumulative": false
    },
    {
        "date": "2020-12-08T10:53:34.273Z",
        "value": "74.21875",
        "cumulative": false
    },
    {
        "date": "2020-12-08T10:53:35.469Z",
        "value": "73.4375",
        "cumulative": false
    },
    {
        "date": "2020-12-08T10:53:37.196Z",
        "value": "77.34375",
        "cumulative": false
    },
    {
        "date": "2020-12-08T10:53:38.355Z",
        "value": "76.5625",
        "cumulative": false
    },
    {
        "date": "2020-12-08T10:53:39.508Z",
        "value": "79.6875",
        "cumulative": false
    },
    {
        "date": "2020-12-08T10:53:40.670Z",
        "value": "77.34375",
        "cumulative": false
    },
    {
        "date": "2020-12-08T10:53:42.406Z",
        "value": "78.90625",
        "cumulative": false
    },
    {
        "date": "2020-12-08T10:53:43.570Z",
        "value": "69.53125",
        "cumulative": false
    },
    {
        "date": "2020-12-08T10:53:44.734Z",
        "value": "74.21875",
        "cumulative": false
    },
    {
        "date": "2020-12-08T10:53:45.901Z",
        "value": "80.46875",
        "cumulative": false
    },
    {
        "date": "2020-12-08T10:53:47.655Z",
        "value": "79.6875",
        "cumulative": false
    },
    {
        "date": "2020-12-08T10:53:48.844Z",
        "value": "81.25",
        "cumulative": false
    },
    {
        "date": "2020-12-08T10:53:49.971Z",
        "value": "85.15625",
        "cumulative": false
    },
    {
        "date": "2020-12-08T10:53:51.114Z",
        "value": "80.46875",
        "cumulative": false
    },
    {
        "date": "2020-12-08T10:53:52.868Z",
        "value": "76.5625",
        "cumulative": false
    },
    {
        "date": "2020-12-08T10:53:54.030Z",
        "value": "78.125",
        "cumulative": false
    },
    {
        "date": "2020-12-08T10:53:55.191Z",
        "value": "85.15625",
        "cumulative": false
    },
    {
        "date": "2020-12-08T10:53:56.316Z",
        "value": "87.5",
        "cumulative": false
    },
    {
        "date": "2020-12-08T10:53:58.131Z",
        "value": "81.25",
        "cumulative": false
    },
    {
        "date": "2020-12-08T10:53:59.288Z",
        "value": "82.8125",
        "cumulative": false
    },
    {
        "date": "2020-12-08T10:54:00.435Z",
        "value": "84.375",
        "cumulative": false
    },
    {
        "date": "2020-12-08T10:54:01.628Z",
        "value": "77.34375",
        "cumulative": false
    },
    {
        "date": "2020-12-08T10:54:03.355Z",
        "value": "85.9375",
        "cumulative": false
    },
    {
        "date": "2020-12-08T10:54:04.556Z",
        "value": "82.8125",
        "cumulative": false
    },
    {
        "date": "2020-12-08T10:54:05.729Z",
        "value": "85.9375",
        "cumulative": false
    },
    {
        "date": "2020-12-08T10:54:06.904Z",
        "value": "82.8125",
        "cumulative": false
    }
]