[
    {
        "date": "2020-12-08T10:53:10.215Z",
        "value": "4.738781452178955",
        "cumulative": false
    },
    {
        "date": "2020-12-08T10:53:15.439Z",
        "value": "0.7054145336151123",
        "cumulative": false
    },
    {
        "date": "2020-12-08T10:53:20.675Z",
        "value": "0.6729731559753418",
        "cumulative": false
    },
    {
        "date": "2020-12-08T10:53:25.928Z",
        "value": "0.727524995803833",
        "cumulative": false
    },
    {
        "date": "2020-12-08T10:53:31.254Z",
        "value": "0.7134993076324463",
        "cumulative": false
    },
    {
        "date": "2020-12-08T10:53:36.498Z",
        "value": "0.6945929527282715",
        "cumulative": false
    },
    {
        "date": "2020-12-08T10:53:41.692Z",
        "value": "0.7089107036590576",
        "cumulative": false
    },
    {
        "date": "2020-12-08T10:53:46.917Z",
        "value": "0.6829147338867188",
        "cumulative": false
    },
    {
        "date": "2020-12-08T10:53:52.146Z",
        "value": "0.717979907989502",
        "cumulative": false
    },
    {
        "date": "2020-12-08T10:53:57.359Z",
        "value": "0.7032387256622314",
        "cumulative": false
    },
    {
        "date": "2020-12-08T10:54:02.653Z",
        "value": "0.6754641532897949",
        "cumulative": false
    },
    {
        "date": "2020-12-08T10:54:07.946Z",
        "value": "0.723823070526123",
        "cumulative": false
    }
]