[
    {
        "date": "2020-12-08T10:53:10.216Z",
        "value": "8.779398918151855",
        "cumulative": false
    },
    {
        "date": "2020-12-08T10:53:15.435Z",
        "value": "4.429427146911621",
        "cumulative": false
    },
    {
        "date": "2020-12-08T10:53:20.685Z",
        "value": "4.465430974960327",
        "cumulative": false
    },
    {
        "date": "2020-12-08T10:53:25.932Z",
        "value": "4.482920169830322",
        "cumulative": false
    },
    {
        "date": "2020-12-08T10:53:31.257Z",
        "value": "4.515569448471069",
        "cumulative": false
    },
    {
        "date": "2020-12-08T10:53:36.499Z",
        "value": "4.465679168701172",
        "cumulative": false
    },
    {
        "date": "2020-12-08T10:53:41.690Z",
        "value": "4.451495409011841",
        "cumulative": false
    },
    {
        "date": "2020-12-08T10:53:46.908Z",
        "value": "4.435282945632935",
        "cumulative": false
    },
    {
        "date": "2020-12-08T10:53:52.143Z",
        "value": "4.440918684005737",
        "cumulative": false
    },
    {
        "date": "2020-12-08T10:53:57.362Z",
        "value": "4.448843717575073",
        "cumulative": false
    },
    {
        "date": "2020-12-08T10:54:02.648Z",
        "value": "4.480900526046753",
        "cumulative": false
    },
    {
        "date": "2020-12-08T10:54:07.944Z",
        "value": "4.534495115280151",
        "cumulative": false
    }
]