[
    {
        "date": "2020-12-08T10:53:10.215Z",
        "value": "0.24511337280273438",
        "cumulative": false
    },
    {
        "date": "2020-12-08T10:53:15.439Z",
        "value": "0.23860883712768555",
        "cumulative": false
    },
    {
        "date": "2020-12-08T10:53:20.675Z",
        "value": "0.23049473762512207",
        "cumulative": false
    },
    {
        "date": "2020-12-08T10:53:25.928Z",
        "value": "0.24166178703308105",
        "cumulative": false
    },
    {
        "date": "2020-12-08T10:53:31.254Z",
        "value": "0.242201566696167",
        "cumulative": false
    },
    {
        "date": "2020-12-08T10:53:36.498Z",
        "value": "0.23425889015197754",
        "cumulative": false
    },
    {
        "date": "2020-12-08T10:53:41.692Z",
        "value": "0.24076175689697266",
        "cumulative": false
    },
    {
        "date": "2020-12-08T10:53:46.917Z",
        "value": "0.2266843318939209",
        "cumulative": false
    },
    {
        "date": "2020-12-08T10:53:52.146Z",
        "value": "0.23984336853027344",
        "cumulative": false
    },
    {
        "date": "2020-12-08T10:53:57.359Z",
        "value": "0.2352900505065918",
        "cumulative": false
    },
    {
        "date": "2020-12-08T10:54:02.653Z",
        "value": "0.22352957725524902",
        "cumulative": false
    },
    {
        "date": "2020-12-08T10:54:07.946Z",
        "value": "0.23719429969787598",
        "cumulative": false
    }
]