[
    {
        "date": "2020-12-08T10:53:10.216Z",
        "value": "0.6003930568695068",
        "cumulative": false
    },
    {
        "date": "2020-12-08T10:53:15.435Z",
        "value": "0.6163191795349121",
        "cumulative": false
    },
    {
        "date": "2020-12-08T10:53:20.685Z",
        "value": "0.6658055782318115",
        "cumulative": false
    },
    {
        "date": "2020-12-08T10:53:25.933Z",
        "value": "0.648953914642334",
        "cumulative": false
    },
    {
        "date": "2020-12-08T10:53:31.257Z",
        "value": "0.6164617538452148",
        "cumulative": false
    },
    {
        "date": "2020-12-08T10:53:36.499Z",
        "value": "0.6799798011779785",
        "cumulative": false
    },
    {
        "date": "2020-12-08T10:53:41.691Z",
        "value": "0.6471817493438721",
        "cumulative": false
    },
    {
        "date": "2020-12-08T10:53:46.908Z",
        "value": "0.6391251087188721",
        "cumulative": false
    },
    {
        "date": "2020-12-08T10:53:52.143Z",
        "value": "0.615391731262207",
        "cumulative": false
    },
    {
        "date": "2020-12-08T10:53:57.362Z",
        "value": "0.6240763664245605",
        "cumulative": false
    },
    {
        "date": "2020-12-08T10:54:02.648Z",
        "value": "0.6325678825378418",
        "cumulative": false
    },
    {
        "date": "2020-12-08T10:54:07.944Z",
        "value": "0.617232084274292",
        "cumulative": false
    }
]