[
    {
        "date": "2020-12-08T10:53:10.215Z",
        "value": "0.0002472400665283203",
        "cumulative": false
    },
    {
        "date": "2020-12-08T10:53:15.439Z",
        "value": "0.00021767616271972656",
        "cumulative": false
    },
    {
        "date": "2020-12-08T10:53:20.675Z",
        "value": "0.0002601146697998047",
        "cumulative": false
    },
    {
        "date": "2020-12-08T10:53:25.928Z",
        "value": "0.00024771690368652344",
        "cumulative": false
    },
    {
        "date": "2020-12-08T10:53:31.254Z",
        "value": "0.0002605915069580078",
        "cumulative": false
    },
    {
        "date": "2020-12-08T10:53:36.498Z",
        "value": "0.00022721290588378906",
        "cumulative": false
    },
    {
        "date": "2020-12-08T10:53:41.692Z",
        "value": "0.0002193450927734375",
        "cumulative": false
    },
    {
        "date": "2020-12-08T10:53:46.917Z",
        "value": "0.00022363662719726562",
        "cumulative": false
    },
    {
        "date": "2020-12-08T10:53:52.147Z",
        "value": "0.0002315044403076172",
        "cumulative": false
    },
    {
        "date": "2020-12-08T10:53:57.359Z",
        "value": "0.000217437744140625",
        "cumulative": false
    },
    {
        "date": "2020-12-08T10:54:02.653Z",
        "value": "0.00022268295288085938",
        "cumulative": false
    },
    {
        "date": "2020-12-08T10:54:07.947Z",
        "value": "0.00028252601623535156",
        "cumulative": false
    }
]