[
    {
        "date": "2020-12-08T10:53:10.216Z",
        "value": "2.505573034286499",
        "cumulative": false
    },
    {
        "date": "2020-12-08T10:53:15.435Z",
        "value": "2.3547580242156982",
        "cumulative": false
    },
    {
        "date": "2020-12-08T10:53:20.685Z",
        "value": "2.274313449859619",
        "cumulative": false
    },
    {
        "date": "2020-12-08T10:53:25.933Z",
        "value": "2.3426547050476074",
        "cumulative": false
    },
    {
        "date": "2020-12-08T10:53:31.257Z",
        "value": "2.4392786026000977",
        "cumulative": false
    },
    {
        "date": "2020-12-08T10:53:36.499Z",
        "value": "2.2024316787719727",
        "cumulative": false
    },
    {
        "date": "2020-12-08T10:53:41.691Z",
        "value": "2.293538808822632",
        "cumulative": false
    },
    {
        "date": "2020-12-08T10:53:46.908Z",
        "value": "2.3280184268951416",
        "cumulative": false
    },
    {
        "date": "2020-12-08T10:53:52.143Z",
        "value": "2.36489200592041",
        "cumulative": false
    },
    {
        "date": "2020-12-08T10:53:57.362Z",
        "value": "2.3660690784454346",
        "cumulative": false
    },
    {
        "date": "2020-12-08T10:54:02.648Z",
        "value": "2.3341469764709473",
        "cumulative": false
    },
    {
        "date": "2020-12-08T10:54:07.944Z",
        "value": "2.4762115478515625",
        "cumulative": false
    }
]