[
    {
        "date": "2020-12-08T10:53:10.219Z",
        "value": "0.05885767936706543",
        "cumulative": false
    },
    {
        "date": "2020-12-08T10:53:15.437Z",
        "value": "0.058801889419555664",
        "cumulative": false
    },
    {
        "date": "2020-12-08T10:53:20.672Z",
        "value": "0.058504343032836914",
        "cumulative": false
    },
    {
        "date": "2020-12-08T10:53:25.931Z",
        "value": "0.05692338943481445",
        "cumulative": false
    },
    {
        "date": "2020-12-08T10:53:31.253Z",
        "value": "0.06046867370605469",
        "cumulative": false
    },
    {
        "date": "2020-12-08T10:53:36.497Z",
        "value": "0.05587029457092285",
        "cumulative": false
    },
    {
        "date": "2020-12-08T10:53:41.691Z",
        "value": "0.05783343315124512",
        "cumulative": false
    },
    {
        "date": "2020-12-08T10:53:46.907Z",
        "value": "0.05846858024597168",
        "cumulative": false
    },
    {
        "date": "2020-12-08T10:53:52.144Z",
        "value": "0.056766510009765625",
        "cumulative": false
    },
    {
        "date": "2020-12-08T10:53:57.357Z",
        "value": "0.06107068061828613",
        "cumulative": false
    },
    {
        "date": "2020-12-08T10:54:02.645Z",
        "value": "0.05774807929992676",
        "cumulative": false
    },
    {
        "date": "2020-12-08T10:54:07.945Z",
        "value": "0.061337947845458984",
        "cumulative": false
    }
]