[
    {
        "date": "2020-12-08T10:53:05.660Z",
        "value": "10.15625",
        "cumulative": false
    },
    {
        "date": "2020-12-08T10:53:06.921Z",
        "value": "16.40625",
        "cumulative": false
    },
    {
        "date": "2020-12-08T10:53:08.068Z",
        "value": "21.09375",
        "cumulative": false
    },
    {
        "date": "2020-12-08T10:53:09.221Z",
        "value": "33.59375",
        "cumulative": false
    },
    {
        "date": "2020-12-08T10:53:10.956Z",
        "value": "29.6875",
        "cumulative": false
    },
    {
        "date": "2020-12-08T10:53:12.100Z",
        "value": "40.625",
        "cumulative": false
    },
    {
        "date": "2020-12-08T10:53:13.260Z",
        "value": "36.71875",
        "cumulative": false
    },
    {
        "date": "2020-12-08T10:53:14.415Z",
        "value": "50.0",
        "cumulative": false
    },
    {
        "date": "2020-12-08T10:53:16.170Z",
        "value": "46.875",
        "cumulative": false
    },
    {
        "date": "2020-12-08T10:53:17.327Z",
        "value": "57.8125",
        "cumulative": false
    },
    {
        "date": "2020-12-08T10:53:18.492Z",
        "value": "56.25",
        "cumulative": false
    },
    {
        "date": "2020-12-08T10:53:19.641Z",
        "value": "57.03125",
        "cumulative": false
    },
    {
        "date": "2020-12-08T10:53:21.406Z",
        "value": "57.8125",
        "cumulative": false
    },
    {
        "date": "2020-12-08T10:53:22.566Z",
        "value": "68.75",
        "cumulative": false
    },
    {
        "date": "2020-12-08T10:53:23.722Z",
        "value": "60.9375",
        "cumulative": false
    },
    {
        "date": "2020-12-08T10:53:24.888Z",
        "value": "67.96875",
        "cumulative": false
    },
    {
        "date": "2020-12-08T10:53:26.716Z",
        "value": "70.3125",
        "cumulative": false
    },
    {
        "date": "2020-12-08T10:53:27.915Z",
        "value": "63.28125",
        "cumulative": false
    },
    {
        "date": "2020-12-08T10:53:29.076Z",
        "value": "68.75",
        "cumulative": false
    },
    {
        "date": "2020-12-08T10:53:30.252Z",
        "value": "72.65625",
        "cumulative": false
    },
    {
        "date": "2020-12-08T10:53:31.979Z",
        "value": "69.53125",
        "cumulative": false
    },
    {
        "date": "2020-12-08T10:53:33.133Z",
        "value": "67.96875",
        "cumulative": false
    },
    {
        "date": "2020-12-08T10:53:34.277Z",
        "value": "73.4375",
        "cumulative": false
    },
    {
        "date": "2020-12-08T10:53:35.472Z",
        "value": "71.875",
        "cumulative": false
    },
    {
        "date": "2020-12-08T10:53:37.198Z",
        "value": "72.65625",
        "cumulative": false
    },
    {
        "date": "2020-12-08T10:53:38.355Z",
        "value": "68.75",
        "cumulative": false
    },
    {
        "date": "2020-12-08T10:53:39.507Z",
        "value": "76.5625",
        "cumulative": false
    },
    {
        "date": "2020-12-08T10:53:40.677Z",
        "value": "77.34375",
        "cumulative": false
    },
    {
        "date": "2020-12-08T10:53:42.410Z",
        "value": "69.53125",
        "cumulative": false
    },
    {
        "date": "2020-12-08T10:53:43.573Z",
        "value": "73.4375",
        "cumulative": false
    },
    {
        "date": "2020-12-08T10:53:44.737Z",
        "value": "79.6875",
        "cumulative": false
    },
    {
        "date": "2020-12-08T10:53:45.908Z",
        "value": "71.875",
        "cumulative": false
    },
    {
        "date": "2020-12-08T10:53:47.659Z",
        "value": "75.0",
        "cumulative": false
    },
    {
        "date": "2020-12-08T10:53:48.843Z",
        "value": "82.8125",
        "cumulative": false
    },
    {
        "date": "2020-12-08T10:53:49.977Z",
        "value": "83.59375",
        "cumulative": false
    },
    {
        "date": "2020-12-08T10:53:51.124Z",
        "value": "80.46875",
        "cumulative": false
    },
    {
        "date": "2020-12-08T10:53:52.867Z",
        "value": "81.25",
        "cumulative": false
    },
    {
        "date": "2020-12-08T10:53:54.038Z",
        "value": "81.25",
        "cumulative": false
    },
    {
        "date": "2020-12-08T10:53:55.195Z",
        "value": "85.9375",
        "cumulative": false
    },
    {
        "date": "2020-12-08T10:53:56.318Z",
        "value": "82.8125",
        "cumulative": false
    },
    {
        "date": "2020-12-08T10:53:58.135Z",
        "value": "85.9375",
        "cumulative": false
    },
    {
        "date": "2020-12-08T10:53:59.292Z",
        "value": "84.375",
        "cumulative": false
    },
    {
        "date": "2020-12-08T10:54:00.441Z",
        "value": "83.59375",
        "cumulative": false
    },
    {
        "date": "2020-12-08T10:54:01.632Z",
        "value": "76.5625",
        "cumulative": false
    },
    {
        "date": "2020-12-08T10:54:03.358Z",
        "value": "85.15625",
        "cumulative": false
    },
    {
        "date": "2020-12-08T10:54:04.560Z",
        "value": "89.0625",
        "cumulative": false
    },
    {
        "date": "2020-12-08T10:54:05.728Z",
        "value": "84.375",
        "cumulative": false
    },
    {
        "date": "2020-12-08T10:54:06.908Z",
        "value": "85.9375",
        "cumulative": false
    }
]