[
    {
        "date": "2020-12-08T10:53:10.215Z",
        "value": "0.018017292022705078",
        "cumulative": false
    },
    {
        "date": "2020-12-08T10:53:15.439Z",
        "value": "0.017773151397705078",
        "cumulative": false
    },
    {
        "date": "2020-12-08T10:53:20.675Z",
        "value": "0.017253875732421875",
        "cumulative": false
    },
    {
        "date": "2020-12-08T10:53:25.928Z",
        "value": "0.01784038543701172",
        "cumulative": false
    },
    {
        "date": "2020-12-08T10:53:31.254Z",
        "value": "0.017893552780151367",
        "cumulative": false
    },
    {
        "date": "2020-12-08T10:53:36.498Z",
        "value": "0.01860332489013672",
        "cumulative": false
    },
    {
        "date": "2020-12-08T10:53:41.692Z",
        "value": "0.01850605010986328",
        "cumulative": false
    },
    {
        "date": "2020-12-08T10:53:46.917Z",
        "value": "0.016985654830932617",
        "cumulative": false
    },
    {
        "date": "2020-12-08T10:53:52.147Z",
        "value": "0.019013166427612305",
        "cumulative": false
    },
    {
        "date": "2020-12-08T10:53:57.359Z",
        "value": "0.017627716064453125",
        "cumulative": false
    },
    {
        "date": "2020-12-08T10:54:02.653Z",
        "value": "0.017775774002075195",
        "cumulative": false
    },
    {
        "date": "2020-12-08T10:54:07.946Z",
        "value": "0.018262147903442383",
        "cumulative": false
    }
]