[
    {
        "date": "2020-12-08T10:53:10.216Z",
        "value": "0.03615093231201172",
        "cumulative": false
    },
    {
        "date": "2020-12-08T10:53:15.435Z",
        "value": "0.04715752601623535",
        "cumulative": false
    },
    {
        "date": "2020-12-08T10:53:20.685Z",
        "value": "0.03590893745422363",
        "cumulative": false
    },
    {
        "date": "2020-12-08T10:53:25.932Z",
        "value": "0.04503607749938965",
        "cumulative": false
    },
    {
        "date": "2020-12-08T10:53:31.257Z",
        "value": "0.04525947570800781",
        "cumulative": false
    },
    {
        "date": "2020-12-08T10:53:36.499Z",
        "value": "0.044033050537109375",
        "cumulative": false
    },
    {
        "date": "2020-12-08T10:53:41.690Z",
        "value": "0.045662641525268555",
        "cumulative": false
    },
    {
        "date": "2020-12-08T10:53:46.908Z",
        "value": "0.031153440475463867",
        "cumulative": false
    },
    {
        "date": "2020-12-08T10:53:52.143Z",
        "value": "0.03824567794799805",
        "cumulative": false
    },
    {
        "date": "2020-12-08T10:53:57.362Z",
        "value": "0.044580936431884766",
        "cumulative": false
    },
    {
        "date": "2020-12-08T10:54:02.648Z",
        "value": "0.05045890808105469",
        "cumulative": false
    },
    {
        "date": "2020-12-08T10:54:07.944Z",
        "value": "0.03826594352722168",
        "cumulative": false
    }
]