[
    {
        "date": "2020-12-08T10:53:05.658Z",
        "value": "2.469156265258789",
        "cumulative": false
    },
    {
        "date": "2020-12-08T10:53:06.919Z",
        "value": "2.083078145980835",
        "cumulative": false
    },
    {
        "date": "2020-12-08T10:53:08.068Z",
        "value": "1.9333608150482178",
        "cumulative": false
    },
    {
        "date": "2020-12-08T10:53:09.221Z",
        "value": "1.7410972118377686",
        "cumulative": false
    },
    {
        "date": "2020-12-08T10:53:10.955Z",
        "value": "1.748183012008667",
        "cumulative": false
    },
    {
        "date": "2020-12-08T10:53:12.100Z",
        "value": "1.62124764919281",
        "cumulative": false
    },
    {
        "date": "2020-12-08T10:53:13.260Z",
        "value": "1.599798560142517",
        "cumulative": false
    },
    {
        "date": "2020-12-08T10:53:14.415Z",
        "value": "1.5007867813110352",
        "cumulative": false
    },
    {
        "date": "2020-12-08T10:53:16.170Z",
        "value": "1.3842054605484009",
        "cumulative": false
    },
    {
        "date": "2020-12-08T10:53:17.327Z",
        "value": "1.1689528226852417",
        "cumulative": false
    },
    {
        "date": "2020-12-08T10:53:18.492Z",
        "value": "1.2475532293319702",
        "cumulative": false
    },
    {
        "date": "2020-12-08T10:53:19.641Z",
        "value": "1.2322108745574951",
        "cumulative": false
    },
    {
        "date": "2020-12-08T10:53:21.406Z",
        "value": "1.1399871110916138",
        "cumulative": false
    },
    {
        "date": "2020-12-08T10:53:22.566Z",
        "value": "0.8284902572631836",
        "cumulative": false
    },
    {
        "date": "2020-12-08T10:53:23.722Z",
        "value": "1.0104329586029053",
        "cumulative": false
    },
    {
        "date": "2020-12-08T10:53:24.888Z",
        "value": "0.9555227756500244",
        "cumulative": false
    },
    {
        "date": "2020-12-08T10:53:26.715Z",
        "value": "0.7815852761268616",
        "cumulative": false
    },
    {
        "date": "2020-12-08T10:53:27.914Z",
        "value": "1.0385804176330566",
        "cumulative": false
    },
    {
        "date": "2020-12-08T10:53:29.076Z",
        "value": "0.8357363343238831",
        "cumulative": false
    },
    {
        "date": "2020-12-08T10:53:30.252Z",
        "value": "0.8712639212608337",
        "cumulative": false
    },
    {
        "date": "2020-12-08T10:53:31.979Z",
        "value": "0.9134728908538818",
        "cumulative": false
    },
    {
        "date": "2020-12-08T10:53:33.133Z",
        "value": "0.8972215056419373",
        "cumulative": false
    },
    {
        "date": "2020-12-08T10:53:34.277Z",
        "value": "0.7339761853218079",
        "cumulative": false
    },
    {
        "date": "2020-12-08T10:53:35.472Z",
        "value": "0.7723618745803833",
        "cumulative": false
    },
    {
        "date": "2020-12-08T10:53:37.198Z",
        "value": "0.6767151951789856",
        "cumulative": false
    },
    {
        "date": "2020-12-08T10:53:38.355Z",
        "value": "0.7658550143241882",
        "cumulative": false
    },
    {
        "date": "2020-12-08T10:53:39.507Z",
        "value": "0.6671562194824219",
        "cumulative": false
    },
    {
        "date": "2020-12-08T10:53:40.677Z",
        "value": "0.6472671031951904",
        "cumulative": false
    },
    {
        "date": "2020-12-08T10:53:42.410Z",
        "value": "0.7320529222488403",
        "cumulative": false
    },
    {
        "date": "2020-12-08T10:53:43.573Z",
        "value": "0.7080506682395935",
        "cumulative": false
    },
    {
        "date": "2020-12-08T10:53:44.737Z",
        "value": "0.5796252489089966",
        "cumulative": false
    },
    {
        "date": "2020-12-08T10:53:45.908Z",
        "value": "0.7458849549293518",
        "cumulative": false
    },
    {
        "date": "2020-12-08T10:53:47.658Z",
        "value": "0.7026987671852112",
        "cumulative": false
    },
    {
        "date": "2020-12-08T10:53:48.843Z",
        "value": "0.489230751991272",
        "cumulative": false
    },
    {
        "date": "2020-12-08T10:53:49.977Z",
        "value": "0.4984246492385864",
        "cumulative": false
    },
    {
        "date": "2020-12-08T10:53:51.124Z",
        "value": "0.596599817276001",
        "cumulative": false
    },
    {
        "date": "2020-12-08T10:53:52.867Z",
        "value": "0.5171670913696289",
        "cumulative": false
    },
    {
        "date": "2020-12-08T10:53:54.038Z",
        "value": "0.545484185218811",
        "cumulative": false
    },
    {
        "date": "2020-12-08T10:53:55.195Z",
        "value": "0.44345733523368835",
        "cumulative": false
    },
    {
        "date": "2020-12-08T10:53:56.318Z",
        "value": "0.5491712093353271",
        "cumulative": false
    },
    {
        "date": "2020-12-08T10:53:58.135Z",
        "value": "0.386139839887619",
        "cumulative": false
    },
    {
        "date": "2020-12-08T10:53:59.292Z",
        "value": "0.5345966815948486",
        "cumulative": false
    },
    {
        "date": "2020-12-08T10:54:00.441Z",
        "value": "0.4680693447589874",
        "cumulative": false
    },
    {
        "date": "2020-12-08T10:54:01.632Z",
        "value": "0.5256699323654175",
        "cumulative": false
    },
    {
        "date": "2020-12-08T10:54:03.358Z",
        "value": "0.4440901279449463",
        "cumulative": false
    },
    {
        "date": "2020-12-08T10:54:04.560Z",
        "value": "0.3136276602745056",
        "cumulative": false
    },
    {
        "date": "2020-12-08T10:54:05.728Z",
        "value": "0.4839341640472412",
        "cumulative": false
    },
    {
        "date": "2020-12-08T10:54:06.907Z",
        "value": "0.3912397027015686",
        "cumulative": false
    }
]