[
    {
        "date": "2020-12-08T10:53:10.220Z",
        "value": "0.4646720886230469",
        "cumulative": false
    },
    {
        "date": "2020-12-08T10:53:15.436Z",
        "value": "0.47381067276000977",
        "cumulative": false
    },
    {
        "date": "2020-12-08T10:53:20.675Z",
        "value": "0.4471774101257324",
        "cumulative": false
    },
    {
        "date": "2020-12-08T10:53:25.935Z",
        "value": "0.4821643829345703",
        "cumulative": false
    },
    {
        "date": "2020-12-08T10:53:31.260Z",
        "value": "0.49387431144714355",
        "cumulative": false
    },
    {
        "date": "2020-12-08T10:53:36.503Z",
        "value": "0.4617483615875244",
        "cumulative": false
    },
    {
        "date": "2020-12-08T10:53:41.703Z",
        "value": "0.4697279930114746",
        "cumulative": false
    },
    {
        "date": "2020-12-08T10:53:46.909Z",
        "value": "0.43156933784484863",
        "cumulative": false
    },
    {
        "date": "2020-12-08T10:53:52.148Z",
        "value": "0.47180628776550293",
        "cumulative": false
    },
    {
        "date": "2020-12-08T10:53:57.359Z",
        "value": "0.4448559284210205",
        "cumulative": false
    },
    {
        "date": "2020-12-08T10:54:02.651Z",
        "value": "0.4819328784942627",
        "cumulative": false
    },
    {
        "date": "2020-12-08T10:54:07.951Z",
        "value": "0.4783046245574951",
        "cumulative": false
    }
]