[
    {
        "date": "2020-12-08T10:53:10.219Z",
        "value": "0.0002448558807373047",
        "cumulative": false
    },
    {
        "date": "2020-12-08T10:53:15.437Z",
        "value": "0.0002377033233642578",
        "cumulative": false
    },
    {
        "date": "2020-12-08T10:53:20.672Z",
        "value": "0.00024080276489257812",
        "cumulative": false
    },
    {
        "date": "2020-12-08T10:53:25.931Z",
        "value": "0.00029015541076660156",
        "cumulative": false
    },
    {
        "date": "2020-12-08T10:53:31.253Z",
        "value": "0.0002307891845703125",
        "cumulative": false
    },
    {
        "date": "2020-12-08T10:53:36.497Z",
        "value": "0.00022602081298828125",
        "cumulative": false
    },
    {
        "date": "2020-12-08T10:53:41.691Z",
        "value": "0.00023365020751953125",
        "cumulative": false
    },
    {
        "date": "2020-12-08T10:53:46.907Z",
        "value": "0.00026226043701171875",
        "cumulative": false
    },
    {
        "date": "2020-12-08T10:53:52.144Z",
        "value": "0.0002543926239013672",
        "cumulative": false
    },
    {
        "date": "2020-12-08T10:53:57.357Z",
        "value": "0.00024175643920898438",
        "cumulative": false
    },
    {
        "date": "2020-12-08T10:54:02.645Z",
        "value": "0.00023937225341796875",
        "cumulative": false
    },
    {
        "date": "2020-12-08T10:54:07.945Z",
        "value": "0.00025010108947753906",
        "cumulative": false
    }
]