[
    {
        "date": "2020-12-08T10:53:05.660Z",
        "value": "2.490201234817505",
        "cumulative": false
    },
    {
        "date": "2020-12-08T10:53:06.925Z",
        "value": "2.017122745513916",
        "cumulative": false
    },
    {
        "date": "2020-12-08T10:53:08.067Z",
        "value": "1.781768798828125",
        "cumulative": false
    },
    {
        "date": "2020-12-08T10:53:09.221Z",
        "value": "1.7071716785430908",
        "cumulative": false
    },
    {
        "date": "2020-12-08T10:53:10.955Z",
        "value": "1.5813099145889282",
        "cumulative": false
    },
    {
        "date": "2020-12-08T10:53:12.098Z",
        "value": "1.4656126499176025",
        "cumulative": false
    },
    {
        "date": "2020-12-08T10:53:13.258Z",
        "value": "1.69601571559906",
        "cumulative": false
    },
    {
        "date": "2020-12-08T10:53:14.414Z",
        "value": "1.5717177391052246",
        "cumulative": false
    },
    {
        "date": "2020-12-08T10:53:16.172Z",
        "value": "1.2779316902160645",
        "cumulative": false
    },
    {
        "date": "2020-12-08T10:53:17.325Z",
        "value": "1.1639715433120728",
        "cumulative": false
    },
    {
        "date": "2020-12-08T10:53:18.496Z",
        "value": "1.2256078720092773",
        "cumulative": false
    },
    {
        "date": "2020-12-08T10:53:19.639Z",
        "value": "1.0916043519973755",
        "cumulative": false
    },
    {
        "date": "2020-12-08T10:53:21.412Z",
        "value": "0.9399191737174988",
        "cumulative": false
    },
    {
        "date": "2020-12-08T10:53:22.568Z",
        "value": "1.1092240810394287",
        "cumulative": false
    },
    {
        "date": "2020-12-08T10:53:23.724Z",
        "value": "0.9147661328315735",
        "cumulative": false
    },
    {
        "date": "2020-12-08T10:53:24.889Z",
        "value": "1.1153234243392944",
        "cumulative": false
    },
    {
        "date": "2020-12-08T10:53:26.717Z",
        "value": "0.9025790691375732",
        "cumulative": false
    },
    {
        "date": "2020-12-08T10:53:27.912Z",
        "value": "0.9306325912475586",
        "cumulative": false
    },
    {
        "date": "2020-12-08T10:53:29.077Z",
        "value": "0.8627668023109436",
        "cumulative": false
    },
    {
        "date": "2020-12-08T10:53:30.257Z",
        "value": "0.8537788391113281",
        "cumulative": false
    },
    {
        "date": "2020-12-08T10:53:31.987Z",
        "value": "0.8207655549049377",
        "cumulative": false
    },
    {
        "date": "2020-12-08T10:53:33.132Z",
        "value": "0.7745299339294434",
        "cumulative": false
    },
    {
        "date": "2020-12-08T10:53:34.278Z",
        "value": "0.7855544090270996",
        "cumulative": false
    },
    {
        "date": "2020-12-08T10:53:35.474Z",
        "value": "0.6903883814811707",
        "cumulative": false
    },
    {
        "date": "2020-12-08T10:53:37.199Z",
        "value": "0.8414049744606018",
        "cumulative": false
    },
    {
        "date": "2020-12-08T10:53:38.357Z",
        "value": "0.7138340473175049",
        "cumulative": false
    },
    {
        "date": "2020-12-08T10:53:39.509Z",
        "value": "0.6713538765907288",
        "cumulative": false
    },
    {
        "date": "2020-12-08T10:53:40.676Z",
        "value": "0.7766518592834473",
        "cumulative": false
    },
    {
        "date": "2020-12-08T10:53:42.415Z",
        "value": "0.7449135780334473",
        "cumulative": false
    },
    {
        "date": "2020-12-08T10:53:43.578Z",
        "value": "0.6678130030632019",
        "cumulative": false
    },
    {
        "date": "2020-12-08T10:53:44.740Z",
        "value": "0.7240632772445679",
        "cumulative": false
    },
    {
        "date": "2020-12-08T10:53:45.905Z",
        "value": "0.6187372207641602",
        "cumulative": false
    },
    {
        "date": "2020-12-08T10:53:47.660Z",
        "value": "0.5160565376281738",
        "cumulative": false
    },
    {
        "date": "2020-12-08T10:53:48.845Z",
        "value": "0.5188931822776794",
        "cumulative": false
    },
    {
        "date": "2020-12-08T10:53:49.976Z",
        "value": "0.5328099131584167",
        "cumulative": false
    },
    {
        "date": "2020-12-08T10:53:51.121Z",
        "value": "0.5585417151451111",
        "cumulative": false
    },
    {
        "date": "2020-12-08T10:53:52.867Z",
        "value": "0.6043088436126709",
        "cumulative": false
    },
    {
        "date": "2020-12-08T10:53:54.036Z",
        "value": "0.46084389090538025",
        "cumulative": false
    },
    {
        "date": "2020-12-08T10:53:55.196Z",
        "value": "0.5665361285209656",
        "cumulative": false
    },
    {
        "date": "2020-12-08T10:53:56.317Z",
        "value": "0.6974494457244873",
        "cumulative": false
    },
    {
        "date": "2020-12-08T10:53:58.132Z",
        "value": "0.5005108714103699",
        "cumulative": false
    },
    {
        "date": "2020-12-08T10:53:59.294Z",
        "value": "0.42449674010276794",
        "cumulative": false
    },
    {
        "date": "2020-12-08T10:54:00.446Z",
        "value": "0.5999063849449158",
        "cumulative": false
    },
    {
        "date": "2020-12-08T10:54:01.630Z",
        "value": "0.5326420068740845",
        "cumulative": false
    },
    {
        "date": "2020-12-08T10:54:03.365Z",
        "value": "0.5333468317985535",
        "cumulative": false
    },
    {
        "date": "2020-12-08T10:54:04.566Z",
        "value": "0.42694464325904846",
        "cumulative": false
    },
    {
        "date": "2020-12-08T10:54:05.729Z",
        "value": "0.4378218352794647",
        "cumulative": false
    },
    {
        "date": "2020-12-08T10:54:06.909Z",
        "value": "0.3504045009613037",
        "cumulative": false
    }
]