[
    {
        "date": "2020-12-08T10:53:10.215Z",
        "value": "0.05751824378967285",
        "cumulative": false
    },
    {
        "date": "2020-12-08T10:53:15.439Z",
        "value": "0.05994391441345215",
        "cumulative": false
    },
    {
        "date": "2020-12-08T10:53:20.675Z",
        "value": "0.05835723876953125",
        "cumulative": false
    },
    {
        "date": "2020-12-08T10:53:25.928Z",
        "value": "0.0582427978515625",
        "cumulative": false
    },
    {
        "date": "2020-12-08T10:53:31.254Z",
        "value": "0.058481693267822266",
        "cumulative": false
    },
    {
        "date": "2020-12-08T10:53:36.498Z",
        "value": "0.0585331916809082",
        "cumulative": false
    },
    {
        "date": "2020-12-08T10:53:41.692Z",
        "value": "0.05817604064941406",
        "cumulative": false
    },
    {
        "date": "2020-12-08T10:53:46.917Z",
        "value": "0.05802273750305176",
        "cumulative": false
    },
    {
        "date": "2020-12-08T10:53:52.147Z",
        "value": "0.05981326103210449",
        "cumulative": false
    },
    {
        "date": "2020-12-08T10:53:57.359Z",
        "value": "0.05779743194580078",
        "cumulative": false
    },
    {
        "date": "2020-12-08T10:54:02.653Z",
        "value": "0.05725550651550293",
        "cumulative": false
    },
    {
        "date": "2020-12-08T10:54:07.947Z",
        "value": "0.06000804901123047",
        "cumulative": false
    }
]