[
    {
        "date": "2020-12-08T10:53:10.220Z",
        "value": "0.04174447059631348",
        "cumulative": false
    },
    {
        "date": "2020-12-08T10:53:15.436Z",
        "value": "0.04247784614562988",
        "cumulative": false
    },
    {
        "date": "2020-12-08T10:53:20.675Z",
        "value": "0.05034637451171875",
        "cumulative": false
    },
    {
        "date": "2020-12-08T10:53:25.934Z",
        "value": "0.04904341697692871",
        "cumulative": false
    },
    {
        "date": "2020-12-08T10:53:31.260Z",
        "value": "0.04508638381958008",
        "cumulative": false
    },
    {
        "date": "2020-12-08T10:53:36.503Z",
        "value": "0.043144941329956055",
        "cumulative": false
    },
    {
        "date": "2020-12-08T10:53:41.703Z",
        "value": "0.04057645797729492",
        "cumulative": false
    },
    {
        "date": "2020-12-08T10:53:46.909Z",
        "value": "0.047846317291259766",
        "cumulative": false
    },
    {
        "date": "2020-12-08T10:53:52.148Z",
        "value": "0.051114559173583984",
        "cumulative": false
    },
    {
        "date": "2020-12-08T10:53:57.359Z",
        "value": "0.05174112319946289",
        "cumulative": false
    },
    {
        "date": "2020-12-08T10:54:02.651Z",
        "value": "0.0425565242767334",
        "cumulative": false
    },
    {
        "date": "2020-12-08T10:54:07.951Z",
        "value": "0.03837275505065918",
        "cumulative": false
    }
]