[
    {
        "date": "2020-12-08T10:53:05.661Z",
        "value": "51.5625",
        "cumulative": false
    },
    {
        "date": "2020-12-08T10:53:06.923Z",
        "value": "74.21875",
        "cumulative": false
    },
    {
        "date": "2020-12-08T10:53:08.068Z",
        "value": "79.6875",
        "cumulative": false
    },
    {
        "date": "2020-12-08T10:53:09.221Z",
        "value": "87.5",
        "cumulative": false
    },
    {
        "date": "2020-12-08T10:53:10.956Z",
        "value": "85.9375",
        "cumulative": false
    },
    {
        "date": "2020-12-08T10:53:12.100Z",
        "value": "86.71875",
        "cumulative": false
    },
    {
        "date": "2020-12-08T10:53:13.260Z",
        "value": "91.40625",
        "cumulative": false
    },
    {
        "date": "2020-12-08T10:53:14.415Z",
        "value": "92.1875",
        "cumulative": false
    },
    {
        "date": "2020-12-08T10:53:16.170Z",
        "value": "92.96875",
        "cumulative": false
    },
    {
        "date": "2020-12-08T10:53:17.327Z",
        "value": "94.53125",
        "cumulative": false
    },
    {
        "date": "2020-12-08T10:53:18.492Z",
        "value": "93.75",
        "cumulative": false
    },
    {
        "date": "2020-12-08T10:53:19.642Z",
        "value": "94.53125",
        "cumulative": false
    },
    {
        "date": "2020-12-08T10:53:21.406Z",
        "value": "97.65625",
        "cumulative": false
    },
    {
        "date": "2020-12-08T10:53:22.566Z",
        "value": "100.0",
        "cumulative": false
    },
    {
        "date": "2020-12-08T10:53:23.722Z",
        "value": "99.21875",
        "cumulative": false
    },
    {
        "date": "2020-12-08T10:53:24.888Z",
        "value": "95.3125",
        "cumulative": false
    },
    {
        "date": "2020-12-08T10:53:26.716Z",
        "value": "96.875",
        "cumulative": false
    },
    {
        "date": "2020-12-08T10:53:27.915Z",
        "value": "96.09375",
        "cumulative": false
    },
    {
        "date": "2020-12-08T10:53:29.076Z",
        "value": "96.875",
        "cumulative": false
    },
    {
        "date": "2020-12-08T10:53:30.252Z",
        "value": "97.65625",
        "cumulative": false
    },
    {
        "date": "2020-12-08T10:53:31.980Z",
        "value": "98.4375",
        "cumulative": false
    },
    {
        "date": "2020-12-08T10:53:33.133Z",
        "value": "93.75",
        "cumulative": false
    },
    {
        "date": "2020-12-08T10:53:34.277Z",
        "value": "100.0",
        "cumulative": false
    },
    {
        "date": "2020-12-08T10:53:35.472Z",
        "value": "97.65625",
        "cumulative": false
    },
    {
        "date": "2020-12-08T10:53:37.198Z",
        "value": "97.65625",
        "cumulative": false
    },
    {
        "date": "2020-12-08T10:53:38.355Z",
        "value": "97.65625",
        "cumulative": false
    },
    {
        "date": "2020-12-08T10:53:39.507Z",
        "value": "99.21875",
        "cumulative": false
    },
    {
        "date": "2020-12-08T10:53:40.677Z",
        "value": "100.0",
        "cumulative": false
    },
    {
        "date": "2020-12-08T10:53:42.410Z",
        "value": "100.0",
        "cumulative": false
    },
    {
        "date": "2020-12-08T10:53:43.573Z",
        "value": "100.0",
        "cumulative": false
    },
    {
        "date": "2020-12-08T10:53:44.737Z",
        "value": "100.0",
        "cumulative": false
    },
    {
        "date": "2020-12-08T10:53:45.908Z",
        "value": "99.21875",
        "cumulative": false
    },
    {
        "date": "2020-12-08T10:53:47.659Z",
        "value": "99.21875",
        "cumulative": false
    },
    {
        "date": "2020-12-08T10:53:48.843Z",
        "value": "100.0",
        "cumulative": false
    },
    {
        "date": "2020-12-08T10:53:49.977Z",
        "value": "98.4375",
        "cumulative": false
    },
    {
        "date": "2020-12-08T10:53:51.124Z",
        "value": "100.0",
        "cumulative": false
    },
    {
        "date": "2020-12-08T10:53:52.867Z",
        "value": "100.0",
        "cumulative": false
    },
    {
        "date": "2020-12-08T10:53:54.038Z",
        "value": "100.0",
        "cumulative": false
    },
    {
        "date": "2020-12-08T10:53:55.195Z",
        "value": "100.0",
        "cumulative": false
    },
    {
        "date": "2020-12-08T10:53:56.318Z",
        "value": "97.65625",
        "cumulative": false
    },
    {
        "date": "2020-12-08T10:53:58.135Z",
        "value": "100.0",
        "cumulative": false
    },
    {
        "date": "2020-12-08T10:53:59.292Z",
        "value": "97.65625",
        "cumulative": false
    },
    {
        "date": "2020-12-08T10:54:00.441Z",
        "value": "97.65625",
        "cumulative": false
    },
    {
        "date": "2020-12-08T10:54:01.632Z",
        "value": "99.21875",
        "cumulative": false
    },
    {
        "date": "2020-12-08T10:54:03.358Z",
        "value": "99.21875",
        "cumulative": false
    },
    {
        "date": "2020-12-08T10:54:04.560Z",
        "value": "99.21875",
        "cumulative": false
    },
    {
        "date": "2020-12-08T10:54:05.728Z",
        "value": "99.21875",
        "cumulative": false
    },
    {
        "date": "2020-12-08T10:54:06.908Z",
        "value": "100.0",
        "cumulative": false
    }
]