[
    {
        "date": "2020-12-08T11:10:42.839Z",
        "value": "10.734879493713379",
        "cumulative": false
    },
    {
        "date": "2020-12-08T11:10:52.823Z",
        "value": "8.407317876815796",
        "cumulative": false
    },
    {
        "date": "2020-12-08T11:11:02.737Z",
        "value": "8.468862533569336",
        "cumulative": false
    },
    {
        "date": "2020-12-08T11:11:12.761Z",
        "value": "8.509689569473267",
        "cumulative": false
    },
    {
        "date": "2020-12-08T11:11:22.709Z",
        "value": "8.470834016799927",
        "cumulative": false
    },
    {
        "date": "2020-12-08T11:11:32.673Z",
        "value": "8.430831909179688",
        "cumulative": false
    },
    {
        "date": "2020-12-08T11:11:42.729Z",
        "value": "8.516185760498047",
        "cumulative": false
    },
    {
        "date": "2020-12-08T11:11:53.057Z",
        "value": "8.83183479309082",
        "cumulative": false
    },
    {
        "date": "2020-12-08T11:12:03.341Z",
        "value": "8.800381422042847",
        "cumulative": false
    },
    {
        "date": "2020-12-08T11:12:13.171Z",
        "value": "8.379146575927734",
        "cumulative": false
    }
]