[
    {
        "date": "2020-12-08T11:10:34.180Z",
        "value": "2.520179033279419",
        "cumulative": false
    },
    {
        "date": "2020-12-08T11:10:35.331Z",
        "value": "1.9611972570419312",
        "cumulative": false
    },
    {
        "date": "2020-12-08T11:10:36.458Z",
        "value": "1.6355273723602295",
        "cumulative": false
    },
    {
        "date": "2020-12-08T11:10:37.558Z",
        "value": "1.6455904245376587",
        "cumulative": false
    },
    {
        "date": "2020-12-08T11:10:38.647Z",
        "value": "1.5897352695465088",
        "cumulative": false
    },
    {
        "date": "2020-12-08T11:10:39.748Z",
        "value": "1.308647871017456",
        "cumulative": false
    },
    {
        "date": "2020-12-08T11:10:40.881Z",
        "value": "1.488465428352356",
        "cumulative": false
    },
    {
        "date": "2020-12-08T11:10:41.970Z",
        "value": "1.6020334959030151",
        "cumulative": false
    },
    {
        "date": "2020-12-08T11:10:44.030Z",
        "value": "1.15716552734375",
        "cumulative": false
    },
    {
        "date": "2020-12-08T11:10:45.161Z",
        "value": "1.1390724182128906",
        "cumulative": false
    },
    {
        "date": "2020-12-08T11:10:46.298Z",
        "value": "0.8282869458198547",
        "cumulative": false
    },
    {
        "date": "2020-12-08T11:10:47.447Z",
        "value": "1.2215291261672974",
        "cumulative": false
    },
    {
        "date": "2020-12-08T11:10:48.601Z",
        "value": "0.9843618869781494",
        "cumulative": false
    },
    {
        "date": "2020-12-08T11:10:49.726Z",
        "value": "1.1347904205322266",
        "cumulative": false
    },
    {
        "date": "2020-12-08T11:10:50.817Z",
        "value": "1.0480804443359375",
        "cumulative": false
    },
    {
        "date": "2020-12-08T11:10:51.930Z",
        "value": "1.0373300313949585",
        "cumulative": false
    },
    {
        "date": "2020-12-08T11:10:53.960Z",
        "value": "0.9081404805183411",
        "cumulative": false
    },
    {
        "date": "2020-12-08T11:10:55.117Z",
        "value": "0.9603116512298584",
        "cumulative": false
    },
    {
        "date": "2020-12-08T11:10:56.237Z",
        "value": "0.9843155145645142",
        "cumulative": false
    },
    {
        "date": "2020-12-08T11:10:57.357Z",
        "value": "0.7642800211906433",
        "cumulative": false
    },
    {
        "date": "2020-12-08T11:10:58.469Z",
        "value": "0.9067445993423462",
        "cumulative": false
    },
    {
        "date": "2020-12-08T11:10:59.592Z",
        "value": "0.836908221244812",
        "cumulative": false
    },
    {
        "date": "2020-12-08T11:11:00.760Z",
        "value": "0.8974844813346863",
        "cumulative": false
    },
    {
        "date": "2020-12-08T11:11:01.845Z",
        "value": "0.9640894532203674",
        "cumulative": false
    },
    {
        "date": "2020-12-08T11:11:03.875Z",
        "value": "0.8781452178955078",
        "cumulative": false
    },
    {
        "date": "2020-12-08T11:11:05.022Z",
        "value": "0.6507523655891418",
        "cumulative": false
    },
    {
        "date": "2020-12-08T11:11:06.140Z",
        "value": "0.7409287691116333",
        "cumulative": false
    },
    {
        "date": "2020-12-08T11:11:07.297Z",
        "value": "0.7440334558486938",
        "cumulative": false
    },
    {
        "date": "2020-12-08T11:11:08.419Z",
        "value": "0.7790775895118713",
        "cumulative": false
    },
    {
        "date": "2020-12-08T11:11:09.591Z",
        "value": "0.8321903347969055",
        "cumulative": false
    },
    {
        "date": "2020-12-08T11:11:10.719Z",
        "value": "0.6790074706077576",
        "cumulative": false
    },
    {
        "date": "2020-12-08T11:11:11.843Z",
        "value": "0.7153538465499878",
        "cumulative": false
    },
    {
        "date": "2020-12-08T11:11:13.894Z",
        "value": "0.7894741892814636",
        "cumulative": false
    },
    {
        "date": "2020-12-08T11:11:15.047Z",
        "value": "0.7088131308555603",
        "cumulative": false
    },
    {
        "date": "2020-12-08T11:11:16.192Z",
        "value": "0.7905383110046387",
        "cumulative": false
    },
    {
        "date": "2020-12-08T11:11:17.332Z",
        "value": "0.6311797499656677",
        "cumulative": false
    },
    {
        "date": "2020-12-08T11:11:18.494Z",
        "value": "0.7572076320648193",
        "cumulative": false
    },
    {
        "date": "2020-12-08T11:11:19.593Z",
        "value": "0.8487390279769897",
        "cumulative": false
    },
    {
        "date": "2020-12-08T11:11:20.704Z",
        "value": "0.6619396805763245",
        "cumulative": false
    },
    {
        "date": "2020-12-08T11:11:21.822Z",
        "value": "0.7007931470870972",
        "cumulative": false
    },
    {
        "date": "2020-12-08T11:11:23.883Z",
        "value": "0.5013646483421326",
        "cumulative": false
    },
    {
        "date": "2020-12-08T11:11:25.030Z",
        "value": "0.8303194046020508",
        "cumulative": false
    },
    {
        "date": "2020-12-08T11:11:26.132Z",
        "value": "0.5071763396263123",
        "cumulative": false
    },
    {
        "date": "2020-12-08T11:11:27.307Z",
        "value": "0.4718463122844696",
        "cumulative": false
    },
    {
        "date": "2020-12-08T11:11:28.392Z",
        "value": "0.5688517093658447",
        "cumulative": false
    },
    {
        "date": "2020-12-08T11:11:29.493Z",
        "value": "0.5191064476966858",
        "cumulative": false
    },
    {
        "date": "2020-12-08T11:11:30.627Z",
        "value": "0.622721791267395",
        "cumulative": false
    },
    {
        "date": "2020-12-08T11:11:31.747Z",
        "value": "0.5948262810707092",
        "cumulative": false
    },
    {
        "date": "2020-12-08T11:11:33.851Z",
        "value": "0.6431142091751099",
        "cumulative": false
    },
    {
        "date": "2020-12-08T11:11:34.980Z",
        "value": "0.6050761938095093",
        "cumulative": false
    },
    {
        "date": "2020-12-08T11:11:36.130Z",
        "value": "0.49557140469551086",
        "cumulative": false
    },
    {
        "date": "2020-12-08T11:11:37.280Z",
        "value": "0.5622676610946655",
        "cumulative": false
    },
    {
        "date": "2020-12-08T11:11:38.426Z",
        "value": "0.5356091260910034",
        "cumulative": false
    },
    {
        "date": "2020-12-08T11:11:39.580Z",
        "value": "0.48875004053115845",
        "cumulative": false
    },
    {
        "date": "2020-12-08T11:11:40.727Z",
        "value": "0.5539314150810242",
        "cumulative": false
    },
    {
        "date": "2020-12-08T11:11:41.825Z",
        "value": "0.66025710105896",
        "cumulative": false
    },
    {
        "date": "2020-12-08T11:11:43.869Z",
        "value": "0.43387269973754883",
        "cumulative": false
    },
    {
        "date": "2020-12-08T11:11:45.038Z",
        "value": "0.660984456539154",
        "cumulative": false
    },
    {
        "date": "2020-12-08T11:11:46.170Z",
        "value": "0.4917393624782562",
        "cumulative": false
    },
    {
        "date": "2020-12-08T11:11:47.327Z",
        "value": "0.39139774441719055",
        "cumulative": false
    },
    {
        "date": "2020-12-08T11:11:48.431Z",
        "value": "0.452006995677948",
        "cumulative": false
    },
    {
        "date": "2020-12-08T11:11:49.547Z",
        "value": "0.5462506413459778",
        "cumulative": false
    },
    {
        "date": "2020-12-08T11:11:50.927Z",
        "value": "0.6725196838378906",
        "cumulative": false
    },
    {
        "date": "2020-12-08T11:11:52.123Z",
        "value": "0.6414413452148438",
        "cumulative": false
    },
    {
        "date": "2020-12-08T11:11:54.189Z",
        "value": "0.4797406792640686",
        "cumulative": false
    },
    {
        "date": "2020-12-08T11:11:55.327Z",
        "value": "0.6057854890823364",
        "cumulative": false
    },
    {
        "date": "2020-12-08T11:11:56.450Z",
        "value": "0.6393364667892456",
        "cumulative": false
    },
    {
        "date": "2020-12-08T11:11:57.554Z",
        "value": "0.4796184301376343",
        "cumulative": false
    },
    {
        "date": "2020-12-08T11:11:58.655Z",
        "value": "0.48715096712112427",
        "cumulative": false
    },
    {
        "date": "2020-12-08T11:11:59.812Z",
        "value": "0.45921486616134644",
        "cumulative": false
    },
    {
        "date": "2020-12-08T11:12:00.959Z",
        "value": "0.5988063216209412",
        "cumulative": false
    },
    {
        "date": "2020-12-08T11:12:02.280Z",
        "value": "0.4126925468444824",
        "cumulative": false
    },
    {
        "date": "2020-12-08T11:12:04.487Z",
        "value": "0.5042123794555664",
        "cumulative": false
    },
    {
        "date": "2020-12-08T11:12:05.631Z",
        "value": "0.5994694232940674",
        "cumulative": false
    },
    {
        "date": "2020-12-08T11:12:06.756Z",
        "value": "0.46714475750923157",
        "cumulative": false
    },
    {
        "date": "2020-12-08T11:12:07.865Z",
        "value": "0.42544853687286377",
        "cumulative": false
    },
    {
        "date": "2020-12-08T11:12:08.943Z",
        "value": "0.3972730040550232",
        "cumulative": false
    },
    {
        "date": "2020-12-08T11:12:10.041Z",
        "value": "0.4821036458015442",
        "cumulative": false
    },
    {
        "date": "2020-12-08T11:12:11.139Z",
        "value": "0.43550121784210205",
        "cumulative": false
    },
    {
        "date": "2020-12-08T11:12:12.257Z",
        "value": "0.36227142810821533",
        "cumulative": false
    }
]