[
    {
        "date": "2020-12-08T11:10:42.839Z",
        "value": "4.455230236053467",
        "cumulative": false
    },
    {
        "date": "2020-12-08T11:10:52.823Z",
        "value": "2.0685935020446777",
        "cumulative": false
    },
    {
        "date": "2020-12-08T11:11:02.746Z",
        "value": "2.0066778659820557",
        "cumulative": false
    },
    {
        "date": "2020-12-08T11:11:12.752Z",
        "value": "2.0251283645629883",
        "cumulative": false
    },
    {
        "date": "2020-12-08T11:11:22.707Z",
        "value": "2.1133835315704346",
        "cumulative": false
    },
    {
        "date": "2020-12-08T11:11:32.677Z",
        "value": "2.0668880939483643",
        "cumulative": false
    },
    {
        "date": "2020-12-08T11:11:42.733Z",
        "value": "2.044325351715088",
        "cumulative": false
    },
    {
        "date": "2020-12-08T11:11:53.053Z",
        "value": "1.9899511337280273",
        "cumulative": false
    },
    {
        "date": "2020-12-08T11:12:03.341Z",
        "value": "2.1315581798553467",
        "cumulative": false
    },
    {
        "date": "2020-12-08T11:12:13.167Z",
        "value": "1.9712538719177246",
        "cumulative": false
    }
]