[
    {
        "date": "2020-12-08T11:10:42.839Z",
        "value": "0.0006432533264160156",
        "cumulative": false
    },
    {
        "date": "2020-12-08T11:10:52.823Z",
        "value": "0.0006422996520996094",
        "cumulative": false
    },
    {
        "date": "2020-12-08T11:11:02.746Z",
        "value": "0.009787321090698242",
        "cumulative": false
    },
    {
        "date": "2020-12-08T11:11:12.752Z",
        "value": "0.0006318092346191406",
        "cumulative": false
    },
    {
        "date": "2020-12-08T11:11:22.708Z",
        "value": "0.000652313232421875",
        "cumulative": false
    },
    {
        "date": "2020-12-08T11:11:32.677Z",
        "value": "0.0006227493286132812",
        "cumulative": false
    },
    {
        "date": "2020-12-08T11:11:42.734Z",
        "value": "0.0006935596466064453",
        "cumulative": false
    },
    {
        "date": "2020-12-08T11:11:53.053Z",
        "value": "0.0006597042083740234",
        "cumulative": false
    },
    {
        "date": "2020-12-08T11:12:03.341Z",
        "value": "0.0005357265472412109",
        "cumulative": false
    },
    {
        "date": "2020-12-08T11:12:13.167Z",
        "value": "0.0005779266357421875",
        "cumulative": false
    }
]