[
    {
        "date": "2020-12-08T11:10:42.839Z",
        "value": "2.293933629989624",
        "cumulative": false
    },
    {
        "date": "2020-12-08T11:10:52.823Z",
        "value": "2.3229470252990723",
        "cumulative": false
    },
    {
        "date": "2020-12-08T11:11:02.737Z",
        "value": "2.3425300121307373",
        "cumulative": false
    },
    {
        "date": "2020-12-08T11:11:12.761Z",
        "value": "2.1851425170898438",
        "cumulative": false
    },
    {
        "date": "2020-12-08T11:11:22.709Z",
        "value": "2.33086895942688",
        "cumulative": false
    },
    {
        "date": "2020-12-08T11:11:32.674Z",
        "value": "2.3386588096618652",
        "cumulative": false
    },
    {
        "date": "2020-12-08T11:11:42.729Z",
        "value": "2.219641923904419",
        "cumulative": false
    },
    {
        "date": "2020-12-08T11:11:53.057Z",
        "value": "2.154109239578247",
        "cumulative": false
    },
    {
        "date": "2020-12-08T11:12:03.341Z",
        "value": "2.2223143577575684",
        "cumulative": false
    },
    {
        "date": "2020-12-08T11:12:13.171Z",
        "value": "2.3300769329071045",
        "cumulative": false
    }
]