[
    {
        "date": "2020-12-08T11:10:42.839Z",
        "value": "1.5274336338043213",
        "cumulative": false
    },
    {
        "date": "2020-12-08T11:10:52.823Z",
        "value": "1.636000633239746",
        "cumulative": false
    },
    {
        "date": "2020-12-08T11:11:02.746Z",
        "value": "1.5529792308807373",
        "cumulative": false
    },
    {
        "date": "2020-12-08T11:11:12.752Z",
        "value": "1.5843737125396729",
        "cumulative": false
    },
    {
        "date": "2020-12-08T11:11:22.708Z",
        "value": "1.6285717487335205",
        "cumulative": false
    },
    {
        "date": "2020-12-08T11:11:32.677Z",
        "value": "1.5312590599060059",
        "cumulative": false
    },
    {
        "date": "2020-12-08T11:11:42.734Z",
        "value": "1.5706608295440674",
        "cumulative": false
    },
    {
        "date": "2020-12-08T11:11:53.053Z",
        "value": "1.5906267166137695",
        "cumulative": false
    },
    {
        "date": "2020-12-08T11:12:03.341Z",
        "value": "1.61220121383667",
        "cumulative": false
    },
    {
        "date": "2020-12-08T11:12:13.167Z",
        "value": "1.5566115379333496",
        "cumulative": false
    }
]