[
    {
        "date": "2020-12-08T11:10:42.839Z",
        "value": "10.72904920578003",
        "cumulative": false
    },
    {
        "date": "2020-12-08T11:10:52.823Z",
        "value": "8.422500371932983",
        "cumulative": false
    },
    {
        "date": "2020-12-08T11:11:02.746Z",
        "value": "8.446616411209106",
        "cumulative": false
    },
    {
        "date": "2020-12-08T11:11:12.752Z",
        "value": "8.551059007644653",
        "cumulative": false
    },
    {
        "date": "2020-12-08T11:11:22.707Z",
        "value": "8.538747787475586",
        "cumulative": false
    },
    {
        "date": "2020-12-08T11:11:32.677Z",
        "value": "8.518332958221436",
        "cumulative": false
    },
    {
        "date": "2020-12-08T11:11:42.733Z",
        "value": "8.608911037445068",
        "cumulative": false
    },
    {
        "date": "2020-12-08T11:11:53.053Z",
        "value": "8.843863010406494",
        "cumulative": false
    },
    {
        "date": "2020-12-08T11:12:03.341Z",
        "value": "8.870863199234009",
        "cumulative": false
    },
    {
        "date": "2020-12-08T11:12:13.167Z",
        "value": "8.40193796157837",
        "cumulative": false
    }
]