[
    {
        "date": "2020-12-08T11:10:42.839Z",
        "value": "4.586925983428955",
        "cumulative": false
    },
    {
        "date": "2020-12-08T11:10:52.823Z",
        "value": "2.2152764797210693",
        "cumulative": false
    },
    {
        "date": "2020-12-08T11:11:02.737Z",
        "value": "2.3186824321746826",
        "cumulative": false
    },
    {
        "date": "2020-12-08T11:11:12.761Z",
        "value": "2.0875587463378906",
        "cumulative": false
    },
    {
        "date": "2020-12-08T11:11:22.709Z",
        "value": "2.2871320247650146",
        "cumulative": false
    },
    {
        "date": "2020-12-08T11:11:32.674Z",
        "value": "2.1996562480926514",
        "cumulative": false
    },
    {
        "date": "2020-12-08T11:11:42.729Z",
        "value": "2.196319103240967",
        "cumulative": false
    },
    {
        "date": "2020-12-08T11:11:53.057Z",
        "value": "2.1002326011657715",
        "cumulative": false
    },
    {
        "date": "2020-12-08T11:12:03.341Z",
        "value": "2.2750792503356934",
        "cumulative": false
    },
    {
        "date": "2020-12-08T11:12:13.171Z",
        "value": "2.1923205852508545",
        "cumulative": false
    }
]