[
    {
        "date": "2020-12-08T11:10:34.183Z",
        "value": "10.9375",
        "cumulative": false
    },
    {
        "date": "2020-12-08T11:10:35.333Z",
        "value": "28.90625",
        "cumulative": false
    },
    {
        "date": "2020-12-08T11:10:36.459Z",
        "value": "28.125",
        "cumulative": false
    },
    {
        "date": "2020-12-08T11:10:37.557Z",
        "value": "31.25",
        "cumulative": false
    },
    {
        "date": "2020-12-08T11:10:38.647Z",
        "value": "42.1875",
        "cumulative": false
    },
    {
        "date": "2020-12-08T11:10:39.748Z",
        "value": "51.5625",
        "cumulative": false
    },
    {
        "date": "2020-12-08T11:10:40.882Z",
        "value": "50.0",
        "cumulative": false
    },
    {
        "date": "2020-12-08T11:10:41.980Z",
        "value": "48.4375",
        "cumulative": false
    },
    {
        "date": "2020-12-08T11:10:44.031Z",
        "value": "59.375",
        "cumulative": false
    },
    {
        "date": "2020-12-08T11:10:45.162Z",
        "value": "57.8125",
        "cumulative": false
    },
    {
        "date": "2020-12-08T11:10:46.298Z",
        "value": "54.6875",
        "cumulative": false
    },
    {
        "date": "2020-12-08T11:10:47.452Z",
        "value": "58.59375",
        "cumulative": false
    },
    {
        "date": "2020-12-08T11:10:48.602Z",
        "value": "57.8125",
        "cumulative": false
    },
    {
        "date": "2020-12-08T11:10:49.727Z",
        "value": "62.5",
        "cumulative": false
    },
    {
        "date": "2020-12-08T11:10:50.817Z",
        "value": "69.53125",
        "cumulative": false
    },
    {
        "date": "2020-12-08T11:10:51.931Z",
        "value": "67.96875",
        "cumulative": false
    },
    {
        "date": "2020-12-08T11:10:53.961Z",
        "value": "65.625",
        "cumulative": false
    },
    {
        "date": "2020-12-08T11:10:55.118Z",
        "value": "69.53125",
        "cumulative": false
    },
    {
        "date": "2020-12-08T11:10:56.238Z",
        "value": "70.3125",
        "cumulative": false
    },
    {
        "date": "2020-12-08T11:10:57.357Z",
        "value": "73.4375",
        "cumulative": false
    },
    {
        "date": "2020-12-08T11:10:58.469Z",
        "value": "70.3125",
        "cumulative": false
    },
    {
        "date": "2020-12-08T11:10:59.592Z",
        "value": "77.34375",
        "cumulative": false
    },
    {
        "date": "2020-12-08T11:11:00.760Z",
        "value": "67.1875",
        "cumulative": false
    },
    {
        "date": "2020-12-08T11:11:01.846Z",
        "value": "69.53125",
        "cumulative": false
    },
    {
        "date": "2020-12-08T11:11:03.873Z",
        "value": "71.875",
        "cumulative": false
    },
    {
        "date": "2020-12-08T11:11:05.023Z",
        "value": "74.21875",
        "cumulative": false
    },
    {
        "date": "2020-12-08T11:11:06.140Z",
        "value": "61.71875",
        "cumulative": false
    },
    {
        "date": "2020-12-08T11:11:07.293Z",
        "value": "68.75",
        "cumulative": false
    },
    {
        "date": "2020-12-08T11:11:08.419Z",
        "value": "67.1875",
        "cumulative": false
    },
    {
        "date": "2020-12-08T11:11:09.581Z",
        "value": "81.25",
        "cumulative": false
    },
    {
        "date": "2020-12-08T11:11:10.719Z",
        "value": "71.09375",
        "cumulative": false
    },
    {
        "date": "2020-12-08T11:11:11.842Z",
        "value": "72.65625",
        "cumulative": false
    },
    {
        "date": "2020-12-08T11:11:13.894Z",
        "value": "74.21875",
        "cumulative": false
    },
    {
        "date": "2020-12-08T11:11:15.048Z",
        "value": "77.34375",
        "cumulative": false
    },
    {
        "date": "2020-12-08T11:11:16.192Z",
        "value": "71.09375",
        "cumulative": false
    },
    {
        "date": "2020-12-08T11:11:17.332Z",
        "value": "72.65625",
        "cumulative": false
    },
    {
        "date": "2020-12-08T11:11:18.481Z",
        "value": "82.03125",
        "cumulative": false
    },
    {
        "date": "2020-12-08T11:11:19.593Z",
        "value": "82.03125",
        "cumulative": false
    },
    {
        "date": "2020-12-08T11:11:20.705Z",
        "value": "74.21875",
        "cumulative": false
    },
    {
        "date": "2020-12-08T11:11:21.822Z",
        "value": "69.53125",
        "cumulative": false
    },
    {
        "date": "2020-12-08T11:11:23.879Z",
        "value": "78.90625",
        "cumulative": false
    },
    {
        "date": "2020-12-08T11:11:25.037Z",
        "value": "73.4375",
        "cumulative": false
    },
    {
        "date": "2020-12-08T11:11:26.132Z",
        "value": "79.6875",
        "cumulative": false
    },
    {
        "date": "2020-12-08T11:11:27.307Z",
        "value": "85.15625",
        "cumulative": false
    },
    {
        "date": "2020-12-08T11:11:28.393Z",
        "value": "74.21875",
        "cumulative": false
    },
    {
        "date": "2020-12-08T11:11:29.495Z",
        "value": "77.34375",
        "cumulative": false
    },
    {
        "date": "2020-12-08T11:11:30.627Z",
        "value": "75.78125",
        "cumulative": false
    },
    {
        "date": "2020-12-08T11:11:31.748Z",
        "value": "78.90625",
        "cumulative": false
    },
    {
        "date": "2020-12-08T11:11:33.853Z",
        "value": "80.46875",
        "cumulative": false
    },
    {
        "date": "2020-12-08T11:11:34.981Z",
        "value": "78.90625",
        "cumulative": false
    },
    {
        "date": "2020-12-08T11:11:36.130Z",
        "value": "71.875",
        "cumulative": false
    },
    {
        "date": "2020-12-08T11:11:37.280Z",
        "value": "80.46875",
        "cumulative": false
    },
    {
        "date": "2020-12-08T11:11:38.426Z",
        "value": "73.4375",
        "cumulative": false
    },
    {
        "date": "2020-12-08T11:11:39.581Z",
        "value": "79.6875",
        "cumulative": false
    },
    {
        "date": "2020-12-08T11:11:40.727Z",
        "value": "77.34375",
        "cumulative": false
    },
    {
        "date": "2020-12-08T11:11:41.826Z",
        "value": "83.59375",
        "cumulative": false
    },
    {
        "date": "2020-12-08T11:11:43.870Z",
        "value": "78.90625",
        "cumulative": false
    },
    {
        "date": "2020-12-08T11:11:45.037Z",
        "value": "87.5",
        "cumulative": false
    },
    {
        "date": "2020-12-08T11:11:46.180Z",
        "value": "79.6875",
        "cumulative": false
    },
    {
        "date": "2020-12-08T11:11:47.327Z",
        "value": "83.59375",
        "cumulative": false
    },
    {
        "date": "2020-12-08T11:11:48.431Z",
        "value": "79.6875",
        "cumulative": false
    },
    {
        "date": "2020-12-08T11:11:49.546Z",
        "value": "80.46875",
        "cumulative": false
    },
    {
        "date": "2020-12-08T11:11:50.928Z",
        "value": "85.15625",
        "cumulative": false
    },
    {
        "date": "2020-12-08T11:11:52.123Z",
        "value": "74.21875",
        "cumulative": false
    },
    {
        "date": "2020-12-08T11:11:54.191Z",
        "value": "80.46875",
        "cumulative": false
    },
    {
        "date": "2020-12-08T11:11:55.327Z",
        "value": "85.9375",
        "cumulative": false
    },
    {
        "date": "2020-12-08T11:11:56.449Z",
        "value": "85.9375",
        "cumulative": false
    },
    {
        "date": "2020-12-08T11:11:57.554Z",
        "value": "83.59375",
        "cumulative": false
    },
    {
        "date": "2020-12-08T11:11:58.657Z",
        "value": "85.9375",
        "cumulative": false
    },
    {
        "date": "2020-12-08T11:11:59.812Z",
        "value": "78.90625",
        "cumulative": false
    },
    {
        "date": "2020-12-08T11:12:00.959Z",
        "value": "86.71875",
        "cumulative": false
    },
    {
        "date": "2020-12-08T11:12:02.281Z",
        "value": "83.59375",
        "cumulative": false
    },
    {
        "date": "2020-12-08T11:12:04.487Z",
        "value": "81.25",
        "cumulative": false
    },
    {
        "date": "2020-12-08T11:12:05.631Z",
        "value": "76.5625",
        "cumulative": false
    },
    {
        "date": "2020-12-08T11:12:06.756Z",
        "value": "74.21875",
        "cumulative": false
    },
    {
        "date": "2020-12-08T11:12:07.866Z",
        "value": "81.25",
        "cumulative": false
    },
    {
        "date": "2020-12-08T11:12:08.944Z",
        "value": "80.46875",
        "cumulative": false
    },
    {
        "date": "2020-12-08T11:12:10.041Z",
        "value": "80.46875",
        "cumulative": false
    },
    {
        "date": "2020-12-08T11:12:11.139Z",
        "value": "82.03125",
        "cumulative": false
    },
    {
        "date": "2020-12-08T11:12:12.257Z",
        "value": "87.5",
        "cumulative": false
    }
]