[
    {
        "date": "2020-12-08T11:10:42.839Z",
        "value": "0.04891824722290039",
        "cumulative": false
    },
    {
        "date": "2020-12-08T11:10:52.823Z",
        "value": "0.06624364852905273",
        "cumulative": false
    },
    {
        "date": "2020-12-08T11:11:02.737Z",
        "value": "0.04979395866394043",
        "cumulative": false
    },
    {
        "date": "2020-12-08T11:11:12.761Z",
        "value": "0.0553741455078125",
        "cumulative": false
    },
    {
        "date": "2020-12-08T11:11:22.709Z",
        "value": "0.04586005210876465",
        "cumulative": false
    },
    {
        "date": "2020-12-08T11:11:32.674Z",
        "value": "0.05537986755371094",
        "cumulative": false
    },
    {
        "date": "2020-12-08T11:11:42.729Z",
        "value": "0.04483437538146973",
        "cumulative": false
    },
    {
        "date": "2020-12-08T11:11:53.057Z",
        "value": "0.04522824287414551",
        "cumulative": false
    },
    {
        "date": "2020-12-08T11:12:03.341Z",
        "value": "0.0451052188873291",
        "cumulative": false
    },
    {
        "date": "2020-12-08T11:12:13.171Z",
        "value": "0.043805837631225586",
        "cumulative": false
    }
]