[
    {
        "date": "2020-12-08T11:10:42.839Z",
        "value": "0.5611865520477295",
        "cumulative": false
    },
    {
        "date": "2020-12-08T11:10:52.823Z",
        "value": "0.5295858383178711",
        "cumulative": false
    },
    {
        "date": "2020-12-08T11:11:02.746Z",
        "value": "0.5733206272125244",
        "cumulative": false
    },
    {
        "date": "2020-12-08T11:11:12.752Z",
        "value": "0.49144482612609863",
        "cumulative": false
    },
    {
        "date": "2020-12-08T11:11:22.707Z",
        "value": "0.572500467300415",
        "cumulative": false
    },
    {
        "date": "2020-12-08T11:11:32.677Z",
        "value": "0.5304141044616699",
        "cumulative": false
    },
    {
        "date": "2020-12-08T11:11:42.733Z",
        "value": "0.5671720504760742",
        "cumulative": false
    },
    {
        "date": "2020-12-08T11:11:53.053Z",
        "value": "0.545433521270752",
        "cumulative": false
    },
    {
        "date": "2020-12-08T11:12:03.341Z",
        "value": "0.5501854419708252",
        "cumulative": false
    },
    {
        "date": "2020-12-08T11:12:13.167Z",
        "value": "0.5162956714630127",
        "cumulative": false
    }
]