[
    {
        "date": "2020-12-08T11:10:42.839Z",
        "value": "1.9104280471801758",
        "cumulative": false
    },
    {
        "date": "2020-12-08T11:10:52.823Z",
        "value": "1.9057459831237793",
        "cumulative": false
    },
    {
        "date": "2020-12-08T11:11:02.746Z",
        "value": "2.0295190811157227",
        "cumulative": false
    },
    {
        "date": "2020-12-08T11:11:12.752Z",
        "value": "2.266876697540283",
        "cumulative": false
    },
    {
        "date": "2020-12-08T11:11:22.708Z",
        "value": "2.00165057182312",
        "cumulative": false
    },
    {
        "date": "2020-12-08T11:11:32.677Z",
        "value": "2.0959665775299072",
        "cumulative": false
    },
    {
        "date": "2020-12-08T11:11:42.734Z",
        "value": "2.2254278659820557",
        "cumulative": false
    },
    {
        "date": "2020-12-08T11:11:53.053Z",
        "value": "2.538151979446411",
        "cumulative": false
    },
    {
        "date": "2020-12-08T11:12:03.341Z",
        "value": "2.3459880352020264",
        "cumulative": false
    },
    {
        "date": "2020-12-08T11:12:13.167Z",
        "value": "2.0800187587738037",
        "cumulative": false
    }
]