[
    {
        "date": "2020-12-08T11:10:34.182Z",
        "value": "12.5",
        "cumulative": false
    },
    {
        "date": "2020-12-08T11:10:35.334Z",
        "value": "24.21875",
        "cumulative": false
    },
    {
        "date": "2020-12-08T11:10:36.458Z",
        "value": "36.71875",
        "cumulative": false
    },
    {
        "date": "2020-12-08T11:10:37.558Z",
        "value": "34.375",
        "cumulative": false
    },
    {
        "date": "2020-12-08T11:10:38.647Z",
        "value": "42.1875",
        "cumulative": false
    },
    {
        "date": "2020-12-08T11:10:39.748Z",
        "value": "58.59375",
        "cumulative": false
    },
    {
        "date": "2020-12-08T11:10:40.881Z",
        "value": "50.78125",
        "cumulative": false
    },
    {
        "date": "2020-12-08T11:10:41.970Z",
        "value": "42.96875",
        "cumulative": false
    },
    {
        "date": "2020-12-08T11:10:44.030Z",
        "value": "60.15625",
        "cumulative": false
    },
    {
        "date": "2020-12-08T11:10:45.161Z",
        "value": "60.15625",
        "cumulative": false
    },
    {
        "date": "2020-12-08T11:10:46.298Z",
        "value": "67.96875",
        "cumulative": false
    },
    {
        "date": "2020-12-08T11:10:47.447Z",
        "value": "57.8125",
        "cumulative": false
    },
    {
        "date": "2020-12-08T11:10:48.601Z",
        "value": "65.625",
        "cumulative": false
    },
    {
        "date": "2020-12-08T11:10:49.726Z",
        "value": "67.96875",
        "cumulative": false
    },
    {
        "date": "2020-12-08T11:10:50.817Z",
        "value": "64.0625",
        "cumulative": false
    },
    {
        "date": "2020-12-08T11:10:51.931Z",
        "value": "66.40625",
        "cumulative": false
    },
    {
        "date": "2020-12-08T11:10:53.960Z",
        "value": "69.53125",
        "cumulative": false
    },
    {
        "date": "2020-12-08T11:10:55.118Z",
        "value": "71.875",
        "cumulative": false
    },
    {
        "date": "2020-12-08T11:10:56.237Z",
        "value": "66.40625",
        "cumulative": false
    },
    {
        "date": "2020-12-08T11:10:57.357Z",
        "value": "72.65625",
        "cumulative": false
    },
    {
        "date": "2020-12-08T11:10:58.469Z",
        "value": "67.96875",
        "cumulative": false
    },
    {
        "date": "2020-12-08T11:10:59.592Z",
        "value": "71.09375",
        "cumulative": false
    },
    {
        "date": "2020-12-08T11:11:00.760Z",
        "value": "68.75",
        "cumulative": false
    },
    {
        "date": "2020-12-08T11:11:01.845Z",
        "value": "60.9375",
        "cumulative": false
    },
    {
        "date": "2020-12-08T11:11:03.875Z",
        "value": "63.28125",
        "cumulative": false
    },
    {
        "date": "2020-12-08T11:11:05.022Z",
        "value": "76.5625",
        "cumulative": false
    },
    {
        "date": "2020-12-08T11:11:06.140Z",
        "value": "77.34375",
        "cumulative": false
    },
    {
        "date": "2020-12-08T11:11:07.297Z",
        "value": "77.34375",
        "cumulative": false
    },
    {
        "date": "2020-12-08T11:11:08.419Z",
        "value": "74.21875",
        "cumulative": false
    },
    {
        "date": "2020-12-08T11:11:09.591Z",
        "value": "66.40625",
        "cumulative": false
    },
    {
        "date": "2020-12-08T11:11:10.719Z",
        "value": "73.4375",
        "cumulative": false
    },
    {
        "date": "2020-12-08T11:11:11.843Z",
        "value": "76.5625",
        "cumulative": false
    },
    {
        "date": "2020-12-08T11:11:13.894Z",
        "value": "75.78125",
        "cumulative": false
    },
    {
        "date": "2020-12-08T11:11:15.047Z",
        "value": "78.125",
        "cumulative": false
    },
    {
        "date": "2020-12-08T11:11:16.192Z",
        "value": "72.65625",
        "cumulative": false
    },
    {
        "date": "2020-12-08T11:11:17.332Z",
        "value": "77.34375",
        "cumulative": false
    },
    {
        "date": "2020-12-08T11:11:18.494Z",
        "value": "73.4375",
        "cumulative": false
    },
    {
        "date": "2020-12-08T11:11:19.593Z",
        "value": "71.875",
        "cumulative": false
    },
    {
        "date": "2020-12-08T11:11:20.704Z",
        "value": "78.90625",
        "cumulative": false
    },
    {
        "date": "2020-12-08T11:11:21.822Z",
        "value": "77.34375",
        "cumulative": false
    },
    {
        "date": "2020-12-08T11:11:23.884Z",
        "value": "79.6875",
        "cumulative": false
    },
    {
        "date": "2020-12-08T11:11:25.030Z",
        "value": "72.65625",
        "cumulative": false
    },
    {
        "date": "2020-12-08T11:11:26.132Z",
        "value": "82.8125",
        "cumulative": false
    },
    {
        "date": "2020-12-08T11:11:27.307Z",
        "value": "82.8125",
        "cumulative": false
    },
    {
        "date": "2020-12-08T11:11:28.393Z",
        "value": "78.125",
        "cumulative": false
    },
    {
        "date": "2020-12-08T11:11:29.493Z",
        "value": "82.03125",
        "cumulative": false
    },
    {
        "date": "2020-12-08T11:11:30.627Z",
        "value": "76.5625",
        "cumulative": false
    },
    {
        "date": "2020-12-08T11:11:31.747Z",
        "value": "79.6875",
        "cumulative": false
    },
    {
        "date": "2020-12-08T11:11:33.851Z",
        "value": "74.21875",
        "cumulative": false
    },
    {
        "date": "2020-12-08T11:11:34.980Z",
        "value": "77.34375",
        "cumulative": false
    },
    {
        "date": "2020-12-08T11:11:36.130Z",
        "value": "85.15625",
        "cumulative": false
    },
    {
        "date": "2020-12-08T11:11:37.280Z",
        "value": "79.6875",
        "cumulative": false
    },
    {
        "date": "2020-12-08T11:11:38.426Z",
        "value": "81.25",
        "cumulative": false
    },
    {
        "date": "2020-12-08T11:11:39.580Z",
        "value": "83.59375",
        "cumulative": false
    },
    {
        "date": "2020-12-08T11:11:40.727Z",
        "value": "82.8125",
        "cumulative": false
    },
    {
        "date": "2020-12-08T11:11:41.825Z",
        "value": "76.5625",
        "cumulative": false
    },
    {
        "date": "2020-12-08T11:11:43.869Z",
        "value": "84.375",
        "cumulative": false
    },
    {
        "date": "2020-12-08T11:11:45.038Z",
        "value": "78.90625",
        "cumulative": false
    },
    {
        "date": "2020-12-08T11:11:46.170Z",
        "value": "79.6875",
        "cumulative": false
    },
    {
        "date": "2020-12-08T11:11:47.327Z",
        "value": "86.71875",
        "cumulative": false
    },
    {
        "date": "2020-12-08T11:11:48.431Z",
        "value": "81.25",
        "cumulative": false
    },
    {
        "date": "2020-12-08T11:11:49.547Z",
        "value": "82.03125",
        "cumulative": false
    },
    {
        "date": "2020-12-08T11:11:50.928Z",
        "value": "76.5625",
        "cumulative": false
    },
    {
        "date": "2020-12-08T11:11:52.123Z",
        "value": "78.90625",
        "cumulative": false
    },
    {
        "date": "2020-12-08T11:11:54.189Z",
        "value": "81.25",
        "cumulative": false
    },
    {
        "date": "2020-12-08T11:11:55.327Z",
        "value": "80.46875",
        "cumulative": false
    },
    {
        "date": "2020-12-08T11:11:56.450Z",
        "value": "76.5625",
        "cumulative": false
    },
    {
        "date": "2020-12-08T11:11:57.554Z",
        "value": "82.03125",
        "cumulative": false
    },
    {
        "date": "2020-12-08T11:11:58.656Z",
        "value": "86.71875",
        "cumulative": false
    },
    {
        "date": "2020-12-08T11:11:59.812Z",
        "value": "81.25",
        "cumulative": false
    },
    {
        "date": "2020-12-08T11:12:00.959Z",
        "value": "80.46875",
        "cumulative": false
    },
    {
        "date": "2020-12-08T11:12:02.280Z",
        "value": "86.71875",
        "cumulative": false
    },
    {
        "date": "2020-12-08T11:12:04.487Z",
        "value": "83.59375",
        "cumulative": false
    },
    {
        "date": "2020-12-08T11:12:05.631Z",
        "value": "81.25",
        "cumulative": false
    },
    {
        "date": "2020-12-08T11:12:06.756Z",
        "value": "85.9375",
        "cumulative": false
    },
    {
        "date": "2020-12-08T11:12:07.866Z",
        "value": "86.71875",
        "cumulative": false
    },
    {
        "date": "2020-12-08T11:12:08.944Z",
        "value": "88.28125",
        "cumulative": false
    },
    {
        "date": "2020-12-08T11:12:10.041Z",
        "value": "78.90625",
        "cumulative": false
    },
    {
        "date": "2020-12-08T11:12:11.139Z",
        "value": "85.9375",
        "cumulative": false
    },
    {
        "date": "2020-12-08T11:12:12.257Z",
        "value": "87.5",
        "cumulative": false
    }
]