[
    {
        "date": "2020-12-08T11:10:42.839Z",
        "value": "0.6110882759094238",
        "cumulative": false
    },
    {
        "date": "2020-12-08T11:10:52.823Z",
        "value": "0.5797305107116699",
        "cumulative": false
    },
    {
        "date": "2020-12-08T11:11:02.737Z",
        "value": "0.6272602081298828",
        "cumulative": false
    },
    {
        "date": "2020-12-08T11:11:12.761Z",
        "value": "0.5932059288024902",
        "cumulative": false
    },
    {
        "date": "2020-12-08T11:11:22.709Z",
        "value": "0.5772256851196289",
        "cumulative": false
    },
    {
        "date": "2020-12-08T11:11:32.674Z",
        "value": "0.5673477649688721",
        "cumulative": false
    },
    {
        "date": "2020-12-08T11:11:42.729Z",
        "value": "0.5757303237915039",
        "cumulative": false
    },
    {
        "date": "2020-12-08T11:11:53.057Z",
        "value": "0.5117030143737793",
        "cumulative": false
    },
    {
        "date": "2020-12-08T11:12:03.341Z",
        "value": "0.5990250110626221",
        "cumulative": false
    },
    {
        "date": "2020-12-08T11:12:13.171Z",
        "value": "0.608407735824585",
        "cumulative": false
    }
]