[
    {
        "date": "2020-12-08T11:10:42.839Z",
        "value": "0.04641246795654297",
        "cumulative": false
    },
    {
        "date": "2020-12-08T11:10:52.823Z",
        "value": "0.04623055458068848",
        "cumulative": false
    },
    {
        "date": "2020-12-08T11:11:02.746Z",
        "value": "0.07174420356750488",
        "cumulative": false
    },
    {
        "date": "2020-12-08T11:11:12.752Z",
        "value": "0.05205583572387695",
        "cumulative": false
    },
    {
        "date": "2020-12-08T11:11:22.708Z",
        "value": "0.04619288444519043",
        "cumulative": false
    },
    {
        "date": "2020-12-08T11:11:32.677Z",
        "value": "0.059871673583984375",
        "cumulative": false
    },
    {
        "date": "2020-12-08T11:11:42.733Z",
        "value": "0.044325828552246094",
        "cumulative": false
    },
    {
        "date": "2020-12-08T11:11:53.053Z",
        "value": "0.043670654296875",
        "cumulative": false
    },
    {
        "date": "2020-12-08T11:12:03.341Z",
        "value": "0.04432988166809082",
        "cumulative": false
    },
    {
        "date": "2020-12-08T11:12:13.167Z",
        "value": "0.0415492057800293",
        "cumulative": false
    }
]