[
    {
        "date": "2020-12-08T11:10:34.181Z",
        "value": "2.4433865547180176",
        "cumulative": false
    },
    {
        "date": "2020-12-08T11:10:35.331Z",
        "value": "1.8617782592773438",
        "cumulative": false
    },
    {
        "date": "2020-12-08T11:10:36.459Z",
        "value": "1.6748700141906738",
        "cumulative": false
    },
    {
        "date": "2020-12-08T11:10:37.557Z",
        "value": "1.6954282522201538",
        "cumulative": false
    },
    {
        "date": "2020-12-08T11:10:38.647Z",
        "value": "1.497301697731018",
        "cumulative": false
    },
    {
        "date": "2020-12-08T11:10:39.748Z",
        "value": "1.433405876159668",
        "cumulative": false
    },
    {
        "date": "2020-12-08T11:10:40.882Z",
        "value": "1.325372338294983",
        "cumulative": false
    },
    {
        "date": "2020-12-08T11:10:41.979Z",
        "value": "1.439710259437561",
        "cumulative": false
    },
    {
        "date": "2020-12-08T11:10:44.031Z",
        "value": "1.274721622467041",
        "cumulative": false
    },
    {
        "date": "2020-12-08T11:10:45.162Z",
        "value": "1.2031115293502808",
        "cumulative": false
    },
    {
        "date": "2020-12-08T11:10:46.298Z",
        "value": "1.1645511388778687",
        "cumulative": false
    },
    {
        "date": "2020-12-08T11:10:47.452Z",
        "value": "1.116697907447815",
        "cumulative": false
    },
    {
        "date": "2020-12-08T11:10:48.601Z",
        "value": "1.2753428220748901",
        "cumulative": false
    },
    {
        "date": "2020-12-08T11:10:49.727Z",
        "value": "1.032403588294983",
        "cumulative": false
    },
    {
        "date": "2020-12-08T11:10:50.817Z",
        "value": "0.8772314786911011",
        "cumulative": false
    },
    {
        "date": "2020-12-08T11:10:51.930Z",
        "value": "0.8960509300231934",
        "cumulative": false
    },
    {
        "date": "2020-12-08T11:10:53.960Z",
        "value": "0.9959908723831177",
        "cumulative": false
    },
    {
        "date": "2020-12-08T11:10:55.118Z",
        "value": "0.8866966962814331",
        "cumulative": false
    },
    {
        "date": "2020-12-08T11:10:56.238Z",
        "value": "0.9194638729095459",
        "cumulative": false
    },
    {
        "date": "2020-12-08T11:10:57.357Z",
        "value": "0.6850652694702148",
        "cumulative": false
    },
    {
        "date": "2020-12-08T11:10:58.469Z",
        "value": "0.91743403673172",
        "cumulative": false
    },
    {
        "date": "2020-12-08T11:10:59.592Z",
        "value": "0.7754619121551514",
        "cumulative": false
    },
    {
        "date": "2020-12-08T11:11:00.760Z",
        "value": "0.9183108806610107",
        "cumulative": false
    },
    {
        "date": "2020-12-08T11:11:01.846Z",
        "value": "0.8312238454818726",
        "cumulative": false
    },
    {
        "date": "2020-12-08T11:11:03.873Z",
        "value": "0.7910078763961792",
        "cumulative": false
    },
    {
        "date": "2020-12-08T11:11:05.022Z",
        "value": "0.716398298740387",
        "cumulative": false
    },
    {
        "date": "2020-12-08T11:11:06.140Z",
        "value": "1.0522724390029907",
        "cumulative": false
    },
    {
        "date": "2020-12-08T11:11:07.293Z",
        "value": "0.825586199760437",
        "cumulative": false
    },
    {
        "date": "2020-12-08T11:11:08.419Z",
        "value": "0.9180306196212769",
        "cumulative": false
    },
    {
        "date": "2020-12-08T11:11:09.581Z",
        "value": "0.5743215680122375",
        "cumulative": false
    },
    {
        "date": "2020-12-08T11:11:10.719Z",
        "value": "0.8227258324623108",
        "cumulative": false
    },
    {
        "date": "2020-12-08T11:11:11.842Z",
        "value": "0.8135895133018494",
        "cumulative": false
    },
    {
        "date": "2020-12-08T11:11:13.894Z",
        "value": "0.7422041893005371",
        "cumulative": false
    },
    {
        "date": "2020-12-08T11:11:15.048Z",
        "value": "0.6258435249328613",
        "cumulative": false
    },
    {
        "date": "2020-12-08T11:11:16.191Z",
        "value": "0.8686085343360901",
        "cumulative": false
    },
    {
        "date": "2020-12-08T11:11:17.332Z",
        "value": "0.7806853652000427",
        "cumulative": false
    },
    {
        "date": "2020-12-08T11:11:18.481Z",
        "value": "0.6317242383956909",
        "cumulative": false
    },
    {
        "date": "2020-12-08T11:11:19.593Z",
        "value": "0.6154404282569885",
        "cumulative": false
    },
    {
        "date": "2020-12-08T11:11:20.705Z",
        "value": "0.673275887966156",
        "cumulative": false
    },
    {
        "date": "2020-12-08T11:11:21.822Z",
        "value": "0.9278451800346375",
        "cumulative": false
    },
    {
        "date": "2020-12-08T11:11:23.879Z",
        "value": "0.645691990852356",
        "cumulative": false
    },
    {
        "date": "2020-12-08T11:11:25.037Z",
        "value": "0.7026276588439941",
        "cumulative": false
    },
    {
        "date": "2020-12-08T11:11:26.132Z",
        "value": "0.5860110521316528",
        "cumulative": false
    },
    {
        "date": "2020-12-08T11:11:27.307Z",
        "value": "0.4756510555744171",
        "cumulative": false
    },
    {
        "date": "2020-12-08T11:11:28.393Z",
        "value": "0.8991321325302124",
        "cumulative": false
    },
    {
        "date": "2020-12-08T11:11:29.495Z",
        "value": "0.6533401012420654",
        "cumulative": false
    },
    {
        "date": "2020-12-08T11:11:30.627Z",
        "value": "0.7147164344787598",
        "cumulative": false
    },
    {
        "date": "2020-12-08T11:11:31.748Z",
        "value": "0.5965397953987122",
        "cumulative": false
    },
    {
        "date": "2020-12-08T11:11:33.853Z",
        "value": "0.5073054432868958",
        "cumulative": false
    },
    {
        "date": "2020-12-08T11:11:34.980Z",
        "value": "0.6034525632858276",
        "cumulative": false
    },
    {
        "date": "2020-12-08T11:11:36.130Z",
        "value": "0.7410553693771362",
        "cumulative": false
    },
    {
        "date": "2020-12-08T11:11:37.280Z",
        "value": "0.5685929656028748",
        "cumulative": false
    },
    {
        "date": "2020-12-08T11:11:38.426Z",
        "value": "0.7078151106834412",
        "cumulative": false
    },
    {
        "date": "2020-12-08T11:11:39.581Z",
        "value": "0.5423946976661682",
        "cumulative": false
    },
    {
        "date": "2020-12-08T11:11:40.727Z",
        "value": "0.5931112766265869",
        "cumulative": false
    },
    {
        "date": "2020-12-08T11:11:41.826Z",
        "value": "0.5190462470054626",
        "cumulative": false
    },
    {
        "date": "2020-12-08T11:11:43.869Z",
        "value": "0.5275562405586243",
        "cumulative": false
    },
    {
        "date": "2020-12-08T11:11:45.037Z",
        "value": "0.38689103722572327",
        "cumulative": false
    },
    {
        "date": "2020-12-08T11:11:46.180Z",
        "value": "0.645736813545227",
        "cumulative": false
    },
    {
        "date": "2020-12-08T11:11:47.327Z",
        "value": "0.4622730016708374",
        "cumulative": false
    },
    {
        "date": "2020-12-08T11:11:48.431Z",
        "value": "0.5369772911071777",
        "cumulative": false
    },
    {
        "date": "2020-12-08T11:11:49.546Z",
        "value": "0.49652501940727234",
        "cumulative": false
    },
    {
        "date": "2020-12-08T11:11:50.928Z",
        "value": "0.4600335955619812",
        "cumulative": false
    },
    {
        "date": "2020-12-08T11:11:52.123Z",
        "value": "0.6632644534111023",
        "cumulative": false
    },
    {
        "date": "2020-12-08T11:11:54.191Z",
        "value": "0.5133951902389526",
        "cumulative": false
    },
    {
        "date": "2020-12-08T11:11:55.326Z",
        "value": "0.4354311227798462",
        "cumulative": false
    },
    {
        "date": "2020-12-08T11:11:56.449Z",
        "value": "0.39461448788642883",
        "cumulative": false
    },
    {
        "date": "2020-12-08T11:11:57.554Z",
        "value": "0.4331161081790924",
        "cumulative": false
    },
    {
        "date": "2020-12-08T11:11:58.657Z",
        "value": "0.4921000003814697",
        "cumulative": false
    },
    {
        "date": "2020-12-08T11:11:59.812Z",
        "value": "0.6458297371864319",
        "cumulative": false
    },
    {
        "date": "2020-12-08T11:12:00.959Z",
        "value": "0.4847329556941986",
        "cumulative": false
    },
    {
        "date": "2020-12-08T11:12:02.281Z",
        "value": "0.4985824227333069",
        "cumulative": false
    },
    {
        "date": "2020-12-08T11:12:04.486Z",
        "value": "0.46821239590644836",
        "cumulative": false
    },
    {
        "date": "2020-12-08T11:12:05.631Z",
        "value": "0.654144287109375",
        "cumulative": false
    },
    {
        "date": "2020-12-08T11:12:06.755Z",
        "value": "0.6584101319313049",
        "cumulative": false
    },
    {
        "date": "2020-12-08T11:12:07.866Z",
        "value": "0.5017704367637634",
        "cumulative": false
    },
    {
        "date": "2020-12-08T11:12:08.944Z",
        "value": "0.47963449358940125",
        "cumulative": false
    },
    {
        "date": "2020-12-08T11:12:10.041Z",
        "value": "0.5529623031616211",
        "cumulative": false
    },
    {
        "date": "2020-12-08T11:12:11.139Z",
        "value": "0.5217859148979187",
        "cumulative": false
    },
    {
        "date": "2020-12-08T11:12:12.257Z",
        "value": "0.39360880851745605",
        "cumulative": false
    }
]