[
    {
        "date": "2020-12-08T11:10:42.839Z",
        "value": "1.6374115943908691",
        "cumulative": false
    },
    {
        "date": "2020-12-08T11:10:52.823Z",
        "value": "1.7142329216003418",
        "cumulative": false
    },
    {
        "date": "2020-12-08T11:11:02.737Z",
        "value": "1.6801843643188477",
        "cumulative": false
    },
    {
        "date": "2020-12-08T11:11:12.761Z",
        "value": "1.6872029304504395",
        "cumulative": false
    },
    {
        "date": "2020-12-08T11:11:22.709Z",
        "value": "1.6843881607055664",
        "cumulative": false
    },
    {
        "date": "2020-12-08T11:11:32.674Z",
        "value": "1.6538610458374023",
        "cumulative": false
    },
    {
        "date": "2020-12-08T11:11:42.729Z",
        "value": "1.647294282913208",
        "cumulative": false
    },
    {
        "date": "2020-12-08T11:11:53.057Z",
        "value": "1.5956780910491943",
        "cumulative": false
    },
    {
        "date": "2020-12-08T11:12:03.341Z",
        "value": "1.7399342060089111",
        "cumulative": false
    },
    {
        "date": "2020-12-08T11:12:13.171Z",
        "value": "1.6035456657409668",
        "cumulative": false
    }
]