[
    {
        "date": "2020-12-08T11:10:34.182Z",
        "value": "49.21875",
        "cumulative": false
    },
    {
        "date": "2020-12-08T11:10:35.336Z",
        "value": "81.25",
        "cumulative": false
    },
    {
        "date": "2020-12-08T11:10:36.458Z",
        "value": "88.28125",
        "cumulative": false
    },
    {
        "date": "2020-12-08T11:10:37.558Z",
        "value": "91.40625",
        "cumulative": false
    },
    {
        "date": "2020-12-08T11:10:38.648Z",
        "value": "92.1875",
        "cumulative": false
    },
    {
        "date": "2020-12-08T11:10:39.748Z",
        "value": "96.09375",
        "cumulative": false
    },
    {
        "date": "2020-12-08T11:10:40.881Z",
        "value": "86.71875",
        "cumulative": false
    },
    {
        "date": "2020-12-08T11:10:41.970Z",
        "value": "91.40625",
        "cumulative": false
    },
    {
        "date": "2020-12-08T11:10:44.030Z",
        "value": "95.3125",
        "cumulative": false
    },
    {
        "date": "2020-12-08T11:10:45.162Z",
        "value": "96.09375",
        "cumulative": false
    },
    {
        "date": "2020-12-08T11:10:46.298Z",
        "value": "98.4375",
        "cumulative": false
    },
    {
        "date": "2020-12-08T11:10:47.447Z",
        "value": "93.75",
        "cumulative": false
    },
    {
        "date": "2020-12-08T11:10:48.601Z",
        "value": "96.875",
        "cumulative": false
    },
    {
        "date": "2020-12-08T11:10:49.726Z",
        "value": "92.1875",
        "cumulative": false
    },
    {
        "date": "2020-12-08T11:10:50.817Z",
        "value": "98.4375",
        "cumulative": false
    },
    {
        "date": "2020-12-08T11:10:51.931Z",
        "value": "94.53125",
        "cumulative": false
    },
    {
        "date": "2020-12-08T11:10:53.960Z",
        "value": "98.4375",
        "cumulative": false
    },
    {
        "date": "2020-12-08T11:10:55.118Z",
        "value": "95.3125",
        "cumulative": false
    },
    {
        "date": "2020-12-08T11:10:56.237Z",
        "value": "94.53125",
        "cumulative": false
    },
    {
        "date": "2020-12-08T11:10:57.357Z",
        "value": "98.4375",
        "cumulative": false
    },
    {
        "date": "2020-12-08T11:10:58.469Z",
        "value": "97.65625",
        "cumulative": false
    },
    {
        "date": "2020-12-08T11:10:59.592Z",
        "value": "97.65625",
        "cumulative": false
    },
    {
        "date": "2020-12-08T11:11:00.760Z",
        "value": "96.875",
        "cumulative": false
    },
    {
        "date": "2020-12-08T11:11:01.845Z",
        "value": "95.3125",
        "cumulative": false
    },
    {
        "date": "2020-12-08T11:11:03.875Z",
        "value": "99.21875",
        "cumulative": false
    },
    {
        "date": "2020-12-08T11:11:05.022Z",
        "value": "100.0",
        "cumulative": false
    },
    {
        "date": "2020-12-08T11:11:06.140Z",
        "value": "98.4375",
        "cumulative": false
    },
    {
        "date": "2020-12-08T11:11:07.297Z",
        "value": "96.875",
        "cumulative": false
    },
    {
        "date": "2020-12-08T11:11:08.419Z",
        "value": "96.09375",
        "cumulative": false
    },
    {
        "date": "2020-12-08T11:11:09.591Z",
        "value": "97.65625",
        "cumulative": false
    },
    {
        "date": "2020-12-08T11:11:10.719Z",
        "value": "97.65625",
        "cumulative": false
    },
    {
        "date": "2020-12-08T11:11:11.843Z",
        "value": "99.21875",
        "cumulative": false
    },
    {
        "date": "2020-12-08T11:11:13.894Z",
        "value": "96.875",
        "cumulative": false
    },
    {
        "date": "2020-12-08T11:11:15.047Z",
        "value": "96.875",
        "cumulative": false
    },
    {
        "date": "2020-12-08T11:11:16.192Z",
        "value": "98.4375",
        "cumulative": false
    },
    {
        "date": "2020-12-08T11:11:17.332Z",
        "value": "98.4375",
        "cumulative": false
    },
    {
        "date": "2020-12-08T11:11:18.494Z",
        "value": "98.4375",
        "cumulative": false
    },
    {
        "date": "2020-12-08T11:11:19.593Z",
        "value": "98.4375",
        "cumulative": false
    },
    {
        "date": "2020-12-08T11:11:20.704Z",
        "value": "100.0",
        "cumulative": false
    },
    {
        "date": "2020-12-08T11:11:21.822Z",
        "value": "98.4375",
        "cumulative": false
    },
    {
        "date": "2020-12-08T11:11:23.884Z",
        "value": "100.0",
        "cumulative": false
    },
    {
        "date": "2020-12-08T11:11:25.030Z",
        "value": "98.4375",
        "cumulative": false
    },
    {
        "date": "2020-12-08T11:11:26.132Z",
        "value": "100.0",
        "cumulative": false
    },
    {
        "date": "2020-12-08T11:11:27.307Z",
        "value": "99.21875",
        "cumulative": false
    },
    {
        "date": "2020-12-08T11:11:28.393Z",
        "value": "99.21875",
        "cumulative": false
    },
    {
        "date": "2020-12-08T11:11:29.493Z",
        "value": "98.4375",
        "cumulative": false
    },
    {
        "date": "2020-12-08T11:11:30.627Z",
        "value": "98.4375",
        "cumulative": false
    },
    {
        "date": "2020-12-08T11:11:31.747Z",
        "value": "99.21875",
        "cumulative": false
    },
    {
        "date": "2020-12-08T11:11:33.851Z",
        "value": "97.65625",
        "cumulative": false
    },
    {
        "date": "2020-12-08T11:11:34.980Z",
        "value": "98.4375",
        "cumulative": false
    },
    {
        "date": "2020-12-08T11:11:36.130Z",
        "value": "99.21875",
        "cumulative": false
    },
    {
        "date": "2020-12-08T11:11:37.281Z",
        "value": "99.21875",
        "cumulative": false
    },
    {
        "date": "2020-12-08T11:11:38.426Z",
        "value": "98.4375",
        "cumulative": false
    },
    {
        "date": "2020-12-08T11:11:39.580Z",
        "value": "99.21875",
        "cumulative": false
    },
    {
        "date": "2020-12-08T11:11:40.727Z",
        "value": "99.21875",
        "cumulative": false
    },
    {
        "date": "2020-12-08T11:11:41.825Z",
        "value": "98.4375",
        "cumulative": false
    },
    {
        "date": "2020-12-08T11:11:43.869Z",
        "value": "100.0",
        "cumulative": false
    },
    {
        "date": "2020-12-08T11:11:45.038Z",
        "value": "97.65625",
        "cumulative": false
    },
    {
        "date": "2020-12-08T11:11:46.170Z",
        "value": "99.21875",
        "cumulative": false
    },
    {
        "date": "2020-12-08T11:11:47.327Z",
        "value": "98.4375",
        "cumulative": false
    },
    {
        "date": "2020-12-08T11:11:48.431Z",
        "value": "100.0",
        "cumulative": false
    },
    {
        "date": "2020-12-08T11:11:49.547Z",
        "value": "99.21875",
        "cumulative": false
    },
    {
        "date": "2020-12-08T11:11:50.928Z",
        "value": "99.21875",
        "cumulative": false
    },
    {
        "date": "2020-12-08T11:11:52.123Z",
        "value": "99.21875",
        "cumulative": false
    },
    {
        "date": "2020-12-08T11:11:54.189Z",
        "value": "99.21875",
        "cumulative": false
    },
    {
        "date": "2020-12-08T11:11:55.327Z",
        "value": "99.21875",
        "cumulative": false
    },
    {
        "date": "2020-12-08T11:11:56.450Z",
        "value": "98.4375",
        "cumulative": false
    },
    {
        "date": "2020-12-08T11:11:57.554Z",
        "value": "99.21875",
        "cumulative": false
    },
    {
        "date": "2020-12-08T11:11:58.656Z",
        "value": "99.21875",
        "cumulative": false
    },
    {
        "date": "2020-12-08T11:11:59.812Z",
        "value": "100.0",
        "cumulative": false
    },
    {
        "date": "2020-12-08T11:12:00.959Z",
        "value": "100.0",
        "cumulative": false
    },
    {
        "date": "2020-12-08T11:12:02.280Z",
        "value": "98.4375",
        "cumulative": false
    },
    {
        "date": "2020-12-08T11:12:04.487Z",
        "value": "98.4375",
        "cumulative": false
    },
    {
        "date": "2020-12-08T11:12:05.631Z",
        "value": "100.0",
        "cumulative": false
    },
    {
        "date": "2020-12-08T11:12:06.756Z",
        "value": "100.0",
        "cumulative": false
    },
    {
        "date": "2020-12-08T11:12:07.866Z",
        "value": "100.0",
        "cumulative": false
    },
    {
        "date": "2020-12-08T11:12:08.944Z",
        "value": "100.0",
        "cumulative": false
    },
    {
        "date": "2020-12-08T11:12:10.041Z",
        "value": "99.21875",
        "cumulative": false
    },
    {
        "date": "2020-12-08T11:12:11.139Z",
        "value": "100.0",
        "cumulative": false
    },
    {
        "date": "2020-12-08T11:12:12.257Z",
        "value": "100.0",
        "cumulative": false
    }
]