[
    {
        "date": "2020-12-08T11:10:42.839Z",
        "value": "2.227715015411377",
        "cumulative": false
    },
    {
        "date": "2020-12-08T11:10:52.823Z",
        "value": "2.235701560974121",
        "cumulative": false
    },
    {
        "date": "2020-12-08T11:11:02.746Z",
        "value": "2.2025880813598633",
        "cumulative": false
    },
    {
        "date": "2020-12-08T11:11:12.752Z",
        "value": "2.1305477619171143",
        "cumulative": false
    },
    {
        "date": "2020-12-08T11:11:22.708Z",
        "value": "2.1757962703704834",
        "cumulative": false
    },
    {
        "date": "2020-12-08T11:11:32.677Z",
        "value": "2.2333106994628906",
        "cumulative": false
    },
    {
        "date": "2020-12-08T11:11:42.733Z",
        "value": "2.1563055515289307",
        "cumulative": false
    },
    {
        "date": "2020-12-08T11:11:53.053Z",
        "value": "2.135369300842285",
        "cumulative": false
    },
    {
        "date": "2020-12-08T11:12:03.341Z",
        "value": "2.1860647201538086",
        "cumulative": false
    },
    {
        "date": "2020-12-08T11:12:13.167Z",
        "value": "2.235630989074707",
        "cumulative": false
    }
]