[
    {
        "date": "2020-12-08T10:53:15.658Z",
        "value": "4.956050157546997",
        "cumulative": false
    },
    {
        "date": "2020-12-08T10:53:25.163Z",
        "value": "1.3600499629974365",
        "cumulative": false
    },
    {
        "date": "2020-12-08T10:53:35.017Z",
        "value": "1.3828332424163818",
        "cumulative": false
    },
    {
        "date": "2020-12-08T10:53:44.657Z",
        "value": "1.3975622653961182",
        "cumulative": false
    },
    {
        "date": "2020-12-08T10:53:54.354Z",
        "value": "1.4030952453613281",
        "cumulative": false
    },
    {
        "date": "2020-12-08T10:54:04.053Z",
        "value": "1.4260191917419434",
        "cumulative": false
    },
    {
        "date": "2020-12-08T10:54:13.784Z",
        "value": "1.4096283912658691",
        "cumulative": false
    },
    {
        "date": "2020-12-08T10:54:23.466Z",
        "value": "1.389512300491333",
        "cumulative": false
    },
    {
        "date": "2020-12-08T10:54:33.103Z",
        "value": "1.3829636573791504",
        "cumulative": false
    },
    {
        "date": "2020-12-08T10:54:42.746Z",
        "value": "1.3827855587005615",
        "cumulative": false
    },
    {
        "date": "2020-12-08T10:54:52.383Z",
        "value": "1.4558117389678955",
        "cumulative": false
    },
    {
        "date": "2020-12-08T10:55:01.910Z",
        "value": "1.4225389957427979",
        "cumulative": false
    }
]