[
    {
        "date": "2020-12-08T10:53:07.092Z",
        "value": "2.4433867931365967",
        "cumulative": false
    },
    {
        "date": "2020-12-08T10:53:08.292Z",
        "value": "2.013723611831665",
        "cumulative": false
    },
    {
        "date": "2020-12-08T10:53:09.357Z",
        "value": "1.7088228464126587",
        "cumulative": false
    },
    {
        "date": "2020-12-08T10:53:10.453Z",
        "value": "1.792323350906372",
        "cumulative": false
    },
    {
        "date": "2020-12-08T10:53:11.521Z",
        "value": "1.7329941987991333",
        "cumulative": false
    },
    {
        "date": "2020-12-08T10:53:12.549Z",
        "value": "1.5947980880737305",
        "cumulative": false
    },
    {
        "date": "2020-12-08T10:53:13.658Z",
        "value": "1.5682449340820312",
        "cumulative": false
    },
    {
        "date": "2020-12-08T10:53:14.767Z",
        "value": "1.648474931716919",
        "cumulative": false
    },
    {
        "date": "2020-12-08T10:53:16.755Z",
        "value": "1.4494339227676392",
        "cumulative": false
    },
    {
        "date": "2020-12-08T10:53:17.832Z",
        "value": "1.4289053678512573",
        "cumulative": false
    },
    {
        "date": "2020-12-08T10:53:18.917Z",
        "value": "1.4536515474319458",
        "cumulative": false
    },
    {
        "date": "2020-12-08T10:53:20.009Z",
        "value": "1.2733138799667358",
        "cumulative": false
    },
    {
        "date": "2020-12-08T10:53:21.091Z",
        "value": "1.5396130084991455",
        "cumulative": false
    },
    {
        "date": "2020-12-08T10:53:22.157Z",
        "value": "1.3119940757751465",
        "cumulative": false
    },
    {
        "date": "2020-12-08T10:53:23.213Z",
        "value": "1.1630655527114868",
        "cumulative": false
    },
    {
        "date": "2020-12-08T10:53:24.293Z",
        "value": "1.103271722793579",
        "cumulative": false
    },
    {
        "date": "2020-12-08T10:53:26.247Z",
        "value": "1.293670654296875",
        "cumulative": false
    },
    {
        "date": "2020-12-08T10:53:27.332Z",
        "value": "1.1169888973236084",
        "cumulative": false
    },
    {
        "date": "2020-12-08T10:53:28.447Z",
        "value": "1.1531758308410645",
        "cumulative": false
    },
    {
        "date": "2020-12-08T10:53:29.543Z",
        "value": "0.8896943926811218",
        "cumulative": false
    },
    {
        "date": "2020-12-08T10:53:30.634Z",
        "value": "1.0823805332183838",
        "cumulative": false
    },
    {
        "date": "2020-12-08T10:53:31.768Z",
        "value": "0.9745215177536011",
        "cumulative": false
    },
    {
        "date": "2020-12-08T10:53:32.864Z",
        "value": "0.980607271194458",
        "cumulative": false
    },
    {
        "date": "2020-12-08T10:53:34.152Z",
        "value": "1.016981601715088",
        "cumulative": false
    },
    {
        "date": "2020-12-08T10:53:36.096Z",
        "value": "0.8612395524978638",
        "cumulative": false
    },
    {
        "date": "2020-12-08T10:53:37.254Z",
        "value": "0.8380306959152222",
        "cumulative": false
    },
    {
        "date": "2020-12-08T10:53:38.374Z",
        "value": "1.2233871221542358",
        "cumulative": false
    },
    {
        "date": "2020-12-08T10:53:39.451Z",
        "value": "1.019431710243225",
        "cumulative": false
    },
    {
        "date": "2020-12-08T10:53:40.525Z",
        "value": "0.9730131030082703",
        "cumulative": false
    },
    {
        "date": "2020-12-08T10:53:41.593Z",
        "value": "0.7365983724594116",
        "cumulative": false
    },
    {
        "date": "2020-12-08T10:53:42.675Z",
        "value": "0.9887632131576538",
        "cumulative": false
    },
    {
        "date": "2020-12-08T10:53:43.790Z",
        "value": "0.9479677677154541",
        "cumulative": false
    },
    {
        "date": "2020-12-08T10:53:45.785Z",
        "value": "0.8795428276062012",
        "cumulative": false
    },
    {
        "date": "2020-12-08T10:53:46.912Z",
        "value": "0.7978649735450745",
        "cumulative": false
    },
    {
        "date": "2020-12-08T10:53:48.011Z",
        "value": "1.0341252088546753",
        "cumulative": false
    },
    {
        "date": "2020-12-08T10:53:49.109Z",
        "value": "0.8328906893730164",
        "cumulative": false
    },
    {
        "date": "2020-12-08T10:53:50.212Z",
        "value": "0.7010578513145447",
        "cumulative": false
    },
    {
        "date": "2020-12-08T10:53:51.317Z",
        "value": "0.6845674514770508",
        "cumulative": false
    },
    {
        "date": "2020-12-08T10:53:52.375Z",
        "value": "0.7917184829711914",
        "cumulative": false
    },
    {
        "date": "2020-12-08T10:53:53.467Z",
        "value": "0.9708371162414551",
        "cumulative": false
    },
    {
        "date": "2020-12-08T10:53:55.447Z",
        "value": "0.808134913444519",
        "cumulative": false
    },
    {
        "date": "2020-12-08T10:53:56.552Z",
        "value": "0.8453847169876099",
        "cumulative": false
    },
    {
        "date": "2020-12-08T10:53:57.673Z",
        "value": "0.6634888052940369",
        "cumulative": false
    },
    {
        "date": "2020-12-08T10:53:58.783Z",
        "value": "0.6321738958358765",
        "cumulative": false
    },
    {
        "date": "2020-12-08T10:53:59.893Z",
        "value": "0.9220222234725952",
        "cumulative": false
    },
    {
        "date": "2020-12-08T10:54:00.977Z",
        "value": "0.7538025379180908",
        "cumulative": false
    },
    {
        "date": "2020-12-08T10:54:02.054Z",
        "value": "0.7488287687301636",
        "cumulative": false
    },
    {
        "date": "2020-12-08T10:54:03.177Z",
        "value": "0.6681599617004395",
        "cumulative": false
    },
    {
        "date": "2020-12-08T10:54:05.158Z",
        "value": "0.6124839186668396",
        "cumulative": false
    },
    {
        "date": "2020-12-08T10:54:06.281Z",
        "value": "0.7402801513671875",
        "cumulative": false
    },
    {
        "date": "2020-12-08T10:54:07.405Z",
        "value": "0.8753631114959717",
        "cumulative": false
    },
    {
        "date": "2020-12-08T10:54:08.513Z",
        "value": "0.5254196524620056",
        "cumulative": false
    },
    {
        "date": "2020-12-08T10:54:09.604Z",
        "value": "0.6965780854225159",
        "cumulative": false
    },
    {
        "date": "2020-12-08T10:54:10.692Z",
        "value": "0.7110893726348877",
        "cumulative": false
    },
    {
        "date": "2020-12-08T10:54:11.810Z",
        "value": "0.6799909472465515",
        "cumulative": false
    },
    {
        "date": "2020-12-08T10:54:12.897Z",
        "value": "0.6497983932495117",
        "cumulative": false
    },
    {
        "date": "2020-12-08T10:54:14.909Z",
        "value": "0.610562801361084",
        "cumulative": false
    },
    {
        "date": "2020-12-08T10:54:16.007Z",
        "value": "0.5064788460731506",
        "cumulative": false
    },
    {
        "date": "2020-12-08T10:54:17.128Z",
        "value": "0.7147866487503052",
        "cumulative": false
    },
    {
        "date": "2020-12-08T10:54:18.252Z",
        "value": "0.5831670165061951",
        "cumulative": false
    },
    {
        "date": "2020-12-08T10:54:19.323Z",
        "value": "0.7167362570762634",
        "cumulative": false
    },
    {
        "date": "2020-12-08T10:54:20.416Z",
        "value": "0.5229873657226562",
        "cumulative": false
    },
    {
        "date": "2020-12-08T10:54:21.511Z",
        "value": "0.4929673671722412",
        "cumulative": false
    },
    {
        "date": "2020-12-08T10:54:22.603Z",
        "value": "0.6968916654586792",
        "cumulative": false
    },
    {
        "date": "2020-12-08T10:54:24.542Z",
        "value": "0.555579662322998",
        "cumulative": false
    },
    {
        "date": "2020-12-08T10:54:25.637Z",
        "value": "0.4992523789405823",
        "cumulative": false
    },
    {
        "date": "2020-12-08T10:54:26.747Z",
        "value": "0.5948687195777893",
        "cumulative": false
    },
    {
        "date": "2020-12-08T10:54:27.841Z",
        "value": "0.4927115738391876",
        "cumulative": false
    },
    {
        "date": "2020-12-08T10:54:28.953Z",
        "value": "0.602864682674408",
        "cumulative": false
    },
    {
        "date": "2020-12-08T10:54:30.035Z",
        "value": "0.7795298099517822",
        "cumulative": false
    },
    {
        "date": "2020-12-08T10:54:31.110Z",
        "value": "0.5402376055717468",
        "cumulative": false
    },
    {
        "date": "2020-12-08T10:54:32.213Z",
        "value": "0.5174228549003601",
        "cumulative": false
    },
    {
        "date": "2020-12-08T10:54:34.185Z",
        "value": "0.5360256433486938",
        "cumulative": false
    },
    {
        "date": "2020-12-08T10:54:35.277Z",
        "value": "0.7177865505218506",
        "cumulative": false
    },
    {
        "date": "2020-12-08T10:54:36.364Z",
        "value": "0.6253995895385742",
        "cumulative": false
    },
    {
        "date": "2020-12-08T10:54:37.465Z",
        "value": "0.5417369604110718",
        "cumulative": false
    },
    {
        "date": "2020-12-08T10:54:38.561Z",
        "value": "0.5252619385719299",
        "cumulative": false
    },
    {
        "date": "2020-12-08T10:54:39.663Z",
        "value": "0.5643305778503418",
        "cumulative": false
    },
    {
        "date": "2020-12-08T10:54:40.765Z",
        "value": "0.5270887017250061",
        "cumulative": false
    },
    {
        "date": "2020-12-08T10:54:41.848Z",
        "value": "0.4432816207408905",
        "cumulative": false
    },
    {
        "date": "2020-12-08T10:54:43.808Z",
        "value": "0.5781379342079163",
        "cumulative": false
    },
    {
        "date": "2020-12-08T10:54:44.914Z",
        "value": "0.5130376219749451",
        "cumulative": false
    },
    {
        "date": "2020-12-08T10:54:45.981Z",
        "value": "0.4809035658836365",
        "cumulative": false
    },
    {
        "date": "2020-12-08T10:54:47.074Z",
        "value": "0.6557033658027649",
        "cumulative": false
    },
    {
        "date": "2020-12-08T10:54:48.185Z",
        "value": "0.4828629195690155",
        "cumulative": false
    },
    {
        "date": "2020-12-08T10:54:49.324Z",
        "value": "0.5407069325447083",
        "cumulative": false
    },
    {
        "date": "2020-12-08T10:54:50.419Z",
        "value": "0.5592785477638245",
        "cumulative": false
    },
    {
        "date": "2020-12-08T10:54:51.507Z",
        "value": "0.5648047924041748",
        "cumulative": false
    },
    {
        "date": "2020-12-08T10:54:53.395Z",
        "value": "0.5675494074821472",
        "cumulative": false
    },
    {
        "date": "2020-12-08T10:54:54.475Z",
        "value": "0.4924887418746948",
        "cumulative": false
    },
    {
        "date": "2020-12-08T10:54:55.577Z",
        "value": "0.4789904057979584",
        "cumulative": false
    },
    {
        "date": "2020-12-08T10:54:56.667Z",
        "value": "0.37379130721092224",
        "cumulative": false
    },
    {
        "date": "2020-12-08T10:54:57.777Z",
        "value": "0.4017668068408966",
        "cumulative": false
    },
    {
        "date": "2020-12-08T10:54:58.882Z",
        "value": "0.47195109724998474",
        "cumulative": false
    },
    {
        "date": "2020-12-08T10:54:59.951Z",
        "value": "0.4111578166484833",
        "cumulative": false
    },
    {
        "date": "2020-12-08T10:55:01.031Z",
        "value": "0.5030597448348999",
        "cumulative": false
    }
]