[
    {
        "date": "2020-12-08T10:53:07.092Z",
        "value": "2.520179033279419",
        "cumulative": false
    },
    {
        "date": "2020-12-08T10:53:08.289Z",
        "value": "2.036770820617676",
        "cumulative": false
    },
    {
        "date": "2020-12-08T10:53:09.356Z",
        "value": "1.734024167060852",
        "cumulative": false
    },
    {
        "date": "2020-12-08T10:53:10.455Z",
        "value": "1.7138981819152832",
        "cumulative": false
    },
    {
        "date": "2020-12-08T10:53:11.520Z",
        "value": "1.7795445919036865",
        "cumulative": false
    },
    {
        "date": "2020-12-08T10:53:12.552Z",
        "value": "1.645564079284668",
        "cumulative": false
    },
    {
        "date": "2020-12-08T10:53:13.656Z",
        "value": "1.622352123260498",
        "cumulative": false
    },
    {
        "date": "2020-12-08T10:53:14.764Z",
        "value": "1.6394779682159424",
        "cumulative": false
    },
    {
        "date": "2020-12-08T10:53:16.755Z",
        "value": "1.3154101371765137",
        "cumulative": false
    },
    {
        "date": "2020-12-08T10:53:17.836Z",
        "value": "1.5165797472000122",
        "cumulative": false
    },
    {
        "date": "2020-12-08T10:53:18.923Z",
        "value": "1.0558534860610962",
        "cumulative": false
    },
    {
        "date": "2020-12-08T10:53:20.003Z",
        "value": "1.435327172279358",
        "cumulative": false
    },
    {
        "date": "2020-12-08T10:53:21.093Z",
        "value": "1.2757583856582642",
        "cumulative": false
    },
    {
        "date": "2020-12-08T10:53:22.155Z",
        "value": "1.3591378927230835",
        "cumulative": false
    },
    {
        "date": "2020-12-08T10:53:23.212Z",
        "value": "1.2974853515625",
        "cumulative": false
    },
    {
        "date": "2020-12-08T10:53:24.297Z",
        "value": "1.1918498277664185",
        "cumulative": false
    },
    {
        "date": "2020-12-08T10:53:26.246Z",
        "value": "1.102475881576538",
        "cumulative": false
    },
    {
        "date": "2020-12-08T10:53:27.330Z",
        "value": "1.124943733215332",
        "cumulative": false
    },
    {
        "date": "2020-12-08T10:53:28.447Z",
        "value": "1.1443049907684326",
        "cumulative": false
    },
    {
        "date": "2020-12-08T10:53:29.540Z",
        "value": "1.0012813806533813",
        "cumulative": false
    },
    {
        "date": "2020-12-08T10:53:30.638Z",
        "value": "1.0149922370910645",
        "cumulative": false
    },
    {
        "date": "2020-12-08T10:53:31.768Z",
        "value": "1.0786352157592773",
        "cumulative": false
    },
    {
        "date": "2020-12-08T10:53:32.860Z",
        "value": "1.1167449951171875",
        "cumulative": false
    },
    {
        "date": "2020-12-08T10:53:34.156Z",
        "value": "1.1077003479003906",
        "cumulative": false
    },
    {
        "date": "2020-12-08T10:53:36.105Z",
        "value": "1.0927808284759521",
        "cumulative": false
    },
    {
        "date": "2020-12-08T10:53:37.253Z",
        "value": "0.8152538537979126",
        "cumulative": false
    },
    {
        "date": "2020-12-08T10:53:38.369Z",
        "value": "0.9964929223060608",
        "cumulative": false
    },
    {
        "date": "2020-12-08T10:53:39.442Z",
        "value": "0.8443833589553833",
        "cumulative": false
    },
    {
        "date": "2020-12-08T10:53:40.524Z",
        "value": "0.9528393745422363",
        "cumulative": false
    },
    {
        "date": "2020-12-08T10:53:41.592Z",
        "value": "0.9370405673980713",
        "cumulative": false
    },
    {
        "date": "2020-12-08T10:53:42.675Z",
        "value": "0.8468067049980164",
        "cumulative": false
    },
    {
        "date": "2020-12-08T10:53:43.789Z",
        "value": "0.826007604598999",
        "cumulative": false
    },
    {
        "date": "2020-12-08T10:53:45.788Z",
        "value": "0.9383208751678467",
        "cumulative": false
    },
    {
        "date": "2020-12-08T10:53:46.911Z",
        "value": "0.8098401427268982",
        "cumulative": false
    },
    {
        "date": "2020-12-08T10:53:48.012Z",
        "value": "0.9630483388900757",
        "cumulative": false
    },
    {
        "date": "2020-12-08T10:53:49.112Z",
        "value": "0.7560592293739319",
        "cumulative": false
    },
    {
        "date": "2020-12-08T10:53:50.213Z",
        "value": "0.8796589970588684",
        "cumulative": false
    },
    {
        "date": "2020-12-08T10:53:51.314Z",
        "value": "1.0041991472244263",
        "cumulative": false
    },
    {
        "date": "2020-12-08T10:53:52.376Z",
        "value": "0.7233201861381531",
        "cumulative": false
    },
    {
        "date": "2020-12-08T10:53:53.470Z",
        "value": "0.9077373743057251",
        "cumulative": false
    },
    {
        "date": "2020-12-08T10:53:55.448Z",
        "value": "0.5637623071670532",
        "cumulative": false
    },
    {
        "date": "2020-12-08T10:53:56.551Z",
        "value": "0.8572327494621277",
        "cumulative": false
    },
    {
        "date": "2020-12-08T10:53:57.673Z",
        "value": "0.6036338806152344",
        "cumulative": false
    },
    {
        "date": "2020-12-08T10:53:58.782Z",
        "value": "0.5966672301292419",
        "cumulative": false
    },
    {
        "date": "2020-12-08T10:53:59.892Z",
        "value": "0.6641713380813599",
        "cumulative": false
    },
    {
        "date": "2020-12-08T10:54:00.976Z",
        "value": "0.565069854259491",
        "cumulative": false
    },
    {
        "date": "2020-12-08T10:54:02.058Z",
        "value": "0.6731593608856201",
        "cumulative": false
    },
    {
        "date": "2020-12-08T10:54:03.176Z",
        "value": "0.7507137656211853",
        "cumulative": false
    },
    {
        "date": "2020-12-08T10:54:05.152Z",
        "value": "0.725261390209198",
        "cumulative": false
    },
    {
        "date": "2020-12-08T10:54:06.284Z",
        "value": "0.625532329082489",
        "cumulative": false
    },
    {
        "date": "2020-12-08T10:54:07.408Z",
        "value": "0.5812492370605469",
        "cumulative": false
    },
    {
        "date": "2020-12-08T10:54:08.513Z",
        "value": "0.6104352474212646",
        "cumulative": false
    },
    {
        "date": "2020-12-08T10:54:09.603Z",
        "value": "0.6169213056564331",
        "cumulative": false
    },
    {
        "date": "2020-12-08T10:54:10.692Z",
        "value": "0.5261954665184021",
        "cumulative": false
    },
    {
        "date": "2020-12-08T10:54:11.809Z",
        "value": "0.6231197714805603",
        "cumulative": false
    },
    {
        "date": "2020-12-08T10:54:12.897Z",
        "value": "0.7654855847358704",
        "cumulative": false
    },
    {
        "date": "2020-12-08T10:54:14.909Z",
        "value": "0.49730971455574036",
        "cumulative": false
    },
    {
        "date": "2020-12-08T10:54:16.010Z",
        "value": "0.6555189490318298",
        "cumulative": false
    },
    {
        "date": "2020-12-08T10:54:17.128Z",
        "value": "0.5175918936729431",
        "cumulative": false
    },
    {
        "date": "2020-12-08T10:54:18.248Z",
        "value": "0.5397642254829407",
        "cumulative": false
    },
    {
        "date": "2020-12-08T10:54:19.324Z",
        "value": "0.5840674042701721",
        "cumulative": false
    },
    {
        "date": "2020-12-08T10:54:20.416Z",
        "value": "0.628349244594574",
        "cumulative": false
    },
    {
        "date": "2020-12-08T10:54:21.515Z",
        "value": "0.7567983865737915",
        "cumulative": false
    },
    {
        "date": "2020-12-08T10:54:22.602Z",
        "value": "0.6872437000274658",
        "cumulative": false
    },
    {
        "date": "2020-12-08T10:54:24.541Z",
        "value": "0.5324902534484863",
        "cumulative": false
    },
    {
        "date": "2020-12-08T10:54:25.637Z",
        "value": "0.5682328343391418",
        "cumulative": false
    },
    {
        "date": "2020-12-08T10:54:26.744Z",
        "value": "0.6889726519584656",
        "cumulative": false
    },
    {
        "date": "2020-12-08T10:54:27.845Z",
        "value": "0.4695134162902832",
        "cumulative": false
    },
    {
        "date": "2020-12-08T10:54:28.952Z",
        "value": "0.5746033191680908",
        "cumulative": false
    },
    {
        "date": "2020-12-08T10:54:30.038Z",
        "value": "0.6084197163581848",
        "cumulative": false
    },
    {
        "date": "2020-12-08T10:54:31.110Z",
        "value": "0.6399120688438416",
        "cumulative": false
    },
    {
        "date": "2020-12-08T10:54:32.213Z",
        "value": "0.5784599184989929",
        "cumulative": false
    },
    {
        "date": "2020-12-08T10:54:34.185Z",
        "value": "0.6398380994796753",
        "cumulative": false
    },
    {
        "date": "2020-12-08T10:54:35.281Z",
        "value": "0.5771108269691467",
        "cumulative": false
    },
    {
        "date": "2020-12-08T10:54:36.366Z",
        "value": "0.511282742023468",
        "cumulative": false
    },
    {
        "date": "2020-12-08T10:54:37.464Z",
        "value": "0.5215955972671509",
        "cumulative": false
    },
    {
        "date": "2020-12-08T10:54:38.563Z",
        "value": "0.3984993100166321",
        "cumulative": false
    },
    {
        "date": "2020-12-08T10:54:39.662Z",
        "value": "0.5691233277320862",
        "cumulative": false
    },
    {
        "date": "2020-12-08T10:54:40.768Z",
        "value": "0.47217315435409546",
        "cumulative": false
    },
    {
        "date": "2020-12-08T10:54:41.849Z",
        "value": "0.554707944393158",
        "cumulative": false
    },
    {
        "date": "2020-12-08T10:54:43.813Z",
        "value": "0.5971247553825378",
        "cumulative": false
    },
    {
        "date": "2020-12-08T10:54:44.914Z",
        "value": "0.4360620379447937",
        "cumulative": false
    },
    {
        "date": "2020-12-08T10:54:45.983Z",
        "value": "0.44091200828552246",
        "cumulative": false
    },
    {
        "date": "2020-12-08T10:54:47.074Z",
        "value": "0.5136945843696594",
        "cumulative": false
    },
    {
        "date": "2020-12-08T10:54:48.185Z",
        "value": "0.4596410393714905",
        "cumulative": false
    },
    {
        "date": "2020-12-08T10:54:49.324Z",
        "value": "0.46915847063064575",
        "cumulative": false
    },
    {
        "date": "2020-12-08T10:54:50.416Z",
        "value": "0.628029465675354",
        "cumulative": false
    },
    {
        "date": "2020-12-08T10:54:51.507Z",
        "value": "0.4310039281845093",
        "cumulative": false
    },
    {
        "date": "2020-12-08T10:54:53.400Z",
        "value": "0.5468952655792236",
        "cumulative": false
    },
    {
        "date": "2020-12-08T10:54:54.474Z",
        "value": "0.4850391745567322",
        "cumulative": false
    },
    {
        "date": "2020-12-08T10:54:55.573Z",
        "value": "0.38439294695854187",
        "cumulative": false
    },
    {
        "date": "2020-12-08T10:54:56.673Z",
        "value": "0.5280253887176514",
        "cumulative": false
    },
    {
        "date": "2020-12-08T10:54:57.777Z",
        "value": "0.4319871664047241",
        "cumulative": false
    },
    {
        "date": "2020-12-08T10:54:58.881Z",
        "value": "0.5730894804000854",
        "cumulative": false
    },
    {
        "date": "2020-12-08T10:54:59.954Z",
        "value": "0.3785824179649353",
        "cumulative": false
    },
    {
        "date": "2020-12-08T10:55:01.033Z",
        "value": "0.5013145804405212",
        "cumulative": false
    }
]