[
    {
        "date": "2020-12-08T10:53:15.657Z",
        "value": "0.4471733570098877",
        "cumulative": false
    },
    {
        "date": "2020-12-08T10:53:25.168Z",
        "value": "0.4591646194458008",
        "cumulative": false
    },
    {
        "date": "2020-12-08T10:53:35.020Z",
        "value": "0.47896289825439453",
        "cumulative": false
    },
    {
        "date": "2020-12-08T10:53:44.658Z",
        "value": "0.44719982147216797",
        "cumulative": false
    },
    {
        "date": "2020-12-08T10:53:54.359Z",
        "value": "0.4264671802520752",
        "cumulative": false
    },
    {
        "date": "2020-12-08T10:54:04.065Z",
        "value": "0.45705342292785645",
        "cumulative": false
    },
    {
        "date": "2020-12-08T10:54:13.786Z",
        "value": "0.43636298179626465",
        "cumulative": false
    },
    {
        "date": "2020-12-08T10:54:23.475Z",
        "value": "0.4276084899902344",
        "cumulative": false
    },
    {
        "date": "2020-12-08T10:54:33.095Z",
        "value": "0.4041299819946289",
        "cumulative": false
    },
    {
        "date": "2020-12-08T10:54:42.747Z",
        "value": "0.41210150718688965",
        "cumulative": false
    },
    {
        "date": "2020-12-08T10:54:52.375Z",
        "value": "0.4125480651855469",
        "cumulative": false
    },
    {
        "date": "2020-12-08T10:55:01.909Z",
        "value": "0.4037642478942871",
        "cumulative": false
    }
]