[
    {
        "date": "2020-12-08T10:53:15.657Z",
        "value": "0.12401175498962402",
        "cumulative": false
    },
    {
        "date": "2020-12-08T10:53:25.169Z",
        "value": "0.1245875358581543",
        "cumulative": false
    },
    {
        "date": "2020-12-08T10:53:35.020Z",
        "value": "0.13512730598449707",
        "cumulative": false
    },
    {
        "date": "2020-12-08T10:53:44.658Z",
        "value": "0.1257023811340332",
        "cumulative": false
    },
    {
        "date": "2020-12-08T10:53:54.360Z",
        "value": "0.12212610244750977",
        "cumulative": false
    },
    {
        "date": "2020-12-08T10:54:04.065Z",
        "value": "0.1261284351348877",
        "cumulative": false
    },
    {
        "date": "2020-12-08T10:54:13.786Z",
        "value": "0.11937904357910156",
        "cumulative": false
    },
    {
        "date": "2020-12-08T10:54:23.475Z",
        "value": "0.11573314666748047",
        "cumulative": false
    },
    {
        "date": "2020-12-08T10:54:33.095Z",
        "value": "0.11314010620117188",
        "cumulative": false
    },
    {
        "date": "2020-12-08T10:54:42.747Z",
        "value": "0.11153364181518555",
        "cumulative": false
    },
    {
        "date": "2020-12-08T10:54:52.375Z",
        "value": "0.11133718490600586",
        "cumulative": false
    },
    {
        "date": "2020-12-08T10:55:01.909Z",
        "value": "0.1154327392578125",
        "cumulative": false
    }
]