[
    {
        "date": "2020-12-08T10:53:15.657Z",
        "value": "0.0005440711975097656",
        "cumulative": false
    },
    {
        "date": "2020-12-08T10:53:25.169Z",
        "value": "0.0005402565002441406",
        "cumulative": false
    },
    {
        "date": "2020-12-08T10:53:35.020Z",
        "value": "0.0006053447723388672",
        "cumulative": false
    },
    {
        "date": "2020-12-08T10:53:44.658Z",
        "value": "0.0005896091461181641",
        "cumulative": false
    },
    {
        "date": "2020-12-08T10:53:54.360Z",
        "value": "0.0005261898040771484",
        "cumulative": false
    },
    {
        "date": "2020-12-08T10:54:04.065Z",
        "value": "0.0005800724029541016",
        "cumulative": false
    },
    {
        "date": "2020-12-08T10:54:13.786Z",
        "value": "0.00046539306640625",
        "cumulative": false
    },
    {
        "date": "2020-12-08T10:54:23.475Z",
        "value": "0.0005347728729248047",
        "cumulative": false
    },
    {
        "date": "2020-12-08T10:54:33.095Z",
        "value": "0.0005183219909667969",
        "cumulative": false
    },
    {
        "date": "2020-12-08T10:54:42.747Z",
        "value": "0.00045752525329589844",
        "cumulative": false
    },
    {
        "date": "2020-12-08T10:54:52.375Z",
        "value": "0.00047707557678222656",
        "cumulative": false
    },
    {
        "date": "2020-12-08T10:55:01.909Z",
        "value": "0.0004565715789794922",
        "cumulative": false
    }
]