[
    {
        "date": "2020-12-08T10:53:15.658Z",
        "value": "12.63747763633728",
        "cumulative": false
    },
    {
        "date": "2020-12-08T10:53:25.163Z",
        "value": "8.329486846923828",
        "cumulative": false
    },
    {
        "date": "2020-12-08T10:53:35.017Z",
        "value": "8.681697368621826",
        "cumulative": false
    },
    {
        "date": "2020-12-08T10:53:44.657Z",
        "value": "8.461781740188599",
        "cumulative": false
    },
    {
        "date": "2020-12-08T10:53:54.354Z",
        "value": "8.47799277305603",
        "cumulative": false
    },
    {
        "date": "2020-12-08T10:54:04.053Z",
        "value": "8.515288352966309",
        "cumulative": false
    },
    {
        "date": "2020-12-08T10:54:13.784Z",
        "value": "8.559709310531616",
        "cumulative": false
    },
    {
        "date": "2020-12-08T10:54:23.466Z",
        "value": "8.461045980453491",
        "cumulative": false
    },
    {
        "date": "2020-12-08T10:54:33.102Z",
        "value": "8.460821628570557",
        "cumulative": false
    },
    {
        "date": "2020-12-08T10:54:42.745Z",
        "value": "8.473228454589844",
        "cumulative": false
    },
    {
        "date": "2020-12-08T10:54:52.383Z",
        "value": "8.468833208084106",
        "cumulative": false
    },
    {
        "date": "2020-12-08T10:55:01.909Z",
        "value": "8.445591926574707",
        "cumulative": false
    }
]