[
    {
        "date": "2020-12-08T10:53:07.094Z",
        "value": "49.21875",
        "cumulative": false
    },
    {
        "date": "2020-12-08T10:53:08.293Z",
        "value": "80.46875",
        "cumulative": false
    },
    {
        "date": "2020-12-08T10:53:09.356Z",
        "value": "91.40625",
        "cumulative": false
    },
    {
        "date": "2020-12-08T10:53:10.455Z",
        "value": "85.9375",
        "cumulative": false
    },
    {
        "date": "2020-12-08T10:53:11.520Z",
        "value": "88.28125",
        "cumulative": false
    },
    {
        "date": "2020-12-08T10:53:12.553Z",
        "value": "90.625",
        "cumulative": false
    },
    {
        "date": "2020-12-08T10:53:13.656Z",
        "value": "87.5",
        "cumulative": false
    },
    {
        "date": "2020-12-08T10:53:14.764Z",
        "value": "88.28125",
        "cumulative": false
    },
    {
        "date": "2020-12-08T10:53:16.756Z",
        "value": "94.53125",
        "cumulative": false
    },
    {
        "date": "2020-12-08T10:53:17.836Z",
        "value": "91.40625",
        "cumulative": false
    },
    {
        "date": "2020-12-08T10:53:18.923Z",
        "value": "94.53125",
        "cumulative": false
    },
    {
        "date": "2020-12-08T10:53:20.004Z",
        "value": "91.40625",
        "cumulative": false
    },
    {
        "date": "2020-12-08T10:53:21.093Z",
        "value": "92.96875",
        "cumulative": false
    },
    {
        "date": "2020-12-08T10:53:22.155Z",
        "value": "93.75",
        "cumulative": false
    },
    {
        "date": "2020-12-08T10:53:23.212Z",
        "value": "96.09375",
        "cumulative": false
    },
    {
        "date": "2020-12-08T10:53:24.297Z",
        "value": "94.53125",
        "cumulative": false
    },
    {
        "date": "2020-12-08T10:53:26.246Z",
        "value": "98.4375",
        "cumulative": false
    },
    {
        "date": "2020-12-08T10:53:27.330Z",
        "value": "97.65625",
        "cumulative": false
    },
    {
        "date": "2020-12-08T10:53:28.447Z",
        "value": "95.3125",
        "cumulative": false
    },
    {
        "date": "2020-12-08T10:53:29.540Z",
        "value": "98.4375",
        "cumulative": false
    },
    {
        "date": "2020-12-08T10:53:30.638Z",
        "value": "96.09375",
        "cumulative": false
    },
    {
        "date": "2020-12-08T10:53:31.768Z",
        "value": "96.875",
        "cumulative": false
    },
    {
        "date": "2020-12-08T10:53:32.861Z",
        "value": "92.1875",
        "cumulative": false
    },
    {
        "date": "2020-12-08T10:53:34.156Z",
        "value": "94.53125",
        "cumulative": false
    },
    {
        "date": "2020-12-08T10:53:36.106Z",
        "value": "97.65625",
        "cumulative": false
    },
    {
        "date": "2020-12-08T10:53:37.253Z",
        "value": "98.4375",
        "cumulative": false
    },
    {
        "date": "2020-12-08T10:53:38.370Z",
        "value": "96.09375",
        "cumulative": false
    },
    {
        "date": "2020-12-08T10:53:39.442Z",
        "value": "96.875",
        "cumulative": false
    },
    {
        "date": "2020-12-08T10:53:40.524Z",
        "value": "94.53125",
        "cumulative": false
    },
    {
        "date": "2020-12-08T10:53:41.592Z",
        "value": "99.21875",
        "cumulative": false
    },
    {
        "date": "2020-12-08T10:53:42.675Z",
        "value": "97.65625",
        "cumulative": false
    },
    {
        "date": "2020-12-08T10:53:43.789Z",
        "value": "99.21875",
        "cumulative": false
    },
    {
        "date": "2020-12-08T10:53:45.788Z",
        "value": "97.65625",
        "cumulative": false
    },
    {
        "date": "2020-12-08T10:53:46.911Z",
        "value": "96.09375",
        "cumulative": false
    },
    {
        "date": "2020-12-08T10:53:48.012Z",
        "value": "96.875",
        "cumulative": false
    },
    {
        "date": "2020-12-08T10:53:49.112Z",
        "value": "98.4375",
        "cumulative": false
    },
    {
        "date": "2020-12-08T10:53:50.213Z",
        "value": "94.53125",
        "cumulative": false
    },
    {
        "date": "2020-12-08T10:53:51.315Z",
        "value": "96.09375",
        "cumulative": false
    },
    {
        "date": "2020-12-08T10:53:52.376Z",
        "value": "97.65625",
        "cumulative": false
    },
    {
        "date": "2020-12-08T10:53:53.470Z",
        "value": "96.09375",
        "cumulative": false
    },
    {
        "date": "2020-12-08T10:53:55.448Z",
        "value": "98.4375",
        "cumulative": false
    },
    {
        "date": "2020-12-08T10:53:56.552Z",
        "value": "96.875",
        "cumulative": false
    },
    {
        "date": "2020-12-08T10:53:57.673Z",
        "value": "98.4375",
        "cumulative": false
    },
    {
        "date": "2020-12-08T10:53:58.782Z",
        "value": "99.21875",
        "cumulative": false
    },
    {
        "date": "2020-12-08T10:53:59.892Z",
        "value": "99.21875",
        "cumulative": false
    },
    {
        "date": "2020-12-08T10:54:00.976Z",
        "value": "97.65625",
        "cumulative": false
    },
    {
        "date": "2020-12-08T10:54:02.058Z",
        "value": "98.4375",
        "cumulative": false
    },
    {
        "date": "2020-12-08T10:54:03.176Z",
        "value": "99.21875",
        "cumulative": false
    },
    {
        "date": "2020-12-08T10:54:05.152Z",
        "value": "96.875",
        "cumulative": false
    },
    {
        "date": "2020-12-08T10:54:06.284Z",
        "value": "98.4375",
        "cumulative": false
    },
    {
        "date": "2020-12-08T10:54:07.408Z",
        "value": "99.21875",
        "cumulative": false
    },
    {
        "date": "2020-12-08T10:54:08.513Z",
        "value": "98.4375",
        "cumulative": false
    },
    {
        "date": "2020-12-08T10:54:09.603Z",
        "value": "99.21875",
        "cumulative": false
    },
    {
        "date": "2020-12-08T10:54:10.692Z",
        "value": "99.21875",
        "cumulative": false
    },
    {
        "date": "2020-12-08T10:54:11.809Z",
        "value": "99.21875",
        "cumulative": false
    },
    {
        "date": "2020-12-08T10:54:12.897Z",
        "value": "98.4375",
        "cumulative": false
    },
    {
        "date": "2020-12-08T10:54:14.909Z",
        "value": "100.0",
        "cumulative": false
    },
    {
        "date": "2020-12-08T10:54:16.010Z",
        "value": "98.4375",
        "cumulative": false
    },
    {
        "date": "2020-12-08T10:54:17.128Z",
        "value": "98.4375",
        "cumulative": false
    },
    {
        "date": "2020-12-08T10:54:18.248Z",
        "value": "99.21875",
        "cumulative": false
    },
    {
        "date": "2020-12-08T10:54:19.325Z",
        "value": "97.65625",
        "cumulative": false
    },
    {
        "date": "2020-12-08T10:54:20.416Z",
        "value": "99.21875",
        "cumulative": false
    },
    {
        "date": "2020-12-08T10:54:21.515Z",
        "value": "98.4375",
        "cumulative": false
    },
    {
        "date": "2020-12-08T10:54:22.602Z",
        "value": "97.65625",
        "cumulative": false
    },
    {
        "date": "2020-12-08T10:54:24.541Z",
        "value": "99.21875",
        "cumulative": false
    },
    {
        "date": "2020-12-08T10:54:25.637Z",
        "value": "99.21875",
        "cumulative": false
    },
    {
        "date": "2020-12-08T10:54:26.744Z",
        "value": "97.65625",
        "cumulative": false
    },
    {
        "date": "2020-12-08T10:54:27.845Z",
        "value": "99.21875",
        "cumulative": false
    },
    {
        "date": "2020-12-08T10:54:28.952Z",
        "value": "100.0",
        "cumulative": false
    },
    {
        "date": "2020-12-08T10:54:30.038Z",
        "value": "96.875",
        "cumulative": false
    },
    {
        "date": "2020-12-08T10:54:31.110Z",
        "value": "100.0",
        "cumulative": false
    },
    {
        "date": "2020-12-08T10:54:32.213Z",
        "value": "99.21875",
        "cumulative": false
    },
    {
        "date": "2020-12-08T10:54:34.186Z",
        "value": "98.4375",
        "cumulative": false
    },
    {
        "date": "2020-12-08T10:54:35.281Z",
        "value": "99.21875",
        "cumulative": false
    },
    {
        "date": "2020-12-08T10:54:36.366Z",
        "value": "98.4375",
        "cumulative": false
    },
    {
        "date": "2020-12-08T10:54:37.464Z",
        "value": "100.0",
        "cumulative": false
    },
    {
        "date": "2020-12-08T10:54:38.563Z",
        "value": "100.0",
        "cumulative": false
    },
    {
        "date": "2020-12-08T10:54:39.662Z",
        "value": "100.0",
        "cumulative": false
    },
    {
        "date": "2020-12-08T10:54:40.768Z",
        "value": "99.21875",
        "cumulative": false
    },
    {
        "date": "2020-12-08T10:54:41.849Z",
        "value": "100.0",
        "cumulative": false
    },
    {
        "date": "2020-12-08T10:54:43.813Z",
        "value": "98.4375",
        "cumulative": false
    },
    {
        "date": "2020-12-08T10:54:44.915Z",
        "value": "100.0",
        "cumulative": false
    },
    {
        "date": "2020-12-08T10:54:45.983Z",
        "value": "99.21875",
        "cumulative": false
    },
    {
        "date": "2020-12-08T10:54:47.074Z",
        "value": "98.4375",
        "cumulative": false
    },
    {
        "date": "2020-12-08T10:54:48.185Z",
        "value": "99.21875",
        "cumulative": false
    },
    {
        "date": "2020-12-08T10:54:49.324Z",
        "value": "100.0",
        "cumulative": false
    },
    {
        "date": "2020-12-08T10:54:50.416Z",
        "value": "99.21875",
        "cumulative": false
    },
    {
        "date": "2020-12-08T10:54:51.508Z",
        "value": "100.0",
        "cumulative": false
    },
    {
        "date": "2020-12-08T10:54:53.400Z",
        "value": "99.21875",
        "cumulative": false
    },
    {
        "date": "2020-12-08T10:54:54.474Z",
        "value": "100.0",
        "cumulative": false
    },
    {
        "date": "2020-12-08T10:54:55.573Z",
        "value": "100.0",
        "cumulative": false
    },
    {
        "date": "2020-12-08T10:54:56.673Z",
        "value": "98.4375",
        "cumulative": false
    },
    {
        "date": "2020-12-08T10:54:57.777Z",
        "value": "99.21875",
        "cumulative": false
    },
    {
        "date": "2020-12-08T10:54:58.881Z",
        "value": "98.4375",
        "cumulative": false
    },
    {
        "date": "2020-12-08T10:54:59.954Z",
        "value": "100.0",
        "cumulative": false
    },
    {
        "date": "2020-12-08T10:55:01.033Z",
        "value": "100.0",
        "cumulative": false
    }
]