[
    {
        "date": "2020-12-08T10:53:07.095Z",
        "value": "52.34375",
        "cumulative": false
    },
    {
        "date": "2020-12-08T10:53:08.296Z",
        "value": "85.9375",
        "cumulative": false
    },
    {
        "date": "2020-12-08T10:53:09.357Z",
        "value": "87.5",
        "cumulative": false
    },
    {
        "date": "2020-12-08T10:53:10.453Z",
        "value": "85.9375",
        "cumulative": false
    },
    {
        "date": "2020-12-08T10:53:11.521Z",
        "value": "89.0625",
        "cumulative": false
    },
    {
        "date": "2020-12-08T10:53:12.549Z",
        "value": "92.96875",
        "cumulative": false
    },
    {
        "date": "2020-12-08T10:53:13.658Z",
        "value": "91.40625",
        "cumulative": false
    },
    {
        "date": "2020-12-08T10:53:14.767Z",
        "value": "87.5",
        "cumulative": false
    },
    {
        "date": "2020-12-08T10:53:16.756Z",
        "value": "88.28125",
        "cumulative": false
    },
    {
        "date": "2020-12-08T10:53:17.833Z",
        "value": "87.5",
        "cumulative": false
    },
    {
        "date": "2020-12-08T10:53:18.917Z",
        "value": "92.1875",
        "cumulative": false
    },
    {
        "date": "2020-12-08T10:53:20.009Z",
        "value": "96.09375",
        "cumulative": false
    },
    {
        "date": "2020-12-08T10:53:21.091Z",
        "value": "90.625",
        "cumulative": false
    },
    {
        "date": "2020-12-08T10:53:22.157Z",
        "value": "92.96875",
        "cumulative": false
    },
    {
        "date": "2020-12-08T10:53:23.213Z",
        "value": "95.3125",
        "cumulative": false
    },
    {
        "date": "2020-12-08T10:53:24.294Z",
        "value": "96.09375",
        "cumulative": false
    },
    {
        "date": "2020-12-08T10:53:26.247Z",
        "value": "96.09375",
        "cumulative": false
    },
    {
        "date": "2020-12-08T10:53:27.333Z",
        "value": "96.875",
        "cumulative": false
    },
    {
        "date": "2020-12-08T10:53:28.447Z",
        "value": "95.3125",
        "cumulative": false
    },
    {
        "date": "2020-12-08T10:53:29.543Z",
        "value": "98.4375",
        "cumulative": false
    },
    {
        "date": "2020-12-08T10:53:30.634Z",
        "value": "96.09375",
        "cumulative": false
    },
    {
        "date": "2020-12-08T10:53:31.769Z",
        "value": "97.65625",
        "cumulative": false
    },
    {
        "date": "2020-12-08T10:53:32.864Z",
        "value": "96.09375",
        "cumulative": false
    },
    {
        "date": "2020-12-08T10:53:34.153Z",
        "value": "93.75",
        "cumulative": false
    },
    {
        "date": "2020-12-08T10:53:36.096Z",
        "value": "96.875",
        "cumulative": false
    },
    {
        "date": "2020-12-08T10:53:37.254Z",
        "value": "97.65625",
        "cumulative": false
    },
    {
        "date": "2020-12-08T10:53:38.374Z",
        "value": "93.75",
        "cumulative": false
    },
    {
        "date": "2020-12-08T10:53:39.451Z",
        "value": "92.96875",
        "cumulative": false
    },
    {
        "date": "2020-12-08T10:53:40.525Z",
        "value": "96.875",
        "cumulative": false
    },
    {
        "date": "2020-12-08T10:53:41.593Z",
        "value": "99.21875",
        "cumulative": false
    },
    {
        "date": "2020-12-08T10:53:42.675Z",
        "value": "96.09375",
        "cumulative": false
    },
    {
        "date": "2020-12-08T10:53:43.790Z",
        "value": "96.09375",
        "cumulative": false
    },
    {
        "date": "2020-12-08T10:53:45.785Z",
        "value": "97.65625",
        "cumulative": false
    },
    {
        "date": "2020-12-08T10:53:46.912Z",
        "value": "98.4375",
        "cumulative": false
    },
    {
        "date": "2020-12-08T10:53:48.011Z",
        "value": "95.3125",
        "cumulative": false
    },
    {
        "date": "2020-12-08T10:53:49.109Z",
        "value": "97.65625",
        "cumulative": false
    },
    {
        "date": "2020-12-08T10:53:50.212Z",
        "value": "98.4375",
        "cumulative": false
    },
    {
        "date": "2020-12-08T10:53:51.317Z",
        "value": "100.0",
        "cumulative": false
    },
    {
        "date": "2020-12-08T10:53:52.375Z",
        "value": "97.65625",
        "cumulative": false
    },
    {
        "date": "2020-12-08T10:53:53.467Z",
        "value": "93.75",
        "cumulative": false
    },
    {
        "date": "2020-12-08T10:53:55.448Z",
        "value": "97.65625",
        "cumulative": false
    },
    {
        "date": "2020-12-08T10:53:56.552Z",
        "value": "97.65625",
        "cumulative": false
    },
    {
        "date": "2020-12-08T10:53:57.673Z",
        "value": "99.21875",
        "cumulative": false
    },
    {
        "date": "2020-12-08T10:53:58.783Z",
        "value": "98.4375",
        "cumulative": false
    },
    {
        "date": "2020-12-08T10:53:59.893Z",
        "value": "96.09375",
        "cumulative": false
    },
    {
        "date": "2020-12-08T10:54:00.977Z",
        "value": "97.65625",
        "cumulative": false
    },
    {
        "date": "2020-12-08T10:54:02.054Z",
        "value": "98.4375",
        "cumulative": false
    },
    {
        "date": "2020-12-08T10:54:03.177Z",
        "value": "98.4375",
        "cumulative": false
    },
    {
        "date": "2020-12-08T10:54:05.158Z",
        "value": "100.0",
        "cumulative": false
    },
    {
        "date": "2020-12-08T10:54:06.281Z",
        "value": "99.21875",
        "cumulative": false
    },
    {
        "date": "2020-12-08T10:54:07.405Z",
        "value": "99.21875",
        "cumulative": false
    },
    {
        "date": "2020-12-08T10:54:08.513Z",
        "value": "98.4375",
        "cumulative": false
    },
    {
        "date": "2020-12-08T10:54:09.604Z",
        "value": "100.0",
        "cumulative": false
    },
    {
        "date": "2020-12-08T10:54:10.692Z",
        "value": "99.21875",
        "cumulative": false
    },
    {
        "date": "2020-12-08T10:54:11.810Z",
        "value": "98.4375",
        "cumulative": false
    },
    {
        "date": "2020-12-08T10:54:12.897Z",
        "value": "100.0",
        "cumulative": false
    },
    {
        "date": "2020-12-08T10:54:14.909Z",
        "value": "100.0",
        "cumulative": false
    },
    {
        "date": "2020-12-08T10:54:16.008Z",
        "value": "98.4375",
        "cumulative": false
    },
    {
        "date": "2020-12-08T10:54:17.128Z",
        "value": "97.65625",
        "cumulative": false
    },
    {
        "date": "2020-12-08T10:54:18.252Z",
        "value": "98.4375",
        "cumulative": false
    },
    {
        "date": "2020-12-08T10:54:19.323Z",
        "value": "99.21875",
        "cumulative": false
    },
    {
        "date": "2020-12-08T10:54:20.416Z",
        "value": "100.0",
        "cumulative": false
    },
    {
        "date": "2020-12-08T10:54:21.511Z",
        "value": "99.21875",
        "cumulative": false
    },
    {
        "date": "2020-12-08T10:54:22.603Z",
        "value": "98.4375",
        "cumulative": false
    },
    {
        "date": "2020-12-08T10:54:24.542Z",
        "value": "97.65625",
        "cumulative": false
    },
    {
        "date": "2020-12-08T10:54:25.637Z",
        "value": "96.875",
        "cumulative": false
    },
    {
        "date": "2020-12-08T10:54:26.747Z",
        "value": "100.0",
        "cumulative": false
    },
    {
        "date": "2020-12-08T10:54:27.842Z",
        "value": "100.0",
        "cumulative": false
    },
    {
        "date": "2020-12-08T10:54:28.953Z",
        "value": "96.875",
        "cumulative": false
    },
    {
        "date": "2020-12-08T10:54:30.035Z",
        "value": "99.21875",
        "cumulative": false
    },
    {
        "date": "2020-12-08T10:54:31.110Z",
        "value": "98.4375",
        "cumulative": false
    },
    {
        "date": "2020-12-08T10:54:32.213Z",
        "value": "99.21875",
        "cumulative": false
    },
    {
        "date": "2020-12-08T10:54:34.185Z",
        "value": "98.4375",
        "cumulative": false
    },
    {
        "date": "2020-12-08T10:54:35.277Z",
        "value": "96.875",
        "cumulative": false
    },
    {
        "date": "2020-12-08T10:54:36.364Z",
        "value": "98.4375",
        "cumulative": false
    },
    {
        "date": "2020-12-08T10:54:37.465Z",
        "value": "100.0",
        "cumulative": false
    },
    {
        "date": "2020-12-08T10:54:38.561Z",
        "value": "100.0",
        "cumulative": false
    },
    {
        "date": "2020-12-08T10:54:39.663Z",
        "value": "99.21875",
        "cumulative": false
    },
    {
        "date": "2020-12-08T10:54:40.765Z",
        "value": "99.21875",
        "cumulative": false
    },
    {
        "date": "2020-12-08T10:54:41.848Z",
        "value": "99.21875",
        "cumulative": false
    },
    {
        "date": "2020-12-08T10:54:43.809Z",
        "value": "99.21875",
        "cumulative": false
    },
    {
        "date": "2020-12-08T10:54:44.914Z",
        "value": "98.4375",
        "cumulative": false
    },
    {
        "date": "2020-12-08T10:54:45.981Z",
        "value": "100.0",
        "cumulative": false
    },
    {
        "date": "2020-12-08T10:54:47.075Z",
        "value": "99.21875",
        "cumulative": false
    },
    {
        "date": "2020-12-08T10:54:48.185Z",
        "value": "97.65625",
        "cumulative": false
    },
    {
        "date": "2020-12-08T10:54:49.324Z",
        "value": "99.21875",
        "cumulative": false
    },
    {
        "date": "2020-12-08T10:54:50.419Z",
        "value": "97.65625",
        "cumulative": false
    },
    {
        "date": "2020-12-08T10:54:51.508Z",
        "value": "99.21875",
        "cumulative": false
    },
    {
        "date": "2020-12-08T10:54:53.395Z",
        "value": "100.0",
        "cumulative": false
    },
    {
        "date": "2020-12-08T10:54:54.475Z",
        "value": "100.0",
        "cumulative": false
    },
    {
        "date": "2020-12-08T10:54:55.578Z",
        "value": "97.65625",
        "cumulative": false
    },
    {
        "date": "2020-12-08T10:54:56.667Z",
        "value": "99.21875",
        "cumulative": false
    },
    {
        "date": "2020-12-08T10:54:57.778Z",
        "value": "100.0",
        "cumulative": false
    },
    {
        "date": "2020-12-08T10:54:58.882Z",
        "value": "100.0",
        "cumulative": false
    },
    {
        "date": "2020-12-08T10:54:59.951Z",
        "value": "99.21875",
        "cumulative": false
    },
    {
        "date": "2020-12-08T10:55:01.031Z",
        "value": "99.21875",
        "cumulative": false
    }
]