[
    {
        "date": "2020-12-08T10:53:15.657Z",
        "value": "0.03758883476257324",
        "cumulative": false
    },
    {
        "date": "2020-12-08T10:53:25.169Z",
        "value": "0.036872148513793945",
        "cumulative": false
    },
    {
        "date": "2020-12-08T10:53:35.020Z",
        "value": "0.0398101806640625",
        "cumulative": false
    },
    {
        "date": "2020-12-08T10:53:44.658Z",
        "value": "0.03807401657104492",
        "cumulative": false
    },
    {
        "date": "2020-12-08T10:53:54.360Z",
        "value": "0.03887295722961426",
        "cumulative": false
    },
    {
        "date": "2020-12-08T10:54:04.065Z",
        "value": "0.03929018974304199",
        "cumulative": false
    },
    {
        "date": "2020-12-08T10:54:13.786Z",
        "value": "0.036075592041015625",
        "cumulative": false
    },
    {
        "date": "2020-12-08T10:54:23.475Z",
        "value": "0.03419137001037598",
        "cumulative": false
    },
    {
        "date": "2020-12-08T10:54:33.095Z",
        "value": "0.03243279457092285",
        "cumulative": false
    },
    {
        "date": "2020-12-08T10:54:42.747Z",
        "value": "0.0324559211730957",
        "cumulative": false
    },
    {
        "date": "2020-12-08T10:54:52.375Z",
        "value": "0.03269600868225098",
        "cumulative": false
    },
    {
        "date": "2020-12-08T10:55:01.909Z",
        "value": "0.03937673568725586",
        "cumulative": false
    }
]