[
    {
        "date": "2020-12-08T10:53:15.657Z",
        "value": "12.619553565979004",
        "cumulative": false
    },
    {
        "date": "2020-12-08T10:53:25.168Z",
        "value": "8.284794807434082",
        "cumulative": false
    },
    {
        "date": "2020-12-08T10:53:35.020Z",
        "value": "8.654317378997803",
        "cumulative": false
    },
    {
        "date": "2020-12-08T10:53:44.658Z",
        "value": "8.444928884506226",
        "cumulative": false
    },
    {
        "date": "2020-12-08T10:53:54.359Z",
        "value": "8.46629548072815",
        "cumulative": false
    },
    {
        "date": "2020-12-08T10:54:04.065Z",
        "value": "8.48364806175232",
        "cumulative": false
    },
    {
        "date": "2020-12-08T10:54:13.786Z",
        "value": "8.51111364364624",
        "cumulative": false
    },
    {
        "date": "2020-12-08T10:54:23.475Z",
        "value": "8.469837427139282",
        "cumulative": false
    },
    {
        "date": "2020-12-08T10:54:33.094Z",
        "value": "8.446436643600464",
        "cumulative": false
    },
    {
        "date": "2020-12-08T10:54:42.747Z",
        "value": "8.458688974380493",
        "cumulative": false
    },
    {
        "date": "2020-12-08T10:54:52.374Z",
        "value": "8.474893808364868",
        "cumulative": false
    },
    {
        "date": "2020-12-08T10:55:01.909Z",
        "value": "8.41041374206543",
        "cumulative": false
    }
]