[
    {
        "date": "2020-12-08T10:53:15.658Z",
        "value": "0.03134322166442871",
        "cumulative": false
    },
    {
        "date": "2020-12-08T10:53:25.163Z",
        "value": "0.030164718627929688",
        "cumulative": false
    },
    {
        "date": "2020-12-08T10:53:35.017Z",
        "value": "0.03300356864929199",
        "cumulative": false
    },
    {
        "date": "2020-12-08T10:53:44.657Z",
        "value": "0.03336453437805176",
        "cumulative": false
    },
    {
        "date": "2020-12-08T10:53:54.354Z",
        "value": "0.032796382904052734",
        "cumulative": false
    },
    {
        "date": "2020-12-08T10:54:04.053Z",
        "value": "0.03166985511779785",
        "cumulative": false
    },
    {
        "date": "2020-12-08T10:54:13.784Z",
        "value": "0.03435516357421875",
        "cumulative": false
    },
    {
        "date": "2020-12-08T10:54:23.466Z",
        "value": "0.03161454200744629",
        "cumulative": false
    },
    {
        "date": "2020-12-08T10:54:33.103Z",
        "value": "0.03168010711669922",
        "cumulative": false
    },
    {
        "date": "2020-12-08T10:54:42.746Z",
        "value": "0.033606529235839844",
        "cumulative": false
    },
    {
        "date": "2020-12-08T10:54:52.383Z",
        "value": "0.03506207466125488",
        "cumulative": false
    },
    {
        "date": "2020-12-08T10:55:01.910Z",
        "value": "0.0343782901763916",
        "cumulative": false
    }
]