[
    {
        "date": "2020-12-08T10:53:15.658Z",
        "value": "0.47164344787597656",
        "cumulative": false
    },
    {
        "date": "2020-12-08T10:53:25.163Z",
        "value": "0.46602320671081543",
        "cumulative": false
    },
    {
        "date": "2020-12-08T10:53:35.017Z",
        "value": "0.47933125495910645",
        "cumulative": false
    },
    {
        "date": "2020-12-08T10:53:44.657Z",
        "value": "0.48419809341430664",
        "cumulative": false
    },
    {
        "date": "2020-12-08T10:53:54.354Z",
        "value": "0.47364377975463867",
        "cumulative": false
    },
    {
        "date": "2020-12-08T10:54:04.053Z",
        "value": "0.4800107479095459",
        "cumulative": false
    },
    {
        "date": "2020-12-08T10:54:13.784Z",
        "value": "0.47986292839050293",
        "cumulative": false
    },
    {
        "date": "2020-12-08T10:54:23.466Z",
        "value": "0.46832776069641113",
        "cumulative": false
    },
    {
        "date": "2020-12-08T10:54:33.103Z",
        "value": "0.46946191787719727",
        "cumulative": false
    },
    {
        "date": "2020-12-08T10:54:42.746Z",
        "value": "0.46656227111816406",
        "cumulative": false
    },
    {
        "date": "2020-12-08T10:54:52.383Z",
        "value": "0.47904515266418457",
        "cumulative": false
    },
    {
        "date": "2020-12-08T10:55:01.910Z",
        "value": "0.4892232418060303",
        "cumulative": false
    }
]