[
    {
        "date": "2020-12-08T10:53:15.657Z",
        "value": "0.08786582946777344",
        "cumulative": false
    },
    {
        "date": "2020-12-08T10:53:25.168Z",
        "value": "0.0757286548614502",
        "cumulative": false
    },
    {
        "date": "2020-12-08T10:53:35.020Z",
        "value": "0.08862638473510742",
        "cumulative": false
    },
    {
        "date": "2020-12-08T10:53:44.658Z",
        "value": "0.08763742446899414",
        "cumulative": false
    },
    {
        "date": "2020-12-08T10:53:54.359Z",
        "value": "0.08368372917175293",
        "cumulative": false
    },
    {
        "date": "2020-12-08T10:54:04.065Z",
        "value": "0.08187699317932129",
        "cumulative": false
    },
    {
        "date": "2020-12-08T10:54:13.786Z",
        "value": "0.08161234855651855",
        "cumulative": false
    },
    {
        "date": "2020-12-08T10:54:23.475Z",
        "value": "0.09949731826782227",
        "cumulative": false
    },
    {
        "date": "2020-12-08T10:54:33.095Z",
        "value": "0.09195661544799805",
        "cumulative": false
    },
    {
        "date": "2020-12-08T10:54:42.747Z",
        "value": "0.07612371444702148",
        "cumulative": false
    },
    {
        "date": "2020-12-08T10:54:52.375Z",
        "value": "0.08638763427734375",
        "cumulative": false
    },
    {
        "date": "2020-12-08T10:55:01.909Z",
        "value": "0.09038734436035156",
        "cumulative": false
    }
]