[
    {
        "date": "2020-12-08T10:53:15.658Z",
        "value": "0.10928702354431152",
        "cumulative": false
    },
    {
        "date": "2020-12-08T10:53:25.163Z",
        "value": "0.11040902137756348",
        "cumulative": false
    },
    {
        "date": "2020-12-08T10:53:35.017Z",
        "value": "0.11092948913574219",
        "cumulative": false
    },
    {
        "date": "2020-12-08T10:53:44.657Z",
        "value": "0.11185908317565918",
        "cumulative": false
    },
    {
        "date": "2020-12-08T10:53:54.354Z",
        "value": "0.1121058464050293",
        "cumulative": false
    },
    {
        "date": "2020-12-08T10:54:04.053Z",
        "value": "0.10967373847961426",
        "cumulative": false
    },
    {
        "date": "2020-12-08T10:54:13.784Z",
        "value": "0.11166954040527344",
        "cumulative": false
    },
    {
        "date": "2020-12-08T10:54:23.466Z",
        "value": "0.11009597778320312",
        "cumulative": false
    },
    {
        "date": "2020-12-08T10:54:33.103Z",
        "value": "0.10987591743469238",
        "cumulative": false
    },
    {
        "date": "2020-12-08T10:54:42.746Z",
        "value": "0.11164665222167969",
        "cumulative": false
    },
    {
        "date": "2020-12-08T10:54:52.383Z",
        "value": "0.11568713188171387",
        "cumulative": false
    },
    {
        "date": "2020-12-08T10:55:01.910Z",
        "value": "0.1107320785522461",
        "cumulative": false
    }
]