[
    {
        "date": "2020-12-08T10:53:15.658Z",
        "value": "1.2572121620178223",
        "cumulative": false
    },
    {
        "date": "2020-12-08T10:53:25.163Z",
        "value": "1.2911748886108398",
        "cumulative": false
    },
    {
        "date": "2020-12-08T10:53:35.017Z",
        "value": "1.287161111831665",
        "cumulative": false
    },
    {
        "date": "2020-12-08T10:53:44.657Z",
        "value": "1.2999284267425537",
        "cumulative": false
    },
    {
        "date": "2020-12-08T10:53:54.354Z",
        "value": "1.2608084678649902",
        "cumulative": false
    },
    {
        "date": "2020-12-08T10:54:04.053Z",
        "value": "1.2893202304840088",
        "cumulative": false
    },
    {
        "date": "2020-12-08T10:54:13.784Z",
        "value": "1.2678678035736084",
        "cumulative": false
    },
    {
        "date": "2020-12-08T10:54:23.466Z",
        "value": "1.297966718673706",
        "cumulative": false
    },
    {
        "date": "2020-12-08T10:54:33.103Z",
        "value": "1.248434066772461",
        "cumulative": false
    },
    {
        "date": "2020-12-08T10:54:42.746Z",
        "value": "1.302781343460083",
        "cumulative": false
    },
    {
        "date": "2020-12-08T10:54:52.383Z",
        "value": "1.3581516742706299",
        "cumulative": false
    },
    {
        "date": "2020-12-08T10:55:01.910Z",
        "value": "1.3047759532928467",
        "cumulative": false
    }
]