[
    {
        "date": "2020-12-08T10:53:07.093Z",
        "value": "12.5",
        "cumulative": false
    },
    {
        "date": "2020-12-08T10:53:08.291Z",
        "value": "18.75",
        "cumulative": false
    },
    {
        "date": "2020-12-08T10:53:09.356Z",
        "value": "27.34375",
        "cumulative": false
    },
    {
        "date": "2020-12-08T10:53:10.455Z",
        "value": "30.46875",
        "cumulative": false
    },
    {
        "date": "2020-12-08T10:53:11.520Z",
        "value": "32.8125",
        "cumulative": false
    },
    {
        "date": "2020-12-08T10:53:12.553Z",
        "value": "39.0625",
        "cumulative": false
    },
    {
        "date": "2020-12-08T10:53:13.656Z",
        "value": "35.9375",
        "cumulative": false
    },
    {
        "date": "2020-12-08T10:53:14.764Z",
        "value": "36.71875",
        "cumulative": false
    },
    {
        "date": "2020-12-08T10:53:16.756Z",
        "value": "53.90625",
        "cumulative": false
    },
    {
        "date": "2020-12-08T10:53:17.836Z",
        "value": "38.28125",
        "cumulative": false
    },
    {
        "date": "2020-12-08T10:53:18.923Z",
        "value": "67.1875",
        "cumulative": false
    },
    {
        "date": "2020-12-08T10:53:20.004Z",
        "value": "42.96875",
        "cumulative": false
    },
    {
        "date": "2020-12-08T10:53:21.093Z",
        "value": "58.59375",
        "cumulative": false
    },
    {
        "date": "2020-12-08T10:53:22.155Z",
        "value": "53.125",
        "cumulative": false
    },
    {
        "date": "2020-12-08T10:53:23.212Z",
        "value": "53.90625",
        "cumulative": false
    },
    {
        "date": "2020-12-08T10:53:24.297Z",
        "value": "61.71875",
        "cumulative": false
    },
    {
        "date": "2020-12-08T10:53:26.246Z",
        "value": "60.15625",
        "cumulative": false
    },
    {
        "date": "2020-12-08T10:53:27.330Z",
        "value": "60.9375",
        "cumulative": false
    },
    {
        "date": "2020-12-08T10:53:28.447Z",
        "value": "63.28125",
        "cumulative": false
    },
    {
        "date": "2020-12-08T10:53:29.540Z",
        "value": "62.5",
        "cumulative": false
    },
    {
        "date": "2020-12-08T10:53:30.638Z",
        "value": "65.625",
        "cumulative": false
    },
    {
        "date": "2020-12-08T10:53:31.768Z",
        "value": "64.0625",
        "cumulative": false
    },
    {
        "date": "2020-12-08T10:53:32.861Z",
        "value": "59.375",
        "cumulative": false
    },
    {
        "date": "2020-12-08T10:53:34.156Z",
        "value": "64.0625",
        "cumulative": false
    },
    {
        "date": "2020-12-08T10:53:36.106Z",
        "value": "58.59375",
        "cumulative": false
    },
    {
        "date": "2020-12-08T10:53:37.253Z",
        "value": "67.96875",
        "cumulative": false
    },
    {
        "date": "2020-12-08T10:53:38.370Z",
        "value": "66.40625",
        "cumulative": false
    },
    {
        "date": "2020-12-08T10:53:39.442Z",
        "value": "68.75",
        "cumulative": false
    },
    {
        "date": "2020-12-08T10:53:40.524Z",
        "value": "65.625",
        "cumulative": false
    },
    {
        "date": "2020-12-08T10:53:41.592Z",
        "value": "65.625",
        "cumulative": false
    },
    {
        "date": "2020-12-08T10:53:42.675Z",
        "value": "72.65625",
        "cumulative": false
    },
    {
        "date": "2020-12-08T10:53:43.789Z",
        "value": "65.625",
        "cumulative": false
    },
    {
        "date": "2020-12-08T10:53:45.788Z",
        "value": "71.09375",
        "cumulative": false
    },
    {
        "date": "2020-12-08T10:53:46.911Z",
        "value": "74.21875",
        "cumulative": false
    },
    {
        "date": "2020-12-08T10:53:48.012Z",
        "value": "67.96875",
        "cumulative": false
    },
    {
        "date": "2020-12-08T10:53:49.112Z",
        "value": "75.78125",
        "cumulative": false
    },
    {
        "date": "2020-12-08T10:53:50.213Z",
        "value": "69.53125",
        "cumulative": false
    },
    {
        "date": "2020-12-08T10:53:51.315Z",
        "value": "70.3125",
        "cumulative": false
    },
    {
        "date": "2020-12-08T10:53:52.376Z",
        "value": "78.125",
        "cumulative": false
    },
    {
        "date": "2020-12-08T10:53:53.470Z",
        "value": "67.1875",
        "cumulative": false
    },
    {
        "date": "2020-12-08T10:53:55.448Z",
        "value": "81.25",
        "cumulative": false
    },
    {
        "date": "2020-12-08T10:53:56.552Z",
        "value": "71.09375",
        "cumulative": false
    },
    {
        "date": "2020-12-08T10:53:57.673Z",
        "value": "78.90625",
        "cumulative": false
    },
    {
        "date": "2020-12-08T10:53:58.782Z",
        "value": "75.78125",
        "cumulative": false
    },
    {
        "date": "2020-12-08T10:53:59.892Z",
        "value": "73.4375",
        "cumulative": false
    },
    {
        "date": "2020-12-08T10:54:00.976Z",
        "value": "82.8125",
        "cumulative": false
    },
    {
        "date": "2020-12-08T10:54:02.058Z",
        "value": "78.90625",
        "cumulative": false
    },
    {
        "date": "2020-12-08T10:54:03.176Z",
        "value": "75.78125",
        "cumulative": false
    },
    {
        "date": "2020-12-08T10:54:05.152Z",
        "value": "72.65625",
        "cumulative": false
    },
    {
        "date": "2020-12-08T10:54:06.284Z",
        "value": "78.125",
        "cumulative": false
    },
    {
        "date": "2020-12-08T10:54:07.408Z",
        "value": "81.25",
        "cumulative": false
    },
    {
        "date": "2020-12-08T10:54:08.513Z",
        "value": "78.90625",
        "cumulative": false
    },
    {
        "date": "2020-12-08T10:54:09.603Z",
        "value": "74.21875",
        "cumulative": false
    },
    {
        "date": "2020-12-08T10:54:10.692Z",
        "value": "78.125",
        "cumulative": false
    },
    {
        "date": "2020-12-08T10:54:11.809Z",
        "value": "77.34375",
        "cumulative": false
    },
    {
        "date": "2020-12-08T10:54:12.897Z",
        "value": "72.65625",
        "cumulative": false
    },
    {
        "date": "2020-12-08T10:54:14.909Z",
        "value": "83.59375",
        "cumulative": false
    },
    {
        "date": "2020-12-08T10:54:16.010Z",
        "value": "75.78125",
        "cumulative": false
    },
    {
        "date": "2020-12-08T10:54:17.128Z",
        "value": "80.46875",
        "cumulative": false
    },
    {
        "date": "2020-12-08T10:54:18.248Z",
        "value": "77.34375",
        "cumulative": false
    },
    {
        "date": "2020-12-08T10:54:19.325Z",
        "value": "82.03125",
        "cumulative": false
    },
    {
        "date": "2020-12-08T10:54:20.416Z",
        "value": "78.90625",
        "cumulative": false
    },
    {
        "date": "2020-12-08T10:54:21.515Z",
        "value": "77.34375",
        "cumulative": false
    },
    {
        "date": "2020-12-08T10:54:22.602Z",
        "value": "73.4375",
        "cumulative": false
    },
    {
        "date": "2020-12-08T10:54:24.541Z",
        "value": "78.90625",
        "cumulative": false
    },
    {
        "date": "2020-12-08T10:54:25.637Z",
        "value": "82.8125",
        "cumulative": false
    },
    {
        "date": "2020-12-08T10:54:26.744Z",
        "value": "73.4375",
        "cumulative": false
    },
    {
        "date": "2020-12-08T10:54:27.845Z",
        "value": "84.375",
        "cumulative": false
    },
    {
        "date": "2020-12-08T10:54:28.952Z",
        "value": "79.6875",
        "cumulative": false
    },
    {
        "date": "2020-12-08T10:54:30.038Z",
        "value": "78.125",
        "cumulative": false
    },
    {
        "date": "2020-12-08T10:54:31.110Z",
        "value": "79.6875",
        "cumulative": false
    },
    {
        "date": "2020-12-08T10:54:32.213Z",
        "value": "79.6875",
        "cumulative": false
    },
    {
        "date": "2020-12-08T10:54:34.185Z",
        "value": "81.25",
        "cumulative": false
    },
    {
        "date": "2020-12-08T10:54:35.281Z",
        "value": "78.125",
        "cumulative": false
    },
    {
        "date": "2020-12-08T10:54:36.366Z",
        "value": "82.8125",
        "cumulative": false
    },
    {
        "date": "2020-12-08T10:54:37.464Z",
        "value": "82.03125",
        "cumulative": false
    },
    {
        "date": "2020-12-08T10:54:38.563Z",
        "value": "88.28125",
        "cumulative": false
    },
    {
        "date": "2020-12-08T10:54:39.662Z",
        "value": "78.90625",
        "cumulative": false
    },
    {
        "date": "2020-12-08T10:54:40.768Z",
        "value": "84.375",
        "cumulative": false
    },
    {
        "date": "2020-12-08T10:54:41.849Z",
        "value": "82.8125",
        "cumulative": false
    },
    {
        "date": "2020-12-08T10:54:43.813Z",
        "value": "78.90625",
        "cumulative": false
    },
    {
        "date": "2020-12-08T10:54:44.914Z",
        "value": "85.9375",
        "cumulative": false
    },
    {
        "date": "2020-12-08T10:54:45.983Z",
        "value": "85.15625",
        "cumulative": false
    },
    {
        "date": "2020-12-08T10:54:47.074Z",
        "value": "80.46875",
        "cumulative": false
    },
    {
        "date": "2020-12-08T10:54:48.185Z",
        "value": "85.9375",
        "cumulative": false
    },
    {
        "date": "2020-12-08T10:54:49.324Z",
        "value": "81.25",
        "cumulative": false
    },
    {
        "date": "2020-12-08T10:54:50.416Z",
        "value": "78.125",
        "cumulative": false
    },
    {
        "date": "2020-12-08T10:54:51.507Z",
        "value": "85.9375",
        "cumulative": false
    },
    {
        "date": "2020-12-08T10:54:53.400Z",
        "value": "78.125",
        "cumulative": false
    },
    {
        "date": "2020-12-08T10:54:54.474Z",
        "value": "84.375",
        "cumulative": false
    },
    {
        "date": "2020-12-08T10:54:55.573Z",
        "value": "88.28125",
        "cumulative": false
    },
    {
        "date": "2020-12-08T10:54:56.673Z",
        "value": "83.59375",
        "cumulative": false
    },
    {
        "date": "2020-12-08T10:54:57.777Z",
        "value": "83.59375",
        "cumulative": false
    },
    {
        "date": "2020-12-08T10:54:58.881Z",
        "value": "82.03125",
        "cumulative": false
    },
    {
        "date": "2020-12-08T10:54:59.954Z",
        "value": "87.5",
        "cumulative": false
    },
    {
        "date": "2020-12-08T10:55:01.033Z",
        "value": "83.59375",
        "cumulative": false
    }
]