[
    {
        "date": "2020-12-08T10:53:15.657Z",
        "value": "1.352306842803955",
        "cumulative": false
    },
    {
        "date": "2020-12-08T10:53:25.169Z",
        "value": "1.2602856159210205",
        "cumulative": false
    },
    {
        "date": "2020-12-08T10:53:35.020Z",
        "value": "1.3657238483428955",
        "cumulative": false
    },
    {
        "date": "2020-12-08T10:53:44.658Z",
        "value": "1.3191759586334229",
        "cumulative": false
    },
    {
        "date": "2020-12-08T10:53:54.360Z",
        "value": "1.2824053764343262",
        "cumulative": false
    },
    {
        "date": "2020-12-08T10:54:04.065Z",
        "value": "1.3597640991210938",
        "cumulative": false
    },
    {
        "date": "2020-12-08T10:54:13.786Z",
        "value": "1.338102102279663",
        "cumulative": false
    },
    {
        "date": "2020-12-08T10:54:23.475Z",
        "value": "1.2876434326171875",
        "cumulative": false
    },
    {
        "date": "2020-12-08T10:54:33.095Z",
        "value": "1.19527006149292",
        "cumulative": false
    },
    {
        "date": "2020-12-08T10:54:42.747Z",
        "value": "1.2486488819122314",
        "cumulative": false
    },
    {
        "date": "2020-12-08T10:54:52.375Z",
        "value": "1.214721441268921",
        "cumulative": false
    },
    {
        "date": "2020-12-08T10:55:01.909Z",
        "value": "1.165062665939331",
        "cumulative": false
    }
]