[
    {
        "date": "2020-12-08T10:53:15.657Z",
        "value": "5.442776203155518",
        "cumulative": false
    },
    {
        "date": "2020-12-08T10:53:25.168Z",
        "value": "1.3213469982147217",
        "cumulative": false
    },
    {
        "date": "2020-12-08T10:53:35.020Z",
        "value": "1.4237806797027588",
        "cumulative": false
    },
    {
        "date": "2020-12-08T10:53:44.658Z",
        "value": "1.356395959854126",
        "cumulative": false
    },
    {
        "date": "2020-12-08T10:53:54.360Z",
        "value": "1.3223848342895508",
        "cumulative": false
    },
    {
        "date": "2020-12-08T10:54:04.065Z",
        "value": "1.3901410102844238",
        "cumulative": false
    },
    {
        "date": "2020-12-08T10:54:13.786Z",
        "value": "1.3466625213623047",
        "cumulative": false
    },
    {
        "date": "2020-12-08T10:54:23.475Z",
        "value": "1.3281290531158447",
        "cumulative": false
    },
    {
        "date": "2020-12-08T10:54:33.095Z",
        "value": "1.2538435459136963",
        "cumulative": false
    },
    {
        "date": "2020-12-08T10:54:42.747Z",
        "value": "1.2605135440826416",
        "cumulative": false
    },
    {
        "date": "2020-12-08T10:54:52.375Z",
        "value": "1.2504405975341797",
        "cumulative": false
    },
    {
        "date": "2020-12-08T10:55:01.909Z",
        "value": "1.185164451599121",
        "cumulative": false
    }
]