[
    {
        "date": "2020-12-08T11:34:20.605Z",
        "value": "2.446298360824585",
        "cumulative": false
    },
    {
        "date": "2020-12-08T11:34:22.668Z",
        "value": "1.9737097024917603",
        "cumulative": false
    },
    {
        "date": "2020-12-08T11:34:24.808Z",
        "value": "1.6992992162704468",
        "cumulative": false
    },
    {
        "date": "2020-12-08T11:34:26.907Z",
        "value": "1.517004132270813",
        "cumulative": false
    },
    {
        "date": "2020-12-08T11:34:29.032Z",
        "value": "1.128469705581665",
        "cumulative": false
    },
    {
        "date": "2020-12-08T11:34:31.233Z",
        "value": "1.1398061513900757",
        "cumulative": false
    },
    {
        "date": "2020-12-08T11:34:33.373Z",
        "value": "1.0369511842727661",
        "cumulative": false
    },
    {
        "date": "2020-12-08T11:34:35.488Z",
        "value": "0.6736101508140564",
        "cumulative": false
    },
    {
        "date": "2020-12-08T11:34:37.591Z",
        "value": "0.8321096301078796",
        "cumulative": false
    },
    {
        "date": "2020-12-08T11:34:39.704Z",
        "value": "0.7256213426589966",
        "cumulative": false
    },
    {
        "date": "2020-12-08T11:34:41.894Z",
        "value": "0.8379223346710205",
        "cumulative": false
    },
    {
        "date": "2020-12-08T11:34:44.043Z",
        "value": "0.6911671757698059",
        "cumulative": false
    },
    {
        "date": "2020-12-08T11:34:46.139Z",
        "value": "0.6284094452857971",
        "cumulative": false
    },
    {
        "date": "2020-12-08T11:34:48.184Z",
        "value": "0.5445204973220825",
        "cumulative": false
    },
    {
        "date": "2020-12-08T11:34:50.333Z",
        "value": "0.5928705930709839",
        "cumulative": false
    },
    {
        "date": "2020-12-08T11:34:52.378Z",
        "value": "0.4872361421585083",
        "cumulative": false
    },
    {
        "date": "2020-12-08T11:34:54.466Z",
        "value": "0.41801899671554565",
        "cumulative": false
    },
    {
        "date": "2020-12-08T11:34:56.797Z",
        "value": "0.5117495059967041",
        "cumulative": false
    }
]