[
    {
        "date": "2020-12-08T11:34:20.604Z",
        "value": "2.531782627105713",
        "cumulative": false
    },
    {
        "date": "2020-12-08T11:34:22.669Z",
        "value": "2.0059852600097656",
        "cumulative": false
    },
    {
        "date": "2020-12-08T11:34:24.812Z",
        "value": "1.620887041091919",
        "cumulative": false
    },
    {
        "date": "2020-12-08T11:34:26.909Z",
        "value": "1.3926292657852173",
        "cumulative": false
    },
    {
        "date": "2020-12-08T11:34:29.034Z",
        "value": "1.3744257688522339",
        "cumulative": false
    },
    {
        "date": "2020-12-08T11:34:31.237Z",
        "value": "1.1064939498901367",
        "cumulative": false
    },
    {
        "date": "2020-12-08T11:34:33.373Z",
        "value": "0.9086161851882935",
        "cumulative": false
    },
    {
        "date": "2020-12-08T11:34:35.475Z",
        "value": "0.8763917684555054",
        "cumulative": false
    },
    {
        "date": "2020-12-08T11:34:37.585Z",
        "value": "0.8224695920944214",
        "cumulative": false
    },
    {
        "date": "2020-12-08T11:34:39.706Z",
        "value": "0.7575508952140808",
        "cumulative": false
    },
    {
        "date": "2020-12-08T11:34:41.893Z",
        "value": "0.6602162718772888",
        "cumulative": false
    },
    {
        "date": "2020-12-08T11:34:44.041Z",
        "value": "0.6167191863059998",
        "cumulative": false
    },
    {
        "date": "2020-12-08T11:34:46.138Z",
        "value": "0.5974306464195251",
        "cumulative": false
    },
    {
        "date": "2020-12-08T11:34:48.175Z",
        "value": "0.4991808235645294",
        "cumulative": false
    },
    {
        "date": "2020-12-08T11:34:50.333Z",
        "value": "0.48826363682746887",
        "cumulative": false
    },
    {
        "date": "2020-12-08T11:34:52.369Z",
        "value": "0.5264901518821716",
        "cumulative": false
    },
    {
        "date": "2020-12-08T11:34:54.465Z",
        "value": "0.3780604600906372",
        "cumulative": false
    },
    {
        "date": "2020-12-08T11:34:56.788Z",
        "value": "0.5291852951049805",
        "cumulative": false
    }
]