[
    {
        "date": "2020-12-08T11:34:21.999Z",
        "value": "0.06672859191894531",
        "cumulative": false
    },
    {
        "date": "2020-12-08T11:34:24.111Z",
        "value": "0.061591386795043945",
        "cumulative": false
    },
    {
        "date": "2020-12-08T11:34:26.227Z",
        "value": "0.07277822494506836",
        "cumulative": false
    },
    {
        "date": "2020-12-08T11:34:28.390Z",
        "value": "0.05663585662841797",
        "cumulative": false
    },
    {
        "date": "2020-12-08T11:34:30.528Z",
        "value": "0.05498361587524414",
        "cumulative": false
    },
    {
        "date": "2020-12-08T11:34:32.636Z",
        "value": "0.06325626373291016",
        "cumulative": false
    },
    {
        "date": "2020-12-08T11:34:34.767Z",
        "value": "0.07004404067993164",
        "cumulative": false
    },
    {
        "date": "2020-12-08T11:34:36.919Z",
        "value": "0.06161928176879883",
        "cumulative": false
    },
    {
        "date": "2020-12-08T11:34:39.013Z",
        "value": "0.057848215103149414",
        "cumulative": false
    },
    {
        "date": "2020-12-08T11:34:41.177Z",
        "value": "0.07008218765258789",
        "cumulative": false
    },
    {
        "date": "2020-12-08T11:34:43.369Z",
        "value": "0.06024742126464844",
        "cumulative": false
    },
    {
        "date": "2020-12-08T11:34:45.430Z",
        "value": "0.05720400810241699",
        "cumulative": false
    },
    {
        "date": "2020-12-08T11:34:47.513Z",
        "value": "0.06421780586242676",
        "cumulative": false
    },
    {
        "date": "2020-12-08T11:34:49.647Z",
        "value": "0.05803108215332031",
        "cumulative": false
    },
    {
        "date": "2020-12-08T11:34:51.722Z",
        "value": "0.06438374519348145",
        "cumulative": false
    },
    {
        "date": "2020-12-08T11:34:53.790Z",
        "value": "0.05871224403381348",
        "cumulative": false
    },
    {
        "date": "2020-12-08T11:34:56.070Z",
        "value": "0.062363386154174805",
        "cumulative": false
    },
    {
        "date": "2020-12-08T11:34:58.171Z",
        "value": "0.05957341194152832",
        "cumulative": false
    }
]