[
    {
        "date": "2020-12-08T11:34:20.617Z",
        "value": "10.15625",
        "cumulative": false
    },
    {
        "date": "2020-12-08T11:34:22.676Z",
        "value": "20.3125",
        "cumulative": false
    },
    {
        "date": "2020-12-08T11:34:24.820Z",
        "value": "44.53125",
        "cumulative": false
    },
    {
        "date": "2020-12-08T11:34:26.925Z",
        "value": "42.1875",
        "cumulative": false
    },
    {
        "date": "2020-12-08T11:34:29.044Z",
        "value": "57.8125",
        "cumulative": false
    },
    {
        "date": "2020-12-08T11:34:31.245Z",
        "value": "60.15625",
        "cumulative": false
    },
    {
        "date": "2020-12-08T11:34:33.389Z",
        "value": "64.84375",
        "cumulative": false
    },
    {
        "date": "2020-12-08T11:34:35.484Z",
        "value": "71.09375",
        "cumulative": false
    },
    {
        "date": "2020-12-08T11:34:37.597Z",
        "value": "67.96875",
        "cumulative": false
    },
    {
        "date": "2020-12-08T11:34:39.714Z",
        "value": "71.09375",
        "cumulative": false
    },
    {
        "date": "2020-12-08T11:34:41.906Z",
        "value": "75.0",
        "cumulative": false
    },
    {
        "date": "2020-12-08T11:34:44.055Z",
        "value": "71.09375",
        "cumulative": false
    },
    {
        "date": "2020-12-08T11:34:46.148Z",
        "value": "78.90625",
        "cumulative": false
    },
    {
        "date": "2020-12-08T11:34:48.190Z",
        "value": "78.125",
        "cumulative": false
    },
    {
        "date": "2020-12-08T11:34:50.347Z",
        "value": "85.15625",
        "cumulative": false
    },
    {
        "date": "2020-12-08T11:34:52.375Z",
        "value": "85.15625",
        "cumulative": false
    },
    {
        "date": "2020-12-08T11:34:54.478Z",
        "value": "85.15625",
        "cumulative": false
    },
    {
        "date": "2020-12-08T11:34:56.803Z",
        "value": "85.9375",
        "cumulative": false
    }
]