[
    {
        "date": "2020-12-08T11:34:21.992Z",
        "value": "0.006186246871948242",
        "cumulative": false
    },
    {
        "date": "2020-12-08T11:34:24.109Z",
        "value": "0.005635738372802734",
        "cumulative": false
    },
    {
        "date": "2020-12-08T11:34:26.228Z",
        "value": "0.005921125411987305",
        "cumulative": false
    },
    {
        "date": "2020-12-08T11:34:28.389Z",
        "value": "0.005630016326904297",
        "cumulative": false
    },
    {
        "date": "2020-12-08T11:34:30.523Z",
        "value": "0.0052947998046875",
        "cumulative": false
    },
    {
        "date": "2020-12-08T11:34:32.626Z",
        "value": "0.005020856857299805",
        "cumulative": false
    },
    {
        "date": "2020-12-08T11:34:34.763Z",
        "value": "0.0057904720306396484",
        "cumulative": false
    },
    {
        "date": "2020-12-08T11:34:36.915Z",
        "value": "0.005677461624145508",
        "cumulative": false
    },
    {
        "date": "2020-12-08T11:34:39.008Z",
        "value": "0.005343437194824219",
        "cumulative": false
    },
    {
        "date": "2020-12-08T11:34:41.163Z",
        "value": "0.005707263946533203",
        "cumulative": false
    },
    {
        "date": "2020-12-08T11:34:43.360Z",
        "value": "0.005083799362182617",
        "cumulative": false
    },
    {
        "date": "2020-12-08T11:34:45.409Z",
        "value": "0.006311655044555664",
        "cumulative": false
    },
    {
        "date": "2020-12-08T11:34:47.511Z",
        "value": "0.00585484504699707",
        "cumulative": false
    },
    {
        "date": "2020-12-08T11:34:49.644Z",
        "value": "0.005693197250366211",
        "cumulative": false
    },
    {
        "date": "2020-12-08T11:34:51.722Z",
        "value": "0.005788087844848633",
        "cumulative": false
    },
    {
        "date": "2020-12-08T11:34:53.779Z",
        "value": "0.005656003952026367",
        "cumulative": false
    },
    {
        "date": "2020-12-08T11:34:56.062Z",
        "value": "0.00574040412902832",
        "cumulative": false
    },
    {
        "date": "2020-12-08T11:34:58.158Z",
        "value": "0.0055484771728515625",
        "cumulative": false
    }
]