[
    {
        "date": "2020-12-08T11:34:22.005Z",
        "value": "0.16524600982666016",
        "cumulative": false
    },
    {
        "date": "2020-12-08T11:34:24.118Z",
        "value": "0.1499490737915039",
        "cumulative": false
    },
    {
        "date": "2020-12-08T11:34:26.242Z",
        "value": "0.1392383575439453",
        "cumulative": false
    },
    {
        "date": "2020-12-08T11:34:28.389Z",
        "value": "0.14319396018981934",
        "cumulative": false
    },
    {
        "date": "2020-12-08T11:34:30.538Z",
        "value": "0.1651623249053955",
        "cumulative": false
    },
    {
        "date": "2020-12-08T11:34:32.633Z",
        "value": "0.16385889053344727",
        "cumulative": false
    },
    {
        "date": "2020-12-08T11:34:34.778Z",
        "value": "0.1516726016998291",
        "cumulative": false
    },
    {
        "date": "2020-12-08T11:34:36.931Z",
        "value": "0.1422867774963379",
        "cumulative": false
    },
    {
        "date": "2020-12-08T11:34:39.016Z",
        "value": "0.17182111740112305",
        "cumulative": false
    },
    {
        "date": "2020-12-08T11:34:41.170Z",
        "value": "0.16512465476989746",
        "cumulative": false
    },
    {
        "date": "2020-12-08T11:34:43.368Z",
        "value": "0.15561127662658691",
        "cumulative": false
    },
    {
        "date": "2020-12-08T11:34:45.421Z",
        "value": "0.14565443992614746",
        "cumulative": false
    },
    {
        "date": "2020-12-08T11:34:47.513Z",
        "value": "0.16881656646728516",
        "cumulative": false
    },
    {
        "date": "2020-12-08T11:34:49.649Z",
        "value": "0.150343656539917",
        "cumulative": false
    },
    {
        "date": "2020-12-08T11:34:51.728Z",
        "value": "0.15410947799682617",
        "cumulative": false
    },
    {
        "date": "2020-12-08T11:34:53.780Z",
        "value": "0.15961933135986328",
        "cumulative": false
    },
    {
        "date": "2020-12-08T11:34:56.069Z",
        "value": "0.15146756172180176",
        "cumulative": false
    },
    {
        "date": "2020-12-08T11:34:58.170Z",
        "value": "0.15226411819458008",
        "cumulative": false
    }
]