[
    {
        "date": "2020-12-08T11:34:22.002Z",
        "value": "0.00614619255065918",
        "cumulative": false
    },
    {
        "date": "2020-12-08T11:34:24.117Z",
        "value": "0.004879474639892578",
        "cumulative": false
    },
    {
        "date": "2020-12-08T11:34:26.227Z",
        "value": "0.005102634429931641",
        "cumulative": false
    },
    {
        "date": "2020-12-08T11:34:28.380Z",
        "value": "0.0076580047607421875",
        "cumulative": false
    },
    {
        "date": "2020-12-08T11:34:30.527Z",
        "value": "0.0049898624420166016",
        "cumulative": false
    },
    {
        "date": "2020-12-08T11:34:32.625Z",
        "value": "0.005820751190185547",
        "cumulative": false
    },
    {
        "date": "2020-12-08T11:34:34.762Z",
        "value": "0.005896091461181641",
        "cumulative": false
    },
    {
        "date": "2020-12-08T11:34:36.916Z",
        "value": "0.005301713943481445",
        "cumulative": false
    },
    {
        "date": "2020-12-08T11:34:39.004Z",
        "value": "0.005536317825317383",
        "cumulative": false
    },
    {
        "date": "2020-12-08T11:34:41.162Z",
        "value": "0.00533604621887207",
        "cumulative": false
    },
    {
        "date": "2020-12-08T11:34:43.366Z",
        "value": "0.00561070442199707",
        "cumulative": false
    },
    {
        "date": "2020-12-08T11:34:45.417Z",
        "value": "0.005290508270263672",
        "cumulative": false
    },
    {
        "date": "2020-12-08T11:34:47.513Z",
        "value": "0.005545854568481445",
        "cumulative": false
    },
    {
        "date": "2020-12-08T11:34:49.640Z",
        "value": "0.006816387176513672",
        "cumulative": false
    },
    {
        "date": "2020-12-08T11:34:51.715Z",
        "value": "0.005977630615234375",
        "cumulative": false
    },
    {
        "date": "2020-12-08T11:34:53.769Z",
        "value": "0.0053904056549072266",
        "cumulative": false
    },
    {
        "date": "2020-12-08T11:34:56.058Z",
        "value": "0.005451679229736328",
        "cumulative": false
    },
    {
        "date": "2020-12-08T11:34:58.160Z",
        "value": "0.005628108978271484",
        "cumulative": false
    }
]