[
    {
        "date": "2020-12-08T11:34:20.612Z",
        "value": "11.71875",
        "cumulative": false
    },
    {
        "date": "2020-12-08T11:34:22.677Z",
        "value": "21.09375",
        "cumulative": false
    },
    {
        "date": "2020-12-08T11:34:24.816Z",
        "value": "38.28125",
        "cumulative": false
    },
    {
        "date": "2020-12-08T11:34:26.931Z",
        "value": "51.5625",
        "cumulative": false
    },
    {
        "date": "2020-12-08T11:34:29.048Z",
        "value": "50.78125",
        "cumulative": false
    },
    {
        "date": "2020-12-08T11:34:31.241Z",
        "value": "61.71875",
        "cumulative": false
    },
    {
        "date": "2020-12-08T11:34:33.383Z",
        "value": "66.40625",
        "cumulative": false
    },
    {
        "date": "2020-12-08T11:34:35.483Z",
        "value": "67.1875",
        "cumulative": false
    },
    {
        "date": "2020-12-08T11:34:37.593Z",
        "value": "71.09375",
        "cumulative": false
    },
    {
        "date": "2020-12-08T11:34:39.710Z",
        "value": "80.46875",
        "cumulative": false
    },
    {
        "date": "2020-12-08T11:34:41.895Z",
        "value": "73.4375",
        "cumulative": false
    },
    {
        "date": "2020-12-08T11:34:44.049Z",
        "value": "67.96875",
        "cumulative": false
    },
    {
        "date": "2020-12-08T11:34:46.151Z",
        "value": "82.03125",
        "cumulative": false
    },
    {
        "date": "2020-12-08T11:34:48.186Z",
        "value": "83.59375",
        "cumulative": false
    },
    {
        "date": "2020-12-08T11:34:50.343Z",
        "value": "78.90625",
        "cumulative": false
    },
    {
        "date": "2020-12-08T11:34:52.379Z",
        "value": "85.15625",
        "cumulative": false
    },
    {
        "date": "2020-12-08T11:34:54.477Z",
        "value": "83.59375",
        "cumulative": false
    },
    {
        "date": "2020-12-08T11:34:56.800Z",
        "value": "84.375",
        "cumulative": false
    }
]