[
    {
        "date": "2020-12-08T11:34:22.013Z",
        "value": "2.6737401485443115",
        "cumulative": false
    },
    {
        "date": "2020-12-08T11:34:24.138Z",
        "value": "0.23286914825439453",
        "cumulative": false
    },
    {
        "date": "2020-12-08T11:34:26.253Z",
        "value": "0.23766756057739258",
        "cumulative": false
    },
    {
        "date": "2020-12-08T11:34:28.413Z",
        "value": "0.2527501583099365",
        "cumulative": false
    },
    {
        "date": "2020-12-08T11:34:30.549Z",
        "value": "0.2741992473602295",
        "cumulative": false
    },
    {
        "date": "2020-12-08T11:34:32.678Z",
        "value": "0.23223233222961426",
        "cumulative": false
    },
    {
        "date": "2020-12-08T11:34:34.795Z",
        "value": "0.24513030052185059",
        "cumulative": false
    },
    {
        "date": "2020-12-08T11:34:36.942Z",
        "value": "0.2430121898651123",
        "cumulative": false
    },
    {
        "date": "2020-12-08T11:34:39.040Z",
        "value": "0.25450587272644043",
        "cumulative": false
    },
    {
        "date": "2020-12-08T11:34:41.207Z",
        "value": "0.25081825256347656",
        "cumulative": false
    },
    {
        "date": "2020-12-08T11:34:43.393Z",
        "value": "0.24412131309509277",
        "cumulative": false
    },
    {
        "date": "2020-12-08T11:34:45.442Z",
        "value": "0.2499384880065918",
        "cumulative": false
    },
    {
        "date": "2020-12-08T11:34:47.541Z",
        "value": "0.2328801155090332",
        "cumulative": false
    },
    {
        "date": "2020-12-08T11:34:49.674Z",
        "value": "0.264284610748291",
        "cumulative": false
    },
    {
        "date": "2020-12-08T11:34:51.743Z",
        "value": "0.23395442962646484",
        "cumulative": false
    },
    {
        "date": "2020-12-08T11:34:53.804Z",
        "value": "0.24756550788879395",
        "cumulative": false
    },
    {
        "date": "2020-12-08T11:34:56.087Z",
        "value": "0.23788714408874512",
        "cumulative": false
    },
    {
        "date": "2020-12-08T11:34:58.190Z",
        "value": "0.23259758949279785",
        "cumulative": false
    }
]