[
    {
        "date": "2020-12-08T11:34:21.999Z",
        "value": "0.018159866333007812",
        "cumulative": false
    },
    {
        "date": "2020-12-08T11:34:24.111Z",
        "value": "0.016063451766967773",
        "cumulative": false
    },
    {
        "date": "2020-12-08T11:34:26.227Z",
        "value": "0.016882896423339844",
        "cumulative": false
    },
    {
        "date": "2020-12-08T11:34:28.390Z",
        "value": "0.016956806182861328",
        "cumulative": false
    },
    {
        "date": "2020-12-08T11:34:30.529Z",
        "value": "0.016069650650024414",
        "cumulative": false
    },
    {
        "date": "2020-12-08T11:34:32.636Z",
        "value": "0.01739025115966797",
        "cumulative": false
    },
    {
        "date": "2020-12-08T11:34:34.767Z",
        "value": "0.016826868057250977",
        "cumulative": false
    },
    {
        "date": "2020-12-08T11:34:36.920Z",
        "value": "0.019505023956298828",
        "cumulative": false
    },
    {
        "date": "2020-12-08T11:34:39.013Z",
        "value": "0.017263174057006836",
        "cumulative": false
    },
    {
        "date": "2020-12-08T11:34:41.177Z",
        "value": "0.017691373825073242",
        "cumulative": false
    },
    {
        "date": "2020-12-08T11:34:43.369Z",
        "value": "0.01678180694580078",
        "cumulative": false
    },
    {
        "date": "2020-12-08T11:34:45.430Z",
        "value": "0.016815662384033203",
        "cumulative": false
    },
    {
        "date": "2020-12-08T11:34:47.513Z",
        "value": "0.018451690673828125",
        "cumulative": false
    },
    {
        "date": "2020-12-08T11:34:49.647Z",
        "value": "0.018017053604125977",
        "cumulative": false
    },
    {
        "date": "2020-12-08T11:34:51.722Z",
        "value": "0.01776576042175293",
        "cumulative": false
    },
    {
        "date": "2020-12-08T11:34:53.790Z",
        "value": "0.01659393310546875",
        "cumulative": false
    },
    {
        "date": "2020-12-08T11:34:56.070Z",
        "value": "0.016782045364379883",
        "cumulative": false
    },
    {
        "date": "2020-12-08T11:34:58.171Z",
        "value": "0.01728224754333496",
        "cumulative": false
    }
]