[
    {
        "date": "2020-12-08T11:34:20.609Z",
        "value": "55.46875",
        "cumulative": false
    },
    {
        "date": "2020-12-08T11:34:22.665Z",
        "value": "85.15625",
        "cumulative": false
    },
    {
        "date": "2020-12-08T11:34:24.809Z",
        "value": "87.5",
        "cumulative": false
    },
    {
        "date": "2020-12-08T11:34:26.921Z",
        "value": "93.75",
        "cumulative": false
    },
    {
        "date": "2020-12-08T11:34:29.035Z",
        "value": "92.1875",
        "cumulative": false
    },
    {
        "date": "2020-12-08T11:34:31.231Z",
        "value": "96.875",
        "cumulative": false
    },
    {
        "date": "2020-12-08T11:34:33.374Z",
        "value": "100.0",
        "cumulative": false
    },
    {
        "date": "2020-12-08T11:34:35.478Z",
        "value": "97.65625",
        "cumulative": false
    },
    {
        "date": "2020-12-08T11:34:37.590Z",
        "value": "96.875",
        "cumulative": false
    },
    {
        "date": "2020-12-08T11:34:39.712Z",
        "value": "97.65625",
        "cumulative": false
    },
    {
        "date": "2020-12-08T11:34:41.898Z",
        "value": "99.21875",
        "cumulative": false
    },
    {
        "date": "2020-12-08T11:34:44.047Z",
        "value": "98.4375",
        "cumulative": false
    },
    {
        "date": "2020-12-08T11:34:46.143Z",
        "value": "97.65625",
        "cumulative": false
    },
    {
        "date": "2020-12-08T11:34:48.182Z",
        "value": "99.21875",
        "cumulative": false
    },
    {
        "date": "2020-12-08T11:34:50.337Z",
        "value": "100.0",
        "cumulative": false
    },
    {
        "date": "2020-12-08T11:34:52.369Z",
        "value": "99.21875",
        "cumulative": false
    },
    {
        "date": "2020-12-08T11:34:54.467Z",
        "value": "98.4375",
        "cumulative": false
    },
    {
        "date": "2020-12-08T11:34:56.790Z",
        "value": "97.65625",
        "cumulative": false
    }
]