[
    {
        "date": "2020-12-08T11:34:22.005Z",
        "value": "6.747245788574219e-05",
        "cumulative": false
    },
    {
        "date": "2020-12-08T11:34:24.118Z",
        "value": "5.602836608886719e-05",
        "cumulative": false
    },
    {
        "date": "2020-12-08T11:34:26.242Z",
        "value": "5.7697296142578125e-05",
        "cumulative": false
    },
    {
        "date": "2020-12-08T11:34:28.389Z",
        "value": "5.7697296142578125e-05",
        "cumulative": false
    },
    {
        "date": "2020-12-08T11:34:30.538Z",
        "value": "6.198883056640625e-05",
        "cumulative": false
    },
    {
        "date": "2020-12-08T11:34:32.633Z",
        "value": "7.152557373046875e-05",
        "cumulative": false
    },
    {
        "date": "2020-12-08T11:34:34.778Z",
        "value": "6.461143493652344e-05",
        "cumulative": false
    },
    {
        "date": "2020-12-08T11:34:36.931Z",
        "value": "6.365776062011719e-05",
        "cumulative": false
    },
    {
        "date": "2020-12-08T11:34:39.016Z",
        "value": "6.103515625e-05",
        "cumulative": false
    },
    {
        "date": "2020-12-08T11:34:41.170Z",
        "value": "6.604194641113281e-05",
        "cumulative": false
    },
    {
        "date": "2020-12-08T11:34:43.368Z",
        "value": "6.151199340820312e-05",
        "cumulative": false
    },
    {
        "date": "2020-12-08T11:34:45.421Z",
        "value": "6.556510925292969e-05",
        "cumulative": false
    },
    {
        "date": "2020-12-08T11:34:47.513Z",
        "value": "6.461143493652344e-05",
        "cumulative": false
    },
    {
        "date": "2020-12-08T11:34:49.649Z",
        "value": "7.009506225585938e-05",
        "cumulative": false
    },
    {
        "date": "2020-12-08T11:34:51.728Z",
        "value": "7.009506225585938e-05",
        "cumulative": false
    },
    {
        "date": "2020-12-08T11:34:53.780Z",
        "value": "6.818771362304688e-05",
        "cumulative": false
    },
    {
        "date": "2020-12-08T11:34:56.069Z",
        "value": "6.389617919921875e-05",
        "cumulative": false
    },
    {
        "date": "2020-12-08T11:34:58.171Z",
        "value": "7.295608520507812e-05",
        "cumulative": false
    }
]