[
    {
        "date": "2020-12-08T11:34:21.999Z",
        "value": "7.772445678710938e-05",
        "cumulative": false
    },
    {
        "date": "2020-12-08T11:34:24.111Z",
        "value": "6.723403930664062e-05",
        "cumulative": false
    },
    {
        "date": "2020-12-08T11:34:26.227Z",
        "value": "6.937980651855469e-05",
        "cumulative": false
    },
    {
        "date": "2020-12-08T11:34:28.390Z",
        "value": "7.295608520507812e-05",
        "cumulative": false
    },
    {
        "date": "2020-12-08T11:34:30.529Z",
        "value": "7.843971252441406e-05",
        "cumulative": false
    },
    {
        "date": "2020-12-08T11:34:32.636Z",
        "value": "7.271766662597656e-05",
        "cumulative": false
    },
    {
        "date": "2020-12-08T11:34:34.767Z",
        "value": "8.869171142578125e-05",
        "cumulative": false
    },
    {
        "date": "2020-12-08T11:34:36.920Z",
        "value": "7.176399230957031e-05",
        "cumulative": false
    },
    {
        "date": "2020-12-08T11:34:39.013Z",
        "value": "6.866455078125e-05",
        "cumulative": false
    },
    {
        "date": "2020-12-08T11:34:41.177Z",
        "value": "6.961822509765625e-05",
        "cumulative": false
    },
    {
        "date": "2020-12-08T11:34:43.369Z",
        "value": "7.581710815429688e-05",
        "cumulative": false
    },
    {
        "date": "2020-12-08T11:34:45.430Z",
        "value": "6.747245788574219e-05",
        "cumulative": false
    },
    {
        "date": "2020-12-08T11:34:47.513Z",
        "value": "7.677078247070312e-05",
        "cumulative": false
    },
    {
        "date": "2020-12-08T11:34:49.647Z",
        "value": "7.128715515136719e-05",
        "cumulative": false
    },
    {
        "date": "2020-12-08T11:34:51.722Z",
        "value": "7.05718994140625e-05",
        "cumulative": false
    },
    {
        "date": "2020-12-08T11:34:53.790Z",
        "value": "6.866455078125e-05",
        "cumulative": false
    },
    {
        "date": "2020-12-08T11:34:56.070Z",
        "value": "6.365776062011719e-05",
        "cumulative": false
    },
    {
        "date": "2020-12-08T11:34:58.171Z",
        "value": "8.535385131835938e-05",
        "cumulative": false
    }
]