[
    {
        "date": "2020-12-08T11:34:22.002Z",
        "value": "0.1727445125579834",
        "cumulative": false
    },
    {
        "date": "2020-12-08T11:34:24.117Z",
        "value": "0.15287375450134277",
        "cumulative": false
    },
    {
        "date": "2020-12-08T11:34:26.227Z",
        "value": "0.13875865936279297",
        "cumulative": false
    },
    {
        "date": "2020-12-08T11:34:28.380Z",
        "value": "0.17116713523864746",
        "cumulative": false
    },
    {
        "date": "2020-12-08T11:34:30.527Z",
        "value": "0.15580987930297852",
        "cumulative": false
    },
    {
        "date": "2020-12-08T11:34:32.625Z",
        "value": "0.15726232528686523",
        "cumulative": false
    },
    {
        "date": "2020-12-08T11:34:34.762Z",
        "value": "0.16299915313720703",
        "cumulative": false
    },
    {
        "date": "2020-12-08T11:34:36.916Z",
        "value": "0.16015005111694336",
        "cumulative": false
    },
    {
        "date": "2020-12-08T11:34:39.004Z",
        "value": "0.1699213981628418",
        "cumulative": false
    },
    {
        "date": "2020-12-08T11:34:41.162Z",
        "value": "0.1726088523864746",
        "cumulative": false
    },
    {
        "date": "2020-12-08T11:34:43.366Z",
        "value": "0.1526036262512207",
        "cumulative": false
    },
    {
        "date": "2020-12-08T11:34:45.417Z",
        "value": "0.18136858940124512",
        "cumulative": false
    },
    {
        "date": "2020-12-08T11:34:47.513Z",
        "value": "0.1680738925933838",
        "cumulative": false
    },
    {
        "date": "2020-12-08T11:34:49.640Z",
        "value": "0.19124150276184082",
        "cumulative": false
    },
    {
        "date": "2020-12-08T11:34:51.715Z",
        "value": "0.1729872226715088",
        "cumulative": false
    },
    {
        "date": "2020-12-08T11:34:53.769Z",
        "value": "0.1648406982421875",
        "cumulative": false
    },
    {
        "date": "2020-12-08T11:34:56.058Z",
        "value": "0.16041326522827148",
        "cumulative": false
    },
    {
        "date": "2020-12-08T11:34:58.160Z",
        "value": "0.1674635410308838",
        "cumulative": false
    }
]