[
    {
        "date": "2020-12-08T11:34:20.604Z",
        "value": "2.507415533065796",
        "cumulative": false
    },
    {
        "date": "2020-12-08T11:34:22.660Z",
        "value": "2.0911552906036377",
        "cumulative": false
    },
    {
        "date": "2020-12-08T11:34:24.809Z",
        "value": "1.6173961162567139",
        "cumulative": false
    },
    {
        "date": "2020-12-08T11:34:26.904Z",
        "value": "1.406917691230774",
        "cumulative": false
    },
    {
        "date": "2020-12-08T11:34:29.043Z",
        "value": "1.219842791557312",
        "cumulative": false
    },
    {
        "date": "2020-12-08T11:34:31.231Z",
        "value": "1.0663752555847168",
        "cumulative": false
    },
    {
        "date": "2020-12-08T11:34:33.376Z",
        "value": "0.9322792887687683",
        "cumulative": false
    },
    {
        "date": "2020-12-08T11:34:35.484Z",
        "value": "0.8680862784385681",
        "cumulative": false
    },
    {
        "date": "2020-12-08T11:34:37.585Z",
        "value": "0.7390391230583191",
        "cumulative": false
    },
    {
        "date": "2020-12-08T11:34:39.697Z",
        "value": "0.6833989024162292",
        "cumulative": false
    },
    {
        "date": "2020-12-08T11:34:41.897Z",
        "value": "0.7141432166099548",
        "cumulative": false
    },
    {
        "date": "2020-12-08T11:34:44.040Z",
        "value": "0.6503791213035583",
        "cumulative": false
    },
    {
        "date": "2020-12-08T11:34:46.144Z",
        "value": "0.4879462718963623",
        "cumulative": false
    },
    {
        "date": "2020-12-08T11:34:48.175Z",
        "value": "0.4355279803276062",
        "cumulative": false
    },
    {
        "date": "2020-12-08T11:34:50.332Z",
        "value": "0.6411589980125427",
        "cumulative": false
    },
    {
        "date": "2020-12-08T11:34:52.358Z",
        "value": "0.4229021668434143",
        "cumulative": false
    },
    {
        "date": "2020-12-08T11:34:54.466Z",
        "value": "0.3824859857559204",
        "cumulative": false
    },
    {
        "date": "2020-12-08T11:34:56.787Z",
        "value": "0.43253394961357117",
        "cumulative": false
    }
]