[
    {
        "date": "2020-12-08T11:34:21.995Z",
        "value": "0.16304326057434082",
        "cumulative": false
    },
    {
        "date": "2020-12-08T11:34:24.103Z",
        "value": "0.1597445011138916",
        "cumulative": false
    },
    {
        "date": "2020-12-08T11:34:26.218Z",
        "value": "0.14400911331176758",
        "cumulative": false
    },
    {
        "date": "2020-12-08T11:34:28.385Z",
        "value": "0.16228127479553223",
        "cumulative": false
    },
    {
        "date": "2020-12-08T11:34:30.521Z",
        "value": "0.17418479919433594",
        "cumulative": false
    },
    {
        "date": "2020-12-08T11:34:32.626Z",
        "value": "0.13850855827331543",
        "cumulative": false
    },
    {
        "date": "2020-12-08T11:34:34.761Z",
        "value": "0.17285370826721191",
        "cumulative": false
    },
    {
        "date": "2020-12-08T11:34:36.923Z",
        "value": "0.1625678539276123",
        "cumulative": false
    },
    {
        "date": "2020-12-08T11:34:39.013Z",
        "value": "0.14955568313598633",
        "cumulative": false
    },
    {
        "date": "2020-12-08T11:34:41.171Z",
        "value": "0.15038204193115234",
        "cumulative": false
    },
    {
        "date": "2020-12-08T11:34:43.363Z",
        "value": "0.16005182266235352",
        "cumulative": false
    },
    {
        "date": "2020-12-08T11:34:45.411Z",
        "value": "0.1605968475341797",
        "cumulative": false
    },
    {
        "date": "2020-12-08T11:34:47.504Z",
        "value": "0.1748507022857666",
        "cumulative": false
    },
    {
        "date": "2020-12-08T11:34:49.651Z",
        "value": "0.17762112617492676",
        "cumulative": false
    },
    {
        "date": "2020-12-08T11:34:51.713Z",
        "value": "0.1673727035522461",
        "cumulative": false
    },
    {
        "date": "2020-12-08T11:34:53.779Z",
        "value": "0.13776683807373047",
        "cumulative": false
    },
    {
        "date": "2020-12-08T11:34:56.059Z",
        "value": "0.15496587753295898",
        "cumulative": false
    },
    {
        "date": "2020-12-08T11:34:58.154Z",
        "value": "0.16105365753173828",
        "cumulative": false
    }
]