[
    {
        "date": "2020-12-08T11:34:21.994Z",
        "value": "1.0363011360168457",
        "cumulative": false
    },
    {
        "date": "2020-12-08T11:34:24.103Z",
        "value": "0.9217197895050049",
        "cumulative": false
    },
    {
        "date": "2020-12-08T11:34:26.223Z",
        "value": "0.9363963603973389",
        "cumulative": false
    },
    {
        "date": "2020-12-08T11:34:28.381Z",
        "value": "0.9658012390136719",
        "cumulative": false
    },
    {
        "date": "2020-12-08T11:34:30.522Z",
        "value": "0.974808931350708",
        "cumulative": false
    },
    {
        "date": "2020-12-08T11:34:32.624Z",
        "value": "0.982262372970581",
        "cumulative": false
    },
    {
        "date": "2020-12-08T11:34:34.772Z",
        "value": "0.9825639724731445",
        "cumulative": false
    },
    {
        "date": "2020-12-08T11:34:36.917Z",
        "value": "0.9660472869873047",
        "cumulative": false
    },
    {
        "date": "2020-12-08T11:34:39.007Z",
        "value": "0.9037907123565674",
        "cumulative": false
    },
    {
        "date": "2020-12-08T11:34:41.163Z",
        "value": "0.9635601043701172",
        "cumulative": false
    },
    {
        "date": "2020-12-08T11:34:43.364Z",
        "value": "0.9427127838134766",
        "cumulative": false
    },
    {
        "date": "2020-12-08T11:34:45.411Z",
        "value": "0.8593618869781494",
        "cumulative": false
    },
    {
        "date": "2020-12-08T11:34:47.514Z",
        "value": "0.9233834743499756",
        "cumulative": false
    },
    {
        "date": "2020-12-08T11:34:49.641Z",
        "value": "0.9493696689605713",
        "cumulative": false
    },
    {
        "date": "2020-12-08T11:34:51.720Z",
        "value": "0.8657867908477783",
        "cumulative": false
    },
    {
        "date": "2020-12-08T11:34:53.773Z",
        "value": "0.9224927425384521",
        "cumulative": false
    },
    {
        "date": "2020-12-08T11:34:56.069Z",
        "value": "1.1205344200134277",
        "cumulative": false
    },
    {
        "date": "2020-12-08T11:34:58.161Z",
        "value": "0.8913276195526123",
        "cumulative": false
    }
]