[
    {
        "date": "2020-12-08T11:34:20.614Z",
        "value": "4.6875",
        "cumulative": false
    },
    {
        "date": "2020-12-08T11:34:22.674Z",
        "value": "23.4375",
        "cumulative": false
    },
    {
        "date": "2020-12-08T11:34:24.815Z",
        "value": "39.84375",
        "cumulative": false
    },
    {
        "date": "2020-12-08T11:34:26.916Z",
        "value": "52.34375",
        "cumulative": false
    },
    {
        "date": "2020-12-08T11:34:29.040Z",
        "value": "63.28125",
        "cumulative": false
    },
    {
        "date": "2020-12-08T11:34:31.257Z",
        "value": "63.28125",
        "cumulative": false
    },
    {
        "date": "2020-12-08T11:34:33.381Z",
        "value": "68.75",
        "cumulative": false
    },
    {
        "date": "2020-12-08T11:34:35.497Z",
        "value": "75.78125",
        "cumulative": false
    },
    {
        "date": "2020-12-08T11:34:37.596Z",
        "value": "74.21875",
        "cumulative": false
    },
    {
        "date": "2020-12-08T11:34:39.715Z",
        "value": "72.65625",
        "cumulative": false
    },
    {
        "date": "2020-12-08T11:34:41.899Z",
        "value": "76.5625",
        "cumulative": false
    },
    {
        "date": "2020-12-08T11:34:44.050Z",
        "value": "76.5625",
        "cumulative": false
    },
    {
        "date": "2020-12-08T11:34:46.149Z",
        "value": "76.5625",
        "cumulative": false
    },
    {
        "date": "2020-12-08T11:34:48.194Z",
        "value": "79.6875",
        "cumulative": false
    },
    {
        "date": "2020-12-08T11:34:50.347Z",
        "value": "84.375",
        "cumulative": false
    },
    {
        "date": "2020-12-08T11:34:52.379Z",
        "value": "81.25",
        "cumulative": false
    },
    {
        "date": "2020-12-08T11:34:54.477Z",
        "value": "82.8125",
        "cumulative": false
    },
    {
        "date": "2020-12-08T11:34:56.802Z",
        "value": "78.125",
        "cumulative": false
    }
]