[
    {
        "date": "2020-12-08T11:34:20.606Z",
        "value": "49.21875",
        "cumulative": false
    },
    {
        "date": "2020-12-08T11:34:22.669Z",
        "value": "81.25",
        "cumulative": false
    },
    {
        "date": "2020-12-08T11:34:24.812Z",
        "value": "87.5",
        "cumulative": false
    },
    {
        "date": "2020-12-08T11:34:26.910Z",
        "value": "95.3125",
        "cumulative": false
    },
    {
        "date": "2020-12-08T11:34:29.034Z",
        "value": "90.625",
        "cumulative": false
    },
    {
        "date": "2020-12-08T11:34:31.237Z",
        "value": "98.4375",
        "cumulative": false
    },
    {
        "date": "2020-12-08T11:34:33.373Z",
        "value": "97.65625",
        "cumulative": false
    },
    {
        "date": "2020-12-08T11:34:35.475Z",
        "value": "96.875",
        "cumulative": false
    },
    {
        "date": "2020-12-08T11:34:37.585Z",
        "value": "96.875",
        "cumulative": false
    },
    {
        "date": "2020-12-08T11:34:39.707Z",
        "value": "97.65625",
        "cumulative": false
    },
    {
        "date": "2020-12-08T11:34:41.893Z",
        "value": "100.0",
        "cumulative": false
    },
    {
        "date": "2020-12-08T11:34:44.041Z",
        "value": "98.4375",
        "cumulative": false
    },
    {
        "date": "2020-12-08T11:34:46.139Z",
        "value": "100.0",
        "cumulative": false
    },
    {
        "date": "2020-12-08T11:34:48.175Z",
        "value": "100.0",
        "cumulative": false
    },
    {
        "date": "2020-12-08T11:34:50.333Z",
        "value": "99.21875",
        "cumulative": false
    },
    {
        "date": "2020-12-08T11:34:52.369Z",
        "value": "100.0",
        "cumulative": false
    },
    {
        "date": "2020-12-08T11:34:54.466Z",
        "value": "98.4375",
        "cumulative": false
    },
    {
        "date": "2020-12-08T11:34:56.788Z",
        "value": "99.21875",
        "cumulative": false
    }
]