[
    {
        "date": "2020-12-08T11:34:22.001Z",
        "value": "0.13080453872680664",
        "cumulative": false
    },
    {
        "date": "2020-12-08T11:34:24.118Z",
        "value": "0.13190650939941406",
        "cumulative": false
    },
    {
        "date": "2020-12-08T11:34:26.228Z",
        "value": "0.13864922523498535",
        "cumulative": false
    },
    {
        "date": "2020-12-08T11:34:28.392Z",
        "value": "0.1462705135345459",
        "cumulative": false
    },
    {
        "date": "2020-12-08T11:34:30.531Z",
        "value": "0.1454174518585205",
        "cumulative": false
    },
    {
        "date": "2020-12-08T11:34:32.637Z",
        "value": "0.12728452682495117",
        "cumulative": false
    },
    {
        "date": "2020-12-08T11:34:34.766Z",
        "value": "0.13365507125854492",
        "cumulative": false
    },
    {
        "date": "2020-12-08T11:34:36.917Z",
        "value": "0.15288233757019043",
        "cumulative": false
    },
    {
        "date": "2020-12-08T11:34:39.011Z",
        "value": "0.13753175735473633",
        "cumulative": false
    },
    {
        "date": "2020-12-08T11:34:41.176Z",
        "value": "0.1405928134918213",
        "cumulative": false
    },
    {
        "date": "2020-12-08T11:34:43.366Z",
        "value": "0.13250422477722168",
        "cumulative": false
    },
    {
        "date": "2020-12-08T11:34:45.414Z",
        "value": "0.1401689052581787",
        "cumulative": false
    },
    {
        "date": "2020-12-08T11:34:47.511Z",
        "value": "0.13981986045837402",
        "cumulative": false
    },
    {
        "date": "2020-12-08T11:34:49.645Z",
        "value": "0.14731216430664062",
        "cumulative": false
    },
    {
        "date": "2020-12-08T11:34:51.718Z",
        "value": "0.13583636283874512",
        "cumulative": false
    },
    {
        "date": "2020-12-08T11:34:53.787Z",
        "value": "0.13462471961975098",
        "cumulative": false
    },
    {
        "date": "2020-12-08T11:34:56.066Z",
        "value": "0.1357285976409912",
        "cumulative": false
    },
    {
        "date": "2020-12-08T11:34:58.162Z",
        "value": "0.14550399780273438",
        "cumulative": false
    }
]