[
    {
        "date": "2020-12-08T11:34:20.606Z",
        "value": "2.461289644241333",
        "cumulative": false
    },
    {
        "date": "2020-12-08T11:34:22.665Z",
        "value": "2.0321848392486572",
        "cumulative": false
    },
    {
        "date": "2020-12-08T11:34:24.809Z",
        "value": "1.6330311298370361",
        "cumulative": false
    },
    {
        "date": "2020-12-08T11:34:26.921Z",
        "value": "1.4612857103347778",
        "cumulative": false
    },
    {
        "date": "2020-12-08T11:34:29.035Z",
        "value": "1.2993794679641724",
        "cumulative": false
    },
    {
        "date": "2020-12-08T11:34:31.231Z",
        "value": "1.1455737352371216",
        "cumulative": false
    },
    {
        "date": "2020-12-08T11:34:33.374Z",
        "value": "0.8813572525978088",
        "cumulative": false
    },
    {
        "date": "2020-12-08T11:34:35.477Z",
        "value": "0.9344004392623901",
        "cumulative": false
    },
    {
        "date": "2020-12-08T11:34:37.590Z",
        "value": "0.8322011828422546",
        "cumulative": false
    },
    {
        "date": "2020-12-08T11:34:39.711Z",
        "value": "0.716733992099762",
        "cumulative": false
    },
    {
        "date": "2020-12-08T11:34:41.898Z",
        "value": "0.7150201797485352",
        "cumulative": false
    },
    {
        "date": "2020-12-08T11:34:44.047Z",
        "value": "0.7106926441192627",
        "cumulative": false
    },
    {
        "date": "2020-12-08T11:34:46.143Z",
        "value": "0.621001660823822",
        "cumulative": false
    },
    {
        "date": "2020-12-08T11:34:48.182Z",
        "value": "0.43562957644462585",
        "cumulative": false
    },
    {
        "date": "2020-12-08T11:34:50.336Z",
        "value": "0.4314084053039551",
        "cumulative": false
    },
    {
        "date": "2020-12-08T11:34:52.369Z",
        "value": "0.4989868402481079",
        "cumulative": false
    },
    {
        "date": "2020-12-08T11:34:54.467Z",
        "value": "0.5379878878593445",
        "cumulative": false
    },
    {
        "date": "2020-12-08T11:34:56.790Z",
        "value": "0.5301101803779602",
        "cumulative": false
    }
]