[
    {
        "date": "2020-12-08T11:34:21.997Z",
        "value": "7.033348083496094e-05",
        "cumulative": false
    },
    {
        "date": "2020-12-08T11:34:24.108Z",
        "value": "0.00010251998901367188",
        "cumulative": false
    },
    {
        "date": "2020-12-08T11:34:26.235Z",
        "value": "6.914138793945312e-05",
        "cumulative": false
    },
    {
        "date": "2020-12-08T11:34:28.384Z",
        "value": "7.724761962890625e-05",
        "cumulative": false
    },
    {
        "date": "2020-12-08T11:34:30.530Z",
        "value": "6.890296936035156e-05",
        "cumulative": false
    },
    {
        "date": "2020-12-08T11:34:32.628Z",
        "value": "7.128715515136719e-05",
        "cumulative": false
    },
    {
        "date": "2020-12-08T11:34:34.766Z",
        "value": "6.67572021484375e-05",
        "cumulative": false
    },
    {
        "date": "2020-12-08T11:34:36.918Z",
        "value": "8.440017700195312e-05",
        "cumulative": false
    },
    {
        "date": "2020-12-08T11:34:39.017Z",
        "value": "0.00010204315185546875",
        "cumulative": false
    },
    {
        "date": "2020-12-08T11:34:41.168Z",
        "value": "7.152557373046875e-05",
        "cumulative": false
    },
    {
        "date": "2020-12-08T11:34:43.371Z",
        "value": "7.581710815429688e-05",
        "cumulative": false
    },
    {
        "date": "2020-12-08T11:34:45.416Z",
        "value": "6.842613220214844e-05",
        "cumulative": false
    },
    {
        "date": "2020-12-08T11:34:47.515Z",
        "value": "6.794929504394531e-05",
        "cumulative": false
    },
    {
        "date": "2020-12-08T11:34:49.649Z",
        "value": "6.961822509765625e-05",
        "cumulative": false
    },
    {
        "date": "2020-12-08T11:34:51.735Z",
        "value": "6.842613220214844e-05",
        "cumulative": false
    },
    {
        "date": "2020-12-08T11:34:53.780Z",
        "value": "6.985664367675781e-05",
        "cumulative": false
    },
    {
        "date": "2020-12-08T11:34:56.065Z",
        "value": "6.413459777832031e-05",
        "cumulative": false
    },
    {
        "date": "2020-12-08T11:34:58.172Z",
        "value": "7.176399230957031e-05",
        "cumulative": false
    }
]