[
    {
        "date": "2020-12-08T11:34:21.997Z",
        "value": "1.1008257865905762",
        "cumulative": false
    },
    {
        "date": "2020-12-08T11:34:24.108Z",
        "value": "0.9621193408966064",
        "cumulative": false
    },
    {
        "date": "2020-12-08T11:34:26.235Z",
        "value": "0.887415885925293",
        "cumulative": false
    },
    {
        "date": "2020-12-08T11:34:28.384Z",
        "value": "0.998366117477417",
        "cumulative": false
    },
    {
        "date": "2020-12-08T11:34:30.530Z",
        "value": "0.941586971282959",
        "cumulative": false
    },
    {
        "date": "2020-12-08T11:34:32.628Z",
        "value": "0.9514930248260498",
        "cumulative": false
    },
    {
        "date": "2020-12-08T11:34:34.766Z",
        "value": "0.9806942939758301",
        "cumulative": false
    },
    {
        "date": "2020-12-08T11:34:36.918Z",
        "value": "0.9849872589111328",
        "cumulative": false
    },
    {
        "date": "2020-12-08T11:34:39.017Z",
        "value": "0.9340019226074219",
        "cumulative": false
    },
    {
        "date": "2020-12-08T11:34:41.168Z",
        "value": "0.979910135269165",
        "cumulative": false
    },
    {
        "date": "2020-12-08T11:34:43.371Z",
        "value": "0.9427530765533447",
        "cumulative": false
    },
    {
        "date": "2020-12-08T11:34:45.416Z",
        "value": "0.8861100673675537",
        "cumulative": false
    },
    {
        "date": "2020-12-08T11:34:47.515Z",
        "value": "0.9241631031036377",
        "cumulative": false
    },
    {
        "date": "2020-12-08T11:34:49.649Z",
        "value": "0.9944243431091309",
        "cumulative": false
    },
    {
        "date": "2020-12-08T11:34:51.735Z",
        "value": "0.9544723033905029",
        "cumulative": false
    },
    {
        "date": "2020-12-08T11:34:53.780Z",
        "value": "0.912402868270874",
        "cumulative": false
    },
    {
        "date": "2020-12-08T11:34:56.065Z",
        "value": "1.1791133880615234",
        "cumulative": false
    },
    {
        "date": "2020-12-08T11:34:58.172Z",
        "value": "0.8872787952423096",
        "cumulative": false
    }
]