[
    {
        "date": "2020-12-08T11:34:21.986Z",
        "value": "0.01505589485168457",
        "cumulative": false
    },
    {
        "date": "2020-12-08T11:34:24.106Z",
        "value": "0.009764909744262695",
        "cumulative": false
    },
    {
        "date": "2020-12-08T11:34:26.218Z",
        "value": "0.01051783561706543",
        "cumulative": false
    },
    {
        "date": "2020-12-08T11:34:28.380Z",
        "value": "0.007476091384887695",
        "cumulative": false
    },
    {
        "date": "2020-12-08T11:34:30.518Z",
        "value": "0.0095672607421875",
        "cumulative": false
    },
    {
        "date": "2020-12-08T11:34:32.621Z",
        "value": "0.007001638412475586",
        "cumulative": false
    },
    {
        "date": "2020-12-08T11:34:34.757Z",
        "value": "0.008197307586669922",
        "cumulative": false
    },
    {
        "date": "2020-12-08T11:34:36.921Z",
        "value": "0.010485410690307617",
        "cumulative": false
    },
    {
        "date": "2020-12-08T11:34:39.005Z",
        "value": "0.00783395767211914",
        "cumulative": false
    },
    {
        "date": "2020-12-08T11:34:41.159Z",
        "value": "0.007926225662231445",
        "cumulative": false
    },
    {
        "date": "2020-12-08T11:34:43.357Z",
        "value": "0.007691144943237305",
        "cumulative": false
    },
    {
        "date": "2020-12-08T11:34:45.402Z",
        "value": "0.010338306427001953",
        "cumulative": false
    },
    {
        "date": "2020-12-08T11:34:47.506Z",
        "value": "0.007303953170776367",
        "cumulative": false
    },
    {
        "date": "2020-12-08T11:34:49.645Z",
        "value": "0.008295536041259766",
        "cumulative": false
    },
    {
        "date": "2020-12-08T11:34:51.723Z",
        "value": "0.009925603866577148",
        "cumulative": false
    },
    {
        "date": "2020-12-08T11:34:53.768Z",
        "value": "0.007626056671142578",
        "cumulative": false
    },
    {
        "date": "2020-12-08T11:34:56.062Z",
        "value": "0.007741451263427734",
        "cumulative": false
    },
    {
        "date": "2020-12-08T11:34:58.157Z",
        "value": "0.007600307464599609",
        "cumulative": false
    }
]