[
    {
        "date": "2020-12-08T11:34:20.612Z",
        "value": "50.78125",
        "cumulative": false
    },
    {
        "date": "2020-12-08T11:34:22.671Z",
        "value": "81.25",
        "cumulative": false
    },
    {
        "date": "2020-12-08T11:34:24.822Z",
        "value": "85.9375",
        "cumulative": false
    },
    {
        "date": "2020-12-08T11:34:26.914Z",
        "value": "93.75",
        "cumulative": false
    },
    {
        "date": "2020-12-08T11:34:29.044Z",
        "value": "93.75",
        "cumulative": false
    },
    {
        "date": "2020-12-08T11:34:31.238Z",
        "value": "95.3125",
        "cumulative": false
    },
    {
        "date": "2020-12-08T11:34:33.381Z",
        "value": "97.65625",
        "cumulative": false
    },
    {
        "date": "2020-12-08T11:34:35.482Z",
        "value": "98.4375",
        "cumulative": false
    },
    {
        "date": "2020-12-08T11:34:37.595Z",
        "value": "98.4375",
        "cumulative": false
    },
    {
        "date": "2020-12-08T11:34:39.712Z",
        "value": "96.875",
        "cumulative": false
    },
    {
        "date": "2020-12-08T11:34:41.900Z",
        "value": "98.4375",
        "cumulative": false
    },
    {
        "date": "2020-12-08T11:34:44.051Z",
        "value": "98.4375",
        "cumulative": false
    },
    {
        "date": "2020-12-08T11:34:46.145Z",
        "value": "97.65625",
        "cumulative": false
    },
    {
        "date": "2020-12-08T11:34:48.185Z",
        "value": "98.4375",
        "cumulative": false
    },
    {
        "date": "2020-12-08T11:34:50.348Z",
        "value": "99.21875",
        "cumulative": false
    },
    {
        "date": "2020-12-08T11:34:52.370Z",
        "value": "98.4375",
        "cumulative": false
    },
    {
        "date": "2020-12-08T11:34:54.472Z",
        "value": "99.21875",
        "cumulative": false
    },
    {
        "date": "2020-12-08T11:34:56.792Z",
        "value": "99.21875",
        "cumulative": false
    }
]