[
    {
        "date": "2020-12-08T11:34:22.005Z",
        "value": "1.1105327606201172",
        "cumulative": false
    },
    {
        "date": "2020-12-08T11:34:24.118Z",
        "value": "0.9611961841583252",
        "cumulative": false
    },
    {
        "date": "2020-12-08T11:34:26.242Z",
        "value": "0.9923644065856934",
        "cumulative": false
    },
    {
        "date": "2020-12-08T11:34:28.389Z",
        "value": "1.0403687953948975",
        "cumulative": false
    },
    {
        "date": "2020-12-08T11:34:30.538Z",
        "value": "0.977508544921875",
        "cumulative": false
    },
    {
        "date": "2020-12-08T11:34:32.633Z",
        "value": "0.9520468711853027",
        "cumulative": false
    },
    {
        "date": "2020-12-08T11:34:34.778Z",
        "value": "0.9864847660064697",
        "cumulative": false
    },
    {
        "date": "2020-12-08T11:34:36.931Z",
        "value": "0.9703810214996338",
        "cumulative": false
    },
    {
        "date": "2020-12-08T11:34:39.016Z",
        "value": "0.9501171112060547",
        "cumulative": false
    },
    {
        "date": "2020-12-08T11:34:41.170Z",
        "value": "0.9818253517150879",
        "cumulative": false
    },
    {
        "date": "2020-12-08T11:34:43.368Z",
        "value": "1.0442087650299072",
        "cumulative": false
    },
    {
        "date": "2020-12-08T11:34:45.421Z",
        "value": "0.9186768531799316",
        "cumulative": false
    },
    {
        "date": "2020-12-08T11:34:47.513Z",
        "value": "0.9224233627319336",
        "cumulative": false
    },
    {
        "date": "2020-12-08T11:34:49.649Z",
        "value": "0.9960486888885498",
        "cumulative": false
    },
    {
        "date": "2020-12-08T11:34:51.728Z",
        "value": "0.9226837158203125",
        "cumulative": false
    },
    {
        "date": "2020-12-08T11:34:53.780Z",
        "value": "0.9103662967681885",
        "cumulative": false
    },
    {
        "date": "2020-12-08T11:34:56.069Z",
        "value": "1.162463903427124",
        "cumulative": false
    },
    {
        "date": "2020-12-08T11:34:58.171Z",
        "value": "0.8879053592681885",
        "cumulative": false
    }
]