[
    {
        "date": "2020-12-08T11:34:22.002Z",
        "value": "0.0590212345123291",
        "cumulative": false
    },
    {
        "date": "2020-12-08T11:34:24.115Z",
        "value": "0.054416656494140625",
        "cumulative": false
    },
    {
        "date": "2020-12-08T11:34:26.226Z",
        "value": "0.05914473533630371",
        "cumulative": false
    },
    {
        "date": "2020-12-08T11:34:28.399Z",
        "value": "0.06412792205810547",
        "cumulative": false
    },
    {
        "date": "2020-12-08T11:34:30.527Z",
        "value": "0.05099177360534668",
        "cumulative": false
    },
    {
        "date": "2020-12-08T11:34:32.642Z",
        "value": "0.062430381774902344",
        "cumulative": false
    },
    {
        "date": "2020-12-08T11:34:34.766Z",
        "value": "0.0628049373626709",
        "cumulative": false
    },
    {
        "date": "2020-12-08T11:34:36.923Z",
        "value": "0.05807685852050781",
        "cumulative": false
    },
    {
        "date": "2020-12-08T11:34:39.013Z",
        "value": "0.06314921379089355",
        "cumulative": false
    },
    {
        "date": "2020-12-08T11:34:41.169Z",
        "value": "0.06364035606384277",
        "cumulative": false
    },
    {
        "date": "2020-12-08T11:34:43.372Z",
        "value": "0.061892032623291016",
        "cumulative": false
    },
    {
        "date": "2020-12-08T11:34:45.419Z",
        "value": "0.06415843963623047",
        "cumulative": false
    },
    {
        "date": "2020-12-08T11:34:47.515Z",
        "value": "0.06056523323059082",
        "cumulative": false
    },
    {
        "date": "2020-12-08T11:34:49.652Z",
        "value": "0.057420969009399414",
        "cumulative": false
    },
    {
        "date": "2020-12-08T11:34:51.733Z",
        "value": "0.061975717544555664",
        "cumulative": false
    },
    {
        "date": "2020-12-08T11:34:53.776Z",
        "value": "0.0663909912109375",
        "cumulative": false
    },
    {
        "date": "2020-12-08T11:34:56.071Z",
        "value": "0.06292223930358887",
        "cumulative": false
    },
    {
        "date": "2020-12-08T11:34:58.168Z",
        "value": "0.05499410629272461",
        "cumulative": false
    }
]