[
    {
        "date": "2020-12-08T11:34:22.005Z",
        "value": "1.061614751815796",
        "cumulative": false
    },
    {
        "date": "2020-12-08T11:34:24.123Z",
        "value": "0.9346168041229248",
        "cumulative": false
    },
    {
        "date": "2020-12-08T11:34:26.235Z",
        "value": "0.903679609298706",
        "cumulative": false
    },
    {
        "date": "2020-12-08T11:34:28.403Z",
        "value": "0.9222588539123535",
        "cumulative": false
    },
    {
        "date": "2020-12-08T11:34:30.534Z",
        "value": "1.0485892295837402",
        "cumulative": false
    },
    {
        "date": "2020-12-08T11:34:32.640Z",
        "value": "0.9177727699279785",
        "cumulative": false
    },
    {
        "date": "2020-12-08T11:34:34.771Z",
        "value": "0.91485595703125",
        "cumulative": false
    },
    {
        "date": "2020-12-08T11:34:36.925Z",
        "value": "0.9263005256652832",
        "cumulative": false
    },
    {
        "date": "2020-12-08T11:34:39.030Z",
        "value": "0.9637513160705566",
        "cumulative": false
    },
    {
        "date": "2020-12-08T11:34:41.175Z",
        "value": "1.0060303211212158",
        "cumulative": false
    },
    {
        "date": "2020-12-08T11:34:43.375Z",
        "value": "0.9956672191619873",
        "cumulative": false
    },
    {
        "date": "2020-12-08T11:34:45.433Z",
        "value": "0.8589465618133545",
        "cumulative": false
    },
    {
        "date": "2020-12-08T11:34:47.518Z",
        "value": "0.9260406494140625",
        "cumulative": false
    },
    {
        "date": "2020-12-08T11:34:49.667Z",
        "value": "0.9559817314147949",
        "cumulative": false
    },
    {
        "date": "2020-12-08T11:34:51.724Z",
        "value": "0.9047856330871582",
        "cumulative": false
    },
    {
        "date": "2020-12-08T11:34:53.781Z",
        "value": "0.8400702476501465",
        "cumulative": false
    },
    {
        "date": "2020-12-08T11:34:56.072Z",
        "value": "1.1691231727600098",
        "cumulative": false
    },
    {
        "date": "2020-12-08T11:34:58.169Z",
        "value": "0.8444278240203857",
        "cumulative": false
    }
]