[
    {
        "date": "2020-12-08T11:34:20.617Z",
        "value": "2.4839680194854736",
        "cumulative": false
    },
    {
        "date": "2020-12-08T11:34:22.681Z",
        "value": "2.0592169761657715",
        "cumulative": false
    },
    {
        "date": "2020-12-08T11:34:24.821Z",
        "value": "1.6993683576583862",
        "cumulative": false
    },
    {
        "date": "2020-12-08T11:34:26.928Z",
        "value": "1.3821965456008911",
        "cumulative": false
    },
    {
        "date": "2020-12-08T11:34:29.059Z",
        "value": "1.2371811866760254",
        "cumulative": false
    },
    {
        "date": "2020-12-08T11:34:31.249Z",
        "value": "0.9966857433319092",
        "cumulative": false
    },
    {
        "date": "2020-12-08T11:34:33.384Z",
        "value": "1.0529173612594604",
        "cumulative": false
    },
    {
        "date": "2020-12-08T11:34:35.490Z",
        "value": "0.866041362285614",
        "cumulative": false
    },
    {
        "date": "2020-12-08T11:34:37.601Z",
        "value": "0.7901543974876404",
        "cumulative": false
    },
    {
        "date": "2020-12-08T11:34:39.716Z",
        "value": "0.8387896418571472",
        "cumulative": false
    },
    {
        "date": "2020-12-08T11:34:41.902Z",
        "value": "0.7619242072105408",
        "cumulative": false
    },
    {
        "date": "2020-12-08T11:34:44.055Z",
        "value": "0.6678888201713562",
        "cumulative": false
    },
    {
        "date": "2020-12-08T11:34:46.151Z",
        "value": "0.600860595703125",
        "cumulative": false
    },
    {
        "date": "2020-12-08T11:34:48.196Z",
        "value": "0.4596852958202362",
        "cumulative": false
    },
    {
        "date": "2020-12-08T11:34:50.351Z",
        "value": "0.5063958764076233",
        "cumulative": false
    },
    {
        "date": "2020-12-08T11:34:52.386Z",
        "value": "0.32917433977127075",
        "cumulative": false
    },
    {
        "date": "2020-12-08T11:34:54.482Z",
        "value": "0.32430967688560486",
        "cumulative": false
    },
    {
        "date": "2020-12-08T11:34:56.799Z",
        "value": "0.4235469698905945",
        "cumulative": false
    }
]