[
    {
        "date": "2020-12-08T11:34:21.988Z",
        "value": "0.12204861640930176",
        "cumulative": false
    },
    {
        "date": "2020-12-08T11:34:24.106Z",
        "value": "0.12500953674316406",
        "cumulative": false
    },
    {
        "date": "2020-12-08T11:34:26.218Z",
        "value": "0.11698341369628906",
        "cumulative": false
    },
    {
        "date": "2020-12-08T11:34:28.380Z",
        "value": "0.12220954895019531",
        "cumulative": false
    },
    {
        "date": "2020-12-08T11:34:30.518Z",
        "value": "0.12329363822937012",
        "cumulative": false
    },
    {
        "date": "2020-12-08T11:34:32.621Z",
        "value": "0.10954046249389648",
        "cumulative": false
    },
    {
        "date": "2020-12-08T11:34:34.757Z",
        "value": "0.1153254508972168",
        "cumulative": false
    },
    {
        "date": "2020-12-08T11:34:36.922Z",
        "value": "0.11987709999084473",
        "cumulative": false
    },
    {
        "date": "2020-12-08T11:34:39.005Z",
        "value": "0.12378692626953125",
        "cumulative": false
    },
    {
        "date": "2020-12-08T11:34:41.159Z",
        "value": "0.11734676361083984",
        "cumulative": false
    },
    {
        "date": "2020-12-08T11:34:43.358Z",
        "value": "0.12534451484680176",
        "cumulative": false
    },
    {
        "date": "2020-12-08T11:34:45.402Z",
        "value": "0.11739063262939453",
        "cumulative": false
    },
    {
        "date": "2020-12-08T11:34:47.506Z",
        "value": "0.13119935989379883",
        "cumulative": false
    },
    {
        "date": "2020-12-08T11:34:49.645Z",
        "value": "0.151414155960083",
        "cumulative": false
    },
    {
        "date": "2020-12-08T11:34:51.723Z",
        "value": "0.1273634433746338",
        "cumulative": false
    },
    {
        "date": "2020-12-08T11:34:53.768Z",
        "value": "0.12382364273071289",
        "cumulative": false
    },
    {
        "date": "2020-12-08T11:34:56.062Z",
        "value": "0.12209296226501465",
        "cumulative": false
    },
    {
        "date": "2020-12-08T11:34:58.158Z",
        "value": "0.11854791641235352",
        "cumulative": false
    }
]