[
    {
        "date": "2020-12-08T11:34:22.000Z",
        "value": "0.01863861083984375",
        "cumulative": false
    },
    {
        "date": "2020-12-08T11:34:24.117Z",
        "value": "0.008456230163574219",
        "cumulative": false
    },
    {
        "date": "2020-12-08T11:34:26.227Z",
        "value": "0.010109663009643555",
        "cumulative": false
    },
    {
        "date": "2020-12-08T11:34:28.380Z",
        "value": "0.00972747802734375",
        "cumulative": false
    },
    {
        "date": "2020-12-08T11:34:30.527Z",
        "value": "0.009364604949951172",
        "cumulative": false
    },
    {
        "date": "2020-12-08T11:34:32.625Z",
        "value": "0.007628679275512695",
        "cumulative": false
    },
    {
        "date": "2020-12-08T11:34:34.762Z",
        "value": "0.008532524108886719",
        "cumulative": false
    },
    {
        "date": "2020-12-08T11:34:36.916Z",
        "value": "0.008349180221557617",
        "cumulative": false
    },
    {
        "date": "2020-12-08T11:34:39.004Z",
        "value": "0.010276079177856445",
        "cumulative": false
    },
    {
        "date": "2020-12-08T11:34:41.162Z",
        "value": "0.009023427963256836",
        "cumulative": false
    },
    {
        "date": "2020-12-08T11:34:43.366Z",
        "value": "0.010344505310058594",
        "cumulative": false
    },
    {
        "date": "2020-12-08T11:34:45.417Z",
        "value": "0.007643461227416992",
        "cumulative": false
    },
    {
        "date": "2020-12-08T11:34:47.513Z",
        "value": "0.008152008056640625",
        "cumulative": false
    },
    {
        "date": "2020-12-08T11:34:49.640Z",
        "value": "0.02213001251220703",
        "cumulative": false
    },
    {
        "date": "2020-12-08T11:34:51.715Z",
        "value": "0.008382797241210938",
        "cumulative": false
    },
    {
        "date": "2020-12-08T11:34:53.769Z",
        "value": "0.008492469787597656",
        "cumulative": false
    },
    {
        "date": "2020-12-08T11:34:56.058Z",
        "value": "0.008788585662841797",
        "cumulative": false
    },
    {
        "date": "2020-12-08T11:34:58.160Z",
        "value": "0.010017633438110352",
        "cumulative": false
    }
]