[
    {
        "date": "2020-12-08T11:34:20.612Z",
        "value": "2.612445831298828",
        "cumulative": false
    },
    {
        "date": "2020-12-08T11:34:22.674Z",
        "value": "2.0059735774993896",
        "cumulative": false
    },
    {
        "date": "2020-12-08T11:34:24.815Z",
        "value": "1.5247242450714111",
        "cumulative": false
    },
    {
        "date": "2020-12-08T11:34:26.915Z",
        "value": "1.4093387126922607",
        "cumulative": false
    },
    {
        "date": "2020-12-08T11:34:29.040Z",
        "value": "1.1176551580429077",
        "cumulative": false
    },
    {
        "date": "2020-12-08T11:34:31.257Z",
        "value": "1.1146230697631836",
        "cumulative": false
    },
    {
        "date": "2020-12-08T11:34:33.381Z",
        "value": "1.0139265060424805",
        "cumulative": false
    },
    {
        "date": "2020-12-08T11:34:35.497Z",
        "value": "0.7206025123596191",
        "cumulative": false
    },
    {
        "date": "2020-12-08T11:34:37.596Z",
        "value": "0.7170022130012512",
        "cumulative": false
    },
    {
        "date": "2020-12-08T11:34:39.715Z",
        "value": "0.876567542552948",
        "cumulative": false
    },
    {
        "date": "2020-12-08T11:34:41.899Z",
        "value": "0.6415980458259583",
        "cumulative": false
    },
    {
        "date": "2020-12-08T11:34:44.050Z",
        "value": "0.6271176934242249",
        "cumulative": false
    },
    {
        "date": "2020-12-08T11:34:46.149Z",
        "value": "0.6666591167449951",
        "cumulative": false
    },
    {
        "date": "2020-12-08T11:34:48.194Z",
        "value": "0.524509608745575",
        "cumulative": false
    },
    {
        "date": "2020-12-08T11:34:50.347Z",
        "value": "0.5198490023612976",
        "cumulative": false
    },
    {
        "date": "2020-12-08T11:34:52.379Z",
        "value": "0.6035175323486328",
        "cumulative": false
    },
    {
        "date": "2020-12-08T11:34:54.476Z",
        "value": "0.5175904035568237",
        "cumulative": false
    },
    {
        "date": "2020-12-08T11:34:56.802Z",
        "value": "0.6371259689331055",
        "cumulative": false
    }
]