[
    {
        "date": "2020-12-08T11:34:20.607Z",
        "value": "51.5625",
        "cumulative": false
    },
    {
        "date": "2020-12-08T11:34:22.663Z",
        "value": "81.25",
        "cumulative": false
    },
    {
        "date": "2020-12-08T11:34:24.808Z",
        "value": "86.71875",
        "cumulative": false
    },
    {
        "date": "2020-12-08T11:34:26.908Z",
        "value": "92.1875",
        "cumulative": false
    },
    {
        "date": "2020-12-08T11:34:29.038Z",
        "value": "95.3125",
        "cumulative": false
    },
    {
        "date": "2020-12-08T11:34:31.236Z",
        "value": "96.875",
        "cumulative": false
    },
    {
        "date": "2020-12-08T11:34:33.376Z",
        "value": "98.4375",
        "cumulative": false
    },
    {
        "date": "2020-12-08T11:34:35.476Z",
        "value": "95.3125",
        "cumulative": false
    },
    {
        "date": "2020-12-08T11:34:37.587Z",
        "value": "99.21875",
        "cumulative": false
    },
    {
        "date": "2020-12-08T11:34:39.706Z",
        "value": "97.65625",
        "cumulative": false
    },
    {
        "date": "2020-12-08T11:34:41.888Z",
        "value": "99.21875",
        "cumulative": false
    },
    {
        "date": "2020-12-08T11:34:44.039Z",
        "value": "96.09375",
        "cumulative": false
    },
    {
        "date": "2020-12-08T11:34:46.138Z",
        "value": "99.21875",
        "cumulative": false
    },
    {
        "date": "2020-12-08T11:34:48.180Z",
        "value": "100.0",
        "cumulative": false
    },
    {
        "date": "2020-12-08T11:34:50.336Z",
        "value": "96.09375",
        "cumulative": false
    },
    {
        "date": "2020-12-08T11:34:52.370Z",
        "value": "97.65625",
        "cumulative": false
    },
    {
        "date": "2020-12-08T11:34:54.472Z",
        "value": "100.0",
        "cumulative": false
    },
    {
        "date": "2020-12-08T11:34:56.791Z",
        "value": "99.21875",
        "cumulative": false
    }
]