[
    {
        "date": "2020-12-08T11:34:20.612Z",
        "value": "50.78125",
        "cumulative": false
    },
    {
        "date": "2020-12-08T11:34:22.677Z",
        "value": "85.9375",
        "cumulative": false
    },
    {
        "date": "2020-12-08T11:34:24.816Z",
        "value": "92.96875",
        "cumulative": false
    },
    {
        "date": "2020-12-08T11:34:26.931Z",
        "value": "93.75",
        "cumulative": false
    },
    {
        "date": "2020-12-08T11:34:29.048Z",
        "value": "98.4375",
        "cumulative": false
    },
    {
        "date": "2020-12-08T11:34:31.241Z",
        "value": "97.65625",
        "cumulative": false
    },
    {
        "date": "2020-12-08T11:34:33.383Z",
        "value": "96.09375",
        "cumulative": false
    },
    {
        "date": "2020-12-08T11:34:35.483Z",
        "value": "97.65625",
        "cumulative": false
    },
    {
        "date": "2020-12-08T11:34:37.593Z",
        "value": "96.875",
        "cumulative": false
    },
    {
        "date": "2020-12-08T11:34:39.710Z",
        "value": "98.4375",
        "cumulative": false
    },
    {
        "date": "2020-12-08T11:34:41.895Z",
        "value": "100.0",
        "cumulative": false
    },
    {
        "date": "2020-12-08T11:34:44.049Z",
        "value": "100.0",
        "cumulative": false
    },
    {
        "date": "2020-12-08T11:34:46.151Z",
        "value": "99.21875",
        "cumulative": false
    },
    {
        "date": "2020-12-08T11:34:48.186Z",
        "value": "100.0",
        "cumulative": false
    },
    {
        "date": "2020-12-08T11:34:50.343Z",
        "value": "100.0",
        "cumulative": false
    },
    {
        "date": "2020-12-08T11:34:52.379Z",
        "value": "100.0",
        "cumulative": false
    },
    {
        "date": "2020-12-08T11:34:54.477Z",
        "value": "99.21875",
        "cumulative": false
    },
    {
        "date": "2020-12-08T11:34:56.800Z",
        "value": "99.21875",
        "cumulative": false
    }
]