[
    {
        "date": "2020-12-08T11:34:20.605Z",
        "value": "2.5446317195892334",
        "cumulative": false
    },
    {
        "date": "2020-12-08T11:34:22.666Z",
        "value": "2.012226104736328",
        "cumulative": false
    },
    {
        "date": "2020-12-08T11:34:24.810Z",
        "value": "1.717720866203308",
        "cumulative": false
    },
    {
        "date": "2020-12-08T11:34:26.909Z",
        "value": "1.3482532501220703",
        "cumulative": false
    },
    {
        "date": "2020-12-08T11:34:29.044Z",
        "value": "1.2204779386520386",
        "cumulative": false
    },
    {
        "date": "2020-12-08T11:34:31.231Z",
        "value": "1.163222074508667",
        "cumulative": false
    },
    {
        "date": "2020-12-08T11:34:33.381Z",
        "value": "0.9140372276306152",
        "cumulative": false
    },
    {
        "date": "2020-12-08T11:34:35.477Z",
        "value": "0.8815404772758484",
        "cumulative": false
    },
    {
        "date": "2020-12-08T11:34:37.585Z",
        "value": "1.0385576486587524",
        "cumulative": false
    },
    {
        "date": "2020-12-08T11:34:39.705Z",
        "value": "0.7333877682685852",
        "cumulative": false
    },
    {
        "date": "2020-12-08T11:34:41.894Z",
        "value": "0.739355742931366",
        "cumulative": false
    },
    {
        "date": "2020-12-08T11:34:44.044Z",
        "value": "0.8194604516029358",
        "cumulative": false
    },
    {
        "date": "2020-12-08T11:34:46.141Z",
        "value": "0.7047291994094849",
        "cumulative": false
    },
    {
        "date": "2020-12-08T11:34:48.181Z",
        "value": "0.5383941531181335",
        "cumulative": false
    },
    {
        "date": "2020-12-08T11:34:50.335Z",
        "value": "0.47853711247444153",
        "cumulative": false
    },
    {
        "date": "2020-12-08T11:34:52.366Z",
        "value": "0.39110490679740906",
        "cumulative": false
    },
    {
        "date": "2020-12-08T11:34:54.466Z",
        "value": "0.36099278926849365",
        "cumulative": false
    },
    {
        "date": "2020-12-08T11:34:56.790Z",
        "value": "0.41566622257232666",
        "cumulative": false
    }
]