[
    {
        "date": "2020-12-08T11:34:21.994Z",
        "value": "0.1556696891784668",
        "cumulative": false
    },
    {
        "date": "2020-12-08T11:34:24.103Z",
        "value": "0.15961074829101562",
        "cumulative": false
    },
    {
        "date": "2020-12-08T11:34:26.223Z",
        "value": "0.16900277137756348",
        "cumulative": false
    },
    {
        "date": "2020-12-08T11:34:28.381Z",
        "value": "0.16710519790649414",
        "cumulative": false
    },
    {
        "date": "2020-12-08T11:34:30.522Z",
        "value": "0.14569592475891113",
        "cumulative": false
    },
    {
        "date": "2020-12-08T11:34:32.624Z",
        "value": "0.16614913940429688",
        "cumulative": false
    },
    {
        "date": "2020-12-08T11:34:34.772Z",
        "value": "0.14960718154907227",
        "cumulative": false
    },
    {
        "date": "2020-12-08T11:34:36.917Z",
        "value": "0.15180468559265137",
        "cumulative": false
    },
    {
        "date": "2020-12-08T11:34:39.007Z",
        "value": "0.17697548866271973",
        "cumulative": false
    },
    {
        "date": "2020-12-08T11:34:41.163Z",
        "value": "0.1659998893737793",
        "cumulative": false
    },
    {
        "date": "2020-12-08T11:34:43.364Z",
        "value": "0.17887067794799805",
        "cumulative": false
    },
    {
        "date": "2020-12-08T11:34:45.411Z",
        "value": "0.17547154426574707",
        "cumulative": false
    },
    {
        "date": "2020-12-08T11:34:47.514Z",
        "value": "0.15720367431640625",
        "cumulative": false
    },
    {
        "date": "2020-12-08T11:34:49.641Z",
        "value": "0.17121171951293945",
        "cumulative": false
    },
    {
        "date": "2020-12-08T11:34:51.720Z",
        "value": "0.1842505931854248",
        "cumulative": false
    },
    {
        "date": "2020-12-08T11:34:53.773Z",
        "value": "0.1611185073852539",
        "cumulative": false
    },
    {
        "date": "2020-12-08T11:34:56.069Z",
        "value": "0.16518354415893555",
        "cumulative": false
    },
    {
        "date": "2020-12-08T11:34:58.161Z",
        "value": "0.15972256660461426",
        "cumulative": false
    }
]