[
    {
        "date": "2020-12-08T11:34:22.003Z",
        "value": "0.13169121742248535",
        "cumulative": false
    },
    {
        "date": "2020-12-08T11:34:24.121Z",
        "value": "0.1268024444580078",
        "cumulative": false
    },
    {
        "date": "2020-12-08T11:34:26.226Z",
        "value": "0.12779951095581055",
        "cumulative": false
    },
    {
        "date": "2020-12-08T11:34:28.382Z",
        "value": "0.1393442153930664",
        "cumulative": false
    },
    {
        "date": "2020-12-08T11:34:30.528Z",
        "value": "0.13761663436889648",
        "cumulative": false
    },
    {
        "date": "2020-12-08T11:34:32.632Z",
        "value": "0.14249730110168457",
        "cumulative": false
    },
    {
        "date": "2020-12-08T11:34:34.768Z",
        "value": "0.13848400115966797",
        "cumulative": false
    },
    {
        "date": "2020-12-08T11:34:36.921Z",
        "value": "0.14713311195373535",
        "cumulative": false
    },
    {
        "date": "2020-12-08T11:34:39.011Z",
        "value": "0.1333906650543213",
        "cumulative": false
    },
    {
        "date": "2020-12-08T11:34:41.173Z",
        "value": "0.14356398582458496",
        "cumulative": false
    },
    {
        "date": "2020-12-08T11:34:43.369Z",
        "value": "0.14396023750305176",
        "cumulative": false
    },
    {
        "date": "2020-12-08T11:34:45.425Z",
        "value": "0.16416358947753906",
        "cumulative": false
    },
    {
        "date": "2020-12-08T11:34:47.518Z",
        "value": "0.15408873558044434",
        "cumulative": false
    },
    {
        "date": "2020-12-08T11:34:49.656Z",
        "value": "0.15650081634521484",
        "cumulative": false
    },
    {
        "date": "2020-12-08T11:34:51.716Z",
        "value": "0.13383102416992188",
        "cumulative": false
    },
    {
        "date": "2020-12-08T11:34:53.780Z",
        "value": "0.14963746070861816",
        "cumulative": false
    },
    {
        "date": "2020-12-08T11:34:56.065Z",
        "value": "0.12906122207641602",
        "cumulative": false
    },
    {
        "date": "2020-12-08T11:34:58.166Z",
        "value": "0.14017105102539062",
        "cumulative": false
    }
]