[
    {
        "date": "2020-12-08T11:34:20.606Z",
        "value": "5.46875",
        "cumulative": false
    },
    {
        "date": "2020-12-08T11:34:22.663Z",
        "value": "30.46875",
        "cumulative": false
    },
    {
        "date": "2020-12-08T11:34:24.808Z",
        "value": "39.84375",
        "cumulative": false
    },
    {
        "date": "2020-12-08T11:34:26.908Z",
        "value": "47.65625",
        "cumulative": false
    },
    {
        "date": "2020-12-08T11:34:29.038Z",
        "value": "57.8125",
        "cumulative": false
    },
    {
        "date": "2020-12-08T11:34:31.236Z",
        "value": "64.0625",
        "cumulative": false
    },
    {
        "date": "2020-12-08T11:34:33.376Z",
        "value": "72.65625",
        "cumulative": false
    },
    {
        "date": "2020-12-08T11:34:35.476Z",
        "value": "73.4375",
        "cumulative": false
    },
    {
        "date": "2020-12-08T11:34:37.587Z",
        "value": "76.5625",
        "cumulative": false
    },
    {
        "date": "2020-12-08T11:34:39.706Z",
        "value": "76.5625",
        "cumulative": false
    },
    {
        "date": "2020-12-08T11:34:41.888Z",
        "value": "73.4375",
        "cumulative": false
    },
    {
        "date": "2020-12-08T11:34:44.039Z",
        "value": "79.6875",
        "cumulative": false
    },
    {
        "date": "2020-12-08T11:34:46.138Z",
        "value": "77.34375",
        "cumulative": false
    },
    {
        "date": "2020-12-08T11:34:48.180Z",
        "value": "80.46875",
        "cumulative": false
    },
    {
        "date": "2020-12-08T11:34:50.336Z",
        "value": "79.6875",
        "cumulative": false
    },
    {
        "date": "2020-12-08T11:34:52.370Z",
        "value": "82.03125",
        "cumulative": false
    },
    {
        "date": "2020-12-08T11:34:54.472Z",
        "value": "78.125",
        "cumulative": false
    },
    {
        "date": "2020-12-08T11:34:56.790Z",
        "value": "85.9375",
        "cumulative": false
    }
]