[
    {
        "date": "2020-12-08T11:34:21.985Z",
        "value": "3.892697811126709",
        "cumulative": false
    },
    {
        "date": "2020-12-08T11:34:24.106Z",
        "value": "1.546874761581421",
        "cumulative": false
    },
    {
        "date": "2020-12-08T11:34:26.218Z",
        "value": "1.5427906513214111",
        "cumulative": false
    },
    {
        "date": "2020-12-08T11:34:28.380Z",
        "value": "1.5691039562225342",
        "cumulative": false
    },
    {
        "date": "2020-12-08T11:34:30.518Z",
        "value": "1.5732100009918213",
        "cumulative": false
    },
    {
        "date": "2020-12-08T11:34:32.621Z",
        "value": "1.5396299362182617",
        "cumulative": false
    },
    {
        "date": "2020-12-08T11:34:34.757Z",
        "value": "1.547027826309204",
        "cumulative": false
    },
    {
        "date": "2020-12-08T11:34:36.921Z",
        "value": "1.547137975692749",
        "cumulative": false
    },
    {
        "date": "2020-12-08T11:34:39.004Z",
        "value": "1.5260825157165527",
        "cumulative": false
    },
    {
        "date": "2020-12-08T11:34:41.159Z",
        "value": "1.5880086421966553",
        "cumulative": false
    },
    {
        "date": "2020-12-08T11:34:43.357Z",
        "value": "1.5731360912322998",
        "cumulative": false
    },
    {
        "date": "2020-12-08T11:34:45.402Z",
        "value": "1.4650871753692627",
        "cumulative": false
    },
    {
        "date": "2020-12-08T11:34:47.506Z",
        "value": "1.5052299499511719",
        "cumulative": false
    },
    {
        "date": "2020-12-08T11:34:49.645Z",
        "value": "1.5491762161254883",
        "cumulative": false
    },
    {
        "date": "2020-12-08T11:34:51.723Z",
        "value": "1.500654697418213",
        "cumulative": false
    },
    {
        "date": "2020-12-08T11:34:53.768Z",
        "value": "1.5000884532928467",
        "cumulative": false
    },
    {
        "date": "2020-12-08T11:34:56.062Z",
        "value": "1.7291569709777832",
        "cumulative": false
    },
    {
        "date": "2020-12-08T11:34:58.157Z",
        "value": "1.4712660312652588",
        "cumulative": false
    }
]