[
    {
        "date": "2020-12-08T11:34:20.608Z",
        "value": "14.84375",
        "cumulative": false
    },
    {
        "date": "2020-12-08T11:34:22.669Z",
        "value": "23.4375",
        "cumulative": false
    },
    {
        "date": "2020-12-08T11:34:24.811Z",
        "value": "38.28125",
        "cumulative": false
    },
    {
        "date": "2020-12-08T11:34:26.921Z",
        "value": "53.90625",
        "cumulative": false
    },
    {
        "date": "2020-12-08T11:34:29.038Z",
        "value": "63.28125",
        "cumulative": false
    },
    {
        "date": "2020-12-08T11:34:31.241Z",
        "value": "59.375",
        "cumulative": false
    },
    {
        "date": "2020-12-08T11:34:33.371Z",
        "value": "69.53125",
        "cumulative": false
    },
    {
        "date": "2020-12-08T11:34:35.488Z",
        "value": "67.96875",
        "cumulative": false
    },
    {
        "date": "2020-12-08T11:34:37.592Z",
        "value": "69.53125",
        "cumulative": false
    },
    {
        "date": "2020-12-08T11:34:39.711Z",
        "value": "67.96875",
        "cumulative": false
    },
    {
        "date": "2020-12-08T11:34:41.891Z",
        "value": "74.21875",
        "cumulative": false
    },
    {
        "date": "2020-12-08T11:34:44.049Z",
        "value": "81.25",
        "cumulative": false
    },
    {
        "date": "2020-12-08T11:34:46.143Z",
        "value": "82.03125",
        "cumulative": false
    },
    {
        "date": "2020-12-08T11:34:48.184Z",
        "value": "74.21875",
        "cumulative": false
    },
    {
        "date": "2020-12-08T11:34:50.345Z",
        "value": "81.25",
        "cumulative": false
    },
    {
        "date": "2020-12-08T11:34:52.373Z",
        "value": "78.90625",
        "cumulative": false
    },
    {
        "date": "2020-12-08T11:34:54.471Z",
        "value": "77.34375",
        "cumulative": false
    },
    {
        "date": "2020-12-08T11:34:56.788Z",
        "value": "85.9375",
        "cumulative": false
    }
]