[
    {
        "date": "2020-12-08T11:34:21.992Z",
        "value": "2.4810807704925537",
        "cumulative": false
    },
    {
        "date": "2020-12-08T11:34:24.109Z",
        "value": "0.1921076774597168",
        "cumulative": false
    },
    {
        "date": "2020-12-08T11:34:26.228Z",
        "value": "0.19750070571899414",
        "cumulative": false
    },
    {
        "date": "2020-12-08T11:34:28.389Z",
        "value": "0.1941232681274414",
        "cumulative": false
    },
    {
        "date": "2020-12-08T11:34:30.523Z",
        "value": "0.19447851181030273",
        "cumulative": false
    },
    {
        "date": "2020-12-08T11:34:32.626Z",
        "value": "0.18011975288391113",
        "cumulative": false
    },
    {
        "date": "2020-12-08T11:34:34.763Z",
        "value": "0.19467854499816895",
        "cumulative": false
    },
    {
        "date": "2020-12-08T11:34:36.915Z",
        "value": "0.20347070693969727",
        "cumulative": false
    },
    {
        "date": "2020-12-08T11:34:39.008Z",
        "value": "0.18944978713989258",
        "cumulative": false
    },
    {
        "date": "2020-12-08T11:34:41.163Z",
        "value": "0.19065046310424805",
        "cumulative": false
    },
    {
        "date": "2020-12-08T11:34:43.360Z",
        "value": "0.1706085205078125",
        "cumulative": false
    },
    {
        "date": "2020-12-08T11:34:45.409Z",
        "value": "0.19532489776611328",
        "cumulative": false
    },
    {
        "date": "2020-12-08T11:34:47.511Z",
        "value": "0.20746397972106934",
        "cumulative": false
    },
    {
        "date": "2020-12-08T11:34:49.644Z",
        "value": "0.19066143035888672",
        "cumulative": false
    },
    {
        "date": "2020-12-08T11:34:51.722Z",
        "value": "0.2055678367614746",
        "cumulative": false
    },
    {
        "date": "2020-12-08T11:34:53.779Z",
        "value": "0.2038404941558838",
        "cumulative": false
    },
    {
        "date": "2020-12-08T11:34:56.062Z",
        "value": "0.19362711906433105",
        "cumulative": false
    },
    {
        "date": "2020-12-08T11:34:58.158Z",
        "value": "0.20119214057922363",
        "cumulative": false
    }
]