[
    {
        "date": "2020-12-08T11:34:21.998Z",
        "value": "7.462501525878906e-05",
        "cumulative": false
    },
    {
        "date": "2020-12-08T11:34:24.105Z",
        "value": "7.343292236328125e-05",
        "cumulative": false
    },
    {
        "date": "2020-12-08T11:34:26.227Z",
        "value": "7.510185241699219e-05",
        "cumulative": false
    },
    {
        "date": "2020-12-08T11:34:28.389Z",
        "value": "8.96453857421875e-05",
        "cumulative": false
    },
    {
        "date": "2020-12-08T11:34:30.528Z",
        "value": "7.319450378417969e-05",
        "cumulative": false
    },
    {
        "date": "2020-12-08T11:34:32.630Z",
        "value": "7.176399230957031e-05",
        "cumulative": false
    },
    {
        "date": "2020-12-08T11:34:34.762Z",
        "value": "8.440017700195312e-05",
        "cumulative": false
    },
    {
        "date": "2020-12-08T11:34:36.924Z",
        "value": "8.082389831542969e-05",
        "cumulative": false
    },
    {
        "date": "2020-12-08T11:34:39.008Z",
        "value": "7.534027099609375e-05",
        "cumulative": false
    },
    {
        "date": "2020-12-08T11:34:41.165Z",
        "value": "7.724761962890625e-05",
        "cumulative": false
    },
    {
        "date": "2020-12-08T11:34:43.361Z",
        "value": "9.822845458984375e-05",
        "cumulative": false
    },
    {
        "date": "2020-12-08T11:34:45.410Z",
        "value": "6.961822509765625e-05",
        "cumulative": false
    },
    {
        "date": "2020-12-08T11:34:47.514Z",
        "value": "7.081031799316406e-05",
        "cumulative": false
    },
    {
        "date": "2020-12-08T11:34:49.641Z",
        "value": "8.273124694824219e-05",
        "cumulative": false
    },
    {
        "date": "2020-12-08T11:34:51.717Z",
        "value": "7.414817810058594e-05",
        "cumulative": false
    },
    {
        "date": "2020-12-08T11:34:53.769Z",
        "value": "7.390975952148438e-05",
        "cumulative": false
    },
    {
        "date": "2020-12-08T11:34:56.063Z",
        "value": "0.00011610984802246094",
        "cumulative": false
    },
    {
        "date": "2020-12-08T11:34:58.156Z",
        "value": "7.343292236328125e-05",
        "cumulative": false
    }
]