[
    {
        "date": "2020-12-08T11:34:20.611Z",
        "value": "12.5",
        "cumulative": false
    },
    {
        "date": "2020-12-08T11:34:22.671Z",
        "value": "25.78125",
        "cumulative": false
    },
    {
        "date": "2020-12-08T11:34:24.822Z",
        "value": "39.0625",
        "cumulative": false
    },
    {
        "date": "2020-12-08T11:34:26.914Z",
        "value": "43.75",
        "cumulative": false
    },
    {
        "date": "2020-12-08T11:34:29.044Z",
        "value": "50.78125",
        "cumulative": false
    },
    {
        "date": "2020-12-08T11:34:31.238Z",
        "value": "56.25",
        "cumulative": false
    },
    {
        "date": "2020-12-08T11:34:33.381Z",
        "value": "62.5",
        "cumulative": false
    },
    {
        "date": "2020-12-08T11:34:35.482Z",
        "value": "70.3125",
        "cumulative": false
    },
    {
        "date": "2020-12-08T11:34:37.595Z",
        "value": "66.40625",
        "cumulative": false
    },
    {
        "date": "2020-12-08T11:34:39.712Z",
        "value": "70.3125",
        "cumulative": false
    },
    {
        "date": "2020-12-08T11:34:41.900Z",
        "value": "70.3125",
        "cumulative": false
    },
    {
        "date": "2020-12-08T11:34:44.051Z",
        "value": "74.21875",
        "cumulative": false
    },
    {
        "date": "2020-12-08T11:34:46.145Z",
        "value": "77.34375",
        "cumulative": false
    },
    {
        "date": "2020-12-08T11:34:48.185Z",
        "value": "78.90625",
        "cumulative": false
    },
    {
        "date": "2020-12-08T11:34:50.348Z",
        "value": "83.59375",
        "cumulative": false
    },
    {
        "date": "2020-12-08T11:34:52.370Z",
        "value": "81.25",
        "cumulative": false
    },
    {
        "date": "2020-12-08T11:34:54.472Z",
        "value": "82.8125",
        "cumulative": false
    },
    {
        "date": "2020-12-08T11:34:56.792Z",
        "value": "82.03125",
        "cumulative": false
    }
]