[
    {
        "date": "2020-12-08T11:34:20.606Z",
        "value": "7.03125",
        "cumulative": false
    },
    {
        "date": "2020-12-08T11:34:22.669Z",
        "value": "21.875",
        "cumulative": false
    },
    {
        "date": "2020-12-08T11:34:24.812Z",
        "value": "42.96875",
        "cumulative": false
    },
    {
        "date": "2020-12-08T11:34:26.910Z",
        "value": "54.6875",
        "cumulative": false
    },
    {
        "date": "2020-12-08T11:34:29.034Z",
        "value": "50.78125",
        "cumulative": false
    },
    {
        "date": "2020-12-08T11:34:31.237Z",
        "value": "55.46875",
        "cumulative": false
    },
    {
        "date": "2020-12-08T11:34:33.373Z",
        "value": "65.625",
        "cumulative": false
    },
    {
        "date": "2020-12-08T11:34:35.475Z",
        "value": "67.1875",
        "cumulative": false
    },
    {
        "date": "2020-12-08T11:34:37.585Z",
        "value": "71.875",
        "cumulative": false
    },
    {
        "date": "2020-12-08T11:34:39.707Z",
        "value": "74.21875",
        "cumulative": false
    },
    {
        "date": "2020-12-08T11:34:41.893Z",
        "value": "78.125",
        "cumulative": false
    },
    {
        "date": "2020-12-08T11:34:44.041Z",
        "value": "76.5625",
        "cumulative": false
    },
    {
        "date": "2020-12-08T11:34:46.139Z",
        "value": "80.46875",
        "cumulative": false
    },
    {
        "date": "2020-12-08T11:34:48.175Z",
        "value": "81.25",
        "cumulative": false
    },
    {
        "date": "2020-12-08T11:34:50.333Z",
        "value": "83.59375",
        "cumulative": false
    },
    {
        "date": "2020-12-08T11:34:52.369Z",
        "value": "78.125",
        "cumulative": false
    },
    {
        "date": "2020-12-08T11:34:54.466Z",
        "value": "89.0625",
        "cumulative": false
    },
    {
        "date": "2020-12-08T11:34:56.788Z",
        "value": "82.03125",
        "cumulative": false
    }
]