[
    {
        "date": "2020-12-08T11:34:21.989Z",
        "value": "3.879423141479492",
        "cumulative": false
    },
    {
        "date": "2020-12-08T11:34:24.103Z",
        "value": "1.5238804817199707",
        "cumulative": false
    },
    {
        "date": "2020-12-08T11:34:26.223Z",
        "value": "1.5245170593261719",
        "cumulative": false
    },
    {
        "date": "2020-12-08T11:34:28.381Z",
        "value": "1.5570900440216064",
        "cumulative": false
    },
    {
        "date": "2020-12-08T11:34:30.522Z",
        "value": "1.5480709075927734",
        "cumulative": false
    },
    {
        "date": "2020-12-08T11:34:32.624Z",
        "value": "1.536911964416504",
        "cumulative": false
    },
    {
        "date": "2020-12-08T11:34:34.772Z",
        "value": "1.5339348316192627",
        "cumulative": false
    },
    {
        "date": "2020-12-08T11:34:36.916Z",
        "value": "1.5275444984436035",
        "cumulative": false
    },
    {
        "date": "2020-12-08T11:34:39.007Z",
        "value": "1.513667345046997",
        "cumulative": false
    },
    {
        "date": "2020-12-08T11:34:41.163Z",
        "value": "1.5693376064300537",
        "cumulative": false
    },
    {
        "date": "2020-12-08T11:34:43.364Z",
        "value": "1.5717604160308838",
        "cumulative": false
    },
    {
        "date": "2020-12-08T11:34:45.411Z",
        "value": "1.4691944122314453",
        "cumulative": false
    },
    {
        "date": "2020-12-08T11:34:47.514Z",
        "value": "1.5006663799285889",
        "cumulative": false
    },
    {
        "date": "2020-12-08T11:34:49.641Z",
        "value": "1.5625929832458496",
        "cumulative": false
    },
    {
        "date": "2020-12-08T11:34:51.720Z",
        "value": "1.4952061176300049",
        "cumulative": false
    },
    {
        "date": "2020-12-08T11:34:53.772Z",
        "value": "1.4861540794372559",
        "cumulative": false
    },
    {
        "date": "2020-12-08T11:34:56.068Z",
        "value": "1.6994729042053223",
        "cumulative": false
    },
    {
        "date": "2020-12-08T11:34:58.161Z",
        "value": "1.4624700546264648",
        "cumulative": false
    }
]