[
    {
        "date": "2020-12-08T11:34:20.616Z",
        "value": "50.0",
        "cumulative": false
    },
    {
        "date": "2020-12-08T11:34:22.666Z",
        "value": "79.6875",
        "cumulative": false
    },
    {
        "date": "2020-12-08T11:34:24.812Z",
        "value": "84.375",
        "cumulative": false
    },
    {
        "date": "2020-12-08T11:34:26.911Z",
        "value": "92.1875",
        "cumulative": false
    },
    {
        "date": "2020-12-08T11:34:29.041Z",
        "value": "95.3125",
        "cumulative": false
    },
    {
        "date": "2020-12-08T11:34:31.243Z",
        "value": "94.53125",
        "cumulative": false
    },
    {
        "date": "2020-12-08T11:34:33.376Z",
        "value": "93.75",
        "cumulative": false
    },
    {
        "date": "2020-12-08T11:34:35.477Z",
        "value": "96.09375",
        "cumulative": false
    },
    {
        "date": "2020-12-08T11:34:37.593Z",
        "value": "100.0",
        "cumulative": false
    },
    {
        "date": "2020-12-08T11:34:39.708Z",
        "value": "97.65625",
        "cumulative": false
    },
    {
        "date": "2020-12-08T11:34:41.905Z",
        "value": "100.0",
        "cumulative": false
    },
    {
        "date": "2020-12-08T11:34:44.048Z",
        "value": "100.0",
        "cumulative": false
    },
    {
        "date": "2020-12-08T11:34:46.142Z",
        "value": "98.4375",
        "cumulative": false
    },
    {
        "date": "2020-12-08T11:34:48.192Z",
        "value": "100.0",
        "cumulative": false
    },
    {
        "date": "2020-12-08T11:34:50.338Z",
        "value": "99.21875",
        "cumulative": false
    },
    {
        "date": "2020-12-08T11:34:52.367Z",
        "value": "100.0",
        "cumulative": false
    },
    {
        "date": "2020-12-08T11:34:54.470Z",
        "value": "100.0",
        "cumulative": false
    },
    {
        "date": "2020-12-08T11:34:56.794Z",
        "value": "100.0",
        "cumulative": false
    }
]