[
    {
        "date": "2020-12-08T11:34:21.991Z",
        "value": "0.13580822944641113",
        "cumulative": false
    },
    {
        "date": "2020-12-08T11:34:24.100Z",
        "value": "0.13040900230407715",
        "cumulative": false
    },
    {
        "date": "2020-12-08T11:34:26.217Z",
        "value": "0.13741564750671387",
        "cumulative": false
    },
    {
        "date": "2020-12-08T11:34:28.378Z",
        "value": "0.13344407081604004",
        "cumulative": false
    },
    {
        "date": "2020-12-08T11:34:30.520Z",
        "value": "0.13829898834228516",
        "cumulative": false
    },
    {
        "date": "2020-12-08T11:34:32.628Z",
        "value": "0.1339254379272461",
        "cumulative": false
    },
    {
        "date": "2020-12-08T11:34:34.764Z",
        "value": "0.13739991188049316",
        "cumulative": false
    },
    {
        "date": "2020-12-08T11:34:36.910Z",
        "value": "0.13601160049438477",
        "cumulative": false
    },
    {
        "date": "2020-12-08T11:34:39.010Z",
        "value": "0.13649916648864746",
        "cumulative": false
    },
    {
        "date": "2020-12-08T11:34:41.167Z",
        "value": "0.1284947395324707",
        "cumulative": false
    },
    {
        "date": "2020-12-08T11:34:43.355Z",
        "value": "0.13503742218017578",
        "cumulative": false
    },
    {
        "date": "2020-12-08T11:34:45.408Z",
        "value": "0.13203978538513184",
        "cumulative": false
    },
    {
        "date": "2020-12-08T11:34:47.506Z",
        "value": "0.12688755989074707",
        "cumulative": false
    },
    {
        "date": "2020-12-08T11:34:49.636Z",
        "value": "0.12773585319519043",
        "cumulative": false
    },
    {
        "date": "2020-12-08T11:34:51.717Z",
        "value": "0.12166023254394531",
        "cumulative": false
    },
    {
        "date": "2020-12-08T11:34:53.764Z",
        "value": "0.1179494857788086",
        "cumulative": false
    },
    {
        "date": "2020-12-08T11:34:56.070Z",
        "value": "0.13307881355285645",
        "cumulative": false
    },
    {
        "date": "2020-12-08T11:34:58.156Z",
        "value": "0.14110398292541504",
        "cumulative": false
    }
]