[
    {
        "date": "2020-12-08T11:34:21.995Z",
        "value": "0.06238889694213867",
        "cumulative": false
    },
    {
        "date": "2020-12-08T11:34:24.103Z",
        "value": "0.06614542007446289",
        "cumulative": false
    },
    {
        "date": "2020-12-08T11:34:26.218Z",
        "value": "0.06228494644165039",
        "cumulative": false
    },
    {
        "date": "2020-12-08T11:34:28.385Z",
        "value": "0.0602421760559082",
        "cumulative": false
    },
    {
        "date": "2020-12-08T11:34:30.521Z",
        "value": "0.0665900707244873",
        "cumulative": false
    },
    {
        "date": "2020-12-08T11:34:32.626Z",
        "value": "0.050820350646972656",
        "cumulative": false
    },
    {
        "date": "2020-12-08T11:34:34.761Z",
        "value": "0.0645606517791748",
        "cumulative": false
    },
    {
        "date": "2020-12-08T11:34:36.923Z",
        "value": "0.0588984489440918",
        "cumulative": false
    },
    {
        "date": "2020-12-08T11:34:39.013Z",
        "value": "0.053540945053100586",
        "cumulative": false
    },
    {
        "date": "2020-12-08T11:34:41.171Z",
        "value": "0.056406259536743164",
        "cumulative": false
    },
    {
        "date": "2020-12-08T11:34:43.363Z",
        "value": "0.05997180938720703",
        "cumulative": false
    },
    {
        "date": "2020-12-08T11:34:45.411Z",
        "value": "0.062253713607788086",
        "cumulative": false
    },
    {
        "date": "2020-12-08T11:34:47.504Z",
        "value": "0.05529069900512695",
        "cumulative": false
    },
    {
        "date": "2020-12-08T11:34:49.651Z",
        "value": "0.07166886329650879",
        "cumulative": false
    },
    {
        "date": "2020-12-08T11:34:51.713Z",
        "value": "0.05684089660644531",
        "cumulative": false
    },
    {
        "date": "2020-12-08T11:34:53.779Z",
        "value": "0.051866769790649414",
        "cumulative": false
    },
    {
        "date": "2020-12-08T11:34:56.059Z",
        "value": "0.055267333984375",
        "cumulative": false
    },
    {
        "date": "2020-12-08T11:34:58.154Z",
        "value": "0.054618120193481445",
        "cumulative": false
    }
]