[
    {
        "date": "2020-12-08T11:34:22.003Z",
        "value": "0.12327075004577637",
        "cumulative": false
    },
    {
        "date": "2020-12-08T11:34:24.115Z",
        "value": "0.14008402824401855",
        "cumulative": false
    },
    {
        "date": "2020-12-08T11:34:26.227Z",
        "value": "0.13253450393676758",
        "cumulative": false
    },
    {
        "date": "2020-12-08T11:34:28.399Z",
        "value": "0.13531088829040527",
        "cumulative": false
    },
    {
        "date": "2020-12-08T11:34:30.527Z",
        "value": "0.12727642059326172",
        "cumulative": false
    },
    {
        "date": "2020-12-08T11:34:32.643Z",
        "value": "0.1445016860961914",
        "cumulative": false
    },
    {
        "date": "2020-12-08T11:34:34.766Z",
        "value": "0.13748741149902344",
        "cumulative": false
    },
    {
        "date": "2020-12-08T11:34:36.923Z",
        "value": "0.16976523399353027",
        "cumulative": false
    },
    {
        "date": "2020-12-08T11:34:39.014Z",
        "value": "0.13909244537353516",
        "cumulative": false
    },
    {
        "date": "2020-12-08T11:34:41.169Z",
        "value": "0.1491222381591797",
        "cumulative": false
    },
    {
        "date": "2020-12-08T11:34:43.372Z",
        "value": "0.14195609092712402",
        "cumulative": false
    },
    {
        "date": "2020-12-08T11:34:45.419Z",
        "value": "0.1452500820159912",
        "cumulative": false
    },
    {
        "date": "2020-12-08T11:34:47.515Z",
        "value": "0.13936114311218262",
        "cumulative": false
    },
    {
        "date": "2020-12-08T11:34:49.652Z",
        "value": "0.13485360145568848",
        "cumulative": false
    },
    {
        "date": "2020-12-08T11:34:51.733Z",
        "value": "0.1495211124420166",
        "cumulative": false
    },
    {
        "date": "2020-12-08T11:34:53.776Z",
        "value": "0.1391003131866455",
        "cumulative": false
    },
    {
        "date": "2020-12-08T11:34:56.071Z",
        "value": "0.1404101848602295",
        "cumulative": false
    },
    {
        "date": "2020-12-08T11:34:58.168Z",
        "value": "0.13496088981628418",
        "cumulative": false
    }
]