[
    {
        "date": "2020-12-08T11:34:22.005Z",
        "value": "2.380681037902832",
        "cumulative": false
    },
    {
        "date": "2020-12-08T11:34:24.118Z",
        "value": "0.18291044235229492",
        "cumulative": false
    },
    {
        "date": "2020-12-08T11:34:26.242Z",
        "value": "0.18322467803955078",
        "cumulative": false
    },
    {
        "date": "2020-12-08T11:34:28.389Z",
        "value": "0.15877842903137207",
        "cumulative": false
    },
    {
        "date": "2020-12-08T11:34:30.538Z",
        "value": "0.19686412811279297",
        "cumulative": false
    },
    {
        "date": "2020-12-08T11:34:32.633Z",
        "value": "0.190781831741333",
        "cumulative": false
    },
    {
        "date": "2020-12-08T11:34:34.778Z",
        "value": "0.17036890983581543",
        "cumulative": false
    },
    {
        "date": "2020-12-08T11:34:36.931Z",
        "value": "0.19369268417358398",
        "cumulative": false
    },
    {
        "date": "2020-12-08T11:34:39.016Z",
        "value": "0.18297505378723145",
        "cumulative": false
    },
    {
        "date": "2020-12-08T11:34:41.170Z",
        "value": "0.19033432006835938",
        "cumulative": false
    },
    {
        "date": "2020-12-08T11:34:43.368Z",
        "value": "0.1644299030303955",
        "cumulative": false
    },
    {
        "date": "2020-12-08T11:34:45.421Z",
        "value": "0.1792750358581543",
        "cumulative": false
    },
    {
        "date": "2020-12-08T11:34:47.513Z",
        "value": "0.16889071464538574",
        "cumulative": false
    },
    {
        "date": "2020-12-08T11:34:49.649Z",
        "value": "0.19159173965454102",
        "cumulative": false
    },
    {
        "date": "2020-12-08T11:34:51.728Z",
        "value": "0.1758120059967041",
        "cumulative": false
    },
    {
        "date": "2020-12-08T11:34:53.780Z",
        "value": "0.1871647834777832",
        "cumulative": false
    },
    {
        "date": "2020-12-08T11:34:56.069Z",
        "value": "0.1785564422607422",
        "cumulative": false
    },
    {
        "date": "2020-12-08T11:34:58.170Z",
        "value": "0.18538165092468262",
        "cumulative": false
    }
]