[
    {
        "date": "2020-12-08T11:34:21.987Z",
        "value": "3.8732776641845703",
        "cumulative": false
    },
    {
        "date": "2020-12-08T11:34:24.100Z",
        "value": "1.5465972423553467",
        "cumulative": false
    },
    {
        "date": "2020-12-08T11:34:26.217Z",
        "value": "1.5331707000732422",
        "cumulative": false
    },
    {
        "date": "2020-12-08T11:34:28.378Z",
        "value": "1.5462713241577148",
        "cumulative": false
    },
    {
        "date": "2020-12-08T11:34:30.520Z",
        "value": "1.5656087398529053",
        "cumulative": false
    },
    {
        "date": "2020-12-08T11:34:32.628Z",
        "value": "1.5379514694213867",
        "cumulative": false
    },
    {
        "date": "2020-12-08T11:34:34.764Z",
        "value": "1.5352811813354492",
        "cumulative": false
    },
    {
        "date": "2020-12-08T11:34:36.910Z",
        "value": "1.515822410583496",
        "cumulative": false
    },
    {
        "date": "2020-12-08T11:34:39.010Z",
        "value": "1.5249745845794678",
        "cumulative": false
    },
    {
        "date": "2020-12-08T11:34:41.167Z",
        "value": "1.579819679260254",
        "cumulative": false
    },
    {
        "date": "2020-12-08T11:34:43.355Z",
        "value": "1.5703694820404053",
        "cumulative": false
    },
    {
        "date": "2020-12-08T11:34:45.408Z",
        "value": "1.4689204692840576",
        "cumulative": false
    },
    {
        "date": "2020-12-08T11:34:47.506Z",
        "value": "1.4950628280639648",
        "cumulative": false
    },
    {
        "date": "2020-12-08T11:34:49.636Z",
        "value": "1.546069622039795",
        "cumulative": false
    },
    {
        "date": "2020-12-08T11:34:51.717Z",
        "value": "1.5027258396148682",
        "cumulative": false
    },
    {
        "date": "2020-12-08T11:34:53.764Z",
        "value": "1.4811465740203857",
        "cumulative": false
    },
    {
        "date": "2020-12-08T11:34:56.070Z",
        "value": "1.7243001461029053",
        "cumulative": false
    },
    {
        "date": "2020-12-08T11:34:58.156Z",
        "value": "1.4545249938964844",
        "cumulative": false
    }
]