[
    {
        "date": "2020-12-08T11:34:21.991Z",
        "value": "0.16894197463989258",
        "cumulative": false
    },
    {
        "date": "2020-12-08T11:34:24.100Z",
        "value": "0.14866185188293457",
        "cumulative": false
    },
    {
        "date": "2020-12-08T11:34:26.217Z",
        "value": "0.1493690013885498",
        "cumulative": false
    },
    {
        "date": "2020-12-08T11:34:28.378Z",
        "value": "0.15080642700195312",
        "cumulative": false
    },
    {
        "date": "2020-12-08T11:34:30.520Z",
        "value": "0.15145444869995117",
        "cumulative": false
    },
    {
        "date": "2020-12-08T11:34:32.628Z",
        "value": "0.15886187553405762",
        "cumulative": false
    },
    {
        "date": "2020-12-08T11:34:34.764Z",
        "value": "0.16135382652282715",
        "cumulative": false
    },
    {
        "date": "2020-12-08T11:34:36.910Z",
        "value": "0.1603696346282959",
        "cumulative": false
    },
    {
        "date": "2020-12-08T11:34:39.010Z",
        "value": "0.1735837459564209",
        "cumulative": false
    },
    {
        "date": "2020-12-08T11:34:41.167Z",
        "value": "0.14302825927734375",
        "cumulative": false
    },
    {
        "date": "2020-12-08T11:34:43.355Z",
        "value": "0.13720297813415527",
        "cumulative": false
    },
    {
        "date": "2020-12-08T11:34:45.408Z",
        "value": "0.15990066528320312",
        "cumulative": false
    },
    {
        "date": "2020-12-08T11:34:47.506Z",
        "value": "0.15546894073486328",
        "cumulative": false
    },
    {
        "date": "2020-12-08T11:34:49.636Z",
        "value": "0.13708758354187012",
        "cumulative": false
    },
    {
        "date": "2020-12-08T11:34:51.717Z",
        "value": "0.14473319053649902",
        "cumulative": false
    },
    {
        "date": "2020-12-08T11:34:53.764Z",
        "value": "0.1520090103149414",
        "cumulative": false
    },
    {
        "date": "2020-12-08T11:34:56.070Z",
        "value": "0.14464354515075684",
        "cumulative": false
    },
    {
        "date": "2020-12-08T11:34:58.156Z",
        "value": "0.14566469192504883",
        "cumulative": false
    }
]