[
    {
        "date": "2020-12-08T11:34:22.001Z",
        "value": "0.008556842803955078",
        "cumulative": false
    },
    {
        "date": "2020-12-08T11:34:24.121Z",
        "value": "0.01150822639465332",
        "cumulative": false
    },
    {
        "date": "2020-12-08T11:34:26.225Z",
        "value": "0.0076541900634765625",
        "cumulative": false
    },
    {
        "date": "2020-12-08T11:34:28.382Z",
        "value": "0.015975475311279297",
        "cumulative": false
    },
    {
        "date": "2020-12-08T11:34:30.528Z",
        "value": "0.008282899856567383",
        "cumulative": false
    },
    {
        "date": "2020-12-08T11:34:32.632Z",
        "value": "0.007448673248291016",
        "cumulative": false
    },
    {
        "date": "2020-12-08T11:34:34.768Z",
        "value": "0.008770227432250977",
        "cumulative": false
    },
    {
        "date": "2020-12-08T11:34:36.921Z",
        "value": "0.007926464080810547",
        "cumulative": false
    },
    {
        "date": "2020-12-08T11:34:39.011Z",
        "value": "0.007407426834106445",
        "cumulative": false
    },
    {
        "date": "2020-12-08T11:34:41.173Z",
        "value": "0.010154247283935547",
        "cumulative": false
    },
    {
        "date": "2020-12-08T11:34:43.369Z",
        "value": "0.00992274284362793",
        "cumulative": false
    },
    {
        "date": "2020-12-08T11:34:45.425Z",
        "value": "0.0074732303619384766",
        "cumulative": false
    },
    {
        "date": "2020-12-08T11:34:47.518Z",
        "value": "0.00771331787109375",
        "cumulative": false
    },
    {
        "date": "2020-12-08T11:34:49.656Z",
        "value": "0.011262178421020508",
        "cumulative": false
    },
    {
        "date": "2020-12-08T11:34:51.716Z",
        "value": "0.008968353271484375",
        "cumulative": false
    },
    {
        "date": "2020-12-08T11:34:53.780Z",
        "value": "0.007483959197998047",
        "cumulative": false
    },
    {
        "date": "2020-12-08T11:34:56.065Z",
        "value": "0.007573127746582031",
        "cumulative": false
    },
    {
        "date": "2020-12-08T11:34:58.165Z",
        "value": "0.00772547721862793",
        "cumulative": false
    }
]