[
    {
        "date": "2020-12-08T11:34:21.988Z",
        "value": "1.312452793121338",
        "cumulative": false
    },
    {
        "date": "2020-12-08T11:34:24.106Z",
        "value": "1.021928310394287",
        "cumulative": false
    },
    {
        "date": "2020-12-08T11:34:26.218Z",
        "value": "1.07673978805542",
        "cumulative": false
    },
    {
        "date": "2020-12-08T11:34:28.380Z",
        "value": "1.0601282119750977",
        "cumulative": false
    },
    {
        "date": "2020-12-08T11:34:30.518Z",
        "value": "1.0591683387756348",
        "cumulative": false
    },
    {
        "date": "2020-12-08T11:34:32.621Z",
        "value": "1.075134038925171",
        "cumulative": false
    },
    {
        "date": "2020-12-08T11:34:34.757Z",
        "value": "1.0379993915557861",
        "cumulative": false
    },
    {
        "date": "2020-12-08T11:34:36.922Z",
        "value": "1.0181446075439453",
        "cumulative": false
    },
    {
        "date": "2020-12-08T11:34:39.005Z",
        "value": "1.0588982105255127",
        "cumulative": false
    },
    {
        "date": "2020-12-08T11:34:41.159Z",
        "value": "1.0784821510314941",
        "cumulative": false
    },
    {
        "date": "2020-12-08T11:34:43.358Z",
        "value": "1.0396630764007568",
        "cumulative": false
    },
    {
        "date": "2020-12-08T11:34:45.402Z",
        "value": "0.9762289524078369",
        "cumulative": false
    },
    {
        "date": "2020-12-08T11:34:47.506Z",
        "value": "0.9734337329864502",
        "cumulative": false
    },
    {
        "date": "2020-12-08T11:34:49.645Z",
        "value": "0.9347536563873291",
        "cumulative": false
    },
    {
        "date": "2020-12-08T11:34:51.723Z",
        "value": "0.9869678020477295",
        "cumulative": false
    },
    {
        "date": "2020-12-08T11:34:53.768Z",
        "value": "0.9882645606994629",
        "cumulative": false
    },
    {
        "date": "2020-12-08T11:34:56.062Z",
        "value": "1.2034413814544678",
        "cumulative": false
    },
    {
        "date": "2020-12-08T11:34:58.157Z",
        "value": "0.9982204437255859",
        "cumulative": false
    }
]