[
    {
        "date": "2020-12-08T11:34:20.612Z",
        "value": "2.4456725120544434",
        "cumulative": false
    },
    {
        "date": "2020-12-08T11:34:22.676Z",
        "value": "2.0628135204315186",
        "cumulative": false
    },
    {
        "date": "2020-12-08T11:34:24.819Z",
        "value": "1.7015074491500854",
        "cumulative": false
    },
    {
        "date": "2020-12-08T11:34:26.914Z",
        "value": "1.3409894704818726",
        "cumulative": false
    },
    {
        "date": "2020-12-08T11:34:29.041Z",
        "value": "1.2648698091506958",
        "cumulative": false
    },
    {
        "date": "2020-12-08T11:34:31.248Z",
        "value": "1.0931934118270874",
        "cumulative": false
    },
    {
        "date": "2020-12-08T11:34:33.380Z",
        "value": "0.9633230566978455",
        "cumulative": false
    },
    {
        "date": "2020-12-08T11:34:35.490Z",
        "value": "0.8342756628990173",
        "cumulative": false
    },
    {
        "date": "2020-12-08T11:34:37.595Z",
        "value": "0.8477998375892639",
        "cumulative": false
    },
    {
        "date": "2020-12-08T11:34:39.705Z",
        "value": "0.8086097240447998",
        "cumulative": false
    },
    {
        "date": "2020-12-08T11:34:41.895Z",
        "value": "0.7188578248023987",
        "cumulative": false
    },
    {
        "date": "2020-12-08T11:34:44.047Z",
        "value": "0.5754366517066956",
        "cumulative": false
    },
    {
        "date": "2020-12-08T11:34:46.147Z",
        "value": "0.5784773826599121",
        "cumulative": false
    },
    {
        "date": "2020-12-08T11:34:48.192Z",
        "value": "0.5881393551826477",
        "cumulative": false
    },
    {
        "date": "2020-12-08T11:34:50.343Z",
        "value": "0.46516406536102295",
        "cumulative": false
    },
    {
        "date": "2020-12-08T11:34:52.379Z",
        "value": "0.6541435122489929",
        "cumulative": false
    },
    {
        "date": "2020-12-08T11:34:54.476Z",
        "value": "0.5637749433517456",
        "cumulative": false
    },
    {
        "date": "2020-12-08T11:34:56.806Z",
        "value": "0.5121129751205444",
        "cumulative": false
    }
]