[
    {
        "date": "2020-12-08T11:34:22.013Z",
        "value": "0.006140470504760742",
        "cumulative": false
    },
    {
        "date": "2020-12-08T11:34:24.138Z",
        "value": "0.0061528682708740234",
        "cumulative": false
    },
    {
        "date": "2020-12-08T11:34:26.253Z",
        "value": "0.006281852722167969",
        "cumulative": false
    },
    {
        "date": "2020-12-08T11:34:28.413Z",
        "value": "0.006307125091552734",
        "cumulative": false
    },
    {
        "date": "2020-12-08T11:34:30.549Z",
        "value": "0.006647825241088867",
        "cumulative": false
    },
    {
        "date": "2020-12-08T11:34:32.678Z",
        "value": "0.005686759948730469",
        "cumulative": false
    },
    {
        "date": "2020-12-08T11:34:34.795Z",
        "value": "0.0061016082763671875",
        "cumulative": false
    },
    {
        "date": "2020-12-08T11:34:36.942Z",
        "value": "0.0057904720306396484",
        "cumulative": false
    },
    {
        "date": "2020-12-08T11:34:39.040Z",
        "value": "0.007674455642700195",
        "cumulative": false
    },
    {
        "date": "2020-12-08T11:34:41.207Z",
        "value": "0.006096601486206055",
        "cumulative": false
    },
    {
        "date": "2020-12-08T11:34:43.393Z",
        "value": "0.0063724517822265625",
        "cumulative": false
    },
    {
        "date": "2020-12-08T11:34:45.442Z",
        "value": "0.006203651428222656",
        "cumulative": false
    },
    {
        "date": "2020-12-08T11:34:47.541Z",
        "value": "0.0059528350830078125",
        "cumulative": false
    },
    {
        "date": "2020-12-08T11:34:49.674Z",
        "value": "0.0065364837646484375",
        "cumulative": false
    },
    {
        "date": "2020-12-08T11:34:51.743Z",
        "value": "0.006009101867675781",
        "cumulative": false
    },
    {
        "date": "2020-12-08T11:34:53.804Z",
        "value": "0.005912065505981445",
        "cumulative": false
    },
    {
        "date": "2020-12-08T11:34:56.087Z",
        "value": "0.005864620208740234",
        "cumulative": false
    },
    {
        "date": "2020-12-08T11:34:58.190Z",
        "value": "0.006930351257324219",
        "cumulative": false
    }
]