[
    {
        "date": "2020-12-08T11:34:20.608Z",
        "value": "58.59375",
        "cumulative": false
    },
    {
        "date": "2020-12-08T11:34:22.669Z",
        "value": "82.8125",
        "cumulative": false
    },
    {
        "date": "2020-12-08T11:34:24.811Z",
        "value": "89.84375",
        "cumulative": false
    },
    {
        "date": "2020-12-08T11:34:26.921Z",
        "value": "93.75",
        "cumulative": false
    },
    {
        "date": "2020-12-08T11:34:29.038Z",
        "value": "96.09375",
        "cumulative": false
    },
    {
        "date": "2020-12-08T11:34:31.241Z",
        "value": "97.65625",
        "cumulative": false
    },
    {
        "date": "2020-12-08T11:34:33.371Z",
        "value": "97.65625",
        "cumulative": false
    },
    {
        "date": "2020-12-08T11:34:35.488Z",
        "value": "95.3125",
        "cumulative": false
    },
    {
        "date": "2020-12-08T11:34:37.592Z",
        "value": "99.21875",
        "cumulative": false
    },
    {
        "date": "2020-12-08T11:34:39.711Z",
        "value": "96.875",
        "cumulative": false
    },
    {
        "date": "2020-12-08T11:34:41.891Z",
        "value": "99.21875",
        "cumulative": false
    },
    {
        "date": "2020-12-08T11:34:44.049Z",
        "value": "100.0",
        "cumulative": false
    },
    {
        "date": "2020-12-08T11:34:46.143Z",
        "value": "100.0",
        "cumulative": false
    },
    {
        "date": "2020-12-08T11:34:48.184Z",
        "value": "100.0",
        "cumulative": false
    },
    {
        "date": "2020-12-08T11:34:50.345Z",
        "value": "99.21875",
        "cumulative": false
    },
    {
        "date": "2020-12-08T11:34:52.373Z",
        "value": "100.0",
        "cumulative": false
    },
    {
        "date": "2020-12-08T11:34:54.471Z",
        "value": "99.21875",
        "cumulative": false
    },
    {
        "date": "2020-12-08T11:34:56.788Z",
        "value": "99.21875",
        "cumulative": false
    }
]