[
    {
        "date": "2020-12-08T11:34:21.989Z",
        "value": "0.12268614768981934",
        "cumulative": false
    },
    {
        "date": "2020-12-08T11:34:24.103Z",
        "value": "0.12165069580078125",
        "cumulative": false
    },
    {
        "date": "2020-12-08T11:34:26.221Z",
        "value": "0.12279987335205078",
        "cumulative": false
    },
    {
        "date": "2020-12-08T11:34:28.382Z",
        "value": "0.12830781936645508",
        "cumulative": false
    },
    {
        "date": "2020-12-08T11:34:30.526Z",
        "value": "0.1245567798614502",
        "cumulative": false
    },
    {
        "date": "2020-12-08T11:34:32.621Z",
        "value": "0.12831974029541016",
        "cumulative": false
    },
    {
        "date": "2020-12-08T11:34:34.761Z",
        "value": "0.11613631248474121",
        "cumulative": false
    },
    {
        "date": "2020-12-08T11:34:36.919Z",
        "value": "0.12394142150878906",
        "cumulative": false
    },
    {
        "date": "2020-12-08T11:34:39.004Z",
        "value": "0.11523127555847168",
        "cumulative": false
    },
    {
        "date": "2020-12-08T11:34:41.158Z",
        "value": "0.12427163124084473",
        "cumulative": false
    },
    {
        "date": "2020-12-08T11:34:43.363Z",
        "value": "0.12350344657897949",
        "cumulative": false
    },
    {
        "date": "2020-12-08T11:34:45.406Z",
        "value": "0.14108991622924805",
        "cumulative": false
    },
    {
        "date": "2020-12-08T11:34:47.505Z",
        "value": "0.1292271614074707",
        "cumulative": false
    },
    {
        "date": "2020-12-08T11:34:49.651Z",
        "value": "0.1536414623260498",
        "cumulative": false
    },
    {
        "date": "2020-12-08T11:34:51.710Z",
        "value": "0.1271982192993164",
        "cumulative": false
    },
    {
        "date": "2020-12-08T11:34:53.764Z",
        "value": "0.12438821792602539",
        "cumulative": false
    },
    {
        "date": "2020-12-08T11:34:56.064Z",
        "value": "0.13119244575500488",
        "cumulative": false
    },
    {
        "date": "2020-12-08T11:34:58.159Z",
        "value": "0.13329744338989258",
        "cumulative": false
    }
]