[
    {
        "date": "2020-12-08T11:34:21.995Z",
        "value": "0.009129047393798828",
        "cumulative": false
    },
    {
        "date": "2020-12-08T11:34:24.108Z",
        "value": "0.008223772048950195",
        "cumulative": false
    },
    {
        "date": "2020-12-08T11:34:26.235Z",
        "value": "0.008516550064086914",
        "cumulative": false
    },
    {
        "date": "2020-12-08T11:34:28.384Z",
        "value": "0.008787155151367188",
        "cumulative": false
    },
    {
        "date": "2020-12-08T11:34:30.530Z",
        "value": "0.012921333312988281",
        "cumulative": false
    },
    {
        "date": "2020-12-08T11:34:32.628Z",
        "value": "0.008894205093383789",
        "cumulative": false
    },
    {
        "date": "2020-12-08T11:34:34.766Z",
        "value": "0.009796142578125",
        "cumulative": false
    },
    {
        "date": "2020-12-08T11:34:36.918Z",
        "value": "0.007317304611206055",
        "cumulative": false
    },
    {
        "date": "2020-12-08T11:34:39.017Z",
        "value": "0.00833749771118164",
        "cumulative": false
    },
    {
        "date": "2020-12-08T11:34:41.168Z",
        "value": "0.008211135864257812",
        "cumulative": false
    },
    {
        "date": "2020-12-08T11:34:43.371Z",
        "value": "0.012253522872924805",
        "cumulative": false
    },
    {
        "date": "2020-12-08T11:34:45.416Z",
        "value": "0.008248567581176758",
        "cumulative": false
    },
    {
        "date": "2020-12-08T11:34:47.515Z",
        "value": "0.0081939697265625",
        "cumulative": false
    },
    {
        "date": "2020-12-08T11:34:49.649Z",
        "value": "0.009024620056152344",
        "cumulative": false
    },
    {
        "date": "2020-12-08T11:34:51.734Z",
        "value": "0.008277416229248047",
        "cumulative": false
    },
    {
        "date": "2020-12-08T11:34:53.780Z",
        "value": "0.008217096328735352",
        "cumulative": false
    },
    {
        "date": "2020-12-08T11:34:56.065Z",
        "value": "0.008142948150634766",
        "cumulative": false
    },
    {
        "date": "2020-12-08T11:34:58.172Z",
        "value": "0.008360862731933594",
        "cumulative": false
    }
]