[
    {
        "date": "2020-12-08T11:34:21.989Z",
        "value": "0.05640697479248047",
        "cumulative": false
    },
    {
        "date": "2020-12-08T11:34:24.103Z",
        "value": "0.045977115631103516",
        "cumulative": false
    },
    {
        "date": "2020-12-08T11:34:26.221Z",
        "value": "0.0430142879486084",
        "cumulative": false
    },
    {
        "date": "2020-12-08T11:34:28.382Z",
        "value": "0.05104231834411621",
        "cumulative": false
    },
    {
        "date": "2020-12-08T11:34:30.526Z",
        "value": "0.05231595039367676",
        "cumulative": false
    },
    {
        "date": "2020-12-08T11:34:32.621Z",
        "value": "0.050673723220825195",
        "cumulative": false
    },
    {
        "date": "2020-12-08T11:34:34.761Z",
        "value": "0.04962635040283203",
        "cumulative": false
    },
    {
        "date": "2020-12-08T11:34:36.919Z",
        "value": "0.056853532791137695",
        "cumulative": false
    },
    {
        "date": "2020-12-08T11:34:39.004Z",
        "value": "0.05187702178955078",
        "cumulative": false
    },
    {
        "date": "2020-12-08T11:34:41.158Z",
        "value": "0.05414438247680664",
        "cumulative": false
    },
    {
        "date": "2020-12-08T11:34:43.363Z",
        "value": "0.04805302619934082",
        "cumulative": false
    },
    {
        "date": "2020-12-08T11:34:45.406Z",
        "value": "0.05366659164428711",
        "cumulative": false
    },
    {
        "date": "2020-12-08T11:34:47.505Z",
        "value": "0.0499577522277832",
        "cumulative": false
    },
    {
        "date": "2020-12-08T11:34:49.651Z",
        "value": "0.06783246994018555",
        "cumulative": false
    },
    {
        "date": "2020-12-08T11:34:51.710Z",
        "value": "0.048328399658203125",
        "cumulative": false
    },
    {
        "date": "2020-12-08T11:34:53.764Z",
        "value": "0.05219626426696777",
        "cumulative": false
    },
    {
        "date": "2020-12-08T11:34:56.064Z",
        "value": "0.05486106872558594",
        "cumulative": false
    },
    {
        "date": "2020-12-08T11:34:58.159Z",
        "value": "0.05596756935119629",
        "cumulative": false
    }
]