[
    {
        "date": "2020-12-08T11:34:22.001Z",
        "value": "0.010959625244140625",
        "cumulative": false
    },
    {
        "date": "2020-12-08T11:34:24.115Z",
        "value": "0.008506059646606445",
        "cumulative": false
    },
    {
        "date": "2020-12-08T11:34:26.226Z",
        "value": "0.007988929748535156",
        "cumulative": false
    },
    {
        "date": "2020-12-08T11:34:28.399Z",
        "value": "0.008271932601928711",
        "cumulative": false
    },
    {
        "date": "2020-12-08T11:34:30.527Z",
        "value": "0.008411884307861328",
        "cumulative": false
    },
    {
        "date": "2020-12-08T11:34:32.642Z",
        "value": "0.007794380187988281",
        "cumulative": false
    },
    {
        "date": "2020-12-08T11:34:34.766Z",
        "value": "0.009275436401367188",
        "cumulative": false
    },
    {
        "date": "2020-12-08T11:34:36.923Z",
        "value": "0.010952472686767578",
        "cumulative": false
    },
    {
        "date": "2020-12-08T11:34:39.013Z",
        "value": "0.009429693222045898",
        "cumulative": false
    },
    {
        "date": "2020-12-08T11:34:41.169Z",
        "value": "0.007987260818481445",
        "cumulative": false
    },
    {
        "date": "2020-12-08T11:34:43.372Z",
        "value": "0.008396387100219727",
        "cumulative": false
    },
    {
        "date": "2020-12-08T11:34:45.419Z",
        "value": "0.011637687683105469",
        "cumulative": false
    },
    {
        "date": "2020-12-08T11:34:47.515Z",
        "value": "0.008002519607543945",
        "cumulative": false
    },
    {
        "date": "2020-12-08T11:34:49.652Z",
        "value": "0.008282184600830078",
        "cumulative": false
    },
    {
        "date": "2020-12-08T11:34:51.733Z",
        "value": "0.008254051208496094",
        "cumulative": false
    },
    {
        "date": "2020-12-08T11:34:53.775Z",
        "value": "0.007976293563842773",
        "cumulative": false
    },
    {
        "date": "2020-12-08T11:34:56.070Z",
        "value": "0.008730411529541016",
        "cumulative": false
    },
    {
        "date": "2020-12-08T11:34:58.168Z",
        "value": "0.008625268936157227",
        "cumulative": false
    }
]