[
    {
        "date": "2020-12-08T11:34:20.613Z",
        "value": "2.545438528060913",
        "cumulative": false
    },
    {
        "date": "2020-12-08T11:34:22.678Z",
        "value": "2.0605580806732178",
        "cumulative": false
    },
    {
        "date": "2020-12-08T11:34:24.816Z",
        "value": "1.7696760892868042",
        "cumulative": false
    },
    {
        "date": "2020-12-08T11:34:26.916Z",
        "value": "1.5255029201507568",
        "cumulative": false
    },
    {
        "date": "2020-12-08T11:34:29.041Z",
        "value": "1.2950992584228516",
        "cumulative": false
    },
    {
        "date": "2020-12-08T11:34:31.240Z",
        "value": "1.0939197540283203",
        "cumulative": false
    },
    {
        "date": "2020-12-08T11:34:33.379Z",
        "value": "1.0772795677185059",
        "cumulative": false
    },
    {
        "date": "2020-12-08T11:34:35.491Z",
        "value": "1.1128238439559937",
        "cumulative": false
    },
    {
        "date": "2020-12-08T11:34:37.601Z",
        "value": "0.7388116717338562",
        "cumulative": false
    },
    {
        "date": "2020-12-08T11:34:39.712Z",
        "value": "0.7792351841926575",
        "cumulative": false
    },
    {
        "date": "2020-12-08T11:34:41.902Z",
        "value": "0.8499887585639954",
        "cumulative": false
    },
    {
        "date": "2020-12-08T11:34:44.051Z",
        "value": "0.7272692322731018",
        "cumulative": false
    },
    {
        "date": "2020-12-08T11:34:46.153Z",
        "value": "0.5667194724082947",
        "cumulative": false
    },
    {
        "date": "2020-12-08T11:34:48.192Z",
        "value": "0.6647045016288757",
        "cumulative": false
    },
    {
        "date": "2020-12-08T11:34:50.341Z",
        "value": "0.5373902916908264",
        "cumulative": false
    },
    {
        "date": "2020-12-08T11:34:52.385Z",
        "value": "0.5927974581718445",
        "cumulative": false
    },
    {
        "date": "2020-12-08T11:34:54.473Z",
        "value": "0.5550335645675659",
        "cumulative": false
    },
    {
        "date": "2020-12-08T11:34:56.798Z",
        "value": "0.47571274638175964",
        "cumulative": false
    }
]