[
    {
        "date": "2020-12-08T11:34:22.002Z",
        "value": "3.8827996253967285",
        "cumulative": false
    },
    {
        "date": "2020-12-08T11:34:24.118Z",
        "value": "1.5269591808319092",
        "cumulative": false
    },
    {
        "date": "2020-12-08T11:34:26.242Z",
        "value": "1.5287702083587646",
        "cumulative": false
    },
    {
        "date": "2020-12-08T11:34:28.389Z",
        "value": "1.552454948425293",
        "cumulative": false
    },
    {
        "date": "2020-12-08T11:34:30.538Z",
        "value": "1.5726351737976074",
        "cumulative": false
    },
    {
        "date": "2020-12-08T11:34:32.633Z",
        "value": "1.5343844890594482",
        "cumulative": false
    },
    {
        "date": "2020-12-08T11:34:34.778Z",
        "value": "1.528334617614746",
        "cumulative": false
    },
    {
        "date": "2020-12-08T11:34:36.931Z",
        "value": "1.5391461849212646",
        "cumulative": false
    },
    {
        "date": "2020-12-08T11:34:39.015Z",
        "value": "1.5330519676208496",
        "cumulative": false
    },
    {
        "date": "2020-12-08T11:34:41.170Z",
        "value": "1.5708749294281006",
        "cumulative": false
    },
    {
        "date": "2020-12-08T11:34:43.368Z",
        "value": "1.5795865058898926",
        "cumulative": false
    },
    {
        "date": "2020-12-08T11:34:45.420Z",
        "value": "1.465139627456665",
        "cumulative": false
    },
    {
        "date": "2020-12-08T11:34:47.513Z",
        "value": "1.4939169883728027",
        "cumulative": false
    },
    {
        "date": "2020-12-08T11:34:49.649Z",
        "value": "1.569533109664917",
        "cumulative": false
    },
    {
        "date": "2020-12-08T11:34:51.728Z",
        "value": "1.4894821643829346",
        "cumulative": false
    },
    {
        "date": "2020-12-08T11:34:53.780Z",
        "value": "1.4934685230255127",
        "cumulative": false
    },
    {
        "date": "2020-12-08T11:34:56.069Z",
        "value": "1.7151305675506592",
        "cumulative": false
    },
    {
        "date": "2020-12-08T11:34:58.170Z",
        "value": "1.459911823272705",
        "cumulative": false
    }
]