[
    {
        "date": "2020-12-08T11:34:22.005Z",
        "value": "7.534027099609375e-05",
        "cumulative": false
    },
    {
        "date": "2020-12-08T11:34:24.123Z",
        "value": "7.772445678710938e-05",
        "cumulative": false
    },
    {
        "date": "2020-12-08T11:34:26.235Z",
        "value": "8.058547973632812e-05",
        "cumulative": false
    },
    {
        "date": "2020-12-08T11:34:28.403Z",
        "value": "7.82012939453125e-05",
        "cumulative": false
    },
    {
        "date": "2020-12-08T11:34:30.534Z",
        "value": "7.462501525878906e-05",
        "cumulative": false
    },
    {
        "date": "2020-12-08T11:34:32.640Z",
        "value": "7.796287536621094e-05",
        "cumulative": false
    },
    {
        "date": "2020-12-08T11:34:34.771Z",
        "value": "7.581710815429688e-05",
        "cumulative": false
    },
    {
        "date": "2020-12-08T11:34:36.925Z",
        "value": "8.988380432128906e-05",
        "cumulative": false
    },
    {
        "date": "2020-12-08T11:34:39.031Z",
        "value": "9.202957153320312e-05",
        "cumulative": false
    },
    {
        "date": "2020-12-08T11:34:41.176Z",
        "value": "7.462501525878906e-05",
        "cumulative": false
    },
    {
        "date": "2020-12-08T11:34:43.375Z",
        "value": "8.153915405273438e-05",
        "cumulative": false
    },
    {
        "date": "2020-12-08T11:34:45.433Z",
        "value": "7.486343383789062e-05",
        "cumulative": false
    },
    {
        "date": "2020-12-08T11:34:47.518Z",
        "value": "7.939338684082031e-05",
        "cumulative": false
    },
    {
        "date": "2020-12-08T11:34:49.667Z",
        "value": "7.82012939453125e-05",
        "cumulative": false
    },
    {
        "date": "2020-12-08T11:34:51.725Z",
        "value": "7.557868957519531e-05",
        "cumulative": false
    },
    {
        "date": "2020-12-08T11:34:53.782Z",
        "value": "7.605552673339844e-05",
        "cumulative": false
    },
    {
        "date": "2020-12-08T11:34:56.072Z",
        "value": "7.486343383789062e-05",
        "cumulative": false
    },
    {
        "date": "2020-12-08T11:34:58.169Z",
        "value": "7.581710815429688e-05",
        "cumulative": false
    }
]