[
    {
        "date": "2020-12-08T11:34:21.989Z",
        "value": "0.013702154159545898",
        "cumulative": false
    },
    {
        "date": "2020-12-08T11:34:24.103Z",
        "value": "0.012368440628051758",
        "cumulative": false
    },
    {
        "date": "2020-12-08T11:34:26.221Z",
        "value": "0.013760566711425781",
        "cumulative": false
    },
    {
        "date": "2020-12-08T11:34:28.382Z",
        "value": "0.013856172561645508",
        "cumulative": false
    },
    {
        "date": "2020-12-08T11:34:30.526Z",
        "value": "0.013358354568481445",
        "cumulative": false
    },
    {
        "date": "2020-12-08T11:34:32.621Z",
        "value": "0.013702392578125",
        "cumulative": false
    },
    {
        "date": "2020-12-08T11:34:34.761Z",
        "value": "0.01286768913269043",
        "cumulative": false
    },
    {
        "date": "2020-12-08T11:34:36.919Z",
        "value": "0.01382899284362793",
        "cumulative": false
    },
    {
        "date": "2020-12-08T11:34:39.004Z",
        "value": "0.012931346893310547",
        "cumulative": false
    },
    {
        "date": "2020-12-08T11:34:41.158Z",
        "value": "0.012853860855102539",
        "cumulative": false
    },
    {
        "date": "2020-12-08T11:34:43.363Z",
        "value": "0.015979290008544922",
        "cumulative": false
    },
    {
        "date": "2020-12-08T11:34:45.406Z",
        "value": "0.014143943786621094",
        "cumulative": false
    },
    {
        "date": "2020-12-08T11:34:47.505Z",
        "value": "0.014129400253295898",
        "cumulative": false
    },
    {
        "date": "2020-12-08T11:34:49.651Z",
        "value": "0.015961408615112305",
        "cumulative": false
    },
    {
        "date": "2020-12-08T11:34:51.710Z",
        "value": "0.013433694839477539",
        "cumulative": false
    },
    {
        "date": "2020-12-08T11:34:53.764Z",
        "value": "0.013930559158325195",
        "cumulative": false
    },
    {
        "date": "2020-12-08T11:34:56.064Z",
        "value": "0.01459813117980957",
        "cumulative": false
    },
    {
        "date": "2020-12-08T11:34:58.159Z",
        "value": "0.014678716659545898",
        "cumulative": false
    }
]