[
    {
        "date": "2020-12-08T11:34:22.005Z",
        "value": "2.4311094284057617",
        "cumulative": false
    },
    {
        "date": "2020-12-08T11:34:24.123Z",
        "value": "0.1977376937866211",
        "cumulative": false
    },
    {
        "date": "2020-12-08T11:34:26.235Z",
        "value": "0.20049834251403809",
        "cumulative": false
    },
    {
        "date": "2020-12-08T11:34:28.403Z",
        "value": "0.21159887313842773",
        "cumulative": false
    },
    {
        "date": "2020-12-08T11:34:30.534Z",
        "value": "0.165848970413208",
        "cumulative": false
    },
    {
        "date": "2020-12-08T11:34:32.640Z",
        "value": "0.1896204948425293",
        "cumulative": false
    },
    {
        "date": "2020-12-08T11:34:34.771Z",
        "value": "0.2015976905822754",
        "cumulative": false
    },
    {
        "date": "2020-12-08T11:34:36.925Z",
        "value": "0.19334173202514648",
        "cumulative": false
    },
    {
        "date": "2020-12-08T11:34:39.030Z",
        "value": "0.18407988548278809",
        "cumulative": false
    },
    {
        "date": "2020-12-08T11:34:41.175Z",
        "value": "0.19315028190612793",
        "cumulative": false
    },
    {
        "date": "2020-12-08T11:34:43.375Z",
        "value": "0.175858736038208",
        "cumulative": false
    },
    {
        "date": "2020-12-08T11:34:45.433Z",
        "value": "0.19384503364562988",
        "cumulative": false
    },
    {
        "date": "2020-12-08T11:34:47.518Z",
        "value": "0.19002723693847656",
        "cumulative": false
    },
    {
        "date": "2020-12-08T11:34:49.667Z",
        "value": "0.18469953536987305",
        "cumulative": false
    },
    {
        "date": "2020-12-08T11:34:51.724Z",
        "value": "0.19214844703674316",
        "cumulative": false
    },
    {
        "date": "2020-12-08T11:34:53.781Z",
        "value": "0.2054271697998047",
        "cumulative": false
    },
    {
        "date": "2020-12-08T11:34:56.072Z",
        "value": "0.16905760765075684",
        "cumulative": false
    },
    {
        "date": "2020-12-08T11:34:58.169Z",
        "value": "0.20323419570922852",
        "cumulative": false
    }
]