[
    {
        "date": "2020-12-08T11:34:22.001Z",
        "value": "3.869062662124634",
        "cumulative": false
    },
    {
        "date": "2020-12-08T11:34:24.123Z",
        "value": "1.5284342765808105",
        "cumulative": false
    },
    {
        "date": "2020-12-08T11:34:26.235Z",
        "value": "1.5191385746002197",
        "cumulative": false
    },
    {
        "date": "2020-12-08T11:34:28.403Z",
        "value": "1.5464234352111816",
        "cumulative": false
    },
    {
        "date": "2020-12-08T11:34:30.533Z",
        "value": "1.5696513652801514",
        "cumulative": false
    },
    {
        "date": "2020-12-08T11:34:32.640Z",
        "value": "1.5254898071289062",
        "cumulative": false
    },
    {
        "date": "2020-12-08T11:34:34.770Z",
        "value": "1.5255649089813232",
        "cumulative": false
    },
    {
        "date": "2020-12-08T11:34:36.925Z",
        "value": "1.529066801071167",
        "cumulative": false
    },
    {
        "date": "2020-12-08T11:34:39.030Z",
        "value": "1.5212292671203613",
        "cumulative": false
    },
    {
        "date": "2020-12-08T11:34:41.175Z",
        "value": "1.5795340538024902",
        "cumulative": false
    },
    {
        "date": "2020-12-08T11:34:43.374Z",
        "value": "1.5644645690917969",
        "cumulative": false
    },
    {
        "date": "2020-12-08T11:34:45.433Z",
        "value": "1.471153974533081",
        "cumulative": false
    },
    {
        "date": "2020-12-08T11:34:47.518Z",
        "value": "1.4960124492645264",
        "cumulative": false
    },
    {
        "date": "2020-12-08T11:34:49.667Z",
        "value": "1.5571906566619873",
        "cumulative": false
    },
    {
        "date": "2020-12-08T11:34:51.724Z",
        "value": "1.4831814765930176",
        "cumulative": false
    },
    {
        "date": "2020-12-08T11:34:53.781Z",
        "value": "1.475687026977539",
        "cumulative": false
    },
    {
        "date": "2020-12-08T11:34:56.072Z",
        "value": "1.7107336521148682",
        "cumulative": false
    },
    {
        "date": "2020-12-08T11:34:58.169Z",
        "value": "1.450801134109497",
        "cumulative": false
    }
]