[
    {
        "date": "2020-12-08T11:34:20.608Z",
        "value": "11.71875",
        "cumulative": false
    },
    {
        "date": "2020-12-08T11:34:22.665Z",
        "value": "18.75",
        "cumulative": false
    },
    {
        "date": "2020-12-08T11:34:24.809Z",
        "value": "43.75",
        "cumulative": false
    },
    {
        "date": "2020-12-08T11:34:26.921Z",
        "value": "40.625",
        "cumulative": false
    },
    {
        "date": "2020-12-08T11:34:29.035Z",
        "value": "51.5625",
        "cumulative": false
    },
    {
        "date": "2020-12-08T11:34:31.231Z",
        "value": "58.59375",
        "cumulative": false
    },
    {
        "date": "2020-12-08T11:34:33.374Z",
        "value": "64.84375",
        "cumulative": false
    },
    {
        "date": "2020-12-08T11:34:35.478Z",
        "value": "66.40625",
        "cumulative": false
    },
    {
        "date": "2020-12-08T11:34:37.590Z",
        "value": "69.53125",
        "cumulative": false
    },
    {
        "date": "2020-12-08T11:34:39.712Z",
        "value": "78.125",
        "cumulative": false
    },
    {
        "date": "2020-12-08T11:34:41.898Z",
        "value": "72.65625",
        "cumulative": false
    },
    {
        "date": "2020-12-08T11:34:44.047Z",
        "value": "74.21875",
        "cumulative": false
    },
    {
        "date": "2020-12-08T11:34:46.143Z",
        "value": "80.46875",
        "cumulative": false
    },
    {
        "date": "2020-12-08T11:34:48.182Z",
        "value": "85.15625",
        "cumulative": false
    },
    {
        "date": "2020-12-08T11:34:50.337Z",
        "value": "85.15625",
        "cumulative": false
    },
    {
        "date": "2020-12-08T11:34:52.369Z",
        "value": "82.8125",
        "cumulative": false
    },
    {
        "date": "2020-12-08T11:34:54.467Z",
        "value": "79.6875",
        "cumulative": false
    },
    {
        "date": "2020-12-08T11:34:56.790Z",
        "value": "83.59375",
        "cumulative": false
    }
]