[
    {
        "date": "2020-12-08T11:34:20.610Z",
        "value": "2.463191270828247",
        "cumulative": false
    },
    {
        "date": "2020-12-08T11:34:22.671Z",
        "value": "1.9886174201965332",
        "cumulative": false
    },
    {
        "date": "2020-12-08T11:34:24.822Z",
        "value": "1.6618341207504272",
        "cumulative": false
    },
    {
        "date": "2020-12-08T11:34:26.914Z",
        "value": "1.483407974243164",
        "cumulative": false
    },
    {
        "date": "2020-12-08T11:34:29.044Z",
        "value": "1.3997870683670044",
        "cumulative": false
    },
    {
        "date": "2020-12-08T11:34:31.238Z",
        "value": "1.157678246498108",
        "cumulative": false
    },
    {
        "date": "2020-12-08T11:34:33.381Z",
        "value": "0.9686153531074524",
        "cumulative": false
    },
    {
        "date": "2020-12-08T11:34:35.482Z",
        "value": "0.9709348082542419",
        "cumulative": false
    },
    {
        "date": "2020-12-08T11:34:37.594Z",
        "value": "0.8912954330444336",
        "cumulative": false
    },
    {
        "date": "2020-12-08T11:34:39.712Z",
        "value": "0.859874427318573",
        "cumulative": false
    },
    {
        "date": "2020-12-08T11:34:41.900Z",
        "value": "0.7566604018211365",
        "cumulative": false
    },
    {
        "date": "2020-12-08T11:34:44.051Z",
        "value": "0.6578922867774963",
        "cumulative": false
    },
    {
        "date": "2020-12-08T11:34:46.145Z",
        "value": "0.6696186065673828",
        "cumulative": false
    },
    {
        "date": "2020-12-08T11:34:48.185Z",
        "value": "0.5753459930419922",
        "cumulative": false
    },
    {
        "date": "2020-12-08T11:34:50.348Z",
        "value": "0.5251153707504272",
        "cumulative": false
    },
    {
        "date": "2020-12-08T11:34:52.370Z",
        "value": "0.49298763275146484",
        "cumulative": false
    },
    {
        "date": "2020-12-08T11:34:54.472Z",
        "value": "0.48897939920425415",
        "cumulative": false
    },
    {
        "date": "2020-12-08T11:34:56.792Z",
        "value": "0.5708077549934387",
        "cumulative": false
    }
]