[
    {
        "date": "2020-12-08T11:34:22.013Z",
        "value": "0.6682748794555664",
        "cumulative": false
    },
    {
        "date": "2020-12-08T11:34:24.138Z",
        "value": "0.6384754180908203",
        "cumulative": false
    },
    {
        "date": "2020-12-08T11:34:26.253Z",
        "value": "0.6183421611785889",
        "cumulative": false
    },
    {
        "date": "2020-12-08T11:34:28.413Z",
        "value": "0.6443521976470947",
        "cumulative": false
    },
    {
        "date": "2020-12-08T11:34:30.549Z",
        "value": "0.6037154197692871",
        "cumulative": false
    },
    {
        "date": "2020-12-08T11:34:32.678Z",
        "value": "0.6041684150695801",
        "cumulative": false
    },
    {
        "date": "2020-12-08T11:34:34.795Z",
        "value": "0.59720778465271",
        "cumulative": false
    },
    {
        "date": "2020-12-08T11:34:36.942Z",
        "value": "0.6328020095825195",
        "cumulative": false
    },
    {
        "date": "2020-12-08T11:34:39.040Z",
        "value": "0.6392874717712402",
        "cumulative": false
    },
    {
        "date": "2020-12-08T11:34:41.207Z",
        "value": "0.6550519466400146",
        "cumulative": false
    },
    {
        "date": "2020-12-08T11:34:43.393Z",
        "value": "0.6266794204711914",
        "cumulative": false
    },
    {
        "date": "2020-12-08T11:34:45.442Z",
        "value": "0.5756714344024658",
        "cumulative": false
    },
    {
        "date": "2020-12-08T11:34:47.541Z",
        "value": "0.6076793670654297",
        "cumulative": false
    },
    {
        "date": "2020-12-08T11:34:49.674Z",
        "value": "0.6653537750244141",
        "cumulative": false
    },
    {
        "date": "2020-12-08T11:34:51.743Z",
        "value": "0.6108434200286865",
        "cumulative": false
    },
    {
        "date": "2020-12-08T11:34:53.804Z",
        "value": "0.6132936477661133",
        "cumulative": false
    },
    {
        "date": "2020-12-08T11:34:56.087Z",
        "value": "0.8295078277587891",
        "cumulative": false
    },
    {
        "date": "2020-12-08T11:34:58.190Z",
        "value": "0.6229138374328613",
        "cumulative": false
    }
]