[
    {
        "date": "2020-12-08T11:34:22.001Z",
        "value": "8.082389831542969e-05",
        "cumulative": false
    },
    {
        "date": "2020-12-08T11:34:24.118Z",
        "value": "6.365776062011719e-05",
        "cumulative": false
    },
    {
        "date": "2020-12-08T11:34:26.228Z",
        "value": "6.842613220214844e-05",
        "cumulative": false
    },
    {
        "date": "2020-12-08T11:34:28.392Z",
        "value": "6.651878356933594e-05",
        "cumulative": false
    },
    {
        "date": "2020-12-08T11:34:30.531Z",
        "value": "7.677078247070312e-05",
        "cumulative": false
    },
    {
        "date": "2020-12-08T11:34:32.637Z",
        "value": "6.365776062011719e-05",
        "cumulative": false
    },
    {
        "date": "2020-12-08T11:34:34.766Z",
        "value": "7.128715515136719e-05",
        "cumulative": false
    },
    {
        "date": "2020-12-08T11:34:36.917Z",
        "value": "6.365776062011719e-05",
        "cumulative": false
    },
    {
        "date": "2020-12-08T11:34:39.011Z",
        "value": "6.747245788574219e-05",
        "cumulative": false
    },
    {
        "date": "2020-12-08T11:34:41.176Z",
        "value": "7.295608520507812e-05",
        "cumulative": false
    },
    {
        "date": "2020-12-08T11:34:43.366Z",
        "value": "8.821487426757812e-05",
        "cumulative": false
    },
    {
        "date": "2020-12-08T11:34:45.414Z",
        "value": "6.723403930664062e-05",
        "cumulative": false
    },
    {
        "date": "2020-12-08T11:34:47.511Z",
        "value": "7.128715515136719e-05",
        "cumulative": false
    },
    {
        "date": "2020-12-08T11:34:49.645Z",
        "value": "6.818771362304688e-05",
        "cumulative": false
    },
    {
        "date": "2020-12-08T11:34:51.718Z",
        "value": "7.05718994140625e-05",
        "cumulative": false
    },
    {
        "date": "2020-12-08T11:34:53.787Z",
        "value": "6.4849853515625e-05",
        "cumulative": false
    },
    {
        "date": "2020-12-08T11:34:56.066Z",
        "value": "6.842613220214844e-05",
        "cumulative": false
    },
    {
        "date": "2020-12-08T11:34:58.162Z",
        "value": "7.534027099609375e-05",
        "cumulative": false
    }
]