[
    {
        "date": "2020-12-08T11:34:20.615Z",
        "value": "7.03125",
        "cumulative": false
    },
    {
        "date": "2020-12-08T11:34:22.678Z",
        "value": "24.21875",
        "cumulative": false
    },
    {
        "date": "2020-12-08T11:34:24.816Z",
        "value": "34.375",
        "cumulative": false
    },
    {
        "date": "2020-12-08T11:34:26.916Z",
        "value": "39.84375",
        "cumulative": false
    },
    {
        "date": "2020-12-08T11:34:29.041Z",
        "value": "50.78125",
        "cumulative": false
    },
    {
        "date": "2020-12-08T11:34:31.241Z",
        "value": "62.5",
        "cumulative": false
    },
    {
        "date": "2020-12-08T11:34:33.379Z",
        "value": "57.03125",
        "cumulative": false
    },
    {
        "date": "2020-12-08T11:34:35.492Z",
        "value": "60.9375",
        "cumulative": false
    },
    {
        "date": "2020-12-08T11:34:37.601Z",
        "value": "73.4375",
        "cumulative": false
    },
    {
        "date": "2020-12-08T11:34:39.712Z",
        "value": "70.3125",
        "cumulative": false
    },
    {
        "date": "2020-12-08T11:34:41.902Z",
        "value": "69.53125",
        "cumulative": false
    },
    {
        "date": "2020-12-08T11:34:44.051Z",
        "value": "75.78125",
        "cumulative": false
    },
    {
        "date": "2020-12-08T11:34:46.153Z",
        "value": "78.125",
        "cumulative": false
    },
    {
        "date": "2020-12-08T11:34:48.192Z",
        "value": "78.90625",
        "cumulative": false
    },
    {
        "date": "2020-12-08T11:34:50.341Z",
        "value": "83.59375",
        "cumulative": false
    },
    {
        "date": "2020-12-08T11:34:52.385Z",
        "value": "81.25",
        "cumulative": false
    },
    {
        "date": "2020-12-08T11:34:54.473Z",
        "value": "79.6875",
        "cumulative": false
    },
    {
        "date": "2020-12-08T11:34:56.798Z",
        "value": "82.8125",
        "cumulative": false
    }
]