[
    {
        "date": "2020-12-08T11:34:20.607Z",
        "value": "11.71875",
        "cumulative": false
    },
    {
        "date": "2020-12-08T11:34:22.668Z",
        "value": "21.09375",
        "cumulative": false
    },
    {
        "date": "2020-12-08T11:34:24.808Z",
        "value": "38.28125",
        "cumulative": false
    },
    {
        "date": "2020-12-08T11:34:26.908Z",
        "value": "47.65625",
        "cumulative": false
    },
    {
        "date": "2020-12-08T11:34:29.033Z",
        "value": "62.5",
        "cumulative": false
    },
    {
        "date": "2020-12-08T11:34:31.233Z",
        "value": "61.71875",
        "cumulative": false
    },
    {
        "date": "2020-12-08T11:34:33.373Z",
        "value": "63.28125",
        "cumulative": false
    },
    {
        "date": "2020-12-08T11:34:35.489Z",
        "value": "75.0",
        "cumulative": false
    },
    {
        "date": "2020-12-08T11:34:37.591Z",
        "value": "67.1875",
        "cumulative": false
    },
    {
        "date": "2020-12-08T11:34:39.705Z",
        "value": "75.0",
        "cumulative": false
    },
    {
        "date": "2020-12-08T11:34:41.894Z",
        "value": "69.53125",
        "cumulative": false
    },
    {
        "date": "2020-12-08T11:34:44.044Z",
        "value": "75.78125",
        "cumulative": false
    },
    {
        "date": "2020-12-08T11:34:46.139Z",
        "value": "79.6875",
        "cumulative": false
    },
    {
        "date": "2020-12-08T11:34:48.184Z",
        "value": "79.6875",
        "cumulative": false
    },
    {
        "date": "2020-12-08T11:34:50.333Z",
        "value": "78.90625",
        "cumulative": false
    },
    {
        "date": "2020-12-08T11:34:52.378Z",
        "value": "84.375",
        "cumulative": false
    },
    {
        "date": "2020-12-08T11:34:54.466Z",
        "value": "84.375",
        "cumulative": false
    },
    {
        "date": "2020-12-08T11:34:56.797Z",
        "value": "83.59375",
        "cumulative": false
    }
]