[
    {
        "date": "2020-12-08T11:34:20.615Z",
        "value": "2.551621913909912",
        "cumulative": false
    },
    {
        "date": "2020-12-08T11:34:22.676Z",
        "value": "2.1039204597473145",
        "cumulative": false
    },
    {
        "date": "2020-12-08T11:34:24.820Z",
        "value": "1.6976937055587769",
        "cumulative": false
    },
    {
        "date": "2020-12-08T11:34:26.925Z",
        "value": "1.433243751525879",
        "cumulative": false
    },
    {
        "date": "2020-12-08T11:34:29.043Z",
        "value": "1.3418595790863037",
        "cumulative": false
    },
    {
        "date": "2020-12-08T11:34:31.245Z",
        "value": "1.1610654592514038",
        "cumulative": false
    },
    {
        "date": "2020-12-08T11:34:33.389Z",
        "value": "1.0405962467193604",
        "cumulative": false
    },
    {
        "date": "2020-12-08T11:34:35.484Z",
        "value": "0.8295248746871948",
        "cumulative": false
    },
    {
        "date": "2020-12-08T11:34:37.597Z",
        "value": "0.8719860315322876",
        "cumulative": false
    },
    {
        "date": "2020-12-08T11:34:39.714Z",
        "value": "0.8704521656036377",
        "cumulative": false
    },
    {
        "date": "2020-12-08T11:34:41.905Z",
        "value": "0.7544170618057251",
        "cumulative": false
    },
    {
        "date": "2020-12-08T11:34:44.055Z",
        "value": "0.8447471857070923",
        "cumulative": false
    },
    {
        "date": "2020-12-08T11:34:46.148Z",
        "value": "0.5829017758369446",
        "cumulative": false
    },
    {
        "date": "2020-12-08T11:34:48.190Z",
        "value": "0.5504826307296753",
        "cumulative": false
    },
    {
        "date": "2020-12-08T11:34:50.347Z",
        "value": "0.5085927844047546",
        "cumulative": false
    },
    {
        "date": "2020-12-08T11:34:52.375Z",
        "value": "0.4350408911705017",
        "cumulative": false
    },
    {
        "date": "2020-12-08T11:34:54.477Z",
        "value": "0.4051707088947296",
        "cumulative": false
    },
    {
        "date": "2020-12-08T11:34:56.802Z",
        "value": "0.45028647780418396",
        "cumulative": false
    }
]