[
    {
        "date": "2020-12-08T11:34:21.992Z",
        "value": "0.01662278175354004",
        "cumulative": false
    },
    {
        "date": "2020-12-08T11:34:24.109Z",
        "value": "0.017524242401123047",
        "cumulative": false
    },
    {
        "date": "2020-12-08T11:34:26.228Z",
        "value": "0.017122507095336914",
        "cumulative": false
    },
    {
        "date": "2020-12-08T11:34:28.389Z",
        "value": "0.016814708709716797",
        "cumulative": false
    },
    {
        "date": "2020-12-08T11:34:30.523Z",
        "value": "0.016860008239746094",
        "cumulative": false
    },
    {
        "date": "2020-12-08T11:34:32.626Z",
        "value": "0.01653885841369629",
        "cumulative": false
    },
    {
        "date": "2020-12-08T11:34:34.763Z",
        "value": "0.017542600631713867",
        "cumulative": false
    },
    {
        "date": "2020-12-08T11:34:36.915Z",
        "value": "0.018187999725341797",
        "cumulative": false
    },
    {
        "date": "2020-12-08T11:34:39.008Z",
        "value": "0.017000436782836914",
        "cumulative": false
    },
    {
        "date": "2020-12-08T11:34:41.163Z",
        "value": "0.017258644104003906",
        "cumulative": false
    },
    {
        "date": "2020-12-08T11:34:43.360Z",
        "value": "0.015451192855834961",
        "cumulative": false
    },
    {
        "date": "2020-12-08T11:34:45.409Z",
        "value": "0.018292903900146484",
        "cumulative": false
    },
    {
        "date": "2020-12-08T11:34:47.511Z",
        "value": "0.01732039451599121",
        "cumulative": false
    },
    {
        "date": "2020-12-08T11:34:49.645Z",
        "value": "0.017250776290893555",
        "cumulative": false
    },
    {
        "date": "2020-12-08T11:34:51.722Z",
        "value": "0.01715993881225586",
        "cumulative": false
    },
    {
        "date": "2020-12-08T11:34:53.779Z",
        "value": "0.01636028289794922",
        "cumulative": false
    },
    {
        "date": "2020-12-08T11:34:56.062Z",
        "value": "0.01835799217224121",
        "cumulative": false
    },
    {
        "date": "2020-12-08T11:34:58.158Z",
        "value": "0.017217159271240234",
        "cumulative": false
    }
]