[
    {
        "date": "2020-12-08T11:34:21.995Z",
        "value": "1.1074573993682861",
        "cumulative": false
    },
    {
        "date": "2020-12-08T11:34:24.103Z",
        "value": "0.9253382682800293",
        "cumulative": false
    },
    {
        "date": "2020-12-08T11:34:26.218Z",
        "value": "0.9907212257385254",
        "cumulative": false
    },
    {
        "date": "2020-12-08T11:34:28.385Z",
        "value": "0.9939873218536377",
        "cumulative": false
    },
    {
        "date": "2020-12-08T11:34:30.521Z",
        "value": "0.9746594429016113",
        "cumulative": false
    },
    {
        "date": "2020-12-08T11:34:32.626Z",
        "value": "1.040734052658081",
        "cumulative": false
    },
    {
        "date": "2020-12-08T11:34:34.761Z",
        "value": "0.9456865787506104",
        "cumulative": false
    },
    {
        "date": "2020-12-08T11:34:36.923Z",
        "value": "0.9621732234954834",
        "cumulative": false
    },
    {
        "date": "2020-12-08T11:34:39.013Z",
        "value": "0.9882364273071289",
        "cumulative": false
    },
    {
        "date": "2020-12-08T11:34:41.171Z",
        "value": "1.0378305912017822",
        "cumulative": false
    },
    {
        "date": "2020-12-08T11:34:43.363Z",
        "value": "0.9689173698425293",
        "cumulative": false
    },
    {
        "date": "2020-12-08T11:34:45.411Z",
        "value": "0.908435583114624",
        "cumulative": false
    },
    {
        "date": "2020-12-08T11:34:47.504Z",
        "value": "0.9071295261383057",
        "cumulative": false
    },
    {
        "date": "2020-12-08T11:34:49.651Z",
        "value": "0.9427943229675293",
        "cumulative": false
    },
    {
        "date": "2020-12-08T11:34:51.713Z",
        "value": "0.9049277305603027",
        "cumulative": false
    },
    {
        "date": "2020-12-08T11:34:53.779Z",
        "value": "0.977555513381958",
        "cumulative": false
    },
    {
        "date": "2020-12-08T11:34:56.059Z",
        "value": "1.186081886291504",
        "cumulative": false
    },
    {
        "date": "2020-12-08T11:34:58.154Z",
        "value": "0.8944878578186035",
        "cumulative": false
    }
]