[
    {
        "date": "2020-12-08T11:34:21.999Z",
        "value": "0.0062770843505859375",
        "cumulative": false
    },
    {
        "date": "2020-12-08T11:34:24.111Z",
        "value": "0.00979471206665039",
        "cumulative": false
    },
    {
        "date": "2020-12-08T11:34:26.227Z",
        "value": "0.005610227584838867",
        "cumulative": false
    },
    {
        "date": "2020-12-08T11:34:28.390Z",
        "value": "0.005851030349731445",
        "cumulative": false
    },
    {
        "date": "2020-12-08T11:34:30.528Z",
        "value": "0.00478816032409668",
        "cumulative": false
    },
    {
        "date": "2020-12-08T11:34:32.636Z",
        "value": "0.005705595016479492",
        "cumulative": false
    },
    {
        "date": "2020-12-08T11:34:34.767Z",
        "value": "0.0058362483978271484",
        "cumulative": false
    },
    {
        "date": "2020-12-08T11:34:36.920Z",
        "value": "0.0057141780853271484",
        "cumulative": false
    },
    {
        "date": "2020-12-08T11:34:39.013Z",
        "value": "0.005524873733520508",
        "cumulative": false
    },
    {
        "date": "2020-12-08T11:34:41.177Z",
        "value": "0.005922794342041016",
        "cumulative": false
    },
    {
        "date": "2020-12-08T11:34:43.369Z",
        "value": "0.006436824798583984",
        "cumulative": false
    },
    {
        "date": "2020-12-08T11:34:45.430Z",
        "value": "0.005301475524902344",
        "cumulative": false
    },
    {
        "date": "2020-12-08T11:34:47.513Z",
        "value": "0.0062139034271240234",
        "cumulative": false
    },
    {
        "date": "2020-12-08T11:34:49.647Z",
        "value": "0.005232095718383789",
        "cumulative": false
    },
    {
        "date": "2020-12-08T11:34:51.722Z",
        "value": "0.005700826644897461",
        "cumulative": false
    },
    {
        "date": "2020-12-08T11:34:53.790Z",
        "value": "0.0054264068603515625",
        "cumulative": false
    },
    {
        "date": "2020-12-08T11:34:56.070Z",
        "value": "0.005332469940185547",
        "cumulative": false
    },
    {
        "date": "2020-12-08T11:34:58.171Z",
        "value": "0.0055844783782958984",
        "cumulative": false
    }
]