[
    {
        "date": "2020-12-08T11:34:22.003Z",
        "value": "0.010129451751708984",
        "cumulative": false
    },
    {
        "date": "2020-12-08T11:34:24.118Z",
        "value": "0.007560014724731445",
        "cumulative": false
    },
    {
        "date": "2020-12-08T11:34:26.242Z",
        "value": "0.009557247161865234",
        "cumulative": false
    },
    {
        "date": "2020-12-08T11:34:28.389Z",
        "value": "0.00810551643371582",
        "cumulative": false
    },
    {
        "date": "2020-12-08T11:34:30.538Z",
        "value": "0.009246826171875",
        "cumulative": false
    },
    {
        "date": "2020-12-08T11:34:32.633Z",
        "value": "0.010018348693847656",
        "cumulative": false
    },
    {
        "date": "2020-12-08T11:34:34.778Z",
        "value": "0.007989645004272461",
        "cumulative": false
    },
    {
        "date": "2020-12-08T11:34:36.931Z",
        "value": "0.008162260055541992",
        "cumulative": false
    },
    {
        "date": "2020-12-08T11:34:39.015Z",
        "value": "0.008691787719726562",
        "cumulative": false
    },
    {
        "date": "2020-12-08T11:34:41.170Z",
        "value": "0.01649188995361328",
        "cumulative": false
    },
    {
        "date": "2020-12-08T11:34:43.368Z",
        "value": "0.009839534759521484",
        "cumulative": false
    },
    {
        "date": "2020-12-08T11:34:45.421Z",
        "value": "0.008000850677490234",
        "cumulative": false
    },
    {
        "date": "2020-12-08T11:34:47.513Z",
        "value": "0.008390188217163086",
        "cumulative": false
    },
    {
        "date": "2020-12-08T11:34:49.649Z",
        "value": "0.008260250091552734",
        "cumulative": false
    },
    {
        "date": "2020-12-08T11:34:51.728Z",
        "value": "0.008748531341552734",
        "cumulative": false
    },
    {
        "date": "2020-12-08T11:34:53.780Z",
        "value": "0.01015472412109375",
        "cumulative": false
    },
    {
        "date": "2020-12-08T11:34:56.069Z",
        "value": "0.008457422256469727",
        "cumulative": false
    },
    {
        "date": "2020-12-08T11:34:58.170Z",
        "value": "0.012166976928710938",
        "cumulative": false
    }
]