[
    {
        "date": "2020-12-08T11:34:22.003Z",
        "value": "0.00466465950012207",
        "cumulative": false
    },
    {
        "date": "2020-12-08T11:34:24.121Z",
        "value": "0.004287004470825195",
        "cumulative": false
    },
    {
        "date": "2020-12-08T11:34:26.226Z",
        "value": "0.004349231719970703",
        "cumulative": false
    },
    {
        "date": "2020-12-08T11:34:28.382Z",
        "value": "0.00404047966003418",
        "cumulative": false
    },
    {
        "date": "2020-12-08T11:34:30.528Z",
        "value": "0.004416465759277344",
        "cumulative": false
    },
    {
        "date": "2020-12-08T11:34:32.632Z",
        "value": "0.004186391830444336",
        "cumulative": false
    },
    {
        "date": "2020-12-08T11:34:34.768Z",
        "value": "0.00437164306640625",
        "cumulative": false
    },
    {
        "date": "2020-12-08T11:34:36.921Z",
        "value": "0.004776954650878906",
        "cumulative": false
    },
    {
        "date": "2020-12-08T11:34:39.011Z",
        "value": "0.003997802734375",
        "cumulative": false
    },
    {
        "date": "2020-12-08T11:34:41.173Z",
        "value": "0.00433349609375",
        "cumulative": false
    },
    {
        "date": "2020-12-08T11:34:43.369Z",
        "value": "0.0046155452728271484",
        "cumulative": false
    },
    {
        "date": "2020-12-08T11:34:45.425Z",
        "value": "0.004905223846435547",
        "cumulative": false
    },
    {
        "date": "2020-12-08T11:34:47.518Z",
        "value": "0.005438089370727539",
        "cumulative": false
    },
    {
        "date": "2020-12-08T11:34:49.656Z",
        "value": "0.0053119659423828125",
        "cumulative": false
    },
    {
        "date": "2020-12-08T11:34:51.716Z",
        "value": "0.004270315170288086",
        "cumulative": false
    },
    {
        "date": "2020-12-08T11:34:53.780Z",
        "value": "0.004879951477050781",
        "cumulative": false
    },
    {
        "date": "2020-12-08T11:34:56.065Z",
        "value": "0.004597902297973633",
        "cumulative": false
    },
    {
        "date": "2020-12-08T11:34:58.166Z",
        "value": "0.004366874694824219",
        "cumulative": false
    }
]