[
    {
        "date": "2020-12-08T11:34:20.614Z",
        "value": "12.5",
        "cumulative": false
    },
    {
        "date": "2020-12-08T11:34:22.676Z",
        "value": "17.1875",
        "cumulative": false
    },
    {
        "date": "2020-12-08T11:34:24.819Z",
        "value": "38.28125",
        "cumulative": false
    },
    {
        "date": "2020-12-08T11:34:26.914Z",
        "value": "49.21875",
        "cumulative": false
    },
    {
        "date": "2020-12-08T11:34:29.041Z",
        "value": "51.5625",
        "cumulative": false
    },
    {
        "date": "2020-12-08T11:34:31.248Z",
        "value": "62.5",
        "cumulative": false
    },
    {
        "date": "2020-12-08T11:34:33.380Z",
        "value": "61.71875",
        "cumulative": false
    },
    {
        "date": "2020-12-08T11:34:35.491Z",
        "value": "70.3125",
        "cumulative": false
    },
    {
        "date": "2020-12-08T11:34:37.595Z",
        "value": "68.75",
        "cumulative": false
    },
    {
        "date": "2020-12-08T11:34:39.706Z",
        "value": "68.75",
        "cumulative": false
    },
    {
        "date": "2020-12-08T11:34:41.895Z",
        "value": "71.875",
        "cumulative": false
    },
    {
        "date": "2020-12-08T11:34:44.047Z",
        "value": "82.03125",
        "cumulative": false
    },
    {
        "date": "2020-12-08T11:34:46.147Z",
        "value": "79.6875",
        "cumulative": false
    },
    {
        "date": "2020-12-08T11:34:48.192Z",
        "value": "79.6875",
        "cumulative": false
    },
    {
        "date": "2020-12-08T11:34:50.344Z",
        "value": "82.03125",
        "cumulative": false
    },
    {
        "date": "2020-12-08T11:34:52.380Z",
        "value": "75.78125",
        "cumulative": false
    },
    {
        "date": "2020-12-08T11:34:54.476Z",
        "value": "76.5625",
        "cumulative": false
    },
    {
        "date": "2020-12-08T11:34:56.806Z",
        "value": "82.03125",
        "cumulative": false
    }
]