[
    {
        "date": "2020-12-08T11:34:22.003Z",
        "value": "0.1547393798828125",
        "cumulative": false
    },
    {
        "date": "2020-12-08T11:34:24.115Z",
        "value": "0.14647388458251953",
        "cumulative": false
    },
    {
        "date": "2020-12-08T11:34:26.226Z",
        "value": "0.15482282638549805",
        "cumulative": false
    },
    {
        "date": "2020-12-08T11:34:28.399Z",
        "value": "0.16259002685546875",
        "cumulative": false
    },
    {
        "date": "2020-12-08T11:34:30.527Z",
        "value": "0.1607370376586914",
        "cumulative": false
    },
    {
        "date": "2020-12-08T11:34:32.643Z",
        "value": "0.17163991928100586",
        "cumulative": false
    },
    {
        "date": "2020-12-08T11:34:34.766Z",
        "value": "0.17981863021850586",
        "cumulative": false
    },
    {
        "date": "2020-12-08T11:34:36.923Z",
        "value": "0.15703248977661133",
        "cumulative": false
    },
    {
        "date": "2020-12-08T11:34:39.013Z",
        "value": "0.1760108470916748",
        "cumulative": false
    },
    {
        "date": "2020-12-08T11:34:41.169Z",
        "value": "0.17459630966186523",
        "cumulative": false
    },
    {
        "date": "2020-12-08T11:34:43.372Z",
        "value": "0.14323639869689941",
        "cumulative": false
    },
    {
        "date": "2020-12-08T11:34:45.419Z",
        "value": "0.17940139770507812",
        "cumulative": false
    },
    {
        "date": "2020-12-08T11:34:47.515Z",
        "value": "0.1683216094970703",
        "cumulative": false
    },
    {
        "date": "2020-12-08T11:34:49.652Z",
        "value": "0.18129992485046387",
        "cumulative": false
    },
    {
        "date": "2020-12-08T11:34:51.733Z",
        "value": "0.16817879676818848",
        "cumulative": false
    },
    {
        "date": "2020-12-08T11:34:53.776Z",
        "value": "0.16614174842834473",
        "cumulative": false
    },
    {
        "date": "2020-12-08T11:34:56.071Z",
        "value": "0.19469022750854492",
        "cumulative": false
    },
    {
        "date": "2020-12-08T11:34:58.168Z",
        "value": "0.13837623596191406",
        "cumulative": false
    }
]