[
    {
        "date": "2020-12-08T11:34:21.998Z",
        "value": "1.0443041324615479",
        "cumulative": false
    },
    {
        "date": "2020-12-08T11:34:24.105Z",
        "value": "1.006779670715332",
        "cumulative": false
    },
    {
        "date": "2020-12-08T11:34:26.227Z",
        "value": "0.9788539409637451",
        "cumulative": false
    },
    {
        "date": "2020-12-08T11:34:28.389Z",
        "value": "0.9581396579742432",
        "cumulative": false
    },
    {
        "date": "2020-12-08T11:34:30.528Z",
        "value": "0.9763903617858887",
        "cumulative": false
    },
    {
        "date": "2020-12-08T11:34:32.630Z",
        "value": "0.9054934978485107",
        "cumulative": false
    },
    {
        "date": "2020-12-08T11:34:34.762Z",
        "value": "0.9567604064941406",
        "cumulative": false
    },
    {
        "date": "2020-12-08T11:34:36.924Z",
        "value": "1.0108685493469238",
        "cumulative": false
    },
    {
        "date": "2020-12-08T11:34:39.008Z",
        "value": "0.9767460823059082",
        "cumulative": false
    },
    {
        "date": "2020-12-08T11:34:41.165Z",
        "value": "1.0104856491088867",
        "cumulative": false
    },
    {
        "date": "2020-12-08T11:34:43.361Z",
        "value": "0.9684069156646729",
        "cumulative": false
    },
    {
        "date": "2020-12-08T11:34:45.409Z",
        "value": "0.8853962421417236",
        "cumulative": false
    },
    {
        "date": "2020-12-08T11:34:47.514Z",
        "value": "0.8967206478118896",
        "cumulative": false
    },
    {
        "date": "2020-12-08T11:34:49.641Z",
        "value": "0.9199066162109375",
        "cumulative": false
    },
    {
        "date": "2020-12-08T11:34:51.717Z",
        "value": "0.9022934436798096",
        "cumulative": false
    },
    {
        "date": "2020-12-08T11:34:53.769Z",
        "value": "0.9261415004730225",
        "cumulative": false
    },
    {
        "date": "2020-12-08T11:34:56.063Z",
        "value": "1.100311279296875",
        "cumulative": false
    },
    {
        "date": "2020-12-08T11:34:58.156Z",
        "value": "0.8548483848571777",
        "cumulative": false
    }
]