[
    {
        "date": "2020-12-08T11:34:20.607Z",
        "value": "6.25",
        "cumulative": false
    },
    {
        "date": "2020-12-08T11:34:22.667Z",
        "value": "20.3125",
        "cumulative": false
    },
    {
        "date": "2020-12-08T11:34:24.810Z",
        "value": "36.71875",
        "cumulative": false
    },
    {
        "date": "2020-12-08T11:34:26.909Z",
        "value": "50.78125",
        "cumulative": false
    },
    {
        "date": "2020-12-08T11:34:29.044Z",
        "value": "55.46875",
        "cumulative": false
    },
    {
        "date": "2020-12-08T11:34:31.231Z",
        "value": "53.90625",
        "cumulative": false
    },
    {
        "date": "2020-12-08T11:34:33.381Z",
        "value": "66.40625",
        "cumulative": false
    },
    {
        "date": "2020-12-08T11:34:35.478Z",
        "value": "68.75",
        "cumulative": false
    },
    {
        "date": "2020-12-08T11:34:37.585Z",
        "value": "68.75",
        "cumulative": false
    },
    {
        "date": "2020-12-08T11:34:39.705Z",
        "value": "71.09375",
        "cumulative": false
    },
    {
        "date": "2020-12-08T11:34:41.894Z",
        "value": "71.09375",
        "cumulative": false
    },
    {
        "date": "2020-12-08T11:34:44.045Z",
        "value": "77.34375",
        "cumulative": false
    },
    {
        "date": "2020-12-08T11:34:46.142Z",
        "value": "72.65625",
        "cumulative": false
    },
    {
        "date": "2020-12-08T11:34:48.181Z",
        "value": "78.90625",
        "cumulative": false
    },
    {
        "date": "2020-12-08T11:34:50.335Z",
        "value": "84.375",
        "cumulative": false
    },
    {
        "date": "2020-12-08T11:34:52.366Z",
        "value": "83.59375",
        "cumulative": false
    },
    {
        "date": "2020-12-08T11:34:54.466Z",
        "value": "88.28125",
        "cumulative": false
    },
    {
        "date": "2020-12-08T11:34:56.790Z",
        "value": "86.71875",
        "cumulative": false
    }
]