[
    {
        "date": "2020-12-08T11:34:20.606Z",
        "value": "2.311479091644287",
        "cumulative": false
    },
    {
        "date": "2020-12-08T11:34:22.669Z",
        "value": "1.9814457893371582",
        "cumulative": false
    },
    {
        "date": "2020-12-08T11:34:24.811Z",
        "value": "1.6467957496643066",
        "cumulative": false
    },
    {
        "date": "2020-12-08T11:34:26.921Z",
        "value": "1.397422432899475",
        "cumulative": false
    },
    {
        "date": "2020-12-08T11:34:29.038Z",
        "value": "1.0248384475708008",
        "cumulative": false
    },
    {
        "date": "2020-12-08T11:34:31.241Z",
        "value": "1.0403903722763062",
        "cumulative": false
    },
    {
        "date": "2020-12-08T11:34:33.371Z",
        "value": "0.8418788313865662",
        "cumulative": false
    },
    {
        "date": "2020-12-08T11:34:35.488Z",
        "value": "0.7968567609786987",
        "cumulative": false
    },
    {
        "date": "2020-12-08T11:34:37.592Z",
        "value": "0.8338287472724915",
        "cumulative": false
    },
    {
        "date": "2020-12-08T11:34:39.711Z",
        "value": "0.9541081786155701",
        "cumulative": false
    },
    {
        "date": "2020-12-08T11:34:41.891Z",
        "value": "0.6322978734970093",
        "cumulative": false
    },
    {
        "date": "2020-12-08T11:34:44.049Z",
        "value": "0.5086573362350464",
        "cumulative": false
    },
    {
        "date": "2020-12-08T11:34:46.143Z",
        "value": "0.5556268692016602",
        "cumulative": false
    },
    {
        "date": "2020-12-08T11:34:48.184Z",
        "value": "0.6299719214439392",
        "cumulative": false
    },
    {
        "date": "2020-12-08T11:34:50.345Z",
        "value": "0.5337689518928528",
        "cumulative": false
    },
    {
        "date": "2020-12-08T11:34:52.373Z",
        "value": "0.572573721408844",
        "cumulative": false
    },
    {
        "date": "2020-12-08T11:34:54.470Z",
        "value": "0.7129366993904114",
        "cumulative": false
    },
    {
        "date": "2020-12-08T11:34:56.788Z",
        "value": "0.37978240847587585",
        "cumulative": false
    }
]