[
    {
        "date": "2020-12-08T11:34:22.003Z",
        "value": "8.225440979003906e-05",
        "cumulative": false
    },
    {
        "date": "2020-12-08T11:34:24.115Z",
        "value": "8.130073547363281e-05",
        "cumulative": false
    },
    {
        "date": "2020-12-08T11:34:26.227Z",
        "value": "8.034706115722656e-05",
        "cumulative": false
    },
    {
        "date": "2020-12-08T11:34:28.399Z",
        "value": "8.344650268554688e-05",
        "cumulative": false
    },
    {
        "date": "2020-12-08T11:34:30.527Z",
        "value": "8.320808410644531e-05",
        "cumulative": false
    },
    {
        "date": "2020-12-08T11:34:32.643Z",
        "value": "8.034706115722656e-05",
        "cumulative": false
    },
    {
        "date": "2020-12-08T11:34:34.766Z",
        "value": "8.153915405273438e-05",
        "cumulative": false
    },
    {
        "date": "2020-12-08T11:34:36.923Z",
        "value": "8.249282836914062e-05",
        "cumulative": false
    },
    {
        "date": "2020-12-08T11:34:39.014Z",
        "value": "8.249282836914062e-05",
        "cumulative": false
    },
    {
        "date": "2020-12-08T11:34:41.169Z",
        "value": "7.772445678710938e-05",
        "cumulative": false
    },
    {
        "date": "2020-12-08T11:34:43.372Z",
        "value": "8.130073547363281e-05",
        "cumulative": false
    },
    {
        "date": "2020-12-08T11:34:45.419Z",
        "value": "8.320808410644531e-05",
        "cumulative": false
    },
    {
        "date": "2020-12-08T11:34:47.515Z",
        "value": "9.965896606445312e-05",
        "cumulative": false
    },
    {
        "date": "2020-12-08T11:34:49.652Z",
        "value": "0.000110626220703125",
        "cumulative": false
    },
    {
        "date": "2020-12-08T11:34:51.733Z",
        "value": "8.034706115722656e-05",
        "cumulative": false
    },
    {
        "date": "2020-12-08T11:34:53.776Z",
        "value": "8.0108642578125e-05",
        "cumulative": false
    },
    {
        "date": "2020-12-08T11:34:56.071Z",
        "value": "8.249282836914062e-05",
        "cumulative": false
    },
    {
        "date": "2020-12-08T11:34:58.168Z",
        "value": "7.963180541992188e-05",
        "cumulative": false
    }
]