[
    {
        "date": "2020-12-08T11:34:21.991Z",
        "value": "0.0663139820098877",
        "cumulative": false
    },
    {
        "date": "2020-12-08T11:34:24.109Z",
        "value": "0.055425167083740234",
        "cumulative": false
    },
    {
        "date": "2020-12-08T11:34:26.228Z",
        "value": "0.05991649627685547",
        "cumulative": false
    },
    {
        "date": "2020-12-08T11:34:28.389Z",
        "value": "0.06480956077575684",
        "cumulative": false
    },
    {
        "date": "2020-12-08T11:34:30.523Z",
        "value": "0.07508301734924316",
        "cumulative": false
    },
    {
        "date": "2020-12-08T11:34:32.626Z",
        "value": "0.059661149978637695",
        "cumulative": false
    },
    {
        "date": "2020-12-08T11:34:34.763Z",
        "value": "0.06300640106201172",
        "cumulative": false
    },
    {
        "date": "2020-12-08T11:34:36.915Z",
        "value": "0.06362700462341309",
        "cumulative": false
    },
    {
        "date": "2020-12-08T11:34:39.008Z",
        "value": "0.05708026885986328",
        "cumulative": false
    },
    {
        "date": "2020-12-08T11:34:41.163Z",
        "value": "0.06832623481750488",
        "cumulative": false
    },
    {
        "date": "2020-12-08T11:34:43.360Z",
        "value": "0.06567049026489258",
        "cumulative": false
    },
    {
        "date": "2020-12-08T11:34:45.409Z",
        "value": "0.05967402458190918",
        "cumulative": false
    },
    {
        "date": "2020-12-08T11:34:47.511Z",
        "value": "0.060399770736694336",
        "cumulative": false
    },
    {
        "date": "2020-12-08T11:34:49.644Z",
        "value": "0.059915781021118164",
        "cumulative": false
    },
    {
        "date": "2020-12-08T11:34:51.722Z",
        "value": "0.06435775756835938",
        "cumulative": false
    },
    {
        "date": "2020-12-08T11:34:53.779Z",
        "value": "0.06380558013916016",
        "cumulative": false
    },
    {
        "date": "2020-12-08T11:34:56.062Z",
        "value": "0.058710575103759766",
        "cumulative": false
    },
    {
        "date": "2020-12-08T11:34:58.158Z",
        "value": "0.06556200981140137",
        "cumulative": false
    }
]