[
    {
        "date": "2020-12-08T11:34:22.003Z",
        "value": "0.11607813835144043",
        "cumulative": false
    },
    {
        "date": "2020-12-08T11:34:24.121Z",
        "value": "0.12429547309875488",
        "cumulative": false
    },
    {
        "date": "2020-12-08T11:34:26.226Z",
        "value": "0.11177420616149902",
        "cumulative": false
    },
    {
        "date": "2020-12-08T11:34:28.382Z",
        "value": "0.12582898139953613",
        "cumulative": false
    },
    {
        "date": "2020-12-08T11:34:30.528Z",
        "value": "0.12457537651062012",
        "cumulative": false
    },
    {
        "date": "2020-12-08T11:34:32.632Z",
        "value": "0.12039899826049805",
        "cumulative": false
    },
    {
        "date": "2020-12-08T11:34:34.768Z",
        "value": "0.1204981803894043",
        "cumulative": false
    },
    {
        "date": "2020-12-08T11:34:36.921Z",
        "value": "0.13659095764160156",
        "cumulative": false
    },
    {
        "date": "2020-12-08T11:34:39.011Z",
        "value": "0.11696624755859375",
        "cumulative": false
    },
    {
        "date": "2020-12-08T11:34:41.173Z",
        "value": "0.13127565383911133",
        "cumulative": false
    },
    {
        "date": "2020-12-08T11:34:43.369Z",
        "value": "0.1266803741455078",
        "cumulative": false
    },
    {
        "date": "2020-12-08T11:34:45.425Z",
        "value": "0.12481808662414551",
        "cumulative": false
    },
    {
        "date": "2020-12-08T11:34:47.518Z",
        "value": "0.13199734687805176",
        "cumulative": false
    },
    {
        "date": "2020-12-08T11:34:49.656Z",
        "value": "0.12422418594360352",
        "cumulative": false
    },
    {
        "date": "2020-12-08T11:34:51.716Z",
        "value": "0.11487317085266113",
        "cumulative": false
    },
    {
        "date": "2020-12-08T11:34:53.780Z",
        "value": "0.13414812088012695",
        "cumulative": false
    },
    {
        "date": "2020-12-08T11:34:56.065Z",
        "value": "0.13493609428405762",
        "cumulative": false
    },
    {
        "date": "2020-12-08T11:34:58.166Z",
        "value": "0.11647176742553711",
        "cumulative": false
    }
]