[
    {
        "date": "2020-12-08T11:34:21.998Z",
        "value": "0.015997648239135742",
        "cumulative": false
    },
    {
        "date": "2020-12-08T11:34:24.105Z",
        "value": "0.01567816734313965",
        "cumulative": false
    },
    {
        "date": "2020-12-08T11:34:26.227Z",
        "value": "0.01579737663269043",
        "cumulative": false
    },
    {
        "date": "2020-12-08T11:34:28.389Z",
        "value": "0.01735997200012207",
        "cumulative": false
    },
    {
        "date": "2020-12-08T11:34:30.528Z",
        "value": "0.016999244689941406",
        "cumulative": false
    },
    {
        "date": "2020-12-08T11:34:32.630Z",
        "value": "0.016751766204833984",
        "cumulative": false
    },
    {
        "date": "2020-12-08T11:34:34.762Z",
        "value": "0.016021728515625",
        "cumulative": false
    },
    {
        "date": "2020-12-08T11:34:36.924Z",
        "value": "0.01595759391784668",
        "cumulative": false
    },
    {
        "date": "2020-12-08T11:34:39.008Z",
        "value": "0.016354799270629883",
        "cumulative": false
    },
    {
        "date": "2020-12-08T11:34:41.165Z",
        "value": "0.017153263092041016",
        "cumulative": false
    },
    {
        "date": "2020-12-08T11:34:43.361Z",
        "value": "0.017067909240722656",
        "cumulative": false
    },
    {
        "date": "2020-12-08T11:34:45.409Z",
        "value": "0.017014026641845703",
        "cumulative": false
    },
    {
        "date": "2020-12-08T11:34:47.514Z",
        "value": "0.018690109252929688",
        "cumulative": false
    },
    {
        "date": "2020-12-08T11:34:49.641Z",
        "value": "0.018003225326538086",
        "cumulative": false
    },
    {
        "date": "2020-12-08T11:34:51.717Z",
        "value": "0.016615629196166992",
        "cumulative": false
    },
    {
        "date": "2020-12-08T11:34:53.769Z",
        "value": "0.015872478485107422",
        "cumulative": false
    },
    {
        "date": "2020-12-08T11:34:56.063Z",
        "value": "0.016239643096923828",
        "cumulative": false
    },
    {
        "date": "2020-12-08T11:34:58.156Z",
        "value": "0.0170590877532959",
        "cumulative": false
    }
]