[
    {
        "date": "2020-12-08T11:34:21.999Z",
        "value": "0.1843883991241455",
        "cumulative": false
    },
    {
        "date": "2020-12-08T11:34:24.111Z",
        "value": "0.15975165367126465",
        "cumulative": false
    },
    {
        "date": "2020-12-08T11:34:26.227Z",
        "value": "0.17668890953063965",
        "cumulative": false
    },
    {
        "date": "2020-12-08T11:34:28.390Z",
        "value": "0.16094613075256348",
        "cumulative": false
    },
    {
        "date": "2020-12-08T11:34:30.528Z",
        "value": "0.1396031379699707",
        "cumulative": false
    },
    {
        "date": "2020-12-08T11:34:32.636Z",
        "value": "0.16870355606079102",
        "cumulative": false
    },
    {
        "date": "2020-12-08T11:34:34.767Z",
        "value": "0.15319108963012695",
        "cumulative": false
    },
    {
        "date": "2020-12-08T11:34:36.920Z",
        "value": "0.16201210021972656",
        "cumulative": false
    },
    {
        "date": "2020-12-08T11:34:39.013Z",
        "value": "0.1676788330078125",
        "cumulative": false
    },
    {
        "date": "2020-12-08T11:34:41.177Z",
        "value": "0.16823720932006836",
        "cumulative": false
    },
    {
        "date": "2020-12-08T11:34:43.369Z",
        "value": "0.16095232963562012",
        "cumulative": false
    },
    {
        "date": "2020-12-08T11:34:45.430Z",
        "value": "0.16689610481262207",
        "cumulative": false
    },
    {
        "date": "2020-12-08T11:34:47.513Z",
        "value": "0.17350983619689941",
        "cumulative": false
    },
    {
        "date": "2020-12-08T11:34:49.647Z",
        "value": "0.1520369052886963",
        "cumulative": false
    },
    {
        "date": "2020-12-08T11:34:51.722Z",
        "value": "0.16492676734924316",
        "cumulative": false
    },
    {
        "date": "2020-12-08T11:34:53.790Z",
        "value": "0.16280865669250488",
        "cumulative": false
    },
    {
        "date": "2020-12-08T11:34:56.070Z",
        "value": "0.174088716506958",
        "cumulative": false
    },
    {
        "date": "2020-12-08T11:34:58.171Z",
        "value": "0.16541123390197754",
        "cumulative": false
    }
]