[
    {
        "date": "2020-12-08T11:34:21.999Z",
        "value": "3.883303642272949",
        "cumulative": false
    },
    {
        "date": "2020-12-08T11:34:24.121Z",
        "value": "1.5509326457977295",
        "cumulative": false
    },
    {
        "date": "2020-12-08T11:34:26.225Z",
        "value": "1.5403342247009277",
        "cumulative": false
    },
    {
        "date": "2020-12-08T11:34:28.382Z",
        "value": "1.569218635559082",
        "cumulative": false
    },
    {
        "date": "2020-12-08T11:34:30.528Z",
        "value": "1.5734245777130127",
        "cumulative": false
    },
    {
        "date": "2020-12-08T11:34:32.631Z",
        "value": "1.5419600009918213",
        "cumulative": false
    },
    {
        "date": "2020-12-08T11:34:34.767Z",
        "value": "1.5435893535614014",
        "cumulative": false
    },
    {
        "date": "2020-12-08T11:34:36.921Z",
        "value": "1.5356113910675049",
        "cumulative": false
    },
    {
        "date": "2020-12-08T11:34:39.011Z",
        "value": "1.534771203994751",
        "cumulative": false
    },
    {
        "date": "2020-12-08T11:34:41.172Z",
        "value": "1.590752363204956",
        "cumulative": false
    },
    {
        "date": "2020-12-08T11:34:43.369Z",
        "value": "1.5706021785736084",
        "cumulative": false
    },
    {
        "date": "2020-12-08T11:34:45.425Z",
        "value": "1.4764091968536377",
        "cumulative": false
    },
    {
        "date": "2020-12-08T11:34:47.518Z",
        "value": "1.5118365287780762",
        "cumulative": false
    },
    {
        "date": "2020-12-08T11:34:49.656Z",
        "value": "1.5313713550567627",
        "cumulative": false
    },
    {
        "date": "2020-12-08T11:34:51.716Z",
        "value": "1.4990649223327637",
        "cumulative": false
    },
    {
        "date": "2020-12-08T11:34:53.779Z",
        "value": "1.5069568157196045",
        "cumulative": false
    },
    {
        "date": "2020-12-08T11:34:56.065Z",
        "value": "1.7167751789093018",
        "cumulative": false
    },
    {
        "date": "2020-12-08T11:34:58.165Z",
        "value": "1.4826796054840088",
        "cumulative": false
    }
]