[
    {
        "date": "2020-12-08T11:34:20.610Z",
        "value": "2.528208017349243",
        "cumulative": false
    },
    {
        "date": "2020-12-08T11:34:22.677Z",
        "value": "1.977304220199585",
        "cumulative": false
    },
    {
        "date": "2020-12-08T11:34:24.816Z",
        "value": "1.6653302907943726",
        "cumulative": false
    },
    {
        "date": "2020-12-08T11:34:26.931Z",
        "value": "1.3276031017303467",
        "cumulative": false
    },
    {
        "date": "2020-12-08T11:34:29.048Z",
        "value": "1.1723790168762207",
        "cumulative": false
    },
    {
        "date": "2020-12-08T11:34:31.241Z",
        "value": "1.0445895195007324",
        "cumulative": false
    },
    {
        "date": "2020-12-08T11:34:33.383Z",
        "value": "0.9230127334594727",
        "cumulative": false
    },
    {
        "date": "2020-12-08T11:34:35.483Z",
        "value": "0.8062856197357178",
        "cumulative": false
    },
    {
        "date": "2020-12-08T11:34:37.593Z",
        "value": "0.7707918286323547",
        "cumulative": false
    },
    {
        "date": "2020-12-08T11:34:39.710Z",
        "value": "0.5719159841537476",
        "cumulative": false
    },
    {
        "date": "2020-12-08T11:34:41.895Z",
        "value": "0.7323065400123596",
        "cumulative": false
    },
    {
        "date": "2020-12-08T11:34:44.049Z",
        "value": "0.7307670712471008",
        "cumulative": false
    },
    {
        "date": "2020-12-08T11:34:46.151Z",
        "value": "0.6170497536659241",
        "cumulative": false
    },
    {
        "date": "2020-12-08T11:34:48.185Z",
        "value": "0.4765605628490448",
        "cumulative": false
    },
    {
        "date": "2020-12-08T11:34:50.342Z",
        "value": "0.5384909510612488",
        "cumulative": false
    },
    {
        "date": "2020-12-08T11:34:52.379Z",
        "value": "0.46066227555274963",
        "cumulative": false
    },
    {
        "date": "2020-12-08T11:34:54.476Z",
        "value": "0.49588412046432495",
        "cumulative": false
    },
    {
        "date": "2020-12-08T11:34:56.800Z",
        "value": "0.44585928320884705",
        "cumulative": false
    }
]