[
    {
        "date": "2020-12-08T11:34:22.001Z",
        "value": "1.0676624774932861",
        "cumulative": false
    },
    {
        "date": "2020-12-08T11:34:24.118Z",
        "value": "0.9627864360809326",
        "cumulative": false
    },
    {
        "date": "2020-12-08T11:34:26.228Z",
        "value": "0.936988115310669",
        "cumulative": false
    },
    {
        "date": "2020-12-08T11:34:28.392Z",
        "value": "0.9895226955413818",
        "cumulative": false
    },
    {
        "date": "2020-12-08T11:34:30.531Z",
        "value": "0.9639031887054443",
        "cumulative": false
    },
    {
        "date": "2020-12-08T11:34:32.637Z",
        "value": "0.9646458625793457",
        "cumulative": false
    },
    {
        "date": "2020-12-08T11:34:34.766Z",
        "value": "0.9315636157989502",
        "cumulative": false
    },
    {
        "date": "2020-12-08T11:34:36.917Z",
        "value": "0.8947992324829102",
        "cumulative": false
    },
    {
        "date": "2020-12-08T11:34:39.011Z",
        "value": "0.9284822940826416",
        "cumulative": false
    },
    {
        "date": "2020-12-08T11:34:41.176Z",
        "value": "0.9755778312683105",
        "cumulative": false
    },
    {
        "date": "2020-12-08T11:34:43.366Z",
        "value": "1.0309524536132812",
        "cumulative": false
    },
    {
        "date": "2020-12-08T11:34:45.414Z",
        "value": "0.846879243850708",
        "cumulative": false
    },
    {
        "date": "2020-12-08T11:34:47.511Z",
        "value": "0.883843183517456",
        "cumulative": false
    },
    {
        "date": "2020-12-08T11:34:49.645Z",
        "value": "0.9420063495635986",
        "cumulative": false
    },
    {
        "date": "2020-12-08T11:34:51.718Z",
        "value": "0.8728055953979492",
        "cumulative": false
    },
    {
        "date": "2020-12-08T11:34:53.787Z",
        "value": "0.9163799285888672",
        "cumulative": false
    },
    {
        "date": "2020-12-08T11:34:56.066Z",
        "value": "1.130244493484497",
        "cumulative": false
    },
    {
        "date": "2020-12-08T11:34:58.162Z",
        "value": "0.8640539646148682",
        "cumulative": false
    }
]