[
    {
        "date": "2020-12-08T11:34:22.002Z",
        "value": "0.05929207801818848",
        "cumulative": false
    },
    {
        "date": "2020-12-08T11:34:24.117Z",
        "value": "0.057816267013549805",
        "cumulative": false
    },
    {
        "date": "2020-12-08T11:34:26.227Z",
        "value": "0.06738114356994629",
        "cumulative": false
    },
    {
        "date": "2020-12-08T11:34:28.380Z",
        "value": "0.06746864318847656",
        "cumulative": false
    },
    {
        "date": "2020-12-08T11:34:30.527Z",
        "value": "0.05785512924194336",
        "cumulative": false
    },
    {
        "date": "2020-12-08T11:34:32.625Z",
        "value": "0.06220555305480957",
        "cumulative": false
    },
    {
        "date": "2020-12-08T11:34:34.762Z",
        "value": "0.07188940048217773",
        "cumulative": false
    },
    {
        "date": "2020-12-08T11:34:36.916Z",
        "value": "0.0693354606628418",
        "cumulative": false
    },
    {
        "date": "2020-12-08T11:34:39.004Z",
        "value": "0.06121635437011719",
        "cumulative": false
    },
    {
        "date": "2020-12-08T11:34:41.162Z",
        "value": "0.06245708465576172",
        "cumulative": false
    },
    {
        "date": "2020-12-08T11:34:43.366Z",
        "value": "0.06644821166992188",
        "cumulative": false
    },
    {
        "date": "2020-12-08T11:34:45.417Z",
        "value": "0.06682920455932617",
        "cumulative": false
    },
    {
        "date": "2020-12-08T11:34:47.513Z",
        "value": "0.07126379013061523",
        "cumulative": false
    },
    {
        "date": "2020-12-08T11:34:49.640Z",
        "value": "0.07422614097595215",
        "cumulative": false
    },
    {
        "date": "2020-12-08T11:34:51.715Z",
        "value": "0.06350541114807129",
        "cumulative": false
    },
    {
        "date": "2020-12-08T11:34:53.769Z",
        "value": "0.06261777877807617",
        "cumulative": false
    },
    {
        "date": "2020-12-08T11:34:56.058Z",
        "value": "0.06036257743835449",
        "cumulative": false
    },
    {
        "date": "2020-12-08T11:34:58.160Z",
        "value": "0.05894207954406738",
        "cumulative": false
    }
]