[
    {
        "date": "2020-12-08T11:34:22.013Z",
        "value": "0.06619429588317871",
        "cumulative": false
    },
    {
        "date": "2020-12-08T11:34:24.138Z",
        "value": "0.08193135261535645",
        "cumulative": false
    },
    {
        "date": "2020-12-08T11:34:26.253Z",
        "value": "0.07552599906921387",
        "cumulative": false
    },
    {
        "date": "2020-12-08T11:34:28.413Z",
        "value": "0.07420039176940918",
        "cumulative": false
    },
    {
        "date": "2020-12-08T11:34:30.549Z",
        "value": "0.08809041976928711",
        "cumulative": false
    },
    {
        "date": "2020-12-08T11:34:32.678Z",
        "value": "0.07669258117675781",
        "cumulative": false
    },
    {
        "date": "2020-12-08T11:34:34.795Z",
        "value": "0.07899951934814453",
        "cumulative": false
    },
    {
        "date": "2020-12-08T11:34:36.942Z",
        "value": "0.07837533950805664",
        "cumulative": false
    },
    {
        "date": "2020-12-08T11:34:39.040Z",
        "value": "0.07288074493408203",
        "cumulative": false
    },
    {
        "date": "2020-12-08T11:34:41.207Z",
        "value": "0.0756826400756836",
        "cumulative": false
    },
    {
        "date": "2020-12-08T11:34:43.393Z",
        "value": "0.08174300193786621",
        "cumulative": false
    },
    {
        "date": "2020-12-08T11:34:45.442Z",
        "value": "0.07264304161071777",
        "cumulative": false
    },
    {
        "date": "2020-12-08T11:34:47.541Z",
        "value": "0.07552051544189453",
        "cumulative": false
    },
    {
        "date": "2020-12-08T11:34:49.674Z",
        "value": "0.07019376754760742",
        "cumulative": false
    },
    {
        "date": "2020-12-08T11:34:51.743Z",
        "value": "0.07963967323303223",
        "cumulative": false
    },
    {
        "date": "2020-12-08T11:34:53.804Z",
        "value": "0.0749046802520752",
        "cumulative": false
    },
    {
        "date": "2020-12-08T11:34:56.087Z",
        "value": "0.07458043098449707",
        "cumulative": false
    },
    {
        "date": "2020-12-08T11:34:58.190Z",
        "value": "0.07853269577026367",
        "cumulative": false
    }
]