[
    {
        "date": "2020-12-08T11:34:20.605Z",
        "value": "10.9375",
        "cumulative": false
    },
    {
        "date": "2020-12-08T11:34:22.660Z",
        "value": "21.09375",
        "cumulative": false
    },
    {
        "date": "2020-12-08T11:34:24.809Z",
        "value": "38.28125",
        "cumulative": false
    },
    {
        "date": "2020-12-08T11:34:26.904Z",
        "value": "47.65625",
        "cumulative": false
    },
    {
        "date": "2020-12-08T11:34:29.043Z",
        "value": "59.375",
        "cumulative": false
    },
    {
        "date": "2020-12-08T11:34:31.231Z",
        "value": "60.9375",
        "cumulative": false
    },
    {
        "date": "2020-12-08T11:34:33.376Z",
        "value": "71.875",
        "cumulative": false
    },
    {
        "date": "2020-12-08T11:34:35.484Z",
        "value": "65.625",
        "cumulative": false
    },
    {
        "date": "2020-12-08T11:34:37.585Z",
        "value": "69.53125",
        "cumulative": false
    },
    {
        "date": "2020-12-08T11:34:39.697Z",
        "value": "75.0",
        "cumulative": false
    },
    {
        "date": "2020-12-08T11:34:41.897Z",
        "value": "77.34375",
        "cumulative": false
    },
    {
        "date": "2020-12-08T11:34:44.040Z",
        "value": "78.125",
        "cumulative": false
    },
    {
        "date": "2020-12-08T11:34:46.144Z",
        "value": "85.9375",
        "cumulative": false
    },
    {
        "date": "2020-12-08T11:34:48.175Z",
        "value": "85.15625",
        "cumulative": false
    },
    {
        "date": "2020-12-08T11:34:50.333Z",
        "value": "75.78125",
        "cumulative": false
    },
    {
        "date": "2020-12-08T11:34:52.358Z",
        "value": "85.15625",
        "cumulative": false
    },
    {
        "date": "2020-12-08T11:34:54.466Z",
        "value": "84.375",
        "cumulative": false
    },
    {
        "date": "2020-12-08T11:34:56.787Z",
        "value": "87.5",
        "cumulative": false
    }
]