[
    {
        "date": "2020-12-08T11:34:21.991Z",
        "value": "0.016855239868164062",
        "cumulative": false
    },
    {
        "date": "2020-12-08T11:34:24.100Z",
        "value": "0.015362262725830078",
        "cumulative": false
    },
    {
        "date": "2020-12-08T11:34:26.217Z",
        "value": "0.016228914260864258",
        "cumulative": false
    },
    {
        "date": "2020-12-08T11:34:28.378Z",
        "value": "0.013336420059204102",
        "cumulative": false
    },
    {
        "date": "2020-12-08T11:34:30.520Z",
        "value": "0.014451026916503906",
        "cumulative": false
    },
    {
        "date": "2020-12-08T11:34:32.628Z",
        "value": "0.01542210578918457",
        "cumulative": false
    },
    {
        "date": "2020-12-08T11:34:34.764Z",
        "value": "0.015118122100830078",
        "cumulative": false
    },
    {
        "date": "2020-12-08T11:34:36.910Z",
        "value": "0.015355110168457031",
        "cumulative": false
    },
    {
        "date": "2020-12-08T11:34:39.010Z",
        "value": "0.015757322311401367",
        "cumulative": false
    },
    {
        "date": "2020-12-08T11:34:41.167Z",
        "value": "0.01490926742553711",
        "cumulative": false
    },
    {
        "date": "2020-12-08T11:34:43.355Z",
        "value": "0.01694488525390625",
        "cumulative": false
    },
    {
        "date": "2020-12-08T11:34:45.408Z",
        "value": "0.014426469802856445",
        "cumulative": false
    },
    {
        "date": "2020-12-08T11:34:47.506Z",
        "value": "0.01425790786743164",
        "cumulative": false
    },
    {
        "date": "2020-12-08T11:34:49.636Z",
        "value": "0.014551401138305664",
        "cumulative": false
    },
    {
        "date": "2020-12-08T11:34:51.717Z",
        "value": "0.013791561126708984",
        "cumulative": false
    },
    {
        "date": "2020-12-08T11:34:53.764Z",
        "value": "0.015827655792236328",
        "cumulative": false
    },
    {
        "date": "2020-12-08T11:34:56.070Z",
        "value": "0.016036510467529297",
        "cumulative": false
    },
    {
        "date": "2020-12-08T11:34:58.156Z",
        "value": "0.014238357543945312",
        "cumulative": false
    }
]