[
    {
        "date": "2020-12-08T11:34:20.608Z",
        "value": "48.4375",
        "cumulative": false
    },
    {
        "date": "2020-12-08T11:34:22.666Z",
        "value": "79.6875",
        "cumulative": false
    },
    {
        "date": "2020-12-08T11:34:24.813Z",
        "value": "88.28125",
        "cumulative": false
    },
    {
        "date": "2020-12-08T11:34:26.914Z",
        "value": "89.84375",
        "cumulative": false
    },
    {
        "date": "2020-12-08T11:34:29.041Z",
        "value": "95.3125",
        "cumulative": false
    },
    {
        "date": "2020-12-08T11:34:31.236Z",
        "value": "96.09375",
        "cumulative": false
    },
    {
        "date": "2020-12-08T11:34:33.381Z",
        "value": "96.09375",
        "cumulative": false
    },
    {
        "date": "2020-12-08T11:34:35.484Z",
        "value": "98.4375",
        "cumulative": false
    },
    {
        "date": "2020-12-08T11:34:37.590Z",
        "value": "96.875",
        "cumulative": false
    },
    {
        "date": "2020-12-08T11:34:39.706Z",
        "value": "99.21875",
        "cumulative": false
    },
    {
        "date": "2020-12-08T11:34:41.894Z",
        "value": "98.4375",
        "cumulative": false
    },
    {
        "date": "2020-12-08T11:34:44.043Z",
        "value": "98.4375",
        "cumulative": false
    },
    {
        "date": "2020-12-08T11:34:46.144Z",
        "value": "96.875",
        "cumulative": false
    },
    {
        "date": "2020-12-08T11:34:48.182Z",
        "value": "100.0",
        "cumulative": false
    },
    {
        "date": "2020-12-08T11:34:50.336Z",
        "value": "100.0",
        "cumulative": false
    },
    {
        "date": "2020-12-08T11:34:52.376Z",
        "value": "100.0",
        "cumulative": false
    },
    {
        "date": "2020-12-08T11:34:54.469Z",
        "value": "99.21875",
        "cumulative": false
    },
    {
        "date": "2020-12-08T11:34:56.790Z",
        "value": "100.0",
        "cumulative": false
    }
]