[
    {
        "date": "2020-12-08T11:34:22.010Z",
        "value": "0.0159909725189209",
        "cumulative": false
    },
    {
        "date": "2020-12-08T11:34:24.138Z",
        "value": "0.011779069900512695",
        "cumulative": false
    },
    {
        "date": "2020-12-08T11:34:26.253Z",
        "value": "0.009855985641479492",
        "cumulative": false
    },
    {
        "date": "2020-12-08T11:34:28.413Z",
        "value": "0.01044154167175293",
        "cumulative": false
    },
    {
        "date": "2020-12-08T11:34:30.549Z",
        "value": "0.010888099670410156",
        "cumulative": false
    },
    {
        "date": "2020-12-08T11:34:32.678Z",
        "value": "0.010394811630249023",
        "cumulative": false
    },
    {
        "date": "2020-12-08T11:34:34.795Z",
        "value": "0.010747432708740234",
        "cumulative": false
    },
    {
        "date": "2020-12-08T11:34:36.942Z",
        "value": "0.01248931884765625",
        "cumulative": false
    },
    {
        "date": "2020-12-08T11:34:39.040Z",
        "value": "0.023092269897460938",
        "cumulative": false
    },
    {
        "date": "2020-12-08T11:34:41.207Z",
        "value": "0.02405095100402832",
        "cumulative": false
    },
    {
        "date": "2020-12-08T11:34:43.393Z",
        "value": "0.009902715682983398",
        "cumulative": false
    },
    {
        "date": "2020-12-08T11:34:45.442Z",
        "value": "0.011245489120483398",
        "cumulative": false
    },
    {
        "date": "2020-12-08T11:34:47.541Z",
        "value": "0.012266874313354492",
        "cumulative": false
    },
    {
        "date": "2020-12-08T11:34:49.674Z",
        "value": "0.023508787155151367",
        "cumulative": false
    },
    {
        "date": "2020-12-08T11:34:51.743Z",
        "value": "0.009174585342407227",
        "cumulative": false
    },
    {
        "date": "2020-12-08T11:34:53.804Z",
        "value": "0.015325069427490234",
        "cumulative": false
    },
    {
        "date": "2020-12-08T11:34:56.087Z",
        "value": "0.018080472946166992",
        "cumulative": false
    },
    {
        "date": "2020-12-08T11:34:58.190Z",
        "value": "0.012228727340698242",
        "cumulative": false
    }
]