[
    {
        "date": "2020-12-08T11:34:20.612Z",
        "value": "2.50980544090271",
        "cumulative": false
    },
    {
        "date": "2020-12-08T11:34:22.666Z",
        "value": "2.045555591583252",
        "cumulative": false
    },
    {
        "date": "2020-12-08T11:34:24.811Z",
        "value": "1.7871546745300293",
        "cumulative": false
    },
    {
        "date": "2020-12-08T11:34:26.911Z",
        "value": "1.5033349990844727",
        "cumulative": false
    },
    {
        "date": "2020-12-08T11:34:29.041Z",
        "value": "1.3006587028503418",
        "cumulative": false
    },
    {
        "date": "2020-12-08T11:34:31.243Z",
        "value": "1.1803269386291504",
        "cumulative": false
    },
    {
        "date": "2020-12-08T11:34:33.375Z",
        "value": "1.0768014192581177",
        "cumulative": false
    },
    {
        "date": "2020-12-08T11:34:35.477Z",
        "value": "0.7709080576896667",
        "cumulative": false
    },
    {
        "date": "2020-12-08T11:34:37.592Z",
        "value": "0.7851465940475464",
        "cumulative": false
    },
    {
        "date": "2020-12-08T11:34:39.708Z",
        "value": "0.7651078104972839",
        "cumulative": false
    },
    {
        "date": "2020-12-08T11:34:41.905Z",
        "value": "0.7259799838066101",
        "cumulative": false
    },
    {
        "date": "2020-12-08T11:34:44.048Z",
        "value": "0.6278954148292542",
        "cumulative": false
    },
    {
        "date": "2020-12-08T11:34:46.142Z",
        "value": "0.5808345675468445",
        "cumulative": false
    },
    {
        "date": "2020-12-08T11:34:48.191Z",
        "value": "0.40289032459259033",
        "cumulative": false
    },
    {
        "date": "2020-12-08T11:34:50.337Z",
        "value": "0.38354170322418213",
        "cumulative": false
    },
    {
        "date": "2020-12-08T11:34:52.367Z",
        "value": "0.566836416721344",
        "cumulative": false
    },
    {
        "date": "2020-12-08T11:34:54.470Z",
        "value": "0.47519606351852417",
        "cumulative": false
    },
    {
        "date": "2020-12-08T11:34:56.794Z",
        "value": "0.4348128139972687",
        "cumulative": false
    }
]