[
    {
        "date": "2020-12-08T11:34:21.994Z",
        "value": "0.005526542663574219",
        "cumulative": false
    },
    {
        "date": "2020-12-08T11:34:24.103Z",
        "value": "0.006363630294799805",
        "cumulative": false
    },
    {
        "date": "2020-12-08T11:34:26.223Z",
        "value": "0.0053021907806396484",
        "cumulative": false
    },
    {
        "date": "2020-12-08T11:34:28.381Z",
        "value": "0.005711793899536133",
        "cumulative": false
    },
    {
        "date": "2020-12-08T11:34:30.522Z",
        "value": "0.005098581314086914",
        "cumulative": false
    },
    {
        "date": "2020-12-08T11:34:32.624Z",
        "value": "0.005277156829833984",
        "cumulative": false
    },
    {
        "date": "2020-12-08T11:34:34.772Z",
        "value": "0.005072355270385742",
        "cumulative": false
    },
    {
        "date": "2020-12-08T11:34:36.917Z",
        "value": "0.00515294075012207",
        "cumulative": false
    },
    {
        "date": "2020-12-08T11:34:39.007Z",
        "value": "0.005447864532470703",
        "cumulative": false
    },
    {
        "date": "2020-12-08T11:34:41.163Z",
        "value": "0.005520343780517578",
        "cumulative": false
    },
    {
        "date": "2020-12-08T11:34:43.364Z",
        "value": "0.006140232086181641",
        "cumulative": false
    },
    {
        "date": "2020-12-08T11:34:45.411Z",
        "value": "0.005845546722412109",
        "cumulative": false
    },
    {
        "date": "2020-12-08T11:34:47.514Z",
        "value": "0.005128383636474609",
        "cumulative": false
    },
    {
        "date": "2020-12-08T11:34:49.641Z",
        "value": "0.005911350250244141",
        "cumulative": false
    },
    {
        "date": "2020-12-08T11:34:51.720Z",
        "value": "0.005577802658081055",
        "cumulative": false
    },
    {
        "date": "2020-12-08T11:34:53.773Z",
        "value": "0.005021810531616211",
        "cumulative": false
    },
    {
        "date": "2020-12-08T11:34:56.069Z",
        "value": "0.005822658538818359",
        "cumulative": false
    },
    {
        "date": "2020-12-08T11:34:58.161Z",
        "value": "0.005470752716064453",
        "cumulative": false
    }
]