[
    {
        "date": "2020-12-08T11:34:21.998Z",
        "value": "0.1616826057434082",
        "cumulative": false
    },
    {
        "date": "2020-12-08T11:34:24.105Z",
        "value": "0.13780760765075684",
        "cumulative": false
    },
    {
        "date": "2020-12-08T11:34:26.227Z",
        "value": "0.14715099334716797",
        "cumulative": false
    },
    {
        "date": "2020-12-08T11:34:28.389Z",
        "value": "0.16038107872009277",
        "cumulative": false
    },
    {
        "date": "2020-12-08T11:34:30.528Z",
        "value": "0.16632342338562012",
        "cumulative": false
    },
    {
        "date": "2020-12-08T11:34:32.630Z",
        "value": "0.17933034896850586",
        "cumulative": false
    },
    {
        "date": "2020-12-08T11:34:34.762Z",
        "value": "0.15777373313903809",
        "cumulative": false
    },
    {
        "date": "2020-12-08T11:34:36.924Z",
        "value": "0.13256168365478516",
        "cumulative": false
    },
    {
        "date": "2020-12-08T11:34:39.008Z",
        "value": "0.1475205421447754",
        "cumulative": false
    },
    {
        "date": "2020-12-08T11:34:41.165Z",
        "value": "0.14386630058288574",
        "cumulative": false
    },
    {
        "date": "2020-12-08T11:34:43.361Z",
        "value": "0.15923476219177246",
        "cumulative": false
    },
    {
        "date": "2020-12-08T11:34:45.409Z",
        "value": "0.16490674018859863",
        "cumulative": false
    },
    {
        "date": "2020-12-08T11:34:47.514Z",
        "value": "0.16983461380004883",
        "cumulative": false
    },
    {
        "date": "2020-12-08T11:34:49.641Z",
        "value": "0.18052101135253906",
        "cumulative": false
    },
    {
        "date": "2020-12-08T11:34:51.717Z",
        "value": "0.16466975212097168",
        "cumulative": false
    },
    {
        "date": "2020-12-08T11:34:53.769Z",
        "value": "0.15052390098571777",
        "cumulative": false
    },
    {
        "date": "2020-12-08T11:34:56.062Z",
        "value": "0.17245817184448242",
        "cumulative": false
    },
    {
        "date": "2020-12-08T11:34:58.156Z",
        "value": "0.16437172889709473",
        "cumulative": false
    }
]