[
    {
        "date": "2020-12-08T11:34:21.999Z",
        "value": "3.875420093536377",
        "cumulative": false
    },
    {
        "date": "2020-12-08T11:34:24.115Z",
        "value": "1.5258378982543945",
        "cumulative": false
    },
    {
        "date": "2020-12-08T11:34:26.226Z",
        "value": "1.5258424282073975",
        "cumulative": false
    },
    {
        "date": "2020-12-08T11:34:28.399Z",
        "value": "1.5514967441558838",
        "cumulative": false
    },
    {
        "date": "2020-12-08T11:34:30.527Z",
        "value": "1.5585689544677734",
        "cumulative": false
    },
    {
        "date": "2020-12-08T11:34:32.642Z",
        "value": "1.5439002513885498",
        "cumulative": false
    },
    {
        "date": "2020-12-08T11:34:34.766Z",
        "value": "1.521834135055542",
        "cumulative": false
    },
    {
        "date": "2020-12-08T11:34:36.923Z",
        "value": "1.5321803092956543",
        "cumulative": false
    },
    {
        "date": "2020-12-08T11:34:39.013Z",
        "value": "1.5258145332336426",
        "cumulative": false
    },
    {
        "date": "2020-12-08T11:34:41.168Z",
        "value": "1.5616035461425781",
        "cumulative": false
    },
    {
        "date": "2020-12-08T11:34:43.372Z",
        "value": "1.571031093597412",
        "cumulative": false
    },
    {
        "date": "2020-12-08T11:34:45.419Z",
        "value": "1.4661684036254883",
        "cumulative": false
    },
    {
        "date": "2020-12-08T11:34:47.515Z",
        "value": "1.497424602508545",
        "cumulative": false
    },
    {
        "date": "2020-12-08T11:34:49.652Z",
        "value": "1.545104742050171",
        "cumulative": false
    },
    {
        "date": "2020-12-08T11:34:51.733Z",
        "value": "1.4937160015106201",
        "cumulative": false
    },
    {
        "date": "2020-12-08T11:34:53.775Z",
        "value": "1.4828064441680908",
        "cumulative": false
    },
    {
        "date": "2020-12-08T11:34:56.070Z",
        "value": "1.6977527141571045",
        "cumulative": false
    },
    {
        "date": "2020-12-08T11:34:58.168Z",
        "value": "1.4566893577575684",
        "cumulative": false
    }
]