[
    {
        "date": "2020-12-08T11:34:21.996Z",
        "value": "0.009753704071044922",
        "cumulative": false
    },
    {
        "date": "2020-12-08T11:34:24.105Z",
        "value": "0.010489225387573242",
        "cumulative": false
    },
    {
        "date": "2020-12-08T11:34:26.227Z",
        "value": "0.013314485549926758",
        "cumulative": false
    },
    {
        "date": "2020-12-08T11:34:28.389Z",
        "value": "0.00852060317993164",
        "cumulative": false
    },
    {
        "date": "2020-12-08T11:34:30.528Z",
        "value": "0.008306741714477539",
        "cumulative": false
    },
    {
        "date": "2020-12-08T11:34:32.629Z",
        "value": "0.010612964630126953",
        "cumulative": false
    },
    {
        "date": "2020-12-08T11:34:34.762Z",
        "value": "0.007933378219604492",
        "cumulative": false
    },
    {
        "date": "2020-12-08T11:34:36.924Z",
        "value": "0.008185625076293945",
        "cumulative": false
    },
    {
        "date": "2020-12-08T11:34:39.008Z",
        "value": "0.00790548324584961",
        "cumulative": false
    },
    {
        "date": "2020-12-08T11:34:41.165Z",
        "value": "0.008415699005126953",
        "cumulative": false
    },
    {
        "date": "2020-12-08T11:34:43.361Z",
        "value": "0.011710882186889648",
        "cumulative": false
    },
    {
        "date": "2020-12-08T11:34:45.409Z",
        "value": "0.008007049560546875",
        "cumulative": false
    },
    {
        "date": "2020-12-08T11:34:47.514Z",
        "value": "0.007809162139892578",
        "cumulative": false
    },
    {
        "date": "2020-12-08T11:34:49.641Z",
        "value": "0.009673357009887695",
        "cumulative": false
    },
    {
        "date": "2020-12-08T11:34:51.717Z",
        "value": "0.010604619979858398",
        "cumulative": false
    },
    {
        "date": "2020-12-08T11:34:53.769Z",
        "value": "0.008364677429199219",
        "cumulative": false
    },
    {
        "date": "2020-12-08T11:34:56.062Z",
        "value": "0.014345169067382812",
        "cumulative": false
    },
    {
        "date": "2020-12-08T11:34:58.156Z",
        "value": "0.00842142105102539",
        "cumulative": false
    }
]