[
    {
        "date": "2020-12-08T11:34:22.005Z",
        "value": "0.06351923942565918",
        "cumulative": false
    },
    {
        "date": "2020-12-08T11:34:24.123Z",
        "value": "0.06326413154602051",
        "cumulative": false
    },
    {
        "date": "2020-12-08T11:34:26.235Z",
        "value": "0.06757569313049316",
        "cumulative": false
    },
    {
        "date": "2020-12-08T11:34:28.403Z",
        "value": "0.07015085220336914",
        "cumulative": false
    },
    {
        "date": "2020-12-08T11:34:30.534Z",
        "value": "0.05029749870300293",
        "cumulative": false
    },
    {
        "date": "2020-12-08T11:34:32.640Z",
        "value": "0.05704212188720703",
        "cumulative": false
    },
    {
        "date": "2020-12-08T11:34:34.771Z",
        "value": "0.0591120719909668",
        "cumulative": false
    },
    {
        "date": "2020-12-08T11:34:36.925Z",
        "value": "0.0652470588684082",
        "cumulative": false
    },
    {
        "date": "2020-12-08T11:34:39.030Z",
        "value": "0.05302834510803223",
        "cumulative": false
    },
    {
        "date": "2020-12-08T11:34:41.175Z",
        "value": "0.05919599533081055",
        "cumulative": false
    },
    {
        "date": "2020-12-08T11:34:43.375Z",
        "value": "0.05347633361816406",
        "cumulative": false
    },
    {
        "date": "2020-12-08T11:34:45.433Z",
        "value": "0.05887317657470703",
        "cumulative": false
    },
    {
        "date": "2020-12-08T11:34:47.518Z",
        "value": "0.0608057975769043",
        "cumulative": false
    },
    {
        "date": "2020-12-08T11:34:49.667Z",
        "value": "0.07056355476379395",
        "cumulative": false
    },
    {
        "date": "2020-12-08T11:34:51.724Z",
        "value": "0.05816292762756348",
        "cumulative": false
    },
    {
        "date": "2020-12-08T11:34:53.781Z",
        "value": "0.06516146659851074",
        "cumulative": false
    },
    {
        "date": "2020-12-08T11:34:56.072Z",
        "value": "0.049835205078125",
        "cumulative": false
    },
    {
        "date": "2020-12-08T11:34:58.169Z",
        "value": "0.0619504451751709",
        "cumulative": false
    }
]