[
    {
        "date": "2020-12-08T11:34:21.995Z",
        "value": "7.104873657226562e-05",
        "cumulative": false
    },
    {
        "date": "2020-12-08T11:34:24.103Z",
        "value": "6.794929504394531e-05",
        "cumulative": false
    },
    {
        "date": "2020-12-08T11:34:26.218Z",
        "value": "6.699562072753906e-05",
        "cumulative": false
    },
    {
        "date": "2020-12-08T11:34:28.385Z",
        "value": "7.557868957519531e-05",
        "cumulative": false
    },
    {
        "date": "2020-12-08T11:34:30.521Z",
        "value": "6.937980651855469e-05",
        "cumulative": false
    },
    {
        "date": "2020-12-08T11:34:32.626Z",
        "value": "6.318092346191406e-05",
        "cumulative": false
    },
    {
        "date": "2020-12-08T11:34:34.761Z",
        "value": "8.893013000488281e-05",
        "cumulative": false
    },
    {
        "date": "2020-12-08T11:34:36.923Z",
        "value": "6.961822509765625e-05",
        "cumulative": false
    },
    {
        "date": "2020-12-08T11:34:39.013Z",
        "value": "8.535385131835938e-05",
        "cumulative": false
    },
    {
        "date": "2020-12-08T11:34:41.171Z",
        "value": "6.723403930664062e-05",
        "cumulative": false
    },
    {
        "date": "2020-12-08T11:34:43.363Z",
        "value": "7.462501525878906e-05",
        "cumulative": false
    },
    {
        "date": "2020-12-08T11:34:45.411Z",
        "value": "6.890296936035156e-05",
        "cumulative": false
    },
    {
        "date": "2020-12-08T11:34:47.504Z",
        "value": "7.05718994140625e-05",
        "cumulative": false
    },
    {
        "date": "2020-12-08T11:34:49.651Z",
        "value": "7.510185241699219e-05",
        "cumulative": false
    },
    {
        "date": "2020-12-08T11:34:51.713Z",
        "value": "7.748603820800781e-05",
        "cumulative": false
    },
    {
        "date": "2020-12-08T11:34:53.779Z",
        "value": "6.365776062011719e-05",
        "cumulative": false
    },
    {
        "date": "2020-12-08T11:34:56.059Z",
        "value": "6.532669067382812e-05",
        "cumulative": false
    },
    {
        "date": "2020-12-08T11:34:58.154Z",
        "value": "6.389617919921875e-05",
        "cumulative": false
    }
]