[
    {
        "date": "2020-12-08T11:34:20.614Z",
        "value": "10.15625",
        "cumulative": false
    },
    {
        "date": "2020-12-08T11:34:22.666Z",
        "value": "15.625",
        "cumulative": false
    },
    {
        "date": "2020-12-08T11:34:24.812Z",
        "value": "28.90625",
        "cumulative": false
    },
    {
        "date": "2020-12-08T11:34:26.911Z",
        "value": "46.09375",
        "cumulative": false
    },
    {
        "date": "2020-12-08T11:34:29.041Z",
        "value": "55.46875",
        "cumulative": false
    },
    {
        "date": "2020-12-08T11:34:31.243Z",
        "value": "57.03125",
        "cumulative": false
    },
    {
        "date": "2020-12-08T11:34:33.376Z",
        "value": "60.15625",
        "cumulative": false
    },
    {
        "date": "2020-12-08T11:34:35.477Z",
        "value": "74.21875",
        "cumulative": false
    },
    {
        "date": "2020-12-08T11:34:37.593Z",
        "value": "70.3125",
        "cumulative": false
    },
    {
        "date": "2020-12-08T11:34:39.708Z",
        "value": "73.4375",
        "cumulative": false
    },
    {
        "date": "2020-12-08T11:34:41.905Z",
        "value": "71.875",
        "cumulative": false
    },
    {
        "date": "2020-12-08T11:34:44.048Z",
        "value": "78.125",
        "cumulative": false
    },
    {
        "date": "2020-12-08T11:34:46.142Z",
        "value": "74.21875",
        "cumulative": false
    },
    {
        "date": "2020-12-08T11:34:48.192Z",
        "value": "88.28125",
        "cumulative": false
    },
    {
        "date": "2020-12-08T11:34:50.337Z",
        "value": "87.5",
        "cumulative": false
    },
    {
        "date": "2020-12-08T11:34:52.367Z",
        "value": "75.78125",
        "cumulative": false
    },
    {
        "date": "2020-12-08T11:34:54.470Z",
        "value": "84.375",
        "cumulative": false
    },
    {
        "date": "2020-12-08T11:34:56.794Z",
        "value": "83.59375",
        "cumulative": false
    }
]