[
    {
        "date": "2020-12-08T11:34:22.005Z",
        "value": "0.15380072593688965",
        "cumulative": false
    },
    {
        "date": "2020-12-08T11:34:24.123Z",
        "value": "0.16377735137939453",
        "cumulative": false
    },
    {
        "date": "2020-12-08T11:34:26.235Z",
        "value": "0.1726980209350586",
        "cumulative": false
    },
    {
        "date": "2020-12-08T11:34:28.403Z",
        "value": "0.1679375171661377",
        "cumulative": false
    },
    {
        "date": "2020-12-08T11:34:30.534Z",
        "value": "0.1399095058441162",
        "cumulative": false
    },
    {
        "date": "2020-12-08T11:34:32.640Z",
        "value": "0.17943048477172852",
        "cumulative": false
    },
    {
        "date": "2020-12-08T11:34:34.771Z",
        "value": "0.16785717010498047",
        "cumulative": false
    },
    {
        "date": "2020-12-08T11:34:36.925Z",
        "value": "0.17047119140625",
        "cumulative": false
    },
    {
        "date": "2020-12-08T11:34:39.030Z",
        "value": "0.15651440620422363",
        "cumulative": false
    },
    {
        "date": "2020-12-08T11:34:41.175Z",
        "value": "0.16170787811279297",
        "cumulative": false
    },
    {
        "date": "2020-12-08T11:34:43.375Z",
        "value": "0.16017794609069824",
        "cumulative": false
    },
    {
        "date": "2020-12-08T11:34:45.433Z",
        "value": "0.18478703498840332",
        "cumulative": false
    },
    {
        "date": "2020-12-08T11:34:47.518Z",
        "value": "0.15388274192810059",
        "cumulative": false
    },
    {
        "date": "2020-12-08T11:34:49.667Z",
        "value": "0.16057729721069336",
        "cumulative": false
    },
    {
        "date": "2020-12-08T11:34:51.724Z",
        "value": "0.16294550895690918",
        "cumulative": false
    },
    {
        "date": "2020-12-08T11:34:53.781Z",
        "value": "0.17416977882385254",
        "cumulative": false
    },
    {
        "date": "2020-12-08T11:34:56.072Z",
        "value": "0.14432621002197266",
        "cumulative": false
    },
    {
        "date": "2020-12-08T11:34:58.169Z",
        "value": "0.17052984237670898",
        "cumulative": false
    }
]