[
    {
        "date": "2020-12-08T11:34:20.619Z",
        "value": "47.65625",
        "cumulative": false
    },
    {
        "date": "2020-12-08T11:34:22.681Z",
        "value": "78.90625",
        "cumulative": false
    },
    {
        "date": "2020-12-08T11:34:24.822Z",
        "value": "89.84375",
        "cumulative": false
    },
    {
        "date": "2020-12-08T11:34:26.928Z",
        "value": "92.1875",
        "cumulative": false
    },
    {
        "date": "2020-12-08T11:34:29.059Z",
        "value": "97.65625",
        "cumulative": false
    },
    {
        "date": "2020-12-08T11:34:31.249Z",
        "value": "99.21875",
        "cumulative": false
    },
    {
        "date": "2020-12-08T11:34:33.384Z",
        "value": "95.3125",
        "cumulative": false
    },
    {
        "date": "2020-12-08T11:34:35.490Z",
        "value": "96.875",
        "cumulative": false
    },
    {
        "date": "2020-12-08T11:34:37.601Z",
        "value": "100.0",
        "cumulative": false
    },
    {
        "date": "2020-12-08T11:34:39.716Z",
        "value": "98.4375",
        "cumulative": false
    },
    {
        "date": "2020-12-08T11:34:41.902Z",
        "value": "98.4375",
        "cumulative": false
    },
    {
        "date": "2020-12-08T11:34:44.055Z",
        "value": "99.21875",
        "cumulative": false
    },
    {
        "date": "2020-12-08T11:34:46.151Z",
        "value": "99.21875",
        "cumulative": false
    },
    {
        "date": "2020-12-08T11:34:48.196Z",
        "value": "100.0",
        "cumulative": false
    },
    {
        "date": "2020-12-08T11:34:50.351Z",
        "value": "100.0",
        "cumulative": false
    },
    {
        "date": "2020-12-08T11:34:52.387Z",
        "value": "100.0",
        "cumulative": false
    },
    {
        "date": "2020-12-08T11:34:54.483Z",
        "value": "99.21875",
        "cumulative": false
    },
    {
        "date": "2020-12-08T11:34:56.799Z",
        "value": "99.21875",
        "cumulative": false
    }
]