[
    {
        "date": "2020-12-08T11:34:22.003Z",
        "value": "7.677078247070312e-05",
        "cumulative": false
    },
    {
        "date": "2020-12-08T11:34:24.121Z",
        "value": "6.222724914550781e-05",
        "cumulative": false
    },
    {
        "date": "2020-12-08T11:34:26.226Z",
        "value": "7.43865966796875e-05",
        "cumulative": false
    },
    {
        "date": "2020-12-08T11:34:28.382Z",
        "value": "6.461143493652344e-05",
        "cumulative": false
    },
    {
        "date": "2020-12-08T11:34:30.528Z",
        "value": "6.604194641113281e-05",
        "cumulative": false
    },
    {
        "date": "2020-12-08T11:34:32.632Z",
        "value": "6.0558319091796875e-05",
        "cumulative": false
    },
    {
        "date": "2020-12-08T11:34:34.768Z",
        "value": "8.034706115722656e-05",
        "cumulative": false
    },
    {
        "date": "2020-12-08T11:34:36.921Z",
        "value": "8.416175842285156e-05",
        "cumulative": false
    },
    {
        "date": "2020-12-08T11:34:39.011Z",
        "value": "6.628036499023438e-05",
        "cumulative": false
    },
    {
        "date": "2020-12-08T11:34:41.173Z",
        "value": "6.508827209472656e-05",
        "cumulative": false
    },
    {
        "date": "2020-12-08T11:34:43.369Z",
        "value": "6.890296936035156e-05",
        "cumulative": false
    },
    {
        "date": "2020-12-08T11:34:45.425Z",
        "value": "6.4849853515625e-05",
        "cumulative": false
    },
    {
        "date": "2020-12-08T11:34:47.518Z",
        "value": "9.012222290039062e-05",
        "cumulative": false
    },
    {
        "date": "2020-12-08T11:34:49.656Z",
        "value": "7.224082946777344e-05",
        "cumulative": false
    },
    {
        "date": "2020-12-08T11:34:51.716Z",
        "value": "7.62939453125e-05",
        "cumulative": false
    },
    {
        "date": "2020-12-08T11:34:53.780Z",
        "value": "6.794929504394531e-05",
        "cumulative": false
    },
    {
        "date": "2020-12-08T11:34:56.065Z",
        "value": "6.461143493652344e-05",
        "cumulative": false
    },
    {
        "date": "2020-12-08T11:34:58.166Z",
        "value": "6.604194641113281e-05",
        "cumulative": false
    }
]