[
    {
        "date": "2020-12-08T11:34:22.001Z",
        "value": "2.419269323348999",
        "cumulative": false
    },
    {
        "date": "2020-12-08T11:34:24.118Z",
        "value": "0.18424272537231445",
        "cumulative": false
    },
    {
        "date": "2020-12-08T11:34:26.228Z",
        "value": "0.18611836433410645",
        "cumulative": false
    },
    {
        "date": "2020-12-08T11:34:28.392Z",
        "value": "0.17281508445739746",
        "cumulative": false
    },
    {
        "date": "2020-12-08T11:34:30.531Z",
        "value": "0.192366361618042",
        "cumulative": false
    },
    {
        "date": "2020-12-08T11:34:32.637Z",
        "value": "0.1848287582397461",
        "cumulative": false
    },
    {
        "date": "2020-12-08T11:34:34.766Z",
        "value": "0.19208502769470215",
        "cumulative": false
    },
    {
        "date": "2020-12-08T11:34:36.917Z",
        "value": "0.21266889572143555",
        "cumulative": false
    },
    {
        "date": "2020-12-08T11:34:39.011Z",
        "value": "0.19546914100646973",
        "cumulative": false
    },
    {
        "date": "2020-12-08T11:34:41.176Z",
        "value": "0.18233966827392578",
        "cumulative": false
    },
    {
        "date": "2020-12-08T11:34:43.366Z",
        "value": "0.17892670631408691",
        "cumulative": false
    },
    {
        "date": "2020-12-08T11:34:45.414Z",
        "value": "0.20361900329589844",
        "cumulative": false
    },
    {
        "date": "2020-12-08T11:34:47.511Z",
        "value": "0.19577503204345703",
        "cumulative": false
    },
    {
        "date": "2020-12-08T11:34:49.645Z",
        "value": "0.2013704776763916",
        "cumulative": false
    },
    {
        "date": "2020-12-08T11:34:51.718Z",
        "value": "0.20407795906066895",
        "cumulative": false
    },
    {
        "date": "2020-12-08T11:34:53.787Z",
        "value": "0.19112873077392578",
        "cumulative": false
    },
    {
        "date": "2020-12-08T11:34:56.066Z",
        "value": "0.1916975975036621",
        "cumulative": false
    },
    {
        "date": "2020-12-08T11:34:58.162Z",
        "value": "0.1909313201904297",
        "cumulative": false
    }
]