[
    {
        "date": "2020-12-08T11:34:21.988Z",
        "value": "0.05875730514526367",
        "cumulative": false
    },
    {
        "date": "2020-12-08T11:34:24.106Z",
        "value": "0.05808877944946289",
        "cumulative": false
    },
    {
        "date": "2020-12-08T11:34:26.218Z",
        "value": "0.04407477378845215",
        "cumulative": false
    },
    {
        "date": "2020-12-08T11:34:28.380Z",
        "value": "0.051115989685058594",
        "cumulative": false
    },
    {
        "date": "2020-12-08T11:34:30.518Z",
        "value": "0.05575060844421387",
        "cumulative": false
    },
    {
        "date": "2020-12-08T11:34:32.621Z",
        "value": "0.04750251770019531",
        "cumulative": false
    },
    {
        "date": "2020-12-08T11:34:34.757Z",
        "value": "0.05183053016662598",
        "cumulative": false
    },
    {
        "date": "2020-12-08T11:34:36.922Z",
        "value": "0.05758404731750488",
        "cumulative": false
    },
    {
        "date": "2020-12-08T11:34:39.005Z",
        "value": "0.0480961799621582",
        "cumulative": false
    },
    {
        "date": "2020-12-08T11:34:41.159Z",
        "value": "0.049390316009521484",
        "cumulative": false
    },
    {
        "date": "2020-12-08T11:34:43.357Z",
        "value": "0.0606989860534668",
        "cumulative": false
    },
    {
        "date": "2020-12-08T11:34:45.402Z",
        "value": "0.052733421325683594",
        "cumulative": false
    },
    {
        "date": "2020-12-08T11:34:47.506Z",
        "value": "0.05000591278076172",
        "cumulative": false
    },
    {
        "date": "2020-12-08T11:34:49.645Z",
        "value": "0.07027888298034668",
        "cumulative": false
    },
    {
        "date": "2020-12-08T11:34:51.723Z",
        "value": "0.04927396774291992",
        "cumulative": false
    },
    {
        "date": "2020-12-08T11:34:53.768Z",
        "value": "0.0507967472076416",
        "cumulative": false
    },
    {
        "date": "2020-12-08T11:34:56.062Z",
        "value": "0.053441524505615234",
        "cumulative": false
    },
    {
        "date": "2020-12-08T11:34:58.157Z",
        "value": "0.04614520072937012",
        "cumulative": false
    }
]