[
    {
        "date": "2020-12-08T11:34:21.997Z",
        "value": "0.14661145210266113",
        "cumulative": false
    },
    {
        "date": "2020-12-08T11:34:24.108Z",
        "value": "0.1481928825378418",
        "cumulative": false
    },
    {
        "date": "2020-12-08T11:34:26.235Z",
        "value": "0.16605257987976074",
        "cumulative": false
    },
    {
        "date": "2020-12-08T11:34:28.384Z",
        "value": "0.15376687049865723",
        "cumulative": false
    },
    {
        "date": "2020-12-08T11:34:30.530Z",
        "value": "0.17473053932189941",
        "cumulative": false
    },
    {
        "date": "2020-12-08T11:34:32.628Z",
        "value": "0.16923141479492188",
        "cumulative": false
    },
    {
        "date": "2020-12-08T11:34:34.766Z",
        "value": "0.15035152435302734",
        "cumulative": false
    },
    {
        "date": "2020-12-08T11:34:36.918Z",
        "value": "0.15742087364196777",
        "cumulative": false
    },
    {
        "date": "2020-12-08T11:34:39.017Z",
        "value": "0.15470671653747559",
        "cumulative": false
    },
    {
        "date": "2020-12-08T11:34:41.168Z",
        "value": "0.16349339485168457",
        "cumulative": false
    },
    {
        "date": "2020-12-08T11:34:43.371Z",
        "value": "0.177764892578125",
        "cumulative": false
    },
    {
        "date": "2020-12-08T11:34:45.416Z",
        "value": "0.16234302520751953",
        "cumulative": false
    },
    {
        "date": "2020-12-08T11:34:47.515Z",
        "value": "0.15450286865234375",
        "cumulative": false
    },
    {
        "date": "2020-12-08T11:34:49.649Z",
        "value": "0.15406084060668945",
        "cumulative": false
    },
    {
        "date": "2020-12-08T11:34:51.735Z",
        "value": "0.13624095916748047",
        "cumulative": false
    },
    {
        "date": "2020-12-08T11:34:53.780Z",
        "value": "0.15514564514160156",
        "cumulative": false
    },
    {
        "date": "2020-12-08T11:34:56.065Z",
        "value": "0.14903712272644043",
        "cumulative": false
    },
    {
        "date": "2020-12-08T11:34:58.172Z",
        "value": "0.15732812881469727",
        "cumulative": false
    }
]