[
    {
        "date": "2020-12-08T11:34:20.608Z",
        "value": "10.9375",
        "cumulative": false
    },
    {
        "date": "2020-12-08T11:34:22.666Z",
        "value": "14.84375",
        "cumulative": false
    },
    {
        "date": "2020-12-08T11:34:24.813Z",
        "value": "37.5",
        "cumulative": false
    },
    {
        "date": "2020-12-08T11:34:26.914Z",
        "value": "45.3125",
        "cumulative": false
    },
    {
        "date": "2020-12-08T11:34:29.040Z",
        "value": "55.46875",
        "cumulative": false
    },
    {
        "date": "2020-12-08T11:34:31.236Z",
        "value": "55.46875",
        "cumulative": false
    },
    {
        "date": "2020-12-08T11:34:33.381Z",
        "value": "68.75",
        "cumulative": false
    },
    {
        "date": "2020-12-08T11:34:35.484Z",
        "value": "63.28125",
        "cumulative": false
    },
    {
        "date": "2020-12-08T11:34:37.590Z",
        "value": "70.3125",
        "cumulative": false
    },
    {
        "date": "2020-12-08T11:34:39.706Z",
        "value": "70.3125",
        "cumulative": false
    },
    {
        "date": "2020-12-08T11:34:41.894Z",
        "value": "68.75",
        "cumulative": false
    },
    {
        "date": "2020-12-08T11:34:44.043Z",
        "value": "79.6875",
        "cumulative": false
    },
    {
        "date": "2020-12-08T11:34:46.144Z",
        "value": "77.34375",
        "cumulative": false
    },
    {
        "date": "2020-12-08T11:34:48.182Z",
        "value": "82.8125",
        "cumulative": false
    },
    {
        "date": "2020-12-08T11:34:50.336Z",
        "value": "83.59375",
        "cumulative": false
    },
    {
        "date": "2020-12-08T11:34:52.376Z",
        "value": "81.25",
        "cumulative": false
    },
    {
        "date": "2020-12-08T11:34:54.469Z",
        "value": "85.15625",
        "cumulative": false
    },
    {
        "date": "2020-12-08T11:34:56.790Z",
        "value": "82.03125",
        "cumulative": false
    }
]