[
    {
        "date": "2020-12-08T11:34:22.003Z",
        "value": "1.0367720127105713",
        "cumulative": false
    },
    {
        "date": "2020-12-08T11:34:24.115Z",
        "value": "0.9716572761535645",
        "cumulative": false
    },
    {
        "date": "2020-12-08T11:34:26.226Z",
        "value": "0.9565122127532959",
        "cumulative": false
    },
    {
        "date": "2020-12-08T11:34:28.399Z",
        "value": "0.962024450302124",
        "cumulative": false
    },
    {
        "date": "2020-12-08T11:34:30.527Z",
        "value": "1.0224802494049072",
        "cumulative": false
    },
    {
        "date": "2020-12-08T11:34:32.643Z",
        "value": "0.9378812313079834",
        "cumulative": false
    },
    {
        "date": "2020-12-08T11:34:34.766Z",
        "value": "0.9065604209899902",
        "cumulative": false
    },
    {
        "date": "2020-12-08T11:34:36.923Z",
        "value": "0.9173588752746582",
        "cumulative": false
    },
    {
        "date": "2020-12-08T11:34:39.014Z",
        "value": "0.9081084728240967",
        "cumulative": false
    },
    {
        "date": "2020-12-08T11:34:41.169Z",
        "value": "0.944951057434082",
        "cumulative": false
    },
    {
        "date": "2020-12-08T11:34:43.372Z",
        "value": "0.9960107803344727",
        "cumulative": false
    },
    {
        "date": "2020-12-08T11:34:45.419Z",
        "value": "0.8385746479034424",
        "cumulative": false
    },
    {
        "date": "2020-12-08T11:34:47.515Z",
        "value": "0.9085783958435059",
        "cumulative": false
    },
    {
        "date": "2020-12-08T11:34:49.652Z",
        "value": "0.9568662643432617",
        "cumulative": false
    },
    {
        "date": "2020-12-08T11:34:51.733Z",
        "value": "0.891970157623291",
        "cumulative": false
    },
    {
        "date": "2020-12-08T11:34:53.776Z",
        "value": "0.9032237529754639",
        "cumulative": false
    },
    {
        "date": "2020-12-08T11:34:56.071Z",
        "value": "1.0613679885864258",
        "cumulative": false
    },
    {
        "date": "2020-12-08T11:34:58.168Z",
        "value": "0.926105260848999",
        "cumulative": false
    }
]