[
    {
        "date": "2020-12-08T11:34:21.997Z",
        "value": "0.12486696243286133",
        "cumulative": false
    },
    {
        "date": "2020-12-08T11:34:24.108Z",
        "value": "0.14361929893493652",
        "cumulative": false
    },
    {
        "date": "2020-12-08T11:34:26.235Z",
        "value": "0.14232611656188965",
        "cumulative": false
    },
    {
        "date": "2020-12-08T11:34:28.384Z",
        "value": "0.13535642623901367",
        "cumulative": false
    },
    {
        "date": "2020-12-08T11:34:30.530Z",
        "value": "0.138688325881958",
        "cumulative": false
    },
    {
        "date": "2020-12-08T11:34:32.628Z",
        "value": "0.12807559967041016",
        "cumulative": false
    },
    {
        "date": "2020-12-08T11:34:34.766Z",
        "value": "0.12993931770324707",
        "cumulative": false
    },
    {
        "date": "2020-12-08T11:34:36.918Z",
        "value": "0.1265857219696045",
        "cumulative": false
    },
    {
        "date": "2020-12-08T11:34:39.017Z",
        "value": "0.13680291175842285",
        "cumulative": false
    },
    {
        "date": "2020-12-08T11:34:41.168Z",
        "value": "0.1358203887939453",
        "cumulative": false
    },
    {
        "date": "2020-12-08T11:34:43.371Z",
        "value": "0.14006781578063965",
        "cumulative": false
    },
    {
        "date": "2020-12-08T11:34:45.416Z",
        "value": "0.1402723789215088",
        "cumulative": false
    },
    {
        "date": "2020-12-08T11:34:47.515Z",
        "value": "0.13566827774047852",
        "cumulative": false
    },
    {
        "date": "2020-12-08T11:34:49.649Z",
        "value": "0.13422608375549316",
        "cumulative": false
    },
    {
        "date": "2020-12-08T11:34:51.735Z",
        "value": "0.13612151145935059",
        "cumulative": false
    },
    {
        "date": "2020-12-08T11:34:53.780Z",
        "value": "0.1286330223083496",
        "cumulative": false
    },
    {
        "date": "2020-12-08T11:34:56.065Z",
        "value": "0.1280825138092041",
        "cumulative": false
    },
    {
        "date": "2020-12-08T11:34:58.172Z",
        "value": "0.1355576515197754",
        "cumulative": false
    }
]