[
    {
        "date": "2020-12-08T11:34:21.987Z",
        "value": "0.007895231246948242",
        "cumulative": false
    },
    {
        "date": "2020-12-08T11:34:24.103Z",
        "value": "0.009398698806762695",
        "cumulative": false
    },
    {
        "date": "2020-12-08T11:34:26.221Z",
        "value": "0.008872509002685547",
        "cumulative": false
    },
    {
        "date": "2020-12-08T11:34:28.382Z",
        "value": "0.0075321197509765625",
        "cumulative": false
    },
    {
        "date": "2020-12-08T11:34:30.526Z",
        "value": "0.008289098739624023",
        "cumulative": false
    },
    {
        "date": "2020-12-08T11:34:32.621Z",
        "value": "0.007361650466918945",
        "cumulative": false
    },
    {
        "date": "2020-12-08T11:34:34.761Z",
        "value": "0.007409095764160156",
        "cumulative": false
    },
    {
        "date": "2020-12-08T11:34:36.919Z",
        "value": "0.007491588592529297",
        "cumulative": false
    },
    {
        "date": "2020-12-08T11:34:39.004Z",
        "value": "0.007287502288818359",
        "cumulative": false
    },
    {
        "date": "2020-12-08T11:34:41.158Z",
        "value": "0.007169485092163086",
        "cumulative": false
    },
    {
        "date": "2020-12-08T11:34:43.363Z",
        "value": "0.008101224899291992",
        "cumulative": false
    },
    {
        "date": "2020-12-08T11:34:45.406Z",
        "value": "0.007193803787231445",
        "cumulative": false
    },
    {
        "date": "2020-12-08T11:34:47.505Z",
        "value": "0.007750272750854492",
        "cumulative": false
    },
    {
        "date": "2020-12-08T11:34:49.651Z",
        "value": "0.008242130279541016",
        "cumulative": false
    },
    {
        "date": "2020-12-08T11:34:51.710Z",
        "value": "0.007400035858154297",
        "cumulative": false
    },
    {
        "date": "2020-12-08T11:34:53.764Z",
        "value": "0.01348114013671875",
        "cumulative": false
    },
    {
        "date": "2020-12-08T11:34:56.064Z",
        "value": "0.007979869842529297",
        "cumulative": false
    },
    {
        "date": "2020-12-08T11:34:58.159Z",
        "value": "0.007669925689697266",
        "cumulative": false
    }
]