[
    {
        "date": "2020-12-08T11:34:22.001Z",
        "value": "0.16191339492797852",
        "cumulative": false
    },
    {
        "date": "2020-12-08T11:34:24.118Z",
        "value": "0.15358257293701172",
        "cumulative": false
    },
    {
        "date": "2020-12-08T11:34:26.228Z",
        "value": "0.16501188278198242",
        "cumulative": false
    },
    {
        "date": "2020-12-08T11:34:28.392Z",
        "value": "0.1462104320526123",
        "cumulative": false
    },
    {
        "date": "2020-12-08T11:34:30.531Z",
        "value": "0.15991663932800293",
        "cumulative": false
    },
    {
        "date": "2020-12-08T11:34:32.637Z",
        "value": "0.16336917877197266",
        "cumulative": false
    },
    {
        "date": "2020-12-08T11:34:34.766Z",
        "value": "0.1685178279876709",
        "cumulative": false
    },
    {
        "date": "2020-12-08T11:34:36.917Z",
        "value": "0.16810917854309082",
        "cumulative": false
    },
    {
        "date": "2020-12-08T11:34:39.011Z",
        "value": "0.17196226119995117",
        "cumulative": false
    },
    {
        "date": "2020-12-08T11:34:41.176Z",
        "value": "0.1811671257019043",
        "cumulative": false
    },
    {
        "date": "2020-12-08T11:34:43.366Z",
        "value": "0.14281415939331055",
        "cumulative": false
    },
    {
        "date": "2020-12-08T11:34:45.414Z",
        "value": "0.1728837490081787",
        "cumulative": false
    },
    {
        "date": "2020-12-08T11:34:47.511Z",
        "value": "0.1814899444580078",
        "cumulative": false
    },
    {
        "date": "2020-12-08T11:34:49.645Z",
        "value": "0.1751725673675537",
        "cumulative": false
    },
    {
        "date": "2020-12-08T11:34:51.718Z",
        "value": "0.17467212677001953",
        "cumulative": false
    },
    {
        "date": "2020-12-08T11:34:53.787Z",
        "value": "0.15755629539489746",
        "cumulative": false
    },
    {
        "date": "2020-12-08T11:34:56.066Z",
        "value": "0.1578834056854248",
        "cumulative": false
    },
    {
        "date": "2020-12-08T11:34:58.162Z",
        "value": "0.16564393043518066",
        "cumulative": false
    }
]