[
    {
        "date": "2020-12-08T11:34:20.608Z",
        "value": "52.34375",
        "cumulative": false
    },
    {
        "date": "2020-12-08T11:34:22.668Z",
        "value": "82.8125",
        "cumulative": false
    },
    {
        "date": "2020-12-08T11:34:24.808Z",
        "value": "88.28125",
        "cumulative": false
    },
    {
        "date": "2020-12-08T11:34:26.908Z",
        "value": "88.28125",
        "cumulative": false
    },
    {
        "date": "2020-12-08T11:34:29.033Z",
        "value": "98.4375",
        "cumulative": false
    },
    {
        "date": "2020-12-08T11:34:31.233Z",
        "value": "95.3125",
        "cumulative": false
    },
    {
        "date": "2020-12-08T11:34:33.373Z",
        "value": "94.53125",
        "cumulative": false
    },
    {
        "date": "2020-12-08T11:34:35.489Z",
        "value": "99.21875",
        "cumulative": false
    },
    {
        "date": "2020-12-08T11:34:37.591Z",
        "value": "99.21875",
        "cumulative": false
    },
    {
        "date": "2020-12-08T11:34:39.705Z",
        "value": "99.21875",
        "cumulative": false
    },
    {
        "date": "2020-12-08T11:34:41.894Z",
        "value": "96.875",
        "cumulative": false
    },
    {
        "date": "2020-12-08T11:34:44.044Z",
        "value": "99.21875",
        "cumulative": false
    },
    {
        "date": "2020-12-08T11:34:46.139Z",
        "value": "97.65625",
        "cumulative": false
    },
    {
        "date": "2020-12-08T11:34:48.184Z",
        "value": "99.21875",
        "cumulative": false
    },
    {
        "date": "2020-12-08T11:34:50.333Z",
        "value": "99.21875",
        "cumulative": false
    },
    {
        "date": "2020-12-08T11:34:52.378Z",
        "value": "98.4375",
        "cumulative": false
    },
    {
        "date": "2020-12-08T11:34:54.466Z",
        "value": "100.0",
        "cumulative": false
    },
    {
        "date": "2020-12-08T11:34:56.797Z",
        "value": "99.21875",
        "cumulative": false
    }
]