[
    {
        "date": "2020-12-08T11:34:21.991Z",
        "value": "7.343292236328125e-05",
        "cumulative": false
    },
    {
        "date": "2020-12-08T11:34:24.100Z",
        "value": "5.793571472167969e-05",
        "cumulative": false
    },
    {
        "date": "2020-12-08T11:34:26.217Z",
        "value": "5.602836608886719e-05",
        "cumulative": false
    },
    {
        "date": "2020-12-08T11:34:28.378Z",
        "value": "5.91278076171875e-05",
        "cumulative": false
    },
    {
        "date": "2020-12-08T11:34:30.520Z",
        "value": "5.7697296142578125e-05",
        "cumulative": false
    },
    {
        "date": "2020-12-08T11:34:32.628Z",
        "value": "6.127357482910156e-05",
        "cumulative": false
    },
    {
        "date": "2020-12-08T11:34:34.764Z",
        "value": "5.7220458984375e-05",
        "cumulative": false
    },
    {
        "date": "2020-12-08T11:34:36.910Z",
        "value": "6.031990051269531e-05",
        "cumulative": false
    },
    {
        "date": "2020-12-08T11:34:39.010Z",
        "value": "7.939338684082031e-05",
        "cumulative": false
    },
    {
        "date": "2020-12-08T11:34:41.167Z",
        "value": "5.412101745605469e-05",
        "cumulative": false
    },
    {
        "date": "2020-12-08T11:34:43.355Z",
        "value": "5.555152893066406e-05",
        "cumulative": false
    },
    {
        "date": "2020-12-08T11:34:45.408Z",
        "value": "5.793571472167969e-05",
        "cumulative": false
    },
    {
        "date": "2020-12-08T11:34:47.506Z",
        "value": "7.748603820800781e-05",
        "cumulative": false
    },
    {
        "date": "2020-12-08T11:34:49.636Z",
        "value": "6.031990051269531e-05",
        "cumulative": false
    },
    {
        "date": "2020-12-08T11:34:51.717Z",
        "value": "5.269050598144531e-05",
        "cumulative": false
    },
    {
        "date": "2020-12-08T11:34:53.764Z",
        "value": "5.435943603515625e-05",
        "cumulative": false
    },
    {
        "date": "2020-12-08T11:34:56.070Z",
        "value": "6.29425048828125e-05",
        "cumulative": false
    },
    {
        "date": "2020-12-08T11:34:58.156Z",
        "value": "5.841255187988281e-05",
        "cumulative": false
    }
]