[
    {
        "date": "2020-12-08T11:34:20.617Z",
        "value": "45.3125",
        "cumulative": false
    },
    {
        "date": "2020-12-08T11:34:22.676Z",
        "value": "71.875",
        "cumulative": false
    },
    {
        "date": "2020-12-08T11:34:24.820Z",
        "value": "82.8125",
        "cumulative": false
    },
    {
        "date": "2020-12-08T11:34:26.925Z",
        "value": "93.75",
        "cumulative": false
    },
    {
        "date": "2020-12-08T11:34:29.044Z",
        "value": "92.1875",
        "cumulative": false
    },
    {
        "date": "2020-12-08T11:34:31.245Z",
        "value": "97.65625",
        "cumulative": false
    },
    {
        "date": "2020-12-08T11:34:33.389Z",
        "value": "99.21875",
        "cumulative": false
    },
    {
        "date": "2020-12-08T11:34:35.484Z",
        "value": "97.65625",
        "cumulative": false
    },
    {
        "date": "2020-12-08T11:34:37.597Z",
        "value": "96.875",
        "cumulative": false
    },
    {
        "date": "2020-12-08T11:34:39.714Z",
        "value": "98.4375",
        "cumulative": false
    },
    {
        "date": "2020-12-08T11:34:41.906Z",
        "value": "98.4375",
        "cumulative": false
    },
    {
        "date": "2020-12-08T11:34:44.055Z",
        "value": "97.65625",
        "cumulative": false
    },
    {
        "date": "2020-12-08T11:34:46.148Z",
        "value": "99.21875",
        "cumulative": false
    },
    {
        "date": "2020-12-08T11:34:48.190Z",
        "value": "99.21875",
        "cumulative": false
    },
    {
        "date": "2020-12-08T11:34:50.347Z",
        "value": "98.4375",
        "cumulative": false
    },
    {
        "date": "2020-12-08T11:34:52.375Z",
        "value": "98.4375",
        "cumulative": false
    },
    {
        "date": "2020-12-08T11:34:54.478Z",
        "value": "100.0",
        "cumulative": false
    },
    {
        "date": "2020-12-08T11:34:56.803Z",
        "value": "99.21875",
        "cumulative": false
    }
]