[
    {
        "date": "2020-12-08T11:34:21.989Z",
        "value": "1.350001573562622",
        "cumulative": false
    },
    {
        "date": "2020-12-08T11:34:24.103Z",
        "value": "1.0822322368621826",
        "cumulative": false
    },
    {
        "date": "2020-12-08T11:34:26.221Z",
        "value": "1.0649263858795166",
        "cumulative": false
    },
    {
        "date": "2020-12-08T11:34:28.382Z",
        "value": "1.0526676177978516",
        "cumulative": false
    },
    {
        "date": "2020-12-08T11:34:30.526Z",
        "value": "1.0652596950531006",
        "cumulative": false
    },
    {
        "date": "2020-12-08T11:34:32.621Z",
        "value": "1.0096909999847412",
        "cumulative": false
    },
    {
        "date": "2020-12-08T11:34:34.761Z",
        "value": "1.0384242534637451",
        "cumulative": false
    },
    {
        "date": "2020-12-08T11:34:36.919Z",
        "value": "1.0320632457733154",
        "cumulative": false
    },
    {
        "date": "2020-12-08T11:34:39.004Z",
        "value": "1.0661776065826416",
        "cumulative": false
    },
    {
        "date": "2020-12-08T11:34:41.158Z",
        "value": "1.0997211933135986",
        "cumulative": false
    },
    {
        "date": "2020-12-08T11:34:43.363Z",
        "value": "1.0836503505706787",
        "cumulative": false
    },
    {
        "date": "2020-12-08T11:34:45.406Z",
        "value": "0.940788745880127",
        "cumulative": false
    },
    {
        "date": "2020-12-08T11:34:47.505Z",
        "value": "0.9997518062591553",
        "cumulative": false
    },
    {
        "date": "2020-12-08T11:34:49.651Z",
        "value": "0.944251298904419",
        "cumulative": false
    },
    {
        "date": "2020-12-08T11:34:51.710Z",
        "value": "1.019500494003296",
        "cumulative": false
    },
    {
        "date": "2020-12-08T11:34:53.764Z",
        "value": "1.0014057159423828",
        "cumulative": false
    },
    {
        "date": "2020-12-08T11:34:56.064Z",
        "value": "1.1946308612823486",
        "cumulative": false
    },
    {
        "date": "2020-12-08T11:34:58.159Z",
        "value": "0.9530754089355469",
        "cumulative": false
    }
]