[
    {
        "date": "2020-12-08T11:34:20.606Z",
        "value": "2.44671893119812",
        "cumulative": false
    },
    {
        "date": "2020-12-08T11:34:22.666Z",
        "value": "2.0687835216522217",
        "cumulative": false
    },
    {
        "date": "2020-12-08T11:34:24.813Z",
        "value": "1.7422456741333008",
        "cumulative": false
    },
    {
        "date": "2020-12-08T11:34:26.913Z",
        "value": "1.4274673461914062",
        "cumulative": false
    },
    {
        "date": "2020-12-08T11:34:29.040Z",
        "value": "1.1719920635223389",
        "cumulative": false
    },
    {
        "date": "2020-12-08T11:34:31.235Z",
        "value": "1.232239007949829",
        "cumulative": false
    },
    {
        "date": "2020-12-08T11:34:33.381Z",
        "value": "0.9897323250770569",
        "cumulative": false
    },
    {
        "date": "2020-12-08T11:34:35.484Z",
        "value": "1.0195534229278564",
        "cumulative": false
    },
    {
        "date": "2020-12-08T11:34:37.590Z",
        "value": "0.8503433465957642",
        "cumulative": false
    },
    {
        "date": "2020-12-08T11:34:39.705Z",
        "value": "0.7890759110450745",
        "cumulative": false
    },
    {
        "date": "2020-12-08T11:34:41.894Z",
        "value": "0.8767762184143066",
        "cumulative": false
    },
    {
        "date": "2020-12-08T11:34:44.043Z",
        "value": "0.6687213182449341",
        "cumulative": false
    },
    {
        "date": "2020-12-08T11:34:46.143Z",
        "value": "0.6625423431396484",
        "cumulative": false
    },
    {
        "date": "2020-12-08T11:34:48.182Z",
        "value": "0.5086880922317505",
        "cumulative": false
    },
    {
        "date": "2020-12-08T11:34:50.336Z",
        "value": "0.43276286125183105",
        "cumulative": false
    },
    {
        "date": "2020-12-08T11:34:52.376Z",
        "value": "0.49188435077667236",
        "cumulative": false
    },
    {
        "date": "2020-12-08T11:34:54.468Z",
        "value": "0.4417422115802765",
        "cumulative": false
    },
    {
        "date": "2020-12-08T11:34:56.790Z",
        "value": "0.4824998378753662",
        "cumulative": false
    }
]