[
    {
        "date": "2020-12-08T11:34:21.994Z",
        "value": "0.015468358993530273",
        "cumulative": false
    },
    {
        "date": "2020-12-08T11:34:24.103Z",
        "value": "0.018630504608154297",
        "cumulative": false
    },
    {
        "date": "2020-12-08T11:34:26.223Z",
        "value": "0.01643967628479004",
        "cumulative": false
    },
    {
        "date": "2020-12-08T11:34:28.381Z",
        "value": "0.017495155334472656",
        "cumulative": false
    },
    {
        "date": "2020-12-08T11:34:30.522Z",
        "value": "0.016595840454101562",
        "cumulative": false
    },
    {
        "date": "2020-12-08T11:34:32.624Z",
        "value": "0.01569223403930664",
        "cumulative": false
    },
    {
        "date": "2020-12-08T11:34:34.772Z",
        "value": "0.01739358901977539",
        "cumulative": false
    },
    {
        "date": "2020-12-08T11:34:36.917Z",
        "value": "0.017220497131347656",
        "cumulative": false
    },
    {
        "date": "2020-12-08T11:34:39.007Z",
        "value": "0.017178773880004883",
        "cumulative": false
    },
    {
        "date": "2020-12-08T11:34:41.163Z",
        "value": "0.017226219177246094",
        "cumulative": false
    },
    {
        "date": "2020-12-08T11:34:43.364Z",
        "value": "0.01767420768737793",
        "cumulative": false
    },
    {
        "date": "2020-12-08T11:34:45.411Z",
        "value": "0.016750812530517578",
        "cumulative": false
    },
    {
        "date": "2020-12-08T11:34:47.514Z",
        "value": "0.017784595489501953",
        "cumulative": false
    },
    {
        "date": "2020-12-08T11:34:49.641Z",
        "value": "0.017883777618408203",
        "cumulative": false
    },
    {
        "date": "2020-12-08T11:34:51.720Z",
        "value": "0.01766371726989746",
        "cumulative": false
    },
    {
        "date": "2020-12-08T11:34:53.773Z",
        "value": "0.01721954345703125",
        "cumulative": false
    },
    {
        "date": "2020-12-08T11:34:56.069Z",
        "value": "0.016510486602783203",
        "cumulative": false
    },
    {
        "date": "2020-12-08T11:34:58.161Z",
        "value": "0.016447067260742188",
        "cumulative": false
    }
]