[
    {
        "date": "2020-12-08T11:34:20.604Z",
        "value": "2.5517373085021973",
        "cumulative": false
    },
    {
        "date": "2020-12-08T11:34:22.663Z",
        "value": "1.9971674680709839",
        "cumulative": false
    },
    {
        "date": "2020-12-08T11:34:24.808Z",
        "value": "1.6478351354599",
        "cumulative": false
    },
    {
        "date": "2020-12-08T11:34:26.908Z",
        "value": "1.4950425624847412",
        "cumulative": false
    },
    {
        "date": "2020-12-08T11:34:29.037Z",
        "value": "1.224860429763794",
        "cumulative": false
    },
    {
        "date": "2020-12-08T11:34:31.236Z",
        "value": "1.03731107711792",
        "cumulative": false
    },
    {
        "date": "2020-12-08T11:34:33.376Z",
        "value": "0.8760176301002502",
        "cumulative": false
    },
    {
        "date": "2020-12-08T11:34:35.476Z",
        "value": "0.75248783826828",
        "cumulative": false
    },
    {
        "date": "2020-12-08T11:34:37.587Z",
        "value": "0.595630943775177",
        "cumulative": false
    },
    {
        "date": "2020-12-08T11:34:39.706Z",
        "value": "0.7127101421356201",
        "cumulative": false
    },
    {
        "date": "2020-12-08T11:34:41.887Z",
        "value": "0.6973357796669006",
        "cumulative": false
    },
    {
        "date": "2020-12-08T11:34:44.039Z",
        "value": "0.7378411293029785",
        "cumulative": false
    },
    {
        "date": "2020-12-08T11:34:46.138Z",
        "value": "0.5990614891052246",
        "cumulative": false
    },
    {
        "date": "2020-12-08T11:34:48.179Z",
        "value": "0.564666748046875",
        "cumulative": false
    },
    {
        "date": "2020-12-08T11:34:50.336Z",
        "value": "0.6418218612670898",
        "cumulative": false
    },
    {
        "date": "2020-12-08T11:34:52.370Z",
        "value": "0.5207017064094543",
        "cumulative": false
    },
    {
        "date": "2020-12-08T11:34:54.472Z",
        "value": "0.5649349689483643",
        "cumulative": false
    },
    {
        "date": "2020-12-08T11:34:56.790Z",
        "value": "0.4911910593509674",
        "cumulative": false
    }
]