[
    {
        "date": "2020-12-08T11:34:20.619Z",
        "value": "11.71875",
        "cumulative": false
    },
    {
        "date": "2020-12-08T11:34:22.681Z",
        "value": "19.53125",
        "cumulative": false
    },
    {
        "date": "2020-12-08T11:34:24.822Z",
        "value": "35.9375",
        "cumulative": false
    },
    {
        "date": "2020-12-08T11:34:26.928Z",
        "value": "50.78125",
        "cumulative": false
    },
    {
        "date": "2020-12-08T11:34:29.059Z",
        "value": "53.90625",
        "cumulative": false
    },
    {
        "date": "2020-12-08T11:34:31.249Z",
        "value": "63.28125",
        "cumulative": false
    },
    {
        "date": "2020-12-08T11:34:33.384Z",
        "value": "64.84375",
        "cumulative": false
    },
    {
        "date": "2020-12-08T11:34:35.490Z",
        "value": "71.875",
        "cumulative": false
    },
    {
        "date": "2020-12-08T11:34:37.601Z",
        "value": "69.53125",
        "cumulative": false
    },
    {
        "date": "2020-12-08T11:34:39.716Z",
        "value": "71.09375",
        "cumulative": false
    },
    {
        "date": "2020-12-08T11:34:41.902Z",
        "value": "70.3125",
        "cumulative": false
    },
    {
        "date": "2020-12-08T11:34:44.055Z",
        "value": "79.6875",
        "cumulative": false
    },
    {
        "date": "2020-12-08T11:34:46.151Z",
        "value": "78.125",
        "cumulative": false
    },
    {
        "date": "2020-12-08T11:34:48.196Z",
        "value": "84.375",
        "cumulative": false
    },
    {
        "date": "2020-12-08T11:34:50.351Z",
        "value": "78.90625",
        "cumulative": false
    },
    {
        "date": "2020-12-08T11:34:52.387Z",
        "value": "89.84375",
        "cumulative": false
    },
    {
        "date": "2020-12-08T11:34:54.483Z",
        "value": "89.0625",
        "cumulative": false
    },
    {
        "date": "2020-12-08T11:34:56.799Z",
        "value": "85.9375",
        "cumulative": false
    }
]