[
    {
        "date": "2020-12-08T11:34:22.002Z",
        "value": "0.017940759658813477",
        "cumulative": false
    },
    {
        "date": "2020-12-08T11:34:24.117Z",
        "value": "0.018707752227783203",
        "cumulative": false
    },
    {
        "date": "2020-12-08T11:34:26.227Z",
        "value": "0.017231225967407227",
        "cumulative": false
    },
    {
        "date": "2020-12-08T11:34:28.380Z",
        "value": "0.017322063446044922",
        "cumulative": false
    },
    {
        "date": "2020-12-08T11:34:30.527Z",
        "value": "0.01608443260192871",
        "cumulative": false
    },
    {
        "date": "2020-12-08T11:34:32.625Z",
        "value": "0.019917011260986328",
        "cumulative": false
    },
    {
        "date": "2020-12-08T11:34:34.763Z",
        "value": "0.016597270965576172",
        "cumulative": false
    },
    {
        "date": "2020-12-08T11:34:36.916Z",
        "value": "0.01968669891357422",
        "cumulative": false
    },
    {
        "date": "2020-12-08T11:34:39.004Z",
        "value": "0.017681598663330078",
        "cumulative": false
    },
    {
        "date": "2020-12-08T11:34:41.162Z",
        "value": "0.017000436782836914",
        "cumulative": false
    },
    {
        "date": "2020-12-08T11:34:43.366Z",
        "value": "0.01663661003112793",
        "cumulative": false
    },
    {
        "date": "2020-12-08T11:34:45.417Z",
        "value": "0.017167091369628906",
        "cumulative": false
    },
    {
        "date": "2020-12-08T11:34:47.513Z",
        "value": "0.01659679412841797",
        "cumulative": false
    },
    {
        "date": "2020-12-08T11:34:49.640Z",
        "value": "0.017333269119262695",
        "cumulative": false
    },
    {
        "date": "2020-12-08T11:34:51.715Z",
        "value": "0.016825199127197266",
        "cumulative": false
    },
    {
        "date": "2020-12-08T11:34:53.769Z",
        "value": "0.01676011085510254",
        "cumulative": false
    },
    {
        "date": "2020-12-08T11:34:56.058Z",
        "value": "0.01648426055908203",
        "cumulative": false
    },
    {
        "date": "2020-12-08T11:34:58.160Z",
        "value": "0.016644954681396484",
        "cumulative": false
    }
]