[
    {
        "date": "2020-12-08T11:34:21.995Z",
        "value": "0.136183500289917",
        "cumulative": false
    },
    {
        "date": "2020-12-08T11:34:24.103Z",
        "value": "0.14560556411743164",
        "cumulative": false
    },
    {
        "date": "2020-12-08T11:34:26.218Z",
        "value": "0.1300196647644043",
        "cumulative": false
    },
    {
        "date": "2020-12-08T11:34:28.385Z",
        "value": "0.1369481086730957",
        "cumulative": false
    },
    {
        "date": "2020-12-08T11:34:30.521Z",
        "value": "0.12997913360595703",
        "cumulative": false
    },
    {
        "date": "2020-12-08T11:34:32.626Z",
        "value": "0.11053991317749023",
        "cumulative": false
    },
    {
        "date": "2020-12-08T11:34:34.761Z",
        "value": "0.1315159797668457",
        "cumulative": false
    },
    {
        "date": "2020-12-08T11:34:36.923Z",
        "value": "0.14244675636291504",
        "cumulative": false
    },
    {
        "date": "2020-12-08T11:34:39.013Z",
        "value": "0.12814092636108398",
        "cumulative": false
    },
    {
        "date": "2020-12-08T11:34:41.171Z",
        "value": "0.12589359283447266",
        "cumulative": false
    },
    {
        "date": "2020-12-08T11:34:43.363Z",
        "value": "0.14077472686767578",
        "cumulative": false
    },
    {
        "date": "2020-12-08T11:34:45.411Z",
        "value": "0.12792587280273438",
        "cumulative": false
    },
    {
        "date": "2020-12-08T11:34:47.504Z",
        "value": "0.13678693771362305",
        "cumulative": false
    },
    {
        "date": "2020-12-08T11:34:49.651Z",
        "value": "0.1409299373626709",
        "cumulative": false
    },
    {
        "date": "2020-12-08T11:34:51.713Z",
        "value": "0.1406080722808838",
        "cumulative": false
    },
    {
        "date": "2020-12-08T11:34:53.779Z",
        "value": "0.13307857513427734",
        "cumulative": false
    },
    {
        "date": "2020-12-08T11:34:56.059Z",
        "value": "0.12343764305114746",
        "cumulative": false
    },
    {
        "date": "2020-12-08T11:34:58.154Z",
        "value": "0.1443772315979004",
        "cumulative": false
    }
]