[
    {
        "date": "2020-12-08T11:34:21.988Z",
        "value": "0.14201688766479492",
        "cumulative": false
    },
    {
        "date": "2020-12-08T11:34:24.106Z",
        "value": "0.14416193962097168",
        "cumulative": false
    },
    {
        "date": "2020-12-08T11:34:26.218Z",
        "value": "0.1313459873199463",
        "cumulative": false
    },
    {
        "date": "2020-12-08T11:34:28.380Z",
        "value": "0.14635753631591797",
        "cumulative": false
    },
    {
        "date": "2020-12-08T11:34:30.518Z",
        "value": "0.15201330184936523",
        "cumulative": false
    },
    {
        "date": "2020-12-08T11:34:32.621Z",
        "value": "0.1312565803527832",
        "cumulative": false
    },
    {
        "date": "2020-12-08T11:34:34.757Z",
        "value": "0.14775776863098145",
        "cumulative": false
    },
    {
        "date": "2020-12-08T11:34:36.922Z",
        "value": "0.1518392562866211",
        "cumulative": false
    },
    {
        "date": "2020-12-08T11:34:39.005Z",
        "value": "0.12851238250732422",
        "cumulative": false
    },
    {
        "date": "2020-12-08T11:34:41.159Z",
        "value": "0.1468517780303955",
        "cumulative": false
    },
    {
        "date": "2020-12-08T11:34:43.358Z",
        "value": "0.1368117332458496",
        "cumulative": false
    },
    {
        "date": "2020-12-08T11:34:45.402Z",
        "value": "0.13812971115112305",
        "cumulative": false
    },
    {
        "date": "2020-12-08T11:34:47.506Z",
        "value": "0.15909910202026367",
        "cumulative": false
    },
    {
        "date": "2020-12-08T11:34:49.645Z",
        "value": "0.16621613502502441",
        "cumulative": false
    },
    {
        "date": "2020-12-08T11:34:51.723Z",
        "value": "0.14033985137939453",
        "cumulative": false
    },
    {
        "date": "2020-12-08T11:34:53.768Z",
        "value": "0.13837313652038574",
        "cumulative": false
    },
    {
        "date": "2020-12-08T11:34:56.062Z",
        "value": "0.15799212455749512",
        "cumulative": false
    },
    {
        "date": "2020-12-08T11:34:58.157Z",
        "value": "0.13183879852294922",
        "cumulative": false
    }
]