[
    {
        "date": "2020-12-08T11:34:20.614Z",
        "value": "51.5625",
        "cumulative": false
    },
    {
        "date": "2020-12-08T11:34:22.676Z",
        "value": "83.59375",
        "cumulative": false
    },
    {
        "date": "2020-12-08T11:34:24.819Z",
        "value": "91.40625",
        "cumulative": false
    },
    {
        "date": "2020-12-08T11:34:26.914Z",
        "value": "90.625",
        "cumulative": false
    },
    {
        "date": "2020-12-08T11:34:29.041Z",
        "value": "95.3125",
        "cumulative": false
    },
    {
        "date": "2020-12-08T11:34:31.248Z",
        "value": "95.3125",
        "cumulative": false
    },
    {
        "date": "2020-12-08T11:34:33.380Z",
        "value": "98.4375",
        "cumulative": false
    },
    {
        "date": "2020-12-08T11:34:35.491Z",
        "value": "98.4375",
        "cumulative": false
    },
    {
        "date": "2020-12-08T11:34:37.595Z",
        "value": "100.0",
        "cumulative": false
    },
    {
        "date": "2020-12-08T11:34:39.706Z",
        "value": "96.875",
        "cumulative": false
    },
    {
        "date": "2020-12-08T11:34:41.895Z",
        "value": "100.0",
        "cumulative": false
    },
    {
        "date": "2020-12-08T11:34:44.047Z",
        "value": "98.4375",
        "cumulative": false
    },
    {
        "date": "2020-12-08T11:34:46.147Z",
        "value": "99.21875",
        "cumulative": false
    },
    {
        "date": "2020-12-08T11:34:48.192Z",
        "value": "98.4375",
        "cumulative": false
    },
    {
        "date": "2020-12-08T11:34:50.344Z",
        "value": "99.21875",
        "cumulative": false
    },
    {
        "date": "2020-12-08T11:34:52.380Z",
        "value": "96.875",
        "cumulative": false
    },
    {
        "date": "2020-12-08T11:34:54.476Z",
        "value": "99.21875",
        "cumulative": false
    },
    {
        "date": "2020-12-08T11:34:56.806Z",
        "value": "100.0",
        "cumulative": false
    }
]