[
    {
        "date": "2020-09-11T14:32:30Z",
        "value": "0.008134654",
        "cumulative": false
    },
    {
        "date": "2020-09-11T14:32:49Z",
        "value": "0.1990589",
        "cumulative": false
    },
    {
        "date": "2020-09-11T14:33:08Z",
        "value": "0.909776397",
        "cumulative": false
    },
    {
        "date": "2020-09-11T14:33:27Z",
        "value": "1.020229597",
        "cumulative": false
    },
    {
        "date": "2020-09-11T14:33:43Z",
        "value": "0.829865149",
        "cumulative": false
    },
    {
        "date": "2020-09-11T14:33:58Z",
        "value": "0.727983656",
        "cumulative": false
    },
    {
        "date": "2020-09-11T14:34:10Z",
        "value": "0.656242066",
        "cumulative": false
    },
    {
        "date": "2020-09-11T14:34:25Z",
        "value": "0.736251296",
        "cumulative": false
    },
    {
        "date": "2020-09-11T14:34:45Z",
        "value": "0.800828048",
        "cumulative": false
    },
    {
        "date": "2020-09-11T14:34:59Z",
        "value": "0.711321145",
        "cumulative": false
    },
    {
        "date": "2020-09-11T14:35:12Z",
        "value": "0.717111033",
        "cumulative": false
    },
    {
        "date": "2020-09-11T14:35:29Z",
        "value": "0.833145745",
        "cumulative": false
    },
    {
        "date": "2020-09-11T14:35:43Z",
        "value": "0.606409431",
        "cumulative": false
    },
    {
        "date": "2020-09-11T14:35:55Z",
        "value": "0.913965355",
        "cumulative": false
    },
    {
        "date": "2020-09-11T14:36:14Z",
        "value": "0.651213321",
        "cumulative": false
    },
    {
        "date": "2020-09-11T14:36:32Z",
        "value": "0.892138853",
        "cumulative": false
    },
    {
        "date": "2020-09-11T14:36:46Z",
        "value": "0.801005535",
        "cumulative": false
    },
    {
        "date": "2020-09-11T14:36:56Z",
        "value": "0.478488302",
        "cumulative": false
    },
    {
        "date": "2020-09-11T14:37:12Z",
        "value": "0.872447189",
        "cumulative": false
    },
    {
        "date": "2020-09-11T14:37:31Z",
        "value": "0.896165221",
        "cumulative": false
    },
    {
        "date": "2020-09-11T14:37:50Z",
        "value": "0.512019808",
        "cumulative": false
    },
    {
        "date": "2020-09-11T14:38:02Z",
        "value": "0.85193447",
        "cumulative": false
    },
    {
        "date": "2020-09-11T14:38:14Z",
        "value": "0.956698034",
        "cumulative": false
    },
    {
        "date": "2020-09-11T14:38:25Z",
        "value": "0.950933371",
        "cumulative": false
    },
    {
        "date": "2020-09-11T14:38:39Z",
        "value": "0.620930884",
        "cumulative": false
    },
    {
        "date": "2020-09-11T14:38:49Z",
        "value": "0.490182701",
        "cumulative": false
    },
    {
        "date": "2020-09-11T14:39:01Z",
        "value": "0.535890577",
        "cumulative": false
    },
    {
        "date": "2020-09-11T14:39:15Z",
        "value": "0.964821431",
        "cumulative": false
    },
    {
        "date": "2020-09-11T14:39:31Z",
        "value": "0.965537329",
        "cumulative": false
    },
    {
        "date": "2020-09-11T14:39:45Z",
        "value": "0.97466673",
        "cumulative": false
    },
    {
        "date": "2020-09-11T14:39:57Z",
        "value": "0.701444211",
        "cumulative": false
    },
    {
        "date": "2020-09-11T14:40:08Z",
        "value": "0.582945432",
        "cumulative": false
    },
    {
        "date": "2020-09-11T14:40:22Z",
        "value": "0.558523416",
        "cumulative": false
    },
    {
        "date": "2020-09-11T14:40:40Z",
        "value": "0.832693001",
        "cumulative": false
    },
    {
        "date": "2020-09-11T14:40:56Z",
        "value": "0.96746032",
        "cumulative": false
    },
    {
        "date": "2020-09-11T14:41:12Z",
        "value": "0.968183124",
        "cumulative": false
    },
    {
        "date": "2020-09-11T14:41:27Z",
        "value": "0.952778665",
        "cumulative": false
    },
    {
        "date": "2020-09-11T14:41:44Z",
        "value": "0.582941639",
        "cumulative": false
    },
    {
        "date": "2020-09-11T14:42:00Z",
        "value": "0.512620119",
        "cumulative": false
    },
    {
        "date": "2020-09-11T14:42:12Z",
        "value": "0.560603016",
        "cumulative": false
    },
    {
        "date": "2020-09-11T14:42:28Z",
        "value": "0.723027068",
        "cumulative": false
    },
    {
        "date": "2020-09-11T14:42:47Z",
        "value": "0.959373704",
        "cumulative": false
    },
    {
        "date": "2020-09-11T14:42:59Z",
        "value": "0.956391699",
        "cumulative": false
    },
    {
        "date": "2020-09-11T14:43:16Z",
        "value": "0.960709133",
        "cumulative": false
    },
    {
        "date": "2020-09-11T14:43:33Z",
        "value": "0.941035734",
        "cumulative": false
    },
    {
        "date": "2020-09-11T14:43:48Z",
        "value": "0.735030077",
        "cumulative": false
    },
    {
        "date": "2020-09-11T14:44:02Z",
        "value": "0.566323681",
        "cumulative": false
    },
    {
        "date": "2020-09-11T14:44:17Z",
        "value": "0.57817605",
        "cumulative": false
    },
    {
        "date": "2020-09-11T14:44:32Z",
        "value": "0.550004761",
        "cumulative": false
    },
    {
        "date": "2020-09-11T14:44:42Z",
        "value": "0.605345702",
        "cumulative": false
    },
    {
        "date": "2020-09-11T14:44:57Z",
        "value": "0.974674298",
        "cumulative": false
    },
    {
        "date": "2020-09-11T14:45:16Z",
        "value": "0.967308718",
        "cumulative": false
    },
    {
        "date": "2020-09-11T14:45:29Z",
        "value": "0.950508041",
        "cumulative": false
    },
    {
        "date": "2020-09-11T14:45:40Z",
        "value": "0.947722092",
        "cumulative": false
    },
    {
        "date": "2020-09-11T14:45:55Z",
        "value": "0.954257061",
        "cumulative": false
    },
    {
        "date": "2020-09-11T14:46:05Z",
        "value": "0.934154688",
        "cumulative": false
    },
    {
        "date": "2020-09-11T14:46:24Z",
        "value": "0.917119952",
        "cumulative": false
    },
    {
        "date": "2020-09-11T14:46:34Z",
        "value": "0.545077324",
        "cumulative": false
    },
    {
        "date": "2020-09-11T14:46:53Z",
        "value": "0.544286249",
        "cumulative": false
    },
    {
        "date": "2020-09-11T14:47:07Z",
        "value": "0.561152217",
        "cumulative": false
    },
    {
        "date": "2020-09-11T14:47:20Z",
        "value": "0.567316016",
        "cumulative": false
    },
    {
        "date": "2020-09-11T14:47:33Z",
        "value": "0.579047483",
        "cumulative": false
    },
    {
        "date": "2020-09-11T14:47:51Z",
        "value": "0.812081017",
        "cumulative": false
    },
    {
        "date": "2020-09-11T14:48:02Z",
        "value": "0.958055971",
        "cumulative": false
    },
    {
        "date": "2020-09-11T14:48:14Z",
        "value": "0.937750172",
        "cumulative": false
    },
    {
        "date": "2020-09-11T14:48:31Z",
        "value": "0.948447349",
        "cumulative": false
    },
    {
        "date": "2020-09-11T14:48:46Z",
        "value": "0.947364047",
        "cumulative": false
    },
    {
        "date": "2020-09-11T14:49:01Z",
        "value": "0.930003581",
        "cumulative": false
    },
    {
        "date": "2020-09-11T14:49:15Z",
        "value": "0.944803986",
        "cumulative": false
    },
    {
        "date": "2020-09-11T14:49:27Z",
        "value": "0.957067554",
        "cumulative": false
    },
    {
        "date": "2020-09-11T14:49:44Z",
        "value": "0.957970803",
        "cumulative": false
    },
    {
        "date": "2020-09-11T14:50:03Z",
        "value": "0.64723573",
        "cumulative": false
    },
    {
        "date": "2020-09-11T14:50:19Z",
        "value": "0.539942831",
        "cumulative": false
    },
    {
        "date": "2020-09-11T14:50:34Z",
        "value": "0.542929782",
        "cumulative": false
    },
    {
        "date": "2020-09-11T14:50:48Z",
        "value": "0.547417648",
        "cumulative": false
    },
    {
        "date": "2020-09-11T14:51:02Z",
        "value": "0.550533726",
        "cumulative": false
    },
    {
        "date": "2020-09-11T14:51:12Z",
        "value": "0.559681246",
        "cumulative": false
    },
    {
        "date": "2020-09-11T14:51:27Z",
        "value": "0.517006622",
        "cumulative": false
    },
    {
        "date": "2020-09-11T14:51:41Z",
        "value": "0.906895878",
        "cumulative": false
    },
    {
        "date": "2020-09-11T14:51:56Z",
        "value": "0.945186877",
        "cumulative": false
    },
    {
        "date": "2020-09-11T14:52:10Z",
        "value": "0.926212606",
        "cumulative": false
    },
    {
        "date": "2020-09-11T14:52:23Z",
        "value": "0.970941165",
        "cumulative": false
    },
    {
        "date": "2020-09-11T14:52:40Z",
        "value": "0.950931349",
        "cumulative": false
    },
    {
        "date": "2020-09-11T14:52:52Z",
        "value": "0.9545975",
        "cumulative": false
    },
    {
        "date": "2020-09-11T14:53:07Z",
        "value": "0.955562301",
        "cumulative": false
    },
    {
        "date": "2020-09-11T14:53:26Z",
        "value": "0.950922587",
        "cumulative": false
    },
    {
        "date": "2020-09-11T14:53:37Z",
        "value": "0.983438583",
        "cumulative": false
    },
    {
        "date": "2020-09-11T14:53:50Z",
        "value": "0.910436239",
        "cumulative": false
    },
    {
        "date": "2020-09-11T14:54:05Z",
        "value": "0.961563241",
        "cumulative": false
    },
    {
        "date": "2020-09-11T14:54:23Z",
        "value": "0.634309938",
        "cumulative": false
    },
    {
        "date": "2020-09-11T14:54:41Z",
        "value": "0.594846446",
        "cumulative": false
    },
    {
        "date": "2020-09-11T14:54:53Z",
        "value": "0.554193802",
        "cumulative": false
    },
    {
        "date": "2020-09-11T14:55:09Z",
        "value": "0.54478035",
        "cumulative": false
    },
    {
        "date": "2020-09-11T14:55:27Z",
        "value": "0.582113389",
        "cumulative": false
    },
    {
        "date": "2020-09-11T14:55:37Z",
        "value": "0.53066495",
        "cumulative": false
    },
    {
        "date": "2020-09-11T14:55:56Z",
        "value": "0.56905042",
        "cumulative": false
    },
    {
        "date": "2020-09-11T14:56:12Z",
        "value": "0.543158662",
        "cumulative": false
    },
    {
        "date": "2020-09-11T14:56:22Z",
        "value": "0.85432207",
        "cumulative": false
    },
    {
        "date": "2020-09-11T14:56:39Z",
        "value": "0.956228027",
        "cumulative": false
    },
    {
        "date": "2020-09-11T14:56:57Z",
        "value": "0.964005692",
        "cumulative": false
    },
    {
        "date": "2020-09-11T14:57:10Z",
        "value": "0.938350097",
        "cumulative": false
    },
    {
        "date": "2020-09-11T14:57:27Z",
        "value": "0.934810384",
        "cumulative": false
    },
    {
        "date": "2020-09-11T14:57:38Z",
        "value": "0.956143324",
        "cumulative": false
    },
    {
        "date": "2020-09-11T14:57:50Z",
        "value": "0.957200739",
        "cumulative": false
    },
    {
        "date": "2020-09-11T14:58:10Z",
        "value": "0.976198514",
        "cumulative": false
    },
    {
        "date": "2020-09-11T14:58:20Z",
        "value": "0.922743913",
        "cumulative": false
    },
    {
        "date": "2020-09-11T14:58:32Z",
        "value": "0.913151178",
        "cumulative": false
    },
    {
        "date": "2020-09-11T14:58:49Z",
        "value": "0.955780214",
        "cumulative": false
    },
    {
        "date": "2020-09-11T14:59:07Z",
        "value": "0.965592164",
        "cumulative": false
    },
    {
        "date": "2020-09-11T14:59:22Z",
        "value": "0.954187096",
        "cumulative": false
    },
    {
        "date": "2020-09-11T14:59:39Z",
        "value": "0.847001335",
        "cumulative": false
    },
    {
        "date": "2020-09-11T14:59:54Z",
        "value": "0.575440666",
        "cumulative": false
    },
    {
        "date": "2020-09-11T15:00:07Z",
        "value": "0.553116883",
        "cumulative": false
    },
    {
        "date": "2020-09-11T15:00:20Z",
        "value": "0.568332628",
        "cumulative": false
    },
    {
        "date": "2020-09-11T15:00:35Z",
        "value": "0.591452124",
        "cumulative": false
    },
    {
        "date": "2020-09-11T15:00:50Z",
        "value": "0.545602922",
        "cumulative": false
    },
    {
        "date": "2020-09-11T15:01:06Z",
        "value": "0.592107474",
        "cumulative": false
    },
    {
        "date": "2020-09-11T15:01:20Z",
        "value": "0.588114428",
        "cumulative": false
    },
    {
        "date": "2020-09-11T15:01:34Z",
        "value": "0.569576749",
        "cumulative": false
    },
    {
        "date": "2020-09-11T15:01:52Z",
        "value": "0.526571672",
        "cumulative": false
    },
    {
        "date": "2020-09-11T15:02:09Z",
        "value": "0.578066254",
        "cumulative": false
    },
    {
        "date": "2020-09-11T15:02:21Z",
        "value": "0.956811019",
        "cumulative": false
    },
    {
        "date": "2020-09-11T15:02:33Z",
        "value": "0.953764437",
        "cumulative": false
    },
    {
        "date": "2020-09-11T15:02:44Z",
        "value": "0.944714121",
        "cumulative": false
    },
    {
        "date": "2020-09-11T15:03:01Z",
        "value": "0.958659064",
        "cumulative": false
    },
    {
        "date": "2020-09-11T15:03:19Z",
        "value": "0.910731645",
        "cumulative": false
    },
    {
        "date": "2020-09-11T15:03:34Z",
        "value": "0.956218353",
        "cumulative": false
    },
    {
        "date": "2020-09-11T15:03:52Z",
        "value": "0.95613043",
        "cumulative": false
    },
    {
        "date": "2020-09-11T15:04:05Z",
        "value": "0.938047315",
        "cumulative": false
    },
    {
        "date": "2020-09-11T15:04:17Z",
        "value": "0.920667804",
        "cumulative": false
    },
    {
        "date": "2020-09-11T15:04:33Z",
        "value": "0.851340478",
        "cumulative": false
    },
    {
        "date": "2020-09-11T15:04:52Z",
        "value": "0.945000448",
        "cumulative": false
    },
    {
        "date": "2020-09-11T15:05:06Z",
        "value": "0.942070706",
        "cumulative": false
    },
    {
        "date": "2020-09-11T15:05:24Z",
        "value": "0.942549799",
        "cumulative": false
    },
    {
        "date": "2020-09-11T15:05:39Z",
        "value": "0.939558845",
        "cumulative": false
    },
    {
        "date": "2020-09-11T15:05:52Z",
        "value": "0.879505301",
        "cumulative": false
    },
    {
        "date": "2020-09-11T15:06:05Z",
        "value": "0.927354693",
        "cumulative": false
    },
    {
        "date": "2020-09-11T15:06:25Z",
        "value": "0.893223146",
        "cumulative": false
    },
    {
        "date": "2020-09-11T15:06:35Z",
        "value": "0.555101895",
        "cumulative": false
    },
    {
        "date": "2020-09-11T15:06:52Z",
        "value": "0.604911033",
        "cumulative": false
    },
    {
        "date": "2020-09-11T15:07:12Z",
        "value": "0.567633873",
        "cumulative": false
    },
    {
        "date": "2020-09-11T15:07:31Z",
        "value": "0.554804373",
        "cumulative": false
    },
    {
        "date": "2020-09-11T15:07:50Z",
        "value": "0.572050757",
        "cumulative": false
    },
    {
        "date": "2020-09-11T15:08:08Z",
        "value": "0.563977751",
        "cumulative": false
    },
    {
        "date": "2020-09-11T15:08:25Z",
        "value": "0.557921479",
        "cumulative": false
    },
    {
        "date": "2020-09-11T15:08:35Z",
        "value": "0.560814825",
        "cumulative": false
    },
    {
        "date": "2020-09-11T15:08:54Z",
        "value": "0.519707882",
        "cumulative": false
    },
    {
        "date": "2020-09-11T15:09:12Z",
        "value": "0.560359797",
        "cumulative": false
    },
    {
        "date": "2020-09-11T15:09:24Z",
        "value": "0.572826546",
        "cumulative": false
    },
    {
        "date": "2020-09-11T15:09:36Z",
        "value": "0.571344137",
        "cumulative": false
    },
    {
        "date": "2020-09-11T15:09:46Z",
        "value": "0.965378526",
        "cumulative": false
    },
    {
        "date": "2020-09-11T15:09:58Z",
        "value": "0.959565299",
        "cumulative": false
    },
    {
        "date": "2020-09-11T15:10:10Z",
        "value": "0.965829833",
        "cumulative": false
    },
    {
        "date": "2020-09-11T15:10:27Z",
        "value": "0.960298297",
        "cumulative": false
    },
    {
        "date": "2020-09-11T15:10:41Z",
        "value": "0.932206902",
        "cumulative": false
    },
    {
        "date": "2020-09-11T15:10:55Z",
        "value": "0.950498997",
        "cumulative": false
    },
    {
        "date": "2020-09-11T15:11:14Z",
        "value": "0.9521365",
        "cumulative": false
    },
    {
        "date": "2020-09-11T15:11:33Z",
        "value": "0.977047605",
        "cumulative": false
    },
    {
        "date": "2020-09-11T15:11:44Z",
        "value": "0.93658104",
        "cumulative": false
    },
    {
        "date": "2020-09-11T15:12:04Z",
        "value": "0.962552183",
        "cumulative": false
    },
    {
        "date": "2020-09-11T15:12:20Z",
        "value": "0.936681798",
        "cumulative": false
    },
    {
        "date": "2020-09-11T15:12:31Z",
        "value": "0.921391096",
        "cumulative": false
    },
    {
        "date": "2020-09-11T15:12:45Z",
        "value": "0.919174211",
        "cumulative": false
    },
    {
        "date": "2020-09-11T15:12:57Z",
        "value": "0.901678818",
        "cumulative": false
    },
    {
        "date": "2020-09-11T15:13:14Z",
        "value": "0.950011244",
        "cumulative": false
    },
    {
        "date": "2020-09-11T15:13:25Z",
        "value": "0.958509214",
        "cumulative": false
    },
    {
        "date": "2020-09-11T15:13:39Z",
        "value": "0.931771989",
        "cumulative": false
    },
    {
        "date": "2020-09-11T15:13:53Z",
        "value": "0.937640706",
        "cumulative": false
    },
    {
        "date": "2020-09-11T15:14:05Z",
        "value": "0.929704789",
        "cumulative": false
    },
    {
        "date": "2020-09-11T15:14:19Z",
        "value": "0.932740924",
        "cumulative": false
    },
    {
        "date": "2020-09-11T15:14:30Z",
        "value": "0.926719499",
        "cumulative": false
    },
    {
        "date": "2020-09-11T15:14:50Z",
        "value": "0.953271676",
        "cumulative": false
    },
    {
        "date": "2020-09-11T15:15:05Z",
        "value": "0.54250655",
        "cumulative": false
    },
    {
        "date": "2020-09-11T15:15:15Z",
        "value": "0.543376809",
        "cumulative": false
    },
    {
        "date": "2020-09-11T15:15:31Z",
        "value": "0.51745434",
        "cumulative": false
    },
    {
        "date": "2020-09-11T15:15:45Z",
        "value": "0.605496616",
        "cumulative": false
    },
    {
        "date": "2020-09-11T15:15:59Z",
        "value": "0.516430745",
        "cumulative": false
    },
    {
        "date": "2020-09-11T15:16:13Z",
        "value": "0.553852127",
        "cumulative": false
    },
    {
        "date": "2020-09-11T15:16:25Z",
        "value": "0.604816093",
        "cumulative": false
    },
    {
        "date": "2020-09-11T15:16:36Z",
        "value": "0.539711068",
        "cumulative": false
    },
    {
        "date": "2020-09-11T15:16:50Z",
        "value": "0.548088046",
        "cumulative": false
    },
    {
        "date": "2020-09-11T15:17:06Z",
        "value": "0.563611826",
        "cumulative": false
    },
    {
        "date": "2020-09-11T15:17:22Z",
        "value": "0.56802916",
        "cumulative": false
    },
    {
        "date": "2020-09-11T15:17:36Z",
        "value": "0.526922018",
        "cumulative": false
    },
    {
        "date": "2020-09-11T15:17:51Z",
        "value": "0.495447526",
        "cumulative": false
    },
    {
        "date": "2020-09-11T15:18:06Z",
        "value": "0.584217565",
        "cumulative": false
    },
    {
        "date": "2020-09-11T15:18:21Z",
        "value": "0.573095117",
        "cumulative": false
    },
    {
        "date": "2020-09-11T15:18:32Z",
        "value": "0.546360606",
        "cumulative": false
    },
    {
        "date": "2020-09-11T15:18:43Z",
        "value": "0.562971001",
        "cumulative": false
    },
    {
        "date": "2020-09-11T15:19:01Z",
        "value": "0.706394927",
        "cumulative": false
    },
    {
        "date": "2020-09-11T15:19:12Z",
        "value": "0.894815228",
        "cumulative": false
    },
    {
        "date": "2020-09-11T15:19:22Z",
        "value": "0.911378439",
        "cumulative": false
    },
    {
        "date": "2020-09-11T15:19:41Z",
        "value": "0.903675064",
        "cumulative": false
    },
    {
        "date": "2020-09-11T15:20:00Z",
        "value": "0.906180992",
        "cumulative": false
    },
    {
        "date": "2020-09-11T15:20:10Z",
        "value": "0.843279995",
        "cumulative": false
    },
    {
        "date": "2020-09-11T15:20:27Z",
        "value": "0.894042316",
        "cumulative": false
    },
    {
        "date": "2020-09-11T15:20:38Z",
        "value": "0.922160546",
        "cumulative": false
    },
    {
        "date": "2020-09-11T15:20:51Z",
        "value": "0.919848322",
        "cumulative": false
    },
    {
        "date": "2020-09-11T15:21:07Z",
        "value": "0.927331661",
        "cumulative": false
    },
    {
        "date": "2020-09-11T15:21:19Z",
        "value": "0.931105795",
        "cumulative": false
    },
    {
        "date": "2020-09-11T15:21:37Z",
        "value": "0.912221286",
        "cumulative": false
    },
    {
        "date": "2020-09-11T15:21:53Z",
        "value": "0.884682119",
        "cumulative": false
    },
    {
        "date": "2020-09-11T15:22:09Z",
        "value": "0.883057801",
        "cumulative": false
    },
    {
        "date": "2020-09-11T15:22:19Z",
        "value": "0.91405235",
        "cumulative": false
    },
    {
        "date": "2020-09-11T15:22:36Z",
        "value": "0.911587832",
        "cumulative": false
    },
    {
        "date": "2020-09-11T15:22:53Z",
        "value": "0.867369443",
        "cumulative": false
    },
    {
        "date": "2020-09-11T15:23:12Z",
        "value": "0.902472953",
        "cumulative": false
    },
    {
        "date": "2020-09-11T15:23:23Z",
        "value": "0.868146361",
        "cumulative": false
    },
    {
        "date": "2020-09-11T15:23:38Z",
        "value": "0.905164432",
        "cumulative": false
    },
    {
        "date": "2020-09-11T15:23:49Z",
        "value": "0.890631879",
        "cumulative": false
    },
    {
        "date": "2020-09-11T15:24:02Z",
        "value": "0.925379252",
        "cumulative": false
    },
    {
        "date": "2020-09-11T15:24:18Z",
        "value": "0.910527087",
        "cumulative": false
    },
    {
        "date": "2020-09-11T15:24:28Z",
        "value": "0.902794085",
        "cumulative": false
    },
    {
        "date": "2020-09-11T15:24:44Z",
        "value": "0.907608669",
        "cumulative": false
    },
    {
        "date": "2020-09-11T15:24:57Z",
        "value": "0.919028987",
        "cumulative": false
    },
    {
        "date": "2020-09-11T15:25:09Z",
        "value": "0.894651046",
        "cumulative": false
    },
    {
        "date": "2020-09-11T15:25:25Z",
        "value": "0.916445566",
        "cumulative": false
    },
    {
        "date": "2020-09-11T15:25:40Z",
        "value": "0.776827133",
        "cumulative": false
    },
    {
        "date": "2020-09-11T15:25:52Z",
        "value": "0.564069245",
        "cumulative": false
    },
    {
        "date": "2020-09-11T15:26:02Z",
        "value": "0.531889957",
        "cumulative": false
    },
    {
        "date": "2020-09-11T15:26:21Z",
        "value": "0.536063884",
        "cumulative": false
    },
    {
        "date": "2020-09-11T15:26:37Z",
        "value": "0.528440187",
        "cumulative": false
    },
    {
        "date": "2020-09-11T15:26:50Z",
        "value": "0.5875971",
        "cumulative": false
    },
    {
        "date": "2020-09-11T15:27:09Z",
        "value": "0.545874151",
        "cumulative": false
    },
    {
        "date": "2020-09-11T15:27:25Z",
        "value": "0.513847599",
        "cumulative": false
    },
    {
        "date": "2020-09-11T15:27:45Z",
        "value": "0.516927973",
        "cumulative": false
    },
    {
        "date": "2020-09-11T15:28:03Z",
        "value": "0.494133289",
        "cumulative": false
    },
    {
        "date": "2020-09-11T15:28:19Z",
        "value": "0.579959988",
        "cumulative": false
    },
    {
        "date": "2020-09-11T15:28:35Z",
        "value": "0.541736931",
        "cumulative": false
    },
    {
        "date": "2020-09-11T15:28:45Z",
        "value": "0.542299714",
        "cumulative": false
    },
    {
        "date": "2020-09-11T15:29:03Z",
        "value": "0.544314603",
        "cumulative": false
    },
    {
        "date": "2020-09-11T15:29:14Z",
        "value": "0.522331834",
        "cumulative": false
    },
    {
        "date": "2020-09-11T15:29:29Z",
        "value": "0.549447825",
        "cumulative": false
    },
    {
        "date": "2020-09-11T15:29:45Z",
        "value": "0.543847303",
        "cumulative": false
    },
    {
        "date": "2020-09-11T15:29:58Z",
        "value": "0.547610089",
        "cumulative": false
    },
    {
        "date": "2020-09-11T15:30:10Z",
        "value": "0.511542808",
        "cumulative": false
    },
    {
        "date": "2020-09-11T15:30:29Z",
        "value": "0.561110069",
        "cumulative": false
    },
    {
        "date": "2020-09-11T15:30:39Z",
        "value": "0.531883598",
        "cumulative": false
    },
    {
        "date": "2020-09-11T15:30:53Z",
        "value": "0.814496274",
        "cumulative": false
    },
    {
        "date": "2020-09-11T15:31:04Z",
        "value": "0.892273725",
        "cumulative": false
    },
    {
        "date": "2020-09-11T15:31:18Z",
        "value": "0.917638019",
        "cumulative": false
    },
    {
        "date": "2020-09-11T15:31:31Z",
        "value": "0.960605721",
        "cumulative": false
    },
    {
        "date": "2020-09-11T15:31:47Z",
        "value": "0.908135339",
        "cumulative": false
    },
    {
        "date": "2020-09-11T15:32:01Z",
        "value": "0.933591709",
        "cumulative": false
    },
    {
        "date": "2020-09-11T15:32:12Z",
        "value": "0.897141599",
        "cumulative": false
    },
    {
        "date": "2020-09-11T15:32:30Z",
        "value": "0.95318179",
        "cumulative": false
    },
    {
        "date": "2020-09-11T15:32:44Z",
        "value": "0.917610484",
        "cumulative": false
    },
    {
        "date": "2020-09-11T15:32:55Z",
        "value": "0.942180138",
        "cumulative": false
    },
    {
        "date": "2020-09-11T15:33:15Z",
        "value": "0.927124539",
        "cumulative": false
    },
    {
        "date": "2020-09-11T15:33:30Z",
        "value": "0.900308328",
        "cumulative": false
    },
    {
        "date": "2020-09-11T15:33:47Z",
        "value": "0.919301553",
        "cumulative": false
    },
    {
        "date": "2020-09-11T15:33:58Z",
        "value": "0.909154175",
        "cumulative": false
    },
    {
        "date": "2020-09-11T15:34:10Z",
        "value": "0.904358928",
        "cumulative": false
    },
    {
        "date": "2020-09-11T15:34:26Z",
        "value": "0.906102908",
        "cumulative": false
    },
    {
        "date": "2020-09-11T15:34:37Z",
        "value": "0.890834879",
        "cumulative": false
    },
    {
        "date": "2020-09-11T15:34:56Z",
        "value": "0.918861406",
        "cumulative": false
    },
    {
        "date": "2020-09-11T15:35:13Z",
        "value": "0.927694567",
        "cumulative": false
    },
    {
        "date": "2020-09-11T15:35:23Z",
        "value": "0.943958035",
        "cumulative": false
    },
    {
        "date": "2020-09-11T15:35:36Z",
        "value": "0.91952037",
        "cumulative": false
    },
    {
        "date": "2020-09-11T15:35:55Z",
        "value": "0.910667472",
        "cumulative": false
    },
    {
        "date": "2020-09-11T15:36:14Z",
        "value": "0.92024768",
        "cumulative": false
    },
    {
        "date": "2020-09-11T15:36:29Z",
        "value": "0.924763138",
        "cumulative": false
    },
    {
        "date": "2020-09-11T15:36:46Z",
        "value": "0.919818246",
        "cumulative": false
    },
    {
        "date": "2020-09-11T15:37:03Z",
        "value": "0.93240182",
        "cumulative": false
    },
    {
        "date": "2020-09-11T15:37:23Z",
        "value": "0.943405857",
        "cumulative": false
    },
    {
        "date": "2020-09-11T15:37:38Z",
        "value": "0.923868161",
        "cumulative": false
    },
    {
        "date": "2020-09-11T15:37:53Z",
        "value": "0.872475929",
        "cumulative": false
    },
    {
        "date": "2020-09-11T15:38:04Z",
        "value": "0.929974079",
        "cumulative": false
    },
    {
        "date": "2020-09-11T15:38:17Z",
        "value": "0.917404045",
        "cumulative": false
    },
    {
        "date": "2020-09-11T15:38:32Z",
        "value": "0.924306067",
        "cumulative": false
    },
    {
        "date": "2020-09-11T15:38:50Z",
        "value": "0.911306153",
        "cumulative": false
    },
    {
        "date": "2020-09-11T15:39:01Z",
        "value": "0.617026431",
        "cumulative": false
    }
]