[
    {
        "date": "2020-09-11T14:32:39Z",
        "value": "0.0",
        "cumulative": false
    },
    {
        "date": "2020-09-11T14:32:55Z",
        "value": "0.40850018",
        "cumulative": false
    },
    {
        "date": "2020-09-11T14:33:14Z",
        "value": "0.857877319",
        "cumulative": false
    },
    {
        "date": "2020-09-11T14:33:27Z",
        "value": "1.241610536",
        "cumulative": false
    },
    {
        "date": "2020-09-11T14:33:39Z",
        "value": "1.333902901",
        "cumulative": false
    },
    {
        "date": "2020-09-11T14:33:57Z",
        "value": "0.98985525",
        "cumulative": false
    },
    {
        "date": "2020-09-11T14:34:11Z",
        "value": "0.704946369",
        "cumulative": false
    },
    {
        "date": "2020-09-11T14:34:26Z",
        "value": "0.86574653",
        "cumulative": false
    },
    {
        "date": "2020-09-11T14:34:39Z",
        "value": "0.806604838",
        "cumulative": false
    },
    {
        "date": "2020-09-11T14:34:50Z",
        "value": "0.840272629",
        "cumulative": false
    },
    {
        "date": "2020-09-11T14:35:00Z",
        "value": "0.814541299",
        "cumulative": false
    },
    {
        "date": "2020-09-11T14:35:15Z",
        "value": "0.638934942",
        "cumulative": false
    },
    {
        "date": "2020-09-11T14:35:33Z",
        "value": "0.901800579",
        "cumulative": false
    },
    {
        "date": "2020-09-11T14:35:52Z",
        "value": "0.706802689",
        "cumulative": false
    },
    {
        "date": "2020-09-11T14:36:10Z",
        "value": "0.730574922",
        "cumulative": false
    },
    {
        "date": "2020-09-11T14:36:26Z",
        "value": "0.769078114",
        "cumulative": false
    },
    {
        "date": "2020-09-11T14:36:36Z",
        "value": "0.934631214",
        "cumulative": false
    },
    {
        "date": "2020-09-11T14:36:56Z",
        "value": "0.583179753",
        "cumulative": false
    },
    {
        "date": "2020-09-11T14:37:07Z",
        "value": "0.804432002",
        "cumulative": false
    },
    {
        "date": "2020-09-11T14:37:20Z",
        "value": "0.918371886",
        "cumulative": false
    },
    {
        "date": "2020-09-11T14:37:31Z",
        "value": "0.846489247",
        "cumulative": false
    },
    {
        "date": "2020-09-11T14:37:41Z",
        "value": "0.483732787",
        "cumulative": false
    },
    {
        "date": "2020-09-11T14:38:01Z",
        "value": "0.667879721",
        "cumulative": false
    },
    {
        "date": "2020-09-11T14:38:14Z",
        "value": "0.916983886",
        "cumulative": false
    },
    {
        "date": "2020-09-11T14:38:30Z",
        "value": "0.885409956",
        "cumulative": false
    },
    {
        "date": "2020-09-11T14:38:47Z",
        "value": "0.441513704",
        "cumulative": false
    },
    {
        "date": "2020-09-11T14:39:07Z",
        "value": "0.605850537",
        "cumulative": false
    },
    {
        "date": "2020-09-11T14:39:18Z",
        "value": "0.912758146",
        "cumulative": false
    },
    {
        "date": "2020-09-11T14:39:32Z",
        "value": "0.91361224",
        "cumulative": false
    },
    {
        "date": "2020-09-11T14:39:51Z",
        "value": "0.85482291",
        "cumulative": false
    },
    {
        "date": "2020-09-11T14:40:08Z",
        "value": "0.55829476",
        "cumulative": false
    },
    {
        "date": "2020-09-11T14:40:18Z",
        "value": "0.529070557",
        "cumulative": false
    },
    {
        "date": "2020-09-11T14:40:30Z",
        "value": "0.58022934",
        "cumulative": false
    },
    {
        "date": "2020-09-11T14:40:43Z",
        "value": "0.903711749",
        "cumulative": false
    },
    {
        "date": "2020-09-11T14:41:01Z",
        "value": "0.901001584",
        "cumulative": false
    },
    {
        "date": "2020-09-11T14:41:11Z",
        "value": "0.901606012",
        "cumulative": false
    },
    {
        "date": "2020-09-11T14:41:30Z",
        "value": "0.886571963",
        "cumulative": false
    },
    {
        "date": "2020-09-11T14:41:41Z",
        "value": "0.479481602",
        "cumulative": false
    },
    {
        "date": "2020-09-11T14:41:53Z",
        "value": "0.496544619",
        "cumulative": false
    },
    {
        "date": "2020-09-11T14:42:13Z",
        "value": "0.506408093",
        "cumulative": false
    },
    {
        "date": "2020-09-11T14:42:26Z",
        "value": "0.687909756",
        "cumulative": false
    },
    {
        "date": "2020-09-11T14:42:45Z",
        "value": "0.886745502",
        "cumulative": false
    },
    {
        "date": "2020-09-11T14:42:58Z",
        "value": "0.914211055",
        "cumulative": false
    },
    {
        "date": "2020-09-11T14:43:14Z",
        "value": "0.909975524",
        "cumulative": false
    },
    {
        "date": "2020-09-11T14:43:25Z",
        "value": "0.912611954",
        "cumulative": false
    },
    {
        "date": "2020-09-11T14:43:39Z",
        "value": "0.891050713",
        "cumulative": false
    },
    {
        "date": "2020-09-11T14:43:51Z",
        "value": "0.557185922",
        "cumulative": false
    },
    {
        "date": "2020-09-11T14:44:06Z",
        "value": "0.522824617",
        "cumulative": false
    },
    {
        "date": "2020-09-11T14:44:25Z",
        "value": "0.533097526",
        "cumulative": false
    },
    {
        "date": "2020-09-11T14:44:43Z",
        "value": "0.565632633",
        "cumulative": false
    },
    {
        "date": "2020-09-11T14:45:03Z",
        "value": "0.912289245",
        "cumulative": false
    },
    {
        "date": "2020-09-11T14:45:17Z",
        "value": "0.909441784",
        "cumulative": false
    },
    {
        "date": "2020-09-11T14:45:28Z",
        "value": "0.867747202",
        "cumulative": false
    },
    {
        "date": "2020-09-11T14:45:43Z",
        "value": "0.899686282",
        "cumulative": false
    },
    {
        "date": "2020-09-11T14:45:53Z",
        "value": "0.903787465",
        "cumulative": false
    },
    {
        "date": "2020-09-11T14:46:04Z",
        "value": "0.885311816",
        "cumulative": false
    },
    {
        "date": "2020-09-11T14:46:18Z",
        "value": "0.914899894",
        "cumulative": false
    },
    {
        "date": "2020-09-11T14:46:35Z",
        "value": "0.602724324",
        "cumulative": false
    },
    {
        "date": "2020-09-11T14:46:48Z",
        "value": "0.517183728",
        "cumulative": false
    },
    {
        "date": "2020-09-11T14:47:02Z",
        "value": "0.505898248",
        "cumulative": false
    },
    {
        "date": "2020-09-11T14:47:16Z",
        "value": "0.53021878",
        "cumulative": false
    },
    {
        "date": "2020-09-11T14:47:35Z",
        "value": "0.538106566",
        "cumulative": false
    },
    {
        "date": "2020-09-11T14:47:52Z",
        "value": "0.79528116",
        "cumulative": false
    },
    {
        "date": "2020-09-11T14:48:11Z",
        "value": "0.879307069",
        "cumulative": false
    },
    {
        "date": "2020-09-11T14:48:27Z",
        "value": "0.88712101",
        "cumulative": false
    },
    {
        "date": "2020-09-11T14:48:44Z",
        "value": "0.908236372",
        "cumulative": false
    },
    {
        "date": "2020-09-11T14:48:54Z",
        "value": "0.867860868",
        "cumulative": false
    },
    {
        "date": "2020-09-11T14:49:11Z",
        "value": "0.869243395",
        "cumulative": false
    },
    {
        "date": "2020-09-11T14:49:26Z",
        "value": "0.899887194",
        "cumulative": false
    },
    {
        "date": "2020-09-11T14:49:40Z",
        "value": "0.935747026",
        "cumulative": false
    },
    {
        "date": "2020-09-11T14:49:54Z",
        "value": "0.746050349",
        "cumulative": false
    },
    {
        "date": "2020-09-11T14:50:09Z",
        "value": "0.550945111",
        "cumulative": false
    },
    {
        "date": "2020-09-11T14:50:26Z",
        "value": "0.500172912",
        "cumulative": false
    },
    {
        "date": "2020-09-11T14:50:37Z",
        "value": "0.532965744",
        "cumulative": false
    },
    {
        "date": "2020-09-11T14:50:51Z",
        "value": "0.506781953",
        "cumulative": false
    },
    {
        "date": "2020-09-11T14:51:07Z",
        "value": "0.552319666",
        "cumulative": false
    },
    {
        "date": "2020-09-11T14:51:23Z",
        "value": "0.516082405",
        "cumulative": false
    },
    {
        "date": "2020-09-11T14:51:35Z",
        "value": "0.740550833",
        "cumulative": false
    },
    {
        "date": "2020-09-11T14:51:51Z",
        "value": "0.922017963",
        "cumulative": false
    },
    {
        "date": "2020-09-11T14:52:05Z",
        "value": "0.924088296",
        "cumulative": false
    },
    {
        "date": "2020-09-11T14:52:20Z",
        "value": "0.893062845",
        "cumulative": false
    },
    {
        "date": "2020-09-11T14:52:40Z",
        "value": "0.889484119",
        "cumulative": false
    },
    {
        "date": "2020-09-11T14:52:51Z",
        "value": "0.86697273",
        "cumulative": false
    },
    {
        "date": "2020-09-11T14:53:09Z",
        "value": "0.890984384",
        "cumulative": false
    },
    {
        "date": "2020-09-11T14:53:22Z",
        "value": "0.898408752",
        "cumulative": false
    },
    {
        "date": "2020-09-11T14:53:35Z",
        "value": "0.904654425",
        "cumulative": false
    },
    {
        "date": "2020-09-11T14:53:55Z",
        "value": "0.859386336",
        "cumulative": false
    },
    {
        "date": "2020-09-11T14:54:05Z",
        "value": "0.902597366",
        "cumulative": false
    },
    {
        "date": "2020-09-11T14:54:15Z",
        "value": "0.649223904",
        "cumulative": false
    },
    {
        "date": "2020-09-11T14:54:32Z",
        "value": "0.54189778",
        "cumulative": false
    },
    {
        "date": "2020-09-11T14:54:51Z",
        "value": "0.543510417",
        "cumulative": false
    },
    {
        "date": "2020-09-11T14:55:06Z",
        "value": "0.512046437",
        "cumulative": false
    },
    {
        "date": "2020-09-11T14:55:16Z",
        "value": "0.574949382",
        "cumulative": false
    },
    {
        "date": "2020-09-11T14:55:36Z",
        "value": "0.509210682",
        "cumulative": false
    },
    {
        "date": "2020-09-11T14:55:48Z",
        "value": "0.522968371",
        "cumulative": false
    },
    {
        "date": "2020-09-11T14:56:08Z",
        "value": "0.498761696",
        "cumulative": false
    },
    {
        "date": "2020-09-11T14:56:19Z",
        "value": "0.708383439",
        "cumulative": false
    },
    {
        "date": "2020-09-11T14:56:38Z",
        "value": "0.924484075",
        "cumulative": false
    },
    {
        "date": "2020-09-11T14:56:58Z",
        "value": "0.948980896",
        "cumulative": false
    },
    {
        "date": "2020-09-11T14:57:16Z",
        "value": "0.892652088",
        "cumulative": false
    },
    {
        "date": "2020-09-11T14:57:32Z",
        "value": "0.925298254",
        "cumulative": false
    },
    {
        "date": "2020-09-11T14:57:48Z",
        "value": "0.901350142",
        "cumulative": false
    },
    {
        "date": "2020-09-11T14:58:02Z",
        "value": "0.930833694",
        "cumulative": false
    },
    {
        "date": "2020-09-11T14:58:13Z",
        "value": "0.913472194",
        "cumulative": false
    },
    {
        "date": "2020-09-11T14:58:26Z",
        "value": "0.882006221",
        "cumulative": false
    },
    {
        "date": "2020-09-11T14:58:42Z",
        "value": "0.925685272",
        "cumulative": false
    },
    {
        "date": "2020-09-11T14:58:53Z",
        "value": "0.926807713",
        "cumulative": false
    },
    {
        "date": "2020-09-11T14:59:04Z",
        "value": "0.936652703",
        "cumulative": false
    },
    {
        "date": "2020-09-11T14:59:23Z",
        "value": "0.923926459",
        "cumulative": false
    },
    {
        "date": "2020-09-11T14:59:38Z",
        "value": "0.812904494",
        "cumulative": false
    },
    {
        "date": "2020-09-11T14:59:48Z",
        "value": "0.573221522",
        "cumulative": false
    },
    {
        "date": "2020-09-11T15:00:00Z",
        "value": "0.523759914",
        "cumulative": false
    },
    {
        "date": "2020-09-11T15:00:16Z",
        "value": "0.557556193",
        "cumulative": false
    },
    {
        "date": "2020-09-11T15:00:26Z",
        "value": "0.548655229",
        "cumulative": false
    },
    {
        "date": "2020-09-11T15:00:39Z",
        "value": "0.553854694",
        "cumulative": false
    },
    {
        "date": "2020-09-11T15:00:54Z",
        "value": "0.548672196",
        "cumulative": false
    },
    {
        "date": "2020-09-11T15:01:06Z",
        "value": "0.549315861",
        "cumulative": false
    },
    {
        "date": "2020-09-11T15:01:25Z",
        "value": "0.576059086",
        "cumulative": false
    },
    {
        "date": "2020-09-11T15:01:42Z",
        "value": "0.529686647",
        "cumulative": false
    },
    {
        "date": "2020-09-11T15:01:59Z",
        "value": "0.533243702",
        "cumulative": false
    },
    {
        "date": "2020-09-11T15:02:18Z",
        "value": "0.748208983",
        "cumulative": false
    },
    {
        "date": "2020-09-11T15:02:30Z",
        "value": "0.901730093",
        "cumulative": false
    },
    {
        "date": "2020-09-11T15:02:48Z",
        "value": "0.916438006",
        "cumulative": false
    },
    {
        "date": "2020-09-11T15:03:00Z",
        "value": "0.916743931",
        "cumulative": false
    },
    {
        "date": "2020-09-11T15:03:12Z",
        "value": "0.886606349",
        "cumulative": false
    },
    {
        "date": "2020-09-11T15:03:23Z",
        "value": "0.913527256",
        "cumulative": false
    },
    {
        "date": "2020-09-11T15:03:38Z",
        "value": "0.931291312",
        "cumulative": false
    },
    {
        "date": "2020-09-11T15:03:49Z",
        "value": "0.929717024",
        "cumulative": false
    },
    {
        "date": "2020-09-11T15:04:05Z",
        "value": "0.931771023",
        "cumulative": false
    },
    {
        "date": "2020-09-11T15:04:17Z",
        "value": "0.895422415",
        "cumulative": false
    },
    {
        "date": "2020-09-11T15:04:32Z",
        "value": "0.819109313",
        "cumulative": false
    },
    {
        "date": "2020-09-11T15:04:42Z",
        "value": "0.900892005",
        "cumulative": false
    },
    {
        "date": "2020-09-11T15:04:58Z",
        "value": "0.885485777",
        "cumulative": false
    },
    {
        "date": "2020-09-11T15:05:15Z",
        "value": "0.890899197",
        "cumulative": false
    },
    {
        "date": "2020-09-11T15:05:34Z",
        "value": "0.909364509",
        "cumulative": false
    },
    {
        "date": "2020-09-11T15:05:52Z",
        "value": "0.850520768",
        "cumulative": false
    },
    {
        "date": "2020-09-11T15:06:09Z",
        "value": "0.883939095",
        "cumulative": false
    },
    {
        "date": "2020-09-11T15:06:20Z",
        "value": "0.881819162",
        "cumulative": false
    },
    {
        "date": "2020-09-11T15:06:33Z",
        "value": "0.613541268",
        "cumulative": false
    },
    {
        "date": "2020-09-11T15:06:48Z",
        "value": "0.572929291",
        "cumulative": false
    },
    {
        "date": "2020-09-11T15:07:07Z",
        "value": "0.54379709",
        "cumulative": false
    },
    {
        "date": "2020-09-11T15:07:20Z",
        "value": "0.535429854",
        "cumulative": false
    },
    {
        "date": "2020-09-11T15:07:40Z",
        "value": "0.561193811",
        "cumulative": false
    },
    {
        "date": "2020-09-11T15:07:54Z",
        "value": "0.526396431",
        "cumulative": false
    },
    {
        "date": "2020-09-11T15:08:08Z",
        "value": "0.560533067",
        "cumulative": false
    },
    {
        "date": "2020-09-11T15:08:21Z",
        "value": "0.579804634",
        "cumulative": false
    },
    {
        "date": "2020-09-11T15:08:33Z",
        "value": "0.562243653",
        "cumulative": false
    },
    {
        "date": "2020-09-11T15:08:45Z",
        "value": "0.522294538",
        "cumulative": false
    },
    {
        "date": "2020-09-11T15:09:01Z",
        "value": "0.554094387",
        "cumulative": false
    },
    {
        "date": "2020-09-11T15:09:20Z",
        "value": "0.57382842",
        "cumulative": false
    },
    {
        "date": "2020-09-11T15:09:31Z",
        "value": "0.545106649",
        "cumulative": false
    },
    {
        "date": "2020-09-11T15:09:50Z",
        "value": "0.864848892",
        "cumulative": false
    },
    {
        "date": "2020-09-11T15:10:09Z",
        "value": "0.959592834",
        "cumulative": false
    },
    {
        "date": "2020-09-11T15:10:22Z",
        "value": "0.956933686",
        "cumulative": false
    },
    {
        "date": "2020-09-11T15:10:35Z",
        "value": "0.887809731",
        "cumulative": false
    },
    {
        "date": "2020-09-11T15:10:46Z",
        "value": "0.931396853",
        "cumulative": false
    },
    {
        "date": "2020-09-11T15:11:06Z",
        "value": "0.91017293",
        "cumulative": false
    },
    {
        "date": "2020-09-11T15:11:19Z",
        "value": "0.919888129",
        "cumulative": false
    },
    {
        "date": "2020-09-11T15:11:34Z",
        "value": "0.92965013",
        "cumulative": false
    },
    {
        "date": "2020-09-11T15:11:51Z",
        "value": "0.913380949",
        "cumulative": false
    },
    {
        "date": "2020-09-11T15:12:05Z",
        "value": "0.929859672",
        "cumulative": false
    },
    {
        "date": "2020-09-11T15:12:18Z",
        "value": "0.915384069",
        "cumulative": false
    },
    {
        "date": "2020-09-11T15:12:35Z",
        "value": "0.888660138",
        "cumulative": false
    },
    {
        "date": "2020-09-11T15:12:51Z",
        "value": "0.904825983",
        "cumulative": false
    },
    {
        "date": "2020-09-11T15:13:02Z",
        "value": "0.86436147",
        "cumulative": false
    },
    {
        "date": "2020-09-11T15:13:14Z",
        "value": "0.909190617",
        "cumulative": false
    },
    {
        "date": "2020-09-11T15:13:33Z",
        "value": "0.923695082",
        "cumulative": false
    },
    {
        "date": "2020-09-11T15:13:48Z",
        "value": "0.945260642",
        "cumulative": false
    },
    {
        "date": "2020-09-11T15:14:01Z",
        "value": "0.940316055",
        "cumulative": false
    },
    {
        "date": "2020-09-11T15:14:14Z",
        "value": "0.92304519",
        "cumulative": false
    },
    {
        "date": "2020-09-11T15:14:26Z",
        "value": "0.926373404",
        "cumulative": false
    },
    {
        "date": "2020-09-11T15:14:44Z",
        "value": "0.920697373",
        "cumulative": false
    },
    {
        "date": "2020-09-11T15:15:00Z",
        "value": "0.664963522",
        "cumulative": false
    },
    {
        "date": "2020-09-11T15:15:15Z",
        "value": "0.570140446",
        "cumulative": false
    },
    {
        "date": "2020-09-11T15:15:27Z",
        "value": "0.513758074",
        "cumulative": false
    },
    {
        "date": "2020-09-11T15:15:38Z",
        "value": "0.562920979",
        "cumulative": false
    },
    {
        "date": "2020-09-11T15:15:48Z",
        "value": "0.56645616",
        "cumulative": false
    },
    {
        "date": "2020-09-11T15:15:59Z",
        "value": "0.532293528",
        "cumulative": false
    },
    {
        "date": "2020-09-11T15:16:19Z",
        "value": "0.560276397",
        "cumulative": false
    },
    {
        "date": "2020-09-11T15:16:37Z",
        "value": "0.531621193",
        "cumulative": false
    },
    {
        "date": "2020-09-11T15:16:54Z",
        "value": "0.557004948",
        "cumulative": false
    },
    {
        "date": "2020-09-11T15:17:10Z",
        "value": "0.57685057",
        "cumulative": false
    },
    {
        "date": "2020-09-11T15:17:29Z",
        "value": "0.547678764",
        "cumulative": false
    },
    {
        "date": "2020-09-11T15:17:42Z",
        "value": "0.553458585",
        "cumulative": false
    },
    {
        "date": "2020-09-11T15:17:58Z",
        "value": "0.515365672",
        "cumulative": false
    },
    {
        "date": "2020-09-11T15:18:11Z",
        "value": "0.578278707",
        "cumulative": false
    },
    {
        "date": "2020-09-11T15:18:26Z",
        "value": "0.559348371",
        "cumulative": false
    },
    {
        "date": "2020-09-11T15:18:42Z",
        "value": "0.552119003",
        "cumulative": false
    },
    {
        "date": "2020-09-11T15:18:58Z",
        "value": "0.619019469",
        "cumulative": false
    },
    {
        "date": "2020-09-11T15:19:12Z",
        "value": "0.910307811",
        "cumulative": false
    },
    {
        "date": "2020-09-11T15:19:29Z",
        "value": "0.921928486",
        "cumulative": false
    },
    {
        "date": "2020-09-11T15:19:40Z",
        "value": "0.899186331",
        "cumulative": false
    },
    {
        "date": "2020-09-11T15:19:53Z",
        "value": "0.919245101",
        "cumulative": false
    },
    {
        "date": "2020-09-11T15:20:12Z",
        "value": "0.8665786",
        "cumulative": false
    },
    {
        "date": "2020-09-11T15:20:22Z",
        "value": "0.884478242",
        "cumulative": false
    },
    {
        "date": "2020-09-11T15:20:40Z",
        "value": "0.929289967",
        "cumulative": false
    },
    {
        "date": "2020-09-11T15:20:53Z",
        "value": "0.924296744",
        "cumulative": false
    },
    {
        "date": "2020-09-11T15:21:11Z",
        "value": "0.921750857",
        "cumulative": false
    },
    {
        "date": "2020-09-11T15:21:30Z",
        "value": "0.918477848",
        "cumulative": false
    },
    {
        "date": "2020-09-11T15:21:46Z",
        "value": "0.885809068",
        "cumulative": false
    },
    {
        "date": "2020-09-11T15:21:58Z",
        "value": "0.880613384",
        "cumulative": false
    },
    {
        "date": "2020-09-11T15:22:10Z",
        "value": "0.849331524",
        "cumulative": false
    },
    {
        "date": "2020-09-11T15:22:27Z",
        "value": "0.918013848",
        "cumulative": false
    },
    {
        "date": "2020-09-11T15:22:37Z",
        "value": "0.888269621",
        "cumulative": false
    },
    {
        "date": "2020-09-11T15:22:53Z",
        "value": "0.901602334",
        "cumulative": false
    },
    {
        "date": "2020-09-11T15:23:11Z",
        "value": "0.905427493",
        "cumulative": false
    },
    {
        "date": "2020-09-11T15:23:30Z",
        "value": "0.880366987",
        "cumulative": false
    },
    {
        "date": "2020-09-11T15:23:42Z",
        "value": "0.888253575",
        "cumulative": false
    },
    {
        "date": "2020-09-11T15:23:53Z",
        "value": "0.898500009",
        "cumulative": false
    },
    {
        "date": "2020-09-11T15:24:06Z",
        "value": "0.909752211",
        "cumulative": false
    },
    {
        "date": "2020-09-11T15:24:23Z",
        "value": "0.903134364",
        "cumulative": false
    },
    {
        "date": "2020-09-11T15:24:37Z",
        "value": "0.873399497",
        "cumulative": false
    },
    {
        "date": "2020-09-11T15:24:56Z",
        "value": "0.933984749",
        "cumulative": false
    },
    {
        "date": "2020-09-11T15:25:12Z",
        "value": "0.89434717",
        "cumulative": false
    },
    {
        "date": "2020-09-11T15:25:28Z",
        "value": "0.906950282",
        "cumulative": false
    },
    {
        "date": "2020-09-11T15:25:43Z",
        "value": "0.678321193",
        "cumulative": false
    },
    {
        "date": "2020-09-11T15:25:59Z",
        "value": "0.558878815",
        "cumulative": false
    },
    {
        "date": "2020-09-11T15:26:12Z",
        "value": "0.558301403",
        "cumulative": false
    },
    {
        "date": "2020-09-11T15:26:24Z",
        "value": "0.541655463",
        "cumulative": false
    },
    {
        "date": "2020-09-11T15:26:43Z",
        "value": "0.55744673",
        "cumulative": false
    },
    {
        "date": "2020-09-11T15:26:55Z",
        "value": "0.509336296",
        "cumulative": false
    },
    {
        "date": "2020-09-11T15:27:11Z",
        "value": "0.546575333",
        "cumulative": false
    },
    {
        "date": "2020-09-11T15:27:27Z",
        "value": "0.559133584",
        "cumulative": false
    },
    {
        "date": "2020-09-11T15:27:37Z",
        "value": "0.563818754",
        "cumulative": false
    },
    {
        "date": "2020-09-11T15:27:49Z",
        "value": "0.50205788",
        "cumulative": false
    },
    {
        "date": "2020-09-11T15:28:07Z",
        "value": "0.57066632",
        "cumulative": false
    },
    {
        "date": "2020-09-11T15:28:17Z",
        "value": "0.546518508",
        "cumulative": false
    },
    {
        "date": "2020-09-11T15:28:31Z",
        "value": "0.554882344",
        "cumulative": false
    },
    {
        "date": "2020-09-11T15:28:51Z",
        "value": "0.564803076",
        "cumulative": false
    },
    {
        "date": "2020-09-11T15:29:08Z",
        "value": "0.560793484",
        "cumulative": false
    },
    {
        "date": "2020-09-11T15:29:21Z",
        "value": "0.535882177",
        "cumulative": false
    },
    {
        "date": "2020-09-11T15:29:37Z",
        "value": "0.570363038",
        "cumulative": false
    },
    {
        "date": "2020-09-11T15:29:57Z",
        "value": "0.532048508",
        "cumulative": false
    },
    {
        "date": "2020-09-11T15:30:07Z",
        "value": "0.600827395",
        "cumulative": false
    },
    {
        "date": "2020-09-11T15:30:25Z",
        "value": "0.533041338",
        "cumulative": false
    },
    {
        "date": "2020-09-11T15:30:43Z",
        "value": "0.563313192",
        "cumulative": false
    },
    {
        "date": "2020-09-11T15:31:02Z",
        "value": "0.943230347",
        "cumulative": false
    },
    {
        "date": "2020-09-11T15:31:15Z",
        "value": "0.943873992",
        "cumulative": false
    },
    {
        "date": "2020-09-11T15:31:28Z",
        "value": "0.974232848",
        "cumulative": false
    },
    {
        "date": "2020-09-11T15:31:43Z",
        "value": "0.967218111",
        "cumulative": false
    },
    {
        "date": "2020-09-11T15:31:55Z",
        "value": "0.949594798",
        "cumulative": false
    },
    {
        "date": "2020-09-11T15:32:12Z",
        "value": "0.898450774",
        "cumulative": false
    },
    {
        "date": "2020-09-11T15:32:24Z",
        "value": "0.975941133",
        "cumulative": false
    },
    {
        "date": "2020-09-11T15:32:43Z",
        "value": "0.95459801",
        "cumulative": false
    },
    {
        "date": "2020-09-11T15:33:01Z",
        "value": "0.958416093",
        "cumulative": false
    },
    {
        "date": "2020-09-11T15:33:19Z",
        "value": "0.937624085",
        "cumulative": false
    },
    {
        "date": "2020-09-11T15:33:31Z",
        "value": "0.907326471",
        "cumulative": false
    },
    {
        "date": "2020-09-11T15:33:43Z",
        "value": "0.945455458",
        "cumulative": false
    },
    {
        "date": "2020-09-11T15:34:03Z",
        "value": "0.918211202",
        "cumulative": false
    },
    {
        "date": "2020-09-11T15:34:18Z",
        "value": "0.929956571",
        "cumulative": false
    },
    {
        "date": "2020-09-11T15:34:28Z",
        "value": "0.923378864",
        "cumulative": false
    },
    {
        "date": "2020-09-11T15:34:48Z",
        "value": "0.924097023",
        "cumulative": false
    },
    {
        "date": "2020-09-11T15:35:01Z",
        "value": "0.904390786",
        "cumulative": false
    },
    {
        "date": "2020-09-11T15:35:12Z",
        "value": "0.925297582",
        "cumulative": false
    },
    {
        "date": "2020-09-11T15:35:23Z",
        "value": "0.959862645",
        "cumulative": false
    },
    {
        "date": "2020-09-11T15:35:39Z",
        "value": "0.917122499",
        "cumulative": false
    },
    {
        "date": "2020-09-11T15:35:55Z",
        "value": "0.957087195",
        "cumulative": false
    },
    {
        "date": "2020-09-11T15:36:09Z",
        "value": "0.891865418",
        "cumulative": false
    },
    {
        "date": "2020-09-11T15:36:28Z",
        "value": "0.925878402",
        "cumulative": false
    },
    {
        "date": "2020-09-11T15:36:45Z",
        "value": "0.922141155",
        "cumulative": false
    },
    {
        "date": "2020-09-11T15:36:56Z",
        "value": "0.962210261",
        "cumulative": false
    },
    {
        "date": "2020-09-11T15:37:09Z",
        "value": "0.928750574",
        "cumulative": false
    },
    {
        "date": "2020-09-11T15:37:27Z",
        "value": "0.938471063",
        "cumulative": false
    },
    {
        "date": "2020-09-11T15:37:43Z",
        "value": "0.905953614",
        "cumulative": false
    },
    {
        "date": "2020-09-11T15:37:57Z",
        "value": "0.871494274",
        "cumulative": false
    },
    {
        "date": "2020-09-11T15:38:15Z",
        "value": "0.910365657",
        "cumulative": false
    },
    {
        "date": "2020-09-11T15:38:27Z",
        "value": "0.913983732",
        "cumulative": false
    },
    {
        "date": "2020-09-11T15:38:41Z",
        "value": "0.91043163",
        "cumulative": false
    },
    {
        "date": "2020-09-11T15:38:53Z",
        "value": "0.900735144",
        "cumulative": false
    }
]