[
    {
        "date": "2020-09-11T14:32:27Z",
        "value": "0.009791141",
        "cumulative": false
    },
    {
        "date": "2020-09-11T14:32:45Z",
        "value": "0.044468997",
        "cumulative": false
    },
    {
        "date": "2020-09-11T14:33:01Z",
        "value": "0.666164805",
        "cumulative": false
    },
    {
        "date": "2020-09-11T14:33:16Z",
        "value": "0.8190497",
        "cumulative": false
    },
    {
        "date": "2020-09-11T14:33:28Z",
        "value": "1.250343693",
        "cumulative": false
    },
    {
        "date": "2020-09-11T14:33:41Z",
        "value": "1.131677095",
        "cumulative": false
    },
    {
        "date": "2020-09-11T14:33:58Z",
        "value": "0.926033243",
        "cumulative": false
    },
    {
        "date": "2020-09-11T14:34:13Z",
        "value": "0.707255918",
        "cumulative": false
    },
    {
        "date": "2020-09-11T14:34:27Z",
        "value": "0.776838206",
        "cumulative": false
    },
    {
        "date": "2020-09-11T14:34:42Z",
        "value": "0.76144916",
        "cumulative": false
    },
    {
        "date": "2020-09-11T14:35:00Z",
        "value": "0.712814814",
        "cumulative": false
    },
    {
        "date": "2020-09-11T14:35:11Z",
        "value": "0.666312817",
        "cumulative": false
    },
    {
        "date": "2020-09-11T14:35:24Z",
        "value": "0.698046194",
        "cumulative": false
    },
    {
        "date": "2020-09-11T14:35:42Z",
        "value": "0.639717765",
        "cumulative": false
    },
    {
        "date": "2020-09-11T14:35:55Z",
        "value": "0.808938009",
        "cumulative": false
    },
    {
        "date": "2020-09-11T14:36:09Z",
        "value": "0.641753626",
        "cumulative": false
    },
    {
        "date": "2020-09-11T14:36:25Z",
        "value": "0.666368222",
        "cumulative": false
    },
    {
        "date": "2020-09-11T14:36:36Z",
        "value": "0.848089846",
        "cumulative": false
    },
    {
        "date": "2020-09-11T14:36:51Z",
        "value": "0.558429577",
        "cumulative": false
    },
    {
        "date": "2020-09-11T14:37:04Z",
        "value": "0.619285548",
        "cumulative": false
    },
    {
        "date": "2020-09-11T14:37:23Z",
        "value": "0.84633274",
        "cumulative": false
    },
    {
        "date": "2020-09-11T14:37:38Z",
        "value": "0.60735563",
        "cumulative": false
    },
    {
        "date": "2020-09-11T14:37:53Z",
        "value": "0.446021028",
        "cumulative": false
    },
    {
        "date": "2020-09-11T14:38:12Z",
        "value": "0.836114971",
        "cumulative": false
    },
    {
        "date": "2020-09-11T14:38:26Z",
        "value": "0.833603411",
        "cumulative": false
    },
    {
        "date": "2020-09-11T14:38:37Z",
        "value": "0.543131278",
        "cumulative": false
    },
    {
        "date": "2020-09-11T14:38:52Z",
        "value": "0.437522042",
        "cumulative": false
    },
    {
        "date": "2020-09-11T14:39:12Z",
        "value": "0.675269208",
        "cumulative": false
    },
    {
        "date": "2020-09-11T14:39:32Z",
        "value": "0.842189601",
        "cumulative": false
    },
    {
        "date": "2020-09-11T14:39:43Z",
        "value": "0.843809823",
        "cumulative": false
    },
    {
        "date": "2020-09-11T14:39:58Z",
        "value": "0.634315651",
        "cumulative": false
    },
    {
        "date": "2020-09-11T14:40:09Z",
        "value": "0.51781074",
        "cumulative": false
    },
    {
        "date": "2020-09-11T14:40:25Z",
        "value": "0.484882019",
        "cumulative": false
    },
    {
        "date": "2020-09-11T14:40:40Z",
        "value": "0.76343818",
        "cumulative": false
    },
    {
        "date": "2020-09-11T14:40:58Z",
        "value": "0.832817799",
        "cumulative": false
    },
    {
        "date": "2020-09-11T14:41:17Z",
        "value": "0.825990478",
        "cumulative": false
    },
    {
        "date": "2020-09-11T14:41:37Z",
        "value": "0.689720999",
        "cumulative": false
    },
    {
        "date": "2020-09-11T14:41:52Z",
        "value": "0.466273988",
        "cumulative": false
    },
    {
        "date": "2020-09-11T14:42:07Z",
        "value": "0.455317634",
        "cumulative": false
    },
    {
        "date": "2020-09-11T14:42:21Z",
        "value": "0.517872519",
        "cumulative": false
    },
    {
        "date": "2020-09-11T14:42:35Z",
        "value": "0.791458131",
        "cumulative": false
    },
    {
        "date": "2020-09-11T14:42:50Z",
        "value": "0.823492",
        "cumulative": false
    },
    {
        "date": "2020-09-11T14:43:09Z",
        "value": "0.836504246",
        "cumulative": false
    },
    {
        "date": "2020-09-11T14:43:26Z",
        "value": "0.80690946",
        "cumulative": false
    },
    {
        "date": "2020-09-11T14:43:40Z",
        "value": "0.777073715",
        "cumulative": false
    },
    {
        "date": "2020-09-11T14:43:55Z",
        "value": "0.497339151",
        "cumulative": false
    },
    {
        "date": "2020-09-11T14:44:07Z",
        "value": "0.512786055",
        "cumulative": false
    },
    {
        "date": "2020-09-11T14:44:27Z",
        "value": "0.493843119",
        "cumulative": false
    },
    {
        "date": "2020-09-11T14:44:46Z",
        "value": "0.573095024",
        "cumulative": false
    },
    {
        "date": "2020-09-11T14:44:56Z",
        "value": "0.815014376",
        "cumulative": false
    },
    {
        "date": "2020-09-11T14:45:14Z",
        "value": "0.815353486",
        "cumulative": false
    },
    {
        "date": "2020-09-11T14:45:27Z",
        "value": "0.789596807",
        "cumulative": false
    },
    {
        "date": "2020-09-11T14:45:45Z",
        "value": "0.796680357",
        "cumulative": false
    },
    {
        "date": "2020-09-11T14:46:03Z",
        "value": "0.808588748",
        "cumulative": false
    },
    {
        "date": "2020-09-11T14:46:20Z",
        "value": "0.836662299",
        "cumulative": false
    },
    {
        "date": "2020-09-11T14:46:35Z",
        "value": "0.492996918",
        "cumulative": false
    },
    {
        "date": "2020-09-11T14:46:48Z",
        "value": "0.483337309",
        "cumulative": false
    },
    {
        "date": "2020-09-11T14:46:58Z",
        "value": "0.454523387",
        "cumulative": false
    },
    {
        "date": "2020-09-11T14:47:16Z",
        "value": "0.488162091",
        "cumulative": false
    },
    {
        "date": "2020-09-11T14:47:28Z",
        "value": "0.52705713",
        "cumulative": false
    },
    {
        "date": "2020-09-11T14:47:41Z",
        "value": "0.512732571",
        "cumulative": false
    },
    {
        "date": "2020-09-11T14:48:00Z",
        "value": "0.823382187",
        "cumulative": false
    },
    {
        "date": "2020-09-11T14:48:14Z",
        "value": "0.80296335",
        "cumulative": false
    },
    {
        "date": "2020-09-11T14:48:28Z",
        "value": "0.823943075",
        "cumulative": false
    },
    {
        "date": "2020-09-11T14:48:38Z",
        "value": "0.828718828",
        "cumulative": false
    },
    {
        "date": "2020-09-11T14:48:50Z",
        "value": "0.819348789",
        "cumulative": false
    },
    {
        "date": "2020-09-11T14:49:08Z",
        "value": "0.802748279",
        "cumulative": false
    },
    {
        "date": "2020-09-11T14:49:28Z",
        "value": "0.844567536",
        "cumulative": false
    },
    {
        "date": "2020-09-11T14:49:41Z",
        "value": "0.817059308",
        "cumulative": false
    },
    {
        "date": "2020-09-11T14:49:57Z",
        "value": "0.620617621",
        "cumulative": false
    },
    {
        "date": "2020-09-11T14:50:08Z",
        "value": "0.50704787",
        "cumulative": false
    },
    {
        "date": "2020-09-11T14:50:24Z",
        "value": "0.459678151",
        "cumulative": false
    },
    {
        "date": "2020-09-11T14:50:42Z",
        "value": "0.468389431",
        "cumulative": false
    },
    {
        "date": "2020-09-11T14:50:58Z",
        "value": "0.47222647",
        "cumulative": false
    },
    {
        "date": "2020-09-11T14:51:13Z",
        "value": "0.504085324",
        "cumulative": false
    },
    {
        "date": "2020-09-11T14:51:26Z",
        "value": "0.446608311",
        "cumulative": false
    },
    {
        "date": "2020-09-11T14:51:39Z",
        "value": "0.757317482",
        "cumulative": false
    },
    {
        "date": "2020-09-11T14:51:58Z",
        "value": "0.79050996",
        "cumulative": false
    },
    {
        "date": "2020-09-11T14:52:17Z",
        "value": "0.814185528",
        "cumulative": false
    },
    {
        "date": "2020-09-11T14:52:28Z",
        "value": "0.806341904",
        "cumulative": false
    },
    {
        "date": "2020-09-11T14:52:41Z",
        "value": "0.813557265",
        "cumulative": false
    },
    {
        "date": "2020-09-11T14:52:58Z",
        "value": "0.800566878",
        "cumulative": false
    },
    {
        "date": "2020-09-11T14:53:13Z",
        "value": "0.828232471",
        "cumulative": false
    },
    {
        "date": "2020-09-11T14:53:30Z",
        "value": "0.80864112",
        "cumulative": false
    },
    {
        "date": "2020-09-11T14:53:49Z",
        "value": "0.793642271",
        "cumulative": false
    },
    {
        "date": "2020-09-11T14:54:02Z",
        "value": "0.830458812",
        "cumulative": false
    },
    {
        "date": "2020-09-11T14:54:22Z",
        "value": "0.5806564",
        "cumulative": false
    },
    {
        "date": "2020-09-11T14:54:33Z",
        "value": "0.554272496",
        "cumulative": false
    },
    {
        "date": "2020-09-11T14:54:48Z",
        "value": "0.513370028",
        "cumulative": false
    },
    {
        "date": "2020-09-11T14:55:08Z",
        "value": "0.490926076",
        "cumulative": false
    },
    {
        "date": "2020-09-11T14:55:21Z",
        "value": "0.506048202",
        "cumulative": false
    },
    {
        "date": "2020-09-11T14:55:34Z",
        "value": "0.472924225",
        "cumulative": false
    },
    {
        "date": "2020-09-11T14:55:49Z",
        "value": "0.501936748",
        "cumulative": false
    },
    {
        "date": "2020-09-11T14:56:04Z",
        "value": "0.476728145",
        "cumulative": false
    },
    {
        "date": "2020-09-11T14:56:18Z",
        "value": "0.578956994",
        "cumulative": false
    },
    {
        "date": "2020-09-11T14:56:31Z",
        "value": "0.810298578",
        "cumulative": false
    },
    {
        "date": "2020-09-11T14:56:42Z",
        "value": "0.842765067",
        "cumulative": false
    },
    {
        "date": "2020-09-11T14:57:02Z",
        "value": "0.808256249",
        "cumulative": false
    },
    {
        "date": "2020-09-11T14:57:20Z",
        "value": "0.803068653",
        "cumulative": false
    },
    {
        "date": "2020-09-11T14:57:35Z",
        "value": "0.814578193",
        "cumulative": false
    },
    {
        "date": "2020-09-11T14:57:47Z",
        "value": "0.808729962",
        "cumulative": false
    },
    {
        "date": "2020-09-11T14:57:58Z",
        "value": "0.828460548",
        "cumulative": false
    },
    {
        "date": "2020-09-11T14:58:13Z",
        "value": "0.821110964",
        "cumulative": false
    },
    {
        "date": "2020-09-11T14:58:24Z",
        "value": "0.782876076",
        "cumulative": false
    },
    {
        "date": "2020-09-11T14:58:35Z",
        "value": "0.828641175",
        "cumulative": false
    },
    {
        "date": "2020-09-11T14:58:48Z",
        "value": "0.848937653",
        "cumulative": false
    },
    {
        "date": "2020-09-11T14:59:00Z",
        "value": "0.833555978",
        "cumulative": false
    },
    {
        "date": "2020-09-11T14:59:17Z",
        "value": "0.819842847",
        "cumulative": false
    },
    {
        "date": "2020-09-11T14:59:30Z",
        "value": "0.840422409",
        "cumulative": false
    },
    {
        "date": "2020-09-11T14:59:48Z",
        "value": "0.603718853",
        "cumulative": false
    },
    {
        "date": "2020-09-11T15:00:01Z",
        "value": "0.495558095",
        "cumulative": false
    },
    {
        "date": "2020-09-11T15:00:16Z",
        "value": "0.510026723",
        "cumulative": false
    },
    {
        "date": "2020-09-11T15:00:35Z",
        "value": "0.516246051",
        "cumulative": false
    },
    {
        "date": "2020-09-11T15:00:47Z",
        "value": "0.495704626",
        "cumulative": false
    },
    {
        "date": "2020-09-11T15:01:03Z",
        "value": "0.499611974",
        "cumulative": false
    },
    {
        "date": "2020-09-11T15:01:19Z",
        "value": "0.525286733",
        "cumulative": false
    },
    {
        "date": "2020-09-11T15:01:34Z",
        "value": "0.514390994",
        "cumulative": false
    },
    {
        "date": "2020-09-11T15:01:48Z",
        "value": "0.462039676",
        "cumulative": false
    },
    {
        "date": "2020-09-11T15:01:59Z",
        "value": "0.522875982",
        "cumulative": false
    },
    {
        "date": "2020-09-11T15:02:19Z",
        "value": "0.683121194",
        "cumulative": false
    },
    {
        "date": "2020-09-11T15:02:38Z",
        "value": "0.816198632",
        "cumulative": false
    },
    {
        "date": "2020-09-11T15:02:50Z",
        "value": "0.832425723",
        "cumulative": false
    },
    {
        "date": "2020-09-11T15:03:03Z",
        "value": "0.81793824",
        "cumulative": false
    },
    {
        "date": "2020-09-11T15:03:23Z",
        "value": "0.801629064",
        "cumulative": false
    },
    {
        "date": "2020-09-11T15:03:37Z",
        "value": "0.84073051",
        "cumulative": false
    },
    {
        "date": "2020-09-11T15:03:48Z",
        "value": "0.837988716",
        "cumulative": false
    },
    {
        "date": "2020-09-11T15:04:07Z",
        "value": "0.818059757",
        "cumulative": false
    },
    {
        "date": "2020-09-11T15:04:25Z",
        "value": "0.816560382",
        "cumulative": false
    },
    {
        "date": "2020-09-11T15:04:41Z",
        "value": "0.759658108",
        "cumulative": false
    },
    {
        "date": "2020-09-11T15:05:00Z",
        "value": "0.824930144",
        "cumulative": false
    },
    {
        "date": "2020-09-11T15:05:13Z",
        "value": "0.81957749",
        "cumulative": false
    },
    {
        "date": "2020-09-11T15:05:33Z",
        "value": "0.842431782",
        "cumulative": false
    },
    {
        "date": "2020-09-11T15:05:47Z",
        "value": "0.778286082",
        "cumulative": false
    },
    {
        "date": "2020-09-11T15:06:01Z",
        "value": "0.806461383",
        "cumulative": false
    },
    {
        "date": "2020-09-11T15:06:18Z",
        "value": "0.818321491",
        "cumulative": false
    },
    {
        "date": "2020-09-11T15:06:29Z",
        "value": "0.607012017",
        "cumulative": false
    },
    {
        "date": "2020-09-11T15:06:45Z",
        "value": "0.537336296",
        "cumulative": false
    },
    {
        "date": "2020-09-11T15:06:57Z",
        "value": "0.534997706",
        "cumulative": false
    },
    {
        "date": "2020-09-11T15:07:16Z",
        "value": "0.494697563",
        "cumulative": false
    },
    {
        "date": "2020-09-11T15:07:31Z",
        "value": "0.491516724",
        "cumulative": false
    },
    {
        "date": "2020-09-11T15:07:45Z",
        "value": "0.495983127",
        "cumulative": false
    },
    {
        "date": "2020-09-11T15:08:04Z",
        "value": "0.513947443",
        "cumulative": false
    },
    {
        "date": "2020-09-11T15:08:19Z",
        "value": "0.49489752",
        "cumulative": false
    },
    {
        "date": "2020-09-11T15:08:32Z",
        "value": "0.501105799",
        "cumulative": false
    },
    {
        "date": "2020-09-11T15:08:43Z",
        "value": "0.479048661",
        "cumulative": false
    },
    {
        "date": "2020-09-11T15:08:59Z",
        "value": "0.487067319",
        "cumulative": false
    },
    {
        "date": "2020-09-11T15:09:16Z",
        "value": "0.517317458",
        "cumulative": false
    },
    {
        "date": "2020-09-11T15:09:31Z",
        "value": "0.507936321",
        "cumulative": false
    },
    {
        "date": "2020-09-11T15:09:48Z",
        "value": "0.74701255",
        "cumulative": false
    },
    {
        "date": "2020-09-11T15:10:02Z",
        "value": "0.841670542",
        "cumulative": false
    },
    {
        "date": "2020-09-11T15:10:14Z",
        "value": "0.870257685",
        "cumulative": false
    },
    {
        "date": "2020-09-11T15:10:31Z",
        "value": "0.835254847",
        "cumulative": false
    },
    {
        "date": "2020-09-11T15:10:44Z",
        "value": "0.826289456",
        "cumulative": false
    },
    {
        "date": "2020-09-11T15:10:56Z",
        "value": "0.829216951",
        "cumulative": false
    },
    {
        "date": "2020-09-11T15:11:14Z",
        "value": "0.82844553",
        "cumulative": false
    },
    {
        "date": "2020-09-11T15:11:33Z",
        "value": "0.85095008",
        "cumulative": false
    },
    {
        "date": "2020-09-11T15:11:46Z",
        "value": "0.810631349",
        "cumulative": false
    },
    {
        "date": "2020-09-11T15:12:04Z",
        "value": "0.864150987",
        "cumulative": false
    },
    {
        "date": "2020-09-11T15:12:22Z",
        "value": "0.834708527",
        "cumulative": false
    },
    {
        "date": "2020-09-11T15:12:34Z",
        "value": "0.777444162",
        "cumulative": false
    },
    {
        "date": "2020-09-11T15:12:49Z",
        "value": "0.839722345",
        "cumulative": false
    },
    {
        "date": "2020-09-11T15:13:07Z",
        "value": "0.802845378",
        "cumulative": false
    },
    {
        "date": "2020-09-11T15:13:26Z",
        "value": "0.836249955",
        "cumulative": false
    },
    {
        "date": "2020-09-11T15:13:40Z",
        "value": "0.840182943",
        "cumulative": false
    },
    {
        "date": "2020-09-11T15:13:51Z",
        "value": "0.813278775",
        "cumulative": false
    },
    {
        "date": "2020-09-11T15:14:02Z",
        "value": "0.831531721",
        "cumulative": false
    },
    {
        "date": "2020-09-11T15:14:21Z",
        "value": "0.811928574",
        "cumulative": false
    },
    {
        "date": "2020-09-11T15:14:35Z",
        "value": "0.84232711",
        "cumulative": false
    },
    {
        "date": "2020-09-11T15:14:52Z",
        "value": "0.757530557",
        "cumulative": false
    },
    {
        "date": "2020-09-11T15:15:09Z",
        "value": "0.521368186",
        "cumulative": false
    },
    {
        "date": "2020-09-11T15:15:19Z",
        "value": "0.528089599",
        "cumulative": false
    },
    {
        "date": "2020-09-11T15:15:37Z",
        "value": "0.508676485",
        "cumulative": false
    },
    {
        "date": "2020-09-11T15:15:50Z",
        "value": "0.51250386",
        "cumulative": false
    },
    {
        "date": "2020-09-11T15:16:02Z",
        "value": "0.48879458",
        "cumulative": false
    },
    {
        "date": "2020-09-11T15:16:20Z",
        "value": "0.533566717",
        "cumulative": false
    },
    {
        "date": "2020-09-11T15:16:36Z",
        "value": "0.507737718",
        "cumulative": false
    },
    {
        "date": "2020-09-11T15:16:48Z",
        "value": "0.511222416",
        "cumulative": false
    },
    {
        "date": "2020-09-11T15:17:05Z",
        "value": "0.512428256",
        "cumulative": false
    },
    {
        "date": "2020-09-11T15:17:22Z",
        "value": "0.504915187",
        "cumulative": false
    },
    {
        "date": "2020-09-11T15:17:42Z",
        "value": "0.486530715",
        "cumulative": false
    },
    {
        "date": "2020-09-11T15:17:55Z",
        "value": "0.454987209",
        "cumulative": false
    },
    {
        "date": "2020-09-11T15:18:06Z",
        "value": "0.542984108",
        "cumulative": false
    },
    {
        "date": "2020-09-11T15:18:26Z",
        "value": "0.504677114",
        "cumulative": false
    },
    {
        "date": "2020-09-11T15:18:43Z",
        "value": "0.515292369",
        "cumulative": false
    },
    {
        "date": "2020-09-11T15:19:01Z",
        "value": "0.635365251",
        "cumulative": false
    },
    {
        "date": "2020-09-11T15:19:18Z",
        "value": "0.808843135",
        "cumulative": false
    },
    {
        "date": "2020-09-11T15:19:32Z",
        "value": "0.847348744",
        "cumulative": false
    },
    {
        "date": "2020-09-11T15:19:43Z",
        "value": "0.807853731",
        "cumulative": false
    },
    {
        "date": "2020-09-11T15:19:55Z",
        "value": "0.817477724",
        "cumulative": false
    },
    {
        "date": "2020-09-11T15:20:08Z",
        "value": "0.811718642",
        "cumulative": false
    },
    {
        "date": "2020-09-11T15:20:18Z",
        "value": "0.789645213",
        "cumulative": false
    },
    {
        "date": "2020-09-11T15:20:31Z",
        "value": "0.836471696",
        "cumulative": false
    },
    {
        "date": "2020-09-11T15:20:45Z",
        "value": "0.838507747",
        "cumulative": false
    },
    {
        "date": "2020-09-11T15:21:03Z",
        "value": "0.835505288",
        "cumulative": false
    },
    {
        "date": "2020-09-11T15:21:20Z",
        "value": "0.847432638",
        "cumulative": false
    },
    {
        "date": "2020-09-11T15:21:33Z",
        "value": "0.867806036",
        "cumulative": false
    },
    {
        "date": "2020-09-11T15:21:53Z",
        "value": "0.799225291",
        "cumulative": false
    },
    {
        "date": "2020-09-11T15:22:09Z",
        "value": "0.798418374",
        "cumulative": false
    },
    {
        "date": "2020-09-11T15:22:28Z",
        "value": "0.832966033",
        "cumulative": false
    },
    {
        "date": "2020-09-11T15:22:40Z",
        "value": "0.825694161",
        "cumulative": false
    },
    {
        "date": "2020-09-11T15:22:57Z",
        "value": "0.804309555",
        "cumulative": false
    },
    {
        "date": "2020-09-11T15:23:12Z",
        "value": "0.827611315",
        "cumulative": false
    },
    {
        "date": "2020-09-11T15:23:28Z",
        "value": "0.801947249",
        "cumulative": false
    },
    {
        "date": "2020-09-11T15:23:41Z",
        "value": "0.81676459",
        "cumulative": false
    },
    {
        "date": "2020-09-11T15:24:00Z",
        "value": "0.820905787",
        "cumulative": false
    },
    {
        "date": "2020-09-11T15:24:17Z",
        "value": "0.819055889",
        "cumulative": false
    },
    {
        "date": "2020-09-11T15:24:35Z",
        "value": "0.815836693",
        "cumulative": false
    },
    {
        "date": "2020-09-11T15:24:50Z",
        "value": "0.827483875",
        "cumulative": false
    },
    {
        "date": "2020-09-11T15:25:10Z",
        "value": "0.82977565",
        "cumulative": false
    },
    {
        "date": "2020-09-11T15:25:24Z",
        "value": "0.810581997",
        "cumulative": false
    },
    {
        "date": "2020-09-11T15:25:39Z",
        "value": "0.724536175",
        "cumulative": false
    },
    {
        "date": "2020-09-11T15:25:58Z",
        "value": "0.529734525",
        "cumulative": false
    },
    {
        "date": "2020-09-11T15:26:13Z",
        "value": "0.5207721",
        "cumulative": false
    },
    {
        "date": "2020-09-11T15:26:27Z",
        "value": "0.47010691",
        "cumulative": false
    },
    {
        "date": "2020-09-11T15:26:47Z",
        "value": "0.532341609",
        "cumulative": false
    },
    {
        "date": "2020-09-11T15:27:00Z",
        "value": "0.47815882",
        "cumulative": false
    },
    {
        "date": "2020-09-11T15:27:14Z",
        "value": "0.484029752",
        "cumulative": false
    },
    {
        "date": "2020-09-11T15:27:26Z",
        "value": "0.498599412",
        "cumulative": false
    },
    {
        "date": "2020-09-11T15:27:39Z",
        "value": "0.500337408",
        "cumulative": false
    },
    {
        "date": "2020-09-11T15:27:54Z",
        "value": "0.448027868",
        "cumulative": false
    },
    {
        "date": "2020-09-11T15:28:05Z",
        "value": "0.524582769",
        "cumulative": false
    },
    {
        "date": "2020-09-11T15:28:17Z",
        "value": "0.523267223",
        "cumulative": false
    },
    {
        "date": "2020-09-11T15:28:30Z",
        "value": "0.491852874",
        "cumulative": false
    },
    {
        "date": "2020-09-11T15:28:46Z",
        "value": "0.531124141",
        "cumulative": false
    },
    {
        "date": "2020-09-11T15:29:01Z",
        "value": "0.48601659",
        "cumulative": false
    },
    {
        "date": "2020-09-11T15:29:17Z",
        "value": "0.532832743",
        "cumulative": false
    },
    {
        "date": "2020-09-11T15:29:37Z",
        "value": "0.503425211",
        "cumulative": false
    },
    {
        "date": "2020-09-11T15:29:52Z",
        "value": "0.510871043",
        "cumulative": false
    },
    {
        "date": "2020-09-11T15:30:06Z",
        "value": "0.497930222",
        "cumulative": false
    },
    {
        "date": "2020-09-11T15:30:25Z",
        "value": "0.50138753",
        "cumulative": false
    },
    {
        "date": "2020-09-11T15:30:39Z",
        "value": "0.532605049",
        "cumulative": false
    },
    {
        "date": "2020-09-11T15:30:58Z",
        "value": "0.773000046",
        "cumulative": false
    },
    {
        "date": "2020-09-11T15:31:14Z",
        "value": "0.855697769",
        "cumulative": false
    },
    {
        "date": "2020-09-11T15:31:31Z",
        "value": "0.851894625",
        "cumulative": false
    },
    {
        "date": "2020-09-11T15:31:44Z",
        "value": "0.85538612",
        "cumulative": false
    },
    {
        "date": "2020-09-11T15:32:02Z",
        "value": "0.818940173",
        "cumulative": false
    },
    {
        "date": "2020-09-11T15:32:20Z",
        "value": "0.861928783",
        "cumulative": false
    },
    {
        "date": "2020-09-11T15:32:40Z",
        "value": "0.848382994",
        "cumulative": false
    },
    {
        "date": "2020-09-11T15:32:56Z",
        "value": "0.871255616",
        "cumulative": false
    },
    {
        "date": "2020-09-11T15:33:08Z",
        "value": "0.827698263",
        "cumulative": false
    },
    {
        "date": "2020-09-11T15:33:26Z",
        "value": "0.830417745",
        "cumulative": false
    },
    {
        "date": "2020-09-11T15:33:38Z",
        "value": "0.832826609",
        "cumulative": false
    },
    {
        "date": "2020-09-11T15:33:53Z",
        "value": "0.823431465",
        "cumulative": false
    },
    {
        "date": "2020-09-11T15:34:10Z",
        "value": "0.832245099",
        "cumulative": false
    },
    {
        "date": "2020-09-11T15:34:29Z",
        "value": "0.827522746",
        "cumulative": false
    },
    {
        "date": "2020-09-11T15:34:45Z",
        "value": "0.849764026",
        "cumulative": false
    },
    {
        "date": "2020-09-11T15:35:02Z",
        "value": "0.827337822",
        "cumulative": false
    },
    {
        "date": "2020-09-11T15:35:14Z",
        "value": "0.816858269",
        "cumulative": false
    },
    {
        "date": "2020-09-11T15:35:32Z",
        "value": "0.859203554",
        "cumulative": false
    },
    {
        "date": "2020-09-11T15:35:52Z",
        "value": "0.833899603",
        "cumulative": false
    },
    {
        "date": "2020-09-11T15:36:07Z",
        "value": "0.842159948",
        "cumulative": false
    },
    {
        "date": "2020-09-11T15:36:21Z",
        "value": "0.836440624",
        "cumulative": false
    },
    {
        "date": "2020-09-11T15:36:39Z",
        "value": "0.818957763",
        "cumulative": false
    },
    {
        "date": "2020-09-11T15:36:56Z",
        "value": "0.858382364",
        "cumulative": false
    },
    {
        "date": "2020-09-11T15:37:10Z",
        "value": "0.844899467",
        "cumulative": false
    },
    {
        "date": "2020-09-11T15:37:21Z",
        "value": "0.860150382",
        "cumulative": false
    },
    {
        "date": "2020-09-11T15:37:32Z",
        "value": "0.827306672",
        "cumulative": false
    },
    {
        "date": "2020-09-11T15:37:43Z",
        "value": "0.834522441",
        "cumulative": false
    },
    {
        "date": "2020-09-11T15:37:53Z",
        "value": "0.76983743",
        "cumulative": false
    },
    {
        "date": "2020-09-11T15:38:07Z",
        "value": "0.832044939",
        "cumulative": false
    },
    {
        "date": "2020-09-11T15:38:18Z",
        "value": "0.787265972",
        "cumulative": false
    },
    {
        "date": "2020-09-11T15:38:32Z",
        "value": "0.821802885",
        "cumulative": false
    },
    {
        "date": "2020-09-11T15:38:43Z",
        "value": "0.824365891",
        "cumulative": false
    },
    {
        "date": "2020-09-11T15:39:03Z",
        "value": "0.599171823",
        "cumulative": false
    }
]