[
    {
        "date": "2020-09-11T14:32:26Z",
        "value": "0.01387236",
        "cumulative": false
    },
    {
        "date": "2020-09-11T14:32:46Z",
        "value": "0.088759212",
        "cumulative": false
    },
    {
        "date": "2020-09-11T14:33:01Z",
        "value": "0.803357916",
        "cumulative": false
    },
    {
        "date": "2020-09-11T14:33:19Z",
        "value": "0.965324774",
        "cumulative": false
    },
    {
        "date": "2020-09-11T14:33:29Z",
        "value": "1.49707636",
        "cumulative": false
    },
    {
        "date": "2020-09-11T14:33:47Z",
        "value": "1.221940095",
        "cumulative": false
    },
    {
        "date": "2020-09-11T14:34:03Z",
        "value": "0.982222209",
        "cumulative": false
    },
    {
        "date": "2020-09-11T14:34:22Z",
        "value": "0.845886025",
        "cumulative": false
    },
    {
        "date": "2020-09-11T14:34:34Z",
        "value": "0.927553133",
        "cumulative": false
    },
    {
        "date": "2020-09-11T14:34:52Z",
        "value": "0.85298094",
        "cumulative": false
    },
    {
        "date": "2020-09-11T14:35:05Z",
        "value": "0.99603551",
        "cumulative": false
    },
    {
        "date": "2020-09-11T14:35:16Z",
        "value": "0.571163197",
        "cumulative": false
    },
    {
        "date": "2020-09-11T14:35:29Z",
        "value": "1.04339042",
        "cumulative": false
    },
    {
        "date": "2020-09-11T14:35:41Z",
        "value": "0.661471463",
        "cumulative": false
    },
    {
        "date": "2020-09-11T14:35:58Z",
        "value": "0.949867694",
        "cumulative": false
    },
    {
        "date": "2020-09-11T14:36:13Z",
        "value": "0.651196355",
        "cumulative": false
    },
    {
        "date": "2020-09-11T14:36:23Z",
        "value": "0.866521992",
        "cumulative": false
    },
    {
        "date": "2020-09-11T14:36:36Z",
        "value": "1.021238341",
        "cumulative": false
    },
    {
        "date": "2020-09-11T14:36:47Z",
        "value": "0.719931084",
        "cumulative": false
    },
    {
        "date": "2020-09-11T14:37:06Z",
        "value": "0.688493229",
        "cumulative": false
    },
    {
        "date": "2020-09-11T14:37:24Z",
        "value": "0.997540636",
        "cumulative": false
    },
    {
        "date": "2020-09-11T14:37:34Z",
        "value": "0.732964191",
        "cumulative": false
    },
    {
        "date": "2020-09-11T14:37:49Z",
        "value": "0.531089637",
        "cumulative": false
    },
    {
        "date": "2020-09-11T14:38:04Z",
        "value": "0.85794834",
        "cumulative": false
    },
    {
        "date": "2020-09-11T14:38:18Z",
        "value": "0.993030614",
        "cumulative": false
    },
    {
        "date": "2020-09-11T14:38:29Z",
        "value": "0.995137297",
        "cumulative": false
    },
    {
        "date": "2020-09-11T14:38:43Z",
        "value": "0.540426899",
        "cumulative": false
    },
    {
        "date": "2020-09-11T14:38:56Z",
        "value": "0.557255333",
        "cumulative": false
    },
    {
        "date": "2020-09-11T14:39:07Z",
        "value": "0.850318983",
        "cumulative": false
    },
    {
        "date": "2020-09-11T14:39:17Z",
        "value": "0.999730976",
        "cumulative": false
    },
    {
        "date": "2020-09-11T14:39:31Z",
        "value": "0.986869568",
        "cumulative": false
    },
    {
        "date": "2020-09-11T14:39:49Z",
        "value": "0.987870525",
        "cumulative": false
    },
    {
        "date": "2020-09-11T14:39:59Z",
        "value": "0.579016871",
        "cumulative": false
    },
    {
        "date": "2020-09-11T14:40:11Z",
        "value": "0.586902269",
        "cumulative": false
    },
    {
        "date": "2020-09-11T14:40:21Z",
        "value": "0.577249127",
        "cumulative": false
    },
    {
        "date": "2020-09-11T14:40:34Z",
        "value": "0.765730255",
        "cumulative": false
    },
    {
        "date": "2020-09-11T14:40:53Z",
        "value": "0.980134608",
        "cumulative": false
    },
    {
        "date": "2020-09-11T14:41:09Z",
        "value": "0.974133528",
        "cumulative": false
    },
    {
        "date": "2020-09-11T14:41:21Z",
        "value": "0.963979962",
        "cumulative": false
    },
    {
        "date": "2020-09-11T14:41:36Z",
        "value": "0.748459677",
        "cumulative": false
    },
    {
        "date": "2020-09-11T14:41:56Z",
        "value": "0.519934864",
        "cumulative": false
    },
    {
        "date": "2020-09-11T14:42:15Z",
        "value": "0.557002911",
        "cumulative": false
    },
    {
        "date": "2020-09-11T14:42:25Z",
        "value": "0.74326578",
        "cumulative": false
    },
    {
        "date": "2020-09-11T14:42:40Z",
        "value": "0.946676796",
        "cumulative": false
    },
    {
        "date": "2020-09-11T14:42:53Z",
        "value": "0.981807971",
        "cumulative": false
    },
    {
        "date": "2020-09-11T14:43:06Z",
        "value": "0.986341787",
        "cumulative": false
    },
    {
        "date": "2020-09-11T14:43:23Z",
        "value": "0.954489289",
        "cumulative": false
    },
    {
        "date": "2020-09-11T14:43:40Z",
        "value": "0.923418789",
        "cumulative": false
    },
    {
        "date": "2020-09-11T14:43:53Z",
        "value": "0.571215365",
        "cumulative": false
    },
    {
        "date": "2020-09-11T14:44:04Z",
        "value": "0.578543392",
        "cumulative": false
    },
    {
        "date": "2020-09-11T14:44:18Z",
        "value": "0.574177364",
        "cumulative": false
    },
    {
        "date": "2020-09-11T14:44:31Z",
        "value": "0.562052823",
        "cumulative": false
    },
    {
        "date": "2020-09-11T14:44:48Z",
        "value": "0.73783514",
        "cumulative": false
    },
    {
        "date": "2020-09-11T14:45:06Z",
        "value": "0.950175235",
        "cumulative": false
    },
    {
        "date": "2020-09-11T14:45:24Z",
        "value": "0.940896131",
        "cumulative": false
    },
    {
        "date": "2020-09-11T14:45:36Z",
        "value": "0.943572036",
        "cumulative": false
    },
    {
        "date": "2020-09-11T14:45:47Z",
        "value": "0.962607939",
        "cumulative": false
    },
    {
        "date": "2020-09-11T14:46:07Z",
        "value": "0.963430359",
        "cumulative": false
    },
    {
        "date": "2020-09-11T14:46:23Z",
        "value": "0.954755151",
        "cumulative": false
    },
    {
        "date": "2020-09-11T14:46:34Z",
        "value": "0.555535225",
        "cumulative": false
    },
    {
        "date": "2020-09-11T14:46:53Z",
        "value": "0.535347757",
        "cumulative": false
    },
    {
        "date": "2020-09-11T14:47:10Z",
        "value": "0.57327173",
        "cumulative": false
    },
    {
        "date": "2020-09-11T14:47:25Z",
        "value": "0.560541505",
        "cumulative": false
    },
    {
        "date": "2020-09-11T14:47:40Z",
        "value": "0.577327618",
        "cumulative": false
    },
    {
        "date": "2020-09-11T14:47:59Z",
        "value": "0.953827797",
        "cumulative": false
    },
    {
        "date": "2020-09-11T14:48:18Z",
        "value": "0.951314075",
        "cumulative": false
    },
    {
        "date": "2020-09-11T14:48:29Z",
        "value": "0.932029992",
        "cumulative": false
    },
    {
        "date": "2020-09-11T14:48:46Z",
        "value": "0.938730255",
        "cumulative": false
    },
    {
        "date": "2020-09-11T14:48:59Z",
        "value": "0.940906504",
        "cumulative": false
    },
    {
        "date": "2020-09-11T14:49:12Z",
        "value": "0.921276766",
        "cumulative": false
    },
    {
        "date": "2020-09-11T14:49:24Z",
        "value": "0.938888404",
        "cumulative": false
    },
    {
        "date": "2020-09-11T14:49:42Z",
        "value": "0.940098482",
        "cumulative": false
    },
    {
        "date": "2020-09-11T14:50:01Z",
        "value": "0.653500868",
        "cumulative": false
    },
    {
        "date": "2020-09-11T14:50:21Z",
        "value": "0.549046454",
        "cumulative": false
    },
    {
        "date": "2020-09-11T14:50:40Z",
        "value": "0.528720257",
        "cumulative": false
    },
    {
        "date": "2020-09-11T14:50:59Z",
        "value": "0.557677002",
        "cumulative": false
    },
    {
        "date": "2020-09-11T14:51:11Z",
        "value": "0.585873904",
        "cumulative": false
    },
    {
        "date": "2020-09-11T14:51:27Z",
        "value": "0.533985016",
        "cumulative": false
    },
    {
        "date": "2020-09-11T14:51:44Z",
        "value": "0.920963421",
        "cumulative": false
    },
    {
        "date": "2020-09-11T14:52:02Z",
        "value": "0.932870639",
        "cumulative": false
    },
    {
        "date": "2020-09-11T14:52:15Z",
        "value": "0.927789479",
        "cumulative": false
    },
    {
        "date": "2020-09-11T14:52:31Z",
        "value": "0.960338234",
        "cumulative": false
    },
    {
        "date": "2020-09-11T14:52:44Z",
        "value": "0.929800724",
        "cumulative": false
    },
    {
        "date": "2020-09-11T14:52:57Z",
        "value": "0.958003445",
        "cumulative": false
    },
    {
        "date": "2020-09-11T14:53:13Z",
        "value": "0.974328527",
        "cumulative": false
    },
    {
        "date": "2020-09-11T14:53:33Z",
        "value": "0.952107646",
        "cumulative": false
    },
    {
        "date": "2020-09-11T14:53:52Z",
        "value": "0.92082648",
        "cumulative": false
    },
    {
        "date": "2020-09-11T14:54:09Z",
        "value": "0.920472779",
        "cumulative": false
    },
    {
        "date": "2020-09-11T14:54:22Z",
        "value": "0.562028979",
        "cumulative": false
    },
    {
        "date": "2020-09-11T14:54:32Z",
        "value": "0.572687098",
        "cumulative": false
    },
    {
        "date": "2020-09-11T14:54:51Z",
        "value": "0.555035705",
        "cumulative": false
    },
    {
        "date": "2020-09-11T14:55:06Z",
        "value": "0.54208771",
        "cumulative": false
    },
    {
        "date": "2020-09-11T14:55:21Z",
        "value": "0.578297583",
        "cumulative": false
    },
    {
        "date": "2020-09-11T14:55:33Z",
        "value": "0.514868157",
        "cumulative": false
    },
    {
        "date": "2020-09-11T14:55:50Z",
        "value": "0.550847442",
        "cumulative": false
    },
    {
        "date": "2020-09-11T14:56:01Z",
        "value": "0.539044383",
        "cumulative": false
    },
    {
        "date": "2020-09-11T14:56:12Z",
        "value": "0.522791649",
        "cumulative": false
    },
    {
        "date": "2020-09-11T14:56:27Z",
        "value": "0.863808755",
        "cumulative": false
    },
    {
        "date": "2020-09-11T14:56:47Z",
        "value": "0.964363577",
        "cumulative": false
    },
    {
        "date": "2020-09-11T14:57:02Z",
        "value": "0.934215173",
        "cumulative": false
    },
    {
        "date": "2020-09-11T14:57:17Z",
        "value": "0.900601237",
        "cumulative": false
    },
    {
        "date": "2020-09-11T14:57:28Z",
        "value": "0.93507831",
        "cumulative": false
    },
    {
        "date": "2020-09-11T14:57:45Z",
        "value": "0.910749026",
        "cumulative": false
    },
    {
        "date": "2020-09-11T14:58:02Z",
        "value": "0.941258539",
        "cumulative": false
    },
    {
        "date": "2020-09-11T14:58:18Z",
        "value": "0.910780914",
        "cumulative": false
    },
    {
        "date": "2020-09-11T14:58:34Z",
        "value": "0.894305425",
        "cumulative": false
    },
    {
        "date": "2020-09-11T14:58:49Z",
        "value": "0.955118695",
        "cumulative": false
    },
    {
        "date": "2020-09-11T14:59:02Z",
        "value": "0.926261964",
        "cumulative": false
    },
    {
        "date": "2020-09-11T14:59:14Z",
        "value": "0.914086529",
        "cumulative": false
    },
    {
        "date": "2020-09-11T14:59:24Z",
        "value": "0.935982819",
        "cumulative": false
    },
    {
        "date": "2020-09-11T14:59:38Z",
        "value": "0.825719594",
        "cumulative": false
    },
    {
        "date": "2020-09-11T14:59:53Z",
        "value": "0.537709182",
        "cumulative": false
    },
    {
        "date": "2020-09-11T15:00:07Z",
        "value": "0.527816619",
        "cumulative": false
    },
    {
        "date": "2020-09-11T15:00:19Z",
        "value": "0.547158348",
        "cumulative": false
    },
    {
        "date": "2020-09-11T15:00:34Z",
        "value": "0.548231587",
        "cumulative": false
    },
    {
        "date": "2020-09-11T15:00:51Z",
        "value": "0.536960286",
        "cumulative": false
    },
    {
        "date": "2020-09-11T15:01:09Z",
        "value": "0.557647616",
        "cumulative": false
    },
    {
        "date": "2020-09-11T15:01:27Z",
        "value": "0.554712243",
        "cumulative": false
    },
    {
        "date": "2020-09-11T15:01:43Z",
        "value": "0.519134344",
        "cumulative": false
    },
    {
        "date": "2020-09-11T15:01:57Z",
        "value": "0.55395763",
        "cumulative": false
    },
    {
        "date": "2020-09-11T15:02:14Z",
        "value": "0.671231687",
        "cumulative": false
    },
    {
        "date": "2020-09-11T15:02:28Z",
        "value": "0.9240678",
        "cumulative": false
    },
    {
        "date": "2020-09-11T15:02:40Z",
        "value": "0.934724205",
        "cumulative": false
    },
    {
        "date": "2020-09-11T15:02:58Z",
        "value": "0.924288904",
        "cumulative": false
    },
    {
        "date": "2020-09-11T15:03:17Z",
        "value": "0.908166627",
        "cumulative": false
    },
    {
        "date": "2020-09-11T15:03:33Z",
        "value": "0.939759525",
        "cumulative": false
    },
    {
        "date": "2020-09-11T15:03:46Z",
        "value": "0.939130208",
        "cumulative": false
    },
    {
        "date": "2020-09-11T15:04:04Z",
        "value": "0.939068374",
        "cumulative": false
    },
    {
        "date": "2020-09-11T15:04:14Z",
        "value": "0.926641208",
        "cumulative": false
    },
    {
        "date": "2020-09-11T15:04:29Z",
        "value": "0.864836289",
        "cumulative": false
    },
    {
        "date": "2020-09-11T15:04:39Z",
        "value": "0.881895939",
        "cumulative": false
    },
    {
        "date": "2020-09-11T15:04:57Z",
        "value": "0.91830174",
        "cumulative": false
    },
    {
        "date": "2020-09-11T15:05:16Z",
        "value": "0.920157909",
        "cumulative": false
    },
    {
        "date": "2020-09-11T15:05:34Z",
        "value": "0.937165468",
        "cumulative": false
    },
    {
        "date": "2020-09-11T15:05:50Z",
        "value": "0.874008864",
        "cumulative": false
    },
    {
        "date": "2020-09-11T15:06:08Z",
        "value": "0.925367422",
        "cumulative": false
    },
    {
        "date": "2020-09-11T15:06:22Z",
        "value": "0.921961932",
        "cumulative": false
    },
    {
        "date": "2020-09-11T15:06:39Z",
        "value": "0.56201864",
        "cumulative": false
    },
    {
        "date": "2020-09-11T15:06:50Z",
        "value": "0.562449485",
        "cumulative": false
    },
    {
        "date": "2020-09-11T15:07:06Z",
        "value": "0.540802191",
        "cumulative": false
    },
    {
        "date": "2020-09-11T15:07:24Z",
        "value": "0.540756922",
        "cumulative": false
    },
    {
        "date": "2020-09-11T15:07:37Z",
        "value": "0.518853112",
        "cumulative": false
    },
    {
        "date": "2020-09-11T15:07:53Z",
        "value": "0.525707298",
        "cumulative": false
    },
    {
        "date": "2020-09-11T15:08:12Z",
        "value": "0.533625405",
        "cumulative": false
    },
    {
        "date": "2020-09-11T15:08:23Z",
        "value": "0.555471446",
        "cumulative": false
    },
    {
        "date": "2020-09-11T15:08:38Z",
        "value": "0.504090578",
        "cumulative": false
    },
    {
        "date": "2020-09-11T15:08:50Z",
        "value": "0.502385701",
        "cumulative": false
    },
    {
        "date": "2020-09-11T15:09:05Z",
        "value": "0.521678935",
        "cumulative": false
    },
    {
        "date": "2020-09-11T15:09:19Z",
        "value": "0.56472645",
        "cumulative": false
    },
    {
        "date": "2020-09-11T15:09:29Z",
        "value": "0.515743683",
        "cumulative": false
    },
    {
        "date": "2020-09-11T15:09:40Z",
        "value": "0.695809723",
        "cumulative": false
    },
    {
        "date": "2020-09-11T15:09:56Z",
        "value": "0.923844655",
        "cumulative": false
    },
    {
        "date": "2020-09-11T15:10:15Z",
        "value": "0.955339256",
        "cumulative": false
    },
    {
        "date": "2020-09-11T15:10:27Z",
        "value": "0.924428005",
        "cumulative": false
    },
    {
        "date": "2020-09-11T15:10:45Z",
        "value": "0.915649159",
        "cumulative": false
    },
    {
        "date": "2020-09-11T15:11:01Z",
        "value": "0.919252839",
        "cumulative": false
    },
    {
        "date": "2020-09-11T15:11:11Z",
        "value": "0.91704265",
        "cumulative": false
    },
    {
        "date": "2020-09-11T15:11:23Z",
        "value": "0.94858925",
        "cumulative": false
    },
    {
        "date": "2020-09-11T15:11:38Z",
        "value": "0.943922916",
        "cumulative": false
    },
    {
        "date": "2020-09-11T15:11:51Z",
        "value": "0.918932664",
        "cumulative": false
    },
    {
        "date": "2020-09-11T15:12:07Z",
        "value": "0.953704111",
        "cumulative": false
    },
    {
        "date": "2020-09-11T15:12:25Z",
        "value": "0.913929438",
        "cumulative": false
    },
    {
        "date": "2020-09-11T15:12:38Z",
        "value": "0.883930673",
        "cumulative": false
    },
    {
        "date": "2020-09-11T15:12:55Z",
        "value": "0.930979053",
        "cumulative": false
    },
    {
        "date": "2020-09-11T15:13:05Z",
        "value": "0.885159672",
        "cumulative": false
    },
    {
        "date": "2020-09-11T15:13:21Z",
        "value": "0.919510036",
        "cumulative": false
    },
    {
        "date": "2020-09-11T15:13:36Z",
        "value": "0.891537497",
        "cumulative": false
    },
    {
        "date": "2020-09-11T15:13:49Z",
        "value": "0.883519071",
        "cumulative": false
    },
    {
        "date": "2020-09-11T15:14:05Z",
        "value": "0.879307305",
        "cumulative": false
    },
    {
        "date": "2020-09-11T15:14:19Z",
        "value": "0.883012742",
        "cumulative": false
    },
    {
        "date": "2020-09-11T15:14:37Z",
        "value": "0.898278709",
        "cumulative": false
    },
    {
        "date": "2020-09-11T15:14:54Z",
        "value": "0.767403784",
        "cumulative": false
    },
    {
        "date": "2020-09-11T15:15:09Z",
        "value": "0.513015926",
        "cumulative": false
    },
    {
        "date": "2020-09-11T15:15:25Z",
        "value": "0.512493042",
        "cumulative": false
    },
    {
        "date": "2020-09-11T15:15:40Z",
        "value": "0.496021581",
        "cumulative": false
    },
    {
        "date": "2020-09-11T15:15:54Z",
        "value": "0.51181541",
        "cumulative": false
    },
    {
        "date": "2020-09-11T15:16:07Z",
        "value": "0.483047522",
        "cumulative": false
    },
    {
        "date": "2020-09-11T15:16:17Z",
        "value": "0.515053423",
        "cumulative": false
    },
    {
        "date": "2020-09-11T15:16:30Z",
        "value": "0.533840752",
        "cumulative": false
    },
    {
        "date": "2020-09-11T15:16:46Z",
        "value": "0.498440912",
        "cumulative": false
    },
    {
        "date": "2020-09-11T15:16:59Z",
        "value": "0.522560641",
        "cumulative": false
    },
    {
        "date": "2020-09-11T15:17:14Z",
        "value": "0.532951684",
        "cumulative": false
    },
    {
        "date": "2020-09-11T15:17:26Z",
        "value": "0.481793213",
        "cumulative": false
    },
    {
        "date": "2020-09-11T15:17:42Z",
        "value": "0.50075722",
        "cumulative": false
    },
    {
        "date": "2020-09-11T15:17:59Z",
        "value": "0.456190955",
        "cumulative": false
    },
    {
        "date": "2020-09-11T15:18:16Z",
        "value": "0.56199594",
        "cumulative": false
    },
    {
        "date": "2020-09-11T15:18:27Z",
        "value": "0.484261792",
        "cumulative": false
    },
    {
        "date": "2020-09-11T15:18:44Z",
        "value": "0.52749662",
        "cumulative": false
    },
    {
        "date": "2020-09-11T15:18:58Z",
        "value": "0.605788884",
        "cumulative": false
    },
    {
        "date": "2020-09-11T15:19:12Z",
        "value": "0.866310447",
        "cumulative": false
    },
    {
        "date": "2020-09-11T15:19:30Z",
        "value": "0.88489781",
        "cumulative": false
    },
    {
        "date": "2020-09-11T15:19:49Z",
        "value": "0.847767093",
        "cumulative": false
    },
    {
        "date": "2020-09-11T15:20:08Z",
        "value": "0.848756378",
        "cumulative": false
    },
    {
        "date": "2020-09-11T15:20:25Z",
        "value": "0.834890043",
        "cumulative": false
    },
    {
        "date": "2020-09-11T15:20:44Z",
        "value": "0.881282611",
        "cumulative": false
    },
    {
        "date": "2020-09-11T15:20:59Z",
        "value": "0.876961005",
        "cumulative": false
    },
    {
        "date": "2020-09-11T15:21:19Z",
        "value": "0.890132916",
        "cumulative": false
    },
    {
        "date": "2020-09-11T15:21:33Z",
        "value": "0.878843593",
        "cumulative": false
    },
    {
        "date": "2020-09-11T15:21:49Z",
        "value": "0.867816608",
        "cumulative": false
    },
    {
        "date": "2020-09-11T15:22:00Z",
        "value": "0.842064504",
        "cumulative": false
    },
    {
        "date": "2020-09-11T15:22:13Z",
        "value": "0.831174469",
        "cumulative": false
    },
    {
        "date": "2020-09-11T15:22:31Z",
        "value": "0.878230665",
        "cumulative": false
    },
    {
        "date": "2020-09-11T15:22:47Z",
        "value": "0.848486146",
        "cumulative": false
    },
    {
        "date": "2020-09-11T15:23:00Z",
        "value": "0.86575978",
        "cumulative": false
    },
    {
        "date": "2020-09-11T15:23:13Z",
        "value": "0.854032109",
        "cumulative": false
    },
    {
        "date": "2020-09-11T15:23:32Z",
        "value": "0.84726359",
        "cumulative": false
    },
    {
        "date": "2020-09-11T15:23:47Z",
        "value": "0.832266816",
        "cumulative": false
    },
    {
        "date": "2020-09-11T15:23:59Z",
        "value": "0.863273473",
        "cumulative": false
    },
    {
        "date": "2020-09-11T15:24:16Z",
        "value": "0.872324577",
        "cumulative": false
    },
    {
        "date": "2020-09-11T15:24:35Z",
        "value": "0.832405203",
        "cumulative": false
    },
    {
        "date": "2020-09-11T15:24:52Z",
        "value": "0.858203706",
        "cumulative": false
    },
    {
        "date": "2020-09-11T15:25:04Z",
        "value": "0.848907379",
        "cumulative": false
    },
    {
        "date": "2020-09-11T15:25:18Z",
        "value": "0.857171335",
        "cumulative": false
    },
    {
        "date": "2020-09-11T15:25:33Z",
        "value": "0.826404108",
        "cumulative": false
    },
    {
        "date": "2020-09-11T15:25:53Z",
        "value": "0.539083212",
        "cumulative": false
    },
    {
        "date": "2020-09-11T15:26:10Z",
        "value": "0.541366269",
        "cumulative": false
    },
    {
        "date": "2020-09-11T15:26:22Z",
        "value": "0.489600168",
        "cumulative": false
    },
    {
        "date": "2020-09-11T15:26:40Z",
        "value": "0.501292734",
        "cumulative": false
    },
    {
        "date": "2020-09-11T15:26:59Z",
        "value": "0.501086587",
        "cumulative": false
    },
    {
        "date": "2020-09-11T15:27:13Z",
        "value": "0.522539123",
        "cumulative": false
    },
    {
        "date": "2020-09-11T15:27:24Z",
        "value": "0.484608809",
        "cumulative": false
    },
    {
        "date": "2020-09-11T15:27:34Z",
        "value": "0.53173119",
        "cumulative": false
    },
    {
        "date": "2020-09-11T15:27:53Z",
        "value": "0.462323123",
        "cumulative": false
    },
    {
        "date": "2020-09-11T15:28:13Z",
        "value": "0.5302198",
        "cumulative": false
    },
    {
        "date": "2020-09-11T15:28:27Z",
        "value": "0.499423438",
        "cumulative": false
    },
    {
        "date": "2020-09-11T15:28:47Z",
        "value": "0.532040833",
        "cumulative": false
    },
    {
        "date": "2020-09-11T15:29:01Z",
        "value": "0.483227577",
        "cumulative": false
    },
    {
        "date": "2020-09-11T15:29:13Z",
        "value": "0.535127157",
        "cumulative": false
    },
    {
        "date": "2020-09-11T15:29:24Z",
        "value": "0.518591444",
        "cumulative": false
    },
    {
        "date": "2020-09-11T15:29:41Z",
        "value": "0.499402172",
        "cumulative": false
    },
    {
        "date": "2020-09-11T15:30:01Z",
        "value": "0.507010925",
        "cumulative": false
    },
    {
        "date": "2020-09-11T15:30:16Z",
        "value": "0.497845097",
        "cumulative": false
    },
    {
        "date": "2020-09-11T15:30:31Z",
        "value": "0.561168792",
        "cumulative": false
    },
    {
        "date": "2020-09-11T15:30:42Z",
        "value": "0.503168636",
        "cumulative": false
    },
    {
        "date": "2020-09-11T15:30:53Z",
        "value": "0.859636229",
        "cumulative": false
    },
    {
        "date": "2020-09-11T15:31:12Z",
        "value": "0.885782905",
        "cumulative": false
    },
    {
        "date": "2020-09-11T15:31:25Z",
        "value": "0.862598751",
        "cumulative": false
    },
    {
        "date": "2020-09-11T15:31:43Z",
        "value": "0.881028655",
        "cumulative": false
    },
    {
        "date": "2020-09-11T15:31:58Z",
        "value": "0.865999647",
        "cumulative": false
    },
    {
        "date": "2020-09-11T15:32:14Z",
        "value": "0.873324226",
        "cumulative": false
    },
    {
        "date": "2020-09-11T15:32:26Z",
        "value": "0.880575248",
        "cumulative": false
    },
    {
        "date": "2020-09-11T15:32:43Z",
        "value": "0.875835458",
        "cumulative": false
    },
    {
        "date": "2020-09-11T15:32:58Z",
        "value": "0.875188388",
        "cumulative": false
    },
    {
        "date": "2020-09-11T15:33:13Z",
        "value": "0.872845068",
        "cumulative": false
    },
    {
        "date": "2020-09-11T15:33:27Z",
        "value": "0.862078684",
        "cumulative": false
    },
    {
        "date": "2020-09-11T15:33:45Z",
        "value": "0.882944676",
        "cumulative": false
    },
    {
        "date": "2020-09-11T15:33:57Z",
        "value": "0.873356372",
        "cumulative": false
    },
    {
        "date": "2020-09-11T15:34:16Z",
        "value": "0.855999419",
        "cumulative": false
    },
    {
        "date": "2020-09-11T15:34:27Z",
        "value": "0.866051441",
        "cumulative": false
    },
    {
        "date": "2020-09-11T15:34:38Z",
        "value": "0.848969246",
        "cumulative": false
    },
    {
        "date": "2020-09-11T15:34:51Z",
        "value": "0.873045149",
        "cumulative": false
    },
    {
        "date": "2020-09-11T15:35:10Z",
        "value": "0.848852374",
        "cumulative": false
    },
    {
        "date": "2020-09-11T15:35:26Z",
        "value": "0.888351255",
        "cumulative": false
    },
    {
        "date": "2020-09-11T15:35:38Z",
        "value": "0.888293128",
        "cumulative": false
    },
    {
        "date": "2020-09-11T15:35:55Z",
        "value": "0.855264979",
        "cumulative": false
    },
    {
        "date": "2020-09-11T15:36:15Z",
        "value": "0.855784007",
        "cumulative": false
    },
    {
        "date": "2020-09-11T15:36:26Z",
        "value": "0.849047164",
        "cumulative": false
    },
    {
        "date": "2020-09-11T15:36:41Z",
        "value": "0.855510144",
        "cumulative": false
    },
    {
        "date": "2020-09-11T15:36:57Z",
        "value": "0.884375386",
        "cumulative": false
    },
    {
        "date": "2020-09-11T15:37:11Z",
        "value": "0.874061354",
        "cumulative": false
    },
    {
        "date": "2020-09-11T15:37:26Z",
        "value": "0.894262504",
        "cumulative": false
    },
    {
        "date": "2020-09-11T15:37:38Z",
        "value": "0.847636486",
        "cumulative": false
    },
    {
        "date": "2020-09-11T15:37:54Z",
        "value": "0.827735708",
        "cumulative": false
    },
    {
        "date": "2020-09-11T15:38:08Z",
        "value": "0.854641938",
        "cumulative": false
    },
    {
        "date": "2020-09-11T15:38:23Z",
        "value": "0.8093949",
        "cumulative": false
    },
    {
        "date": "2020-09-11T15:38:37Z",
        "value": "0.865199567",
        "cumulative": false
    },
    {
        "date": "2020-09-11T15:38:55Z",
        "value": "0.858014041",
        "cumulative": false
    },
    {
        "date": "2020-09-11T15:39:08Z",
        "value": "0.177675228",
        "cumulative": false
    }
]