[
    {
        "date": "2020-09-11T14:32:42Z",
        "value": "4.00543212890625e-05",
        "cumulative": true
    },
    {
        "date": "2020-09-11T14:33:04Z",
        "value": "36.60761070251465",
        "cumulative": true
    },
    {
        "date": "2020-09-11T14:33:16Z",
        "value": "130.85701751708984",
        "cumulative": true
    },
    {
        "date": "2020-09-11T14:33:34Z",
        "value": "1417.3494329452515",
        "cumulative": true
    },
    {
        "date": "2020-09-11T14:33:46Z",
        "value": "2656.296792984009",
        "cumulative": true
    },
    {
        "date": "2020-09-11T14:33:59Z",
        "value": "3967.0139837265015",
        "cumulative": true
    },
    {
        "date": "2020-09-11T14:34:16Z",
        "value": "5770.915856361389",
        "cumulative": true
    },
    {
        "date": "2020-09-11T14:34:26Z",
        "value": "7131.190836906433",
        "cumulative": true
    },
    {
        "date": "2020-09-11T14:34:45Z",
        "value": "9235.847398757935",
        "cumulative": true
    },
    {
        "date": "2020-09-11T14:35:02Z",
        "value": "11457.778094291687",
        "cumulative": true
    },
    {
        "date": "2020-09-11T14:35:17Z",
        "value": "13829.505877494812",
        "cumulative": true
    },
    {
        "date": "2020-09-11T14:35:32Z",
        "value": "14792.545685768127",
        "cumulative": true
    },
    {
        "date": "2020-09-11T14:35:47Z",
        "value": "17669.244029045105",
        "cumulative": true
    },
    {
        "date": "2020-09-11T14:36:04Z",
        "value": "19223.90233230591",
        "cumulative": true
    },
    {
        "date": "2020-09-11T14:36:21Z",
        "value": "22206.154309272766",
        "cumulative": true
    },
    {
        "date": "2020-09-11T14:36:38Z",
        "value": "23388.678002357483",
        "cumulative": true
    },
    {
        "date": "2020-09-11T14:36:52Z",
        "value": "26012.81033706665",
        "cumulative": true
    },
    {
        "date": "2020-09-11T14:37:08Z",
        "value": "28333.305130958557",
        "cumulative": true
    },
    {
        "date": "2020-09-11T14:37:21Z",
        "value": "29196.1953458786",
        "cumulative": true
    },
    {
        "date": "2020-09-11T14:37:33Z",
        "value": "30842.674330711365",
        "cumulative": true
    },
    {
        "date": "2020-09-11T14:37:50Z",
        "value": "34564.72855472565",
        "cumulative": true
    },
    {
        "date": "2020-09-11T14:38:01Z",
        "value": "35534.918741226196",
        "cumulative": true
    },
    {
        "date": "2020-09-11T14:38:19Z",
        "value": "36774.796129226685",
        "cumulative": true
    },
    {
        "date": "2020-09-11T14:38:35Z",
        "value": "38705.32009124756",
        "cumulative": true
    },
    {
        "date": "2020-09-11T14:38:47Z",
        "value": "41118.853410720825",
        "cumulative": true
    },
    {
        "date": "2020-09-11T14:39:02Z",
        "value": "44143.396821022034",
        "cumulative": true
    },
    {
        "date": "2020-09-11T14:39:15Z",
        "value": "45056.46479320526",
        "cumulative": true
    },
    {
        "date": "2020-09-11T14:39:33Z",
        "value": "46264.00118160248",
        "cumulative": true
    },
    {
        "date": "2020-09-11T14:39:44Z",
        "value": "46988.44614696503",
        "cumulative": true
    },
    {
        "date": "2020-09-11T14:40:03Z",
        "value": "50525.52048969269",
        "cumulative": true
    },
    {
        "date": "2020-09-11T14:40:23Z",
        "value": "54730.06710720062",
        "cumulative": true
    },
    {
        "date": "2020-09-11T14:40:41Z",
        "value": "56497.241998672485",
        "cumulative": true
    },
    {
        "date": "2020-09-11T14:40:58Z",
        "value": "57625.162477493286",
        "cumulative": true
    },
    {
        "date": "2020-09-11T14:41:14Z",
        "value": "58759.329065322876",
        "cumulative": true
    },
    {
        "date": "2020-09-11T14:41:28Z",
        "value": "59685.99718093872",
        "cumulative": true
    },
    {
        "date": "2020-09-11T14:41:41Z",
        "value": "62098.54269313812",
        "cumulative": true
    },
    {
        "date": "2020-09-11T14:41:56Z",
        "value": "65105.36476230621",
        "cumulative": true
    },
    {
        "date": "2020-09-11T14:42:07Z",
        "value": "67239.80953884125",
        "cumulative": true
    },
    {
        "date": "2020-09-11T14:42:21Z",
        "value": "70292.82548046112",
        "cumulative": true
    },
    {
        "date": "2020-09-11T14:42:40Z",
        "value": "71505.39951992035",
        "cumulative": true
    },
    {
        "date": "2020-09-11T14:43:00Z",
        "value": "72845.3958978653",
        "cumulative": true
    },
    {
        "date": "2020-09-11T14:43:14Z",
        "value": "73787.52477550507",
        "cumulative": true
    },
    {
        "date": "2020-09-11T14:43:28Z",
        "value": "74724.3845243454",
        "cumulative": true
    },
    {
        "date": "2020-09-11T14:43:42Z",
        "value": "76291.00412368774",
        "cumulative": true
    },
    {
        "date": "2020-09-11T14:43:56Z",
        "value": "79287.4861164093",
        "cumulative": true
    },
    {
        "date": "2020-09-11T14:44:07Z",
        "value": "81670.65761566162",
        "cumulative": true
    },
    {
        "date": "2020-09-11T14:44:23Z",
        "value": "84918.2855758667",
        "cumulative": true
    },
    {
        "date": "2020-09-11T14:44:41Z",
        "value": "88746.89578723907",
        "cumulative": true
    },
    {
        "date": "2020-09-11T14:44:52Z",
        "value": "89409.94733905792",
        "cumulative": true
    },
    {
        "date": "2020-09-11T14:45:03Z",
        "value": "90133.36333751678",
        "cumulative": true
    },
    {
        "date": "2020-09-11T14:45:22Z",
        "value": "91396.53927898407",
        "cumulative": true
    },
    {
        "date": "2020-09-11T14:45:40Z",
        "value": "92502.67286777496",
        "cumulative": true
    },
    {
        "date": "2020-09-11T14:45:59Z",
        "value": "93806.27840328217",
        "cumulative": true
    },
    {
        "date": "2020-09-11T14:46:18Z",
        "value": "94995.86987018585",
        "cumulative": true
    },
    {
        "date": "2020-09-11T14:46:32Z",
        "value": "97429.78273582458",
        "cumulative": true
    },
    {
        "date": "2020-09-11T14:46:48Z",
        "value": "100772.37487411499",
        "cumulative": true
    },
    {
        "date": "2020-09-11T14:46:58Z",
        "value": "102936.42529678345",
        "cumulative": true
    },
    {
        "date": "2020-09-11T14:47:11Z",
        "value": "105666.31658935547",
        "cumulative": true
    },
    {
        "date": "2020-09-11T14:47:24Z",
        "value": "108431.01364707947",
        "cumulative": true
    },
    {
        "date": "2020-09-11T14:47:42Z",
        "value": "112076.49736118317",
        "cumulative": true
    },
    {
        "date": "2020-09-11T14:47:56Z",
        "value": "113009.41621875763",
        "cumulative": true
    },
    {
        "date": "2020-09-11T14:48:11Z",
        "value": "113960.7434129715",
        "cumulative": true
    },
    {
        "date": "2020-09-11T14:48:25Z",
        "value": "114877.48826313019",
        "cumulative": true
    },
    {
        "date": "2020-09-11T14:48:37Z",
        "value": "115638.43968296051",
        "cumulative": true
    },
    {
        "date": "2020-09-11T14:48:51Z",
        "value": "116562.02759075165",
        "cumulative": true
    },
    {
        "date": "2020-09-11T14:49:02Z",
        "value": "117286.37823009491",
        "cumulative": true
    },
    {
        "date": "2020-09-11T14:49:13Z",
        "value": "118032.30529689789",
        "cumulative": true
    },
    {
        "date": "2020-09-11T14:49:31Z",
        "value": "119222.403424263",
        "cumulative": true
    },
    {
        "date": "2020-09-11T14:49:49Z",
        "value": "120891.53268241882",
        "cumulative": true
    },
    {
        "date": "2020-09-11T14:50:07Z",
        "value": "124622.80269622803",
        "cumulative": true
    },
    {
        "date": "2020-09-11T14:50:19Z",
        "value": "127051.04585838318",
        "cumulative": true
    },
    {
        "date": "2020-09-11T14:50:33Z",
        "value": "129974.7178440094",
        "cumulative": true
    },
    {
        "date": "2020-09-11T14:50:46Z",
        "value": "132473.54901313782",
        "cumulative": true
    },
    {
        "date": "2020-09-11T14:51:00Z",
        "value": "135469.0994796753",
        "cumulative": true
    },
    {
        "date": "2020-09-11T14:51:15Z",
        "value": "138633.3058719635",
        "cumulative": true
    },
    {
        "date": "2020-09-11T14:51:34Z",
        "value": "141705.3951807022",
        "cumulative": true
    },
    {
        "date": "2020-09-11T14:51:46Z",
        "value": "142446.90298366547",
        "cumulative": true
    },
    {
        "date": "2020-09-11T14:51:59Z",
        "value": "143301.87311267853",
        "cumulative": true
    },
    {
        "date": "2020-09-11T14:52:17Z",
        "value": "144517.62957286835",
        "cumulative": true
    },
    {
        "date": "2020-09-11T14:52:29Z",
        "value": "145287.75389575958",
        "cumulative": true
    },
    {
        "date": "2020-09-11T14:52:40Z",
        "value": "146028.36662197113",
        "cumulative": true
    },
    {
        "date": "2020-09-11T14:52:54Z",
        "value": "146929.93174648285",
        "cumulative": true
    },
    {
        "date": "2020-09-11T14:53:11Z",
        "value": "148030.55795955658",
        "cumulative": true
    },
    {
        "date": "2020-09-11T14:53:23Z",
        "value": "148858.2657442093",
        "cumulative": true
    },
    {
        "date": "2020-09-11T14:53:41Z",
        "value": "150030.90934085846",
        "cumulative": true
    },
    {
        "date": "2020-09-11T14:53:55Z",
        "value": "150886.47188663483",
        "cumulative": true
    },
    {
        "date": "2020-09-11T14:54:05Z",
        "value": "151583.50414943695",
        "cumulative": true
    },
    {
        "date": "2020-09-11T14:54:21Z",
        "value": "154337.13216781616",
        "cumulative": true
    },
    {
        "date": "2020-09-11T14:54:36Z",
        "value": "157806.16198539734",
        "cumulative": true
    },
    {
        "date": "2020-09-11T14:54:53Z",
        "value": "161265.66680526733",
        "cumulative": true
    },
    {
        "date": "2020-09-11T14:55:13Z",
        "value": "165587.5725955963",
        "cumulative": true
    },
    {
        "date": "2020-09-11T14:55:23Z",
        "value": "167858.14741325378",
        "cumulative": true
    },
    {
        "date": "2020-09-11T14:55:36Z",
        "value": "170523.3080482483",
        "cumulative": true
    },
    {
        "date": "2020-09-11T14:55:55Z",
        "value": "174516.46926689148",
        "cumulative": true
    },
    {
        "date": "2020-09-11T14:56:06Z",
        "value": "176828.52484321594",
        "cumulative": true
    },
    {
        "date": "2020-09-11T14:56:19Z",
        "value": "178803.20174884796",
        "cumulative": true
    },
    {
        "date": "2020-09-11T14:56:34Z",
        "value": "179848.0547990799",
        "cumulative": true
    },
    {
        "date": "2020-09-11T14:56:49Z",
        "value": "180781.83264255524",
        "cumulative": true
    },
    {
        "date": "2020-09-11T14:57:02Z",
        "value": "181624.0010614395",
        "cumulative": true
    },
    {
        "date": "2020-09-11T14:57:16Z",
        "value": "182520.01083660126",
        "cumulative": true
    },
    {
        "date": "2020-09-11T14:57:28Z",
        "value": "183325.40516757965",
        "cumulative": true
    },
    {
        "date": "2020-09-11T14:57:45Z",
        "value": "184484.02639102936",
        "cumulative": true
    },
    {
        "date": "2020-09-11T14:57:57Z",
        "value": "185277.96812534332",
        "cumulative": true
    },
    {
        "date": "2020-09-11T14:58:07Z",
        "value": "185944.1389169693",
        "cumulative": true
    },
    {
        "date": "2020-09-11T14:58:23Z",
        "value": "186998.75166034698",
        "cumulative": true
    },
    {
        "date": "2020-09-11T14:58:36Z",
        "value": "187822.84438037872",
        "cumulative": true
    },
    {
        "date": "2020-09-11T14:58:52Z",
        "value": "188874.07999706268",
        "cumulative": true
    },
    {
        "date": "2020-09-11T14:59:09Z",
        "value": "190058.06385326385",
        "cumulative": true
    },
    {
        "date": "2020-09-11T14:59:28Z",
        "value": "191296.48221492767",
        "cumulative": true
    },
    {
        "date": "2020-09-11T14:59:42Z",
        "value": "193389.14876556396",
        "cumulative": true
    },
    {
        "date": "2020-09-11T14:59:56Z",
        "value": "196245.09714698792",
        "cumulative": true
    },
    {
        "date": "2020-09-11T15:00:08Z",
        "value": "199044.1944026947",
        "cumulative": true
    },
    {
        "date": "2020-09-11T15:00:22Z",
        "value": "202061.79189491272",
        "cumulative": true
    },
    {
        "date": "2020-09-11T15:00:36Z",
        "value": "205207.11065483093",
        "cumulative": true
    },
    {
        "date": "2020-09-11T15:00:56Z",
        "value": "209579.51921081543",
        "cumulative": true
    },
    {
        "date": "2020-09-11T15:01:07Z",
        "value": "211930.2627620697",
        "cumulative": true
    },
    {
        "date": "2020-09-11T15:01:25Z",
        "value": "215960.90796279907",
        "cumulative": true
    },
    {
        "date": "2020-09-11T15:01:42Z",
        "value": "219665.76618003845",
        "cumulative": true
    },
    {
        "date": "2020-09-11T15:01:59Z",
        "value": "223365.48932647705",
        "cumulative": true
    },
    {
        "date": "2020-09-11T15:02:15Z",
        "value": "225794.8265657425",
        "cumulative": true
    },
    {
        "date": "2020-09-11T15:02:31Z",
        "value": "226798.73598766327",
        "cumulative": true
    },
    {
        "date": "2020-09-11T15:02:45Z",
        "value": "227758.80598926544",
        "cumulative": true
    },
    {
        "date": "2020-09-11T15:03:04Z",
        "value": "229066.0674982071",
        "cumulative": true
    },
    {
        "date": "2020-09-11T15:03:24Z",
        "value": "230371.5805940628",
        "cumulative": true
    },
    {
        "date": "2020-09-11T15:03:40Z",
        "value": "231406.12477779388",
        "cumulative": true
    },
    {
        "date": "2020-09-11T15:03:56Z",
        "value": "232552.40106487274",
        "cumulative": true
    },
    {
        "date": "2020-09-11T15:04:06Z",
        "value": "233223.8041524887",
        "cumulative": true
    },
    {
        "date": "2020-09-11T15:04:18Z",
        "value": "233974.16536808014",
        "cumulative": true
    },
    {
        "date": "2020-09-11T15:04:38Z",
        "value": "235248.21938419342",
        "cumulative": true
    },
    {
        "date": "2020-09-11T15:04:50Z",
        "value": "236085.2329378128",
        "cumulative": true
    },
    {
        "date": "2020-09-11T15:05:02Z",
        "value": "236781.61644268036",
        "cumulative": true
    },
    {
        "date": "2020-09-11T15:05:16Z",
        "value": "237755.56657123566",
        "cumulative": true
    },
    {
        "date": "2020-09-11T15:05:35Z",
        "value": "238976.88939380646",
        "cumulative": true
    },
    {
        "date": "2020-09-11T15:05:54Z",
        "value": "240180.73109722137",
        "cumulative": true
    },
    {
        "date": "2020-09-11T15:06:13Z",
        "value": "241496.06905841827",
        "cumulative": true
    },
    {
        "date": "2020-09-11T15:06:27Z",
        "value": "242958.5389766693",
        "cumulative": true
    },
    {
        "date": "2020-09-11T15:06:43Z",
        "value": "246780.83574295044",
        "cumulative": true
    },
    {
        "date": "2020-09-11T15:06:57Z",
        "value": "249896.56370735168",
        "cumulative": true
    },
    {
        "date": "2020-09-11T15:07:15Z",
        "value": "253944.37469863892",
        "cumulative": true
    },
    {
        "date": "2020-09-11T15:07:31Z",
        "value": "257369.02291297913",
        "cumulative": true
    },
    {
        "date": "2020-09-11T15:07:50Z",
        "value": "261426.1279888153",
        "cumulative": true
    },
    {
        "date": "2020-09-11T15:08:02Z",
        "value": "264052.94973373413",
        "cumulative": true
    },
    {
        "date": "2020-09-11T15:08:20Z",
        "value": "268023.89789009094",
        "cumulative": true
    },
    {
        "date": "2020-09-11T15:08:33Z",
        "value": "270988.7176361084",
        "cumulative": true
    },
    {
        "date": "2020-09-11T15:08:49Z",
        "value": "274151.97434043884",
        "cumulative": true
    },
    {
        "date": "2020-09-11T15:09:06Z",
        "value": "277822.33540153503",
        "cumulative": true
    },
    {
        "date": "2020-09-11T15:09:21Z",
        "value": "281313.0282115936",
        "cumulative": true
    },
    {
        "date": "2020-09-11T15:09:36Z",
        "value": "284588.85014533997",
        "cumulative": true
    },
    {
        "date": "2020-09-11T15:09:50Z",
        "value": "285462.3467683792",
        "cumulative": true
    },
    {
        "date": "2020-09-11T15:10:01Z",
        "value": "286284.58903217316",
        "cumulative": true
    },
    {
        "date": "2020-09-11T15:10:12Z",
        "value": "286975.23043346405",
        "cumulative": true
    },
    {
        "date": "2020-09-11T15:10:27Z",
        "value": "288002.2352285385",
        "cumulative": true
    },
    {
        "date": "2020-09-11T15:10:42Z",
        "value": "289059.7399816513",
        "cumulative": true
    },
    {
        "date": "2020-09-11T15:10:54Z",
        "value": "289879.554898262",
        "cumulative": true
    },
    {
        "date": "2020-09-11T15:11:07Z",
        "value": "290733.13080883026",
        "cumulative": true
    },
    {
        "date": "2020-09-11T15:11:22Z",
        "value": "291780.54370975494",
        "cumulative": true
    },
    {
        "date": "2020-09-11T15:11:40Z",
        "value": "293010.26054286957",
        "cumulative": true
    },
    {
        "date": "2020-09-11T15:11:55Z",
        "value": "293967.5503988266",
        "cumulative": true
    },
    {
        "date": "2020-09-11T15:12:13Z",
        "value": "295239.59300518036",
        "cumulative": true
    },
    {
        "date": "2020-09-11T15:12:28Z",
        "value": "296244.32064151764",
        "cumulative": true
    },
    {
        "date": "2020-09-11T15:12:44Z",
        "value": "297277.1909646988",
        "cumulative": true
    },
    {
        "date": "2020-09-11T15:13:01Z",
        "value": "298363.47271442413",
        "cumulative": true
    },
    {
        "date": "2020-09-11T15:13:11Z",
        "value": "299067.1716299057",
        "cumulative": true
    },
    {
        "date": "2020-09-11T15:13:24Z",
        "value": "300015.6900167465",
        "cumulative": true
    },
    {
        "date": "2020-09-11T15:13:41Z",
        "value": "301122.03932857513",
        "cumulative": true
    },
    {
        "date": "2020-09-11T15:13:58Z",
        "value": "302199.62636470795",
        "cumulative": true
    },
    {
        "date": "2020-09-11T15:14:11Z",
        "value": "303172.7956018448",
        "cumulative": true
    },
    {
        "date": "2020-09-11T15:14:29Z",
        "value": "304316.63117313385",
        "cumulative": true
    },
    {
        "date": "2020-09-11T15:14:44Z",
        "value": "305328.9846200943",
        "cumulative": true
    },
    {
        "date": "2020-09-11T15:14:55Z",
        "value": "306905.02521038055",
        "cumulative": true
    },
    {
        "date": "2020-09-11T15:15:06Z",
        "value": "309459.93684101105",
        "cumulative": true
    },
    {
        "date": "2020-09-11T15:15:17Z",
        "value": "311612.3674097061",
        "cumulative": true
    },
    {
        "date": "2020-09-11T15:15:28Z",
        "value": "313949.49445819855",
        "cumulative": true
    },
    {
        "date": "2020-09-11T15:15:47Z",
        "value": "318318.7056875229",
        "cumulative": true
    },
    {
        "date": "2020-09-11T15:16:04Z",
        "value": "321750.1169080734",
        "cumulative": true
    },
    {
        "date": "2020-09-11T15:16:22Z",
        "value": "326064.6144628525",
        "cumulative": true
    },
    {
        "date": "2020-09-11T15:16:37Z",
        "value": "329327.9409685135",
        "cumulative": true
    },
    {
        "date": "2020-09-11T15:16:56Z",
        "value": "333405.87054920197",
        "cumulative": true
    },
    {
        "date": "2020-09-11T15:17:10Z",
        "value": "336572.0017518997",
        "cumulative": true
    },
    {
        "date": "2020-09-11T15:17:21Z",
        "value": "338994.6556119919",
        "cumulative": true
    },
    {
        "date": "2020-09-11T15:17:38Z",
        "value": "342714.7091970444",
        "cumulative": true
    },
    {
        "date": "2020-09-11T15:17:54Z",
        "value": "345834.8982973099",
        "cumulative": true
    },
    {
        "date": "2020-09-11T15:18:13Z",
        "value": "350253.50953769684",
        "cumulative": true
    },
    {
        "date": "2020-09-11T15:18:28Z",
        "value": "353479.9232740402",
        "cumulative": true
    },
    {
        "date": "2020-09-11T15:18:44Z",
        "value": "357226.47226428986",
        "cumulative": true
    },
    {
        "date": "2020-09-11T15:18:57Z",
        "value": "359448.25857925415",
        "cumulative": true
    },
    {
        "date": "2020-09-11T15:19:11Z",
        "value": "360436.6069393158",
        "cumulative": true
    },
    {
        "date": "2020-09-11T15:19:26Z",
        "value": "361502.9665851593",
        "cumulative": true
    },
    {
        "date": "2020-09-11T15:19:40Z",
        "value": "362365.2919254303",
        "cumulative": true
    },
    {
        "date": "2020-09-11T15:19:56Z",
        "value": "363445.29987716675",
        "cumulative": true
    },
    {
        "date": "2020-09-11T15:20:08Z",
        "value": "364238.7101840973",
        "cumulative": true
    },
    {
        "date": "2020-09-11T15:20:19Z",
        "value": "364982.17604255676",
        "cumulative": true
    },
    {
        "date": "2020-09-11T15:20:33Z",
        "value": "365867.7687511444",
        "cumulative": true
    },
    {
        "date": "2020-09-11T15:20:52Z",
        "value": "367176.05874061584",
        "cumulative": true
    },
    {
        "date": "2020-09-11T15:21:04Z",
        "value": "367997.3860244751",
        "cumulative": true
    },
    {
        "date": "2020-09-11T15:21:15Z",
        "value": "368768.3855113983",
        "cumulative": true
    },
    {
        "date": "2020-09-11T15:21:33Z",
        "value": "370041.04290771484",
        "cumulative": true
    },
    {
        "date": "2020-09-11T15:21:52Z",
        "value": "371338.9103355408",
        "cumulative": true
    },
    {
        "date": "2020-09-11T15:22:11Z",
        "value": "372510.2337818146",
        "cumulative": true
    },
    {
        "date": "2020-09-11T15:22:28Z",
        "value": "373632.0886554718",
        "cumulative": true
    },
    {
        "date": "2020-09-11T15:22:45Z",
        "value": "374835.2046146393",
        "cumulative": true
    },
    {
        "date": "2020-09-11T15:23:02Z",
        "value": "375902.5539932251",
        "cumulative": true
    },
    {
        "date": "2020-09-11T15:23:13Z",
        "value": "376702.40863609314",
        "cumulative": true
    },
    {
        "date": "2020-09-11T15:23:28Z",
        "value": "377621.80851745605",
        "cumulative": true
    },
    {
        "date": "2020-09-11T15:23:40Z",
        "value": "378393.56126213074",
        "cumulative": true
    },
    {
        "date": "2020-09-11T15:23:53Z",
        "value": "379362.20024108887",
        "cumulative": true
    },
    {
        "date": "2020-09-11T15:24:04Z",
        "value": "379991.62433815",
        "cumulative": true
    },
    {
        "date": "2020-09-11T15:24:14Z",
        "value": "380707.0581626892",
        "cumulative": true
    },
    {
        "date": "2020-09-11T15:24:31Z",
        "value": "381796.54863357544",
        "cumulative": true
    },
    {
        "date": "2020-09-11T15:24:42Z",
        "value": "382591.69721221924",
        "cumulative": true
    },
    {
        "date": "2020-09-11T15:24:53Z",
        "value": "383371.16799354553",
        "cumulative": true
    },
    {
        "date": "2020-09-11T15:25:04Z",
        "value": "384106.2105579376",
        "cumulative": true
    },
    {
        "date": "2020-09-11T15:25:23Z",
        "value": "385308.55651474",
        "cumulative": true
    },
    {
        "date": "2020-09-11T15:25:38Z",
        "value": "387149.0019454956",
        "cumulative": true
    },
    {
        "date": "2020-09-11T15:25:54Z",
        "value": "390773.63908958435",
        "cumulative": true
    },
    {
        "date": "2020-09-11T15:26:13Z",
        "value": "394834.2125110626",
        "cumulative": true
    },
    {
        "date": "2020-09-11T15:26:26Z",
        "value": "397759.9830532074",
        "cumulative": true
    },
    {
        "date": "2020-09-11T15:26:43Z",
        "value": "401609.0400123596",
        "cumulative": true
    },
    {
        "date": "2020-09-11T15:27:03Z",
        "value": "405842.6040344238",
        "cumulative": true
    },
    {
        "date": "2020-09-11T15:27:19Z",
        "value": "409404.7708530426",
        "cumulative": true
    },
    {
        "date": "2020-09-11T15:27:30Z",
        "value": "411667.28377723694",
        "cumulative": true
    },
    {
        "date": "2020-09-11T15:27:46Z",
        "value": "414865.67654800415",
        "cumulative": true
    },
    {
        "date": "2020-09-11T15:28:00Z",
        "value": "417776.4829597473",
        "cumulative": true
    },
    {
        "date": "2020-09-11T15:28:19Z",
        "value": "422003.7999687195",
        "cumulative": true
    },
    {
        "date": "2020-09-11T15:28:32Z",
        "value": "424868.166097641",
        "cumulative": true
    },
    {
        "date": "2020-09-11T15:28:45Z",
        "value": "427893.12593460083",
        "cumulative": true
    },
    {
        "date": "2020-09-11T15:29:01Z",
        "value": "431296.6619129181",
        "cumulative": true
    },
    {
        "date": "2020-09-11T15:29:17Z",
        "value": "434850.4856700897",
        "cumulative": true
    },
    {
        "date": "2020-09-11T15:29:29Z",
        "value": "437502.93492889404",
        "cumulative": true
    },
    {
        "date": "2020-09-11T15:29:44Z",
        "value": "440764.7214450836",
        "cumulative": true
    },
    {
        "date": "2020-09-11T15:30:01Z",
        "value": "444314.197637558",
        "cumulative": true
    },
    {
        "date": "2020-09-11T15:30:13Z",
        "value": "447021.3290500641",
        "cumulative": true
    },
    {
        "date": "2020-09-11T15:30:30Z",
        "value": "450955.35032463074",
        "cumulative": true
    },
    {
        "date": "2020-09-11T15:30:47Z",
        "value": "453932.08961868286",
        "cumulative": true
    },
    {
        "date": "2020-09-11T15:31:00Z",
        "value": "454817.6032848358",
        "cumulative": true
    },
    {
        "date": "2020-09-11T15:31:15Z",
        "value": "455895.0161590576",
        "cumulative": true
    },
    {
        "date": "2020-09-11T15:31:33Z",
        "value": "457163.24701690674",
        "cumulative": true
    },
    {
        "date": "2020-09-11T15:31:47Z",
        "value": "458170.85476112366",
        "cumulative": true
    },
    {
        "date": "2020-09-11T15:31:57Z",
        "value": "458842.85762405396",
        "cumulative": true
    },
    {
        "date": "2020-09-11T15:32:15Z",
        "value": "459963.3801269531",
        "cumulative": true
    },
    {
        "date": "2020-09-11T15:32:30Z",
        "value": "460998.80864334106",
        "cumulative": true
    },
    {
        "date": "2020-09-11T15:32:46Z",
        "value": "462211.0174808502",
        "cumulative": true
    },
    {
        "date": "2020-09-11T15:33:00Z",
        "value": "463218.46924209595",
        "cumulative": true
    },
    {
        "date": "2020-09-11T15:33:11Z",
        "value": "463890.15595436096",
        "cumulative": true
    },
    {
        "date": "2020-09-11T15:33:28Z",
        "value": "464979.43224716187",
        "cumulative": true
    },
    {
        "date": "2020-09-11T15:33:44Z",
        "value": "466068.89550209045",
        "cumulative": true
    },
    {
        "date": "2020-09-11T15:33:57Z",
        "value": "466947.8845157623",
        "cumulative": true
    },
    {
        "date": "2020-09-11T15:34:07Z",
        "value": "467661.01497650146",
        "cumulative": true
    },
    {
        "date": "2020-09-11T15:34:24Z",
        "value": "468753.78702545166",
        "cumulative": true
    },
    {
        "date": "2020-09-11T15:34:42Z",
        "value": "470004.9309749603",
        "cumulative": true
    },
    {
        "date": "2020-09-11T15:35:00Z",
        "value": "471290.3165950775",
        "cumulative": true
    },
    {
        "date": "2020-09-11T15:35:18Z",
        "value": "472405.86797714233",
        "cumulative": true
    },
    {
        "date": "2020-09-11T15:35:35Z",
        "value": "473666.24274253845",
        "cumulative": true
    },
    {
        "date": "2020-09-11T15:35:51Z",
        "value": "474691.9775085449",
        "cumulative": true
    },
    {
        "date": "2020-09-11T15:36:03Z",
        "value": "475621.64676856995",
        "cumulative": true
    },
    {
        "date": "2020-09-11T15:36:14Z",
        "value": "476344.03241539",
        "cumulative": true
    },
    {
        "date": "2020-09-11T15:36:28Z",
        "value": "477177.1495876312",
        "cumulative": true
    },
    {
        "date": "2020-09-11T15:36:48Z",
        "value": "478519.7418861389",
        "cumulative": true
    },
    {
        "date": "2020-09-11T15:37:00Z",
        "value": "479423.82689094543",
        "cumulative": true
    },
    {
        "date": "2020-09-11T15:37:11Z",
        "value": "480138.3612232208",
        "cumulative": true
    },
    {
        "date": "2020-09-11T15:37:27Z",
        "value": "481220.25337028503",
        "cumulative": true
    },
    {
        "date": "2020-09-11T15:37:39Z",
        "value": "482106.5592536926",
        "cumulative": true
    },
    {
        "date": "2020-09-11T15:37:56Z",
        "value": "483196.0524673462",
        "cumulative": true
    },
    {
        "date": "2020-09-11T15:38:11Z",
        "value": "484197.142868042",
        "cumulative": true
    },
    {
        "date": "2020-09-11T15:38:25Z",
        "value": "485143.4876651764",
        "cumulative": true
    },
    {
        "date": "2020-09-11T15:38:41Z",
        "value": "486213.45105171204",
        "cumulative": true
    },
    {
        "date": "2020-09-11T15:38:55Z",
        "value": "487166.74042129517",
        "cumulative": true
    }
]