[
    {
        "date": "2020-09-11T14:32:36Z",
        "value": "4.00543212890625e-05",
        "cumulative": true
    },
    {
        "date": "2020-09-11T14:32:51Z",
        "value": "1.8918113708496094",
        "cumulative": true
    },
    {
        "date": "2020-09-11T14:33:10Z",
        "value": "65.16224098205566",
        "cumulative": true
    },
    {
        "date": "2020-09-11T14:33:22Z",
        "value": "351.52800464630127",
        "cumulative": true
    },
    {
        "date": "2020-09-11T14:33:37Z",
        "value": "1757.4346618652344",
        "cumulative": true
    },
    {
        "date": "2020-09-11T14:33:57Z",
        "value": "3695.444375038147",
        "cumulative": true
    },
    {
        "date": "2020-09-11T14:34:11Z",
        "value": "5491.88129901886",
        "cumulative": true
    },
    {
        "date": "2020-09-11T14:34:24Z",
        "value": "6978.3330545425415",
        "cumulative": true
    },
    {
        "date": "2020-09-11T14:34:36Z",
        "value": "8453.98945903778",
        "cumulative": true
    },
    {
        "date": "2020-09-11T14:34:47Z",
        "value": "9427.908233642578",
        "cumulative": true
    },
    {
        "date": "2020-09-11T14:34:59Z",
        "value": "11305.266163825989",
        "cumulative": true
    },
    {
        "date": "2020-09-11T14:35:11Z",
        "value": "12770.497372627258",
        "cumulative": true
    },
    {
        "date": "2020-09-11T14:35:30Z",
        "value": "14707.614015579224",
        "cumulative": true
    },
    {
        "date": "2020-09-11T14:35:42Z",
        "value": "17329.888699531555",
        "cumulative": true
    },
    {
        "date": "2020-09-11T14:35:57Z",
        "value": "18329.54507637024",
        "cumulative": true
    },
    {
        "date": "2020-09-11T14:36:11Z",
        "value": "20519.6185131073",
        "cumulative": true
    },
    {
        "date": "2020-09-11T14:36:24Z",
        "value": "22477.901970863342",
        "cumulative": true
    },
    {
        "date": "2020-09-11T14:36:37Z",
        "value": "23377.62693119049",
        "cumulative": true
    },
    {
        "date": "2020-09-11T14:36:57Z",
        "value": "27283.173671722412",
        "cumulative": true
    },
    {
        "date": "2020-09-11T14:37:12Z",
        "value": "28604.855689048767",
        "cumulative": true
    },
    {
        "date": "2020-09-11T14:37:31Z",
        "value": "30282.883699417114",
        "cumulative": true
    },
    {
        "date": "2020-09-11T14:37:42Z",
        "value": "32862.646463394165",
        "cumulative": true
    },
    {
        "date": "2020-09-11T14:37:59Z",
        "value": "35426.26691246033",
        "cumulative": true
    },
    {
        "date": "2020-09-11T14:38:10Z",
        "value": "36211.57351875305",
        "cumulative": true
    },
    {
        "date": "2020-09-11T14:38:27Z",
        "value": "37377.925287246704",
        "cumulative": true
    },
    {
        "date": "2020-09-11T14:38:43Z",
        "value": "40276.87908744812",
        "cumulative": true
    },
    {
        "date": "2020-09-11T14:38:53Z",
        "value": "42484.15735435486",
        "cumulative": true
    },
    {
        "date": "2020-09-11T14:39:11Z",
        "value": "44839.24722671509",
        "cumulative": true
    },
    {
        "date": "2020-09-11T14:39:21Z",
        "value": "45521.36985588074",
        "cumulative": true
    },
    {
        "date": "2020-09-11T14:39:33Z",
        "value": "46306.79163360596",
        "cumulative": true
    },
    {
        "date": "2020-09-11T14:39:49Z",
        "value": "47382.21214103699",
        "cumulative": true
    },
    {
        "date": "2020-09-11T14:40:05Z",
        "value": "51009.874957084656",
        "cumulative": true
    },
    {
        "date": "2020-09-11T14:40:23Z",
        "value": "54875.2992811203",
        "cumulative": true
    },
    {
        "date": "2020-09-11T14:40:36Z",
        "value": "56273.47622966766",
        "cumulative": true
    },
    {
        "date": "2020-09-11T14:40:54Z",
        "value": "57460.37902545929",
        "cumulative": true
    },
    {
        "date": "2020-09-11T14:41:06Z",
        "value": "58316.57750034332",
        "cumulative": true
    },
    {
        "date": "2020-09-11T14:41:25Z",
        "value": "59547.34348201752",
        "cumulative": true
    },
    {
        "date": "2020-09-11T14:41:40Z",
        "value": "62003.867404937744",
        "cumulative": true
    },
    {
        "date": "2020-09-11T14:41:54Z",
        "value": "64825.40850639343",
        "cumulative": true
    },
    {
        "date": "2020-09-11T14:42:09Z",
        "value": "67782.51977539062",
        "cumulative": true
    },
    {
        "date": "2020-09-11T14:42:23Z",
        "value": "70496.72470760345",
        "cumulative": true
    },
    {
        "date": "2020-09-11T14:42:42Z",
        "value": "71749.28837490082",
        "cumulative": true
    },
    {
        "date": "2020-09-11T14:42:58Z",
        "value": "72802.23959064484",
        "cumulative": true
    },
    {
        "date": "2020-09-11T14:43:17Z",
        "value": "74120.16469097137",
        "cumulative": true
    },
    {
        "date": "2020-09-11T14:43:33Z",
        "value": "75198.38573551178",
        "cumulative": true
    },
    {
        "date": "2020-09-11T14:43:53Z",
        "value": "78676.17761611938",
        "cumulative": true
    },
    {
        "date": "2020-09-11T14:44:11Z",
        "value": "82616.6944694519",
        "cumulative": true
    },
    {
        "date": "2020-09-11T14:44:29Z",
        "value": "86468.403881073",
        "cumulative": true
    },
    {
        "date": "2020-09-11T14:44:47Z",
        "value": "89247.85674476624",
        "cumulative": true
    },
    {
        "date": "2020-09-11T14:45:06Z",
        "value": "90452.60351371765",
        "cumulative": true
    },
    {
        "date": "2020-09-11T14:45:22Z",
        "value": "91537.560338974",
        "cumulative": true
    },
    {
        "date": "2020-09-11T14:45:42Z",
        "value": "92798.01368141174",
        "cumulative": true
    },
    {
        "date": "2020-09-11T14:46:01Z",
        "value": "94032.24675750732",
        "cumulative": true
    },
    {
        "date": "2020-09-11T14:46:15Z",
        "value": "94982.8521232605",
        "cumulative": true
    },
    {
        "date": "2020-09-11T14:46:27Z",
        "value": "96598.35865688324",
        "cumulative": true
    },
    {
        "date": "2020-09-11T14:46:37Z",
        "value": "98604.17139720917",
        "cumulative": true
    },
    {
        "date": "2020-09-11T14:46:47Z",
        "value": "100781.5769071579",
        "cumulative": true
    },
    {
        "date": "2020-09-11T14:47:04Z",
        "value": "104249.9021062851",
        "cumulative": true
    },
    {
        "date": "2020-09-11T14:47:15Z",
        "value": "106682.95081233978",
        "cumulative": true
    },
    {
        "date": "2020-09-11T14:47:30Z",
        "value": "109998.97228717804",
        "cumulative": true
    },
    {
        "date": "2020-09-11T14:47:45Z",
        "value": "112459.95697212219",
        "cumulative": true
    },
    {
        "date": "2020-09-11T14:47:58Z",
        "value": "113341.14466667175",
        "cumulative": true
    },
    {
        "date": "2020-09-11T14:48:16Z",
        "value": "114517.60608482361",
        "cumulative": true
    },
    {
        "date": "2020-09-11T14:48:33Z",
        "value": "115672.84413337708",
        "cumulative": true
    },
    {
        "date": "2020-09-11T14:48:50Z",
        "value": "116754.70534133911",
        "cumulative": true
    },
    {
        "date": "2020-09-11T14:49:02Z",
        "value": "117501.06350517273",
        "cumulative": true
    },
    {
        "date": "2020-09-11T14:49:15Z",
        "value": "118332.4820766449",
        "cumulative": true
    },
    {
        "date": "2020-09-11T14:49:33Z",
        "value": "119535.57774162292",
        "cumulative": true
    },
    {
        "date": "2020-09-11T14:49:46Z",
        "value": "120413.5322303772",
        "cumulative": true
    },
    {
        "date": "2020-09-11T14:50:04Z",
        "value": "124316.75730609894",
        "cumulative": true
    },
    {
        "date": "2020-09-11T14:50:15Z",
        "value": "126441.02896785736",
        "cumulative": true
    },
    {
        "date": "2020-09-11T14:50:27Z",
        "value": "128974.54148769379",
        "cumulative": true
    },
    {
        "date": "2020-09-11T14:50:40Z",
        "value": "131512.09255695343",
        "cumulative": true
    },
    {
        "date": "2020-09-11T14:50:55Z",
        "value": "134563.56960582733",
        "cumulative": true
    },
    {
        "date": "2020-09-11T14:51:11Z",
        "value": "138077.613158226",
        "cumulative": true
    },
    {
        "date": "2020-09-11T14:51:22Z",
        "value": "140367.6361913681",
        "cumulative": true
    },
    {
        "date": "2020-09-11T14:51:39Z",
        "value": "142350.9520587921",
        "cumulative": true
    },
    {
        "date": "2020-09-11T14:51:55Z",
        "value": "143370.8521900177",
        "cumulative": true
    },
    {
        "date": "2020-09-11T14:52:14Z",
        "value": "144565.43323898315",
        "cumulative": true
    },
    {
        "date": "2020-09-11T14:52:30Z",
        "value": "145691.55106544495",
        "cumulative": true
    },
    {
        "date": "2020-09-11T14:52:47Z",
        "value": "146732.67876434326",
        "cumulative": true
    },
    {
        "date": "2020-09-11T14:53:03Z",
        "value": "147870.1965122223",
        "cumulative": true
    },
    {
        "date": "2020-09-11T14:53:23Z",
        "value": "149142.63555908203",
        "cumulative": true
    },
    {
        "date": "2020-09-11T14:53:37Z",
        "value": "150080.56860923767",
        "cumulative": true
    },
    {
        "date": "2020-09-11T14:53:49Z",
        "value": "150824.0948791504",
        "cumulative": true
    },
    {
        "date": "2020-09-11T14:54:03Z",
        "value": "151765.08015823364",
        "cumulative": true
    },
    {
        "date": "2020-09-11T14:54:18Z",
        "value": "153849.6754770279",
        "cumulative": true
    },
    {
        "date": "2020-09-11T14:54:34Z",
        "value": "157631.3351240158",
        "cumulative": true
    },
    {
        "date": "2020-09-11T14:54:53Z",
        "value": "161607.50456142426",
        "cumulative": true
    },
    {
        "date": "2020-09-11T14:55:09Z",
        "value": "165014.88323879242",
        "cumulative": true
    },
    {
        "date": "2020-09-11T14:55:23Z",
        "value": "168125.92862033844",
        "cumulative": true
    },
    {
        "date": "2020-09-11T14:55:37Z",
        "value": "170987.16935443878",
        "cumulative": true
    },
    {
        "date": "2020-09-11T14:55:51Z",
        "value": "174110.3199148178",
        "cumulative": true
    },
    {
        "date": "2020-09-11T14:56:07Z",
        "value": "177269.40381908417",
        "cumulative": true
    },
    {
        "date": "2020-09-11T14:56:22Z",
        "value": "179455.7244567871",
        "cumulative": true
    },
    {
        "date": "2020-09-11T14:56:35Z",
        "value": "180288.69061279297",
        "cumulative": true
    },
    {
        "date": "2020-09-11T14:56:48Z",
        "value": "181112.63434028625",
        "cumulative": true
    },
    {
        "date": "2020-09-11T14:57:06Z",
        "value": "182370.61688804626",
        "cumulative": true
    },
    {
        "date": "2020-09-11T14:57:19Z",
        "value": "183165.84218406677",
        "cumulative": true
    },
    {
        "date": "2020-09-11T14:57:31Z",
        "value": "183962.52162742615",
        "cumulative": true
    },
    {
        "date": "2020-09-11T14:57:48Z",
        "value": "185046.8862476349",
        "cumulative": true
    },
    {
        "date": "2020-09-11T14:57:59Z",
        "value": "185756.52130317688",
        "cumulative": true
    },
    {
        "date": "2020-09-11T14:58:15Z",
        "value": "186883.9193534851",
        "cumulative": true
    },
    {
        "date": "2020-09-11T14:58:33Z",
        "value": "187998.63692855835",
        "cumulative": true
    },
    {
        "date": "2020-09-11T14:58:48Z",
        "value": "189040.09994888306",
        "cumulative": true
    },
    {
        "date": "2020-09-11T14:59:08Z",
        "value": "190371.5090827942",
        "cumulative": true
    },
    {
        "date": "2020-09-11T14:59:24Z",
        "value": "191457.69380760193",
        "cumulative": true
    },
    {
        "date": "2020-09-11T14:59:38Z",
        "value": "192860.7199010849",
        "cumulative": true
    },
    {
        "date": "2020-09-11T14:59:54Z",
        "value": "196355.04962444305",
        "cumulative": true
    },
    {
        "date": "2020-09-11T15:00:08Z",
        "value": "199458.82806491852",
        "cumulative": true
    },
    {
        "date": "2020-09-11T15:00:25Z",
        "value": "203115.75545024872",
        "cumulative": true
    },
    {
        "date": "2020-09-11T15:00:37Z",
        "value": "205774.50067806244",
        "cumulative": true
    },
    {
        "date": "2020-09-11T15:00:56Z",
        "value": "210025.3714094162",
        "cumulative": true
    },
    {
        "date": "2020-09-11T15:01:13Z",
        "value": "213867.09869289398",
        "cumulative": true
    },
    {
        "date": "2020-09-11T15:01:32Z",
        "value": "218074.06968593597",
        "cumulative": true
    },
    {
        "date": "2020-09-11T15:01:50Z",
        "value": "221979.27965641022",
        "cumulative": true
    },
    {
        "date": "2020-09-11T15:02:01Z",
        "value": "224353.58398914337",
        "cumulative": true
    },
    {
        "date": "2020-09-11T15:02:17Z",
        "value": "226560.79389572144",
        "cumulative": true
    },
    {
        "date": "2020-09-11T15:02:32Z",
        "value": "227599.84469223022",
        "cumulative": true
    },
    {
        "date": "2020-09-11T15:02:52Z",
        "value": "228925.23279953003",
        "cumulative": true
    },
    {
        "date": "2020-09-11T15:03:09Z",
        "value": "230064.4791946411",
        "cumulative": true
    },
    {
        "date": "2020-09-11T15:03:23Z",
        "value": "230927.01634788513",
        "cumulative": true
    },
    {
        "date": "2020-09-11T15:03:41Z",
        "value": "232235.67833518982",
        "cumulative": true
    },
    {
        "date": "2020-09-11T15:03:54Z",
        "value": "233074.7574443817",
        "cumulative": true
    },
    {
        "date": "2020-09-11T15:04:05Z",
        "value": "233768.6407661438",
        "cumulative": true
    },
    {
        "date": "2020-09-11T15:04:24Z",
        "value": "235083.60843467712",
        "cumulative": true
    },
    {
        "date": "2020-09-11T15:04:37Z",
        "value": "235837.01499176025",
        "cumulative": true
    },
    {
        "date": "2020-09-11T15:04:49Z",
        "value": "236614.424243927",
        "cumulative": true
    },
    {
        "date": "2020-09-11T15:05:02Z",
        "value": "237480.0032081604",
        "cumulative": true
    },
    {
        "date": "2020-09-11T15:05:16Z",
        "value": "238428.20128440857",
        "cumulative": true
    },
    {
        "date": "2020-09-11T15:05:34Z",
        "value": "239610.23804855347",
        "cumulative": true
    },
    {
        "date": "2020-09-11T15:05:52Z",
        "value": "240799.2088985443",
        "cumulative": true
    },
    {
        "date": "2020-09-11T15:06:09Z",
        "value": "241864.40671730042",
        "cumulative": true
    },
    {
        "date": "2020-09-11T15:06:24Z",
        "value": "243175.55990314484",
        "cumulative": true
    },
    {
        "date": "2020-09-11T15:06:39Z",
        "value": "246628.61711025238",
        "cumulative": true
    },
    {
        "date": "2020-09-11T15:06:55Z",
        "value": "250271.51987361908",
        "cumulative": true
    },
    {
        "date": "2020-09-11T15:07:05Z",
        "value": "252606.53808498383",
        "cumulative": true
    },
    {
        "date": "2020-09-11T15:07:17Z",
        "value": "254924.2124300003",
        "cumulative": true
    },
    {
        "date": "2020-09-11T15:07:36Z",
        "value": "259013.58076000214",
        "cumulative": true
    },
    {
        "date": "2020-09-11T15:07:50Z",
        "value": "262159.44199085236",
        "cumulative": true
    },
    {
        "date": "2020-09-11T15:08:07Z",
        "value": "266090.65468120575",
        "cumulative": true
    },
    {
        "date": "2020-09-11T15:08:21Z",
        "value": "269116.3358488083",
        "cumulative": true
    },
    {
        "date": "2020-09-11T15:08:40Z",
        "value": "273082.6449403763",
        "cumulative": true
    },
    {
        "date": "2020-09-11T15:08:56Z",
        "value": "276412.9870042801",
        "cumulative": true
    },
    {
        "date": "2020-09-11T15:09:12Z",
        "value": "279971.34842967987",
        "cumulative": true
    },
    {
        "date": "2020-09-11T15:09:27Z",
        "value": "283353.692738533",
        "cumulative": true
    },
    {
        "date": "2020-09-11T15:09:39Z",
        "value": "285566.1791648865",
        "cumulative": true
    },
    {
        "date": "2020-09-11T15:09:56Z",
        "value": "286789.04333496094",
        "cumulative": true
    },
    {
        "date": "2020-09-11T15:10:07Z",
        "value": "287590.69384384155",
        "cumulative": true
    },
    {
        "date": "2020-09-11T15:10:18Z",
        "value": "288314.4932613373",
        "cumulative": true
    },
    {
        "date": "2020-09-11T15:10:29Z",
        "value": "289065.62177467346",
        "cumulative": true
    },
    {
        "date": "2020-09-11T15:10:43Z",
        "value": "289965.08941459656",
        "cumulative": true
    },
    {
        "date": "2020-09-11T15:11:02Z",
        "value": "291239.85958480835",
        "cumulative": true
    },
    {
        "date": "2020-09-11T15:11:15Z",
        "value": "292146.5510559082",
        "cumulative": true
    },
    {
        "date": "2020-09-11T15:11:34Z",
        "value": "293508.151052475",
        "cumulative": true
    },
    {
        "date": "2020-09-11T15:11:46Z",
        "value": "294216.9717063904",
        "cumulative": true
    },
    {
        "date": "2020-09-11T15:12:05Z",
        "value": "295619.9592342377",
        "cumulative": true
    },
    {
        "date": "2020-09-11T15:12:24Z",
        "value": "296891.16624069214",
        "cumulative": true
    },
    {
        "date": "2020-09-11T15:12:38Z",
        "value": "297778.3529815674",
        "cumulative": true
    },
    {
        "date": "2020-09-11T15:12:52Z",
        "value": "298685.0525074005",
        "cumulative": true
    },
    {
        "date": "2020-09-11T15:13:06Z",
        "value": "299662.8243923187",
        "cumulative": true
    },
    {
        "date": "2020-09-11T15:13:19Z",
        "value": "300535.7898044586",
        "cumulative": true
    },
    {
        "date": "2020-09-11T15:13:31Z",
        "value": "301352.3739051819",
        "cumulative": true
    },
    {
        "date": "2020-09-11T15:13:51Z",
        "value": "302649.43231010437",
        "cumulative": true
    },
    {
        "date": "2020-09-11T15:14:08Z",
        "value": "303874.05910873413",
        "cumulative": true
    },
    {
        "date": "2020-09-11T15:14:19Z",
        "value": "304527.60456848145",
        "cumulative": true
    },
    {
        "date": "2020-09-11T15:14:35Z",
        "value": "305638.02792549133",
        "cumulative": true
    },
    {
        "date": "2020-09-11T15:14:53Z",
        "value": "307359.82566547394",
        "cumulative": true
    },
    {
        "date": "2020-09-11T15:15:08Z",
        "value": "310671.1148195267",
        "cumulative": true
    },
    {
        "date": "2020-09-11T15:15:25Z",
        "value": "314443.16644763947",
        "cumulative": true
    },
    {
        "date": "2020-09-11T15:15:36Z",
        "value": "316856.47416591644",
        "cumulative": true
    },
    {
        "date": "2020-09-11T15:15:53Z",
        "value": "320629.5978860855",
        "cumulative": true
    },
    {
        "date": "2020-09-11T15:16:09Z",
        "value": "323875.056933403",
        "cumulative": true
    },
    {
        "date": "2020-09-11T15:16:27Z",
        "value": "328190.2212076187",
        "cumulative": true
    },
    {
        "date": "2020-09-11T15:16:42Z",
        "value": "331428.2656240463",
        "cumulative": true
    },
    {
        "date": "2020-09-11T15:17:01Z",
        "value": "335747.26175022125",
        "cumulative": true
    },
    {
        "date": "2020-09-11T15:17:15Z",
        "value": "338767.2433004379",
        "cumulative": true
    },
    {
        "date": "2020-09-11T15:17:30Z",
        "value": "342044.5725469589",
        "cumulative": true
    },
    {
        "date": "2020-09-11T15:17:43Z",
        "value": "344792.0266523361",
        "cumulative": true
    },
    {
        "date": "2020-09-11T15:17:53Z",
        "value": "346787.3222646713",
        "cumulative": true
    },
    {
        "date": "2020-09-11T15:18:04Z",
        "value": "349236.16304683685",
        "cumulative": true
    },
    {
        "date": "2020-09-11T15:18:20Z",
        "value": "353004.15935993195",
        "cumulative": true
    },
    {
        "date": "2020-09-11T15:18:38Z",
        "value": "356929.4913778305",
        "cumulative": true
    },
    {
        "date": "2020-09-11T15:18:49Z",
        "value": "359235.8033647537",
        "cumulative": true
    },
    {
        "date": "2020-09-11T15:19:06Z",
        "value": "361310.0283470154",
        "cumulative": true
    },
    {
        "date": "2020-09-11T15:19:16Z",
        "value": "361971.82742881775",
        "cumulative": true
    },
    {
        "date": "2020-09-11T15:19:30Z",
        "value": "362965.8472080231",
        "cumulative": true
    },
    {
        "date": "2020-09-11T15:19:44Z",
        "value": "363830.2989463806",
        "cumulative": true
    },
    {
        "date": "2020-09-11T15:19:59Z",
        "value": "364881.3575115204",
        "cumulative": true
    },
    {
        "date": "2020-09-11T15:20:14Z",
        "value": "365841.1963672638",
        "cumulative": true
    },
    {
        "date": "2020-09-11T15:20:28Z",
        "value": "366778.75043296814",
        "cumulative": true
    },
    {
        "date": "2020-09-11T15:20:46Z",
        "value": "368043.56689453125",
        "cumulative": true
    },
    {
        "date": "2020-09-11T15:21:04Z",
        "value": "369232.7502555847",
        "cumulative": true
    },
    {
        "date": "2020-09-11T15:21:22Z",
        "value": "370492.08034324646",
        "cumulative": true
    },
    {
        "date": "2020-09-11T15:21:35Z",
        "value": "371344.4745616913",
        "cumulative": true
    },
    {
        "date": "2020-09-11T15:21:45Z",
        "value": "372049.61783599854",
        "cumulative": true
    },
    {
        "date": "2020-09-11T15:21:58Z",
        "value": "372851.9184112549",
        "cumulative": true
    },
    {
        "date": "2020-09-11T15:22:14Z",
        "value": "373924.18260002136",
        "cumulative": true
    },
    {
        "date": "2020-09-11T15:22:32Z",
        "value": "375146.0627002716",
        "cumulative": true
    },
    {
        "date": "2020-09-11T15:22:44Z",
        "value": "375921.26037216187",
        "cumulative": true
    },
    {
        "date": "2020-09-11T15:23:04Z",
        "value": "377244.85059547424",
        "cumulative": true
    },
    {
        "date": "2020-09-11T15:23:14Z",
        "value": "377953.8757343292",
        "cumulative": true
    },
    {
        "date": "2020-09-11T15:23:29Z",
        "value": "378874.3982143402",
        "cumulative": true
    },
    {
        "date": "2020-09-11T15:23:48Z",
        "value": "380158.00929641724",
        "cumulative": true
    },
    {
        "date": "2020-09-11T15:24:01Z",
        "value": "381134.92809677124",
        "cumulative": true
    },
    {
        "date": "2020-09-11T15:24:16Z",
        "value": "382041.4730453491",
        "cumulative": true
    },
    {
        "date": "2020-09-11T15:24:30Z",
        "value": "383005.1601085663",
        "cumulative": true
    },
    {
        "date": "2020-09-11T15:24:49Z",
        "value": "384336.8926296234",
        "cumulative": true
    },
    {
        "date": "2020-09-11T15:25:09Z",
        "value": "385672.73109054565",
        "cumulative": true
    },
    {
        "date": "2020-09-11T15:25:28Z",
        "value": "386842.08477020264",
        "cumulative": true
    },
    {
        "date": "2020-09-11T15:25:47Z",
        "value": "390250.7860689163",
        "cumulative": true
    },
    {
        "date": "2020-09-11T15:25:59Z",
        "value": "393000.56379413605",
        "cumulative": true
    },
    {
        "date": "2020-09-11T15:26:10Z",
        "value": "395434.81549167633",
        "cumulative": true
    },
    {
        "date": "2020-09-11T15:26:21Z",
        "value": "398076.623957634",
        "cumulative": true
    },
    {
        "date": "2020-09-11T15:26:39Z",
        "value": "402003.246594429",
        "cumulative": true
    },
    {
        "date": "2020-09-11T15:26:59Z",
        "value": "406221.26564502716",
        "cumulative": true
    },
    {
        "date": "2020-09-11T15:27:18Z",
        "value": "410411.77591228485",
        "cumulative": true
    },
    {
        "date": "2020-09-11T15:27:37Z",
        "value": "414486.4239702225",
        "cumulative": true
    },
    {
        "date": "2020-09-11T15:27:53Z",
        "value": "417712.8921403885",
        "cumulative": true
    },
    {
        "date": "2020-09-11T15:28:07Z",
        "value": "420688.364323616",
        "cumulative": true
    },
    {
        "date": "2020-09-11T15:28:24Z",
        "value": "424712.3041315079",
        "cumulative": true
    },
    {
        "date": "2020-09-11T15:28:36Z",
        "value": "427203.7831583023",
        "cumulative": true
    },
    {
        "date": "2020-09-11T15:28:55Z",
        "value": "431516.4287996292",
        "cumulative": true
    },
    {
        "date": "2020-09-11T15:29:06Z",
        "value": "433872.51627635956",
        "cumulative": true
    },
    {
        "date": "2020-09-11T15:29:18Z",
        "value": "436419.43313694",
        "cumulative": true
    },
    {
        "date": "2020-09-11T15:29:38Z",
        "value": "440995.19884204865",
        "cumulative": true
    },
    {
        "date": "2020-09-11T15:29:56Z",
        "value": "444677.297829628",
        "cumulative": true
    },
    {
        "date": "2020-09-11T15:30:08Z",
        "value": "447391.39520549774",
        "cumulative": true
    },
    {
        "date": "2020-09-11T15:30:26Z",
        "value": "451292.04111766815",
        "cumulative": true
    },
    {
        "date": "2020-09-11T15:30:43Z",
        "value": "455383.6289396286",
        "cumulative": true
    },
    {
        "date": "2020-09-11T15:30:54Z",
        "value": "456061.5258398056",
        "cumulative": true
    },
    {
        "date": "2020-09-11T15:31:13Z",
        "value": "457407.96367549896",
        "cumulative": true
    },
    {
        "date": "2020-09-11T15:31:31Z",
        "value": "458550.74429416656",
        "cumulative": true
    },
    {
        "date": "2020-09-11T15:31:47Z",
        "value": "459772.24349689484",
        "cumulative": true
    },
    {
        "date": "2020-09-11T15:31:59Z",
        "value": "460522.3483495712",
        "cumulative": true
    },
    {
        "date": "2020-09-11T15:32:17Z",
        "value": "461797.9957265854",
        "cumulative": true
    },
    {
        "date": "2020-09-11T15:32:30Z",
        "value": "462596.7710752487",
        "cumulative": true
    },
    {
        "date": "2020-09-11T15:32:42Z",
        "value": "463487.3185491562",
        "cumulative": true
    },
    {
        "date": "2020-09-11T15:33:02Z",
        "value": "464842.3014307022",
        "cumulative": true
    },
    {
        "date": "2020-09-11T15:33:18Z",
        "value": "465898.23098278046",
        "cumulative": true
    },
    {
        "date": "2020-09-11T15:33:31Z",
        "value": "466858.6801252365",
        "cumulative": true
    },
    {
        "date": "2020-09-11T15:33:46Z",
        "value": "467871.1112546921",
        "cumulative": true
    },
    {
        "date": "2020-09-11T15:34:02Z",
        "value": "468891.0636816025",
        "cumulative": true
    },
    {
        "date": "2020-09-11T15:34:20Z",
        "value": "470233.05159282684",
        "cumulative": true
    },
    {
        "date": "2020-09-11T15:34:39Z",
        "value": "471396.2253770828",
        "cumulative": true
    },
    {
        "date": "2020-09-11T15:34:51Z",
        "value": "472252.26791095734",
        "cumulative": true
    },
    {
        "date": "2020-09-11T15:35:06Z",
        "value": "473300.9302301407",
        "cumulative": true
    },
    {
        "date": "2020-09-11T15:35:26Z",
        "value": "474633.3732061386",
        "cumulative": true
    },
    {
        "date": "2020-09-11T15:35:36Z",
        "value": "475362.2974367142",
        "cumulative": true
    },
    {
        "date": "2020-09-11T15:35:49Z",
        "value": "476292.09055042267",
        "cumulative": true
    },
    {
        "date": "2020-09-11T15:36:01Z",
        "value": "477043.96158504486",
        "cumulative": true
    },
    {
        "date": "2020-09-11T15:36:16Z",
        "value": "478033.52192020416",
        "cumulative": true
    },
    {
        "date": "2020-09-11T15:36:33Z",
        "value": "479143.7915754318",
        "cumulative": true
    },
    {
        "date": "2020-09-11T15:36:52Z",
        "value": "480511.35856723785",
        "cumulative": true
    },
    {
        "date": "2020-09-11T15:37:06Z",
        "value": "481486.5419435501",
        "cumulative": true
    },
    {
        "date": "2020-09-11T15:37:20Z",
        "value": "482464.68392658234",
        "cumulative": true
    },
    {
        "date": "2020-09-11T15:37:35Z",
        "value": "483451.5188589096",
        "cumulative": true
    },
    {
        "date": "2020-09-11T15:37:54Z",
        "value": "484739.3436307907",
        "cumulative": true
    },
    {
        "date": "2020-09-11T15:38:10Z",
        "value": "485821.6279325485",
        "cumulative": true
    },
    {
        "date": "2020-09-11T15:38:23Z",
        "value": "486755.285241127",
        "cumulative": true
    },
    {
        "date": "2020-09-11T15:38:34Z",
        "value": "487433.79416942596",
        "cumulative": true
    },
    {
        "date": "2020-09-11T15:38:46Z",
        "value": "488198.5231924057",
        "cumulative": true
    },
    {
        "date": "2020-09-11T15:39:02Z",
        "value": "489120.97986507416",
        "cumulative": true
    }
]