[
    {
        "date": "2020-09-11T14:32:37Z",
        "value": "0.0009593963623046875",
        "cumulative": true
    },
    {
        "date": "2020-09-11T14:32:59Z",
        "value": "19.977535247802734",
        "cumulative": true
    },
    {
        "date": "2020-09-11T14:33:15Z",
        "value": "117.1815071105957",
        "cumulative": true
    },
    {
        "date": "2020-09-11T14:33:34Z",
        "value": "1426.8864822387695",
        "cumulative": true
    },
    {
        "date": "2020-09-11T14:33:45Z",
        "value": "2599.9192876815796",
        "cumulative": true
    },
    {
        "date": "2020-09-11T14:34:01Z",
        "value": "4340.817271232605",
        "cumulative": true
    },
    {
        "date": "2020-09-11T14:34:21Z",
        "value": "6585.711277961731",
        "cumulative": true
    },
    {
        "date": "2020-09-11T14:34:40Z",
        "value": "8885.185989379883",
        "cumulative": true
    },
    {
        "date": "2020-09-11T14:34:55Z",
        "value": "11031.623015403748",
        "cumulative": true
    },
    {
        "date": "2020-09-11T14:35:13Z",
        "value": "13049.68311882019",
        "cumulative": true
    },
    {
        "date": "2020-09-11T14:35:23Z",
        "value": "14240.606928825378",
        "cumulative": true
    },
    {
        "date": "2020-09-11T14:35:36Z",
        "value": "15788.616605758667",
        "cumulative": true
    },
    {
        "date": "2020-09-11T14:35:49Z",
        "value": "17835.694323539734",
        "cumulative": true
    },
    {
        "date": "2020-09-11T14:36:00Z",
        "value": "18547.62517261505",
        "cumulative": true
    },
    {
        "date": "2020-09-11T14:36:15Z",
        "value": "21337.066411972046",
        "cumulative": true
    },
    {
        "date": "2020-09-11T14:36:29Z",
        "value": "22765.81511592865",
        "cumulative": true
    },
    {
        "date": "2020-09-11T14:36:49Z",
        "value": "25333.26644039154",
        "cumulative": true
    },
    {
        "date": "2020-09-11T14:37:01Z",
        "value": "27802.767006874084",
        "cumulative": true
    },
    {
        "date": "2020-09-11T14:37:16Z",
        "value": "28814.36221218109",
        "cumulative": true
    },
    {
        "date": "2020-09-11T14:37:35Z",
        "value": "31201.053066253662",
        "cumulative": true
    },
    {
        "date": "2020-09-11T14:37:49Z",
        "value": "34336.75603866577",
        "cumulative": true
    },
    {
        "date": "2020-09-11T14:38:02Z",
        "value": "35575.596261024475",
        "cumulative": true
    },
    {
        "date": "2020-09-11T14:38:14Z",
        "value": "36407.936203956604",
        "cumulative": true
    },
    {
        "date": "2020-09-11T14:38:26Z",
        "value": "37226.74630069733",
        "cumulative": true
    },
    {
        "date": "2020-09-11T14:38:44Z",
        "value": "40600.88344860077",
        "cumulative": true
    },
    {
        "date": "2020-09-11T14:38:58Z",
        "value": "43463.767592430115",
        "cumulative": true
    },
    {
        "date": "2020-09-11T14:39:16Z",
        "value": "45093.1949968338",
        "cumulative": true
    },
    {
        "date": "2020-09-11T14:39:29Z",
        "value": "45982.13453197479",
        "cumulative": true
    },
    {
        "date": "2020-09-11T14:39:41Z",
        "value": "46759.17517375946",
        "cumulative": true
    },
    {
        "date": "2020-09-11T14:39:58Z",
        "value": "49301.79926586151",
        "cumulative": true
    },
    {
        "date": "2020-09-11T14:40:14Z",
        "value": "52778.551239967346",
        "cumulative": true
    },
    {
        "date": "2020-09-11T14:40:34Z",
        "value": "55982.79657459259",
        "cumulative": true
    },
    {
        "date": "2020-09-11T14:40:47Z",
        "value": "56915.51708507538",
        "cumulative": true
    },
    {
        "date": "2020-09-11T14:40:58Z",
        "value": "57659.60059642792",
        "cumulative": true
    },
    {
        "date": "2020-09-11T14:41:12Z",
        "value": "58580.20656299591",
        "cumulative": true
    },
    {
        "date": "2020-09-11T14:41:30Z",
        "value": "59947.87807559967",
        "cumulative": true
    },
    {
        "date": "2020-09-11T14:41:45Z",
        "value": "62860.51753902435",
        "cumulative": true
    },
    {
        "date": "2020-09-11T14:42:03Z",
        "value": "66421.45942211151",
        "cumulative": true
    },
    {
        "date": "2020-09-11T14:42:21Z",
        "value": "70211.95489215851",
        "cumulative": true
    },
    {
        "date": "2020-09-11T14:42:39Z",
        "value": "71359.74932575226",
        "cumulative": true
    },
    {
        "date": "2020-09-11T14:42:53Z",
        "value": "72348.11612606049",
        "cumulative": true
    },
    {
        "date": "2020-09-11T14:43:06Z",
        "value": "73208.13154697418",
        "cumulative": true
    },
    {
        "date": "2020-09-11T14:43:23Z",
        "value": "74372.69225215912",
        "cumulative": true
    },
    {
        "date": "2020-09-11T14:43:37Z",
        "value": "75303.08962726593",
        "cumulative": true
    },
    {
        "date": "2020-09-11T14:43:53Z",
        "value": "78543.59222602844",
        "cumulative": true
    },
    {
        "date": "2020-09-11T14:44:05Z",
        "value": "81099.11245155334",
        "cumulative": true
    },
    {
        "date": "2020-09-11T14:44:18Z",
        "value": "83856.0203590393",
        "cumulative": true
    },
    {
        "date": "2020-09-11T14:44:31Z",
        "value": "86723.8092918396",
        "cumulative": true
    },
    {
        "date": "2020-09-11T14:44:45Z",
        "value": "88881.06760978699",
        "cumulative": true
    },
    {
        "date": "2020-09-11T14:44:58Z",
        "value": "89743.34937095642",
        "cumulative": true
    },
    {
        "date": "2020-09-11T14:45:11Z",
        "value": "90624.6207447052",
        "cumulative": true
    },
    {
        "date": "2020-09-11T14:45:30Z",
        "value": "91843.06719779968",
        "cumulative": true
    },
    {
        "date": "2020-09-11T14:45:46Z",
        "value": "92880.67795753479",
        "cumulative": true
    },
    {
        "date": "2020-09-11T14:45:58Z",
        "value": "93682.46668434143",
        "cumulative": true
    },
    {
        "date": "2020-09-11T14:46:14Z",
        "value": "94737.78009796143",
        "cumulative": true
    },
    {
        "date": "2020-09-11T14:46:26Z",
        "value": "96160.06716442108",
        "cumulative": true
    },
    {
        "date": "2020-09-11T14:46:41Z",
        "value": "99366.73648166656",
        "cumulative": true
    },
    {
        "date": "2020-09-11T14:46:53Z",
        "value": "101696.9281206131",
        "cumulative": true
    },
    {
        "date": "2020-09-11T14:47:08Z",
        "value": "104926.09479427338",
        "cumulative": true
    },
    {
        "date": "2020-09-11T14:47:26Z",
        "value": "108899.21177387238",
        "cumulative": true
    },
    {
        "date": "2020-09-11T14:47:45Z",
        "value": "112179.20573043823",
        "cumulative": true
    },
    {
        "date": "2020-09-11T14:48:01Z",
        "value": "113236.82495689392",
        "cumulative": true
    },
    {
        "date": "2020-09-11T14:48:16Z",
        "value": "114229.84544754028",
        "cumulative": true
    },
    {
        "date": "2020-09-11T14:48:28Z",
        "value": "114999.36583900452",
        "cumulative": true
    },
    {
        "date": "2020-09-11T14:48:45Z",
        "value": "116127.6584072113",
        "cumulative": true
    },
    {
        "date": "2020-09-11T14:49:00Z",
        "value": "117043.45697212219",
        "cumulative": true
    },
    {
        "date": "2020-09-11T14:49:16Z",
        "value": "118133.0811958313",
        "cumulative": true
    },
    {
        "date": "2020-09-11T14:49:29Z",
        "value": "118976.52001571655",
        "cumulative": true
    },
    {
        "date": "2020-09-11T14:49:39Z",
        "value": "119701.79454231262",
        "cumulative": true
    },
    {
        "date": "2020-09-11T14:49:59Z",
        "value": "122726.49806308746",
        "cumulative": true
    },
    {
        "date": "2020-09-11T14:50:13Z",
        "value": "125855.25474452972",
        "cumulative": true
    },
    {
        "date": "2020-09-11T14:50:31Z",
        "value": "129288.76595401764",
        "cumulative": true
    },
    {
        "date": "2020-09-11T14:50:44Z",
        "value": "131998.4745016098",
        "cumulative": true
    },
    {
        "date": "2020-09-11T14:51:00Z",
        "value": "135289.82058811188",
        "cumulative": true
    },
    {
        "date": "2020-09-11T14:51:15Z",
        "value": "138373.3183336258",
        "cumulative": true
    },
    {
        "date": "2020-09-11T14:51:33Z",
        "value": "141512.93474388123",
        "cumulative": true
    },
    {
        "date": "2020-09-11T14:51:49Z",
        "value": "142563.387840271",
        "cumulative": true
    },
    {
        "date": "2020-09-11T14:52:00Z",
        "value": "143306.2921409607",
        "cumulative": true
    },
    {
        "date": "2020-09-11T14:52:16Z",
        "value": "144336.28937339783",
        "cumulative": true
    },
    {
        "date": "2020-09-11T14:52:29Z",
        "value": "145176.19948005676",
        "cumulative": true
    },
    {
        "date": "2020-09-11T14:52:40Z",
        "value": "145913.8480949402",
        "cumulative": true
    },
    {
        "date": "2020-09-11T14:52:56Z",
        "value": "146951.75033950806",
        "cumulative": true
    },
    {
        "date": "2020-09-11T14:53:07Z",
        "value": "147667.37154006958",
        "cumulative": true
    },
    {
        "date": "2020-09-11T14:53:25Z",
        "value": "148876.04273414612",
        "cumulative": true
    },
    {
        "date": "2020-09-11T14:53:36Z",
        "value": "149607.19112205505",
        "cumulative": true
    },
    {
        "date": "2020-09-11T14:53:55Z",
        "value": "150815.1892261505",
        "cumulative": true
    },
    {
        "date": "2020-09-11T14:54:10Z",
        "value": "151761.24687099457",
        "cumulative": true
    },
    {
        "date": "2020-09-11T14:54:28Z",
        "value": "155759.34179973602",
        "cumulative": true
    },
    {
        "date": "2020-09-11T14:54:47Z",
        "value": "159865.17613887787",
        "cumulative": true
    },
    {
        "date": "2020-09-11T14:55:07Z",
        "value": "164059.39950466156",
        "cumulative": true
    },
    {
        "date": "2020-09-11T14:55:18Z",
        "value": "166665.50141620636",
        "cumulative": true
    },
    {
        "date": "2020-09-11T14:55:30Z",
        "value": "169063.56305789948",
        "cumulative": true
    },
    {
        "date": "2020-09-11T14:55:43Z",
        "value": "171994.12173366547",
        "cumulative": true
    },
    {
        "date": "2020-09-11T14:56:01Z",
        "value": "175659.31079769135",
        "cumulative": true
    },
    {
        "date": "2020-09-11T14:56:18Z",
        "value": "178646.24242973328",
        "cumulative": true
    },
    {
        "date": "2020-09-11T14:56:33Z",
        "value": "179602.60928726196",
        "cumulative": true
    },
    {
        "date": "2020-09-11T14:56:46Z",
        "value": "180503.53052330017",
        "cumulative": true
    },
    {
        "date": "2020-09-11T14:57:02Z",
        "value": "181482.54722213745",
        "cumulative": true
    },
    {
        "date": "2020-09-11T14:57:15Z",
        "value": "182356.40277671814",
        "cumulative": true
    },
    {
        "date": "2020-09-11T14:57:34Z",
        "value": "183607.71995544434",
        "cumulative": true
    },
    {
        "date": "2020-09-11T14:57:51Z",
        "value": "184741.93681144714",
        "cumulative": true
    },
    {
        "date": "2020-09-11T14:58:03Z",
        "value": "185550.5325679779",
        "cumulative": true
    },
    {
        "date": "2020-09-11T14:58:21Z",
        "value": "186729.49764823914",
        "cumulative": true
    },
    {
        "date": "2020-09-11T14:58:37Z",
        "value": "187728.78957176208",
        "cumulative": true
    },
    {
        "date": "2020-09-11T14:58:54Z",
        "value": "188889.54147148132",
        "cumulative": true
    },
    {
        "date": "2020-09-11T14:59:07Z",
        "value": "189779.2712097168",
        "cumulative": true
    },
    {
        "date": "2020-09-11T14:59:21Z",
        "value": "190702.925699234",
        "cumulative": true
    },
    {
        "date": "2020-09-11T14:59:32Z",
        "value": "191498.04259490967",
        "cumulative": true
    },
    {
        "date": "2020-09-11T14:59:51Z",
        "value": "194989.37379550934",
        "cumulative": true
    },
    {
        "date": "2020-09-11T15:00:08Z",
        "value": "199023.96331882477",
        "cumulative": true
    },
    {
        "date": "2020-09-11T15:00:25Z",
        "value": "202657.8549413681",
        "cumulative": true
    },
    {
        "date": "2020-09-11T15:00:44Z",
        "value": "206754.74160671234",
        "cumulative": true
    },
    {
        "date": "2020-09-11T15:01:00Z",
        "value": "210352.3192358017",
        "cumulative": true
    },
    {
        "date": "2020-09-11T15:01:13Z",
        "value": "213140.18868923187",
        "cumulative": true
    },
    {
        "date": "2020-09-11T15:01:33Z",
        "value": "217538.00681972504",
        "cumulative": true
    },
    {
        "date": "2020-09-11T15:01:52Z",
        "value": "221683.78044223785",
        "cumulative": true
    },
    {
        "date": "2020-09-11T15:02:10Z",
        "value": "225271.1483592987",
        "cumulative": true
    },
    {
        "date": "2020-09-11T15:02:22Z",
        "value": "226097.0999736786",
        "cumulative": true
    },
    {
        "date": "2020-09-11T15:02:41Z",
        "value": "227411.07721328735",
        "cumulative": true
    },
    {
        "date": "2020-09-11T15:02:56Z",
        "value": "228394.4583759308",
        "cumulative": true
    },
    {
        "date": "2020-09-11T15:03:08Z",
        "value": "229140.0514240265",
        "cumulative": true
    },
    {
        "date": "2020-09-11T15:03:24Z",
        "value": "230247.68326950073",
        "cumulative": true
    },
    {
        "date": "2020-09-11T15:03:40Z",
        "value": "231277.36835289001",
        "cumulative": true
    },
    {
        "date": "2020-09-11T15:03:59Z",
        "value": "232595.16082763672",
        "cumulative": true
    },
    {
        "date": "2020-09-11T15:04:10Z",
        "value": "233286.08331108093",
        "cumulative": true
    },
    {
        "date": "2020-09-11T15:04:30Z",
        "value": "234557.47992897034",
        "cumulative": true
    },
    {
        "date": "2020-09-11T15:04:41Z",
        "value": "235278.5749721527",
        "cumulative": true
    },
    {
        "date": "2020-09-11T15:05:01Z",
        "value": "236607.1337776184",
        "cumulative": true
    },
    {
        "date": "2020-09-11T15:05:16Z",
        "value": "237609.7961063385",
        "cumulative": true
    },
    {
        "date": "2020-09-11T15:05:33Z",
        "value": "238753.7579689026",
        "cumulative": true
    },
    {
        "date": "2020-09-11T15:05:45Z",
        "value": "239495.37698745728",
        "cumulative": true
    },
    {
        "date": "2020-09-11T15:06:04Z",
        "value": "240698.36347579956",
        "cumulative": true
    },
    {
        "date": "2020-09-11T15:06:23Z",
        "value": "242065.3878736496",
        "cumulative": true
    },
    {
        "date": "2020-09-11T15:06:34Z",
        "value": "244677.77051067352",
        "cumulative": true
    },
    {
        "date": "2020-09-11T15:06:45Z",
        "value": "247053.99182987213",
        "cumulative": true
    },
    {
        "date": "2020-09-11T15:06:56Z",
        "value": "249611.37699222565",
        "cumulative": true
    },
    {
        "date": "2020-09-11T15:07:08Z",
        "value": "252141.13788318634",
        "cumulative": true
    },
    {
        "date": "2020-09-11T15:07:19Z",
        "value": "254418.99157238007",
        "cumulative": true
    },
    {
        "date": "2020-09-11T15:07:30Z",
        "value": "256866.87247753143",
        "cumulative": true
    },
    {
        "date": "2020-09-11T15:07:44Z",
        "value": "260025.75557804108",
        "cumulative": true
    },
    {
        "date": "2020-09-11T15:07:57Z",
        "value": "262751.5056028366",
        "cumulative": true
    },
    {
        "date": "2020-09-11T15:08:14Z",
        "value": "266423.10739421844",
        "cumulative": true
    },
    {
        "date": "2020-09-11T15:08:32Z",
        "value": "270390.4035615921",
        "cumulative": true
    },
    {
        "date": "2020-09-11T15:08:48Z",
        "value": "273761.67280864716",
        "cumulative": true
    },
    {
        "date": "2020-09-11T15:09:05Z",
        "value": "277229.7355642319",
        "cumulative": true
    },
    {
        "date": "2020-09-11T15:09:18Z",
        "value": "280463.26460170746",
        "cumulative": true
    },
    {
        "date": "2020-09-11T15:09:31Z",
        "value": "283216.2307500839",
        "cumulative": true
    },
    {
        "date": "2020-09-11T15:09:47Z",
        "value": "285048.4984521866",
        "cumulative": true
    },
    {
        "date": "2020-09-11T15:10:03Z",
        "value": "286137.8492460251",
        "cumulative": true
    },
    {
        "date": "2020-09-11T15:10:13Z",
        "value": "286860.3911180496",
        "cumulative": true
    },
    {
        "date": "2020-09-11T15:10:30Z",
        "value": "288015.11379909515",
        "cumulative": true
    },
    {
        "date": "2020-09-11T15:10:45Z",
        "value": "289066.4275407791",
        "cumulative": true
    },
    {
        "date": "2020-09-11T15:10:59Z",
        "value": "289968.6777353287",
        "cumulative": true
    },
    {
        "date": "2020-09-11T15:11:11Z",
        "value": "290751.5696287155",
        "cumulative": true
    },
    {
        "date": "2020-09-11T15:11:25Z",
        "value": "291786.1618204117",
        "cumulative": true
    },
    {
        "date": "2020-09-11T15:11:39Z",
        "value": "292692.7336435318",
        "cumulative": true
    },
    {
        "date": "2020-09-11T15:11:53Z",
        "value": "293691.3717813492",
        "cumulative": true
    },
    {
        "date": "2020-09-11T15:12:08Z",
        "value": "294748.9388990402",
        "cumulative": true
    },
    {
        "date": "2020-09-11T15:12:19Z",
        "value": "295430.1434812546",
        "cumulative": true
    },
    {
        "date": "2020-09-11T15:12:36Z",
        "value": "296509.23022556305",
        "cumulative": true
    },
    {
        "date": "2020-09-11T15:12:50Z",
        "value": "297508.62652111053",
        "cumulative": true
    },
    {
        "date": "2020-09-11T15:13:10Z",
        "value": "298787.51823711395",
        "cumulative": true
    },
    {
        "date": "2020-09-11T15:13:27Z",
        "value": "300020.41655254364",
        "cumulative": true
    },
    {
        "date": "2020-09-11T15:13:47Z",
        "value": "301303.8726530075",
        "cumulative": true
    },
    {
        "date": "2020-09-11T15:13:58Z",
        "value": "302012.6183786392",
        "cumulative": true
    },
    {
        "date": "2020-09-11T15:14:13Z",
        "value": "303062.19713306427",
        "cumulative": true
    },
    {
        "date": "2020-09-11T15:14:27Z",
        "value": "304036.2641401291",
        "cumulative": true
    },
    {
        "date": "2020-09-11T15:14:40Z",
        "value": "304902.3372106552",
        "cumulative": true
    },
    {
        "date": "2020-09-11T15:14:59Z",
        "value": "307625.9717159271",
        "cumulative": true
    },
    {
        "date": "2020-09-11T15:15:19Z",
        "value": "311951.6029987335",
        "cumulative": true
    },
    {
        "date": "2020-09-11T15:15:33Z",
        "value": "314955.78336524963",
        "cumulative": true
    },
    {
        "date": "2020-09-11T15:15:46Z",
        "value": "317867.15164756775",
        "cumulative": true
    },
    {
        "date": "2020-09-11T15:16:05Z",
        "value": "321882.97940444946",
        "cumulative": true
    },
    {
        "date": "2020-09-11T15:16:20Z",
        "value": "325346.8390045166",
        "cumulative": true
    },
    {
        "date": "2020-09-11T15:16:38Z",
        "value": "329256.45669174194",
        "cumulative": true
    },
    {
        "date": "2020-09-11T15:16:50Z",
        "value": "331818.9252052307",
        "cumulative": true
    },
    {
        "date": "2020-09-11T15:17:09Z",
        "value": "336179.45771598816",
        "cumulative": true
    },
    {
        "date": "2020-09-11T15:17:23Z",
        "value": "339335.2310218811",
        "cumulative": true
    },
    {
        "date": "2020-09-11T15:17:43Z",
        "value": "343555.5784473419",
        "cumulative": true
    },
    {
        "date": "2020-09-11T15:17:53Z",
        "value": "345419.8180179596",
        "cumulative": true
    },
    {
        "date": "2020-09-11T15:18:05Z",
        "value": "348102.76470184326",
        "cumulative": true
    },
    {
        "date": "2020-09-11T15:18:23Z",
        "value": "352228.3852558136",
        "cumulative": true
    },
    {
        "date": "2020-09-11T15:18:37Z",
        "value": "355388.71632003784",
        "cumulative": true
    },
    {
        "date": "2020-09-11T15:18:48Z",
        "value": "357733.84993743896",
        "cumulative": true
    },
    {
        "date": "2020-09-11T15:19:01Z",
        "value": "359629.392619133",
        "cumulative": true
    },
    {
        "date": "2020-09-11T15:19:16Z",
        "value": "360552.59361743927",
        "cumulative": true
    },
    {
        "date": "2020-09-11T15:19:35Z",
        "value": "361856.6035890579",
        "cumulative": true
    },
    {
        "date": "2020-09-11T15:19:54Z",
        "value": "363180.1802415848",
        "cumulative": true
    },
    {
        "date": "2020-09-11T15:20:10Z",
        "value": "364229.8086194992",
        "cumulative": true
    },
    {
        "date": "2020-09-11T15:20:29Z",
        "value": "365395.7253713608",
        "cumulative": true
    },
    {
        "date": "2020-09-11T15:20:42Z",
        "value": "366382.1387395859",
        "cumulative": true
    },
    {
        "date": "2020-09-11T15:20:58Z",
        "value": "367446.7092180252",
        "cumulative": true
    },
    {
        "date": "2020-09-11T15:21:15Z",
        "value": "368554.5289926529",
        "cumulative": true
    },
    {
        "date": "2020-09-11T15:21:25Z",
        "value": "369312.8399114609",
        "cumulative": true
    },
    {
        "date": "2020-09-11T15:21:43Z",
        "value": "370469.27060222626",
        "cumulative": true
    },
    {
        "date": "2020-09-11T15:21:55Z",
        "value": "371266.10118579865",
        "cumulative": true
    },
    {
        "date": "2020-09-11T15:22:06Z",
        "value": "371981.05525302887",
        "cumulative": true
    },
    {
        "date": "2020-09-11T15:22:25Z",
        "value": "373283.02139759064",
        "cumulative": true
    },
    {
        "date": "2020-09-11T15:22:39Z",
        "value": "374198.5839109421",
        "cumulative": true
    },
    {
        "date": "2020-09-11T15:22:50Z",
        "value": "374914.75626659393",
        "cumulative": true
    },
    {
        "date": "2020-09-11T15:23:05Z",
        "value": "375970.0295858383",
        "cumulative": true
    },
    {
        "date": "2020-09-11T15:23:18Z",
        "value": "376783.41969394684",
        "cumulative": true
    },
    {
        "date": "2020-09-11T15:23:32Z",
        "value": "377661.9929037094",
        "cumulative": true
    },
    {
        "date": "2020-09-11T15:23:49Z",
        "value": "378914.3866472244",
        "cumulative": true
    },
    {
        "date": "2020-09-11T15:24:02Z",
        "value": "379713.3315973282",
        "cumulative": true
    },
    {
        "date": "2020-09-11T15:24:18Z",
        "value": "380799.91365909576",
        "cumulative": true
    },
    {
        "date": "2020-09-11T15:24:35Z",
        "value": "381873.5034723282",
        "cumulative": true
    },
    {
        "date": "2020-09-11T15:24:45Z",
        "value": "382645.235581398",
        "cumulative": true
    },
    {
        "date": "2020-09-11T15:25:03Z",
        "value": "383762.97083187103",
        "cumulative": true
    },
    {
        "date": "2020-09-11T15:25:17Z",
        "value": "384777.9345560074",
        "cumulative": true
    },
    {
        "date": "2020-09-11T15:25:34Z",
        "value": "385847.8947715759",
        "cumulative": true
    },
    {
        "date": "2020-09-11T15:25:52Z",
        "value": "390003.8745441437",
        "cumulative": true
    },
    {
        "date": "2020-09-11T15:26:06Z",
        "value": "393302.0557899475",
        "cumulative": true
    },
    {
        "date": "2020-09-11T15:26:26Z",
        "value": "397442.0379714966",
        "cumulative": true
    },
    {
        "date": "2020-09-11T15:26:39Z",
        "value": "400533.9763946533",
        "cumulative": true
    },
    {
        "date": "2020-09-11T15:26:51Z",
        "value": "403031.0618095398",
        "cumulative": true
    },
    {
        "date": "2020-09-11T15:27:01Z",
        "value": "405269.9620323181",
        "cumulative": true
    },
    {
        "date": "2020-09-11T15:27:21Z",
        "value": "409540.16907691956",
        "cumulative": true
    },
    {
        "date": "2020-09-11T15:27:40Z",
        "value": "413608.96091270447",
        "cumulative": true
    },
    {
        "date": "2020-09-11T15:27:57Z",
        "value": "416996.3940925598",
        "cumulative": true
    },
    {
        "date": "2020-09-11T15:28:07Z",
        "value": "419039.90008735657",
        "cumulative": true
    },
    {
        "date": "2020-09-11T15:28:20Z",
        "value": "422190.18517684937",
        "cumulative": true
    },
    {
        "date": "2020-09-11T15:28:39Z",
        "value": "426271.33894348145",
        "cumulative": true
    },
    {
        "date": "2020-09-11T15:28:52Z",
        "value": "429108.12786865234",
        "cumulative": true
    },
    {
        "date": "2020-09-11T15:29:07Z",
        "value": "432259.4999771118",
        "cumulative": true
    },
    {
        "date": "2020-09-11T15:29:26Z",
        "value": "436589.1948337555",
        "cumulative": true
    },
    {
        "date": "2020-09-11T15:29:45Z",
        "value": "440702.3228034973",
        "cumulative": true
    },
    {
        "date": "2020-09-11T15:30:02Z",
        "value": "444392.42807769775",
        "cumulative": true
    },
    {
        "date": "2020-09-11T15:30:21Z",
        "value": "448389.852104187",
        "cumulative": true
    },
    {
        "date": "2020-09-11T15:30:37Z",
        "value": "452097.16199302673",
        "cumulative": true
    },
    {
        "date": "2020-09-11T15:30:53Z",
        "value": "454239.6090335846",
        "cumulative": true
    },
    {
        "date": "2020-09-11T15:31:06Z",
        "value": "455019.13660240173",
        "cumulative": true
    },
    {
        "date": "2020-09-11T15:31:20Z",
        "value": "455977.1677055359",
        "cumulative": true
    },
    {
        "date": "2020-09-11T15:31:36Z",
        "value": "457053.03275871277",
        "cumulative": true
    },
    {
        "date": "2020-09-11T15:31:52Z",
        "value": "458277.314371109",
        "cumulative": true
    },
    {
        "date": "2020-09-11T15:32:12Z",
        "value": "459622.6059474945",
        "cumulative": true
    },
    {
        "date": "2020-09-11T15:32:30Z",
        "value": "460774.16210365295",
        "cumulative": true
    },
    {
        "date": "2020-09-11T15:32:45Z",
        "value": "461846.90964508057",
        "cumulative": true
    },
    {
        "date": "2020-09-11T15:32:59Z",
        "value": "462790.41278266907",
        "cumulative": true
    },
    {
        "date": "2020-09-11T15:33:12Z",
        "value": "463697.56324005127",
        "cumulative": true
    },
    {
        "date": "2020-09-11T15:33:27Z",
        "value": "464670.4662799835",
        "cumulative": true
    },
    {
        "date": "2020-09-11T15:33:38Z",
        "value": "465410.45701408386",
        "cumulative": true
    },
    {
        "date": "2020-09-11T15:33:55Z",
        "value": "466687.2555580139",
        "cumulative": true
    },
    {
        "date": "2020-09-11T15:34:08Z",
        "value": "467474.9642791748",
        "cumulative": true
    },
    {
        "date": "2020-09-11T15:34:21Z",
        "value": "468384.84862709045",
        "cumulative": true
    },
    {
        "date": "2020-09-11T15:34:38Z",
        "value": "469496.42279434204",
        "cumulative": true
    },
    {
        "date": "2020-09-11T15:34:50Z",
        "value": "470399.45108795166",
        "cumulative": true
    },
    {
        "date": "2020-09-11T15:35:04Z",
        "value": "471229.09054374695",
        "cumulative": true
    },
    {
        "date": "2020-09-11T15:35:16Z",
        "value": "472100.7437553406",
        "cumulative": true
    },
    {
        "date": "2020-09-11T15:35:35Z",
        "value": "473434.9295940399",
        "cumulative": true
    },
    {
        "date": "2020-09-11T15:35:48Z",
        "value": "474264.2970428467",
        "cumulative": true
    },
    {
        "date": "2020-09-11T15:36:03Z",
        "value": "475410.6086368561",
        "cumulative": true
    },
    {
        "date": "2020-09-11T15:36:19Z",
        "value": "476464.5898132324",
        "cumulative": true
    },
    {
        "date": "2020-09-11T15:36:30Z",
        "value": "477136.50953674316",
        "cumulative": true
    },
    {
        "date": "2020-09-11T15:36:44Z",
        "value": "478146.85211372375",
        "cumulative": true
    },
    {
        "date": "2020-09-11T15:36:54Z",
        "value": "478821.6249408722",
        "cumulative": true
    },
    {
        "date": "2020-09-11T15:37:07Z",
        "value": "479656.66547203064",
        "cumulative": true
    },
    {
        "date": "2020-09-11T15:37:27Z",
        "value": "481056.30816841125",
        "cumulative": true
    },
    {
        "date": "2020-09-11T15:37:38Z",
        "value": "481852.040561676",
        "cumulative": true
    },
    {
        "date": "2020-09-11T15:37:52Z",
        "value": "482742.3351249695",
        "cumulative": true
    },
    {
        "date": "2020-09-11T15:38:06Z",
        "value": "483670.6206665039",
        "cumulative": true
    },
    {
        "date": "2020-09-11T15:38:20Z",
        "value": "484608.38865852356",
        "cumulative": true
    },
    {
        "date": "2020-09-11T15:38:36Z",
        "value": "485663.0989704132",
        "cumulative": true
    },
    {
        "date": "2020-09-11T15:38:54Z",
        "value": "486906.5938873291",
        "cumulative": true
    }
]