[
    {
        "date": "2020-09-11T14:32:44Z",
        "value": "0.0",
        "cumulative": false
    },
    {
        "date": "2020-09-11T14:33:02Z",
        "value": "0.748181881",
        "cumulative": false
    },
    {
        "date": "2020-09-11T14:33:19Z",
        "value": "0.925892826",
        "cumulative": false
    },
    {
        "date": "2020-09-11T14:33:33Z",
        "value": "1.437350853",
        "cumulative": false
    },
    {
        "date": "2020-09-11T14:33:51Z",
        "value": "1.159619843",
        "cumulative": false
    },
    {
        "date": "2020-09-11T14:34:01Z",
        "value": "0.816877201",
        "cumulative": false
    },
    {
        "date": "2020-09-11T14:34:20Z",
        "value": "0.918974524",
        "cumulative": false
    },
    {
        "date": "2020-09-11T14:34:36Z",
        "value": "0.82628946",
        "cumulative": false
    },
    {
        "date": "2020-09-11T14:34:53Z",
        "value": "0.832428131",
        "cumulative": false
    },
    {
        "date": "2020-09-11T14:35:03Z",
        "value": "1.04921218",
        "cumulative": false
    },
    {
        "date": "2020-09-11T14:35:15Z",
        "value": "0.630054997",
        "cumulative": false
    },
    {
        "date": "2020-09-11T14:35:34Z",
        "value": "0.95309046",
        "cumulative": false
    },
    {
        "date": "2020-09-11T14:35:48Z",
        "value": "0.738435877",
        "cumulative": false
    },
    {
        "date": "2020-09-11T14:36:05Z",
        "value": "0.932023203",
        "cumulative": false
    },
    {
        "date": "2020-09-11T14:36:17Z",
        "value": "0.542846871",
        "cumulative": false
    },
    {
        "date": "2020-09-11T14:36:29Z",
        "value": "1.050743337",
        "cumulative": false
    },
    {
        "date": "2020-09-11T14:36:45Z",
        "value": "0.897048287",
        "cumulative": false
    },
    {
        "date": "2020-09-11T14:36:58Z",
        "value": "0.497564395",
        "cumulative": false
    },
    {
        "date": "2020-09-11T14:37:09Z",
        "value": "0.960497595",
        "cumulative": false
    },
    {
        "date": "2020-09-11T14:37:28Z",
        "value": "0.994010618",
        "cumulative": false
    },
    {
        "date": "2020-09-11T14:37:39Z",
        "value": "0.550205779",
        "cumulative": false
    },
    {
        "date": "2020-09-11T14:37:52Z",
        "value": "0.496253677",
        "cumulative": false
    },
    {
        "date": "2020-09-11T14:38:11Z",
        "value": "0.982820279",
        "cumulative": false
    },
    {
        "date": "2020-09-11T14:38:25Z",
        "value": "0.988268304",
        "cumulative": false
    },
    {
        "date": "2020-09-11T14:38:37Z",
        "value": "0.670302775",
        "cumulative": false
    },
    {
        "date": "2020-09-11T14:38:48Z",
        "value": "0.568005406",
        "cumulative": false
    },
    {
        "date": "2020-09-11T14:39:06Z",
        "value": "0.695313659",
        "cumulative": false
    },
    {
        "date": "2020-09-11T14:39:25Z",
        "value": "0.987891468",
        "cumulative": false
    },
    {
        "date": "2020-09-11T14:39:43Z",
        "value": "1.003753338",
        "cumulative": false
    },
    {
        "date": "2020-09-11T14:39:56Z",
        "value": "0.745167302",
        "cumulative": false
    },
    {
        "date": "2020-09-11T14:40:12Z",
        "value": "0.586987769",
        "cumulative": false
    },
    {
        "date": "2020-09-11T14:40:31Z",
        "value": "0.624747274",
        "cumulative": false
    },
    {
        "date": "2020-09-11T14:40:43Z",
        "value": "0.981814234",
        "cumulative": false
    },
    {
        "date": "2020-09-11T14:40:57Z",
        "value": "0.978049272",
        "cumulative": false
    },
    {
        "date": "2020-09-11T14:41:17Z",
        "value": "0.968695653",
        "cumulative": false
    },
    {
        "date": "2020-09-11T14:41:31Z",
        "value": "0.912550733",
        "cumulative": false
    },
    {
        "date": "2020-09-11T14:41:43Z",
        "value": "0.546716304",
        "cumulative": false
    },
    {
        "date": "2020-09-11T14:42:01Z",
        "value": "0.515484613",
        "cumulative": false
    },
    {
        "date": "2020-09-11T14:42:19Z",
        "value": "0.574561879",
        "cumulative": false
    },
    {
        "date": "2020-09-11T14:42:35Z",
        "value": "0.890671656",
        "cumulative": false
    },
    {
        "date": "2020-09-11T14:42:51Z",
        "value": "0.979442526",
        "cumulative": false
    },
    {
        "date": "2020-09-11T14:43:02Z",
        "value": "0.996465923",
        "cumulative": false
    },
    {
        "date": "2020-09-11T14:43:17Z",
        "value": "0.979352582",
        "cumulative": false
    },
    {
        "date": "2020-09-11T14:43:37Z",
        "value": "0.959690851",
        "cumulative": false
    },
    {
        "date": "2020-09-11T14:43:55Z",
        "value": "0.617711551",
        "cumulative": false
    },
    {
        "date": "2020-09-11T14:44:07Z",
        "value": "0.582916091",
        "cumulative": false
    },
    {
        "date": "2020-09-11T14:44:19Z",
        "value": "0.555171273",
        "cumulative": false
    },
    {
        "date": "2020-09-11T14:44:35Z",
        "value": "0.556347419",
        "cumulative": false
    },
    {
        "date": "2020-09-11T14:44:51Z",
        "value": "0.834910262",
        "cumulative": false
    },
    {
        "date": "2020-09-11T14:45:10Z",
        "value": "0.958725311",
        "cumulative": false
    },
    {
        "date": "2020-09-11T14:45:20Z",
        "value": "0.963119875",
        "cumulative": false
    },
    {
        "date": "2020-09-11T14:45:38Z",
        "value": "0.948151212",
        "cumulative": false
    },
    {
        "date": "2020-09-11T14:45:52Z",
        "value": "0.956764493",
        "cumulative": false
    },
    {
        "date": "2020-09-11T14:46:06Z",
        "value": "0.965122916",
        "cumulative": false
    },
    {
        "date": "2020-09-11T14:46:20Z",
        "value": "0.989016548",
        "cumulative": false
    },
    {
        "date": "2020-09-11T14:46:36Z",
        "value": "0.595472838",
        "cumulative": false
    },
    {
        "date": "2020-09-11T14:46:50Z",
        "value": "0.531697624",
        "cumulative": false
    },
    {
        "date": "2020-09-11T14:47:00Z",
        "value": "0.551709075",
        "cumulative": false
    },
    {
        "date": "2020-09-11T14:47:16Z",
        "value": "0.55581403",
        "cumulative": false
    },
    {
        "date": "2020-09-11T14:47:27Z",
        "value": "0.618006788",
        "cumulative": false
    },
    {
        "date": "2020-09-11T14:47:43Z",
        "value": "0.650869723",
        "cumulative": false
    },
    {
        "date": "2020-09-11T14:47:57Z",
        "value": "0.971789175",
        "cumulative": false
    },
    {
        "date": "2020-09-11T14:48:12Z",
        "value": "0.935324896",
        "cumulative": false
    },
    {
        "date": "2020-09-11T14:48:23Z",
        "value": "0.960832268",
        "cumulative": false
    },
    {
        "date": "2020-09-11T14:48:40Z",
        "value": "0.951055826",
        "cumulative": false
    },
    {
        "date": "2020-09-11T14:48:57Z",
        "value": "0.938848145",
        "cumulative": false
    },
    {
        "date": "2020-09-11T14:49:10Z",
        "value": "0.920387394",
        "cumulative": false
    },
    {
        "date": "2020-09-11T14:49:29Z",
        "value": "0.951084344",
        "cumulative": false
    },
    {
        "date": "2020-09-11T14:49:43Z",
        "value": "0.938832422",
        "cumulative": false
    },
    {
        "date": "2020-09-11T14:49:54Z",
        "value": "0.717778541",
        "cumulative": false
    },
    {
        "date": "2020-09-11T14:50:05Z",
        "value": "0.541111457",
        "cumulative": false
    },
    {
        "date": "2020-09-11T14:50:25Z",
        "value": "0.540000518",
        "cumulative": false
    },
    {
        "date": "2020-09-11T14:50:37Z",
        "value": "0.54085791",
        "cumulative": false
    },
    {
        "date": "2020-09-11T14:50:54Z",
        "value": "0.52883597",
        "cumulative": false
    },
    {
        "date": "2020-09-11T14:51:11Z",
        "value": "0.570672173",
        "cumulative": false
    },
    {
        "date": "2020-09-11T14:51:30Z",
        "value": "0.586355613",
        "cumulative": false
    },
    {
        "date": "2020-09-11T14:51:46Z",
        "value": "0.96244882",
        "cumulative": false
    },
    {
        "date": "2020-09-11T14:52:00Z",
        "value": "0.956204545",
        "cumulative": false
    },
    {
        "date": "2020-09-11T14:52:13Z",
        "value": "0.933948663",
        "cumulative": false
    },
    {
        "date": "2020-09-11T14:52:26Z",
        "value": "0.976668155",
        "cumulative": false
    },
    {
        "date": "2020-09-11T14:52:44Z",
        "value": "0.932349708",
        "cumulative": false
    },
    {
        "date": "2020-09-11T14:52:55Z",
        "value": "0.939743863",
        "cumulative": false
    },
    {
        "date": "2020-09-11T14:53:10Z",
        "value": "0.950176023",
        "cumulative": false
    },
    {
        "date": "2020-09-11T14:53:28Z",
        "value": "0.942329827",
        "cumulative": false
    },
    {
        "date": "2020-09-11T14:53:41Z",
        "value": "0.948155046",
        "cumulative": false
    },
    {
        "date": "2020-09-11T14:53:55Z",
        "value": "0.914523644",
        "cumulative": false
    },
    {
        "date": "2020-09-11T14:54:13Z",
        "value": "0.845293071",
        "cumulative": false
    },
    {
        "date": "2020-09-11T14:54:25Z",
        "value": "0.559961769",
        "cumulative": false
    },
    {
        "date": "2020-09-11T14:54:38Z",
        "value": "0.626440206",
        "cumulative": false
    },
    {
        "date": "2020-09-11T14:54:55Z",
        "value": "0.551732946",
        "cumulative": false
    },
    {
        "date": "2020-09-11T14:55:08Z",
        "value": "0.553382918",
        "cumulative": false
    },
    {
        "date": "2020-09-11T14:55:27Z",
        "value": "0.570224558",
        "cumulative": false
    },
    {
        "date": "2020-09-11T14:55:41Z",
        "value": "0.541636131",
        "cumulative": false
    },
    {
        "date": "2020-09-11T14:55:58Z",
        "value": "0.551389204",
        "cumulative": false
    },
    {
        "date": "2020-09-11T14:56:11Z",
        "value": "0.539318182",
        "cumulative": false
    },
    {
        "date": "2020-09-11T14:56:27Z",
        "value": "0.854666967",
        "cumulative": false
    },
    {
        "date": "2020-09-11T14:56:43Z",
        "value": "0.975581023",
        "cumulative": false
    },
    {
        "date": "2020-09-11T14:56:55Z",
        "value": "0.950131602",
        "cumulative": false
    },
    {
        "date": "2020-09-11T14:57:05Z",
        "value": "0.950409896",
        "cumulative": false
    },
    {
        "date": "2020-09-11T14:57:21Z",
        "value": "0.917234827",
        "cumulative": false
    },
    {
        "date": "2020-09-11T14:57:35Z",
        "value": "0.942812185",
        "cumulative": false
    },
    {
        "date": "2020-09-11T14:57:45Z",
        "value": "0.918356784",
        "cumulative": false
    },
    {
        "date": "2020-09-11T14:58:01Z",
        "value": "0.956517293",
        "cumulative": false
    },
    {
        "date": "2020-09-11T14:58:11Z",
        "value": "0.95243723",
        "cumulative": false
    },
    {
        "date": "2020-09-11T14:58:28Z",
        "value": "0.905859667",
        "cumulative": false
    },
    {
        "date": "2020-09-11T14:58:43Z",
        "value": "0.952855593",
        "cumulative": false
    },
    {
        "date": "2020-09-11T14:58:53Z",
        "value": "0.941853097",
        "cumulative": false
    },
    {
        "date": "2020-09-11T14:59:03Z",
        "value": "0.931657718",
        "cumulative": false
    },
    {
        "date": "2020-09-11T14:59:21Z",
        "value": "0.935147296",
        "cumulative": false
    },
    {
        "date": "2020-09-11T14:59:33Z",
        "value": "0.971913239",
        "cumulative": false
    },
    {
        "date": "2020-09-11T14:59:52Z",
        "value": "0.574320313",
        "cumulative": false
    },
    {
        "date": "2020-09-11T15:00:02Z",
        "value": "0.572063256",
        "cumulative": false
    },
    {
        "date": "2020-09-11T15:00:19Z",
        "value": "0.544617068",
        "cumulative": false
    },
    {
        "date": "2020-09-11T15:00:31Z",
        "value": "0.560303884",
        "cumulative": false
    },
    {
        "date": "2020-09-11T15:00:44Z",
        "value": "0.540287317",
        "cumulative": false
    },
    {
        "date": "2020-09-11T15:00:56Z",
        "value": "0.557654013",
        "cumulative": false
    },
    {
        "date": "2020-09-11T15:01:07Z",
        "value": "0.550191053",
        "cumulative": false
    },
    {
        "date": "2020-09-11T15:01:27Z",
        "value": "0.556741387",
        "cumulative": false
    },
    {
        "date": "2020-09-11T15:01:38Z",
        "value": "0.531199773",
        "cumulative": false
    },
    {
        "date": "2020-09-11T15:01:53Z",
        "value": "0.509674735",
        "cumulative": false
    },
    {
        "date": "2020-09-11T15:02:06Z",
        "value": "0.556116272",
        "cumulative": false
    },
    {
        "date": "2020-09-11T15:02:22Z",
        "value": "0.875645825",
        "cumulative": false
    },
    {
        "date": "2020-09-11T15:02:34Z",
        "value": "0.906630849",
        "cumulative": false
    },
    {
        "date": "2020-09-11T15:02:48Z",
        "value": "0.942156079",
        "cumulative": false
    },
    {
        "date": "2020-09-11T15:03:04Z",
        "value": "0.947956145",
        "cumulative": false
    },
    {
        "date": "2020-09-11T15:03:19Z",
        "value": "0.897087375",
        "cumulative": false
    },
    {
        "date": "2020-09-11T15:03:31Z",
        "value": "0.946677066",
        "cumulative": false
    },
    {
        "date": "2020-09-11T15:03:49Z",
        "value": "0.950933812",
        "cumulative": false
    },
    {
        "date": "2020-09-11T15:04:08Z",
        "value": "0.941373618",
        "cumulative": false
    },
    {
        "date": "2020-09-11T15:04:21Z",
        "value": "0.952732206",
        "cumulative": false
    },
    {
        "date": "2020-09-11T15:04:34Z",
        "value": "0.842899513",
        "cumulative": false
    },
    {
        "date": "2020-09-11T15:04:49Z",
        "value": "0.939164699",
        "cumulative": false
    },
    {
        "date": "2020-09-11T15:05:02Z",
        "value": "0.960691288",
        "cumulative": false
    },
    {
        "date": "2020-09-11T15:05:12Z",
        "value": "0.954836985",
        "cumulative": false
    },
    {
        "date": "2020-09-11T15:05:24Z",
        "value": "0.94340017",
        "cumulative": false
    },
    {
        "date": "2020-09-11T15:05:41Z",
        "value": "0.958543",
        "cumulative": false
    },
    {
        "date": "2020-09-11T15:05:53Z",
        "value": "0.875402016",
        "cumulative": false
    },
    {
        "date": "2020-09-11T15:06:06Z",
        "value": "0.924150221",
        "cumulative": false
    },
    {
        "date": "2020-09-11T15:06:23Z",
        "value": "0.913149637",
        "cumulative": false
    },
    {
        "date": "2020-09-11T15:06:38Z",
        "value": "0.569622698",
        "cumulative": false
    },
    {
        "date": "2020-09-11T15:06:53Z",
        "value": "0.579188503",
        "cumulative": false
    },
    {
        "date": "2020-09-11T15:07:07Z",
        "value": "0.552384606",
        "cumulative": false
    },
    {
        "date": "2020-09-11T15:07:18Z",
        "value": "0.542567815",
        "cumulative": false
    },
    {
        "date": "2020-09-11T15:07:34Z",
        "value": "0.564898991",
        "cumulative": false
    },
    {
        "date": "2020-09-11T15:07:44Z",
        "value": "0.552016738",
        "cumulative": false
    },
    {
        "date": "2020-09-11T15:07:58Z",
        "value": "0.541255718",
        "cumulative": false
    },
    {
        "date": "2020-09-11T15:08:16Z",
        "value": "0.537049505",
        "cumulative": false
    },
    {
        "date": "2020-09-11T15:08:32Z",
        "value": "0.571326285",
        "cumulative": false
    },
    {
        "date": "2020-09-11T15:08:43Z",
        "value": "0.519352576",
        "cumulative": false
    },
    {
        "date": "2020-09-11T15:08:57Z",
        "value": "0.524693386",
        "cumulative": false
    },
    {
        "date": "2020-09-11T15:09:09Z",
        "value": "0.549406365",
        "cumulative": false
    },
    {
        "date": "2020-09-11T15:09:22Z",
        "value": "0.60471121",
        "cumulative": false
    },
    {
        "date": "2020-09-11T15:09:38Z",
        "value": "0.574656289",
        "cumulative": false
    },
    {
        "date": "2020-09-11T15:09:54Z",
        "value": "0.958991628",
        "cumulative": false
    },
    {
        "date": "2020-09-11T15:10:11Z",
        "value": "0.971075455",
        "cumulative": false
    },
    {
        "date": "2020-09-11T15:10:25Z",
        "value": "0.966816966",
        "cumulative": false
    },
    {
        "date": "2020-09-11T15:10:37Z",
        "value": "0.892927182",
        "cumulative": false
    },
    {
        "date": "2020-09-11T15:10:54Z",
        "value": "0.926985291",
        "cumulative": false
    },
    {
        "date": "2020-09-11T15:11:08Z",
        "value": "0.924196619",
        "cumulative": false
    },
    {
        "date": "2020-09-11T15:11:23Z",
        "value": "0.961212203",
        "cumulative": false
    },
    {
        "date": "2020-09-11T15:11:40Z",
        "value": "0.928187059",
        "cumulative": false
    },
    {
        "date": "2020-09-11T15:11:51Z",
        "value": "0.93952372",
        "cumulative": false
    },
    {
        "date": "2020-09-11T15:12:07Z",
        "value": "0.943313727",
        "cumulative": false
    },
    {
        "date": "2020-09-11T15:12:23Z",
        "value": "0.935293623",
        "cumulative": false
    },
    {
        "date": "2020-09-11T15:12:43Z",
        "value": "0.906396913",
        "cumulative": false
    },
    {
        "date": "2020-09-11T15:12:59Z",
        "value": "0.89148016",
        "cumulative": false
    },
    {
        "date": "2020-09-11T15:13:10Z",
        "value": "0.965262752",
        "cumulative": false
    },
    {
        "date": "2020-09-11T15:13:29Z",
        "value": "0.9467619",
        "cumulative": false
    },
    {
        "date": "2020-09-11T15:13:47Z",
        "value": "0.94844329",
        "cumulative": false
    },
    {
        "date": "2020-09-11T15:14:07Z",
        "value": "0.953915007",
        "cumulative": false
    },
    {
        "date": "2020-09-11T15:14:19Z",
        "value": "0.939161547",
        "cumulative": false
    },
    {
        "date": "2020-09-11T15:14:34Z",
        "value": "0.962398011",
        "cumulative": false
    },
    {
        "date": "2020-09-11T15:14:49Z",
        "value": "0.956868509",
        "cumulative": false
    },
    {
        "date": "2020-09-11T15:15:08Z",
        "value": "0.539110564",
        "cumulative": false
    },
    {
        "date": "2020-09-11T15:15:21Z",
        "value": "0.518887387",
        "cumulative": false
    },
    {
        "date": "2020-09-11T15:15:33Z",
        "value": "0.554090526",
        "cumulative": false
    },
    {
        "date": "2020-09-11T15:15:49Z",
        "value": "0.566996328",
        "cumulative": false
    },
    {
        "date": "2020-09-11T15:16:07Z",
        "value": "0.506026367",
        "cumulative": false
    },
    {
        "date": "2020-09-11T15:16:22Z",
        "value": "0.545102891",
        "cumulative": false
    },
    {
        "date": "2020-09-11T15:16:36Z",
        "value": "0.537557949",
        "cumulative": false
    },
    {
        "date": "2020-09-11T15:16:49Z",
        "value": "0.525948691",
        "cumulative": false
    },
    {
        "date": "2020-09-11T15:17:07Z",
        "value": "0.558605208",
        "cumulative": false
    },
    {
        "date": "2020-09-11T15:17:23Z",
        "value": "0.540658915",
        "cumulative": false
    },
    {
        "date": "2020-09-11T15:17:40Z",
        "value": "0.522430594",
        "cumulative": false
    },
    {
        "date": "2020-09-11T15:17:55Z",
        "value": "0.499351796",
        "cumulative": false
    },
    {
        "date": "2020-09-11T15:18:05Z",
        "value": "0.55535095",
        "cumulative": false
    },
    {
        "date": "2020-09-11T15:18:21Z",
        "value": "0.584466983",
        "cumulative": false
    },
    {
        "date": "2020-09-11T15:18:37Z",
        "value": "0.520476521",
        "cumulative": false
    },
    {
        "date": "2020-09-11T15:18:57Z",
        "value": "0.615177052",
        "cumulative": false
    },
    {
        "date": "2020-09-11T15:19:08Z",
        "value": "0.917017908",
        "cumulative": false
    },
    {
        "date": "2020-09-11T15:19:22Z",
        "value": "0.959447747",
        "cumulative": false
    },
    {
        "date": "2020-09-11T15:19:40Z",
        "value": "0.942082041",
        "cumulative": false
    },
    {
        "date": "2020-09-11T15:19:57Z",
        "value": "0.944069085",
        "cumulative": false
    },
    {
        "date": "2020-09-11T15:20:08Z",
        "value": "0.906441207",
        "cumulative": false
    },
    {
        "date": "2020-09-11T15:20:23Z",
        "value": "0.895061849",
        "cumulative": false
    },
    {
        "date": "2020-09-11T15:20:39Z",
        "value": "0.964316694",
        "cumulative": false
    },
    {
        "date": "2020-09-11T15:20:50Z",
        "value": "0.964525962",
        "cumulative": false
    },
    {
        "date": "2020-09-11T15:21:01Z",
        "value": "0.968716388",
        "cumulative": false
    },
    {
        "date": "2020-09-11T15:21:21Z",
        "value": "0.968776649",
        "cumulative": false
    },
    {
        "date": "2020-09-11T15:21:32Z",
        "value": "0.969334035",
        "cumulative": false
    },
    {
        "date": "2020-09-11T15:21:50Z",
        "value": "0.933354979",
        "cumulative": false
    },
    {
        "date": "2020-09-11T15:22:04Z",
        "value": "0.935240319",
        "cumulative": false
    },
    {
        "date": "2020-09-11T15:22:23Z",
        "value": "0.948640225",
        "cumulative": false
    },
    {
        "date": "2020-09-11T15:22:37Z",
        "value": "0.94901016",
        "cumulative": false
    },
    {
        "date": "2020-09-11T15:22:50Z",
        "value": "0.964682141",
        "cumulative": false
    },
    {
        "date": "2020-09-11T15:23:00Z",
        "value": "0.984574144",
        "cumulative": false
    },
    {
        "date": "2020-09-11T15:23:16Z",
        "value": "0.956358657",
        "cumulative": false
    },
    {
        "date": "2020-09-11T15:23:26Z",
        "value": "0.92816889",
        "cumulative": false
    },
    {
        "date": "2020-09-11T15:23:39Z",
        "value": "0.972280694",
        "cumulative": false
    },
    {
        "date": "2020-09-11T15:23:50Z",
        "value": "0.944625952",
        "cumulative": false
    },
    {
        "date": "2020-09-11T15:24:07Z",
        "value": "0.97169524",
        "cumulative": false
    },
    {
        "date": "2020-09-11T15:24:24Z",
        "value": "0.972129108",
        "cumulative": false
    },
    {
        "date": "2020-09-11T15:24:43Z",
        "value": "0.944796868",
        "cumulative": false
    },
    {
        "date": "2020-09-11T15:24:57Z",
        "value": "0.968418992",
        "cumulative": false
    },
    {
        "date": "2020-09-11T15:25:08Z",
        "value": "0.960075447",
        "cumulative": false
    },
    {
        "date": "2020-09-11T15:25:25Z",
        "value": "0.954308635",
        "cumulative": false
    },
    {
        "date": "2020-09-11T15:25:40Z",
        "value": "0.818157929",
        "cumulative": false
    },
    {
        "date": "2020-09-11T15:26:00Z",
        "value": "0.608230774",
        "cumulative": false
    },
    {
        "date": "2020-09-11T15:26:19Z",
        "value": "0.603808892",
        "cumulative": false
    },
    {
        "date": "2020-09-11T15:26:37Z",
        "value": "0.550101512",
        "cumulative": false
    },
    {
        "date": "2020-09-11T15:26:50Z",
        "value": "0.620094905",
        "cumulative": false
    },
    {
        "date": "2020-09-11T15:27:03Z",
        "value": "0.55140775",
        "cumulative": false
    },
    {
        "date": "2020-09-11T15:27:22Z",
        "value": "0.541791286",
        "cumulative": false
    },
    {
        "date": "2020-09-11T15:27:40Z",
        "value": "0.499019478",
        "cumulative": false
    },
    {
        "date": "2020-09-11T15:27:55Z",
        "value": "0.507790557",
        "cumulative": false
    },
    {
        "date": "2020-09-11T15:28:07Z",
        "value": "0.544651662",
        "cumulative": false
    },
    {
        "date": "2020-09-11T15:28:20Z",
        "value": "0.547438791",
        "cumulative": false
    },
    {
        "date": "2020-09-11T15:28:38Z",
        "value": "0.562798507",
        "cumulative": false
    },
    {
        "date": "2020-09-11T15:28:48Z",
        "value": "0.527087305",
        "cumulative": false
    },
    {
        "date": "2020-09-11T15:28:58Z",
        "value": "0.52057288",
        "cumulative": false
    },
    {
        "date": "2020-09-11T15:29:15Z",
        "value": "0.55359173",
        "cumulative": false
    },
    {
        "date": "2020-09-11T15:29:29Z",
        "value": "0.533265577",
        "cumulative": false
    },
    {
        "date": "2020-09-11T15:29:47Z",
        "value": "0.545794625",
        "cumulative": false
    },
    {
        "date": "2020-09-11T15:30:04Z",
        "value": "0.561959089",
        "cumulative": false
    },
    {
        "date": "2020-09-11T15:30:17Z",
        "value": "0.519384236",
        "cumulative": false
    },
    {
        "date": "2020-09-11T15:30:32Z",
        "value": "0.579432075",
        "cumulative": false
    },
    {
        "date": "2020-09-11T15:30:48Z",
        "value": "0.680509615",
        "cumulative": false
    },
    {
        "date": "2020-09-11T15:30:59Z",
        "value": "0.907416766",
        "cumulative": false
    },
    {
        "date": "2020-09-11T15:31:09Z",
        "value": "0.965270881",
        "cumulative": false
    },
    {
        "date": "2020-09-11T15:31:21Z",
        "value": "0.944815654",
        "cumulative": false
    },
    {
        "date": "2020-09-11T15:31:39Z",
        "value": "0.960664032",
        "cumulative": false
    },
    {
        "date": "2020-09-11T15:31:54Z",
        "value": "0.958332972",
        "cumulative": false
    },
    {
        "date": "2020-09-11T15:32:12Z",
        "value": "0.922010948",
        "cumulative": false
    },
    {
        "date": "2020-09-11T15:32:31Z",
        "value": "0.959766167",
        "cumulative": false
    },
    {
        "date": "2020-09-11T15:32:50Z",
        "value": "0.968192426",
        "cumulative": false
    },
    {
        "date": "2020-09-11T15:33:00Z",
        "value": "0.948911631",
        "cumulative": false
    },
    {
        "date": "2020-09-11T15:33:19Z",
        "value": "0.958727986",
        "cumulative": false
    },
    {
        "date": "2020-09-11T15:33:33Z",
        "value": "0.955215343",
        "cumulative": false
    },
    {
        "date": "2020-09-11T15:33:52Z",
        "value": "0.937923545",
        "cumulative": false
    },
    {
        "date": "2020-09-11T15:34:11Z",
        "value": "0.973302113",
        "cumulative": false
    },
    {
        "date": "2020-09-11T15:34:31Z",
        "value": "0.903414865",
        "cumulative": false
    },
    {
        "date": "2020-09-11T15:34:49Z",
        "value": "0.975444143",
        "cumulative": false
    },
    {
        "date": "2020-09-11T15:35:06Z",
        "value": "0.914046468",
        "cumulative": false
    },
    {
        "date": "2020-09-11T15:35:25Z",
        "value": "0.956360596",
        "cumulative": false
    },
    {
        "date": "2020-09-11T15:35:43Z",
        "value": "0.954383606",
        "cumulative": false
    },
    {
        "date": "2020-09-11T15:35:54Z",
        "value": "0.944433835",
        "cumulative": false
    },
    {
        "date": "2020-09-11T15:36:06Z",
        "value": "0.954748352",
        "cumulative": false
    },
    {
        "date": "2020-09-11T15:36:19Z",
        "value": "0.923134975",
        "cumulative": false
    },
    {
        "date": "2020-09-11T15:36:30Z",
        "value": "0.949624222",
        "cumulative": false
    },
    {
        "date": "2020-09-11T15:36:45Z",
        "value": "0.952340695",
        "cumulative": false
    },
    {
        "date": "2020-09-11T15:36:59Z",
        "value": "0.963617137",
        "cumulative": false
    },
    {
        "date": "2020-09-11T15:37:15Z",
        "value": "0.978610019",
        "cumulative": false
    },
    {
        "date": "2020-09-11T15:37:25Z",
        "value": "0.951450989",
        "cumulative": false
    },
    {
        "date": "2020-09-11T15:37:41Z",
        "value": "0.943264343",
        "cumulative": false
    },
    {
        "date": "2020-09-11T15:37:59Z",
        "value": "0.916713967",
        "cumulative": false
    },
    {
        "date": "2020-09-11T15:38:16Z",
        "value": "0.948314261",
        "cumulative": false
    },
    {
        "date": "2020-09-11T15:38:31Z",
        "value": "0.952708487",
        "cumulative": false
    },
    {
        "date": "2020-09-11T15:38:49Z",
        "value": "0.932616643",
        "cumulative": false
    },
    {
        "date": "2020-09-11T15:39:05Z",
        "value": "0.520489751",
        "cumulative": false
    }
]